"id";"data_inversa";"dia_semana";"horario";"uf";"br";"km";"municipio";"causa_acidente";"tipo_acidente";"classificacao_acidente";"fase_dia";"sentido_via";"condicao_metereologica";"tipo_pista";"tracado_via";"uso_solo";"pessoas";"mortos";"feridos_leves";"feridos_graves";"ilesos";"ignorados";"feridos";"veiculos";"latitude";"longitude";"regional";"delegacia";"uop"
333584;2021-01-10;"domingo";"08:45:00";"MG";50;3;"ARAGUARI";"Chuva";"Saída de leito carroçável";"Com Vítimas Feridas";"Pleno dia";"Crescente";"Chuva";"Dupla";"Reta";"Não";1;0;1;0;0;0;1;1;-18,44503579;-48,0519047;"SPRF-MG";"DEL15-MG";"UOP02-DEL15-MG"
333616;2021-01-10;"domingo";"12:45:00";"PR";153;22,7;"JACAREZINHO";"Manobra de mudança de faixa";"Colisão lateral";"Com Vítimas Feridas";"Pleno dia";"Decrescente";"Nublado";"Simples";"Aclive";"Não";3;0;1;0;1;2;1;4;-23,17225028;-49,96840286;"SPRF-PR";"DEL07-PR";"UOP04-DEL07-PR"
333620;2021-01-10;"domingo";"18:40:00";"PR";277;327,5;"GUARAPUAVA";"Velocidade Incompatível";"Tombamento";"Com Vítimas Fatais";"Anoitecer";"Decrescente";"Nublado";"Simples";"Curva";"Não";1;1;0;0;0;0;0;1;-25,36773098;-51,34006619;"SPRF-PR";"DEL08-PR";"UOP01-DEL08-PR"
333629;2021-01-10;"domingo";"16:40:00";"SC";101;108,5;"PENHA";"Manobra de mudança de faixa";"Colisão lateral";"Sem Vítimas";"Pleno dia";"Decrescente";"Nublado";"Dupla";"Curva";"Não";4;0;0;0;3;2;0;5;-26,83078745;-48,69325697;"SPRF-SC";"DEL03-SC";"UOP02-DEL03-SC"
333636;2021-01-10;"domingo";"17:45:00";"SC";101;348,3;"JAGUARUNA";"Condutor deixou de manter distância do veículo da frente";"Colisão com objeto";"Com Vítimas Feridas";"Anoitecer";"Decrescente";"Céu Claro";"Múltipla";"Reta";"Não";3;0;1;0;2;0;1;2;-28,58391877;-49,04983521;"SPRF-SC";"DEL02-SC";"UOP01-DEL02-SC"
333644;2021-01-10;"domingo";"19:50:00";"SP";116;384,7;"MIRACATU";"Velocidade Incompatível";"Colisão transversal";"Com Vítimas Feridas";"Plena Noite";"Decrescente";"Chuva";"Simples";"Interseção de Vias";"Não";6;0;2;0;3;1;2;3;-24,24780677;-47,37000424;"SPRF-SP";"DEL04-SP";"UOP02-DEL04-SP"
333659;2021-01-10;"domingo";"20:48:00";"MA";222;673;"ACAILANDIA";"Acessar a via sem observar a presença dos outros veículos";"Colisão lateral mesmo sentido";"Com Vítimas Feridas";"Pleno dia";"Decrescente";"Céu Claro";"Simples";"Interseção de Vias";"Não";2;0;1;0;1;0;1;2;-4,92960481;-47,44590111;"SPRF-MA";"DEL04-MA";"UOP03-DEL04-MA"
333661;2021-01-10;"domingo";"18:00:00";"PR";376;391;"IMBAU";"Reação tardia ou ineficiente do condutor";"Saída de leito carroçável";"Com Vítimas Feridas";"Pleno dia";"Decrescente";"Céu Claro";"Dupla";"Curva";"Não";2;0;1;0;0;1;1;2;-24,53023946;-50,69807528;"SPRF-PR";"DEL03-PR";"UOP02-DEL03-PR"
333663;2021-01-10;"domingo";"20:40:00";"PR";376;432,4;"TIBAGI";"Ingestão de álcool pelo condutor";"Colisão lateral mesmo sentido";"Com Vítimas Fatais";"Plena Noite";"Crescente";"Nublado";"Dupla";"Reta";"Não";2;1;0;0;1;0;0;2;-24,75517151;-50,53453445;"SPRF-PR";"DEL03-PR";"UOP02-DEL03-PR"
333671;2021-01-10;"domingo";"21:20:00";"GO";40;11,3;"LUZIANIA";"Ingestão de álcool pelo condutor";"Colisão traseira";"Sem Vítimas";"Plena Noite";"Decrescente";"Céu Claro";"Dupla";"Reta";"Sim";6;0;0;0;6;0;0;2;-16,138336;-47,951644;"SPRF-DF";"DEL01-DF";"UOP01-DEL01-DF"
333678;2021-01-10;"domingo";"21:35:00";"PR";153;34,2;"SANTO ANTONIO DA PLATINA";"Ingestão de álcool pelo condutor";"Tombamento";"Sem Vítimas";"Plena Noite";"Crescente";"Céu Claro";"Simples";"Curva";"Não";2;0;0;0;1;1;0;2;-23,24053595;-50,03827052;"SPRF-PR";"DEL07-PR";"UOP04-DEL07-PR"
333679;2021-01-10;"domingo";"22:20:00";"AL";104;8,5;"SAO JOSE DA LAJE";"Demais falhas mecânicas ou elétricas";"Tombamento";"Com Vítimas Feridas";"Plena Noite";"Crescente";"Céu Claro";"Simples";"Curva";"Não";2;0;0;1;0;1;1;2;-8,96801326;-36,01644516;"SPRF-AL";"DEL01-AL";"UOP02-DEL01-AL"
333685;2021-01-10;"domingo";"21:37:00";"AL";101;8,8;"NOVO LINO";"Condutor deixou de manter distância do veículo da frente";"Colisão traseira";"Com Vítimas Feridas";"Plena Noite";"Decrescente";"Céu Claro";"Dupla";"Reta";"Não";2;0;0;1;1;0;1;2;-8,93716299;-35,65428449;"SPRF-AL";"DEL01-AL";"UOP02-DEL01-AL"
333692;2021-01-10;"domingo";"22:00:00";"MG";381;636;"SANTO ANTONIO DO AMPARO";"Velocidade Incompatível";"Tombamento";"Com Vítimas Feridas";"Plena Noite";"Crescente";"Nublado";"Dupla";"Curva";"Não";2;0;0;1;0;1;1;2;-20,86697786;-44,84156232;"SPRF-MG";"DEL04-MG";"UOP01-DEL04-MG"
333715;2021-01-11;"segunda-feira";"04:15:00";"GO";40;6,9;"VALPARAISO DE GOIAS";"Velocidade Incompatível";"Queda de ocupante de veículo";"Com Vítimas Feridas";"Plena Noite";"Decrescente";"Chuva";"Dupla";"Aclive;Reta";"Sim";2;0;0;1;1;0;1;2;-16,100814;-47,977351;"SPRF-DF";"DEL01-DF";"UOP01-DEL01-DF"
333717;2021-01-11;"segunda-feira";"02:30:00";"BA";116;351,9;"SERRINHA";"Reação tardia ou ineficiente do condutor";"Colisão transversal";"Com Vítimas Feridas";"Plena Noite";"Decrescente";"Céu Claro";"Simples";"Interseção de Vias";"Não";5;0;2;0;2;2;2;5;-11,60011202;-38,98482819;"SPRF-BA";"DEL02-BA";"UOP01-DEL02-BA"
333718;2021-01-10;"domingo";"19:15:00";"SC";470;122,6;"IBIRAMA";"Demais falhas mecânicas ou elétricas";"Saída de leito carroçável";"Sem Vítimas";"Plena Noite";"Crescente";"Nevoeiro/Neblina";"Simples";"Curva";"Não";2;0;0;0;1;1;0;2;-27,099888;-49,527679;"SPRF-SC";"DEL04-SC";"UOP02-DEL04-SC"
333722;2021-01-11;"segunda-feira";"04:20:00";"SP";116;44,3;"CANAS";"Ausência de reação do condutor";"Colisão traseira";"Com Vítimas Feridas";"Pleno dia";"Decrescente";"Garoa/Chuvisco";"Dupla";"Reta";"Não";4;0;1;0;2;1;1;3;-22,70287975;-45,03787617;"SPRF-SP";"DEL08-SP";"UOP02-DEL08-SP"
333723;2021-01-11;"segunda-feira";"06:30:00";"ES";262;79,9;"DOMINGOS MARTINS";"Condutor Dormindo";"Colisão frontal";"Com Vítimas Fatais";"Amanhecer";"Decrescente";"Céu Claro";"Simples";"Reta";"Não";7;1;0;3;2;1;3;4;-20,40937987;-40,93210421;"SPRF-ES";"DEL01-ES";"UOP02-DEL01-ES"
333725;2021-01-11;"segunda-feira";"04:40:00";"RO";319;63;"PORTO VELHO";"Acessar a via sem observar a presença dos outros veículos";"Colisão transversal";"Com Vítimas Feridas";"Plena Noite";"Decrescente";"Nublado";"Dupla";"Interseção de Vias";"Sim";3;0;0;1;1;2;1;4;-8,766685;-63,884052;"SPRF-RO";"DEL01-RO";"UOP01-DEL01-RO"
333726;2021-01-10;"domingo";"12:10:00";"PI";135;520;"GILBUES";"Pista Escorregadia";"Saída de leito carroçável";"Sem Vítimas";"Pleno dia";"Crescente";"Chuva";"Simples";"Ponte";"Não";2;0;0;0;1;1;0;2;-9,87522678;-45,34647447;"SPRF-PI";"DEL03-PI";"UOP02-DEL03-PI"
333732;2021-01-11;"segunda-feira";"06:00:00";"PB";101;94,7;"CONDE";"Velocidade Incompatível";"Colisão com objeto";"Com Vítimas Feridas";"Pleno dia";"Decrescente";"Chuva";"Dupla";"Curva";"Não";2;0;1;0;0;1;1;2;-7,21483297;-34,9117521;"SPRF-PB";"DEL01-PB";"UOP02-DEL01-PB"
333736;2021-01-11;"segunda-feira";"04:30:00";"RJ";116;222;"PIRAI";"Reação tardia ou ineficiente do condutor";"Colisão lateral";"Sem Vítimas";"Amanhecer";"Decrescente";"Céu Claro";"Simples";"Curva";"Não";3;0;0;0;2;2;0;4;-22,68167294;-43,8245219;"SPRF-RJ";"DEL07-RJ";"UOP01-DEL07-RJ"
333740;2021-01-11;"segunda-feira";"07:20:00";"CE";116;18;"EUSEBIO";"Velocidade Incompatível";"Engavetamento";"Com Vítimas Feridas";"Pleno dia";"Decrescente";"Sol";"Dupla";"Reta";"Não";6;0;1;0;5;0;1;5;-3,90496605;-38,50518756;"SPRF-CE";"DEL01-CE";"UOP02-DEL01-CE"
333753;2021-01-11;"segunda-feira";"07:00:00";"ES";101;63;"SAO MATEUS";"Ultrapassagem Indevida";"Queda de ocupante de veículo";"Com Vítimas Fatais";"Pleno dia";"Decrescente";"Céu Claro";"Simples";"Reta";"Não";3;1;0;1;1;0;1;2;-18,69830807;-39,86481056;"SPRF-ES";"DEL04-ES";"UOP02-DEL04-ES"
333757;2021-01-11;"segunda-feira";"08:12:00";"SC";101;203;"SAO JOSE";"Condutor deixou de manter distância do veículo da frente";"Colisão traseira";"Sem Vítimas";"Pleno dia";"Crescente";"Nublado";"Dupla";"Reta";"Sim";2;0;0;0;2;0;0;2;-27,5650044;-48,61460082;"SPRF-SC";"DEL01-SC";"UOP01-DEL01-SC"
333764;2021-01-11;"segunda-feira";"07:45:00";"PR";369;187;"ARAPONGAS";"Ultrapassagem Indevida";"Colisão transversal";"Com Vítimas Feridas";"Pleno dia";"Decrescente";"Céu Claro";"Simples";"Interseção de Vias";"Sim";3;0;1;0;1;1;1;3;-23,424488;-51,423618;"SPRF-PR";"DEL07-PR";"UOP03-DEL07-PR"
333770;2021-01-11;"segunda-feira";"07:50:00";"MG";381;525;"BRUMADINHO";"Velocidade Incompatível";"Colisão traseira";"Com Vítimas Feridas";"Pleno dia";"Crescente";"Nublado";"Dupla";"Curva";"Não";2;0;1;0;1;0;1;2;-20,16710798;-44,33422398;"SPRF-MG";"DEL04-MG";"UOP03-DEL04-MG"
333773;2021-01-11;"segunda-feira";"08:20:00";"MG";262;405,1;"PARA DE MINAS";"Velocidade Incompatível";"Saída de leito carroçável";"Com Vítimas Fatais";"Pleno dia";"Decrescente";"Céu Claro";"Dupla";"Reta";"Não";2;1;1;0;0;0;1;1;-19,88921326;-44,58977508;"SPRF-MG";"DEL01-MG";"UOP03-DEL01-MG"
333779;2021-01-11;"segunda-feira";"07:00:00";"MA";135;67;"SANTA RITA";"Condutor Dormindo";"Colisão frontal";"Com Vítimas Feridas";"Pleno dia";"Crescente";"Céu Claro";"Simples";"Reta";"Sim";2;0;1;0;1;0;1;2;-3,11481199;-44,32344911;"SPRF-MA";"DEL01-MA";"UOP02-DEL01-MA"
333784;2021-01-11;"segunda-feira";"09:40:00";"MG";381;500;"BETIM";"Demais falhas mecânicas ou elétricas";"Tombamento";"Com Vítimas Feridas";"Pleno dia";"Crescente";"Céu Claro";"Dupla";"Reta;Declive";"Não";2;0;2;0;0;0;2;1;-20,02513493;-44,23112709;"SPRF-MG";"DEL01-MG";"UOP03-DEL01-MG"
333790;2021-01-11;"segunda-feira";"07:15:00";"RO";435;86;"COLORADO DO OESTE";"Acessar a via sem observar a presença dos outros veículos";"Colisão lateral";"Com Vítimas Feridas";"Pleno dia";"Crescente";"Céu Claro";"Simples";"Declive";"Não";2;0;1;0;1;0;1;2;-13,12026846;-60,54055407;"SPRF-RO";"DEL04-RO";"UOP02-DEL04-RO"
333806;2021-01-11;"segunda-feira";"10:45:00";"BA";324;590;"CANDEIAS";"Avarias e/ou desgaste excessivo no pneu";"Colisão lateral";"Com Vítimas Feridas";"Pleno dia";"Crescente";"Sol";"Dupla";"Reta";"Não";4;0;1;0;3;0;1;2;-12,67291202;-38,46908411;"SPRF-BA";"DEL01-BA";"UOP01-DEL01-BA"
333809;2021-01-11;"segunda-feira";"10:05:00";"BA";116;497,7;"SANTA TERESINHA";"Manobra de mudança de faixa";"Colisão lateral";"Com Vítimas Feridas";"Pleno dia";"Crescente";"Céu Claro";"Simples";"Reta";"Não";3;0;0;1;1;1;1;3;-12,57710215;-39,50699693;"SPRF-BA";"DEL02-BA";"UOP01-DEL02-BA"
333810;2021-01-11;"segunda-feira";"10:05:00";"BA";116;574;"BREJOES";"Chuva";"Colisão lateral sentido oposto";"Com Vítimas Fatais";"Pleno dia";"Decrescente";"Chuva";"Simples";"Reta";"Sim";3;1;0;0;1;1;0;3;-13,04175609;-39,9675933;"SPRF-BA";"DEL03-BA";"UOP02-DEL03-BA"
333825;2021-01-11;"segunda-feira";"11:15:00";"SC";282;571,7;"NOVA ERECHIM";"Conversão proibida";"Colisão lateral sentido oposto";"Sem Vítimas";"Pleno dia";"Crescente";"Céu Claro";"Simples";"Reta";"Não";5;0;0;0;4;2;0;5;-26,883053;-52,939816;"SPRF-SC";"DEL07-SC";"UOP02-DEL07-SC"
333826;2021-01-11;"segunda-feira";"13:30:00";"SC";116;220,6;"CORREIA PINTO";"Desrespeitar a preferência no cruzamento";"Colisão transversal";"Com Vítimas Feridas";"Pleno dia";"Decrescente";"Céu Claro";"Simples";"Rotatória";"Não";3;0;1;1;1;0;2;2;-27,57771319;-50,36993036;"SPRF-SC";"DEL05-SC";"UOP03-DEL05-SC"
333831;2021-01-11;"segunda-feira";"14:20:00";"RS";116;525;"PELOTAS";"Acessar a via sem observar a presença dos outros veículos";"Colisão lateral";"Com Vítimas Feridas";"Pleno dia";"Decrescente";"Céu Claro";"Dupla";"Reta";"Sim";3;0;1;0;1;2;1;4;-31,7359522;-52,39349776;"SPRF-RS";"DEL07-RS";"UOP01-DEL07-RS"
333832;2021-01-10;"domingo";"20:00:00";"ES";262;119;"CONCEICAO DO CASTELO";"Problema com o freio";"Saída de leito carroçável";"Com Vítimas Feridas";"Plena Noite";"Decrescente";"Nublado";"Simples";"Curva";"Não";1;0;1;0;0;0;1;1;-20,303981;-41,22971535;"SPRF-ES";"DEL01-ES";"UOP02-DEL01-ES"
333834;2021-01-11;"segunda-feira";"13:15:00";"SC";101;352;"JAGUARUNA";"Reação tardia ou ineficiente do condutor";"Colisão traseira";"Sem Vítimas";"Pleno dia";"Crescente";"Sol";"Dupla";"Aclive";"Não";3;0;0;0;2;1;0;3;-28,60489869;-49,05593332;"SPRF-SC";"DEL02-SC";"UOP01-DEL02-SC"
333835;2021-01-10;"domingo";"17:50:00";"SC";101;318,6;"PESCARIA BRAVA";"Condutor deixou de manter distância do veículo da frente";"Engavetamento";"Com Vítimas Feridas";"Anoitecer";"Crescente";"Sol";"Dupla";"Reta";"Não";10;0;1;0;9;0;1;4;-28,4266481;-48,86160099;"SPRF-SC";"DEL02-SC";"UOP01-DEL02-SC"
333841;2021-01-11;"segunda-feira";"13:00:00";"RJ";116;198;"QUEIMADOS";"Pedestre andava na pista";"Atropelamento de Pedestre";"Com Vítimas Feridas";"Pleno dia";"Crescente";"Sol";"Dupla";"Reta";"Não";2;0;1;0;1;0;1;2;-22,72952183;-43,57481597;"SPRF-RJ";"DEL01-RJ";"UOP02-DEL01-RJ"
333842;2021-01-11;"segunda-feira";"14:25:00";"MS";163;427;"CAMPO GRANDE";"Carga excessiva e/ou mal acondicionada";"Colisão com objeto";"Com Vítimas Feridas";"Pleno dia";"Crescente";"Nublado";"Simples";"Reta";"Não";3;0;1;0;2;0;1;2;-20,920842;-54,497914;"SPRF-MS";"DEL01-MS";"UOP01-DEL01-MS"
333844;2021-01-11;"segunda-feira";"15:30:00";"PR";476;137;"CURITIBA";"Manobra de mudança de faixa";"Colisão lateral mesmo sentido";"Com Vítimas Feridas";"Pleno dia";"Crescente";"Céu Claro";"Dupla";"Reta";"Sim";3;0;1;0;1;1;1;3;-25,498302;-49,277546;"SPRF-PR";"DEL01-PR";"UOP03-DEL01-PR"
333845;2021-01-11;"segunda-feira";"15:47:00";"SC";101;218,4;"PALHOCA";"Ausência de reação do condutor";"Colisão traseira";"Com Vítimas Feridas";"Pleno dia";"Crescente";"Céu Claro";"Múltipla";"Reta";"Sim";3;0;0;1;1;1;1;3;-27,6758601;-48,67052525;"SPRF-SC";"DEL01-SC";"UOP02-DEL01-SC"
333850;2021-01-11;"segunda-feira";"16:20:00";"MG";40;622;"CONSELHEIRO LAFAIETE";"Manobra de mudança de faixa";"Colisão lateral";"Com Vítimas Feridas";"Pleno dia";"Crescente";"Nublado";"Simples";"Reta";"Não";3;0;1;0;0;2;1;3;-20,593914;-43,80411985;"SPRF-MG";"DEL05-MG";"UOP02-DEL05-MG"
333852;2021-01-11;"segunda-feira";"11:40:00";"MA";10;249,7;"IMPERATRIZ";"Pista em desnível";"Tombamento";"Com Vítimas Fatais";"Pleno dia";"Decrescente";"Céu Claro";"Simples";"Rotatória";"Sim";4;1;0;0;1;3;0;5;-5,55161928;-47,4609375;"SPRF-MA";"DEL04-MA";"UOP01-DEL04-MA"
333854;2021-01-11;"segunda-feira";"16:20:00";"ES";101;385,3;"RIO NOVO DO SUL";"Ingestão de álcool ou de substâncias psicoativas pelo pedestre";"Atropelamento de Pedestre";"Com Vítimas Fatais";"Pleno dia";"Crescente";"Céu Claro";"Simples";"Reta";"Não";3;1;0;0;1;1;0;3;-20,8373608;-40,86864894;"SPRF-ES";"DEL03-ES";"UOP01-DEL03-ES"
333858;2021-01-11;"segunda-feira";"16:33:00";"GO";153;508,3;"APARECIDA DE GOIANIA";"Pista Escorregadia";"Incêndio";"Sem Vítimas";"Pleno dia";"Crescente";"Nublado";"Múltipla";"Reta";"Sim";2;0;0;0;1;2;0;3;-16,7804;-49,2371;"SPRF-GO";"DEL01-GO";"UOP03-DEL01-GO"
333859;2021-01-11;"segunda-feira";"15:40:00";"ES";482;18,7;"CACHOEIRO DE ITAPEMIRIM";"Reação tardia ou ineficiente do condutor";"Tombamento";"Com Vítimas Feridas";"Pleno dia";"Decrescente";"Céu Claro";"Simples";"Curva";"Não";2;0;0;1;0;1;1;2;-20,8323342;-41,08891628;"SPRF-ES";"DEL03-ES";"UOP02-DEL03-ES"
333861;2021-01-11;"segunda-feira";"15:20:00";"BA";116;850;"VITORIA DA CONQUISTA";"Velocidade Incompatível";"Colisão lateral";"Com Vítimas Feridas";"Pleno dia";"Decrescente";"Céu Claro";"Simples";"Reta";"Não";3;0;0;1;0;2;1;3;-14,99050229;-40,92828066;"SPRF-BA";"DEL08-BA";"UOP01-DEL08-BA"
333866;2021-01-11;"segunda-feira";"17:00:00";"AP";210;17,6;"MACAPA";"Acumulo de água sobre o pavimento";"Colisão frontal";"Com Vítimas Fatais";"Pleno dia";"Decrescente";"Chuva";"Simples";"Curva";"Não";7;4;1;1;0;1;2;3;0,17108692;-51,1248476;"SPRF-AP";"DEL01-AP";"UOP01-DEL01-AP"
333870;2021-01-11;"segunda-feira";"06:40:00";"MG";262;575,4;"CORREGO DANTA";"Velocidade Incompatível";"Tombamento";"Sem Vítimas";"Pleno dia";"Decrescente";"Nublado";"Simples";"Curva";"Não";2;0;0;0;1;1;0;2;-19,69297478;-46,03637682;"SPRF-MG";"DEL08-MG";"UOP02-DEL08-MG"
333873;2021-01-11;"segunda-feira";"18:00:00";"RJ";116;272;"BARRA MANSA";"Frear bruscamente";"Colisão com objeto";"Com Vítimas Feridas";"Anoitecer";"Crescente";"Chuva";"Dupla";"Curva";"Sim";2;0;1;0;0;1;1;2;-22,55346454;-44,17561769;"SPRF-RJ";"DEL07-RJ";"UOP02-DEL07-RJ"
333875;2021-01-11;"segunda-feira";"18:50:00";"RN";304;179;"ANGICOS";"Ultrapassagem Indevida";"Colisão traseira";"Sem Vítimas";"Plena Noite";"Decrescente";"Céu Claro";"Simples";"Reta";"Não";2;0;0;0;1;1;0;2;-5,68991677;-36,34715709;"SPRF-RN";"DEL01-RN";"UOP03-DEL01-RN"
333879;2021-01-11;"segunda-feira";"19:10:00";"PR";277;2,1;"PARANAGUA";"Reação tardia ou ineficiente do condutor";"Colisão traseira";"Sem Vítimas";"Anoitecer";"Decrescente";"Chuva";"Dupla";"Reta";"Sim";3;0;0;0;2;3;0;5;-25,5205;-48,5095;"SPRF-PR";"DEL01-PR";"UOP05-DEL01-PR"
333885;2021-01-11;"segunda-feira";"17:00:00";"BA";324;520;"FEIRA DE SANTANA";"Condutor deixou de manter distância do veículo da frente";"Saída de leito carroçável";"Sem Vítimas";"Pleno dia";"Decrescente";"Céu Claro";"Dupla";"Reta";"Sim";2;0;0;0;1;1;0;2;-12,288959;-38,9134663;"SPRF-BA";"DEL01-BA";"UOP03-DEL01-BA"
333891;2021-01-11;"segunda-feira";"17:30:00";"MG";251;492,3;"FRANCISCO SA";"Velocidade Incompatível";"Colisão frontal";"Com Vítimas Feridas";"Anoitecer";"Crescente";"Chuva";"Simples";"Aclive";"Não";2;0;0;1;1;0;1;2;-16,54433804;-43,59543496;"SPRF-MG";"DEL12-MG";"UOP01-DEL12-MG"
333895;2021-01-11;"segunda-feira";"20:50:00";"MG";381;525;"BRUMADINHO";"Velocidade Incompatível";"Saída de leito carroçável";"Com Vítimas Feridas";"Plena Noite";"Crescente";"Nublado";"Dupla";"Curva";"Não";2;0;0;1;0;1;1;2;-20,16710798;-44,33422398;"SPRF-MG";"DEL04-MG";"UOP03-DEL04-MG"
333902;2021-01-11;"segunda-feira";"11:56:00";"SC";280;304;"PORTO UNIAO";"Demais falhas mecânicas ou elétricas";"Eventos atípicos";"Com Vítimas Feridas";"Pleno dia";"Decrescente";"Céu Claro";"Simples";"Reta";"Não";3;0;1;0;2;0;1;3;-26,27999553;-51,05063229;"SPRF-SC";"DEL06-SC";"UOP04-DEL06-SC"
333908;2021-01-11;"segunda-feira";"18:30:00";"RJ";354;2;"RESENDE";"Reação tardia ou ineficiente do condutor";"Colisão frontal";"Com Vítimas Feridas";"Anoitecer";"Crescente";"Chuva";"Simples";"Curva";"Não";3;0;1;0;2;0;1;3;-22,3876;-44,750172;"SPRF-RJ";"DEL07-RJ";"UOP02-DEL07-RJ"
333912;2021-01-11;"segunda-feira";"22:40:00";"PR";116;98;"SAO JOSE DOS PINHAIS";"Objeto estático sobre o leito carroçável";"Colisão traseira";"Com Vítimas Feridas";"Pleno dia";"Crescente";"Céu Claro";"Múltipla";"Reta";"Não";2;0;1;0;0;1;1;2;-25,51973222;-49,13431573;"SPRF-PR";"DEL01-PR";"UOP01-DEL01-PR"
333916;2021-01-11;"segunda-feira";"21:40:00";"BA";242;595;"MUQUEM DE SAO FRANCISCO";"Ausência de reação do condutor";"Colisão traseira";"Com Vítimas Feridas";"Plena Noite";"Crescente";"Chuva";"Simples";"Reta";"Não";3;0;2;0;1;0;2;2;-12,14804771;-43,31365722;"SPRF-BA";"DEL06-BA";"UOP03-DEL06-BA"
333921;2021-01-11;"segunda-feira";"23:40:00";"GO";60;208;"VARJAO";"Condutor deixou de manter distância do veículo da frente";"Colisão traseira";"Sem Vítimas";"Plena Noite";"Decrescente";"Céu Claro";"Dupla";"Reta";"Não";4;0;0;0;4;0;0;2;-16,9243;-49,6642;"SPRF-GO";"DEL01-GO";"UOP02-DEL01-GO"
333923;2021-01-11;"segunda-feira";"22:30:00";"RS";290;316,6;"CACAPAVA DO SUL";"Chuva";"Saída de leito carroçável";"Com Vítimas Feridas";"Plena Noite";"Crescente";"Chuva";"Simples";"Interseção de Vias;Reta";"Não";3;0;1;0;2;0;1;1;-30,36606229;-53,36265564;"SPRF-RS";"DEL09-RS";"UOP02-DEL09-RS"
333924;2021-01-11;"segunda-feira";"22:15:00";"RJ";116;280,9;"BARRA MANSA";"Manobra de mudança de faixa";"Colisão lateral";"Sem Vítimas";"Plena Noite";"Crescente";"Chuva";"Dupla";"Reta";"Não";2;0;0;0;2;0;0;2;-22,50692725;-44,22211647;"SPRF-RJ";"DEL07-RJ";"UOP02-DEL07-RJ"
333925;2021-01-11;"segunda-feira";"22:30:00";"RJ";116;280,9;"BARRA MANSA";"Reação tardia ou ineficiente do condutor";"Colisão traseira";"Com Vítimas Feridas";"Plena Noite";"Crescente";"Chuva";"Dupla";"Reta";"Não";5;0;4;0;1;0;4;4;-22,54134895;-44,19176093;"SPRF-RJ";"DEL07-RJ";"UOP02-DEL07-RJ"
333932;2021-01-12;"terça-feira";"02:45:00";"MG";381;860,3;"POUSO ALEGRE";"Condutor Dormindo";"Saída de leito carroçável";"Com Vítimas Feridas";"Plena Noite";"Crescente";"Nublado";"Dupla";"Curva";"Não";3;0;1;0;0;2;1;3;-22,35975221;-45,92895066;"SPRF-MG";"DEL16-MG";"UOP01-DEL16-MG"
333933;2021-01-11;"segunda-feira";"22:00:00";"SC";101;301;"LAGUNA";"Velocidade Incompatível";"Colisão traseira";"Com Vítimas Feridas";"Plena Noite";"Decrescente";"Céu Claro";"Dupla";"Reta";"Não";3;0;1;0;1;2;1;4;-28,34625432;-48,73549064;"SPRF-SC";"DEL02-SC";"UOP03-DEL02-SC"
333935;2021-01-11;"segunda-feira";"22:30:00";"MG";116;6,4;"DIVISA ALEGRE";"Reação tardia ou ineficiente do condutor";"Saída de leito carroçável";"Sem Vítimas";"Plena Noite";"Decrescente";"Nublado";"Dupla";"Declive";"Não";2;0;0;0;1;1;0;2;-15,74952994;-41,33072084;"SPRF-BA";"DEL08-BA";"UOP03-DEL08-BA"
333936;2021-01-11;"segunda-feira";"21:30:00";"PI";135;426;"REDENCAO DO GURGUEIA";"Demais falhas mecânicas ou elétricas";"Incêndio";"Sem Vítimas";"Plena Noite";"Decrescente";"Céu Claro";"Simples";"Reta";"Não";2;0;0;0;2;0;0;1;-9,51154295;-44,74040671;"SPRF-PI";"DEL03-PI";"UOP02-DEL03-PI"
333938;2021-01-12;"terça-feira";"04:10:00";"RN";405;142,3;"SAO FRANCISCO DO OESTE";"Demais falhas mecânicas ou elétricas";"Colisão frontal";"Com Vítimas Feridas";"Amanhecer";"Crescente";"Céu Claro";"Simples";"Reta";"Não";3;0;1;0;1;1;1;3;-6,036169;-38,193971;"SPRF-RN";"DEL04-RN";"UOP02-DEL04-RN"
333939;2021-01-12;"terça-feira";"03:15:00";"SP";116;547;"BARRA DO TURVO";"Condutor Dormindo";"Tombamento";"Sem Vítimas";"Plena Noite";"Crescente";"Céu Claro";"Dupla";"Reta";"Não";2;0;0;0;1;1;0;2;-24,9503414;-48,4394088;"SPRF-SP";"DEL05-SP";"UOP02-DEL05-SP"
333940;2021-01-12;"terça-feira";"03:30:00";"MG";50;127,9;"UBERABA";"Condutor Dormindo";"Colisão traseira";"Com Vítimas Feridas";"Plena Noite";"Decrescente";"Nublado";"Dupla";"Reta";"Não";2;0;2;0;0;0;2;2;-19,362828;-48,07942696;"SPRF-MG";"DEL13-MG";"UOP01-DEL13-MG"
333941;2021-01-12;"terça-feira";"03:50:00";"RJ";116;257,9;"PIRAI";"Velocidade Incompatível";"Colisão traseira";"Com Vítimas Fatais";"Plena Noite";"Decrescente";"Céu Claro";"Dupla";"Aclive";"Não";3;1;0;0;1;1;0;3;-22,59340909;-44,07165527;"SPRF-RJ";"DEL07-RJ";"UOP02-DEL07-RJ"
333943;2021-01-12;"terça-feira";"04:50:00";"MG";381;389,9;"BARAO DE COCAIS";"Ausência de reação do condutor";"Colisão traseira";"Com Vítimas Feridas";"Plena Noite";"Decrescente";"Céu Claro";"Dupla";"Reta";"Não";2;0;1;0;1;0;1;2;-19,80450098;-43,40766907;"SPRF-MG";"DEL01-MG";"UOP01-DEL01-MG"