"id";"data_inversa";"dia_semana";"horario";"uf";"br";"km";"municipio";"causa_acidente";"tipo_acidente";"classificacao_acidente";"fase_dia";"sentido_via";"condicao_metereologica";"tipo_pista";"tracado_via";"uso_solo";"pessoas";"mortos";"feridos_leves";"feridos_graves";"ilesos";"ignorados";"feridos";"veiculos";"latitude";"longitude";"regional";"delegacia";"uop"
335132;2021-01-18;"segunda-feira";"03:50:00";"SC";101;121;"ITAJAI";"Acessar a via sem observar a presença dos outros veículos";"Colisão traseira";"Com Vítimas Feridas";"Amanhecer";"Crescente";"Céu Claro";"Dupla";"Reta";"Não";3;0;1;0;1;2;1;4;-26,92103178;-48,70856446;"SPRF-SC";"DEL04-SC";"UOP04-DEL04-SC"
335136;2021-01-18;"segunda-feira";"05:00:00";"SP";153;170,5;"GUAICARA";"Reação tardia ou ineficiente do condutor";"Colisão traseira";"Com Vítimas Feridas";"Plena Noite";"Crescente";"Céu Claro";"Simples";"Reta;Aclive";"Não";3;0;1;0;1;2;1;4;-21,59723102;-49,78493471;"SPRF-SP";"DEL07-SP";"UOP01-DEL07-SP"
335139;2021-01-18;"segunda-feira";"06:15:00";"PE";101;166,5;"RIBEIRAO";"Ausência de reação do condutor";"Colisão com objeto";"Com Vítimas Feridas";"Pleno dia";"Decrescente";"Céu Claro";"Dupla";"Curva";"Não";3;0;1;0;0;2;1;2;-8,56126018;-35,46857977;"SPRF-PE";"DEL01-PE";"UOP03-DEL01-PE"
335140;2021-01-17;"domingo";"21:30:00";"MG";251;209;"CACHOEIRA DE PAJEU";"Ausência de reação do condutor";"Colisão traseira";"Com Vítimas Feridas";"Plena Noite";"Decrescente";"Ignorado";"Simples";"Reta";"Não";3;0;1;0;1;2;1;4;-15,9039968;-41,53868225;"SPRF-MG";"DEL11-MG";"UOP02-DEL11-MG"
335142;2021-01-18;"segunda-feira";"06:35:00";"MG";116;602,6;"SAO JOAO DO MANHUACU";"Velocidade Incompatível";"Saída de leito carroçável";"Com Vítimas Feridas";"Pleno dia";"Crescente";"Céu Claro";"Simples";"Curva";"Não";2;0;1;0;0;1;1;2;-20,34697376;-42,14642112;"SPRF-MG";"DEL06-MG";"UOP03-DEL06-MG"
335154;2021-01-18;"segunda-feira";"06:00:00";"GO";60;99,2;"ANAPOLIS";"Ingestão de álcool pelo condutor";"Colisão lateral mesmo sentido";"Sem Vítimas";"Amanhecer";"Decrescente";"Céu Claro";"Dupla";"Reta";"Sim";3;0;0;0;2;1;0;3;-16,39735383;-48,96533674;"SPRF-GO";"DEL02-GO";"UOP01-DEL02-GO"
335162;2021-01-18;"segunda-feira";"07:40:00";"BA";324;606;"SIMOES FILHO";"Manobra de mudança de faixa";"Colisão lateral mesmo sentido";"Sem Vítimas";"Pleno dia";"Crescente";"Céu Claro";"Dupla";"Reta";"Sim";2;0;0;0;2;0;0;2;-12,79340512;-38,40485325;"SPRF-BA";"DEL01-BA";"UOP01-DEL01-BA"
335164;2021-01-18;"segunda-feira";"05:20:00";"GO";452;179;"ITUMBIARA";"Demais falhas mecânicas ou elétricas";"Incêndio";"Sem Vítimas";"Plena Noite";"Crescente";"Nublado";"Simples";"Reta";"Não";2;0;0;0;1;2;0;3;-18,37027474;-49,36134287;"SPRF-GO";"DEL03-GO";"UOP02-DEL03-GO"
335168;2021-01-18;"segunda-feira";"06:35:00";"RJ";116;208;"SEROPEDICA";"Ingestão de substâncias psicoativas pelo condutor";"Colisão traseira";"Sem Vítimas";"Pleno dia";"Decrescente";"Céu Claro";"Dupla";"Reta";"Sim";3;0;0;0;2;2;0;4;-22,72297475;-43,67131596;"SPRF-RJ";"DEL01-RJ";"UOP03-DEL01-RJ"
335181;2021-01-18;"segunda-feira";"08:20:00";"RJ";493;84;"DUQUE DE CAXIAS";"Demais falhas mecânicas ou elétricas";"Colisão transversal";"Com Vítimas Feridas";"Pleno dia";"Decrescente";"Sol";"Dupla";"Reta";"Não";3;0;1;0;1;2;1;4;-22,672089;-43,285053;"SPRF-RJ";"DEL01-RJ";"UOP03-DEL01-RJ"
335182;2021-01-18;"segunda-feira";"08:40:00";"RS";290;222;"PANTANO GRANDE";"Ausência de reação do condutor";"Colisão traseira";"Com Vítimas Feridas";"Pleno dia";"Decrescente";"Céu Claro";"Simples";"Reta";"Não";4;0;1;0;2;1;1;4;-30,201563;-52,437401;"SPRF-RS";"DEL02-RS";"UOP03-DEL02-RS"
335184;2021-01-18;"segunda-feira";"07:10:00";"MG";381;600,2;"CARMOPOLIS DE MINAS";"Condutor deixou de manter distância do veículo da frente";"Colisão traseira";"Com Vítimas Feridas";"Pleno dia";"Decrescente";"Céu Claro";"Dupla";"Reta;Declive";"Não";6;0;2;0;3;1;2;3;-20,60338234;-44,72053528;"SPRF-MG";"DEL04-MG";"UOP01-DEL04-MG"
335191;2021-01-18;"segunda-feira";"10:15:00";"SC";101;135;"BALNEARIO CAMBORIU";"Condutor deixou de manter distância do veículo da frente";"Engavetamento";"Com Vítimas Feridas";"Pleno dia";"Decrescente";"Chuva";"Múltipla";"Reta";"Sim";6;0;1;0;5;0;1;6;-27,0050108;-48,62677494;"SPRF-SC";"DEL04-SC";"UOP03-DEL04-SC"
335192;2021-01-18;"segunda-feira";"08:50:00";"SE";101;118;"ITAPORANGA DAJUDA";"Manobra de mudança de faixa";"Colisão lateral mesmo sentido";"Com Vítimas Feridas";"Pleno dia";"Crescente";"Nublado";"Dupla";"Reta";"Não";3;0;1;0;1;2;1;4;-11,02604791;-37,32865423;"SPRF-SE";"DEL02-SE";"UOP01-DEL02-SE"
335196;2021-01-18;"segunda-feira";"08:10:00";"TO";153;319;"GUARAI";"Velocidade Incompatível";"Tombamento";"Com Vítimas Feridas";"Pleno dia";"Decrescente";"Nublado";"Simples";"Aclive";"Não";2;0;1;0;1;0;1;1;-8,70104701;-48,50485483;"SPRF-TO";"DEL02-TO";"UOP02-DEL02-TO"
335197;2021-01-12;"terça-feira";"18:10:00";"RO";364;488;"ARIQUEMES";"Transitar na contramão";"Colisão frontal";"Com Vítimas Feridas";"Anoitecer";"Crescente";"Nublado";"Simples";"Reta";"Não";4;0;2;1;1;0;3;2;-10,11126051;-62,92299271;"SPRF-RO";"DEL03-RO";"UOP01-DEL03-RO"
335205;2021-01-18;"segunda-feira";"11:10:00";"PR";277;11;"PARANAGUA";"Velocidade Incompatível";"Colisão traseira";"Com Vítimas Feridas";"Pleno dia";"Crescente";"Nublado";"Dupla";"Reta";"Não";2;0;0;1;1;0;1;2;-25,568198;-48,615292;"SPRF-PR";"DEL01-PR";"UOP05-DEL01-PR"
335208;2021-01-18;"segunda-feira";"11:15:00";"RS";116;243;"SAO LEOPOLDO";"Mal súbito do condutor";"Colisão traseira";"Com Vítimas Feridas";"Pleno dia";"Decrescente";"Céu Claro";"Dupla";"Reta";"Não";3;0;1;0;2;0;1;3;-29,73196199;-51,14952004;"SPRF-RS";"DEL01-RS";"UOP02-DEL01-RS"
335209;2021-01-18;"segunda-feira";"06:20:00";"PA";230;69;"SAO DOMINGOS DO ARAGUAIA";"Manobra de mudança de faixa";"Colisão frontal";"Com Vítimas Fatais";"Pleno dia";"Decrescente";"Chuva";"Simples";"Curva";"Não";5;1;3;0;0;1;3;3;-5,50840086;-48,70665697;"SPRF-PA";"DEL03-PA";"UOP01-DEL03-PA"
335210;2021-01-18;"segunda-feira";"11:35:00";"RS";285;244,4;"CIRIACO";"Ultrapassagem Indevida";"Colisão frontal";"Com Vítimas Feridas";"Pleno dia";"Decrescente";"Nublado";"Simples";"Curva";"Não";7;0;0;5;1;1;5;4;-28,265223;-51,918598;"SPRF-RS";"DEL08-RS";"UOP03-DEL08-RS"
335214;2021-01-04;"segunda-feira";"21:00:00";"PA";163;879;"BELTERRA";"Reação tardia ou ineficiente do condutor";"Saída de leito carroçável";"Com Vítimas Feridas";"Plena Noite";"Crescente";"Nevoeiro/Neblina";"Simples";"Curva";"Não";1;0;1;0;0;0;1;1;-3,41298;-54,914062;"SPRF-PA";"DEL05-PA";"UOP01-DEL05-PA"
335215;2021-01-18;"segunda-feira";"11:15:00";"MS";163;788;"PEDRO GOMES";"Chuva";"Colisão com objeto";"Com Vítimas Fatais";"Pleno dia";"Crescente";"Chuva";"Simples";"Reta";"Não";4;2;0;0;1;1;0;3;-18,02412597;-54,68330817;"SPRF-MS";"DEL06-MS";"UOP01-DEL06-MS"
335216;2021-01-18;"segunda-feira";"10:30:00";"MT";364;1145;"SAPEZAL";"Demais falhas mecânicas ou elétricas";"Incêndio";"Sem Vítimas";"Pleno dia";"Decrescente";"Céu Claro";"Simples";"Ponte;Curva";"Não";2;0;0;0;1;2;0;3;-13,52686816;-58,95718103;"SPRF-MT";"DEL04-MT";"UOP01-DEL04-MT"
335221;2021-01-05;"terça-feira";"11:00:00";"GO";364;232;"JATAI";"Conversão proibida";"Colisão transversal";"Com Vítimas Fatais";"Pleno dia";"Decrescente";"Céu Claro";"Simples";"Curva";"Não";4;1;1;0;1;3;1;6;-17,818481;-52,021004;"SPRF-GO";"DEL05-GO";"UOP01-DEL05-GO"
335238;2021-01-18;"segunda-feira";"14:10:00";"SC";280;53,8;"GUARAMIRIM";"Velocidade Incompatível";"Atropelamento de Pedestre";"Com Vítimas Feridas";"Pleno dia";"Crescente";"Garoa/Chuvisco";"Dupla";"Reta";"Não";2;0;0;1;1;0;1;2;-26,47537495;-48,98452878;"SPRF-SC";"DEL03-SC";"UOP03-DEL03-SC"
335241;2021-01-18;"segunda-feira";"13:00:00";"SP";116;364;"MIRACATU";"Velocidade Incompatível";"Tombamento";"Sem Vítimas";"Pleno dia";"Crescente";"Céu Claro";"Dupla";"Curva";"Não";2;0;0;0;1;1;0;2;-24,13881806;-47,27310246;"SPRF-SP";"DEL04-SP";"UOP02-DEL04-SP"
335243;2021-01-18;"segunda-feira";"13:50:00";"RJ";101;99;"SEROPEDICA";"Manobra de mudança de faixa";"Colisão traseira";"Com Vítimas Feridas";"Pleno dia";"Crescente";"Céu Claro";"Dupla";"Reta";"Não";3;0;1;0;1;1;1;3;-22,72294275;-43,71088426;"SPRF-RJ";"DEL08-RJ";"UOP02-DEL08-RJ"
335244;2021-01-18;"segunda-feira";"14:20:00";"RJ";101;432;"MANGARATIBA";"Manobra de mudança de faixa";"Colisão lateral mesmo sentido";"Com Vítimas Feridas";"Pleno dia";"Decrescente";"Céu Claro";"Simples";"Curva";"Não";4;0;1;1;1;1;2;3;-22,93437472;-44,02919087;"SPRF-RJ";"DEL03-RJ";"UOP03-DEL03-RJ"
335247;2021-01-18;"segunda-feira";"13:45:00";"MS";262;18;"TRES LAGOAS";"Reação tardia ou ineficiente do condutor";"Tombamento";"Sem Vítimas";"Pleno dia";"Crescente";"Céu Claro";"Simples";"Aclive";"Não";2;0;0;0;1;1;0;2;-20,81595472;-51,76503005;"SPRF-MS";"DEL07-MS";"UOP01-DEL07-MS"
335248;2021-01-18;"segunda-feira";"16:00:00";"MG";365;589;"UBERLANDIA";"Ausência de sinalização";"Colisão traseira";"Sem Vítimas";"Pleno dia";"Crescente";"Céu Claro";"Simples";"Reta";"Não";2;0;0;0;2;0;0;2;-18,88216035;-48,03476866;"SPRF-MG";"DEL15-MG";"UOP02-DEL15-MG"
335251;2021-01-18;"segunda-feira";"11:30:00";"SP";116;547;"BARRA DO TURVO";"Pista Escorregadia";"Colisão com objeto";"Com Vítimas Feridas";"Pleno dia";"Crescente";"Garoa/Chuvisco";"Simples";"Curva";"Não";4;0;1;0;3;0;1;2;-24,953764;-48,450717;"SPRF-SP";"DEL05-SP";"UOP02-DEL05-SP"
335252;2021-01-18;"segunda-feira";"16:20:00";"MG";116;6,3;"DIVISA ALEGRE";"Velocidade Incompatível";"Tombamento";"Com Vítimas Feridas";"Pleno dia";"Crescente";"Céu Claro";"Simples";"Curva";"Não";1;0;1;0;0;0;1;1;-15,74952994;-41,33072084;"SPRF-BA";"DEL08-BA";"UOP03-DEL08-BA"
335254;2021-01-18;"segunda-feira";"17:00:00";"RS";386;249;"SOLEDADE";"Acessar a via sem observar a presença dos outros veículos";"Colisão traseira";"Sem Vítimas";"Pleno dia";"Decrescente";"Céu Claro";"Simples";"Interseção de Vias";"Não";3;0;0;0;2;1;0;3;-28,822922;-52,476097;"SPRF-RS";"DEL04-RS";"UOP03-DEL04-RS"
335257;2021-01-18;"segunda-feira";"15:15:00";"MG";262;99;"ABRE CAMPO";"Demais Fenômenos da natureza";"Eventos atípicos";"Com Vítimas Feridas";"Pleno dia";"Crescente";"Céu Claro";"Simples";"Curva";"Não";1;0;1;0;0;0;1;1;-20,2909942;-42,50611695;"SPRF-MG";"DEL03-MG";"UOP03-DEL03-MG"
335259;2021-01-18;"segunda-feira";"17:40:00";"PR";476;143,2;"CURITIBA";"Manobra de mudança de faixa";"Colisão lateral";"Com Vítimas Feridas";"Anoitecer";"Crescente";"Chuva";"Dupla";"Curva";"Sim";2;0;1;0;1;0;1;2;-25,543802;-49,305328;"SPRF-PR";"DEL01-PR";"UOP01-DEL01-PR"
335271;2021-01-08;"sexta-feira";"00:40:00";"SC";280;31;"ARAQUARI";"Velocidade Incompatível";"Colisão traseira";"Com Vítimas Feridas";"Plena Noite";"Decrescente";"Nublado";"Simples";"Reta";"Não";3;0;1;0;1;1;1;2;-26,41649938;-48,77181215;"SPRF-SC";"DEL03-SC";"UOP03-DEL03-SC"
335272;2021-01-18;"segunda-feira";"19:00:00";"SE";101;17,7;"SAO FRANCISCO";"Velocidade Incompatível";"Capotamento";"Com Vítimas Fatais";"Plena Noite";"Crescente";"Céu Claro";"Dupla";"Retorno Regulamentado";"Não";3;1;2;0;0;0;2;1;-10,33831807;-36,89396364;"SPRF-SE";"DEL02-SE";"UOP02-DEL02-SE"
335278;2021-01-18;"segunda-feira";"19:30:00";"PR";369;166,2;"CAMBE";"Desrespeitar a preferência no cruzamento";"Colisão transversal";"Com Vítimas Feridas";"Plena Noite";"Decrescente";"Nublado";"Dupla";"Reta;Retorno Regulamentado";"Sim";2;0;0;1;1;0;1;2;-23,295424;-51,308392;"SPRF-PR";"DEL07-PR";"UOP01-DEL07-PR"
335284;2021-01-18;"segunda-feira";"18:42:00";"SC";116;3,5;"MAFRA";"Ausência de reação do condutor";"Colisão frontal";"Com Vítimas Feridas";"Anoitecer";"Decrescente";"Chuva";"Simples";"Reta";"Não";3;0;0;1;0;2;1;3;-26,13073161;-49,79922442;"SPRF-SC";"DEL06-SC";"UOP01-DEL06-SC"
335285;2021-01-18;"segunda-feira";"19:30:00";"SC";280;287,6;"IRINEOPOLIS";"Pedestre andava na pista";"Atropelamento de Pedestre";"Com Vítimas Feridas";"Plena Noite";"Crescente";"Chuva";"Simples";"Ponte";"Não";2;0;1;0;0;1;1;2;-26,294426;-50,895881;"SPRF-SC";"DEL06-SC";"UOP04-DEL06-SC"
335286;2021-01-18;"segunda-feira";"20:20:00";"AP";210;46;"MACAPA";"Deficiência do Sistema de Iluminação/Sinalização";"Colisão frontal";"Com Vítimas Feridas";"Plena Noite";"Crescente";"Nublado";"Simples";"Reta";"Não";3;0;1;1;1;0;2;2;0,40424511;-51,05349715;"SPRF-AP";"DEL01-AP";"UOP01-DEL01-AP"
335294;2021-01-18;"segunda-feira";"15:15:00";"RS";287;346;"JAGUARI";"Ausência de reação do condutor";"Engavetamento";"Com Vítimas Feridas";"Pleno dia";"Crescente";"Céu Claro";"Simples";"Reta";"Não";8;0;0;4;4;0;4;5;-29,54383701;-54,68247701;"SPRF-RS";"DEL12-RS";"UOP02-DEL12-RS"
335296;2021-01-18;"segunda-feira";"22:20:00";"MG";459;101,9;"POUSO ALEGRE";"Velocidade Incompatível";"Tombamento";"Com Vítimas Feridas";"Plena Noite";"Crescente";"Céu Claro";"Múltipla";"Curva";"Sim";1;0;0;1;0;0;1;1;-22,22611868;-45,91147652;"SPRF-MG";"DEL16-MG";"UOP01-DEL16-MG"
335302;2021-01-18;"segunda-feira";"23:00:00";"PR";116;46;"CAMPINA GRANDE DO SUL";"Chuva";"Colisão com objeto";"Sem Vítimas";"Plena Noite";"Crescente";"Garoa/Chuvisco";"Múltipla";"Reta";"Não";2;0;0;0;1;1;0;2;-25,2018540145;-48,8962139028;"SPRF-PR";"DEL01-PR";"UOP02-DEL01-PR"
335305;2021-01-18;"segunda-feira";"22:00:00";"RO";319;62;"PORTO VELHO";"Condutor desrespeitou a iluminação vermelha do semáforo";"Colisão transversal";"Com Vítimas Feridas";"Plena Noite";"Crescente";"Garoa/Chuvisco";"Dupla";"Interseção de Vias";"Sim";3;0;2;0;1;0;2;2;-8,7504259;-63,88798714;"SPRF-RO";"DEL01-RO";"UOP01-DEL01-RO"
335308;2021-01-18;"segunda-feira";"23:30:00";"SP";116;450;"REGISTRO";"Demais falhas mecânicas ou elétricas";"Incêndio";"Sem Vítimas";"Plena Noite";"Decrescente";"Chuva";"Dupla";"Reta";"Não";1;0;0;0;1;0;0;1;-24,53728295;-47,85899314;"SPRF-SP";"DEL05-SP";"UOP01-DEL05-SP"
335309;2021-01-18;"segunda-feira";"16:40:00";"PR";476;66;"TUNAS DO PARANA";"Transitar na contramão";"Colisão frontal";"Com Vítimas Fatais";"Pleno dia";"Decrescente";"Chuva";"Simples";"Reta";"Não";3;1;0;0;1;2;0;4;-25,046396;-49,087513;"SPRF-PR";"DEL01-PR";"UOP02-DEL01-PR"
335311;2021-01-18;"segunda-feira";"21:00:00";"RO";364;386;"OURO PRETO DO OESTE";"Condutor deixou de manter distância do veículo da frente";"Colisão traseira";"Com Vítimas Feridas";"Plena Noite";"Decrescente";"Chuva";"Simples";"Reta";"Sim";8;0;0;3;4;3;3;5;-10,70116422;-62,26238327;"SPRF-RO";"DEL03-RO";"UOP02-DEL03-RO"
335312;2021-01-18;"segunda-feira";"23:30:00";"PR";280;257,4;"MARMELEIRO";"Condutor Dormindo";"Saída de leito carroçável";"Com Vítimas Feridas";"Plena Noite";"Crescente";"Céu Claro";"Simples";"Curva;Aclive";"Não";1;0;1;0;0;0;1;1;-26,16132175;-53,0402341;"SPRF-PR";"DEL02-PR";"UOP01-DEL02-PR"
335313;2021-01-19;"terça-feira";"01:10:00";"MG";364;0;"PLANURA";"Mal súbito do condutor";"Saída de leito carroçável";"Com Vítimas Fatais";"Plena Noite";"Crescente";"Chuva";"Simples";"Reta";"Não";1;1;0;0;0;0;0;1;-20,16034258;-48,68912285;"SPRF-MG";"DEL13-MG";"UOP02-DEL13-MG"
335318;2021-01-18;"segunda-feira";"01:00:00";"RJ";116;286;"BARRA MANSA";"Condutor deixou de manter distância do veículo da frente";"Colisão traseira";"Com Vítimas Feridas";"Plena Noite";"Decrescente";"Céu Claro";"Dupla";"Reta";"Sim";3;0;1;0;1;2;1;4;-22,49846046;-44,23342487;"SPRF-RJ";"DEL07-RJ";"UOP02-DEL07-RJ"
335319;2021-01-19;"terça-feira";"00:10:00";"MG";381;810,4;"CAREACU";"Demais falhas mecânicas ou elétricas";"Incêndio";"Sem Vítimas";"Plena Noite";"Decrescente";"Nublado";"Dupla";"Reta";"Não";2;0;0;0;1;1;0;2;-22,04560399;-45,68921401;"SPRF-MG";"DEL16-MG";"UOP02-DEL16-MG"
335320;2021-01-18;"segunda-feira";"23:00:00";"MG";365;594;"ARAGUARI";"Reação tardia ou ineficiente do condutor";"Colisão frontal";"Com Vítimas Feridas";"Plena Noite";"Decrescente";"Nublado";"Simples";"Curva";"Não";3;0;1;0;1;1;1;3;-18,87258568;-48,07953688;"SPRF-MG";"DEL15-MG";"UOP02-DEL15-MG"
335321;2021-01-19;"terça-feira";"00:10:00";"PR";153;121,6;"IBAITI";"Velocidade Incompatível";"Tombamento";"Com Vítimas Feridas";"Plena Noite";"Crescente";"Nublado";"Simples";"Curva";"Não";3;0;1;0;2;0;1;1;-23,93119102;-50,23840265;"SPRF-PR";"DEL07-PR";"UOP04-DEL07-PR"
335323;2021-01-19;"terça-feira";"04:30:00";"GO";60;83,6;"ANAPOLIS";"Condutor Dormindo";"Colisão traseira";"Com Vítimas Feridas";"Amanhecer";"Crescente";"Céu Claro";"Dupla";"Declive;Reta";"Não";5;0;0;2;3;0;2;2;-16,3149;-48,846;"SPRF-GO";"DEL02-GO";"UOP01-DEL02-GO"
335325;2021-01-19;"terça-feira";"04:46:00";"RJ";101;271,3;"RIO BONITO";"Animais na Pista";"Atropelamento de Animal";"Com Vítimas Feridas";"Amanhecer";"Crescente";"Céu Claro";"Dupla";"Reta";"Não";3;0;2;0;1;0;2;3;-22,72443147;-42,69368143;"SPRF-RJ";"DEL02-RJ";"UOP03-DEL02-RJ"
335326;2021-01-18;"segunda-feira";"21:55:00";"SC";282;620;"IRACEMINHA";"Reação tardia ou ineficiente do condutor";"Tombamento";"Com Vítimas Feridas";"Plena Noite";"Decrescente";"Céu Claro";"Simples";"Curva";"Não";2;0;1;0;1;0;1;1;-26,799355;-53,308002;"SPRF-SC";"DEL07-SC";"UOP02-DEL07-SC"
335329;2021-01-19;"terça-feira";"06:10:00";"PR";376;322,5;"ORTIGUEIRA";"Velocidade Incompatível";"Colisão frontal";"Com Vítimas Feridas";"Pleno dia";"Decrescente";"Chuva";"Simples";"Curva;Declive";"Não";2;0;0;1;1;0;1;2;-24,038753;-51,07818;"SPRF-PR";"DEL07-PR";"UOP03-DEL07-PR"
335355;2021-01-19;"terça-feira";"08:20:00";"ES";393;1,5;"CACHOEIRO DE ITAPEMIRIM";"Acesso irregular";"Colisão lateral mesmo sentido";"Sem Vítimas";"Pleno dia";"Decrescente";"Sol";"Simples";"Reta";"Sim";2;0;0;0;1;1;0;2;-20,83723289;-41,16733095;"SPRF-ES";"DEL03-ES";"UOP02-DEL03-ES"
335357;2021-01-19;"terça-feira";"08:30:00";"RN";304;24;"MOSSORO";"Reação tardia ou ineficiente do condutor";"Tombamento";"Sem Vítimas";"Pleno dia";"Decrescente";"Céu Claro";"Simples";"Rotatória";"Não";2;0;0;0;1;1;0;2;-5,06678152;-37,33090997;"SPRF-RN";"DEL04-RN";"UOP02-DEL04-RN"
335360;2021-01-19;"terça-feira";"10:50:00";"PI";343;348,1;"TERESINA";"Condutor deixou de manter distância do veículo da frente";"Colisão lateral mesmo sentido";"Com Vítimas Feridas";"Pleno dia";"Crescente";"Nublado";"Simples";"Reta";"Sim";2;0;1;0;1;0;1;2;-5,118706;-42,786411;"SPRF-PI";"DEL01-PI";"UOP01-DEL01-PI"
335365;2021-01-19;"terça-feira";"11:30:00";"PE";101;83,4;"JABOATAO DOS GUARARAPES";"Manobra de mudança de faixa";"Colisão lateral mesmo sentido";"Com Vítimas Feridas";"Pleno dia";"Crescente";"Sol";"Dupla";"Retorno Regulamentado";"Não";3;0;1;0;1;1;1;3;-8,175172;-34,942642;"SPRF-PE";"DEL01-PE";"UOP03-DEL01-PE"
335367;2021-01-19;"terça-feira";"11:00:00";"RS";285;453,1;"IJUI";"Condutor deixou de manter distância do veículo da frente";"Colisão traseira";"Com Vítimas Feridas";"Pleno dia";"Crescente";"Sol";"Simples";"Reta";"Não";5;0;1;0;4;0;1;4;-28,374586;-53,860813;"SPRF-RS";"DEL10-RS";"UOP01-DEL10-RS"
335368;2021-01-19;"terça-feira";"11:35:00";"PA";316;49,6;"SANTA IZABEL DO PARA";"Transitar na contramão";"Colisão frontal";"Com Vítimas Feridas";"Pleno dia";"Crescente";"Chuva";"Dupla";"Curva";"Não";3;0;0;1;1;2;1;4;-1,30612;-48,040771;"SPRF-PA";"DEL01-PA";"UOP01-DEL01-PA"
335369;2021-01-19;"terça-feira";"10:40:00";"SP";381;72;"SAO PAULO";"Demais falhas mecânicas ou elétricas";"Incêndio";"Sem Vítimas";"Pleno dia";"Decrescente";"Céu Claro";"Dupla";"Reta";"Não";2;0;0;0;1;1;0;2;-23,35761806;-46,54970281;"SPRF-SP";"DEL03-SP";"UOP01-DEL03-SP"
335374;2021-01-19;"terça-feira";"12:00:00";"RJ";40;21;"TRES RIOS";"Velocidade Incompatível";"Saída de leito carroçável";"Com Vítimas Feridas";"Pleno dia";"Decrescente";"Céu Claro";"Simples";"Curva";"Não";2;0;1;0;1;0;1;1;-22,11423526;-43,15858581;"SPRF-RJ";"DEL05-RJ";"UOP02-DEL05-RJ"
335377;2021-01-19;"terça-feira";"11:10:00";"MG";381;869;"POUSO ALEGRE";"Desrespeitar a preferência no cruzamento";"Colisão transversal";"Sem Vítimas";"Pleno dia";"Crescente";"Céu Claro";"Simples";"Rotatória";"Não";3;0;0;0;2;2;0;4;-22,42671983;-45,97163217;"SPRF-MG";"DEL16-MG";"UOP01-DEL16-MG"
335380;2021-01-19;"terça-feira";"10:00:00";"MS";163;23;"MUNDO NOVO";"Desrespeitar a preferência no cruzamento";"Colisão transversal";"Com Vítimas Feridas";"Pleno dia";"Crescente";"Nublado";"Simples";"Reta";"Não";3;0;1;0;1;1;1;3;-23,90435757;-54,30132151;"SPRF-MS";"DEL09-MS";"UOP02-DEL09-MS"
335381;2021-01-19;"terça-feira";"13:00:00";"GO";50;306;"CUMARI";"Velocidade Incompatível";"Tombamento";"Com Vítimas Feridas";"Pleno dia";"Crescente";"Céu Claro";"Dupla";"Curva";"Não";3;0;0;1;0;2;1;3;-18,3701;-48,0555;"SPRF-GO";"DEL06-GO";"UOP01-DEL06-GO"
335384;2021-01-19;"terça-feira";"14:01:00";"GO";40;18;"ALEXANIA";"Reação tardia ou ineficiente do condutor";"Colisão traseira";"Sem Vítimas";"Pleno dia";"Crescente";"Sol";"Dupla";"Aclive";"Não";2;0;0;0;2;0;0;2;-16,111883;-48,366236;"SPRF-DF";"DEL01-DF";"UOP01-DEL01-DF"
335386;2021-01-19;"terça-feira";"13:35:00";"SC";101;140;"BALNEARIO CAMBORIU";"Manobra de mudança de faixa";"Colisão lateral mesmo sentido";"Sem Vítimas";"Pleno dia";"Crescente";"Céu Claro";"Múltipla";"Curva";"Não";4;0;0;0;3;1;0;4;-27,03881189;-48,60025148;"SPRF-SC";"DEL04-SC";"UOP03-DEL04-SC"
335390;2021-01-19;"terça-feira";"13:50:00";"RS";285;312,5;"PASSO FUNDO";"Condutor usando celular";"Tombamento";"Com Vítimas Feridas";"Pleno dia";"Crescente";"Céu Claro";"Simples";"Curva";"Sim";3;0;0;1;0;2;1;3;-28,241541;-52,553028;"SPRF-RS";"DEL08-RS";"UOP03-DEL08-RS"
335392;2021-01-19;"terça-feira";"13:40:00";"SC";470;60;"BLUMENAU";"Desrespeitar a preferência no cruzamento";"Colisão transversal";"Com Vítimas Feridas";"Pleno dia";"Decrescente";"Nublado";"Simples";"Reta";"Sim";2;0;1;1;0;0;2;2;-26,88138;-49,164543;"SPRF-SC";"DEL04-SC";"UOP01-DEL04-SC"
335393;2021-01-19;"terça-feira";"14:40:00";"ES";262;1,9;"CARIACICA";"Velocidade Incompatível";"Colisão lateral";"Com Vítimas Feridas";"Pleno dia";"Crescente";"Sol";"Dupla";"Interseção de Vias;Curva";"Sim";4;0;1;0;3;0;1;4;-20,32955204;-40,35492602;"SPRF-ES";"DEL01-ES";"UOP01-DEL01-ES"
335394;2021-01-19;"terça-feira";"13:15:00";"SP";116;288;"ITAPECERICA DA SERRA";"Demais falhas mecânicas ou elétricas";"Incêndio";"Sem Vítimas";"Pleno dia";"Decrescente";"Nublado";"Dupla";"Reta";"Não";1;0;0;0;1;0;0;1;-23,719254;-46,883144;"SPRF-SP";"DEL04-SP";"UOP01-DEL04-SP"
335402;2021-01-19;"terça-feira";"15:00:00";"PR";277;584;"CASCAVEL";"Ingestão de álcool pelo condutor";"Colisão lateral mesmo sentido";"Sem Vítimas";"Pleno dia";"Crescente";"Nublado";"Simples";"Interseção de Vias";"Sim";4;0;0;0;3;1;0;4;-24,96684176;-53,40258186;"SPRF-PR";"DEL04-PR";"UOP01-DEL04-PR"