"id";"data_inversa";"dia_semana";"horario";"uf";"br";"km";"municipio";"causa_acidente";"tipo_acidente";"classificacao_acidente";"fase_dia";"sentido_via";"condicao_metereologica";"tipo_pista";"tracado_via";"uso_solo";"pessoas";"mortos";"feridos_leves";"feridos_graves";"ilesos";"ignorados";"feridos";"veiculos";"latitude";"longitude";"regional";"delegacia";"uop"
335665;2021-01-20;"quarta-feira";"19:05:00";"RO";364;426;"JARU";"Acessar a via sem observar a presença dos outros veículos";"Colisão transversal";"Sem Vítimas";"Plena Noite";"Decrescente";"Céu Claro";"Simples";"Reta;Interseção de Vias";"Sim";4;0;0;0;3;1;0;4;-10,432443;-62,479584;"SPRF-RO";"DEL03-RO";"UOP02-DEL03-RO"
335666;2021-01-20;"quarta-feira";"19:45:00";"RJ";465;18;"SEROPEDICA";"Área urbana sem a presença de local apropriado para a travessia de pedestres";"Atropelamento de Pedestre";"Com Vítimas Feridas";"Plena Noite";"Crescente";"Céu Claro";"Simples";"Reta";"Sim";2;0;1;0;1;0;1;2;-22,831354;-43,615128;"SPRF-RJ";"DEL03-RJ";"UOP01-DEL03-RJ"
335668;2021-01-20;"quarta-feira";"22:30:00";"MG";153;114;"PRATA";"Ausência de reação do condutor";"Colisão lateral";"Com Vítimas Feridas";"Plena Noite";"Decrescente";"Céu Claro";"Simples";"Reta";"Não";4;0;2;0;1;3;2;5;-19,34920801;-48,89751704;"SPRF-MG";"DEL15-MG";"UOP03-DEL15-MG"
335675;2021-01-20;"quarta-feira";"23:10:00";"CE";116;325;"JAGUARIBE";"Velocidade Incompatível";"Tombamento";"Com Vítimas Feridas";"Plena Noite";"Decrescente";"Nublado";"Simples";"Declive;Reta";"Não";1;0;1;0;0;0;1;1;-6,03230093;-38,64455732;"SPRF-CE";"DEL05-CE";"UOP02-DEL05-CE"
335677;2021-01-21;"quinta-feira";"01:20:00";"PA";316;38,6;"SANTA IZABEL DO PARA";"Pedestre andava na pista";"Atropelamento de Pedestre";"Com Vítimas Fatais";"Plena Noite";"Decrescente";"Nublado";"Dupla";"Reta";"Não";3;1;0;0;0;3;0;4;-1,29146197;-48,164561;"SPRF-PA";"DEL01-PA";"UOP01-DEL01-PA"
335679;2021-01-21;"quinta-feira";"02:10:00";"RJ";356;86;"CARDOSO MOREIRA";"Transitar na contramão";"Colisão frontal";"Com Vítimas Fatais";"Amanhecer";"Decrescente";"Céu Claro";"Simples";"Reta";"Não";3;1;0;0;1;1;0;3;-21,48729077;-41,63956383;"SPRF-RJ";"DEL08-RJ";"UOP03-DEL08-RJ"
335680;2021-01-21;"quinta-feira";"02:50:00";"BA";116;905;"CANDIDO SALES";"Ausência de reação do condutor";"Tombamento";"Com Vítimas Feridas";"Plena Noite";"Crescente";"Céu Claro";"Simples";"Reta";"Não";2;0;1;0;0;1;1;2;-15,39610606;-41,20627884;"SPRF-BA";"DEL08-BA";"UOP03-DEL08-BA"
335685;2021-01-21;"quinta-feira";"05:25:00";"MG";40;528,5;"CONTAGEM";"Reação tardia ou ineficiente do condutor";"Colisão traseira";"Com Vítimas Feridas";"Amanhecer";"Decrescente";"Céu Claro";"Dupla";"Reta";"Sim";3;0;0;1;1;1;1;3;-19,90883179;-44,04436577;"SPRF-MG";"DEL01-MG";"UOP02-DEL01-MG"
335694;2021-01-21;"quinta-feira";"06:00:00";"SC";470;157,8;"TROMBUDO CENTRAL";"Velocidade Incompatível";"Colisão frontal";"Com Vítimas Feridas";"Pleno dia";"Crescente";"Chuva";"Simples";"Reta";"Não";3;0;0;1;1;1;1;3;-27,28676706;-49,77774382;"SPRF-SC";"DEL04-SC";"UOP02-DEL04-SC"
335695;2021-01-21;"quinta-feira";"07:05:00";"TO";153;116,3;"WANDERLANDIA";"Ultrapassagem Indevida";"Colisão frontal";"Com Vítimas Fatais";"Pleno dia";"Decrescente";"Céu Claro";"Simples";"Reta";"Não";5;2;0;0;3;0;0;2;-7,00287492;-48,09810744;"SPRF-TO";"DEL02-TO";"UOP01-DEL02-TO"
335699;2021-01-21;"quinta-feira";"06:35:00";"ES";101;298,5;"VIANA";"Desrespeitar a preferência no cruzamento";"Colisão lateral";"Com Vítimas Feridas";"Pleno dia";"Crescente";"Céu Claro";"Múltipla";"Viaduto;Retorno Regulamentado";"Sim";3;0;1;1;1;0;2;2;-20,35374444;-40,4156433;"SPRF-ES";"DEL01-ES";"UOP01-DEL01-ES"
335709;2021-01-20;"quarta-feira";"15:45:00";"MG";381;686,5;"LAVRAS";"Velocidade Incompatível";"Tombamento";"Sem Vítimas";"Pleno dia";"Decrescente";"Céu Claro";"Dupla";"Curva";"Não";2;0;0;0;1;1;0;2;-21,20030689;-45,11944438;"SPRF-MG";"DEL04-MG";"UOP02-DEL04-MG"
335710;2021-01-21;"quinta-feira";"07:44:00";"RJ";40;119;"DUQUE DE CAXIAS";"Trafegar com motocicleta (ou similar) entre as faixas";"Colisão traseira";"Com Vítimas Feridas";"Pleno dia";"Crescente";"Sol";"Múltipla";"Reta";"Sim";3;0;1;0;1;1;1;3;-22,76375592;-43,28683062;"SPRF-RJ";"DEL01-RJ";"UOP01-DEL01-RJ"
335713;2021-01-21;"quinta-feira";"03:50:00";"MG";116;655,7;"FERVEDOURO";"Reação tardia ou ineficiente do condutor";"Colisão traseira";"Com Vítimas Feridas";"Amanhecer";"Crescente";"Ignorado";"Simples";"Reta";"Não";3;0;0;1;1;2;1;4;-20,75548766;-42,29948736;"SPRF-MG";"DEL07-MG";"UOP03-DEL07-MG"
335714;2021-01-21;"quinta-feira";"09:40:00";"RJ";101;314;"SAO GONCALO";"Condutor deixou de manter distância do veículo da frente";"Engavetamento";"Com Vítimas Feridas";"Pleno dia";"Crescente";"Céu Claro";"Dupla";"Ponte";"Não";4;0;1;0;3;0;1;4;-22,81648739;-43,07728467;"SPRF-RJ";"DEL02-RJ";"UOP02-DEL02-RJ"
335718;2021-01-21;"quinta-feira";"09:47:00";"SC";101;38;"JOINVILLE";"Manobra de mudança de faixa";"Colisão lateral";"Com Vítimas Feridas";"Pleno dia";"Decrescente";"Nublado";"Dupla";"Reta";"Sim";4;0;1;0;2;1;1;3;-26,25472505;-48,90561309;"SPRF-SC";"DEL03-SC";"UOP01-DEL03-SC"
335719;2021-01-13;"quarta-feira";"12:30:00";"MS";163;221;"CAARAPO";"Manobra de mudança de faixa";"Colisão frontal";"Com Vítimas Feridas";"Pleno dia";"Crescente";"Céu Claro";"Simples";"Declive";"Não";4;0;1;1;1;1;2;3;-22,53285791;-54,85002889;"SPRF-MS";"DEL04-MS";"UOP02-DEL04-MS"
335726;2021-01-21;"quinta-feira";"10:20:00";"BA";101;18,5;"RIO REAL";"Acumulo de água sobre o pavimento";"Saída de leito carroçável";"Com Vítimas Feridas";"Pleno dia";"Crescente";"Chuva";"Dupla";"Reta";"Não";1;0;1;0;0;0;1;1;-11,637306;-37,889159;"SPRF-SE";"DEL02-SE";"UOP03-DEL02-SE"
335757;2021-01-21;"quinta-feira";"15:10:00";"CE";222;226,6;"SOBRAL";"Demais falhas na via";"Colisão frontal";"Com Vítimas Feridas";"Pleno dia";"Crescente";"Chuva";"Simples";"Curva";"Sim";3;0;0;2;0;1;2;3;-3,70648417;-40,36099807;"SPRF-CE";"DEL04-CE";"UOP01-DEL04-CE"
335758;2021-01-04;"segunda-feira";"05:40:00";"BA";242;828;"BARREIRAS";"Ausência de reação do condutor";"Colisão traseira";"Com Vítimas Feridas";"Amanhecer";"Crescente";"Céu Claro";"Simples";"Reta";"Não";3;0;1;0;2;0;1;2;-12,09191705;-45,40541053;"SPRF-BA";"DEL10-BA";"UOP01-DEL10-BA"
335764;2021-01-21;"quinta-feira";"15:05:00";"SC";101;335;"TUBARAO";"Manobra de mudança de faixa";"Colisão lateral";"Com Vítimas Feridas";"Pleno dia";"Crescente";"Chuva";"Dupla";"Reta";"Sim";3;0;1;0;1;1;1;3;-28,47533085;-49,02854919;"SPRF-SC";"DEL02-SC";"UOP01-DEL02-SC"
335767;2021-01-21;"quinta-feira";"15:55:00";"RS";158;295,2;"JULIO DE CASTILHOS";"Ultrapassagem Indevida";"Colisão frontal";"Com Vítimas Fatais";"Pleno dia";"Decrescente";"Garoa/Chuvisco";"Simples";"Reta";"Não";6;1;1;1;1;2;2;6;-29,50500808;-53,70199593;"SPRF-RS";"DEL09-RS";"UOP01-DEL09-RS"
335770;2021-01-21;"quinta-feira";"15:20:00";"PR";369;160,5;"CAMBE";"Condutor deixou de manter distância do veículo da frente";"Colisão traseira";"Com Vítimas Feridas";"Pleno dia";"Decrescente";"Nublado";"Dupla";"Reta";"Não";3;0;2;0;1;0;2;2;-23,283475;-51,257876;"SPRF-PR";"DEL07-PR";"UOP01-DEL07-PR"
335779;2021-01-21;"quinta-feira";"02:00:00";"PB";116;9;"CACHOEIRA DOS INDIOS";"Chuva";"Saída de leito carroçável";"Sem Vítimas";"Plena Noite";"Decrescente";"Chuva";"Simples";"Curva";"Não";2;0;0;0;1;1;0;2;-6,970903;-38,734009;"SPRF-CE";"DEL05-CE";"UOP03-DEL05-CE"
335780;2021-01-21;"quinta-feira";"17:05:00";"MT";364;486,3;"JANGADA";"Ultrapassagem Indevida";"Colisão frontal";"Com Vítimas Feridas";"Pleno dia";"Crescente";"Chuva";"Simples";"Declive;Curva";"Não";6;0;1;0;4;1;1;3;-15,35830706;-56,41219514;"SPRF-MT";"DEL01-MT";"UOP02-DEL01-MT"
335781;2021-01-21;"quinta-feira";"17:00:00";"MT";364;275;"JACIARA";"Curva acentuada";"Tombamento";"Sem Vítimas";"Pleno dia";"Crescente";"Céu Claro";"Dupla";"Curva";"Não";2;0;0;0;1;2;0;3;-15,95085604;-54,98237599;"SPRF-MT";"DEL02-MT";"UOP01-DEL02-MT"
335783;2021-01-21;"quinta-feira";"17:00:00";"SC";470;60,1;"BLUMENAU";"Ausência de reação do condutor";"Colisão traseira";"Com Vítimas Feridas";"Pleno dia";"Decrescente";"Chuva";"Simples";"Reta";"Não";4;0;0;1;2;3;1;6;-26,88138;-49,164543;"SPRF-SC";"DEL04-SC";"UOP01-DEL04-SC"
335790;2021-01-21;"quinta-feira";"17:00:00";"GO";153;628;"MORRINHOS";"Condutor Dormindo";"Tombamento";"Com Vítimas Feridas";"Pleno dia";"Decrescente";"Céu Claro";"Dupla";"Aclive;Curva";"Não";2;0;1;0;0;2;1;3;-17,7843;-49,1865;"SPRF-GO";"DEL03-GO";"UOP01-DEL03-GO"
335809;2021-01-21;"quinta-feira";"20:35:00";"AL";316;66;"POCO DAS TRINCHEIRAS";"Reação tardia ou ineficiente do condutor";"Colisão traseira";"Com Vítimas Fatais";"Plena Noite";"Decrescente";"Nublado";"Simples";"Aclive;Reta";"Não";13;1;0;10;2;0;10;4;-9,278827;-37,380548;"SPRF-AL";"DEL03-AL";"UOP02-DEL03-AL"
335813;2021-01-21;"quinta-feira";"20:40:00";"ES";101;423,2;"ATILIO VIVACQUA";"Demais falhas mecânicas ou elétricas";"Colisão traseira";"Com Vítimas Feridas";"Plena Noite";"Decrescente";"Céu Claro";"Simples";"Curva";"Não";5;0;1;0;3;1;1;3;-20,988749;-41,11846998;"SPRF-ES";"DEL03-ES";"UOP02-DEL03-ES"
335814;2021-01-21;"quinta-feira";"21:00:00";"SC";280;25;"ARAQUARI";"Ingestão de álcool pelo condutor";"Colisão com objeto";"Com Vítimas Feridas";"Plena Noite";"Crescente";"Garoa/Chuvisco";"Simples";"Ponte";"Não";4;0;4;0;0;0;4;2;-26,38352781;-48,72677516;"SPRF-SC";"DEL03-SC";"UOP03-DEL03-SC"
335822;2021-01-21;"quinta-feira";"21:00:00";"GO";158;60,8;"BOM JARDIM DE GOIAS";"Ausência de reação do condutor";"Saída de leito carroçável";"Com Vítimas Fatais";"Plena Noite";"Crescente";"Nublado";"Simples";"Curva";"Não";2;1;0;0;0;1;0;2;-16,2805604;-51,987077;"SPRF-GO";"DEL04-GO";"UOP01-DEL04-GO"
335828;2021-01-21;"quinta-feira";"17:50:00";"GO";153;563,2;"PROFESSOR JAMIL";"Demais falhas mecânicas ou elétricas";"Colisão traseira";"Com Vítimas Feridas";"Anoitecer";"Decrescente";"Céu Claro";"Dupla";"Declive";"Não";3;0;0;1;1;2;1;4;-17,2383;-49,239;"SPRF-GO";"DEL03-GO";"UOP01-DEL03-GO"
335831;2021-01-21;"quinta-feira";"21:50:00";"PR";376;499,5;"PONTA GROSSA";"Velocidade Incompatível";"Colisão traseira";"Com Vítimas Feridas";"Plena Noite";"Decrescente";"Nublado";"Dupla";"Em Obras";"Sim";3;0;0;1;1;3;1;5;-25,19475149;-50,07738945;"SPRF-PR";"DEL03-PR";"UOP04-DEL03-PR"
335834;2021-01-22;"sexta-feira";"00:00:00";"MG";40;603;"CONGONHAS";"Condutor deixou de manter distância do veículo da frente";"Colisão traseira";"Com Vítimas Feridas";"Plena Noite";"Decrescente";"Céu Claro";"Simples";"Aclive;Reta";"Não";4;0;0;1;2;1;1;3;-20,44326;-43,83981;"SPRF-MG";"DEL05-MG";"UOP02-DEL05-MG"
335840;2021-01-22;"sexta-feira";"01:15:00";"MG";251;449,7;"GRAO MOGOL";"Velocidade Incompatível";"Colisão com objeto";"Com Vítimas Feridas";"Plena Noite";"Decrescente";"Céu Claro";"Simples";"Curva";"Não";2;0;1;0;0;1;1;2;-16,420528;-43,28967;"SPRF-MG";"DEL12-MG";"UOP01-DEL12-MG"
335843;2021-01-22;"sexta-feira";"03:00:00";"ES";262;195,9;"IUNA";"Problema com o freio";"Saída de leito carroçável";"Com Vítimas Feridas";"Plena Noite";"Crescente";"Céu Claro";"Simples";"Curva";"Não";2;0;0;2;0;0;2;1;-20,2846379;-41,77132778;"SPRF-ES";"DEL01-ES";"UOP02-DEL01-ES"
335846;2021-01-22;"sexta-feira";"03:55:00";"PE";101;77,7;"RECIFE";"Entrada inopinada do pedestre";"Atropelamento de Pedestre";"Com Vítimas Fatais";"Plena Noite";"Decrescente";"Céu Claro";"Dupla";"Reta";"Sim";2;1;0;0;0;1;0;2;-8,130989;-34,944929;"SPRF-PE";"DEL01-PE";"UOP01-DEL01-PE"
335851;2021-01-22;"sexta-feira";"02:40:00";"SC";101;3,4;"GARUVA";"Velocidade Incompatível";"Tombamento";"Com Vítimas Feridas";"Plena Noite";"Decrescente";"Chuva";"Dupla";"Curva";"Não";1;0;1;0;0;0;1;1;-26,00590592;-48,86695683;"SPRF-SC";"DEL03-SC";"UOP01-DEL03-SC"
335852;2021-01-22;"sexta-feira";"04:00:00";"RJ";101;311;"SAO GONCALO";"Reação tardia ou ineficiente do condutor";"Colisão com objeto";"Sem Vítimas";"Amanhecer";"Crescente";"Céu Claro";"Dupla";"Ponte";"Não";1;0;0;0;1;0;0;1;-22,80062246;-43,05318779;"SPRF-RJ";"DEL02-RJ";"UOP02-DEL02-RJ"
335862;2021-01-22;"sexta-feira";"05:00:00";"TO";153;401,9;"MIRANORTE";"Ausência de reação do condutor";"Eventos atípicos";"Com Vítimas Fatais";"Amanhecer";"Decrescente";"Nublado";"Simples";"Aclive";"Não";2;1;0;0;0;2;0;3;-9,41877102;-48,57151689;"SPRF-TO";"DEL02-TO";"UOP02-DEL02-TO"
335863;2021-01-22;"sexta-feira";"06:35:00";"ES";262;113,9;"VENDA NOVA DO IMIGRANTE";"Transitar no acostamento";"Colisão lateral";"Com Vítimas Feridas";"Pleno dia";"Decrescente";"Céu Claro";"Simples";"Reta";"Sim";2;0;0;1;0;1;1;2;-20,33171889;-41,20453016;"SPRF-ES";"DEL01-ES";"UOP02-DEL01-ES"
335865;2021-01-22;"sexta-feira";"07:40:00";"ES";262;6,6;"CARIACICA";"Trafegar com motocicleta (ou similar) entre as faixas";"Colisão com objeto";"Com Vítimas Feridas";"Pleno dia";"Decrescente";"Chuva";"Dupla";"Reta";"Sim";4;0;1;1;1;1;2;3;-20,34007493;-40,39451305;"SPRF-ES";"DEL01-ES";"UOP01-DEL01-ES"
335871;2021-01-20;"quarta-feira";"21:25:00";"PR";277;516;"GUARANIACU";"Transitar na contramão";"Colisão lateral";"Sem Vítimas";"Pleno dia";"Crescente";"Chuva";"Simples";"Reta";"Não";2;0;0;0;1;1;0;2;-25,11722483;-52,81349172;"SPRF-PR";"DEL04-PR";"UOP01-DEL04-PR"
335873;2021-01-22;"sexta-feira";"07:30:00";"SP";116;174,5;"JACAREI";"Demais falhas mecânicas ou elétricas";"Colisão com objeto";"Com Vítimas Fatais";"Pleno dia";"Crescente";"Sol";"Dupla";"Declive";"Não";1;1;0;0;0;0;0;1;-23,32057287;-46,09074403;"SPRF-SP";"DEL02-SP";"UOP01-DEL02-SP"
335876;2021-01-22;"sexta-feira";"07:30:00";"MG";381;933,2;"EXTREMA";"Condutor Dormindo";"Colisão com objeto";"Com Vítimas Fatais";"Pleno dia";"Decrescente";"Sol";"Dupla";"Reta";"Não";5;1;3;1;0;0;4;2;-22,79692847;-46,25449289;"SPRF-MG";"DEL16-MG";"UOP03-DEL16-MG"
335879;2021-01-22;"sexta-feira";"08:15:00";"MG";262;755,5;"SACRAMENTO";"Acessar a via sem observar a presença dos outros veículos";"Colisão transversal";"Com Vítimas Feridas";"Pleno dia";"Decrescente";"Céu Claro";"Simples";"Rotatória";"Não";3;0;1;0;1;2;1;4;-19,64307255;-47,51054764;"SPRF-MG";"DEL13-MG";"UOP01-DEL13-MG"
335887;2021-01-22;"sexta-feira";"08:20:00";"MS";163;487,4;"CAMPO GRANDE";"Acessar a via sem observar a presença dos outros veículos";"Colisão transversal";"Com Vítimas Feridas";"Pleno dia";"Crescente";"Nublado";"Simples";"Retorno Regulamentado";"Sim";2;0;0;1;1;0;1;2;-20,420228;-54,546493;"SPRF-MS";"DEL01-MS";"UOP02-DEL01-MS"
335888;2021-01-14;"quinta-feira";"21:20:00";"MS";163;266;"DOURADOS";"Condutor deixou de manter distância do veículo da frente";"Colisão traseira";"Com Vítimas Feridas";"Plena Noite";"Crescente";"Céu Claro";"Dupla";"Reta";"Sim";3;0;0;1;1;1;1;3;-22,21821026;-54,72287079;"SPRF-MS";"DEL04-MS";"UOP01-DEL04-MS"
335892;2021-01-22;"sexta-feira";"08:15:00";"ES";262;29,2;"DOMINGOS MARTINS";"Objeto estático sobre o leito carroçável";"Colisão traseira";"Com Vítimas Feridas";"Pleno dia";"Decrescente";"Chuva";"Simples";"Curva";"Não";5;0;1;0;3;1;1;5;-20,37402639;-40,5593211;"SPRF-ES";"DEL01-ES";"UOP01-DEL01-ES"
335899;2021-01-22;"sexta-feira";"06:10:00";"MG";262;5,2;"MARTINS SOARES";"Velocidade Incompatível";"Tombamento";"Com Vítimas Feridas";"Pleno dia";"Decrescente";"Céu Claro";"Simples";"Curva";"Não";2;0;1;0;0;1;1;2;-20,25760679;-41,80160407;"SPRF-MG";"DEL06-MG";"UOP03-DEL06-MG"
335900;2021-01-22;"sexta-feira";"09:30:00";"PR";158;516,9;"PATO BRANCO";"Demais falhas mecânicas ou elétricas";"Incêndio";"Sem Vítimas";"Pleno dia";"Crescente";"Nublado";"Simples";"Reta";"Não";1;0;0;0;1;0;0;1;-26,08339816;-52,64028891;"SPRF-PR";"DEL02-PR";"UOP01-DEL02-PR"
335901;2021-01-22;"sexta-feira";"09:00:00";"BA";101;800,3;"ITAMARAJU";"Velocidade Incompatível";"Colisão frontal";"Com Vítimas Feridas";"Pleno dia";"Decrescente";"Chuva";"Simples";"Reta";"Não";4;0;3;0;1;0;3;2;-17,14135504;-39,56892786;"SPRF-BA";"DEL09-BA";"UOP01-DEL09-BA"
335907;2021-01-22;"sexta-feira";"08:20:00";"SC";470;166;"POUSO REDONDO";"Velocidade Incompatível";"Colisão frontal";"Com Vítimas Feridas";"Pleno dia";"Decrescente";"Chuva";"Simples";"Curva";"Não";5;0;2;0;3;0;2;5;-27,275208;-49,855125;"SPRF-SC";"DEL04-SC";"UOP02-DEL04-SC"
335908;2021-01-22;"sexta-feira";"09:00:00";"SC";470;235,2;"SAO CRISTOVAO DO SUL";"Condutor deixou de manter distância do veículo da frente";"Colisão traseira";"Sem Vítimas";"Pleno dia";"Decrescente";"Chuva";"Simples";"Aclive";"Não";2;0;0;0;2;0;0;2;-27,302292;-50,439423;"SPRF-SC";"DEL05-SC";"UOP03-DEL05-SC"
335910;2021-01-22;"sexta-feira";"13:30:00";"GO";153;527;"HIDROLANDIA";"Condutor deixou de manter distância do veículo da frente";"Colisão traseira";"Com Vítimas Feridas";"Pleno dia";"Decrescente";"Sol";"Dupla";"Aclive";"Não";5;0;2;0;2;1;2;3;-16,9457;-49,2511;"SPRF-GO";"DEL01-GO";"UOP03-DEL01-GO"
335914;2021-01-22;"sexta-feira";"13:50:00";"MG";40;597,3;"OURO PRETO";"Frear bruscamente";"Engavetamento";"Com Vítimas Feridas";"Pleno dia";"Decrescente";"Céu Claro";"Dupla";"Interseção de Vias";"Não";4;0;1;0;2;1;1;4;-20,42042719;-43,88163686;"SPRF-MG";"DEL05-MG";"UOP02-DEL05-MG"
335915;2021-01-22;"sexta-feira";"14:40:00";"BA";101;121,3;"ALAGOINHAS";"Manobra de mudança de faixa";"Saída de leito carroçável";"Com Vítimas Feridas";"Pleno dia";"Crescente";"Chuva";"Simples";"Reta";"Não";1;0;0;1;0;0;1;1;-12,16798601;-38,57040997;"SPRF-BA";"DEL01-BA";"UOP04-DEL01-BA"
335924;2021-01-22;"sexta-feira";"10:15:00";"RJ";393;124;"SAPUCAIA";"Velocidade Incompatível";"Colisão lateral";"Com Vítimas Feridas";"Pleno dia";"Crescente";"Céu Claro";"Simples";"Curva";"Não";3;0;1;0;1;1;1;3;-21,94148988;-42,82319999;"SPRF-RJ";"DEL05-RJ";"UOP01-DEL05-RJ"
335929;2021-01-22;"sexta-feira";"13:50:00";"RS";386;439;"CANOAS";"Demais falhas mecânicas ou elétricas";"Colisão lateral";"Com Vítimas Feridas";"Pleno dia";"Decrescente";"Céu Claro";"Dupla";"Reta";"Sim";3;0;1;0;2;0;1;3;-29,871458;-51,248714;"SPRF-RS";"DEL04-RS";"UOP02-DEL04-RS"
335938;2021-01-22;"sexta-feira";"16:30:00";"PE";116;82;"BELEM DE SAO FRANCISCO";"Carga excessiva e/ou mal acondicionada";"Tombamento";"Com Vítimas Feridas";"Pleno dia";"Decrescente";"Céu Claro";"Dupla";"Rotatória";"Não";2;0;1;0;1;0;1;1;-8,54875802;-39,22532777;"SPRF-PE";"DEL05-PE";"UOP03-DEL05-PE"
335949;2021-01-22;"sexta-feira";"17:40:00";"MG";381;517,5;"IGARAPE";"Ausência de reação do condutor";"Colisão traseira";"Com Vítimas Feridas";"Anoitecer";"Crescente";"Céu Claro";"Dupla";"Reta";"Não";2;0;1;0;1;0;1;2;-20,11382303;-44,30720801;"SPRF-MG";"DEL04-MG";"UOP03-DEL04-MG"
335953;2021-01-22;"sexta-feira";"15:00:00";"MS";163;75;"ITAQUIRAI";"Ingestão de álcool pelo condutor";"Colisão transversal";"Sem Vítimas";"Pleno dia";"Decrescente";"Céu Claro";"Simples";"Reta";"Sim";3;0;0;0;2;2;0;4;-23,50091105;-54,18729772;"SPRF-MS";"DEL09-MS";"UOP02-DEL09-MS"
335956;2021-01-22;"sexta-feira";"14:01:00";"SC";470;222,7;"SAO CRISTOVAO DO SUL";"Chuva";"Capotamento";"Com Vítimas Feridas";"Pleno dia";"Crescente";"Chuva";"Simples";"Curva";"Não";1;0;1;0;0;0;1;1;-27,316019;-50,327316;"SPRF-SC";"DEL05-SC";"UOP03-DEL05-SC"
335963;2021-01-22;"sexta-feira";"19:08:00";"GO";251;30;"CRISTALINA";"Reação tardia ou ineficiente do condutor";"Colisão traseira";"Com Vítimas Feridas";"Plena Noite";"Decrescente";"Céu Claro";"Simples";"Reta";"Sim";2;0;0;1;1;0;1;2;-16,0820873;-47,52264448;"SPRF-DF";"DEL01-DF";"UOP01-DEL01-DF"
335966;2021-01-22;"sexta-feira";"09:00:00";"ES";482;9;"CACHOEIRO DE ITAPEMIRIM";"Velocidade Incompatível";"Colisão traseira";"Com Vítimas Feridas";"Pleno dia";"Crescente";"Céu Claro";"Dupla";"Curva";"Sim";2;0;1;0;1;0;1;2;-20,86597301;-41,11181303;"SPRF-ES";"DEL03-ES";"UOP02-DEL03-ES"
335970;2021-01-22;"sexta-feira";"18:50:00";"SC";280;136,8;"RIO NEGRINHO";"Ingestão de álcool pelo condutor";"Colisão transversal";"Com Vítimas Feridas";"Anoitecer";"Decrescente";"Garoa/Chuvisco";"Simples";"Declive;Interseção de Vias;Reta";"Não";4;0;1;1;1;1;2;3;-26,270102;-49,58121;"SPRF-SC";"DEL06-SC";"UOP03-DEL06-SC"
335974;2021-01-22;"sexta-feira";"20:40:00";"PR";116;133;"FAZENDA RIO GRANDE";"Ingestão de álcool pelo condutor";"Colisão lateral";"Com Vítimas Feridas";"Plena Noite";"Crescente";"Garoa/Chuvisco";"Dupla";"Reta";"Não";3;0;1;0;1;1;1;3;-25,66615703;-49,31432685;"SPRF-PR";"DEL01-PR";"UOP03-DEL01-PR"
335978;2021-01-22;"sexta-feira";"16:15:00";"MA";10;268,3;"IMPERATRIZ";"Transitar na contramão";"Colisão frontal";"Com Vítimas Fatais";"Pleno dia";"Decrescente";"Nublado";"Simples";"Reta";"Não";4;2;0;1;1;0;1;2;-5,391136;-47,473698;"SPRF-MA";"DEL04-MA";"UOP01-DEL04-MA"
335982;2021-01-22;"sexta-feira";"21:40:00";"SP";116;5;"QUELUZ";"Demais falhas mecânicas ou elétricas";"Incêndio";"Sem Vítimas";"Plena Noite";"Decrescente";"Céu Claro";"Dupla";"Curva";"Sim";2;0;0;0;1;1;0;2;-22,529476;-44,744602;"SPRF-SP";"DEL08-SP";"UOP02-DEL08-SP"
335986;2021-01-22;"sexta-feira";"16:20:00";"GO";364;149;"JATAI";"Ingestão de álcool pelo condutor";"Tombamento";"Com Vítimas Feridas";"Pleno dia";"Decrescente";"Nublado";"Simples";"Curva;Aclive";"Não";4;0;2;0;0;3;2;4;-18,165903;-51,420219;"SPRF-GO";"DEL05-GO";"UOP01-DEL05-GO"
335989;2021-01-22;"sexta-feira";"21:50:00";"MS";158;92;"PARANAIBA";"Manobra de mudança de faixa";"Tombamento";"Com Vítimas Feridas";"Plena Noite";"Crescente";"Céu Claro";"Dupla";"Reta";"Sim";2;0;1;0;0;1;1;2;-19,66558599;-51,20420823;"SPRF-MS";"DEL08-MS";"UOP01-DEL08-MS"
335998;2021-01-22;"sexta-feira";"21:00:00";"PR";373;395;"CANDOI";"Transitar na contramão";"Colisão frontal";"Sem Vítimas";"Plena Noite";"Decrescente";"Chuva";"Simples";"Reta";"Não";2;0;0;0;1;1;0;2;-25,54102996;-52,01054335;"SPRF-PR";"DEL08-PR";"UOP01-DEL08-PR"
336007;2021-01-22;"sexta-feira";"20:30:00";"PR";153;135;"VENTANIA";"Velocidade Incompatível";"Tombamento";"Com Vítimas Feridas";"Plena Noite";"Crescente";"Chuva";"Simples";"Curva";"Não";2;0;1;0;0;3;1;4;-24,04204514;-50,25045097;"SPRF-PR";"DEL07-PR";"UOP04-DEL07-PR"
336008;2021-01-23;"sábado";"00:30:00";"PR";277;6,8;"PARANAGUA";"Chuva";"Colisão frontal";"Com Vítimas Fatais";"Plena Noite";"Crescente";"Chuva";"Simples";"Curva;Declive";"Não";3;1;1;0;1;0;1;3;-25,560232;-48,582373;"SPRF-PR";"DEL01-PR";"UOP05-DEL01-PR"
336010;2021-01-23;"sábado";"00:00:00";"RN";304;241;"RIACHUELO";"Pedestre andava na pista";"Atropelamento de Pedestre";"Com Vítimas Fatais";"Plena Noite";"Crescente";"Céu Claro";"Simples";"Declive";"Não";2;1;0;0;0;1;0;2;-5,80596939;-35,82876231;"SPRF-RN";"DEL01-RN";"UOP02-DEL01-RN"