"id";"data_inversa";"dia_semana";"horario";"uf";"br";"km";"municipio";"causa_acidente";"tipo_acidente";"classificacao_acidente";"fase_dia";"sentido_via";"condicao_metereologica";"tipo_pista";"tracado_via";"uso_solo";"pessoas";"mortos";"feridos_leves";"feridos_graves";"ilesos";"ignorados";"feridos";"veiculos";"latitude";"longitude";"regional";"delegacia";"uop"
336016;2021-01-23;"sábado";"01:15:00";"MG";381;774,3;"CAMPANHA";"Condutor Dormindo";"Saída de leito carroçável";"Com Vítimas Fatais";"Plena Noite";"Crescente";"Nublado";"Dupla";"Retorno Regulamentado;Curva;Rotatória";"Não";2;1;0;0;0;1;0;2;-21,78757662;-45,43818712;"SPRF-MG";"DEL16-MG";"UOP02-DEL16-MG"
336022;2021-01-23;"sábado";"02:00:00";"CE";116;510,7;"BREJO SANTO";"Ingestão de álcool pelo condutor";"Colisão frontal";"Com Vítimas Fatais";"Plena Noite";"Decrescente";"Céu Claro";"Simples";"Reta";"Sim";4;1;1;1;0;2;2;4;-7,52740627;-38,99889975;"SPRF-CE";"DEL05-CE";"UOP03-DEL05-CE"
336023;2021-01-23;"sábado";"01:25:00";"RS";392;101;"MORRO REDONDO";"Ultrapassagem Indevida";"Colisão frontal";"Com Vítimas Fatais";"Plena Noite";"Crescente";"Céu Claro";"Simples";"Reta";"Não";3;1;0;0;1;2;0;4;-31,53006815;-52,58461814;"SPRF-RS";"DEL07-RS";"UOP01-DEL07-RS"
336024;2021-01-23;"sábado";"03:20:00";"MG";381;575,5;"ITAGUARA";"Condutor Dormindo";"Colisão traseira";"Com Vítimas Feridas";"Plena Noite";"Decrescente";"Céu Claro";"Dupla";"Reta";"Não";3;0;1;0;1;1;1;3;-20,47362595;-44,58422842;"SPRF-MG";"DEL04-MG";"UOP01-DEL04-MG"
336025;2021-01-23;"sábado";"02:30:00";"RS";392;117,7;"CANGUCU";"Ingestão de álcool pelo condutor";"Colisão frontal";"Com Vítimas Feridas";"Plena Noite";"Crescente";"Chuva";"Simples";"Curva";"Sim";3;0;1;1;0;1;2;3;-31,407131;-52,68174198;"SPRF-RS";"DEL07-RS";"UOP01-DEL07-RS"
336027;2021-01-23;"sábado";"01:00:00";"CE";304;9,8;"BEBERIBE";"Demais falhas mecânicas ou elétricas";"Incêndio";"Sem Vítimas";"Plena Noite";"Decrescente";"Céu Claro";"Simples";"Reta";"Não";2;0;0;0;1;2;0;3;-4,58815594;-38,130505;"SPRF-CE";"DEL03-CE";"UOP03-DEL03-CE"
336028;2021-01-23;"sábado";"03:20:00";"SC";101;157;"PORTO BELO";"Condutor deixou de manter distância do veículo da frente";"Engavetamento";"Com Vítimas Feridas";"Plena Noite";"Decrescente";"Garoa/Chuvisco";"Dupla";"Reta";"Não";3;0;1;0;2;0;1;3;-27,181625;-48,6121179;"SPRF-SC";"DEL04-SC";"UOP03-DEL04-SC"
336029;2021-01-22;"sexta-feira";"20:30:00";"AM";174;1013;"PRESIDENTE FIGUEIREDO";"Reação tardia ou ineficiente do condutor";"Colisão traseira";"Sem Vítimas";"Anoitecer";"Decrescente";"Céu Claro";"Simples";"Declive";"Não";3;0;0;0;1;3;0;4;-1,8626430824;-60,082973104;"SPRF-AM";"DEL01-AM";"UOP02-DEL01-AM"
336049;2021-01-23;"sábado";"06:40:00";"AL";316;85,9;"SANTANA DO IPANEMA";"Transitar na contramão";"Colisão frontal";"Com Vítimas Fatais";"Amanhecer";"Decrescente";"Nublado";"Simples";"Declive";"Sim";3;1;0;0;1;1;0;3;-9,36982836;-37,24347904;"SPRF-AL";"DEL03-AL";"UOP02-DEL03-AL"
336053;2021-01-23;"sábado";"06:10:00";"BA";235;349,9;"JUAZEIRO";"Ultrapassagem Indevida";"Colisão transversal";"Com Vítimas Fatais";"Pleno dia";"Crescente";"Céu Claro";"Simples";"Reta";"Sim";2;1;0;0;1;0;0;2;-9,43174507;-40,49803816;"SPRF-PE";"DEL06-PE";"UOP01-DEL06-PE"
336056;2021-01-23;"sábado";"06:40:00";"BA";116;28,6;"VITORIA DA CONQUISTA";"Reação tardia ou ineficiente do condutor";"Saída de leito carroçável";"Com Vítimas Feridas";"Pleno dia";"Crescente";"Céu Claro";"Simples";"Declive;Reta";"Não";2;0;1;0;0;1;1;2;-14,83609066;-40,82164243;"SPRF-BA";"DEL08-BA";"UOP01-DEL08-BA"
336060;2021-01-23;"sábado";"07:45:00";"RJ";493;120;"ITAGUAI";"Reação tardia ou ineficiente do condutor";"Colisão traseira";"Com Vítimas Feridas";"Pleno dia";"Crescente";"Sol";"Dupla";"Reta";"Sim";2;0;0;1;1;0;1;2;-22,86858331;-43,80111694;"SPRF-RJ";"DEL03-RJ";"UOP01-DEL03-RJ"
336064;2021-01-10;"domingo";"20:40:00";"MA";316;403,9;"ALTO ALEGRE DO MARANHAO";"Ingestão de álcool pelo condutor";"Colisão frontal";"Com Vítimas Feridas";"Plena Noite";"Crescente";"Garoa/Chuvisco";"Simples";"Reta";"Sim";3;0;0;1;1;1;1;3;-4,223082;-44,446121;"SPRF-MA";"DEL03-MA";"UOP01-DEL03-MA"
336068;2021-01-23;"sábado";"07:39:00";"RJ";101;247;"SILVA JARDIM";"Curva acentuada";"Tombamento";"Com Vítimas Feridas";"Pleno dia";"Decrescente";"Sol";"Dupla";"Curva";"Não";2;0;1;0;0;1;1;2;-22,65885276;-42,49422728;"SPRF-RJ";"DEL02-RJ";"UOP03-DEL02-RJ"
336071;2021-01-15;"sexta-feira";"22:30:00";"MS";267;210;"NOVA ALVORADA DO SUL";"Animais na Pista";"Atropelamento de Animal";"Sem Vítimas";"Plena Noite";"Crescente";"Céu Claro";"Simples";"Reta";"Não";2;0;0;0;2;0;0;2;-21,59410612;-54,04521999;"SPRF-MS";"DEL02-MS";"UOP01-DEL02-MS"
336074;2021-01-23;"sábado";"08:20:00";"SP";153;189;"LINS";"Transitar na contramão";"Colisão frontal";"Com Vítimas Fatais";"Pleno dia";"Decrescente";"Céu Claro";"Simples";"Reta";"Não";3;1;0;1;1;0;1;2;-21,73920917;-49,84997889;"SPRF-SP";"DEL07-SP";"UOP01-DEL07-SP"
336075;2021-01-23;"sábado";"09:25:00";"TO";153;748;"ALVORADA";"Demais Fenômenos da natureza";"Tombamento";"Com Vítimas Feridas";"Pleno dia";"Decrescente";"Céu Claro";"Simples";"Reta";"Não";2;0;1;0;0;2;1;3;-12,36732318;-49,1443024;"SPRF-TO";"DEL01-TO";"UOP02-DEL01-TO"
336077;2021-01-23;"sábado";"08:00:00";"PR";376;632;"SAO JOSE DOS PINHAIS";"Manobra de mudança de faixa";"Colisão lateral";"Sem Vítimas";"Pleno dia";"Decrescente";"Céu Claro";"Dupla";"Reta";"Sim";3;0;0;0;2;2;0;4;-25,71305887;-49,13941456;"SPRF-PR";"DEL01-PR";"UOP04-DEL01-PR"
336079;2021-01-23;"sábado";"06:00:00";"PR";153;84;"CONSELHEIRO MAIRINCK";"Condutor Dormindo";"Colisão frontal";"Com Vítimas Fatais";"Pleno dia";"Crescente";"Céu Claro";"Simples";"Curva";"Não";3;1;0;1;0;1;1;3;-23,638174;-50,151803;"SPRF-PR";"DEL07-PR";"UOP04-DEL07-PR"
336083;2021-01-23;"sábado";"08:30:00";"RJ";101;277;"TANGUA";"Velocidade Incompatível";"Saída de leito carroçável";"Com Vítimas Feridas";"Pleno dia";"Decrescente";"Céu Claro";"Dupla";"Reta";"Sim";2;0;1;0;1;0;1;2;-22,73943906;-42,748279;"SPRF-RJ";"DEL02-RJ";"UOP03-DEL02-RJ"
336084;2021-01-23;"sábado";"08:20:00";"PR";153;39,7;"SANTO ANTONIO DA PLATINA";"Carga excessiva e/ou mal acondicionada";"Tombamento";"Sem Vítimas";"Pleno dia";"Crescente";"Céu Claro";"Simples";"Rotatória";"Não";2;0;0;0;1;1;0;2;-23,279747;-50,056492;"SPRF-PR";"DEL07-PR";"UOP04-DEL07-PR"
336087;2021-01-23;"sábado";"09:30:00";"DF";251;38,8;"BRASILIA";"Velocidade Incompatível";"Colisão frontal";"Com Vítimas Fatais";"Pleno dia";"Crescente";"Céu Claro";"Simples";"Curva";"Não";3;1;0;0;2;0;0;3;-15,94582;-47,792267;"SPRF-DF";"DEL01-DF";"UOP01-DEL01-DF"
336090;2021-01-23;"sábado";"11:00:00";"GO";80;131;"BARRO ALTO";"Velocidade Incompatível";"Saída de leito carroçável";"Com Vítimas Feridas";"Pleno dia";"Crescente";"Céu Claro";"Dupla";"Interseção de Vias";"Sim";2;0;1;0;0;1;1;2;-14,97898972;-48,92992973;"SPRF-GO";"DEL07-GO";"UOP01-DEL07-GO"
336091;2021-01-23;"sábado";"11:05:00";"SP";116;366,5;"MIRACATU";"Condutor deixou de manter distância do veículo da frente";"Colisão traseira";"Com Vítimas Feridas";"Pleno dia";"Crescente";"Sol";"Dupla";"Reta";"Não";3;0;1;0;1;1;1;3;-24,14329764;-47,28459396;"SPRF-SP";"DEL04-SP";"UOP02-DEL04-SP"
336093;2021-01-23;"sábado";"09:35:00";"GO";364;323;"PORTELANDIA";"Ultrapassagem Indevida";"Colisão lateral mesmo sentido";"Sem Vítimas";"Pleno dia";"Crescente";"Nublado";"Simples";"Declive;Reta";"Não";4;0;0;0;2;3;0;5;-17,39863;-52,720497;"SPRF-GO";"DEL05-GO";"UOP01-DEL05-GO"
336100;2021-01-23;"sábado";"11:20:00";"SP";116;548;"BARRA DO TURVO";"Condutor deixou de manter distância do veículo da frente";"Colisão traseira";"Com Vítimas Feridas";"Pleno dia";"Decrescente";"Nublado";"Dupla";"Reta";"Não";3;0;1;0;1;3;1;5;-24,95393;-48,447268;"SPRF-SP";"DEL05-SP";"UOP02-DEL05-SP"
336106;2021-01-19;"terça-feira";"14:00:00";"AP";156;668;"CALCOENE";"Demais falhas na via";"Eventos atípicos";"Sem Vítimas";"Pleno dia";"Crescente";"Sol";"Simples";"Ponte";"Não";2;0;0;0;1;2;0;3;2,67517305;-51,3526526;"SPRF-AP";"DEL01-AP";"UOP01-DEL01-AP"
336107;2021-01-15;"sexta-feira";"13:46:00";"PA";316;128;"NOVA TIMBOTEUA";"Demais falhas mecânicas ou elétricas";"Tombamento";"Com Vítimas Feridas";"Pleno dia";"Decrescente";"Céu Claro";"Simples";"Reta";"Não";2;0;1;0;0;2;1;3;-1,287562;-47,354983;"SPRF-PA";"DEL01-PA";"UOP03-DEL01-PA"
336124;2021-01-23;"sábado";"09:35:00";"PE";101;193,7;"PALMARES";"Chuva";"Saída de leito carroçável";"Sem Vítimas";"Pleno dia";"Crescente";"Chuva";"Dupla";"Curva";"Não";2;0;0;0;1;1;0;2;-8,72157295;-35,60951373;"SPRF-PE";"DEL01-PE";"UOP03-DEL01-PE"
336145;2021-01-23;"sábado";"14:50:00";"PR";376;432,3;"TIBAGI";"Entrada inopinada do pedestre";"Atropelamento de Pedestre";"Com Vítimas Feridas";"Pleno dia";"Decrescente";"Céu Claro";"Dupla";"Reta";"Não";3;0;0;1;1;1;1;3;-24,75649654;-50,53264618;"SPRF-PR";"DEL03-PR";"UOP02-DEL03-PR"
336149;2021-01-23;"sábado";"16:15:00";"SE";101;23;"MALHADA DOS BOIS";"Conversão proibida";"Colisão lateral";"Sem Vítimas";"Pleno dia";"Decrescente";"Céu Claro";"Dupla";"Reta";"Não";3;0;0;0;2;1;0;2;-10,38708884;-36,91570075;"SPRF-SE";"DEL02-SE";"UOP02-DEL02-SE"
336152;2021-01-23;"sábado";"16:25:00";"RS";290;544,1;"ALEGRETE";"Ingestão de álcool pelo condutor";"Colisão lateral mesmo sentido";"Sem Vítimas";"Pleno dia";"Crescente";"Céu Claro";"Simples";"Reta";"Não";4;0;0;0;4;0;0;3;-29,961197;-55,455544;"SPRF-RS";"DEL13-RS";"UOP02-DEL13-RS"
336165;2021-01-23;"sábado";"15:20:00";"SC";282;512,1;"XANXERE";"Ingestão de álcool pelo condutor";"Colisão frontal";"Com Vítimas Feridas";"Pleno dia";"Crescente";"Sol";"Simples";"Declive";"Não";3;0;2;0;1;0;2;2;-26,910799;-52,472099;"SPRF-SC";"DEL07-SC";"UOP01-DEL07-SC"
336170;2021-01-23;"sábado";"15:00:00";"MT";364;350,1;"SANTO ANTONIO DO LEVERGER";"Velocidade Incompatível";"Colisão lateral";"Com Vítimas Feridas";"Pleno dia";"Crescente";"Garoa/Chuvisco";"Dupla";"Reta";"Não";3;0;1;0;1;1;1;3;-15,80518241;-55,55686807;"SPRF-MT";"DEL05-MT";"UOP02-DEL05-MT"
336182;2021-01-23;"sábado";"20:25:00";"PR";277;61;"SAO JOSE DOS PINHAIS";"Demais falhas mecânicas ou elétricas";"Queda de ocupante de veículo";"Sem Vítimas";"Plena Noite";"Crescente";"Garoa/Chuvisco";"Dupla";"Reta";"Não";3;0;0;0;2;2;0;4;-25,56895101;-48,99932401;"SPRF-PR";"DEL01-PR";"UOP01-DEL01-PR"
336189;2021-01-23;"sábado";"21:15:00";"MG";262;406,9;"PARA DE MINAS";"Ingestão de álcool pelo condutor";"Colisão traseira";"Com Vítimas Feridas";"Plena Noite";"Decrescente";"Céu Claro";"Dupla";"Aclive;Reta";"Não";3;0;1;0;1;2;1;4;-19,88649;-44,599007;"SPRF-MG";"DEL01-MG";"UOP03-DEL01-MG"
336190;2021-01-23;"sábado";"17:00:00";"PR";369;465;"CORBELIA";"Velocidade Incompatível";"Tombamento";"Com Vítimas Feridas";"Pleno dia";"Crescente";"Nublado";"Simples";"Curva";"Sim";1;0;1;0;0;0;1;1;-24,56108334;-53,13194811;"SPRF-PR";"DEL09-PR";"UOP03-DEL09-PR"
336198;2021-01-23;"sábado";"21:35:00";"SP";116;10;"QUELUZ";"Objeto estático sobre o leito carroçável";"Colisão com objeto";"Sem Vítimas";"Plena Noite";"Decrescente";"Céu Claro";"Dupla";"Reta";"Não";4;0;0;0;3;1;0;4;-22,5443706;-44,78777297;"SPRF-SP";"DEL08-SP";"UOP02-DEL08-SP"
336202;2021-01-23;"sábado";"19:15:00";"ES";262;161,8;"IBATIBA";"Ultrapassagem Indevida";"Colisão lateral";"Com Vítimas Feridas";"Plena Noite";"Crescente";"Garoa/Chuvisco";"Simples";"Curva";"Não";5;0;2;0;2;1;2;3;-20,23640217;-41,52254154;"SPRF-ES";"DEL01-ES";"UOP02-DEL01-ES"
336203;2021-01-23;"sábado";"21:39:00";"BA";101;26,6;"ESPLANADA";"Velocidade Incompatível";"Colisão traseira";"Com Vítimas Feridas";"Plena Noite";"Decrescente";"Nublado";"Dupla";"Reta;Declive";"Não";1;0;1;0;0;0;1;1;-11,75183905;-37,94144864;"SPRF-SE";"DEL02-SE";"UOP03-DEL02-SE"
336220;2021-01-23;"sábado";"23:00:00";"PR";116;126;"FAZENDA RIO GRANDE";"Reação tardia ou ineficiente do condutor";"Colisão traseira";"Com Vítimas Feridas";"Plena Noite";"Decrescente";"Nublado";"Dupla";"Reta";"Sim";3;0;2;0;1;0;2;2;-25,6038989479;-49,3182442303;"SPRF-PR";"DEL01-PR";"UOP03-DEL01-PR"
336228;2021-01-23;"sábado";"20:45:00";"GO";50;187;"CAMPO ALEGRE DE GOIAS";"Reação tardia ou ineficiente do condutor";"Colisão traseira";"Com Vítimas Fatais";"Pleno dia";"Decrescente";"Céu Claro";"Dupla";"Aclive;Reta";"Não";4;1;0;0;3;0;0;2;-17,4668;-47,8114;"SPRF-GO";"DEL06-GO";"UOP01-DEL06-GO"
336232;2021-01-24;"domingo";"00:30:00";"PR";476;343;"PAULA FREITAS";"Chuva";"Colisão lateral";"Sem Vítimas";"Plena Noite";"Crescente";"Chuva";"Simples";"Reta";"Sim";3;0;0;0;2;1;0;3;-26,176411;-50,91721;"SPRF-PR";"DEL02-PR";"UOP03-DEL02-PR"
336241;2021-01-24;"domingo";"02:15:00";"MS";163;195;"CAARAPO";"Manobra de mudança de faixa";"Colisão lateral mesmo sentido";"Com Vítimas Feridas";"Plena Noite";"Crescente";"Nublado";"Dupla";"Curva";"Não";3;0;0;1;1;1;1;3;-22,74809491;-54,78913886;"SPRF-MS";"DEL04-MS";"UOP02-DEL04-MS"
336247;2021-01-24;"domingo";"02:35:00";"BA";116;701,8;"JEQUIE";"Velocidade Incompatível";"Saída de leito carroçável";"Com Vítimas Feridas";"Plena Noite";"Decrescente";"Nublado";"Simples";"Curva";"Não";2;0;0;1;0;1;1;2;-14,03868588;-40,20427834;"SPRF-BA";"DEL03-BA";"UOP01-DEL03-BA"
336251;2021-01-24;"domingo";"02:30:00";"AL";101;128;"SAO MIGUEL DOS CAMPOS";"Demais falhas mecânicas ou elétricas";"Tombamento";"Com Vítimas Feridas";"Plena Noite";"Decrescente";"Nublado";"Dupla";"Reta";"Não";2;0;1;0;0;1;1;2;-9,74164602;-36,06105597;"SPRF-AL";"DEL02-AL";"UOP01-DEL02-AL"
336253;2021-01-24;"domingo";"04:50:00";"PI";316;294;"PICOS";"Condutor deixou de manter distância do veículo da frente";"Colisão traseira";"Sem Vítimas";"Amanhecer";"Crescente";"Nublado";"Simples";"Reta";"Não";3;0;0;0;2;2;0;4;-7,0138246;-41,5876988;"SPRF-PI";"DEL04-PI";"UOP01-DEL04-PI"
336259;2021-01-24;"domingo";"06:15:00";"MG";365;3,3;"MONTES CLAROS";"Manobra de mudança de faixa";"Colisão frontal";"Com Vítimas Fatais";"Pleno dia";"Crescente";"Céu Claro";"Simples";"Reta";"Não";5;3;0;0;1;1;0;3;-16,7919445;-43,89583206;"SPRF-MG";"DEL12-MG";"UOP01-DEL12-MG"
336265;2021-01-24;"domingo";"05:40:00";"SP";153;189;"LINS";"Ingestão de álcool pelo condutor";"Colisão traseira";"Com Vítimas Feridas";"Amanhecer";"Decrescente";"Céu Claro";"Simples";"Reta";"Não";2;0;1;0;0;1;1;2;-21,73920917;-49,84997889;"SPRF-SP";"DEL07-SP";"UOP01-DEL07-SP"
336274;2021-01-24;"domingo";"02:50:00";"BA";324;260;"JACOBINA";"Velocidade Incompatível";"Colisão lateral";"Com Vítimas Fatais";"Plena Noite";"Crescente";"Nublado";"Simples";"Rotatória";"Sim";4;1;0;1;1;1;1;3;-11,139059;-40,593475;"SPRF-BA";"DEL04-BA";"UOP02-DEL04-BA"
336279;2021-01-24;"domingo";"08:45:00";"MG";381;811;"CAREACU";"Condutor Dormindo";"Saída de leito carroçável";"Com Vítimas Feridas";"Pleno dia";"Decrescente";"Céu Claro";"Dupla";"Reta";"Não";3;0;2;0;0;1;2;2;-22,05313393;-45,6960471;"SPRF-MG";"DEL16-MG";"UOP02-DEL16-MG"
336281;2021-01-24;"domingo";"07:50:00";"GO";153;501,2;"GOIANIA";"Reação tardia ou ineficiente do condutor";"Colisão traseira";"Sem Vítimas";"Pleno dia";"Crescente";"Sol";"Dupla";"Reta";"Sim";3;0;0;0;2;1;0;3;-16,7189;-49,2382;"SPRF-GO";"DEL01-GO";"UOP01-DEL01-GO"
336286;2021-01-24;"domingo";"06:15:00";"BA";101;670;"ITAPEBI";"Velocidade Incompatível";"Saída de leito carroçável";"Sem Vítimas";"Amanhecer";"Decrescente";"Céu Claro";"Simples";"Curva";"Não";3;0;0;0;3;0;0;1;-16,001768;-39,585482;"SPRF-BA";"DEL09-BA";"UOP01-DEL09-BA"
336294;2021-01-24;"domingo";"07:10:00";"MG";365;704,5;"MONTE ALEGRE DE MINAS";"Condutor deixou de manter distância do veículo da frente";"Colisão traseira";"Com Vítimas Feridas";"Amanhecer";"Crescente";"Céu Claro";"Múltipla";"Reta";"Não";4;0;0;2;1;1;2;3;-18,88169079;-49,03599797;"SPRF-MG";"DEL15-MG";"UOP03-DEL15-MG"
336295;2021-01-24;"domingo";"09:50:00";"MG";381;367;"SAO GONCALO DO RIO ABAIXO";"Velocidade Incompatível";"Tombamento";"Com Vítimas Feridas";"Pleno dia";"Crescente";"Sol";"Simples";"Curva";"Não";3;0;1;0;1;3;1;5;-19,84959351;-43,27455396;"SPRF-MG";"DEL03-MG";"UOP01-DEL03-MG"
336297;2021-01-24;"domingo";"09:25:00";"SE";101;111;"SAO CRISTOVAO";"Condutor deixou de manter distância do veículo da frente";"Colisão traseira";"Com Vítimas Feridas";"Pleno dia";"Crescente";"Céu Claro";"Dupla";"Em Obras";"Não";5;0;2;0;2;1;2;2;-10,97659898;-37,28527603;"SPRF-SE";"DEL02-SE";"UOP01-DEL02-SE"
336298;2021-01-24;"domingo";"09:50:00";"MA";135;12;"SAO LUIS";"Retorno proibido";"Saída de leito carroçável";"Com Vítimas Feridas";"Pleno dia";"Crescente";"Céu Claro";"Dupla";"Retorno Regulamentado";"Sim";2;0;1;0;1;0;1;2;-2,67223553;-44,29173767;"SPRF-MA";"DEL01-MA";"UOP01-DEL01-MA"
336302;2021-01-24;"domingo";"09:00:00";"BA";116;627,3;"JAGUAQUARA";"Reação tardia ou ineficiente do condutor";"Colisão traseira";"Com Vítimas Feridas";"Pleno dia";"Crescente";"Sol";"Simples";"Aclive";"Não";3;0;1;0;1;2;1;4;-13,42604603;-40,02777878;"SPRF-BA";"DEL03-BA";"UOP01-DEL03-BA"
336308;2021-01-24;"domingo";"11:30:00";"MG";251;479;"FRANCISCO SA";"Ausência de reação do condutor";"Colisão com objeto";"Sem Vítimas";"Pleno dia";"Decrescente";"Céu Claro";"Simples";"Reta";"Não";3;0;0;0;2;3;0;5;-16,47506025;-43,50030081;"SPRF-MG";"DEL12-MG";"UOP01-DEL12-MG"
336309;2021-01-24;"domingo";"08:10:00";"PR";116;40;"CAMPINA GRANDE DO SUL";"Velocidade Incompatível";"Saída de leito carroçável";"Com Vítimas Feridas";"Pleno dia";"Decrescente";"Garoa/Chuvisco";"Dupla";"Reta";"Não";2;0;1;0;0;1;1;2;-25,16445203;-48,86237697;"SPRF-PR";"DEL01-PR";"UOP02-DEL01-PR"
336324;2021-01-24;"domingo";"15:00:00";"SP";153;86,2;"MIRASSOL";"Reação tardia ou ineficiente do condutor";"Colisão traseira";"Com Vítimas Feridas";"Pleno dia";"Decrescente";"Céu Claro";"Simples";"Aclive";"Não";3;0;1;0;1;1;1;3;-20,94035079;-49,52635316;"SPRF-SP";"DEL09-SP";"UOP01-DEL09-SP"
336325;2021-01-24;"domingo";"08:22:00";"SC";116;310;"CAPAO ALTO";"Velocidade Incompatível";"Tombamento";"Com Vítimas Feridas";"Pleno dia";"Crescente";"Nublado";"Simples";"Curva";"Não";2;0;0;1;0;1;1;2;-28,2067337;-50,7582856;"SPRF-SC";"DEL05-SC";"UOP02-DEL05-SC"
336330;2021-01-24;"domingo";"10:40:00";"MA";316;601;"TIMON";"Ultrapassagem Indevida";"Saída de leito carroçável";"Com Vítimas Feridas";"Pleno dia";"Crescente";"Céu Claro";"Simples";"Reta";"Não";2;0;1;0;1;0;1;2;-5,029501;-42,946941;"SPRF-MA";"DEL03-MA";"UOP02-DEL03-MA"
336331;2021-01-24;"domingo";"15:40:00";"PR";369;73,1;"SANTA MARIANA";"Acessar a via sem observar a presença dos outros veículos";"Colisão traseira";"Com Vítimas Fatais";"Pleno dia";"Decrescente";"Nublado";"Simples";"Reta;Interseção de Vias";"Sim";3;1;0;0;2;0;0;2;-23,15429495;-50,51802462;"SPRF-PR";"DEL07-PR";"UOP01-DEL07-PR"
336337;2021-01-24;"domingo";"17:00:00";"TO";226;71;"WANDERLANDIA";"Problema com o freio";"Saída de leito carroçável";"Sem Vítimas";"Anoitecer";"Crescente";"Céu Claro";"Simples";"Reta";"Sim";2;0;0;0;1;1;0;2;-6,852317;-47,969551;"SPRF-TO";"DEL02-TO";"UOP03-DEL02-TO"
336343;2021-01-24;"domingo";"16:30:00";"PR";153;460,3;"UNIAO DA VITORIA";"Velocidade Incompatível";"Tombamento";"Com Vítimas Fatais";"Pleno dia";"Decrescente";"Chuva";"Simples";"Curva";"Não";1;1;0;0;0;0;0;1;-26,179869;-50,950886;"SPRF-PR";"DEL02-PR";"UOP03-DEL02-PR"
336345;2021-01-24;"domingo";"17:00:00";"PR";277;123;"CAMPO LARGO";"Acessar a via sem observar a presença dos outros veículos";"Colisão lateral";"Sem Vítimas";"Pleno dia";"Decrescente";"Nublado";"Dupla";"Reta";"Sim";5;0;0;0;4;1;0;5;-25,44558428;-49,46924586;"SPRF-PR";"DEL01-PR";"UOP03-DEL03-PR"
336346;2021-01-24;"domingo";"16:15:00";"DF";60;16;"BRASILIA";"Ingestão de álcool pelo condutor";"Tombamento";"Sem Vítimas";"Pleno dia";"Crescente";"Céu Claro";"Dupla";"Retorno Regulamentado";"Não";1;0;0;0;1;0;0;1;-15,953118;-48,17487717;"SPRF-DF";"DEL03-DF";"UOP01-DEL03-DF"
336364;2021-01-24;"domingo";"18:30:00";"MG";116;638,3;"DIVINO";"Acessar a via sem observar a presença dos outros veículos";"Colisão transversal";"Com Vítimas Feridas";"Anoitecer";"Decrescente";"Chuva";"Simples";"Reta";"Não";5;0;2;0;1;2;2;4;-20,62913944;-42,22696066;"SPRF-MG";"DEL07-MG";"UOP03-DEL07-MG"
336365;2021-01-24;"domingo";"15:30:00";"MT";364;299;"JACIARA";"Chuva";"Saída de leito carroçável";"Com Vítimas Feridas";"Pleno dia";"Decrescente";"Chuva";"Dupla";"Reta";"Não";5;0;1;0;3;1;1;3;-15,84691555;-55,14590671;"SPRF-MT";"DEL05-MT";"UOP02-DEL05-MT"
336370;2021-01-24;"domingo";"18:30:00";"DF";40;0,5;"BRASILIA";"Condutor deixou de manter distância do veículo da frente";"Colisão traseira";"Com Vítimas Fatais";"Anoitecer";"Decrescente";"Céu Claro";"Múltipla";"Reta";"Sim";4;1;0;0;0;3;0;3;-16,049667;-47,981299;"SPRF-DF";"DEL01-DF";"UOP01-DEL01-DF"
336376;2021-01-24;"domingo";"19:30:00";"RS";116;504,1;"PELOTAS";"Reação tardia ou ineficiente do condutor";"Colisão traseira";"Com Vítimas Fatais";"Anoitecer";"Crescente";"Céu Claro";"Dupla";"Reta";"Não";4;1;0;0;3;0;0;3;-31,58165781;-52,27291518;"SPRF-RS";"DEL07-RS";"UOP01-DEL07-RS"
336379;2021-01-24;"domingo";"20:00:00";"BA";101;885;"TEIXEIRA DE FREITAS";"Velocidade Incompatível";"Tombamento";"Com Vítimas Feridas";"Plena Noite";"Decrescente";"Nublado";"Simples";"Curva";"Não";2;0;1;0;1;0;1;1;-17,60036652;-39,74849224;"SPRF-BA";"DEL09-BA";"UOP02-DEL09-BA"
336385;2021-01-24;"domingo";"09:00:00";"RN";110;109,4;"AUGUSTO SEVERO";"Demais falhas mecânicas ou elétricas";"Tombamento";"Com Vítimas Feridas";"Pleno dia";"Crescente";"Céu Claro";"Simples";"Reta";"Não";1;0;1;0;0;0;1;1;-5,71102411;-37,29304498;"SPRF-RN";"DEL04-RN";"UOP01-DEL04-RN"
336402;2021-01-24;"domingo";"21:20:00";"PR";373;395;"CANDOI";"Transitar na contramão";"Colisão lateral sentido oposto";"Com Vítimas Feridas";"Plena Noite";"Decrescente";"Chuva";"Simples";"Reta";"Não";4;0;2;0;2;0;2;2;-25,540111;-52,007823;"SPRF-PR";"DEL08-PR";"UOP01-DEL08-PR"
336406;2021-01-24;"domingo";"21:30:00";"GO";40;91,5;"CRISTALINA";"Ingestão de álcool pelo condutor";"Colisão lateral sentido oposto";"Com Vítimas Feridas";"Plena Noite";"Decrescente";"Céu Claro";"Simples";"Reta";"Não";5;0;2;1;1;1;3;3;-16,72736;-47,634957;"SPRF-DF";"DEL01-DF";"UOP02-DEL01-DF"
336407;2021-01-24;"domingo";"19:20:00";"GO";60;32;"ALEXANIA";"Ingestão de álcool pelo condutor";"Colisão frontal";"Sem Vítimas";"Plena Noite";"Crescente";"Céu Claro";"Dupla";"Reta";"Sim";3;0;0;0;3;0;0;3;-16,0963;-48,5202;"SPRF-DF";"DEL03-DF";"UOP01-DEL03-DF"
336423;2021-01-24;"domingo";"22:50:00";"PE";101;36;"ITAPISSUMA";"Condutor Dormindo";"Colisão traseira";"Com Vítimas Feridas";"Plena Noite";"Crescente";"Nublado";"Dupla";"Aclive;Reta";"Não";2;0;0;1;0;1;1;2;-7,788367;-34,92981702;"SPRF-PE";"DEL01-PE";"UOP02-DEL01-PE"