"id";"data_inversa";"dia_semana";"horario";"uf";"br";"km";"municipio";"causa_acidente";"tipo_acidente";"classificacao_acidente";"fase_dia";"sentido_via";"condicao_metereologica";"tipo_pista";"tracado_via";"uso_solo";"pessoas";"mortos";"feridos_leves";"feridos_graves";"ilesos";"ignorados";"feridos";"veiculos";"latitude";"longitude";"regional";"delegacia";"uop"
337090;2021-01-28;"quinta-feira";"15:30:00";"PE";423;109,8;"PARANATAMA";"Acessar a via sem observar a presença dos outros veículos";"Colisão traseira";"Com Vítimas Feridas";"Pleno dia";"Crescente";"Chuva";"Simples";"Declive";"Não";3;0;1;0;1;2;1;4;-8,888511;-36,599037;"SPRF-PE";"DEL03-PE";"UOP01-DEL03-PE"
337097;2021-01-28;"quinta-feira";"17:28:00";"PR";277;3;"PARANAGUA";"Velocidade Incompatível";"Colisão transversal";"Com Vítimas Feridas";"Pleno dia";"Decrescente";"Garoa/Chuvisco";"Dupla";"Reta";"Sim";5;0;1;1;2;2;2;5;-25,55235365;-48,55356216;"SPRF-PR";"DEL01-PR";"UOP05-DEL01-PR"
337101;2021-01-28;"quinta-feira";"17:10:00";"RO";364;711;"PORTO VELHO";"Ultrapassagem Indevida";"Colisão traseira";"Com Vítimas Feridas";"Pleno dia";"Crescente";"Nublado";"Dupla";"Interseção de Vias";"Sim";3;0;1;0;2;0;1;3;-8,77685002;-63,87262344;"SPRF-RO";"DEL01-RO";"UOP01-DEL01-RO"
337103;2021-01-28;"quinta-feira";"16:35:00";"MT";364;269,8;"JACIARA";"Desrespeitar a preferência no cruzamento";"Colisão transversal";"Com Vítimas Feridas";"Pleno dia";"Crescente";"Céu Claro";"Dupla";"Interseção de Vias";"Não";2;0;0;1;1;0;1;2;-15,974228;-54,938;"SPRF-MT";"DEL02-MT";"UOP01-DEL02-MT"
337104;2021-01-28;"quinta-feira";"18:10:00";"RS";116;243;"SAO LEOPOLDO";"Ingestão de álcool pelo condutor";"Colisão traseira";"Sem Vítimas";"Pleno dia";"Decrescente";"Céu Claro";"Dupla";"Aclive";"Sim";4;0;0;0;4;0;0;4;-29,73196199;-51,14952004;"SPRF-RS";"DEL01-RS";"UOP02-DEL01-RS"
337105;2021-01-28;"quinta-feira";"13:25:00";"SC";282;344;"CAMPOS NOVOS";"Velocidade Incompatível";"Tombamento";"Sem Vítimas";"Pleno dia";"Crescente";"Nublado";"Simples";"Rotatória";"Sim";2;0;0;0;1;2;0;3;-27,38554344;-51,2352562;"SPRF-SC";"DEL07-SC";"UOP06-DEL07-SC"
337106;2021-01-28;"quinta-feira";"17:05:00";"MG";381;781;"CAMPANHA";"Reação tardia ou ineficiente do condutor";"Colisão traseira";"Com Vítimas Feridas";"Pleno dia";"Decrescente";"Céu Claro";"Dupla";"Reta";"Não";4;0;2;0;1;2;2;4;-21,85166608;-45,52037769;"SPRF-MG";"DEL16-MG";"UOP02-DEL16-MG"
337114;2021-01-28;"quinta-feira";"19:00:00";"SC";101;119;"ITAJAI";"Demais falhas mecânicas ou elétricas";"Derramamento de carga";"Sem Vítimas";"Plena Noite";"Crescente";"Nublado";"Múltipla";"Reta";"Não";1;0;0;0;1;0;0;1;-26,895859;-48,71903;"SPRF-SC";"DEL04-SC";"UOP04-DEL04-SC"
337121;2021-01-28;"quinta-feira";"18:20:00";"MG";116;776,9;"LEOPOLDINA";"Demais falhas mecânicas ou elétricas";"Incêndio";"Sem Vítimas";"Pleno dia";"Crescente";"Céu Claro";"Simples";"Declive;Curva";"Não";2;0;0;0;2;0;0;1;-21,59632074;-42,69196405;"SPRF-MG";"DEL07-MG";"UOP01-DEL07-MG"
337128;2021-01-28;"quinta-feira";"20:30:00";"PE";232;222,1;"PESQUEIRA";"Pista esburacada";"Saída de leito carroçável";"Com Vítimas Feridas";"Plena Noite";"Crescente";"Nublado";"Simples";"Reta";"Não";1;0;0;1;0;0;1;1;-8,402492;-36,800259;"SPRF-PE";"DEL03-PE";"UOP02-DEL03-PE"
337130;2021-01-28;"quinta-feira";"19:50:00";"SC";470;61,8;"BLUMENAU";"Acessar a via sem observar a presença dos outros veículos";"Colisão transversal";"Com Vítimas Feridas";"Plena Noite";"Decrescente";"Garoa/Chuvisco";"Simples";"Reta";"Sim";3;0;1;0;1;1;1;3;-26,87932947;-49,17332524;"SPRF-SC";"DEL04-SC";"UOP01-DEL04-SC"
337136;2021-01-12;"terça-feira";"14:20:00";"MG";116;255,1;"TEOFILO OTONI";"Pista esburacada";"Saída de leito carroçável";"Com Vítimas Feridas";"Pleno dia";"Decrescente";"Sol";"Simples";"Curva";"Não";2;0;1;0;0;1;1;2;-17,68311;-41,48491;"SPRF-MG";"DEL11-MG";"UOP01-DEL11-MG"
337137;2021-01-28;"quinta-feira";"20:15:00";"MS";267;193,2;"NOVA ALVORADA DO SUL";"Transitar na contramão";"Colisão lateral sentido oposto";"Com Vítimas Feridas";"Plena Noite";"Decrescente";"Chuva";"Simples";"Curva";"Não";3;0;1;0;1;2;1;4;-21,597109;-53,8886;"SPRF-MS";"DEL02-MS";"UOP03-DEL02-MS"
337139;2021-01-28;"quinta-feira";"10:20:00";"AL";101;44;"FLEXEIRAS";"Acostamento em desnível";"Tombamento";"Sem Vítimas";"Pleno dia";"Decrescente";"Chuva";"Dupla";"Curva";"Não";3;0;0;0;2;2;0;3;-9,19437805;-35,78723641;"SPRF-AL";"DEL01-AL";"UOP02-DEL01-AL"
337148;2021-01-28;"quinta-feira";"15:40:00";"MG";153;10,5;"ARAPORA";"Demais Fenômenos da natureza";"Colisão frontal";"Com Vítimas Feridas";"Pleno dia";"Crescente";"Céu Claro";"Dupla";"Reta";"Não";4;0;1;2;0;4;3;7;-18,50602699;-49,18897335;"SPRF-MG";"DEL15-MG";"UOP03-DEL15-MG"
337150;2021-01-28;"quinta-feira";"20:05:00";"GO";153;201;"URUACU";"Acessar a via sem observar a presença dos outros veículos";"Colisão transversal";"Com Vítimas Feridas";"Plena Noite";"Crescente";"Nublado";"Simples";"Reta";"Sim";3;0;0;1;1;1;1;3;-14,519629;-49,154972;"SPRF-GO";"DEL07-GO";"UOP02-DEL07-GO"
337156;2021-01-28;"quinta-feira";"19:20:00";"PE";423;162;"AGUAS BELAS";"Mal súbito do condutor";"Saída de leito carroçável";"Com Vítimas Feridas";"Plena Noite";"Crescente";"Céu Claro";"Simples";"Reta";"Não";1;0;0;1;0;0;1;1;-9,10003012;-36,99084592;"SPRF-PE";"DEL03-PE";"UOP01-DEL03-PE"
337161;2021-01-28;"quinta-feira";"11:40:00";"RO";364;350;"JI-PARANA";"Acessar a via sem observar a presença dos outros veículos";"Tombamento";"Sem Vítimas";"Pleno dia";"Crescente";"Céu Claro";"Simples";"Interseção de Vias";"Não";2;0;0;0;1;3;0;4;-10,84388558;-62,00108528;"SPRF-RO";"DEL02-RO";"UOP01-DEL02-RO"
337163;2021-01-29;"sexta-feira";"00:40:00";"SC";282;211,5;"LAGES";"Demais falhas mecânicas ou elétricas";"Incêndio";"Sem Vítimas";"Plena Noite";"Crescente";"Chuva";"Simples";"Reta;Declive";"Não";2;0;0;0;1;1;0;2;-27,78129112;-50,24801211;"SPRF-SC";"DEL05-SC";"UOP01-DEL05-SC"
337165;2021-01-29;"sexta-feira";"01:10:00";"PR";277;643;"CEU AZUL";"Condutor Dormindo";"Colisão lateral";"Sem Vítimas";"Plena Noite";"Decrescente";"Chuva";"Simples";"Reta";"Não";3;0;0;0;1;2;0;3;-25,18289824;-53,87111011;"SPRF-PR";"DEL05-PR";"UOP02-DEL05-PR"
337166;2021-01-29;"sexta-feira";"00:30:00";"MT";163;583;"NOVA MUTUM";"Condutor Dormindo";"Saída de leito carroçável";"Com Vítimas Feridas";"Plena Noite";"Crescente";"Nublado";"Simples";"Reta";"Não";2;0;1;0;0;1;1;2;-14,05793518;-56,09856364;"SPRF-MT";"DEL01-MT";"UOP01-DEL01-MT"
337168;2021-01-29;"sexta-feira";"00:30:00";"RJ";116;181;"NOVA IGUACU";"Obras na pista";"Colisão traseira";"Sem Vítimas";"Plena Noite";"Crescente";"Céu Claro";"Múltipla";"Reta";"Sim";4;0;0;0;2;2;0;4;-22,761312;-43,423492;"SPRF-RJ";"DEL01-RJ";"UOP02-DEL01-RJ"
337169;2021-01-29;"sexta-feira";"01:40:00";"PR";163;206,3;"CASCAVEL";"Transitar na contramão";"Colisão frontal";"Com Vítimas Feridas";"Plena Noite";"Decrescente";"Nublado";"Simples";"Reta";"Não";3;0;1;0;1;1;1;3;-24,97607012;-53,55527183;"SPRF-PR";"DEL05-PR";"UOP05-DEL05-PR"
337170;2021-01-29;"sexta-feira";"01:40:00";"MG";354;723,2;"POUSO ALTO";"Condutor Dormindo";"Saída de leito carroçável";"Com Vítimas Fatais";"Plena Noite";"Decrescente";"Ignorado";"Simples";"Curva";"Sim";2;1;0;0;0;1;0;2;-22,11411406;-44,95693273;"SPRF-MG";"DEL17-MG";"UOP01-DEL17-MG"
337172;2021-01-29;"sexta-feira";"03:50:00";"CE";222;4,7;"CAUCAIA";"Condutor desrespeitou a iluminação vermelha do semáforo";"Colisão transversal";"Com Vítimas Feridas";"Plena Noite";"Decrescente";"Nublado";"Múltipla";"Retorno Regulamentado";"Sim";2;0;1;0;1;0;1;2;-3,74285762;-38,61209393;"SPRF-CE";"DEL01-CE";"UOP01-DEL01-CE"
337174;2021-01-29;"sexta-feira";"05:30:00";"MG";381;853,8;"POUSO ALEGRE";"Velocidade Incompatível";"Capotamento";"Com Vítimas Feridas";"Amanhecer";"Crescente";"Céu Claro";"Dupla";"Reta;Declive";"Não";1;0;1;0;0;0;1;1;-22,26749317;-45,89263916;"SPRF-MG";"DEL16-MG";"UOP01-DEL16-MG"
337175;2021-01-28;"quinta-feira";"19:00:00";"AL";101;44;"FLEXEIRAS";"Estacionar ou parar em local proibido";"Saída de leito carroçável";"Com Vítimas Feridas";"Plena Noite";"Decrescente";"Céu Claro";"Dupla";"Declive;Reta";"Não";3;0;1;0;1;1;1;3;-9,19437805;-35,78723641;"SPRF-AL";"DEL01-AL";"UOP02-DEL01-AL"
337183;2021-01-28;"quinta-feira";"22:50:00";"MG";365;476,5;"PATROCINIO";"Reação tardia ou ineficiente do condutor";"Saída de leito carroçável";"Com Vítimas Feridas";"Plena Noite";"Decrescente";"Céu Claro";"Simples";"Rotatória";"Não";2;0;1;0;0;1;1;2;-18,92004935;-47,02856541;"SPRF-MG";"DEL10-MG";"UOP01-DEL10-MG"
337184;2021-01-29;"sexta-feira";"06:30:00";"MG";381;851;"POUSO ALEGRE";"Velocidade Incompatível";"Colisão com objeto";"Sem Vítimas";"Pleno dia";"Decrescente";"Céu Claro";"Dupla";"Reta";"Sim";2;0;0;0;1;1;0;2;-22,25664602;-45,88889122;"SPRF-MG";"DEL16-MG";"UOP01-DEL16-MG"
337186;2021-01-29;"sexta-feira";"05:45:00";"RJ";116;222,1;"PIRAI";"Carga excessiva e/ou mal acondicionada";"Tombamento";"Com Vítimas Feridas";"Amanhecer";"Decrescente";"Céu Claro";"Dupla";"Curva;Declive";"Não";2;0;1;0;0;1;1;2;-22,67861997;-43,8338865;"SPRF-RJ";"DEL07-RJ";"UOP01-DEL07-RJ"
337188;2021-01-29;"sexta-feira";"07:00:00";"ES";101;248,2;"SERRA";"Demais falhas mecânicas ou elétricas";"Colisão frontal";"Com Vítimas Feridas";"Pleno dia";"Decrescente";"Céu Claro";"Simples";"Reta";"Não";4;0;0;1;2;2;1;5;-20,06899842;-40,3614491;"SPRF-ES";"DEL02-ES";"UOP01-DEL02-ES"
337190;2021-01-28;"quinta-feira";"22:00:00";"MG";116;36;"CACHOEIRA DE PAJEU";"Condutor Dormindo";"Saída de leito carroçável";"Sem Vítimas";"Plena Noite";"Decrescente";"Céu Claro";"Simples";"Curva;Declive";"Não";2;0;0;0;1;1;0;2;-15,94950705;-41,40264747;"SPRF-MG";"DEL11-MG";"UOP02-DEL11-MG"
337193;2021-01-29;"sexta-feira";"07:20:00";"GO";40;27;"LUZIANIA";"Manobra de mudança de faixa";"Colisão lateral";"Com Vítimas Feridas";"Pleno dia";"Crescente";"Céu Claro";"Dupla";"Reta";"Não";4;0;2;0;1;1;2;3;-16,266185;-47,888241;"SPRF-DF";"DEL01-DF";"UOP01-DEL01-DF"
337218;2021-01-29;"sexta-feira";"07:00:00";"BA";101;811;"ITAMARAJU";"Transitar na contramão";"Colisão frontal";"Sem Vítimas";"Pleno dia";"Crescente";"Céu Claro";"Simples";"Ponte";"Não";3;0;0;0;2;1;0;3;-17,21763389;-39,60728705;"SPRF-BA";"DEL09-BA";"UOP02-DEL09-BA"
337219;2021-01-29;"sexta-feira";"10:00:00";"RJ";101;296;"ITABORAI";"Condutor deixou de manter distância do veículo da frente";"Colisão traseira";"Com Vítimas Feridas";"Pleno dia";"Decrescente";"Sol";"Dupla";"Reta";"Sim";3;0;1;0;2;0;1;2;-22,7670498;-42,91019601;"SPRF-RJ";"DEL02-RJ";"UOP02-DEL02-RJ"
337220;2021-01-29;"sexta-feira";"09:55:00";"ES";101;269,9;"SERRA";"Condutor deixou de manter distância do veículo da frente";"Colisão traseira";"Com Vítimas Feridas";"Pleno dia";"Crescente";"Sol";"Dupla";"Reta";"Sim";2;0;1;0;1;0;1;2;-20,21740496;-40,26990578;"SPRF-ES";"DEL02-ES";"UOP01-DEL02-ES"
337222;2021-01-29;"sexta-feira";"10:33:00";"SC";101;326,6;"CAPIVARI DE BAIXO";"Velocidade Incompatível";"Saída de leito carroçável";"Com Vítimas Fatais";"Pleno dia";"Decrescente";"Céu Claro";"Dupla";"Aclive;Reta";"Sim";5;2;0;0;1;2;0;4;-28,43553444;-48,95896196;"SPRF-SC";"DEL02-SC";"UOP01-DEL02-SC"
337226;2021-01-29;"sexta-feira";"09:30:00";"SC";282;505,4;"XANXERE";"Velocidade Incompatível";"Colisão traseira";"Com Vítimas Feridas";"Pleno dia";"Crescente";"Chuva";"Dupla";"Reta";"Sim";2;0;0;1;1;0;1;2;-26,885883;-52,418762;"SPRF-SC";"DEL07-SC";"UOP01-DEL07-SC"
337227;2021-01-22;"sexta-feira";"08:30:00";"SP";116;495;"CAJATI";"Avarias e/ou desgaste excessivo no pneu";"Saída de leito carroçável";"Com Vítimas Feridas";"Pleno dia";"Crescente";"Céu Claro";"Dupla";"Curva";"Não";2;0;1;0;0;1;1;2;-24,75305728;-48,15816164;"SPRF-SP";"DEL05-SP";"UOP01-DEL05-SP"
337229;2021-01-29;"sexta-feira";"11:40:00";"MG";153;87;"PRATA";"Reação tardia ou ineficiente do condutor";"Colisão lateral";"Com Vítimas Feridas";"Pleno dia";"Decrescente";"Sol";"Simples";"Reta";"Não";3;0;1;0;1;1;1;3;-19,11737199;-48,96972196;"SPRF-MG";"DEL15-MG";"UOP03-DEL15-MG"
337230;2021-01-29;"sexta-feira";"10:30:00";"MT";163;98;"RONDONOPOLIS";"Mal súbito do condutor";"Saída de leito carroçável";"Com Vítimas Feridas";"Pleno dia";"Decrescente";"Sol";"Dupla";"Reta";"Não";2;0;1;0;0;2;1;3;-16,67672025;-54,67299848;"SPRF-MT";"DEL02-MT";"UOP01-DEL02-MT"
337232;2021-01-29;"sexta-feira";"11:15:00";"PR";373;174,5;"PONTA GROSSA";"Manobra de mudança de faixa";"Colisão lateral mesmo sentido";"Com Vítimas Feridas";"Pleno dia";"Crescente";"Nublado";"Dupla";"Reta";"Sim";3;0;0;1;1;1;1;3;-25,07215005;-50,21155357;"SPRF-PR";"DEL03-PR";"UOP04-DEL03-PR"
337233;2021-01-29;"sexta-feira";"11:40:00";"MG";262;442,2;"NOVA SERRANA";"Pedestre cruzava a pista fora da faixa";"Atropelamento de Pedestre";"Com Vítimas Feridas";"Pleno dia";"Decrescente";"Céu Claro";"Dupla";"Reta";"Sim";5;0;0;1;1;3;1;3;-19,8806236;-44,91232265;"SPRF-MG";"DEL08-MG";"UOP03-DEL08-MG"
337241;2021-01-29;"sexta-feira";"12:35:00";"RS";386;437;"NOVA SANTA RITA";"Acessar a via sem observar a presença dos outros veículos";"Colisão traseira";"Com Vítimas Feridas";"Pleno dia";"Crescente";"Céu Claro";"Dupla";"Interseção de Vias";"Sim";4;0;1;0;1;2;1;4;-29,85803;-51,261227;"SPRF-RS";"DEL04-RS";"UOP02-DEL04-RS"
337243;2021-01-29;"sexta-feira";"13:00:00";"PE";316;58;"TRINDADE";"Acessar a via sem observar a presença dos outros veículos";"Colisão frontal";"Com Vítimas Fatais";"Pleno dia";"Decrescente";"Chuva";"Simples";"Interseção de Vias";"Não";3;1;0;0;1;1;0;3;-7,75370631;-40,26496546;"SPRF-PE";"DEL05-PE";"UOP02-DEL05-PE"
337244;2021-01-29;"sexta-feira";"13:05:00";"RJ";116;37;"SAPUCAIA";"Reação tardia ou ineficiente do condutor";"Colisão frontal";"Com Vítimas Fatais";"Pleno dia";"Crescente";"Sol";"Simples";"Curva";"Não";2;1;0;0;1;0;0;2;-22,10884271;-42,78535659;"SPRF-RJ";"DEL04-RJ";"UOP01-DEL04-RJ"
337247;2021-01-29;"sexta-feira";"13:15:00";"RS";471;175;"RIO PARDO";"Desrespeitar a preferência no cruzamento";"Colisão transversal";"Com Vítimas Feridas";"Pleno dia";"Crescente";"Céu Claro";"Simples";"Interseção de Vias";"Sim";2;0;0;1;1;0;1;2;-29,99300228;-52,36822128;"SPRF-RS";"DEL02-RS";"UOP03-DEL02-RS"
337263;2021-01-29;"sexta-feira";"14:00:00";"PR";373;475,9;"CORONEL VIVIDA";"Avarias e/ou desgaste excessivo no pneu";"Saída de leito carroçável";"Com Vítimas Feridas";"Pleno dia";"Crescente";"Chuva";"Simples";"Declive;Reta";"Não";2;0;2;0;0;0;2;1;-25,96227305;-52,511277;"SPRF-PR";"DEL02-PR";"UOP01-DEL02-PR"
337264;2021-01-29;"sexta-feira";"14:20:00";"SP";116;433;"REGISTRO";"Ultrapassagem Indevida";"Colisão traseira";"Com Vítimas Feridas";"Pleno dia";"Crescente";"Sol";"Dupla";"Reta";"Não";5;0;3;0;2;0;3;2;-24,4203000411;-47,7703229867;"SPRF-SP";"DEL05-SP";"UOP01-DEL05-SP"
337266;2021-01-29;"sexta-feira";"15:15:00";"MG";116;586,5;"MANHUACU";"Ausência de reação do condutor";"Colisão frontal";"Com Vítimas Feridas";"Pleno dia";"Decrescente";"Céu Claro";"Simples";"Reta";"Não";5;0;1;0;3;1;1;4;-20,23618707;-42,16556506;"SPRF-MG";"DEL06-MG";"UOP03-DEL06-MG"
337269;2021-01-29;"sexta-feira";"15:25:00";"SC";282;552;"NOVA ITABERABA";"Reação tardia ou ineficiente do condutor";"Colisão traseira";"Sem Vítimas";"Pleno dia";"Decrescente";"Nublado";"Simples";"Reta;Em Obras";"Não";2;0;0;0;2;0;0;2;-26,943676;-52,783813;"SPRF-SC";"DEL07-SC";"UOP01-DEL07-SC"
337272;2021-01-29;"sexta-feira";"15:20:00";"RJ";356;26,9;"ITAPERUNA";"Carga excessiva e/ou mal acondicionada";"Saída de leito carroçável";"Com Vítimas Feridas";"Pleno dia";"Crescente";"Céu Claro";"Simples";"Reta";"Não";1;0;1;0;0;0;1;1;-21,17939459;-41,95448991;"SPRF-RJ";"DEL08-RJ";"UOP03-DEL08-RJ"
337275;2021-01-29;"sexta-feira";"13:00:00";"MG";50;178;"UBERABA";"Manobra de mudança de faixa";"Colisão lateral";"Com Vítimas Feridas";"Pleno dia";"Decrescente";"Céu Claro";"Dupla";"Desvio Temporário";"Sim";2;0;1;0;1;0;1;2;-19,77820876;-47,93319404;"SPRF-MG";"DEL13-MG";"UOP01-DEL13-MG"
337278;2021-01-29;"sexta-feira";"15:00:00";"SE";101;179,9;"UMBAUBA";"Ultrapassagem Indevida";"Colisão lateral sentido oposto";"Com Vítimas Feridas";"Pleno dia";"Crescente";"Céu Claro";"Simples";"Curva";"Não";4;0;2;0;1;1;2;3;-11,36791417;-37,63159909;"SPRF-SE";"DEL02-SE";"UOP03-DEL02-SE"
337279;2021-01-29;"sexta-feira";"15:19:00";"PR";376;157,8;"MANDAGUACU";"Acessar a via sem observar a presença dos outros veículos";"Colisão lateral mesmo sentido";"Com Vítimas Feridas";"Pleno dia";"Decrescente";"Nublado";"Dupla";"Declive";"Sim";2;0;1;0;1;0;1;2;-23,35251601;-52,09127007;"SPRF-PR";"DEL09-PR";"UOP01-DEL09-PR"
337281;2021-01-29;"sexta-feira";"16:05:00";"GO";60;38,9;"APARECIDA DE GOIANIA";"Reação tardia ou ineficiente do condutor";"Colisão lateral mesmo sentido";"Com Vítimas Feridas";"Pleno dia";"Crescente";"Céu Claro";"Dupla";"Viaduto";"Sim";2;0;1;0;1;0;1;2;-16,8101;-49,2397;"SPRF-GO";"DEL01-GO";"UOP03-DEL01-GO"
337284;2021-01-29;"sexta-feira";"14:30:00";"RO";429;162,4;"SAO MIGUEL DO GUAPORE";"Desrespeitar a preferência no cruzamento";"Colisão lateral mesmo sentido";"Com Vítimas Feridas";"Pleno dia";"Decrescente";"Sol";"Dupla";"Interseção de Vias";"Sim";2;0;1;0;1;0;1;2;-11,70137671;-62,7225244;"SPRF-RO";"DEL02-RO";"UOP03-DEL02-RO"
337288;2021-01-29;"sexta-feira";"16:40:00";"ES";101;341,8;"GUARAPARI";"Condutor deixou de manter distância do veículo da frente";"Colisão traseira";"Com Vítimas Feridas";"Pleno dia";"Decrescente";"Céu Claro";"Simples";"Aclive;Reta";"Não";4;0;3;0;1;0;3;2;-20,65278033;-40,57410974;"SPRF-ES";"DEL03-ES";"UOP01-DEL03-ES"
337300;2021-01-29;"sexta-feira";"17:15:00";"MG";40;572,5;"ITABIRITO";"Velocidade Incompatível";"Colisão traseira";"Com Vítimas Feridas";"Pleno dia";"Decrescente";"Céu Claro";"Simples";"Reta;Aclive";"Não";6;0;2;0;3;1;2;4;-20,23701268;-43,96711349;"SPRF-MG";"DEL01-MG";"UOP02-DEL01-MG"
337302;2021-01-29;"sexta-feira";"17:30:00";"TO";153;402;"MIRANORTE";"Reação tardia ou ineficiente do condutor";"Colisão traseira";"Com Vítimas Feridas";"Pleno dia";"Crescente";"Chuva";"Simples";"Declive";"Não";4;0;3;0;0;1;3;3;-9,42769595;-48,5731633;"SPRF-TO";"DEL02-TO";"UOP02-DEL02-TO"
337303;2021-01-29;"sexta-feira";"18:00:00";"CE";116;7,5;"FORTALEZA";"Condutor deixou de manter distância do veículo da frente";"Colisão traseira";"Com Vítimas Feridas";"Plena Noite";"Decrescente";"Céu Claro";"Múltipla";"Reta";"Sim";3;0;1;0;1;1;1;3;-3,81073099;-38,50074867;"SPRF-CE";"DEL01-CE";"UOP02-DEL01-CE"
337306;2021-01-29;"sexta-feira";"18:15:00";"SC";101;148,3;"ITAPEMA";"Objeto estático sobre o leito carroçável";"Colisão com objeto";"Com Vítimas Feridas";"Pleno dia";"Crescente";"Nublado";"Múltipla";"Reta";"Sim";2;0;1;0;1;0;1;2;-27,10123686;-48,61807962;"SPRF-SC";"DEL04-SC";"UOP03-DEL04-SC"
337329;2021-01-29;"sexta-feira";"18:40:00";"PR";277;361,8;"GUARAPUAVA";"Velocidade Incompatível";"Colisão frontal";"Com Vítimas Fatais";"Anoitecer";"Crescente";"Chuva";"Simples";"Curva";"Não";4;1;1;0;0;3;1;5;-25,43929548;-51,62460892;"SPRF-PR";"DEL08-PR";"UOP01-DEL08-PR"
337330;2021-01-29;"sexta-feira";"20:15:00";"PE";101;34,5;"IGARASSU";"Manobra de mudança de faixa";"Colisão lateral mesmo sentido";"Com Vítimas Feridas";"Plena Noite";"Decrescente";"Céu Claro";"Dupla";"Reta";"Não";2;0;1;0;0;1;1;2;-7,77092801;-34,93524623;"SPRF-PE";"DEL01-PE";"UOP02-DEL01-PE"
337331;2021-01-29;"sexta-feira";"20:00:00";"PR";116;153;"MANDIRITUBA";"Ingestão de álcool pelo condutor";"Colisão frontal";"Com Vítimas Feridas";"Plena Noite";"Crescente";"Céu Claro";"Simples";"Reta";"Não";2;0;0;1;1;0;1;2;-25,83870564;-49,34314731;"SPRF-PR";"DEL01-PR";"UOP03-DEL01-PR"
337338;2021-01-29;"sexta-feira";"20:40:00";"MT";70;5,5;"BARRA DO GARCAS";"Demais falhas mecânicas ou elétricas";"Colisão com objeto";"Sem Vítimas";"Plena Noite";"Decrescente";"Céu Claro";"Dupla";"Reta";"Sim";1;0;0;0;1;0;0;1;-15,87814789;-52,296134;"SPRF-MT";"DEL07-MT";"UOP01-DEL07-MT"
337340;2021-01-29;"sexta-feira";"20:05:00";"MG";262;801,8;"UBERABA";"Condutor deixou de manter distância do veículo da frente";"Colisão traseira";"Com Vítimas Feridas";"Plena Noite";"Crescente";"Céu Claro";"Dupla";"Reta";"Sim";4;0;1;0;2;1;1;4;-19,77920263;-47,955319;"SPRF-MG";"DEL13-MG";"UOP01-DEL13-MG"
337341;2021-01-29;"sexta-feira";"19:00:00";"RO";364;731;"PORTO VELHO";"Pedestre andava na pista";"Atropelamento de Pedestre";"Com Vítimas Feridas";"Plena Noite";"Decrescente";"Céu Claro";"Dupla";"Reta";"Não";3;0;1;0;2;0;1;2;-8,909046;-63,963967;"SPRF-RO";"DEL01-RO";"UOP01-DEL01-RO"
337342;2021-01-29;"sexta-feira";"15:45:00";"RS";470;194;"BENTO GONCALVES";"Velocidade Incompatível";"Tombamento";"Com Vítimas Feridas";"Pleno dia";"Decrescente";"Chuva";"Simples";"Curva";"Não";2;0;1;0;1;0;1;2;-29,0515999;-51,58084005;"SPRF-RS";"DEL06-RS";"UOP02-DEL06-RS"
337354;2021-01-29;"sexta-feira";"19:30:00";"MG";116;394,9;"GOVERNADOR VALADARES";"Desrespeitar a preferência no cruzamento";"Colisão transversal";"Com Vítimas Feridas";"Plena Noite";"Crescente";"Céu Claro";"Simples";"Reta";"Não";4;0;0;2;1;1;2;3;-18,732496;-41,98694203;"SPRF-MG";"DEL06-MG";"UOP01-DEL06-MG"
337365;2021-01-30;"sábado";"00:25:00";"MG";50;170,5;"UBERABA";"Problema com o freio";"Colisão traseira";"Com Vítimas Feridas";"Plena Noite";"Crescente";"Céu Claro";"Dupla";"Reta;Aclive";"Não";3;0;0;1;1;3;1;5;-19,73661208;-47,98290957;"SPRF-MG";"DEL13-MG";"UOP01-DEL13-MG"
337375;2021-01-30;"sábado";"01:10:00";"PR";376;617;"SAO JOSE DOS PINHAIS";"Velocidade Incompatível";"Saída de leito carroçável";"Com Vítimas Feridas";"Plena Noite";"Crescente";"Garoa/Chuvisco";"Dupla";"Curva";"Sim";3;0;1;0;1;1;1;3;-25,58426494;-49,17618795;"SPRF-PR";"DEL01-PR";"UOP04-DEL01-PR"
337376;2021-01-30;"sábado";"01:45:00";"ES";101;59;"SAO MATEUS";"Reação tardia ou ineficiente do condutor";"Saída de leito carroçável";"Sem Vítimas";"Plena Noite";"Decrescente";"Céu Claro";"Simples";"Reta;Aclive";"Não";4;0;0;0;4;0;0;2;-18,66416914;-39,86887044;"SPRF-ES";"DEL04-ES";"UOP02-DEL04-ES"
337378;2021-01-29;"sexta-feira";"17:00:00";"MT";163;633,5;"NOVA MUTUM";"Ausência de reação do condutor";"Saída de leito carroçável";"Com Vítimas Feridas";"Anoitecer";"Crescente";"Chuva";"Simples";"Reta";"Não";1;0;0;1;0;0;1;1;-13,62020102;-56,03333078;"SPRF-MT";"DEL01-MT";"UOP01-DEL01-MT"
337383;2021-01-30;"sábado";"03:00:00";"SC";282;20,5;"PALHOCA";"Condutor Dormindo";"Colisão frontal";"Com Vítimas Feridas";"Plena Noite";"Crescente";"Céu Claro";"Simples";"Reta";"Sim";2;0;1;0;1;0;1;2;-27,683958;-48,71006;"SPRF-SC";"DEL01-SC";"UOP02-DEL01-SC"