"id";"data_inversa";"dia_semana";"horario";"uf";"br";"km";"municipio";"causa_acidente";"tipo_acidente";"classificacao_acidente";"fase_dia";"sentido_via";"condicao_metereologica";"tipo_pista";"tracado_via";"uso_solo";"pessoas";"mortos";"feridos_leves";"feridos_graves";"ilesos";"ignorados";"feridos";"veiculos";"latitude";"longitude";"regional";"delegacia";"uop"
338248;2021-02-02;"terça-feira";"20:00:00";"RS";470;155,4;"NOVA PRATA";"Transitar na contramão";"Colisão frontal";"Com Vítimas Feridas";"Plena Noite";"Decrescente";"Céu Claro";"Simples";"Curva";"Não";2;0;1;0;1;0;1;2;-28,78243906;-51,61511825;"SPRF-RS";"DEL06-RS";"UOP02-DEL06-RS"
338249;2021-02-02;"terça-feira";"22:25:00";"SC";470;128,2;"LONTRAS";"Transitar na contramão";"Colisão frontal";"Com Vítimas Fatais";"Plena Noite";"Crescente";"Céu Claro";"Simples";"Curva";"Não";4;1;0;0;1;2;0;4;-27,143742;-49,548897;"SPRF-SC";"DEL04-SC";"UOP02-DEL04-SC"
338252;2021-02-03;"quarta-feira";"04:30:00";"RS";116;469,5;"SAO LOURENCO DO SUL";"Reação tardia ou ineficiente do condutor";"Colisão traseira";"Sem Vítimas";"Plena Noite";"Crescente";"Céu Claro";"Simples";"Reta";"Não";3;0;0;0;2;1;0;3;-31,34542978;-52,06081719;"SPRF-RS";"DEL07-RS";"UOP01-DEL07-RS"
338254;2021-02-03;"quarta-feira";"03:40:00";"GO";153;703;"ITUMBIARA";"Velocidade Incompatível";"Tombamento";"Sem Vítimas";"Plena Noite";"Decrescente";"Céu Claro";"Dupla";"Reta";"Sim";2;0;0;0;1;2;0;3;-18,411018;-49,195927;"SPRF-GO";"DEL03-GO";"UOP02-DEL03-GO"
338255;2021-02-02;"terça-feira";"22:15:00";"AL";101;212;"SAO SEBASTIAO";"Velocidade Incompatível";"Colisão lateral mesmo sentido";"Com Vítimas Feridas";"Plena Noite";"Decrescente";"Céu Claro";"Dupla";"Aclive;Reta";"Não";3;0;1;0;1;3;1;5;-10,01748316;-36,61993072;"SPRF-AL";"DEL02-AL";"UOP02-DEL02-AL"
338257;2021-02-03;"quarta-feira";"04:55:00";"PR";476;297,6;"SAO MATEUS DO SUL";"Desrespeitar a preferência no cruzamento";"Colisão transversal";"Com Vítimas Feridas";"Pleno dia";"Crescente";"Nevoeiro/Neblina";"Simples";"Reta";"Não";3;0;1;0;1;1;1;3;-25,969906;-50,538979;"SPRF-PR";"DEL02-PR";"UOP04-DEL02-PR"
338265;2021-02-03;"quarta-feira";"05:45:00";"RJ";101;107;"CAMPOS DOS GOYTACAZES";"Condutor Dormindo";"Tombamento";"Sem Vítimas";"Pleno dia";"Decrescente";"Céu Claro";"Dupla";"Reta";"Não";1;0;0;0;1;0;0;1;-21,93299612;-41,6270108;"SPRF-RJ";"DEL08-RJ";"UOP02-DEL08-RJ"
338266;2021-02-03;"quarta-feira";"00:30:00";"GO";364;2;"SAO SIMAO";"Avarias e/ou desgaste excessivo no pneu";"Saída de leito carroçável";"Com Vítimas Feridas";"Plena Noite";"Decrescente";"Nublado";"Simples";"Reta";"Não";2;0;1;0;1;0;1;1;-19,03413;-50,515717;"SPRF-GO";"DEL05-GO";"UOP02-DEL05-GO"
338271;2021-02-03;"quarta-feira";"07:00:00";"SP";116;163;"JACAREI";"Objeto estático sobre o leito carroçável";"Incêndio";"Sem Vítimas";"Pleno dia";"Decrescente";"Sol";"Dupla";"Reta";"Não";2;0;0;0;1;1;0;2;-23,28649584;-45,9919851;"SPRF-SP";"DEL02-SP";"UOP01-DEL02-SP"
338272;2021-02-03;"quarta-feira";"07:30:00";"SC";470;42;"GASPAR";"Transitar no acostamento";"Colisão lateral mesmo sentido";"Com Vítimas Feridas";"Pleno dia";"Decrescente";"Céu Claro";"Simples";"Reta";"Sim";2;0;1;0;1;0;1;2;-26,875719;-49,003746;"SPRF-SC";"DEL04-SC";"UOP01-DEL04-SC"
338281;2021-02-03;"quarta-feira";"08:30:00";"GO";60;38,5;"ALEXANIA";"Velocidade Incompatível";"Tombamento";"Com Vítimas Feridas";"Pleno dia";"Crescente";"Céu Claro";"Dupla";"Declive;Curva";"Não";2;0;1;0;0;2;1;3;-16,1148;-48,5476;"SPRF-DF";"DEL03-DF";"UOP01-DEL03-DF"
338282;2021-02-03;"quarta-feira";"08:00:00";"MS";267;305;"RIO BRILHANTE";"Acessar a via sem observar a presença dos outros veículos";"Colisão traseira";"Com Vítimas Feridas";"Pleno dia";"Decrescente";"Céu Claro";"Simples";"Curva";"Não";5;0;1;1;2;1;2;3;-21,716267;-54,641756;"SPRF-MS";"DEL02-MS";"UOP02-DEL02-MS"
338291;2021-02-03;"quarta-feira";"09:55:00";"GO";364;323;"PORTELANDIA";"Retorno proibido";"Colisão transversal";"Com Vítimas Fatais";"Pleno dia";"Decrescente";"Céu Claro";"Simples";"Reta;Aclive";"Não";6;2;0;1;1;3;1;5;-17,400496;-52,652561;"SPRF-GO";"DEL05-GO";"UOP01-DEL05-GO"
338294;2021-02-03;"quarta-feira";"10:10:00";"PE";101;42,4;"IGARASSU";"Avarias e/ou desgaste excessivo no pneu";"Colisão lateral";"Sem Vítimas";"Pleno dia";"Crescente";"Céu Claro";"Múltipla";"Reta";"Sim";3;0;0;0;2;1;0;3;-7,83887431;-34,91196739;"SPRF-PE";"DEL01-PE";"UOP02-DEL01-PE"
338300;2021-02-03;"quarta-feira";"10:00:00";"MT";163;752,9;"SORRISO";"Ausência de reação do condutor";"Colisão traseira";"Com Vítimas Feridas";"Pleno dia";"Decrescente";"Céu Claro";"Dupla";"Interseção de Vias";"Sim";2;0;1;0;1;0;1;2;-12,55087;-55,71353;"SPRF-MT";"DEL06-MT";"UOP01-DEL06-MT"
338301;2021-02-03;"quarta-feira";"11:00:00";"PR";116;102;"SAO JOSE DOS PINHAIS";"Condutor deixou de manter distância do veículo da frente";"Colisão traseira";"Com Vítimas Feridas";"Pleno dia";"Crescente";"Sol";"Dupla";"Reta";"Sim";3;0;1;0;1;1;1;3;-25,550639;-49,15025;"SPRF-PR";"DEL01-PR";"UOP01-DEL01-PR"
338304;2021-02-03;"quarta-feira";"09:40:00";"DF";60;7,2;"BRASILIA";"Velocidade Incompatível";"Colisão traseira";"Com Vítimas Fatais";"Pleno dia";"Decrescente";"Céu Claro";"Dupla";"Aclive;Reta";"Não";2;1;0;0;1;0;0;2;-15,901237;-48,122334;"SPRF-DF";"DEL03-DF";"UOP01-DEL03-DF"
338306;2021-02-03;"quarta-feira";"11:50:00";"PR";116;12,9;"COLOMBO";"Velocidade Incompatível";"Colisão lateral mesmo sentido";"Com Vítimas Feridas";"Pleno dia";"Decrescente";"Sol";"Múltipla";"Reta";"Sim";4;0;1;0;2;1;1;3;-25,3755;-49,1496;"SPRF-PR";"DEL01-PR";"UOP02-DEL01-PR"
338312;2021-02-03;"quarta-feira";"11:40:00";"SP";116;108;"TAUBATE";"Manobra de mudança de faixa";"Colisão lateral mesmo sentido";"Com Vítimas Feridas";"Pleno dia";"Decrescente";"Céu Claro";"Dupla";"Reta";"Não";4;0;2;0;1;1;2;3;-23,0233097;-45,53763622;"SPRF-SP";"DEL02-SP";"UOP02-DEL02-SP"
338314;2021-02-03;"quarta-feira";"12:40:00";"TO";153;735;"ALVORADA";"Ausência de reação do condutor";"Colisão lateral sentido oposto";"Com Vítimas Fatais";"Pleno dia";"Crescente";"Sol";"Simples";"Declive";"Não";5;1;3;0;1;0;3;2;-12,253217;-49,15904193;"SPRF-TO";"DEL01-TO";"UOP02-DEL01-TO"
338318;2021-02-03;"quarta-feira";"08:30:00";"MA";230;315,9;"SAO RAIMUNDO DAS MANGABEIRAS";"Acessar a via sem observar a presença dos outros veículos";"Colisão lateral";"Com Vítimas Feridas";"Pleno dia";"Decrescente";"Céu Claro";"Simples";"Declive;Curva";"Sim";4;0;2;0;1;3;2;5;-7,02680745;-45,48909237;"SPRF-MA";"DEL05-MA";"UOP01-DEL05-MA"
338330;2021-02-03;"quarta-feira";"07:30:00";"BA";242;363;"LENCOIS";"Condutor Dormindo";"Capotamento";"Com Vítimas Feridas";"Pleno dia";"Decrescente";"Nublado";"Simples";"Curva";"Não";2;0;0;1;0;2;1;3;-12,46727769;-41,4150469;"SPRF-BA";"DEL06-BA";"UOP01-DEL06-BA"
338331;2021-02-03;"quarta-feira";"12:15:00";"MG";267;28;"ARGIRITA";"Velocidade Incompatível";"Tombamento";"Com Vítimas Feridas";"Pleno dia";"Decrescente";"Céu Claro";"Simples";"Curva";"Não";2;0;1;0;0;2;1;3;-21,62799078;-42,83040926;"SPRF-MG";"DEL07-MG";"UOP01-DEL07-MG"
338335;2021-02-03;"quarta-feira";"13:40:00";"RS";470;265;"SAO JOSE DO SUL";"Condutor Dormindo";"Saída de leito carroçável";"Sem Vítimas";"Pleno dia";"Decrescente";"Chuva";"Simples";"Reta";"Não";2;0;0;0;1;1;0;2;-29,49668307;-51,49151692;"SPRF-RS";"DEL04-RS";"UOP02-DEL04-RS"
338337;2021-02-03;"quarta-feira";"14:00:00";"MT";70;5,5;"BARRA DO GARCAS";"Condutor deixou de manter distância do veículo da frente";"Colisão traseira";"Sem Vítimas";"Pleno dia";"Crescente";"Nublado";"Dupla";"Declive";"Sim";4;0;0;0;4;0;0;2;-15,87814789;-52,296134;"SPRF-MT";"DEL07-MT";"UOP01-DEL07-MT"
338339;2021-02-03;"quarta-feira";"15:10:00";"SP";116;411;"JUQUIA";"Velocidade Incompatível";"Colisão lateral mesmo sentido";"Sem Vítimas";"Pleno dia";"Crescente";"Céu Claro";"Dupla";"Aclive";"Não";3;0;0;0;2;2;0;4;-24,33308537;-47,60360609;"SPRF-SP";"DEL05-SP";"UOP01-DEL05-SP"
338343;2021-02-03;"quarta-feira";"15:45:00";"CE";116;23;"ITAITINGA";"Objeto estático sobre o leito carroçável";"Colisão com objeto";"Com Vítimas Feridas";"Pleno dia";"Crescente";"Céu Claro";"Simples";"Reta";"Não";2;0;1;0;1;0;1;2;-3,94905489;-38,51212845;"SPRF-CE";"DEL01-CE";"UOP02-DEL01-CE"
338344;2021-02-03;"quarta-feira";"14:10:00";"SC";101;57,6;"ARAQUARI";"Reação tardia ou ineficiente do condutor";"Colisão transversal";"Com Vítimas Feridas";"Pleno dia";"Decrescente";"Céu Claro";"Dupla";"Curva";"Não";2;0;1;0;1;0;1;2;-26,44045074;-48,80161285;"SPRF-SC";"DEL03-SC";"UOP01-DEL03-SC"
338345;2021-02-03;"quarta-feira";"15:50:00";"ES";101;392,2;"RIO NOVO DO SUL";"Conversão proibida";"Colisão transversal";"Com Vítimas Feridas";"Pleno dia";"Crescente";"Céu Claro";"Simples";"Reta";"Não";2;0;1;0;1;0;1;2;-20,86733567;-40,90426608;"SPRF-ES";"DEL03-ES";"UOP02-DEL03-ES"
338346;2021-02-03;"quarta-feira";"14:30:00";"CE";116;210,3;"TABULEIRO DO NORTE";"Demais falhas mecânicas ou elétricas";"Incêndio";"Sem Vítimas";"Pleno dia";"Crescente";"Céu Claro";"Simples";"Aclive";"Não";1;0;0;0;1;0;0;1;-5,25459693;-38,18637174;"SPRF-CE";"DEL03-CE";"UOP01-DEL03-CE"
338347;2021-02-03;"quarta-feira";"16:00:00";"GO";153;501,3;"GOIANIA";"Condutor deixou de manter distância do veículo da frente";"Colisão traseira";"Com Vítimas Feridas";"Pleno dia";"Crescente";"Sol";"Múltipla";"Reta";"Sim";3;0;2;0;1;0;2;2;-16,71457111;-49,23455022;"SPRF-GO";"DEL01-GO";"UOP01-DEL01-GO"
338349;2021-02-03;"quarta-feira";"15:45:00";"PE";232;81,9;"GRAVATA";"Demais falhas mecânicas ou elétricas";"Colisão com objeto";"Sem Vítimas";"Pleno dia";"Crescente";"Céu Claro";"Dupla";"Reta";"Sim";1;0;0;0;1;0;0;1;-8,19697746;-35,57850408;"SPRF-PE";"DEL02-PE";"UOP02-DEL02PE"
338351;2021-02-03;"quarta-feira";"13:30:00";"SC";101;112;"ITAJAI";"Reação tardia ou ineficiente do condutor";"Colisão com objeto";"Sem Vítimas";"Pleno dia";"Decrescente";"Sol";"Dupla";"Ponte";"Não";1;0;0;0;1;0;0;1;-26,83955734;-48,71418074;"SPRF-SC";"DEL04-SC";"UOP04-DEL04-SC"
338353;2021-02-03;"quarta-feira";"07:30:00";"RS";285;569;"SAO LUIZ GONZAGA";"Desrespeitar a preferência no cruzamento";"Colisão transversal";"Com Vítimas Feridas";"Pleno dia";"Decrescente";"Nublado";"Simples";"Reta";"Não";3;0;0;1;1;1;1;3;-28,413052;-54,985699;"SPRF-RS";"DEL12-RS";"UOP01-DEL12-RS"
338359;2021-02-03;"quarta-feira";"16:15:00";"RS";386;165;"CARAZINHO";"Falta de acostamento";"Atropelamento de Pedestre";"Com Vítimas Feridas";"Pleno dia";"Crescente";"Céu Claro";"Dupla";"Aclive";"Não";3;0;0;1;2;0;1;2;-28,197134;-52,827736;"SPRF-RS";"DEL08-RS";"UOP01-DEL08-RS"
338362;2021-02-03;"quarta-feira";"16:00:00";"MA";10;255;"IMPERATRIZ";"Ultrapassagem Indevida";"Colisão lateral";"Sem Vítimas";"Pleno dia";"Crescente";"Céu Claro";"Simples";"Reta";"Sim";4;0;0;0;3;2;0;4;-5,508798;-47,471718;"SPRF-MA";"DEL04-MA";"UOP01-DEL04-MA"
338363;2021-02-03;"quarta-feira";"17:00:00";"MG";40;605,2;"CONGONHAS";"Velocidade Incompatível";"Engavetamento";"Sem Vítimas";"Pleno dia";"Crescente";"Céu Claro";"Simples";"Curva;Aclive";"Não";8;0;0;0;7;1;0;5;-20,47003869;-43,84360313;"SPRF-MG";"DEL05-MG";"UOP02-DEL05-MG"
338365;2021-02-02;"terça-feira";"19:00:00";"TO";153;346;"GUARAI";"Demais falhas mecânicas ou elétricas";"Saída de leito carroçável";"Sem Vítimas";"Anoitecer";"Decrescente";"Ignorado";"Simples";"Reta";"Não";2;0;0;0;1;1;0;2;-8,94384509;-48,50359317;"SPRF-TO";"DEL02-TO";"UOP02-DEL02-TO"
338370;2021-02-03;"quarta-feira";"14:45:00";"MA";135;30;"SAO LUIS";"Reação tardia ou ineficiente do condutor";"Colisão traseira";"Com Vítimas Feridas";"Pleno dia";"Decrescente";"Céu Claro";"Dupla";"Reta";"Não";4;0;2;0;2;0;2;2;-2,804075;-44,37428121;"SPRF-MA";"DEL01-MA";"UOP01-DEL01-MA"
338372;2021-02-03;"quarta-feira";"15:44:00";"DF";70;12;"BRASILIA";"Velocidade Incompatível";"Tombamento";"Sem Vítimas";"Pleno dia";"Crescente";"Chuva";"Dupla";"Reta";"Não";1;0;0;0;1;0;0;1;-15,792243;-48,158543;"SPRF-DF";"DEL03-DF";"UOP02-DEL03-DF"
338373;2021-02-03;"quarta-feira";"14:30:00";"MT";70;611;"POCONE";"Ultrapassagem Indevida";"Saída de leito carroçável";"Sem Vítimas";"Pleno dia";"Crescente";"Chuva";"Simples";"Curva";"Não";4;0;0;0;1;5;0;6;-15,85262815;-56,82197101;"SPRF-MT";"DEL03-MT";"UOP02-DEL03-MT"
338374;2021-02-03;"quarta-feira";"17:55:00";"MG";381;697,9;"LAVRAS";"Reação tardia ou ineficiente do condutor";"Colisão lateral mesmo sentido";"Sem Vítimas";"Anoitecer";"Decrescente";"Céu Claro";"Dupla";"Em Obras;Aclive;Reta";"Não";2;0;0;0;1;1;0;2;-21,26438989;-45,13865452;"SPRF-MG";"DEL04-MG";"UOP02-DEL04-MG"
338384;2021-02-03;"quarta-feira";"06:10:00";"BA";20;144;"SAO DESIDERIO";"Acumulo de água sobre o pavimento";"Colisão frontal";"Com Vítimas Feridas";"Amanhecer";"Crescente";"Nublado";"Simples";"Curva";"Não";3;0;1;0;1;2;1;4;-12,6834602;-45,9312868;"SPRF-BA";"DEL10-BA";"UOP01-DEL10-BA"
338388;2021-02-03;"quarta-feira";"19:15:00";"MG";381;682,9;"RIBEIRAO VERMELHO";"Demais falhas mecânicas ou elétricas";"Incêndio";"Sem Vítimas";"Plena Noite";"Crescente";"Céu Claro";"Dupla";"Reta";"Não";1;0;0;0;1;0;0;1;-21,16800802;-45,12657489;"SPRF-MG";"DEL04-MG";"UOP02-DEL04-MG"
338395;2021-02-03;"quarta-feira";"20:00:00";"PE";101;43,9;"IGARASSU";"Manobra de mudança de faixa";"Colisão com objeto";"Sem Vítimas";"Plena Noite";"Decrescente";"Céu Claro";"Múltipla";"Reta";"Sim";2;0;0;0;1;1;0;2;-7,84753808;-34,90977038;"SPRF-PE";"DEL01-PE";"UOP02-DEL01-PE"
338396;2021-02-03;"quarta-feira";"20:00:00";"GO";20;169,7;"ALVORADA DO NORTE";"Pedestre cruzava a pista fora da faixa";"Atropelamento de Pedestre";"Com Vítimas Fatais";"Plena Noite";"Crescente";"Céu Claro";"Simples";"Reta";"Não";2;1;0;0;1;0;0;2;-14,554133;-46,558285;"SPRF-DF";"DEL02-DF";"UOP03-DEL02-DF"
338400;2021-02-03;"quarta-feira";"19:50:00";"PE";232;6;"RECIFE";"Manobra de mudança de faixa";"Colisão transversal";"Com Vítimas Feridas";"Plena Noite";"Crescente";"Nublado";"Dupla";"Reta";"Sim";3;0;1;0;1;2;1;4;-8,07079525;-34,9535389;"SPRF-PE";"DEL01-PE";"UOP01-DEL01-PE"
338401;2021-02-03;"quarta-feira";"15:30:00";"BA";242;351;"LENCOIS";"Velocidade Incompatível";"Tombamento";"Com Vítimas Feridas";"Pleno dia";"Crescente";"Céu Claro";"Simples";"Curva";"Não";2;0;1;0;0;1;1;2;-12,49243908;-41,3280788;"SPRF-BA";"DEL06-BA";"UOP01-DEL06-BA"
338402;2021-02-03;"quarta-feira";"15:00:00";"MT";364;339,9;"VARZEA GRANDE";"Chuva";"Saída de leito carroçável";"Sem Vítimas";"Pleno dia";"Crescente";"Chuva";"Simples";"Curva";"Não";1;0;0;0;1;0;0;1;-15,60389555;-56,20388931;"SPRF-MT";"DEL05-MT";"UOP02-DEL05-MT"
338403;2021-02-03;"quarta-feira";"08:20:00";"TO";153;495;"PARAISO DO TOCANTINS";"Ausência de sinalização";"Engavetamento";"Com Vítimas Feridas";"Pleno dia";"Crescente";"Céu Claro";"Simples";"Reta";"Sim";5;0;1;1;2;3;2;6;-10,16039618;-48,88154257;"SPRF-TO";"DEL01-TO";"UOP01-DEL01-TO"
338404;2021-02-03;"quarta-feira";"20:55:00";"SP";116;209;"GUARULHOS";"Reação tardia ou ineficiente do condutor";"Colisão traseira";"Com Vítimas Feridas";"Plena Noite";"Crescente";"Nublado";"Dupla";"Declive";"Sim";3;0;2;0;0;1;2;3;-23,42501552;-46,40281677;"SPRF-SP";"DEL01-SP";"UOP01-DEL01-SP"
338407;2021-02-03;"quarta-feira";"19:30:00";"BA";101;78;"ENTRE RIOS";"Demais falhas mecânicas ou elétricas";"Colisão lateral";"Com Vítimas Feridas";"Plena Noite";"Crescente";"Céu Claro";"Simples";"Reta";"Não";3;0;1;0;1;2;1;4;-12,00611883;-38,26182514;"SPRF-BA";"DEL01-BA";"UOP04-DEL01-BA"
338418;2021-02-03;"quarta-feira";"22:40:00";"RS";101;18,8;"TRES CACHOEIRAS";"Manobra de mudança de faixa";"Colisão lateral mesmo sentido";"Com Vítimas Feridas";"Plena Noite";"Crescente";"Céu Claro";"Dupla";"Reta";"Sim";3;0;1;0;2;0;1;2;-29,42186404;-49,868352;"SPRF-RS";"DEL03-RS";"UOP02-DEL03-RS"
338423;2021-01-28;"quinta-feira";"10:08:00";"PI";316;0,4;"TERESINA";"Trafegar com motocicleta (ou similar) entre as faixas";"Colisão frontal";"Com Vítimas Fatais";"Pleno dia";"Crescente";"Céu Claro";"Simples";"Ponte";"Não";5;1;0;0;3;1;0;4;-5,131168;-42,81564;"SPRF-PI";"DEL01-PI";"UOP02-DEL01-PI"
338424;2021-02-03;"quarta-feira";"21:30:00";"MG";40;432,1;"PARAOPEBA";"Condutor Dormindo";"Colisão traseira";"Com Vítimas Feridas";"Plena Noite";"Decrescente";"Céu Claro";"Dupla";"Aclive";"Não";3;0;0;1;1;3;1;5;-19,20302941;-44,47243131;"SPRF-MG";"DEL02-MG";"UOP01-DEL02-MG"
338431;2021-02-03;"quarta-feira";"21:15:00";"MG";116;565,9;"MANHUACU";"Velocidade Incompatível";"Colisão frontal";"Com Vítimas Fatais";"Plena Noite";"Decrescente";"Céu Claro";"Simples";"Curva";"Não";3;2;0;0;1;0;0;2;-20,06874641;-42,17752394;"SPRF-MG";"DEL06-MG";"UOP03-DEL06-MG"
338432;2021-02-03;"quarta-feira";"22:30:00";"MG";153;113;"PRATA";"Velocidade Incompatível";"Colisão frontal";"Com Vítimas Feridas";"Plena Noite";"Decrescente";"Céu Claro";"Simples";"Curva";"Não";2;0;1;0;0;1;1;2;-19,34053794;-48,90019179;"SPRF-MG";"DEL15-MG";"UOP03-DEL15-MG"
338433;2021-02-04;"quinta-feira";"00:00:00";"PR";376;529;"PONTA GROSSA";"Ingestão de álcool ou de substâncias psicoativas pelo pedestre";"Atropelamento de Pedestre";"Com Vítimas Feridas";"Plena Noite";"Crescente";"Céu Claro";"Dupla";"Reta";"Sim";3;0;0;1;1;1;1;3;-25,286131;-49,906621;"SPRF-PR";"DEL03-PR";"UOP04-DEL03-PR"
338434;2021-02-03;"quarta-feira";"23:20:00";"SC";101;322;"PESCARIA BRAVA";"Manobra de mudança de faixa";"Colisão lateral";"Sem Vítimas";"Plena Noite";"Crescente";"Céu Claro";"Dupla";"Reta";"Sim";3;0;0;0;2;1;0;3;-28,42491971;-48,90238108;"SPRF-SC";"DEL02-SC";"UOP01-DEL02-SC"
338437;2021-02-04;"quinta-feira";"02:00:00";"RR";401;3;"CANTA";"Ingestão de álcool pelo condutor";"Saída de leito carroçável";"Com Vítimas Fatais";"Plena Noite";"Crescente";"Chuva";"Simples";"Reta";"Não";2;1;1;0;0;0;1;1;2,79386178;-60,66665958;"SPRF-RR";"DEL01-RR";"UOP01-DEL01-RR"
338438;2021-02-04;"quinta-feira";"03:45:00";"MG";40;129;"JOAO PINHEIRO";"Ausência de reação do condutor";"Tombamento";"Com Vítimas Feridas";"Plena Noite";"Decrescente";"Chuva";"Simples";"Reta";"Não";1;0;1;0;0;0;1;1;-17,70582651;-46,28703117;"SPRF-MG";"DEL14-MG";"UOP01-DEL14-MG"
338440;2021-02-03;"quarta-feira";"18:50:00";"BA";324;538;"AMELIA RODRIGUES";"Reação tardia ou ineficiente do condutor";"Saída de leito carroçável";"Com Vítimas Feridas";"Plena Noite";"Decrescente";"Nublado";"Dupla";"Reta";"Não";2;0;1;0;0;2;1;3;-12,37446934;-38,80672447;"SPRF-BA";"DEL01-BA";"UOP03-DEL01-BA"
338442;2021-02-04;"quinta-feira";"04:30:00";"PR";116;98,1;"SAO JOSE DOS PINHAIS";"Estacionar ou parar em local proibido";"Colisão traseira";"Com Vítimas Fatais";"Plena Noite";"Decrescente";"Céu Claro";"Múltipla";"Reta";"Não";3;1;1;0;0;1;1;3;-25,51973222;-49,13431573;"SPRF-PR";"DEL01-PR";"UOP01-DEL01-PR"
338444;2021-02-03;"quarta-feira";"21:00:00";"MG";251;381;"GRAO MOGOL";"Velocidade Incompatível";"Colisão traseira";"Sem Vítimas";"Plena Noite";"Decrescente";"Céu Claro";"Simples";"Reta";"Não";3;0;0;0;2;1;0;3;-16,29386277;-42,78356689;"SPRF-MG";"DEL12-MG";"UOP01-DEL12-MG"
338453;2021-02-04;"quinta-feira";"06:40:00";"PR";467;79;"TOLEDO";"Condutor deixou de manter distância do veículo da frente";"Colisão traseira";"Com Vítimas Fatais";"Pleno dia";"Decrescente";"Nublado";"Dupla";"Curva";"Não";3;1;0;0;1;2;0;4;-24,7786;-53,6791;"SPRF-PR";"DEL04-PR";"UOP01-DEL04-PR"
338454;2021-02-04;"quinta-feira";"06:50:00";"RS";116;330,9;"BARRA DO RIBEIRO";"Manobra de mudança de faixa";"Colisão frontal";"Com Vítimas Fatais";"Pleno dia";"Decrescente";"Nublado";"Simples";"Reta;Desvio Temporário;Em Obras";"Não";3;1;0;0;1;1;0;3;-30,38114701;-51,43197082;"SPRF-RS";"DEL02-RS";"UOP02-DEL02-RS"
338468;2021-02-04;"quinta-feira";"09:00:00";"RJ";101;303;"SAO GONCALO";"Condutor deixou de manter distância do veículo da frente";"Engavetamento";"Com Vítimas Feridas";"Pleno dia";"Crescente";"Céu Claro";"Dupla";"Viaduto";"Não";12;0;4;1;7;0;5;4;-22,7828205;-42,9766681;"SPRF-RJ";"DEL02-RJ";"UOP02-DEL02-RJ"
338469;2021-02-04;"quinta-feira";"08:20:00";"MS";262;350,1;"CAMPO GRANDE";"Acessar a via sem observar a presença dos outros veículos";"Colisão transversal";"Com Vítimas Fatais";"Pleno dia";"Crescente";"Céu Claro";"Simples";"Reta";"Não";4;1;0;0;1;2;0;4;-20,56750706;-54,63127698;"SPRF-MS";"DEL01-MS";"UOP03-DEL01-MS"
338470;2021-02-04;"quinta-feira";"08:50:00";"SC";470;18,9;"ILHOTA";"Velocidade Incompatível";"Tombamento";"Com Vítimas Feridas";"Pleno dia";"Crescente";"Nublado";"Dupla";"Desvio Temporário;Em Obras;Reta";"Não";4;0;3;0;0;1;3;2;-26,86233309;-48,81460547;"SPRF-SC";"DEL04-SC";"UOP04-DEL04-SC"
338475;2021-02-04;"quinta-feira";"09:50:00";"PB";230;23,8;"JOAO PESSOA";"Ausência de reação do condutor";"Colisão traseira";"Com Vítimas Feridas";"Pleno dia";"Decrescente";"Céu Claro";"Dupla";"Aclive";"Sim";2;0;1;0;1;0;1;2;-7,1562;-34,8574;"SPRF-PB";"DEL01-PB";"UOP01-DEL01-PB"
338479;2021-02-04;"quinta-feira";"09:57:00";"PB";230;23,8;"JOAO PESSOA";"Trafegar com motocicleta (ou similar) entre as faixas";"Colisão traseira";"Com Vítimas Feridas";"Pleno dia";"Decrescente";"Garoa/Chuvisco";"Dupla";"Reta;Viaduto";"Sim";3;0;0;2;1;0;2;2;-7,16649;-34,86328;"SPRF-PB";"DEL01-PB";"UOP01-DEL01-PB"
338485;2021-02-04;"quinta-feira";"10:00:00";"SC";101;214,6;"PALHOCA";"Condutor deixou de manter distância do veículo da frente";"Colisão traseira";"Com Vítimas Feridas";"Pleno dia";"Decrescente";"Céu Claro";"Dupla";"Reta";"Sim";4;0;1;0;2;1;1;3;-27,64443;-48,67057;"SPRF-SC";"DEL01-SC";"UOP02-DEL01-SC"
338492;2021-02-04;"quinta-feira";"11:55:00";"SC";101;212,3;"PALHOCA";"Manobra de mudança de faixa";"Colisão lateral";"Com Vítimas Feridas";"Pleno dia";"Decrescente";"Céu Claro";"Múltipla";"Reta";"Sim";2;0;1;0;1;0;1;2;-27,62996929;-48,65903871;"SPRF-SC";"DEL01-SC";"UOP02-DEL01-SC"
338495;2021-02-04;"quinta-feira";"12:55:00";"BA";324;603;"SIMOES FILHO";"Desrespeitar a preferência no cruzamento";"Colisão lateral";"Com Vítimas Feridas";"Pleno dia";"Decrescente";"Céu Claro";"Dupla";"Interseção de Vias";"Não";3;0;1;0;1;1;1;3;-12,77190917;-38,41991733;"SPRF-BA";"DEL01-BA";"UOP01-DEL01-BA"
338501;2021-02-04;"quinta-feira";"12:30:00";"PR";476;172;"CONTENDA";"Velocidade Incompatível";"Colisão traseira";"Com Vítimas Feridas";"Pleno dia";"Crescente";"Sol";"Dupla";"Em Obras";"Não";5;0;1;0;4;0;1;2;-25,66057435;-49,47326481;"SPRF-PR";"DEL01-PR";"UOP03-DEL01-PR"
338508;2021-02-04;"quinta-feira";"12:50:00";"MS";60;670,7;"BELA VISTA";"Desrespeitar a preferência no cruzamento";"Colisão transversal";"Com Vítimas Feridas";"Pleno dia";"Crescente";"Céu Claro";"Simples";"Interseção de Vias";"Não";3;0;0;1;1;1;1;2;-22,03020469;-56,51567817;"SPRF-MS";"DEL05-MS";"UOP01-DEL05-MS"