"id";"data_inversa";"dia_semana";"horario";"uf";"br";"km";"municipio";"causa_acidente";"tipo_acidente";"classificacao_acidente";"fase_dia";"sentido_via";"condicao_metereologica";"tipo_pista";"tracado_via";"uso_solo";"pessoas";"mortos";"feridos_leves";"feridos_graves";"ilesos";"ignorados";"feridos";"veiculos";"latitude";"longitude";"regional";"delegacia";"uop"
338801;2021-02-05;"sexta-feira";"20:35:00";"SC";282;486,6;"FAXINAL DOS GUEDES";"Afundamento ou ondulação no pavimento";"Saída de leito carroçável";"Com Vítimas Feridas";"Plena Noite";"Crescente";"Céu Claro";"Simples";"Reta";"Sim";2;0;1;0;1;0;1;1;-26,855415;-52,25423;"SPRF-SC";"DEL07-SC";"UOP01-DEL07-SC"
338802;2021-02-05;"sexta-feira";"19:05:00";"RO";364;507;"ARIQUEMES";"Acostamento em desnível";"Colisão traseira";"Com Vítimas Feridas";"Plena Noite";"Crescente";"Garoa/Chuvisco";"Simples";"Curva";"Não";3;0;0;1;1;1;1;3;-9,98347879;-63,02364384;"SPRF-RO";"DEL03-RO";"UOP01-DEL03-RO"
338803;2021-02-05;"sexta-feira";"20:33:00";"SC";101;93,7;"BARRA VELHA";"Condutor Dormindo";"Colisão traseira";"Com Vítimas Feridas";"Plena Noite";"Crescente";"Nublado";"Dupla";"Reta";"Não";4;0;2;0;1;1;2;4;-26,6899011;-48,69663873;"SPRF-SC";"DEL03-SC";"UOP02-DEL03-SC"
338805;2021-02-05;"sexta-feira";"18:40:00";"ES";262;7;"CARIACICA";"Pista esburacada";"Colisão lateral mesmo sentido";"Com Vítimas Feridas";"Plena Noite";"Decrescente";"Céu Claro";"Dupla";"Reta";"Sim";4;0;1;0;2;1;1;3;-20,34283738;-40,40434616;"SPRF-ES";"DEL01-ES";"UOP01-DEL01-ES"
338806;2021-02-05;"sexta-feira";"22:40:00";"MG";40;444,2;"PARAOPEBA";"Carga excessiva e/ou mal acondicionada";"Tombamento";"Com Vítimas Feridas";"Plena Noite";"Crescente";"Céu Claro";"Dupla";"Curva";"Não";1;0;1;0;0;0;1;1;-19,28815;-44,392;"SPRF-MG";"DEL02-MG";"UOP01-DEL02-MG"
338809;2021-02-05;"sexta-feira";"21:00:00";"SC";470;3,9;"NAVEGANTES";"Acessar a via sem observar a presença dos outros veículos";"Colisão lateral";"Com Vítimas Feridas";"Plena Noite";"Crescente";"Céu Claro";"Simples";"Rotatória";"Não";3;0;2;0;1;0;2;2;-26,861937;-48,681618;"SPRF-SC";"DEL04-SC";"UOP04-DEL04-SC"
338812;2021-02-05;"sexta-feira";"21:00:00";"MS";158;100;"PARANAIBA";"Condutor deixou de manter distância do veículo da frente";"Colisão traseira";"Com Vítimas Feridas";"Plena Noite";"Decrescente";"Céu Claro";"Simples";"Reta";"Sim";3;0;1;0;1;3;1;5;-19,70501364;-51,14980583;"SPRF-MS";"DEL08-MS";"UOP01-DEL08-MS"
338813;2021-02-05;"sexta-feira";"20:50:00";"RJ";356;23;"ITAPERUNA";"Velocidade Incompatível";"Colisão transversal";"Com Vítimas Feridas";"Pleno dia";"Decrescente";"Chuva";"Simples";"Declive";"Não";3;0;1;0;1;2;1;4;-21,179137;-41,980105;"SPRF-RJ";"DEL08-RJ";"UOP03-DEL08-RJ"
338814;2021-02-05;"sexta-feira";"22:40:00";"ES";101;183;"ARACRUZ";"Velocidade Incompatível";"Tombamento";"Com Vítimas Feridas";"Plena Noite";"Decrescente";"Céu Claro";"Simples";"Curva";"Não";2;0;1;0;0;1;1;2;-19,64708421;-40,23286555;"SPRF-ES";"DEL04-ES";"UOP01-DEL04-ES"
338817;2021-02-05;"sexta-feira";"22:30:00";"MG";381;888,8;"CAMBUI";"Velocidade Incompatível";"Tombamento";"Com Vítimas Feridas";"Plena Noite";"Decrescente";"Nublado";"Dupla";"Curva";"Não";1;0;1;0;0;0;1;1;-22,53237734;-46,02815678;"SPRF-MG";"DEL16-MG";"UOP03-DEL16-MG"
338829;2021-02-05;"sexta-feira";"22:55:00";"RJ";116;243,8;"PIRAI";"Pista Escorregadia";"Colisão com objeto";"Sem Vítimas";"Plena Noite";"Crescente";"Garoa/Chuvisco";"Dupla";"Reta";"Não";2;0;0;0;1;1;0;2;-22,63023454;-43,91033921;"SPRF-RJ";"DEL07-RJ";"UOP01-DEL07-RJ"
338838;2021-02-06;"sábado";"02:20:00";"RN";304;231,7;"CAICARA DO RIO DO VENTO";"Acostamento em desnível";"Tombamento";"Sem Vítimas";"Plena Noite";"Crescente";"Céu Claro";"Simples";"Aclive";"Não";1;0;0;0;1;0;0;1;-5,7525176674;-35,8962759089;"SPRF-RN";"DEL01-RN";"UOP02-DEL01-RN"
338842;2021-02-06;"sábado";"01:00:00";"ES";101;324,4;"GUARAPARI";"Reação tardia ou ineficiente do condutor";"Colisão traseira";"Com Vítimas Feridas";"Plena Noite";"Decrescente";"Chuva";"Dupla";"Aclive;Reta";"Não";4;0;1;1;1;2;2;4;-20,54592303;-40,48155635;"SPRF-ES";"DEL03-ES";"UOP01-DEL03-ES"
338845;2021-02-06;"sábado";"03:50:00";"PE";116;26;"SALGUEIRO";"Problema com o freio";"Saída de leito carroçável";"Com Vítimas Feridas";"Plena Noite";"Crescente";"Céu Claro";"Simples";"Reta";"Sim";1;0;0;1;0;0;1;1;-8,069921;-39,13364;"SPRF-PE";"DEL05-PE";"UOP01-DEL05-PE"
338846;2021-02-06;"sábado";"02:45:00";"MA";135;3;"SAO LUIS";"Pista Escorregadia";"Colisão traseira";"Sem Vítimas";"Amanhecer";"Decrescente";"Nublado";"Dupla";"Declive";"Sim";2;0;0;0;0;2;0;2;-2,65029025;-44,30619132;"SPRF-MA";"DEL01-MA";"UOP01-DEL01-MA"
338849;2021-02-05;"sexta-feira";"20:00:00";"MG";365;332,9;"SAO GONCALO DO ABAETE";"Chuva";"Colisão frontal";"Com Vítimas Fatais";"Plena Noite";"Crescente";"Chuva";"Simples";"Curva";"Não";2;1;0;0;1;0;0;2;-18,29517199;-45,937137;"SPRF-MG";"DEL10-MG";"UOP01-DEL10-MG"
338853;2021-02-05;"sexta-feira";"12:15:00";"MG";365;8,1;"MONTES CLAROS";"Chuva";"Saída de leito carroçável";"Com Vítimas Feridas";"Pleno dia";"Crescente";"Chuva";"Simples";"Curva";"Não";1;0;1;0;0;0;1;1;-16,78382;-43,890787;"SPRF-MG";"DEL12-MG";"UOP01-DEL12-MG"
338854;2021-02-05;"sexta-feira";"14:40:00";"MG";365;113,4;"JEQUITAI";"Velocidade Incompatível";"Saída de leito carroçável";"Sem Vítimas";"Pleno dia";"Decrescente";"Garoa/Chuvisco";"Simples";"Reta";"Não";2;0;0;0;1;1;0;2;-17,19467699;-44,642142;"SPRF-MG";"DEL12-MG";"UOP01-DEL12-MG"
338855;2021-02-06;"sábado";"01:00:00";"SP";116;217;"GUARULHOS";"Ausência de reação do condutor";"Colisão traseira";"Sem Vítimas";"Plena Noite";"Decrescente";"Nublado";"Dupla";"Reta";"Não";2;0;0;0;0;2;0;2;-23,45423824;-46,47119028;"SPRF-SP";"DEL01-SP";"UOP01-DEL01-SP"
338857;2021-02-06;"sábado";"06:10:00";"GO";452;55;"RIO VERDE";"Condutor Dormindo";"Colisão lateral";"Com Vítimas Feridas";"Amanhecer";"Crescente";"Céu Claro";"Simples";"Reta";"Não";4;0;0;1;2;2;1;4;-17,98329165;-50,43329182;"SPRF-GO";"DEL04-GO";"UOP01-DEL04-GO"
338860;2021-02-06;"sábado";"04:30:00";"MS";163;693;"RIO VERDE DE MATO GROSSO";"Reação tardia ou ineficiente do condutor";"Colisão traseira";"Com Vítimas Feridas";"Plena Noite";"Crescente";"Céu Claro";"Dupla";"Reta";"Não";4;0;0;1;2;2;1;4;-18,81754505;-54,81850716;"SPRF-MS";"DEL06-MS";"UOP01-DEL06-MS"
338861;2021-01-01;"sexta-feira";"02:50:00";"RO";364;655;"CANDEIAS DO JAMARI";"Transitar na contramão";"Colisão frontal";"Com Vítimas Feridas";"Plena Noite";"Crescente";"Céu Claro";"Simples";"Reta";"Não";9;0;1;1;6;2;2;4;-8,87652904;-63,44177521;"SPRF-RO";"DEL01-RO";"UOP01-DEL01-RO"
338867;2021-02-05;"sexta-feira";"15:05:00";"MT";158;673,7;"NOVA XAVANTINA";"Reação tardia ou ineficiente do condutor";"Colisão traseira";"Com Vítimas Feridas";"Plena Noite";"Crescente";"Céu Claro";"Simples";"Aclive";"Não";4;0;1;0;2;7;1;10;-14,8274791;-52,29820424;"SPRF-MT";"DEL07-MT";"UOP01-DEL07-MT"
338869;2021-02-06;"sábado";"06:30:00";"MS";419;295,6;"NIOAQUE";"Acesso irregular";"Colisão traseira";"Sem Vítimas";"Pleno dia";"Decrescente";"Céu Claro";"Simples";"Reta";"Não";4;0;0;0;4;0;0;2;-20,8865792;-55,84602402;"SPRF-MS";"DEL03-MS";"UOP01-DEL03-MS"
338876;2021-02-06;"sábado";"07:00:00";"ES";101;18,3;"PEDRO CANARIO";"Velocidade Incompatível";"Tombamento";"Com Vítimas Feridas";"Pleno dia";"Decrescente";"Nublado";"Simples";"Curva";"Não";1;0;0;1;0;0;1;1;-18,31320539;-39,95347307;"SPRF-ES";"DEL04-ES";"UOP02-DEL04-ES"
338885;2021-02-06;"sábado";"08:30:00";"SC";116;147;"SANTA CECILIA";"Transitar na contramão";"Colisão lateral sentido oposto";"Sem Vítimas";"Pleno dia";"Decrescente";"Céu Claro";"Simples";"Curva";"Não";3;0;0;0;2;2;0;4;-27,01897725;-50,42319774;"SPRF-SC";"DEL06-SC";"UOP02-DEL06-SC"
338888;2021-02-06;"sábado";"08:50:00";"SE";101;19,6;"SAO FRANCISCO";"Desvio temporário";"Tombamento";"Com Vítimas Feridas";"Pleno dia";"Decrescente";"Céu Claro";"Dupla";"Reta";"Não";1;0;0;1;0;0;1;1;-10,35365721;-36,90338472;"SPRF-SE";"DEL02-SE";"UOP02-DEL02-SE"
338895;2021-02-06;"sábado";"05:30:00";"PR";153;351;"REBOUCAS";"Transitar na contramão";"Colisão frontal";"Com Vítimas Feridas";"Amanhecer";"Decrescente";"Céu Claro";"Simples";"Reta";"Não";3;0;1;0;2;0;1;2;-25,617372;-50,703029;"SPRF-PR";"DEL03-PR";"UOP03-DEL03-PR"
338896;2021-02-06;"sábado";"10:00:00";"SP";153;261,4;"MARILIA";"Ingestão de álcool pelo condutor";"Colisão lateral sentido oposto";"Com Vítimas Feridas";"Pleno dia";"Decrescente";"Céu Claro";"Simples";"Reta";"Não";3;0;1;0;1;1;1;3;-22,27474603;-49,92126208;"SPRF-SP";"DEL07-SP";"UOP02-DEL07-SP"
338898;2021-02-06;"sábado";"09:30:00";"MG";365;7,5;"MONTES CLAROS";"Velocidade Incompatível";"Colisão com objeto";"Com Vítimas Feridas";"Pleno dia";"Crescente";"Chuva";"Simples";"Curva";"Não";3;0;1;1;1;0;2;2;-16,82885665;-43,92602929;"SPRF-MG";"DEL12-MG";"UOP01-DEL12-MG"
338900;2021-02-05;"sexta-feira";"22:30:00";"PA";163;878;"BELTERRA";"Carga excessiva e/ou mal acondicionada";"Tombamento";"Com Vítimas Feridas";"Plena Noite";"Crescente";"Ignorado";"Simples";"Curva";"Não";2;0;1;0;0;2;1;3;-3,41643833;-54,91438866;"SPRF-PA";"DEL05-PA";"UOP01-DEL05-PA"
338910;2021-02-06;"sábado";"09:55:00";"MS";163;455,4;"CAMPO GRANDE";"Acessar a via sem observar a presença dos outros veículos";"Colisão transversal";"Com Vítimas Feridas";"Pleno dia";"Crescente";"Céu Claro";"Simples";"Reta";"Não";3;0;1;0;2;0;1;2;-20,68134897;-54,55509188;"SPRF-MS";"DEL01-MS";"UOP01-DEL01-MS"
338911;2021-02-04;"quinta-feira";"17:00:00";"MG";381;582;"CARMOPOLIS DE MINAS";"Entrada inopinada do pedestre";"Atropelamento de Pedestre";"Com Vítimas Feridas";"Pleno dia";"Crescente";"Céu Claro";"Dupla";"Reta";"Não";3;0;1;0;1;1;1;3;-20,51930642;-44,62405985;"SPRF-MG";"DEL04-MG";"UOP01-DEL04-MG"
338916;2021-02-06;"sábado";"11:55:00";"DF";20;17,7;"BRASILIA";"Pista Escorregadia";"Saída de leito carroçável";"Sem Vítimas";"Pleno dia";"Crescente";"Chuva";"Dupla";"Reta;Declive";"Não";2;0;0;0;1;2;0;3;-15,621374;-47,71698;"SPRF-DF";"DEL02-DF";"UOP01-DEL02-DF"
338920;2021-02-06;"sábado";"12:15:00";"PR";376;672;"GUARATUBA";"Velocidade Incompatível";"Colisão lateral";"Com Vítimas Feridas";"Pleno dia";"Crescente";"Céu Claro";"Dupla";"Reta";"Não";4;0;1;0;2;1;1;4;-25,89358488;-48,93146782;"SPRF-PR";"DEL01-PR";"UOP04-DEL01-PR"
338921;2021-02-06;"sábado";"12:00:00";"MG";381;334;"NOVA ERA";"Velocidade Incompatível";"Saída de leito carroçável";"Com Vítimas Feridas";"Pleno dia";"Crescente";"Céu Claro";"Simples";"Curva";"Não";2;0;1;0;0;1;1;2;-19,81025584;-43,06303471;"SPRF-MG";"DEL03-MG";"UOP01-DEL03-MG"
338922;2021-02-06;"sábado";"12:25:00";"CE";116;20;"EUSEBIO";"Ingestão de álcool e/ou substâncias psicoativas pelo pedestre";"Atropelamento de Pedestre";"Com Vítimas Feridas";"Pleno dia";"Crescente";"Céu Claro";"Dupla";"Reta";"Sim";3;0;0;1;2;0;1;2;-3,92277497;-38,50762327;"SPRF-CE";"DEL01-CE";"UOP02-DEL01-CE"
338926;2021-02-06;"sábado";"10:30:00";"MG";365;640;"UBERLANDIA";"Retorno proibido";"Colisão transversal";"Com Vítimas Feridas";"Pleno dia";"Crescente";"Sol";"Dupla";"Reta;Retorno Regulamentado;Declive";"Não";5;0;2;1;1;1;3;4;-18,88535924;-48,46544904;"SPRF-MG";"DEL15-MG";"UOP01-DEL15-MG"
338931;2021-02-06;"sábado";"11:45:00";"SP";116;157;"SAO JOSE DOS CAMPOS";"Condutor deixou de manter distância do veículo da frente";"Colisão traseira";"Com Vítimas Feridas";"Pleno dia";"Decrescente";"Sol";"Dupla";"Reta;Aclive";"Sim";5;0;2;0;2;1;2;3;-23,25558031;-45,9437828;"SPRF-SP";"DEL02-SP";"UOP01-DEL02-SP"
338934;2021-02-06;"sábado";"13:40:00";"PE";101;59,6;"RECIFE";"Acesso irregular";"Colisão traseira";"Com Vítimas Feridas";"Pleno dia";"Decrescente";"Céu Claro";"Dupla";"Curva";"Sim";5;0;0;1;4;0;1;5;-7,97708575;-34,92607318;"SPRF-PE";"DEL01-PE";"UOP02-DEL01-PE"
338946;2021-02-06;"sábado";"12:20:00";"MG";251;464,3;"MONTES CLAROS";"Reação tardia ou ineficiente do condutor";"Colisão traseira";"Sem Vítimas";"Pleno dia";"Crescente";"Chuva";"Simples";"Reta";"Não";3;0;0;0;1;4;0;5;-16,6538242;-43,7179671;"SPRF-MG";"DEL12-MG";"UOP01-DEL12-MG"
338948;2021-02-06;"sábado";"13:31:00";"PR";116;129,4;"FAZENDA RIO GRANDE";"Velocidade Incompatível";"Colisão traseira";"Sem Vítimas";"Pleno dia";"Crescente";"Sol";"Dupla";"Reta";"Sim";4;0;0;0;2;3;0;5;-25,63027814;-49,31381255;"SPRF-PR";"DEL01-PR";"UOP03-DEL01-PR"
338951;2021-02-06;"sábado";"14:45:00";"SC";101;276,8;"IMBITUBA";"Condutor deixou de manter distância do veículo da frente";"Colisão traseira";"Com Vítimas Feridas";"Pleno dia";"Decrescente";"Céu Claro";"Dupla";"Em Obras";"Sim";4;0;2;0;1;2;2;4;-28,14644701;-48,69204746;"SPRF-SC";"DEL02-SC";"UOP03-DEL02-SC"
338952;2021-02-06;"sábado";"13:40:00";"PR";369;382,2;"MAMBORE";"Mal súbito do condutor";"Saída de leito carroçável";"Com Vítimas Feridas";"Pleno dia";"Crescente";"Céu Claro";"Simples";"Aclive;Reta";"Não";1;0;1;0;0;0;1;1;-24,231978;-52,519855;"SPRF-PR";"DEL09-PR";"UOP03-DEL09-PR"
338955;2021-02-06;"sábado";"10:35:00";"SC";280;157,2;"MAFRA";"Transitar na contramão";"Colisão frontal";"Com Vítimas Feridas";"Pleno dia";"Decrescente";"Céu Claro";"Simples";"Declive;Reta";"Não";3;0;0;2;1;0;2;2;-26,20203891;-49,76000369;"SPRF-SC";"DEL06-SC";"UOP03-DEL06-SC"
338961;2021-02-06;"sábado";"14:55:00";"TO";153;659;"GURUPI";"Transitar na contramão";"Colisão frontal";"Com Vítimas Feridas";"Pleno dia";"Crescente";"Garoa/Chuvisco";"Simples";"Reta";"Não";2;0;0;1;1;0;1;2;-11,61367288;-49,04469534;"SPRF-TO";"DEL01-TO";"UOP02-DEL01-TO"
338964;2021-02-06;"sábado";"13:56:00";"RJ";40;2,7;"COMENDADOR LEVY GASPARIAN";"Avarias e/ou desgaste excessivo no pneu";"Colisão com objeto";"Com Vítimas Feridas";"Pleno dia";"Decrescente";"Chuva";"Dupla";"Curva";"Não";1;0;1;0;0;0;1;1;-22,01143747;-43,25078935;"SPRF-RJ";"DEL05-RJ";"UOP02-DEL05-RJ"
338966;2021-02-06;"sábado";"13:30:00";"MT";70;296;"POXOREO";"Manobra de mudança de faixa";"Colisão lateral sentido oposto";"Com Vítimas Feridas";"Pleno dia";"Decrescente";"Céu Claro";"Simples";"Reta";"Não";6;0;1;0;4;1;1;6;-15,58085505;-54,437977;"SPRF-MT";"DEL05-MT";"UOP01-DEL05-MT"
338970;2021-02-06;"sábado";"08:36:00";"BA";116;563;"NOVA ITARANA";"Condutor deixou de manter distância do veículo da frente";"Engavetamento";"Com Vítimas Feridas";"Pleno dia";"Crescente";"Céu Claro";"Simples";"Reta";"Não";9;0;1;1;6;5;2;10;-12,95610303;-39,92190696;"SPRF-BA";"DEL03-BA";"UOP02-DEL03-BA"
338978;2021-02-06;"sábado";"16:40:00";"MG";267;203,9;"BOM JARDIM DE MINAS";"Chuva";"Colisão frontal";"Com Vítimas Feridas";"Pleno dia";"Crescente";"Chuva";"Simples";"Curva";"Não";10;0;3;1;5;3;4;6;-21,93193766;-44,11060298;"SPRF-MG";"DEL05-MG";"UOP01-DEL05-MG"
338993;2021-02-06;"sábado";"17:40:00";"PA";316;65;"CASTANHAL";"Acessar a via sem observar a presença dos outros veículos";"Colisão transversal";"Com Vítimas Fatais";"Anoitecer";"Decrescente";"Nublado";"Dupla";"Reta";"Sim";2;1;0;0;1;0;0;2;-1,29580361;-47,91084002;"SPRF-PA";"DEL01-PA";"UOP01-DEL01-PA"
338999;2021-02-06;"sábado";"10:40:00";"SC";282;421,5;"VARGEM BONITA";"Velocidade Incompatível";"Colisão frontal";"Com Vítimas Feridas";"Pleno dia";"Decrescente";"Céu Claro";"Simples";"Curva";"Sim";3;0;2;0;0;1;2;3;-26,999937;-51,744019;"SPRF-SC";"DEL07-SC";"UOP05-DEL07-SC"
339003;2021-02-06;"sábado";"18:10:00";"SC";280;7;"SAO FRANCISCO DO SUL";"Acessar a via sem observar a presença dos outros veículos";"Colisão transversal";"Com Vítimas Feridas";"Pleno dia";"Crescente";"Céu Claro";"Simples";"Curva;Rotatória";"Sim";4;0;2;0;1;1;2;3;-26,270538;-48,640842;"SPRF-SC";"DEL03-SC";"UOP03-DEL03-SC"
339009;2021-02-06;"sábado";"11:00:00";"RS";116;40,3;"VACARIA";"Desrespeitar a preferência no cruzamento";"Colisão transversal";"Sem Vítimas";"Pleno dia";"Crescente";"Céu Claro";"Simples";"Reta;Interseção de Vias";"Sim";3;0;0;0;2;1;0;3;-28,51839098;-50,93942202;"SPRF-RS";"DEL05-RS";"UOP03-DEL05-RS"
339011;2021-02-06;"sábado";"16:40:00";"MG";50;198;"DELTA";"Ausência de reação do condutor";"Engavetamento";"Sem Vítimas";"Pleno dia";"Crescente";"Céu Claro";"Múltipla";"Reta";"Não";6;0;0;0;5;1;0;6;-19,91852802;-47,82724402;"SPRF-MG";"DEL13-MG";"UOP01-DEL13-MG"
339015;2021-02-06;"sábado";"18:55:00";"RN";304;260,3;"SAO PEDRO";"Velocidade Incompatível";"Colisão lateral";"Com Vítimas Fatais";"Plena Noite";"Crescente";"Céu Claro";"Simples";"Reta";"Não";6;1;1;1;2;1;2;4;-5,84818077;-35,66520494;"SPRF-RN";"DEL01-RN";"UOP02-DEL01-RN"
339025;2021-02-06;"sábado";"17:10:00";"MS";267;46,9;"BATAGUASSU";"Demais falhas mecânicas ou elétricas";"Incêndio";"Sem Vítimas";"Pleno dia";"Decrescente";"Céu Claro";"Simples";"Reta;Declive";"Não";1;0;0;0;1;0;0;1;-21,81419553;-52,54503309;"SPRF-MS";"DEL02-MS";"UOP04-DEL02-MS"
339027;2021-02-06;"sábado";"19:00:00";"RJ";101;228;"SILVA JARDIM";"Ausência de reação do condutor";"Colisão traseira";"Sem Vítimas";"Plena Noite";"Decrescente";"Nublado";"Dupla";"Reta";"Não";2;0;0;0;2;0;0;2;-22,56241824;-42,35993577;"SPRF-RJ";"DEL02-RJ";"UOP03-DEL02-RJ"
339029;2021-02-06;"sábado";"17:00:00";"BA";101;164;"CONCEICAO DO JACUIPE";"Velocidade Incompatível";"Colisão frontal";"Com Vítimas Feridas";"Anoitecer";"Decrescente";"Nublado";"Simples";"Reta";"Sim";5;0;2;0;2;1;2;3;-12,35551436;-38,782478;"SPRF-BA";"DEL01-BA";"UOP03-DEL01-BA"
339032;2021-02-06;"sábado";"20:00:00";"PR";373;233,8;"IMBITUVA";"Entrada inopinada do pedestre";"Atropelamento de Pedestre";"Com Vítimas Feridas";"Plena Noite";"Decrescente";"Céu Claro";"Simples";"Reta";"Não";3;0;0;1;1;1;1;3;-25,18677344;-50,69712205;"SPRF-PR";"DEL03-PR";"UOP04-DEL03-PR"
339033;2021-02-06;"sábado";"18:00:00";"BA";101;328;"PRESIDENTE TANCREDO NEVES";"Ultrapassagem Indevida";"Colisão frontal";"Com Vítimas Fatais";"Anoitecer";"Crescente";"Céu Claro";"Simples";"Curva";"Sim";2;1;0;0;1;0;0;2;-13,4585426;-39,4165422;"SPRF-BA";"DEL05-BA";"UOP03-DEL05-BA"
339052;2021-02-06;"sábado";"17:55:00";"SP";116;22,5;"LAVRINHAS";"Reação tardia ou ineficiente do condutor";"Saída de leito carroçável";"Sem Vítimas";"Pleno dia";"Crescente";"Nublado";"Dupla";"Aclive";"Não";2;0;0;0;1;1;0;2;-22,58368521;-44,87772952;"SPRF-SP";"DEL08-SP";"UOP02-DEL08-SP"
339063;2021-02-06;"sábado";"22:50:00";"ES";101;264,8;"SERRA";"Reação tardia ou ineficiente do condutor";"Capotamento";"Com Vítimas Feridas";"Plena Noite";"Decrescente";"Nublado";"Dupla";"Curva";"Sim";1;0;0;1;0;0;1;1;-20,17292791;-40,26736384;"SPRF-ES";"DEL02-ES";"UOP01-DEL02-ES"
339065;2021-02-06;"sábado";"22:50:00";"MG";40;444,4;"PARAOPEBA";"Carga excessiva e/ou mal acondicionada";"Tombamento";"Com Vítimas Feridas";"Plena Noite";"Crescente";"Chuva";"Dupla";"Curva;Declive";"Não";1;0;1;0;0;0;1;1;-19,29012;-44,40551;"SPRF-MG";"DEL02-MG";"UOP01-DEL02-MG"
339066;2021-02-06;"sábado";"22:40:00";"AL";316;140,8;"ESTRELA DE ALAGOAS";"Reação tardia ou ineficiente do condutor";"Colisão traseira";"Com Vítimas Feridas";"Plena Noite";"Decrescente";"Céu Claro";"Simples";"Declive;Reta";"Sim";5;0;0;1;4;0;1;3;-9,3920142;-36,74952703;"SPRF-AL";"DEL03-AL";"UOP01-DEL03-AL"
339080;2021-02-06;"sábado";"20:00:00";"MG";116;712,2;"MURIAE";"Velocidade Incompatível";"Tombamento";"Com Vítimas Feridas";"Plena Noite";"Decrescente";"Garoa/Chuvisco";"Simples";"Curva";"Não";5;0;1;0;3;2;1;5;-21,19049794;-42,3684161;"SPRF-MG";"DEL07-MG";"UOP02-DEL07-MG"
339088;2021-02-06;"sábado";"23:55:00";"BA";116;910,1;"CANDIDO SALES";"Mal súbito do condutor";"Colisão traseira";"Com Vítimas Feridas";"Plena Noite";"Crescente";"Nublado";"Simples";"Aclive";"Sim";2;0;0;1;1;0;1;2;-15,51389714;-41,23744011;"SPRF-BA";"DEL08-BA";"UOP03-DEL08-BA"
339090;2021-02-06;"sábado";"21:30:00";"MG";365;270;"JOAO PINHEIRO";"Condutor deixou de manter distância do veículo da frente";"Colisão traseira";"Com Vítimas Feridas";"Plena Noite";"Crescente";"Chuva";"Simples";"Reta";"Não";4;0;1;0;2;1;1;4;-17,93130887;-45,57809825;"SPRF-MG";"DEL14-MG";"UOP02-DEL14-MG"
339099;2021-02-06;"sábado";"13:45:00";"MG";50;148;"UBERABA";"Condutor Dormindo";"Colisão lateral sentido oposto";"Com Vítimas Feridas";"Pleno dia";"Decrescente";"Céu Claro";"Dupla";"Reta";"Não";3;0;0;1;1;2;1;4;-19,54676795;-48,03584554;"SPRF-MG";"DEL13-MG";"UOP01-DEL13-MG"
339103;2021-02-06;"sábado";"05:40:00";"RO";364;117;"PIMENTA BUENO";"Chuva";"Colisão lateral";"Com Vítimas Feridas";"Amanhecer";"Crescente";"Chuva";"Simples";"Declive;Reta";"Não";7;0;4;1;1;7;5;12;-12,14878;-60,71976;"SPRF-RO";"DEL02-RO";"UOP02-DEL02-RO"
339107;2021-02-07;"domingo";"04:20:00";"RJ";101;277;"TANGUA";"Ingestão de álcool pelo condutor";"Colisão lateral";"Sem Vítimas";"Plena Noite";"Decrescente";"Nublado";"Dupla";"Reta";"Não";2;0;0;0;2;0;0;2;-22,73943906;-42,748279;"SPRF-RJ";"DEL02-RJ";"UOP03-DEL02-RJ"
339113;2021-02-07;"domingo";"05:15:00";"SC";470;185,5;"POUSO REDONDO";"Transitar na contramão";"Colisão frontal";"Com Vítimas Fatais";"Amanhecer";"Crescente";"Nevoeiro/Neblina";"Simples";"Aclive";"Não";5;1;0;1;1;2;1;4;-27,25753855;-50,04682302;"SPRF-SC";"DEL04-SC";"UOP02-DEL04-SC"
339117;2021-02-07;"domingo";"04:45:00";"MS";163;241,5;"DOURADOS";"Transitar na contramão";"Colisão frontal";"Com Vítimas Feridas";"Amanhecer";"Crescente";"Céu Claro";"Simples";"Reta";"Não";3;0;2;0;0;1;2;3;-22,38181002;-54,79220932;"SPRF-MS";"DEL04-MS";"UOP01-DEL04-MS"
339126;2021-02-07;"domingo";"05:50:00";"RJ";40;108;"DUQUE DE CAXIAS";"Curva acentuada";"Derramamento de carga";"Sem Vítimas";"Pleno dia";"Decrescente";"Céu Claro";"Dupla";"Curva";"Sim";2;0;0;0;1;2;0;3;-22,67092706;-43,2840836;"SPRF-RJ";"DEL01-RJ";"UOP01-DEL01-RJ"
339135;2021-02-07;"domingo";"01:40:00";"GO";153;311;"RIALMA";"Condutor Dormindo";"Saída de leito carroçável";"Com Vítimas Feridas";"Pleno dia";"Crescente";"Nublado";"Simples";"Curva";"Não";1;0;1;0;0;0;1;1;-15,375852;-49,55616;"SPRF-GO";"DEL02-GO";"UOP02-DEL02-GO"
339151;2021-01-27;"quarta-feira";"16:10:00";"GO";153;308,9;"CERES";"Reação tardia ou ineficiente do condutor";"Colisão traseira";"Com Vítimas Feridas";"Pleno dia";"Decrescente";"Céu Claro";"Simples";"Reta";"Não";2;0;1;1;0;0;2;2;-15,348556;-49,568298;"SPRF-GO";"DEL02-GO";"UOP02-DEL02-GO"
339155;2021-02-07;"domingo";"05:30:00";"MA";135;266;"CAPINZAL DO NORTE";"Velocidade Incompatível";"Saída de leito carroçável";"Com Vítimas Feridas";"Amanhecer";"Decrescente";"Céu Claro";"Simples";"Reta";"Não";2;0;1;0;0;1;1;2;-4,710835;-44,32959579;"SPRF-MA";"DEL03-MA";"UOP01-DEL03-MA"