"id";"data_inversa";"dia_semana";"horario";"uf";"br";"km";"municipio";"causa_acidente";"tipo_acidente";"classificacao_acidente";"fase_dia";"sentido_via";"condicao_metereologica";"tipo_pista";"tracado_via";"uso_solo";"pessoas";"mortos";"feridos_leves";"feridos_graves";"ilesos";"ignorados";"feridos";"veiculos";"latitude";"longitude";"regional";"delegacia";"uop"
342024;2021-02-21;"domingo";"06:30:00";"MS";163;559,9;"BANDEIRANTES";"Condutor usando celular";"Saída de leito carroçável";"Com Vítimas Fatais";"Pleno dia";"Decrescente";"Céu Claro";"Simples";"Reta";"Não";3;1;1;0;0;1;1;2;-19,82876601;-54,3703542;"SPRF-MS";"DEL01-MS";"UOP02-DEL01-MS"
342033;2021-02-21;"domingo";"07:50:00";"MS";163;20,7;"MUNDO NOVO";"Área urbana sem a presença de local apropriado para a travessia de pedestres";"Atropelamento de Pedestre";"Com Vítimas Feridas";"Pleno dia";"Crescente";"Céu Claro";"Simples";"Reta";"Sim";3;0;0;1;1;3;1;5;-23,92529776;-54,2835309;"SPRF-MS";"DEL09-MS";"UOP02-DEL09-MS"
342035;2021-02-21;"domingo";"08:45:00";"MG";40;465;"SETE LAGOAS";"Frear bruscamente";"Colisão com objeto";"Com Vítimas Feridas";"Pleno dia";"Decrescente";"Chuva";"Dupla";"Declive;Curva";"Não";4;0;2;0;1;1;2;3;-19,43835777;-44,33103681;"SPRF-MG";"DEL02-MG";"UOP01-DEL02-MG"
342041;2021-02-21;"domingo";"09:30:00";"GO";153;61;"PORANGATU";"Acesso irregular";"Colisão frontal";"Com Vítimas Fatais";"Pleno dia";"Crescente";"Chuva";"Simples";"Reta";"Não";4;1;1;0;1;1;1;3;-13,35297;-49,12318;"SPRF-GO";"DEL07-GO";"UOP01-DEL07-GO"
342047;2021-02-21;"domingo";"03:40:00";"TO";242;298,9;"PEIXE";"Ausência de reação do condutor";"Colisão traseira";"Com Vítimas Feridas";"Pleno dia";"Crescente";"Garoa/Chuvisco";"Simples";"Reta";"Não";5;0;0;2;1;2;2;4;-12,13998907;-48,53703775;"SPRF-TO";"DEL01-TO";"UOP02-DEL01-TO"
342049;2021-02-21;"domingo";"09:00:00";"PE";116;34,4;"SALGUEIRO";"Ultrapassagem Indevida";"Colisão lateral mesmo sentido";"Com Vítimas Feridas";"Pleno dia";"Crescente";"Céu Claro";"Simples";"Reta";"Não";3;0;1;0;2;0;1;2;-8,135853;-39,113209;"SPRF-PE";"DEL05-PE";"UOP01-DEL05-PE"
342050;2021-02-21;"domingo";"08:30:00";"MT";364;1;"ALTO ARAGUAIA";"Reação tardia ou ineficiente do condutor";"Colisão com objeto";"Sem Vítimas";"Pleno dia";"Decrescente";"Céu Claro";"Dupla";"Declive";"Sim";3;0;0;0;2;5;0;7;-17,31227325;-53,21828343;"SPRF-MT";"DEL02-MT";"UOP02-DEL02-MT"
342056;2021-02-21;"domingo";"12:30:00";"PE";116;14;"SALGUEIRO";"Avarias e/ou desgaste excessivo no pneu";"Saída de leito carroçável";"Com Vítimas Feridas";"Pleno dia";"Crescente";"Céu Claro";"Simples";"Declive";"Não";2;0;1;0;1;0;1;1;-7,96237;-39,1346;"SPRF-PE";"DEL05-PE";"UOP01-DEL05-PE"
342058;2021-02-21;"domingo";"08:10:00";"MG";267;186;"OLARIA";"Ausência de reação do condutor";"Tombamento";"Com Vítimas Feridas";"Amanhecer";"Decrescente";"Céu Claro";"Simples";"Curva";"Não";2;0;1;0;0;1;1;2;-21,91403182;-43,98670974;"SPRF-MG";"DEL05-MG";"UOP01-DEL05-MG"
342063;2021-02-21;"domingo";"13:40:00";"ES";101;412,3;"ITAPEMIRIM";"Reação tardia ou ineficiente do condutor";"Colisão lateral sentido oposto";"Com Vítimas Feridas";"Pleno dia";"Crescente";"Sol";"Simples";"Curva";"Não";4;0;0;1;1;2;1;4;-20,90878197;-41,06944138;"SPRF-ES";"DEL03-ES";"UOP02-DEL03-ES"
342065;2021-02-13;"sábado";"15:40:00";"MG";153;172;"FRUTAL";"Curva acentuada";"Tombamento";"Com Vítimas Feridas";"Pleno dia";"Crescente";"Céu Claro";"Dupla";"Interseção de Vias";"Não";2;0;1;0;0;3;1;4;-19,78523104;-48,9660625;"SPRF-MG";"DEL13-MG";"UOP02-DEL13-MG"
342070;2021-02-21;"domingo";"13:45:00";"MG";50;45;"ARAGUARI";"Velocidade Incompatível";"Saída de leito carroçável";"Com Vítimas Feridas";"Pleno dia";"Decrescente";"Céu Claro";"Dupla";"Reta";"Não";4;0;1;0;2;1;1;4;-18,71289097;-48,19662304;"SPRF-MG";"DEL15-MG";"UOP02-DEL15-MG"
342071;2021-02-21;"domingo";"14:20:00";"MG";381;934;"EXTREMA";"Velocidade Incompatível";"Colisão traseira";"Sem Vítimas";"Pleno dia";"Decrescente";"Nublado";"Dupla";"Curva;Declive";"Não";2;0;0;0;2;0;0;2;-22,82007572;-46,29934031;"SPRF-MG";"DEL16-MG";"UOP03-DEL16-MG"
342072;2021-02-21;"domingo";"09:24:00";"SP";116;561;"BARRA DO TURVO";"Reação tardia ou ineficiente do condutor";"Tombamento";"Com Vítimas Feridas";"Pleno dia";"Decrescente";"Sol";"Dupla";"Curva";"Não";2;0;1;0;0;1;1;2;-25,02045097;-48,51586004;"SPRF-SP";"DEL05-SP";"UOP02-DEL05-SP"
342078;2021-02-21;"domingo";"08:20:00";"RO";364;84;"VILHENA";"Demais falhas mecânicas ou elétricas";"Tombamento";"Com Vítimas Feridas";"Pleno dia";"Crescente";"Garoa/Chuvisco";"Simples";"Declive";"Não";2;0;1;0;0;1;1;2;-12,41146228;-60,60665927;"SPRF-RO";"DEL04-RO";"UOP01-DEL04-RO"
342086;2021-02-21;"domingo";"15:20:00";"MG";40;563,1;"NOVA LIMA";"Demais falhas mecânicas ou elétricas";"Incêndio";"Sem Vítimas";"Pleno dia";"Crescente";"Céu Claro";"Dupla";"Curva";"Não";1;0;0;0;1;0;0;1;-20,1565654;-43,9630694;"SPRF-MG";"DEL01-MG";"UOP02-DEL01-MG"
342090;2021-02-21;"domingo";"16:20:00";"MG";381;760;"TRES CORACOES";"Condutor Dormindo";"Tombamento";"Com Vítimas Feridas";"Pleno dia";"Decrescente";"Céu Claro";"Dupla";"Reta";"Não";2;0;1;0;0;1;1;2;-21,72400978;-45,38147537;"SPRF-MG";"DEL16-MG";"UOP02-DEL16-MG"
342097;2021-02-21;"domingo";"16:24:00";"MS";463;106,8;"PONTA PORA";"Ausência de reação do condutor";"Colisão frontal";"Com Vítimas Feridas";"Pleno dia";"Crescente";"Sol";"Simples";"Reta";"Sim";7;0;5;0;1;1;5;4;-22,59548427;-55,66583633;"SPRF-MS";"DEL04-MS";"UOP03-DEL04-MS"
342098;2021-02-21;"domingo";"14:20:00";"BA";101;422;"MARAU";"Velocidade Incompatível";"Tombamento";"Sem Vítimas";"Pleno dia";"Decrescente";"Sol";"Simples";"Curva";"Não";1;0;0;0;1;0;0;1;-14,13624273;-39,35817719;"SPRF-BA";"DEL05-BA";"UOP03-DEL05-BA"
342100;2021-02-21;"domingo";"17:20:00";"PR";153;477;"PORTO VITORIA";"Acessar a via sem observar a presença dos outros veículos";"Colisão lateral";"Com Vítimas Feridas";"Pleno dia";"Crescente";"Céu Claro";"Simples";"Reta";"Não";3;0;0;1;1;1;1;3;-26,3501905;-51,25156403;"SPRF-PR";"DEL02-PR";"UOP03-DEL02-PR"
342102;2021-02-21;"domingo";"17:50:00";"GO";40;36,9;"LUZIANIA";"Velocidade Incompatível";"Saída de leito carroçável";"Com Vítimas Feridas";"Anoitecer";"Crescente";"Nublado";"Dupla";"Reta";"Não";1;0;1;0;0;0;1;1;-16,3181831;-47,84101725;"SPRF-DF";"DEL01-DF";"UOP01-DEL01-DF"
342103;2021-02-21;"domingo";"16:30:00";"CE";116;537,7;"PENAFORTE";"Reação tardia ou ineficiente do condutor";"Colisão traseira";"Com Vítimas Feridas";"Pleno dia";"Decrescente";"Nublado";"Simples";"Reta";"Sim";3;0;2;0;1;0;2;2;-7,73858188;-39,05131417;"SPRF-CE";"DEL05-CE";"UOP03-DEL05-CE"
342111;2021-02-21;"domingo";"17:25:00";"BA";242;351;"LENCOIS";"Velocidade Incompatível";"Derramamento de carga";"Com Vítimas Feridas";"Anoitecer";"Crescente";"Nublado";"Simples";"Declive;Curva";"Não";2;0;1;0;0;1;1;2;-12,49243908;-41,3280788;"SPRF-BA";"DEL06-BA";"UOP01-DEL06-BA"
342112;2021-02-21;"domingo";"15:30:00";"MG";381;529,2;"BRUMADINHO";"Carga excessiva e/ou mal acondicionada";"Derramamento de carga";"Sem Vítimas";"Pleno dia";"Decrescente";"Nublado";"Dupla";"Aclive;Curva";"Não";2;0;0;0;1;1;0;2;-20,161596;-44,34242964;"SPRF-MG";"DEL04-MG";"UOP03-DEL04-MG"
342119;2021-02-21;"domingo";"17:25:00";"PR";277;132;"BALSA NOVA";"Velocidade Incompatível";"Colisão com objeto";"Com Vítimas Fatais";"Pleno dia";"Decrescente";"Céu Claro";"Múltipla";"Reta";"Não";2;1;0;0;0;1;0;2;-25,470239;-49,7247583;"SPRF-PR";"DEL01-PR";"UOP03-DEL03-PR"
342131;2021-02-21;"domingo";"18:00:00";"RO";364;426,2;"JARU";"Ingestão de substâncias psicoativas pelo condutor";"Colisão frontal";"Sem Vítimas";"Pleno dia";"Decrescente";"Nublado";"Simples";"Reta";"Não";3;0;0;0;1;4;0;5;-10,432443;-62,479584;"SPRF-RO";"DEL03-RO";"UOP02-DEL03-RO"
342145;2021-02-21;"domingo";"20:45:00";"PR";376;524,1;"PONTA GROSSA";"Ingestão de álcool pelo condutor";"Colisão traseira";"Com Vítimas Feridas";"Plena Noite";"Decrescente";"Céu Claro";"Dupla";"Declive;Reta";"Não";6;0;2;0;3;1;2;2;-25,269429;-49,94556737;"SPRF-PR";"DEL03-PR";"UOP04-DEL03-PR"
342150;2021-02-21;"domingo";"19:40:00";"SC";101;9;"GARUVA";"Reação tardia ou ineficiente do condutor";"Colisão traseira";"Com Vítimas Feridas";"Plena Noite";"Crescente";"Céu Claro";"Dupla";"Reta";"Não";2;0;1;0;0;1;1;2;-26,053987;-48,859608;"SPRF-SC";"DEL03-SC";"UOP01-DEL03-SC"
342152;2021-02-21;"domingo";"19:49:00";"PR";476;148,5;"ARAUCARIA";"Velocidade Incompatível";"Colisão traseira";"Com Vítimas Feridas";"Plena Noite";"Decrescente";"Céu Claro";"Simples";"Reta";"Sim";3;0;0;1;1;2;1;4;-25,557121;-49,348732;"SPRF-PR";"DEL01-PR";"UOP03-DEL01-PR"
342156;2021-02-21;"domingo";"20:00:00";"MT";163;1045;"MATUPA";"Ausência de reação do condutor";"Colisão transversal";"Com Vítimas Feridas";"Plena Noite";"Decrescente";"Nublado";"Simples";"Reta";"Não";3;0;1;0;1;3;1;5;-10,121774;-54,932927;"SPRF-MT";"DEL06-MT";"NPF/DEL06-MT"
342159;2021-02-21;"domingo";"20:30:00";"PR";369;421,7;"JURANDA";"Ingestão de álcool pelo condutor";"Colisão lateral sentido oposto";"Com Vítimas Feridas";"Plena Noite";"Crescente";"Céu Claro";"Simples";"Curva";"Não";2;0;1;0;1;0;1;2;-24,39814795;-52,80895194;"SPRF-PR";"DEL09-PR";"UOP03-DEL09-PR"
342166;2021-02-21;"domingo";"21:40:00";"DF";40;5,2;"BRASILIA";"Chuva";"Colisão traseira";"Com Vítimas Feridas";"Plena Noite";"Crescente";"Chuva";"Dupla";"Reta";"Não";2;0;1;0;1;0;1;2;-16,02358202;-47,97991276;"SPRF-DF";"DEL01-DF";"UOP01-DEL01-DF"
342167;2021-02-21;"domingo";"15:20:00";"MG";153;1,4;"ARAPORA";"Demais falhas mecânicas ou elétricas";"Incêndio";"Sem Vítimas";"Pleno dia";"Decrescente";"Céu Claro";"Dupla";"Reta";"Sim";2;0;0;0;1;1;0;2;-18,42608911;-49,19359032;"SPRF-MG";"DEL15-MG";"UOP03-DEL15-MG"
342187;2021-02-21;"domingo";"23:45:00";"PR";116;18;"CAMPINA GRANDE DO SUL";"Condutor Dormindo";"Colisão traseira";"Com Vítimas Feridas";"Plena Noite";"Crescente";"Céu Claro";"Dupla";"Reta";"Não";3;0;1;0;1;1;1;3;-25,103973;-48,710786;"SPRF-PR";"DEL01-PR";"UOP02-DEL01-PR"
342188;2021-02-21;"domingo";"19:00:00";"MA";316;80;"MARANHAOZINHO";"Transitar na contramão";"Colisão frontal";"Com Vítimas Feridas";"Plena Noite";"Decrescente";"Chuva";"Simples";"Reta";"Sim";2;0;1;0;1;0;1;2;-2,243207;-45,856514;"SPRF-MA";"DEL02-MA";"UOP02-DEL02-MA"
342197;2021-02-22;"segunda-feira";"02:00:00";"PE";101;154,2;"RIBEIRAO";"Reação tardia ou ineficiente do condutor";"Tombamento";"Sem Vítimas";"Plena Noite";"Decrescente";"Céu Claro";"Dupla";"Curva";"Não";1;0;0;0;1;0;0;1;-8,52860711;-35,38883966;"SPRF-PE";"DEL01-PE";"UOP03-DEL01-PE"
342198;2021-02-22;"segunda-feira";"01:40:00";"PR";376;464;"PONTA GROSSA";"Demais falhas mecânicas ou elétricas";"Colisão traseira";"Com Vítimas Feridas";"Plena Noite";"Crescente";"Céu Claro";"Dupla";"Reta";"Não";3;0;0;1;1;1;1;3;-25,02470207;-50,322659;"SPRF-PR";"DEL03-PR";"UOP04-DEL03-PR"
342199;2021-02-22;"segunda-feira";"01:40:00";"GO";20;59,5;"FORMOSA";"Pista Escorregadia";"Colisão frontal";"Com Vítimas Feridas";"Plena Noite";"Crescente";"Garoa/Chuvisco";"Simples";"Reta";"Não";5;0;4;0;0;2;4;4;-15,25577;-47,165115;"SPRF-DF";"DEL02-DF";"UOP01-DEL02-DF"
342219;2021-02-18;"quinta-feira";"12:15:00";"PE";232;14,8;"JABOATAO DOS GUARARAPES";"Carga excessiva e/ou mal acondicionada";"Colisão com objeto";"Sem Vítimas";"Pleno dia";"Crescente";"Céu Claro";"Dupla";"Reta";"Não";2;0;0;0;2;0;0;2;-8,09025488;-35,02052302;"SPRF-PE";"DEL01-PE";"UOP01-DEL01-PE"
342223;2021-02-22;"segunda-feira";"08:10:00";"SC";470;65,8;"INDAIAL";"Transitar na contramão";"Colisão lateral";"Com Vítimas Feridas";"Pleno dia";"Decrescente";"Céu Claro";"Simples";"Reta";"Sim";2;0;1;0;0;1;1;2;-26,870411;-49,211864;"SPRF-SC";"DEL04-SC";"UOP01-DEL04-SC"
342224;2021-02-22;"segunda-feira";"07:15:00";"PR";376;672,9;"GUARATUBA";"Problema com o freio";"Colisão traseira";"Com Vítimas Feridas";"Pleno dia";"Crescente";"Céu Claro";"Dupla";"Reta";"Não";7;0;0;1;5;3;1;8;-25,90718723;-48,92098188;"SPRF-PR";"DEL01-PR";"UOP04-DEL01-PR"
342227;2021-01-17;"domingo";"14:45:00";"MG";40;465;"SETE LAGOAS";"Reação tardia ou ineficiente do condutor";"Colisão lateral mesmo sentido";"Com Vítimas Feridas";"Pleno dia";"Crescente";"Sol";"Dupla";"Reta";"Não";5;0;2;0;2;1;2;3;-19,43835777;-44,33103681;"SPRF-MG";"DEL02-MG";"UOP01-DEL02-MG"
342228;2021-02-21;"domingo";"18:55:00";"BA";407;172,7;"PONTO NOVO";"Ultrapassagem Indevida";"Colisão frontal";"Com Vítimas Feridas";"Plena Noite";"Crescente";"Céu Claro";"Simples";"Reta";"Não";3;0;0;1;1;1;1;3;-10,85708513;-40,11203125;"SPRF-BA";"DEL04-BA";"UOP02-DEL04-BA"
342229;2021-02-22;"segunda-feira";"08:35:00";"MG";262;802;"UBERABA";"Reação tardia ou ineficiente do condutor";"Capotamento";"Com Vítimas Feridas";"Pleno dia";"Crescente";"Céu Claro";"Dupla";"Curva";"Não";4;0;1;1;1;1;2;2;-19,779234;-47,964844;"SPRF-MG";"DEL13-MG";"UOP01-DEL13-MG"
342245;2021-02-22;"segunda-feira";"09:00:00";"MG";381;921,3;"CAMANDUCAIA";"Demais falhas mecânicas ou elétricas";"Colisão com objeto";"Sem Vítimas";"Pleno dia";"Crescente";"Céu Claro";"Dupla";"Curva";"Não";2;0;0;0;1;1;0;2;-22,7680939;-46,20854399;"SPRF-MG";"DEL16-MG";"UOP03-DEL16-MG"
342247;2021-02-22;"segunda-feira";"09:15:00";"AL";316;262,6;"PILAR";"Desrespeitar a preferência no cruzamento";"Colisão transversal";"Com Vítimas Feridas";"Pleno dia";"Decrescente";"Céu Claro";"Simples";"Reta";"Não";5;0;1;1;3;0;2;2;-9,58877051;-35,88700493;"SPRF-AL";"DEL02-AL";"UOP01-DEL02-AL"
342251;2021-02-22;"segunda-feira";"09:40:00";"SC";101;158,7;"PORTO BELO";"Reação tardia ou ineficiente do condutor";"Colisão traseira";"Com Vítimas Feridas";"Pleno dia";"Crescente";"Céu Claro";"Dupla";"Retorno Regulamentado";"Não";2;0;1;0;1;0;1;2;-27,19096301;-48,61259017;"SPRF-SC";"DEL04-SC";"UOP03-DEL04-SC"
342263;2021-02-22;"segunda-feira";"09:45:00";"PR";163;144;"CAPITAO LEONIDAS MARQUES";"Velocidade Incompatível";"Colisão frontal";"Com Vítimas Feridas";"Pleno dia";"Crescente";"Céu Claro";"Simples";"Curva";"Não";3;0;0;1;2;0;1;2;-25,46918522;-53,58266078;"SPRF-PR";"DEL05-PR";"UOP05-DEL05-PR"
342265;2021-02-22;"segunda-feira";"10:45:00";"RJ";101;333;"RIO DE JANEIRO";"Problema com o freio";"Engavetamento";"Com Vítimas Feridas";"Pleno dia";"Crescente";"Chuva";"Dupla";"Reta";"Sim";4;0;1;0;3;0;1;4;-22,87827816;-43,21053578;"SPRF-RJ";"DEL02-RJ";"UOP02-DEL02-RJ"
342270;2021-02-22;"segunda-feira";"11:35:00";"RS";392;1,8;"RIO GRANDE";"Reação tardia ou ineficiente do condutor";"Tombamento";"Com Vítimas Feridas";"Pleno dia";"Crescente";"Céu Claro";"Simples";"Curva";"Sim";2;0;1;0;0;1;1;2;-32,04488513;-52,0855305;"SPRF-RS";"DEL07-RS";"UOP02-DEL07-RS"
342272;2021-01-27;"quarta-feira";"06:00:00";"PA";163;878;"BELTERRA";"Curva acentuada";"Saída de leito carroçável";"Com Vítimas Feridas";"Pleno dia";"Decrescente";"Céu Claro";"Simples";"Curva";"Não";2;0;0;1;0;2;1;3;-3,419191;-54,910145;"SPRF-PA";"DEL05-PA";"UOP01-DEL05-PA"
342274;2021-02-22;"segunda-feira";"11:00:00";"SC";116;172,5;"PONTE ALTA DO NORTE";"Reação tardia ou ineficiente do condutor";"Colisão com objeto";"Com Vítimas Feridas";"Pleno dia";"Decrescente";"Céu Claro";"Simples";"Reta";"Não";1;0;1;0;0;0;1;1;-27,21243998;-50,4652468;"SPRF-SC";"DEL05-SC";"UOP03-DEL05-SC"
342285;2021-02-22;"segunda-feira";"13:35:00";"PR";277;612,3;"SANTA TEREZA DO OESTE";"Manobra de mudança de faixa";"Colisão frontal";"Com Vítimas Feridas";"Pleno dia";"Decrescente";"Céu Claro";"Simples";"Reta";"Não";2;0;1;0;1;0;1;2;-25,05631922;-53,64042585;"SPRF-PR";"DEL05-PR";"UOP02-DEL05-PR"
342298;2021-02-22;"segunda-feira";"14:28:00";"MG";40;648,2;"CRISTIANO OTONI";"Reação tardia ou ineficiente do condutor";"Colisão traseira";"Sem Vítimas";"Pleno dia";"Crescente";"Nublado";"Simples";"Reta";"Não";4;0;0;0;4;0;0;2;-20,81434135;-43,81023645;"SPRF-MG";"DEL05-MG";"UOP02-DEL05-MG"
342300;2021-02-22;"segunda-feira";"12:10:00";"AL";101;63;"MESSIAS";"Velocidade Incompatível";"Tombamento";"Com Vítimas Feridas";"Pleno dia";"Crescente";"Céu Claro";"Dupla";"Curva";"Não";2;0;0;1;0;1;1;2;-9,30924999;-35,82452501;"SPRF-AL";"DEL01-AL";"UOP02-DEL01-AL"
342301;2021-02-14;"domingo";"14:00:00";"MG";251;334,9;"FRUTA DE LEITE";"Reação tardia ou ineficiente do condutor";"Colisão traseira";"Com Vítimas Feridas";"Pleno dia";"Decrescente";"Céu Claro";"Simples";"Curva";"Não";3;0;1;0;1;1;1;3;-16,25584596;-42,43923797;"SPRF-MG";"DEL12-MG";"UOP01-DEL12-MG"
342303;2021-02-22;"segunda-feira";"13:45:00";"CE";222;240;"SOBRAL";"Acessar a via sem observar a presença dos outros veículos";"Colisão transversal";"Com Vítimas Feridas";"Pleno dia";"Crescente";"Céu Claro";"Simples";"Reta";"Não";6;0;5;0;0;2;5;4;-3,7337361;-40,48221588;"SPRF-CE";"DEL04-CE";"UOP01-DEL04-CE"
342304;2021-02-22;"segunda-feira";"11:20:00";"RO";364;340,8;"JI-PARANA";"Condutor desrespeitou a iluminação vermelha do semáforo";"Colisão transversal";"Com Vítimas Feridas";"Pleno dia";"Crescente";"Céu Claro";"Dupla";"Interseção de Vias";"Sim";2;0;0;1;1;0;1;2;-10,89264802;-61,93053246;"SPRF-RO";"DEL02-RO";"UOP01-DEL02-RO"
342305;2021-02-22;"segunda-feira";"16:20:00";"RS";386;15,6;"FREDERICO WESTPHALEN";"Transitar na contramão";"Colisão frontal";"Com Vítimas Feridas";"Pleno dia";"Decrescente";"Sol";"Simples";"Curva";"Não";3;0;0;1;1;1;1;3;-27,239553;-53,328884;"SPRF-RS";"DEL08-RS";"UOP02-DEL08-RS"
342315;2021-02-22;"segunda-feira";"16:10:00";"RS";158;493,7;"SANTANA DO LIVRAMENTO";"Manobra de mudança de faixa";"Colisão frontal";"Com Vítimas Fatais";"Pleno dia";"Decrescente";"Céu Claro";"Simples";"Reta";"Não";2;1;0;0;1;0;0;2;-30,45925894;-55,05651025;"SPRF-RS";"DEL11-RS";"UOP01-DEL11-RS"
342320;2021-02-22;"segunda-feira";"15:30:00";"AP";210;35;"MACAPA";"Condutor deixou de manter distância do veículo da frente";"Colisão traseira";"Com Vítimas Feridas";"Pleno dia";"Decrescente";"Nublado";"Simples";"Reta";"Não";4;0;0;1;3;0;1;2;0,32173299;-51,08593681;"SPRF-AP";"DEL01-AP";"UOP01-DEL01-AP"
342324;2021-02-22;"segunda-feira";"13:50:00";"PR";376;348,5;"ORTIGUEIRA";"Demais falhas mecânicas ou elétricas";"Colisão com objeto";"Com Vítimas Feridas";"Pleno dia";"Decrescente";"Céu Claro";"Simples";"Reta";"Não";2;0;1;0;0;1;1;2;-24,19657;-50,95348;"SPRF-PR";"DEL07-PR";"UOP03-DEL07-PR"
342326;2021-02-22;"segunda-feira";"17:35:00";"RS";386;398;"TRIUNFO";"Demais falhas mecânicas ou elétricas";"Saída de leito carroçável";"Com Vítimas Feridas";"Pleno dia";"Crescente";"Nublado";"Simples";"Curva";"Não";5;0;5;0;0;0;5;1;-29,743687;-51,617054;"SPRF-RS";"DEL04-RS";"UOP02-DEL04-RS"
342327;2021-02-22;"segunda-feira";"17:00:00";"PR";476;196;"LAPA";"Acessar a via sem observar a presença dos outros veículos";"Colisão transversal";"Com Vítimas Feridas";"Pleno dia";"Crescente";"Céu Claro";"Simples";"Reta";"Sim";3;0;1;0;1;2;1;4;-25,75235048;-49,72467992;"SPRF-PR";"DEL02-PR";"UOP04-DEL02-PR"
342328;2021-02-22;"segunda-feira";"16:30:00";"PR";476;316,4;"PAULO FRONTIN";"Reação tardia ou ineficiente do condutor";"Saída de leito carroçável";"Sem Vítimas";"Pleno dia";"Crescente";"Sol";"Simples";"Declive";"Não";2;0;0;0;1;1;0;2;-26,041317;-50,703175;"SPRF-PR";"DEL02-PR";"UOP04-DEL02-PR"
342330;2021-02-12;"sexta-feira";"19:50:00";"PE";428;184,1;"PETROLINA";"Acessar a via sem observar a presença dos outros veículos";"Colisão transversal";"Com Vítimas Feridas";"Plena Noite";"Crescente";"Céu Claro";"Simples";"Reta";"Não";2;0;0;1;1;0;1;2;-9,33211208;-40,46621385;"SPRF-PE";"DEL06-PE";"UOP01-DEL06-PE"
342335;2021-02-22;"segunda-feira";"18:25:00";"MG";153;129,9;"PRATA";"Reação tardia ou ineficiente do condutor";"Colisão traseira";"Com Vítimas Feridas";"Anoitecer";"Crescente";"Céu Claro";"Simples";"Reta";"Não";2;0;1;0;1;0;1;2;-19,48295834;-48,86325002;"SPRF-MG";"DEL15-MG";"UOP03-DEL15-MG"
342339;2021-02-22;"segunda-feira";"17:30:00";"RJ";116;190;"QUEIMADOS";"Avarias e/ou desgaste excessivo no pneu";"Queda de ocupante de veículo";"Com Vítimas Feridas";"Pleno dia";"Crescente";"Sol";"Dupla";"Curva";"Não";2;0;1;0;1;0;1;2;-22,73280701;-43,55701447;"SPRF-RJ";"DEL01-RJ";"UOP02-DEL01-RJ"
342353;2021-02-22;"segunda-feira";"13:05:00";"SC";153;114,3;"CONCORDIA";"Reação tardia ou ineficiente do condutor";"Tombamento";"Com Vítimas Feridas";"Pleno dia";"Decrescente";"Céu Claro";"Simples";"Curva";"Não";2;0;1;0;0;1;1;2;-27,1917468;-51,9358767;"SPRF-SC";"DEL07-SC";"UOP04-DEL07-SC"
342356;2021-02-22;"segunda-feira";"15:50:00";"SC";282;403;"JOACABA";"Acumulo de água sobre o pavimento";"Saída de leito carroçável";"Sem Vítimas";"Pleno dia";"Decrescente";"Chuva";"Simples";"Reta";"Não";1;0;0;0;1;0;0;1;-27,108929;-51,635838;"SPRF-SC";"DEL07-SC";"UOP05-DEL07-SC"
342360;2021-02-22;"segunda-feira";"19:00:00";"PE";423;177;"AGUAS BELAS";"Acessar a via sem observar a presença dos outros veículos";"Colisão transversal";"Sem Vítimas";"Plena Noite";"Crescente";"Céu Claro";"Simples";"Reta";"Não";2;0;0;0;1;1;0;2;-9,13016345;-37,11460498;"SPRF-AL";"DEL03-AL";"UOP02-DEL03-AL"
342361;2021-02-22;"segunda-feira";"19:30:00";"SE";101;19,7;"SAO FRANCISCO";"Reação tardia ou ineficiente do condutor";"Colisão com objeto";"Sem Vítimas";"Plena Noite";"Decrescente";"Céu Claro";"Dupla";"Reta";"Não";2;0;0;0;1;1;0;2;-10,35365721;-36,90338472;"SPRF-SE";"DEL02-SE";"UOP02-DEL02-SE"
342363;2021-02-22;"segunda-feira";"21:00:00";"PR";376;620;"SAO JOSE DOS PINHAIS";"Demais falhas mecânicas ou elétricas";"Colisão lateral sentido oposto";"Sem Vítimas";"Plena Noite";"Crescente";"Céu Claro";"Simples";"Reta";"Sim";3;0;0;0;2;1;0;3;-25,60925907;-49,17205834;"SPRF-PR";"DEL01-PR";"UOP04-DEL01-PR"
342365;2021-02-22;"segunda-feira";"21:00:00";"RJ";0;0;"RIO DE JANEIRO";"Reação tardia ou ineficiente do condutor";"Colisão com objeto";"Sem Vítimas";"Plena Noite";"Não Informado";"Nublado";"Múltipla";"Reta";"Sim";1;0;0;0;1;0;0;1;-22,82154969;-43,32573479;"SPRF-RJ";"DEL01-RJ";"UOP02-DEL01-RJ"
342366;2021-02-22;"segunda-feira";"20:40:00";"MG";50;104;"UBERABA";"Ausência de reação do condutor";"Colisão traseira";"Com Vítimas Feridas";"Plena Noite";"Crescente";"Céu Claro";"Dupla";"Reta";"Não";3;0;1;0;1;1;1;3;-19,17105604;-48,16028013;"SPRF-MG";"DEL13-MG";"UOP01-DEL13-MG"
342371;2021-02-22;"segunda-feira";"18:40:00";"SC";280;261,8;"CANOINHAS";"Velocidade Incompatível";"Colisão lateral sentido oposto";"Com Vítimas Feridas";"Anoitecer";"Decrescente";"Céu Claro";"Simples";"Reta";"Não";3;0;1;0;2;0;1;3;-26,26172914;-50,64820499;"SPRF-SC";"DEL06-SC";"UOP04-DEL06-SC"
342373;2021-02-22;"segunda-feira";"20:30:00";"RO";364;116,7;"PIMENTA BUENO";"Velocidade Incompatível";"Colisão traseira";"Com Vítimas Feridas";"Plena Noite";"Crescente";"Céu Claro";"Simples";"Reta";"Não";2;0;0;1;1;0;1;2;-12,151166;-60,718047;"SPRF-RO";"DEL02-RO";"UOP02-DEL02-RO"