"id";"data_inversa";"dia_semana";"horario";"uf";"br";"km";"municipio";"causa_acidente";"tipo_acidente";"classificacao_acidente";"fase_dia";"sentido_via";"condicao_metereologica";"tipo_pista";"tracado_via";"uso_solo";"pessoas";"mortos";"feridos_leves";"feridos_graves";"ilesos";"ignorados";"feridos";"veiculos";"latitude";"longitude";"regional";"delegacia";"uop"
342375;2021-02-22;"segunda-feira";"22:40:00";"PR";116;23;"CAMPINA GRANDE DO SUL";"Condutor deixou de manter distância do veículo da frente";"Colisão traseira";"Sem Vítimas";"Plena Noite";"Crescente";"Céu Claro";"Dupla";"Reta";"Não";2;0;0;0;2;0;0;2;-25,1104764;-48,75592011;"SPRF-PR";"DEL01-PR";"UOP02-DEL01-PR"
342376;2021-02-22;"segunda-feira";"22:30:00";"MG";40;478,5;"SETE LAGOAS";"Demais falhas mecânicas ou elétricas";"Eventos atípicos";"Sem Vítimas";"Plena Noite";"Decrescente";"Nublado";"Dupla";"Curva";"Sim";5;0;0;0;4;1;0;5;-19,532228;-44,256791;"SPRF-MG";"DEL02-MG";"UOP01-DEL02-MG"
342381;2021-02-22;"segunda-feira";"23:45:00";"PR";116;78;"PIRAQUARA";"Ingestão de álcool pelo condutor";"Colisão transversal";"Com Vítimas Feridas";"Plena Noite";"Crescente";"Céu Claro";"Dupla";"Reta";"Não";2;0;0;1;1;0;1;2;-25,39030098;-49,05511906;"SPRF-PR";"DEL01-PR";"UOP01-DEL01-PR"
342383;2021-02-22;"segunda-feira";"23:00:00";"SC";101;69,8;"ARAQUARI";"Condutor Dormindo";"Tombamento";"Sem Vítimas";"Plena Noite";"Decrescente";"Nublado";"Dupla";"Reta";"Não";2;0;0;0;1;1;0;2;-26,50298009;-48,72814515;"SPRF-SC";"DEL03-SC";"UOP02-DEL03-SC"
342384;2021-02-23;"terça-feira";"00:50:00";"SP";116;107;"TAUBATE";"Reação tardia ou ineficiente do condutor";"Colisão traseira";"Com Vítimas Feridas";"Plena Noite";"Decrescente";"Nublado";"Dupla";"Reta";"Sim";2;0;1;0;1;0;1;2;-23,01791287;-45,53009409;"SPRF-SP";"DEL02-SP";"UOP02-DEL02-SP"
342390;2021-02-23;"terça-feira";"00:35:00";"SC";101;55,8;"JOINVILLE";"Demais falhas mecânicas ou elétricas";"Incêndio";"Sem Vítimas";"Plena Noite";"Decrescente";"Nublado";"Dupla";"Curva;Aclive";"Não";2;0;0;0;1;1;0;2;-26,42280898;-48,82977496;"SPRF-SC";"DEL03-SC";"UOP01-DEL03-SC"
342397;2021-02-23;"terça-feira";"07:25:00";"SC";101;35,4;"JOINVILLE";"Condutor deixou de manter distância do veículo da frente";"Colisão traseira";"Com Vítimas Feridas";"Pleno dia";"Decrescente";"Sol";"Dupla";"Reta";"Não";12;0;12;0;0;0;12;3;-26,2411301;-48,91227415;"SPRF-SC";"DEL03-SC";"UOP01-DEL03-SC"
342399;2021-02-23;"terça-feira";"06:30:00";"SP";116;277;"EMBU DAS ARTES";"Manobra de mudança de faixa";"Colisão lateral mesmo sentido";"Com Vítimas Feridas";"Amanhecer";"Crescente";"Céu Claro";"Dupla";"Reta";"Sim";5;0;3;0;2;0;3;4;-23,64870535;-46,84395469;"SPRF-SP";"DEL04-SP";"UOP01-DEL04-SP"
342400;2021-02-23;"terça-feira";"07:05:00";"SC";282;0,8;"FLORIANOPOLIS";"Condutor deixou de manter distância do veículo da frente";"Colisão traseira";"Com Vítimas Feridas";"Pleno dia";"Decrescente";"Sol";"Múltipla";"Reta;Declive";"Sim";4;0;1;1;2;0;2;3;-27,60013736;-48,57633948;"SPRF-SC";"DEL01-SC";"UOP01-DEL01-SC"
342403;2021-02-23;"terça-feira";"07:50:00";"SC";101;269;"IMBITUBA";"Velocidade Incompatível";"Colisão traseira";"Sem Vítimas";"Pleno dia";"Decrescente";"Céu Claro";"Dupla";"Reta";"Sim";2;0;0;0;2;0;0;2;-28,09417595;-48,70917593;"SPRF-SC";"DEL02-SC";"UOP03-DEL02-SC"
342414;2021-02-23;"terça-feira";"01:20:00";"BA";101;739,1;"ITABELA";"Transitar na contramão";"Colisão frontal";"Com Vítimas Fatais";"Plena Noite";"Decrescente";"Nublado";"Múltipla";"Curva;Declive";"Não";3;1;1;0;0;1;1;3;-16,54899983;-39,56485748;"SPRF-BA";"DEL09-BA";"UOP01-DEL09-BA"
342421;2021-02-23;"terça-feira";"08:50:00";"SP";116;347;"MIRACATU";"Carga excessiva e/ou mal acondicionada";"Tombamento";"Sem Vítimas";"Pleno dia";"Decrescente";"Céu Claro";"Múltipla";"Curva";"Não";2;0;0;0;1;1;0;2;-24,04699491;-47,19706111;"SPRF-SP";"DEL04-SP";"UOP02-DEL04-SP"
342422;2021-02-23;"terça-feira";"09:00:00";"SP";153;340,9;"OURINHOS";"Reação tardia ou ineficiente do condutor";"Tombamento";"Com Vítimas Feridas";"Pleno dia";"Crescente";"Céu Claro";"Dupla";"Declive";"Não";1;0;1;0;0;0;1;1;-22,93603899;-49,91225181;"SPRF-SP";"DEL07-SP";"UOP03-DEL07-SP"
342434;2021-02-23;"terça-feira";"10:20:00";"GO";153;621,3;"MORRINHOS";"Acessar a via sem observar a presença dos outros veículos";"Colisão lateral mesmo sentido";"Com Vítimas Feridas";"Pleno dia";"Decrescente";"Céu Claro";"Dupla";"Declive";"Sim";3;0;1;0;1;3;1;5;-17,7309;-49,1552;"SPRF-GO";"DEL03-GO";"UOP01-DEL03-GO"
342438;2021-02-13;"sábado";"10:35:00";"PE";232;209,9;"PESQUEIRA";"Entrada inopinada do pedestre";"Atropelamento de Pedestre";"Com Vítimas Feridas";"Pleno dia";"Crescente";"Nublado";"Simples";"Reta";"Sim";3;0;0;1;1;1;1;3;-8,36666789;-36,68869898;"SPRF-PE";"DEL02-PE";"UOP03-DEL02-PE"
342439;2021-02-23;"terça-feira";"10:15:00";"MG";50;205;"DELTA";"Pedestre andava na pista";"Atropelamento de Pedestre";"Com Vítimas Feridas";"Pleno dia";"Decrescente";"Céu Claro";"Dupla";"Declive";"Sim";4;0;0;1;1;2;1;3;-19,92627147;-47,82191068;"SPRF-MG";"DEL13-MG";"UOP01-DEL13-MG"
342440;2021-02-23;"terça-feira";"11:25:00";"PE";232;39,4;"VITORIA DE SANTO ANTAO";"Reação tardia ou ineficiente do condutor";"Colisão lateral mesmo sentido";"Com Vítimas Feridas";"Pleno dia";"Crescente";"Sol";"Dupla";"Reta";"Sim";5;0;2;0;2;1;2;3;-8,11725249;-35,2270359;"SPRF-PE";"DEL02-PE";"UOP02-DEL02PE"
342441;2021-02-23;"terça-feira";"12:00:00";"SC";101;208,5;"SAO JOSE";"Condutor deixou de manter distância do veículo da frente";"Colisão traseira";"Com Vítimas Feridas";"Pleno dia";"Decrescente";"Céu Claro";"Dupla";"Reta";"Sim";4;0;1;0;2;1;1;4;-27,60327979;-48,63201818;"SPRF-SC";"DEL01-SC";"UOP01-DEL01-SC"
342443;2021-02-23;"terça-feira";"12:15:00";"RS";386;260,9;"FONTOURA XAVIER";"Acumulo de água sobre o pavimento";"Colisão frontal";"Com Vítimas Feridas";"Pleno dia";"Decrescente";"Chuva";"Simples";"Curva;Aclive";"Não";3;0;2;0;0;3;2;5;-28,892323;-52,40966;"SPRF-RS";"DEL04-RS";"UOP03-DEL04-RS"
342446;2021-02-23;"terça-feira";"08:30:00";"SC";282;375,5;"ERVAL VELHO";"Demais falhas mecânicas ou elétricas";"Saída de leito carroçável";"Com Vítimas Feridas";"Pleno dia";"Crescente";"Céu Claro";"Simples";"Declive";"Não";2;0;1;0;0;1;1;2;-27,228022;-51,456421;"SPRF-SC";"DEL07-SC";"UOP05-DEL07-SC"
342456;2021-02-23;"terça-feira";"13:15:00";"SC";101;257;"PAULO LOPES";"Reação tardia ou ineficiente do condutor";"Colisão traseira";"Com Vítimas Feridas";"Pleno dia";"Crescente";"Nublado";"Dupla";"Em Obras;Curva";"Não";3;0;1;0;1;1;1;3;-27,99701205;-48,68755194;"SPRF-SC";"DEL02-SC";"UOP03-DEL02-SC"
342457;2021-02-23;"terça-feira";"13:15:00";"SC";101;13;"GARUVA";"Condutor deixou de manter distância do veículo da frente";"Colisão traseira";"Com Vítimas Feridas";"Pleno dia";"Decrescente";"Céu Claro";"Dupla";"Reta";"Não";3;0;0;1;1;2;1;4;-26,08986803;-48,86345096;"SPRF-SC";"DEL03-SC";"UOP01-DEL03-SC"
342459;2021-02-23;"terça-feira";"12:45:00";"MG";251;469,8;"FRANCISCO SA";"Pista Escorregadia";"Saída de leito carroçável";"Sem Vítimas";"Pleno dia";"Crescente";"Chuva";"Simples";"Reta;Declive";"Não";1;0;0;0;1;0;0;1;-16,47846186;-43,41953476;"SPRF-MG";"DEL12-MG";"UOP01-DEL12-MG"
342460;2021-02-23;"terça-feira";"14:18:00";"SC";282;503;"XANXERE";"Velocidade Incompatível";"Tombamento";"Com Vítimas Feridas";"Pleno dia";"Decrescente";"Sol";"Dupla";"Curva";"Sim";1;0;1;0;0;0;1;1;-26,88492;-52,399788;"SPRF-SC";"DEL07-SC";"UOP01-DEL07-SC"
342465;2021-01-20;"quarta-feira";"07:15:00";"CE";116;190,3;"LIMOEIRO DO NORTE";"Acessar a via sem observar a presença dos outros veículos";"Colisão transversal";"Com Vítimas Fatais";"Pleno dia";"Crescente";"Céu Claro";"Simples";"Curva";"Não";2;1;0;0;1;0;0;2;-5,123245;-38,150108;"SPRF-CE";"DEL03-CE";"UOP01-DEL03-CE"
342466;2021-02-23;"terça-feira";"13:20:00";"MT";163;796;"VERA";"Obras na pista";"Colisão traseira";"Com Vítimas Feridas";"Pleno dia";"Crescente";"Chuva";"Simples";"Declive";"Não";3;0;1;1;0;5;2;7;-12,32082282;-55,58270237;"SPRF-MT";"DEL06-MT";"UOP01-DEL06-MT"
342468;2021-02-23;"terça-feira";"14:35:00";"PE";104;67;"CARUARU";"Velocidade Incompatível";"Tombamento";"Com Vítimas Feridas";"Pleno dia";"Decrescente";"Céu Claro";"Dupla";"Rotatória";"Sim";1;0;1;0;0;0;1;1;-8,3016;-35,9882;"SPRF-PE";"DEL02-PE";"UOP01-DEL02-PE"
342471;2021-02-23;"terça-feira";"15:33:00";"PE";424;91,5;"GARANHUNS";"Acessar a via sem observar a presença dos outros veículos";"Colisão transversal";"Com Vítimas Feridas";"Pleno dia";"Decrescente";"Céu Claro";"Simples";"Reta";"Sim";4;0;0;1;3;0;1;2;-8,90409633;-36,49974647;"SPRF-PE";"DEL03-PE";"UOP01-DEL03-PE"
342476;2021-02-23;"terça-feira";"16:10:00";"ES";101;302,9;"VIANA";"Velocidade Incompatível";"Saída de leito carroçável";"Sem Vítimas";"Pleno dia";"Crescente";"Sol";"Dupla";"Reta";"Sim";1;0;0;0;1;0;0;1;-20,37787885;-40,44784457;"SPRF-ES";"DEL01-ES";"UOP01-DEL01-ES"
342480;2021-02-23;"terça-feira";"15:30:00";"PR";277;644;"CEU AZUL";"Objeto estático sobre o leito carroçável";"Colisão com objeto";"Com Vítimas Feridas";"Pleno dia";"Crescente";"Céu Claro";"Simples";"Reta;Declive";"Não";3;0;1;0;1;1;1;3;-25,17363131;-53,88603272;"SPRF-PR";"DEL05-PR";"UOP02-DEL05-PR"
342481;2021-02-23;"terça-feira";"16:40:00";"PE";232;134;"CARUARU";"Condutor deixou de manter distância do veículo da frente";"Colisão lateral";"Sem Vítimas";"Pleno dia";"Crescente";"Céu Claro";"Simples";"Reta";"Não";2;0;0;0;2;0;0;2;-8,30853497;-36,02442101;"SPRF-PE";"DEL02-PE";"UOP03-DEL02-PE"
342485;2021-02-23;"terça-feira";"10:20:00";"BA";101;338;"TEOLANDIA";"Velocidade Incompatível";"Tombamento";"Com Vítimas Feridas";"Pleno dia";"Crescente";"Sol";"Simples";"Curva";"Não";3;0;1;1;0;1;2;2;-13,53769865;-39,44881439;"SPRF-BA";"DEL05-BA";"UOP03-DEL05-BA"
342488;2021-02-23;"terça-feira";"15:30:00";"RN";101;84;"SAO GONCALO DO AMARANTE";"Condutor deixou de manter distância do veículo da frente";"Colisão traseira";"Sem Vítimas";"Pleno dia";"Crescente";"Céu Claro";"Dupla";"Reta";"Sim";3;0;0;0;3;0;0;3;-5,774175;-35,2578;"SPRF-RN";"DEL02-RN";"UOP01-DEL02-RN"
342492;2021-02-23;"terça-feira";"16:05:00";"BA";116;883,3;"VITORIA DA CONQUISTA";"Reação tardia ou ineficiente do condutor";"Tombamento";"Com Vítimas Feridas";"Pleno dia";"Crescente";"Céu Claro";"Simples";"Reta";"Não";2;0;0;1;0;1;1;2;-15,23171427;-41,10051257;"SPRF-BA";"DEL08-BA";"UOP03-DEL08-BA"
342493;2021-02-23;"terça-feira";"17:00:00";"GO";364;89;"CACHOEIRA ALTA";"Acessar a via sem observar a presença dos outros veículos";"Colisão transversal";"Com Vítimas Feridas";"Anoitecer";"Decrescente";"Ignorado";"Dupla";"Interseção de Vias";"Não";2;0;1;0;1;0;1;2;-18,509233;-51,067924;"SPRF-GO";"DEL05-GO";"UOP02-DEL05-GO"
342496;2021-02-11;"quinta-feira";"15:00:00";"ES";101;222;"IBIRACU";"Velocidade Incompatível";"Colisão frontal";"Com Vítimas Feridas";"Pleno dia";"Crescente";"Chuva";"Simples";"Curva";"Não";2;0;0;2;0;0;2;2;-19,86967622;-40,40915873;"SPRF-ES";"DEL02-ES";"UOP01-DEL02-ES"
342498;2021-02-23;"terça-feira";"17:10:00";"RJ";101;310;"SAO GONCALO";"Reação tardia ou ineficiente do condutor";"Saída de leito carroçável";"Sem Vítimas";"Pleno dia";"Decrescente";"Céu Claro";"Dupla";"Reta";"Sim";6;0;0;0;5;1;0;2;-22,798017;-43,046723;"SPRF-RJ";"DEL02-RJ";"UOP02-DEL02-RJ"
342499;2021-02-23;"terça-feira";"16:30:00";"BA";324;4;"FEIRA DE SANTANA";"Condutor deixou de manter distância do veículo da frente";"Colisão traseira";"Com Vítimas Feridas";"Pleno dia";"Crescente";"Céu Claro";"Dupla";"Reta;Aclive";"Sim";4;0;1;0;2;1;1;4;-12,267113;-38,966988;"SPRF-BA";"DEL02-BA";"UOP01-DEL02-BA"
342510;2021-02-23;"terça-feira";"18:50:00";"CE";222;112,2;"ITAPAJE";"Reação tardia ou ineficiente do condutor";"Tombamento";"Com Vítimas Feridas";"Plena Noite";"Crescente";"Céu Claro";"Simples";"Aclive";"Não";2;0;1;0;1;0;1;1;-3,74818115;-39,51079809;"SPRF-CE";"DEL04-CE";"UOP03-DEL04-CE"
342512;2021-02-23;"terça-feira";"15:50:00";"PR";476;197;"LAPA";"Curva acentuada";"Tombamento";"Sem Vítimas";"Pleno dia";"Decrescente";"Céu Claro";"Dupla";"Interseção de Vias;Rotatória";"Sim";2;0;0;0;1;1;0;2;-25,76322816;-49,73725319;"SPRF-PR";"DEL02-PR";"UOP04-DEL02-PR"
342517;2021-02-23;"terça-feira";"19:40:00";"PR";376;548,2;"PALMEIRA";"Reação tardia ou ineficiente do condutor";"Saída de leito carroçável";"Com Vítimas Feridas";"Plena Noite";"Decrescente";"Chuva";"Dupla";"Reta";"Não";2;0;1;0;0;1;1;2;-25,41215896;-49,77664948;"SPRF-PR";"DEL01-PR";"UOP03-DEL03-PR"
342522;2021-02-23;"terça-feira";"16:30:00";"PR";376;592;"CURITIBA";"Ausência de reação do condutor";"Saída de leito carroçável";"Com Vítimas Feridas";"Pleno dia";"Crescente";"Ignorado";"Dupla";"Reta";"Sim";2;0;1;0;0;2;1;3;-25,46833525;-49,35524543;"SPRF-PR";"DEL01-PR";"UOP01-DEL01-PR"
342527;2021-02-23;"terça-feira";"20:15:00";"MG";251;492;"FRANCISCO SA";"Velocidade Incompatível";"Saída de leito carroçável";"Com Vítimas Feridas";"Plena Noite";"Crescente";"Chuva";"Simples";"Declive;Reta";"Não";1;0;1;0;0;0;1;1;-16,54433804;-43,59543496;"SPRF-MG";"DEL12-MG";"UOP01-DEL12-MG"
342528;2021-02-23;"terça-feira";"17:50:00";"SC";470;10,6;"NAVEGANTES";"Chuva";"Colisão frontal";"Com Vítimas Feridas";"Pleno dia";"Decrescente";"Chuva";"Simples";"Reta";"Não";5;0;1;2;1;1;3;3;-26,833693;-48,73724;"SPRF-SC";"DEL04-SC";"UOP04-DEL04-SC"
342532;2021-02-23;"terça-feira";"18:30:00";"SC";470;122,6;"IBIRAMA";"Velocidade Incompatível";"Colisão frontal";"Com Vítimas Feridas";"Anoitecer";"Decrescente";"Nublado";"Simples";"Curva";"Não";3;0;0;1;1;1;1;3;-27,10635294;-49,52173233;"SPRF-SC";"DEL04-SC";"UOP02-DEL04-SC"
342533;2021-02-23;"terça-feira";"13:30:00";"SC";470;141,6;"RIO DO SUL";"Condutor usando celular";"Colisão traseira";"Sem Vítimas";"Pleno dia";"Crescente";"Céu Claro";"Simples";"Reta";"Não";4;0;0;0;4;0;0;4;-27,226065;-49,666161;"SPRF-SC";"DEL04-SC";"UOP02-DEL04-SC"
342537;2021-02-23;"terça-feira";"19:15:00";"SC";280;14,8;"SAO FRANCISCO DO SUL";"Acessar a via sem observar a presença dos outros veículos";"Colisão transversal";"Com Vítimas Feridas";"Plena Noite";"Decrescente";"Chuva";"Simples";"Interseção de Vias";"Não";4;0;1;0;2;1;1;3;-26,3301861;-48,65148076;"SPRF-SC";"DEL03-SC";"UOP03-DEL03-SC"
342538;2021-02-23;"terça-feira";"16:30:00";"BA";324;550;"AMELIA RODRIGUES";"Demais falhas mecânicas ou elétricas";"Colisão traseira";"Com Vítimas Feridas";"Pleno dia";"Decrescente";"Sol";"Dupla";"Declive";"Não";2;0;1;0;1;0;1;2;-12,43832718;-38,72506515;"SPRF-BA";"DEL01-BA";"UOP03-DEL01-BA"
342539;2021-02-23;"terça-feira";"20:30:00";"PR";153;505,5;"GENERAL CARNEIRO";"Demais falhas mecânicas ou elétricas";"Saída de leito carroçável";"Com Vítimas Feridas";"Plena Noite";"Crescente";"Céu Claro";"Simples";"Reta";"Não";2;0;1;0;0;2;1;3;-26,3133698;-51,2185249;"SPRF-PR";"DEL02-PR";"UOP03-DEL02-PR"
342541;2021-02-23;"terça-feira";"22:20:00";"MG";381;636,8;"SANTO ANTONIO DO AMPARO";"Condutor Dormindo";"Colisão traseira";"Com Vítimas Feridas";"Plena Noite";"Crescente";"Chuva";"Dupla";"Aclive;Curva";"Não";2;0;0;1;1;0;1;2;-20,89141186;-44,8525565;"SPRF-MG";"DEL04-MG";"UOP01-DEL04-MG"
342548;2021-02-23;"terça-feira";"23:40:00";"MT";364;278,5;"JACIARA";"Problema com o freio";"Saída de leito carroçável";"Com Vítimas Fatais";"Plena Noite";"Decrescente";"Céu Claro";"Simples";"Reta";"Não";3;1;1;0;0;2;1;3;-15,94550399;-55,00613199;"SPRF-MT";"DEL05-MT";"UOP02-DEL05-MT"
342549;2021-02-23;"terça-feira";"23:00:00";"SP";381;85,5;"SAO PAULO";"Velocidade Incompatível";"Colisão traseira";"Com Vítimas Fatais";"Plena Noite";"Decrescente";"Céu Claro";"Dupla";"Reta;Aclive;Em Obras;Viaduto;Desvio Temporário";"Sim";6;3;0;0;2;1;0;4;-23,449343;-46,56983501;"SPRF-SP";"DEL03-SP";"UOP01-DEL03-SP"
342550;2021-02-24;"quarta-feira";"01:50:00";"MG";40;481,3;"SETE LAGOAS";"Acessar a via sem observar a presença dos outros veículos";"Atropelamento de Pedestre";"Com Vítimas Fatais";"Plena Noite";"Decrescente";"Nevoeiro/Neblina";"Dupla";"Reta";"Não";2;1;0;0;0;1;0;2;-19,5511262;-44,24459038;"SPRF-MG";"DEL02-MG";"UOP01-DEL02-MG"
342551;2021-02-23;"terça-feira";"22:20:00";"SP";116;362;"MIRACATU";"Manobra de mudança de faixa";"Tombamento";"Com Vítimas Feridas";"Plena Noite";"Crescente";"Céu Claro";"Dupla";"Curva;Declive";"Não";4;0;1;2;0;1;3;2;-24,1220177;-47,27047772;"SPRF-SP";"DEL04-SP";"UOP02-DEL04-SP"
342553;2021-02-23;"terça-feira";"17:40:00";"GO";364;75;"CACU";"Reação tardia ou ineficiente do condutor";"Tombamento";"Com Vítimas Feridas";"Anoitecer";"Decrescente";"Céu Claro";"Simples";"Reta";"Não";2;0;1;0;0;2;1;3;-18,623442;-51,029392;"SPRF-GO";"DEL05-GO";"UOP02-DEL05-GO"
342554;2021-02-24;"quarta-feira";"00:20:00";"MG";262;124;"RIO CASCA";"Condutor Dormindo";"Saída de leito carroçável";"Com Vítimas Feridas";"Plena Noite";"Decrescente";"Nublado";"Simples";"Reta";"Não";2;0;1;0;0;1;1;2;-20,2011708;-42,67925669;"SPRF-MG";"DEL03-MG";"UOP03-DEL03-MG"
342555;2021-02-24;"quarta-feira";"02:15:00";"PE";101;29;"IGARASSU";"Ingestão de álcool pelo condutor";"Colisão traseira";"Sem Vítimas";"Plena Noite";"Crescente";"Céu Claro";"Dupla";"Reta";"Não";2;0;0;0;2;0;0;2;-7,73151057;-34,94173765;"SPRF-PE";"DEL01-PE";"UOP02-DEL01-PE"
342559;2021-02-24;"quarta-feira";"04:00:00";"SC";101;273,9;"IMBITUBA";"Acessar a via sem observar a presença dos outros veículos";"Colisão traseira";"Com Vítimas Feridas";"Plena Noite";"Crescente";"Céu Claro";"Dupla";"Reta";"Sim";3;0;1;0;1;2;1;4;-28,129852;-48,69322;"SPRF-SC";"DEL02-SC";"UOP03-DEL02-SC"
342560;2021-02-24;"quarta-feira";"02:22:00";"SC";101;131;"BALNEARIO CAMBORIU";"Condutor deixou de manter distância do veículo da frente";"Colisão traseira";"Com Vítimas Feridas";"Plena Noite";"Crescente";"Céu Claro";"Dupla";"Reta";"Sim";3;0;2;0;0;1;2;2;-26,99064209;-48,66310912;"SPRF-SC";"DEL04-SC";"UOP03-DEL04-SC"
342566;2021-02-23;"terça-feira";"02:00:00";"MG";381;931,3;"ITAPEVA";"Curva acentuada";"Tombamento";"Sem Vítimas";"Plena Noite";"Crescente";"Céu Claro";"Dupla";"Curva";"Não";2;0;0;0;1;2;0;3;-22,8076393;-46,27636971;"SPRF-MG";"DEL16-MG";"UOP03-DEL16-MG"
342576;2021-02-24;"quarta-feira";"06:00:00";"MS";267;208;"NOVA ALVORADA DO SUL";"Demais falhas mecânicas ou elétricas";"Colisão lateral mesmo sentido";"Com Vítimas Fatais";"Amanhecer";"Decrescente";"Céu Claro";"Simples";"Reta";"Não";3;1;0;0;1;2;0;4;-21,59262158;-54,02594003;"SPRF-MS";"DEL02-MS";"UOP03-DEL02-MS"
342583;2021-02-24;"quarta-feira";"07:30:00";"RJ";116;188;"QUEIMADOS";"Manobra de mudança de faixa";"Colisão traseira";"Com Vítimas Feridas";"Pleno dia";"Crescente";"Céu Claro";"Dupla";"Reta";"Sim";3;0;1;0;1;1;1;3;-22,736605;-43,540498;"SPRF-RJ";"DEL01-RJ";"UOP02-DEL01-RJ"
342585;2021-02-24;"quarta-feira";"07:50:00";"SP";116;127;"CACAPAVA";"Velocidade Incompatível";"Tombamento";"Com Vítimas Feridas";"Pleno dia";"Crescente";"Sol";"Dupla";"Reta";"Sim";4;0;2;0;1;1;2;3;-23,10991026;-45,70246044;"SPRF-SP";"DEL02-SP";"UOP02-DEL02-SP"
342592;2021-02-24;"quarta-feira";"06:20:00";"MG";262;196;"JOAO MONLEVADE";"Velocidade Incompatível";"Saída de leito carroçável";"Sem Vítimas";"Amanhecer";"Decrescente";"Céu Claro";"Simples";"Curva";"Não";2;0;0;0;1;1;0;2;-19,86091;-43,11725;"SPRF-MG";"DEL03-MG";"UOP01-DEL03-MG"
342600;2021-02-13;"sábado";"07:00:00";"PE";101;88;"CABO DE SANTO AGOSTINHO";"Ingestão de álcool pelo condutor";"Colisão transversal";"Com Vítimas Feridas";"Pleno dia";"Decrescente";"Nublado";"Simples";"Reta";"Sim";3;0;1;1;1;0;2;2;-8,19971387;-34,9785382;"SPRF-PE";"DEL01-PE";"UOP03-DEL01-PE"
342603;2021-02-21;"domingo";"14:20:00";"MT";174;269;"PONTES E LACERDA";"Pista em desnível";"Saída de leito carroçável";"Com Vítimas Feridas";"Pleno dia";"Decrescente";"Céu Claro";"Dupla";"Reta";"Não";2;0;1;0;0;2;1;3;-15,37106477;-59,19222088;"SPRF-MT";"DEL04-MT";"UOP01-DEL04-MT"
342606;2021-02-24;"quarta-feira";"09:30:00";"SC";470;5;"NAVEGANTES";"Velocidade Incompatível";"Engavetamento";"Com Vítimas Feridas";"Pleno dia";"Decrescente";"Céu Claro";"Dupla";"Reta";"Sim";5;0;1;0;3;4;1;8;-26,855688;-48,700333;"SPRF-SC";"DEL04-SC";"UOP04-DEL04-SC"
342619;2021-01-16;"sábado";"19:30:00";"BA";101;192;"CONCEICAO DA FEIRA";"Ingestão de álcool pelo condutor";"Colisão transversal";"Com Vítimas Feridas";"Plena Noite";"Decrescente";"Chuva";"Dupla";"Interseção de Vias";"Não";2;0;2;0;0;0;2;2;-12,51934088;-38,97086026;"SPRF-BA";"DEL01-BA";"UOP03-DEL01-BA"
342622;2021-02-24;"quarta-feira";"10:00:00";"SP";381;65;"MAIRIPORA";"Ausência de reação do condutor";"Colisão traseira";"Com Vítimas Feridas";"Pleno dia";"Decrescente";"Céu Claro";"Dupla";"Reta";"Sim";3;0;1;0;2;0;1;3;-23,316547;-46,58251;"SPRF-SP";"DEL03-SP";"UOP01-DEL03-SP"
342623;2021-02-08;"segunda-feira";"15:50:00";"ES";101;148;"LINHARES";"Condutor desrespeitou a iluminação vermelha do semáforo";"Colisão transversal";"Com Vítimas Feridas";"Pleno dia";"Decrescente";"Céu Claro";"Dupla";"Reta";"Sim";2;0;1;0;0;1;1;2;-19,40585828;-40,0617994;"SPRF-ES";"DEL04-ES";"UOP01-DEL04-ES"
342631;2021-02-24;"quarta-feira";"13:00:00";"SC";101;243;"PALHOCA";"Manobra de mudança de faixa";"Colisão lateral";"Com Vítimas Feridas";"Pleno dia";"Crescente";"Garoa/Chuvisco";"Múltipla";"Reta";"Não";3;0;1;0;1;1;1;3;-27,88419902;-48,64750077;"SPRF-SC";"DEL01-SC";"UOP02-DEL01-SC"
342635;2021-02-24;"quarta-feira";"13:45:00";"MG";40;553;"NOVA LIMA";"Condutor deixou de manter distância do veículo da frente";"Colisão traseira";"Com Vítimas Feridas";"Pleno dia";"Crescente";"Chuva";"Dupla";"Curva";"Sim";2;0;0;1;1;0;1;2;-20,06863326;-43,98194759;"SPRF-MG";"DEL01-MG";"UOP02-DEL01-MG"
342638;2021-02-24;"quarta-feira";"13:30:00";"PI";316;10;"TERESINA";"Acessar a via sem observar a presença dos outros veículos";"Colisão transversal";"Com Vítimas Feridas";"Pleno dia";"Crescente";"Céu Claro";"Múltipla";"Reta";"Sim";3;0;0;2;1;0;2;2;-5,18280197;-42,76350291;"SPRF-PI";"DEL01-PI";"UOP02-DEL01-PI"
342639;2021-02-24;"quarta-feira";"14:10:00";"SP";116;554,4;"BARRA DO TURVO";"Reação tardia ou ineficiente do condutor";"Colisão traseira";"Com Vítimas Feridas";"Plena Noite";"Decrescente";"Chuva";"Dupla";"Reta";"Não";2;0;1;0;1;0;1;2;-24,97035013;-48,49691597;"SPRF-SP";"DEL05-SP";"UOP02-DEL05-SP"
342640;2021-02-24;"quarta-feira";"14:00:00";"PE";101;46,5;"IGARASSU";"Manobra de mudança de faixa";"Colisão lateral";"Sem Vítimas";"Pleno dia";"Crescente";"Sol";"Múltipla";"Reta";"Sim";2;0;0;0;2;0;0;2;-7,87406004;-34,90588126;"SPRF-PE";"DEL01-PE";"UOP02-DEL01-PE"