"id";"data_inversa";"dia_semana";"horario";"uf";"br";"km";"municipio";"causa_acidente";"tipo_acidente";"classificacao_acidente";"fase_dia";"sentido_via";"condicao_metereologica";"tipo_pista";"tracado_via";"uso_solo";"pessoas";"mortos";"feridos_leves";"feridos_graves";"ilesos";"ignorados";"feridos";"veiculos";"latitude";"longitude";"regional";"delegacia";"uop"
343207;2021-01-18;"segunda-feira";"23:50:00";"MG";50;28,5;"ARAGUARI";"Velocidade Incompatível";"Saída de leito carroçável";"Com Vítimas Feridas";"Plena Noite";"Decrescente";"Céu Claro";"Dupla";"Curva";"Não";3;0;1;0;1;1;1;2;-18,61851284;-48,1028889;"SPRF-MG";"DEL15-MG";"UOP02-DEL15-MG"
343209;2021-02-19;"sexta-feira";"05:50:00";"PR";487;147;"TUNEIRAS DO OESTE";"Condutor Dormindo";"Saída de leito carroçável";"Com Vítimas Feridas";"Amanhecer";"Crescente";"Céu Claro";"Simples";"Reta";"Não";2;0;1;0;0;2;1;3;-23,93662272;-52,67583992;"SPRF-PR";"DEL09-PR";"UOP03-DEL09-PR"
343210;2021-01-15;"sexta-feira";"23:22:00";"MT";364;436,8;"VARZEA GRANDE";"Deficiência do Sistema de Iluminação/Sinalização";"Colisão traseira";"Com Vítimas Fatais";"Plena Noite";"Crescente";"Nublado";"Dupla";"Reta";"Sim";3;1;0;0;1;1;0;3;-15,62915355;-56,20485306;"SPRF-MT";"DEL01-MT";"UOP02-DEL01-MT"
343216;2021-02-27;"sábado";"08:30:00";"MS";163;465,8;"CAMPO GRANDE";"Reação tardia ou ineficiente do condutor";"Engavetamento";"Com Vítimas Feridas";"Pleno dia";"Decrescente";"Céu Claro";"Simples";"Viaduto";"Não";7;0;1;1;3;2;2;6;-20,59436908;-54,5809341;"SPRF-MS";"DEL01-MS";"UOP01-DEL01-MS"
343227;2021-02-27;"sábado";"10:00:00";"PR";376;588;"CURITIBA";"Condutor deixou de manter distância do veículo da frente";"Engavetamento";"Com Vítimas Feridas";"Pleno dia";"Decrescente";"Garoa/Chuvisco";"Dupla";"Viaduto;Reta";"Sim";7;0;2;0;5;0;2;3;-25,43381713;-49,36546121;"SPRF-PR";"DEL01-PR";"UOP01-DEL01-PR"
343228;2021-02-11;"quinta-feira";"19:01:00";"PE";101;73;"RECIFE";"Acessar a via sem observar a presença dos outros veículos";"Colisão transversal";"Com Vítimas Feridas";"Plena Noite";"Crescente";"Céu Claro";"Dupla";"Retorno Regulamentado";"Sim";2;0;1;0;0;1;1;2;-8,099158;-34,950067;"SPRF-PE";"DEL01-PE";"UOP01-DEL01-PE"
343239;2021-02-27;"sábado";"12:30:00";"PE";232;11;"JABOATAO DOS GUARARAPES";"Ultrapassagem Indevida";"Colisão lateral mesmo sentido";"Com Vítimas Feridas";"Pleno dia";"Crescente";"Nublado";"Dupla";"Reta";"Sim";3;0;0;1;1;1;1;3;-8,08327;-34,997552;"SPRF-PE";"DEL01-PE";"UOP01-DEL01-PE"
343242;2021-02-27;"sábado";"12:50:00";"PR";277;120;"CAMPO LARGO";"Reação tardia ou ineficiente do condutor";"Colisão lateral mesmo sentido";"Com Vítimas Feridas";"Pleno dia";"Crescente";"Chuva";"Dupla";"Curva";"Não";3;0;1;0;1;1;1;3;-25,43651772;-49,44346612;"SPRF-PR";"DEL01-PR";"UOP03-DEL03-PR"
343256;2021-02-27;"sábado";"12:30:00";"GO";70;12,3;"AGUAS LINDAS DE GOIAS";"Acumulo de água sobre o pavimento";"Saída de leito carroçável";"Com Vítimas Feridas";"Pleno dia";"Crescente";"Chuva";"Simples";"Reta";"Sim";2;0;1;1;0;0;2;1;-15,74037077;-48,3103523;"SPRF-DF";"DEL03-DF";"UOP02-DEL03-DF"
343265;2021-02-27;"sábado";"14:35:00";"PR";369;162;"CAMBE";"Condutor desrespeitou a iluminação vermelha do semáforo";"Colisão transversal";"Com Vítimas Feridas";"Pleno dia";"Decrescente";"Céu Claro";"Dupla";"Reta";"Não";39;0;11;0;27;1;11;3;-23,29612574;-51,20829999;"SPRF-PR";"DEL07-PR";"UOP01-DEL07-PR"
343266;2021-02-15;"segunda-feira";"14:00:00";"PA";163;1003;"SANTAREM";"Falta de acostamento";"Colisão lateral mesmo sentido";"Com Vítimas Feridas";"Pleno dia";"Decrescente";"Nublado";"Dupla";"Reta";"Sim";3;0;1;0;1;2;1;4;-2,44688525;-54,73048152;"SPRF-PA";"DEL05-PA";"UOP01-DEL05-PA"
343273;2021-02-27;"sábado";"14:35:00";"PR";153;466;"PAULA FREITAS";"Ingestão de álcool pelo condutor";"Colisão lateral sentido oposto";"Com Vítimas Feridas";"Pleno dia";"Decrescente";"Chuva";"Simples";"Curva";"Não";2;0;0;1;1;0;1;2;-26,172022;-50,91258;"SPRF-PR";"DEL02-PR";"UOP03-DEL02-PR"
343279;2021-02-27;"sábado";"14:30:00";"MS";262;4;"TRES LAGOAS";"Carga excessiva e/ou mal acondicionada";"Tombamento";"Com Vítimas Feridas";"Pleno dia";"Crescente";"Nublado";"Simples";"Curva";"Não";3;0;1;0;1;3;1;5;-20,782074;-51,65705;"SPRF-MS";"DEL07-MS";"UOP01-DEL07-MS"
343280;2021-02-27;"sábado";"15:40:00";"SP";116;398;"MIRACATU";"Ausência de reação do condutor";"Colisão com objeto";"Com Vítimas Feridas";"Pleno dia";"Decrescente";"Nublado";"Dupla";"Reta";"Não";2;0;2;0;0;0;2;1;-24,3003257;-47,487252;"SPRF-SP";"DEL04-SP";"UOP02-DEL04-SP"
343283;2021-02-27;"sábado";"16:10:00";"PE";101;36;"IGARASSU";"Manobra de mudança de faixa";"Queda de ocupante de veículo";"Com Vítimas Feridas";"Pleno dia";"Decrescente";"Nublado";"Dupla";"Declive";"Não";2;0;1;0;0;1;1;2;-7,78981924;-34,92927074;"SPRF-PE";"DEL01-PE";"UOP02-DEL01-PE"
343286;2021-02-27;"sábado";"15:30:00";"MS";158;135,5;"APARECIDA DO TABOADO";"Ausência de reação do condutor";"Colisão traseira";"Com Vítimas Feridas";"Pleno dia";"Crescente";"Céu Claro";"Simples";"Reta;Aclive";"Não";2;0;1;0;0;1;1;2;-19,98999798;-51,11362029;"SPRF-MS";"DEL08-MS";"UOP01-DEL08-MS"
343287;2021-02-27;"sábado";"15:40:00";"MT";158;711;"BARRA DO GARCAS";"Chuva";"Saída de leito carroçável";"Com Vítimas Fatais";"Pleno dia";"Crescente";"Chuva";"Simples";"Curva";"Não";4;1;0;0;3;0;0;2;-15,15037595;-52,19817394;"SPRF-MT";"DEL07-MT";"UOP01-DEL07-MT"
343288;2021-02-27;"sábado";"09:35:00";"PR";153;136;"VENTANIA";"Carga excessiva e/ou mal acondicionada";"Tombamento";"Sem Vítimas";"Pleno dia";"Crescente";"Nublado";"Simples";"Curva";"Não";2;0;0;0;1;1;0;2;-24,04805819;-50,24742694;"SPRF-PR";"DEL07-PR";"UOP04-DEL07-PR"
343292;2021-02-27;"sábado";"14:55:00";"MT";163;733;"SORRISO";"Condutor Dormindo";"Colisão lateral sentido oposto";"Sem Vítimas";"Pleno dia";"Crescente";"Garoa/Chuvisco";"Simples";"Reta";"Não";3;0;0;0;3;0;0;2;-12,81114991;-55,83002267;"SPRF-MT";"DEL06-MT";"UOP01-DEL06-MT"
343300;2021-02-27;"sábado";"17:10:00";"SP";153;18,3;"NOVA GRANADA";"Acessar a via sem observar a presença dos outros veículos";"Saída de leito carroçável";"Com Vítimas Feridas";"Pleno dia";"Crescente";"Céu Claro";"Simples";"Reta";"Não";4;0;1;0;1;2;1;4;-20,44382107;-49,28091485;"SPRF-SP";"DEL09-SP";"UOP01-DEL09-SP"
343308;2021-02-27;"sábado";"14:00:00";"PE";104;119;"PANELAS";"Demais falhas mecânicas ou elétricas";"Saída de leito carroçável";"Com Vítimas Feridas";"Pleno dia";"Decrescente";"Céu Claro";"Simples";"Declive";"Não";2;0;1;0;0;1;1;2;-8,69214;-36,023621;"SPRF-PE";"DEL02-PE";"UOP01-DEL02-PE"
343317;2021-02-27;"sábado";"17:00:00";"PR";369;157,8;"LONDRINA";"Velocidade Incompatível";"Tombamento";"Com Vítimas Feridas";"Pleno dia";"Decrescente";"Nublado";"Dupla";"Viaduto";"Sim";2;0;1;0;0;1;1;2;-23,28543454;-51,23312116;"SPRF-PR";"DEL07-PR";"UOP01-DEL07-PR"
343323;2021-02-27;"sábado";"19:35:00";"SC";101;219;"PALHOCA";"Velocidade Incompatível";"Colisão com objeto";"Com Vítimas Feridas";"Plena Noite";"Crescente";"Céu Claro";"Dupla";"Reta";"Não";5;0;1;0;3;2;1;5;-27,68392194;-48,66710085;"SPRF-SC";"DEL01-SC";"UOP02-DEL01-SC"
343335;2021-02-27;"sábado";"19:35:00";"PR";376;488,3;"PONTA GROSSA";"Ingestão de álcool e/ou substâncias psicoativas pelo pedestre";"Atropelamento de Pedestre";"Com Vítimas Feridas";"Plena Noite";"Crescente";"Céu Claro";"Dupla";"Declive";"Sim";3;0;1;0;1;1;1;3;-25,08552868;-50,19222113;"SPRF-PR";"DEL03-PR";"UOP01-DEL03-PR"
343337;2021-02-27;"sábado";"10:23:00";"BA";242;731;"CRISTOPOLIS";"Obstrução na via";"Saída de leito carroçável";"Com Vítimas Feridas";"Pleno dia";"Decrescente";"Garoa/Chuvisco";"Simples";"Aclive;Reta";"Não";3;0;1;0;1;3;1;5;-12,200306;-44,481084;"SPRF-BA";"DEL10-BA";"UOP01-DEL10-BA"
343340;2021-02-27;"sábado";"21:00:00";"RS";392;618,4;"SANTO ANGELO";"Transitar na contramão";"Colisão frontal";"Com Vítimas Fatais";"Plena Noite";"Crescente";"Céu Claro";"Simples";"Reta";"Não";7;1;2;1;1;2;3;4;-28,19222803;-54,34054052;"SPRF-RS";"DEL10-RS";"UOP01-DEL10-RS"
343345;2021-02-27;"sábado";"18:00:00";"MT";364;575;"NOBRES";"Ingestão de álcool pelo condutor";"Colisão traseira";"Com Vítimas Feridas";"Plena Noite";"Crescente";"Céu Claro";"Dupla";"Reta";"Não";4;0;0;1;2;3;1;6;-14,69408213;-56,31033089;"SPRF-MT";"DEL01-MT";"UOP01-DEL01-MT"
343346;2021-02-27;"sábado";"20:45:00";"SC";280;100;"SAO BENTO DO SUL";"Velocidade Incompatível";"Colisão frontal";"Sem Vítimas";"Plena Noite";"Decrescente";"Chuva";"Simples";"Curva;Declive";"Não";3;0;0;0;2;1;0;3;-26,37158361;-49,33137101;"SPRF-SC";"DEL06-SC";"UOP03-DEL06-SC"
343347;2021-02-27;"sábado";"16:00:00";"MG";262;595;"CAMPOS ALTOS";"Ausência de reação do condutor";"Colisão traseira";"Com Vítimas Feridas";"Pleno dia";"Decrescente";"Chuva";"Simples";"Reta";"Não";3;0;0;1;1;1;1;3;-19,65496255;-46,18878454;"SPRF-MG";"DEL08-MG";"UOP02-DEL08-MG"
343349;2021-02-27;"sábado";"20:10:00";"MS";163;634;"SAO GABRIEL DO OESTE";"Condutor Dormindo";"Saída de leito carroçável";"Com Vítimas Feridas";"Plena Noite";"Decrescente";"Céu Claro";"Dupla";"Reta";"Não";4;0;1;1;1;1;2;2;-19,25755001;-54,66594101;"SPRF-MS";"DEL06-MS";"UOP02-DEL06-MS"
343350;2021-02-27;"sábado";"16:00:00";"MG";262;594,4;"CAMPOS ALTOS";"Velocidade Incompatível";"Tombamento";"Sem Vítimas";"Pleno dia";"Decrescente";"Chuva";"Simples";"Reta";"Não";4;0;0;0;3;1;0;2;-19,65334594;-46,18432134;"SPRF-MG";"DEL08-MG";"UOP02-DEL08-MG"
343361;2021-02-27;"sábado";"21:00:00";"RO";364;15,9;"VILHENA";"Ingestão de álcool pelo condutor";"Colisão transversal";"Sem Vítimas";"Plena Noite";"Crescente";"Chuva";"Simples";"Reta";"Sim";4;0;0;0;3;2;0;4;-12,73672751;-60,14804088;"SPRF-RO";"DEL04-RO";"UOP01-DEL04-RO"
343363;2021-02-27;"sábado";"14:00:00";"MG";116;476,4;"DOM CAVATI";"Ultrapassagem Indevida";"Colisão frontal";"Com Vítimas Fatais";"Pleno dia";"Decrescente";"Céu Claro";"Simples";"Reta";"Não";4;1;0;1;1;1;1;3;-19,3623751;-42,0983069;"SPRF-MG";"DEL06-MG";"UOP02-DEL06-MG"
343365;2021-02-27;"sábado";"18:30:00";"RS";285;76,5;"BOM JESUS";"Reação tardia ou ineficiente do condutor";"Tombamento";"Com Vítimas Feridas";"Anoitecer";"Crescente";"Nublado";"Simples";"Curva";"Não";2;0;0;1;0;1;1;2;-28,641621;-50,563793;"SPRF-RS";"DEL05-RS";"UOP03-DEL05-RS"
343367;2021-02-27;"sábado";"21:50:00";"SP";116;161;"JACAREI";"Ingestão de álcool pelo condutor";"Colisão traseira";"Com Vítimas Feridas";"Plena Noite";"Decrescente";"Nublado";"Dupla";"Reta";"Sim";2;0;1;0;1;0;1;2;-23,27617003;-45,97592098;"SPRF-SP";"DEL02-SP";"UOP01-DEL02-SP"
343376;2021-02-27;"sábado";"22:15:00";"TO";153;249,4;"COLINAS DO TOCANTINS";"Pista esburacada";"Tombamento";"Com Vítimas Feridas";"Plena Noite";"Crescente";"Nublado";"Simples";"Curva";"Sim";2;0;1;0;0;1;1;2;-8,070951037;-48,4669824387;"SPRF-TO";"DEL02-TO";"UOP02-DEL02-TO"
343381;2021-02-28;"domingo";"00:20:00";"GO";364;59;"CACHOEIRA ALTA";"Reação tardia ou ineficiente do condutor";"Colisão traseira";"Com Vítimas Feridas";"Plena Noite";"Crescente";"Chuva";"Simples";"Reta";"Não";3;0;0;1;1;2;1;4;-18,741785;-50,942039;"SPRF-GO";"DEL05-GO";"UOP02-DEL05-GO"
343389;2021-02-27;"sábado";"23:15:00";"SC";282;668;"PARAISO";"Acessar a via sem observar a presença dos outros veículos";"Colisão transversal";"Com Vítimas Fatais";"Plena Noite";"Crescente";"Céu Claro";"Simples";"Reta;Declive";"Não";3;1;0;0;0;2;0;3;-26,641872;-53,625648;"SPRF-SC";"DEL07-SC";"UOP03-DEL07-SC"
343393;2021-02-28;"domingo";"04:25:00";"MG";251;506,6;"FRANCISCO SA";"Pista Escorregadia";"Tombamento";"Com Vítimas Feridas";"Plena Noite";"Crescente";"Garoa/Chuvisco";"Simples";"Reta;Declive";"Não";1;0;1;0;0;0;1;1;-16,61894941;-43,6887828;"SPRF-MG";"DEL12-MG";"UOP01-DEL12-MG"
343396;2021-02-28;"domingo";"03:50:00";"PE";116;80;"CABROBO";"Animais na Pista";"Saída de leito carroçável";"Com Vítimas Feridas";"Plena Noite";"Crescente";"Nublado";"Simples";"Reta";"Não";2;0;1;0;0;1;1;2;-8,525343;-39,218342;"SPRF-PE";"DEL05-PE";"UOP03-DEL05-PE"
343401;2021-02-28;"domingo";"05:50:00";"SP";116;201,1;"ARUJA";"Manobra de mudança de faixa";"Colisão lateral mesmo sentido";"Com Vítimas Feridas";"Amanhecer";"Crescente";"Nublado";"Dupla";"Curva";"Sim";2;0;1;0;0;1;1;2;-23,40362877;-46,33050107;"SPRF-SP";"DEL01-SP";"UOP01-DEL01-SP"
343406;2021-02-28;"domingo";"05:25:00";"PR";153;118,3;"IBAITI";"Demais falhas mecânicas ou elétricas";"Incêndio";"Sem Vítimas";"Amanhecer";"Decrescente";"Céu Claro";"Simples";"Reta";"Não";2;0;0;0;1;1;0;2;-23,91600185;-50,21944506;"SPRF-PR";"DEL07-PR";"UOP04-DEL07-PR"
343410;2021-02-28;"domingo";"06:10:00";"MG";364;15,3;"FRUTAL";"Velocidade Incompatível";"Colisão frontal";"Com Vítimas Fatais";"Pleno dia";"Decrescente";"Nublado";"Simples";"Reta";"Não";4;1;0;1;1;1;1;3;-20,07062;-48,78876;"SPRF-MG";"DEL13-MG";"UOP02-DEL13-MG"
343411;2021-02-28;"domingo";"05:00:00";"RJ";101;323;"NITEROI";"Reação tardia ou ineficiente do condutor";"Colisão com objeto";"Com Vítimas Feridas";"Amanhecer";"Decrescente";"Céu Claro";"Dupla";"Reta";"Não";3;0;1;0;2;0;1;3;-22,87684786;-43,11728689;"SPRF-RJ";"DEL02-RJ";"UOP02-DEL02-RJ"
343414;2021-02-27;"sábado";"23:10:00";"MG";116;25;"CACHOEIRA DE PAJEU";"Condutor Dormindo";"Saída de leito carroçável";"Sem Vítimas";"Plena Noite";"Crescente";"Céu Claro";"Simples";"Reta";"Não";2;0;0;0;1;1;0;2;-15,87144601;-41,43021999;"SPRF-BA";"DEL08-BA";"UOP03-DEL08-BA"
343420;2021-02-28;"domingo";"07:30:00";"ES";101;240;"FUNDAO";"Conversão proibida";"Colisão traseira";"Com Vítimas Feridas";"Pleno dia";"Crescente";"Nublado";"Simples";"Reta";"Não";3;0;1;0;2;0;1;2;-20,01594191;-40,40401764;"SPRF-ES";"DEL02-ES";"UOP01-DEL02-ES"
343429;2021-02-09;"terça-feira";"04:50:00";"SP";116;362;"MIRACATU";"Velocidade Incompatível";"Tombamento";"Sem Vítimas";"Plena Noite";"Crescente";"Céu Claro";"Dupla";"Curva";"Não";2;0;0;0;1;12;0;13;-24,1220177;-47,27047772;"SPRF-SP";"DEL04-SP";"UOP02-DEL04-SP"
343435;2021-02-28;"domingo";"08:30:00";"SP";116;356;"MIRACATU";"Reação tardia ou ineficiente do condutor";"Colisão traseira";"Com Vítimas Feridas";"Pleno dia";"Crescente";"Nublado";"Dupla";"Túnel";"Não";5;0;2;1;1;1;3;3;-24,09783305;-47,25739002;"SPRF-SP";"DEL04-SP";"UOP02-DEL04-SP"
343438;2021-02-28;"domingo";"10:20:00";"PR";116;110;"CURITIBA";"Ausência de reação do condutor";"Colisão traseira";"Com Vítimas Feridas";"Pleno dia";"Decrescente";"Chuva";"Dupla";"Declive;Reta";"Sim";3;0;1;0;1;1;1;3;-25,57012941;-49,21736805;"SPRF-PR";"DEL01-PR";"UOP01-DEL01-PR"
343440;2021-02-28;"domingo";"06:50:00";"BA";116;691;"JEQUIE";"Reação tardia ou ineficiente do condutor";"Tombamento";"Sem Vítimas";"Pleno dia";"Decrescente";"Sol";"Simples";"Declive";"Não";2;0;0;0;1;3;0;4;-13,94789006;-40,16494773;"SPRF-BA";"DEL03-BA";"UOP01-DEL03-BA"
343447;2021-02-28;"domingo";"11:35:00";"SP";381;85;"SAO PAULO";"Pedestre cruzava a pista fora da faixa";"Atropelamento de Pedestre";"Com Vítimas Fatais";"Pleno dia";"Decrescente";"Céu Claro";"Múltipla";"Reta";"Sim";2;1;0;0;1;0;0;2;-23,449343;-46,56983501;"SPRF-SP";"DEL03-SP";"UOP01-DEL03-SP"
343448;2021-02-28;"domingo";"09:40:00";"RO";364;35;"VILHENA";"Acessar a via sem observar a presença dos outros veículos";"Capotamento";"Com Vítimas Feridas";"Pleno dia";"Crescente";"Chuva";"Simples";"Declive";"Não";4;0;1;0;3;0;1;2;-12,67080681;-60,30359285;"SPRF-RO";"DEL04-RO";"UOP01-DEL04-RO"
343450;2021-02-28;"domingo";"12:40:00";"PR";376;652;"TIJUCAS DO SUL";"Chuva";"Colisão lateral mesmo sentido";"Com Vítimas Feridas";"Pleno dia";"Decrescente";"Chuva";"Dupla";"Curva";"Não";4;0;1;0;2;1;1;2;-25,8461583;-49,068884;"SPRF-PR";"DEL01-PR";"UOP04-DEL01-PR"
343453;2021-02-28;"domingo";"12:35:00";"MG";50;72,7;"UBERLANDIA";"Pedestre cruzava a pista fora da faixa";"Atropelamento de Pedestre";"Com Vítimas Fatais";"Pleno dia";"Crescente";"Chuva";"Dupla";"Aclive;Reta";"Sim";3;1;0;0;1;2;0;4;-18,90319659;-48,23526362;"SPRF-MG";"DEL15-MG";"UOP01-DEL15-MG"
343456;2021-02-28;"domingo";"10:20:00";"AM";174;967;"MANAUS";"Acumulo de areia ou detritos sobre o pavimento";"Saída de leito carroçável";"Com Vítimas Feridas";"Pleno dia";"Decrescente";"Chuva";"Simples";"Reta;Em Obras;Declive";"Não";2;0;1;0;0;1;1;2;-2,24968286;-60,03237023;"SPRF-AM";"DEL01-AM";"UOP02-DEL01-AM"
343467;2021-02-28;"domingo";"14:40:00";"MG";381;941;"EXTREMA";"Acessar a via sem observar a presença dos outros veículos";"Colisão lateral mesmo sentido";"Com Vítimas Fatais";"Pleno dia";"Decrescente";"Nublado";"Dupla";"Curva";"Não";5;1;0;0;1;3;0;4;-22,86021873;-46,34260711;"SPRF-MG";"DEL16-MG";"UOP03-DEL16-MG"
343468;2021-02-28;"domingo";"14:30:00";"RJ";101;262;"RIO BONITO";"Velocidade Incompatível";"Tombamento";"Com Vítimas Feridas";"Pleno dia";"Decrescente";"Nublado";"Dupla";"Curva";"Sim";2;0;1;0;0;1;1;2;-22,71367506;-42,62052996;"SPRF-RJ";"DEL02-RJ";"UOP03-DEL02-RJ"
343475;2021-02-28;"domingo";"09:10:00";"PR";376;498;"PONTA GROSSA";"Velocidade Incompatível";"Tombamento";"Com Vítimas Feridas";"Pleno dia";"Crescente";"Céu Claro";"Dupla";"Curva";"Sim";2;0;1;0;0;1;1;2;-25,14930717;-50,145128;"SPRF-PR";"DEL03-PR";"UOP04-DEL03-PR"
343481;2021-02-28;"domingo";"14:05:00";"MG";262;634;"IBIA";"Velocidade Incompatível";"Colisão traseira";"Com Vítimas Feridas";"Pleno dia";"Decrescente";"Sol";"Simples";"Aclive";"Não";4;0;1;0;2;2;1;4;-19,59290721;-46,4899981;"SPRF-MG";"DEL08-MG";"UOP01-DEL08-MG"
343487;2021-02-28;"domingo";"09:00:00";"RO";435;35;"VILHENA";"Transitar na contramão";"Colisão frontal";"Com Vítimas Feridas";"Pleno dia";"Crescente";"Chuva";"Simples";"Reta";"Não";3;0;1;0;2;0;1;3;-12,84736708;-60,37897271;"SPRF-RO";"DEL04-RO";"UOP02-DEL04-RO"
343489;2021-02-28;"domingo";"16:15:00";"PR";163;175;"LINDOESTE";"Velocidade Incompatível";"Tombamento";"Sem Vítimas";"Pleno dia";"Crescente";"Céu Claro";"Dupla";"Curva;Aclive";"Não";2;0;0;0;1;2;0;3;-25,21734703;-53,59537645;"SPRF-PR";"DEL05-PR";"UOP05-DEL05-PR"
343491;2021-02-28;"domingo";"17:00:00";"GO";153;703;"ITUMBIARA";"Transitar na contramão";"Colisão frontal";"Com Vítimas Fatais";"Pleno dia";"Crescente";"Chuva";"Dupla";"Declive;Curva";"Sim";3;1;1;0;0;1;1;3;-18,411018;-49,195927;"SPRF-GO";"DEL03-GO";"UOP02-DEL03-GO"
343493;2021-02-28;"domingo";"15:30:00";"MT";70;329;"DOM AQUINO";"Pista em desnível";"Tombamento";"Com Vítimas Feridas";"Pleno dia";"Decrescente";"Chuva";"Simples";"Reta";"Não";2;0;1;0;0;3;1;4;-15,50970312;-54,69807097;"SPRF-MT";"DEL05-MT";"UOP01-DEL05-MT"
343495;2021-02-28;"domingo";"13:30:00";"RS";285;50,5;"BOM JESUS";"Velocidade Incompatível";"Tombamento";"Com Vítimas Feridas";"Pleno dia";"Crescente";"Céu Claro";"Simples";"Curva;Aclive";"Não";1;0;1;0;0;0;1;1;-28,662718;-50,333027;"SPRF-RS";"DEL05-RS";"UOP03-DEL05-RS"
343510;2021-02-28;"domingo";"18:55:00";"PR";376;170,8;"MARINGA";"Desrespeitar a preferência no cruzamento";"Colisão transversal";"Com Vítimas Feridas";"Pleno dia";"Decrescente";"Céu Claro";"Dupla";"Declive;Interseção de Vias";"Sim";6;0;2;0;3;1;2;3;-23,40973139;-51,98739588;"SPRF-PR";"DEL09-PR";"UOP01-DEL09-PR"
343518;2021-02-28;"domingo";"13:30:00";"MT";163;103,8;"RONDONOPOLIS";"Ingestão de álcool pelo condutor";"Saída de leito carroçável";"Sem Vítimas";"Pleno dia";"Decrescente";"Céu Claro";"Dupla";"Reta";"Não";2;0;0;0;1;2;0;3;-16,63713456;-54,69416719;"SPRF-MT";"DEL02-MT";"UOP01-DEL02-MT"
343524;2021-02-28;"domingo";"16:40:00";"PR";376;339;"ORTIGUEIRA";"Curva acentuada";"Tombamento";"Sem Vítimas";"Pleno dia";"Crescente";"Sol";"Dupla";"Declive;Curva";"Não";2;0;0;0;1;1;0;2;-24,14010596;-51,00560546;"SPRF-PR";"DEL07-PR";"UOP02-DEL07-PR"
343532;2021-02-28;"domingo";"20:15:00";"PA";316;121;"NOVA TIMBOTEUA";"Reação tardia ou ineficiente do condutor";"Colisão traseira";"Com Vítimas Fatais";"Plena Noite";"Decrescente";"Chuva";"Simples";"Reta";"Não";11;1;0;0;9;1;0;3;-1,31524247;-47,42596896;"SPRF-PA";"DEL01-PA";"UOP02-DEL01-PA"
343536;2021-02-28;"domingo";"19:00:00";"SC";101;13;"GARUVA";"Manobra de mudança de faixa";"Colisão lateral mesmo sentido";"Com Vítimas Feridas";"Plena Noite";"Crescente";"Nublado";"Dupla";"Reta";"Não";7;0;1;0;5;3;1;8;-26,08986803;-48,86345096;"SPRF-SC";"DEL03-SC";"UOP01-DEL03-SC"
343539;2021-02-28;"domingo";"17:00:00";"SC";470;128;"LONTRAS";"Reação tardia ou ineficiente do condutor";"Tombamento";"Com Vítimas Feridas";"Pleno dia";"Crescente";"Céu Claro";"Simples";"Curva";"Não";2;0;1;0;0;1;1;2;-27,143742;-49,548897;"SPRF-SC";"DEL04-SC";"UOP02-DEL04-SC"
343551;2021-02-26;"sexta-feira";"10:10:00";"RO";364;365,1;"OURO PRETO DO OESTE";"Condutor deixou de manter distância do veículo da frente";"Colisão com objeto";"Sem Vítimas";"Pleno dia";"Crescente";"Nublado";"Simples";"Reta";"Não";2;0;0;0;2;0;0;2;-10,77514844;-62,08791912;"SPRF-RO";"DEL02-RO";"UOP01-DEL02-RO"
343554;2021-02-28;"domingo";"21:30:00";"GO";60;112,8;"GOIANAPOLIS";"Pista Escorregadia";"Colisão traseira";"Com Vítimas Feridas";"Plena Noite";"Crescente";"Chuva";"Dupla";"Reta";"Não";3;0;0;1;1;2;1;4;-16,4511;-49,0498;"SPRF-GO";"DEL01-GO";"UOP01-DEL01-GO"
343556;2021-02-28;"domingo";"21:33:00";"RJ";40;121;"DUQUE DE CAXIAS";"Curva acentuada";"Tombamento";"Sem Vítimas";"Plena Noite";"Decrescente";"Céu Claro";"Simples";"Curva";"Não";1;0;0;0;1;0;0;1;-22,7875769;-43,28409433;"SPRF-RJ";"DEL01-RJ";"UOP01-DEL01-RJ"
343568;2021-02-28;"domingo";"15:30:00";"MT";163;1112;"GUARANTA DO NORTE";"Ultrapassagem Indevida";"Tombamento";"Sem Vítimas";"Pleno dia";"Crescente";"Nublado";"Simples";"Reta";"Não";3;0;0;0;1;3;0;4;-9,70020602;-54,87588757;"SPRF-MT";"DEL06-MT";"NPF/DEL06-MT"
343571;2021-02-28;"domingo";"22:25:00";"MA";222;669,7;"ACAILANDIA";"Acumulo de água sobre o pavimento";"Colisão frontal";"Com Vítimas Fatais";"Plena Noite";"Crescente";"Chuva";"Simples";"Declive";"Não";3;2;0;0;1;0;0;2;-4,934938;-47,455032;"SPRF-MA";"DEL04-MA";"UOP03-DEL04-MA"
343572;2021-02-28;"domingo";"19:10:00";"RO";364;548;"ALTO PARAISO";"Transitar na contramão";"Colisão frontal";"Com Vítimas Fatais";"Plena Noite";"Decrescente";"Céu Claro";"Simples";"Reta";"Não";4;1;0;0;2;1;0;4;-9,662858;-63,090275;"SPRF-RO";"DEL03-RO";"UOP01-DEL03-RO"
343574;2021-03-01;"segunda-feira";"01:00:00";"RJ";393;280,8;"BARRA DO PIRAI";"Pedestre andava na pista";"Atropelamento de Pedestre";"Com Vítimas Fatais";"Plena Noite";"Decrescente";"Céu Claro";"Simples";"Reta";"Sim";2;1;0;0;1;0;0;2;-22,473791;-44,055667;"SPRF-RJ";"DEL05-RJ";"UOP04-DEL05-RJ"
343589;2021-03-01;"segunda-feira";"05:20:00";"RS";116;308,3;"GUAIBA";"Condutor Dormindo";"Colisão frontal";"Com Vítimas Fatais";"Plena Noite";"Crescente";"Céu Claro";"Simples";"Reta";"Não";2;1;0;0;1;0;0;2;-30,18291689;-51,39555744;"SPRF-RS";"DEL02-RS";"UOP01-DEL02-RS"