"id";"data_inversa";"dia_semana";"horario";"uf";"br";"km";"municipio";"causa_acidente";"tipo_acidente";"classificacao_acidente";"fase_dia";"sentido_via";"condicao_metereologica";"tipo_pista";"tracado_via";"uso_solo";"pessoas";"mortos";"feridos_leves";"feridos_graves";"ilesos";"ignorados";"feridos";"veiculos";"latitude";"longitude";"regional";"delegacia";"uop"
343593;2021-02-28;"domingo";"13:55:00";"MS";158;49;"PARANAIBA";"Acostamento em desnível";"Colisão frontal";"Com Vítimas Feridas";"Pleno dia";"Crescente";"Chuva";"Simples";"Reta";"Não";3;0;1;0;1;3;1;5;-19,37081711;-51,44798514;"SPRF-MS";"DEL08-MS";"UOP01-DEL08-MS"
343602;2021-02-28;"domingo";"16:07:00";"MS";158;94;"PARANAIBA";"Acessar a via sem observar a presença dos outros veículos";"Colisão transversal";"Sem Vítimas";"Pleno dia";"Crescente";"Nublado";"Dupla";"Interseção de Vias";"Sim";3;0;0;0;2;1;0;3;-19,68300402;-51,20065706;"SPRF-MS";"DEL08-MS";"UOP01-DEL08-MS"
343608;2021-03-01;"segunda-feira";"05:30:00";"MT";163;607;"NOVA MUTUM";"Mal súbito do condutor";"Colisão frontal";"Com Vítimas Fatais";"Pleno dia";"Decrescente";"Nublado";"Simples";"Reta";"Não";3;1;0;0;1;2;0;4;-13,67667891;-56,03851318;"SPRF-MT";"DEL01-MT";"UOP01-DEL01-MT"
343609;2021-03-01;"segunda-feira";"06:20:00";"RJ";393;265;"BARRA DO PIRAI";"Problema com o freio";"Colisão com objeto";"Sem Vítimas";"Pleno dia";"Decrescente";"Céu Claro";"Múltipla";"Reta";"Não";2;0;0;0;1;2;0;3;-22,47699772;-43,88450513;"SPRF-RJ";"DEL05-RJ";"UOP04-DEL05-RJ"
343610;2021-02-28;"domingo";"23:00:00";"MG";251;465,4;"GRAO MOGOL";"Velocidade Incompatível";"Saída de leito carroçável";"Sem Vítimas";"Plena Noite";"Decrescente";"Céu Claro";"Simples";"Curva";"Não";4;0;0;0;3;1;0;2;-16,45710399;-43,40386502;"SPRF-MG";"DEL12-MG";"UOP01-DEL12-MG"
343633;2021-03-01;"segunda-feira";"07:50:00";"SC";153;66,5;"IRANI";"Manobra de mudança de faixa";"Saída de leito carroçável";"Sem Vítimas";"Pleno dia";"Crescente";"Céu Claro";"Simples";"Curva";"Não";3;0;0;0;2;1;0;3;-27,018436;-51,883396;"SPRF-SC";"DEL07-SC";"UOP04-DEL07-SC"
343637;2021-03-01;"segunda-feira";"09:15:00";"PE";232;75,1;"GRAVATA";"Demais falhas mecânicas ou elétricas";"Tombamento";"Com Vítimas Feridas";"Pleno dia";"Crescente";"Chuva";"Dupla";"Reta;Declive";"Não";2;0;0;1;0;1;1;2;-8,19737799;-35,525476;"SPRF-PE";"DEL02-PE";"UOP02-DEL02PE"
343647;2021-03-01;"segunda-feira";"10:35:00";"SP";116;217;"GUARULHOS";"Trafegar com motocicleta (ou similar) entre as faixas";"Colisão lateral mesmo sentido";"Com Vítimas Feridas";"Pleno dia";"Crescente";"Céu Claro";"Múltipla";"Reta";"Sim";2;0;0;1;0;1;1;2;-23,45423824;-46,47119028;"SPRF-SP";"DEL01-SP";"UOP01-DEL01-SP"
343651;2021-03-01;"segunda-feira";"08:59:00";"SC";470;64;"INDAIAL";"Falta de acostamento";"Saída de leito carroçável";"Sem Vítimas";"Pleno dia";"Crescente";"Céu Claro";"Simples";"Reta";"Não";1;0;0;0;1;0;0;1;-26,869867;-49,201859;"SPRF-SC";"DEL04-SC";"UOP01-DEL04-SC"
343655;2021-03-01;"segunda-feira";"12:00:00";"GO";40;50,4;"LUZIANIA";"Mal súbito do condutor";"Colisão lateral sentido oposto";"Com Vítimas Feridas";"Pleno dia";"Crescente";"Céu Claro";"Simples";"Curva";"Não";3;0;1;0;1;1;1;3;-16,442519;-47,813013;"SPRF-DF";"DEL01-DF";"UOP02-DEL01-DF"
343667;2021-03-01;"segunda-feira";"13:20:00";"PR";277;3,5;"PARANAGUA";"Velocidade Incompatível";"Colisão traseira";"Sem Vítimas";"Pleno dia";"Crescente";"Garoa/Chuvisco";"Simples";"Reta";"Não";3;0;0;0;1;4;0;5;-25,5205;-48,5095;"SPRF-PR";"DEL01-PR";"UOP05-DEL01-PR"
343673;2021-03-01;"segunda-feira";"14:10:00";"PR";116;158;"MANDIRITUBA";"Transitar na contramão";"Colisão frontal";"Com Vítimas Feridas";"Pleno dia";"Crescente";"Chuva";"Simples";"Reta";"Não";2;0;0;1;1;0;1;2;-25,86774621;-49,37339398;"SPRF-PR";"DEL01-PR";"UOP03-DEL01-PR"
343677;2021-03-01;"segunda-feira";"13:00:00";"PR";476;270;"SAO MATEUS DO SUL";"Reação tardia ou ineficiente do condutor";"Colisão traseira";"Com Vítimas Feridas";"Pleno dia";"Crescente";"Chuva";"Simples";"Reta";"Não";2;0;1;0;1;0;1;2;-25,897345;-50,33913;"SPRF-PR";"DEL02-PR";"UOP04-DEL02-PR"
343680;2021-03-01;"segunda-feira";"12:40:00";"RS";470;211;"BENTO GONCALVES";"Velocidade Incompatível";"Tombamento";"Sem Vítimas";"Pleno dia";"Crescente";"Sol";"Simples";"Curva;Aclive";"Não";2;0;0;0;1;1;0;2;-29,12453775;-51,54360394;"SPRF-RS";"DEL06-RS";"UOP01-DEL06-RS"
343687;2021-03-01;"segunda-feira";"14:15:00";"ES";101;228;"FUNDAO";"Condutor deixou de manter distância do veículo da frente";"Engavetamento";"Com Vítimas Feridas";"Pleno dia";"Crescente";"Chuva";"Simples";"Reta";"Não";5;0;1;0;4;0;1;4;-19,91868701;-40,40570613;"SPRF-ES";"DEL02-ES";"UOP01-DEL02-ES"
343691;2021-02-09;"terça-feira";"15:30:00";"PE";104;67,1;"CARUARU";"Reação tardia ou ineficiente do condutor";"Colisão traseira";"Com Vítimas Feridas";"Pleno dia";"Decrescente";"Céu Claro";"Dupla";"Reta";"Sim";3;0;2;0;1;0;2;2;-8,3016;-35,9882;"SPRF-PE";"DEL02-PE";"UOP01-DEL02-PE"
343695;2021-03-01;"segunda-feira";"15:00:00";"BA";101;18;"RIO REAL";"Ingestão de álcool pelo condutor";"Colisão lateral mesmo sentido";"Sem Vítimas";"Pleno dia";"Decrescente";"Céu Claro";"Dupla";"Reta";"Não";3;0;0;0;2;1;0;3;-11,633266;-37,888237;"SPRF-SE";"DEL02-SE";"UOP03-DEL02-SE"
343696;2021-03-01;"segunda-feira";"14:30:00";"PR";376;591;"CURITIBA";"Velocidade Incompatível";"Colisão traseira";"Com Vítimas Feridas";"Pleno dia";"Crescente";"Chuva";"Dupla";"Reta";"Não";3;0;1;0;2;0;1;2;-25,45999605;-49,35895013;"SPRF-PR";"DEL01-PR";"UOP01-DEL01-PR"
343704;2021-03-01;"segunda-feira";"16:40:00";"MG";262;193;"BELA VISTA DE MINAS";"Reação tardia ou ineficiente do condutor";"Saída de leito carroçável";"Com Vítimas Feridas";"Pleno dia";"Crescente";"Nublado";"Simples";"Reta";"Não";2;0;1;0;0;1;1;2;-19,86964295;-43,08306896;"SPRF-MG";"DEL03-MG";"UOP01-DEL03-MG"
343706;2021-03-01;"segunda-feira";"16:30:00";"SC";116;180,3;"SAO CRISTOVAO DO SUL";"Acessar a via sem observar a presença dos outros veículos";"Colisão frontal";"Com Vítimas Feridas";"Pleno dia";"Crescente";"Nublado";"Simples";"Reta";"Sim";2;0;1;0;1;0;1;2;-27,27041426;-50,44097161;"SPRF-SC";"DEL05-SC";"UOP03-DEL05-SC"
343707;2021-03-01;"segunda-feira";"17:30:00";"RS";386;248;"SOLEDADE";"Condutor deixou de manter distância do veículo da frente";"Colisão traseira";"Sem Vítimas";"Pleno dia";"Crescente";"Céu Claro";"Simples";"Reta";"Sim";3;0;0;0;2;2;0;4;-28,817902;-52,484734;"SPRF-RS";"DEL04-RS";"UOP03-DEL04-RS"
343712;2021-03-01;"segunda-feira";"16:50:00";"TO";153;140;"ARAGUAINA";"Ausência de reação do condutor";"Colisão lateral mesmo sentido";"Sem Vítimas";"Pleno dia";"Decrescente";"Nublado";"Dupla";"Reta";"Sim";3;0;0;0;2;3;0;5;-7,169616;-48,21328;"SPRF-TO";"DEL02-TO";"UOP01-DEL02-TO"
343719;2021-03-01;"segunda-feira";"14:30:00";"SC";153;33,7;"PONTE SERRADA";"Problema com o freio";"Incêndio";"Sem Vítimas";"Pleno dia";"Crescente";"Céu Claro";"Simples";"Curva";"Não";2;0;0;0;1;2;0;3;-26,799587;-51,712334;"SPRF-SC";"DEL07-SC";"UOP05-DEL07-SC"
343725;2021-03-01;"segunda-feira";"19:00:00";"BA";324;626;"SALVADOR";"Avarias e/ou desgaste excessivo no pneu";"Colisão com objeto";"Com Vítimas Feridas";"Plena Noite";"Crescente";"Garoa/Chuvisco";"Múltipla";"Reta;Aclive";"Sim";2;0;1;0;0;1;1;2;-12,96843177;-38,47660403;"SPRF-BA";"DEL01-BA";"UOP01-DEL01-BA"
343728;2021-03-01;"segunda-feira";"17:55:00";"RJ";465;19;"SEROPEDICA";"Demais falhas mecânicas ou elétricas";"Colisão com objeto";"Sem Vítimas";"Anoitecer";"Crescente";"Sol";"Simples";"Reta";"Não";1;0;0;0;1;0;0;1;-22,839184;-43,610451;"SPRF-RJ";"DEL03-RJ";"UOP01-DEL03-RJ"
343731;2021-03-01;"segunda-feira";"19:15:00";"PE";101;115,2;"IPOJUCA";"Ausência de sinalização";"Colisão traseira";"Com Vítimas Feridas";"Plena Noite";"Crescente";"Chuva";"Dupla";"Reta";"Não";2;0;1;0;1;0;1;2;-8,33783596;-35,14164006;"SPRF-PE";"DEL01-PE";"UOP03-DEL01-PE"
343742;2021-03-01;"segunda-feira";"20:50:00";"GO";50;98;"IPAMERI";"Acessar a via sem observar a presença dos outros veículos";"Colisão transversal";"Sem Vítimas";"Plena Noite";"Crescente";"Céu Claro";"Simples";"Reta";"Sim";3;0;0;0;3;0;0;3;-16,9309;-47,7117;"SPRF-DF";"DEL01-DF";"UOP02-DEL01-DF"
343747;2021-03-01;"segunda-feira";"21:43:00";"RS";101;86;"OSORIO";"Demais falhas na via";"Tombamento";"Com Vítimas Feridas";"Plena Noite";"Decrescente";"Nublado";"Múltipla";"Rotatória";"Sim";3;0;2;0;0;1;2;2;-29,8754149;-50,25734711;"SPRF-RS";"DEL03-RS";"UOP01-DEL03-RS"
343748;2021-03-01;"segunda-feira";"21:00:00";"SP";116;363;"MIRACATU";"Demais falhas mecânicas ou elétricas";"Incêndio";"Sem Vítimas";"Plena Noite";"Crescente";"Céu Claro";"Dupla";"Reta";"Não";2;0;0;0;1;1;0;2;-24,13555;-47,2724;"SPRF-SP";"DEL04-SP";"UOP02-DEL04-SP"
343749;2021-03-01;"segunda-feira";"21:30:00";"MG";381;679,9;"PERDOES";"Ausência de reação do condutor";"Colisão traseira";"Com Vítimas Feridas";"Plena Noite";"Decrescente";"Ignorado";"Dupla";"Reta;Aclive";"Não";3;0;1;0;2;0;1;2;-21,14734508;-45,10983682;"SPRF-MG";"DEL04-MG";"UOP02-DEL04-MG"
343751;2021-03-01;"segunda-feira";"17:02:00";"PR";153;144,5;"VENTANIA";"Velocidade Incompatível";"Colisão lateral sentido oposto";"Com Vítimas Feridas";"Pleno dia";"Crescente";"Chuva";"Simples";"Declive;Curva";"Não";3;0;1;0;1;4;1;6;-24,11223991;-50,24301162;"SPRF-PR";"DEL07-PR";"UOP04-DEL07-PR"
343760;2021-03-01;"segunda-feira";"23:00:00";"RS";290;102;"PORTO ALEGRE";"Ausência de reação do condutor";"Colisão com objeto";"Com Vítimas Feridas";"Plena Noite";"Crescente";"Céu Claro";"Dupla";"Ponte";"Não";9;0;7;1;0;1;8;3;-29,99082791;-51,26585484;"SPRF-RS";"DEL01-RS";"UOP01-DEL01-RS"
343765;2021-03-02;"terça-feira";"01:40:00";"MG";381;758;"CAMPANHA";"Velocidade Incompatível";"Saída de leito carroçável";"Com Vítimas Feridas";"Plena Noite";"Decrescente";"Nublado";"Dupla";"Reta";"Não";2;0;1;0;0;1;1;2;-21,70752761;-45,37422642;"SPRF-MG";"DEL16-MG";"UOP02-DEL16-MG"
343766;2021-03-02;"terça-feira";"01:45:00";"TO";153;466,6;"MIRACEMA DO TOCANTINS";"Demais Fenômenos da natureza";"Saída de leito carroçável";"Sem Vítimas";"Plena Noite";"Decrescente";"Chuva";"Dupla";"Declive";"Não";2;0;0;0;1;1;0;2;-9,96701401;-48,74357888;"SPRF-TO";"DEL01-TO";"UOP01-DEL01-TO"
343768;2021-03-02;"terça-feira";"03:20:00";"MG";381;433,4;"SABARA";"Reação tardia ou ineficiente do condutor";"Colisão lateral sentido oposto";"Com Vítimas Feridas";"Plena Noite";"Crescente";"Nublado";"Simples";"Curva";"Não";4;0;1;1;1;1;2;4;-19,79269213;-43,74585386;"SPRF-MG";"DEL01-MG";"UOP01-DEL01-MG"
343769;2021-03-02;"terça-feira";"04:00:00";"PE";101;189;"PALMARES";"Acumulo de água sobre o pavimento";"Tombamento";"Sem Vítimas";"Plena Noite";"Crescente";"Chuva";"Dupla";"Curva";"Sim";2;0;0;0;1;1;0;2;-8,69036647;-35,60430503;"SPRF-PE";"DEL01-PE";"UOP03-DEL01-PE"
343770;2021-03-02;"terça-feira";"04:40:00";"PB";230;310,3;"SAO MAMEDE";"Condutor deixou de manter distância do veículo da frente";"Colisão com objeto";"Sem Vítimas";"Plena Noite";"Crescente";"Nublado";"Simples";"Reta";"Não";1;0;0;0;1;0;0;1;-6,927079;-37,069428;"SPRF-PB";"DEL03-PB";"UOP01-DEL03-PB"
343771;2021-03-02;"terça-feira";"04:20:00";"PB";101;116;"CAAPORA";"Demais falhas mecânicas ou elétricas";"Colisão com objeto";"Sem Vítimas";"Amanhecer";"Crescente";"Nevoeiro/Neblina";"Dupla";"Curva;Aclive";"Não";3;0;0;0;2;3;0;5;-7,405261;-34,95492;"SPRF-PB";"DEL01-PB";"UOP02-DEL01-PB"
343772;2021-01-12;"terça-feira";"13:25:00";"PA";316;27,8;"BENEVIDES";"Reação tardia ou ineficiente do condutor";"Colisão lateral mesmo sentido";"Com Vítimas Feridas";"Pleno dia";"Crescente";"Céu Claro";"Dupla";"Retorno Regulamentado";"Não";4;0;1;0;2;1;1;4;-1,31824794;-48,22663008;"SPRF-PA";"DEL01-PA";"UOP01-DEL01-PA"
343773;2021-03-01;"segunda-feira";"21:30:00";"ES";262;151;"IBATIBA";"Problema com o freio";"Tombamento";"Com Vítimas Feridas";"Plena Noite";"Crescente";"Céu Claro";"Simples";"Curva";"Não";3;0;2;0;0;1;2;2;-20,2148829;-41,44925529;"SPRF-ES";"DEL01-ES";"UOP02-DEL01-ES"
343776;2021-03-01;"segunda-feira";"13:50:00";"BA";101;397;"IBIRAPITANGA";"Demais falhas mecânicas ou elétricas";"Saída de leito carroçável";"Sem Vítimas";"Pleno dia";"Decrescente";"Céu Claro";"Simples";"Curva";"Não";1;0;0;0;1;0;0;1;-14,07212298;-39,38681305;"SPRF-BA";"DEL05-BA";"UOP03-DEL05-BA"
343778;2021-03-02;"terça-feira";"05:00:00";"RS";386;308;"POUSO NOVO";"Velocidade Incompatível";"Colisão traseira";"Com Vítimas Feridas";"Amanhecer";"Crescente";"Céu Claro";"Simples";"Reta";"Não";2;0;1;0;1;0;1;2;-29,209391;-52,178665;"SPRF-RS";"DEL04-RS";"UOP01-DEL04-RS"
343787;2021-03-02;"terça-feira";"07:50:00";"SC";280;66,3;"JARAGUA DO SUL";"Condutor deixou de manter distância do veículo da frente";"Colisão traseira";"Com Vítimas Feridas";"Pleno dia";"Decrescente";"Céu Claro";"Simples";"Reta";"Não";2;0;0;1;1;0;1;2;-26,47606607;-49,09568797;"SPRF-SC";"DEL03-SC";"UOP03-DEL03-SC"
343793;2021-03-02;"terça-feira";"07:35:00";"PB";230;35,8;"BAYEUX";"Reação tardia ou ineficiente do condutor";"Engavetamento";"Com Vítimas Feridas";"Pleno dia";"Decrescente";"Nublado";"Simples";"Curva";"Não";8;0;1;0;6;1;1;6;-7,1268;-34,9412;"SPRF-PB";"DEL01-PB";"UOP03-DEL01-PB"
343807;2021-03-01;"segunda-feira";"22:00:00";"MA";10;77;"CAROLINA";"Demais falhas mecânicas ou elétricas";"Tombamento";"Com Vítimas Feridas";"Plena Noite";"Crescente";"Céu Claro";"Simples";"Declive";"Não";3;0;1;0;1;2;1;3;-6,982493;-47,444311;"SPRF-MA";"DEL04-MA";"UOP02-DEL04-MA"
343812;2021-03-02;"terça-feira";"09:22:00";"PR";116;147;"MANDIRITUBA";"Condutor Dormindo";"Colisão com objeto";"Sem Vítimas";"Pleno dia";"Decrescente";"Céu Claro";"Dupla";"Curva";"Não";2;0;0;0;1;1;0;2;-25,79053901;-49,32743694;"SPRF-PR";"DEL01-PR";"UOP03-DEL01-PR"
343817;2021-03-02;"terça-feira";"10:15:00";"MG";262;369;"JUATUBA";"Velocidade Incompatível";"Tombamento";"Com Vítimas Feridas";"Pleno dia";"Decrescente";"Céu Claro";"Dupla";"Curva";"Não";2;0;1;0;0;1;1;2;-19,96032586;-44,3388623;"SPRF-MG";"DEL01-MG";"UOP03-DEL01-MG"
343820;2021-03-02;"terça-feira";"10:19:00";"BA";116;521;"ITATIM";"Desrespeitar a preferência no cruzamento";"Colisão transversal";"Com Vítimas Feridas";"Pleno dia";"Decrescente";"Céu Claro";"Simples";"Interseção de Vias";"Sim";2;0;2;0;0;0;2;2;-12,7051322;-39,7224899;"SPRF-BA";"DEL03-BA";"UOP02-DEL03-BA"
343825;2021-03-02;"terça-feira";"10:45:00";"SP";116;502;"CAJATI";"Manobra de mudança de faixa";"Colisão lateral mesmo sentido";"Com Vítimas Feridas";"Pleno dia";"Crescente";"Céu Claro";"Múltipla";"Reta";"Não";4;0;1;1;1;1;2;3;-24,7750833;-48,20117012;"SPRF-SP";"DEL05-SP";"UOP02-DEL05-SP"
343826;2021-03-02;"terça-feira";"10:50:00";"GO";153;589,9;"PIRACANJUBA";"Acumulo de água sobre o pavimento";"Saída de leito carroçável";"Com Vítimas Feridas";"Pleno dia";"Decrescente";"Chuva";"Dupla";"Declive";"Não";6;0;3;0;3;0;3;1;-17,4593;-49,2227;"SPRF-GO";"DEL03-GO";"UOP01-DEL03-GO"
343829;2021-03-02;"terça-feira";"10:55:00";"BA";116;752,2;"POCOES";"Ausência de reação do condutor";"Colisão lateral sentido oposto";"Com Vítimas Feridas";"Pleno dia";"Decrescente";"Nublado";"Simples";"Reta";"Não";3;0;1;0;1;1;1;3;-14,44441985;-40,35241363;"SPRF-BA";"DEL08-BA";"UOP02-DEL08-BA"
343830;2021-03-02;"terça-feira";"10:10:00";"MT";364;133,3;"PEDRA PRETA";"Demais falhas na via";"Tombamento";"Com Vítimas Feridas";"Pleno dia";"Crescente";"Céu Claro";"Simples";"Curva";"Não";3;0;1;0;1;2;1;3;-16,82757525;-54,04924505;"SPRF-MT";"DEL02-MT";"UOP01-DEL02-MT"
343834;2021-03-02;"terça-feira";"12:30:00";"GO";452;22,5;"RIO VERDE";"Acesso irregular";"Colisão lateral sentido oposto";"Com Vítimas Fatais";"Pleno dia";"Crescente";"Céu Claro";"Simples";"Reta";"Não";2;1;0;0;1;0;0;2;-17,87601952;-50,71654288;"SPRF-GO";"DEL04-GO";"UOP01-DEL04-GO"
343842;2021-03-02;"terça-feira";"12:10:00";"SC";101;336,8;"TUBARAO";"Velocidade Incompatível";"Colisão com objeto";"Com Vítimas Feridas";"Pleno dia";"Decrescente";"Céu Claro";"Dupla";"Curva;Declive";"Sim";3;0;1;0;0;2;1;3;-28,48722253;-49,03844118;"SPRF-SC";"DEL02-SC";"UOP01-DEL02-SC"
343843;2021-03-02;"terça-feira";"11:35:00";"RS";290;175,2;"BUTIA";"Reação tardia ou ineficiente do condutor";"Colisão traseira";"Com Vítimas Feridas";"Pleno dia";"Crescente";"Céu Claro";"Simples";"Reta;Declive";"Sim";4;0;1;0;2;1;1;3;-30,13280546;-51,96790695;"SPRF-RS";"DEL02-RS";"UOP03-DEL02-RS"
343845;2021-03-02;"terça-feira";"13:20:00";"SP";116;509;"CAJATI";"Velocidade Incompatível";"Saída de leito carroçável";"Sem Vítimas";"Pleno dia";"Crescente";"Céu Claro";"Dupla";"Curva";"Não";2;0;0;0;1;1;0;2;-24,82178987;-48,21419034;"SPRF-SP";"DEL05-SP";"UOP02-DEL05-SP"
343853;2021-03-02;"terça-feira";"14:40:00";"PR";277;584,8;"CASCAVEL";"Condutor deixou de manter distância do veículo da frente";"Colisão traseira";"Com Vítimas Feridas";"Pleno dia";"Decrescente";"Sol";"Simples";"Reta";"Sim";5;0;0;1;2;2;1;5;-24,96684176;-53,40258186;"SPRF-PR";"DEL04-PR";"UOP01-DEL04-PR"
343855;2021-03-02;"terça-feira";"14:10:00";"SC";280;140;"MAFRA";"Demais falhas mecânicas ou elétricas";"Eventos atípicos";"Sem Vítimas";"Pleno dia";"Crescente";"Céu Claro";"Simples";"Curva;Aclive";"Não";1;0;0;0;1;0;0;1;-26,25385392;-49,612674;"SPRF-SC";"DEL06-SC";"UOP03-DEL06-SC"
343856;2021-03-02;"terça-feira";"14:30:00";"SC";116;59;"PAPANDUVA";"Condutor deixou de manter distância do veículo da frente";"Colisão traseira";"Com Vítimas Feridas";"Pleno dia";"Crescente";"Céu Claro";"Simples";"Reta";"Não";5;0;2;0;2;1;2;3;-26,37933149;-50,20775008;"SPRF-SC";"DEL06-SC";"UOP02-DEL06-SC"
343858;2021-03-02;"terça-feira";"15:10:00";"ES";262;136,1;"BREJETUBA";"Velocidade Incompatível";"Tombamento";"Com Vítimas Feridas";"Pleno dia";"Decrescente";"Nublado";"Simples";"Curva";"Não";2;0;1;0;0;1;1;2;-20,24110613;-41,33884311;"SPRF-ES";"DEL01-ES";"UOP02-DEL01-ES"
343865;2021-03-02;"terça-feira";"16:55:00";"PE";408;99,5;"SAO LOURENCO DA MATA";"Condutor deixou de manter distância do veículo da frente";"Colisão traseira";"Com Vítimas Feridas";"Pleno dia";"Decrescente";"Céu Claro";"Dupla";"Aclive";"Não";2;0;1;0;1;0;1;2;-8,04133634;-35,02531212;"SPRF-PE";"DEL01-PE";"UOP01-DEL01-PE"
343868;2021-03-02;"terça-feira";"16:00:00";"MG";381;482;"BETIM";"Trafegar com motocicleta (ou similar) entre as faixas";"Colisão lateral mesmo sentido";"Sem Vítimas";"Pleno dia";"Crescente";"Céu Claro";"Múltipla";"Reta";"Sim";3;0;0;0;3;0;0;3;-19,955532;-44,097209;"SPRF-MG";"DEL01-MG";"UOP03-DEL01-MG"
343871;2021-03-02;"terça-feira";"15:22:00";"CE";116;248;"ALTO SANTO";"Acessar a via sem observar a presença dos outros veículos";"Colisão transversal";"Com Vítimas Feridas";"Pleno dia";"Crescente";"Céu Claro";"Simples";"Interseção de Vias";"Não";3;0;0;2;1;0;2;2;-5,47916902;-38,38975699;"SPRF-CE";"DEL05-CE";"UOP02-DEL05-CE"
343874;2021-03-02;"terça-feira";"13:30:00";"TO";153;781,1;"TALISMA";"Pista em desnível";"Saída de leito carroçável";"Com Vítimas Feridas";"Pleno dia";"Crescente";"Nublado";"Simples";"Reta";"Não";1;0;1;0;0;0;1;1;-12,64891002;-49,06827023;"SPRF-TO";"DEL01-TO";"UOP02-DEL01-TO"
343881;2021-03-02;"terça-feira";"16:45:00";"MG";381;676,2;"PERDOES";"Acessar a via sem observar a presença dos outros veículos";"Colisão lateral mesmo sentido";"Com Vítimas Feridas";"Pleno dia";"Crescente";"Céu Claro";"Dupla";"Reta";"Sim";2;0;1;0;1;0;1;2;-21,140046;-45,104398;"SPRF-MG";"DEL04-MG";"UOP02-DEL04-MG"
343883;2021-02-25;"quinta-feira";"11:00:00";"MT";174;204;"PORTO ESPERIDIAO";"Frear bruscamente";"Colisão traseira";"Com Vítimas Feridas";"Pleno dia";"Decrescente";"Céu Claro";"Simples";"Reta";"Não";4;0;1;0;2;2;1;4;-15,68659332;-58,72189938;"SPRF-MT";"DEL04-MT";"UOP01-DEL04-MT"
343889;2021-03-02;"terça-feira";"10:00:00";"GO";60;118;"TEREZOPOLIS DE GOIAS";"Acessar a via sem observar a presença dos outros veículos";"Colisão transversal";"Com Vítimas Feridas";"Pleno dia";"Crescente";"Céu Claro";"Dupla";"Interseção de Vias";"Sim";3;0;1;0;2;0;1;2;-16,4848;-49,0935;"SPRF-GO";"DEL01-GO";"UOP01-DEL01-GO"
343891;2021-03-02;"terça-feira";"17:50:00";"MT";364;271,9;"JACIARA";"Manobra de mudança de faixa";"Colisão transversal";"Com Vítimas Fatais";"Anoitecer";"Crescente";"Nublado";"Dupla";"Rotatória";"Sim";5;1;0;0;1;5;0;6;-15,965362;-54,962229;"SPRF-MT";"DEL02-MT";"UOP01-DEL02-MT"
343893;2021-03-02;"terça-feira";"18:45:00";"BA";242;808;"BARREIRAS";"Acessar a via sem observar a presença dos outros veículos";"Colisão traseira";"Com Vítimas Feridas";"Pleno dia";"Crescente";"Céu Claro";"Simples";"Reta";"Não";5;0;3;0;1;1;3;3;-12,13921045;-44,93735921;"SPRF-BA";"DEL10-BA";"UOP01-DEL10-BA"
343896;2021-03-02;"terça-feira";"18:00:00";"SP";381;82;"SAO PAULO";"Reação tardia ou ineficiente do condutor";"Colisão traseira";"Com Vítimas Feridas";"Anoitecer";"Decrescente";"Céu Claro";"Dupla";"Reta";"Sim";2;0;2;0;0;0;2;2;-23,42399;-46,575112;"SPRF-SP";"DEL03-SP";"UOP01-DEL03-SP"
343898;2021-03-02;"terça-feira";"15:45:00";"MA";316;488,6;"CODO";"Ingestão de álcool pelo condutor";"Colisão transversal";"Com Vítimas Fatais";"Pleno dia";"Crescente";"Céu Claro";"Simples";"Reta";"Não";3;1;0;0;1;1;0;3;-4,65186;-43,852135;"SPRF-MA";"DEL03-MA";"UOP02-DEL03-MA"
343899;2021-03-02;"terça-feira";"18:45:00";"PE";232;161,9;"TACAIMBO";"Transitar na contramão";"Colisão transversal";"Com Vítimas Fatais";"Plena Noite";"Decrescente";"Céu Claro";"Simples";"Reta";"Não";4;1;0;1;0;2;1;3;-8,33605;-36,267948;"SPRF-PE";"DEL02-PE";"UOP03-DEL02-PE"
343901;2021-03-02;"terça-feira";"15:30:00";"TO";153;387;"RIO DOS BOIS";"Condutor deixou de manter distância do veículo da frente";"Engavetamento";"Com Vítimas Feridas";"Pleno dia";"Crescente";"Nublado";"Simples";"Reta";"Não";8;0;1;0;6;7;1;11;-9,30444;-48,549826;"SPRF-TO";"DEL02-TO";"UOP01-DEL02-TO"
343906;2021-03-02;"terça-feira";"19:05:00";"SC";470;80;"RODEIO";"Condutor deixou de manter distância do veículo da frente";"Colisão traseira";"Com Vítimas Feridas";"Plena Noite";"Crescente";"Nublado";"Simples";"Reta";"Não";2;0;0;1;1;0;1;2;-26,94883263;-49,31579232;"SPRF-SC";"DEL04-SC";"UOP01-DEL04-SC"
343911;2021-03-02;"terça-feira";"18:58:00";"RO";364;321;"PRESIDENTE MEDICI";"Transitar na contramão";"Colisão lateral sentido oposto";"Com Vítimas Feridas";"Plena Noite";"Decrescente";"Nublado";"Simples";"Curva";"Não";4;0;1;0;1;6;1;8;-11,06132884;-61,92740568;"SPRF-RO";"DEL02-RO";"UOP01-DEL02-RO"
343912;2021-03-02;"terça-feira";"15:55:00";"SC";282;503,7;"XANXERE";"Velocidade Incompatível";"Tombamento";"Com Vítimas Feridas";"Pleno dia";"Decrescente";"Céu Claro";"Dupla";"Curva;Aclive";"Sim";2;0;1;0;0;1;1;2;-26,88492;-52,399788;"SPRF-SC";"DEL07-SC";"UOP01-DEL07-SC"