"id";"data_inversa";"dia_semana";"horario";"uf";"br";"km";"municipio";"causa_acidente";"tipo_acidente";"classificacao_acidente";"fase_dia";"sentido_via";"condicao_metereologica";"tipo_pista";"tracado_via";"uso_solo";"pessoas";"mortos";"feridos_leves";"feridos_graves";"ilesos";"ignorados";"feridos";"veiculos";"latitude";"longitude";"regional";"delegacia";"uop"
348486;2021-03-27;"sábado";"15:20:00";"PR";153;45,8;"SANTO ANTONIO DA PLATINA";"Demais Fenômenos da natureza";"Colisão frontal";"Com Vítimas Feridas";"Pleno dia";"Crescente";"Chuva";"Simples";"Curva";"Não";3;0;1;0;1;1;1;3;-23,31948992;-50,06836564;"SPRF-PR";"DEL07-PR";"UOP04-DEL07-PR"
348488;2021-03-27;"sábado";"15:50:00";"BA";101;718;"EUNAPOLIS";"Condutor deixou de manter distância do veículo da frente";"Colisão traseira";"Sem Vítimas";"Pleno dia";"Decrescente";"Céu Claro";"Simples";"Reta";"Sim";2;0;0;0;2;0;0;2;-16,36494484;-39,58030701;"SPRF-BA";"DEL09-BA";"UOP01-DEL09-BA"
348492;2021-03-27;"sábado";"17:00:00";"MT";70;510,9;"CUIABA";"Manobra de mudança de faixa";"Colisão frontal";"Com Vítimas Fatais";"Pleno dia";"Crescente";"Céu Claro";"Dupla";"Reta";"Não";3;1;0;0;1;2;0;4;-15,69873903;-56,11198425;"SPRF-MT";"DEL01-MT";"UOP02-DEL01-MT"
348499;2021-03-27;"sábado";"18:50:00";"PR";376;494;"PONTA GROSSA";"Reação tardia ou ineficiente do condutor";"Colisão traseira";"Com Vítimas Feridas";"Anoitecer";"Crescente";"Chuva";"Dupla";"Aclive";"Sim";2;0;1;0;1;0;1;2;-25,16566955;-50,11640967;"SPRF-PR";"DEL03-PR";"UOP01-DEL03-PR"
348501;2021-03-27;"sábado";"19:00:00";"PE";423;114,6;"PARANATAMA";"Condutor deixou de manter distância do veículo da frente";"Colisão traseira";"Com Vítimas Feridas";"Plena Noite";"Crescente";"Chuva";"Simples";"Reta";"Não";3;0;0;1;1;1;1;3;-8,8998297;-36,64277108;"SPRF-PE";"DEL03-PE";"UOP01-DEL03-PE"
348510;2021-02-19;"sexta-feira";"15:10:00";"MT";364;212,4;"RONDONOPOLIS";"Manobra de mudança de faixa";"Colisão lateral";"Com Vítimas Feridas";"Pleno dia";"Decrescente";"Céu Claro";"Simples";"Reta;Aclive";"Não";5;0;3;0;1;4;3;6;-16,40959507;-54,71342208;"SPRF-MT";"DEL02-MT";"UOP01-DEL02-MT"
348519;2021-03-27;"sábado";"16:15:00";"SC";101;257,5;"PAULO LOPES";"Manobra de mudança de faixa";"Colisão com objeto";"Com Vítimas Feridas";"Pleno dia";"Crescente";"Céu Claro";"Dupla";"Túnel";"Não";3;0;1;0;1;1;1;2;-27,99701205;-48,68755194;"SPRF-SC";"DEL02-SC";"UOP03-DEL02-SC"
348520;2021-03-27;"sábado";"14:35:00";"TO";153;733,5;"FIGUEIROPOLIS";"Afundamento ou ondulação no pavimento";"Saída de leito carroçável";"Com Vítimas Feridas";"Pleno dia";"Crescente";"Céu Claro";"Simples";"Reta";"Não";1;0;1;0;0;0;1;1;-12,23506398;-49,15809246;"SPRF-TO";"DEL01-TO";"UOP02-DEL01-TO"
348521;2021-03-27;"sábado";"18:50:00";"RO";364;693,5;"CANDEIAS DO JAMARI";"Demais falhas na via";"Colisão traseira";"Sem Vítimas";"Plena Noite";"Crescente";"Chuva";"Dupla";"Ponte";"Não";3;0;0;0;2;1;0;3;-8,798112;-63,708916;"SPRF-RO";"DEL01-RO";"UOP01-DEL01-RO"
348526;2021-03-27;"sábado";"20:25:00";"SC";101;310;"LAGUNA";"Ingestão de álcool pelo condutor";"Colisão traseira";"Com Vítimas Feridas";"Plena Noite";"Crescente";"Céu Claro";"Múltipla";"Reta";"Sim";3;0;1;0;1;1;1;3;-28,41679416;-48,79529064;"SPRF-SC";"DEL02-SC";"UOP01-DEL02-SC"
348539;2021-03-27;"sábado";"21:35:00";"RS";116;403,2;"CAMAQUA";"Reação tardia ou ineficiente do condutor";"Colisão lateral mesmo sentido";"Sem Vítimas";"Plena Noite";"Decrescente";"Garoa/Chuvisco";"Simples";"Reta";"Não";3;0;0;0;2;1;0;3;-30,88592936;-51,83355581;"SPRF-RS";"DEL02-RS";"UOP02-DEL02-RS"
348542;2021-03-27;"sábado";"21:00:00";"MG";40;34,5;"PARACATU";"Ausência de reação do condutor";"Tombamento";"Com Vítimas Feridas";"Plena Noite";"Crescente";"Céu Claro";"Simples";"Curva";"Não";3;0;0;1;0;2;1;3;-17,2454521;-46,8156074;"SPRF-MG";"DEL14-MG";"UOP01-DEL14-MG"
348544;2021-03-27;"sábado";"21:30:00";"MA";10;250,6;"IMPERATRIZ";"Condutor deixou de manter distância do veículo da frente";"Colisão traseira";"Com Vítimas Feridas";"Plena Noite";"Decrescente";"Nublado";"Simples";"Reta";"Sim";4;0;2;0;1;1;2;3;-5,543129;-47,464615;"SPRF-MA";"DEL04-MA";"UOP01-DEL04-MA"
348551;2021-03-27;"sábado";"21:45:00";"MG";365;626;"UBERLANDIA";"Velocidade Incompatível";"Tombamento";"Sem Vítimas";"Plena Noite";"Crescente";"Céu Claro";"Dupla";"Retorno Regulamentado";"Sim";2;0;0;0;1;12;0;13;-18,90529179;-48,33817005;"SPRF-MG";"DEL15-MG";"UOP01-DEL15-MG"
348554;2021-02-13;"sábado";"03:50:00";"GO";20;251,5;"GUARANI DE GOIAS";"Ausência de sinalização";"Colisão traseira";"Com Vítimas Feridas";"Plena Noite";"Crescente";"Garoa/Chuvisco";"Simples";"Aclive;Curva";"Não";49;0;1;0;47;1;1;3;-13,976036;-46,192558;"SPRF-DF";"DEL02-DF";"UOP03-DEL02-DF"
348565;2021-03-28;"domingo";"00:50:00";"AL";424;91;"SATUBA";"Condutor Dormindo";"Saída de leito carroçável";"Com Vítimas Feridas";"Plena Noite";"Decrescente";"Garoa/Chuvisco";"Simples";"Rotatória";"Não";1;0;1;0;0;0;1;1;-9,58902298;-35,888804;"SPRF-AL";"DEL02-AL";"UOP01-DEL02-AL"
348566;2021-03-28;"domingo";"00:05:00";"SC";101;281,4;"IMBITUBA";"Entrada inopinada do pedestre";"Atropelamento de Pedestre";"Com Vítimas Fatais";"Plena Noite";"Crescente";"Céu Claro";"Dupla";"Reta";"Não";3;1;0;0;1;1;0;3;-28,18793595;-48,69652041;"SPRF-SC";"DEL02-SC";"UOP03-DEL02-SC"
348567;2021-03-28;"domingo";"01:00:00";"RS";158;271;"JULIO DE CASTILHOS";"Ingestão de álcool pelo condutor";"Colisão traseira";"Sem Vítimas";"Plena Noite";"Decrescente";"Nublado";"Simples";"Reta";"Não";4;0;0;0;3;2;0;4;-29,30080885;-53,67299919;"SPRF-RS";"DEL09-RS";"UOP01-DEL09-RS"
348575;2021-03-27;"sábado";"20:00:00";"MG";365;604;"UBERLANDIA";"Demais falhas mecânicas ou elétricas";"Incêndio";"Sem Vítimas";"Plena Noite";"Crescente";"Céu Claro";"Simples";"Reta";"Não";2;0;0;0;1;1;0;2;-18,90390519;-48,16353682;"SPRF-MG";"DEL15-MG";"UOP01-DEL15-MG"
348582;2021-03-27;"sábado";"21:30:00";"SC";282;47,2;"AGUAS MORNAS";"Reação tardia ou ineficiente do condutor";"Colisão traseira";"Com Vítimas Feridas";"Plena Noite";"Crescente";"Nublado";"Simples";"Reta";"Não";2;0;1;0;1;0;1;2;-27,721771;-48,934837;"SPRF-SC";"DEL01-SC";"UOP03-DEL01-SC"
348586;2021-03-27;"sábado";"22:50:00";"RS";285;567,3;"SAO LUIZ GONZAGA";"Reação tardia ou ineficiente do condutor";"Saída de leito carroçável";"Com Vítimas Feridas";"Plena Noite";"Crescente";"Garoa/Chuvisco";"Simples";"Curva";"Sim";3;0;1;0;1;1;1;2;-28,417452;-54,966869;"SPRF-RS";"DEL12-RS";"UOP01-DEL12-RS"
348592;2021-03-28;"domingo";"05:50:00";"MS";158;132;"APARECIDA DO TABOADO";"Ultrapassagem Indevida";"Colisão lateral sentido oposto";"Sem Vítimas";"Pleno dia";"Crescente";"Céu Claro";"Simples";"Reta";"Não";4;0;0;0;3;7;0;10;-19,96357311;-51,10871267;"SPRF-MS";"DEL08-MS";"UOP01-DEL08-MS"
348597;2021-03-28;"domingo";"08:48:00";"PR";369;507;"CASCAVEL";"Velocidade Incompatível";"Colisão traseira";"Com Vítimas Feridas";"Pleno dia";"Crescente";"Sol";"Simples";"Em Obras;Reta";"Não";5;0;1;3;1;0;4;2;-24,8386;-53,3091;"SPRF-PR";"DEL09-PR";"UOP03-DEL09-PR"
348601;2021-03-28;"domingo";"08:20:00";"MG";459;95,5;"POUSO ALEGRE";"Velocidade Incompatível";"Tombamento";"Com Vítimas Feridas";"Pleno dia";"Crescente";"Céu Claro";"Simples";"Curva";"Não";2;0;1;0;0;2;1;3;-22,20159604;-45,96419513;"SPRF-MG";"DEL09-MG";"UOP01-DEL09-MG"
348602;2021-03-28;"domingo";"10:05:00";"GO";50;226;"CAMPO ALEGRE DE GOIAS";"Condutor Dormindo";"Colisão com objeto";"Com Vítimas Fatais";"Pleno dia";"Crescente";"Céu Claro";"Dupla";"Reta";"Não";17;4;6;2;4;3;8;8;-17,77192686;-47,74997419;"SPRF-GO";"DEL06-GO";"UOP01-DEL06-GO"
348611;2021-03-28;"domingo";"08:32:00";"MG";381;782;"CAMPANHA";"Velocidade Incompatível";"Tombamento";"Com Vítimas Feridas";"Pleno dia";"Decrescente";"Sol";"Dupla";"Reta";"Não";2;0;1;0;0;1;1;2;-21,85981403;-45,52590597;"SPRF-MG";"DEL16-MG";"UOP02-DEL16-MG"
348613;2021-03-28;"domingo";"11:45:00";"SP";116;506;"CAJATI";"Problema com o freio";"Incêndio";"Sem Vítimas";"Pleno dia";"Decrescente";"Céu Claro";"Simples";"Declive;Reta";"Não";2;0;0;0;1;1;0;2;-24,809746;-48,211926;"SPRF-SP";"DEL05-SP";"UOP02-DEL05-SP"
348618;2021-03-28;"domingo";"09:00:00";"MT";364;353;"SANTO ANTONIO DO LEVERGER";"Problema com o freio";"Incêndio";"Sem Vítimas";"Pleno dia";"Crescente";"Céu Claro";"Dupla";"Reta";"Não";2;0;0;0;1;1;0;2;-15,7996367;-55,58299395;"SPRF-MT";"DEL05-MT";"UOP02-DEL05-MT"
348619;2021-03-28;"domingo";"12:37:00";"SP";116;507,2;"CAJATI";"Reação tardia ou ineficiente do condutor";"Colisão lateral mesmo sentido";"Com Vítimas Feridas";"Pleno dia";"Decrescente";"Céu Claro";"Simples";"Reta";"Não";4;0;1;0;2;3;1;6;-24,8172281;-48,21032524;"SPRF-SP";"DEL05-SP";"UOP02-DEL05-SP"
348626;2021-03-28;"domingo";"13:45:00";"GO";40;3,4;"VALPARAISO DE GOIAS";"Manobra de mudança de faixa";"Colisão lateral mesmo sentido";"Com Vítimas Feridas";"Pleno dia";"Crescente";"Céu Claro";"Dupla";"Reta";"Sim";4;0;1;0;2;1;1;3;-16,076081;-47,985671;"SPRF-DF";"DEL01-DF";"UOP01-DEL01-DF"
348633;2021-03-28;"domingo";"09:30:00";"PR";153;108;"IBAITI";"Pedestre andava na pista";"Atropelamento de Pedestre";"Com Vítimas Feridas";"Pleno dia";"Decrescente";"Céu Claro";"Simples";"Reta";"Sim";3;0;0;1;1;2;1;4;-23,838009;-50,19312;"SPRF-PR";"DEL07-PR";"UOP04-DEL07-PR"
348643;2021-03-28;"domingo";"15:30:00";"SP";116;354,7;"MIRACATU";"Demais falhas mecânicas ou elétricas";"Incêndio";"Sem Vítimas";"Pleno dia";"Decrescente";"Céu Claro";"Dupla";"Curva";"Não";3;0;0;0;2;1;0;2;-24,07491092;-47,24973213;"SPRF-SP";"DEL04-SP";"UOP02-DEL04-SP"
348649;2021-03-28;"domingo";"17:00:00";"PR";376;187,7;"MARIALVA";"Desrespeitar a preferência no cruzamento";"Colisão transversal";"Sem Vítimas";"Pleno dia";"Crescente";"Céu Claro";"Dupla";"Retorno Regulamentado";"Sim";2;0;0;0;2;0;0;2;-23,46141044;-51,83659926;"SPRF-PR";"DEL09-PR";"UOP01-DEL09-PR"
348658;2021-03-28;"domingo";"17:13:00";"MG";50;147,2;"UBERABA";"Pista Escorregadia";"Saída de leito carroçável";"Com Vítimas Feridas";"Pleno dia";"Crescente";"Chuva";"Dupla";"Reta";"Não";2;0;1;0;0;1;1;2;-19,53778804;-48,03695932;"SPRF-MG";"DEL13-MG";"UOP01-DEL13-MG"
348677;2021-03-28;"domingo";"10:15:00";"BA";110;105;"ANTAS";"Condutor Dormindo";"Colisão traseira";"Com Vítimas Feridas";"Pleno dia";"Crescente";"Sol";"Simples";"Reta";"Não";3;0;0;1;1;2;1;4;-10,33996991;-38,32193412;"SPRF-BA";"DEL07-BA";"UOP01-DEL07-BA"
348695;2021-03-28;"domingo";"20:00:00";"SP";153;146,5;"PROMISSAO";"Transitar na contramão";"Colisão frontal";"Com Vítimas Fatais";"Plena Noite";"Decrescente";"Céu Claro";"Simples";"Reta";"Não";3;1;0;0;1;1;0;3;-21,38147297;-49,7908097;"SPRF-SP";"DEL07-SP";"UOP01-DEL07-SP"
348696;2021-03-28;"domingo";"19:30:00";"MG";381;524,5;"BRUMADINHO";"Manobra de mudança de faixa";"Colisão traseira";"Sem Vítimas";"Plena Noite";"Decrescente";"Chuva";"Dupla";"Curva";"Não";2;0;0;0;1;1;0;2;-20,160736;-44,329843;"SPRF-MG";"DEL04-MG";"UOP03-DEL04-MG"
348698;2021-03-28;"domingo";"18:40:00";"MT";364;209;"RONDONOPOLIS";"Ingestão de álcool pelo condutor";"Tombamento";"Sem Vítimas";"Plena Noite";"Decrescente";"Céu Claro";"Dupla";"Retorno Regulamentado";"Não";4;0;0;0;3;3;0;4;-16,42894942;-54,6933816;"SPRF-MT";"DEL02-MT";"UOP01-DEL02-MT"
348699;2021-03-28;"domingo";"20:30:00";"DF";20;13;"BRASILIA";"Deficiência do Sistema de Iluminação/Sinalização";"Colisão traseira";"Com Vítimas Feridas";"Plena Noite";"Decrescente";"Céu Claro";"Dupla";"Reta";"Sim";3;0;1;0;2;0;1;2;-15,638752;-47,749599;"SPRF-DF";"DEL02-DF";"UOP01-DEL02-DF"
348701;2021-03-28;"domingo";"19:20:00";"RJ";40;61;"PETROPOLIS";"Condutor deixou de manter distância do veículo da frente";"Colisão traseira";"Com Vítimas Feridas";"Plena Noite";"Crescente";"Céu Claro";"Dupla";"Reta";"Não";3;0;1;0;1;1;1;3;-22,40503311;-43,14331239;"SPRF-RJ";"DEL05-RJ";"UOP02-DEL05-RJ"
348702;2021-03-28;"domingo";"21:20:00";"CE";116;508,7;"BREJO SANTO";"Conversão proibida";"Colisão transversal";"Com Vítimas Feridas";"Plena Noite";"Crescente";"Nublado";"Simples";"Reta";"Não";3;0;1;0;1;2;1;4;-7,50507293;-38,98668016;"SPRF-CE";"DEL05-CE";"UOP03-DEL05-CE"
348706;2021-03-28;"domingo";"15:55:00";"PA";230;1122;"ITAITUBA";"Problema com o freio";"Colisão traseira";"Com Vítimas Feridas";"Pleno dia";"Crescente";"Céu Claro";"Simples";"Declive";"Não";4;0;1;0;2;6;1;8;-4,37716926;-55,85492088;"SPRF-PA";"DEL05-PA";"UOP01-DEL05-PA"
348707;2021-03-27;"sábado";"18:00:00";"PI";407;497;"PATOS DO PIAUI";"Demais falhas mecânicas ou elétricas";"Tombamento";"Sem Vítimas";"Pleno dia";"Crescente";"Céu Claro";"Simples";"Reta;Aclive";"Não";2;0;0;0;1;2;0;3;-7,55821201;-41,29922493;"SPRF-PI";"DEL04-PI";"UOP01-DEL04-PI"
348728;2021-03-28;"domingo";"19:40:00";"SP";116;359,2;"MIRACATU";"Reação tardia ou ineficiente do condutor";"Tombamento";"Sem Vítimas";"Plena Noite";"Crescente";"Céu Claro";"Dupla";"Aclive";"Não";2;0;0;0;1;1;0;2;-24,10862227;-47,26589989;"SPRF-SP";"DEL04-SP";"UOP02-DEL04-SP"
348729;2021-03-28;"domingo";"18:30:00";"MG";116;185,2;"CARAI";"Pista esburacada";"Colisão frontal";"Sem Vítimas";"Plena Noite";"Crescente";"Céu Claro";"Simples";"Reta";"Não";5;0;0;0;1;4;0;4;-17,12277189;-41,49868011;"SPRF-MG";"DEL11-MG";"UOP01-DEL11-MG"
348734;2021-03-28;"domingo";"18:15:00";"MT";163;690;"LUCAS DO RIO VERDE";"Ausência de reação do condutor";"Colisão lateral sentido oposto";"Com Vítimas Feridas";"Anoitecer";"Crescente";"Nublado";"Simples";"Interseção de Vias";"Sim";3;0;0;1;2;0;1;3;-13,055927;-55,913322;"SPRF-MT";"DEL06-MT";"UOP01-DEL06-MT"
348740;2021-03-29;"segunda-feira";"01:50:00";"GO";50;294,8;"CATALAO";"Acostamento em desnível";"Saída de leito carroçável";"Com Vítimas Feridas";"Plena Noite";"Decrescente";"Céu Claro";"Dupla";"Reta";"Não";2;0;1;0;1;0;1;1;-18,2814;-48,0048;"SPRF-GO";"DEL06-GO";"UOP01-DEL06-GO"
348741;2021-03-29;"segunda-feira";"01:30:00";"GO";60;107;"GOIANAPOLIS";"Condutor deixou de manter distância do veículo da frente";"Colisão traseira";"Sem Vítimas";"Plena Noite";"Crescente";"Céu Claro";"Múltipla";"Reta";"Não";2;0;0;0;1;1;0;2;-16,431;-49,018;"SPRF-GO";"DEL02-GO";"UOP01-DEL02-GO"
348745;2021-03-28;"domingo";"20:00:00";"MA";10;298,9;"CIDELANDIA";"Condutor Dormindo";"Colisão lateral sentido oposto";"Com Vítimas Feridas";"Plena Noite";"Decrescente";"Céu Claro";"Simples";"Aclive";"Não";3;0;0;1;1;3;1;5;-5,131289;-47,5453;"SPRF-MA";"DEL04-MA";"UOP03-DEL04-MA"
348746;2021-03-29;"segunda-feira";"03:10:00";"SP";381;55;"MAIRIPORA";"Condutor Dormindo";"Colisão traseira";"Com Vítimas Feridas";"Plena Noite";"Crescente";"Céu Claro";"Múltipla";"Reta";"Não";3;0;1;1;0;1;2;2;-23,25207404;-46,59480386;"SPRF-SP";"DEL03-SP";"UOP01-DEL03-SP"
348747;2021-03-29;"segunda-feira";"03:40:00";"SP";381;61;"MAIRIPORA";"Demais falhas mecânicas ou elétricas";"Tombamento";"Com Vítimas Feridas";"Plena Noite";"Crescente";"Céu Claro";"Dupla";"Curva";"Não";2;0;1;0;0;1;1;2;-23,29102217;-46,58460617;"SPRF-SP";"DEL03-SP";"UOP01-DEL03-SP"
348751;2021-03-29;"segunda-feira";"01:30:00";"RS";285;579;"SAO LUIZ GONZAGA";"Reação tardia ou ineficiente do condutor";"Colisão frontal";"Com Vítimas Feridas";"Plena Noite";"Crescente";"Céu Claro";"Simples";"Reta";"Não";3;0;1;0;1;1;1;3;-28,430254;-55,085625;"SPRF-RS";"DEL12-RS";"UOP01-DEL12-RS"
348752;2021-03-29;"segunda-feira";"05:30:00";"ES";101;142,6;"LINHARES";"Ausência de reação do condutor";"Colisão traseira";"Com Vítimas Feridas";"Amanhecer";"Crescente";"Céu Claro";"Simples";"Reta";"Sim";3;0;1;0;1;5;1;7;-19,33458987;-40,06755477;"SPRF-ES";"DEL04-ES";"UOP01-DEL04-ES"
348754;2021-03-28;"domingo";"07:30:00";"MG";251;285,5;"SALINAS";"Demais falhas mecânicas ou elétricas";"Incêndio";"Sem Vítimas";"Pleno dia";"Decrescente";"Sol";"Simples";"Aclive";"Não";2;0;0;0;1;1;0;2;-16,05077005;-42,15080096;"SPRF-MG";"DEL11-MG";"UOP02-DEL11-MG"
348756;2021-03-29;"segunda-feira";"06:30:00";"RJ";116;41;"TERESOPOLIS";"Condutor Dormindo";"Colisão frontal";"Com Vítimas Feridas";"Pleno dia";"Crescente";"Céu Claro";"Simples";"Curva";"Não";3;0;0;2;1;0;2;2;-22,13943547;-42,78660142;"SPRF-RJ";"DEL04-RJ";"UOP01-DEL04-RJ"
348762;2021-01-11;"segunda-feira";"11:00:00";"PB";101;104,9;"ALHANDRA";"Manobra de mudança de faixa";"Colisão traseira";"Com Vítimas Feridas";"Pleno dia";"Crescente";"Céu Claro";"Dupla";"Declive";"Não";4;0;0;1;1;2;1;4;-7,30029088;-34,93888622;"SPRF-PB";"DEL01-PB";"UOP02-DEL01-PB"
348766;2021-03-29;"segunda-feira";"07:15:00";"MG";40;646,5;"CRISTIANO OTONI";"Manobra de mudança de faixa";"Colisão lateral mesmo sentido";"Com Vítimas Feridas";"Pleno dia";"Decrescente";"Nublado";"Simples";"Declive;Reta";"Não";3;0;0;2;1;0;2;2;-20,80038633;-43,80918687;"SPRF-MG";"DEL05-MG";"UOP02-DEL05-MG"
348767;2021-03-29;"segunda-feira";"04:35:00";"PE";232;292,8;"SERTANIA";"Animais na Pista";"Saída de leito carroçável";"Com Vítimas Feridas";"Plena Noite";"Crescente";"Nublado";"Simples";"Reta";"Não";2;0;1;0;1;0;1;1;-8,2909552;-37,37963148;"SPRF-PE";"DEL03-PE";"UOP02-DEL03-PE"
348770;2021-03-29;"segunda-feira";"06:15:00";"PI";407;471;"JAICOS";"Acesso irregular";"Colisão com objeto";"Sem Vítimas";"Pleno dia";"Decrescente";"Céu Claro";"Simples";"Reta";"Não";2;0;0;0;1;2;0;3;-7,37924175;-41,15580328;"SPRF-PI";"DEL04-PI";"UOP01-DEL04-PI"
348772;2021-03-29;"segunda-feira";"06:30:00";"ES";262;32;"DOMINGOS MARTINS";"Curva acentuada";"Colisão com objeto";"Com Vítimas Feridas";"Pleno dia";"Decrescente";"Céu Claro";"Simples";"Curva";"Não";1;0;1;0;0;0;1;1;-20,37885575;-40,577728;"SPRF-ES";"DEL01-ES";"UOP01-DEL01-ES"
348779;2021-03-27;"sábado";"17:30:00";"PR";277;182,7;"PALMEIRA";"Demais falhas mecânicas ou elétricas";"Saída de leito carroçável";"Sem Vítimas";"Pleno dia";"Crescente";"Nublado";"Simples";"Aclive";"Não";2;0;0;0;1;1;0;2;-25,427643;-50,120068;"SPRF-PR";"DEL03-PR";"UOP03-DEL03-PR"
348781;2021-03-29;"segunda-feira";"06:40:00";"RS";285;327,8;"CARAZINHO";"Ultrapassagem Indevida";"Colisão lateral mesmo sentido";"Com Vítimas Feridas";"Pleno dia";"Decrescente";"Nublado";"Simples";"Reta";"Não";2;0;1;0;0;1;1;2;-28,275431;-52,687809;"SPRF-RS";"DEL08-RS";"UOP03-DEL08-RS"
348785;2021-03-05;"sexta-feira";"21:45:00";"SP";116;311,5;"SAO LOURENCO DA SERRA";"Chuva";"Colisão com objeto";"Sem Vítimas";"Plena Noite";"Crescente";"Chuva";"Dupla";"Reta;Declive";"Não";2;0;0;0;1;1;0;2;-23,86945227;-46,95742086;"SPRF-SP";"DEL04-SP";"UOP01-DEL04-SP"
348786;2021-03-29;"segunda-feira";"06:50:00";"MT";70;2,5;"BARRA DO GARCAS";"Acessar a via sem observar a presença dos outros veículos";"Colisão transversal";"Com Vítimas Feridas";"Pleno dia";"Decrescente";"Sol";"Dupla";"Reta";"Sim";2;0;1;0;1;0;1;2;-15,88749699;-52,26810568;"SPRF-MT";"DEL07-MT";"UOP01-DEL07-MT"
348790;2021-03-29;"segunda-feira";"09:30:00";"MS";163;666;"RIO VERDE DE MATO GROSSO";"Reação tardia ou ineficiente do condutor";"Saída de leito carroçável";"Com Vítimas Fatais";"Pleno dia";"Crescente";"Céu Claro";"Simples";"Reta";"Não";2;1;0;0;0;1;0;2;-19,03721216;-54,81492623;"SPRF-MS";"DEL06-MS";"UOP02-DEL06-MS"
348793;2021-03-29;"segunda-feira";"10:20:00";"SC";470;122,7;"IBIRAMA";"Condutor deixou de manter distância do veículo da frente";"Colisão traseira";"Com Vítimas Feridas";"Pleno dia";"Crescente";"Nublado";"Simples";"Curva";"Não";3;0;1;0;2;0;1;2;-27,099888;-49,527679;"SPRF-SC";"DEL04-SC";"UOP02-DEL04-SC"
348797;2021-03-29;"segunda-feira";"07:20:00";"PR";277;398;"CANDOI";"Carga excessiva e/ou mal acondicionada";"Tombamento";"Com Vítimas Feridas";"Pleno dia";"Crescente";"Nublado";"Simples";"Curva";"Não";3;0;1;0;1;1;1;2;-25,45898794;-51,95807934;"SPRF-PR";"DEL08-PR";"UOP01-DEL08-PR"
348799;2021-03-29;"segunda-feira";"10:50:00";"RS";386;223,2;"SOLEDADE";"Velocidade Incompatível";"Tombamento";"Com Vítimas Feridas";"Pleno dia";"Decrescente";"Sol";"Simples";"Curva";"Não";2;0;1;0;0;1;1;2;-28,644985;-52,614906;"SPRF-RS";"DEL04-RS";"UOP03-DEL04-RS"
348806;2021-03-29;"segunda-feira";"11:45:00";"RJ";116;93;"GUAPIMIRIM";"Problema com o freio";"Colisão com objeto";"Com Vítimas Feridas";"Pleno dia";"Crescente";"Céu Claro";"Simples";"Curva";"Não";2;0;1;0;1;0;1;1;-22,46416302;-42,99215699;"SPRF-RJ";"DEL04-RJ";"UOP02-DEL04-RJ"
348807;2021-03-29;"segunda-feira";"08:45:00";"MG";251;208,8;"CACHOEIRA DE PAJEU";"Velocidade Incompatível";"Colisão traseira";"Com Vítimas Feridas";"Pleno dia";"Decrescente";"Sol";"Simples";"Aclive;Reta";"Não";4;0;1;1;0;2;2;3;-15,881867;-41,524789;"SPRF-MG";"DEL11-MG";"UOP02-DEL11-MG"
348816;2021-03-29;"segunda-feira";"11:00:00";"SC";153;58,7;"IRANI";"Desrespeitar a preferência no cruzamento";"Colisão transversal";"Com Vítimas Feridas";"Pleno dia";"Decrescente";"Chuva";"Simples";"Rotatória;Interseção de Vias";"Não";3;0;1;0;1;2;1;4;-26,96767176;-51,85375214;"SPRF-SC";"DEL07-SC";"UOP04-DEL07-SC"
348818;2021-03-29;"segunda-feira";"13:30:00";"SC";101;203,1;"SAO JOSE";"Reação tardia ou ineficiente do condutor";"Colisão com objeto";"Sem Vítimas";"Pleno dia";"Decrescente";"Chuva";"Dupla";"Reta";"Não";3;0;0;0;2;2;0;4;-27,5650044;-48,61460082;"SPRF-SC";"DEL01-SC";"UOP01-DEL01-SC"
348828;2021-03-29;"segunda-feira";"12:00:00";"GO";153;228;"HIDROLINA";"Demais falhas mecânicas ou elétricas";"Incêndio";"Sem Vítimas";"Pleno dia";"Crescente";"Céu Claro";"Simples";"Reta";"Não";2;0;0;0;1;1;0;2;-14,747632;-49,25132;"SPRF-GO";"DEL07-GO";"UOP02-DEL07-GO"
348830;2021-03-29;"segunda-feira";"15:50:00";"MG";381;453;"SABARA";"Conversão proibida";"Colisão transversal";"Com Vítimas Feridas";"Pleno dia";"Crescente";"Nublado";"Simples";"Reta";"Sim";2;0;1;0;1;0;1;2;-19,85197588;-43,88851019;"SPRF-MG";"DEL01-MG";"UOP01-DEL01-MG"
348835;2021-03-29;"segunda-feira";"15:30:00";"MG";365;598,3;"UBERLANDIA";"Velocidade Incompatível";"Saída de leito carroçável";"Com Vítimas Feridas";"Pleno dia";"Decrescente";"Céu Claro";"Simples";"Reta";"Não";7;0;1;0;0;6;1;2;-18,87733615;-48,09230804;"SPRF-MG";"DEL15-MG";"UOP01-DEL15-MG"
348838;2021-03-29;"segunda-feira";"15:45:00";"MG";381;334;"NOVA ERA";"Reação tardia ou ineficiente do condutor";"Saída de leito carroçável";"Sem Vítimas";"Pleno dia";"Decrescente";"Chuva";"Simples";"Curva";"Não";1;0;0;0;1;0;0;1;-19,81025584;-43,06303471;"SPRF-MG";"DEL03-MG";"UOP01-DEL03-MG"
348839;2021-03-29;"segunda-feira";"15:00:00";"MG";381;319;"NOVA ERA";"Velocidade Incompatível";"Colisão frontal";"Com Vítimas Feridas";"Pleno dia";"Crescente";"Garoa/Chuvisco";"Simples";"Curva;Declive";"Não";3;0;0;1;1;1;1;3;-19,721905;-43,00713;"SPRF-MG";"DEL03-MG";"UOP02-DEL03-MG"