"id";"data_inversa";"dia_semana";"horario";"uf";"br";"km";"municipio";"causa_acidente";"tipo_acidente";"classificacao_acidente";"fase_dia";"sentido_via";"condicao_metereologica";"tipo_pista";"tracado_via";"uso_solo";"pessoas";"mortos";"feridos_leves";"feridos_graves";"ilesos";"ignorados";"feridos";"veiculos";"latitude";"longitude";"regional";"delegacia";"uop"
348840;2021-03-29;"segunda-feira";"16:15:00";"MG";40;593,1;"OURO PRETO";"Chuva";"Saída de leito carroçável";"Com Vítimas Feridas";"Pleno dia";"Decrescente";"Chuva";"Dupla";"Declive;Curva";"Não";1;0;1;0;0;0;1;1;-20,394899;-43,905109;"SPRF-MG";"DEL05-MG";"UOP02-DEL05-MG"
348842;2021-03-29;"segunda-feira";"16:45:00";"RS";285;291,7;"PASSO FUNDO";"Reação tardia ou ineficiente do condutor";"Colisão lateral mesmo sentido";"Com Vítimas Feridas";"Pleno dia";"Decrescente";"Sol";"Dupla";"Reta";"Sim";3;0;1;0;0;2;1;3;-28,23922039;-52,36058235;"SPRF-RS";"DEL08-RS";"UOP03-DEL08-RS"
348844;2021-03-29;"segunda-feira";"16:55:00";"RN";110;43,1;"MOSSORO";"Ingestão de álcool pelo condutor";"Saída de leito carroçável";"Sem Vítimas";"Pleno dia";"Crescente";"Nublado";"Simples";"Reta";"Sim";1;0;0;0;1;0;0;1;-5,18223639;-37,29640087;"SPRF-RN";"DEL04-RN";"UOP01-DEL04-RN"
348847;2021-03-29;"segunda-feira";"13:20:00";"BA";101;626,7;"MASCOTE";"Ultrapassagem Indevida";"Colisão frontal";"Com Vítimas Feridas";"Pleno dia";"Crescente";"Sol";"Simples";"Curva";"Não";2;0;1;0;1;0;1;2;-15,858785;-39,520394;"SPRF-BA";"DEL05-BA";"UOP02-DEL05-BA"
348854;2021-03-29;"segunda-feira";"17:05:00";"MT";364;350;"SANTO ANTONIO DO LEVERGER";"Velocidade Incompatível";"Tombamento";"Com Vítimas Fatais";"Pleno dia";"Crescente";"Céu Claro";"Dupla";"Reta";"Não";3;1;0;0;0;2;0;3;-15,80518241;-55,55686807;"SPRF-MT";"DEL05-MT";"UOP02-DEL05-MT"
348855;2021-03-24;"quarta-feira";"06:50:00";"MG";381;583,5;"CARMOPOLIS DE MINAS";"Condutor usando celular";"Saída de leito carroçável";"Com Vítimas Feridas";"Pleno dia";"Crescente";"Céu Claro";"Dupla";"Curva";"Não";2;0;1;0;1;0;1;1;-20,52516037;-44,63089389;"SPRF-MG";"DEL04-MG";"UOP01-DEL04-MG"
348857;2021-03-29;"segunda-feira";"16:15:00";"PR";277;274,5;"PRUDENTOPOLIS";"Velocidade Incompatível";"Engavetamento";"Com Vítimas Feridas";"Pleno dia";"Crescente";"Céu Claro";"Simples";"Reta";"Não";8;0;1;0;7;0;1;4;-25,38037508;-50,86558905;"SPRF-PR";"DEL03-PR";"UOP03-DEL03-PR"
348864;2021-03-29;"segunda-feira";"18:10:00";"MG";262;385;"MATEUS LEME";"Reação tardia ou ineficiente do condutor";"Saída de leito carroçável";"Com Vítimas Feridas";"Plena Noite";"Decrescente";"Ignorado";"Dupla";"Aclive;Curva";"Não";1;0;0;1;0;0;1;1;-19,93325094;-44,42077402;"SPRF-MG";"DEL01-MG";"UOP03-DEL01-MG"
348869;2021-03-29;"segunda-feira";"19:00:00";"PR";373;183,9;"PONTA GROSSA";"Acessar a via sem observar a presença dos outros veículos";"Colisão transversal";"Com Vítimas Feridas";"Plena Noite";"Decrescente";"Nublado";"Dupla";"Interseção de Vias";"Não";4;0;1;0;2;3;1;5;-25,03935712;-50,2767641;"SPRF-PR";"DEL03-PR";"UOP04-DEL03-PR"
348871;2021-03-29;"segunda-feira";"19:00:00";"SP";116;497;"CAJATI";"Ausência de reação do condutor";"Colisão traseira";"Com Vítimas Fatais";"Plena Noite";"Decrescente";"Nublado";"Dupla";"Reta";"Não";2;1;0;0;1;0;0;2;-24,76728682;-48,16859721;"SPRF-SP";"DEL05-SP";"UOP01-DEL05-SP"
348877;2021-03-29;"segunda-feira";"19:35:00";"PB";230;9,7;"CABEDELO";"Velocidade Incompatível";"Colisão com objeto";"Sem Vítimas";"Plena Noite";"Decrescente";"Céu Claro";"Dupla";"Curva;Em Obras;Desvio Temporário";"Sim";1;0;0;0;0;1;0;1;-7,0433;-34,8466;"SPRF-PB";"DEL01-PB";"UOP01-DEL01-PB"
348879;2021-03-29;"segunda-feira";"19:40:00";"PR";116;23;"CAMPINA GRANDE DO SUL";"Chuva";"Colisão com objeto";"Sem Vítimas";"Plena Noite";"Decrescente";"Chuva";"Dupla";"Reta";"Não";2;0;0;0;1;1;0;2;-25,1104764;-48,75592011;"SPRF-PR";"DEL01-PR";"UOP02-DEL01-PR"
348888;2021-03-29;"segunda-feira";"20:00:00";"PR";376;490,5;"PONTA GROSSA";"Demais falhas mecânicas ou elétricas";"Colisão traseira";"Com Vítimas Feridas";"Plena Noite";"Crescente";"Nublado";"Dupla";"Reta";"Sim";4;0;0;1;2;2;1;5;-25,14692309;-50,15072006;"SPRF-PR";"DEL03-PR";"UOP01-DEL03-PR"
348895;2021-03-29;"segunda-feira";"20:30:00";"MS";262;239;"RIBAS DO RIO PARDO";"Acessar a via sem observar a presença dos outros veículos";"Colisão transversal";"Com Vítimas Feridas";"Plena Noite";"Decrescente";"Céu Claro";"Simples";"Interseção de Vias";"Sim";3;0;1;0;1;2;1;4;-20,45684563;-53,75597803;"SPRF-MS";"DEL01-MS";"UOP01-DEL01-MS"
348898;2021-03-29;"segunda-feira";"09:30:00";"MG";251;356,9;"FRUTA DE LEITE";"Demais falhas mecânicas ou elétricas";"Eventos atípicos";"Sem Vítimas";"Pleno dia";"Decrescente";"Céu Claro";"Simples";"Reta";"Não";2;0;0;0;1;1;0;2;-16,26522431;-42,57628001;"SPRF-MG";"DEL12-MG";"UOP01-DEL12-MG"
348899;2021-03-29;"segunda-feira";"19:50:00";"MS";262;301;"CAMPO GRANDE";"Demais falhas mecânicas ou elétricas";"Tombamento";"Com Vítimas Feridas";"Plena Noite";"Crescente";"Céu Claro";"Simples";"Reta";"Não";1;0;1;0;0;0;1;1;-20,495;-54,303324;"SPRF-MS";"DEL01-MS";"UOP01-DEL01-MS"
348901;2021-03-29;"segunda-feira";"19:30:00";"PA";10;62,3;"ULIANOPOLIS";"Obstrução na via";"Colisão frontal";"Com Vítimas Feridas";"Plena Noite";"Decrescente";"Chuva";"Simples";"Reta";"Não";4;0;1;1;1;3;2;5;-3,901835;-47,52683;"SPRF-PA";"DEL02-PA";"UOP02-DEL02-PA"
348907;2021-03-29;"segunda-feira";"23:30:00";"GO";153;261;"NOVA GLORIA";"Demais falhas mecânicas ou elétricas";"Incêndio";"Sem Vítimas";"Plena Noite";"Crescente";"Céu Claro";"Simples";"Reta;Aclive";"Não";2;0;0;0;1;2;0;3;-15,011057;-49,418376;"SPRF-GO";"DEL07-GO";"UOP02-DEL07-GO"
348908;2021-03-29;"segunda-feira";"21:00:00";"MG";262;464;"ARAUJOS";"Demais falhas mecânicas ou elétricas";"Incêndio";"Sem Vítimas";"Plena Noite";"Crescente";"Céu Claro";"Simples";"Reta";"Não";2;0;0;0;1;1;0;2;-19,8117408;-45,10677395;"SPRF-MG";"DEL08-MG";"UOP03-DEL08-MG"
348909;2021-03-29;"segunda-feira";"21:50:00";"CE";116;438;"BARRO";"Transitar na contramão";"Colisão frontal";"Com Vítimas Fatais";"Plena Noite";"Decrescente";"Chuva";"Simples";"Reta";"Não";6;1;0;2;2;1;2;3;-7,03301;-38,7714;"SPRF-CE";"DEL05-CE";"UOP03-DEL05-CE"
348910;2021-03-30;"terça-feira";"01:10:00";"SC";101;151,3;"ITAPEMA";"Acessar a via sem observar a presença dos outros veículos";"Colisão traseira";"Com Vítimas Feridas";"Plena Noite";"Crescente";"Nublado";"Dupla";"Reta";"Sim";2;0;1;0;1;0;1;2;-27,126536;-48,609642;"SPRF-SC";"DEL04-SC";"UOP03-DEL04-SC"
348912;2021-03-30;"terça-feira";"02:00:00";"RS";116;474,6;"SAO LOURENCO DO SUL";"Condutor Dormindo";"Capotamento";"Com Vítimas Feridas";"Plena Noite";"Crescente";"Chuva";"Simples";"Reta";"Não";2;0;1;0;0;1;1;2;-31,37297804;-52,09946498;"SPRF-RS";"DEL07-RS";"UOP01-DEL07-RS"
348913;2021-03-30;"terça-feira";"01:55:00";"RJ";40;117;"DUQUE DE CAXIAS";"Ausência de reação do condutor";"Colisão traseira";"Com Vítimas Feridas";"Plena Noite";"Crescente";"Nublado";"Múltipla";"Reta";"Sim";2;0;0;1;1;0;1;2;-22,745676;-43,2881;"SPRF-RJ";"DEL01-RJ";"UOP01-DEL01-RJ"
348916;2021-03-30;"terça-feira";"01:00:00";"SP";116;351;"MIRACATU";"Demais falhas mecânicas ou elétricas";"Incêndio";"Sem Vítimas";"Plena Noite";"Crescente";"Céu Claro";"Dupla";"Reta";"Não";3;0;0;0;2;1;0;2;-24,063657;-47,231194;"SPRF-SP";"DEL04-SP";"UOP02-DEL04-SP"
348917;2021-03-30;"terça-feira";"01:40:00";"AL";101;108;"PILAR";"Velocidade Incompatível";"Colisão traseira";"Sem Vítimas";"Plena Noite";"Decrescente";"Céu Claro";"Simples";"Curva";"Não";2;0;0;0;1;1;0;2;-9,59656948;-36,0091409;"SPRF-AL";"DEL02-AL";"UOP01-DEL02-AL"
348919;2021-03-30;"terça-feira";"03:00:00";"PB";230;96;"GURINHEM";"Ausência de reação do condutor";"Colisão traseira";"Com Vítimas Feridas";"Plena Noite";"Decrescente";"Céu Claro";"Dupla";"Reta";"Não";2;0;1;0;1;0;1;2;-7,1842;-35,4447;"SPRF-PB";"DEL01-PB";"UOP03-DEL01-PB"
348922;2021-03-30;"terça-feira";"04:50:00";"SP";116;359;"MIRACATU";"Velocidade Incompatível";"Tombamento";"Sem Vítimas";"Amanhecer";"Decrescente";"Céu Claro";"Dupla";"Curva";"Não";2;0;0;0;1;1;0;2;-24,10862227;-47,26589989;"SPRF-SP";"DEL04-SP";"UOP02-DEL04-SP"
348923;2021-03-30;"terça-feira";"05:30:00";"PE";101;204;"XEXEU";"Declive acentuado";"Saída de leito carroçável";"Com Vítimas Feridas";"Pleno dia";"Decrescente";"Céu Claro";"Dupla";"Curva;Declive";"Sim";2;0;0;1;0;1;1;2;-8,80610905;-35,62758381;"SPRF-PE";"DEL01-PE";"UOP03-DEL01-PE"
348925;2021-03-30;"terça-feira";"04:45:00";"MS";267;238,6;"NOVA ALVORADA DO SUL";"Transitar na contramão";"Colisão frontal";"Com Vítimas Feridas";"Plena Noite";"Crescente";"Nublado";"Simples";"Reta";"Não";4;0;0;2;1;2;2;4;-21,48725503;-54,28447723;"SPRF-MS";"DEL02-MS";"UOP01-DEL02-MS"
348926;2021-03-30;"terça-feira";"05:30:00";"PA";155;330;"MARABA";"Ausência de reação do condutor";"Tombamento";"Sem Vítimas";"Amanhecer";"Crescente";"Céu Claro";"Simples";"Aclive";"Não";2;0;0;0;0;3;0;3;-5,48633507;-49,07553836;"SPRF-PA";"DEL03-PA";"UOP01-DEL03-PA"
348935;2021-03-30;"terça-feira";"07:00:00";"ES";101;380;"ICONHA";"Acessar a via sem observar a presença dos outros veículos";"Colisão traseira";"Com Vítimas Feridas";"Pleno dia";"Crescente";"Nublado";"Dupla";"Curva";"Não";3;0;2;0;0;2;2;4;-20,80767317;-40,83488482;"SPRF-ES";"DEL03-ES";"UOP01-DEL03-ES"
348941;2021-03-30;"terça-feira";"07:45:00";"PE";101;77;"RECIFE";"Manobra de mudança de faixa";"Colisão traseira";"Com Vítimas Feridas";"Pleno dia";"Crescente";"Nublado";"Dupla";"Reta";"Sim";2;0;1;0;0;1;1;2;-8,126982;-34,94386;"SPRF-PE";"DEL01-PE";"UOP01-DEL01-PE"
348944;2021-03-30;"terça-feira";"08:10:00";"ES";262;76;"MARECHAL FLORIANO";"Ultrapassagem Indevida";"Saída de leito carroçável";"Com Vítimas Feridas";"Pleno dia";"Crescente";"Céu Claro";"Simples";"Curva";"Não";2;0;0;1;0;1;1;2;-20,41279327;-40,90834307;"SPRF-ES";"DEL01-ES";"UOP02-DEL01-ES"
348949;2021-03-30;"terça-feira";"08:40:00";"PI";343;343;"TERESINA";"Ultrapassagem Indevida";"Colisão frontal";"Com Vítimas Feridas";"Pleno dia";"Crescente";"Céu Claro";"Simples";"Curva";"Sim";3;0;0;1;1;1;1;3;-5,087362;-42,757851;"SPRF-PI";"DEL01-PI";"UOP01-DEL01-PI"
348953;2021-03-30;"terça-feira";"05:50:00";"BA";330;809,5;"IBIRAPITANGA";"Velocidade Incompatível";"Saída de leito carroçável";"Com Vítimas Fatais";"Amanhecer";"Decrescente";"Céu Claro";"Simples";"Curva";"Não";2;1;0;0;0;1;0;2;-14,23152284;-39,48735237;"SPRF-BA";"DEL03-BA";"UOP01-DEL03-BA"
348954;2021-03-30;"terça-feira";"08:45:00";"MG";40;488,5;"ESMERALDAS";"Demais falhas mecânicas ou elétricas";"Incêndio";"Sem Vítimas";"Pleno dia";"Decrescente";"Céu Claro";"Dupla";"Aclive;Reta";"Não";3;0;0;0;1;7;0;8;-19,61064;-44,21785;"SPRF-MG";"DEL02-MG";"UOP01-DEL02-MG"
348957;2021-03-30;"terça-feira";"08:45:00";"SC";101;335,6;"TUBARAO";"Manobra de mudança de faixa";"Colisão lateral mesmo sentido";"Com Vítimas Feridas";"Pleno dia";"Decrescente";"Céu Claro";"Múltipla";"Curva";"Não";3;0;1;0;2;0;1;2;-28,46927473;-49,01557908;"SPRF-SC";"DEL02-SC";"UOP01-DEL02-SC"
348958;2021-03-30;"terça-feira";"01:35:00";"MG";381;925,1;"ITAPEVA";"Curva acentuada";"Tombamento";"Sem Vítimas";"Pleno dia";"Crescente";"Céu Claro";"Dupla";"Curva";"Não";2;0;0;0;1;3;0;4;-22,777207;-46,23911301;"SPRF-MG";"DEL16-MG";"UOP03-DEL16-MG"
348961;2021-03-06;"sábado";"13:40:00";"PR";277;313,4;"GUARAPUAVA";"Reação tardia ou ineficiente do condutor";"Colisão traseira";"Com Vítimas Feridas";"Pleno dia";"Crescente";"Sol";"Simples";"Reta";"Não";5;0;1;0;3;2;1;4;-25,3444435;-51,2186593;"SPRF-PR";"DEL08-PR";"UOP01-DEL08-PR"
348964;2021-03-30;"terça-feira";"10:00:00";"MS";163;484;"CAMPO GRANDE";"Acessar a via sem observar a presença dos outros veículos";"Colisão transversal";"Sem Vítimas";"Pleno dia";"Crescente";"Céu Claro";"Simples";"Reta";"Sim";2;0;0;0;2;0;0;2;-20,45104898;-54,5403266;"SPRF-MS";"DEL01-MS";"UOP02-DEL01-MS"
348965;2021-03-24;"quarta-feira";"18:00:00";"PR";277;584,8;"CASCAVEL";"Manobra de mudança de faixa";"Colisão lateral mesmo sentido";"Com Vítimas Feridas";"Anoitecer";"Crescente";"Nublado";"Dupla";"Interseção de Vias";"Sim";2;0;1;0;1;0;1;2;-24,96684176;-53,40258186;"SPRF-PR";"DEL04-PR";"UOP01-DEL04-PR"
348966;2021-03-30;"terça-feira";"00:45:00";"PI";135;252;"ALVORADA DO GURGUEIA";"Demais falhas mecânicas ou elétricas";"Derramamento de carga";"Sem Vítimas";"Plena Noite";"Decrescente";"Céu Claro";"Simples";"Reta";"Não";1;0;0;0;1;0;0;1;-8,3882384;-43,84898953;"SPRF-PI";"DEL03-PI";"UOP02-DEL03-PI"
348967;2021-03-30;"terça-feira";"08:00:00";"PR";476;141,5;"CURITIBA";"Pedestre cruzava a pista fora da faixa";"Atropelamento de Pedestre";"Com Vítimas Feridas";"Pleno dia";"Crescente";"Sol";"Dupla";"Reta";"Sim";2;0;0;1;1;0;1;2;-25,528614;-49,298798;"SPRF-PR";"DEL01-PR";"UOP03-DEL01-PR"
348973;2021-03-30;"terça-feira";"10:00:00";"MT";163;565;"NOVA MUTUM";"Manobra de mudança de faixa";"Colisão frontal";"Com Vítimas Fatais";"Pleno dia";"Decrescente";"Céu Claro";"Simples";"Curva";"Não";5;2;0;0;2;4;0;7;-14,11659923;-56,11885071;"SPRF-MT";"DEL01-MT";"UOP01-DEL01-MT"
348974;2021-03-30;"terça-feira";"10:20:00";"BA";116;265;"TUCANO";"Acessar a via sem observar a presença dos outros veículos";"Colisão transversal";"Com Vítimas Fatais";"Pleno dia";"Decrescente";"Céu Claro";"Simples";"Reta";"Não";4;1;0;1;0;3;1;5;-10,89873097;-38,84184092;"SPRF-BA";"DEL07-BA";"UOP02-DEL07-BA"
348977;2021-03-30;"terça-feira";"10:15:00";"MT";364;200;"RONDONOPOLIS";"Retorno proibido";"Colisão transversal";"Com Vítimas Feridas";"Pleno dia";"Crescente";"Céu Claro";"Dupla";"Curva";"Sim";2;0;1;0;0;1;1;2;-16,49612525;-54,63849716;"SPRF-MT";"DEL02-MT";"UOP01-DEL02-MT"
348978;2021-03-30;"terça-feira";"11:55:00";"SE";101;39,4;"CAPELA";"Acumulo de água sobre o pavimento";"Tombamento";"Com Vítimas Feridas";"Pleno dia";"Crescente";"Chuva";"Dupla";"Reta;Declive";"Não";3;0;1;0;2;0;1;1;-10,517972;-36,950147;"SPRF-SE";"DEL02-SE";"UOP02-DEL02-SE"
348981;2021-03-30;"terça-feira";"12:10:00";"MG";116;521,6;"CARATINGA";"Reação tardia ou ineficiente do condutor";"Colisão com objeto";"Com Vítimas Feridas";"Pleno dia";"Decrescente";"Céu Claro";"Simples";"Interseção de Vias";"Não";3;0;1;0;1;1;1;3;-19,7341039;-42,13264957;"SPRF-MG";"DEL06-MG";"UOP02-DEL06-MG"
348982;2021-03-30;"terça-feira";"12:35:00";"CE";116;172,7;"RUSSAS";"Reação tardia ou ineficiente do condutor";"Tombamento";"Com Vítimas Fatais";"Pleno dia";"Crescente";"Nublado";"Simples";"Curva";"Não";3;1;0;1;0;1;1;2;-4,9974291;-38,04117988;"SPRF-CE";"DEL03-CE";"UOP01-DEL03-CE"
348983;2021-03-30;"terça-feira";"12:50:00";"SC";101;77;"ARAQUARI";"Manobra de mudança de faixa";"Colisão transversal";"Com Vítimas Feridas";"Pleno dia";"Crescente";"Sol";"Dupla";"Reta";"Não";3;0;1;0;2;0;1;2;-26,56833103;-48,72029393;"SPRF-SC";"DEL03-SC";"UOP02-DEL03-SC"
348985;2021-03-30;"terça-feira";"11:32:00";"MG";381;831,6;"SAO SEBASTIAO DA BELA VISTA";"Acumulo de água sobre o pavimento";"Saída de leito carroçável";"Com Vítimas Feridas";"Pleno dia";"Crescente";"Chuva";"Dupla";"Reta";"Não";2;0;1;0;0;1;1;2;-22,14509897;-45,81876904;"SPRF-MG";"DEL16-MG";"UOP01-DEL16-MG"
348986;2021-03-30;"terça-feira";"09:30:00";"PR";369;57;"BANDEIRANTES";"Entrada inopinada do pedestre";"Atropelamento de Pedestre";"Com Vítimas Feridas";"Pleno dia";"Decrescente";"Céu Claro";"Simples";"Reta";"Sim";2;0;0;1;1;0;1;2;-23,114715;-50,372909;"SPRF-PR";"DEL07-PR";"UOP01-DEL07-PR"
348989;2021-03-30;"terça-feira";"12:30:00";"MG";153;76;"MONTE ALEGRE DE MINAS";"Demais falhas mecânicas ou elétricas";"Incêndio";"Sem Vítimas";"Pleno dia";"Decrescente";"Céu Claro";"Dupla";"Reta";"Não";2;0;0;0;1;1;0;2;-19,03073298;-49,01085007;"SPRF-MG";"DEL15-MG";"UOP03-DEL15-MG"
348990;2021-03-30;"terça-feira";"12:30:00";"SE";101;39;"CAPELA";"Chuva";"Saída de leito carroçável";"Com Vítimas Feridas";"Pleno dia";"Crescente";"Chuva";"Dupla";"Declive";"Não";2;0;1;1;0;0;2;1;-10,517972;-36,950147;"SPRF-SE";"DEL02-SE";"UOP02-DEL02-SE"
348992;2021-03-30;"terça-feira";"13:30:00";"AL";101;22,1;"JOAQUIM GOMES";"Transitar na contramão";"Colisão frontal";"Com Vítimas Fatais";"Pleno dia";"Decrescente";"Chuva";"Simples";"Curva";"Não";4;1;0;0;1;3;0;5;-9,04019804;-35,69574399;"SPRF-AL";"DEL01-AL";"UOP02-DEL01-AL"
349000;2021-03-30;"terça-feira";"13:15:00";"MT";163;955,6;"NOVA SANTA HELENA";"Acessar a via sem observar a presença dos outros veículos";"Colisão transversal";"Com Vítimas Feridas";"Pleno dia";"Decrescente";"Sol";"Simples";"Interseção de Vias";"Sim";6;0;1;0;4;3;1;5;-10,84918822;-55,18781532;"SPRF-MT";"DEL06-MT";"NPF/DEL06-MT"
349003;2021-03-30;"terça-feira";"13:20:00";"SC";101;356,9;"SANGAO";"Ausência de reação do condutor";"Saída de leito carroçável";"Com Vítimas Feridas";"Pleno dia";"Crescente";"Nublado";"Múltipla";"Reta";"Não";1;0;1;0;0;0;1;1;-28,62930081;-49,08665412;"SPRF-SC";"DEL02-SC";"UOP01-DEL02-SC"
349007;2021-03-30;"terça-feira";"14:00:00";"MG";381;507,7;"SAO JOAQUIM DE BICAS";"Acumulo de água sobre o pavimento";"Colisão traseira";"Com Vítimas Feridas";"Pleno dia";"Crescente";"Chuva";"Dupla";"Reta";"Não";2;0;1;0;1;0;1;2;-20,05643192;-44,28663308;"SPRF-MG";"DEL01-MG";"UOP03-DEL01-MG"
349008;2021-03-30;"terça-feira";"14:00:00";"MG";40;530;"BELO HORIZONTE";"Falta de acostamento";"Colisão lateral mesmo sentido";"Com Vítimas Feridas";"Pleno dia";"Crescente";"Céu Claro";"Dupla";"Em Obras";"Sim";2;0;1;0;1;0;1;2;-19,92064782;-44,0335681;"SPRF-MG";"DEL01-MG";"UOP02-DEL01-MG"
349010;2021-03-30;"terça-feira";"14:00:00";"MS";262;130;"AGUA CLARA";"Avarias e/ou desgaste excessivo no pneu";"Incêndio";"Sem Vítimas";"Pleno dia";"Decrescente";"Céu Claro";"Simples";"Reta";"Não";2;0;0;0;1;3;0;4;-20,48881316;-52,76728103;"SPRF-MS";"DEL07-MS";"UOP02-DEL07-MS"
349011;2021-03-03;"quarta-feira";"16:10:00";"BA";418;79;"NOVA VICOSA";"Transitar na contramão";"Colisão frontal";"Com Vítimas Fatais";"Anoitecer";"Crescente";"Sol";"Simples";"Reta";"Não";3;1;0;0;1;1;0;3;-17,866106;-39,751374;"SPRF-BA";"DEL09-BA";"UOP02-DEL09-BA"
349012;2021-03-30;"terça-feira";"14:20:00";"RO";364;239;"CACOAL";"Mal súbito do condutor";"Colisão transversal";"Com Vítimas Feridas";"Pleno dia";"Decrescente";"Sol";"Simples";"Reta";"Sim";3;0;0;1;1;3;1;5;-11,433996;-61,463077;"SPRF-RO";"DEL02-RO";"UOP02-DEL02-RO"
349014;2021-03-30;"terça-feira";"15:30:00";"SC";101;179;"BIGUACU";"Acessar a via sem observar a presença dos outros veículos";"Colisão lateral mesmo sentido";"Sem Vítimas";"Pleno dia";"Crescente";"Céu Claro";"Dupla";"Reta";"Sim";3;0;0;0;2;1;0;3;-27,37281717;-48,63322708;"SPRF-SC";"DEL01-SC";"UOP01-DEL01-SC"
349015;2021-02-08;"segunda-feira";"07:30:00";"BA";116;391,7;"SANTA BARBARA";"Obstrução na via";"Colisão transversal";"Com Vítimas Feridas";"Pleno dia";"Crescente";"Céu Claro";"Dupla";"Em Obras;Reta";"Sim";2;0;0;1;1;0;1;2;-11,95295;-38,97669;"SPRF-BA";"DEL02-BA";"UOP01-DEL02-BA"
349017;2021-03-06;"sábado";"21:46:00";"BA";116;878,9;"VITORIA DA CONQUISTA";"Ausência de reação do condutor";"Colisão frontal";"Com Vítimas Fatais";"Plena Noite";"Crescente";"Céu Claro";"Simples";"Reta";"Não";3;1;0;0;1;1;0;3;-15,23335843;-41,10231578;"SPRF-BA";"DEL08-BA";"UOP03-DEL08-BA"
349018;2021-03-30;"terça-feira";"12:20:00";"RJ";493;82;"JAPERI";"Avarias e/ou desgaste excessivo no pneu";"Tombamento";"Sem Vítimas";"Pleno dia";"Decrescente";"Céu Claro";"Dupla";"Reta";"Não";2;0;0;0;1;1;0;2;-22,663;-43,582;"SPRF-RJ";"DEL01-RJ";"UOP03-DEL01-RJ"
349023;2021-03-30;"terça-feira";"15:55:00";"MG";381;288;"JAGUARACU";"Reação tardia ou ineficiente do condutor";"Engavetamento";"Sem Vítimas";"Pleno dia";"Decrescente";"Sol";"Simples";"Em Obras;Reta";"Não";5;0;0;0;4;1;0;5;-19,63905081;-42,81290207;"SPRF-MG";"DEL03-MG";"UOP02-DEL03-MG"
349025;2021-01-17;"domingo";"14:00:00";"MG";381;526,5;"BRUMADINHO";"Velocidade Incompatível";"Colisão com objeto";"Com Vítimas Fatais";"Pleno dia";"Crescente";"Sol";"Dupla";"Curva";"Não";2;1;0;1;0;0;1;1;-20,16175378;-44,34144636;"SPRF-MG";"DEL04-MG";"UOP03-DEL04-MG"
349028;2021-03-30;"terça-feira";"14:40:00";"BA";116;690,9;"JEQUIE";"Obras na pista";"Colisão lateral mesmo sentido";"Com Vítimas Fatais";"Pleno dia";"Decrescente";"Céu Claro";"Simples";"Curva";"Não";4;1;0;0;2;1;0;3;-13,99803654;-40,1807785;"SPRF-BA";"DEL03-BA";"UOP01-DEL03-BA"
349033;2021-03-30;"terça-feira";"15:15:00";"MG";262;456;"NOVA SERRANA";"Velocidade Incompatível";"Colisão lateral sentido oposto";"Com Vítimas Feridas";"Pleno dia";"Crescente";"Céu Claro";"Simples";"Curva";"Não";3;0;1;0;1;1;1;3;-19,84401343;-45,04068778;"SPRF-MG";"DEL08-MG";"UOP03-DEL08-MG"
349034;2021-01-01;"sexta-feira";"14:20:00";"MG";381;502;"BETIM";"Ausência de reação do condutor";"Colisão com objeto";"Sem Vítimas";"Pleno dia";"Crescente";"Céu Claro";"Dupla";"Curva";"Não";1;0;0;0;1;0;0;1;-20,03619694;-44,24586303;"SPRF-MG";"DEL01-MG";"UOP03-DEL01-MG"
349035;2021-03-30;"terça-feira";"16:40:00";"SP";153;285,2;"OCAUCU";"Demais falhas mecânicas ou elétricas";"Colisão lateral mesmo sentido";"Sem Vítimas";"Pleno dia";"Crescente";"Céu Claro";"Simples";"Reta;Declive";"Não";26;0;0;0;23;4;0;6;-22,45381704;-49,86982698;"SPRF-SP";"DEL07-SP";"UOP02-DEL07-SP"
349038;2021-03-30;"terça-feira";"17:15:00";"PR";153;475,2;"PORTO VITORIA";"Mal súbito do condutor";"Saída de leito carroçável";"Com Vítimas Fatais";"Pleno dia";"Crescente";"Céu Claro";"Simples";"Curva";"Não";2;1;0;0;0;1;0;2;-26,325922;-51,238628;"SPRF-PR";"DEL02-PR";"UOP03-DEL02-PR"
349045;2021-03-30;"terça-feira";"15:30:00";"BA";242;351;"LENCOIS";"Problema com o freio";"Saída de leito carroçável";"Sem Vítimas";"Pleno dia";"Crescente";"Céu Claro";"Simples";"Curva";"Não";2;0;0;0;1;2;0;3;-12,49243908;-41,3280788;"SPRF-BA";"DEL06-BA";"UOP01-DEL06-BA"
349049;2021-03-30;"terça-feira";"18:15:00";"TO";153;625,3;"ALIANCA DO TOCANTINS";"Ultrapassagem Indevida";"Colisão transversal";"Com Vítimas Feridas";"Plena Noite";"Crescente";"Céu Claro";"Simples";"Reta";"Não";4;0;1;0;2;2;1;4;-11,31846291;-48,94418023;"SPRF-TO";"DEL01-TO";"UOP02-DEL01-TO"
349054;2021-03-23;"terça-feira";"15:10:00";"MS";262;499;"ANASTACIO";"Reação tardia ou ineficiente do condutor";"Colisão lateral mesmo sentido";"Com Vítimas Feridas";"Pleno dia";"Decrescente";"Céu Claro";"Simples";"Reta";"Não";3;0;1;0;1;2;1;4;-20,50107171;-55,90067098;"SPRF-MS";"DEL03-MS";"UOP01-DEL03-MS"
349056;2021-03-30;"terça-feira";"15:20:00";"PI";343;160,3;"BRASILEIRA";"Ausência de reação do condutor";"Saída de leito carroçável";"Com Vítimas Feridas";"Pleno dia";"Crescente";"Nublado";"Simples";"Reta";"Não";2;0;2;0;0;0;2;1;-4,073436;-41,774414;"SPRF-PI";"DEL02-PI";"UOP01-DEL02-PI"