"id";"data_inversa";"dia_semana";"horario";"uf";"br";"km";"municipio";"causa_acidente";"tipo_acidente";"classificacao_acidente";"fase_dia";"sentido_via";"condicao_metereologica";"tipo_pista";"tracado_via";"uso_solo";"pessoas";"mortos";"feridos_leves";"feridos_graves";"ilesos";"ignorados";"feridos";"veiculos";"latitude";"longitude";"regional";"delegacia";"uop"
350192;2021-04-05;"segunda-feira";"07:20:00";"SE";101;157,9;"ESTANCIA";"Acumulo de água sobre o pavimento";"Colisão traseira";"Com Vítimas Feridas";"Pleno dia";"Crescente";"Chuva";"Simples";"Ponte";"Não";2;0;1;0;1;0;1;2;-11,28637986;-37,46182902;"SPRF-SE";"DEL02-SE";"UOP01-DEL02-SE"
350193;2021-04-06;"terça-feira";"00:30:00";"RJ";116;199;"SEROPEDICA";"Condutor Dormindo";"Tombamento";"Sem Vítimas";"Plena Noite";"Crescente";"Céu Claro";"Dupla";"Reta";"Não";2;0;0;0;1;1;0;2;-22,727;-43,644;"SPRF-RJ";"DEL01-RJ";"UOP03-DEL01-RJ"
350197;2021-02-09;"terça-feira";"18:15:00";"PA";222;242;"MARABA";"Reação tardia ou ineficiente do condutor";"Colisão lateral mesmo sentido";"Com Vítimas Feridas";"Anoitecer";"Crescente";"Céu Claro";"Simples";"Interseção de Vias";"Sim";3;0;1;0;1;3;1;5;-5,331903;-49,085217;"SPRF-PA";"DEL03-PA";"UOP01-DEL03-PA"
350198;2021-04-06;"terça-feira";"07:00:00";"PR";116;67;"CAMPINA GRANDE DO SUL";"Demais falhas mecânicas ou elétricas";"Incêndio";"Sem Vítimas";"Pleno dia";"Crescente";"Nublado";"Dupla";"Reta";"Não";2;0;0;0;1;1;0;2;-25,31679789;-49,01854527;"SPRF-PR";"DEL01-PR";"UOP02-DEL01-PR"
350199;2021-04-06;"terça-feira";"07:30:00";"BA";415;50;"CAMAMU";"Velocidade Incompatível";"Atropelamento de Pedestre";"Com Vítimas Fatais";"Pleno dia";"Crescente";"Céu Claro";"Simples";"Reta";"Não";4;1;0;1;1;2;1;5;-14;-39,316861;"SPRF-BA";"DEL05-BA";"UOP01-DEL05-BA"
350209;2021-04-06;"terça-feira";"08:10:00";"RS";290;72;"GRAVATAI";"Condutor Dormindo";"Colisão traseira";"Com Vítimas Feridas";"Pleno dia";"Crescente";"Céu Claro";"Dupla";"Reta";"Não";4;0;0;2;1;1;2;3;-29,952784;-50,976074;"SPRF-RS";"DEL03-RS";"UOP01-DEL03-RS"
350222;2021-04-06;"terça-feira";"11:15:00";"CE";116;21;"ITAITINGA";"Manobra de mudança de faixa";"Colisão lateral mesmo sentido";"Com Vítimas Feridas";"Pleno dia";"Crescente";"Sol";"Dupla";"Reta";"Não";2;0;0;1;1;0;1;2;-3,93175901;-38,50825087;"SPRF-CE";"DEL01-CE";"UOP02-DEL01-CE"
350225;2021-04-06;"terça-feira";"12:00:00";"BA";101;880;"TEIXEIRA DE FREITAS";"Acessar a via sem observar a presença dos outros veículos";"Colisão transversal";"Sem Vítimas";"Pleno dia";"Crescente";"Céu Claro";"Simples";"Reta";"Sim";3;0;0;0;2;1;0;3;-17,55691186;-39,72493172;"SPRF-BA";"DEL09-BA";"UOP02-DEL09-BA"
350230;2021-03-26;"sexta-feira";"08:20:00";"GO";60;234,4;"INDIARA";"Frear bruscamente";"Colisão traseira";"Com Vítimas Feridas";"Pleno dia";"Decrescente";"Céu Claro";"Dupla";"Aclive;Reta";"Não";3;0;0;1;1;1;1;3;-17,0757;-49,8215;"SPRF-GO";"DEL01-GO";"UOP02-DEL01-GO"
350238;2021-04-06;"terça-feira";"09:10:00";"RS";392;140,3;"CANGUCU";"Acessar a via sem observar a presença dos outros veículos";"Colisão transversal";"Com Vítimas Feridas";"Pleno dia";"Decrescente";"Sol";"Simples";"Reta;Retorno Regulamentado";"Sim";6;0;2;0;3;1;2;3;-31,24787;-52,797107;"SPRF-RS";"DEL07-RS";"UOP01-DEL07-RS"
350245;2021-04-06;"terça-feira";"13:00:00";"GO";40;132,2;"CRISTALINA";"Avarias e/ou desgaste excessivo no pneu";"Saída de leito carroçável";"Com Vítimas Feridas";"Pleno dia";"Crescente";"Nublado";"Simples";"Reta";"Não";3;0;1;0;1;1;1;2;-16,925474;-47,34287;"SPRF-DF";"DEL01-DF";"UOP02-DEL01-DF"
350251;2021-04-06;"terça-feira";"13:15:00";"MG";381;921,4;"CAMANDUCAIA";"Manobra de mudança de faixa";"Colisão lateral mesmo sentido";"Com Vítimas Feridas";"Pleno dia";"Crescente";"Nublado";"Dupla";"Curva";"Não";4;0;1;0;0;3;1;4;-22,76295768;-46,17054667;"SPRF-MG";"DEL16-MG";"UOP03-DEL16-MG"
350257;2021-04-06;"terça-feira";"14:45:00";"GO";364;154;"JATAI";"Reação tardia ou ineficiente do condutor";"Saída de leito carroçável";"Com Vítimas Feridas";"Pleno dia";"Decrescente";"Céu Claro";"Simples";"Reta;Aclive";"Não";2;0;1;0;0;1;1;2;-18,138138;-51,454224;"SPRF-GO";"DEL05-GO";"UOP01-DEL05-GO"
350270;2021-04-06;"terça-feira";"16:45:00";"RS";386;338,5;"LAJEADO";"Condutor Dormindo";"Colisão lateral sentido oposto";"Com Vítimas Feridas";"Pleno dia";"Crescente";"Sol";"Simples";"Reta";"Não";4;0;1;0;2;1;1;4;-29,40474556;-52,03574002;"SPRF-RS";"DEL04-RS";"UOP01-DEL04-RS"
350272;2021-04-06;"terça-feira";"12:00:00";"MT";70;687;"CACERES";"Chuva";"Colisão frontal";"Com Vítimas Feridas";"Pleno dia";"Decrescente";"Chuva";"Simples";"Reta";"Não";4;0;1;0;2;1;1;4;-16,163051;-57,35283697;"SPRF-MT";"DEL03-MT";"UOP02-DEL03-MT"
350274;2021-04-06;"terça-feira";"16:10:00";"PB";101;96,3;"CONDE";"Condutor deixou de manter distância do veículo da frente";"Colisão traseira";"Com Vítimas Feridas";"Pleno dia";"Decrescente";"Céu Claro";"Dupla";"Curva";"Não";2;0;1;0;1;0;1;2;-7,2309210043;-34,9211489953;"SPRF-PB";"DEL01-PB";"UOP02-DEL01-PB"
350277;2021-04-06;"terça-feira";"15:40:00";"PI";316;20,4;"TERESINA";"Condutor deixou de manter distância do veículo da frente";"Colisão transversal";"Sem Vítimas";"Pleno dia";"Crescente";"Sol";"Simples";"Reta";"Não";3;0;0;0;2;1;0;3;-5,25939797;-42,7287478;"SPRF-PI";"DEL01-PI";"UOP02-DEL01-PI"
350279;2021-03-09;"terça-feira";"15:40:00";"RJ";101;88;"CAMPOS DOS GOYTACAZES";"Obras na pista";"Colisão traseira";"Com Vítimas Feridas";"Pleno dia";"Decrescente";"Chuva";"Dupla";"Reta";"Não";2;0;0;1;1;0;1;2;-21,83354897;-41,50191804;"SPRF-RJ";"DEL08-RJ";"UOP02-DEL08-RJ"
350285;2021-04-06;"terça-feira";"17:00:00";"RJ";393;298;"BARRA MANSA";"Conversão proibida";"Colisão transversal";"Com Vítimas Feridas";"Anoitecer";"Decrescente";"Nublado";"Simples";"Reta";"Sim";4;0;2;0;1;1;2;3;-22,54313289;-44,11298586;"SPRF-RJ";"DEL07-RJ";"UOP02-DEL07-RJ"
350286;2021-04-06;"terça-feira";"16:30:00";"MG";262;587,3;"CAMPOS ALTOS";"Velocidade Incompatível";"Colisão frontal";"Com Vítimas Feridas";"Pleno dia";"Crescente";"Chuva";"Simples";"Reta";"Sim";4;0;2;0;2;0;2;2;-19,66218198;-46,10927701;"SPRF-MG";"DEL08-MG";"UOP02-DEL08-MG"
350287;2021-04-06;"terça-feira";"17:40:00";"ES";101;293;"CARIACICA";"Condutor deixou de manter distância do veículo da frente";"Engavetamento";"Com Vítimas Feridas";"Anoitecer";"Decrescente";"Céu Claro";"Dupla";"Reta";"Não";5;0;2;0;2;1;2;5;-20,31526144;-40,39567044;"SPRF-ES";"DEL01-ES";"UOP01-DEL01-ES"
350293;2021-04-06;"terça-feira";"17:30:00";"PR";116;108;"CURITIBA";"Ausência de reação do condutor";"Colisão traseira";"Com Vítimas Feridas";"Pleno dia";"Crescente";"Céu Claro";"Dupla";"Reta";"Não";3;0;0;1;1;1;1;3;-25,57147018;-49,19760597;"SPRF-PR";"DEL01-PR";"UOP01-DEL01-PR"
350301;2021-04-06;"terça-feira";"16:51:00";"SC";163;83,1;"GUARACIABA";"Condutor deixou de manter distância do veículo da frente";"Colisão traseira";"Com Vítimas Feridas";"Pleno dia";"Decrescente";"Céu Claro";"Simples";"Reta";"Não";2;0;0;1;1;0;1;2;-26,62425308;-53,51596135;"SPRF-SC";"DEL07-SC";"UOP03-DEL07-SC"
350302;2021-04-06;"terça-feira";"13:00:00";"BA";101;468;"ITABUNA";"Carga excessiva e/ou mal acondicionada";"Tombamento";"Sem Vítimas";"Pleno dia";"Decrescente";"Céu Claro";"Simples";"Reta";"Não";2;0;0;0;1;1;0;2;-14,695337;-39,365237;"SPRF-BA";"DEL05-BA";"UOP01-DEL05-BA"
350303;2021-04-06;"terça-feira";"17:45:00";"MA";316;158;"ARAGUANA";"Transitar no acostamento";"Colisão lateral mesmo sentido";"Com Vítimas Fatais";"Pleno dia";"Decrescente";"Céu Claro";"Simples";"Reta";"Não";4;1;0;0;1;2;0;3;-2,921758;-45,673363;"SPRF-MA";"DEL02-MA";"UOP02-DEL02-MA"
350315;2021-04-06;"terça-feira";"19:00:00";"GO";20;233;"POSSE";"Ultrapassagem Indevida";"Capotamento";"Com Vítimas Feridas";"Plena Noite";"Crescente";"Nublado";"Simples";"Reta";"Não";4;0;1;0;2;4;1;7;-14,086459;-46,295727;"SPRF-DF";"DEL02-DF";"UOP03-DEL02-DF"
350316;2021-04-06;"terça-feira";"19:00:00";"SC";101;191;"BIGUACU";"Entrada inopinada do pedestre";"Atropelamento de Pedestre";"Com Vítimas Feridas";"Plena Noite";"Crescente";"Céu Claro";"Dupla";"Reta";"Não";3;0;0;1;1;1;1;3;-27,47730273;-48,64127329;"SPRF-SC";"DEL01-SC";"UOP01-DEL01-SC"
350317;2021-04-05;"segunda-feira";"18:00:00";"MA";230;413;"BALSAS";"Reação tardia ou ineficiente do condutor";"Colisão com objeto";"Sem Vítimas";"Anoitecer";"Crescente";"Céu Claro";"Simples";"Aclive;Reta";"Não";2;0;0;0;0;2;0;2;-7,50090151;-46,11850183;"SPRF-MA";"DEL05-MA";"UOP01-DEL05-MA"
350320;2021-04-06;"terça-feira";"09:45:00";"MA";230;407;"BALSAS";"Acessar a via sem observar a presença dos outros veículos";"Colisão transversal";"Com Vítimas Feridas";"Pleno dia";"Crescente";"Céu Claro";"Simples";"Reta";"Não";3;0;1;0;1;1;1;3;-7,51919168;-46,06740888;"SPRF-MA";"DEL05-MA";"UOP01-DEL05-MA"
350324;2021-04-06;"terça-feira";"19:20:00";"MG";381;540,6;"ITATIAIUCU";"Chuva";"Colisão com objeto";"Com Vítimas Feridas";"Plena Noite";"Decrescente";"Chuva";"Dupla";"Curva";"Não";2;0;1;0;0;1;1;2;-20,25145691;-44,41136239;"SPRF-MG";"DEL04-MG";"UOP03-DEL04-MG"
350326;2021-04-06;"terça-feira";"13:20:00";"MT";163;526,5;"DIAMANTINO";"Pista Escorregadia";"Colisão frontal";"Com Vítimas Fatais";"Pleno dia";"Crescente";"Chuva";"Simples";"Curva";"Não";5;2;0;2;0;3;2;5;-14,48054488;-56,1698311;"SPRF-MT";"DEL01-MT";"UOP01-DEL01-MT"
350333;2021-04-06;"terça-feira";"19:50:00";"PE";316;106;"OURICURI";"Transitar na contramão";"Colisão frontal";"Com Vítimas Feridas";"Plena Noite";"Decrescente";"Ignorado";"Simples";"Reta";"Não";6;0;3;2;0;1;5;2;-7,94145577;-39,9386279;"SPRF-PE";"DEL05-PE";"UOP02-DEL05-PE"
350337;2021-04-06;"terça-feira";"06:00:00";"PR";277;201;"PALMEIRA";"Velocidade Incompatível";"Tombamento";"Com Vítimas Feridas";"Amanhecer";"Decrescente";"Ignorado";"Simples";"Curva";"Não";2;0;1;0;0;1;1;2;-25,45817002;-50,21181499;"SPRF-PR";"DEL03-PR";"UOP03-DEL03-PR"
350345;2021-03-09;"terça-feira";"15:05:00";"ES";262;24,7;"VIANA";"Velocidade Incompatível";"Colisão frontal";"Com Vítimas Fatais";"Pleno dia";"Crescente";"Chuva";"Simples";"Declive;Curva";"Não";5;1;0;2;1;1;2;3;-20,37917648;-40,52624613;"SPRF-ES";"DEL01-ES";"UOP01-DEL01-ES"
350347;2021-04-06;"terça-feira";"22:25:00";"GO";153;601,9;"MORRINHOS";"Chuva";"Colisão traseira";"Com Vítimas Feridas";"Plena Noite";"Crescente";"Chuva";"Dupla";"Reta";"Não";4;0;0;1;2;1;1;3;-17,5606;-49,2023;"SPRF-GO";"DEL03-GO";"UOP01-DEL03-GO"
350349;2021-04-06;"terça-feira";"20:00:00";"RS";285;81,2;"BOM JESUS";"Reação tardia ou ineficiente do condutor";"Colisão lateral mesmo sentido";"Com Vítimas Feridas";"Plena Noite";"Crescente";"Céu Claro";"Simples";"Reta";"Não";2;0;0;1;1;0;1;2;-28,646177;-50,613155;"SPRF-RS";"DEL05-RS";"UOP03-DEL05-RS"
350353;2021-04-06;"terça-feira";"18:00:00";"RO";364;11;"VILHENA";"Desrespeitar a preferência no cruzamento";"Colisão transversal";"Com Vítimas Feridas";"Anoitecer";"Crescente";"Céu Claro";"Dupla";"Interseção de Vias";"Sim";2;0;1;0;1;0;1;2;-12,74605898;-60,11270299;"SPRF-RO";"DEL04-RO";"UOP01-DEL04-RO"
350355;2021-04-06;"terça-feira";"19:40:00";"SC";280;266,4;"IRINEOPOLIS";"Acesso irregular";"Colisão transversal";"Com Vítimas Fatais";"Plena Noite";"Crescente";"Nublado";"Simples";"Reta";"Sim";2;1;0;0;1;0;0;2;-26,26347502;-50,698061;"SPRF-SC";"DEL06-SC";"UOP04-DEL06-SC"
350360;2021-04-07;"quarta-feira";"02:30:00";"RN";101;167,2;"CANGUARETAMA";"Condutor Dormindo";"Capotamento";"Sem Vítimas";"Plena Noite";"Decrescente";"Céu Claro";"Dupla";"Declive";"Não";1;0;0;0;1;0;0;1;-6,42471793;-35,12191688;"SPRF-RN";"DEL01-RN";"UOP01-DEL01-RN"
350361;2021-04-07;"quarta-feira";"03:50:00";"SP";116;509;"CAJATI";"Pista Escorregadia";"Colisão com objeto";"Com Vítimas Feridas";"Plena Noite";"Decrescente";"Chuva";"Dupla";"Curva";"Não";2;0;1;0;0;1;1;2;-24,82178987;-48,21419034;"SPRF-SP";"DEL05-SP";"UOP02-DEL05-SP"
350368;2021-04-07;"quarta-feira";"06:30:00";"RJ";40;17;"TRES RIOS";"Frear bruscamente";"Colisão traseira";"Com Vítimas Feridas";"Pleno dia";"Crescente";"Nublado";"Dupla";"Curva";"Não";2;0;1;0;1;0;1;2;-22,08639692;-43,17655185;"SPRF-RJ";"DEL05-RJ";"UOP02-DEL05-RJ"
350371;2021-04-06;"terça-feira";"20:20:00";"RO";364;422,3;"JARU";"Ingestão de álcool pelo condutor";"Saída de leito carroçável";"Sem Vítimas";"Plena Noite";"Crescente";"Céu Claro";"Simples";"Reta;Declive";"Sim";2;0;0;0;1;3;0;4;-10,4597532;-62,4558043;"SPRF-RO";"DEL03-RO";"UOP02-DEL03-RO"
350374;2021-04-04;"domingo";"03:30:00";"BA";242;326;"ANDARAI";"Condutor Dormindo";"Saída de leito carroçável";"Com Vítimas Feridas";"Plena Noite";"Decrescente";"Céu Claro";"Simples";"Reta";"Não";1;0;1;0;0;0;1;1;-12,47732931;-41,11465421;"SPRF-BA";"DEL06-BA";"UOP01-DEL06-BA"
350377;2021-04-06;"terça-feira";"10:35:00";"MG";381;726;"CARMO DA CACHOEIRA";"Reação tardia ou ineficiente do condutor";"Tombamento";"Sem Vítimas";"Pleno dia";"Crescente";"Nublado";"Dupla";"Reta;Aclive";"Sim";2;0;0;0;1;3;0;4;-21,50846497;-45,21540331;"SPRF-MG";"DEL04-MG";"UOP02-DEL04-MG"
350378;2021-04-07;"quarta-feira";"07:20:00";"PR";376;230,9;"APUCARANA";"Condutor deixou de manter distância do veículo da frente";"Colisão traseira";"Com Vítimas Fatais";"Pleno dia";"Crescente";"Céu Claro";"Dupla";"Reta";"Não";3;1;0;0;1;1;0;3;-23,563723;-51,5293;"SPRF-PR";"DEL07-PR";"UOP02-DEL07-PR"
350379;2021-04-07;"quarta-feira";"07:35:00";"RS";386;333;"MARQUES DE SOUZA";"Velocidade Incompatível";"Tombamento";"Com Vítimas Feridas";"Amanhecer";"Crescente";"Céu Claro";"Simples";"Declive;Curva";"Não";4;0;2;0;1;2;2;4;-29,371275;-52,062;"SPRF-RS";"DEL04-RS";"UOP01-DEL04-RS"
350383;2021-04-07;"quarta-feira";"08:35:00";"PR";153;476,9;"PORTO VITORIA";"Velocidade Incompatível";"Colisão lateral sentido oposto";"Com Vítimas Feridas";"Pleno dia";"Decrescente";"Céu Claro";"Simples";"Curva";"Não";3;0;1;0;1;2;1;4;-26,3490368;-51,25079155;"SPRF-PR";"DEL02-PR";"UOP03-DEL02-PR"
350391;2021-03-27;"sábado";"06:30:00";"RJ";116;13;"SAPUCAIA";"Curva acentuada";"Tombamento";"Com Vítimas Feridas";"Pleno dia";"Crescente";"Sol";"Simples";"Viaduto;Curva";"Não";2;0;1;0;0;1;1;2;-21,95256217;-42,73351991;"SPRF-RJ";"DEL04-RJ";"UOP01-DEL04-RJ"
350401;2021-03-06;"sábado";"08:20:00";"RJ";40;114;"DUQUE DE CAXIAS";"Reação tardia ou ineficiente do condutor";"Colisão lateral mesmo sentido";"Com Vítimas Feridas";"Pleno dia";"Decrescente";"Nublado";"Múltipla";"Ponte";"Não";6;0;3;1;1;1;4;3;-22,71853604;-43,28993324;"SPRF-RJ";"DEL01-RJ";"UOP01-DEL01-RJ"
350405;2021-02-23;"terça-feira";"06:00:00";"ES";262;7;"CARIACICA";"Velocidade Incompatível";"Colisão traseira";"Com Vítimas Feridas";"Pleno dia";"Crescente";"Céu Claro";"Dupla";"Reta";"Sim";3;0;0;1;1;1;1;3;-20,34283738;-40,40434616;"SPRF-ES";"DEL01-ES";"UOP01-DEL01-ES"
350408;2021-04-07;"quarta-feira";"11:30:00";"SC";101;120,5;"ITAJAI";"Pedestre andava na pista";"Colisão com objeto";"Sem Vítimas";"Pleno dia";"Crescente";"Céu Claro";"Simples";"Interseção de Vias";"Sim";2;0;0;0;1;1;0;2;-26,912758;-48,711998;"SPRF-SC";"DEL04-SC";"UOP04-DEL04-SC"
350411;2021-04-07;"quarta-feira";"11:45:00";"PR";369;489,2;"CORBELIA";"Velocidade Incompatível";"Colisão frontal";"Com Vítimas Feridas";"Pleno dia";"Crescente";"Nublado";"Simples";"Viaduto";"Não";3;0;0;1;1;1;1;3;-24,7076;-53,2396;"SPRF-PR";"DEL09-PR";"UOP03-DEL09-PR"
350420;2021-02-18;"quinta-feira";"10:30:00";"MG";50;37,5;"ARAGUARI";"Velocidade Incompatível";"Colisão com objeto";"Com Vítimas Feridas";"Pleno dia";"Crescente";"Céu Claro";"Dupla";"Reta";"Sim";6;0;0;3;2;1;3;3;-18,65828089;-48,15590858;"SPRF-MG";"DEL15-MG";"UOP02-DEL15-MG"
350425;2021-03-29;"segunda-feira";"11:40:00";"PA";163;624;"TRAIRAO";"Pista Escorregadia";"Colisão frontal";"Com Vítimas Feridas";"Pleno dia";"Crescente";"Garoa/Chuvisco";"Simples";"Curva";"Não";4;0;2;0;1;2;2;4;-4,70629765;-56,00399883;"SPRF-PA";"DEL05-PA";"UOP01-DEL05-PA"
350426;2021-04-07;"quarta-feira";"08:00:00";"PR";376;445;"TIBAGI";"Velocidade Incompatível";"Tombamento";"Com Vítimas Feridas";"Pleno dia";"Decrescente";"Céu Claro";"Dupla";"Curva";"Não";2;0;1;0;0;1;1;2;-24,89647103;-50,42823003;"SPRF-PR";"DEL03-PR";"UOP02-DEL03-PR"
350434;2021-04-07;"quarta-feira";"13:30:00";"PR";153;329,9;"IRATI";"Desrespeitar a preferência no cruzamento";"Colisão transversal";"Sem Vítimas";"Pleno dia";"Decrescente";"Céu Claro";"Simples";"Interseção de Vias";"Sim";2;0;0;0;2;0;0;2;-25,44654712;-50,61562676;"SPRF-PR";"DEL03-PR";"UOP03-DEL03-PR"
350442;2021-04-07;"quarta-feira";"15:20:00";"ES";101;264;"SERRA";"Manobra de mudança de faixa";"Colisão traseira";"Com Vítimas Feridas";"Pleno dia";"Crescente";"Sol";"Dupla";"Reta";"Sim";2;0;0;1;1;0;1;2;-20,17292791;-40,26736384;"SPRF-ES";"DEL02-ES";"UOP01-DEL02-ES"
350448;2021-04-07;"quarta-feira";"14:30:00";"BA";110;371;"CATU";"Reação tardia ou ineficiente do condutor";"Colisão transversal";"Com Vítimas Feridas";"Pleno dia";"Decrescente";"Céu Claro";"Simples";"Interseção de Vias";"Não";3;0;1;0;1;1;1;3;-12,39762;-38,37337;"SPRF-BA";"DEL01-BA";"UOP04-DEL01-BA"
350449;2021-03-20;"sábado";"10:30:00";"PR";369;36,6;"ANDIRA";"Retorno proibido";"Colisão transversal";"Com Vítimas Feridas";"Pleno dia";"Crescente";"Céu Claro";"Simples";"Reta";"Sim";3;0;0;1;1;1;1;3;-23,04188;-50,22839;"SPRF-PR";"DEL07-PR";"UOP01-DEL07-PR"
350450;2021-04-07;"quarta-feira";"16:20:00";"SC";470;32;"GASPAR";"Desrespeitar a preferência no cruzamento";"Colisão transversal";"Com Vítimas Feridas";"Pleno dia";"Crescente";"Sol";"Dupla";"Retorno Regulamentado;Interseção de Vias;Em Obras;Desvio Temporário;Reta";"Não";6;0;3;1;1;1;4;4;-26,901793;-48,931812;"SPRF-SC";"DEL04-SC";"UOP01-DEL04-SC"
350453;2021-03-10;"quarta-feira";"20:10:00";"MG";251;472;"FRANCISCO SA";"Ultrapassagem Indevida";"Colisão frontal";"Com Vítimas Feridas";"Plena Noite";"Crescente";"Nublado";"Simples";"Declive";"Não";8;0;3;2;1;2;5;4;-16,4669101;-43,43947986;"SPRF-MG";"DEL12-MG";"UOP01-DEL12-MG"
350460;2021-04-06;"terça-feira";"15:10:00";"MT";163;1109;"GUARANTA DO NORTE";"Ausência de reação do condutor";"Tombamento";"Com Vítimas Feridas";"Pleno dia";"Crescente";"Céu Claro";"Simples";"Curva;Declive";"Não";2;0;1;0;0;2;1;3;-9,60129;-54,885174;"SPRF-MT";"DEL06-MT";"NPF/DEL06-MT"
350461;2021-04-07;"quarta-feira";"15:30:00";"BA";242;463;"IBITIARA";"Curva acentuada";"Saída de leito carroçável";"Com Vítimas Feridas";"Pleno dia";"Crescente";"Sol";"Simples";"Curva";"Não";2;0;1;0;0;2;1;3;-12,4423791;-42,17379204;"SPRF-BA";"DEL06-BA";"UOP01-DEL06-BA"
350466;2021-04-07;"quarta-feira";"18:10:00";"BA";101;159;"CONCEICAO DO JACUIPE";"Acessar a via sem observar a presença dos outros veículos";"Atropelamento de Pedestre";"Com Vítimas Fatais";"Anoitecer";"Decrescente";"Nublado";"Simples";"Declive";"Não";2;1;0;0;1;0;0;2;-12,35551436;-38,782478;"SPRF-BA";"DEL01-BA";"UOP03-DEL01-BA"
350471;2021-04-07;"quarta-feira";"17:30:00";"PR";373;175;"PONTA GROSSA";"Ingestão de álcool pelo condutor";"Colisão traseira";"Sem Vítimas";"Anoitecer";"Crescente";"Céu Claro";"Dupla";"Reta";"Sim";3;0;0;0;3;0;0;3;-25,06728094;-50,21211882;"SPRF-PR";"DEL03-PR";"UOP01-DEL03-PR"
350472;2021-04-07;"quarta-feira";"14:00:00";"MA";10;177;"CAMPESTRE DO MARANHAO";"Demais falhas mecânicas ou elétricas";"Colisão transversal";"Com Vítimas Feridas";"Pleno dia";"Crescente";"Céu Claro";"Simples";"Reta";"Sim";4;0;1;0;3;0;1;2;-6,167406;-47,365757;"SPRF-MA";"DEL04-MA";"UOP02-DEL04-MA"
350474;2021-04-07;"quarta-feira";"16:50:00";"MT";174;582;"COMODORO";"Ultrapassagem Indevida";"Colisão frontal";"Com Vítimas Fatais";"Pleno dia";"Crescente";"Céu Claro";"Simples";"Reta";"Não";3;1;0;0;1;3;0;5;-12,887931;-60,057525;"SPRF-RO";"DEL04-RO";"UOP01-DEL04-RO"
350479;2021-04-07;"quarta-feira";"18:15:00";"PE";423;48;"CACHOEIRINHA";"Ingestão de álcool pelo condutor";"Colisão frontal";"Com Vítimas Feridas";"Plena Noite";"Crescente";"Céu Claro";"Simples";"Reta";"Não";7;0;0;3;3;1;3;4;-8,55743702;-36,27516696;"SPRF-PE";"DEL03-PE";"UOP01-DEL03-PE"
350481;2021-04-07;"quarta-feira";"17:05:00";"RJ";393;123;"SAPUCAIA";"Ausência de reação do condutor";"Tombamento";"Com Vítimas Feridas";"Anoitecer";"Decrescente";"Chuva";"Simples";"Curva";"Não";2;0;1;0;0;1;1;2;-21,94047257;-42,81407216;"SPRF-RJ";"DEL05-RJ";"UOP01-DEL05-RJ"
350484;2021-04-07;"quarta-feira";"13:30:00";"MG";381;274;"JAGUARACU";"Velocidade Incompatível";"Tombamento";"Sem Vítimas";"Pleno dia";"Crescente";"Nublado";"Simples";"Curva";"Não";2;0;0;0;1;1;0;2;-19,57460683;-42,71801809;"SPRF-MG";"DEL03-MG";"UOP02-DEL03-MG"
350487;2021-04-07;"quarta-feira";"18:15:00";"RS";386;134;"SARANDI";"Ingestão de álcool pelo condutor";"Saída de leito carroçável";"Sem Vítimas";"Pleno dia";"Decrescente";"Céu Claro";"Simples";"Reta";"Sim";3;0;0;0;2;3;0;5;-27,953636;-52,916374;"SPRF-RS";"DEL08-RS";"UOP01-DEL08-RS"
350489;2021-04-07;"quarta-feira";"19:30:00";"RS";116;646,5;"JAGUARAO";"Deficiência do Sistema de Iluminação/Sinalização";"Colisão traseira";"Com Vítimas Feridas";"Plena Noite";"Crescente";"Céu Claro";"Simples";"Reta";"Não";4;0;1;1;1;1;2;3;-32,4945928;-53,3143492;"SPRF-RS";"DEL07-RS";"UOP03-DEL07-RS"
350490;2021-04-07;"quarta-feira";"19:00:00";"SC";470;53,9;"BLUMENAU";"Transitar na contramão";"Colisão frontal";"Com Vítimas Feridas";"Plena Noite";"Crescente";"Nublado";"Simples";"Curva";"Não";2;0;0;1;1;0;1;2;-26,867121;-49,102066;"SPRF-SC";"DEL04-SC";"UOP01-DEL04-SC"
350494;2021-04-07;"quarta-feira";"18:20:00";"SC";282;586,9;"PINHALZINHO";"Velocidade Incompatível";"Tombamento";"Com Vítimas Feridas";"Anoitecer";"Decrescente";"Céu Claro";"Simples";"Aclive;Curva";"Não";3;0;2;0;0;1;2;2;-26,830345;-53,044727;"SPRF-SC";"DEL07-SC";"UOP02-DEL07-SC"
350499;2021-04-07;"quarta-feira";"18:30:00";"PI";135;52;"JERUMENHA";"Pista esburacada";"Tombamento";"Com Vítimas Feridas";"Anoitecer";"Crescente";"Céu Claro";"Simples";"Reta";"Não";3;0;0;1;2;0;1;1;-7,15284602;-43,57971398;"SPRF-PI";"DEL03-PI";"UOP01-DEL03-PI"
350505;2021-04-07;"quarta-feira";"21:20:00";"BA";242;600;"MUQUEM DE SAO FRANCISCO";"Demais falhas mecânicas ou elétricas";"Colisão traseira";"Com Vítimas Feridas";"Plena Noite";"Decrescente";"Céu Claro";"Simples";"Aclive;Curva";"Não";6;0;4;0;1;2;4;4;-12,15211594;-43,38020325;"SPRF-BA";"DEL06-BA";"UOP03-DEL06-BA"
350510;2021-04-07;"quarta-feira";"22:00:00";"PR";277;14;"PARANAGUA";"Condutor deixou de manter distância do veículo da frente";"Colisão traseira";"Com Vítimas Feridas";"Plena Noite";"Decrescente";"Chuva";"Dupla";"Reta";"Não";3;0;1;0;1;3;1;5;-25,568198;-48,615292;"SPRF-PR";"DEL01-PR";"UOP05-DEL01-PR"