"id";"data_inversa";"dia_semana";"horario";"uf";"br";"km";"municipio";"causa_acidente";"tipo_acidente";"classificacao_acidente";"fase_dia";"sentido_via";"condicao_metereologica";"tipo_pista";"tracado_via";"uso_solo";"pessoas";"mortos";"feridos_leves";"feridos_graves";"ilesos";"ignorados";"feridos";"veiculos";"latitude";"longitude";"regional";"delegacia";"uop"
350517;2021-04-07;"quarta-feira";"22:30:00";"RS";392;683;"ROQUE GONZALES";"Problema com o freio";"Incêndio";"Sem Vítimas";"Plena Noite";"Decrescente";"Céu Claro";"Simples";"Reta";"Não";3;0;0;0;3;0;0;1;-28,12286103;-54,93988037;"SPRF-RS";"DEL10-RS";"UOP01-DEL10-RS"
350522;2021-04-07;"quarta-feira";"23:45:00";"SC";101;136,7;"BALNEARIO CAMBORIU";"Ausência de reação do condutor";"Colisão traseira";"Com Vítimas Fatais";"Plena Noite";"Decrescente";"Chuva";"Dupla";"Reta";"Sim";4;1;1;0;1;1;1;3;-27,008113;-48,617245;"SPRF-SC";"DEL04-SC";"UOP03-DEL04-SC"
350523;2021-04-08;"quinta-feira";"00:45:00";"RJ";116;244,9;"PIRAI";"Condutor deixou de manter distância do veículo da frente";"Colisão traseira";"Com Vítimas Feridas";"Plena Noite";"Decrescente";"Céu Claro";"Dupla";"Curva";"Sim";2;0;1;0;1;0;1;2;-22,62453834;-43,91765203;"SPRF-RJ";"DEL07-RJ";"UOP01-DEL07-RJ"
350527;2021-04-08;"quinta-feira";"00:30:00";"MG";262;881;"CAMPO FLORIDO";"Demais falhas mecânicas ou elétricas";"Incêndio";"Sem Vítimas";"Plena Noite";"Decrescente";"Ignorado";"Simples";"Aclive";"Não";1;0;0;0;1;0;0;1;-19,77884647;-48,54175922;"SPRF-MG";"DEL13-MG";"UOP02-DEL13-MG"
350528;2021-04-08;"quinta-feira";"02:40:00";"PR";116;48;"CAMPINA GRANDE DO SUL";"Reação tardia ou ineficiente do condutor";"Colisão transversal";"Com Vítimas Feridas";"Plena Noite";"Crescente";"Garoa/Chuvisco";"Dupla";"Retorno Regulamentado";"Sim";4;0;1;0;2;1;1;4;-25,21708693;-48,90395114;"SPRF-PR";"DEL01-PR";"UOP02-DEL01-PR"
350531;2021-04-07;"quarta-feira";"23:00:00";"MA";10;71;"CAROLINA";"Demais falhas mecânicas ou elétricas";"Eventos atípicos";"Sem Vítimas";"Plena Noite";"Crescente";"Céu Claro";"Simples";"Reta";"Não";2;0;0;0;1;1;0;2;-7,030204;-47,449081;"SPRF-MA";"DEL04-MA";"UOP02-DEL04-MA"
350533;2021-04-08;"quinta-feira";"04:30:00";"SE";101;19,8;"MALHADA DOS BOIS";"Condutor Dormindo";"Colisão com objeto";"Sem Vítimas";"Plena Noite";"Crescente";"Céu Claro";"Simples";"Desvio Temporário";"Não";2;0;0;0;1;1;0;2;-10,35365721;-36,90338472;"SPRF-SE";"DEL02-SE";"UOP02-DEL02-SE"
350535;2021-04-08;"quinta-feira";"05:00:00";"PB";101;3,7;"MATARACA";"Condutor Dormindo";"Colisão traseira";"Sem Vítimas";"Amanhecer";"Crescente";"Céu Claro";"Dupla";"Reta";"Não";3;0;0;0;2;1;0;3;-6,53182311;-35,11546245;"SPRF-PB";"DEL01-PB";"UOP04-DEL01-PB"
350542;2021-04-08;"quinta-feira";"04:00:00";"MG";116;257;"TEOFILO OTONI";"Ingestão de álcool pelo condutor";"Tombamento";"Com Vítimas Feridas";"Plena Noite";"Crescente";"Ignorado";"Simples";"Curva";"Não";2;0;1;0;0;1;1;2;-17,70027116;-41,48347758;"SPRF-MG";"DEL11-MG";"UOP01-DEL11-MG"
350548;2021-04-08;"quinta-feira";"07:50:00";"PR";277;157;"PORTO AMAZONAS";"Desrespeitar a preferência no cruzamento";"Colisão transversal";"Com Vítimas Feridas";"Pleno dia";"Decrescente";"Nublado";"Simples";"Rotatória;Interseção de Vias";"Não";2;0;0;1;1;0;1;2;-25,47342;-49,895638;"SPRF-PR";"DEL01-PR";"UOP03-DEL03-PR"
350563;2021-04-08;"quinta-feira";"06:20:00";"MG";40;797,1;"JUIZ DE FORA";"Demais Fenômenos da natureza";"Colisão traseira";"Com Vítimas Feridas";"Pleno dia";"Crescente";"Sol";"Dupla";"Curva";"Não";5;0;1;1;2;1;2;5;-21,81520106;-43,38621008;"SPRF-MG";"DEL05-MG";"UOP01-DEL05-MG"
350572;2021-04-08;"quinta-feira";"09:10:00";"SC";101;28;"JOINVILLE";"Condutor Dormindo";"Colisão lateral mesmo sentido";"Sem Vítimas";"Pleno dia";"Crescente";"Céu Claro";"Dupla";"Reta";"Sim";3;0;0;0;2;1;0;3;-26,20697505;-48,91482635;"SPRF-SC";"DEL03-SC";"UOP01-DEL03-SC"
350573;2021-04-08;"quinta-feira";"09:15:00";"MG";365;613;"UBERLANDIA";"Ultrapassagem Indevida";"Colisão frontal";"Com Vítimas Feridas";"Pleno dia";"Crescente";"Céu Claro";"Simples";"Reta";"Sim";2;0;1;0;1;0;1;2;-18,884602;-48,26594;"SPRF-MG";"DEL15-MG";"UOP01-DEL15-MG"
350580;2021-04-08;"quinta-feira";"10:25:00";"RJ";101;425;"MANGARATIBA";"Velocidade Incompatível";"Colisão traseira";"Com Vítimas Feridas";"Pleno dia";"Crescente";"Céu Claro";"Simples";"Aclive";"Não";2;0;1;0;0;1;1;2;-22,9295436;-43,97598624;"SPRF-RJ";"DEL03-RJ";"UOP03-DEL03-RJ"
350583;2021-04-08;"quinta-feira";"08:45:00";"BA";242;260;"BOA VISTA DO TUPIM";"Condutor Dormindo";"Colisão lateral sentido oposto";"Com Vítimas Feridas";"Pleno dia";"Decrescente";"Nublado";"Simples";"Curva";"Não";4;0;2;0;1;2;2;4;-12,46830983;-40,54758399;"SPRF-BA";"DEL06-BA";"UOP02-DEL06-BA"
350584;2021-04-08;"quinta-feira";"11:40:00";"RS";116;109,6;"SAO MARCOS";"Velocidade Incompatível";"Colisão transversal";"Com Vítimas Feridas";"Pleno dia";"Decrescente";"Céu Claro";"Simples";"Curva;Declive";"Não";2;0;0;1;1;0;1;2;-28,9318049;-51,0959297;"SPRF-RS";"DEL05-RS";"UOP01-DEL05-RS"
350586;2021-04-08;"quinta-feira";"12:29:00";"PR";277;345,9;"GUARAPUAVA";"Acessar a via sem observar a presença dos outros veículos";"Colisão transversal";"Com Vítimas Feridas";"Pleno dia";"Crescente";"Céu Claro";"Simples";"Reta";"Sim";2;0;1;0;1;0;1;2;-25,33928412;-51,42880296;"SPRF-PR";"DEL08-PR";"UOP01-DEL08-PR"
350587;2021-04-08;"quinta-feira";"06:00:00";"PE";423;117;"PARANATAMA";"Condutor deixou de manter distância do veículo da frente";"Saída de leito carroçável";"Sem Vítimas";"Pleno dia";"Decrescente";"Céu Claro";"Simples";"Reta";"Não";2;0;0;0;1;1;0;2;-8,90662085;-36,66901104;"SPRF-PE";"DEL03-PE";"UOP01-DEL03-PE"
350588;2021-04-08;"quinta-feira";"10:20:00";"PR";376;347;"ORTIGUEIRA";"Velocidade Incompatível";"Tombamento";"Com Vítimas Feridas";"Pleno dia";"Decrescente";"Céu Claro";"Simples";"Declive";"Não";2;0;1;0;0;1;1;2;-24,17553851;-50,96510947;"SPRF-PR";"DEL07-PR";"UOP02-DEL07-PR"
350591;2021-04-08;"quinta-feira";"13:00:00";"MG";50;193;"UBERABA";"Ausência de reação do condutor";"Colisão lateral sentido oposto";"Com Vítimas Feridas";"Pleno dia";"Crescente";"Céu Claro";"Dupla";"Aclive";"Não";3;0;1;0;1;1;1;3;-19,87965993;-47,85365089;"SPRF-MG";"DEL13-MG";"UOP01-DEL13-MG"
350593;2021-04-08;"quinta-feira";"09:40:00";"SC";101;139,8;"BALNEARIO CAMBORIU";"Condutor deixou de manter distância do veículo da frente";"Colisão traseira";"Com Vítimas Feridas";"Pleno dia";"Decrescente";"Nublado";"Dupla";"Reta";"Sim";3;0;1;0;1;1;1;3;-27,02982303;-48,60115006;"SPRF-SC";"DEL04-SC";"UOP03-DEL04-SC"
350598;2021-04-08;"quinta-feira";"12:00:00";"SP";116;514,5;"CAJATI";"Ausência de reação do condutor";"Tombamento";"Com Vítimas Feridas";"Pleno dia";"Decrescente";"Nublado";"Simples";"Curva";"Não";2;0;1;0;0;1;1;2;-24,85874304;-48,21731282;"SPRF-SP";"DEL05-SP";"UOP02-DEL05-SP"
350599;2021-04-08;"quinta-feira";"12:30:00";"RJ";101;208;"CASIMIRO DE ABREU";"Pista Escorregadia";"Saída de leito carroçável";"Com Vítimas Feridas";"Pleno dia";"Crescente";"Garoa/Chuvisco";"Simples";"Curva";"Não";2;0;2;0;0;0;2;1;-22,4806698;-42,22017209;"SPRF-RJ";"DEL08-RJ";"UOP04-DEL08-RJ"
350600;2021-04-08;"quinta-feira";"14:00:00";"SC";470;7;"NAVEGANTES";"Conversão proibida";"Colisão transversal";"Com Vítimas Feridas";"Pleno dia";"Crescente";"Céu Claro";"Simples";"Interseção de Vias";"Não";3;0;1;0;1;1;1;3;-26,83910155;-48,71716619;"SPRF-SC";"DEL04-SC";"UOP04-DEL04-SC"
350607;2021-04-08;"quinta-feira";"14:15:00";"MT";70;511,8;"VARZEA GRANDE";"Manobra de mudança de faixa";"Colisão lateral sentido oposto";"Com Vítimas Feridas";"Pleno dia";"Crescente";"Chuva";"Simples";"Declive";"Não";3;0;1;0;1;3;1;5;-15,70006109;-56,11370087;"SPRF-MT";"DEL01-MT";"UOP02-DEL01-MT"
350612;2021-04-08;"quinta-feira";"14:20:00";"MG";40;728,8;"OLIVEIRA FORTES";"Velocidade Incompatível";"Tombamento";"Com Vítimas Feridas";"Pleno dia";"Crescente";"Céu Claro";"Dupla";"Curva";"Não";1;0;1;0;0;0;1;1;-21,31842199;-43,58689599;"SPRF-MG";"DEL05-MG";"UOP01-DEL05-MG"
350615;2021-04-08;"quinta-feira";"14:30:00";"SC";116;6,8;"MAFRA";"Frear bruscamente";"Colisão lateral mesmo sentido";"Com Vítimas Feridas";"Pleno dia";"Decrescente";"Céu Claro";"Simples";"Reta";"Não";4;0;1;0;2;1;1;3;-26,14644691;-49,82305806;"SPRF-SC";"DEL06-SC";"UOP01-DEL06-SC"
350616;2021-01-18;"segunda-feira";"12:40:00";"ES";101;300,8;"VIANA";"Condutor deixou de manter distância do veículo da frente";"Colisão lateral";"Com Vítimas Feridas";"Pleno dia";"Crescente";"Céu Claro";"Dupla";"Reta";"Sim";2;0;0;1;1;0;1;2;-20,358635;-40,432167;"SPRF-ES";"DEL01-ES";"UOP01-DEL01-ES"
350621;2021-04-08;"quinta-feira";"11:50:00";"SC";282;45;"AGUAS MORNAS";"Velocidade Incompatível";"Saída de leito carroçável";"Sem Vítimas";"Pleno dia";"Decrescente";"Chuva";"Simples";"Curva";"Não";1;0;0;0;1;0;0;1;-27,719851;-48,916126;"SPRF-SC";"DEL01-SC";"UOP03-DEL01-SC"
350623;2021-04-08;"quinta-feira";"16:40:00";"BA";116;827;"VITORIA DA CONQUISTA";"Acessar a via sem observar a presença dos outros veículos";"Colisão transversal";"Com Vítimas Feridas";"Pleno dia";"Crescente";"Garoa/Chuvisco";"Simples";"Reta";"Sim";3;0;1;0;2;0;1;2;-14,88647638;-40,85985106;"SPRF-BA";"DEL08-BA";"UOP01-DEL08-BA"
350630;2021-04-08;"quinta-feira";"17:55:00";"PR";116;63;"CAMPINA GRANDE DO SUL";"Condutor deixou de manter distância do veículo da frente";"Colisão traseira";"Com Vítimas Feridas";"Anoitecer";"Crescente";"Sol";"Dupla";"Em Obras";"Não";2;0;1;0;1;0;1;2;-25,30777688;-48,98320998;"SPRF-PR";"DEL01-PR";"UOP02-DEL01-PR"
350631;2021-04-08;"quinta-feira";"15:45:00";"BA";110;357;"CATU";"Velocidade Incompatível";"Tombamento";"Com Vítimas Feridas";"Pleno dia";"Decrescente";"Nublado";"Simples";"Curva";"Não";2;0;1;0;0;1;1;2;-12,34225607;-38,38638782;"SPRF-BA";"DEL01-BA";"UOP04-DEL01-BA"
350636;2021-04-08;"quinta-feira";"18:30:00";"TO";226;26;"PALMEIRAS DO TOCANTINS";"Acostamento em desnível";"Tombamento";"Com Vítimas Feridas";"Plena Noite";"Decrescente";"Céu Claro";"Simples";"Reta";"Não";3;0;1;0;1;2;1;4;-6,641345;-47,667072;"SPRF-TO";"DEL02-TO";"UOP03-DEL02-TO"
350638;2021-02-20;"sábado";"14:50:00";"BA";101;321;"IBIRAPITANGA";"Velocidade Incompatível";"Tombamento";"Com Vítimas Fatais";"Pleno dia";"Crescente";"Sol";"Simples";"Curva";"Não";2;1;0;0;0;2;0;3;-14,136593;-39,358113;"SPRF-BA";"DEL05-BA";"UOP03-DEL05-BA"
350641;2021-04-08;"quinta-feira";"18:50:00";"SC";101;203;"SAO JOSE";"Reação tardia ou ineficiente do condutor";"Colisão lateral mesmo sentido";"Com Vítimas Feridas";"Plena Noite";"Decrescente";"Céu Claro";"Dupla";"Reta";"Sim";4;0;1;0;2;1;1;4;-27,5650044;-48,61460082;"SPRF-SC";"DEL01-SC";"UOP01-DEL01-SC"
350643;2021-04-08;"quinta-feira";"19:05:00";"RS";386;435,3;"NOVA SANTA RITA";"Desrespeitar a preferência no cruzamento";"Colisão transversal";"Com Vítimas Feridas";"Plena Noite";"Crescente";"Céu Claro";"Dupla";"Curva";"Sim";3;0;1;0;1;1;1;3;-29,846369;-51,275738;"SPRF-RS";"DEL04-RS";"UOP02-DEL04-RS"
350651;2021-04-08;"quinta-feira";"18:55:00";"PR";369;147,2;"LONDRINA";"Acesso irregular";"Atropelamento de Pedestre";"Com Vítimas Fatais";"Anoitecer";"Decrescente";"Céu Claro";"Dupla";"Reta";"Sim";3;1;0;0;1;1;0;2;-23,293122;-51,134221;"SPRF-PR";"DEL07-PR";"UOP01-DEL07-PR"
350657;2021-04-08;"quinta-feira";"19:00:00";"GO";452;161;"ITUMBIARA";"Ultrapassagem Indevida";"Colisão lateral sentido oposto";"Com Vítimas Feridas";"Anoitecer";"Crescente";"Céu Claro";"Simples";"Reta";"Não";3;0;1;0;1;1;1;2;-18,31260078;-49,49835091;"SPRF-GO";"DEL03-GO";"UOP02-DEL03-GO"
350658;2021-04-08;"quinta-feira";"17:15:00";"MG";262;698,5;"ARAXA";"Ingestão de álcool pelo condutor";"Colisão frontal";"Com Vítimas Fatais";"Pleno dia";"Decrescente";"Céu Claro";"Simples";"Curva";"Não";5;1;0;1;2;2;1;5;-19,56731883;-47,041997;"SPRF-MG";"DEL08-MG";"UOP01-DEL08-MG"
350662;2021-04-08;"quinta-feira";"20:10:00";"GO";40;10,2;"LUZIANIA";"Acessar a via sem observar a presença dos outros veículos";"Colisão transversal";"Com Vítimas Feridas";"Plena Noite";"Crescente";"Céu Claro";"Dupla";"Reta";"Sim";3;0;1;0;1;2;1;4;-16,131285;-47,957923;"SPRF-DF";"DEL01-DF";"UOP01-DEL01-DF"
350666;2021-04-08;"quinta-feira";"21:00:00";"RJ";116;1,5;"SAPUCAIA";"Ausência de reação do condutor";"Colisão frontal";"Com Vítimas Fatais";"Plena Noite";"Crescente";"Chuva";"Simples";"Curva";"Não";3;2;1;0;0;0;1;2;-21,87743576;-42,67292698;"SPRF-RJ";"DEL05-RJ";"UOP01-DEL05-RJ"
350667;2021-04-08;"quinta-feira";"21:30:00";"RS";472;173,5;"SANTA ROSA";"Ingestão de álcool ou de substâncias psicoativas pelo pedestre";"Atropelamento de Pedestre";"Com Vítimas Feridas";"Plena Noite";"Decrescente";"Céu Claro";"Simples";"Reta";"Não";2;0;0;1;0;1;1;2;-27,86018286;-54,49834585;"SPRF-RS";"DEL10-RS";"UOP01-DEL10-RS"
350673;2021-04-08;"quinta-feira";"22:15:00";"ES";101;381;"ICONHA";"Acessar a via sem observar a presença dos outros veículos";"Colisão transversal";"Com Vítimas Feridas";"Plena Noite";"Decrescente";"Chuva";"Simples";"Curva";"Não";3;0;0;1;1;1;1;3;-20,81426791;-40,84094115;"SPRF-ES";"DEL03-ES";"UOP01-DEL03-ES"
350674;2021-04-08;"quinta-feira";"21:40:00";"SC";101;104;"PENHA";"Condutor deixou de manter distância do veículo da frente";"Colisão traseira";"Com Vítimas Feridas";"Plena Noite";"Decrescente";"Nublado";"Dupla";"Reta";"Não";3;0;0;1;1;2;1;4;-26,7941948;-48,68031263;"SPRF-SC";"DEL03-SC";"UOP02-DEL03-SC"
350677;2021-04-08;"quinta-feira";"21:40:00";"GO";20;176;"ALVORADA DO NORTE";"Ultrapassagem Indevida";"Saída de leito carroçável";"Com Vítimas Feridas";"Plena Noite";"Decrescente";"Céu Claro";"Simples";"Reta";"Não";2;0;1;0;0;1;1;2;-14,505519;-46,516075;"SPRF-DF";"DEL02-DF";"UOP03-DEL02-DF"
350678;2021-04-08;"quinta-feira";"16:10:00";"BA";101;650;"ITAPEBI";"Ausência de reação do condutor";"Colisão com objeto";"Com Vítimas Fatais";"Pleno dia";"Decrescente";"Nublado";"Simples";"Declive";"Não";6;1;2;0;3;0;2;2;-16,01883507;-39,60635089;"SPRF-BA";"DEL05-BA";"UOP02-DEL05-BA"
350680;2021-04-08;"quinta-feira";"22:20:00";"BA";324;614;"SALVADOR";"Velocidade Incompatível";"Colisão com objeto";"Sem Vítimas";"Plena Noite";"Crescente";"Chuva";"Dupla";"Reta";"Sim";2;0;0;0;1;1;0;2;-12,8639793;-38,42370126;"SPRF-BA";"DEL01-BA";"UOP01-DEL01-BA"
350681;2021-04-08;"quinta-feira";"23:15:00";"RS";471;479;"RIO GRANDE";"Estacionar ou parar em local proibido";"Colisão traseira";"Com Vítimas Fatais";"Plena Noite";"Crescente";"Céu Claro";"Simples";"Reta";"Não";4;1;0;1;1;1;1;3;-32,191635;-52,434708;"SPRF-RS";"DEL07-RS";"UOP02-DEL07-RS"
350689;2021-04-09;"sexta-feira";"00:20:00";"SC";101;377,6;"ICARA";"Acessar a via sem observar a presença dos outros veículos";"Colisão lateral sentido oposto";"Com Vítimas Feridas";"Plena Noite";"Crescente";"Céu Claro";"Simples";"Reta";"Sim";2;0;1;0;1;0;1;2;-28,74706262;-49,26215887;"SPRF-SC";"DEL02-SC";"UOP01-DEL02-SC"
350692;2021-04-08;"quinta-feira";"22:45:00";"SP";116;340;"MIRACATU";"Ausência de reação do condutor";"Saída de leito carroçável";"Sem Vítimas";"Plena Noite";"Decrescente";"Céu Claro";"Dupla";"Reta";"Não";2;0;0;0;1;1;0;2;-24,00328505;-47,15633198;"SPRF-SP";"DEL04-SP";"UOP02-DEL04-SP"
350696;2021-04-08;"quinta-feira";"22:15:00";"RS";290;377;"VILA NOVA DO SUL";"Manobra de mudança de faixa";"Colisão lateral sentido oposto";"Com Vítimas Fatais";"Plena Noite";"Decrescente";"Céu Claro";"Simples";"Reta;Aclive";"Não";4;1;0;0;1;2;0;4;-30,347895;-53,927414;"SPRF-RS";"DEL09-RS";"UOP02-DEL09-RS"
350697;2021-04-09;"sexta-feira";"03:45:00";"SC";470;145;"RIO DO SUL";"Ausência de reação do condutor";"Colisão transversal";"Com Vítimas Fatais";"Plena Noite";"Crescente";"Nublado";"Simples";"Reta";"Sim";7;1;0;3;1;2;3;4;-27,232343;-49,671796;"SPRF-SC";"DEL04-SC";"UOP02-DEL04-SC"
350699;2021-04-08;"quinta-feira";"23:40:00";"MG";153;167,5;"COMENDADOR GOMES";"Demais falhas mecânicas ou elétricas";"Tombamento";"Sem Vítimas";"Plena Noite";"Crescente";"Céu Claro";"Simples";"Reta";"Não";2;0;0;0;1;2;0;3;-19,68344;-48,98621;"SPRF-MG";"DEL13-MG";"UOP02-DEL13-MG"
350707;2021-04-09;"sexta-feira";"06:30:00";"CE";20;212,2;"BOA VIAGEM";"Entrada inopinada do pedestre";"Atropelamento de Pedestre";"Com Vítimas Fatais";"Pleno dia";"Crescente";"Céu Claro";"Simples";"Declive";"Não";3;1;0;0;1;1;0;3;-5,0613452;-39,6947276;"SPRF-CE";"DEL02-CE";"UOP02-DEL02-CE"
350714;2021-04-09;"sexta-feira";"07:40:00";"PR";376;71,9;"GUAIRACA";"Condutor deixou de manter distância do veículo da frente";"Colisão lateral sentido oposto";"Com Vítimas Feridas";"Pleno dia";"Decrescente";"Céu Claro";"Simples";"Reta";"Não";4;0;1;2;0;3;3;5;-22,93977297;-52,73038499;"SPRF-PR";"DEL09-PR";"UOP02-DEL09-PR"
350719;2021-02-11;"quinta-feira";"20:45:00";"RJ";116;37;"SAPUCAIA";"Velocidade Incompatível";"Colisão traseira";"Com Vítimas Feridas";"Plena Noite";"Crescente";"Chuva";"Simples";"Reta";"Não";2;0;1;0;1;0;1;2;-22,10884271;-42,78535659;"SPRF-RJ";"DEL04-RJ";"UOP01-DEL04-RJ"
350723;2021-03-04;"quinta-feira";"05:47:00";"RS";470;166,4;"VILA FLORES";"Carga excessiva e/ou mal acondicionada";"Derramamento de carga";"Com Vítimas Feridas";"Amanhecer";"Crescente";"Céu Claro";"Dupla";"Aclive;Reta";"Sim";3;0;0;1;2;0;1;3;-28,84766792;-51,57122398;"SPRF-RS";"DEL06-RS";"UOP02-DEL06-RS"
350729;2021-04-09;"sexta-feira";"06:30:00";"RJ";116;223;"PIRAI";"Reação tardia ou ineficiente do condutor";"Tombamento";"Sem Vítimas";"Pleno dia";"Decrescente";"Sol";"Simples";"Reta";"Não";1;0;0;0;1;0;0;1;-22,67294662;-43,82892609;"SPRF-RJ";"DEL07-RJ";"UOP01-DEL07-RJ"
350731;2021-04-09;"sexta-feira";"09:20:00";"SP";381;84;"SAO PAULO";"Condutor deixou de manter distância do veículo da frente";"Colisão traseira";"Com Vítimas Feridas";"Pleno dia";"Crescente";"Céu Claro";"Múltipla";"Reta";"Sim";5;0;4;0;0;1;4;2;-23,43937;-46,56807;"SPRF-SP";"DEL03-SP";"UOP01-DEL03-SP"
350732;2021-03-20;"sábado";"10:40:00";"MG";381;708,6;"NEPOMUCENO";"Velocidade Incompatível";"Tombamento";"Com Vítimas Feridas";"Pleno dia";"Crescente";"Nublado";"Dupla";"Retorno Regulamentado";"Não";2;0;2;0;0;0;2;1;-21,341232;-45,176461;"SPRF-MG";"DEL04-MG";"UOP02-DEL04-MG"
350734;2021-04-09;"sexta-feira";"09:00:00";"PR";376;303,3;"MAUA DA SERRA";"Velocidade Incompatível";"Tombamento";"Com Vítimas Feridas";"Pleno dia";"Crescente";"Céu Claro";"Dupla";"Declive;Curva";"Não";2;0;1;0;0;1;1;2;-23,94940698;-51,11940888;"SPRF-PR";"DEL07-PR";"UOP02-DEL07-PR"
350738;2021-03-06;"sábado";"12:45:00";"RN";304;299;"MACAIBA";"Acessar a via sem observar a presença dos outros veículos";"Colisão traseira";"Com Vítimas Feridas";"Pleno dia";"Decrescente";"Céu Claro";"Dupla";"Retorno Regulamentado";"Não";6;0;5;0;1;0;5;2;-5,870373;-35,324203;"SPRF-RN";"DEL01-RN";"UOP02-DEL01-RN"
350740;2021-04-09;"sexta-feira";"09:58:00";"PB";230;68,4;"SAO MIGUEL DE TAIPU";"Manobra de mudança de faixa";"Colisão lateral mesmo sentido";"Com Vítimas Feridas";"Pleno dia";"Crescente";"Céu Claro";"Dupla";"Reta";"Não";4;0;1;0;2;1;1;3;-7,1873;-35,2065;"SPRF-PB";"DEL01-PB";"UOP03-DEL01-PB"
350742;2021-04-09;"sexta-feira";"09:45:00";"PR";369;186;"ARAPONGAS";"Ultrapassagem Indevida";"Colisão lateral mesmo sentido";"Com Vítimas Feridas";"Pleno dia";"Crescente";"Céu Claro";"Simples";"Interseção de Vias";"Sim";3;0;0;1;1;1;1;3;-23,42594629;-51,42337024;"SPRF-PR";"DEL07-PR";"UOP02-DEL07-PR"
350743;2021-04-09;"sexta-feira";"05:30:00";"MG";267;84;"JUIZ DE FORA";"Velocidade Incompatível";"Saída de leito carroçável";"Com Vítimas Feridas";"Amanhecer";"Crescente";"Nublado";"Simples";"Curva";"Não";1;0;1;0;0;0;1;1;-21,76835602;-43,24521601;"SPRF-MG";"DEL05-MG";"UOP01-DEL05-MG"
350750;2021-04-02;"sexta-feira";"04:50:00";"PA";163;926;"BELTERRA";"Curva acentuada";"Saída de leito carroçável";"Com Vítimas Feridas";"Amanhecer";"Crescente";"Céu Claro";"Simples";"Curva";"Não";3;0;2;0;0;1;2;2;-3,4197878;-54,91038412;"SPRF-PA";"DEL05-PA";"UOP01-DEL05-PA"
350754;2021-04-09;"sexta-feira";"11:10:00";"MT";364;521;"ROSARIO OESTE";"Condutor deixou de manter distância do veículo da frente";"Engavetamento";"Com Vítimas Feridas";"Pleno dia";"Crescente";"Nublado";"Simples";"Reta";"Não";5;0;1;0;3;4;1;8;-15,11187601;-56,5205848;"SPRF-MT";"DEL01-MT";"UOP01-DEL01-MT"
350760;2021-04-09;"sexta-feira";"07:10:00";"PA";222;121,8;"RONDON DO PARA";"Curva acentuada";"Tombamento";"Com Vítimas Feridas";"Pleno dia";"Crescente";"Sol";"Simples";"Declive;Curva";"Não";2;0;1;0;0;1;1;2;-4,84168721;-48,20268631;"SPRF-PA";"DEL02-PA";"UOP02-DEL02-PA"
350763;2021-04-09;"sexta-feira";"13:35:00";"BA";20;129;"SAO DESIDERIO";"Acessar a via sem observar a presença dos outros veículos";"Colisão transversal";"Com Vítimas Feridas";"Pleno dia";"Crescente";"Céu Claro";"Simples";"Interseção de Vias";"Não";3;0;0;1;1;1;1;3;-12,81657182;-45,95696926;"SPRF-BA";"DEL10-BA";"UOP01-DEL10-BA"
350764;2021-04-09;"sexta-feira";"13:30:00";"RN";101;152;"GOIANINHA";"Demais falhas mecânicas ou elétricas";"Colisão traseira";"Com Vítimas Feridas";"Pleno dia";"Decrescente";"Céu Claro";"Dupla";"Reta";"Não";4;0;1;1;1;1;2;3;-6,30988774;-35,18750756;"SPRF-RN";"DEL01-RN";"UOP01-DEL01-RN"
350766;2021-02-26;"sexta-feira";"16:15:00";"PI";135;558;"SAO GONCALO DO GURGUEIA";"Transitar na contramão";"Colisão lateral sentido oposto";"Com Vítimas Feridas";"Plena Noite";"Crescente";"Nublado";"Simples";"Curva";"Não";3;0;0;1;1;3;1;5;-10,14929898;-45,18679955;"SPRF-PI";"DEL03-PI";"UOP02-DEL03-PI"
350771;2021-03-24;"quarta-feira";"11:05:00";"RO";364;357;"JI-PARANA";"Velocidade Incompatível";"Tombamento";"Com Vítimas Feridas";"Pleno dia";"Crescente";"Céu Claro";"Simples";"Reta";"Não";2;0;1;0;0;1;1;2;-10,79554985;-62,03325391;"SPRF-RO";"DEL02-RO";"UOP01-DEL02-RO"
350772;2021-04-09;"sexta-feira";"14:30:00";"PB";101;88;"JOAO PESSOA";"Condutor deixou de manter distância do veículo da frente";"Colisão traseira";"Com Vítimas Feridas";"Pleno dia";"Crescente";"Céu Claro";"Dupla";"Reta";"Sim";3;0;1;1;0;1;2;2;-7,16470016;-34,89993643;"SPRF-PB";"DEL01-PB";"UOP01-DEL01-PB"
350776;2021-04-09;"sexta-feira";"05:30:00";"AM";174;1004;"PRESIDENTE FIGUEIREDO";"Demais falhas mecânicas ou elétricas";"Saída de leito carroçável";"Sem Vítimas";"Amanhecer";"Crescente";"Ignorado";"Simples";"Reta;Aclive";"Não";2;0;0;0;1;1;0;2;-1,93555488;-60,04773973;"SPRF-AM";"DEL01-AM";"UOP02-DEL01-AM"
350784;2021-04-09;"sexta-feira";"15:25:00";"PE";101;68;"RECIFE";"Condutor deixou de manter distância do veículo da frente";"Engavetamento";"Com Vítimas Feridas";"Pleno dia";"Decrescente";"Nublado";"Dupla";"Viaduto";"Sim";7;0;3;1;3;0;4;4;-8,05074296;-34,94580619;"SPRF-PE";"DEL01-PE";"UOP01-DEL01-PE"