"id";"data_inversa";"dia_semana";"horario";"uf";"br";"km";"municipio";"causa_acidente";"tipo_acidente";"classificacao_acidente";"fase_dia";"sentido_via";"condicao_metereologica";"tipo_pista";"tracado_via";"uso_solo";"pessoas";"mortos";"feridos_leves";"feridos_graves";"ilesos";"ignorados";"feridos";"veiculos";"latitude";"longitude";"regional";"delegacia";"uop"
350787;2021-04-09;"sexta-feira";"15:50:00";"MG";40;556;"NOVA LIMA";"Ausência de reação do condutor";"Colisão traseira";"Com Vítimas Feridas";"Pleno dia";"Decrescente";"Céu Claro";"Dupla";"Reta";"Sim";3;0;1;0;1;1;1;3;-20,09356202;-43,97554136;"SPRF-MG";"DEL01-MG";"UOP02-DEL01-MG"
350801;2021-04-09;"sexta-feira";"16:00:00";"BA";324;526;"FEIRA DE SANTANA";"Acessar a via sem observar a presença dos outros veículos";"Colisão traseira";"Com Vítimas Feridas";"Pleno dia";"Decrescente";"Nublado";"Dupla";"Reta";"Sim";2;0;1;0;0;1;1;2;-12,30639712;-38,89051509;"SPRF-BA";"DEL01-BA";"UOP03-DEL01-BA"
350803;2021-04-09;"sexta-feira";"17:00:00";"RS";386;436;"NOVA SANTA RITA";"Manobra de mudança de faixa";"Colisão lateral mesmo sentido";"Com Vítimas Feridas";"Pleno dia";"Crescente";"Sol";"Dupla";"Reta";"Sim";2;0;1;0;0;1;1;2;-29,850487;-51,266758;"SPRF-RS";"DEL04-RS";"UOP02-DEL04-RS"
350805;2021-04-09;"sexta-feira";"16:30:00";"PB";101;85;"BAYEUX";"Carga excessiva e/ou mal acondicionada";"Saída de leito carroçável";"Sem Vítimas";"Pleno dia";"Decrescente";"Céu Claro";"Dupla";"Reta";"Sim";2;0;0;0;1;1;0;2;-7,14538184;-34,91662887;"SPRF-PB";"DEL01-PB";"UOP01-DEL01-PB"
350811;2021-04-09;"sexta-feira";"18:35:00";"SC";280;53,1;"GUARAMIRIM";"Condutor deixou de manter distância do veículo da frente";"Colisão traseira";"Com Vítimas Feridas";"Anoitecer";"Decrescente";"Nublado";"Dupla";"Reta";"Sim";4;0;0;1;2;1;1;4;-26,47236756;-48,97426617;"SPRF-SC";"DEL03-SC";"UOP03-DEL03-SC"
350812;2021-04-09;"sexta-feira";"18:00:00";"ES";101;300,8;"VIANA";"Reação tardia ou ineficiente do condutor";"Colisão traseira";"Sem Vítimas";"Anoitecer";"Crescente";"Nublado";"Simples";"Interseção de Vias";"Sim";2;0;0;0;1;1;0;2;-20,36278187;-40,4401343;"SPRF-ES";"DEL01-ES";"UOP01-DEL01-ES"
350813;2021-03-06;"sábado";"07:30:00";"MT";163;615;"NOVA MUTUM";"Manobra de mudança de faixa";"Colisão lateral sentido oposto";"Com Vítimas Feridas";"Pleno dia";"Crescente";"Nublado";"Simples";"Reta";"Não";4;0;1;0;2;4;1;7;-13,778142;-56,05998101;"SPRF-MT";"DEL01-MT";"UOP01-DEL01-MT"
350814;2021-04-09;"sexta-feira";"18:30:00";"PR";376;494,9;"PONTA GROSSA";"Manobra de mudança de faixa";"Colisão lateral mesmo sentido";"Com Vítimas Feridas";"Plena Noite";"Crescente";"Céu Claro";"Dupla";"Reta";"Sim";2;0;1;0;1;0;1;2;-25,16566955;-50,11640967;"SPRF-PR";"DEL03-PR";"UOP01-DEL03-PR"
350820;2021-04-09;"sexta-feira";"06:00:00";"MA";230;554,9;"CAROLINA";"Pista esburacada";"Tombamento";"Com Vítimas Feridas";"Pleno dia";"Crescente";"Céu Claro";"Simples";"Reta";"Não";2;0;1;0;0;1;1;2;-7,37635323;-47,29402602;"SPRF-MA";"DEL05-MA";"UOP01-DEL05-MA"
350823;2021-04-09;"sexta-feira";"17:51:00";"PE";232;183;"BELO JARDIM";"Acessar a via sem observar a presença dos outros veículos";"Colisão transversal";"Com Vítimas Feridas";"Anoitecer";"Decrescente";"Céu Claro";"Simples";"Reta";"Não";4;0;0;1;2;1;1;4;-8,34981605;-36,45554399;"SPRF-PE";"DEL02-PE";"UOP03-DEL02-PE"
350829;2021-04-09;"sexta-feira";"14:30:00";"CE";20;6,4;"PARAMBU";"Velocidade Incompatível";"Tombamento";"Sem Vítimas";"Pleno dia";"Crescente";"Céu Claro";"Simples";"Declive";"Não";2;0;0;0;1;3;0;4;-6,48441105;-40,75204496;"SPRF-CE";"DEL02-CE";"UOP02-DEL02-CE"
350831;2021-03-08;"segunda-feira";"17:40:00";"MT";70;522,7;"VARZEA GRANDE";"Acesso irregular";"Colisão transversal";"Com Vítimas Feridas";"Anoitecer";"Crescente";"Chuva";"Simples";"Reta";"Sim";4;0;2;0;1;2;2;4;-15,658841;-56,188015;"SPRF-MT";"DEL01-MT";"UOP02-DEL01-MT"
350842;2021-04-09;"sexta-feira";"19:30:00";"ES";101;149;"LINHARES";"Acessar a via sem observar a presença dos outros veículos";"Atropelamento de Pedestre";"Com Vítimas Feridas";"Plena Noite";"Crescente";"Céu Claro";"Simples";"Reta";"Sim";3;0;0;1;1;1;1;2;-19,39619083;-40,06435871;"SPRF-ES";"DEL04-ES";"UOP01-DEL04-ES"
350849;2021-04-09;"sexta-feira";"19:30:00";"GO";153;267;"NOVA GLORIA";"Manobra de mudança de faixa";"Colisão frontal";"Com Vítimas Fatais";"Plena Noite";"Decrescente";"Céu Claro";"Simples";"Reta;Declive";"Não";3;1;0;0;1;1;0;3;-15,046074;-49,442516;"SPRF-GO";"DEL07-GO";"UOP02-DEL07-GO"
350850;2021-04-09;"sexta-feira";"20:00:00";"MG";40;530;"CONTAGEM";"Ingestão de álcool pelo condutor";"Colisão lateral mesmo sentido";"Sem Vítimas";"Plena Noite";"Decrescente";"Céu Claro";"Dupla";"Reta";"Sim";2;0;0;0;2;0;0;2;-19,92064782;-44,0335681;"SPRF-MG";"DEL01-MG";"UOP02-DEL01-MG"
350853;2021-04-09;"sexta-feira";"20:45:00";"SC";163;0,9;"DIONISIO CERQUEIRA";"Ingestão de álcool pelo condutor";"Colisão frontal";"Com Vítimas Feridas";"Plena Noite";"Decrescente";"Céu Claro";"Simples";"Reta";"Sim";3;0;1;0;1;1;1;3;-26,26457425;-53,62409592;"SPRF-SC";"DEL07-SC";"UOP03-DEL07-SC"
350858;2021-04-09;"sexta-feira";"18:45:00";"PR";153;509;"GENERAL CARNEIRO";"Ingestão de álcool pelo condutor";"Saída de leito carroçável";"Sem Vítimas";"Plena Noite";"Crescente";"Céu Claro";"Simples";"Reta";"Não";2;0;0;0;1;1;0;2;-26,50906686;-51,35344505;"SPRF-PR";"DEL02-PR";"UOP03-DEL02-PR"
350861;2021-04-09;"sexta-feira";"18:28:00";"SC";470;248,5;"CURITIBANOS";"Desrespeitar a preferência no cruzamento";"Colisão transversal";"Com Vítimas Feridas";"Plena Noite";"Crescente";"Nublado";"Simples";"Interseção de Vias";"Sim";4;0;1;0;2;2;1;5;-27,3145294;-50,57193518;"SPRF-SC";"DEL05-SC";"UOP03-DEL05-SC"
350863;2021-04-09;"sexta-feira";"19:55:00";"SC";101;254;"PAULO LOPES";"Acessar a via sem observar a presença dos outros veículos";"Colisão traseira";"Com Vítimas Feridas";"Plena Noite";"Crescente";"Céu Claro";"Dupla";"Reta";"Sim";3;0;2;0;1;0;2;2;-27,97368802;-48,67940247;"SPRF-SC";"DEL02-SC";"UOP03-DEL02-SC"
350866;2021-04-09;"sexta-feira";"21:35:00";"PE";101;68;"RECIFE";"Reação tardia ou ineficiente do condutor";"Colisão traseira";"Com Vítimas Feridas";"Plena Noite";"Decrescente";"Nublado";"Dupla";"Viaduto";"Sim";3;0;1;0;1;1;1;3;-8,05133;-34,945921;"SPRF-PE";"DEL01-PE";"UOP01-DEL01-PE"
350870;2021-04-09;"sexta-feira";"12:35:00";"MG";381;195,5;"PERIQUITO";"Pista esburacada";"Saída de leito carroçável";"Com Vítimas Feridas";"Pleno dia";"Decrescente";"Céu Claro";"Simples";"Curva";"Não";5;0;2;0;2;1;2;3;-19,13990956;-42,2213803;"SPRF-MG";"DEL06-MG";"UOP01-DEL06-MG"
350871;2021-04-09;"sexta-feira";"21:00:00";"MT";364;350;"SANTO ANTONIO DO LEVERGER";"Demais falhas mecânicas ou elétricas";"Incêndio";"Sem Vítimas";"Plena Noite";"Decrescente";"Céu Claro";"Dupla";"Reta";"Não";2;0;0;0;1;1;0;2;-15,80518241;-55,55686807;"SPRF-MT";"DEL05-MT";"UOP02-DEL05-MT"
350874;2021-04-05;"segunda-feira";"22:45:00";"RJ";101;16;"CAMPOS DOS GOYTACAZES";"Ausência de reação do condutor";"Saída de leito carroçável";"Com Vítimas Fatais";"Plena Noite";"Decrescente";"Céu Claro";"Simples";"Curva";"Não";2;1;0;0;0;1;0;2;-21,35038601;-41,33532577;"SPRF-RJ";"DEL08-RJ";"UOP01-DEL08-RJ"
350876;2021-04-09;"sexta-feira";"21:00:00";"MT";70;608,9;"POCONE";"Velocidade Incompatível";"Saída de leito carroçável";"Com Vítimas Feridas";"Plena Noite";"Crescente";"Chuva";"Simples";"Curva";"Não";1;0;1;0;0;0;1;1;-15,84859368;-56,79496503;"SPRF-MT";"DEL03-MT";"UOP02-DEL03-MT"
350882;2021-04-09;"sexta-feira";"15:30:00";"MT";163;687;"LUCAS DO RIO VERDE";"Acessar a via sem observar a presença dos outros veículos";"Colisão transversal";"Com Vítimas Feridas";"Pleno dia";"Decrescente";"Céu Claro";"Dupla";"Retorno Regulamentado";"Sim";4;0;1;0;3;0;1;2;-13,18354788;-55,98612126;"SPRF-MT";"DEL06-MT";"UOP01-DEL06-MT"
350883;2021-04-09;"sexta-feira";"17:55:00";"MT";163;772,3;"SORRISO";"Transitar no acostamento";"Colisão lateral mesmo sentido";"Com Vítimas Fatais";"Anoitecer";"Decrescente";"Céu Claro";"Simples";"Reta";"Não";3;1;1;0;0;1;1;3;-12,40100191;-55,62312309;"SPRF-MT";"DEL06-MT";"UOP01-DEL06-MT"
350890;2021-04-09;"sexta-feira";"22:30:00";"MT";364;171;"PEDRA PRETA";"Reação tardia ou ineficiente do condutor";"Tombamento";"Sem Vítimas";"Plena Noite";"Crescente";"Céu Claro";"Simples";"Reta";"Não";2;0;0;0;0;2;0;2;-16,64476648;-54,42350272;"SPRF-MT";"DEL02-MT";"UOP01-DEL02-MT"
350894;2021-04-10;"sábado";"00:05:00";"PR";163;318,3;"GUAIRA";"Acessar a via sem observar a presença dos outros veículos";"Colisão transversal";"Com Vítimas Feridas";"Plena Noite";"Decrescente";"Céu Claro";"Simples";"Reta;Aclive";"Não";6;0;1;2;1;3;3;4;-24,31513923;-54,15809155;"SPRF-PR";"DEL06-PR";"UOP01-DEL06-PR"
350895;2021-04-09;"sexta-feira";"20:40:00";"RS";470;229,1;"GARIBALDI";"Transitar na contramão";"Colisão frontal";"Com Vítimas Fatais";"Plena Noite";"Decrescente";"Céu Claro";"Simples";"Reta;Declive";"Não";3;1;0;0;2;0;0;2;-29,27319032;-51,49575418;"SPRF-RS";"DEL06-RS";"UOP01-DEL06-RS"
350898;2021-04-09;"sexta-feira";"23:30:00";"MS";163;618;"SAO GABRIEL DO OESTE";"Ingestão de álcool pelo condutor";"Colisão lateral sentido oposto";"Com Vítimas Feridas";"Plena Noite";"Crescente";"Céu Claro";"Simples";"Reta";"Sim";3;0;1;0;1;2;1;4;-19,37525327;-54,58015244;"SPRF-MS";"DEL06-MS";"UOP02-DEL06-MS"
350903;2021-04-10;"sábado";"02:00:00";"RJ";493;19;"MAGE";"Reação tardia ou ineficiente do condutor";"Colisão lateral sentido oposto";"Com Vítimas Feridas";"Plena Noite";"Crescente";"Céu Claro";"Dupla";"Reta";"Não";2;0;1;0;1;0;1;2;-22,6663848;-43,02770248;"SPRF-RJ";"DEL04-RJ";"UOP02-DEL04-RJ"
350907;2021-04-10;"sábado";"03:20:00";"PR";277;15,1;"PARANAGUA";"Condutor Dormindo";"Saída de leito carroçável";"Sem Vítimas";"Plena Noite";"Decrescente";"Nublado";"Dupla";"Reta";"Não";2;0;0;0;1;2;0;3;-25,55253;-48,663932;"SPRF-PR";"DEL01-PR";"UOP05-DEL01-PR"
350917;2021-04-10;"sábado";"05:35:00";"SC";101;116,1;"ITAJAI";"Reação tardia ou ineficiente do condutor";"Colisão traseira";"Com Vítimas Feridas";"Amanhecer";"Decrescente";"Céu Claro";"Múltipla";"Reta";"Sim";5;0;1;2;1;1;3;3;-26,87905605;-48,72603512;"SPRF-SC";"DEL04-SC";"UOP04-DEL04-SC"
350918;2021-04-10;"sábado";"04:30:00";"MT";163;829;"SINOP";"Ausência de reação do condutor";"Colisão lateral mesmo sentido";"Sem Vítimas";"Plena Noite";"Decrescente";"Céu Claro";"Simples";"Interseção de Vias";"Sim";3;0;0;0;2;1;0;3;-12,040704;-55,51732275;"SPRF-MT";"DEL06-MT";"UOP01-DEL06-MT"
350922;2021-04-10;"sábado";"05:30:00";"SC";470;108;"APIUNA";"Ingestão de álcool pelo condutor";"Colisão lateral sentido oposto";"Com Vítimas Feridas";"Plena Noite";"Crescente";"Nublado";"Simples";"Curva";"Não";3;0;1;0;1;2;1;4;-27,080708;-49,440491;"SPRF-SC";"DEL04-SC";"UOP02-DEL04-SC"
350925;2021-04-10;"sábado";"05:20:00";"MS";267;361,3;"MARACAJU";"Transitar na contramão";"Colisão frontal";"Com Vítimas Fatais";"Amanhecer";"Crescente";"Céu Claro";"Simples";"Curva";"Não";4;1;0;1;1;2;1;4;-21,64370513;-55,11417004;"SPRF-MS";"DEL02-MS";"UOP02-DEL02-MS"
350929;2021-04-09;"sexta-feira";"01:00:00";"RJ";40;72;"PETROPOLIS";"Demais falhas mecânicas ou elétricas";"Incêndio";"Sem Vítimas";"Plena Noite";"Decrescente";"Céu Claro";"Dupla";"Reta";"Sim";2;0;0;0;1;1;0;2;-22,4585308;-43,21600514;"SPRF-RJ";"DEL06-RJ";"UOP01-DEL06-RJ"
350930;2021-03-01;"segunda-feira";"17:20:00";"PB";101;88,4;"JOAO PESSOA";"Ausência de reação do condutor";"Colisão traseira";"Com Vítimas Feridas";"Anoitecer";"Crescente";"Nublado";"Dupla";"Reta";"Sim";3;0;0;1;1;1;1;3;-7,16470016;-34,89993643;"SPRF-PB";"DEL01-PB";"UOP02-DEL01-PB"
350934;2021-04-09;"sexta-feira";"20:00:00";"MT";364;494;"JANGADA";"Reação tardia ou ineficiente do condutor";"Colisão transversal";"Com Vítimas Feridas";"Plena Noite";"Crescente";"Chuva";"Simples";"Reta";"Sim";2;0;1;0;1;0;1;2;-15,29227197;-56,43455719;"SPRF-MT";"DEL01-MT";"UOP02-DEL01-MT"
350956;2021-03-09;"terça-feira";"08:30:00";"RS";116;269;"CANOAS";"Ausência de sinalização";"Colisão traseira";"Com Vítimas Feridas";"Pleno dia";"Crescente";"Nublado";"Dupla";"Reta";"Sim";2;0;1;0;1;0;1;2;-29,95905753;-51,17629236;"SPRF-RS";"DEL01-RS";"UOP01-DEL01-RS"
350961;2021-04-10;"sábado";"06:30:00";"RS";392;8,5;"RIO GRANDE";"Transitar na contramão";"Colisão lateral sentido oposto";"Sem Vítimas";"Amanhecer";"Decrescente";"Nublado";"Simples";"Reta";"Não";3;0;0;0;2;1;0;3;-32,10246718;-52,11069415;"SPRF-RS";"DEL07-RS";"UOP02-DEL07-RS"
350970;2021-04-10;"sábado";"10:45:00";"MG";251;497,7;"FRANCISCO SA";"Animais na Pista";"Colisão com objeto";"Com Vítimas Fatais";"Pleno dia";"Crescente";"Sol";"Simples";"Reta";"Não";3;1;0;0;1;1;0;3;-16,57595775;-43,62830028;"SPRF-MG";"DEL12-MG";"UOP01-DEL12-MG"
350978;2021-04-10;"sábado";"11:43:00";"RJ";40;94;"DUQUE DE CAXIAS";"Curva acentuada";"Tombamento";"Com Vítimas Feridas";"Pleno dia";"Crescente";"Sol";"Simples";"Curva";"Não";2;0;1;0;0;1;1;2;-22,55763285;-43,26574352;"SPRF-RJ";"DEL01-RJ";"UOP01-DEL01-RJ"
350981;2021-04-10;"sábado";"11:20:00";"PE";101;35,7;"ITAPISSUMA";"Manobra de mudança de faixa";"Colisão lateral mesmo sentido";"Com Vítimas Fatais";"Pleno dia";"Decrescente";"Chuva";"Dupla";"Aclive";"Não";3;1;0;0;1;1;0;3;-7,77952193;-34,93231384;"SPRF-PE";"DEL01-PE";"UOP02-DEL01-PE"
350989;2021-04-10;"sábado";"12:40:00";"RN";427;100,3;"CAICO";"Transitar na contramão";"Colisão frontal";"Com Vítimas Feridas";"Pleno dia";"Decrescente";"Céu Claro";"Simples";"Curva";"Sim";3;0;1;0;2;0;1;3;-6,46080976;-37,10724015;"SPRF-RN";"DEL03-RN";"UOP01-DEL03-RN"
350994;2021-03-23;"terça-feira";"08:30:00";"MT";364;277,3;"JACIARA";"Demais falhas mecânicas ou elétricas";"Saída de leito carroçável";"Com Vítimas Feridas";"Pleno dia";"Decrescente";"Céu Claro";"Dupla";"Declive";"Não";2;0;1;0;0;2;1;3;-15,95076591;-54,99952397;"SPRF-MT";"DEL02-MT";"UOP01-DEL02-MT"
350996;2021-04-10;"sábado";"10:40:00";"SC";153;7;"AGUA DOCE";"Reação tardia ou ineficiente do condutor";"Colisão traseira";"Com Vítimas Fatais";"Pleno dia";"Decrescente";"Céu Claro";"Simples";"Reta;Aclive";"Não";3;1;0;0;1;1;0;3;-26,6571384;-51,5346286;"SPRF-SC";"DEL07-SC";"UOP05-DEL07-SC"
350999;2021-04-10;"sábado";"15:20:00";"MG";381;402,8;"BOM JESUS DO AMPARO";"Demais falhas mecânicas ou elétricas";"Incêndio";"Sem Vítimas";"Pleno dia";"Decrescente";"Sol";"Dupla";"Curva;Viaduto";"Não";2;0;0;0;1;1;0;2;-19,75364097;-43,52827802;"SPRF-MG";"DEL01-MG";"UOP01-DEL01-MG"
351000;2021-04-10;"sábado";"15:45:00";"PE";101;35;"IGARASSU";"Reação tardia ou ineficiente do condutor";"Colisão traseira";"Com Vítimas Feridas";"Pleno dia";"Decrescente";"Chuva";"Dupla";"Declive";"Não";2;0;1;0;0;1;1;2;-7,77952193;-34,93231384;"SPRF-PE";"DEL01-PE";"UOP02-DEL01-PE"
351014;2021-04-10;"sábado";"15:00:00";"RO";319;64;"PORTO VELHO";"Ausência de reação do condutor";"Colisão lateral mesmo sentido";"Sem Vítimas";"Pleno dia";"Crescente";"Nublado";"Dupla";"Retorno Regulamentado;Reta";"Sim";4;0;0;0;3;3;0;6;-8,766685;-63,884052;"SPRF-RO";"DEL01-RO";"UOP01-DEL01-RO"
351019;2021-04-10;"sábado";"15:20:00";"MT";163;1029;"PEIXOTO DE AZEVEDO";"Desrespeitar a preferência no cruzamento";"Colisão transversal";"Com Vítimas Feridas";"Pleno dia";"Crescente";"Céu Claro";"Simples";"Reta";"Sim";3;0;1;0;1;2;1;4;-10,245308;-54,99;"SPRF-MT";"DEL06-MT";"NPF/DEL06-MT"
351021;2021-04-10;"sábado";"16:00:00";"MG";262;443,5;"NOVA SERRANA";"Velocidade Incompatível";"Colisão lateral mesmo sentido";"Sem Vítimas";"Pleno dia";"Decrescente";"Sol";"Dupla";"Reta";"Sim";2;0;0;0;1;1;0;2;-19,88065393;-44,92197102;"SPRF-MG";"DEL08-MG";"UOP03-DEL08-MG"
351024;2021-04-10;"sábado";"14:00:00";"MG";40;508,5;"RIBEIRAO DAS NEVES";"Avarias e/ou desgaste excessivo no pneu";"Saída de leito carroçável";"Com Vítimas Fatais";"Pleno dia";"Decrescente";"Céu Claro";"Dupla";"Reta";"Sim";4;2;0;1;1;0;1;2;-19,76728744;-44,12855905;"SPRF-MG";"DEL02-MG";"UOP01-DEL02-MG"
351025;2021-04-10;"sábado";"18:35:00";"RJ";116;165,7;"RIO DE JANEIRO";"Ausência de reação do condutor";"Colisão traseira";"Com Vítimas Feridas";"Plena Noite";"Decrescente";"Céu Claro";"Dupla";"Reta";"Sim";2;0;1;0;1;0;1;2;-22,80653743;-43,34255576;"SPRF-RJ";"DEL01-RJ";"UOP01-DEL01-RJ"
351026;2021-04-10;"sábado";"17:45:00";"SE";101;33;"CAPELA";"Ingestão de álcool pelo condutor";"Colisão traseira";"Com Vítimas Feridas";"Anoitecer";"Crescente";"Céu Claro";"Simples";"Reta";"Não";2;0;1;0;1;0;1;2;-10,46953007;-36,94610596;"SPRF-SE";"DEL02-SE";"UOP02-DEL02-SE"
351037;2021-04-10;"sábado";"18:30:00";"PR";376;378;"IMBAU";"Ausência de sinalização";"Colisão lateral sentido oposto";"Sem Vítimas";"Amanhecer";"Decrescente";"Ignorado";"Simples";"Reta";"Não";2;0;0;0;1;1;0;2;-24,43554389;-50,76433874;"SPRF-PR";"DEL03-PR";"UOP02-DEL03-PR"
351038;2021-04-09;"sexta-feira";"11:00:00";"SP";116;397,9;"MIRACATU";"Velocidade Incompatível";"Colisão com objeto";"Com Vítimas Feridas";"Pleno dia";"Crescente";"Ignorado";"Dupla";"Reta";"Não";2;0;1;0;0;1;1;2;-24,29937663;-47,48357989;"SPRF-SP";"DEL04-SP";"UOP02-DEL04-SP"
351041;2021-04-10;"sábado";"18:50:00";"ES";101;63,1;"SAO MATEUS";"Transitar na contramão";"Colisão frontal";"Com Vítimas Fatais";"Plena Noite";"Decrescente";"Céu Claro";"Simples";"Curva";"Não";3;1;0;0;1;2;0;4;-18,69830807;-39,86481056;"SPRF-ES";"DEL04-ES";"UOP02-DEL04-ES"
351051;2021-04-10;"sábado";"14:28:00";"RJ";101;331;"RIO DE JANEIRO";"Reação tardia ou ineficiente do condutor";"Colisão traseira";"Com Vítimas Feridas";"Pleno dia";"Decrescente";"Sol";"Múltipla";"Curva";"Sim";3;0;1;1;1;0;2;2;-22,867662;-43,195337;"SPRF-RJ";"DEL02-RJ";"UOP02-DEL02-RJ"
351052;2021-04-10;"sábado";"19:15:00";"MG";251;486;"FRANCISCO SA";"Demais falhas mecânicas ou elétricas";"Incêndio";"Sem Vítimas";"Plena Noite";"Crescente";"Céu Claro";"Simples";"Reta;Aclive";"Não";2;0;0;0;1;1;0;2;-16,51237466;-43,55209223;"SPRF-MG";"DEL12-MG";"UOP01-DEL12-MG"
351058;2021-04-10;"sábado";"17:12:00";"MT";163;117;"RONDONOPOLIS";"Condutor deixou de manter distância do veículo da frente";"Colisão traseira";"Com Vítimas Feridas";"Plena Noite";"Crescente";"Céu Claro";"Dupla";"Reta";"Sim";2;0;1;0;0;1;1;2;-16,52182818;-54,65882461;"SPRF-MT";"DEL02-MT";"UOP01-DEL02-MT"
351078;2021-04-10;"sábado";"22:20:00";"ES";101;189;"ARACRUZ";"Curva acentuada";"Tombamento";"Com Vítimas Feridas";"Plena Noite";"Crescente";"Céu Claro";"Simples";"Curva";"Não";4;0;3;0;0;1;3;2;-19,68134019;-40,27051885;"SPRF-ES";"DEL04-ES";"UOP01-DEL04-ES"
351083;2021-04-10;"sábado";"21:05:00";"TO";153;226;"NOVA OLINDA";"Transitar na contramão";"Colisão frontal";"Sem Vítimas";"Plena Noite";"Decrescente";"Céu Claro";"Simples";"Reta";"Não";4;0;0;0;2;4;0;5;-7,87160101;-48,45739218;"SPRF-TO";"DEL02-TO";"UOP01-DEL02-TO"
351087;2021-04-10;"sábado";"22:40:00";"PI";343;210;"CAPITAO DE CAMPOS";"Ingestão de álcool pelo condutor";"Colisão lateral sentido oposto";"Sem Vítimas";"Plena Noite";"Decrescente";"Céu Claro";"Simples";"Reta";"Não";2;0;0;0;1;1;0;2;-4,440038;-41,91481;"SPRF-PI";"DEL02-PI";"UOP01-DEL02-PI"
351092;2021-04-10;"sábado";"22:20:00";"SC";470;111,2;"IBIRAMA";"Reação tardia ou ineficiente do condutor";"Colisão lateral sentido oposto";"Com Vítimas Feridas";"Plena Noite";"Decrescente";"Céu Claro";"Simples";"Reta";"Não";6;0;4;0;1;2;4;4;-27,095388;-49,457878;"SPRF-SC";"DEL04-SC";"UOP02-DEL04-SC"
351099;2021-04-10;"sábado";"23:00:00";"MG";40;549;"NOVA LIMA";"Condutor Dormindo";"Colisão traseira";"Com Vítimas Feridas";"Plena Noite";"Crescente";"Nublado";"Dupla";"Aclive";"Sim";3;0;0;1;1;1;1;3;-20,0398456;-43,96719933;"SPRF-MG";"DEL01-MG";"UOP02-DEL01-MG"
351103;2021-04-11;"domingo";"00:10:00";"SP";153;47,8;"SAO JOSE DO RIO PRETO";"Animais na Pista";"Atropelamento de Animal";"Com Vítimas Feridas";"Plena Noite";"Crescente";"Céu Claro";"Simples";"Declive";"Não";4;0;2;0;2;0;2;1;-20,68199298;-49,34015562;"SPRF-SP";"DEL09-SP";"UOP01-DEL09-SP"
351105;2021-04-11;"domingo";"00:00:00";"BA";110;2,5;"PAULO AFONSO";"Acessar a via sem observar a presença dos outros veículos";"Colisão transversal";"Com Vítimas Feridas";"Plena Noite";"Decrescente";"Nublado";"Simples";"Reta";"Sim";3;0;1;0;1;2;1;4;-9,47099311;-38,20719886;"SPRF-BA";"DEL07-BA";"UOP01-DEL07-BA"
351118;2021-04-11;"domingo";"01:45:00";"GO";60;130,4;"GOIANAPOLIS";"Demais falhas mecânicas ou elétricas";"Incêndio";"Sem Vítimas";"Plena Noite";"Crescente";"Céu Claro";"Dupla";"Reta";"Não";1;0;0;0;1;0;0;1;-16,5675;-49,1554;"SPRF-GO";"DEL01-GO";"UOP01-DEL01-GO"
351123;2021-04-11;"domingo";"06:10:00";"SE";101;52,3;"JAPARATUBA";"Reação tardia ou ineficiente do condutor";"Tombamento";"Com Vítimas Feridas";"Pleno dia";"Decrescente";"Sol";"Simples";"Curva";"Não";3;0;1;0;0;2;1;3;-10,61909194;-36,9820081;"SPRF-SE";"DEL02-SE";"UOP02-DEL02-SE"
351136;2021-03-14;"domingo";"18:20:00";"PR";277;104;"CAMPO LARGO";"Ultrapassagem Indevida";"Colisão lateral mesmo sentido";"Com Vítimas Feridas";"Plena Noite";"Decrescente";"Céu Claro";"Dupla";"Reta";"Sim";5;0;0;2;1;2;2;4;-25,43425;-49,410574;"SPRF-PR";"DEL01-PR";"UOP01-DEL01-PR"
351146;2021-04-11;"domingo";"09:50:00";"DF";20;16;"BRASILIA";"Acesso irregular";"Colisão frontal";"Com Vítimas Feridas";"Pleno dia";"Crescente";"Céu Claro";"Dupla";"Reta;Declive";"Sim";3;0;1;0;1;1;1;3;-15,625675;-47,725159;"SPRF-DF";"DEL02-DF";"UOP01-DEL02-DF"
351148;2021-04-11;"domingo";"07:30:00";"GO";70;350;"JUSSARA";"Reação tardia ou ineficiente do condutor";"Tombamento";"Sem Vítimas";"Pleno dia";"Decrescente";"Céu Claro";"Simples";"Aclive";"Não";2;0;0;0;1;3;0;4;-15,93293961;-51,21997833;"SPRF-GO";"DEL04-GO";"UOP01-DEL04-GO"
351162;2021-04-11;"domingo";"06:40:00";"GO";153;352;"JARAGUA";"Reação tardia ou ineficiente do condutor";"Colisão traseira";"Com Vítimas Feridas";"Pleno dia";"Crescente";"Céu Claro";"Simples";"Reta;Aclive";"Não";3;0;1;0;1;2;1;4;-15,682164;-49,341423;"SPRF-GO";"DEL02-GO";"UOP02-DEL02-GO"
351166;2021-04-11;"domingo";"12:10:00";"SC";280;22,9;"ARAQUARI";"Acessar a via sem observar a presença dos outros veículos";"Colisão transversal";"Com Vítimas Feridas";"Pleno dia";"Decrescente";"Céu Claro";"Simples";"Reta";"Não";2;0;1;0;1;0;1;2;-26,37092616;-48,70204099;"SPRF-SC";"DEL03-SC";"UOP03-DEL03-SC"
351169;2021-04-11;"domingo";"12:00:00";"AL";316;251;"PILAR";"Avarias e/ou desgaste excessivo no pneu";"Saída de leito carroçável";"Com Vítimas Feridas";"Pleno dia";"Crescente";"Chuva";"Simples";"Reta";"Não";3;0;3;0;0;0;3;1;-9,56369581;-35,97111969;"SPRF-AL";"DEL01-AL";"UOP01-DEL01-AL"