"id";"data_inversa";"dia_semana";"horario";"uf";"br";"km";"municipio";"causa_acidente";"tipo_acidente";"classificacao_acidente";"fase_dia";"sentido_via";"condicao_metereologica";"tipo_pista";"tracado_via";"uso_solo";"pessoas";"mortos";"feridos_leves";"feridos_graves";"ilesos";"ignorados";"feridos";"veiculos";"latitude";"longitude";"regional";"delegacia";"uop"
351514;2021-04-12;"segunda-feira";"18:00:00";"MA";222;259;"MIRANDA DO NORTE";"Transitar na contramão";"Colisão lateral sentido oposto";"Com Vítimas Feridas";"Anoitecer";"Decrescente";"Nublado";"Simples";"Reta";"Não";2;0;1;0;0;1;1;2;-3,57371589;-44,58787511;"SPRF-MA";"DEL01-MA";"UOP02-DEL01-MA"
351519;2021-04-13;"terça-feira";"06:30:00";"PR";373;238;"IMBITUVA";"Condutor Dormindo";"Colisão lateral sentido oposto";"Sem Vítimas";"Amanhecer";"Crescente";"Céu Claro";"Simples";"Curva";"Não";2;0;0;0;1;1;0;2;-25,19023004;-50,73977299;"SPRF-PR";"DEL03-PR";"UOP04-DEL03-PR"
351520;2021-04-13;"terça-feira";"05:25:00";"MG";381;513,5;"IGARAPE";"Frear bruscamente";"Colisão com objeto";"Sem Vítimas";"Amanhecer";"Decrescente";"Céu Claro";"Dupla";"Reta";"Não";1;0;0;0;1;0;0;1;-20,099993;-44,318903;"SPRF-MG";"DEL01-MG";"UOP03-DEL01-MG"
351521;2021-04-12;"segunda-feira";"18:30:00";"CE";222;292,7;"FRECHEIRINHA";"Condutor deixou de manter distância do veículo da frente";"Colisão traseira";"Com Vítimas Feridas";"Plena Noite";"Crescente";"Chuva";"Simples";"Reta";"Não";3;0;0;2;1;0;2;2;-3,67390203;-40,88486128;"SPRF-CE";"DEL04-CE";"UOP02-DEL04-CE"
351531;2021-04-13;"terça-feira";"05:56:00";"RJ";101;320;"NITEROI";"Reação tardia ou ineficiente do condutor";"Colisão com objeto";"Com Vítimas Feridas";"Amanhecer";"Decrescente";"Chuva";"Dupla";"Curva";"Sim";2;0;0;1;1;0;1;2;-22,86603282;-43,10861349;"SPRF-RJ";"DEL02-RJ";"UOP02-DEL02-RJ"
351536;2021-04-13;"terça-feira";"08:00:00";"ES";101;297;"VIANA";"Reação tardia ou ineficiente do condutor";"Colisão lateral mesmo sentido";"Sem Vítimas";"Pleno dia";"Decrescente";"Céu Claro";"Dupla";"Declive";"Sim";6;0;0;0;5;1;0;6;-20,34529844;-40,41026774;"SPRF-ES";"DEL01-ES";"UOP01-DEL01-ES"
351549;2021-04-13;"terça-feira";"08:32:00";"MG";262;472,5;"BOM DESPACHO";"Ausência de reação do condutor";"Colisão traseira";"Com Vítimas Feridas";"Pleno dia";"Crescente";"Sol";"Simples";"Reta";"Não";4;0;1;0;3;0;1;2;-19,78651123;-45,17550886;"SPRF-MG";"DEL08-MG";"UOP03-DEL08-MG"
351551;2021-04-13;"terça-feira";"10:00:00";"ES";101;76,8;"SAO MATEUS";"Ultrapassagem Indevida";"Colisão frontal";"Com Vítimas Feridas";"Pleno dia";"Crescente";"Céu Claro";"Simples";"Reta";"Não";5;0;0;1;4;0;1;2;-18,79952506;-39,89017092;"SPRF-ES";"DEL04-ES";"UOP02-DEL04-ES"
351552;2021-04-13;"terça-feira";"09:42:00";"BA";116;835,8;"VITORIA DA CONQUISTA";"Acessar a via sem observar a presença dos outros veículos";"Colisão lateral mesmo sentido";"Sem Vítimas";"Pleno dia";"Decrescente";"Sol";"Simples";"Reta";"Não";4;0;0;0;2;3;0;5;-14,954898;-40,902338;"SPRF-BA";"DEL08-BA";"UOP01-DEL08-BA"
351556;2021-04-13;"terça-feira";"10:30:00";"SC";470;173;"POUSO REDONDO";"Reação tardia ou ineficiente do condutor";"Colisão traseira";"Com Vítimas Feridas";"Pleno dia";"Crescente";"Céu Claro";"Simples";"Aclive";"Não";5;0;3;0;1;1;3;4;-27,25984;-49,919285;"SPRF-SC";"DEL04-SC";"UOP02-DEL04-SC"
351557;2021-03-17;"quarta-feira";"05:46:00";"PR";277;171,7;"PALMEIRA";"Reação tardia ou ineficiente do condutor";"Colisão traseira";"Com Vítimas Feridas";"Amanhecer";"Decrescente";"Céu Claro";"Simples";"Aclive";"Não";3;0;0;1;2;0;1;2;-25,430932;-50,023484;"SPRF-PR";"DEL03-PR";"UOP03-DEL03-PR"
351567;2021-03-17;"quarta-feira";"18:00:00";"PE";101;49;"ABREU E LIMA";"Trafegar com motocicleta (ou similar) entre as faixas";"Colisão lateral mesmo sentido";"Com Vítimas Feridas";"Anoitecer";"Decrescente";"Ignorado";"Múltipla";"Reta";"Sim";3;0;0;1;1;3;1;5;-7,9005152;-34,90180641;"SPRF-PE";"DEL01-PE";"UOP02-DEL01-PE"
351570;2021-03-17;"quarta-feira";"11:30:00";"PE";101;42,6;"IGARASSU";"Acesso irregular";"Colisão transversal";"Com Vítimas Feridas";"Pleno dia";"Decrescente";"Sol";"Múltipla";"Declive";"Sim";2;0;0;1;1;0;1;2;-7,83887431;-34,91196739;"SPRF-PE";"DEL01-PE";"UOP02-DEL01-PE"
351573;2021-04-13;"terça-feira";"10:00:00";"MG";381;686,6;"LAVRAS";"Velocidade Incompatível";"Tombamento";"Com Vítimas Feridas";"Pleno dia";"Decrescente";"Céu Claro";"Dupla";"Curva";"Não";2;0;1;0;0;1;1;2;-21,177019;-45,124729;"SPRF-MG";"DEL04-MG";"UOP02-DEL04-MG"
351574;2021-04-13;"terça-feira";"11:20:00";"PR";369;156;"LONDRINA";"Condutor deixou de manter distância do veículo da frente";"Colisão traseira";"Com Vítimas Feridas";"Pleno dia";"Crescente";"Céu Claro";"Dupla";"Reta";"Sim";2;0;0;1;1;0;1;2;-23,29175141;-51,21633053;"SPRF-PR";"DEL07-PR";"UOP01-DEL07-PR"
351576;2021-04-13;"terça-feira";"11:20:00";"SC";101;275;"IMBITUBA";"Reação tardia ou ineficiente do condutor";"Colisão transversal";"Com Vítimas Feridas";"Pleno dia";"Crescente";"Céu Claro";"Dupla";"Reta";"Sim";5;0;4;0;1;0;4;2;-28,138086;-48,69218292;"SPRF-SC";"DEL02-SC";"UOP03-DEL02-SC"
351579;2021-04-13;"terça-feira";"07:45:00";"RR";174;289;"CARACARAI";"Condutor Dormindo";"Tombamento";"Com Vítimas Feridas";"Pleno dia";"Crescente";"Chuva";"Simples";"Reta";"Não";1;0;1;0;0;0;1;1;1,427741;-60,696671;"SPRF-RR";"DEL01-RR";"UOP01-DEL01-RR"
351584;2021-04-13;"terça-feira";"11:00:00";"GO";153;47;"PORANGATU";"Afundamento ou ondulação no pavimento";"Derramamento de carga";"Sem Vítimas";"Pleno dia";"Decrescente";"Céu Claro";"Simples";"Reta";"Não";2;0;0;0;1;2;0;3;-13,225106;-49,147282;"SPRF-GO";"DEL07-GO";"UOP01-DEL07-GO"
351586;2021-04-13;"terça-feira";"07:49:00";"PR";277;501,2;"GUARANIACU";"Velocidade Incompatível";"Saída de leito carroçável";"Com Vítimas Feridas";"Pleno dia";"Crescente";"Céu Claro";"Simples";"Curva";"Não";3;0;2;0;0;1;2;2;-25,163989;-52,69176;"SPRF-PR";"DEL04-PR";"UOP01-DEL04-PR"
351593;2021-04-13;"terça-feira";"13:10:00";"BA";407;96,8;"JAGUARARI";"Condutor deixou de manter distância do veículo da frente";"Colisão traseira";"Com Vítimas Feridas";"Pleno dia";"Decrescente";"Céu Claro";"Simples";"Aclive";"Não";3;0;1;0;1;1;1;3;-10,21210211;-40,21680543;"SPRF-BA";"DEL04-BA";"UOP01-DEL04-BA"
351595;2021-04-13;"terça-feira";"08:10:00";"PR";153;484;"GENERAL CARNEIRO";"Problema com o freio";"Capotamento";"Com Vítimas Feridas";"Pleno dia";"Crescente";"Céu Claro";"Simples";"Interseção de Vias";"Não";1;0;1;0;0;0;1;1;-26,38649721;-51,27252817;"SPRF-PR";"DEL02-PR";"UOP03-DEL02-PR"
351599;2021-04-13;"terça-feira";"14:30:00";"PR";376;216;"JANDAIA DO SUL";"Acessar a via sem observar a presença dos outros veículos";"Colisão transversal";"Com Vítimas Feridas";"Pleno dia";"Crescente";"Céu Claro";"Simples";"Interseção de Vias";"Não";2;0;1;0;1;0;1;2;-23,59308081;-51,64543766;"SPRF-PR";"DEL09-PR";"UOP01-DEL09-PR"
351601;2021-04-13;"terça-feira";"14:50:00";"RJ";101;473,5;"ANGRA DOS REIS";"Condutor deixou de manter distância do veículo da frente";"Colisão traseira";"Com Vítimas Feridas";"Pleno dia";"Crescente";"Céu Claro";"Simples";"Reta";"Não";2;0;1;0;1;0;1;2;-22,98960623;-44,24168693;"SPRF-RJ";"DEL03-RJ";"UOP03-DEL03-RJ"
351603;2021-04-13;"terça-feira";"15:30:00";"MG";381;738;"TRES CORACOES";"Demais falhas mecânicas ou elétricas";"Colisão com objeto";"Com Vítimas Feridas";"Pleno dia";"Decrescente";"Sol";"Dupla";"Aclive;Reta";"Não";2;0;1;0;0;1;1;2;-21,60614098;-45,24086431;"SPRF-MG";"DEL16-MG";"UOP02-DEL16-MG"
351605;2021-04-13;"terça-feira";"12:30:00";"RJ";101;400;"ITAGUAI";"Velocidade Incompatível";"Saída de leito carroçável";"Com Vítimas Feridas";"Pleno dia";"Decrescente";"Chuva";"Dupla";"Curva";"Sim";1;0;0;1;0;0;1;1;-22,8483707;-43,76952338;"SPRF-RJ";"DEL03-RJ";"UOP01-DEL03-RJ"
351607;2021-04-13;"terça-feira";"13:30:00";"MT";364;349,5;"SANTO ANTONIO DO LEVERGER";"Reação tardia ou ineficiente do condutor";"Colisão com objeto";"Com Vítimas Feridas";"Pleno dia";"Crescente";"Céu Claro";"Dupla";"Declive;Curva";"Não";2;0;1;0;0;2;1;3;-15,79332257;-55,58139151;"SPRF-MT";"DEL05-MT";"UOP02-DEL05-MT"
351608;2021-03-27;"sábado";"15:35:00";"PE";101;41;"IGARASSU";"Manobra de mudança de faixa";"Colisão lateral mesmo sentido";"Com Vítimas Feridas";"Pleno dia";"Crescente";"Sol";"Múltipla";"Reta";"Sim";6;0;1;2;2;1;3;4;-7,83038346;-34,91426785;"SPRF-PE";"DEL01-PE";"UOP02-DEL01-PE"
351615;2021-04-01;"quinta-feira";"03:15:00";"PB";405;24,7;"SAO JOAO DO RIO DO PEIXE";"Condutor Dormindo";"Saída de leito carroçável";"Com Vítimas Feridas";"Plena Noite";"Decrescente";"Céu Claro";"Simples";"Reta;Declive";"Não";1;0;0;1;0;0;1;1;-6,651107;-38,431026;"SPRF-PB";"DEL03-PB";"UOP03-DEL03-PB"
351622;2021-04-13;"terça-feira";"16:10:00";"SP";381;70;"MAIRIPORA";"Reação tardia ou ineficiente do condutor";"Tombamento";"Com Vítimas Feridas";"Pleno dia";"Decrescente";"Céu Claro";"Dupla";"Curva";"Não";2;0;1;0;0;1;1;2;-23,34972978;-46,56070474;"SPRF-SP";"DEL03-SP";"UOP01-DEL03-SP"
351628;2021-04-13;"terça-feira";"16:00:00";"MG";381;448;"SABARA";"Área urbana sem a presença de local apropriado para a travessia de pedestres";"Atropelamento de Pedestre";"Com Vítimas Feridas";"Pleno dia";"Crescente";"Céu Claro";"Simples";"Curva";"Sim";4;0;0;1;1;2;1;3;-19,83435173;-43,85962899;"SPRF-MG";"DEL01-MG";"UOP01-DEL01-MG"
351629;2021-03-28;"domingo";"15:40:00";"TO";226;26;"PALMEIRAS DO TOCANTINS";"Acostamento em desnível";"Saída de leito carroçável";"Com Vítimas Feridas";"Pleno dia";"Crescente";"Sol";"Simples";"Reta";"Não";3;0;1;0;0;2;1;3;-6,641345;-47,667072;"SPRF-TO";"DEL02-TO";"UOP03-DEL02-TO"
351631;2021-04-08;"quinta-feira";"17:15:00";"MS";163;117,7;"NAVIRAI";"Acessar a via sem observar a presença dos outros veículos";"Colisão transversal";"Sem Vítimas";"Anoitecer";"Crescente";"Céu Claro";"Dupla";"Interseção de Vias";"Não";5;0;0;0;4;2;0;4;-23,13474276;-54,19685366;"SPRF-MS";"DEL09-MS";"UOP01-DEL09-MS"
351632;2021-04-13;"terça-feira";"14:30:00";"PA";163;607;"ITAITUBA";"Manobra de mudança de faixa";"Colisão frontal";"Com Vítimas Fatais";"Pleno dia";"Decrescente";"Céu Claro";"Simples";"Curva";"Não";3;1;0;0;1;4;0;6;-4,78803625;-56,11969281;"SPRF-PA";"DEL05-PA";"UOP01-DEL05-PA"
351633;2021-04-13;"terça-feira";"16:15:00";"MG";251;472;"FRANCISCO SA";"Problema com o freio";"Saída de leito carroçável";"Com Vítimas Fatais";"Pleno dia";"Crescente";"Céu Claro";"Simples";"Curva;Declive";"Não";2;1;0;0;0;12;0;13;-16,4669101;-43,43947986;"SPRF-MG";"DEL12-MG";"UOP01-DEL12-MG"
351634;2021-04-13;"terça-feira";"14:55:00";"PA";163;652;"ITAITUBA";"Chuva";"Saída de leito carroçável";"Sem Vítimas";"Pleno dia";"Crescente";"Chuva";"Simples";"Curva";"Não";2;0;0;0;1;3;0;4;-4,51394208;-55,86544792;"SPRF-PA";"DEL05-PA";"UOP01-DEL05-PA"
351650;2021-04-13;"terça-feira";"18:30:00";"MS";158;257;"TRES LAGOAS";"Animais na Pista";"Atropelamento de Animal";"Com Vítimas Feridas";"Plena Noite";"Decrescente";"Céu Claro";"Simples";"Reta";"Não";2;0;1;0;0;2;1;3;-20,69839572;-51,76091656;"SPRF-MS";"DEL07-MS";"UOP01-DEL07-MS"
351659;2021-04-13;"terça-feira";"20:00:00";"PI";316;272;"DOM EXPEDITO LOPES";"Ausência de reação do condutor";"Tombamento";"Com Vítimas Feridas";"Plena Noite";"Decrescente";"Garoa/Chuvisco";"Simples";"Reta";"Sim";3;0;1;0;2;0;1;1;-6,93433826;-41,74457258;"SPRF-PI";"DEL04-PI";"UOP02-DEL04-PI"
351664;2021-04-13;"terça-feira";"19:20:00";"MG";116;174;"PADRE PARAISO";"Velocidade Incompatível";"Saída de leito carroçável";"Com Vítimas Feridas";"Plena Noite";"Crescente";"Céu Claro";"Simples";"Curva";"Não";2;0;1;1;0;0;2;1;-17,04942509;-41,45498489;"SPRF-MG";"DEL11-MG";"UOP02-DEL11-MG"
351665;2021-04-13;"terça-feira";"18:35:00";"RS";116;377,7;"TAPES";"Demais falhas na via";"Tombamento";"Sem Vítimas";"Plena Noite";"Decrescente";"Céu Claro";"Dupla";"Reta";"Não";2;0;0;0;1;1;0;2;-30,74673812;-51,63195186;"SPRF-RS";"DEL02-RS";"UOP02-DEL02-RS"
351667;2021-04-13;"terça-feira";"09:50:00";"MG";262;575,6;"CORREGO DANTA";"Curva acentuada";"Tombamento";"Com Vítimas Feridas";"Pleno dia";"Decrescente";"Céu Claro";"Simples";"Curva";"Não";2;0;1;0;0;1;1;2;-19,69297478;-46,03637682;"SPRF-MG";"DEL08-MG";"UOP02-DEL08-MG"
351669;2021-04-13;"terça-feira";"20:54:00";"MG";381;526;"BRUMADINHO";"Velocidade Incompatível";"Tombamento";"Com Vítimas Feridas";"Pleno dia";"Crescente";"Céu Claro";"Dupla";"Curva";"Não";2;0;1;0;0;1;1;2;-20,16175378;-44,34144636;"SPRF-MG";"DEL04-MG";"UOP03-DEL04-MG"
351674;2021-04-13;"terça-feira";"19:20:00";"AL";101;148;"JEQUIA DA PRAIA";"Velocidade Incompatível";"Tombamento";"Com Vítimas Feridas";"Plena Noite";"Crescente";"Céu Claro";"Dupla";"Declive;Curva";"Não";2;0;1;0;0;2;1;3;-9,88938896;-36,13497986;"SPRF-AL";"DEL02-AL";"UOP01-DEL02-AL"
351677;2021-04-13;"terça-feira";"22:00:00";"BA";101;672,8;"ITAPEBI";"Transitar na contramão";"Colisão frontal";"Com Vítimas Feridas";"Plena Noite";"Decrescente";"Nublado";"Simples";"Reta";"Não";2;0;0;1;1;0;1;2;-16,02195;-39,608475;"SPRF-BA";"DEL09-BA";"UOP01-DEL09-BA"
351678;2021-04-13;"terça-feira";"22:35:00";"PR";376;491;"PONTA GROSSA";"Obras na pista";"Colisão lateral mesmo sentido";"Sem Vítimas";"Plena Noite";"Decrescente";"Céu Claro";"Dupla";"Aclive;Em Obras";"Não";3;0;0;0;2;2;0;4;-25,15130703;-50,1421625;"SPRF-PR";"DEL03-PR";"UOP01-DEL03-PR"
351688;2021-04-14;"quarta-feira";"01:20:00";"SP";116;561,5;"BARRA DO TURVO";"Demais falhas mecânicas ou elétricas";"Incêndio";"Sem Vítimas";"Plena Noite";"Decrescente";"Nevoeiro/Neblina";"Dupla";"Reta";"Não";1;0;0;0;1;0;0;1;-25,02045097;-48,51586004;"SPRF-SP";"DEL05-SP";"UOP02-DEL05-SP"
351689;2021-04-13;"terça-feira";"23:25:00";"PA";316;32,5;"SANTA IZABEL DO PARA";"Pedestre andava na pista";"Atropelamento de Pedestre";"Com Vítimas Fatais";"Plena Noite";"Crescente";"Céu Claro";"Dupla";"Curva";"Não";2;1;0;0;1;0;0;2;-1,29833956;-48,18889696;"SPRF-PA";"DEL01-PA";"UOP01-DEL01-PA"
351690;2021-04-14;"quarta-feira";"01:30:00";"SC";282;46;"AGUAS MORNAS";"Velocidade Incompatível";"Saída de leito carroçável";"Com Vítimas Feridas";"Plena Noite";"Crescente";"Céu Claro";"Simples";"Declive";"Não";4;0;0;1;3;0;1;4;-27,721041;-48,925152;"SPRF-SC";"DEL01-SC";"UOP03-DEL01-SC"
351691;2021-04-14;"quarta-feira";"00:00:00";"BA";101;26,3;"ESPLANADA";"Condutor Dormindo";"Colisão traseira";"Com Vítimas Feridas";"Plena Noite";"Crescente";"Céu Claro";"Dupla";"Aclive";"Não";3;0;1;0;1;4;1;6;-11,703733;-37,909962;"SPRF-SE";"DEL02-SE";"UOP03-DEL02-SE"
351692;2021-04-14;"quarta-feira";"03:45:00";"SP";116;487,9;"CAJATI";"Acessar a via sem observar a presença dos outros veículos";"Colisão traseira";"Sem Vítimas";"Plena Noite";"Decrescente";"Nublado";"Dupla";"Curva";"Sim";1;0;0;0;1;0;0;1;-24,72633575;-48,08998415;"SPRF-SP";"DEL05-SP";"UOP01-DEL05-SP"
351694;2021-04-14;"quarta-feira";"04:50:00";"MG";381;349;"JOAO MONLEVADE";"Reação tardia ou ineficiente do condutor";"Saída de leito carroçável";"Com Vítimas Feridas";"Plena Noite";"Decrescente";"Céu Claro";"Simples";"Reta";"Não";2;0;1;0;0;1;1;2;-19,8499239;-43,14868105;"SPRF-MG";"DEL03-MG";"UOP01-DEL03-MG"
351696;2021-04-14;"quarta-feira";"04:00:00";"MG";262;355;"BETIM";"Ausência de reação do condutor";"Saída de leito carroçável";"Com Vítimas Feridas";"Plena Noite";"Decrescente";"Céu Claro";"Dupla";"Reta";"Não";2;0;1;0;0;1;1;2;-19,98012476;-44,21443462;"SPRF-MG";"DEL01-MG";"UOP03-DEL01-MG"
351702;2021-04-14;"quarta-feira";"05:30:00";"SC";101;372,2;"ICARA";"Condutor Dormindo";"Colisão traseira";"Com Vítimas Feridas";"Plena Noite";"Crescente";"Nublado";"Dupla";"Reta";"Não";2;0;1;0;1;0;1;2;-28,71462389;-49,22435045;"SPRF-SC";"DEL02-SC";"UOP01-DEL02-SC"
351706;2021-04-13;"terça-feira";"22:40:00";"MG";381;298;"ANTONIO DIAS";"Acessar a via sem observar a presença dos outros veículos";"Atropelamento de Pedestre";"Com Vítimas Feridas";"Plena Noite";"Crescente";"Céu Claro";"Dupla";"Reta";"Não";2;0;0;1;1;0;1;2;-19,63111883;-42,88728112;"SPRF-MG";"DEL03-MG";"UOP02-DEL03-MG"
351710;2021-04-14;"quarta-feira";"08:00:00";"ES";101;270;"SERRA";"Condutor deixou de manter distância do veículo da frente";"Colisão traseira";"Com Vítimas Feridas";"Pleno dia";"Decrescente";"Céu Claro";"Múltipla";"Reta";"Sim";5;0;2;0;3;0;2;3;-20,22998151;-40,27274793;"SPRF-ES";"DEL02-ES";"UOP01-DEL02-ES"
351722;2021-04-14;"quarta-feira";"09:15:00";"MG";262;460,8;"ARAUJOS";"Acessar a via sem observar a presença dos outros veículos";"Colisão transversal";"Com Vítimas Feridas";"Pleno dia";"Crescente";"Céu Claro";"Simples";"Reta;Aclive";"Não";2;0;0;1;1;0;1;2;-19,82719122;-45,07371312;"SPRF-MG";"DEL08-MG";"UOP03-DEL08-MG"
351723;2021-04-14;"quarta-feira";"09:45:00";"SC";280;27,7;"ARAQUARI";"Ultrapassagem Indevida";"Colisão lateral mesmo sentido";"Com Vítimas Feridas";"Pleno dia";"Crescente";"Nublado";"Simples";"Reta";"Não";3;0;1;0;2;0;1;3;-26,39685622;-48,74021969;"SPRF-SC";"DEL03-SC";"UOP03-DEL03-SC"
351728;2021-04-14;"quarta-feira";"10:30:00";"PI";230;175;"SAO JOAO DA VARJOTA";"Condutor deixou de manter distância do veículo da frente";"Colisão traseira";"Com Vítimas Feridas";"Pleno dia";"Crescente";"Céu Claro";"Simples";"Reta";"Não";4;0;1;1;2;0;2;2;-6,94126017;-41,94773609;"SPRF-PI";"DEL04-PI";"UOP01-DEL04-PI"
351732;2021-04-14;"quarta-feira";"11:30:00";"PE";408;86,7;"PAUDALHO";"Carga excessiva e/ou mal acondicionada";"Tombamento";"Com Vítimas Feridas";"Pleno dia";"Crescente";"Céu Claro";"Dupla";"Declive;Reta";"Não";2;0;1;0;0;1;1;2;-7,965157;-35,092719;"SPRF-PE";"DEL01-PE";"UOP01-DEL01-PE"
351737;2021-03-18;"quinta-feira";"14:40:00";"MT";163;959;"NOVA SANTA HELENA";"Acessar a via sem observar a presença dos outros veículos";"Colisão lateral sentido oposto";"Sem Vítimas";"Pleno dia";"Crescente";"Garoa/Chuvisco";"Simples";"Interseção de Vias";"Sim";6;0;0;0;3;8;0;10;-10,93160804;-55,20707292;"SPRF-MT";"DEL06-MT";"NPF/DEL06-MT"
351739;2021-04-14;"quarta-feira";"12:35:00";"RS";158;326,2;"SANTA MARIA";"Faixas de trânsito com largura insuficiente";"Colisão lateral mesmo sentido";"Com Vítimas Feridas";"Pleno dia";"Crescente";"Céu Claro";"Simples";"Em Obras";"Sim";2;0;1;0;1;0;1;2;-29,71496679;-53,81017685;"SPRF-RS";"DEL09-RS";"UOP01-DEL09-RS"
351743;2021-04-14;"quarta-feira";"09:50:00";"MT";70;281;"PRIMAVERA DO LESTE";"Acessar a via sem observar a presença dos outros veículos";"Colisão frontal";"Com Vítimas Feridas";"Pleno dia";"Crescente";"Céu Claro";"Simples";"Reta";"Sim";5;0;3;0;1;2;3;5;-15,57401382;-54,32503223;"SPRF-MT";"DEL05-MT";"UOP01-DEL05-MT"
351745;2021-04-14;"quarta-feira";"11:15:00";"SC";282;628;"IRACEMINHA";"Velocidade Incompatível";"Colisão traseira";"Sem Vítimas";"Pleno dia";"Decrescente";"Nublado";"Simples";"Curva;Aclive;Em Obras";"Não";5;0;0;0;4;1;0;3;-26,818754;-53,365486;"SPRF-SC";"DEL07-SC";"UOP02-DEL07-SC"
351751;2021-04-14;"quarta-feira";"13:30:00";"PB";230;250;"JUAZEIRINHO";"Acessar a via sem observar a presença dos outros veículos";"Colisão transversal";"Com Vítimas Feridas";"Pleno dia";"Crescente";"Nublado";"Simples";"Reta";"Sim";5;0;0;1;1;3;1;2;-7,04024596;-36,60163879;"SPRF-PB";"DEL03-PB";"UOP01-DEL03-PB"
351752;2021-04-14;"quarta-feira";"13:50:00";"BA";330;817;"JITAUNA";"Velocidade Incompatível";"Colisão frontal";"Com Vítimas Feridas";"Pleno dia";"Crescente";"Céu Claro";"Simples";"Curva";"Não";9;0;3;5;1;0;8;2;-14,00848308;-39,86592302;"SPRF-BA";"DEL03-BA";"UOP01-DEL03-BA"
351754;2021-04-14;"quarta-feira";"13:00:00";"PA";316;99;"SANTA MARIA DO PARA";"Transitar na contramão";"Colisão frontal";"Com Vítimas Feridas";"Pleno dia";"Crescente";"Céu Claro";"Simples";"Reta";"Não";6;0;0;2;3;1;2;3;-1,33342734;-47,61283806;"SPRF-PA";"DEL01-PA";"UOP02-DEL01-PA"
351755;2021-04-14;"quarta-feira";"10:07:00";"MG";262;107;"RIO CASCA";"Velocidade Incompatível";"Tombamento";"Com Vítimas Feridas";"Pleno dia";"Crescente";"Céu Claro";"Simples";"Curva";"Não";2;0;1;0;1;0;1;1;-20,27440096;-42,56313226;"SPRF-MG";"DEL03-MG";"UOP03-DEL03-MG"
351760;2021-04-14;"quarta-feira";"14:35:00";"ES";101;355,9;"ANCHIETA";"Obras na pista";"Engavetamento";"Com Vítimas Fatais";"Pleno dia";"Decrescente";"Céu Claro";"Simples";"Em Obras";"Não";7;1;0;1;3;3;1;6;-20,68854312;-40,67978692;"SPRF-ES";"DEL03-ES";"UOP01-DEL03-ES"
351764;2021-04-14;"quarta-feira";"15:00:00";"SE";101;80;"LARANJEIRAS";"Manobra de mudança de faixa";"Colisão lateral mesmo sentido";"Sem Vítimas";"Pleno dia";"Crescente";"Céu Claro";"Dupla";"Reta";"Não";3;0;0;0;2;2;0;4;-10,79993997;-37,14082565;"SPRF-SE";"DEL01-SE";"UOP01-DEL01-SE"
351768;2021-04-14;"quarta-feira";"14:30:00";"PR";476;180;"CONTENDA";"Velocidade Incompatível";"Colisão frontal";"Com Vítimas Feridas";"Pleno dia";"Decrescente";"Céu Claro";"Simples";"Curva";"Não";4;0;1;2;0;1;3;4;-25,706665;-49,591278;"SPRF-PR";"DEL01-PR";"UOP03-DEL01-PR"
351772;2021-04-14;"quarta-feira";"15:45:00";"MG";262;755;"SACRAMENTO";"Transitar na contramão";"Colisão frontal";"Com Vítimas Feridas";"Pleno dia";"Crescente";"Céu Claro";"Simples";"Reta";"Não";2;0;1;0;1;0;1;2;-19,65377333;-47,5548499;"SPRF-MG";"DEL13-MG";"UOP01-DEL13-MG"
351774;2021-04-14;"quarta-feira";"15:20:00";"SC";470;86;"RODEIO";"Desrespeitar a preferência no cruzamento";"Colisão transversal";"Sem Vítimas";"Pleno dia";"Crescente";"Sol";"Simples";"Interseção de Vias";"Não";2;0;0;0;2;0;0;2;-26,949951;-49,357296;"SPRF-SC";"DEL04-SC";"UOP01-DEL04-SC"
351784;2021-04-14;"quarta-feira";"17:20:00";"ES";101;300,2;"VIANA";"Acessar a via sem observar a presença dos outros veículos";"Colisão traseira";"Com Vítimas Feridas";"Anoitecer";"Crescente";"Nublado";"Múltipla";"Reta";"Sim";3;0;1;0;1;1;1;3;-20,358635;-40,432167;"SPRF-ES";"DEL01-ES";"UOP01-DEL01-ES"
351788;2021-04-14;"quarta-feira";"15:30:00";"RJ";40;121;"DUQUE DE CAXIAS";"Ausência de reação do condutor";"Colisão traseira";"Sem Vítimas";"Pleno dia";"Decrescente";"Nublado";"Múltipla";"Reta";"Sim";3;0;0;0;2;1;0;3;-22,78185499;-43,28571273;"SPRF-RJ";"DEL01-RJ";"UOP01-DEL01-RJ"
351801;2021-04-14;"quarta-feira";"18:35:00";"MG";365;598,5;"UBERLANDIA";"Ultrapassagem Indevida";"Colisão lateral sentido oposto";"Com Vítimas Feridas";"Plena Noite";"Decrescente";"Céu Claro";"Simples";"Curva;Declive";"Não";7;0;3;0;3;3;3;7;-18,87876;-48,092984;"SPRF-MG";"DEL15-MG";"UOP01-DEL15-MG"
351804;2021-03-05;"sexta-feira";"13:30:00";"BA";324;594;"CANDEIAS";"Reação tardia ou ineficiente do condutor";"Colisão traseira";"Com Vítimas Feridas";"Pleno dia";"Crescente";"Céu Claro";"Dupla";"Reta";"Não";5;0;2;0;2;1;2;3;-12,70742041;-38,46251062;"SPRF-BA";"DEL01-BA";"UOP01-DEL01-BA"