"id";"data_inversa";"dia_semana";"horario";"uf";"br";"km";"municipio";"causa_acidente";"tipo_acidente";"classificacao_acidente";"fase_dia";"sentido_via";"condicao_metereologica";"tipo_pista";"tracado_via";"uso_solo";"pessoas";"mortos";"feridos_leves";"feridos_graves";"ilesos";"ignorados";"feridos";"veiculos";"latitude";"longitude";"regional";"delegacia";"uop"
351806;2021-04-14;"quarta-feira";"19:30:00";"MG";50;118,5;"UBERABA";"Transitar no acostamento";"Tombamento";"Com Vítimas Feridas";"Plena Noite";"Crescente";"Céu Claro";"Dupla";"Reta";"Não";1;0;1;0;0;0;1;1;-19,29129791;-48,11741979;"SPRF-MG";"DEL13-MG";"UOP01-DEL13-MG"
351820;2021-04-14;"quarta-feira";"20:55:00";"MT";70;509,1;"CUIABA";"Condutor deixou de manter distância do veículo da frente";"Colisão traseira";"Com Vítimas Fatais";"Plena Noite";"Crescente";"Céu Claro";"Simples";"Reta";"Não";5;1;1;0;2;2;1;4;-15,65051022;-55,99823809;"SPRF-MT";"DEL01-MT";"UOP02-DEL01-MT"
351825;2021-04-14;"quarta-feira";"21:40:00";"PR";116;9;"CAMPINA GRANDE DO SUL";"Problema na suspensão";"Saída de leito carroçável";"Com Vítimas Fatais";"Plena Noite";"Decrescente";"Chuva";"Dupla";"Reta";"Não";3;1;0;0;1;1;0;3;-25,08433;-48,636338;"SPRF-PR";"DEL01-PR";"UOP02-DEL01-PR"
351827;2021-04-14;"quarta-feira";"22:00:00";"MA";230;498,9;"RIACHAO";"Velocidade Incompatível";"Tombamento";"Com Vítimas Fatais";"Plena Noite";"Decrescente";"Céu Claro";"Simples";"Curva";"Não";4;2;1;0;0;1;1;2;-7,42816179;-46,82342889;"SPRF-MA";"DEL05-MA";"UOP01-DEL05-MA"
351829;2021-04-14;"quarta-feira";"20:25:00";"MT";163;866;"SINOP";"Condutor deixou de manter distância do veículo da frente";"Colisão traseira";"Com Vítimas Feridas";"Plena Noite";"Crescente";"Nublado";"Simples";"Reta";"Não";4;0;1;0;2;5;1;8;-11,71631791;-55,45751136;"SPRF-MT";"DEL06-MT";"NPF/DEL06-MT"
351830;2021-04-14;"quarta-feira";"22:30:00";"PR";277;111,8;"CAMPO LARGO";"Velocidade Incompatível";"Colisão traseira";"Com Vítimas Feridas";"Plena Noite";"Crescente";"Nublado";"Dupla";"Reta";"Sim";3;0;0;1;1;2;1;4;-25,43257515;-49,36978297;"SPRF-PR";"DEL01-PR";"UOP03-DEL03-PR"
351832;2021-04-14;"quarta-feira";"21:25:00";"MT";364;152;"PEDRA PRETA";"Acostamento em desnível";"Colisão traseira";"Sem Vítimas";"Plena Noite";"Decrescente";"Nublado";"Simples";"Reta";"Não";3;0;0;0;2;4;0;6;-16,78160414;-54,22391706;"SPRF-MT";"DEL02-MT";"UOP01-DEL02-MT"
351837;2021-04-15;"quinta-feira";"02:55:00";"MG";153;190;"FRUTAL";"Problema na suspensão";"Saída de leito carroçável";"Com Vítimas Feridas";"Plena Noite";"Crescente";"Céu Claro";"Simples";"Reta";"Não";1;0;1;0;0;0;1;1;-19,94033745;-48,95790887;"SPRF-MG";"DEL13-MG";"UOP02-DEL13-MG"
351842;2021-04-15;"quinta-feira";"03:30:00";"MG";40;455,8;"CAETANOPOLIS";"Ausência de reação do condutor";"Saída de leito carroçável";"Com Vítimas Feridas";"Plena Noite";"Crescente";"Céu Claro";"Dupla";"Aclive";"Não";1;0;1;0;0;0;1;1;-19,36133;-44,34181;"SPRF-MG";"DEL02-MG";"UOP01-DEL02-MG"
351845;2021-04-15;"quinta-feira";"05:30:00";"AL";101;30,7;"JOAQUIM GOMES";"Ultrapassagem Indevida";"Colisão frontal";"Com Vítimas Fatais";"Amanhecer";"Decrescente";"Chuva";"Simples";"Curva";"Não";2;1;0;0;1;0;0;2;-9,0847746;-35,7468078;"SPRF-AL";"DEL01-AL";"UOP02-DEL01-AL"
351847;2021-04-15;"quinta-feira";"04:30:00";"PB";230;124,8;"RIACHAO DO BACAMARTE";"Velocidade Incompatível";"Colisão traseira";"Com Vítimas Feridas";"Amanhecer";"Decrescente";"Chuva";"Dupla";"Curva";"Não";2;0;1;0;1;0;1;2;-7,2465;-35,6751;"SPRF-PB";"DEL02-PB";"UOP01-DEL02-PB"
351849;2021-04-15;"quinta-feira";"05:00:00";"PR";116;26;"CAMPINA GRANDE DO SUL";"Reação tardia ou ineficiente do condutor";"Tombamento";"Com Vítimas Feridas";"Amanhecer";"Decrescente";"Nublado";"Dupla";"Curva";"Não";2;0;1;0;0;1;1;2;-25,10683694;-48,785333;"SPRF-PR";"DEL01-PR";"UOP02-DEL01-PR"
351850;2021-04-14;"quarta-feira";"13:35:00";"MG";365;798;"SANTA VITORIA";"Demais falhas mecânicas ou elétricas";"Incêndio";"Sem Vítimas";"Pleno dia";"Decrescente";"Céu Claro";"Simples";"Reta";"Não";1;0;0;0;1;0;0;1;-19,04463741;-50,43047333;"SPRF-MG";"DEL15-MG";"UOP03-DEL15-MG"
351851;2021-04-15;"quinta-feira";"01:00:00";"CE";116;460;"BARRO";"Demais falhas na via";"Saída de leito carroçável";"Com Vítimas Feridas";"Plena Noite";"Decrescente";"Garoa/Chuvisco";"Simples";"Reta";"Não";2;0;1;0;1;0;1;1;-7,19936909;-38,79640796;"SPRF-CE";"DEL05-CE";"UOP03-DEL05-CE"
351864;2021-04-15;"quinta-feira";"06:15:00";"RR";174;484;"BOA VISTA";"Acessar a via sem observar a presença dos outros veículos";"Tombamento";"Com Vítimas Feridas";"Pleno dia";"Crescente";"Nublado";"Simples";"Reta";"Não";2;0;1;0;1;0;1;1;2,72078;-60,823662;"SPRF-RR";"DEL01-RR";"UOP01-DEL01-RR"
351870;2021-04-15;"quinta-feira";"06:50:00";"PR";277;306,5;"PRUDENTOPOLIS";"Problema com o freio";"Tombamento";"Com Vítimas Feridas";"Amanhecer";"Decrescente";"Nublado";"Simples";"Viaduto";"Não";3;0;2;0;0;1;2;2;-25,29937603;-51,14537699;"SPRF-PR";"DEL08-PR";"UOP01-DEL08-PR"
351877;2021-03-17;"quarta-feira";"07:50:00";"PE";101;70,5;"RECIFE";"Acessar a via sem observar a presença dos outros veículos";"Colisão transversal";"Com Vítimas Feridas";"Pleno dia";"Crescente";"Céu Claro";"Simples";"Reta";"Sim";2;0;1;0;1;0;1;2;-8,072312;-34,942798;"SPRF-PE";"DEL01-PE";"UOP01-DEL01-PE"
351880;2021-04-15;"quinta-feira";"09:15:00";"MG";40;603,1;"CONGONHAS";"Conversão proibida";"Colisão transversal";"Com Vítimas Feridas";"Pleno dia";"Crescente";"Céu Claro";"Simples";"Curva;Declive";"Sim";4;0;1;1;2;0;2;2;-20,4421089;-43,84031123;"SPRF-MG";"DEL05-MG";"UOP02-DEL05-MG"
351886;2021-04-15;"quinta-feira";"08:00:00";"RJ";101;44;"CAMPOS DOS GOYTACAZES";"Retorno proibido";"Colisão traseira";"Com Vítimas Feridas";"Pleno dia";"Decrescente";"Céu Claro";"Simples";"Reta";"Sim";3;0;1;0;1;4;1;6;-21,58105081;-41,32049278;"SPRF-RJ";"DEL08-RJ";"UOP01-DEL08-RJ"
351892;2021-04-15;"quinta-feira";"07:44:00";"MT";364;349;"SANTO ANTONIO DO LEVERGER";"Problema com o freio";"Colisão traseira";"Com Vítimas Fatais";"Pleno dia";"Crescente";"Céu Claro";"Dupla";"Declive";"Não";5;1;0;0;3;4;0;8;-15,80502622;-55,5546431;"SPRF-MT";"DEL05-MT";"UOP02-DEL05-MT"
351901;2021-04-15;"quinta-feira";"09:50:00";"ES";101;448;"MIMOSO DO SUL";"Carga excessiva e/ou mal acondicionada";"Tombamento";"Com Vítimas Feridas";"Pleno dia";"Decrescente";"Céu Claro";"Simples";"Aclive";"Não";1;0;0;1;0;0;1;1;-21,13028101;-41,28044011;"SPRF-ES";"DEL03-ES";"UOP02-DEL03-ES"
351902;2021-04-08;"quinta-feira";"02:00:00";"PR";376;618,5;"SAO JOSE DOS PINHAIS";"Acumulo de água sobre o pavimento";"Colisão lateral mesmo sentido";"Sem Vítimas";"Plena Noite";"Crescente";"Chuva";"Dupla";"Reta";"Sim";3;0;0;0;2;1;0;3;-25,59168398;-49,17197705;"SPRF-PR";"DEL01-PR";"UOP04-DEL01-PR"
351903;2021-04-15;"quinta-feira";"11:10:00";"RS";386;438,2;"NOVA SANTA RITA";"Transitar na contramão";"Colisão frontal";"Com Vítimas Fatais";"Pleno dia";"Decrescente";"Céu Claro";"Dupla";"Reta";"Sim";2;1;0;0;1;0;0;2;-29,8673949;-51,25055673;"SPRF-RS";"DEL04-RS";"UOP02-DEL04-RS"
351905;2021-04-15;"quinta-feira";"11:40:00";"ES";101;266,1;"SERRA";"Obstrução na via";"Eventos atípicos";"Com Vítimas Feridas";"Pleno dia";"Decrescente";"Sol";"Múltipla";"Reta";"Sim";4;0;1;0;2;1;1;4;-20,190199;-40,26828891;"SPRF-ES";"DEL02-ES";"UOP01-DEL02-ES"
351906;2021-04-15;"quinta-feira";"11:00:00";"MS";163;598;"SAO GABRIEL DO OESTE";"Ausência de reação do condutor";"Colisão com objeto";"Com Vítimas Feridas";"Pleno dia";"Decrescente";"Céu Claro";"Dupla";"Reta";"Não";2;0;1;0;0;2;1;3;-19,51826916;-54,46698123;"SPRF-MS";"DEL06-MS";"UOP02-DEL06-MS"
351912;2021-04-15;"quinta-feira";"10:00:00";"BA";242;627;"MUQUEM DE SAO FRANCISCO";"Reação tardia ou ineficiente do condutor";"Colisão frontal";"Com Vítimas Feridas";"Pleno dia";"Crescente";"Sol";"Simples";"Interseção de Vias";"Não";6;0;0;1;4;2;1;4;-12,215373;-43,54493;"SPRF-BA";"DEL06-BA";"UOP03-DEL06-BA"
351915;2021-04-15;"quinta-feira";"07:30:00";"PR";153;240;"TIBAGI";"Velocidade Incompatível";"Capotamento";"Com Vítimas Feridas";"Pleno dia";"Crescente";"Céu Claro";"Simples";"Curva;Declive";"Não";1;0;0;1;0;0;1;1;-24,78746066;-50,4705066;"SPRF-PR";"DEL03-PR";"UOP02-DEL03-PR"
351917;2021-04-15;"quinta-feira";"07:30:00";"MT";174;332;"PONTES E LACERDA";"Condutor deixou de manter distância do veículo da frente";"Colisão traseira";"Com Vítimas Feridas";"Pleno dia";"Decrescente";"Céu Claro";"Simples";"Reta";"Não";5;0;1;0;3;4;1;7;-14,86297175;-59,29812158;"SPRF-MT";"DEL04-MT";"UOP01-DEL04-MT"
351918;2021-04-15;"quinta-feira";"13:17:00";"GO";70;2;"AGUAS LINDAS DE GOIAS";"Acumulo de areia ou detritos sobre o pavimento";"Colisão lateral mesmo sentido";"Com Vítimas Feridas";"Pleno dia";"Crescente";"Céu Claro";"Dupla";"Reta";"Sim";2;0;1;0;1;0;1;2;-15,767021;-48,229945;"SPRF-DF";"DEL03-DF";"UOP02-DEL03-DF"
351920;2021-04-15;"quinta-feira";"11:45:00";"RO";364;376;"OURO PRETO DO OESTE";"Frear bruscamente";"Tombamento";"Com Vítimas Feridas";"Pleno dia";"Crescente";"Céu Claro";"Dupla";"Declive;Reta";"Não";3;0;1;0;1;2;1;4;-10,73644956;-62,1987319;"SPRF-RO";"DEL02-RO";"UOP01-DEL02-RO"
351922;2021-04-15;"quinta-feira";"13:00:00";"MG";381;797,4;"SAO GONCALO DO SAPUCAI";"Ausência de reação do condutor";"Saída de leito carroçável";"Com Vítimas Feridas";"Pleno dia";"Crescente";"Céu Claro";"Dupla";"Reta";"Não";2;0;1;0;0;1;1;2;-21,95493798;-45,62329389;"SPRF-MG";"DEL16-MG";"UOP02-DEL16-MG"
351923;2021-04-15;"quinta-feira";"13:30:00";"SC";282;4;"FLORIANOPOLIS";"Estacionar ou parar em local proibido";"Colisão traseira";"Com Vítimas Feridas";"Pleno dia";"Crescente";"Céu Claro";"Simples";"Reta";"Sim";2;0;0;1;1;0;1;2;-27,59309176;-48,60263586;"SPRF-SC";"DEL01-SC";"UOP01-DEL01-SC"
351931;2021-04-06;"terça-feira";"18:40:00";"RO";364;90;"VILHENA";"Ultrapassagem Indevida";"Colisão lateral mesmo sentido";"Com Vítimas Fatais";"Anoitecer";"Decrescente";"Céu Claro";"Simples";"Reta";"Não";5;2;1;0;1;2;1;4;-12,36103512;-60,62575836;"SPRF-RO";"DEL04-RO";"UOP01-DEL04-RO"
351940;2021-04-15;"quinta-feira";"15:35:00";"ES";101;259,8;"SERRA";"Ausência de reação do condutor";"Colisão traseira";"Com Vítimas Feridas";"Pleno dia";"Decrescente";"Céu Claro";"Dupla";"Reta";"Sim";5;0;3;0;1;1;3;3;-20,138397;-40,292213;"SPRF-ES";"DEL02-ES";"UOP01-DEL02-ES"
351941;2021-04-15;"quinta-feira";"15:20:00";"RS";293;4,9;"PELOTAS";"Acessar a via sem observar a presença dos outros veículos";"Colisão lateral mesmo sentido";"Com Vítimas Feridas";"Pleno dia";"Decrescente";"Céu Claro";"Simples";"Reta";"Não";3;0;1;0;1;1;1;3;-31,73357732;-52,37275615;"SPRF-RS";"DEL07-RS";"UOP01-DEL07-RS"
351942;2021-04-15;"quinta-feira";"14:00:00";"PR";369;395,5;"MAMBORE";"Condutor Dormindo";"Colisão lateral sentido oposto";"Com Vítimas Feridas";"Pleno dia";"Decrescente";"Sol";"Simples";"Reta";"Não";3;0;0;1;1;1;1;3;-24,29872236;-52,58751869;"SPRF-PR";"DEL09-PR";"UOP03-DEL09-PR"
351945;2021-04-07;"quarta-feira";"15:30:00";"RR";174;294;"CARACARAI";"Reação tardia ou ineficiente do condutor";"Saída de leito carroçável";"Sem Vítimas";"Pleno dia";"Crescente";"Céu Claro";"Simples";"Reta";"Não";2;0;0;0;1;1;0;2;1,44092;-60,73819;"SPRF-RR";"DEL01-RR";"UOP01-DEL01-RR"
351950;2021-04-15;"quinta-feira";"16:20:00";"RJ";116;133;"MAGE";"Retorno proibido";"Colisão lateral mesmo sentido";"Com Vítimas Feridas";"Pleno dia";"Decrescente";"Céu Claro";"Dupla";"Reta";"Sim";2;0;1;0;1;0;1;2;-22,65418284;-43,14382995;"SPRF-RJ";"DEL04-RJ";"UOP02-DEL04-RJ"
351956;2021-04-15;"quinta-feira";"13:45:00";"MG";365;603,1;"UBERLANDIA";"Condutor Dormindo";"Saída de leito carroçável";"Com Vítimas Feridas";"Pleno dia";"Crescente";"Sol";"Simples";"Reta";"Não";1;0;1;0;0;0;1;1;-18,89439026;-48,13367844;"SPRF-MG";"DEL15-MG";"UOP01-DEL15-MG"
351960;2021-04-15;"quinta-feira";"13:40:00";"RO";364;257;"CACOAL";"Velocidade Incompatível";"Colisão lateral sentido oposto";"Com Vítimas Feridas";"Pleno dia";"Decrescente";"Chuva";"Simples";"Declive;Reta";"Não";4;0;1;0;1;2;1;4;-11,43520135;-61,62493101;"SPRF-RO";"DEL02-RO";"UOP02-DEL02-RO"
351965;2021-04-15;"quinta-feira";"17:25:00";"GO";60;11;"SANTO ANTONIO DO DESCOBERTO";"Ultrapassagem Indevida";"Colisão lateral mesmo sentido";"Sem Vítimas";"Pleno dia";"Crescente";"Céu Claro";"Dupla";"Curva";"Não";4;0;0;0;4;0;0;2;-16,114;-48,329;"SPRF-DF";"DEL03-DF";"UOP01-DEL03-DF"
351967;2021-04-15;"quinta-feira";"18:10:00";"RS";116;64,4;"CAMPESTRE DA SERRA";"Curva acentuada";"Tombamento";"Com Vítimas Feridas";"Anoitecer";"Crescente";"Céu Claro";"Simples";"Curva";"Não";2;0;1;0;0;1;1;2;-28,67070899;-51,06396104;"SPRF-RS";"DEL05-RS";"UOP03-DEL05-RS"
351971;2021-04-15;"quinta-feira";"17:50:00";"PR";116;115,8;"CURITIBA";"Velocidade Incompatível";"Colisão traseira";"Com Vítimas Feridas";"Anoitecer";"Decrescente";"Céu Claro";"Dupla";"Reta";"Não";7;0;2;1;1;4;3;6;-25,56786974;-49,30997025;"SPRF-PR";"DEL01-PR";"UOP01-DEL01-PR"
351974;2021-04-15;"quinta-feira";"18:15:00";"PR";476;276,3;"SAO MATEUS DO SUL";"Ingestão de álcool e/ou substâncias psicoativas pelo pedestre";"Atropelamento de Pedestre";"Com Vítimas Feridas";"Plena Noite";"Crescente";"Céu Claro";"Simples";"Declive;Reta";"Sim";3;0;1;0;1;1;1;3;-25,87504338;-50,38550978;"SPRF-PR";"DEL02-PR";"UOP04-DEL02-PR"
351977;2021-03-30;"terça-feira";"19:20:00";"GO";60;106;"GOIANAPOLIS";"Reação tardia ou ineficiente do condutor";"Colisão traseira";"Com Vítimas Feridas";"Plena Noite";"Crescente";"Céu Claro";"Dupla";"Declive";"Não";5;0;1;0;3;1;1;5;-16,4232;-49,0134;"SPRF-GO";"DEL02-GO";"UOP01-DEL02-GO"
351983;2021-04-15;"quinta-feira";"17:55:00";"MG";50;55,7;"UBERLANDIA";"Velocidade Incompatível";"Tombamento";"Com Vítimas Feridas";"Anoitecer";"Decrescente";"Céu Claro";"Dupla";"Curva;Declive";"Não";2;0;1;0;0;1;1;2;-18,780967;-48,238038;"SPRF-MG";"DEL15-MG";"UOP02-DEL15-MG"
351986;2021-04-15;"quinta-feira";"19:20:00";"TO";226;69;"WANDERLANDIA";"Manobra de mudança de faixa";"Colisão frontal";"Com Vítimas Feridas";"Plena Noite";"Crescente";"Céu Claro";"Simples";"Reta";"Não";2;0;2;0;0;0;2;2;-6,843196;-47,953758;"SPRF-TO";"DEL02-TO";"UOP03-DEL02-TO"
351993;2021-04-15;"quinta-feira";"19:40:00";"PI";316;5,8;"TERESINA";"Reação tardia ou ineficiente do condutor";"Colisão traseira";"Com Vítimas Feridas";"Plena Noite";"Crescente";"Céu Claro";"Dupla";"Curva";"Sim";2;0;1;0;1;0;1;2;-5,14169858;-42,78157276;"SPRF-PI";"DEL01-PI";"UOP02-DEL01-PI"
351996;2021-04-15;"quinta-feira";"20:00:00";"PI";316;140,5;"ELESBAO VELOSO";"Condutor deixou de manter distância do veículo da frente";"Colisão traseira";"Com Vítimas Feridas";"Plena Noite";"Decrescente";"Céu Claro";"Simples";"Reta";"Não";2;0;0;1;1;0;1;2;-6,08122081;-42,23896478;"SPRF-PI";"DEL04-PI";"UOP02-DEL04-PI"
351998;2021-04-15;"quinta-feira";"19:13:00";"PR";163;42,9;"PRANCHITA";"Mal súbito do condutor";"Colisão frontal";"Com Vítimas Feridas";"Plena Noite";"Decrescente";"Chuva";"Simples";"Reta";"Sim";3;0;0;1;1;1;1;3;-26,06679301;-53,72123694;"SPRF-PR";"DEL02-PR";"UOP02-DEL02-PR"
351999;2021-04-15;"quinta-feira";"19:50:00";"TO";153;764,2;"ALVORADA";"Condutor Dormindo";"Colisão lateral sentido oposto";"Com Vítimas Feridas";"Plena Noite";"Decrescente";"Céu Claro";"Simples";"Reta";"Não";3;0;1;0;1;2;1;4;-12,50714008;-49,11199418;"SPRF-TO";"DEL01-TO";"UOP02-DEL01-TO"
352001;2021-04-15;"quinta-feira";"20:30:00";"PR";467;105,5;"CASCAVEL";"Condutor deixou de manter distância do veículo da frente";"Colisão traseira";"Com Vítimas Feridas";"Plena Noite";"Decrescente";"Céu Claro";"Dupla";"Reta";"Não";4;0;0;1;3;0;1;3;-24,9142;-53,492;"SPRF-PR";"DEL04-PR";"UOP01-DEL04-PR"
352002;2021-04-15;"quinta-feira";"21:00:00";"MG";116;792,3;"ALEM PARAIBA";"Animais na Pista";"Atropelamento de Animal";"Com Vítimas Feridas";"Plena Noite";"Crescente";"Céu Claro";"Simples";"Reta";"Não";3;0;2;0;0;1;2;2;-21,69299411;-42,72897434;"SPRF-MG";"DEL07-MG";"UOP01-DEL07-MG"
352003;2021-04-15;"quinta-feira";"16:00:00";"MA";316;401,3;"ALTO ALEGRE DO MARANHAO";"Reação tardia ou ineficiente do condutor";"Engavetamento";"Com Vítimas Feridas";"Pleno dia";"Crescente";"Sol";"Simples";"Reta";"Sim";4;0;1;0;2;4;1;7;-4,206411;-44,453041;"SPRF-MA";"DEL03-MA";"UOP01-DEL03-MA"
352006;2021-04-15;"quinta-feira";"19:30:00";"SC";282;216,8;"LAGES";"Ingestão de álcool pelo condutor";"Colisão lateral sentido oposto";"Sem Vítimas";"Plena Noite";"Crescente";"Céu Claro";"Simples";"Reta";"Sim";2;0;0;0;2;0;0;2;-27,797529;-50,291862;"SPRF-SC";"DEL05-SC";"UOP01-DEL05-SC"
352008;2021-04-15;"quinta-feira";"18:10:00";"PE";232;169,7;"TACAIMBO";"Ultrapassagem Indevida";"Colisão frontal";"Com Vítimas Feridas";"Plena Noite";"Decrescente";"Chuva";"Simples";"Curva";"Não";3;0;1;1;1;0;2;2;-8,3399573;-36,334402;"SPRF-PE";"DEL02-PE";"UOP03-DEL02-PE"
352011;2021-04-15;"quinta-feira";"21:30:00";"TO";153;160;"ARAGUAINA";"Reação tardia ou ineficiente do condutor";"Colisão com objeto";"Sem Vítimas";"Plena Noite";"Decrescente";"Céu Claro";"Simples";"Reta";"Não";2;0;0;0;1;1;0;2;-7,32115694;-48,3055211;"SPRF-TO";"DEL02-TO";"UOP01-DEL02-TO"
352021;2021-04-12;"segunda-feira";"09:20:00";"RJ";40;113;"DUQUE DE CAXIAS";"Manobra de mudança de faixa";"Colisão lateral mesmo sentido";"Sem Vítimas";"Pleno dia";"Crescente";"Céu Claro";"Dupla";"Reta";"Não";3;0;0;0;2;1;0;2;-22,71853604;-43,28993324;"SPRF-RJ";"DEL01-RJ";"UOP01-DEL01-RJ"
352023;2021-04-15;"quinta-feira";"23:00:00";"PR";373;176,9;"PONTA GROSSA";"Animais na Pista";"Atropelamento de Animal";"Com Vítimas Feridas";"Plena Noite";"Crescente";"Céu Claro";"Dupla";"Reta";"Sim";2;0;0;1;1;0;1;2;-25,06082803;-50,21845202;"SPRF-PR";"DEL03-PR";"UOP01-DEL03-PR"
352031;2021-04-16;"sexta-feira";"00:20:00";"GO";153;532;"HIDROLANDIA";"Ingestão de álcool pelo condutor";"Colisão frontal";"Sem Vítimas";"Plena Noite";"Decrescente";"Céu Claro";"Simples";"Aclive";"Sim";3;0;0;0;2;1;0;3;-16,9852;-49,2297;"SPRF-GO";"DEL01-GO";"UOP03-DEL01-GO"
352032;2021-04-16;"sexta-feira";"00:15:00";"MG";381;673;"PERDOES";"Condutor Dormindo";"Colisão traseira";"Com Vítimas Feridas";"Plena Noite";"Decrescente";"Céu Claro";"Dupla";"Reta";"Não";2;0;0;1;1;0;1;2;-21,07815514;-45,05820058;"SPRF-MG";"DEL04-MG";"UOP02-DEL04-MG"
352038;2021-04-16;"sexta-feira";"00:30:00";"SC";280;31;"ARAQUARI";"Reação tardia ou ineficiente do condutor";"Colisão lateral sentido oposto";"Sem Vítimas";"Plena Noite";"Crescente";"Nublado";"Simples";"Reta";"Não";3;0;0;0;1;2;0;3;-26,41528838;-48,76670122;"SPRF-SC";"DEL03-SC";"UOP03-DEL03-SC"
352041;2021-04-16;"sexta-feira";"03:30:00";"MG";40;513;"RIBEIRAO DAS NEVES";"Condutor deixou de manter distância do veículo da frente";"Colisão traseira";"Com Vítimas Feridas";"Plena Noite";"Decrescente";"Céu Claro";"Múltipla";"Reta";"Não";2;0;1;0;1;0;1;2;-19,7970544;-44,1080512;"SPRF-MG";"DEL01-MG";"UOP02-DEL01-MG"
352042;2021-04-16;"sexta-feira";"04:20:00";"AL";104;74;"MESSIAS";"Curva acentuada";"Tombamento";"Com Vítimas Feridas";"Amanhecer";"Crescente";"Nublado";"Simples";"Viaduto";"Não";3;0;3;0;0;0;3;1;-9,3682254;-35,83573003;"SPRF-AL";"DEL01-AL";"UOP02-DEL01-AL"
352043;2021-04-16;"sexta-feira";"04:00:00";"GO";50;105;"CRISTALINA";"Condutor Dormindo";"Saída de leito carroçável";"Sem Vítimas";"Plena Noite";"Decrescente";"Céu Claro";"Dupla";"Reta";"Não";2;0;0;0;1;3;0;4;-16,9309;-47,7117;"SPRF-DF";"DEL01-DF";"UOP02-DEL01-DF"
352046;2021-04-16;"sexta-feira";"05:30:00";"SC";101;120,1;"ITAJAI";"Ingestão de álcool pelo condutor";"Colisão traseira";"Sem Vítimas";"Amanhecer";"Crescente";"Garoa/Chuvisco";"Dupla";"Reta";"Sim";2;0;0;0;2;0;0;2;-26,912758;-48,711998;"SPRF-SC";"DEL04-SC";"UOP04-DEL04-SC"
352050;2021-04-16;"sexta-feira";"05:45:00";"SC";470;111,5;"IBIRAMA";"Velocidade Incompatível";"Tombamento";"Com Vítimas Feridas";"Amanhecer";"Crescente";"Céu Claro";"Simples";"Curva";"Não";1;0;1;0;0;0;1;1;-27,086622;-49,458096;"SPRF-SC";"DEL04-SC";"UOP02-DEL04-SC"
352051;2021-04-16;"sexta-feira";"04:10:00";"SP";116;405,4;"MIRACATU";"Condutor Dormindo";"Colisão traseira";"Com Vítimas Feridas";"Plena Noite";"Decrescente";"Nublado";"Dupla";"Reta";"Não";3;0;1;0;1;2;1;4;-24,32410859;-47,55091522;"SPRF-SP";"DEL04-SP";"UOP02-DEL04-SP"
352053;2021-04-16;"sexta-feira";"05:15:00";"MS";267;66,8;"BATAGUASSU";"Condutor Dormindo";"Colisão lateral sentido oposto";"Com Vítimas Feridas";"Amanhecer";"Decrescente";"Céu Claro";"Simples";"Declive";"Não";3;0;1;0;1;2;1;4;-21,85202235;-52,73164593;"SPRF-MS";"DEL02-MS";"UOP04-DEL02-MS"
352055;2021-04-16;"sexta-feira";"06:40:00";"RS";101;47,1;"TERRA DE AREIA";"Avarias e/ou desgaste excessivo no pneu";"Incêndio";"Sem Vítimas";"Amanhecer";"Decrescente";"Nublado";"Dupla";"Viaduto";"Sim";2;0;0;0;1;1;0;2;-29,5843029;-50,06892213;"SPRF-RS";"DEL03-RS";"UOP02-DEL03-RS"
352065;2021-04-16;"sexta-feira";"08:35:00";"CE";116;25;"AQUIRAZ";"Acessar a via sem observar a presença dos outros veículos";"Colisão transversal";"Sem Vítimas";"Pleno dia";"Decrescente";"Céu Claro";"Múltipla";"Reta";"Sim";2;0;0;0;2;0;0;2;-3,96633279;-38,51525324;"SPRF-CE";"DEL01-CE";"UOP02-DEL01-CE"
352071;2021-04-16;"sexta-feira";"08:15:00";"SC";101;41;"JOINVILLE";"Condutor deixou de manter distância do veículo da frente";"Colisão lateral mesmo sentido";"Com Vítimas Feridas";"Pleno dia";"Decrescente";"Céu Claro";"Dupla";"Curva";"Sim";2;0;1;0;0;1;1;2;-26,28215489;-48,88973081;"SPRF-SC";"DEL03-SC";"UOP01-DEL03-SC"
352074;2021-02-15;"segunda-feira";"19:00:00";"PR";476;45;"ADRIANOPOLIS";"Mal súbito do condutor";"Tombamento";"Com Vítimas Feridas";"Anoitecer";"Crescente";"Ignorado";"Simples";"Curva";"Não";1;0;1;0;0;0;1;1;-24,9142043;-49,0976283;"SPRF-PR";"DEL01-PR";"UOP02-DEL01-PR"
352081;2021-04-16;"sexta-feira";"07:10:00";"PR";153;118,2;"IBAITI";"Desrespeitar a preferência no cruzamento";"Colisão transversal";"Com Vítimas Feridas";"Pleno dia";"Crescente";"Céu Claro";"Simples";"Curva";"Não";3;0;1;0;1;1;1;3;-23,91600185;-50,21944506;"SPRF-PR";"DEL07-PR";"UOP04-DEL07-PR"
352086;2021-04-16;"sexta-feira";"07:15:00";"BA";101;697,5;"EUNAPOLIS";"Reação tardia ou ineficiente do condutor";"Colisão traseira";"Com Vítimas Fatais";"Pleno dia";"Crescente";"Nublado";"Simples";"Declive;Reta";"Não";10;5;0;1;3;1;1;5;-16,2295112;-39,5977472;"SPRF-BA";"DEL09-BA";"UOP01-DEL09-BA"
352089;2021-04-16;"sexta-feira";"09:50:00";"MG";40;770,6;"JUIZ DE FORA";"Transitar na contramão";"Colisão frontal";"Com Vítimas Feridas";"Pleno dia";"Decrescente";"Céu Claro";"Simples";"Curva";"Não";2;0;0;1;1;0;1;2;-21,59924304;-43,4579108;"SPRF-MG";"DEL05-MG";"UOP01-DEL05-MG"