"id";"data_inversa";"dia_semana";"horario";"uf";"br";"km";"municipio";"causa_acidente";"tipo_acidente";"classificacao_acidente";"fase_dia";"sentido_via";"condicao_metereologica";"tipo_pista";"tracado_via";"uso_solo";"pessoas";"mortos";"feridos_leves";"feridos_graves";"ilesos";"ignorados";"feridos";"veiculos";"latitude";"longitude";"regional";"delegacia";"uop"
352090;2021-04-16;"sexta-feira";"09:30:00";"AL";101;95,2;"RIO LARGO";"Reação tardia ou ineficiente do condutor";"Tombamento";"Sem Vítimas";"Pleno dia";"Crescente";"Garoa/Chuvisco";"Simples";"Declive";"Não";2;0;0;0;1;1;0;2;-9,52154511;-35,9386769;"SPRF-AL";"DEL01-AL";"UOP01-DEL01-AL"
352092;2021-04-12;"segunda-feira";"15:30:00";"SC";280;110;"SAO BENTO DO SUL";"Velocidade Incompatível";"Tombamento";"Sem Vítimas";"Pleno dia";"Crescente";"Céu Claro";"Simples";"Curva";"Não";1;0;0;0;1;0;0;1;-26,32140672;-49,38932175;"SPRF-SC";"DEL06-SC";"UOP03-DEL06-SC"
352093;2021-04-16;"sexta-feira";"07:20:00";"SC";470;172;"POUSO REDONDO";"Ausência de reação do condutor";"Colisão traseira";"Com Vítimas Feridas";"Pleno dia";"Decrescente";"Nublado";"Simples";"Reta";"Não";4;0;2;0;2;0;2;3;-27,257526;-49,909592;"SPRF-SC";"DEL04-SC";"UOP02-DEL04-SC"
352095;2021-04-16;"sexta-feira";"09:20:00";"MG";381;556;"ITAGUARA";"Demais falhas mecânicas ou elétricas";"Saída de leito carroçável";"Sem Vítimas";"Pleno dia";"Crescente";"Céu Claro";"Dupla";"Curva";"Não";2;0;0;0;1;1;0;2;-20,36068712;-44,46666568;"SPRF-MG";"DEL04-MG";"UOP03-DEL04-MG"
352100;2021-04-16;"sexta-feira";"06:00:00";"GO";158;45;"BOM JARDIM DE GOIAS";"Ausência de reação do condutor";"Colisão lateral sentido oposto";"Com Vítimas Feridas";"Amanhecer";"Decrescente";"Céu Claro";"Simples";"Reta";"Não";3;0;0;1;1;4;1;6;-16,21794888;-52,11296197;"SPRF-GO";"DEL04-GO";"UOP01-DEL04-GO"
352102;2021-03-01;"segunda-feira";"18:00:00";"BA";101;263;"SANTO ANTONIO DE JESUS";"Acessar a via sem observar a presença dos outros veículos";"Colisão lateral sentido oposto";"Com Vítimas Feridas";"Anoitecer";"Crescente";"Céu Claro";"Simples";"Reta";"Não";2;0;1;0;1;0;1;2;-12,97436573;-39,27577972;"SPRF-BA";"DEL01-BA";"UOP02-DEL01-BA"
352104;2021-04-16;"sexta-feira";"11:50:00";"SC";470;87;"ASCURRA";"Ausência de reação do condutor";"Colisão frontal";"Com Vítimas Feridas";"Pleno dia";"Crescente";"Céu Claro";"Simples";"Reta";"Não";2;0;1;0;1;0;1;2;-26,948483;-49,366833;"SPRF-SC";"DEL04-SC";"UOP01-DEL04-SC"
352106;2021-04-16;"sexta-feira";"11:40:00";"MG";262;787,9;"UBERABA";"Condutor Dormindo";"Tombamento";"Com Vítimas Feridas";"Pleno dia";"Crescente";"Sol";"Simples";"Reta";"Não";3;0;1;0;0;2;1;3;-19,75732861;-47,82157808;"SPRF-MG";"DEL13-MG";"UOP01-DEL13-MG"
352109;2021-04-16;"sexta-feira";"08:40:00";"MS";262;134;"AGUA CLARA";"Condutor deixou de manter distância do veículo da frente";"Colisão lateral sentido oposto";"Sem Vítimas";"Pleno dia";"Decrescente";"Sol";"Simples";"Declive";"Não";4;0;0;0;3;7;0;10;-20,48177826;-52,80499506;"SPRF-MS";"DEL07-MS";"UOP02-DEL07-MS"
352110;2021-04-16;"sexta-feira";"12:10:00";"PR";376;159,8;"MARINGA";"Manobra de mudança de faixa";"Colisão lateral mesmo sentido";"Com Vítimas Feridas";"Pleno dia";"Crescente";"Céu Claro";"Dupla";"Retorno Regulamentado";"Não";2;0;1;0;1;0;1;2;-23,36838484;-52,06572891;"SPRF-PR";"DEL09-PR";"UOP01-DEL09-PR"
352111;2021-04-16;"sexta-feira";"12:00:00";"RS";153;20;"SEVERIANO DE ALMEIDA";"Velocidade Incompatível";"Tombamento";"Com Vítimas Feridas";"Pleno dia";"Crescente";"Nublado";"Simples";"Curva";"Não";2;0;0;1;0;1;1;2;-27,46701184;-52,10387543;"SPRF-RS";"DEL08-RS";"UOP04-DEL08-RS"
352116;2021-04-04;"domingo";"12:15:00";"MS";163;192;"CAARAPO";"Acostamento em desnível";"Saída de leito carroçável";"Com Vítimas Feridas";"Pleno dia";"Decrescente";"Céu Claro";"Simples";"Declive";"Não";3;0;2;0;0;1;2;2;-22,77004883;-54,77214378;"SPRF-MS";"DEL04-MS";"UOP02-DEL04-MS"
352119;2021-04-16;"sexta-feira";"12:10:00";"PR";277;35,2;"MORRETES";"Problema com o freio";"Colisão traseira";"Com Vítimas Feridas";"Pleno dia";"Decrescente";"Céu Claro";"Dupla";"Declive;Curva";"Não";7;0;2;2;2;2;4;5;-25,574255;-48,829286;"SPRF-PR";"DEL01-PR";"UOP05-DEL01-PR"
352120;2021-01-18;"segunda-feira";"19:10:00";"RJ";40;103;"DUQUE DE CAXIAS";"Mal súbito do condutor";"Colisão com objeto";"Com Vítimas Feridas";"Plena Noite";"Decrescente";"Ignorado";"Dupla";"Reta";"Sim";1;0;1;0;0;0;1;1;-22,65931496;-43,28394782;"SPRF-RJ";"DEL01-RJ";"UOP01-DEL01-RJ"
352124;2021-04-16;"sexta-feira";"08:30:00";"MG";116;134,1;"PONTO DOS VOLANTES";"Carga excessiva e/ou mal acondicionada";"Derramamento de carga";"Sem Vítimas";"Pleno dia";"Decrescente";"Céu Claro";"Simples";"Reta";"Não";2;0;0;0;1;1;0;2;-16,72310091;-41,50394416;"SPRF-MG";"DEL11-MG";"UOP02-DEL11-MG"
352126;2021-04-16;"sexta-feira";"13:30:00";"MG";262;630,7;"IBIA";"Velocidade Incompatível";"Colisão frontal";"Com Vítimas Feridas";"Pleno dia";"Crescente";"Céu Claro";"Simples";"Reta";"Não";5;0;2;1;1;3;3;6;-19,59234388;-46,48325488;"SPRF-MG";"DEL08-MG";"UOP01-DEL08-MG"
352127;2021-03-27;"sábado";"23:00:00";"MT";70;20;"BARRA DO GARCAS";"Acostamento em desnível";"Saída de leito carroçável";"Sem Vítimas";"Plena Noite";"Crescente";"Céu Claro";"Simples";"Ponte";"Não";2;0;0;0;1;1;0;2;-15,84611394;-52,42361397;"SPRF-MT";"DEL07-MT";"UOP01-DEL07-MT"
352130;2021-04-16;"sexta-feira";"13:55:00";"MG";40;827;"SIMAO PEREIRA";"Demais falhas mecânicas ou elétricas";"Incêndio";"Sem Vítimas";"Pleno dia";"Crescente";"Céu Claro";"Dupla";"Reta";"Não";2;0;0;0;1;1;0;2;-21,98932602;-43,2844189;"SPRF-MG";"DEL05-MG";"UOP01-DEL05-MG"
352139;2021-04-16;"sexta-feira";"14:30:00";"RO";364;354,9;"JI-PARANA";"Reação tardia ou ineficiente do condutor";"Colisão traseira";"Com Vítimas Feridas";"Pleno dia";"Decrescente";"Céu Claro";"Simples";"Reta";"Não";3;0;1;0;1;5;1;7;-10,7917506;-62,04102606;"SPRF-RO";"DEL02-RO";"UOP01-DEL02-RO"
352143;2021-04-16;"sexta-feira";"17:00:00";"ES";101;387;"RIO NOVO DO SUL";"Velocidade Incompatível";"Tombamento";"Com Vítimas Feridas";"Pleno dia";"Crescente";"Céu Claro";"Simples";"Curva";"Não";2;0;0;1;0;1;1;2;-20,84937594;-40,87581007;"SPRF-ES";"DEL03-ES";"UOP01-DEL03-ES"
352145;2021-03-19;"sexta-feira";"18:55:00";"SC";101;219,4;"PALHOCA";"Reação tardia ou ineficiente do condutor";"Colisão traseira";"Com Vítimas Feridas";"Plena Noite";"Crescente";"Nublado";"Dupla";"Reta";"Sim";2;0;0;1;1;0;1;2;-27,68392194;-48,66710085;"SPRF-SC";"DEL01-SC";"UOP02-DEL01-SC"
352148;2021-04-16;"sexta-feira";"16:40:00";"MG";262;397;"PARA DE MINAS";"Velocidade Incompatível";"Colisão traseira";"Com Vítimas Feridas";"Pleno dia";"Crescente";"Céu Claro";"Dupla";"Reta";"Não";4;0;2;1;0;1;3;3;-19,90483585;-44,51518191;"SPRF-MG";"DEL01-MG";"UOP03-DEL01-MG"
352158;2021-04-16;"sexta-feira";"16:50:00";"RS";116;244;"SAO LEOPOLDO";"Condutor deixou de manter distância do veículo da frente";"Colisão traseira";"Com Vítimas Fatais";"Pleno dia";"Crescente";"Céu Claro";"Múltipla";"Reta";"Sim";4;1;0;0;1;3;0;5;-29,74088003;-51,15039566;"SPRF-RS";"DEL01-RS";"UOP02-DEL01-RS"
352164;2021-04-16;"sexta-feira";"14:30:00";"PI";343;105;"COCAL";"Avarias e/ou desgaste excessivo no pneu";"Saída de leito carroçável";"Sem Vítimas";"Pleno dia";"Decrescente";"Céu Claro";"Simples";"Reta";"Não";2;0;0;0;2;0;0;1;-3,614475;-41,689976;"SPRF-PI";"DEL05-PI";"UOP01-DEL05-PI"
352165;2021-04-16;"sexta-feira";"17:50:00";"SC";470;60;"BLUMENAU";"Acessar a via sem observar a presença dos outros veículos";"Colisão lateral mesmo sentido";"Com Vítimas Feridas";"Plena Noite";"Crescente";"Céu Claro";"Simples";"Reta";"Sim";2;0;1;0;1;0;1;2;-26,88138;-49,164543;"SPRF-SC";"DEL04-SC";"UOP01-DEL04-SC"
352168;2021-04-16;"sexta-feira";"11:00:00";"BA";101;659;"ITAPEBI";"Reação tardia ou ineficiente do condutor";"Tombamento";"Sem Vítimas";"Pleno dia";"Crescente";"Céu Claro";"Simples";"Curva";"Não";2;0;0;0;1;1;0;2;-15,927148;-39,562044;"SPRF-BA";"DEL05-BA";"UOP02-DEL05-BA"
352169;2021-04-16;"sexta-feira";"18:40:00";"SE";101;174;"SANTA LUZIA DO ITANHY";"Acessar a via sem observar a presença dos outros veículos";"Colisão transversal";"Com Vítimas Feridas";"Plena Noite";"Decrescente";"Nublado";"Simples";"Aclive;Interseção de Vias;Curva";"Não";5;0;0;1;3;1;1;3;-11,34153986;-37,60813236;"SPRF-SE";"DEL02-SE";"UOP01-DEL02-SE"
352174;2021-04-16;"sexta-feira";"17:00:00";"MT";364;272;"JACIARA";"Desrespeitar a preferência no cruzamento";"Colisão lateral mesmo sentido";"Com Vítimas Feridas";"Pleno dia";"Decrescente";"Céu Claro";"Dupla";"Reta";"Sim";3;0;0;1;1;3;1;5;-15,96667987;-54,96121981;"SPRF-MT";"DEL02-MT";"UOP01-DEL02-MT"
352177;2021-04-16;"sexta-feira";"16:15:00";"TO";153;631,3;"ALIANCA DO TOCANTINS";"Ultrapassagem Indevida";"Colisão traseira";"Com Vítimas Feridas";"Pleno dia";"Crescente";"Céu Claro";"Simples";"Aclive";"Não";4;0;0;1;1;2;1;4;-11,36976213;-48,96428868;"SPRF-TO";"DEL01-TO";"UOP02-DEL01-TO"
352182;2021-04-16;"sexta-feira";"18:38:00";"MG";153;234,9;"FRONTEIRA";"Chuva";"Saída de leito carroçável";"Com Vítimas Feridas";"Plena Noite";"Crescente";"Chuva";"Simples";"Reta";"Não";1;0;1;0;0;0;1;1;-20,221877;-49,146679;"SPRF-MG";"DEL13-MG";"UOP02-DEL13-MG"
352191;2021-04-16;"sexta-feira";"18:30:00";"RJ";116;312;"ITATIAIA";"Pedestre cruzava a pista fora da faixa";"Atropelamento de Pedestre";"Com Vítimas Fatais";"Plena Noite";"Crescente";"Céu Claro";"Simples";"Reta";"Não";3;1;1;0;1;0;1;3;-22,46068623;-44,45262504;"SPRF-RJ";"DEL07-RJ";"UOP02-DEL07-RJ"
352201;2021-03-16;"terça-feira";"07:20:00";"PE";232;134;"CARUARU";"Condutor deixou de manter distância do veículo da frente";"Colisão transversal";"Com Vítimas Feridas";"Pleno dia";"Decrescente";"Céu Claro";"Dupla";"Reta";"Sim";2;0;1;0;1;0;1;2;-8,30853497;-36,02442101;"SPRF-PE";"DEL02-PE";"UOP03-DEL02-PE"
352203;2021-04-16;"sexta-feira";"20:20:00";"PR";376;665;"GUARATUBA";"Velocidade Incompatível";"Colisão traseira";"Com Vítimas Feridas";"Plena Noite";"Crescente";"Céu Claro";"Múltipla";"Curva";"Não";4;0;1;0;2;1;1;3;-25,85455838;-48,95670808;"SPRF-PR";"DEL01-PR";"UOP04-DEL01-PR"
352213;2021-04-16;"sexta-feira";"16:45:00";"PI";316;47,2;"LAGOA DO PIAUI";"Ultrapassagem Indevida";"Saída de leito carroçável";"Com Vítimas Feridas";"Pleno dia";"Decrescente";"Céu Claro";"Simples";"Curva";"Não";5;0;3;0;0;2;3;3;-5,46605702;-42,63591977;"SPRF-PI";"DEL01-PI";"UOP02-DEL01-PI"
352214;2021-04-16;"sexta-feira";"19:20:00";"BA";415;59;"ITABUNA";"Velocidade Incompatível";"Saída de leito carroçável";"Com Vítimas Feridas";"Plena Noite";"Decrescente";"Céu Claro";"Simples";"Curva";"Não";1;0;0;1;0;0;1;1;-14,81574494;-39,29612388;"SPRF-BA";"DEL05-BA";"UOP01-DEL05-BA"
352215;2021-04-16;"sexta-feira";"20:15:00";"PR";277;0,4;"PARANAGUA";"Transitar na contramão";"Colisão lateral mesmo sentido";"Sem Vítimas";"Plena Noite";"Decrescente";"Céu Claro";"Simples";"Interseção de Vias";"Sim";3;0;0;0;2;1;0;3;-25,51783;-48,541088;"SPRF-PR";"DEL01-PR";"UOP05-DEL01-PR"
352216;2021-04-16;"sexta-feira";"18:45:00";"MT";364;604;"DIAMANTINO";"Obstrução na via";"Colisão transversal";"Com Vítimas Feridas";"Plena Noite";"Crescente";"Céu Claro";"Simples";"Reta";"Não";4;0;2;0;1;1;2;3;-14,48029884;-56,23795488;"SPRF-MT";"DEL01-MT";"UOP01-DEL01-MT"
352217;2021-04-16;"sexta-feira";"21:55:00";"CE";222;120,5;"ITAPAJE";"Condutor deixou de manter distância do veículo da frente";"Colisão traseira";"Com Vítimas Fatais";"Plena Noite";"Decrescente";"Céu Claro";"Simples";"Reta";"Sim";4;1;1;0;1;1;1;4;-3,71506803;-39,56689605;"SPRF-CE";"DEL04-CE";"UOP03-DEL04-CE"
352219;2021-04-16;"sexta-feira";"21:50:00";"SC";101;37,7;"JOINVILLE";"Velocidade Incompatível";"Eventos atípicos";"Com Vítimas Feridas";"Plena Noite";"Decrescente";"Céu Claro";"Dupla";"Reta";"Não";4;0;1;0;3;0;1;3;-26,25050176;-48,90863867;"SPRF-SC";"DEL03-SC";"UOP01-DEL03-SC"
352223;2021-04-16;"sexta-feira";"21:30:00";"MG";381;801,4;"SAO GONCALO DO SAPUCAI";"Ausência de reação do condutor";"Colisão traseira";"Com Vítimas Feridas";"Plena Noite";"Crescente";"Céu Claro";"Múltipla";"Reta;Aclive";"Não";3;0;1;0;1;1;1;3;-21,98436367;-45,64717924;"SPRF-MG";"DEL16-MG";"UOP02-DEL16-MG"
352228;2021-04-16;"sexta-feira";"22:05:00";"RS";101;1,2;"TORRES";"Condutor deixou de manter distância do veículo da frente";"Colisão traseira";"Sem Vítimas";"Plena Noite";"Decrescente";"Nublado";"Dupla";"Viaduto";"Sim";3;0;0;0;2;1;0;3;-29,31090421;-49,77330577;"SPRF-RS";"DEL03-RS";"UOP02-DEL03-RS"
352229;2021-04-16;"sexta-feira";"19:00:00";"RS";290;719;"URUGUAIANA";"Conversão proibida";"Saída de leito carroçável";"Sem Vítimas";"Anoitecer";"Crescente";"Céu Claro";"Simples";"Reta";"Sim";2;0;0;0;1;1;0;2;-29,77369037;-57,04683065;"SPRF-RS";"DEL13-RS";"UOP01-DEL13-RS"
352230;2021-04-16;"sexta-feira";"23:25:00";"RJ";116;86,8;"TERESOPOLIS";"Velocidade Incompatível";"Tombamento";"Com Vítimas Fatais";"Plena Noite";"Decrescente";"Céu Claro";"Simples";"Curva";"Não";10;4;0;6;0;0;6;2;-22,43671224;-42,94971377;"SPRF-RJ";"DEL04-RJ";"UOP01-DEL04-RJ"
352232;2021-04-16;"sexta-feira";"22:30:00";"PR";277;102;"CAMPO LARGO";"Reação tardia ou ineficiente do condutor";"Colisão traseira";"Com Vítimas Feridas";"Plena Noite";"Crescente";"Nublado";"Dupla";"Aclive;Reta";"Sim";3;0;1;0;2;0;1;2;-25,51408786;-49,33726669;"SPRF-PR";"DEL01-PR";"UOP01-DEL01-PR"
352235;2021-04-16;"sexta-feira";"20:10:00";"SC";101;302;"LAGUNA";"Iluminação deficiente";"Colisão traseira";"Com Vítimas Feridas";"Plena Noite";"Decrescente";"Céu Claro";"Dupla";"Reta";"Não";2;0;1;0;0;1;1;2;-28,35387609;-48,7426239;"SPRF-SC";"DEL02-SC";"UOP03-DEL02-SC"
352236;2021-04-16;"sexta-feira";"21:20:00";"MT";364;561;"NOBRES";"Acessar a via sem observar a presença dos outros veículos";"Colisão lateral mesmo sentido";"Sem Vítimas";"Plena Noite";"Decrescente";"Céu Claro";"Dupla";"Curva";"Não";3;0;0;0;2;2;0;4;-14,7824259;-56,37807902;"SPRF-MT";"DEL01-MT";"UOP01-DEL01-MT"
352238;2021-04-16;"sexta-feira";"20:30:00";"SC";470;240,6;"CURITIBANOS";"Ausência de reação do condutor";"Colisão frontal";"Com Vítimas Feridas";"Plena Noite";"Decrescente";"Céu Claro";"Simples";"Curva";"Não";3;0;0;1;1;1;1;3;-27,306107;-50,481949;"SPRF-SC";"DEL05-SC";"UOP03-DEL05-SC"
352252;2021-04-17;"sábado";"00:40:00";"AL";104;7,9;"SAO JOSE DA LAJE";"Declive acentuado";"Tombamento";"Com Vítimas Fatais";"Plena Noite";"Crescente";"Chuva";"Simples";"Curva";"Não";3;1;0;2;0;0;2;1;-8,95590995;-36,02384445;"SPRF-AL";"DEL01-AL";"UOP02-DEL01-AL"
352254;2021-04-17;"sábado";"01:14:00";"MT";364;203;"RONDONOPOLIS";"Reação tardia ou ineficiente do condutor";"Colisão traseira";"Com Vítimas Feridas";"Plena Noite";"Crescente";"Ignorado";"Dupla";"Declive";"Sim";4;0;1;1;1;2;2;4;-16,47555256;-54,65344724;"SPRF-MT";"DEL02-MT";"UOP01-DEL02-MT"
352255;2021-04-16;"sexta-feira";"21:30:00";"PR";153;137;"VENTANIA";"Velocidade Incompatível";"Tombamento";"Sem Vítimas";"Plena Noite";"Crescente";"Céu Claro";"Simples";"Curva";"Não";2;0;0;0;1;1;0;2;-24,04805819;-50,24742694;"SPRF-PR";"DEL07-PR";"UOP04-DEL07-PR"
352257;2021-04-17;"sábado";"00:35:00";"RJ";393;283;"VOLTA REDONDA";"Reação tardia ou ineficiente do condutor";"Colisão frontal";"Com Vítimas Fatais";"Plena Noite";"Decrescente";"Nublado";"Simples";"Reta";"Sim";2;1;0;0;0;1;0;2;-22,47606388;-44,04976392;"SPRF-RJ";"DEL05-RJ";"UOP04-DEL05-RJ"
352262;2021-04-17;"sábado";"04:29:00";"RS";290;80;"GRAVATAI";"Transitar na contramão";"Colisão frontal";"Com Vítimas Fatais";"Plena Noite";"Crescente";"Céu Claro";"Dupla";"Reta";"Não";2;1;0;1;0;0;1;2;-29,95343;-51,058449;"SPRF-RS";"DEL01-RS";"UOP01-DEL01-RS"
352263;2021-04-17;"sábado";"00:10:00";"MT";163;586;"NOVA MUTUM";"Acostamento em desnível";"Colisão transversal";"Sem Vítimas";"Plena Noite";"Decrescente";"Céu Claro";"Simples";"Reta";"Não";3;0;0;0;2;1;0;3;-14,031449;-56,09551801;"SPRF-MT";"DEL01-MT";"UOP01-DEL01-MT"
352264;2021-04-17;"sábado";"04:55:00";"PR";116;122;"CURITIBA";"Acessar a via sem observar a presença dos outros veículos";"Colisão traseira";"Sem Vítimas";"Plena Noite";"Decrescente";"Nublado";"Dupla";"Reta";"Sim";2;0;0;0;2;0;0;2;-25,56857207;-49,31023179;"SPRF-PR";"DEL01-PR";"UOP03-DEL01-PR"
352265;2021-04-16;"sexta-feira";"16:00:00";"MG";116;782;"LEOPOLDINA";"Velocidade Incompatível";"Saída de leito carroçável";"Com Vítimas Feridas";"Pleno dia";"Decrescente";"Céu Claro";"Simples";"Curva";"Não";2;0;1;0;0;1;1;2;-21,62683253;-42,70003796;"SPRF-MG";"DEL07-MG";"UOP01-DEL07-MG"
352266;2021-04-17;"sábado";"05:10:00";"PR";277;284,8;"PRUDENTOPOLIS";"Transitar na contramão";"Colisão frontal";"Com Vítimas Fatais";"Plena Noite";"Crescente";"Nublado";"Simples";"Reta";"Não";5;1;2;1;0;1;3;4;-25,319;-51,015;"SPRF-PR";"DEL03-PR";"UOP03-DEL03-PR"
352267;2021-04-16;"sexta-feira";"17:30:00";"PR";476;156;"ARAUCARIA";"Demais falhas mecânicas ou elétricas";"Derramamento de carga";"Sem Vítimas";"Plena Noite";"Crescente";"Nublado";"Dupla";"Reta";"Sim";2;0;0;0;1;1;0;2;-25,599157;-49,417736;"SPRF-PR";"DEL01-PR";"UOP03-DEL01-PR"
352270;2021-04-17;"sábado";"06:50:00";"PR";376;667;"GUARATUBA";"Velocidade Incompatível";"Tombamento";"Sem Vítimas";"Pleno dia";"Crescente";"Nublado";"Múltipla";"Curva;Declive";"Não";1;0;0;0;1;0;0;1;-25,86649659;-48,94666822;"SPRF-PR";"DEL01-PR";"UOP04-DEL01-PR"
352273;2021-04-17;"sábado";"05:40:00";"ES";101;287,8;"CARIACICA";"Animais na Pista";"Saída de leito carroçável";"Com Vítimas Feridas";"Amanhecer";"Crescente";"Nublado";"Dupla";"Reta;Declive";"Não";1;0;1;0;0;0;1;1;-20,26493528;-40,38471702;"SPRF-ES";"DEL01-ES";"UOP01-DEL01-ES"
352274;2021-04-16;"sexta-feira";"12:00:00";"RJ";116;263,4;"VOLTA REDONDA";"Condutor Dormindo";"Saída de leito carroçável";"Com Vítimas Feridas";"Pleno dia";"Crescente";"Céu Claro";"Dupla";"Curva";"Não";1;0;1;0;0;0;1;1;-22,59220328;-44,06782285;"SPRF-RJ";"DEL07-RJ";"UOP02-DEL07-RJ"
352277;2021-04-17;"sábado";"06:30:00";"BA";324;619;"SALVADOR";"Condutor deixou de manter distância do veículo da frente";"Colisão traseira";"Com Vítimas Feridas";"Pleno dia";"Crescente";"Nublado";"Dupla";"Reta";"Sim";3;0;1;0;2;0;1;3;-12,89820999;-38,45012202;"SPRF-BA";"DEL01-BA";"UOP01-DEL01-BA"
352279;2021-03-19;"sexta-feira";"13:40:00";"SE";101;172,3;"SANTA LUZIA DO ITANHY";"Transitar na contramão";"Colisão frontal";"Com Vítimas Fatais";"Pleno dia";"Decrescente";"Céu Claro";"Simples";"Reta";"Não";3;1;0;0;1;1;0;3;-11,34367006;-37,60336957;"SPRF-SE";"DEL02-SE";"UOP01-DEL02-SE"
352282;2021-02-28;"domingo";"14:50:00";"MG";153;52;"MONTE ALEGRE DE MINAS";"Velocidade Incompatível";"Saída de leito carroçável";"Com Vítimas Feridas";"Pleno dia";"Crescente";"Chuva";"Dupla";"Curva";"Não";2;0;1;0;0;1;1;2;-18,83920407;-49,09236077;"SPRF-MG";"DEL15-MG";"UOP03-DEL15-MG"
352285;2021-04-17;"sábado";"09:30:00";"PR";277;2,3;"PARANAGUA";"Reação tardia ou ineficiente do condutor";"Colisão frontal";"Com Vítimas Feridas";"Pleno dia";"Crescente";"Garoa/Chuvisco";"Dupla";"Reta";"Sim";2;0;1;0;1;0;1;2;-25,568198;-48,615292;"SPRF-PR";"DEL01-PR";"UOP05-DEL01-PR"
352288;2021-03-26;"sexta-feira";"14:55:00";"TO";153;421,3;"MIRACEMA DO TOCANTINS";"Manobra de mudança de faixa";"Tombamento";"Com Vítimas Feridas";"Pleno dia";"Decrescente";"Céu Claro";"Simples";"Curva";"Não";2;0;1;0;0;2;1;3;-9,58765406;-48,62204276;"SPRF-TO";"DEL01-TO";"UOP01-DEL01-TO"
352293;2021-03-05;"sexta-feira";"11:50:00";"MG";381;314,6;"NOVA ERA";"Ultrapassagem Indevida";"Queda de ocupante de veículo";"Com Vítimas Feridas";"Pleno dia";"Decrescente";"Céu Claro";"Simples";"Curva";"Não";3;0;1;0;1;1;1;3;-19,68470313;-42,98694795;"SPRF-MG";"DEL03-MG";"UOP02-DEL03-MG"
352297;2021-04-17;"sábado";"10:25:00";"PR";369;163;"CAMBE";"Condutor deixou de manter distância do veículo da frente";"Colisão traseira";"Com Vítimas Feridas";"Pleno dia";"Decrescente";"Céu Claro";"Dupla";"Reta";"Sim";3;0;2;0;1;0;2;2;-23,29706825;-51,27686799;"SPRF-PR";"DEL07-PR";"UOP01-DEL07-PR"
352298;2021-04-17;"sábado";"10:30:00";"RS";392;91,5;"PELOTAS";"Demais falhas mecânicas ou elétricas";"Saída de leito carroçável";"Com Vítimas Feridas";"Pleno dia";"Crescente";"Céu Claro";"Simples";"Reta;Declive";"Não";2;0;2;0;0;0;2;1;-31,59972387;-52,52523292;"SPRF-RS";"DEL07-RS";"UOP01-DEL07-RS"
352303;2021-04-17;"sábado";"10:20:00";"SP";116;408;"JUQUIA";"Demais falhas mecânicas ou elétricas";"Colisão traseira";"Sem Vítimas";"Pleno dia";"Crescente";"Céu Claro";"Dupla";"Reta";"Sim";3;0;0;0;1;4;0;5;-24,32873462;-47,57541707;"SPRF-SP";"DEL05-SP";"UOP01-DEL05-SP"
352306;2021-01-11;"segunda-feira";"06:00:00";"CE";222;18,5;"CAUCAIA";"Ultrapassagem Indevida";"Colisão lateral";"Com Vítimas Feridas";"Pleno dia";"Crescente";"Céu Claro";"Simples";"Reta";"Não";4;0;1;0;2;3;1;6;-3,74923332;-38,71923964;"SPRF-CE";"DEL01-CE";"UOP01-DEL01-CE"
352322;2021-04-17;"sábado";"14:40:00";"RS";392;33,5;"RIO GRANDE";"Retorno proibido";"Colisão transversal";"Com Vítimas Feridas";"Pleno dia";"Crescente";"Céu Claro";"Dupla";"Reta";"Não";7;0;2;2;1;2;4;4;-32,02482501;-52,28787638;"SPRF-RS";"DEL07-RS";"UOP02-DEL07-RS"
352328;2021-04-17;"sábado";"13:45:00";"BA";116;403,8;"FEIRA DE SANTANA";"Ingestão de álcool pelo condutor";"Colisão transversal";"Sem Vítimas";"Pleno dia";"Crescente";"Céu Claro";"Simples";"Curva";"Sim";3;0;0;0;2;1;0;3;-12,06248778;-38,97090912;"SPRF-BA";"DEL02-BA";"UOP01-DEL02-BA"
352332;2021-04-17;"sábado";"15:10:00";"MG";381;336;"NOVA ERA";"Ultrapassagem Indevida";"Colisão frontal";"Com Vítimas Feridas";"Pleno dia";"Decrescente";"Céu Claro";"Simples";"Curva";"Não";7;0;0;2;3;5;2;9;-19,82119502;-43,07407899;"SPRF-MG";"DEL03-MG";"UOP01-DEL03-MG"
352342;2021-04-17;"sábado";"16:00:00";"BA";324;558,5;"AMELIA RODRIGUES";"Reação tardia ou ineficiente do condutor";"Saída de leito carroçável";"Com Vítimas Feridas";"Pleno dia";"Decrescente";"Nublado";"Dupla";"Reta";"Não";3;0;1;0;0;2;1;3;-12,48182515;-38,66808011;"SPRF-BA";"DEL01-BA";"UOP03-DEL01-BA"
352343;2021-04-17;"sábado";"15:00:00";"TO";153;267;"BRASILANDIA DO TOCANTINS";"Condutor deixou de manter distância do veículo da frente";"Colisão traseira";"Com Vítimas Feridas";"Pleno dia";"Crescente";"Céu Claro";"Simples";"Reta";"Não";5;0;0;1;3;1;1;3;-8,23628803;-48,46562767;"SPRF-TO";"DEL02-TO";"UOP01-DEL02-TO"
352353;2021-04-17;"sábado";"03:00:00";"PI";230;160;"IPIRANGA DO PIAUI";"Condutor Dormindo";"Saída de leito carroçável";"Com Vítimas Feridas";"Plena Noite";"Crescente";"Céu Claro";"Simples";"Reta;Declive";"Não";2;0;1;0;1;0;1;1;-6,92798763;-41,81442697;"SPRF-PI";"DEL04-PI";"UOP01-DEL04-PI"