"id";"data_inversa";"dia_semana";"horario";"uf";"br";"km";"municipio";"causa_acidente";"tipo_acidente";"classificacao_acidente";"fase_dia";"sentido_via";"condicao_metereologica";"tipo_pista";"tracado_via";"uso_solo";"pessoas";"mortos";"feridos_leves";"feridos_graves";"ilesos";"ignorados";"feridos";"veiculos";"latitude";"longitude";"regional";"delegacia";"uop"
352355;2021-04-17;"sábado";"16:20:00";"PR";153;108;"IBAITI";"Chuva";"Saída de leito carroçável";"Sem Vítimas";"Pleno dia";"Decrescente";"Chuva";"Simples";"Reta";"Sim";2;0;0;0;2;0;0;2;-23,838009;-50,19312;"SPRF-PR";"DEL07-PR";"UOP04-DEL07-PR"
352370;2021-04-17;"sábado";"18:01:00";"PR";116;144;"MANDIRITUBA";"Ausência de reação do condutor";"Colisão lateral sentido oposto";"Com Vítimas Feridas";"Anoitecer";"Crescente";"Nublado";"Simples";"Curva";"Não";3;0;0;1;1;2;1;4;-25,76405694;-49,32116324;"SPRF-PR";"DEL01-PR";"UOP03-DEL01-PR"
352376;2021-04-17;"sábado";"04:10:00";"MA";226;427,5;"GRAJAU";"Condutor Dormindo";"Colisão frontal";"Com Vítimas Fatais";"Amanhecer";"Decrescente";"Céu Claro";"Simples";"Reta";"Não";6;1;3;1;1;0;4;2;-5,84339034;-46,22049081;"SPRF-MA";"DEL04-MA";"UOP02-DEL04-MA"
352378;2021-04-17;"sábado";"18:45:00";"GO";153;422;"ANAPOLIS";"Ausência de reação do condutor";"Colisão lateral mesmo sentido";"Com Vítimas Feridas";"Plena Noite";"Decrescente";"Céu Claro";"Dupla";"Curva";"Sim";2;0;1;0;0;1;1;2;-16,19182;-49,032566;"SPRF-GO";"DEL02-GO";"UOP01-DEL02-GO"
352382;2021-04-17;"sábado";"10:00:00";"SC";116;107;"SANTA CECILIA";"Ultrapassagem Indevida";"Colisão lateral mesmo sentido";"Sem Vítimas";"Pleno dia";"Decrescente";"Céu Claro";"Simples";"Declive;Curva";"Não";2;0;0;0;2;0;0;2;-26,75568818;-50,32812388;"SPRF-SC";"DEL06-SC";"UOP02-DEL06-SC"
352384;2021-04-17;"sábado";"06:15:00";"MG";381;940,5;"EXTREMA";"Entrada inopinada do pedestre";"Atropelamento de Pedestre";"Com Vítimas Feridas";"Plena Noite";"Decrescente";"Nublado";"Dupla";"Curva";"Não";2;0;0;1;0;1;1;2;-22,85421396;-46,33740277;"SPRF-MG";"DEL16-MG";"UOP03-DEL16-MG"
352387;2021-04-17;"sábado";"19:30:00";"PR";376;384,9;"IMBAU";"Condutor deixou de manter distância do veículo da frente";"Colisão traseira";"Com Vítimas Feridas";"Plena Noite";"Crescente";"Nublado";"Dupla";"Reta";"Sim";3;0;1;0;1;3;1;5;-24,43918708;-50,76275918;"SPRF-PR";"DEL03-PR";"UOP02-DEL03-PR"
352392;2021-04-17;"sábado";"19:00:00";"MG";262;159,9;"SAO DOMINGOS DO PRATA";"Demais falhas mecânicas ou elétricas";"Incêndio";"Sem Vítimas";"Plena Noite";"Crescente";"Céu Claro";"Simples";"Reta;Aclive";"Não";2;0;0;0;1;1;0;2;-19,95907975;-42,82841881;"SPRF-MG";"DEL03-MG";"UOP03-DEL03-MG"
352393;2021-04-17;"sábado";"15:30:00";"SP";116;509;"CAJATI";"Reação tardia ou ineficiente do condutor";"Saída de leito carroçável";"Sem Vítimas";"Anoitecer";"Decrescente";"Garoa/Chuvisco";"Dupla";"Curva";"Não";2;0;0;0;1;1;0;2;-24,82178987;-48,21419034;"SPRF-SP";"DEL05-SP";"UOP02-DEL05-SP"
352394;2021-04-17;"sábado";"14:20:00";"PA";10;281;"MAE DO RIO";"Reação tardia ou ineficiente do condutor";"Saída de leito carroçável";"Sem Vítimas";"Pleno dia";"Decrescente";"Céu Claro";"Simples";"Reta";"Não";2;0;0;0;1;1;0;2;-1,97698001;-47,5246806;"SPRF-PA";"DEL02-PA";"UOP01-DEL02-PA"
352396;2021-04-17;"sábado";"19:05:00";"BA";116;421,3;"FEIRA DE SANTANA";"Ingestão de álcool e/ou substâncias psicoativas pelo pedestre";"Colisão lateral mesmo sentido";"Sem Vítimas";"Plena Noite";"Decrescente";"Céu Claro";"Dupla";"Reta";"Sim";2;0;0;0;2;0;0;2;-12,22567539;-38,96519503;"SPRF-BA";"DEL02-BA";"UOP01-DEL02-BA"
352401;2021-04-17;"sábado";"19:15:00";"SC";470;237;"CURITIBANOS";"Ingestão de álcool pelo condutor";"Colisão frontal";"Com Vítimas Feridas";"Plena Noite";"Crescente";"Chuva";"Simples";"Curva";"Sim";2;0;1;0;1;0;1;2;-27,304129;-50,456207;"SPRF-SC";"DEL05-SC";"UOP03-DEL05-SC"
352410;2021-04-17;"sábado";"21:15:00";"PR";116;68,9;"CAMPINA GRANDE DO SUL";"Transitar na contramão";"Colisão frontal";"Com Vítimas Feridas";"Plena Noite";"Crescente";"Nublado";"Dupla";"Reta";"Não";5;0;0;1;2;3;1;6;-25,32365502;-49,02531697;"SPRF-PR";"DEL01-PR";"UOP02-DEL01-PR"
352413;2021-03-21;"domingo";"21:15:00";"MG";381;849;"POUSO ALEGRE";"Condutor Dormindo";"Colisão transversal";"Com Vítimas Feridas";"Plena Noite";"Crescente";"Céu Claro";"Dupla";"Reta";"Não";3;0;1;1;0;1;2;3;-22,26991499;-45,89241402;"SPRF-MG";"DEL16-MG";"UOP01-DEL16-MG"
352417;2021-04-17;"sábado";"20:00:00";"MA";316;477,8;"CODO";"Transitar na contramão";"Colisão lateral sentido oposto";"Com Vítimas Feridas";"Plena Noite";"Decrescente";"Céu Claro";"Simples";"Aclive";"Não";3;0;0;1;1;2;1;4;-4,609521;-43,935574;"SPRF-MA";"DEL03-MA";"UOP02-DEL03-MA"
352418;2021-04-17;"sábado";"15:02:00";"SP";116;511;"CAJATI";"Pista Escorregadia";"Saída de leito carroçável";"Com Vítimas Feridas";"Pleno dia";"Decrescente";"Chuva";"Simples";"Curva;Declive";"Não";2;0;1;0;0;1;1;2;-24,83558399;-48,2223738;"SPRF-SP";"DEL05-SP";"UOP02-DEL05-SP"
352420;2021-04-17;"sábado";"22:25:00";"SE";101;103;"SAO CRISTOVAO";"Condutor Dormindo";"Colisão com objeto";"Com Vítimas Feridas";"Plena Noite";"Decrescente";"Nublado";"Dupla";"Ponte";"Não";2;0;1;0;0;1;1;2;-10,95275718;-37,21920991;"SPRF-SE";"DEL02-SE";"UOP01-DEL02-SE"
352427;2021-04-17;"sábado";"19:50:00";"MA";222;675;"ACAILANDIA";"Ausência de reação do condutor";"Saída de leito carroçável";"Com Vítimas Feridas";"Plena Noite";"Decrescente";"Céu Claro";"Simples";"Reta";"Sim";2;0;1;0;0;3;1;4;-4,93859094;-47,46131504;"SPRF-MA";"DEL04-MA";"UOP03-DEL04-MA"
352428;2021-04-17;"sábado";"18:20:00";"PB";104;162,1;"BARRA DE SANTANA";"Ingestão de álcool pelo condutor";"Colisão lateral sentido oposto";"Sem Vítimas";"Anoitecer";"Decrescente";"Céu Claro";"Simples";"Reta";"Não";3;0;0;0;1;3;0;4;-7,52593;-35,994796;"SPRF-PB";"DEL02-PB";"UOP03-DEL02-PB"
352430;2021-03-24;"quarta-feira";"07:00:00";"MT";364;204;"RONDONOPOLIS";"Condutor deixou de manter distância do veículo da frente";"Colisão traseira";"Com Vítimas Feridas";"Pleno dia";"Decrescente";"Céu Claro";"Dupla";"Declive";"Sim";3;0;1;0;0;2;1;3;-16,467325;-54,657196;"SPRF-MT";"DEL02-MT";"UOP01-DEL02-MT"
352438;2021-04-17;"sábado";"22:50:00";"GO";364;3;"SAO SIMAO";"Ausência de reação do condutor";"Colisão traseira";"Com Vítimas Feridas";"Plena Noite";"Crescente";"Céu Claro";"Simples";"Reta";"Não";3;0;2;0;0;1;2;2;-19,029119;-50,522301;"SPRF-GO";"DEL05-GO";"UOP02-DEL05-GO"
352447;2021-04-17;"sábado";"22:30:00";"BA";101;63;"ENTRE RIOS";"Ausência de reação do condutor";"Colisão frontal";"Com Vítimas Fatais";"Plena Noite";"Crescente";"Nublado";"Simples";"Aclive";"Não";3;1;1;0;0;2;1;4;-11,96668305;-38,135598;"SPRF-BA";"DEL01-BA";"UOP04-DEL01-BA"
352449;2021-04-17;"sábado";"21:00:00";"BA";242;195;"ITABERABA";"Transitar na contramão";"Colisão frontal";"Com Vítimas Fatais";"Plena Noite";"Decrescente";"Céu Claro";"Simples";"Aclive";"Não";2;1;0;0;0;1;0;2;-12,52009266;-40,00329;"SPRF-BA";"DEL06-BA";"UOP02-DEL06-BA"
352457;2021-04-18;"domingo";"01:35:00";"MT";163;102,4;"RONDONOPOLIS";"Condutor Dormindo";"Colisão lateral mesmo sentido";"Sem Vítimas";"Plena Noite";"Decrescente";"Nublado";"Dupla";"Reta";"Não";3;0;0;0;2;2;0;4;-16,6450602;-54,68993838;"SPRF-MT";"DEL02-MT";"UOP01-DEL02-MT"
352460;2021-04-18;"domingo";"02:00:00";"MS";267;141,5;"NOVA ANDRADINA";"Desrespeitar a preferência no cruzamento";"Colisão frontal";"Com Vítimas Fatais";"Plena Noite";"Decrescente";"Céu Claro";"Simples";"Reta";"Não";2;1;0;0;1;0;0;2;-21,680525;-53,400294;"SPRF-MS";"DEL02-MS";"UOP03-DEL02-MS"
352461;2021-04-18;"domingo";"00:00:00";"MG";116;774,6;"LEOPOLDINA";"Velocidade Incompatível";"Tombamento";"Com Vítimas Feridas";"Plena Noite";"Decrescente";"Nublado";"Simples";"Curva;Declive";"Não";3;0;0;2;0;1;2;2;-21,57932128;-42,68264985;"SPRF-MG";"DEL07-MG";"UOP01-DEL07-MG"
352464;2021-04-18;"domingo";"02:20:00";"MT";70;506,5;"CUIABA";"Manobra de mudança de faixa";"Colisão frontal";"Com Vítimas Fatais";"Plena Noite";"Crescente";"Nublado";"Simples";"Reta";"Não";3;1;0;0;2;0;0;2;-15,66088946;-55,97311576;"SPRF-MT";"DEL01-MT";"UOP02-DEL01-MT"
352466;2021-04-18;"domingo";"04:20:00";"GO";153;495;"GOIANIA";"Transitar na contramão";"Colisão lateral sentido oposto";"Com Vítimas Feridas";"Plena Noite";"Decrescente";"Vento";"Dupla";"Reta";"Sim";3;0;0;1;1;1;1;3;-16,6681;-49,2263;"SPRF-GO";"DEL01-GO";"UOP01-DEL01-GO"
352471;2021-04-17;"sábado";"17:20:00";"SC";470;111;"APIUNA";"Velocidade Incompatível";"Colisão lateral sentido oposto";"Com Vítimas Feridas";"Anoitecer";"Decrescente";"Garoa/Chuvisco";"Simples";"Curva";"Não";5;0;1;2;1;1;3;3;-27,09962926;-49,46122169;"SPRF-SC";"DEL04-SC";"UOP02-DEL04-SC"
352479;2021-04-18;"domingo";"06:40:00";"RJ";393;274;"BARRA DO PIRAI";"Curva acentuada";"Saída de leito carroçável";"Com Vítimas Feridas";"Pleno dia";"Decrescente";"Céu Claro";"Simples";"Declive";"Não";2;0;1;0;0;2;1;3;-22,47433389;-43,99329185;"SPRF-RJ";"DEL05-RJ";"UOP04-DEL05-RJ"
352486;2021-04-18;"domingo";"01:10:00";"RS";290;70;"GRAVATAI";"Reação tardia ou ineficiente do condutor";"Colisão traseira";"Sem Vítimas";"Plena Noite";"Decrescente";"Céu Claro";"Dupla";"Reta";"Não";2;0;0;0;1;1;0;2;-29,948053;-50,956192;"SPRF-RS";"DEL03-RS";"UOP01-DEL03-RS"
352495;2021-04-17;"sábado";"23:30:00";"MT";174;557;"COMODORO";"Pista esburacada";"Tombamento";"Sem Vítimas";"Plena Noite";"Crescente";"Nevoeiro/Neblina";"Simples";"Reta";"Não";2;0;0;0;1;2;0;3;-13,037058;-59,909409;"SPRF-RO";"DEL04-RO";"UOP01-DEL04-RO"
352499;2021-04-18;"domingo";"09:00:00";"SP";116;299;"SAO LOURENCO DA SERRA";"Entrada inopinada do pedestre";"Atropelamento de Pedestre";"Com Vítimas Fatais";"Pleno dia";"Crescente";"Céu Claro";"Dupla";"Reta";"Sim";3;1;0;0;1;1;0;2;-23,79881101;-46,91523899;"SPRF-SP";"DEL04-SP";"UOP01-DEL04-SP"
352503;2021-04-18;"domingo";"10:10:00";"PE";101;44;"IGARASSU";"Velocidade Incompatível";"Colisão traseira";"Com Vítimas Feridas";"Pleno dia";"Crescente";"Nublado";"Múltipla";"Declive;Reta";"Sim";4;0;2;0;1;1;2;4;-7,85637001;-34,90842109;"SPRF-PE";"DEL01-PE";"UOP02-DEL01-PE"
352512;2021-04-18;"domingo";"08:50:00";"MG";262;410,8;"IGARATINGA";"Manobra de mudança de faixa";"Colisão com objeto";"Com Vítimas Feridas";"Pleno dia";"Crescente";"Sol";"Dupla";"Reta";"Não";4;0;0;1;1;3;1;5;-19,88686179;-44,63193985;"SPRF-MG";"DEL08-MG";"UOP03-DEL08-MG"
352516;2021-03-05;"sexta-feira";"16:20:00";"MG";381;267;"TIMOTEO";"Desrespeitar a preferência no cruzamento";"Colisão transversal";"Com Vítimas Feridas";"Pleno dia";"Crescente";"Céu Claro";"Simples";"Reta";"Sim";3;0;0;2;1;0;2;2;-19,53743297;-42,67521503;"SPRF-MG";"DEL03-MG";"UOP02-DEL03-MG"
352520;2021-04-18;"domingo";"11:20:00";"RS";290;215,7;"PANTANO GRANDE";"Ingestão de álcool pelo condutor";"Colisão frontal";"Com Vítimas Feridas";"Pleno dia";"Crescente";"Céu Claro";"Simples";"Reta";"Sim";4;0;1;0;2;3;1;6;-30,188616;-52,366409;"SPRF-RS";"DEL02-RS";"UOP03-DEL02-RS"
352526;2021-04-18;"domingo";"08:40:00";"SC";470;190;"POUSO REDONDO";"Velocidade Incompatível";"Tombamento";"Com Vítimas Feridas";"Pleno dia";"Decrescente";"Céu Claro";"Simples";"Curva;Declive";"Não";3;0;0;1;1;1;1;2;-27,281504;-50,069775;"SPRF-SC";"DEL04-SC";"UOP02-DEL04-SC"
352527;2021-04-18;"domingo";"11:25:00";"SC";116;34,1;"ITAIOPOLIS";"Conversão proibida";"Colisão transversal";"Com Vítimas Feridas";"Pleno dia";"Crescente";"Céu Claro";"Simples";"Interseção de Vias";"Sim";5;0;3;0;1;1;3;4;-26,33118709;-49,99664695;"SPRF-SC";"DEL06-SC";"UOP01-DEL06-SC"
352529;2021-04-18;"domingo";"10:00:00";"PI";135;388;"BOM JESUS";"Avarias e/ou desgaste excessivo no pneu";"Tombamento";"Com Vítimas Feridas";"Pleno dia";"Decrescente";"Nublado";"Simples";"Curva";"Não";3;0;2;0;0;1;2;2;-9,33351203;-44,52121394;"SPRF-PI";"DEL03-PI";"UOP02-DEL03-PI"
352532;2021-04-18;"domingo";"11:15:00";"SC";116;184,8;"SAO CRISTOVAO DO SUL";"Carga excessiva e/ou mal acondicionada";"Tombamento";"Sem Vítimas";"Pleno dia";"Decrescente";"Nublado";"Simples";"Rotatória";"Não";2;0;0;0;1;1;0;2;-27,301469;-50,42570114;"SPRF-SC";"DEL05-SC";"UOP03-DEL05-SC"
352539;2021-04-18;"domingo";"13:00:00";"PA";10;41,4;"ULIANOPOLIS";"Ingestão de álcool pelo condutor";"Colisão traseira";"Com Vítimas Feridas";"Pleno dia";"Crescente";"Céu Claro";"Simples";"Reta";"Não";2;0;0;1;0;1;1;2;-4,09119307;-47,5469016;"SPRF-PA";"DEL02-PA";"UOP02-DEL02-PA"
352541;2021-04-18;"domingo";"14:00:00";"ES";262;60,7;"MARECHAL FLORIANO";"Velocidade Incompatível";"Tombamento";"Com Vítimas Feridas";"Pleno dia";"Decrescente";"Nublado";"Simples";"Curva";"Não";4;0;1;1;1;1;2;3;-20,42733478;-40,78800673;"SPRF-ES";"DEL01-ES";"UOP02-DEL01-ES"
352543;2021-04-18;"domingo";"15:00:00";"MG";116;551,1;"SANTA BARBARA DO LESTE";"Reação tardia ou ineficiente do condutor";"Tombamento";"Com Vítimas Feridas";"Pleno dia";"Decrescente";"Céu Claro";"Simples";"Declive";"Não";2;0;1;0;1;0;1;2;-19,97728983;-42,13901923;"SPRF-MG";"DEL06-MG";"UOP02-DEL06-MG"
352544;2021-04-18;"domingo";"14:50:00";"PR";163;95,5;"CAPANEMA";"Velocidade Incompatível";"Tombamento";"Com Vítimas Feridas";"Pleno dia";"Crescente";"Céu Claro";"Simples";"Curva";"Não";1;0;0;1;0;0;1;1;-25,646987;-53,803146;"SPRF-PR";"DEL02-PR";"UOP02-DEL02-PR"
352546;2021-04-18;"domingo";"16:10:00";"BA";101;734;"ITABELA";"Velocidade Incompatível";"Tombamento";"Com Vítimas Fatais";"Pleno dia";"Decrescente";"Céu Claro";"Simples";"Curva";"Não";4;1;2;1;0;0;3;2;-16,65979108;-39,51564825;"SPRF-BA";"DEL09-BA";"UOP01-DEL09-BA"
352549;2021-04-18;"domingo";"14:30:00";"GO";50;286;"CATALAO";"Demais falhas mecânicas ou elétricas";"Saída de leito carroçável";"Sem Vítimas";"Pleno dia";"Decrescente";"Céu Claro";"Simples";"Reta";"Não";3;0;0;0;2;2;0;3;-18,2203;-47,9704;"SPRF-GO";"DEL06-GO";"UOP01-DEL06-GO"
352551;2021-04-18;"domingo";"16:50:00";"ES";101;387,1;"RIO NOVO DO SUL";"Velocidade Incompatível";"Tombamento";"Com Vítimas Fatais";"Pleno dia";"Decrescente";"Céu Claro";"Simples";"Curva";"Não";4;1;1;0;1;2;1;5;-20,8418875;-40,8727026;"SPRF-ES";"DEL03-ES";"UOP01-DEL03-ES"
352553;2021-04-18;"domingo";"16:15:00";"PR";277;721,6;"FOZ DO IGUACU";"Ingestão de álcool pelo condutor";"Colisão transversal";"Com Vítimas Feridas";"Pleno dia";"Crescente";"Céu Claro";"Dupla";"Reta";"Sim";7;0;5;0;1;1;5;3;-25,4911505;-54,51185421;"SPRF-PR";"DEL05-PR";"UOP03-DEL05-PR"
352555;2021-04-18;"domingo";"14:45:00";"RJ";393;238;"VASSOURAS";"Acessar a via sem observar a presença dos outros veículos";"Colisão transversal";"Com Vítimas Feridas";"Pleno dia";"Crescente";"Céu Claro";"Simples";"Interseção de Vias";"Não";4;0;2;0;1;1;2;3;-22,42949357;-43,69735219;"SPRF-RJ";"DEL05-RJ";"UOP03-DEL05-RJ"
352565;2021-04-18;"domingo";"16:40:00";"PA";316;33;"SANTA IZABEL DO PARA";"Condutor deixou de manter distância do veículo da frente";"Colisão traseira";"Com Vítimas Feridas";"Anoitecer";"Crescente";"Chuva";"Dupla";"Reta";"Sim";5;0;2;0;2;1;2;3;-1,29877612;-48,18005497;"SPRF-PA";"DEL01-PA";"UOP01-DEL01-PA"
352573;2021-04-18;"domingo";"18:45:00";"PE";101;189,5;"PALMARES";"Pedestre andava na pista";"Atropelamento de Pedestre";"Com Vítimas Fatais";"Plena Noite";"Crescente";"Chuva";"Dupla";"Curva";"Sim";2;1;0;0;0;1;0;2;-8,69036647;-35,60430503;"SPRF-PE";"DEL01-PE";"UOP01-DEL01-PE"
352574;2021-04-18;"domingo";"16:35:00";"MG";262;576,1;"CORREGO DANTA";"Demais falhas mecânicas ou elétricas";"Saída de leito carroçável";"Sem Vítimas";"Pleno dia";"Decrescente";"Nublado";"Simples";"Reta";"Não";1;0;0;0;1;0;0;1;-19,72760447;-46,01966858;"SPRF-MG";"DEL08-MG";"UOP02-DEL08-MG"
352575;2021-04-18;"domingo";"16:40:00";"TO";153;392;"RIO DOS BOIS";"Acessar a via sem observar a presença dos outros veículos";"Colisão transversal";"Com Vítimas Feridas";"Pleno dia";"Decrescente";"Chuva";"Simples";"Reta";"Não";3;0;1;0;1;1;1;3;-9,346141;-48,53745;"SPRF-TO";"DEL02-TO";"UOP01-DEL02-TO"
352587;2021-04-18;"domingo";"17:50:00";"PR";116;42;"CAMPINA GRANDE DO SUL";"Velocidade Incompatível";"Tombamento";"Sem Vítimas";"Plena Noite";"Decrescente";"Nublado";"Dupla";"Curva";"Não";2;0;0;0;1;2;0;3;-25,17611697;-48,874256;"SPRF-PR";"DEL01-PR";"UOP02-DEL01-PR"
352589;2021-04-18;"domingo";"19:20:00";"MG";262;435,7;"NOVA SERRANA";"Ingestão de álcool pelo condutor";"Colisão traseira";"Com Vítimas Feridas";"Plena Noite";"Decrescente";"Vento";"Dupla";"Reta";"Sim";2;0;1;0;1;0;1;2;-19,89666118;-44,85116191;"SPRF-MG";"DEL08-MG";"UOP03-DEL08-MG"
352598;2021-04-18;"domingo";"19:40:00";"RJ";116;164;"RIO DE JANEIRO";"Condutor deixou de manter distância do veículo da frente";"Colisão traseira";"Com Vítimas Feridas";"Plena Noite";"Crescente";"Céu Claro";"Dupla";"Reta";"Sim";3;0;1;0;1;1;1;3;-22,81074068;-43,28844363;"SPRF-RJ";"DEL01-RJ";"UOP01-DEL01-RJ"
352599;2021-04-18;"domingo";"19:50:00";"MG";116;664,9;"SAO FRANCISCO DO GLORIA";"Demais falhas mecânicas ou elétricas";"Saída de leito carroçável";"Com Vítimas Feridas";"Plena Noite";"Crescente";"Chuva";"Simples";"Curva;Declive";"Não";1;0;1;0;0;0;1;1;-20,8189012;-42,31856062;"SPRF-MG";"DEL07-MG";"UOP03-DEL07-MG"
352600;2021-04-18;"domingo";"19:00:00";"GO";60;99,3;"ANAPOLIS";"Ausência de reação do condutor";"Tombamento";"Com Vítimas Feridas";"Plena Noite";"Decrescente";"Céu Claro";"Dupla";"Viaduto";"Sim";1;0;0;1;0;0;1;1;-16,3924;-48,9588;"SPRF-GO";"DEL02-GO";"UOP01-DEL02-GO"
352607;2021-04-18;"domingo";"19:25:00";"CE";116;15,7;"FORTALEZA";"Condutor deixou de manter distância do veículo da frente";"Colisão traseira";"Com Vítimas Feridas";"Plena Noite";"Decrescente";"Céu Claro";"Dupla";"Reta";"Sim";4;0;3;0;1;0;3;2;-3,87839882;-38,50066893;"SPRF-CE";"DEL01-CE";"UOP02-DEL01-CE"
352614;2021-04-18;"domingo";"20:10:00";"PR";116;129,9;"FAZENDA RIO GRANDE";"Reação tardia ou ineficiente do condutor";"Colisão traseira";"Com Vítimas Feridas";"Plena Noite";"Decrescente";"Vento";"Dupla";"Reta";"Sim";2;0;0;1;1;0;1;2;-25,63027814;-49,31381255;"SPRF-PR";"DEL01-PR";"UOP03-DEL01-PR"
352616;2021-04-18;"domingo";"20:20:00";"GO";364;91;"CACHOEIRA ALTA";"Transitar na contramão";"Colisão lateral sentido oposto";"Com Vítimas Feridas";"Plena Noite";"Crescente";"Céu Claro";"Simples";"Reta";"Não";3;0;0;1;1;1;1;3;-18,49239;-51,074486;"SPRF-GO";"DEL05-GO";"UOP02-DEL05-GO"
352621;2021-04-18;"domingo";"20:10:00";"PA";163;987;"SANTAREM";"Transitar na contramão";"Colisão lateral sentido oposto";"Sem Vítimas";"Plena Noite";"Crescente";"Nublado";"Simples";"Reta";"Não";2;0;0;0;1;1;0;2;-2,583771;-54,720398;"SPRF-PA";"DEL05-PA";"UOP01-DEL05-PA"
352625;2021-04-18;"domingo";"18:30:00";"PR";153;17;"JACAREZINHO";"Ingestão de substâncias psicoativas pelo condutor";"Saída de leito carroçável";"Com Vítimas Feridas";"Plena Noite";"Crescente";"Céu Claro";"Simples";"Curva";"Não";3;0;1;0;0;2;1;3;-23,135487;-49,9450358;"SPRF-PR";"DEL07-PR";"UOP04-DEL07-PR"
352627;2021-04-18;"domingo";"22:20:00";"PE";101;189;"PALMARES";"Velocidade Incompatível";"Saída de leito carroçável";"Com Vítimas Feridas";"Plena Noite";"Decrescente";"Chuva";"Dupla";"Curva;Declive";"Sim";1;0;0;1;0;0;1;1;-8,69036647;-35,60430503;"SPRF-PE";"DEL01-PE";"UOP01-DEL01-PE"
352629;2021-04-18;"domingo";"20:00:00";"MG";251;319,8;"SALINAS";"Velocidade Incompatível";"Saída de leito carroçável";"Com Vítimas Feridas";"Plena Noite";"Decrescente";"Céu Claro";"Simples";"Curva";"Não";2;0;0;1;0;1;1;2;-16,20516705;-42,35675025;"SPRF-MG";"DEL12-MG";"UOP01-DEL12-MG"
352637;2021-04-18;"domingo";"21:30:00";"MS";262;85,7;"TRES LAGOAS";"Transitar na contramão";"Colisão frontal";"Com Vítimas Fatais";"Plena Noite";"Crescente";"Céu Claro";"Simples";"Reta";"Não";3;1;0;0;1;3;0;5;-20,62280382;-52,36559592;"SPRF-MS";"DEL07-MS";"UOP02-DEL07-MS"
352638;2021-04-18;"domingo";"23:00:00";"SP";116;359,2;"MIRACATU";"Velocidade Incompatível";"Tombamento";"Com Vítimas Feridas";"Plena Noite";"Decrescente";"Céu Claro";"Dupla";"Declive;Curva";"Não";1;0;1;0;0;0;1;1;-24,10862227;-47,26589989;"SPRF-SP";"DEL04-SP";"UOP02-DEL04-SP"
352649;2021-04-18;"domingo";"22:45:00";"PR";277;306,6;"GUARAPUAVA";"Reação tardia ou ineficiente do condutor";"Colisão frontal";"Com Vítimas Feridas";"Plena Noite";"Crescente";"Nublado";"Simples";"Aclive;Curva";"Não";5;0;1;0;4;0;1;2;-25,322229;-51,196656;"SPRF-PR";"DEL08-PR";"UOP01-DEL08-PR"
352651;2021-04-18;"domingo";"22:00:00";"RO";364;28;"VILHENA";"Condutor deixou de manter distância do veículo da frente";"Colisão traseira";"Sem Vítimas";"Plena Noite";"Decrescente";"Céu Claro";"Simples";"Curva";"Não";3;0;0;0;2;4;0;6;-12,71985725;-60,26500924;"SPRF-RO";"DEL04-RO";"UOP01-DEL04-RO"
352652;2021-04-19;"segunda-feira";"00:40:00";"SP";381;37;"ATIBAIA";"Reação tardia ou ineficiente do condutor";"Saída de leito carroçável";"Com Vítimas Feridas";"Plena Noite";"Decrescente";"Céu Claro";"Dupla";"Reta";"Não";1;0;1;0;0;0;1;1;-23,10506237;-46,56881577;"SPRF-SP";"DEL03-SP";"UOP01-DEL03-SP"
352657;2021-04-18;"domingo";"23:55:00";"MG";365;372,5;"PATOS DE MINAS";"Pista Escorregadia";"Eventos atípicos";"Com Vítimas Feridas";"Plena Noite";"Decrescente";"Garoa/Chuvisco";"Simples";"Curva";"Não";3;0;0;1;1;1;1;2;-18,52680796;-46,14524208;"SPRF-MG";"DEL10-MG";"UOP01-DEL10-MG"
352660;2021-04-19;"segunda-feira";"01:30:00";"ES";101;435,3;"PRESIDENTE KENNEDY";"Velocidade Incompatível";"Tombamento";"Sem Vítimas";"Plena Noite";"Crescente";"Garoa/Chuvisco";"Simples";"Curva;Declive";"Não";1;0;0;0;1;0;0;1;-21,05500952;-41,19609059;"SPRF-ES";"DEL03-ES";"UOP02-DEL03-ES"
352672;2021-04-19;"segunda-feira";"05:30:00";"SC";101;104,6;"PENHA";"Reação tardia ou ineficiente do condutor";"Colisão traseira";"Com Vítimas Feridas";"Amanhecer";"Crescente";"Céu Claro";"Dupla";"Reta";"Não";4;0;0;1;2;3;1;5;-26,79281742;-48,68080819;"SPRF-SC";"DEL03-SC";"UOP02-DEL03-SC"
352676;2021-04-18;"domingo";"22:10:00";"SC";280;189;"MAFRA";"Demais falhas mecânicas ou elétricas";"Tombamento";"Com Vítimas Feridas";"Plena Noite";"Decrescente";"Nublado";"Simples";"Curva";"Não";2;0;1;0;0;1;1;2;-26,17527846;-49,97184598;"SPRF-SC";"DEL06-SC";"UOP01-DEL06-SC"
352680;2021-04-19;"segunda-feira";"06:45:00";"PR";277;8;"PARANAGUA";"Reação tardia ou ineficiente do condutor";"Colisão com objeto";"Com Vítimas Feridas";"Amanhecer";"Crescente";"Céu Claro";"Dupla";"Reta";"Não";2;0;1;0;0;1;1;2;-25,564078;-48,596102;"SPRF-PR";"DEL01-PR";"UOP05-DEL01-PR"