"id";"data_inversa";"dia_semana";"horario";"uf";"br";"km";"municipio";"causa_acidente";"tipo_acidente";"classificacao_acidente";"fase_dia";"sentido_via";"condicao_metereologica";"tipo_pista";"tracado_via";"uso_solo";"pessoas";"mortos";"feridos_leves";"feridos_graves";"ilesos";"ignorados";"feridos";"veiculos";"latitude";"longitude";"regional";"delegacia";"uop"
352685;2021-04-19;"segunda-feira";"06:30:00";"MT";163;552;"DIAMANTINO";"Pista em desnível";"Tombamento";"Com Vítimas Feridas";"Amanhecer";"Decrescente";"Céu Claro";"Simples";"Reta";"Não";2;0;1;0;0;2;1;3;-14,29259489;-56,1477147;"SPRF-MT";"DEL01-MT";"UOP01-DEL01-MT"
352689;2021-04-19;"segunda-feira";"08:30:00";"MG";365;624,1;"UBERLANDIA";"Condutor deixou de manter distância do veículo da frente";"Colisão traseira";"Sem Vítimas";"Pleno dia";"Decrescente";"Céu Claro";"Dupla";"Reta";"Sim";2;0;0;0;2;0;0;2;-18,906287;-48,296341;"SPRF-MG";"DEL15-MG";"UOP01-DEL15-MG"
352704;2021-04-19;"segunda-feira";"02:35:00";"SP";381;61;"MAIRIPORA";"Avarias e/ou desgaste excessivo no pneu";"Tombamento";"Sem Vítimas";"Amanhecer";"Crescente";"Céu Claro";"Dupla";"Curva";"Não";1;0;0;0;1;0;0;1;-23,29011611;-46,5800681;"SPRF-SP";"DEL03-SP";"UOP01-DEL03-SP"
352707;2021-04-07;"quarta-feira";"22:00:00";"MT";364;309;"CAMPO VERDE";"Condutor Dormindo";"Colisão traseira";"Com Vítimas Feridas";"Plena Noite";"Crescente";"Céu Claro";"Dupla";"Reta";"Não";3;0;1;0;1;2;1;4;-15,81682288;-55,22982198;"SPRF-MT";"DEL05-MT";"UOP02-DEL05-MT"
352710;2021-03-09;"terça-feira";"11:20:00";"MA";135;107,7;"ITAPECURU MIRIM";"Pista esburacada";"Colisão frontal";"Com Vítimas Fatais";"Pleno dia";"Crescente";"Chuva";"Simples";"Curva";"Sim";2;1;0;0;1;0;0;2;-3,41828;-44,515209;"SPRF-MA";"DEL01-MA";"UOP02-DEL01-MA"
352714;2021-04-19;"segunda-feira";"09:50:00";"MS";163;489;"CAMPO GRANDE";"Carga excessiva e/ou mal acondicionada";"Colisão com objeto";"Com Vítimas Feridas";"Pleno dia";"Decrescente";"Céu Claro";"Simples";"Aclive";"Sim";3;0;2;0;0;1;2;2;-20,40828185;-54,55160067;"SPRF-MS";"DEL01-MS";"UOP02-DEL01-MS"
352719;2021-04-19;"segunda-feira";"11:50:00";"MT";70;3;"BARRA DO GARCAS";"Velocidade Incompatível";"Colisão traseira";"Com Vítimas Feridas";"Pleno dia";"Crescente";"Céu Claro";"Dupla";"Reta";"Sim";2;0;1;0;1;0;1;2;-15,88252843;-52,27574027;"SPRF-MT";"DEL07-MT";"UOP01-DEL07-MT"
352725;2021-04-19;"segunda-feira";"10:30:00";"PR";116;106;"SAO JOSE DOS PINHAIS";"Reação tardia ou ineficiente do condutor";"Colisão lateral mesmo sentido";"Com Vítimas Feridas";"Pleno dia";"Crescente";"Céu Claro";"Dupla";"Reta";"Não";3;0;1;0;2;0;1;2;-25,56960555;-49,22116969;"SPRF-PR";"DEL01-PR";"UOP01-DEL01-PR"
352726;2021-03-31;"quarta-feira";"13:30:00";"SC";470;110,8;"APIUNA";"Mal súbito do condutor";"Colisão lateral sentido oposto";"Com Vítimas Feridas";"Pleno dia";"Crescente";"Céu Claro";"Simples";"Curva";"Não";4;0;1;0;2;1;1;3;-27,086622;-49,458096;"SPRF-SC";"DEL04-SC";"UOP02-DEL04-SC"
352727;2021-04-19;"segunda-feira";"05:05:00";"SC";470;265,5;"CURITIBANOS";"Transitar na contramão";"Colisão frontal";"Com Vítimas Feridas";"Plena Noite";"Decrescente";"Nevoeiro/Neblina";"Simples";"Curva";"Não";3;0;1;0;1;2;1;4;-27,305662;-50,721737;"SPRF-SC";"DEL05-SC";"UOP03-DEL05-SC"
352730;2021-04-19;"segunda-feira";"12:31:00";"GO";70;10;"AGUAS LINDAS DE GOIAS";"Chuva";"Tombamento";"Com Vítimas Feridas";"Pleno dia";"Crescente";"Chuva";"Dupla";"Reta";"Sim";1;0;1;0;0;0;1;1;-15,73738129;-48,29228118;"SPRF-DF";"DEL03-DF";"UOP02-DEL03-DF"
352731;2021-04-19;"segunda-feira";"09:35:00";"SC";282;437;"IRANI";"Desrespeitar a preferência no cruzamento";"Colisão transversal";"Com Vítimas Feridas";"Pleno dia";"Decrescente";"Céu Claro";"Simples";"Rotatória";"Não";4;0;2;0;2;0;2;2;-26,963764;-51,854839;"SPRF-SC";"DEL07-SC";"UOP04-DEL07-SC"
352736;2021-04-19;"segunda-feira";"13:25:00";"SP";116;210;"GUARULHOS";"Condutor deixou de manter distância do veículo da frente";"Colisão traseira";"Com Vítimas Feridas";"Pleno dia";"Crescente";"Nublado";"Simples";"Reta";"Não";2;0;1;0;1;0;1;2;-23,42870023;-46,41085991;"SPRF-SP";"DEL01-SP";"UOP01-DEL01-SP"
352739;2021-04-19;"segunda-feira";"13:35:00";"PR";376;158,7;"MANDAGUACU";"Acessar a via sem observar a presença dos outros veículos";"Colisão transversal";"Com Vítimas Feridas";"Pleno dia";"Crescente";"Sol";"Dupla";"Retorno Regulamentado";"Não";3;0;1;0;1;1;1;3;-23,35817;-52,088609;"SPRF-PR";"DEL09-PR";"UOP01-DEL09-PR"
352740;2021-04-19;"segunda-feira";"13:30:00";"SP";116;211,5;"GUARULHOS";"Ausência de reação do condutor";"Colisão com objeto";"Com Vítimas Fatais";"Pleno dia";"Crescente";"Nublado";"Múltipla";"Reta";"Sim";1;1;0;0;0;0;0;1;-23,4324306;-46,4194352;"SPRF-SP";"DEL01-SP";"UOP01-DEL01-SP"
352741;2021-04-19;"segunda-feira";"12:30:00";"MT";163;643;"LUCAS DO RIO VERDE";"Ingestão de álcool pelo condutor";"Saída de leito carroçável";"Sem Vítimas";"Pleno dia";"Decrescente";"Céu Claro";"Simples";"Reta";"Não";2;0;0;0;1;2;0;3;-13,442474;-56,082863;"SPRF-MT";"DEL06-MT";"UOP01-DEL06-MT"
352742;2021-04-19;"segunda-feira";"13:30:00";"DF";20;16;"BRASILIA";"Demais falhas mecânicas ou elétricas";"Colisão transversal";"Com Vítimas Feridas";"Pleno dia";"Crescente";"Chuva";"Dupla";"Reta";"Sim";4;0;3;0;1;0;3;2;-15,624875;-47,723669;"SPRF-DF";"DEL02-DF";"UOP01-DEL02-DF"
352746;2021-04-19;"segunda-feira";"14:00:00";"BA";367;84;"EUNAPOLIS";"Carga excessiva e/ou mal acondicionada";"Colisão lateral sentido oposto";"Com Vítimas Feridas";"Pleno dia";"Crescente";"Céu Claro";"Simples";"Reta";"Sim";2;0;1;0;0;1;1;2;-16,37465;-39,579426;"SPRF-BA";"DEL09-BA";"UOP01-DEL09-BA"
352749;2021-04-19;"segunda-feira";"13:30:00";"MS";163;41;"ELDORADO";"Acostamento em desnível";"Saída de leito carroçável";"Com Vítimas Feridas";"Pleno dia";"Decrescente";"Sol";"Simples";"Reta";"Não";1;0;1;0;0;0;1;1;-23,78038392;-54,2770967;"SPRF-MS";"DEL09-MS";"UOP02-DEL09-MS"
352750;2021-04-15;"quinta-feira";"16:45:00";"MG";381;163,2;"GOVERNADOR VALADARES";"Demais falhas mecânicas ou elétricas";"Eventos atípicos";"Sem Vítimas";"Pleno dia";"Crescente";"Céu Claro";"Simples";"Reta";"Não";2;0;0;0;1;1;0;2;-18,93550625;-42,0516298;"SPRF-MG";"DEL06-MG";"UOP01-DEL06-MG"
352751;2021-04-07;"quarta-feira";"22:50:00";"GO";50;206,8;"CAMPO ALEGRE DE GOIAS";"Ingestão de álcool pelo condutor";"Colisão frontal";"Com Vítimas Feridas";"Plena Noite";"Crescente";"Céu Claro";"Dupla";"Reta";"Sim";3;0;0;1;1;1;1;3;-17,6173;-47,7787;"SPRF-GO";"DEL06-GO";"UOP01-DEL06-GO"
352753;2021-04-19;"segunda-feira";"13:00:00";"SP";116;564;"BARRA DO TURVO";"Pista Escorregadia";"Colisão com objeto";"Com Vítimas Feridas";"Pleno dia";"Crescente";"Chuva";"Simples";"Aclive";"Não";1;0;1;0;0;0;1;1;-25,03458919;-48,53543877;"SPRF-SP";"DEL05-SP";"UOP02-DEL05-SP"
352754;2021-04-19;"segunda-feira";"13:30:00";"RO";364;264,4;"CACOAL";"Ultrapassagem Indevida";"Colisão frontal";"Com Vítimas Fatais";"Pleno dia";"Decrescente";"Chuva";"Simples";"Reta;Declive";"Não";4;1;0;0;1;2;0;4;-11,383971;-61,667152;"SPRF-RO";"DEL02-RO";"UOP02-DEL02-RO"
352757;2021-04-19;"segunda-feira";"14:55:00";"RN";101;85,7;"NATAL";"Condutor deixou de manter distância do veículo da frente";"Colisão lateral mesmo sentido";"Com Vítimas Feridas";"Pleno dia";"Crescente";"Céu Claro";"Dupla";"Reta";"Sim";2;0;1;0;0;1;1;2;-5,777664;-35,24937;"SPRF-RN";"DEL02-RN";"UOP01-DEL02-RN"
352759;2021-04-19;"segunda-feira";"13:00:00";"RR";174;505;"BOA VISTA";"Condutor deixou de manter distância do veículo da frente";"Colisão traseira";"Sem Vítimas";"Pleno dia";"Crescente";"Céu Claro";"Dupla";"Reta";"Sim";2;0;0;0;1;1;0;2;2,821002;-60,694871;"SPRF-RR";"DEL01-RR";"UOP01-DEL01-RR"
352762;2021-04-19;"segunda-feira";"14:13:00";"PA";316;106;"SANTA MARIA DO PARA";"Ausência de reação do condutor";"Colisão traseira";"Com Vítimas Fatais";"Pleno dia";"Decrescente";"Céu Claro";"Simples";"Reta";"Sim";9;5;0;0;2;5;0;8;-1,333756;-47,535664;"SPRF-PA";"DEL01-PA";"UOP02-DEL01-PA"
352763;2021-03-26;"sexta-feira";"16:50:00";"PR";376;6;"MARINGA";"Iluminação deficiente";"Incêndio";"Sem Vítimas";"Pleno dia";"Crescente";"Céu Claro";"Dupla";"Aclive;Reta";"Sim";2;0;0;0;1;1;0;2;-23,4273;-51,9375;"SPRF-PR";"DEL01-PR";"UOP03-DEL03-PR"
352764;2021-04-19;"segunda-feira";"15:15:00";"MG";40;699;"BARBACENA";"Acumulo de água sobre o pavimento";"Colisão lateral mesmo sentido";"Com Vítimas Feridas";"Pleno dia";"Decrescente";"Chuva";"Dupla";"Declive;Ponte;Curva";"Não";3;0;1;0;1;1;1;3;-21,19734158;-43,74908393;"SPRF-MG";"DEL05-MG";"UOP02-DEL05-MG"
352766;2021-04-19;"segunda-feira";"12:10:00";"RO";364;451;"THEOBROMA";"Reação tardia ou ineficiente do condutor";"Tombamento";"Sem Vítimas";"Pleno dia";"Crescente";"Sol";"Simples";"Declive";"Não";2;0;0;0;1;3;0;4;-10,29426297;-62,66107398;"SPRF-RO";"DEL03-RO";"UOP02-DEL03-RO"
352770;2021-04-19;"segunda-feira";"14:40:00";"MS";376;118,4;"IVINHEMA";"Falta de acostamento";"Colisão lateral mesmo sentido";"Com Vítimas Feridas";"Pleno dia";"Decrescente";"Nublado";"Simples";"Reta";"Sim";2;0;1;0;1;0;1;2;-22,30811025;-53,84476808;"SPRF-MS";"DEL04-MS";"UOP04-DEL04-MS"
352775;2021-04-19;"segunda-feira";"16:00:00";"MG";40;434,8;"PARAOPEBA";"Reação tardia ou ineficiente do condutor";"Colisão traseira";"Com Vítimas Feridas";"Pleno dia";"Crescente";"Céu Claro";"Dupla";"Aclive;Reta";"Não";5;0;0;1;4;0;1;5;-19,22074;-44,44946;"SPRF-MG";"DEL02-MG";"UOP01-DEL02-MG"
352776;2021-04-19;"segunda-feira";"16:10:00";"BA";242;777;"BARREIRAS";"Pista Escorregadia";"Colisão transversal";"Com Vítimas Feridas";"Anoitecer";"Crescente";"Chuva";"Simples";"Curva";"Não";4;0;0;1;2;2;1;5;-12,141886;-44,884635;"SPRF-BA";"DEL10-BA";"UOP01-DEL10-BA"
352778;2021-04-19;"segunda-feira";"15:50:00";"GO";20;9;"FORMOSA";"Animais na Pista";"Atropelamento de Animal";"Sem Vítimas";"Pleno dia";"Decrescente";"Chuva";"Simples";"Reta";"Não";3;0;0;0;2;1;0;3;-15,554792;-47,274769;"SPRF-DF";"DEL02-DF";"UOP01-DEL02-DF"
352780;2021-04-19;"segunda-feira";"16:20:00";"PR";373;211,1;"IPIRANGA";"Manobra de mudança de faixa";"Colisão frontal";"Com Vítimas Fatais";"Pleno dia";"Crescente";"Céu Claro";"Simples";"Curva";"Não";3;1;0;0;1;1;0;3;-25,14956603;-50,49620499;"SPRF-PR";"DEL03-PR";"UOP04-DEL03-PR"
352784;2021-04-19;"segunda-feira";"09:48:00";"SC";282;528,2;"CORDILHEIRA ALTA";"Condutor deixou de manter distância do veículo da frente";"Engavetamento";"Com Vítimas Feridas";"Pleno dia";"Crescente";"Céu Claro";"Simples";"Reta;Em Obras";"Não";6;0;0;1;5;0;1;6;-26,978798;-52,588566;"SPRF-SC";"DEL07-SC";"UOP01-DEL07-SC"
352787;2021-04-19;"segunda-feira";"15:55:00";"DF";70;5;"BRASILIA";"Acostamento em desnível";"Derramamento de carga";"Sem Vítimas";"Pleno dia";"Crescente";"Céu Claro";"Dupla";"Reta";"Sim";1;0;0;0;1;0;0;1;-15,794656;-48,096779;"SPRF-DF";"DEL03-DF";"UOP02-DEL03-DF"
352792;2021-04-19;"segunda-feira";"08:45:00";"MG";116;450,5;"ENGENHEIRO CALDAS";"Condutor Dormindo";"Colisão lateral sentido oposto";"Com Vítimas Feridas";"Pleno dia";"Decrescente";"Céu Claro";"Simples";"Reta";"Não";3;0;1;0;1;2;1;4;-19,15284006;-42,02187888;"SPRF-MG";"DEL06-MG";"UOP02-DEL06-MG"
352799;2021-04-19;"segunda-feira";"14:00:00";"SC";480;126,2;"CHAPECO";"Desrespeitar a preferência no cruzamento";"Colisão frontal";"Com Vítimas Feridas";"Pleno dia";"Crescente";"Céu Claro";"Simples";"Reta";"Não";4;0;3;0;1;0;3;2;-27,02344387;-52,63509035;"SPRF-SC";"DEL07-SC";"UOP01-DEL07-SC"
352804;2021-04-19;"segunda-feira";"15:25:00";"SC";116;1,1;"MAFRA";"Desrespeitar a preferência no cruzamento";"Colisão transversal";"Com Vítimas Feridas";"Pleno dia";"Crescente";"Céu Claro";"Simples";"Declive;Rotatória";"Sim";3;0;1;0;1;1;1;3;-26,14094396;-49,81508303;"SPRF-SC";"DEL06-SC";"UOP01-DEL06-SC"
352805;2021-03-17;"quarta-feira";"10:05:00";"RS";386;335;"MARQUES DE SOUZA";"Transitar na contramão";"Colisão lateral sentido oposto";"Com Vítimas Feridas";"Pleno dia";"Crescente";"Nublado";"Simples";"Curva";"Não";5;0;0;1;1;3;1;4;-29,38472302;-52,05373228;"SPRF-RS";"DEL04-RS";"UOP01-DEL04-RS"
352807;2021-04-19;"segunda-feira";"16:00:00";"MT";158;570,4;"AGUA BOA";"Desrespeitar a preferência no cruzamento";"Colisão transversal";"Sem Vítimas";"Pleno dia";"Crescente";"Nublado";"Simples";"Reta";"Sim";3;0;0;0;2;3;0;5;-14,07336599;-52,15323316;"SPRF-MT";"DEL07-MT";"UOP02-DEL07-MT"
352813;2021-04-19;"segunda-feira";"19:15:00";"SC";470;57,3;"BLUMENAU";"Conversão proibida";"Colisão transversal";"Com Vítimas Feridas";"Plena Noite";"Crescente";"Nublado";"Simples";"Reta";"Sim";2;0;0;1;1;0;1;2;-26,880428;-49,136532;"SPRF-SC";"DEL04-SC";"UOP01-DEL04-SC"
352817;2021-04-11;"domingo";"23:10:00";"MS";463;105,8;"PONTA PORA";"Transitar na contramão";"Colisão lateral sentido oposto";"Com Vítimas Feridas";"Plena Noite";"Crescente";"Céu Claro";"Simples";"Reta";"Não";3;0;1;0;1;3;1;5;-22,60240524;-55,6579092;"SPRF-MS";"DEL04-MS";"UOP03-DEL04-MS"
352823;2021-04-19;"segunda-feira";"18:15:00";"PI";230;284;"FLORIANO";"Acessar a via sem observar a presença dos outros veículos";"Colisão transversal";"Com Vítimas Feridas";"Plena Noite";"Crescente";"Garoa/Chuvisco";"Simples";"Reta";"Não";2;0;0;1;0;1;1;2;-6,90048915;-42,82038913;"SPRF-PI";"DEL03-PI";"UOP01-DEL03-PI"
352828;2021-04-19;"segunda-feira";"11:00:00";"BA";242;445;"SEABRA";"Reação tardia ou ineficiente do condutor";"Saída de leito carroçável";"Com Vítimas Fatais";"Pleno dia";"Crescente";"Nublado";"Simples";"Reta";"Não";3;2;0;0;0;1;0;2;-12,427529;-42,018322;"SPRF-BA";"DEL06-BA";"UOP01-DEL06-BA"
352829;2021-04-19;"segunda-feira";"19:30:00";"SC";470;66,5;"INDAIAL";"Velocidade Incompatível";"Colisão transversal";"Com Vítimas Feridas";"Plena Noite";"Crescente";"Nublado";"Simples";"Rotatória";"Sim";2;0;0;1;1;0;1;2;-26,870407;-49,221844;"SPRF-SC";"DEL04-SC";"UOP01-DEL04-SC"
352830;2021-04-19;"segunda-feira";"17:30:00";"RO";364;382,9;"OURO PRETO DO OESTE";"Ultrapassagem Indevida";"Colisão frontal";"Com Vítimas Feridas";"Pleno dia";"Decrescente";"Céu Claro";"Simples";"Reta;Declive";"Sim";3;0;0;1;1;3;1;5;-10,72673058;-62,23334312;"SPRF-RO";"DEL02-RO";"UOP01-DEL02-RO"
352831;2021-04-19;"segunda-feira";"19:40:00";"SP";116;209,8;"GUARULHOS";"Ingestão de álcool pelo condutor";"Colisão traseira";"Sem Vítimas";"Plena Noite";"Crescente";"Nublado";"Dupla";"Aclive;Interseção de Vias;Reta";"Sim";3;0;0;0;3;0;0;2;-23,42511799;-46,40221101;"SPRF-SP";"DEL01-SP";"UOP01-DEL01-SP"
352832;2021-04-19;"segunda-feira";"19:40:00";"ES";262;107;"VENDA NOVA DO IMIGRANTE";"Acumulo de areia ou detritos sobre o pavimento";"Eventos atípicos";"Com Vítimas Feridas";"Plena Noite";"Decrescente";"Chuva";"Simples";"Reta";"Sim";4;0;2;0;1;1;2;2;-20,33360896;-41,16233002;"SPRF-ES";"DEL01-ES";"UOP02-DEL01-ES"
352847;2021-04-19;"segunda-feira";"16:15:00";"PR";467;82,2;"CASCAVEL";"Velocidade Incompatível";"Derramamento de carga";"Sem Vítimas";"Pleno dia";"Decrescente";"Céu Claro";"Dupla";"Curva";"Não";3;0;0;0;2;1;0;3;-24,8057;-53,6718;"SPRF-PR";"DEL04-PR";"UOP01-DEL04-PR"
352848;2021-04-19;"segunda-feira";"20:15:00";"MG";381;925,1;"ITAPEVA";"Curva acentuada";"Tombamento";"Com Vítimas Feridas";"Plena Noite";"Crescente";"Céu Claro";"Dupla";"Curva";"Não";2;0;1;0;0;1;1;2;-22,777207;-46,23911301;"SPRF-MG";"DEL16-MG";"UOP03-DEL16-MG"
352850;2021-04-19;"segunda-feira";"21:30:00";"MG";40;550;"NOVA LIMA";"Condutor Dormindo";"Colisão traseira";"Com Vítimas Feridas";"Plena Noite";"Crescente";"Nublado";"Dupla";"Reta";"Sim";3;0;2;0;0;1;2;3;-20,0477638;-43,96439441;"SPRF-MG";"DEL01-MG";"UOP02-DEL01-MG"
352851;2021-04-19;"segunda-feira";"18:05:00";"PE";101;79,8;"JABOATAO DOS GUARARAPES";"Problema com o freio";"Colisão transversal";"Com Vítimas Feridas";"Plena Noite";"Decrescente";"Céu Claro";"Dupla";"Reta";"Sim";3;0;0;2;1;0;2;3;-8,14923782;-34,94337916;"SPRF-PE";"DEL01-PE";"UOP01-DEL01-PE"
352852;2021-04-19;"segunda-feira";"19:00:00";"MG";262;820,9;"UBERABA";"Ausência de sinalização";"Colisão transversal";"Com Vítimas Feridas";"Plena Noite";"Crescente";"Céu Claro";"Dupla";"Reta";"Não";3;0;0;1;1;2;1;4;-19,7626417;-48,13569294;"SPRF-MG";"DEL13-MG";"UOP01-DEL13-MG"
352854;2021-04-19;"segunda-feira";"19:20:00";"ES";101;362;"ANCHIETA";"Ausência de reação do condutor";"Saída de leito carroçável";"Sem Vítimas";"Plena Noite";"Decrescente";"Céu Claro";"Simples";"Reta";"Não";2;0;0;0;1;1;0;2;-20,71645213;-40,7300389;"SPRF-ES";"DEL03-ES";"UOP01-DEL03-ES"
352855;2021-04-19;"segunda-feira";"23:40:00";"BA";242;732;"CRISTOPOLIS";"Pista Escorregadia";"Tombamento";"Sem Vítimas";"Plena Noite";"Decrescente";"Chuva";"Simples";"Reta";"Não";3;0;0;0;2;5;0;7;-12,197327;-44,487288;"SPRF-BA";"DEL10-BA";"UOP01-DEL10-BA"
352856;2021-04-19;"segunda-feira";"17:00:00";"RJ";116;166;"RIO DE JANEIRO";"Manobra de mudança de faixa";"Colisão lateral mesmo sentido";"Sem Vítimas";"Pleno dia";"Decrescente";"Céu Claro";"Múltipla";"Reta";"Não";2;0;0;0;2;0;0;2;-22,81560263;-43,30051808;"SPRF-RJ";"DEL01-RJ";"UOP01-DEL01-RJ"
352860;2021-04-19;"segunda-feira";"19:00:00";"MG";251;492,4;"FRANCISCO SA";"Pista Escorregadia";"Saída de leito carroçável";"Com Vítimas Feridas";"Plena Noite";"Crescente";"Chuva";"Simples";"Reta;Declive";"Não";1;0;1;0;0;0;1;1;-16,54433804;-43,59543496;"SPRF-MG";"DEL12-MG";"UOP01-DEL12-MG"
352861;2021-04-19;"segunda-feira";"19:00:00";"MG";251;492,3;"FRANCISCO SA";"Velocidade Incompatível";"Saída de leito carroçável";"Com Vítimas Feridas";"Plena Noite";"Crescente";"Chuva";"Simples";"Reta";"Não";1;0;1;0;0;0;1;1;-16,54433804;-43,59543496;"SPRF-MG";"DEL12-MG";"UOP01-DEL12-MG"
352865;2021-04-20;"terça-feira";"00:25:00";"MG";40;759,9;"JUIZ DE FORA";"Demais falhas mecânicas ou elétricas";"Incêndio";"Sem Vítimas";"Plena Noite";"Crescente";"Ignorado";"Simples";"Reta";"Não";2;0;0;0;1;1;0;2;-21,520757;-43,52314305;"SPRF-MG";"DEL05-MG";"UOP01-DEL05-MG"
352866;2021-04-19;"segunda-feira";"19:30:00";"BA";135;210;"SAO DESIDERIO";"Demais falhas mecânicas ou elétricas";"Incêndio";"Sem Vítimas";"Anoitecer";"Decrescente";"Chuva";"Simples";"Reta";"Não";2;0;0;0;1;1;0;2;-12,3761227;-44,9619959;"SPRF-BA";"DEL10-BA";"UOP01-DEL10-BA"
352867;2021-04-19;"segunda-feira";"21:40:00";"BA";242;463;"IBITIARA";"Reação tardia ou ineficiente do condutor";"Tombamento";"Com Vítimas Feridas";"Plena Noite";"Crescente";"Nublado";"Simples";"Curva";"Não";1;0;0;1;0;0;1;1;-12,4423791;-42,17379204;"SPRF-BA";"DEL06-BA";"UOP01-DEL06-BA"
352868;2021-04-20;"terça-feira";"00:15:00";"MG";40;730,4;"OLIVEIRA FORTES";"Velocidade Incompatível";"Tombamento";"Com Vítimas Fatais";"Plena Noite";"Crescente";"Céu Claro";"Dupla";"Curva";"Não";1;1;0;0;0;0;0;1;-21,33378994;-43,5866212;"SPRF-MG";"DEL05-MG";"UOP01-DEL05-MG"
352870;2021-04-20;"terça-feira";"00:10:00";"SP";116;567;"BARRA DO TURVO";"Velocidade Incompatível";"Colisão com objeto";"Sem Vítimas";"Plena Noite";"Decrescente";"Chuva";"Simples";"Curva";"Não";2;0;0;0;1;1;0;2;-25,0475499;-48,55355172;"SPRF-SP";"DEL05-SP";"UOP02-DEL05-SP"
352871;2021-04-19;"segunda-feira";"21:15:00";"RS";285;50,4;"BOM JESUS";"Demais falhas mecânicas ou elétricas";"Incêndio";"Sem Vítimas";"Plena Noite";"Crescente";"Nublado";"Simples";"Curva";"Não";2;0;0;0;1;1;0;2;-28,662718;-50,333027;"SPRF-RS";"DEL05-RS";"UOP03-DEL05-RS"
352872;2021-04-20;"terça-feira";"01:50:00";"RS";290;93;"PORTO ALEGRE";"Manobra de mudança de faixa";"Colisão lateral mesmo sentido";"Com Vítimas Feridas";"Plena Noite";"Crescente";"Céu Claro";"Múltipla";"Reta";"Sim";3;0;1;0;1;1;1;3;-29,970839;-51,187725;"SPRF-RS";"DEL01-RS";"UOP01-DEL01-RS"
352873;2021-04-20;"terça-feira";"01:30:00";"BA";324;603;"SIMOES FILHO";"Pedestre andava na pista";"Atropelamento de Pedestre";"Com Vítimas Fatais";"Plena Noite";"Crescente";"Chuva";"Dupla";"Reta";"Não";2;1;0;0;0;1;0;2;-12,77190917;-38,41991733;"SPRF-BA";"DEL01-BA";"UOP01-DEL01-BA"
352877;2021-04-20;"terça-feira";"04:15:00";"MG";40;598,9;"OURO PRETO";"Transitar na contramão";"Colisão frontal";"Com Vítimas Fatais";"Plena Noite";"Decrescente";"Céu Claro";"Simples";"Reta";"Não";3;1;0;1;0;1;1;3;-20,42150862;-43,8800127;"SPRF-MG";"DEL05-MG";"UOP02-DEL05-MG"
352878;2021-04-20;"terça-feira";"04:40:00";"PR";376;654;"TIJUCAS DO SUL";"Condutor deixou de manter distância do veículo da frente";"Colisão traseira";"Com Vítimas Feridas";"Plena Noite";"Decrescente";"Céu Claro";"Dupla";"Curva";"Não";3;0;1;0;1;2;1;4;-25,84325961;-49,05169114;"SPRF-PR";"DEL01-PR";"UOP04-DEL01-PR"
352881;2021-04-20;"terça-feira";"05:20:00";"BA";20;171;"SAO DESIDERIO";"Sinalização mal posicionada";"Colisão com objeto";"Sem Vítimas";"Amanhecer";"Crescente";"Chuva";"Simples";"Reta";"Não";3;0;0;0;2;2;0;4;-12,447;-45,87914;"SPRF-BA";"DEL10-BA";"UOP01-DEL10-BA"
352882;2021-04-20;"terça-feira";"04:30:00";"PR";116;49;"CAMPINA GRANDE DO SUL";"Problema com o freio";"Colisão com objeto";"Sem Vítimas";"Plena Noite";"Crescente";"Garoa/Chuvisco";"Dupla";"Reta";"Sim";2;0;0;0;1;2;0;3;-25,22582814;-48,90686554;"SPRF-PR";"DEL01-PR";"UOP02-DEL01-PR"
352883;2021-04-20;"terça-feira";"05:45:00";"RS";158;242,9;"JULIO DE CASTILHOS";"Animais na Pista";"Atropelamento de Animal";"Com Vítimas Fatais";"Amanhecer";"Crescente";"Céu Claro";"Simples";"Reta";"Não";2;1;0;0;1;0;0;2;-29,04656407;-53,64466266;"SPRF-RS";"DEL10-RS";"UOP02-DEL10-RS"
352884;2021-04-20;"terça-feira";"04:30:00";"GO";153;575,7;"PROFESSOR JAMIL";"Condutor Dormindo";"Saída de leito carroçável";"Com Vítimas Feridas";"Plena Noite";"Decrescente";"Nevoeiro/Neblina";"Dupla";"Reta";"Não";2;0;1;0;0;1;1;2;-17,3442;-49,2472;"SPRF-GO";"DEL03-GO";"UOP01-DEL03-GO"
352885;2021-04-19;"segunda-feira";"18:30:00";"PI";135;620;"CRISTALANDIA DO PIAUI";"Pista Escorregadia";"Saída de leito carroçável";"Com Vítimas Feridas";"Anoitecer";"Crescente";"Garoa/Chuvisco";"Simples";"Reta";"Não";2;0;1;0;0;1;1;2;-10,66772103;-45,17865165;"SPRF-PI";"DEL03-PI";"UOP02-DEL03-PI"
352888;2021-04-20;"terça-feira";"06:50:00";"MG";50;21,1;"UBERLANDIA";"Ausência de reação do condutor";"Colisão traseira";"Com Vítimas Feridas";"Pleno dia";"Decrescente";"Céu Claro";"Dupla";"Aclive;Reta";"Sim";2;0;1;0;1;0;1;2;-18,938138;-48,216825;"SPRF-MG";"DEL15-MG";"UOP01-DEL15-MG"
352890;2021-04-20;"terça-feira";"06:40:00";"TO";153;630,5;"ALIANCA DO TOCANTINS";"Condutor Dormindo";"Colisão lateral sentido oposto";"Com Vítimas Feridas";"Amanhecer";"Crescente";"Céu Claro";"Simples";"Declive";"Não";4;0;0;1;2;2;1;4;-11,36120913;-48,96096165;"SPRF-TO";"DEL01-TO";"UOP02-DEL01-TO"
352892;2021-04-20;"terça-feira";"07:00:00";"PR";158;502,8;"CORONEL VIVIDA";"Acessar a via sem observar a presença dos outros veículos";"Colisão transversal";"Com Vítimas Feridas";"Pleno dia";"Crescente";"Céu Claro";"Simples";"Interseção de Vias;Rotatória";"Sim";2;0;1;0;1;0;1;2;-26,00464711;-52,56507397;"SPRF-PR";"DEL02-PR";"UOP01-DEL02-PR"