"id";"data_inversa";"dia_semana";"horario";"uf";"br";"km";"municipio";"causa_acidente";"tipo_acidente";"classificacao_acidente";"fase_dia";"sentido_via";"condicao_metereologica";"tipo_pista";"tracado_via";"uso_solo";"pessoas";"mortos";"feridos_leves";"feridos_graves";"ilesos";"ignorados";"feridos";"veiculos";"latitude";"longitude";"regional";"delegacia";"uop"
352896;2021-04-20;"terça-feira";"08:25:00";"MG";40;432,8;"PARAOPEBA";"Reação tardia ou ineficiente do condutor";"Colisão lateral mesmo sentido";"Com Vítimas Feridas";"Pleno dia";"Crescente";"Céu Claro";"Dupla";"Reta";"Não";3;0;1;0;1;1;1;3;-19,20302941;-44,47243131;"SPRF-MG";"DEL02-MG";"UOP01-DEL02-MG"
352898;2021-04-20;"terça-feira";"07:10:00";"MG";262;41,5;"MANHUACU";"Transitar na contramão";"Colisão frontal";"Com Vítimas Feridas";"Pleno dia";"Decrescente";"Sol";"Simples";"Reta";"Não";3;0;0;1;1;1;1;3;-20,27444334;-42,05896416;"SPRF-MG";"DEL06-MG";"UOP03-DEL06-MG"
352902;2021-04-20;"terça-feira";"07:30:00";"RJ";116;189;"QUEIMADOS";"Reação tardia ou ineficiente do condutor";"Colisão lateral mesmo sentido";"Com Vítimas Fatais";"Pleno dia";"Decrescente";"Céu Claro";"Dupla";"Reta";"Sim";2;1;0;0;1;0;0;2;-22,73765712;-43,49182298;"SPRF-RJ";"DEL01-RJ";"UOP02-DEL01-RJ"
352904;2021-04-20;"terça-feira";"09:15:00";"RJ";101;23;"CAMPOS DOS GOYTACAZES";"Transitar na contramão";"Colisão lateral sentido oposto";"Com Vítimas Feridas";"Pleno dia";"Crescente";"Céu Claro";"Simples";"Reta";"Sim";7;0;3;1;2;2;4;5;-21,40784584;-41,34290939;"SPRF-RJ";"DEL08-RJ";"UOP01-DEL08-RJ"
352905;2021-04-20;"terça-feira";"08:40:00";"CE";116;51;"PACAJUS";"Ultrapassagem Indevida";"Colisão transversal";"Com Vítimas Feridas";"Pleno dia";"Decrescente";"Céu Claro";"Dupla";"Curva";"Não";5;0;1;0;2;2;1;4;-4,17865495;-38,49185663;"SPRF-CE";"DEL03-CE";"UOP02-DEL03-CE"
352911;2021-04-20;"terça-feira";"09:15:00";"MS";163;86,8;"ITAQUIRAI";"Manobra de mudança de faixa";"Colisão lateral mesmo sentido";"Com Vítimas Feridas";"Pleno dia";"Crescente";"Céu Claro";"Simples";"Declive;Reta";"Não";6;0;2;0;3;1;2;3;-23,40592604;-54,20948944;"SPRF-MS";"DEL09-MS";"UOP01-DEL09-MS"
352912;2021-04-20;"terça-feira";"08:00:00";"SC";101;38;"JOINVILLE";"Manobra de mudança de faixa";"Colisão transversal";"Com Vítimas Feridas";"Pleno dia";"Crescente";"Nublado";"Simples";"Reta";"Sim";2;0;1;0;1;0;1;2;-26,25472505;-48,90561309;"SPRF-SC";"DEL03-SC";"UOP01-DEL03-SC"
352915;2021-04-07;"quarta-feira";"20:00:00";"PA";163;617,8;"TRAIRAO";"Velocidade Incompatível";"Tombamento";"Com Vítimas Feridas";"Plena Noite";"Crescente";"Ignorado";"Simples";"Curva";"Não";2;0;1;0;0;2;1;3;-4,732836;-56,048202;"SPRF-PA";"DEL05-PA";"UOP01-DEL05-PA"
352921;2021-04-20;"terça-feira";"10:08:00";"PR";376;643;"TIJUCAS DO SUL";"Manobra de mudança de faixa";"Colisão lateral mesmo sentido";"Sem Vítimas";"Pleno dia";"Crescente";"Nublado";"Dupla";"Aclive";"Não";3;0;0;0;2;1;0;3;-25,805819;-49,13522705;"SPRF-PR";"DEL01-PR";"UOP04-DEL01-PR"
352923;2021-04-20;"terça-feira";"10:40:00";"AL";316;262,3;"SATUBA";"Acessar a via sem observar a presença dos outros veículos";"Colisão transversal";"Com Vítimas Feridas";"Pleno dia";"Crescente";"Céu Claro";"Simples";"Reta";"Sim";2;0;0;1;1;0;1;2;-9,58877051;-35,88700493;"SPRF-AL";"DEL02-AL";"UOP01-DEL02-AL"
352930;2021-04-20;"terça-feira";"12:20:00";"SP";116;295;"ITAPECERICA DA SERRA";"Ausência de reação do condutor";"Colisão traseira";"Com Vítimas Feridas";"Pleno dia";"Decrescente";"Garoa/Chuvisco";"Dupla";"Reta";"Não";4;0;2;0;1;1;2;3;-23,76855719;-46,90957373;"SPRF-SP";"DEL04-SP";"UOP01-DEL04-SP"
352932;2021-04-20;"terça-feira";"10:35:00";"RS";392;9,7;"RIO GRANDE";"Reação tardia ou ineficiente do condutor";"Colisão traseira";"Com Vítimas Feridas";"Pleno dia";"Decrescente";"Céu Claro";"Dupla";"Reta";"Não";3;0;1;0;1;2;1;4;-32,11099;-52,112198;"SPRF-RS";"DEL07-RS";"UOP02-DEL07-RS"
352943;2021-04-20;"terça-feira";"14:00:00";"SC";470;148;"AGRONOMICA";"Reação tardia ou ineficiente do condutor";"Colisão traseira";"Com Vítimas Feridas";"Pleno dia";"Decrescente";"Céu Claro";"Simples";"Reta";"Não";4;0;2;0;2;0;2;3;-27,246288;-49,694355;"SPRF-SC";"DEL04-SC";"UOP02-DEL04-SC"
352945;2021-03-25;"quinta-feira";"08:30:00";"MT";70;300;"POXOREO";"Acostamento em desnível";"Colisão lateral sentido oposto";"Com Vítimas Feridas";"Pleno dia";"Decrescente";"Céu Claro";"Simples";"Reta";"Não";3;0;1;0;1;4;1;6;-15,57911988;-54,47201099;"SPRF-MT";"DEL05-MT";"UOP01-DEL05-MT"
352946;2021-04-20;"terça-feira";"13:30:00";"PR";116;110;"CURITIBA";"Condutor deixou de manter distância do veículo da frente";"Capotamento";"Com Vítimas Feridas";"Pleno dia";"Crescente";"Nublado";"Múltipla";"Aclive;Reta";"Sim";3;0;2;0;0;1;2;2;-25,57012941;-49,21736805;"SPRF-PR";"DEL01-PR";"UOP01-DEL01-PR"
352947;2021-04-20;"terça-feira";"13:00:00";"PR";116;109;"CURITIBA";"Condutor deixou de manter distância do veículo da frente";"Colisão traseira";"Com Vítimas Feridas";"Pleno dia";"Decrescente";"Nublado";"Dupla";"Reta";"Não";2;0;0;1;1;0;1;2;-25,56629127;-49,24003601;"SPRF-PR";"DEL01-PR";"UOP01-DEL01-PR"
352956;2021-04-20;"terça-feira";"14:50:00";"PE";232;22,3;"MORENO";"Condutor deixou de manter distância do veículo da frente";"Colisão traseira";"Com Vítimas Feridas";"Pleno dia";"Crescente";"Céu Claro";"Dupla";"Reta";"Não";6;0;2;0;4;0;2;2;-8,097553;-35,090746;"SPRF-PE";"DEL01-PE";"UOP01-DEL01-PE"
352957;2021-04-20;"terça-feira";"15:00:00";"PE";101;43,9;"IGARASSU";"Condutor deixou de manter distância do veículo da frente";"Colisão traseira";"Com Vítimas Feridas";"Pleno dia";"Crescente";"Céu Claro";"Múltipla";"Reta";"Não";4;0;2;0;1;1;2;3;-7,84753808;-34,90977038;"SPRF-PE";"DEL01-PE";"UOP02-DEL01-PE"
352959;2021-04-20;"terça-feira";"11:00:00";"MA";135;40;"BACABEIRA";"Condutor deixou de manter distância do veículo da frente";"Colisão traseira";"Com Vítimas Feridas";"Pleno dia";"Crescente";"Céu Claro";"Dupla";"Reta";"Não";2;0;1;0;1;0;1;2;-2,89345676;-44,37292277;"SPRF-MA";"DEL01-MA";"UOP01-DEL01-MA"
352964;2021-04-20;"terça-feira";"15:50:00";"PR";376;303,5;"MAUA DA SERRA";"Velocidade Incompatível";"Tombamento";"Com Vítimas Feridas";"Pleno dia";"Crescente";"Céu Claro";"Dupla";"Curva";"Não";2;0;1;0;0;2;1;3;-23,94940698;-51,11940888;"SPRF-PR";"DEL07-PR";"UOP02-DEL07-PR"
352967;2021-04-20;"terça-feira";"15:55:00";"SP";116;220;"GUARULHOS";"Manobra de mudança de faixa";"Colisão lateral mesmo sentido";"Com Vítimas Feridas";"Pleno dia";"Crescente";"Céu Claro";"Múltipla";"Reta";"Sim";4;0;1;0;2;1;1;4;-23,46658356;-46,50390755;"SPRF-SP";"DEL01-SP";"UOP01-DEL01-SP"
352968;2021-04-20;"terça-feira";"15:12:00";"RJ";493;82;"JAPERI";"Reação tardia ou ineficiente do condutor";"Colisão traseira";"Com Vítimas Feridas";"Pleno dia";"Decrescente";"Céu Claro";"Dupla";"Reta";"Não";4;0;2;0;2;0;2;2;-22,664054;-43,58488;"SPRF-RJ";"DEL01-RJ";"UOP03-DEL01-RJ"
352969;2021-04-20;"terça-feira";"08:55:00";"RJ";356;49;"ITAPERUNA";"Curva acentuada";"Tombamento";"Com Vítimas Fatais";"Pleno dia";"Crescente";"Céu Claro";"Simples";"Curva";"Não";4;1;1;1;0;1;2;3;-21,25300596;-41,78325793;"SPRF-RJ";"DEL08-RJ";"UOP03-DEL08-RJ"
352970;2021-04-20;"terça-feira";"11:32:00";"MA";230;381;"BALSAS";"Reação tardia ou ineficiente do condutor";"Colisão lateral sentido oposto";"Com Vítimas Fatais";"Pleno dia";"Decrescente";"Céu Claro";"Simples";"Reta";"Não";7;1;0;2;3;2;2;6;-7,3354982;-45,9561976;"SPRF-MA";"DEL05-MA";"UOP01-DEL05-MA"
352978;2021-04-20;"terça-feira";"15:00:00";"MG";381;831,5;"SAO SEBASTIAO DA BELA VISTA";"Ausência de reação do condutor";"Colisão traseira";"Com Vítimas Feridas";"Pleno dia";"Decrescente";"Sol";"Dupla";"Reta";"Não";3;0;1;0;1;1;1;3;-22,13735587;-45,81137399;"SPRF-MG";"DEL16-MG";"UOP01-DEL16-MG"
352979;2021-04-20;"terça-feira";"11:00:00";"MG";262;699,5;"ARAXA";"Ausência de reação do condutor";"Colisão lateral mesmo sentido";"Sem Vítimas";"Pleno dia";"Crescente";"Sol";"Simples";"Curva";"Não";3;0;0;0;2;5;0;7;-19,57362007;-47,04840592;"SPRF-MG";"DEL08-MG";"UOP01-DEL08-MG"
352982;2021-04-20;"terça-feira";"17:30:00";"MG";381;486;"BETIM";"Velocidade Incompatível";"Colisão com objeto";"Com Vítimas Feridas";"Plena Noite";"Decrescente";"Céu Claro";"Dupla";"Curva";"Sim";2;0;0;1;1;0;1;2;-19,95644414;-44,13611598;"SPRF-MG";"DEL01-MG";"UOP03-DEL01-MG"
352984;2021-04-20;"terça-feira";"11:15:00";"MA";230;105,1;"SAO JOAO DOS PATOS";"Demais falhas mecânicas ou elétricas";"Colisão lateral mesmo sentido";"Sem Vítimas";"Pleno dia";"Decrescente";"Céu Claro";"Simples";"Aclive";"Não";3;0;0;0;2;4;0;6;-6,50636103;-43,802917;"SPRF-MA";"DEL05-MA";"UOP01-DEL05-MA"
352988;2021-04-20;"terça-feira";"15:00:00";"PR";467;97,1;"CASCAVEL";"Manobra de mudança de faixa";"Colisão lateral mesmo sentido";"Com Vítimas Fatais";"Pleno dia";"Crescente";"Céu Claro";"Dupla";"Reta";"Não";4;1;0;0;0;3;0;3;-24,8822;-53,5588;"SPRF-PR";"DEL04-PR";"UOP01-DEL04-PR"
352989;2021-04-20;"terça-feira";"18:27:00";"SC";101;210;"SAO JOSE";"Trafegar com motocicleta (ou similar) entre as faixas";"Colisão lateral mesmo sentido";"Com Vítimas Feridas";"Pleno dia";"Decrescente";"Sol";"Múltipla";"Reta";"Sim";3;0;1;0;1;1;1;3;-27,61762192;-48,64618421;"SPRF-SC";"DEL01-SC";"UOP01-DEL01-SC"
352995;2021-04-20;"terça-feira";"18:00:00";"RN";226;176;"CURRAIS NOVOS";"Manobra de mudança de faixa";"Colisão traseira";"Com Vítimas Feridas";"Anoitecer";"Decrescente";"Chuva";"Dupla";"Interseção de Vias";"Sim";2;0;1;0;1;0;1;2;-6,26216835;-36,51661662;"SPRF-RN";"DEL03-RN";"UOP02-DEL03-RN"
353002;2021-04-20;"terça-feira";"19:10:00";"CE";116;15,9;"FORTALEZA";"Ultrapassagem Indevida";"Colisão lateral mesmo sentido";"Com Vítimas Fatais";"Plena Noite";"Crescente";"Céu Claro";"Dupla";"Reta";"Sim";5;1;1;0;2;2;1;5;-3,88177772;-38,50106347;"SPRF-CE";"DEL01-CE";"UOP02-DEL01-CE"
353026;2021-04-20;"terça-feira";"14:18:00";"SC";282;509;"XANXERE";"Reação tardia ou ineficiente do condutor";"Colisão com objeto";"Sem Vítimas";"Pleno dia";"Crescente";"Sol";"Simples";"Curva";"Não";1;0;0;0;1;0;0;1;-26,890533;-52,457096;"SPRF-SC";"DEL07-SC";"UOP01-DEL07-SC"
353027;2021-04-20;"terça-feira";"20:30:00";"AL";101;188;"JUNQUEIRO";"Pedestre cruzava a pista fora da faixa";"Atropelamento de Pedestre";"Com Vítimas Fatais";"Plena Noite";"Decrescente";"Céu Claro";"Simples";"Curva";"Sim";2;1;0;0;0;1;0;2;-9,905697;-36,46837592;"SPRF-AL";"DEL02-AL";"UOP02-DEL02-AL"
353037;2021-04-20;"terça-feira";"21:00:00";"RS";158;317;"SANTA MARIA";"Velocidade Incompatível";"Tombamento";"Com Vítimas Feridas";"Plena Noite";"Crescente";"Céu Claro";"Simples";"Curva;Declive";"Não";3;0;2;0;0;4;2;6;-29,65588903;-53,77374238;"SPRF-RS";"DEL09-RS";"UOP01-DEL09-RS"
353038;2021-04-20;"terça-feira";"19:05:00";"TO";242;365,8;"GURUPI";"Objeto estático sobre o leito carroçável";"Colisão frontal";"Com Vítimas Feridas";"Plena Noite";"Crescente";"Nublado";"Simples";"Reta";"Não";4;0;1;0;2;2;1;5;-11,8052593;-48,96328428;"SPRF-TO";"DEL01-TO";"UOP02-DEL01-TO"
353043;2021-04-20;"terça-feira";"07:20:00";"MA";226;371,8;"GRAJAU";"Manobra de mudança de faixa";"Colisão frontal";"Com Vítimas Feridas";"Pleno dia";"Crescente";"Céu Claro";"Simples";"Declive";"Não";3;0;1;0;1;2;1;4;-5,62367646;-45,77107777;"SPRF-MA";"DEL04-MA";"UOP02-DEL04-MA"
353044;2021-04-20;"terça-feira";"17:30:00";"PR";153;136;"VENTANIA";"Curva acentuada";"Tombamento";"Com Vítimas Feridas";"Anoitecer";"Crescente";"Céu Claro";"Simples";"Curva";"Não";2;0;1;0;0;2;1;3;-24,04805819;-50,24742694;"SPRF-PR";"DEL07-PR";"UOP04-DEL07-PR"
353047;2021-04-20;"terça-feira";"22:50:00";"SP";116;442;"REGISTRO";"Transitar na contramão";"Colisão frontal";"Com Vítimas Feridas";"Plena Noite";"Decrescente";"Garoa/Chuvisco";"Dupla";"Reta";"Não";9;0;4;1;4;0;5;3;-24,47609886;-47,8273532;"SPRF-SP";"DEL05-SP";"UOP01-DEL05-SP"
353051;2021-04-20;"terça-feira";"19:00:00";"BA";135;212,5;"SAO DESIDERIO";"Demais falhas mecânicas ou elétricas";"Incêndio";"Sem Vítimas";"Plena Noite";"Crescente";"Chuva";"Simples";"Aclive";"Não";2;0;0;0;0;2;0;2;-12,38003397;-44,95119698;"SPRF-BA";"DEL10-BA";"UOP01-DEL10-BA"
353055;2021-04-21;"quarta-feira";"00:20:00";"RS";392;43,8;"RIO GRANDE";"Demais falhas mecânicas ou elétricas";"Colisão com objeto";"Com Vítimas Feridas";"Plena Noite";"Crescente";"Céu Claro";"Dupla";"Reta";"Sim";3;0;2;0;1;0;2;3;-31,93715696;-52,31137473;"SPRF-RS";"DEL07-RS";"UOP02-DEL07-RS"
353059;2021-04-21;"quarta-feira";"00:50:00";"MG";116;718;"MURIAE";"Velocidade Incompatível";"Tombamento";"Com Vítimas Feridas";"Plena Noite";"Crescente";"Ignorado";"Simples";"Declive;Curva";"Não";2;0;1;0;0;1;1;2;-21,22237132;-42,39416957;"SPRF-MG";"DEL07-MG";"UOP02-DEL07-MG"
353061;2021-04-20;"terça-feira";"23:10:00";"PR";153;350;"REBOUCAS";"Ingestão de álcool pelo condutor";"Colisão transversal";"Com Vítimas Feridas";"Plena Noite";"Crescente";"Céu Claro";"Simples";"Reta";"Não";4;0;1;1;1;1;2;3;-25,60905442;-50,6997648;"SPRF-PR";"DEL03-PR";"UOP03-DEL03-PR"
353062;2021-04-21;"quarta-feira";"04:00:00";"MG";40;612,4;"CONGONHAS";"Problema com o freio";"Incêndio";"Sem Vítimas";"Plena Noite";"Crescente";"Nevoeiro/Neblina";"Simples";"Aclive;Reta";"Sim";2;0;0;0;1;1;0;2;-20,52206123;-43,83050507;"SPRF-MG";"DEL05-MG";"UOP02-DEL05-MG"
353063;2021-04-21;"quarta-feira";"04:00:00";"PB";101;76,4;"SANTA RITA";"Avarias e/ou desgaste excessivo no pneu";"Tombamento";"Com Vítimas Feridas";"Plena Noite";"Crescente";"Céu Claro";"Dupla";"Ponte";"Não";3;0;0;2;0;1;2;2;-7,09474475;-34,96746724;"SPRF-PB";"DEL01-PB";"UOP04-DEL01-PB"
353064;2021-04-21;"quarta-feira";"02:46:00";"GO";20;21;"FORMOSA";"Velocidade Incompatível";"Saída de leito carroçável";"Sem Vítimas";"Plena Noite";"Decrescente";"Céu Claro";"Dupla";"Declive";"Não";2;0;0;0;1;3;0;4;-15,551152;-47,178364;"SPRF-DF";"DEL02-DF";"UOP01-DEL02-DF"
353066;2021-04-21;"quarta-feira";"02:30:00";"CE";222;132,6;"ITAPAJE";"Condutor Dormindo";"Colisão frontal";"Com Vítimas Fatais";"Plena Noite";"Crescente";"Céu Claro";"Simples";"Curva";"Não";7;4;0;1;1;1;1;3;-3,72332975;-39,64360714;"SPRF-CE";"DEL04-CE";"UOP03-DEL04-CE"
353072;2021-04-21;"quarta-feira";"00:20:00";"SC";101;112,1;"ITAJAI";"Ausência de reação do condutor";"Colisão traseira";"Com Vítimas Feridas";"Plena Noite";"Decrescente";"Céu Claro";"Múltipla";"Reta;Desvio Temporário;Em Obras";"Sim";3;0;1;0;1;1;1;3;-26,84589005;-48,72131295;"SPRF-SC";"DEL04-SC";"UOP04-DEL04-SC"
353077;2021-04-20;"terça-feira";"21:00:00";"MG";267;203;"BOM JARDIM DE MINAS";"Velocidade Incompatível";"Tombamento";"Com Vítimas Feridas";"Plena Noite";"Decrescente";"Céu Claro";"Simples";"Curva";"Não";2;0;1;0;0;1;1;2;-21,93193766;-44,11060298;"SPRF-MG";"DEL05-MG";"UOP01-DEL05-MG"
353079;2021-02-09;"terça-feira";"11:45:00";"MT";163;1068;"GUARANTA DO NORTE";"Ultrapassagem Indevida";"Colisão frontal";"Com Vítimas Feridas";"Pleno dia";"Crescente";"Garoa/Chuvisco";"Simples";"Reta";"Sim";3;0;0;1;1;5;1;7;-9,93976934;-54,90280151;"SPRF-MT";"DEL06-MT";"NPF/DEL06-MT"
353081;2021-04-21;"quarta-feira";"02:30:00";"RJ";493;97;"SEROPEDICA";"Condutor Dormindo";"Tombamento";"Sem Vítimas";"Plena Noite";"Decrescente";"Nublado";"Dupla";"Curva";"Não";1;0;0;0;1;0;0;1;-22,71996219;-43,7067461;"SPRF-RJ";"DEL03-RJ";"UOP01-DEL03-RJ"
353093;2021-04-21;"quarta-feira";"08:59:00";"SC";101;297,8;"LAGUNA";"Manobra de mudança de faixa";"Colisão lateral mesmo sentido";"Com Vítimas Feridas";"Pleno dia";"Crescente";"Chuva";"Dupla";"Curva";"Não";2;0;1;0;1;0;1;2;-28,3430649;-48,73432159;"SPRF-SC";"DEL02-SC";"UOP03-DEL02-SC"
353096;2021-04-21;"quarta-feira";"04:15:00";"BA";420;313;"SANTA INES";"Chuva";"Tombamento";"Com Vítimas Feridas";"Plena Noite";"Crescente";"Chuva";"Simples";"Curva";"Não";3;0;3;0;0;0;3;1;-13,33286906;-39,86885562;"SPRF-BA";"DEL03-BA";"UOP01-DEL03-BA"
353099;2021-04-21;"quarta-feira";"08:50:00";"MG";251;522,8;"MONTES CLAROS";"Acumulo de óleo sobre o pavimento";"Queda de ocupante de veículo";"Com Vítimas Fatais";"Pleno dia";"Crescente";"Céu Claro";"Simples";"Reta";"Não";7;1;0;0;4;2;0;3;-16,67365;-43,79687;"SPRF-MG";"DEL12-MG";"UOP01-DEL12-MG"
353100;2021-04-21;"quarta-feira";"09:19:00";"SC";101;235,6;"PALHOCA";"Reação tardia ou ineficiente do condutor";"Saída de leito carroçável";"Com Vítimas Feridas";"Pleno dia";"Decrescente";"Chuva";"Dupla";"Reta";"Não";2;0;0;1;0;1;1;2;-27,8177775;-48,6315025;"SPRF-SC";"DEL01-SC";"UOP02-DEL01-SC"
353108;2021-04-21;"quarta-feira";"09:45:00";"MT";364;347;"SANTO ANTONIO DO LEVERGER";"Ausência de reação do condutor";"Saída de leito carroçável";"Com Vítimas Feridas";"Pleno dia";"Crescente";"Céu Claro";"Dupla";"Reta";"Não";3;0;1;0;1;1;1;2;-15,807347;-55,54692;"SPRF-MT";"DEL05-MT";"UOP02-DEL05-MT"
353110;2021-04-20;"terça-feira";"10:10:00";"BA";101;675;"ITAGIMIRIM";"Ultrapassagem Indevida";"Colisão frontal";"Com Vítimas Feridas";"Pleno dia";"Decrescente";"Nublado";"Simples";"Reta";"Não";3;0;0;1;2;0;1;2;-16,18829953;-39,60605621;"SPRF-BA";"DEL09-BA";"UOP01-DEL09-BA"
353114;2021-04-21;"quarta-feira";"10:40:00";"RS";285;185;"LAGOA VERMELHA";"Reação tardia ou ineficiente do condutor";"Saída de leito carroçável";"Com Vítimas Feridas";"Pleno dia";"Decrescente";"Céu Claro";"Simples";"Reta";"Não";2;0;1;0;0;1;1;2;-28,297844;-51,450111;"SPRF-RS";"DEL08-RS";"UOP05-DEL08-RS"
353119;2021-04-21;"quarta-feira";"13:15:00";"MG";381;496,9;"BETIM";"Velocidade Incompatível";"Tombamento";"Com Vítimas Feridas";"Pleno dia";"Crescente";"Céu Claro";"Dupla";"Curva";"Sim";4;0;1;0;2;2;1;5;-19,99676497;-44,20958506;"SPRF-MG";"DEL01-MG";"UOP03-DEL01-MG"
353120;2021-04-21;"quarta-feira";"13:17:00";"MG";381;521,5;"BRUMADINHO";"Velocidade Incompatível";"Tombamento";"Com Vítimas Feridas";"Pleno dia";"Crescente";"Céu Claro";"Dupla";"Curva";"Não";2;0;1;0;0;1;1;2;-20,13846621;-44,31715274;"SPRF-MG";"DEL04-MG";"UOP03-DEL04-MG"
353122;2021-04-21;"quarta-feira";"10:33:00";"MG";262;492,3;"BOM DESPACHO";"Acessar a via sem observar a presença dos outros veículos";"Colisão transversal";"Com Vítimas Feridas";"Pleno dia";"Decrescente";"Sol";"Simples";"Reta;Interseção de Vias";"Não";7;0;3;1;1;3;4;5;-19,78534091;-45,39591551;"SPRF-MG";"DEL08-MG";"UOP03-DEL08-MG"
353124;2021-04-21;"quarta-feira";"13:45:00";"RS";392;319;"SAO SEPE";"Acessar a via sem observar a presença dos outros veículos";"Colisão transversal";"Com Vítimas Feridas";"Pleno dia";"Crescente";"Sol";"Simples";"Reta";"Sim";4;0;2;0;2;0;2;2;-29,9984203;-53,68531834;"SPRF-RS";"DEL09-RS";"UOP01-DEL09-RS"
353125;2021-04-21;"quarta-feira";"13:30:00";"ES";101;19,1;"PINHEIROS";"Condutor deixou de manter distância do veículo da frente";"Colisão traseira";"Com Vítimas Feridas";"Pleno dia";"Crescente";"Céu Claro";"Simples";"Reta";"Não";2;0;0;1;1;0;1;2;-18,31846928;-39,95435579;"SPRF-ES";"DEL04-ES";"UOP02-DEL04-ES"
353130;2021-04-21;"quarta-feira";"13:00:00";"RJ";116;217;"PARACAMBI";"Avarias e/ou desgaste excessivo no pneu";"Colisão transversal";"Com Vítimas Feridas";"Pleno dia";"Decrescente";"Chuva";"Dupla";"Curva";"Sim";4;0;1;1;1;1;2;3;-22,69;-43,801;"SPRF-RJ";"DEL01-RJ";"UOP03-DEL01-RJ"
353132;2021-04-21;"quarta-feira";"14:45:00";"SP";116;561;"BARRA DO TURVO";"Reação tardia ou ineficiente do condutor";"Engavetamento";"Com Vítimas Feridas";"Pleno dia";"Crescente";"Chuva";"Simples";"Reta";"Não";11;0;3;0;7;4;3;10;-25,02045097;-48,51586004;"SPRF-SP";"DEL05-SP";"UOP02-DEL05-SP"
353138;2021-04-21;"quarta-feira";"13:15:00";"MG";381;585;"CARMOPOLIS DE MINAS";"Velocidade Incompatível";"Colisão traseira";"Com Vítimas Feridas";"Pleno dia";"Decrescente";"Sol";"Dupla";"Reta";"Sim";4;0;2;1;1;0;3;2;-20,538292;-44,64046;"SPRF-MG";"DEL04-MG";"UOP01-DEL04-MG"
353142;2021-04-21;"quarta-feira";"09:30:00";"BA";116;585;"NOVA ITARANA";"Frear bruscamente";"Saída de leito carroçável";"Com Vítimas Feridas";"Pleno dia";"Crescente";"Chuva";"Simples";"Curva;Aclive";"Não";3;0;1;0;1;1;1;2;-13,10445428;-39,99104101;"SPRF-BA";"DEL03-BA";"UOP02-DEL03-BA"
353144;2021-04-21;"quarta-feira";"15:50:00";"MG";40;799,6;"MATIAS BARBOSA";"Ausência de reação do condutor";"Colisão lateral mesmo sentido";"Com Vítimas Feridas";"Pleno dia";"Decrescente";"Céu Claro";"Dupla";"Aclive;Curva";"Não";3;0;0;1;1;1;1;3;-21,82857001;-43,37364401;"SPRF-MG";"DEL05-MG";"UOP01-DEL05-MG"
353146;2021-04-21;"quarta-feira";"16:30:00";"CE";116;48;"PACAJUS";"Condutor Dormindo";"Colisão com objeto";"Sem Vítimas";"Pleno dia";"Decrescente";"Nublado";"Dupla";"Declive";"Não";2;0;0;0;1;1;0;2;-4,16955504;-38,49286781;"SPRF-CE";"DEL01-CE";"UOP02-DEL01-CE"
353148;2021-04-21;"quarta-feira";"15:25:00";"RJ";116;178,9;"NOVA IGUACU";"Velocidade Incompatível";"Colisão lateral mesmo sentido";"Sem Vítimas";"Pleno dia";"Decrescente";"Céu Claro";"Dupla";"Reta";"Sim";3;0;0;0;3;0;0;3;-22,77496393;-43,40081465;"SPRF-RJ";"DEL01-RJ";"UOP02-DEL01-RJ"
353149;2021-04-21;"quarta-feira";"15:00:00";"SC";280;122,7;"RIO NEGRINHO";"Velocidade Incompatível";"Colisão transversal";"Com Vítimas Feridas";"Pleno dia";"Crescente";"Sol";"Simples";"Reta";"Não";3;0;1;0;1;1;1;3;-26,24855895;-49,45712883;"SPRF-SC";"DEL06-SC";"UOP03-DEL06-SC"
353170;2021-04-21;"quarta-feira";"18:20:00";"PE";101;79,7;"JABOATAO DOS GUARARAPES";"Ingestão de álcool pelo condutor";"Colisão traseira";"Com Vítimas Feridas";"Plena Noite";"Crescente";"Céu Claro";"Dupla";"Reta";"Sim";7;0;1;0;4;2;1;6;-8,14366112;-34,94723453;"SPRF-PE";"DEL01-PE";"UOP01-DEL01-PE"
353176;2021-04-21;"quarta-feira";"17:39:00";"MG";381;760;"TRES CORACOES";"Velocidade Incompatível";"Tombamento";"Com Vítimas Feridas";"Anoitecer";"Crescente";"Céu Claro";"Dupla";"Declive;Curva";"Não";2;0;1;0;0;1;1;2;-21,72400978;-45,38147537;"SPRF-MG";"DEL16-MG";"UOP02-DEL16-MG"
353178;2021-04-21;"quarta-feira";"16:50:00";"SC";163;84;"GUARACIABA";"Ultrapassagem Indevida";"Colisão lateral mesmo sentido";"Com Vítimas Feridas";"Pleno dia";"Crescente";"Sol";"Simples";"Curva";"Não";4;0;1;0;2;2;1;4;-26,61510958;-53,51938248;"SPRF-SC";"DEL07-SC";"UOP03-DEL07-SC"
353183;2021-04-21;"quarta-feira";"17:30:00";"SC";101;390;"CRICIUMA";"Desrespeitar a preferência no cruzamento";"Colisão transversal";"Com Vítimas Feridas";"Pleno dia";"Decrescente";"Chuva";"Simples";"Declive;Rotatória";"Não";3;0;1;1;0;1;2;3;-28,80733925;-49,37470436;"SPRF-SC";"DEL02-SC";"UOP02-DEL02-SC"