"id";"data_inversa";"dia_semana";"horario";"uf";"br";"km";"municipio";"causa_acidente";"tipo_acidente";"classificacao_acidente";"fase_dia";"sentido_via";"condicao_metereologica";"tipo_pista";"tracado_via";"uso_solo";"pessoas";"mortos";"feridos_leves";"feridos_graves";"ilesos";"ignorados";"feridos";"veiculos";"latitude";"longitude";"regional";"delegacia";"uop"
353532;2021-04-23;"sexta-feira";"16:15:00";"PR";277;412,9;"CANTAGALO";"Condutor deixou de manter distância do veículo da frente";"Colisão traseira";"Com Vítimas Feridas";"Pleno dia";"Crescente";"Nublado";"Simples";"Ponte";"Não";2;0;1;0;1;0;1;2;-25,42374367;-52,02135088;"SPRF-PR";"DEL04-PR";"UOP02-DEL04-PR"
353548;2021-04-23;"sexta-feira";"12:00:00";"RR";174;103;"RORAINOPOLIS";"Condutor Dormindo";"Colisão frontal";"Sem Vítimas";"Pleno dia";"Crescente";"Céu Claro";"Simples";"Aclive";"Não";2;0;0;0;1;1;0;2;0,019228;-60,643032;"SPRF-RR";"DEL01-RR";"UOP01-DEL01-RR"
353550;2021-04-23;"sexta-feira";"19:20:00";"RJ";393;238;"VASSOURAS";"Ultrapassagem Indevida";"Colisão frontal";"Com Vítimas Fatais";"Plena Noite";"Decrescente";"Céu Claro";"Simples";"Reta";"Sim";5;1;1;0;2;1;1;4;-22,40095658;-43,66442518;"SPRF-RJ";"DEL05-RJ";"UOP03-DEL05-RJ"
353551;2021-04-23;"sexta-feira";"20:45:00";"RS";386;274,2;"FONTOURA XAVIER";"Manobra de mudança de faixa";"Colisão lateral mesmo sentido";"Com Vítimas Feridas";"Plena Noite";"Decrescente";"Céu Claro";"Simples";"Aclive;Curva";"Não";2;0;1;0;1;0;1;2;-29,00131876;-52,35209584;"SPRF-RS";"DEL04-RS";"UOP03-DEL04-RS"
353552;2021-04-23;"sexta-feira";"16:00:00";"AM";174;1018;"PRESIDENTE FIGUEIREDO";"Frear bruscamente";"Tombamento";"Com Vítimas Feridas";"Anoitecer";"Crescente";"Céu Claro";"Simples";"Aclive";"Não";2;0;1;0;0;2;1;3;-1,83646146;-60,11812628;"SPRF-AM";"DEL01-AM";"UOP02-DEL01-AM"
353563;2021-04-23;"sexta-feira";"20:50:00";"RS";386;110,1;"SARANDI";"Ingestão de álcool pelo condutor";"Saída de leito carroçável";"Com Vítimas Feridas";"Plena Noite";"Decrescente";"Céu Claro";"Simples";"Curva";"Não";2;0;1;0;0;1;1;2;-27,79660704;-53,04947421;"SPRF-RS";"DEL08-RS";"UOP01-DEL08-RS"
353564;2021-04-23;"sexta-feira";"20:30:00";"MS";163;463,7;"CAMPO GRANDE";"Ingestão de álcool pelo condutor";"Colisão lateral mesmo sentido";"Sem Vítimas";"Plena Noite";"Decrescente";"Céu Claro";"Simples";"Reta";"Não";3;0;0;0;3;0;0;2;-20,609258;-54,576921;"SPRF-MS";"DEL01-MS";"UOP01-DEL01-MS"
353566;2021-04-23;"sexta-feira";"22:20:00";"PR";277;596,8;"CASCAVEL";"Objeto estático sobre o leito carroçável";"Tombamento";"Com Vítimas Feridas";"Plena Noite";"Crescente";"Céu Claro";"Dupla";"Reta";"Sim";2;0;1;0;0;1;1;2;-24,98837665;-53,50778641;"SPRF-PR";"DEL04-PR";"UOP01-DEL04-PR"
353568;2021-04-23;"sexta-feira";"22:00:00";"SC";282;386;"JOACABA";"Velocidade Incompatível";"Colisão lateral sentido oposto";"Com Vítimas Feridas";"Plena Noite";"Decrescente";"Céu Claro";"Simples";"Reta";"Não";3;0;1;0;1;1;1;3;-27,185896;-51,518845;"SPRF-SC";"DEL07-SC";"UOP05-DEL07-SC"
353571;2021-04-23;"sexta-feira";"21:20:00";"RJ";40;83;"PETROPOLIS";"Velocidade Incompatível";"Eventos atípicos";"Sem Vítimas";"Plena Noite";"Crescente";"Céu Claro";"Simples";"Declive;Curva";"Não";2;0;0;0;1;1;0;2;-22,51910302;-43,22873364;"SPRF-RJ";"DEL06-RJ";"UOP01-DEL06-RJ"
353572;2021-04-23;"sexta-feira";"20:52:00";"RS";392;189,1;"SANTANA DA BOA VISTA";"Transitar na contramão";"Colisão frontal";"Com Vítimas Fatais";"Plena Noite";"Crescente";"Céu Claro";"Simples";"Reta";"Sim";5;1;0;1;2;2;1;4;-30,94428868;-53,08627995;"SPRF-RS";"DEL09-RS";"UOP02-DEL09-RS"
353574;2021-04-23;"sexta-feira";"23:45:00";"SC";101;314,1;"LAGUNA";"Condutor deixou de manter distância do veículo da frente";"Colisão traseira";"Com Vítimas Feridas";"Plena Noite";"Crescente";"Céu Claro";"Dupla";"Curva;Ponte";"Não";2;0;1;0;1;0;1;2;-28,44043981;-48,82497095;"SPRF-SC";"DEL02-SC";"UOP01-DEL02-SC"
353583;2021-04-23;"sexta-feira";"18:30:00";"MG";381;302;"ANTONIO DIAS";"Ausência de sinalização";"Engavetamento";"Com Vítimas Feridas";"Plena Noite";"Decrescente";"Céu Claro";"Dupla";"Reta";"Não";13;0;2;1;10;0;3;11;-19,62892567;-42,87139893;"SPRF-MG";"DEL03-MG";"UOP02-DEL03-MG"
353586;2021-04-24;"sábado";"04:40:00";"PR";116;119;"CURITIBA";"Acessar a via sem observar a presença dos outros veículos";"Colisão traseira";"Sem Vítimas";"Plena Noite";"Decrescente";"Nublado";"Dupla";"Reta";"Não";4;0;0;0;3;1;0;4;-25,579267;-49,312646;"SPRF-PR";"DEL01-PR";"UOP01-DEL01-PR"
353587;2021-04-23;"sexta-feira";"17:50:00";"AL";423;32;"CANAPI";"Demais falhas mecânicas ou elétricas";"Tombamento";"Com Vítimas Feridas";"Plena Noite";"Decrescente";"Céu Claro";"Simples";"Aclive";"Não";1;0;1;0;0;0;1;1;-9,21045245;-37,56668086;"SPRF-AL";"DEL03-AL";"UOP02-DEL03-AL"
353590;2021-04-24;"sábado";"02:30:00";"MG";381;371;"SAO GONCALO DO RIO ABAIXO";"Velocidade Incompatível";"Tombamento";"Com Vítimas Feridas";"Plena Noite";"Decrescente";"Céu Claro";"Simples";"Curva";"Não";2;0;1;0;0;1;1;2;-19,85221953;-43,27094078;"SPRF-MG";"DEL01-MG";"UOP01-DEL01-MG"
353591;2021-04-24;"sábado";"07:00:00";"RS";290;428;"SAO GABRIEL";"Chuva";"Colisão frontal";"Com Vítimas Fatais";"Pleno dia";"Crescente";"Chuva";"Simples";"Reta";"Não";2;1;0;0;1;0;0;2;-30,311569;-54,415852;"SPRF-RS";"DEL11-RS";"UOP02-DEL11-RS"
353594;2021-04-24;"sábado";"06:55:00";"CE";20;416;"CAUCAIA";"Transitar no acostamento";"Colisão lateral mesmo sentido";"Com Vítimas Feridas";"Pleno dia";"Crescente";"Chuva";"Dupla";"Reta";"Sim";2;0;0;1;1;0;1;2;-3,83453857;-38,61239433;"SPRF-CE";"DEL01-CE";"UOP02-DEL01-CE"
353600;2021-04-24;"sábado";"06:00:00";"PE";104;118,3;"PANELAS";"Demais falhas mecânicas ou elétricas";"Tombamento";"Com Vítimas Feridas";"Pleno dia";"Crescente";"Nublado";"Simples";"Curva";"Não";2;0;0;1;0;1;1;2;-8,687511;-36,017384;"SPRF-PE";"DEL02-PE";"UOP01-DEL02-PE"
353601;2021-04-24;"sábado";"07:00:00";"ES";262;101,5;"VENDA NOVA DO IMIGRANTE";"Ultrapassagem Indevida";"Colisão frontal";"Com Vítimas Feridas";"Pleno dia";"Decrescente";"Céu Claro";"Simples";"Curva";"Não";3;0;1;0;2;0;1;3;-20,34357039;-41,10950531;"SPRF-ES";"DEL01-ES";"UOP02-DEL01-ES"
353602;2021-04-24;"sábado";"07:30:00";"MG";40;717,7;"BARBACENA";"Ausência de reação do condutor";"Colisão com objeto";"Com Vítimas Feridas";"Pleno dia";"Crescente";"Céu Claro";"Dupla";"Curva";"Não";2;0;1;0;0;1;1;2;-21,26034802;-43,66189055;"SPRF-MG";"DEL05-MG";"UOP01-DEL05-MG"
353603;2021-04-24;"sábado";"08:00:00";"RS";472;185,8;"SANTO CRISTO";"Manobra de mudança de faixa";"Colisão transversal";"Com Vítimas Feridas";"Pleno dia";"Decrescente";"Céu Claro";"Simples";"Reta";"Não";5;0;3;0;1;1;3;3;-27,8376659;-54,60248298;"SPRF-RS";"DEL10-RS";"UOP01-DEL10-RS"
353605;2021-04-24;"sábado";"06:45:00";"PI";407;451,2;"GEMINIANO";"Reação tardia ou ineficiente do condutor";"Colisão lateral sentido oposto";"Com Vítimas Feridas";"Pleno dia";"Decrescente";"Céu Claro";"Simples";"Reta";"Não";3;0;1;1;0;1;2;3;-7,24700549;-41,24447559;"SPRF-PI";"DEL04-PI";"UOP01-DEL04-PI"
353607;2021-04-24;"sábado";"07:15:00";"GO";414;432;"ANAPOLIS";"Ingestão de álcool pelo condutor";"Colisão transversal";"Sem Vítimas";"Pleno dia";"Decrescente";"Céu Claro";"Simples";"Reta";"Não";4;0;0;0;3;1;0;3;-16,22185914;-48,92314777;"SPRF-GO";"DEL02-GO";"UOP01-DEL02-GO"
353610;2021-04-24;"sábado";"07:45:00";"PE";232;15;"JABOATAO DOS GUARARAPES";"Ingestão de álcool pelo condutor";"Colisão lateral mesmo sentido";"Sem Vítimas";"Pleno dia";"Crescente";"Céu Claro";"Dupla";"Reta";"Não";3;0;0;0;2;1;0;3;-8,09137732;-35,02917918;"SPRF-PE";"DEL01-PE";"UOP01-DEL01-PE"
353613;2021-02-13;"sábado";"05:40:00";"GO";364;371,7;"SANTA RITA DO ARAGUAIA";"Manobra de mudança de faixa";"Colisão frontal";"Com Vítimas Fatais";"Amanhecer";"Decrescente";"Nublado";"Simples";"Reta";"Não";3;1;1;0;0;2;1;4;-17,373547;-53,085621;"SPRF-GO";"DEL05-GO";"UOP01-DEL05-GO"
353617;2021-04-24;"sábado";"09:35:00";"PB";230;27;"JOAO PESSOA";"Reação tardia ou ineficiente do condutor";"Colisão traseira";"Sem Vítimas";"Pleno dia";"Crescente";"Nublado";"Dupla";"Reta";"Sim";3;0;0;0;3;0;0;3;-7,16575266;-34,88930767;"SPRF-PB";"DEL01-PB";"UOP01-DEL01-PB"
353620;2021-04-24;"sábado";"10:35:00";"PA";230;110;"MARABA";"Manobra de mudança de faixa";"Colisão transversal";"Com Vítimas Feridas";"Pleno dia";"Crescente";"Nublado";"Simples";"Reta";"Sim";2;0;1;0;1;0;1;2;-5,37342727;-49,03126806;"SPRF-PA";"DEL03-PA";"UOP01-DEL03-PA"
353629;2021-04-24;"sábado";"11:15:00";"RS";116;442,5;"CRISTAL";"Reação tardia ou ineficiente do condutor";"Saída de leito carroçável";"Com Vítimas Feridas";"Pleno dia";"Crescente";"Sol";"Dupla";"Reta";"Não";2;0;0;1;0;1;1;2;-31,12173301;-52,02751394;"SPRF-RS";"DEL02-RS";"UOP02-DEL02-RS"
353631;2021-04-24;"sábado";"11:00:00";"SP";116;337;"JUQUITIBA";"Problema com o freio";"Incêndio";"Sem Vítimas";"Pleno dia";"Decrescente";"Céu Claro";"Múltipla";"Reta";"Não";2;0;0;0;1;1;0;2;-23,9818403;-47,14564419;"SPRF-SP";"DEL04-SP";"UOP01-DEL04-SP"
353632;2021-04-24;"sábado";"10:40:00";"RJ";354;13;"RESENDE";"Curva acentuada";"Colisão lateral sentido oposto";"Sem Vítimas";"Pleno dia";"Decrescente";"Céu Claro";"Simples";"Aclive;Curva";"Não";2;0;0;0;2;0;0;2;-22,436623;-44,735523;"SPRF-RJ";"DEL07-RJ";"UOP02-DEL07-RJ"
353642;2021-04-24;"sábado";"10:30:00";"BA";101;818;"ITAMARAJU";"Mal súbito do condutor";"Colisão frontal";"Com Vítimas Feridas";"Pleno dia";"Decrescente";"Céu Claro";"Simples";"Curva";"Não";5;0;1;2;1;1;3;4;-17,09257926;-39,57013372;"SPRF-BA";"DEL09-BA";"UOP02-DEL09-BA"
353644;2021-04-24;"sábado";"13:00:00";"MT";364;471,9;"NOBRES";"Mal súbito do condutor";"Saída de leito carroçável";"Com Vítimas Feridas";"Pleno dia";"Decrescente";"Céu Claro";"Dupla";"Reta";"Não";3;0;1;1;0;2;2;3;-14,72707344;-56,29943848;"SPRF-MT";"DEL01-MT";"UOP02-DEL01-MT"
353647;2021-04-24;"sábado";"15:20:00";"GO";40;108,1;"CRISTALINA";"Manobra de mudança de faixa";"Colisão traseira";"Com Vítimas Feridas";"Pleno dia";"Decrescente";"Céu Claro";"Dupla";"Reta";"Não";2;0;0;1;1;0;1;2;-16,835923;-47,526921;"SPRF-DF";"DEL01-DF";"UOP02-DEL01-DF"
353654;2021-04-24;"sábado";"13:42:00";"MA";135;5,6;"SAO LUIS";"Condutor deixou de manter distância do veículo da frente";"Colisão traseira";"Com Vítimas Feridas";"Pleno dia";"Decrescente";"Garoa/Chuvisco";"Dupla";"Reta";"Sim";2;0;1;0;1;0;1;2;-2,62145385;-44,25797421;"SPRF-MA";"DEL01-MA";"UOP01-DEL01-MA"
353660;2021-04-24;"sábado";"12:40:00";"BA";110;135;"CICERO DANTAS";"Velocidade Incompatível";"Colisão frontal";"Com Vítimas Feridas";"Pleno dia";"Crescente";"Chuva";"Simples";"Curva";"Não";8;0;5;0;2;1;5;3;-10,58317696;-38,37435277;"SPRF-BA";"DEL07-BA";"UOP02-DEL07-BA"
353662;2021-04-24;"sábado";"13:40:00";"BA";410;27;"TUCANO";"Velocidade Incompatível";"Tombamento";"Com Vítimas Feridas";"Pleno dia";"Crescente";"Chuva";"Simples";"Declive";"Não";3;0;2;0;0;1;2;2;-10,95142068;-38,73229015;"SPRF-BA";"DEL07-BA";"UOP02-DEL07-BA"
353667;2021-04-24;"sábado";"16:25:00";"MA";135;2;"SAO LUIS";"Reação tardia ou ineficiente do condutor";"Colisão transversal";"Com Vítimas Feridas";"Pleno dia";"Decrescente";"Sol";"Dupla";"Reta";"Sim";3;0;1;0;1;2;1;4;-2,53073;-44,3068;"SPRF-MA";"DEL01-MA";"UOP01-DEL01-MA"
353672;2021-04-24;"sábado";"16:55:00";"MG";116;770;"LEOPOLDINA";"Reação tardia ou ineficiente do condutor";"Saída de leito carroçável";"Com Vítimas Feridas";"Pleno dia";"Decrescente";"Céu Claro";"Simples";"Curva";"Não";2;0;1;0;0;1;1;2;-21,55054675;-42,67361103;"SPRF-MG";"DEL07-MG";"UOP01-DEL07-MG"
353673;2021-04-24;"sábado";"18:16:00";"PR";376;174,2;"MARINGA";"Condutor desrespeitou a iluminação vermelha do semáforo";"Colisão transversal";"Com Vítimas Feridas";"Plena Noite";"Decrescente";"Céu Claro";"Dupla";"Reta";"Sim";3;0;0;1;2;0;1;3;-23,41430102;-51,94984299;"SPRF-PR";"DEL09-PR";"UOP01-DEL09-PR"
353684;2021-04-24;"sábado";"09:50:00";"MT";364;348;"SANTO ANTONIO DO LEVERGER";"Velocidade Incompatível";"Tombamento";"Com Vítimas Feridas";"Pleno dia";"Crescente";"Céu Claro";"Dupla";"Reta";"Não";4;0;0;2;1;2;2;4;-15,79604336;-55,56181323;"SPRF-MT";"DEL05-MT";"UOP02-DEL05-MT"
353689;2021-04-24;"sábado";"19:45:00";"ES";101;268,5;"SERRA";"Manobra de mudança de faixa";"Colisão lateral mesmo sentido";"Com Vítimas Feridas";"Plena Noite";"Decrescente";"Nublado";"Dupla";"Reta";"Sim";3;0;1;0;1;1;1;3;-20,20842;-40,269405;"SPRF-ES";"DEL02-ES";"UOP01-DEL02-ES"
353690;2021-04-24;"sábado";"16:45:00";"MS";262;134;"AGUA CLARA";"Ingestão de álcool pelo condutor";"Colisão traseira";"Sem Vítimas";"Pleno dia";"Decrescente";"Céu Claro";"Simples";"Declive";"Não";3;0;0;0;2;2;0;4;-20,48177826;-52,80499506;"SPRF-MS";"DEL07-MS";"UOP02-DEL07-MS"
353699;2021-04-24;"sábado";"20:10:00";"SC";101;68,7;"ARAQUARI";"Reação tardia ou ineficiente do condutor";"Colisão traseira";"Sem Vítimas";"Plena Noite";"Decrescente";"Céu Claro";"Dupla";"Reta";"Não";5;0;0;0;5;0;0;3;-26,49513001;-48,73280803;"SPRF-SC";"DEL03-SC";"UOP02-DEL03-SC"
353701;2021-04-24;"sábado";"19:30:00";"RJ";393;236;"VASSOURAS";"Ingestão de álcool pelo condutor";"Colisão lateral sentido oposto";"Com Vítimas Feridas";"Plena Noite";"Decrescente";"Céu Claro";"Simples";"Reta";"Sim";3;0;1;0;1;1;1;3;-22,41785772;-43,68151372;"SPRF-RJ";"DEL05-RJ";"UOP03-DEL05-RJ"
353702;2021-04-24;"sábado";"20:55:00";"RS";386;349,2;"LAJEADO";"Pedestre andava na pista";"Atropelamento de Pedestre";"Com Vítimas Feridas";"Plena Noite";"Crescente";"Garoa/Chuvisco";"Dupla";"Ponte";"Não";2;0;0;1;1;0;1;2;-29,465483;-51,95509;"SPRF-RS";"DEL04-RS";"UOP02-DEL04-RS"
353703;2021-04-24;"sábado";"19:30:00";"MS";158;235;"TRES LAGOAS";"Condutor Dormindo";"Colisão frontal";"Com Vítimas Feridas";"Plena Noite";"Crescente";"Céu Claro";"Simples";"Reta";"Não";3;0;2;0;0;4;2;6;-20,60786927;-51,65611391;"SPRF-MS";"DEL07-MS";"UOP01-DEL07-MS"
353704;2021-04-24;"sábado";"20:10:00";"PA";230;157;"MARABA";"Sinalização mal posicionada";"Colisão com objeto";"Com Vítimas Fatais";"Plena Noite";"Crescente";"Céu Claro";"Simples";"Reta;Declive";"Não";2;1;0;0;1;0;0;2;-5,22804708;-49,33810613;"SPRF-PA";"DEL03-PA";"UOP01-DEL03-PA"
353723;2021-04-24;"sábado";"15:55:00";"RS";392;207;"SANTANA DA BOA VISTA";"Pista Escorregadia";"Saída de leito carroçável";"Com Vítimas Feridas";"Pleno dia";"Crescente";"Chuva";"Simples";"Declive;Curva";"Não";3;0;2;0;0;3;2;4;-30,82235853;-53,17520142;"SPRF-RS";"DEL09-RS";"UOP02-DEL09-RS"
353724;2021-04-24;"sábado";"23:00:00";"SP";116;316;"JUQUITIBA";"Curva acentuada";"Tombamento";"Com Vítimas Feridas";"Plena Noite";"Decrescente";"Céu Claro";"Dupla";"Curva";"Não";2;0;1;0;0;1;1;2;-23,91054997;-46,99149375;"SPRF-SP";"DEL04-SP";"UOP01-DEL04-SP"
353729;2021-04-24;"sábado";"23:40:00";"SC";101;207;"SAO JOSE";"Ultrapassagem Indevida";"Colisão traseira";"Com Vítimas Feridas";"Plena Noite";"Decrescente";"Céu Claro";"Dupla";"Reta";"Sim";2;0;1;0;1;0;1;2;-27,60001226;-48,6226467;"SPRF-SC";"DEL01-SC";"UOP01-DEL01-SC"
353730;2021-04-24;"sábado";"23:30:00";"RJ";116;254;"VOLTA REDONDA";"Reação tardia ou ineficiente do condutor";"Colisão lateral mesmo sentido";"Com Vítimas Feridas";"Plena Noite";"Crescente";"Céu Claro";"Múltipla";"Reta";"Não";3;0;1;0;1;1;1;3;-22,58294854;-44,04556274;"SPRF-RJ";"DEL07-RJ";"UOP02-DEL07-RJ"
353734;2021-04-24;"sábado";"22:00:00";"SC";282;422;"VARGEM BONITA";"Ingestão de álcool pelo condutor";"Colisão lateral sentido oposto";"Sem Vítimas";"Plena Noite";"Decrescente";"Céu Claro";"Simples";"Curva";"Não";2;0;0;0;2;0;0;2;-26,999937;-51,744019;"SPRF-SC";"DEL07-SC";"UOP05-DEL07-SC"
353735;2021-04-24;"sábado";"23:10:00";"PR";116;204;"RIO NEGRO";"Ingestão de álcool pelo condutor";"Colisão lateral mesmo sentido";"Sem Vítimas";"Plena Noite";"Decrescente";"Céu Claro";"Simples";"Curva";"Não";2;0;0;0;2;0;0;2;-26,05507811;-49,71685798;"SPRF-SC";"DEL06-SC";"UOP01-DEL06-SC"
353738;2021-04-25;"domingo";"00:30:00";"PR";376;501;"PONTA GROSSA";"Ingestão de álcool pelo condutor";"Colisão traseira";"Sem Vítimas";"Plena Noite";"Decrescente";"Céu Claro";"Dupla";"Desvio Temporário;Em Obras;Reta";"Não";2;0;0;0;2;0;0;2;-25,20894789;-50,06444688;"SPRF-PR";"DEL03-PR";"UOP01-DEL03-PR"
353745;2021-04-25;"domingo";"01:30:00";"PR";369;239,8;"JANDAIA DO SUL";"Reação tardia ou ineficiente do condutor";"Colisão traseira";"Com Vítimas Feridas";"Plena Noite";"Crescente";"Nublado";"Simples";"Reta;Declive";"Não";4;0;2;0;1;2;2;4;-23,66645828;-51,69315936;"SPRF-PR";"DEL09-PR";"UOP01-DEL09-PR"
353767;2021-04-25;"domingo";"05:45:00";"MG";40;483;"SETE LAGOAS";"Demais falhas mecânicas ou elétricas";"Incêndio";"Sem Vítimas";"Amanhecer";"Decrescente";"Céu Claro";"Dupla";"Reta";"Não";2;0;0;0;1;1;0;2;-19,56753;-44,23715;"SPRF-MG";"DEL02-MG";"UOP01-DEL02-MG"
353776;2021-04-24;"sábado";"14:14:00";"SC";470;111,4;"APIUNA";"Velocidade Incompatível";"Tombamento";"Com Vítimas Feridas";"Pleno dia";"Decrescente";"Céu Claro";"Simples";"Curva";"Não";3;0;2;0;0;1;2;2;-27,095388;-49,457878;"SPRF-SC";"DEL04-SC";"UOP02-DEL04-SC"
353780;2021-04-01;"quinta-feira";"20:30:00";"GO";153;500,9;"GOIANIA";"Reação tardia ou ineficiente do condutor";"Colisão com objeto";"Com Vítimas Feridas";"Plena Noite";"Crescente";"Nublado";"Múltipla";"Reta";"Sim";2;0;0;1;1;0;1;2;-16,7118;-49,2324;"SPRF-GO";"DEL01-GO";"UOP01-DEL01-GO"
353782;2021-04-25;"domingo";"05:30:00";"RO";364;375;"OURO PRETO DO OESTE";"Demais falhas mecânicas ou elétricas";"Incêndio";"Sem Vítimas";"Amanhecer";"Crescente";"Ignorado";"Simples";"Reta";"Não";2;0;0;0;1;2;0;3;-10,73949672;-62,18555898;"SPRF-RO";"DEL02-RO";"UOP01-DEL02-RO"
353786;2021-04-25;"domingo";"07:45:00";"MG";262;422,3;"IGARATINGA";"Acessar a via sem observar a presença dos outros veículos";"Colisão transversal";"Com Vítimas Feridas";"Pleno dia";"Decrescente";"Sol";"Dupla";"Reta";"Não";5;0;0;1;1;3;1;3;-19,88477767;-44,72993101;"SPRF-MG";"DEL08-MG";"UOP03-DEL08-MG"
353788;2021-04-25;"domingo";"07:30:00";"SC";282;531,6;"CORDILHEIRA ALTA";"Condutor Dormindo";"Colisão frontal";"Com Vítimas Feridas";"Pleno dia";"Crescente";"Nublado";"Simples";"Curva";"Sim";3;0;0;1;2;0;1;3;-26,990747;-52,609776;"SPRF-SC";"DEL07-SC";"UOP01-DEL07-SC"
353793;2021-04-25;"domingo";"10:10:00";"MG";381;929,9;"ITAPEVA";"Carga excessiva e/ou mal acondicionada";"Saída de leito carroçável";"Sem Vítimas";"Pleno dia";"Crescente";"Sol";"Dupla";"Curva";"Não";3;0;0;0;1;2;0;3;-22,79911462;-46,26123692;"SPRF-MG";"DEL16-MG";"UOP03-DEL16-MG"
353794;2021-04-25;"domingo";"08:15:00";"MG";381;756,9;"TRES CORACOES";"Condutor Dormindo";"Colisão traseira";"Com Vítimas Feridas";"Pleno dia";"Crescente";"Céu Claro";"Dupla";"Reta";"Não";3;0;1;0;1;1;1;3;-21,67644283;-45,33971896;"SPRF-MG";"DEL16-MG";"UOP02-DEL16-MG"
353798;2021-04-25;"domingo";"10:10:00";"PR";116;31,5;"CAMPINA GRANDE DO SUL";"Manobra de mudança de faixa";"Colisão transversal";"Com Vítimas Feridas";"Pleno dia";"Decrescente";"Céu Claro";"Múltipla";"Curva";"Não";2;0;2;0;0;0;2;2;-25,10798445;-48,83422852;"SPRF-PR";"DEL01-PR";"UOP02-DEL01-PR"
353814;2021-04-25;"domingo";"12:15:00";"ES";101;298,4;"VIANA";"Acumulo de areia ou detritos sobre o pavimento";"Tombamento";"Com Vítimas Feridas";"Pleno dia";"Decrescente";"Sol";"Múltipla";"Reta";"Sim";4;0;0;2;1;1;2;3;-20,35374444;-40,4156433;"SPRF-ES";"DEL01-ES";"UOP01-DEL01-ES"
353826;2021-04-25;"domingo";"14:15:00";"PE";101;40,5;"IGARASSU";"Reação tardia ou ineficiente do condutor";"Colisão traseira";"Com Vítimas Feridas";"Pleno dia";"Decrescente";"Céu Claro";"Dupla";"Reta";"Sim";2;0;0;1;0;1;1;2;-7,821475;-34,916545;"SPRF-PE";"DEL01-PE";"UOP02-DEL01-PE"
353830;2021-04-25;"domingo";"14:10:00";"SC";153;58,8;"IRANI";"Desrespeitar a preferência no cruzamento";"Colisão transversal";"Com Vítimas Feridas";"Pleno dia";"Crescente";"Nublado";"Simples";"Interseção de Vias";"Não";4;0;2;0;1;1;2;3;-26,96962243;-51,85465336;"SPRF-SC";"DEL07-SC";"UOP04-DEL07-SC"
353834;2021-04-25;"domingo";"14:45:00";"ES";101;247,1;"SERRA";"Acessar a via sem observar a presença dos outros veículos";"Colisão transversal";"Com Vítimas Feridas";"Pleno dia";"Crescente";"Sol";"Simples";"Retorno Regulamentado;Reta";"Não";5;0;3;0;2;0;3;2;-20,06746339;-40,37085006;"SPRF-ES";"DEL02-ES";"UOP01-DEL02-ES"
353842;2021-04-25;"domingo";"15:45:00";"SC";101;214,8;"PALHOCA";"Manobra de mudança de faixa";"Colisão lateral mesmo sentido";"Com Vítimas Feridas";"Pleno dia";"Crescente";"Nublado";"Múltipla";"Reta";"Sim";7;0;5;0;1;1;5;3;-27,65013761;-48,6749053;"SPRF-SC";"DEL01-SC";"UOP02-DEL01-SC"
353857;2021-04-25;"domingo";"12:00:00";"MA";135;90;"ITAPECURU MIRIM";"Manobra de mudança de faixa";"Colisão frontal";"Com Vítimas Feridas";"Pleno dia";"Decrescente";"Céu Claro";"Simples";"Reta";"Não";2;0;0;1;1;0;1;2;-3,29245794;-44,41526719;"SPRF-MA";"DEL01-MA";"UOP02-DEL01-MA"
353883;2021-04-25;"domingo";"14:00:00";"MT";364;507,5;"JANGADA";"Condutor Dormindo";"Colisão frontal";"Com Vítimas Feridas";"Pleno dia";"Decrescente";"Céu Claro";"Simples";"Reta";"Não";3;0;1;0;1;3;1;5;-15,20537118;-56,50724436;"SPRF-MT";"DEL01-MT";"UOP01-DEL01-MT"
353908;2021-04-25;"domingo";"18:35:00";"BA";242;464;"IBITIARA";"Pedestre andava na pista";"Atropelamento de Pedestre";"Com Vítimas Fatais";"Plena Noite";"Crescente";"Céu Claro";"Simples";"Curva";"Não";3;1;0;0;1;2;0;4;-12,44768007;-42,1804436;"SPRF-BA";"DEL06-BA";"UOP01-DEL06-BA"
353912;2021-04-25;"domingo";"22:25:00";"RS";386;149;"SARANDI";"Ultrapassagem Indevida";"Colisão frontal";"Com Vítimas Feridas";"Plena Noite";"Crescente";"Céu Claro";"Simples";"Reta";"Não";2;0;1;0;1;0;1;2;-28,073166;-52,866364;"SPRF-RS";"DEL08-RS";"UOP01-DEL08-RS"
353914;2021-04-25;"domingo";"20:55:00";"MG";116;586,2;"MANHUACU";"Velocidade Incompatível";"Colisão frontal";"Com Vítimas Feridas";"Plena Noite";"Decrescente";"Nublado";"Simples";"Declive";"Não";3;0;1;0;1;1;1;3;-20,2280532;-42,17514038;"SPRF-MG";"DEL06-MG";"UOP03-DEL06-MG"
353916;2021-04-25;"domingo";"22:20:00";"SP";116;480,3;"JACUPIRANGA";"Ausência de reação do condutor";"Saída de leito carroçável";"Com Vítimas Feridas";"Plena Noite";"Decrescente";"Nublado";"Dupla";"Reta";"Não";1;0;1;0;0;0;1;1;-24,71316904;-48,02690398;"SPRF-SP";"DEL05-SP";"UOP01-DEL05-SP"
353920;2021-04-25;"domingo";"22:50:00";"MG";50;95,8;"UBERLANDIA";"Condutor deixou de manter distância do veículo da frente";"Colisão traseira";"Com Vítimas Feridas";"Plena Noite";"Decrescente";"Céu Claro";"Dupla";"Aclive";"Não";2;0;1;0;1;0;1;2;-19,09239812;-48,1837074;"SPRF-MG";"DEL15-MG";"UOP01-DEL15-MG"