"id";"data_inversa";"dia_semana";"horario";"uf";"br";"km";"municipio";"causa_acidente";"tipo_acidente";"classificacao_acidente";"fase_dia";"sentido_via";"condicao_metereologica";"tipo_pista";"tracado_via";"uso_solo";"pessoas";"mortos";"feridos_leves";"feridos_graves";"ilesos";"ignorados";"feridos";"veiculos";"latitude";"longitude";"regional";"delegacia";"uop"
354671;2021-04-30;"sexta-feira";"10:15:00";"MG";381;497;"BETIM";"Obras na pista";"Colisão lateral mesmo sentido";"Com Vítimas Feridas";"Pleno dia";"Decrescente";"Céu Claro";"Múltipla";"Reta";"Sim";3;0;1;0;2;0;1;2;-19,9820607;-44,20211792;"SPRF-MG";"DEL01-MG";"UOP03-DEL01-MG"
354673;2021-04-30;"sexta-feira";"09:20:00";"MG";40;549;"NOVA LIMA";"Condutor deixou de manter distância do veículo da frente";"Colisão traseira";"Com Vítimas Feridas";"Pleno dia";"Crescente";"Céu Claro";"Dupla";"Reta";"Não";3;0;1;0;2;0;1;3;-20,03972326;-43,96703232;"SPRF-MG";"DEL01-MG";"UOP02-DEL01-MG"
354677;2021-04-30;"sexta-feira";"11:05:00";"PE";407;129;"PETROLINA";"Manobra de mudança de faixa";"Colisão lateral mesmo sentido";"Com Vítimas Feridas";"Pleno dia";"Decrescente";"Céu Claro";"Dupla";"Reta";"Sim";3;0;1;0;1;2;1;4;-9,39958299;-40,50459298;"SPRF-PE";"DEL06-PE";"UOP01-DEL06-PE"
354679;2021-04-30;"sexta-feira";"06:50:00";"PR";116;14,9;"COLOMBO";"Condutor deixou de manter distância do veículo da frente";"Engavetamento";"Com Vítimas Feridas";"Pleno dia";"Crescente";"Céu Claro";"Dupla";"Reta";"Sim";4;0;2;0;0;2;2;4;-25,3818;-49,1643;"SPRF-PR";"DEL01-PR";"UOP02-DEL01-PR"
354684;2021-04-30;"sexta-feira";"10:45:00";"GO";153;410,8;"PIRENOPOLIS";"Mal súbito do condutor";"Saída de leito carroçável";"Com Vítimas Feridas";"Pleno dia";"Crescente";"Céu Claro";"Simples";"Ponte";"Não";1;0;0;1;0;0;1;1;-16,095764;-49,033852;"SPRF-GO";"DEL02-GO";"UOP01-DEL02-GO"
354686;2021-04-30;"sexta-feira";"08:30:00";"MG";40;604,7;"CONGONHAS";"Declive acentuado";"Colisão com objeto";"Com Vítimas Feridas";"Pleno dia";"Crescente";"Céu Claro";"Simples";"Curva";"Não";2;0;1;0;0;1;1;2;-20,45222799;-43,84086796;"SPRF-MG";"DEL05-MG";"UOP02-DEL05-MG"
354688;2021-04-30;"sexta-feira";"11:15:00";"SP";116;358,6;"MIRACATU";"Problema com o freio";"Colisão traseira";"Com Vítimas Feridas";"Pleno dia";"Crescente";"Nublado";"Dupla";"Curva;Declive;Viaduto";"Não";4;0;1;1;1;2;2;5;-24,10469745;-47,26256587;"SPRF-SP";"DEL04-SP";"UOP02-DEL04-SP"
354695;2021-04-30;"sexta-feira";"07:55:00";"SP";116;133,8;"CACAPAVA";"Reação tardia ou ineficiente do condutor";"Colisão traseira";"Com Vítimas Feridas";"Pleno dia";"Crescente";"Nublado";"Dupla";"Reta";"Não";3;0;1;1;1;0;2;2;-23,1359564;-45,7532708;"SPRF-SP";"DEL02-SP";"UOP02-DEL02-SP"
354699;2021-04-30;"sexta-feira";"13:30:00";"CE";116;12,9;"FORTALEZA";"Manobra de mudança de faixa";"Colisão lateral mesmo sentido";"Com Vítimas Fatais";"Pleno dia";"Decrescente";"Céu Claro";"Múltipla";"Reta";"Sim";4;1;0;1;1;1;1;3;-3,852077;-38,495525;"SPRF-CE";"DEL01-CE";"UOP02-DEL01-CE"
354705;2021-04-30;"sexta-feira";"13:00:00";"SC";470;185;"POUSO REDONDO";"Velocidade Incompatível";"Tombamento";"Com Vítimas Feridas";"Pleno dia";"Decrescente";"Céu Claro";"Simples";"Curva";"Não";2;0;0;1;0;1;1;2;-27,254034;-50,036575;"SPRF-SC";"DEL04-SC";"UOP02-DEL04-SC"
354708;2021-04-30;"sexta-feira";"13:15:00";"RS";287;301,8;"SAO PEDRO DO SUL";"Condutor Dormindo";"Colisão frontal";"Com Vítimas Feridas";"Pleno dia";"Crescente";"Céu Claro";"Simples";"Reta";"Não";3;0;1;0;1;1;1;3;-29,64495944;-54,38959301;"SPRF-RS";"DEL09-RS";"UOP01-DEL09-RS"
354709;2021-03-18;"quinta-feira";"10:30:00";"MT";163;636,9;"NOVA MUTUM";"Condutor deixou de manter distância do veículo da frente";"Colisão traseira";"Com Vítimas Fatais";"Pleno dia";"Decrescente";"Nublado";"Simples";"Reta";"Não";3;1;0;0;1;6;0;8;-13,59341597;-56,03112436;"SPRF-MT";"DEL01-MT";"UOP01-DEL01-MT"
354716;2021-04-30;"sexta-feira";"14:05:00";"SP";153;256,3;"MARILIA";"Curva acentuada";"Tombamento";"Sem Vítimas";"Pleno dia";"Decrescente";"Céu Claro";"Dupla";"Rotatória";"Sim";2;0;0;0;1;3;0;4;-22,231552;-49,91968;"SPRF-SP";"DEL07-SP";"UOP02-DEL07-SP"
354717;2021-04-30;"sexta-feira";"13:10:00";"TO";153;499,2;"PARAISO DO TOCANTINS";"Acessar a via sem observar a presença dos outros veículos";"Colisão transversal";"Com Vítimas Feridas";"Pleno dia";"Decrescente";"Céu Claro";"Simples";"Reta;Interseção de Vias";"Não";2;0;1;0;1;0;1;2;-10,19275595;-48,87879892;"SPRF-TO";"DEL01-TO";"UOP01-DEL01-TO"
354721;2021-03-27;"sábado";"21:00:00";"BA";116;134;"CANUDOS";"Velocidade Incompatível";"Saída de leito carroçável";"Com Vítimas Feridas";"Plena Noite";"Crescente";"Céu Claro";"Simples";"Reta";"Não";1;0;1;0;0;0;1;1;-9,63038449;-39,0595454;"SPRF-BA";"DEL07-BA";"UOP01-DEL07-BA"
354726;2021-04-30;"sexta-feira";"10:50:00";"SC";101;68,1;"ARAQUARI";"Velocidade Incompatível";"Colisão traseira";"Com Vítimas Feridas";"Pleno dia";"Crescente";"Céu Claro";"Dupla";"Reta";"Não";4;0;1;0;2;1;1;3;-26,49513001;-48,73280803;"SPRF-SC";"DEL03-SC";"UOP02-DEL03-SC"
354730;2021-04-30;"sexta-feira";"14:30:00";"PR";376;381;"IMBAU";"Obras na pista";"Colisão traseira";"Com Vítimas Feridas";"Pleno dia";"Crescente";"Céu Claro";"Simples";"Curva";"Sim";2;0;0;1;0;1;1;2;-24,45974402;-50,75186703;"SPRF-PR";"DEL03-PR";"UOP02-DEL03-PR"
354734;2021-04-30;"sexta-feira";"14:10:00";"GO";60;227;"CEZARINA";"Chuva";"Colisão transversal";"Com Vítimas Feridas";"Pleno dia";"Decrescente";"Chuva";"Dupla";"Aclive";"Não";3;0;2;0;1;0;2;2;-17,0331;-49,7777;"SPRF-GO";"DEL01-GO";"UOP02-DEL01-GO"
354735;2021-04-30;"sexta-feira";"14:40:00";"MG";116;277,1;"TEOFILO OTONI";"Carga excessiva e/ou mal acondicionada";"Colisão com objeto";"Sem Vítimas";"Pleno dia";"Decrescente";"Nublado";"Dupla";"Reta";"Sim";4;0;0;0;3;1;0;3;-17,86037723;-41,51501656;"SPRF-MG";"DEL11-MG";"UOP01-DEL11-MG"
354738;2021-04-30;"sexta-feira";"15:35:00";"PR";376;644,5;"TIJUCAS DO SUL";"Condutor deixou de manter distância do veículo da frente";"Colisão traseira";"Com Vítimas Feridas";"Pleno dia";"Decrescente";"Nublado";"Dupla";"Reta";"Não";8;0;4;0;3;2;4;7;-25,8233741;-49,12546625;"SPRF-PR";"DEL01-PR";"UOP04-DEL01-PR"
354741;2021-04-14;"quarta-feira";"12:20:00";"PR";476;264,5;"SAO MATEUS DO SUL";"Manobra de mudança de faixa";"Colisão lateral mesmo sentido";"Com Vítimas Fatais";"Pleno dia";"Decrescente";"Sol";"Simples";"Reta";"Não";3;1;0;1;1;0;1;2;-25,891033;-50,282455;"SPRF-PR";"DEL02-PR";"UOP04-DEL02-PR"
354743;2021-04-30;"sexta-feira";"16:00:00";"SP";381;43;"ATIBAIA";"Ausência de reação do condutor";"Colisão traseira";"Com Vítimas Feridas";"Pleno dia";"Decrescente";"Céu Claro";"Dupla";"Reta";"Não";2;0;0;1;1;0;1;2;-23,15597105;-46,5740155;"SPRF-SP";"DEL03-SP";"UOP01-DEL03-SP"
354746;2021-04-30;"sexta-feira";"15:25:00";"RO";364;18;"VILHENA";"Ausência de reação do condutor";"Colisão frontal";"Com Vítimas Feridas";"Pleno dia";"Decrescente";"Céu Claro";"Simples";"Aclive";"Não";3;0;1;0;1;2;1;4;-12,72972661;-60,17479789;"SPRF-RO";"DEL04-RO";"UOP01-DEL04-RO"
354752;2021-04-30;"sexta-feira";"16:30:00";"SC";470;9,9;"NAVEGANTES";"Ultrapassagem Indevida";"Colisão frontal";"Com Vítimas Feridas";"Pleno dia";"Decrescente";"Céu Claro";"Simples";"Reta";"Não";2;0;0;1;1;0;1;2;-26,833143;-48,727432;"SPRF-SC";"DEL04-SC";"UOP04-DEL04-SC"
354754;2021-04-30;"sexta-feira";"15:10:00";"MG";116;274,9;"TEOFILO OTONI";"Carga excessiva e/ou mal acondicionada";"Colisão com objeto";"Sem Vítimas";"Pleno dia";"Decrescente";"Sol";"Dupla";"Reta";"Sim";2;0;0;0;1;1;0;2;-17,83384514;-41,51094368;"SPRF-MG";"DEL11-MG";"UOP01-DEL11-MG"
354757;2021-04-30;"sexta-feira";"17:00:00";"MG";262;357;"BETIM";"Ausência de reação do condutor";"Colisão traseira";"Com Vítimas Feridas";"Pleno dia";"Crescente";"Nublado";"Dupla";"Aclive;Reta";"Sim";3;0;1;0;1;1;1;3;-19,98339165;-44,23661113;"SPRF-MG";"DEL01-MG";"UOP03-DEL01-MG"
354764;2021-04-30;"sexta-feira";"17:00:00";"MG";262;378;"JUATUBA";"Demais falhas mecânicas ou elétricas";"Incêndio";"Sem Vítimas";"Plena Noite";"Crescente";"Céu Claro";"Dupla";"Aclive";"Não";1;0;0;0;1;0;0;1;-19,95649717;-44,346577;"SPRF-MG";"DEL01-MG";"UOP03-DEL01-MG"
354772;2021-04-30;"sexta-feira";"18:30:00";"MG";50;74;"UBERLANDIA";"Ausência de reação do condutor";"Colisão traseira";"Com Vítimas Feridas";"Anoitecer";"Decrescente";"Céu Claro";"Dupla";"Reta";"Sim";2;0;1;0;1;0;1;2;-18,85140204;-48,25345932;"SPRF-MG";"DEL15-MG";"UOP01-DEL15-MG"
354773;2021-04-30;"sexta-feira";"18:30:00";"BA";324;582;"CANDEIAS";"Pista Escorregadia";"Tombamento";"Com Vítimas Feridas";"Plena Noite";"Crescente";"Chuva";"Dupla";"Reta";"Não";1;0;1;0;0;0;1;1;-12,60856603;-38,49390902;"SPRF-BA";"DEL01-BA";"UOP01-DEL01-BA"
354777;2021-04-30;"sexta-feira";"17:45:00";"PR";116;114,7;"CURITIBA";"Ultrapassagem Indevida";"Colisão traseira";"Com Vítimas Feridas";"Pleno dia";"Decrescente";"Sol";"Dupla";"Reta";"Sim";2;0;1;0;1;0;1;2;-25,54490507;-49,30064321;"SPRF-PR";"DEL01-PR";"UOP01-DEL01-PR"
354781;2021-04-30;"sexta-feira";"17:40:00";"PE";232;62;"POMBOS";"Problema com o freio";"Colisão traseira";"Com Vítimas Feridas";"Anoitecer";"Decrescente";"Céu Claro";"Dupla";"Reta";"Não";5;0;3;0;2;0;3;2;-8,15598579;-35,42308007;"SPRF-PE";"DEL02-PE";"UOP02-DEL02PE"
354782;2021-04-30;"sexta-feira";"18:15:00";"RS";386;15,1;"FREDERICO WESTPHALEN";"Ingestão de álcool pelo condutor";"Colisão lateral sentido oposto";"Com Vítimas Feridas";"Anoitecer";"Crescente";"Céu Claro";"Simples";"Reta";"Não";4;0;1;0;1;2;1;4;-27,239553;-53,328884;"SPRF-RS";"DEL08-RS";"UOP02-DEL08-RS"
354784;2021-04-30;"sexta-feira";"17:30:00";"RO";364;17;"VILHENA";"Condutor deixou de manter distância do veículo da frente";"Engavetamento";"Com Vítimas Feridas";"Anoitecer";"Crescente";"Céu Claro";"Simples";"Reta";"Não";6;0;1;0;4;6;1;9;-12,73207998;-60,16589399;"SPRF-RO";"DEL04-RO";"UOP01-DEL04-RO"
354788;2021-04-30;"sexta-feira";"18:57:00";"RJ";116;165;"RIO DE JANEIRO";"Condutor deixou de manter distância do veículo da frente";"Engavetamento";"Com Vítimas Feridas";"Pleno dia";"Crescente";"Céu Claro";"Múltipla";"Reta";"Sim";5;0;1;0;4;0;1;4;-22,81548519;-43,29087405;"SPRF-RJ";"DEL01-RJ";"UOP01-DEL01-RJ"
354790;2021-04-30;"sexta-feira";"18:00:00";"MS";60;104;"PARAISO DAS AGUAS";"Ultrapassagem Indevida";"Colisão frontal";"Com Vítimas Feridas";"Plena Noite";"Crescente";"Céu Claro";"Simples";"Reta";"Não";3;0;2;0;0;3;2;5;-19,27894089;-53,25976308;"SPRF-MS";"DEL06-MS";"UOP02-DEL06-MS"
354792;2021-04-30;"sexta-feira";"18:30:00";"RS";470;188,9;"VERANOPOLIS";"Ausência de reação do condutor";"Colisão lateral sentido oposto";"Com Vítimas Feridas";"Anoitecer";"Decrescente";"Céu Claro";"Simples";"Curva";"Não";2;0;1;0;1;0;1;2;-29,0090907;-51,56456778;"SPRF-RS";"DEL06-RS";"UOP02-DEL06-RS"
354801;2021-04-30;"sexta-feira";"19:05:00";"CE";222;27;"CAUCAIA";"Acessar a via sem observar a presença dos outros veículos";"Colisão frontal";"Com Vítimas Feridas";"Plena Noite";"Crescente";"Ignorado";"Simples";"Reta";"Não";3;0;0;1;1;1;1;3;-3,72045534;-38,79404612;"SPRF-CE";"DEL01-CE";"UOP01-DEL01-CE"
354803;2021-04-30;"sexta-feira";"18:55:00";"RS";290;520,7;"CACEQUI";"Velocidade Incompatível";"Colisão transversal";"Com Vítimas Feridas";"Plena Noite";"Crescente";"Céu Claro";"Simples";"Reta";"Não";5;0;1;1;1;2;2;4;-30,097612;-55,275852;"SPRF-RS";"DEL11-RS";"UOP02-DEL11-RS"
354807;2021-04-30;"sexta-feira";"19:50:00";"RS";471;481,4;"RIO GRANDE";"Velocidade Incompatível";"Colisão traseira";"Com Vítimas Feridas";"Plena Noite";"Crescente";"Céu Claro";"Simples";"Reta";"Não";2;0;1;0;1;0;1;2;-32,205688;-52,4496;"SPRF-RS";"DEL07-RS";"UOP02-DEL07-RS"
354811;2021-04-30;"sexta-feira";"19:30:00";"SP";116;75,5;"APARECIDA";"Animais na Pista";"Atropelamento de Animal";"Sem Vítimas";"Plena Noite";"Decrescente";"Céu Claro";"Dupla";"Reta";"Não";2;0;0;0;1;2;0;3;-22,87521876;-45,26277018;"SPRF-SP";"DEL08-SP";"UOP01-DEL08-SP"
354818;2021-04-30;"sexta-feira";"07:35:00";"MA";10;233;"DAVINOPOLIS";"Ultrapassagem Indevida";"Colisão lateral mesmo sentido";"Com Vítimas Feridas";"Pleno dia";"Crescente";"Céu Claro";"Simples";"Reta;Declive";"Não";2;0;1;0;0;1;1;2;-5,677963;-47,374077;"SPRF-MA";"DEL04-MA";"UOP01-DEL04-MA"
354825;2021-04-30;"sexta-feira";"19:00:00";"PA";10;65;"ULIANOPOLIS";"Deficiência do Sistema de Iluminação/Sinalização";"Colisão traseira";"Com Vítimas Feridas";"Plena Noite";"Crescente";"Nublado";"Simples";"Aclive";"Não";3;0;2;0;0;1;2;2;-3,878828;-47,524094;"SPRF-PA";"DEL02-PA";"UOP02-DEL02-PA"
354830;2021-04-30;"sexta-feira";"21:00:00";"PR";369;155;"LONDRINA";"Velocidade Incompatível";"Colisão traseira";"Sem Vítimas";"Plena Noite";"Decrescente";"Céu Claro";"Dupla";"Retorno Regulamentado;Reta";"Sim";4;0;0;0;4;0;0;2;-23,295578;-51,208709;"SPRF-PR";"DEL07-PR";"UOP01-DEL07-PR"
354832;2021-04-30;"sexta-feira";"21:10:00";"SP";116;308;"SAO LOURENCO DA SERRA";"Demais falhas mecânicas ou elétricas";"Colisão com objeto";"Com Vítimas Feridas";"Plena Noite";"Crescente";"Céu Claro";"Dupla";"Reta";"Sim";3;0;1;0;1;1;1;3;-23,86213995;-46,94718508;"SPRF-SP";"DEL04-SP";"UOP01-DEL04-SP"
354833;2021-04-30;"sexta-feira";"21:20:00";"SC";470;111;"APIUNA";"Condutor deixou de manter distância do veículo da frente";"Colisão traseira";"Com Vítimas Feridas";"Plena Noite";"Crescente";"Céu Claro";"Simples";"Reta";"Não";3;0;1;0;1;1;1;3;-27,095388;-49,457878;"SPRF-SC";"DEL04-SC";"UOP02-DEL04-SC"
354844;2021-04-30;"sexta-feira";"17:30:00";"SC";282;502,6;"XANXERE";"Desrespeitar a preferência no cruzamento";"Colisão transversal";"Com Vítimas Feridas";"Pleno dia";"Decrescente";"Sol";"Simples";"Retorno Regulamentado";"Sim";3;0;0;1;2;0;1;2;-26,884584;-52,390911;"SPRF-SC";"DEL07-SC";"UOP01-DEL07-SC"
354848;2021-04-30;"sexta-feira";"19:40:00";"MG";251;449,7;"GRAO MOGOL";"Velocidade Incompatível";"Saída de leito carroçável";"Com Vítimas Feridas";"Plena Noite";"Decrescente";"Céu Claro";"Simples";"Curva";"Não";2;0;0;1;0;1;1;2;-16,420528;-43,28967;"SPRF-MG";"DEL12-MG";"UOP01-DEL12-MG"
354852;2021-04-30;"sexta-feira";"18:50:00";"RS";392;229,8;"CACAPAVA DO SUL";"Transitar no acostamento";"Colisão traseira";"Sem Vítimas";"Plena Noite";"Crescente";"Céu Claro";"Simples";"Reta";"Não";3;0;0;0;2;1;0;3;-30,67025109;-53,27519308;"SPRF-RS";"DEL09-RS";"UOP02-DEL09-RS"
354854;2021-04-30;"sexta-feira";"23:00:00";"RS";290;90,4;"PORTO ALEGRE";"Manobra de mudança de faixa";"Colisão lateral mesmo sentido";"Com Vítimas Feridas";"Plena Noite";"Decrescente";"Céu Claro";"Dupla";"Reta";"Sim";4;0;0;4;0;0;4;2;-29,968319;-51,157398;"SPRF-RS";"DEL01-RS";"UOP01-DEL01-RS"
354860;2021-04-30;"sexta-feira";"23:15:00";"MG";40;608,1;"CONGONHAS";"Retorno proibido";"Colisão transversal";"Sem Vítimas";"Plena Noite";"Crescente";"Céu Claro";"Simples";"Reta";"Não";6;0;0;0;5;1;0;3;-20,48823058;-43,83746624;"SPRF-MG";"DEL05-MG";"UOP02-DEL05-MG"
354868;2021-04-30;"sexta-feira";"20:40:00";"MG";40;182,9;"JOAO PINHEIRO";"Velocidade Incompatível";"Colisão traseira";"Com Vítimas Feridas";"Plena Noite";"Crescente";"Céu Claro";"Simples";"Reta";"Não";8;0;3;2;2;1;5;3;-17,9807762;-45,96629722;"SPRF-MG";"DEL14-MG";"UOP02-DEL14-MG"
354877;2021-05-01;"sábado";"04:00:00";"PR";277;364;"GUARAPUAVA";"Manobra de mudança de faixa";"Colisão frontal";"Com Vítimas Fatais";"Amanhecer";"Crescente";"Céu Claro";"Simples";"Reta";"Não";4;1;0;0;2;2;0;5;-25,42841209;-51,59872796;"SPRF-PR";"DEL08-PR";"UOP01-DEL08-PR"
354880;2021-05-01;"sábado";"05:50:00";"MG";262;893;"CAMPO FLORIDO";"Deficiência do Sistema de Iluminação/Sinalização";"Colisão traseira";"Com Vítimas Feridas";"Amanhecer";"Decrescente";"Céu Claro";"Simples";"Aclive";"Não";3;0;1;0;1;3;1;5;-19,76694276;-48,58091387;"SPRF-MG";"DEL13-MG";"UOP02-DEL13-MG"
354883;2021-05-01;"sábado";"05:30:00";"GO";158;232;"JATAI";"Transitar na contramão";"Colisão frontal";"Com Vítimas Feridas";"Pleno dia";"Decrescente";"Céu Claro";"Simples";"Reta";"Não";4;0;0;2;1;1;2;3;-17,58079;-51,87325;"SPRF-GO";"DEL05-GO";"UOP01-DEL05-GO"
354888;2021-05-01;"sábado";"05:22:00";"SC";101;350,8;"JAGUARUNA";"Condutor Dormindo";"Saída de leito carroçável";"Com Vítimas Feridas";"Amanhecer";"Decrescente";"Céu Claro";"Múltipla";"Declive;Reta";"Sim";2;0;1;0;0;1;1;2;-28,58988203;-49,04517307;"SPRF-SC";"DEL02-SC";"UOP01-DEL02-SC"
354889;2021-05-01;"sábado";"06:05:00";"CE";116;508;"BREJO SANTO";"Pista esburacada";"Tombamento";"Com Vítimas Feridas";"Amanhecer";"Decrescente";"Nublado";"Simples";"Interseção de Vias;Reta";"Sim";2;0;1;0;0;2;1;3;-7,535679;-39,006358;"SPRF-CE";"DEL05-CE";"UOP03-DEL05-CE"
354897;2021-05-01;"sábado";"02:55:00";"RJ";40;32;"TRES RIOS";"Condutor Dormindo";"Colisão com objeto";"Com Vítimas Feridas";"Plena Noite";"Decrescente";"Céu Claro";"Dupla";"Curva";"Não";2;0;1;0;0;1;1;2;-22,19935287;-43,15764401;"SPRF-RJ";"DEL05-RJ";"UOP02-DEL05-RJ"
354899;2021-02-03;"quarta-feira";"20:20:00";"SP";153;70,6;"SAO JOSE DO RIO PRETO";"Manobra de mudança de faixa";"Colisão lateral";"Com Vítimas Feridas";"Plena Noite";"Decrescente";"Nublado";"Dupla";"Reta";"Sim";3;0;1;0;1;1;1;3;-20,8580187;-49,40666241;"SPRF-SP";"DEL09-SP";"UOP01-DEL09-SP"
354906;2021-05-01;"sábado";"08:45:00";"SC";101;126;"BALNEARIO CAMBORIU";"Reação tardia ou ineficiente do condutor";"Colisão lateral mesmo sentido";"Sem Vítimas";"Pleno dia";"Crescente";"Nublado";"Dupla";"Reta";"Não";3;0;0;0;2;1;0;3;-26,95564404;-48,67978366;"SPRF-SC";"DEL04-SC";"UOP04-DEL04-SC"
354925;2021-04-28;"quarta-feira";"03:40:00";"AL";101;191;"JUNQUEIRO";"Ausência de sinalização";"Tombamento";"Com Vítimas Feridas";"Plena Noite";"Decrescente";"Céu Claro";"Simples";"Curva";"Não";2;0;1;0;0;1;1;2;-9,93330214;-36,47155881;"SPRF-AL";"DEL02-AL";"UOP02-DEL02-AL"
354930;2021-05-01;"sábado";"09:30:00";"PA";155;342;"MARABA";"Condutor deixou de manter distância do veículo da frente";"Colisão traseira";"Sem Vítimas";"Pleno dia";"Decrescente";"Nublado";"Simples";"Curva";"Sim";3;0;0;0;3;0;0;2;-5,396032;-49,077478;"SPRF-PA";"DEL03-PA";"UOP01-DEL03-PA"
354941;2021-05-01;"sábado";"13:19:00";"TO";153;116,5;"WANDERLANDIA";"Reação tardia ou ineficiente do condutor";"Eventos atípicos";"Com Vítimas Feridas";"Pleno dia";"Decrescente";"Sol";"Simples";"Aclive";"Não";5;0;1;0;2;4;1;6;-7,00287492;-48,09810744;"SPRF-TO";"DEL02-TO";"UOP01-DEL02-TO"
354942;2021-05-01;"sábado";"08:40:00";"PA";222;108,3;"RONDON DO PARA";"Acessar a via sem observar a presença dos outros veículos";"Colisão lateral mesmo sentido";"Com Vítimas Feridas";"Pleno dia";"Crescente";"Sol";"Dupla";"Reta";"Sim";7;0;3;1;2;1;4;3;-4,7802779;-48,08956146;"SPRF-PA";"DEL02-PA";"UOP02-DEL02-PA"
354964;2021-05-01;"sábado";"14:25:00";"RS";290;262;"CACHOEIRA DO SUL";"Desrespeitar a preferência no cruzamento";"Colisão transversal";"Com Vítimas Feridas";"Pleno dia";"Decrescente";"Sol";"Simples";"Interseção de Vias";"Não";3;0;1;0;1;1;1;3;-30,26499796;-52,85282135;"SPRF-RS";"DEL02-RS";"UOP03-DEL02-RS"
354967;2021-05-01;"sábado";"15:15:00";"PR";116;43;"CAMPINA GRANDE DO SUL";"Manobra de mudança de faixa";"Colisão lateral mesmo sentido";"Com Vítimas Feridas";"Pleno dia";"Crescente";"Nublado";"Simples";"Reta";"Não";2;0;1;0;1;0;1;2;-25,18184609;-48,88272654;"SPRF-PR";"DEL01-PR";"UOP02-DEL01-PR"
354968;2021-05-01;"sábado";"16:25:00";"RJ";116;237,6;"PIRAI";"Velocidade Incompatível";"Colisão traseira";"Com Vítimas Fatais";"Pleno dia";"Crescente";"Céu Claro";"Dupla";"Curva";"Não";3;1;0;0;1;2;0;4;-22,6648253;-43,8735;"SPRF-RJ";"DEL07-RJ";"UOP01-DEL07-RJ"
354972;2021-04-17;"sábado";"14:50:00";"RS";392;14,5;"RIO GRANDE";"Reação tardia ou ineficiente do condutor";"Colisão traseira";"Com Vítimas Feridas";"Pleno dia";"Decrescente";"Céu Claro";"Dupla";"Ponte";"Não";3;0;0;1;1;1;1;3;-32,11915816;-52,15522135;"SPRF-RS";"DEL07-RS";"UOP02-DEL07-RS"
354976;2021-05-01;"sábado";"14:20:00";"SC";280;131;"RIO NEGRINHO";"Curva acentuada";"Colisão com objeto";"Sem Vítimas";"Pleno dia";"Crescente";"Céu Claro";"Simples";"Rotatória";"Sim";2;0;0;0;1;2;0;3;-26,26808433;-49,55406368;"SPRF-SC";"DEL06-SC";"UOP03-DEL06-SC"
354977;2021-05-01;"sábado";"16:40:00";"SC";282;136,4;"BOM RETIRO";"Reação tardia ou ineficiente do condutor";"Colisão traseira";"Com Vítimas Feridas";"Pleno dia";"Decrescente";"Céu Claro";"Simples";"Reta";"Não";4;0;2;0;2;0;2;2;-27,817894;-49,558086;"SPRF-SC";"DEL05-SC";"UOP01-DEL05-SC"
355009;2021-05-01;"sábado";"18:25:00";"SC";101;99,8;"BALNEARIO PICARRAS";"Pedestre andava na pista";"Atropelamento de Pedestre";"Com Vítimas Fatais";"Plena Noite";"Decrescente";"Nublado";"Dupla";"Reta";"Não";4;1;0;0;2;1;0;4;-26,752696;-48,69108;"SPRF-SC";"DEL03-SC";"UOP02-DEL03-SC"
355010;2021-05-01;"sábado";"17:54:00";"MS";158;22;"CASSILANDIA";"Demais falhas mecânicas ou elétricas";"Colisão com objeto";"Com Vítimas Fatais";"Plena Noite";"Decrescente";"Garoa/Chuvisco";"Simples";"Reta";"Não";3;1;0;0;1;1;0;3;-19,19375304;-51,56993802;"SPRF-MS";"DEL08-MS";"UOP01-DEL08-MS"
355038;2021-05-01;"sábado";"17:20:00";"GO";153;138;"MARA ROSA";"Reação tardia ou ineficiente do condutor";"Colisão traseira";"Com Vítimas Feridas";"Anoitecer";"Crescente";"Céu Claro";"Simples";"Aclive";"Não";4;0;1;0;1;3;1;5;-13,976104;-49,090424;"SPRF-GO";"DEL07-GO";"UOP01-DEL07-GO"
355044;2021-05-01;"sábado";"21:00:00";"TO";153;651,2;"GURUPI";"Ultrapassagem Indevida";"Colisão lateral sentido oposto";"Com Vítimas Feridas";"Plena Noite";"Decrescente";"Céu Claro";"Simples";"Declive";"Não";3;0;0;1;0;2;1;3;-11,544018;-49,021395;"SPRF-TO";"DEL01-TO";"UOP02-DEL01-TO"
355053;2021-05-01;"sábado";"09:10:00";"PI";135;142;"BERTOLINIA";"Demais falhas mecânicas ou elétricas";"Capotamento";"Sem Vítimas";"Pleno dia";"Crescente";"Céu Claro";"Simples";"Reta";"Não";2;0;0;0;1;2;0;3;-7,75814825;-43,86256834;"SPRF-PI";"DEL03-PI";"UOP01-DEL03-PI"
355074;2021-05-01;"sábado";"19:25:00";"MG";381;686,5;"LAVRAS";"Manobra de mudança de faixa";"Colisão lateral mesmo sentido";"Sem Vítimas";"Plena Noite";"Decrescente";"Céu Claro";"Dupla";"Curva";"Não";3;0;0;0;2;1;0;3;-21,17729563;-45,12463769;"SPRF-MG";"DEL04-MG";"UOP02-DEL04-MG"
355086;2021-05-01;"sábado";"17:05:00";"MT";174;126,2;"MIRASSOL DOESTE";"Ultrapassagem Indevida";"Colisão frontal";"Com Vítimas Fatais";"Anoitecer";"Crescente";"Céu Claro";"Simples";"Reta";"Não";3;1;1;0;1;0;1;2;-15,82493384;-58,09675694;"SPRF-MT";"DEL03-MT";"UOP01-DEL03-MT"