"id";"data_inversa";"dia_semana";"horario";"uf";"br";"km";"municipio";"causa_acidente";"tipo_acidente";"classificacao_acidente";"fase_dia";"sentido_via";"condicao_metereologica";"tipo_pista";"tracado_via";"uso_solo";"pessoas";"mortos";"feridos_leves";"feridos_graves";"ilesos";"ignorados";"feridos";"veiculos";"latitude";"longitude";"regional";"delegacia";"uop"
355090;2021-05-01;"sábado";"19:40:00";"MG";116;315,7;"ITAMBACURI";"Ingestão de álcool pelo condutor";"Colisão lateral sentido oposto";"Sem Vítimas";"Plena Noite";"Decrescente";"Ignorado";"Simples";"Reta";"Não";2;0;0;0;2;0;0;2;-18,11098206;-41,69239281;"SPRF-MG";"DEL11-MG";"UOP01-DEL11-MG"
355091;2021-05-01;"sábado";"19:40:00";"MG";116;333;"CAMPANARIO";"Ultrapassagem Indevida";"Colisão frontal";"Com Vítimas Feridas";"Plena Noite";"Crescente";"Céu Claro";"Simples";"Reta";"Não";2;0;0;1;1;0;1;2;-18,2623162;-41,737248;"SPRF-MG";"DEL11-MG";"UOP01-DEL11-MG"
355094;2021-05-01;"sábado";"23:50:00";"MG";40;441,9;"PARAOPEBA";"Animais na Pista";"Atropelamento de Animal";"Com Vítimas Feridas";"Plena Noite";"Crescente";"Nublado";"Dupla";"Reta";"Não";1;0;1;0;0;0;1;1;-19,274313;-44,418946;"SPRF-MG";"DEL02-MG";"UOP01-DEL02-MG"
355106;2021-05-02;"domingo";"02:20:00";"MG";365;139,9;"VARZEA DA PALMA";"Reação tardia ou ineficiente do condutor";"Tombamento";"Com Vítimas Feridas";"Amanhecer";"Crescente";"Céu Claro";"Simples";"Curva";"Não";2;0;0;1;0;1;1;2;-17,20873266;-44,81540123;"SPRF-MG";"DEL12-MG";"UOP01-DEL12-MG"
355116;2021-05-01;"sábado";"18:50:00";"BA";101;191;"CACHOEIRA";"Manobra de mudança de faixa";"Colisão frontal";"Com Vítimas Feridas";"Anoitecer";"Crescente";"Chuva";"Simples";"Curva";"Sim";2;0;1;1;0;0;2;2;-12,59676106;-38,99611595;"SPRF-BA";"DEL01-BA";"UOP03-DEL01-BA"
355123;2021-05-02;"domingo";"06:00:00";"RO";364;193;"PIMENTA BUENO";"Ingestão de álcool pelo condutor";"Colisão transversal";"Com Vítimas Feridas";"Amanhecer";"Crescente";"Céu Claro";"Simples";"Reta";"Sim";4;0;0;1;1;3;1;5;-11,70628176;-61,16485082;"SPRF-RO";"DEL02-RO";"UOP02-DEL02-RO"
355126;2021-05-02;"domingo";"02:45:00";"PE";423;172,3;"AGUAS BELAS";"Acumulo de água sobre o pavimento";"Colisão lateral mesmo sentido";"Sem Vítimas";"Plena Noite";"Crescente";"Garoa/Chuvisco";"Simples";"Reta";"Não";2;0;0;0;2;0;0;2;-9,12811042;-37,06924697;"SPRF-AL";"DEL03-AL";"UOP02-DEL03-AL"
355131;2021-05-02;"domingo";"07:30:00";"RS";472;114,6;"BOA VISTA DO BURICA";"Velocidade Incompatível";"Tombamento";"Com Vítimas Feridas";"Pleno dia";"Crescente";"Céu Claro";"Simples";"Rotatória";"Sim";3;0;1;0;2;0;1;2;-27,67357092;-54,10823464;"SPRF-RS";"DEL10-RS";"UOP01-DEL10-RS"
355132;2021-04-28;"quarta-feira";"17:40:00";"AL";101;190;"JUNQUEIRO";"Ultrapassagem Indevida";"Colisão frontal";"Sem Vítimas";"Anoitecer";"Decrescente";"Nublado";"Dupla";"Aclive";"Sim";4;0;0;0;3;2;0;4;-9,92193619;-36,47103131;"SPRF-AL";"DEL02-AL";"UOP02-DEL02-AL"
355147;2021-05-02;"domingo";"07:48:00";"MT";163;953;"NOVA SANTA HELENA";"Reação tardia ou ineficiente do condutor";"Saída de leito carroçável";"Sem Vítimas";"Pleno dia";"Crescente";"Céu Claro";"Simples";"Declive";"Não";1;0;0;0;1;0;0;1;-10,870655;-55,196126;"SPRF-MT";"DEL06-MT";"NPF/DEL06-MT"
355148;2021-05-02;"domingo";"07:30:00";"ES";262;87,9;"DOMINGOS MARTINS";"Manobra de mudança de faixa";"Tombamento";"Com Vítimas Feridas";"Pleno dia";"Crescente";"Nublado";"Simples";"Curva";"Não";3;0;1;0;1;1;1;2;-20,39409905;-41,00077621;"SPRF-ES";"DEL01-ES";"UOP02-DEL01-ES"
355149;2021-03-27;"sábado";"17:30:00";"MT";0;0;"CACERES";"Reação tardia ou ineficiente do condutor";"Colisão traseira";"Sem Vítimas";"Pleno dia";"Não Informado";"Céu Claro";"Dupla";"Reta";"Sim";2;0;0;0;1;1;0;2;-16,0818013;-57,68146742;"SPRF-MT";"DEL03-MT";"UOP01-DEL03-MT"
355150;2021-05-02;"domingo";"10:00:00";"MG";251;328,4;"FRUTA DE LEITE";"Carga excessiva e/ou mal acondicionada";"Tombamento";"Com Vítimas Feridas";"Pleno dia";"Crescente";"Nublado";"Simples";"Reta";"Não";3;0;1;0;1;1;1;3;-16,25361768;-42,40072003;"SPRF-MG";"DEL12-MG";"UOP01-DEL12-MG"
355163;2021-05-02;"domingo";"11:45:00";"SC";470;341,3;"CAMPOS NOVOS";"Carga excessiva e/ou mal acondicionada";"Derramamento de carga";"Sem Vítimas";"Pleno dia";"Crescente";"Sol";"Simples";"Reta";"Não";2;0;0;0;1;1;0;2;-27,527861;-51,380497;"SPRF-SC";"DEL07-SC";"UOP06-DEL07-SC"
355166;2021-02-11;"quinta-feira";"22:25:00";"RS";116;258;"ESTEIO";"Estacionar ou parar em local proibido";"Colisão traseira";"Sem Vítimas";"Plena Noite";"Crescente";"Nublado";"Múltipla";"Reta";"Não";2;0;0;0;1;1;0;2;-29,86150502;-51,18091535;"SPRF-RS";"DEL01-RS";"UOP02-DEL01-RS"
355169;2021-05-02;"domingo";"12:10:00";"BA";116;248;"QUIJINGUE";"Ingestão de álcool pelo condutor";"Tombamento";"Sem Vítimas";"Pleno dia";"Crescente";"Nublado";"Simples";"Reta";"Não";1;0;0;0;1;0;0;1;-10,75939591;-38,90206181;"SPRF-BA";"DEL07-BA";"UOP02-DEL07-BA"
355171;2021-05-02;"domingo";"12:40:00";"ES";262;69,5;"MARECHAL FLORIANO";"Velocidade Incompatível";"Saída de leito carroçável";"Sem Vítimas";"Pleno dia";"Decrescente";"Chuva";"Simples";"Curva";"Não";2;0;0;0;1;1;0;2;-20,41226608;-40,85971695;"SPRF-ES";"DEL01-ES";"UOP02-DEL01-ES"
355176;2021-05-02;"domingo";"14:00:00";"MG";116;2,2;"DIVISA ALEGRE";"Ingestão de substâncias psicoativas pelo condutor";"Colisão transversal";"Com Vítimas Feridas";"Pleno dia";"Decrescente";"Céu Claro";"Simples";"Reta";"Sim";2;0;1;0;1;0;1;2;-15,71937458;-41,3411665;"SPRF-BA";"DEL08-BA";"UOP03-DEL08-BA"
355179;2021-05-02;"domingo";"14:00:00";"GO";364;91;"CACHOEIRA ALTA";"Demais falhas mecânicas ou elétricas";"Eventos atípicos";"Com Vítimas Feridas";"Pleno dia";"Crescente";"Céu Claro";"Simples";"Declive;Reta";"Não";2;0;0;1;0;1;1;2;-18,49239;-51,074486;"SPRF-GO";"DEL05-GO";"UOP02-DEL05-GO"
355180;2021-05-02;"domingo";"13:20:00";"BA";116;670;"JEQUIE";"Ausência de sinalização";"Colisão transversal";"Com Vítimas Feridas";"Pleno dia";"Decrescente";"Céu Claro";"Simples";"Curva";"Não";2;0;0;1;1;0;1;2;-13,78272786;-40,10685828;"SPRF-BA";"DEL03-BA";"UOP01-DEL03-BA"
355181;2021-05-02;"domingo";"11:00:00";"SC";101;264;"GAROPABA";"Acessar a via sem observar a presença dos outros veículos";"Colisão lateral mesmo sentido";"Com Vítimas Feridas";"Pleno dia";"Crescente";"Céu Claro";"Dupla";"Viaduto";"Não";5;0;1;1;2;2;2;4;-28,05149404;-48,71632789;"SPRF-SC";"DEL02-SC";"UOP03-DEL02-SC"
355183;2021-04-21;"quarta-feira";"14:05:00";"MS";262;145,6;"AGUA CLARA";"Velocidade Incompatível";"Capotamento";"Sem Vítimas";"Pleno dia";"Crescente";"Céu Claro";"Simples";"Reta";"Não";3;0;0;0;1;2;0;3;-20,44291645;-52,89089596;"SPRF-MS";"DEL07-MS";"UOP02-DEL07-MS"
355207;2021-05-02;"domingo";"13:00:00";"MG";251;465,3;"GRAO MOGOL";"Velocidade Incompatível";"Colisão com objeto";"Sem Vítimas";"Pleno dia";"Crescente";"Sol";"Simples";"Curva;Declive";"Não";3;0;0;0;2;3;0;5;-16,44240339;-43,39762688;"SPRF-MG";"DEL12-MG";"UOP01-DEL12-MG"
355210;2021-05-02;"domingo";"16:00:00";"BA";242;189;"ITABERABA";"Pista esburacada";"Colisão traseira";"Com Vítimas Feridas";"Pleno dia";"Decrescente";"Céu Claro";"Simples";"Reta";"Não";4;0;0;1;2;6;1;9;-12,5199;-39,9595;"SPRF-BA";"DEL06-BA";"UOP02-DEL06-BA"
355214;2021-05-02;"domingo";"16:30:00";"PE";428;70,1;"SANTA MARIA DA BOA VISTA";"Velocidade Incompatível";"Capotamento";"Com Vítimas Feridas";"Pleno dia";"Crescente";"Céu Claro";"Simples";"Curva";"Não";2;0;2;0;0;0;2;1;-8,6904;-39,76666;"SPRF-PE";"DEL06-PE";"UOP03-DEL06-PE"
355218;2021-05-02;"domingo";"16:20:00";"RO";364;688;"CANDEIAS DO JAMARI";"Demais falhas mecânicas ou elétricas";"Colisão com objeto";"Sem Vítimas";"Pleno dia";"Crescente";"Céu Claro";"Simples";"Reta";"Não";3;0;0;0;1;4;0;5;-8,79333792;-63,65996601;"SPRF-RO";"DEL01-RO";"UOP01-DEL01-RO"
355220;2021-05-02;"domingo";"17:30:00";"PR";476;316,1;"PAULO FRONTIN";"Transitar na contramão";"Colisão frontal";"Com Vítimas Fatais";"Anoitecer";"Crescente";"Céu Claro";"Simples";"Aclive";"Não";3;1;0;0;1;1;0;3;-26,041317;-50,703175;"SPRF-PR";"DEL02-PR";"UOP04-DEL02-PR"
355222;2021-05-02;"domingo";"18:40:00";"CE";222;192,5;"FORQUILHA";"Ingestão de álcool pelo condutor";"Tombamento";"Sem Vítimas";"Plena Noite";"Decrescente";"Chuva";"Simples";"Reta";"Não";1;0;0;0;1;0;0;1;-3,79932;-40,14416;"SPRF-CE";"DEL04-CE";"UOP01-DEL04-CE"
355223;2021-05-02;"domingo";"14:50:00";"MA";10;327;"ACAILANDIA";"Reação tardia ou ineficiente do condutor";"Colisão lateral sentido oposto";"Com Vítimas Feridas";"Pleno dia";"Decrescente";"Céu Claro";"Simples";"Reta";"Não";2;0;0;1;0;1;1;2;-4,890294;-47,51078;"SPRF-MA";"DEL04-MA";"UOP03-DEL04-MA"
355243;2021-05-02;"domingo";"19:05:00";"PR";277;348;"GUARAPUAVA";"Transitar na contramão";"Colisão frontal";"Com Vítimas Feridas";"Plena Noite";"Decrescente";"Nublado";"Simples";"Reta";"Sim";2;0;1;0;1;0;1;2;-25,382521;-51,510981;"SPRF-PR";"DEL08-PR";"UOP01-DEL08-PR"
355247;2021-05-02;"domingo";"19:30:00";"PE";232;211,1;"PESQUEIRA";"Chuva";"Colisão frontal";"Com Vítimas Fatais";"Plena Noite";"Decrescente";"Garoa/Chuvisco";"Simples";"Reta";"Sim";3;1;0;0;1;2;0;4;-8,36899532;-36,70578682;"SPRF-PE";"DEL03-PE";"UOP02-DEL03-PE"
355251;2021-05-02;"domingo";"20:00:00";"PR";116;152;"MANDIRITUBA";"Ausência de reação do condutor";"Colisão traseira";"Com Vítimas Feridas";"Plena Noite";"Crescente";"Céu Claro";"Simples";"Interseção de Vias";"Sim";4;0;1;0;3;0;1;3;-25,83236296;-49,33609707;"SPRF-PR";"DEL01-PR";"UOP03-DEL01-PR"
355255;2021-05-02;"domingo";"16:15:00";"RS";290;305,7;"CACAPAVA DO SUL";"Afundamento ou ondulação no pavimento";"Saída de leito carroçável";"Com Vítimas Feridas";"Pleno dia";"Crescente";"Sol";"Simples";"Reta";"Não";5;0;1;1;2;1;2;3;-30,328127;-53,258999;"SPRF-RS";"DEL09-RS";"UOP02-DEL09-RS"
355256;2021-05-02;"domingo";"20:45:00";"RS";285;430,2;"PEJUCARA";"Ausência de reação do condutor";"Colisão com objeto";"Com Vítimas Feridas";"Plena Noite";"Crescente";"Nublado";"Simples";"Ponte";"Não";2;0;1;0;0;1;1;2;-28,324062;-53,647778;"SPRF-RS";"DEL10-RS";"UOP01-DEL10-RS"
355257;2021-05-02;"domingo";"19:20:00";"MG";381;908,2;"CAMBUI";"Condutor Dormindo";"Tombamento";"Sem Vítimas";"Plena Noite";"Crescente";"Céu Claro";"Múltipla";"Reta";"Não";2;0;0;0;1;1;0;2;-22,70018792;-46,11545563;"SPRF-MG";"DEL16-MG";"UOP03-DEL16-MG"
355267;2021-05-02;"domingo";"18:40:00";"RR";174;444;"MUCAJAI";"Ingestão de álcool pelo condutor";"Saída de leito carroçável";"Sem Vítimas";"Anoitecer";"Crescente";"Chuva";"Simples";"Reta";"Não";2;0;0;0;1;2;0;3;2,404669;-60,918839;"SPRF-RR";"DEL01-RR";"UOP01-DEL01-RR"
355277;2021-05-02;"domingo";"08:00:00";"MG";262;87;"ABRE CAMPO";"Acessar a via sem observar a presença dos outros veículos";"Colisão transversal";"Com Vítimas Feridas";"Plena Noite";"Crescente";"Céu Claro";"Simples";"Reta";"Não";3;0;0;1;1;1;1;3;-20,333214;-42,437654;"SPRF-MG";"DEL03-MG";"UOP03-DEL03-MG"
355283;2021-05-02;"domingo";"21:50:00";"PE";232;274,9;"SERTANIA";"Velocidade Incompatível";"Capotamento";"Com Vítimas Fatais";"Plena Noite";"Crescente";"Chuva";"Simples";"Curva";"Não";2;2;0;0;0;0;0;1;-8,38396122;-37,24935312;"SPRF-PE";"DEL03-PE";"UOP02-DEL03-PE"
355292;2021-05-02;"domingo";"23:30:00";"PR";373;233,5;"IMBITUVA";"Ingestão de álcool pelo condutor";"Colisão frontal";"Com Vítimas Feridas";"Plena Noite";"Decrescente";"Céu Claro";"Simples";"Reta";"Não";3;0;0;1;1;1;1;3;-25,18288258;-50,67781009;"SPRF-PR";"DEL03-PR";"UOP04-DEL03-PR"
355296;2021-05-02;"domingo";"23:00:00";"SC";101;337,6;"TUBARAO";"Reação tardia ou ineficiente do condutor";"Colisão traseira";"Com Vítimas Feridas";"Plena Noite";"Decrescente";"Céu Claro";"Múltipla";"Curva;Viaduto;Aclive";"Sim";4;0;3;0;1;0;3;2;-28,47801624;-49,03246283;"SPRF-SC";"DEL02-SC";"UOP01-DEL02-SC"
355297;2021-05-02;"domingo";"23:24:00";"SP";116;285;"ITAPECERICA DA SERRA";"Pedestre andava na pista";"Atropelamento de Pedestre";"Com Vítimas Fatais";"Plena Noite";"Decrescente";"Céu Claro";"Dupla";"Reta";"Sim";2;1;0;0;1;0;0;2;-23,70407794;-46,87249709;"SPRF-SP";"DEL04-SP";"UOP01-DEL04-SP"
355299;2021-05-03;"segunda-feira";"00:39:00";"SC";470;59;"BLUMENAU";"Condutor Dormindo";"Colisão frontal";"Com Vítimas Feridas";"Plena Noite";"Crescente";"Céu Claro";"Simples";"Reta";"Não";2;0;1;0;1;0;1;2;-26,882812;-49,1548;"SPRF-SC";"DEL04-SC";"UOP01-DEL04-SC"
355304;2021-05-03;"segunda-feira";"02:30:00";"TO";153;419,5;"MIRANORTE";"Problema com o freio";"Incêndio";"Sem Vítimas";"Plena Noite";"Crescente";"Nublado";"Simples";"Curva";"Não";2;0;0;0;1;1;0;2;-9,57146104;-48,61449595;"SPRF-TO";"DEL01-TO";"UOP01-DEL01-TO"
355306;2021-05-02;"domingo";"18:30:00";"SC";158;135;"PALMITOS";"Velocidade Incompatível";"Colisão lateral sentido oposto";"Sem Vítimas";"Anoitecer";"Decrescente";"Céu Claro";"Simples";"Aclive;Curva";"Não";3;0;0;0;1;2;0;3;-27,15890603;-53,21953297;"SPRF-SC";"DEL07-SC";"UOP02-DEL07-SC"
355309;2021-05-03;"segunda-feira";"05:10:00";"CE";222;161;"IRAUCUBA";"Avarias e/ou desgaste excessivo no pneu";"Capotamento";"Sem Vítimas";"Pleno dia";"Crescente";"Nublado";"Simples";"Reta";"Não";2;0;0;0;2;0;0;1;-3,73794175;-39,88547224;"SPRF-CE";"DEL04-CE";"UOP03-DEL04-CE"
355316;2021-05-03;"segunda-feira";"07:45:00";"PE";407;125,6;"PETROLINA";"Manobra de mudança de faixa";"Colisão lateral mesmo sentido";"Com Vítimas Feridas";"Pleno dia";"Crescente";"Céu Claro";"Dupla";"Retorno Regulamentado";"Não";2;0;0;1;1;0;1;2;-9,37739336;-40,53595733;"SPRF-PE";"DEL06-PE";"UOP01-DEL06-PE"
355325;2021-05-03;"segunda-feira";"06:35:00";"PR";277;234,9;"IRATI";"Condutor Dormindo";"Colisão frontal";"Com Vítimas Feridas";"Amanhecer";"Decrescente";"Céu Claro";"Simples";"Aclive";"Não";3;0;1;1;0;1;2;3;-25,4652;-50,583061;"SPRF-PR";"DEL03-PR";"UOP03-DEL03-PR"
355328;2021-04-24;"sábado";"05:00:00";"MS";262;345,5;"CAMPO GRANDE";"Acessar a via sem observar a presença dos outros veículos";"Colisão transversal";"Com Vítimas Feridas";"Amanhecer";"Crescente";"Céu Claro";"Simples";"Reta";"Não";8;0;3;1;2;2;4;5;-20,57325154;-54,59501266;"SPRF-MS";"DEL01-MS";"UOP03-DEL01-MS"
355341;2021-05-03;"segunda-feira";"09:00:00";"SC";101;205,9;"SAO JOSE";"Manobra de mudança de faixa";"Colisão traseira";"Com Vítimas Feridas";"Pleno dia";"Decrescente";"Céu Claro";"Múltipla";"Reta";"Sim";3;0;1;1;0;1;2;2;-27,58313237;-48,61532885;"SPRF-SC";"DEL01-SC";"UOP01-DEL01-SC"
355344;2021-05-03;"segunda-feira";"07:40:00";"MG";40;525,8;"CONTAGEM";"Acessar a via sem observar a presença dos outros veículos";"Colisão transversal";"Com Vítimas Feridas";"Pleno dia";"Crescente";"Céu Claro";"Dupla";"Interseção de Vias";"Sim";3;0;1;0;1;1;1;2;-19,88361702;-44,05039336;"SPRF-MG";"DEL01-MG";"UOP02-DEL01-MG"
355346;2021-05-03;"segunda-feira";"09:15:00";"BA";324;565;"SAO SEBASTIAO DO PASSE";"Acumulo de água sobre o pavimento";"Saída de leito carroçável";"Com Vítimas Feridas";"Pleno dia";"Decrescente";"Chuva";"Dupla";"Reta";"Não";1;0;1;0;0;0;1;1;-12,51921908;-38,61760506;"SPRF-BA";"DEL01-BA";"UOP01-DEL01-BA"
355348;2021-05-03;"segunda-feira";"09:10:00";"CE";20;404;"CAUCAIA";"Acessar a via sem observar a presença dos outros veículos";"Colisão transversal";"Com Vítimas Feridas";"Pleno dia";"Decrescente";"Chuva";"Simples";"Reta";"Não";2;0;1;0;1;0;1;2;-3,77821762;-38,68607924;"SPRF-CE";"DEL01-CE";"UOP01-DEL01-CE"
355350;2021-05-03;"segunda-feira";"09:20:00";"MG";40;517;"RIBEIRAO DAS NEVES";"Retorno proibido";"Queda de ocupante de veículo";"Com Vítimas Feridas";"Pleno dia";"Crescente";"Céu Claro";"Dupla";"Reta";"Sim";7;0;3;0;2;2;3;5;-19,82898906;-44,08366849;"SPRF-MG";"DEL01-MG";"UOP02-DEL01-MG"
355359;2021-02-04;"quinta-feira";"20:20:00";"SP";116;283,9;"EMBU DAS ARTES";"Reação tardia ou ineficiente do condutor";"Colisão com objeto";"Com Vítimas Feridas";"Plena Noite";"Crescente";"Céu Claro";"Dupla";"Reta";"Sim";3;0;0;1;1;1;1;3;-23,69297005;-46,86352786;"SPRF-SP";"DEL04-SP";"UOP01-DEL04-SP"
355362;2021-05-03;"segunda-feira";"10:50:00";"CE";222;20;"CAUCAIA";"Carga excessiva e/ou mal acondicionada";"Tombamento";"Com Vítimas Feridas";"Pleno dia";"Crescente";"Céu Claro";"Simples";"Rotatória";"Não";1;0;1;0;0;0;1;1;-3,7411838;-38,7350389;"SPRF-CE";"DEL01-CE";"UOP01-DEL01-CE"
355364;2021-05-03;"segunda-feira";"12:20:00";"SC";101;208;"SAO JOSE";"Falta de acostamento";"Colisão traseira";"Com Vítimas Feridas";"Pleno dia";"Decrescente";"Sol";"Múltipla";"Reta";"Não";2;0;1;0;1;0;1;2;-27,60327979;-48,63201818;"SPRF-SC";"DEL01-SC";"UOP01-DEL01-SC"
355366;2021-05-03;"segunda-feira";"12:35:00";"MG";40;572;"ITABIRITO";"Ausência de reação do condutor";"Tombamento";"Com Vítimas Feridas";"Pleno dia";"Decrescente";"Céu Claro";"Simples";"Reta";"Sim";1;0;1;0;0;0;1;1;-20,23058501;-43,96905104;"SPRF-MG";"DEL01-MG";"UOP02-DEL01-MG"
355369;2021-04-20;"terça-feira";"04:15:00";"MS";262;464;"ANASTACIO";"Condutor Dormindo";"Tombamento";"Com Vítimas Feridas";"Amanhecer";"Decrescente";"Céu Claro";"Simples";"Reta";"Não";2;0;1;0;0;2;1;3;-20,53455094;-55,57347597;"SPRF-MS";"DEL03-MS";"UOP01-DEL03-MS"
355373;2021-05-03;"segunda-feira";"11:20:00";"GO";153;105;"SANTA TEREZA DE GOIAS";"Velocidade Incompatível";"Tombamento";"Com Vítimas Feridas";"Pleno dia";"Decrescente";"Céu Claro";"Simples";"Reta";"Não";3;0;2;0;0;1;2;2;-13,693473;-49,022247;"SPRF-GO";"DEL07-GO";"UOP01-DEL07-GO"
355377;2021-05-03;"segunda-feira";"13:30:00";"MG";381;506;"SAO JOAQUIM DE BICAS";"Pedestre andava na pista";"Atropelamento de Pedestre";"Com Vítimas Fatais";"Pleno dia";"Crescente";"Céu Claro";"Dupla";"Reta";"Sim";3;1;0;0;1;1;0;3;-20,05039397;-44,27962502;"SPRF-MG";"DEL01-MG";"UOP03-DEL01-MG"
355378;2021-04-18;"domingo";"05:10:00";"MG";40;729,8;"OLIVEIRA FORTES";"Ausência de reação do condutor";"Colisão traseira";"Com Vítimas Fatais";"Plena Noite";"Crescente";"Céu Claro";"Dupla";"Aclive";"Não";3;1;0;0;1;1;0;3;-21,32603098;-43,58445806;"SPRF-MG";"DEL05-MG";"UOP01-DEL05-MG"
355380;2021-05-03;"segunda-feira";"08:30:00";"SC";282;53;"AGUAS MORNAS";"Ausência de reação do condutor";"Colisão traseira";"Com Vítimas Feridas";"Pleno dia";"Decrescente";"Céu Claro";"Simples";"Reta";"Não";3;0;1;0;2;0;1;2;-27,691511;-48,970215;"SPRF-SC";"DEL01-SC";"UOP03-DEL01-SC"
355396;2021-05-03;"segunda-feira";"14:15:00";"GO";153;670,5;"GOIATUBA";"Velocidade Incompatível";"Tombamento";"Com Vítimas Feridas";"Pleno dia";"Decrescente";"Céu Claro";"Dupla";"Retorno Regulamentado";"Não";3;0;2;0;0;1;2;2;-18,1413;-49,2886;"SPRF-GO";"DEL03-GO";"UOP02-DEL03-GO"
355400;2021-05-03;"segunda-feira";"15:50:00";"PR";277;302;"PRUDENTOPOLIS";"Condutor deixou de manter distância do veículo da frente";"Colisão traseira";"Com Vítimas Feridas";"Pleno dia";"Decrescente";"Céu Claro";"Múltipla";"Reta";"Sim";3;0;1;0;1;2;1;4;-25,3023874;-51,11164331;"SPRF-PR";"DEL08-PR";"UOP01-DEL08-PR"
355405;2021-05-03;"segunda-feira";"16:40:00";"RJ";116;176;"NOVA IGUACU";"Condutor deixou de manter distância do veículo da frente";"Colisão lateral mesmo sentido";"Com Vítimas Feridas";"Anoitecer";"Crescente";"Céu Claro";"Múltipla";"Reta";"Sim";3;0;1;0;2;0;1;2;-22,7839538;-43,38195488;"SPRF-RJ";"DEL01-RJ";"UOP02-DEL01-RJ"
355406;2021-05-03;"segunda-feira";"14:25:00";"MG";381;870,3;"POUSO ALEGRE";"Velocidade Incompatível";"Colisão com objeto";"Com Vítimas Feridas";"Pleno dia";"Crescente";"Céu Claro";"Dupla";"Reta;Declive";"Não";2;0;1;0;0;1;1;2;-22,43326603;-45,97831097;"SPRF-MG";"DEL16-MG";"UOP01-DEL16-MG"
355407;2021-05-03;"segunda-feira";"15:40:00";"PR";476;84;"BOCAIUVA DO SUL";"Velocidade Incompatível";"Tombamento";"Sem Vítimas";"Pleno dia";"Crescente";"Céu Claro";"Simples";"Curva";"Não";2;0;0;0;1;1;0;2;-25,152304;-49,110638;"SPRF-PR";"DEL01-PR";"UOP02-DEL01-PR"
355410;2021-05-03;"segunda-feira";"15:15:00";"ES";101;149;"LINHARES";"Acessar a via sem observar a presença dos outros veículos";"Colisão lateral mesmo sentido";"Sem Vítimas";"Pleno dia";"Crescente";"Céu Claro";"Dupla";"Interseção de Vias";"Sim";4;0;0;0;3;1;0;3;-19,39619083;-40,06435871;"SPRF-ES";"DEL04-ES";"UOP01-DEL04-ES"
355411;2021-05-03;"segunda-feira";"17:00:00";"TO";153;676;"GURUPI";"Acessar a via sem observar a presença dos outros veículos";"Colisão transversal";"Com Vítimas Feridas";"Pleno dia";"Decrescente";"Céu Claro";"Simples";"Reta";"Não";2;0;1;0;1;0;1;2;-11,76028512;-49,09631084;"SPRF-TO";"DEL01-TO";"UOP02-DEL01-TO"
355412;2021-05-03;"segunda-feira";"16:30:00";"MS";163;629;"SAO GABRIEL DO OESTE";"Ausência de reação do condutor";"Colisão traseira";"Com Vítimas Feridas";"Pleno dia";"Decrescente";"Céu Claro";"Dupla";"Reta";"Não";2;0;1;0;1;0;1;2;-19,29250791;-54,63644291;"SPRF-MS";"DEL06-MS";"UOP02-DEL06-MS"
355418;2021-05-03;"segunda-feira";"17:30:00";"BA";20;169;"SAO DESIDERIO";"Pista Escorregadia";"Colisão frontal";"Com Vítimas Fatais";"Anoitecer";"Crescente";"Sol";"Simples";"Reta";"Não";8;5;0;0;2;1;0;3;-12,469052;-45,88359;"SPRF-BA";"DEL10-BA";"UOP01-DEL10-BA"
355421;2021-05-03;"segunda-feira";"18:00:00";"SC";101;202,8;"SAO JOSE";"Reação tardia ou ineficiente do condutor";"Engavetamento";"Com Vítimas Fatais";"Plena Noite";"Decrescente";"Céu Claro";"Múltipla";"Reta";"Sim";6;1;0;0;4;2;0;7;-27,5627686;-48,6157218;"SPRF-SC";"DEL01-SC";"UOP01-DEL01-SC"
355422;2021-05-03;"segunda-feira";"11:00:00";"DF";20;6;"BRASILIA";"Problema com o freio";"Colisão com objeto";"Sem Vítimas";"Pleno dia";"Decrescente";"Céu Claro";"Dupla";"Reta";"Sim";1;0;0;0;1;0;0;1;-15,665888;-47,808308;"SPRF-DF";"DEL02-DF";"UOP01-DEL02-DF"
355428;2021-05-03;"segunda-feira";"16:50:00";"MT";163;696;"SORRISO";"Ausência de reação do condutor";"Colisão transversal";"Com Vítimas Feridas";"Anoitecer";"Crescente";"Nublado";"Simples";"Reta";"Não";4;0;0;1;2;6;1;9;-13,02281;-55,89557;"SPRF-MT";"DEL06-MT";"UOP01-DEL06-MT"
355430;2021-01-11;"segunda-feira";"16:30:00";"ES";259;34,8;"COLATINA";"Velocidade Incompatível";"Tombamento";"Com Vítimas Feridas";"Pleno dia";"Decrescente";"Sol";"Simples";"Curva";"Não";2;0;1;0;0;1;1;2;-19,5533198;-40,49663544;"SPRF-ES";"DEL02-ES";"UOP01-DEL02-ES"
355432;2021-05-03;"segunda-feira";"18:05:00";"PE";232;211,3;"PESQUEIRA";"Transitar na contramão";"Colisão lateral sentido oposto";"Com Vítimas Fatais";"Plena Noite";"Crescente";"Chuva";"Simples";"Reta";"Sim";3;1;0;0;1;2;0;4;-8,36899532;-36,70578682;"SPRF-PE";"DEL03-PE";"UOP02-DEL03-PE"
355434;2021-05-03;"segunda-feira";"17:30:00";"PR";376;464;"PONTA GROSSA";"Condutor deixou de manter distância do veículo da frente";"Colisão traseira";"Com Vítimas Feridas";"Anoitecer";"Crescente";"Céu Claro";"Dupla";"Reta;Aclive";"Não";4;0;0;1;2;1;1;3;-25,02470207;-50,322659;"SPRF-PR";"DEL03-PR";"UOP01-DEL03-PR"