"id";"data_inversa";"dia_semana";"horario";"uf";"br";"km";"municipio";"causa_acidente";"tipo_acidente";"classificacao_acidente";"fase_dia";"sentido_via";"condicao_metereologica";"tipo_pista";"tracado_via";"uso_solo";"pessoas";"mortos";"feridos_leves";"feridos_graves";"ilesos";"ignorados";"feridos";"veiculos";"latitude";"longitude";"regional";"delegacia";"uop"
356380;2021-05-08;"sábado";"12:40:00";"MG";381;692,3;"LAVRAS";"Ausência de reação do condutor";"Colisão traseira";"Com Vítimas Feridas";"Pleno dia";"Decrescente";"Céu Claro";"Dupla";"Declive;Curva";"Não";4;0;2;0;1;1;2;3;-21,25097297;-45,1385743;"SPRF-MG";"DEL04-MG";"UOP02-DEL04-MG"
356382;2021-05-08;"sábado";"11:50:00";"PE";101;45,8;"IGARASSU";"Pedestre andava na pista";"Atropelamento de Pedestre";"Com Vítimas Fatais";"Pleno dia";"Crescente";"Nublado";"Dupla";"Reta";"Sim";3;1;0;0;1;1;0;3;-7,86521297;-34,90715176;"SPRF-PE";"DEL01-PE";"UOP02-DEL01-PE"
356388;2021-05-08;"sábado";"14:15:00";"RS";101;86;"OSORIO";"Velocidade Incompatível";"Saída de leito carroçável";"Com Vítimas Feridas";"Pleno dia";"Decrescente";"Céu Claro";"Dupla";"Reta";"Sim";2;0;1;0;0;1;1;2;-29,8754149;-50,25734711;"SPRF-RS";"DEL03-RS";"UOP01-DEL03-RS"
356394;2021-05-08;"sábado";"13:45:00";"MS";262;442,9;"DOIS IRMAOS DO BURITI";"Demais falhas mecânicas ou elétricas";"Colisão lateral mesmo sentido";"Com Vítimas Feridas";"Pleno dia";"Crescente";"Céu Claro";"Simples";"Rotatória";"Não";4;0;0;1;2;3;1;5;-20,53154071;-55,40302277;"SPRF-MS";"DEL03-MS";"UOP01-DEL03-MS"
356401;2021-05-08;"sábado";"14:40:00";"PE";316;100;"OURICURI";"Transitar na contramão";"Tombamento";"Com Vítimas Feridas";"Pleno dia";"Crescente";"Céu Claro";"Simples";"Aclive";"Não";2;0;1;0;0;2;1;3;-7,93798009;-39,94691304;"SPRF-PE";"DEL05-PE";"UOP02-DEL05-PE"
356402;2021-05-08;"sábado";"14:14:00";"BA";324;518;"FEIRA DE SANTANA";"Condutor deixou de manter distância do veículo da frente";"Colisão traseira";"Com Vítimas Feridas";"Pleno dia";"Decrescente";"Céu Claro";"Dupla";"Reta";"Sim";3;0;0;1;1;3;1;5;-12,18869706;-38,89263153;"SPRF-BA";"DEL02-BA";"UOP01-DEL02-BA"
356411;2021-05-08;"sábado";"15:00:00";"AL";316;161;"PALMEIRA DOS INDIOS";"Carga excessiva e/ou mal acondicionada";"Eventos atípicos";"Com Vítimas Feridas";"Pleno dia";"Crescente";"Nublado";"Simples";"Declive";"Não";1;0;1;0;0;0;1;1;-9,45436825;-36,5960523;"SPRF-AL";"DEL03-AL";"UOP01-DEL03-AL"
356414;2021-05-08;"sábado";"15:00:00";"RS";287;366,1;"JAGUARI";"Problema com o freio";"Saída de leito carroçável";"Com Vítimas Feridas";"Pleno dia";"Crescente";"Céu Claro";"Simples";"Curva";"Não";2;0;1;0;0;1;1;2;-29,409642;-54,731282;"SPRF-RS";"DEL12-RS";"UOP02-DEL12-RS"
356423;2021-05-08;"sábado";"10:35:00";"SC";153;5;"AGUA DOCE";"Velocidade Incompatível";"Colisão traseira";"Sem Vítimas";"Pleno dia";"Crescente";"Céu Claro";"Simples";"Curva";"Não";5;0;0;0;4;2;0;5;-26,643061;-51,51313;"SPRF-SC";"DEL07-SC";"UOP05-DEL07-SC"
356433;2021-05-08;"sábado";"18:10:00";"ES";101;231,6;"FUNDAO";"Condutor deixou de manter distância do veículo da frente";"Colisão traseira";"Sem Vítimas";"Plena Noite";"Decrescente";"Chuva";"Simples";"Reta";"Não";3;0;0;0;2;1;0;3;-19,94425773;-40,40662323;"SPRF-ES";"DEL02-ES";"UOP01-DEL02-ES"
356436;2021-05-08;"sábado";"18:40:00";"GO";452;189,6;"ITUMBIARA";"Deficiência do Sistema de Iluminação/Sinalização";"Colisão traseira";"Com Vítimas Feridas";"Plena Noite";"Decrescente";"Céu Claro";"Simples";"Reta";"Não";2;0;1;0;1;0;1;2;-18,38867632;-49,28567776;"SPRF-GO";"DEL03-GO";"UOP02-DEL03-GO"
356439;2021-05-08;"sábado";"18:00:00";"RS";386;270,7;"FONTOURA XAVIER";"Ausência de reação do condutor";"Colisão traseira";"Sem Vítimas";"Anoitecer";"Decrescente";"Céu Claro";"Simples";"Reta";"Não";2;0;0;0;1;1;0;2;-28,972395;-52,369072;"SPRF-RS";"DEL04-RS";"UOP03-DEL04-RS"
356441;2021-05-08;"sábado";"16:00:00";"MA";316;231;"BOM JARDIM";"Transitar na contramão";"Colisão lateral sentido oposto";"Com Vítimas Fatais";"Pleno dia";"Decrescente";"Céu Claro";"Simples";"Reta";"Sim";3;1;0;0;1;1;0;3;-3,543866;-45,60725;"SPRF-MA";"DEL02-MA";"UOP01-DEL02-MA"
356454;2021-05-08;"sábado";"20:00:00";"RS";392;122,8;"CANGUCU";"Transitar na contramão";"Colisão lateral sentido oposto";"Com Vítimas Fatais";"Plena Noite";"Crescente";"Céu Claro";"Simples";"Reta";"Não";4;1;0;0;2;4;0;7;-31,38660826;-52,70733133;"SPRF-RS";"DEL07-RS";"UOP01-DEL07-RS"
356456;2021-05-08;"sábado";"14:40:00";"RO";364;523;"ARIQUEMES";"Transitar na contramão";"Colisão com objeto";"Com Vítimas Feridas";"Pleno dia";"Crescente";"Nublado";"Simples";"Reta";"Não";3;0;1;0;1;3;1;5;-9,84578705;-63,05942059;"SPRF-RO";"DEL03-RO";"UOP01-DEL03-RO"
356465;2021-05-08;"sábado";"17:00:00";"MG";262;183;"SAO DOMINGOS DO PRATA";"Transitar na contramão";"Colisão transversal";"Com Vítimas Feridas";"Anoitecer";"Decrescente";"Céu Claro";"Simples";"Curva;Aclive";"Não";6;0;2;1;2;2;3;5;-19,91043124;-43,02115533;"SPRF-MG";"DEL03-MG";"UOP01-DEL03-MG"
356469;2021-05-08;"sábado";"18:30:00";"PI";343;228;"COCAL DE TELHA";"Transitar na contramão";"Colisão frontal";"Com Vítimas Fatais";"Anoitecer";"Crescente";"Céu Claro";"Simples";"Reta";"Não";4;1;0;0;2;1;0;4;-4,58235;-41,980885;"SPRF-PI";"DEL01-PI";"UOP03-DEL01-PI"
356471;2021-05-08;"sábado";"07:30:00";"BA";235;456;"CASA NOVA";"Animais na Pista";"Saída de leito carroçável";"Com Vítimas Feridas";"Pleno dia";"Crescente";"Ignorado";"Simples";"Curva";"Não";1;0;0;1;0;0;1;1;-9,28923755;-41,54048184;"SPRF-BA";"DEL04-BA";"UOP01-DEL04-BA"
356473;2021-05-08;"sábado";"21:10:00";"BA";407;155;"FILADELFIA";"Ultrapassagem Indevida";"Colisão frontal";"Com Vítimas Fatais";"Plena Noite";"Decrescente";"Céu Claro";"Simples";"Reta";"Não";2;1;0;0;1;0;0;2;-10,70441103;-40,1244174;"SPRF-BA";"DEL04-BA";"UOP01-DEL04-BA"
356503;2021-05-08;"sábado";"22:30:00";"SC";470;247,8;"CURITIBANOS";"Transitar na contramão";"Colisão frontal";"Com Vítimas Feridas";"Plena Noite";"Crescente";"Nublado";"Simples";"Curva";"Sim";3;0;0;2;1;0;2;2;-27,315269;-50,541786;"SPRF-SC";"DEL05-SC";"UOP03-DEL05-SC"
356504;2021-05-09;"domingo";"00:35:00";"RJ";116;95,8;"TERESOPOLIS";"Ultrapassagem Indevida";"Colisão com objeto";"Com Vítimas Feridas";"Plena Noite";"Crescente";"Nublado";"Simples";"Reta";"Não";3;0;1;0;2;0;1;2;-22,47374702;-43,00117923;"SPRF-RJ";"DEL04-RJ";"UOP02-DEL04-RJ"
356512;2021-05-08;"sábado";"22:35:00";"PR";153;357,8;"REBOUCAS";"Transitar na contramão";"Colisão frontal";"Sem Vítimas";"Plena Noite";"Decrescente";"Nublado";"Simples";"Curva;Declive";"Não";2;0;0;0;2;0;0;2;-25,6617138;-50,734797;"SPRF-PR";"DEL03-PR";"UOP03-DEL03-PR"
356516;2021-05-08;"sábado";"18:30:00";"SC";116;133;"SANTA CECILIA";"Demais falhas mecânicas ou elétricas";"Incêndio";"Sem Vítimas";"Plena Noite";"Decrescente";"Ignorado";"Simples";"Reta";"Não";2;0;0;0;1;1;0;2;-26,91588013;-50,44574975;"SPRF-SC";"DEL06-SC";"UOP02-DEL06-SC"
356527;2021-05-09;"domingo";"01:30:00";"MS";163;323;"RIO BRILHANTE";"Ingestão de álcool pelo condutor";"Colisão transversal";"Sem Vítimas";"Plena Noite";"Crescente";"Céu Claro";"Simples";"Rotatória";"Não";3;0;0;0;2;1;0;2;-21,78539486;-54,52681531;"SPRF-MS";"DEL02-MS";"UOP02-DEL02-MS"
356529;2021-05-09;"domingo";"02:20:00";"GO";40;78,9;"CRISTALINA";"Condutor Dormindo";"Saída de leito carroçável";"Com Vítimas Feridas";"Plena Noite";"Crescente";"Céu Claro";"Simples";"Reta";"Não";2;0;1;0;0;1;1;2;-16,657767;-47,727628;"SPRF-DF";"DEL01-DF";"UOP02-DEL01-DF"
356530;2021-05-09;"domingo";"00:40:00";"MG";381;572,5;"ITAGUARA";"Reação tardia ou ineficiente do condutor";"Tombamento";"Com Vítimas Feridas";"Plena Noite";"Decrescente";"Céu Claro";"Dupla";"Reta";"Não";2;0;1;0;0;1;1;2;-20,45206504;-44,5689098;"SPRF-MG";"DEL04-MG";"UOP03-DEL04-MG"
356531;2021-05-09;"domingo";"01:40:00";"MG";381;563,5;"ITAGUARA";"Condutor Dormindo";"Tombamento";"Com Vítimas Feridas";"Plena Noite";"Decrescente";"Céu Claro";"Dupla";"Curva";"Sim";1;0;1;0;0;0;1;1;-20,395748;-44,503624;"SPRF-MG";"DEL04-MG";"UOP03-DEL04-MG"
356538;2021-05-09;"domingo";"05:30:00";"SP";116;211;"GUARULHOS";"Reação tardia ou ineficiente do condutor";"Colisão traseira";"Com Vítimas Feridas";"Amanhecer";"Decrescente";"Céu Claro";"Múltipla";"Reta";"Sim";4;0;1;0;2;2;1;5;-23,43305384;-46,42108982;"SPRF-SP";"DEL01-SP";"UOP01-DEL01-SP"
356547;2021-05-08;"sábado";"19:05:00";"BA";242;649;"OLIVEIRA DOS BREJINHOS";"Ultrapassagem Indevida";"Colisão transversal";"Com Vítimas Feridas";"Plena Noite";"Crescente";"Céu Claro";"Simples";"Curva";"Não";5;0;0;1;2;3;1;4;-12;-43;"SPRF-BA";"DEL06-BA";"UOP03-DEL06-BA"
356550;2021-05-09;"domingo";"06:50:00";"RS";386;9,9;"IRAI";"Transitar na contramão";"Colisão frontal";"Sem Vítimas";"Amanhecer";"Decrescente";"Céu Claro";"Simples";"Reta";"Não";3;0;0;0;2;2;0;4;-27,209459;-53,297165;"SPRF-RS";"DEL08-RS";"UOP02-DEL08-RS"
356551;2021-05-09;"domingo";"01:50:00";"PR";116;206,7;"RIO NEGRO";"Transitar na contramão";"Colisão lateral sentido oposto";"Sem Vítimas";"Plena Noite";"Crescente";"Nublado";"Simples";"Reta";"Sim";2;0;0;0;1;1;0;2;-26,06427183;-49,73114671;"SPRF-SC";"DEL06-SC";"UOP01-DEL06-SC"
356557;2021-05-09;"domingo";"06:28:00";"TO";153;722;"FIGUEIROPOLIS";"Condutor deixou de manter distância do veículo da frente";"Colisão traseira";"Com Vítimas Feridas";"Pleno dia";"Decrescente";"Céu Claro";"Simples";"Reta";"Sim";4;0;1;0;2;2;1;4;-12,13719423;-49,16925477;"SPRF-TO";"DEL01-TO";"UOP02-DEL01-TO"
356560;2021-05-09;"domingo";"07:20:00";"GO";50;279;"CATALAO";"Acessar a via sem observar a presença dos outros veículos";"Colisão transversal";"Com Vítimas Feridas";"Pleno dia";"Decrescente";"Céu Claro";"Simples";"Reta";"Sim";3;0;1;0;1;1;1;3;-18,1739;-47,9289;"SPRF-GO";"DEL06-GO";"UOP01-DEL06-GO"
356565;2021-05-09;"domingo";"06:55:00";"RS";293;252,9;"DOM PEDRITO";"Manobra de mudança de faixa";"Colisão frontal";"Com Vítimas Feridas";"Amanhecer";"Crescente";"Céu Claro";"Simples";"Reta";"Sim";3;0;0;1;1;2;1;4;-30,95997654;-54,6785778;"SPRF-RS";"DEL11-RS";"UOP01-DEL11-RS"
356567;2021-05-09;"domingo";"08:20:00";"MG";267;194,1;"BOM JARDIM DE MINAS";"Velocidade Incompatível";"Tombamento";"Sem Vítimas";"Pleno dia";"Decrescente";"Céu Claro";"Simples";"Curva";"Não";2;0;0;0;1;1;0;2;-21,94094943;-44,04416091;"SPRF-MG";"DEL05-MG";"UOP01-DEL05-MG"
356568;2021-04-01;"quinta-feira";"15:10:00";"RS";116;260,2;"CANOAS";"Acostamento em desnível";"Colisão com objeto";"Com Vítimas Feridas";"Pleno dia";"Crescente";"Nublado";"Dupla";"Reta";"Sim";3;0;1;0;1;1;1;3;-29,879208;-51,18045622;"SPRF-RS";"DEL01-RS";"UOP01-DEL01-RS"
356575;2021-05-09;"domingo";"09:00:00";"PR";476;74,9;"RIO BRANCO DO SUL";"Curva acentuada";"Colisão lateral sentido oposto";"Com Vítimas Feridas";"Pleno dia";"Crescente";"Nublado";"Simples";"Aclive;Curva";"Não";9;0;5;2;1;1;7;3;-25,099632;-49,102407;"SPRF-PR";"DEL01-PR";"UOP02-DEL01-PR"
356576;2021-03-27;"sábado";"22:10:00";"PR";476;176;"CONTENDA";"Velocidade Incompatível";"Colisão frontal";"Com Vítimas Fatais";"Plena Noite";"Crescente";"Chuva";"Simples";"Curva";"Não";4;2;0;0;1;2;0;4;-25,694412;-49,553158;"SPRF-PR";"DEL01-PR";"UOP03-DEL01-PR"
356599;2021-05-06;"quinta-feira";"10:45:00";"SC";101;201,9;"SAO JOSE";"Acessar a via sem observar a presença dos outros veículos";"Capotamento";"Com Vítimas Feridas";"Pleno dia";"Crescente";"Chuva";"Dupla";"Reta";"Sim";2;0;1;0;1;0;1;2;-27,5483659909;-48,6197797473;"SPRF-SC";"DEL01-SC";"UOP01-DEL01-SC"
356600;2021-05-09;"domingo";"09:00:00";"BA";101;665,5;"ITAPEBI";"Demais falhas mecânicas ou elétricas";"Tombamento";"Com Vítimas Feridas";"Pleno dia";"Crescente";"Céu Claro";"Simples";"Curva";"Não";2;0;1;0;0;1;1;2;-15,98364528;-39,56908649;"SPRF-BA";"DEL09-BA";"UOP01-DEL09-BA"
356609;2021-05-09;"domingo";"10:50:00";"SC";101;242,6;"PALHOCA";"Reação tardia ou ineficiente do condutor";"Colisão traseira";"Sem Vítimas";"Pleno dia";"Decrescente";"Sol";"Dupla";"Reta";"Não";3;0;0;0;2;1;0;3;-27,88291843;-48,64735365;"SPRF-SC";"DEL01-SC";"UOP02-DEL01-SC"
356624;2021-05-09;"domingo";"12:00:00";"BA";101;827,8;"PRADO";"Reação tardia ou ineficiente do condutor";"Tombamento";"Com Vítimas Feridas";"Pleno dia";"Decrescente";"Céu Claro";"Simples";"Curva";"Não";3;0;1;1;0;12;2;13;-17,34156496;-39,6301095;"SPRF-BA";"DEL09-BA";"UOP02-DEL09-BA"
356626;2021-05-09;"domingo";"15:31:00";"RS";392;1,7;"RIO GRANDE";"Demais falhas mecânicas ou elétricas";"Tombamento";"Com Vítimas Fatais";"Pleno dia";"Decrescente";"Céu Claro";"Simples";"Curva";"Sim";5;1;0;0;2;2;0;4;-32,04488513;-52,0855305;"SPRF-RS";"DEL07-RS";"UOP02-DEL07-RS"
356629;2021-05-09;"domingo";"13:45:00";"RJ";101;174;"MACAE";"Velocidade Incompatível";"Colisão transversal";"Com Vítimas Fatais";"Pleno dia";"Crescente";"Chuva";"Simples";"Reta";"Não";6;1;0;0;4;1;0;3;-22,37503386;-41,960354;"SPRF-RJ";"DEL08-RJ";"UOP04-DEL08-RJ"
356635;2021-05-09;"domingo";"12:30:00";"GO";364;154;"JATAI";"Acostamento em desnível";"Tombamento";"Com Vítimas Feridas";"Pleno dia";"Decrescente";"Céu Claro";"Dupla";"Aclive;Reta";"Não";2;0;1;0;0;2;1;3;-18,138138;-51,454224;"SPRF-GO";"DEL05-GO";"UOP01-DEL05-GO"
356648;2021-05-09;"domingo";"15:30:00";"PE";232;434;"SERRA TALHADA";"Transitar na contramão";"Colisão lateral sentido oposto";"Sem Vítimas";"Pleno dia";"Decrescente";"Céu Claro";"Simples";"Reta";"Não";3;0;0;0;2;1;0;3;-8,00974762;-38,50744192;"SPRF-PE";"DEL04-PE";"UOP01-DEL04-PE"
356650;2021-05-09;"domingo";"17:20:00";"GO";414;426;"ABADIANIA";"Velocidade Incompatível";"Tombamento";"Com Vítimas Feridas";"Pleno dia";"Decrescente";"Céu Claro";"Simples";"Curva";"Não";2;0;1;0;0;2;1;3;-16,17263485;-48,90044627;"SPRF-GO";"DEL02-GO";"UOP01-DEL02-GO"
356663;2021-05-09;"domingo";"07:30:00";"PR";153;511;"GENERAL CARNEIRO";"Reação tardia ou ineficiente do condutor";"Saída de leito carroçável";"Com Vítimas Feridas";"Amanhecer";"Decrescente";"Nublado";"Simples";"Aclive";"Não";2;0;1;0;0;2;1;3;-26,52787578;-51,36219978;"SPRF-PR";"DEL02-PR";"UOP03-DEL02-PR"
356693;2021-05-09;"domingo";"16:00:00";"GO";50;224;"CAMPO ALEGRE DE GOIAS";"Ingestão de álcool pelo condutor";"Incêndio";"Sem Vítimas";"Pleno dia";"Crescente";"Céu Claro";"Dupla";"Reta";"Não";2;0;0;0;1;2;0;3;-17,7561;-47,7394;"SPRF-GO";"DEL06-GO";"UOP01-DEL06-GO"
356700;2021-05-09;"domingo";"18:00:00";"MG";50;133,5;"UBERABA";"Condutor Dormindo";"Saída de leito carroçável";"Com Vítimas Feridas";"Plena Noite";"Decrescente";"Céu Claro";"Dupla";"Reta";"Não";2;0;1;0;0;1;1;2;-19,41574308;-48,07159033;"SPRF-MG";"DEL13-MG";"UOP01-DEL13-MG"
356725;2021-05-09;"domingo";"21:15:00";"MG";50;93,2;"UBERLANDIA";"Manobra de mudança de faixa";"Colisão lateral mesmo sentido";"Sem Vítimas";"Plena Noite";"Crescente";"Céu Claro";"Dupla";"Reta;Declive";"Não";3;0;0;0;2;2;0;4;-19,07492502;-48,18892306;"SPRF-MG";"DEL15-MG";"UOP01-DEL15-MG"
356726;2021-05-09;"domingo";"21:20:00";"MG";251;442,2;"GRAO MOGOL";"Animais na Pista";"Atropelamento de Animal";"Com Vítimas Feridas";"Plena Noite";"Crescente";"Céu Claro";"Simples";"Rotatória";"Sim";3;0;0;1;1;1;1;3;-16,41288188;-43,24348411;"SPRF-MG";"DEL12-MG";"UOP01-DEL12-MG"
356730;2021-01-14;"quinta-feira";"13:40:00";"RN";101;134,9;"SAO JOSE DE MIPIBU";"Velocidade Incompatível";"Colisão traseira";"Com Vítimas Fatais";"Pleno dia";"Decrescente";"Sol";"Dupla";"Reta";"Não";5;1;0;0;1;3;0;4;-6,15559697;-35,22641868;"SPRF-RN";"DEL01-RN";"UOP01-DEL01-RN"
356738;2021-05-09;"domingo";"21:30:00";"MG";354;728,7;"POUSO ALTO";"Velocidade Incompatível";"Colisão frontal";"Com Vítimas Feridas";"Plena Noite";"Decrescente";"Céu Claro";"Simples";"Curva";"Não";3;0;1;0;1;2;1;4;-22,14945501;-44,96359002;"SPRF-MG";"DEL17-MG";"UOP01-DEL17-MG"
356744;2021-05-09;"domingo";"21:50:00";"RJ";393;184;"PARAIBA DO SUL";"Transitar no acostamento";"Atropelamento de Pedestre";"Com Vítimas Feridas";"Plena Noite";"Crescente";"Céu Claro";"Simples";"Reta;Aclive";"Não";2;0;0;1;0;1;1;2;-22,14296968;-43,27570421;"SPRF-RJ";"DEL05-RJ";"UOP03-DEL05-RJ"
356749;2021-05-09;"domingo";"16:40:00";"PE";232;214,5;"PESQUEIRA";"Transitar na contramão";"Colisão lateral sentido oposto";"Com Vítimas Fatais";"Pleno dia";"Crescente";"Chuva";"Simples";"Reta";"Não";3;1;0;0;1;1;0;3;-8,3804455;-36,73076279;"SPRF-PE";"DEL03-PE";"UOP02-DEL03-PE"
356756;2021-05-09;"domingo";"20:40:00";"MA";316;583,8;"CAXIAS";"Transitar na contramão";"Colisão lateral sentido oposto";"Com Vítimas Fatais";"Plena Noite";"Decrescente";"Céu Claro";"Simples";"Declive";"Não";2;1;0;0;1;0;0;2;-4,97436522;-43,10477257;"SPRF-MA";"DEL03-MA";"UOP02-DEL03-MA"
356759;2021-05-09;"domingo";"23:30:00";"MG";40;678,3;"CARANDAI";"Condutor Dormindo";"Colisão com objeto";"Com Vítimas Feridas";"Plena Noite";"Decrescente";"Nublado";"Simples";"Reta";"Não";1;0;0;1;0;0;1;1;-21,03733064;-43,7682769;"SPRF-MG";"DEL05-MG";"UOP02-DEL05-MG"
356767;2021-05-09;"domingo";"23:45:00";"PR";277;36;"MORRETES";"Reação tardia ou ineficiente do condutor";"Colisão traseira";"Com Vítimas Feridas";"Plena Noite";"Crescente";"Garoa/Chuvisco";"Dupla";"Reta";"Não";6;0;3;0;2;2;3;4;-25,5585949;-48,80593311;"SPRF-PR";"DEL01-PR";"UOP05-DEL01-PR"
356768;2021-05-09;"domingo";"22:00:00";"PI";343;612;"FLORIANO";"Ingestão de álcool pelo condutor";"Colisão frontal";"Sem Vítimas";"Plena Noite";"Crescente";"Céu Claro";"Simples";"Reta";"Não";2;0;0;0;2;0;0;2;-6,902285;-43,150963;"SPRF-PI";"DEL03-PI";"UOP01-DEL03-PI"
356774;2021-05-10;"segunda-feira";"00:00:00";"BA";116;669;"JEQUIE";"Velocidade Incompatível";"Colisão com objeto";"Com Vítimas Feridas";"Plena Noite";"Crescente";"Céu Claro";"Simples";"Curva";"Não";3;0;2;0;1;0;2;2;-13,77543794;-40,10191324;"SPRF-BA";"DEL03-BA";"UOP01-DEL03-BA"
356775;2021-05-10;"segunda-feira";"01:40:00";"MT";70;506,8;"CUIABA";"Acostamento em desnível";"Tombamento";"Com Vítimas Feridas";"Plena Noite";"Decrescente";"Céu Claro";"Simples";"Curva";"Não";1;0;1;0;0;0;1;1;-15,66088946;-55,97311576;"SPRF-MT";"DEL01-MT";"UOP02-DEL01-MT"
356776;2021-05-10;"segunda-feira";"01:30:00";"PE";232;16;"JABOATAO DOS GUARARAPES";"Ausência de reação do condutor";"Colisão traseira";"Sem Vítimas";"Plena Noite";"Decrescente";"Chuva";"Dupla";"Reta";"Não";3;0;0;0;3;0;0;2;-8,09414193;-35,03716601;"SPRF-PE";"DEL01-PE";"UOP01-DEL01-PE"
356784;2021-05-10;"segunda-feira";"03:46:00";"SP";381;36;"ATIBAIA";"Objeto estático sobre o leito carroçável";"Colisão com objeto";"Sem Vítimas";"Plena Noite";"Decrescente";"Céu Claro";"Múltipla";"Reta";"Sim";2;0;0;0;1;1;0;2;-23,10072383;-46,56906009;"SPRF-SP";"DEL03-SP";"UOP01-DEL03-SP"
356792;2021-05-10;"segunda-feira";"06:05:00";"AL";101;149,7;"JEQUIA DA PRAIA";"Ausência de reação do condutor";"Tombamento";"Com Vítimas Fatais";"Pleno dia";"Decrescente";"Garoa/Chuvisco";"Dupla";"Curva";"Não";3;2;0;0;0;1;0;2;-9,89402674;-36,14110191;"SPRF-AL";"DEL02-AL";"UOP02-DEL02-AL"
356795;2021-04-09;"sexta-feira";"08:35:00";"MG";381;884,1;"CAMBUI";"Objeto estático sobre o leito carroçável";"Colisão traseira";"Com Vítimas Feridas";"Pleno dia";"Crescente";"Sol";"Dupla";"Reta";"Não";4;0;3;0;1;0;3;3;-22,53552002;-46,03550597;"SPRF-MG";"DEL16-MG";"UOP03-DEL16-MG"
356797;2021-05-10;"segunda-feira";"06:30:00";"PR";153;308;"IMBITUVA";"Ausência de reação do condutor";"Colisão traseira";"Com Vítimas Fatais";"Amanhecer";"Crescente";"Nublado";"Simples";"Reta";"Não";2;1;0;0;1;0;0;2;-25,26862805;-50,6393234;"SPRF-PR";"DEL03-PR";"UOP03-DEL03-PR"
356799;2021-05-10;"segunda-feira";"02:20:00";"BA";116;473,1;"SANTO ESTEVAO";"Condutor Dormindo";"Saída de leito carroçável";"Com Vítimas Feridas";"Plena Noite";"Decrescente";"Nublado";"Dupla";"Reta";"Não";2;0;1;0;0;3;1;4;-12,48054442;-39,3110698;"SPRF-BA";"DEL02-BA";"UOP01-DEL02-BA"
356804;2021-04-21;"quarta-feira";"21:00:00";"SC";101;229;"PALHOCA";"Condutor deixou de manter distância do veículo da frente";"Colisão lateral mesmo sentido";"Com Vítimas Feridas";"Plena Noite";"Decrescente";"Nublado";"Múltipla";"Curva";"Sim";4;0;1;0;2;1;1;4;-27,76920953;-48,63229573;"SPRF-SC";"DEL01-SC";"UOP02-DEL01-SC"
356819;2021-05-10;"segunda-feira";"07:50:00";"RJ";116;166;"RIO DE JANEIRO";"Ausência de reação do condutor";"Colisão lateral mesmo sentido";"Com Vítimas Feridas";"Pleno dia";"Decrescente";"Céu Claro";"Múltipla";"Reta";"Sim";3;0;1;0;2;0;1;3;-22,81560263;-43,30051808;"SPRF-RJ";"DEL01-RJ";"UOP01-DEL01-RJ"
356822;2021-03-29;"segunda-feira";"19:44:00";"TO";226;25;"PALMEIRAS DO TOCANTINS";"Problema com o freio";"Saída de leito carroçável";"Com Vítimas Feridas";"Plena Noite";"Decrescente";"Céu Claro";"Simples";"Reta";"Não";2;0;1;0;0;1;1;2;-6,638903;-47,658455;"SPRF-TO";"DEL02-TO";"UOP03-DEL02-TO"
356832;2021-05-10;"segunda-feira";"07:55:00";"SC";470;68,5;"INDAIAL";"Reação tardia ou ineficiente do condutor";"Colisão traseira";"Com Vítimas Feridas";"Pleno dia";"Decrescente";"Céu Claro";"Múltipla";"Reta;Declive";"Sim";2;0;1;0;1;0;1;2;-26,877615;-49,239231;"SPRF-SC";"DEL04-SC";"UOP01-DEL04-SC"
356834;2021-05-10;"segunda-feira";"01:45:00";"MT";163;1068;"GUARANTA DO NORTE";"Avarias e/ou desgaste excessivo no pneu";"Tombamento";"Com Vítimas Feridas";"Plena Noite";"Decrescente";"Céu Claro";"Simples";"Reta";"Não";2;0;1;0;0;3;1;4;-10,06074697;-54,90736778;"SPRF-MT";"DEL06-MT";"NPF/DEL06-MT"
356837;2021-05-10;"segunda-feira";"10:00:00";"PE";101;46,5;"IGARASSU";"Frear bruscamente";"Colisão com objeto";"Sem Vítimas";"Pleno dia";"Crescente";"Chuva";"Múltipla";"Reta";"Sim";1;0;0;0;1;0;0;1;-7,87406004;-34,90588126;"SPRF-PE";"DEL01-PE";"UOP02-DEL01-PE"
356838;2021-05-10;"segunda-feira";"09:15:00";"BA";410;27;"TUCANO";"Ultrapassagem Indevida";"Colisão frontal";"Com Vítimas Feridas";"Pleno dia";"Crescente";"Chuva";"Simples";"Declive";"Não";6;0;2;2;1;1;4;3;-10,95142068;-38,73229015;"SPRF-BA";"DEL07-BA";"UOP02-DEL07-BA"
356842;2021-05-10;"segunda-feira";"08:45:00";"MS";267;455,7;"GUIA LOPES DA LAGUNA";"Demais falhas mecânicas ou elétricas";"Saída de leito carroçável";"Com Vítimas Feridas";"Pleno dia";"Crescente";"Sol";"Simples";"Reta";"Não";1;0;1;0;0;0;1;1;-21,44950322;-55,92214911;"SPRF-MS";"DEL05-MS";"UOP01-DEL05-MS"
356846;2021-05-10;"segunda-feira";"10:40:00";"MG";381;451;"SABARA";"Mal súbito do condutor";"Colisão frontal";"Com Vítimas Feridas";"Pleno dia";"Crescente";"Sol";"Simples";"Reta;Aclive";"Sim";4;0;0;2;1;1;2;3;-19,83301255;-43,84668975;"SPRF-MG";"DEL01-MG";"UOP01-DEL01-MG"