"id";"data_inversa";"dia_semana";"horario";"uf";"br";"km";"municipio";"causa_acidente";"tipo_acidente";"classificacao_acidente";"fase_dia";"sentido_via";"condicao_metereologica";"tipo_pista";"tracado_via";"uso_solo";"pessoas";"mortos";"feridos_leves";"feridos_graves";"ilesos";"ignorados";"feridos";"veiculos";"latitude";"longitude";"regional";"delegacia";"uop"
356850;2021-05-10;"segunda-feira";"10:45:00";"SC";101;108,2;"PENHA";"Condutor deixou de manter distância do veículo da frente";"Colisão traseira";"Com Vítimas Feridas";"Pleno dia";"Decrescente";"Chuva";"Dupla";"Reta";"Não";2;0;1;0;1;0;1;2;-26,82985355;-48,69268298;"SPRF-SC";"DEL03-SC";"UOP02-DEL03-SC"
356852;2021-05-10;"segunda-feira";"12:10:00";"DF";20;48;"BRASILIA";"Velocidade Incompatível";"Colisão lateral mesmo sentido";"Com Vítimas Feridas";"Pleno dia";"Crescente";"Sol";"Dupla";"Reta";"Não";2;0;0;1;1;0;1;2;-15,582723;-47,440395;"SPRF-DF";"DEL02-DF";"UOP01-DEL02-DF"
356862;2021-05-01;"sábado";"05:00:00";"MS";267;238;"NOVA ALVORADA DO SUL";"Transitar na contramão";"Colisão lateral sentido oposto";"Com Vítimas Feridas";"Amanhecer";"Crescente";"Céu Claro";"Simples";"Reta";"Não";3;0;1;0;1;1;1;3;-21,48826587;-54,27882591;"SPRF-MS";"DEL02-MS";"UOP01-DEL02-MS"
356863;2021-04-28;"quarta-feira";"12:50:00";"MT";163;1047;"MATUPA";"Reação tardia ou ineficiente do condutor";"Colisão frontal";"Com Vítimas Feridas";"Pleno dia";"Crescente";"Sol";"Simples";"Reta";"Não";3;0;0;1;1;3;1;5;-10,22872386;-54,97618021;"SPRF-MT";"DEL06-MT";"NPF/DEL06-MT"
356869;2021-03-27;"sábado";"18:00:00";"MG";251;405;"GRAO MOGOL";"Ultrapassagem Indevida";"Colisão lateral mesmo sentido";"Com Vítimas Feridas";"Anoitecer";"Decrescente";"Céu Claro";"Simples";"Reta";"Não";3;0;0;2;0;1;2;2;-16,39010217;-43,18498135;"SPRF-MG";"DEL12-MG";"UOP01-DEL12-MG"
356873;2021-05-10;"segunda-feira";"13:30:00";"RS";386;354;"ESTRELA";"Acessar a via sem observar a presença dos outros veículos";"Colisão transversal";"Com Vítimas Feridas";"Pleno dia";"Decrescente";"Sol";"Dupla";"Reta";"Sim";3;0;1;0;1;1;1;3;-29,506611;-51,943012;"SPRF-RS";"DEL04-RS";"UOP02-DEL04-RS"
356874;2021-05-10;"segunda-feira";"13:30:00";"ES";101;292,9;"CARIACICA";"Manobra de mudança de faixa";"Colisão lateral mesmo sentido";"Com Vítimas Feridas";"Pleno dia";"Decrescente";"Céu Claro";"Dupla";"Reta;Em Obras";"Sim";3;0;1;0;1;1;1;3;-20,31526144;-40,39567044;"SPRF-ES";"DEL01-ES";"UOP01-DEL01-ES"
356876;2021-04-22;"quinta-feira";"20:57:00";"PB";101;122,7;"CAAPORA";"Carga excessiva e/ou mal acondicionada";"Colisão lateral mesmo sentido";"Sem Vítimas";"Plena Noite";"Crescente";"Céu Claro";"Dupla";"Declive";"Não";3;0;0;0;2;2;0;4;-7,45038197;-34,97994215;"SPRF-PB";"DEL01-PB";"UOP02-DEL01-PB"
356881;2021-05-10;"segunda-feira";"14:30:00";"PR";277;729;"FOZ DO IGUACU";"Demais falhas mecânicas ou elétricas";"Saída de leito carroçável";"Sem Vítimas";"Pleno dia";"Decrescente";"Céu Claro";"Dupla";"Reta";"Sim";1;0;0;0;1;0;0;1;-25,50749887;-54,58379896;"SPRF-PR";"DEL05-PR";"UOP03-DEL05-PR"
356886;2021-05-10;"segunda-feira";"03:40:00";"MG";365;539,4;"ROMARIA";"Condutor Dormindo";"Saída de leito carroçável";"Com Vítimas Feridas";"Plena Noite";"Decrescente";"Céu Claro";"Simples";"Interseção de Vias";"Não";2;0;0;1;0;1;1;2;-18,93303053;-47,58149306;"SPRF-MG";"DEL10-MG";"UOP01-DEL10-MG"
356887;2021-05-10;"segunda-feira";"13:50:00";"MS";163;418,1;"NOVA ALVORADA DO SUL";"Acessar a via sem observar a presença dos outros veículos";"Colisão transversal";"Com Vítimas Feridas";"Pleno dia";"Crescente";"Sol";"Simples";"Reta";"Não";2;0;0;1;1;0;1;2;-21,00893181;-54,50876798;"SPRF-MS";"DEL02-MS";"UOP01-DEL02-MS"
356891;2021-02-07;"domingo";"16:15:00";"MG";381;422;"CAETE";"Velocidade Incompatível";"Colisão traseira";"Com Vítimas Feridas";"Pleno dia";"Crescente";"Chuva";"Dupla";"Reta";"Não";3;0;0;2;1;0;2;2;-19,78353087;-43,66633394;"SPRF-MG";"DEL01-MG";"UOP01-DEL01-MG"
356900;2021-05-10;"segunda-feira";"14:35:00";"MA";135;16,1;"SAO LUIS";"Estacionar ou parar em local proibido";"Colisão lateral mesmo sentido";"Com Vítimas Feridas";"Pleno dia";"Crescente";"Céu Claro";"Dupla";"Reta";"Sim";2;0;1;0;1;0;1;2;-2,70264079;-44,31049629;"SPRF-MA";"DEL01-MA";"UOP01-DEL01-MA"
356906;2021-05-10;"segunda-feira";"09:50:00";"PR";153;135,9;"VENTANIA";"Curva acentuada";"Tombamento";"Com Vítimas Feridas";"Pleno dia";"Crescente";"Céu Claro";"Simples";"Curva";"Não";2;0;1;0;0;1;1;2;-24,042482;-50,250282;"SPRF-PR";"DEL07-PR";"UOP04-DEL07-PR"
356907;2021-05-10;"segunda-feira";"11:45:00";"MT";163;1068;"GUARANTA DO NORTE";"Reação tardia ou ineficiente do condutor";"Engavetamento";"Com Vítimas Feridas";"Pleno dia";"Decrescente";"Céu Claro";"Simples";"Reta";"Não";4;0;2;0;2;0;2;3;-9,91365263;-54,90368932;"SPRF-MT";"DEL06-MT";"NPF/DEL06-MT"
356909;2021-05-10;"segunda-feira";"11:30:00";"MT";163;1104;"GUARANTA DO NORTE";"Problema com o freio";"Tombamento";"Com Vítimas Feridas";"Pleno dia";"Decrescente";"Céu Claro";"Simples";"Declive;Curva";"Não";2;0;1;0;0;3;1;4;-9,60422762;-54,87742513;"SPRF-MT";"DEL06-MT";"NPF/DEL06-MT"
356914;2021-05-10;"segunda-feira";"17:15:00";"RN";101;103;"PARNAMIRIM";"Acessar a via sem observar a presença dos outros veículos";"Colisão lateral mesmo sentido";"Sem Vítimas";"Anoitecer";"Crescente";"Céu Claro";"Dupla";"Interseção de Vias";"Sim";2;0;0;0;2;0;0;2;-5,89034022;-35,24894996;"SPRF-RN";"DEL01-RN";"UOP01-DEL01-RN"
356921;2021-05-10;"segunda-feira";"18:00:00";"PB";230;24;"JOAO PESSOA";"Manobra de mudança de faixa";"Colisão lateral mesmo sentido";"Com Vítimas Feridas";"Plena Noite";"Decrescente";"Nublado";"Dupla";"Curva";"Sim";2;0;1;0;0;1;1;2;-7,1637;-34,8618;"SPRF-PB";"DEL01-PB";"UOP01-DEL01-PB"
356923;2021-05-10;"segunda-feira";"17:00:00";"SC";101;420;"ARARANGUA";"Condutor deixou de manter distância do veículo da frente";"Colisão traseira";"Com Vítimas Feridas";"Pleno dia";"Crescente";"Céu Claro";"Múltipla";"Reta";"Sim";2;0;0;1;1;0;1;2;-28,99380392;-49,55081408;"SPRF-SC";"DEL02-SC";"UOP02-DEL02-SC"
356928;2021-05-10;"segunda-feira";"18:30:00";"PE";101;32,7;"IGARASSU";"Manobra de mudança de faixa";"Colisão lateral mesmo sentido";"Com Vítimas Feridas";"Plena Noite";"Decrescente";"Céu Claro";"Dupla";"Retorno Regulamentado";"Não";2;0;0;1;0;1;1;2;-7,75972891;-34,93565237;"SPRF-PE";"DEL01-PE";"UOP02-DEL01-PE"
356929;2021-05-10;"segunda-feira";"18:50:00";"AL";104;22;"UNIAO DOS PALMARES";"Velocidade Incompatível";"Colisão lateral sentido oposto";"Com Vítimas Fatais";"Plena Noite";"Decrescente";"Chuva";"Simples";"Curva";"Não";4;1;0;1;1;2;1;4;-9,07371688;-36,03702576;"SPRF-AL";"DEL01-AL";"UOP02-DEL01-AL"
356931;2021-05-10;"segunda-feira";"18:45:00";"SP";116;117;"TAUBATE";"Manobra de mudança de faixa";"Colisão lateral mesmo sentido";"Sem Vítimas";"Plena Noite";"Decrescente";"Céu Claro";"Dupla";"Reta";"Não";3;0;0;0;2;1;0;3;-23,0582298;-45,6176951;"SPRF-SP";"DEL02-SP";"UOP02-DEL02-SP"
356936;2021-05-10;"segunda-feira";"19:20:00";"CE";20;413,5;"MARACANAU";"Entrada inopinada do pedestre";"Atropelamento de Pedestre";"Com Vítimas Fatais";"Plena Noite";"Crescente";"Céu Claro";"Múltipla";"Reta";"Sim";2;1;0;0;0;1;0;2;-3,76999035;-38,67006282;"SPRF-CE";"DEL01-CE";"UOP01-DEL01-CE"
356940;2021-05-10;"segunda-feira";"17:00:00";"RS";293;180,1;"BAGE";"Faixas de trânsito com largura insuficiente";"Saída de leito carroçável";"Sem Vítimas";"Pleno dia";"Crescente";"Chuva";"Simples";"Reta";"Não";1;0;0;0;1;0;0;1;-31,29858439;-54,05057917;"SPRF-RS";"DEL11-RS";"UOP03-DEL11-RS"
356942;2021-05-10;"segunda-feira";"19:20:00";"PR";116;111;"CURITIBA";"Manobra de mudança de faixa";"Colisão traseira";"Com Vítimas Feridas";"Plena Noite";"Crescente";"Nublado";"Múltipla";"Reta";"Não";3;0;1;0;1;1;1;3;-25,56885181;-49,22724597;"SPRF-PR";"DEL01-PR";"UOP01-DEL01-PR"
356944;2021-05-10;"segunda-feira";"13:30:00";"MT";70;294;"PRIMAVERA DO LESTE";"Mal súbito do condutor";"Colisão lateral sentido oposto";"Sem Vítimas";"Pleno dia";"Crescente";"Céu Claro";"Simples";"Reta";"Sim";2;0;0;0;2;0;0;2;-15,57987428;-54,42092098;"SPRF-MT";"DEL05-MT";"UOP01-DEL05-MT"
356946;2021-05-10;"segunda-feira";"16:50:00";"RS";158;203;"CRUZ ALTA";"Demais falhas mecânicas ou elétricas";"Colisão com objeto";"Com Vítimas Feridas";"Pleno dia";"Crescente";"Céu Claro";"Simples";"Aclive";"Não";3;0;1;0;1;4;1;6;-28,71189103;-53,59961023;"SPRF-RS";"DEL10-RS";"UOP02-DEL10-RS"
356952;2021-05-10;"segunda-feira";"15:30:00";"SC";116;60,1;"PAPANDUVA";"Acessar a via sem observar a presença dos outros veículos";"Colisão transversal";"Com Vítimas Feridas";"Pleno dia";"Decrescente";"Céu Claro";"Simples";"Interseção de Vias";"Não";3;0;2;0;0;1;2;3;-26,38296807;-50,21675059;"SPRF-SC";"DEL06-SC";"UOP02-DEL06-SC"
356967;2021-05-10;"segunda-feira";"21:25:00";"SP";116;59;"GUARATINGUETA";"Manobra de mudança de faixa";"Colisão lateral mesmo sentido";"Com Vítimas Feridas";"Plena Noite";"Decrescente";"Nublado";"Dupla";"Reta";"Sim";4;0;0;1;2;1;1;3;-22,78555649;-45,15339465;"SPRF-SP";"DEL08-SP";"UOP01-DEL08-SP"
356969;2021-05-10;"segunda-feira";"22:00:00";"PR";116;5;"CAMPINA GRANDE DO SUL";"Reação tardia ou ineficiente do condutor";"Colisão traseira";"Com Vítimas Fatais";"Plena Noite";"Crescente";"Nublado";"Dupla";"Reta";"Não";5;2;0;0;2;1;0;3;-25,08301297;-48,59994703;"SPRF-PR";"DEL01-PR";"UOP02-DEL01-PR"
356970;2021-05-10;"segunda-feira";"22:00:00";"SP";116;347,5;"MIRACATU";"Velocidade Incompatível";"Tombamento";"Com Vítimas Feridas";"Plena Noite";"Crescente";"Céu Claro";"Dupla";"Curva";"Não";1;0;1;0;0;0;1;1;-24,04699491;-47,19706111;"SPRF-SP";"DEL04-SP";"UOP02-DEL04-SP"
356972;2021-05-10;"segunda-feira";"22:15:00";"SP";116;347;"MIRACATU";"Reação tardia ou ineficiente do condutor";"Colisão lateral mesmo sentido";"Sem Vítimas";"Plena Noite";"Crescente";"Nevoeiro/Neblina";"Dupla";"Curva";"Não";4;0;0;0;3;2;0;4;-24,04699491;-47,19706111;"SPRF-SP";"DEL04-SP";"UOP02-DEL04-SP"
356973;2021-05-10;"segunda-feira";"22:30:00";"PR";116;126;"FAZENDA RIO GRANDE";"Condutor deixou de manter distância do veículo da frente";"Colisão traseira";"Com Vítimas Feridas";"Plena Noite";"Decrescente";"Nublado";"Dupla";"Reta";"Sim";4;0;1;0;2;2;1;5;-25,60389895;-49,31824423;"SPRF-PR";"DEL01-PR";"UOP03-DEL01-PR"
356977;2021-04-26;"segunda-feira";"00:45:00";"MT";163;605;"NOVA MUTUM";"Velocidade Incompatível";"Saída de leito carroçável";"Com Vítimas Feridas";"Plena Noite";"Crescente";"Céu Claro";"Simples";"Curva";"Não";2;0;1;0;0;1;1;2;-13,86351018;-56,08627166;"SPRF-MT";"DEL01-MT";"UOP01-DEL01-MT"
356981;2021-05-10;"segunda-feira";"14:00:00";"RR";174;684;"PACARAIMA";"Problema com o freio";"Colisão frontal";"Com Vítimas Feridas";"Pleno dia";"Crescente";"Chuva";"Simples";"Curva";"Não";3;0;0;1;2;0;1;2;4,290436;-61,075108;"SPRF-RR";"SEOP-RR";"SEOP-RR"
356983;2021-05-10;"segunda-feira";"17:25:00";"SC";101;304;"LAGUNA";"Condutor usando celular";"Saída de leito carroçável";"Com Vítimas Feridas";"Anoitecer";"Decrescente";"Sol";"Simples";"Reta";"Não";1;0;1;0;0;0;1;1;-28,36912427;-48,75686871;"SPRF-SC";"DEL02-SC";"UOP03-DEL02-SC"
356987;2021-05-10;"segunda-feira";"22:10:00";"PR";277;143,6;"BALSA NOVA";"Condutor deixou de manter distância do veículo da frente";"Colisão traseira";"Com Vítimas Feridas";"Plena Noite";"Crescente";"Céu Claro";"Simples";"Reta";"Não";4;0;1;1;1;1;2;4;-25,46178159;-49,75721285;"SPRF-PR";"DEL01-PR";"UOP03-DEL03-PR"
356991;2021-05-10;"segunda-feira";"23:00:00";"AL";101;124;"SAO MIGUEL DOS CAMPOS";"Velocidade Incompatível";"Saída de leito carroçável";"Com Vítimas Feridas";"Plena Noite";"Decrescente";"Chuva";"Simples";"Reta;Declive";"Não";4;0;3;0;0;2;3;3;-9,71109695;-36,04180208;"SPRF-AL";"DEL02-AL";"UOP01-DEL02-AL"
356995;2021-05-11;"terça-feira";"02:20:00";"MG";381;727,5;"CARMO DA CACHOEIRA";"Ausência de reação do condutor";"Colisão traseira";"Com Vítimas Feridas";"Plena Noite";"Crescente";"Nublado";"Dupla";"Curva";"Não";3;0;1;0;1;2;1;4;-21,48535696;-45,20576915;"SPRF-MG";"DEL04-MG";"UOP02-DEL04-MG"
357004;2021-03-28;"domingo";"03:50:00";"CE";116;322,3;"JAGUARIBE";"Velocidade Incompatível";"Saída de leito carroçável";"Com Vítimas Feridas";"Plena Noite";"Crescente";"Céu Claro";"Simples";"Reta";"Não";1;0;1;0;0;0;1;1;-6,017489;-38,641164;"SPRF-CE";"DEL05-CE";"UOP02-DEL05-CE"
357014;2021-05-11;"terça-feira";"06:20:00";"MT";364;458;"VARZEA GRANDE";"Entrada inopinada do pedestre";"Atropelamento de Pedestre";"Com Vítimas Feridas";"Pleno dia";"Decrescente";"Céu Claro";"Simples";"Reta";"Não";4;0;0;1;2;1;1;2;-15,54445596;-56,27418792;"SPRF-MT";"DEL01-MT";"UOP02-DEL01-MT"
357028;2021-05-11;"terça-feira";"08:30:00";"MG";381;479,3;"CONTAGEM";"Entrada inopinada do pedestre";"Atropelamento de Pedestre";"Com Vítimas Feridas";"Pleno dia";"Decrescente";"Sol";"Múltipla";"Reta";"Sim";3;0;0;1;1;1;1;2;-19,96338596;-44,04882431;"SPRF-MG";"DEL01-MG";"UOP03-DEL01-MG"
357029;2021-05-11;"terça-feira";"07:50:00";"PR";376;203,5;"MANDAGUARI";"Ausência de reação do condutor";"Colisão traseira";"Com Vítimas Feridas";"Pleno dia";"Decrescente";"Céu Claro";"Dupla";"Reta";"Não";3;0;1;0;1;1;1;3;-23,50951388;-51,72140497;"SPRF-PR";"DEL09-PR";"UOP01-DEL09-PR"
357030;2021-05-11;"terça-feira";"04:20:00";"MG";364;7,8;"PLANURA";"Demais falhas mecânicas ou elétricas";"Incêndio";"Sem Vítimas";"Plena Noite";"Decrescente";"Céu Claro";"Simples";"Aclive";"Não";3;0;0;0;2;1;0;2;-20,111899;-48,731558;"SPRF-MG";"DEL13-MG";"UOP02-DEL13-MG"
357033;2021-04-17;"sábado";"02:30:00";"PE";232;173;"BELO JARDIM";"Transitar na contramão";"Colisão frontal";"Com Vítimas Feridas";"Plena Noite";"Decrescente";"Céu Claro";"Simples";"Reta";"Não";2;0;0;1;1;0;1;2;-8,33916255;-36,36917103;"SPRF-PE";"DEL02-PE";"UOP03-DEL02-PE"
357038;2021-04-26;"segunda-feira";"05:45:00";"CE";116;66;"CHOROZINHO";"Transitar na contramão";"Colisão frontal";"Com Vítimas Feridas";"Amanhecer";"Decrescente";"Céu Claro";"Simples";"Reta";"Não";5;0;0;1;3;1;1;3;-4,297529;-38,501347;"SPRF-CE";"DEL03-CE";"UOP02-DEL03-CE"
357039;2021-01-26;"terça-feira";"14:30:00";"BA";30;876;"MARAU";"Pista Escorregadia";"Colisão frontal";"Com Vítimas Feridas";"Pleno dia";"Crescente";"Ignorado";"Simples";"Curva";"Não";5;0;1;0;2;2;1;2;-14,23318676;-39,10935402;"SPRF-BA";"DEL05-BA";"UOP01-DEL05-BA"
357041;2021-05-11;"terça-feira";"09:40:00";"RS";470;155,2;"NOVA PRATA";"Reação tardia ou ineficiente do condutor";"Colisão traseira";"Com Vítimas Feridas";"Pleno dia";"Crescente";"Nublado";"Simples";"Reta";"Não";2;0;1;0;1;0;1;2;-28,76744045;-51,6223821;"SPRF-RS";"DEL06-RS";"UOP02-DEL06-RS"
357044;2021-02-17;"quarta-feira";"00:50:00";"MG";40;780,8;"JUIZ DE FORA";"Estacionar ou parar em local proibido";"Colisão lateral";"Com Vítimas Feridas";"Plena Noite";"Decrescente";"Nublado";"Dupla";"Reta";"Não";3;0;0;1;1;1;1;3;-21,67939981;-43,44987329;"SPRF-MG";"DEL05-MG";"UOP01-DEL05-MG"
357045;2021-04-20;"terça-feira";"19:30:00";"BA";116;0;"ABARE";"Acessar a via sem observar a presença dos outros veículos";"Colisão transversal";"Com Vítimas Fatais";"Plena Noite";"Crescente";"Céu Claro";"Simples";"Reta";"Não";4;2;0;1;0;1;1;4;-8,69703215;-39,26009785;"SPRF-PE";"DEL05-PE";"UOP01-DEL05-PE"
357048;2021-04-29;"quinta-feira";"22:30:00";"MS";158;219;"SELVIRIA";"Demais falhas mecânicas ou elétricas";"Tombamento";"Com Vítimas Feridas";"Plena Noite";"Decrescente";"Céu Claro";"Simples";"Reta";"Não";3;0;2;0;0;2;2;3;-20,497183;-51,563154;"SPRF-MS";"DEL07-MS";"UOP01-DEL07-MS"
357051;2021-05-11;"terça-feira";"09:10:00";"SC";470;127;"LONTRAS";"Reação tardia ou ineficiente do condutor";"Colisão lateral sentido oposto";"Com Vítimas Feridas";"Pleno dia";"Crescente";"Nublado";"Simples";"Aclive";"Não";4;0;3;0;0;1;3;3;-27,13163956;-49,53846931;"SPRF-SC";"DEL04-SC";"UOP02-DEL04-SC"
357054;2021-05-11;"terça-feira";"09:30:00";"PE";428;1;"BELEM DE SAO FRANCISCO";"Demais falhas mecânicas ou elétricas";"Incêndio";"Sem Vítimas";"Pleno dia";"Crescente";"Nublado";"Simples";"Reta";"Não";2;0;0;0;1;2;0;3;-8,54390248;-39,23498024;"SPRF-PE";"DEL05-PE";"UOP01-DEL05-PE"
357063;2021-04-29;"quinta-feira";"21:30:00";"GO";364;309,9;"MINEIROS";"Transitar na contramão";"Colisão frontal";"Com Vítimas Feridas";"Plena Noite";"Decrescente";"Céu Claro";"Simples";"Reta";"Não";3;0;0;1;1;2;1;4;-17,492758;-52,547817;"SPRF-GO";"DEL05-GO";"UOP01-DEL05-GO"
357066;2021-05-11;"terça-feira";"09:00:00";"SP";381;89;"GUARULHOS";"Condutor deixou de manter distância do veículo da frente";"Colisão traseira";"Com Vítimas Feridas";"Pleno dia";"Crescente";"Céu Claro";"Dupla";"Reta";"Sim";2;0;1;0;1;0;1;2;-23,48469299;-46,55983288;"SPRF-SP";"DEL03-SP";"UOP01-DEL03-SP"
357068;2021-05-11;"terça-feira";"11:30:00";"SP";381;85;"SAO PAULO";"Manobra de mudança de faixa";"Colisão transversal";"Com Vítimas Feridas";"Pleno dia";"Decrescente";"Céu Claro";"Múltipla";"Reta";"Não";3;0;1;0;1;3;1;5;-23,39846757;-46,53830856;"SPRF-SP";"DEL03-SP";"UOP01-DEL03-SP"
357073;2021-05-11;"terça-feira";"13:30:00";"CE";222;16,5;"CAUCAIA";"Entrada inopinada do pedestre";"Atropelamento de Pedestre";"Com Vítimas Fatais";"Pleno dia";"Crescente";"Céu Claro";"Simples";"Reta";"Não";2;1;0;0;1;0;0;2;-3,75732129;-38,70346015;"SPRF-CE";"DEL01-CE";"UOP01-DEL01-CE"
357074;2021-05-11;"terça-feira";"13:30:00";"MG";40;663;"CARANDAI";"Demais falhas mecânicas ou elétricas";"Colisão com objeto";"Com Vítimas Feridas";"Pleno dia";"Decrescente";"Céu Claro";"Simples";"Curva";"Não";1;0;1;0;0;0;1;1;-20,92154477;-43,82273369;"SPRF-MG";"DEL05-MG";"UOP02-DEL05-MG"
357075;2021-03-24;"quarta-feira";"20:30:00";"PA";230;116,7;"MARABA";"Condutor desrespeitou a iluminação vermelha do semáforo";"Colisão transversal";"Com Vítimas Feridas";"Plena Noite";"Decrescente";"Nublado";"Múltipla";"Interseção de Vias";"Sim";4;0;3;0;1;0;3;2;-5,35947454;-49,08301084;"SPRF-PA";"DEL03-PA";"UOP01-DEL03-PA"
357079;2021-05-11;"terça-feira";"14:10:00";"PR";476;265,5;"SAO MATEUS DO SUL";"Acessar a via sem observar a presença dos outros veículos";"Colisão transversal";"Com Vítimas Feridas";"Pleno dia";"Crescente";"Céu Claro";"Simples";"Curva";"Não";3;0;0;2;1;0;2;2;-25,891741;-50,292095;"SPRF-PR";"DEL02-PR";"UOP04-DEL02-PR"
357094;2021-05-03;"segunda-feira";"07:40:00";"PE";101;152;"RIBEIRAO";"Reação tardia ou ineficiente do condutor";"Tombamento";"Com Vítimas Feridas";"Pleno dia";"Decrescente";"Céu Claro";"Dupla";"Interseção de Vias";"Sim";2;0;1;0;0;1;1;2;-8,510038;-35,385747;"SPRF-PE";"DEL01-PE";"UOP01-DEL01-PE"
357096;2021-05-11;"terça-feira";"15:40:00";"PR";116;114;"CURITIBA";"Trafegar com motocicleta (ou similar) entre as faixas";"Colisão lateral mesmo sentido";"Com Vítimas Feridas";"Pleno dia";"Crescente";"Céu Claro";"Dupla";"Reta";"Não";2;0;1;0;1;0;1;2;-25,56296907;-49,25643801;"SPRF-PR";"DEL01-PR";"UOP01-DEL01-PR"
357102;2021-05-11;"terça-feira";"12:30:00";"MG";40;175,5;"JOAO PINHEIRO";"Velocidade Incompatível";"Saída de leito carroçável";"Com Vítimas Feridas";"Pleno dia";"Decrescente";"Céu Claro";"Simples";"Reta";"Não";2;0;1;0;0;1;1;2;-17,97089551;-45,98464966;"SPRF-MG";"DEL14-MG";"UOP02-DEL14-MG"
357103;2021-05-11;"terça-feira";"16:30:00";"GO";40;12;"LUZIANIA";"Acessar a via sem observar a presença dos outros veículos";"Colisão transversal";"Com Vítimas Feridas";"Pleno dia";"Decrescente";"Céu Claro";"Dupla";"Reta";"Sim";2;0;0;1;1;0;1;2;-16,145123;-47,945382;"SPRF-DF";"DEL01-DF";"UOP01-DEL01-DF"
357104;2021-05-11;"terça-feira";"08:30:00";"PI";135;486;"MONTE ALEGRE DO PIAUI";"Ultrapassagem Indevida";"Colisão traseira";"Com Vítimas Feridas";"Pleno dia";"Decrescente";"Céu Claro";"Simples";"Aclive";"Não";3;0;1;0;1;2;1;4;-9,71982889;-45,14838009;"SPRF-PI";"DEL03-PI";"UOP02-DEL03-PI"
357105;2021-05-11;"terça-feira";"01:00:00";"PE";232;356;"FLORES";"Velocidade Incompatível";"Saída de leito carroçável";"Com Vítimas Feridas";"Plena Noite";"Decrescente";"Garoa/Chuvisco";"Simples";"Curva";"Não";2;0;1;0;0;1;1;2;-8,04849067;-37,84054579;"SPRF-PE";"DEL04-PE";"UOP01-DEL04-PE"
357110;2021-05-11;"terça-feira";"13:15:00";"MG";116;365,9;"FREI INOCENCIO";"Acessar a via sem observar a presença dos outros veículos";"Colisão transversal";"Com Vítimas Feridas";"Pleno dia";"Decrescente";"Céu Claro";"Simples";"Reta";"Não";2;0;1;0;1;0;1;2;-18,49940817;-41,87537875;"SPRF-MG";"DEL11-MG";"UOP01-DEL11-MG"
357112;2021-05-11;"terça-feira";"13:50:00";"MG";381;907,5;"CAMBUI";"Demais falhas mecânicas ou elétricas";"Derramamento de carga";"Sem Vítimas";"Pleno dia";"Crescente";"Céu Claro";"Dupla";"Reta";"Não";2;0;0;0;1;1;0;2;-22,71022398;-46,12178305;"SPRF-MG";"DEL16-MG";"UOP03-DEL16-MG"
357128;2021-05-11;"terça-feira";"18:00:00";"SC";470;46,6;"BLUMENAU";"Transitar na contramão";"Colisão frontal";"Com Vítimas Feridas";"Anoitecer";"Crescente";"Garoa/Chuvisco";"Simples";"Reta";"Não";3;0;0;1;2;0;1;2;-26,864044;-49,046516;"SPRF-SC";"DEL04-SC";"UOP01-DEL04-SC"
357132;2021-05-11;"terça-feira";"17:50:00";"BA";116;428,1;"FEIRA DE SANTANA";"Animais na Pista";"Atropelamento de Animal";"Com Vítimas Fatais";"Plena Noite";"Crescente";"Céu Claro";"Dupla";"Reta";"Sim";3;1;1;0;1;0;1;2;-12,28407;-38,9993;"SPRF-BA";"DEL02-BA";"UOP01-DEL02-BA"
357135;2021-02-08;"segunda-feira";"17:20:00";"MG";40;735,1;"SANTOS DUMONT";"Velocidade Incompatível";"Tombamento";"Com Vítimas Feridas";"Pleno dia";"Crescente";"Nublado";"Simples";"Curva";"Não";2;0;0;1;0;1;1;2;-21,37012696;-43,57558994;"SPRF-MG";"DEL05-MG";"UOP01-DEL05-MG"
357145;2021-05-11;"terça-feira";"16:15:00";"RS";285;333,4;"CARAZINHO";"Ausência de reação do condutor";"Saída de leito carroçável";"Sem Vítimas";"Pleno dia";"Crescente";"Chuva";"Simples";"Interseção de Vias";"Não";2;0;0;0;0;2;0;2;-28,30045103;-52,74398804;"SPRF-RS";"DEL08-RS";"UOP03-DEL08-RS"
357147;2021-05-11;"terça-feira";"19:30:00";"ES";482;86,4;"ALEGRE";"Velocidade Incompatível";"Colisão traseira";"Com Vítimas Feridas";"Plena Noite";"Decrescente";"Céu Claro";"Simples";"Curva";"Não";8;0;5;3;0;0;8;3;-20,75554296;-41,56025302;"SPRF-ES";"DEL03-ES";"UOP02-DEL03-ES"
357151;2021-05-11;"terça-feira";"20:35:00";"MG";381;525,5;"BRUMADINHO";"Velocidade Incompatível";"Tombamento";"Com Vítimas Fatais";"Plena Noite";"Crescente";"Céu Claro";"Dupla";"Curva";"Não";2;1;0;0;0;1;0;2;-20,160736;-44,329843;"SPRF-MG";"DEL04-MG";"UOP03-DEL04-MG"
357155;2021-05-11;"terça-feira";"21:00:00";"SC";101;24,5;"JOINVILLE";"Ingestão de álcool pelo condutor";"Colisão transversal";"Com Vítimas Feridas";"Plena Noite";"Crescente";"Chuva";"Simples";"Reta";"Não";5;0;3;0;1;1;3;3;-26,17483309;-48,90767978;"SPRF-SC";"DEL03-SC";"UOP01-DEL03-SC"