"id";"data_inversa";"dia_semana";"horario";"uf";"br";"km";"municipio";"causa_acidente";"tipo_acidente";"classificacao_acidente";"fase_dia";"sentido_via";"condicao_metereologica";"tipo_pista";"tracado_via";"uso_solo";"pessoas";"mortos";"feridos_leves";"feridos_graves";"ilesos";"ignorados";"feridos";"veiculos";"latitude";"longitude";"regional";"delegacia";"uop"
357438;2021-05-13;"quinta-feira";"05:20:00";"MG";116;541,3;"SANTA RITA DE MINAS";"Velocidade Incompatível";"Tombamento";"Com Vítimas Feridas";"Plena Noite";"Decrescente";"Céu Claro";"Simples";"Curva";"Não";2;0;0;1;0;1;1;2;-19,88822098;-42,13797569;"SPRF-MG";"DEL06-MG";"UOP02-DEL06-MG"
357441;2021-05-13;"quinta-feira";"10:00:00";"MG";40;520;"CONTAGEM";"Velocidade Incompatível";"Colisão traseira";"Com Vítimas Feridas";"Pleno dia";"Crescente";"Céu Claro";"Dupla";"Interseção de Vias";"Sim";3;0;0;2;1;0;2;2;-19,84761911;-44,07276144;"SPRF-MG";"DEL01-MG";"UOP02-DEL01-MG"
357446;2021-04-26;"segunda-feira";"14:00:00";"ES";101;264,4;"SERRA";"Reação tardia ou ineficiente do condutor";"Colisão traseira";"Com Vítimas Feridas";"Pleno dia";"Decrescente";"Nublado";"Múltipla";"Interseção de Vias;Reta";"Sim";6;0;1;0;4;2;1;4;-20,17292791;-40,26736384;"SPRF-ES";"DEL02-ES";"UOP01-DEL02-ES"
357454;2021-02-19;"sexta-feira";"01:10:00";"MG";251;472,1;"FRANCISCO SA";"Reação tardia ou ineficiente do condutor";"Tombamento";"Com Vítimas Fatais";"Amanhecer";"Crescente";"Chuva";"Simples";"Curva;Declive";"Não";1;1;0;0;0;0;0;1;-16,4715353;-43,425593;"SPRF-MG";"DEL12-MG";"UOP01-DEL12-MG"
357458;2021-05-13;"quinta-feira";"12:40:00";"CE";116;12;"FORTALEZA";"Condutor deixou de manter distância do veículo da frente";"Colisão traseira";"Sem Vítimas";"Pleno dia";"Decrescente";"Chuva";"Dupla";"Reta";"Sim";2;0;0;0;1;1;0;2;-3,852077;-38,495525;"SPRF-CE";"DEL01-CE";"UOP02-DEL01-CE"
357459;2021-05-13;"quinta-feira";"10:20:00";"SE";101;153,9;"ESTANCIA";"Reação tardia ou ineficiente do condutor";"Colisão traseira";"Sem Vítimas";"Pleno dia";"Decrescente";"Chuva";"Simples";"Reta";"Não";4;0;0;0;3;4;0;7;-11,28580304;-37,45713472;"SPRF-SE";"DEL02-SE";"UOP01-DEL02-SE"
357463;2021-05-13;"quinta-feira";"13:25:00";"CE";116;61,5;"CHOROZINHO";"Transitar na contramão";"Colisão frontal";"Com Vítimas Feridas";"Pleno dia";"Decrescente";"Chuva";"Simples";"Aclive;Reta";"Não";3;0;0;1;2;0;1;2;-4,25539588;-38,48633338;"SPRF-CE";"DEL03-CE";"UOP02-DEL03-CE"
357464;2021-05-13;"quinta-feira";"11:25:00";"CE";222;121,6;"ITAPAJE";"Acessar a via sem observar a presença dos outros veículos";"Colisão transversal";"Com Vítimas Feridas";"Pleno dia";"Crescente";"Céu Claro";"Simples";"Curva;Declive";"Sim";3;0;1;0;2;0;1;2;-3,70701491;-39,56968688;"SPRF-CE";"DEL04-CE";"UOP03-DEL04-CE"
357465;2021-05-13;"quinta-feira";"12:15:00";"CE";116;146;"RUSSAS";"Acumulo de água sobre o pavimento";"Colisão frontal";"Com Vítimas Fatais";"Pleno dia";"Crescente";"Chuva";"Simples";"Curva";"Não";3;1;0;0;1;1;0;3;-4,80514594;-38,06055534;"SPRF-CE";"DEL03-CE";"UOP01-DEL03-CE"
357466;2021-05-13;"quinta-feira";"13:25:00";"PR";158;533,6;"PATO BRANCO";"Condutor deixou de manter distância do veículo da frente";"Colisão traseira";"Sem Vítimas";"Pleno dia";"Decrescente";"Céu Claro";"Simples";"Reta;Declive";"Sim";4;0;0;0;2;3;0;5;-26,21972809;-52,68262891;"SPRF-PR";"DEL02-PR";"UOP01-DEL02-PR"
357474;2021-05-13;"quinta-feira";"12:30:00";"RJ";101;564;"PARATY";"Mal súbito do condutor";"Colisão frontal";"Com Vítimas Feridas";"Pleno dia";"Crescente";"Nublado";"Simples";"Reta";"Não";2;0;0;1;1;0;1;2;-23,14344223;-44,69851328;"SPRF-RJ";"DEL03-RJ";"UOP04-DEL03-RJ"
357476;2021-03-19;"sexta-feira";"19:10:00";"RJ";101;458;"ANGRA DOS REIS";"Condutor deixou de manter distância do veículo da frente";"Colisão traseira";"Sem Vítimas";"Plena Noite";"Crescente";"Ignorado";"Simples";"Reta";"Não";3;0;0;0;3;0;0;3;-23,03683131;-44,18354295;"SPRF-RJ";"DEL03-RJ";"UOP03-DEL03-RJ"
357478;2021-05-13;"quinta-feira";"14:00:00";"MS";267;139;"NOVA ANDRADINA";"Reação tardia ou ineficiente do condutor";"Colisão transversal";"Com Vítimas Feridas";"Pleno dia";"Crescente";"Céu Claro";"Simples";"Reta";"Não";3;0;0;1;1;1;1;3;-21,69205515;-53,37886808;"SPRF-MS";"DEL02-MS";"UOP03-DEL02-MS"
357479;2021-05-13;"quinta-feira";"13:50:00";"MT";364;521;"VARZEA GRANDE";"Condutor deixou de manter distância do veículo da frente";"Tombamento";"Sem Vítimas";"Pleno dia";"Decrescente";"Sol";"Simples";"Reta";"Sim";2;0;0;0;1;2;0;3;-15,67031267;-56,18030548;"SPRF-MT";"DEL01-MT";"UOP01-DEL01-MT"
357486;2021-05-13;"quinta-feira";"16:35:00";"SC";470;59,9;"BLUMENAU";"Condutor deixou de manter distância do veículo da frente";"Colisão traseira";"Com Vítimas Feridas";"Pleno dia";"Decrescente";"Sol";"Simples";"Reta";"Não";2;0;1;0;1;0;1;2;-26,882812;-49,1548;"SPRF-SC";"DEL04-SC";"UOP01-DEL04-SC"
357493;2021-05-13;"quinta-feira";"16:50:00";"RS";386;440,1;"CANOAS";"Manobra de mudança de faixa";"Colisão lateral mesmo sentido";"Com Vítimas Feridas";"Pleno dia";"Crescente";"Céu Claro";"Dupla";"Declive;Reta";"Sim";5;0;4;0;1;0;4;2;-29,878265;-51,241951;"SPRF-RS";"DEL01-RS";"UOP01-DEL01-RS"
357496;2021-05-13;"quinta-feira";"12:20:00";"RS";153;2,5;"MARCELINO RAMOS";"Demais falhas mecânicas ou elétricas";"Incêndio";"Sem Vítimas";"Pleno dia";"Crescente";"Céu Claro";"Simples";"Curva";"Não";2;0;0;0;1;1;0;2;-27,38262;-52,00052;"SPRF-RS";"DEL08-RS";"UOP04-DEL08-RS"
357500;2021-05-13;"quinta-feira";"17:35:00";"PR";158;530,5;"PATO BRANCO";"Acessar a via sem observar a presença dos outros veículos";"Colisão transversal";"Com Vítimas Feridas";"Pleno dia";"Decrescente";"Céu Claro";"Simples";"Rotatória;Interseção de Vias;Reta";"Sim";4;0;1;0;3;0;1;2;-26,19909321;-52,67513037;"SPRF-PR";"DEL02-PR";"UOP01-DEL02-PR"
357506;2021-05-13;"quinta-feira";"11:27:00";"PR";376;676;"GUARATUBA";"Manobra de mudança de faixa";"Saída de leito carroçável";"Sem Vítimas";"Pleno dia";"Decrescente";"Nublado";"Dupla";"Aclive";"Não";1;0;0;0;1;0;0;1;-25,9253011022;-48,9146531294;"SPRF-PR";"DEL01-PR";"UOP04-DEL01-PR"
357509;2021-05-13;"quinta-feira";"17:00:00";"MG";116;330;"CAMPANARIO";"Entrada inopinada do pedestre";"Atropelamento de Pedestre";"Com Vítimas Feridas";"Pleno dia";"Decrescente";"Céu Claro";"Simples";"Reta";"Sim";2;0;0;1;1;0;1;2;-18,23813927;-41,72898363;"SPRF-MG";"DEL11-MG";"UOP01-DEL11-MG"
357512;2021-05-13;"quinta-feira";"18:28:00";"MT";163;542,8;"DIAMANTINO";"Demais falhas mecânicas ou elétricas";"Incêndio";"Sem Vítimas";"Plena Noite";"Crescente";"Céu Claro";"Simples";"Reta";"Não";2;0;0;0;1;3;0;4;-14,37039023;-56,13386022;"SPRF-MT";"DEL01-MT";"UOP01-DEL01-MT"
357514;2021-05-13;"quinta-feira";"18:50:00";"PB";101;104,8;"ALHANDRA";"Ausência de reação do condutor";"Atropelamento de Pedestre";"Com Vítimas Fatais";"Anoitecer";"Crescente";"Chuva";"Dupla";"Retorno Regulamentado";"Não";2;1;0;0;0;1;0;2;-7,30029088;-34,93888622;"SPRF-PB";"DEL01-PB";"UOP02-DEL01-PB"
357515;2021-03-05;"sexta-feira";"20:35:00";"PE";232;255,4;"ARCOVERDE";"Transitar na contramão";"Colisão frontal";"Com Vítimas Fatais";"Plena Noite";"Decrescente";"Céu Claro";"Simples";"Reta";"Sim";2;1;0;0;1;0;0;2;-8,4124021;-37,08493608;"SPRF-PE";"DEL03-PE";"UOP02-DEL03-PE"
357522;2021-05-13;"quinta-feira";"19:00:00";"SP";116;326,7;"JUQUITIBA";"Entrada inopinada do pedestre";"Atropelamento de Pedestre";"Com Vítimas Fatais";"Plena Noite";"Crescente";"Céu Claro";"Dupla";"Reta";"Sim";2;1;0;0;0;1;0;2;-23,93901304;-47,06241203;"SPRF-SP";"DEL04-SP";"UOP01-DEL04-SP"
357524;2021-05-13;"quinta-feira";"19:28:00";"CE";116;67,4;"CHOROZINHO";"Transitar na contramão";"Colisão frontal";"Com Vítimas Fatais";"Plena Noite";"Decrescente";"Garoa/Chuvisco";"Simples";"Reta";"Não";2;1;0;0;1;0;0;2;-4,3061949;-38,50142278;"SPRF-CE";"DEL03-CE";"UOP02-DEL03-CE"
357527;2021-05-13;"quinta-feira";"19:45:00";"RS";116;268;"CANOAS";"Condutor deixou de manter distância do veículo da frente";"Engavetamento";"Sem Vítimas";"Plena Noite";"Decrescente";"Céu Claro";"Múltipla";"Reta";"Sim";4;0;0;0;3;1;0;4;-29,95042502;-51,17652939;"SPRF-RS";"DEL01-RS";"UOP01-DEL01-RS"
357529;2021-05-13;"quinta-feira";"19:52:00";"SC";101;35,2;"JOINVILLE";"Reação tardia ou ineficiente do condutor";"Colisão traseira";"Com Vítimas Feridas";"Plena Noite";"Crescente";"Céu Claro";"Dupla";"Reta";"Não";3;0;1;0;1;2;1;4;-26,271078;-48,89491081;"SPRF-SC";"DEL03-SC";"UOP01-DEL03-SC"
357534;2021-05-13;"quinta-feira";"19:50:00";"MS";163;615;"SAO GABRIEL DO OESTE";"Acessar a via sem observar a presença dos outros veículos";"Colisão transversal";"Sem Vítimas";"Plena Noite";"Crescente";"Céu Claro";"Dupla";"Interseção de Vias";"Sim";2;0;0;0;1;1;0;2;-19,39850778;-54,56579964;"SPRF-MS";"DEL06-MS";"UOP02-DEL06-MS"
357535;2021-05-13;"quinta-feira";"18:20:00";"MG";381;789,9;"SAO GONCALO DO SAPUCAI";"Ausência de reação do condutor";"Colisão traseira";"Com Vítimas Feridas";"Plena Noite";"Crescente";"Nublado";"Dupla";"Reta";"Não";3;0;1;0;1;2;1;4;-21,9086826;-45,57042805;"SPRF-MG";"DEL16-MG";"UOP02-DEL16-MG"
357538;2021-05-13;"quinta-feira";"17:10:00";"MG";116;782;"LEOPOLDINA";"Velocidade Incompatível";"Tombamento";"Com Vítimas Feridas";"Pleno dia";"Decrescente";"Nublado";"Simples";"Curva";"Não";2;0;1;0;0;1;1;2;-21,62223589;-42,69312807;"SPRF-MG";"DEL07-MG";"UOP01-DEL07-MG"
357540;2021-05-13;"quinta-feira";"20:00:00";"SC";116;69;"MONTE CASTELO";"Ingestão de álcool e/ou substâncias psicoativas pelo pedestre";"Colisão frontal";"Com Vítimas Feridas";"Plena Noite";"Decrescente";"Céu Claro";"Simples";"Reta";"Não";3;0;1;0;1;1;1;3;-26,46036818;-50,22889671;"SPRF-SC";"DEL06-SC";"UOP02-DEL06-SC"
357542;2021-05-13;"quinta-feira";"21:25:00";"MG";40;778,9;"JUIZ DE FORA";"Acessar a via sem observar a presença dos outros veículos";"Colisão lateral mesmo sentido";"Sem Vítimas";"Plena Noite";"Crescente";"Céu Claro";"Dupla";"Reta";"Não";3;0;0;0;2;2;0;4;-21,66781291;-43,43631526;"SPRF-MG";"DEL05-MG";"UOP01-DEL05-MG"
357545;2021-05-13;"quinta-feira";"21:00:00";"MT";364;139;"PEDRA PRETA";"Carga excessiva e/ou mal acondicionada";"Tombamento";"Sem Vítimas";"Plena Noite";"Decrescente";"Céu Claro";"Simples";"Curva";"Não";2;0;0;0;1;3;0;4;-16,79340733;-54,19744492;"SPRF-MT";"DEL02-MT";"UOP01-DEL02-MT"
357549;2021-05-13;"quinta-feira";"22:30:00";"RO";364;198,4;"PIMENTA BUENO";"Ingestão de álcool pelo condutor";"Colisão traseira";"Com Vítimas Feridas";"Plena Noite";"Decrescente";"Céu Claro";"Simples";"Ponte;Reta";"Sim";4;0;0;1;2;1;1;4;-11,666882;-61,191926;"SPRF-RO";"DEL02-RO";"UOP02-DEL02-RO"
357552;2021-05-13;"quinta-feira";"20:00:00";"RJ";40;94;"DUQUE DE CAXIAS";"Problema com o freio";"Colisão com objeto";"Com Vítimas Feridas";"Plena Noite";"Crescente";"Garoa/Chuvisco";"Simples";"Curva";"Não";1;0;1;0;0;0;1;1;-22,55763285;-43,26574352;"SPRF-RJ";"DEL01-RJ";"UOP01-DEL01-RJ"
357553;2021-05-13;"quinta-feira";"22:45:00";"SC";470;62,7;"INDAIAL";"Ausência de reação do condutor";"Colisão traseira";"Com Vítimas Fatais";"Plena Noite";"Decrescente";"Céu Claro";"Simples";"Curva";"Não";2;1;0;0;0;1;0;2;-26,8721664;-49,1930899;"SPRF-SC";"DEL04-SC";"UOP01-DEL04-SC"
357554;2021-05-13;"quinta-feira";"19:00:00";"SC";470;120,7;"IBIRAMA";"Transitar na contramão";"Colisão lateral sentido oposto";"Sem Vítimas";"Plena Noite";"Decrescente";"Nublado";"Simples";"Curva";"Não";3;0;0;0;1;3;0;4;-27,089924;-49,520416;"SPRF-SC";"DEL04-SC";"UOP02-DEL04-SC"
357556;2021-05-13;"quinta-feira";"18:40:00";"MT";174;335;"PONTES E LACERDA";"Reação tardia ou ineficiente do condutor";"Colisão traseira";"Com Vítimas Fatais";"Anoitecer";"Decrescente";"Céu Claro";"Simples";"Reta";"Não";3;1;0;0;1;1;0;3;-14,84077892;-59,31198487;"SPRF-MT";"DEL04-MT";"UOP01-DEL04-MT"
357557;2021-05-13;"quinta-feira";"21:50:00";"RS";290;94;"PORTO ALEGRE";"Ausência de reação do condutor";"Colisão com objeto";"Sem Vítimas";"Plena Noite";"Decrescente";"Céu Claro";"Múltipla";"Reta";"Sim";2;0;0;0;1;1;0;2;-29,973856;-51,197853;"SPRF-RS";"DEL01-RS";"UOP01-DEL01-RS"
357559;2021-05-14;"sexta-feira";"01:45:00";"PR";277;662,2;"MATELANDIA";"Reação tardia ou ineficiente do condutor";"Saída de leito carroçável";"Sem Vítimas";"Plena Noite";"Crescente";"Céu Claro";"Dupla";"Reta";"Não";1;0;0;0;1;0;0;1;-25,25121745;-54,00913508;"SPRF-PR";"DEL05-PR";"UOP02-DEL05-PR"
357561;2021-05-14;"sexta-feira";"03:00:00";"MG";262;609,8;"CAMPOS ALTOS";"Condutor Dormindo";"Saída de leito carroçável";"Com Vítimas Feridas";"Plena Noite";"Decrescente";"Céu Claro";"Simples";"Curva";"Não";2;0;1;0;1;0;1;1;-19,61194605;-46,28226314;"SPRF-MG";"DEL08-MG";"UOP02-DEL08-MG"
357562;2021-05-14;"sexta-feira";"03:20:00";"SC";101;140,5;"BALNEARIO CAMBORIU";"Ausência de reação do condutor";"Saída de leito carroçável";"Sem Vítimas";"Plena Noite";"Crescente";"Céu Claro";"Simples";"Reta";"Não";2;0;0;0;2;0;0;1;-27,03881189;-48,60025148;"SPRF-SC";"DEL04-SC";"UOP03-DEL04-SC"
357565;2021-05-14;"sexta-feira";"03:30:00";"MT";70;47,3;"BARRA DO GARCAS";"Velocidade Incompatível";"Tombamento";"Com Vítimas Feridas";"Pleno dia";"Crescente";"Céu Claro";"Simples";"Curva";"Não";1;0;1;0;0;0;1;1;-15,74434514;-52,6227951;"SPRF-MT";"DEL07-MT";"UOP01-DEL07-MT"
357566;2021-05-14;"sexta-feira";"00:10:00";"MS";158;152,6;"APARECIDA DO TABOADO";"Demais falhas mecânicas ou elétricas";"Incêndio";"Sem Vítimas";"Plena Noite";"Decrescente";"Céu Claro";"Simples";"Reta";"Não";2;0;0;0;1;1;0;2;-20,11578496;-51,17867303;"SPRF-MS";"DEL08-MS";"UOP01-DEL08-MS"
357568;2021-05-14;"sexta-feira";"06:55:00";"SC";470;45,2;"GASPAR";"Transitar na contramão";"Colisão lateral sentido oposto";"Com Vítimas Feridas";"Pleno dia";"Crescente";"Céu Claro";"Simples";"Reta";"Não";4;0;1;0;2;2;1;5;-26,867064;-49,031109;"SPRF-SC";"DEL04-SC";"UOP01-DEL04-SC"
357573;2021-05-13;"quinta-feira";"15:30:00";"GO";364;137;"APARECIDA DO RIO DOCE";"Condutor Dormindo";"Saída de leito carroçável";"Com Vítimas Feridas";"Pleno dia";"Decrescente";"Céu Claro";"Simples";"Reta";"Não";3;0;2;0;0;1;2;2;-18,202271;-51,323952;"SPRF-GO";"DEL05-GO";"UOP01-DEL05-GO"
357574;2021-05-14;"sexta-feira";"06:50:00";"MG";40;569,8;"NOVA LIMA";"Conversão proibida";"Colisão transversal";"Com Vítimas Fatais";"Pleno dia";"Crescente";"Nublado";"Simples";"Reta";"Não";3;1;0;0;1;1;0;3;-20,21286706;-43,97263241;"SPRF-MG";"DEL01-MG";"UOP02-DEL01-MG"
357577;2021-05-14;"sexta-feira";"00:22:00";"PI";230;10;"FRONTEIRAS";"Animais na Pista";"Tombamento";"Com Vítimas Feridas";"Plena Noite";"Crescente";"Céu Claro";"Simples";"Curva";"Não";2;0;1;0;0;1;1;2;-7,08638239;-40,54733706;"SPRF-PI";"DEL04-PI";"UOP03-DEL04-PI"
357579;2021-05-14;"sexta-feira";"06:30:00";"MG";40;600,7;"OURO PRETO";"Reação tardia ou ineficiente do condutor";"Engavetamento";"Com Vítimas Feridas";"Pleno dia";"Crescente";"Céu Claro";"Simples";"Reta";"Não";5;0;1;0;3;2;1;6;-20,42625199;-43,86231799;"SPRF-MG";"DEL05-MG";"UOP02-DEL05-MG"
357583;2021-03-30;"terça-feira";"13:25:00";"BA";101;42,5;"ESPLANADA";"Transitar na contramão";"Colisão lateral sentido oposto";"Com Vítimas Feridas";"Pleno dia";"Decrescente";"Céu Claro";"Simples";"Curva";"Não";4;0;0;2;1;1;2;3;-11,87379639;-37,99345486;"SPRF-SE";"DEL02-SE";"UOP03-DEL02-SE"
357586;2021-05-14;"sexta-feira";"07:55:00";"RS";472;577;"URUGUAIANA";"Reação tardia ou ineficiente do condutor";"Engavetamento";"Com Vítimas Feridas";"Pleno dia";"Decrescente";"Céu Claro";"Simples";"Reta";"Sim";5;0;1;0;3;1;1;5;-29,78173335;-57,06715886;"SPRF-RS";"DEL13-RS";"UOP01-DEL13-RS"
357597;2021-05-14;"sexta-feira";"09:00:00";"PR";376;186;"SARANDI";"Reação tardia ou ineficiente do condutor";"Tombamento";"Com Vítimas Feridas";"Pleno dia";"Crescente";"Céu Claro";"Dupla";"Aclive";"Sim";2;0;2;0;0;0;2;1;-23,45643624;-51,84510713;"SPRF-PR";"DEL09-PR";"UOP01-DEL09-PR"
357603;2021-05-14;"sexta-feira";"07:20:00";"SC";280;192,4;"MAFRA";"Condutor Dormindo";"Colisão frontal";"Com Vítimas Feridas";"Pleno dia";"Crescente";"Nevoeiro/Neblina";"Simples";"Curva";"Não";5;0;2;1;1;1;3;3;-26,17893079;-49,99673293;"SPRF-SC";"DEL06-SC";"UOP01-DEL06-SC"
357606;2021-05-14;"sexta-feira";"08:00:00";"CE";226;236;"PEDRA BRANCA";"Curva acentuada";"Tombamento";"Com Vítimas Feridas";"Pleno dia";"Decrescente";"Céu Claro";"Simples";"Curva";"Não";4;0;2;1;0;1;3;2;-5,42761012;-39,84229405;"SPRF-CE";"DEL02-CE";"UOP02-DEL02-CE"
357608;2021-01-27;"quarta-feira";"10:45:00";"RO";364;239,4;"CACOAL";"Velocidade Incompatível";"Colisão traseira";"Com Vítimas Feridas";"Pleno dia";"Crescente";"Nublado";"Simples";"Reta";"Sim";4;0;2;0;1;1;2;3;-11,43425083;-61,46267289;"SPRF-RO";"DEL02-RO";"UOP02-DEL02-RO"
357610;2021-05-14;"sexta-feira";"09:40:00";"PR";376;665;"GUARATUBA";"Velocidade Incompatível";"Saída de leito carroçável";"Com Vítimas Feridas";"Pleno dia";"Crescente";"Garoa/Chuvisco";"Múltipla";"Curva";"Não";1;0;0;1;0;0;1;1;-25,85455838;-48,95670808;"SPRF-PR";"DEL01-PR";"UOP04-DEL01-PR"
357611;2021-05-14;"sexta-feira";"10:20:00";"SP";116;230;"SAO PAULO";"Manobra de mudança de faixa";"Colisão lateral mesmo sentido";"Com Vítimas Feridas";"Pleno dia";"Crescente";"Céu Claro";"Múltipla";"Reta";"Sim";3;0;1;0;1;1;1;3;-23,52251783;-46,5855702;"SPRF-SP";"DEL01-SP";"UOP01-DEL01-SP"
357616;2021-04-26;"segunda-feira";"14:50:00";"MT";163;576;"NOVA MUTUM";"Pista em desnível";"Tombamento";"Com Vítimas Feridas";"Pleno dia";"Crescente";"Céu Claro";"Simples";"Reta";"Não";2;0;1;0;0;2;1;3;-14,11632394;-56,11857367;"SPRF-MT";"DEL01-MT";"UOP01-DEL01-MT"
357617;2021-05-14;"sexta-feira";"10:30:00";"RJ";101;115;"CAMPOS DOS GOYTACAZES";"Manobra de mudança de faixa";"Saída de leito carroçável";"Com Vítimas Feridas";"Pleno dia";"Decrescente";"Nublado";"Dupla";"Aclive";"Não";2;0;0;1;1;0;1;2;-21,99406996;-41,66375867;"SPRF-RJ";"DEL08-RJ";"UOP02-DEL08-RJ"
357623;2021-05-14;"sexta-feira";"11:20:00";"GO";364;221;"JATAI";"Manobra de mudança de faixa";"Saída de leito carroçável";"Com Vítimas Feridas";"Pleno dia";"Decrescente";"Céu Claro";"Simples";"Reta";"Não";1;0;1;0;0;0;1;1;-17,84230146;-51,93009853;"SPRF-GO";"DEL05-GO";"UOP01-DEL05-GO"
357626;2021-05-14;"sexta-feira";"11:30:00";"PR";376;182,4;"SARANDI";"Manobra de mudança de faixa";"Colisão lateral mesmo sentido";"Com Vítimas Feridas";"Pleno dia";"Decrescente";"Céu Claro";"Múltipla";"Reta";"Sim";4;0;1;0;1;3;1;5;-23,43684112;-51,87880764;"SPRF-PR";"DEL09-PR";"UOP01-DEL09-PR"
357627;2021-02-19;"sexta-feira";"18:30:00";"MT";364;437;"VARZEA GRANDE";"Reação tardia ou ineficiente do condutor";"Colisão traseira";"Com Vítimas Feridas";"Plena Noite";"Decrescente";"Céu Claro";"Dupla";"Reta";"Não";3;0;1;0;1;2;1;4;-15,64508616;-56,15511411;"SPRF-MT";"DEL01-MT";"UOP02-DEL01-MT"
357628;2021-05-14;"sexta-feira";"11:59:00";"ES";101;414;"ITAPEMIRIM";"Reação tardia ou ineficiente do condutor";"Colisão traseira";"Com Vítimas Feridas";"Pleno dia";"Decrescente";"Céu Claro";"Simples";"Rotatória";"Não";6;0;1;0;4;1;1;3;-20,92345849;-41,07835562;"SPRF-ES";"DEL03-ES";"UOP02-DEL03-ES"
357629;2021-05-14;"sexta-feira";"11:20:00";"ES";101;288,9;"CARIACICA";"Frear bruscamente";"Engavetamento";"Com Vítimas Feridas";"Pleno dia";"Decrescente";"Céu Claro";"Dupla";"Reta";"Não";6;0;1;0;4;1;1;5;-20,27160351;-40,39091743;"SPRF-ES";"DEL01-ES";"UOP01-DEL01-ES"
357633;2021-05-14;"sexta-feira";"12:50:00";"GO";153;501,7;"GOIANIA";"Manobra de mudança de faixa";"Colisão traseira";"Com Vítimas Feridas";"Pleno dia";"Crescente";"Sol";"Dupla";"Reta";"Sim";3;0;1;0;1;1;1;3;-16,7189;-49,2382;"SPRF-GO";"DEL01-GO";"UOP01-DEL01-GO"
357634;2021-05-14;"sexta-feira";"14:00:00";"CE";116;23;"AQUIRAZ";"Ingestão de álcool pelo condutor";"Colisão traseira";"Sem Vítimas";"Pleno dia";"Decrescente";"Chuva";"Múltipla";"Reta";"Não";3;0;0;0;3;0;0;3;-3,94905489;-38,51212845;"SPRF-CE";"DEL01-CE";"UOP02-DEL01-CE"
357639;2021-05-14;"sexta-feira";"12:40:00";"RS";116;306,8;"GUAIBA";"Demais falhas mecânicas ou elétricas";"Colisão frontal";"Com Vítimas Feridas";"Pleno dia";"Crescente";"Sol";"Simples";"Curva";"Não";6;0;2;2;2;0;4;2;-30,16925677;-51,3836101;"SPRF-RS";"DEL02-RS";"UOP01-DEL02-RS"
357640;2021-05-14;"sexta-feira";"12:30:00";"SE";101;39,2;"CAPELA";"Problema na suspensão";"Colisão com objeto";"Com Vítimas Feridas";"Pleno dia";"Decrescente";"Chuva";"Dupla";"Aclive";"Não";1;0;1;0;0;0;1;1;-10,517972;-36,950147;"SPRF-SE";"DEL02-SE";"UOP02-DEL02-SE"
357643;2021-05-14;"sexta-feira";"14:20:00";"RJ";40;119;"DUQUE DE CAXIAS";"Condutor deixou de manter distância do veículo da frente";"Colisão traseira";"Com Vítimas Feridas";"Pleno dia";"Decrescente";"Céu Claro";"Múltipla";"Reta";"Sim";4;0;1;0;2;1;1;4;-22,76375592;-43,28683062;"SPRF-RJ";"DEL01-RJ";"UOP01-DEL01-RJ"
357645;2021-05-14;"sexta-feira";"13:30:00";"PR";376;681,1;"GUARATUBA";"Condutor deixou de manter distância do veículo da frente";"Colisão traseira";"Com Vítimas Feridas";"Pleno dia";"Decrescente";"Garoa/Chuvisco";"Dupla";"Reta";"Não";4;0;3;0;0;1;3;2;-25,95815;-48,900978;"SPRF-PR";"DEL01-PR";"UOP04-DEL01-PR"
357648;2021-05-14;"sexta-feira";"07:40:00";"MA";230;458;"RIACHAO";"Manobra de mudança de faixa";"Colisão frontal";"Com Vítimas Fatais";"Pleno dia";"Crescente";"Céu Claro";"Simples";"Reta";"Não";3;1;0;0;1;2;0;4;-7,37017454;-46,49913018;"SPRF-MA";"DEL05-MA";"UOP01-DEL05-MA"
357658;2021-05-14;"sexta-feira";"16:35:00";"RN";304;43,2;"MOSSORO";"Ingestão de álcool pelo condutor";"Colisão lateral mesmo sentido";"Com Vítimas Feridas";"Pleno dia";"Decrescente";"Garoa/Chuvisco";"Dupla";"Reta";"Não";3;0;1;0;1;1;1;2;-5,21815835;-37,36500124;"SPRF-RN";"DEL04-RN";"UOP01-DEL04-RN"
357666;2021-05-14;"sexta-feira";"14:35:00";"MG";365;60,7;"JEQUITAI";"Velocidade Incompatível";"Colisão traseira";"Com Vítimas Feridas";"Pleno dia";"Crescente";"Céu Claro";"Simples";"Reta;Declive";"Não";5;0;0;1;3;2;1;6;-17,00982598;-44,29400505;"SPRF-MG";"DEL12-MG";"UOP01-DEL12-MG"
357668;2021-05-14;"sexta-feira";"12:15:00";"MG";251;478;"FRANCISCO SA";"Acessar a via sem observar a presença dos outros veículos";"Colisão transversal";"Com Vítimas Feridas";"Pleno dia";"Decrescente";"Céu Claro";"Simples";"Rotatória;Reta";"Sim";2;0;0;1;1;0;1;2;-16,47041096;-43,47512126;"SPRF-MG";"DEL12-MG";"UOP01-DEL12-MG"
357669;2021-05-14;"sexta-feira";"14:45:00";"AC";364;120;"RIO BRANCO";"Reação tardia ou ineficiente do condutor";"Colisão traseira";"Com Vítimas Feridas";"Pleno dia";"Decrescente";"Céu Claro";"Dupla";"Reta";"Sim";3;0;0;2;1;0;2;2;-10,01226643;-67,75533501;"SPRF-AC";"DEL01-AC";"UOP01-DEL01-AC"