"id";"data_inversa";"dia_semana";"horario";"uf";"br";"km";"municipio";"causa_acidente";"tipo_acidente";"classificacao_acidente";"fase_dia";"sentido_via";"condicao_metereologica";"tipo_pista";"tracado_via";"uso_solo";"pessoas";"mortos";"feridos_leves";"feridos_graves";"ilesos";"ignorados";"feridos";"veiculos";"latitude";"longitude";"regional";"delegacia";"uop"
358212;2021-05-16;"domingo";"19:00:00";"MA";230;387;"BALSAS";"Ingestão de álcool pelo condutor";"Colisão traseira";"Sem Vítimas";"Plena Noite";"Decrescente";"Céu Claro";"Simples";"Declive;Reta";"Não";3;0;0;0;2;2;0;4;-7,38440187;-45,97981127;"SPRF-MA";"DEL05-MA";"UOP01-DEL05-MA"
358218;2021-05-16;"domingo";"22:15:00";"PE";232;102;"BEZERROS";"Problema com o freio";"Capotamento";"Com Vítimas Feridas";"Plena Noite";"Crescente";"Céu Claro";"Simples";"Reta";"Sim";2;0;0;2;0;0;2;1;-8,24710671;-35,75844018;"SPRF-PE";"DEL02-PE";"UOP02-DEL02PE"
358220;2021-05-16;"domingo";"20:15:00";"PR";376;182;"MARINGA";"Ingestão de álcool pelo condutor";"Colisão transversal";"Sem Vítimas";"Plena Noite";"Decrescente";"Céu Claro";"Dupla";"Interseção de Vias;Rotatória";"Sim";2;0;0;0;2;0;0;2;-23,43170967;-51,88709736;"SPRF-PR";"DEL09-PR";"UOP01-DEL09-PR"
358226;2021-05-16;"domingo";"23:00:00";"MG";116;137;"PONTO DOS VOLANTES";"Ausência de reação do condutor";"Colisão com objeto";"Sem Vítimas";"Plena Noite";"Crescente";"Céu Claro";"Simples";"Reta";"Sim";3;0;0;0;2;3;0;5;-16,74953496;-41,50421089;"SPRF-MG";"DEL11-MG";"UOP02-DEL11-MG"
358229;2021-05-17;"segunda-feira";"01:50:00";"BA";101;816,3;"ITAMARAJU";"Demais falhas mecânicas ou elétricas";"Incêndio";"Sem Vítimas";"Plena Noite";"Decrescente";"Céu Claro";"Simples";"Reta";"Não";2;0;0;0;1;1;0;2;-17,079189;-39,567326;"SPRF-BA";"DEL09-BA";"UOP02-DEL09-BA"
358230;2021-05-16;"domingo";"18:30:00";"PE";101;134,5;"ESCADA";"Acessar a via sem observar a presença dos outros veículos";"Colisão lateral mesmo sentido";"Com Vítimas Fatais";"Plena Noite";"Decrescente";"Céu Claro";"Dupla";"Reta";"Não";5;1;0;1;1;2;1;4;-8,40994907;-35,28708799;"SPRF-PE";"DEL01-PE";"UOP01-DEL01-PE"
358239;2021-05-17;"segunda-feira";"04:30:00";"MG";381;580,5;"CARMOPOLIS DE MINAS";"Condutor Dormindo";"Colisão traseira";"Com Vítimas Feridas";"Plena Noite";"Crescente";"Nublado";"Dupla";"Reta";"Não";4;0;3;0;1;0;3;2;-20,50796117;-44,61144676;"SPRF-MG";"DEL04-MG";"UOP01-DEL04-MG"
358243;2021-05-17;"segunda-feira";"05:40:00";"MG";381;602,8;"OLIVEIRA";"Velocidade Incompatível";"Tombamento";"Com Vítimas Feridas";"Amanhecer";"Decrescente";"Nevoeiro/Neblina";"Dupla";"Reta";"Não";2;0;1;0;0;1;1;2;-20,61448253;-44,73579329;"SPRF-MG";"DEL04-MG";"UOP01-DEL04-MG"
358247;2021-05-17;"segunda-feira";"02:05:00";"MG";381;169,8;"GOVERNADOR VALADARES";"Ausência de reação do condutor";"Colisão frontal";"Com Vítimas Fatais";"Plena Noite";"Decrescente";"Céu Claro";"Simples";"Reta";"Não";2;1;0;0;1;0;0;2;-18,96700208;-42,09033791;"SPRF-MG";"DEL06-MG";"UOP01-DEL06-MG"
358251;2021-05-17;"segunda-feira";"04:00:00";"BA";116;719;"MANOEL VITORINO";"Velocidade Incompatível";"Tombamento";"Com Vítimas Feridas";"Plena Noite";"Decrescente";"Nublado";"Simples";"Curva";"Não";2;0;1;0;0;1;1;2;-14,1888825;-40,26532343;"SPRF-BA";"DEL08-BA";"UOP02-DEL08-BA"
358252;2021-05-17;"segunda-feira";"07:20:00";"BA";330;793;"JEQUIE";"Transitar na contramão";"Colisão frontal";"Com Vítimas Fatais";"Pleno dia";"Decrescente";"Céu Claro";"Simples";"Curva";"Não";3;1;0;0;1;1;0;3;-13,91808405;-40,00990405;"SPRF-BA";"DEL03-BA";"UOP01-DEL03-BA"
358254;2021-05-17;"segunda-feira";"07:20:00";"RJ";101;87;"CAMPOS DOS GOYTACAZES";"Carga excessiva e/ou mal acondicionada";"Tombamento";"Com Vítimas Feridas";"Pleno dia";"Crescente";"Céu Claro";"Dupla";"Curva";"Não";2;0;1;0;1;0;1;1;-21,82626899;-41,49641201;"SPRF-RJ";"DEL08-RJ";"UOP02-DEL08-RJ"
358255;2021-04-01;"quinta-feira";"14:20:00";"PE";232;155;"SAO CAITANO";"Manobra de mudança de faixa";"Colisão frontal";"Com Vítimas Fatais";"Pleno dia";"Crescente";"Céu Claro";"Simples";"Reta";"Não";4;1;0;0;1;2;0;4;-8,32878441;-36,20816698;"SPRF-PE";"DEL02-PE";"UOP03-DEL02-PE"
358267;2021-05-13;"quinta-feira";"18:25:00";"RO";364;342,8;"JI-PARANA";"Reação tardia ou ineficiente do condutor";"Colisão traseira";"Com Vítimas Feridas";"Anoitecer";"Crescente";"Céu Claro";"Dupla";"Interseção de Vias";"Sim";2;0;0;1;1;0;1;2;-10,88381227;-61,93741416;"SPRF-RO";"DEL02-RO";"UOP01-DEL02-RO"
358270;2021-05-17;"segunda-feira";"08:49:00";"SC";101;201,2;"SAO JOSE";"Condutor Dormindo";"Saída de leito carroçável";"Com Vítimas Feridas";"Pleno dia";"Crescente";"Sol";"Múltipla";"Ponte";"Sim";2;0;0;1;0;1;1;2;-27,5508329;-48,6197108;"SPRF-SC";"DEL01-SC";"UOP01-DEL01-SC"
358273;2021-05-17;"segunda-feira";"05:50:00";"RS";470;188,9;"VERANOPOLIS";"Problema com o freio";"Saída de leito carroçável";"Sem Vítimas";"Amanhecer";"Crescente";"Nevoeiro/Neblina";"Simples";"Reta";"Não";2;0;0;0;1;1;0;2;-29,01200957;-51,56194255;"SPRF-RS";"DEL06-RS";"UOP02-DEL06-RS"
358274;2021-05-17;"segunda-feira";"07:50:00";"PR";376;527,8;"PONTA GROSSA";"Ausência de reação do condutor";"Colisão traseira";"Com Vítimas Feridas";"Pleno dia";"Crescente";"Céu Claro";"Dupla";"Aclive";"Não";3;0;1;0;1;1;1;3;-25,327481;-49,862779;"SPRF-PR";"DEL03-PR";"UOP01-DEL03-PR"
358279;2021-05-01;"sábado";"22:15:00";"MG";381;707,1;"NEPOMUCENO";"Velocidade Incompatível";"Colisão com objeto";"Com Vítimas Fatais";"Plena Noite";"Decrescente";"Céu Claro";"Dupla";"Curva;Declive";"Não";2;1;0;0;0;1;0;2;-21,36199299;-45,19169583;"SPRF-MG";"DEL04-MG";"UOP02-DEL04-MG"
358285;2021-05-16;"domingo";"21:00:00";"RS";470;40,2;"BARRACAO";"Demais falhas mecânicas ou elétricas";"Incêndio";"Sem Vítimas";"Plena Noite";"Decrescente";"Céu Claro";"Simples";"Reta";"Não";2;0;0;0;1;1;0;2;-27,92076354;-51,45836053;"SPRF-RS";"DEL08-RS";"UOP05-DEL08-RS"
358286;2021-05-17;"segunda-feira";"10:50:00";"ES";101;296,3;"CARIACICA";"Transitar na contramão";"Colisão frontal";"Sem Vítimas";"Pleno dia";"Crescente";"Céu Claro";"Dupla";"Interseção de Vias";"Sim";2;0;0;0;2;0;0;2;-20,34029997;-40,40405712;"SPRF-ES";"DEL01-ES";"UOP01-DEL01-ES"
358290;2021-05-17;"segunda-feira";"10:15:00";"ES";262;113;"VENDA NOVA DO IMIGRANTE";"Velocidade Incompatível";"Tombamento";"Com Vítimas Feridas";"Pleno dia";"Decrescente";"Sol";"Simples";"Declive;Curva";"Não";3;0;1;0;1;1;1;3;-20,33149867;-41,20441675;"SPRF-ES";"DEL01-ES";"UOP02-DEL01-ES"
358293;2021-05-17;"segunda-feira";"09:15:00";"MG";40;689,5;"ALFREDO VASCONCELOS";"Manobra de mudança de faixa";"Colisão lateral mesmo sentido";"Com Vítimas Fatais";"Pleno dia";"Crescente";"Sol";"Simples";"Reta;Em Obras";"Não";4;1;0;1;2;0;1;3;-21,1188273;-43,75862631;"SPRF-MG";"DEL05-MG";"UOP02-DEL05-MG"
358294;2021-05-07;"sexta-feira";"18:15:00";"SC";101;115;"ITAJAI";"Manobra de mudança de faixa";"Colisão traseira";"Com Vítimas Feridas";"Anoitecer";"Decrescente";"Céu Claro";"Dupla";"Reta";"Sim";3;0;0;2;0;1;2;2;-26,87064015;-48,72954134;"SPRF-SC";"DEL04-SC";"UOP04-DEL04-SC"
358295;2021-05-10;"segunda-feira";"20:30:00";"RS";386;215,1;"TIO HUGO";"Velocidade Incompatível";"Atropelamento de Pedestre";"Com Vítimas Feridas";"Plena Noite";"Decrescente";"Céu Claro";"Simples";"Reta";"Sim";2;0;1;0;1;0;1;2;-28,57666;-52,596031;"SPRF-RS";"DEL04-RS";"UOP03-DEL04-RS"
358307;2021-04-03;"sábado";"21:30:00";"MG";356;277,2;"EUGENOPOLIS";"Ingestão de álcool pelo condutor";"Colisão frontal";"Com Vítimas Fatais";"Plena Noite";"Crescente";"Céu Claro";"Simples";"Curva";"Não";3;1;0;1;1;0;1;2;-21,1250463;-42,2720529;"SPRF-MG";"DEL07-MG";"UOP02-DEL07-MG"
358313;2021-05-17;"segunda-feira";"14:20:00";"MG";262;640;"IBIA";"Velocidade Incompatível";"Colisão lateral sentido oposto";"Com Vítimas Fatais";"Pleno dia";"Decrescente";"Sol";"Simples";"Ponte;Reta";"Não";11;3;4;1;2;1;5;7;-19,57046563;-46,56761169;"SPRF-MG";"DEL08-MG";"UOP01-DEL08-MG"
358314;2021-05-09;"domingo";"17:30:00";"RJ";354;18,7;"RESENDE";"Condutor Dormindo";"Tombamento";"Com Vítimas Feridas";"Anoitecer";"Crescente";"Céu Claro";"Simples";"Curva";"Não";2;0;0;1;0;1;1;2;-22,465595;-44,716988;"SPRF-RJ";"DEL07-RJ";"UOP02-DEL07-RJ"
358318;2021-05-17;"segunda-feira";"14:20:00";"MG";251;407,2;"GRAO MOGOL";"Ausência de reação do condutor";"Colisão frontal";"Com Vítimas Fatais";"Pleno dia";"Crescente";"Sol";"Simples";"Reta";"Não";3;1;1;0;0;1;1;3;-16,26885467;-42,97339413;"SPRF-MG";"DEL12-MG";"UOP01-DEL12-MG"
358321;2021-05-17;"segunda-feira";"14:15:00";"BA";116;810;"VITORIA DA CONQUISTA";"Mal súbito do condutor";"Saída de leito carroçável";"Com Vítimas Feridas";"Pleno dia";"Crescente";"Sol";"Simples";"Reta";"Sim";2;0;1;0;1;0;1;2;-14,75189084;-40,68129309;"SPRF-BA";"DEL08-BA";"UOP01-DEL08-BA"
358324;2021-02-10;"quarta-feira";"19:10:00";"MG";40;485;"ESMERALDAS";"Condutor deixou de manter distância do veículo da frente";"Colisão traseira";"Com Vítimas Feridas";"Plena Noite";"Decrescente";"Nublado";"Dupla";"Declive;Reta";"Não";16;0;0;1;14;1;1;3;-19,58030142;-44,22875762;"SPRF-MG";"DEL02-MG";"UOP01-DEL02-MG"
358340;2021-04-20;"terça-feira";"19:45:00";"ES";101;264;"SERRA";"Manobra de mudança de faixa";"Colisão lateral mesmo sentido";"Com Vítimas Feridas";"Plena Noite";"Crescente";"Céu Claro";"Dupla";"Reta";"Sim";2;0;1;0;0;1;1;2;-20,17996519;-40,26532173;"SPRF-ES";"DEL02-ES";"UOP01-DEL02-ES"
358343;2021-05-17;"segunda-feira";"14:30:00";"MG";40;42,2;"PARACATU";"Demais falhas mecânicas ou elétricas";"Incêndio";"Sem Vítimas";"Pleno dia";"Decrescente";"Céu Claro";"Simples";"Reta";"Sim";2;0;0;0;1;2;0;3;-17,2188441;-46,8666753;"SPRF-MG";"DEL14-MG";"UOP01-DEL14-MG"
358345;2021-05-17;"segunda-feira";"15:30:00";"SE";101;83;"LARANJEIRAS";"Velocidade Incompatível";"Tombamento";"Com Vítimas Feridas";"Pleno dia";"Crescente";"Nublado";"Simples";"Curva";"Não";1;0;1;0;0;0;1;1;-10,81322059;-37,1406126;"SPRF-SE";"DEL01-SE";"UOP01-DEL01-SE"
358346;2021-05-17;"segunda-feira";"16:35:00";"MG";381;349;"JOAO MONLEVADE";"Avarias e/ou desgaste excessivo no pneu";"Saída de leito carroçável";"Com Vítimas Fatais";"Pleno dia";"Decrescente";"Céu Claro";"Múltipla";"Curva";"Não";4;1;1;0;0;2;1;3;-19,8499239;-43,14868105;"SPRF-MG";"DEL03-MG";"UOP01-DEL03-MG"
358349;2021-05-17;"segunda-feira";"12:15:00";"MG";262;417,3;"PARA DE MINAS";"Velocidade Incompatível";"Colisão traseira";"Com Vítimas Feridas";"Pleno dia";"Decrescente";"Céu Claro";"Dupla";"Reta";"Não";5;0;1;3;1;0;4;2;-19,90564403;-44,68893403;"SPRF-MG";"DEL08-MG";"UOP03-DEL08-MG"
358360;2021-05-17;"segunda-feira";"18:00:00";"GO";50;280,6;"CATALAO";"Acessar a via sem observar a presença dos outros veículos";"Colisão lateral mesmo sentido";"Com Vítimas Feridas";"Anoitecer";"Crescente";"Céu Claro";"Simples";"Reta";"Sim";3;0;1;0;1;2;1;4;-18,1784;-47,9362;"SPRF-GO";"DEL06-GO";"UOP01-DEL06-GO"
358363;2021-04-28;"quarta-feira";"11:20:00";"PR";376;219,9;"JANDAIA DO SUL";"Mal súbito do condutor";"Colisão traseira";"Com Vítimas Feridas";"Pleno dia";"Decrescente";"Céu Claro";"Simples";"Aclive";"Não";5;0;2;0;3;0;2;3;-23,59805329;-51,60575514;"SPRF-PR";"DEL09-PR";"UOP01-DEL09-PR"
358366;2021-05-17;"segunda-feira";"17:20:00";"PR";369;500,6;"CORBELIA";"Desrespeitar a preferência no cruzamento";"Colisão transversal";"Com Vítimas Feridas";"Pleno dia";"Crescente";"Céu Claro";"Simples";"Interseção de Vias";"Não";2;0;0;1;1;0;1;2;-24,79325206;-53,28855734;"SPRF-PR";"DEL04-PR";"UOP03-DEL04-PR"
358367;2021-05-17;"segunda-feira";"17:10:00";"RS";386;417;"MONTENEGRO";"Velocidade Incompatível";"Saída de leito carroçável";"Com Vítimas Feridas";"Pleno dia";"Decrescente";"Céu Claro";"Dupla";"Reta";"Não";2;0;1;0;0;1;1;2;-29,818958;-51,452934;"SPRF-RS";"DEL04-RS";"UOP02-DEL04-RS"
358376;2021-05-05;"quarta-feira";"15:50:00";"RJ";101;300;"SAO GONCALO";"Avarias e/ou desgaste excessivo no pneu";"Colisão traseira";"Com Vítimas Feridas";"Pleno dia";"Decrescente";"Céu Claro";"Dupla";"Reta";"Sim";4;0;1;0;3;0;1;2;-22,77645713;-42,94783697;"SPRF-RJ";"DEL02-RJ";"UOP02-DEL02-RJ"
358387;2021-05-17;"segunda-feira";"18:40:00";"MG";381;912,8;"CAMANDUCAIA";"Velocidade Incompatível";"Colisão traseira";"Com Vítimas Feridas";"Plena Noite";"Decrescente";"Céu Claro";"Dupla";"Curva";"Não";2;0;1;0;1;0;1;2;-22,75390001;-46,146503;"SPRF-MG";"DEL16-MG";"UOP03-DEL16-MG"
358390;2021-05-17;"segunda-feira";"09:00:00";"MG";116;279,2;"TEOFILO OTONI";"Demais falhas mecânicas ou elétricas";"Eventos atípicos";"Sem Vítimas";"Pleno dia";"Crescente";"Céu Claro";"Simples";"Reta";"Sim";2;0;0;0;1;1;0;2;-17,876987;-41,521134;"SPRF-MG";"DEL11-MG";"UOP01-DEL11-MG"
358395;2021-05-17;"segunda-feira";"20:25:00";"SC";101;345;"TUBARAO";"Semáforo com defeito";"Colisão traseira";"Com Vítimas Feridas";"Plena Noite";"Crescente";"Céu Claro";"Dupla";"Reta";"Não";2;0;1;0;1;0;1;2;-28,54565997;-49,05345334;"SPRF-SC";"DEL02-SC";"UOP01-DEL02-SC"
358396;2021-05-17;"segunda-feira";"20:20:00";"MG";40;588;"ITABIRITO";"Condutor Dormindo";"Derramamento de carga";"Com Vítimas Fatais";"Plena Noite";"Decrescente";"Céu Claro";"Simples";"Curva;Declive";"Sim";7;1;3;1;1;3;4;6;-20,35149094;-43,91313094;"SPRF-MG";"DEL01-MG";"UOP02-DEL01-MG"
358397;2021-05-17;"segunda-feira";"20:30:00";"ES";101;315,9;"VILA VELHA";"Velocidade Incompatível";"Colisão lateral mesmo sentido";"Com Vítimas Feridas";"Plena Noite";"Decrescente";"Céu Claro";"Dupla";"Curva";"Não";4;0;2;0;1;1;2;3;-20,46976694;-40,46795209;"SPRF-ES";"DEL01-ES";"UOP01-DEL01-ES"
358400;2021-01-21;"quinta-feira";"20:15:00";"SP";116;498;"CAJATI";"Chuva";"Colisão transversal";"Com Vítimas Feridas";"Plena Noite";"Decrescente";"Chuva";"Dupla";"Reta";"Não";4;0;1;0;2;1;1;3;-24,77566399;-48,17082817;"SPRF-SP";"DEL05-SP";"UOP02-DEL05-SP"
358405;2021-05-17;"segunda-feira";"17:30:00";"PE";316;356;"PETROLANDIA";"Ausência de reação do condutor";"Colisão traseira";"Com Vítimas Fatais";"Anoitecer";"Decrescente";"Garoa/Chuvisco";"Simples";"Reta";"Não";2;1;0;0;0;1;0;2;-8,895462;-38,248286;"SPRF-PE";"DEL04-PE";"UOP01-DEL04-PE"
358407;2021-05-17;"segunda-feira";"20:10:00";"MG";381;455;"BELO HORIZONTE";"Demais falhas mecânicas ou elétricas";"Eventos atípicos";"Sem Vítimas";"Plena Noite";"Crescente";"Céu Claro";"Simples";"Reta";"Sim";2;0;0;0;1;1;0;2;-19,85777408;-43,90468298;"SPRF-MG";"DEL01-MG";"UOP01-DEL01-MG"
358409;2021-05-17;"segunda-feira";"22:20:00";"PR";376;540;"BALSA NOVA";"Reação tardia ou ineficiente do condutor";"Tombamento";"Com Vítimas Feridas";"Plena Noite";"Decrescente";"Céu Claro";"Dupla";"Reta";"Não";3;0;0;1;1;2;1;4;-25,413497;-49,775647;"SPRF-PR";"DEL01-PR";"UOP03-DEL03-PR"
358410;2021-05-17;"segunda-feira";"19:20:00";"RO";435;84;"COLORADO DO OESTE";"Acessar a via sem observar a presença dos outros veículos";"Colisão traseira";"Com Vítimas Feridas";"Anoitecer";"Decrescente";"Céu Claro";"Dupla";"Aclive";"Sim";5;0;1;1;1;3;2;5;-13,1173435;-60,52293293;"SPRF-RO";"DEL04-RO";"UOP02-DEL04-RO"
358411;2021-05-17;"segunda-feira";"23:35:00";"SP";116;106,6;"TAUBATE";"Condutor usando celular";"Colisão traseira";"Com Vítimas Feridas";"Plena Noite";"Decrescente";"Céu Claro";"Dupla";"Reta";"Sim";4;0;0;1;2;1;1;3;-23,01390182;-45,52443624;"SPRF-SP";"DEL08-SP";"UOP01-DEL08-SP"
358412;2021-05-17;"segunda-feira";"22:10:00";"GO";153;680,9;"PANAMA";"Ausência de reação do condutor";"Tombamento";"Com Vítimas Feridas";"Plena Noite";"Crescente";"Céu Claro";"Dupla";"Reta";"Não";55;0;1;0;53;1;1;3;-18,2247;-49,266;"SPRF-GO";"DEL03-GO";"UOP02-DEL03-GO"
358413;2021-05-17;"segunda-feira";"21:40:00";"MT";163;98;"RONDONOPOLIS";"Condutor Dormindo";"Saída de leito carroçável";"Com Vítimas Feridas";"Plena Noite";"Decrescente";"Céu Claro";"Dupla";"Reta";"Não";2;0;1;0;0;3;1;4;-16,67672025;-54,67299848;"SPRF-MT";"DEL02-MT";"UOP01-DEL02-MT"
358417;2021-05-18;"terça-feira";"00:05:00";"RJ";40;112;"DUQUE DE CAXIAS";"Objeto estático sobre o leito carroçável";"Colisão com objeto";"Sem Vítimas";"Plena Noite";"Decrescente";"Céu Claro";"Dupla";"Reta";"Sim";2;0;0;0;1;1;0;2;-22,70971912;-43,2898128;"SPRF-RJ";"DEL01-RJ";"UOP01-DEL01-RJ"
358420;2021-05-18;"terça-feira";"00:30:00";"GO";40;11;"LUZIANIA";"Iluminação deficiente";"Colisão transversal";"Com Vítimas Feridas";"Plena Noite";"Crescente";"Céu Claro";"Dupla";"Reta";"Sim";3;0;0;2;1;0;2;3;-16,138336;-47,951644;"SPRF-DF";"DEL01-DF";"UOP01-DEL01-DF"
358421;2021-05-18;"terça-feira";"02:26:00";"SP";381;52;"ATIBAIA";"Manobra de mudança de faixa";"Colisão lateral mesmo sentido";"Com Vítimas Feridas";"Plena Noite";"Crescente";"Céu Claro";"Múltipla";"Reta";"Não";5;0;3;1;0;1;4;2;-23,2300622;-46,59963076;"SPRF-SP";"DEL03-SP";"UOP01-DEL03-SP"
358422;2021-05-17;"segunda-feira";"23:55:00";"GO";158;0;"ARAGARCAS";"Condutor Dormindo";"Saída de leito carroçável";"Com Vítimas Feridas";"Plena Noite";"Decrescente";"Céu Claro";"Simples";"Reta";"Não";2;0;1;0;0;1;1;2;-15,9129437;-52,21937135;"SPRF-GO";"DEL04-GO";"UOP01-DEL04-GO"
358423;2021-05-18;"terça-feira";"04:50:00";"SE";101;50;"JAPARATUBA";"Reação tardia ou ineficiente do condutor";"Tombamento";"Com Vítimas Feridas";"Amanhecer";"Crescente";"Céu Claro";"Dupla";"Curva";"Não";2;0;1;0;0;2;1;3;-10,60303597;-36,9754765;"SPRF-SE";"DEL02-SE";"UOP02-DEL02-SE"
358424;2021-05-17;"segunda-feira";"19:19:00";"SP";381;12;"BRAGANCA PAULISTA";"Manobra de mudança de faixa";"Colisão lateral mesmo sentido";"Sem Vítimas";"Plena Noite";"Decrescente";"Céu Claro";"Dupla";"Reta";"Sim";4;0;0;0;3;3;0;5;-22,930173;-46,465307;"SPRF-SP";"DEL03-SP";"UOP01-DEL03-SP"
358425;2021-05-17;"segunda-feira";"22:15:00";"SP";153;262,1;"MARILIA";"Demais falhas mecânicas ou elétricas";"Incêndio";"Sem Vítimas";"Plena Noite";"Decrescente";"Céu Claro";"Simples";"Reta;Declive";"Não";2;0;0;0;1;1;0;2;-22,28307122;-49,91788954;"SPRF-SP";"DEL07-SP";"UOP02-DEL07-SP"
358427;2021-05-18;"terça-feira";"05:27:00";"GO";153;527,2;"HIDROLANDIA";"Ausência de reação do condutor";"Colisão traseira";"Com Vítimas Feridas";"Plena Noite";"Decrescente";"Céu Claro";"Dupla";"Curva";"Não";6;0;2;3;1;0;5;2;-16,94113285;-49,25359726;"SPRF-GO";"DEL01-GO";"UOP03-DEL01-GO"
358440;2021-05-18;"terça-feira";"07:10:00";"RJ";40;31,7;"AREAL";"Velocidade Incompatível";"Tombamento";"Com Vítimas Feridas";"Pleno dia";"Crescente";"Céu Claro";"Dupla";"Curva";"Não";3;0;2;0;0;1;2;2;-22,19245612;-43,16023202;"SPRF-RJ";"DEL05-RJ";"UOP02-DEL05-RJ"
358452;2021-05-18;"terça-feira";"08:40:00";"PR";116;141;"MANDIRITUBA";"Desrespeitar a preferência no cruzamento";"Colisão transversal";"Com Vítimas Feridas";"Pleno dia";"Crescente";"Nublado";"Dupla";"Reta";"Sim";5;0;2;0;2;2;2;5;-25,73749;-49,31762782;"SPRF-PR";"DEL01-PR";"UOP03-DEL01-PR"
358458;2021-05-03;"segunda-feira";"14:00:00";"MT";163;621;"NOVA MUTUM";"Reação tardia ou ineficiente do condutor";"Colisão traseira";"Sem Vítimas";"Pleno dia";"Decrescente";"Céu Claro";"Simples";"Reta";"Não";2;0;0;0;2;0;0;2;-13,74520214;-56,05151162;"SPRF-MT";"DEL01-MT";"UOP01-DEL01-MT"
358459;2021-05-18;"terça-feira";"07:30:00";"RO";364;713;"PORTO VELHO";"Condutor deixou de manter distância do veículo da frente";"Colisão traseira";"Com Vítimas Feridas";"Pleno dia";"Crescente";"Céu Claro";"Dupla";"Reta";"Sim";5;0;1;0;3;3;1;6;-8,77331583;-63,87969248;"SPRF-RO";"DEL01-RO";"UOP01-DEL01-RO"
358460;2021-05-18;"terça-feira";"09:10:00";"RS";392;710,2;"PORTO XAVIER";"Reação tardia ou ineficiente do condutor";"Colisão transversal";"Com Vítimas Feridas";"Pleno dia";"Crescente";"Sol";"Simples";"Reta";"Não";2;0;1;0;1;0;1;2;-27,989621;-55,133263;"SPRF-RS";"DEL10-RS";"UOP01-DEL10-RS"
358470;2021-05-18;"terça-feira";"10:05:00";"RS";116;268;"CANOAS";"Manobra de mudança de faixa";"Colisão com objeto";"Sem Vítimas";"Pleno dia";"Decrescente";"Céu Claro";"Múltipla";"Reta";"Sim";2;0;0;0;1;1;0;2;-29,95042502;-51,17652939;"SPRF-RS";"DEL01-RS";"UOP01-DEL01-RS"
358471;2021-05-18;"terça-feira";"09:27:00";"RS";392;187;"SANTANA DA BOA VISTA";"Transitar na contramão";"Colisão frontal";"Com Vítimas Fatais";"Pleno dia";"Crescente";"Céu Claro";"Simples";"Curva";"Não";4;2;0;0;1;3;0;5;-30,94548377;-53,06565993;"SPRF-RS";"DEL07-RS";"UOP01-DEL07-RS"
358476;2021-05-18;"terça-feira";"11:40:00";"SC";101;214,4;"PALHOCA";"Ausência de reação do condutor";"Colisão traseira";"Com Vítimas Feridas";"Pleno dia";"Decrescente";"Céu Claro";"Múltipla";"Viaduto";"Sim";3;0;0;1;1;1;1;3;-27,64443;-48,67057;"SPRF-SC";"DEL01-SC";"UOP02-DEL01-SC"
358483;2021-05-18;"terça-feira";"09:10:00";"SC";101;121;"ITAJAI";"Manobra de mudança de faixa";"Colisão lateral mesmo sentido";"Com Vítimas Feridas";"Pleno dia";"Decrescente";"Céu Claro";"Dupla";"Reta";"Sim";2;0;0;1;1;0;1;2;-26,92103178;-48,70856446;"SPRF-SC";"DEL04-SC";"UOP04-DEL04-SC"
358488;2021-05-18;"terça-feira";"12:00:00";"SP";116;173,4;"JACAREI";"Ingestão de álcool pelo condutor";"Colisão traseira";"Com Vítimas Feridas";"Pleno dia";"Crescente";"Sol";"Dupla";"Reta";"Não";2;0;1;0;1;0;1;2;-23,31710055;-46,08178719;"SPRF-SP";"DEL02-SP";"UOP01-DEL02-SP"
358503;2021-05-18;"terça-feira";"13:50:00";"SC";101;34;"JOINVILLE";"Manobra de mudança de faixa";"Colisão lateral mesmo sentido";"Com Vítimas Feridas";"Pleno dia";"Decrescente";"Céu Claro";"Dupla";"Reta";"Sim";3;0;1;0;1;1;1;3;-26,23667403;-48,91486706;"SPRF-SC";"DEL03-SC";"UOP01-DEL03-SC"
358505;2021-05-18;"terça-feira";"14:05:00";"GO";153;521;"HIDROLANDIA";"Carga excessiva e/ou mal acondicionada";"Colisão frontal";"Sem Vítimas";"Pleno dia";"Decrescente";"Céu Claro";"Dupla";"Reta";"Sim";3;0;0;0;2;2;0;4;-16,88591872;-49,25383866;"SPRF-GO";"DEL01-GO";"UOP03-DEL01-GO"
358506;2021-05-18;"terça-feira";"13:40:00";"PR";369;499;"CORBELIA";"Acessar a via sem observar a presença dos outros veículos";"Colisão frontal";"Com Vítimas Feridas";"Pleno dia";"Decrescente";"Sol";"Simples";"Reta";"Sim";3;0;2;0;1;0;2;2;-24,7725;-53,2931;"SPRF-PR";"DEL04-PR";"UOP03-DEL04-PR"
358508;2021-05-18;"terça-feira";"11:00:00";"SC";282;622,7;"IRACEMINHA";"Reação tardia ou ineficiente do condutor";"Saída de leito carroçável";"Com Vítimas Feridas";"Pleno dia";"Crescente";"Céu Claro";"Simples";"Curva";"Não";2;0;1;0;0;1;1;2;-26,797441;-53,323349;"SPRF-SC";"DEL07-SC";"UOP02-DEL07-SC"
358513;2021-05-18;"terça-feira";"14:50:00";"RJ";393;123;"SAPUCAIA";"Demais falhas mecânicas ou elétricas";"Incêndio";"Sem Vítimas";"Pleno dia";"Crescente";"Nublado";"Simples";"Reta";"Não";2;0;0;0;1;1;0;2;-21,94047257;-42,81407216;"SPRF-RJ";"DEL05-RJ";"UOP01-DEL05-RJ"