"id";"data_inversa";"dia_semana";"horario";"uf";"br";"km";"municipio";"causa_acidente";"tipo_acidente";"classificacao_acidente";"fase_dia";"sentido_via";"condicao_metereologica";"tipo_pista";"tracado_via";"uso_solo";"pessoas";"mortos";"feridos_leves";"feridos_graves";"ilesos";"ignorados";"feridos";"veiculos";"latitude";"longitude";"regional";"delegacia";"uop"
358767;2021-05-19;"quarta-feira";"21:20:00";"RS";448;14;"CANOAS";"Condutor deixou de manter distância do veículo da frente";"Colisão traseira";"Com Vítimas Feridas";"Plena Noite";"Decrescente";"Céu Claro";"Dupla";"Reta";"Não";2;0;1;0;0;1;1;2;-29,924847;-51,225426;"SPRF-RS";"DEL01-RS";"UOP01-DEL01-RS"
358769;2021-05-19;"quarta-feira";"19:30:00";"MG";116;652,3;"FERVEDOURO";"Reação tardia ou ineficiente do condutor";"Colisão lateral mesmo sentido";"Com Vítimas Feridas";"Plena Noite";"Decrescente";"Nublado";"Simples";"Interseção de Vias";"Sim";3;0;2;0;1;0;2;2;-20,73485295;-42,2842334;"SPRF-MG";"DEL07-MG";"UOP03-DEL07-MG"
358773;2021-05-19;"quarta-feira";"20:45:00";"SP";116;515;"CAJATI";"Reação tardia ou ineficiente do condutor";"Saída de leito carroçável";"Com Vítimas Fatais";"Plena Noite";"Decrescente";"Nublado";"Dupla";"Curva";"Não";3;1;0;1;0;1;1;3;-24,86704083;-48,21738184;"SPRF-SP";"DEL05-SP";"UOP02-DEL05-SP"
358776;2021-05-05;"quarta-feira";"13:50:00";"MG";40;44;"PARACATU";"Ultrapassagem Indevida";"Colisão lateral mesmo sentido";"Com Vítimas Feridas";"Pleno dia";"Decrescente";"Céu Claro";"Simples";"Rotatória";"Sim";4;0;1;1;1;3;2;5;-17,23101648;-46,85390396;"SPRF-MG";"DEL14-MG";"UOP01-DEL14-MG"
358778;2021-05-19;"quarta-feira";"18:05:00";"MG";153;111,8;"PRATA";"Acessar a via sem observar a presença dos outros veículos";"Colisão transversal";"Com Vítimas Feridas";"Anoitecer";"Decrescente";"Céu Claro";"Simples";"Reta";"Não";6;0;2;1;2;3;3;6;-19,323623;-48,90629302;"SPRF-MG";"DEL15-MG";"UOP03-DEL15-MG"
358779;2021-05-20;"quinta-feira";"00:05:00";"MG";381;442;"SABARA";"Demais falhas mecânicas ou elétricas";"Tombamento";"Com Vítimas Feridas";"Plena Noite";"Crescente";"Céu Claro";"Simples";"Reta";"Não";2;0;2;0;0;0;2;1;-19,8183901;-43,81131985;"SPRF-MG";"DEL01-MG";"UOP01-DEL01-MG"
358782;2021-05-20;"quinta-feira";"01:26:00";"GO";50;173,2;"CAMPO ALEGRE DE GOIAS";"Reação tardia ou ineficiente do condutor";"Saída de leito carroçável";"Com Vítimas Feridas";"Plena Noite";"Crescente";"Céu Claro";"Dupla";"Reta";"Não";1;0;1;0;0;0;1;1;-17,3542;-47,7899;"SPRF-GO";"DEL06-GO";"UOP01-DEL06-GO"
358783;2021-05-20;"quinta-feira";"01:45:00";"RJ";393;223,6;"VASSOURAS";"Neblina";"Colisão traseira";"Sem Vítimas";"Plena Noite";"Decrescente";"Nevoeiro/Neblina";"Simples";"Reta";"Não";2;0;0;0;2;0;0;2;-22,3314808;-43,54470015;"SPRF-RJ";"DEL05-RJ";"UOP03-DEL05-RJ"
358784;2021-05-20;"quinta-feira";"01:40:00";"SC";470;3,1;"NAVEGANTES";"Acesso irregular";"Saída de leito carroçável";"Sem Vítimas";"Plena Noite";"Crescente";"Céu Claro";"Simples";"Em Obras";"Não";2;0;0;0;1;1;0;2;-26,861937;-48,681618;"SPRF-SC";"DEL04-SC";"UOP04-DEL04-SC"
358790;2021-05-20;"quinta-feira";"04:20:00";"RJ";101;43;"CAMPOS DOS GOYTACAZES";"Condutor Dormindo";"Colisão lateral sentido oposto";"Com Vítimas Feridas";"Plena Noite";"Crescente";"Céu Claro";"Simples";"Curva";"Não";4;0;1;0;2;1;1;3;-21,572634;-41,32343795;"SPRF-RJ";"DEL08-RJ";"UOP01-DEL08-RJ"
358794;2021-05-20;"quinta-feira";"05:10:00";"SC";163;99;"SAO JOSE DO CEDRO";"Reação tardia ou ineficiente do condutor";"Colisão traseira";"Com Vítimas Feridas";"Plena Noite";"Decrescente";"Céu Claro";"Simples";"Reta";"Não";3;0;1;0;2;0;1;2;-26,4933708;-53,5016799;"SPRF-SC";"DEL07-SC";"UOP03-DEL07-SC"
358805;2021-05-20;"quinta-feira";"08:05:00";"RS";290;208,1;"PANTANO GRANDE";"Condutor Dormindo";"Colisão frontal";"Com Vítimas Feridas";"Pleno dia";"Crescente";"Nublado";"Simples";"Reta";"Não";3;0;0;1;1;3;1;5;-30,16828192;-52,30556488;"SPRF-RS";"DEL02-RS";"UOP03-DEL02-RS"
358806;2021-05-20;"quinta-feira";"07:20:00";"MG";40;737,9;"SANTOS DUMONT";"Velocidade Incompatível";"Tombamento";"Com Vítimas Feridas";"Pleno dia";"Decrescente";"Nublado";"Simples";"Curva";"Sim";6;0;1;0;4;1;1;3;-21,38296999;-43,57033542;"SPRF-MG";"DEL05-MG";"UOP01-DEL05-MG"
358808;2021-05-20;"quinta-feira";"07:30:00";"RO";364;15;"VILHENA";"Estacionar ou parar em local proibido";"Colisão traseira";"Com Vítimas Feridas";"Pleno dia";"Decrescente";"Céu Claro";"Simples";"Reta";"Sim";2;0;1;0;1;0;1;2;-12,73672751;-60,14804088;"SPRF-RO";"DEL04-RO";"UOP01-DEL04-RO"
358817;2021-05-20;"quinta-feira";"01:30:00";"BA";349;909;"CORRENTINA";"Deficiência do Sistema de Iluminação/Sinalização";"Colisão frontal";"Com Vítimas Feridas";"Plena Noite";"Crescente";"Céu Claro";"Simples";"Reta";"Não";4;0;1;0;2;4;1;7;-13,44677833;-44,79849469;"SPRF-BA";"DEL10-BA";"UOP01-DEL10-BA"
358818;2021-05-20;"quinta-feira";"07:35:00";"SC";101;37,1;"JOINVILLE";"Ausência de reação do condutor";"Colisão traseira";"Com Vítimas Feridas";"Pleno dia";"Crescente";"Sol";"Múltipla";"Reta";"Sim";4;0;1;0;2;1;1;3;-26,25050176;-48,90863867;"SPRF-SC";"DEL03-SC";"UOP01-DEL03-SC"
358822;2021-05-20;"quinta-feira";"09:00:00";"SP";116;296,3;"ITAPECERICA DA SERRA";"Reação tardia ou ineficiente do condutor";"Colisão traseira";"Com Vítimas Feridas";"Pleno dia";"Decrescente";"Céu Claro";"Dupla";"Reta";"Não";4;0;1;1;1;1;2;3;-23,775485;-46,914416;"SPRF-SP";"DEL04-SP";"UOP01-DEL04-SP"
358826;2021-05-20;"quinta-feira";"09:20:00";"PR";116;92;"SAO JOSE DOS PINHAIS";"Acessar a via sem observar a presença dos outros veículos";"Colisão lateral mesmo sentido";"Sem Vítimas";"Pleno dia";"Crescente";"Céu Claro";"Dupla";"Reta";"Não";3;0;0;0;2;1;0;3;-25,47691403;-49,09767498;"SPRF-PR";"DEL01-PR";"UOP01-DEL01-PR"
358827;2021-05-20;"quinta-feira";"09:40:00";"RS";285;379,9;"SALDANHA MARINHO";"Ultrapassagem Indevida";"Colisão frontal";"Com Vítimas Feridas";"Pleno dia";"Crescente";"Céu Claro";"Simples";"Curva";"Não";4;0;2;0;1;2;2;5;-28,427158;-53,144753;"SPRF-RS";"DEL10-RS";"UOP02-DEL10-RS"
358829;2021-05-20;"quinta-feira";"07:50:00";"MA";135;104;"ITAPECURU MIRIM";"Condutor deixou de manter distância do veículo da frente";"Colisão traseira";"Sem Vítimas";"Pleno dia";"Crescente";"Céu Claro";"Simples";"Aclive;Reta";"Sim";4;0;0;0;4;0;0;3;-3,38911583;-44,4963842;"SPRF-MA";"DEL01-MA";"UOP02-DEL01-MA"
358831;2021-05-20;"quinta-feira";"05:00:00";"SC";470;315;"CAMPOS NOVOS";"Ausência de reação do condutor";"Tombamento";"Com Vítimas Feridas";"Plena Noite";"Crescente";"Céu Claro";"Simples";"Curva";"Não";2;0;1;0;0;2;1;3;-27,393394;-51,192188;"SPRF-SC";"DEL07-SC";"UOP06-DEL07-SC"
358834;2021-05-20;"quinta-feira";"09:15:00";"MT";364;349;"SANTO ANTONIO DO LEVERGER";"Velocidade Incompatível";"Saída de leito carroçável";"Com Vítimas Feridas";"Pleno dia";"Crescente";"Céu Claro";"Dupla";"Curva";"Não";3;0;3;0;0;0;3;1;-15,80502622;-55,5546431;"SPRF-MT";"DEL05-MT";"UOP02-DEL05-MT"
358837;2021-05-19;"quarta-feira";"18:30:00";"PI";407;496;"PATOS DO PIAUI";"Ultrapassagem Indevida";"Atropelamento de Animal";"Com Vítimas Fatais";"Plena Noite";"Decrescente";"Céu Claro";"Simples";"Reta";"Não";3;1;0;0;1;1;0;2;-7,54958226;-41,29690349;"SPRF-PI";"DEL04-PI";"UOP01-DEL04-PI"
358839;2021-05-20;"quinta-feira";"05:55:00";"PR";369;163;"CAMBE";"Ingestão de álcool e/ou substâncias psicoativas pelo pedestre";"Eventos atípicos";"Sem Vítimas";"Amanhecer";"Decrescente";"Céu Claro";"Dupla";"Interseção de Vias;Em Obras;Desvio Temporário";"Sim";2;0;0;0;1;1;0;2;-23,29726533;-51,27742589;"SPRF-PR";"DEL07-PR";"UOP01-DEL07-PR"
358844;2021-05-20;"quinta-feira";"07:40:00";"PB";405;15,7;"UIRAUNA";"Ausência de reação do condutor";"Saída de leito carroçável";"Com Vítimas Feridas";"Pleno dia";"Crescente";"Nublado";"Simples";"Reta";"Não";2;0;1;0;0;3;1;4;-6,5758;-38,41251;"SPRF-PB";"DEL03-PB";"UOP03-DEL03-PB"
358846;2021-05-20;"quinta-feira";"11:35:00";"GO";60;105,5;"GOIANAPOLIS";"Ultrapassagem Indevida";"Colisão traseira";"Com Vítimas Feridas";"Pleno dia";"Decrescente";"Céu Claro";"Dupla";"Aclive;Reta";"Não";3;0;0;1;2;0;1;2;-16,41896117;-49,01061058;"SPRF-GO";"DEL02-GO";"UOP01-DEL02-GO"
358849;2021-05-20;"quinta-feira";"11:30:00";"SP";116;42,7;"CACHOEIRA PAULISTA";"Velocidade Incompatível";"Colisão lateral mesmo sentido";"Sem Vítimas";"Pleno dia";"Decrescente";"Céu Claro";"Dupla";"Reta";"Não";3;0;0;0;2;1;0;3;-22,69182132;-45,02240378;"SPRF-SP";"DEL08-SP";"UOP02-DEL08-SP"
358852;2021-05-20;"quinta-feira";"12:00:00";"GO";364;294;"MINEIROS";"Problema com o freio";"Colisão com objeto";"Com Vítimas Feridas";"Pleno dia";"Crescente";"Céu Claro";"Simples";"Curva";"Não";2;0;2;0;0;0;2;1;-17,584251;-52,50275;"SPRF-GO";"DEL05-GO";"UOP01-DEL05-GO"
358855;2021-05-20;"quinta-feira";"02:30:00";"MA";316;6;"BOA VISTA DO GURUPI";"Condutor Dormindo";"Tombamento";"Com Vítimas Feridas";"Plena Noite";"Decrescente";"Ignorado";"Simples";"Reta";"Não";2;0;1;0;0;1;1;2;-1,780594;-46,269554;"SPRF-MA";"DEL02-MA";"UOP02-DEL02-MA"
358856;2021-05-20;"quinta-feira";"09:20:00";"MA";135;45,4;"BACABEIRA";"Manobra de mudança de faixa";"Colisão transversal";"Com Vítimas Feridas";"Pleno dia";"Crescente";"Céu Claro";"Dupla";"Viaduto";"Não";3;0;1;0;1;1;1;3;-2,92373274;-44,34012671;"SPRF-MA";"DEL01-MA";"UOP01-DEL01-MA"
358857;2021-05-20;"quinta-feira";"12:10:00";"MT";174;234;"JAURU";"Transitar na contramão";"Colisão frontal";"Com Vítimas Fatais";"Pleno dia";"Crescente";"Céu Claro";"Simples";"Reta";"Não";3;2;0;0;0;2;0;4;-15,56628346;-58,95591037;"SPRF-MT";"DEL04-MT";"UOP01-DEL04-MT"
358868;2021-05-20;"quinta-feira";"11:30:00";"GO";153;235,6;"HIDROLINA";"Ultrapassagem Indevida";"Colisão traseira";"Com Vítimas Feridas";"Pleno dia";"Crescente";"Céu Claro";"Simples";"Declive";"Não";2;0;1;0;0;1;1;2;-14,801251;-49,285381;"SPRF-GO";"DEL07-GO";"UOP02-DEL07-GO"
358869;2021-05-20;"quinta-feira";"13:20:00";"MG";267;11,3;"LEOPOLDINA";"Condutor deixou de manter distância do veículo da frente";"Colisão traseira";"Com Vítimas Feridas";"Pleno dia";"Decrescente";"Céu Claro";"Simples";"Reta";"Não";3;0;0;1;1;2;1;4;-21,56999426;-42,70830382;"SPRF-MG";"DEL07-MG";"UOP01-DEL07-MG"
358873;2021-05-20;"quinta-feira";"09:40:00";"PA";230;408;"PACAJA";"Transitar na contramão";"Colisão frontal";"Com Vítimas Fatais";"Pleno dia";"Crescente";"Chuva";"Simples";"Aclive";"Não";2;1;0;0;1;0;0;2;-3,833306;-50,652441;"SPRF-PA";"DEL04-PA";"UOP01-DEL04-PA"
358874;2021-05-20;"quinta-feira";"15:05:00";"MG";381;482,7;"BETIM";"Condutor deixou de manter distância do veículo da frente";"Colisão traseira";"Com Vítimas Feridas";"Pleno dia";"Decrescente";"Sol";"Múltipla";"Reta";"Sim";2;0;1;0;1;0;1;2;-19,955532;-44,097209;"SPRF-MG";"DEL01-MG";"UOP03-DEL01-MG"
358875;2021-05-20;"quinta-feira";"14:40:00";"SC";470;185,1;"POUSO REDONDO";"Velocidade Incompatível";"Tombamento";"Com Vítimas Feridas";"Pleno dia";"Decrescente";"Céu Claro";"Simples";"Curva";"Não";2;0;0;1;0;1;1;2;-27,254034;-50,036575;"SPRF-SC";"DEL04-SC";"UOP02-DEL04-SC"
358882;2021-05-20;"quinta-feira";"14:50:00";"RS";386;47,3;"SEBERI";"Mal súbito do condutor";"Colisão transversal";"Com Vítimas Feridas";"Pleno dia";"Decrescente";"Céu Claro";"Simples";"Reta";"Sim";3;0;1;0;1;2;1;4;-27,466236;-53,404499;"SPRF-RS";"DEL08-RS";"UOP02-DEL08-RS"
358883;2021-05-20;"quinta-feira";"14:00:00";"RJ";40;85;"PETROPOLIS";"Problema com o freio";"Saída de leito carroçável";"Sem Vítimas";"Pleno dia";"Crescente";"Nublado";"Simples";"Reta";"Não";2;0;0;0;1;2;0;3;-22,52850694;-43,2349802;"SPRF-RJ";"DEL06-RJ";"UOP01-DEL06-RJ"
358884;2021-05-20;"quinta-feira";"15:55:00";"RS";285;294,8;"PASSO FUNDO";"Desrespeitar a preferência no cruzamento";"Colisão transversal";"Sem Vítimas";"Pleno dia";"Crescente";"Sol";"Simples";"Reta";"Sim";3;0;0;0;2;1;0;3;-28,234547;-52,384975;"SPRF-RS";"DEL08-RS";"UOP03-DEL08-RS"
358886;2021-03-12;"sexta-feira";"23:10:00";"GO";60;210,1;"GUAPO";"Demais falhas mecânicas ou elétricas";"Incêndio";"Sem Vítimas";"Plena Noite";"Decrescente";"Céu Claro";"Dupla";"Reta";"Não";1;0;0;0;1;0;0;1;-16,9243;-49,6642;"SPRF-GO";"DEL01-GO";"UOP02-DEL01-GO"
358890;2021-05-20;"quinta-feira";"16:15:00";"BA";324;538;"AMELIA RODRIGUES";"Velocidade Incompatível";"Atropelamento de Pedestre";"Com Vítimas Fatais";"Pleno dia";"Crescente";"Céu Claro";"Dupla";"Em Obras";"Não";5;1;2;0;1;2;2;5;-12,37446934;-38,80672447;"SPRF-BA";"DEL01-BA";"UOP03-DEL01-BA"
358891;2021-05-20;"quinta-feira";"16:45:00";"PR";376;1;"SAO JOSE DOS PINHAIS";"Ausência de reação do condutor";"Colisão transversal";"Com Vítimas Feridas";"Pleno dia";"Crescente";"Céu Claro";"Dupla";"Interseção de Vias";"Sim";3;0;1;1;1;0;2;2;-25,5307;-49,1958;"SPRF-PR";"DEL01-PR";"UOP01-DEL01-PR"
358896;2021-05-20;"quinta-feira";"16:45:00";"CE";222;18,8;"CAUCAIA";"Condutor deixou de manter distância do veículo da frente";"Colisão traseira";"Sem Vítimas";"Pleno dia";"Crescente";"Céu Claro";"Simples";"Aclive";"Sim";3;0;0;0;3;0;0;3;-3,74923332;-38,71923964;"SPRF-CE";"DEL01-CE";"UOP01-DEL01-CE"
358898;2021-05-20;"quinta-feira";"15:30:00";"CE";222;47,9;"SAO GONCALO DO AMARANTE";"Acessar a via sem observar a presença dos outros veículos";"Colisão transversal";"Sem Vítimas";"Pleno dia";"Crescente";"Céu Claro";"Dupla";"Reta";"Não";3;0;0;0;3;0;0;2;-3,67128381;-38,96679811;"SPRF-CE";"DEL01-CE";"UOP03-DEL01-CE"
358903;2021-05-20;"quinta-feira";"13:40:00";"BA";242;300;"IBIQUERA";"Demais falhas mecânicas ou elétricas";"Tombamento";"Com Vítimas Feridas";"Pleno dia";"Crescente";"Sol";"Simples";"Curva";"Não";2;0;1;0;0;1;1;2;-12,45709;-40,88910582;"SPRF-BA";"DEL06-BA";"UOP02-DEL06-BA"
358905;2021-05-20;"quinta-feira";"17:55:00";"RS";386;344,9;"LAJEADO";"Condutor deixou de manter distância do veículo da frente";"Colisão traseira";"Sem Vítimas";"Anoitecer";"Crescente";"Garoa/Chuvisco";"Simples";"Declive;Reta";"Sim";2;0;0;0;2;0;0;2;-29,439268;-51,993633;"SPRF-RS";"DEL04-RS";"UOP01-DEL04-RS"
358908;2021-05-20;"quinta-feira";"17:20:00";"SC";101;174;"GOVERNADOR CELSO RAMOS";"Condutor deixou de manter distância do veículo da frente";"Colisão traseira";"Com Vítimas Feridas";"Pleno dia";"Decrescente";"Nublado";"Dupla";"Reta";"Não";3;0;0;1;2;0;1;2;-27,33081601;-48,62697562;"SPRF-SC";"DEL01-SC";"UOP01-DEL01-SC"
358911;2021-05-08;"sábado";"11:30:00";"MS";163;270;"DOURADOS";"Ausência de reação do condutor";"Colisão traseira";"Com Vítimas Feridas";"Pleno dia";"Crescente";"Céu Claro";"Dupla";"Reta";"Não";2;0;0;1;1;0;1;2;-22,194847;-54,69295;"SPRF-MS";"DEL04-MS";"UOP01-DEL04-MS"
358918;2021-05-20;"quinta-feira";"16:25:00";"BA";110;370;"SAO SEBASTIAO DO PASSE";"Problema com o freio";"Tombamento";"Com Vítimas Feridas";"Anoitecer";"Decrescente";"Céu Claro";"Simples";"Declive";"Não";2;0;1;0;0;2;1;3;-12,41038544;-38,42231793;"SPRF-BA";"DEL01-BA";"UOP04-DEL01-BA"
358928;2021-05-20;"quinta-feira";"18:10:00";"MT";163;744;"SORRISO";"Acessar a via sem observar a presença dos outros veículos";"Colisão transversal";"Com Vítimas Feridas";"Anoitecer";"Decrescente";"Céu Claro";"Simples";"Declive";"Não";7;0;5;1;0;2;6;4;-12,71577635;-55,82368745;"SPRF-MT";"DEL06-MT";"UOP01-DEL06-MT"
358934;2021-05-20;"quinta-feira";"19:30:00";"SC";282;16;"PALHOCA";"Conversão proibida";"Colisão transversal";"Com Vítimas Feridas";"Plena Noite";"Crescente";"Nublado";"Simples";"Reta";"Sim";2;0;1;0;1;0;1;2;-27,658611;-48,681847;"SPRF-SC";"DEL01-SC";"UOP02-DEL01-SC"
358946;2021-05-20;"quinta-feira";"20:00:00";"RJ";116;175;"NOVA IGUACU";"Trafegar com motocicleta (ou similar) entre as faixas";"Colisão lateral mesmo sentido";"Com Vítimas Feridas";"Plena Noite";"Crescente";"Céu Claro";"Múltipla";"Reta";"Não";2;0;1;0;0;1;1;2;-22,78923555;-43,37275272;"SPRF-RJ";"DEL01-RJ";"UOP02-DEL01-RJ"
358947;2021-05-20;"quinta-feira";"19:30:00";"PE";407;116;"PETROLINA";"Deficiência do Sistema de Iluminação/Sinalização";"Colisão traseira";"Com Vítimas Feridas";"Plena Noite";"Crescente";"Céu Claro";"Simples";"Reta";"Não";3;0;1;0;1;1;1;3;-9,31144;-40,57527;"SPRF-PE";"DEL06-PE";"UOP02-DEL06-PE"
358954;2021-05-20;"quinta-feira";"20:40:00";"SP";381;62;"MAIRIPORA";"Demais falhas mecânicas ou elétricas";"Saída de leito carroçável";"Com Vítimas Feridas";"Plena Noite";"Crescente";"Céu Claro";"Dupla";"Reta";"Não";1;0;1;0;0;0;1;1;-23,29437896;-46,57254696;"SPRF-SP";"DEL03-SP";"UOP01-DEL03-SP"
358958;2021-05-20;"quinta-feira";"15:10:00";"RS";287;400,2;"SANTIAGO";"Desrespeitar a preferência no cruzamento";"Colisão transversal";"Sem Vítimas";"Pleno dia";"Crescente";"Garoa/Chuvisco";"Simples";"Interseção de Vias";"Sim";4;0;0;0;4;0;0;2;-29,16448781;-54,87636383;"SPRF-RS";"DEL12-RS";"UOP02-DEL12-RS"
358960;2021-05-20;"quinta-feira";"18:00:00";"PE";101;163,5;"AGUA PRETA";"Velocidade Incompatível";"Tombamento";"Com Vítimas Feridas";"Plena Noite";"Decrescente";"Nublado";"Dupla";"Curva";"Não";3;0;1;1;0;1;2;2;-8,553815;-35,449797;"SPRF-PE";"DEL01-PE";"UOP01-DEL01-PE"
358963;2021-05-20;"quinta-feira";"22:10:00";"ES";262;168,4;"IBATIBA";"Fumaça";"Colisão traseira";"Com Vítimas Feridas";"Plena Noite";"Decrescente";"Nevoeiro/Neblina";"Simples";"Ponte;Aclive;Curva";"Não";4;0;1;0;2;1;1;3;-20,26087618;-41,5684097;"SPRF-ES";"DEL01-ES";"UOP02-DEL01-ES"
358965;2021-05-20;"quinta-feira";"20:40:00";"RO";364;725;"PORTO VELHO";"Deficiência do Sistema de Iluminação/Sinalização";"Colisão traseira";"Com Vítimas Feridas";"Plena Noite";"Crescente";"Céu Claro";"Simples";"Curva";"Não";7;0;3;2;1;1;5;2;-8,85729;-63,944494;"SPRF-RO";"DEL01-RO";"UOP01-DEL01-RO"
358966;2021-05-20;"quinta-feira";"12:20:00";"SP";116;509;"CAJATI";"Velocidade Incompatível";"Tombamento";"Com Vítimas Feridas";"Pleno dia";"Crescente";"Céu Claro";"Dupla";"Curva";"Não";2;0;1;0;0;1;1;2;-24,82178987;-48,21419034;"SPRF-SP";"DEL05-SP";"UOP02-DEL05-SP"
358978;2021-05-20;"quinta-feira";"23:30:00";"MG";381;346;"BELA VISTA DE MINAS";"Condutor Dormindo";"Colisão com objeto";"Sem Vítimas";"Plena Noite";"Decrescente";"Céu Claro";"Simples";"Declive";"Não";1;0;0;0;1;0;0;1;-19,85740706;-43,12344309;"SPRF-MG";"DEL03-MG";"UOP01-DEL03-MG"
358979;2021-05-20;"quinta-feira";"17:00:00";"PR";476;202;"LAPA";"Ultrapassagem Indevida";"Colisão lateral mesmo sentido";"Sem Vítimas";"Pleno dia";"Decrescente";"Nublado";"Simples";"Reta";"Sim";3;0;0;0;2;2;0;4;-25,776426;-49,774784;"SPRF-PR";"DEL02-PR";"UOP04-DEL02-PR"
358982;2021-05-21;"sexta-feira";"00:55:00";"MT";70;13,3;"BARRA DO GARCAS";"Reação tardia ou ineficiente do condutor";"Colisão frontal";"Com Vítimas Feridas";"Plena Noite";"Crescente";"Céu Claro";"Simples";"Curva";"Não";4;0;3;0;0;1;3;3;-15,8785066;-52,37092794;"SPRF-MT";"DEL07-MT";"UOP01-DEL07-MT"
358984;2021-05-21;"sexta-feira";"00:15:00";"RS";392;1,7;"RIO GRANDE";"Pista Escorregadia";"Colisão lateral sentido oposto";"Com Vítimas Feridas";"Plena Noite";"Decrescente";"Céu Claro";"Simples";"Curva";"Sim";2;0;1;0;1;0;1;2;-32,04488513;-52,0855305;"SPRF-RS";"DEL07-RS";"UOP02-DEL07-RS"
358991;2021-05-21;"sexta-feira";"04:40:00";"GO";20;18;"FORMOSA";"Demais falhas mecânicas ou elétricas";"Capotamento";"Sem Vítimas";"Plena Noite";"Crescente";"Céu Claro";"Múltipla";"Reta";"Não";2;0;0;0;1;2;0;3;-15,556626;-47,195999;"SPRF-DF";"DEL02-DF";"UOP01-DEL02-DF"
358995;2021-05-21;"sexta-feira";"04:30:00";"MG";40;756,4;"EWBANK DA CAMARA";"Velocidade Incompatível";"Tombamento";"Sem Vítimas";"Amanhecer";"Decrescente";"Nublado";"Dupla";"Curva";"Sim";1;0;0;0;1;0;0;1;-21,49531809;-43,53514132;"SPRF-MG";"DEL05-MG";"UOP01-DEL05-MG"
358996;2021-05-21;"sexta-feira";"04:00:00";"AL";316;268;"SATUBA";"Transitar na contramão";"Colisão transversal";"Com Vítimas Fatais";"Plena Noite";"Decrescente";"Nevoeiro/Neblina";"Simples";"Curva";"Não";2;1;0;0;0;1;0;2;-9,58021969;-35,83876014;"SPRF-AL";"DEL02-AL";"UOP01-DEL02-AL"
358998;2021-05-21;"sexta-feira";"05:45:00";"ES";101;402;"ITAPEMIRIM";"Demais falhas mecânicas ou elétricas";"Incêndio";"Sem Vítimas";"Pleno dia";"Decrescente";"Céu Claro";"Simples";"Reta";"Não";2;0;0;0;1;1;0;2;-20,88914562;-40,99003988;"SPRF-ES";"DEL03-ES";"UOP02-DEL03-ES"
359000;2021-05-21;"sexta-feira";"05:10:00";"MG";381;660,1;"SANTO ANTONIO DO AMPARO";"Velocidade Incompatível";"Colisão traseira";"Com Vítimas Feridas";"Amanhecer";"Decrescente";"Nublado";"Dupla";"Aclive";"Não";2;0;1;0;1;0;1;2;-21,032535;-45,002186;"SPRF-MG";"DEL04-MG";"UOP02-DEL04-MG"
359002;2021-05-20;"quinta-feira";"23:00:00";"BA";242;514;"OLIVEIRA DOS BREJINHOS";"Condutor Dormindo";"Colisão traseira";"Com Vítimas Feridas";"Plena Noite";"Crescente";"Céu Claro";"Simples";"Reta";"Sim";4;0;1;0;2;3;1;5;-12,24825641;-42,76525855;"SPRF-BA";"DEL06-BA";"UOP01-DEL06-BA"
359006;2021-05-21;"sexta-feira";"02:20:00";"SC";280;124,8;"RIO NEGRINHO";"Velocidade Incompatível";"Saída de leito carroçável";"Com Vítimas Feridas";"Plena Noite";"Decrescente";"Céu Claro";"Simples";"Aclive;Reta";"Sim";3;0;0;1;1;1;1;3;-26,23860901;-49,49838102;"SPRF-SC";"DEL06-SC";"UOP03-DEL06-SC"
359008;2021-05-21;"sexta-feira";"06:30:00";"PA";222;30,1;"DOM ELISEU";"Problema com o freio";"Incêndio";"Sem Vítimas";"Pleno dia";"Decrescente";"Céu Claro";"Simples";"Reta";"Não";3;0;0;0;2;1;0;2;-4,325403;-47,660297;"SPRF-PA";"DEL02-PA";"UOP02-DEL02-PA"
359009;2021-05-21;"sexta-feira";"06:30:00";"MG";365;419;"PATOS DE MINAS";"Reação tardia ou ineficiente do condutor";"Colisão traseira";"Sem Vítimas";"Amanhecer";"Decrescente";"Céu Claro";"Simples";"Reta";"Não";3;0;0;0;2;12;0;14;-18,69581421;-46,59448986;"SPRF-MG";"DEL10-MG";"UOP01-DEL10-MG"
359012;2021-05-21;"sexta-feira";"07:30:00";"ES";101;137;"LINHARES";"Neblina";"Colisão traseira";"Com Vítimas Feridas";"Pleno dia";"Decrescente";"Nevoeiro/Neblina";"Simples";"Reta";"Não";2;0;1;0;1;0;1;2;-19,29308199;-40,08591691;"SPRF-ES";"DEL04-ES";"UOP01-DEL04-ES"
359013;2021-05-21;"sexta-feira";"07:20:00";"ES";101;357,7;"ANCHIETA";"Acessar a via sem observar a presença dos outros veículos";"Colisão lateral mesmo sentido";"Com Vítimas Feridas";"Pleno dia";"Crescente";"Céu Claro";"Dupla";"Reta";"Não";2;0;1;0;1;0;1;2;-20,68939658;-40,69515524;"SPRF-ES";"DEL03-ES";"UOP01-DEL03-ES"
359015;2021-05-21;"sexta-feira";"08:10:00";"AL";316;190,1;"TANQUE DARCA";"Mal súbito do condutor";"Colisão frontal";"Com Vítimas Feridas";"Pleno dia";"Crescente";"Céu Claro";"Simples";"Curva";"Não";3;0;0;1;1;1;1;3;-9,57757726;-36,41040786;"SPRF-AL";"DEL03-AL";"UOP01-DEL03-AL"