"id";"data_inversa";"dia_semana";"horario";"uf";"br";"km";"municipio";"causa_acidente";"tipo_acidente";"classificacao_acidente";"fase_dia";"sentido_via";"condicao_metereologica";"tipo_pista";"tracado_via";"uso_solo";"pessoas";"mortos";"feridos_leves";"feridos_graves";"ilesos";"ignorados";"feridos";"veiculos";"latitude";"longitude";"regional";"delegacia";"uop"
359016;2021-05-21;"sexta-feira";"07:50:00";"MG";40;570;"NOVA LIMA";"Ausência de reação do condutor";"Colisão frontal";"Com Vítimas Feridas";"Pleno dia";"Crescente";"Céu Claro";"Simples";"Reta";"Sim";5;0;2;0;2;4;2;7;-20,21286706;-43,97263241;"SPRF-MG";"DEL01-MG";"UOP02-DEL01-MG"
359022;2021-05-21;"sexta-feira";"08:15:00";"MG";116;706,3;"MURIAE";"Reação tardia ou ineficiente do condutor";"Colisão traseira";"Com Vítimas Feridas";"Pleno dia";"Crescente";"Sol";"Simples";"Curva";"Sim";3;0;1;0;1;1;1;3;-21,147048;-42,381522;"SPRF-MG";"DEL07-MG";"UOP02-DEL07-MG"
359025;2021-05-21;"sexta-feira";"08:20:00";"ES";101;17,2;"PEDRO CANARIO";"Demais falhas mecânicas ou elétricas";"Tombamento";"Sem Vítimas";"Pleno dia";"Decrescente";"Céu Claro";"Simples";"Reta";"Não";2;0;0;0;1;2;0;3;-18,30705804;-39,95727392;"SPRF-ES";"DEL04-ES";"UOP02-DEL04-ES"
359029;2021-05-21;"sexta-feira";"08:00:00";"PE";101;51,2;"PAULISTA";"Ausência de reação do condutor";"Engavetamento";"Com Vítimas Feridas";"Pleno dia";"Decrescente";"Nublado";"Múltipla";"Reta";"Sim";5;0;1;0;2;2;1;5;-7,9169968;-34,89689272;"SPRF-PE";"DEL01-PE";"UOP02-DEL01-PE"
359033;2021-05-21;"sexta-feira";"07:45:00";"MG";381;888,8;"CAMBUI";"Velocidade Incompatível";"Tombamento";"Com Vítimas Feridas";"Pleno dia";"Decrescente";"Céu Claro";"Dupla";"Curva";"Não";5;0;1;0;0;4;1;3;-22,57036508;-46,04169076;"SPRF-MG";"DEL16-MG";"UOP03-DEL16-MG"
359034;2021-05-21;"sexta-feira";"09:10:00";"MG";381;486,6;"BETIM";"Ausência de reação do condutor";"Engavetamento";"Com Vítimas Feridas";"Plena Noite";"Decrescente";"Sol";"Dupla";"Reta";"Sim";5;0;1;0;4;0;1;4;-19,95644414;-44,13611598;"SPRF-MG";"DEL01-MG";"UOP03-DEL01-MG"
359041;2021-05-21;"sexta-feira";"08:15:00";"MS";163;609;"SAO GABRIEL DO OESTE";"Reação tardia ou ineficiente do condutor";"Colisão traseira";"Com Vítimas Feridas";"Pleno dia";"Crescente";"Céu Claro";"Simples";"Declive";"Não";3;0;1;0;1;1;1;3;-19,4409361;-54,53079011;"SPRF-MS";"DEL06-MS";"UOP02-DEL06-MS"
359042;2021-05-21;"sexta-feira";"02:00:00";"RJ";116;215;"PARACAMBI";"Demais falhas mecânicas ou elétricas";"Incêndio";"Sem Vítimas";"Plena Noite";"Decrescente";"Ignorado";"Dupla";"Reta";"Não";1;0;0;0;1;0;0;1;-22,71145119;-43,73551849;"SPRF-RJ";"DEL01-RJ";"UOP03-DEL01-RJ"
359044;2021-05-21;"sexta-feira";"07:30:00";"SC";470;111,8;"IBIRAMA";"Carga excessiva e/ou mal acondicionada";"Derramamento de carga";"Sem Vítimas";"Pleno dia";"Decrescente";"Céu Claro";"Simples";"Curva";"Não";1;0;0;0;1;0;0;1;-27,095388;-49,457878;"SPRF-SC";"DEL04-SC";"UOP02-DEL04-SC"
359052;2021-05-21;"sexta-feira";"11:30:00";"PR";376;602;"CURITIBA";"Acessar a via sem observar a presença dos outros veículos";"Colisão lateral mesmo sentido";"Com Vítimas Feridas";"Pleno dia";"Decrescente";"Céu Claro";"Dupla";"Reta";"Não";4;0;1;0;2;3;1;6;-25,54329052;-49,30719981;"SPRF-PR";"DEL01-PR";"UOP01-DEL01-PR"
359054;2021-05-21;"sexta-feira";"12:15:00";"PB";230;116,9;"INGA";"Acessar a via sem observar a presença dos outros veículos";"Colisão transversal";"Com Vítimas Feridas";"Pleno dia";"Crescente";"Nublado";"Dupla";"Aclive";"Não";4;0;2;0;2;0;2;3;-7,2372;-35,6043;"SPRF-PB";"DEL01-PB";"UOP03-DEL01-PB"
359061;2021-05-21;"sexta-feira";"14:00:00";"SC";101;201;"SAO JOSE";"Condutor deixou de manter distância do veículo da frente";"Colisão traseira";"Com Vítimas Feridas";"Pleno dia";"Decrescente";"Céu Claro";"Múltipla";"Viaduto";"Sim";2;0;1;0;1;0;1;2;-27,54836599;-48,61977975;"SPRF-SC";"DEL01-SC";"UOP01-DEL01-SC"
359062;2021-05-21;"sexta-feira";"11:15:00";"MT";364;513;"VARZEA GRANDE";"Problema com o freio";"Colisão traseira";"Com Vítimas Feridas";"Pleno dia";"Crescente";"Céu Claro";"Simples";"Reta";"Sim";4;0;1;0;2;3;1;6;-15,70592763;-56,13185406;"SPRF-MT";"DEL01-MT";"UOP01-DEL01-MT"
359067;2021-05-21;"sexta-feira";"14:50:00";"PR";376;180;"MARINGA";"Condutor deixou de manter distância do veículo da frente";"Colisão traseira";"Sem Vítimas";"Pleno dia";"Decrescente";"Céu Claro";"Dupla";"Viaduto";"Sim";5;0;0;0;5;0;0;4;-23,42725352;-51,89512271;"SPRF-PR";"DEL09-PR";"UOP01-DEL09-PR"
359068;2021-05-21;"sexta-feira";"14:15:00";"PR";476;142;"CURITIBA";"Acessar a via sem observar a presença dos outros veículos";"Colisão transversal";"Com Vítimas Feridas";"Pleno dia";"Decrescente";"Céu Claro";"Dupla";"Reta";"Sim";2;0;1;0;1;0;1;2;-25,537161;-49,301632;"SPRF-PR";"DEL01-PR";"UOP03-DEL01-PR"
359069;2021-05-21;"sexta-feira";"11:38:00";"MG";365;122,1;"VARZEA DA PALMA";"Pista esburacada";"Colisão frontal";"Com Vítimas Feridas";"Pleno dia";"Decrescente";"Céu Claro";"Simples";"Aclive;Reta";"Não";3;0;0;1;1;1;1;3;-17,14322778;-44,70503976;"SPRF-MG";"DEL12-MG";"UOP01-DEL12-MG"
359085;2021-05-21;"sexta-feira";"16:25:00";"RN";226;121;"LAJES PINTADAS";"Sinalização mal posicionada";"Colisão com objeto";"Com Vítimas Fatais";"Pleno dia";"Crescente";"Céu Claro";"Simples";"Reta;Em Obras";"Não";3;1;0;0;1;1;0;3;-6,194398;-36,081583;"SPRF-RN";"DEL03-RN";"UOP02-DEL03-RN"
359088;2021-05-21;"sexta-feira";"16:40:00";"SC";282;494,9;"XANXERE";"Manobra de mudança de faixa";"Colisão lateral mesmo sentido";"Com Vítimas Feridas";"Pleno dia";"Crescente";"Nublado";"Simples";"Curva";"Não";4;0;2;0;1;2;2;4;-26,87149;-52,318768;"SPRF-SC";"DEL07-SC";"UOP01-DEL07-SC"
359090;2021-05-21;"sexta-feira";"16:55:00";"PR";376;668,9;"GUARATUBA";"Problema com o freio";"Colisão com objeto";"Com Vítimas Feridas";"Pleno dia";"Crescente";"Céu Claro";"Múltipla";"Curva";"Não";4;0;2;0;1;1;2;2;-25,864159;-48,937538;"SPRF-PR";"DEL01-PR";"UOP04-DEL01-PR"
359092;2021-05-21;"sexta-feira";"11:05:00";"SP";116;347,9;"MIRACATU";"Carga excessiva e/ou mal acondicionada";"Tombamento";"Com Vítimas Feridas";"Pleno dia";"Crescente";"Céu Claro";"Dupla";"Curva;Declive";"Não";2;0;1;0;0;2;1;3;-24,05151953;-47,20185757;"SPRF-SP";"DEL04-SP";"UOP02-DEL04-SP"
359100;2021-05-21;"sexta-feira";"18:30:00";"MG";40;736,4;"SANTOS DUMONT";"Pedestre andava na pista";"Atropelamento de Pedestre";"Com Vítimas Feridas";"Plena Noite";"Crescente";"Céu Claro";"Simples";"Reta";"Não";2;0;1;0;0;1;1;2;-21,37609516;-43,56993701;"SPRF-MG";"DEL05-MG";"UOP01-DEL05-MG"
359107;2021-05-21;"sexta-feira";"18:20:00";"MG";262;524;"LUZ";"Manobra de mudança de faixa";"Colisão transversal";"Com Vítimas Feridas";"Anoitecer";"Decrescente";"Céu Claro";"Simples";"Reta";"Não";4;0;1;1;1;1;2;3;-19,78323056;-45,65745094;"SPRF-MG";"DEL08-MG";"UOP03-DEL08-MG"
359108;2021-05-21;"sexta-feira";"14:45:00";"GO";153;375,4;"SAO FRANCISCO DE GOIAS";"Ausência de reação do condutor";"Colisão traseira";"Sem Vítimas";"Pleno dia";"Crescente";"Céu Claro";"Simples";"Reta";"Não";3;0;0;0;2;2;0;4;-15,868184;-49,255489;"SPRF-GO";"DEL02-GO";"UOP02-DEL02-GO"
359112;2021-05-21;"sexta-feira";"18:15:00";"GO";20;161,1;"ALVORADA DO NORTE";"Demais falhas mecânicas ou elétricas";"Saída de leito carroçável";"Com Vítimas Feridas";"Plena Noite";"Decrescente";"Céu Claro";"Simples";"Reta";"Não";4;0;1;1;1;2;2;3;-14,61049;-46,605427;"SPRF-DF";"DEL02-DF";"UOP03-DEL02-DF"
359114;2021-05-21;"sexta-feira";"18:10:00";"AL";104;70,4;"MESSIAS";"Transitar na contramão";"Colisão frontal";"Com Vítimas Feridas";"Plena Noite";"Decrescente";"Céu Claro";"Simples";"Viaduto";"Não";2;0;1;0;0;1;1;2;-9,3687723;-35,8308202;"SPRF-AL";"DEL01-AL";"UOP02-DEL01-AL"
359121;2021-05-21;"sexta-feira";"18:00:00";"RO";364;237,1;"CACOAL";"Acessar a via sem observar a presença dos outros veículos";"Colisão transversal";"Com Vítimas Feridas";"Anoitecer";"Decrescente";"Céu Claro";"Dupla";"Reta";"Sim";2;0;0;1;1;0;1;2;-11,44267;-61,44835;"SPRF-RO";"DEL02-RO";"UOP02-DEL02-RO"
359130;2021-05-21;"sexta-feira";"18:10:00";"PR";153;484,2;"GENERAL CARNEIRO";"Problema com o freio";"Colisão transversal";"Com Vítimas Feridas";"Plena Noite";"Decrescente";"Céu Claro";"Simples";"Reta";"Não";2;0;0;2;0;0;2;2;-26,38817913;-51,27061844;"SPRF-PR";"DEL02-PR";"UOP03-DEL02-PR"
359131;2021-05-21;"sexta-feira";"20:20:00";"MG";267;161;"LIMA DUARTE";"Transitar na contramão";"Colisão frontal";"Com Vítimas Feridas";"Plena Noite";"Crescente";"Céu Claro";"Simples";"Reta";"Não";4;0;1;2;1;0;3;2;-21,8462762;-43,79762289;"SPRF-MG";"DEL05-MG";"UOP01-DEL05-MG"
359133;2021-05-21;"sexta-feira";"19:20:00";"SC";101;157,4;"ITAPEMA";"Carga excessiva e/ou mal acondicionada";"Colisão com objeto";"Com Vítimas Feridas";"Plena Noite";"Decrescente";"Céu Claro";"Dupla";"Reta";"Sim";3;0;1;0;1;1;1;3;-27,181625;-48,6121179;"SPRF-SC";"DEL04-SC";"UOP03-DEL04-SC"
359135;2021-05-21;"sexta-feira";"19:00:00";"RS";285;494;"ENTRE-IJUIS";"Reação tardia ou ineficiente do condutor";"Colisão transversal";"Sem Vítimas";"Plena Noite";"Decrescente";"Chuva";"Simples";"Declive";"Não";4;0;0;0;3;2;0;5;-28,37620528;-54,25265551;"SPRF-RS";"DEL10-RS";"UOP01-DEL10-RS"
359142;2021-05-21;"sexta-feira";"21:00:00";"MG";381;426;"SABARA";"Ausência de sinalização";"Colisão lateral mesmo sentido";"Com Vítimas Feridas";"Plena Noite";"Decrescente";"Céu Claro";"Dupla";"Reta";"Não";9;0;3;1;5;0;4;7;-19,78686195;-43,68924804;"SPRF-MG";"DEL01-MG";"UOP01-DEL01-MG"
359153;2021-05-21;"sexta-feira";"21:05:00";"MG";50;27,9;"ARAGUARI";"Velocidade Incompatível";"Tombamento";"Com Vítimas Feridas";"Plena Noite";"Crescente";"Céu Claro";"Dupla";"Aclive;Reta";"Não";2;0;1;0;0;3;1;4;-18,61943321;-48,09375199;"SPRF-MG";"DEL15-MG";"UOP02-DEL15-MG"
359155;2021-05-21;"sexta-feira";"21:50:00";"RJ";101;316;"SAO GONCALO";"Manobra de mudança de faixa";"Colisão lateral mesmo sentido";"Com Vítimas Feridas";"Plena Noite";"Crescente";"Céu Claro";"Dupla";"Reta";"Sim";4;0;1;0;2;1;1;3;-22,82262092;-43,08460805;"SPRF-RJ";"DEL02-RJ";"UOP02-DEL02-RJ"
359163;2021-05-21;"sexta-feira";"20:30:00";"RO";364;250,9;"CACOAL";"Ingestão de álcool pelo condutor";"Colisão lateral sentido oposto";"Com Vítimas Feridas";"Plena Noite";"Decrescente";"Céu Claro";"Simples";"Reta";"Não";3;0;1;0;1;2;1;4;-11,437522;-61,569169;"SPRF-RO";"DEL02-RO";"UOP02-DEL02-RO"
359164;2021-05-21;"sexta-feira";"22:12:00";"MG";381;565;"ITAGUARA";"Velocidade Incompatível";"Colisão traseira";"Com Vítimas Feridas";"Plena Noite";"Crescente";"Céu Claro";"Dupla";"Reta";"Sim";4;0;1;0;2;1;1;3;-20,40868701;-44,52561498;"SPRF-MG";"DEL04-MG";"UOP03-DEL04-MG"
359178;2021-05-21;"sexta-feira";"22:40:00";"SP";116;345;"MIRACATU";"Velocidade Incompatível";"Colisão traseira";"Com Vítimas Feridas";"Plena Noite";"Crescente";"Nublado";"Dupla";"Reta";"Não";4;0;1;0;2;1;1;3;-24,03551364;-47,18593225;"SPRF-SP";"DEL04-SP";"UOP02-DEL04-SP"
359185;2021-04-01;"quinta-feira";"12:20:00";"MG";381;430;"SABARA";"Reação tardia ou ineficiente do condutor";"Colisão lateral sentido oposto";"Com Vítimas Feridas";"Pleno dia";"Crescente";"Céu Claro";"Simples";"Reta";"Não";5;0;0;2;3;0;2;4;-19,78496805;-43,72311799;"SPRF-MG";"DEL01-MG";"UOP01-DEL01-MG"
359187;2021-05-22;"sábado";"00:40:00";"MA";316;424;"PERITORO";"Transitar na contramão";"Colisão lateral sentido oposto";"Com Vítimas Feridas";"Plena Noite";"Decrescente";"Céu Claro";"Simples";"Reta";"Sim";3;0;1;0;1;1;1;3;-4,37054;-44,340851;"SPRF-MA";"DEL03-MA";"UOP01-DEL03-MA"
359193;2021-05-22;"sábado";"02:50:00";"PB";101;31,5;"RIO TINTO";"Problema com o freio";"Colisão com objeto";"Sem Vítimas";"Plena Noite";"Crescente";"Céu Claro";"Dupla";"Reta";"Não";2;0;0;0;1;1;0;2;-6,758091;-35,13408691;"SPRF-PB";"DEL01-PB";"UOP04-DEL01-PB"
359196;2021-02-14;"domingo";"20:20:00";"SP";153;42,6;"ONDA VERDE";"Manobra de mudança de faixa";"Colisão lateral sentido oposto";"Com Vítimas Feridas";"Plena Noite";"Crescente";"Chuva";"Simples";"Reta";"Não";3;0;2;0;1;0;2;2;-20,63725202;-49,33843793;"SPRF-SP";"DEL09-SP";"UOP01-DEL09-SP"
359202;2021-05-22;"sábado";"03:50:00";"SP";116;213,4;"GUARULHOS";"Ausência de reação do condutor";"Colisão lateral mesmo sentido";"Com Vítimas Feridas";"Plena Noite";"Decrescente";"Céu Claro";"Múltipla";"Reta";"Sim";3;0;1;0;1;1;1;3;-23,44277395;-46,44427299;"SPRF-SP";"DEL01-SP";"UOP01-DEL01-SP"
359205;2021-05-22;"sábado";"02:15:00";"PR";369;148;"LONDRINA";"Ingestão de álcool pelo condutor";"Colisão lateral mesmo sentido";"Com Vítimas Feridas";"Plena Noite";"Crescente";"Chuva";"Dupla";"Interseção de Vias";"Sim";5;0;1;0;4;0;1;3;-23,292912;-51,14295334;"SPRF-PR";"DEL07-PR";"UOP01-DEL07-PR"
359213;2021-05-22;"sábado";"05:40:00";"RJ";116;108;"GUAPIMIRIM";"Transitar na contramão";"Colisão frontal";"Com Vítimas Feridas";"Amanhecer";"Crescente";"Céu Claro";"Dupla";"Interseção de Vias";"Sim";3;0;1;0;1;1;1;3;-22,535843;-42,99125;"SPRF-RJ";"DEL04-RJ";"UOP02-DEL04-RJ"
359216;2021-05-21;"sexta-feira";"21:30:00";"BA";407;24;"JUAZEIRO";"Condutor deixou de manter distância do veículo da frente";"Colisão traseira";"Sem Vítimas";"Plena Noite";"Crescente";"Nublado";"Simples";"Reta";"Não";3;0;0;0;2;2;0;4;-9,60150883;-40,41686163;"SPRF-BA";"DEL04-BA";"UOP01-DEL04-BA"
359218;2021-05-09;"domingo";"12:15:00";"MG";381;943;"EXTREMA";"Manobra de mudança de faixa";"Saída de leito carroçável";"Com Vítimas Feridas";"Pleno dia";"Crescente";"Sol";"Dupla";"Em Obras";"Não";7;0;0;1;2;4;1;5;-22,768551;-46,210081;"SPRF-MG";"DEL16-MG";"UOP03-DEL16-MG"
359222;2021-05-22;"sábado";"05:10:00";"SP";116;564;"BARRA DO TURVO";"Pista Escorregadia";"Saída de leito carroçável";"Sem Vítimas";"Amanhecer";"Decrescente";"Garoa/Chuvisco";"Dupla";"Reta";"Não";2;0;0;0;1;1;0;2;-25,03458919;-48,53543877;"SPRF-SP";"DEL05-SP";"UOP02-DEL05-SP"
359224;2021-05-22;"sábado";"06:30:00";"PR";277;171;"PALMEIRA";"Pedestre cruzava a pista fora da faixa";"Atropelamento de Pedestre";"Com Vítimas Fatais";"Amanhecer";"Decrescente";"Céu Claro";"Simples";"Curva";"Sim";5;1;0;0;3;1;0;2;-25,43522431;-50,01666427;"SPRF-PR";"DEL01-PR";"UOP03-DEL03-PR"
359225;2021-05-22;"sábado";"07:30:00";"PR";116;106;"CURITIBA";"Velocidade Incompatível";"Saída de leito carroçável";"Com Vítimas Feridas";"Pleno dia";"Crescente";"Nublado";"Dupla";"Reta";"Não";2;0;1;0;1;0;1;1;-25,56830653;-49,17799791;"SPRF-PR";"DEL01-PR";"UOP01-DEL01-PR"
359226;2021-05-22;"sábado";"07:30:00";"TO";153;129;"ARAGUAINA";"Condutor Dormindo";"Colisão frontal";"Com Vítimas Feridas";"Pleno dia";"Crescente";"Céu Claro";"Simples";"Reta";"Sim";2;0;0;1;1;0;1;2;-7,08893865;-48,16292616;"SPRF-TO";"DEL02-TO";"UOP01-DEL02-TO"
359229;2021-05-22;"sábado";"07:30:00";"PR";376;588;"CURITIBA";"Manobra de mudança de faixa";"Colisão lateral mesmo sentido";"Com Vítimas Feridas";"Pleno dia";"Crescente";"Nublado";"Dupla";"Reta;Viaduto";"Sim";5;0;2;1;1;2;3;4;-25,43381713;-49,36546121;"SPRF-PR";"DEL01-PR";"UOP01-DEL01-PR"
359232;2021-05-22;"sábado";"07:10:00";"PI";343;251,3;"CAMPO MAIOR";"Transitar na contramão";"Colisão frontal";"Com Vítimas Fatais";"Pleno dia";"Decrescente";"Céu Claro";"Simples";"Reta";"Não";3;1;1;0;0;1;1;3;-4,733643;-42,106289;"SPRF-PI";"DEL01-PI";"UOP03-DEL01-PI"
359235;2021-04-20;"terça-feira";"17:40:00";"SC";280;80,1;"CORUPA";"Frear bruscamente";"Colisão traseira";"Com Vítimas Feridas";"Anoitecer";"Crescente";"Nublado";"Simples";"Reta";"Não";2;0;1;0;0;1;1;2;-26,44412189;-49,20975187;"SPRF-SC";"DEL06-SC";"UOP03-DEL06-SC"
359237;2021-05-22;"sábado";"07:40:00";"RO";319;63,6;"PORTO VELHO";"Trafegar com motocicleta (ou similar) entre as faixas";"Colisão lateral mesmo sentido";"Com Vítimas Feridas";"Pleno dia";"Crescente";"Céu Claro";"Dupla";"Reta";"Sim";3;0;1;0;1;2;1;4;-8,76293836;-63,88526201;"SPRF-RO";"DEL01-RO";"UOP01-DEL01-RO"
359246;2021-05-22;"sábado";"08:20:00";"PE";232;439;"SERRA TALHADA";"Ultrapassagem Indevida";"Colisão frontal";"Com Vítimas Fatais";"Pleno dia";"Decrescente";"Céu Claro";"Simples";"Curva";"Não";3;1;0;0;1;3;0;5;-8,01044513;-38,55081401;"SPRF-PE";"DEL04-PE";"UOP01-DEL04-PE"
359247;2021-02-12;"sexta-feira";"20:15:00";"GO";40;63,8;"CRISTALINA";"Demais falhas mecânicas ou elétricas";"Incêndio";"Sem Vítimas";"Plena Noite";"Crescente";"Chuva";"Simples";"Reta";"Não";2;0;0;0;1;3;0;4;-16,546727;-47,787549;"SPRF-DF";"DEL01-DF";"UOP02-DEL01-DF"
359249;2021-05-22;"sábado";"10:15:00";"RN";101;108;"PARNAMIRIM";"Manobra de mudança de faixa";"Colisão traseira";"Com Vítimas Feridas";"Pleno dia";"Crescente";"Sol";"Dupla";"Reta";"Sim";4;0;2;0;2;0;2;2;-5,92825102;-35,26465683;"SPRF-RN";"DEL01-RN";"UOP01-DEL01-RN"
359258;2021-05-22;"sábado";"05:30:00";"BA";407;186;"PONTO NOVO";"Condutor usando celular";"Saída de leito carroçável";"Com Vítimas Fatais";"Amanhecer";"Crescente";"Ignorado";"Simples";"Reta";"Não";2;1;0;0;0;1;0;2;-10,98304399;-40,1022419;"SPRF-BA";"DEL04-BA";"UOP02-DEL04-BA"
359259;2021-05-22;"sábado";"09:00:00";"SP";116;508,9;"CAJATI";"Velocidade Incompatível";"Tombamento";"Sem Vítimas";"Pleno dia";"Crescente";"Céu Claro";"Simples";"Curva";"Não";2;0;0;0;1;1;0;2;-24,81333299;-48,21310484;"SPRF-SP";"DEL05-SP";"UOP02-DEL05-SP"
359260;2021-05-22;"sábado";"10:40:00";"CE";20;427;"FORTALEZA";"Acessar a via sem observar a presença dos outros veículos";"Colisão lateral mesmo sentido";"Com Vítimas Feridas";"Pleno dia";"Crescente";"Céu Claro";"Dupla";"Retorno Regulamentado";"Não";3;0;1;0;1;2;1;4;-3,76999035;-38,67006282;"SPRF-CE";"DEL01-CE";"UOP02-DEL01-CE"
359261;2021-05-22;"sábado";"06:30:00";"PI";230;11;"FRONTEIRAS";"Reação tardia ou ineficiente do condutor";"Saída de leito carroçável";"Com Vítimas Feridas";"Pleno dia";"Crescente";"Céu Claro";"Simples";"Curva";"Não";2;0;1;0;0;1;1;2;-7,08300612;-40,56122303;"SPRF-PI";"DEL04-PI";"UOP03-DEL04-PI"
359273;2021-05-22;"sábado";"12:00:00";"ES";101;276;"SERRA";"Avarias e/ou desgaste excessivo no pneu";"Saída de leito carroçável";"Com Vítimas Feridas";"Pleno dia";"Crescente";"Céu Claro";"Dupla";"Reta";"Sim";1;0;1;0;0;0;1;1;-20,20788726;-40,3133509;"SPRF-ES";"DEL02-ES";"UOP01-DEL02-ES"
359279;2021-04-06;"terça-feira";"11:50:00";"SC";470;5;"NAVEGANTES";"Velocidade Incompatível";"Colisão traseira";"Com Vítimas Feridas";"Pleno dia";"Crescente";"Nublado";"Dupla";"Reta";"Sim";3;0;0;1;1;1;1;3;-26,855688;-48,700333;"SPRF-SC";"DEL04-SC";"UOP04-DEL04-SC"
359281;2021-02-07;"domingo";"21:00:00";"MG";50;50;"ARAGUARI";"Pedestre andava na pista";"Atropelamento de Pedestre";"Com Vítimas Fatais";"Plena Noite";"Decrescente";"Céu Claro";"Dupla";"Reta";"Não";2;1;0;0;0;1;0;2;-18,73632416;-48,22707877;"SPRF-MG";"DEL15-MG";"UOP02-DEL15-MG"
359293;2021-05-22;"sábado";"15:30:00";"RS";290;63;"GRAVATAI";"Reação tardia ou ineficiente do condutor";"Colisão lateral mesmo sentido";"Com Vítimas Feridas";"Pleno dia";"Decrescente";"Céu Claro";"Dupla";"Reta";"Não";3;0;1;0;0;2;1;3;-29,936922;-50,886063;"SPRF-RS";"DEL03-RS";"UOP01-DEL03-RS"
359294;2021-05-22;"sábado";"15:30:00";"BA";242;415;"SEABRA";"Transitar no acostamento";"Colisão lateral mesmo sentido";"Com Vítimas Feridas";"Pleno dia";"Decrescente";"Céu Claro";"Simples";"Declive";"Sim";4;0;1;0;1;3;1;5;-12,42862043;-41,77926194;"SPRF-BA";"DEL06-BA";"UOP01-DEL06-BA"
359296;2021-05-22;"sábado";"14:45:00";"TO";153;786,2;"TALISMA";"Ultrapassagem Indevida";"Colisão frontal";"Com Vítimas Fatais";"Pleno dia";"Decrescente";"Céu Claro";"Simples";"Declive";"Não";3;1;1;0;0;1;1;3;-12,69293995;-49,07129625;"SPRF-TO";"DEL01-TO";"UOP02-DEL01-TO"
359303;2021-05-22;"sábado";"15:40:00";"BA";116;807,2;"VITORIA DA CONQUISTA";"Manobra de mudança de faixa";"Colisão lateral sentido oposto";"Com Vítimas Fatais";"Pleno dia";"Decrescente";"Céu Claro";"Simples";"Reta";"Não";4;1;0;0;2;3;0;6;-14,73914195;-40,65690702;"SPRF-BA";"DEL08-BA";"UOP01-DEL08-BA"
359304;2021-05-22;"sábado";"15:30:00";"MT";70;417,7;"CAMPO VERDE";"Condutor Dormindo";"Saída de leito carroçável";"Com Vítimas Feridas";"Pleno dia";"Crescente";"Céu Claro";"Simples";"Reta";"Não";2;0;1;0;0;3;1;4;-15,71370014;-55,33672178;"SPRF-MT";"DEL05-MT";"UOP02-DEL05-MT"
359305;2021-05-22;"sábado";"10:30:00";"MG";365;525,1;"MONTE CARMELO";"Velocidade Incompatível";"Derramamento de carga";"Sem Vítimas";"Pleno dia";"Decrescente";"Céu Claro";"Dupla";"Reta";"Não";2;0;0;0;1;1;0;2;-18,9121783;-47,45182993;"SPRF-MG";"DEL10-MG";"UOP01-DEL10-MG"
359314;2021-05-22;"sábado";"12:45:00";"BA";116;736;"BOA NOVA";"Velocidade Incompatível";"Colisão com objeto";"Com Vítimas Fatais";"Pleno dia";"Decrescente";"Céu Claro";"Simples";"Curva";"Não";3;1;0;0;1;1;0;2;-14,361008;-40,339632;"SPRF-BA";"DEL08-BA";"UOP02-DEL08-BA"
359320;2021-05-22;"sábado";"13:20:00";"RJ";393;168,9;"TRES RIOS";"Reação tardia ou ineficiente do condutor";"Colisão transversal";"Com Vítimas Fatais";"Pleno dia";"Decrescente";"Céu Claro";"Simples";"Reta";"Não";3;1;0;0;1;1;0;3;-22,127502;-43,147022;"SPRF-RJ";"DEL05-RJ";"UOP02-DEL05-RJ"
359321;2021-05-22;"sábado";"17:00:00";"MG";381;370;"SAO GONCALO DO RIO ABAIXO";"Ausência de reação do condutor";"Colisão lateral sentido oposto";"Com Vítimas Feridas";"Pleno dia";"Decrescente";"Céu Claro";"Simples";"Reta";"Não";5;0;1;0;2;2;1;5;-19,85037766;-43,30242668;"SPRF-MG";"DEL01-MG";"UOP01-DEL01-MG"
359324;2021-05-22;"sábado";"18:00:00";"MG";146;439;"GUAXUPE";"Velocidade Incompatível";"Saída de leito carroçável";"Com Vítimas Feridas";"Anoitecer";"Crescente";"Chuva";"Simples";"Curva";"Não";3;0;2;0;0;2;2;3;-21,311753;-46,599311;"SPRF-MG";"DEL09-MG";"UOP01-DEL09-MG"
359331;2021-05-22;"sábado";"16:20:00";"MT";163;935;"ITAUBA";"Ultrapassagem Indevida";"Colisão lateral sentido oposto";"Com Vítimas Feridas";"Pleno dia";"Crescente";"Céu Claro";"Simples";"Curva";"Não";4;0;1;0;1;4;1;6;-11,028328;-55,262352;"SPRF-MT";"DEL06-MT";"NPF/DEL06-MT"
359333;2021-05-22;"sábado";"17:30:00";"MT";364;349;"SANTO ANTONIO DO LEVERGER";"Avarias e/ou desgaste excessivo no pneu";"Colisão traseira";"Com Vítimas Feridas";"Anoitecer";"Crescente";"Garoa/Chuvisco";"Dupla";"Declive";"Não";6;0;3;0;2;2;3;4;-15,79307948;-55,57901859;"SPRF-MT";"DEL05-MT";"UOP02-DEL05-MT"
359336;2021-05-22;"sábado";"17:50:00";"MG";365;365;"VARJAO DE MINAS";"Ultrapassagem Indevida";"Colisão frontal";"Com Vítimas Fatais";"Anoitecer";"Crescente";"Nublado";"Simples";"Curva";"Não";4;2;1;0;0;1;1;3;-18,5272;-46,1455;"SPRF-MG";"DEL10-MG";"UOP01-DEL10-MG"
359340;2021-05-22;"sábado";"18:25:00";"RS";101;69;"MAQUINE";"Condutor deixou de manter distância do veículo da frente";"Colisão traseira";"Sem Vítimas";"Plena Noite";"Crescente";"Céu Claro";"Dupla";"Reta;Túnel";"Não";2;0;0;0;2;0;0;2;-29,724619;-50,198845;"SPRF-RS";"DEL03-RS";"UOP01-DEL03-RS"