"id";"data_inversa";"dia_semana";"horario";"uf";"br";"km";"municipio";"causa_acidente";"tipo_acidente";"classificacao_acidente";"fase_dia";"sentido_via";"condicao_metereologica";"tipo_pista";"tracado_via";"uso_solo";"pessoas";"mortos";"feridos_leves";"feridos_graves";"ilesos";"ignorados";"feridos";"veiculos";"latitude";"longitude";"regional";"delegacia";"uop"
359346;2021-05-22;"sábado";"18:45:00";"MG";381;670;"PERDOES";"Chuva";"Colisão com objeto";"Com Vítimas Feridas";"Plena Noite";"Decrescente";"Chuva";"Dupla";"Reta";"Não";3;0;1;0;2;0;1;3;-21,08238495;-45,06246807;"SPRF-MG";"DEL04-MG";"UOP02-DEL04-MG"
359347;2021-05-22;"sábado";"19:20:00";"MG";381;512;"IGARAPE";"Ausência de reação do condutor";"Colisão transversal";"Com Vítimas Feridas";"Plena Noite";"Decrescente";"Céu Claro";"Simples";"Reta";"Sim";2;0;0;1;1;0;1;2;-20,09239724;-44,31458341;"SPRF-MG";"DEL01-MG";"UOP03-DEL01-MG"
359352;2021-05-22;"sábado";"18:46:00";"PI";343;342;"TERESINA";"Ultrapassagem Indevida";"Colisão lateral mesmo sentido";"Sem Vítimas";"Plena Noite";"Decrescente";"Céu Claro";"Simples";"Rotatória";"Sim";2;0;0;0;1;1;0;2;-5,08284;-42,750385;"SPRF-PI";"DEL01-PI";"UOP01-DEL01-PI"
359356;2021-05-22;"sábado";"17:25:00";"RS";290;224;"PANTANO GRANDE";"Reação tardia ou ineficiente do condutor";"Colisão lateral sentido oposto";"Sem Vítimas";"Anoitecer";"Decrescente";"Céu Claro";"Simples";"Reta";"Não";3;0;0;0;2;2;0;4;-30,203068;-52,458096;"SPRF-RS";"DEL02-RS";"UOP03-DEL02-RS"
359360;2021-05-22;"sábado";"19:20:00";"RS";472;173,6;"SANTA ROSA";"Reação tardia ou ineficiente do condutor";"Colisão lateral sentido oposto";"Com Vítimas Feridas";"Plena Noite";"Decrescente";"Nublado";"Simples";"Curva";"Sim";2;0;1;0;1;0;1;2;-27,85930073;-54,49916124;"SPRF-RS";"DEL10-RS";"UOP01-DEL10-RS"
359361;2021-05-21;"sexta-feira";"23:50:00";"BA";242;539;"OLIVEIRA DOS BREJINHOS";"Reação tardia ou ineficiente do condutor";"Colisão traseira";"Com Vítimas Feridas";"Plena Noite";"Crescente";"Céu Claro";"Simples";"Reta";"Não";4;0;2;0;1;2;2;4;-12,159007;-42,857355;"SPRF-BA";"DEL06-BA";"UOP03-DEL06-BA"
359363;2021-05-22;"sábado";"14:30:00";"MG";153;193;"FRUTAL";"Velocidade Incompatível";"Colisão traseira";"Com Vítimas Fatais";"Pleno dia";"Crescente";"Garoa/Chuvisco";"Simples";"Declive";"Não";7;1;1;1;3;3;2;7;-19,911036;-48,96469;"SPRF-MG";"DEL13-MG";"UOP02-DEL13-MG"
359366;2021-03-21;"domingo";"15:25:00";"BA";116;20,3;"VITORIA DA CONQUISTA";"Demais falhas mecânicas ou elétricas";"Colisão frontal";"Com Vítimas Feridas";"Pleno dia";"Decrescente";"Sol";"Simples";"Reta";"Sim";3;0;1;0;1;1;1;3;-14,89270013;-40,8190155;"SPRF-BA";"DEL08-BA";"UOP01-DEL08-BA"
359381;2021-05-22;"sábado";"21:30:00";"PE";316;83;"OURICURI";"Ultrapassagem Indevida";"Colisão frontal";"Com Vítimas Feridas";"Plena Noite";"Decrescente";"Céu Claro";"Simples";"Reta";"Sim";5;0;0;2;1;3;2;5;-7,87468608;-40,08532003;"SPRF-PE";"DEL05-PE";"UOP02-DEL05-PE"
359386;2021-05-22;"sábado";"18:50:00";"MG";381;944,1;"EXTREMA";"Avarias e/ou desgaste excessivo no pneu";"Saída de leito carroçável";"Com Vítimas Feridas";"Plena Noite";"Crescente";"Nublado";"Dupla";"Reta";"Não";3;0;1;0;1;1;1;3;-22,83799403;-46,32782221;"SPRF-MG";"DEL16-MG";"UOP03-DEL16-MG"
359390;2021-05-22;"sábado";"19:00:00";"MT";158;565;"AGUA BOA";"Demais Fenômenos da natureza";"Incêndio";"Sem Vítimas";"Plena Noite";"Decrescente";"Céu Claro";"Dupla";"Rotatória";"Sim";1;0;0;0;1;0;0;1;-14,02874999;-52,15679016;"SPRF-MT";"DEL07-MT";"UOP02-DEL07-MT"
359393;2021-05-22;"sábado";"18:00:00";"GO";70;294;"GOIAS";"Ingestão de álcool pelo condutor";"Colisão frontal";"Com Vítimas Feridas";"Anoitecer";"Crescente";"Céu Claro";"Simples";"Reta;Declive";"Não";3;0;1;0;2;0;1;2;-15,87631372;-50,48870087;"SPRF-GO";"DEL04-GO";"UOP01-DEL04-GO"
359395;2021-05-22;"sábado";"18:20:00";"MS";158;32;"PARANAIBA";"Acessar a via sem observar a presença dos outros veículos";"Colisão transversal";"Com Vítimas Feridas";"Plena Noite";"Crescente";"Chuva";"Simples";"Reta";"Não";4;0;2;0;1;3;2;6;-19,25426123;-51,50664339;"SPRF-MS";"DEL08-MS";"UOP01-DEL08-MS"
359397;2021-05-22;"sábado";"22:41:00";"PR";369;185,4;"ARAPONGAS";"Ultrapassagem Indevida";"Colisão frontal";"Com Vítimas Fatais";"Plena Noite";"Crescente";"Nublado";"Simples";"Reta";"Sim";6;1;1;1;1;3;2;7;-23,41172652;-51,42730974;"SPRF-PR";"DEL07-PR";"UOP02-DEL07-PR"
359409;2021-05-22;"sábado";"21:15:00";"SC";470;245,9;"CURITIBANOS";"Velocidade Incompatível";"Saída de leito carroçável";"Com Vítimas Fatais";"Plena Noite";"Crescente";"Nublado";"Simples";"Curva";"Sim";1;1;0;0;0;0;0;1;-27,31526341;-50,54636836;"SPRF-SC";"DEL05-SC";"UOP03-DEL05-SC"
359436;2021-05-23;"domingo";"02:33:00";"MG";116;97,2;"MEDINA";"Ingestão de álcool pelo condutor";"Colisão com objeto";"Com Vítimas Feridas";"Plena Noite";"Decrescente";"Céu Claro";"Simples";"Curva";"Não";3;0;1;1;1;0;2;2;-16,411689;-41,480658;"SPRF-MG";"DEL11-MG";"UOP02-DEL11-MG"
359442;2021-05-23;"domingo";"04:43:00";"MG";381;559,9;"ITAGUARA";"Velocidade Incompatível";"Colisão com objeto";"Sem Vítimas";"Plena Noite";"Crescente";"Céu Claro";"Dupla";"Curva;Declive";"Não";1;0;0;0;1;0;0;1;-20,3619547;-44,46696938;"SPRF-MG";"DEL04-MG";"UOP03-DEL04-MG"
359443;2021-05-23;"domingo";"05:30:00";"PR";476;351;"UNIAO DA VITORIA";"Condutor Dormindo";"Saída de leito carroçável";"Sem Vítimas";"Amanhecer";"Decrescente";"Céu Claro";"Simples";"Curva";"Não";2;0;0;0;1;1;0;2;-26,197399;-51,04232;"SPRF-PR";"DEL02-PR";"UOP03-DEL02-PR"
359444;2021-05-22;"sábado";"23:00:00";"GO";153;588,9;"PIRACANJUBA";"Condutor Dormindo";"Saída de leito carroçável";"Sem Vítimas";"Plena Noite";"Crescente";"Chuva";"Dupla";"Reta";"Não";1;0;0;0;1;0;0;1;-17,4509;-49,2274;"SPRF-GO";"DEL03-GO";"UOP01-DEL03-GO"
359445;2021-05-22;"sábado";"20:00:00";"MG";459;83,2;"CONGONHAL";"Ultrapassagem Indevida";"Colisão lateral mesmo sentido";"Com Vítimas Feridas";"Plena Noite";"Decrescente";"Nublado";"Simples";"Reta";"Sim";3;0;2;0;1;0;2;2;-22,15110537;-46,04722973;"SPRF-MG";"DEL09-MG";"UOP01-DEL09-MG"
359446;2021-05-23;"domingo";"05:50:00";"GO";364;192,8;"JATAI";"Demais falhas mecânicas ou elétricas";"Tombamento";"Com Vítimas Feridas";"Amanhecer";"Decrescente";"Nublado";"Dupla";"Curva";"Não";2;0;1;0;0;1;1;2;-17,922094;-51,69062;"SPRF-GO";"DEL05-GO";"UOP01-DEL05-GO"
359449;2021-05-23;"domingo";"06:30:00";"CE";116;291,1;"JAGUARIBE";"Ausência de reação do condutor";"Colisão traseira";"Com Vítimas Feridas";"Amanhecer";"Crescente";"Céu Claro";"Simples";"Reta";"Não";4;0;0;2;0;3;2;5;-5,77426789;-38,52503341;"SPRF-CE";"DEL05-CE";"UOP02-DEL05-CE"
359451;2021-05-22;"sábado";"20:00:00";"MG";365;372;"PATOS DE MINAS";"Velocidade Incompatível";"Saída de leito carroçável";"Sem Vítimas";"Plena Noite";"Decrescente";"Chuva";"Simples";"Curva";"Não";2;0;0;0;1;1;0;2;-18,52680796;-46,14524208;"SPRF-MG";"DEL10-MG";"UOP01-DEL10-MG"
359457;2021-05-23;"domingo";"05:30:00";"AM";174;935;"MANAUS";"Condutor Dormindo";"Saída de leito carroçável";"Com Vítimas Feridas";"Pleno dia";"Decrescente";"Céu Claro";"Simples";"Declive";"Não";3;0;1;0;1;1;1;2;-2,531767;-60,03644605;"SPRF-AM";"DEL01-AM";"UOP01-DEL01-AM"
359462;2021-05-20;"quinta-feira";"02:30:00";"MG";116;164,8;"PADRE PARAISO";"Carga excessiva e/ou mal acondicionada";"Tombamento";"Com Vítimas Feridas";"Plena Noite";"Crescente";"Céu Claro";"Simples";"Curva";"Não";3;0;1;0;1;1;1;2;-16,966437;-41,45100303;"SPRF-MG";"DEL11-MG";"UOP02-DEL11-MG"
359467;2021-05-23;"domingo";"06:50:00";"MT";364;440,6;"VARZEA GRANDE";"Pista Escorregadia";"Tombamento";"Sem Vítimas";"Amanhecer";"Crescente";"Chuva";"Simples";"Curva";"Não";2;0;0;0;1;3;0;4;-15,60088286;-56,20983124;"SPRF-MT";"DEL01-MT";"UOP02-DEL01-MT"
359468;2021-03-29;"segunda-feira";"03:00:00";"MG";381;813,1;"CAREACU";"Velocidade Incompatível";"Tombamento";"Sem Vítimas";"Plena Noite";"Crescente";"Céu Claro";"Dupla";"Curva";"Não";2;0;0;0;1;3;0;4;-21,98662683;-45,6527853;"SPRF-MG";"DEL16-MG";"UOP02-DEL16-MG"
359477;2021-05-23;"domingo";"08:50:00";"RN";304;24;"MOSSORO";"Carga excessiva e/ou mal acondicionada";"Tombamento";"Com Vítimas Feridas";"Pleno dia";"Decrescente";"Céu Claro";"Simples";"Rotatória";"Não";2;0;1;0;0;1;1;2;-5,06659984;-37,33154297;"SPRF-RN";"DEL04-RN";"UOP02-DEL04-RN"
359479;2021-05-23;"domingo";"08:30:00";"SC";282;499,1;"XANXERE";"Acessar a via sem observar a presença dos outros veículos";"Colisão traseira";"Com Vítimas Feridas";"Pleno dia";"Crescente";"Céu Claro";"Simples";"Rotatória";"Não";2;0;1;0;1;0;1;2;-26,88046894;-52,35899448;"SPRF-SC";"DEL07-SC";"UOP01-DEL07-SC"
359488;2021-05-23;"domingo";"10:05:00";"MG";40;224;"JOAO PINHEIRO";"Velocidade Incompatível";"Tombamento";"Com Vítimas Fatais";"Pleno dia";"Decrescente";"Nublado";"Simples";"Rotatória";"Sim";2;1;0;0;0;1;0;2;-17,98410505;-45,61161373;"SPRF-MG";"DEL14-MG";"UOP02-DEL14-MG"
359492;2021-05-23;"domingo";"10:30:00";"BA";116;595,6;"IRAJUBA";"Ausência de reação do condutor";"Saída de leito carroçável";"Com Vítimas Feridas";"Pleno dia";"Crescente";"Céu Claro";"Simples";"Reta";"Não";2;0;0;1;0;1;1;2;-13,17351892;-39,99933014;"SPRF-BA";"DEL03-BA";"UOP02-DEL03-BA"
359494;2021-05-23;"domingo";"11:40:00";"ES";101;65;"SAO MATEUS";"Ingestão de álcool pelo condutor";"Colisão traseira";"Sem Vítimas";"Pleno dia";"Crescente";"Céu Claro";"Simples";"Aclive;Reta";"Não";3;0;0;0;2;1;0;3;-18,70935945;-39,87762087;"SPRF-ES";"DEL04-ES";"UOP02-DEL04-ES"
359495;2021-05-23;"domingo";"11:15:00";"RJ";116;221,4;"PIRAI";"Velocidade Incompatível";"Tombamento";"Sem Vítimas";"Pleno dia";"Decrescente";"Sol";"Simples";"Curva";"Não";2;0;0;0;1;1;0;2;-22,68213325;-43,82411957;"SPRF-RJ";"DEL07-RJ";"UOP01-DEL07-RJ"
359510;2021-05-23;"domingo";"11:20:00";"CE";20;155;"PEDRA BRANCA";"Acessar a via sem observar a presença dos outros veículos";"Colisão com objeto";"Sem Vítimas";"Pleno dia";"Decrescente";"Céu Claro";"Simples";"Reta";"Não";3;0;0;0;1;2;0;3;-5,44589028;-40,00739253;"SPRF-CE";"DEL02-CE";"UOP02-DEL02-CE"
359531;2021-05-23;"domingo";"16:00:00";"RJ";116;91;"GUAPIMIRIM";"Reação tardia ou ineficiente do condutor";"Atropelamento de Pedestre";"Com Vítimas Feridas";"Pleno dia";"Crescente";"Céu Claro";"Simples";"Reta";"Não";2;0;1;0;1;0;1;2;-22,45860515;-42,97439809;"SPRF-RJ";"DEL04-RJ";"UOP02-DEL04-RJ"
359532;2021-05-23;"domingo";"07:30:00";"MG";116;712,1;"MURIAE";"Velocidade Incompatível";"Tombamento";"Com Vítimas Fatais";"Pleno dia";"Decrescente";"Sol";"Simples";"Curva";"Não";2;1;0;0;0;1;0;2;-21,19049794;-42,3684161;"SPRF-MG";"DEL07-MG";"UOP02-DEL07-MG"
359542;2021-05-23;"domingo";"16:55:00";"SP";153;175,2;"GUAICARA";"Mal súbito do condutor";"Colisão frontal";"Com Vítimas Feridas";"Anoitecer";"Crescente";"Nublado";"Simples";"Reta";"Não";3;0;1;1;0;1;2;3;-21,64098999;-49,78823613;"SPRF-SP";"DEL07-SP";"UOP01-DEL07-SP"
359545;2021-05-23;"domingo";"10:50:00";"SC";470;111,2;"APIUNA";"Reação tardia ou ineficiente do condutor";"Tombamento";"Sem Vítimas";"Pleno dia";"Decrescente";"Céu Claro";"Simples";"Curva";"Não";2;0;0;0;1;2;0;3;-27,095388;-49,457878;"SPRF-SC";"DEL04-SC";"UOP02-DEL04-SC"
359550;2021-05-23;"domingo";"15:55:00";"RS";153;486,6;"CACAPAVA DO SUL";"Velocidade Incompatível";"Tombamento";"Com Vítimas Feridas";"Pleno dia";"Decrescente";"Nublado";"Simples";"Curva";"Não";2;0;0;1;0;1;1;2;-30,37137305;-53,36522533;"SPRF-RS";"DEL09-RS";"UOP02-DEL09-RS"
359552;2021-05-23;"domingo";"15:15:00";"BA";116;611,5;"JAGUAQUARA";"Ultrapassagem Indevida";"Tombamento";"Sem Vítimas";"Pleno dia";"Decrescente";"Céu Claro";"Simples";"Reta";"Não";2;0;0;0;1;2;0;3;-13,3314;-40,01686;"SPRF-BA";"DEL03-BA";"UOP01-DEL03-BA"
359557;2021-05-23;"domingo";"15:15:00";"SP";116;316;"JUQUITIBA";"Velocidade Incompatível";"Derramamento de carga";"Sem Vítimas";"Pleno dia";"Crescente";"Nublado";"Dupla";"Curva";"Não";2;0;0;0;2;0;0;1;-23,91054997;-46,99149375;"SPRF-SP";"DEL04-SP";"UOP01-DEL04-SP"
359587;2021-05-23;"domingo";"19:35:00";"RS";101;45,3;"TERRA DE AREIA";"Ausência de reação do condutor";"Colisão transversal";"Com Vítimas Feridas";"Plena Noite";"Crescente";"Céu Claro";"Múltipla";"Interseção de Vias";"Sim";3;0;1;0;1;1;1;3;-29,569855;-50,056385;"SPRF-RS";"DEL03-RS";"UOP02-DEL03-RS"
359592;2021-05-23;"domingo";"19:50:00";"SP";116;228;"SAO PAULO";"Manobra de mudança de faixa";"Colisão lateral mesmo sentido";"Com Vítimas Feridas";"Plena Noite";"Decrescente";"Céu Claro";"Múltipla";"Reta";"Sim";5;0;2;0;2;2;2;5;-23,50343484;-46,56638712;"SPRF-SP";"DEL01-SP";"UOP01-DEL01-SP"
359600;2021-05-23;"domingo";"18:50:00";"MS";163;131;"NAVIRAI";"Transitar na contramão";"Colisão frontal";"Com Vítimas Feridas";"Plena Noite";"Crescente";"Céu Claro";"Simples";"Reta";"Não";3;0;0;1;1;1;1;3;-23,0356812;-54,26786512;"SPRF-MS";"DEL09-MS";"UOP01-DEL09-MS"
359616;2021-05-23;"domingo";"21:00:00";"MT";163;1066;"GUARANTA DO NORTE";"Manobra de mudança de faixa";"Colisão frontal";"Com Vítimas Feridas";"Plena Noite";"Crescente";"Céu Claro";"Simples";"Reta";"Sim";3;0;0;1;1;2;1;4;-9,93738299;-54,90332387;"SPRF-MT";"DEL06-MT";"NPF/DEL06-MT"
359623;2021-05-23;"domingo";"22:50:00";"CE";222;313,5;"TIANGUA";"Ingestão de substâncias psicoativas pelo condutor";"Colisão frontal";"Com Vítimas Feridas";"Plena Noite";"Decrescente";"Céu Claro";"Simples";"Reta";"Sim";2;0;1;0;1;0;1;2;-3,7236142;-40,99670064;"SPRF-CE";"DEL04-CE";"UOP02-DEL04-CE"
359628;2021-05-23;"domingo";"17:50:00";"SC";280;24,8;"ARAQUARI";"Acessar a via sem observar a presença dos outros veículos";"Colisão transversal";"Com Vítimas Feridas";"Anoitecer";"Decrescente";"Nublado";"Simples";"Reta";"Não";3;0;1;1;1;0;2;3;-26,37724921;-48,71953282;"SPRF-SC";"DEL03-SC";"UOP03-DEL03-SC"
359629;2021-05-23;"domingo";"18:50:00";"BA";242;473;"IBITIARA";"Pedestre andava na pista";"Atropelamento de Pedestre";"Com Vítimas Fatais";"Plena Noite";"Crescente";"Céu Claro";"Simples";"Reta";"Não";2;1;0;0;0;1;0;2;-12,46480934;-42,25581192;"SPRF-BA";"DEL06-BA";"UOP01-DEL06-BA"
359631;2021-05-23;"domingo";"23:25:00";"SP";116;201;"ARUJA";"Reação tardia ou ineficiente do condutor";"Colisão com objeto";"Sem Vítimas";"Pleno dia";"Crescente";"Nublado";"Múltipla";"Reta";"Sim";3;0;0;0;2;1;0;3;-23,40362877;-46,33050107;"SPRF-SP";"DEL01-SP";"UOP01-DEL01-SP"
359633;2021-05-23;"domingo";"19:15:00";"MG";116;216,8;"CATUJI";"Demais falhas mecânicas ou elétricas";"Queda de ocupante de veículo";"Com Vítimas Feridas";"Plena Noite";"Decrescente";"Céu Claro";"Simples";"Aclive";"Não";2;0;0;1;0;1;1;2;-17,3756538;-41,52881674;"SPRF-MG";"DEL11-MG";"UOP01-DEL11-MG"
359634;2021-05-23;"domingo";"23:28:00";"SC";101;136;"BALNEARIO CAMBORIU";"Manobra de mudança de faixa";"Colisão lateral mesmo sentido";"Com Vítimas Feridas";"Plena Noite";"Crescente";"Nublado";"Múltipla";"Reta";"Sim";2;0;1;0;1;0;1;2;-27,008113;-48,617245;"SPRF-SC";"DEL04-SC";"UOP03-DEL04-SC"
359640;2021-05-23;"domingo";"21:15:00";"BA";242;161;"RAFAEL JAMBEIRO";"Velocidade Incompatível";"Tombamento";"Com Vítimas Feridas";"Plena Noite";"Decrescente";"Céu Claro";"Simples";"Declive";"Não";4;0;3;0;0;2;3;3;-12,487435;-39,697461;"SPRF-BA";"DEL06-BA";"UOP02-DEL06-BA"
359641;2021-05-24;"segunda-feira";"01:30:00";"SP";153;54,5;"SAO JOSE DO RIO PRETO";"Animais na Pista";"Atropelamento de Animal";"Com Vítimas Feridas";"Plena Noite";"Decrescente";"Céu Claro";"Dupla";"Reta";"Não";3;0;1;0;1;2;1;4;-20,74488916;-49,33894564;"SPRF-SP";"DEL09-SP";"UOP01-DEL09-SP"
359642;2021-05-23;"domingo";"23:50:00";"RJ";116;143;"DUQUE DE CAXIAS";"Velocidade Incompatível";"Colisão com objeto";"Com Vítimas Feridas";"Plena Noite";"Crescente";"Céu Claro";"Múltipla";"Reta";"Sim";4;0;2;0;1;1;2;2;-22,66933735;-43,27199405;"SPRF-RJ";"DEL01-RJ";"UOP01-DEL01-RJ"
359643;2021-05-24;"segunda-feira";"02:15:00";"MG";40;512;"RIBEIRAO DAS NEVES";"Ausência de reação do condutor";"Colisão traseira";"Com Vítimas Feridas";"Plena Noite";"Decrescente";"Céu Claro";"Dupla";"Reta";"Sim";3;0;1;0;1;1;1;3;-19,78946999;-44,11290699;"SPRF-MG";"DEL01-MG";"UOP02-DEL01-MG"
359645;2021-05-24;"segunda-feira";"03:00:00";"RJ";116;306,4;"RESENDE";"Velocidade Incompatível";"Colisão traseira";"Com Vítimas Feridas";"Plena Noite";"Crescente";"Céu Claro";"Múltipla";"Reta";"Não";3;0;0;1;2;0;1;2;-22,45645538;-44,40259093;"SPRF-RJ";"DEL07-RJ";"UOP02-DEL07-RJ"
359647;2021-05-24;"segunda-feira";"03:30:00";"ES";101;236,4;"FUNDAO";"Reação tardia ou ineficiente do condutor";"Tombamento";"Sem Vítimas";"Plena Noite";"Crescente";"Céu Claro";"Simples";"Reta";"Não";2;0;0;0;1;1;0;2;-19,97859969;-40,40808767;"SPRF-ES";"DEL02-ES";"UOP01-DEL02-ES"
359651;2021-05-24;"segunda-feira";"04:30:00";"BA";407;159,2;"FILADELFIA";"Condutor Dormindo";"Colisão frontal";"Com Vítimas Feridas";"Plena Noite";"Crescente";"Céu Claro";"Simples";"Reta";"Não";4;0;1;0;3;0;1;2;-10,74048404;-40,12149043;"SPRF-BA";"DEL04-BA";"UOP01-DEL04-BA"
359652;2021-05-24;"segunda-feira";"00:20:00";"RO";425;91,9;"NOVA MAMORE";"Reação tardia ou ineficiente do condutor";"Atropelamento de Pedestre";"Com Vítimas Fatais";"Plena Noite";"Decrescente";"Chuva";"Simples";"Reta";"Não";2;1;0;0;0;1;0;2;-10,333301;-65,311211;"SPRF-RO";"DEL01-RO";"UOP03-DEL01-RO"
359655;2021-05-24;"segunda-feira";"06:00:00";"SC";470;70,5;"INDAIAL";"Reação tardia ou ineficiente do condutor";"Colisão traseira";"Com Vítimas Feridas";"Plena Noite";"Crescente";"Céu Claro";"Simples";"Em Obras;Reta";"Sim";3;0;1;0;0;2;1;3;-26,89089933;-49,25657988;"SPRF-SC";"DEL04-SC";"UOP01-DEL04-SC"
359661;2021-05-24;"segunda-feira";"01:29:00";"PR";376;655;"TIJUCAS DO SUL";"Ausência de reação do condutor";"Tombamento";"Sem Vítimas";"Plena Noite";"Crescente";"Céu Claro";"Dupla";"Curva";"Não";2;0;0;0;1;3;0;4;-25,84165409;-49,042472;"SPRF-PR";"DEL01-PR";"UOP04-DEL01-PR"
359663;2021-05-24;"segunda-feira";"06:30:00";"PR";116;182;"CAMPO DO TENENTE";"Manobra de mudança de faixa";"Colisão transversal";"Sem Vítimas";"Amanhecer";"Decrescente";"Céu Claro";"Simples";"Reta";"Não";2;0;0;0;1;1;0;2;-25,91143478;-49,591865;"SPRF-PR";"DEL01-PR";"UOP03-DEL01-PR"
359666;2021-05-24;"segunda-feira";"07:00:00";"PE";232;8;"JABOATAO DOS GUARARAPES";"Condutor deixou de manter distância do veículo da frente";"Colisão traseira";"Com Vítimas Feridas";"Pleno dia";"Decrescente";"Sol";"Dupla";"Reta";"Sim";5;0;1;0;4;0;1;4;-8,08195464;-34,99545022;"SPRF-PE";"DEL01-PE";"UOP01-DEL01-PE"
359668;2021-05-15;"sábado";"15:45:00";"MS";158;336,5;"BRASILANDIA";"Manobra de mudança de faixa";"Colisão frontal";"Com Vítimas Fatais";"Pleno dia";"Decrescente";"Sol";"Simples";"Reta";"Não";4;1;1;0;1;2;1;4;-21,22341072;-52,01697142;"SPRF-MS";"DEL07-MS";"UOP01-DEL07-MS"
359670;2021-01-12;"terça-feira";"17:20:00";"MG";381;434,1;"SABARA";"Transitar na contramão";"Colisão frontal";"Com Vítimas Fatais";"Pleno dia";"Decrescente";"Nublado";"Simples";"Declive;Reta";"Não";9;3;0;2;3;1;2;5;-19,80043184;-43,75031407;"SPRF-MG";"DEL01-MG";"UOP01-DEL01-MG"
359674;2021-05-24;"segunda-feira";"07:55:00";"PR";476;152,8;"ARAUCARIA";"Manobra de mudança de faixa";"Colisão lateral mesmo sentido";"Com Vítimas Feridas";"Pleno dia";"Decrescente";"Céu Claro";"Dupla";"Reta";"Sim";2;0;0;1;0;1;1;2;-25,570036;-49,384193;"SPRF-PR";"DEL01-PR";"UOP03-DEL01-PR"
359676;2021-05-24;"segunda-feira";"03:30:00";"MT";364;464;"VARZEA GRANDE";"Reação tardia ou ineficiente do condutor";"Saída de leito carroçável";"Com Vítimas Feridas";"Plena Noite";"Crescente";"Garoa/Chuvisco";"Simples";"Ponte";"Não";2;0;1;0;0;3;1;4;-15,49455913;-56,27718151;"SPRF-MT";"DEL01-MT";"UOP02-DEL01-MT"
359680;2021-05-24;"segunda-feira";"08:55:00";"MG";381;499,5;"BETIM";"Demais falhas mecânicas ou elétricas";"Colisão com objeto";"Com Vítimas Feridas";"Pleno dia";"Decrescente";"Céu Claro";"Dupla";"Reta";"Não";1;0;1;0;0;0;1;1;-20,01792651;-44,2261448;"SPRF-MG";"DEL01-MG";"UOP03-DEL01-MG"
359686;2021-05-24;"segunda-feira";"09:00:00";"GO";364;352;"MINEIROS";"Ingestão de álcool pelo condutor";"Saída de leito carroçável";"Com Vítimas Feridas";"Pleno dia";"Crescente";"Céu Claro";"Simples";"Curva";"Não";2;0;0;1;0;1;1;2;-17,380156;-52,924263;"SPRF-GO";"DEL05-GO";"UOP01-DEL05-GO"
359693;2021-05-24;"segunda-feira";"08:45:00";"RJ";116;261,7;"BARRA MANSA";"Carga excessiva e/ou mal acondicionada";"Tombamento";"Com Vítimas Feridas";"Pleno dia";"Decrescente";"Céu Claro";"Dupla";"Declive;Curva";"Não";2;0;1;0;0;1;1;2;-22,58476877;-44,05026905;"SPRF-RJ";"DEL07-RJ";"UOP02-DEL07-RJ"
359694;2021-05-24;"segunda-feira";"10:30:00";"SC";101;203;"SAO JOSE";"Transitar no acostamento";"Colisão lateral mesmo sentido";"Com Vítimas Feridas";"Pleno dia";"Crescente";"Céu Claro";"Dupla";"Curva";"Sim";2;0;1;0;1;0;1;2;-27,5650044;-48,61460082;"SPRF-SC";"DEL01-SC";"UOP01-DEL01-SC"
359697;2021-05-24;"segunda-feira";"10:00:00";"GO";364;89;"CACHOEIRA ALTA";"Reação tardia ou ineficiente do condutor";"Colisão transversal";"Com Vítimas Feridas";"Pleno dia";"Crescente";"Sol";"Simples";"Interseção de Vias";"Não";3;0;1;0;1;4;1;6;-18,509233;-51,067924;"SPRF-GO";"DEL05-GO";"UOP02-DEL05-GO"
359702;2021-05-24;"segunda-feira";"11:20:00";"RS";116;242;"SAO LEOPOLDO";"Manobra de mudança de faixa";"Colisão lateral mesmo sentido";"Com Vítimas Feridas";"Pleno dia";"Decrescente";"Céu Claro";"Dupla";"Reta";"Sim";3;0;1;0;2;0;1;3;-29,72297087;-51,14858729;"SPRF-RS";"DEL01-RS";"UOP02-DEL01-RS"
359708;2021-05-24;"segunda-feira";"10:00:00";"MG";116;262,2;"TEOFILO OTONI";"Velocidade Incompatível";"Colisão lateral mesmo sentido";"Sem Vítimas";"Pleno dia";"Crescente";"Sol";"Simples";"Curva;Aclive";"Não";4;0;0;0;2;4;0;6;-17,73929595;-41,50092126;"SPRF-MG";"DEL11-MG";"UOP01-DEL11-MG"
359709;2021-05-24;"segunda-feira";"11:45:00";"PR";116;42;"CAMPINA GRANDE DO SUL";"Reação tardia ou ineficiente do condutor";"Tombamento";"Sem Vítimas";"Pleno dia";"Crescente";"Céu Claro";"Dupla";"Ponte;Curva";"Não";1;0;0;0;0;1;0;1;-25,17611697;-48,874256;"SPRF-PR";"DEL01-PR";"UOP02-DEL01-PR"
359712;2021-05-24;"segunda-feira";"11:20:00";"RR";174;451;"MUCAJAI";"Demais falhas mecânicas ou elétricas";"Colisão frontal";"Com Vítimas Feridas";"Pleno dia";"Decrescente";"Chuva";"Simples";"Curva";"Sim";6;0;1;0;4;1;1;3;2,466912;-60,919975;"SPRF-RR";"DEL01-RR";"UOP01-DEL01-RR"
359714;2021-05-08;"sábado";"17:00:00";"MG";262;790,7;"UBERABA";"Avarias e/ou desgaste excessivo no pneu";"Saída de leito carroçável";"Com Vítimas Feridas";"Pleno dia";"Decrescente";"Céu Claro";"Simples";"Curva";"Não";2;0;1;0;0;1;1;2;-19,76179377;-47,84979004;"SPRF-MG";"DEL13-MG";"UOP01-DEL13-MG"