"id";"data_inversa";"dia_semana";"horario";"uf";"br";"km";"municipio";"causa_acidente";"tipo_acidente";"classificacao_acidente";"fase_dia";"sentido_via";"condicao_metereologica";"tipo_pista";"tracado_via";"uso_solo";"pessoas";"mortos";"feridos_leves";"feridos_graves";"ilesos";"ignorados";"feridos";"veiculos";"latitude";"longitude";"regional";"delegacia";"uop"
359725;2021-05-24;"segunda-feira";"14:00:00";"RS";158;237,4;"TUPANCIRETA";"Avarias e/ou desgaste excessivo no pneu";"Saída de leito carroçável";"Com Vítimas Feridas";"Pleno dia";"Crescente";"Céu Claro";"Simples";"Curva";"Não";1;0;1;0;0;0;1;1;-29,00219416;-53,64608926;"SPRF-RS";"DEL10-RS";"UOP02-DEL10-RS"
359728;2021-05-24;"segunda-feira";"10:45:00";"MG";262;406,9;"IGARATINGA";"Velocidade Incompatível";"Colisão lateral mesmo sentido";"Com Vítimas Feridas";"Pleno dia";"Crescente";"Sol";"Dupla";"Reta";"Não";4;0;3;0;0;1;3;3;-19,88878596;-44,62165833;"SPRF-MG";"DEL01-MG";"UOP03-DEL01-MG"
359734;2021-05-24;"segunda-feira";"13:50:00";"RJ";40;78;"PETROPOLIS";"Velocidade Incompatível";"Colisão lateral mesmo sentido";"Com Vítimas Feridas";"Pleno dia";"Crescente";"Céu Claro";"Simples";"Curva";"Não";3;0;2;0;1;0;2;2;-22,48485874;-43,22843406;"SPRF-RJ";"DEL06-RJ";"UOP01-DEL06-RJ"
359735;2021-05-24;"segunda-feira";"13:15:00";"SC";101;41,5;"JOINVILLE";"Desrespeitar a preferência no cruzamento";"Colisão transversal";"Com Vítimas Feridas";"Pleno dia";"Decrescente";"Sol";"Dupla";"Viaduto;Retorno Regulamentado;Interseção de Vias";"Sim";2;0;1;0;1;0;1;2;-26,28215489;-48,88973081;"SPRF-SC";"DEL03-SC";"UOP01-DEL03-SC"
359738;2021-05-24;"segunda-feira";"15:30:00";"BA";101;23,4;"RIO REAL";"Reação tardia ou ineficiente do condutor";"Saída de leito carroçável";"Com Vítimas Feridas";"Pleno dia";"Decrescente";"Céu Claro";"Simples";"Desvio Temporário";"Não";2;0;0;1;0;1;1;2;-11,68350565;-37,90111542;"SPRF-SE";"DEL02-SE";"UOP03-DEL02-SE"
359753;2021-05-24;"segunda-feira";"17:00:00";"MG";381;580,9;"CARMOPOLIS DE MINAS";"Ausência de reação do condutor";"Saída de leito carroçável";"Sem Vítimas";"Anoitecer";"Decrescente";"Nublado";"Dupla";"Reta";"Não";2;0;0;0;1;1;0;2;-20,50796117;-44,61144676;"SPRF-MG";"DEL04-MG";"UOP01-DEL04-MG"
359763;2021-05-24;"segunda-feira";"11:10:00";"TO";153;158,1;"ARAGUAINA";"Demais falhas mecânicas ou elétricas";"Saída de leito carroçável";"Sem Vítimas";"Pleno dia";"Decrescente";"Céu Claro";"Simples";"Reta";"Não";3;0;0;0;3;0;0;1;-7,30561722;-48,29635264;"SPRF-TO";"DEL02-TO";"UOP01-DEL02-TO"
359765;2021-05-24;"segunda-feira";"18:50:00";"SC";101;215,3;"PALHOCA";"Acessar a via sem observar a presença dos outros veículos";"Colisão transversal";"Com Vítimas Feridas";"Anoitecer";"Decrescente";"Céu Claro";"Dupla";"Interseção de Vias";"Não";3;0;1;0;1;1;1;3;-27,65184843;-48,67604941;"SPRF-SC";"DEL01-SC";"UOP02-DEL01-SC"
359768;2021-05-24;"segunda-feira";"16:30:00";"RJ";101;438;"MANGARATIBA";"Retorno proibido";"Colisão transversal";"Com Vítimas Feridas";"Pleno dia";"Crescente";"Céu Claro";"Simples";"Reta";"Não";2;0;1;0;1;0;1;2;-22,9502606;-44,07417802;"SPRF-RJ";"DEL03-RJ";"UOP03-DEL03-RJ"
359769;2021-05-24;"segunda-feira";"18:30:00";"PR";376;352,1;"ORTIGUEIRA";"Reação tardia ou ineficiente do condutor";"Colisão traseira";"Com Vítimas Fatais";"Plena Noite";"Crescente";"Céu Claro";"Dupla";"Reta";"Sim";3;1;0;0;1;2;0;4;-24,220712;-50,932602;"SPRF-PR";"DEL07-PR";"UOP02-DEL07-PR"
359770;2021-05-24;"segunda-feira";"19:00:00";"SP";116;193;"ARUJA";"Manobra de mudança de faixa";"Colisão lateral mesmo sentido";"Com Vítimas Feridas";"Plena Noite";"Decrescente";"Nublado";"Dupla";"Reta";"Não";2;0;1;0;1;0;1;2;-23,380407;-46,258509;"SPRF-SP";"DEL01-SP";"UOP01-DEL01-SP"
359774;2021-05-24;"segunda-feira";"19:40:00";"SP";116;213;"GUARULHOS";"Entrada inopinada do pedestre";"Atropelamento de Pedestre";"Com Vítimas Fatais";"Plena Noite";"Decrescente";"Céu Claro";"Múltipla";"Reta";"Sim";2;1;0;0;0;1;0;2;-23,442031;-46,442835;"SPRF-SP";"DEL01-SP";"UOP01-DEL01-SP"
359783;2021-05-24;"segunda-feira";"14:40:00";"MS";163;822;"SONORA";"Demais falhas mecânicas ou elétricas";"Incêndio";"Sem Vítimas";"Pleno dia";"Crescente";"Céu Claro";"Simples";"Reta";"Não";2;0;0;0;1;2;0;3;-17,72636877;-54,75633144;"SPRF-MS";"DEL06-MS";"UOP01-DEL06-MS"
359785;2021-05-24;"segunda-feira";"21:00:00";"MG";50;106;"UBERABA";"Ausência de reação do condutor";"Colisão traseira";"Com Vítimas Feridas";"Plena Noite";"Decrescente";"Céu Claro";"Dupla";"Reta";"Não";3;0;1;0;1;3;1;5;-19,18854094;-48,15509282;"SPRF-MG";"DEL13-MG";"UOP01-DEL13-MG"
359786;2021-05-24;"segunda-feira";"21:20:00";"ES";101;308;"VIANA";"Objeto estático sobre o leito carroçável";"Colisão lateral mesmo sentido";"Sem Vítimas";"Plena Noite";"Crescente";"Céu Claro";"Dupla";"Reta";"Sim";2;0;0;0;2;0;0;2;-20,40809191;-40,45835336;"SPRF-ES";"DEL01-ES";"UOP01-DEL01-ES"
359788;2021-05-24;"segunda-feira";"19:40:00";"GO";50;96,9;"CRISTALINA";"Ingestão de álcool pelo condutor";"Colisão traseira";"Sem Vítimas";"Plena Noite";"Decrescente";"Céu Claro";"Simples";"Reta";"Sim";3;0;0;0;2;4;0;6;-16,9309;-47,7117;"SPRF-DF";"DEL01-DF";"UOP02-DEL01-DF"
359792;2021-05-24;"segunda-feira";"20:55:00";"AC";364;123;"RIO BRANCO";"Demais falhas mecânicas ou elétricas";"Colisão traseira";"Com Vítimas Feridas";"Plena Noite";"Decrescente";"Céu Claro";"Dupla";"Reta";"Sim";3;0;1;0;1;1;1;3;-10,0117071;-67,782373;"SPRF-AC";"DEL01-AC";"UOP01-DEL01-AC"
359794;2021-05-24;"segunda-feira";"15:00:00";"PB";230;425,2;"SAO DOMINGOS";"Transitar na contramão";"Colisão frontal";"Com Vítimas Feridas";"Pleno dia";"Crescente";"Sol";"Simples";"Declive";"Não";3;0;2;0;1;0;2;3;-6,7341;-37,8973;"SPRF-PB";"DEL03-PB";"UOP02-DEL03-PB"
359797;2021-05-24;"segunda-feira";"23:30:00";"PR";116;34;"CAMPINA GRANDE DO SUL";"Ingestão de álcool pelo condutor";"Colisão traseira";"Com Vítimas Feridas";"Plena Noite";"Decrescente";"Céu Claro";"Dupla";"Reta";"Não";3;0;1;0;1;1;1;3;-25,1221394;-48,8555038;"SPRF-PR";"DEL01-PR";"UOP02-DEL01-PR"
359798;2021-05-24;"segunda-feira";"18:30:00";"BA";116;285,5;"TUCANO";"Ingestão de álcool pelo condutor";"Saída de leito carroçável";"Com Vítimas Feridas";"Plena Noite";"Decrescente";"Céu Claro";"Dupla";"Curva";"Não";3;0;1;0;1;2;1;4;-11,04772005;-38,8380369;"SPRF-BA";"DEL02-BA";"UOP01-DEL02-BA"
359803;2021-05-25;"terça-feira";"02:50:00";"MG";381;538,4;"ITATIAIUCU";"Condutor Dormindo";"Saída de leito carroçável";"Com Vítimas Feridas";"Plena Noite";"Decrescente";"Céu Claro";"Dupla";"Reta";"Não";2;0;2;0;0;0;2;1;-20,23654769;-44,40777735;"SPRF-MG";"DEL04-MG";"UOP03-DEL04-MG"
359808;2021-05-24;"segunda-feira";"19:55:00";"RJ";101;260;"RIO BONITO";"Deficiência do Sistema de Iluminação/Sinalização";"Colisão traseira";"Sem Vítimas";"Plena Noite";"Crescente";"Céu Claro";"Dupla";"Reta";"Sim";3;0;0;0;2;1;0;3;-22,70520044;-42,60578664;"SPRF-RJ";"DEL02-RJ";"UOP03-DEL02-RJ"
359809;2021-05-25;"terça-feira";"04:05:00";"MG";381;528,5;"ITATIAIUCU";"Velocidade Incompatível";"Tombamento";"Com Vítimas Feridas";"Plena Noite";"Crescente";"Nublado";"Dupla";"Curva";"Não";2;0;2;0;0;0;2;2;-20,16368096;-44,36025002;"SPRF-MG";"DEL04-MG";"UOP03-DEL04-MG"
359811;2021-05-25;"terça-feira";"07:00:00";"RJ";393;258;"BARRA DO PIRAI";"Velocidade Incompatível";"Tombamento";"Com Vítimas Feridas";"Pleno dia";"Crescente";"Nublado";"Simples";"Curva";"Não";2;0;1;0;0;1;1;2;-22,4514837;-43,82691483;"SPRF-RJ";"DEL05-RJ";"UOP04-DEL05-RJ"
359819;2021-05-25;"terça-feira";"07:45:00";"MT";70;28,2;"BARRA DO GARCAS";"Reação tardia ou ineficiente do condutor";"Tombamento";"Com Vítimas Feridas";"Pleno dia";"Crescente";"Céu Claro";"Simples";"Curva";"Não";2;0;1;0;0;1;1;2;-15,81393036;-52,47756134;"SPRF-MT";"DEL07-MT";"UOP01-DEL07-MT"
359820;2021-05-23;"domingo";"22:30:00";"MG";251;216;"CACHOEIRA DE PAJEU";"Ultrapassagem Indevida";"Colisão lateral sentido oposto";"Com Vítimas Feridas";"Plena Noite";"Decrescente";"Céu Claro";"Simples";"Reta";"Não";4;0;1;0;2;1;1;4;-15,92287118;-41,59522181;"SPRF-MG";"DEL11-MG";"UOP02-DEL11-MG"
359827;2021-05-25;"terça-feira";"07:00:00";"SC";280;20;"ARAQUARI";"Acessar a via sem observar a presença dos outros veículos";"Colisão frontal";"Com Vítimas Feridas";"Pleno dia";"Decrescente";"Céu Claro";"Simples";"Reta;Interseção de Vias";"Não";3;0;1;0;1;1;1;3;-26,370358;-48,688208;"SPRF-SC";"DEL03-SC";"UOP03-DEL03-SC"
359830;2021-05-23;"domingo";"22:00:00";"MG";251;312,3;"SALINAS";"Manobra de mudança de faixa";"Colisão frontal";"Com Vítimas Fatais";"Plena Noite";"Crescente";"Céu Claro";"Simples";"Reta";"Não";6;2;0;1;2;1;1;3;-16,16620056;-42,31993003;"SPRF-MG";"DEL11-MG";"UOP02-DEL11-MG"
359831;2021-05-25;"terça-feira";"07:45:00";"RS";392;5,1;"RIO GRANDE";"Conversão proibida";"Colisão transversal";"Sem Vítimas";"Pleno dia";"Crescente";"Céu Claro";"Simples";"Reta";"Sim";3;0;0;0;2;3;0;5;-32,07687877;-52,10166627;"SPRF-RS";"DEL07-RS";"UOP02-DEL07-RS"
359832;2021-05-25;"terça-feira";"06:50:00";"RS";470;234;"CARLOS BARBOSA";"Reação tardia ou ineficiente do condutor";"Saída de leito carroçável";"Sem Vítimas";"Pleno dia";"Decrescente";"Céu Claro";"Simples";"Curva";"Sim";2;0;0;0;1;1;0;2;-29,29809;-51,48162;"SPRF-RS";"DEL06-RS";"UOP01-DEL06-RS"
359834;2021-05-25;"terça-feira";"08:00:00";"MG";381;277;"JAGUARACU";"Condutor Dormindo";"Colisão frontal";"Com Vítimas Feridas";"Pleno dia";"Crescente";"Céu Claro";"Simples";"Curva";"Não";4;0;0;1;2;1;1;3;-19,5925937;-42,73869017;"SPRF-MG";"DEL03-MG";"UOP02-DEL03-MG"
359836;2021-05-25;"terça-feira";"08:35:00";"MG";40;473,9;"SETE LAGOAS";"Reação tardia ou ineficiente do condutor";"Colisão traseira";"Com Vítimas Fatais";"Pleno dia";"Crescente";"Céu Claro";"Dupla";"Reta";"Não";2;1;0;0;1;0;0;2;-19,49591;-44,2804;"SPRF-MG";"DEL02-MG";"UOP01-DEL02-MG"
359840;2021-05-23;"domingo";"13:00:00";"MG";116;102,4;"ITAOBIM";"Velocidade Incompatível";"Saída de leito carroçável";"Sem Vítimas";"Pleno dia";"Crescente";"Céu Claro";"Simples";"Curva";"Não";2;0;0;0;1;2;0;3;-16,44666093;-41,49918038;"SPRF-MG";"DEL11-MG";"UOP02-DEL11-MG"
359849;2021-05-25;"terça-feira";"08:15:00";"SC";101;16,2;"GARUVA";"Objeto estático sobre o leito carroçável";"Tombamento";"Com Vítimas Feridas";"Pleno dia";"Crescente";"Céu Claro";"Dupla";"Reta";"Não";3;0;2;0;0;1;2;2;-26,11427473;-48,87647034;"SPRF-SC";"DEL03-SC";"UOP01-DEL03-SC"
359862;2021-05-25;"terça-feira";"09:05:00";"MG";116;602,5;"SAO JOAO DO MANHUACU";"Curva acentuada";"Tombamento";"Com Vítimas Feridas";"Pleno dia";"Crescente";"Nublado";"Simples";"Curva";"Não";3;0;2;0;0;1;2;2;-20,34697376;-42,14642112;"SPRF-MG";"DEL06-MG";"UOP03-DEL06-MG"
359867;2021-05-25;"terça-feira";"11:00:00";"PR";376;587;"CURITIBA";"Velocidade Incompatível";"Tombamento";"Sem Vítimas";"Pleno dia";"Decrescente";"Céu Claro";"Dupla";"Curva";"Sim";3;0;0;0;2;1;0;3;-25,4295271;-49,36527371;"SPRF-PR";"DEL01-PR";"UOP03-DEL03-PR"
359872;2021-05-25;"terça-feira";"11:30:00";"PR";116;101;"SAO JOSE DOS PINHAIS";"Ausência de reação do condutor";"Colisão traseira";"Com Vítimas Feridas";"Pleno dia";"Crescente";"Céu Claro";"Dupla";"Reta";"Não";5;0;1;0;3;3;1;6;-25,54167701;-49,1509368;"SPRF-PR";"DEL01-PR";"UOP01-DEL01-PR"
359874;2021-05-20;"quinta-feira";"02:00:00";"BA";101;613;"MASCOTE";"Velocidade Incompatível";"Tombamento";"Com Vítimas Feridas";"Plena Noite";"Decrescente";"Céu Claro";"Simples";"Curva";"Não";2;0;1;0;0;2;1;3;-15,601178;-39,428485;"SPRF-BA";"DEL05-BA";"UOP02-DEL05-BA"
359876;2021-05-25;"terça-feira";"12:45:00";"ES";262;88,5;"DOMINGOS MARTINS";"Condutor deixou de manter distância do veículo da frente";"Colisão traseira";"Com Vítimas Feridas";"Pleno dia";"Crescente";"Nublado";"Simples";"Reta";"Sim";4;0;1;0;2;2;1;5;-20,389124;-41,0153532;"SPRF-ES";"DEL01-ES";"UOP02-DEL01-ES"
359877;2021-05-25;"terça-feira";"13:00:00";"RN";101;112;"PARNAMIRIM";"Condutor deixou de manter distância do veículo da frente";"Saída de leito carroçável";"Com Vítimas Feridas";"Pleno dia";"Crescente";"Sol";"Dupla";"Reta";"Não";2;0;1;0;0;1;1;2;-5,96429;-35,264877;"SPRF-RN";"DEL01-RN";"UOP01-DEL01-RN"
359878;2021-05-25;"terça-feira";"12:00:00";"ES";259;8,5;"JOAO NEIVA";"Velocidade Incompatível";"Tombamento";"Com Vítimas Feridas";"Pleno dia";"Decrescente";"Céu Claro";"Simples";"Aclive";"Não";3;0;2;0;0;1;2;2;-19,68737109;-40,38942059;"SPRF-ES";"DEL02-ES";"UOP01-DEL02-ES"
359885;2021-03-03;"quarta-feira";"13:20:00";"SC";101;21;"JOINVILLE";"Manobra de mudança de faixa";"Colisão lateral mesmo sentido";"Com Vítimas Feridas";"Pleno dia";"Crescente";"Chuva";"Dupla";"Reta";"Não";3;0;1;0;0;2;1;3;-26,14793022;-48,90894562;"SPRF-SC";"DEL03-SC";"UOP01-DEL03-SC"
359891;2021-05-25;"terça-feira";"15:00:00";"RN";110;56,7;"MOSSORO";"Condutor Dormindo";"Saída de leito carroçável";"Com Vítimas Feridas";"Pleno dia";"Decrescente";"Céu Claro";"Simples";"Reta";"Não";2;0;0;1;0;1;1;2;-5,271977;-37,331318;"SPRF-RN";"DEL04-RN";"UOP01-DEL04-RN"
359892;2021-05-25;"terça-feira";"14:30:00";"RJ";101;404;"ITAGUAI";"Reação tardia ou ineficiente do condutor";"Saída de leito carroçável";"Sem Vítimas";"Pleno dia";"Decrescente";"Céu Claro";"Dupla";"Reta";"Não";3;0;0;0;2;1;0;3;-22,86342703;-43,79642098;"SPRF-RJ";"DEL03-RJ";"UOP01-DEL03-RJ"
359894;2021-05-25;"terça-feira";"14:10:00";"PE";232;81,7;"GRAVATA";"Reação tardia ou ineficiente do condutor";"Colisão traseira";"Com Vítimas Feridas";"Pleno dia";"Decrescente";"Céu Claro";"Simples";"Reta";"Sim";3;0;1;0;1;1;1;3;-8,19697746;-35,57850408;"SPRF-PE";"DEL02-PE";"UOP02-DEL02PE"
359901;2021-05-25;"terça-feira";"13:45:00";"PI";316;9;"TERESINA";"Carga excessiva e/ou mal acondicionada";"Tombamento";"Com Vítimas Feridas";"Pleno dia";"Decrescente";"Sol";"Dupla";"Em Obras;Rotatória";"Sim";1;0;1;0;0;0;1;1;-5,17381686;-42,76624952;"SPRF-PI";"DEL01-PI";"UOP02-DEL01-PI"
359904;2021-05-25;"terça-feira";"15:50:00";"MG";40;547;"NOVA LIMA";"Objeto estático sobre o leito carroçável";"Colisão lateral mesmo sentido";"Com Vítimas Feridas";"Pleno dia";"Decrescente";"Céu Claro";"Dupla";"Curva";"Não";4;0;2;0;2;0;2;2;-20,02252424;-43,97026042;"SPRF-MG";"DEL01-MG";"UOP02-DEL01-MG"
359908;2021-05-25;"terça-feira";"14:45:00";"AL";423;76,6;"AGUA BRANCA";"Acessar a via sem observar a presença dos outros veículos";"Colisão traseira";"Com Vítimas Feridas";"Pleno dia";"Crescente";"Céu Claro";"Simples";"Reta";"Não";5;0;2;0;2;1;2;5;-9,31861528;-37,95146691;"SPRF-AL";"DEL03-AL";"UOP02-DEL03-AL"
359909;2021-05-25;"terça-feira";"15:30:00";"PR";376;186;"MARIALVA";"Manobra de mudança de faixa";"Capotamento";"Com Vítimas Feridas";"Pleno dia";"Crescente";"Céu Claro";"Dupla";"Declive";"Não";4;0;3;0;0;1;3;3;-23,45643624;-51,84510713;"SPRF-PR";"DEL09-PR";"UOP01-DEL09-PR"
359911;2021-02-18;"quinta-feira";"08:50:00";"MG";251;425;"GRAO MOGOL";"Condutor Dormindo";"Colisão frontal";"Com Vítimas Feridas";"Pleno dia";"Crescente";"Ignorado";"Simples";"Curva";"Não";4;0;0;3;0;1;3;3;-16,32542814;-43,12377194;"SPRF-MG";"DEL12-MG";"UOP01-DEL12-MG"
359916;2021-05-25;"terça-feira";"17:20:00";"GO";70;4,3;"AGUAS LINDAS DE GOIAS";"Carga excessiva e/ou mal acondicionada";"Tombamento";"Com Vítimas Feridas";"Pleno dia";"Decrescente";"Céu Claro";"Dupla";"Retorno Regulamentado";"Sim";1;0;1;0;0;0;1;1;-15,759838;-48,246011;"SPRF-DF";"DEL03-DF";"UOP02-DEL03-DF"
359918;2021-05-25;"terça-feira";"15:30:00";"MT";364;152,3;"PEDRA PRETA";"Reação tardia ou ineficiente do condutor";"Colisão lateral sentido oposto";"Com Vítimas Feridas";"Pleno dia";"Crescente";"Sol";"Simples";"Curva";"Não";3;0;1;0;1;4;1;6;-16,78160414;-54,22391706;"SPRF-MT";"DEL02-MT";"UOP01-DEL02-MT"
359922;2021-05-25;"terça-feira";"09:00:00";"MT";70;215;"GENERAL CARNEIRO";"Demais falhas mecânicas ou elétricas";"Tombamento";"Sem Vítimas";"Pleno dia";"Crescente";"Céu Claro";"Simples";"Reta";"Não";2;0;0;0;1;2;0;3;-15,697538;-53,833377;"SPRF-MT";"DEL05-MT";"UOP01-DEL05-MT"
359926;2021-05-25;"terça-feira";"19:00:00";"GO";50;263;"CATALAO";"Condutor deixou de manter distância do veículo da frente";"Colisão traseira";"Com Vítimas Fatais";"Plena Noite";"Decrescente";"Céu Claro";"Dupla";"Reta;Aclive";"Não";4;1;0;0;1;3;0;5;-18,0521;-47,863;"SPRF-GO";"DEL06-GO";"UOP01-DEL06-GO"
359931;2021-05-25;"terça-feira";"19:45:00";"SC";101;124;"ITAJAI";"Demais falhas mecânicas ou elétricas";"Tombamento";"Com Vítimas Feridas";"Plena Noite";"Crescente";"Céu Claro";"Dupla";"Viaduto";"Sim";6;0;0;1;4;1;1;6;-26,94335064;-48,69198648;"SPRF-SC";"DEL04-SC";"UOP04-DEL04-SC"
359932;2021-05-25;"terça-feira";"16:30:00";"PR";376;89;"PARANAVAI";"Problema com o freio";"Engavetamento";"Sem Vítimas";"Pleno dia";"Crescente";"Céu Claro";"Simples";"Declive";"Não";5;0;0;0;4;1;0;5;-22,99751013;-52,57548503;"SPRF-PR";"DEL09-PR";"UOP02-DEL09-PR"
359934;2021-05-25;"terça-feira";"19:00:00";"PR";376;547;"PALMEIRA";"Ausência de reação do condutor";"Colisão traseira";"Com Vítimas Feridas";"Plena Noite";"Decrescente";"Céu Claro";"Dupla";"Reta";"Não";4;0;1;0;2;4;1;6;-25,46046988;-49,73126984;"SPRF-PR";"DEL01-PR";"UOP03-DEL03-PR"
359939;2021-05-25;"terça-feira";"14:30:00";"BA";101;818;"ITAMARAJU";"Curva acentuada";"Tombamento";"Com Vítimas Feridas";"Pleno dia";"Crescente";"Céu Claro";"Simples";"Curva";"Não";2;0;1;0;0;1;1;2;-17,09084218;-39,56900686;"SPRF-BA";"DEL09-BA";"UOP02-DEL09-BA"
359941;2021-05-25;"terça-feira";"19:03:00";"RS";471;155,2;"SANTA CRUZ DO SUL";"Acessar a via sem observar a presença dos outros veículos";"Colisão transversal";"Com Vítimas Feridas";"Plena Noite";"Crescente";"Céu Claro";"Simples";"Interseção de Vias";"Não";3;0;1;1;1;0;2;2;-29,82024234;-52,40285397;"SPRF-RS";"DEL02-RS";"UOP03-DEL02-RS"
359951;2021-03-18;"quinta-feira";"10:30:00";"ES";101;140;"LINHARES";"Condutor deixou de manter distância do veículo da frente";"Colisão traseira";"Com Vítimas Feridas";"Pleno dia";"Crescente";"Ignorado";"Simples";"Reta";"Sim";3;0;1;0;0;2;1;3;-19,33139249;-40,06954193;"SPRF-ES";"DEL04-ES";"UOP01-DEL04-ES"
359953;2021-05-25;"terça-feira";"21:10:00";"PR";376;679;"GUARATUBA";"Velocidade Incompatível";"Saída de leito carroçável";"Com Vítimas Feridas";"Plena Noite";"Crescente";"Céu Claro";"Dupla";"Curva";"Não";2;0;1;0;0;1;1;2;-25,95050276;-48,90514477;"SPRF-PR";"DEL01-PR";"UOP04-DEL01-PR"
359954;2021-04-20;"terça-feira";"04:25:00";"PR";376;307;"MAUA DA SERRA";"Ausência de reação do condutor";"Tombamento";"Com Vítimas Feridas";"Plena Noite";"Decrescente";"Céu Claro";"Dupla";"Curva;Declive";"Não";2;0;1;0;0;1;1;2;-23,9743171;-51,1035821;"SPRF-PR";"DEL07-PR";"UOP02-DEL07-PR"
359957;2021-05-25;"terça-feira";"15:30:00";"MS";487;99;"ITAQUIRAI";"Transitar na contramão";"Colisão frontal";"Com Vítimas Fatais";"Pleno dia";"Crescente";"Céu Claro";"Simples";"Reta";"Não";3;1;0;0;1;2;0;4;-23,23851787;-54,05883802;"SPRF-MS";"DEL09-MS";"UOP01-DEL09-MS"
359958;2021-05-25;"terça-feira";"20:10:00";"RO";364;333,2;"JI-PARANA";"Condutor Dormindo";"Colisão lateral sentido oposto";"Sem Vítimas";"Plena Noite";"Crescente";"Céu Claro";"Simples";"Curva";"Não";3;0;0;0;2;4;0;6;-10,95763508;-61,91765021;"SPRF-RO";"DEL02-RO";"UOP01-DEL02-RO"
359959;2021-05-20;"quinta-feira";"20:20:00";"MA";10;241;"DAVINOPOLIS";"Transitar na contramão";"Colisão lateral sentido oposto";"Com Vítimas Feridas";"Plena Noite";"Crescente";"Céu Claro";"Simples";"Reta";"Sim";5;0;2;0;3;0;2;3;-5,618424;-47,413895;"SPRF-MA";"DEL04-MA";"UOP01-DEL04-MA"
359960;2021-05-25;"terça-feira";"20:50:00";"PE";101;191,9;"PALMARES";"Condutor deixou de manter distância do veículo da frente";"Colisão traseira";"Sem Vítimas";"Plena Noite";"Crescente";"Nublado";"Dupla";"Aclive";"Não";2;0;0;0;2;0;0;2;-8,70426509;-35,60781436;"SPRF-PE";"DEL01-PE";"UOP01-DEL01-PE"
359961;2021-05-25;"terça-feira";"21:20:00";"SE";101;98,1;"SAO CRISTOVAO";"Reação tardia ou ineficiente do condutor";"Colisão com objeto";"Sem Vítimas";"Plena Noite";"Decrescente";"Nublado";"Dupla";"Curva";"Não";2;0;0;0;1;1;0;2;-10,92816408;-37,18223095;"SPRF-SE";"DEL02-SE";"UOP01-DEL02-SE"
359969;2021-03-20;"sábado";"18:00:00";"MT";70;276;"PRIMAVERA DO LESTE";"Manobra de mudança de faixa";"Colisão lateral sentido oposto";"Com Vítimas Feridas";"Plena Noite";"Decrescente";"Céu Claro";"Simples";"Reta";"Não";2;0;0;1;1;0;1;2;-15,55357814;-54,26204493;"SPRF-MT";"DEL05-MT";"UOP01-DEL05-MT"
359970;2021-05-25;"terça-feira";"13:20:00";"PR";476;190,3;"LAPA";"Demais falhas mecânicas ou elétricas";"Incêndio";"Sem Vítimas";"Pleno dia";"Decrescente";"Sol";"Simples";"Reta";"Sim";1;0;0;0;1;0;0;1;-25,716457;-49,687534;"SPRF-PR";"DEL02-PR";"UOP04-DEL02-PR"
359973;2021-05-25;"terça-feira";"23:20:00";"AL";101;30,5;"JOAQUIM GOMES";"Transitar na contramão";"Colisão frontal";"Com Vítimas Fatais";"Plena Noite";"Crescente";"Nublado";"Simples";"Curva";"Não";4;1;0;1;1;1;1;4;-9,09275579;-35,74995409;"SPRF-AL";"DEL01-AL";"UOP02-DEL01-AL"
359976;2021-05-26;"quarta-feira";"00:00:00";"MT";70;43;"BARRA DO GARCAS";"Acostamento em desnível";"Tombamento";"Sem Vítimas";"Plena Noite";"Decrescente";"Céu Claro";"Simples";"Reta";"Não";2;0;0;0;2;0;0;1;-15,76276891;-52,58432491;"SPRF-MT";"DEL07-MT";"UOP01-DEL07-MT"
359985;2021-05-26;"quarta-feira";"03:10:00";"SP";116;107,1;"TAUBATE";"Pedestre cruzava a pista fora da faixa";"Atropelamento de Pedestre";"Com Vítimas Fatais";"Plena Noite";"Crescente";"Céu Claro";"Dupla";"Declive";"Sim";4;1;0;0;2;1;0;3;-23,01791287;-45,53009409;"SPRF-SP";"DEL08-SP";"UOP01-DEL08-SP"
359987;2021-05-26;"quarta-feira";"04:10:00";"BA";116;447,2;"ANTONIO CARDOSO";"Ausência de reação do condutor";"Colisão traseira";"Com Vítimas Feridas";"Plena Noite";"Decrescente";"Nublado";"Dupla";"Declive;Reta";"Não";5;0;3;0;1;1;3;2;-12,36401219;-39,10700184;"SPRF-BA";"DEL02-BA";"UOP01-DEL02-BA"
359989;2021-05-26;"quarta-feira";"05:30:00";"SC";101;322;"PESCARIA BRAVA";"Condutor deixou de manter distância do veículo da frente";"Colisão traseira";"Com Vítimas Feridas";"Plena Noite";"Crescente";"Céu Claro";"Dupla";"Reta";"Sim";3;0;2;0;1;0;2;3;-28,42491971;-48,90238108;"SPRF-SC";"DEL02-SC";"UOP01-DEL02-SC"
359991;2021-05-26;"quarta-feira";"05:10:00";"PR";277;18;"PARANAGUA";"Condutor Dormindo";"Saída de leito carroçável";"Sem Vítimas";"Amanhecer";"Decrescente";"Céu Claro";"Dupla";"Reta";"Não";2;0;0;0;1;2;0;3;-25,56147568;-48,6441859;"SPRF-PR";"DEL01-PR";"UOP05-DEL01-PR"