"id";"data_inversa";"dia_semana";"horario";"uf";"br";"km";"municipio";"causa_acidente";"tipo_acidente";"classificacao_acidente";"fase_dia";"sentido_via";"condicao_metereologica";"tipo_pista";"tracado_via";"uso_solo";"pessoas";"mortos";"feridos_leves";"feridos_graves";"ilesos";"ignorados";"feridos";"veiculos";"latitude";"longitude";"regional";"delegacia";"uop"
360000;2021-05-26;"quarta-feira";"05:59:00";"SP";116;4,9;"QUELUZ";"Ultrapassagem Indevida";"Queda de ocupante de veículo";"Com Vítimas Feridas";"Amanhecer";"Crescente";"Nevoeiro/Neblina";"Simples";"Curva";"Sim";3;0;1;0;2;0;1;3;-22,529302;-44,744533;"SPRF-SP";"DEL08-SP";"UOP02-DEL08-SP"
360002;2021-04-23;"sexta-feira";"00:25:00";"SP";381;67;"MAIRIPORA";"Velocidade Incompatível";"Colisão com objeto";"Com Vítimas Feridas";"Plena Noite";"Decrescente";"Céu Claro";"Múltipla";"Curva";"Sim";2;0;1;0;0;1;1;2;-23,33226094;-46,57675379;"SPRF-SP";"DEL03-SP";"UOP01-DEL03-SP"
360004;2021-02-17;"quarta-feira";"14:30:00";"RJ";493;9,2;"GUAPIMIRIM";"Manobra de mudança de faixa";"Colisão frontal";"Com Vítimas Feridas";"Pleno dia";"Decrescente";"Céu Claro";"Simples";"Reta";"Não";4;0;0;1;2;1;1;4;-22,70436802;-42,9550061;"SPRF-RJ";"DEL04-RJ";"UOP02-DEL04-RJ"
360006;2021-05-15;"sábado";"18:30:00";"MS";262;770;"CORUMBA";"Reação tardia ou ineficiente do condutor";"Colisão transversal";"Com Vítimas Feridas";"Plena Noite";"Crescente";"Ignorado";"Simples";"Reta";"Sim";3;0;0;1;1;1;1;3;-19,04845398;-57,63710403;"SPRF-MS";"DEL03-MS";"UOP03-DEL03-MS"
360012;2021-05-26;"quarta-feira";"08:23:00";"RJ";116;176;"NOVA IGUACU";"Demais falhas mecânicas ou elétricas";"Colisão traseira";"Com Vítimas Feridas";"Pleno dia";"Decrescente";"Céu Claro";"Dupla";"Reta";"Sim";3;0;1;0;1;2;1;4;-22,7839538;-43,38195488;"SPRF-RJ";"DEL01-RJ";"UOP02-DEL01-RJ"
360017;2021-05-26;"quarta-feira";"06:10:00";"PR";277;212,5;"TEIXEIRA SOARES";"Demais falhas mecânicas ou elétricas";"Colisão transversal";"Com Vítimas Feridas";"Amanhecer";"Decrescente";"Céu Claro";"Dupla";"Aclive";"Não";4;0;0;1;2;3;1;6;-25,47468373;-50,3135171;"SPRF-PR";"DEL03-PR";"UOP03-DEL03-PR"
360020;2021-05-14;"sexta-feira";"17:00:00";"MT";163;668;"LUCAS DO RIO VERDE";"Condutor deixou de manter distância do veículo da frente";"Engavetamento";"Com Vítimas Feridas";"Plena Noite";"Crescente";"Céu Claro";"Simples";"Reta";"Não";8;0;1;0;6;1;1;3;-13,3396959;-56,05511323;"SPRF-MT";"DEL06-MT";"UOP01-DEL06-MT"
360025;2021-05-26;"quarta-feira";"07:20:00";"MG";40;773,4;"JUIZ DE FORA";"Velocidade Incompatível";"Saída de leito carroçável";"Com Vítimas Feridas";"Pleno dia";"Crescente";"Nublado";"Dupla";"Curva";"Não";3;0;3;0;0;0;3;1;-21,62581762;-43,45044987;"SPRF-MG";"DEL05-MG";"UOP01-DEL05-MG"
360026;2021-05-26;"quarta-feira";"08:00:00";"SC";116;12,3;"MAFRA";"Demais falhas mecânicas ou elétricas";"Eventos atípicos";"Sem Vítimas";"Pleno dia";"Crescente";"Céu Claro";"Simples";"Interseção de Vias";"Não";2;0;0;0;1;1;0;2;-26,17957843;-49,87103105;"SPRF-SC";"DEL06-SC";"UOP01-DEL06-SC"
360027;2021-05-26;"quarta-feira";"04:00:00";"RO";364;671;"CANDEIAS DO JAMARI";"Transitar na contramão";"Tombamento";"Sem Vítimas";"Pleno dia";"Crescente";"Céu Claro";"Simples";"Reta";"Não";4;0;0;0;3;3;0;6;-8,77689281;-63,50768602;"SPRF-RO";"DEL01-RO";"UOP01-DEL01-RO"
360028;2021-05-26;"quarta-feira";"10:00:00";"MG";364;39;"FRUTAL";"Reação tardia ou ineficiente do condutor";"Tombamento";"Com Vítimas Feridas";"Pleno dia";"Decrescente";"Céu Claro";"Simples";"Reta";"Não";2;0;1;0;0;1;1;2;-19,957306;-48,960703;"SPRF-MG";"DEL13-MG";"UOP02-DEL13-MG"
360029;2021-05-26;"quarta-feira";"09:20:00";"MG";40;505,6;"RIBEIRAO DAS NEVES";"Reação tardia ou ineficiente do condutor";"Atropelamento de Pedestre";"Com Vítimas Feridas";"Pleno dia";"Decrescente";"Céu Claro";"Dupla";"Aclive";"Não";2;0;0;2;0;0;2;2;-19,73838088;-44,14935661;"SPRF-MG";"DEL02-MG";"UOP01-DEL02-MG"
360031;2021-05-15;"sábado";"06:10:00";"SC";101;211,2;"PALHOCA";"Manobra de mudança de faixa";"Colisão lateral mesmo sentido";"Com Vítimas Feridas";"Amanhecer";"Decrescente";"Nublado";"Múltipla";"Em Obras";"Sim";2;0;0;1;1;0;1;2;-27,62329313;-48,65245588;"SPRF-SC";"DEL01-SC";"UOP02-DEL01-SC"
360033;2021-05-26;"quarta-feira";"10:15:00";"MG";381;905;"CAMBUI";"Problema com o freio";"Colisão traseira";"Com Vítimas Feridas";"Pleno dia";"Decrescente";"Sol";"Dupla";"Aclive;Curva";"Não";6;0;1;0;4;1;1;4;-22,69514484;-46,1125442;"SPRF-MG";"DEL16-MG";"UOP03-DEL16-MG"
360037;2021-05-26;"quarta-feira";"11:30:00";"RS";468;54,1;"CORONEL BICACO";"Transitar na contramão";"Colisão frontal";"Com Vítimas Fatais";"Pleno dia";"Decrescente";"Sol";"Simples";"Reta";"Não";3;1;0;0;1;1;0;3;-27,74803472;-53,7383521;"SPRF-RS";"DEL08-RS";"UOP02-DEL08-RS"
360041;2021-05-26;"quarta-feira";"12:30:00";"RS";472;582,9;"URUGUAIANA";"Desrespeitar a preferência no cruzamento";"Colisão transversal";"Com Vítimas Feridas";"Pleno dia";"Decrescente";"Céu Claro";"Simples";"Reta";"Não";2;0;1;0;1;0;1;2;-29,8121224;-57,0962591;"SPRF-RS";"DEL13-RS";"UOP01-DEL13-RS"
360047;2021-05-26;"quarta-feira";"11:40:00";"ES";101;68;"SAO MATEUS";"Reação tardia ou ineficiente do condutor";"Colisão transversal";"Com Vítimas Feridas";"Pleno dia";"Crescente";"Céu Claro";"Simples";"Aclive";"Sim";2;0;1;0;1;0;1;2;-18,726597;-39,85975;"SPRF-ES";"DEL04-ES";"UOP02-DEL04-ES"
360061;2021-05-26;"quarta-feira";"13:10:00";"PR";277;525;"GUARANIACU";"Retorno proibido";"Colisão lateral mesmo sentido";"Com Vítimas Feridas";"Pleno dia";"Crescente";"Céu Claro";"Simples";"Curva";"Não";2;0;1;0;1;0;1;2;-25,11018112;-52,85167802;"SPRF-PR";"DEL04-PR";"UOP01-DEL04-PR"
360068;2021-05-26;"quarta-feira";"14:35:00";"SC";101;213,3;"PALHOCA";"Ausência de reação do condutor";"Colisão traseira";"Com Vítimas Feridas";"Pleno dia";"Decrescente";"Céu Claro";"Múltipla";"Viaduto";"Sim";2;0;0;1;1;0;1;2;-27,63697369;-48,66514142;"SPRF-SC";"DEL01-SC";"UOP02-DEL01-SC"
360077;2021-05-26;"quarta-feira";"14:25:00";"RO";364;236,2;"CACOAL";"Estacionar ou parar em local proibido";"Colisão traseira";"Com Vítimas Feridas";"Pleno dia";"Decrescente";"Sol";"Simples";"Reta";"Sim";2;0;0;1;1;0;1;2;-11,445075;-61,441308;"SPRF-RO";"DEL02-RO";"UOP02-DEL02-RO"
360079;2021-05-26;"quarta-feira";"15:40:00";"RS";386;226;"SOLEDADE";"Obstrução na via";"Saída de leito carroçável";"Com Vítimas Feridas";"Pleno dia";"Crescente";"Céu Claro";"Simples";"Reta;Declive";"Não";2;0;2;0;0;0;2;1;-28,671412;-52,609882;"SPRF-RS";"DEL04-RS";"UOP03-DEL04-RS"
360084;2021-05-26;"quarta-feira";"16:00:00";"PE";407;115,5;"PETROLINA";"Reação tardia ou ineficiente do condutor";"Colisão traseira";"Sem Vítimas";"Pleno dia";"Decrescente";"Céu Claro";"Simples";"Interseção de Vias";"Não";5;0;0;0;3;2;0;4;-9,2990308;-40,58250065;"SPRF-PE";"DEL06-PE";"UOP02-DEL06-PE"
360085;2021-05-26;"quarta-feira";"11:30:00";"MA";10;255,3;"IMPERATRIZ";"Condutor deixou de manter distância do veículo da frente";"Engavetamento";"Sem Vítimas";"Pleno dia";"Crescente";"Sol";"Simples";"Reta";"Sim";5;0;0;0;5;0;0;5;-5,508798;-47,471718;"SPRF-MA";"DEL04-MA";"UOP01-DEL04-MA"
360086;2021-05-26;"quarta-feira";"15:30:00";"MG";40;771,9;"JUIZ DE FORA";"Desrespeitar a preferência no cruzamento";"Tombamento";"Com Vítimas Feridas";"Pleno dia";"Crescente";"Céu Claro";"Simples";"Reta";"Sim";3;0;1;0;1;2;1;4;-21,6093271225;-43,4589272331;"SPRF-MG";"DEL05-MG";"UOP01-DEL05-MG"
360088;2021-05-26;"quarta-feira";"08:25:00";"RS";290;110,5;"ELDORADO DO SUL";"Ausência de reação do condutor";"Saída de leito carroçável";"Sem Vítimas";"Pleno dia";"Decrescente";"Sol";"Dupla";"Reta";"Sim";1;0;0;0;0;1;0;1;-30,023552;-51,321091;"SPRF-RS";"DEL02-RS";"UOP01-DEL02-RS"
360089;2021-02-13;"sábado";"19:00:00";"PA";316;242;"CACHOEIRA DO PIRIA";"Velocidade Incompatível";"Colisão traseira";"Com Vítimas Feridas";"Anoitecer";"Crescente";"Ignorado";"Simples";"Reta";"Não";3;0;1;1;0;1;2;2;-1,7350499;-46,59323584;"SPRF-PA";"DEL01-PA";"UOP04-DEL01-PA"
360093;2021-05-26;"quarta-feira";"16:30:00";"RS";116;384,3;"CAMAQUA";"Ausência de reação do condutor";"Queda de ocupante de veículo";"Com Vítimas Fatais";"Pleno dia";"Crescente";"Céu Claro";"Dupla";"Reta";"Não";3;1;0;0;1;1;0;3;-30,79547945;-51,67463857;"SPRF-RS";"DEL02-RS";"UOP02-DEL02-RS"
360096;2021-05-26;"quarta-feira";"16:28:00";"BA";116;7,5;"VITORIA DA CONQUISTA";"Demais falhas mecânicas ou elétricas";"Incêndio";"Sem Vítimas";"Pleno dia";"Crescente";"Céu Claro";"Simples";"Declive";"Não";2;0;0;0;1;1;0;2;-14,851;-40,8485;"SPRF-BA";"DEL08-BA";"UOP01-DEL08-BA"
360097;2021-05-26;"quarta-feira";"15:00:00";"PI";222;43;"BRASILEIRA";"Manobra de mudança de faixa";"Colisão transversal";"Com Vítimas Feridas";"Pleno dia";"Crescente";"Céu Claro";"Simples";"Declive";"Não";4;0;0;2;1;2;2;4;-4,08647291;-41,5607771;"SPRF-PI";"DEL02-PI";"UOP01-DEL02-PI"
360099;2021-05-26;"quarta-feira";"17:30:00";"BA";407;99,7;"JAGUARARI";"Ultrapassagem Indevida";"Colisão frontal";"Com Vítimas Feridas";"Anoitecer";"Crescente";"Céu Claro";"Simples";"Aclive;Reta";"Não";5;0;1;0;4;0;1;3;-10,22800081;-40,2082637;"SPRF-BA";"DEL04-BA";"UOP01-DEL04-BA"
360102;2021-05-26;"quarta-feira";"12:20:00";"MG";365;810,7;"SANTA VITORIA";"Ultrapassagem Indevida";"Colisão com objeto";"Com Vítimas Feridas";"Pleno dia";"Decrescente";"Céu Claro";"Simples";"Declive;Reta;Ponte";"Não";2;0;0;1;0;1;1;2;-18,89038399;-50,001528;"SPRF-MG";"DEL15-MG";"UOP03-DEL15-MG"
360108;2021-05-26;"quarta-feira";"17:50:00";"SP";116;196;"ARUJA";"Entrada inopinada do pedestre";"Atropelamento de Pedestre";"Com Vítimas Feridas";"Anoitecer";"Crescente";"Nublado";"Simples";"Reta";"Não";3;0;2;0;0;1;2;2;-23,39265978;-46,2844631;"SPRF-SP";"DEL01-SP";"UOP01-DEL01-SP"
360114;2021-05-26;"quarta-feira";"12:20:00";"RO";364;236,8;"CACOAL";"Reação tardia ou ineficiente do condutor";"Colisão com objeto";"Sem Vítimas";"Pleno dia";"Crescente";"Céu Claro";"Simples";"Retorno Regulamentado";"Sim";1;0;0;0;0;1;0;1;-11,443891;-61,445002;"SPRF-RO";"DEL02-RO";"UOP02-DEL02-RO"
360116;2021-05-26;"quarta-feira";"18:15:00";"SC";101;131,5;"BALNEARIO CAMBORIU";"Demais falhas mecânicas ou elétricas";"Colisão com objeto";"Com Vítimas Feridas";"Anoitecer";"Crescente";"Céu Claro";"Múltipla";"Reta";"Sim";2;0;1;0;1;0;1;2;-26,99064209;-48,66310912;"SPRF-SC";"DEL04-SC";"UOP03-DEL04-SC"
360124;2021-05-26;"quarta-feira";"19:10:00";"SC";280;241,1;"CANOINHAS";"Ingestão de álcool pelo condutor";"Colisão traseira";"Com Vítimas Feridas";"Plena Noite";"Crescente";"Céu Claro";"Simples";"Aclive;Reta";"Não";3;0;1;0;1;1;1;3;-26,22501599;-50,45997601;"SPRF-SC";"DEL06-SC";"UOP04-DEL06-SC"
360132;2021-05-26;"quarta-feira";"17:30:00";"PR";476;151;"ARAUCARIA";"Velocidade Incompatível";"Saída de leito carroçável";"Sem Vítimas";"Anoitecer";"Crescente";"Céu Claro";"Dupla";"Reta";"Sim";3;0;0;0;2;1;0;3;-25,563601;-49,377041;"SPRF-PR";"DEL01-PR";"UOP03-DEL01-PR"
360135;2021-05-26;"quarta-feira";"20:00:00";"GO";60;201;"GUAPO";"Deficiência do Sistema de Iluminação/Sinalização";"Colisão traseira";"Sem Vítimas";"Plena Noite";"Decrescente";"Nublado";"Dupla";"Reta";"Não";3;0;0;0;3;0;0;2;-16,8815;-49,6179;"SPRF-GO";"DEL01-GO";"UOP02-DEL01-GO"
360138;2021-05-26;"quarta-feira";"18:30:00";"MG";365;175,1;"BURITIZEIRO";"Velocidade Incompatível";"Colisão frontal";"Com Vítimas Feridas";"Plena Noite";"Decrescente";"Céu Claro";"Simples";"Curva";"Não";5;0;3;0;1;1;3;3;-17,41279573;-45,04305589;"SPRF-MG";"DEL12-MG";"UOP01-DEL12-MG"
360139;2021-05-26;"quarta-feira";"19:30:00";"BA";324;522;"FEIRA DE SANTANA";"Condutor deixou de manter distância do veículo da frente";"Colisão traseira";"Com Vítimas Fatais";"Plena Noite";"Crescente";"Nublado";"Dupla";"Reta";"Sim";4;1;0;0;1;2;0;4;-12,28462524;-38,91926018;"SPRF-BA";"DEL01-BA";"UOP03-DEL01-BA"
360144;2021-05-26;"quarta-feira";"08:40:00";"MT";70;84,2;"GENERAL CARNEIRO";"Falta de acostamento";"Saída de leito carroçável";"Com Vítimas Feridas";"Pleno dia";"Decrescente";"Céu Claro";"Simples";"Curva";"Não";5;0;1;0;2;2;1;3;-15,62211981;-52,83378091;"SPRF-MT";"DEL07-MT";"UOP01-DEL07-MT"
360151;2021-05-26;"quarta-feira";"18:40:00";"SE";101;75,3;"MARUIM";"Demais falhas mecânicas ou elétricas";"Incêndio";"Sem Vítimas";"Plena Noite";"Crescente";"Céu Claro";"Dupla";"Reta";"Não";2;0;0;0;1;1;0;2;-10,76855579;-37,11840018;"SPRF-SE";"DEL01-SE";"UOP01-DEL01-SE"
360152;2021-05-26;"quarta-feira";"18:40:00";"MT";364;184;"PEDRA PRETA";"Animais na Pista";"Atropelamento de Animal";"Com Vítimas Feridas";"Plena Noite";"Decrescente";"Céu Claro";"Simples";"Reta";"Não";5;0;3;1;1;0;4;2;-16,58295105;-54,52328803;"SPRF-MT";"DEL02-MT";"UOP01-DEL02-MT"
360154;2021-05-26;"quarta-feira";"20:30:00";"PR";277;117,5;"CAMPO LARGO";"Acessar a via sem observar a presença dos outros veículos";"Colisão lateral mesmo sentido";"Sem Vítimas";"Plena Noite";"Decrescente";"Céu Claro";"Dupla";"Reta";"Sim";2;0;0;0;1;1;0;2;-25,434195;-49,415613;"SPRF-PR";"DEL01-PR";"UOP03-DEL03-PR"
360156;2021-05-26;"quarta-feira";"18:30:00";"SC";282;516;"XAXIM";"Velocidade Incompatível";"Colisão frontal";"Com Vítimas Feridas";"Plena Noite";"Crescente";"Céu Claro";"Simples";"Curva";"Não";4;0;2;1;1;0;3;3;-26,930862;-52,499157;"SPRF-SC";"DEL07-SC";"UOP01-DEL07-SC"
360157;2021-05-26;"quarta-feira";"15:10:00";"RO";364;476;"ARIQUEMES";"Ultrapassagem Indevida";"Colisão transversal";"Com Vítimas Feridas";"Pleno dia";"Decrescente";"Céu Claro";"Simples";"Curva";"Não";4;0;1;0;2;2;1;4;-10,15536524;-62,83853531;"SPRF-RO";"DEL03-RO";"UOP01-DEL03-RO"
360161;2021-05-26;"quarta-feira";"21:30:00";"PR";277;412,9;"CANTAGALO";"Reação tardia ou ineficiente do condutor";"Tombamento";"Com Vítimas Feridas";"Plena Noite";"Decrescente";"Céu Claro";"Simples";"Curva";"Não";2;0;0;1;0;1;1;2;-25,42374367;-52,02135088;"SPRF-PR";"DEL04-PR";"UOP02-DEL04-PR"
360162;2021-05-26;"quarta-feira";"20:00:00";"RS";285;580,6;"SAO LUIZ GONZAGA";"Obstrução na via";"Saída de leito carroçável";"Com Vítimas Feridas";"Plena Noite";"Crescente";"Céu Claro";"Simples";"Reta";"Não";3;0;1;0;1;3;1;5;-28,433741;-55,095108;"SPRF-RS";"DEL12-RS";"UOP01-DEL12-RS"
360167;2021-05-26;"quarta-feira";"13:00:00";"GO";158;170;"CAIAPONIA";"Pista esburacada";"Tombamento";"Sem Vítimas";"Pleno dia";"Crescente";"Céu Claro";"Simples";"Reta";"Não";3;0;0;0;2;2;0;4;-17,06392318;-51,85793273;"SPRF-GO";"DEL05-GO";"UOP01-DEL05-GO"
360172;2021-05-26;"quarta-feira";"23:50:00";"BA";407;5;"JUAZEIRO";"Velocidade Incompatível";"Tombamento";"Sem Vítimas";"Plena Noite";"Decrescente";"Céu Claro";"Simples";"Rotatória";"Sim";1;0;0;0;1;0;0;1;-9,44778544;-40,49043801;"SPRF-PE";"DEL06-PE";"UOP01-DEL06-PE"
360173;2021-05-26;"quarta-feira";"23:45:00";"SP";116;385,9;"MIRACATU";"Reação tardia ou ineficiente do condutor";"Colisão traseira";"Com Vítimas Feridas";"Plena Noite";"Crescente";"Nublado";"Dupla";"Curva";"Não";3;0;1;0;1;1;1;3;-24,254993;-47,375412;"SPRF-SP";"DEL04-SP";"UOP02-DEL04-SP"
360175;2021-05-26;"quarta-feira";"23:40:00";"MG";381;923,7;"CAMANDUCAIA";"Condutor Dormindo";"Tombamento";"Com Vítimas Feridas";"Plena Noite";"Crescente";"Céu Claro";"Dupla";"Curva";"Não";2;0;1;0;0;2;1;3;-22,77293681;-46,19117975;"SPRF-MG";"DEL16-MG";"UOP03-DEL16-MG"
360176;2021-05-26;"quarta-feira";"23:20:00";"MT";163;829;"SINOP";"Acesso irregular";"Colisão lateral mesmo sentido";"Com Vítimas Feridas";"Plena Noite";"Decrescente";"Céu Claro";"Dupla";"Retorno Regulamentado";"Sim";2;0;0;1;1;0;1;2;-11,911;-55,508;"SPRF-MT";"DEL06-MT";"UOP01-DEL06-MT"
360177;2021-05-27;"quinta-feira";"01:20:00";"MG";262;392,2;"FLORESTAL";"Entrada inopinada do pedestre";"Atropelamento de Pedestre";"Com Vítimas Feridas";"Plena Noite";"Decrescente";"Céu Claro";"Dupla";"Reta";"Não";2;0;0;1;1;0;1;2;-19,92150767;-44,47289804;"SPRF-MG";"DEL01-MG";"UOP03-DEL01-MG"
360183;2021-05-27;"quinta-feira";"03:30:00";"RJ";101;83;"CAMPOS DOS GOYTACAZES";"Condutor Dormindo";"Saída de leito carroçável";"Com Vítimas Feridas";"Plena Noite";"Crescente";"Céu Claro";"Simples";"Curva";"Não";4;0;1;0;2;1;1;2;-21,82198875;-41,46111095;"SPRF-RJ";"DEL08-RJ";"UOP02-DEL08-RJ"
360184;2021-05-27;"quinta-feira";"00:30:00";"MA";10;190;"CAMPESTRE DO MARANHAO";"Demais falhas mecânicas ou elétricas";"Incêndio";"Sem Vítimas";"Plena Noite";"Decrescente";"Céu Claro";"Simples";"Reta";"Não";2;0;0;0;1;2;0;3;-6,053978;-47,382309;"SPRF-MA";"DEL04-MA";"UOP02-DEL04-MA"
360185;2021-05-27;"quinta-feira";"02:03:00";"SC";101;205,9;"SAO JOSE";"Condutor deixou de manter distância do veículo da frente";"Colisão traseira";"Com Vítimas Feridas";"Plena Noite";"Decrescente";"Céu Claro";"Múltipla";"Em Obras;Reta";"Sim";4;0;2;0;2;0;2;2;-27,59418524;-48,61890614;"SPRF-SC";"DEL01-SC";"UOP01-DEL01-SC"
360190;2021-05-26;"quarta-feira";"18:30:00";"GO";60;201,1;"GUAPO";"Avarias e/ou desgaste excessivo no pneu";"Derramamento de carga";"Sem Vítimas";"Plena Noite";"Decrescente";"Céu Claro";"Dupla";"Aclive;Reta";"Não";2;0;0;0;1;2;0;3;-16,8815;-49,6179;"SPRF-GO";"DEL01-GO";"UOP02-DEL01-GO"
360196;2021-05-26;"quarta-feira";"17:00:00";"BA";242;363;"LENCOIS";"Ausência de reação do condutor";"Tombamento";"Com Vítimas Feridas";"Anoitecer";"Decrescente";"Sol";"Simples";"Curva";"Não";3;0;1;0;1;2;1;3;-12,46727769;-41,4150469;"SPRF-BA";"DEL06-BA";"UOP01-DEL06-BA"
360205;2021-05-18;"terça-feira";"12:00:00";"MT";364;446;"VARZEA GRANDE";"Condutor Dormindo";"Saída de leito carroçável";"Com Vítimas Feridas";"Pleno dia";"Crescente";"Céu Claro";"Simples";"Reta";"Não";2;0;1;0;0;1;1;2;-15,61443692;-56,20471037;"SPRF-MT";"DEL01-MT";"UOP02-DEL01-MT"
360215;2021-05-27;"quinta-feira";"01:30:00";"RJ";493;96,9;"SEROPEDICA";"Condutor Dormindo";"Colisão com objeto";"Com Vítimas Feridas";"Plena Noite";"Crescente";"Céu Claro";"Dupla";"Reta";"Não";1;0;1;0;0;0;1;1;-22,71524652;-43,7053889;"SPRF-RJ";"DEL03-RJ";"UOP01-DEL03-RJ"
360216;2021-05-27;"quinta-feira";"08:31:00";"PR";476;123;"CURITIBA";"Demais falhas mecânicas ou elétricas";"Colisão traseira";"Com Vítimas Feridas";"Pleno dia";"Crescente";"Céu Claro";"Simples";"Reta";"Sim";2;0;2;0;0;0;2;2;-25,392904;-49,209557;"SPRF-PR";"DEL01-PR";"UOP03-DEL01-PR"
360218;2021-04-23;"sexta-feira";"18:15:00";"MG";40;50;"PARACATU";"Acessar a via sem observar a presença dos outros veículos";"Colisão transversal";"Com Vítimas Feridas";"Anoitecer";"Crescente";"Céu Claro";"Simples";"Reta";"Não";3;0;1;0;0;3;1;4;-17,23931275;-46,80040697;"SPRF-MG";"DEL14-MG";"UOP01-DEL14-MG"
360220;2021-02-20;"sábado";"14:00:00";"MG";116;304,4;"ITAMBACURI";"Transitar na contramão";"Colisão frontal";"Com Vítimas Feridas";"Pleno dia";"Decrescente";"Nublado";"Simples";"Reta;Declive";"Não";5;0;2;0;2;1;2;3;-18,02424603;-41,64791895;"SPRF-MG";"DEL11-MG";"UOP01-DEL11-MG"
360222;2021-05-27;"quinta-feira";"07:38:00";"PR";369;505;"CASCAVEL";"Ingestão de álcool pelo condutor";"Colisão transversal";"Com Vítimas Feridas";"Pleno dia";"Decrescente";"Céu Claro";"Simples";"Curva";"Sim";2;0;1;0;1;0;1;2;-24,8252;-53,2976;"SPRF-PR";"DEL04-PR";"UOP03-DEL04-PR"
360230;2021-05-27;"quinta-feira";"08:20:00";"SC";470;66,2;"INDAIAL";"Carga excessiva e/ou mal acondicionada";"Derramamento de carga";"Com Vítimas Feridas";"Pleno dia";"Crescente";"Sol";"Simples";"Reta";"Sim";5;0;2;0;2;1;2;4;-26,870407;-49,221844;"SPRF-SC";"DEL04-SC";"UOP01-DEL04-SC"
360231;2021-05-27;"quinta-feira";"07:40:00";"SC";282;521,2;"XAXIM";"Condutor deixou de manter distância do veículo da frente";"Colisão traseira";"Com Vítimas Feridas";"Pleno dia";"Decrescente";"Céu Claro";"Simples";"Reta";"Sim";3;0;1;0;1;2;1;4;-26,950993;-52,534767;"SPRF-SC";"DEL07-SC";"UOP01-DEL07-SC"
360234;2021-03-01;"segunda-feira";"19:30:00";"BA";101;283;"LAJE";"Carga excessiva e/ou mal acondicionada";"Tombamento";"Com Vítimas Feridas";"Plena Noite";"Decrescente";"Céu Claro";"Simples";"Curva";"Não";6;0;3;2;1;0;5;2;-13,25171307;-39,32329328;"SPRF-BA";"DEL01-BA";"UOP02-DEL01-BA"
360236;2021-04-28;"quarta-feira";"18:11:00";"SC";282;236,4;"LAGES";"Velocidade Incompatível";"Tombamento";"Com Vítimas Fatais";"Anoitecer";"Crescente";"Céu Claro";"Simples";"Curva";"Não";3;1;1;0;0;1;1;2;-27,788113;-50,486886;"SPRF-SC";"DEL05-SC";"UOP02-DEL05-SC"
360237;2021-05-27;"quinta-feira";"05:40:00";"PR";153;122,2;"IBAITI";"Velocidade Incompatível";"Saída de leito carroçável";"Com Vítimas Fatais";"Amanhecer";"Crescente";"Céu Claro";"Simples";"Curva";"Não";3;2;0;0;0;2;0;3;-23,93903221;-50,23779778;"SPRF-PR";"DEL07-PR";"UOP04-DEL07-PR"
360241;2021-05-27;"quinta-feira";"09:00:00";"RJ";393;225;"VASSOURAS";"Ausência de reação do condutor";"Colisão frontal";"Com Vítimas Feridas";"Pleno dia";"Crescente";"Céu Claro";"Simples";"Reta";"Não";4;0;1;1;1;1;2;4;-22,34554902;-43,55600299;"SPRF-RJ";"DEL05-RJ";"UOP03-DEL05-RJ"
360242;2021-05-17;"segunda-feira";"13:30:00";"PA";155;318;"MARABA";"Manobra de mudança de faixa";"Colisão frontal";"Com Vítimas Fatais";"Pleno dia";"Crescente";"Céu Claro";"Simples";"Reta";"Não";6;1;0;1;1;3;1;4;-5,59261797;-49,07697336;"SPRF-PA";"DEL03-PA";"UOP01-DEL03-PA"
360243;2021-05-27;"quinta-feira";"09:30:00";"PR";376;659;"TIJUCAS DO SUL";"Demais falhas mecânicas ou elétricas";"Engavetamento";"Com Vítimas Feridas";"Pleno dia";"Crescente";"Céu Claro";"Dupla";"Declive";"Não";4;0;1;0;2;1;1;4;-25,8497383;-49,01288607;"SPRF-PR";"DEL01-PR";"UOP04-DEL01-PR"
360247;2021-05-27;"quinta-feira";"10:55:00";"RJ";116;306;"RESENDE";"Demais falhas mecânicas ou elétricas";"Colisão com objeto";"Com Vítimas Feridas";"Pleno dia";"Decrescente";"Céu Claro";"Dupla";"Reta";"Não";3;0;1;0;1;1;1;3;-22,45645538;-44,40259093;"SPRF-RJ";"DEL07-RJ";"UOP02-DEL07-RJ"
360248;2021-05-27;"quinta-feira";"10:30:00";"MG";40;805,2;"MATIAS BARBOSA";"Demais falhas mecânicas ou elétricas";"Colisão traseira";"Sem Vítimas";"Pleno dia";"Decrescente";"Céu Claro";"Dupla";"Aclive;Reta";"Não";3;0;0;0;2;1;0;3;-21,86534291;-43,36765294;"SPRF-MG";"DEL05-MG";"UOP01-DEL05-MG"
360260;2021-05-27;"quinta-feira";"13:00:00";"MG";40;816,5;"SIMAO PEREIRA";"Condutor deixou de manter distância do veículo da frente";"Engavetamento";"Com Vítimas Feridas";"Pleno dia";"Decrescente";"Sol";"Dupla";"Reta";"Não";4;0;1;0;3;0;1;3;-21,90755681;-43,31493223;"SPRF-MG";"DEL05-MG";"UOP01-DEL05-MG"
360261;2021-05-27;"quinta-feira";"12:45:00";"MS";163;512,6;"JARAGUARI";"Reação tardia ou ineficiente do condutor";"Colisão traseira";"Com Vítimas Feridas";"Pleno dia";"Decrescente";"Céu Claro";"Dupla";"Aclive";"Não";3;0;1;0;1;3;1;5;-20,218367;-54,474167;"SPRF-MS";"DEL01-MS";"UOP02-DEL01-MS"