"id";"data_inversa";"dia_semana";"horario";"uf";"br";"km";"municipio";"causa_acidente";"tipo_acidente";"classificacao_acidente";"fase_dia";"sentido_via";"condicao_metereologica";"tipo_pista";"tracado_via";"uso_solo";"pessoas";"mortos";"feridos_leves";"feridos_graves";"ilesos";"ignorados";"feridos";"veiculos";"latitude";"longitude";"regional";"delegacia";"uop"
360263;2021-05-27;"quinta-feira";"12:00:00";"RS";116;133,7;"ELDORADO DO SUL";"Ultrapassagem Indevida";"Colisão lateral mesmo sentido";"Sem Vítimas";"Pleno dia";"Crescente";"Céu Claro";"Simples";"Reta";"Não";2;0;0;0;1;1;0;2;-30,0303923;-51,3199155;"SPRF-RS";"DEL05-RS";"UOP01-DEL05-RS"
360269;2021-05-27;"quinta-feira";"11:20:00";"SC";116;220,5;"CORREIA PINTO";"Desrespeitar a preferência no cruzamento";"Colisão transversal";"Sem Vítimas";"Pleno dia";"Crescente";"Céu Claro";"Simples";"Rotatória";"Sim";2;0;0;0;2;0;0;2;-27,59068608;-50,36285162;"SPRF-SC";"DEL05-SC";"UOP03-DEL05-SC"
360271;2021-05-22;"sábado";"08:15:00";"MS";60;361,6;"CAMPO GRANDE";"Velocidade Incompatível";"Saída de leito carroçável";"Com Vítimas Feridas";"Pleno dia";"Crescente";"Chuva";"Simples";"Rotatória";"Não";1;0;1;0;0;0;1;1;-20,51486401;-54,71960401;"SPRF-MS";"DEL01-MS";"UOP03-DEL01-MS"
360273;2021-03-03;"quarta-feira";"06:45:00";"SP";116;156,1;"SAO JOSE DOS CAMPOS";"Acesso irregular";"Colisão lateral mesmo sentido";"Com Vítimas Feridas";"Pleno dia";"Decrescente";"Céu Claro";"Múltipla";"Reta";"Sim";4;0;3;0;1;0;3;3;-23,25044084;-45,93572909;"SPRF-SP";"DEL02-SP";"UOP01-DEL02-SP"
360275;2021-05-27;"quinta-feira";"14:45:00";"PR";369;166;"CAMBE";"Mal súbito do condutor";"Colisão traseira";"Com Vítimas Feridas";"Pleno dia";"Crescente";"Céu Claro";"Dupla";"Reta;Aclive";"Não";2;0;0;1;0;1;1;2;-23,29519596;-51,30645812;"SPRF-PR";"DEL07-PR";"UOP01-DEL07-PR"
360279;2021-05-27;"quinta-feira";"08:50:00";"SC";282;599,7;"CUNHA PORA";"Transitar na contramão";"Colisão frontal";"Com Vítimas Fatais";"Pleno dia";"Crescente";"Céu Claro";"Simples";"Aclive;Curva";"Não";3;1;1;0;0;1;1;3;-26,8171642;-53,1627853;"SPRF-SC";"DEL07-SC";"UOP02-DEL07-SC"
360280;2021-05-27;"quinta-feira";"13:57:00";"TO";226;64;"WANDERLANDIA";"Reação tardia ou ineficiente do condutor";"Colisão frontal";"Com Vítimas Feridas";"Pleno dia";"Decrescente";"Sol";"Simples";"Reta";"Não";3;0;1;0;1;1;1;3;-6,833405;-47,90963;"SPRF-TO";"DEL02-TO";"UOP03-DEL02-TO"
360285;2021-05-27;"quinta-feira";"14:45:00";"SC";280;119,8;"RIO NEGRINHO";"Acessar a via sem observar a presença dos outros veículos";"Colisão transversal";"Com Vítimas Feridas";"Pleno dia";"Crescente";"Céu Claro";"Simples";"Reta";"Não";3;0;1;0;2;0;1;3;-26,26519673;-49,434177;"SPRF-SC";"DEL06-SC";"UOP03-DEL06-SC"
360286;2021-05-27;"quinta-feira";"16:00:00";"GO";60;450;"JATAI";"Reação tardia ou ineficiente do condutor";"Tombamento";"Com Vítimas Feridas";"Pleno dia";"Crescente";"Céu Claro";"Dupla";"Declive;Reta";"Não";1;0;1;0;0;0;1;1;-17,8527;-51,5251;"SPRF-GO";"DEL05-GO";"UOP01-DEL05-GO"
360293;2021-05-27;"quinta-feira";"17:00:00";"SC";101;212;"PALHOCA";"Manobra de mudança de faixa";"Colisão lateral mesmo sentido";"Com Vítimas Feridas";"Anoitecer";"Decrescente";"Céu Claro";"Múltipla";"Desvio Temporário";"Sim";2;0;1;0;1;0;1;2;-27,62996929;-48,65903871;"SPRF-SC";"DEL01-SC";"UOP02-DEL01-SC"
360294;2021-05-27;"quinta-feira";"15:45:00";"RJ";101;508;"ANGRA DOS REIS";"Reação tardia ou ineficiente do condutor";"Colisão frontal";"Com Vítimas Feridas";"Pleno dia";"Decrescente";"Sol";"Simples";"Curva";"Não";2;0;1;0;1;0;1;2;-22,94163902;-44,42239099;"SPRF-RJ";"DEL03-RJ";"UOP02-DEL03-RJ"
360297;2021-05-27;"quinta-feira";"16:20:00";"PB";104;145,1;"QUEIMADAS";"Condutor deixou de manter distância do veículo da frente";"Colisão traseira";"Com Vítimas Feridas";"Pleno dia";"Decrescente";"Nublado";"Simples";"Reta";"Não";3;0;1;0;2;0;1;2;-7,42278697;-35,89513073;"SPRF-PB";"DEL02-PB";"UOP03-DEL02-PB"
360318;2021-05-27;"quinta-feira";"17:30:00";"PR";476;153;"ARAUCARIA";"Ingestão de álcool pelo condutor";"Colisão lateral mesmo sentido";"Sem Vítimas";"Pleno dia";"Decrescente";"Céu Claro";"Dupla";"Reta";"Sim";3;0;0;0;2;1;0;3;-25,577307;-49,392338;"SPRF-PR";"DEL01-PR";"UOP03-DEL01-PR"
360319;2021-05-27;"quinta-feira";"18:30:00";"MG";365;576;"INDIANOPOLIS";"Deficiência do Sistema de Iluminação/Sinalização";"Colisão traseira";"Com Vítimas Fatais";"Plena Noite";"Crescente";"Céu Claro";"Simples";"Declive";"Não";4;1;0;0;1;2;0;4;-18,88986602;-47,92146602;"SPRF-MG";"DEL15-MG";"UOP02-DEL15-MG"
360328;2021-05-27;"quinta-feira";"18:00:00";"GO";153;365,5;"JARAGUA";"Demais falhas mecânicas ou elétricas";"Incêndio";"Sem Vítimas";"Anoitecer";"Crescente";"Céu Claro";"Simples";"Declive";"Não";2;0;0;0;1;1;0;2;-15,791342;-49,302017;"SPRF-GO";"DEL02-GO";"UOP02-DEL02-GO"
360336;2021-05-27;"quinta-feira";"19:55:00";"SC";282;521,6;"XAXIM";"Condutor usando celular";"Saída de leito carroçável";"Com Vítimas Feridas";"Plena Noite";"Crescente";"Céu Claro";"Simples";"Declive;Reta";"Não";2;0;1;0;0;1;1;2;-26,952384;-52,537726;"SPRF-SC";"DEL07-SC";"UOP01-DEL07-SC"
360347;2021-05-27;"quinta-feira";"18:45:00";"RS";386;364,9;"FAZENDA VILANOVA";"Acessar a via sem observar a presença dos outros veículos";"Colisão transversal";"Com Vítimas Fatais";"Plena Noite";"Crescente";"Céu Claro";"Dupla";"Curva";"Não";4;1;1;0;1;1;1;3;-29,565842;-51,874218;"SPRF-RS";"DEL04-RS";"UOP02-DEL04-RS"
360348;2021-05-27;"quinta-feira";"22:35:00";"AL";316;149;"PALMEIRA DOS INDIOS";"Transitar na contramão";"Colisão frontal";"Sem Vítimas";"Plena Noite";"Crescente";"Céu Claro";"Simples";"Reta";"Não";2;0;0;0;1;1;0;2;-9,41201539;-36,68062126;"SPRF-AL";"DEL03-AL";"UOP01-DEL03-AL"
360349;2021-05-27;"quinta-feira";"21:50:00";"GO";60;16;"ALEXANIA";"Acessar a via sem observar a presença dos outros veículos";"Colisão traseira";"Com Vítimas Feridas";"Plena Noite";"Crescente";"Céu Claro";"Dupla";"Reta";"Não";4;0;2;0;1;1;2;3;-16,113828;-48,369049;"SPRF-DF";"DEL03-DF";"UOP01-DEL03-DF"
360352;2021-05-27;"quinta-feira";"22:30:00";"MA";135;2,3;"SAO LUIS";"Acessar a via sem observar a presença dos outros veículos";"Colisão transversal";"Com Vítimas Feridas";"Plena Noite";"Crescente";"Céu Claro";"Dupla";"Reta";"Sim";3;0;0;1;1;1;1;3;-2,58917895;-44,24423719;"SPRF-MA";"DEL01-MA";"UOP01-DEL01-MA"
360356;2021-05-27;"quinta-feira";"23:10:00";"MS";163;596;"SAO GABRIEL DO OESTE";"Reação tardia ou ineficiente do condutor";"Saída de leito carroçável";"Sem Vítimas";"Plena Noite";"Crescente";"Nublado";"Dupla";"Reta";"Não";2;0;0;0;1;2;0;3;-19,53273305;-54,45573903;"SPRF-MS";"DEL06-MS";"UOP02-DEL06-MS"
360358;2021-05-27;"quinta-feira";"12:45:00";"GO";60;92,5;"ANAPOLIS";"Carga excessiva e/ou mal acondicionada";"Derramamento de carga";"Com Vítimas Feridas";"Pleno dia";"Decrescente";"Céu Claro";"Dupla";"Reta;Retorno Regulamentado";"Sim";2;0;1;0;1;0;1;2;-16,353;-48,9178;"SPRF-GO";"DEL02-GO";"UOP01-DEL02-GO"
360360;2021-05-27;"quinta-feira";"22:00:00";"PE";428;160,9;"PETROLINA";"Ingestão de álcool pelo condutor";"Colisão lateral sentido oposto";"Com Vítimas Feridas";"Plena Noite";"Decrescente";"Céu Claro";"Simples";"Reta";"Não";2;0;0;1;1;0;1;2;-9,163262;-40,366531;"SPRF-PE";"DEL06-PE";"UOP01-DEL06-PE"
360361;2021-05-27;"quinta-feira";"22:30:00";"RJ";101;260,5;"RIO BONITO";"Condutor Dormindo";"Colisão traseira";"Com Vítimas Feridas";"Plena Noite";"Crescente";"Céu Claro";"Dupla";"Curva";"Não";3;0;0;1;2;0;1;2;-22,70520044;-42,60578664;"SPRF-RJ";"DEL02-RJ";"UOP03-DEL02-RJ"
360362;2021-05-28;"sexta-feira";"00:05:00";"BA";101;244;"CONCEICAO DO ALMEIDA";"Ultrapassagem Indevida";"Colisão lateral sentido oposto";"Com Vítimas Feridas";"Plena Noite";"Decrescente";"Céu Claro";"Simples";"Aclive";"Não";3;0;1;0;2;0;1;2;-12,984957;-39,291156;"SPRF-BA";"DEL01-BA";"UOP02-DEL01-BA"
360364;2021-05-27;"quinta-feira";"22:40:00";"BA";324;547;"AMELIA RODRIGUES";"Ausência de reação do condutor";"Colisão traseira";"Com Vítimas Feridas";"Plena Noite";"Decrescente";"Céu Claro";"Dupla";"Aclive";"Não";4;0;2;1;1;0;3;2;-12,43308;-38,731135;"SPRF-BA";"DEL01-BA";"UOP03-DEL01-BA"
360366;2021-05-28;"sexta-feira";"01:00:00";"RJ";101;72,9;"CAMPOS DOS GOYTACAZES";"Transitar na contramão";"Colisão frontal";"Com Vítimas Fatais";"Plena Noite";"Decrescente";"Céu Claro";"Simples";"Reta";"Não";2;1;0;0;1;0;0;2;-21,798874;-41,393955;"SPRF-RJ";"DEL08-RJ";"UOP02-DEL08-RJ"
360369;2021-05-27;"quinta-feira";"18:10:00";"BA";101;732;"ITABELA";"Velocidade Incompatível";"Tombamento";"Com Vítimas Feridas";"Plena Noite";"Decrescente";"Céu Claro";"Simples";"Declive;Curva";"Não";1;0;0;1;0;0;1;1;-16,47576;-39,582923;"SPRF-BA";"DEL09-BA";"UOP01-DEL09-BA"
360377;2021-05-28;"sexta-feira";"06:05:00";"SE";101;201,8;"CRISTINAPOLIS";"Ausência de reação do condutor";"Colisão traseira";"Com Vítimas Feridas";"Amanhecer";"Crescente";"Sol";"Simples";"Reta";"Não";2;0;0;1;1;0;1;2;-11,49070496;-37,77641305;"SPRF-SE";"DEL02-SE";"UOP03-DEL02-SE"
360379;2021-05-28;"sexta-feira";"06:10:00";"MG";40;510;"RIBEIRAO DAS NEVES";"Ausência de reação do condutor";"Colisão traseira";"Com Vítimas Feridas";"Pleno dia";"Crescente";"Céu Claro";"Dupla";"Reta";"Não";3;0;1;0;1;1;1;3;-19,77463885;-44,12321882;"SPRF-MG";"DEL01-MG";"UOP02-DEL01-MG"
360380;2021-05-28;"sexta-feira";"02:50:00";"PB";101;104;"ALHANDRA";"Condutor Dormindo";"Colisão com objeto";"Sem Vítimas";"Amanhecer";"Decrescente";"Ignorado";"Dupla";"Curva";"Não";2;0;0;0;2;0;0;1;-7,30029088;-34,93888622;"SPRF-PB";"DEL01-PB";"UOP02-DEL01-PB"
360383;2021-05-27;"quinta-feira";"11:00:00";"BA";242;497;"OLIVEIRA DOS BREJINHOS";"Demais falhas mecânicas ou elétricas";"Incêndio";"Sem Vítimas";"Pleno dia";"Decrescente";"Céu Claro";"Simples";"Reta";"Não";2;0;0;0;1;2;0;3;-12,37707239;-42,42469314;"SPRF-BA";"DEL06-BA";"UOP01-DEL06-BA"
360389;2021-05-28;"sexta-feira";"05:20:00";"MT";364;270;"JACIARA";"Pedestre andava na pista";"Atropelamento de Pedestre";"Com Vítimas Feridas";"Amanhecer";"Crescente";"Céu Claro";"Simples";"Declive;Reta";"Não";3;0;1;0;1;2;1;4;-15,9689785;-54,94463002;"SPRF-MT";"DEL02-MT";"UOP01-DEL02-MT"
360402;2021-05-22;"sábado";"11:55:00";"MS";163;569,1;"BANDEIRANTES";"Ultrapassagem Indevida";"Colisão frontal";"Com Vítimas Fatais";"Pleno dia";"Crescente";"Nublado";"Simples";"Reta";"Não";4;2;1;0;0;1;1;3;-19,74061712;-54,35393554;"SPRF-MS";"DEL01-MS";"UOP02-DEL01-MS"
360403;2021-05-28;"sexta-feira";"07:40:00";"PR";376;391;"IMBAU";"Ausência de reação do condutor";"Saída de leito carroçável";"Com Vítimas Feridas";"Pleno dia";"Crescente";"Céu Claro";"Dupla";"Curva";"Não";2;0;1;0;0;2;1;3;-24,53023946;-50,69807528;"SPRF-PR";"DEL03-PR";"UOP02-DEL03-PR"
360409;2021-04-30;"sexta-feira";"07:40:00";"SC";116;105;"MONTE CASTELO";"Velocidade Incompatível";"Colisão frontal";"Com Vítimas Feridas";"Pleno dia";"Crescente";"Céu Claro";"Simples";"Declive;Curva";"Não";2;0;1;1;0;0;2;2;-26,75095005;-50,31749478;"SPRF-SC";"DEL06-SC";"UOP02-DEL06-SC"
360413;2021-05-28;"sexta-feira";"07:20:00";"GO";60;244,9;"INDIARA";"Reação tardia ou ineficiente do condutor";"Saída de leito carroçável";"Com Vítimas Feridas";"Pleno dia";"Decrescente";"Céu Claro";"Dupla";"Reta";"Não";1;0;1;0;0;0;1;1;-17,1069;-49,9096;"SPRF-GO";"DEL01-GO";"UOP02-DEL01-GO"
360414;2021-05-28;"sexta-feira";"07:20:00";"RO";364;13;"VILHENA";"Acessar a via sem observar a presença dos outros veículos";"Colisão transversal";"Com Vítimas Feridas";"Pleno dia";"Crescente";"Céu Claro";"Simples";"Interseção de Vias";"Sim";4;0;0;1;2;2;1;4;-12,74140004;-60,13026401;"SPRF-RO";"DEL04-RO";"UOP01-DEL04-RO"
360424;2021-05-28;"sexta-feira";"06:15:00";"SC";470;190;"POUSO REDONDO";"Demais falhas mecânicas ou elétricas";"Incêndio";"Sem Vítimas";"Pleno dia";"Crescente";"Nublado";"Simples";"Aclive";"Não";2;0;0;0;1;2;0;3;-27,281504;-50,069775;"SPRF-SC";"DEL04-SC";"UOP02-DEL04-SC"
360426;2021-05-28;"sexta-feira";"09:55:00";"MT";158;789;"BARRA DO GARCAS";"Carga excessiva e/ou mal acondicionada";"Colisão lateral mesmo sentido";"Sem Vítimas";"Pleno dia";"Decrescente";"Céu Claro";"Simples";"Reta";"Não";3;0;0;0;2;1;0;3;-15,81783013;-52,30325965;"SPRF-MT";"DEL07-MT";"UOP01-DEL07-MT"
360427;2021-05-28;"sexta-feira";"07:25:00";"PE";232;450;"SAO JOSE DO BELMONTE";"Reação tardia ou ineficiente do condutor";"Colisão transversal";"Com Vítimas Feridas";"Pleno dia";"Crescente";"Céu Claro";"Simples";"Reta";"Não";2;0;1;0;1;0;1;2;-7,98214482;-38,63480402;"SPRF-PE";"DEL04-PE";"UOP01-DEL04-PE"
360433;2021-05-28;"sexta-feira";"09:40:00";"RJ";101;72;"CAMPOS DOS GOYTACAZES";"Demais falhas mecânicas ou elétricas";"Incêndio";"Sem Vítimas";"Pleno dia";"Crescente";"Céu Claro";"Simples";"Reta";"Sim";2;0;0;0;1;1;0;2;-21,791397;-41,388046;"SPRF-RJ";"DEL08-RJ";"UOP02-DEL08-RJ"
360434;2021-05-28;"sexta-feira";"10:05:00";"ES";101;159,9;"LINHARES";"Condutor deixou de manter distância do veículo da frente";"Colisão traseira";"Com Vítimas Feridas";"Pleno dia";"Decrescente";"Céu Claro";"Simples";"Reta";"Não";3;0;1;0;1;1;1;3;-19,47649045;-40,11393249;"SPRF-ES";"DEL04-ES";"UOP01-DEL04-ES"
360436;2021-05-28;"sexta-feira";"10:30:00";"SC";101;337;"TUBARAO";"Velocidade Incompatível";"Colisão com objeto";"Com Vítimas Feridas";"Pleno dia";"Crescente";"Nublado";"Dupla";"Reta";"Não";3;0;2;0;0;1;2;2;-28,47726932;-49,03148353;"SPRF-SC";"DEL02-SC";"UOP01-DEL02-SC"
360441;2021-05-28;"sexta-feira";"11:05:00";"SP";381;65;"MAIRIPORA";"Problema com o freio";"Colisão lateral mesmo sentido";"Com Vítimas Feridas";"Pleno dia";"Crescente";"Sol";"Dupla";"Reta";"Não";6;0;2;0;3;1;2;6;-23,316547;-46,58251;"SPRF-SP";"DEL03-SP";"UOP01-DEL03-SP"
360442;2021-05-28;"sexta-feira";"11:45:00";"PB";101;86;"BAYEUX";"Conversão proibida";"Colisão traseira";"Com Vítimas Feridas";"Pleno dia";"Crescente";"Céu Claro";"Dupla";"Reta;Interseção de Vias";"Sim";3;0;1;0;1;2;1;4;-7,146885;-34,9150778;"SPRF-PB";"DEL01-PB";"UOP01-DEL01-PB"
360443;2021-05-28;"sexta-feira";"12:00:00";"RS";470;328;"TRIUNFO";"Velocidade Incompatível";"Colisão lateral sentido oposto";"Com Vítimas Feridas";"Pleno dia";"Crescente";"Chuva";"Simples";"Curva;Declive";"Não";5;0;2;0;2;1;2;3;-29,82518701;-51,68588644;"SPRF-RS";"DEL04-RS";"UOP02-DEL04-RS"
360446;2021-04-26;"segunda-feira";"11:40:00";"RJ";116;200,8;"QUEIMADOS";"Ausência de reação do condutor";"Atropelamento de Pedestre";"Com Vítimas Feridas";"Pleno dia";"Decrescente";"Céu Claro";"Múltipla";"Reta";"Sim";2;0;1;0;1;0;1;2;-22,7306082;-43,59401795;"SPRF-RJ";"DEL01-RJ";"UOP03-DEL01-RJ"
360454;2021-05-28;"sexta-feira";"12:15:00";"MT";364;369,4;"SANTO ANTONIO DO LEVERGER";"Reação tardia ou ineficiente do condutor";"Tombamento";"Com Vítimas Feridas";"Pleno dia";"Decrescente";"Céu Claro";"Dupla";"Reta";"Não";2;0;1;0;0;2;1;3;-15,71105813;-55,69968313;"SPRF-MT";"DEL01-MT";"UOP02-DEL01-MT"
360456;2021-05-28;"sexta-feira";"12:10:00";"SC";101;218,6;"PALHOCA";"Reação tardia ou ineficiente do condutor";"Colisão traseira";"Com Vítimas Fatais";"Pleno dia";"Crescente";"Nublado";"Dupla";"Reta";"Não";4;2;0;0;1;3;0;6;-27,68217169;-48,66807979;"SPRF-SC";"DEL01-SC";"UOP02-DEL01-SC"
360460;2021-05-28;"sexta-feira";"08:30:00";"PR";163;292;"MARECHAL CANDIDO RONDON";"Acessar a via sem observar a presença dos outros veículos";"Colisão transversal";"Com Vítimas Fatais";"Pleno dia";"Crescente";"Sol";"Simples";"Reta";"Não";2;1;0;0;1;0;0;2;-24,52360956;-54,06210088;"SPRF-PR";"DEL06-PR";"UOP02-DEL06-PR"
360464;2021-05-28;"sexta-feira";"13:30:00";"PR";277;108;"CAMPO LARGO";"Frear bruscamente";"Colisão com objeto";"Sem Vítimas";"Pleno dia";"Crescente";"Céu Claro";"Dupla";"Declive;Reta";"Sim";2;0;0;0;1;2;0;3;-25,442844;-49,454167;"SPRF-PR";"DEL01-PR";"UOP03-DEL03-PR"
360465;2021-05-14;"sexta-feira";"18:50:00";"PA";10;268;"MAE DO RIO";"Ausência de reação do condutor";"Colisão traseira";"Com Vítimas Feridas";"Plena Noite";"Crescente";"Nublado";"Simples";"Reta";"Não";6;0;2;0;2;2;2;5;-2,08688;-47,559758;"SPRF-PA";"DEL02-PA";"UOP01-DEL02-PA"
360468;2021-05-28;"sexta-feira";"12:30:00";"SC";101;66,9;"ARAQUARI";"Condutor deixou de manter distância do veículo da frente";"Tombamento";"Com Vítimas Feridas";"Pleno dia";"Decrescente";"Nublado";"Dupla";"Curva";"Não";3;0;1;0;1;1;1;3;-26,478474;-48,73863;"SPRF-SC";"DEL03-SC";"UOP02-DEL03-SC"
360474;2021-04-14;"quarta-feira";"10:20:00";"RJ";101;484;"ANGRA DOS REIS";"Conversão proibida";"Colisão transversal";"Com Vítimas Feridas";"Pleno dia";"Decrescente";"Nublado";"Simples";"Reta";"Sim";3;0;1;0;1;1;1;3;-22,99096308;-44,30429882;"SPRF-RJ";"DEL03-RJ";"UOP03-DEL03-RJ"
360490;2021-05-28;"sexta-feira";"14:35:00";"MG";116;233,8;"TEOFILO OTONI";"Velocidade Incompatível";"Saída de leito carroçável";"Com Vítimas Feridas";"Pleno dia";"Crescente";"Nublado";"Simples";"Declive;Curva";"Não";3;0;1;0;1;2;1;4;-17,517573;-41,48606;"SPRF-MG";"DEL11-MG";"UOP01-DEL11-MG"
360497;2021-05-28;"sexta-feira";"16:30:00";"PR";277;398,4;"CANDOI";"Velocidade Incompatível";"Tombamento";"Com Vítimas Feridas";"Pleno dia";"Crescente";"Nublado";"Simples";"Curva;Viaduto;Aclive";"Não";2;0;1;0;0;1;1;2;-25,459017;-51,95871234;"SPRF-PR";"DEL08-PR";"UOP01-DEL08-PR"
360500;2021-05-24;"segunda-feira";"21:20:00";"BA";101;123;"ALAGOINHAS";"Velocidade Incompatível";"Tombamento";"Com Vítimas Feridas";"Plena Noite";"Crescente";"Céu Claro";"Simples";"Curva";"Não";1;0;1;0;0;0;1;1;-12,18239275;-38,58123328;"SPRF-BA";"DEL01-BA";"UOP04-DEL01-BA"
360509;2021-05-28;"sexta-feira";"17:45:00";"RS";470;226,8;"GARIBALDI";"Reação tardia ou ineficiente do condutor";"Colisão frontal";"Com Vítimas Feridas";"Pleno dia";"Decrescente";"Chuva";"Simples";"Reta";"Não";5;0;1;1;3;0;2;4;-29,25603698;-51,5114218;"SPRF-RS";"DEL06-RS";"UOP01-DEL06-RS"
360518;2021-05-28;"sexta-feira";"18:20:00";"PE";101;80;"JABOATAO DOS GUARARAPES";"Acessar a via sem observar a presença dos outros veículos";"Colisão transversal";"Com Vítimas Feridas";"Plena Noite";"Crescente";"Nublado";"Dupla";"Reta";"Sim";3;0;1;0;1;1;1;3;-8,15112589;-34,9428866;"SPRF-PE";"DEL01-PE";"UOP01-DEL01-PE"
360524;2021-05-28;"sexta-feira";"13:34:00";"BA";101;186;"CONCEICAO DA FEIRA";"Ausência de reação do condutor";"Saída de leito carroçável";"Com Vítimas Feridas";"Pleno dia";"Decrescente";"Céu Claro";"Simples";"Reta";"Não";2;0;1;0;0;1;1;2;-12,56190192;-38,97689659;"SPRF-BA";"DEL01-BA";"UOP03-DEL01-BA"
360527;2021-05-28;"sexta-feira";"19:09:00";"TO";153;129;"WANDERLANDIA";"Ultrapassagem Indevida";"Colisão frontal";"Com Vítimas Feridas";"Plena Noite";"Decrescente";"Céu Claro";"Simples";"Reta";"Não";3;0;0;1;1;2;1;4;-7,08893865;-48,16292616;"SPRF-TO";"DEL02-TO";"UOP01-DEL02-TO"
360530;2021-05-28;"sexta-feira";"16:00:00";"RJ";116;164;"RIO DE JANEIRO";"Acessar a via sem observar a presença dos outros veículos";"Colisão lateral mesmo sentido";"Sem Vítimas";"Pleno dia";"Crescente";"Céu Claro";"Múltipla";"Interseção de Vias";"Sim";5;0;0;0;5;0;0;2;-22,81074068;-43,28844363;"SPRF-RJ";"DEL01-RJ";"UOP01-DEL01-RJ"
360532;2021-05-28;"sexta-feira";"18:15:00";"PB";230;172;"CAMPINA GRANDE";"Acessar a via sem observar a presença dos outros veículos";"Colisão transversal";"Sem Vítimas";"Plena Noite";"Crescente";"Chuva";"Simples";"Reta";"Sim";3;0;0;0;2;1;0;3;-7,1798;-36,0027;"SPRF-PB";"DEL02-PB";"UOP02-DEL02-PB"
360533;2021-05-28;"sexta-feira";"18:30:00";"PR";0;0;"CASCAVEL";"Acesso irregular";"Colisão traseira";"Sem Vítimas";"Anoitecer";"Não Informado";"Nublado";"Simples";"Reta";"Não";5;0;0;0;2;3;0;5;-24,93187448;-53,39428601;"SPRF-PR";"DEL04-PR";"UOP01-DEL04-PR"
360534;2021-05-28;"sexta-feira";"19:10:00";"GO";20;179;"ALVORADA DO NORTE";"Ausência de reação do condutor";"Colisão lateral mesmo sentido";"Com Vítimas Feridas";"Plena Noite";"Decrescente";"Céu Claro";"Simples";"Reta";"Sim";2;0;0;1;0;1;1;2;-14,485163;-46,498554;"SPRF-DF";"DEL02-DF";"UOP03-DEL02-DF"
360536;2021-05-28;"sexta-feira";"11:10:00";"MT";158;438;"RIBEIRAO CASCALHEIRA";"Ultrapassagem Indevida";"Colisão frontal";"Com Vítimas Feridas";"Pleno dia";"Decrescente";"Céu Claro";"Simples";"Reta";"Não";5;0;0;2;1;9;2;12;-13,04131197;-51,88935589;"SPRF-MT";"DEL07-MT";"UOP02-DEL07-MT"
360537;2021-05-28;"sexta-feira";"17:56:00";"BA";101;4,9;"RIO REAL";"Velocidade Incompatível";"Colisão traseira";"Com Vítimas Fatais";"Plena Noite";"Decrescente";"Céu Claro";"Simples";"Reta";"Não";3;1;0;1;1;0;1;2;-11,57046398;-37,87093506;"SPRF-SE";"DEL02-SE";"UOP03-DEL02-SE"
360554;2021-05-28;"sexta-feira";"22:00:00";"TO";153;780;"ALVORADA";"Transitar na contramão";"Colisão frontal";"Com Vítimas Fatais";"Plena Noite";"Crescente";"Céu Claro";"Simples";"Reta";"Não";3;1;0;1;0;2;1;4;-12,64002796;-49,06915656;"SPRF-TO";"DEL01-TO";"UOP02-DEL01-TO"
360572;2021-05-28;"sexta-feira";"18:00:00";"PB";230;277;"SANTA LUZIA";"Carga excessiva e/ou mal acondicionada";"Derramamento de carga";"Sem Vítimas";"Plena Noite";"Crescente";"Céu Claro";"Simples";"Curva";"Não";1;0;0;0;1;0;0;1;-6,9579;-36,8398;"SPRF-PB";"DEL03-PB";"UOP01-DEL03-PB"
360577;2021-05-28;"sexta-feira";"22:00:00";"MG";262;650,2;"IBIA";"Ingestão de álcool pelo condutor";"Colisão frontal";"Com Vítimas Fatais";"Plena Noite";"Decrescente";"Céu Claro";"Simples";"Curva";"Não";2;1;0;0;1;0;0;2;-19,58053719;-46,63405533;"SPRF-MG";"DEL08-MG";"UOP01-DEL08-MG"
360582;2021-05-28;"sexta-feira";"18:33:00";"RS";470;194;"BENTO GONCALVES";"Transitar na contramão";"Colisão transversal";"Com Vítimas Feridas";"Plena Noite";"Decrescente";"Chuva";"Simples";"Curva";"Não";4;0;1;0;2;1;1;3;-29,05030203;-51,57387285;"SPRF-RS";"DEL06-RS";"UOP02-DEL06-RS"
360584;2021-05-28;"sexta-feira";"22:00:00";"MT";364;343;"SANTO ANTONIO DO LEVERGER";"Condutor deixou de manter distância do veículo da frente";"Colisão traseira";"Com Vítimas Feridas";"Plena Noite";"Crescente";"Ignorado";"Dupla";"Curva";"Não";3;0;1;0;1;4;1;6;-15,82147336;-55,51621151;"SPRF-MT";"DEL05-MT";"UOP02-DEL05-MT"
360589;2021-05-28;"sexta-feira";"22:20:00";"MA";316;472,5;"CODO";"Condutor Dormindo";"Tombamento";"Sem Vítimas";"Plena Noite";"Decrescente";"Céu Claro";"Simples";"Reta";"Não";1;0;0;0;0;1;0;1;-4,577238;-43,966751;"SPRF-MA";"DEL03-MA";"UOP02-DEL03-MA"
360595;2021-05-28;"sexta-feira";"18:40:00";"PB";104;182,2;"ALCANTIL";"Ausência de reação do condutor";"Colisão traseira";"Com Vítimas Fatais";"Plena Noite";"Decrescente";"Nublado";"Simples";"Reta";"Não";2;1;0;0;1;0;0;2;-7,66622354;-36,0805831;"SPRF-PB";"DEL02-PB";"UOP03-DEL02-PB"