"id";"data_inversa";"dia_semana";"horario";"uf";"br";"km";"municipio";"causa_acidente";"tipo_acidente";"classificacao_acidente";"fase_dia";"sentido_via";"condicao_metereologica";"tipo_pista";"tracado_via";"uso_solo";"pessoas";"mortos";"feridos_leves";"feridos_graves";"ilesos";"ignorados";"feridos";"veiculos";"latitude";"longitude";"regional";"delegacia";"uop"
360599;2021-05-28;"sexta-feira";"12:25:00";"RS";392;203,2;"SANTANA DA BOA VISTA";"Velocidade Incompatível";"Saída de leito carroçável";"Com Vítimas Feridas";"Pleno dia";"Crescente";"Chuva";"Simples";"Curva";"Não";2;0;1;0;0;1;1;2;-30,85344273;-53,1587385;"SPRF-RS";"DEL09-RS";"UOP02-DEL09-RS"
360602;2021-05-28;"sexta-feira";"11:00:00";"MG";116;790,7;"ALEM PARAIBA";"Demais falhas mecânicas ou elétricas";"Incêndio";"Sem Vítimas";"Pleno dia";"Decrescente";"Nublado";"Simples";"Aclive;Curva";"Não";2;0;0;0;1;1;0;2;-21,67548514;-42,73250632;"SPRF-MG";"DEL07-MG";"UOP01-DEL07-MG"
360607;2021-05-29;"sábado";"02:45:00";"SP";116;152;"SAO JOSE DOS CAMPOS";"Condutor Dormindo";"Colisão traseira";"Com Vítimas Feridas";"Plena Noite";"Decrescente";"Nublado";"Dupla";"Reta";"Não";2;0;1;0;0;1;1;2;-23,22620401;-45,90682999;"SPRF-SP";"DEL02-SP";"UOP01-DEL02-SP"
360614;2021-05-29;"sábado";"01:35:00";"SC";470;157,8;"TROMBUDO CENTRAL";"Transitar na contramão";"Colisão frontal";"Com Vítimas Feridas";"Plena Noite";"Decrescente";"Chuva";"Simples";"Curva;Aclive";"Não";4;0;0;1;2;1;1;3;-27,285425;-49,76881;"SPRF-SC";"DEL04-SC";"UOP02-DEL04-SC"
360615;2021-05-29;"sábado";"01:30:00";"PR";277;130,2;"CAMPO LARGO";"Ingestão de álcool pelo condutor";"Colisão lateral sentido oposto";"Sem Vítimas";"Plena Noite";"Decrescente";"Céu Claro";"Múltipla";"Reta";"Não";3;0;0;0;2;1;0;3;-25,44518045;-49,4985659;"SPRF-PR";"DEL01-PR";"UOP03-DEL03-PR"
360623;2021-05-28;"sexta-feira";"22:30:00";"BA";242;318;"ANDARAI";"Demais falhas mecânicas ou elétricas";"Incêndio";"Sem Vítimas";"Plena Noite";"Decrescente";"Céu Claro";"Simples";"Reta";"Não";2;0;0;0;1;2;0;3;-12,47451329;-41,04635594;"SPRF-BA";"DEL06-BA";"UOP02-DEL06-BA"
360637;2021-05-28;"sexta-feira";"22:00:00";"SC";280;189;"MAFRA";"Velocidade Incompatível";"Saída de leito carroçável";"Com Vítimas Feridas";"Plena Noite";"Decrescente";"Céu Claro";"Simples";"Curva";"Não";2;0;1;0;0;1;1;2;-26,17527846;-49,97184598;"SPRF-SC";"DEL06-SC";"UOP01-DEL06-SC"
360638;2021-05-29;"sábado";"06:40:00";"RJ";356;49;"ITAPERUNA";"Carga excessiva e/ou mal acondicionada";"Tombamento";"Com Vítimas Feridas";"Amanhecer";"Crescente";"Nevoeiro/Neblina";"Simples";"Curva";"Não";1;0;1;0;0;0;1;1;-21,25300596;-41,78325793;"SPRF-RJ";"DEL08-RJ";"UOP03-DEL08-RJ"
360640;2021-05-29;"sábado";"05:45:00";"MG";381;775,5;"SAO GONCALO DO SAPUCAI";"Ausência de reação do condutor";"Colisão traseira";"Com Vítimas Feridas";"Amanhecer";"Crescente";"Nublado";"Dupla";"Reta";"Não";3;0;1;0;1;3;1;5;-21,80906481;-45,48531299;"SPRF-MG";"DEL16-MG";"UOP02-DEL16-MG"
360646;2021-05-29;"sábado";"02:30:00";"RO";364;235;"CACOAL";"Ausência de reação do condutor";"Colisão com objeto";"Com Vítimas Fatais";"Plena Noite";"Decrescente";"Nublado";"Simples";"Reta";"Sim";3;1;0;0;1;1;0;3;-11,4506169;-61,4302469;"SPRF-RO";"DEL02-RO";"UOP02-DEL02-RO"
360654;2021-05-29;"sábado";"07:00:00";"PR";116;159,4;"MANDIRITUBA";"Conversão proibida";"Colisão lateral mesmo sentido";"Com Vítimas Feridas";"Pleno dia";"Crescente";"Sol";"Simples";"Curva";"Não";3;0;1;0;1;1;1;3;-25,86569317;-49,38243407;"SPRF-PR";"DEL01-PR";"UOP03-DEL01-PR"
360659;2021-05-29;"sábado";"08:40:00";"RN";110;46;"MOSSORO";"Transitar na contramão";"Colisão lateral sentido oposto";"Com Vítimas Feridas";"Pleno dia";"Decrescente";"Céu Claro";"Simples";"Reta";"Sim";3;0;1;1;1;0;2;3;-5,19797675;-37,31839819;"SPRF-RN";"DEL04-RN";"UOP01-DEL04-RN"
360660;2021-05-29;"sábado";"07:05:00";"SC";470;136,6;"RIO DO SUL";"Velocidade Incompatível";"Colisão frontal";"Com Vítimas Feridas";"Pleno dia";"Crescente";"Chuva";"Simples";"Curva";"Sim";3;0;0;1;1;1;1;3;-27,194323;-49,624554;"SPRF-SC";"DEL04-SC";"UOP02-DEL04-SC"
360661;2021-02-19;"sexta-feira";"07:30:00";"PR";277;116;"CAMPO LARGO";"Ultrapassagem Indevida";"Colisão traseira";"Com Vítimas Feridas";"Pleno dia";"Crescente";"Céu Claro";"Dupla";"Reta";"Sim";5;0;4;0;1;0;4;2;-25,44281859;-49,50723603;"SPRF-PR";"DEL01-PR";"UOP03-DEL03-PR"
360663;2021-05-29;"sábado";"09:00:00";"MG";40;747,6;"SANTOS DUMONT";"Manobra de mudança de faixa";"Colisão lateral mesmo sentido";"Com Vítimas Feridas";"Pleno dia";"Decrescente";"Céu Claro";"Simples";"Aclive";"Não";6;0;3;0;2;1;3;5;-21,4328731;-43,55221915;"SPRF-MG";"DEL05-MG";"UOP01-DEL05-MG"
360667;2021-05-29;"sábado";"09:40:00";"RN";101;106,6;"PARNAMIRIM";"Acessar a via sem observar a presença dos outros veículos";"Atropelamento de Pedestre";"Com Vítimas Feridas";"Pleno dia";"Decrescente";"Céu Claro";"Dupla";"Reta";"Sim";2;0;0;1;1;0;1;2;-5,91056401;-35,26130795;"SPRF-RN";"DEL01-RN";"UOP01-DEL01-RN"
360681;2021-05-29;"sábado";"09:10:00";"MG";116;780,6;"LEOPOLDINA";"Velocidade Incompatível";"Saída de leito carroçável";"Com Vítimas Feridas";"Pleno dia";"Crescente";"Céu Claro";"Simples";"Curva";"Não";2;0;1;0;0;1;1;2;-21,61482397;-42,69263203;"SPRF-MG";"DEL07-MG";"UOP01-DEL07-MG"
360696;2021-05-29;"sábado";"08:50:00";"PE";101;73;"RECIFE";"Acessar a via sem observar a presença dos outros veículos";"Colisão lateral mesmo sentido";"Com Vítimas Feridas";"Pleno dia";"Decrescente";"Céu Claro";"Dupla";"Curva";"Sim";2;0;1;0;0;1;1;2;-8,093369;-34,947464;"SPRF-PE";"DEL01-PE";"UOP01-DEL01-PE"
360715;2021-05-29;"sábado";"05:40:00";"MG";153;85;"PRATA";"Ausência de reação do condutor";"Saída de leito carroçável";"Com Vítimas Fatais";"Amanhecer";"Crescente";"Céu Claro";"Simples";"Reta";"Não";8;2;0;4;1;1;4;3;-19,10224974;-48,97993765;"SPRF-MG";"DEL15-MG";"UOP03-DEL15-MG"
360716;2021-05-29;"sábado";"13:05:00";"ES";101;322;"GUARAPARI";"Demais falhas mecânicas ou elétricas";"Incêndio";"Sem Vítimas";"Pleno dia";"Decrescente";"Céu Claro";"Dupla";"Reta";"Não";1;0;0;0;1;0;0;1;-20,52834469;-40,48236575;"SPRF-ES";"DEL03-ES";"UOP01-DEL03-ES"
360719;2021-05-29;"sábado";"11:45:00";"GO";364;386;"SANTA RITA DO ARAGUAIA";"Acessar a via sem observar a presença dos outros veículos";"Colisão lateral mesmo sentido";"Com Vítimas Feridas";"Pleno dia";"Crescente";"Céu Claro";"Dupla";"Retorno Regulamentado;Reta;Declive";"Sim";2;0;0;1;1;0;1;2;-17,31929932;-53,21137905;"SPRF-GO";"DEL05-GO";"UOP01-DEL05-GO"
360723;2021-05-29;"sábado";"13:30:00";"CE";116;180,8;"LIMOEIRO DO NORTE";"Demais falhas mecânicas ou elétricas";"Incêndio";"Sem Vítimas";"Pleno dia";"Decrescente";"Céu Claro";"Simples";"Reta";"Não";2;0;0;0;1;3;0;4;-5,05461486;-38,10067361;"SPRF-CE";"DEL03-CE";"UOP01-DEL03-CE"
360734;2021-05-29;"sábado";"11:30:00";"SP";116;210;"GUARULHOS";"Condutor deixou de manter distância do veículo da frente";"Colisão lateral mesmo sentido";"Com Vítimas Feridas";"Pleno dia";"Crescente";"Céu Claro";"Múltipla";"Reta";"Não";2;0;1;0;0;1;1;2;-23,42870023;-46,41085991;"SPRF-SP";"DEL01-SP";"UOP01-DEL01-SP"
360737;2021-05-29;"sábado";"15:10:00";"RJ";101;49,5;"CAMPOS DOS GOYTACAZES";"Manobra de mudança de faixa";"Colisão lateral sentido oposto";"Com Vítimas Feridas";"Pleno dia";"Decrescente";"Céu Claro";"Simples";"Reta";"Sim";3;0;0;1;1;3;1;5;-21,6250800574;-41,3141124247;"SPRF-RJ";"DEL08-RJ";"UOP01-DEL08-RJ"
360738;2021-05-29;"sábado";"14:30:00";"MG";381;849;"POUSO ALEGRE";"Velocidade Incompatível";"Saída de leito carroçável";"Com Vítimas Feridas";"Pleno dia";"Decrescente";"Chuva";"Dupla";"Curva";"Não";4;0;1;0;1;2;1;4;-22,26991499;-45,89241402;"SPRF-MG";"DEL16-MG";"UOP01-DEL16-MG"
360749;2021-05-29;"sábado";"12:40:00";"BA";242;652;"MUQUEM DE SAO FRANCISCO";"Demais falhas mecânicas ou elétricas";"Saída de leito carroçável";"Com Vítimas Feridas";"Pleno dia";"Decrescente";"Céu Claro";"Simples";"Reta";"Não";2;0;1;0;0;1;1;2;-12,21205359;-43,57213595;"SPRF-BA";"DEL06-BA";"UOP03-DEL06-BA"
360760;2021-05-29;"sábado";"09:30:00";"GO";70;293;"ITAPIRAPUA";"Condutor Dormindo";"Tombamento";"Com Vítimas Feridas";"Pleno dia";"Crescente";"Céu Claro";"Simples";"Reta";"Não";2;0;1;0;0;1;1;2;-15,89534882;-50,44062194;"SPRF-GO";"DEL04-GO";"UOP01-DEL04-GO"
360762;2021-05-29;"sábado";"16:10:00";"GO";452;154;"ITUMBIARA";"Velocidade Incompatível";"Colisão traseira";"Com Vítimas Feridas";"Pleno dia";"Decrescente";"Céu Claro";"Simples";"Ponte";"Não";3;0;1;0;1;4;1;6;-18,29856164;-49,55412505;"SPRF-GO";"DEL03-GO";"UOP02-DEL03-GO"
360766;2021-05-29;"sábado";"15:45:00";"PA";316;71;"CASTANHAL";"Acessar a via sem observar a presença dos outros veículos";"Colisão transversal";"Com Vítimas Fatais";"Pleno dia";"Crescente";"Céu Claro";"Simples";"Reta";"Não";2;1;0;0;1;0;0;2;-1,29062917;-47,85733898;"SPRF-PA";"DEL01-PA";"UOP01-DEL01-PA"
360768;2021-05-26;"quarta-feira";"07:40:00";"SP";116;347,5;"MIRACATU";"Velocidade Incompatível";"Tombamento";"Com Vítimas Feridas";"Pleno dia";"Decrescente";"Céu Claro";"Dupla";"Curva;Aclive";"Não";2;0;1;0;0;1;1;2;-24,04699491;-47,19706111;"SPRF-SP";"DEL04-SP";"UOP02-DEL04-SP"
360774;2021-01-05;"terça-feira";"13:25:00";"PI";343;347,5;"TERESINA";"Condutor deixou de manter distância do veículo da frente";"Colisão traseira";"Com Vítimas Feridas";"Pleno dia";"Decrescente";"Céu Claro";"Simples";"Reta";"Sim";3;0;2;0;1;0;2;2;-5,114822;-42,778355;"SPRF-PI";"DEL01-PI";"UOP01-DEL01-PI"
360778;2021-05-29;"sábado";"16:30:00";"SP";116;137,3;"SAO JOSE DOS CAMPOS";"Condutor deixou de manter distância do veículo da frente";"Colisão lateral mesmo sentido";"Sem Vítimas";"Pleno dia";"Crescente";"Sol";"Dupla";"Reta;Declive";"Não";4;0;0;0;0;4;0;2;-23,15300766;-45,78709317;"SPRF-SP";"DEL02-SP";"UOP01-DEL02-SP"
360785;2021-05-29;"sábado";"17:55:00";"CE";222;22,8;"CAUCAIA";"Acessar a via sem observar a presença dos outros veículos";"Colisão transversal";"Com Vítimas Feridas";"Anoitecer";"Crescente";"Céu Claro";"Simples";"Reta";"Não";3;0;0;1;1;1;1;3;-3,73178984;-38,75974197;"SPRF-CE";"DEL01-CE";"UOP01-DEL01-CE"
360786;2021-05-29;"sábado";"15:45:00";"RJ";116;134;"MAGE";"Entrada inopinada do pedestre";"Atropelamento de Pedestre";"Com Vítimas Feridas";"Pleno dia";"Decrescente";"Céu Claro";"Dupla";"Reta";"Sim";2;0;0;1;1;0;1;2;-22,65368834;-43,153534;"SPRF-RJ";"DEL04-RJ";"UOP02-DEL04-RJ"
360792;2021-05-29;"sábado";"17:50:00";"MG";365;5,5;"MONTES CLAROS";"Reação tardia ou ineficiente do condutor";"Tombamento";"Com Vítimas Feridas";"Anoitecer";"Decrescente";"Céu Claro";"Simples";"Curva";"Não";2;0;1;0;0;1;1;2;-16,74574399;-43,88392402;"SPRF-MG";"DEL12-MG";"UOP01-DEL12-MG"
360797;2021-05-29;"sábado";"18:15:00";"SC";101;139,8;"BALNEARIO CAMBORIU";"Velocidade Incompatível";"Colisão lateral mesmo sentido";"Com Vítimas Feridas";"Anoitecer";"Crescente";"Céu Claro";"Múltipla";"Reta";"Não";4;0;0;1;2;2;1;5;-27,02982303;-48,60115006;"SPRF-SC";"DEL04-SC";"UOP03-DEL04-SC"
360804;2021-05-29;"sábado";"17:10:00";"PA";10;22,8;"DOM ELISEU";"Demais falhas mecânicas ou elétricas";"Tombamento";"Sem Vítimas";"Pleno dia";"Decrescente";"Sol";"Simples";"Reta";"Não";2;0;0;0;1;2;0;3;-4,249526;-47,561494;"SPRF-PA";"DEL02-PA";"UOP02-DEL02-PA"
360808;2021-05-29;"sábado";"19:30:00";"CE";20;243;"MADALENA";"Reação tardia ou ineficiente do condutor";"Colisão lateral sentido oposto";"Com Vítimas Feridas";"Plena Noite";"Crescente";"Céu Claro";"Simples";"Reta";"Não";2;0;0;1;1;0;1;2;-4,82553791;-39,55474113;"SPRF-CE";"DEL02-CE";"UOP02-DEL02-CE"
360813;2021-05-29;"sábado";"18:00:00";"MT";163;613;"NOVA MUTUM";"Demais falhas mecânicas ou elétricas";"Tombamento";"Com Vítimas Feridas";"Anoitecer";"Crescente";"Céu Claro";"Simples";"Reta";"Não";4;0;2;0;1;3;2;5;-13,79479843;-56,06675191;"SPRF-MT";"DEL01-MT";"UOP01-DEL01-MT"
360816;2021-05-29;"sábado";"18:00:00";"SC";280;124;"RIO NEGRINHO";"Transitar na contramão";"Colisão frontal";"Com Vítimas Feridas";"Anoitecer";"Crescente";"Garoa/Chuvisco";"Simples";"Reta";"Não";2;0;0;1;1;0;1;2;-26,24130297;-49,47514499;"SPRF-SC";"DEL06-SC";"UOP03-DEL06-SC"
360832;2021-05-29;"sábado";"21:30:00";"GO";60;34,8;"GOIANIA";"Velocidade Incompatível";"Tombamento";"Com Vítimas Feridas";"Plena Noite";"Crescente";"Céu Claro";"Dupla";"Rotatória";"Sim";2;0;1;0;0;1;1;2;-16,6777;-49,2676;"SPRF-GO";"DEL01-GO";"UOP02-DEL01-GO"
360839;2021-05-29;"sábado";"21:20:00";"PR";376;181,7;"MARINGA";"Manobra de mudança de faixa";"Colisão lateral mesmo sentido";"Com Vítimas Feridas";"Plena Noite";"Decrescente";"Nublado";"Dupla";"Reta";"Sim";3;0;1;1;1;0;2;2;-23,43197477;-51,88671852;"SPRF-PR";"DEL09-PR";"UOP01-DEL09-PR"
360880;2021-05-29;"sábado";"17:10:00";"MT";174;255;"VALE DE SAO DOMINGOS";"Demais falhas mecânicas ou elétricas";"Incêndio";"Sem Vítimas";"Pleno dia";"Decrescente";"Céu Claro";"Simples";"Reta";"Sim";2;0;0;0;1;2;0;3;-15,45717878;-59,09780256;"SPRF-MT";"DEL04-MT";"UOP01-DEL04-MT"
360890;2021-05-30;"domingo";"01:50:00";"GO";153;70,8;"PORANGATU";"Acessar a via sem observar a presença dos outros veículos";"Colisão transversal";"Com Vítimas Fatais";"Plena Noite";"Decrescente";"Céu Claro";"Simples";"Interseção de Vias";"Sim";4;1;0;1;1;2;1;4;-13,450082;-49,134861;"SPRF-GO";"DEL07-GO";"UOP01-DEL07-GO"
360894;2021-05-30;"domingo";"01:40:00";"SC";101;146;"ITAPEMA";"Ingestão de álcool pelo condutor";"Colisão lateral mesmo sentido";"Sem Vítimas";"Plena Noite";"Decrescente";"Céu Claro";"Dupla";"Reta";"Não";2;0;0;0;2;0;0;2;-27,08666525;-48,60955587;"SPRF-SC";"DEL04-SC";"UOP03-DEL04-SC"
360898;2021-05-30;"domingo";"00:15:00";"MG";262;745;"PERDIZES";"Condutor Dormindo";"Colisão traseira";"Com Vítimas Feridas";"Plena Noite";"Decrescente";"Nublado";"Simples";"Aclive;Reta";"Não";2;0;0;1;1;0;1;2;-19,61792704;-47,46789598;"SPRF-MG";"DEL08-MG";"UOP01-DEL08-MG"
360899;2021-05-30;"domingo";"02:15:00";"RS";386;270,6;"FONTOURA XAVIER";"Acessar a via sem observar a presença dos outros veículos";"Colisão transversal";"Com Vítimas Fatais";"Plena Noite";"Crescente";"Céu Claro";"Simples";"Reta;Interseção de Vias";"Sim";5;2;1;0;2;0;1;2;-28,97789481;-52,36780286;"SPRF-RS";"DEL04-RS";"UOP03-DEL04-RS"
360901;2021-05-30;"domingo";"01:30:00";"AP";156;607;"CALCOENE";"Ingestão de álcool e/ou substâncias psicoativas pelo pedestre";"Atropelamento de Pedestre";"Com Vítimas Fatais";"Plena Noite";"Crescente";"Ignorado";"Simples";"Reta";"Não";3;1;0;0;0;2;0;3;2,50103746;-50,99924493;"SPRF-AP";"DEL01-AP";"UOP01-DEL01-AP"
360903;2021-05-30;"domingo";"03:30:00";"SE";101;17,3;"SAO FRANCISCO";"Condutor Dormindo";"Colisão com objeto";"Com Vítimas Feridas";"Plena Noite";"Decrescente";"Chuva";"Dupla";"Declive;Curva";"Não";2;0;1;0;0;1;1;2;-10,33831807;-36,89396364;"SPRF-SE";"DEL02-SE";"UOP02-DEL02-SE"
360904;2021-05-30;"domingo";"03:30:00";"PA";10;317;"IRITUIA";"Entrada inopinada do pedestre";"Atropelamento de Pedestre";"Com Vítimas Fatais";"Plena Noite";"Decrescente";"Nublado";"Simples";"Reta";"Não";2;1;0;0;0;1;0;2;-1,65914611;-47,49362371;"SPRF-PA";"DEL01-PA";"UOP02-DEL01-PA"
360924;2021-05-30;"domingo";"02:00:00";"BA";116;248;"QUIJINGUE";"Reação tardia ou ineficiente do condutor";"Colisão lateral sentido oposto";"Com Vítimas Feridas";"Plena Noite";"Decrescente";"Nevoeiro/Neblina";"Simples";"Reta";"Não";1;0;1;0;0;0;1;1;-10,75939591;-38,90206181;"SPRF-BA";"DEL07-BA";"UOP02-DEL07-BA"
360927;2021-05-30;"domingo";"04:30:00";"BA";116;248;"QUIJINGUE";"Transitar na contramão";"Colisão lateral sentido oposto";"Sem Vítimas";"Plena Noite";"Decrescente";"Céu Claro";"Simples";"Reta";"Não";4;0;0;0;3;1;0;2;-10,75939591;-38,90206181;"SPRF-BA";"DEL07-BA";"UOP02-DEL07-BA"
360928;2021-05-30;"domingo";"08:00:00";"MG";381;921,3;"CAMANDUCAIA";"Reação tardia ou ineficiente do condutor";"Tombamento";"Com Vítimas Feridas";"Pleno dia";"Crescente";"Céu Claro";"Dupla";"Curva";"Não";2;0;1;0;0;1;1;2;-22,7680939;-46,20854399;"SPRF-MG";"DEL16-MG";"UOP03-DEL16-MG"
360929;2021-05-30;"domingo";"08:05:00";"SP";116;504,6;"CAJATI";"Pista Escorregadia";"Colisão com objeto";"Sem Vítimas";"Pleno dia";"Decrescente";"Chuva";"Dupla";"Curva";"Não";3;0;0;0;2;1;0;3;-24,78266496;-48,20865858;"SPRF-SP";"DEL05-SP";"UOP02-DEL05-SP"
360934;2021-05-30;"domingo";"07:45:00";"MG";251;425;"GRAO MOGOL";"Carga excessiva e/ou mal acondicionada";"Derramamento de carga";"Com Vítimas Feridas";"Pleno dia";"Crescente";"Céu Claro";"Simples";"Curva";"Não";3;0;0;1;1;2;1;4;-16,32542814;-43,12377194;"SPRF-MG";"DEL12-MG";"UOP01-DEL12-MG"
360938;2021-05-28;"sexta-feira";"10:40:00";"PA";163;555;"TRAIRAO";"Ausência de reação do condutor";"Saída de leito carroçável";"Com Vítimas Fatais";"Pleno dia";"Crescente";"Céu Claro";"Simples";"Reta";"Não";3;1;0;0;0;4;0;5;-5,153225;-56,087845;"SPRF-PA";"DEL05-PA";"UOP01-DEL05-PA"
360942;2021-03-19;"sexta-feira";"20:15:00";"GO";158;260;"JATAI";"Reação tardia ou ineficiente do condutor";"Colisão frontal";"Com Vítimas Fatais";"Plena Noite";"Decrescente";"Céu Claro";"Simples";"Declive";"Não";7;4;0;2;0;2;2;4;-17,81014399;-51,78775018;"SPRF-GO";"DEL05-GO";"UOP01-DEL05-GO"
360943;2021-05-23;"domingo";"00:45:00";"PE";232;394,3;"SERRA TALHADA";"Manobra de mudança de faixa";"Colisão frontal";"Com Vítimas Feridas";"Plena Noite";"Decrescente";"Céu Claro";"Simples";"Reta";"Não";3;0;2;0;1;0;2;2;-8,02740225;-38,17500114;"SPRF-PE";"DEL04-PE";"UOP01-DEL04-PE"
360946;2021-05-30;"domingo";"08:30:00";"SP";116;508,6;"CAJATI";"Obstrução na via";"Colisão traseira";"Com Vítimas Feridas";"Pleno dia";"Decrescente";"Chuva";"Simples";"Curva";"Não";2;0;1;0;1;0;1;2;-24,81333299;-48,21310484;"SPRF-SP";"DEL05-SP";"UOP02-DEL05-SP"
360951;2021-05-27;"quinta-feira";"07:27:00";"MG";153;190;"FRUTAL";"Pista esburacada";"Tombamento";"Com Vítimas Feridas";"Pleno dia";"Decrescente";"Céu Claro";"Simples";"Reta";"Não";2;0;1;0;0;1;1;2;-19,94033745;-48,95790887;"SPRF-MG";"DEL13-MG";"UOP02-DEL13-MG"
360954;2021-05-30;"domingo";"11:40:00";"SP";381;54;"MAIRIPORA";"Reação tardia ou ineficiente do condutor";"Colisão traseira";"Com Vítimas Fatais";"Pleno dia";"Crescente";"Céu Claro";"Dupla";"Reta";"Não";4;2;0;0;1;2;0;4;-23,2449074;-46,59562343;"SPRF-SP";"DEL03-SP";"UOP01-DEL03-SP"
360955;2021-05-11;"terça-feira";"13:20:00";"MA";222;618;"ACAILANDIA";"Declive acentuado";"Saída de leito carroçável";"Com Vítimas Fatais";"Pleno dia";"Crescente";"Céu Claro";"Simples";"Declive";"Não";2;1;0;0;0;1;0;2;-4,73440649;-47,02301151;"SPRF-MA";"DEL04-MA";"UOP03-DEL04-MA"
360959;2021-04-15;"quinta-feira";"15:00:00";"PE";428;108;"SANTA MARIA DA BOA VISTA";"Mal súbito do condutor";"Colisão lateral sentido oposto";"Com Vítimas Feridas";"Pleno dia";"Crescente";"Céu Claro";"Simples";"Reta";"Não";3;0;2;0;0;1;2;3;-8,87327346;-40,01846372;"SPRF-PE";"DEL06-PE";"UOP03-DEL06-PE"
360963;2021-02-12;"sexta-feira";"14:20:00";"MG";251;280,8;"SALINAS";"Acessar a via sem observar a presença dos outros veículos";"Colisão transversal";"Com Vítimas Feridas";"Pleno dia";"Decrescente";"Céu Claro";"Simples";"Reta";"Não";4;0;0;2;2;0;2;2;-16,03203628;-42,10805393;"SPRF-MG";"DEL11-MG";"UOP02-DEL11-MG"
360964;2021-05-30;"domingo";"11:15:00";"BA";116;781;"PLANALTO";"Velocidade Incompatível";"Saída de leito carroçável";"Com Vítimas Feridas";"Pleno dia";"Decrescente";"Céu Claro";"Simples";"Reta";"Não";1;0;0;1;0;0;1;1;-14,677589;-40,508735;"SPRF-BA";"DEL08-BA";"UOP02-DEL08-BA"
360970;2021-05-30;"domingo";"13:18:00";"MG";459;17,3;"CALDAS";"Curva acentuada";"Saída de leito carroçável";"Com Vítimas Feridas";"Pleno dia";"Crescente";"Céu Claro";"Simples";"Declive;Curva";"Não";2;0;0;1;0;1;1;2;-21,865714;-46,421462;"SPRF-MG";"DEL09-MG";"UOP01-DEL09-MG"
360974;2021-05-30;"domingo";"14:40:00";"PR";376;218,7;"JANDAIA DO SUL";"Avarias e/ou desgaste excessivo no pneu";"Colisão frontal";"Com Vítimas Fatais";"Pleno dia";"Crescente";"Chuva";"Simples";"Curva";"Não";3;2;0;0;1;0;0;2;-23,59717604;-51,615043;"SPRF-PR";"DEL09-PR";"UOP01-DEL09-PR"
360976;2021-01-22;"sexta-feira";"05:20:00";"PI";343;243;"CAMPO MAIOR";"Condutor deixou de manter distância do veículo da frente";"Colisão traseira";"Com Vítimas Feridas";"Amanhecer";"Crescente";"Céu Claro";"Simples";"Reta";"Não";3;0;1;0;0;2;1;3;-4,670867;-42,075726;"SPRF-PI";"DEL01-PI";"UOP03-DEL01-PI"
360982;2021-05-30;"domingo";"10:15:00";"TO";153;501,1;"PARAISO DO TOCANTINS";"Demais falhas mecânicas ou elétricas";"Colisão lateral mesmo sentido";"Sem Vítimas";"Pleno dia";"Decrescente";"Céu Claro";"Simples";"Reta";"Não";2;0;0;0;2;0;0;2;-10,20951418;-48,87409438;"SPRF-TO";"DEL01-TO";"UOP01-DEL01-TO"
360987;2021-05-30;"domingo";"06:30:00";"MA";230;80;"SAO JOAO DOS PATOS";"Curva acentuada";"Tombamento";"Com Vítimas Feridas";"Pleno dia";"Decrescente";"Céu Claro";"Simples";"Curva";"Não";3;0;2;0;0;2;2;3;-6,48823939;-43,60143507;"SPRF-PI";"DEL03-PI";"UOP01-DEL03-PI"
360994;2021-05-10;"segunda-feira";"21:27:00";"PA";163;992;"SANTAREM";"Acumulo de areia ou detritos sobre o pavimento";"Derramamento de carga";"Com Vítimas Feridas";"Plena Noite";"Crescente";"Céu Claro";"Simples";"Reta";"Não";5;0;0;1;3;1;1;2;-2,517016;-54,722849;"SPRF-PA";"DEL05-PA";"UOP01-DEL05-PA"
360996;2021-05-30;"domingo";"16:20:00";"RS";468;3,9;"PALMEIRA DAS MISSOES";"Demais falhas mecânicas ou elétricas";"Tombamento";"Com Vítimas Feridas";"Pleno dia";"Crescente";"Céu Claro";"Simples";"Interseção de Vias";"Não";2;0;1;0;0;1;1;2;-27,86639553;-53,33450317;"SPRF-RS";"DEL08-RS";"UOP01-DEL08-RS"
361000;2021-05-30;"domingo";"17:40:00";"MG";365;27,6;"MONTES CLAROS";"Condutor deixou de manter distância do veículo da frente";"Colisão traseira";"Com Vítimas Feridas";"Anoitecer";"Crescente";"Céu Claro";"Simples";"Reta";"Não";4;0;0;1;1;2;1;4;-16,84484393;-44,10249905;"SPRF-MG";"DEL12-MG";"UOP01-DEL12-MG"
361006;2021-05-30;"domingo";"17:30:00";"RJ";393;133;"SAPUCAIA";"Transitar na contramão";"Colisão frontal";"Sem Vítimas";"Anoitecer";"Decrescente";"Chuva";"Simples";"Reta";"Sim";2;0;0;0;2;0;0;2;-21,9787375;-42,89119628;"SPRF-RJ";"DEL05-RJ";"UOP01-DEL05-RJ"
361007;2021-05-30;"domingo";"18:00:00";"SC";280;262;"IRINEOPOLIS";"Ultrapassagem Indevida";"Colisão frontal";"Com Vítimas Feridas";"Plena Noite";"Crescente";"Céu Claro";"Dupla";"Reta";"Não";5;0;1;0;1;3;1;4;-26,2622463;-50,65819899;"SPRF-SC";"DEL06-SC";"UOP04-DEL06-SC"
361022;2021-05-30;"domingo";"18:00:00";"MG";267;156,3;"LIMA DUARTE";"Transitar na contramão";"Colisão frontal";"Sem Vítimas";"Anoitecer";"Decrescente";"Chuva";"Simples";"Reta";"Não";3;0;0;0;2;1;0;3;-21,83593852;-43,7741484;"SPRF-MG";"DEL05-MG";"UOP01-DEL05-MG"