"id";"data_inversa";"dia_semana";"horario";"uf";"br";"km";"municipio";"causa_acidente";"tipo_acidente";"classificacao_acidente";"fase_dia";"sentido_via";"condicao_metereologica";"tipo_pista";"tracado_via";"uso_solo";"pessoas";"mortos";"feridos_leves";"feridos_graves";"ilesos";"ignorados";"feridos";"veiculos";"latitude";"longitude";"regional";"delegacia";"uop"
361033;2021-05-30;"domingo";"19:50:00";"PR";277;167,3;"PALMEIRA";"Ausência de reação do condutor";"Colisão frontal";"Com Vítimas Fatais";"Plena Noite";"Crescente";"Nublado";"Simples";"Curva;Aclive";"Não";3;1;0;0;1;1;0;3;-25,46815033;-49,9043132;"SPRF-PR";"DEL01-PR";"UOP03-DEL03-PR"
361040;2021-05-30;"domingo";"16:40:00";"PR";153;460;"UNIAO DA VITORIA";"Problema com o freio";"Tombamento";"Com Vítimas Fatais";"Pleno dia";"Decrescente";"Céu Claro";"Simples";"Curva";"Não";5;2;0;0;1;3;0;5;-26,23368611;-51,14959717;"SPRF-PR";"DEL02-PR";"UOP03-DEL02-PR"
361048;2021-05-30;"domingo";"18:20:00";"GO";70;364;"ARAGARCAS";"Ultrapassagem Indevida";"Saída de leito carroçável";"Com Vítimas Feridas";"Plena Noite";"Decrescente";"Céu Claro";"Simples";"Declive";"Não";3;0;2;0;0;2;2;3;-15,90586683;-52,14385986;"SPRF-GO";"DEL04-GO";"UOP01-DEL04-GO"
361059;2021-05-29;"sábado";"19:35:00";"PI";135;599;"CORRENTE";"Acostamento em desnível";"Saída de leito carroçável";"Com Vítimas Feridas";"Plena Noite";"Decrescente";"Céu Claro";"Simples";"Reta";"Não";1;0;1;0;0;0;1;1;-10,50999002;-45,18483182;"SPRF-PI";"DEL03-PI";"UOP02-DEL03-PI"
361066;2021-05-30;"domingo";"22:20:00";"MG";365;463;"PATROCINIO";"Pista esburacada";"Tombamento";"Com Vítimas Fatais";"Plena Noite";"Crescente";"Céu Claro";"Simples";"Aclive;Reta";"Não";5;1;0;0;0;4;0;3;-18,88819819;-46,93189859;"SPRF-MG";"DEL10-MG";"UOP01-DEL10-MG"
361071;2021-05-30;"domingo";"19:30:00";"PA";10;174;"PARAGOMINAS";"Reação tardia ou ineficiente do condutor";"Colisão traseira";"Com Vítimas Feridas";"Plena Noite";"Decrescente";"Céu Claro";"Simples";"Reta";"Não";4;0;0;2;1;1;2;3;-2,91207988;-47,43769746;"SPRF-PA";"DEL02-PA";"UOP01-DEL02-PA"
361072;2021-05-30;"domingo";"21:15:00";"MG";50;155;"UBERABA";"Demais falhas mecânicas ou elétricas";"Saída de leito carroçável";"Com Vítimas Feridas";"Plena Noite";"Crescente";"Céu Claro";"Dupla";"Aclive";"Não";3;0;1;0;1;2;1;3;-19,60825703;-48,02198508;"SPRF-MG";"DEL13-MG";"UOP01-DEL13-MG"
361084;2021-05-30;"domingo";"23:40:00";"RS";116;653,5;"JAGUARAO";"Ausência de reação do condutor";"Colisão lateral sentido oposto";"Com Vítimas Feridas";"Plena Noite";"Crescente";"Céu Claro";"Dupla";"Declive";"Sim";5;0;1;1;3;0;2;4;-32,54174763;-53,36736825;"SPRF-RS";"DEL07-RS";"UOP03-DEL07-RS"
361092;2021-05-30;"domingo";"23:55:00";"RS";285;414,2;"PANAMBI";"Carga excessiva e/ou mal acondicionada";"Derramamento de carga";"Sem Vítimas";"Plena Noite";"Crescente";"Céu Claro";"Simples";"Viaduto";"Não";2;0;0;0;1;1;0;2;-28,35005225;-53,50088596;"SPRF-RS";"DEL10-RS";"UOP02-DEL10-RS"
361096;2021-05-31;"segunda-feira";"02:50:00";"RJ";116;247;"PIRAI";"Reação tardia ou ineficiente do condutor";"Tombamento";"Sem Vítimas";"Plena Noite";"Decrescente";"Nevoeiro/Neblina";"Dupla";"Curva";"Não";2;0;0;0;1;1;0;2;-22,57811423;-43,98548126;"SPRF-RJ";"DEL07-RJ";"UOP01-DEL07-RJ"
361099;2021-05-14;"sexta-feira";"19:50:00";"SC";101;361;"SANGAO";"Acessar a via sem observar a presença dos outros veículos";"Colisão transversal";"Com Vítimas Fatais";"Plena Noite";"Crescente";"Céu Claro";"Dupla";"Declive;Reta";"Não";6;1;0;0;4;1;0;3;-28,6718745;-49,1226356;"SPRF-SC";"DEL02-SC";"UOP01-DEL02-SC"
361100;2021-05-31;"segunda-feira";"04:15:00";"MT";163;682;"LUCAS DO RIO VERDE";"Condutor Dormindo";"Colisão lateral sentido oposto";"Com Vítimas Feridas";"Pleno dia";"Crescente";"Nublado";"Simples";"Reta";"Não";3;0;0;1;1;6;1;8;-13,1999472;-55,99347257;"SPRF-MT";"DEL06-MT";"UOP01-DEL06-MT"
361116;2021-05-31;"segunda-feira";"02:45:00";"SC";116;107;"SANTA CECILIA";"Velocidade Incompatível";"Tombamento";"Sem Vítimas";"Plena Noite";"Decrescente";"Céu Claro";"Simples";"Curva";"Não";1;0;0;0;1;0;0;1;-26,75568818;-50,32812388;"SPRF-SC";"DEL06-SC";"UOP02-DEL06-SC"
361117;2021-05-31;"segunda-feira";"07:20:00";"PE";101;127,8;"ESCADA";"Reação tardia ou ineficiente do condutor";"Atropelamento de Pedestre";"Com Vítimas Feridas";"Pleno dia";"Decrescente";"Sol";"Dupla";"Reta";"Sim";3;0;0;2;1;0;2;2;-8,37472564;-35,23663257;"SPRF-PE";"DEL01-PE";"UOP01-DEL01-PE"
361121;2021-05-31;"segunda-feira";"06:25:00";"SC";280;37,1;"ARAQUARI";"Desvio temporário";"Colisão lateral sentido oposto";"Sem Vítimas";"Amanhecer";"Crescente";"Garoa/Chuvisco";"Simples";"Declive;Curva;Desvio Temporário";"Não";2;0;0;0;2;0;0;2;-26,44572892;-48,81862707;"SPRF-SC";"DEL03-SC";"UOP03-DEL03-SC"
361128;2021-05-31;"segunda-feira";"07:10:00";"MT";163;514;"VARZEA GRANDE";"Condutor desrespeitou a iluminação vermelha do semáforo";"Colisão lateral sentido oposto";"Com Vítimas Feridas";"Pleno dia";"Decrescente";"Sol";"Simples";"Reta";"Sim";2;0;1;0;1;0;1;2;-15,70602919;-56,13178074;"SPRF-MT";"DEL01-MT";"UOP01-DEL01-MT"
361135;2021-05-31;"segunda-feira";"08:20:00";"RS";386;440;"NOVA SANTA RITA";"Manobra de mudança de faixa";"Colisão lateral mesmo sentido";"Com Vítimas Feridas";"Pleno dia";"Crescente";"Céu Claro";"Dupla";"Reta";"Não";5;0;1;0;4;0;1;2;-29,87752737;-51,24289513;"SPRF-RS";"DEL01-RS";"UOP01-DEL01-RS"
361147;2021-05-31;"segunda-feira";"10:00:00";"PR";373;183,1;"PONTA GROSSA";"Desrespeitar a preferência no cruzamento";"Colisão transversal";"Com Vítimas Fatais";"Pleno dia";"Decrescente";"Nublado";"Dupla";"Interseção de Vias";"Sim";4;1;1;0;1;2;1;5;-25,03947939;-50,27820295;"SPRF-PR";"DEL03-PR";"UOP01-DEL03-PR"
361148;2021-05-18;"terça-feira";"12:15:00";"MA";222;675,5;"ACAILANDIA";"Acessar a via sem observar a presença dos outros veículos";"Colisão transversal";"Com Vítimas Feridas";"Pleno dia";"Decrescente";"Céu Claro";"Simples";"Reta";"Não";2;0;1;0;1;0;1;2;-4,95408651;-47,50300884;"SPRF-MA";"DEL04-MA";"UOP03-DEL04-MA"
361155;2021-05-31;"segunda-feira";"09:50:00";"BA";101;244;"CONCEICAO DO ALMEIDA";"Demais falhas mecânicas ou elétricas";"Saída de leito carroçável";"Com Vítimas Feridas";"Pleno dia";"Decrescente";"Céu Claro";"Simples";"Curva";"Não";1;0;1;0;0;0;1;1;-12,984957;-39,291156;"SPRF-BA";"DEL01-BA";"UOP02-DEL01-BA"
361162;2021-04-02;"sexta-feira";"03:00:00";"GO";20;210;"POSSE";"Acostamento em desnível";"Tombamento";"Sem Vítimas";"Plena Noite";"Decrescente";"Nublado";"Simples";"Reta";"Não";2;0;0;0;1;2;0;3;-14,268924;-46,380203;"SPRF-DF";"DEL02-DF";"UOP03-DEL02-DF"
361163;2021-05-31;"segunda-feira";"11:30:00";"AL";316;263;"SATUBA";"Entrada inopinada do pedestre";"Atropelamento de Pedestre";"Com Vítimas Feridas";"Pleno dia";"Decrescente";"Céu Claro";"Simples";"Reta";"Não";2;0;1;0;1;0;1;2;-9,58758215;-35,878014;"SPRF-AL";"DEL02-AL";"UOP01-DEL02-AL"
361166;2021-05-31;"segunda-feira";"08:55:00";"PA";10;354;"SANTA MARIA DO PARA";"Condutor desrespeitou a iluminação vermelha do semáforo";"Colisão transversal";"Com Vítimas Feridas";"Pleno dia";"Decrescente";"Nublado";"Simples";"Interseção de Vias";"Sim";3;0;1;0;2;0;1;2;-1,3506139;-47,57642269;"SPRF-PA";"DEL01-PA";"UOP02-DEL01-PA"
361168;2021-05-31;"segunda-feira";"09:45:00";"RR";401;1;"BOA VISTA";"Ultrapassagem Indevida";"Colisão com objeto";"Sem Vítimas";"Pleno dia";"Crescente";"Céu Claro";"Múltipla";"Reta";"Sim";2;0;0;0;2;0;0;2;2,8022939629;-60,6824340192;"SPRF-RR";"DEL01-RR";"UOP01-DEL01-RR"
361174;2021-05-31;"segunda-feira";"12:25:00";"RS";386;350,4;"ESTRELA";"Manobra de mudança de faixa";"Colisão lateral mesmo sentido";"Com Vítimas Feridas";"Pleno dia";"Crescente";"Céu Claro";"Dupla";"Reta";"Sim";3;0;1;0;1;1;1;3;-29,4743;-51,952923;"SPRF-RS";"DEL04-RS";"UOP02-DEL04-RS"
361178;2021-05-31;"segunda-feira";"12:50:00";"TO";153;490;"PARAISO DO TOCANTINS";"Ultrapassagem Indevida";"Colisão lateral mesmo sentido";"Com Vítimas Feridas";"Pleno dia";"Crescente";"Sol";"Simples";"Curva";"Não";5;0;0;2;2;3;2;5;-10,12486384;-48,88412526;"SPRF-TO";"DEL01-TO";"UOP01-DEL01-TO"
361180;2021-05-31;"segunda-feira";"13:40:00";"RS";392;1;"RIO GRANDE";"Demais falhas mecânicas ou elétricas";"Saída de leito carroçável";"Sem Vítimas";"Pleno dia";"Decrescente";"Céu Claro";"Simples";"Curva";"Sim";2;0;0;0;1;1;0;2;-32,04971607;-52,0850122;"SPRF-RS";"DEL07-RS";"UOP02-DEL07-RS"
361181;2021-05-31;"segunda-feira";"13:00:00";"RJ";116;184;"NOVA IGUACU";"Manobra de mudança de faixa";"Colisão lateral mesmo sentido";"Com Vítimas Feridas";"Pleno dia";"Crescente";"Nublado";"Dupla";"Reta";"Sim";5;0;1;0;3;1;1;3;-22,74647215;-43,44594311;"SPRF-RJ";"DEL01-RJ";"UOP02-DEL01-RJ"
361183;2021-05-26;"quarta-feira";"15:10:00";"ES";262;19,5;"VIANA";"Transitar na contramão";"Colisão frontal";"Com Vítimas Feridas";"Pleno dia";"Decrescente";"Céu Claro";"Simples";"Ponte";"Sim";4;0;0;1;2;1;1;3;-20,3919143;-40,49002338;"SPRF-ES";"DEL01-ES";"UOP01-DEL01-ES"
361192;2021-05-31;"segunda-feira";"13:30:00";"GO";60;38;"APARECIDA DE GOIANIA";"Velocidade Incompatível";"Tombamento";"Com Vítimas Feridas";"Pleno dia";"Decrescente";"Sol";"Dupla";"Rotatória";"Sim";1;0;1;0;0;0;1;1;-16,8101;-49,2397;"SPRF-GO";"DEL01-GO";"UOP02-DEL01-GO"
361195;2021-04-29;"quinta-feira";"19:08:00";"MG";365;719;"MONTE ALEGRE DE MINAS";"Deficiência do Sistema de Iluminação/Sinalização";"Colisão traseira";"Com Vítimas Fatais";"Plena Noite";"Crescente";"Céu Claro";"Simples";"Aclive";"Não";4;2;0;0;0;2;0;3;-18,8804282;-49,177902;"SPRF-MG";"DEL15-MG";"UOP03-DEL15-MG"
361199;2021-05-31;"segunda-feira";"14:45:00";"BA";101;703;"EUNAPOLIS";"Velocidade Incompatível";"Tombamento";"Com Vítimas Feridas";"Pleno dia";"Decrescente";"Céu Claro";"Simples";"Curva";"Não";2;0;1;0;0;1;1;2;-16,267098;-39,58478;"SPRF-BA";"DEL09-BA";"UOP01-DEL09-BA"
361202;2021-04-03;"sábado";"15:55:00";"MT";163;526;"DIAMANTINO";"Manobra de mudança de faixa";"Capotamento";"Com Vítimas Feridas";"Pleno dia";"Crescente";"Céu Claro";"Simples";"Reta";"Não";3;0;1;1;0;1;2;2;-14,48054488;-56,1698311;"SPRF-MT";"DEL01-MT";"UOP01-DEL01-MT"
361204;2021-05-31;"segunda-feira";"06:20:00";"MG";365;9,2;"MONTES CLAROS";"Velocidade Incompatível";"Derramamento de carga";"Sem Vítimas";"Amanhecer";"Decrescente";"Céu Claro";"Simples";"Curva";"Não";2;0;0;0;1;1;0;2;-16,83452;-43,943562;"SPRF-MG";"DEL12-MG";"UOP01-DEL12-MG"
361210;2021-05-31;"segunda-feira";"11:55:00";"BA";242;225;"ITABERABA";"Reação tardia ou ineficiente do condutor";"Colisão com objeto";"Sem Vítimas";"Pleno dia";"Decrescente";"Sol";"Simples";"Reta";"Sim";2;0;0;0;1;1;0;2;-12,520196;-40,278976;"SPRF-BA";"DEL06-BA";"UOP02-DEL06-BA"
361221;2021-05-31;"segunda-feira";"17:00:00";"MG";262;461;"ARAUJOS";"Condutor deixou de manter distância do veículo da frente";"Colisão traseira";"Sem Vítimas";"Anoitecer";"Decrescente";"Chuva";"Simples";"Declive";"Não";4;0;0;0;3;1;0;2;-19,80934616;-45,11741638;"SPRF-MG";"DEL08-MG";"UOP03-DEL08-MG"
361226;2021-05-31;"segunda-feira";"17:24:00";"RS";471;639;"CHUI";"Reação tardia ou ineficiente do condutor";"Colisão transversal";"Com Vítimas Feridas";"Anoitecer";"Crescente";"Céu Claro";"Simples";"Interseção de Vias";"Não";3;0;0;1;1;1;1;3;-33,68053747;-53,4486776;"SPRF-RS";"DEL07-RS";"UOP04-DEL07-RS"
361227;2021-03-13;"sábado";"20:30:00";"PE";101;42,6;"IGARASSU";"Manobra de mudança de faixa";"Colisão transversal";"Com Vítimas Feridas";"Plena Noite";"Decrescente";"Vento";"Múltipla";"Declive";"Sim";16;0;12;2;2;0;14;2;-7,83887431;-34,91196739;"SPRF-PE";"DEL01-PE";"UOP02-DEL01-PE"
361231;2021-05-31;"segunda-feira";"17:45:00";"GO";60;83;"ANAPOLIS";"Ingestão de álcool pelo condutor";"Colisão traseira";"Com Vítimas Feridas";"Anoitecer";"Crescente";"Céu Claro";"Dupla";"Aclive;Reta";"Não";3;0;0;1;1;1;1;3;-16,3149;-48,846;"SPRF-GO";"DEL02-GO";"UOP01-DEL02-GO"
361240;2021-05-31;"segunda-feira";"17:11:00";"TO";226;28;"PALMEIRAS DO TOCANTINS";"Velocidade Incompatível";"Colisão lateral sentido oposto";"Com Vítimas Feridas";"Pleno dia";"Crescente";"Céu Claro";"Simples";"Reta";"Não";3;0;1;0;1;2;1;4;-6,646615;-47,684166;"SPRF-TO";"DEL02-TO";"UOP03-DEL02-TO"
361246;2021-05-31;"segunda-feira";"17:00:00";"PR";277;502,7;"GUARANIACU";"Velocidade Incompatível";"Tombamento";"Com Vítimas Feridas";"Anoitecer";"Crescente";"Céu Claro";"Simples";"Curva";"Não";1;0;1;0;0;0;1;1;-25,15665106;-52,69694215;"SPRF-PR";"DEL04-PR";"UOP01-DEL04-PR"
361249;2021-05-31;"segunda-feira";"14:30:00";"MA";135;102;"ITAPECURU MIRIM";"Condutor deixou de manter distância do veículo da frente";"Colisão traseira";"Sem Vítimas";"Pleno dia";"Decrescente";"Sol";"Simples";"Reta";"Não";3;0;0;0;3;0;0;3;-3,37557494;-44,48431806;"SPRF-MA";"DEL01-MA";"UOP02-DEL01-MA"
361250;2021-05-31;"segunda-feira";"18:40:00";"DF";40;4;"BRASILIA";"Ausência de reação do condutor";"Colisão traseira";"Com Vítimas Feridas";"Plena Noite";"Decrescente";"Céu Claro";"Dupla";"Reta";"Sim";2;0;1;0;1;0;1;2;-16,012033;-47,982124;"SPRF-DF";"DEL01-DF";"UOP01-DEL01-DF"
361255;2021-05-31;"segunda-feira";"19:00:00";"GO";60;31,8;"ALEXANIA";"Acessar a via sem observar a presença dos outros veículos";"Colisão lateral mesmo sentido";"Sem Vítimas";"Plena Noite";"Decrescente";"Céu Claro";"Dupla";"Reta";"Sim";2;0;0;0;2;0;0;2;-16,089965;-48,501985;"SPRF-DF";"DEL03-DF";"UOP01-DEL03-DF"
361264;2021-05-31;"segunda-feira";"18:10:00";"PR";272;412,6;"JANIOPOLIS";"Ingestão de álcool pelo condutor";"Colisão frontal";"Com Vítimas Fatais";"Anoitecer";"Crescente";"Céu Claro";"Simples";"Reta";"Não";2;1;1;0;0;0;1;2;-24,1322243;-52,80424118;"SPRF-PR";"DEL09-PR";"UOP03-DEL09-PR"
361268;2021-05-31;"segunda-feira";"19:30:00";"BA";242;659;"MUQUEM DE SAO FRANCISCO";"Demais falhas mecânicas ou elétricas";"Incêndio";"Sem Vítimas";"Plena Noite";"Decrescente";"Céu Claro";"Simples";"Reta;Declive";"Não";2;0;0;0;1;2;0;3;-12,2263707;-43,8315033;"SPRF-BA";"DEL06-BA";"UOP03-DEL06-BA"
361269;2021-05-31;"segunda-feira";"17:45:00";"MS";163;217;"CAARAPO";"Condutor usando celular";"Colisão frontal";"Com Vítimas Feridas";"Plena Noite";"Crescente";"Céu Claro";"Simples";"Reta";"Não";3;0;0;1;1;1;1;3;-22,56184589;-54,82688586;"SPRF-MS";"DEL04-MS";"UOP02-DEL04-MS"
361272;2021-05-31;"segunda-feira";"15:10:00";"MA";10;153;"PORTO FRANCO";"Condutor deixou de manter distância do veículo da frente";"Colisão traseira";"Com Vítimas Feridas";"Pleno dia";"Decrescente";"Céu Claro";"Simples";"Reta";"Não";6;0;1;0;4;1;1;3;-6,382564;-47,3829;"SPRF-MA";"DEL04-MA";"UOP02-DEL04-MA"
361279;2021-05-31;"segunda-feira";"20:17:00";"MG";365;601;"UBERLANDIA";"Demais falhas mecânicas ou elétricas";"Colisão traseira";"Com Vítimas Feridas";"Plena Noite";"Crescente";"Céu Claro";"Simples";"Declive";"Não";3;0;1;0;1;1;1;3;-18,89301829;-48,13943907;"SPRF-MG";"DEL15-MG";"UOP01-DEL15-MG"
361289;2021-05-31;"segunda-feira";"20:00:00";"GO";153;320,5;"RIANAPOLIS";"Ingestão de álcool pelo condutor";"Colisão lateral sentido oposto";"Com Vítimas Feridas";"Plena Noite";"Decrescente";"Céu Claro";"Simples";"Reta";"Não";2;0;0;1;0;1;1;2;-15,45963652;-49,50130463;"SPRF-GO";"DEL02-GO";"UOP02-DEL02-GO"
361290;2021-05-31;"segunda-feira";"21:00:00";"PE";101;8,6;"GOIANA";"Transitar na contramão";"Colisão frontal";"Com Vítimas Fatais";"Plena Noite";"Decrescente";"Vento";"Dupla";"Reta";"Não";2;1;0;0;0;1;0;2;-7,56898134;-34,98959891;"SPRF-PE";"DEL01-PE";"UOP02-DEL01-PE"
361292;2021-05-31;"segunda-feira";"17:50:00";"PR";376;671;"GUARATUBA";"Ausência de reação do condutor";"Tombamento";"Com Vítimas Feridas";"Amanhecer";"Crescente";"Céu Claro";"Dupla";"Declive";"Não";4;0;2;0;1;1;2;2;-25,885323;-48,935154;"SPRF-PR";"DEL01-PR";"UOP04-DEL01-PR"
361293;2021-05-31;"segunda-feira";"21:30:00";"MT";163;772,9;"SORRISO";"Deficiência do Sistema de Iluminação/Sinalização";"Colisão traseira";"Com Vítimas Feridas";"Plena Noite";"Decrescente";"Céu Claro";"Simples";"Reta";"Não";3;0;1;0;1;3;1;5;-12,395861;-55,61975;"SPRF-MT";"DEL06-MT";"UOP01-DEL06-MT"
361299;2021-06-01;"terça-feira";"00:30:00";"PE";232;13;"JABOATAO DOS GUARARAPES";"Acessar a via sem observar a presença dos outros veículos";"Colisão lateral mesmo sentido";"Com Vítimas Fatais";"Amanhecer";"Decrescente";"Chuva";"Dupla";"Declive";"Não";3;1;0;1;0;1;1;2;-8,08678;-35,005311;"SPRF-PE";"DEL01-PE";"UOP01-DEL01-PE"
361303;2021-05-31;"segunda-feira";"19:30:00";"SC";282;44;"AGUAS MORNAS";"Problema com o freio";"Incêndio";"Sem Vítimas";"Plena Noite";"Decrescente";"Céu Claro";"Simples";"Declive";"Não";1;0;0;0;1;0;0;1;-27,722137;-48,90694;"SPRF-SC";"DEL01-SC";"UOP03-DEL01-SC"
361306;2021-05-07;"sexta-feira";"03:40:00";"SP";116;515,1;"CAJATI";"Reação tardia ou ineficiente do condutor";"Saída de leito carroçável";"Sem Vítimas";"Plena Noite";"Decrescente";"Garoa/Chuvisco";"Simples";"Reta";"Não";1;0;0;0;1;0;0;1;-24,86918913;-48,21066856;"SPRF-SP";"DEL05-SP";"UOP02-DEL05-SP"
361308;2021-06-01;"terça-feira";"05:35:00";"GO";153;490,7;"GOIANIA";"Pedestre cruzava a pista fora da faixa";"Atropelamento de Pedestre";"Com Vítimas Fatais";"Amanhecer";"Crescente";"Nublado";"Dupla";"Reta";"Sim";2;1;0;0;1;0;0;2;-16,6298;-49,2056;"SPRF-GO";"DEL01-GO";"UOP01-DEL01-GO"
361309;2021-06-01;"terça-feira";"05:15:00";"SP";116;388,5;"MIRACATU";"Reação tardia ou ineficiente do condutor";"Colisão traseira";"Com Vítimas Feridas";"Plena Noite";"Decrescente";"Nublado";"Dupla";"Reta";"Não";3;0;0;1;1;2;1;4;-24,26919492;-47,39740603;"SPRF-SP";"DEL04-SP";"UOP02-DEL04-SP"
361310;2021-06-01;"terça-feira";"05:40:00";"MG";365;787,8;"ITUIUTABA";"Velocidade Incompatível";"Tombamento";"Com Vítimas Feridas";"Amanhecer";"Crescente";"Céu Claro";"Simples";"Declive";"Não";2;0;0;1;0;2;1;3;-18,93614458;-49,78864285;"SPRF-MG";"DEL15-MG";"UOP03-DEL15-MG"
361312;2021-06-01;"terça-feira";"06:20:00";"SC";101;162;"TIJUCAS";"Ultrapassagem Indevida";"Colisão lateral mesmo sentido";"Com Vítimas Feridas";"Pleno dia";"Decrescente";"Céu Claro";"Múltipla";"Reta";"Sim";3;0;1;0;1;1;1;3;-27,22554009;-48,6279367;"SPRF-SC";"DEL04-SC";"UOP03-DEL04-SC"
361322;2021-06-01;"terça-feira";"07:50:00";"RS";158;198,7;"CRUZ ALTA";"Acessar a via sem observar a presença dos outros veículos";"Colisão transversal";"Com Vítimas Feridas";"Pleno dia";"Crescente";"Sol";"Simples";"Interseção de Vias";"Sim";4;0;1;1;1;1;2;3;-28,67567861;-53,59403372;"SPRF-RS";"DEL10-RS";"UOP02-DEL10-RS"
361323;2021-05-31;"segunda-feira";"22:30:00";"MG";381;566,9;"ITAGUARA";"Condutor Dormindo";"Saída de leito carroçável";"Com Vítimas Feridas";"Plena Noite";"Decrescente";"Nublado";"Dupla";"Reta";"Não";3;0;1;0;1;1;1;3;-20,402353;-44,511612;"SPRF-MG";"DEL04-MG";"UOP03-DEL04-MG"
361326;2021-06-01;"terça-feira";"07:50:00";"PR";376;440;"TIBAGI";"Velocidade Incompatível";"Tombamento";"Com Vítimas Feridas";"Pleno dia";"Crescente";"Céu Claro";"Dupla";"Curva";"Não";2;0;1;0;0;1;1;2;-24,80544902;-50,48852676;"SPRF-PR";"DEL03-PR";"UOP02-DEL03-PR"
361329;2021-02-07;"domingo";"11:05:00";"MT";163;650;"LUCAS DO RIO VERDE";"Frear bruscamente";"Engavetamento";"Com Vítimas Feridas";"Pleno dia";"Decrescente";"Nublado";"Simples";"Reta";"Não";5;0;2;0;2;1;2;4;-13,379626;-56,085211;"SPRF-MT";"DEL06-MT";"UOP01-DEL06-MT"
361332;2021-06-01;"terça-feira";"07:40:00";"RJ";116;139;"DUQUE DE CAXIAS";"Trafegar com motocicleta (ou similar) entre as faixas";"Tombamento";"Com Vítimas Feridas";"Pleno dia";"Crescente";"Nublado";"Dupla";"Reta";"Sim";2;0;1;0;0;1;1;2;-22,64655224;-43,20138601;"SPRF-RJ";"DEL01-RJ";"UOP01-DEL01-RJ"
361333;2021-06-01;"terça-feira";"08:20:00";"SC";470;89,9;"ASCURRA";"Velocidade Incompatível";"Tombamento";"Com Vítimas Feridas";"Pleno dia";"Decrescente";"Céu Claro";"Simples";"Curva";"Sim";2;0;1;0;0;2;1;3;-26,97162908;-49,36679261;"SPRF-SC";"DEL04-SC";"UOP01-DEL04-SC"
361337;2021-06-01;"terça-feira";"07:15:00";"SC";282;26,9;"SANTO AMARO DA IMPERATRIZ";"Pedestre cruzava a pista fora da faixa";"Atropelamento de Pedestre";"Com Vítimas Feridas";"Pleno dia";"Crescente";"Nevoeiro/Neblina";"Simples";"Curva";"Sim";3;0;0;1;1;1;1;2;-27,680267;-48,762482;"SPRF-SC";"DEL01-SC";"UOP03-DEL01-SC"
361341;2021-05-28;"sexta-feira";"08:45:00";"PR";153;393,6;"MALLET";"Ausência de reação do condutor";"Saída de leito carroçável";"Com Vítimas Feridas";"Pleno dia";"Crescente";"Sol";"Simples";"Curva";"Não";2;0;1;0;0;1;1;2;-25,90691432;-50,83776366;"SPRF-PR";"DEL02-PR";"UOP04-DEL02-PR"
361342;2021-06-01;"terça-feira";"09:50:00";"PR";369;142,6;"IBIPORA";"Manobra de mudança de faixa";"Eventos atípicos";"Com Vítimas Fatais";"Pleno dia";"Decrescente";"Nublado";"Simples";"Reta";"Sim";2;1;1;0;0;0;1;2;-23,29230997;-51,08924369;"SPRF-PR";"DEL07-PR";"UOP01-DEL07-PR"
361352;2021-06-01;"terça-feira";"10:00:00";"MA";10;289;"IMPERATRIZ";"Reação tardia ou ineficiente do condutor";"Colisão lateral mesmo sentido";"Com Vítimas Feridas";"Pleno dia";"Crescente";"Céu Claro";"Simples";"Reta";"Sim";5;0;0;1;3;3;1;6;-5,206996;-47,517876;"SPRF-MA";"DEL04-MA";"UOP01-DEL04-MA"
361355;2021-05-08;"sábado";"23:40:00";"MA";316;611,6;"TIMON";"Deficiência do Sistema de Iluminação/Sinalização";"Colisão com objeto";"Com Vítimas Fatais";"Plena Noite";"Decrescente";"Céu Claro";"Dupla";"Reta";"Não";3;1;0;0;1;1;0;3;-5,072684;-42,868118;"SPRF-MA";"DEL03-MA";"UOP02-DEL03-MA"
361359;2021-06-01;"terça-feira";"11:35:00";"RJ";116;273,5;"BARRA MANSA";"Obras na pista";"Colisão traseira";"Com Vítimas Feridas";"Pleno dia";"Decrescente";"Céu Claro";"Dupla";"Reta";"Não";4;0;1;0;2;1;1;3;-22,56100142;-44,13833993;"SPRF-RJ";"DEL07-RJ";"UOP02-DEL07-RJ"
361360;2021-06-01;"terça-feira";"11:50:00";"RJ";116;26;"SAPUCAIA";"Curva acentuada";"Tombamento";"Com Vítimas Feridas";"Pleno dia";"Crescente";"Céu Claro";"Simples";"Curva";"Não";1;0;1;0;0;0;1;1;-22,04634998;-42,7844458;"SPRF-RJ";"DEL04-RJ";"UOP01-DEL04-RJ"
361366;2021-06-01;"terça-feira";"12:00:00";"MG";40;528;"CONTAGEM";"Manobra de mudança de faixa";"Colisão lateral mesmo sentido";"Com Vítimas Feridas";"Pleno dia";"Crescente";"Nublado";"Múltipla";"Aclive";"Sim";3;0;2;0;1;0;2;2;-19,90883179;-44,04436577;"SPRF-MG";"DEL01-MG";"UOP02-DEL01-MG"
361369;2021-06-01;"terça-feira";"10:20:00";"MG";116;784,3;"LEOPOLDINA";"Condutor usando celular";"Saída de leito carroçável";"Sem Vítimas";"Pleno dia";"Crescente";"Nublado";"Simples";"Reta";"Não";2;0;0;0;1;1;0;2;-21,63888361;-42,70379911;"SPRF-MG";"DEL07-MG";"UOP01-DEL07-MG"