"id";"data_inversa";"dia_semana";"horario";"uf";"br";"km";"municipio";"causa_acidente";"tipo_acidente";"classificacao_acidente";"fase_dia";"sentido_via";"condicao_metereologica";"tipo_pista";"tracado_via";"uso_solo";"pessoas";"mortos";"feridos_leves";"feridos_graves";"ilesos";"ignorados";"feridos";"veiculos";"latitude";"longitude";"regional";"delegacia";"uop"
362443;2021-06-06;"domingo";"17:10:00";"SP";381;45,5;"ATIBAIA";"Reação tardia ou ineficiente do condutor";"Engavetamento";"Com Vítimas Feridas";"Anoitecer";"Crescente";"Céu Claro";"Dupla";"Reta";"Sim";4;0;1;0;2;2;1;5;-23,17274184;-46,57748439;"SPRF-SP";"DEL03-SP";"UOP01-DEL03-SP"
362447;2021-06-06;"domingo";"11:30:00";"MA";135;98;"ITAPECURU MIRIM";"Demais falhas mecânicas ou elétricas";"Tombamento";"Sem Vítimas";"Pleno dia";"Decrescente";"Sol";"Simples";"Reta";"Não";2;0;0;0;1;3;0;4;-3,348353;-44,46035;"SPRF-MA";"DEL01-MA";"UOP02-DEL01-MA"
362460;2021-06-06;"domingo";"18:10:00";"SP";116;178;"GUARAREMA";"Manobra de mudança de faixa";"Colisão lateral mesmo sentido";"Com Vítimas Feridas";"Plena Noite";"Crescente";"Nublado";"Dupla";"Aclive";"Não";5;0;2;0;2;1;2;3;-23,327667;-46,128108;"SPRF-SP";"DEL01-SP";"UOP01-DEL01-SP"
362476;2021-06-06;"domingo";"19:45:00";"ES";262;121,1;"CONCEICAO DO CASTELO";"Velocidade Incompatível";"Tombamento";"Com Vítimas Feridas";"Plena Noite";"Decrescente";"Céu Claro";"Simples";"Curva;Declive";"Não";2;0;0;1;0;1;1;2;-20,29365543;-41,23018943;"SPRF-ES";"DEL01-ES";"UOP02-DEL01-ES"
362491;2021-06-06;"domingo";"18:40:00";"RS";290;179,9;"MINAS DO LEAO";"Transitar na contramão";"Colisão frontal";"Com Vítimas Feridas";"Plena Noite";"Crescente";"Nublado";"Simples";"Reta";"Não";4;0;0;1;1;2;1;4;-30,14020981;-52,02449083;"SPRF-RS";"DEL02-RS";"UOP03-DEL02-RS"
362492;2021-06-06;"domingo";"21:00:00";"GO";153;499,5;"GOIANIA";"Trafegar com motocicleta (ou similar) entre as faixas";"Colisão traseira";"Com Vítimas Feridas";"Plena Noite";"Crescente";"Céu Claro";"Múltipla";"Reta";"Sim";2;0;1;0;0;1;1;2;-16,69829204;-49,23151731;"SPRF-GO";"DEL01-GO";"UOP01-DEL01-GO"
362496;2021-06-06;"domingo";"21:10:00";"DF";40;7;"BRASILIA";"Condutor deixou de manter distância do veículo da frente";"Colisão traseira";"Com Vítimas Feridas";"Plena Noite";"Decrescente";"Céu Claro";"Dupla";"Reta";"Sim";3;0;1;0;2;0;1;2;-16,038666;-47,979691;"SPRF-DF";"DEL01-DF";"UOP01-DEL01-DF"
362498;2021-06-06;"domingo";"21:00:00";"MG";381;834;"SAO SEBASTIAO DA BELA VISTA";"Pedestre andava na pista";"Saída de leito carroçável";"Com Vítimas Fatais";"Plena Noite";"Crescente";"Céu Claro";"Dupla";"Reta";"Não";2;1;0;0;1;0;0;2;-22,16461802;-45,83245298;"SPRF-MG";"DEL16-MG";"UOP01-DEL16-MG"
362500;2021-06-06;"domingo";"17:30:00";"BA";242;468;"IBITIARA";"Demais falhas mecânicas ou elétricas";"Saída de leito carroçável";"Com Vítimas Feridas";"Anoitecer";"Crescente";"Nublado";"Simples";"Reta";"Não";2;0;1;0;0;3;1;4;-12,45644679;-42,21091001;"SPRF-BA";"DEL06-BA";"UOP01-DEL06-BA"
362501;2021-06-06;"domingo";"14:00:00";"MG";116;203,8;"CARAI";"Ingestão de álcool pelo condutor";"Tombamento";"Com Vítimas Feridas";"Pleno dia";"Decrescente";"Céu Claro";"Simples";"Curva";"Não";2;0;1;0;0;1;1;2;-17,267769;-41,50972801;"SPRF-MG";"DEL11-MG";"UOP01-DEL11-MG"
362517;2021-06-06;"domingo";"21:45:00";"BA";324;546,5;"AMELIA RODRIGUES";"Reação tardia ou ineficiente do condutor";"Colisão traseira";"Com Vítimas Feridas";"Plena Noite";"Decrescente";"Nublado";"Dupla";"Reta";"Não";2;0;1;0;1;0;1;2;-12,41513603;-38,75158107;"SPRF-BA";"DEL01-BA";"UOP03-DEL01-BA"
362519;2021-06-06;"domingo";"22:30:00";"MG";262;368;"JUATUBA";"Pedestre andava na pista";"Atropelamento de Pedestre";"Com Vítimas Fatais";"Plena Noite";"Decrescente";"Céu Claro";"Dupla";"Reta";"Sim";5;1;0;0;2;2;0;4;-19,97239513;-44,28042402;"SPRF-MG";"DEL01-MG";"UOP03-DEL01-MG"
362520;2021-06-06;"domingo";"23:20:00";"MG";40;439,7;"PARAOPEBA";"Reação tardia ou ineficiente do condutor";"Colisão traseira";"Com Vítimas Fatais";"Plena Noite";"Crescente";"Céu Claro";"Dupla";"Declive;Curva";"Não";4;1;0;0;1;2;0;3;-19,2529;-44,423;"SPRF-MG";"DEL02-MG";"UOP01-DEL02-MG"
362522;2021-06-06;"domingo";"21:25:00";"PR";116;24;"ANTONINA";"Pista Escorregadia";"Colisão traseira";"Sem Vítimas";"Plena Noite";"Decrescente";"Chuva";"Dupla";"Curva";"Não";2;0;0;0;2;0;0;2;-25,10885561;-48,76563896;"SPRF-PR";"DEL01-PR";"UOP02-DEL01-PR"
362534;2021-06-06;"domingo";"05:30:00";"MG";251;203,7;"CACHOEIRA DE PAJEU";"Neblina";"Saída de leito carroçável";"Sem Vítimas";"Amanhecer";"Decrescente";"Nevoeiro/Neblina";"Simples";"Reta";"Não";4;0;0;0;1;14;0;14;-15,86237765;-41,50581558;"SPRF-MG";"DEL11-MG";"UOP02-DEL11-MG"
362539;2021-06-07;"segunda-feira";"02:00:00";"PE";232;25,5;"MORENO";"Ingestão de álcool pelo condutor";"Colisão frontal";"Sem Vítimas";"Plena Noite";"Decrescente";"Nublado";"Dupla";"Reta";"Não";2;0;0;0;2;0;0;2;-8,113733;-35,113137;"SPRF-PE";"DEL01-PE";"UOP01-DEL01-PE"
362544;2021-06-07;"segunda-feira";"05:00:00";"CE";20;419;"MARACANAU";"Ingestão de álcool e/ou substâncias psicoativas pelo pedestre";"Atropelamento de Pedestre";"Com Vítimas Fatais";"Amanhecer";"Crescente";"Céu Claro";"Múltipla";"Reta";"Sim";2;1;0;0;0;1;0;2;-3,76999035;-38,67006282;"SPRF-CE";"DEL01-CE";"UOP02-DEL01-CE"
362550;2021-06-07;"segunda-feira";"05:10:00";"MT";163;707;"SORRISO";"Transitar na contramão";"Colisão lateral sentido oposto";"Com Vítimas Feridas";"Amanhecer";"Crescente";"Céu Claro";"Simples";"Reta";"Não";3;0;1;0;1;3;1;5;-13,02951905;-55,89811787;"SPRF-MT";"DEL06-MT";"UOP01-DEL06-MT"
362552;2021-06-07;"segunda-feira";"06:20:00";"ES";262;167,4;"IBATIBA";"Neblina";"Colisão transversal";"Com Vítimas Feridas";"Pleno dia";"Decrescente";"Nevoeiro/Neblina";"Simples";"Curva";"Não";2;0;1;0;0;1;1;2;-20,2531047;-41,56633803;"SPRF-ES";"DEL01-ES";"UOP02-DEL01-ES"
362556;2021-06-07;"segunda-feira";"05:20:00";"MG";262;376;"JUATUBA";"Velocidade Incompatível";"Colisão traseira";"Com Vítimas Fatais";"Amanhecer";"Decrescente";"Céu Claro";"Dupla";"Reta";"Sim";5;1;0;1;2;1;1;4;-19,95649717;-44,346577;"SPRF-MG";"DEL01-MG";"UOP03-DEL01-MG"
362559;2021-06-07;"segunda-feira";"07:10:00";"PR";376;412;"TIBAGI";"Reação tardia ou ineficiente do condutor";"Colisão lateral mesmo sentido";"Com Vítimas Feridas";"Amanhecer";"Decrescente";"Nevoeiro/Neblina";"Simples";"Reta;Aclive";"Não";2;0;2;0;0;0;2;2;-24,68015131;-50,59555545;"SPRF-PR";"DEL03-PR";"UOP02-DEL03-PR"
362562;2021-06-07;"segunda-feira";"05:30:00";"RJ";40;92;"PETROPOLIS";"Demais falhas mecânicas ou elétricas";"Colisão lateral mesmo sentido";"Com Vítimas Feridas";"Amanhecer";"Crescente";"Céu Claro";"Simples";"Curva";"Não";3;0;1;0;2;0;1;2;-22,55191954;-43,25068815;"SPRF-RJ";"DEL06-RJ";"UOP01-DEL06-RJ"
362567;2021-06-07;"segunda-feira";"08:00:00";"PR";376;666;"GUARATUBA";"Pista Escorregadia";"Colisão traseira";"Com Vítimas Feridas";"Amanhecer";"Crescente";"Garoa/Chuvisco";"Dupla";"Curva";"Não";3;0;1;0;2;0;1;2;-25,86037408;-48,95087256;"SPRF-PR";"DEL01-PR";"UOP04-DEL01-PR"
362594;2021-06-07;"segunda-feira";"06:34:00";"SC";116;107,8;"MONTE CASTELO";"Velocidade Incompatível";"Colisão com objeto";"Sem Vítimas";"Amanhecer";"Decrescente";"Chuva";"Simples";"Curva;Declive";"Não";2;0;0;0;1;1;0;2;-26,75241268;-50,32493591;"SPRF-SC";"DEL06-SC";"UOP02-DEL06-SC"
362596;2021-06-07;"segunda-feira";"09:58:00";"RS";386;317;"MONTENEGRO";"Velocidade Incompatível";"Tombamento";"Com Vítimas Feridas";"Pleno dia";"Crescente";"Nublado";"Dupla";"Curva;Rotatória";"Não";2;0;1;0;0;2;1;3;-29,819662;-51,450559;"SPRF-RS";"DEL04-RS";"UOP01-DEL04-RS"
362599;2021-06-07;"segunda-feira";"09:40:00";"MG";262;470,5;"BOM DESPACHO";"Manobra de mudança de faixa";"Colisão lateral sentido oposto";"Com Vítimas Feridas";"Pleno dia";"Decrescente";"Sol";"Simples";"Declive;Reta";"Não";3;0;1;0;2;0;1;3;-19,7905492;-45,1584721;"SPRF-MG";"DEL08-MG";"UOP03-DEL08-MG"
362600;2021-06-07;"segunda-feira";"10:48:00";"MG";40;557,2;"NOVA LIMA";"Ausência de reação do condutor";"Colisão lateral mesmo sentido";"Com Vítimas Feridas";"Pleno dia";"Decrescente";"Sol";"Dupla";"Curva";"Sim";4;0;1;1;1;1;2;3;-20,10255103;-43,9749284;"SPRF-MG";"DEL01-MG";"UOP02-DEL01-MG"
362605;2021-06-07;"segunda-feira";"08:30:00";"PE";101;32,9;"IGARASSU";"Ausência de reação do condutor";"Colisão traseira";"Sem Vítimas";"Pleno dia";"Decrescente";"Nublado";"Dupla";"Reta";"Não";3;0;0;0;2;3;0;5;-7,7603842;-34,93543983;"SPRF-PE";"DEL01-PE";"UOP02-DEL01-PE"
362606;2021-06-07;"segunda-feira";"10:50:00";"PR";369;198,8;"APUCARANA";"Ausência de reação do condutor";"Saída de leito carroçável";"Sem Vítimas";"Pleno dia";"Crescente";"Chuva";"Dupla";"Reta";"Sim";3;0;0;0;2;2;0;4;-23,521521;-51,437912;"SPRF-PR";"DEL07-PR";"UOP02-DEL07-PR"
362611;2021-06-07;"segunda-feira";"07:15:00";"RO";364;58,9;"VILHENA";"Ultrapassagem Indevida";"Colisão frontal";"Com Vítimas Feridas";"Pleno dia";"Crescente";"Sol";"Simples";"Reta";"Não";4;0;0;1;2;2;1;5;-12,51847763;-60,41759091;"SPRF-RO";"DEL04-RO";"UOP01-DEL04-RO"
362620;2021-06-07;"segunda-feira";"12:19:00";"SC";101;203;"SAO JOSE";"Condutor deixou de manter distância do veículo da frente";"Colisão com objeto";"Com Vítimas Feridas";"Pleno dia";"Decrescente";"Garoa/Chuvisco";"Múltipla";"Curva";"Sim";3;0;2;0;1;0;2;2;-27,56564759;-48,61421227;"SPRF-SC";"DEL01-SC";"UOP01-DEL01-SC"
362624;2021-02-09;"terça-feira";"09:40:00";"PI";316;297;"PICOS";"Frear bruscamente";"Saída de leito carroçável";"Com Vítimas Feridas";"Pleno dia";"Crescente";"Chuva";"Simples";"Declive";"Não";2;0;1;0;0;1;1;2;-7,02245207;-41,56280109;"SPRF-PI";"DEL04-PI";"UOP01-DEL04-PI"
362632;2021-06-07;"segunda-feira";"13:55:00";"BA";116;823,2;"VITORIA DA CONQUISTA";"Ultrapassagem Indevida";"Colisão lateral mesmo sentido";"Com Vítimas Fatais";"Pleno dia";"Decrescente";"Nublado";"Dupla";"Reta;Retorno Regulamentado";"Sim";3;1;0;0;1;1;0;3;-14,8079923;-40,78877284;"SPRF-BA";"DEL08-BA";"UOP01-DEL08-BA"
362636;2021-05-16;"domingo";"01:35:00";"PR";476;144;"CURITIBA";"Reação tardia ou ineficiente do condutor";"Colisão traseira";"Com Vítimas Feridas";"Plena Noite";"Crescente";"Nublado";"Dupla";"Reta";"Sim";2;0;0;1;0;1;1;2;-25,542501;-49,313011;"SPRF-PR";"DEL01-PR";"UOP03-DEL01-PR"
362654;2021-06-07;"segunda-feira";"14:40:00";"PR";376;591,8;"CURITIBA";"Entrada inopinada do pedestre";"Atropelamento de Pedestre";"Com Vítimas Feridas";"Pleno dia";"Crescente";"Nublado";"Dupla";"Reta";"Sim";2;0;0;1;1;0;1;2;-25,45999605;-49,35895013;"SPRF-PR";"DEL01-PR";"UOP01-DEL01-PR"
362663;2021-06-07;"segunda-feira";"16:25:00";"MG";40;718;"BARBACENA";"Velocidade Incompatível";"Tombamento";"Com Vítimas Feridas";"Pleno dia";"Crescente";"Céu Claro";"Dupla";"Declive";"Não";2;0;1;0;0;1;1;2;-21,2656332;-43,65557499;"SPRF-MG";"DEL05-MG";"UOP01-DEL05-MG"
362671;2021-06-07;"segunda-feira";"14:47:00";"MT";364;280;"JACIARA";"Ausência de reação do condutor";"Colisão com objeto";"Sem Vítimas";"Pleno dia";"Crescente";"Céu Claro";"Simples";"Reta";"Sim";2;0;0;0;1;1;0;2;-15,9364519;-55,0199037;"SPRF-MT";"DEL05-MT";"UOP02-DEL05-MT"
362674;2021-06-07;"segunda-feira";"12:10:00";"SC";480;125,9;"CHAPECO";"Desrespeitar a preferência no cruzamento";"Colisão frontal";"Com Vítimas Feridas";"Pleno dia";"Crescente";"Céu Claro";"Simples";"Interseção de Vias";"Sim";3;0;0;1;1;1;1;3;-27,01164515;-52,63953123;"SPRF-SC";"DEL07-SC";"UOP01-DEL07-SC"
362679;2021-06-07;"segunda-feira";"14:00:00";"MT";163;532;"DIAMANTINO";"Condutor deixou de manter distância do veículo da frente";"Colisão traseira";"Com Vítimas Feridas";"Pleno dia";"Crescente";"Céu Claro";"Simples";"Aclive";"Não";2;0;1;0;0;1;1;2;-14,44540227;-56,12839277;"SPRF-MT";"DEL01-MT";"UOP01-DEL01-MT"
362680;2021-06-07;"segunda-feira";"17:20:00";"MG";381;894,6;"CAMBUI";"Demais falhas mecânicas ou elétricas";"Saída de leito carroçável";"Com Vítimas Feridas";"Pleno dia";"Decrescente";"Chuva";"Dupla";"Reta";"Não";3;0;1;0;2;0;1;1;-22,61659879;-46,0689412;"SPRF-MG";"DEL16-MG";"UOP03-DEL16-MG"
362687;2021-06-07;"segunda-feira";"16:55:00";"MG";116;415;"GOVERNADOR VALADARES";"Ingestão de álcool pelo condutor";"Colisão lateral mesmo sentido";"Sem Vítimas";"Pleno dia";"Decrescente";"Nublado";"Simples";"Reta";"Sim";2;0;0;0;2;0;0;2;-18,88401297;-41,94924399;"SPRF-MG";"DEL06-MG";"UOP01-DEL06-MG"
362689;2021-06-07;"segunda-feira";"15:05:00";"SC";116;148;"SANTA CECILIA";"Demais falhas mecânicas ou elétricas";"Tombamento";"Sem Vítimas";"Pleno dia";"Crescente";"Céu Claro";"Simples";"Curva";"Não";2;0;0;0;1;3;0;4;-27,02472456;-50,42003632;"SPRF-SC";"DEL06-SC";"UOP02-DEL06-SC"
362695;2021-06-07;"segunda-feira";"12:30:00";"SP";116;339;"JUQUITIBA";"Ausência de reação do condutor";"Saída de leito carroçável";"Com Vítimas Feridas";"Pleno dia";"Crescente";"Garoa/Chuvisco";"Dupla";"Reta";"Não";2;0;1;0;0;1;1;2;-23,9983939;-47,14927316;"SPRF-SP";"DEL04-SP";"UOP01-DEL04-SP"
362696;2021-03-27;"sábado";"14:58:00";"DF";20;11,4;"BRASILIA";"Manobra de mudança de faixa";"Colisão transversal";"Com Vítimas Feridas";"Pleno dia";"Crescente";"Sol";"Dupla";"Reta";"Sim";2;0;1;0;1;0;1;2;-15,64654;-47,766422;"SPRF-DF";"DEL02-DF";"UOP01-DEL02-DF"
362699;2021-06-07;"segunda-feira";"17:50:00";"MT";70;85;"GENERAL CARNEIRO";"Afundamento ou ondulação no pavimento";"Tombamento";"Sem Vítimas";"Anoitecer";"Decrescente";"Céu Claro";"Simples";"Reta";"Não";2;0;0;0;1;2;0;3;-15,62088507;-52,84340199;"SPRF-MT";"DEL07-MT";"UOP01-DEL07-MT"
362702;2021-06-07;"segunda-feira";"17:10:00";"PE";101;94;"CABO DE SANTO AGOSTINHO";"Carga excessiva e/ou mal acondicionada";"Tombamento";"Sem Vítimas";"Plena Noite";"Decrescente";"Nublado";"Dupla";"Interseção de Vias;Rotatória";"Sim";1;0;0;0;1;0;0;1;-8,24829064;-35,00697936;"SPRF-PE";"DEL01-PE";"UOP01-DEL01-PE"
362705;2021-06-07;"segunda-feira";"18:20:00";"PR";376;594,3;"CURITIBA";"Reação tardia ou ineficiente do condutor";"Colisão traseira";"Com Vítimas Feridas";"Plena Noite";"Crescente";"Nublado";"Dupla";"Reta";"Sim";2;0;0;1;0;1;1;2;-25,48479613;-49,34730331;"SPRF-PR";"DEL01-PR";"UOP01-DEL01-PR"
362712;2021-06-07;"segunda-feira";"19:40:00";"SC";101;206,6;"SAO JOSE";"Ausência de sinalização";"Colisão traseira";"Com Vítimas Feridas";"Plena Noite";"Crescente";"Garoa/Chuvisco";"Múltipla";"Reta";"Sim";3;0;0;1;2;0;1;3;-27,59193546;-48,61824557;"SPRF-SC";"DEL01-SC";"UOP01-DEL01-SC"
362719;2021-06-07;"segunda-feira";"16:30:00";"SC";470;356,1;"CAMPOS NOVOS";"Reação tardia ou ineficiente do condutor";"Tombamento";"Com Vítimas Feridas";"Pleno dia";"Crescente";"Nublado";"Simples";"Curva";"Não";2;0;0;1;0;1;1;2;-27,596577;-51,473782;"SPRF-SC";"DEL07-SC";"UOP06-DEL07-SC"
362723;2021-06-07;"segunda-feira";"19:30:00";"MS";262;553;"MIRANDA";"Ingestão de álcool pelo condutor";"Colisão lateral mesmo sentido";"Com Vítimas Feridas";"Plena Noite";"Crescente";"Céu Claro";"Simples";"Curva";"Não";5;0;1;1;2;1;2;3;-20,2646408;-56,34030978;"SPRF-MS";"DEL03-MS";"UOP02-DEL03-MS"
362724;2021-04-09;"sexta-feira";"10:45:00";"MT";163;762,9;"SORRISO";"Reação tardia ou ineficiente do condutor";"Colisão traseira";"Com Vítimas Feridas";"Pleno dia";"Decrescente";"Céu Claro";"Simples";"Reta";"Não";6;0;2;1;2;7;3;10;-12,47747585;-55,67527771;"SPRF-MT";"DEL06-MT";"UOP01-DEL06-MT"
362734;2021-06-07;"segunda-feira";"18:10:00";"SC";101;383,4;"ICARA";"Demais falhas mecânicas ou elétricas";"Colisão traseira";"Com Vítimas Feridas";"Anoitecer";"Decrescente";"Chuva";"Múltipla";"Reta";"Sim";3;0;1;1;1;0;2;2;-28,7644284;-49,29379981;"SPRF-SC";"DEL02-SC";"UOP02-DEL02-SC"
362735;2021-06-07;"segunda-feira";"18:20:00";"BA";110;312;"INHAMBUPE";"Deficiência do Sistema de Iluminação/Sinalização";"Colisão traseira";"Com Vítimas Feridas";"Plena Noite";"Crescente";"Céu Claro";"Simples";"Aclive";"Não";3;0;1;0;1;1;1;3;-12,009345;-38,36282629;"SPRF-BA";"DEL01-BA";"UOP04-DEL01-BA"
362738;2021-06-07;"segunda-feira";"21:10:00";"MG";381;705,7;"LAVRAS";"Ausência de reação do condutor";"Colisão lateral mesmo sentido";"Com Vítimas Feridas";"Plena Noite";"Crescente";"Nublado";"Dupla";"Curva";"Não";3;0;1;0;0;2;1;3;-21,32100321;-45,1654931;"SPRF-MG";"DEL04-MG";"UOP02-DEL04-MG"
362740;2021-06-07;"segunda-feira";"21:45:00";"RS";392;84;"PELOTAS";"Velocidade Incompatível";"Tombamento";"Com Vítimas Feridas";"Plena Noite";"Decrescente";"Céu Claro";"Simples";"Curva";"Não";2;0;0;1;0;1;1;2;-31,64764106;-52,47931607;"SPRF-RS";"DEL07-RS";"UOP01-DEL07-RS"
362745;2021-06-07;"segunda-feira";"22:30:00";"MG";381;479,9;"CONTAGEM";"Reação tardia ou ineficiente do condutor";"Colisão lateral mesmo sentido";"Com Vítimas Feridas";"Plena Noite";"Crescente";"Céu Claro";"Dupla";"Reta";"Sim";4;0;1;0;2;1;1;3;-19,95889605;-44,069202;"SPRF-MG";"DEL01-MG";"UOP03-DEL01-MG"
362746;2021-06-07;"segunda-feira";"18:25:00";"MT";163;9;"ITIQUIRA";"Obras na pista";"Colisão com objeto";"Com Vítimas Feridas";"Pleno dia";"Decrescente";"Céu Claro";"Dupla";"Reta";"Não";2;0;1;0;0;1;1;2;-17,43965802;-54,74570613;"SPRF-MT";"DEL02-MT";"UOP01-DEL02-MT"
362747;2021-06-07;"segunda-feira";"23:00:00";"RJ";116;196;"QUEIMADOS";"Chuva";"Tombamento";"Com Vítimas Feridas";"Plena Noite";"Decrescente";"Chuva";"Dupla";"Curva";"Não";2;0;1;0;1;0;1;1;-22,73336575;-43,55659479;"SPRF-RJ";"DEL01-RJ";"UOP02-DEL01-RJ"
362750;2021-06-07;"segunda-feira";"19:00:00";"RR";174;388;"CARACARAI";"Pista esburacada";"Saída de leito carroçável";"Sem Vítimas";"Plena Noite";"Decrescente";"Chuva";"Simples";"Reta";"Não";2;0;0;0;1;1;0;2;1,994177;-61,06913;"SPRF-RR";"DEL01-RR";"UOP01-DEL01-RR"
362751;2021-06-07;"segunda-feira";"23:00:00";"PR";116;28;"CAMPINA GRANDE DO SUL";"Chuva";"Saída de leito carroçável";"Sem Vítimas";"Plena Noite";"Decrescente";"Garoa/Chuvisco";"Múltipla";"Curva";"Sim";2;0;0;0;1;1;0;2;-25,10670298;-48,80405799;"SPRF-PR";"DEL01-PR";"UOP02-DEL01-PR"
362752;2021-06-07;"segunda-feira";"20:42:00";"MA";135;31,1;"BACABEIRA";"Estacionar ou parar em local proibido";"Colisão traseira";"Com Vítimas Fatais";"Plena Noite";"Decrescente";"Céu Claro";"Dupla";"Reta";"Não";3;1;0;0;1;3;0;5;-2,81307801;-44,37432281;"SPRF-MA";"DEL01-MA";"UOP01-DEL01-MA"
362754;2021-06-07;"segunda-feira";"14:40:00";"MG";153;4;"ARAPORA";"Ausência de reação do condutor";"Tombamento";"Com Vítimas Feridas";"Pleno dia";"Decrescente";"Céu Claro";"Simples";"Aclive;Interseção de Vias;Viaduto";"Não";2;0;1;0;0;1;1;2;-18,45132998;-49,18791489;"SPRF-MG";"DEL15-MG";"UOP03-DEL15-MG"
362757;2021-06-07;"segunda-feira";"23:55:00";"MG";116;705;"MURIAE";"Velocidade Incompatível";"Saída de leito carroçável";"Sem Vítimas";"Plena Noite";"Crescente";"Céu Claro";"Simples";"Declive;Curva";"Sim";1;0;0;0;0;1;0;1;-21,13352366;-42,3873353;"SPRF-MG";"DEL07-MG";"UOP02-DEL07-MG"
362763;2021-06-08;"terça-feira";"02:00:00";"MG";381;377;"SAO GONCALO DO RIO ABAIXO";"Velocidade Incompatível";"Colisão lateral sentido oposto";"Com Vítimas Feridas";"Plena Noite";"Decrescente";"Céu Claro";"Simples";"Curva";"Não";3;0;1;0;1;1;1;3;-19,832064;-43,35244;"SPRF-MG";"DEL01-MG";"UOP01-DEL01-MG"
362769;2021-06-08;"terça-feira";"05:00:00";"PE";428;1;"BELEM DE SAO FRANCISCO";"Acessar a via sem observar a presença dos outros veículos";"Colisão traseira";"Com Vítimas Feridas";"Amanhecer";"Crescente";"Céu Claro";"Simples";"Reta";"Não";2;0;1;0;1;0;1;2;-8,54390248;-39,23498024;"SPRF-PE";"DEL05-PE";"UOP01-DEL05-PE"
362771;2021-06-08;"terça-feira";"06:30:00";"SC";470;65,1;"INDAIAL";"Entrada inopinada do pedestre";"Atropelamento de Pedestre";"Com Vítimas Fatais";"Pleno dia";"Crescente";"Garoa/Chuvisco";"Simples";"Reta";"Sim";2;1;0;0;1;0;0;2;-26,87058;-49,21413;"SPRF-SC";"DEL04-SC";"UOP01-DEL04-SC"
362774;2021-06-08;"terça-feira";"06:00:00";"RJ";116;173,8;"MESQUITA";"Ausência de reação do condutor";"Engavetamento";"Com Vítimas Feridas";"Amanhecer";"Decrescente";"Garoa/Chuvisco";"Múltipla";"Reta";"Sim";5;0;1;0;4;0;1;5;-22,76940515;-43,40888143;"SPRF-RJ";"DEL01-RJ";"UOP02-DEL01-RJ"
362782;2021-04-20;"terça-feira";"15:15:00";"DF";20;5,8;"BRASILIA";"Objeto estático sobre o leito carroçável";"Colisão traseira";"Sem Vítimas";"Pleno dia";"Crescente";"Céu Claro";"Dupla";"Reta;Declive;Viaduto";"Sim";7;0;0;0;7;0;0;7;-15,670546;-47,816044;"SPRF-DF";"DEL02-DF";"UOP01-DEL02-DF"
362783;2021-06-08;"terça-feira";"07:20:00";"DF";20;8,8;"BRASILIA";"Acessar a via sem observar a presença dos outros veículos";"Colisão traseira";"Sem Vítimas";"Pleno dia";"Crescente";"Sol";"Dupla";"Aclive;Retorno Regulamentado;Interseção de Vias";"Sim";3;0;0;0;3;0;0;2;-15,658386;-47,791534;"SPRF-DF";"DEL02-DF";"UOP01-DEL02-DF"
362787;2021-05-20;"quinta-feira";"01:20:00";"GO";60;275;"JANDAIA";"Acessar a via sem observar a presença dos outros veículos";"Colisão lateral mesmo sentido";"Com Vítimas Fatais";"Plena Noite";"Crescente";"Céu Claro";"Dupla";"Reta";"Não";2;1;0;0;0;1;0;2;-17,215;-50,1678;"SPRF-GO";"DEL04-GO";"UOP01-DEL04-GO"
362796;2021-06-08;"terça-feira";"07:00:00";"SP";116;485;"CAJATI";"Acessar a via sem observar a presença dos outros veículos";"Colisão traseira";"Com Vítimas Feridas";"Pleno dia";"Decrescente";"Chuva";"Dupla";"Curva";"Não";4;0;1;0;2;3;1;5;-24,72188994;-48,072155;"SPRF-SP";"DEL05-SP";"UOP01-DEL05-SP"
362812;2021-05-30;"domingo";"08:30:00";"AL";101;113;"PILAR";"Acumulo de óleo sobre o pavimento";"Colisão frontal";"Com Vítimas Feridas";"Pleno dia";"Decrescente";"Chuva";"Simples";"Aclive";"Não";3;0;0;1;1;1;1;3;-9,63175;-36,02955;"SPRF-AL";"DEL02-AL";"UOP01-DEL02-AL"
362816;2021-06-08;"terça-feira";"08:30:00";"SC";101;362,2;"SANGAO";"Reação tardia ou ineficiente do condutor";"Colisão traseira";"Com Vítimas Feridas";"Pleno dia";"Decrescente";"Céu Claro";"Dupla";"Reta;Aclive";"Não";3;0;0;1;1;1;1;3;-28,67656343;-49,13076282;"SPRF-SC";"DEL02-SC";"UOP01-DEL02-SC"
362822;2021-06-08;"terça-feira";"08:50:00";"MG";262;62,7;"MATIPO";"Velocidade Incompatível";"Tombamento";"Sem Vítimas";"Pleno dia";"Crescente";"Céu Claro";"Simples";"Declive;Curva";"Não";2;0;0;0;1;1;0;2;-20,29261013;-42,22680397;"SPRF-MG";"DEL06-MG";"UOP03-DEL06-MG"
362834;2021-06-08;"terça-feira";"11:30:00";"PR";116;103;"SAO JOSE DOS PINHAIS";"Acessar a via sem observar a presença dos outros veículos";"Colisão lateral mesmo sentido";"Com Vítimas Feridas";"Pleno dia";"Decrescente";"Nublado";"Dupla";"Reta";"Não";4;0;1;0;3;0;1;3;-25,5684592;-49,17712212;"SPRF-PR";"DEL01-PR";"UOP01-DEL01-PR"
362846;2021-06-08;"terça-feira";"13:33:00";"SP";116;222,7;"GUARULHOS";"Condutor deixou de manter distância do veículo da frente";"Colisão lateral mesmo sentido";"Com Vítimas Feridas";"Pleno dia";"Crescente";"Nublado";"Múltipla";"Reta";"Sim";3;0;2;0;0;1;2;2;-23,47093408;-46,51631097;"SPRF-SP";"DEL01-SP";"UOP01-DEL01-SP"