"id";"data_inversa";"dia_semana";"horario";"uf";"br";"km";"municipio";"causa_acidente";"tipo_acidente";"classificacao_acidente";"fase_dia";"sentido_via";"condicao_metereologica";"tipo_pista";"tracado_via";"uso_solo";"pessoas";"mortos";"feridos_leves";"feridos_graves";"ilesos";"ignorados";"feridos";"veiculos";"latitude";"longitude";"regional";"delegacia";"uop"
362850;2021-06-08;"terça-feira";"12:50:00";"ES";101;414,4;"ITAPEMIRIM";"Velocidade Incompatível";"Tombamento";"Sem Vítimas";"Pleno dia";"Crescente";"Sol";"Simples";"Rotatória";"Não";2;0;0;0;1;2;0;3;-20,92345849;-41,07835562;"SPRF-ES";"DEL03-ES";"UOP02-DEL03-ES"
362853;2021-05-17;"segunda-feira";"15:00:00";"RS";116;148,1;"CAXIAS DO SUL";"Obstrução na via";"Colisão traseira";"Com Vítimas Feridas";"Pleno dia";"Decrescente";"Sol";"Dupla";"Reta";"Sim";4;0;0;1;1;2;1;4;-29,15444539;-51,15101681;"SPRF-RS";"DEL05-RS";"UOP01-DEL05-RS"
362857;2021-06-08;"terça-feira";"09:50:00";"MG";381;842,6;"SAO SEBASTIAO DA BELA VISTA";"Condutor deixou de manter distância do veículo da frente";"Colisão traseira";"Sem Vítimas";"Pleno dia";"Crescente";"Céu Claro";"Dupla";"Reta";"Sim";3;0;0;0;2;3;0;5;-22,18482668;-45,84393313;"SPRF-MG";"DEL16-MG";"UOP01-DEL16-MG"
362858;2021-06-08;"terça-feira";"12:45:00";"RN";406;133,3;"TAIPU";"Reação tardia ou ineficiente do condutor";"Colisão traseira";"Com Vítimas Feridas";"Pleno dia";"Crescente";"Céu Claro";"Simples";"Reta";"Não";4;0;3;0;1;0;3;2;-5,64868806;-35,58205808;"SPRF-RN";"DEL02-RN";"UOP01-DEL02-RN"
362862;2021-06-08;"terça-feira";"15:05:00";"PE";101;65,9;"RECIFE";"Reação tardia ou ineficiente do condutor";"Colisão traseira";"Com Vítimas Feridas";"Pleno dia";"Decrescente";"Chuva";"Múltipla";"Reta";"Sim";3;0;0;1;1;1;1;3;-8,032878;-34,941928;"SPRF-PE";"DEL01-PE";"UOP01-DEL01-PE"
362864;2021-06-08;"terça-feira";"15:00:00";"SP";116;106,6;"TAUBATE";"Condutor deixou de manter distância do veículo da frente";"Engavetamento";"Com Vítimas Feridas";"Pleno dia";"Crescente";"Céu Claro";"Dupla";"Reta";"Sim";5;0;1;0;3;1;1;5;-23,01250593;-45,52256005;"SPRF-SP";"DEL08-SP";"UOP01-DEL08-SP"
362872;2021-06-08;"terça-feira";"11:15:00";"SC";470;190;"POUSO REDONDO";"Velocidade Incompatível";"Colisão frontal";"Com Vítimas Feridas";"Pleno dia";"Decrescente";"Chuva";"Simples";"Curva";"Não";2;0;1;1;0;0;2;2;-27,281504;-50,069775;"SPRF-SC";"DEL04-SC";"UOP02-DEL04-SC"
362875;2021-06-08;"terça-feira";"16:40:00";"SP";116;486;"CAJATI";"Condutor Dormindo";"Saída de leito carroçável";"Sem Vítimas";"Pleno dia";"Decrescente";"Garoa/Chuvisco";"Dupla";"Reta";"Não";1;0;0;0;1;0;0;1;-24,7217453;-48,08178493;"SPRF-SP";"DEL05-SP";"UOP01-DEL05-SP"
362888;2021-06-08;"terça-feira";"17:50:00";"MG";365;5,6;"MONTES CLAROS";"Velocidade Incompatível";"Tombamento";"Com Vítimas Feridas";"Anoitecer";"Decrescente";"Céu Claro";"Simples";"Curva";"Não";2;0;1;0;0;3;1;4;-16,74574399;-43,88392402;"SPRF-MG";"DEL12-MG";"UOP01-DEL12-MG"
362890;2021-06-08;"terça-feira";"17:30:00";"CE";222;27,5;"CAUCAIA";"Demais falhas mecânicas ou elétricas";"Colisão com objeto";"Sem Vítimas";"Pleno dia";"Crescente";"Céu Claro";"Simples";"Em Obras;Reta";"Não";2;0;0;0;1;1;0;2;-3,72045534;-38,79404612;"SPRF-CE";"DEL01-CE";"UOP01-DEL01-CE"
362891;2021-05-27;"quinta-feira";"18:30:00";"MG";381;681;"RIBEIRAO VERMELHO";"Velocidade Incompatível";"Colisão traseira";"Sem Vítimas";"Plena Noite";"Crescente";"Céu Claro";"Dupla";"Reta";"Não";2;0;0;0;2;0;0;2;-21,16168571;-45,12045619;"SPRF-MG";"DEL04-MG";"UOP02-DEL04-MG"
362899;2021-06-08;"terça-feira";"18:30:00";"SC";282;15,5;"PALHOCA";"Ausência de reação do condutor";"Colisão traseira";"Com Vítimas Feridas";"Plena Noite";"Crescente";"Chuva";"Simples";"Reta";"Sim";2;0;1;0;1;0;1;2;-27,651848;-48,676048;"SPRF-SC";"DEL01-SC";"UOP02-DEL01-SC"
362911;2021-06-08;"terça-feira";"15:20:00";"AP";210;57;"MACAPA";"Estacionar ou parar em local proibido";"Colisão traseira";"Com Vítimas Feridas";"Pleno dia";"Decrescente";"Nublado";"Simples";"Curva";"Não";3;0;1;0;2;0;1;3;0,47049908;-51,09032402;"SPRF-AP";"DEL01-AP";"UOP01-DEL01-AP"
362913;2021-06-08;"terça-feira";"13:10:00";"SC";280;90,8;"CORUPA";"Curva acentuada";"Tombamento";"Sem Vítimas";"Pleno dia";"Decrescente";"Chuva";"Simples";"Curva";"Não";2;0;0;0;1;2;0;3;-26,407423;-49,283504;"SPRF-SC";"DEL06-SC";"UOP03-DEL06-SC"
362929;2021-06-08;"terça-feira";"17:50:00";"BA";410;17;"TUCANO";"Demais falhas mecânicas ou elétricas";"Incêndio";"Sem Vítimas";"Anoitecer";"Crescente";"Céu Claro";"Simples";"Reta";"Não";1;0;0;0;1;0;0;1;-10,8944663;-38,66180276;"SPRF-BA";"DEL07-BA";"UOP02-DEL07-BA"
362930;2021-06-08;"terça-feira";"20:25:00";"RS";392;61;"PELOTAS";"Ausência de reação do condutor";"Tombamento";"Sem Vítimas";"Plena Noite";"Decrescente";"Céu Claro";"Simples";"Desvio Temporário";"Não";2;0;0;0;1;1;0;2;-31,78636127;-52,3528092;"SPRF-RS";"DEL07-RS";"UOP01-DEL07-RS"
362931;2021-06-08;"terça-feira";"13:40:00";"SC";470;92,5;"APIUNA";"Ausência de reação do condutor";"Colisão lateral sentido oposto";"Com Vítimas Feridas";"Pleno dia";"Decrescente";"Sol";"Simples";"Reta";"Sim";3;0;1;0;1;1;1;3;-26,98592;-49,373047;"SPRF-SC";"DEL04-SC";"UOP01-DEL04-SC"
362935;2021-06-08;"terça-feira";"13:30:00";"RO";364;387;"OURO PRETO DO OESTE";"Acessar a via sem observar a presença dos outros veículos";"Colisão transversal";"Sem Vítimas";"Pleno dia";"Decrescente";"Céu Claro";"Simples";"Reta";"Não";5;0;0;0;4;1;0;3;-10,69413222;-62,26827726;"SPRF-RO";"DEL03-RO";"UOP02-DEL03-RO"
362936;2021-06-08;"terça-feira";"19:40:00";"MT";163;23,1;"ITIQUIRA";"Reação tardia ou ineficiente do condutor";"Colisão traseira";"Com Vítimas Fatais";"Plena Noite";"Decrescente";"Céu Claro";"Dupla";"Reta";"Não";3;1;0;0;1;3;0;5;-17,31610996;-54,76157754;"SPRF-MT";"DEL02-MT";"UOP01-DEL02-MT"
362938;2021-06-08;"terça-feira";"21:10:00";"SE";101;78,9;"LARANJEIRAS";"Demais falhas mecânicas ou elétricas";"Eventos atípicos";"Sem Vítimas";"Plena Noite";"Decrescente";"Nublado";"Dupla";"Reta";"Não";1;0;0;0;1;0;0;1;-10,78181364;-37,14144342;"SPRF-SE";"DEL01-SE";"UOP01-DEL01-SE"
362939;2021-06-08;"terça-feira";"19:00:00";"CE";222;122;"ITAPAJE";"Transitar na contramão";"Colisão frontal";"Sem Vítimas";"Plena Noite";"Crescente";"Céu Claro";"Simples";"Reta";"Sim";3;0;0;0;2;1;0;3;-3,69938953;-39,57425626;"SPRF-CE";"DEL04-CE";"UOP03-DEL04-CE"
362941;2021-06-08;"terça-feira";"20:30:00";"SP";116;321;"JUQUITIBA";"Acesso irregular";"Colisão traseira";"Sem Vítimas";"Plena Noite";"Crescente";"Garoa/Chuvisco";"Dupla";"Reta";"Não";3;0;0;0;2;2;0;4;-23,934612;-47,01729;"SPRF-SP";"DEL04-SP";"UOP01-DEL04-SP"
362944;2021-06-08;"terça-feira";"08:40:00";"GO";452;44,2;"SANTA HELENA DE GOIAS";"Ausência de reação do condutor";"Tombamento";"Sem Vítimas";"Pleno dia";"Crescente";"Céu Claro";"Simples";"Reta";"Não";2;0;0;0;1;2;0;3;-17,94149766;-50,52585886;"SPRF-GO";"DEL04-GO";"UOP01-DEL04-GO"
362945;2021-06-08;"terça-feira";"22:15:00";"RS";116;247;"SAO LEOPOLDO";"Acumulo de água sobre o pavimento";"Colisão com objeto";"Sem Vítimas";"Plena Noite";"Decrescente";"Nublado";"Simples";"Curva";"Sim";2;0;0;0;2;0;0;2;-29,76733091;-51,1535296;"SPRF-RS";"DEL01-RS";"UOP02-DEL01-RS"
362947;2021-06-08;"terça-feira";"20:20:00";"SC";470;128,6;"LONTRAS";"Reação tardia ou ineficiente do condutor";"Colisão frontal";"Com Vítimas Fatais";"Plena Noite";"Crescente";"Chuva";"Simples";"Curva";"Não";2;1;0;0;1;0;0;2;-27,14733577;-49,5552063;"SPRF-SC";"DEL04-SC";"UOP02-DEL04-SC"
362949;2021-06-08;"terça-feira";"19:00:00";"MG";381;756;"TRES CORACOES";"Velocidade Incompatível";"Tombamento";"Com Vítimas Feridas";"Plena Noite";"Crescente";"Nublado";"Simples";"Aclive;Curva;Viaduto";"Não";2;0;1;0;0;2;1;3;-21,6832719;-45,34332275;"SPRF-MG";"DEL16-MG";"UOP02-DEL16-MG"
362952;2021-06-08;"terça-feira";"23:02:00";"RO";364;702;"PORTO VELHO";"Pedestre andava na pista";"Atropelamento de Pedestre";"Com Vítimas Fatais";"Plena Noite";"Decrescente";"Céu Claro";"Dupla";"Reta";"Não";3;1;0;0;1;2;0;4;-8,80049198;-63,777876;"SPRF-RO";"DEL01-RO";"UOP01-DEL01-RO"
362957;2021-06-09;"quarta-feira";"01:00:00";"PE";101;8,3;"GOIANA";"Ingestão de álcool e/ou substâncias psicoativas pelo pedestre";"Colisão frontal";"Com Vítimas Feridas";"Plena Noite";"Decrescente";"Chuva";"Dupla";"Curva";"Não";2;0;1;0;1;0;1;2;-7,56898134;-34,98959891;"SPRF-PE";"DEL01-PE";"UOP02-DEL01-PE"
362958;2021-06-08;"terça-feira";"23:00:00";"BA";242;467;"IBITIARA";"Desrespeitar a preferência no cruzamento";"Colisão transversal";"Com Vítimas Feridas";"Plena Noite";"Crescente";"Céu Claro";"Simples";"Retorno Regulamentado";"Não";4;0;2;0;2;0;2;2;-12,45584058;-42,20177497;"SPRF-BA";"DEL06-BA";"UOP01-DEL06-BA"
362961;2021-06-09;"quarta-feira";"02:00:00";"RJ";116;263;"BARRA MANSA";"Velocidade Incompatível";"Colisão com objeto";"Sem Vítimas";"Plena Noite";"Decrescente";"Nublado";"Dupla";"Curva";"Sim";1;0;0;0;1;0;0;1;-22,58964652;-44,10490997;"SPRF-RJ";"DEL07-RJ";"UOP02-DEL07-RJ"
362962;2021-06-09;"quarta-feira";"03:41:00";"MG";381;880;"ESTIVA";"Condutor Dormindo";"Colisão traseira";"Com Vítimas Feridas";"Pleno dia";"Crescente";"Céu Claro";"Dupla";"Aclive;Reta";"Não";3;0;1;0;1;2;1;4;-22,50771497;-46,01674307;"SPRF-MG";"DEL16-MG";"UOP01-DEL16-MG"
362968;2021-06-09;"quarta-feira";"04:42:00";"MG";251;474,2;"FRANCISCO SA";"Velocidade Incompatível";"Tombamento";"Com Vítimas Fatais";"Amanhecer";"Crescente";"Céu Claro";"Simples";"Curva";"Não";2;1;0;0;0;1;0;2;-16,47130466;-43,45673904;"SPRF-MG";"DEL12-MG";"UOP01-DEL12-MG"
362973;2021-06-09;"quarta-feira";"05:30:00";"PR";277;149,9;"BALSA NOVA";"Reação tardia ou ineficiente do condutor";"Colisão lateral mesmo sentido";"Sem Vítimas";"Amanhecer";"Crescente";"Nublado";"Simples";"Reta";"Não";5;0;0;0;3;3;0;5;-25,47309319;-49,82326292;"SPRF-PR";"DEL01-PR";"UOP03-DEL03-PR"
362974;2021-06-09;"quarta-feira";"05:30:00";"RS";285;230,5;"CASEIROS";"Reação tardia ou ineficiente do condutor";"Tombamento";"Sem Vítimas";"Plena Noite";"Crescente";"Nublado";"Simples";"Curva";"Não";2;0;0;0;1;1;0;2;-28,2424277;-51,79811058;"SPRF-RS";"DEL08-RS";"UOP05-DEL08-RS"
362983;2021-06-09;"quarta-feira";"07:25:00";"PR";376;91,1;"PARANAVAI";"Velocidade Incompatível";"Colisão traseira";"Com Vítimas Feridas";"Pleno dia";"Decrescente";"Céu Claro";"Simples";"Declive";"Não";5;0;2;0;1;3;2;6;-22,99951;-52,56714;"SPRF-PR";"DEL09-PR";"UOP02-DEL09-PR"
362993;2021-06-09;"quarta-feira";"08:53:00";"RS";116;40,3;"VACARIA";"Desrespeitar a preferência no cruzamento";"Colisão transversal";"Com Vítimas Feridas";"Pleno dia";"Crescente";"Céu Claro";"Simples";"Interseção de Vias;Reta";"Sim";4;0;1;0;2;1;1;3;-28,51839098;-50,93942202;"SPRF-RS";"DEL05-RS";"UOP03-DEL05-RS"
362994;2021-06-09;"quarta-feira";"06:45:00";"MT";163;524;"DIAMANTINO";"Condutor deixou de manter distância do veículo da frente";"Colisão traseira";"Com Vítimas Feridas";"Pleno dia";"Decrescente";"Nublado";"Simples";"Reta";"Não";4;0;2;0;1;1;2;3;-14,49229875;-56,18361021;"SPRF-MT";"DEL01-MT";"UOP01-DEL01-MT"
362996;2021-06-09;"quarta-feira";"08:30:00";"PI";343;0,6;"LUIS CORREIA";"Condutor deixou de manter distância do veículo da frente";"Colisão traseira";"Com Vítimas Feridas";"Pleno dia";"Crescente";"Céu Claro";"Simples";"Reta";"Sim";2;0;1;0;1;0;1;2;-2,881846;-41,665638;"SPRF-PI";"DEL05-PI";"UOP01-DEL05-PI"
362998;2021-06-09;"quarta-feira";"08:45:00";"ES";482;9,2;"CACHOEIRO DE ITAPEMIRIM";"Restrição de visibilidade em curvas horizontais";"Colisão lateral mesmo sentido";"Com Vítimas Feridas";"Pleno dia";"Crescente";"Céu Claro";"Dupla";"Curva";"Sim";3;0;1;0;2;0;1;2;-20,86082851;-41,11900797;"SPRF-ES";"DEL03-ES";"UOP02-DEL03-ES"
362999;2021-05-29;"sábado";"10:25:00";"MS";158;104,4;"PARANAIBA";"Mal súbito do condutor";"Colisão com objeto";"Sem Vítimas";"Pleno dia";"Crescente";"Sol";"Simples";"Reta";"Não";2;0;0;0;1;1;0;2;-19,735575;-51,131191;"SPRF-MS";"DEL08-MS";"UOP01-DEL08-MS"
363001;2021-06-09;"quarta-feira";"06:30:00";"PE";101;124;"ESCADA";"Reação tardia ou ineficiente do condutor";"Colisão traseira";"Com Vítimas Feridas";"Pleno dia";"Crescente";"Céu Claro";"Dupla";"Reta";"Sim";3;0;0;1;1;1;1;3;-8,361745;-35,213108;"SPRF-PE";"DEL01-PE";"UOP01-DEL01-PE"
363003;2021-06-09;"quarta-feira";"09:00:00";"MG";381;350;"JOAO MONLEVADE";"Velocidade Incompatível";"Tombamento";"Com Vítimas Feridas";"Pleno dia";"Decrescente";"Céu Claro";"Dupla";"Curva";"Não";2;0;1;0;0;2;1;3;-19,84953832;-43,15779198;"SPRF-MG";"DEL03-MG";"UOP01-DEL03-MG"
363004;2021-06-01;"terça-feira";"05:10:00";"MS";267;358;"MARACAJU";"Neblina";"Colisão com objeto";"Com Vítimas Feridas";"Amanhecer";"Decrescente";"Nevoeiro/Neblina";"Simples";"Rotatória";"Não";2;0;1;0;1;0;1;1;-21,649118;-55,095573;"SPRF-MS";"DEL02-MS";"UOP02-DEL02-MS"
363007;2021-06-01;"terça-feira";"16:00:00";"MS";163;368,6;"NOVA ALVORADA DO SUL";"Ingestão de álcool pelo condutor";"Saída de leito carroçável";"Sem Vítimas";"Pleno dia";"Decrescente";"Céu Claro";"Simples";"Reta";"Não";2;0;0;0;1;3;0;4;-21,43831812;-54,37684031;"SPRF-MS";"DEL02-MS";"UOP01-DEL02-MS"
363013;2021-06-08;"terça-feira";"15:00:00";"BA";101;433;"MARAU";"Reação tardia ou ineficiente do condutor";"Tombamento";"Sem Vítimas";"Anoitecer";"Crescente";"Nublado";"Simples";"Reta";"Não";2;0;0;0;1;2;0;3;-14,20581364;-39,31732178;"SPRF-BA";"DEL05-BA";"UOP01-DEL05-BA"
363015;2021-06-09;"quarta-feira";"09:55:00";"MG";381;660,3;"SANTO ANTONIO DO AMPARO";"Ausência de reação do condutor";"Colisão traseira";"Com Vítimas Feridas";"Pleno dia";"Decrescente";"Céu Claro";"Dupla";"Reta;Aclive";"Não";3;0;0;1;2;0;1;2;-21,032535;-45,002186;"SPRF-MG";"DEL04-MG";"UOP02-DEL04-MG"
363016;2021-06-09;"quarta-feira";"10:00:00";"MG";381;918,9;"CAMANDUCAIA";"Demais falhas mecânicas ou elétricas";"Eventos atípicos";"Com Vítimas Feridas";"Pleno dia";"Crescente";"Sol";"Dupla";"Curva;Aclive";"Não";2;0;1;0;1;0;1;2;-22,7716591;-46,19193618;"SPRF-MG";"DEL16-MG";"UOP03-DEL16-MG"
363017;2021-06-09;"quarta-feira";"09:25:00";"PR";277;37,5;"MORRETES";"Demais falhas mecânicas ou elétricas";"Tombamento";"Sem Vítimas";"Pleno dia";"Decrescente";"Céu Claro";"Dupla";"Curva";"Não";2;0;0;0;1;2;0;3;-25,56011566;-48,81439895;"SPRF-PR";"DEL01-PR";"UOP05-DEL01-PR"
363022;2021-06-09;"quarta-feira";"06:00:00";"CE";116;345,3;"JAGUARIBE";"Condutor deixou de manter distância do veículo da frente";"Colisão traseira";"Sem Vítimas";"Pleno dia";"Crescente";"Céu Claro";"Simples";"Curva";"Sim";4;0;0;0;2;5;0;7;-6,20241302;-38,66606767;"SPRF-CE";"DEL05-CE";"UOP02-DEL05-CE"
363025;2021-05-13;"quinta-feira";"08:00:00";"TO";153;248;"COLINAS DO TOCANTINS";"Pedestre cruzava a pista fora da faixa";"Atropelamento de Pedestre";"Com Vítimas Fatais";"Pleno dia";"Crescente";"Céu Claro";"Múltipla";"Reta";"Sim";2;1;0;0;0;1;0;2;-8,06220097;-48,46672098;"SPRF-TO";"DEL02-TO";"UOP01-DEL02-TO"
363034;2021-06-09;"quarta-feira";"10:30:00";"BA";242;236;"ITABERABA";"Condutor deixou de manter distância do veículo da frente";"Colisão traseira";"Com Vítimas Feridas";"Pleno dia";"Crescente";"Nublado";"Simples";"Curva";"Não";3;0;1;0;1;2;1;4;-12,52884957;-40,36965774;"SPRF-BA";"DEL06-BA";"UOP02-DEL06-BA"
363038;2021-06-09;"quarta-feira";"13:00:00";"PR";277;303;"PRUDENTOPOLIS";"Problema na suspensão";"Saída de leito carroçável";"Com Vítimas Feridas";"Pleno dia";"Crescente";"Céu Claro";"Simples";"Reta";"Sim";1;0;1;0;0;0;1;1;-25,31295048;-51,17675766;"SPRF-PR";"DEL08-PR";"UOP01-DEL08-PR"
363041;2021-06-09;"quarta-feira";"09:05:00";"SC";470;225,5;"SAO CRISTOVAO DO SUL";"Velocidade Incompatível";"Tombamento";"Com Vítimas Feridas";"Pleno dia";"Crescente";"Chuva";"Simples";"Curva";"Não";2;0;1;0;0;1;1;2;-27,328018;-50,351475;"SPRF-SC";"DEL05-SC";"UOP03-DEL05-SC"
363042;2021-06-09;"quarta-feira";"10:10:00";"PR";116;195,5;"CAMPO DO TENENTE";"Velocidade Incompatível";"Colisão frontal";"Com Vítimas Feridas";"Pleno dia";"Crescente";"Garoa/Chuvisco";"Simples";"Curva";"Não";3;0;1;0;1;2;1;4;-25,99595516;-49,66757935;"SPRF-SC";"DEL06-SC";"UOP01-DEL06-SC"
363052;2021-06-09;"quarta-feira";"10:20:00";"MG";40;43,8;"PARACATU";"Ausência de reação do condutor";"Colisão frontal";"Com Vítimas Feridas";"Plena Noite";"Crescente";"Céu Claro";"Simples";"Reta";"Sim";2;0;1;0;1;0;1;2;-17,22598002;-46,86163701;"SPRF-MG";"DEL14-MG";"UOP01-DEL14-MG"
363056;2021-06-09;"quarta-feira";"14:30:00";"BA";324;518;"FEIRA DE SANTANA";"Ingestão de álcool pelo condutor";"Colisão lateral mesmo sentido";"Sem Vítimas";"Pleno dia";"Decrescente";"Céu Claro";"Dupla";"Interseção de Vias";"Sim";3;0;0;0;2;1;0;3;-12,258195;-38,932182;"SPRF-BA";"DEL02-BA";"UOP01-DEL02-BA"
363059;2021-06-09;"quarta-feira";"11:20:00";"RS";392;277,9;"SAO SEPE";"Velocidade Incompatível";"Tombamento";"Com Vítimas Feridas";"Pleno dia";"Decrescente";"Nublado";"Simples";"Declive;Curva";"Não";2;0;0;1;0;2;1;3;-30,32569095;-53,53033243;"SPRF-RS";"DEL09-RS";"UOP02-DEL09-RS"
363060;2021-06-09;"quarta-feira";"15:05:00";"SP";116;211;"GUARULHOS";"Manobra de mudança de faixa";"Colisão traseira";"Com Vítimas Feridas";"Pleno dia";"Crescente";"Céu Claro";"Múltipla";"Reta";"Não";5;0;1;0;2;2;1;4;-23,4324306;-46,4194352;"SPRF-SP";"DEL01-SP";"UOP01-DEL01-SP"
363062;2021-05-21;"sexta-feira";"17:35:00";"MT";163;747;"SORRISO";"Velocidade Incompatível";"Colisão transversal";"Com Vítimas Feridas";"Anoitecer";"Crescente";"Céu Claro";"Dupla";"Interseção de Vias;Reta;Rotatória";"Sim";4;0;2;0;1;3;2;5;-12,69420885;-55,80767215;"SPRF-MT";"DEL06-MT";"UOP01-DEL06-MT"
363066;2021-06-09;"quarta-feira";"15:55:00";"PR";376;505;"PONTA GROSSA";"Reação tardia ou ineficiente do condutor";"Colisão traseira";"Com Vítimas Feridas";"Pleno dia";"Decrescente";"Céu Claro";"Dupla";"Reta";"Sim";3;0;0;1;1;1;1;3;-25,23727809;-50,03847808;"SPRF-PR";"DEL03-PR";"UOP01-DEL03-PR"
363070;2021-06-09;"quarta-feira";"15:15:00";"MS";163;697;"RIO VERDE DE MATO GROSSO";"Demais falhas mecânicas ou elétricas";"Eventos atípicos";"Com Vítimas Feridas";"Pleno dia";"Decrescente";"Céu Claro";"Simples";"Curva";"Não";2;0;0;1;0;1;1;2;-18,78267807;-54,82820046;"SPRF-MS";"DEL06-MS";"UOP01-DEL06-MS"
363071;2021-06-09;"quarta-feira";"16:45:00";"DF";70;11,2;"BRASILIA";"Retorno proibido";"Colisão lateral mesmo sentido";"Sem Vítimas";"Pleno dia";"Crescente";"Céu Claro";"Dupla";"Retorno Regulamentado";"Não";2;0;0;0;2;0;0;2;-15,789762;-48,148727;"SPRF-DF";"DEL03-DF";"UOP02-DEL03-DF"
363072;2021-06-09;"quarta-feira";"15:30:00";"GO";153;657,5;"GOIATUBA";"Condutor Dormindo";"Colisão traseira";"Com Vítimas Feridas";"Pleno dia";"Crescente";"Céu Claro";"Dupla";"Aclive";"Não";3;0;0;1;1;1;1;3;-18,0277;-49,265;"SPRF-GO";"DEL03-GO";"UOP01-DEL03-GO"
363076;2021-06-09;"quarta-feira";"16:24:00";"SP";116;41;"CACHOEIRA PAULISTA";"Demais falhas mecânicas ou elétricas";"Incêndio";"Sem Vítimas";"Pleno dia";"Crescente";"Sol";"Dupla";"Reta;Aclive";"Não";2;0;0;0;1;2;0;3;-22,68631027;-45,0146498;"SPRF-SP";"DEL08-SP";"UOP02-DEL08-SP"
363079;2021-05-25;"terça-feira";"07:10:00";"SP";116;26,3;"LAVRINHAS";"Condutor Dormindo";"Saída de leito carroçável";"Com Vítimas Feridas";"Pleno dia";"Decrescente";"Céu Claro";"Dupla";"Curva";"Não";2;0;1;0;0;1;1;2;-22,61419397;-44,90005302;"SPRF-SP";"DEL08-SP";"UOP02-DEL08-SP"
363083;2021-06-09;"quarta-feira";"16:25:00";"TO";153;346;"GUARAI";"Acessar a via sem observar a presença dos outros veículos";"Colisão transversal";"Com Vítimas Feridas";"Pleno dia";"Crescente";"Céu Claro";"Simples";"Interseção de Vias";"Não";2;0;1;0;1;0;1;2;-8,94384509;-48,50359317;"SPRF-TO";"DEL02-TO";"UOP01-DEL02-TO"
363089;2021-06-09;"quarta-feira";"17:25:00";"CE";20;429;"FORTALEZA";"Pista esburacada";"Tombamento";"Com Vítimas Fatais";"Anoitecer";"Decrescente";"Céu Claro";"Dupla";"Reta";"Sim";3;1;1;0;1;0;1;2;-3,76999035;-38,67006282;"SPRF-CE";"DEL01-CE";"UOP02-DEL01-CE"
363091;2021-06-09;"quarta-feira";"16:00:00";"MG";40;588,1;"ITABIRITO";"Demais falhas mecânicas ou elétricas";"Colisão com objeto";"Com Vítimas Feridas";"Pleno dia";"Crescente";"Céu Claro";"Simples";"Curva";"Não";2;0;1;0;0;1;1;2;-20,355527;-43,909504;"SPRF-MG";"DEL01-MG";"UOP02-DEL01-MG"
363098;2021-03-08;"segunda-feira";"18:15:00";"ES";101;270;"SERRA";"Manobra de mudança de faixa";"Colisão lateral mesmo sentido";"Com Vítimas Feridas";"Anoitecer";"Decrescente";"Chuva";"Múltipla";"Reta";"Sim";3;0;0;1;1;1;1;3;-20,22662056;-40,27075088;"SPRF-ES";"DEL02-ES";"UOP01-DEL02-ES"
363100;2021-06-09;"quarta-feira";"18:30:00";"RN";304;35;"MOSSORO";"Condutor deixou de manter distância do veículo da frente";"Colisão traseira";"Com Vítimas Feridas";"Plena Noite";"Crescente";"Céu Claro";"Simples";"Rotatória";"Sim";3;0;2;0;1;0;2;2;-5,16149497;-37,35068212;"SPRF-RN";"DEL04-RN";"UOP02-DEL04-RN"
363101;2021-05-27;"quinta-feira";"16:00:00";"PE";110;104,1;"SERTANIA";"Curva acentuada";"Colisão frontal";"Com Vítimas Fatais";"Pleno dia";"Crescente";"Céu Claro";"Simples";"Curva";"Não";4;1;0;0;2;1;0;2;-8,3988809;-37,34819098;"SPRF-PE";"DEL03-PE";"UOP02-DEL03-PE"
363102;2021-06-09;"quarta-feira";"11:35:00";"RR";210;125;"SAO LUIZ";"Ultrapassagem Indevida";"Colisão traseira";"Com Vítimas Fatais";"Pleno dia";"Crescente";"Ignorado";"Simples";"Reta";"Não";4;1;0;1;1;1;1;3;0,9778197;-59,97977725;"SPRF-RR";"DEL01-RR";"UOP01-DEL01-RR"
363108;2021-06-09;"quarta-feira";"16:35:00";"SC";116;225,7;"CORREIA PINTO";"Velocidade Incompatível";"Tombamento";"Com Vítimas Feridas";"Pleno dia";"Decrescente";"Céu Claro";"Simples";"Reta";"Não";2;0;1;0;0;2;1;3;-27,63183218;-50,34047127;"SPRF-SC";"DEL05-SC";"UOP03-DEL05-SC"
363112;2021-06-09;"quarta-feira";"09:30:00";"SC";101;113,9;"ITAJAI";"Manobra de mudança de faixa";"Colisão lateral mesmo sentido";"Com Vítimas Feridas";"Pleno dia";"Crescente";"Nublado";"Múltipla";"Reta";"Sim";2;0;0;1;1;0;1;2;-26,85311393;-48,72689927;"SPRF-SC";"DEL04-SC";"UOP04-DEL04-SC"
363117;2021-06-09;"quarta-feira";"19:45:00";"GO";414;437;"ANAPOLIS";"Ingestão de álcool pelo condutor";"Colisão traseira";"Sem Vítimas";"Plena Noite";"Crescente";"Céu Claro";"Simples";"Reta;Aclive";"Sim";2;0;0;0;2;0;0;2;-16,26365299;-48,93824303;"SPRF-GO";"DEL02-GO";"UOP01-DEL02-GO"
363120;2021-06-09;"quarta-feira";"18:45:00";"MA";10;255;"IMPERATRIZ";"Transitar no acostamento";"Tombamento";"Com Vítimas Fatais";"Pleno dia";"Crescente";"Céu Claro";"Simples";"Reta";"Sim";3;1;0;0;1;2;0;4;-5,508798;-47,471718;"SPRF-MA";"DEL04-MA";"UOP01-DEL04-MA"