"id";"data_inversa";"dia_semana";"horario";"uf";"br";"km";"municipio";"causa_acidente";"tipo_acidente";"classificacao_acidente";"fase_dia";"sentido_via";"condicao_metereologica";"tipo_pista";"tracado_via";"uso_solo";"pessoas";"mortos";"feridos_leves";"feridos_graves";"ilesos";"ignorados";"feridos";"veiculos";"latitude";"longitude";"regional";"delegacia";"uop"
363664;2021-06-12;"sábado";"13:00:00";"SC";101;111;"NAVEGANTES";"Acessar a via sem observar a presença dos outros veículos";"Colisão lateral mesmo sentido";"Com Vítimas Feridas";"Pleno dia";"Decrescente";"Céu Claro";"Dupla";"Curva";"Sim";3;0;0;1;1;1;1;3;-26,83955734;-48,71418074;"SPRF-SC";"DEL04-SC";"UOP04-DEL04-SC"
363669;2021-06-12;"sábado";"13:25:00";"PR";369;146,4;"LONDRINA";"Trafegar com motocicleta (ou similar) entre as faixas";"Colisão lateral mesmo sentido";"Com Vítimas Feridas";"Pleno dia";"Decrescente";"Céu Claro";"Dupla";"Reta";"Sim";3;0;0;1;2;0;1;3;-23,29325913;-51,12721682;"SPRF-PR";"DEL07-PR";"UOP01-DEL07-PR"
363670;2021-06-12;"sábado";"13:20:00";"ES";101;295,5;"CARIACICA";"Condutor deixou de manter distância do veículo da frente";"Colisão traseira";"Com Vítimas Feridas";"Pleno dia";"Decrescente";"Nublado";"Dupla";"Reta";"Sim";3;0;1;0;1;1;1;3;-20,32901373;-40,39846659;"SPRF-ES";"DEL01-ES";"UOP01-DEL01-ES"
363671;2021-06-12;"sábado";"10:40:00";"PE";101;70;"RECIFE";"Ingestão de álcool pelo condutor";"Saída de leito carroçável";"Sem Vítimas";"Pleno dia";"Decrescente";"Céu Claro";"Dupla";"Curva";"Sim";5;0;0;0;1;4;0;3;-8,06776119;-34,94265074;"SPRF-PE";"DEL01-PE";"UOP01-DEL01-PE"
363677;2021-06-12;"sábado";"14:30:00";"SP";381;29,5;"ATIBAIA";"Pista em desnível";"Colisão lateral mesmo sentido";"Com Vítimas Feridas";"Pleno dia";"Decrescente";"Céu Claro";"Dupla";"Reta";"Não";3;0;2;0;1;0;2;2;-23,04177622;-46,55896672;"SPRF-SP";"DEL03-SP";"UOP01-DEL03-SP"
363689;2021-06-12;"sábado";"12:30:00";"PE";101;70;"RECIFE";"Obras na pista";"Colisão lateral mesmo sentido";"Com Vítimas Feridas";"Pleno dia";"Decrescente";"Céu Claro";"Simples";"Em Obras";"Sim";3;0;1;0;1;2;1;4;-8,06776119;-34,94265074;"SPRF-PE";"DEL01-PE";"UOP01-DEL01-PE"
363690;2021-06-12;"sábado";"16:00:00";"PR";376;491,2;"PONTA GROSSA";"Condutor deixou de manter distância do veículo da frente";"Colisão traseira";"Com Vítimas Feridas";"Pleno dia";"Crescente";"Céu Claro";"Dupla";"Curva";"Não";3;0;1;0;1;5;1;7;-25,15559918;-50,13322909;"SPRF-PR";"DEL03-PR";"UOP01-DEL03-PR"
363696;2021-06-12;"sábado";"15:30:00";"GO";60;105,1;"GOIANAPOLIS";"Reação tardia ou ineficiente do condutor";"Tombamento";"Com Vítimas Feridas";"Pleno dia";"Crescente";"Céu Claro";"Dupla";"Reta";"Não";1;0;1;0;0;0;1;1;-16,4156;-49,0087;"SPRF-GO";"DEL02-GO";"UOP01-DEL02-GO"
363697;2021-06-12;"sábado";"08:45:00";"MG";381;724,8;"CARMO DA CACHOEIRA";"Velocidade Incompatível";"Saída de leito carroçável";"Sem Vítimas";"Pleno dia";"Decrescente";"Sol";"Dupla";"Curva";"Não";2;0;0;0;1;1;0;2;-21,462253;-45,205783;"SPRF-MG";"DEL04-MG";"UOP02-DEL04-MG"
363698;2021-06-12;"sábado";"16:00:00";"MG";381;563,7;"ITAGUARA";"Velocidade Incompatível";"Saída de leito carroçável";"Com Vítimas Feridas";"Pleno dia";"Decrescente";"Céu Claro";"Dupla";"Curva";"Sim";3;0;1;0;1;1;1;3;-20,40233189;-44,509134;"SPRF-MG";"DEL04-MG";"UOP03-DEL04-MG"
363707;2021-06-12;"sábado";"16:40:00";"TO";153;160;"ARAGUAINA";"Reação tardia ou ineficiente do condutor";"Colisão lateral mesmo sentido";"Sem Vítimas";"Pleno dia";"Decrescente";"Céu Claro";"Simples";"Reta";"Não";2;0;0;0;2;0;0;2;-7,32115694;-48,3055211;"SPRF-TO";"DEL02-TO";"UOP01-DEL02-TO"
363712;2021-06-12;"sábado";"13:15:00";"MG";251;472,8;"FRANCISCO SA";"Problema com o freio";"Tombamento";"Sem Vítimas";"Pleno dia";"Crescente";"Céu Claro";"Simples";"Declive";"Não";1;0;0;0;1;0;0;1;-16,4669101;-43,43947986;"SPRF-MG";"DEL12-MG";"UOP01-DEL12-MG"
363717;2021-06-12;"sábado";"10:50:00";"PR";376;499;"PONTA GROSSA";"Velocidade Incompatível";"Saída de leito carroçável";"Sem Vítimas";"Pleno dia";"Crescente";"Céu Claro";"Dupla";"Declive;Em Obras";"Sim";4;0;0;0;3;4;0;7;-25,19475149;-50,07738945;"SPRF-PR";"DEL03-PR";"UOP01-DEL03-PR"
363718;2021-06-12;"sábado";"11:00:00";"BA";101;429;"MARAU";"Velocidade Incompatível";"Saída de leito carroçável";"Com Vítimas Feridas";"Pleno dia";"Decrescente";"Céu Claro";"Simples";"Declive;Curva";"Não";2;0;1;0;0;1;1;2;-14,17252878;-39,32384491;"SPRF-BA";"DEL05-BA";"UOP01-DEL05-BA"
363722;2021-06-12;"sábado";"16:35:00";"CE";116;193,9;"LIMOEIRO DO NORTE";"Desrespeitar a preferência no cruzamento";"Colisão transversal";"Sem Vítimas";"Pleno dia";"Decrescente";"Céu Claro";"Simples";"Interseção de Vias";"Sim";3;0;0;0;1;2;0;3;-5,150127;-38,155622;"SPRF-CE";"DEL03-CE";"UOP01-DEL03-CE"
363726;2021-06-12;"sábado";"17:45:00";"PE";316;3,4;"ARARIPINA";"Manobra de mudança de faixa";"Colisão frontal";"Com Vítimas Fatais";"Anoitecer";"Decrescente";"Céu Claro";"Simples";"Reta";"Não";3;1;0;0;1;1;0;3;-7,45623884;-40,63650592;"SPRF-PE";"DEL05-PE";"UOP02-DEL05-PE"
363732;2021-05-13;"quinta-feira";"11:28:00";"SC";101;282;"IMBITUBA";"Manobra de mudança de faixa";"Colisão transversal";"Com Vítimas Feridas";"Pleno dia";"Crescente";"Céu Claro";"Simples";"Interseção de Vias;Reta";"Sim";4;0;1;1;1;1;2;3;-28,19626005;-48,69739859;"SPRF-SC";"DEL02-SC";"UOP03-DEL02-SC"
363745;2021-06-12;"sábado";"19:00:00";"SP";116;71,7;"APARECIDA";"Reação tardia ou ineficiente do condutor";"Colisão lateral mesmo sentido";"Com Vítimas Feridas";"Plena Noite";"Crescente";"Céu Claro";"Dupla";"Reta";"Sim";6;0;1;0;4;1;1;4;-22,85651665;-45,23114328;"SPRF-SP";"DEL08-SP";"UOP01-DEL08-SP"
363759;2021-06-12;"sábado";"17:42:00";"CE";402;259,8;"ITAPIPOCA";"Ingestão de álcool pelo condutor";"Colisão transversal";"Com Vítimas Fatais";"Anoitecer";"Crescente";"Céu Claro";"Dupla";"Reta";"Sim";2;1;0;0;1;0;0;2;-3,49114674;-39,60373878;"SPRF-CE";"DEL01-CE";"UOP03-DEL01-CE"
363765;2021-06-12;"sábado";"18:00:00";"MG";116;76;"MEDINA";"Problema com o freio";"Colisão transversal";"Sem Vítimas";"Plena Noite";"Crescente";"Nublado";"Simples";"Curva";"Não";2;0;0;0;2;0;0;2;-16,25247313;-41,47027228;"SPRF-MG";"DEL11-MG";"UOP02-DEL11-MG"
363775;2021-06-12;"sábado";"20:25:00";"SC";101;201;"SAO JOSE";"Pedestre andava na pista";"Atropelamento de Pedestre";"Com Vítimas Feridas";"Plena Noite";"Decrescente";"Céu Claro";"Dupla";"Reta";"Sim";3;0;0;1;1;1;1;2;-27,54836599;-48,61977975;"SPRF-SC";"DEL01-SC";"UOP01-DEL01-SC"
363788;2021-06-12;"sábado";"20:40:00";"SC";101;290;"IMBITUBA";"Reação tardia ou ineficiente do condutor";"Colisão lateral mesmo sentido";"Sem Vítimas";"Plena Noite";"Decrescente";"Céu Claro";"Dupla";"Reta";"Sim";3;0;0;0;1;2;0;3;-28,26202477;-48,70403355;"SPRF-SC";"DEL02-SC";"UOP03-DEL02-SC"
363790;2021-06-12;"sábado";"20:45:00";"MG";381;525,5;"BRUMADINHO";"Velocidade Incompatível";"Capotamento";"Com Vítimas Feridas";"Plena Noite";"Crescente";"Nublado";"Dupla";"Declive;Curva";"Não";2;0;1;0;0;1;1;2;-20,147524;-44,324285;"SPRF-MG";"DEL04-MG";"UOP03-DEL04-MG"
363793;2021-06-12;"sábado";"21:30:00";"MG";381;707,2;"NEPOMUCENO";"Velocidade Incompatível";"Saída de leito carroçável";"Com Vítimas Feridas";"Plena Noite";"Decrescente";"Céu Claro";"Dupla";"Curva";"Não";1;0;1;0;0;0;1;1;-21,36199299;-45,19169583;"SPRF-MG";"DEL04-MG";"UOP02-DEL04-MG"
363794;2021-06-12;"sábado";"20:20:00";"MG";116;637;"DIVINO";"Ingestão de álcool pelo condutor";"Colisão lateral sentido oposto";"Com Vítimas Feridas";"Plena Noite";"Decrescente";"Nublado";"Simples";"Reta";"Não";2;0;1;0;1;0;1;2;-20,63146426;-42,23128486;"SPRF-MG";"DEL07-MG";"UOP03-DEL07-MG"
363814;2021-06-13;"domingo";"00:45:00";"BA";20;109;"SAO DESIDERIO";"Ingestão de álcool pelo condutor";"Colisão frontal";"Com Vítimas Fatais";"Plena Noite";"Crescente";"Céu Claro";"Simples";"Reta";"Não";4;1;1;1;1;0;2;2;-13,011978;-45,99829;"SPRF-BA";"DEL10-BA";"UOP01-DEL10-BA"
363829;2021-06-13;"domingo";"03:45:00";"PR";277;346,4;"GUARAPUAVA";"Demais falhas mecânicas ou elétricas";"Tombamento";"Sem Vítimas";"Plena Noite";"Crescente";"Céu Claro";"Simples";"Interseção de Vias;Reta";"Sim";2;0;0;0;1;1;0;2;-25,36629137;-51,49180949;"SPRF-PR";"DEL08-PR";"UOP01-DEL08-PR"
363844;2021-06-13;"domingo";"06:50:00";"PR";277;140;"BALSA NOVA";"Velocidade Incompatível";"Tombamento";"Com Vítimas Feridas";"Amanhecer";"Crescente";"Nublado";"Simples";"Viaduto;Interseção de Vias";"Sim";2;0;0;1;0;1;1;2;-25,466355;-49,7260496;"SPRF-PR";"DEL01-PR";"UOP03-DEL03-PR"
363847;2021-06-13;"domingo";"05:00:00";"BA";116;713;"MANOEL VITORINO";"Demais falhas mecânicas ou elétricas";"Incêndio";"Sem Vítimas";"Amanhecer";"Decrescente";"Céu Claro";"Simples";"Reta";"Sim";2;0;0;0;1;1;0;2;-14,17534307;-40,25947636;"SPRF-BA";"DEL03-BA";"UOP01-DEL03-BA"
363852;2021-06-13;"domingo";"09:05:00";"MG";381;491;"BETIM";"Ausência de reação do condutor";"Colisão lateral mesmo sentido";"Sem Vítimas";"Pleno dia";"Decrescente";"Céu Claro";"Dupla";"Declive;Curva";"Sim";3;0;0;0;1;2;0;3;-19,97018187;-44,18210416;"SPRF-MG";"DEL01-MG";"UOP03-DEL01-MG"
363860;2021-06-13;"domingo";"08:00:00";"MT";364;357,4;"SANTO ANTONIO DO LEVERGER";"Velocidade Incompatível";"Tombamento";"Sem Vítimas";"Pleno dia";"Decrescente";"Céu Claro";"Dupla";"Curva";"Não";3;0;0;0;2;2;0;3;-15,78489984;-55,60855772;"SPRF-MT";"DEL05-MT";"UOP02-DEL05-MT"
363874;2021-06-13;"domingo";"08:40:00";"GO";153;85;"SANTA TEREZA DE GOIAS";"Reação tardia ou ineficiente do condutor";"Colisão traseira";"Sem Vítimas";"Pleno dia";"Decrescente";"Céu Claro";"Simples";"Reta";"Não";3;0;0;0;2;2;0;4;-13,553497;-49,082798;"SPRF-GO";"DEL07-GO";"UOP01-DEL07-GO"
363875;2021-06-13;"domingo";"10:00:00";"BA";116;910;"ENCRUZILHADA";"Transitar na contramão";"Colisão lateral sentido oposto";"Com Vítimas Feridas";"Pleno dia";"Decrescente";"Nublado";"Simples";"Declive";"Não";5;0;2;0;2;1;2;4;-15,515769;-41,238482;"SPRF-BA";"DEL08-BA";"UOP03-DEL08-BA"
363876;2021-06-13;"domingo";"10:25:00";"SC";116;233;"CORREIA PINTO";"Carga excessiva e/ou mal acondicionada";"Colisão com objeto";"Sem Vítimas";"Pleno dia";"Decrescente";"Céu Claro";"Simples";"Reta";"Não";2;0;0;0;1;1;0;2;-27,69306795;-50,33623941;"SPRF-SC";"DEL05-SC";"UOP01-DEL05-SC"
363879;2021-06-13;"domingo";"08:15:00";"PR";373;359;"ORTIGUEIRA";"Reação tardia ou ineficiente do condutor";"Colisão frontal";"Com Vítimas Feridas";"Pleno dia";"Decrescente";"Céu Claro";"Simples";"Curva";"Não";3;0;1;1;0;3;2;5;-24,26654;-50,8946098;"SPRF-PR";"DEL08-PR";"UOP01-DEL08-PR"
363887;2021-06-13;"domingo";"12:55:00";"GO";153;502,8;"GOIANIA";"Reação tardia ou ineficiente do condutor";"Colisão traseira";"Com Vítimas Feridas";"Pleno dia";"Decrescente";"Sol";"Dupla";"Reta";"Não";3;0;1;0;1;1;1;3;-16,7287;-49,2424;"SPRF-GO";"DEL01-GO";"UOP01-DEL01-GO"
363894;2021-06-13;"domingo";"11:05:00";"RS";285;672;"SAO BORJA";"Reação tardia ou ineficiente do condutor";"Colisão lateral mesmo sentido";"Com Vítimas Feridas";"Pleno dia";"Decrescente";"Sol";"Simples";"Reta";"Sim";4;0;1;0;2;1;1;3;-28,66794;-55,978237;"SPRF-RS";"DEL12-RS";"UOP01-DEL12-RS"
363895;2021-06-13;"domingo";"12:50:00";"MT";163;574;"NOVA MUTUM";"Acostamento em desnível";"Tombamento";"Com Vítimas Feridas";"Pleno dia";"Decrescente";"Céu Claro";"Simples";"Reta";"Não";2;0;1;0;0;2;1;3;-14,13148636;-56,10995832;"SPRF-MT";"DEL01-MT";"UOP01-DEL01-MT"
363899;2021-06-13;"domingo";"13:45:00";"MG";262;863;"CAMPO FLORIDO";"Acessar a via sem observar a presença dos outros veículos";"Colisão transversal";"Com Vítimas Feridas";"Pleno dia";"Crescente";"Céu Claro";"Dupla";"Interseção de Vias";"Não";3;0;0;1;1;1;1;3;-19,789562;-48,419999;"SPRF-MG";"DEL13-MG";"UOP01-DEL13-MG"
363905;2021-06-13;"domingo";"13:50:00";"SP";153;45;"SAO JOSE DO RIO PRETO";"Desrespeitar a preferência no cruzamento";"Colisão transversal";"Com Vítimas Feridas";"Pleno dia";"Decrescente";"Céu Claro";"Simples";"Reta";"Não";5;0;2;0;2;4;2;7;-20,66398299;-49,34086178;"SPRF-SP";"DEL09-SP";"UOP01-DEL09-SP"
363907;2021-06-13;"domingo";"02:20:00";"PR";116;99;"SAO JOSE DOS PINHAIS";"Ausência de reação do condutor";"Saída de leito carroçável";"Com Vítimas Feridas";"Plena Noite";"Decrescente";"Céu Claro";"Dupla";"Curva";"Sim";1;0;1;0;0;0;1;1;-25,56419196;-49,15583979;"SPRF-PR";"DEL01-PR";"UOP01-DEL01-PR"
363908;2021-06-16;"quarta-feira";"08:30:00";"RJ";493;4;"ITABORAI";"Obstrução na via";"Queda de ocupante de veículo";"Com Vítimas Feridas";"Pleno dia";"Decrescente";"Céu Claro";"Dupla";"Reta";"Não";2;0;1;0;1;0;1;2;-22,74828913;-42,9500441;"SPRF-RJ";"DEL02-RJ";"UOP02-DEL02-RJ"
363925;2021-06-13;"domingo";"06:30:00";"MT";158;369,9;"BOM JESUS DO ARAGUAIA";"Manobra de mudança de faixa";"Colisão frontal";"Com Vítimas Feridas";"Amanhecer";"Crescente";"Céu Claro";"Simples";"Reta";"Não";6;0;1;2;0;3;3;4;-12,49577712;-51,76998847;"SPRF-MT";"DEL07-MT";"UOP02-DEL07-MT"
363932;2021-06-13;"domingo";"15:30:00";"MG";116;275,4;"TEOFILO OTONI";"Ingestão de álcool pelo condutor";"Colisão lateral mesmo sentido";"Sem Vítimas";"Pleno dia";"Crescente";"Nublado";"Simples";"Reta";"Sim";3;0;0;0;2;1;0;3;-17,86846089;-41,5171394;"SPRF-MG";"DEL11-MG";"UOP01-DEL11-MG"
363933;2021-06-13;"domingo";"15:40:00";"MA";316;551,5;"CAXIAS";"Ingestão de álcool pelo condutor";"Colisão traseira";"Com Vítimas Feridas";"Pleno dia";"Crescente";"Céu Claro";"Simples";"Reta";"Sim";2;0;0;1;1;0;1;2;-4,886332;-43,353386;"SPRF-MA";"DEL03-MA";"UOP02-DEL03-MA"
363934;2021-06-13;"domingo";"16:30:00";"MT";163;583;"NOVA MUTUM";"Pista Escorregadia";"Capotamento";"Com Vítimas Feridas";"Pleno dia";"Crescente";"Chuva";"Simples";"Declive";"Não";1;0;1;0;0;0;1;1;-14,05793518;-56,09856364;"SPRF-MT";"DEL01-MT";"UOP01-DEL01-MT"
363955;2021-06-13;"domingo";"16:20:00";"MT";364;207,2;"RONDONOPOLIS";"Condutor deixou de manter distância do veículo da frente";"Colisão lateral mesmo sentido";"Sem Vítimas";"Pleno dia";"Crescente";"Céu Claro";"Dupla";"Reta";"Sim";3;0;0;0;2;4;0;6;-16,44347006;-54,67236704;"SPRF-MT";"DEL02-MT";"UOP01-DEL02-MT"
363956;2021-06-13;"domingo";"18:10:00";"SC";470;153,8;"AGRONOMICA";"Velocidade Incompatível";"Engavetamento";"Com Vítimas Feridas";"Plena Noite";"Crescente";"Céu Claro";"Simples";"Curva";"Não";5;0;1;0;3;2;1;6;-27,27664404;-49,74035785;"SPRF-SC";"DEL04-SC";"UOP02-DEL04-SC"
363961;2021-06-13;"domingo";"18:40:00";"SP";116;322;"JUQUITIBA";"Frear bruscamente";"Colisão traseira";"Com Vítimas Feridas";"Plena Noite";"Decrescente";"Céu Claro";"Dupla";"Reta";"Sim";3;0;1;0;1;2;1;4;-23,935106;-47,026682;"SPRF-SP";"DEL04-SP";"UOP01-DEL04-SP"
363964;2021-06-13;"domingo";"18:20:00";"MS";262;392,3;"TERENOS";"Ingestão de álcool pelo condutor";"Colisão traseira";"Com Vítimas Fatais";"Plena Noite";"Decrescente";"Céu Claro";"Simples";"Curva";"Não";5;1;0;0;1;3;0;4;-20,422191;-54,948579;"SPRF-MS";"DEL01-MS";"UOP03-DEL01-MS"
363966;2021-06-13;"domingo";"17:20:00";"MT";174;492;"COMODORO";"Ausência de reação do condutor";"Saída de leito carroçável";"Com Vítimas Feridas";"Anoitecer";"Crescente";"Céu Claro";"Simples";"Curva";"Não";1;0;0;1;0;0;1;1;-13,603022;-59,80190492;"SPRF-MT";"DEL04-MT";"UOP01-DEL04-MT"
363975;2021-06-13;"domingo";"18:10:00";"SC";116;4;"MAFRA";"Acessar a via sem observar a presença dos outros veículos";"Colisão lateral mesmo sentido";"Com Vítimas Feridas";"Plena Noite";"Decrescente";"Céu Claro";"Simples";"Reta";"Sim";4;0;1;0;2;1;1;3;-26,13554917;-49,8072652;"SPRF-SC";"DEL06-SC";"UOP01-DEL06-SC"
363977;2021-06-13;"domingo";"20:00:00";"SE";101;96,7;"NOSSA SENHORA DO SOCORRO";"Condutor deixou de manter distância do veículo da frente";"Colisão traseira";"Sem Vítimas";"Plena Noite";"Decrescente";"Céu Claro";"Dupla";"Reta";"Não";2;0;0;0;1;1;0;2;-10,91774224;-37,16729183;"SPRF-SE";"DEL02-SE";"UOP01-DEL02-SE"
363983;2021-06-13;"domingo";"18:40:00";"MG";116;582,5;"MANHUACU";"Ingestão de álcool pelo condutor";"Colisão traseira";"Com Vítimas Feridas";"Plena Noite";"Crescente";"Nublado";"Simples";"Reta";"Sim";5;0;1;0;1;3;1;5;-20,20514103;-42,18239627;"SPRF-MG";"DEL06-MG";"UOP03-DEL06-MG"
363992;2021-06-13;"domingo";"21:40:00";"SP";153;212;"GUAIMBE";"Manobra de mudança de faixa";"Colisão frontal";"Com Vítimas Fatais";"Plena Noite";"Crescente";"Céu Claro";"Simples";"Reta";"Não";2;1;1;0;0;0;1;2;-21,92633802;-49,91764388;"SPRF-SP";"DEL07-SP";"UOP02-DEL07-SP"
363994;2021-06-13;"domingo";"19:30:00";"MT";163;888;"CLAUDIA";"Ingestão de álcool pelo condutor";"Colisão traseira";"Com Vítimas Feridas";"Plena Noite";"Decrescente";"Céu Claro";"Simples";"Reta";"Não";3;0;1;0;1;1;1;3;-11,5327719;-55,38888518;"SPRF-MT";"DEL06-MT";"NPF/DEL06-MT"
363999;2021-06-13;"domingo";"21:40:00";"DF";70;15;"BRASILIA";"Condutor deixou de manter distância do veículo da frente";"Colisão traseira";"Com Vítimas Feridas";"Plena Noite";"Crescente";"Nublado";"Dupla";"Reta";"Sim";2;0;1;0;1;0;1;2;-15,79903156;-48,18197077;"SPRF-DF";"DEL03-DF";"UOP02-DEL03-DF"
364007;2021-06-13;"domingo";"19:00:00";"PR";153;210;"TIBAGI";"Curva acentuada";"Colisão lateral sentido oposto";"Com Vítimas Feridas";"Plena Noite";"Crescente";"Céu Claro";"Simples";"Curva";"Não";3;0;1;1;0;1;2;2;-24,54274893;-50,44850811;"SPRF-PR";"DEL03-PR";"UOP02-DEL03-PR"
364008;2021-06-13;"domingo";"20:10:00";"RO";364;200;"PIMENTA BUENO";"Ingestão de álcool pelo condutor";"Colisão lateral sentido oposto";"Sem Vítimas";"Plena Noite";"Crescente";"Céu Claro";"Simples";"Reta";"Sim";4;0;0;0;3;1;0;3;-11,65284309;-61,19276342;"SPRF-RO";"DEL02-RO";"UOP02-DEL02-RO"
364025;2021-06-13;"domingo";"23:00:00";"PE";428;141,9;"PETROLINA";"Ingestão de álcool pelo condutor";"Colisão lateral sentido oposto";"Com Vítimas Feridas";"Plena Noite";"Crescente";"Céu Claro";"Simples";"Reta";"Sim";3;0;0;1;1;1;1;3;-8,99987394;-40,2721263;"SPRF-PE";"DEL06-PE";"UOP01-DEL06-PE"
364048;2021-06-14;"segunda-feira";"01:45:00";"RJ";101;16;"CAMPOS DOS GOYTACAZES";"Velocidade Incompatível";"Tombamento";"Com Vítimas Fatais";"Pleno dia";"Decrescente";"Céu Claro";"Simples";"Curva";"Não";2;1;0;1;0;0;1;1;-21,353702;-41,333898;"SPRF-RJ";"DEL08-RJ";"UOP01-DEL08-RJ"
364051;2021-06-14;"segunda-feira";"00:40:00";"MG";116;315,5;"ITAMBACURI";"Ausência de reação do condutor";"Colisão lateral sentido oposto";"Com Vítimas Feridas";"Plena Noite";"Crescente";"Nublado";"Simples";"Reta";"Não";4;0;0;1;2;2;1;4;-18,11098206;-41,69239281;"SPRF-MG";"DEL11-MG";"UOP01-DEL11-MG"
364052;2021-06-14;"segunda-feira";"02:20:00";"PR";116;97;"SAO JOSE DOS PINHAIS";"Ausência de reação do condutor";"Colisão traseira";"Sem Vítimas";"Plena Noite";"Decrescente";"Nevoeiro/Neblina";"Dupla";"Reta";"Não";2;0;0;0;2;0;0;2;-25,51232495;-49,12871007;"SPRF-PR";"DEL01-PR";"UOP01-DEL01-PR"
364053;2021-06-14;"segunda-feira";"02:35:00";"SC";101;395;"CRICIUMA";"Condutor Dormindo";"Colisão traseira";"Com Vítimas Feridas";"Plena Noite";"Decrescente";"Nevoeiro/Neblina";"Dupla";"Reta";"Não";2;0;1;0;1;0;1;2;-28,83053855;-49,413414;"SPRF-SC";"DEL02-SC";"UOP02-DEL02-SC"
364061;2021-06-14;"segunda-feira";"05:20:00";"PR";376;521,5;"PONTA GROSSA";"Condutor Dormindo";"Saída de leito carroçável";"Com Vítimas Feridas";"Plena Noite";"Decrescente";"Céu Claro";"Dupla";"Curva";"Não";2;0;0;1;1;0;1;1;-25,28834128;-49,90237918;"SPRF-PR";"DEL03-PR";"UOP01-DEL03-PR"
364062;2021-06-14;"segunda-feira";"05:00:00";"RS";290;202;"RIO PARDO";"Condutor Dormindo";"Colisão frontal";"Com Vítimas Feridas";"Plena Noite";"Crescente";"Céu Claro";"Simples";"Reta";"Não";4;0;1;0;2;4;1;7;-30,172281;-52,237423;"SPRF-RS";"DEL02-RS";"UOP03-DEL02-RS"
364068;2021-05-09;"domingo";"15:00:00";"PA";10;194,4;"IPIXUNA DO PARA";"Ultrapassagem Indevida";"Tombamento";"Com Vítimas Feridas";"Pleno dia";"Crescente";"Céu Claro";"Simples";"Reta";"Não";4;0;1;0;0;4;1;5;-2,73435192;-47,46235362;"SPRF-PA";"DEL02-PA";"UOP01-DEL02-PA"
364074;2021-06-13;"domingo";"22:00:00";"SC";116;127,5;"SANTA CECILIA";"Ingestão de álcool pelo condutor";"Colisão transversal";"Com Vítimas Feridas";"Plena Noite";"Crescente";"Nublado";"Simples";"Interseção de Vias";"Não";3;0;1;0;1;1;1;3;-26,87270031;-50,41550285;"SPRF-SC";"DEL06-SC";"UOP02-DEL06-SC"
364076;2021-06-14;"segunda-feira";"04:25:00";"MG";50;134,7;"UBERABA";"Condutor Dormindo";"Saída de leito carroçável";"Com Vítimas Feridas";"Pleno dia";"Decrescente";"Céu Claro";"Dupla";"Reta";"Não";2;0;0;1;0;2;1;3;-19,42456131;-48,06956773;"SPRF-MG";"DEL13-MG";"UOP01-DEL13-MG"
364077;2021-06-14;"segunda-feira";"07:15:00";"ES";101;339;"GUARAPARI";"Condutor deixou de manter distância do veículo da frente";"Colisão traseira";"Com Vítimas Fatais";"Pleno dia";"Crescente";"Céu Claro";"Simples";"Curva";"Não";9;1;2;3;2;1;5;5;-20,64347205;-40,55826601;"SPRF-ES";"DEL03-ES";"UOP01-DEL03-ES"
364078;2021-05-12;"quarta-feira";"08:00:00";"GO";153;506,8;"APARECIDA DE GOIANIA";"Trafegar com motocicleta (ou similar) entre as faixas";"Colisão lateral mesmo sentido";"Com Vítimas Feridas";"Pleno dia";"Crescente";"Céu Claro";"Dupla";"Reta;Declive";"Sim";3;0;0;1;1;1;1;3;-16,7633;-49,24;"SPRF-GO";"DEL01-GO";"UOP01-DEL01-GO"
364082;2021-06-14;"segunda-feira";"06:30:00";"ES";101;337,3;"GUARAPARI";"Demais falhas mecânicas ou elétricas";"Tombamento";"Com Vítimas Feridas";"Pleno dia";"Crescente";"Céu Claro";"Simples";"Reta";"Não";2;0;1;0;0;1;1;2;-20,63575379;-40,54199324;"SPRF-ES";"DEL03-ES";"UOP01-DEL03-ES"
364086;2021-06-14;"segunda-feira";"08:00:00";"PR";277;720,9;"FOZ DO IGUACU";"Velocidade Incompatível";"Colisão lateral mesmo sentido";"Com Vítimas Feridas";"Pleno dia";"Crescente";"Céu Claro";"Dupla";"Reta";"Sim";2;0;1;0;0;1;1;2;-25,48750984;-54,50317706;"SPRF-PR";"DEL05-PR";"UOP03-DEL05-PR"
364087;2021-06-14;"segunda-feira";"08:00:00";"ES";101;269,9;"SERRA";"Condutor deixou de manter distância do veículo da frente";"Colisão traseira";"Com Vítimas Feridas";"Pleno dia";"Decrescente";"Sol";"Múltipla";"Reta";"Sim";2;0;1;0;1;0;1;2;-20,21740496;-40,26990578;"SPRF-ES";"DEL02-ES";"UOP01-DEL02-ES"
364090;2021-06-14;"segunda-feira";"06:35:00";"SC";116;235;"CORREIA PINTO";"Reação tardia ou ineficiente do condutor";"Colisão frontal";"Com Vítimas Feridas";"Amanhecer";"Crescente";"Nevoeiro/Neblina";"Simples";"Reta";"Sim";3;0;1;0;1;1;1;3;-27,711685;-50,33625903;"SPRF-SC";"DEL05-SC";"UOP01-DEL05-SC"
364100;2021-06-14;"segunda-feira";"06:50:00";"SP";116;499;"CAJATI";"Curva acentuada";"Tombamento";"Sem Vítimas";"Amanhecer";"Crescente";"Nublado";"Simples";"Curva";"Não";2;0;0;0;1;1;0;2;-24,78228753;-48,17695233;"SPRF-SP";"DEL05-SP";"UOP02-DEL05-SP"