"id";"data_inversa";"dia_semana";"horario";"uf";"br";"km";"municipio";"causa_acidente";"tipo_acidente";"classificacao_acidente";"fase_dia";"sentido_via";"condicao_metereologica";"tipo_pista";"tracado_via";"uso_solo";"pessoas";"mortos";"feridos_leves";"feridos_graves";"ilesos";"ignorados";"feridos";"veiculos";"latitude";"longitude";"regional";"delegacia";"uop"
364102;2021-06-11;"sexta-feira";"17:00:00";"SC";101;35;"JOINVILLE";"Manobra de mudança de faixa";"Colisão lateral mesmo sentido";"Com Vítimas Feridas";"Pleno dia";"Crescente";"Céu Claro";"Dupla";"Reta";"Não";3;0;1;0;1;1;1;3;-26,27425277;-48,89396667;"SPRF-SC";"DEL03-SC";"UOP01-DEL03-SC"
364103;2021-06-14;"segunda-feira";"08:10:00";"ES";101;67;"SAO MATEUS";"Condutor desrespeitou a iluminação vermelha do semáforo";"Colisão transversal";"Com Vítimas Feridas";"Pleno dia";"Crescente";"Céu Claro";"Simples";"Reta";"Sim";3;0;0;1;1;1;1;3;-18,72054021;-39,8658931;"SPRF-ES";"DEL04-ES";"UOP02-DEL04-ES"
364107;2021-06-14;"segunda-feira";"04:00:00";"BA";242;297;"LAJEDINHO";"Reação tardia ou ineficiente do condutor";"Saída de leito carroçável";"Com Vítimas Feridas";"Amanhecer";"Decrescente";"Nublado";"Simples";"Reta";"Não";2;0;1;0;0;2;1;3;-12,4447856;-40,86676993;"SPRF-BA";"DEL06-BA";"UOP02-DEL06-BA"
364111;2021-06-14;"segunda-feira";"09:15:00";"MG";381;495;"BETIM";"Reação tardia ou ineficiente do condutor";"Colisão transversal";"Com Vítimas Feridas";"Pleno dia";"Decrescente";"Céu Claro";"Dupla";"Reta";"Sim";3;0;1;0;2;0;1;2;-19,98890883;-44,20522016;"SPRF-MG";"DEL01-MG";"UOP03-DEL01-MG"
364114;2021-06-14;"segunda-feira";"09:00:00";"PR";369;160;"CAMBE";"Animais na Pista";"Colisão traseira";"Com Vítimas Feridas";"Pleno dia";"Crescente";"Céu Claro";"Dupla";"Reta";"Sim";3;0;2;0;1;0;2;2;-23,28209367;-51,25267982;"SPRF-PR";"DEL07-PR";"UOP01-DEL07-PR"
364116;2021-05-26;"quarta-feira";"21:40:00";"CE";222;3,8;"CAUCAIA";"Velocidade Incompatível";"Colisão transversal";"Com Vítimas Feridas";"Plena Noite";"Crescente";"Céu Claro";"Dupla";"Interseção de Vias";"Sim";2;0;1;0;0;1;1;2;-3,74296918;-38,61330997;"SPRF-CE";"DEL01-CE";"UOP01-DEL01-CE"
364117;2021-06-14;"segunda-feira";"08:55:00";"PR";153;388;"MALLET";"Falta de acostamento";"Atropelamento de Pedestre";"Com Vítimas Feridas";"Pleno dia";"Crescente";"Céu Claro";"Simples";"Declive;Reta";"Sim";2;0;1;0;1;0;1;2;-25,88213397;-50,83697042;"SPRF-PR";"DEL02-PR";"UOP04-DEL02-PR"
364123;2021-06-14;"segunda-feira";"07:30:00";"PE";428;137,8;"LAGOA GRANDE";"Demais falhas mecânicas ou elétricas";"Colisão traseira";"Com Vítimas Feridas";"Pleno dia";"Crescente";"Céu Claro";"Simples";"Reta";"Não";2;0;1;0;1;0;1;2;-8,97889942;-40,24736375;"SPRF-PE";"DEL06-PE";"UOP03-DEL06-PE"
364129;2021-06-14;"segunda-feira";"09:00:00";"PE";101;167,8;"AGUA PRETA";"Condutor deixou de manter distância do veículo da frente";"Colisão traseira";"Sem Vítimas";"Pleno dia";"Decrescente";"Nublado";"Dupla";"Reta";"Não";3;0;0;0;2;1;0;3;-8,56679186;-35,47528312;"SPRF-PE";"DEL01-PE";"UOP01-DEL01-PE"
364131;2021-06-14;"segunda-feira";"11:00:00";"PR";277;346;"GUARAPUAVA";"Reação tardia ou ineficiente do condutor";"Engavetamento";"Com Vítimas Feridas";"Pleno dia";"Decrescente";"Céu Claro";"Simples";"Reta";"Não";4;0;1;0;2;2;1;5;-25,33928412;-51,42880296;"SPRF-PR";"DEL08-PR";"UOP01-DEL08-PR"
364140;2021-06-10;"quinta-feira";"00:45:00";"BA";116;733,2;"BOA NOVA";"Reação tardia ou ineficiente do condutor";"Tombamento";"Com Vítimas Feridas";"Plena Noite";"Crescente";"Nublado";"Simples";"Curva";"Não";2;0;1;0;0;1;1;2;-14,29800003;-40,31404596;"SPRF-BA";"DEL08-BA";"UOP02-DEL08-BA"
364141;2021-06-14;"segunda-feira";"11:20:00";"PR";277;40;"MORRETES";"Frear bruscamente";"Engavetamento";"Sem Vítimas";"Pleno dia";"Decrescente";"Céu Claro";"Dupla";"Curva";"Não";4;0;0;0;3;4;0;7;-25,58219011;-48,86978924;"SPRF-PR";"DEL01-PR";"UOP05-DEL01-PR"
364144;2021-05-01;"sábado";"06:20:00";"RJ";101;295;"ITABORAI";"Manobra de mudança de faixa";"Colisão lateral mesmo sentido";"Sem Vítimas";"Pleno dia";"Crescente";"Céu Claro";"Dupla";"Reta";"Sim";2;0;0;0;2;0;0;2;-22,76365068;-42,90223623;"SPRF-RJ";"DEL02-RJ";"UOP02-DEL02-RJ"
364149;2021-06-14;"segunda-feira";"12:17:00";"RJ";116;211;"SEROPEDICA";"Transitar na contramão";"Colisão traseira";"Com Vítimas Fatais";"Pleno dia";"Crescente";"Céu Claro";"Dupla";"Curva";"Não";5;1;2;1;1;0;3;2;-22,71844298;-43,700897;"SPRF-RJ";"DEL01-RJ";"UOP03-DEL01-RJ"
364153;2021-06-14;"segunda-feira";"08:40:00";"PR";376;189;"MARIALVA";"Condutor deixou de manter distância do veículo da frente";"Colisão traseira";"Com Vítimas Feridas";"Pleno dia";"Crescente";"Céu Claro";"Dupla";"Reta";"Não";2;0;2;0;0;0;2;2;-23,471231;-51,819515;"SPRF-PR";"DEL09-PR";"UOP01-DEL09-PR"
364154;2021-06-14;"segunda-feira";"13:00:00";"RS";386;370,8;"FAZENDA VILANOVA";"Manobra de mudança de faixa";"Colisão lateral mesmo sentido";"Com Vítimas Feridas";"Pleno dia";"Decrescente";"Sol";"Dupla";"Curva";"Não";3;0;2;0;1;0;2;2;-29,59806112;-51,81348681;"SPRF-RS";"DEL04-RS";"UOP02-DEL04-RS"
364155;2021-06-14;"segunda-feira";"10:30:00";"MT";163;881,7;"CLAUDIA";"Falta de acostamento";"Tombamento";"Com Vítimas Feridas";"Pleno dia";"Decrescente";"Sol";"Simples";"Reta";"Não";1;0;1;0;0;0;1;1;-11,475;-55,361;"SPRF-MT";"DEL06-MT";"NPF/DEL06-MT"
364156;2021-06-12;"sábado";"04:30:00";"AL";316;75,7;"POCO DAS TRINCHEIRAS";"Animais na Pista";"Atropelamento de Animal";"Sem Vítimas";"Amanhecer";"Crescente";"Nublado";"Simples";"Aclive";"Não";3;0;0;0;3;0;0;2;-9,31987078;-37,31542186;"SPRF-AL";"DEL03-AL";"UOP02-DEL03-AL"
364165;2021-06-14;"segunda-feira";"13:25:00";"MS";163;703;"RIO VERDE DE MATO GROSSO";"Ausência de reação do condutor";"Colisão traseira";"Com Vítimas Feridas";"Pleno dia";"Decrescente";"Céu Claro";"Dupla";"Reta";"Não";8;0;1;0;6;1;1;2;-18,73077206;-54,81705577;"SPRF-MS";"DEL06-MS";"UOP01-DEL06-MS"
364167;2021-06-06;"domingo";"17:50:00";"MS";262;462,8;"DOIS IRMAOS DO BURITI";"Reação tardia ou ineficiente do condutor";"Colisão com objeto";"Com Vítimas Feridas";"Plena Noite";"Crescente";"Chuva";"Simples";"Reta";"Não";1;0;1;0;0;0;1;1;-20,53989986;-55,55992126;"SPRF-MS";"DEL03-MS";"UOP01-DEL03-MS"
364168;2021-06-03;"quinta-feira";"02:15:00";"SP";116;169,3;"JACAREI";"Velocidade Incompatível";"Colisão traseira";"Com Vítimas Fatais";"Plena Noite";"Decrescente";"Céu Claro";"Dupla";"Aclive";"Sim";3;1;0;0;1;1;0;3;-23,307652;-46,045128;"SPRF-SP";"DEL02-SP";"UOP01-DEL02-SP"
364170;2021-06-14;"segunda-feira";"13:30:00";"DF";70;9;"BRASILIA";"Afundamento ou ondulação no pavimento";"Tombamento";"Sem Vítimas";"Pleno dia";"Crescente";"Céu Claro";"Dupla";"Retorno Regulamentado";"Sim";2;0;0;0;1;1;0;2;-15,784615;-48,132023;"SPRF-DF";"DEL03-DF";"UOP02-DEL03-DF"
364173;2021-06-14;"segunda-feira";"14:30:00";"GO";60;6;"SANTO ANTONIO DO DESCOBERTO";"Ausência de reação do condutor";"Capotamento";"Com Vítimas Feridas";"Pleno dia";"Crescente";"Garoa/Chuvisco";"Dupla";"Curva";"Não";1;0;1;0;0;0;1;1;-16,09830938;-48,28531981;"SPRF-DF";"DEL03-DF";"UOP01-DEL03-DF"
364177;2021-06-14;"segunda-feira";"07:30:00";"MS";163;479,8;"CAMPO GRANDE";"Ingestão de álcool pelo condutor";"Tombamento";"Com Vítimas Feridas";"Pleno dia";"Decrescente";"Céu Claro";"Dupla";"Reta";"Sim";2;0;1;0;0;1;1;2;-20,487322;-54,55929095;"SPRF-MS";"DEL01-MS";"UOP01-DEL01-MS"
364178;2021-06-14;"segunda-feira";"13:15:00";"RS";472;453;"ITAQUI";"Ausência de reação do condutor";"Saída de leito carroçável";"Sem Vítimas";"Pleno dia";"Crescente";"Sol";"Simples";"Reta";"Não";2;0;0;0;1;1;0;2;-29,03564928;-56,21018071;"SPRF-RS";"DEL12-RS";"UOP01-DEL12-RS"
364179;2021-06-14;"segunda-feira";"08:20:00";"PR";116;10;"CAMPINA GRANDE DO SUL";"Ingestão de álcool pelo condutor";"Saída de leito carroçável";"Sem Vítimas";"Pleno dia";"Crescente";"Nevoeiro/Neblina";"Dupla";"Curva";"Não";2;0;0;0;1;1;0;2;-25,08357197;-48,64281407;"SPRF-PR";"DEL01-PR";"UOP02-DEL01-PR"
364184;2021-06-14;"segunda-feira";"16:00:00";"RS";116;270;"CANOAS";"Ausência de reação do condutor";"Colisão traseira";"Com Vítimas Feridas";"Pleno dia";"Decrescente";"Sol";"Dupla";"Reta";"Sim";5;0;3;0;1;1;3;3;-29,96839095;-51,17623895;"SPRF-RS";"DEL01-RS";"UOP01-DEL01-RS"
364186;2021-04-05;"segunda-feira";"15:30:00";"PA";163;500;"ITAITUBA";"Frear bruscamente";"Colisão frontal";"Com Vítimas Feridas";"Pleno dia";"Crescente";"Ignorado";"Simples";"Curva;Declive";"Não";3;0;0;1;1;5;1;7;-5,50041093;-55,83100408;"SPRF-PA";"DEL05-PA";"UOP01-DEL05-PA"
364188;2021-06-14;"segunda-feira";"12:45:00";"SC";282;569,2;"NOVA ERECHIM";"Pista esburacada";"Colisão frontal";"Com Vítimas Fatais";"Pleno dia";"Crescente";"Sol";"Simples";"Reta";"Não";4;2;0;0;1;1;0;3;-26,9007;-52,9152;"SPRF-SC";"DEL07-SC";"UOP02-DEL07-SC"
364189;2021-06-14;"segunda-feira";"16:50:00";"SC";470;8,7;"NAVEGANTES";"Ausência de reação do condutor";"Colisão lateral sentido oposto";"Com Vítimas Feridas";"Pleno dia";"Decrescente";"Céu Claro";"Simples";"Reta";"Não";3;0;1;0;1;1;1;3;-26,83688;-48,718853;"SPRF-SC";"DEL04-SC";"UOP04-DEL04-SC"
364192;2021-06-06;"domingo";"14:52:00";"CE";116;249;"ALTO SANTO";"Acessar a via sem observar a presença dos outros veículos";"Colisão transversal";"Sem Vítimas";"Pleno dia";"Decrescente";"Céu Claro";"Simples";"Interseção de Vias";"Não";5;0;0;0;2;3;0;4;-5,48391937;-38,39742739;"SPRF-CE";"DEL05-CE";"UOP02-DEL05-CE"
364193;2021-06-14;"segunda-feira";"16:45:00";"SC";101;89,1;"BARRA VELHA";"Pedestre cruzava a pista fora da faixa";"Atropelamento de Pedestre";"Com Vítimas Fatais";"Pleno dia";"Decrescente";"Sol";"Múltipla";"Reta";"Sim";3;1;0;0;1;1;0;3;-26,660558;-48,688372;"SPRF-SC";"DEL03-SC";"UOP02-DEL03-SC"
364199;2021-04-27;"terça-feira";"18:00:00";"PR";277;611;"SANTA TEREZA DO OESTE";"Reação tardia ou ineficiente do condutor";"Queda de ocupante de veículo";"Com Vítimas Feridas";"Anoitecer";"Decrescente";"Céu Claro";"Simples";"Reta";"Sim";2;0;1;0;0;1;1;2;-25,052076;-53,631285;"SPRF-PR";"DEL05-PR";"UOP02-DEL05-PR"
364206;2021-06-14;"segunda-feira";"16:40:00";"PE";232;179;"BELO JARDIM";"Transitar na contramão";"Colisão frontal";"Com Vítimas Feridas";"Pleno dia";"Crescente";"Céu Claro";"Simples";"Reta";"Sim";5;0;1;0;3;1;1;5;-8,34363029;-36,42454863;"SPRF-PE";"DEL02-PE";"UOP03-DEL02-PE"
364208;2021-06-14;"segunda-feira";"17:15:00";"SC";280;122,4;"RIO NEGRINHO";"Condutor deixou de manter distância do veículo da frente";"Colisão traseira";"Com Vítimas Feridas";"Pleno dia";"Crescente";"Céu Claro";"Simples";"Reta";"Não";2;0;0;1;0;1;1;2;-26,24855895;-49,45712883;"SPRF-SC";"DEL06-SC";"UOP03-DEL06-SC"
364218;2021-06-07;"segunda-feira";"21:00:00";"MS";267;533;"JARDIM";"Ausência de reação do condutor";"Colisão com objeto";"Com Vítimas Feridas";"Plena Noite";"Crescente";"Garoa/Chuvisco";"Simples";"Reta";"Não";3;0;1;0;1;2;1;4;-21,546783;-56,595103;"SPRF-MS";"DEL05-MS";"UOP01-DEL05-MS"
364219;2021-06-14;"segunda-feira";"18:45:00";"SP";381;86,2;"SAO PAULO";"Trafegar com motocicleta (ou similar) entre as faixas";"Queda de ocupante de veículo";"Com Vítimas Feridas";"Plena Noite";"Decrescente";"Céu Claro";"Múltipla";"Curva";"Sim";3;0;0;1;1;1;1;3;-23,45930499;-46,57161179;"SPRF-SP";"DEL03-SP";"UOP01-DEL03-SP"
364221;2021-06-14;"segunda-feira";"19:00:00";"PR";277;3,5;"PARANAGUA";"Desrespeitar a preferência no cruzamento";"Colisão frontal";"Com Vítimas Feridas";"Anoitecer";"Crescente";"Céu Claro";"Simples";"Rotatória";"Sim";4;0;0;2;1;2;2;4;-25,5329625;-48,52976024;"SPRF-PR";"DEL01-PR";"UOP05-DEL01-PR"
364223;2021-05-21;"sexta-feira";"18:05:00";"SC";280;92;"CORUPA";"Ultrapassagem Indevida";"Colisão lateral mesmo sentido";"Com Vítimas Feridas";"Plena Noite";"Decrescente";"Nublado";"Simples";"Reta;Declive";"Não";2;0;0;1;0;1;1;2;-26,40198057;-49,29053774;"SPRF-SC";"DEL06-SC";"UOP03-DEL06-SC"
364224;2021-06-14;"segunda-feira";"10:20:00";"SC";282;488,1;"FAXINAL DOS GUEDES";"Velocidade Incompatível";"Tombamento";"Sem Vítimas";"Pleno dia";"Decrescente";"Sol";"Simples";"Rotatória";"Não";2;0;0;0;1;1;0;2;-26,863047;-52,270107;"SPRF-SC";"DEL07-SC";"UOP01-DEL07-SC"
364230;2021-06-14;"segunda-feira";"13:30:00";"SC";282;111,7;"ALFREDO WAGNER";"Reação tardia ou ineficiente do condutor";"Saída de leito carroçável";"Com Vítimas Feridas";"Pleno dia";"Decrescente";"Céu Claro";"Simples";"Curva";"Não";2;0;1;0;0;1;1;2;-27,733616;-49,367538;"SPRF-SC";"DEL01-SC";"UOP03-DEL01-SC"
364235;2021-06-14;"segunda-feira";"20:00:00";"PE";428;168,5;"PETROLINA";"Desvio temporário";"Colisão frontal";"Com Vítimas Fatais";"Plena Noite";"Crescente";"Céu Claro";"Simples";"Reta";"Não";3;1;0;0;1;1;0;3;-9,20669407;-40,39689092;"SPRF-PE";"DEL06-PE";"UOP01-DEL06-PE"
364238;2021-06-14;"segunda-feira";"12:00:00";"MS";262;107,6;"AGUA CLARA";"Ausência de reação do condutor";"Tombamento";"Com Vítimas Feridas";"Pleno dia";"Decrescente";"Céu Claro";"Simples";"Reta";"Não";2;0;1;0;0;3;1;4;-20,5393523;-52,56388913;"SPRF-MS";"DEL07-MS";"UOP02-DEL07-MS"
364241;2021-05-18;"terça-feira";"06:00:00";"PE";232;121;"CARUARU";"Velocidade Incompatível";"Colisão traseira";"Com Vítimas Feridas";"Pleno dia";"Decrescente";"Sol";"Dupla";"Reta";"Não";2;0;1;0;1;0;1;2;-8,30018257;-35,91071184;"SPRF-PE";"DEL02-PE";"UOP03-DEL02-PE"
364244;2021-06-14;"segunda-feira";"17:10:00";"PR";116;0,6;"CAMPINA GRANDE DO SUL";"Reação tardia ou ineficiente do condutor";"Saída de leito carroçável";"Sem Vítimas";"Anoitecer";"Decrescente";"Céu Claro";"Dupla";"Curva";"Não";1;0;0;0;1;0;0;1;-25,0604;-48,562973;"SPRF-PR";"DEL01-PR";"UOP02-DEL01-PR"
364245;2021-06-14;"segunda-feira";"17:30:00";"GO";153;183;"CAMPINORTE";"Ultrapassagem Indevida";"Colisão lateral mesmo sentido";"Com Vítimas Feridas";"Pleno dia";"Crescente";"Céu Claro";"Simples";"Reta";"Não";5;0;1;0;3;2;1;5;-14,369409;-49,158268;"SPRF-GO";"DEL07-GO";"UOP02-DEL07-GO"
364247;2021-06-14;"segunda-feira";"17:30:00";"MG";116;388,5;"GOVERNADOR VALADARES";"Demais falhas mecânicas ou elétricas";"Saída de leito carroçável";"Sem Vítimas";"Anoitecer";"Crescente";"Céu Claro";"Simples";"Reta";"Não";2;0;0;0;1;2;0;3;-18,66778582;-41,98088776;"SPRF-MG";"DEL06-MG";"UOP01-DEL06-MG"
364253;2021-06-14;"segunda-feira";"18:15:00";"SP";116;162;"JACAREI";"Carga excessiva e/ou mal acondicionada";"Derramamento de carga";"Sem Vítimas";"Plena Noite";"Crescente";"Céu Claro";"Simples";"Retorno Regulamentado;Curva;Declive";"Não";2;0;0;0;1;1;0;2;-23,27783616;-45,97917795;"SPRF-SP";"DEL02-SP";"UOP01-DEL02-SP"
364254;2021-06-14;"segunda-feira";"21:15:00";"SC";470;73,4;"INDAIAL";"Pedestre andava na pista";"Atropelamento de Pedestre";"Com Vítimas Fatais";"Plena Noite";"Crescente";"Nublado";"Simples";"Reta";"Sim";2;1;0;0;0;1;0;2;-26,908962;-49,275089;"SPRF-SC";"DEL04-SC";"UOP01-DEL04-SC"
364258;2021-06-14;"segunda-feira";"17:05:00";"RJ";493;0;"ITABORAI";"Transitar na contramão";"Colisão frontal";"Com Vítimas Feridas";"Anoitecer";"Decrescente";"Céu Claro";"Simples";"Curva";"Sim";4;0;2;0;1;1;2;3;-22,77062;-42,92223;"SPRF-RJ";"DEL02-RJ";"UOP02-DEL02-RJ"
364259;2021-06-14;"segunda-feira";"19:25:00";"SC";116;104,9;"MONTE CASTELO";"Velocidade Incompatível";"Tombamento";"Com Vítimas Feridas";"Plena Noite";"Decrescente";"Céu Claro";"Simples";"Reta";"Não";1;0;0;1;0;0;1;1;-26,742656;-50,31436699;"SPRF-SC";"DEL06-SC";"UOP02-DEL06-SC"
364261;2021-06-14;"segunda-feira";"20:00:00";"MG";116;694,5;"MURIAE";"Velocidade Incompatível";"Tombamento";"Com Vítimas Fatais";"Plena Noite";"Decrescente";"Céu Claro";"Simples";"Aclive;Curva";"Não";2;1;0;0;0;2;0;3;-21,053206;-42,36836908;"SPRF-MG";"DEL07-MG";"UOP02-DEL07-MG"
364262;2021-06-14;"segunda-feira";"23:55:00";"MG";381;447;"SANTA LUZIA";"Velocidade Incompatível";"Saída de leito carroçável";"Com Vítimas Feridas";"Plena Noite";"Crescente";"Céu Claro";"Simples";"Curva";"Não";2;0;0;1;0;1;1;2;-19,82314495;-43,81385207;"SPRF-MG";"DEL01-MG";"UOP01-DEL01-MG"
364270;2021-06-15;"terça-feira";"01:55:00";"PR";277;236,7;"FERNANDES PINHEIRO";"Ausência de reação do condutor";"Colisão traseira";"Com Vítimas Fatais";"Plena Noite";"Crescente";"Nublado";"Dupla";"Reta";"Não";3;1;0;1;1;0;1;2;-25,46664969;-50,51671903;"SPRF-PR";"DEL03-PR";"UOP03-DEL03-PR"
364271;2021-06-15;"terça-feira";"00:45:00";"SP";116;496;"CAJATI";"Reação tardia ou ineficiente do condutor";"Saída de leito carroçável";"Com Vítimas Feridas";"Plena Noite";"Decrescente";"Céu Claro";"Dupla";"Reta";"Não";2;0;1;0;0;1;1;2;-24,75945513;-48,16458078;"SPRF-SP";"DEL05-SP";"UOP01-DEL05-SP"
364273;2021-06-14;"segunda-feira";"19:30:00";"RJ";116;239,6;"PIRAI";"Demais falhas mecânicas ou elétricas";"Incêndio";"Sem Vítimas";"Plena Noite";"Crescente";"Céu Claro";"Dupla";"Reta";"Não";2;0;0;0;1;1;0;2;-22,65832258;-43,88969593;"SPRF-RJ";"DEL07-RJ";"UOP01-DEL07-RJ"
364278;2021-06-14;"segunda-feira";"10:50:00";"GO";60;133;"GOIANIA";"Condutor deixou de manter distância do veículo da frente";"Colisão traseira";"Com Vítimas Feridas";"Pleno dia";"Decrescente";"Céu Claro";"Dupla";"Reta";"Não";2;0;0;1;1;0;1;2;-16,5815;-49,1772;"SPRF-GO";"DEL01-GO";"UOP01-DEL01-GO"
364284;2021-06-15;"terça-feira";"06:17:00";"BA";116;637;"JAGUAQUARA";"Pedestre andava na pista";"Atropelamento de Pedestre";"Com Vítimas Feridas";"Pleno dia";"Crescente";"Céu Claro";"Simples";"Reta";"Não";3;0;0;1;1;1;1;3;-13,551782;-40,073189;"SPRF-BA";"DEL03-BA";"UOP01-DEL03-BA"
364298;2021-06-15;"terça-feira";"06:30:00";"PR";116;152;"MANDIRITUBA";"Acessar a via sem observar a presença dos outros veículos";"Colisão transversal";"Com Vítimas Feridas";"Plena Noite";"Crescente";"Nevoeiro/Neblina";"Simples";"Rotatória";"Sim";9;0;3;0;5;1;3;3;-25,83236296;-49,33609707;"SPRF-PR";"DEL01-PR";"UOP03-DEL01-PR"
364299;2021-05-11;"terça-feira";"07:50:00";"SC";470;7;"NAVEGANTES";"Acesso irregular";"Colisão transversal";"Com Vítimas Feridas";"Pleno dia";"Decrescente";"Nublado";"Simples";"Reta";"Sim";5;0;0;2;1;2;2;4;-26,84499;-48,71505;"SPRF-SC";"DEL04-SC";"UOP04-DEL04-SC"
364301;2021-05-14;"sexta-feira";"17:40:00";"MG";251;340,3;"FRUTA DE LEITE";"Pista em desnível";"Colisão com objeto";"Com Vítimas Fatais";"Anoitecer";"Crescente";"Céu Claro";"Simples";"Curva";"Não";1;1;0;0;0;0;0;1;-16,266571;-42,480587;"SPRF-MG";"DEL12-MG";"UOP01-DEL12-MG"
364304;2021-06-15;"terça-feira";"08:00:00";"PE";101;96;"CABO DE SANTO AGOSTINHO";"Acesso irregular";"Colisão transversal";"Com Vítimas Feridas";"Pleno dia";"Decrescente";"Céu Claro";"Dupla";"Reta";"Sim";3;0;1;0;1;1;1;3;-8,25146993;-35,021805;"SPRF-PE";"DEL01-PE";"UOP01-DEL01-PE"
364307;2021-06-15;"terça-feira";"08:30:00";"BA";116;17;"VITORIA DA CONQUISTA";"Acessar a via sem observar a presença dos outros veículos";"Colisão frontal";"Com Vítimas Feridas";"Pleno dia";"Decrescente";"Nublado";"Simples";"Interseção de Vias";"Sim";3;0;1;0;1;1;1;3;-14,851;-40,8485;"SPRF-BA";"DEL08-BA";"UOP01-DEL08-BA"
364308;2021-06-15;"terça-feira";"08:40:00";"SC";470;3,8;"NAVEGANTES";"Manobra de mudança de faixa";"Colisão lateral mesmo sentido";"Com Vítimas Feridas";"Pleno dia";"Decrescente";"Céu Claro";"Múltipla";"Rotatória";"Sim";4;0;2;0;1;1;2;3;-26,85886546;-48,68978668;"SPRF-SC";"DEL04-SC";"UOP04-DEL04-SC"
364309;2021-06-15;"terça-feira";"07:00:00";"BA";20;252,3;"CORRENTINA";"Velocidade Incompatível";"Atropelamento de Pedestre";"Com Vítimas Fatais";"Pleno dia";"Crescente";"Céu Claro";"Simples";"Reta";"Sim";2;1;0;0;0;1;0;2;-13,9561997;-46,19778335;"SPRF-BA";"DEL10-BA";"UOP01-DEL10-BA"
364313;2021-06-10;"quinta-feira";"23:00:00";"MG";381;322;"NOVA ERA";"Velocidade Incompatível";"Tombamento";"Com Vítimas Feridas";"Plena Noite";"Crescente";"Céu Claro";"Simples";"Aclive;Curva";"Sim";2;0;1;0;0;1;1;2;-19,7238021;-43,00911748;"SPRF-MG";"DEL03-MG";"UOP02-DEL03-MG"
364316;2021-06-15;"terça-feira";"07:30:00";"MG";40;517,6;"RIBEIRAO DAS NEVES";"Ausência de reação do condutor";"Colisão transversal";"Com Vítimas Feridas";"Pleno dia";"Crescente";"Céu Claro";"Dupla";"Retorno Regulamentado;Reta";"Sim";2;0;0;1;1;0;1;2;-19,82957317;-44,08345699;"SPRF-MG";"DEL01-MG";"UOP02-DEL01-MG"
364320;2021-06-15;"terça-feira";"10:25:00";"AL";101;81,5;"RIO LARGO";"Chuva";"Colisão com objeto";"Com Vítimas Fatais";"Pleno dia";"Crescente";"Chuva";"Dupla";"Declive";"Não";3;1;0;0;2;0;0;1;-9,44701176;-35,851915;"SPRF-AL";"DEL01-AL";"UOP01-DEL01-AL"
364321;2021-05-21;"sexta-feira";"17:30:00";"RN";427;8,8;"CURRAIS NOVOS";"Velocidade Incompatível";"Colisão frontal";"Com Vítimas Fatais";"Anoitecer";"Crescente";"Céu Claro";"Simples";"Curva";"Não";3;1;0;0;2;0;0;2;-6,32923349;-36,54386902;"SPRF-RN";"DEL03-RN";"UOP02-DEL03-RN"
364327;2021-06-15;"terça-feira";"08:20:00";"GO";153;105,6;"SANTA TEREZA DE GOIAS";"Manobra de mudança de faixa";"Colisão lateral sentido oposto";"Com Vítimas Feridas";"Pleno dia";"Crescente";"Céu Claro";"Simples";"Reta";"Não";3;0;1;0;1;3;1;5;-13,697151;-49,021831;"SPRF-GO";"DEL07-GO";"UOP01-DEL07-GO"
364330;2021-05-26;"quarta-feira";"19:10:00";"PR";277;454,1;"LARANJEIRAS DO SUL";"Mal súbito do condutor";"Colisão frontal";"Com Vítimas Fatais";"Pleno dia";"Decrescente";"Céu Claro";"Simples";"Reta";"Sim";4;1;0;0;1;3;0;5;-25,38583954;-52,41274964;"SPRF-PR";"DEL04-PR";"UOP02-DEL04-PR"
364333;2021-06-15;"terça-feira";"11:55:00";"SP";381;33;"ATIBAIA";"Condutor deixou de manter distância do veículo da frente";"Colisão traseira";"Sem Vítimas";"Pleno dia";"Decrescente";"Céu Claro";"Dupla";"Declive";"Não";2;0;0;0;2;0;0;2;-23,0728028;-46,56673562;"SPRF-SP";"DEL03-SP";"UOP01-DEL03-SP"
364335;2021-06-15;"terça-feira";"11:55:00";"PE";232;408;"SERRA TALHADA";"Acessar a via sem observar a presença dos outros veículos";"Colisão transversal";"Com Vítimas Feridas";"Pleno dia";"Crescente";"Céu Claro";"Simples";"Reta";"Sim";3;0;0;2;1;0;2;2;-7,98371447;-38,28047709;"SPRF-PE";"DEL04-PE";"UOP01-DEL04-PE"
364340;2021-06-15;"terça-feira";"12:30:00";"SP";153;31,5;"NOVA GRANADA";"Acessar a via sem observar a presença dos outros veículos";"Colisão transversal";"Com Vítimas Feridas";"Pleno dia";"Crescente";"Céu Claro";"Simples";"Rotatória";"Não";5;0;5;0;0;0;5;2;-20,54746171;-49,32959617;"SPRF-SP";"DEL09-SP";"UOP01-DEL09-SP"
364343;2021-06-15;"terça-feira";"11:03:00";"PI";316;34;"DEMERVAL LOBAO";"Ausência de reação do condutor";"Colisão traseira";"Sem Vítimas";"Pleno dia";"Decrescente";"Céu Claro";"Simples";"Reta";"Não";4;0;0;0;4;0;0;3;-5,35690807;-42,6764932;"SPRF-PI";"DEL01-PI";"UOP02-DEL01-PI"
364345;2021-06-05;"sábado";"00:20:00";"MT";70;498;"CUIABA";"Transitar na contramão";"Colisão frontal";"Com Vítimas Feridas";"Plena Noite";"Crescente";"Céu Claro";"Simples";"Reta";"Não";4;0;1;0;1;2;1;4;-15,66799873;-56,00898743;"SPRF-MT";"DEL01-MT";"UOP02-DEL01-MT"