"id";"data_inversa";"dia_semana";"horario";"uf";"br";"km";"municipio";"causa_acidente";"tipo_acidente";"classificacao_acidente";"fase_dia";"sentido_via";"condicao_metereologica";"tipo_pista";"tracado_via";"uso_solo";"pessoas";"mortos";"feridos_leves";"feridos_graves";"ilesos";"ignorados";"feridos";"veiculos";"latitude";"longitude";"regional";"delegacia";"uop"
364346;2021-06-15;"terça-feira";"13:40:00";"PR";376;2;"MANDAGUARI";"Reação tardia ou ineficiente do condutor";"Colisão traseira";"Com Vítimas Feridas";"Pleno dia";"Crescente";"Céu Claro";"Simples";"Reta";"Sim";2;0;1;0;1;0;1;2;-23,547966;-51,671265;"SPRF-PR";"DEL09-PR";"UOP01-DEL09-PR"
364347;2021-01-10;"domingo";"23:30:00";"PR";116;152;"MANDIRITUBA";"Acessar a via sem observar a presença dos outros veículos";"Colisão traseira";"Sem Vítimas";"Plena Noite";"Crescente";"Nublado";"Múltipla";"Reta";"Sim";3;0;0;0;3;0;0;3;-25,83236296;-49,33609707;"SPRF-PR";"DEL01-PR";"UOP03-DEL01-PR"
364352;2021-06-15;"terça-feira";"12:00:00";"BA";242;277;"RUY BARBOSA";"Acostamento em desnível";"Saída de leito carroçável";"Com Vítimas Feridas";"Pleno dia";"Decrescente";"Nublado";"Simples";"Reta";"Não";3;0;1;0;1;2;1;3;-12,44975751;-40,69192504;"SPRF-BA";"DEL06-BA";"UOP02-DEL06-BA"
364354;2021-06-15;"terça-feira";"14:30:00";"PE";423;81,6;"JUCATI";"Condutor deixou de manter distância do veículo da frente";"Colisão traseira";"Sem Vítimas";"Pleno dia";"Decrescente";"Nublado";"Simples";"Reta";"Não";2;0;0;0;2;0;0;2;-8,77445381;-36,42734142;"SPRF-PE";"DEL03-PE";"UOP01-DEL03-PE"
364357;2021-06-15;"terça-feira";"12:30:00";"PR";277;453,1;"LARANJEIRAS DO SUL";"Transitar na contramão";"Colisão frontal";"Com Vítimas Fatais";"Pleno dia";"Decrescente";"Céu Claro";"Simples";"Reta";"Sim";3;1;0;1;0;2;1;4;-25,37615506;-52,39194274;"SPRF-PR";"DEL04-PR";"UOP02-DEL04-PR"
364358;2021-06-15;"terça-feira";"13:15:00";"MT";364;204,8;"RONDONOPOLIS";"Acessar a via sem observar a presença dos outros veículos";"Colisão lateral mesmo sentido";"Com Vítimas Feridas";"Pleno dia";"Crescente";"Sol";"Dupla";"Rotatória";"Sim";4;0;1;1;1;1;2;4;-16,467325;-54,657196;"SPRF-MT";"DEL02-MT";"UOP01-DEL02-MT"
364361;2021-06-15;"terça-feira";"14:35:00";"PR";476;132;"CURITIBA";"Frear bruscamente";"Colisão lateral mesmo sentido";"Com Vítimas Feridas";"Pleno dia";"Crescente";"Céu Claro";"Múltipla";"Reta";"Sim";4;0;1;0;2;1;1;4;-25,460718;-49,250488;"SPRF-PR";"DEL01-PR";"UOP03-DEL01-PR"
364366;2021-06-15;"terça-feira";"14:00:00";"RO";319;62,1;"PORTO VELHO";"Reação tardia ou ineficiente do condutor";"Colisão lateral mesmo sentido";"Com Vítimas Feridas";"Pleno dia";"Crescente";"Céu Claro";"Dupla";"Interseção de Vias";"Sim";3;0;1;0;1;1;1;3;-8,766685;-63,884052;"SPRF-RO";"DEL01-RO";"UOP01-DEL01-RO"
364367;2021-06-15;"terça-feira";"13:00:00";"AP";156;244;"MACAPA";"Demais falhas mecânicas ou elétricas";"Tombamento";"Com Vítimas Feridas";"Pleno dia";"Decrescente";"Chuva";"Simples";"Reta";"Não";2;0;1;1;0;0;2;1;0,2028299;-51,116314;"SPRF-AP";"DEL01-AP";"UOP01-DEL01-AP"
364370;2021-06-15;"terça-feira";"14:40:00";"PB";230;18;"JOAO PESSOA";"Entrada inopinada do pedestre";"Atropelamento de Pedestre";"Com Vítimas Fatais";"Pleno dia";"Crescente";"Sol";"Dupla";"Reta";"Sim";4;1;0;0;1;2;0;3;-7,12090242;-34,84526932;"SPRF-PB";"DEL01-PB";"UOP01-DEL01-PB"
364379;2021-06-15;"terça-feira";"13:20:00";"SC";470;175,9;"POUSO REDONDO";"Velocidade Incompatível";"Colisão traseira";"Com Vítimas Feridas";"Pleno dia";"Crescente";"Céu Claro";"Múltipla";"Reta";"Sim";3;0;2;0;1;0;2;2;-27,25617;-49,938969;"SPRF-SC";"DEL04-SC";"UOP02-DEL04-SC"
364383;2021-06-15;"terça-feira";"14:55:00";"MA";135;32,6;"BACABEIRA";"Ultrapassagem Indevida";"Colisão lateral mesmo sentido";"Com Vítimas Feridas";"Pleno dia";"Crescente";"Céu Claro";"Simples";"Reta";"Não";4;0;2;0;2;0;2;2;-2,827163;-44,374655;"SPRF-MA";"DEL01-MA";"UOP01-DEL01-MA"
364385;2021-06-15;"terça-feira";"17:00:00";"RN";226;175;"CURRAIS NOVOS";"Transitar no acostamento";"Colisão lateral mesmo sentido";"Com Vítimas Feridas";"Pleno dia";"Crescente";"Céu Claro";"Simples";"Curva";"Sim";2;0;1;0;1;0;1;2;-6,257745;-36,510166;"SPRF-RN";"DEL03-RN";"UOP02-DEL03-RN"
364391;2021-06-15;"terça-feira";"17:15:00";"PR";376;0;"MARINGA";"Demais Fenômenos da natureza";"Colisão traseira";"Com Vítimas Fatais";"Anoitecer";"Decrescente";"Céu Claro";"Dupla";"Aclive";"Sim";5;1;1;0;3;0;1;3;-23,4273;-51,9375;"SPRF-PR";"DEL09-PR";"UOP01-DEL09-PR"
364403;2021-06-15;"terça-feira";"18:10:00";"CE";116;32;"AQUIRAZ";"Condutor deixou de manter distância do veículo da frente";"Colisão traseira";"Com Vítimas Feridas";"Plena Noite";"Crescente";"Céu Claro";"Dupla";"Reta";"Sim";2;0;0;1;0;1;1;2;-4,02676186;-38,51392889;"SPRF-CE";"DEL01-CE";"UOP02-DEL01-CE"
364405;2021-06-15;"terça-feira";"17:00:00";"MG";116;276,1;"TEOFILO OTONI";"Ingestão de álcool pelo condutor";"Colisão lateral mesmo sentido";"Com Vítimas Feridas";"Pleno dia";"Crescente";"Nublado";"Múltipla";"Reta";"Sim";3;0;1;0;1;1;1;3;-17,85105696;-41,51454492;"SPRF-MG";"DEL11-MG";"UOP01-DEL11-MG"
364408;2021-06-15;"terça-feira";"18:45:00";"RS";392;667,5;"SALVADOR DAS MISSOES";"Acessar a via sem observar a presença dos outros veículos";"Colisão transversal";"Com Vítimas Feridas";"Plena Noite";"Decrescente";"Nublado";"Simples";"Reta";"Não";3;0;2;0;1;0;2;2;-28,12336951;-54,7800679;"SPRF-RS";"DEL10-RS";"UOP01-DEL10-RS"
364410;2021-06-15;"terça-feira";"17:00:00";"RJ";101;291;"ITABORAI";"Ausência de reação do condutor";"Colisão lateral mesmo sentido";"Com Vítimas Feridas";"Anoitecer";"Crescente";"Céu Claro";"Múltipla";"Reta";"Sim";5;0;2;0;2;1;2;4;-22,76457445;-42,86989322;"SPRF-RJ";"DEL02-RJ";"UOP03-DEL02-RJ"
364415;2021-06-15;"terça-feira";"19:30:00";"SP";116;473;"JACUPIRANGA";"Reação tardia ou ineficiente do condutor";"Saída de leito carroçável";"Sem Vítimas";"Plena Noite";"Decrescente";"Céu Claro";"Dupla";"Curva";"Não";2;0;0;0;1;1;0;2;-24,67227596;-47,97879913;"SPRF-SP";"DEL05-SP";"UOP01-DEL05-SP"
364426;2021-06-15;"terça-feira";"17:40:00";"PR";153;24,3;"JACAREZINHO";"Manobra de mudança de faixa";"Colisão lateral mesmo sentido";"Com Vítimas Feridas";"Anoitecer";"Decrescente";"Céu Claro";"Simples";"Reta";"Sim";6;0;2;0;3;1;2;3;-23,18681196;-49,98484346;"SPRF-PR";"DEL07-PR";"UOP04-DEL07-PR"
364430;2021-06-15;"terça-feira";"14:30:00";"MG";354;732,3;"POUSO ALTO";"Velocidade Incompatível";"Tombamento";"Com Vítimas Feridas";"Pleno dia";"Decrescente";"Céu Claro";"Simples";"Curva";"Não";2;0;1;0;0;2;1;3;-22,17377267;-44,96427476;"SPRF-MG";"DEL17-MG";"UOP01-DEL17-MG"
364432;2021-06-15;"terça-feira";"18:35:00";"SC";282;513,6;"XAXIM";"Acessar a via sem observar a presença dos outros veículos";"Colisão transversal";"Com Vítimas Fatais";"Plena Noite";"Crescente";"Céu Claro";"Simples";"Reta";"Não";3;1;0;0;1;1;0;3;-26,915344;-52,4851546;"SPRF-SC";"DEL07-SC";"UOP01-DEL07-SC"
364441;2021-04-19;"segunda-feira";"16:40:00";"RN";304;299;"MACAIBA";"Manobra de mudança de faixa";"Colisão lateral mesmo sentido";"Com Vítimas Feridas";"Pleno dia";"Decrescente";"Céu Claro";"Dupla";"Reta";"Não";2;0;0;1;1;0;1;2;-5,87095859;-35,32359587;"SPRF-RN";"DEL01-RN";"UOP02-DEL01-RN"
364442;2021-06-15;"terça-feira";"22:40:00";"PR";116;10,8;"COLOMBO";"Reação tardia ou ineficiente do condutor";"Colisão traseira";"Com Vítimas Feridas";"Plena Noite";"Crescente";"Céu Claro";"Múltipla";"Reta";"Sim";2;0;1;0;1;0;1;2;-25,3719;-49,134;"SPRF-PR";"DEL01-PR";"UOP02-DEL01-PR"
364443;2021-06-15;"terça-feira";"09:50:00";"CE";116;407,2;"BAIXIO";"Pista esburacada";"Colisão lateral mesmo sentido";"Com Vítimas Feridas";"Pleno dia";"Decrescente";"Céu Claro";"Simples";"Aclive";"Não";3;0;1;0;1;3;1;5;-6,65406664;-38,820759;"SPRF-CE";"DEL05-CE";"UOP01-DEL05-CE"
364445;2021-06-15;"terça-feira";"19:57:00";"PA";316;99;"IGARAPE-ACU";"Condutor deixou de manter distância do veículo da frente";"Saída de leito carroçável";"Sem Vítimas";"Plena Noite";"Crescente";"Nublado";"Simples";"Reta";"Não";6;0;0;0;5;2;0;7;-1,33342734;-47,61283806;"SPRF-PA";"DEL01-PA";"UOP02-DEL01-PA"
364450;2021-06-15;"terça-feira";"23:30:00";"RS";293;351,2;"SANTANA DO LIVRAMENTO";"Animais na Pista";"Saída de leito carroçável";"Sem Vítimas";"Plena Noite";"Decrescente";"Céu Claro";"Simples";"Reta";"Não";2;0;0;0;2;0;0;1;-30,8035019;-55,62624897;"SPRF-RS";"DEL11-RS";"UOP01-DEL11-RS"
364451;2021-06-15;"terça-feira";"19:20:00";"RR";174;711;"PACARAIMA";"Acumulo de areia ou detritos sobre o pavimento";"Saída de leito carroçável";"Sem Vítimas";"Plena Noite";"Crescente";"Garoa/Chuvisco";"Simples";"Aclive";"Não";2;0;0;0;1;1;0;2;4,449203;-61,128323;"SPRF-RR";"SEOP-RR";"SEOP-RR"
364452;2021-06-16;"quarta-feira";"03:02:00";"MG";381;755,6;"TRES CORACOES";"Condutor deixou de manter distância do veículo da frente";"Colisão traseira";"Com Vítimas Feridas";"Plena Noite";"Decrescente";"Céu Claro";"Dupla";"Reta";"Não";3;0;1;0;1;3;1;5;-21,67075443;-45,33118844;"SPRF-MG";"DEL16-MG";"UOP02-DEL16-MG"
364454;2021-06-16;"quarta-feira";"04:00:00";"CE";116;241,6;"ALTO SANTO";"Demais falhas mecânicas ou elétricas";"Incêndio";"Sem Vítimas";"Amanhecer";"Decrescente";"Vento";"Simples";"Aclive";"Não";2;0;0;0;1;1;0;2;-5,44591703;-38,33605498;"SPRF-CE";"DEL03-CE";"UOP01-DEL03-CE"
364458;2021-06-16;"quarta-feira";"05:30:00";"CE";222;128,3;"ITAPAJE";"Velocidade Incompatível";"Saída de leito carroçável";"Com Vítimas Feridas";"Amanhecer";"Crescente";"Céu Claro";"Simples";"Curva";"Sim";2;0;1;0;0;1;1;2;-3,70692771;-39,62330818;"SPRF-CE";"DEL04-CE";"UOP03-DEL04-CE"
364462;2021-06-16;"quarta-feira";"04:40:00";"MA";10;340,5;"ACAILANDIA";"Condutor Dormindo";"Tombamento";"Com Vítimas Fatais";"Plena Noite";"Crescente";"Nevoeiro/Neblina";"Simples";"Curva";"Não";2;1;0;0;0;1;0;2;-4,779063;-47,493034;"SPRF-MA";"DEL04-MA";"UOP03-DEL04-MA"
364464;2021-06-16;"quarta-feira";"05:15:00";"MT";163;746;"SORRISO";"Ausência de reação do condutor";"Colisão traseira";"Com Vítimas Fatais";"Amanhecer";"Decrescente";"Nublado";"Dupla";"Reta";"Sim";2;1;0;0;0;1;0;2;-12,6003;-55,7491;"SPRF-MT";"DEL06-MT";"UOP01-DEL06-MT"
364476;2021-06-16;"quarta-feira";"08:45:00";"RS";386;69,3;"BOA VISTA DAS MISSOES";"Ultrapassagem Indevida";"Colisão frontal";"Com Vítimas Fatais";"Pleno dia";"Decrescente";"Nublado";"Simples";"Reta";"Não";2;1;0;0;1;0;0;2;-27,652359;-53,323265;"SPRF-RS";"DEL08-RS";"UOP02-DEL08-RS"
364483;2021-06-16;"quarta-feira";"06:55:00";"MG";251;440;"GRAO MOGOL";"Condutor Dormindo";"Saída de leito carroçável";"Sem Vítimas";"Pleno dia";"Decrescente";"Céu Claro";"Simples";"Reta";"Não";2;0;0;0;1;1;0;2;-16,40655207;-43,22799602;"SPRF-MG";"DEL12-MG";"UOP01-DEL12-MG"
364484;2021-06-16;"quarta-feira";"09:50:00";"RS";116;517;"PELOTAS";"Desrespeitar a preferência no cruzamento";"Colisão transversal";"Com Vítimas Feridas";"Pleno dia";"Crescente";"Céu Claro";"Simples";"Viaduto";"Não";2;0;1;0;1;0;1;2;-31,67908686;-52,34256731;"SPRF-RS";"DEL07-RS";"UOP01-DEL07-RS"
364486;2021-06-16;"quarta-feira";"10:00:00";"CE";222;4,5;"CAUCAIA";"Condutor deixou de manter distância do veículo da frente";"Colisão traseira";"Com Vítimas Feridas";"Pleno dia";"Decrescente";"Chuva";"Múltipla";"Reta";"Sim";2;0;0;1;1;0;1;2;-3,74164754;-38,60449792;"SPRF-CE";"DEL01-CE";"UOP01-DEL01-CE"
364491;2021-06-16;"quarta-feira";"05:30:00";"RO";435;64,5;"VILHENA";"Velocidade Incompatível";"Tombamento";"Sem Vítimas";"Amanhecer";"Decrescente";"Céu Claro";"Simples";"Curva";"Não";2;0;0;0;1;3;0;4;-13,08415108;-60,37733311;"SPRF-RO";"DEL04-RO";"UOP02-DEL04-RO"
364495;2021-06-16;"quarta-feira";"00:00:00";"PI";135;173;"MANOEL EMIDIO";"Reação tardia ou ineficiente do condutor";"Saída de leito carroçável";"Sem Vítimas";"Plena Noite";"Decrescente";"Céu Claro";"Simples";"Declive;Curva";"Não";2;0;0;0;1;2;0;3;-7,97343899;-43,86039803;"SPRF-PI";"DEL03-PI";"UOP01-DEL03-PI"
364496;2021-06-16;"quarta-feira";"10:30:00";"MG";365;188,6;"BURITIZEIRO";"Demais falhas mecânicas ou elétricas";"Incêndio";"Sem Vítimas";"Pleno dia";"Decrescente";"Céu Claro";"Simples";"Reta";"Não";2;0;0;0;1;1;0;2;-17,43268895;-45,15112217;"SPRF-MG";"DEL12-MG";"UOP01-DEL12-MG"
364500;2021-06-16;"quarta-feira";"12:30:00";"SP";381;63;"MAIRIPORA";"Demais falhas mecânicas ou elétricas";"Colisão traseira";"Com Vítimas Feridas";"Pleno dia";"Crescente";"Céu Claro";"Dupla";"Declive";"Não";3;0;1;0;1;3;1;5;-23,302805;-46,572767;"SPRF-SP";"DEL03-SP";"UOP01-DEL03-SP"
364508;2021-06-16;"quarta-feira";"08:10:00";"RO";364;576,7;"ITAPUA DO OESTE";"Ultrapassagem Indevida";"Colisão lateral sentido oposto";"Com Vítimas Feridas";"Pleno dia";"Crescente";"Céu Claro";"Simples";"Reta";"Não";4;0;2;0;1;3;2;5;-9,4296701;-63,11080815;"SPRF-RO";"DEL01-RO";"UOP04-DEL01-RO"
364510;2021-05-31;"segunda-feira";"17:45:00";"PE";232;126,2;"CARUARU";"Reação tardia ou ineficiente do condutor";"Colisão lateral mesmo sentido";"Com Vítimas Feridas";"Plena Noite";"Decrescente";"Chuva";"Dupla";"Declive";"Sim";7;0;1;3;2;1;4;6;-8,30819677;-35,95467594;"SPRF-PE";"DEL02-PE";"UOP03-DEL02-PE"
364515;2021-06-16;"quarta-feira";"15:15:00";"SC";101;209;"SAO JOSE";"Condutor deixou de manter distância do veículo da frente";"Colisão traseira";"Com Vítimas Feridas";"Pleno dia";"Crescente";"Céu Claro";"Múltipla";"Reta";"Sim";2;0;1;0;1;0;1;2;-27,61000542;-48,63895057;"SPRF-SC";"DEL01-SC";"UOP01-DEL01-SC"
364516;2021-06-16;"quarta-feira";"13:00:00";"MG";116;736,8;"LARANJAL";"Pedestre andava na pista";"Atropelamento de Pedestre";"Com Vítimas Fatais";"Pleno dia";"Crescente";"Céu Claro";"Simples";"Reta";"Não";3;1;0;0;1;1;0;3;-21,36164;-42,471428;"SPRF-MG";"DEL07-MG";"UOP02-DEL07-MG"
364518;2021-06-13;"domingo";"00:00:00";"TO";226;20;"PALMEIRAS DO TOCANTINS";"Demais falhas mecânicas ou elétricas";"Incêndio";"Sem Vítimas";"Plena Noite";"Decrescente";"Céu Claro";"Simples";"Reta";"Não";2;0;0;0;1;2;0;3;-6,631092;-47,614395;"SPRF-TO";"DEL02-TO";"UOP03-DEL02-TO"
364520;2021-06-16;"quarta-feira";"16:00:00";"PR";116;30,6;"CAMPINA GRANDE DO SUL";"Acessar a via sem observar a presença dos outros veículos";"Colisão transversal";"Sem Vítimas";"Pleno dia";"Crescente";"Nublado";"Dupla";"Reta";"Não";3;0;0;0;3;0;0;2;-25,10003092;-48,82089801;"SPRF-PR";"DEL01-PR";"UOP02-DEL01-PR"
364524;2021-06-16;"quarta-feira";"15:15:00";"RJ";101;283;"ITABORAI";"Ausência de reação do condutor";"Capotamento";"Com Vítimas Feridas";"Pleno dia";"Decrescente";"Sol";"Dupla";"Reta";"Sim";2;0;1;0;1;0;1;2;-22,73591014;-42,80592689;"SPRF-RJ";"DEL02-RJ";"UOP03-DEL02-RJ"
364525;2021-06-16;"quarta-feira";"15:25:00";"GO";60;127,3;"GOIANAPOLIS";"Demais falhas mecânicas ou elétricas";"Incêndio";"Com Vítimas Feridas";"Pleno dia";"Crescente";"Sol";"Dupla";"Reta";"Não";2;0;1;0;0;2;1;3;-16,5412;-49,1495;"SPRF-GO";"DEL01-GO";"UOP01-DEL01-GO"
364526;2021-06-16;"quarta-feira";"15:25:00";"SP";116;156,5;"SAO JOSE DOS CAMPOS";"Ingestão de álcool pelo condutor";"Colisão lateral mesmo sentido";"Sem Vítimas";"Pleno dia";"Decrescente";"Céu Claro";"Dupla";"Reta";"Não";3;0;0;0;2;1;0;3;-23,25558031;-45,9437828;"SPRF-SP";"DEL02-SP";"UOP01-DEL02-SP"
364527;2021-06-16;"quarta-feira";"12:40:00";"PE";110;221,2;"PETROLANDIA";"Manobra de mudança de faixa";"Colisão transversal";"Com Vítimas Fatais";"Pleno dia";"Decrescente";"Céu Claro";"Simples";"Reta";"Não";3;1;1;0;1;0;1;2;-9,00936293;-38,22421706;"SPRF-BA";"DEL07-BA";"UOP01-DEL07-BA"
364534;2021-06-16;"quarta-feira";"15:15:00";"RS";116;333;"BARRA DO RIBEIRO";"Ausência de reação do condutor";"Saída de leito carroçável";"Sem Vítimas";"Pleno dia";"Crescente";"Nublado";"Dupla";"Em Obras;Reta";"Não";1;0;0;0;1;0;0;1;-30,40262929;-51,44811873;"SPRF-RS";"DEL02-RS";"UOP02-DEL02-RS"
364539;2021-05-19;"quarta-feira";"19:00:00";"PE";101;9,5;"GOIANA";"Velocidade Incompatível";"Colisão com objeto";"Com Vítimas Fatais";"Plena Noite";"Decrescente";"Céu Claro";"Dupla";"Declive;Reta";"Não";4;1;2;0;0;1;2;2;-7,57788903;-34,98847822;"SPRF-PE";"DEL01-PE";"UOP02-DEL01-PE"
364544;2021-06-16;"quarta-feira";"19:40:00";"RS";116;128,9;"SAO MARCOS";"Curva acentuada";"Colisão frontal";"Com Vítimas Feridas";"Plena Noite";"Crescente";"Nublado";"Simples";"Declive;Curva";"Não";3;0;0;1;2;0;1;3;-29,03718578;-51,1043644;"SPRF-RS";"DEL05-RS";"UOP01-DEL05-RS"
364552;2021-06-16;"quarta-feira";"19:30:00";"MG";50;192,8;"UBERABA";"Ausência de reação do condutor";"Colisão traseira";"Com Vítimas Feridas";"Plena Noite";"Crescente";"Céu Claro";"Dupla";"Reta;Aclive";"Não";2;0;1;0;1;0;1;2;-19,87187797;-47,85892196;"SPRF-MG";"DEL13-MG";"UOP01-DEL13-MG"
364554;2021-06-16;"quarta-feira";"17:45:00";"MG";365;173,3;"BURITIZEIRO";"Pista esburacada";"Colisão lateral sentido oposto";"Com Vítimas Feridas";"Anoitecer";"Crescente";"Céu Claro";"Simples";"Declive;Reta";"Não";4;0;0;1;1;2;1;4;-17,40044212;-45,00583649;"SPRF-MG";"DEL12-MG";"UOP01-DEL12-MG"
364555;2021-06-16;"quarta-feira";"11:20:00";"PR";369;186;"ARAPONGAS";"Ausência de reação do condutor";"Colisão transversal";"Com Vítimas Feridas";"Pleno dia";"Crescente";"Céu Claro";"Simples";"Reta";"Sim";2;0;1;0;0;1;1;2;-23,423145;-51,423843;"SPRF-PR";"DEL07-PR";"UOP02-DEL07-PR"
364556;2021-02-07;"domingo";"05:15:00";"PI";135;597;"CORRENTE";"Falta de acostamento";"Tombamento";"Com Vítimas Feridas";"Amanhecer";"Decrescente";"Céu Claro";"Simples";"Reta";"Não";2;0;1;0;0;1;1;2;-10,49379097;-45,18746582;"SPRF-PI";"DEL03-PI";"UOP02-DEL03-PI"
364557;2021-06-16;"quarta-feira";"15:00:00";"MG";262;574,7;"CORREGO DANTA";"Condutor Dormindo";"Colisão frontal";"Com Vítimas Feridas";"Pleno dia";"Crescente";"Céu Claro";"Simples";"Curva";"Não";4;0;0;1;1;2;1;4;-19,69878313;-46,02907909;"SPRF-MG";"DEL08-MG";"UOP02-DEL08-MG"
364560;2021-06-16;"quarta-feira";"21:30:00";"GO";60;221,2;"CEZARINA";"Condutor Dormindo";"Colisão traseira";"Com Vítimas Feridas";"Plena Noite";"Decrescente";"Céu Claro";"Dupla";"Reta";"Não";3;0;0;1;1;2;1;4;-16,9867;-49,7549;"SPRF-GO";"DEL01-GO";"UOP02-DEL01-GO"
364568;2021-06-16;"quarta-feira";"12:01:00";"PR";277;494,1;"GUARANIACU";"Desrespeitar a preferência no cruzamento";"Saída de leito carroçável";"Com Vítimas Feridas";"Pleno dia";"Decrescente";"Céu Claro";"Simples";"Interseção de Vias";"Não";2;0;0;1;1;0;1;2;-25,18844119;-52,65800044;"SPRF-PR";"DEL04-PR";"UOP01-DEL04-PR"
364572;2021-06-16;"quarta-feira";"22:40:00";"PE";232;15;"JABOATAO DOS GUARARAPES";"Condutor Dormindo";"Saída de leito carroçável";"Com Vítimas Feridas";"Plena Noite";"Decrescente";"Céu Claro";"Dupla";"Curva";"Não";1;0;1;0;0;0;1;1;-8,09137732;-35,02917918;"SPRF-PE";"DEL01-PE";"UOP01-DEL01-PE"
364573;2021-06-16;"quarta-feira";"21:30:00";"RJ";101;152;"MACAE";"Ingestão de álcool pelo condutor";"Colisão frontal";"Sem Vítimas";"Plena Noite";"Decrescente";"Nublado";"Simples";"Curva";"Não";2;0;0;0;2;0;0;2;-22,24915138;-41,81529996;"SPRF-RJ";"DEL08-RJ";"UOP04-DEL08-RJ"
364577;2021-06-16;"quarta-feira";"18:25:00";"BA";101;373;"GANDU";"Condutor deixou de manter distância do veículo da frente";"Colisão traseira";"Com Vítimas Feridas";"Plena Noite";"Crescente";"Nublado";"Simples";"Viaduto";"Não";2;0;1;0;1;0;1;2;-13,81334;-39,49706;"SPRF-BA";"DEL05-BA";"UOP03-DEL05-BA"
364579;2021-06-16;"quarta-feira";"21:40:00";"BA";242;187;"ITABERABA";"Condutor Dormindo";"Saída de leito carroçável";"Sem Vítimas";"Plena Noite";"Crescente";"Céu Claro";"Simples";"Ponte";"Não";2;0;0;0;1;1;0;2;-12,51278988;-39,93116205;"SPRF-BA";"DEL06-BA";"UOP02-DEL06-BA"
364580;2021-06-16;"quarta-feira";"22:15:00";"RR";401;1;"BOA VISTA";"Manobra de mudança de faixa";"Colisão transversal";"Sem Vítimas";"Plena Noite";"Crescente";"Céu Claro";"Dupla";"Interseção de Vias";"Sim";2;0;0;0;2;0;0;2;2,80229396;-60,68243402;"SPRF-RR";"DEL01-RR";"UOP01-DEL01-RR"
364583;2021-06-16;"quarta-feira";"23:10:00";"RJ";101;92;"CAMPOS DOS GOYTACAZES";"Condutor Dormindo";"Tombamento";"Sem Vítimas";"Plena Noite";"Crescente";"Céu Claro";"Dupla";"Curva";"Não";2;0;0;0;1;1;0;2;-21,85456357;-41,52621893;"SPRF-RJ";"DEL08-RJ";"UOP02-DEL08-RJ"
364588;2021-06-17;"quinta-feira";"01:15:00";"RS";290;38,7;"SANTO ANTONIO DA PATRULHA";"Condutor Dormindo";"Saída de leito carroçável";"Com Vítimas Feridas";"Plena Noite";"Decrescente";"Nublado";"Dupla";"Reta";"Não";2;0;0;1;0;1;1;2;-29,886322;-50,637886;"SPRF-RS";"DEL03-RS";"UOP01-DEL03-RS"
364589;2021-06-17;"quinta-feira";"03:10:00";"AL";101;160,3;"CAMPO ALEGRE";"Condutor Dormindo";"Saída de leito carroçável";"Com Vítimas Feridas";"Plena Noite";"Crescente";"Céu Claro";"Dupla";"Reta";"Não";1;0;1;0;0;0;1;1;-9,90189971;-36,23754696;"SPRF-AL";"DEL02-AL";"UOP02-DEL02-AL"
364593;2021-06-17;"quinta-feira";"05:50:00";"RJ";116;164;"RIO DE JANEIRO";"Objeto estático sobre o leito carroçável";"Colisão com objeto";"Sem Vítimas";"Amanhecer";"Crescente";"Nublado";"Múltipla";"Reta";"Sim";3;0;0;0;3;0;0;3;-22,81074068;-43,28844363;"SPRF-RJ";"DEL01-RJ";"UOP01-DEL01-RJ"
364596;2021-06-17;"quinta-feira";"05:40:00";"SC";101;83;"BARRA VELHA";"Reação tardia ou ineficiente do condutor";"Colisão traseira";"Com Vítimas Feridas";"Plena Noite";"Decrescente";"Garoa/Chuvisco";"Dupla";"Reta";"Não";3;0;1;0;1;1;1;3;-26,61865655;-48,71834126;"SPRF-SC";"DEL03-SC";"UOP02-DEL03-SC"
364602;2021-06-17;"quinta-feira";"06:50:00";"RS";386;349,3;"ESTRELA";"Reação tardia ou ineficiente do condutor";"Colisão traseira";"Com Vítimas Feridas";"Amanhecer";"Crescente";"Nevoeiro/Neblina";"Dupla";"Ponte;Reta";"Sim";2;0;1;0;1;0;1;2;-29,465483;-51,95509;"SPRF-RS";"DEL04-RS";"UOP02-DEL04-RS"
364605;2021-06-17;"quinta-feira";"03:15:00";"SC";470;215;"SAO CRISTOVAO DO SUL";"Neblina";"Colisão traseira";"Com Vítimas Feridas";"Plena Noite";"Decrescente";"Nevoeiro/Neblina";"Simples";"Reta";"Não";25;0;1;1;23;0;2;2;-27,30350919;-50,27560472;"SPRF-SC";"DEL05-SC";"UOP03-DEL05-SC"
364607;2021-06-17;"quinta-feira";"06:30:00";"TO";153;521,1;"PUGMIL";"Manobra de mudança de faixa";"Colisão lateral mesmo sentido";"Sem Vítimas";"Pleno dia";"Crescente";"Céu Claro";"Simples";"Reta";"Não";2;0;0;0;2;0;0;2;-10,390199;-48,894268;"SPRF-TO";"DEL01-TO";"UOP01-DEL01-TO"
364618;2021-06-16;"quarta-feira";"20:00:00";"MT";163;1112;"GUARANTA DO NORTE";"Reação tardia ou ineficiente do condutor";"Tombamento";"Com Vítimas Feridas";"Plena Noite";"Decrescente";"Céu Claro";"Simples";"Curva;Aclive";"Não";2;0;1;0;0;1;1;2;-9,70020602;-54,87588757;"SPRF-MT";"DEL06-MT";"NPF/DEL06-MT"