"id";"data_inversa";"dia_semana";"horario";"uf";"br";"km";"municipio";"causa_acidente";"tipo_acidente";"classificacao_acidente";"fase_dia";"sentido_via";"condicao_metereologica";"tipo_pista";"tracado_via";"uso_solo";"pessoas";"mortos";"feridos_leves";"feridos_graves";"ilesos";"ignorados";"feridos";"veiculos";"latitude";"longitude";"regional";"delegacia";"uop"
364624;2021-06-09;"quarta-feira";"17:50:00";"MS";163;18;"MUNDO NOVO";"Acessar a via sem observar a presença dos outros veículos";"Colisão frontal";"Com Vítimas Feridas";"Plena Noite";"Crescente";"Nublado";"Simples";"Interseção de Vias";"Sim";4;0;1;0;2;2;1;4;-23,94186304;-54,28068144;"SPRF-MS";"DEL09-MS";"UOP02-DEL09-MS"
364626;2021-06-17;"quinta-feira";"08:00:00";"SP";116;514;"CAJATI";"Reação tardia ou ineficiente do condutor";"Colisão com objeto";"Sem Vítimas";"Pleno dia";"Crescente";"Céu Claro";"Dupla";"Aclive";"Não";2;0;0;0;1;1;0;2;-24,85874304;-48,21731282;"SPRF-SP";"DEL05-SP";"UOP02-DEL05-SP"
364627;2021-06-17;"quinta-feira";"06:00:00";"RO";364;417;"JARU";"Ultrapassagem Indevida";"Colisão frontal";"Com Vítimas Feridas";"Amanhecer";"Crescente";"Céu Claro";"Simples";"Curva;Aclive";"Não";4;0;2;0;1;3;2;5;-10,49204616;-62,42765112;"SPRF-RO";"DEL03-RO";"UOP02-DEL03-RO"
364630;2021-04-03;"sábado";"17:25:00";"MG";356;266,5;"MURIAE";"Transitar na contramão";"Colisão transversal";"Com Vítimas Feridas";"Pleno dia";"Crescente";"Céu Claro";"Simples";"Curva";"Sim";5;0;0;1;1;3;1;4;-21,12823134;-42,35802453;"SPRF-MG";"DEL07-MG";"UOP02-DEL07-MG"
364631;2021-03-21;"domingo";"17:30:00";"MG";381;349;"JOAO MONLEVADE";"Velocidade Incompatível";"Colisão lateral sentido oposto";"Com Vítimas Feridas";"Pleno dia";"Decrescente";"Nublado";"Simples";"Curva";"Não";3;0;0;1;1;1;1;3;-19,8499239;-43,14868105;"SPRF-MG";"DEL03-MG";"UOP01-DEL03-MG"
364635;2021-06-17;"quinta-feira";"09:50:00";"RJ";356;64;"ITAPERUNA";"Velocidade Incompatível";"Colisão lateral sentido oposto";"Com Vítimas Fatais";"Pleno dia";"Decrescente";"Céu Claro";"Dupla";"Curva";"Não";2;1;0;0;1;0;0;2;-21,343838;-41,714478;"SPRF-RJ";"DEL08-RJ";"UOP03-DEL08-RJ"
364638;2021-06-17;"quinta-feira";"09:50:00";"SC";101;53,5;"JOINVILLE";"Estacionar ou parar em local proibido";"Colisão traseira";"Com Vítimas Feridas";"Pleno dia";"Decrescente";"Nublado";"Múltipla";"Reta";"Não";2;0;0;1;1;0;1;2;-26,40231201;-48,83969703;"SPRF-SC";"DEL03-SC";"UOP01-DEL03-SC"
364642;2021-06-17;"quinta-feira";"10:50:00";"SC";101;55;"JOINVILLE";"Reação tardia ou ineficiente do condutor";"Colisão lateral mesmo sentido";"Sem Vítimas";"Pleno dia";"Decrescente";"Nublado";"Dupla";"Curva";"Não";4;0;0;0;3;2;0;4;-26,42280898;-48,82977496;"SPRF-SC";"DEL03-SC";"UOP01-DEL03-SC"
364649;2021-06-17;"quinta-feira";"12:00:00";"RS";290;57;"GLORINHA";"Condutor deixou de manter distância do veículo da frente";"Colisão lateral mesmo sentido";"Com Vítimas Feridas";"Pleno dia";"Decrescente";"Nublado";"Múltipla";"Reta";"Não";2;0;1;0;1;0;1;2;-29,918623;-50,828213;"SPRF-RS";"DEL03-RS";"UOP01-DEL03-RS"
364650;2021-06-17;"quinta-feira";"11:38:00";"PR";277;49;"MORRETES";"Ausência de reação do condutor";"Engavetamento";"Com Vítimas Feridas";"Pleno dia";"Decrescente";"Chuva";"Dupla";"Declive";"Não";4;0;1;0;2;3;1;6;-25,59243579;-48,89076291;"SPRF-PR";"DEL01-PR";"UOP05-DEL01-PR"
364651;2021-06-17;"quinta-feira";"12:10:00";"SC";470;81,8;"RODEIO";"Velocidade Incompatível";"Tombamento";"Com Vítimas Feridas";"Pleno dia";"Decrescente";"Nublado";"Simples";"Curva";"Não";2;0;1;0;0;1;1;2;-26,959075;-49,32492256;"SPRF-SC";"DEL04-SC";"UOP01-DEL04-SC"
364654;2021-06-17;"quinta-feira";"11:50:00";"RO";364;385;"OURO PRETO DO OESTE";"Acessar a via sem observar a presença dos outros veículos";"Colisão transversal";"Sem Vítimas";"Pleno dia";"Crescente";"Céu Claro";"Simples";"Interseção de Vias";"Sim";6;0;0;0;5;3;0;5;-10,70819012;-62,25648014;"SPRF-RO";"DEL02-RO";"UOP01-DEL02-RO"
364655;2021-06-17;"quinta-feira";"11:08:00";"TO";153;102;"WANDERLANDIA";"Ultrapassagem Indevida";"Colisão lateral sentido oposto";"Com Vítimas Feridas";"Pleno dia";"Decrescente";"Céu Claro";"Simples";"Reta";"Não";3;0;1;0;1;2;1;4;-6,90546032;-48,03457736;"SPRF-TO";"DEL02-TO";"UOP01-DEL02-TO"
364656;2021-06-17;"quinta-feira";"12:30:00";"PE";101;82;"JABOATAO DOS GUARARAPES";"Condutor deixou de manter distância do veículo da frente";"Colisão traseira";"Sem Vítimas";"Pleno dia";"Decrescente";"Céu Claro";"Dupla";"Interseção de Vias";"Sim";2;0;0;0;2;0;0;2;-8,168383;-34,9376;"SPRF-PE";"DEL01-PE";"UOP01-DEL01-PE"
364657;2021-04-30;"sexta-feira";"10:20:00";"PR";467;73,5;"TOLEDO";"Problema com o freio";"Colisão traseira";"Sem Vítimas";"Pleno dia";"Crescente";"Céu Claro";"Dupla";"Declive";"Não";3;0;0;0;2;4;0;6;-24,7322;-53,7;"SPRF-PR";"DEL04-PR";"UOP01-DEL04-PR"
364661;2021-06-17;"quinta-feira";"12:40:00";"GO";20;159;"ALVORADA DO NORTE";"Condutor Dormindo";"Colisão transversal";"Com Vítimas Feridas";"Pleno dia";"Crescente";"Céu Claro";"Simples";"Reta";"Não";4;0;2;0;1;3;2;5;-14,625212;-46,616703;"SPRF-DF";"DEL02-DF";"UOP03-DEL02-DF"
364665;2021-06-17;"quinta-feira";"11:50:00";"PR";277;586,5;"CASCAVEL";"Acessar a via sem observar a presença dos outros veículos";"Colisão transversal";"Com Vítimas Feridas";"Pleno dia";"Crescente";"Céu Claro";"Simples";"Reta";"Sim";4;0;2;0;1;2;2;4;-24,9649472;-53,4210459;"SPRF-PR";"DEL04-PR";"UOP01-DEL04-PR"
364668;2021-06-17;"quinta-feira";"12:30:00";"MG";262;172;"SAO DOMINGOS DO PRATA";"Ingestão de álcool pelo condutor";"Atropelamento de Pedestre";"Com Vítimas Feridas";"Pleno dia";"Crescente";"Céu Claro";"Simples";"Reta";"Não";3;0;0;1;1;1;1;2;-19,94599643;-42,93527926;"SPRF-MG";"DEL03-MG";"UOP01-DEL03-MG"
364672;2021-06-17;"quinta-feira";"06:00:00";"BA";116;133;"CANUDOS";"Demais falhas mecânicas ou elétricas";"Incêndio";"Sem Vítimas";"Pleno dia";"Crescente";"Céu Claro";"Simples";"Reta";"Não";2;0;0;0;1;1;0;2;-9,77516612;-39,13404778;"SPRF-BA";"DEL07-BA";"UOP01-DEL07-BA"
364674;2021-06-17;"quinta-feira";"14:20:00";"PR";277;422;"CANTAGALO";"Desrespeitar a preferência no cruzamento";"Colisão transversal";"Com Vítimas Feridas";"Pleno dia";"Decrescente";"Céu Claro";"Simples";"Rotatória;Reta";"Sim";2;0;0;1;1;0;1;2;-25,40453366;-52,1054258;"SPRF-PR";"DEL04-PR";"UOP02-DEL04-PR"
364676;2021-06-17;"quinta-feira";"14:00:00";"SC";101;236,4;"PALHOCA";"Manobra de mudança de faixa";"Colisão transversal";"Com Vítimas Feridas";"Pleno dia";"Crescente";"Nublado";"Dupla";"Reta";"Não";2;0;1;0;1;0;1;2;-27,82629382;-48,63034842;"SPRF-SC";"DEL01-SC";"UOP02-DEL01-SC"
364686;2021-06-17;"quinta-feira";"14:25:00";"SC";480;125;"CHAPECO";"Manobra de mudança de faixa";"Colisão lateral mesmo sentido";"Sem Vítimas";"Pleno dia";"Crescente";"Nublado";"Dupla";"Reta";"Sim";3;0;0;0;2;1;0;3;-26,99739704;-52,64201951;"SPRF-SC";"DEL07-SC";"UOP01-DEL07-SC"
364689;2021-06-17;"quinta-feira";"15:20:00";"PE";101;68;"RECIFE";"Reação tardia ou ineficiente do condutor";"Engavetamento";"Sem Vítimas";"Pleno dia";"Crescente";"Sol";"Múltipla";"Declive";"Sim";4;0;0;0;3;1;0;4;-8,05074296;-34,94580619;"SPRF-PE";"DEL01-PE";"UOP01-DEL01-PE"
364694;2021-06-17;"quinta-feira";"15:10:00";"SC";101;257;"PAULO LOPES";"Demais falhas mecânicas ou elétricas";"Incêndio";"Sem Vítimas";"Pleno dia";"Decrescente";"Céu Claro";"Simples";"Curva";"Não";2;0;0;0;2;0;0;1;-27,99885386;-48,68886352;"SPRF-SC";"DEL02-SC";"UOP03-DEL02-SC"
364696;2021-06-17;"quinta-feira";"16:30:00";"RS";293;84,6;"PIRATINI";"Demais falhas mecânicas ou elétricas";"Tombamento";"Com Vítimas Feridas";"Pleno dia";"Decrescente";"Nublado";"Simples";"Reta";"Não";3;0;2;0;0;2;2;3;-31,64063826;-53,15458611;"SPRF-RS";"DEL07-RS";"UOP01-DEL07-RS"
364704;2021-06-17;"quinta-feira";"17:00:00";"RS";386;417;"MONTENEGRO";"Ingestão de álcool pelo condutor";"Colisão lateral mesmo sentido";"Sem Vítimas";"Pleno dia";"Crescente";"Céu Claro";"Simples";"Rotatória";"Não";2;0;0;0;2;0;0;2;-29,818958;-51,452934;"SPRF-RS";"DEL04-RS";"UOP02-DEL04-RS"
364706;2021-06-17;"quinta-feira";"17:30:00";"MG";262;158;"SAO DOMINGOS DO PRATA";"Reação tardia ou ineficiente do condutor";"Colisão traseira";"Sem Vítimas";"Anoitecer";"Crescente";"Céu Claro";"Simples";"Reta";"Não";4;0;0;0;2;2;0;4;-19,96158652;-42,81953897;"SPRF-MG";"DEL03-MG";"UOP03-DEL03-MG"
364707;2021-06-17;"quinta-feira";"11:35:00";"MG";40;671,9;"CARANDAI";"Velocidade Incompatível";"Colisão lateral sentido oposto";"Com Vítimas Feridas";"Pleno dia";"Crescente";"Sol";"Simples";"Curva";"Não";3;0;0;1;1;1;1;3;-20,988537;-43,781928;"SPRF-MG";"DEL05-MG";"UOP02-DEL05-MG"
364709;2021-06-17;"quinta-feira";"17:30:00";"RJ";116;165;"RIO DE JANEIRO";"Transitar na contramão";"Colisão frontal";"Sem Vítimas";"Plena Noite";"Decrescente";"Céu Claro";"Dupla";"Reta";"Sim";2;0;0;0;2;0;0;2;-22,81548519;-43,29087405;"SPRF-RJ";"DEL01-RJ";"UOP01-DEL01-RJ"
364712;2021-06-17;"quinta-feira";"17:36:00";"PR";277;36,2;"MORRETES";"Velocidade Incompatível";"Colisão com objeto";"Com Vítimas Fatais";"Plena Noite";"Decrescente";"Céu Claro";"Dupla";"Curva";"Não";3;1;0;1;0;2;1;3;-25,5585949;-48,80593311;"SPRF-PR";"DEL01-PR";"UOP05-DEL01-PR"
364715;2021-06-17;"quinta-feira";"17:50:00";"ES";262;158,5;"IBATIBA";"Deficiência do Sistema de Iluminação/Sinalização";"Colisão transversal";"Com Vítimas Feridas";"Anoitecer";"Decrescente";"Céu Claro";"Simples";"Interseção de Vias";"Sim";3;0;1;0;1;1;1;3;-20,23111383;-41,49626094;"SPRF-ES";"DEL01-ES";"UOP02-DEL01-ES"
364716;2021-05-22;"sábado";"21:10:00";"ES";101;281,9;"SERRA";"Velocidade Incompatível";"Colisão com objeto";"Com Vítimas Feridas";"Plena Noite";"Crescente";"Ignorado";"Dupla";"Ponte";"Sim";2;0;0;1;1;0;1;2;-20,22112792;-40,35720552;"SPRF-ES";"DEL02-ES";"UOP01-DEL02-ES"
364717;2021-06-17;"quinta-feira";"17:55:00";"RS";116;0;"PORTO ALEGRE";"Demais falhas mecânicas ou elétricas";"Tombamento";"Com Vítimas Feridas";"Plena Noite";"Decrescente";"Céu Claro";"Dupla";"Curva;Declive";"Sim";4;0;1;1;1;1;2;3;-29,97225396;-51,17674112;"SPRF-RS";"DEL01-RS";"UOP01-DEL01-RS"
364726;2021-06-17;"quinta-feira";"17:30:00";"MS";60;515,5;"NIOAQUE";"Problema com o freio";"Saída de leito carroçável";"Com Vítimas Feridas";"Plena Noite";"Crescente";"Nublado";"Simples";"Declive";"Não";1;0;1;0;0;0;1;1;-21,17732695;-55,628235;"SPRF-MS";"DEL05-MS";"UOP01-DEL05-MS"
364729;2021-06-17;"quinta-feira";"18:20:00";"PE";101;64,5;"RECIFE";"Manobra de mudança de faixa";"Colisão lateral mesmo sentido";"Com Vítimas Feridas";"Plena Noite";"Crescente";"Nublado";"Dupla";"Reta";"Sim";4;0;2;0;1;2;2;4;-8,0162921;-34,94045886;"SPRF-PE";"DEL01-PE";"UOP01-DEL01-PE"
364733;2021-06-17;"quinta-feira";"19:30:00";"BA";324;277;"JACOBINA";"Demais falhas mecânicas ou elétricas";"Saída de leito carroçável";"Com Vítimas Fatais";"Plena Noite";"Crescente";"Céu Claro";"Simples";"Curva";"Não";3;1;2;0;0;0;2;1;-11,139059;-40,593475;"SPRF-BA";"DEL04-BA";"UOP02-DEL04-BA"
364735;2021-06-17;"quinta-feira";"16:20:00";"SC";163;68,3;"SAO MIGUEL DO OESTE";"Ausência de reação do condutor";"Saída de leito carroçável";"Com Vítimas Feridas";"Pleno dia";"Crescente";"Céu Claro";"Dupla";"Declive;Reta";"Sim";2;0;1;0;1;0;1;1;-26,75038301;-53,50086841;"SPRF-SC";"DEL07-SC";"UOP03-DEL07-SC"
364742;2021-06-17;"quinta-feira";"20:50:00";"SC";101;288;"IMBITUBA";"Objeto estático sobre o leito carroçável";"Colisão com objeto";"Com Vítimas Feridas";"Plena Noite";"Decrescente";"Céu Claro";"Simples";"Reta";"Sim";2;0;0;1;1;0;1;2;-28,24598003;-48,70010284;"SPRF-SC";"DEL02-SC";"UOP03-DEL02-SC"
364743;2021-06-17;"quinta-feira";"21:25:00";"SP";381;7;"VARGEM";"Ausência de reação do condutor";"Colisão traseira";"Com Vítimas Feridas";"Plena Noite";"Decrescente";"Céu Claro";"Dupla";"Reta";"Não";3;0;0;1;1;1;1;3;-22,90533708;-46,42270582;"SPRF-SP";"DEL03-SP";"UOP01-DEL03-SP"
364744;2021-06-17;"quinta-feira";"21:10:00";"PR";376;538;"PALMEIRA";"Condutor deixou de manter distância do veículo da frente";"Colisão traseira";"Com Vítimas Feridas";"Plena Noite";"Crescente";"Céu Claro";"Dupla";"Reta";"Não";2;0;1;0;1;0;1;2;-25,34692456;-49,84286852;"SPRF-PR";"DEL01-PR";"UOP03-DEL03-PR"
364745;2021-06-17;"quinta-feira";"21:20:00";"GO";153;674;"PANAMA";"Condutor Dormindo";"Colisão traseira";"Com Vítimas Feridas";"Plena Noite";"Crescente";"Céu Claro";"Dupla";"Reta";"Não";3;0;1;0;1;2;1;4;-18,1768;-49,2905;"SPRF-GO";"DEL03-GO";"UOP02-DEL03-GO"
364747;2021-06-17;"quinta-feira";"21:10:00";"ES";262;120,2;"CONCEICAO DO CASTELO";"Velocidade Incompatível";"Colisão frontal";"Com Vítimas Feridas";"Plena Noite";"Crescente";"Nublado";"Simples";"Curva";"Não";3;0;0;2;0;3;2;5;-20,29484803;-41,22818515;"SPRF-ES";"DEL01-ES";"UOP02-DEL01-ES"
364750;2021-06-17;"quinta-feira";"20:45:00";"MT";163;521,6;"VARZEA GRANDE";"Conversão proibida";"Queda de ocupante de veículo";"Com Vítimas Feridas";"Plena Noite";"Decrescente";"Céu Claro";"Simples";"Reta";"Sim";3;0;1;0;2;0;1;3;-15,66648879;-56,18274272;"SPRF-MT";"DEL01-MT";"UOP01-DEL01-MT"
364755;2021-06-08;"terça-feira";"19:10:00";"SP";116;361,7;"MIRACATU";"Ausência de reação do condutor";"Colisão lateral mesmo sentido";"Com Vítimas Feridas";"Plena Noite";"Crescente";"Chuva";"Dupla";"Curva";"Sim";5;0;3;1;1;0;4;2;-24,11717019;-47,26764709;"SPRF-SP";"DEL04-SP";"UOP02-DEL04-SP"
364761;2021-06-17;"quinta-feira";"23:20:00";"GO";40;22,8;"LUZIANIA";"Ausência de reação do condutor";"Colisão traseira";"Com Vítimas Feridas";"Plena Noite";"Decrescente";"Céu Claro";"Dupla";"Curva";"Sim";4;0;1;1;1;1;2;3;-16,23455191;-47,91235512;"SPRF-DF";"DEL01-DF";"UOP01-DEL01-DF"
364764;2021-06-17;"quinta-feira";"22:00:00";"MA";135;0,1;"SAO LUIS";"Ingestão de álcool pelo condutor";"Colisão lateral mesmo sentido";"Sem Vítimas";"Plena Noite";"Crescente";"Nublado";"Dupla";"Reta";"Sim";4;0;0;0;3;1;0;4;-2,5804565;-44,241947;"SPRF-MA";"DEL01-MA";"UOP01-DEL01-MA"
364766;2021-06-18;"sexta-feira";"00:02:00";"MG";381;867,5;"POUSO ALEGRE";"Condutor Dormindo";"Colisão com objeto";"Com Vítimas Feridas";"Plena Noite";"Crescente";"Céu Claro";"Dupla";"Reta";"Não";2;0;1;1;0;0;2;1;-22,37822502;-45,94261957;"SPRF-MG";"DEL16-MG";"UOP01-DEL16-MG"
364767;2021-06-17;"quinta-feira";"23:30:00";"MS";60;7,3;"CHAPADAO DO SUL";"Reação tardia ou ineficiente do condutor";"Capotamento";"Com Vítimas Feridas";"Plena Noite";"Crescente";"Céu Claro";"Simples";"Reta";"Não";2;0;0;1;0;2;1;3;-18,75142897;-52,62935007;"SPRF-MS";"DEL08-MS";"UOP01-DEL08-MS"
364770;2021-06-17;"quinta-feira";"22:45:00";"SC";470;234;"SAO CRISTOVAO DO SUL";"Velocidade Incompatível";"Colisão frontal";"Com Vítimas Feridas";"Plena Noite";"Decrescente";"Nublado";"Simples";"Curva";"Não";3;0;0;1;1;1;1;3;-27,29992205;-50,44023314;"SPRF-SC";"DEL05-SC";"UOP03-DEL05-SC"
364771;2021-06-18;"sexta-feira";"00:40:00";"RS";285;446,2;"BOZANO";"Demais falhas mecânicas ou elétricas";"Incêndio";"Sem Vítimas";"Plena Noite";"Crescente";"Céu Claro";"Simples";"Reta";"Não";2;0;0;0;1;1;0;2;-28,364635;-53,792011;"SPRF-RS";"DEL10-RS";"UOP01-DEL10-RS"
364773;2021-06-17;"quinta-feira";"16:00:00";"SP";381;68;"MAIRIPORA";"Velocidade Incompatível";"Tombamento";"Sem Vítimas";"Pleno dia";"Decrescente";"Céu Claro";"Múltipla";"Curva";"Não";4;0;0;0;3;1;0;4;-23,34043796;-46,57433588;"SPRF-SP";"DEL03-SP";"UOP01-DEL03-SP"
364774;2021-06-17;"quinta-feira";"23:20:00";"AC";364;106;"RIO BRANCO";"Animais na Pista";"Atropelamento de Animal";"Com Vítimas Feridas";"Plena Noite";"Crescente";"Céu Claro";"Simples";"Reta";"Não";3;0;0;3;0;0;3;1;-10,0316351;-67,63455707;"SPRF-AC";"DEL01-AC";"UOP01-DEL01-AC"
364775;2021-06-17;"quinta-feira";"21:20:00";"RS";116;525,5;"PELOTAS";"Ausência de reação do condutor";"Colisão transversal";"Com Vítimas Feridas";"Plena Noite";"Decrescente";"Céu Claro";"Simples";"Desvio Temporário";"Sim";4;0;1;0;2;1;1;4;-31,73893454;-52,39560127;"SPRF-RS";"DEL07-RS";"UOP01-DEL07-RS"
364777;2021-06-17;"quinta-feira";"23:20:00";"SC";282;544,4;"CHAPECO";"Ingestão de álcool pelo condutor";"Saída de leito carroçável";"Sem Vítimas";"Plena Noite";"Crescente";"Garoa/Chuvisco";"Simples";"Reta";"Não";1;0;0;0;1;0;0;1;-26,992517;-52,724781;"SPRF-SC";"DEL07-SC";"UOP01-DEL07-SC"
364783;2021-06-18;"sexta-feira";"03:00:00";"CE";116;526;"JATI";"Problema na suspensão";"Tombamento";"Sem Vítimas";"Plena Noite";"Decrescente";"Céu Claro";"Simples";"Curva";"Sim";1;0;0;0;1;0;0;1;-7,64286;-39,02366;"SPRF-CE";"DEL05-CE";"UOP03-DEL05-CE"
364788;2021-06-18;"sexta-feira";"05:15:00";"GO";60;377;"RIO VERDE";"Ingestão de álcool pelo condutor";"Colisão frontal";"Sem Vítimas";"Amanhecer";"Decrescente";"Céu Claro";"Dupla";"Declive";"Não";3;0;0;0;2;2;0;4;-17,739;-50,8729;"SPRF-GO";"DEL04-GO";"UOP01-DEL04-GO"
364792;2021-06-18;"sexta-feira";"07:30:00";"RS";116;253;"SAPUCAIA DO SUL";"Condutor deixou de manter distância do veículo da frente";"Colisão traseira";"Sem Vítimas";"Pleno dia";"Crescente";"Nublado";"Dupla";"Viaduto;Declive";"Sim";4;0;0;0;3;1;0;3;-29,81784209;-51,16996166;"SPRF-RS";"DEL01-RS";"UOP02-DEL01-RS"
364793;2021-06-18;"sexta-feira";"06:45:00";"SC";470;9,9;"NAVEGANTES";"Acessar a via sem observar a presença dos outros veículos";"Colisão transversal";"Com Vítimas Fatais";"Amanhecer";"Decrescente";"Nublado";"Simples";"Interseção de Vias";"Não";4;2;0;0;2;0;0;3;-26,833693;-48,73724;"SPRF-SC";"DEL04-SC";"UOP04-DEL04-SC"
364798;2021-06-18;"sexta-feira";"07:00:00";"MG";381;403;"BOM JESUS DO AMPARO";"Problema com o freio";"Saída de leito carroçável";"Com Vítimas Feridas";"Pleno dia";"Decrescente";"Céu Claro";"Dupla";"Rotatória";"Não";1;0;1;0;0;0;1;1;-19,75137942;-43,53638096;"SPRF-MG";"DEL01-MG";"UOP01-DEL01-MG"
364800;2021-06-18;"sexta-feira";"06:05:00";"PI";316;2,4;"TERESINA";"Velocidade Incompatível";"Tombamento";"Sem Vítimas";"Amanhecer";"Decrescente";"Céu Claro";"Simples";"Rotatória";"Sim";2;0;0;0;1;2;0;3;-5,12477477;-42,79848465;"SPRF-PI";"DEL01-PI";"UOP02-DEL01-PI"
364801;2021-06-18;"sexta-feira";"06:30:00";"SC";282;411,6;"CATANDUVAS";"Ultrapassagem Indevida";"Colisão frontal";"Com Vítimas Feridas";"Amanhecer";"Decrescente";"Céu Claro";"Simples";"Declive;Curva";"Não";5;0;1;1;2;3;2;7;-27,059202;-51,680046;"SPRF-SC";"DEL07-SC";"UOP05-DEL07-SC"
364803;2021-06-18;"sexta-feira";"07:49:00";"PR";277;717,8;"SANTA TEREZINHA DE ITAIPU";"Reação tardia ou ineficiente do condutor";"Colisão traseira";"Com Vítimas Feridas";"Amanhecer";"Decrescente";"Céu Claro";"Dupla";"Reta;Aclive";"Não";4;0;2;0;2;0;2;2;-25,47637493;-54,47651902;"SPRF-PR";"DEL05-PR";"UOP01-DEL05-PR"
364815;2021-06-18;"sexta-feira";"09:20:00";"BA";324;525;"FEIRA DE SANTANA";"Reação tardia ou ineficiente do condutor";"Engavetamento";"Sem Vítimas";"Pleno dia";"Crescente";"Céu Claro";"Dupla";"Reta";"Sim";3;0;0;0;3;0;0;3;-12,30106981;-38,8977869;"SPRF-BA";"DEL01-BA";"UOP03-DEL01-BA"
364816;2021-04-07;"quarta-feira";"06:40:00";"TO";226;3;"AGUIARNOPOLIS";"Acostamento em desnível";"Colisão frontal";"Com Vítimas Feridas";"Amanhecer";"Crescente";"Céu Claro";"Simples";"Reta";"Não";4;0;1;0;2;4;1;7;-6,565606;-47,483803;"SPRF-TO";"DEL02-TO";"UOP03-DEL02-TO"
364819;2021-06-18;"sexta-feira";"09:00:00";"BA";110;174;"RIBEIRA DO POMBAL";"Acessar a via sem observar a presença dos outros veículos";"Colisão lateral mesmo sentido";"Com Vítimas Feridas";"Pleno dia";"Decrescente";"Céu Claro";"Simples";"Reta";"Não";3;0;0;1;1;1;1;3;-10,87839594;-38,52607058;"SPRF-BA";"DEL07-BA";"UOP02-DEL07-BA"
364829;2021-06-18;"sexta-feira";"10:20:00";"RJ";101;64;"CAMPOS DOS GOYTACAZES";"Mal súbito do condutor";"Colisão transversal";"Sem Vítimas";"Pleno dia";"Crescente";"Céu Claro";"Simples";"Reta";"Sim";2;0;0;0;2;0;0;2;-21,74908605;-41,33632461;"SPRF-RJ";"DEL08-RJ";"UOP02-DEL08-RJ"
364830;2021-06-18;"sexta-feira";"11:10:00";"MG";381;739,2;"TRES CORACOES";"Ausência de reação do condutor";"Colisão traseira";"Com Vítimas Feridas";"Pleno dia";"Decrescente";"Sol";"Dupla";"Curva";"Não";5;0;1;0;2;2;1;5;-21,61514806;-45,24157278;"SPRF-MG";"DEL16-MG";"UOP02-DEL16-MG"
364833;2021-06-15;"terça-feira";"14:30:00";"MG";267;74,9;"JUIZ DE FORA";"Velocidade Incompatível";"Tombamento";"Com Vítimas Feridas";"Pleno dia";"Decrescente";"Nublado";"Simples";"Curva";"Não";2;0;1;0;0;1;1;2;-21,75716623;-43,16530485;"SPRF-MG";"DEL05-MG";"UOP01-DEL05-MG"
364836;2021-06-18;"sexta-feira";"10:00:00";"GO";153;616,7;"MORRINHOS";"Velocidade Incompatível";"Colisão com objeto";"Com Vítimas Feridas";"Pleno dia";"Decrescente";"Céu Claro";"Dupla";"Reta";"Não";6;0;3;0;0;3;3;4;-17,6951;-49,1559;"SPRF-GO";"DEL03-GO";"UOP01-DEL03-GO"
364837;2021-06-18;"sexta-feira";"11:00:00";"SP";116;92,2;"PINDAMONHANGABA";"Reação tardia ou ineficiente do condutor";"Engavetamento";"Com Vítimas Feridas";"Pleno dia";"Crescente";"Céu Claro";"Dupla";"Reta";"Sim";5;0;1;0;3;2;1;6;-22,952892;-45,406315;"SPRF-SP";"DEL08-SP";"UOP01-DEL08-SP"
364838;2021-05-16;"domingo";"21:55:00";"PA";316;103;"SANTA MARIA DO PARA";"Reação tardia ou ineficiente do condutor";"Colisão frontal";"Com Vítimas Feridas";"Plena Noite";"Crescente";"Céu Claro";"Simples";"Reta";"Não";2;0;1;0;1;0;1;2;-1,33965249;-47,57773209;"SPRF-PA";"DEL01-PA";"UOP02-DEL01-PA"
364839;2021-06-18;"sexta-feira";"11:00:00";"MG";267;244,6;"SERITINGA";"Acessar a via sem observar a presença dos outros veículos";"Colisão transversal";"Com Vítimas Feridas";"Pleno dia";"Decrescente";"Céu Claro";"Simples";"Reta";"Não";2;0;1;0;1;0;1;2;-21,92545521;-44,44002805;"SPRF-MG";"DEL17-MG";"UOP01-DEL17-MG"
364846;2021-04-26;"segunda-feira";"17:45:00";"SC";282;580,3;"PINHALZINHO";"Reação tardia ou ineficiente do condutor";"Engavetamento";"Com Vítimas Feridas";"Anoitecer";"Decrescente";"Céu Claro";"Simples";"Reta";"Sim";4;0;2;0;2;0;2;3;-26,835988;-52,989708;"SPRF-SC";"DEL07-SC";"UOP02-DEL07-SC"
364847;2021-06-18;"sexta-feira";"12:30:00";"MG";267;119;"JUIZ DE FORA";"Condutor Dormindo";"Colisão frontal";"Com Vítimas Feridas";"Pleno dia";"Crescente";"Céu Claro";"Simples";"Curva";"Não";4;0;3;0;1;0;3;2;-21,70341296;-43,45506236;"SPRF-MG";"DEL05-MG";"UOP01-DEL05-MG"
364851;2021-06-18;"sexta-feira";"11:10:00";"PR";373;400;"CANDOI";"Acessar a via sem observar a presença dos outros veículos";"Colisão transversal";"Com Vítimas Feridas";"Pleno dia";"Decrescente";"Nublado";"Simples";"Reta";"Sim";3;0;2;0;1;0;2;2;-25,56833681;-52,05164526;"SPRF-PR";"DEL08-PR";"UOP01-DEL08-PR"
364853;2021-06-18;"sexta-feira";"13:10:00";"SC";280;57,4;"GUARAMIRIM";"Ausência de reação do condutor";"Colisão transversal";"Com Vítimas Feridas";"Pleno dia";"Crescente";"Nublado";"Dupla";"Rotatória";"Sim";2;0;1;0;1;0;1;2;-26,4742033;-49,01977301;"SPRF-SC";"DEL03-SC";"UOP03-DEL03-SC"