"id";"data_inversa";"dia_semana";"horario";"uf";"br";"km";"municipio";"causa_acidente";"tipo_acidente";"classificacao_acidente";"fase_dia";"sentido_via";"condicao_metereologica";"tipo_pista";"tracado_via";"uso_solo";"pessoas";"mortos";"feridos_leves";"feridos_graves";"ilesos";"ignorados";"feridos";"veiculos";"latitude";"longitude";"regional";"delegacia";"uop"
364855;2021-06-18;"sexta-feira";"11:29:00";"SC";282;334,3;"CAMPOS NOVOS";"Ultrapassagem Indevida";"Colisão lateral mesmo sentido";"Com Vítimas Feridas";"Pleno dia";"Crescente";"Céu Claro";"Simples";"Reta";"Não";4;0;0;1;2;2;1;5;-27,3943;-51,145859;"SPRF-SC";"DEL07-SC";"UOP06-DEL07-SC"
364866;2021-06-03;"quinta-feira";"00:45:00";"SC";116;124,6;"SANTA CECILIA";"Ultrapassagem Indevida";"Colisão lateral sentido oposto";"Com Vítimas Feridas";"Plena Noite";"Decrescente";"Nevoeiro/Neblina";"Simples";"Curva";"Não";5;0;2;1;1;3;3;6;-26,85025694;-50,40504834;"SPRF-SC";"DEL06-SC";"UOP02-DEL06-SC"
364871;2021-06-18;"sexta-feira";"13:30:00";"MG";381;431,5;"SABARA";"Reação tardia ou ineficiente do condutor";"Colisão traseira";"Com Vítimas Feridas";"Pleno dia";"Decrescente";"Sol";"Simples";"Aclive;Reta";"Não";2;0;0;1;0;1;1;2;-19,7874092;-43,7024693;"SPRF-MG";"DEL01-MG";"UOP01-DEL01-MG"
364872;2021-06-18;"sexta-feira";"13:20:00";"MT";364;291;"JACIARA";"Manobra de mudança de faixa";"Colisão lateral mesmo sentido";"Com Vítimas Feridas";"Pleno dia";"Crescente";"Céu Claro";"Dupla";"Reta";"Não";3;0;1;0;1;1;1;3;-15,89922799;-55,09840599;"SPRF-MT";"DEL05-MT";"UOP02-DEL05-MT"
364885;2021-06-18;"sexta-feira";"15:10:00";"MG";40;473,5;"SETE LAGOAS";"Velocidade Incompatível";"Tombamento";"Com Vítimas Feridas";"Pleno dia";"Crescente";"Céu Claro";"Múltipla";"Viaduto;Curva;Declive";"Sim";2;0;1;0;0;1;1;2;-19,496351;-44,27992;"SPRF-MG";"DEL02-MG";"UOP01-DEL02-MG"
364887;2021-06-18;"sexta-feira";"14:00:00";"SC";101;57,8;"ARAQUARI";"Velocidade Incompatível";"Tombamento";"Com Vítimas Feridas";"Pleno dia";"Crescente";"Nublado";"Dupla";"Curva";"Não";3;0;1;0;1;3;1;5;-26,43938006;-48,80226195;"SPRF-SC";"DEL03-SC";"UOP01-DEL03-SC"
364889;2021-06-18;"sexta-feira";"10:25:00";"MG";381;889,1;"CAMBUI";"Velocidade Incompatível";"Tombamento";"Com Vítimas Feridas";"Pleno dia";"Crescente";"Céu Claro";"Dupla";"Curva";"Não";1;0;1;0;0;0;1;1;-22,57874206;-46,04473491;"SPRF-MG";"DEL16-MG";"UOP03-DEL16-MG"
364896;2021-06-18;"sexta-feira";"15:45:00";"MG";40;705,2;"BARBACENA";"Velocidade Incompatível";"Saída de leito carroçável";"Com Vítimas Feridas";"Pleno dia";"Decrescente";"Céu Claro";"Dupla";"Curva;Retorno Regulamentado";"Não";1;0;1;0;0;0;1;1;-21,24100791;-43,72292703;"SPRF-MG";"DEL05-MG";"UOP02-DEL05-MG"
364899;2021-06-18;"sexta-feira";"15:28:00";"PB";230;39;"SANTA RITA";"Entrada inopinada do pedestre";"Atropelamento de Pedestre";"Com Vítimas Feridas";"Pleno dia";"Decrescente";"Chuva";"Dupla";"Declive";"Sim";2;0;0;1;1;0;1;2;-7,1381;-34,9707;"SPRF-PB";"DEL01-PB";"UOP03-DEL01-PB"
364909;2021-06-18;"sexta-feira";"17:15:00";"RS";290;121,6;"ELDORADO DO SUL";"Condutor usando celular";"Colisão frontal";"Com Vítimas Fatais";"Pleno dia";"Crescente";"Nublado";"Simples";"Reta";"Não";5;2;0;0;1;3;0;5;-30,051365;-51,418243;"SPRF-RS";"DEL02-RS";"UOP01-DEL02-RS"
364915;2021-06-18;"sexta-feira";"17:40:00";"SC";470;52;"BLUMENAU";"Ausência de reação do condutor";"Colisão lateral mesmo sentido";"Sem Vítimas";"Anoitecer";"Decrescente";"Nublado";"Simples";"Interseção de Vias";"Não";3;0;0;0;2;1;0;3;-26,862286;-49,093903;"SPRF-SC";"DEL04-SC";"UOP01-DEL04-SC"
364918;2021-06-18;"sexta-feira";"17:20:00";"SP";116;336;"JUQUITIBA";"Ausência de reação do condutor";"Colisão lateral mesmo sentido";"Sem Vítimas";"Anoitecer";"Crescente";"Céu Claro";"Dupla";"Reta";"Não";6;0;0;0;5;1;0;2;-23,975182;-47,140694;"SPRF-SP";"DEL04-SP";"UOP01-DEL04-SP"
364927;2021-06-06;"domingo";"06:50:00";"RR";174;493;"BOA VISTA";"Acumulo de areia ou detritos sobre o pavimento";"Tombamento";"Com Vítimas Feridas";"Amanhecer";"Crescente";"Céu Claro";"Simples";"Viaduto";"Sim";2;0;1;0;0;2;1;3;2,74801695;-60,74353695;"SPRF-RR";"DEL01-RR";"UOP01-DEL01-RR"
364936;2021-06-18;"sexta-feira";"17:00:00";"SC";470;68;"INDAIAL";"Ausência de reação do condutor";"Colisão traseira";"Com Vítimas Feridas";"Anoitecer";"Decrescente";"Nublado";"Simples";"Reta";"Não";2;0;0;1;1;0;1;2;-26,877615;-49,239231;"SPRF-SC";"DEL04-SC";"UOP01-DEL04-SC"
364943;2021-06-01;"terça-feira";"21:50:00";"RS";285;347,6;"CARAZINHO";"Transitar na contramão";"Colisão frontal";"Com Vítimas Feridas";"Plena Noite";"Decrescente";"Céu Claro";"Simples";"Reta";"Não";2;0;0;1;1;0;1;2;-28,332252;-52,86615;"SPRF-RS";"DEL08-RS";"UOP03-DEL08-RS"
364944;2021-06-18;"sexta-feira";"14:00:00";"BA";101;184;"CONCEICAO DA FEIRA";"Reação tardia ou ineficiente do condutor";"Colisão lateral mesmo sentido";"Com Vítimas Feridas";"Pleno dia";"Crescente";"Céu Claro";"Simples";"Reta";"Não";3;0;2;0;1;0;2;2;-12,54436805;-38,98077683;"SPRF-BA";"DEL01-BA";"UOP03-DEL01-BA"
364946;2021-06-18;"sexta-feira";"18:40:00";"ES";101;227,9;"FUNDAO";"Problema com o freio";"Colisão transversal";"Com Vítimas Feridas";"Plena Noite";"Decrescente";"Nublado";"Simples";"Reta";"Não";2;0;1;0;1;0;1;2;-19,909845;-40,406837;"SPRF-ES";"DEL02-ES";"UOP01-DEL02-ES"
364951;2021-06-18;"sexta-feira";"17:20:00";"PR";277;160;"PORTO AMAZONAS";"Reação tardia ou ineficiente do condutor";"Tombamento";"Com Vítimas Feridas";"Plena Noite";"Decrescente";"Garoa/Chuvisco";"Simples";"Reta";"Não";2;0;0;1;0;2;1;3;-25,47289;-49,895964;"SPRF-PR";"DEL01-PR";"UOP03-DEL03-PR"
364954;2021-01-11;"segunda-feira";"09:20:00";"CE";116;17,1;"EUSEBIO";"Trafegar com motocicleta (ou similar) entre as faixas";"Tombamento";"Com Vítimas Feridas";"Pleno dia";"Decrescente";"Céu Claro";"Dupla";"Reta";"Sim";3;0;0;1;1;1;1;2;-3,89617918;-38,50336042;"SPRF-CE";"DEL01-CE";"UOP02-DEL01-CE"
364961;2021-06-18;"sexta-feira";"18:50:00";"PR";376;167;"MARINGA";"Ausência de reação do condutor";"Queda de ocupante de veículo";"Com Vítimas Feridas";"Plena Noite";"Decrescente";"Garoa/Chuvisco";"Dupla";"Reta;Aclive";"Não";3;0;1;0;1;2;1;4;-23,40324167;-51,99632075;"SPRF-PR";"DEL09-PR";"UOP01-DEL09-PR"
364965;2021-06-18;"sexta-feira";"19:55:00";"PR";376;616;"SAO JOSE DOS PINHAIS";"Velocidade Incompatível";"Colisão traseira";"Com Vítimas Feridas";"Plena Noite";"Decrescente";"Chuva";"Múltipla";"Reta";"Sim";4;0;1;0;2;1;1;3;-25,58756419;-49,17272329;"SPRF-PR";"DEL01-PR";"UOP04-DEL01-PR"
364968;2021-06-18;"sexta-feira";"14:30:00";"AM";230;590;"HUMAITA";"Pista esburacada";"Tombamento";"Com Vítimas Feridas";"Pleno dia";"Crescente";"Sol";"Simples";"Curva";"Não";2;0;0;1;0;2;1;3;-7,54718106;-62,87869309;"SPRF-AM";"DEL01-AM";"UOP05-DEL01-AM"
364969;2021-06-18;"sexta-feira";"16:30:00";"RS";290;239,9;"RIO PARDO";"Ultrapassagem Indevida";"Colisão frontal";"Com Vítimas Feridas";"Pleno dia";"Decrescente";"Céu Claro";"Simples";"Aclive";"Não";5;0;0;3;1;1;3;3;-30,221146;-52,612476;"SPRF-RS";"DEL02-RS";"UOP03-DEL02-RS"
364982;2021-06-18;"sexta-feira";"19:45:00";"PR";476;160;"ARAUCARIA";"Acessar a via sem observar a presença dos outros veículos";"Colisão frontal";"Com Vítimas Feridas";"Anoitecer";"Crescente";"Garoa/Chuvisco";"Simples";"Reta";"Sim";3;0;0;1;1;1;1;3;-25,619013;-49,440125;"SPRF-PR";"DEL01-PR";"UOP03-DEL01-PR"
364989;2021-06-18;"sexta-feira";"20:30:00";"BA";407;99;"JAGUARARI";"Ingestão de álcool pelo condutor";"Saída de leito carroçável";"Com Vítimas Fatais";"Plena Noite";"Decrescente";"Nublado";"Simples";"Reta";"Não";1;1;0;0;0;0;0;1;-10,24997553;-40,19554138;"SPRF-BA";"DEL04-BA";"UOP01-DEL04-BA"
364990;2021-06-18;"sexta-feira";"20:30:00";"RS";285;441,3;"BOZANO";"Deficiência do Sistema de Iluminação/Sinalização";"Colisão traseira";"Sem Vítimas";"Plena Noite";"Decrescente";"Nublado";"Simples";"Reta";"Não";3;0;0;0;2;2;0;4;-28,361652;-53,741394;"SPRF-RS";"DEL10-RS";"UOP01-DEL10-RS"
364993;2021-06-18;"sexta-feira";"22:00:00";"PR";277;135;"BALSA NOVA";"Velocidade Incompatível";"Saída de leito carroçável";"Com Vítimas Feridas";"Plena Noite";"Crescente";"Chuva";"Dupla";"Declive";"Não";2;0;1;0;0;1;1;2;-25,470067;-49,689917;"SPRF-PR";"DEL01-PR";"UOP03-DEL03-PR"
364995;2021-04-29;"quinta-feira";"19:10:00";"SC";280;36,5;"ARAQUARI";"Iluminação deficiente";"Colisão traseira";"Com Vítimas Feridas";"Plena Noite";"Crescente";"Nublado";"Simples";"Reta";"Não";4;0;0;1;1;2;1;3;-26,44335189;-48,813833;"SPRF-SC";"DEL03-SC";"UOP03-DEL03-SC"
364998;2021-06-18;"sexta-feira";"21:30:00";"MT";163;769;"SORRISO";"Velocidade Incompatível";"Colisão transversal";"Com Vítimas Feridas";"Plena Noite";"Decrescente";"Céu Claro";"Simples";"Reta";"Não";4;0;0;2;1;1;2;3;-12,424911;-55,641234;"SPRF-MT";"DEL06-MT";"UOP01-DEL06-MT"
365009;2021-06-18;"sexta-feira";"22:05:00";"RS";386;397,8;"TRIUNFO";"Condutor Dormindo";"Saída de leito carroçável";"Com Vítimas Feridas";"Pleno dia";"Decrescente";"Céu Claro";"Simples";"Reta";"Não";1;0;1;0;0;0;1;1;-29,74398064;-51,61669515;"SPRF-RS";"DEL04-RS";"UOP02-DEL04-RS"
365010;2021-06-18;"sexta-feira";"23:20:00";"PR";376;672;"GUARATUBA";"Velocidade Incompatível";"Colisão traseira";"Com Vítimas Feridas";"Plena Noite";"Crescente";"Chuva";"Dupla";"Declive";"Não";3;0;0;1;1;2;1;4;-25,89358488;-48,93146782;"SPRF-PR";"DEL01-PR";"UOP04-DEL01-PR"
365014;2021-06-19;"sábado";"00:20:00";"PR";116;13,3;"COLOMBO";"Demais falhas mecânicas ou elétricas";"Colisão traseira";"Sem Vítimas";"Plena Noite";"Decrescente";"Chuva";"Dupla";"Reta;Declive";"Sim";4;0;0;0;3;1;0;4;-25,3785;-49,1564;"SPRF-PR";"DEL01-PR";"UOP02-DEL01-PR"
365015;2021-06-18;"sexta-feira";"23:40:00";"SC";470;2;"NAVEGANTES";"Ingestão de álcool pelo condutor";"Saída de leito carroçável";"Sem Vítimas";"Plena Noite";"Crescente";"Chuva";"Simples";"Reta";"Não";2;0;0;0;1;1;0;2;-26,868551;-48,674831;"SPRF-SC";"DEL04-SC";"UOP04-DEL04-SC"
365026;2021-06-19;"sábado";"03:50:00";"RS";468;94;"TRES PASSOS";"Objeto estático sobre o leito carroçável";"Colisão com objeto";"Sem Vítimas";"Plena Noite";"Crescente";"Chuva";"Simples";"Interseção de Vias";"Não";1;0;0;0;1;0;0;1;-27,51162095;-53,8841629;"SPRF-RS";"DEL08-RS";"UOP02-DEL08-RS"
365030;2021-06-18;"sexta-feira";"20:00:00";"MS";60;138;"PARAISO DAS AGUAS";"Reação tardia ou ineficiente do condutor";"Tombamento";"Com Vítimas Feridas";"Plena Noite";"Crescente";"Céu Claro";"Simples";"Aclive";"Não";2;0;1;0;0;3;1;4;-19,36437013;-53,56042492;"SPRF-MS";"DEL06-MS";"UOP02-DEL06-MS"
365043;2021-06-18;"sexta-feira";"22:20:00";"RO";364;445;"JARU";"Reação tardia ou ineficiente do condutor";"Saída de leito carroçável";"Com Vítimas Feridas";"Plena Noite";"Decrescente";"Céu Claro";"Simples";"Curva";"Não";4;0;2;0;1;3;2;4;-10,325397;-62,620922;"SPRF-RO";"DEL03-RO";"UOP02-DEL03-RO"
365044;2021-06-19;"sábado";"02:50:00";"PE";101;178;"JOAQUIM NABUCO";"Ausência de reação do condutor";"Colisão traseira";"Com Vítimas Feridas";"Plena Noite";"Crescente";"Nublado";"Dupla";"Reta";"Não";4;0;1;0;1;2;1;3;-8,62108477;-35,55116105;"SPRF-PE";"DEL01-PE";"UOP01-DEL01-PE"
365055;2021-06-16;"quarta-feira";"07:50:00";"RS";386;135;"SARANDI";"Carga excessiva e/ou mal acondicionada";"Colisão com objeto";"Sem Vítimas";"Pleno dia";"Decrescente";"Céu Claro";"Simples";"Declive";"Sim";2;0;0;0;1;1;0;2;-27,95458823;-52,91497014;"SPRF-RS";"DEL08-RS";"UOP01-DEL08-RS"
365062;2021-06-19;"sábado";"06:00:00";"MT";163;947;"NOVA SANTA HELENA";"Problema com o freio";"Incêndio";"Sem Vítimas";"Pleno dia";"Decrescente";"Céu Claro";"Simples";"Reta";"Não";2;0;0;0;1;2;0;3;-10,91738837;-55,20039126;"SPRF-MT";"DEL06-MT";"NPF/DEL06-MT"
365067;2021-05-11;"terça-feira";"05:20:00";"ES";101;388,5;"RIO NOVO DO SUL";"Velocidade Incompatível";"Tombamento";"Com Vítimas Feridas";"Amanhecer";"Decrescente";"Céu Claro";"Simples";"Curva";"Não";2;0;0;1;0;1;1;2;-20,85689511;-40,8767812;"SPRF-ES";"DEL03-ES";"UOP02-DEL03-ES"
365075;2021-06-19;"sábado";"09:40:00";"PE";232;130;"CARUARU";"Manobra de mudança de faixa";"Colisão lateral mesmo sentido";"Com Vítimas Feridas";"Pleno dia";"Crescente";"Céu Claro";"Dupla";"Reta";"Sim";3;0;1;0;1;1;1;3;-8,30117613;-35,99843996;"SPRF-PE";"DEL02-PE";"UOP03-DEL02-PE"
365079;2021-06-19;"sábado";"09:40:00";"ES";262;95;"DOMINGOS MARTINS";"Acessar a via sem observar a presença dos outros veículos";"Colisão transversal";"Com Vítimas Feridas";"Pleno dia";"Decrescente";"Nublado";"Simples";"Reta";"Sim";3;0;0;1;1;1;1;3;-20,3659225;-41,06040133;"SPRF-ES";"DEL01-ES";"UOP02-DEL01-ES"
365080;2021-06-19;"sábado";"09:10:00";"RO";364;711;"PORTO VELHO";"Condutor deixou de manter distância do veículo da frente";"Colisão traseira";"Sem Vítimas";"Pleno dia";"Crescente";"Céu Claro";"Simples";"Interseção de Vias";"Sim";2;0;0;0;1;1;0;2;-8,78153947;-63,86531369;"SPRF-RO";"DEL01-RO";"UOP01-DEL01-RO"
365081;2021-05-27;"quinta-feira";"06:20:00";"ES";101;346;"GUARAPARI";"Condutor deixou de manter distância do veículo da frente";"Colisão traseira";"Com Vítimas Feridas";"Pleno dia";"Decrescente";"Céu Claro";"Simples";"Reta";"Não";2;0;1;0;1;0;1;2;-20,6572762;-40,6175371;"SPRF-ES";"DEL03-ES";"UOP01-DEL03-ES"
365082;2021-06-19;"sábado";"04:00:00";"PI";135;43;"JERUMENHA";"Transitar no acostamento";"Colisão traseira";"Com Vítimas Feridas";"Amanhecer";"Decrescente";"Céu Claro";"Simples";"Reta";"Não";3;0;0;2;1;0;2;2;-7,10808298;-43,51438614;"SPRF-PI";"DEL03-PI";"UOP01-DEL03-PI"
365083;2021-06-19;"sábado";"10:45:00";"PR";116;99;"SAO JOSE DOS PINHAIS";"Acessar a via sem observar a presença dos outros veículos";"Colisão lateral mesmo sentido";"Com Vítimas Feridas";"Pleno dia";"Crescente";"Chuva";"Dupla";"Reta";"Não";4;0;1;0;2;1;1;4;-25,52682231;-49,14038767;"SPRF-PR";"DEL01-PR";"UOP01-DEL01-PR"
365087;2021-06-19;"sábado";"07:30:00";"PE";101;95,3;"CABO DE SANTO AGOSTINHO";"Velocidade Incompatível";"Colisão com objeto";"Com Vítimas Feridas";"Pleno dia";"Decrescente";"Garoa/Chuvisco";"Simples";"Curva";"Sim";2;0;1;0;0;2;1;3;-8,25099;-35,01426;"SPRF-PE";"DEL01-PE";"UOP01-DEL01-PE"
365089;2021-06-19;"sábado";"11:40:00";"SC";101;139;"BALNEARIO CAMBORIU";"Avarias e/ou desgaste excessivo no pneu";"Colisão com objeto";"Sem Vítimas";"Pleno dia";"Decrescente";"Chuva";"Múltipla";"Curva";"Sim";2;0;0;0;2;0;0;2;-27,02982303;-48,60115006;"SPRF-SC";"DEL04-SC";"UOP03-DEL04-SC"
365090;2021-06-03;"quinta-feira";"11:30:00";"GO";452;134;"ITUMBIARA";"Acessar a via sem observar a presença dos outros veículos";"Colisão traseira";"Com Vítimas Feridas";"Pleno dia";"Crescente";"Céu Claro";"Dupla";"Retorno Regulamentado";"Sim";3;0;0;1;1;1;1;3;-18,24113336;-49,70845327;"SPRF-GO";"DEL03-GO";"UOP02-DEL03-GO"
365093;2021-06-19;"sábado";"08:40:00";"TO";153;484;"PARAISO DO TOCANTINS";"Demais falhas mecânicas ou elétricas";"Colisão traseira";"Com Vítimas Feridas";"Pleno dia";"Crescente";"Sol";"Simples";"Aclive";"Não";3;0;1;0;1;3;1;5;-10,07900601;-48,85505792;"SPRF-TO";"DEL01-TO";"UOP01-DEL01-TO"
365102;2021-06-19;"sábado";"10:20:00";"PR";476;143;"CURITIBA";"Velocidade Incompatível";"Tombamento";"Sem Vítimas";"Pleno dia";"Crescente";"Chuva";"Dupla";"Reta";"Sim";1;0;0;0;1;0;0;1;-25,557121;-49,348732;"SPRF-PR";"DEL01-PR";"UOP01-DEL01-PR"
365105;2021-06-19;"sábado";"10:50:00";"MG";116;268,5;"TEOFILO OTONI";"Velocidade Incompatível";"Colisão lateral sentido oposto";"Com Vítimas Feridas";"Pleno dia";"Decrescente";"Céu Claro";"Simples";"Curva;Aclive";"Não";2;0;0;1;1;0;1;2;-17,79128347;-41,50066832;"SPRF-MG";"DEL11-MG";"UOP01-DEL11-MG"
365109;2021-06-19;"sábado";"11:35:00";"BA";116;686;"JEQUIE";"Manobra de mudança de faixa";"Colisão traseira";"Com Vítimas Feridas";"Pleno dia";"Crescente";"Céu Claro";"Simples";"Reta";"Não";4;0;1;0;2;1;1;3;-13,90348894;-40,14791115;"SPRF-BA";"DEL03-BA";"UOP01-DEL03-BA"
365115;2021-06-19;"sábado";"14:40:00";"ES";101;289;"CARIACICA";"Acesso irregular";"Tombamento";"Com Vítimas Feridas";"Pleno dia";"Crescente";"Nublado";"Dupla";"Reta";"Sim";2;0;1;0;0;1;1;2;-20,28029304;-40,39302931;"SPRF-ES";"DEL01-ES";"UOP01-DEL01-ES"
365118;2021-06-19;"sábado";"10:41:00";"SC";280;22;"ARAQUARI";"Acumulo de água sobre o pavimento";"Colisão traseira";"Com Vítimas Feridas";"Pleno dia";"Decrescente";"Chuva";"Simples";"Reta";"Sim";2;0;1;0;0;1;1;2;-26,37092616;-48,70204099;"SPRF-SC";"DEL03-SC";"UOP03-DEL03-SC"
365119;2021-06-19;"sábado";"12:45:00";"MG";381;521,6;"BRUMADINHO";"Curva acentuada";"Saída de leito carroçável";"Sem Vítimas";"Pleno dia";"Crescente";"Céu Claro";"Dupla";"Curva";"Não";3;0;0;0;2;2;0;4;-20,12378332;-44,30120945;"SPRF-MG";"DEL04-MG";"UOP03-DEL04-MG"
365124;2021-06-19;"sábado";"14:40:00";"PR";116;23;"ANTONINA";"Chuva";"Colisão lateral mesmo sentido";"Sem Vítimas";"Pleno dia";"Decrescente";"Chuva";"Dupla";"Curva";"Não";3;0;0;0;2;1;0;3;-25,1104764;-48,75592011;"SPRF-PR";"DEL01-PR";"UOP02-DEL01-PR"
365129;2021-06-19;"sábado";"15:00:00";"SE";101;134,6;"ESTANCIA";"Avarias e/ou desgaste excessivo no pneu";"Saída de leito carroçável";"Sem Vítimas";"Pleno dia";"Decrescente";"Céu Claro";"Dupla";"Curva";"Não";1;0;0;0;0;1;0;1;-11,137747;-37,385953;"SPRF-SE";"DEL02-SE";"UOP01-DEL02-SE"
365130;2021-06-19;"sábado";"11:50:00";"MA";316;297;"PIO XII";"Transitar na contramão";"Colisão frontal";"Com Vítimas Feridas";"Pleno dia";"Crescente";"Céu Claro";"Múltipla";"Reta";"Sim";2;0;1;0;1;0;1;2;-3,879453;-45,169907;"SPRF-MA";"DEL02-MA";"UOP01-DEL02-MA"
365141;2021-06-19;"sábado";"17:00:00";"SE";235;27,8;"AREIA BRANCA";"Velocidade Incompatível";"Capotamento";"Com Vítimas Fatais";"Anoitecer";"Decrescente";"Nublado";"Simples";"Curva";"Não";1;1;0;0;0;0;0;1;-10,7941;-37,278539;"SPRF-SE";"DEL01-SE";"UOP02-DEL01-SE"
365142;2021-06-19;"sábado";"14:20:00";"MT";163;110,6;"RONDONOPOLIS";"Velocidade Incompatível";"Colisão traseira";"Sem Vítimas";"Pleno dia";"Decrescente";"Céu Claro";"Dupla";"Reta";"Não";2;0;0;0;2;0;0;2;-16,57818001;-54,68672298;"SPRF-MT";"DEL02-MT";"UOP01-DEL02-MT"
365147;2021-06-19;"sábado";"17:05:00";"SP";116;144,9;"SAO JOSE DOS CAMPOS";"Reação tardia ou ineficiente do condutor";"Engavetamento";"Com Vítimas Feridas";"Anoitecer";"Crescente";"Céu Claro";"Múltipla";"Reta";"Não";9;0;2;0;6;1;2;7;-23,18274416;-45,84633592;"SPRF-SP";"DEL02-SP";"UOP01-DEL02-SP"
365148;2021-06-19;"sábado";"17:10:00";"PR";369;446;"UBIRATA";"Ingestão de álcool pelo condutor";"Colisão transversal";"Sem Vítimas";"Anoitecer";"Decrescente";"Chuva";"Simples";"Reta";"Não";2;0;0;0;2;0;0;2;-24,5543;-52,9553;"SPRF-PR";"DEL04-PR";"UOP03-DEL04-PR"
365150;2021-06-19;"sábado";"15:30:00";"GO";70;437;"ARAGARCAS";"Ausência de reação do condutor";"Colisão traseira";"Com Vítimas Feridas";"Pleno dia";"Crescente";"Céu Claro";"Simples";"Declive";"Não";9;0;0;2;7;0;2;5;-15,904932;-51,952338;"SPRF-GO";"DEL04-GO";"UOP01-DEL04-GO"
365158;2021-06-19;"sábado";"12:10:00";"BA";101;839;"TEIXEIRA DE FREITAS";"Velocidade Incompatível";"Colisão lateral sentido oposto";"Com Vítimas Feridas";"Pleno dia";"Decrescente";"Chuva";"Simples";"Curva";"Não";3;0;1;0;1;3;1;5;-17,42806513;-39,6862617;"SPRF-BA";"DEL09-BA";"UOP02-DEL09-BA"
365159;2021-06-19;"sábado";"18:30:00";"SC";116;50,2;"PAPANDUVA";"Transitar na contramão";"Colisão frontal";"Com Vítimas Feridas";"Plena Noite";"Crescente";"Chuva";"Simples";"Declive;Reta";"Não";3;0;1;1;1;0;2;2;-26,37798337;-50,13162356;"SPRF-SC";"DEL06-SC";"UOP01-DEL06-SC"
365160;2021-06-19;"sábado";"16:30:00";"RS";392;196,3;"SANTANA DA BOA VISTA";"Velocidade Incompatível";"Tombamento";"Com Vítimas Feridas";"Pleno dia";"Decrescente";"Nublado";"Simples";"Curva";"Não";2;0;1;0;0;2;1;3;-30,89678807;-53,11510534;"SPRF-RS";"DEL09-RS";"UOP02-DEL09-RS"
365165;2021-06-19;"sábado";"13:00:00";"PR";476;235,4;"LAPA";"Chuva";"Saída de leito carroçável";"Com Vítimas Feridas";"Pleno dia";"Crescente";"Chuva";"Simples";"Curva";"Não";2;0;1;0;0;1;1;2;-25,879135;-50,027172;"SPRF-PR";"DEL02-PR";"UOP04-DEL02-PR"
365187;2021-06-19;"sábado";"20:10:00";"TO";153;653,6;"GURUPI";"Ultrapassagem Indevida";"Colisão frontal";"Com Vítimas Fatais";"Plena Noite";"Decrescente";"Céu Claro";"Simples";"Reta";"Não";8;2;2;0;3;2;2;5;-11,57884612;-49,03304663;"SPRF-TO";"DEL01-TO";"UOP02-DEL01-TO"
365189;2021-06-19;"sábado";"20:00:00";"PR";369;62,9;"BANDEIRANTES";"Acesso irregular";"Colisão traseira";"Com Vítimas Feridas";"Plena Noite";"Decrescente";"Nublado";"Simples";"Reta;Aclive";"Não";4;0;2;0;1;1;2;3;-23,132547;-50,430024;"SPRF-PR";"DEL07-PR";"UOP01-DEL07-PR"
365191;2021-03-15;"segunda-feira";"12:15:00";"MG";50;83,5;"UBERLANDIA";"Reação tardia ou ineficiente do condutor";"Engavetamento";"Com Vítimas Feridas";"Pleno dia";"Decrescente";"Céu Claro";"Dupla";"Reta";"Não";3;0;1;0;0;2;1;3;-18,986906;-48,211853;"SPRF-MG";"DEL15-MG";"UOP01-DEL15-MG"
365192;2021-06-19;"sábado";"20:00:00";"SP";116;158;"SAO JOSE DOS CAMPOS";"Manobra de mudança de faixa";"Colisão lateral mesmo sentido";"Com Vítimas Feridas";"Plena Noite";"Crescente";"Nublado";"Dupla";"Reta";"Sim";4;0;1;0;1;2;1;3;-23,26585409;-45,95983994;"SPRF-SP";"DEL02-SP";"UOP01-DEL02-SP"
365197;2021-06-19;"sábado";"21:00:00";"PR";373;404,7;"CANDOI";"Transitar na contramão";"Colisão frontal";"Com Vítimas Fatais";"Plena Noite";"Crescente";"Chuva";"Simples";"Curva";"Não";2;1;0;0;1;0;0;2;-25,6020549;-52,05453773;"SPRF-PR";"DEL08-PR";"UOP01-DEL08-PR"
365198;2021-06-19;"sábado";"21:00:00";"MG";40;442,5;"PARAOPEBA";"Condutor Dormindo";"Saída de leito carroçável";"Com Vítimas Fatais";"Plena Noite";"Crescente";"Céu Claro";"Dupla";"Declive";"Não";2;1;0;1;0;0;1;1;-19,28815;-44,392;"SPRF-MG";"DEL02-MG";"UOP01-DEL02-MG"
365202;2021-06-19;"sábado";"20:20:00";"MT";163;106,2;"RONDONOPOLIS";"Reação tardia ou ineficiente do condutor";"Colisão lateral sentido oposto";"Com Vítimas Feridas";"Plena Noite";"Crescente";"Céu Claro";"Dupla";"Reta";"Não";3;0;1;0;1;2;1;4;-16,61130805;-54,70053179;"SPRF-MT";"DEL02-MT";"UOP01-DEL02-MT"
365204;2021-06-19;"sábado";"19:30:00";"SC";280;193,2;"MAFRA";"Velocidade Incompatível";"Saída de leito carroçável";"Sem Vítimas";"Plena Noite";"Decrescente";"Chuva";"Simples";"Reta";"Não";1;0;0;0;1;0;0;1;-26,17717048;-50,00641103;"SPRF-SC";"DEL06-SC";"UOP01-DEL06-SC"
365205;2021-06-19;"sábado";"20:00:00";"PA";316;87;"SAO FRANCISCO DO PARA";"Ingestão de álcool pelo condutor";"Colisão lateral sentido oposto";"Com Vítimas Feridas";"Plena Noite";"Decrescente";"Céu Claro";"Simples";"Reta";"Não";2;0;1;0;1;0;1;2;-1,31479684;-47,71836097;"SPRF-PA";"DEL01-PA";"UOP02-DEL01-PA"