"id";"data_inversa";"dia_semana";"horario";"uf";"br";"km";"municipio";"causa_acidente";"tipo_acidente";"classificacao_acidente";"fase_dia";"sentido_via";"condicao_metereologica";"tipo_pista";"tracado_via";"uso_solo";"pessoas";"mortos";"feridos_leves";"feridos_graves";"ilesos";"ignorados";"feridos";"veiculos";"latitude";"longitude";"regional";"delegacia";"uop"
365258;2021-06-20;"domingo";"03:35:00";"MG";381;940,7;"EXTREMA";"Velocidade Incompatível";"Saída de leito carroçável";"Com Vítimas Feridas";"Plena Noite";"Decrescente";"Nublado";"Dupla";"Curva";"Sim";4;0;1;0;2;1;1;2;-22,82551625;-46,31206805;"SPRF-MG";"DEL16-MG";"UOP03-DEL16-MG"
365264;2021-06-20;"domingo";"05:40:00";"RJ";101;16;"CAMPOS DOS GOYTACAZES";"Curva acentuada";"Tombamento";"Com Vítimas Feridas";"Amanhecer";"Decrescente";"Céu Claro";"Simples";"Curva";"Não";2;0;2;0;0;0;2;1;-21,35038601;-41,33532577;"SPRF-RJ";"DEL08-RJ";"UOP01-DEL08-RJ"
365266;2021-06-20;"domingo";"05:30:00";"BA";116;910;"ENCRUZILHADA";"Condutor Dormindo";"Colisão frontal";"Sem Vítimas";"Amanhecer";"Crescente";"Céu Claro";"Simples";"Aclive";"Sim";3;0;0;0;2;1;0;3;-15,5154685;-41,23841643;"SPRF-BA";"DEL08-BA";"UOP03-DEL08-BA"
365274;2021-06-20;"domingo";"06:45:00";"CE";20;429,7;"FORTALEZA";"Manobra de mudança de faixa";"Colisão lateral mesmo sentido";"Com Vítimas Feridas";"Pleno dia";"Decrescente";"Céu Claro";"Dupla";"Reta";"Sim";4;0;0;1;2;3;1;5;-3,76999035;-38,67006282;"SPRF-CE";"DEL01-CE";"UOP02-DEL01-CE"
365276;2021-06-20;"domingo";"06:20:00";"BA";101;59;"ENTRE RIOS";"Velocidade Incompatível";"Tombamento";"Com Vítimas Feridas";"Amanhecer";"Decrescente";"Céu Claro";"Dupla";"Reta";"Não";3;0;2;0;0;1;2;2;-11,967937;-38,099025;"SPRF-BA";"DEL01-BA";"UOP04-DEL01-BA"
365287;2021-06-20;"domingo";"05:20:00";"BA";101;379;"GANDU";"Chuva";"Colisão lateral sentido oposto";"Com Vítimas Feridas";"Amanhecer";"Crescente";"Chuva";"Simples";"Reta";"Não";2;0;0;1;1;0;1;2;-13,856797;-39,492543;"SPRF-BA";"DEL05-BA";"UOP03-DEL05-BA"
365297;2021-06-20;"domingo";"07:05:00";"MT";174;385;"CONQUISTA DOESTE";"Mal súbito do condutor";"Saída de leito carroçável";"Com Vítimas Feridas";"Pleno dia";"Decrescente";"Nublado";"Simples";"Curva";"Não";1;0;1;0;0;0;1;1;-14,494931;-59,56927;"SPRF-MT";"DEL04-MT";"UOP01-DEL04-MT"
365309;2021-05-21;"sexta-feira";"18:03:00";"SC";153;64,2;"IRANI";"Ausência de reação do condutor";"Colisão lateral sentido oposto";"Com Vítimas Fatais";"Pleno dia";"Decrescente";"Céu Claro";"Simples";"Curva";"Sim";4;1;2;0;0;1;2;4;-27,01258667;-51,877315;"SPRF-SC";"DEL07-SC";"UOP04-DEL07-SC"
365316;2021-06-20;"domingo";"10:35:00";"SE";101;0,7;"PROPRIA";"Condutor deixou de manter distância do veículo da frente";"Colisão lateral mesmo sentido";"Sem Vítimas";"Pleno dia";"Crescente";"Chuva";"Simples";"Reta;Em Obras";"Não";4;0;0;0;3;4;0;6;-10,207334;-36,820004;"SPRF-SE";"DEL02-SE";"UOP02-DEL02-SE"
365320;2021-06-20;"domingo";"10:50:00";"ES";101;368,5;"ANCHIETA";"Velocidade Incompatível";"Tombamento";"Com Vítimas Feridas";"Pleno dia";"Decrescente";"Sol";"Simples";"Curva";"Não";2;0;1;0;1;0;1;2;-20,75646047;-40,75581377;"SPRF-ES";"DEL03-ES";"UOP01-DEL03-ES"
365322;2021-06-20;"domingo";"09:30:00";"BA";135;163;"BARREIRAS";"Acostamento em desnível";"Saída de leito carroçável";"Com Vítimas Feridas";"Pleno dia";"Decrescente";"Sol";"Simples";"Reta";"Não";2;0;1;0;0;1;1;2;-12,03181479;-44,95663949;"SPRF-BA";"DEL10-BA";"UOP01-DEL10-BA"
365328;2021-06-20;"domingo";"10:00:00";"BA";242;646;"MUQUEM DE SAO FRANCISCO";"Ausência de reação do condutor";"Colisão lateral sentido oposto";"Com Vítimas Feridas";"Pleno dia";"Crescente";"Céu Claro";"Simples";"Curva";"Não";3;0;1;0;1;3;1;5;-12,192357;-43,732436;"SPRF-BA";"DEL06-BA";"UOP03-DEL06-BA"
365329;2021-06-20;"domingo";"10:50:00";"BA";116;793;"VITORIA DA CONQUISTA";"Manobra de mudança de faixa";"Colisão lateral mesmo sentido";"Com Vítimas Feridas";"Pleno dia";"Crescente";"Chuva";"Simples";"Reta";"Não";4;0;2;0;1;1;2;3;-14,6847133;-40,54154493;"SPRF-BA";"DEL08-BA";"UOP02-DEL08-BA"
365331;2021-06-20;"domingo";"08:45:00";"SC";470;122;"IBIRAMA";"Pista Escorregadia";"Colisão lateral mesmo sentido";"Com Vítimas Feridas";"Pleno dia";"Decrescente";"Nublado";"Simples";"Declive;Reta";"Não";4;0;1;0;2;1;1;4;-27,099888;-49,527679;"SPRF-SC";"DEL04-SC";"UOP02-DEL04-SC"
365334;2021-06-20;"domingo";"07:40:00";"MG";116;367,9;"FREI INOCENCIO";"Condutor Dormindo";"Colisão frontal";"Com Vítimas Feridas";"Pleno dia";"Crescente";"Nublado";"Simples";"Reta";"Não";3;0;0;2;0;1;2;3;-18,52441099;-41,88590901;"SPRF-MG";"DEL11-MG";"UOP01-DEL11-MG"
365357;2021-06-20;"domingo";"16:00:00";"SP";116;488,8;"CAJATI";"Pedestre cruzava a pista fora da faixa";"Atropelamento de Pedestre";"Com Vítimas Feridas";"Pleno dia";"Decrescente";"Sol";"Dupla";"Reta";"Sim";3;0;0;1;1;1;1;3;-24,73097634;-48,09815591;"SPRF-SP";"DEL05-SP";"UOP01-DEL05-SP"
365362;2021-06-20;"domingo";"16:00:00";"SC";101;287,5;"IMBITUBA";"Acessar a via sem observar a presença dos outros veículos";"Colisão lateral mesmo sentido";"Com Vítimas Feridas";"Pleno dia";"Decrescente";"Céu Claro";"Múltipla";"Aclive;Curva";"Não";3;0;0;1;1;1;1;3;-28,26153485;-48,70406996;"SPRF-SC";"DEL02-SC";"UOP03-DEL02-SC"
365364;2021-06-20;"domingo";"16:30:00";"PE";232;68;"GRAVATA";"Demais falhas mecânicas ou elétricas";"Eventos atípicos";"Sem Vítimas";"Pleno dia";"Decrescente";"Céu Claro";"Simples";"Curva";"Não";1;0;0;0;1;0;0;1;-8,172659;-35,470528;"SPRF-PE";"DEL02-PE";"UOP02-DEL02PE"
365374;2021-06-20;"domingo";"15:40:00";"MT";364;564;"NOBRES";"Ausência de reação do condutor";"Colisão com objeto";"Com Vítimas Feridas";"Pleno dia";"Crescente";"Céu Claro";"Dupla";"Reta";"Não";2;0;1;0;0;1;1;2;-14,76958479;-56,35495817;"SPRF-MT";"DEL01-MT";"UOP01-DEL01-MT"
365376;2021-06-20;"domingo";"15:15:00";"RJ";40;108;"DUQUE DE CAXIAS";"Demais falhas mecânicas ou elétricas";"Tombamento";"Com Vítimas Feridas";"Pleno dia";"Decrescente";"Céu Claro";"Dupla";"Curva";"Sim";2;0;1;0;0;1;1;2;-22,66476979;-43,28495144;"SPRF-RJ";"DEL01-RJ";"UOP01-DEL01-RJ"
365380;2021-06-20;"domingo";"16:00:00";"MA";135;122,8;"MIRANDA DO NORTE";"Manobra de mudança de faixa";"Colisão frontal";"Com Vítimas Fatais";"Pleno dia";"Decrescente";"Céu Claro";"Simples";"Reta";"Não";2;1;0;0;0;1;0;2;-3,5346825;-44,56242943;"SPRF-MA";"DEL01-MA";"UOP02-DEL01-MA"
365383;2021-06-20;"domingo";"16:00:00";"MG";354;771;"ITAMONTE";"Reação tardia ou ineficiente do condutor";"Colisão lateral sentido oposto";"Com Vítimas Feridas";"Anoitecer";"Crescente";"Nublado";"Simples";"Curva";"Não";4;0;0;2;0;2;2;3;-22,36470902;-44,77070101;"SPRF-MG";"DEL17-MG";"UOP01-DEL17-MG"
365391;2021-06-20;"domingo";"11:59:00";"SC";153;83;"CONCORDIA";"Demais falhas mecânicas ou elétricas";"Incêndio";"Sem Vítimas";"Pleno dia";"Crescente";"Céu Claro";"Simples";"Curva;Declive";"Não";2;0;0;0;1;1;0;2;-27,126955;-51,918659;"SPRF-SC";"DEL07-SC";"UOP04-DEL07-SC"
365400;2021-06-20;"domingo";"14:30:00";"MA";10;210,6;"RIBAMAR FIQUENE";"Demais falhas mecânicas ou elétricas";"Incêndio";"Sem Vítimas";"Pleno dia";"Crescente";"Sol";"Simples";"Declive;Reta";"Não";2;0;0;0;1;1;0;2;-5,880962;-47,361721;"SPRF-MA";"DEL04-MA";"UOP01-DEL04-MA"
365403;2021-06-20;"domingo";"19:45:00";"GO";364;9;"SAO SIMAO";"Transitar na contramão";"Colisão frontal";"Com Vítimas Feridas";"Plena Noite";"Decrescente";"Céu Claro";"Dupla";"Retorno Regulamentado;Reta";"Não";3;0;0;1;1;2;1;4;-18,99144369;-50,57247162;"SPRF-GO";"DEL05-GO";"UOP02-DEL05-GO"
365407;2021-06-20;"domingo";"20:00:00";"PR";376;506;"PONTA GROSSA";"Transitar na contramão";"Colisão frontal";"Com Vítimas Fatais";"Plena Noite";"Crescente";"Nublado";"Dupla";"Aclive;Reta";"Não";3;1;0;0;2;0;0;2;-25,241402;-50,029533;"SPRF-PR";"DEL03-PR";"UOP01-DEL03-PR"
365410;2021-06-20;"domingo";"20:00:00";"RJ";40;54;"PETROPOLIS";"Condutor deixou de manter distância do veículo da frente";"Colisão traseira";"Com Vítimas Feridas";"Plena Noite";"Decrescente";"Céu Claro";"Dupla";"Reta";"Não";2;0;1;0;1;0;1;2;-22,34627607;-43,12411304;"SPRF-RJ";"DEL05-RJ";"UOP02-DEL05-RJ"
365415;2021-06-20;"domingo";"20:30:00";"MG";381;535,8;"ITATIAIUCU";"Ausência de reação do condutor";"Saída de leito carroçável";"Com Vítimas Feridas";"Plena Noite";"Crescente";"Céu Claro";"Dupla";"Reta";"Sim";2;0;1;0;0;1;1;2;-20,19486842;-44,3844223;"SPRF-MG";"DEL04-MG";"UOP03-DEL04-MG"
365418;2021-06-20;"domingo";"20:20:00";"MG";251;474,3;"FRANCISCO SA";"Demais falhas mecânicas ou elétricas";"Saída de leito carroçável";"Com Vítimas Feridas";"Plena Noite";"Decrescente";"Céu Claro";"Simples";"Reta";"Não";2;0;1;0;1;0;1;1;-16,47130466;-43,45673904;"SPRF-MG";"DEL12-MG";"UOP01-DEL12-MG"
365420;2021-06-20;"domingo";"19:55:00";"CE";222;310;"TIANGUA";"Ingestão de álcool pelo condutor";"Colisão lateral mesmo sentido";"Sem Vítimas";"Plena Noite";"Crescente";"Nublado";"Simples";"Reta";"Sim";2;0;0;0;2;0;0;2;-3,70670595;-40,97707006;"SPRF-CE";"DEL04-CE";"UOP02-DEL04-CE"
365424;2021-06-20;"domingo";"21:10:00";"SP";116;474;"JACUPIRANGA";"Entrada inopinada do pedestre";"Atropelamento de Pedestre";"Com Vítimas Fatais";"Plena Noite";"Decrescente";"Céu Claro";"Dupla";"Reta";"Não";2;1;0;0;1;0;0;2;-24,68015127;-47,98251273;"SPRF-SP";"DEL05-SP";"UOP01-DEL05-SP"
365426;2021-06-20;"domingo";"19:05:00";"GO";80;176;"URUACU";"Demais falhas mecânicas ou elétricas";"Incêndio";"Sem Vítimas";"Plena Noite";"Decrescente";"Céu Claro";"Simples";"Reta";"Não";2;0;0;0;1;1;0;2;-14,64155542;-49,17257309;"SPRF-GO";"DEL07-GO";"UOP01-DEL07-GO"
365443;2021-06-20;"domingo";"09:45:00";"MG";262;630;"IBIA";"Avarias e/ou desgaste excessivo no pneu";"Capotamento";"Sem Vítimas";"Pleno dia";"Decrescente";"Sol";"Simples";"Curva";"Não";2;0;0;0;1;1;0;2;-19,590652;-46,479355;"SPRF-MG";"DEL08-MG";"UOP01-DEL08-MG"
365444;2021-06-20;"domingo";"20:00:00";"MA";316;248;"BOM JARDIM";"Deficiência do Sistema de Iluminação/Sinalização";"Tombamento";"Com Vítimas Feridas";"Plena Noite";"Decrescente";"Céu Claro";"Simples";"Reta";"Não";1;0;1;0;0;0;1;1;-3,642489;-45,48978;"SPRF-MA";"DEL02-MA";"UOP01-DEL02-MA"
365462;2021-06-20;"domingo";"21:15:00";"PI";316;81,5;"LAGOINHA DO PIAUI";"Demais falhas mecânicas ou elétricas";"Incêndio";"Sem Vítimas";"Plena Noite";"Decrescente";"Céu Claro";"Simples";"Curva";"Não";2;0;0;0;1;1;0;2;-5,75086096;-42,61930445;"SPRF-PI";"DEL01-PI";"UOP02-DEL01-PI"
365463;2021-06-20;"domingo";"22:45:00";"GO";20;42,4;"FORMOSA";"Demais Fenômenos da natureza";"Colisão frontal";"Com Vítimas Fatais";"Pleno dia";"Crescente";"Céu Claro";"Simples";"Aclive";"Não";5;1;1;1;2;0;2;2;-15,39234;-47,100006;"SPRF-DF";"DEL02-DF";"UOP01-DEL02-DF"
365464;2021-06-20;"domingo";"18:30:00";"MG";116;366;"FREI INOCENCIO";"Reação tardia ou ineficiente do condutor";"Colisão transversal";"Com Vítimas Feridas";"Plena Noite";"Crescente";"Céu Claro";"Simples";"Reta";"Não";3;0;0;1;1;1;1;3;-18,50765094;-41,87950721;"SPRF-MG";"DEL11-MG";"UOP01-DEL11-MG"
365465;2021-06-21;"segunda-feira";"00:04:00";"SC";101;107,9;"PENHA";"Velocidade Incompatível";"Colisão traseira";"Com Vítimas Fatais";"Plena Noite";"Crescente";"Nublado";"Dupla";"Em Obras";"Não";3;1;0;0;1;1;0;3;-26,8252197;-48,68958235;"SPRF-SC";"DEL03-SC";"UOP02-DEL03-SC"
365479;2021-06-21;"segunda-feira";"04:30:00";"BA";116;290,3;"TUCANO";"Condutor Dormindo";"Colisão frontal";"Com Vítimas Fatais";"Plena Noite";"Crescente";"Chuva";"Simples";"Reta";"Não";2;1;0;1;0;0;1;2;-11,06530603;-38,83810817;"SPRF-BA";"DEL02-BA";"UOP01-DEL02-BA"
365486;2021-06-21;"segunda-feira";"06:45:00";"RS";158;315,3;"SANTA MARIA";"Transitar na contramão";"Colisão lateral sentido oposto";"Com Vítimas Feridas";"Amanhecer";"Decrescente";"Céu Claro";"Múltipla";"Aclive";"Não";4;0;1;0;2;3;1;6;-29,65005593;-53,75696211;"SPRF-RS";"DEL09-RS";"UOP01-DEL09-RS"
365487;2021-06-21;"segunda-feira";"07:20:00";"RN";101;84,1;"SAO GONCALO DO AMARANTE";"Condutor deixou de manter distância do veículo da frente";"Colisão traseira";"Com Vítimas Feridas";"Pleno dia";"Crescente";"Céu Claro";"Dupla";"Reta";"Sim";2;0;1;0;0;1;1;2;-5,774175;-35,2578;"SPRF-RN";"DEL02-RN";"UOP01-DEL02-RN"
365488;2021-06-21;"segunda-feira";"01:00:00";"BA";101;389;"IBIRAPITANGA";"Velocidade Incompatível";"Colisão transversal";"Sem Vítimas";"Plena Noite";"Decrescente";"Chuva";"Simples";"Reta";"Não";2;0;0;0;2;0;0;2;-14,025008;-39,423384;"SPRF-BA";"DEL05-BA";"UOP03-DEL05-BA"
365490;2021-06-21;"segunda-feira";"07:10:00";"SP";116;156,3;"SAO JOSE DOS CAMPOS";"Ultrapassagem Indevida";"Colisão traseira";"Com Vítimas Feridas";"Pleno dia";"Decrescente";"Céu Claro";"Múltipla";"Reta";"Sim";3;0;1;0;2;0;1;3;-23,25044084;-45,93572909;"SPRF-SP";"DEL02-SP";"UOP01-DEL02-SP"
365496;2021-06-21;"segunda-feira";"05:55:00";"RS";290;173,9;"BUTIA";"Pedestre andava na pista";"Atropelamento de Pedestre";"Com Vítimas Feridas";"Plena Noite";"Decrescente";"Nublado";"Simples";"Reta";"Sim";2;0;0;1;1;0;1;2;-30,1290476;-51,95964309;"SPRF-RS";"DEL02-RS";"UOP03-DEL02-RS"
365504;2021-06-17;"quinta-feira";"22:50:00";"SC";282;69,4;"RANCHO QUEIMADO";"Problema com o freio";"Saída de leito carroçável";"Com Vítimas Feridas";"Plena Noite";"Decrescente";"Nublado";"Simples";"Reta";"Não";2;0;1;0;0;1;1;2;-27,690144;-49,083813;"SPRF-SC";"DEL01-SC";"UOP03-DEL01-SC"
365509;2021-06-21;"segunda-feira";"07:50:00";"PR";376;550;"BALSA NOVA";"Condutor deixou de manter distância do veículo da frente";"Colisão traseira";"Sem Vítimas";"Amanhecer";"Crescente";"Nublado";"Dupla";"Reta";"Não";3;0;0;0;2;1;0;3;-25,47598131;-49,71080692;"SPRF-PR";"DEL01-PR";"UOP03-DEL03-PR"
365511;2021-06-21;"segunda-feira";"07:50:00";"MG";381;599,8;"CARMOPOLIS DE MINAS";"Demais falhas mecânicas ou elétricas";"Incêndio";"Sem Vítimas";"Pleno dia";"Crescente";"Céu Claro";"Dupla";"Curva;Aclive";"Não";3;0;0;0;2;1;0;2;-20,61546798;-44,73611382;"SPRF-MG";"DEL04-MG";"UOP01-DEL04-MG"
365513;2021-06-21;"segunda-feira";"08:00:00";"GO";20;163,5;"ALVORADA DO NORTE";"Demais Fenômenos da natureza";"Saída de leito carroçável";"Com Vítimas Feridas";"Amanhecer";"Crescente";"Céu Claro";"Simples";"Aclive;Curva";"Não";8;0;2;0;3;3;2;4;-14,595838;-46,594223;"SPRF-DF";"DEL02-DF";"UOP03-DEL02-DF"
365520;2021-06-21;"segunda-feira";"04:30:00";"MT";364;512;"ROSARIO OESTE";"Declive acentuado";"Tombamento";"Sem Vítimas";"Amanhecer";"Crescente";"Céu Claro";"Simples";"Reta";"Não";2;0;0;0;1;1;0;2;-15,16549203;-56,52422362;"SPRF-MT";"DEL01-MT";"UOP01-DEL01-MT"
365521;2021-06-21;"segunda-feira";"08:30:00";"PE";232;410;"SERRA TALHADA";"Reação tardia ou ineficiente do condutor";"Colisão transversal";"Com Vítimas Feridas";"Pleno dia";"Decrescente";"Céu Claro";"Simples";"Reta";"Sim";3;0;1;1;1;0;2;2;-7,98261841;-38,30039606;"SPRF-PE";"DEL04-PE";"UOP01-DEL04-PE"
365528;2021-06-21;"segunda-feira";"09:45:00";"PI";343;340;"TERESINA";"Carga excessiva e/ou mal acondicionada";"Derramamento de carga";"Com Vítimas Feridas";"Pleno dia";"Decrescente";"Céu Claro";"Dupla";"Reta";"Sim";2;0;1;0;1;0;1;2;-5,07846221;-42,74930477;"SPRF-PI";"DEL01-PI";"UOP01-DEL01-PI"
365529;2021-05-02;"domingo";"23:15:00";"ES";101;441,2;"MIMOSO DO SUL";"Ultrapassagem Indevida";"Colisão lateral sentido oposto";"Com Vítimas Feridas";"Plena Noite";"Crescente";"Chuva";"Simples";"Reta";"Não";4;0;0;1;1;2;1;4;-21,08193736;-41,23924255;"SPRF-ES";"DEL03-ES";"UOP02-DEL03-ES"
365532;2021-06-21;"segunda-feira";"09:30:00";"CE";116;17,2;"EUSEBIO";"Acessar a via sem observar a presença dos outros veículos";"Colisão transversal";"Com Vítimas Feridas";"Pleno dia";"Decrescente";"Sol";"Dupla";"Reta;Declive;Retorno Regulamentado";"Não";2;0;0;1;1;0;1;2;-3,89796809;-38,5033161;"SPRF-CE";"DEL01-CE";"UOP02-DEL01-CE"
365534;2021-06-20;"domingo";"04:30:00";"BA";116;386;"SANTA BARBARA";"Ultrapassagem Indevida";"Colisão frontal";"Com Vítimas Feridas";"Plena Noite";"Crescente";"Chuva";"Simples";"Aclive";"Não";4;0;1;1;1;1;2;3;-11,90345104;-38,98262068;"SPRF-BA";"DEL02-BA";"UOP01-DEL02-BA"
365535;2021-06-12;"sábado";"08:00:00";"MS";262;717,5;"CORUMBA";"Reação tardia ou ineficiente do condutor";"Saída de leito carroçável";"Sem Vítimas";"Pleno dia";"Decrescente";"Céu Claro";"Simples";"Reta";"Não";1;0;0;0;1;0;0;1;-19,43651322;-57,44370725;"SPRF-MS";"DEL03-MS";"UOP03-DEL03-MS"
365536;2021-06-21;"segunda-feira";"10:55:00";"RS";386;294,9;"POUSO NOVO";"Demais falhas mecânicas ou elétricas";"Colisão traseira";"Com Vítimas Feridas";"Pleno dia";"Decrescente";"Nublado";"Simples";"Aclive";"Não";6;0;4;0;1;1;4;3;-29,121178;-52,248886;"SPRF-RS";"DEL04-RS";"UOP01-DEL04-RS"
365538;2021-06-21;"segunda-feira";"08:30:00";"SC";282;449,6;"PONTE SERRADA";"Condutor Dormindo";"Colisão frontal";"Com Vítimas Feridas";"Pleno dia";"Crescente";"Céu Claro";"Simples";"Reta";"Não";3;0;0;1;1;1;1;3;-26,919342;-51,944427;"SPRF-SC";"DEL07-SC";"UOP04-DEL07-SC"
365541;2021-05-14;"sexta-feira";"03:00:00";"BA";324;585;"CANDEIAS";"Manobra de mudança de faixa";"Colisão lateral mesmo sentido";"Com Vítimas Feridas";"Plena Noite";"Crescente";"Céu Claro";"Dupla";"Reta";"Não";2;0;1;0;0;1;1;2;-12,63012705;-38,47968619;"SPRF-BA";"DEL01-BA";"UOP01-DEL01-BA"
365542;2021-06-21;"segunda-feira";"09:50:00";"PR";376;181,3;"MARINGA";"Pedestre cruzava a pista fora da faixa";"Atropelamento de Pedestre";"Com Vítimas Feridas";"Pleno dia";"Decrescente";"Nublado";"Dupla";"Reta";"Sim";3;0;1;0;2;0;1;2;-23,42848077;-51,89306259;"SPRF-PR";"DEL09-PR";"UOP01-DEL09-PR"
365546;2021-06-21;"segunda-feira";"12:50:00";"PE";101;68;"RECIFE";"Condutor deixou de manter distância do veículo da frente";"Tombamento";"Com Vítimas Feridas";"Pleno dia";"Decrescente";"Céu Claro";"Múltipla";"Viaduto";"Sim";4;0;1;1;1;1;2;3;-8,05074296;-34,94580619;"SPRF-PE";"DEL01-PE";"UOP01-DEL01-PE"
365548;2021-06-21;"segunda-feira";"12:05:00";"PE";428;178,1;"PETROLINA";"Acessar a via sem observar a presença dos outros veículos";"Colisão lateral mesmo sentido";"Com Vítimas Feridas";"Pleno dia";"Decrescente";"Céu Claro";"Simples";"Reta";"Não";3;0;1;0;1;1;1;3;-9,2842098;-40,4416324;"SPRF-PE";"DEL06-PE";"UOP01-DEL06-PE"
365551;2021-06-21;"segunda-feira";"09:20:00";"MG";116;407,8;"GOVERNADOR VALADARES";"Acessar a via sem observar a presença dos outros veículos";"Colisão transversal";"Sem Vítimas";"Pleno dia";"Decrescente";"Céu Claro";"Simples";"Reta";"Sim";3;0;0;0;2;1;0;3;-18,835552;-41,98926799;"SPRF-MG";"DEL06-MG";"UOP01-DEL06-MG"
365559;2021-06-21;"segunda-feira";"14:30:00";"PE";101;57,5;"RECIFE";"Velocidade Incompatível";"Colisão traseira";"Com Vítimas Feridas";"Pleno dia";"Decrescente";"Nublado";"Dupla";"Reta";"Não";3;0;1;0;1;1;1;3;-7,96346213;-34,91513486;"SPRF-PE";"DEL01-PE";"UOP02-DEL01-PE"
365562;2021-06-21;"segunda-feira";"13:50:00";"RS";386;426;"MONTENEGRO";"Ausência de reação do condutor";"Colisão traseira";"Com Vítimas Feridas";"Pleno dia";"Crescente";"Céu Claro";"Simples";"Reta";"Não";3;0;1;0;2;0;1;2;-29,819479;-51,36208;"SPRF-RS";"DEL04-RS";"UOP02-DEL04-RS"
365567;2021-06-21;"segunda-feira";"14:00:00";"RS";116;262;"CANOAS";"Velocidade Incompatível";"Engavetamento";"Com Vítimas Feridas";"Pleno dia";"Decrescente";"Nublado";"Dupla";"Reta";"Sim";8;0;1;0;6;1;1;5;-29,8938;-51,1765;"SPRF-RS";"DEL01-RS";"UOP01-DEL01-RS"
365571;2021-06-21;"segunda-feira";"14:00:00";"RO";364;27;"VILHENA";"Acessar a via sem observar a presença dos outros veículos";"Colisão lateral mesmo sentido";"Com Vítimas Feridas";"Pleno dia";"Crescente";"Nublado";"Simples";"Reta";"Não";2;0;0;1;1;0;1;2;-12,72440985;-60,23846626;"SPRF-RO";"DEL04-RO";"UOP01-DEL04-RO"
365575;2021-06-21;"segunda-feira";"14:25:00";"TO";153;728,5;"FIGUEIROPOLIS";"Demais falhas na via";"Tombamento";"Com Vítimas Feridas";"Pleno dia";"Crescente";"Sol";"Simples";"Reta";"Não";3;0;1;0;1;1;1;3;-12,18968002;-49,15574263;"SPRF-TO";"DEL01-TO";"UOP02-DEL01-TO"
365579;2021-06-21;"segunda-feira";"15:35:00";"SC";101;186;"BIGUACU";"Manobra de mudança de faixa";"Colisão lateral mesmo sentido";"Com Vítimas Feridas";"Pleno dia";"Crescente";"Céu Claro";"Dupla";"Curva";"Não";4;0;1;0;3;0;1;2;-27,4341098;-48,62567129;"SPRF-SC";"DEL01-SC";"UOP01-DEL01-SC"
365580;2021-06-21;"segunda-feira";"05:30:00";"PI";135;600;"CORRENTE";"Afundamento ou ondulação no pavimento";"Tombamento";"Com Vítimas Feridas";"Amanhecer";"Decrescente";"Céu Claro";"Simples";"Curva";"Não";2;0;1;0;0;2;1;3;-10,51777342;-45,18700262;"SPRF-PI";"DEL03-PI";"UOP02-DEL03-PI"
365605;2021-06-21;"segunda-feira";"18:15:00";"MG";40;487;"CAPIM BRANCO";"Condutor deixou de manter distância do veículo da frente";"Colisão traseira";"Sem Vítimas";"Plena Noite";"Decrescente";"Céu Claro";"Dupla";"Reta";"Não";3;0;0;0;2;2;0;4;-19,59896404;-44,22303708;"SPRF-MG";"DEL02-MG";"UOP01-DEL02-MG"
365610;2021-06-21;"segunda-feira";"16:20:00";"SC";101;157,1;"PORTO BELO";"Manobra de mudança de faixa";"Colisão traseira";"Sem Vítimas";"Pleno dia";"Crescente";"Nublado";"Dupla";"Reta";"Não";2;0;0;0;2;0;0;2;-27,181625;-48,6121179;"SPRF-SC";"DEL04-SC";"UOP03-DEL04-SC"
365613;2021-06-21;"segunda-feira";"17:00:00";"MG";364;33;"FRUTAL";"Obras na pista";"Colisão traseira";"Com Vítimas Feridas";"Anoitecer";"Crescente";"Céu Claro";"Simples";"Aclive";"Não";8;0;7;0;1;0;7;2;-20,025185;-48,94096;"SPRF-MG";"DEL13-MG";"UOP02-DEL13-MG"
365614;2021-06-21;"segunda-feira";"19:00:00";"MG";381;526,6;"BRUMADINHO";"Velocidade Incompatível";"Capotamento";"Com Vítimas Fatais";"Plena Noite";"Crescente";"Céu Claro";"Dupla";"Curva";"Não";2;1;0;0;0;1;0;2;-20,16175378;-44,34144636;"SPRF-MG";"DEL04-MG";"UOP03-DEL04-MG"
365631;2021-06-21;"segunda-feira";"19:35:00";"PR";376;141;"NOVA ESPERANCA";"Reação tardia ou ineficiente do condutor";"Colisão traseira";"Com Vítimas Feridas";"Plena Noite";"Decrescente";"Chuva";"Dupla";"Aclive";"Não";3;0;1;0;1;1;1;3;-23,241383;-52,171261;"SPRF-PR";"DEL09-PR";"UOP02-DEL09-PR"
365633;2021-06-21;"segunda-feira";"18:30:00";"PR";376;618,6;"SAO JOSE DOS PINHAIS";"Mal súbito do condutor";"Atropelamento de Pedestre";"Com Vítimas Fatais";"Anoitecer";"Decrescente";"Chuva";"Múltipla";"Reta";"Sim";5;1;0;0;2;3;0;5;-25,59168398;-49,17197705;"SPRF-PR";"DEL01-PR";"UOP04-DEL01-PR"
365636;2021-06-21;"segunda-feira";"14:20:00";"MA";10;150;"PORTO FRANCO";"Demais falhas mecânicas ou elétricas";"Colisão com objeto";"Com Vítimas Feridas";"Pleno dia";"Decrescente";"Céu Claro";"Simples";"Reta";"Sim";4;0;1;0;2;1;1;3;-6,408138;-47,391319;"SPRF-MA";"DEL04-MA";"UOP02-DEL04-MA"