"id";"data_inversa";"dia_semana";"horario";"uf";"br";"km";"municipio";"causa_acidente";"tipo_acidente";"classificacao_acidente";"fase_dia";"sentido_via";"condicao_metereologica";"tipo_pista";"tracado_via";"uso_solo";"pessoas";"mortos";"feridos_leves";"feridos_graves";"ilesos";"ignorados";"feridos";"veiculos";"latitude";"longitude";"regional";"delegacia";"uop"
365900;2021-06-23;"quarta-feira";"11:00:00";"SC";101;204;"SAO JOSE";"Velocidade Incompatível";"Engavetamento";"Com Vítimas Feridas";"Pleno dia";"Crescente";"Céu Claro";"Múltipla";"Reta";"Sim";4;0;1;0;3;0;1;4;-27,57413014;-48,61363083;"SPRF-SC";"DEL01-SC";"UOP01-DEL01-SC"
365903;2021-06-23;"quarta-feira";"10:10:00";"MS";463;109;"PONTA PORA";"Acessar a via sem observar a presença dos outros veículos";"Colisão traseira";"Com Vítimas Feridas";"Pleno dia";"Crescente";"Céu Claro";"Dupla";"Reta";"Sim";2;0;1;0;1;0;1;2;-22,58039272;-55,68886181;"SPRF-MS";"DEL04-MS";"UOP03-DEL04-MS"
365908;2021-06-23;"quarta-feira";"10:45:00";"MS";262;239,5;"RIBAS DO RIO PARDO";"Acessar a via sem observar a presença dos outros veículos";"Colisão transversal";"Com Vítimas Fatais";"Pleno dia";"Decrescente";"Céu Claro";"Simples";"Interseção de Vias";"Sim";2;1;0;0;1;0;0;2;-20,4571724;-53,76065254;"SPRF-MS";"DEL01-MS";"UOP01-DEL01-MS"
365914;2021-06-23;"quarta-feira";"12:20:00";"ES";101;151;"LINHARES";"Ingestão de álcool pelo condutor";"Colisão lateral mesmo sentido";"Sem Vítimas";"Pleno dia";"Decrescente";"Céu Claro";"Simples";"Interseção de Vias";"Não";2;0;0;0;2;0;0;2;-19,41156656;-40,06592463;"SPRF-ES";"DEL04-ES";"UOP01-DEL04-ES"
365917;2021-06-23;"quarta-feira";"12:35:00";"MA";316;604,9;"TIMON";"Reação tardia ou ineficiente do condutor";"Colisão traseira";"Com Vítimas Feridas";"Pleno dia";"Crescente";"Céu Claro";"Simples";"Em Obras;Reta";"Não";5;0;1;1;2;1;2;4;-5,043044;-42,923557;"SPRF-MA";"DEL03-MA";"UOP02-DEL03-MA"
365918;2021-06-23;"quarta-feira";"07:15:00";"MT";174;381;"CONQUISTA DOESTE";"Manobra de mudança de faixa";"Colisão frontal";"Com Vítimas Feridas";"Amanhecer";"Decrescente";"Nevoeiro/Neblina";"Simples";"Curva";"Não";2;0;1;0;1;0;1;2;-14,53238405;-59,55351204;"SPRF-MT";"DEL04-MT";"UOP01-DEL04-MT"
365919;2021-06-23;"quarta-feira";"12:00:00";"BA";420;243;"LAJE";"Ultrapassagem Indevida";"Colisão frontal";"Com Vítimas Fatais";"Pleno dia";"Decrescente";"Nublado";"Simples";"Reta";"Sim";4;1;1;0;1;1;1;3;-13,178252;-39,4128278;"SPRF-BA";"DEL01-BA";"UOP02-DEL01-BA"
365920;2021-06-23;"quarta-feira";"10:50:00";"TO";153;102,7;"WANDERLANDIA";"Reação tardia ou ineficiente do condutor";"Colisão lateral sentido oposto";"Sem Vítimas";"Pleno dia";"Crescente";"Chuva";"Simples";"Ponte";"Não";4;0;0;0;3;6;0;9;-6,90546032;-48,03457736;"SPRF-TO";"DEL02-TO";"UOP01-DEL02-TO"
365921;2021-06-23;"quarta-feira";"13:20:00";"PR";476;168;"CONTENDA";"Trafegar com motocicleta (ou similar) entre as faixas";"Colisão traseira";"Com Vítimas Feridas";"Pleno dia";"Crescente";"Nublado";"Simples";"Reta";"Sim";2;0;1;0;1;0;1;2;-25,661057;-49,48967;"SPRF-PR";"DEL01-PR";"UOP03-DEL01-PR"
365923;2021-06-23;"quarta-feira";"12:25:00";"RJ";393;162;"TRES RIOS";"Velocidade Incompatível";"Tombamento";"Sem Vítimas";"Pleno dia";"Decrescente";"Céu Claro";"Simples";"Curva";"Não";2;0;0;0;1;1;0;2;-22,10618725;-43,10077682;"SPRF-RJ";"DEL05-RJ";"UOP01-DEL05-RJ"
365924;2021-06-23;"quarta-feira";"12:30:00";"MG";381;478;"CONTAGEM";"Condutor deixou de manter distância do veículo da frente";"Colisão lateral mesmo sentido";"Com Vítimas Feridas";"Pleno dia";"Decrescente";"Céu Claro";"Dupla";"Reta";"Sim";2;0;0;1;1;0;1;2;-19,96079263;-44,03638422;"SPRF-MG";"DEL01-MG";"UOP03-DEL01-MG"
365929;2021-06-23;"quarta-feira";"13:10:00";"PR";116;36;"CAMPINA GRANDE DO SUL";"Manobra de mudança de faixa";"Tombamento";"Com Vítimas Feridas";"Pleno dia";"Decrescente";"Garoa/Chuvisco";"Dupla";"Aclive";"Não";2;0;1;0;0;2;1;3;-25,131384;-48,85746814;"SPRF-PR";"DEL01-PR";"UOP02-DEL01-PR"
365936;2021-06-23;"quarta-feira";"10:50:00";"MG";262;726,3;"PERDIZES";"Velocidade Incompatível";"Colisão traseira";"Com Vítimas Feridas";"Pleno dia";"Decrescente";"Sol";"Simples";"Curva";"Não";4;0;1;0;2;2;1;5;-19,62311245;-47,24948019;"SPRF-MG";"DEL08-MG";"UOP01-DEL08-MG"
365937;2021-06-23;"quarta-feira";"14:40:00";"MG";365;752,9;"ITUIUTABA";"Acesso irregular";"Colisão transversal";"Com Vítimas Feridas";"Pleno dia";"Crescente";"Céu Claro";"Simples";"Reta";"Não";2;0;1;0;1;0;1;2;-18,947495;-49,45934;"SPRF-MG";"DEL15-MG";"UOP03-DEL15-MG"
365940;2021-06-23;"quarta-feira";"15:20:00";"MG";262;21,3;"REDUTO";"Demais falhas mecânicas ou elétricas";"Engavetamento";"Com Vítimas Feridas";"Pleno dia";"Decrescente";"Céu Claro";"Simples";"Declive";"Não";5;0;1;0;3;1;1;5;-20,25120014;-41,91771506;"SPRF-MG";"DEL06-MG";"UOP03-DEL06-MG"
365943;2021-06-23;"quarta-feira";"15:00:00";"GO";40;2;"VALPARAISO DE GOIAS";"Condutor deixou de manter distância do veículo da frente";"Colisão traseira";"Sem Vítimas";"Pleno dia";"Crescente";"Céu Claro";"Dupla";"Reta";"Sim";2;0;0;0;1;1;0;2;-16,067129;-47,984235;"SPRF-DF";"DEL01-DF";"UOP01-DEL01-DF"
365944;2021-06-23;"quarta-feira";"10:50:00";"MG";365;681;"MONTE ALEGRE DE MINAS";"Manobra de mudança de faixa";"Colisão lateral mesmo sentido";"Sem Vítimas";"Pleno dia";"Crescente";"Céu Claro";"Simples";"Curva";"Não";3;0;0;0;2;1;0;3;-18,8497713;-48,82855398;"SPRF-MG";"DEL15-MG";"UOP01-DEL15-MG"
365945;2021-06-23;"quarta-feira";"14:55:00";"GO";40;46;"LUZIANIA";"Transitar na contramão";"Colisão frontal";"Com Vítimas Feridas";"Pleno dia";"Decrescente";"Céu Claro";"Simples";"Reta";"Não";3;0;1;0;0;4;1;5;-16,411082;-47,823527;"SPRF-DF";"DEL01-DF";"UOP02-DEL01-DF"
365947;2021-06-23;"quarta-feira";"15:17:00";"PR";116;96;"SAO JOSE DOS PINHAIS";"Manobra de mudança de faixa";"Colisão traseira";"Com Vítimas Feridas";"Pleno dia";"Decrescente";"Céu Claro";"Dupla";"Reta";"Não";2;0;1;0;1;0;1;2;-25,504848;-49,123226;"SPRF-PR";"DEL01-PR";"UOP01-DEL01-PR"
365950;2021-06-23;"quarta-feira";"16:00:00";"SC";101;202,8;"SAO JOSE";"Condutor deixou de manter distância do veículo da frente";"Colisão traseira";"Com Vítimas Feridas";"Pleno dia";"Decrescente";"Nublado";"Múltipla";"Reta";"Sim";6;0;4;0;2;0;4;3;-27,55711595;-48,61897889;"SPRF-SC";"DEL01-SC";"UOP01-DEL01-SC"
365951;2021-06-23;"quarta-feira";"04:00:00";"SC";282;432;"VARGEM BONITA";"Demais falhas mecânicas ou elétricas";"Incêndio";"Com Vítimas Feridas";"Plena Noite";"Decrescente";"Ignorado";"Simples";"Reta";"Não";1;0;1;0;0;0;1;1;-26,981241;-51,814842;"SPRF-SC";"DEL07-SC";"UOP05-DEL07-SC"
365956;2021-06-23;"quarta-feira";"15:20:00";"RJ";116;227;"PIRAI";"Frear bruscamente";"Tombamento";"Com Vítimas Feridas";"Pleno dia";"Decrescente";"Sol";"Dupla";"Reta";"Sim";2;0;1;0;0;1;1;2;-22,66657477;-43,84447619;"SPRF-RJ";"DEL07-RJ";"UOP01-DEL07-RJ"
365961;2021-06-23;"quarta-feira";"16:05:00";"BA";101;725;"EUNAPOLIS";"Demais falhas mecânicas ou elétricas";"Tombamento";"Com Vítimas Feridas";"Pleno dia";"Decrescente";"Céu Claro";"Simples";"Curva";"Não";2;0;1;0;0;1;1;2;-16,324027;-39,55212;"SPRF-BA";"DEL09-BA";"UOP01-DEL09-BA"
365963;2021-05-15;"sábado";"08:00:00";"PA";230;260;"NOVO REPARTIMENTO";"Chuva";"Colisão frontal";"Com Vítimas Feridas";"Pleno dia";"Crescente";"Chuva";"Simples";"Reta";"Não";3;0;1;0;2;0;1;3;-4,58995205;-49,78533116;"SPRF-PA";"DEL03-PA";"UOP01-DEL03-PA"
365964;2021-06-23;"quarta-feira";"16:00:00";"MG";365;538,3;"ROMARIA";"Demais falhas mecânicas ou elétricas";"Incêndio";"Sem Vítimas";"Anoitecer";"Decrescente";"Céu Claro";"Simples";"Reta";"Não";2;0;0;0;1;1;0;2;-18,93222692;-47,57201801;"SPRF-MG";"DEL10-MG";"UOP01-DEL10-MG"
365967;2021-06-23;"quarta-feira";"17:05:00";"SP";116;279,9;"EMBU DAS ARTES";"Ausência de reação do condutor";"Colisão lateral mesmo sentido";"Com Vítimas Feridas";"Pleno dia";"Decrescente";"Céu Claro";"Dupla";"Declive";"Sim";2;0;1;0;0;1;1;2;-23,66233697;-46,85292907;"SPRF-SP";"DEL04-SP";"UOP01-DEL04-SP"
365969;2021-06-23;"quarta-feira";"17:20:00";"PR";277;39;"MORRETES";"Demais falhas mecânicas ou elétricas";"Incêndio";"Sem Vítimas";"Pleno dia";"Decrescente";"Chuva";"Dupla";"Reta";"Não";2;0;0;0;1;1;0;2;-25,571233;-48,817137;"SPRF-PR";"DEL01-PR";"UOP05-DEL01-PR"
365970;2021-06-23;"quarta-feira";"16:00:00";"PR";153;23,2;"JACAREZINHO";"Demais falhas mecânicas ou elétricas";"Incêndio";"Sem Vítimas";"Pleno dia";"Decrescente";"Céu Claro";"Simples";"Reta";"Sim";3;0;0;0;1;4;0;5;-23,17659697;-49,97635304;"SPRF-PR";"DEL07-PR";"UOP04-DEL07-PR"
365972;2021-06-23;"quarta-feira";"17:20:00";"PR";116;17;"CURITIBA";"Área urbana sem a presença de local apropriado para a travessia de pedestres";"Atropelamento de Pedestre";"Com Vítimas Fatais";"Anoitecer";"Decrescente";"Garoa/Chuvisco";"Dupla";"Reta";"Sim";3;1;0;0;1;1;0;2;-25,389;-49,1867;"SPRF-PR";"DEL01-PR";"UOP02-DEL01-PR"
365979;2021-05-14;"sexta-feira";"18:50:00";"MG";365;639;"UBERLANDIA";"Ausência de reação do condutor";"Colisão lateral mesmo sentido";"Com Vítimas Feridas";"Anoitecer";"Crescente";"Céu Claro";"Dupla";"Reta";"Não";4;0;1;0;2;2;1;4;-18,88684795;-48,45608299;"SPRF-MG";"DEL15-MG";"UOP01-DEL15-MG"
365980;2021-06-02;"quarta-feira";"22:00:00";"BA";116;524;"ITATIM";"Reação tardia ou ineficiente do condutor";"Colisão traseira";"Com Vítimas Feridas";"Plena Noite";"Crescente";"Chuva";"Simples";"Reta";"Não";5;0;2;1;1;1;3;3;-12,70024334;-39,71218183;"SPRF-BA";"DEL03-BA";"UOP02-DEL03-BA"
365992;2021-06-23;"quarta-feira";"18:30:00";"GO";60;208;"GUAPO";"Ausência de reação do condutor";"Colisão traseira";"Com Vítimas Fatais";"Plena Noite";"Crescente";"Céu Claro";"Dupla";"Reta;Aclive";"Não";3;1;0;0;1;1;0;3;-16,9243;-49,6642;"SPRF-GO";"DEL01-GO";"UOP02-DEL01-GO"
365995;2021-06-23;"quarta-feira";"19:45:00";"PR";116;152;"MANDIRITUBA";"Desrespeitar a preferência no cruzamento";"Colisão transversal";"Com Vítimas Feridas";"Plena Noite";"Crescente";"Céu Claro";"Simples";"Interseção de Vias";"Não";3;0;0;1;1;1;1;3;-25,83236296;-49,33609707;"SPRF-PR";"DEL01-PR";"UOP03-DEL01-PR"
366007;2021-06-23;"quarta-feira";"17:00:00";"GO";452;175,2;"ITUMBIARA";"Condutor deixou de manter distância do veículo da frente";"Engavetamento";"Com Vítimas Feridas";"Pleno dia";"Crescente";"Céu Claro";"Simples";"Reta";"Não";5;0;4;0;0;1;4;5;-18,35117173;-49,38769586;"SPRF-GO";"DEL03-GO";"UOP02-DEL03-GO"
366010;2021-06-23;"quarta-feira";"20:00:00";"SP";116;363,6;"PEDRO DE TOLEDO";"Reação tardia ou ineficiente do condutor";"Tombamento";"Com Vítimas Feridas";"Plena Noite";"Crescente";"Garoa/Chuvisco";"Dupla";"Curva";"Não";1;0;1;0;0;0;1;1;-24,139664;-47,272957;"SPRF-SP";"DEL04-SP";"UOP02-DEL04-SP"
366011;2021-06-23;"quarta-feira";"17:30:00";"MA";230;403;"BALSAS";"Acessar a via sem observar a presença dos outros veículos";"Colisão transversal";"Sem Vítimas";"Anoitecer";"Decrescente";"Céu Claro";"Simples";"Reta";"Sim";4;0;0;0;3;3;0;5;-7,51686308;-46,03524183;"SPRF-MA";"DEL05-MA";"UOP01-DEL05-MA"
366014;2021-06-23;"quarta-feira";"19:00:00";"RJ";40;65;"PETROPOLIS";"Velocidade Incompatível";"Tombamento";"Com Vítimas Feridas";"Plena Noite";"Crescente";"Chuva";"Simples";"Curva";"Não";2;0;1;0;0;1;1;2;-22,427473;-43,16011;"SPRF-RJ";"DEL06-RJ";"UOP01-DEL06-RJ"
366017;2021-06-23;"quarta-feira";"20:52:00";"MG";40;555,9;"NOVA LIMA";"Condutor Dormindo";"Saída de leito carroçável";"Com Vítimas Feridas";"Plena Noite";"Crescente";"Céu Claro";"Múltipla";"Reta";"Sim";3;0;1;0;1;1;1;3;-20,08472706;-43,97697012;"SPRF-MG";"DEL01-MG";"UOP02-DEL01-MG"
366023;2021-06-23;"quarta-feira";"22:15:00";"RJ";101;172;"MACAE";"Ingestão de álcool pelo condutor";"Colisão transversal";"Sem Vítimas";"Plena Noite";"Crescente";"Céu Claro";"Simples";"Reta";"Não";5;0;0;0;5;0;0;3;-22,36746684;-41,94323801;"SPRF-RJ";"DEL08-RJ";"UOP04-DEL08-RJ"
366026;2021-06-23;"quarta-feira";"23:20:00";"MG";50;79;"UBERLANDIA";"Condutor Dormindo";"Colisão traseira";"Com Vítimas Feridas";"Plena Noite";"Decrescente";"Céu Claro";"Dupla";"Reta;Aclive";"Sim";4;0;3;0;0;1;3;3;-18,986906;-48,211853;"SPRF-MG";"DEL15-MG";"UOP01-DEL15-MG"
366029;2021-06-24;"quinta-feira";"00:10:00";"MG";381;493,4;"BETIM";"Velocidade Incompatível";"Colisão traseira";"Com Vítimas Feridas";"Plena Noite";"Crescente";"Céu Claro";"Simples";"Reta";"Sim";3;0;0;1;1;1;1;3;-19,96426879;-44,17183226;"SPRF-MG";"DEL01-MG";"UOP03-DEL01-MG"
366035;2021-06-24;"quinta-feira";"00:15:00";"MG";40;805,1;"MATIAS BARBOSA";"Condutor Dormindo";"Colisão traseira";"Com Vítimas Feridas";"Plena Noite";"Decrescente";"Céu Claro";"Dupla";"Reta;Aclive";"Não";10;0;4;1;4;1;5;3;-21,86534291;-43,36765294;"SPRF-MG";"DEL05-MG";"UOP01-DEL05-MG"
366041;2021-06-24;"quinta-feira";"01:00:00";"PR";376;407,9;"TIBAGI";"Pedestre andava na pista";"Atropelamento de Pedestre";"Com Vítimas Fatais";"Plena Noite";"Crescente";"Céu Claro";"Dupla";"Aclive;Reta;Retorno Regulamentado";"Não";2;1;0;0;0;1;0;2;-24,64521802;-50,62349002;"SPRF-PR";"DEL03-PR";"UOP02-DEL03-PR"
366042;2021-06-23;"quarta-feira";"19:30:00";"PE";423;49,6;"CACHOEIRINHA";"Reação tardia ou ineficiente do condutor";"Colisão frontal";"Com Vítimas Fatais";"Plena Noite";"Decrescente";"Chuva";"Simples";"Reta";"Não";3;1;1;0;1;0;1;3;-8,56557215;-36,27905975;"SPRF-PE";"DEL03-PE";"UOP01-DEL03-PE"
366044;2021-06-24;"quinta-feira";"01:50:00";"TO";153;478;"BARROLANDIA";"Demais falhas mecânicas ou elétricas";"Tombamento";"Com Vítimas Feridas";"Plena Noite";"Crescente";"Céu Claro";"Simples";"Curva";"Não";1;0;1;0;0;0;1;1;-10,06100217;-48,83671193;"SPRF-TO";"DEL01-TO";"UOP01-DEL01-TO"
366051;2021-06-24;"quinta-feira";"04:20:00";"PR";376;617,3;"SAO JOSE DOS PINHAIS";"Velocidade Incompatível";"Colisão traseira";"Com Vítimas Fatais";"Pleno dia";"Decrescente";"Nublado";"Dupla";"Aclive;Reta";"Não";4;1;0;1;1;1;1;3;-25,591285;-49,171613;"SPRF-PR";"DEL01-PR";"UOP04-DEL01-PR"
366052;2021-06-24;"quinta-feira";"04:00:00";"PR";116;28,7;"CAMPINA GRANDE DO SUL";"Reação tardia ou ineficiente do condutor";"Tombamento";"Sem Vítimas";"Plena Noite";"Decrescente";"Garoa/Chuvisco";"Dupla";"Curva;Declive";"Sim";1;0;0;0;1;0;0;1;-25,11092368;-48,80656421;"SPRF-PR";"DEL01-PR";"UOP02-DEL01-PR"
366054;2021-06-24;"quinta-feira";"04:30:00";"PE";428;148,6;"PETROLINA";"Ingestão de álcool pelo condutor";"Colisão frontal";"Com Vítimas Feridas";"Plena Noite";"Decrescente";"Nublado";"Simples";"Reta";"Não";4;0;0;1;1;2;1;3;-9,068236;-40,31028;"SPRF-PE";"DEL06-PE";"UOP01-DEL06-PE"
366058;2021-06-24;"quinta-feira";"03:20:00";"SP";116;88,1;"PINDAMONHANGABA";"Ausência de reação do condutor";"Colisão com objeto";"Com Vítimas Feridas";"Plena Noite";"Decrescente";"Céu Claro";"Dupla";"Reta";"Não";2;0;1;0;0;1;1;2;-22,93500994;-45,37019403;"SPRF-SP";"DEL08-SP";"UOP01-DEL08-SP"
366067;2021-06-24;"quinta-feira";"06:20:00";"PR";277;670;"MEDIANEIRA";"Pedestre andava na pista";"Atropelamento de Pedestre";"Com Vítimas Fatais";"Amanhecer";"Crescente";"Céu Claro";"Dupla";"Reta";"Sim";3;1;0;0;1;1;0;3;-25,28037085;-54,07911108;"SPRF-PR";"DEL05-PR";"UOP02-DEL05-PR"
366069;2021-06-24;"quinta-feira";"05:20:00";"SP";116;184;"SANTA ISABEL";"Demais falhas mecânicas ou elétricas";"Eventos atípicos";"Com Vítimas Feridas";"Amanhecer";"Crescente";"Céu Claro";"Múltipla";"Reta";"Não";2;0;0;1;0;1;1;2;-23,35197301;-46,180058;"SPRF-SP";"DEL01-SP";"UOP01-DEL01-SP"
366072;2021-06-24;"quinta-feira";"06:40:00";"RJ";393;214,7;"VASSOURAS";"Manobra de mudança de faixa";"Colisão lateral mesmo sentido";"Com Vítimas Feridas";"Pleno dia";"Crescente";"Nublado";"Simples";"Reta;Aclive";"Não";2;0;1;0;1;0;1;2;-22,31250465;-43,51217531;"SPRF-RJ";"DEL05-RJ";"UOP03-DEL05-RJ"
366078;2021-06-24;"quinta-feira";"06:05:00";"GO";60;385;"RIO VERDE";"Velocidade Incompatível";"Colisão traseira";"Com Vítimas Feridas";"Amanhecer";"Decrescente";"Céu Claro";"Dupla";"Aclive;Viaduto";"Sim";3;0;1;0;1;1;1;3;-17,7964;-50,914;"SPRF-GO";"DEL04-GO";"UOP01-DEL04-GO"
366086;2021-06-24;"quinta-feira";"06:45:00";"RO";364;729;"PORTO VELHO";"Transitar na contramão";"Colisão lateral sentido oposto";"Sem Vítimas";"Amanhecer";"Crescente";"Nevoeiro/Neblina";"Simples";"Reta";"Não";4;0;0;0;3;5;0;8;-8,88601498;-63,95363404;"SPRF-RO";"DEL01-RO";"UOP01-DEL01-RO"
366088;2021-06-24;"quinta-feira";"08:45:00";"RS";448;15;"CANOAS";"Manobra de mudança de faixa";"Colisão lateral mesmo sentido";"Sem Vítimas";"Pleno dia";"Decrescente";"Nublado";"Dupla";"Reta";"Não";4;0;0;0;3;1;0;4;-29,927263;-51,217751;"SPRF-RS";"DEL01-RS";"UOP01-DEL01-RS"
366089;2021-06-24;"quinta-feira";"07:30:00";"GO";60;387;"RIO VERDE";"Condutor deixou de manter distância do veículo da frente";"Colisão traseira";"Com Vítimas Feridas";"Pleno dia";"Decrescente";"Céu Claro";"Simples";"Reta";"Não";4;0;2;0;1;2;2;4;-17,8098;-50,9267;"SPRF-GO";"DEL04-GO";"UOP01-DEL04-GO"
366090;2021-05-03;"segunda-feira";"20:30:00";"ES";101;438,8;"MIMOSO DO SUL";"Desrespeitar a preferência no cruzamento";"Colisão transversal";"Com Vítimas Feridas";"Plena Noite";"Crescente";"Nublado";"Simples";"Curva";"Não";4;0;0;3;1;0;3;2;-21,06633614;-41,22124288;"SPRF-ES";"DEL03-ES";"UOP02-DEL03-ES"
366092;2021-05-23;"domingo";"18:50:00";"MG";50;21;"UBERLANDIA";"Ingestão de álcool pelo condutor";"Colisão traseira";"Com Vítimas Feridas";"Plena Noite";"Crescente";"Céu Claro";"Dupla";"Reta";"Sim";4;0;3;0;1;0;3;2;-18,9113;-48,2622;"SPRF-MG";"DEL15-MG";"UOP01-DEL15-MG"
366096;2021-06-24;"quinta-feira";"05:30:00";"MG";381;528,9;"BRUMADINHO";"Transitar no acostamento";"Atropelamento de Pedestre";"Com Vítimas Feridas";"Amanhecer";"Crescente";"Céu Claro";"Dupla";"Curva";"Não";3;0;1;1;0;1;2;3;-20,16695391;-44,3343401;"SPRF-MG";"DEL04-MG";"UOP03-DEL04-MG"
366098;2021-06-24;"quinta-feira";"07:00:00";"SC";101;125;"ITAJAI";"Condutor deixou de manter distância do veículo da frente";"Engavetamento";"Com Vítimas Feridas";"Pleno dia";"Crescente";"Nublado";"Múltipla";"Reta";"Sim";5;0;1;0;4;0;1;5;-26,94802427;-48,68338515;"SPRF-SC";"DEL04-SC";"UOP04-DEL04-SC"
366100;2021-06-24;"quinta-feira";"09:30:00";"PR";116;102;"SAO JOSE DOS PINHAIS";"Transitar no acostamento";"Atropelamento de Pedestre";"Com Vítimas Feridas";"Pleno dia";"Crescente";"Céu Claro";"Simples";"Curva;Declive;Em Obras";"Sim";2;0;1;0;0;1;1;2;-25,550639;-49,15025;"SPRF-PR";"DEL01-PR";"UOP01-DEL01-PR"
366101;2021-06-24;"quinta-feira";"09:30:00";"SP";116;402,1;"MIRACATU";"Obras na pista";"Colisão traseira";"Com Vítimas Feridas";"Pleno dia";"Decrescente";"Sol";"Dupla";"Reta";"Não";5;0;2;0;2;1;2;4;-24,31365773;-47,5187501;"SPRF-SP";"DEL04-SP";"UOP02-DEL04-SP"
366103;2021-06-24;"quinta-feira";"08:35:00";"MG";116;436,2;"ENGENHEIRO CALDAS";"Velocidade Incompatível";"Colisão lateral sentido oposto";"Com Vítimas Feridas";"Pleno dia";"Decrescente";"Sol";"Simples";"Curva";"Não";2;0;1;0;1;0;1;2;-19,04523241;-41,99389064;"SPRF-MG";"DEL06-MG";"UOP01-DEL06-MG"
366106;2021-06-24;"quinta-feira";"10:00:00";"PR";476;132,4;"CURITIBA";"Pedestre cruzava a pista fora da faixa";"Atropelamento de Pedestre";"Com Vítimas Feridas";"Pleno dia";"Decrescente";"Céu Claro";"Múltipla";"Reta";"Sim";4;0;2;0;2;0;2;3;-25,460718;-49,250488;"SPRF-PR";"DEL01-PR";"UOP03-DEL01-PR"
366110;2021-06-24;"quinta-feira";"10:10:00";"RS";158;230,3;"TUPANCIRETA";"Velocidade Incompatível";"Colisão frontal";"Com Vítimas Feridas";"Pleno dia";"Decrescente";"Chuva";"Simples";"Declive;Reta";"Não";3;0;0;2;0;2;2;4;-28,94255178;-53,64668012;"SPRF-RS";"DEL10-RS";"UOP02-DEL10-RS"
366113;2021-06-24;"quinta-feira";"06:30:00";"RS";285;573,2;"SAO LUIZ GONZAGA";"Deficiência do Sistema de Iluminação/Sinalização";"Colisão traseira";"Com Vítimas Fatais";"Plena Noite";"Crescente";"Chuva";"Simples";"Reta";"Não";3;1;0;0;1;1;0;3;-28,417883;-55,026333;"SPRF-RS";"DEL12-RS";"UOP01-DEL12-RS"
366119;2021-06-24;"quinta-feira";"10:30:00";"MS";163;477;"CAMPO GRANDE";"Condutor deixou de manter distância do veículo da frente";"Colisão traseira";"Com Vítimas Feridas";"Pleno dia";"Decrescente";"Céu Claro";"Simples";"Aclive";"Não";4;0;1;0;2;2;1;5;-20,50427591;-54,55557367;"SPRF-MS";"DEL01-MS";"UOP01-DEL01-MS"
366131;2021-05-11;"terça-feira";"05:30:00";"ES";101;380,3;"ICONHA";"Condutor Dormindo";"Tombamento";"Com Vítimas Feridas";"Amanhecer";"Crescente";"Céu Claro";"Simples";"Curva";"Não";2;0;0;1;0;1;1;2;-20,80767317;-40,83488482;"SPRF-ES";"DEL03-ES";"UOP01-DEL03-ES"
366133;2021-06-24;"quinta-feira";"12:40:00";"MG";381;3,2;"BETIM";"Velocidade Incompatível";"Saída de leito carroçável";"Com Vítimas Feridas";"Pleno dia";"Crescente";"Céu Claro";"Dupla";"Curva";"Sim";3;0;1;0;1;1;1;3;-19,96825;-44,198708;"SPRF-MG";"DEL01-MG";"UOP03-DEL01-MG"
366135;2021-06-24;"quinta-feira";"04:40:00";"BA";242;292,5;"LAJEDINHO";"Ausência de reação do condutor";"Colisão frontal";"Com Vítimas Fatais";"Amanhecer";"Decrescente";"Céu Claro";"Simples";"Curva";"Não";3;1;0;0;1;1;0;3;-12,4430846;-40,82521228;"SPRF-BA";"DEL06-BA";"UOP02-DEL06-BA"
366139;2021-06-08;"terça-feira";"20:10:00";"ES";101;297;"CARIACICA";"Reação tardia ou ineficiente do condutor";"Colisão transversal";"Com Vítimas Feridas";"Plena Noite";"Crescente";"Céu Claro";"Dupla";"Reta";"Não";2;0;0;1;0;1;1;2;-20,34529844;-40,41026774;"SPRF-ES";"DEL01-ES";"UOP01-DEL01-ES"
366141;2021-06-24;"quinta-feira";"12:45:00";"SP";116;139;"CACAPAVA";"Acessar a via sem observar a presença dos outros veículos";"Colisão traseira";"Sem Vítimas";"Pleno dia";"Crescente";"Céu Claro";"Dupla";"Reta";"Sim";3;0;0;0;3;0;0;2;-23,16153216;-45,80400592;"SPRF-SP";"DEL02-SP";"UOP01-DEL02-SP"
366142;2021-06-24;"quinta-feira";"13:20:00";"BA";407;134,4;"SENHOR DO BONFIM";"Transitar na contramão";"Colisão frontal";"Com Vítimas Fatais";"Pleno dia";"Crescente";"Nublado";"Simples";"Curva";"Não";3;1;0;0;2;0;0;2;-10,51583314;-40,14316715;"SPRF-BA";"DEL04-BA";"UOP01-DEL04-BA"
366144;2021-06-24;"quinta-feira";"11:40:00";"CE";20;399,5;"CAUCAIA";"Avarias e/ou desgaste excessivo no pneu";"Saída de leito carroçável";"Com Vítimas Fatais";"Pleno dia";"Crescente";"Céu Claro";"Simples";"Reta";"Não";3;1;2;0;0;0;2;1;-3,8038424;-38,72308168;"SPRF-CE";"DEL01-CE";"UOP01-DEL01-CE"
366149;2021-06-24;"quinta-feira";"12:35:00";"RJ";116;174,7;"NOVA IGUACU";"Reação tardia ou ineficiente do condutor";"Colisão traseira";"Com Vítimas Feridas";"Pleno dia";"Crescente";"Céu Claro";"Múltipla";"Reta";"Sim";3;0;1;0;1;1;1;3;-22,74976171;-43,44171703;"SPRF-RJ";"DEL01-RJ";"UOP02-DEL01-RJ"