"id";"data_inversa";"dia_semana";"horario";"uf";"br";"km";"municipio";"causa_acidente";"tipo_acidente";"classificacao_acidente";"fase_dia";"sentido_via";"condicao_metereologica";"tipo_pista";"tracado_via";"uso_solo";"pessoas";"mortos";"feridos_leves";"feridos_graves";"ilesos";"ignorados";"feridos";"veiculos";"latitude";"longitude";"regional";"delegacia";"uop"
366151;2021-05-11;"terça-feira";"06:40:00";"ES";101;288;"CARIACICA";"Velocidade Incompatível";"Colisão lateral mesmo sentido";"Com Vítimas Feridas";"Pleno dia";"Decrescente";"Céu Claro";"Dupla";"Reta";"Não";5;0;1;1;2;1;2;4;-20,27160351;-40,39091743;"SPRF-ES";"DEL01-ES";"UOP01-DEL01-ES"
366154;2021-06-24;"quinta-feira";"11:30:00";"MG";381;408;"BOM JESUS DO AMPARO";"Manobra de mudança de faixa";"Colisão lateral mesmo sentido";"Sem Vítimas";"Pleno dia";"Crescente";"Céu Claro";"Dupla";"Reta";"Sim";3;0;0;0;2;2;0;4;-19,74622162;-43,54781449;"SPRF-MG";"DEL01-MG";"UOP01-DEL01-MG"
366158;2021-06-24;"quinta-feira";"09:00:00";"RO";364;360;"JI-PARANA";"Condutor deixou de manter distância do veículo da frente";"Colisão traseira";"Com Vítimas Feridas";"Pleno dia";"Crescente";"Céu Claro";"Simples";"Reta";"Sim";5;0;1;0;4;0;1;4;-10,78186387;-62,05695492;"SPRF-RO";"DEL02-RO";"UOP01-DEL02-RO"
366159;2021-02-09;"terça-feira";"13:30:00";"MG";262;739,1;"PERDIZES";"Acessar a via sem observar a presença dos outros veículos";"Colisão transversal";"Com Vítimas Feridas";"Pleno dia";"Crescente";"Céu Claro";"Simples";"Reta";"Não";3;0;2;0;1;0;2;2;-19,61106579;-47,41191998;"SPRF-MG";"DEL08-MG";"UOP01-DEL08-MG"
366169;2021-06-24;"quinta-feira";"06:30:00";"MA";10;145,9;"PORTO FRANCO";"Condutor Dormindo";"Tombamento";"Com Vítimas Feridas";"Amanhecer";"Crescente";"Céu Claro";"Simples";"Reta";"Não";2;0;0;1;0;2;1;3;-6,451997;-47,396816;"SPRF-MA";"DEL04-MA";"UOP02-DEL04-MA"
366172;2021-06-24;"quinta-feira";"15:50:00";"SC";101;351,5;"JAGUARUNA";"Reação tardia ou ineficiente do condutor";"Saída de leito carroçável";"Com Vítimas Feridas";"Pleno dia";"Decrescente";"Nublado";"Dupla";"Curva";"Sim";3;0;1;0;0;2;1;3;-28,63201229;-49,09092665;"SPRF-SC";"DEL02-SC";"UOP01-DEL02-SC"
366174;2021-06-24;"quinta-feira";"15:20:00";"MG";365;5,8;"MONTES CLAROS";"Demais falhas mecânicas ou elétricas";"Tombamento";"Com Vítimas Feridas";"Pleno dia";"Decrescente";"Céu Claro";"Simples";"Curva";"Não";3;0;2;0;0;1;2;2;-16,74574399;-43,88392402;"SPRF-MG";"DEL12-MG";"UOP01-DEL12-MG"
366175;2021-06-24;"quinta-feira";"15:45:00";"MG";381;389,5;"BARAO DE COCAIS";"Reação tardia ou ineficiente do condutor";"Engavetamento";"Com Vítimas Feridas";"Pleno dia";"Decrescente";"Sol";"Dupla";"Reta";"Não";7;0;4;0;2;1;4;5;-19,781548;-43,436355;"SPRF-MG";"DEL01-MG";"UOP01-DEL01-MG"
366178;2021-06-24;"quinta-feira";"16:30:00";"RJ";40;108;"DUQUE DE CAXIAS";"Acessar a via sem observar a presença dos outros veículos";"Colisão lateral mesmo sentido";"Com Vítimas Feridas";"Pleno dia";"Decrescente";"Céu Claro";"Dupla";"Interseção de Vias";"Sim";4;0;3;0;1;0;3;2;-22,66476979;-43,28495144;"SPRF-RJ";"DEL01-RJ";"UOP01-DEL01-RJ"
366179;2021-06-24;"quinta-feira";"17:20:00";"PR";277;72;"SAO JOSE DOS PINHAIS";"Ultrapassagem Indevida";"Colisão lateral mesmo sentido";"Com Vítimas Feridas";"Anoitecer";"Crescente";"Céu Claro";"Dupla";"Reta";"Sim";5;0;2;0;3;0;2;3;-25,52522628;-49,09755612;"SPRF-PR";"DEL01-PR";"UOP01-DEL01-PR"
366181;2021-06-24;"quinta-feira";"14:20:00";"PR";369;172;"ROLANDIA";"Ausência de reação do condutor";"Colisão lateral mesmo sentido";"Com Vítimas Feridas";"Pleno dia";"Decrescente";"Sol";"Simples";"Reta;Interseção de Vias";"Não";2;0;1;0;1;0;1;2;-23,30525135;-51,36098742;"SPRF-PR";"DEL07-PR";"UOP01-DEL07-PR"
366188;2021-06-24;"quinta-feira";"15:20:00";"MG";364;30;"FRUTAL";"Condutor deixou de manter distância do veículo da frente";"Colisão traseira";"Com Vítimas Feridas";"Pleno dia";"Crescente";"Céu Claro";"Simples";"Viaduto;Reta";"Sim";4;0;1;0;2;2;1;5;-20,025185;-48,94096;"SPRF-MG";"DEL13-MG";"UOP02-DEL13-MG"
366191;2021-06-24;"quinta-feira";"09:10:00";"RO";364;339;"JI-PARANA";"Ultrapassagem Indevida";"Colisão lateral mesmo sentido";"Com Vítimas Feridas";"Pleno dia";"Crescente";"Céu Claro";"Simples";"Interseção de Vias";"Sim";3;0;1;0;1;1;1;3;-10,907816;-61,93017402;"SPRF-RO";"DEL02-RO";"UOP01-DEL02-RO"
366193;2021-06-24;"quinta-feira";"08:30:00";"BA";101;667;"ITAPEBI";"Demais falhas mecânicas ou elétricas";"Incêndio";"Sem Vítimas";"Pleno dia";"Decrescente";"Sol";"Simples";"Curva";"Não";1;0;0;0;1;0;0;1;-15,991256;-39,57309;"SPRF-BA";"DEL09-BA";"UOP01-DEL09-BA"
366203;2021-06-24;"quinta-feira";"10:47:00";"MT";163;513,8;"NOVA MUTUM";"Ausência de reação do condutor";"Colisão traseira";"Com Vítimas Feridas";"Pleno dia";"Decrescente";"Céu Claro";"Simples";"Reta";"Não";5;0;2;0;2;2;2;5;-13,69402484;-56,04125977;"SPRF-MT";"DEL01-MT";"UOP01-DEL01-MT"
366206;2021-06-24;"quinta-feira";"19:30:00";"RJ";116;27;"SAPUCAIA";"Problema com o freio";"Tombamento";"Sem Vítimas";"Plena Noite";"Decrescente";"Céu Claro";"Simples";"Curva";"Não";2;0;0;0;1;1;0;2;-22,063403;-42,794004;"SPRF-RJ";"DEL04-RJ";"UOP01-DEL04-RJ"
366210;2021-06-24;"quinta-feira";"13:45:00";"MG";381;212,1;"NAQUE";"Velocidade Incompatível";"Tombamento";"Com Vítimas Fatais";"Pleno dia";"Crescente";"Céu Claro";"Simples";"Curva";"Não";2;1;0;0;0;1;0;2;-19,21797;-42,307594;"SPRF-MG";"DEL06-MG";"UOP01-DEL06-MG"
366211;2021-06-24;"quinta-feira";"18:50:00";"RS";470;187,2;"VERANOPOLIS";"Curva acentuada";"Colisão transversal";"Com Vítimas Feridas";"Plena Noite";"Decrescente";"Céu Claro";"Simples";"Curva";"Não";3;0;1;0;1;1;1;3;-29,00751109;-51,55777697;"SPRF-RS";"DEL06-RS";"UOP02-DEL06-RS"
366221;2021-06-08;"terça-feira";"21:50:00";"ES";262;136,5;"MUNIZ FREIRE";"Curva acentuada";"Tombamento";"Com Vítimas Feridas";"Plena Noite";"Crescente";"Céu Claro";"Simples";"Curva";"Não";1;0;0;1;0;0;1;1;-20,24110613;-41,33884311;"SPRF-ES";"DEL01-ES";"UOP02-DEL01-ES"
366222;2021-06-24;"quinta-feira";"12:00:00";"RO";364;578;"ITAPUA DO OESTE";"Reação tardia ou ineficiente do condutor";"Saída de leito carroçável";"Com Vítimas Feridas";"Pleno dia";"Decrescente";"Céu Claro";"Simples";"Reta";"Não";1;0;1;0;0;0;1;1;-9,41467104;-63,12093809;"SPRF-RO";"DEL01-RO";"UOP04-DEL01-RO"
366225;2021-06-24;"quinta-feira";"21:00:00";"PR";116;116;"CURITIBA";"Manobra de mudança de faixa";"Colisão lateral mesmo sentido";"Sem Vítimas";"Plena Noite";"Decrescente";"Nublado";"Múltipla";"Reta";"Sim";3;0;0;0;2;1;0;2;-25,55468195;-49,27402397;"SPRF-PR";"DEL01-PR";"UOP01-DEL01-PR"
366228;2021-06-24;"quinta-feira";"20:45:00";"PR";373;264;"PRUDENTOPOLIS";"Velocidade Incompatível";"Colisão transversal";"Com Vítimas Feridas";"Plena Noite";"Crescente";"Céu Claro";"Simples";"Reta";"Sim";3;0;0;1;1;2;1;4;-25,20255572;-50,98273035;"SPRF-PR";"DEL08-PR";"UOP01-DEL08-PR"
366232;2021-06-24;"quinta-feira";"21:15:00";"PR";376;493,5;"PONTA GROSSA";"Reação tardia ou ineficiente do condutor";"Colisão traseira";"Sem Vítimas";"Plena Noite";"Crescente";"Céu Claro";"Dupla";"Reta";"Não";3;0;0;0;2;1;0;3;-25,16001091;-50,12436895;"SPRF-PR";"DEL03-PR";"UOP01-DEL03-PR"
366237;2021-06-24;"quinta-feira";"20:50:00";"BA";418;89;"NOVA VICOSA";"Transitar na contramão";"Colisão frontal";"Com Vítimas Feridas";"Plena Noite";"Decrescente";"Nublado";"Simples";"Interseção de Vias";"Sim";4;0;2;0;2;0;2;2;-17,88709248;-39,83068288;"SPRF-BA";"DEL09-BA";"UOP02-DEL09-BA"
366259;2021-06-25;"sexta-feira";"03:45:00";"PA";316;55,1;"CASTANHAL";"Transitar no acostamento";"Atropelamento de Pedestre";"Com Vítimas Feridas";"Plena Noite";"Decrescente";"Céu Claro";"Dupla";"Reta";"Não";2;0;0;1;0;1;1;2;-1,30561339;-47,99919919;"SPRF-PA";"DEL01-PA";"UOP01-DEL01-PA"
366261;2021-06-25;"sexta-feira";"04:00:00";"SP";116;313;"JUQUITIBA";"Ausência de reação do condutor";"Colisão traseira";"Sem Vítimas";"Plena Noite";"Decrescente";"Céu Claro";"Dupla";"Reta";"Sim";3;0;0;0;2;1;0;3;-23,88913612;-46,9801679;"SPRF-SP";"DEL04-SP";"UOP01-DEL04-SP"
366262;2021-06-24;"quinta-feira";"15:30:00";"PI";135;632;"CRISTALANDIA DO PIAUI";"Velocidade Incompatível";"Tombamento";"Com Vítimas Feridas";"Pleno dia";"Decrescente";"Céu Claro";"Simples";"Curva";"Não";3;0;1;0;1;3;1;4;-10,76212882;-45,16193341;"SPRF-PI";"DEL03-PI";"UOP02-DEL03-PI"
366274;2021-06-25;"sexta-feira";"06:45:00";"MG";40;656,9;"CARANDAI";"Neblina";"Colisão traseira";"Com Vítimas Feridas";"Amanhecer";"Decrescente";"Nevoeiro/Neblina";"Simples";"Reta;Declive";"Não";3;0;1;0;1;1;1;3;-20,88181441;-43,804434;"SPRF-MG";"DEL05-MG";"UOP02-DEL05-MG"
366276;2021-06-25;"sexta-feira";"07:15:00";"SC";101;210;"SAO JOSE";"Ultrapassagem Indevida";"Colisão transversal";"Com Vítimas Feridas";"Amanhecer";"Crescente";"Céu Claro";"Múltipla";"Interseção de Vias";"Sim";3;0;1;0;1;1;1;3;-27,6167305;-48,6457265;"SPRF-SC";"DEL01-SC";"UOP01-DEL01-SC"
366284;2021-06-25;"sexta-feira";"07:30:00";"PE";232;8;"RECIFE";"Condutor deixou de manter distância do veículo da frente";"Colisão traseira";"Com Vítimas Feridas";"Pleno dia";"Decrescente";"Céu Claro";"Dupla";"Reta";"Sim";3;0;0;1;1;1;1;3;-8,07583727;-34,97015791;"SPRF-PE";"DEL01-PE";"UOP01-DEL01-PE"
366286;2021-06-25;"sexta-feira";"07:10:00";"SP";381;1;"VARGEM";"Trafegar com motocicleta (ou similar) entre as faixas";"Colisão lateral mesmo sentido";"Com Vítimas Fatais";"Pleno dia";"Crescente";"Céu Claro";"Dupla";"Aclive;Reta";"Não";4;1;0;0;1;2;0;4;-22,88146043;-46,38105397;"SPRF-SP";"DEL03-SP";"UOP01-DEL03-SP"
366291;2021-06-25;"sexta-feira";"07:40:00";"RS";386;445;"CANOAS";"Acessar a via sem observar a presença dos outros veículos";"Colisão transversal";"Com Vítimas Feridas";"Pleno dia";"Crescente";"Céu Claro";"Dupla";"Retorno Regulamentado";"Não";2;0;1;0;1;0;1;2;-29,892885;-51,192703;"SPRF-RS";"DEL01-RS";"UOP01-DEL01-RS"
366293;2021-06-25;"sexta-feira";"07:50:00";"RS";386;29,7;"FREDERICO WESTPHALEN";"Ausência de reação do condutor";"Colisão traseira";"Com Vítimas Feridas";"Pleno dia";"Decrescente";"Céu Claro";"Simples";"Reta";"Sim";3;0;2;0;1;0;2;2;-27,318573;-53,375618;"SPRF-RS";"DEL08-RS";"UOP02-DEL08-RS"
366303;2021-06-25;"sexta-feira";"08:30:00";"SP";116;214;"GUARULHOS";"Reação tardia ou ineficiente do condutor";"Colisão traseira";"Com Vítimas Feridas";"Pleno dia";"Decrescente";"Céu Claro";"Dupla";"Reta";"Sim";2;0;1;0;1;0;1;2;-23,44333014;-46,44531294;"SPRF-SP";"DEL01-SP";"UOP01-DEL01-SP"
366307;2021-05-20;"quinta-feira";"19:30:00";"MT";364;276;"JACIARA";"Ausência de reação do condutor";"Colisão lateral sentido oposto";"Com Vítimas Feridas";"Plena Noite";"Decrescente";"Nublado";"Simples";"Declive;Reta";"Não";3;0;0;1;1;4;1;6;-15,95344474;-54,99098104;"SPRF-MT";"DEL02-MT";"UOP01-DEL02-MT"
366310;2021-06-25;"sexta-feira";"09:15:00";"MG";381;494,8;"BETIM";"Objeto estático sobre o leito carroçável";"Colisão com objeto";"Com Vítimas Feridas";"Pleno dia";"Crescente";"Céu Claro";"Múltipla";"Reta";"Sim";2;0;1;0;1;0;1;2;-19,97004136;-44,18199062;"SPRF-MG";"DEL01-MG";"UOP03-DEL01-MG"
366315;2021-06-25;"sexta-feira";"07:00:00";"RJ";40;113;"DUQUE DE CAXIAS";"Trafegar com motocicleta (ou similar) entre as faixas";"Colisão lateral mesmo sentido";"Com Vítimas Feridas";"Pleno dia";"Crescente";"Céu Claro";"Múltipla";"Reta";"Sim";3;0;2;0;0;1;2;2;-22,70948502;-43,29040354;"SPRF-RJ";"DEL01-RJ";"UOP01-DEL01-RJ"
366316;2021-05-31;"segunda-feira";"14:00:00";"SP";116;220;"GUARULHOS";"Condutor deixou de manter distância do veículo da frente";"Colisão lateral mesmo sentido";"Com Vítimas Feridas";"Pleno dia";"Decrescente";"Céu Claro";"Simples";"Reta";"Não";3;0;1;0;2;0;1;3;-23,46472809;-46,49793962;"SPRF-SP";"DEL01-SP";"UOP01-DEL01-SP"
366320;2021-06-25;"sexta-feira";"07:20:00";"MA";135;138;"MATOES DO NORTE";"Acostamento em desnível";"Tombamento";"Com Vítimas Feridas";"Pleno dia";"Crescente";"Céu Claro";"Simples";"Aclive;Reta";"Sim";2;0;1;0;0;1;1;2;-3,65746779;-44,53946857;"SPRF-MA";"DEL01-MA";"UOP02-DEL01-MA"
366321;2021-06-25;"sexta-feira";"09:55:00";"PI";316;366;"VILA NOVA DO PIAUI";"Manobra de mudança de faixa";"Colisão lateral mesmo sentido";"Com Vítimas Feridas";"Pleno dia";"Crescente";"Céu Claro";"Simples";"Reta";"Não";4;0;1;0;2;1;1;3;-7,1391962;-40,97518802;"SPRF-PI";"DEL04-PI";"UOP03-DEL04-PI"
366322;2021-06-25;"sexta-feira";"07:20:00";"MG";365;473;"PATROCINIO";"Reação tardia ou ineficiente do condutor";"Colisão traseira";"Com Vítimas Feridas";"Amanhecer";"Decrescente";"Sol";"Dupla";"Rotatória";"Não";4;0;1;0;2;1;1;3;-18,92253379;-47,01519781;"SPRF-MG";"DEL10-MG";"UOP01-DEL10-MG"
366323;2021-06-15;"terça-feira";"16:40:00";"PR";373;197,2;"PONTA GROSSA";"Manobra de mudança de faixa";"Colisão traseira";"Com Vítimas Feridas";"Pleno dia";"Crescente";"Céu Claro";"Simples";"Reta";"Não";4;0;2;1;1;0;3;2;-25,07408013;-50,39314608;"SPRF-PR";"DEL03-PR";"UOP04-DEL03-PR"
366326;2021-06-25;"sexta-feira";"11:00:00";"PR";376;371,8;"ORTIGUEIRA";"Ausência de reação do condutor";"Saída de leito carroçável";"Com Vítimas Fatais";"Pleno dia";"Crescente";"Céu Claro";"Simples";"Reta";"Não";2;1;0;0;0;1;0;2;-24,34980419;-50,82562923;"SPRF-PR";"DEL07-PR";"UOP02-DEL07-PR"
366328;2021-06-25;"sexta-feira";"09:40:00";"PR";277;671;"MEDIANEIRA";"Manobra de mudança de faixa";"Colisão lateral mesmo sentido";"Com Vítimas Feridas";"Pleno dia";"Crescente";"Céu Claro";"Dupla";"Reta";"Sim";3;0;1;0;1;2;1;4;-25,28754203;-54,09710884;"SPRF-PR";"DEL05-PR";"UOP02-DEL05-PR"
366330;2021-06-25;"sexta-feira";"09:40:00";"PE";101;64,1;"RECIFE";"Ausência de reação do condutor";"Colisão traseira";"Sem Vítimas";"Pleno dia";"Crescente";"Sol";"Dupla";"Reta";"Sim";2;0;0;0;2;0;0;2;-8,01627;-34,941959;"SPRF-PE";"DEL01-PE";"UOP01-DEL01-PE"
366332;2021-06-25;"sexta-feira";"09:20:00";"MT";70;522;"VARZEA GRANDE";"Reação tardia ou ineficiente do condutor";"Colisão transversal";"Com Vítimas Feridas";"Pleno dia";"Decrescente";"Céu Claro";"Simples";"Reta";"Sim";4;0;0;1;2;3;1;5;-15,66056086;-56,1873436;"SPRF-MT";"DEL01-MT";"UOP02-DEL01-MT"
366342;2021-06-25;"sexta-feira";"12:20:00";"MA";135;72;"SANTA RITA";"Manobra de mudança de faixa";"Colisão lateral sentido oposto";"Com Vítimas Feridas";"Pleno dia";"Decrescente";"Nublado";"Simples";"Reta;Em Obras";"Não";3;0;1;0;1;1;1;3;-3,15759591;-44,33373316;"SPRF-MA";"DEL01-MA";"UOP02-DEL01-MA"
366345;2021-06-25;"sexta-feira";"13:30:00";"SP";116;230,5;"SAO PAULO";"Condutor deixou de manter distância do veículo da frente";"Colisão lateral mesmo sentido";"Com Vítimas Feridas";"Pleno dia";"Crescente";"Céu Claro";"Simples";"Reta";"Não";3;0;1;0;2;0;1;2;-23,52251783;-46,5855702;"SPRF-SP";"DEL01-SP";"UOP01-DEL01-SP"
366348;2021-05-12;"quarta-feira";"05:00:00";"PA";222;56;"DOM ELISEU";"Velocidade Incompatível";"Tombamento";"Sem Vítimas";"Plena Noite";"Decrescente";"Céu Claro";"Simples";"Curva";"Não";2;0;0;0;0;3;0;3;-4,454539;-47,800522;"SPRF-PA";"DEL02-PA";"UOP02-DEL02-PA"
366351;2021-06-25;"sexta-feira";"11:00:00";"SC";101;150;"ITAPEMA";"Acessar a via sem observar a presença dos outros veículos";"Colisão lateral mesmo sentido";"Sem Vítimas";"Pleno dia";"Decrescente";"Céu Claro";"Dupla";"Reta";"Sim";2;0;0;0;1;1;0;2;-27,11744799;-48,60940987;"SPRF-SC";"DEL04-SC";"UOP03-DEL04-SC"
366354;2021-02-20;"sábado";"05:30:00";"MT";174;19;"PONTES E LACERDA";"Ausência de reação do condutor";"Saída de leito carroçável";"Com Vítimas Feridas";"Amanhecer";"Decrescente";"Céu Claro";"Simples";"Reta";"Não";1;0;0;1;0;0;1;1;-15,226537;-59,335728;"SPRF-MT";"DEL04-MT";"UOP01-DEL04-MT"
366359;2021-06-25;"sexta-feira";"10:30:00";"PR";373;207;"IPIRANGA";"Velocidade Incompatível";"Saída de leito carroçável";"Sem Vítimas";"Pleno dia";"Decrescente";"Céu Claro";"Simples";"Reta";"Não";2;0;0;0;0;2;0;2;-25,13053373;-50,46297411;"SPRF-PR";"DEL03-PR";"UOP04-DEL03-PR"
366361;2021-06-25;"sexta-feira";"06:30:00";"MG";381;830;"SAO SEBASTIAO DA BELA VISTA";"Neblina";"Saída de leito carroçável";"Com Vítimas Feridas";"Pleno dia";"Crescente";"Nevoeiro/Neblina";"Dupla";"Reta";"Não";3;0;2;0;0;2;2;3;-22,13939205;-45,81344194;"SPRF-MG";"DEL16-MG";"UOP01-DEL16-MG"
366365;2021-06-25;"sexta-feira";"15:15:00";"RN";304;49;"MOSSORO";"Transitar na contramão";"Colisão transversal";"Com Vítimas Feridas";"Pleno dia";"Crescente";"Nublado";"Simples";"Reta";"Sim";2;0;1;0;1;0;1;2;-5,236461;-37,317505;"SPRF-RN";"DEL04-RN";"UOP01-DEL04-RN"
366374;2021-05-25;"terça-feira";"15:40:00";"PR";476;220;"LAPA";"Transitar na contramão";"Colisão lateral sentido oposto";"Com Vítimas Feridas";"Pleno dia";"Decrescente";"Sol";"Simples";"Reta";"Não";4;0;0;1;1;2;1;4;-25,823261;-49,918419;"SPRF-PR";"DEL02-PR";"UOP04-DEL02-PR"
366385;2021-06-25;"sexta-feira";"15:37:00";"MS";163;258;"DOURADOS";"Desrespeitar a preferência no cruzamento";"Colisão lateral mesmo sentido";"Com Vítimas Feridas";"Pleno dia";"Crescente";"Céu Claro";"Dupla";"Rotatória";"Sim";2;0;1;0;1;0;1;2;-22,25778253;-54,78184462;"SPRF-MS";"DEL04-MS";"UOP01-DEL04-MS"
366390;2021-06-25;"sexta-feira";"16:50:00";"RJ";101;485;"ANGRA DOS REIS";"Condutor deixou de manter distância do veículo da frente";"Colisão traseira";"Com Vítimas Feridas";"Pleno dia";"Crescente";"Céu Claro";"Simples";"Reta";"Sim";2;0;1;0;1;0;1;2;-22,98573526;-44,29709764;"SPRF-RJ";"DEL03-RJ";"UOP03-DEL03-RJ"
366391;2021-06-25;"sexta-feira";"17:00:00";"RS";386;433;"NOVA SANTA RITA";"Manobra de mudança de faixa";"Colisão traseira";"Com Vítimas Feridas";"Pleno dia";"Crescente";"Céu Claro";"Simples";"Reta";"Não";2;0;1;0;1;0;1;2;-29,839973;-51,294933;"SPRF-RS";"DEL04-RS";"UOP02-DEL04-RS"
366395;2021-06-25;"sexta-feira";"16:30:00";"SP";116;320,8;"JUQUITIBA";"Reação tardia ou ineficiente do condutor";"Colisão traseira";"Com Vítimas Feridas";"Anoitecer";"Decrescente";"Céu Claro";"Dupla";"Em Obras";"Sim";2;0;1;0;1;0;1;2;-23,93226;-47,00835;"SPRF-SP";"DEL04-SP";"UOP01-DEL04-SP"
366396;2021-06-25;"sexta-feira";"17:45:00";"RS";470;216;"BENTO GONCALVES";"Reação tardia ou ineficiente do condutor";"Colisão traseira";"Sem Vítimas";"Anoitecer";"Crescente";"Céu Claro";"Dupla";"Retorno Regulamentado;Reta";"Sim";3;0;0;0;3;0;0;2;-29,17148513;-51,52442163;"SPRF-RS";"DEL06-RS";"UOP01-DEL06-RS"
366402;2021-06-25;"sexta-feira";"17:05:00";"MS";163;822;"SONORA";"Retorno proibido";"Colisão transversal";"Com Vítimas Feridas";"Anoitecer";"Crescente";"Céu Claro";"Simples";"Reta";"Não";3;0;1;0;1;2;1;4;-17,73434292;-54,75725356;"SPRF-MS";"DEL06-MS";"UOP01-DEL06-MS"
366404;2021-06-25;"sexta-feira";"05:30:00";"MG";40;109;"LAGOA GRANDE";"Ausência de reação do condutor";"Colisão lateral sentido oposto";"Com Vítimas Feridas";"Amanhecer";"Crescente";"Ignorado";"Simples";"Curva";"Não";3;0;1;0;2;0;1;2;-17,62754496;-46,45967794;"SPRF-MG";"DEL14-MG";"UOP01-DEL14-MG"
366408;2021-06-25;"sexta-feira";"17:50:00";"ES";101;167,9;"LINHARES";"Ausência de reação do condutor";"Colisão traseira";"Com Vítimas Fatais";"Plena Noite";"Crescente";"Céu Claro";"Simples";"Reta";"Não";3;1;0;0;1;1;0;3;-19,53475892;-40,15759511;"SPRF-ES";"DEL04-ES";"UOP01-DEL04-ES"
366409;2021-06-25;"sexta-feira";"18:00:00";"RS";386;438,1;"NOVA SANTA RITA";"Velocidade Incompatível";"Engavetamento";"Com Vítimas Feridas";"Plena Noite";"Crescente";"Céu Claro";"Dupla";"Reta";"Não";4;0;1;0;3;0;1;4;-29,863266;-51,252903;"SPRF-RS";"DEL04-RS";"UOP02-DEL04-RS"
366427;2021-06-25;"sexta-feira";"19:00:00";"ES";101;201,9;"JOAO NEIVA";"Acessar a via sem observar a presença dos outros veículos";"Colisão traseira";"Com Vítimas Feridas";"Plena Noite";"Crescente";"Céu Claro";"Simples";"Reta";"Não";4;0;2;0;1;1;2;3;-19,73362414;-40,36120476;"SPRF-ES";"DEL04-ES";"UOP01-DEL04-ES"
366429;2021-05-24;"segunda-feira";"08:30:00";"MG";50;79;"UBERLANDIA";"Velocidade Incompatível";"Saída de leito carroçável";"Com Vítimas Feridas";"Pleno dia";"Crescente";"Céu Claro";"Dupla";"Reta";"Sim";1;0;1;0;0;0;1;1;-18,986906;-48,211853;"SPRF-MG";"DEL15-MG";"UOP01-DEL15-MG"
366431;2021-06-25;"sexta-feira";"18:20:00";"MG";40;281;"TRES MARIAS";"Acessar a via sem observar a presença dos outros veículos";"Colisão transversal";"Com Vítimas Fatais";"Anoitecer";"Decrescente";"Céu Claro";"Simples";"Reta";"Não";3;1;0;0;1;2;0;4;-18,24214561;-45,2080525;"SPRF-MG";"DEL14-MG";"UOP02-DEL14-MG"
366438;2021-06-25;"sexta-feira";"20:10:00";"SP";459;0,5;"PIQUETE";"Pista Escorregadia";"Colisão lateral sentido oposto";"Com Vítimas Feridas";"Plena Noite";"Crescente";"Céu Claro";"Dupla";"Curva";"Não";6;0;4;0;2;0;4;3;-22,564281;-45,22931;"SPRF-SP";"DEL08-SP";"UOP02-DEL08-SP"
366440;2021-06-25;"sexta-feira";"20:35:00";"SP";116;93,7;"PINDAMONHANGABA";"Demais falhas mecânicas ou elétricas";"Incêndio";"Sem Vítimas";"Plena Noite";"Decrescente";"Céu Claro";"Dupla";"Reta";"Não";2;0;0;0;1;1;0;2;-22,95653207;-45,41300297;"SPRF-SP";"DEL08-SP";"UOP01-DEL08-SP"
366444;2021-06-25;"sexta-feira";"18:05:00";"SC";282;516,8;"XAXIM";"Reação tardia ou ineficiente do condutor";"Saída de leito carroçável";"Com Vítimas Feridas";"Anoitecer";"Crescente";"Céu Claro";"Simples";"Reta";"Não";2;0;1;0;0;1;1;2;-26,930862;-52,499157;"SPRF-SC";"DEL07-SC";"UOP01-DEL07-SC"
366446;2021-06-25;"sexta-feira";"19:50:00";"MS";163;514;"JARAGUARI";"Ausência de reação do condutor";"Colisão lateral mesmo sentido";"Com Vítimas Feridas";"Plena Noite";"Crescente";"Céu Claro";"Dupla";"Reta";"Não";3;0;1;0;1;1;1;3;-20,21091797;-54,47029106;"SPRF-MS";"DEL01-MS";"UOP02-DEL01-MS"
366452;2021-06-25;"sexta-feira";"20:10:00";"MS";267;482,4;"JARDIM";"Transitar na contramão";"Colisão lateral sentido oposto";"Com Vítimas Feridas";"Plena Noite";"Crescente";"Céu Claro";"Simples";"Reta";"Sim";4;0;0;1;1;3;1;5;-21,48213826;-56,1514949;"SPRF-MS";"DEL05-MS";"UOP01-DEL05-MS"
366455;2021-06-25;"sexta-feira";"19:40:00";"SC";280;239,3;"CANOINHAS";"Condutor deixou de manter distância do veículo da frente";"Colisão traseira";"Com Vítimas Feridas";"Plena Noite";"Decrescente";"Chuva";"Simples";"Reta";"Não";2;0;1;0;1;0;1;2;-26,20971113;-50,44782084;"SPRF-SC";"DEL06-SC";"UOP04-DEL06-SC"
366459;2021-06-25;"sexta-feira";"20:15:00";"RJ";116;321,3;"ITATIAIA";"Ausência de reação do condutor";"Saída de leito carroçável";"Com Vítimas Feridas";"Plena Noite";"Decrescente";"Céu Claro";"Dupla";"Curva";"Não";2;0;1;0;0;1;1;2;-22,48093378;-44,53547807;"SPRF-RJ";"DEL07-RJ";"UOP02-DEL07-RJ"
366463;2021-06-25;"sexta-feira";"21:30:00";"PA";316;194,5;"SANTA LUZIA DO PARA";"Iluminação deficiente";"Atropelamento de Pedestre";"Com Vítimas Fatais";"Plena Noite";"Decrescente";"Nublado";"Simples";"Reta";"Não";3;1;0;0;1;1;0;3;-1,501737;-46,919099;"SPRF-PA";"DEL01-PA";"UOP03-DEL01-PA"