"id";"data_inversa";"dia_semana";"horario";"uf";"br";"km";"municipio";"causa_acidente";"tipo_acidente";"classificacao_acidente";"fase_dia";"sentido_via";"condicao_metereologica";"tipo_pista";"tracado_via";"uso_solo";"pessoas";"mortos";"feridos_leves";"feridos_graves";"ilesos";"ignorados";"feridos";"veiculos";"latitude";"longitude";"regional";"delegacia";"uop"
366885;2021-06-27;"domingo";"21:00:00";"PR";376;343;"ORTIGUEIRA";"Curva acentuada";"Colisão lateral sentido oposto";"Com Vítimas Feridas";"Plena Noite";"Decrescente";"Nublado";"Simples";"Curva";"Não";3;0;1;0;1;1;1;3;-24,19556913;-50,95456314;"SPRF-PR";"DEL07-PR";"UOP02-DEL07-PR"
366887;2021-06-27;"domingo";"20:30:00";"PR";369;27;"CAMBARA";"Velocidade Incompatível";"Saída de leito carroçável";"Com Vítimas Feridas";"Plena Noite";"Decrescente";"Céu Claro";"Simples";"Reta";"Não";6;0;4;1;1;0;5;1;-23,03441543;-50,14966965;"SPRF-PR";"DEL07-PR";"UOP01-DEL07-PR"
366893;2021-06-27;"domingo";"18:45:00";"SC";116;256;"CAPAO ALTO";"Transitar na contramão";"Colisão frontal";"Sem Vítimas";"Plena Noite";"Crescente";"Chuva";"Simples";"Aclive;Curva";"Não";3;0;0;0;2;1;0;3;-27,88080905;-50,40912196;"SPRF-SC";"DEL05-SC";"UOP02-DEL05-SC"
366894;2021-06-27;"domingo";"19:40:00";"PR";376;185,9;"SARANDI";"Ingestão de álcool pelo condutor";"Capotamento";"Com Vítimas Feridas";"Plena Noite";"Decrescente";"Céu Claro";"Dupla";"Aclive";"Sim";4;0;1;1;1;1;2;3;-23,45147413;-51,85361808;"SPRF-PR";"DEL09-PR";"UOP01-DEL09-PR"
366904;2021-06-27;"domingo";"12:00:00";"BA";116;189;"CANUDOS";"Condutor Dormindo";"Tombamento";"Sem Vítimas";"Pleno dia";"Decrescente";"Céu Claro";"Simples";"Reta";"Não";3;0;0;0;2;1;0;2;-10,29993308;-39,06968229;"SPRF-BA";"DEL07-BA";"UOP02-DEL07-BA"
366906;2021-06-27;"domingo";"19:55:00";"GO";153;298,1;"RIALMA";"Condutor Dormindo";"Saída de leito carroçável";"Com Vítimas Feridas";"Plena Noite";"Decrescente";"Ignorado";"Simples";"Curva";"Não";2;0;1;0;0;1;1;2;-15,270069;-49,549572;"SPRF-GO";"DEL02-GO";"UOP02-DEL02-GO"
366907;2021-06-27;"domingo";"21:16:00";"MG";50;180;"UBERABA";"Acumulo de óleo sobre o pavimento";"Tombamento";"Com Vítimas Feridas";"Plena Noite";"Decrescente";"Céu Claro";"Simples";"Rotatória";"Sim";2;0;1;0;0;1;1;2;-19,77848216;-47,92194709;"SPRF-MG";"DEL13-MG";"UOP01-DEL13-MG"
366910;2021-06-27;"domingo";"23:30:00";"RJ";116;172;"MESQUITA";"Acessar a via sem observar a presença dos outros veículos";"Colisão traseira";"Sem Vítimas";"Plena Noite";"Decrescente";"Céu Claro";"Múltipla";"Reta";"Sim";2;0;0;0;1;1;0;2;-22,76763434;-43,41453552;"SPRF-RJ";"DEL01-RJ";"UOP02-DEL01-RJ"
366912;2021-06-27;"domingo";"22:30:00";"SC";470;91,1;"ASCURRA";"Transitar na contramão";"Colisão lateral sentido oposto";"Com Vítimas Feridas";"Plena Noite";"Decrescente";"Céu Claro";"Simples";"Reta";"Sim";6;0;1;3;2;0;4;3;-26,97769;-49,369198;"SPRF-SC";"DEL04-SC";"UOP01-DEL04-SC"
366919;2021-06-27;"domingo";"11:20:00";"MG";251;234;"SANTA CRUZ DE SALINAS";"Transitar na contramão";"Colisão frontal";"Com Vítimas Feridas";"Pleno dia";"Crescente";"Céu Claro";"Simples";"Reta";"Não";4;0;1;0;2;1;1;4;-15,969287;-41,704906;"SPRF-MG";"DEL11-MG";"UOP02-DEL11-MG"
366921;2021-06-27;"domingo";"16:40:00";"GO";50;312;"CUMARI";"Desrespeitar a preferência no cruzamento";"Colisão transversal";"Sem Vítimas";"Pleno dia";"Decrescente";"Céu Claro";"Dupla";"Em Obras;Interseção de Vias";"Não";4;0;0;0;4;0;0;2;-18,4188;-48,0735;"SPRF-GO";"DEL06-GO";"UOP01-DEL06-GO"
366925;2021-06-27;"domingo";"23:40:00";"MG";365;96;"JEQUITAI";"Velocidade Incompatível";"Tombamento";"Com Vítimas Feridas";"Plena Noite";"Decrescente";"Céu Claro";"Simples";"Declive;Reta";"Não";2;0;1;0;0;1;1;2;-17,2169295;-44,48997718;"SPRF-MG";"DEL12-MG";"UOP01-DEL12-MG"
366930;2021-06-28;"segunda-feira";"03:30:00";"ES";101;269;"SERRA";"Condutor desrespeitou a iluminação vermelha do semáforo";"Colisão transversal";"Com Vítimas Feridas";"Plena Noite";"Crescente";"Céu Claro";"Múltipla";"Reta";"Sim";2;0;1;0;0;1;1;2;-20,21740496;-40,26990578;"SPRF-ES";"DEL02-ES";"UOP01-DEL02-ES"
366933;2021-06-28;"segunda-feira";"03:40:00";"SC";101;91,5;"BARRA VELHA";"Avarias e/ou desgaste excessivo no pneu";"Colisão lateral mesmo sentido";"Sem Vítimas";"Plena Noite";"Crescente";"Chuva";"Dupla";"Reta";"Não";2;0;0;0;1;1;0;2;-26,67120698;-48,69011814;"SPRF-SC";"DEL03-SC";"UOP02-DEL03-SC"
366937;2021-06-28;"segunda-feira";"05:20:00";"RJ";101;323;"NITEROI";"Ausência de reação do condutor";"Colisão traseira";"Com Vítimas Feridas";"Amanhecer";"Decrescente";"Céu Claro";"Múltipla";"Ponte";"Sim";3;0;2;0;1;0;2;2;-22,87684786;-43,11728689;"SPRF-RJ";"DEL02-RJ";"UOP02-DEL02-RJ"
366938;2021-06-28;"segunda-feira";"06:00:00";"CE";116;59,5;"PACAJUS";"Reação tardia ou ineficiente do condutor";"Colisão lateral sentido oposto";"Com Vítimas Feridas";"Pleno dia";"Crescente";"Céu Claro";"Simples";"Aclive";"Não";3;0;1;0;2;0;1;3;-4,22952609;-38,47845171;"SPRF-CE";"DEL03-CE";"UOP02-DEL03-CE"
366940;2021-06-28;"segunda-feira";"06:15:00";"BA";101;172;"FEIRA DE SANTANA";"Desrespeitar a preferência no cruzamento";"Colisão transversal";"Com Vítimas Feridas";"Pleno dia";"Decrescente";"Chuva";"Simples";"Reta";"Não";5;0;2;0;3;0;2;2;-12,36892769;-38,87248278;"SPRF-BA";"DEL01-BA";"UOP03-DEL01-BA"
366943;2021-06-28;"segunda-feira";"05:45:00";"MT";163;761;"SORRISO";"Animais na Pista";"Atropelamento de Animal";"Sem Vítimas";"Amanhecer";"Decrescente";"Céu Claro";"Simples";"Reta";"Não";4;0;0;0;3;1;0;4;-12,489528;-55,682791;"SPRF-MT";"DEL06-MT";"UOP01-DEL06-MT"
366945;2021-06-28;"segunda-feira";"06:00:00";"MA";10;237,7;"IMPERATRIZ";"Ausência de reação do condutor";"Saída de leito carroçável";"Com Vítimas Feridas";"Amanhecer";"Crescente";"Céu Claro";"Simples";"Reta";"Não";1;0;1;0;0;0;1;1;-5,64818;-47,393967;"SPRF-MA";"DEL04-MA";"UOP01-DEL04-MA"
366946;2021-06-28;"segunda-feira";"07:20:00";"SP";153;49,6;"SAO JOSE DO RIO PRETO";"Ausência de reação do condutor";"Tombamento";"Com Vítimas Feridas";"Pleno dia";"Crescente";"Céu Claro";"Simples";"Reta";"Sim";3;0;1;0;1;1;1;3;-20,70602331;-49,33934212;"SPRF-SP";"DEL09-SP";"UOP01-DEL09-SP"
366947;2021-06-28;"segunda-feira";"07:00:00";"PR";163;181;"SANTA TEREZA DO OESTE";"Neblina";"Tombamento";"Com Vítimas Feridas";"Amanhecer";"Crescente";"Nevoeiro/Neblina";"Dupla";"Curva";"Não";1;0;1;0;0;0;1;1;-25,15061891;-53,59355915;"SPRF-PR";"DEL05-PR";"UOP05-DEL05-PR"
366950;2021-06-28;"segunda-feira";"06:25:00";"RJ";116;167;"SAO JOAO DE MERITI";"Trafegar com motocicleta (ou similar) entre as faixas";"Colisão lateral mesmo sentido";"Com Vítimas Feridas";"Pleno dia";"Decrescente";"Céu Claro";"Dupla";"Reta";"Sim";3;0;1;0;2;0;1;3;-22,81803977;-43,30787252;"SPRF-RJ";"DEL01-RJ";"UOP01-DEL01-RJ"
366952;2021-06-28;"segunda-feira";"07:05:00";"MG";381;286;"JAGUARACU";"Condutor deixou de manter distância do veículo da frente";"Colisão traseira";"Com Vítimas Feridas";"Pleno dia";"Decrescente";"Céu Claro";"Simples";"Reta";"Não";3;0;1;0;2;0;1;3;-19,61780938;-42,78968811;"SPRF-MG";"DEL03-MG";"UOP02-DEL03-MG"
366961;2021-06-24;"quinta-feira";"04:35:00";"BA";116;349,9;"SERRINHA";"Ausência de reação do condutor";"Colisão lateral sentido oposto";"Sem Vítimas";"Amanhecer";"Decrescente";"Céu Claro";"Simples";"Reta";"Não";3;0;0;0;2;2;0;4;-11,58232003;-38,98685924;"SPRF-BA";"DEL02-BA";"UOP01-DEL02-BA"
366963;2021-06-04;"sexta-feira";"19:30:00";"ES";101;240;"SERRA";"Manobra de mudança de faixa";"Colisão lateral sentido oposto";"Com Vítimas Feridas";"Plena Noite";"Crescente";"Céu Claro";"Simples";"Reta";"Não";3;0;0;1;1;1;1;3;-20,01594191;-40,40401764;"SPRF-ES";"DEL02-ES";"UOP01-DEL02-ES"
366974;2021-06-28;"segunda-feira";"07:00:00";"RJ";393;154,2;"TRES RIOS";"Mal súbito do condutor";"Colisão com objeto";"Com Vítimas Feridas";"Pleno dia";"Decrescente";"Céu Claro";"Simples";"Curva";"Não";1;0;1;0;0;0;1;1;-22,08014828;-43,04767077;"SPRF-RJ";"DEL05-RJ";"UOP01-DEL05-RJ"
366980;2021-06-28;"segunda-feira";"08:00:00";"MG";381;450,5;"SABARA";"Manobra de mudança de faixa";"Colisão transversal";"Com Vítimas Feridas";"Pleno dia";"Decrescente";"Céu Claro";"Simples";"Reta";"Sim";3;0;0;1;1;1;1;3;-19,83312576;-43,84613514;"SPRF-MG";"DEL01-MG";"UOP01-DEL01-MG"
366988;2021-06-28;"segunda-feira";"10:15:00";"BA";116;846;"VITORIA DA CONQUISTA";"Velocidade Incompatível";"Tombamento";"Sem Vítimas";"Pleno dia";"Decrescente";"Céu Claro";"Simples";"Reta";"Não";2;0;0;0;1;2;0;3;-14,96159687;-40,9065022;"SPRF-BA";"DEL08-BA";"UOP01-DEL08-BA"
366991;2021-06-28;"segunda-feira";"03:20:00";"MT";70;712;"CACERES";"Velocidade Incompatível";"Saída de leito carroçável";"Com Vítimas Feridas";"Plena Noite";"Crescente";"Garoa/Chuvisco";"Simples";"Curva";"Não";2;0;0;2;0;0;2;1;-16,24761252;-57,52931089;"SPRF-MT";"DEL03-MT";"UOP01-DEL03-MT"
366994;2021-06-28;"segunda-feira";"02:00:00";"MT";70;329,7;"DOM AQUINO";"Ausência de reação do condutor";"Saída de leito carroçável";"Com Vítimas Feridas";"Plena Noite";"Decrescente";"Ignorado";"Simples";"Reta";"Não";6;0;2;2;0;2;4;3;-15,50970312;-54,69807097;"SPRF-MT";"DEL05-MT";"UOP01-DEL05-MT"
366996;2021-06-28;"segunda-feira";"09:30:00";"MT";174;289;"PONTES E LACERDA";"Manobra de mudança de faixa";"Colisão lateral mesmo sentido";"Sem Vítimas";"Pleno dia";"Crescente";"Garoa/Chuvisco";"Múltipla";"Reta";"Sim";3;0;0;0;2;1;0;3;-15,22419218;-59,31889821;"SPRF-MT";"DEL04-MT";"UOP01-DEL04-MT"
366999;2021-06-28;"segunda-feira";"11:15:00";"MG";381;916,3;"CAMANDUCAIA";"Velocidade Incompatível";"Engavetamento";"Com Vítimas Feridas";"Pleno dia";"Crescente";"Sol";"Dupla";"Reta";"Não";8;0;1;0;6;1;1;5;-22,76087082;-46,16278597;"SPRF-MG";"DEL16-MG";"UOP03-DEL16-MG"
367004;2021-06-28;"segunda-feira";"12:10:00";"SP";116;135;"SAO JOSE DOS CAMPOS";"Demais falhas mecânicas ou elétricas";"Incêndio";"Sem Vítimas";"Pleno dia";"Crescente";"Céu Claro";"Dupla";"Reta";"Não";2;0;0;0;1;1;0;2;-23,144484;-45,77018;"SPRF-SP";"DEL02-SP";"UOP01-DEL02-SP"
367006;2021-06-28;"segunda-feira";"12:30:00";"SC";280;22,1;"ARAQUARI";"Ultrapassagem Indevida";"Colisão frontal";"Com Vítimas Fatais";"Pleno dia";"Crescente";"Garoa/Chuvisco";"Simples";"Reta";"Sim";6;4;0;0;1;2;0;4;-26,37092616;-48,70204099;"SPRF-SC";"DEL03-SC";"UOP03-DEL03-SC"
367012;2021-06-28;"segunda-feira";"10:25:00";"MG";262;13,2;"MARTINS SOARES";"Condutor deixou de manter distância do veículo da frente";"Colisão traseira";"Com Vítimas Feridas";"Pleno dia";"Crescente";"Sol";"Simples";"Reta";"Não";2;0;0;1;1;0;1;2;-20,25771509;-41,86161294;"SPRF-MG";"DEL06-MG";"UOP03-DEL06-MG"
367013;2021-06-28;"segunda-feira";"11:50:00";"RJ";465;2;"SEROPEDICA";"Conversão proibida";"Colisão transversal";"Com Vítimas Feridas";"Pleno dia";"Crescente";"Sol";"Simples";"Reta";"Não";4;0;2;0;1;1;2;3;-22,732;-43,714;"SPRF-RJ";"DEL01-RJ";"UOP03-DEL01-RJ"
367016;2021-06-28;"segunda-feira";"12:30:00";"MS";163;64;"ITAQUIRAI";"Reação tardia ou ineficiente do condutor";"Colisão lateral sentido oposto";"Com Vítimas Feridas";"Pleno dia";"Crescente";"Chuva";"Simples";"Curva";"Não";5;0;1;1;2;2;2;5;-23,59174189;-54,21426613;"SPRF-MS";"DEL09-MS";"UOP02-DEL09-MS"
367018;2021-06-28;"segunda-feira";"06:00:00";"AM";174;992;"PRESIDENTE FIGUEIREDO";"Reação tardia ou ineficiente do condutor";"Saída de leito carroçável";"Sem Vítimas";"Pleno dia";"Crescente";"Sol";"Simples";"Reta;Declive";"Não";2;0;0;0;1;1;0;2;-2,03976;-60,025917;"SPRF-AM";"DEL01-AM";"UOP02-DEL01-AM"
367020;2021-06-28;"segunda-feira";"13:17:00";"ES";101;139,4;"LINHARES";"Acessar a via sem observar a presença dos outros veículos";"Colisão transversal";"Com Vítimas Feridas";"Pleno dia";"Crescente";"Céu Claro";"Simples";"Interseção de Vias";"Sim";4;0;1;0;3;0;1;2;-19,3101728;-40,0799666;"SPRF-ES";"DEL04-ES";"UOP01-DEL04-ES"
367022;2021-06-28;"segunda-feira";"13:20:00";"DF";60;4,3;"BRASILIA";"Condutor deixou de manter distância do veículo da frente";"Colisão traseira";"Sem Vítimas";"Pleno dia";"Crescente";"Céu Claro";"Dupla";"Retorno Regulamentado";"Sim";2;0;0;0;2;0;0;2;-15,892721;-48,095741;"SPRF-DF";"DEL03-DF";"UOP01-DEL03-DF"
367027;2021-06-28;"segunda-feira";"05:50:00";"ES";482;55,6;"CACHOEIRO DE ITAPEMIRIM";"Neblina";"Colisão traseira";"Com Vítimas Feridas";"Amanhecer";"Crescente";"Nevoeiro/Neblina";"Simples";"Aclive";"Não";3;0;0;1;1;2;1;4;-20,7819487;-41,32378625;"SPRF-ES";"DEL03-ES";"UOP02-DEL03-ES"
367028;2021-06-28;"segunda-feira";"13:00:00";"RS";470;227;"GARIBALDI";"Condutor deixou de manter distância do veículo da frente";"Engavetamento";"Com Vítimas Feridas";"Pleno dia";"Decrescente";"Céu Claro";"Dupla";"Reta";"Não";4;0;1;0;3;0;1;3;-29,21657705;-51,51722624;"SPRF-RS";"DEL06-RS";"UOP01-DEL06-RS"
367030;2021-06-28;"segunda-feira";"10:54:00";"SC";282;88,2;"ALFREDO WAGNER";"Pista Escorregadia";"Colisão frontal";"Com Vítimas Feridas";"Pleno dia";"Crescente";"Chuva";"Simples";"Curva";"Não";2;0;0;1;1;0;1;2;-27,67198;-49,208591;"SPRF-SC";"DEL01-SC";"UOP03-DEL01-SC"
367042;2021-06-08;"terça-feira";"16:25:00";"MT";163;515,5;"DIAMANTINO";"Falta de acostamento";"Saída de leito carroçável";"Com Vítimas Feridas";"Pleno dia";"Decrescente";"Céu Claro";"Simples";"Reta";"Não";2;0;1;0;0;1;1;2;-14,52476535;-56,22047424;"SPRF-MT";"DEL01-MT";"UOP01-DEL01-MT"
367048;2021-06-28;"segunda-feira";"14:00:00";"RN";226;243,3;"JUCURUTU";"Demais falhas mecânicas ou elétricas";"Incêndio";"Sem Vítimas";"Pleno dia";"Crescente";"Céu Claro";"Simples";"Reta";"Não";2;0;0;0;1;2;0;3;-6,04611195;-36,99790391;"SPRF-RN";"DEL03-RN";"UOP01-DEL03-RN"
367054;2021-06-28;"segunda-feira";"08:30:00";"RO";364;786;"PORTO VELHO";"Carga excessiva e/ou mal acondicionada";"Tombamento";"Com Vítimas Feridas";"Pleno dia";"Decrescente";"Céu Claro";"Dupla";"Reta";"Não";2;0;1;0;0;1;1;2;-9,20106607;-64,29844502;"SPRF-RO";"DEL01-RO";"UOP02-DEL01-RO"
367061;2021-06-28;"segunda-feira";"13:00:00";"BA";116;734,9;"BOA NOVA";"Velocidade Incompatível";"Tombamento";"Com Vítimas Feridas";"Pleno dia";"Decrescente";"Céu Claro";"Simples";"Declive";"Não";2;0;1;0;0;1;1;2;-14,30528506;-40,31910991;"SPRF-BA";"DEL08-BA";"UOP02-DEL08-BA"
367062;2021-06-28;"segunda-feira";"16:30:00";"PE";104;67,3;"CARUARU";"Mal súbito do condutor";"Colisão com objeto";"Sem Vítimas";"Pleno dia";"Decrescente";"Céu Claro";"Dupla";"Reta";"Sim";4;0;0;0;3;1;0;4;-8,3016;-35,9882;"SPRF-PE";"DEL02-PE";"UOP01-DEL02-PE"
367066;2021-06-28;"segunda-feira";"17:00:00";"MA";135;9,7;"SAO LUIS";"Reação tardia ou ineficiente do condutor";"Colisão lateral mesmo sentido";"Com Vítimas Feridas";"Anoitecer";"Crescente";"Céu Claro";"Dupla";"Reta";"Sim";2;0;0;1;1;0;1;2;-2,64941425;-44,28038883;"SPRF-MA";"DEL01-MA";"UOP01-DEL01-MA"
367075;2021-06-28;"segunda-feira";"18:00:00";"DF";60;0,6;"BRASILIA";"Condutor deixou de manter distância do veículo da frente";"Colisão lateral mesmo sentido";"Com Vítimas Feridas";"Anoitecer";"Crescente";"Céu Claro";"Dupla";"Reta";"Sim";4;0;1;0;3;0;1;3;-15,883545;-48,065547;"SPRF-DF";"DEL03-DF";"UOP01-DEL03-DF"
367081;2021-06-28;"segunda-feira";"16:30:00";"RO";364;710;"PORTO VELHO";"Ausência de reação do condutor";"Colisão traseira";"Com Vítimas Fatais";"Pleno dia";"Decrescente";"Nublado";"Dupla";"Reta";"Sim";4;1;0;0;3;0;0;4;-8,78621576;-63,85712687;"SPRF-RO";"DEL01-RO";"UOP01-DEL01-RO"
367086;2021-06-28;"segunda-feira";"18:20:00";"SP";116;148,1;"SAO JOSE DOS CAMPOS";"Ausência de reação do condutor";"Colisão lateral mesmo sentido";"Com Vítimas Feridas";"Anoitecer";"Crescente";"Céu Claro";"Múltipla";"Reta";"Sim";4;0;1;0;2;1;1;3;-23,20067421;-45,8795018;"SPRF-SP";"DEL02-SP";"UOP01-DEL02-SP"
367089;2021-05-15;"sábado";"18:00:00";"ES";101;300;"VIANA";"Velocidade Incompatível";"Colisão transversal";"Com Vítimas Feridas";"Plena Noite";"Crescente";"Nublado";"Múltipla";"Interseção de Vias";"Sim";2;0;0;1;0;1;1;2;-20,358635;-40,432167;"SPRF-ES";"DEL01-ES";"UOP01-DEL01-ES"
367091;2021-05-07;"sexta-feira";"22:15:00";"MG";50;72;"UBERLANDIA";"Ingestão de álcool pelo condutor";"Colisão lateral mesmo sentido";"Sem Vítimas";"Plena Noite";"Crescente";"Céu Claro";"Dupla";"Reta";"Sim";4;0;0;0;3;1;0;4;-18,85140204;-48,25345932;"SPRF-MG";"DEL15-MG";"UOP01-DEL15-MG"
367092;2021-06-28;"segunda-feira";"18:20:00";"MT";70;520;"VARZEA GRANDE";"Condutor deixou de manter distância do veículo da frente";"Colisão traseira";"Com Vítimas Feridas";"Plena Noite";"Crescente";"Chuva";"Simples";"Reta";"Sim";2;0;1;0;0;1;1;2;-15,67685;-56,17563;"SPRF-MT";"DEL01-MT";"UOP02-DEL01-MT"
367093;2021-06-28;"segunda-feira";"13:50:00";"ES";262;80;"DOMINGOS MARTINS";"Reação tardia ou ineficiente do condutor";"Tombamento";"Sem Vítimas";"Pleno dia";"Decrescente";"Céu Claro";"Simples";"Curva;Declive";"Não";3;0;0;0;2;2;0;3;-20,40924049;-40,94035394;"SPRF-ES";"DEL01-ES";"UOP02-DEL01-ES"
367097;2021-05-03;"segunda-feira";"14:30:00";"RS";287;249;"SANTA MARIA";"Velocidade Incompatível";"Colisão lateral mesmo sentido";"Com Vítimas Feridas";"Pleno dia";"Decrescente";"Céu Claro";"Dupla";"Reta";"Não";2;0;0;1;1;0;1;2;-29,69400654;-53,86100019;"SPRF-RS";"DEL09-RS";"UOP01-DEL09-RS"
367098;2021-06-28;"segunda-feira";"17:15:00";"MT";70;532,5;"VARZEA GRANDE";"Chuva";"Tombamento";"Sem Vítimas";"Anoitecer";"Crescente";"Chuva";"Simples";"Reta";"Não";1;0;0;0;1;0;0;1;-15,66204845;-56,22459412;"SPRF-MT";"DEL01-MT";"UOP02-DEL01-MT"
367101;2021-06-28;"segunda-feira";"20:20:00";"SC";101;332,4;"TUBARAO";"Demais falhas mecânicas ou elétricas";"Derramamento de carga";"Sem Vítimas";"Plena Noite";"Decrescente";"Nublado";"Múltipla";"Reta";"Sim";2;0;0;0;1;1;0;2;-28,46766798;-49,00373876;"SPRF-SC";"DEL02-SC";"UOP01-DEL02-SC"
367105;2021-05-03;"segunda-feira";"18:15:00";"MG";50;27;"ARAGUARI";"Reação tardia ou ineficiente do condutor";"Colisão lateral mesmo sentido";"Com Vítimas Feridas";"Plena Noite";"Crescente";"Céu Claro";"Dupla";"Reta;Declive";"Não";2;0;1;0;0;1;1;2;-18,61943321;-48,09375199;"SPRF-MG";"DEL15-MG";"UOP02-DEL15-MG"
367106;2021-06-28;"segunda-feira";"19:50:00";"SC";470;31,9;"GASPAR";"Chuva";"Saída de leito carroçável";"Com Vítimas Feridas";"Plena Noite";"Crescente";"Chuva";"Dupla";"Reta";"Não";1;0;1;0;0;0;1;1;-26,897331;-48,923069;"SPRF-SC";"DEL04-SC";"UOP01-DEL04-SC"
367109;2021-06-28;"segunda-feira";"19:30:00";"MG";459;80,1;"CONGONHAL";"Ultrapassagem Indevida";"Colisão frontal";"Com Vítimas Feridas";"Plena Noite";"Crescente";"Céu Claro";"Simples";"Reta";"Não";6;0;2;2;1;1;4;3;-22,158356;-46,100712;"SPRF-MG";"DEL09-MG";"UOP01-DEL09-MG"
367110;2021-06-28;"segunda-feira";"19:25:00";"MA";10;321;"ACAILANDIA";"Transitar no acostamento";"Colisão traseira";"Com Vítimas Feridas";"Plena Noite";"Crescente";"Céu Claro";"Simples";"Reta";"Não";3;0;0;1;1;1;1;3;-4,943377;-47,503078;"SPRF-MA";"DEL04-MA";"UOP03-DEL04-MA"
367112;2021-06-28;"segunda-feira";"16:10:00";"PI";135;166;"BERTOLINIA";"Avarias e/ou desgaste excessivo no pneu";"Saída de leito carroçável";"Com Vítimas Feridas";"Pleno dia";"Decrescente";"Céu Claro";"Simples";"Reta";"Não";2;0;1;0;0;1;1;2;-7,94056;-43,811792;"SPRF-PI";"DEL03-PI";"UOP01-DEL03-PI"
367119;2021-06-28;"segunda-feira";"13:05:00";"SC";153;39,8;"VARGEM BONITA";"Demais falhas mecânicas ou elétricas";"Incêndio";"Sem Vítimas";"Pleno dia";"Crescente";"Nublado";"Simples";"Reta";"Não";2;0;0;0;1;1;0;2;-26,84894227;-51,74606681;"SPRF-SC";"DEL07-SC";"UOP05-DEL07-SC"
367120;2021-06-28;"segunda-feira";"18:30:00";"RO";364;164;"PIMENTA BUENO";"Manobra de mudança de faixa";"Derramamento de carga";"Sem Vítimas";"Anoitecer";"Crescente";"Céu Claro";"Simples";"Aclive";"Não";2;0;0;0;1;1;0;2;-11,8905089;-60,98391786;"SPRF-RO";"DEL02-RO";"UOP02-DEL02-RO"
367121;2021-06-29;"terça-feira";"00:00:00";"SC";101;57,1;"ARAQUARI";"Velocidade Incompatível";"Colisão traseira";"Com Vítimas Feridas";"Plena Noite";"Crescente";"Chuva";"Múltipla";"Reta";"Não";6;0;2;1;2;1;3;5;-26,43646093;-48,81113029;"SPRF-SC";"DEL03-SC";"UOP01-DEL03-SC"
367122;2021-06-28;"segunda-feira";"23:40:00";"PA";10;236;"AURORA DO PARA";"Condutor Dormindo";"Tombamento";"Com Vítimas Feridas";"Plena Noite";"Decrescente";"Céu Claro";"Simples";"Declive";"Não";2;0;0;1;0;1;1;2;-2,371415;-47,551631;"SPRF-PA";"DEL02-PA";"UOP01-DEL02-PA"
367123;2021-06-28;"segunda-feira";"21:30:00";"BA";20;199;"LUIS EDUARDO MAGALHAES";"Ultrapassagem Indevida";"Colisão frontal";"Com Vítimas Fatais";"Plena Noite";"Crescente";"Céu Claro";"Simples";"Reta";"Não";5;1;3;0;1;0;3;3;-12,192912;-45,826904;"SPRF-BA";"DEL10-BA";"UOP01-DEL10-BA"
367124;2021-06-29;"terça-feira";"00:40:00";"PR";376;106;"SAO JOSE DOS PINHAIS";"Ausência de reação do condutor";"Colisão traseira";"Com Vítimas Feridas";"Plena Noite";"Decrescente";"Nublado";"Dupla";"Reta";"Não";3;0;1;0;1;1;1;3;-25,56935322;-49,22408625;"SPRF-PR";"DEL09-PR";"UOP02-DEL09-PR"
367127;2021-06-29;"terça-feira";"03:45:00";"MG";381;755;"TRES CORACOES";"Ausência de reação do condutor";"Saída de leito carroçável";"Com Vítimas Feridas";"Plena Noite";"Decrescente";"Céu Claro";"Dupla";"Reta";"Não";5;0;1;0;3;3;1;7;-21,69306291;-45,35229106;"SPRF-MG";"DEL16-MG";"UOP02-DEL16-MG"
367129;2021-06-29;"terça-feira";"03:40:00";"GO";153;680,4;"PANAMA";"Demais falhas mecânicas ou elétricas";"Incêndio";"Com Vítimas Feridas";"Plena Noite";"Crescente";"Céu Claro";"Dupla";"Reta";"Não";2;0;1;0;0;2;1;3;-18,2247;-49,266;"SPRF-GO";"DEL03-GO";"UOP02-DEL03-GO"
367131;2021-06-29;"terça-feira";"05:00:00";"CE";116;305,5;"JAGUARIBE";"Pista esburacada";"Colisão com objeto";"Sem Vítimas";"Amanhecer";"Decrescente";"Céu Claro";"Simples";"Ponte";"Sim";1;0;0;0;1;0;0;1;-5,87423389;-38,60664368;"SPRF-CE";"DEL05-CE";"UOP02-DEL05-CE"
367134;2021-06-29;"terça-feira";"05:50:00";"SP";116;224;"GUARULHOS";"Ultrapassagem Indevida";"Colisão lateral mesmo sentido";"Com Vítimas Feridas";"Plena Noite";"Crescente";"Nublado";"Múltipla";"Reta";"Não";2;0;1;0;1;0;1;2;-23,48071896;-46,53271603;"SPRF-SP";"DEL01-SP";"UOP01-DEL01-SP"
367136;2021-06-29;"terça-feira";"06:20:00";"CE";222;211,9;"FORQUILHA";"Condutor deixou de manter distância do veículo da frente";"Colisão traseira";"Com Vítimas Feridas";"Amanhecer";"Decrescente";"Céu Claro";"Simples";"Reta";"Não";4;0;0;2;1;3;2;5;-3,783014;-40,282473;"SPRF-CE";"DEL04-CE";"UOP01-DEL04-CE"
367137;2021-06-29;"terça-feira";"04:30:00";"BA";101;940;"MUCURI";"Carga excessiva e/ou mal acondicionada";"Tombamento";"Com Vítimas Feridas";"Plena Noite";"Decrescente";"Nublado";"Simples";"Rotatória";"Não";2;0;1;0;0;2;1;3;-18,04231431;-39,86671513;"SPRF-BA";"DEL09-BA";"UOP02-DEL09-BA"