"id";"data_inversa";"dia_semana";"horario";"uf";"br";"km";"municipio";"causa_acidente";"tipo_acidente";"classificacao_acidente";"fase_dia";"sentido_via";"condicao_metereologica";"tipo_pista";"tracado_via";"uso_solo";"pessoas";"mortos";"feridos_leves";"feridos_graves";"ilesos";"ignorados";"feridos";"veiculos";"latitude";"longitude";"regional";"delegacia";"uop"
367139;2021-06-28;"segunda-feira";"15:30:00";"GO";414;267;"NIQUELANDIA";"Ingestão de álcool pelo condutor";"Colisão lateral sentido oposto";"Com Vítimas Feridas";"Pleno dia";"Decrescente";"Céu Claro";"Simples";"Reta;Em Obras";"Não";3;0;1;0;1;1;1;3;-14,97039462;-48,66764041;"SPRF-GO";"DEL07-GO";"UOP02-DEL07-GO"
367141;2021-06-29;"terça-feira";"07:10:00";"ES";101;151;"LINHARES";"Reação tardia ou ineficiente do condutor";"Colisão lateral sentido oposto";"Com Vítimas Feridas";"Pleno dia";"Crescente";"Céu Claro";"Simples";"Reta";"Não";5;0;2;0;2;1;2;3;-19,42094453;-40,07434845;"SPRF-ES";"DEL04-ES";"UOP01-DEL04-ES"
367147;2021-06-29;"terça-feira";"07:40:00";"PR";153;318,7;"IMBITUVA";"Objeto estático sobre o leito carroçável";"Colisão com objeto";"Com Vítimas Fatais";"Pleno dia";"Crescente";"Céu Claro";"Simples";"Reta";"Não";5;1;2;0;1;2;2;4;-25,36319341;-50,63304813;"SPRF-PR";"DEL03-PR";"UOP03-DEL03-PR"
367158;2021-06-29;"terça-feira";"08:20:00";"PR";277;32;"MORRETES";"Ausência de reação do condutor";"Atropelamento de Pedestre";"Com Vítimas Fatais";"Pleno dia";"Crescente";"Céu Claro";"Dupla";"Curva";"Não";3;1;0;0;1;3;0;5;-25,547373;-48,790559;"SPRF-PR";"DEL01-PR";"UOP05-DEL01-PR"
367159;2021-06-29;"terça-feira";"05:50:00";"BA";324;562;"SAO SEBASTIAO DO PASSE";"Chuva";"Saída de leito carroçável";"Com Vítimas Feridas";"Amanhecer";"Decrescente";"Chuva";"Dupla";"Reta";"Não";2;0;2;0;0;0;2;1;-12,503202;-38,639217;"SPRF-BA";"DEL01-BA";"UOP01-DEL01-BA"
367160;2021-06-29;"terça-feira";"08:35:00";"PB";101;81,5;"BAYEUX";"Transitar no acostamento";"Colisão lateral mesmo sentido";"Sem Vítimas";"Pleno dia";"Crescente";"Céu Claro";"Dupla";"Declive;Reta";"Sim";2;0;0;0;1;1;0;2;-7,12864313;-34,93837123;"SPRF-PB";"DEL01-PB";"UOP01-DEL01-PB"
367162;2021-06-29;"terça-feira";"08:45:00";"RS";116;476,2;"SAO LOURENCO DO SUL";"Ultrapassagem Indevida";"Colisão frontal";"Com Vítimas Fatais";"Pleno dia";"Decrescente";"Nublado";"Simples";"Curva";"Não";3;1;1;0;0;1;1;3;-31,37991208;-52,117431;"SPRF-RS";"DEL07-RS";"UOP01-DEL07-RS"
367167;2021-06-25;"sexta-feira";"21:30:00";"SC";470;89,4;"ASCURRA";"Demais falhas mecânicas ou elétricas";"Colisão com objeto";"Com Vítimas Feridas";"Plena Noite";"Crescente";"Céu Claro";"Simples";"Reta";"Não";3;0;1;0;1;1;1;3;-26,96438013;-49,3692372;"SPRF-SC";"DEL04-SC";"UOP01-DEL04-SC"
367168;2021-06-29;"terça-feira";"07:15:00";"GO";153;512,8;"APARECIDA DE GOIANIA";"Reação tardia ou ineficiente do condutor";"Colisão lateral mesmo sentido";"Com Vítimas Feridas";"Pleno dia";"Crescente";"Nublado";"Dupla";"Reta";"Sim";3;0;1;0;1;1;1;3;-16,8156;-49,2402;"SPRF-GO";"DEL01-GO";"UOP03-DEL01-GO"
367170;2021-05-30;"domingo";"21:10:00";"MG";153;58,5;"MONTE ALEGRE DE MINAS";"Problema com o freio";"Tombamento";"Com Vítimas Feridas";"Plena Noite";"Crescente";"Céu Claro";"Simples";"Rotatória";"Não";2;0;1;0;1;0;1;1;-18,878386;-49,056637;"SPRF-MG";"DEL15-MG";"UOP03-DEL15-MG"
367172;2021-03-19;"sexta-feira";"20:50:00";"MG";381;442;"SANTA LUZIA";"Velocidade Incompatível";"Colisão traseira";"Com Vítimas Feridas";"Plena Noite";"Crescente";"Céu Claro";"Simples";"Aclive;Reta";"Não";3;0;0;2;0;1;2;2;-19,8183901;-43,81131985;"SPRF-MG";"DEL01-MG";"UOP01-DEL01-MG"
367173;2021-06-29;"terça-feira";"09:45:00";"PR";376;596,9;"CURITIBA";"Demais falhas mecânicas ou elétricas";"Tombamento";"Com Vítimas Feridas";"Pleno dia";"Decrescente";"Céu Claro";"Dupla";"Reta";"Não";4;0;2;0;1;1;2;3;-25,52629711;-49,32958412;"SPRF-PR";"DEL01-PR";"UOP01-DEL01-PR"
367198;2021-06-29;"terça-feira";"07:15:00";"MG";262;427,8;"CONCEICAO DO PARA";"Manobra de mudança de faixa";"Colisão traseira";"Sem Vítimas";"Pleno dia";"Decrescente";"Sol";"Dupla";"Aclive";"Não";3;0;0;0;2;2;0;4;-19,8915027;-44,83668834;"SPRF-MG";"DEL08-MG";"UOP03-DEL08-MG"
367208;2021-06-25;"sexta-feira";"22:10:00";"PR";277;529;"GUARANIACU";"Ingestão de álcool pelo condutor";"Colisão lateral sentido oposto";"Sem Vítimas";"Plena Noite";"Crescente";"Céu Claro";"Simples";"Reta";"Não";2;0;0;0;2;0;0;2;-25,091649;-52,949265;"SPRF-PR";"DEL04-PR";"UOP01-DEL04-PR"
367213;2021-06-20;"domingo";"16:00:00";"RO";364;304,1;"PRESIDENTE MEDICI";"Transitar na contramão";"Saída de leito carroçável";"Com Vítimas Feridas";"Pleno dia";"Crescente";"Céu Claro";"Simples";"Reta";"Não";3;0;1;0;1;6;1;8;-11,208542;-61,901608;"SPRF-RO";"DEL02-RO";"UOP01-DEL02-RO"
367214;2021-06-29;"terça-feira";"13:10:00";"BA";101;233;"SAPEACU";"Chuva";"Colisão traseira";"Com Vítimas Feridas";"Pleno dia";"Decrescente";"Chuva";"Simples";"Declive";"Não";2;0;1;0;1;0;1;2;-12,748179;-39,184973;"SPRF-BA";"DEL01-BA";"UOP02-DEL01-BA"
367215;2021-06-25;"sexta-feira";"06:30:00";"MG";381;380;"SAO GONCALO DO RIO ABAIXO";"Condutor deixou de manter distância do veículo da frente";"Engavetamento";"Com Vítimas Feridas";"Pleno dia";"Decrescente";"Nublado";"Simples";"Reta";"Sim";4;0;1;0;3;0;1;3;-19,8315359;-43,37649498;"SPRF-MG";"DEL01-MG";"UOP01-DEL01-MG"
367216;2021-06-29;"terça-feira";"13:15:00";"MG";116;415,9;"GOVERNADOR VALADARES";"Ultrapassagem Indevida";"Colisão lateral mesmo sentido";"Com Vítimas Feridas";"Pleno dia";"Decrescente";"Céu Claro";"Simples";"Reta";"Sim";2;0;1;0;1;0;1;2;-18,89215187;-41,94699543;"SPRF-MG";"DEL06-MG";"UOP01-DEL06-MG"
367219;2021-06-29;"terça-feira";"11:40:00";"AL";101;48,9;"FLEXEIRAS";"Velocidade Incompatível";"Tombamento";"Sem Vítimas";"Pleno dia";"Crescente";"Céu Claro";"Dupla";"Curva";"Não";2;0;0;0;1;1;0;2;-9,22279792;-35,77608338;"SPRF-AL";"DEL01-AL";"UOP02-DEL01-AL"
367229;2021-06-29;"terça-feira";"15:00:00";"MG";40;647,1;"CRISTIANO OTONI";"Transitar na contramão";"Colisão frontal";"Com Vítimas Feridas";"Pleno dia";"Crescente";"Sol";"Simples";"Curva";"Não";3;0;1;0;1;1;1;3;-20,804273;-43,808788;"SPRF-MG";"DEL05-MG";"UOP02-DEL05-MG"
367230;2021-06-29;"terça-feira";"10:20:00";"RS";116;247;"SAO LEOPOLDO";"Frear bruscamente";"Eventos atípicos";"Com Vítimas Feridas";"Pleno dia";"Decrescente";"Céu Claro";"Múltipla";"Reta";"Sim";1;0;1;0;0;0;1;1;-29,76733091;-51,1535296;"SPRF-RS";"DEL01-RS";"UOP02-DEL01-RS"
367232;2021-06-29;"terça-feira";"14:05:00";"RS";116;105,8;"SAO MARCOS";"Velocidade Incompatível";"Tombamento";"Com Vítimas Fatais";"Pleno dia";"Decrescente";"Nublado";"Simples";"Curva";"Não";2;1;0;0;0;1;0;2;-28,91254612;-51,11046562;"SPRF-RS";"DEL05-RS";"UOP01-DEL05-RS"
367233;2021-06-19;"sábado";"16:15:00";"GO";158;269,1;"JATAI";"Reação tardia ou ineficiente do condutor";"Colisão lateral mesmo sentido";"Com Vítimas Feridas";"Pleno dia";"Crescente";"Céu Claro";"Dupla";"Reta";"Sim";3;0;0;1;1;1;1;3;-17,86276677;-51,72998428;"SPRF-GO";"DEL05-GO";"UOP01-DEL05-GO"
367237;2021-06-29;"terça-feira";"13:00:00";"ES";262;43,9;"MARECHAL FLORIANO";"Ausência de sinalização";"Colisão traseira";"Com Vítimas Feridas";"Pleno dia";"Crescente";"Céu Claro";"Simples";"Reta;Em Obras";"Não";3;0;1;0;2;0;1;2;-20,3844778;-40,66251868;"SPRF-ES";"DEL01-ES";"UOP01-DEL01-ES"
367240;2021-06-29;"terça-feira";"15:40:00";"RS";116;406,5;"CAMAQUA";"Reação tardia ou ineficiente do condutor";"Saída de leito carroçável";"Com Vítimas Feridas";"Pleno dia";"Decrescente";"Céu Claro";"Simples";"Reta";"Não";4;0;2;0;2;0;2;2;-30,89948457;-51,85879823;"SPRF-RS";"DEL02-RS";"UOP02-DEL02-RS"
367241;2021-06-29;"terça-feira";"16:30:00";"PR";376;58,2;"GUAIRACA";"Ultrapassagem Indevida";"Colisão frontal";"Sem Vítimas";"Pleno dia";"Decrescente";"Céu Claro";"Simples";"Reta";"Não";4;0;0;0;3;1;0;3;-22,92459;-52,86518;"SPRF-PR";"DEL09-PR";"UOP02-DEL09-PR"
367249;2021-06-29;"terça-feira";"07:50:00";"MG";116;200,1;"CARAI";"Condutor Dormindo";"Colisão lateral sentido oposto";"Com Vítimas Feridas";"Pleno dia";"Decrescente";"Céu Claro";"Simples";"Reta";"Não";2;0;2;0;0;0;2;2;-17,2431812;-41,50128363;"SPRF-MG";"DEL11-MG";"UOP01-DEL11-MG"
367250;2021-06-29;"terça-feira";"18:00:00";"RS";158;325,8;"SANTA MARIA";"Condutor deixou de manter distância do veículo da frente";"Colisão traseira";"Sem Vítimas";"Plena Noite";"Crescente";"Céu Claro";"Dupla";"Em Obras;Reta";"Sim";3;0;0;0;1;2;0;3;-29,71172406;-53,80549908;"SPRF-RS";"DEL09-RS";"UOP01-DEL09-RS"
367252;2021-06-29;"terça-feira";"15:50:00";"MT";163;1077;"GUARANTA DO NORTE";"Reação tardia ou ineficiente do condutor";"Tombamento";"Com Vítimas Feridas";"Pleno dia";"Crescente";"Céu Claro";"Simples";"Reta";"Não";4;0;2;0;1;2;2;3;-9,98022899;-54,90606422;"SPRF-MT";"DEL06-MT";"NPF/DEL06-MT"
367253;2021-06-29;"terça-feira";"09:50:00";"PI";343;308;"ALTOS";"Manobra de mudança de faixa";"Colisão transversal";"Com Vítimas Fatais";"Pleno dia";"Crescente";"Céu Claro";"Simples";"Reta";"Sim";4;1;1;0;1;2;1;4;-5,038669;-42,468166;"SPRF-PI";"DEL01-PI";"UOP01-DEL01-PI"
367264;2021-06-29;"terça-feira";"18:40:00";"SC";470;173,5;"POUSO REDONDO";"Acessar a via sem observar a presença dos outros veículos";"Colisão transversal";"Com Vítimas Feridas";"Plena Noite";"Crescente";"Céu Claro";"Simples";"Reta";"Sim";2;0;1;0;1;0;1;2;-27,25984;-49,919285;"SPRF-SC";"DEL04-SC";"UOP02-DEL04-SC"
367266;2021-06-29;"terça-feira";"19:25:00";"MS";262;488,9;"ANASTACIO";"Acesso irregular";"Colisão transversal";"Com Vítimas Feridas";"Plena Noite";"Crescente";"Céu Claro";"Simples";"Reta";"Sim";3;0;1;0;1;1;1;3;-20,49938587;-55,806427;"SPRF-MS";"DEL03-MS";"UOP01-DEL03-MS"
367267;2021-06-29;"terça-feira";"19:00:00";"PR";277;454,6;"LARANJEIRAS DO SUL";"Transitar na contramão";"Colisão frontal";"Com Vítimas Fatais";"Plena Noite";"Decrescente";"Céu Claro";"Simples";"Reta";"Sim";3;1;0;0;1;2;0;4;-25,385056;-52,417637;"SPRF-PR";"DEL04-PR";"UOP02-DEL04-PR"
367271;2021-06-29;"terça-feira";"20:10:00";"PE";101;37;"IGARASSU";"Acessar a via sem observar a presença dos outros veículos";"Colisão transversal";"Sem Vítimas";"Plena Noite";"Crescente";"Nublado";"Dupla";"Reta;Aclive";"Não";3;0;0;0;2;1;0;3;-7,79726705;-34,9274932;"SPRF-PE";"DEL01-PE";"UOP02-DEL01-PE"
367273;2021-06-29;"terça-feira";"17:50:00";"SC";101;138;"BALNEARIO CAMBORIU";"Condutor deixou de manter distância do veículo da frente";"Colisão traseira";"Com Vítimas Feridas";"Anoitecer";"Decrescente";"Céu Claro";"Dupla";"Curva";"Sim";2;0;0;1;1;0;1;2;-27,02397426;-48,60761649;"SPRF-SC";"DEL04-SC";"UOP03-DEL04-SC"
367275;2021-04-30;"sexta-feira";"12:50:00";"MT";364;286,8;"JACIARA";"Velocidade Incompatível";"Saída de leito carroçável";"Com Vítimas Feridas";"Pleno dia";"Decrescente";"Céu Claro";"Dupla";"Curva";"Não";2;0;1;0;0;2;1;3;-15,90151807;-55,056197;"SPRF-MT";"DEL05-MT";"UOP02-DEL05-MT"
367280;2021-06-29;"terça-feira";"21:45:00";"PR";376;376;"ARAPOTI";"Condutor deixou de manter distância do veículo da frente";"Engavetamento";"Com Vítimas Feridas";"Plena Noite";"Crescente";"Céu Claro";"Simples";"Reta";"Não";5;0;1;0;3;2;1;5;-24;-50;"SPRF-PR";"DEL07-PR";"UOP02-DEL07-PR"
367282;2021-06-29;"terça-feira";"16:20:00";"MG";365;465;"PATROCINIO";"Ingestão de substâncias psicoativas pelo condutor";"Colisão frontal";"Com Vítimas Feridas";"Pleno dia";"Decrescente";"Céu Claro";"Simples";"Reta";"Não";3;0;0;1;1;2;1;4;-18,89880313;-46,95118193;"SPRF-MG";"DEL10-MG";"UOP01-DEL10-MG"
367288;2021-06-29;"terça-feira";"04:00:00";"MG";251;222,6;"AGUAS VERMELHAS";"Condutor Dormindo";"Saída de leito carroçável";"Sem Vítimas";"Amanhecer";"Crescente";"Céu Claro";"Simples";"Reta";"Não";1;0;0;0;1;0;0;1;-15,939758;-41,610171;"SPRF-MG";"DEL11-MG";"UOP02-DEL11-MG"
367292;2021-06-29;"terça-feira";"22:30:00";"TO";230;127;"ARAGUATINS";"Transitar na contramão";"Colisão frontal";"Com Vítimas Feridas";"Plena Noite";"Decrescente";"Céu Claro";"Simples";"Reta";"Não";3;0;1;0;2;0;1;2;-5,79275408;-48,02477429;"SPRF-TO";"DEL02-TO";"UOP03-DEL02-TO"
367293;2021-06-29;"terça-feira";"23:15:00";"RJ";393;152;"TRES RIOS";"Velocidade Incompatível";"Tombamento";"Com Vítimas Fatais";"Plena Noite";"Crescente";"Céu Claro";"Simples";"Curva";"Não";2;1;1;0;0;0;1;1;-22,06816216;-43,03290587;"SPRF-RJ";"DEL05-RJ";"UOP01-DEL05-RJ"
367297;2021-06-29;"terça-feira";"23:00:00";"GO";20;24,1;"FORMOSA";"Objeto estático sobre o leito carroçável";"Colisão com objeto";"Com Vítimas Feridas";"Plena Noite";"Decrescente";"Céu Claro";"Simples";"Declive;Reta";"Não";4;0;1;1;2;0;2;2;-15,54017;-47,142769;"SPRF-DF";"DEL02-DF";"UOP01-DEL02-DF"
367305;2021-06-30;"quarta-feira";"00:30:00";"MG";381;234,9;"BELO ORIENTE";"Ingestão de álcool pelo condutor";"Colisão frontal";"Com Vítimas Feridas";"Plena Noite";"Crescente";"Céu Claro";"Simples";"Curva";"Não";3;0;1;1;1;0;2;2;-19,37971595;-42,46158214;"SPRF-MG";"DEL06-MG";"UOP01-DEL06-MG"
367306;2021-06-30;"quarta-feira";"04:30:00";"GO";50;117;"CRISTALINA";"Condutor Dormindo";"Colisão traseira";"Com Vítimas Feridas";"Plena Noite";"Decrescente";"Céu Claro";"Dupla";"Reta";"Não";3;0;1;0;1;3;1;5;-16,9309;-47,7117;"SPRF-DF";"DEL01-DF";"UOP02-DEL01-DF"
367307;2021-06-29;"terça-feira";"20:05:00";"BA";101;613,3;"MASCOTE";"Velocidade Incompatível";"Tombamento";"Com Vítimas Feridas";"Plena Noite";"Decrescente";"Céu Claro";"Simples";"Reta";"Não";2;0;1;0;0;1;1;2;-15,75042705;-39,4801369;"SPRF-BA";"DEL05-BA";"UOP02-DEL05-BA"
367309;2021-06-30;"quarta-feira";"05:30:00";"SP";116;321;"JUQUITIBA";"Reação tardia ou ineficiente do condutor";"Colisão lateral mesmo sentido";"Sem Vítimas";"Amanhecer";"Decrescente";"Nevoeiro/Neblina";"Dupla";"Reta";"Não";3;0;0;0;1;2;0;3;-23,934612;-47,01729;"SPRF-SP";"DEL04-SP";"UOP01-DEL04-SP"
367318;2021-06-30;"quarta-feira";"06:15:00";"PA";10;267,8;"MAE DO RIO";"Animais na Pista";"Atropelamento de Animal";"Com Vítimas Feridas";"Amanhecer";"Decrescente";"Céu Claro";"Simples";"Reta";"Não";3;0;1;0;1;1;1;3;-2,09617098;-47,56002117;"SPRF-PA";"DEL02-PA";"UOP01-DEL02-PA"
367325;2021-06-30;"quarta-feira";"06:50:00";"PR";277;601;"CASCAVEL";"Reação tardia ou ineficiente do condutor";"Colisão com objeto";"Sem Vítimas";"Amanhecer";"Crescente";"Ignorado";"Dupla";"Reta";"Não";2;0;0;0;1;2;0;3;-25,01834069;-53,54356825;"SPRF-PR";"DEL04-PR";"UOP01-DEL04-PR"
367331;2021-06-30;"quarta-feira";"08:40:00";"RS";116;150;"CAXIAS DO SUL";"Manobra de mudança de faixa";"Colisão lateral mesmo sentido";"Com Vítimas Feridas";"Pleno dia";"Crescente";"Garoa/Chuvisco";"Dupla";"Reta";"Sim";2;0;1;0;1;0;1;2;-29,168428;-51,158337;"SPRF-RS";"DEL05-RS";"UOP01-DEL05-RS"
367332;2021-01-09;"sábado";"11:25:00";"ES";262;164,5;"IBATIBA";"Curva acentuada";"Tombamento";"Com Vítimas Feridas";"Pleno dia";"Decrescente";"Céu Claro";"Simples";"Curva";"Não";2;0;0;1;0;2;1;3;-20,237362;-41,5135167;"SPRF-ES";"DEL01-ES";"UOP02-DEL01-ES"
367335;2021-06-30;"quarta-feira";"09:00:00";"RJ";101;53;"CAMPOS DOS GOYTACAZES";"Condutor deixou de manter distância do veículo da frente";"Colisão traseira";"Com Vítimas Feridas";"Pleno dia";"Crescente";"Céu Claro";"Simples";"Reta";"Sim";2;0;0;1;1;0;1;2;-21,660484;-41,31128898;"SPRF-RJ";"DEL08-RJ";"UOP01-DEL08-RJ"
367338;2021-06-30;"quarta-feira";"09:30:00";"SC";470;118,8;"IBIRAMA";"Velocidade Incompatível";"Tombamento";"Com Vítimas Feridas";"Pleno dia";"Decrescente";"Sol";"Dupla";"Interseção de Vias";"Sim";2;0;1;0;0;1;1;2;-27,082176;-49,511818;"SPRF-SC";"DEL04-SC";"UOP02-DEL04-SC"
367339;2021-06-30;"quarta-feira";"07:45:00";"SC";116;245,3;"LAGES";"Acessar a via sem observar a presença dos outros veículos";"Colisão transversal";"Com Vítimas Feridas";"Amanhecer";"Crescente";"Nublado";"Simples";"Reta;Interseção de Vias";"Sim";2;0;0;1;1;0;1;2;-27,79544281;-50,36187437;"SPRF-SC";"DEL05-SC";"UOP01-DEL05-SC"
367340;2021-06-30;"quarta-feira";"08:40:00";"MG";50;66,1;"UBERLANDIA";"Reação tardia ou ineficiente do condutor";"Colisão traseira";"Com Vítimas Feridas";"Pleno dia";"Decrescente";"Sol";"Dupla";"Reta";"Não";5;0;1;0;2;8;1;11;-18,85140204;-48,25345932;"SPRF-MG";"DEL15-MG";"UOP02-DEL15-MG"
367343;2021-06-30;"quarta-feira";"07:55:00";"PR";277;306,5;"GUARAPUAVA";"Problema com o freio";"Colisão lateral sentido oposto";"Sem Vítimas";"Pleno dia";"Decrescente";"Céu Claro";"Simples";"Curva";"Não";4;0;0;0;3;2;0;5;-25,32428654;-51,19478703;"SPRF-PR";"DEL08-PR";"UOP01-DEL08-PR"
367344;2021-05-06;"quinta-feira";"12:09:00";"ES";101;266,4;"SERRA";"Condutor desrespeitou a iluminação vermelha do semáforo";"Colisão transversal";"Com Vítimas Fatais";"Pleno dia";"Crescente";"Céu Claro";"Dupla";"Interseção de Vias";"Sim";6;1;0;0;3;2;0;5;-20,190199;-40,26828891;"SPRF-ES";"DEL02-ES";"UOP01-DEL02-ES"
367346;2021-06-24;"quinta-feira";"23:00:00";"AM";174;990;"PRESIDENTE FIGUEIREDO";"Carga excessiva e/ou mal acondicionada";"Tombamento";"Sem Vítimas";"Plena Noite";"Decrescente";"Céu Claro";"Simples";"Rotatória";"Sim";2;0;0;0;2;0;0;1;-2,055133;-60,022773;"SPRF-AM";"DEL01-AM";"UOP02-DEL01-AM"
367351;2021-06-30;"quarta-feira";"10:25:00";"SP";116;219;"GUARULHOS";"Condutor deixou de manter distância do veículo da frente";"Colisão traseira";"Com Vítimas Feridas";"Pleno dia";"Decrescente";"Nublado";"Simples";"Reta";"Não";4;0;1;0;3;0;1;3;-23,46143954;-46,48885316;"SPRF-SP";"DEL01-SP";"UOP01-DEL01-SP"
367352;2021-06-30;"quarta-feira";"09:20:00";"MG";459;86,8;"CONGONHAL";"Transitar na contramão";"Colisão frontal";"Com Vítimas Fatais";"Pleno dia";"Decrescente";"Céu Claro";"Simples";"Reta;Declive";"Não";3;1;0;0;1;1;0;3;-22,151079;-46,015775;"SPRF-MG";"DEL09-MG";"UOP01-DEL09-MG"
367366;2021-06-30;"quarta-feira";"11:00:00";"BA";116;15;"VITORIA DA CONQUISTA";"Condutor deixou de manter distância do veículo da frente";"Colisão traseira";"Com Vítimas Feridas";"Pleno dia";"Decrescente";"Céu Claro";"Simples";"Reta";"Sim";3;0;1;0;1;3;1;5;-14,89898898;-40,85589236;"SPRF-BA";"DEL08-BA";"UOP01-DEL08-BA"
367368;2021-06-30;"quarta-feira";"12:00:00";"PR";116;32;"CAMPINA GRANDE DO SUL";"Curva acentuada";"Tombamento";"Sem Vítimas";"Pleno dia";"Crescente";"Céu Claro";"Dupla";"Curva";"Não";2;0;0;0;1;1;0;2;-25,10497579;-48,83973903;"SPRF-PR";"DEL01-PR";"UOP02-DEL01-PR"
367371;2021-06-02;"quarta-feira";"22:15:00";"PE";232;73,9;"GRAVATA";"Iluminação deficiente";"Colisão traseira";"Com Vítimas Feridas";"Plena Noite";"Crescente";"Nublado";"Simples";"Reta";"Não";6;0;1;1;2;2;2;4;-8,19060018;-35,50931093;"SPRF-PE";"DEL02-PE";"UOP02-DEL02PE"
367374;2021-06-06;"domingo";"18:00:00";"PA";10;320;"IRITUIA";"Ingestão de álcool pelo condutor";"Colisão frontal";"Com Vítimas Feridas";"Anoitecer";"Crescente";"Sol";"Simples";"Declive;Curva";"Não";3;0;1;0;1;1;1;3;-1,63357298;-47,48708408;"SPRF-PA";"DEL01-PA";"UOP02-DEL01-PA"
367375;2021-03-20;"sábado";"01:00:00";"MT";163;694,1;"SORRISO";"Ausência de reação do condutor";"Saída de leito carroçável";"Com Vítimas Feridas";"Amanhecer";"Crescente";"Céu Claro";"Simples";"Reta";"Não";2;0;1;0;0;1;1;2;-13,03441161;-55,89989662;"SPRF-MT";"DEL06-MT";"UOP01-DEL06-MT"
367377;2021-06-30;"quarta-feira";"11:40:00";"BA";116;15;"VITORIA DA CONQUISTA";"Transitar no acostamento";"Colisão lateral mesmo sentido";"Sem Vítimas";"Pleno dia";"Crescente";"Céu Claro";"Simples";"Reta";"Sim";3;0;0;0;2;1;0;3;-14,89904552;-40,85587978;"SPRF-BA";"DEL08-BA";"UOP01-DEL08-BA"
367384;2021-06-16;"quarta-feira";"02:15:00";"SP";116;414;"JUQUIA";"Condutor deixou de manter distância do veículo da frente";"Colisão lateral mesmo sentido";"Com Vítimas Feridas";"Plena Noite";"Decrescente";"Céu Claro";"Dupla";"Reta";"Não";3;0;1;0;1;1;1;3;-24,33164;-47,632774;"SPRF-SP";"DEL05-SP";"UOP01-DEL05-SP"
367389;2021-05-19;"quarta-feira";"03:30:00";"PA";10;97;"ULIANOPOLIS";"Objeto estático sobre o leito carroçável";"Colisão com objeto";"Com Vítimas Feridas";"Plena Noite";"Decrescente";"Céu Claro";"Simples";"Reta";"Não";2;0;1;0;0;1;1;2;-3,59427998;-47,48990857;"SPRF-PA";"DEL02-PA";"UOP02-DEL02-PA"
367392;2021-05-14;"sexta-feira";"11:05:00";"ES";101;443;"MIMOSO DO SUL";"Ausência de reação do condutor";"Saída de leito carroçável";"Com Vítimas Feridas";"Pleno dia";"Crescente";"Céu Claro";"Simples";"Curva";"Não";2;0;0;1;0;2;1;3;-21,09789425;-41,25305078;"SPRF-ES";"DEL03-ES";"UOP02-DEL03-ES"
367398;2021-06-30;"quarta-feira";"15:00:00";"RJ";116;275;"BARRA MANSA";"Velocidade Incompatível";"Colisão transversal";"Sem Vítimas";"Pleno dia";"Crescente";"Céu Claro";"Simples";"Declive";"Sim";3;0;0;0;1;2;0;3;-22,56207185;-44,15671311;"SPRF-RJ";"DEL07-RJ";"UOP02-DEL07-RJ"
367401;2021-06-30;"quarta-feira";"15:10:00";"MT";163;6,7;"ITIQUIRA";"Acostamento em desnível";"Saída de leito carroçável";"Com Vítimas Feridas";"Pleno dia";"Decrescente";"Sol";"Dupla";"Reta";"Não";2;0;0;1;0;1;1;2;-17,46629508;-54,7431304;"SPRF-MT";"DEL02-MT";"UOP01-DEL02-MT"
367403;2021-06-30;"quarta-feira";"16:00:00";"GO";153;493;"GOIANIA";"Manobra de mudança de faixa";"Colisão lateral mesmo sentido";"Sem Vítimas";"Pleno dia";"Crescente";"Céu Claro";"Dupla";"Reta";"Sim";4;0;0;0;3;3;0;6;-16,6537;-49,2172;"SPRF-GO";"DEL01-GO";"UOP01-DEL01-GO"
367405;2021-05-25;"terça-feira";"02:40:00";"SP";116;506;"CAJATI";"Reação tardia ou ineficiente do condutor";"Colisão com objeto";"Com Vítimas Feridas";"Plena Noite";"Crescente";"Céu Claro";"Dupla";"Reta";"Não";3;0;1;0;1;2;1;4;-24,7970481497;-48,2145173983;"SPRF-SP";"DEL05-SP";"UOP02-DEL05-SP"
367410;2021-06-30;"quarta-feira";"16:30:00";"PE";232;221;"PESQUEIRA";"Transitar na contramão";"Colisão lateral sentido oposto";"Com Vítimas Feridas";"Pleno dia";"Decrescente";"Céu Claro";"Simples";"Reta";"Não";4;0;1;1;2;0;2;2;-8,40095324;-36,79199096;"SPRF-PE";"DEL03-PE";"UOP02-DEL03-PE"
367412;2021-06-30;"quarta-feira";"15:40:00";"PR";376;588;"CURITIBA";"Reação tardia ou ineficiente do condutor";"Colisão lateral mesmo sentido";"Sem Vítimas";"Pleno dia";"Decrescente";"Sol";"Dupla";"Reta";"Sim";4;0;0;0;3;4;0;7;-25,43381713;-49,36546121;"SPRF-PR";"DEL01-PR";"UOP01-DEL01-PR"
367416;2021-06-30;"quarta-feira";"05:25:00";"MA";135;12,5;"SAO LUIS";"Demais falhas mecânicas ou elétricas";"Saída de leito carroçável";"Sem Vítimas";"Amanhecer";"Crescente";"Céu Claro";"Dupla";"Reta";"Sim";1;0;0;0;1;0;0;1;-2,67223553;-44,29173767;"SPRF-MA";"DEL01-MA";"UOP01-DEL01-MA"