"id";"data_inversa";"dia_semana";"horario";"uf";"br";"km";"municipio";"causa_acidente";"tipo_acidente";"classificacao_acidente";"fase_dia";"sentido_via";"condicao_metereologica";"tipo_pista";"tracado_via";"uso_solo";"pessoas";"mortos";"feridos_leves";"feridos_graves";"ilesos";"ignorados";"feridos";"veiculos";"latitude";"longitude";"regional";"delegacia";"uop"
367417;2021-06-30;"quarta-feira";"17:30:00";"PR";376;628;"SAO JOSE DOS PINHAIS";"Demais falhas mecânicas ou elétricas";"Colisão traseira";"Com Vítimas Feridas";"Pleno dia";"Decrescente";"Céu Claro";"Dupla";"Reta";"Não";2;0;1;0;1;0;1;2;-25,67832409;-49,14963231;"SPRF-PR";"DEL01-PR";"UOP04-DEL01-PR"
367422;2021-06-30;"quarta-feira";"17:40:00";"RS";158;481,2;"ROSARIO DO SUL";"Ausência de reação do condutor";"Colisão frontal";"Com Vítimas Feridas";"Anoitecer";"Decrescente";"Céu Claro";"Simples";"Reta";"Não";3;0;1;1;1;0;2;2;-30,35424979;-55,02845022;"SPRF-RS";"DEL11-RS";"UOP02-DEL11-RS"
367435;2021-06-26;"sábado";"07:30:00";"PR";277;207,3;"TEIXEIRA SOARES";"Ingestão de álcool pelo condutor";"Capotamento";"Com Vítimas Feridas";"Pleno dia";"Decrescente";"Céu Claro";"Simples";"Curva";"Não";3;0;0;2;0;1;2;2;-25,45660492;-50,33935547;"SPRF-PR";"DEL03-PR";"UOP03-DEL03-PR"
367443;2021-06-30;"quarta-feira";"18:18:00";"RS";471;669;"SANTA VITORIA DO PALMAR";"Ausência de sinalização";"Colisão traseira";"Com Vítimas Feridas";"Plena Noite";"Crescente";"Nublado";"Simples";"Reta";"Não";4;0;2;0;1;3;2;5;-33,603443;-53,39645;"SPRF-RS";"DEL07-RS";"UOP04-DEL07-RS"
367446;2021-05-12;"quarta-feira";"22:50:00";"MG";381;942;"EXTREMA";"Pista Escorregadia";"Saída de leito carroçável";"Com Vítimas Feridas";"Plena Noite";"Decrescente";"Chuva";"Dupla";"Declive";"Sim";9;0;2;0;6;3;2;9;-22,86605937;-46,34940386;"SPRF-MG";"DEL16-MG";"UOP03-DEL16-MG"
367450;2021-06-30;"quarta-feira";"18:30:00";"MT";163;27,6;"ITIQUIRA";"Reação tardia ou ineficiente do condutor";"Colisão traseira";"Com Vítimas Feridas";"Plena Noite";"Decrescente";"Céu Claro";"Dupla";"Reta";"Não";3;0;1;0;1;1;1;3;-17,28031699;-54,76490839;"SPRF-MT";"DEL02-MT";"UOP01-DEL02-MT"
367453;2021-03-19;"sexta-feira";"20:40:00";"MG";381;486;"BETIM";"Manobra de mudança de faixa";"Colisão lateral mesmo sentido";"Com Vítimas Feridas";"Plena Noite";"Crescente";"Céu Claro";"Dupla";"Reta";"Sim";6;0;2;0;3;1;2;4;-19,95644414;-44,13611598;"SPRF-MG";"DEL01-MG";"UOP03-DEL01-MG"
367455;2021-06-30;"quarta-feira";"18:10:00";"TO";153;187,5;"NOVA OLINDA";"Reação tardia ou ineficiente do condutor";"Colisão traseira";"Sem Vítimas";"Anoitecer";"Decrescente";"Céu Claro";"Simples";"Reta";"Não";3;0;0;0;2;1;0;3;-7,53590795;-48,40763309;"SPRF-TO";"DEL02-TO";"UOP01-DEL02-TO"
367456;2021-06-30;"quarta-feira";"19:00:00";"PA";230;115;"MARABA";"Ingestão de álcool pelo condutor";"Colisão transversal";"Com Vítimas Feridas";"Anoitecer";"Decrescente";"Céu Claro";"Dupla";"Reta";"Sim";2;0;0;1;1;0;1;2;-5,36241425;-49,07496007;"SPRF-PA";"DEL03-PA";"UOP01-DEL03-PA"
367460;2021-06-30;"quarta-feira";"16:15:00";"MG";381;275;"JAGUARACU";"Demais falhas mecânicas ou elétricas";"Saída de leito carroçável";"Com Vítimas Feridas";"Pleno dia";"Crescente";"Céu Claro";"Simples";"Curva";"Não";2;0;2;0;0;0;2;1;-19,5436138;-42,690382;"SPRF-MG";"DEL03-MG";"UOP02-DEL03-MG"
367462;2021-06-30;"quarta-feira";"15:10:00";"RO";364;492;"ARIQUEMES";"Ultrapassagem Indevida";"Colisão traseira";"Com Vítimas Feridas";"Pleno dia";"Crescente";"Céu Claro";"Simples";"Reta";"Não";5;0;1;0;3;2;1;4;-10,09560911;-62,96269506;"SPRF-RO";"DEL03-RO";"UOP01-DEL03-RO"
367470;2021-06-30;"quarta-feira";"16:15:00";"RO";364;725;"PORTO VELHO";"Transitar na contramão";"Colisão lateral sentido oposto";"Com Vítimas Feridas";"Pleno dia";"Crescente";"Céu Claro";"Simples";"Declive";"Não";2;0;1;0;1;0;1;2;-8,859268;-63,944546;"SPRF-RO";"DEL01-RO";"UOP01-DEL01-RO"
367471;2021-06-30;"quarta-feira";"21:10:00";"PR";153;515,7;"GENERAL CARNEIRO";"Entrada inopinada do pedestre";"Atropelamento de Pedestre";"Com Vítimas Fatais";"Plena Noite";"Crescente";"Céu Claro";"Simples";"Reta";"Não";3;1;0;0;1;1;0;2;-26,58361481;-51,45172119;"SPRF-PR";"DEL02-PR";"UOP03-DEL02-PR"
367476;2021-06-30;"quarta-feira";"15:30:00";"PR";376;595,7;"CURITIBA";"Velocidade Incompatível";"Saída de leito carroçável";"Sem Vítimas";"Pleno dia";"Crescente";"Sol";"Dupla";"Reta";"Sim";2;0;0;0;1;1;0;2;-25,49317991;-49,34370776;"SPRF-PR";"DEL01-PR";"UOP01-DEL01-PR"
367478;2021-06-30;"quarta-feira";"23:30:00";"SP";381;69,5;"MAIRIPORA";"Velocidade Incompatível";"Tombamento";"Com Vítimas Feridas";"Plena Noite";"Decrescente";"Céu Claro";"Dupla";"Curva";"Não";2;0;1;0;0;2;1;3;-23,34553108;-46,56787903;"SPRF-SP";"DEL03-SP";"UOP01-DEL03-SP"
367480;2021-06-30;"quarta-feira";"12:15:00";"MA";226;570;"PORTO FRANCO";"Condutor Dormindo";"Colisão frontal";"Com Vítimas Feridas";"Pleno dia";"Decrescente";"Céu Claro";"Simples";"Reta";"Não";3;0;1;0;1;2;1;4;-6,348568;-47,371593;"SPRF-MA";"DEL04-MA";"UOP02-DEL04-MA"
367481;2021-07-01;"quinta-feira";"00:05:00";"MG";381;448,8;"SANTA LUZIA";"Entrada inopinada do pedestre";"Atropelamento de Pedestre";"Com Vítimas Feridas";"Plena Noite";"Crescente";"Céu Claro";"Simples";"Reta;Declive";"Sim";2;0;0;1;0;1;1;2;-19,8228018;-43,8275947;"SPRF-MG";"DEL01-MG";"UOP01-DEL01-MG"
367488;2021-06-30;"quarta-feira";"23:40:00";"MG";267;28;"ARGIRITA";"Velocidade Incompatível";"Saída de leito carroçável";"Com Vítimas Feridas";"Plena Noite";"Decrescente";"Nublado";"Simples";"Curva";"Não";1;0;1;0;0;0;1;1;-21,62799078;-42,83040926;"SPRF-MG";"DEL07-MG";"UOP01-DEL07-MG"
367491;2021-07-01;"quinta-feira";"02:00:00";"RJ";101;83;"CAMPOS DOS GOYTACAZES";"Condutor Dormindo";"Colisão lateral sentido oposto";"Com Vítimas Feridas";"Plena Noite";"Crescente";"Céu Claro";"Simples";"Curva";"Sim";3;0;2;0;1;0;2;2;-21,82078753;-41,46909714;"SPRF-RJ";"DEL08-RJ";"UOP02-DEL08-RJ"
367493;2021-07-01;"quinta-feira";"04:05:00";"RS";101;70,3;"OSORIO";"Condutor Dormindo";"Tombamento";"Com Vítimas Feridas";"Plena Noite";"Decrescente";"Nublado";"Dupla";"Reta";"Não";3;0;1;0;1;1;1;2;-29,75;-50,2122;"SPRF-RS";"DEL03-RS";"UOP01-DEL03-RS"
367495;2021-07-01;"quinta-feira";"03:30:00";"SC";101;87,7;"BARRA VELHA";"Ingestão de álcool pelo condutor";"Colisão frontal";"Com Vítimas Fatais";"Plena Noite";"Crescente";"Nublado";"Múltipla";"Curva;Aclive";"Sim";5;1;0;1;1;2;1;4;-26,6460195;-48,687329;"SPRF-SC";"DEL03-SC";"UOP02-DEL03-SC"
367496;2021-07-01;"quinta-feira";"04:50:00";"SP";116;23,5;"LAVRINHAS";"Ausência de reação do condutor";"Colisão traseira";"Com Vítimas Feridas";"Plena Noite";"Crescente";"Céu Claro";"Dupla";"Aclive";"Não";5;0;1;0;3;1;1;3;-22,58978112;-44,88535587;"SPRF-SP";"DEL08-SP";"UOP02-DEL08-SP"
367497;2021-07-01;"quinta-feira";"04:30:00";"PI";343;311;"ALTOS";"Velocidade Incompatível";"Tombamento";"Sem Vítimas";"Amanhecer";"Decrescente";"Ignorado";"Simples";"Curva";"Não";2;0;0;0;1;2;0;3;-5,039865;-42,49408;"SPRF-PI";"DEL01-PI";"UOP01-DEL01-PI"
367500;2021-07-01;"quinta-feira";"04:51:00";"PR";277;522;"GUARANIACU";"Condutor Dormindo";"Saída de leito carroçável";"Com Vítimas Feridas";"Plena Noite";"Decrescente";"Vento";"Simples";"Curva";"Não";2;0;1;0;0;1;1;2;-25,11018112;-52,85167802;"SPRF-PR";"DEL04-PR";"UOP01-DEL04-PR"
367501;2021-07-01;"quinta-feira";"06:20:00";"SC";101;40,9;"JOINVILLE";"Velocidade Incompatível";"Tombamento";"Com Vítimas Feridas";"Pleno dia";"Decrescente";"Céu Claro";"Dupla";"Curva";"Sim";3;0;1;0;1;2;1;4;-26,27176094;-48,89468382;"SPRF-SC";"DEL03-SC";"UOP01-DEL03-SC"
367510;2021-07-01;"quinta-feira";"03:30:00";"BA";101;935;"MUCURI";"Velocidade Incompatível";"Colisão lateral sentido oposto";"Com Vítimas Feridas";"Plena Noite";"Crescente";"Céu Claro";"Simples";"Reta";"Sim";3;0;1;0;1;1;1;3;-18,16840196;-39,91873914;"SPRF-BA";"DEL09-BA";"UOP02-DEL09-BA"
367512;2021-07-01;"quinta-feira";"07:30:00";"ES";101;147;"LINHARES";"Acessar a via sem observar a presença dos outros veículos";"Colisão lateral mesmo sentido";"Com Vítimas Feridas";"Pleno dia";"Crescente";"Céu Claro";"Dupla";"Interseção de Vias";"Sim";3;0;1;0;1;1;1;3;-19,37887202;-40,06657892;"SPRF-ES";"DEL04-ES";"UOP01-DEL04-ES"
367516;2021-07-01;"quinta-feira";"07:36:00";"GO";40;9;"VALPARAISO DE GOIAS";"Condutor deixou de manter distância do veículo da frente";"Queda de ocupante de veículo";"Com Vítimas Feridas";"Pleno dia";"Crescente";"Céu Claro";"Dupla";"Reta";"Sim";4;0;0;1;2;1;1;4;-16,120985;-47,964206;"SPRF-DF";"DEL01-DF";"UOP01-DEL01-DF"
367518;2021-07-01;"quinta-feira";"07:10:00";"SP";116;141,2;"SAO JOSE DOS CAMPOS";"Velocidade Incompatível";"Engavetamento";"Com Vítimas Feridas";"Pleno dia";"Crescente";"Sol";"Múltipla";"Reta";"Sim";4;0;1;0;3;0;1;4;-23,17004717;-45,82091491;"SPRF-SP";"DEL02-SP";"UOP01-DEL02-SP"
367519;2021-07-01;"quinta-feira";"06:20:00";"BA";116;565;"BREJOES";"Condutor deixou de manter distância do veículo da frente";"Saída de leito carroçável";"Com Vítimas Feridas";"Pleno dia";"Decrescente";"Céu Claro";"Simples";"Reta";"Não";2;0;1;0;0;1;1;2;-12,97080612;-39,93364785;"SPRF-BA";"DEL03-BA";"UOP02-DEL03-BA"
367521;2021-07-01;"quinta-feira";"07:30:00";"AL";101;192;"JUNQUEIRO";"Demais Fenômenos da natureza";"Colisão com objeto";"Sem Vítimas";"Pleno dia";"Crescente";"Chuva";"Simples";"Declive";"Não";3;0;0;0;3;0;0;1;-9,93276016;-36,48032295;"SPRF-AL";"DEL02-AL";"UOP02-DEL02-AL"
367523;2021-07-01;"quinta-feira";"07:50:00";"GO";40;7;"VALPARAISO DE GOIAS";"Acessar a via sem observar a presença dos outros veículos";"Colisão transversal";"Sem Vítimas";"Pleno dia";"Crescente";"Céu Claro";"Dupla";"Reta";"Sim";2;0;0;0;2;0;0;2;-16,108482;-47,972524;"SPRF-DF";"DEL01-DF";"UOP01-DEL01-DF"
367527;2021-07-01;"quinta-feira";"07:00:00";"MA";316;505,2;"CODO";"Ultrapassagem Indevida";"Colisão frontal";"Sem Vítimas";"Pleno dia";"Crescente";"Céu Claro";"Múltipla";"Reta";"Não";9;0;0;0;8;1;0;4;-4,726038;-43,721817;"SPRF-MA";"DEL03-MA";"UOP02-DEL03-MA"
367529;2021-07-01;"quinta-feira";"05:35:00";"MA";222;540;"BOM JESUS DAS SELVAS";"Reação tardia ou ineficiente do condutor";"Colisão traseira";"Com Vítimas Fatais";"Amanhecer";"Decrescente";"Céu Claro";"Simples";"Aclive";"Não";7;1;0;0;5;1;0;3;-4,359907;-46,623607;"SPRF-MA";"DEL04-MA";"UOP03-DEL04-MA"
367531;2021-07-01;"quinta-feira";"09:11:00";"RJ";101;59;"CAMPOS DOS GOYTACAZES";"Manobra de mudança de faixa";"Colisão lateral mesmo sentido";"Com Vítimas Feridas";"Pleno dia";"Crescente";"Céu Claro";"Simples";"Reta";"Sim";4;0;1;0;2;2;1;5;-21,71366497;-41,30861915;"SPRF-RJ";"DEL08-RJ";"UOP01-DEL08-RJ"
367534;2021-07-01;"quinta-feira";"06:50:00";"PR";163;53,2;"PEROLA DOESTE";"Velocidade Incompatível";"Tombamento";"Com Vítimas Feridas";"Pleno dia";"Crescente";"Céu Claro";"Simples";"Curva";"Não";2;0;1;0;0;2;1;3;-25,924934;-53,750908;"SPRF-PR";"DEL02-PR";"UOP02-DEL02-PR"
367539;2021-07-01;"quinta-feira";"10:10:00";"ES";262;80;"DOMINGOS MARTINS";"Velocidade Incompatível";"Tombamento";"Sem Vítimas";"Pleno dia";"Crescente";"Céu Claro";"Simples";"Curva;Declive";"Não";2;0;0;0;1;1;0;2;-20,40924049;-40,94035394;"SPRF-ES";"DEL01-ES";"UOP02-DEL01-ES"
367540;2021-07-01;"quinta-feira";"10:20:00";"RJ";116;220;"PARACAMBI";"Curva acentuada";"Tombamento";"Com Vítimas Feridas";"Pleno dia";"Crescente";"Céu Claro";"Dupla";"Curva";"Não";1;0;1;0;0;0;1;1;-22,66641637;-43,81872699;"SPRF-RJ";"DEL07-RJ";"UOP01-DEL07-RJ"
367544;2021-07-01;"quinta-feira";"08:50:00";"SC";101;148;"ITAPEMA";"Acessar a via sem observar a presença dos outros veículos";"Colisão lateral mesmo sentido";"Com Vítimas Feridas";"Pleno dia";"Crescente";"Céu Claro";"Dupla";"Reta";"Sim";2;0;1;0;1;0;1;2;-27,10123686;-48,61807962;"SPRF-SC";"DEL04-SC";"UOP03-DEL04-SC"
367554;2021-07-01;"quinta-feira";"11:50:00";"TO";153;209;"NOVA OLINDA";"Reação tardia ou ineficiente do condutor";"Colisão transversal";"Com Vítimas Fatais";"Pleno dia";"Crescente";"Céu Claro";"Simples";"Reta";"Sim";6;1;1;0;2;5;1;9;-7,72636509;-48,44519874;"SPRF-TO";"DEL02-TO";"UOP01-DEL02-TO"
367556;2021-07-01;"quinta-feira";"11:15:00";"PR";158;518,8;"PATO BRANCO";"Manobra de mudança de faixa";"Colisão lateral mesmo sentido";"Com Vítimas Feridas";"Pleno dia";"Decrescente";"Céu Claro";"Simples";"Reta";"Não";3;0;1;0;0;2;1;3;-26,09143093;-52,64434119;"SPRF-PR";"DEL02-PR";"UOP01-DEL02-PR"
367561;2021-07-01;"quinta-feira";"12:55:00";"MG";381;699,6;"LAVRAS";"Mal súbito do condutor";"Saída de leito carroçável";"Com Vítimas Fatais";"Pleno dia";"Decrescente";"Céu Claro";"Dupla";"Reta;Declive";"Não";1;1;0;0;0;0;0;1;-21,2775478;-45,13946414;"SPRF-MG";"DEL04-MG";"UOP02-DEL04-MG"
367568;2021-07-01;"quinta-feira";"07:15:00";"MG";116;782;"LEOPOLDINA";"Reação tardia ou ineficiente do condutor";"Saída de leito carroçável";"Com Vítimas Feridas";"Amanhecer";"Decrescente";"Céu Claro";"Simples";"Curva";"Não";2;0;1;0;0;1;1;2;-21,627038;-42,69996898;"SPRF-MG";"DEL07-MG";"UOP01-DEL07-MG"
367569;2021-07-01;"quinta-feira";"10:15:00";"MT";364;241,2;"JUSCIMEIRA";"Ausência de reação do condutor";"Colisão lateral mesmo sentido";"Com Vítimas Feridas";"Pleno dia";"Decrescente";"Sol";"Dupla";"Aclive";"Não";4;0;2;0;1;1;2;3;-16,17086222;-54,79226759;"SPRF-MT";"DEL02-MT";"UOP01-DEL02-MT"
367572;2021-02-05;"sexta-feira";"05:15:00";"PI";135;127;"BERTOLINIA";"Ausência de reação do condutor";"Saída de leito carroçável";"Com Vítimas Feridas";"Amanhecer";"Decrescente";"Céu Claro";"Simples";"Curva;Declive";"Não";2;0;1;0;0;1;1;2;-7,66499735;-43,95114347;"SPRF-PI";"DEL03-PI";"UOP01-DEL03-PI"
367574;2021-07-01;"quinta-feira";"10:05:00";"SC";101;288,3;"IMBITUBA";"Desrespeitar a preferência no cruzamento";"Colisão transversal";"Com Vítimas Feridas";"Pleno dia";"Decrescente";"Sol";"Dupla";"Rotatória";"Sim";2;0;0;1;1;0;1;2;-28,24598003;-48,70010284;"SPRF-SC";"DEL02-SC";"UOP03-DEL02-SC"
367575;2021-07-01;"quinta-feira";"11:50:00";"SP";116;404;"MIRACATU";"Reação tardia ou ineficiente do condutor";"Colisão traseira";"Com Vítimas Feridas";"Pleno dia";"Decrescente";"Céu Claro";"Dupla";"Reta";"Não";4;0;1;0;2;1;1;3;-24,322441;-47,541959;"SPRF-SP";"DEL04-SP";"UOP02-DEL04-SP"
367579;2021-07-01;"quinta-feira";"08:30:00";"MA";316;555;"CAXIAS";"Curva acentuada";"Saída de leito carroçável";"Com Vítimas Feridas";"Pleno dia";"Decrescente";"Céu Claro";"Dupla";"Curva";"Não";3;0;1;0;1;1;1;2;-4,871665;-43,322151;"SPRF-MA";"DEL03-MA";"UOP02-DEL03-MA"
367582;2021-07-01;"quinta-feira";"14:10:00";"RN";304;69,7;"MOSSORO";"Manobra de mudança de faixa";"Colisão lateral sentido oposto";"Com Vítimas Feridas";"Pleno dia";"Crescente";"Chuva";"Simples";"Reta";"Não";5;0;4;0;1;0;4;2;-5,40034961;-37,22614288;"SPRF-RN";"DEL04-RN";"UOP01-DEL04-RN"
367583;2021-07-01;"quinta-feira";"13:50:00";"SP";116;125;"CACAPAVA";"Acessar a via sem observar a presença dos outros veículos";"Colisão traseira";"Sem Vítimas";"Pleno dia";"Crescente";"Céu Claro";"Dupla";"Reta";"Não";2;0;0;0;2;0;0;2;-23,09872598;-45,68608201;"SPRF-SP";"DEL02-SP";"UOP02-DEL02-SP"
367586;2021-07-01;"quinta-feira";"14:20:00";"RS";448;0,6;"ESTEIO";"Velocidade Incompatível";"Tombamento";"Sem Vítimas";"Pleno dia";"Decrescente";"Céu Claro";"Dupla";"Aclive;Curva";"Sim";2;0;0;0;1;1;0;2;-29,836086;-51,182426;"SPRF-RS";"DEL01-RS";"UOP02-DEL01-RS"
367592;2021-07-01;"quinta-feira";"12:29:00";"MG";50;179,3;"UBERABA";"Ingestão de álcool ou de substâncias psicoativas pelo pedestre";"Atropelamento de Pedestre";"Com Vítimas Feridas";"Pleno dia";"Decrescente";"Sol";"Dupla";"Reta;Declive";"Sim";4;0;0;1;1;3;1;4;-19,77827047;-47,93140998;"SPRF-MG";"DEL13-MG";"UOP01-DEL13-MG"
367596;2021-07-01;"quinta-feira";"14:10:00";"PR";277;136;"CAMPO LARGO";"Velocidade Incompatível";"Colisão traseira";"Com Vítimas Feridas";"Pleno dia";"Crescente";"Céu Claro";"Dupla";"Curva;Aclive";"Não";5;0;0;1;3;2;1;5;-25,44518045;-49,4985659;"SPRF-PR";"DEL01-PR";"UOP03-DEL03-PR"
367601;2021-07-01;"quinta-feira";"15:46:00";"ES";101;299,9;"VIANA";"Ausência de sinalização";"Colisão transversal";"Com Vítimas Feridas";"Pleno dia";"Crescente";"Céu Claro";"Múltipla";"Viaduto;Interseção de Vias;Retorno Regulamentado";"Sim";2;0;1;0;1;0;1;2;-20,35860628;-40,42327504;"SPRF-ES";"DEL01-ES";"UOP01-DEL01-ES"
367617;2021-07-01;"quinta-feira";"15:45:00";"RO";0;0;"VILHENA";"Desrespeitar a preferência no cruzamento";"Colisão transversal";"Com Vítimas Feridas";"Pleno dia";"Não Informado";"Céu Claro";"Simples";"Interseção de Vias";"Sim";2;0;1;0;1;0;1;2;-12,8330177;-60,0746497;"SPRF-RO";"DEL04-RO";"UOP01-DEL04-RO"
367626;2021-07-01;"quinta-feira";"17:30:00";"GO";50;98,2;"CRISTALINA";"Ausência de reação do condutor";"Colisão traseira";"Com Vítimas Feridas";"Anoitecer";"Decrescente";"Céu Claro";"Simples";"Reta";"Sim";2;0;0;1;1;0;1;2;-16,77132842;-47,62002653;"SPRF-DF";"DEL01-DF";"UOP02-DEL01-DF"
367629;2021-07-01;"quinta-feira";"17:15:00";"PR";277;254,8;"IRATI";"Desrespeitar a preferência no cruzamento";"Colisão frontal";"Sem Vítimas";"Pleno dia";"Decrescente";"Céu Claro";"Simples";"Reta";"Não";3;0;0;0;2;1;0;3;-25,419079;-50,761551;"SPRF-PR";"DEL03-PR";"UOP03-DEL03-PR"
367633;2021-07-01;"quinta-feira";"18:15:00";"PR";376;134;"NOVA ESPERANCA";"Animais na Pista";"Atropelamento de Animal";"Com Vítimas Feridas";"Anoitecer";"Decrescente";"Céu Claro";"Dupla";"Reta";"Não";2;0;0;1;1;0;1;2;-23,19499451;-52,20268041;"SPRF-PR";"DEL09-PR";"UOP02-DEL09-PR"
367638;2021-07-01;"quinta-feira";"13:00:00";"TO";153;210;"NOVA OLINDA";"Fumaça";"Colisão traseira";"Sem Vítimas";"Pleno dia";"Decrescente";"Céu Claro";"Simples";"Reta";"Não";2;0;0;0;2;0;0;2;-7,73494004;-48,44802389;"SPRF-TO";"DEL02-TO";"UOP01-DEL02-TO"
367641;2021-07-01;"quinta-feira";"14:30:00";"PR";476;153;"ARAUCARIA";"Demais falhas mecânicas ou elétricas";"Colisão com objeto";"Sem Vítimas";"Pleno dia";"Decrescente";"Céu Claro";"Múltipla";"Reta";"Sim";2;0;0;0;1;1;0;2;-25,577307;-49,392338;"SPRF-PR";"DEL01-PR";"UOP03-DEL01-PR"
367642;2021-07-01;"quinta-feira";"18:13:00";"BA";116;476;"SANTO ESTEVAO";"Pedestre andava na pista";"Atropelamento de Pedestre";"Com Vítimas Fatais";"Plena Noite";"Decrescente";"Nublado";"Dupla";"Reta";"Não";2;1;0;0;1;0;0;2;-12,49267041;-39,3355288;"SPRF-BA";"DEL02-BA";"UOP01-DEL02-BA"
367654;2021-07-01;"quinta-feira";"19:45:00";"PE";423;21,9;"SAO CAITANO";"Ingestão de álcool pelo condutor";"Colisão frontal";"Com Vítimas Feridas";"Plena Noite";"Crescente";"Céu Claro";"Simples";"Reta";"Não";3;0;1;1;1;0;2;2;-8,34587741;-36,16528759;"SPRF-PE";"DEL02-PE";"UOP03-DEL02-PE"
367655;2021-07-01;"quinta-feira";"18:10:00";"SC";282;502;"XANXERE";"Acessar a via sem observar a presença dos outros veículos";"Queda de ocupante de veículo";"Com Vítimas Feridas";"Anoitecer";"Crescente";"Céu Claro";"Dupla";"Interseção de Vias";"Sim";3;0;0;1;2;0;1;3;-26,88506226;-52,3937881;"SPRF-SC";"DEL07-SC";"UOP01-DEL07-SC"
367657;2021-07-01;"quinta-feira";"18:55:00";"ES";101;37;"CONCEICAO DA BARRA";"Pedestre andava na pista";"Atropelamento de Pedestre";"Com Vítimas Feridas";"Plena Noite";"Decrescente";"Nublado";"Simples";"Reta";"Não";2;0;0;1;0;1;1;2;-18,47332967;-39,92661186;"SPRF-ES";"DEL04-ES";"UOP02-DEL04-ES"
367658;2021-07-01;"quinta-feira";"18:10:00";"BA";116;476;"SANTO ESTEVAO";"Condutor deixou de manter distância do veículo da frente";"Colisão traseira";"Com Vítimas Fatais";"Plena Noite";"Decrescente";"Nublado";"Múltipla";"Reta";"Não";3;1;0;0;1;1;0;3;-12,49267041;-39,3355288;"SPRF-BA";"DEL02-BA";"UOP01-DEL02-BA"
367660;2021-07-01;"quinta-feira";"20:00:00";"PA";163;1002;"SANTAREM";"Reação tardia ou ineficiente do condutor";"Colisão traseira";"Com Vítimas Feridas";"Plena Noite";"Decrescente";"Céu Claro";"Simples";"Reta";"Sim";2;0;0;1;0;1;1;2;-2,45567004;-54,72854541;"SPRF-PA";"DEL05-PA";"UOP01-DEL05-PA"
367665;2021-07-01;"quinta-feira";"11:30:00";"BA";116;775,8;"PLANALTO";"Condutor deixou de manter distância do veículo da frente";"Engavetamento";"Sem Vítimas";"Pleno dia";"Crescente";"Céu Claro";"Simples";"Reta";"Não";4;0;0;0;3;4;0;7;-14,59057296;-40,43438011;"SPRF-BA";"DEL08-BA";"UOP02-DEL08-BA"
367670;2021-07-01;"quinta-feira";"19:10:00";"RJ";493;4;"ITABORAI";"Conversão proibida";"Colisão lateral mesmo sentido";"Com Vítimas Feridas";"Plena Noite";"Decrescente";"Céu Claro";"Dupla";"Em Obras";"Sim";3;0;1;0;2;0;1;2;-22,74828913;-42,9500441;"SPRF-RJ";"DEL02-RJ";"UOP02-DEL02-RJ"
367671;2021-07-01;"quinta-feira";"21:00:00";"CE";222;20,8;"CAUCAIA";"Chuva";"Tombamento";"Com Vítimas Feridas";"Plena Noite";"Crescente";"Chuva";"Simples";"Rotatória";"Não";1;0;1;0;0;0;1;1;-3,73585791;-38,74419473;"SPRF-CE";"DEL01-CE";"UOP01-DEL01-CE"
367672;2021-07-01;"quinta-feira";"16:40:00";"MG";381;441;"SABARA";"Demais falhas mecânicas ou elétricas";"Derramamento de carga";"Sem Vítimas";"Pleno dia";"Decrescente";"Céu Claro";"Simples";"Reta";"Não";1;0;0;0;1;0;0;1;-19,81604176;-43,80389901;"SPRF-MG";"DEL01-MG";"UOP01-DEL01-MG"
367676;2021-07-01;"quinta-feira";"22:15:00";"PR";476;169;"ARAUCARIA";"Reação tardia ou ineficiente do condutor";"Colisão transversal";"Com Vítimas Feridas";"Plena Noite";"Decrescente";"Céu Claro";"Dupla";"Reta";"Não";3;0;1;0;1;1;1;3;-25,666254;-49,495918;"SPRF-PR";"DEL01-PR";"UOP03-DEL01-PR"
367682;2021-07-02;"sexta-feira";"00:30:00";"MG";381;728,8;"CARMO DA CACHOEIRA";"Velocidade Incompatível";"Saída de leito carroçável";"Com Vítimas Feridas";"Plena Noite";"Crescente";"Nublado";"Dupla";"Curva";"Não";3;0;1;0;1;1;1;2;-21,49176546;-45,21048009;"SPRF-MG";"DEL04-MG";"UOP02-DEL04-MG"
367683;2021-07-02;"sexta-feira";"00:10:00";"PR";369;478,8;"CORBELIA";"Transitar na contramão";"Colisão lateral sentido oposto";"Com Vítimas Fatais";"Plena Noite";"Crescente";"Céu Claro";"Simples";"Reta";"Não";2;1;0;0;1;0;0;2;-24,6211;-53,2044;"SPRF-PR";"DEL04-PR";"UOP03-DEL04-PR"
367685;2021-07-02;"sexta-feira";"01:00:00";"MG";381;928;"ITAPEVA";"Pedestre cruzava a pista fora da faixa";"Atropelamento de Pedestre";"Com Vítimas Fatais";"Plena Noite";"Decrescente";"Céu Claro";"Dupla";"Curva";"Sim";3;1;0;0;1;1;0;3;-22,79564412;-46,25379582;"SPRF-MG";"DEL16-MG";"UOP03-DEL16-MG"
367687;2021-07-02;"sexta-feira";"03:00:00";"PR";369;247;"BOM SUCESSO";"Ausência de sinalização";"Colisão lateral sentido oposto";"Com Vítimas Feridas";"Plena Noite";"Crescente";"Céu Claro";"Simples";"Reta";"Não";2;0;1;0;0;1;1;2;-23,70426579;-51,73290253;"SPRF-PR";"DEL09-PR";"UOP01-DEL09-PR"
367689;2021-07-02;"sexta-feira";"02:15:00";"GO";60;137;"GOIANIA";"Demais falhas mecânicas ou elétricas";"Saída de leito carroçável";"Com Vítimas Feridas";"Plena Noite";"Crescente";"Céu Claro";"Múltipla";"Curva";"Sim";3;0;1;0;2;0;1;1;-16,60738;-49,204782;"SPRF-GO";"DEL01-GO";"UOP01-DEL01-GO"