"id";"data_inversa";"dia_semana";"horario";"uf";"br";"km";"municipio";"causa_acidente";"tipo_acidente";"classificacao_acidente";"fase_dia";"sentido_via";"condicao_metereologica";"tipo_pista";"tracado_via";"uso_solo";"pessoas";"mortos";"feridos_leves";"feridos_graves";"ilesos";"ignorados";"feridos";"veiculos";"latitude";"longitude";"regional";"delegacia";"uop"
367701;2021-06-24;"quinta-feira";"06:15:00";"RS";386;357,9;"ESTRELA";"Condutor deixou de manter distância do veículo da frente";"Colisão traseira";"Com Vítimas Feridas";"Amanhecer";"Crescente";"Céu Claro";"Dupla";"Reta";"Sim";4;0;1;1;1;2;2;5;-29,528872;-51,928249;"SPRF-RS";"DEL04-RS";"UOP02-DEL04-RS"
367702;2021-07-02;"sexta-feira";"05:40:00";"MG";364;0;"PLANURA";"Falta de acostamento";"Saída de leito carroçável";"Com Vítimas Fatais";"Amanhecer";"Crescente";"Céu Claro";"Simples";"Reta";"Não";2;1;0;0;0;1;0;2;-20,162006;-48,689503;"SPRF-MG";"DEL13-MG";"UOP02-DEL13-MG"
367703;2021-07-01;"quinta-feira";"21:40:00";"BA";116;727,7;"BOA NOVA";"Ultrapassagem Indevida";"Colisão frontal";"Com Vítimas Fatais";"Plena Noite";"Crescente";"Céu Claro";"Simples";"Curva";"Não";4;1;0;2;0;1;2;3;-14,25456296;-40,28613818;"SPRF-BA";"DEL08-BA";"UOP02-DEL08-BA"
367704;2021-07-02;"sexta-feira";"06:30:00";"GO";414;414,4;"ABADIANIA";"Condutor Dormindo";"Colisão lateral sentido oposto";"Com Vítimas Feridas";"Amanhecer";"Crescente";"Céu Claro";"Simples";"Reta";"Não";2;0;0;1;1;0;1;2;-16,05858626;-48,85401759;"SPRF-GO";"DEL02-GO";"UOP01-DEL02-GO"
367709;2021-07-02;"sexta-feira";"06:15:00";"RS";290;14,3;"SANTO ANTONIO DA PATRULHA";"Condutor Dormindo";"Saída de leito carroçável";"Com Vítimas Fatais";"Plena Noite";"Crescente";"Nublado";"Dupla";"Curva";"Não";2;1;0;0;0;1;0;2;-29,86529419;-50,40495526;"SPRF-RS";"DEL03-RS";"UOP01-DEL03-RS"
367711;2021-05-23;"domingo";"18:50:00";"PR";476;111;"COLOMBO";"Transitar na contramão";"Colisão frontal";"Com Vítimas Feridas";"Plena Noite";"Crescente";"Céu Claro";"Simples";"Curva;Declive";"Não";8;0;1;4;2;2;5;5;-25,315056;-49,153545;"SPRF-PR";"DEL01-PR";"UOP02-DEL01-PR"
367719;2021-07-02;"sexta-feira";"07:55:00";"SP";116;219;"GUARULHOS";"Trafegar com motocicleta (ou similar) entre as faixas";"Colisão traseira";"Com Vítimas Feridas";"Pleno dia";"Crescente";"Nublado";"Múltipla";"Reta";"Não";2;0;1;0;1;0;1;2;-23,46143954;-46,48885316;"SPRF-SP";"DEL01-SP";"UOP01-DEL01-SP"
367726;2021-07-02;"sexta-feira";"08:00:00";"PR";476;138,7;"CURITIBA";"Reação tardia ou ineficiente do condutor";"Colisão traseira";"Com Vítimas Feridas";"Pleno dia";"Decrescente";"Céu Claro";"Múltipla";"Reta";"Sim";4;0;1;0;3;0;1;4;-25,505564;-49,283417;"SPRF-PR";"DEL01-PR";"UOP03-DEL01-PR"
367731;2021-07-02;"sexta-feira";"08:20:00";"GO";60;385,7;"RIO VERDE";"Ausência de reação do condutor";"Saída de leito carroçável";"Com Vítimas Feridas";"Pleno dia";"Crescente";"Céu Claro";"Dupla";"Declive";"Sim";1;0;0;1;0;0;1;1;-17,801378;-50,919396;"SPRF-GO";"DEL04-GO";"UOP01-DEL04-GO"
367733;2021-07-02;"sexta-feira";"07:30:00";"SC";470;4;"NAVEGANTES";"Condutor deixou de manter distância do veículo da frente";"Colisão traseira";"Com Vítimas Feridas";"Pleno dia";"Crescente";"Céu Claro";"Dupla";"Reta";"Sim";2;0;0;1;1;0;1;2;-26,861937;-48,681618;"SPRF-SC";"DEL04-SC";"UOP04-DEL04-SC"
367734;2021-07-02;"sexta-feira";"08:35:00";"RJ";393;164,5;"TRES RIOS";"Velocidade Incompatível";"Tombamento";"Com Vítimas Feridas";"Pleno dia";"Decrescente";"Céu Claro";"Simples";"Curva";"Não";2;0;1;0;0;1;1;2;-22,11074015;-43,11764107;"SPRF-RJ";"DEL05-RJ";"UOP01-DEL05-RJ"
367735;2021-07-02;"sexta-feira";"07:15:00";"MT";163;118,3;"RONDONOPOLIS";"Trafegar com motocicleta (ou similar) entre as faixas";"Colisão lateral mesmo sentido";"Com Vítimas Feridas";"Pleno dia";"Decrescente";"Céu Claro";"Dupla";"Reta";"Sim";5;0;1;0;2;2;1;4;-16,51361392;-54,65519619;"SPRF-MT";"DEL02-MT";"UOP01-DEL02-MT"
367741;2021-06-04;"sexta-feira";"13:30:00";"ES";101;227,5;"FUNDAO";"Entrada inopinada do pedestre";"Atropelamento de Pedestre";"Com Vítimas Feridas";"Pleno dia";"Decrescente";"Céu Claro";"Simples";"Reta";"Não";2;0;0;1;1;0;1;2;-19,909845;-40,406837;"SPRF-ES";"DEL02-ES";"UOP01-DEL02-ES"
367742;2021-07-02;"sexta-feira";"09:10:00";"GO";153;358,3;"JARAGUA";"Mal súbito do condutor";"Colisão lateral sentido oposto";"Com Vítimas Feridas";"Pleno dia";"Crescente";"Céu Claro";"Simples";"Reta";"Sim";3;0;0;1;1;1;1;3;-15,733754;-49,32386;"SPRF-GO";"DEL02-GO";"UOP02-DEL02-GO"
367745;2021-07-02;"sexta-feira";"05:15:00";"MT";174;569,5;"COMODORO";"Manobra de mudança de faixa";"Colisão frontal";"Com Vítimas Fatais";"Plena Noite";"Crescente";"Céu Claro";"Simples";"Reta";"Não";10;1;5;1;2;4;6;8;-13,01974017;-59,92758216;"SPRF-RO";"DEL04-RO";"UOP01-DEL04-RO"
367751;2021-07-02;"sexta-feira";"09:35:00";"PR";277;583;"CASCAVEL";"Problema com o freio";"Colisão com objeto";"Sem Vítimas";"Pleno dia";"Decrescente";"Céu Claro";"Dupla";"Reta";"Não";2;0;0;0;1;1;0;2;-24,97165493;-53,39428595;"SPRF-PR";"DEL04-PR";"UOP01-DEL04-PR"
367756;2021-07-02;"sexta-feira";"09:50:00";"PR";476;279;"SAO MATEUS DO SUL";"Ausência de reação do condutor";"Colisão traseira";"Sem Vítimas";"Amanhecer";"Decrescente";"Nevoeiro/Neblina";"Simples";"Declive";"Sim";3;0;0;0;2;1;0;3;-25,871132;-50,406021;"SPRF-PR";"DEL02-PR";"UOP04-DEL02-PR"
367760;2021-07-02;"sexta-feira";"11:00:00";"GO";158;53,8;"BOM JARDIM DE GOIAS";"Ultrapassagem Indevida";"Colisão lateral sentido oposto";"Com Vítimas Feridas";"Pleno dia";"Crescente";"Céu Claro";"Simples";"Reta";"Não";2;0;1;0;1;0;1;2;-16,2538027;-52,05297381;"SPRF-GO";"DEL04-GO";"UOP01-DEL04-GO"
367772;2021-07-02;"sexta-feira";"12:10:00";"BA";324;574;"SAO SEBASTIAO DO PASSE";"Condutor deixou de manter distância do veículo da frente";"Colisão traseira";"Com Vítimas Feridas";"Pleno dia";"Decrescente";"Chuva";"Dupla";"Reta";"Não";4;0;0;1;1;3;1;5;-12,5749608;-38,5419325;"SPRF-BA";"DEL01-BA";"UOP01-DEL01-BA"
367774;2021-07-02;"sexta-feira";"10:45:00";"MT";163;34;"ITIQUIRA";"Mal súbito do condutor";"Saída de leito carroçável";"Com Vítimas Feridas";"Pleno dia";"Decrescente";"Sol";"Dupla";"Reta";"Não";2;0;1;0;0;2;1;3;-17,217719;-54,75857505;"SPRF-MT";"DEL02-MT";"UOP01-DEL02-MT"
367776;2021-07-02;"sexta-feira";"08:15:00";"MT";158;680,2;"BARRA DO GARCAS";"Reação tardia ou ineficiente do condutor";"Colisão lateral sentido oposto";"Sem Vítimas";"Pleno dia";"Decrescente";"Céu Claro";"Simples";"Reta";"Não";3;0;0;0;2;3;0;5;-14,88734015;-52,28186454;"SPRF-MT";"DEL07-MT";"UOP01-DEL07-MT"
367778;2021-07-02;"sexta-feira";"13:05:00";"PE";101;9,5;"GOIANA";"Condutor deixou de manter distância do veículo da frente";"Colisão traseira";"Com Vítimas Feridas";"Pleno dia";"Crescente";"Céu Claro";"Dupla";"Reta";"Não";2;0;1;0;1;0;1;2;-7,57788903;-34,98847822;"SPRF-PE";"DEL01-PE";"UOP02-DEL01-PE"
367780;2021-06-12;"sábado";"19:30:00";"GO";452;185;"ITUMBIARA";"Ausência de reação do condutor";"Colisão com objeto";"Com Vítimas Fatais";"Plena Noite";"Decrescente";"Céu Claro";"Simples";"Reta;Aclive";"Não";3;1;0;0;1;2;0;4;-18,39956326;-49,31881109;"SPRF-GO";"DEL03-GO";"UOP02-DEL03-GO"
367783;2021-07-02;"sexta-feira";"13:10:00";"SP";116;303;"SAO LOURENCO DA SERRA";"Manobra de mudança de faixa";"Colisão lateral mesmo sentido";"Com Vítimas Feridas";"Pleno dia";"Decrescente";"Sol";"Dupla";"Curva";"Não";4;0;3;0;1;0;3;2;-23,82760675;-46,92631345;"SPRF-SP";"DEL04-SP";"UOP01-DEL04-SP"
367791;2021-07-02;"sexta-feira";"09:55:00";"SP";381;78,9;"SAO PAULO";"Velocidade Incompatível";"Tombamento";"Com Vítimas Feridas";"Pleno dia";"Decrescente";"Sol";"Dupla";"Aclive;Viaduto;Curva";"Sim";2;0;1;0;0;1;1;2;-23,40530163;-46,57948852;"SPRF-SP";"DEL03-SP";"UOP01-DEL03-SP"
367793;2021-07-02;"sexta-feira";"09:10:00";"MA";135;178;"SAO MATEUS DO MARANHAO";"Animais na Pista";"Colisão lateral sentido oposto";"Com Vítimas Feridas";"Pleno dia";"Crescente";"Céu Claro";"Simples";"Reta";"Não";6;0;4;0;1;3;4;5;-4,00301408;-44,47055677;"SPRF-MA";"DEL01-MA";"UOP02-DEL01-MA"
367796;2021-07-02;"sexta-feira";"14:28:00";"ES";262;95,2;"DOMINGOS MARTINS";"Acessar a via sem observar a presença dos outros veículos";"Colisão transversal";"Sem Vítimas";"Pleno dia";"Crescente";"Céu Claro";"Simples";"Interseção de Vias";"Não";2;0;0;0;2;0;0;2;-20,36469445;-41,06269956;"SPRF-ES";"DEL01-ES";"UOP02-DEL01-ES"
367798;2021-07-02;"sexta-feira";"13:00:00";"MG";116;701,9;"MURIAE";"Desrespeitar a preferência no cruzamento";"Colisão transversal";"Com Vítimas Feridas";"Pleno dia";"Crescente";"Céu Claro";"Simples";"Reta;Interseção de Vias";"Sim";4;0;2;0;1;1;2;3;-21,11084891;-42,3806104;"SPRF-MG";"DEL07-MG";"UOP02-DEL07-MG"
367803;2021-05-19;"quarta-feira";"17:40:00";"ES";101;122,4;"SOORETAMA";"Conversão proibida";"Colisão traseira";"Com Vítimas Feridas";"Plena Noite";"Crescente";"Céu Claro";"Simples";"Reta";"Não";2;0;0;1;1;0;1;2;-19,16016593;-40,08315314;"SPRF-ES";"DEL04-ES";"UOP01-DEL04-ES"
367804;2021-07-02;"sexta-feira";"14:00:00";"ES";262;47,1;"MARECHAL FLORIANO";"Acessar a via sem observar a presença dos outros veículos";"Colisão transversal";"Com Vítimas Feridas";"Pleno dia";"Crescente";"Céu Claro";"Simples";"Reta";"Não";2;0;0;1;1;0;1;2;-20,41130252;-40,67926543;"SPRF-ES";"DEL01-ES";"UOP01-DEL01-ES"
367805;2021-07-02;"sexta-feira";"08:45:00";"RS";158;309,8;"ITAARA";"Acessar a via sem observar a presença dos outros veículos";"Colisão transversal";"Com Vítimas Feridas";"Pleno dia";"Crescente";"Céu Claro";"Múltipla";"Curva";"Sim";4;0;1;0;2;1;1;3;-29,60931954;-53,76545906;"SPRF-RS";"DEL09-RS";"UOP01-DEL09-RS"
367811;2021-06-24;"quinta-feira";"17:25:00";"PR";277;243;"IRATI";"Acessar a via sem observar a presença dos outros veículos";"Colisão traseira";"Com Vítimas Feridas";"Pleno dia";"Crescente";"Céu Claro";"Simples";"Reta";"Não";4;0;1;0;1;2;1;4;-25,46419687;-50,56581801;"SPRF-PR";"DEL03-PR";"UOP03-DEL03-PR"
367819;2021-07-02;"sexta-feira";"16:30:00";"MG";40;519;"RIBEIRAO DAS NEVES";"Ultrapassagem Indevida";"Colisão lateral mesmo sentido";"Com Vítimas Feridas";"Pleno dia";"Decrescente";"Céu Claro";"Dupla";"Reta";"Não";3;0;1;0;1;1;1;3;-19,83957589;-44,07684485;"SPRF-MG";"DEL01-MG";"UOP02-DEL01-MG"
367821;2021-05-13;"quinta-feira";"04:20:00";"MG";251;357;"PADRE CARVALHO";"Avarias e/ou desgaste excessivo no pneu";"Tombamento";"Com Vítimas Feridas";"Plena Noite";"Crescente";"Céu Claro";"Simples";"Reta";"Não";1;0;1;0;0;0;1;1;-16,2648796;-42,58558298;"SPRF-MG";"DEL12-MG";"UOP01-DEL12-MG"
367833;2021-07-02;"sexta-feira";"07:40:00";"GO";364;252;"JATAI";"Transitar no acostamento";"Colisão lateral mesmo sentido";"Com Vítimas Feridas";"Pleno dia";"Crescente";"Céu Claro";"Dupla";"Reta";"Não";3;0;0;1;1;3;1;5;-17,716991;-52,168941;"SPRF-GO";"DEL05-GO";"UOP01-DEL05-GO"
367834;2021-07-02;"sexta-feira";"17:15:00";"PR";476;146;"ARAUCARIA";"Manobra de mudança de faixa";"Colisão traseira";"Com Vítimas Feridas";"Anoitecer";"Crescente";"Céu Claro";"Dupla";"Reta";"Sim";5;0;1;1;2;2;2;6;-25,55144378;-49,33110237;"SPRF-PR";"DEL01-PR";"UOP03-DEL01-PR"
367835;2021-07-02;"sexta-feira";"16:50:00";"RJ";116;222,2;"PARACAMBI";"Demais falhas mecânicas ou elétricas";"Incêndio";"Sem Vítimas";"Pleno dia";"Crescente";"Nublado";"Simples";"Curva";"Não";2;0;0;0;1;1;0;2;-22,6896952;-43,79175108;"SPRF-RJ";"DEL07-RJ";"UOP01-DEL07-RJ"
367837;2021-07-02;"sexta-feira";"16:26:00";"RO";319;64;"PORTO VELHO";"Trafegar com motocicleta (ou similar) entre as faixas";"Colisão lateral mesmo sentido";"Com Vítimas Fatais";"Pleno dia";"Crescente";"Céu Claro";"Dupla";"Reta";"Sim";4;1;0;0;2;2;0;5;-8,766685;-63,884052;"SPRF-RO";"DEL01-RO";"UOP01-DEL01-RO"
367851;2021-07-02;"sexta-feira";"18:30:00";"RS";285;135;"VACARIA";"Ultrapassagem Indevida";"Engavetamento";"Sem Vítimas";"Plena Noite";"Crescente";"Céu Claro";"Simples";"Reta";"Não";7;0;0;0;6;1;0;4;-28,422998;-51,029484;"SPRF-RS";"DEL05-RS";"UOP03-DEL05-RS"
367852;2021-07-02;"sexta-feira";"17:40:00";"RJ";101;296;"ITABORAI";"Condutor deixou de manter distância do veículo da frente";"Colisão traseira";"Com Vítimas Feridas";"Pleno dia";"Decrescente";"Céu Claro";"Dupla";"Reta";"Sim";2;0;1;0;1;0;1;2;-22,7670498;-42,91019601;"SPRF-RJ";"DEL02-RJ";"UOP02-DEL02-RJ"
367853;2021-07-02;"sexta-feira";"19:00:00";"RS";468;131,9;"TIRADENTES DO SUL";"Curva acentuada";"Saída de leito carroçável";"Com Vítimas Feridas";"Plena Noite";"Decrescente";"Céu Claro";"Simples";"Curva";"Não";2;0;1;0;0;1;1;2;-27,37751185;-54,10296799;"SPRF-RS";"DEL08-RS";"UOP02-DEL08-RS"
367878;2021-07-02;"sexta-feira";"20:30:00";"PR";277;181,8;"PALMEIRA";"Reação tardia ou ineficiente do condutor";"Colisão traseira";"Com Vítimas Feridas";"Plena Noite";"Crescente";"Céu Claro";"Simples";"Aclive";"Não";5;0;0;1;3;2;1;5;-25,42886433;-50,02941398;"SPRF-PR";"DEL03-PR";"UOP03-DEL03-PR"
367886;2021-07-02;"sexta-feira";"21:30:00";"PR";116;155;"MANDIRITUBA";"Ausência de reação do condutor";"Engavetamento";"Sem Vítimas";"Plena Noite";"Crescente";"Céu Claro";"Simples";"Reta";"Não";4;0;0;0;3;1;0;4;-25,85128206;-49,35740289;"SPRF-PR";"DEL01-PR";"UOP03-DEL01-PR"
367891;2021-07-02;"sexta-feira";"19:20:00";"MS";60;515,5;"NIOAQUE";"Problema com o freio";"Tombamento";"Com Vítimas Feridas";"Pleno dia";"Crescente";"Céu Claro";"Simples";"Declive";"Não";2;0;1;0;0;1;1;2;-21,17477404;-55,6368241;"SPRF-MS";"DEL05-MS";"UOP01-DEL05-MS"
367896;2021-07-02;"sexta-feira";"22:35:00";"RS";290;444,7;"SAO GABRIEL";"Velocidade Incompatível";"Colisão traseira";"Com Vítimas Fatais";"Plena Noite";"Crescente";"Céu Claro";"Simples";"Reta";"Não";3;1;0;0;2;0;0;3;-30,257;-54,558182;"SPRF-RS";"DEL11-RS";"UOP02-DEL11-RS"
367898;2021-07-02;"sexta-feira";"19:30:00";"PR";376;239;"APUCARANA";"Reação tardia ou ineficiente do condutor";"Colisão traseira";"Sem Vítimas";"Plena Noite";"Crescente";"Céu Claro";"Dupla";"Aclive;Reta";"Não";3;0;0;0;2;2;0;4;-23,58261216;-51,44500092;"SPRF-PR";"DEL07-PR";"UOP02-DEL07-PR"
367901;2021-07-02;"sexta-feira";"19:05:00";"MT";70;326;"DOM AQUINO";"Avarias e/ou desgaste excessivo no pneu";"Eventos atípicos";"Sem Vítimas";"Plena Noite";"Decrescente";"Céu Claro";"Simples";"Reta";"Não";2;0;0;0;1;1;0;2;-15,517014;-54,732969;"SPRF-MT";"DEL05-MT";"UOP01-DEL05-MT"
367915;2021-07-03;"sábado";"00:40:00";"RJ";393;200,7;"RIO DAS FLORES";"Condutor Dormindo";"Saída de leito carroçável";"Com Vítimas Feridas";"Plena Noite";"Decrescente";"Céu Claro";"Simples";"Reta";"Não";2;0;1;0;1;0;1;2;-22,20969086;-43,39947704;"SPRF-RJ";"DEL05-RJ";"UOP03-DEL05-RJ"
367921;2021-07-02;"sexta-feira";"23:10:00";"MG";116;322,1;"ITAMBACURI";"Transitar na contramão";"Colisão frontal";"Com Vítimas Fatais";"Plena Noite";"Decrescente";"Céu Claro";"Simples";"Reta";"Não";3;2;0;0;1;0;0;2;-18,1723389;-41,70617231;"SPRF-MG";"DEL11-MG";"UOP01-DEL11-MG"
367922;2021-07-03;"sábado";"00:00:00";"MG";40;716,4;"BARBACENA";"Reação tardia ou ineficiente do condutor";"Colisão traseira";"Com Vítimas Fatais";"Plena Noite";"Decrescente";"Nevoeiro/Neblina";"Dupla";"Reta";"Não";2;1;0;0;0;1;0;2;-21,25153502;-43,66402206;"SPRF-MG";"DEL05-MG";"UOP01-DEL05-MG"
367925;2021-07-02;"sexta-feira";"19:20:00";"MT";158;737;"BARRA DO GARCAS";"Acessar a via sem observar a presença dos outros veículos";"Colisão transversal";"Com Vítimas Feridas";"Plena Noite";"Decrescente";"Céu Claro";"Simples";"Reta";"Não";6;0;1;0;4;1;1;3;-15,37259136;-52,19776154;"SPRF-MT";"DEL07-MT";"UOP01-DEL07-MT"
367926;2021-07-03;"sábado";"01:00:00";"SC";101;64;"ARAQUARI";"Ausência de reação do condutor";"Colisão traseira";"Com Vítimas Feridas";"Plena Noite";"Decrescente";"Céu Claro";"Dupla";"Reta";"Não";2;0;0;1;1;0;1;2;-26,46433196;-48,75063097;"SPRF-SC";"DEL03-SC";"UOP02-DEL03-SC"
367928;2021-05-07;"sexta-feira";"16:05:00";"SE";101;90,3;"NOSSA SENHORA DO SOCORRO";"Conversão proibida";"Colisão transversal";"Com Vítimas Feridas";"Pleno dia";"Decrescente";"Sol";"Múltipla";"Aclive";"Sim";3;0;0;1;1;1;1;3;-10,88923448;-37,13251233;"SPRF-SE";"DEL01-SE";"UOP01-DEL01-SE"
367934;2021-07-03;"sábado";"03:00:00";"SP";116;217,8;"GUARULHOS";"Transitar no acostamento";"Colisão traseira";"Com Vítimas Fatais";"Plena Noite";"Crescente";"Céu Claro";"Múltipla";"Reta";"Não";2;1;0;0;1;0;0;2;-23,45423824;-46,47119028;"SPRF-SP";"DEL01-SP";"UOP01-DEL01-SP"
367941;2021-07-03;"sábado";"03:30:00";"MT";70;520;"VARZEA GRANDE";"Acessar a via sem observar a presença dos outros veículos";"Colisão transversal";"Com Vítimas Feridas";"Plena Noite";"Decrescente";"Céu Claro";"Simples";"Reta";"Sim";3;0;0;1;1;3;1;5;-15,6807865;-56,1743561;"SPRF-MT";"DEL01-MT";"UOP02-DEL01-MT"
367944;2021-07-03;"sábado";"05:20:00";"MG";251;450;"GRAO MOGOL";"Velocidade Incompatível";"Saída de leito carroçável";"Com Vítimas Feridas";"Plena Noite";"Decrescente";"Céu Claro";"Simples";"Curva;Declive";"Não";3;0;0;1;0;4;1;5;-16,43081641;-43,2844162;"SPRF-MG";"DEL12-MG";"UOP01-DEL12-MG"
367947;2021-07-03;"sábado";"05:45:00";"MG";40;480;"SETE LAGOAS";"Manobra de mudança de faixa";"Colisão lateral mesmo sentido";"Com Vítimas Feridas";"Amanhecer";"Crescente";"Céu Claro";"Dupla";"Curva";"Não";3;0;1;0;1;1;1;3;-19,54293519;-44,2485434;"SPRF-MG";"DEL02-MG";"UOP01-DEL02-MG"
367949;2021-07-03;"sábado";"05:10:00";"BA";116;669,8;"JEQUIE";"Velocidade Incompatível";"Saída de leito carroçável";"Sem Vítimas";"Pleno dia";"Decrescente";"Céu Claro";"Simples";"Curva";"Sim";2;0;0;0;1;1;0;2;-13,833953;-40,106094;"SPRF-BA";"DEL03-BA";"UOP01-DEL03-BA"
367950;2021-07-03;"sábado";"04:00:00";"MA";135;0;"SAO LUIS";"Acumulo de areia ou detritos sobre o pavimento";"Colisão com objeto";"Sem Vítimas";"Plena Noite";"Crescente";"Chuva";"Dupla";"Curva";"Sim";2;0;0;0;1;1;0;2;-2,53073;-44,3068;"SPRF-MA";"DEL01-MA";"UOP01-DEL01-MA"
367954;2021-07-03;"sábado";"06:00:00";"MG";381;507;"SAO JOAQUIM DE BICAS";"Ingestão de substâncias psicoativas pelo condutor";"Colisão lateral mesmo sentido";"Sem Vítimas";"Pleno dia";"Crescente";"Céu Claro";"Múltipla";"Reta";"Sim";3;0;0;0;2;1;0;3;-20,04045035;-44,25979614;"SPRF-MG";"DEL01-MG";"UOP03-DEL01-MG"
367960;2021-07-02;"sexta-feira";"07:30:00";"RS";472;479;"ITAQUI";"Ingestão de álcool pelo condutor";"Saída de leito carroçável";"Sem Vítimas";"Plena Noite";"Crescente";"Céu Claro";"Simples";"Reta";"Não";2;0;0;0;0;3;0;3;-29,16492855;-56,41753703;"SPRF-RS";"DEL13-RS";"UOP01-DEL13-RS"
367961;2021-07-03;"sábado";"03:50:00";"SC";280;110;"SAO BENTO DO SUL";"Velocidade Incompatível";"Tombamento";"Com Vítimas Feridas";"Plena Noite";"Decrescente";"Nevoeiro/Neblina";"Simples";"Curva";"Não";2;0;1;0;0;1;1;2;-26,32140672;-49,38932175;"SPRF-SC";"DEL06-SC";"UOP03-DEL06-SC"
367962;2021-07-03;"sábado";"02:00:00";"RS";468;10;"PALMEIRA DAS MISSOES";"Transitar na contramão";"Colisão lateral sentido oposto";"Sem Vítimas";"Plena Noite";"Crescente";"Nublado";"Simples";"Reta";"Não";3;0;0;0;3;0;0;3;-27,84414982;-53,39625876;"SPRF-RS";"DEL08-RS";"UOP01-DEL08-RS"
367963;2021-07-03;"sábado";"06:30:00";"BA";116;928,2;"ENCRUZILHADA";"Manobra de mudança de faixa";"Colisão lateral mesmo sentido";"Com Vítimas Feridas";"Pleno dia";"Decrescente";"Céu Claro";"Simples";"Reta";"Não";3;0;1;0;1;1;1;2;-15,56937396;-41,26974608;"SPRF-BA";"DEL08-BA";"UOP03-DEL08-BA"
367964;2021-07-03;"sábado";"07:00:00";"MT";70;530,8;"VARZEA GRANDE";"Ultrapassagem Indevida";"Colisão lateral sentido oposto";"Com Vítimas Feridas";"Pleno dia";"Decrescente";"Céu Claro";"Simples";"Reta";"Não";3;0;1;0;1;4;1;6;-15,66061;-56,22087;"SPRF-MT";"DEL01-MT";"UOP02-DEL01-MT"
367968;2021-07-03;"sábado";"08:15:00";"PR";376;489,1;"PONTA GROSSA";"Problema com o freio";"Colisão com objeto";"Com Vítimas Feridas";"Pleno dia";"Decrescente";"Céu Claro";"Dupla";"Curva";"Sim";4;0;1;1;1;1;2;3;-25,14172584;-50,1586859;"SPRF-PR";"DEL03-PR";"UOP01-DEL03-PR"
367972;2021-07-03;"sábado";"07:30:00";"RS";290;378,3;"VILA NOVA DO SUL";"Reação tardia ou ineficiente do condutor";"Colisão traseira";"Com Vítimas Feridas";"Amanhecer";"Decrescente";"Céu Claro";"Simples";"Curva";"Não";7;0;1;1;4;2;2;5;-30,3533312;-53,945134;"SPRF-RS";"DEL09-RS";"UOP02-DEL09-RS"
367975;2021-05-19;"quarta-feira";"11:00:00";"ES";101;270,5;"SERRA";"Acessar a via sem observar a presença dos outros veículos";"Colisão transversal";"Com Vítimas Feridas";"Pleno dia";"Decrescente";"Céu Claro";"Múltipla";"Interseção de Vias";"Sim";3;0;0;1;2;0;1;3;-20,22662056;-40,27075088;"SPRF-ES";"DEL02-ES";"UOP01-DEL02-ES"
367978;2021-06-30;"quarta-feira";"06:30:00";"PR";277;620;"CEU AZUL";"Condutor deixou de manter distância do veículo da frente";"Colisão traseira";"Com Vítimas Feridas";"Pleno dia";"Decrescente";"Céu Claro";"Simples";"Reta";"Não";4;0;1;0;2;2;1;4;-25,08307845;-53,71064083;"SPRF-PR";"DEL05-PR";"UOP02-DEL05-PR"
367979;2021-07-03;"sábado";"09:05:00";"SC";470;67,2;"INDAIAL";"Reação tardia ou ineficiente do condutor";"Colisão traseira";"Com Vítimas Feridas";"Pleno dia";"Crescente";"Céu Claro";"Simples";"Reta";"Não";2;0;1;0;1;0;1;2;-26,87303854;-49,23310583;"SPRF-SC";"DEL04-SC";"UOP01-DEL04-SC"
367981;2021-07-03;"sábado";"08:40:00";"SP";116;150;"SAO JOSE DOS CAMPOS";"Condutor usando celular";"Colisão com objeto";"Com Vítimas Feridas";"Pleno dia";"Decrescente";"Céu Claro";"Dupla";"Reta";"Não";5;0;1;0;3;1;1;4;-23,21335525;-45,8930588;"SPRF-SP";"DEL02-SP";"UOP01-DEL02-SP"
367991;2021-07-03;"sábado";"09:50:00";"PR";376;628,8;"SAO JOSE DOS PINHAIS";"Ausência de reação do condutor";"Colisão traseira";"Com Vítimas Feridas";"Pleno dia";"Crescente";"Céu Claro";"Dupla";"Reta";"Não";4;0;1;0;2;1;1;3;-25,67832409;-49,14963231;"SPRF-PR";"DEL01-PR";"UOP04-DEL01-PR"
367993;2021-07-03;"sábado";"07:40:00";"RO";364;386;"OURO PRETO DO OESTE";"Conversão proibida";"Colisão transversal";"Com Vítimas Feridas";"Pleno dia";"Crescente";"Céu Claro";"Simples";"Reta";"Sim";3;0;1;0;1;1;1;3;-10,70116422;-62,26238327;"SPRF-RO";"DEL03-RO";"UOP02-DEL03-RO"
367998;2021-06-12;"sábado";"06:37:00";"PI";343;264,5;"CAMPO MAIOR";"Falta de acostamento";"Colisão lateral mesmo sentido";"Com Vítimas Feridas";"Pleno dia";"Decrescente";"Sol";"Simples";"Reta";"Sim";3;0;0;1;1;1;1;3;-4,827662;-42,162594;"SPRF-PI";"DEL01-PI";"UOP03-DEL01-PI"
368002;2021-07-03;"sábado";"10:00:00";"SC";101;211,7;"PALHOCA";"Frear bruscamente";"Colisão traseira";"Com Vítimas Feridas";"Pleno dia";"Decrescente";"Sol";"Múltipla";"Reta";"Sim";3;0;1;0;2;0;1;2;-27,62329313;-48,65245588;"SPRF-SC";"DEL01-SC";"UOP02-DEL01-SC"