"id";"data_inversa";"dia_semana";"horario";"uf";"br";"km";"municipio";"causa_acidente";"tipo_acidente";"classificacao_acidente";"fase_dia";"sentido_via";"condicao_metereologica";"tipo_pista";"tracado_via";"uso_solo";"pessoas";"mortos";"feridos_leves";"feridos_graves";"ilesos";"ignorados";"feridos";"veiculos";"latitude";"longitude";"regional";"delegacia";"uop"
368423;2021-07-05;"segunda-feira";"05:35:00";"PE";232;38,1;"VITORIA DE SANTO ANTAO";"Velocidade Incompatível";"Engavetamento";"Com Vítimas Fatais";"Amanhecer";"Decrescente";"Garoa/Chuvisco";"Dupla";"Aclive";"Não";9;1;2;0;5;1;2;7;-8,115526;-35,219997;"SPRF-PE";"DEL01-PE";"UOP01-DEL01-PE"
368428;2021-07-05;"segunda-feira";"05:30:00";"PE";101;64,7;"RECIFE";"Velocidade Incompatível";"Colisão lateral mesmo sentido";"Sem Vítimas";"Pleno dia";"Crescente";"Céu Claro";"Dupla";"Reta";"Não";3;0;0;0;2;1;0;3;-8,0162921;-34,94045886;"SPRF-PE";"DEL01-PE";"UOP01-DEL01-PE"
368430;2021-07-05;"segunda-feira";"05:50:00";"PE";101;85;"JABOATAO DOS GUARARAPES";"Demais falhas mecânicas ou elétricas";"Incêndio";"Sem Vítimas";"Pleno dia";"Decrescente";"Céu Claro";"Dupla";"Reta";"Não";2;0;0;0;1;1;0;2;-8,18065563;-34,95965322;"SPRF-PE";"DEL01-PE";"UOP01-DEL01-PE"
368445;2021-07-05;"segunda-feira";"06:40:00";"RJ";116;189;"QUEIMADOS";"Ausência de reação do condutor";"Colisão lateral mesmo sentido";"Com Vítimas Feridas";"Pleno dia";"Decrescente";"Céu Claro";"Dupla";"Reta";"Sim";4;0;2;0;1;1;2;3;-22,73765712;-43,49182298;"SPRF-RJ";"DEL01-RJ";"UOP02-DEL01-RJ"
368451;2021-07-05;"segunda-feira";"06:00:00";"MG";365;614,3;"UBERLANDIA";"Carga excessiva e/ou mal acondicionada";"Colisão com objeto";"Sem Vítimas";"Amanhecer";"Decrescente";"Céu Claro";"Simples";"Viaduto;Aclive;Reta";"Sim";2;0;0;0;1;1;0;2;-18,91224445;-48,21994901;"SPRF-MG";"DEL15-MG";"UOP01-DEL15-MG"
368452;2021-07-05;"segunda-feira";"06:10:00";"SC";280;116,2;"SAO BENTO DO SUL";"Velocidade Incompatível";"Saída de leito carroçável";"Sem Vítimas";"Amanhecer";"Decrescente";"Nevoeiro/Neblina";"Simples";"Curva";"Não";2;0;0;0;1;1;0;2;-26,2808956;-49,4169527;"SPRF-SC";"DEL06-SC";"UOP03-DEL06-SC"
368456;2021-07-05;"segunda-feira";"07:50:00";"MG";381;447,5;"SANTA LUZIA";"Velocidade Incompatível";"Tombamento";"Com Vítimas Fatais";"Amanhecer";"Crescente";"Céu Claro";"Simples";"Curva";"Não";2;1;0;0;1;0;0;2;-19,83447607;-43,85011601;"SPRF-MG";"DEL01-MG";"UOP01-DEL01-MG"
368457;2021-07-05;"segunda-feira";"07:15:00";"PR";277;637;"CEU AZUL";"Reação tardia ou ineficiente do condutor";"Colisão traseira";"Com Vítimas Fatais";"Pleno dia";"Decrescente";"Céu Claro";"Simples";"Reta;Aclive";"Sim";4;1;1;0;2;0;1;3;-25,15127997;-53,84435289;"SPRF-PR";"DEL05-PR";"UOP02-DEL05-PR"
368458;2021-07-05;"segunda-feira";"08:20:00";"RS";158;327;"SANTA MARIA";"Neblina";"Colisão transversal";"Sem Vítimas";"Pleno dia";"Crescente";"Nevoeiro/Neblina";"Simples";"Reta";"Não";2;0;0;0;2;0;0;2;-29,714945;-53,81083;"SPRF-RS";"DEL09-RS";"UOP01-DEL09-RS"
368466;2021-07-05;"segunda-feira";"08:10:00";"BA";324;574,7;"SAO SEBASTIAO DO PASSE";"Condutor deixou de manter distância do veículo da frente";"Colisão traseira";"Com Vítimas Feridas";"Pleno dia";"Crescente";"Chuva";"Dupla";"Reta;Declive";"Não";4;0;2;0;2;0;2;3;-12,57571671;-38,54149818;"SPRF-BA";"DEL01-BA";"UOP01-DEL01-BA"
368473;2021-04-28;"quarta-feira";"15:40:00";"MT";364;468,9;"VARZEA GRANDE";"Ultrapassagem Indevida";"Saída de leito carroçável";"Com Vítimas Feridas";"Pleno dia";"Decrescente";"Céu Claro";"Simples";"Reta;Aclive";"Não";3;0;2;0;0;2;2;3;-15,47294515;-56,30539414;"SPRF-MT";"DEL01-MT";"UOP02-DEL01-MT"
368477;2021-07-05;"segunda-feira";"09:40:00";"MG";40;579,3;"ITABIRITO";"Reação tardia ou ineficiente do condutor";"Colisão lateral mesmo sentido";"Com Vítimas Feridas";"Pleno dia";"Crescente";"Céu Claro";"Dupla";"Reta;Em Obras";"Não";7;0;0;1;5;3;1;9;-20,28638301;-43,94212592;"SPRF-MG";"DEL01-MG";"UOP02-DEL01-MG"
368481;2021-07-05;"segunda-feira";"09:15:00";"PE";101;9,3;"GOIANA";"Reação tardia ou ineficiente do condutor";"Colisão com objeto";"Com Vítimas Feridas";"Pleno dia";"Decrescente";"Sol";"Dupla";"Reta";"Não";1;0;0;1;0;0;1;1;-7,57788903;-34,98847822;"SPRF-PE";"DEL01-PE";"UOP02-DEL01-PE"
368483;2021-07-05;"segunda-feira";"10:25:00";"ES";101;211;"IBIRACU";"Condutor deixou de manter distância do veículo da frente";"Colisão lateral mesmo sentido";"Com Vítimas Feridas";"Pleno dia";"Decrescente";"Céu Claro";"Dupla";"Aclive";"Não";2;0;0;1;1;0;1;2;-19,80700903;-40,36767233;"SPRF-ES";"DEL02-ES";"UOP01-DEL02-ES"
368486;2021-07-01;"quinta-feira";"08:35:00";"MS";267;203,7;"NOVA ALVORADA DO SUL";"Ingestão de álcool pelo condutor";"Colisão lateral mesmo sentido";"Sem Vítimas";"Pleno dia";"Crescente";"Céu Claro";"Simples";"Reta";"Não";2;0;0;0;2;0;0;2;-21,58905207;-53,97772799;"SPRF-MS";"DEL02-MS";"UOP03-DEL02-MS"
368488;2021-06-28;"segunda-feira";"13:20:00";"MS";267;485,6;"JARDIM";"Demais falhas mecânicas ou elétricas";"Colisão com objeto";"Com Vítimas Feridas";"Pleno dia";"Decrescente";"Nublado";"Simples";"Curva;Declive";"Não";2;0;1;0;0;3;1;4;-21,4754849;-56,17435797;"SPRF-MS";"DEL05-MS";"UOP01-DEL05-MS"
368491;2021-07-05;"segunda-feira";"10:10:00";"RS";392;7,7;"RIO GRANDE";"Pista Escorregadia";"Colisão transversal";"Com Vítimas Feridas";"Pleno dia";"Crescente";"Céu Claro";"Simples";"Interseção de Vias";"Não";6;0;4;0;1;2;4;4;-32,093615;-52,108877;"SPRF-RS";"DEL07-RS";"UOP02-DEL07-RS"
368498;2021-06-04;"sexta-feira";"18:10:00";"SC";101;114,1;"ITAJAI";"Condutor deixou de manter distância do veículo da frente";"Colisão lateral mesmo sentido";"Com Vítimas Fatais";"Plena Noite";"Crescente";"Céu Claro";"Múltipla";"Reta";"Sim";6;1;0;0;4;1;0;4;-26,8650224;-48,7296881;"SPRF-SC";"DEL04-SC";"UOP04-DEL04-SC"
368499;2021-07-05;"segunda-feira";"11:30:00";"ES";101;144,5;"LINHARES";"Ausência de reação do condutor";"Engavetamento";"Com Vítimas Feridas";"Pleno dia";"Crescente";"Céu Claro";"Dupla";"Reta";"Sim";3;0;1;0;2;0;1;3;-19,35188295;-40,0636685;"SPRF-ES";"DEL04-ES";"UOP01-DEL04-ES"
368500;2021-07-05;"segunda-feira";"11:00:00";"RJ";101;55;"CAMPOS DOS GOYTACAZES";"Condutor deixou de manter distância do veículo da frente";"Colisão traseira";"Com Vítimas Feridas";"Pleno dia";"Decrescente";"Nublado";"Simples";"Reta";"Sim";2;0;1;0;1;0;1;2;-21,67827099;-41,31079872;"SPRF-RJ";"DEL08-RJ";"UOP01-DEL08-RJ"
368501;2021-06-25;"sexta-feira";"21:30:00";"RS";158;145;"PANAMBI";"Reação tardia ou ineficiente do condutor";"Colisão lateral sentido oposto";"Com Vítimas Feridas";"Plena Noite";"Crescente";"Céu Claro";"Simples";"Reta";"Não";3;0;1;0;1;2;1;4;-28,24134706;-53,48065714;"SPRF-RS";"DEL10-RS";"UOP02-DEL10-RS"
368502;2021-07-05;"segunda-feira";"10:15:00";"MS";262;350,5;"CAMPO GRANDE";"Reação tardia ou ineficiente do condutor";"Saída de leito carroçável";"Com Vítimas Feridas";"Pleno dia";"Crescente";"Sol";"Dupla";"Reta";"Não";1;0;1;0;0;0;1;1;-20,56750706;-54,63127698;"SPRF-MS";"DEL01-MS";"UOP03-DEL01-MS"
368504;2021-07-05;"segunda-feira";"10:10:00";"MG";116;6,4;"DIVISA ALEGRE";"Transitar na contramão";"Colisão frontal";"Com Vítimas Fatais";"Pleno dia";"Decrescente";"Nublado";"Simples";"Interseção de Vias";"Não";3;1;0;0;1;1;0;3;-15,7484895;-41,33119095;"SPRF-BA";"DEL08-BA";"UOP03-DEL08-BA"
368511;2021-04-23;"sexta-feira";"14:35:00";"PE";101;33;"ITAPISSUMA";"Animais na Pista";"Colisão transversal";"Com Vítimas Feridas";"Pleno dia";"Decrescente";"Céu Claro";"Múltipla";"Reta";"Não";4;0;0;3;1;0;3;2;-7,761909;-34,935654;"SPRF-PE";"DEL01-PE";"UOP02-DEL01-PE"
368512;2021-07-05;"segunda-feira";"11:30:00";"MG";381;616,7;"OLIVEIRA";"Velocidade Incompatível";"Saída de leito carroçável";"Com Vítimas Feridas";"Pleno dia";"Decrescente";"Céu Claro";"Dupla";"Reta";"Não";2;0;0;1;1;0;1;2;-20,75304819;-44,77475634;"SPRF-MG";"DEL04-MG";"UOP01-DEL04-MG"
368514;2021-07-05;"segunda-feira";"10:30:00";"MG";116;274,8;"TEOFILO OTONI";"Acessar a via sem observar a presença dos outros veículos";"Colisão lateral mesmo sentido";"Com Vítimas Feridas";"Pleno dia";"Crescente";"Céu Claro";"Dupla";"Interseção de Vias";"Sim";2;0;1;0;1;0;1;2;-17,83384514;-41,51094368;"SPRF-MG";"DEL11-MG";"UOP01-DEL11-MG"
368515;2021-07-05;"segunda-feira";"06:50:00";"MT";158;528;"CANARANA";"Ultrapassagem Indevida";"Colisão lateral sentido oposto";"Com Vítimas Feridas";"Pleno dia";"Decrescente";"Céu Claro";"Simples";"Curva";"Não";4;0;0;1;2;2;1;5;-13,73564108;-52,03830571;"SPRF-MT";"DEL07-MT";"UOP02-DEL07-MT"
368518;2021-07-05;"segunda-feira";"09:30:00";"PA";10;313,4;"IRITUIA";"Manobra de mudança de faixa";"Tombamento";"Com Vítimas Feridas";"Pleno dia";"Decrescente";"Céu Claro";"Simples";"Reta";"Não";3;0;1;0;2;0;1;1;-1,69309796;-47,50215758;"SPRF-PA";"DEL01-PA";"UOP02-DEL01-PA"
368522;2021-06-19;"sábado";"18:10:00";"MA";316;619,8;"TIMON";"Acessar a via sem observar a presença dos outros veículos";"Colisão transversal";"Com Vítimas Feridas";"Plena Noite";"Decrescente";"Céu Claro";"Simples";"Reta";"Sim";3;0;0;1;1;1;1;3;-5,119788;-42,824196;"SPRF-MA";"DEL03-MA";"UOP02-DEL03-MA"
368523;2021-07-05;"segunda-feira";"13:27:00";"SP";116;114;"TAUBATE";"Acessar a via sem observar a presença dos outros veículos";"Colisão lateral mesmo sentido";"Com Vítimas Feridas";"Pleno dia";"Crescente";"Céu Claro";"Dupla";"Reta";"Não";2;0;1;0;1;0;1;2;-23,04654177;-45,59018006;"SPRF-SP";"DEL02-SP";"UOP02-DEL02-SP"
368526;2021-07-05;"segunda-feira";"13:35:00";"AL";316;201,8;"MARIBONDO";"Ausência de reação do condutor";"Colisão traseira";"Com Vítimas Feridas";"Pleno dia";"Crescente";"Céu Claro";"Simples";"Reta";"Sim";2;0;0;1;0;1;1;2;-9,58273415;-36,31078005;"SPRF-AL";"DEL03-AL";"UOP01-DEL03-AL"
368537;2021-07-05;"segunda-feira";"14:20:00";"DF";60;9,4;"BRASILIA";"Reação tardia ou ineficiente do condutor";"Colisão traseira";"Com Vítimas Feridas";"Pleno dia";"Decrescente";"Céu Claro";"Dupla";"Reta;Viaduto";"Não";3;0;2;0;1;0;2;2;-15,906293;-48,139965;"SPRF-DF";"DEL03-DF";"UOP01-DEL03-DF"
368539;2021-07-02;"sexta-feira";"06:30:00";"ES";101;400,8;"ITAPEMIRIM";"Conversão proibida";"Colisão transversal";"Com Vítimas Feridas";"Pleno dia";"Decrescente";"Céu Claro";"Simples";"Reta";"Não";4;0;0;2;2;0;2;2;-20,88154434;-40,97435202;"SPRF-ES";"DEL03-ES";"UOP02-DEL03-ES"
368550;2021-07-05;"segunda-feira";"14:45:00";"SC";470;8,1;"NAVEGANTES";"Acesso irregular";"Colisão transversal";"Sem Vítimas";"Pleno dia";"Crescente";"Céu Claro";"Simples";"Em Obras";"Não";2;0;0;0;2;0;0;2;-26,83688;-48,718853;"SPRF-SC";"DEL04-SC";"UOP04-DEL04-SC"
368555;2021-07-05;"segunda-feira";"15:55:00";"RS";386;440;"CANOAS";"Reação tardia ou ineficiente do condutor";"Colisão traseira";"Com Vítimas Fatais";"Pleno dia";"Crescente";"Sol";"Dupla";"Reta";"Não";3;1;0;0;1;1;0;3;-29,878265;-51,241951;"SPRF-RS";"DEL01-RS";"UOP01-DEL01-RS"
368558;2021-07-05;"segunda-feira";"16:30:00";"PE";232;8;"RECIFE";"Deficiência do Sistema de Iluminação/Sinalização";"Colisão transversal";"Com Vítimas Feridas";"Pleno dia";"Crescente";"Céu Claro";"Múltipla";"Retorno Regulamentado";"Sim";3;0;2;0;1;0;2;2;-8,07583727;-34,97015791;"SPRF-PE";"DEL01-PE";"UOP01-DEL01-PE"
368559;2021-07-05;"segunda-feira";"11:00:00";"SC";480;127,4;"CHAPECO";"Ausência de reação do condutor";"Colisão com objeto";"Sem Vítimas";"Pleno dia";"Decrescente";"Céu Claro";"Simples";"Reta";"Não";2;0;0;0;1;1;0;2;-27,02885905;-52,63380035;"SPRF-SC";"DEL07-SC";"UOP01-DEL07-SC"
368560;2021-06-17;"quinta-feira";"06:52:00";"MG";381;740,1;"TRES CORACOES";"Reação tardia ou ineficiente do condutor";"Colisão lateral mesmo sentido";"Com Vítimas Feridas";"Amanhecer";"Decrescente";"Céu Claro";"Dupla";"Reta";"Não";5;0;2;0;2;1;2;4;-21,6193566;-45,24913194;"SPRF-MG";"DEL16-MG";"UOP02-DEL16-MG"
368561;2021-07-05;"segunda-feira";"14:35:00";"SC";282;548;"CHAPECO";"Condutor deixou de manter distância do veículo da frente";"Engavetamento";"Sem Vítimas";"Pleno dia";"Decrescente";"Céu Claro";"Simples";"Reta";"Não";5;0;0;0;5;0;0;4;-26,968346;-52,753883;"SPRF-SC";"DEL07-SC";"UOP01-DEL07-SC"
368569;2021-07-05;"segunda-feira";"16:00:00";"RS";392;7,2;"RIO GRANDE";"Condutor deixou de manter distância do veículo da frente";"Engavetamento";"Com Vítimas Feridas";"Pleno dia";"Crescente";"Céu Claro";"Simples";"Reta";"Não";8;0;0;3;3;3;3;8;-32,093615;-52,108877;"SPRF-RS";"DEL07-RS";"UOP02-DEL07-RS"
368570;2021-07-05;"segunda-feira";"15:35:00";"MG";381;868;"POUSO ALEGRE";"Acessar a via sem observar a presença dos outros veículos";"Colisão lateral mesmo sentido";"Com Vítimas Feridas";"Pleno dia";"Decrescente";"Céu Claro";"Dupla";"Reta";"Não";5;0;3;0;0;3;3;4;-22,42008488;-45,96507626;"SPRF-MG";"DEL16-MG";"UOP01-DEL16-MG"
368577;2021-07-05;"segunda-feira";"14:00:00";"MG";251;219,5;"CACHOEIRA DE PAJEU";"Ultrapassagem Indevida";"Colisão lateral mesmo sentido";"Com Vítimas Feridas";"Pleno dia";"Decrescente";"Céu Claro";"Simples";"Declive;Reta";"Não";4;0;1;0;1;5;1;7;-15,919529;-41,592279;"SPRF-MG";"DEL11-MG";"UOP02-DEL11-MG"
368581;2021-06-03;"quinta-feira";"18:40:00";"SC";470;220,1;"SAO CRISTOVAO DO SUL";"Manobra de mudança de faixa";"Colisão lateral mesmo sentido";"Com Vítimas Feridas";"Plena Noite";"Decrescente";"Céu Claro";"Simples";"Curva";"Não";3;0;1;0;1;1;1;3;-27,309702;-50,30975;"SPRF-SC";"DEL05-SC";"UOP03-DEL05-SC"
368586;2021-07-05;"segunda-feira";"18:35:00";"MG";251;478,5;"FRANCISCO SA";"Pedestre andava na pista";"Atropelamento de Pedestre";"Com Vítimas Fatais";"Plena Noite";"Decrescente";"Céu Claro";"Simples";"Reta";"Sim";3;1;0;0;0;2;0;2;-16,46906162;-43,49357156;"SPRF-MG";"DEL12-MG";"UOP01-DEL12-MG"
368593;2021-05-08;"sábado";"11:40:00";"SP";116;283;"EMBU DAS ARTES";"Frear bruscamente";"Colisão traseira";"Com Vítimas Feridas";"Pleno dia";"Crescente";"Nublado";"Dupla";"Reta";"Sim";5;0;2;0;1;2;2;4;-23,69297005;-46,86352786;"SPRF-SP";"DEL04-SP";"UOP01-DEL04-SP"
368594;2021-07-05;"segunda-feira";"04:00:00";"PI";135;210;"ELISEU MARTINS";"Reação tardia ou ineficiente do condutor";"Tombamento";"Sem Vítimas";"Plena Noite";"Crescente";"Nublado";"Simples";"Reta";"Não";2;0;0;0;0;2;0;2;-8,09759728;-43,66722553;"SPRF-PI";"DEL03-PI";"UOP02-DEL03-PI"
368595;2021-07-05;"segunda-feira";"18:20:00";"MS";158;143;"APARECIDA DO TABOADO";"Avarias e/ou desgaste excessivo no pneu";"Colisão com objeto";"Sem Vítimas";"Plena Noite";"Crescente";"Céu Claro";"Simples";"Declive;Curva";"Não";2;0;0;0;1;1;0;2;-20,06113812;-51,11522262;"SPRF-MS";"DEL08-MS";"UOP01-DEL08-MS"
368598;2021-04-28;"quarta-feira";"13:04:00";"RJ";116;71;"TERESOPOLIS";"Demais falhas mecânicas ou elétricas";"Incêndio";"Sem Vítimas";"Pleno dia";"Decrescente";"Nublado";"Dupla";"Curva";"Não";1;0;0;0;1;0;0;1;-22,327388;-42,93858185;"SPRF-RJ";"DEL04-RJ";"UOP01-DEL04-RJ"
368600;2021-07-05;"segunda-feira";"19:00:00";"PR";369;180,6;"ARAPONGAS";"Pedestre andava na pista";"Atropelamento de Pedestre";"Com Vítimas Feridas";"Plena Noite";"Crescente";"Céu Claro";"Dupla";"Reta";"Não";2;0;0;1;1;0;1;2;-23,37485774;-51,41388059;"SPRF-PR";"DEL07-PR";"UOP02-DEL07-PR"
368603;2021-07-05;"segunda-feira";"20:10:00";"PR";277;234;"FERNANDES PINHEIRO";"Desrespeitar a preferência no cruzamento";"Colisão transversal";"Com Vítimas Feridas";"Plena Noite";"Decrescente";"Nevoeiro/Neblina";"Simples";"Interseção de Vias";"Não";2;0;0;1;1;0;1;2;-25,47103055;-50,49767186;"SPRF-PR";"DEL03-PR";"UOP03-DEL03-PR"
368608;2021-07-05;"segunda-feira";"20:30:00";"SP";116;191;"SANTA ISABEL";"Acessar a via sem observar a presença dos outros veículos";"Colisão transversal";"Com Vítimas Feridas";"Plena Noite";"Decrescente";"Céu Claro";"Múltipla";"Curva";"Não";2;0;1;0;1;0;1;2;-23,37124281;-46,2426022;"SPRF-SP";"DEL01-SP";"UOP01-DEL01-SP"
368612;2021-07-05;"segunda-feira";"14:35:00";"SP";116;173;"JACAREI";"Reação tardia ou ineficiente do condutor";"Colisão lateral mesmo sentido";"Sem Vítimas";"Pleno dia";"Decrescente";"Sol";"Dupla";"Reta";"Não";4;0;0;0;3;1;0;2;-23,32173972;-46,100353;"SPRF-SP";"DEL02-SP";"UOP01-DEL02-SP"
368617;2021-07-05;"segunda-feira";"22:10:00";"PR";376;434,7;"TIBAGI";"Condutor deixou de manter distância do veículo da frente";"Colisão traseira";"Com Vítimas Feridas";"Plena Noite";"Crescente";"Céu Claro";"Dupla";"Reta";"Não";4;0;1;0;1;2;1;3;-24,773036;-50,520509;"SPRF-PR";"DEL03-PR";"UOP02-DEL03-PR"
368624;2021-07-05;"segunda-feira";"21:40:00";"SC";470;109,3;"APIUNA";"Transitar na contramão";"Colisão lateral sentido oposto";"Com Vítimas Feridas";"Plena Noite";"Crescente";"Céu Claro";"Simples";"Reta";"Não";2;0;0;1;1;0;1;2;-27,083876;-49,449543;"SPRF-SC";"DEL04-SC";"UOP02-DEL04-SC"
368625;2021-07-05;"segunda-feira";"20:00:00";"MT";364;21;"ALTO ARAGUAIA";"Velocidade Incompatível";"Tombamento";"Com Vítimas Feridas";"Plena Noite";"Decrescente";"Céu Claro";"Simples";"Curva";"Não";2;0;1;0;0;1;1;2;-17,20988509;-53,35638727;"SPRF-MT";"DEL02-MT";"UOP02-DEL02-MT"
368626;2021-07-05;"segunda-feira";"16:00:00";"MT";364;137;"PEDRA PRETA";"Reação tardia ou ineficiente do condutor";"Colisão traseira";"Com Vítimas Feridas";"Pleno dia";"Crescente";"Sol";"Simples";"Declive";"Não";4;0;1;0;2;9;1;12;-16,79336625;-54,16809082;"SPRF-MT";"DEL02-MT";"UOP01-DEL02-MT"
368627;2021-07-05;"segunda-feira";"13:50:00";"RS";285;85,6;"MONTE ALEGRE DOS CAMPOS";"Carga excessiva e/ou mal acondicionada";"Derramamento de carga";"Sem Vítimas";"Pleno dia";"Decrescente";"Céu Claro";"Simples";"Curva";"Não";1;0;0;0;1;0;0;1;-28,639708;-50,650299;"SPRF-RS";"DEL05-RS";"UOP03-DEL05-RS"
368629;2021-07-05;"segunda-feira";"23:20:00";"MG";381;419;"CAETE";"Manobra de mudança de faixa";"Colisão traseira";"Com Vítimas Feridas";"Plena Noite";"Crescente";"Céu Claro";"Dupla";"Reta";"Não";5;0;2;0;2;1;2;3;-19,77066812;-43,64873289;"SPRF-MG";"DEL01-MG";"UOP01-DEL01-MG"
368630;2021-07-06;"terça-feira";"00:30:00";"AL";104;8,6;"SAO JOSE DA LAJE";"Condutor Dormindo";"Saída de leito carroçável";"Com Vítimas Feridas";"Amanhecer";"Crescente";"Nublado";"Simples";"Curva";"Não";1;0;1;0;0;0;1;1;-8,96386265;-36,02023815;"SPRF-AL";"DEL01-AL";"UOP02-DEL01-AL"
368633;2021-07-06;"terça-feira";"02:00:00";"MG";381;545;"ITATIAIUCU";"Velocidade Incompatível";"Colisão traseira";"Sem Vítimas";"Plena Noite";"Crescente";"Céu Claro";"Dupla";"Reta";"Não";2;0;0;0;2;0;0;2;-20,28766303;-44,43572087;"SPRF-MG";"DEL04-MG";"UOP03-DEL04-MG"
368638;2021-07-06;"terça-feira";"02:00:00";"MG";365;65,8;"JEQUITAI";"Carga excessiva e/ou mal acondicionada";"Capotamento";"Com Vítimas Feridas";"Plena Noite";"Decrescente";"Céu Claro";"Simples";"Curva";"Não";1;0;1;0;0;0;1;1;-17,0424831;-44,32043986;"SPRF-MG";"DEL12-MG";"UOP01-DEL12-MG"
368639;2021-07-06;"terça-feira";"02:41:00";"SC";101;95,3;"BARRA VELHA";"Acessar a via sem observar a presença dos outros veículos";"Colisão lateral mesmo sentido";"Com Vítimas Feridas";"Plena Noite";"Crescente";"Chuva";"Simples";"Reta";"Sim";3;0;0;1;1;1;1;2;-26,71375001;-48,7026608;"SPRF-SC";"DEL03-SC";"UOP02-DEL03-SC"
368640;2021-07-05;"segunda-feira";"19:00:00";"GO";158;201;"CAIAPONIA";"Condutor deixou de manter distância do veículo da frente";"Colisão traseira";"Com Vítimas Feridas";"Plena Noite";"Crescente";"Céu Claro";"Simples";"Reta;Declive";"Não";7;0;1;3;0;3;4;3;-17,32267299;-51,87526482;"SPRF-GO";"DEL05-GO";"UOP01-DEL05-GO"
368641;2021-07-06;"terça-feira";"04:00:00";"SP";116;183;"SANTA ISABEL";"Reação tardia ou ineficiente do condutor";"Colisão traseira";"Com Vítimas Feridas";"Plena Noite";"Crescente";"Nevoeiro/Neblina";"Dupla";"Aclive";"Não";3;0;1;0;1;1;1;3;-23,34888216;-46,17091894;"SPRF-SP";"DEL01-SP";"UOP01-DEL01-SP"
368642;2021-07-06;"terça-feira";"02:00:00";"MT";364;399;"CUIABA";"Obras na pista";"Eventos atípicos";"Sem Vítimas";"Plena Noite";"Decrescente";"Céu Claro";"Dupla";"Em Obras;Viaduto";"Sim";2;0;0;0;0;2;0;2;-15,657759;-55,980837;"SPRF-MT";"DEL01-MT";"UOP02-DEL01-MT"
368644;2021-07-06;"terça-feira";"05:15:00";"ES";262;63,9;"MARECHAL FLORIANO";"Velocidade Incompatível";"Tombamento";"Com Vítimas Feridas";"Amanhecer";"Crescente";"Céu Claro";"Simples";"Curva";"Não";2;0;0;1;0;2;1;3;-20,41734039;-40,81573248;"SPRF-ES";"DEL01-ES";"UOP02-DEL01-ES"
368663;2021-07-06;"terça-feira";"08:00:00";"MG";459;106;"POUSO ALEGRE";"Ausência de reação do condutor";"Colisão traseira";"Com Vítimas Feridas";"Pleno dia";"Crescente";"Sol";"Dupla";"Reta";"Sim";2;0;1;0;1;0;1;2;-22,23387;-45,898136;"SPRF-MG";"DEL16-MG";"UOP01-DEL16-MG"
368664;2021-07-06;"terça-feira";"08:05:00";"RS";285;462,4;"IJUI";"Demais falhas mecânicas ou elétricas";"Colisão com objeto";"Sem Vítimas";"Pleno dia";"Decrescente";"Sol";"Simples";"Reta";"Não";5;0;0;0;5;0;0;2;-28,4147;-53,928043;"SPRF-RS";"DEL10-RS";"UOP01-DEL10-RS"
368665;2021-06-03;"quinta-feira";"17:50:00";"ES";101;303;"VIANA";"Reação tardia ou ineficiente do condutor";"Colisão com objeto";"Com Vítimas Fatais";"Anoitecer";"Crescente";"Céu Claro";"Múltipla";"Reta";"Sim";4;1;0;0;1;2;0;4;-20,37695747;-40,44527144;"SPRF-ES";"DEL01-ES";"UOP01-DEL01-ES"
368666;2021-06-03;"quinta-feira";"08:00:00";"ES";262;6,3;"CARIACICA";"Faixas de trânsito com largura insuficiente";"Colisão lateral mesmo sentido";"Com Vítimas Feridas";"Pleno dia";"Decrescente";"Céu Claro";"Múltipla";"Reta";"Sim";4;0;0;1;1;2;1;3;-20,34007493;-40,39451305;"SPRF-ES";"DEL01-ES";"UOP01-DEL01-ES"
368669;2021-07-06;"terça-feira";"06:30:00";"BA";101;423;"IBIRAPITANGA";"Curva acentuada";"Tombamento";"Com Vítimas Feridas";"Amanhecer";"Decrescente";"Ignorado";"Simples";"Curva";"Não";1;0;0;1;0;0;1;1;-14,13864;-39,35174;"SPRF-BA";"DEL05-BA";"UOP03-DEL05-BA"
368677;2021-07-06;"terça-feira";"05:00:00";"MS";158;43,6;"PARANAIBA";"Demais falhas mecânicas ou elétricas";"Capotamento";"Sem Vítimas";"Plena Noite";"Decrescente";"Céu Claro";"Simples";"Reta";"Não";1;0;0;0;1;0;0;1;-19,322492;-51,434951;"SPRF-MS";"DEL08-MS";"UOP01-DEL08-MS"
368686;2021-07-06;"terça-feira";"10:20:00";"SP";116;158;"SAO JOSE DOS CAMPOS";"Acumulo de areia ou detritos sobre o pavimento";"Colisão com objeto";"Sem Vítimas";"Pleno dia";"Decrescente";"Céu Claro";"Dupla";"Reta";"Sim";2;0;0;0;2;0;0;2;-23,26072137;-45,95179176;"SPRF-SP";"DEL02-SP";"UOP01-DEL02-SP"
368689;2021-07-06;"terça-feira";"11:05:00";"BA";324;610;"SIMOES FILHO";"Demais falhas mecânicas ou elétricas";"Colisão lateral mesmo sentido";"Com Vítimas Feridas";"Pleno dia";"Crescente";"Garoa/Chuvisco";"Dupla";"Reta";"Sim";2;0;1;0;1;0;1;2;-12,82931703;-38,41113193;"SPRF-BA";"DEL01-BA";"UOP01-DEL01-BA"