"id";"data_inversa";"dia_semana";"horario";"uf";"br";"km";"municipio";"causa_acidente";"tipo_acidente";"classificacao_acidente";"fase_dia";"sentido_via";"condicao_metereologica";"tipo_pista";"tracado_via";"uso_solo";"pessoas";"mortos";"feridos_leves";"feridos_graves";"ilesos";"ignorados";"feridos";"veiculos";"latitude";"longitude";"regional";"delegacia";"uop"
368694;2021-07-06;"terça-feira";"11:05:00";"RS";116;152,1;"CAXIAS DO SUL";"Manobra de mudança de faixa";"Colisão lateral mesmo sentido";"Com Vítimas Feridas";"Pleno dia";"Crescente";"Céu Claro";"Simples";"Curva";"Sim";3;0;1;0;2;0;1;2;-29,1829343;-51,16801501;"SPRF-RS";"DEL05-RS";"UOP01-DEL05-RS"
368701;2021-07-06;"terça-feira";"12:00:00";"CE";116;11;"FORTALEZA";"Manobra de mudança de faixa";"Colisão lateral mesmo sentido";"Sem Vítimas";"Pleno dia";"Crescente";"Céu Claro";"Dupla";"Reta";"Sim";2;0;0;0;2;0;0;2;-3,84394724;-38,49891546;"SPRF-CE";"DEL01-CE";"UOP02-DEL01-CE"
368703;2021-07-06;"terça-feira";"09:30:00";"MT";70;322;"DOM AQUINO";"Ultrapassagem Indevida";"Colisão lateral sentido oposto";"Com Vítimas Feridas";"Pleno dia";"Decrescente";"Céu Claro";"Simples";"Aclive";"Não";7;0;2;0;3;3;2;6;-15,511292;-54,636257;"SPRF-MT";"DEL05-MT";"UOP01-DEL05-MT"
368708;2021-06-25;"sexta-feira";"06:15:00";"ES";101;370,8;"ICONHA";"Problema com o freio";"Incêndio";"Sem Vítimas";"Amanhecer";"Decrescente";"Céu Claro";"Simples";"Reta";"Não";1;0;0;0;1;0;0;1;-20,76871121;-40,75999937;"SPRF-ES";"DEL03-ES";"UOP01-DEL03-ES"
368712;2021-07-06;"terça-feira";"11:05:00";"RJ";101;48;"CAMPOS DOS GOYTACAZES";"Acessar a via sem observar a presença dos outros veículos";"Colisão transversal";"Com Vítimas Feridas";"Pleno dia";"Decrescente";"Céu Claro";"Simples";"Reta";"Não";2;0;1;0;1;0;1;2;-21,61625895;-41,31535762;"SPRF-RJ";"DEL08-RJ";"UOP01-DEL08-RJ"
368715;2021-07-06;"terça-feira";"09:55:00";"MA";316;592,7;"TIMON";"Transitar na contramão";"Colisão frontal";"Com Vítimas Fatais";"Pleno dia";"Decrescente";"Sol";"Simples";"Reta";"Não";3;1;0;0;1;1;0;3;-5,006794;-43,023754;"SPRF-MA";"DEL03-MA";"UOP02-DEL03-MA"
368717;2021-07-06;"terça-feira";"11:20:00";"SC";470;179,6;"POUSO REDONDO";"Ingestão de álcool pelo condutor";"Saída de leito carroçável";"Com Vítimas Feridas";"Pleno dia";"Crescente";"Nublado";"Simples";"Reta";"Sim";2;0;1;0;0;1;1;2;-27,2485825;-49,9836731;"SPRF-SC";"DEL04-SC";"UOP02-DEL04-SC"
368719;2021-07-06;"terça-feira";"12:00:00";"MT";364;435;"VARZEA GRANDE";"Acesso irregular";"Colisão transversal";"Com Vítimas Feridas";"Pleno dia";"Decrescente";"Sol";"Múltipla";"Reta";"Sim";2;0;1;0;1;0;1;2;-15,6476253;-56,19741878;"SPRF-MT";"DEL01-MT";"UOP02-DEL01-MT"
368723;2021-07-06;"terça-feira";"13:15:00";"MG";381;481,3;"CONTAGEM";"Demais falhas mecânicas ou elétricas";"Colisão com objeto";"Com Vítimas Feridas";"Pleno dia";"Decrescente";"Sol";"Múltipla";"Reta";"Sim";1;0;1;0;0;0;1;1;-19,95909005;-44,06483173;"SPRF-MG";"DEL01-MG";"UOP03-DEL01-MG"
368726;2021-06-12;"sábado";"17:00:00";"BA";116;11;"ABARE";"Falta de acostamento";"Saída de leito carroçável";"Com Vítimas Feridas";"Pleno dia";"Crescente";"Céu Claro";"Simples";"Reta";"Não";2;0;1;0;0;1;1;2;-8,71401801;-39,2613609;"SPRF-PE";"DEL05-PE";"UOP01-DEL05-PE"
368732;2021-07-06;"terça-feira";"14:00:00";"PR";376;603;"CURITIBA";"Manobra de mudança de faixa";"Colisão lateral mesmo sentido";"Com Vítimas Feridas";"Pleno dia";"Crescente";"Nublado";"Dupla";"Reta";"Não";3;0;2;0;1;0;2;2;-25,5452876;-49,29755393;"SPRF-PR";"DEL01-PR";"UOP01-DEL01-PR"
368735;2021-07-06;"terça-feira";"15:00:00";"RS";158;326,2;"SANTA MARIA";"Conversão proibida";"Colisão transversal";"Com Vítimas Feridas";"Pleno dia";"Crescente";"Céu Claro";"Simples";"Reta";"Sim";4;0;0;1;2;1;1;4;-29,71340135;-53,81481171;"SPRF-RS";"DEL09-RS";"UOP01-DEL09-RS"
368736;2021-07-06;"terça-feira";"14:30:00";"PB";230;5,2;"CABEDELO";"Reação tardia ou ineficiente do condutor";"Colisão lateral mesmo sentido";"Sem Vítimas";"Pleno dia";"Decrescente";"Céu Claro";"Dupla";"Reta";"Sim";2;0;0;0;2;0;0;2;-7,01;-34,8312;"SPRF-PB";"DEL01-PB";"UOP01-DEL01-PB"
368737;2021-06-11;"sexta-feira";"02:20:00";"BA";135;167;"BARREIRAS";"Pista Escorregadia";"Saída de leito carroçável";"Com Vítimas Fatais";"Plena Noite";"Decrescente";"Nublado";"Simples";"Curva";"Não";1;1;0;0;0;0;0;1;-12,03181479;-44,95663949;"SPRF-BA";"DEL10-BA";"UOP01-DEL10-BA"
368738;2021-07-06;"terça-feira";"12:00:00";"PI";230;305;"FLORIANO";"Reação tardia ou ineficiente do condutor";"Colisão com objeto";"Sem Vítimas";"Pleno dia";"Crescente";"Céu Claro";"Simples";"Reta";"Sim";3;0;0;0;3;0;0;3;-6,79679657;-42,9783107;"SPRF-PI";"DEL03-PI";"UOP01-DEL03-PI"
368744;2021-05-28;"sexta-feira";"21:20:00";"PR";277;394;"CANDOI";"Acessar a via sem observar a presença dos outros veículos";"Colisão transversal";"Com Vítimas Feridas";"Plena Noite";"Decrescente";"Nublado";"Simples";"Declive";"Não";9;0;8;0;1;0;8;2;-25,449018;-51,920258;"SPRF-PR";"DEL08-PR";"UOP01-DEL08-PR"
368746;2021-06-12;"sábado";"09:24:00";"ES";101;320;"GUARAPARI";"Velocidade Incompatível";"Colisão traseira";"Com Vítimas Feridas";"Pleno dia";"Decrescente";"Garoa/Chuvisco";"Múltipla";"Reta";"Não";4;0;0;2;1;1;2;3;-20,51234104;-40,47639192;"SPRF-ES";"DEL03-ES";"UOP01-DEL03-ES"
368754;2021-07-06;"terça-feira";"15:20:00";"SC";116;220;"CORREIA PINTO";"Desrespeitar a preferência no cruzamento";"Colisão transversal";"Com Vítimas Feridas";"Pleno dia";"Decrescente";"Céu Claro";"Simples";"Rotatória";"Sim";4;0;2;0;1;1;2;3;-27,57771319;-50,36993036;"SPRF-SC";"DEL05-SC";"UOP03-DEL05-SC"
368758;2021-07-06;"terça-feira";"13:40:00";"MG";116;578,1;"MANHUACU";"Velocidade Incompatível";"Capotamento";"Com Vítimas Feridas";"Pleno dia";"Crescente";"Sol";"Simples";"Curva";"Não";1;0;0;1;0;0;1;1;-20,16991998;-42,18875093;"SPRF-MG";"DEL06-MG";"UOP03-DEL06-MG"
368759;2021-07-06;"terça-feira";"15:55:00";"SC";280;124,5;"RIO NEGRINHO";"Acessar a via sem observar a presença dos outros veículos";"Colisão transversal";"Com Vítimas Feridas";"Pleno dia";"Decrescente";"Nublado";"Simples";"Reta";"Sim";2;0;1;0;1;0;1;2;-26,24130297;-49,47514499;"SPRF-SC";"DEL06-SC";"UOP03-DEL06-SC"
368761;2021-07-05;"segunda-feira";"21:15:00";"GO";158;194,4;"CAIAPONIA";"Reação tardia ou ineficiente do condutor";"Colisão frontal";"Sem Vítimas";"Plena Noite";"Crescente";"Céu Claro";"Simples";"Reta;Aclive";"Não";3;0;0;0;2;1;0;2;-17,26408814;-51,89113769;"SPRF-GO";"DEL05-GO";"UOP01-DEL05-GO"
368763;2021-07-06;"terça-feira";"10:00:00";"MS";267;427,3;"MARACAJU";"Mal súbito do condutor";"Colisão traseira";"Com Vítimas Fatais";"Pleno dia";"Decrescente";"Céu Claro";"Simples";"Reta";"Não";4;1;0;1;1;1;1;3;-21,55808882;-55,69606986;"SPRF-MS";"DEL05-MS";"UOP01-DEL05-MS"
368768;2021-07-06;"terça-feira";"16:50:00";"SE";101;90;"NOSSA SENHORA DO SOCORRO";"Condutor usando celular";"Colisão lateral mesmo sentido";"Com Vítimas Feridas";"Pleno dia";"Decrescente";"Nublado";"Múltipla";"Aclive";"Sim";4;0;2;0;0;2;2;3;-10,88958218;-37,13256719;"SPRF-SE";"DEL01-SE";"UOP01-DEL01-SE"
368771;2021-06-28;"segunda-feira";"12:45:00";"ES";101;294,8;"CARIACICA";"Ausência de reação do condutor";"Saída de leito carroçável";"Com Vítimas Feridas";"Pleno dia";"Decrescente";"Céu Claro";"Simples";"Viaduto";"Sim";2;0;1;1;0;0;2;2;-20,32415948;-40,3952903;"SPRF-ES";"DEL01-ES";"UOP01-DEL01-ES"
368773;2021-07-06;"terça-feira";"15:00:00";"MA";10;246,5;"IMPERATRIZ";"Acessar a via sem observar a presença dos outros veículos";"Colisão transversal";"Com Vítimas Feridas";"Pleno dia";"Decrescente";"Céu Claro";"Simples";"Reta";"Sim";5;0;1;2;1;1;3;3;-5,588685;-47,433857;"SPRF-MA";"DEL04-MA";"UOP01-DEL04-MA"
368776;2021-07-06;"terça-feira";"17:00:00";"PB";230;127,9;"MASSARANDUBA";"Ausência de reação do condutor";"Saída de leito carroçável";"Com Vítimas Feridas";"Pleno dia";"Decrescente";"Céu Claro";"Dupla";"Curva";"Não";1;0;1;0;0;0;1;1;-7,262228;-35,713415;"SPRF-PB";"DEL02-PB";"UOP01-DEL02-PB"
368780;2021-07-04;"domingo";"21:00:00";"SC";280;249,7;"CANOINHAS";"Condutor Dormindo";"Saída de leito carroçável";"Com Vítimas Feridas";"Plena Noite";"Decrescente";"Nublado";"Simples";"Reta";"Não";2;0;1;0;0;1;1;2;-26,25310206;-50,53277399;"SPRF-SC";"DEL06-SC";"UOP04-DEL06-SC"
368788;2021-07-06;"terça-feira";"17:30:00";"SP";116;121;"CACAPAVA";"Ausência de reação do condutor";"Colisão traseira";"Sem Vítimas";"Anoitecer";"Decrescente";"Céu Claro";"Dupla";"Reta";"Não";4;0;0;0;4;0;0;4;-23,07631169;-45,65337222;"SPRF-SP";"DEL02-SP";"UOP02-DEL02-SP"
368790;2021-07-06;"terça-feira";"17:15:00";"RJ";40;119;"DUQUE DE CAXIAS";"Condutor deixou de manter distância do veículo da frente";"Colisão traseira";"Sem Vítimas";"Anoitecer";"Decrescente";"Céu Claro";"Múltipla";"Reta";"Sim";3;0;0;0;2;1;0;3;-22,76375592;-43,28683062;"SPRF-RJ";"DEL01-RJ";"UOP01-DEL01-RJ"
368792;2021-07-06;"terça-feira";"16:30:00";"AL";104;10;"SAO JOSE DA LAJE";"Demais falhas mecânicas ou elétricas";"Incêndio";"Sem Vítimas";"Pleno dia";"Decrescente";"Céu Claro";"Simples";"Curva";"Não";1;0;0;0;1;0;0;1;-8,97646195;-36,023602;"SPRF-AL";"DEL01-AL";"UOP02-DEL01-AL"
368807;2021-07-06;"terça-feira";"19:20:00";"SC";470;60,2;"BLUMENAU";"Acessar a via sem observar a presença dos outros veículos";"Colisão transversal";"Com Vítimas Feridas";"Plena Noite";"Decrescente";"Nublado";"Simples";"Reta";"Sim";3;0;2;0;1;0;2;2;-26,88138;-49,164543;"SPRF-SC";"DEL04-SC";"UOP01-DEL04-SC"
368808;2021-07-06;"terça-feira";"19:20:00";"SP";116;324;"JUQUITIBA";"Entrada inopinada do pedestre";"Atropelamento de Pedestre";"Com Vítimas Fatais";"Plena Noite";"Decrescente";"Céu Claro";"Dupla";"Reta";"Não";4;1;0;0;1;3;0;4;-23,94029914;-47,04398301;"SPRF-SP";"DEL04-SP";"UOP01-DEL04-SP"
368811;2021-07-06;"terça-feira";"19:30:00";"PR";116;116,5;"CURITIBA";"Mal súbito do condutor";"Colisão traseira";"Com Vítimas Feridas";"Plena Noite";"Crescente";"Céu Claro";"Dupla";"Reta";"Sim";3;0;1;0;2;0;1;3;-25,55468195;-49,27402397;"SPRF-PR";"DEL01-PR";"UOP01-DEL01-PR"
368815;2021-07-06;"terça-feira";"16:46:00";"RN";405;150,3;"PAU DOS FERROS";"Ausência de reação do condutor";"Colisão transversal";"Sem Vítimas";"Pleno dia";"Crescente";"Céu Claro";"Dupla";"Reta";"Sim";2;0;0;0;2;0;0;2;-6,10581398;-38,20595589;"SPRF-RN";"DEL04-RN";"UOP02-DEL04-RN"
368821;2021-07-06;"terça-feira";"20:50:00";"ES";101;8,1;"PEDRO CANARIO";"Velocidade Incompatível";"Colisão com objeto";"Com Vítimas Feridas";"Plena Noite";"Crescente";"Céu Claro";"Simples";"Declive;Curva";"Não";3;0;2;0;0;3;2;4;-18,23027961;-39,95278417;"SPRF-ES";"DEL04-ES";"UOP02-DEL04-ES"
368823;2021-07-06;"terça-feira";"21:10:00";"PB";101;111,5;"ALHANDRA";"Condutor Dormindo";"Colisão traseira";"Com Vítimas Feridas";"Plena Noite";"Decrescente";"Céu Claro";"Dupla";"Reta";"Não";4;0;0;1;2;1;1;3;-7,36122197;-34,95184711;"SPRF-PB";"DEL01-PB";"UOP02-DEL01-PB"
368829;2021-07-06;"terça-feira";"14:50:00";"SC";153;3,5;"AGUA DOCE";"Reação tardia ou ineficiente do condutor";"Tombamento";"Com Vítimas Feridas";"Pleno dia";"Crescente";"Céu Claro";"Simples";"Curva";"Não";2;0;1;0;0;2;1;3;-26,6283;-51,502872;"SPRF-SC";"DEL07-SC";"UOP05-DEL07-SC"
368830;2021-07-06;"terça-feira";"21:00:00";"MT";364;262;"SAO PEDRO DA CIPA";"Condutor deixou de manter distância do veículo da frente";"Colisão traseira";"Com Vítimas Feridas";"Plena Noite";"Decrescente";"Céu Claro";"Dupla";"Reta";"Não";4;0;2;0;1;2;2;4;-16,023325;-54,899853;"SPRF-MT";"DEL02-MT";"UOP01-DEL02-MT"
368832;2021-07-06;"terça-feira";"22:50:00";"GO";452;1;"RIO VERDE";"Condutor deixou de manter distância do veículo da frente";"Colisão lateral mesmo sentido";"Com Vítimas Feridas";"Plena Noite";"Crescente";"Céu Claro";"Dupla";"Reta";"Sim";3;0;1;0;1;2;1;4;-17,79126493;-50,89368296;"SPRF-GO";"DEL04-GO";"UOP01-DEL04-GO"
368838;2021-07-06;"terça-feira";"21:10:00";"MS";158;69;"PARANAIBA";"Velocidade Incompatível";"Colisão com objeto";"Sem Vítimas";"Plena Noite";"Crescente";"Céu Claro";"Simples";"Declive";"Não";2;0;0;0;1;2;0;3;-19,4809262;-51,29955714;"SPRF-MS";"DEL08-MS";"UOP01-DEL08-MS"
368862;2021-07-06;"terça-feira";"20:10:00";"PR";376;138,9;"NOVA ESPERANCA";"Condutor Dormindo";"Saída de leito carroçável";"Com Vítimas Feridas";"Plena Noite";"Crescente";"Céu Claro";"Dupla";"Curva";"Não";1;0;1;0;0;0;1;1;-23,22308103;-52,17896705;"SPRF-PR";"DEL09-PR";"UOP02-DEL09-PR"
368865;2021-07-06;"terça-feira";"21:18:00";"PR";277;473,9;"NOVA LARANJEIRAS";"Pedestre andava na pista";"Tombamento";"Com Vítimas Feridas";"Plena Noite";"Crescente";"Céu Claro";"Simples";"Curva";"Não";1;0;1;0;0;0;1;1;-25,31228529;-52,52903626;"SPRF-PR";"DEL04-PR";"UOP02-DEL04-PR"
368866;2021-07-07;"quarta-feira";"00:10:00";"SC";470;141,4;"RIO DO SUL";"Velocidade Incompatível";"Tombamento";"Com Vítimas Feridas";"Plena Noite";"Decrescente";"Céu Claro";"Simples";"Curva";"Sim";2;0;0;1;0;1;1;2;-27,226065;-49,666161;"SPRF-SC";"DEL04-SC";"UOP02-DEL04-SC"
368868;2021-07-06;"terça-feira";"21:00:00";"PE";104;23,5;"TAQUARITINGA DO NORTE";"Condutor Dormindo";"Saída de leito carroçável";"Com Vítimas Feridas";"Plena Noite";"Decrescente";"Céu Claro";"Simples";"Curva";"Não";1;0;1;0;0;0;1;1;-7,97182;-36,109932;"SPRF-PE";"DEL02-PE";"UOP01-DEL02-PE"
368869;2021-07-06;"terça-feira";"16:30:00";"MT";364;139,5;"PEDRA PRETA";"Velocidade Incompatível";"Tombamento";"Com Vítimas Feridas";"Pleno dia";"Decrescente";"Céu Claro";"Simples";"Curva";"Não";2;0;1;0;0;1;1;2;-16,80094529;-54,1099251;"SPRF-MT";"DEL02-MT";"UOP01-DEL02-MT"
368873;2021-07-07;"quarta-feira";"01:00:00";"PA";222;42;"DOM ELISEU";"Ausência de reação do condutor";"Colisão frontal";"Com Vítimas Feridas";"Plena Noite";"Decrescente";"Nublado";"Simples";"Reta";"Não";3;0;1;2;0;0;3;2;-4,339222;-47,764679;"SPRF-PA";"DEL02-PA";"UOP02-DEL02-PA"
368874;2021-07-06;"terça-feira";"17:30:00";"MT";70;162;"GENERAL CARNEIRO";"Velocidade Incompatível";"Tombamento";"Sem Vítimas";"Anoitecer";"Decrescente";"Céu Claro";"Simples";"Reta";"Não";2;0;0;0;1;1;0;2;-15,56570581;-53,46899267;"SPRF-MT";"DEL05-MT";"UOP01-DEL05-MT"
368877;2021-07-07;"quarta-feira";"01:40:00";"PR";373;232,1;"IMBITUVA";"Manobra de mudança de faixa";"Saída de leito carroçável";"Com Vítimas Feridas";"Plena Noite";"Crescente";"Céu Claro";"Simples";"Reta";"Não";2;0;0;2;0;0;2;1;-25,18503294;-50,68743801;"SPRF-PR";"DEL03-PR";"UOP04-DEL03-PR"
368879;2021-07-07;"quarta-feira";"03:50:00";"MG";262;532;"LUZ";"Condutor Dormindo";"Saída de leito carroçável";"Com Vítimas Feridas";"Plena Noite";"Decrescente";"Céu Claro";"Simples";"Declive";"Não";2;0;1;0;0;1;1;2;-19,78055943;-45,73305711;"SPRF-MG";"DEL08-MG";"UOP02-DEL08-MG"
368880;2021-07-06;"terça-feira";"19:50:00";"RO";364;972;"PORTO VELHO";"Ausência de reação do condutor";"Colisão transversal";"Com Vítimas Feridas";"Plena Noite";"Crescente";"Céu Claro";"Simples";"Reta";"Sim";4;0;1;1;1;3;2;5;-9,656602;-65,725038;"SPRF-RO";"DEL01-RO";"UOP03-DEL01-RO"
368881;2021-07-06;"terça-feira";"18:45:00";"RS";287;352;"JAGUARI";"Curva acentuada";"Colisão com objeto";"Sem Vítimas";"Plena Noite";"Crescente";"Céu Claro";"Simples";"Curva";"Não";1;0;0;0;1;0;0;1;-29,49589076;-54,67430678;"SPRF-RS";"DEL12-RS";"UOP02-DEL12-RS"
368882;2021-07-07;"quarta-feira";"03:40:00";"SC";101;218,8;"PALHOCA";"Velocidade Incompatível";"Colisão traseira";"Com Vítimas Fatais";"Plena Noite";"Crescente";"Céu Claro";"Dupla";"Reta";"Não";3;1;0;0;2;0;0;3;-27,6837503;-48,6673831;"SPRF-SC";"DEL01-SC";"UOP02-DEL01-SC"
368889;2021-07-07;"quarta-feira";"04:55:00";"PI";316;185,2;"VALENCA DO PIAUI";"Condutor Dormindo";"Saída de leito carroçável";"Com Vítimas Feridas";"Plena Noite";"Crescente";"Céu Claro";"Simples";"Reta";"Não";1;0;1;0;0;0;1;1;-6,28765741;-41,93962097;"SPRF-PI";"DEL04-PI";"UOP02-DEL04-PI"
368890;2021-05-03;"segunda-feira";"17:00:00";"MG";153;9;"ARAPORA";"Estacionar ou parar em local proibido";"Colisão traseira";"Sem Vítimas";"Pleno dia";"Crescente";"Céu Claro";"Dupla";"Reta";"Não";3;0;0;0;2;4;0;6;-18,49690399;-49,18880024;"SPRF-MG";"DEL15-MG";"UOP03-DEL15-MG"
368891;2021-07-07;"quarta-feira";"06:00:00";"PB";101;53,8;"SANTA RITA";"Condutor Dormindo";"Saída de leito carroçável";"Com Vítimas Feridas";"Amanhecer";"Crescente";"Céu Claro";"Dupla";"Aclive";"Não";2;0;1;0;0;1;1;2;-6,94606786;-35,09493776;"SPRF-PB";"DEL01-PB";"UOP04-DEL01-PB"
368892;2021-07-07;"quarta-feira";"06:20:00";"RS";101;1,1;"TORRES";"Reação tardia ou ineficiente do condutor";"Saída de leito carroçável";"Com Vítimas Feridas";"Amanhecer";"Crescente";"Céu Claro";"Dupla";"Curva";"Não";2;0;1;0;0;1;1;2;-29,30762999;-49,77275507;"SPRF-RS";"DEL03-RS";"UOP02-DEL03-RS"
368899;2021-07-07;"quarta-feira";"06:50:00";"PA";10;161;"PARAGOMINAS";"Acessar a via sem observar a presença dos outros veículos";"Colisão transversal";"Com Vítimas Fatais";"Amanhecer";"Crescente";"Nublado";"Simples";"Reta";"Sim";48;1;2;1;38;6;3;3;-3,026235;-47,465048;"SPRF-PA";"DEL02-PA";"UOP01-DEL02-PA"
368905;2021-07-07;"quarta-feira";"08:00:00";"MG";381;491,7;"BETIM";"Manobra de mudança de faixa";"Colisão lateral mesmo sentido";"Com Vítimas Feridas";"Pleno dia";"Crescente";"Céu Claro";"Dupla";"Reta";"Sim";2;0;1;0;1;0;1;2;-19,9965495;-44,2090326;"SPRF-MG";"DEL01-MG";"UOP03-DEL01-MG"
368914;2021-07-07;"quarta-feira";"08:40:00";"PE";232;164,5;"TACAIMBO";"Condutor deixou de manter distância do veículo da frente";"Colisão traseira";"Com Vítimas Fatais";"Pleno dia";"Decrescente";"Céu Claro";"Simples";"Reta;Declive";"Não";2;1;0;0;1;0;0;2;-8,336103;-36,293479;"SPRF-PE";"DEL02-PE";"UOP03-DEL02-PE"
368932;2021-07-07;"quarta-feira";"10:30:00";"ES";262;80,1;"DOMINGOS MARTINS";"Velocidade Incompatível";"Tombamento";"Com Vítimas Feridas";"Pleno dia";"Crescente";"Céu Claro";"Simples";"Curva";"Não";4;0;2;2;0;0;4;3;-20,40924049;-40,94035394;"SPRF-ES";"DEL01-ES";"UOP02-DEL01-ES"
368933;2021-07-07;"quarta-feira";"09:40:00";"RJ";116;268,5;"BARRA MANSA";"Velocidade Incompatível";"Colisão traseira";"Com Vítimas Feridas";"Pleno dia";"Decrescente";"Sol";"Dupla";"Reta";"Não";5;0;1;0;3;2;1;6;-22,58240306;-44,11006543;"SPRF-RJ";"DEL07-RJ";"UOP02-DEL07-RJ"
368935;2021-07-02;"sexta-feira";"19:00:00";"RO";0;0;"ARIQUEMES";"Ingestão de álcool pelo condutor";"Colisão lateral sentido oposto";"Sem Vítimas";"Plena Noite";"Não Informado";"Céu Claro";"Simples";"Reta";"Não";4;0;0;0;4;0;0;2;-9,97819157;-63,13179731;"SPRF-RO";"DEL03-RO";"N/A"
368941;2021-07-07;"quarta-feira";"07:10:00";"BA";116;632;"JAGUAQUARA";"Estacionar ou parar em local proibido";"Colisão frontal";"Com Vítimas Feridas";"Pleno dia";"Decrescente";"Céu Claro";"Simples";"Reta";"Sim";3;0;2;0;0;1;2;2;-13,5152203;-40,05705725;"SPRF-BA";"DEL03-BA";"UOP01-DEL03-BA"
368945;2021-04-16;"sexta-feira";"13:30:00";"PI";135;600;"CORRENTE";"Afundamento ou ondulação no pavimento";"Saída de leito carroçável";"Com Vítimas Fatais";"Pleno dia";"Crescente";"Céu Claro";"Simples";"Curva";"Não";3;1;0;0;0;2;0;3;-10,51777342;-45,18700262;"SPRF-PI";"DEL03-PI";"UOP02-DEL03-PI"
368946;2021-07-07;"quarta-feira";"12:00:00";"ES";101;287;"CARIACICA";"Manobra de mudança de faixa";"Colisão lateral mesmo sentido";"Com Vítimas Feridas";"Pleno dia";"Decrescente";"Sol";"Dupla";"Reta";"Sim";2;0;1;0;1;0;1;2;-20,26493528;-40,38471702;"SPRF-ES";"DEL01-ES";"UOP01-DEL01-ES"
368948;2021-03-28;"domingo";"18:12:00";"BA";116;674,5;"JEQUIE";"Acessar a via sem observar a presença dos outros veículos";"Colisão frontal";"Com Vítimas Feridas";"Anoitecer";"Crescente";"Ignorado";"Simples";"Reta";"Não";3;0;0;1;1;1;1;3;-13,87174666;-40,11515021;"SPRF-BA";"DEL03-BA";"UOP01-DEL03-BA"
368950;2021-06-13;"domingo";"17:30:00";"RR";174;175;"RORAINOPOLIS";"Ingestão de álcool pelo condutor";"Colisão frontal";"Com Vítimas Feridas";"Anoitecer";"Decrescente";"Céu Claro";"Simples";"Reta";"Não";3;0;1;0;1;1;1;3;0,61887;-60,459335;"SPRF-RR";"DEL01-RR";"UOP01-DEL01-RR"
368951;2021-07-07;"quarta-feira";"12:25:00";"SE";101;90,9;"NOSSA SENHORA DO SOCORRO";"Manobra de mudança de faixa";"Tombamento";"Com Vítimas Feridas";"Pleno dia";"Decrescente";"Nublado";"Múltipla";"Reta";"Sim";3;0;1;0;1;1;1;3;-10,88958218;-37,13256719;"SPRF-SE";"DEL01-SE";"UOP01-DEL01-SE"
368956;2021-07-07;"quarta-feira";"12:25:00";"PR";376;125;"ALTO PARANA";"Reação tardia ou ineficiente do condutor";"Colisão traseira";"Com Vítimas Feridas";"Pleno dia";"Crescente";"Céu Claro";"Dupla";"Reta";"Não";2;0;1;0;1;0;1;2;-23,144151;-52,28177;"SPRF-PR";"DEL09-PR";"UOP02-DEL09-PR"
368959;2021-07-07;"quarta-feira";"08:30:00";"MG";116;168;"PADRE PARAISO";"Ausência de reação do condutor";"Tombamento";"Sem Vítimas";"Pleno dia";"Crescente";"Céu Claro";"Simples";"Declive";"Não";2;0;0;0;1;1;0;2;-17,00163402;-41,44568101;"SPRF-MG";"DEL11-MG";"UOP02-DEL11-MG"
368962;2021-07-07;"quarta-feira";"11:05:00";"MG";381;741;"TRES CORACOES";"Reação tardia ou ineficiente do condutor";"Atropelamento de Pedestre";"Com Vítimas Feridas";"Pleno dia";"Decrescente";"Céu Claro";"Dupla";"Reta";"Não";3;0;0;1;0;2;1;2;-21,61577478;-45,25777775;"SPRF-MG";"DEL16-MG";"UOP02-DEL16-MG"
368967;2021-07-07;"quarta-feira";"12:50:00";"RJ";116;178;"NOVA IGUACU";"Condutor deixou de manter distância do veículo da frente";"Colisão traseira";"Com Vítimas Feridas";"Pleno dia";"Decrescente";"Céu Claro";"Dupla";"Reta";"Sim";3;0;2;0;1;0;2;3;-22,77496393;-43,40081465;"SPRF-RJ";"DEL01-RJ";"UOP02-DEL01-RJ"
368968;2021-07-07;"quarta-feira";"12:50:00";"MS";163;724;"COXIM";"Acumulo de areia ou detritos sobre o pavimento";"Eventos atípicos";"Com Vítimas Feridas";"Pleno dia";"Crescente";"Céu Claro";"Simples";"Reta";"Não";2;0;1;0;0;1;1;2;-18,56046808;-54,75517984;"SPRF-MS";"DEL06-MS";"UOP01-DEL06-MS"
368969;2021-07-07;"quarta-feira";"12:20:00";"PB";230;509;"CAJAZEIRAS";"Reação tardia ou ineficiente do condutor";"Saída de leito carroçável";"Com Vítimas Feridas";"Pleno dia";"Crescente";"Céu Claro";"Simples";"Reta";"Não";6;0;4;0;0;2;4;3;-6,8931;-38,5804;"SPRF-PB";"DEL03-PB";"UOP03-DEL03-PB"
368970;2021-05-16;"domingo";"14:50:00";"ES";101;355,2;"ANCHIETA";"Manobra de mudança de faixa";"Colisão frontal";"Com Vítimas Fatais";"Pleno dia";"Crescente";"Sol";"Simples";"Curva";"Não";3;1;1;1;0;0;2;2;-20,68854312;-40,67978692;"SPRF-ES";"DEL03-ES";"UOP01-DEL03-ES"
368973;2021-07-07;"quarta-feira";"09:20:00";"PR";153;394,2;"MALLET";"Velocidade Incompatível";"Saída de leito carroçável";"Sem Vítimas";"Pleno dia";"Decrescente";"Sol";"Simples";"Curva";"Não";1;0;0;0;1;0;0;1;-25,91286173;-50,84605212;"SPRF-PR";"DEL02-PR";"UOP04-DEL02-PR"