"id";"data_inversa";"dia_semana";"horario";"uf";"br";"km";"municipio";"causa_acidente";"tipo_acidente";"classificacao_acidente";"fase_dia";"sentido_via";"condicao_metereologica";"tipo_pista";"tracado_via";"uso_solo";"pessoas";"mortos";"feridos_leves";"feridos_graves";"ilesos";"ignorados";"feridos";"veiculos";"latitude";"longitude";"regional";"delegacia";"uop"
368976;2021-07-07;"quarta-feira";"15:00:00";"RS";158;310,1;"ITAARA";"Manobra de mudança de faixa";"Colisão lateral mesmo sentido";"Sem Vítimas";"Pleno dia";"Decrescente";"Céu Claro";"Simples";"Reta";"Sim";3;0;0;0;2;1;0;3;-29,61566224;-53,76704693;"SPRF-RS";"DEL09-RS";"UOP01-DEL09-RS"
368978;2021-07-07;"quarta-feira";"07:45:00";"MT";163;827;"SINOP";"Acessar a via sem observar a presença dos outros veículos";"Colisão lateral mesmo sentido";"Com Vítimas Feridas";"Pleno dia";"Crescente";"Céu Claro";"Dupla";"Retorno Regulamentado";"Sim";3;0;1;0;1;2;1;4;-12,05864;-55,51743619;"SPRF-MT";"DEL06-MT";"UOP01-DEL06-MT"
368979;2021-07-07;"quarta-feira";"15:10:00";"RJ";116;109;"GUAPIMIRIM";"Manobra de mudança de faixa";"Saída de leito carroçável";"Com Vítimas Feridas";"Pleno dia";"Crescente";"Céu Claro";"Dupla";"Reta";"Não";3;0;2;0;1;0;2;3;-22,54280711;-42,98518617;"SPRF-RJ";"DEL04-RJ";"UOP02-DEL04-RJ"
368980;2021-07-07;"quarta-feira";"13:00:00";"BA";101;217;"CRUZ DAS ALMAS";"Velocidade Incompatível";"Colisão traseira";"Com Vítimas Fatais";"Pleno dia";"Crescente";"Garoa/Chuvisco";"Simples";"Reta;Ponte";"Não";20;1;2;2;15;0;4;14;-12,64420699;-39,10329407;"SPRF-BA";"DEL01-BA";"UOP02-DEL01-BA"
368982;2021-07-07;"quarta-feira";"08:45:00";"SC";280;85,3;"CORUPA";"Velocidade Incompatível";"Saída de leito carroçável";"Sem Vítimas";"Pleno dia";"Decrescente";"Nublado";"Simples";"Curva;Declive";"Não";1;0;0;0;1;0;0;1;-26,41486124;-49,25826967;"SPRF-SC";"DEL06-SC";"UOP03-DEL06-SC"
368985;2021-07-07;"quarta-feira";"15:25:00";"MG";40;44;"PARACATU";"Manobra de mudança de faixa";"Tombamento";"Com Vítimas Feridas";"Pleno dia";"Crescente";"Céu Claro";"Simples";"Aclive";"Sim";2;0;0;1;0;1;1;2;-17,23101648;-46,85390396;"SPRF-MG";"DEL14-MG";"UOP01-DEL14-MG"
368993;2021-07-07;"quarta-feira";"16:00:00";"PB";230;17;"JOAO PESSOA";"Acessar a via sem observar a presença dos outros veículos";"Colisão lateral mesmo sentido";"Com Vítimas Feridas";"Pleno dia";"Crescente";"Céu Claro";"Dupla";"Retorno Regulamentado";"Sim";2;0;0;1;1;0;1;2;-7,1121;-34,8426;"SPRF-PB";"DEL01-PB";"UOP01-DEL01-PB"
368995;2021-07-07;"quarta-feira";"14:30:00";"MG";365;94;"JEQUITAI";"Reação tardia ou ineficiente do condutor";"Colisão traseira";"Com Vítimas Feridas";"Pleno dia";"Decrescente";"Céu Claro";"Simples";"Reta";"Não";2;0;0;1;1;0;1;2;-17,21486603;-44,471698;"SPRF-MG";"DEL12-MG";"UOP01-DEL12-MG"
368998;2021-07-07;"quarta-feira";"16:30:00";"RS";158;327;"SANTA MARIA";"Ausência de reação do condutor";"Engavetamento";"Com Vítimas Feridas";"Pleno dia";"Crescente";"Céu Claro";"Simples";"Reta";"Sim";5;0;0;2;2;1;2;4;-29,714945;-53,81083;"SPRF-RS";"DEL09-RS";"UOP01-DEL09-RS"
369008;2021-07-07;"quarta-feira";"17:15:00";"MG";381;724,9;"CARMO DA CACHOEIRA";"Condutor Dormindo";"Colisão traseira";"Com Vítimas Feridas";"Pleno dia";"Decrescente";"Céu Claro";"Dupla";"Aclive;Curva";"Não";2;0;0;1;1;0;1;2;-21,46334983;-45,20588294;"SPRF-MG";"DEL04-MG";"UOP02-DEL04-MG"
369009;2021-07-07;"quarta-feira";"15:40:00";"RJ";116;223;"PIRAI";"Problema com o freio";"Tombamento";"Sem Vítimas";"Pleno dia";"Decrescente";"Céu Claro";"Simples";"Curva;Declive";"Não";1;0;0;0;1;0;0;1;-22,67674806;-43,83029938;"SPRF-RJ";"DEL07-RJ";"UOP01-DEL07-RJ"
369026;2021-07-07;"quarta-feira";"18:50:00";"PE";428;183,3;"PETROLINA";"Velocidade Incompatível";"Colisão frontal";"Com Vítimas Feridas";"Plena Noite";"Crescente";"Céu Claro";"Simples";"Reta";"Sim";2;0;0;1;1;0;1;2;-9,337566;-40,468917;"SPRF-PE";"DEL06-PE";"UOP01-DEL06-PE"
369035;2021-07-07;"quarta-feira";"15:30:00";"MG";365;508,6;"PATROCINIO";"Obras na pista";"Colisão traseira";"Com Vítimas Feridas";"Pleno dia";"Crescente";"Sol";"Simples";"Aclive";"Não";6;0;1;0;4;2;1;4;-18,946037;-47,288348;"SPRF-MG";"DEL10-MG";"UOP01-DEL10-MG"
369037;2021-04-13;"terça-feira";"14:45:00";"MG";50;19,6;"ARAGUARI";"Obras na pista";"Colisão lateral mesmo sentido";"Com Vítimas Feridas";"Pleno dia";"Decrescente";"Céu Claro";"Dupla";"Em Obras";"Não";3;0;1;0;1;3;1;5;-18,57876301;-48,06009904;"SPRF-MG";"DEL15-MG";"UOP02-DEL15-MG"
369041;2021-07-07;"quarta-feira";"17:55:00";"MG";262;97;"ABRE CAMPO";"Acessar a via sem observar a presença dos outros veículos";"Colisão transversal";"Sem Vítimas";"Plena Noite";"Crescente";"Céu Claro";"Simples";"Retorno Regulamentado";"Sim";3;0;0;0;2;1;0;3;-20,29066833;-42,48754605;"SPRF-MG";"DEL03-MG";"UOP03-DEL03-MG"
369042;2021-07-07;"quarta-feira";"19:30:00";"SP";116;306;"SAO LOURENCO DA SERRA";"Ausência de reação do condutor";"Tombamento";"Com Vítimas Feridas";"Plena Noite";"Crescente";"Nublado";"Dupla";"Curva";"Sim";2;0;1;0;0;1;1;2;-23,84593958;-46,93743944;"SPRF-SP";"DEL04-SP";"UOP01-DEL04-SP"
369045;2021-07-07;"quarta-feira";"20:00:00";"GO";153;516,2;"APARECIDA DE GOIANIA";"Reação tardia ou ineficiente do condutor";"Colisão traseira";"Com Vítimas Feridas";"Plena Noite";"Decrescente";"Céu Claro";"Dupla";"Reta;Aclive";"Sim";2;0;0;1;1;0;1;2;-16,8504;-49,2473;"SPRF-GO";"DEL01-GO";"UOP03-DEL01-GO"
369046;2021-07-07;"quarta-feira";"19:41:00";"MG";50;56,4;"UBERLANDIA";"Condutor deixou de manter distância do veículo da frente";"Colisão traseira";"Sem Vítimas";"Plena Noite";"Decrescente";"Céu Claro";"Dupla";"Declive";"Não";6;0;0;0;4;5;0;8;-18,78440145;-48,23234081;"SPRF-MG";"DEL15-MG";"UOP02-DEL15-MG"
369049;2021-07-07;"quarta-feira";"19:30:00";"CE";116;47;"PACAJUS";"Carga excessiva e/ou mal acondicionada";"Tombamento";"Sem Vítimas";"Plena Noite";"Crescente";"Céu Claro";"Dupla";"Curva";"Sim";2;0;0;0;1;1;0;2;-4,14746618;-38,47778184;"SPRF-CE";"DEL01-CE";"UOP02-DEL01-CE"
369052;2021-07-07;"quarta-feira";"20:50:00";"GO";60;381;"RIO VERDE";"Reação tardia ou ineficiente do condutor";"Colisão lateral mesmo sentido";"Com Vítimas Feridas";"Plena Noite";"Crescente";"Ignorado";"Dupla";"Reta";"Sim";2;0;1;0;0;1;1;2;-17,7727;-50,8862;"SPRF-GO";"DEL04-GO";"UOP01-DEL04-GO"
369057;2021-07-07;"quarta-feira";"18:30:00";"SC";101;333,5;"TUBARAO";"Pedestre andava na pista";"Atropelamento de Pedestre";"Com Vítimas Fatais";"Anoitecer";"Crescente";"Céu Claro";"Múltipla";"Reta;Aclive";"Sim";2;1;0;0;1;0;0;2;-28,468704;-49,012786;"SPRF-SC";"DEL02-SC";"UOP01-DEL02-SC"
369062;2021-07-07;"quarta-feira";"19:40:00";"MA";316;575,2;"CAXIAS";"Acessar a via sem observar a presença dos outros veículos";"Colisão transversal";"Com Vítimas Fatais";"Plena Noite";"Decrescente";"Céu Claro";"Simples";"Curva";"Não";3;1;0;0;1;1;0;3;-4,941659;-43,160339;"SPRF-MA";"DEL03-MA";"UOP02-DEL03-MA"
369064;2021-07-07;"quarta-feira";"20:00:00";"MT";158;650;"NOVA XAVANTINA";"Desrespeitar a preferência no cruzamento";"Colisão transversal";"Sem Vítimas";"Plena Noite";"Decrescente";"Céu Claro";"Simples";"Reta";"Sim";2;0;0;0;1;1;0;2;-14,65123116;-52,35734831;"SPRF-MT";"DEL07-MT";"UOP01-DEL07-MT"
369066;2021-07-07;"quarta-feira";"21:05:00";"RJ";40;38,2;"AREAL";"Condutor Dormindo";"Colisão com objeto";"Com Vítimas Feridas";"Plena Noite";"Decrescente";"Céu Claro";"Dupla";"Curva";"Sim";3;0;1;0;1;3;1;5;-22,22751025;-43,11963242;"SPRF-RJ";"DEL05-RJ";"UOP02-DEL05-RJ"
369068;2021-07-07;"quarta-feira";"22:35:00";"MG";116;533,2;"CARATINGA";"Ingestão de álcool pelo condutor";"Colisão lateral sentido oposto";"Sem Vítimas";"Plena Noite";"Crescente";"Céu Claro";"Simples";"Curva";"Não";3;0;0;0;2;1;0;3;-19,83624191;-42,13833241;"SPRF-MG";"DEL06-MG";"UOP02-DEL06-MG"
369069;2021-07-07;"quarta-feira";"19:00:00";"PR";373;389;"CANDOI";"Reação tardia ou ineficiente do condutor";"Colisão frontal";"Com Vítimas Feridas";"Plena Noite";"Decrescente";"Céu Claro";"Simples";"Reta";"Não";4;0;1;1;1;1;2;3;-25,519338;-51,964447;"SPRF-PR";"DEL08-PR";"UOP01-DEL08-PR"
369071;2021-07-07;"quarta-feira";"23:30:00";"GO";60;165,8;"GOIANIA";"Ausência de reação do condutor";"Colisão traseira";"Com Vítimas Fatais";"Plena Noite";"Decrescente";"Céu Claro";"Simples";"Reta";"Sim";3;1;0;0;1;3;0;5;-16,7084;-49,3503;"SPRF-GO";"DEL01-GO";"UOP02-DEL01-GO"
369073;2021-07-07;"quarta-feira";"17:30:00";"MG";50;96;"UBERLANDIA";"Demais falhas mecânicas ou elétricas";"Incêndio";"Sem Vítimas";"Anoitecer";"Crescente";"Céu Claro";"Dupla";"Reta";"Não";2;0;0;0;1;2;0;3;-19,10113604;-48,18109716;"SPRF-MG";"DEL15-MG";"UOP01-DEL15-MG"
369079;2021-07-08;"quinta-feira";"02:40:00";"SC";101;137;"BALNEARIO CAMBORIU";"Ingestão de álcool pelo condutor";"Colisão lateral mesmo sentido";"Com Vítimas Feridas";"Plena Noite";"Crescente";"Céu Claro";"Dupla";"Reta";"Não";3;0;1;0;1;1;1;3;-27,0157238;-48,61192763;"SPRF-SC";"DEL04-SC";"UOP03-DEL04-SC"
369080;2021-07-07;"quarta-feira";"22:40:00";"MG";40;47;"PARACATU";"Ausência de reação do condutor";"Colisão traseira";"Com Vítimas Feridas";"Plena Noite";"Decrescente";"Céu Claro";"Simples";"Reta";"Não";3;0;0;1;1;1;1;3;-17,24087329;-46,82787504;"SPRF-MG";"DEL14-MG";"UOP01-DEL14-MG"
369083;2021-07-08;"quinta-feira";"03:50:00";"PR";369;471,1;"CORBELIA";"Velocidade Incompatível";"Colisão traseira";"Com Vítimas Fatais";"Plena Noite";"Crescente";"Céu Claro";"Simples";"Reta";"Não";3;1;1;0;1;0;1;2;-24,5796;-53,1765;"SPRF-PR";"DEL04-PR";"UOP03-DEL04-PR"
369085;2021-07-08;"quinta-feira";"03:20:00";"MS";262;29;"TRES LAGOAS";"Ausência de reação do condutor";"Saída de leito carroçável";"Com Vítimas Feridas";"Plena Noite";"Decrescente";"Céu Claro";"Simples";"Reta";"Não";2;0;1;0;0;3;1;4;-20,80722;-51,848643;"SPRF-MS";"DEL07-MS";"UOP01-DEL07-MS"
369088;2021-07-07;"quarta-feira";"15:00:00";"PA";230;836;"URUARA";"Demais falhas mecânicas ou elétricas";"Saída de leito carroçável";"Com Vítimas Feridas";"Pleno dia";"Crescente";"Céu Claro";"Simples";"Aclive";"Não";10;0;2;2;5;1;4;3;-3,746664;-53,82248;"SPRF-PA";"DEL04-PA";"UOP01-DEL04-PA"
369096;2021-07-08;"quinta-feira";"05:49:00";"RJ";116;217,7;"PARACAMBI";"Ausência de reação do condutor";"Colisão traseira";"Com Vítimas Feridas";"Pleno dia";"Crescente";"Céu Claro";"Dupla";"Reta";"Não";3;0;1;0;1;1;1;3;-22,70206801;-43,74864201;"SPRF-RJ";"DEL01-RJ";"UOP03-DEL01-RJ"
369099;2021-07-08;"quinta-feira";"06:30:00";"PR";373;389;"CANDOI";"Ingestão de álcool pelo condutor";"Colisão lateral sentido oposto";"Com Vítimas Feridas";"Amanhecer";"Crescente";"Nevoeiro/Neblina";"Simples";"Curva";"Não";2;0;1;0;1;0;1;2;-25,51684399;-51,96266503;"SPRF-PR";"DEL08-PR";"UOP01-DEL08-PR"
369106;2021-07-08;"quinta-feira";"06:50:00";"ES";262;56;"MARECHAL FLORIANO";"Acessar a via sem observar a presença dos outros veículos";"Colisão transversal";"Com Vítimas Feridas";"Pleno dia";"Crescente";"Céu Claro";"Simples";"Declive;Reta";"Não";2;0;1;0;1;0;1;2;-20,41138116;-40,7565136;"SPRF-ES";"DEL01-ES";"UOP01-DEL01-ES"
369115;2021-07-08;"quinta-feira";"09:05:00";"GO";153;281;"NOVA GLORIA";"Ausência de sinalização";"Colisão lateral mesmo sentido";"Com Vítimas Feridas";"Pleno dia";"Decrescente";"Céu Claro";"Simples";"Reta";"Não";6;0;1;0;4;3;1;6;-15,143419;-49,529455;"SPRF-GO";"DEL07-GO";"UOP02-DEL07-GO"
369116;2021-07-08;"quinta-feira";"08:10:00";"SP";116;316,5;"JUQUITIBA";"Velocidade Incompatível";"Tombamento";"Com Vítimas Feridas";"Pleno dia";"Decrescente";"Céu Claro";"Dupla";"Curva";"Não";2;0;1;0;0;1;1;2;-23,91054997;-46,99149375;"SPRF-SP";"DEL04-SP";"UOP01-DEL04-SP"
369124;2021-07-08;"quinta-feira";"07:30:00";"GO";153;499;"GOIANIA";"Frear bruscamente";"Colisão traseira";"Sem Vítimas";"Pleno dia";"Crescente";"Céu Claro";"Dupla";"Reta";"Sim";5;0;0;0;4;1;0;5;-16,7033;-49,2311;"SPRF-GO";"DEL01-GO";"UOP01-DEL01-GO"
369126;2021-05-29;"sábado";"21:05:00";"PR";476;200,3;"LAPA";"Chuva";"Colisão lateral mesmo sentido";"Com Vítimas Feridas";"Plena Noite";"Decrescente";"Garoa/Chuvisco";"Simples";"Curva";"Sim";4;0;0;2;0;2;2;4;-25,77438;-49,755112;"SPRF-PR";"DEL02-PR";"UOP04-DEL02-PR"
369127;2021-07-08;"quinta-feira";"03:15:00";"PI";343;460;"SAO PEDRO DO PIAUI";"Reação tardia ou ineficiente do condutor";"Saída de leito carroçável";"Com Vítimas Feridas";"Plena Noite";"Crescente";"Céu Claro";"Simples";"Reta";"Não";2;0;1;0;0;1;1;2;-5,988486;-42,730907;"SPRF-PI";"DEL01-PI";"UOP02-DEL01-PI"
369133;2021-07-08;"quinta-feira";"10:10:00";"CE";222;2,5;"FORTALEZA";"Acessar a via sem observar a presença dos outros veículos";"Colisão lateral mesmo sentido";"Com Vítimas Feridas";"Pleno dia";"Decrescente";"Céu Claro";"Múltipla";"Reta";"Sim";2;0;1;0;1;0;1;2;-3,73911117;-38,58687498;"SPRF-CE";"DEL01-CE";"UOP01-DEL01-CE"
369135;2021-07-08;"quinta-feira";"09:30:00";"PR";376;660;"TIJUCAS DO SUL";"Velocidade Incompatível";"Engavetamento";"Com Vítimas Feridas";"Pleno dia";"Crescente";"Sol";"Simples";"Curva";"Não";13;0;2;1;9;5;3;17;-25,8516758;-49,00332398;"SPRF-PR";"DEL01-PR";"UOP04-DEL01-PR"
369137;2021-07-08;"quinta-feira";"08:35:00";"MG";381;940,3;"EXTREMA";"Acumulo de óleo sobre o pavimento";"Colisão lateral mesmo sentido";"Com Vítimas Feridas";"Pleno dia";"Decrescente";"Céu Claro";"Dupla";"Curva";"Sim";2;0;1;0;0;1;1;2;-22,85421396;-46,33740277;"SPRF-MG";"DEL16-MG";"UOP03-DEL16-MG"
369141;2021-05-12;"quarta-feira";"16:40:00";"RS";470;228;"GARIBALDI";"Desrespeitar a preferência no cruzamento";"Colisão lateral mesmo sentido";"Com Vítimas Feridas";"Anoitecer";"Crescente";"Céu Claro";"Simples";"Interseção de Vias";"Não";2;0;2;0;0;0;2;2;-29,21759706;-51,51703722;"SPRF-RS";"DEL06-RS";"UOP01-DEL06-RS"
369153;2021-06-27;"domingo";"07:00:00";"MG";40;517;"RIBEIRAO DAS NEVES";"Velocidade Incompatível";"Colisão lateral mesmo sentido";"Com Vítimas Feridas";"Pleno dia";"Crescente";"Céu Claro";"Dupla";"Reta";"Sim";2;0;1;0;1;0;1;2;-19,82351202;-44,08438913;"SPRF-MG";"DEL01-MG";"UOP02-DEL01-MG"
369157;2021-07-08;"quinta-feira";"12:30:00";"RS";158;201,6;"CRUZ ALTA";"Acessar a via sem observar a presença dos outros veículos";"Colisão lateral mesmo sentido";"Com Vítimas Feridas";"Pleno dia";"Crescente";"Céu Claro";"Simples";"Reta";"Não";3;0;1;0;2;0;1;2;-28,69409698;-53,60154374;"SPRF-RS";"DEL10-RS";"UOP02-DEL10-RS"
369163;2021-07-08;"quinta-feira";"11:30:00";"PR";116;168;"QUITANDINHA";"Pedestre andava na pista";"Queda de ocupante de veículo";"Com Vítimas Feridas";"Pleno dia";"Crescente";"Céu Claro";"Simples";"Reta";"Não";2;0;1;0;1;0;1;1;-25,87257323;-49,46295588;"SPRF-PR";"DEL01-PR";"UOP03-DEL01-PR"
369167;2021-07-08;"quinta-feira";"02:30:00";"MS";436;16,5;"APARECIDA DO TABOADO";"Velocidade Incompatível";"Tombamento";"Com Vítimas Feridas";"Plena Noite";"Decrescente";"Céu Claro";"Simples";"Rotatória";"Não";2;0;1;0;0;1;1;2;-20,087124;-51,09403;"SPRF-MS";"DEL08-MS";"UOP01-DEL08-MS"
369172;2021-07-08;"quinta-feira";"13:30:00";"PR";163;205,9;"CASCAVEL";"Transitar na contramão";"Colisão frontal";"Com Vítimas Fatais";"Pleno dia";"Decrescente";"Céu Claro";"Simples";"Reta";"Não";5;1;0;0;2;3;0;6;-24,97692625;-53,55596182;"SPRF-PR";"DEL05-PR";"UOP05-DEL05-PR"
369178;2021-07-08;"quinta-feira";"11:10:00";"RS";290;277,2;"CACHOEIRA DO SUL";"Demais falhas mecânicas ou elétricas";"Incêndio";"Sem Vítimas";"Pleno dia";"Decrescente";"Sol";"Simples";"Reta";"Não";2;0;0;0;1;1;0;2;-30,256935;-52,993393;"SPRF-RS";"DEL02-RS";"UOP03-DEL02-RS"
369181;2021-07-08;"quinta-feira";"12:20:00";"MS";267;123,1;"NOVA ANDRADINA";"Velocidade Incompatível";"Colisão com objeto";"Sem Vítimas";"Pleno dia";"Crescente";"Céu Claro";"Simples";"Declive";"Não";2;0;0;0;1;3;0;4;-21,7581939;-53,243428;"SPRF-MS";"DEL02-MS";"UOP03-DEL02-MS"
369183;2021-07-08;"quinta-feira";"15:10:00";"AP";210;2,5;"MACAPA";"Pedestre cruzava a pista fora da faixa";"Atropelamento de Pedestre";"Com Vítimas Feridas";"Pleno dia";"Crescente";"Céu Claro";"Simples";"Reta";"Sim";3;0;1;0;1;1;1;3;0,08282017;-51,07776189;"SPRF-AP";"DEL01-AP";"UOP01-DEL01-AP"
369184;2021-07-08;"quinta-feira";"11:20:00";"SC";116;156,6;"SANTA CECILIA";"Velocidade Incompatível";"Tombamento";"Com Vítimas Fatais";"Pleno dia";"Decrescente";"Sol";"Simples";"Curva;Declive";"Não";2;1;0;0;0;1;0;2;-27,08005798;-50,43641901;"SPRF-SC";"DEL06-SC";"UOP02-DEL06-SC"
369185;2021-07-08;"quinta-feira";"15:45:00";"DF";70;11;"BRASILIA";"Manobra de mudança de faixa";"Colisão lateral mesmo sentido";"Com Vítimas Feridas";"Pleno dia";"Decrescente";"Céu Claro";"Dupla";"Reta";"Sim";5;0;4;1;0;0;5;2;-15,789762;-48,148727;"SPRF-DF";"DEL03-DF";"UOP02-DEL03-DF"
369186;2021-07-08;"quinta-feira";"14:00:00";"SE";101;138,9;"ESTANCIA";"Acumulo de água sobre o pavimento";"Saída de leito carroçável";"Sem Vítimas";"Pleno dia";"Crescente";"Chuva";"Dupla";"Reta";"Não";2;0;0;0;1;1;0;2;-11,15565107;-37,40037525;"SPRF-SE";"DEL02-SE";"UOP01-DEL02-SE"
369187;2021-06-25;"sexta-feira";"15:30:00";"GO";452;150,6;"BOM JESUS DE GOIAS";"Obstrução na via";"Colisão traseira";"Com Vítimas Feridas";"Pleno dia";"Decrescente";"Sol";"Simples";"Reta";"Não";6;0;1;0;4;1;1;4;-18,30016354;-49,58722869;"SPRF-GO";"DEL03-GO";"UOP02-DEL03-GO"
369190;2021-07-08;"quinta-feira";"15:30:00";"MT";163;677;"LUCAS DO RIO VERDE";"Ultrapassagem Indevida";"Colisão lateral mesmo sentido";"Com Vítimas Feridas";"Pleno dia";"Decrescente";"Céu Claro";"Simples";"Reta";"Não";3;0;1;0;1;3;1;5;-13,26564582;-56,02264541;"SPRF-MT";"DEL06-MT";"UOP01-DEL06-MT"
369191;2021-07-08;"quinta-feira";"16:35:00";"ES";101;148,8;"LINHARES";"Desrespeitar a preferência no cruzamento";"Colisão transversal";"Com Vítimas Fatais";"Pleno dia";"Crescente";"Céu Claro";"Simples";"Interseção de Vias";"Sim";6;1;0;0;1;5;0;5;-19,38787399;-40,06752766;"SPRF-ES";"DEL04-ES";"UOP01-DEL04-ES"
369193;2021-07-08;"quinta-feira";"01:00:00";"PA";316;257,5;"CACHOEIRA DO PIRIA";"Reação tardia ou ineficiente do condutor";"Atropelamento de Pedestre";"Com Vítimas Fatais";"Plena Noite";"Decrescente";"Ignorado";"Simples";"Reta";"Não";2;1;0;0;0;1;0;2;-1,80413297;-46,45738599;"SPRF-PA";"DEL01-PA";"UOP04-DEL01-PA"
369198;2021-07-08;"quinta-feira";"16:45:00";"RS";386;69,5;"BOA VISTA DAS MISSOES";"Pedestre andava na pista";"Atropelamento de Pedestre";"Com Vítimas Feridas";"Pleno dia";"Decrescente";"Céu Claro";"Simples";"Reta";"Não";3;0;0;1;1;1;1;2;-27,660053;-53,316261;"SPRF-RS";"DEL08-RS";"UOP02-DEL08-RS"
369200;2021-04-30;"sexta-feira";"18:20:00";"RS";470;232;"CARLOS BARBOSA";"Velocidade Incompatível";"Tombamento";"Com Vítimas Feridas";"Plena Noite";"Decrescente";"Céu Claro";"Simples";"Declive";"Não";2;0;1;0;0;1;1;2;-29,23579206;-51,51193423;"SPRF-RS";"DEL06-RS";"UOP01-DEL06-RS"
369206;2021-07-08;"quinta-feira";"11:45:00";"TO";226;43;"DARCINOPOLIS";"Acessar a via sem observar a presença dos outros veículos";"Colisão transversal";"Com Vítimas Fatais";"Pleno dia";"Decrescente";"Céu Claro";"Simples";"Reta";"Não";5;1;2;0;1;2;2;4;-6,734136;-47,775173;"SPRF-TO";"DEL02-TO";"UOP03-DEL02-TO"
369208;2021-07-08;"quinta-feira";"17:40:00";"MG";381;726,7;"CARMO DA CACHOEIRA";"Velocidade Incompatível";"Tombamento";"Com Vítimas Fatais";"Anoitecer";"Decrescente";"Céu Claro";"Dupla";"Curva";"Não";2;1;0;0;0;1;0;2;-21,47876497;-45,20126856;"SPRF-MG";"DEL04-MG";"UOP02-DEL04-MG"
369210;2021-07-08;"quinta-feira";"10:02:00";"BA";116;563;"NOVA ITARANA";"Condutor deixou de manter distância do veículo da frente";"Colisão traseira";"Sem Vítimas";"Pleno dia";"Crescente";"Nublado";"Simples";"Reta";"Não";3;0;0;0;1;3;0;4;-12,95610303;-39,92190696;"SPRF-BA";"DEL03-BA";"UOP02-DEL03-BA"
369219;2021-07-08;"quinta-feira";"16:55:00";"PR";376;592;"CURITIBA";"Reação tardia ou ineficiente do condutor";"Engavetamento";"Com Vítimas Feridas";"Pleno dia";"Crescente";"Nublado";"Dupla";"Reta";"Sim";7;0;1;0;5;2;1;8;-25,477157;-49,35086;"SPRF-PR";"DEL01-PR";"UOP01-DEL01-PR"
369222;2021-06-30;"quarta-feira";"22:54:00";"SC";470;201;"PONTE ALTA";"Transitar na contramão";"Colisão frontal";"Com Vítimas Feridas";"Plena Noite";"Crescente";"Céu Claro";"Simples";"Reta";"Não";5;0;1;1;2;1;2;2;-27,298632;-50,143291;"SPRF-SC";"DEL05-SC";"UOP03-DEL05-SC"
369223;2021-07-08;"quinta-feira";"17:45:00";"RS";386;283,2;"SAO JOSE DO HERVAL";"Reação tardia ou ineficiente do condutor";"Colisão frontal";"Com Vítimas Feridas";"Pleno dia";"Crescente";"Céu Claro";"Simples";"Reta";"Não";3;0;1;0;1;1;1;3;-29,0436;-52,297913;"SPRF-RS";"DEL04-RS";"UOP03-DEL04-RS"
369231;2021-07-08;"quinta-feira";"18:40:00";"SC";470;5,7;"NAVEGANTES";"Condutor Dormindo";"Colisão traseira";"Com Vítimas Feridas";"Plena Noite";"Decrescente";"Nublado";"Dupla";"Reta";"Sim";8;0;5;0;2;1;5;4;-26,855688;-48,700333;"SPRF-SC";"DEL04-SC";"UOP04-DEL04-SC"
369235;2021-07-08;"quinta-feira";"18:00:00";"MS";262;384;"TERENOS";"Reação tardia ou ineficiente do condutor";"Colisão traseira";"Com Vítimas Fatais";"Anoitecer";"Decrescente";"Céu Claro";"Simples";"Declive";"Não";6;1;2;1;1;1;3;3;-20,434864;-54,87231;"SPRF-MS";"DEL01-MS";"UOP03-DEL01-MS"
369238;2021-07-08;"quinta-feira";"19:50:00";"GO";60;344,4;"SANTO ANTONIO DA BARRA";"Reação tardia ou ineficiente do condutor";"Colisão lateral mesmo sentido";"Com Vítimas Feridas";"Plena Noite";"Decrescente";"Céu Claro";"Dupla";"Reta;Retorno Regulamentado";"Sim";3;0;1;0;1;2;1;4;-17,5628;-50,6402;"SPRF-GO";"DEL04-GO";"UOP01-DEL04-GO"
369241;2021-07-08;"quinta-feira";"20:00:00";"PR";116;126;"FAZENDA RIO GRANDE";"Condutor deixou de manter distância do veículo da frente";"Colisão traseira";"Com Vítimas Feridas";"Plena Noite";"Crescente";"Céu Claro";"Dupla";"Reta";"Sim";4;0;1;0;2;1;1;4;-25,60389895;-49,31824423;"SPRF-PR";"DEL01-PR";"UOP03-DEL01-PR"
369244;2021-07-08;"quinta-feira";"20:00:00";"PE";423;61,9;"LAJEDO";"Velocidade Incompatível";"Colisão traseira";"Com Vítimas Fatais";"Plena Noite";"Decrescente";"Céu Claro";"Simples";"Reta";"Sim";4;3;0;0;1;0;0;2;-8,65805731;-36,32866993;"SPRF-PE";"DEL03-PE";"UOP01-DEL03-PE"
369247;2021-07-08;"quinta-feira";"18:37:00";"SC";282;601,1;"CUNHA PORA";"Transitar na contramão";"Colisão frontal";"Com Vítimas Feridas";"Plena Noite";"Decrescente";"Céu Claro";"Simples";"Reta";"Não";5;0;0;4;0;1;4;3;-26,80762;-53,172007;"SPRF-SC";"DEL07-SC";"UOP02-DEL07-SC"
369251;2021-07-08;"quinta-feira";"15:00:00";"BA";420;320;"SANTA INES";"Velocidade Incompatível";"Colisão traseira";"Com Vítimas Feridas";"Pleno dia";"Decrescente";"Ignorado";"Simples";"Reta";"Não";2;0;1;0;1;0;1;2;-13,38856801;-39,89348798;"SPRF-BA";"DEL03-BA";"UOP01-DEL03-BA"