"id";"data_inversa";"dia_semana";"horario";"uf";"br";"km";"municipio";"causa_acidente";"tipo_acidente";"classificacao_acidente";"fase_dia";"sentido_via";"condicao_metereologica";"tipo_pista";"tracado_via";"uso_solo";"pessoas";"mortos";"feridos_leves";"feridos_graves";"ilesos";"ignorados";"feridos";"veiculos";"latitude";"longitude";"regional";"delegacia";"uop"
369253;2021-07-08;"quinta-feira";"20:50:00";"RJ";116;309;"ITATIAIA";"Avarias e/ou desgaste excessivo no pneu";"Tombamento";"Com Vítimas Feridas";"Plena Noite";"Crescente";"Céu Claro";"Dupla";"Reta";"Sim";1;0;1;0;0;0;1;1;-22,46227795;-44,4786644;"SPRF-RJ";"DEL07-RJ";"UOP02-DEL07-RJ"
369255;2021-07-08;"quinta-feira";"18:30:00";"MS";158;252,3;"TRES LAGOAS";"Demais falhas mecânicas ou elétricas";"Incêndio";"Sem Vítimas";"Plena Noite";"Crescente";"Céu Claro";"Simples";"Curva";"Não";2;0;0;0;1;1;0;2;-20,66672544;-51,7919376;"SPRF-MS";"DEL07-MS";"UOP01-DEL07-MS"
369258;2021-07-08;"quinta-feira";"21:30:00";"MG";40;437,4;"PARAOPEBA";"Carga excessiva e/ou mal acondicionada";"Tombamento";"Sem Vítimas";"Plena Noite";"Crescente";"Céu Claro";"Dupla";"Curva";"Não";1;0;0;0;1;0;0;1;-19,23501;-44,43137;"SPRF-MG";"DEL02-MG";"UOP01-DEL02-MG"
369262;2021-07-08;"quinta-feira";"22:57:00";"SP";153;56,1;"SAO JOSE DO RIO PRETO";"Condutor deixou de manter distância do veículo da frente";"Colisão traseira";"Com Vítimas Feridas";"Plena Noite";"Crescente";"Céu Claro";"Dupla";"Declive";"Sim";2;0;0;1;0;1;1;2;-20,7615601;-49,34622278;"SPRF-SP";"DEL09-SP";"UOP01-DEL09-SP"
369264;2021-07-08;"quinta-feira";"23:00:00";"PE";428;1;"CABROBO";"Ingestão de álcool pelo condutor";"Colisão frontal";"Com Vítimas Feridas";"Plena Noite";"Decrescente";"Céu Claro";"Simples";"Reta";"Não";2;0;1;0;0;1;1;2;-8,54390248;-39,23498024;"SPRF-PE";"DEL05-PE";"UOP01-DEL05-PE"
369265;2021-07-08;"quinta-feira";"22:00:00";"PR";376;204;"MANDAGUARI";"Manobra de mudança de faixa";"Saída de leito carroçável";"Sem Vítimas";"Plena Noite";"Crescente";"Céu Claro";"Dupla";"Curva";"Não";2;0;0;0;1;1;0;2;-23,50951388;-51,72140497;"SPRF-PR";"DEL09-PR";"UOP01-DEL09-PR"
369268;2021-07-08;"quinta-feira";"09:50:00";"SC";280;266,8;"IRINEOPOLIS";"Velocidade Incompatível";"Colisão lateral sentido oposto";"Com Vítimas Feridas";"Pleno dia";"Crescente";"Sol";"Simples";"Declive;Curva";"Não";16;0;5;0;10;3;5;14;-26,26347502;-50,698061;"SPRF-SC";"DEL06-SC";"UOP04-DEL06-SC"
369276;2021-07-08;"quinta-feira";"23:50:00";"MG";356;272;"MURIAE";"Ingestão de álcool pelo condutor";"Colisão frontal";"Com Vítimas Feridas";"Plena Noite";"Crescente";"Céu Claro";"Simples";"Curva;Aclive";"Não";4;0;0;1;1;2;1;4;-21,13766365;-42,31068793;"SPRF-MG";"DEL07-MG";"UOP02-DEL07-MG"
369278;2021-07-09;"sexta-feira";"01:00:00";"MA";230;407;"BALSAS";"Ingestão de álcool pelo condutor";"Colisão com objeto";"Sem Vítimas";"Plena Noite";"Crescente";"Céu Claro";"Múltipla";"Reta";"Sim";3;0;0;0;1;3;0;4;-7,51919168;-46,06740888;"SPRF-MA";"DEL05-MA";"UOP01-DEL05-MA"
369279;2021-07-08;"quinta-feira";"23:30:00";"MG";365;136,5;"VARZEA DA PALMA";"Demais falhas mecânicas ou elétricas";"Saída de leito carroçável";"Com Vítimas Feridas";"Plena Noite";"Crescente";"Céu Claro";"Simples";"Reta";"Não";3;0;2;0;0;1;2;2;-17,18921066;-44,81125334;"SPRF-MG";"DEL12-MG";"UOP01-DEL12-MG"
369280;2021-07-09;"sexta-feira";"01:20:00";"RS";116;419,5;"CRISTAL";"Problema com o freio";"Incêndio";"Sem Vítimas";"Plena Noite";"Decrescente";"Nevoeiro/Neblina";"Simples";"Reta";"Não";2;0;0;0;1;1;0;2;-30,9566346;-51,96932019;"SPRF-RS";"DEL02-RS";"UOP02-DEL02-RS"
369281;2021-07-09;"sexta-feira";"02:10:00";"PB";101;31,5;"MAMANGUAPE";"Ingestão de álcool pelo condutor";"Colisão lateral mesmo sentido";"Sem Vítimas";"Plena Noite";"Decrescente";"Céu Claro";"Dupla";"Reta";"Não";3;0;0;0;2;1;0;3;-6,758091;-35,13408691;"SPRF-PB";"DEL01-PB";"UOP04-DEL01-PB"
369282;2021-07-08;"quinta-feira";"16:30:00";"MA";10;153;"PORTO FRANCO";"Ultrapassagem Indevida";"Colisão frontal";"Com Vítimas Feridas";"Anoitecer";"Crescente";"Céu Claro";"Simples";"Declive";"Não";5;0;2;2;0;2;4;4;-6,382564;-47,3829;"SPRF-MA";"DEL04-MA";"UOP02-DEL04-MA"
369283;2021-07-09;"sexta-feira";"02:30:00";"RS";116;256;"ESTEIO";"Ausência de reação do condutor";"Colisão traseira";"Com Vítimas Fatais";"Plena Noite";"Decrescente";"Nevoeiro/Neblina";"Dupla";"Reta";"Sim";2;1;0;0;1;0;0;2;-29,83522986;-51,17484349;"SPRF-RS";"DEL01-RS";"UOP02-DEL01-RS"
369289;2021-07-09;"sexta-feira";"06:25:00";"ES";101;338;"GUARAPARI";"Transitar na contramão";"Colisão frontal";"Com Vítimas Feridas";"Pleno dia";"Crescente";"Céu Claro";"Simples";"Reta";"Não";5;0;1;1;3;0;2;2;-20,64096725;-40,54947691;"SPRF-ES";"DEL03-ES";"UOP01-DEL03-ES"
369294;2021-07-08;"quinta-feira";"15:20:00";"SC";101;27;"JOINVILLE";"Manobra de mudança de faixa";"Colisão lateral mesmo sentido";"Com Vítimas Feridas";"Pleno dia";"Crescente";"Céu Claro";"Dupla";"Reta";"Sim";3;0;1;0;1;2;1;4;-26,20510969;-48,91430855;"SPRF-SC";"DEL03-SC";"UOP01-DEL03-SC"
369295;2021-07-08;"quinta-feira";"18:00:00";"SC";101;43,3;"JOINVILLE";"Manobra de mudança de faixa";"Colisão lateral mesmo sentido";"Com Vítimas Feridas";"Amanhecer";"Crescente";"Céu Claro";"Dupla";"Reta";"Sim";3;0;1;0;1;1;1;3;-26,30357106;-48,88225609;"SPRF-SC";"DEL03-SC";"UOP01-DEL03-SC"
369298;2021-07-09;"sexta-feira";"06:50:00";"RS";386;348,2;"LAJEADO";"Manobra de mudança de faixa";"Colisão lateral mesmo sentido";"Sem Vítimas";"Pleno dia";"Decrescente";"Nevoeiro/Neblina";"Dupla";"Reta";"Sim";5;0;0;0;5;0;0;5;-29,456644;-51,957329;"SPRF-RS";"DEL04-RS";"UOP02-DEL04-RS"
369299;2021-07-09;"sexta-feira";"07:05:00";"MG";40;737,3;"SANTOS DUMONT";"Velocidade Incompatível";"Tombamento";"Com Vítimas Fatais";"Pleno dia";"Crescente";"Céu Claro";"Simples";"Reta";"Sim";2;1;0;0;0;1;0;2;-21,38296999;-43,57033542;"SPRF-MG";"DEL05-MG";"UOP01-DEL05-MG"
369304;2021-07-09;"sexta-feira";"03:10:00";"BA";116;491,1;"RAFAEL JAMBEIRO";"Reação tardia ou ineficiente do condutor";"Saída de leito carroçável";"Com Vítimas Feridas";"Plena Noite";"Decrescente";"Céu Claro";"Dupla";"Reta";"Não";2;0;1;0;0;2;1;3;-12,55311941;-39,4579268;"SPRF-BA";"DEL02-BA";"UOP01-DEL02-BA"
369306;2021-07-09;"sexta-feira";"08:00:00";"PB";230;20,1;"JOAO PESSOA";"Trafegar com motocicleta (ou similar) entre as faixas";"Colisão traseira";"Com Vítimas Feridas";"Pleno dia";"Decrescente";"Sol";"Dupla";"Reta;Declive;Viaduto";"Sim";2;0;0;1;0;1;1;2;-7,13722678;-34,85371018;"SPRF-PB";"DEL01-PB";"UOP01-DEL01-PB"
369310;2021-07-09;"sexta-feira";"07:35:00";"RO";364;196,9;"PIMENTA BUENO";"Condutor deixou de manter distância do veículo da frente";"Colisão traseira";"Com Vítimas Feridas";"Pleno dia";"Crescente";"Céu Claro";"Simples";"Interseção de Vias";"Sim";2;0;1;0;1;0;1;2;-11,68671732;-61,18347731;"SPRF-RO";"DEL02-RO";"UOP02-DEL02-RO"
369316;2021-07-07;"quarta-feira";"02:20:00";"PR";153;136;"VENTANIA";"Velocidade Incompatível";"Tombamento";"Com Vítimas Feridas";"Plena Noite";"Crescente";"Nublado";"Simples";"Declive;Curva";"Não";2;0;1;0;0;2;1;3;-24,04805819;-50,24742694;"SPRF-PR";"DEL07-PR";"UOP04-DEL07-PR"
369318;2021-07-09;"sexta-feira";"03:30:00";"BA";242;352;"LENCOIS";"Condutor Dormindo";"Colisão com objeto";"Com Vítimas Fatais";"Plena Noite";"Decrescente";"Nublado";"Simples";"Curva";"Não";2;1;0;0;0;3;0;4;-12,49857081;-41,33159186;"SPRF-BA";"DEL06-BA";"UOP01-DEL06-BA"
369331;2021-06-30;"quarta-feira";"09:00:00";"ES";262;151;"IBATIBA";"Problema com o freio";"Saída de leito carroçável";"Com Vítimas Feridas";"Pleno dia";"Crescente";"Nublado";"Simples";"Curva";"Não";2;0;1;1;0;0;2;1;-20,2148829;-41,44925529;"SPRF-ES";"DEL01-ES";"UOP02-DEL01-ES"
369343;2021-07-09;"sexta-feira";"10:40:00";"SC";101;297;"IMBITUBA";"Demais falhas mecânicas ou elétricas";"Colisão traseira";"Com Vítimas Feridas";"Pleno dia";"Crescente";"Céu Claro";"Dupla";"Aclive";"Não";2;0;1;0;1;0;1;2;-28,31353989;-48,7240982;"SPRF-SC";"DEL02-SC";"UOP03-DEL02-SC"
369347;2021-07-09;"sexta-feira";"11:15:00";"RJ";116;66;"TERESOPOLIS";"Velocidade Incompatível";"Tombamento";"Sem Vítimas";"Pleno dia";"Crescente";"Céu Claro";"Simples";"Curva";"Não";1;0;0;0;1;0;0;1;-22,28530513;-42,9306046;"SPRF-RJ";"DEL04-RJ";"UOP01-DEL04-RJ"
369353;2021-07-09;"sexta-feira";"09:40:00";"ES";393;2;"CACHOEIRO DE ITAPEMIRIM";"Acessar a via sem observar a presença dos outros veículos";"Colisão lateral mesmo sentido";"Com Vítimas Feridas";"Pleno dia";"Crescente";"Céu Claro";"Simples";"Reta";"Sim";2;0;0;1;1;0;1;2;-20,83242503;-41,17491003;"SPRF-ES";"DEL03-ES";"UOP02-DEL03-ES"
369354;2021-07-09;"sexta-feira";"08:30:00";"RS";116;371,5;"TAPES";"Condutor usando celular";"Saída de leito carroçável";"Com Vítimas Feridas";"Pleno dia";"Decrescente";"Nublado";"Dupla";"Reta";"Não";1;0;1;0;0;0;1;1;-30,7129821;-51,58857395;"SPRF-RS";"DEL02-RS";"UOP02-DEL02-RS"
369358;2021-07-09;"sexta-feira";"09:20:00";"MG";381;797;"SAO GONCALO DO SAPUCAI";"Ausência de reação do condutor";"Engavetamento";"Com Vítimas Fatais";"Pleno dia";"Decrescente";"Céu Claro";"Dupla";"Reta";"Não";7;2;1;0;3;1;1;5;-21,91766225;-45,59115392;"SPRF-MG";"DEL16-MG";"UOP02-DEL16-MG"
369361;2021-06-30;"quarta-feira";"14:50:00";"ES";262;167,7;"IBATIBA";"Transitar na contramão";"Colisão lateral sentido oposto";"Com Vítimas Feridas";"Pleno dia";"Crescente";"Céu Claro";"Simples";"Curva";"Não";3;0;1;0;1;1;1;3;-20,2531047;-41,56633803;"SPRF-ES";"DEL01-ES";"UOP02-DEL01-ES"
369367;2021-07-09;"sexta-feira";"13:30:00";"MG";381;906;"CAMBUI";"Reação tardia ou ineficiente do condutor";"Colisão traseira";"Com Vítimas Feridas";"Pleno dia";"Decrescente";"Céu Claro";"Dupla";"Declive";"Não";8;0;2;0;4;2;2;6;-22,70254777;-46,11752735;"SPRF-MG";"DEL16-MG";"UOP03-DEL16-MG"
369377;2021-07-09;"sexta-feira";"06:00:00";"PA";316;40;"SANTA IZABEL DO PARA";"Ingestão de álcool pelo condutor";"Saída de leito carroçável";"Sem Vítimas";"Pleno dia";"Crescente";"Céu Claro";"Dupla";"Reta";"Não";2;0;0;0;1;2;0;3;-1,2795637;-48,12243407;"SPRF-PA";"DEL01-PA";"UOP01-DEL01-PA"
369380;2021-07-03;"sábado";"09:05:00";"MS";262;463;"DOIS IRMAOS DO BURITI";"Condutor deixou de manter distância do veículo da frente";"Colisão traseira";"Com Vítimas Feridas";"Pleno dia";"Decrescente";"Céu Claro";"Simples";"Declive";"Não";3;0;1;0;1;4;1;6;-20,5378036;-55,56452057;"SPRF-MS";"DEL03-MS";"UOP01-DEL03-MS"
369382;2021-07-09;"sexta-feira";"14:20:00";"RS";116;38;"VACARIA";"Acessar a via sem observar a presença dos outros veículos";"Colisão transversal";"Com Vítimas Feridas";"Pleno dia";"Decrescente";"Céu Claro";"Simples";"Reta";"Sim";3;0;1;0;2;0;1;3;-28,50548;-50,92516;"SPRF-RS";"DEL05-RS";"UOP03-DEL05-RS"
369385;2021-07-09;"sexta-feira";"15:00:00";"PR";277;41;"MORRETES";"Ausência de reação do condutor";"Colisão com objeto";"Com Vítimas Feridas";"Pleno dia";"Decrescente";"Nublado";"Dupla";"Reta";"Não";2;0;1;0;0;1;1;2;-25,57183811;-48,83586205;"SPRF-PR";"DEL01-PR";"UOP05-DEL01-PR"
369388;2021-07-09;"sexta-feira";"15:00:00";"GO";452;3;"RIO VERDE";"Condutor deixou de manter distância do veículo da frente";"Colisão transversal";"Com Vítimas Feridas";"Pleno dia";"Crescente";"Céu Claro";"Dupla";"Curva";"Sim";4;0;1;0;2;1;1;3;-17,80066089;-50,87743393;"SPRF-GO";"DEL04-GO";"UOP01-DEL04-GO"
369392;2021-06-30;"quarta-feira";"04:50:00";"MT";70;285;"PRIMAVERA DO LESTE";"Demais falhas na via";"Colisão traseira";"Com Vítimas Feridas";"Plena Noite";"Decrescente";"Nublado";"Simples";"Reta";"Não";4;0;1;0;2;5;1;7;-15,57491699;-54,340294;"SPRF-MT";"DEL05-MT";"UOP01-DEL05-MT"
369394;2021-07-09;"sexta-feira";"13:30:00";"MG";40;618,3;"CONGONHAS";"Conversão proibida";"Colisão transversal";"Com Vítimas Feridas";"Pleno dia";"Crescente";"Céu Claro";"Simples";"Reta";"Não";2;0;1;0;1;0;1;2;-20,5615888;-43,81227278;"SPRF-MG";"DEL05-MG";"UOP02-DEL05-MG"
369396;2021-07-09;"sexta-feira";"15:30:00";"GO";153;699;"ITUMBIARA";"Reação tardia ou ineficiente do condutor";"Queda de ocupante de veículo";"Com Vítimas Feridas";"Pleno dia";"Crescente";"Céu Claro";"Simples";"Reta";"Sim";3;0;1;0;1;1;1;3;-18,3862;-49,2076;"SPRF-GO";"DEL03-GO";"UOP02-DEL03-GO"
369398;2021-07-09;"sexta-feira";"15:43:00";"MG";364;32,7;"FRUTAL";"Condutor deixou de manter distância do veículo da frente";"Colisão traseira";"Com Vítimas Feridas";"Pleno dia";"Crescente";"Céu Claro";"Simples";"Declive";"Não";3;0;2;0;1;0;2;2;-20,003474;-48,942521;"SPRF-MG";"DEL13-MG";"UOP02-DEL13-MG"
369402;2021-07-09;"sexta-feira";"13:10:00";"SC";470;193,3;"POUSO REDONDO";"Problema com o freio";"Tombamento";"Com Vítimas Feridas";"Pleno dia";"Decrescente";"Céu Claro";"Simples";"Curva;Declive";"Não";1;0;1;0;0;0;1;1;-27,300575;-50,075451;"SPRF-SC";"DEL04-SC";"UOP02-DEL04-SC"
369403;2021-07-09;"sexta-feira";"16:30:00";"PR";373;194;"PONTA GROSSA";"Mal súbito do condutor";"Colisão lateral sentido oposto";"Com Vítimas Feridas";"Pleno dia";"Crescente";"Céu Claro";"Simples";"Reta";"Não";3;0;0;1;2;0;1;3;-25,07808481;-50,36582311;"SPRF-PR";"DEL03-PR";"UOP04-DEL03-PR"
369416;2021-07-09;"sexta-feira";"16:30:00";"SC";282;31,9;"AGUAS MORNAS";"Ausência de reação do condutor";"Colisão lateral sentido oposto";"Com Vítimas Feridas";"Anoitecer";"Crescente";"Nublado";"Simples";"Reta";"Sim";4;0;3;0;1;0;3;2;-27,695198;-48,793308;"SPRF-SC";"DEL01-SC";"UOP03-DEL01-SC"
369417;2021-07-09;"sexta-feira";"16:00:00";"AL";104;18,3;"SAO JOSE DA LAJE";"Condutor deixou de manter distância do veículo da frente";"Colisão traseira";"Com Vítimas Feridas";"Pleno dia";"Crescente";"Céu Claro";"Simples";"Reta";"Não";2;0;1;0;1;0;1;2;-9,04193899;-36,03775187;"SPRF-AL";"DEL01-AL";"UOP02-DEL01-AL"
369422;2021-07-09;"sexta-feira";"15:40:00";"GO";60;40,3;"ALEXANIA";"Reação tardia ou ineficiente do condutor";"Colisão traseira";"Com Vítimas Feridas";"Pleno dia";"Crescente";"Céu Claro";"Dupla";"Aclive";"Não";3;0;1;0;1;3;1;5;-16,1107;-48,5646;"SPRF-DF";"DEL03-DF";"UOP01-DEL03-DF"
369429;2021-07-09;"sexta-feira";"14:50:00";"MG";40;618,3;"CONGONHAS";"Transitar na contramão";"Colisão traseira";"Sem Vítimas";"Pleno dia";"Crescente";"Céu Claro";"Simples";"Reta";"Não";3;0;0;0;1;2;0;3;-20,5615888;-43,81227278;"SPRF-MG";"DEL05-MG";"UOP02-DEL05-MG"
369431;2021-07-09;"sexta-feira";"16:40:00";"RS";470;211,2;"BENTO GONCALVES";"Conversão proibida";"Colisão transversal";"Com Vítimas Feridas";"Pleno dia";"Crescente";"Céu Claro";"Simples";"Curva;Declive";"Não";3;0;1;0;2;0;1;3;-29,12453775;-51,54360394;"SPRF-RS";"DEL06-RS";"UOP01-DEL06-RS"
369439;2021-07-09;"sexta-feira";"15:30:00";"RS";392;284;"SAO SEPE";"Demais falhas mecânicas ou elétricas";"Saída de leito carroçável";"Sem Vítimas";"Pleno dia";"Decrescente";"Céu Claro";"Simples";"Aclive";"Não";2;0;0;0;1;1;0;2;-30,27269606;-53,5425834;"SPRF-RS";"DEL09-RS";"UOP02-DEL09-RS"
369440;2021-07-09;"sexta-feira";"17:50:00";"MG";381;405;"BOM JESUS DO AMPARO";"Manobra de mudança de faixa";"Colisão traseira";"Com Vítimas Fatais";"Anoitecer";"Decrescente";"Céu Claro";"Dupla";"Reta";"Não";3;1;1;0;1;0;1;2;-19,74358347;-43,55101725;"SPRF-MG";"DEL01-MG";"UOP01-DEL01-MG"
369449;2021-07-09;"sexta-feira";"14:15:00";"RO";364;374;"OURO PRETO DO OESTE";"Transitar na contramão";"Colisão frontal";"Com Vítimas Feridas";"Pleno dia";"Crescente";"Céu Claro";"Simples";"Reta";"Não";3;0;1;0;1;1;1;3;-10,74495491;-62,17830295;"SPRF-RO";"DEL02-RO";"UOP01-DEL02-RO"
369452;2021-07-09;"sexta-feira";"02:30:00";"BA";410;27;"TUCANO";"Frear bruscamente";"Tombamento";"Com Vítimas Feridas";"Plena Noite";"Decrescente";"Nublado";"Simples";"Declive";"Não";2;0;1;0;1;0;1;1;-10,95142068;-38,73229015;"SPRF-BA";"DEL07-BA";"UOP02-DEL07-BA"
369453;2021-07-09;"sexta-feira";"18:50:00";"PR";373;172,4;"PONTA GROSSA";"Desvio temporário";"Colisão lateral mesmo sentido";"Com Vítimas Feridas";"Anoitecer";"Crescente";"Céu Claro";"Dupla";"Reta";"Sim";2;0;1;0;1;0;1;2;-25,08139932;-50,19200981;"SPRF-PR";"DEL03-PR";"UOP01-DEL03-PR"
369455;2021-07-09;"sexta-feira";"18:15:00";"MG";381;327;"NOVA ERA";"Ingestão de álcool pelo condutor";"Colisão transversal";"Sem Vítimas";"Plena Noite";"Decrescente";"Céu Claro";"Simples";"Reta";"Sim";3;0;0;0;2;1;0;3;-19,74833666;-43,02412391;"SPRF-MG";"DEL03-MG";"UOP02-DEL03-MG"
369459;2021-07-01;"quinta-feira";"20:00:00";"ES";482;50;"CACHOEIRO DE ITAPEMIRIM";"Velocidade Incompatível";"Tombamento";"Com Vítimas Feridas";"Plena Noite";"Decrescente";"Céu Claro";"Simples";"Reta";"Não";1;0;0;1;0;0;1;1;-20,770369;-41,280642;"SPRF-ES";"DEL03-ES";"UOP02-DEL03-ES"
369460;2021-07-09;"sexta-feira";"18:25:00";"PR";116;140;"MANDIRITUBA";"Velocidade Incompatível";"Colisão transversal";"Com Vítimas Fatais";"Plena Noite";"Decrescente";"Nublado";"Dupla";"Reta";"Sim";3;1;0;0;0;2;0;3;-25,728448;-49,3178318;"SPRF-PR";"DEL01-PR";"UOP03-DEL01-PR"
369468;2021-07-09;"sexta-feira";"18:55:00";"MG";40;413,5;"CURVELO";"Desrespeitar a preferência no cruzamento";"Colisão transversal";"Com Vítimas Feridas";"Plena Noite";"Decrescente";"Céu Claro";"Simples";"Interseção de Vias";"Não";5;0;0;3;1;2;3;4;-19,13248388;-44,62252053;"SPRF-MG";"DEL02-MG";"UOP01-DEL02-MG"
369473;2021-06-11;"sexta-feira";"21:00:00";"ES";482;79,7;"ALEGRE";"Transitar na contramão";"Colisão frontal";"Com Vítimas Fatais";"Plena Noite";"Crescente";"Chuva";"Simples";"Reta";"Não";2;1;0;0;1;0;0;2;-20,76011297;-41,50138131;"SPRF-ES";"DEL03-ES";"UOP02-DEL03-ES"
369476;2021-07-09;"sexta-feira";"17:30:00";"BA";324;525;"FEIRA DE SANTANA";"Frear bruscamente";"Engavetamento";"Sem Vítimas";"Anoitecer";"Crescente";"Chuva";"Dupla";"Reta";"Sim";3;0;0;0;3;0;0;3;-12,30106981;-38,8977869;"SPRF-BA";"DEL01-BA";"UOP03-DEL01-BA"
369479;2021-07-09;"sexta-feira";"17:00:00";"PR";476;204,5;"LAPA";"Mal súbito do condutor";"Saída de leito carroçável";"Com Vítimas Feridas";"Anoitecer";"Decrescente";"Céu Claro";"Simples";"Declive;Reta";"Não";2;0;1;0;1;0;1;1;-25,778475;-49,794453;"SPRF-PR";"DEL02-PR";"UOP04-DEL02-PR"
369480;2021-07-09;"sexta-feira";"20:20:00";"GO";40;3,4;"VALPARAISO DE GOIAS";"Condutor deixou de manter distância do veículo da frente";"Colisão traseira";"Sem Vítimas";"Plena Noite";"Crescente";"Céu Claro";"Dupla";"Reta";"Sim";2;0;0;0;1;1;0;2;-16,076081;-47,985671;"SPRF-DF";"DEL01-DF";"UOP01-DEL01-DF"
369481;2021-07-09;"sexta-feira";"14:30:00";"CE";116;183,5;"LIMOEIRO DO NORTE";"Reação tardia ou ineficiente do condutor";"Tombamento";"Sem Vítimas";"Pleno dia";"Decrescente";"Céu Claro";"Simples";"Reta";"Não";1;0;0;0;1;0;0;1;-5,0663368;-38,10758934;"SPRF-CE";"DEL03-CE";"UOP01-DEL03-CE"
369492;2021-06-15;"terça-feira";"10:00:00";"ES";262;89;"DOMINGOS MARTINS";"Animais na Pista";"Atropelamento de Animal";"Com Vítimas Fatais";"Pleno dia";"Decrescente";"Céu Claro";"Simples";"Curva";"Não";3;1;0;0;1;1;0;3;-20,38725617;-41,01746327;"SPRF-ES";"DEL01-ES";"UOP02-DEL01-ES"
369495;2021-07-09;"sexta-feira";"21:45:00";"MG";459;34,7;"CALDAS";"Condutor Dormindo";"Tombamento";"Com Vítimas Feridas";"Plena Noite";"Decrescente";"Céu Claro";"Simples";"Reta";"Não";2;0;1;0;0;1;1;2;-21,943037;-46,349136;"SPRF-MG";"DEL09-MG";"UOP01-DEL09-MG"
369497;2021-07-09;"sexta-feira";"19:00:00";"RS";470;261;"SALVADOR DO SUL";"Reação tardia ou ineficiente do condutor";"Tombamento";"Com Vítimas Feridas";"Plena Noite";"Crescente";"Céu Claro";"Simples";"Curva";"Não";2;0;1;0;0;1;1;2;-29,48208787;-51,4832229;"SPRF-RS";"DEL06-RS";"UOP01-DEL06-RS"
369499;2021-07-09;"sexta-feira";"21:25:00";"SC";470;62;"INDAIAL";"Pedestre andava na pista";"Atropelamento de Pedestre";"Com Vítimas Feridas";"Plena Noite";"Crescente";"Nublado";"Simples";"Curva";"Sim";2;0;0;1;1;0;1;2;-26,874521;-49,182938;"SPRF-SC";"DEL04-SC";"UOP01-DEL04-SC"
369503;2021-06-28;"segunda-feira";"04:30:00";"ES";101;232;"FUNDAO";"Ausência de reação do condutor";"Colisão frontal";"Com Vítimas Feridas";"Plena Noite";"Crescente";"Nublado";"Simples";"Reta";"Não";3;0;0;1;1;1;1;3;-19,95224103;-40,40879816;"SPRF-ES";"DEL02-ES";"UOP01-DEL02-ES"
369507;2021-07-09;"sexta-feira";"22:20:00";"PI";343;305,4;"ALTOS";"Ingestão de álcool pelo condutor";"Colisão transversal";"Com Vítimas Feridas";"Plena Noite";"Decrescente";"Céu Claro";"Simples";"Interseção de Vias";"Sim";3;0;1;0;1;1;1;3;-5,03444;-42,443382;"SPRF-PI";"DEL01-PI";"UOP01-DEL01-PI"
369513;2021-07-09;"sexta-feira";"23:40:00";"SC";101;96,7;"BALNEARIO PICARRAS";"Acessar a via sem observar a presença dos outros veículos";"Colisão lateral mesmo sentido";"Com Vítimas Feridas";"Plena Noite";"Decrescente";"Céu Claro";"Dupla";"Reta";"Não";2;0;1;0;1;0;1;2;-26,728658;-48,702019;"SPRF-SC";"DEL03-SC";"UOP02-DEL03-SC"
369518;2021-07-10;"sábado";"00:30:00";"RJ";116;83;"TERESOPOLIS";"Ingestão de álcool ou de substâncias psicoativas pelo pedestre";"Atropelamento de Pedestre";"Com Vítimas Feridas";"Plena Noite";"Crescente";"Céu Claro";"Simples";"Reta";"Sim";3;0;0;1;0;2;1;2;-22,439188;-42,951109;"SPRF-RJ";"DEL04-RJ";"UOP01-DEL04-RJ"
369528;2021-07-10;"sábado";"01:35:00";"MG";116;702,6;"MURIAE";"Manobra de mudança de faixa";"Colisão lateral sentido oposto";"Sem Vítimas";"Plena Noite";"Decrescente";"Céu Claro";"Simples";"Curva";"Sim";3;0;0;0;2;1;0;3;-21,11938311;-42,38006362;"SPRF-MG";"DEL07-MG";"UOP02-DEL07-MG"
369531;2021-07-10;"sábado";"01:50:00";"SC";101;306;"LAGUNA";"Ingestão de álcool pelo condutor";"Colisão traseira";"Sem Vítimas";"Plena Noite";"Crescente";"Céu Claro";"Dupla";"Reta";"Não";4;0;0;0;4;0;0;4;-28,38437001;-48,77113299;"SPRF-SC";"DEL02-SC";"UOP03-DEL02-SC"
369533;2021-07-10;"sábado";"02:50:00";"MG";381;456;"BELO HORIZONTE";"Condutor Dormindo";"Colisão lateral sentido oposto";"Com Vítimas Feridas";"Plena Noite";"Decrescente";"Céu Claro";"Simples";"Curva";"Não";2;0;0;1;1;0;1;2;-19,85862954;-43,91292495;"SPRF-MG";"DEL01-MG";"UOP01-DEL01-MG"
369536;2021-07-10;"sábado";"03:45:00";"RS";116;530;"CAPAO DO LEAO";"Ausência de reação do condutor";"Colisão transversal";"Com Vítimas Feridas";"Plena Noite";"Decrescente";"Nevoeiro/Neblina";"Simples";"Reta";"Não";3;0;1;0;1;1;1;3;-31,7590834;-52,43687971;"SPRF-RS";"DEL07-RS";"UOP01-DEL07-RS"
369549;2021-07-10;"sábado";"03:20:00";"BA";101;98;"ALAGOINHAS";"Ingestão de álcool pelo condutor";"Colisão lateral sentido oposto";"Sem Vítimas";"Pleno dia";"Crescente";"Céu Claro";"Simples";"Reta";"Não";4;0;0;0;3;1;0;3;-12,12395106;-38,39300331;"SPRF-BA";"DEL01-BA";"UOP04-DEL01-BA"
369555;2021-07-10;"sábado";"06:30:00";"SP";116;146,8;"SAO JOSE DOS CAMPOS";"Condutor deixou de manter distância do veículo da frente";"Colisão traseira";"Com Vítimas Feridas";"Pleno dia";"Crescente";"Céu Claro";"Múltipla";"Aclive";"Sim";2;0;1;0;1;0;1;2;-23,19122919;-45,86327591;"SPRF-SP";"DEL02-SP";"UOP01-DEL02-SP"