"id";"data_inversa";"dia_semana";"horario";"uf";"br";"km";"municipio";"causa_acidente";"tipo_acidente";"classificacao_acidente";"fase_dia";"sentido_via";"condicao_metereologica";"tipo_pista";"tracado_via";"uso_solo";"pessoas";"mortos";"feridos_leves";"feridos_graves";"ilesos";"ignorados";"feridos";"veiculos";"latitude";"longitude";"regional";"delegacia";"uop"
369912;2021-07-11;"domingo";"14:00:00";"PR";376;615;"SAO JOSE DOS PINHAIS";"Ausência de reação do condutor";"Colisão lateral mesmo sentido";"Com Vítimas Feridas";"Pleno dia";"Crescente";"Céu Claro";"Dupla";"Reta";"Sim";5;0;0;1;3;3;1;6;-25,57067773;-49,19159334;"SPRF-PR";"DEL01-PR";"UOP01-DEL01-PR"
369920;2021-07-10;"sábado";"17:50:00";"BA";116;778;"PLANALTO";"Ausência de sinalização";"Colisão traseira";"Com Vítimas Feridas";"Anoitecer";"Crescente";"Céu Claro";"Simples";"Reta";"Sim";2;0;1;0;0;1;1;2;-14,6157981;-40,44411375;"SPRF-BA";"DEL08-BA";"UOP02-DEL08-BA"
369925;2021-05-05;"quarta-feira";"06:20:00";"MT";70;299;"POXOREO";"Ultrapassagem Indevida";"Colisão traseira";"Com Vítimas Feridas";"Pleno dia";"Decrescente";"Céu Claro";"Simples";"Reta";"Não";3;0;1;0;1;2;1;4;-15,57996026;-54,46351203;"SPRF-MT";"DEL05-MT";"UOP01-DEL05-MT"
369926;2021-07-11;"domingo";"13:45:00";"PR";376;596;"CURITIBA";"Velocidade Incompatível";"Saída de leito carroçável";"Com Vítimas Feridas";"Pleno dia";"Crescente";"Céu Claro";"Dupla";"Reta";"Sim";2;0;1;0;0;1;1;2;-25,50194708;-49,3415524;"SPRF-PR";"DEL01-PR";"UOP01-DEL01-PR"
369927;2021-07-11;"domingo";"14:55:00";"BA";116;315;"ARACI";"Ingestão de substâncias psicoativas pelo condutor";"Colisão lateral sentido oposto";"Com Vítimas Feridas";"Pleno dia";"Crescente";"Nublado";"Simples";"Reta";"Não";2;0;0;1;1;0;1;2;-11,29069198;-38,93188904;"SPRF-BA";"DEL02-BA";"UOP01-DEL02-BA"
369931;2021-07-11;"domingo";"15:30:00";"PR";376;402;"IMBAU";"Acessar a via sem observar a presença dos outros veículos";"Colisão transversal";"Com Vítimas Feridas";"Pleno dia";"Decrescente";"Céu Claro";"Simples";"Curva";"Não";3;0;1;0;1;1;1;3;-24,56062265;-50,68419725;"SPRF-PR";"DEL03-PR";"UOP02-DEL03-PR"
369937;2021-07-11;"domingo";"12:00:00";"BA";242;739;"CATOLANDIA";"Condutor Dormindo";"Colisão lateral sentido oposto";"Com Vítimas Feridas";"Pleno dia";"Crescente";"Sol";"Simples";"Reta";"Não";3;0;1;0;1;1;1;3;-12,18164971;-44,52312469;"SPRF-BA";"DEL10-BA";"UOP01-DEL10-BA"
369938;2021-05-24;"segunda-feira";"22:25:00";"BA";242;868;"BARREIRAS";"Ingestão de álcool pelo condutor";"Colisão traseira";"Com Vítimas Feridas";"Plena Noite";"Crescente";"Céu Claro";"Simples";"Reta";"Não";3;0;1;1;1;0;2;2;-12,08499496;-45,45176299;"SPRF-BA";"DEL10-BA";"UOP01-DEL10-BA"
369949;2021-07-11;"domingo";"16:00:00";"AP";156;730;"OIAPOQUE";"Pista esburacada";"Tombamento";"Com Vítimas Feridas";"Anoitecer";"Crescente";"Nublado";"Simples";"Reta";"Não";4;0;3;0;0;1;3;2;3,18325011;-51,53185175;"SPRF-AP";"DEL01-AP";"UOP03-DEL01-AP"
369950;2021-07-11;"domingo";"17:10:00";"PR";163;16,6;"BOM JESUS DO SUL";"Velocidade Incompatível";"Saída de leito carroçável";"Com Vítimas Feridas";"Pleno dia";"Crescente";"Sol";"Simples";"Aclive;Reta";"Não";5;0;2;0;1;2;2;4;-26,24187101;-53,63461901;"SPRF-PR";"DEL02-PR";"UOP02-DEL02-PR"
369954;2021-07-11;"domingo";"16:10:00";"RO";319;62;"PORTO VELHO";"Reação tardia ou ineficiente do condutor";"Colisão traseira";"Com Vítimas Feridas";"Pleno dia";"Decrescente";"Céu Claro";"Dupla";"Reta";"Sim";5;0;2;0;2;3;2;6;-8,766685;-63,884052;"SPRF-RO";"DEL01-RO";"UOP01-DEL01-RO"
369955;2021-07-11;"domingo";"18:00:00";"SE";101;175,3;"SANTA LUZIA DO ITANHY";"Transitar na contramão";"Colisão frontal";"Com Vítimas Fatais";"Plena Noite";"Crescente";"Chuva";"Simples";"Reta";"Não";2;1;0;0;0;1;0;2;-11,34318087;-37,61452675;"SPRF-SE";"DEL02-SE";"UOP03-DEL02-SE"
369958;2021-07-11;"domingo";"05:15:00";"MG";365;165,5;"PIRAPORA";"Ausência de reação do condutor";"Colisão lateral sentido oposto";"Sem Vítimas";"Amanhecer";"Decrescente";"Céu Claro";"Simples";"Reta";"Não";3;0;0;0;1;2;0;3;-17,38124701;-44,960901;"SPRF-MG";"DEL12-MG";"UOP01-DEL12-MG"
369963;2021-07-11;"domingo";"17:40:00";"SC";101;148,6;"ITAPEMA";"Ingestão de álcool pelo condutor";"Colisão lateral mesmo sentido";"Com Vítimas Feridas";"Anoitecer";"Decrescente";"Céu Claro";"Dupla";"Reta";"Sim";4;0;1;0;3;0;1;3;-27,10123686;-48,61807962;"SPRF-SC";"DEL04-SC";"UOP03-DEL04-SC"
369965;2021-07-11;"domingo";"18:50:00";"RS";293;28,3;"CAPAO DO LEAO";"Ultrapassagem Indevida";"Colisão frontal";"Com Vítimas Fatais";"Plena Noite";"Decrescente";"Céu Claro";"Simples";"Reta";"Não";8;1;4;2;0;2;6;4;-31,72809839;-52,60286495;"SPRF-RS";"DEL07-RS";"UOP01-DEL07-RS"
369971;2021-07-11;"domingo";"18:45:00";"SP";153;146,9;"PROMISSAO";"Ingestão de álcool pelo condutor";"Colisão transversal";"Com Vítimas Feridas";"Plena Noite";"Decrescente";"Céu Claro";"Simples";"Reta";"Não";5;0;0;2;1;2;2;4;-21,40278384;-49,78865504;"SPRF-SP";"DEL07-SP";"UOP01-DEL07-SP"
369978;2021-07-11;"domingo";"17:00:00";"RO";364;608;"ITAPUA DO OESTE";"Ausência de reação do condutor";"Saída de leito carroçável";"Com Vítimas Feridas";"Pleno dia";"Crescente";"Céu Claro";"Simples";"Reta";"Não";2;0;1;0;0;2;1;3;-9,16665862;-63,21396561;"SPRF-RO";"DEL01-RO";"UOP04-DEL01-RO"
369985;2021-07-11;"domingo";"19:20:00";"MG";153;233;"FRONTEIRA";"Ausência de reação do condutor";"Colisão lateral sentido oposto";"Com Vítimas Feridas";"Plena Noite";"Crescente";"Céu Claro";"Simples";"Reta";"Não";7;0;4;0;2;2;4;4;-20,208105;-49,135625;"SPRF-MG";"DEL13-MG";"UOP02-DEL13-MG"
369988;2021-07-11;"domingo";"19:30:00";"MA";230;470;"RIACHAO";"Ausência de reação do condutor";"Eventos atípicos";"Com Vítimas Fatais";"Plena Noite";"Decrescente";"Céu Claro";"Simples";"Aclive;Reta";"Não";2;1;0;0;1;0;0;2;-7,35999436;-46,60304885;"SPRF-MA";"DEL05-MA";"UOP01-DEL05-MA"
369996;2021-07-11;"domingo";"19:35:00";"RJ";40;76;"PETROPOLIS";"Ingestão de substâncias psicoativas pelo condutor";"Colisão traseira";"Com Vítimas Feridas";"Plena Noite";"Crescente";"Céu Claro";"Simples";"Reta";"Não";2;0;2;0;0;0;2;2;-22,47192899;-43,23779321;"SPRF-RJ";"DEL06-RJ";"UOP01-DEL06-RJ"
369997;2021-07-11;"domingo";"17:30:00";"TO";153;140,5;"ARAGUAINA";"Acessar a via sem observar a presença dos outros veículos";"Colisão transversal";"Sem Vítimas";"Pleno dia";"Decrescente";"Céu Claro";"Dupla";"Rotatória";"Sim";3;0;0;0;1;5;0;6;-7,169616;-48,21328;"SPRF-TO";"DEL02-TO";"UOP01-DEL02-TO"
370003;2021-07-11;"domingo";"16:30:00";"GO";153;242;"SAO LUIZ DO NORTE";"Desrespeitar a preferência no cruzamento";"Colisão transversal";"Com Vítimas Feridas";"Pleno dia";"Crescente";"Céu Claro";"Simples";"Curva";"Sim";4;0;1;1;1;1;2;3;-14,86329322;-49,32685375;"SPRF-GO";"DEL07-GO";"UOP02-DEL07-GO"
370007;2021-07-11;"domingo";"18:30:00";"SC";282;507,1;"XANXERE";"Deficiência do Sistema de Iluminação/Sinalização";"Colisão frontal";"Com Vítimas Feridas";"Anoitecer";"Decrescente";"Céu Claro";"Simples";"Interseção de Vias";"Não";3;0;0;1;1;2;1;4;-26,886171;-52,43911;"SPRF-SC";"DEL07-SC";"UOP01-DEL07-SC"
370021;2021-07-11;"domingo";"21:10:00";"SC";470;91;"ASCURRA";"Ingestão de álcool pelo condutor";"Colisão frontal";"Sem Vítimas";"Plena Noite";"Crescente";"Céu Claro";"Simples";"Reta";"Não";5;0;0;0;2;3;0;4;-26,98009761;-49,37077945;"SPRF-SC";"DEL04-SC";"UOP01-DEL04-SC"
370032;2021-07-11;"domingo";"18:30:00";"MS";262;47;"TRES LAGOAS";"Manobra de mudança de faixa";"Colisão lateral sentido oposto";"Com Vítimas Feridas";"Plena Noite";"Decrescente";"Céu Claro";"Simples";"Reta";"Não";3;0;1;0;1;3;1;5;-20,75888048;-52,03298313;"SPRF-MS";"DEL07-MS";"UOP01-DEL07-MS"
370035;2021-07-11;"domingo";"22:20:00";"PE";232;22,3;"MORENO";"Ausência de reação do condutor";"Saída de leito carroçável";"Com Vítimas Feridas";"Plena Noite";"Decrescente";"Nublado";"Dupla";"Reta";"Não";2;0;1;0;1;0;1;1;-8,09712273;-35,088592;"SPRF-PE";"DEL01-PE";"UOP01-DEL01-PE"
370036;2021-07-11;"domingo";"22:30:00";"PR";116;103;"SAO JOSE DOS PINHAIS";"Condutor deixou de manter distância do veículo da frente";"Colisão traseira";"Com Vítimas Feridas";"Plena Noite";"Decrescente";"Nublado";"Dupla";"Declive";"Sim";4;0;2;0;1;1;2;3;-25,55944814;-49,15099774;"SPRF-PR";"DEL01-PR";"UOP01-DEL01-PR"
370046;2021-07-11;"domingo";"18:40:00";"MT";163;772;"SORRISO";"Ingestão de álcool pelo condutor";"Colisão transversal";"Com Vítimas Feridas";"Plena Noite";"Crescente";"Céu Claro";"Simples";"Reta";"Não";3;0;1;0;1;3;1;5;-12,50571608;-55,69157584;"SPRF-MT";"DEL06-MT";"UOP01-DEL06-MT"
370048;2021-07-11;"domingo";"22:50:00";"GO";40;9;"VALPARAISO DE GOIAS";"Velocidade Incompatível";"Colisão traseira";"Com Vítimas Feridas";"Plena Noite";"Crescente";"Céu Claro";"Dupla";"Reta";"Sim";3;0;2;0;1;0;2;2;-16,131158;-47,957739;"SPRF-DF";"DEL01-DF";"UOP01-DEL01-DF"
370049;2021-07-11;"domingo";"18:40:00";"RS";285;615;"SAO PAULO DAS MISSOES";"Animais na Pista";"Atropelamento de Animal";"Com Vítimas Feridas";"Plena Noite";"Crescente";"Céu Claro";"Simples";"Reta";"Não";4;0;1;0;2;1;1;3;-28;-55;"SPRF-RS";"DEL12-RS";"UOP01-DEL12-RS"
370051;2021-07-11;"domingo";"23:00:00";"PE";232;133;"CARUARU";"Reação tardia ou ineficiente do condutor";"Colisão traseira";"Com Vítimas Feridas";"Plena Noite";"Crescente";"Nublado";"Múltipla";"Reta";"Sim";2;0;0;1;1;0;1;2;-8,30607988;-36,01576003;"SPRF-PE";"DEL02-PE";"UOP03-DEL02-PE"
370068;2021-07-12;"segunda-feira";"03:00:00";"RJ";116;173;"MESQUITA";"Ingestão de álcool pelo condutor";"Colisão traseira";"Sem Vítimas";"Plena Noite";"Decrescente";"Céu Claro";"Múltipla";"Reta";"Não";2;0;0;0;2;0;0;2;-22,79810324;-43,35726614;"SPRF-RJ";"DEL01-RJ";"UOP02-DEL01-RJ"
370072;2021-07-12;"segunda-feira";"03:35:00";"ES";101;426,9;"ATILIO VIVACQUA";"Condutor Dormindo";"Tombamento";"Com Vítimas Feridas";"Plena Noite";"Crescente";"Nevoeiro/Neblina";"Dupla";"Curva";"Não";2;0;1;0;0;1;1;2;-21,00770847;-41,13888973;"SPRF-ES";"DEL03-ES";"UOP02-DEL03-ES"
370073;2021-07-12;"segunda-feira";"03:10:00";"MT";70;522,8;"VARZEA GRANDE";"Transitar na contramão";"Colisão frontal";"Com Vítimas Fatais";"Plena Noite";"Crescente";"Céu Claro";"Simples";"Reta";"Sim";2;1;0;0;1;0;0;2;-15,65853993;-56,18847415;"SPRF-MT";"DEL01-MT";"UOP02-DEL01-MT"
370087;2021-07-11;"domingo";"21:30:00";"PR";277;309,1;"GUARAPUAVA";"Curva acentuada";"Colisão lateral sentido oposto";"Com Vítimas Feridas";"Plena Noite";"Crescente";"Céu Claro";"Simples";"Curva";"Não";3;0;1;0;1;1;1;3;-25,31576601;-51,18861896;"SPRF-PR";"DEL08-PR";"UOP01-DEL08-PR"
370089;2021-04-25;"domingo";"08:30:00";"PE";407;96;"PETROLINA";"Reação tardia ou ineficiente do condutor";"Colisão traseira";"Com Vítimas Feridas";"Pleno dia";"Decrescente";"Céu Claro";"Simples";"Reta";"Não";3;0;0;1;1;1;1;2;-9,152055;-40,636392;"SPRF-PE";"DEL06-PE";"UOP02-DEL06-PE"
370091;2021-07-12;"segunda-feira";"07:04:00";"CE";116;19,2;"EUSEBIO";"Ausência de reação do condutor";"Colisão traseira";"Com Vítimas Feridas";"Pleno dia";"Crescente";"Céu Claro";"Múltipla";"Reta";"Sim";4;0;0;1;3;0;1;3;-3,91384397;-38,50667231;"SPRF-CE";"DEL01-CE";"UOP02-DEL01-CE"
370095;2021-07-12;"segunda-feira";"05:40:00";"PR";163;261;"TOLEDO";"Condutor Dormindo";"Colisão traseira";"Com Vítimas Feridas";"Amanhecer";"Crescente";"Céu Claro";"Dupla";"Reta";"Não";2;0;1;0;1;0;1;2;-24,65580065;-53,82690684;"SPRF-PR";"DEL06-PR";"UOP02-DEL06-PR"
370104;2021-07-12;"segunda-feira";"06:20:00";"BA";324;616;"SALVADOR";"Trafegar com motocicleta (ou similar) entre as faixas";"Colisão lateral mesmo sentido";"Com Vítimas Feridas";"Pleno dia";"Decrescente";"Nublado";"Múltipla";"Reta";"Sim";3;0;1;0;2;0;1;3;-12,88792551;-38,44082767;"SPRF-BA";"DEL01-BA";"UOP01-DEL01-BA"
370105;2021-07-12;"segunda-feira";"06:50:00";"AL";101;30,5;"JOAQUIM GOMES";"Velocidade Incompatível";"Colisão frontal";"Com Vítimas Feridas";"Pleno dia";"Decrescente";"Chuva";"Simples";"Curva";"Não";3;0;0;1;1;1;1;3;-9,0847746;-35,7468078;"SPRF-AL";"DEL01-AL";"UOP02-DEL01-AL"
370108;2021-07-11;"domingo";"22:30:00";"MA";135;99,5;"ITAPECURU MIRIM";"Ingestão de álcool pelo condutor";"Atropelamento de Pedestre";"Com Vítimas Fatais";"Plena Noite";"Decrescente";"Nublado";"Simples";"Reta";"Não";5;1;1;0;1;2;1;4;-3,33913808;-44,45041299;"SPRF-MA";"DEL01-MA";"UOP02-DEL01-MA"
370110;2021-07-11;"domingo";"16:11:00";"PR";277;406;"CANDOI";"Velocidade Incompatível";"Saída de leito carroçável";"Com Vítimas Feridas";"Pleno dia";"Crescente";"Céu Claro";"Simples";"Curva";"Não";2;0;1;0;0;1;1;2;-25,4448093;-51,97419004;"SPRF-PR";"DEL04-PR";"UOP02-DEL04-PR"
370115;2021-07-12;"segunda-feira";"07:24:00";"PE";101;42,6;"IGARASSU";"Reação tardia ou ineficiente do condutor";"Colisão traseira";"Sem Vítimas";"Pleno dia";"Decrescente";"Chuva";"Múltipla";"Reta";"Sim";2;0;0;0;1;1;0;2;-7,83887431;-34,91196739;"SPRF-PE";"DEL01-PE";"UOP02-DEL01-PE"
370125;2021-07-12;"segunda-feira";"07:20:00";"GO";60;163,9;"GOIANIA";"Ultrapassagem Indevida";"Colisão transversal";"Com Vítimas Feridas";"Pleno dia";"Crescente";"Céu Claro";"Dupla";"Reta;Viaduto;Interseção de Vias";"Sim";3;0;1;1;1;0;2;3;-16,7002;-49,3335;"SPRF-GO";"DEL01-GO";"UOP02-DEL01-GO"
370129;2021-07-12;"segunda-feira";"09:00:00";"MG";40;522,2;"CONTAGEM";"Reação tardia ou ineficiente do condutor";"Saída de leito carroçável";"Com Vítimas Feridas";"Pleno dia";"Crescente";"Céu Claro";"Dupla";"Reta";"Não";2;0;2;0;0;0;2;1;-19,8638731;-44,06749809;"SPRF-MG";"DEL01-MG";"UOP02-DEL01-MG"
370140;2021-07-02;"sexta-feira";"09:00:00";"CE";20;426;"FORTALEZA";"Condutor deixou de manter distância do veículo da frente";"Colisão traseira";"Com Vítimas Feridas";"Pleno dia";"Decrescente";"Céu Claro";"Dupla";"Reta";"Sim";2;0;1;0;1;0;1;2;-3,76999035;-38,67006282;"SPRF-CE";"DEL01-CE";"UOP02-DEL01-CE"
370147;2021-07-12;"segunda-feira";"09:40:00";"PR";376;161,6;"MARINGA";"Condutor deixou de manter distância do veículo da frente";"Colisão traseira";"Com Vítimas Feridas";"Pleno dia";"Crescente";"Sol";"Dupla";"Reta";"Sim";4;0;1;0;2;1;1;3;-23,36942332;-52,06367073;"SPRF-PR";"DEL09-PR";"UOP01-DEL09-PR"
370152;2021-07-02;"sexta-feira";"17:00:00";"CE";116;23,4;"AQUIRAZ";"Manobra de mudança de faixa";"Colisão traseira";"Com Vítimas Feridas";"Pleno dia";"Decrescente";"Céu Claro";"Dupla";"Reta";"Sim";3;0;1;0;1;1;1;3;-3,94905489;-38,51212845;"SPRF-CE";"DEL01-CE";"UOP02-DEL01-CE"
370153;2021-07-12;"segunda-feira";"07:50:00";"SC";282;84,7;"ALFREDO WAGNER";"Reação tardia ou ineficiente do condutor";"Colisão traseira";"Com Vítimas Feridas";"Pleno dia";"Decrescente";"Céu Claro";"Múltipla";"Reta;Aclive";"Não";2;0;1;0;1;0;1;2;-27,666992;-49,183552;"SPRF-SC";"DEL01-SC";"UOP03-DEL01-SC"
370155;2021-07-12;"segunda-feira";"10:50:00";"MG";50;57,7;"UBERLANDIA";"Mal súbito do condutor";"Colisão lateral mesmo sentido";"Com Vítimas Feridas";"Pleno dia";"Crescente";"Céu Claro";"Dupla";"Reta";"Não";3;0;1;0;1;2;1;4;-18,78608604;-48,23160008;"SPRF-MG";"DEL15-MG";"UOP02-DEL15-MG"
370157;2021-07-12;"segunda-feira";"10:50:00";"CE";116;7,2;"FORTALEZA";"Transitar no acostamento";"Colisão com objeto";"Com Vítimas Fatais";"Pleno dia";"Decrescente";"Céu Claro";"Múltipla";"Reta";"Sim";3;1;0;0;1;1;0;3;-3,81073099;-38,50074867;"SPRF-CE";"DEL01-CE";"UOP02-DEL01-CE"
370158;2021-07-12;"segunda-feira";"10:17:00";"RO";364;379,5;"OURO PRETO DO OESTE";"Reação tardia ou ineficiente do condutor";"Colisão traseira";"Sem Vítimas";"Pleno dia";"Crescente";"Sol";"Simples";"Reta";"Não";3;0;0;0;2;3;0;5;-10,74140374;-62,21792696;"SPRF-RO";"DEL02-RO";"UOP01-DEL02-RO"
370168;2021-07-12;"segunda-feira";"11:20:00";"SC";470;3,2;"NAVEGANTES";"Ausência de reação do condutor";"Eventos atípicos";"Sem Vítimas";"Pleno dia";"Crescente";"Céu Claro";"Dupla";"Reta";"Não";2;0;0;0;1;1;0;2;-26,861937;-48,681618;"SPRF-SC";"DEL04-SC";"UOP04-DEL04-SC"
370171;2021-05-14;"sexta-feira";"19:35:00";"MT";364;349;"SANTO ANTONIO DO LEVERGER";"Velocidade Incompatível";"Saída de leito carroçável";"Com Vítimas Feridas";"Plena Noite";"Crescente";"Céu Claro";"Dupla";"Curva";"Não";2;0;1;0;0;2;1;3;-15,80502622;-55,5546431;"SPRF-MT";"DEL05-MT";"UOP02-DEL05-MT"
370172;2021-07-12;"segunda-feira";"12:45:00";"RS";101;51,5;"TERRA DE AREIA";"Condutor deixou de manter distância do veículo da frente";"Colisão traseira";"Com Vítimas Feridas";"Pleno dia";"Crescente";"Céu Claro";"Dupla";"Aclive";"Não";2;0;1;1;0;0;2;2;-29,61499714;-50,0915338;"SPRF-RS";"DEL03-RS";"UOP02-DEL03-RS"
370176;2021-07-12;"segunda-feira";"13:10:00";"PE";101;67,6;"RECIFE";"Trafegar com motocicleta (ou similar) entre as faixas";"Colisão lateral mesmo sentido";"Com Vítimas Feridas";"Pleno dia";"Decrescente";"Sol";"Dupla";"Reta";"Sim";3;0;1;0;1;1;1;2;-8,05951606;-34,94581024;"SPRF-PE";"DEL01-PE";"UOP01-DEL01-PE"
370188;2021-07-12;"segunda-feira";"14:33:00";"MG";381;850;"POUSO ALEGRE";"Trafegar com motocicleta (ou similar) entre as faixas";"Atropelamento de Pedestre";"Com Vítimas Feridas";"Pleno dia";"Decrescente";"Sol";"Simples";"Retorno Regulamentado";"Não";3;0;0;1;1;1;1;3;-22,2786871;-45,89472262;"SPRF-MG";"DEL16-MG";"UOP01-DEL16-MG"
370189;2021-07-12;"segunda-feira";"12:50:00";"BA";101;953;"MUCURI";"Ultrapassagem Indevida";"Colisão frontal";"Com Vítimas Fatais";"Pleno dia";"Crescente";"Céu Claro";"Simples";"Reta";"Não";3;1;2;0;0;0;2;2;-18,16840196;-39,91873914;"SPRF-BA";"DEL09-BA";"UOP02-DEL09-BA"
370190;2021-07-12;"segunda-feira";"14:15:00";"MG";354;735,2;"POUSO ALTO";"Condutor Dormindo";"Colisão frontal";"Com Vítimas Feridas";"Pleno dia";"Decrescente";"Sol";"Simples";"Reta";"Sim";2;0;1;0;1;0;1;2;-22,19645715;-44,97441512;"SPRF-MG";"DEL17-MG";"UOP01-DEL17-MG"
370195;2021-07-12;"segunda-feira";"13:40:00";"SC";101;268,4;"PAULO LOPES";"Reação tardia ou ineficiente do condutor";"Colisão traseira";"Com Vítimas Feridas";"Pleno dia";"Crescente";"Céu Claro";"Dupla";"Curva;Declive";"Sim";3;0;1;0;1;1;1;3;-28,07699803;-48,71234311;"SPRF-SC";"DEL02-SC";"UOP03-DEL02-SC"
370198;2021-07-12;"segunda-feira";"12:15:00";"MG";381;944,7;"EXTREMA";"Ausência de reação do condutor";"Colisão com objeto";"Com Vítimas Feridas";"Pleno dia";"Decrescente";"Sol";"Dupla";"Curva";"Não";3;0;1;0;0;2;1;3;-22,87479042;-46,36655782;"SPRF-MG";"DEL16-MG";"UOP03-DEL16-MG"
370205;2021-07-12;"segunda-feira";"15:30:00";"BA";242;671;"WANDERLEY";"Avarias e/ou desgaste excessivo no pneu";"Colisão frontal";"Com Vítimas Fatais";"Pleno dia";"Decrescente";"Céu Claro";"Simples";"Reta";"Não";6;2;0;2;1;1;2;3;-12,227993;-43,946284;"SPRF-BA";"DEL06-BA";"UOP03-DEL06-BA"
370206;2021-07-12;"segunda-feira";"16:10:00";"RS";293;13;"CAPAO DO LEAO";"Mal súbito do condutor";"Colisão lateral mesmo sentido";"Com Vítimas Feridas";"Pleno dia";"Decrescente";"Céu Claro";"Simples";"Reta";"Sim";3;0;0;1;1;1;1;3;-31,7543548;-52,45089496;"SPRF-RS";"DEL07-RS";"UOP01-DEL07-RS"
370208;2021-07-12;"segunda-feira";"17:15:00";"PR";277;78;"CURITIBA";"Demais falhas mecânicas ou elétricas";"Colisão com objeto";"Com Vítimas Feridas";"Pleno dia";"Crescente";"Céu Claro";"Dupla";"Reta";"Sim";3;0;2;0;1;0;2;2;-25,4792201;-49,2001759;"SPRF-PR";"DEL01-PR";"UOP01-DEL01-PR"
370209;2021-07-12;"segunda-feira";"17:15:00";"MG";381;545,2;"ITATIAIUCU";"Demais falhas mecânicas ou elétricas";"Colisão traseira";"Com Vítimas Feridas";"Anoitecer";"Crescente";"Sol";"Dupla";"Reta;Aclive";"Não";6;0;2;0;3;1;2;3;-20,28766303;-44,43572087;"SPRF-MG";"DEL04-MG";"UOP03-DEL04-MG"
370210;2021-07-12;"segunda-feira";"17:20:00";"PI";316;36;"DEMERVAL LOBAO";"Reação tardia ou ineficiente do condutor";"Engavetamento";"Sem Vítimas";"Pleno dia";"Decrescente";"Céu Claro";"Simples";"Reta";"Não";4;0;0;0;4;0;0;4;-5,37513794;-42,67077569;"SPRF-PI";"DEL01-PI";"UOP02-DEL01-PI"
370215;2021-07-12;"segunda-feira";"15:00:00";"MT";70;66;"GENERAL CARNEIRO";"Condutor deixou de manter distância do veículo da frente";"Colisão traseira";"Com Vítimas Feridas";"Anoitecer";"Crescente";"Céu Claro";"Simples";"Reta";"Não";5;0;2;0;2;2;2;4;-15,70419346;-52,74052031;"SPRF-MT";"DEL07-MT";"UOP01-DEL07-MT"
370216;2021-07-12;"segunda-feira";"16:40:00";"MT";364;132,3;"PEDRA PRETA";"Ausência de reação do condutor";"Tombamento";"Com Vítimas Feridas";"Pleno dia";"Crescente";"Céu Claro";"Simples";"Curva";"Não";2;0;0;1;0;2;1;3;-16,82976583;-54,03821096;"SPRF-MT";"DEL02-MT";"UOP01-DEL02-MT"
370223;2021-07-12;"segunda-feira";"17:10:00";"MS";163;511;"JARAGUARI";"Avarias e/ou desgaste excessivo no pneu";"Colisão com objeto";"Com Vítimas Feridas";"Plena Noite";"Decrescente";"Céu Claro";"Simples";"Reta";"Não";1;0;1;0;0;0;1;1;-20,2366678;-54,47891707;"SPRF-MS";"DEL01-MS";"UOP02-DEL01-MS"
370225;2021-07-12;"segunda-feira";"18:20:00";"PR";277;82;"CURITIBA";"Condutor deixou de manter distância do veículo da frente";"Colisão traseira";"Com Vítimas Feridas";"Anoitecer";"Decrescente";"Céu Claro";"Dupla";"Reta";"Sim";3;0;1;1;1;0;2;2;-25,46900388;-49,21394348;"SPRF-PR";"DEL01-PR";"UOP01-DEL01-PR"
370228;2021-07-12;"segunda-feira";"15:15:00";"PR";277;453,9;"LARANJEIRAS DO SUL";"Desrespeitar a preferência no cruzamento";"Colisão transversal";"Com Vítimas Feridas";"Pleno dia";"Decrescente";"Céu Claro";"Simples";"Curva";"Sim";2;0;1;0;1;0;1;2;-25,38569323;-52,4110508;"SPRF-PR";"DEL04-PR";"UOP02-DEL04-PR"
370233;2021-07-12;"segunda-feira";"17:15:00";"PI";316;2,7;"TERESINA";"Condutor deixou de manter distância do veículo da frente";"Colisão traseira";"Com Vítimas Feridas";"Pleno dia";"Crescente";"Céu Claro";"Múltipla";"Reta";"Sim";2;0;0;1;1;0;1;2;-5,12477477;-42,79848465;"SPRF-PI";"DEL01-PI";"UOP02-DEL01-PI"
370234;2021-07-12;"segunda-feira";"16:35:00";"ES";262;166;"IBATIBA";"Desrespeitar a preferência no cruzamento";"Colisão transversal";"Com Vítimas Feridas";"Pleno dia";"Decrescente";"Céu Claro";"Simples";"Interseção de Vias";"Não";2;0;1;0;1;0;1;2;-20,2468411;-41,56027697;"SPRF-ES";"DEL01-ES";"UOP02-DEL01-ES"
370238;2021-07-12;"segunda-feira";"18:55:00";"SC";101;209,4;"SAO JOSE";"Ausência de reação do condutor";"Colisão lateral mesmo sentido";"Com Vítimas Feridas";"Plena Noite";"Decrescente";"Céu Claro";"Múltipla";"Reta;Em Obras";"Sim";2;0;1;0;1;0;1;2;-27,61000542;-48,63895057;"SPRF-SC";"DEL01-SC";"UOP01-DEL01-SC"
370240;2021-05-27;"quinta-feira";"12:10:00";"BA";116;733;"BOA NOVA";"Ausência de reação do condutor";"Colisão traseira";"Sem Vítimas";"Pleno dia";"Crescente";"Céu Claro";"Simples";"Reta";"Não";3;0;0;0;2;2;0;4;-14,29800003;-40,31404596;"SPRF-BA";"DEL08-BA";"UOP02-DEL08-BA"