"id";"data_inversa";"dia_semana";"horario";"uf";"br";"km";"municipio";"causa_acidente";"tipo_acidente";"classificacao_acidente";"fase_dia";"sentido_via";"condicao_metereologica";"tipo_pista";"tracado_via";"uso_solo";"pessoas";"mortos";"feridos_leves";"feridos_graves";"ilesos";"ignorados";"feridos";"veiculos";"latitude";"longitude";"regional";"delegacia";"uop"
370520;2021-06-15;"terça-feira";"22:00:00";"MT";364;1160;"CAMPOS DE JULIO";"Ultrapassagem Indevida";"Tombamento";"Com Vítimas Feridas";"Plena Noite";"Crescente";"Céu Claro";"Simples";"Reta";"Não";2;0;1;0;0;2;1;3;-13,58134277;-59,0708192;"SPRF-MT";"DEL04-MT";"UOP01-DEL04-MT"
370522;2021-07-14;"quarta-feira";"09:30:00";"RJ";40;93;"PETROPOLIS";"Problema com o freio";"Tombamento";"Sem Vítimas";"Pleno dia";"Crescente";"Céu Claro";"Simples";"Curva";"Não";2;0;0;0;2;0;0;1;-22,5554282;-43,25829998;"SPRF-RJ";"DEL06-RJ";"UOP01-DEL06-RJ"
370525;2021-07-14;"quarta-feira";"11:25:00";"SC";101;213,7;"PALHOCA";"Reação tardia ou ineficiente do condutor";"Colisão traseira";"Com Vítimas Feridas";"Pleno dia";"Decrescente";"Céu Claro";"Dupla";"Em Obras";"Sim";3;0;1;0;2;0;1;2;-27,63697369;-48,66514142;"SPRF-SC";"DEL01-SC";"UOP02-DEL01-SC"
370526;2021-07-14;"quarta-feira";"11:05:00";"MA";135;12;"SAO LUIS";"Acessar a via sem observar a presença dos outros veículos";"Colisão lateral mesmo sentido";"Com Vítimas Feridas";"Pleno dia";"Crescente";"Céu Claro";"Dupla";"Curva";"Não";2;0;1;0;1;0;1;2;-2,67223553;-44,29173767;"SPRF-MA";"DEL01-MA";"UOP01-DEL01-MA"
370528;2021-07-14;"quarta-feira";"09:00:00";"MG";354;731,1;"POUSO ALTO";"Velocidade Incompatível";"Saída de leito carroçável";"Com Vítimas Feridas";"Pleno dia";"Crescente";"Sol";"Simples";"Curva";"Não";2;0;0;1;0;1;1;2;-22,17071402;-44,96390985;"SPRF-MG";"DEL17-MG";"UOP01-DEL17-MG"
370530;2021-07-14;"quarta-feira";"10:00:00";"MT";70;515;"VARZEA GRANDE";"Condutor deixou de manter distância do veículo da frente";"Engavetamento";"Com Vítimas Feridas";"Pleno dia";"Decrescente";"Céu Claro";"Simples";"Reta";"Sim";6;0;2;0;2;3;2;6;-15,70638207;-56,1381197;"SPRF-MT";"DEL01-MT";"UOP02-DEL01-MT"
370531;2021-07-14;"quarta-feira";"10:10:00";"RJ";393;165;"TRES RIOS";"Velocidade Incompatível";"Colisão lateral sentido oposto";"Com Vítimas Fatais";"Pleno dia";"Crescente";"Sol";"Simples";"Curva";"Não";6;2;1;0;2;2;1;5;-22,12653909;-43,14375227;"SPRF-RJ";"DEL05-RJ";"UOP01-DEL05-RJ"
370534;2021-07-14;"quarta-feira";"10:20:00";"MT";163;943;"ITAUBA";"Transitar na contramão";"Colisão frontal";"Com Vítimas Feridas";"Pleno dia";"Crescente";"Céu Claro";"Simples";"Reta";"Não";3;0;0;1;1;3;1;5;-11,06596082;-55,27605128;"SPRF-MT";"DEL06-MT";"NPF/DEL06-MT"
370539;2021-07-14;"quarta-feira";"12:15:00";"RN";101;125;"SAO JOSE DE MIPIBU";"Condutor desrespeitou a iluminação vermelha do semáforo";"Colisão transversal";"Com Vítimas Feridas";"Pleno dia";"Crescente";"Chuva";"Dupla";"Reta";"Sim";3;0;2;0;1;0;2;2;-6,07815599;-35,23412006;"SPRF-RN";"DEL01-RN";"UOP01-DEL01-RN"
370543;2021-07-14;"quarta-feira";"08:36:00";"GO";80;123;"BARRO ALTO";"Acessar a via sem observar a presença dos outros veículos";"Colisão traseira";"Com Vítimas Feridas";"Pleno dia";"Decrescente";"Céu Claro";"Dupla";"Reta;Retorno Regulamentado";"Não";3;0;1;0;2;0;1;2;-15,0255041;-48,8956048;"SPRF-GO";"DEL07-GO";"UOP01-DEL07-GO"
370546;2021-07-14;"quarta-feira";"13:01:00";"MT";364;331;"SANTO ANTONIO DO LEVERGER";"Reação tardia ou ineficiente do condutor";"Tombamento";"Com Vítimas Feridas";"Pleno dia";"Crescente";"Céu Claro";"Dupla";"Declive";"Não";3;0;2;0;0;1;2;2;-15,822813;-55,419647;"SPRF-MT";"DEL05-MT";"UOP02-DEL05-MT"
370547;2021-07-14;"quarta-feira";"12:50:00";"MG";40;593,8;"OURO PRETO";"Transitar na contramão";"Colisão traseira";"Com Vítimas Feridas";"Pleno dia";"Crescente";"Sol";"Simples";"Curva";"Não";4;0;1;0;2;2;1;5;-20,38942;-43,902427;"SPRF-MG";"DEL05-MG";"UOP02-DEL05-MG"
370548;2021-07-14;"quarta-feira";"13:55:00";"GO";60;58,9;"ABADIANIA";"Demais falhas mecânicas ou elétricas";"Incêndio";"Sem Vítimas";"Pleno dia";"Crescente";"Céu Claro";"Dupla";"Curva";"Sim";2;0;0;0;1;1;0;2;-16,1865;-48,6872;"SPRF-GO";"DEL02-GO";"UOP01-DEL02-GO"
370549;2021-06-14;"segunda-feira";"16:34:00";"RO";364;722;"PORTO VELHO";"Reação tardia ou ineficiente do condutor";"Atropelamento de Pedestre";"Com Vítimas Feridas";"Pleno dia";"Decrescente";"Céu Claro";"Dupla";"Curva";"Sim";2;0;1;0;1;0;1;2;-8,82631046;-63,93327871;"SPRF-RO";"DEL01-RO";"UOP01-DEL01-RO"
370554;2021-04-30;"sexta-feira";"10:15:00";"ES";101;289;"CARIACICA";"Reação tardia ou ineficiente do condutor";"Colisão traseira";"Com Vítimas Feridas";"Pleno dia";"Decrescente";"Sol";"Dupla";"Declive;Reta";"Sim";6;0;2;1;2;1;3;4;-20,28029304;-40,39302931;"SPRF-ES";"DEL01-ES";"UOP01-DEL01-ES"
370558;2021-07-14;"quarta-feira";"14:10:00";"PR";277;572,5;"CASCAVEL";"Reação tardia ou ineficiente do condutor";"Colisão traseira";"Com Vítimas Feridas";"Pleno dia";"Decrescente";"Céu Claro";"Simples";"Reta";"Não";9;0;2;0;6;2;2;6;-25,00737801;-53,29663858;"SPRF-PR";"DEL04-PR";"UOP01-DEL04-PR"
370559;2021-06-28;"segunda-feira";"22:45:00";"RS";386;389,2;"TRIUNFO";"Retorno proibido";"Colisão transversal";"Com Vítimas Feridas";"Plena Noite";"Decrescente";"Céu Claro";"Dupla";"Retorno Regulamentado";"Sim";3;0;0;1;2;0;1;2;-29,699799;-51,686905;"SPRF-RS";"DEL04-RS";"UOP02-DEL04-RS"
370560;2021-06-28;"segunda-feira";"13:30:00";"PR";376;631;"SAO JOSE DOS PINHAIS";"Ausência de sinalização";"Colisão traseira";"Com Vítimas Feridas";"Pleno dia";"Decrescente";"Chuva";"Dupla";"Reta";"Não";3;0;0;1;1;2;1;4;-25,70434399;-49,14198595;"SPRF-PR";"DEL01-PR";"UOP04-DEL01-PR"
370561;2021-07-14;"quarta-feira";"14:34:00";"PR";116;134;"MANDIRITUBA";"Conversão proibida";"Colisão traseira";"Com Vítimas Feridas";"Pleno dia";"Crescente";"Céu Claro";"Simples";"Interseção de Vias";"Não";3;0;1;1;1;0;2;2;-25,67510803;-49,3157007;"SPRF-PR";"DEL01-PR";"UOP03-DEL01-PR"
370568;2021-07-14;"quarta-feira";"14:30:00";"MG";381;908,1;"CAMBUI";"Velocidade Incompatível";"Tombamento";"Com Vítimas Feridas";"Pleno dia";"Decrescente";"Céu Claro";"Dupla";"Curva";"Não";2;0;1;0;0;1;1;2;-22,67962969;-46,09973084;"SPRF-MG";"DEL16-MG";"UOP03-DEL16-MG"
370569;2021-06-24;"quinta-feira";"21:10:00";"PE";232;30,5;"MORENO";"Objeto estático sobre o leito carroçável";"Colisão com objeto";"Com Vítimas Feridas";"Plena Noite";"Decrescente";"Nublado";"Dupla";"Curva";"Não";6;0;3;0;3;0;3;2;-8,110665;-35,156435;"SPRF-PE";"DEL01-PE";"UOP01-DEL01-PE"
370571;2021-07-14;"quarta-feira";"13:30:00";"PR";277;8;"PARANAGUA";"Manobra de mudança de faixa";"Colisão lateral mesmo sentido";"Com Vítimas Feridas";"Pleno dia";"Crescente";"Sol";"Dupla";"Reta";"Não";3;0;1;0;1;1;1;3;-25,5641233;-48,59630585;"SPRF-PR";"DEL01-PR";"UOP05-DEL01-PR"
370578;2021-07-14;"quarta-feira";"14:02:00";"SP";116;362;"MIRACATU";"Ausência de reação do condutor";"Colisão com objeto";"Com Vítimas Feridas";"Pleno dia";"Crescente";"Céu Claro";"Dupla";"Declive";"Não";2;0;0;1;0;1;1;2;-24,1220177;-47,27047772;"SPRF-SP";"DEL04-SP";"UOP02-DEL04-SP"
370580;2021-07-14;"quarta-feira";"17:20:00";"MG";381;754,2;"TRES CORACOES";"Demais falhas mecânicas ou elétricas";"Saída de leito carroçável";"Com Vítimas Feridas";"Anoitecer";"Decrescente";"Céu Claro";"Dupla";"Reta";"Sim";3;0;1;0;1;1;1;3;-21,68626885;-45,34601116;"SPRF-MG";"DEL16-MG";"UOP02-DEL16-MG"
370586;2021-07-14;"quarta-feira";"16:23:00";"SP";116;78,3;"ROSEIRA";"Entrada inopinada do pedestre";"Atropelamento de Pedestre";"Com Vítimas Fatais";"Pleno dia";"Crescente";"Céu Claro";"Dupla";"Reta";"Não";3;1;0;0;1;1;0;3;-22,88893407;-45,28690695;"SPRF-SP";"DEL08-SP";"UOP01-DEL08-SP"
370587;2021-07-14;"quarta-feira";"15:28:00";"SC";101;39;"JOINVILLE";"Reação tardia ou ineficiente do condutor";"Colisão traseira";"Sem Vítimas";"Pleno dia";"Crescente";"Céu Claro";"Dupla";"Curva";"Sim";5;0;0;0;5;0;0;5;-26,29772415;-48,88401031;"SPRF-SC";"DEL03-SC";"UOP01-DEL03-SC"
370588;2021-07-14;"quarta-feira";"16:50:00";"ES";101;17,8;"PEDRO CANARIO";"Velocidade Incompatível";"Tombamento";"Com Vítimas Feridas";"Anoitecer";"Crescente";"Céu Claro";"Simples";"Ponte;Declive;Curva";"Não";2;0;1;0;0;1;1;2;-18,30705804;-39,95727392;"SPRF-ES";"DEL04-ES";"UOP02-DEL04-ES"
370591;2021-07-14;"quarta-feira";"16:55:00";"TO";226;69,8;"WANDERLANDIA";"Condutor deixou de manter distância do veículo da frente";"Colisão traseira";"Com Vítimas Feridas";"Pleno dia";"Crescente";"Céu Claro";"Simples";"Reta";"Sim";4;0;1;0;2;4;1;6;-6,843196;-47,953758;"SPRF-TO";"DEL02-TO";"UOP03-DEL02-TO"
370594;2021-07-14;"quarta-feira";"18:05:00";"MG";381;368;"SAO GONCALO DO RIO ABAIXO";"Velocidade Incompatível";"Tombamento";"Com Vítimas Feridas";"Pleno dia";"Crescente";"Céu Claro";"Simples";"Curva";"Não";2;0;1;0;0;1;1;2;-19,85072732;-43,28377384;"SPRF-MG";"DEL03-MG";"UOP01-DEL03-MG"
370596;2021-07-14;"quarta-feira";"17:30:00";"SP";153;288,5;"OCAUCU";"Ingestão de álcool pelo condutor";"Derramamento de carga";"Sem Vítimas";"Anoitecer";"Crescente";"Céu Claro";"Simples";"Reta";"Não";2;0;0;0;1;2;0;3;-22,484101;-49,889447;"SPRF-SP";"DEL07-SP";"UOP02-DEL07-SP"
370599;2021-07-14;"quarta-feira";"11:00:00";"SC";153;50,5;"VARGEM BONITA";"Problema com o freio";"Colisão traseira";"Com Vítimas Feridas";"Pleno dia";"Crescente";"Céu Claro";"Simples";"Reta";"Não";5;0;0;1;3;1;1;5;-26,911882;-51,791336;"SPRF-SC";"DEL07-SC";"UOP05-DEL07-SC"
370600;2021-07-14;"quarta-feira";"18:10:00";"RS";290;89;"PORTO ALEGRE";"Trafegar com motocicleta (ou similar) entre as faixas";"Tombamento";"Com Vítimas Fatais";"Plena Noite";"Decrescente";"Céu Claro";"Dupla";"Reta";"Sim";3;1;0;0;1;1;0;3;-29,967892;-51,147331;"SPRF-RS";"DEL01-RS";"UOP01-DEL01-RS"
370605;2021-06-05;"sábado";"02:00:00";"SC";116;156,7;"PONTE ALTA DO NORTE";"Velocidade Incompatível";"Tombamento";"Com Vítimas Feridas";"Plena Noite";"Decrescente";"Céu Claro";"Simples";"Curva";"Não";2;0;1;0;0;1;1;2;-27,08005798;-50,43641901;"SPRF-SC";"DEL06-SC";"UOP02-DEL06-SC"
370619;2021-05-16;"domingo";"05:30:00";"ES";101;122,8;"SOORETAMA";"Ultrapassagem Indevida";"Colisão frontal";"Com Vítimas Fatais";"Amanhecer";"Crescente";"Céu Claro";"Simples";"Declive";"Não";2;1;0;0;1;0;0;2;-19,16016593;-40,08315314;"SPRF-ES";"DEL04-ES";"UOP01-DEL04-ES"
370625;2021-07-14;"quarta-feira";"19:15:00";"MG";50;89,2;"UBERLANDIA";"Condutor deixou de manter distância do veículo da frente";"Colisão traseira";"Com Vítimas Feridas";"Plena Noite";"Decrescente";"Céu Claro";"Dupla";"Reta";"Não";2;0;1;0;1;0;1;2;-19,03998093;-48,19938578;"SPRF-MG";"DEL15-MG";"UOP01-DEL15-MG"
370637;2021-07-14;"quarta-feira";"10:55:00";"TO";153;336;"GUARAI";"Acessar a via sem observar a presença dos outros veículos";"Colisão transversal";"Sem Vítimas";"Pleno dia";"Crescente";"Céu Claro";"Simples";"Reta";"Sim";4;0;0;0;3;1;0;3;-8,85386;-48,508884;"SPRF-TO";"DEL02-TO";"UOP01-DEL02-TO"
370638;2021-07-14;"quarta-feira";"18:35:00";"SC";116;9,3;"MAFRA";"Condutor deixou de manter distância do veículo da frente";"Colisão traseira";"Com Vítimas Feridas";"Plena Noite";"Crescente";"Céu Claro";"Múltipla";"Reta";"Não";2;0;1;0;1;0;1;2;-26,16297778;-49,84696715;"SPRF-SC";"DEL06-SC";"UOP01-DEL06-SC"
370641;2021-07-14;"quarta-feira";"22:10:00";"GO";60;402;"RIO VERDE";"Ausência de reação do condutor";"Tombamento";"Com Vítimas Fatais";"Plena Noite";"Decrescente";"Céu Claro";"Dupla";"Curva;Declive";"Não";4;2;0;1;0;2;1;3;-17,8184;-51,0733;"SPRF-GO";"DEL04-GO";"UOP01-DEL04-GO"
370644;2021-07-14;"quarta-feira";"21:30:00";"BA";101;124;"ALAGOINHAS";"Velocidade Incompatível";"Tombamento";"Com Vítimas Feridas";"Plena Noite";"Crescente";"Céu Claro";"Simples";"Curva";"Não";3;0;1;1;0;2;2;3;-12,18981903;-38,58636194;"SPRF-BA";"DEL01-BA";"UOP04-DEL01-BA"
370647;2021-07-14;"quarta-feira";"20:30:00";"RR";174;196;"RORAINOPOLIS";"Ingestão de álcool pelo condutor";"Colisão frontal";"Sem Vítimas";"Plena Noite";"Crescente";"Céu Claro";"Simples";"Reta";"Não";4;0;0;0;3;1;0;4;0,802759;-60,445217;"SPRF-RR";"DEL01-RR";"UOP01-DEL01-RR"
370649;2021-07-14;"quarta-feira";"19:25:00";"RJ";101;398;"ITAGUAI";"Condutor deixou de manter distância do veículo da frente";"Colisão traseira";"Com Vítimas Feridas";"Plena Noite";"Decrescente";"Céu Claro";"Dupla";"Reta";"Sim";3;0;0;1;2;0;1;3;-22,86787912;-43,74862922;"SPRF-RJ";"DEL03-RJ";"UOP01-DEL03-RJ"
370650;2021-07-14;"quarta-feira";"22:20:00";"ES";101;435,8;"MIMOSO DO SUL";"Reação tardia ou ineficiente do condutor";"Tombamento";"Com Vítimas Feridas";"Plena Noite";"Decrescente";"Céu Claro";"Simples";"Reta";"Não";2;0;1;0;0;1;1;2;-21,05500952;-41,19609059;"SPRF-ES";"DEL03-ES";"UOP02-DEL03-ES"
370651;2021-07-14;"quarta-feira";"20:40:00";"PR";376;309,2;"ORTIGUEIRA";"Velocidade Incompatível";"Derramamento de carga";"Sem Vítimas";"Plena Noite";"Decrescente";"Céu Claro";"Simples";"Curva";"Não";2;0;0;0;1;2;0;3;-23,97981536;-51,08609019;"SPRF-PR";"DEL07-PR";"UOP02-DEL07-PR"
370652;2021-07-14;"quarta-feira";"15:45:00";"AM";174;910;"MANAUS";"Transitar na contramão";"Colisão lateral sentido oposto";"Com Vítimas Feridas";"Pleno dia";"Crescente";"Sol";"Simples";"Declive;Curva";"Não";3;0;1;0;1;3;1;5;-2,74460598;-60,04346489;"SPRF-AM";"DEL01-AM";"UOP01-DEL01-AM"
370653;2021-07-14;"quarta-feira";"22:40:00";"RJ";101;30;"CAMPOS DOS GOYTACAZES";"Sinalização mal posicionada";"Colisão com objeto";"Com Vítimas Feridas";"Plena Noite";"Crescente";"Nevoeiro/Neblina";"Simples";"Curva";"Não";1;0;1;0;0;0;1;1;-21,46623192;-41,33816185;"SPRF-RJ";"DEL08-RJ";"UOP01-DEL08-RJ"
370658;2021-07-15;"quinta-feira";"00:00:00";"SC";101;232,7;"PALHOCA";"Ausência de reação do condutor";"Colisão lateral mesmo sentido";"Com Vítimas Feridas";"Plena Noite";"Decrescente";"Céu Claro";"Dupla";"Reta";"Sim";2;0;1;0;1;0;1;2;-27,795666;-48,638153;"SPRF-SC";"DEL01-SC";"UOP02-DEL01-SC"
370662;2021-07-15;"quinta-feira";"01:00:00";"ES";259;89;"BAIXO GUANDU";"Condutor Dormindo";"Saída de leito carroçável";"Com Vítimas Fatais";"Plena Noite";"Crescente";"Céu Claro";"Simples";"Curva";"Não";1;1;0;0;0;0;0;1;-19,51143698;-40,90961107;"SPRF-ES";"DEL02-ES";"UOP01-DEL02-ES"
370667;2021-07-15;"quinta-feira";"02:00:00";"RS";116;264;"CANOAS";"Acessar a via sem observar a presença dos outros veículos";"Colisão lateral mesmo sentido";"Com Vítimas Feridas";"Plena Noite";"Decrescente";"Chuva";"Dupla";"Reta";"Sim";3;0;1;0;1;1;1;3;-29,914435;-51,17754495;"SPRF-RS";"DEL01-RS";"UOP01-DEL01-RS"
370668;2021-07-14;"quarta-feira";"12:26:00";"MG";251;302,6;"SALINAS";"Velocidade Incompatível";"Tombamento";"Com Vítimas Feridas";"Pleno dia";"Crescente";"Céu Claro";"Simples";"Declive";"Não";1;0;1;0;0;0;1;1;-16,13377552;-42,25305493;"SPRF-MG";"DEL11-MG";"UOP02-DEL11-MG"
370669;2021-07-15;"quinta-feira";"02:10:00";"PR";116;26,4;"CAMPINA GRANDE DO SUL";"Velocidade Incompatível";"Tombamento";"Com Vítimas Feridas";"Plena Noite";"Decrescente";"Nublado";"Dupla";"Curva";"Não";2;0;1;0;0;1;1;2;-25,10868394;-48,78684998;"SPRF-PR";"DEL01-PR";"UOP02-DEL01-PR"
370671;2021-07-15;"quinta-feira";"01:20:00";"GO";153;236;"HIDROLINA";"Ultrapassagem Indevida";"Colisão lateral mesmo sentido";"Com Vítimas Fatais";"Plena Noite";"Decrescente";"Céu Claro";"Simples";"Reta;Aclive";"Não";6;1;0;0;4;1;0;3;-14,808911;-49,290245;"SPRF-GO";"DEL07-GO";"UOP02-DEL07-GO"
370672;2021-07-15;"quinta-feira";"02:10:00";"PR";277;591;"CASCAVEL";"Ingestão de álcool pelo condutor";"Colisão traseira";"Com Vítimas Feridas";"Plena Noite";"Crescente";"Céu Claro";"Simples";"Reta";"Sim";3;0;2;0;1;0;2;2;-24,98473242;-53,46501885;"SPRF-PR";"DEL04-PR";"UOP01-DEL04-PR"
370675;2021-07-15;"quinta-feira";"01:20:00";"PR";277;507;"GUARANIACU";"Ingestão de álcool pelo condutor";"Saída de leito carroçável";"Com Vítimas Feridas";"Plena Noite";"Decrescente";"Céu Claro";"Simples";"Reta";"Não";1;0;0;1;0;0;1;1;-25,12461;-52,75244;"SPRF-PR";"DEL04-PR";"UOP01-DEL04-PR"
370679;2021-07-15;"quinta-feira";"03:00:00";"PI";230;173;"SAO JOAO DA VARJOTA";"Acostamento em desnível";"Tombamento";"Sem Vítimas";"Plena Noite";"Decrescente";"Céu Claro";"Simples";"Reta";"Não";1;0;0;0;1;0;0;1;-6,93983108;-41,93007498;"SPRF-PI";"DEL04-PI";"UOP01-DEL04-PI"
370683;2021-07-14;"quarta-feira";"23:33:00";"MG";381;631,2;"OLIVEIRA";"Condutor Dormindo";"Saída de leito carroçável";"Com Vítimas Feridas";"Plena Noite";"Decrescente";"Céu Claro";"Dupla";"Curva";"Não";2;0;1;0;0;1;1;2;-20,84702065;-44,83281432;"SPRF-MG";"DEL04-MG";"UOP01-DEL04-MG"
370684;2021-07-15;"quinta-feira";"06:30:00";"RN";304;31;"MOSSORO";"Acessar a via sem observar a presença dos outros veículos";"Colisão transversal";"Com Vítimas Feridas";"Pleno dia";"Crescente";"Céu Claro";"Simples";"Reta";"Sim";2;0;0;1;1;0;1;2;-5,12458;-37,3428;"SPRF-RN";"DEL04-RN";"UOP02-DEL04-RN"
370685;2021-07-15;"quinta-feira";"06:05:00";"MG";40;450,7;"CAETANOPOLIS";"Ausência de reação do condutor";"Colisão traseira";"Com Vítimas Feridas";"Amanhecer";"Crescente";"Céu Claro";"Dupla";"Curva;Aclive";"Não";2;0;1;0;1;0;1;2;-19,31698774;-44,36765061;"SPRF-MG";"DEL02-MG";"UOP01-DEL02-MG"
370687;2021-07-15;"quinta-feira";"03:30:00";"DF";80;37,4;"BRASILIA";"Ingestão de álcool pelo condutor";"Colisão transversal";"Sem Vítimas";"Plena Noite";"Decrescente";"Céu Claro";"Simples";"Reta";"Não";3;0;0;0;2;1;0;3;-15,53257;-48,191132;"SPRF-DF";"DEL03-DF";"UOP02-DEL03-DF"
370689;2021-07-15;"quinta-feira";"06:20:00";"PR";376;302,4;"MAUA DA SERRA";"Problema com o freio";"Saída de leito carroçável";"Com Vítimas Feridas";"Amanhecer";"Crescente";"Céu Claro";"Dupla";"Curva";"Não";2;0;1;0;1;0;1;1;-23,94255214;-51,12285589;"SPRF-PR";"DEL07-PR";"UOP02-DEL07-PR"
370699;2021-07-15;"quinta-feira";"04:00:00";"MG";267;39,1;"MARIPA DE MINAS";"Demais falhas mecânicas ou elétricas";"Incêndio";"Com Vítimas Feridas";"Amanhecer";"Crescente";"Ignorado";"Simples";"Curva";"Não";1;0;1;0;0;0;1;1;-21,67606796;-42,89832207;"SPRF-MG";"DEL07-MG";"UOP01-DEL07-MG"
370701;2021-07-14;"quarta-feira";"18:45:00";"SC";101;115;"ITAJAI";"Velocidade Incompatível";"Engavetamento";"Sem Vítimas";"Plena Noite";"Decrescente";"Céu Claro";"Dupla";"Reta";"Não";7;0;0;0;6;3;0;9;-26,87064015;-48,72954134;"SPRF-SC";"DEL04-SC";"UOP04-DEL04-SC"
370712;2021-07-15;"quinta-feira";"09:45:00";"BA";116;485,2;"RAFAEL JAMBEIRO";"Demais falhas mecânicas ou elétricas";"Colisão lateral mesmo sentido";"Com Vítimas Feridas";"Pleno dia";"Crescente";"Sol";"Dupla";"Reta";"Não";4;0;1;0;2;2;1;4;-12,52896304;-39,40894998;"SPRF-BA";"DEL02-BA";"UOP01-DEL02-BA"
370713;2021-06-05;"sábado";"17:00:00";"PI";316;65;"MONSENHOR GIL";"Ultrapassagem Indevida";"Colisão lateral mesmo sentido";"Com Vítimas Feridas";"Pleno dia";"Decrescente";"Céu Claro";"Simples";"Curva";"Não";4;0;0;1;2;1;1;3;-5,61717113;-42,60352135;"SPRF-PI";"DEL01-PI";"UOP02-DEL01-PI"
370718;2021-07-15;"quinta-feira";"09:00:00";"MG";40;277;"TRES MARIAS";"Velocidade Incompatível";"Colisão traseira";"Com Vítimas Feridas";"Pleno dia";"Decrescente";"Céu Claro";"Simples";"Curva";"Sim";4;0;1;1;2;0;2;3;-18,21264695;-45,22480595;"SPRF-MG";"DEL14-MG";"UOP02-DEL14-MG"
370721;2021-06-06;"domingo";"09:30:00";"BA";116;688;"JEQUIE";"Ultrapassagem Indevida";"Colisão frontal";"Com Vítimas Feridas";"Pleno dia";"Crescente";"Garoa/Chuvisco";"Simples";"Reta";"Não";3;0;1;1;0;3;2;5;-13,9207562;-40,15667362;"SPRF-BA";"DEL03-BA";"UOP01-DEL03-BA"
370726;2021-07-15;"quinta-feira";"09:10:00";"CE";20;417;"MARACANAU";"Problema com o freio";"Colisão traseira";"Sem Vítimas";"Pleno dia";"Crescente";"Sol";"Dupla";"Reta";"Sim";2;0;0;0;2;0;0;2;-3,76999035;-38,67006282;"SPRF-CE";"DEL01-CE";"UOP02-DEL01-CE"
370728;2021-07-15;"quinta-feira";"10:00:00";"MA";10;317;"ACAILANDIA";"Reação tardia ou ineficiente do condutor";"Colisão traseira";"Com Vítimas Feridas";"Pleno dia";"Crescente";"Céu Claro";"Simples";"Reta";"Não";2;0;1;0;1;0;1;2;-4,975136;-47,517284;"SPRF-MA";"DEL04-MA";"UOP03-DEL04-MA"
370731;2021-07-15;"quinta-feira";"11:15:00";"PR";277;726,4;"FOZ DO IGUACU";"Acumulo de água sobre o pavimento";"Colisão lateral sentido oposto";"Com Vítimas Feridas";"Pleno dia";"Crescente";"Chuva";"Dupla";"Curva";"Sim";3;0;1;0;2;0;1;3;-25,5106015;-54,55481999;"SPRF-PR";"DEL05-PR";"UOP03-DEL05-PR"
370732;2021-07-15;"quinta-feira";"10:30:00";"RO";364;707;"PORTO VELHO";"Acessar a via sem observar a presença dos outros veículos";"Colisão lateral mesmo sentido";"Com Vítimas Feridas";"Pleno dia";"Decrescente";"Sol";"Dupla";"Reta";"Sim";3;0;1;0;2;0;1;2;-8,80037213;-63,83262707;"SPRF-RO";"DEL01-RO";"UOP01-DEL01-RO"
370738;2021-07-15;"quinta-feira";"12:45:00";"ES";101;356,2;"ANCHIETA";"Transitar na contramão";"Colisão frontal";"Com Vítimas Feridas";"Pleno dia";"Decrescente";"Céu Claro";"Simples";"Curva";"Não";3;0;2;0;1;0;2;2;-20,69339794;-40,68748402;"SPRF-ES";"DEL03-ES";"UOP01-DEL03-ES"
370739;2021-07-15;"quinta-feira";"10:55:00";"RO";364;425,2;"JARU";"Manobra de mudança de faixa";"Colisão lateral mesmo sentido";"Com Vítimas Feridas";"Pleno dia";"Decrescente";"Céu Claro";"Simples";"Aclive";"Sim";2;0;0;1;1;0;1;2;-10,43514382;-62,47572899;"SPRF-RO";"DEL03-RO";"UOP02-DEL03-RO"
370740;2021-07-15;"quinta-feira";"09:00:00";"MG";50;190;"UBERABA";"Velocidade Incompatível";"Colisão traseira";"Com Vítimas Feridas";"Pleno dia";"Crescente";"Céu Claro";"Dupla";"Reta;Viaduto";"Não";4;0;1;0;2;3;1;6;-19,85630175;-47,86944462;"SPRF-MG";"DEL13-MG";"UOP01-DEL13-MG"
370741;2021-07-15;"quinta-feira";"11:30:00";"PI";316;9,9;"TERESINA";"Objeto estático sobre o leito carroçável";"Colisão com objeto";"Com Vítimas Fatais";"Pleno dia";"Decrescente";"Sol";"Múltipla";"Reta";"Sim";3;1;0;0;1;2;0;4;-5,18280197;-42,76350291;"SPRF-PI";"DEL01-PI";"UOP02-DEL01-PI"
370750;2021-07-15;"quinta-feira";"13:45:00";"RS";285;507,3;"ENTRE-IJUIS";"Ausência de reação do condutor";"Colisão frontal";"Com Vítimas Fatais";"Pleno dia";"Crescente";"Nublado";"Simples";"Reta";"Não";3;1;1;0;0;2;1;4;-28,3968087;-54,3492055;"SPRF-RS";"DEL10-RS";"UOP01-DEL10-RS"
370755;2021-07-15;"quinta-feira";"14:00:00";"SP";116;209;"GUARULHOS";"Manobra de mudança de faixa";"Capotamento";"Com Vítimas Feridas";"Pleno dia";"Crescente";"Céu Claro";"Dupla";"Reta";"Não";2;0;1;0;1;0;1;2;-23,42511799;-46,40221101;"SPRF-SP";"DEL01-SP";"UOP01-DEL01-SP"
370758;2021-07-15;"quinta-feira";"14:35:00";"PR";277;56;"SAO JOSE DOS PINHAIS";"Retorno proibido";"Colisão transversal";"Com Vítimas Feridas";"Pleno dia";"Decrescente";"Céu Claro";"Dupla";"Reta";"Não";3;0;0;2;1;0;2;2;-25,58612344;-48,95485311;"SPRF-PR";"DEL01-PR";"UOP05-DEL01-PR"