"id";"data_inversa";"dia_semana";"horario";"uf";"br";"km";"municipio";"causa_acidente";"tipo_acidente";"classificacao_acidente";"fase_dia";"sentido_via";"condicao_metereologica";"tipo_pista";"tracado_via";"uso_solo";"pessoas";"mortos";"feridos_leves";"feridos_graves";"ilesos";"ignorados";"feridos";"veiculos";"latitude";"longitude";"regional";"delegacia";"uop"
371454;2021-07-18;"domingo";"16:20:00";"MG";116;767,5;"LEOPOLDINA";"Reação tardia ou ineficiente do condutor";"Colisão lateral mesmo sentido";"Com Vítimas Feridas";"Pleno dia";"Crescente";"Céu Claro";"Simples";"Curva";"Não";5;0;1;1;1;2;2;5;-21,5356551;-42,65610863;"SPRF-MG";"DEL07-MG";"UOP01-DEL07-MG"
371458;2021-07-18;"domingo";"18:55:00";"RJ";393;125;"SAPUCAIA";"Acessar a via sem observar a presença dos outros veículos";"Colisão transversal";"Com Vítimas Feridas";"Plena Noite";"Decrescente";"Céu Claro";"Simples";"Reta";"Sim";3;0;2;0;1;0;2;2;-21,94371338;-42,83212498;"SPRF-RJ";"DEL05-RJ";"UOP01-DEL05-RJ"
371464;2021-07-18;"domingo";"18:00:00";"MS";262;161,5;"RIBAS DO RIO PARDO";"Reação tardia ou ineficiente do condutor";"Colisão lateral mesmo sentido";"Com Vítimas Feridas";"Anoitecer";"Decrescente";"Céu Claro";"Simples";"Reta";"Não";5;0;2;0;2;3;2;5;-20,45056908;-53,03448702;"SPRF-MS";"DEL07-MS";"UOP02-DEL07-MS"
371478;2021-06-16;"quarta-feira";"07:15:00";"MG";365;832;"SANTA VITORIA";"Ausência de reação do condutor";"Colisão traseira";"Com Vítimas Feridas";"Pleno dia";"Decrescente";"Céu Claro";"Simples";"Declive";"Não";3;0;1;0;1;2;1;4;-18,90505008;-50,20362197;"SPRF-MG";"DEL15-MG";"UOP03-DEL15-MG"
371479;2021-07-18;"domingo";"17:00:00";"BA";324;453;"RIACHAO DO JACUIPE";"Demais falhas mecânicas ou elétricas";"Incêndio";"Sem Vítimas";"Pleno dia";"Decrescente";"Céu Claro";"Simples";"Aclive";"Não";1;0;0;0;1;0;0;1;-11,89284289;-39,28311192;"SPRF-BA";"DEL02-BA";"UOP01-DEL02-BA"
371486;2021-07-18;"domingo";"20:19:00";"SC";101;412;"ARARANGUA";"Acessar a via sem observar a presença dos outros veículos";"Colisão lateral mesmo sentido";"Sem Vítimas";"Plena Noite";"Decrescente";"Céu Claro";"Dupla";"Reta";"Não";2;0;0;0;1;1;0;2;-28,93996042;-49,52316999;"SPRF-SC";"DEL02-SC";"UOP02-DEL02-SC"
371489;2021-07-18;"domingo";"20:25:00";"CE";116;428,3;"IPAUMIRIM";"Velocidade Incompatível";"Tombamento";"Sem Vítimas";"Plena Noite";"Decrescente";"Céu Claro";"Simples";"Rotatória";"Não";1;0;0;0;1;0;0;1;-6,82429079;-38,75036573;"SPRF-CE";"DEL05-CE";"UOP01-DEL05-CE"
371491;2021-07-18;"domingo";"18:10:00";"AL";101;132;"SAO MIGUEL DOS CAMPOS";"Ausência de sinalização";"Colisão traseira";"Com Vítimas Feridas";"Anoitecer";"Decrescente";"Nublado";"Simples";"Curva;Aclive;Em Obras";"Não";2;0;0;1;1;0;1;2;-9,77047189;-36,08833407;"SPRF-AL";"DEL02-AL";"UOP01-DEL02-AL"
371492;2021-07-18;"domingo";"20:07:00";"PR";376;493;"PONTA GROSSA";"Condutor deixou de manter distância do veículo da frente";"Colisão traseira";"Com Vítimas Fatais";"Plena Noite";"Crescente";"Céu Claro";"Dupla";"Reta";"Sim";5;1;0;0;3;1;0;5;-25,13204873;-50,17199636;"SPRF-PR";"DEL03-PR";"UOP01-DEL03-PR"
371493;2021-07-18;"domingo";"20:00:00";"PR";376;220;"CAMBIRA";"Reação tardia ou ineficiente do condutor";"Tombamento";"Sem Vítimas";"Plena Noite";"Crescente";"Céu Claro";"Simples";"Reta";"Não";2;0;0;0;1;1;0;2;-23,60241541;-51,59826198;"SPRF-PR";"DEL09-PR";"UOP01-DEL09-PR"
371499;2021-07-18;"domingo";"16:30:00";"MG";251;334;"FRUTA DE LEITE";"Problema com o freio";"Colisão traseira";"Com Vítimas Feridas";"Pleno dia";"Decrescente";"Céu Claro";"Simples";"Curva";"Não";5;0;4;1;0;0;5;2;-16,25584596;-42,43923797;"SPRF-MG";"DEL12-MG";"UOP01-DEL12-MG"
371504;2021-07-18;"domingo";"20:18:00";"CE";116;309;"JAGUARIBE";"Reação tardia ou ineficiente do condutor";"Colisão traseira";"Sem Vítimas";"Plena Noite";"Decrescente";"Céu Claro";"Simples";"Reta";"Sim";2;0;0;0;1;1;0;2;-5,89477992;-38,61975447;"SPRF-CE";"DEL05-CE";"UOP02-DEL05-CE"
371517;2021-07-18;"domingo";"20:20:00";"SC";280;221,2;"TRES BARRAS";"Transitar na contramão";"Colisão lateral sentido oposto";"Com Vítimas Feridas";"Plena Noite";"Crescente";"Céu Claro";"Simples";"Reta";"Não";3;0;0;1;1;1;1;3;-26,173056;-50,27445;"SPRF-SC";"DEL06-SC";"UOP04-DEL06-SC"
371521;2021-07-18;"domingo";"23:00:00";"ES";101;219;"IBIRACU";"Ingestão de álcool pelo condutor";"Colisão com objeto";"Com Vítimas Feridas";"Plena Noite";"Crescente";"Céu Claro";"Dupla";"Curva";"Não";4;0;0;2;2;0;2;3;-19,86460092;-40,38336629;"SPRF-ES";"DEL02-ES";"UOP01-DEL02-ES"
371532;2021-07-19;"segunda-feira";"00:20:00";"RJ";101;321;"NITEROI";"Pista Escorregadia";"Colisão com objeto";"Com Vítimas Feridas";"Plena Noite";"Decrescente";"Garoa/Chuvisco";"Dupla";"Curva";"Sim";2;0;1;0;1;0;1;2;-22,86629974;-43,10884953;"SPRF-RJ";"DEL02-RJ";"UOP02-DEL02-RJ"
371535;2021-07-18;"domingo";"23:30:00";"PE";101;48,4;"ABREU E LIMA";"Ingestão de álcool pelo condutor";"Colisão traseira";"Sem Vítimas";"Plena Noite";"Decrescente";"Vento";"Múltipla";"Reta";"Sim";2;0;0;0;1;1;0;2;-7,89174705;-34,9033493;"SPRF-PE";"DEL01-PE";"UOP02-DEL01-PE"
371538;2021-07-19;"segunda-feira";"02:00:00";"BA";324;583;"CANDEIAS";"Ingestão de álcool pelo condutor";"Colisão traseira";"Sem Vítimas";"Plena Noite";"Crescente";"Nublado";"Dupla";"Reta";"Não";2;0;0;0;1;1;0;2;-12,6141891;-38,48700311;"SPRF-BA";"DEL01-BA";"UOP01-DEL01-BA"
371539;2021-07-19;"segunda-feira";"02:00:00";"MG";262;161;"SAO DOMINGOS DO PRATA";"Condutor Dormindo";"Saída de leito carroçável";"Com Vítimas Feridas";"Plena Noite";"Crescente";"Céu Claro";"Simples";"Reta";"Não";9;0;7;0;2;0;7;2;-19,96349991;-42,843382;"SPRF-MG";"DEL03-MG";"UOP03-DEL03-MG"
371544;2021-07-18;"domingo";"19:20:00";"MA";230;104;"SAO JOAO DOS PATOS";"Curva acentuada";"Colisão frontal";"Com Vítimas Fatais";"Plena Noite";"Decrescente";"Céu Claro";"Simples";"Curva";"Não";2;1;0;0;0;1;0;2;-6,50597548;-43,79489615;"SPRF-MA";"DEL05-MA";"UOP01-DEL05-MA"
371553;2021-07-19;"segunda-feira";"06:05:00";"RS";116;295,9;"GUAIBA";"Reação tardia ou ineficiente do condutor";"Colisão traseira";"Sem Vítimas";"Amanhecer";"Crescente";"Céu Claro";"Dupla";"Reta";"Não";3;0;0;0;2;1;0;3;-30,07969402;-51,34154882;"SPRF-RS";"DEL02-RS";"UOP01-DEL02-RS"
371566;2021-07-19;"segunda-feira";"07:10:00";"PR";369;11,8;"CAMBARA";"Reação tardia ou ineficiente do condutor";"Queda de ocupante de veículo";"Com Vítimas Feridas";"Pleno dia";"Decrescente";"Céu Claro";"Simples";"Reta";"Não";2;0;1;0;1;0;1;2;-23,01151392;-50,01021624;"SPRF-PR";"DEL07-PR";"UOP01-DEL07-PR"
371573;2021-07-19;"segunda-feira";"08:00:00";"RS";290;194,8;"RIO PARDO";"Reação tardia ou ineficiente do condutor";"Saída de leito carroçável";"Com Vítimas Feridas";"Pleno dia";"Crescente";"Céu Claro";"Múltipla";"Reta";"Não";2;0;1;0;0;1;1;2;-30,163651;-52,15506;"SPRF-RS";"DEL02-RS";"UOP03-DEL02-RS"
371582;2021-06-22;"terça-feira";"15:50:00";"PR";116;9,5;"COLOMBO";"Carga excessiva e/ou mal acondicionada";"Engavetamento";"Sem Vítimas";"Pleno dia";"Decrescente";"Nublado";"Dupla";"Reta";"Sim";8;0;0;0;7;1;0;8;-25,3708;-49,1246;"SPRF-PR";"DEL01-PR";"UOP02-DEL01-PR"
371585;2021-07-19;"segunda-feira";"07:05:00";"SC";470;122,7;"IBIRAMA";"Acumulo de areia ou detritos sobre o pavimento";"Tombamento";"Com Vítimas Feridas";"Pleno dia";"Decrescente";"Céu Claro";"Simples";"Curva";"Não";4;0;1;0;2;1;1;3;-27,099888;-49,527679;"SPRF-SC";"DEL04-SC";"UOP02-DEL04-SC"
371588;2021-07-19;"segunda-feira";"07:50:00";"MS";262;367,8;"CAMPO GRANDE";"Acessar a via sem observar a presença dos outros veículos";"Colisão transversal";"Com Vítimas Feridas";"Pleno dia";"Decrescente";"Sol";"Simples";"Reta";"Sim";3;0;0;1;1;2;1;4;-20,478542;-54,759624;"SPRF-MS";"DEL01-MS";"UOP03-DEL01-MS"
371592;2021-07-19;"segunda-feira";"09:10:00";"SP";116;214;"GUARULHOS";"Condutor deixou de manter distância do veículo da frente";"Colisão traseira";"Com Vítimas Feridas";"Pleno dia";"Crescente";"Céu Claro";"Simples";"Reta";"Não";2;0;1;0;1;0;1;2;-23,44333014;-46,44531294;"SPRF-SP";"DEL01-SP";"UOP01-DEL01-SP"
371603;2021-06-24;"quinta-feira";"15:40:00";"RO";364;183,7;"PIMENTA BUENO";"Condutor deixou de manter distância do veículo da frente";"Engavetamento";"Com Vítimas Feridas";"Pleno dia";"Crescente";"Céu Claro";"Simples";"Curva";"Não";5;0;1;0;3;5;1;9;-11,75593834;-61,09019144;"SPRF-RO";"DEL02-RO";"UOP02-DEL02-RO"
371605;2021-07-19;"segunda-feira";"11:50:00";"ES";101;167;"LINHARES";"Condutor Dormindo";"Colisão traseira";"Com Vítimas Feridas";"Pleno dia";"Decrescente";"Céu Claro";"Simples";"Reta";"Sim";5;0;2;0;2;1;2;3;-19,52734804;-40,15218496;"SPRF-ES";"DEL04-ES";"UOP01-DEL04-ES"
371607;2021-03-09;"terça-feira";"21:00:00";"PA";230;201;"ITUPIRANGA";"Ausência de reação do condutor";"Saída de leito carroçável";"Com Vítimas Fatais";"Plena Noite";"Crescente";"Céu Claro";"Simples";"Reta";"Não";1;1;0;0;0;0;0;1;-4,91398198;-49,48271194;"SPRF-PA";"DEL03-PA";"UOP01-DEL03-PA"
371608;2021-07-19;"segunda-feira";"10:20:00";"MS";163;113;"ITAQUIRAI";"Condutor deixou de manter distância do veículo da frente";"Colisão traseira";"Sem Vítimas";"Pleno dia";"Crescente";"Céu Claro";"Múltipla";"Reta";"Não";3;0;0;0;1;3;0;4;-23,17022102;-54,19924375;"SPRF-MS";"DEL09-MS";"UOP01-DEL09-MS"
371610;2021-07-07;"quarta-feira";"11:05:00";"SE";101;39,2;"CAPELA";"Chuva";"Colisão traseira";"Com Vítimas Feridas";"Pleno dia";"Crescente";"Chuva";"Dupla";"Declive";"Não";3;0;0;1;1;1;1;3;-10,517972;-36,950147;"SPRF-SE";"DEL02-SE";"UOP02-DEL02-SE"
371613;2021-07-19;"segunda-feira";"08:45:00";"SC";282;485,9;"FAXINAL DOS GUEDES";"Manobra de mudança de faixa";"Capotamento";"Com Vítimas Feridas";"Pleno dia";"Decrescente";"Sol";"Simples";"Curva";"Não";3;0;2;0;1;0;2;2;-26,857132;-52,245258;"SPRF-SC";"DEL07-SC";"UOP01-DEL07-SC"
371625;2021-07-19;"segunda-feira";"08:30:00";"MT";70;151,1;"GENERAL CARNEIRO";"Reação tardia ou ineficiente do condutor";"Saída de leito carroçável";"Com Vítimas Feridas";"Pleno dia";"Decrescente";"Céu Claro";"Simples";"Declive;Reta";"Não";2;0;1;0;0;1;1;2;-15,57679105;-53,37959801;"SPRF-MT";"DEL07-MT";"UOP01-DEL07-MT"
371627;2021-07-19;"segunda-feira";"13:10:00";"PE";101;70,8;"RECIFE";"Obstrução na via";"Colisão lateral mesmo sentido";"Sem Vítimas";"Pleno dia";"Decrescente";"Nublado";"Múltipla";"Reta";"Sim";3;0;0;0;2;1;0;3;-8,06776119;-34,94265074;"SPRF-PE";"DEL01-PE";"UOP01-DEL01-PE"
371633;2021-07-19;"segunda-feira";"12:30:00";"BA";242;255;"BOA VISTA DO TUPIM";"Demais falhas mecânicas ou elétricas";"Incêndio";"Sem Vítimas";"Pleno dia";"Crescente";"Céu Claro";"Simples";"Declive;Reta";"Não";2;0;0;0;1;1;0;2;-12,49213448;-40,51311104;"SPRF-BA";"DEL06-BA";"UOP02-DEL06-BA"
371638;2021-07-15;"quinta-feira";"17:00:00";"MG";251;401;"GRAO MOGOL";"Ausência de reação do condutor";"Colisão lateral mesmo sentido";"Sem Vítimas";"Anoitecer";"Crescente";"Céu Claro";"Simples";"Reta";"Não";4;0;0;0;3;3;0;6;-16,26065115;-42,95698091;"SPRF-MG";"DEL12-MG";"UOP01-DEL12-MG"
371639;2021-07-19;"segunda-feira";"14:15:00";"RJ";116;168;"SAO JOAO DE MERITI";"Reação tardia ou ineficiente do condutor";"Engavetamento";"Com Vítimas Feridas";"Pleno dia";"Decrescente";"Céu Claro";"Dupla";"Reta";"Sim";9;0;1;0;7;1;1;8;-22,79470842;-43,36358428;"SPRF-RJ";"DEL01-RJ";"UOP01-DEL01-RJ"
371650;2021-07-03;"sábado";"23:00:00";"SP";116;56,7;"GUARATINGUETA";"Reação tardia ou ineficiente do condutor";"Colisão traseira";"Com Vítimas Feridas";"Plena Noite";"Crescente";"Céu Claro";"Dupla";"Reta";"Não";7;0;3;2;2;0;5;3;-22,76904403;-45,13040598;"SPRF-SP";"DEL08-SP";"UOP01-DEL08-SP"
371651;2021-07-19;"segunda-feira";"13:37:00";"TO";153;227;"COLINAS DO TOCANTINS";"Avarias e/ou desgaste excessivo no pneu";"Colisão lateral sentido oposto";"Sem Vítimas";"Pleno dia";"Crescente";"Céu Claro";"Simples";"Curva";"Não";4;0;0;0;3;1;0;4;-7,8805;-48,45687504;"SPRF-TO";"DEL02-TO";"UOP01-DEL02-TO"
371652;2021-07-19;"segunda-feira";"12:25:00";"RO";429;123;"ALVORADA DOESTE";"Manobra de mudança de faixa";"Tombamento";"Com Vítimas Feridas";"Pleno dia";"Decrescente";"Céu Claro";"Simples";"Reta;Aclive";"Não";3;0;1;0;0;2;1;3;-11,51037925;-62,49871203;"SPRF-RO";"DEL02-RO";"UOP03-DEL02-RO"
371653;2021-07-19;"segunda-feira";"16:03:00";"RJ";40;34,2;"AREAL";"Carga excessiva e/ou mal acondicionada";"Tombamento";"Sem Vítimas";"Pleno dia";"Decrescente";"Céu Claro";"Dupla";"Curva";"Não";2;0;0;0;1;1;0;2;-22,20122568;-43,14116761;"SPRF-RJ";"DEL05-RJ";"UOP02-DEL05-RJ"
371658;2021-07-19;"segunda-feira";"15:33:00";"MS";163;556,3;"BANDEIRANTES";"Manobra de mudança de faixa";"Colisão lateral sentido oposto";"Com Vítimas Feridas";"Pleno dia";"Crescente";"Céu Claro";"Simples";"Aclive";"Não";5;0;2;1;1;2;3;5;-19,855787;-54,36913089;"SPRF-MS";"DEL01-MS";"UOP02-DEL01-MS"
371673;2021-07-19;"segunda-feira";"12:10:00";"GO";153;158;"CAMPINORTE";"Velocidade Incompatível";"Saída de leito carroçável";"Com Vítimas Feridas";"Pleno dia";"Decrescente";"Céu Claro";"Simples";"Reta";"Não";4;0;1;0;2;2;1;4;-14,151431;-49,119247;"SPRF-GO";"DEL07-GO";"UOP02-DEL07-GO"
371682;2021-07-19;"segunda-feira";"14:15:00";"MG";116;654,7;"SAO FRANCISCO DO GLORIA";"Transitar na contramão";"Colisão lateral sentido oposto";"Com Vítimas Feridas";"Pleno dia";"Crescente";"Sol";"Simples";"Curva";"Não";5;0;3;0;1;1;3;3;-20,74133072;-42,28638953;"SPRF-MG";"DEL07-MG";"UOP03-DEL07-MG"
371694;2021-07-19;"segunda-feira";"17:40:00";"MT";163;802;"VERA";"Mal súbito do condutor";"Saída de leito carroçável";"Com Vítimas Feridas";"Anoitecer";"Decrescente";"Céu Claro";"Simples";"Curva";"Não";3;0;3;0;0;0;3;1;-12,158881;-55,513388;"SPRF-MT";"DEL06-MT";"UOP01-DEL06-MT"
371696;2021-07-19;"segunda-feira";"17:35:00";"MG";116;414;"GOVERNADOR VALADARES";"Condutor deixou de manter distância do veículo da frente";"Colisão traseira";"Com Vítimas Feridas";"Anoitecer";"Crescente";"Céu Claro";"Simples";"Reta";"Sim";2;0;0;1;1;0;1;2;-18,88102703;-41,95910802;"SPRF-MG";"DEL06-MG";"UOP01-DEL06-MG"
371698;2021-07-19;"segunda-feira";"19:30:00";"MG";381;444;"SABARA";"Carga excessiva e/ou mal acondicionada";"Derramamento de carga";"Com Vítimas Feridas";"Plena Noite";"Crescente";"Céu Claro";"Simples";"Curva";"Não";7;0;4;1;2;0;5;3;-19,82360393;-43,82539293;"SPRF-MG";"DEL01-MG";"UOP01-DEL01-MG"
371708;2021-07-19;"segunda-feira";"17:00:00";"BA";242;602;"MUQUEM DE SAO FRANCISCO";"Velocidade Incompatível";"Tombamento";"Com Vítimas Feridas";"Anoitecer";"Crescente";"Céu Claro";"Simples";"Curva";"Não";1;0;1;0;0;0;1;1;-12,16345011;-43,18821184;"SPRF-BA";"DEL06-BA";"UOP03-DEL06-BA"
371710;2021-07-19;"segunda-feira";"19:50:00";"MA";135;27,5;"BACABEIRA";"Chuva";"Colisão lateral sentido oposto";"Sem Vítimas";"Plena Noite";"Decrescente";"Chuva";"Simples";"Reta";"Não";2;0;0;0;2;0;0;2;-2,777066;-44,374054;"SPRF-MA";"DEL01-MA";"UOP01-DEL01-MA"
371712;2021-07-19;"segunda-feira";"20:10:00";"PR";277;424;"CANTAGALO";"Manobra de mudança de faixa";"Colisão frontal";"Com Vítimas Feridas";"Plena Noite";"Decrescente";"Céu Claro";"Dupla";"Aclive;Reta";"Não";2;0;1;0;1;0;1;2;-25,38356078;-52,1464026;"SPRF-PR";"DEL04-PR";"UOP02-DEL04-PR"
371715;2021-07-19;"segunda-feira";"20:30:00";"ES";101;252,7;"SERRA";"Condutor deixou de manter distância do veículo da frente";"Colisão traseira";"Com Vítimas Feridas";"Pleno dia";"Crescente";"Nublado";"Simples";"Reta";"Não";3;0;1;0;1;2;1;4;-20,09618209;-40,33951217;"SPRF-ES";"DEL02-ES";"UOP01-DEL02-ES"
371717;2021-07-14;"quarta-feira";"19:30:00";"AM";230;540;"HUMAITA";"Falta de elemento de contenção que evite a saída do leito carroçável";"Capotamento";"Com Vítimas Feridas";"Plena Noite";"Crescente";"Céu Claro";"Simples";"Ponte";"Não";2;0;0;1;0;2;1;3;-7,73266584;-62,49411106;"SPRF-AM";"DEL01-AM";"UOP05-DEL01-AM"
371723;2021-07-19;"segunda-feira";"20:20:00";"SP";116;492;"CAJATI";"Reação tardia ou ineficiente do condutor";"Colisão traseira";"Com Vítimas Feridas";"Plena Noite";"Decrescente";"Céu Claro";"Dupla";"Reta";"Não";7;0;4;1;1;1;5;3;-24,74308052;-48,1325941;"SPRF-SP";"DEL05-SP";"UOP01-DEL05-SP"
371728;2021-07-20;"terça-feira";"00:15:00";"RJ";101;262;"RIO BONITO";"Carga excessiva e/ou mal acondicionada";"Derramamento de carga";"Sem Vítimas";"Plena Noite";"Decrescente";"Céu Claro";"Dupla";"Curva";"Sim";3;0;0;0;2;1;0;3;-22,71367506;-42,62052996;"SPRF-RJ";"DEL02-RJ";"UOP03-DEL02-RJ"
371729;2021-07-20;"terça-feira";"00:50:00";"PR";116;48;"CAMPINA GRANDE DO SUL";"Velocidade Incompatível";"Tombamento";"Com Vítimas Feridas";"Plena Noite";"Decrescente";"Nublado";"Dupla";"Curva";"Não";1;0;0;1;0;0;1;1;-25,214854;-48,901982;"SPRF-PR";"DEL01-PR";"UOP02-DEL01-PR"
371733;2021-07-20;"terça-feira";"04:30:00";"MG";262;570,1;"CORREGO DANTA";"Velocidade Incompatível";"Saída de leito carroçável";"Com Vítimas Feridas";"Plena Noite";"Decrescente";"Céu Claro";"Simples";"Curva";"Não";1;0;0;1;0;0;1;1;-19,72961031;-46,0185403;"SPRF-MG";"DEL08-MG";"UOP02-DEL08-MG"
371736;2021-07-20;"terça-feira";"06:40:00";"RN";427;66,4;"JARDIM DO SERIDO";"Velocidade Incompatível";"Tombamento";"Com Vítimas Feridas";"Pleno dia";"Decrescente";"Céu Claro";"Simples";"Curva";"Não";1;0;1;0;0;0;1;1;-6,57662099;-36,83818817;"SPRF-RN";"DEL03-RN";"UOP01-DEL03-RN"
371738;2021-07-20;"terça-feira";"06:15:00";"RJ";116;200;"SEROPEDICA";"Reação tardia ou ineficiente do condutor";"Tombamento";"Com Vítimas Fatais";"Pleno dia";"Decrescente";"Céu Claro";"Dupla";"Reta";"Não";2;1;0;0;1;0;0;1;-22,7306082;-43,59401795;"SPRF-RJ";"DEL01-RJ";"UOP03-DEL01-RJ"
371744;2021-07-20;"terça-feira";"06:20:00";"MG";40;528;"CONTAGEM";"Ultrapassagem Indevida";"Colisão lateral mesmo sentido";"Com Vítimas Fatais";"Pleno dia";"Crescente";"Céu Claro";"Múltipla";"Aclive";"Sim";3;1;0;0;1;1;0;3;-19,90968333;-44,04409833;"SPRF-MG";"DEL01-MG";"UOP02-DEL01-MG"
371750;2021-06-25;"sexta-feira";"18:00:00";"PE";316;100;"OURICURI";"Transitar na contramão";"Colisão frontal";"Com Vítimas Fatais";"Plena Noite";"Crescente";"Céu Claro";"Simples";"Reta";"Não";3;1;1;0;1;0;1;3;-7,93798009;-39,94691304;"SPRF-PE";"DEL05-PE";"UOP02-DEL05-PE"
371753;2021-07-12;"segunda-feira";"16:30:00";"MG";381;932;"EXTREMA";"Acessar a via sem observar a presença dos outros veículos";"Atropelamento de Pedestre";"Com Vítimas Fatais";"Pleno dia";"Decrescente";"Céu Claro";"Dupla";"Curva";"Não";2;1;0;0;0;1;0;2;-22,81198015;-46,28431295;"SPRF-MG";"DEL16-MG";"UOP03-DEL16-MG"
371754;2021-07-20;"terça-feira";"07:30:00";"PR";277;635;"CEU AZUL";"Acessar a via sem observar a presença dos outros veículos";"Colisão lateral mesmo sentido";"Sem Vítimas";"Pleno dia";"Crescente";"Céu Claro";"Simples";"Reta";"Sim";3;0;0;0;3;0;0;2;-25,14012;-53,829641;"SPRF-PR";"DEL05-PR";"UOP02-DEL05-PR"
371756;2021-07-20;"terça-feira";"06:40:00";"PI";222;66,2;"PIRIPIRI";"Transitar na contramão";"Colisão frontal";"Com Vítimas Fatais";"Pleno dia";"Crescente";"Céu Claro";"Simples";"Reta";"Não";3;1;0;0;1;1;0;3;-4,23257875;-41,7010323;"SPRF-PI";"DEL02-PI";"UOP01-DEL02-PI"
371759;2021-05-04;"terça-feira";"10:10:00";"RS";392;306,6;"SAO SEPE";"Ausência de reação do condutor";"Colisão frontal";"Com Vítimas Fatais";"Pleno dia";"Crescente";"Nublado";"Simples";"Reta";"Não";4;1;0;0;2;1;0;3;-30,09637782;-53,63297364;"SPRF-RS";"DEL09-RS";"UOP01-DEL09-RS"
371760;2021-07-08;"quinta-feira";"08:30:00";"RS";392;5,5;"RIO GRANDE";"Acessar a via sem observar a presença dos outros veículos";"Colisão lateral mesmo sentido";"Com Vítimas Feridas";"Pleno dia";"Decrescente";"Nevoeiro/Neblina";"Simples";"Curva";"Sim";4;0;0;1;1;2;1;4;-32,0768787734;-52,1016662658;"SPRF-RS";"DEL07-RS";"UOP02-DEL07-RS"
371761;2021-07-20;"terça-feira";"08:35:00";"PE";423;78,2;"JUCATI";"Reação tardia ou ineficiente do condutor";"Engavetamento";"Com Vítimas Feridas";"Pleno dia";"Crescente";"Chuva";"Simples";"Reta";"Não";9;0;4;0;5;0;4;5;-8,74910298;-36,43120556;"SPRF-PE";"DEL03-PE";"UOP01-DEL03-PE"
371764;2021-07-20;"terça-feira";"05:30:00";"RO";364;347;"JI-PARANA";"Condutor deixou de manter distância do veículo da frente";"Colisão lateral mesmo sentido";"Com Vítimas Feridas";"Amanhecer";"Crescente";"Céu Claro";"Simples";"Reta;Aclive";"Sim";2;0;1;0;1;0;1;2;-10,86070186;-61,9761549;"SPRF-RO";"DEL02-RO";"UOP01-DEL02-RO"
371768;2021-05-29;"sábado";"09:50:00";"GO";60;95;"ANAPOLIS";"Reação tardia ou ineficiente do condutor";"Colisão traseira";"Com Vítimas Feridas";"Pleno dia";"Crescente";"Céu Claro";"Dupla";"Declive;Reta;Interseção de Vias";"Sim";3;0;2;0;1;0;2;2;-16,3679;-48,939;"SPRF-GO";"DEL02-GO";"UOP01-DEL02-GO"
371774;2021-06-25;"sexta-feira";"18:45:00";"SC";470;5;"NAVEGANTES";"Condutor deixou de manter distância do veículo da frente";"Colisão traseira";"Sem Vítimas";"Plena Noite";"Decrescente";"Nublado";"Dupla";"Reta";"Sim";2;0;0;0;2;0;0;2;-26,855688;-48,700333;"SPRF-SC";"DEL04-SC";"UOP04-DEL04-SC"
371778;2021-07-20;"terça-feira";"10:15:00";"PR";376;651,8;"TIJUCAS DO SUL";"Manobra de mudança de faixa";"Colisão lateral mesmo sentido";"Com Vítimas Feridas";"Pleno dia";"Crescente";"Céu Claro";"Dupla";"Reta";"Não";4;0;2;0;2;0;2;2;-25,8461583;-49,068884;"SPRF-PR";"DEL01-PR";"UOP04-DEL01-PR"
371783;2021-07-20;"terça-feira";"06:50:00";"SC";282;498,9;"XANXERE";"Condutor deixou de manter distância do veículo da frente";"Colisão traseira";"Com Vítimas Feridas";"Pleno dia";"Crescente";"Sol";"Simples";"Reta;Declive";"Sim";4;0;1;0;2;1;1;4;-26,87978;-52,353825;"SPRF-SC";"DEL07-SC";"UOP01-DEL07-SC"
371785;2021-06-05;"sábado";"02:50:00";"BA";101;782;"ITABELA";"Transitar na contramão";"Colisão frontal";"Com Vítimas Fatais";"Plena Noite";"Decrescente";"Chuva";"Simples";"Curva";"Não";2;1;0;0;0;1;0;2;-16,829111;-39,478765;"SPRF-BA";"DEL09-BA";"UOP01-DEL09-BA"
371786;2021-07-20;"terça-feira";"09:20:00";"RN";110;44;"MOSSORO";"Demais falhas mecânicas ou elétricas";"Colisão com objeto";"Com Vítimas Fatais";"Pleno dia";"Decrescente";"Céu Claro";"Simples";"Reta";"Não";3;1;0;0;1;1;0;3;-5,18717768;-37,30390524;"SPRF-RN";"DEL04-RN";"UOP01-DEL04-RN"
371787;2021-07-20;"terça-feira";"06:30:00";"CE";222;272;"COREAU";"Afundamento ou ondulação no pavimento";"Tombamento";"Com Vítimas Feridas";"Pleno dia";"Crescente";"Nublado";"Simples";"Reta";"Não";3;0;1;0;1;1;1;2;-3,76416585;-40,7490142;"SPRF-CE";"DEL04-CE";"UOP02-DEL04-CE"
371791;2021-07-09;"sexta-feira";"16:20:00";"PB";426;76,9;"PIANCO";"Conversão proibida";"Colisão traseira";"Com Vítimas Feridas";"Pleno dia";"Crescente";"Céu Claro";"Simples";"Reta";"Não";5;0;0;1;4;0;1;2;-7,27541468;-37,9544653;"SPRF-PB";"DEL03-PB";"UOP01-DEL03-PB"