"id";"data_inversa";"dia_semana";"horario";"uf";"br";"km";"municipio";"causa_acidente";"tipo_acidente";"classificacao_acidente";"fase_dia";"sentido_via";"condicao_metereologica";"tipo_pista";"tracado_via";"uso_solo";"pessoas";"mortos";"feridos_leves";"feridos_graves";"ilesos";"ignorados";"feridos";"veiculos";"latitude";"longitude";"regional";"delegacia";"uop"
372083;2021-07-21;"quarta-feira";"21:00:00";"PA";10;217,3;"IPIXUNA DO PARA";"Ultrapassagem Indevida";"Saída de leito carroçável";"Com Vítimas Feridas";"Plena Noite";"Crescente";"Céu Claro";"Simples";"Reta;Aclive";"Não";2;0;1;0;0;1;1;2;-2,53072311;-47,50173226;"SPRF-PA";"DEL02-PA";"UOP01-DEL02-PA"
372089;2021-07-21;"quarta-feira";"23:20:00";"RS";285;294,9;"PASSO FUNDO";"Velocidade Incompatível";"Colisão traseira";"Com Vítimas Feridas";"Plena Noite";"Crescente";"Céu Claro";"Simples";"Reta";"Não";5;0;3;0;1;1;3;3;-28,234547;-52,384975;"SPRF-RS";"DEL08-RS";"UOP03-DEL08-RS"
372091;2021-07-21;"quarta-feira";"20:40:00";"MS";163;389,6;"NOVA ALVORADA DO SUL";"Ultrapassagem Indevida";"Colisão lateral mesmo sentido";"Sem Vítimas";"Plena Noite";"Crescente";"Céu Claro";"Simples";"Declive";"Não";6;0;0;0;5;4;0;7;-21,26323913;-54,44580945;"SPRF-MS";"DEL02-MS";"UOP01-DEL02-MS"
372093;2021-07-22;"quinta-feira";"00:10:00";"SP";116;332;"JUQUITIBA";"Reação tardia ou ineficiente do condutor";"Tombamento";"Sem Vítimas";"Plena Noite";"Decrescente";"Garoa/Chuvisco";"Dupla";"Curva";"Não";2;0;0;0;1;1;0;2;-23,95597045;-47,1100868;"SPRF-SP";"DEL04-SP";"UOP01-DEL04-SP"
372094;2021-07-21;"quarta-feira";"23:30:00";"BA";116;834,8;"VITORIA DA CONQUISTA";"Condutor deixou de manter distância do veículo da frente";"Colisão traseira";"Sem Vítimas";"Plena Noite";"Decrescente";"Céu Claro";"Simples";"Reta";"Não";2;0;0;0;2;0;0;2;-14,95324331;-40,9012413;"SPRF-BA";"DEL08-BA";"UOP01-DEL08-BA"
372098;2021-07-21;"quarta-feira";"23:40:00";"PB";101;112,6;"ALHANDRA";"Reação tardia ou ineficiente do condutor";"Colisão traseira";"Com Vítimas Feridas";"Plena Noite";"Decrescente";"Chuva";"Dupla";"Reta";"Não";2;0;0;1;1;0;1;2;-7,37442516;-34,95536204;"SPRF-PB";"DEL01-PB";"UOP02-DEL01-PB"
372106;2021-07-22;"quinta-feira";"03:15:00";"SC";101;18,5;"JOINVILLE";"Entrada inopinada do pedestre";"Atropelamento de Pedestre";"Com Vítimas Fatais";"Plena Noite";"Crescente";"Céu Claro";"Dupla";"Curva";"Não";2;1;0;0;1;0;0;2;-26,1309817;-48,8935699;"SPRF-SC";"DEL03-SC";"UOP01-DEL03-SC"
372107;2021-07-21;"quarta-feira";"19:45:00";"BA";407;188;"PONTO NOVO";"Transitar na contramão";"Colisão frontal";"Com Vítimas Feridas";"Plena Noite";"Crescente";"Nublado";"Simples";"Reta";"Sim";3;0;0;1;1;1;1;3;-11,00104201;-40,10087918;"SPRF-BA";"DEL04-BA";"UOP02-DEL04-BA"
372112;2021-07-22;"quinta-feira";"05:50:00";"RN";406;146,7;"CEARA-MIRIM";"Ausência de reação do condutor";"Saída de leito carroçável";"Com Vítimas Feridas";"Pleno dia";"Decrescente";"Céu Claro";"Simples";"Reta";"Não";1;0;1;0;0;0;1;1;-5,64619702;-35,459121;"SPRF-RN";"DEL02-RN";"UOP01-DEL02-RN"
372114;2021-07-22;"quinta-feira";"07:05:00";"PR";277;638;"CEU AZUL";"Ultrapassagem Indevida";"Colisão lateral mesmo sentido";"Com Vítimas Feridas";"Pleno dia";"Decrescente";"Céu Claro";"Simples";"Curva";"Sim";2;0;1;0;1;0;1;2;-25,1578934;-53,85103257;"SPRF-PR";"DEL05-PR";"UOP02-DEL05-PR"
372120;2021-07-22;"quinta-feira";"06:45:00";"RJ";116;165;"RIO DE JANEIRO";"Reação tardia ou ineficiente do condutor";"Engavetamento";"Com Vítimas Fatais";"Amanhecer";"Decrescente";"Céu Claro";"Múltipla";"Reta";"Sim";7;2;0;0;4;1;0;6;-22,81074068;-43,28844363;"SPRF-RJ";"DEL01-RJ";"UOP01-DEL01-RJ"
372122;2021-07-15;"quinta-feira";"05:45:00";"PR";163;274;"QUATRO PONTES";"Transitar no acostamento";"Colisão lateral mesmo sentido";"Com Vítimas Feridas";"Plena Noite";"Crescente";"Céu Claro";"Dupla";"Reta";"Não";7;0;0;1;4;3;1;4;-24,60929314;-53,96231174;"SPRF-PR";"DEL06-PR";"UOP02-DEL06-PR"
372128;2021-07-22;"quinta-feira";"08:25:00";"SC";101;198;"SAO JOSE";"Acessar a via sem observar a presença dos outros veículos";"Colisão transversal";"Com Vítimas Feridas";"Pleno dia";"Decrescente";"Céu Claro";"Múltipla";"Reta";"Sim";4;0;1;0;2;1;1;3;-27,52658712;-48,63506019;"SPRF-SC";"DEL01-SC";"UOP01-DEL01-SC"
372140;2021-07-22;"quinta-feira";"07:15:00";"PR";369;22,5;"CAMBARA";"Desrespeitar a preferência no cruzamento";"Colisão transversal";"Com Vítimas Feridas";"Amanhecer";"Crescente";"Vento";"Simples";"Curva;Interseção de Vias;Declive";"Não";6;0;3;0;2;1;3;3;-23,04314819;-50,10407209;"SPRF-PR";"DEL07-PR";"UOP01-DEL07-PR"
372143;2021-07-22;"quinta-feira";"08:30:00";"PR";376;326,9;"ORTIGUEIRA";"Velocidade Incompatível";"Tombamento";"Com Vítimas Feridas";"Pleno dia";"Crescente";"Céu Claro";"Simples";"Curva";"Não";2;0;1;0;0;1;1;2;-24,06621472;-51,06445313;"SPRF-PR";"DEL07-PR";"UOP02-DEL07-PR"
372146;2021-07-22;"quinta-feira";"07:10:00";"PR";376;598,2;"CURITIBA";"Reação tardia ou ineficiente do condutor";"Saída de leito carroçável";"Com Vítimas Feridas";"Pleno dia";"Decrescente";"Nevoeiro/Neblina";"Dupla";"Reta";"Sim";5;0;4;0;0;1;4;4;-25,5188802;-49,33506947;"SPRF-PR";"DEL01-PR";"UOP01-DEL01-PR"
372150;2021-07-22;"quinta-feira";"10:45:00";"RJ";101;42;"CAMPOS DOS GOYTACAZES";"Acessar a via sem observar a presença dos outros veículos";"Colisão transversal";"Sem Vítimas";"Pleno dia";"Decrescente";"Céu Claro";"Simples";"Reta;Declive";"Não";3;0;0;0;3;0;0;2;-21,56357908;-41,32424043;"SPRF-RJ";"DEL08-RJ";"UOP01-DEL08-RJ"
372156;2021-07-22;"quinta-feira";"09:55:00";"SC";470;253;"CURITIBANOS";"Pista esburacada";"Colisão lateral mesmo sentido";"Com Vítimas Feridas";"Pleno dia";"Decrescente";"Céu Claro";"Simples";"Declive;Reta";"Não";2;0;1;0;1;0;1;2;-27,312477;-50,600216;"SPRF-SC";"DEL05-SC";"UOP03-DEL05-SC"
372158;2021-07-22;"quinta-feira";"10:30:00";"MG";365;397,8;"PATOS DE MINAS";"Condutor deixou de manter distância do veículo da frente";"Colisão traseira";"Sem Vítimas";"Pleno dia";"Crescente";"Sol";"Simples";"Aclive";"Não";5;0;0;0;4;1;0;3;-18,62583074;-46,39366503;"SPRF-MG";"DEL10-MG";"UOP01-DEL10-MG"
372159;2021-07-22;"quinta-feira";"11:55:00";"SC";101;214;"PALHOCA";"Manobra de mudança de faixa";"Colisão lateral mesmo sentido";"Com Vítimas Feridas";"Pleno dia";"Decrescente";"Céu Claro";"Múltipla";"Reta";"Sim";2;0;1;0;1;0;1;2;-27,64443;-48,67057;"SPRF-SC";"DEL01-SC";"UOP02-DEL01-SC"
372160;2021-07-22;"quinta-feira";"11:10:00";"MG";381;487,8;"BETIM";"Estacionar ou parar em local proibido";"Colisão traseira";"Com Vítimas Feridas";"Pleno dia";"Decrescente";"Céu Claro";"Múltipla";"Curva;Declive";"Sim";9;0;1;0;5;5;1;11;-19,9576984;-44,12190914;"SPRF-MG";"DEL01-MG";"UOP03-DEL01-MG"
372166;2021-07-22;"quinta-feira";"11:25:00";"SC";116;251;"LAGES";"Acessar a via sem observar a presença dos outros veículos";"Colisão transversal";"Com Vítimas Feridas";"Pleno dia";"Crescente";"Sol";"Simples";"Reta";"Não";6;0;2;1;2;1;3;3;-27,84512201;-50,37880391;"SPRF-SC";"DEL05-SC";"UOP02-DEL05-SC"
372167;2021-07-14;"quarta-feira";"16:30:00";"MG";251;244;"SANTA CRUZ DE SALINAS";"Condutor deixou de manter distância do veículo da frente";"Saída de leito carroçável";"Com Vítimas Feridas";"Pleno dia";"Decrescente";"Nublado";"Simples";"Reta";"Não";2;0;1;0;0;1;1;2;-15,99631523;-41,81705475;"SPRF-MG";"DEL11-MG";"UOP02-DEL11-MG"
372168;2021-07-22;"quinta-feira";"13:20:00";"MG";381;524,5;"BRUMADINHO";"Demais falhas mecânicas ou elétricas";"Colisão traseira";"Com Vítimas Feridas";"Pleno dia";"Crescente";"Céu Claro";"Dupla";"Curva";"Não";2;0;1;0;1;0;1;2;-20,160736;-44,329843;"SPRF-MG";"DEL04-MG";"UOP03-DEL04-MG"
372170;2021-07-22;"quinta-feira";"13:00:00";"SP";116;347;"MIRACATU";"Avarias e/ou desgaste excessivo no pneu";"Tombamento";"Com Vítimas Feridas";"Pleno dia";"Crescente";"Céu Claro";"Dupla";"Aclive;Curva";"Não";1;0;1;0;0;0;1;1;-24,04699491;-47,19706111;"SPRF-SP";"DEL04-SP";"UOP02-DEL04-SP"
372171;2021-07-22;"quinta-feira";"12:00:00";"RJ";116;114,9;"MAGE";"Conversão proibida";"Colisão transversal";"Com Vítimas Feridas";"Pleno dia";"Crescente";"Céu Claro";"Dupla";"Reta";"Não";2;0;1;0;1;0;1;2;-22,5800951898;-43,0114957958;"SPRF-RJ";"DEL04-RJ";"UOP02-DEL04-RJ"
372173;2021-07-22;"quinta-feira";"08:00:00";"AC";317;264,5;"EPITACIOLANDIA";"Problema com o freio";"Colisão traseira";"Com Vítimas Feridas";"Pleno dia";"Crescente";"Céu Claro";"Simples";"Reta;Em Obras;Desvio Temporário";"Não";6;0;3;0;2;2;3;5;-10,898258;-68,552892;"SPRF-AC";"DEL01-AC";"UOP02-DEL01-AC"
372174;2021-07-22;"quinta-feira";"12:30:00";"BA";116;394;"SANTA BARBARA";"Condutor deixou de manter distância do veículo da frente";"Colisão traseira";"Com Vítimas Feridas";"Pleno dia";"Decrescente";"Chuva";"Dupla";"Reta";"Sim";3;0;1;0;2;0;1;2;-11,97439801;-38,97240143;"SPRF-BA";"DEL02-BA";"UOP01-DEL02-BA"
372177;2021-07-22;"quinta-feira";"10:30:00";"MA";135;255,8;"CAPINZAL DO NORTE";"Demais falhas mecânicas ou elétricas";"Colisão com objeto";"Sem Vítimas";"Pleno dia";"Decrescente";"Céu Claro";"Simples";"Reta";"Sim";3;0;0;0;2;2;0;4;-4,61419107;-44,3429486;"SPRF-MA";"DEL03-MA";"UOP01-DEL03-MA"
372179;2021-01-03;"domingo";"17:50:00";"MG";116;378,1;"MATHIAS LOBATO";"Velocidade Incompatível";"Colisão frontal";"Com Vítimas Feridas";"Anoitecer";"Decrescente";"Nublado";"Simples";"Curva";"Não";5;0;3;0;1;1;3;3;-18,6073651;-41,92702761;"SPRF-MG";"DEL06-MG";"UOP01-DEL06-MG"
372183;2021-07-22;"quinta-feira";"14:30:00";"MA";135;5,6;"SAO LUIS";"Reação tardia ou ineficiente do condutor";"Colisão lateral mesmo sentido";"Sem Vítimas";"Pleno dia";"Decrescente";"Céu Claro";"Dupla";"Reta";"Sim";3;0;0;0;2;1;0;2;-2,62640002;-44,26137328;"SPRF-MA";"DEL01-MA";"UOP01-DEL01-MA"
372184;2021-07-22;"quinta-feira";"14:00:00";"MS";60;412,2;"SIDROLANDIA";"Demais falhas mecânicas ou elétricas";"Incêndio";"Sem Vítimas";"Pleno dia";"Decrescente";"Céu Claro";"Simples";"Reta";"Não";2;0;0;0;1;2;0;3;-20,8900027019;-54,847418089;"SPRF-MS";"DEL01-MS";"UOP04-DEL01-MS"
372186;2021-07-22;"quinta-feira";"14:50:00";"SC";101;216,4;"PALHOCA";"Retorno proibido";"Colisão com objeto";"Sem Vítimas";"Pleno dia";"Crescente";"Céu Claro";"Múltipla";"Curva;Viaduto";"Sim";2;0;0;0;1;1;0;2;-27,68016954;-48,66903126;"SPRF-SC";"DEL01-SC";"UOP02-DEL01-SC"
372187;2021-07-22;"quinta-feira";"14:15:00";"GO";153;606,3;"MORRINHOS";"Condutor deixou de manter distância do veículo da frente";"Colisão traseira";"Com Vítimas Fatais";"Pleno dia";"Crescente";"Céu Claro";"Dupla";"Aclive";"Não";3;1;0;0;1;2;0;4;-17,6034;-49,1878;"SPRF-GO";"DEL03-GO";"UOP01-DEL03-GO"
372188;2021-07-22;"quinta-feira";"15:40:00";"SE";101;89;"NOSSA SENHORA DO SOCORRO";"Demais falhas mecânicas ou elétricas";"Colisão com objeto";"Com Vítimas Feridas";"Pleno dia";"Decrescente";"Sol";"Dupla";"Reta";"Sim";2;0;1;0;1;0;1;2;-10,88051024;-37,13355535;"SPRF-SE";"DEL01-SE";"UOP01-DEL01-SE"
372189;2021-07-22;"quinta-feira";"15:20:00";"MG";381;278;"JAGUARACU";"Velocidade Incompatível";"Colisão traseira";"Com Vítimas Feridas";"Pleno dia";"Crescente";"Céu Claro";"Simples";"Reta";"Não";6;0;2;0;3;1;2;3;-19,59742113;-42,74660193;"SPRF-MG";"DEL03-MG";"UOP02-DEL03-MG"
372190;2021-07-22;"quinta-feira";"14:30:00";"MA";316;556,3;"CAXIAS";"Demais falhas mecânicas ou elétricas";"Incêndio";"Sem Vítimas";"Pleno dia";"Decrescente";"Sol";"Simples";"Reta";"Não";2;0;0;0;1;1;0;2;-4,879539;-43,317741;"SPRF-MA";"DEL03-MA";"UOP02-DEL03-MA"
372191;2021-07-22;"quinta-feira";"15:50:00";"SP";116;214;"GUARULHOS";"Velocidade Incompatível";"Colisão transversal";"Sem Vítimas";"Pleno dia";"Decrescente";"Nublado";"Múltipla";"Reta";"Sim";3;0;0;0;2;1;0;3;-23,44333014;-46,44531294;"SPRF-SP";"DEL01-SP";"UOP01-DEL01-SP"
372198;2021-07-22;"quinta-feira";"14:20:00";"AC";364;121;"RIO BRANCO";"Problema com o freio";"Colisão transversal";"Com Vítimas Feridas";"Pleno dia";"Decrescente";"Céu Claro";"Simples";"Rotatória";"Sim";2;0;1;0;1;0;1;2;-10,01209268;-67,764365;"SPRF-AC";"DEL01-AC";"UOP01-DEL01-AC"
372201;2021-07-22;"quinta-feira";"14:30:00";"MT";364;227;"RONDONOPOLIS";"Ingestão de álcool pelo condutor";"Tombamento";"Sem Vítimas";"Pleno dia";"Crescente";"Céu Claro";"Dupla";"Curva";"Não";2;0;0;0;1;2;0;3;-16,29044795;-54,76386888;"SPRF-MT";"DEL02-MT";"UOP01-DEL02-MT"
372203;2021-07-22;"quinta-feira";"15:30:00";"MT";70;523;"VARZEA GRANDE";"Acesso irregular";"Colisão transversal";"Com Vítimas Feridas";"Pleno dia";"Decrescente";"Céu Claro";"Simples";"Reta";"Sim";3;0;1;0;1;3;1;5;-15,69840852;-56,1655426;"SPRF-MT";"DEL01-MT";"UOP02-DEL01-MT"
372208;2021-07-22;"quinta-feira";"17:00:00";"MG";40;603,6;"CONGONHAS";"Velocidade Incompatível";"Colisão lateral mesmo sentido";"Com Vítimas Feridas";"Anoitecer";"Crescente";"Nublado";"Simples";"Declive;Curva";"Não";3;0;0;2;0;1;2;3;-20,45229244;-43,8410086;"SPRF-MG";"DEL05-MG";"UOP02-DEL05-MG"
372210;2021-07-05;"segunda-feira";"20:45:00";"RS";471;160,6;"RIO PARDO";"Ingestão de álcool pelo condutor";"Colisão lateral sentido oposto";"Com Vítimas Fatais";"Plena Noite";"Crescente";"Nevoeiro/Neblina";"Simples";"Reta";"Não";39;1;34;2;1;3;36;6;-29,905725;-52,391739;"SPRF-RS";"DEL02-RS";"UOP03-DEL02-RS"
372211;2021-07-22;"quinta-feira";"15:30:00";"AC";364;311;"SENA MADUREIRA";"Fumaça";"Saída de leito carroçável";"Com Vítimas Feridas";"Pleno dia";"Decrescente";"Céu Claro";"Simples";"Desvio Temporário";"Não";3;0;1;0;1;1;1;3;-8,97946602;-68,99139101;"SPRF-AC";"DEL01-AC";"UOP01-DEL01-AC"
372213;2021-07-22;"quinta-feira";"17:50:00";"GO";153;496,3;"GOIANIA";"Velocidade Incompatível";"Colisão lateral mesmo sentido";"Sem Vítimas";"Pleno dia";"Decrescente";"Sol";"Dupla";"Reta";"Sim";4;0;0;0;3;1;0;4;-16,6776;-49,2314;"SPRF-GO";"DEL01-GO";"UOP01-DEL01-GO"
372218;2021-07-22;"quinta-feira";"09:00:00";"PI";230;11;"FRONTEIRAS";"Reação tardia ou ineficiente do condutor";"Saída de leito carroçável";"Com Vítimas Feridas";"Pleno dia";"Crescente";"Céu Claro";"Simples";"Curva";"Não";2;0;1;0;0;1;1;2;-7,0849624;-40,55624506;"SPRF-PI";"DEL04-PI";"UOP03-DEL04-PI"
372224;2021-07-22;"quinta-feira";"18:30:00";"SC";280;21;"ARAQUARI";"Ausência de reação do condutor";"Colisão traseira";"Com Vítimas Feridas";"Anoitecer";"Crescente";"Céu Claro";"Simples";"Reta";"Não";3;0;0;1;1;4;1;6;-26,37043169;-48,69219602;"SPRF-SC";"DEL03-SC";"UOP03-DEL03-SC"
372226;2021-07-22;"quinta-feira";"17:10:00";"MG";251;296;"SALINAS";"Acessar a via sem observar a presença dos outros veículos";"Colisão traseira";"Com Vítimas Feridas";"Anoitecer";"Crescente";"Céu Claro";"Simples";"Reta";"Não";3;0;0;1;1;1;1;3;-16,104718;-42,21143201;"SPRF-MG";"DEL11-MG";"UOP02-DEL11-MG"
372233;2021-07-22;"quinta-feira";"16:45:00";"MG";262;418;"PARA DE MINAS";"Condutor deixou de manter distância do veículo da frente";"Colisão traseira";"Sem Vítimas";"Pleno dia";"Crescente";"Céu Claro";"Múltipla";"Interseção de Vias";"Não";2;0;0;0;2;0;0;2;-19,89963382;-44,69608755;"SPRF-MG";"DEL08-MG";"UOP03-DEL08-MG"
372242;2021-07-16;"sexta-feira";"22:10:00";"BA";242;360;"LENCOIS";"Acostamento em desnível";"Tombamento";"Com Vítimas Feridas";"Plena Noite";"Decrescente";"Céu Claro";"Simples";"Curva";"Não";2;0;1;0;0;2;1;3;-12,47211237;-41,45390511;"SPRF-BA";"DEL06-BA";"UOP01-DEL06-BA"
372243;2021-07-22;"quinta-feira";"20:15:00";"MG";50;117;"UBERABA";"Reação tardia ou ineficiente do condutor";"Colisão traseira";"Com Vítimas Feridas";"Plena Noite";"Decrescente";"Céu Claro";"Dupla";"Reta";"Não";3;0;0;1;1;2;1;4;-19,28290502;-48,12107706;"SPRF-MG";"DEL13-MG";"UOP01-DEL13-MG"
372246;2021-07-22;"quinta-feira";"21:10:00";"GO";153;608;"MORRINHOS";"Condutor usando celular";"Colisão traseira";"Com Vítimas Feridas";"Plena Noite";"Crescente";"Céu Claro";"Dupla";"Aclive";"Não";2;0;1;0;1;0;1;2;-17,6202;-49,1797;"SPRF-GO";"DEL03-GO";"UOP01-DEL03-GO"
372249;2021-07-22;"quinta-feira";"20:19:00";"PR";376;302,5;"MAUA DA SERRA";"Velocidade Incompatível";"Tombamento";"Com Vítimas Fatais";"Plena Noite";"Crescente";"Chuva";"Dupla";"Curva";"Não";2;1;0;0;0;1;0;2;-23,94255214;-51,12285589;"SPRF-PR";"DEL07-PR";"UOP02-DEL07-PR"
372266;2021-07-23;"sexta-feira";"00:15:00";"CE";116;375,5;"ICO";"Acessar a via sem observar a presença dos outros veículos";"Atropelamento de Pedestre";"Com Vítimas Feridas";"Plena Noite";"Crescente";"Céu Claro";"Simples";"Reta";"Sim";3;0;0;1;1;1;1;3;-6,3951252;-38,83101685;"SPRF-CE";"DEL05-CE";"UOP01-DEL05-CE"
372267;2021-07-22;"quinta-feira";"20:00:00";"AM";174;1045;"PRESIDENTE FIGUEIREDO";"Demais falhas mecânicas ou elétricas";"Eventos atípicos";"Sem Vítimas";"Plena Noite";"Crescente";"Céu Claro";"Simples";"Reta;Aclive";"Não";2;0;0;0;1;2;0;3;-1,62193206;-60,19556412;"SPRF-AM";"DEL01-AM";"UOP02-DEL01-AM"
372269;2021-07-23;"sexta-feira";"00:50:00";"MG";262;897,9;"CAMPO FLORIDO";"Ausência de reação do condutor";"Colisão lateral mesmo sentido";"Com Vítimas Feridas";"Plena Noite";"Crescente";"Céu Claro";"Dupla";"Reta";"Não";3;0;1;0;1;2;1;4;-19,76694276;-48,58091387;"SPRF-MG";"DEL13-MG";"UOP02-DEL13-MG"
372276;2021-07-23;"sexta-feira";"01:20:00";"MA";10;227;"GOVERNADOR EDISON LOBAO";"Condutor Dormindo";"Colisão frontal";"Com Vítimas Feridas";"Plena Noite";"Decrescente";"Céu Claro";"Simples";"Reta";"Não";5;0;0;3;1;1;3;3;-5,727686;-47,359859;"SPRF-MA";"DEL04-MA";"UOP01-DEL04-MA"
372279;2021-07-23;"sexta-feira";"04:30:00";"SC";101;117,9;"ITAJAI";"Velocidade Incompatível";"Colisão traseira";"Sem Vítimas";"Plena Noite";"Crescente";"Céu Claro";"Múltipla";"Reta";"Sim";3;0;0;0;1;2;0;3;-26,88747187;-48,72252969;"SPRF-SC";"DEL04-SC";"UOP04-DEL04-SC"
372280;2021-07-23;"sexta-feira";"01:45:00";"RO";364;228;"CACOAL";"Condutor Dormindo";"Saída de leito carroçável";"Com Vítimas Feridas";"Plena Noite";"Crescente";"Céu Claro";"Simples";"Reta";"Não";2;0;1;0;0;3;1;4;-11,49012091;-61,38047391;"SPRF-RO";"DEL02-RO";"UOP02-DEL02-RO"
372282;2021-07-23;"sexta-feira";"05:15:00";"SP";116;392,9;"MIRACATU";"Condutor Dormindo";"Colisão traseira";"Com Vítimas Feridas";"Plena Noite";"Decrescente";"Nublado";"Dupla";"Reta";"Não";3;0;1;0;1;2;1;4;-24,2823606;-47,4330272;"SPRF-SP";"DEL04-SP";"UOP02-DEL04-SP"
372284;2021-07-23;"sexta-feira";"03:40:00";"MA";222;384,2;"PINDARE-MIRIM";"Pista esburacada";"Tombamento";"Com Vítimas Feridas";"Plena Noite";"Decrescente";"Céu Claro";"Simples";"Reta";"Não";1;0;0;1;0;0;1;1;-3,83209686;-45,5001561;"SPRF-MA";"DEL02-MA";"UOP01-DEL02-MA"
372288;2021-07-23;"sexta-feira";"06:30:00";"PE";232;211,5;"PESQUEIRA";"Conversão proibida";"Colisão lateral mesmo sentido";"Com Vítimas Feridas";"Pleno dia";"Crescente";"Céu Claro";"Simples";"Declive";"Sim";3;0;1;0;1;3;1;5;-8,36899532;-36,70578682;"SPRF-PE";"DEL03-PE";"UOP02-DEL03-PE"
372304;2021-07-23;"sexta-feira";"05:30:00";"MS";163;732;"COXIM";"Declive acentuado";"Saída de leito carroçável";"Com Vítimas Feridas";"Amanhecer";"Decrescente";"Céu Claro";"Simples";"Reta";"Não";2;0;1;0;0;2;1;3;-18,49326992;-54,72854015;"SPRF-MS";"DEL06-MS";"UOP01-DEL06-MS"
372305;2021-07-23;"sexta-feira";"06:59:00";"SP";116;216;"GUARULHOS";"Condutor deixou de manter distância do veículo da frente";"Colisão traseira";"Com Vítimas Feridas";"Amanhecer";"Crescente";"Nublado";"Múltipla";"Declive";"Sim";3;0;1;1;1;0;2;3;-23,45056589;-46,46258105;"SPRF-SP";"DEL01-SP";"UOP01-DEL01-SP"
372307;2021-06-13;"domingo";"21:30:00";"RS";386;20;"FREDERICO WESTPHALEN";"Ingestão de álcool pelo condutor";"Colisão lateral sentido oposto";"Com Vítimas Feridas";"Plena Noite";"Decrescente";"Céu Claro";"Simples";"Curva";"Não";4;0;1;0;2;1;1;2;-27,264164;-53,344139;"SPRF-RS";"DEL08-RS";"UOP02-DEL08-RS"
372311;2021-07-23;"sexta-feira";"01:30:00";"MG";381;557;"ITAGUARA";"Condutor deixou de manter distância do veículo da frente";"Colisão traseira";"Com Vítimas Feridas";"Plena Noite";"Crescente";"Céu Claro";"Dupla";"Reta";"Não";3;0;1;0;1;2;1;4;-20,36904195;-44,46938756;"SPRF-MG";"DEL04-MG";"UOP03-DEL04-MG"
372313;2021-07-23;"sexta-feira";"08:10:00";"SP";116;15,8;"LAVRINHAS";"Curva acentuada";"Colisão lateral mesmo sentido";"Com Vítimas Feridas";"Pleno dia";"Crescente";"Sol";"Dupla";"Curva";"Não";3;0;1;0;1;1;1;3;-22,56007021;-44,82886594;"SPRF-SP";"DEL08-SP";"UOP02-DEL08-SP"
372330;2021-07-23;"sexta-feira";"11:20:00";"SC";101;206,4;"SAO JOSE";"Trafegar com motocicleta (ou similar) entre as faixas";"Colisão lateral mesmo sentido";"Com Vítimas Feridas";"Pleno dia";"Crescente";"Sol";"Múltipla";"Reta";"Sim";4;0;0;1;1;2;1;4;-27,59193546;-48,61824557;"SPRF-SC";"DEL01-SC";"UOP01-DEL01-SC"
372331;2021-07-23;"sexta-feira";"09:55:00";"MS";163;614;"SAO GABRIEL DO OESTE";"Acessar a via sem observar a presença dos outros veículos";"Colisão transversal";"Com Vítimas Feridas";"Pleno dia";"Crescente";"Céu Claro";"Simples";"Interseção de Vias";"Sim";3;0;1;0;1;1;1;3;-19,40628803;-54,56100005;"SPRF-MS";"DEL06-MS";"UOP02-DEL06-MS"
372333;2021-06-02;"quarta-feira";"01:55:00";"TO";153;506,3;"PARAISO DO TOCANTINS";"Pedestre andava na pista";"Atropelamento de Pedestre";"Com Vítimas Fatais";"Plena Noite";"Crescente";"Céu Claro";"Simples";"Reta";"Não";2;1;0;0;0;1;0;2;-10,254444;-48,87909303;"SPRF-TO";"DEL01-TO";"UOP01-DEL01-TO"
372334;2021-07-23;"sexta-feira";"11:42:00";"RJ";101;308;"SAO GONCALO";"Demais falhas mecânicas ou elétricas";"Eventos atípicos";"Sem Vítimas";"Pleno dia";"Crescente";"Céu Claro";"Dupla";"Reta";"Sim";1;0;0;0;1;0;0;1;-22,79309326;-43,02479595;"SPRF-RJ";"DEL02-RJ";"UOP02-DEL02-RJ"
372342;2021-01-06;"quarta-feira";"20:30:00";"PI";407;555;"PAULISTANA";"Avarias e/ou desgaste excessivo no pneu";"Saída de leito carroçável";"Com Vítimas Feridas";"Plena Noite";"Decrescente";"Céu Claro";"Simples";"Reta";"Não";3;0;0;3;0;0;3;1;-7,97951299;-41,18584094;"SPRF-PI";"DEL04-PI";"UOP01-DEL04-PI"
372347;2021-07-23;"sexta-feira";"12:55:00";"RN";406;56;"JANDAIRA";"Condutor Dormindo";"Saída de leito carroçável";"Com Vítimas Feridas";"Pleno dia";"Decrescente";"Céu Claro";"Simples";"Reta";"Não";2;0;1;0;0;2;1;3;-5,33246188;-36,17822895;"SPRF-RN";"DEL02-RN";"UOP01-DEL02-RN"
372348;2021-07-23;"sexta-feira";"12:18:00";"SP";381;88;"GUARULHOS";"Demais falhas mecânicas ou elétricas";"Colisão lateral mesmo sentido";"Sem Vítimas";"Pleno dia";"Crescente";"Céu Claro";"Dupla";"Reta";"Sim";6;0;0;0;5;1;0;5;-23,47469314;-46,56112919;"SPRF-SP";"DEL03-SP";"UOP01-DEL03-SP"
372351;2021-07-23;"sexta-feira";"12:20:00";"MT";163;828;"SINOP";"Demais falhas mecânicas ou elétricas";"Saída de leito carroçável";"Com Vítimas Feridas";"Pleno dia";"Decrescente";"Céu Claro";"Simples";"Reta";"Sim";3;0;2;0;0;2;2;3;-11,919008;-55,510411;"SPRF-MT";"DEL06-MT";"UOP01-DEL06-MT"