"id";"data_inversa";"dia_semana";"horario";"uf";"br";"km";"municipio";"causa_acidente";"tipo_acidente";"classificacao_acidente";"fase_dia";"sentido_via";"condicao_metereologica";"tipo_pista";"tracado_via";"uso_solo";"pessoas";"mortos";"feridos_leves";"feridos_graves";"ilesos";"ignorados";"feridos";"veiculos";"latitude";"longitude";"regional";"delegacia";"uop"
373171;2021-07-27;"terça-feira";"07:00:00";"SP";116;101;"PINDAMONHANGABA";"Demais Fenômenos da natureza";"Colisão lateral mesmo sentido";"Com Vítimas Feridas";"Pleno dia";"Decrescente";"Céu Claro";"Múltipla";"Aclive";"Não";2;0;1;0;1;0;1;2;-22,99074204;-45,48115098;"SPRF-SP";"DEL08-SP";"UOP01-DEL08-SP"
373173;2021-06-21;"segunda-feira";"11:10:00";"PI";316;47;"LAGOA DO PIAUI";"Demais Fenômenos da natureza";"Incêndio";"Sem Vítimas";"Pleno dia";"Decrescente";"Céu Claro";"Simples";"Reta";"Não";1;0;0;0;0;1;0;1;-5,46605702;-42,63591977;"SPRF-PI";"DEL01-PI";"UOP02-DEL01-PI"
373175;2021-07-27;"terça-feira";"05:15:00";"RS";386;407,3;"TRIUNFO";"Curva acentuada";"Colisão frontal";"Com Vítimas Fatais";"Plena Noite";"Decrescente";"Garoa/Chuvisco";"Simples";"Curva";"Não";4;2;0;0;1;1;0;3;-29,789094;-51,539829;"SPRF-RS";"DEL04-RS";"UOP02-DEL04-RS"
373180;2021-07-27;"terça-feira";"02:00:00";"MG";116;636,4;"DIVINO";"Velocidade Incompatível";"Tombamento";"Com Vítimas Feridas";"Plena Noite";"Crescente";"Nublado";"Simples";"Curva";"Não";2;0;0;1;0;1;1;2;-20,6269077;-42,22298361;"SPRF-MG";"DEL07-MG";"UOP03-DEL07-MG"
373182;2021-07-27;"terça-feira";"07:00:00";"DF";70;19;"BRASILIA";"Demais falhas mecânicas ou elétricas";"Colisão traseira";"Com Vítimas Feridas";"Pleno dia";"Crescente";"Céu Claro";"Dupla";"Reta";"Sim";5;0;1;0;4;0;1;5;-15,788868;-48,220242;"SPRF-DF";"DEL03-DF";"UOP02-DEL03-DF"
373186;2021-07-27;"terça-feira";"07:20:00";"GO";414;439;"ANAPOLIS";"Acessar a via sem observar a presença dos outros veículos";"Colisão lateral mesmo sentido";"Com Vítimas Feridas";"Pleno dia";"Crescente";"Céu Claro";"Simples";"Rotatória";"Sim";3;0;1;0;1;1;1;3;-16,28128823;-48,94258908;"SPRF-GO";"DEL02-GO";"UOP01-DEL02-GO"
373189;2021-07-27;"terça-feira";"08:15:00";"SP";116;210;"GUARULHOS";"Condutor deixou de manter distância do veículo da frente";"Colisão traseira";"Com Vítimas Feridas";"Pleno dia";"Crescente";"Sol";"Múltipla";"Reta";"Sim";5;0;3;0;2;0;3;2;-23,43133559;-46,4174509;"SPRF-SP";"DEL01-SP";"UOP01-DEL01-SP"
373200;2021-07-27;"terça-feira";"08:20:00";"RO";364;711;"PORTO VELHO";"Trafegar com motocicleta (ou similar) entre as faixas";"Colisão lateral mesmo sentido";"Com Vítimas Feridas";"Pleno dia";"Crescente";"Céu Claro";"Múltipla";"Interseção de Vias";"Sim";2;0;0;1;1;0;1;2;-8,77692424;-63,87270927;"SPRF-RO";"DEL01-RO";"UOP01-DEL01-RO"
373201;2021-07-27;"terça-feira";"09:20:00";"SP";116;99,4;"PINDAMONHANGABA";"Reação tardia ou ineficiente do condutor";"Colisão traseira";"Com Vítimas Feridas";"Pleno dia";"Crescente";"Céu Claro";"Dupla";"Reta";"Não";2;0;0;1;1;0;1;2;-22,98236971;-45,46436617;"SPRF-SP";"DEL08-SP";"UOP01-DEL08-SP"
373211;2021-07-27;"terça-feira";"10:42:00";"SC";101;103,1;"BALNEARIO PICARRAS";"Ausência de reação do condutor";"Colisão traseira";"Com Vítimas Feridas";"Pleno dia";"Decrescente";"Nublado";"Dupla";"Reta";"Sim";2;0;1;0;1;0;1;2;-26,7832381;-48,68314632;"SPRF-SC";"DEL03-SC";"UOP02-DEL03-SC"
373214;2021-07-27;"terça-feira";"11:30:00";"CE";116;13;"FORTALEZA";"Demais falhas mecânicas ou elétricas";"Colisão com objeto";"Sem Vítimas";"Pleno dia";"Decrescente";"Céu Claro";"Múltipla";"Reta";"Sim";1;0;0;0;1;0;0;1;-3,86265965;-38,49739194;"SPRF-CE";"DEL01-CE";"UOP02-DEL01-CE"
373217;2021-07-27;"terça-feira";"11:25:00";"SP";381;40;"ATIBAIA";"Acessar a via sem observar a presença dos outros veículos";"Colisão traseira";"Com Vítimas Feridas";"Pleno dia";"Decrescente";"Céu Claro";"Múltipla";"Reta";"Sim";2;0;1;0;1;0;1;2;-23,12997498;-46,5767598;"SPRF-SP";"DEL03-SP";"UOP01-DEL03-SP"
373220;2021-07-27;"terça-feira";"12:20:00";"ES";101;240,3;"SERRA";"Ingestão de álcool pelo condutor";"Colisão com objeto";"Sem Vítimas";"Pleno dia";"Decrescente";"Sol";"Simples";"Curva";"Não";3;0;0;0;1;2;0;3;-20,01594191;-40,40401764;"SPRF-ES";"DEL02-ES";"UOP01-DEL02-ES"
373224;2021-07-27;"terça-feira";"10:15:00";"MG";116;528,7;"CARATINGA";"Trafegar com motocicleta (ou similar) entre as faixas";"Colisão lateral mesmo sentido";"Com Vítimas Fatais";"Pleno dia";"Decrescente";"Céu Claro";"Dupla";"Reta";"Sim";3;1;0;0;2;0;0;3;-19,794033;-42,13731414;"SPRF-MG";"DEL06-MG";"UOP02-DEL06-MG"
373226;2021-07-27;"terça-feira";"08:40:00";"RS";290;368,8;"VILA NOVA DO SUL";"Pista em desnível";"Colisão frontal";"Com Vítimas Feridas";"Pleno dia";"Decrescente";"Céu Claro";"Simples";"Curva";"Não";3;0;1;0;1;1;1;3;-30,34354672;-53,85429382;"SPRF-RS";"DEL09-RS";"UOP02-DEL09-RS"
373227;2021-07-27;"terça-feira";"12:30:00";"MT";158;589,4;"AGUA BOA";"Condutor Dormindo";"Saída de leito carroçável";"Com Vítimas Feridas";"Pleno dia";"Decrescente";"Sol";"Simples";"Reta";"Não";1;0;1;0;0;0;1;1;-14,22521485;-52,18037076;"SPRF-MT";"DEL07-MT";"UOP02-DEL07-MT"
373230;2021-07-27;"terça-feira";"14:10:00";"SC";101;45,8;"JOINVILLE";"Manobra de mudança de faixa";"Colisão traseira";"Com Vítimas Feridas";"Pleno dia";"Crescente";"Chuva";"Dupla";"Reta;Aclive";"Sim";3;0;0;1;1;1;1;3;-26,32214492;-48,8689509;"SPRF-SC";"DEL03-SC";"UOP01-DEL03-SC"
373234;2021-07-27;"terça-feira";"10:00:00";"MT";364;349;"SANTO ANTONIO DO LEVERGER";"Reação tardia ou ineficiente do condutor";"Saída de leito carroçável";"Com Vítimas Feridas";"Pleno dia";"Crescente";"Céu Claro";"Dupla";"Curva";"Não";2;0;1;0;0;3;1;4;-15,80502622;-55,5546431;"SPRF-MT";"DEL05-MT";"UOP02-DEL05-MT"
373238;2021-07-27;"terça-feira";"12:00:00";"PR";369;143;"LONDRINA";"Velocidade Incompatível";"Colisão lateral mesmo sentido";"Com Vítimas Feridas";"Pleno dia";"Decrescente";"Céu Claro";"Dupla";"Reta";"Não";2;0;1;0;1;0;1;2;-23,29305758;-51,09808266;"SPRF-PR";"DEL07-PR";"UOP01-DEL07-PR"
373243;2021-07-27;"terça-feira";"15:50:00";"SC";280;22,2;"ARAQUARI";"Acessar a via sem observar a presença dos outros veículos";"Colisão transversal";"Com Vítimas Feridas";"Pleno dia";"Decrescente";"Chuva";"Simples";"Reta";"Não";2;0;1;0;1;0;1;2;-26,37092616;-48,70204099;"SPRF-SC";"DEL03-SC";"UOP03-DEL03-SC"
373244;2021-07-21;"quarta-feira";"19:20:00";"MS";163;408;"NOVA ALVORADA DO SUL";"Acesso irregular";"Tombamento";"Com Vítimas Feridas";"Plena Noite";"Crescente";"Céu Claro";"Simples";"Reta";"Não";2;0;1;0;0;1;1;2;-21,0946459;-54,48850214;"SPRF-MS";"DEL02-MS";"UOP01-DEL02-MS"
373245;2021-07-16;"sexta-feira";"06:00:00";"SC";470;16;"ILHOTA";"Transitar na contramão";"Colisão frontal";"Com Vítimas Fatais";"Plena Noite";"Decrescente";"Chuva";"Simples";"Desvio Temporário;Em Obras;Reta";"Não";9;1;3;1;1;3;4;6;-26,843019;-48,794434;"SPRF-SC";"DEL04-SC";"UOP04-DEL04-SC"
373247;2021-07-27;"terça-feira";"16:15:00";"RS";290;86;"PORTO ALEGRE";"Condutor deixou de manter distância do veículo da frente";"Engavetamento";"Sem Vítimas";"Pleno dia";"Decrescente";"Céu Claro";"Dupla";"Reta";"Sim";7;0;0;0;5;2;0;7;-29,967921;-51,125803;"SPRF-RS";"DEL01-RS";"UOP01-DEL01-RS"
373249;2021-07-27;"terça-feira";"16:00:00";"PR";116;71;"CAMPINA GRANDE DO SUL";"Velocidade Incompatível";"Colisão com objeto";"Com Vítimas Feridas";"Pleno dia";"Decrescente";"Garoa/Chuvisco";"Dupla";"Curva";"Sim";2;0;1;0;0;1;1;2;-25,34541756;-49,04488757;"SPRF-PR";"DEL01-PR";"UOP01-DEL01-PR"
373250;2021-07-27;"terça-feira";"15:30:00";"PR";376;615;"SAO JOSE DOS PINHAIS";"Condutor deixou de manter distância do veículo da frente";"Colisão traseira";"Com Vítimas Feridas";"Pleno dia";"Decrescente";"Garoa/Chuvisco";"Dupla";"Reta";"Sim";3;0;0;1;2;0;1;3;-25,57805955;-49,1787529;"SPRF-PR";"DEL01-PR";"UOP01-DEL01-PR"
373254;2021-07-27;"terça-feira";"16:35:00";"RS";470;211;"BENTO GONCALVES";"Velocidade Incompatível";"Tombamento";"Com Vítimas Feridas";"Pleno dia";"Crescente";"Céu Claro";"Simples";"Curva;Declive";"Não";2;0;0;1;0;1;1;2;-29,12453775;-51,54360394;"SPRF-RS";"DEL06-RS";"UOP01-DEL06-RS"
373260;2021-07-27;"terça-feira";"17:00:00";"PB";230;146,3;"CAMPINA GRANDE";"Reação tardia ou ineficiente do condutor";"Colisão lateral mesmo sentido";"Com Vítimas Feridas";"Anoitecer";"Decrescente";"Céu Claro";"Dupla";"Reta;Declive";"Não";2;0;1;0;0;1;1;2;-7,243766;-35,854587;"SPRF-PB";"DEL02-PB";"UOP01-DEL02-PB"
373261;2021-07-27;"terça-feira";"16:50:00";"RJ";101;143;"MACAE";"Velocidade Incompatível";"Colisão traseira";"Com Vítimas Fatais";"Pleno dia";"Crescente";"Nublado";"Dupla";"Curva";"Não";2;1;0;0;1;0;0;2;-22,20562678;-41,75124739;"SPRF-RJ";"DEL08-RJ";"UOP04-DEL08-RJ"
373262;2021-07-27;"terça-feira";"17:00:00";"PE";101;48;"ABREU E LIMA";"Trafegar com motocicleta (ou similar) entre as faixas";"Tombamento";"Com Vítimas Feridas";"Anoitecer";"Crescente";"Céu Claro";"Múltipla";"Reta";"Sim";2;0;0;1;1;0;1;2;-7,89174705;-34,9033493;"SPRF-PE";"DEL01-PE";"UOP02-DEL01-PE"
373264;2021-07-27;"terça-feira";"18:25:00";"PE";101;100,2;"CABO DE SANTO AGOSTINHO";"Ultrapassagem Indevida";"Colisão transversal";"Com Vítimas Feridas";"Plena Noite";"Crescente";"Nublado";"Simples";"Reta";"Sim";4;0;1;0;1;2;1;3;-8,28770021;-35,03980458;"SPRF-PE";"DEL01-PE";"UOP01-DEL01-PE"
373268;2021-07-27;"terça-feira";"15:30:00";"GO";70;299;"ITAPIRAPUA";"Demais falhas mecânicas ou elétricas";"Incêndio";"Sem Vítimas";"Pleno dia";"Crescente";"Céu Claro";"Simples";"Reta";"Não";2;0;0;0;1;2;0;3;-15,846493;-50,727888;"SPRF-GO";"DEL04-GO";"UOP01-DEL04-GO"
373273;2021-07-27;"terça-feira";"15:25:00";"SC";282;604,5;"MARAVILHA";"Acessar a via sem observar a presença dos outros veículos";"Colisão transversal";"Com Vítimas Feridas";"Pleno dia";"Crescente";"Céu Claro";"Simples";"Em Obras;Declive;Reta";"Sim";3;0;1;1;1;0;2;3;-26,78990427;-53,19464207;"SPRF-SC";"DEL07-SC";"UOP02-DEL07-SC"
373274;2021-07-27;"terça-feira";"18:30:00";"MS";163;512,3;"JARAGUARI";"Ausência de reação do condutor";"Colisão traseira";"Com Vítimas Feridas";"Plena Noite";"Decrescente";"Nublado";"Dupla";"Aclive";"Não";3;0;1;0;1;2;1;4;-20,221821;-54,475936;"SPRF-MS";"DEL01-MS";"UOP02-DEL01-MS"
373278;2021-07-27;"terça-feira";"19:20:00";"PR";116;67;"CAMPINA GRANDE DO SUL";"Acessar a via sem observar a presença dos outros veículos";"Eventos atípicos";"Com Vítimas Fatais";"Plena Noite";"Decrescente";"Nublado";"Dupla";"Reta";"Não";3;1;0;0;2;0;0;3;-25,31679789;-49,01854527;"SPRF-PR";"DEL01-PR";"UOP02-DEL01-PR"
373283;2021-07-27;"terça-feira";"18:45:00";"RR";210;367;"CARACARAI";"Acessar a via sem observar a presença dos outros veículos";"Colisão transversal";"Com Vítimas Fatais";"Anoitecer";"Decrescente";"Nublado";"Simples";"Reta";"Sim";2;1;0;0;1;0;0;2;1,904297;-61,111134;"SPRF-RR";"DEL01-RR";"UOP01-DEL01-RR"
373285;2021-07-27;"terça-feira";"17:00:00";"PI";407;422;"PICOS";"Pedestre andava na pista";"Atropelamento de Pedestre";"Com Vítimas Feridas";"Pleno dia";"Crescente";"Céu Claro";"Simples";"Reta";"Não";4;0;1;0;1;2;1;3;-7,07751993;-41,44205198;"SPRF-PI";"DEL04-PI";"UOP01-DEL04-PI"
373286;2021-07-27;"terça-feira";"20:10:00";"SC";280;50,2;"GUARAMIRIM";"Ausência de reação do condutor";"Saída de leito carroçável";"Com Vítimas Feridas";"Plena Noite";"Crescente";"Chuva";"Simples";"Reta";"Não";2;0;1;0;0;2;1;3;-26,4619489;-48,94618404;"SPRF-SC";"DEL03-SC";"UOP03-DEL03-SC"
373288;2021-07-27;"terça-feira";"20:40:00";"SP";116;9,1;"QUELUZ";"Reação tardia ou ineficiente do condutor";"Colisão traseira";"Com Vítimas Feridas";"Plena Noite";"Crescente";"Céu Claro";"Múltipla";"Reta";"Não";2;0;1;0;1;0;1;2;-22,540648;-44,779574;"SPRF-SP";"DEL08-SP";"UOP02-DEL08-SP"
373289;2021-07-27;"terça-feira";"21:00:00";"MG";40;572;"ITABIRITO";"Pedestre cruzava a pista fora da faixa";"Atropelamento de Pedestre";"Com Vítimas Fatais";"Plena Noite";"Decrescente";"Nublado";"Simples";"Reta";"Sim";2;1;0;0;1;0;0;2;-20,23058501;-43,96905104;"SPRF-MG";"DEL01-MG";"UOP02-DEL01-MG"
373291;2021-07-27;"terça-feira";"21:50:00";"MG";381;330;"NOVA ERA";"Acessar a via sem observar a presença dos outros veículos";"Colisão transversal";"Com Vítimas Feridas";"Plena Noite";"Decrescente";"Céu Claro";"Dupla";"Reta";"Sim";2;0;1;0;1;0;1;2;-19,78715144;-43,05117784;"SPRF-MG";"DEL03-MG";"UOP01-DEL03-MG"
373292;2021-07-27;"terça-feira";"21:30:00";"SC";470;139;"RIO DO SUL";"Ausência de reação do condutor";"Colisão frontal";"Com Vítimas Feridas";"Plena Noite";"Decrescente";"Nublado";"Simples";"Curva";"Não";4;0;1;1;1;1;2;3;-27,217564;-49,65461;"SPRF-SC";"DEL04-SC";"UOP02-DEL04-SC"
373298;2021-07-27;"terça-feira";"22:40:00";"PE";232;387,8;"SERRA TALHADA";"Demais falhas mecânicas ou elétricas";"Incêndio";"Sem Vítimas";"Plena Noite";"Crescente";"Céu Claro";"Simples";"Curva";"Não";2;0;0;0;1;1;0;2;-8,03271406;-38,11706543;"SPRF-PE";"DEL04-PE";"UOP01-DEL04-PE"
373299;2021-07-27;"terça-feira";"17:10:00";"MA";135;133,4;"MATOES DO NORTE";"Manobra de mudança de faixa";"Colisão frontal";"Com Vítimas Feridas";"Pleno dia";"Decrescente";"Sol";"Simples";"Reta";"Sim";3;0;1;1;1;0;2;2;-3,61694385;-44,55928568;"SPRF-MA";"DEL01-MA";"UOP02-DEL01-MA"
373300;2021-07-27;"terça-feira";"21:30:00";"GO";153;34;"PORANGATU";"Demais falhas na via";"Saída de leito carroçável";"Com Vítimas Feridas";"Plena Noite";"Crescente";"Céu Claro";"Simples";"Reta";"Não";1;0;1;0;0;0;1;1;-13,120278;-49,199387;"SPRF-GO";"DEL07-GO";"UOP01-DEL07-GO"
373302;2021-07-27;"terça-feira";"23:30:00";"MS";163;172;"JUTI";"Ingestão de álcool pelo condutor";"Saída de leito carroçável";"Sem Vítimas";"Plena Noite";"Decrescente";"Vento";"Simples";"Reta";"Sim";2;0;0;0;1;1;0;2;-22,86639411;-54,60935896;"SPRF-MS";"DEL09-MS";"UOP01-DEL09-MS"
373306;2021-07-27;"terça-feira";"23:30:00";"MG";116;33,1;"CACHOEIRA DE PAJEU";"Condutor Dormindo";"Colisão com objeto";"Com Vítimas Feridas";"Plena Noite";"Decrescente";"Céu Claro";"Simples";"Reta";"Não";2;0;1;0;0;2;1;3;-15,9245731;-41,39545358;"SPRF-MG";"DEL11-MG";"UOP02-DEL11-MG"
373307;2021-07-28;"quarta-feira";"00:20:00";"SC";101;97,6;"BALNEARIO PICARRAS";"Condutor Dormindo";"Saída de leito carroçável";"Com Vítimas Fatais";"Plena Noite";"Crescente";"Nublado";"Dupla";"Declive;Reta";"Não";3;1;0;0;0;2;0;3;-26,72823703;-48,70224928;"SPRF-SC";"DEL03-SC";"UOP02-DEL03-SC"
373309;2021-07-28;"quarta-feira";"03:15:00";"MG";381;941,3;"EXTREMA";"Condutor Dormindo";"Saída de leito carroçável";"Com Vítimas Feridas";"Plena Noite";"Decrescente";"Chuva";"Dupla";"Declive;Curva";"Não";2;0;1;0;0;1;1;2;-22,83025595;-46,31483674;"SPRF-MG";"DEL16-MG";"UOP03-DEL16-MG"
373312;2021-07-28;"quarta-feira";"05:00:00";"MG";381;496,5;"BETIM";"Ausência de reação do condutor";"Tombamento";"Com Vítimas Feridas";"Plena Noite";"Crescente";"Céu Claro";"Múltipla";"Curva";"Sim";1;0;1;0;0;0;1;1;-19,97722081;-44,19902802;"SPRF-MG";"DEL01-MG";"UOP03-DEL01-MG"
373313;2021-07-28;"quarta-feira";"06:00:00";"MG";381;491;"BETIM";"Manobra de mudança de faixa";"Colisão lateral mesmo sentido";"Com Vítimas Feridas";"Amanhecer";"Decrescente";"Céu Claro";"Dupla";"Reta";"Sim";2;0;1;0;0;1;1;2;-19,97018187;-44,18210416;"SPRF-MG";"DEL01-MG";"UOP03-DEL01-MG"
373330;2021-07-28;"quarta-feira";"07:20:00";"SC";282;529,7;"CORDILHEIRA ALTA";"Condutor usando celular";"Saída de leito carroçável";"Com Vítimas Feridas";"Pleno dia";"Crescente";"Céu Claro";"Simples";"Aclive;Curva";"Não";1;0;0;1;0;0;1;1;-26,982185;-52,59734;"SPRF-SC";"DEL07-SC";"UOP01-DEL07-SC"
373333;2021-07-28;"quarta-feira";"04:40:00";"RS";392;196,5;"SANTANA DA BOA VISTA";"Velocidade Incompatível";"Colisão com objeto";"Com Vítimas Feridas";"Plena Noite";"Decrescente";"Céu Claro";"Simples";"Declive;Curva";"Não";2;0;0;1;0;1;1;2;-30,89678807;-53,11510534;"SPRF-RS";"DEL09-RS";"UOP02-DEL09-RS"
373335;2021-07-28;"quarta-feira";"06:00:00";"PR";153;145;"VENTANIA";"Reação tardia ou ineficiente do condutor";"Colisão lateral sentido oposto";"Com Vítimas Feridas";"Amanhecer";"Crescente";"Céu Claro";"Simples";"Curva";"Não";3;0;1;0;0;3;1;4;-24,1186361;-50,24054206;"SPRF-PR";"DEL07-PR";"UOP04-DEL07-PR"
373337;2021-07-28;"quarta-feira";"06:50:00";"RJ";40;86;"PETROPOLIS";"Problema com o freio";"Tombamento";"Com Vítimas Feridas";"Amanhecer";"Crescente";"Nublado";"Simples";"Viaduto;Declive;Curva;Túnel";"Não";1;0;0;1;0;0;1;1;-22,53141678;-43,23600769;"SPRF-RJ";"DEL06-RJ";"UOP01-DEL06-RJ"
373338;2021-07-28;"quarta-feira";"07:30:00";"SC";101;382,4;"ICARA";"Estacionar ou parar em local proibido";"Colisão traseira";"Com Vítimas Feridas";"Pleno dia";"Decrescente";"Céu Claro";"Simples";"Reta";"Não";3;0;1;0;1;1;1;3;-28,75966988;-49,28552404;"SPRF-SC";"DEL02-SC";"UOP02-DEL02-SC"
373339;2021-07-27;"terça-feira";"05:00:00";"MA";230;527;"RIACHAO";"Demais falhas mecânicas ou elétricas";"Tombamento";"Com Vítimas Fatais";"Amanhecer";"Decrescente";"Céu Claro";"Simples";"Reta";"Não";2;1;0;0;1;0;0;2;-7,4110406;-47,06283001;"SPRF-MA";"DEL05-MA";"UOP01-DEL05-MA"
373340;2021-07-28;"quarta-feira";"05:30:00";"PR";272;399,8;"FAROL";"Animais na Pista";"Atropelamento de Animal";"Sem Vítimas";"Plena Noite";"Decrescente";"Nublado";"Simples";"Curva;Declive";"Não";2;0;0;0;1;1;0;2;-24,08926619;-52,6855829;"SPRF-PR";"DEL09-PR";"UOP03-DEL09-PR"
373341;2021-07-28;"quarta-feira";"08:15:00";"PA";316;79;"CASTANHAL";"Acessar a via sem observar a presença dos outros veículos";"Colisão transversal";"Sem Vítimas";"Pleno dia";"Crescente";"Céu Claro";"Simples";"Reta";"Sim";3;0;0;0;2;2;0;4;-1,30379211;-47,78865199;"SPRF-PA";"DEL01-PA";"UOP01-DEL01-PA"
373346;2021-07-28;"quarta-feira";"09:00:00";"GO";50;261;"CATALAO";"Condutor Dormindo";"Colisão com objeto";"Sem Vítimas";"Pleno dia";"Decrescente";"Céu Claro";"Dupla";"Reta";"Não";2;0;0;0;1;1;0;2;-18,0377;-47,853;"SPRF-GO";"DEL06-GO";"UOP01-DEL06-GO"
373348;2021-06-23;"quarta-feira";"18:05:00";"PB";405;18,3;"SAO JOAO DO RIO DO PEIXE";"Transitar na contramão";"Colisão frontal";"Com Vítimas Fatais";"Plena Noite";"Crescente";"Céu Claro";"Simples";"Curva";"Não";3;1;0;0;1;1;0;3;-6,601764;-38,410744;"SPRF-PB";"DEL03-PB";"UOP03-DEL03-PB"
373350;2021-07-28;"quarta-feira";"08:40:00";"MG";381;526;"BRUMADINHO";"Velocidade Incompatível";"Tombamento";"Com Vítimas Feridas";"Pleno dia";"Decrescente";"Céu Claro";"Dupla";"Curva";"Não";2;0;1;0;0;1;1;2;-20,16175378;-44,34144636;"SPRF-MG";"DEL04-MG";"UOP03-DEL04-MG"
373356;2021-07-28;"quarta-feira";"09:30:00";"PR";277;586;"CASCAVEL";"Condutor deixou de manter distância do veículo da frente";"Colisão traseira";"Com Vítimas Feridas";"Pleno dia";"Decrescente";"Céu Claro";"Simples";"Reta";"Sim";4;0;1;0;2;1;1;3;-24,9649472;-53,4210459;"SPRF-PR";"DEL04-PR";"UOP01-DEL04-PR"
373361;2021-07-28;"quarta-feira";"09:50:00";"MS";262;514,3;"ANASTACIO";"Animais na Pista";"Colisão traseira";"Com Vítimas Feridas";"Pleno dia";"Decrescente";"Nublado";"Simples";"Reta";"Não";4;0;1;0;2;7;1;10;-20,43864388;-56,02555292;"SPRF-MS";"DEL03-MS";"UOP01-DEL03-MS"
373362;2021-07-28;"quarta-feira";"06:20:00";"PA";10;253,4;"AURORA DO PARA";"Ultrapassagem Indevida";"Colisão traseira";"Com Vítimas Fatais";"Pleno dia";"Crescente";"Céu Claro";"Simples";"Reta;Aclive";"Não";4;1;0;0;1;2;0;4;-2,22259399;-47,56226424;"SPRF-PA";"DEL02-PA";"UOP01-DEL02-PA"
373365;2021-07-28;"quarta-feira";"07:20:00";"BA";407;138;"SENHOR DO BONFIM";"Velocidade Incompatível";"Colisão traseira";"Com Vítimas Feridas";"Pleno dia";"Crescente";"Céu Claro";"Simples";"Reta";"Sim";9;0;1;0;7;1;1;4;-10,55096499;-40,13701592;"SPRF-BA";"DEL04-BA";"UOP01-DEL04-BA"
373368;2021-07-28;"quarta-feira";"09:30:00";"PR";277;304;"PRUDENTOPOLIS";"Demais falhas mecânicas ou elétricas";"Tombamento";"Sem Vítimas";"Pleno dia";"Decrescente";"Céu Claro";"Simples";"Reta";"Não";2;0;0;0;2;0;0;1;-25,31294654;-51,17844701;"SPRF-PR";"DEL08-PR";"UOP01-DEL08-PR"
373369;2021-07-28;"quarta-feira";"11:35:00";"MS";262;468,1;"AQUIDAUANA";"Afundamento ou ondulação no pavimento";"Saída de leito carroçável";"Sem Vítimas";"Pleno dia";"Decrescente";"Céu Claro";"Simples";"Declive";"Não";2;0;0;0;2;0;0;2;-20,51817542;-55,60770222;"SPRF-MS";"DEL03-MS";"UOP01-DEL03-MS"
373370;2021-07-28;"quarta-feira";"11:00:00";"MT";364;70;"ALTO GARCAS";"Problema com o freio";"Incêndio";"Sem Vítimas";"Pleno dia";"Crescente";"Céu Claro";"Simples";"Reta";"Não";2;0;0;0;1;2;0;3;-16,91365774;-53,62771891;"SPRF-MT";"DEL02-MT";"UOP02-DEL02-MT"
373375;2021-07-28;"quarta-feira";"12:30:00";"RJ";116;248;"PIRAI";"Velocidade Incompatível";"Colisão lateral mesmo sentido";"Sem Vítimas";"Pleno dia";"Crescente";"Chuva";"Dupla";"Curva";"Não";6;0;0;0;5;2;0;7;-22,59976123;-43,94042912;"SPRF-RJ";"DEL07-RJ";"UOP01-DEL07-RJ"
373380;2021-07-09;"sexta-feira";"17:40:00";"SC";101;112,5;"ITAJAI";"Trafegar com motocicleta (ou similar) entre as faixas";"Tombamento";"Com Vítimas Feridas";"Anoitecer";"Crescente";"Céu Claro";"Dupla";"Reta";"Não";3;0;1;0;1;1;1;3;-26,84589005;-48,72131295;"SPRF-SC";"DEL04-SC";"UOP04-DEL04-SC"
373385;2021-07-28;"quarta-feira";"12:00:00";"MG";116;777,4;"LEOPOLDINA";"Velocidade Incompatível";"Tombamento";"Com Vítimas Fatais";"Pleno dia";"Decrescente";"Céu Claro";"Simples";"Curva;Ponte";"Não";2;1;0;0;0;10;0;11;-21,59632074;-42,69196405;"SPRF-MG";"DEL07-MG";"UOP01-DEL07-MG"
373387;2021-07-28;"quarta-feira";"13:30:00";"PR";376;602,2;"CURITIBA";"Manobra de mudança de faixa";"Colisão lateral mesmo sentido";"Com Vítimas Feridas";"Pleno dia";"Crescente";"Sol";"Dupla";"Reta";"Não";2;0;1;0;1;0;1;2;-25,54329052;-49,30719981;"SPRF-PR";"DEL01-PR";"UOP01-DEL01-PR"
373389;2021-07-28;"quarta-feira";"13:45:00";"MS";262;468,1;"ANASTACIO";"Reação tardia ou ineficiente do condutor";"Colisão com objeto";"Sem Vítimas";"Pleno dia";"Crescente";"Céu Claro";"Simples";"Declive";"Não";4;0;0;0;3;1;0;3;-20,52641002;-55,59061601;"SPRF-MS";"DEL03-MS";"UOP01-DEL03-MS"
373394;2021-07-28;"quarta-feira";"14:55:00";"SC";101;144,3;"ITAPEMA";"Condutor deixou de manter distância do veículo da frente";"Colisão traseira";"Com Vítimas Feridas";"Pleno dia";"Crescente";"Sol";"Múltipla";"Reta";"Não";2;0;1;0;1;0;1;2;-27,0732659;-48,59672716;"SPRF-SC";"DEL04-SC";"UOP03-DEL04-SC"
373399;2021-07-28;"quarta-feira";"14:00:00";"MT";70;415;"CAMPO VERDE";"Condutor Dormindo";"Saída de leito carroçável";"Com Vítimas Feridas";"Pleno dia";"Crescente";"Nublado";"Simples";"Reta";"Não";2;0;1;0;0;1;1;2;-15,69859193;-55,3271251;"SPRF-MT";"DEL05-MT";"UOP02-DEL05-MT"
373401;2021-07-28;"quarta-feira";"14:20:00";"MS";267;144,4;"NOVA ANDRADINA";"Reação tardia ou ineficiente do condutor";"Colisão com objeto";"Com Vítimas Feridas";"Pleno dia";"Crescente";"Céu Claro";"Simples";"Reta";"Não";2;0;1;0;0;1;1;2;-21,67405068;-53,41238184;"SPRF-MS";"DEL02-MS";"UOP03-DEL02-MS"