"id";"data_inversa";"dia_semana";"horario";"uf";"br";"km";"municipio";"causa_acidente";"tipo_acidente";"classificacao_acidente";"fase_dia";"sentido_via";"condicao_metereologica";"tipo_pista";"tracado_via";"uso_solo";"pessoas";"mortos";"feridos_leves";"feridos_graves";"ilesos";"ignorados";"feridos";"veiculos";"latitude";"longitude";"regional";"delegacia";"uop"
373402;2021-07-28;"quarta-feira";"15:00:00";"GO";40;5;"VALPARAISO DE GOIAS";"Acessar a via sem observar a presença dos outros veículos";"Colisão lateral mesmo sentido";"Sem Vítimas";"Pleno dia";"Crescente";"Céu Claro";"Dupla";"Retorno Regulamentado";"Sim";2;0;0;0;2;0;0;2;-16,093134;-47,982236;"SPRF-DF";"DEL01-DF";"UOP01-DEL01-DF"
373413;2021-07-28;"quarta-feira";"11:00:00";"BA";116;855,8;"VITORIA DA CONQUISTA";"Avarias e/ou desgaste excessivo no pneu";"Saída de leito carroçável";"Com Vítimas Feridas";"Pleno dia";"Crescente";"Céu Claro";"Simples";"Reta";"Não";1;0;1;0;0;0;1;1;-15,095238;-41,017464;"SPRF-BA";"DEL08-BA";"UOP01-DEL08-BA"
373414;2021-07-28;"quarta-feira";"15:40:00";"MT";364;240;"JUSCIMEIRA";"Ausência de reação do condutor";"Colisão lateral mesmo sentido";"Com Vítimas Feridas";"Pleno dia";"Decrescente";"Nublado";"Dupla";"Reta";"Não";3;0;1;0;1;2;1;4;-16,17914141;-54,78905337;"SPRF-MT";"DEL02-MT";"UOP01-DEL02-MT"
373415;2021-07-28;"quarta-feira";"14:25:00";"BA";116;856;"VITORIA DA CONQUISTA";"Acumulo de areia ou detritos sobre o pavimento";"Eventos atípicos";"Com Vítimas Feridas";"Pleno dia";"Decrescente";"Céu Claro";"Simples";"Reta";"Não";2;0;1;0;0;1;1;2;-15,08751137;-41,01267099;"SPRF-BA";"DEL08-BA";"UOP01-DEL08-BA"
373421;2021-05-31;"segunda-feira";"12:00:00";"MT";70;2,3;"BARRA DO GARCAS";"Condutor deixou de manter distância do veículo da frente";"Colisão lateral mesmo sentido";"Com Vítimas Feridas";"Pleno dia";"Decrescente";"Céu Claro";"Dupla";"Reta";"Sim";3;0;1;0;1;2;1;4;-15,88749699;-52,26810568;"SPRF-MT";"DEL07-MT";"UOP01-DEL07-MT"
373423;2021-07-28;"quarta-feira";"17:15:00";"RS";392;649;"GUARANI DAS MISSOES";"Problema na suspensão";"Tombamento";"Com Vítimas Feridas";"Pleno dia";"Crescente";"Sol";"Simples";"Reta";"Não";1;0;1;0;0;0;1;1;-28,13057404;-54,615438;"SPRF-RS";"DEL10-RS";"UOP01-DEL10-RS"
373425;2021-07-28;"quarta-feira";"14:45:00";"MT";163;646;"LUCAS DO RIO VERDE";"Condutor deixou de manter distância do veículo da frente";"Colisão traseira";"Com Vítimas Feridas";"Pleno dia";"Decrescente";"Céu Claro";"Simples";"Reta";"Não";3;0;1;0;1;3;1;5;-13,41;-56,084;"SPRF-MT";"DEL06-MT";"UOP01-DEL06-MT"
373429;2021-07-28;"quarta-feira";"15:45:00";"MT";158;718;"BARRA DO GARCAS";"Reação tardia ou ineficiente do condutor";"Colisão lateral sentido oposto";"Sem Vítimas";"Pleno dia";"Crescente";"Céu Claro";"Simples";"Reta";"Não";3;0;0;0;2;4;0;6;-15,20838002;-52,18051464;"SPRF-MT";"DEL07-MT";"UOP01-DEL07-MT"
373431;2021-07-28;"quarta-feira";"18:00:00";"PE";232;10;"RECIFE";"Condutor deixou de manter distância do veículo da frente";"Colisão traseira";"Com Vítimas Feridas";"Plena Noite";"Decrescente";"Nublado";"Dupla";"Reta";"Não";3;0;2;0;0;1;2;2;-8,07917241;-34,98718609;"SPRF-PE";"DEL01-PE";"UOP01-DEL01-PE"
373432;2021-07-28;"quarta-feira";"18:10:00";"PR";116;115,3;"CURITIBA";"Condutor deixou de manter distância do veículo da frente";"Colisão traseira";"Com Vítimas Feridas";"Anoitecer";"Decrescente";"Céu Claro";"Dupla";"Reta";"Não";3;0;1;0;1;1;1;3;-25,55953326;-49,26560414;"SPRF-PR";"DEL01-PR";"UOP01-DEL01-PR"
373433;2021-07-28;"quarta-feira";"17:35:00";"PR";277;574,1;"CASCAVEL";"Retorno proibido";"Colisão transversal";"Com Vítimas Feridas";"Pleno dia";"Decrescente";"Céu Claro";"Simples";"Reta";"Não";4;0;1;1;1;1;2;3;-24,992673;-53,311836;"SPRF-PR";"DEL04-PR";"UOP01-DEL04-PR"
373435;2021-07-28;"quarta-feira";"17:55:00";"MG";40;474,7;"SETE LAGOAS";"Manobra de mudança de faixa";"Colisão lateral mesmo sentido";"Com Vítimas Feridas";"Plena Noite";"Decrescente";"Céu Claro";"Dupla";"Declive;Curva";"Não";2;0;1;0;1;0;1;2;-19,5017;-44,2758;"SPRF-MG";"DEL02-MG";"UOP01-DEL02-MG"
373439;2021-07-28;"quarta-feira";"17:10:00";"MG";365;23;"MONTES CLAROS";"Velocidade Incompatível";"Capotamento";"Com Vítimas Feridas";"Pleno dia";"Decrescente";"Sol";"Simples";"Reta";"Não";2;0;0;1;0;1;1;2;-16,7583037;-43,99406433;"SPRF-MG";"DEL12-MG";"UOP01-DEL12-MG"
373444;2021-07-28;"quarta-feira";"18:45:00";"MG";116;94,5;"MEDINA";"Ausência de reação do condutor";"Tombamento";"Com Vítimas Feridas";"Plena Noite";"Decrescente";"Nublado";"Simples";"Curva";"Não";2;0;1;0;0;1;1;2;-16,35754833;-41,47001445;"SPRF-MG";"DEL11-MG";"UOP02-DEL11-MG"
373445;2021-06-22;"terça-feira";"17:20:00";"ES";101;266,5;"SERRA";"Ausência de reação do condutor";"Colisão traseira";"Com Vítimas Feridas";"Pleno dia";"Crescente";"Céu Claro";"Dupla";"Reta";"Sim";2;0;0;1;1;0;1;2;-20,190199;-40,26828891;"SPRF-ES";"DEL02-ES";"UOP01-DEL02-ES"
373446;2021-07-28;"quarta-feira";"18:01:00";"RS";386;342,1;"LAJEADO";"Acessar a via sem observar a presença dos outros veículos";"Colisão transversal";"Com Vítimas Feridas";"Plena Noite";"Decrescente";"Nublado";"Simples";"Reta";"Sim";2;0;1;0;1;0;1;2;-29,431631;-52,011932;"SPRF-RS";"DEL04-RS";"UOP01-DEL04-RS"
373449;2021-06-18;"sexta-feira";"17:00:00";"ES";101;242;"SERRA";"Obras na pista";"Atropelamento de Pedestre";"Com Vítimas Feridas";"Pleno dia";"Crescente";"Céu Claro";"Simples";"Reta";"Não";2;0;0;1;1;0;1;2;-20,0321348;-40,39675773;"SPRF-ES";"DEL02-ES";"UOP01-DEL02-ES"
373455;2021-07-28;"quarta-feira";"18:40:00";"BA";242;870;"BARREIRAS";"Ultrapassagem Indevida";"Colisão frontal";"Com Vítimas Feridas";"Plena Noite";"Crescente";"Céu Claro";"Simples";"Reta";"Não";4;0;0;1;2;2;1;5;-12,0822277;-45,46990595;"SPRF-BA";"DEL10-BA";"UOP01-DEL10-BA"
373461;2021-07-28;"quarta-feira";"20:20:00";"SP";116;21;"LAVRINHAS";"Problema com o freio";"Incêndio";"Sem Vítimas";"Plena Noite";"Decrescente";"Garoa/Chuvisco";"Dupla";"Curva";"Não";1;0;0;0;1;0;0;1;-22,57651319;-44,87315394;"SPRF-SP";"DEL08-SP";"UOP02-DEL08-SP"
373462;2021-07-28;"quarta-feira";"16:25:00";"PR";376;671,5;"GUARATUBA";"Problema com o freio";"Saída de leito carroçável";"Com Vítimas Feridas";"Pleno dia";"Crescente";"Nublado";"Dupla";"Reta";"Não";1;0;0;1;0;0;1;1;-25,885323;-48,935154;"SPRF-PR";"DEL01-PR";"UOP04-DEL01-PR"
373465;2021-07-28;"quarta-feira";"17:00:00";"BA";235;423,8;"CASA NOVA";"Demais falhas na via";"Saída de leito carroçável";"Com Vítimas Feridas";"Pleno dia";"Crescente";"Céu Claro";"Simples";"Reta";"Não";1;0;0;1;0;0;1;1;-9,27234022;-41,25724599;"SPRF-BA";"DEL04-BA";"UOP01-DEL04-BA"
373478;2021-07-28;"quarta-feira";"21:10:00";"MS";262;145;"AGUA CLARA";"Ingestão de substâncias psicoativas pelo condutor";"Colisão frontal";"Com Vítimas Fatais";"Plena Noite";"Crescente";"Céu Claro";"Simples";"Curva";"Sim";4;1;0;1;1;3;1;5;-20,44291645;-52,89089596;"SPRF-MS";"DEL07-MS";"UOP02-DEL07-MS"
373479;2021-07-28;"quarta-feira";"21:50:00";"SC";470;145,9;"RIO DO SUL";"Condutor deixou de manter distância do veículo da frente";"Engavetamento";"Sem Vítimas";"Plena Noite";"Crescente";"Vento";"Simples";"Reta";"Não";4;0;0;0;3;1;0;4;-27,17310945;-49,63142395;"SPRF-SC";"DEL04-SC";"UOP02-DEL04-SC"
373481;2021-07-28;"quarta-feira";"22:30:00";"PR";277;38;"MORRETES";"Velocidade Incompatível";"Colisão com objeto";"Com Vítimas Feridas";"Plena Noite";"Decrescente";"Céu Claro";"Dupla";"Curva;Declive";"Não";3;0;2;0;0;2;2;4;-25,56584471;-48,81116269;"SPRF-PR";"DEL01-PR";"UOP05-DEL01-PR"
373486;2021-07-28;"quarta-feira";"23:00:00";"PA";316;32;"SANTA IZABEL DO PARA";"Acessar a via sem observar a presença dos outros veículos";"Colisão traseira";"Com Vítimas Fatais";"Plena Noite";"Crescente";"Céu Claro";"Dupla";"Reta;Retorno Regulamentado";"Não";3;1;0;0;1;2;0;4;-1,29833956;-48,18889696;"SPRF-PA";"DEL01-PA";"UOP01-DEL01-PA"
373487;2021-07-28;"quarta-feira";"22:00:00";"MS";158;55;"PARANAIBA";"Condutor Dormindo";"Colisão frontal";"Com Vítimas Feridas";"Plena Noite";"Crescente";"Céu Claro";"Simples";"Reta;Aclive";"Não";3;0;1;1;1;0;2;2;-19,40429068;-51,40386983;"SPRF-MS";"DEL08-MS";"UOP01-DEL08-MS"
373500;2021-07-29;"quinta-feira";"03:00:00";"PR";153;22,1;"JACAREZINHO";"Velocidade Incompatível";"Colisão com objeto";"Com Vítimas Feridas";"Plena Noite";"Decrescente";"Nublado";"Simples";"Curva";"Não";4;0;3;0;0;2;3;3;-23,17279431;-49,9716568;"SPRF-PR";"DEL07-PR";"UOP04-DEL07-PR"
373502;2021-07-29;"quinta-feira";"03:00:00";"MG";153;148;"CAMPO FLORIDO";"Velocidade Incompatível";"Tombamento";"Com Vítimas Feridas";"Plena Noite";"Decrescente";"Céu Claro";"Simples";"Rotatória";"Não";2;0;1;0;0;1;1;2;-19,63062336;-48,85002136;"SPRF-MG";"DEL13-MG";"UOP02-DEL13-MG"
373504;2021-07-29;"quinta-feira";"05:40:00";"PE";101;81;"JABOATAO DOS GUARARAPES";"Reação tardia ou ineficiente do condutor";"Colisão traseira";"Sem Vítimas";"Pleno dia";"Crescente";"Céu Claro";"Dupla";"Reta";"Sim";2;0;0;0;2;0;0;2;-8,1597489;-34,94024569;"SPRF-PE";"DEL01-PE";"UOP01-DEL01-PE"
373517;2021-07-29;"quinta-feira";"07:00:00";"PR";376;379;"IMBAU";"Ausência de reação do condutor";"Colisão traseira";"Com Vítimas Feridas";"Amanhecer";"Crescente";"Nevoeiro/Neblina";"Simples";"Reta";"Não";2;0;1;0;1;0;1;2;-24,44402691;-50,76102963;"SPRF-PR";"DEL03-PR";"UOP02-DEL03-PR"
373519;2021-07-29;"quinta-feira";"06:22:00";"PR";153;208;"TIBAGI";"Velocidade Incompatível";"Saída de leito carroçável";"Com Vítimas Feridas";"Amanhecer";"Decrescente";"Céu Claro";"Simples";"Curva";"Não";2;0;1;0;0;2;1;3;-24,52649026;-50,44566992;"SPRF-PR";"DEL03-PR";"UOP02-DEL03-PR"
373520;2021-07-29;"quinta-feira";"07:30:00";"RN";405;182,1;"JOSE DA PENHA";"Manobra de mudança de faixa";"Colisão traseira";"Com Vítimas Fatais";"Pleno dia";"Crescente";"Céu Claro";"Simples";"Reta";"Não";3;1;0;0;1;2;0;4;-6,368001;-38,297835;"SPRF-RN";"DEL04-RN";"UOP02-DEL04-RN"
373522;2021-07-27;"terça-feira";"18:40:00";"ES";101;297,5;"VIANA";"Condutor deixou de manter distância do veículo da frente";"Colisão traseira";"Sem Vítimas";"Anoitecer";"Decrescente";"Céu Claro";"Dupla";"Reta";"Não";2;0;0;0;2;0;0;2;-20,34529844;-40,41026774;"SPRF-ES";"DEL01-ES";"UOP01-DEL01-ES"
373525;2021-07-29;"quinta-feira";"07:50:00";"RS";392;11;"RIO GRANDE";"Condutor deixou de manter distância do veículo da frente";"Colisão traseira";"Com Vítimas Feridas";"Pleno dia";"Decrescente";"Céu Claro";"Dupla";"Reta";"Não";3;0;0;1;1;1;1;3;-32,12127763;-52,12972521;"SPRF-RS";"DEL07-RS";"UOP02-DEL07-RS"
373528;2021-07-29;"quinta-feira";"08:00:00";"RJ";40;93;"DUQUE DE CAXIAS";"Ausência de reação do condutor";"Tombamento";"Com Vítimas Feridas";"Pleno dia";"Crescente";"Céu Claro";"Simples";"Curva";"Não";1;0;1;0;0;0;1;1;-22,5596939;-43,2673328;"SPRF-RJ";"DEL06-RJ";"UOP01-DEL06-RJ"
373536;2021-07-29;"quinta-feira";"08:10:00";"BA";324;590,9;"CANDEIAS";"Manobra de mudança de faixa";"Colisão traseira";"Com Vítimas Feridas";"Pleno dia";"Decrescente";"Sol";"Dupla";"Reta";"Não";4;0;1;0;3;0;1;3;-12,67291202;-38,46908411;"SPRF-BA";"DEL01-BA";"UOP01-DEL01-BA"
373540;2021-07-29;"quinta-feira";"08:15:00";"SC";470;140,8;"RIO DO SUL";"Condutor deixou de manter distância do veículo da frente";"Colisão traseira";"Com Vítimas Feridas";"Pleno dia";"Decrescente";"Sol";"Simples";"Aclive";"Sim";4;0;1;0;2;1;1;4;-27,20641549;-49,64713097;"SPRF-SC";"DEL04-SC";"UOP02-DEL04-SC"
373542;2021-07-29;"quinta-feira";"09:00:00";"BA";101;262;"SANTO ANTONIO DE JESUS";"Ausência de reação do condutor";"Colisão transversal";"Com Vítimas Feridas";"Pleno dia";"Crescente";"Céu Claro";"Dupla";"Reta";"Sim";2;0;1;0;1;0;1;2;-13,0815032;-39,27559444;"SPRF-BA";"DEL01-BA";"UOP02-DEL01-BA"
373547;2021-07-29;"quinta-feira";"09:40:00";"RS";386;446;"CANOAS";"Velocidade Incompatível";"Derramamento de carga";"Sem Vítimas";"Pleno dia";"Crescente";"Sol";"Dupla";"Curva";"Sim";1;0;0;0;1;0;0;1;-29,893251;-51,182266;"SPRF-RS";"DEL01-RS";"UOP01-DEL01-RS"
373550;2021-07-13;"terça-feira";"17:45:00";"MG";116;782,5;"LEOPOLDINA";"Velocidade Incompatível";"Tombamento";"Com Vítimas Feridas";"Anoitecer";"Decrescente";"Céu Claro";"Simples";"Curva";"Não";3;0;2;0;0;2;2;4;-21,627038;-42,69996898;"SPRF-MG";"DEL07-MG";"UOP01-DEL07-MG"
373558;2021-07-29;"quinta-feira";"11:00:00";"CE";116;13;"FORTALEZA";"Problema com o freio";"Colisão traseira";"Com Vítimas Feridas";"Pleno dia";"Decrescente";"Sol";"Dupla";"Reta";"Sim";3;0;1;0;2;0;1;2;-3,8603796;-38,49682331;"SPRF-CE";"DEL01-CE";"UOP02-DEL01-CE"
373559;2021-07-29;"quinta-feira";"10:40:00";"ES";101;3,6;"ICONHA";"Curva acentuada";"Tombamento";"Com Vítimas Feridas";"Pleno dia";"Crescente";"Nublado";"Dupla";"Curva";"Não";2;0;2;0;0;0;2;1;-20,79354;-40,811462;"SPRF-ES";"DEL03-ES";"UOP01-DEL03-ES"
373561;2021-07-29;"quinta-feira";"07:40:00";"GO";153;105,6;"SANTA TEREZA DE GOIAS";"Afundamento ou ondulação no pavimento";"Tombamento";"Com Vítimas Feridas";"Pleno dia";"Crescente";"Céu Claro";"Simples";"Reta";"Não";5;0;4;0;0;3;4;4;-13,697778;-49,021812;"SPRF-GO";"DEL07-GO";"UOP01-DEL07-GO"
373562;2021-07-21;"quarta-feira";"19:00:00";"ES";262;4,5;"CARIACICA";"Manobra de mudança de faixa";"Colisão lateral mesmo sentido";"Com Vítimas Feridas";"Plena Noite";"Crescente";"Céu Claro";"Dupla";"Curva";"Sim";4;0;0;2;2;0;2;3;-20,33853805;-40,38237431;"SPRF-ES";"DEL01-ES";"UOP01-DEL01-ES"
373564;2021-07-29;"quinta-feira";"11:55:00";"GO";30;16,6;"FORMOSA";"Reação tardia ou ineficiente do condutor";"Saída de leito carroçável";"Com Vítimas Feridas";"Pleno dia";"Crescente";"Céu Claro";"Simples";"Reta";"Não";7;0;5;0;1;1;5;3;-15,5629235;-47,21649585;"SPRF-DF";"DEL02-DF";"UOP01-DEL02-DF"
373570;2021-07-08;"quinta-feira";"19:00:00";"MA";135;28,8;"BACABEIRA";"Manobra de mudança de faixa";"Colisão lateral sentido oposto";"Com Vítimas Feridas";"Plena Noite";"Crescente";"Céu Claro";"Simples";"Reta";"Não";2;0;1;0;1;0;1;2;-2,786069;-44,37413;"SPRF-MA";"DEL01-MA";"UOP01-DEL01-MA"
373571;2021-07-29;"quinta-feira";"14:00:00";"RJ";40;17;"TRES RIOS";"Velocidade Incompatível";"Engavetamento";"Com Vítimas Feridas";"Pleno dia";"Crescente";"Céu Claro";"Dupla";"Reta";"Não";7;0;1;0;6;0;1;3;-22,08639692;-43,17655185;"SPRF-RJ";"DEL05-RJ";"UOP02-DEL05-RJ"
373572;2021-07-29;"quinta-feira";"13:30:00";"MG";381;908,8;"CAMBUI";"Demais falhas mecânicas ou elétricas";"Incêndio";"Sem Vítimas";"Pleno dia";"Crescente";"Sol";"Dupla";"Curva";"Não";1;0;0;0;1;0;0;1;-22,68518212;-46,10219479;"SPRF-MG";"DEL16-MG";"UOP03-DEL16-MG"
373578;2021-07-29;"quinta-feira";"11:30:00";"GO";60;408,9;"RIO VERDE";"Ausência de reação do condutor";"Colisão traseira";"Com Vítimas Feridas";"Pleno dia";"Crescente";"Sol";"Dupla";"Reta";"Não";8;0;1;0;6;2;1;4;-17,816681;-51,136685;"SPRF-GO";"DEL04-GO";"UOP01-DEL04-GO"
373579;2021-07-29;"quinta-feira";"14:23:00";"RS";153;38,8;"ERECHIM";"Ausência de reação do condutor";"Colisão com objeto";"Sem Vítimas";"Pleno dia";"Crescente";"Céu Claro";"Simples";"Reta";"Não";1;0;0;0;1;0;0;1;-27,57329614;-52,22251672;"SPRF-RS";"DEL08-RS";"UOP04-DEL08-RS"
373583;2021-07-29;"quinta-feira";"14:30:00";"RJ";101;177;"MACAE";"Avarias e/ou desgaste excessivo no pneu";"Incêndio";"Sem Vítimas";"Pleno dia";"Crescente";"Nublado";"Simples";"Reta";"Não";2;0;0;0;1;1;0;2;-22,38696304;-41,98541396;"SPRF-RJ";"DEL08-RJ";"UOP04-DEL08-RJ"
373592;2021-07-29;"quinta-feira";"14:30:00";"BA";116;45,3;"CHORROCHO";"Ultrapassagem Indevida";"Saída de leito carroçável";"Com Vítimas Feridas";"Pleno dia";"Crescente";"Céu Claro";"Simples";"Reta";"Não";2;0;2;0;0;0;2;1;-9,00714798;-39,18710096;"SPRF-PE";"DEL05-PE";"UOP01-DEL05-PE"
373593;2021-07-29;"quinta-feira";"08:00:00";"BA";242;463;"IBITIARA";"Curva acentuada";"Tombamento";"Com Vítimas Feridas";"Pleno dia";"Decrescente";"Céu Claro";"Simples";"Curva";"Não";2;0;1;0;0;3;1;4;-12,4423791;-42,17379204;"SPRF-BA";"DEL06-BA";"UOP01-DEL06-BA"
373595;2021-07-29;"quinta-feira";"15:31:00";"PR";116;102;"SAO JOSE DOS PINHAIS";"Condutor deixou de manter distância do veículo da frente";"Colisão traseira";"Com Vítimas Feridas";"Pleno dia";"Decrescente";"Céu Claro";"Dupla";"Reta";"Não";2;0;1;0;1;0;1;2;-25,550639;-49,15025;"SPRF-PR";"DEL01-PR";"UOP01-DEL01-PR"
373597;2021-07-29;"quinta-feira";"15:40:00";"PR";373;183,3;"PONTA GROSSA";"Acessar a via sem observar a presença dos outros veículos";"Colisão traseira";"Com Vítimas Feridas";"Pleno dia";"Decrescente";"Céu Claro";"Múltipla";"Interseção de Vias";"Não";5;0;1;0;4;0;1;2;-25,03935712;-50,2767641;"SPRF-PR";"DEL03-PR";"UOP01-DEL03-PR"
373601;2021-07-29;"quinta-feira";"13:50:00";"PR";369;469,3;"CORBELIA";"Mal súbito do condutor";"Colisão lateral sentido oposto";"Com Vítimas Feridas";"Pleno dia";"Decrescente";"Sol";"Simples";"Aclive;Reta";"Não";3;0;1;0;1;1;1;3;-24,5819;-53,1582;"SPRF-PR";"DEL04-PR";"UOP03-DEL04-PR"
373602;2021-07-29;"quinta-feira";"15:25:00";"MG";146;508;"POCOS DE CALDAS";"Animais na Pista";"Atropelamento de Animal";"Com Vítimas Feridas";"Pleno dia";"Crescente";"Céu Claro";"Simples";"Reta";"Não";4;0;1;0;1;4;1;5;-21,76205059;-46,41311646;"SPRF-MG";"DEL09-MG";"UOP01-DEL09-MG"
373606;2021-07-29;"quinta-feira";"15:50:00";"SC";116;223,9;"CORREIA PINTO";"Acessar a via sem observar a presença dos outros veículos";"Colisão transversal";"Com Vítimas Feridas";"Pleno dia";"Crescente";"Céu Claro";"Simples";"Reta";"Não";4;0;1;1;1;1;2;3;-27,60213889;-50,35543366;"SPRF-SC";"DEL05-SC";"UOP03-DEL05-SC"
373615;2021-07-29;"quinta-feira";"16:40:00";"RO";364;432;"JARU";"Reação tardia ou ineficiente do condutor";"Colisão com objeto";"Sem Vítimas";"Pleno dia";"Decrescente";"Céu Claro";"Simples";"Reta";"Não";1;0;0;0;1;0;0;1;-10,40041019;-62,52516413;"SPRF-RO";"DEL03-RO";"UOP02-DEL03-RO"
373625;2021-07-29;"quinta-feira";"16:00:00";"MS";163;66;"ITAQUIRAI";"Condutor deixou de manter distância do veículo da frente";"Colisão traseira";"Sem Vítimas";"Anoitecer";"Crescente";"Céu Claro";"Simples";"Aclive";"Não";2;0;0;0;0;2;0;2;-23,58109203;-54,19857597;"SPRF-MS";"DEL09-MS";"UOP02-DEL09-MS"
373631;2021-07-29;"quinta-feira";"18:10:00";"RS";470;219;"BENTO GONCALVES";"Manobra de mudança de faixa";"Colisão lateral mesmo sentido";"Com Vítimas Feridas";"Plena Noite";"Decrescente";"Céu Claro";"Simples";"Aclive;Curva";"Não";3;0;2;0;1;0;2;3;-29,19154283;-51,52229011;"SPRF-RS";"DEL06-RS";"UOP01-DEL06-RS"
373638;2021-07-29;"quinta-feira";"18:15:00";"ES";101;289,8;"CARIACICA";"Condutor deixou de manter distância do veículo da frente";"Colisão traseira";"Sem Vítimas";"Plena Noite";"Crescente";"Céu Claro";"Dupla";"Reta";"Sim";3;0;0;0;2;1;0;3;-20,28029304;-40,39302931;"SPRF-ES";"DEL01-ES";"UOP01-DEL01-ES"
373641;2021-07-29;"quinta-feira";"18:20:00";"PR";277;714,1;"SANTA TEREZINHA DE ITAIPU";"Reação tardia ou ineficiente do condutor";"Colisão lateral mesmo sentido";"Sem Vítimas";"Anoitecer";"Decrescente";"Ignorado";"Dupla";"Reta";"Não";3;0;0;0;2;1;0;3;-25,4650714;-54,44902954;"SPRF-PR";"DEL05-PR";"UOP01-DEL05-PR"
373642;2021-07-29;"quinta-feira";"17:55:00";"SC";282;211,9;"LAGES";"Ultrapassagem Indevida";"Colisão frontal";"Com Vítimas Feridas";"Anoitecer";"Crescente";"Céu Claro";"Simples";"Declive;Interseção de Vias;Curva";"Não";3;0;0;3;0;0;3;2;-27,780222;-50,241741;"SPRF-SC";"DEL05-SC";"UOP01-DEL05-SC"
373643;2021-07-29;"quinta-feira";"19:00:00";"SE";101;204,6;"CRISTINAPOLIS";"Pista esburacada";"Colisão com objeto";"Com Vítimas Feridas";"Plena Noite";"Crescente";"Céu Claro";"Simples";"Declive;Reta";"Não";3;0;1;0;1;1;1;3;-11,510169;-37,790681;"SPRF-SE";"DEL02-SE";"UOP03-DEL02-SE"
373651;2021-07-29;"quinta-feira";"19:30:00";"MT";158;702;"BARRA DO GARCAS";"Ultrapassagem Indevida";"Colisão frontal";"Sem Vítimas";"Plena Noite";"Crescente";"Céu Claro";"Simples";"Reta";"Não";4;0;0;0;3;2;0;4;-15,07366203;-52,2232911;"SPRF-MT";"DEL07-MT";"UOP01-DEL07-MT"
373653;2021-07-29;"quinta-feira";"20:25:00";"RS";470;194;"BENTO GONCALVES";"Velocidade Incompatível";"Colisão frontal";"Com Vítimas Feridas";"Plena Noite";"Decrescente";"Céu Claro";"Simples";"Curva";"Não";6;0;3;1;1;1;4;3;-29,05030203;-51,57387285;"SPRF-RS";"DEL06-RS";"UOP02-DEL06-RS"
373657;2021-07-29;"quinta-feira";"14:50:00";"MT";364;502;"JANGADA";"Conversão proibida";"Colisão transversal";"Com Vítimas Fatais";"Pleno dia";"Crescente";"Céu Claro";"Simples";"Reta";"Não";3;1;0;0;1;3;0;5;-15,241585;-56,483437;"SPRF-MT";"DEL01-MT";"UOP01-DEL01-MT"
373659;2021-07-29;"quinta-feira";"18:50:00";"PR";376;464,4;"PONTA GROSSA";"Velocidade Incompatível";"Colisão traseira";"Com Vítimas Feridas";"Plena Noite";"Crescente";"Céu Claro";"Dupla";"Aclive;Reta";"Não";3;0;0;1;1;2;1;4;-25,02470207;-50,322659;"SPRF-PR";"DEL03-PR";"UOP01-DEL03-PR"
373667;2021-07-29;"quinta-feira";"19:10:00";"PR";153;105;"IBAITI";"Acessar a via sem observar a presença dos outros veículos";"Colisão transversal";"Com Vítimas Feridas";"Plena Noite";"Decrescente";"Céu Claro";"Dupla";"Interseção de Vias";"Não";4;0;1;0;1;3;1;5;-23,814184;-50,179108;"SPRF-PR";"DEL07-PR";"UOP04-DEL07-PR"
373669;2021-07-29;"quinta-feira";"16:00:00";"MG";354;729,1;"POUSO ALTO";"Velocidade Incompatível";"Tombamento";"Com Vítimas Feridas";"Pleno dia";"Decrescente";"Céu Claro";"Simples";"Reta";"Não";1;0;1;0;0;0;1;1;-22,15227255;-44,96386528;"SPRF-MG";"DEL17-MG";"UOP01-DEL17-MG"
373674;2021-07-29;"quinta-feira";"21:00:00";"BA";242;386;"PALMEIRAS";"Animais na Pista";"Atropelamento de Animal";"Com Vítimas Feridas";"Plena Noite";"Crescente";"Céu Claro";"Simples";"Reta";"Não";3;0;2;0;0;2;2;3;-12,44497741;-41,57168204;"SPRF-BA";"DEL06-BA";"UOP01-DEL06-BA"
373677;2021-07-29;"quinta-feira";"22:30:00";"BA";20;96;"SAO DESIDERIO";"Ingestão de álcool pelo condutor";"Colisão frontal";"Com Vítimas Feridas";"Plena Noite";"Decrescente";"Céu Claro";"Simples";"Reta";"Não";5;0;2;0;2;2;2;4;-13,1137637;-46,0199723;"SPRF-BA";"DEL10-BA";"UOP01-DEL10-BA"
373684;2021-07-29;"quinta-feira";"09:30:00";"GO";364;325;"PORTELANDIA";"Conversão proibida";"Colisão transversal";"Sem Vítimas";"Pleno dia";"Decrescente";"Céu Claro";"Simples";"Reta";"Não";3;0;0;0;1;2;0;3;-17,400017;-52,673855;"SPRF-GO";"DEL05-GO";"UOP01-DEL05-GO"
373687;2021-07-30;"sexta-feira";"00:45:00";"SP";116;228;"SAO PAULO";"Demais falhas mecânicas ou elétricas";"Incêndio";"Sem Vítimas";"Plena Noite";"Decrescente";"Nublado";"Dupla";"Reta";"Sim";2;0;0;0;1;1;0;2;-23,50343484;-46,56638712;"SPRF-SP";"DEL01-SP";"UOP01-DEL01-SP"