"id";"data_inversa";"dia_semana";"horario";"uf";"br";"km";"municipio";"causa_acidente";"tipo_acidente";"classificacao_acidente";"fase_dia";"sentido_via";"condicao_metereologica";"tipo_pista";"tracado_via";"uso_solo";"pessoas";"mortos";"feridos_leves";"feridos_graves";"ilesos";"ignorados";"feridos";"veiculos";"latitude";"longitude";"regional";"delegacia";"uop"
373696;2021-07-30;"sexta-feira";"02:00:00";"SC";101;3,9;"GARUVA";"Reação tardia ou ineficiente do condutor";"Colisão traseira";"Com Vítimas Feridas";"Plena Noite";"Crescente";"Nublado";"Dupla";"Aclive";"Não";3;0;0;1;1;2;1;4;-26,00380807;-48,87233005;"SPRF-SC";"DEL03-SC";"UOP01-DEL03-SC"
373700;2021-07-30;"sexta-feira";"04:50:00";"PE";101;42,3;"IGARASSU";"Manobra de mudança de faixa";"Colisão traseira";"Com Vítimas Feridas";"Amanhecer";"Crescente";"Nublado";"Múltipla";"Reta";"Sim";7;0;4;0;2;1;4;3;-7,83887431;-34,91196739;"SPRF-PE";"DEL01-PE";"UOP02-DEL01-PE"
373704;2021-07-30;"sexta-feira";"04:25:00";"MS";163;841,4;"SONORA";"Ausência de reação do condutor";"Saída de leito carroçável";"Com Vítimas Feridas";"Plena Noite";"Decrescente";"Céu Claro";"Simples";"Reta";"Não";2;0;1;0;0;1;1;2;-17,56430202;-54,74062326;"SPRF-MS";"DEL06-MS";"UOP01-DEL06-MS"
373706;2021-07-29;"quinta-feira";"21:30:00";"BA";101;215;"MURITIBA";"Demais falhas mecânicas ou elétricas";"Incêndio";"Sem Vítimas";"Plena Noite";"Crescente";"Céu Claro";"Simples";"Curva";"Sim";2;0;0;0;1;2;0;3;-12,65351724;-39,12236761;"SPRF-BA";"DEL01-BA";"UOP02-DEL01-BA"
373707;2021-07-30;"sexta-feira";"05:15:00";"PR";277;114,2;"CAMPO LARGO";"Condutor deixou de manter distância do veículo da frente";"Colisão traseira";"Sem Vítimas";"Plena Noite";"Crescente";"Céu Claro";"Dupla";"Reta";"Sim";2;0;0;0;0;2;0;2;-25,44509599;-49,49739933;"SPRF-PR";"DEL01-PR";"UOP03-DEL03-PR"
373708;2021-07-29;"quinta-feira";"22:35:00";"SC";158;100,9;"CUNHA PORA";"Ausência de reação do condutor";"Saída de leito carroçável";"Sem Vítimas";"Plena Noite";"Decrescente";"Céu Claro";"Simples";"Interseção de Vias";"Não";2;0;0;0;0;2;0;2;-26,8059407;-53,18140453;"SPRF-SC";"DEL07-SC";"UOP02-DEL07-SC"
373715;2021-07-30;"sexta-feira";"05:20:00";"SP";381;73;"SAO PAULO";"Ausência de reação do condutor";"Colisão com objeto";"Com Vítimas Feridas";"Amanhecer";"Decrescente";"Céu Claro";"Dupla";"Reta";"Não";3;0;0;1;1;1;1;3;-23,36553404;-46,55253934;"SPRF-SP";"DEL03-SP";"UOP01-DEL03-SP"
373717;2021-07-29;"quinta-feira";"23:00:00";"MG";365;642,9;"UBERLANDIA";"Ausência de reação do condutor";"Colisão traseira";"Com Vítimas Feridas";"Plena Noite";"Crescente";"Céu Claro";"Dupla";"Reta";"Não";3;0;0;1;1;1;1;3;-18,8823832;-48,48418103;"SPRF-MG";"DEL15-MG";"UOP01-DEL15-MG"
373721;2021-07-30;"sexta-feira";"06:00:00";"SC";282;195,2;"LAGES";"Demais falhas mecânicas ou elétricas";"Incêndio";"Sem Vítimas";"Amanhecer";"Crescente";"Céu Claro";"Simples";"Reta";"Não";1;0;0;0;1;0;0;1;-27,746756;-50,084789;"SPRF-SC";"DEL05-SC";"UOP01-DEL05-SC"
373723;2021-07-30;"sexta-feira";"05:00:00";"BA";101;25,5;"ESPLANADA";"Velocidade Incompatível";"Colisão traseira";"Com Vítimas Feridas";"Amanhecer";"Crescente";"Nevoeiro/Neblina";"Dupla";"Reta;Aclive";"Não";2;0;1;0;1;0;1;2;-11,700951;-37,906626;"SPRF-SE";"DEL02-SE";"UOP03-DEL02-SE"
373724;2021-07-30;"sexta-feira";"07:30:00";"ES";101;317;"GUARAPARI";"Velocidade Incompatível";"Colisão lateral mesmo sentido";"Com Vítimas Feridas";"Pleno dia";"Decrescente";"Céu Claro";"Dupla";"Reta";"Não";3;0;1;0;1;2;1;4;-20,48575596;-40,47626411;"SPRF-ES";"DEL01-ES";"UOP01-DEL01-ES"
373729;2021-07-30;"sexta-feira";"03:50:00";"MG";381;532;"ITATIAIUCU";"Velocidade Incompatível";"Tombamento";"Com Vítimas Feridas";"Plena Noite";"Decrescente";"Nublado";"Dupla";"Curva";"Não";2;0;1;0;0;1;1;2;-20,1904316;-44,38268793;"SPRF-MG";"DEL04-MG";"UOP03-DEL04-MG"
373732;2021-07-30;"sexta-feira";"08:00:00";"RJ";116;61;"TERESOPOLIS";"Demais falhas mecânicas ou elétricas";"Tombamento";"Com Vítimas Feridas";"Pleno dia";"Crescente";"Céu Claro";"Simples";"Reta";"Não";3;0;2;0;0;1;2;2;-22,24418511;-42,91575275;"SPRF-RJ";"DEL04-RJ";"UOP01-DEL04-RJ"
373742;2021-07-30;"sexta-feira";"03:55:00";"BA";116;679;"JEQUIE";"Condutor Dormindo";"Colisão lateral sentido oposto";"Sem Vítimas";"Amanhecer";"Decrescente";"Chuva";"Simples";"Reta";"Não";3;0;0;0;2;1;0;3;-13,90374218;-40,14781952;"SPRF-BA";"DEL03-BA";"UOP01-DEL03-BA"
373744;2021-07-30;"sexta-feira";"08:25:00";"CE";222;3,6;"CAUCAIA";"Condutor deixou de manter distância do veículo da frente";"Colisão lateral mesmo sentido";"Com Vítimas Feridas";"Pleno dia";"Decrescente";"Céu Claro";"Dupla";"Reta;Aclive";"Sim";5;0;1;0;4;0;1;5;-3,7403769;-38,59569202;"SPRF-CE";"DEL01-CE";"UOP01-DEL01-CE"
373749;2021-07-30;"sexta-feira";"09:15:00";"MG";381;362;"JOAO MONLEVADE";"Velocidade Incompatível";"Saída de leito carroçável";"Com Vítimas Feridas";"Pleno dia";"Crescente";"Sol";"Simples";"Curva";"Não";1;0;1;0;0;0;1;1;-19,85643939;-43,24280693;"SPRF-MG";"DEL03-MG";"UOP01-DEL03-MG"
373756;2021-07-30;"sexta-feira";"09:25:00";"PR";376;622;"SAO JOSE DOS PINHAIS";"Manobra de mudança de faixa";"Colisão traseira";"Com Vítimas Feridas";"Pleno dia";"Decrescente";"Sol";"Dupla";"Reta";"Não";2;0;1;0;1;0;1;2;-25,62623389;-49,16547575;"SPRF-PR";"DEL01-PR";"UOP04-DEL01-PR"
373760;2021-07-30;"sexta-feira";"07:20:00";"MT";364;349,5;"SANTO ANTONIO DO LEVERGER";"Reação tardia ou ineficiente do condutor";"Saída de leito carroçável";"Com Vítimas Feridas";"Pleno dia";"Crescente";"Céu Claro";"Dupla";"Declive";"Não";1;0;1;0;0;0;1;1;-15,79390538;-55,54927826;"SPRF-MT";"DEL05-MT";"UOP02-DEL05-MT"
373765;2021-07-30;"sexta-feira";"08:40:00";"GO";70;365;"MONTES CLAROS DE GOIAS";"Reação tardia ou ineficiente do condutor";"Eventos atípicos";"Sem Vítimas";"Pleno dia";"Decrescente";"Céu Claro";"Simples";"Reta";"Não";2;0;0;0;1;1;0;2;-15,921042;-51,295448;"SPRF-GO";"DEL04-GO";"UOP01-DEL04-GO"
373770;2021-06-30;"quarta-feira";"18:50:00";"PA";10;63,8;"ULIANOPOLIS";"Demais falhas mecânicas ou elétricas";"Colisão com objeto";"Com Vítimas Feridas";"Plena Noite";"Crescente";"Céu Claro";"Simples";"Declive";"Não";5;0;1;2;1;3;3;6;-3,89667104;-47,52549184;"SPRF-PA";"DEL02-PA";"UOP02-DEL02-PA"
373772;2021-07-30;"sexta-feira";"11:15:00";"SC";101;33,9;"JOINVILLE";"Estacionar ou parar em local proibido";"Colisão traseira";"Com Vítimas Feridas";"Pleno dia";"Crescente";"Céu Claro";"Dupla";"Reta";"Não";4;0;0;2;1;2;2;4;-26,25864744;-48,90428782;"SPRF-SC";"DEL03-SC";"UOP01-DEL03-SC"
373776;2021-06-08;"terça-feira";"19:30:00";"MT";163;22;"ITIQUIRA";"Deficiência do Sistema de Iluminação/Sinalização";"Colisão traseira";"Com Vítimas Feridas";"Plena Noite";"Decrescente";"Céu Claro";"Dupla";"Reta";"Não";3;0;0;1;1;3;1;5;-17,32505699;-54,76070288;"SPRF-MT";"DEL02-MT";"UOP01-DEL02-MT"
373783;2021-07-30;"sexta-feira";"07:30:00";"MG";262;575,6;"CORREGO DANTA";"Velocidade Incompatível";"Colisão lateral sentido oposto";"Sem Vítimas";"Pleno dia";"Decrescente";"Sol";"Simples";"Curva";"Não";3;0;0;0;2;3;0;5;-19,69297478;-46,03637682;"SPRF-MG";"DEL08-MG";"UOP02-DEL08-MG"
373784;2021-07-30;"sexta-feira";"12:10:00";"RN";101;104;"PARNAMIRIM";"Condutor deixou de manter distância do veículo da frente";"Colisão lateral mesmo sentido";"Com Vítimas Feridas";"Pleno dia";"Crescente";"Céu Claro";"Dupla";"Reta";"Sim";2;0;1;0;1;0;1;2;-5,89284641;-35,25830269;"SPRF-RN";"DEL01-RN";"UOP01-DEL01-RN"
373789;2021-07-30;"sexta-feira";"12:50:00";"SP";381;81;"SAO PAULO";"Reação tardia ou ineficiente do condutor";"Colisão lateral mesmo sentido";"Com Vítimas Feridas";"Pleno dia";"Crescente";"Céu Claro";"Múltipla";"Reta";"Sim";5;0;1;0;3;1;1;3;-23,41704481;-46,58022057;"SPRF-SP";"DEL03-SP";"UOP01-DEL03-SP"
373793;2021-07-30;"sexta-feira";"06:40:00";"MA";230;90;"SAO JOAO DOS PATOS";"Falta de acostamento";"Tombamento";"Com Vítimas Feridas";"Pleno dia";"Crescente";"Céu Claro";"Simples";"Curva";"Não";3;0;2;0;0;1;2;2;-6,49944453;-43,68407151;"SPRF-PI";"DEL03-PI";"UOP01-DEL03-PI"
373796;2021-07-30;"sexta-feira";"13:20:00";"SE";235;39,7;"AREIA BRANCA";"Ultrapassagem Indevida";"Colisão frontal";"Com Vítimas Feridas";"Pleno dia";"Decrescente";"Sol";"Simples";"Reta";"Não";4;0;0;2;1;1;2;3;-10,769717;-37,35527;"SPRF-SE";"DEL01-SE";"UOP02-DEL01-SE"
373797;2021-07-30;"sexta-feira";"13:10:00";"PR";153;3,5;"IMBITUVA";"Carga excessiva e/ou mal acondicionada";"Derramamento de carga";"Com Vítimas Feridas";"Pleno dia";"Crescente";"Céu Claro";"Simples";"Reta";"Não";2;0;1;0;1;0;1;2;-25,237;-50,617;"SPRF-PR";"DEL03-PR";"UOP03-DEL03-PR"
373802;2021-01-25;"segunda-feira";"23:15:00";"PI";316;219;"VALENCA DO PIAUI";"Condutor Dormindo";"Colisão frontal";"Com Vítimas Fatais";"Plena Noite";"Decrescente";"Céu Claro";"Simples";"Reta";"Não";3;1;0;0;1;1;0;3;-6,46407203;-41,7452732;"SPRF-PI";"DEL04-PI";"UOP02-DEL04-PI"
373810;2021-07-30;"sexta-feira";"08:40:00";"RO";364;454;"CACAULANDIA";"Reação tardia ou ineficiente do condutor";"Colisão frontal";"Com Vítimas Feridas";"Pleno dia";"Crescente";"Céu Claro";"Simples";"Reta";"Não";5;0;0;2;2;5;2;8;-10,27805943;-62,68306531;"SPRF-RO";"DEL03-RO";"UOP02-DEL03-RO"
373811;2021-07-30;"sexta-feira";"14:15:00";"PR";277;161,7;"PALMEIRA";"Demais falhas mecânicas ou elétricas";"Incêndio";"Sem Vítimas";"Pleno dia";"Crescente";"Céu Claro";"Simples";"Reta";"Não";2;0;0;0;1;1;0;2;-25,47289;-49,895964;"SPRF-PR";"DEL01-PR";"UOP03-DEL03-PR"
373813;2021-07-30;"sexta-feira";"15:00:00";"MG";459;64,8;"SENADOR JOSE BENTO";"Curva acentuada";"Tombamento";"Com Vítimas Feridas";"Pleno dia";"Crescente";"Céu Claro";"Simples";"Declive";"Não";2;0;1;0;0;1;1;2;-22,106401;-46,178806;"SPRF-MG";"DEL09-MG";"UOP01-DEL09-MG"
373817;2021-07-30;"sexta-feira";"11:17:00";"MG";116;522;"CARATINGA";"Frear bruscamente";"Colisão lateral sentido oposto";"Com Vítimas Feridas";"Pleno dia";"Crescente";"Céu Claro";"Simples";"Reta";"Não";4;0;3;0;1;0;3;4;-19,74300101;-42,13231969;"SPRF-MG";"DEL06-MG";"UOP02-DEL06-MG"
373820;2021-07-30;"sexta-feira";"14:45:00";"RS";116;243;"SAO LEOPOLDO";"Reação tardia ou ineficiente do condutor";"Colisão traseira";"Com Vítimas Feridas";"Pleno dia";"Crescente";"Céu Claro";"Dupla";"Viaduto";"Sim";3;0;0;1;2;0;1;3;-29,73068083;-51,14954537;"SPRF-RS";"DEL01-RS";"UOP02-DEL01-RS"
373822;2021-07-30;"sexta-feira";"14:45:00";"PR";376;429;"TIBAGI";"Ingestão de álcool pelo condutor";"Colisão traseira";"Sem Vítimas";"Pleno dia";"Decrescente";"Céu Claro";"Simples";"Aclive;Em Obras";"Não";3;0;0;0;2;1;0;3;-24,78765388;-50,50695374;"SPRF-PR";"DEL03-PR";"UOP02-DEL03-PR"
373828;2021-07-30;"sexta-feira";"15:50:00";"MG";50;20;"ARAGUARI";"Condutor deixou de manter distância do veículo da frente";"Colisão traseira";"Com Vítimas Feridas";"Pleno dia";"Crescente";"Céu Claro";"Múltipla";"Aclive";"Não";3;0;1;0;1;3;1;5;-18,58721011;-48,05645629;"SPRF-MG";"DEL15-MG";"UOP02-DEL15-MG"
373840;2021-07-30;"sexta-feira";"17:00:00";"ES";259;32;"COLATINA";"Acessar a via sem observar a presença dos outros veículos";"Colisão transversal";"Com Vítimas Feridas";"Pleno dia";"Decrescente";"Céu Claro";"Múltipla";"Rotatória";"Sim";3;0;1;0;1;1;1;3;-19,57831211;-40,50880592;"SPRF-ES";"DEL02-ES";"UOP01-DEL02-ES"
373846;2021-07-30;"sexta-feira";"17:00:00";"SP";153;172;"GUAICARA";"Acessar a via sem observar a presença dos outros veículos";"Colisão transversal";"Sem Vítimas";"Pleno dia";"Decrescente";"Céu Claro";"Simples";"Reta";"Não";3;0;0;0;2;1;0;3;-21,61519396;-49,78601928;"SPRF-SP";"DEL07-SP";"UOP01-DEL07-SP"
373847;2021-07-30;"sexta-feira";"15:50:00";"RJ";101;269;"RIO BONITO";"Acessar a via sem observar a presença dos outros veículos";"Colisão lateral mesmo sentido";"Com Vítimas Feridas";"Pleno dia";"Crescente";"Céu Claro";"Dupla";"Reta";"Não";3;0;1;0;1;2;1;4;-22,71495082;-42,67804708;"SPRF-RJ";"DEL02-RJ";"UOP03-DEL02-RJ"
373850;2021-07-30;"sexta-feira";"17:20:00";"MG";381;358;"JOAO MONLEVADE";"Ultrapassagem Indevida";"Colisão frontal";"Com Vítimas Feridas";"Anoitecer";"Crescente";"Céu Claro";"Dupla";"Reta";"Não";3;0;0;1;2;0;1;3;-19,85592801;-43,21689055;"SPRF-MG";"DEL03-MG";"UOP01-DEL03-MG"
373854;2021-07-30;"sexta-feira";"17:03:00";"SC";116;233,1;"CORREIA PINTO";"Demais falhas mecânicas ou elétricas";"Colisão com objeto";"Com Vítimas Feridas";"Pleno dia";"Crescente";"Céu Claro";"Múltipla";"Reta";"Sim";1;0;1;0;0;0;1;1;-27,69766418;-50,33566475;"SPRF-SC";"DEL05-SC";"UOP01-DEL05-SC"
373866;2021-07-30;"sexta-feira";"16:15:00";"MG";365;404;"PATOS DE MINAS";"Ausência de sinalização";"Colisão traseira";"Com Vítimas Fatais";"Pleno dia";"Decrescente";"Céu Claro";"Simples";"Aclive";"Não";6;1;0;0;2;3;0;4;-18,63229053;-46,47393998;"SPRF-MG";"DEL10-MG";"UOP01-DEL10-MG"
373872;2021-07-30;"sexta-feira";"18:10:00";"BA";116;507;"SANTA TERESINHA";"Ultrapassagem Indevida";"Colisão lateral mesmo sentido";"Sem Vítimas";"Plena Noite";"Crescente";"Nublado";"Simples";"Reta";"Não";4;0;0;0;3;2;0;5;-12,62095083;-39,58484008;"SPRF-BA";"DEL03-BA";"UOP02-DEL03-BA"
373879;2021-07-30;"sexta-feira";"15:40:00";"RO";364;673;"CANDEIAS DO JAMARI";"Demais falhas na via";"Tombamento";"Sem Vítimas";"Pleno dia";"Crescente";"Céu Claro";"Simples";"Reta";"Não";2;0;0;0;1;3;0;4;-8,779635;-63,532641;"SPRF-RO";"DEL01-RO";"UOP01-DEL01-RO"
373881;2021-07-30;"sexta-feira";"18:05:00";"BA";116;813,9;"VITORIA DA CONQUISTA";"Acessar a via sem observar a presença dos outros veículos";"Colisão transversal";"Sem Vítimas";"Plena Noite";"Decrescente";"Céu Claro";"Simples";"Reta";"Sim";3;0;0;0;1;2;0;3;-14,76880012;-40,71367294;"SPRF-BA";"DEL08-BA";"UOP01-DEL08-BA"
373895;2021-07-30;"sexta-feira";"19:20:00";"SC";282;175,7;"BOCAINA DO SUL";"Entrada inopinada do pedestre";"Atropelamento de Pedestre";"Com Vítimas Fatais";"Plena Noite";"Decrescente";"Nublado";"Simples";"Reta";"Não";9;1;0;0;7;1;0;5;-27,740575;-49,898779;"SPRF-SC";"DEL05-SC";"UOP01-DEL05-SC"
373914;2021-07-30;"sexta-feira";"20:30:00";"RS";290;148,2;"ELDORADO DO SUL";"Condutor Dormindo";"Colisão com objeto";"Com Vítimas Feridas";"Plena Noite";"Crescente";"Céu Claro";"Simples";"Ponte;Reta";"Não";3;0;0;1;1;1;1;3;-30,10666243;-51,69464165;"SPRF-RS";"DEL02-RS";"UOP01-DEL02-RS"
373922;2021-07-30;"sexta-feira";"22:10:00";"PA";316;111;"SANTA MARIA DO PARA";"Transitar na contramão";"Colisão frontal";"Com Vítimas Fatais";"Plena Noite";"Crescente";"Céu Claro";"Simples";"Reta";"Não";3;1;0;0;1;1;0;3;-1,31658;-47,5063;"SPRF-PA";"DEL01-PA";"UOP02-DEL01-PA"
373930;2021-07-30;"sexta-feira";"11:45:00";"BA";242;660;"MUQUEM DE SAO FRANCISCO";"Demais falhas mecânicas ou elétricas";"Eventos atípicos";"Sem Vítimas";"Pleno dia";"Crescente";"Céu Claro";"Simples";"Reta";"Não";2;0;0;0;1;2;0;3;-12,216241;-43,861395;"SPRF-BA";"DEL06-BA";"UOP03-DEL06-BA"
373943;2021-07-31;"sábado";"01:10:00";"SC";470;111,3;"IBIRAMA";"Velocidade Incompatível";"Tombamento";"Com Vítimas Feridas";"Plena Noite";"Decrescente";"Céu Claro";"Simples";"Curva;Aclive";"Não";3;0;2;0;0;1;2;2;-27,095388;-49,457878;"SPRF-SC";"DEL04-SC";"UOP02-DEL04-SC"
373944;2021-07-30;"sexta-feira";"21:07:00";"MG";262;524;"LUZ";"Acessar a via sem observar a presença dos outros veículos";"Colisão transversal";"Com Vítimas Fatais";"Plena Noite";"Crescente";"Céu Claro";"Simples";"Reta";"Não";3;1;0;0;1;2;0;4;-19,78350352;-45,69385529;"SPRF-MG";"DEL08-MG";"UOP03-DEL08-MG"
373948;2021-07-30;"sexta-feira";"15:00:00";"GO";364;268;"MINEIROS";"Reação tardia ou ineficiente do condutor";"Saída de leito carroçável";"Com Vítimas Feridas";"Pleno dia";"Crescente";"Céu Claro";"Simples";"Curva";"Não";2;0;1;0;0;3;1;4;-17,67066;-52,293964;"SPRF-GO";"DEL05-GO";"UOP01-DEL05-GO"
373950;2021-07-31;"sábado";"02:05:00";"PR";277;389;"CANDOI";"Transitar na contramão";"Colisão lateral sentido oposto";"Com Vítimas Feridas";"Plena Noite";"Crescente";"Céu Claro";"Simples";"Reta";"Não";4;0;1;0;2;1;1;3;-25,43663369;-51,81924307;"SPRF-PR";"DEL08-PR";"UOP01-DEL08-PR"
373952;2021-07-31;"sábado";"03:25:00";"SP";116;365;"MIRACATU";"Condutor Dormindo";"Tombamento";"Com Vítimas Feridas";"Plena Noite";"Crescente";"Céu Claro";"Dupla";"Curva";"Não";2;0;1;0;0;1;1;2;-24,14533813;-47,27537401;"SPRF-SP";"DEL04-SP";"UOP02-DEL04-SP"
373962;2021-07-31;"sábado";"04:30:00";"MG";40;580,5;"ITABIRITO";"Reação tardia ou ineficiente do condutor";"Colisão com objeto";"Com Vítimas Feridas";"Plena Noite";"Decrescente";"Céu Claro";"Dupla";"Curva";"Não";1;0;0;1;0;0;1;1;-20,29439498;-43,93886497;"SPRF-MG";"DEL01-MG";"UOP02-DEL01-MG"
373967;2021-07-30;"sexta-feira";"23:30:00";"MG";354;737;"POUSO ALTO";"Velocidade Incompatível";"Tombamento";"Sem Vítimas";"Plena Noite";"Crescente";"Céu Claro";"Simples";"Aclive;Curva";"Não";2;0;0;0;1;1;0;2;-22,20550588;-44,95828993;"SPRF-MG";"DEL17-MG";"UOP01-DEL17-MG"
373970;2021-07-31;"sábado";"06:30:00";"RJ";465;4;"SEROPEDICA";"Ingestão de álcool pelo condutor";"Colisão lateral sentido oposto";"Sem Vítimas";"Pleno dia";"Decrescente";"Céu Claro";"Simples";"Reta";"Sim";2;0;0;0;2;0;0;2;-22,740971;-43,705597;"SPRF-RJ";"DEL01-RJ";"UOP03-DEL01-RJ"
373973;2021-07-31;"sábado";"03:40:00";"RS";386;29;"FREDERICO WESTPHALEN";"Ingestão de álcool pelo condutor";"Colisão frontal";"Com Vítimas Feridas";"Plena Noite";"Crescente";"Céu Claro";"Simples";"Reta";"Não";2;0;0;1;1;0;1;2;-27,318573;-53,375618;"SPRF-RS";"DEL08-RS";"UOP02-DEL08-RS"
373974;2021-06-16;"quarta-feira";"13:15:00";"BA";116;466;"SANTO ESTEVAO";"Condutor deixou de manter distância do veículo da frente";"Colisão traseira";"Com Vítimas Feridas";"Pleno dia";"Decrescente";"Sol";"Dupla";"Reta";"Não";2;0;1;0;0;1;1;2;-12,45221025;-39,25402888;"SPRF-BA";"DEL02-BA";"UOP01-DEL02-BA"
373976;2021-07-31;"sábado";"08:00:00";"ES";101;118;"SOORETAMA";"Condutor deixou de manter distância do veículo da frente";"Colisão traseira";"Com Vítimas Feridas";"Pleno dia";"Decrescente";"Céu Claro";"Simples";"Reta";"Não";2;0;0;1;1;0;1;2;-19,12750105;-40,06705989;"SPRF-ES";"DEL04-ES";"UOP01-DEL04-ES"
373984;2021-07-15;"quinta-feira";"17:47:00";"SC";282;445,7;"PONTE SERRADA";"Velocidade Incompatível";"Colisão frontal";"Com Vítimas Fatais";"Anoitecer";"Decrescente";"Garoa/Chuvisco";"Simples";"Curva;Aclive";"Não";3;1;0;0;1;2;0;4;-26,91525866;-51,90503597;"SPRF-SC";"DEL07-SC";"UOP04-DEL07-SC"
373988;2021-07-30;"sexta-feira";"17:30:00";"TO";153;644,6;"DUERE";"Condutor deixou de manter distância do veículo da frente";"Colisão lateral sentido oposto";"Com Vítimas Fatais";"Anoitecer";"Decrescente";"Céu Claro";"Simples";"Reta";"Não";7;1;2;0;3;6;2;11;-11,48856233;-49,0028735;"SPRF-TO";"DEL01-TO";"UOP02-DEL01-TO"
373991;2021-07-31;"sábado";"02:00:00";"BA";101;542;"SAO JOSE DA VITORIA";"Pedestre andava na pista";"Atropelamento de Pedestre";"Com Vítimas Fatais";"Plena Noite";"Decrescente";"Nevoeiro/Neblina";"Simples";"Reta";"Não";2;1;0;0;1;0;0;2;-15,091707;-39,347366;"SPRF-BA";"DEL05-BA";"UOP02-DEL05-BA"
373996;2021-07-31;"sábado";"07:30:00";"BA";116;380,9;"SANTA BARBARA";"Condutor Dormindo";"Saída de leito carroçável";"Com Vítimas Feridas";"Pleno dia";"Crescente";"Chuva";"Simples";"Reta";"Não";2;0;1;0;0;1;1;2;-11,84971195;-38,97600042;"SPRF-BA";"DEL02-BA";"UOP01-DEL02-BA"
374001;2021-07-31;"sábado";"03:00:00";"PR";376;602;"CURITIBA";"Transitar na contramão";"Colisão frontal";"Sem Vítimas";"Plena Noite";"Crescente";"Nublado";"Dupla";"Reta";"Não";2;0;0;0;1;1;0;2;-25,54329052;-49,30719981;"SPRF-PR";"DEL01-PR";"UOP01-DEL01-PR"
374012;2021-07-31;"sábado";"05:50:00";"BA";101;575;"ARATACA";"Objeto estático sobre o leito carroçável";"Colisão frontal";"Com Vítimas Feridas";"Amanhecer";"Crescente";"Céu Claro";"Simples";"Reta";"Não";3;0;2;0;1;0;2;2;-15,305151;-39,493939;"SPRF-BA";"DEL05-BA";"UOP02-DEL05-BA"
374014;2021-07-31;"sábado";"10:45:00";"ES";262;151;"IBATIBA";"Problema com o freio";"Tombamento";"Com Vítimas Feridas";"Pleno dia";"Crescente";"Céu Claro";"Simples";"Curva";"Não";2;0;0;1;0;1;1;2;-20,2148829;-41,44925529;"SPRF-ES";"DEL01-ES";"UOP02-DEL01-ES"
374016;2021-07-31;"sábado";"02:55:00";"RO";364;630;"ITAPUA DO OESTE";"Ausência de reação do condutor";"Colisão com objeto";"Com Vítimas Fatais";"Plena Noite";"Decrescente";"Céu Claro";"Dupla";"Curva";"Não";3;1;1;0;1;0;1;1;-9,08302052;-63,3715249;"SPRF-RO";"DEL01-RO";"UOP04-DEL01-RO"
374018;2021-07-31;"sábado";"11:45:00";"PR";376;219,8;"JANDAIA DO SUL";"Ausência de reação do condutor";"Saída de leito carroçável";"Com Vítimas Feridas";"Pleno dia";"Crescente";"Céu Claro";"Dupla";"Reta";"Não";1;0;0;1;0;0;1;1;-23,59805329;-51,60575514;"SPRF-PR";"DEL09-PR";"UOP01-DEL09-PR"
374037;2021-07-31;"sábado";"13:50:00";"MT";158;362,7;"BOM JESUS DO ARAGUAIA";"Ausência de reação do condutor";"Colisão lateral sentido oposto";"Com Vítimas Feridas";"Pleno dia";"Decrescente";"Sol";"Simples";"Reta";"Não";2;0;1;0;1;0;1;2;-12,43754286;-51,75958815;"SPRF-MT";"DEL07-MT";"UOP02-DEL07-MT"
374039;2021-07-31;"sábado";"13:30:00";"BA";116;406;"FEIRA DE SANTANA";"Condutor deixou de manter distância do veículo da frente";"Colisão traseira";"Com Vítimas Feridas";"Pleno dia";"Crescente";"Chuva";"Dupla";"Reta";"Sim";5;0;1;0;3;1;1;3;-12,081626;-38,9693841;"SPRF-BA";"DEL02-BA";"UOP01-DEL02-BA"
374040;2021-07-31;"sábado";"13:10:00";"MT";163;60;"RONDONOPOLIS";"Condutor Dormindo";"Saída de leito carroçável";"Com Vítimas Fatais";"Pleno dia";"Decrescente";"Céu Claro";"Dupla";"Reta";"Não";2;1;0;0;0;1;0;2;-16,98753512;-54,75044767;"SPRF-MT";"DEL02-MT";"UOP01-DEL02-MT"
374044;2021-07-31;"sábado";"15:00:00";"ES";101;298,3;"CARIACICA";"Manobra de mudança de faixa";"Colisão lateral mesmo sentido";"Com Vítimas Feridas";"Pleno dia";"Decrescente";"Nublado";"Dupla";"Reta";"Sim";4;0;2;0;1;1;2;3;-20,35374444;-40,4156433;"SPRF-ES";"DEL01-ES";"UOP01-DEL01-ES"
374062;2021-07-31;"sábado";"11:30:00";"BA";116;435;"FEIRA DE SANTANA";"Reação tardia ou ineficiente do condutor";"Colisão lateral mesmo sentido";"Com Vítimas Fatais";"Pleno dia";"Crescente";"Garoa/Chuvisco";"Dupla";"Reta";"Não";3;1;0;0;1;1;0;3;-12,32698284;-39,05916329;"SPRF-BA";"DEL02-BA";"UOP01-DEL02-BA"
374066;2021-07-31;"sábado";"16:00:00";"SC";470;176,6;"POUSO REDONDO";"Velocidade Incompatível";"Colisão frontal";"Com Vítimas Feridas";"Pleno dia";"Crescente";"Sol";"Simples";"Reta;Aclive";"Sim";3;0;1;1;1;0;2;2;-27,25272202;-49,95135784;"SPRF-SC";"DEL04-SC";"UOP02-DEL04-SC"
374068;2021-07-31;"sábado";"16:25:00";"SC";280;37,5;"ARAQUARI";"Ingestão de álcool pelo condutor";"Colisão lateral sentido oposto";"Com Vítimas Feridas";"Pleno dia";"Decrescente";"Céu Claro";"Simples";"Curva";"Não";2;0;1;0;1;0;1;2;-26,44572892;-48,81862707;"SPRF-SC";"DEL03-SC";"UOP03-DEL03-SC"