"id";"data_inversa";"dia_semana";"horario";"uf";"br";"km";"municipio";"causa_acidente";"tipo_acidente";"classificacao_acidente";"fase_dia";"sentido_via";"condicao_metereologica";"tipo_pista";"tracado_via";"uso_solo";"pessoas";"mortos";"feridos_leves";"feridos_graves";"ilesos";"ignorados";"feridos";"veiculos";"latitude";"longitude";"regional";"delegacia";"uop"
374764;2021-08-03;"terça-feira";"20:03:00";"MG";262;767;"UBERABA";"Reação tardia ou ineficiente do condutor";"Capotamento";"Com Vítimas Fatais";"Plena Noite";"Decrescente";"Céu Claro";"Simples";"Reta";"Não";1;1;0;0;0;0;0;1;-19,669074;-47,614019;"SPRF-MG";"DEL13-MG";"UOP01-DEL13-MG"
374766;2021-08-03;"terça-feira";"21:00:00";"MT";70;125;"GENERAL CARNEIRO";"Reação tardia ou ineficiente do condutor";"Saída de leito carroçável";"Sem Vítimas";"Plena Noite";"Decrescente";"Céu Claro";"Simples";"Reta";"Não";2;0;0;0;1;1;0;2;-15,59461561;-53,16440057;"SPRF-MT";"DEL07-MT";"UOP01-DEL07-MT"
374770;2021-08-04;"quarta-feira";"03:30:00";"MT";163;116,1;"RONDONOPOLIS";"Condutor Dormindo";"Saída de leito carroçável";"Com Vítimas Feridas";"Plena Noite";"Decrescente";"Céu Claro";"Dupla";"Reta";"Sim";2;0;1;0;0;2;1;3;-16,53003388;-54,66247426;"SPRF-MT";"DEL02-MT";"UOP01-DEL02-MT"
374776;2021-08-04;"quarta-feira";"05:40:00";"SC";282;406;"CATANDUVAS";"Demais falhas mecânicas ou elétricas";"Incêndio";"Sem Vítimas";"Amanhecer";"Decrescente";"Nublado";"Simples";"Aclive";"Não";2;0;0;0;1;1;0;2;-27,092703;-51,659904;"SPRF-SC";"DEL07-SC";"UOP05-DEL07-SC"
374778;2021-08-04;"quarta-feira";"07:00:00";"RJ";493;71;"NOVA IGUACU";"Mal súbito do condutor";"Colisão transversal";"Com Vítimas Feridas";"Amanhecer";"Decrescente";"Nevoeiro/Neblina";"Dupla";"Reta";"Não";6;0;1;0;4;1;1;4;-22,688;-43,5;"SPRF-RJ";"DEL01-RJ";"UOP03-DEL01-RJ"
374784;2021-08-04;"quarta-feira";"05:20:00";"PR";153;89,9;"JAPIRA";"Demais falhas mecânicas ou elétricas";"Tombamento";"Com Vítimas Feridas";"Amanhecer";"Decrescente";"Céu Claro";"Simples";"Reta";"Não";2;0;1;0;0;1;1;2;-23,67939688;-50,16798214;"SPRF-PR";"DEL07-PR";"UOP04-DEL07-PR"
374786;2021-08-04;"quarta-feira";"07:40:00";"CE";116;23;"ITAITINGA";"Acesso irregular";"Colisão transversal";"Com Vítimas Feridas";"Pleno dia";"Decrescente";"Sol";"Dupla";"Reta";"Sim";2;0;1;0;1;0;1;2;-3,94905489;-38,51212845;"SPRF-CE";"DEL01-CE";"UOP02-DEL01-CE"
374790;2021-08-04;"quarta-feira";"06:30:00";"MS";158;71;"PARANAIBA";"Condutor deixou de manter distância do veículo da frente";"Colisão traseira";"Sem Vítimas";"Pleno dia";"Crescente";"Céu Claro";"Simples";"Reta";"Não";5;0;0;0;4;6;0;10;-19,49576104;-51,28853206;"SPRF-MS";"DEL08-MS";"UOP01-DEL08-MS"
374792;2021-08-04;"quarta-feira";"09:10:00";"MG";146;462,3;"BOTELHOS";"Conversão proibida";"Colisão traseira";"Com Vítimas Feridas";"Pleno dia";"Decrescente";"Céu Claro";"Simples";"Aclive";"Não";2;0;1;0;1;0;1;2;-21,63764347;-46,40487671;"SPRF-MG";"DEL09-MG";"UOP01-DEL09-MG"
374794;2021-07-24;"sábado";"01:45:00";"ES";101;55,1;"SAO MATEUS";"Ingestão de álcool pelo condutor";"Colisão lateral mesmo sentido";"Com Vítimas Feridas";"Plena Noite";"Crescente";"Nublado";"Simples";"Reta";"Não";3;0;1;0;1;2;1;4;-18,62936998;-39,87925794;"SPRF-ES";"DEL04-ES";"UOP02-DEL04-ES"
374797;2021-08-04;"quarta-feira";"06:40:00";"BA";101;299;"VALENCA";"Manobra de mudança de faixa";"Colisão frontal";"Com Vítimas Fatais";"Pleno dia";"Crescente";"Céu Claro";"Simples";"Reta";"Não";3;1;0;0;2;0;0;2;-13,255466;-39,323232;"SPRF-BA";"DEL01-BA";"UOP02-DEL01-BA"
374800;2021-08-04;"quarta-feira";"10:00:00";"SC";101;204,5;"SAO JOSE";"Condutor deixou de manter distância do veículo da frente";"Engavetamento";"Com Vítimas Feridas";"Pleno dia";"Crescente";"Céu Claro";"Múltipla";"Reta";"Sim";4;0;1;0;3;0;1;3;-27,57413014;-48,61363083;"SPRF-SC";"DEL01-SC";"UOP01-DEL01-SC"
374807;2021-08-04;"quarta-feira";"11:45:00";"PE";232;236,9;"PESQUEIRA";"Problema com o freio";"Tombamento";"Com Vítimas Feridas";"Pleno dia";"Decrescente";"Céu Claro";"Simples";"Curva";"Não";1;0;1;0;0;0;1;1;-8,4130238;-36,92650506;"SPRF-PE";"DEL03-PE";"UOP02-DEL03-PE"
374808;2021-06-01;"terça-feira";"22:00:00";"SC";101;185;"BIGUACU";"Ausência de reação do condutor";"Colisão traseira";"Sem Vítimas";"Plena Noite";"Decrescente";"Céu Claro";"Dupla";"Reta";"Não";4;0;0;0;3;2;0;5;-27,42536698;-48,62465876;"SPRF-SC";"DEL01-SC";"UOP01-DEL01-SC"
374810;2021-08-04;"quarta-feira";"10:10:00";"GO";414;402;"ABADIANIA";"Obstrução na via";"Colisão traseira";"Com Vítimas Feridas";"Pleno dia";"Decrescente";"Céu Claro";"Simples";"Reta";"Não";4;0;1;0;3;0;1;2;-15,99146056;-48,83559539;"SPRF-GO";"DEL02-GO";"UOP01-DEL02-GO"
374820;2021-08-04;"quarta-feira";"12:50:00";"MA";316;564,3;"CAXIAS";"Ultrapassagem Indevida";"Colisão frontal";"Com Vítimas Feridas";"Pleno dia";"Decrescente";"Sol";"Simples";"Reta;Declive";"Não";7;0;3;0;2;2;3;5;-4,900841;-43,250313;"SPRF-MA";"DEL03-MA";"UOP02-DEL03-MA"
374824;2021-07-28;"quarta-feira";"06:55:00";"SP";381;42;"ATIBAIA";"Ausência de reação do condutor";"Colisão traseira";"Com Vítimas Feridas";"Pleno dia";"Decrescente";"Chuva";"Dupla";"Reta";"Não";2;0;1;0;1;0;1;2;-23,147306;-46,57493202;"SPRF-SP";"DEL03-SP";"UOP01-DEL03-SP"
374829;2021-08-04;"quarta-feira";"13:00:00";"ES";101;314;"VILA VELHA";"Condutor deixou de manter distância do veículo da frente";"Colisão lateral mesmo sentido";"Com Vítimas Feridas";"Pleno dia";"Crescente";"Sol";"Dupla";"Reta";"Não";3;0;1;0;2;0;1;2;-20,461157;-40,46533;"SPRF-ES";"DEL01-ES";"UOP01-DEL01-ES"
374835;2021-08-04;"quarta-feira";"13:45:00";"ES";101;269,8;"SERRA";"Transitar na calçada";"Colisão lateral mesmo sentido";"Com Vítimas Feridas";"Pleno dia";"Decrescente";"Céu Claro";"Múltipla";"Reta";"Sim";3;0;1;0;1;1;1;3;-20,21740496;-40,26990578;"SPRF-ES";"DEL02-ES";"UOP01-DEL02-ES"
374837;2021-08-04;"quarta-feira";"14:00:00";"PB";230;28;"JOAO PESSOA";"Reação tardia ou ineficiente do condutor";"Saída de leito carroçável";"Sem Vítimas";"Pleno dia";"Decrescente";"Garoa/Chuvisco";"Dupla";"Viaduto";"Sim";1;0;0;0;1;0;0;1;-7,16536362;-34,89526033;"SPRF-PB";"DEL01-PB";"UOP01-DEL01-PB"
374840;2021-08-04;"quarta-feira";"14:00:00";"MT";163;906;"ITAUBA";"Condutor deixou de manter distância do veículo da frente";"Colisão frontal";"Com Vítimas Feridas";"Pleno dia";"Crescente";"Céu Claro";"Simples";"Reta";"Não";6;0;0;2;3;1;2;3;-11,25981407;-55,31092644;"SPRF-MT";"DEL06-MT";"NPF/DEL06-MT"
374841;2021-04-17;"sábado";"22:35:00";"BA";407;153;"FILADELFIA";"Velocidade Incompatível";"Colisão transversal";"Com Vítimas Fatais";"Plena Noite";"Crescente";"Céu Claro";"Simples";"Reta";"Não";3;2;1;0;0;0;1;2;-10,70788;-40,12392;"SPRF-BA";"DEL04-BA";"UOP01-DEL04-BA"
374842;2021-08-04;"quarta-feira";"10:00:00";"BA";116;324,5;"ARACI";"Demais falhas mecânicas ou elétricas";"Incêndio";"Sem Vítimas";"Pleno dia";"Crescente";"Céu Claro";"Simples";"Reta";"Não";1;0;0;0;1;0;0;1;-11,36524105;-38,96331864;"SPRF-BA";"DEL02-BA";"UOP01-DEL02-BA"
374843;2021-08-04;"quarta-feira";"11:40:00";"MG";40;415;"CURVELO";"Carga excessiva e/ou mal acondicionada";"Tombamento";"Sem Vítimas";"Pleno dia";"Decrescente";"Céu Claro";"Simples";"Reta";"Não";1;0;0;0;1;0;0;1;-19,14497555;-44,60882653;"SPRF-MG";"DEL02-MG";"UOP01-DEL02-MG"
374845;2021-08-04;"quarta-feira";"14:00:00";"MT";70;307,7;"DOM AQUINO";"Condutor deixou de manter distância do veículo da frente";"Colisão traseira";"Com Vítimas Feridas";"Pleno dia";"Decrescente";"Céu Claro";"Simples";"Reta";"Não";2;0;1;0;1;0;1;2;-15,57320641;-54,53149504;"SPRF-MT";"DEL05-MT";"UOP01-DEL05-MT"
374854;2021-08-04;"quarta-feira";"13:35:00";"PR";277;282,7;"PRUDENTOPOLIS";"Demais falhas mecânicas ou elétricas";"Saída de leito carroçável";"Com Vítimas Feridas";"Pleno dia";"Crescente";"Céu Claro";"Simples";"Reta;Declive";"Não";2;0;1;0;0;2;1;3;-25,31800829;-50,99512188;"SPRF-PR";"DEL03-PR";"UOP03-DEL03-PR"
374857;2021-08-04;"quarta-feira";"05:40:00";"MG";40;508;"RIBEIRAO DAS NEVES";"Demais falhas mecânicas ou elétricas";"Incêndio";"Sem Vítimas";"Amanhecer";"Decrescente";"Ignorado";"Dupla";"Reta";"Sim";2;0;0;0;1;1;0;2;-19,76061249;-44,1347544;"SPRF-MG";"DEL02-MG";"UOP01-DEL02-MG"
374858;2021-08-04;"quarta-feira";"01:00:00";"RO";364;1061;"PORTO VELHO";"Demais falhas mecânicas ou elétricas";"Tombamento";"Com Vítimas Feridas";"Plena Noite";"Crescente";"Céu Claro";"Simples";"Declive";"Não";2;0;1;0;0;1;1;2;-9,78209329;-66,55953716;"SPRF-RO";"DEL01-RO";"UOP03-DEL01-RO"
374860;2021-08-04;"quarta-feira";"14:15:00";"PR";476;206,1;"LAPA";"Velocidade Incompatível";"Colisão frontal";"Com Vítimas Fatais";"Pleno dia";"Crescente";"Sol";"Simples";"Reta";"Não";7;1;0;4;1;1;4;3;-25,778587;-49,813869;"SPRF-PR";"DEL02-PR";"UOP04-DEL02-PR"
374862;2021-08-04;"quarta-feira";"16:45:00";"RS";158;326;"SANTA MARIA";"Conversão proibida";"Colisão transversal";"Com Vítimas Feridas";"Pleno dia";"Crescente";"Céu Claro";"Simples";"Desvio Temporário;Declive;Reta";"Sim";5;0;1;0;4;0;1;2;-29,71349031;-53,8156504;"SPRF-RS";"DEL09-RS";"UOP01-DEL09-RS"
374863;2021-08-04;"quarta-feira";"11:00:00";"PR";376;595;"CURITIBA";"Condutor deixou de manter distância do veículo da frente";"Colisão traseira";"Com Vítimas Feridas";"Pleno dia";"Crescente";"Nublado";"Dupla";"Curva";"Sim";3;0;0;1;1;1;1;3;-25,49317991;-49,34370776;"SPRF-PR";"DEL01-PR";"UOP01-DEL01-PR"
374864;2021-07-11;"domingo";"08:30:00";"AL";104;59;"MURICI";"Ingestão de álcool pelo condutor";"Colisão lateral sentido oposto";"Sem Vítimas";"Pleno dia";"Decrescente";"Nublado";"Simples";"Reta";"Sim";3;0;0;0;2;1;0;3;-9,30725223;-35,94003311;"SPRF-AL";"DEL01-AL";"UOP02-DEL01-AL"
374865;2021-08-04;"quarta-feira";"15:00:00";"PE";116;53;"SALGUEIRO";"Ausência de reação do condutor";"Saída de leito carroçável";"Com Vítimas Feridas";"Pleno dia";"Crescente";"Céu Claro";"Simples";"Reta";"Não";2;0;1;0;0;1;1;2;-8,302283;-39,122154;"SPRF-PE";"DEL05-PE";"UOP01-DEL05-PE"
374869;2021-08-04;"quarta-feira";"14:00:00";"GO";60;385,6;"RIO VERDE";"Reação tardia ou ineficiente do condutor";"Colisão traseira";"Com Vítimas Feridas";"Pleno dia";"Decrescente";"Sol";"Dupla";"Reta;Aclive";"Sim";3;0;0;1;1;1;1;3;-17,7964;-50,914;"SPRF-GO";"DEL04-GO";"UOP01-DEL04-GO"
374874;2021-08-04;"quarta-feira";"11:00:00";"RJ";40;90;"PETROPOLIS";"Reação tardia ou ineficiente do condutor";"Saída de leito carroçável";"Com Vítimas Fatais";"Pleno dia";"Crescente";"Nublado";"Simples";"Reta;Declive";"Não";2;1;0;0;0;1;0;2;-22,550738;-43,236397;"SPRF-RJ";"DEL06-RJ";"UOP01-DEL06-RJ"
374875;2021-08-04;"quarta-feira";"10:20:00";"AC";364;252;"SENA MADUREIRA";"Ausência de reação do condutor";"Colisão traseira";"Sem Vítimas";"Pleno dia";"Crescente";"Céu Claro";"Simples";"Declive";"Não";2;0;0;0;2;0;0;2;-9,20936908;-68,5381941;"SPRF-AC";"DEL01-AC";"UOP01-DEL01-AC"
374883;2021-08-04;"quarta-feira";"06:30:00";"BA";116;509,5;"SANTA TERESINHA";"Reação tardia ou ineficiente do condutor";"Saída de leito carroçável";"Com Vítimas Feridas";"Amanhecer";"Decrescente";"Sol";"Simples";"Reta";"Não";2;0;1;0;0;1;1;2;-12,62998772;-39,58739072;"SPRF-BA";"DEL03-BA";"UOP02-DEL03-BA"
374884;2021-07-19;"segunda-feira";"02:45:00";"AL";101;86;"RIO LARGO";"Reação tardia ou ineficiente do condutor";"Colisão traseira";"Com Vítimas Fatais";"Pleno dia";"Crescente";"Céu Claro";"Dupla";"Reta";"Não";3;1;0;0;1;1;0;3;-9,47238667;-35,88083026;"SPRF-AL";"DEL01-AL";"UOP01-DEL01-AL"
374888;2021-08-04;"quarta-feira";"19:15:00";"MG";40;652,2;"CRISTIANO OTONI";"Retorno proibido";"Colisão transversal";"Com Vítimas Feridas";"Plena Noite";"Decrescente";"Céu Claro";"Simples";"Curva";"Não";3;0;0;1;2;0;1;2;-20,846147;-43,797912;"SPRF-MG";"DEL05-MG";"UOP02-DEL05-MG"
374896;2021-08-04;"quarta-feira";"18:55:00";"PR";376;507,5;"PONTA GROSSA";"Reação tardia ou ineficiente do condutor";"Colisão traseira";"Sem Vítimas";"Plena Noite";"Crescente";"Céu Claro";"Dupla";"Reta";"Não";3;0;0;0;1;3;0;4;-25,24704785;-50,02183083;"SPRF-PR";"DEL03-PR";"UOP01-DEL03-PR"
374900;2021-08-04;"quarta-feira";"18:40:00";"GO";60;220;"CEZARINA";"Ausência de reação do condutor";"Saída de leito carroçável";"Com Vítimas Feridas";"Plena Noite";"Decrescente";"Céu Claro";"Dupla";"Reta";"Não";2;0;1;0;0;2;1;3;-16,9809;-49,7475;"SPRF-GO";"DEL01-GO";"UOP02-DEL01-GO"
374901;2021-05-20;"quinta-feira";"12:00:00";"SC";101;336,4;"TUBARAO";"Manobra de mudança de faixa";"Colisão transversal";"Com Vítimas Feridas";"Pleno dia";"Crescente";"Sol";"Múltipla";"Reta";"Não";3;0;0;1;1;1;1;3;-28,47311347;-49,02437375;"SPRF-SC";"DEL02-SC";"UOP01-DEL02-SC"
374905;2021-08-04;"quarta-feira";"19:30:00";"SP";116;193;"ARUJA";"Ingestão de álcool pelo condutor";"Colisão traseira";"Com Vítimas Feridas";"Plena Noite";"Crescente";"Céu Claro";"Dupla";"Reta";"Não";4;0;2;0;1;1;2;4;-23,380407;-46,258509;"SPRF-SP";"DEL01-SP";"UOP01-DEL01-SP"
374907;2021-08-04;"quarta-feira";"16:45:00";"MA";316;401,4;"ALTO ALEGRE DO MARANHAO";"Acessar a via sem observar a presença dos outros veículos";"Colisão transversal";"Com Vítimas Feridas";"Pleno dia";"Decrescente";"Céu Claro";"Simples";"Reta";"Sim";3;0;1;1;1;0;2;2;-4,206411;-44,453041;"SPRF-MA";"DEL03-MA";"UOP01-DEL03-MA"
374910;2021-08-04;"quarta-feira";"19:15:00";"SP";116;354;"MIRACATU";"Ausência de reação do condutor";"Incêndio";"Sem Vítimas";"Plena Noite";"Decrescente";"Céu Claro";"Dupla";"Aclive";"Não";1;0;0;0;1;0;0;1;-24,07491092;-47,24973213;"SPRF-SP";"DEL04-SP";"UOP02-DEL04-SP"
374914;2021-08-04;"quarta-feira";"19:55:00";"SP";116;1,9;"QUELUZ";"Manobra de mudança de faixa";"Colisão lateral mesmo sentido";"Sem Vítimas";"Plena Noite";"Crescente";"Céu Claro";"Dupla";"Reta";"Não";3;0;0;0;2;1;0;3;-22,51857322;-44,70793587;"SPRF-SP";"DEL08-SP";"UOP02-DEL08-SP"
374921;2021-08-04;"quarta-feira";"14:10:00";"MA";230;439;"BALSAS";"Ausência de reação do condutor";"Colisão traseira";"Com Vítimas Feridas";"Pleno dia";"Decrescente";"Céu Claro";"Simples";"Reta";"Não";4;0;0;2;1;2;2;5;-7,43484615;-46,3414001;"SPRF-MA";"DEL05-MA";"UOP01-DEL05-MA"
374930;2021-07-28;"quarta-feira";"06:30:00";"SP";116;70,6;"APARECIDA";"Chuva";"Colisão com objeto";"Com Vítimas Feridas";"Amanhecer";"Decrescente";"Chuva";"Dupla";"Declive;Curva";"Não";4;0;2;0;1;1;2;3;-22,84852898;-45,22705084;"SPRF-SP";"DEL08-SP";"UOP01-DEL08-SP"
374931;2021-08-04;"quarta-feira";"20:40:00";"PR";476;348;"PAULA FREITAS";"Condutor Dormindo";"Colisão frontal";"Com Vítimas Feridas";"Plena Noite";"Crescente";"Nublado";"Simples";"Curva";"Não";3;0;1;0;1;4;1;6;-26,181463;-50,960186;"SPRF-PR";"DEL02-PR";"UOP03-DEL02-PR"
374939;2021-08-04;"quarta-feira";"22:55:00";"RJ";40;109;"DUQUE DE CAXIAS";"Ingestão de álcool e/ou substâncias psicoativas pelo pedestre";"Colisão lateral mesmo sentido";"Sem Vítimas";"Plena Noite";"Decrescente";"Nublado";"Dupla";"Curva";"Sim";4;0;0;0;3;1;0;4;-22,67374628;-43,28638368;"SPRF-RJ";"DEL01-RJ";"UOP01-DEL01-RJ"
374943;2021-08-04;"quarta-feira";"15:00:00";"PR";153;512;"GENERAL CARNEIRO";"Manobra de mudança de faixa";"Saída de leito carroçável";"Sem Vítimas";"Pleno dia";"Decrescente";"Céu Claro";"Simples";"Reta;Aclive";"Não";3;0;0;0;1;2;0;3;-26,53862646;-51,41584396;"SPRF-PR";"DEL02-PR";"UOP03-DEL02-PR"
374947;2021-08-04;"quarta-feira";"23:55:00";"PR";116;2;"CAMPINA GRANDE DO SUL";"Curva acentuada";"Saída de leito carroçável";"Com Vítimas Feridas";"Plena Noite";"Crescente";"Chuva";"Dupla";"Curva";"Não";2;0;1;0;0;1;1;2;-25,06602975;-48,57857703;"SPRF-PR";"DEL01-PR";"UOP02-DEL01-PR"
374948;2021-08-05;"quinta-feira";"00:40:00";"RJ";101;60;"CAMPOS DOS GOYTACAZES";"Condutor desrespeitou a iluminação vermelha do semáforo";"Colisão transversal";"Sem Vítimas";"Plena Noite";"Decrescente";"Céu Claro";"Simples";"Retorno Regulamentado";"Sim";3;0;0;0;2;1;0;2;-21,72048414;-41,31448591;"SPRF-RJ";"DEL08-RJ";"UOP01-DEL08-RJ"
374951;2021-08-04;"quarta-feira";"17:15:00";"BA";116;663,6;"JEQUIE";"Velocidade Incompatível";"Tombamento";"Com Vítimas Fatais";"Pleno dia";"Decrescente";"Céu Claro";"Simples";"Reta";"Não";2;1;0;0;0;1;0;2;-13,72455201;-40,09665291;"SPRF-BA";"DEL03-BA";"UOP01-DEL03-BA"
374958;2021-08-05;"quinta-feira";"02:00:00";"MA";222;558;"BOM JESUS DAS SELVAS";"Transitar na contramão";"Colisão frontal";"Com Vítimas Fatais";"Plena Noite";"Crescente";"Céu Claro";"Simples";"Curva";"Não";3;1;0;0;1;1;0;3;-4,38537179;-46,67646097;"SPRF-MA";"DEL04-MA";"UOP03-DEL04-MA"
374961;2021-08-04;"quarta-feira";"14:45:00";"SC";282;421;"VARGEM BONITA";"Conversão proibida";"Colisão lateral mesmo sentido";"Com Vítimas Feridas";"Pleno dia";"Decrescente";"Céu Claro";"Simples";"Reta";"Sim";3;0;1;0;2;0;1;2;-27,0083994;-51,73650742;"SPRF-SC";"DEL07-SC";"UOP05-DEL07-SC"
374966;2021-08-05;"quinta-feira";"07:20:00";"PB";101;95,2;"CONDE";"Demais falhas mecânicas ou elétricas";"Saída de leito carroçável";"Sem Vítimas";"Pleno dia";"Decrescente";"Chuva";"Dupla";"Declive;Curva";"Sim";1;0;0;0;1;0;0;1;-7,21483297;-34,9117521;"SPRF-PB";"DEL01-PB";"UOP02-DEL01-PB"
374981;2021-08-05;"quinta-feira";"08:35:00";"SP";116;154;"SAO JOSE DOS CAMPOS";"Condutor deixou de manter distância do veículo da frente";"Queda de ocupante de veículo";"Com Vítimas Feridas";"Pleno dia";"Decrescente";"Nublado";"Simples";"Reta";"Sim";2;0;1;0;1;0;1;2;-23,23903999;-45,92061901;"SPRF-SP";"DEL02-SP";"UOP01-DEL02-SP"
374983;2021-08-05;"quinta-feira";"07:20:00";"PI";343;346,2;"TERESINA";"Condutor deixou de manter distância do veículo da frente";"Colisão traseira";"Sem Vítimas";"Pleno dia";"Decrescente";"Céu Claro";"Simples";"Reta";"Sim";2;0;0;0;2;0;0;2;-5,110751;-42,770531;"SPRF-PI";"DEL01-PI";"UOP01-DEL01-PI"
374985;2021-08-05;"quinta-feira";"03:00:00";"BA";242;492;"OLIVEIRA DOS BREJINHOS";"Reação tardia ou ineficiente do condutor";"Saída de leito carroçável";"Com Vítimas Feridas";"Plena Noite";"Decrescente";"Céu Claro";"Simples";"Curva";"Não";1;0;1;0;0;0;1;1;-12,402673;-42,387604;"SPRF-BA";"DEL06-BA";"UOP01-DEL06-BA"
374986;2021-08-05;"quinta-feira";"05:10:00";"TO";153;589;"SANTA RITA DO TOCANTINS";"Ausência de reação do condutor";"Tombamento";"Com Vítimas Feridas";"Amanhecer";"Decrescente";"Céu Claro";"Simples";"Reta";"Não";2;0;1;0;0;1;1;2;-10,998438;-48,90858893;"SPRF-TO";"DEL01-TO";"UOP01-DEL01-TO"
374987;2021-08-05;"quinta-feira";"07:30:00";"RJ";101;74;"CAMPOS DOS GOYTACAZES";"Ingestão de álcool pelo condutor";"Colisão lateral sentido oposto";"Com Vítimas Feridas";"Pleno dia";"Decrescente";"Céu Claro";"Simples";"Reta";"Sim";3;0;1;0;2;0;1;2;-21,807232;-41,39734312;"SPRF-RJ";"DEL08-RJ";"UOP02-DEL08-RJ"
374988;2021-08-05;"quinta-feira";"07:30:00";"MG";365;626,5;"UBERLANDIA";"Manobra de mudança de faixa";"Colisão lateral mesmo sentido";"Sem Vítimas";"Pleno dia";"Decrescente";"Céu Claro";"Dupla";"Reta";"Sim";2;0;0;0;2;0;0;2;-18,90659356;-48,33469405;"SPRF-MG";"DEL15-MG";"UOP01-DEL15-MG"
374989;2021-08-05;"quinta-feira";"07:40:00";"SC";282;601,5;"CUNHA PORA";"Acessar a via sem observar a presença dos outros veículos";"Colisão transversal";"Com Vítimas Feridas";"Pleno dia";"Crescente";"Céu Claro";"Simples";"Interseção de Vias";"Não";5;0;4;0;1;0;4;2;-26,80583971;-53,18086624;"SPRF-SC";"DEL07-SC";"UOP02-DEL07-SC"
374990;2021-08-05;"quinta-feira";"08:40:00";"MG";40;567;"NOVA LIMA";"Demais falhas na via";"Colisão lateral sentido oposto";"Com Vítimas Feridas";"Pleno dia";"Decrescente";"Céu Claro";"Simples";"Reta";"Não";3;0;1;0;1;2;1;4;-20,18749199;-43,96845002;"SPRF-MG";"DEL01-MG";"UOP02-DEL01-MG"
374992;2021-07-25;"domingo";"16:20:00";"PE";232;521,8;"SALGUEIRO";"Acessar a via sem observar a presença dos outros veículos";"Colisão traseira";"Com Vítimas Feridas";"Pleno dia";"Decrescente";"Sol";"Simples";"Reta";"Não";2;0;0;1;1;0;1;2;-8,06509887;-39,23283702;"SPRF-PE";"DEL05-PE";"UOP01-DEL05-PE"
375000;2021-08-05;"quinta-feira";"08:50:00";"BA";101;895,6;"CARAVELAS";"Chuva";"Colisão frontal";"Com Vítimas Fatais";"Pleno dia";"Crescente";"Chuva";"Simples";"Curva";"Não";6;1;0;2;2;1;2;3;-17,688655;-39,773171;"SPRF-BA";"DEL09-BA";"UOP02-DEL09-BA"
375001;2021-08-05;"quinta-feira";"08:00:00";"PR";153;41,6;"SANTO ANTONIO DA PLATINA";"Pedestre cruzava a pista fora da faixa";"Atropelamento de Pedestre";"Com Vítimas Fatais";"Pleno dia";"Decrescente";"Nublado";"Simples";"Reta";"Sim";4;1;0;0;1;2;0;3;-23,29579576;-50,06667654;"SPRF-PR";"DEL07-PR";"UOP04-DEL07-PR"
375002;2021-08-05;"quinta-feira";"07:40:00";"MG";365;685,7;"MONTE ALEGRE DE MINAS";"Velocidade Incompatível";"Tombamento";"Com Vítimas Feridas";"Pleno dia";"Decrescente";"Céu Claro";"Simples";"Rotatória";"Sim";2;0;1;0;0;2;1;3;-18,85579337;-48,85550773;"SPRF-MG";"DEL15-MG";"UOP03-DEL15-MG"
375008;2021-08-05;"quinta-feira";"09:40:00";"MG";262;418;"PARA DE MINAS";"Condutor deixou de manter distância do veículo da frente";"Colisão traseira";"Sem Vítimas";"Pleno dia";"Decrescente";"Céu Claro";"Dupla";"Retorno Regulamentado";"Não";3;0;0;0;2;1;0;3;-19,89963382;-44,69608755;"SPRF-MG";"DEL08-MG";"UOP03-DEL08-MG"
375013;2021-08-05;"quinta-feira";"11:00:00";"BA";242;660;"MUQUEM DE SAO FRANCISCO";"Ausência de reação do condutor";"Saída de leito carroçável";"Com Vítimas Feridas";"Pleno dia";"Decrescente";"Céu Claro";"Simples";"Declive";"Não";1;0;0;1;0;0;1;1;-12,230137;-43,839509;"SPRF-BA";"DEL06-BA";"UOP03-DEL06-BA"
375014;2021-08-05;"quinta-feira";"11:20:00";"BA";116;870,5;"VITORIA DA CONQUISTA";"Frear bruscamente";"Colisão frontal";"Com Vítimas Feridas";"Pleno dia";"Decrescente";"Céu Claro";"Simples";"Reta";"Sim";3;0;1;0;1;1;1;3;-15,13128393;-41,03926811;"SPRF-BA";"DEL08-BA";"UOP01-DEL08-BA"
375015;2021-08-05;"quinta-feira";"11:30:00";"PI";316;7;"TERESINA";"Manobra de mudança de faixa";"Colisão transversal";"Com Vítimas Feridas";"Pleno dia";"Crescente";"Céu Claro";"Múltipla";"Rotatória;Em Obras";"Sim";2;0;1;0;1;0;1;2;-5,15584638;-42,77173332;"SPRF-PI";"DEL01-PI";"UOP02-DEL01-PI"
375017;2021-08-05;"quinta-feira";"12:30:00";"ES";262;27,7;"VIANA";"Velocidade Incompatível";"Colisão transversal";"Com Vítimas Fatais";"Pleno dia";"Crescente";"Chuva";"Simples";"Curva";"Não";5;2;0;0;1;2;0;4;-20,38398959;-40,55226465;"SPRF-ES";"DEL01-ES";"UOP01-DEL01-ES"
375018;2021-08-05;"quinta-feira";"12:00:00";"ES";262;5,5;"CARIACICA";"Condutor deixou de manter distância do veículo da frente";"Colisão traseira";"Com Vítimas Feridas";"Pleno dia";"Crescente";"Céu Claro";"Múltipla";"Reta";"Sim";2;0;1;0;1;0;1;2;-20,33707281;-40,38649924;"SPRF-ES";"DEL01-ES";"UOP01-DEL01-ES"