"id";"data_inversa";"dia_semana";"horario";"uf";"br";"km";"municipio";"causa_acidente";"tipo_acidente";"classificacao_acidente";"fase_dia";"sentido_via";"condicao_metereologica";"tipo_pista";"tracado_via";"uso_solo";"pessoas";"mortos";"feridos_leves";"feridos_graves";"ilesos";"ignorados";"feridos";"veiculos";"latitude";"longitude";"regional";"delegacia";"uop"
375020;2021-08-05;"quinta-feira";"12:30:00";"ES";482;70;"JERONIMO MONTEIRO";"Ultrapassagem Indevida";"Colisão lateral mesmo sentido";"Com Vítimas Feridas";"Pleno dia";"Crescente";"Chuva";"Simples";"Reta";"Não";3;0;1;1;1;0;2;2;-20,76872936;-41,43804901;"SPRF-ES";"DEL03-ES";"UOP02-DEL03-ES"
375023;2021-08-05;"quinta-feira";"13:15:00";"SE";235;50,7;"ITABAIANA";"Reação tardia ou ineficiente do condutor";"Colisão traseira";"Com Vítimas Feridas";"Pleno dia";"Crescente";"Sol";"Dupla";"Retorno Regulamentado";"Sim";3;0;1;1;1;0;2;2;-10,70362304;-37,42829561;"SPRF-SE";"DEL01-SE";"UOP02-DEL01-SE"
375029;2021-08-05;"quinta-feira";"10:55:00";"RS";116;85,9;"CAMPESTRE DA SERRA";"Velocidade Incompatível";"Tombamento";"Sem Vítimas";"Pleno dia";"Decrescente";"Céu Claro";"Simples";"Declive;Curva";"Não";2;0;0;0;1;1;0;2;-28,84023786;-51,12805367;"SPRF-RS";"DEL05-RS";"UOP03-DEL05-RS"
375030;2021-08-05;"quinta-feira";"13:40:00";"PR";376;494;"PONTA GROSSA";"Condutor deixou de manter distância do veículo da frente";"Engavetamento";"Sem Vítimas";"Pleno dia";"Crescente";"Céu Claro";"Dupla";"Reta";"Sim";6;0;0;0;5;1;0;5;-25,16566955;-50,11640967;"SPRF-PR";"DEL03-PR";"UOP01-DEL03-PR"
375035;2021-08-05;"quinta-feira";"10:50:00";"PA";222;25;"DOM ELISEU";"Demais falhas mecânicas ou elétricas";"Tombamento";"Sem Vítimas";"Pleno dia";"Decrescente";"Céu Claro";"Simples";"Aclive";"Não";2;0;0;0;1;3;0;4;-4,311721;-47,617702;"SPRF-PA";"DEL02-PA";"UOP02-DEL02-PA"
375036;2021-08-05;"quinta-feira";"13:00:00";"SP";381;69;"MAIRIPORA";"Curva acentuada";"Tombamento";"Com Vítimas Feridas";"Pleno dia";"Decrescente";"Céu Claro";"Múltipla";"Curva;Aclive";"Sim";2;0;1;0;0;1;1;2;-23,34553108;-46,56787903;"SPRF-SP";"DEL03-SP";"UOP01-DEL03-SP"
375040;2021-08-05;"quinta-feira";"11:25:00";"RN";405;55,5;"FELIPE GUERRA";"Reação tardia ou ineficiente do condutor";"Capotamento";"Com Vítimas Feridas";"Pleno dia";"Crescente";"Sol";"Simples";"Reta";"Não";2;0;1;0;0;1;1;2;-5,49653886;-37,70151319;"SPRF-RN";"DEL04-RN";"UOP02-DEL04-RN"
375042;2021-08-05;"quinta-feira";"14:10:00";"MT";364;200;"RONDONOPOLIS";"Condutor deixou de manter distância do veículo da frente";"Colisão frontal";"Com Vítimas Feridas";"Pleno dia";"Crescente";"Céu Claro";"Simples";"Reta";"Não";3;0;0;1;1;2;1;4;-16,49612525;-54,63849716;"SPRF-MT";"DEL02-MT";"UOP01-DEL02-MT"
375047;2021-08-05;"quinta-feira";"14:00:00";"GO";414;360,8;"COCALZINHO DE GOIAS";"Velocidade Incompatível";"Colisão com objeto";"Com Vítimas Feridas";"Pleno dia";"Decrescente";"Céu Claro";"Simples";"Curva;Declive";"Não";2;0;1;0;0;2;1;3;-15,70176461;-48,69413763;"SPRF-GO";"DEL02-GO";"UOP01-DEL02-GO"
375049;2021-08-05;"quinta-feira";"14:25:00";"MT";163;732;"SORRISO";"Condutor deixou de manter distância do veículo da frente";"Engavetamento";"Com Vítimas Feridas";"Pleno dia";"Crescente";"Céu Claro";"Simples";"Reta";"Não";4;0;1;0;2;4;1;7;-12,81974399;-55,82749398;"SPRF-MT";"DEL06-MT";"UOP01-DEL06-MT"
375050;2021-08-05;"quinta-feira";"15:15:00";"MT";163;829;"SINOP";"Acessar a via sem observar a presença dos outros veículos";"Colisão transversal";"Com Vítimas Feridas";"Pleno dia";"Decrescente";"Céu Claro";"Dupla";"Interseção de Vias;Retorno Regulamentado;Reta";"Sim";3;0;0;1;1;4;1;6;-12,040704;-55,51732275;"SPRF-MT";"DEL06-MT";"UOP01-DEL06-MT"
375063;2021-08-05;"quinta-feira";"15:20:00";"MG";251;427,8;"GRAO MOGOL";"Velocidade Incompatível";"Tombamento";"Com Vítimas Feridas";"Pleno dia";"Decrescente";"Céu Claro";"Simples";"Curva";"Não";2;0;1;0;0;1;1;2;-16,33690716;-43,13798285;"SPRF-MG";"DEL12-MG";"UOP01-DEL12-MG"
375064;2021-07-30;"sexta-feira";"17:20:00";"MA";135;1,4;"SAO LUIS";"Condutor deixou de manter distância do veículo da frente";"Colisão traseira";"Sem Vítimas";"Anoitecer";"Crescente";"Chuva";"Dupla";"Reta";"Sim";2;0;0;0;2;0;0;2;-2,58917895;-44,24423719;"SPRF-MA";"DEL01-MA";"UOP01-DEL01-MA"
375073;2021-08-05;"quinta-feira";"16:30:00";"RS";471;173,1;"RIO PARDO";"Restrição de visibilidade em curvas verticais";"Colisão frontal";"Com Vítimas Feridas";"Pleno dia";"Crescente";"Céu Claro";"Simples";"Reta;Declive";"Sim";2;0;0;1;1;0;1;2;-30,014425;-52,369633;"SPRF-RS";"DEL02-RS";"UOP03-DEL02-RS"
375077;2021-08-05;"quinta-feira";"17:45:00";"CE";20;422,1;"MARACANAU";"Conversão proibida";"Colisão transversal";"Com Vítimas Fatais";"Anoitecer";"Decrescente";"Céu Claro";"Dupla";"Reta";"Não";4;1;0;0;0;3;0;4;-3,76999035;-38,67006282;"SPRF-CE";"DEL01-CE";"UOP02-DEL01-CE"
375086;2021-08-05;"quinta-feira";"17:20:00";"MS";163;165;"JUTI";"Condutor deixou de manter distância do veículo da frente";"Colisão lateral mesmo sentido";"Com Vítimas Feridas";"Anoitecer";"Crescente";"Céu Claro";"Simples";"Reta;Aclive";"Não";3;0;1;0;1;1;1;2;-22,90066826;-54,55503108;"SPRF-MS";"DEL09-MS";"UOP01-DEL09-MS"
375087;2021-08-05;"quinta-feira";"18:55:00";"MA";316;616;"TIMON";"Ultrapassagem Indevida";"Colisão lateral mesmo sentido";"Com Vítimas Feridas";"Plena Noite";"Decrescente";"Céu Claro";"Simples";"Reta";"Sim";5;0;2;0;3;0;2;3;-5,094195;-42,832569;"SPRF-MA";"DEL03-MA";"UOP02-DEL03-MA"
375090;2021-08-05;"quinta-feira";"17:00:00";"PI";316;7;"TERESINA";"Ausência de reação do condutor";"Colisão lateral mesmo sentido";"Com Vítimas Feridas";"Pleno dia";"Crescente";"Céu Claro";"Simples";"Declive";"Sim";2;0;1;0;1;0;1;2;-5,15584638;-42,77173332;"SPRF-PI";"DEL01-PI";"UOP02-DEL01-PI"
375091;2021-08-05;"quinta-feira";"18:00:00";"PR";116;211,2;"RIO NEGRO";"Desrespeitar a preferência no cruzamento";"Colisão frontal";"Com Vítimas Feridas";"Plena Noite";"Crescente";"Nublado";"Simples";"Interseção de Vias;Reta";"Sim";2;0;0;1;1;0;1;2;-26,07980928;-49,76934983;"SPRF-SC";"DEL06-SC";"UOP01-DEL06-SC"
375095;2021-07-30;"sexta-feira";"15:45:00";"MS";262;534;"MIRANDA";"Ultrapassagem Indevida";"Colisão lateral mesmo sentido";"Sem Vítimas";"Pleno dia";"Decrescente";"Céu Claro";"Simples";"Ponte";"Sim";5;0;0;0;4;1;0;2;-20,3384284;-56,17672616;"SPRF-MS";"DEL03-MS";"UOP02-DEL03-MS"
375097;2021-08-05;"quinta-feira";"18:10:00";"SP";116;358,5;"MIRACATU";"Velocidade Incompatível";"Colisão traseira";"Com Vítimas Feridas";"Anoitecer";"Crescente";"Nublado";"Dupla";"Curva;Declive";"Não";4;0;1;0;2;4;1;7;-24,10369145;-47,26138853;"SPRF-SP";"DEL04-SP";"UOP02-DEL04-SP"
375099;2021-08-05;"quinta-feira";"20:30:00";"SC";101;140;"BALNEARIO CAMBORIU";"Manobra de mudança de faixa";"Colisão lateral mesmo sentido";"Com Vítimas Feridas";"Plena Noite";"Decrescente";"Céu Claro";"Dupla";"Reta";"Sim";3;0;1;0;1;1;1;3;-27,03881189;-48,60025148;"SPRF-SC";"DEL04-SC";"UOP03-DEL04-SC"
375100;2021-08-05;"quinta-feira";"19:40:00";"MS";60;661,7;"BELA VISTA";"Acessar a via sem observar a presença dos outros veículos";"Colisão transversal";"Com Vítimas Feridas";"Plena Noite";"Crescente";"Céu Claro";"Simples";"Reta";"Não";6;0;3;0;2;1;3;5;-21,96078556;-56,43838808;"SPRF-MS";"DEL05-MS";"UOP01-DEL05-MS"
375103;2021-08-05;"quinta-feira";"20:30:00";"DF";80;37,6;"BRASILIA";"Objeto estático sobre o leito carroçável";"Colisão com objeto";"Com Vítimas Feridas";"Plena Noite";"Crescente";"Céu Claro";"Simples";"Reta";"Não";3;0;1;0;2;0;1;3;-15,52648707;-48,19092885;"SPRF-DF";"DEL03-DF";"UOP02-DEL03-DF"
375105;2021-08-05;"quinta-feira";"18:15:00";"SE";235;10;"NOSSA SENHORA DO SOCORRO";"Acostamento em desnível";"Tombamento";"Com Vítimas Feridas";"Plena Noite";"Decrescente";"Nublado";"Simples";"Curva";"Não";3;0;1;0;2;0;1;1;-10,879177;-37,147064;"SPRF-SE";"DEL01-SE";"UOP01-DEL01-SE"
375108;2021-08-05;"quinta-feira";"21:25:00";"SC";101;143,6;"ITAPEMA";"Reação tardia ou ineficiente do condutor";"Tombamento";"Sem Vítimas";"Plena Noite";"Decrescente";"Céu Claro";"Dupla";"Curva";"Sim";2;0;0;0;1;1;0;2;-27,06436;-48,59599405;"SPRF-SC";"DEL04-SC";"UOP03-DEL04-SC"
375109;2021-08-05;"quinta-feira";"21:40:00";"SP";153;56,8;"SAO JOSE DO RIO PRETO";"Velocidade Incompatível";"Colisão traseira";"Com Vítimas Feridas";"Plena Noite";"Decrescente";"Céu Claro";"Dupla";"Reta";"Sim";2;0;0;1;0;1;1;2;-20,7615601;-49,34622278;"SPRF-SP";"DEL09-SP";"UOP01-DEL09-SP"
375110;2021-08-05;"quinta-feira";"15:40:00";"RS";287;330;"SAO VICENTE DO SUL";"Desrespeitar a preferência no cruzamento";"Colisão transversal";"Com Vítimas Feridas";"Pleno dia";"Decrescente";"Sol";"Simples";"Interseção de Vias;Curva";"Não";3;0;1;0;1;3;1;5;-29,68462274;-54,66532946;"SPRF-RS";"DEL12-RS";"UOP02-DEL12-RS"
375116;2021-08-05;"quinta-feira";"21:30:00";"SP";116;152,3;"SAO JOSE DOS CAMPOS";"Ingestão de álcool pelo condutor";"Colisão com objeto";"Sem Vítimas";"Plena Noite";"Crescente";"Céu Claro";"Múltipla";"Aclive;Reta";"Sim";3;0;0;0;2;1;0;3;-23,22620401;-45,90682999;"SPRF-SP";"DEL02-SP";"UOP01-DEL02-SP"
375120;2021-08-05;"quinta-feira";"18:40:00";"MA";10;143;"PORTO FRANCO";"Transitar na contramão";"Colisão frontal";"Com Vítimas Fatais";"Anoitecer";"Crescente";"Céu Claro";"Simples";"Reta";"Não";2;1;0;0;1;0;0;2;-6,47001;-47,396454;"SPRF-MA";"DEL04-MA";"UOP02-DEL04-MA"
375121;2021-08-06;"sexta-feira";"00:00:00";"GO";364;27;"PARANAIGUARA";"Velocidade Incompatível";"Tombamento";"Com Vítimas Feridas";"Plena Noite";"Decrescente";"Céu Claro";"Simples";"Reta";"Não";4;0;1;0;0;4;1;4;-18,903946;-50,704628;"SPRF-GO";"DEL05-GO";"UOP02-DEL05-GO"
375122;2021-08-05;"quinta-feira";"21:08:00";"MT";364;755;"NOBRES";"Problema com o freio";"Colisão traseira";"Com Vítimas Feridas";"Plena Noite";"Decrescente";"Céu Claro";"Dupla";"Reta";"Não";3;0;1;0;1;3;1;5;-14,629;-56,27;"SPRF-MT";"DEL01-MT";"UOP01-DEL01-MT"
375126;2021-08-05;"quinta-feira";"19:45:00";"MT";364;349;"SANTO ANTONIO DO LEVERGER";"Velocidade Incompatível";"Colisão traseira";"Com Vítimas Fatais";"Plena Noite";"Crescente";"Céu Claro";"Dupla";"Curva";"Não";5;1;0;1;2;5;1;8;-15,80502622;-55,5546431;"SPRF-MT";"DEL05-MT";"UOP02-DEL05-MT"
375130;2021-08-06;"sexta-feira";"00:40:00";"RJ";101;324;"NITEROI";"Condutor Dormindo";"Colisão com objeto";"Sem Vítimas";"Plena Noite";"Decrescente";"Céu Claro";"Dupla";"Reta";"Não";3;0;0;0;2;1;0;3;-22,87381074;-43,12640997;"SPRF-RJ";"DEL02-RJ";"UOP02-DEL02-RJ"
375132;2021-08-06;"sexta-feira";"03:15:00";"MG";40;464,4;"SETE LAGOAS";"Carga excessiva e/ou mal acondicionada";"Tombamento";"Sem Vítimas";"Plena Noite";"Crescente";"Céu Claro";"Dupla";"Reta";"Não";1;0;0;0;1;0;0;1;-19,433004;-44,335809;"SPRF-MG";"DEL02-MG";"UOP01-DEL02-MG"
375134;2021-08-06;"sexta-feira";"04:30:00";"ES";101;387,8;"RIO NOVO DO SUL";"Ultrapassagem Indevida";"Colisão frontal";"Com Vítimas Feridas";"Plena Noite";"Crescente";"Garoa/Chuvisco";"Simples";"Curva";"Não";9;0;4;3;1;1;7;6;-20,8542751;-40,87850153;"SPRF-ES";"DEL03-ES";"UOP02-DEL03-ES"
375135;2021-08-06;"sexta-feira";"05:10:00";"MG";381;695,5;"LAVRAS";"Ausência de reação do condutor";"Saída de leito carroçável";"Com Vítimas Feridas";"Amanhecer";"Crescente";"Céu Claro";"Dupla";"Reta";"Não";2;0;1;0;0;12;1;13;-21,27640386;-45,13914121;"SPRF-MG";"DEL04-MG";"UOP02-DEL04-MG"
375136;2021-08-06;"sexta-feira";"03:15:00";"MG";153;71;"MONTE ALEGRE DE MINAS";"Ausência de reação do condutor";"Saída de leito carroçável";"Com Vítimas Feridas";"Plena Noite";"Decrescente";"Céu Claro";"Simples";"Reta";"Não";2;0;1;0;0;2;1;3;-18,989669;-49,021394;"SPRF-MG";"DEL15-MG";"UOP03-DEL15-MG"
375140;2021-08-06;"sexta-feira";"04:40:00";"MT";163;60,3;"RONDONOPOLIS";"Demais falhas mecânicas ou elétricas";"Incêndio";"Sem Vítimas";"Plena Noite";"Decrescente";"Céu Claro";"Dupla";"Reta";"Não";2;0;0;0;1;1;0;2;-16,98753512;-54,75044767;"SPRF-MT";"DEL02-MT";"UOP01-DEL02-MT"
375148;2021-08-06;"sexta-feira";"02:30:00";"BA";116;727,2;"MANOEL VITORINO";"Demais falhas mecânicas ou elétricas";"Incêndio";"Sem Vítimas";"Plena Noite";"Crescente";"Nublado";"Simples";"Curva";"Não";1;0;0;0;1;0;0;1;-14,28817;-40,30874;"SPRF-BA";"DEL08-BA";"UOP02-DEL08-BA"
375149;2021-08-06;"sexta-feira";"05:57:00";"SP";116;487;"CAJATI";"Ausência de reação do condutor";"Saída de leito carroçável";"Com Vítimas Feridas";"Amanhecer";"Decrescente";"Nublado";"Dupla";"Reta";"Não";2;0;1;0;0;1;1;2;-24,72633575;-48,08998415;"SPRF-SP";"DEL05-SP";"UOP01-DEL05-SP"
375150;2021-08-06;"sexta-feira";"07:10:00";"MG";267;262,8;"AIURUOCA";"Velocidade Incompatível";"Tombamento";"Com Vítimas Feridas";"Pleno dia";"Decrescente";"Nublado";"Simples";"Curva";"Não";2;0;1;0;0;1;1;2;-21,93725204;-44,5709875;"SPRF-MG";"DEL17-MG";"UOP01-DEL17-MG"
375153;2021-08-06;"sexta-feira";"04:00:00";"SC";282;427,5;"VARGEM BONITA";"Condutor Dormindo";"Saída de leito carroçável";"Com Vítimas Feridas";"Plena Noite";"Decrescente";"Céu Claro";"Simples";"Curva";"Não";1;0;0;1;0;0;1;1;-26,975946;-51,771011;"SPRF-SC";"DEL07-SC";"UOP05-DEL07-SC"
375158;2021-08-06;"sexta-feira";"05:55:00";"SC";101;8,9;"GARUVA";"Velocidade Incompatível";"Colisão traseira";"Com Vítimas Feridas";"Amanhecer";"Crescente";"Céu Claro";"Dupla";"Reta";"Sim";5;0;3;0;1;2;3;4;-26,05298532;-48,85965586;"SPRF-SC";"DEL03-SC";"UOP01-DEL03-SC"
375166;2021-08-06;"sexta-feira";"05:40:00";"RJ";101;169;"MACAE";"Velocidade Incompatível";"Colisão com objeto";"Sem Vítimas";"Amanhecer";"Decrescente";"Céu Claro";"Simples";"Reta";"Não";4;0;0;0;4;0;0;4;-22,35125958;-41,9221205;"SPRF-RJ";"DEL08-RJ";"UOP04-DEL08-RJ"
375167;2021-08-06;"sexta-feira";"08:31:00";"RS";290;78;"GRAVATAI";"Manobra de mudança de faixa";"Colisão transversal";"Com Vítimas Feridas";"Pleno dia";"Crescente";"Céu Claro";"Múltipla";"Em Obras";"Sim";2;0;1;0;1;0;1;2;-29,954178;-51,037735;"SPRF-RS";"DEL01-RS";"UOP01-DEL01-RS"
375173;2021-08-06;"sexta-feira";"07:21:00";"MG";381;654;"SANTO ANTONIO DO AMPARO";"Velocidade Incompatível";"Tombamento";"Com Vítimas Fatais";"Pleno dia";"Decrescente";"Sol";"Dupla";"Curva";"Não";3;1;1;0;0;1;1;2;-20,99437964;-44,96041633;"SPRF-MG";"DEL04-MG";"UOP02-DEL04-MG"
375174;2021-07-13;"terça-feira";"22:15:00";"RS";285;337,8;"CARAZINHO";"Condutor deixou de manter distância do veículo da frente";"Colisão traseira";"Com Vítimas Feridas";"Plena Noite";"Decrescente";"Céu Claro";"Simples";"Reta";"Sim";2;0;0;1;1;0;1;2;-28,31728962;-52,77391786;"SPRF-RS";"DEL08-RS";"UOP03-DEL08-RS"
375177;2021-08-06;"sexta-feira";"07:50:00";"MG";365;5,8;"MONTES CLAROS";"Velocidade Incompatível";"Tombamento";"Com Vítimas Feridas";"Pleno dia";"Crescente";"Céu Claro";"Simples";"Curva";"Não";1;0;1;0;0;0;1;1;-16,74574399;-43,88392402;"SPRF-MG";"DEL12-MG";"UOP01-DEL12-MG"
375178;2021-07-29;"quinta-feira";"08:20:00";"MG";381;838;"SAO SEBASTIAO DA BELA VISTA";"Problema com o freio";"Incêndio";"Sem Vítimas";"Pleno dia";"Decrescente";"Sol";"Dupla";"Curva";"Não";2;0;0;0;1;2;0;3;-22,19252695;-45,84775906;"SPRF-MG";"DEL16-MG";"UOP01-DEL16-MG"
375180;2021-08-06;"sexta-feira";"05:40:00";"MG";381;602;"OLIVEIRA";"Reação tardia ou ineficiente do condutor";"Saída de leito carroçável";"Sem Vítimas";"Amanhecer";"Decrescente";"Céu Claro";"Dupla";"Curva";"Não";2;0;0;0;1;1;0;2;-20,64093399;-44,73754786;"SPRF-MG";"DEL04-MG";"UOP01-DEL04-MG"
375182;2021-08-06;"sexta-feira";"09:15:00";"PR";376;676,6;"GUARATUBA";"Velocidade Incompatível";"Colisão com objeto";"Sem Vítimas";"Pleno dia";"Crescente";"Nublado";"Dupla";"Reta";"Não";2;0;0;0;1;2;0;3;-25,9253011;-48,91465313;"SPRF-PR";"DEL01-PR";"UOP04-DEL01-PR"
375183;2021-07-07;"quarta-feira";"00:20:00";"MT";364;454;"VARZEA GRANDE";"Demais falhas mecânicas ou elétricas";"Incêndio";"Sem Vítimas";"Plena Noite";"Crescente";"Céu Claro";"Simples";"Reta";"Não";2;0;0;0;1;1;0;2;-15,57126241;-56,25105218;"SPRF-MT";"DEL01-MT";"UOP02-DEL01-MT"
375191;2021-07-01;"quinta-feira";"00:05:00";"SC";101;191,1;"BIGUACU";"Condutor Dormindo";"Tombamento";"Com Vítimas Feridas";"Plena Noite";"Crescente";"Céu Claro";"Dupla";"Curva";"Não";2;0;1;0;0;1;1;2;-27,47730273;-48,64127329;"SPRF-SC";"DEL01-SC";"UOP01-DEL01-SC"
375193;2021-08-06;"sexta-feira";"07:30:00";"MG";116;199;"CARAI";"Ingestão de álcool pelo condutor";"Colisão lateral mesmo sentido";"Sem Vítimas";"Pleno dia";"Crescente";"Garoa/Chuvisco";"Simples";"Curva";"Não";3;0;0;0;2;1;0;3;-17,23536898;-41,49650703;"SPRF-MG";"DEL11-MG";"UOP01-DEL11-MG"
375194;2021-08-06;"sexta-feira";"08:15:00";"BA";101;712;"EUNAPOLIS";"Condutor deixou de manter distância do veículo da frente";"Colisão traseira";"Com Vítimas Feridas";"Pleno dia";"Crescente";"Céu Claro";"Simples";"Reta";"Não";6;0;4;0;1;1;4;3;-16,32837651;-39,58159447;"SPRF-BA";"DEL09-BA";"UOP01-DEL09-BA"
375200;2021-08-06;"sexta-feira";"10:40:00";"PR";116;28;"CAMPINA GRANDE DO SUL";"Ultrapassagem Indevida";"Saída de leito carroçável";"Sem Vítimas";"Pleno dia";"Crescente";"Nublado";"Dupla";"Aclive";"Sim";2;0;0;0;1;1;0;2;-25,10670298;-48,80405799;"SPRF-PR";"DEL01-PR";"UOP02-DEL01-PR"
375207;2021-08-06;"sexta-feira";"12:00:00";"RS";153;47;"ERECHIM";"Acessar a via sem observar a presença dos outros veículos";"Colisão transversal";"Com Vítimas Feridas";"Pleno dia";"Crescente";"Céu Claro";"Simples";"Rotatória";"Sim";4;0;2;0;1;1;2;3;-27,64530366;-52,24998023;"SPRF-RS";"DEL08-RS";"UOP04-DEL08-RS"
375211;2021-08-06;"sexta-feira";"11:55:00";"MT";163;118;"RONDONOPOLIS";"Ausência de reação do condutor";"Colisão traseira";"Sem Vítimas";"Pleno dia";"Crescente";"Céu Claro";"Dupla";"Reta";"Sim";3;0;0;0;2;2;0;4;-16,51361392;-54,65519619;"SPRF-MT";"DEL02-MT";"UOP01-DEL02-MT"
375215;2021-08-06;"sexta-feira";"07:00:00";"PR";153;135,9;"VENTANIA";"Curva acentuada";"Tombamento";"Com Vítimas Feridas";"Pleno dia";"Crescente";"Céu Claro";"Simples";"Curva";"Não";2;0;1;0;0;1;1;2;-24,042482;-50,250282;"SPRF-PR";"DEL07-PR";"UOP04-DEL07-PR"
375216;2021-08-06;"sexta-feira";"13:10:00";"PR";277;374;"GUARAPUAVA";"Reação tardia ou ineficiente do condutor";"Saída de leito carroçável";"Com Vítimas Feridas";"Pleno dia";"Crescente";"Céu Claro";"Simples";"Reta;Declive";"Não";2;0;1;0;0;1;1;2;-25,40253829;-51,73543453;"SPRF-PR";"DEL08-PR";"UOP01-DEL08-PR"
375218;2021-08-06;"sexta-feira";"13:00:00";"ES";262;169,6;"IBATIBA";"Desrespeitar a preferência no cruzamento";"Colisão transversal";"Com Vítimas Feridas";"Pleno dia";"Crescente";"Nublado";"Simples";"Retorno Regulamentado";"Não";5;0;0;2;1;2;2;4;-20,26468044;-41,57615064;"SPRF-ES";"DEL01-ES";"UOP02-DEL01-ES"
375227;2021-08-06;"sexta-feira";"11:13:00";"GO";50;154;"CAMPO ALEGRE DE GOIAS";"Velocidade Incompatível";"Tombamento";"Com Vítimas Feridas";"Pleno dia";"Decrescente";"Céu Claro";"Simples";"Curva";"Não";2;0;1;0;0;1;1;2;-17,20698792;-47,74937153;"SPRF-GO";"DEL06-GO";"UOP01-DEL06-GO"
375230;2021-08-06;"sexta-feira";"13:10:00";"MS";163;636;"SAO GABRIEL DO OESTE";"Avarias e/ou desgaste excessivo no pneu";"Saída de leito carroçável";"Com Vítimas Feridas";"Pleno dia";"Decrescente";"Sol";"Dupla";"Curva";"Não";1;0;1;0;0;0;1;1;-19,24284809;-54,67677513;"SPRF-MS";"DEL06-MS";"UOP02-DEL06-MS"
375231;2021-08-06;"sexta-feira";"06:00:00";"MG";116;81,1;"MEDINA";"Demais falhas mecânicas ou elétricas";"Incêndio";"Sem Vítimas";"Amanhecer";"Decrescente";"Céu Claro";"Simples";"Reta";"Não";2;0;0;0;1;1;0;2;-16,28447738;-41,46992308;"SPRF-MG";"DEL11-MG";"UOP02-DEL11-MG"
375233;2021-08-06;"sexta-feira";"13:30:00";"SP";116;273;"TABOAO DA SERRA";"Ausência de reação do condutor";"Colisão lateral mesmo sentido";"Com Vítimas Feridas";"Pleno dia";"Decrescente";"Céu Claro";"Dupla";"Reta";"Sim";3;0;1;0;2;0;1;3;-23,62809795;-46,81870306;"SPRF-SP";"DEL04-SP";"UOP01-DEL04-SP"
375240;2021-08-06;"sexta-feira";"14:30:00";"SC";101;353,8;"JAGUARUNA";"Reação tardia ou ineficiente do condutor";"Colisão lateral mesmo sentido";"Com Vítimas Feridas";"Pleno dia";"Decrescente";"Céu Claro";"Dupla";"Declive";"Não";3;0;0;2;1;0;2;2;-28,622;-49,076;"SPRF-SC";"DEL02-SC";"UOP01-DEL02-SC"
375244;2021-08-06;"sexta-feira";"15:21:00";"SP";116;109;"TAUBATE";"Reação tardia ou ineficiente do condutor";"Engavetamento";"Com Vítimas Feridas";"Pleno dia";"Crescente";"Sol";"Dupla";"Curva";"Sim";4;0;2;0;2;0;2;4;-23,02871304;-45,54517097;"SPRF-SP";"DEL08-SP";"UOP01-DEL08-SP"
375245;2021-08-06;"sexta-feira";"15:00:00";"RS";392;77;"PELOTAS";"Condutor Dormindo";"Colisão lateral sentido oposto";"Com Vítimas Feridas";"Pleno dia";"Decrescente";"Céu Claro";"Simples";"Aclive;Reta";"Não";3;0;1;0;1;2;1;4;-31,68639973;-52,43916035;"SPRF-RS";"DEL07-RS";"UOP01-DEL07-RS"
375248;2021-08-06;"sexta-feira";"14:50:00";"RN";304;93;"ACU";"Reação tardia ou ineficiente do condutor";"Engavetamento";"Com Vítimas Feridas";"Pleno dia";"Crescente";"Nublado";"Simples";"Em Obras;Reta";"Não";6;0;4;0;2;0;4;3;-5,544603;-37,078653;"SPRF-RN";"DEL04-RN";"UOP01-DEL04-RN"
375251;2021-08-06;"sexta-feira";"16:00:00";"PE";232;6,7;"RECIFE";"Condutor deixou de manter distância do veículo da frente";"Colisão traseira";"Com Vítimas Feridas";"Pleno dia";"Decrescente";"Céu Claro";"Dupla";"Reta";"Não";10;0;1;1;8;0;2;4;-8,07079525;-34,9535389;"SPRF-PE";"DEL01-PE";"UOP01-DEL01-PE"
375258;2021-08-06;"sexta-feira";"16:00:00";"PR";476;240,9;"LAPA";"Curva acentuada";"Tombamento";"Com Vítimas Feridas";"Pleno dia";"Crescente";"Sol";"Simples";"Curva";"Não";2;0;1;0;0;1;1;2;-25,864338;-50,069801;"SPRF-PR";"DEL02-PR";"UOP04-DEL02-PR"
375262;2021-08-06;"sexta-feira";"15:30:00";"SC";101;298;"IMBITUBA";"Acessar a via sem observar a presença dos outros veículos";"Colisão lateral mesmo sentido";"Sem Vítimas";"Pleno dia";"Crescente";"Nublado";"Dupla";"Reta";"Não";2;0;0;0;2;0;0;2;-28,32102597;-48,72829906;"SPRF-SC";"DEL02-SC";"UOP03-DEL02-SC"
375265;2021-03-30;"terça-feira";"06:30:00";"GO";60;4;"SANTO ANTONIO DO DESCOBERTO";"Condutor deixou de manter distância do veículo da frente";"Colisão traseira";"Com Vítimas Feridas";"Pleno dia";"Decrescente";"Céu Claro";"Dupla";"Reta";"Sim";2;0;0;1;1;0;1;2;-16,11604244;-48,3819437;"SPRF-DF";"DEL03-DF";"UOP01-DEL03-DF"
375267;2021-08-06;"sexta-feira";"15:30:00";"MA";135;7;"SAO LUIS";"Manobra de mudança de faixa";"Colisão lateral mesmo sentido";"Com Vítimas Feridas";"Pleno dia";"Crescente";"Sol";"Dupla";"Aclive";"Sim";2;0;1;0;1;0;1;2;-2,63608835;-44,26848552;"SPRF-MA";"DEL01-MA";"UOP01-DEL01-MA"