"id";"data_inversa";"dia_semana";"horario";"uf";"br";"km";"municipio";"causa_acidente";"tipo_acidente";"classificacao_acidente";"fase_dia";"sentido_via";"condicao_metereologica";"tipo_pista";"tracado_via";"uso_solo";"pessoas";"mortos";"feridos_leves";"feridos_graves";"ilesos";"ignorados";"feridos";"veiculos";"latitude";"longitude";"regional";"delegacia";"uop"
375268;2021-08-06;"sexta-feira";"16:15:00";"SC";470;3;"NAVEGANTES";"Condutor deixou de manter distância do veículo da frente";"Colisão traseira";"Com Vítimas Feridas";"Pleno dia";"Crescente";"Céu Claro";"Dupla";"Reta";"Não";2;0;0;1;1;0;1;2;-26,861937;-48,681618;"SPRF-SC";"DEL04-SC";"UOP04-DEL04-SC"
375269;2021-08-06;"sexta-feira";"14:20:00";"RO";429;66;"PRESIDENTE MEDICI";"Demais falhas mecânicas ou elétricas";"Tombamento";"Sem Vítimas";"Pleno dia";"Decrescente";"Céu Claro";"Simples";"Reta";"Não";2;0;0;0;1;2;0;3;-11,21489;-62,122338;"SPRF-RO";"DEL02-RO";"UOP03-DEL02-RO"
375274;2021-08-06;"sexta-feira";"17:50:00";"ES";101;28,8;"CONCEICAO DA BARRA";"Ultrapassagem Indevida";"Colisão lateral mesmo sentido";"Com Vítimas Feridas";"Plena Noite";"Decrescente";"Nublado";"Simples";"Curva";"Não";2;0;1;0;1;0;1;2;-18,39179309;-39,94180625;"SPRF-ES";"DEL04-ES";"UOP02-DEL04-ES"
375276;2021-07-09;"sexta-feira";"16:40:00";"BA";20;136;"SAO DESIDERIO";"Ultrapassagem Indevida";"Saída de leito carroçável";"Com Vítimas Feridas";"Pleno dia";"Crescente";"Sol";"Simples";"Curva;Aclive";"Não";2;0;1;0;0;2;1;3;-12,6863712;-45,92975205;"SPRF-BA";"DEL10-BA";"UOP01-DEL10-BA"
375282;2021-08-06;"sexta-feira";"17:50:00";"RS";386;436;"NOVA SANTA RITA";"Ausência de reação do condutor";"Colisão transversal";"Com Vítimas Feridas";"Anoitecer";"Crescente";"Céu Claro";"Dupla";"Reta";"Não";3;0;1;0;1;1;1;3;-29,850487;-51,266758;"SPRF-RS";"DEL04-RS";"UOP02-DEL04-RS"
375287;2021-08-06;"sexta-feira";"18:35:00";"MG";365;793,5;"GURINHATA";"Velocidade Incompatível";"Colisão traseira";"Com Vítimas Fatais";"Anoitecer";"Decrescente";"Céu Claro";"Simples";"Reta;Aclive";"Não";4;2;1;0;1;0;1;2;-18,92857042;-49,84571915;"SPRF-MG";"DEL15-MG";"UOP03-DEL15-MG"
375296;2021-08-06;"sexta-feira";"18:45:00";"PR";277;667,7;"MEDIANEIRA";"Reação tardia ou ineficiente do condutor";"Colisão traseira";"Com Vítimas Feridas";"Plena Noite";"Crescente";"Céu Claro";"Dupla";"Reta";"Sim";2;0;0;1;1;0;1;2;-25,26577498;-54,05432901;"SPRF-PR";"DEL05-PR";"UOP02-DEL05-PR"
375297;2021-08-06;"sexta-feira";"19:05:00";"BA";101;244;"JAGUARIPE";"Deficiência do Sistema de Iluminação/Sinalização";"Colisão traseira";"Com Vítimas Feridas";"Pleno dia";"Decrescente";"Chuva";"Simples";"Reta";"Não";4;0;1;0;3;0;1;3;-13,1654419;-39,2361638;"SPRF-BA";"DEL01-BA";"UOP02-DEL01-BA"
375306;2021-08-06;"sexta-feira";"19:00:00";"PR";376;615;"SAO JOSE DOS PINHAIS";"Reação tardia ou ineficiente do condutor";"Queda de ocupante de veículo";"Com Vítimas Feridas";"Plena Noite";"Crescente";"Nublado";"Dupla";"Reta";"Sim";2;0;1;0;0;1;1;2;-25,569237;-49,183735;"SPRF-PR";"DEL01-PR";"UOP01-DEL01-PR"
375307;2021-08-06;"sexta-feira";"19:52:00";"RS";392;72;"PELOTAS";"Acessar a via sem observar a presença dos outros veículos";"Colisão traseira";"Com Vítimas Feridas";"Plena Noite";"Crescente";"Céu Claro";"Dupla";"Reta;Interseção de Vias;Viaduto";"Não";3;0;1;0;1;1;1;3;-31,721104;-52,389843;"SPRF-RS";"DEL07-RS";"UOP01-DEL07-RS"
375311;2021-02-16;"terça-feira";"04:40:00";"SC";116;188;"SAO CRISTOVAO DO SUL";"Manobra de mudança de faixa";"Colisão frontal";"Com Vítimas Fatais";"Plena Noite";"Decrescente";"Céu Claro";"Simples";"Reta";"Não";3;1;1;0;0;1;1;3;-27,32965789;-50,42513021;"SPRF-SC";"DEL05-SC";"UOP03-DEL05-SC"
375320;2021-08-04;"quarta-feira";"08:10:00";"RJ";40;123,5;"DUQUE DE CAXIAS";"Trafegar com motocicleta (ou similar) entre as faixas";"Colisão lateral mesmo sentido";"Com Vítimas Feridas";"Pleno dia";"Crescente";"Céu Claro";"Múltipla";"Reta";"Sim";2;0;1;0;1;0;1;2;-22,79907687;-43,29015739;"SPRF-RJ";"DEL01-RJ";"UOP01-DEL01-RJ"
375321;2021-08-06;"sexta-feira";"16:55:00";"PI";135;121,5;"BERTOLINIA";"Ausência de reação do condutor";"Tombamento";"Com Vítimas Feridas";"Pleno dia";"Crescente";"Céu Claro";"Simples";"Curva;Declive";"Não";2;0;0;1;0;1;1;2;-7,615662;-43,960945;"SPRF-PI";"DEL03-PI";"UOP01-DEL03-PI"
375322;2021-08-06;"sexta-feira";"18:00:00";"CE";116;139,5;"RUSSAS";"Demais falhas mecânicas ou elétricas";"Tombamento";"Sem Vítimas";"Plena Noite";"Decrescente";"Vento";"Simples";"Reta";"Não";2;0;0;0;1;2;0;3;-4,75147981;-38,06476096;"SPRF-CE";"DEL03-CE";"UOP01-DEL03-CE"
375326;2021-08-06;"sexta-feira";"18:25:00";"PE";232;459,8;"SAO JOSE DO BELMONTE";"Transitar na contramão";"Colisão frontal";"Com Vítimas Fatais";"Plena Noite";"Decrescente";"Céu Claro";"Simples";"Reta";"Não";4;2;0;0;1;1;0;3;-8,02357769;-38,71470451;"SPRF-PE";"DEL05-PE";"UOP01-DEL05-PE"
375329;2021-08-06;"sexta-feira";"19:10:00";"BA";101;175;"SAO GONCALO DOS CAMPOS";"Ingestão de álcool pelo condutor";"Colisão frontal";"Com Vítimas Fatais";"Plena Noite";"Decrescente";"Chuva";"Simples";"Reta";"Não";2;1;0;0;1;0;0;2;-12,519078;-38,970829;"SPRF-BA";"DEL01-BA";"UOP03-DEL01-BA"
375333;2021-08-06;"sexta-feira";"20:00:00";"SC";280;50;"GUARAMIRIM";"Transitar na contramão";"Colisão lateral sentido oposto";"Com Vítimas Feridas";"Plena Noite";"Decrescente";"Nublado";"Simples";"Reta";"Não";2;0;0;1;1;0;1;2;-26,46445507;-48,95286798;"SPRF-SC";"DEL03-SC";"UOP03-DEL03-SC"
375336;2021-08-06;"sexta-feira";"19:30:00";"SC";282;589;"SAUDADES";"Acessar a via sem observar a presença dos outros veículos";"Colisão lateral mesmo sentido";"Com Vítimas Feridas";"Plena Noite";"Crescente";"Céu Claro";"Simples";"Reta";"Não";4;0;1;0;2;1;1;3;-26,82575586;-53,06445837;"SPRF-SC";"DEL07-SC";"UOP02-DEL07-SC"
375339;2021-08-06;"sexta-feira";"21:45:00";"MS";163;123,8;"NAVIRAI";"Transitar na contramão";"Colisão lateral sentido oposto";"Com Vítimas Feridas";"Plena Noite";"Crescente";"Céu Claro";"Simples";"Reta";"Não";7;0;5;0;1;3;5;6;-23,08970392;-54,22599962;"SPRF-MS";"DEL09-MS";"UOP01-DEL09-MS"
375340;2021-08-06;"sexta-feira";"22:15:00";"SC";101;83,9;"BARRA VELHA";"Pedestre andava na pista";"Atropelamento de Pedestre";"Com Vítimas Feridas";"Plena Noite";"Decrescente";"Garoa/Chuvisco";"Dupla";"Reta;Declive";"Não";3;0;0;1;1;1;1;3;-26,61865655;-48,71834126;"SPRF-SC";"DEL03-SC";"UOP02-DEL03-SC"
375343;2021-08-06;"sexta-feira";"20:30:00";"GO";364;310;"MINEIROS";"Manobra de mudança de faixa";"Colisão lateral sentido oposto";"Com Vítimas Feridas";"Plena Noite";"Decrescente";"Céu Claro";"Simples";"Reta";"Não";5;0;1;0;3;1;1;2;-17,488049;-52,553318;"SPRF-GO";"DEL05-GO";"UOP01-DEL05-GO"
375344;2021-08-06;"sexta-feira";"19:23:00";"SC";470;273,5;"BRUNOPOLIS";"Velocidade Incompatível";"Colisão traseira";"Com Vítimas Feridas";"Plena Noite";"Decrescente";"Céu Claro";"Simples";"Reta";"Sim";3;0;2;0;1;0;2;2;-27,32579;-50,793224;"SPRF-SC";"DEL07-SC";"UOP06-DEL07-SC"
375345;2021-08-06;"sexta-feira";"22:45:00";"MG";381;813;"CAREACU";"Reação tardia ou ineficiente do condutor";"Colisão traseira";"Com Vítimas Feridas";"Plena Noite";"Crescente";"Céu Claro";"Dupla";"Curva";"Não";3;0;1;0;1;1;1;3;-22,00425986;-45,67486095;"SPRF-MG";"DEL16-MG";"UOP02-DEL16-MG"
375348;2021-08-06;"sexta-feira";"21:10:00";"SC";101;334;"TUBARAO";"Reação tardia ou ineficiente do condutor";"Colisão traseira";"Com Vítimas Feridas";"Plena Noite";"Decrescente";"Ignorado";"Dupla";"Reta";"Não";2;0;1;0;1;0;1;2;-28,468;-49,009;"SPRF-SC";"DEL02-SC";"UOP01-DEL02-SC"
375352;2021-08-07;"sábado";"00:20:00";"ES";101;272,4;"SERRA";"Transitar na contramão";"Colisão frontal";"Com Vítimas Fatais";"Plena Noite";"Decrescente";"Céu Claro";"Múltipla";"Reta";"Sim";2;1;0;0;1;0;0;2;-20,22724888;-40,28426988;"SPRF-ES";"DEL02-ES";"UOP01-DEL02-ES"
375355;2021-08-07;"sábado";"00:07:00";"SP";381;49;"ATIBAIA";"Reação tardia ou ineficiente do condutor";"Colisão traseira";"Sem Vítimas";"Plena Noite";"Crescente";"Céu Claro";"Dupla";"Reta";"Sim";2;0;0;0;2;0;0;2;-23,20535293;-46,59066516;"SPRF-SP";"DEL03-SP";"UOP01-DEL03-SP"
375363;2021-08-06;"sexta-feira";"20:20:00";"MT";158;408,6;"RIBEIRAO CASCALHEIRA";"Ingestão de álcool pelo condutor";"Tombamento";"Com Vítimas Feridas";"Plena Noite";"Crescente";"Céu Claro";"Simples";"Curva";"Não";2;0;1;0;0;3;1;4;-12,84775719;-51,78515096;"SPRF-MT";"DEL07-MT";"UOP02-DEL07-MT"
375365;2021-08-07;"sábado";"02:00:00";"RS";285;389,3;"SANTA BARBARA DO SUL";"Manobra de mudança de faixa";"Colisão frontal";"Com Vítimas Fatais";"Plena Noite";"Crescente";"Céu Claro";"Simples";"Reta";"Não";4;2;1;0;0;1;1;3;-28,392982;-53,240158;"SPRF-RS";"DEL10-RS";"UOP02-DEL10-RS"
375373;2021-08-07;"sábado";"02:00:00";"MG";40;286;"TRES MARIAS";"Acostamento em desnível";"Tombamento";"Com Vítimas Feridas";"Plena Noite";"Crescente";"Céu Claro";"Simples";"Aclive";"Não";3;0;0;1;1;1;1;2;-18,2495247;-45,16534785;"SPRF-MG";"DEL14-MG";"UOP02-DEL14-MG"
375374;2021-08-07;"sábado";"03:30:00";"BA";235;349,8;"JUAZEIRO";"Ingestão de álcool pelo condutor";"Colisão transversal";"Sem Vítimas";"Plena Noite";"Crescente";"Céu Claro";"Dupla";"Reta";"Sim";2;0;0;0;1;1;0;2;-9,43174507;-40,49803816;"SPRF-PE";"DEL06-PE";"UOP01-DEL06-PE"
375380;2021-08-07;"sábado";"03:45:00";"PR";116;115;"CURITIBA";"Ingestão de álcool pelo condutor";"Colisão traseira";"Sem Vítimas";"Plena Noite";"Crescente";"Céu Claro";"Dupla";"Reta";"Sim";4;0;0;0;3;1;0;4;-25,55953326;-49,26560414;"SPRF-PR";"DEL01-PR";"UOP01-DEL01-PR"
375383;2021-08-07;"sábado";"03:40:00";"MG";381;918,9;"CAMANDUCAIA";"Ingestão de álcool pelo condutor";"Colisão traseira";"Com Vítimas Feridas";"Plena Noite";"Crescente";"Céu Claro";"Dupla";"Reta;Aclive";"Não";4;0;2;0;2;0;2;2;-22,75548409;-46,15041256;"SPRF-MG";"DEL16-MG";"UOP03-DEL16-MG"
375385;2021-08-07;"sábado";"05:00:00";"SP";116;213;"GUARULHOS";"Entrada inopinada do pedestre";"Atropelamento de Pedestre";"Com Vítimas Fatais";"Plena Noite";"Decrescente";"Céu Claro";"Múltipla";"Reta;Declive";"Sim";3;1;0;0;1;1;0;3;-23,43971486;-46,43667806;"SPRF-SP";"DEL01-SP";"UOP01-DEL01-SP"
375386;2021-08-07;"sábado";"02:25:00";"PE";232;360,2;"FLORES";"Ausência de reação do condutor";"Colisão traseira";"Com Vítimas Feridas";"Plena Noite";"Decrescente";"Céu Claro";"Simples";"Aclive";"Não";2;0;1;0;1;0;1;2;-8,04483011;-37,876587;"SPRF-PE";"DEL04-PE";"UOP01-DEL04-PE"
375392;2021-08-07;"sábado";"05:15:00";"MG";381;539,8;"ITATIAIUCU";"Manobra de mudança de faixa";"Colisão traseira";"Com Vítimas Feridas";"Plena Noite";"Decrescente";"Céu Claro";"Dupla";"Reta";"Sim";2;0;0;1;1;0;1;2;-20,242548;-44,41251621;"SPRF-MG";"DEL04-MG";"UOP03-DEL04-MG"
375396;2021-08-07;"sábado";"04:30:00";"PR";163;192,3;"SANTA TEREZA DO OESTE";"Condutor Dormindo";"Saída de leito carroçável";"Sem Vítimas";"Plena Noite";"Crescente";"Céu Claro";"Dupla";"Reta";"Não";1;0;0;0;1;0;0;1;-25,08630803;-53,59006897;"SPRF-PR";"DEL05-PR";"UOP05-DEL05-PR"
375407;2021-08-07;"sábado";"06:40:00";"MG";40;463,5;"SETE LAGOAS";"Condutor deixou de manter distância do veículo da frente";"Colisão traseira";"Com Vítimas Feridas";"Amanhecer";"Decrescente";"Céu Claro";"Dupla";"Reta";"Não";3;0;1;0;1;2;1;4;-19,42224803;-44,33870213;"SPRF-MG";"DEL02-MG";"UOP01-DEL02-MG"
375408;2021-08-07;"sábado";"06:20:00";"SP";116;329;"JUQUITIBA";"Condutor Dormindo";"Saída de leito carroçável";"Com Vítimas Feridas";"Amanhecer";"Decrescente";"Céu Claro";"Dupla";"Curva";"Não";3;0;1;0;1;2;1;4;-23,93981788;-47,08868406;"SPRF-SP";"DEL04-SP";"UOP01-DEL04-SP"
375413;2021-08-07;"sábado";"06:20:00";"SC";470;28,4;"GASPAR";"Condutor Dormindo";"Colisão traseira";"Com Vítimas Feridas";"Amanhecer";"Crescente";"Nublado";"Dupla";"Reta";"Não";2;0;1;0;0;1;1;2;-26,893761;-48,893917;"SPRF-SC";"DEL04-SC";"UOP01-DEL04-SC"
375415;2021-08-07;"sábado";"05:40:00";"MG";381;539,8;"ITATIAIUCU";"Velocidade Incompatível";"Colisão traseira";"Sem Vítimas";"Amanhecer";"Decrescente";"Céu Claro";"Simples";"Curva";"Sim";3;0;0;0;2;2;0;4;-20,242548;-44,41251621;"SPRF-MG";"DEL04-MG";"UOP03-DEL04-MG"
375419;2021-08-07;"sábado";"05:30:00";"PR";373;414;"CANDOI";"Demais falhas mecânicas ou elétricas";"Colisão traseira";"Sem Vítimas";"Amanhecer";"Decrescente";"Céu Claro";"Simples";"Aclive";"Não";3;0;0;0;2;1;0;3;-25,66088488;-52,11932518;"SPRF-PR";"DEL08-PR";"UOP01-DEL08-PR"
375424;2021-08-07;"sábado";"06:00:00";"BA";407;5;"JUAZEIRO";"Condutor Dormindo";"Colisão traseira";"Com Vítimas Feridas";"Amanhecer";"Decrescente";"Nublado";"Simples";"Reta";"Sim";4;0;1;0;1;2;1;2;-9,44778544;-40,49043801;"SPRF-PE";"DEL06-PE";"UOP01-DEL06-PE"
375426;2021-08-07;"sábado";"07:25:00";"MG";381;492,4;"BETIM";"Reação tardia ou ineficiente do condutor";"Colisão traseira";"Com Vítimas Feridas";"Pleno dia";"Decrescente";"Céu Claro";"Dupla";"Reta";"Sim";2;0;1;0;1;0;1;2;-19,97490091;-44,19004301;"SPRF-MG";"DEL01-MG";"UOP03-DEL01-MG"
375427;2021-08-07;"sábado";"08:15:00";"RS";285;456,8;"IJUI";"Ingestão de álcool pelo condutor";"Colisão transversal";"Com Vítimas Feridas";"Pleno dia";"Decrescente";"Sol";"Simples";"Interseção de Vias";"Sim";2;0;1;0;1;0;1;2;-28,385244;-53,888424;"SPRF-RS";"DEL10-RS";"UOP01-DEL10-RS"
375430;2021-08-07;"sábado";"07:30:00";"BA";242;415;"SEABRA";"Velocidade Incompatível";"Colisão com objeto";"Com Vítimas Feridas";"Pleno dia";"Decrescente";"Nublado";"Simples";"Reta";"Sim";1;0;0;1;0;0;1;1;-12,42862043;-41,77926194;"SPRF-BA";"DEL06-BA";"UOP01-DEL06-BA"
375431;2021-08-07;"sábado";"08:15:00";"MG";381;279;"JAGUARACU";"Velocidade Incompatível";"Tombamento";"Com Vítimas Feridas";"Pleno dia";"Crescente";"Céu Claro";"Simples";"Curva";"Sim";3;0;1;0;1;1;1;3;-19,56900534;-42,71273201;"SPRF-MG";"DEL03-MG";"UOP02-DEL03-MG"
375437;2021-08-07;"sábado";"08:35:00";"RJ";356;60;"ITAPERUNA";"Velocidade Incompatível";"Colisão frontal";"Com Vítimas Feridas";"Pleno dia";"Decrescente";"Chuva";"Simples";"Reta;Aclive";"Não";4;0;2;0;1;1;2;3;-21,30765698;-41,70848806;"SPRF-RJ";"DEL08-RJ";"UOP03-DEL08-RJ"
375455;2021-08-07;"sábado";"09:45:00";"MG";40;473,8;"SETE LAGOAS";"Reação tardia ou ineficiente do condutor";"Saída de leito carroçável";"Com Vítimas Feridas";"Pleno dia";"Decrescente";"Céu Claro";"Dupla";"Reta";"Não";5;0;1;0;3;3;1;6;-19,496351;-44,27992;"SPRF-MG";"DEL02-MG";"UOP01-DEL02-MG"
375456;2021-08-07;"sábado";"08:25:00";"SC";470;165;"POUSO REDONDO";"Ausência de reação do condutor";"Colisão lateral sentido oposto";"Com Vítimas Fatais";"Pleno dia";"Crescente";"Nublado";"Simples";"Reta;Declive";"Não";3;1;0;0;1;1;0;3;-27,27667861;-49,85012054;"SPRF-SC";"DEL04-SC";"UOP02-DEL04-SC"
375460;2021-08-07;"sábado";"10:40:00";"RJ";393;217;"VASSOURAS";"Acessar a via sem observar a presença dos outros veículos";"Colisão transversal";"Com Vítimas Feridas";"Pleno dia";"Crescente";"Nublado";"Simples";"Interseção de Vias";"Não";3;0;0;1;2;0;1;2;-22,30322936;-43,4966317;"SPRF-RJ";"DEL05-RJ";"UOP03-DEL05-RJ"
375461;2021-08-07;"sábado";"08:10:00";"MT";364;56;"ALTO GARCAS";"Ultrapassagem Indevida";"Colisão lateral mesmo sentido";"Com Vítimas Feridas";"Pleno dia";"Crescente";"Céu Claro";"Simples";"Declive";"Não";2;0;1;0;1;0;1;2;-16,95268297;-53,52608392;"SPRF-MT";"DEL02-MT";"UOP02-DEL02-MT"
375464;2021-08-07;"sábado";"07:45:00";"PA";10;183;"IPIXUNA DO PARA";"Condutor deixou de manter distância do veículo da frente";"Colisão traseira";"Com Vítimas Feridas";"Pleno dia";"Decrescente";"Céu Claro";"Simples";"Aclive";"Não";4;0;1;0;2;2;1;5;-2,83214603;-47,44480218;"SPRF-PA";"DEL02-PA";"UOP01-DEL02-PA"
375466;2021-08-07;"sábado";"11:15:00";"MG";381;513;"IGARAPE";"Obstrução na via";"Colisão traseira";"Com Vítimas Feridas";"Pleno dia";"Decrescente";"Sol";"Dupla";"Declive;Reta";"Não";4;0;2;0;1;2;2;4;-20,08326102;-44,30880547;"SPRF-MG";"DEL01-MG";"UOP03-DEL01-MG"
375481;2021-07-26;"segunda-feira";"15:30:00";"CE";222;201,4;"FORQUILHA";"Condutor deixou de manter distância do veículo da frente";"Colisão traseira";"Sem Vítimas";"Pleno dia";"Decrescente";"Céu Claro";"Simples";"Aclive";"Não";3;0;0;0;2;2;0;4;-3,80136098;-40,20767198;"SPRF-CE";"DEL04-CE";"UOP01-DEL04-CE"
375489;2021-08-07;"sábado";"09:30:00";"MG";116;461,7;"ENGENHEIRO CALDAS";"Acessar a via sem observar a presença dos outros veículos";"Colisão transversal";"Com Vítimas Feridas";"Pleno dia";"Decrescente";"Céu Claro";"Simples";"Reta";"Não";6;0;1;3;1;1;4;3;-19,24287204;-42,05726783;"SPRF-MG";"DEL06-MG";"UOP02-DEL06-MG"
375493;2021-08-07;"sábado";"05:50:00";"MG";262;848;"CONCEICAO DAS ALAGOAS";"Demais falhas mecânicas ou elétricas";"Incêndio";"Sem Vítimas";"Amanhecer";"Crescente";"Céu Claro";"Dupla";"Reta";"Não";2;0;0;0;1;2;0;3;-19,75682338;-48,32191109;"SPRF-MG";"DEL13-MG";"UOP01-DEL13-MG"
375497;2021-08-07;"sábado";"13:00:00";"PE";104;31,8;"TORITAMA";"Afundamento ou ondulação no pavimento";"Tombamento";"Sem Vítimas";"Pleno dia";"Crescente";"Céu Claro";"Simples";"Curva";"Sim";1;0;0;0;1;0;0;1;-8,0208;-36,0528;"SPRF-PE";"DEL02-PE";"UOP01-DEL02-PE"
375502;2021-08-07;"sábado";"13:30:00";"SP";116;143,7;"SAO JOSE DOS CAMPOS";"Manobra de mudança de faixa";"Colisão traseira";"Com Vítimas Feridas";"Pleno dia";"Decrescente";"Sol";"Dupla";"Reta";"Sim";5;0;1;0;4;0;1;4;-23,17849879;-45,83787411;"SPRF-SP";"DEL02-SP";"UOP01-DEL02-SP"
375503;2021-08-07;"sábado";"14:10:00";"SC";101;335,5;"TUBARAO";"Ausência de reação do condutor";"Colisão com objeto";"Com Vítimas Feridas";"Pleno dia";"Decrescente";"Céu Claro";"Múltipla";"Reta";"Sim";3;0;2;0;0;1;2;2;-28,47801624;-49,03246283;"SPRF-SC";"DEL02-SC";"UOP01-DEL02-SC"
375509;2021-08-07;"sábado";"15:20:00";"MG";251;341,5;"FRUTA DE LEITE";"Velocidade Incompatível";"Derramamento de carga";"Sem Vítimas";"Pleno dia";"Crescente";"Céu Claro";"Simples";"Curva";"Não";2;0;0;0;1;1;0;2;-16,26091008;-42,48440817;"SPRF-MG";"DEL12-MG";"UOP01-DEL12-MG"
375512;2021-08-07;"sábado";"15:24:00";"MG";40;463;"SETE LAGOAS";"Demais falhas mecânicas ou elétricas";"Colisão traseira";"Com Vítimas Feridas";"Pleno dia";"Crescente";"Céu Claro";"Dupla";"Declive";"Não";4;0;2;0;1;1;2;4;-19,42224803;-44,33870213;"SPRF-MG";"DEL02-MG";"UOP01-DEL02-MG"
375514;2021-08-07;"sábado";"06:30:00";"MA";230;255;"LORETO";"Objeto estático sobre o leito carroçável";"Colisão com objeto";"Com Vítimas Fatais";"Pleno dia";"Decrescente";"Céu Claro";"Simples";"Reta";"Não";4;2;0;0;1;1;0;3;-6,82328561;-44,99552188;"SPRF-MA";"DEL05-MA";"UOP01-DEL05-MA"
375526;2021-08-07;"sábado";"13:40:00";"MG";381;705,7;"LAVRAS";"Reação tardia ou ineficiente do condutor";"Saída de leito carroçável";"Com Vítimas Feridas";"Pleno dia";"Decrescente";"Céu Claro";"Dupla";"Curva";"Não";1;0;0;1;0;0;1;1;-21,320721;-45,165323;"SPRF-MG";"DEL04-MG";"UOP02-DEL04-MG"
375539;2021-08-07;"sábado";"18:30:00";"CE";116;360,9;"ICO";"Manobra de mudança de faixa";"Colisão frontal";"Com Vítimas Feridas";"Plena Noite";"Crescente";"Céu Claro";"Simples";"Curva";"Sim";3;0;0;1;1;1;1;3;-6,31646798;-38,73232305;"SPRF-CE";"DEL05-CE";"UOP01-DEL05-CE"
375548;2021-08-07;"sábado";"19:00:00";"TO";153;689;"CARIRI DO TOCANTINS";"Ultrapassagem Indevida";"Colisão frontal";"Com Vítimas Fatais";"Plena Noite";"Decrescente";"Céu Claro";"Simples";"Reta";"Não";2;1;0;0;1;0;0;2;-11,86294093;-49,15274014;"SPRF-TO";"DEL01-TO";"UOP02-DEL01-TO"
375552;2021-08-07;"sábado";"19:00:00";"SP";116;59,4;"GUARATINGUETA";"Manobra de mudança de faixa";"Colisão lateral mesmo sentido";"Com Vítimas Feridas";"Plena Noite";"Crescente";"Céu Claro";"Dupla";"Reta";"Sim";4;0;2;0;1;1;2;3;-22,78555649;-45,15339465;"SPRF-SP";"DEL08-SP";"UOP01-DEL08-SP"
375555;2021-08-07;"sábado";"19:19:00";"TO";153;115,9;"WANDERLANDIA";"Reação tardia ou ineficiente do condutor";"Queda de ocupante de veículo";"Com Vítimas Feridas";"Plena Noite";"Crescente";"Céu Claro";"Simples";"Reta";"Não";4;0;1;0;1;2;1;3;-6,99387997;-48,09821957;"SPRF-TO";"DEL02-TO";"UOP01-DEL02-TO"
375561;2021-08-07;"sábado";"13:00:00";"PR";376;460;"PONTA GROSSA";"Velocidade Incompatível";"Tombamento";"Sem Vítimas";"Pleno dia";"Crescente";"Céu Claro";"Dupla";"Declive;Curva";"Não";2;0;0;0;1;1;0;2;-25,00668306;-50,35541903;"SPRF-PR";"DEL03-PR";"UOP01-DEL03-PR"
375562;2021-08-07;"sábado";"16:40:00";"RJ";116;194;"QUEIMADOS";"Condutor deixou de manter distância do veículo da frente";"Colisão traseira";"Sem Vítimas";"Pleno dia";"Decrescente";"Nublado";"Dupla";"Reta";"Não";5;0;0;0;4;1;0;3;-22,72984207;-43,5732083;"SPRF-RJ";"DEL01-RJ";"UOP02-DEL01-RJ"
375563;2021-08-07;"sábado";"08:00:00";"MG";153;64,2;"MONTE ALEGRE DE MINAS";"Ultrapassagem Indevida";"Colisão lateral sentido oposto";"Com Vítimas Feridas";"Pleno dia";"Crescente";"Céu Claro";"Simples";"Reta";"Não";3;0;1;0;1;1;1;3;-18,92679699;-49,03242496;"SPRF-MG";"DEL15-MG";"UOP03-DEL15-MG"
375570;2021-08-07;"sábado";"19:00:00";"MS";267;374,8;"MARACAJU";"Velocidade Incompatível";"Colisão frontal";"Com Vítimas Feridas";"Plena Noite";"Crescente";"Céu Claro";"Simples";"Curva";"Não";5;0;1;0;3;1;1;3;-21,66213465;-55,24882793;"SPRF-MS";"DEL05-MS";"UOP01-DEL05-MS"
375583;2021-08-07;"sábado";"16:00:00";"BA";101;312;"PRESIDENTE TANCREDO NEVES";"Condutor deixou de manter distância do veículo da frente";"Colisão frontal";"Com Vítimas Feridas";"Pleno dia";"Crescente";"Chuva";"Simples";"Curva";"Não";2;0;1;0;0;1;1;2;-13,454264;-39,420333;"SPRF-BA";"DEL05-BA";"UOP03-DEL05-BA"
375597;2021-08-07;"sábado";"20:45:00";"AL";316;211,9;"MARIBONDO";"Condutor Dormindo";"Tombamento";"Com Vítimas Feridas";"Plena Noite";"Crescente";"Nublado";"Simples";"Curva";"Não";1;0;1;0;0;0;1;1;-9,536453;-36,2434;"SPRF-AL";"DEL01-AL";"UOP01-DEL01-AL"
375602;2021-08-07;"sábado";"20:45:00";"PR";376;464;"PONTA GROSSA";"Reação tardia ou ineficiente do condutor";"Colisão traseira";"Com Vítimas Feridas";"Plena Noite";"Crescente";"Céu Claro";"Dupla";"Reta";"Não";3;0;0;1;1;4;1;6;-25,02470207;-50,322659;"SPRF-PR";"DEL03-PR";"UOP01-DEL03-PR"
375612;2021-08-07;"sábado";"19:00:00";"PB";230;464,7;"SOUSA";"Manobra de mudança de faixa";"Colisão frontal";"Com Vítimas Fatais";"Plena Noite";"Decrescente";"Céu Claro";"Simples";"Reta;Declive";"Sim";2;1;0;0;0;1;0;2;-6,780926;-38,252356;"SPRF-PB";"DEL03-PB";"UOP03-DEL03-PB"
375614;2021-08-07;"sábado";"21:40:00";"PE";232;256;"ARCOVERDE";"Transitar na contramão";"Colisão frontal";"Com Vítimas Feridas";"Plena Noite";"Decrescente";"Nublado";"Simples";"Interseção de Vias";"Sim";4;0;0;2;1;2;2;4;-8,41536571;-37,08179042;"SPRF-PE";"DEL03-PE";"UOP02-DEL03-PE"