"id";"data_inversa";"dia_semana";"horario";"uf";"br";"km";"municipio";"causa_acidente";"tipo_acidente";"classificacao_acidente";"fase_dia";"sentido_via";"condicao_metereologica";"tipo_pista";"tracado_via";"uso_solo";"pessoas";"mortos";"feridos_leves";"feridos_graves";"ilesos";"ignorados";"feridos";"veiculos";"latitude";"longitude";"regional";"delegacia";"uop"
375617;2021-08-07;"sábado";"21:35:00";"MT";70;517;"VARZEA GRANDE";"Condutor desrespeitou a iluminação vermelha do semáforo";"Colisão transversal";"Com Vítimas Fatais";"Plena Noite";"Crescente";"Céu Claro";"Simples";"Interseção de Vias";"Sim";5;1;0;1;1;3;1;5;-15,670161;-56,180239;"SPRF-MT";"DEL01-MT";"UOP02-DEL01-MT"
375632;2021-08-07;"sábado";"20:10:00";"PR";476;235;"LAPA";"Ausência de reação do condutor";"Colisão lateral sentido oposto";"Sem Vítimas";"Plena Noite";"Decrescente";"Céu Claro";"Simples";"Reta";"Não";2;0;0;0;1;1;0;2;-25,879135;-50,027172;"SPRF-PR";"DEL02-PR";"UOP04-DEL02-PR"
375647;2021-08-08;"domingo";"01:15:00";"PR";277;666;"MEDIANEIRA";"Condutor deixou de manter distância do veículo da frente";"Colisão traseira";"Com Vítimas Feridas";"Plena Noite";"Crescente";"Céu Claro";"Dupla";"Aclive";"Não";7;0;5;0;2;0;5;2;-25,26086511;-54,04611894;"SPRF-PR";"DEL05-PR";"UOP02-DEL05-PR"
375649;2021-08-08;"domingo";"02:20:00";"SC";101;396,9;"MARACAJA";"Ingestão de álcool pelo condutor";"Colisão traseira";"Com Vítimas Feridas";"Plena Noite";"Crescente";"Céu Claro";"Dupla";"Aclive";"Sim";4;0;2;0;1;1;2;3;-28,82459572;-49,40472033;"SPRF-SC";"DEL02-SC";"UOP02-DEL02-SC"
375668;2021-08-08;"domingo";"03:50:00";"PR";277;187;"PALMEIRA";"Transitar na contramão";"Colisão lateral mesmo sentido";"Com Vítimas Feridas";"Plena Noite";"Decrescente";"Céu Claro";"Simples";"Reta";"Não";2;0;0;1;1;0;1;2;-25,4207591;-50,083596;"SPRF-PR";"DEL03-PR";"UOP03-DEL03-PR"
375672;2021-08-08;"domingo";"04:10:00";"GO";40;11;"LUZIANIA";"Velocidade Incompatível";"Colisão lateral mesmo sentido";"Sem Vítimas";"Plena Noite";"Crescente";"Céu Claro";"Dupla";"Reta";"Sim";2;0;0;0;1;1;0;2;-16,138336;-47,951644;"SPRF-DF";"DEL01-DF";"UOP01-DEL01-DF"
375679;2021-08-08;"domingo";"00:30:00";"BA";101;429;"MARAU";"Curva acentuada";"Saída de leito carroçável";"Com Vítimas Feridas";"Plena Noite";"Decrescente";"Garoa/Chuvisco";"Simples";"Curva";"Não";3;0;1;1;0;1;2;2;-14,171563;-39,324213;"SPRF-BA";"DEL05-BA";"UOP01-DEL05-BA"
375689;2021-08-08;"domingo";"03:10:00";"RJ";101;393;"ITAGUAI";"Animais na Pista";"Atropelamento de Animal";"Com Vítimas Feridas";"Plena Noite";"Decrescente";"Nublado";"Dupla";"Reta";"Não";2;0;1;0;1;0;1;1;-22,88924912;-43,70370205;"SPRF-RJ";"DEL03-RJ";"UOP01-DEL03-RJ"
375700;2021-08-08;"domingo";"06:40:00";"MT";163;789,2;"VERA";"Reação tardia ou ineficiente do condutor";"Colisão com objeto";"Com Vítimas Feridas";"Amanhecer";"Crescente";"Céu Claro";"Simples";"Reta";"Não";5;0;0;1;3;1;1;3;-12,26452805;-55,55511475;"SPRF-MT";"DEL06-MT";"UOP01-DEL06-MT"
375706;2021-08-08;"domingo";"07:00:00";"RS";287;409;"SANTIAGO";"Desrespeitar a preferência no cruzamento";"Colisão transversal";"Com Vítimas Feridas";"Amanhecer";"Crescente";"Céu Claro";"Simples";"Interseção de Vias";"Não";3;0;1;0;1;1;1;3;-29,0953789;-54,92257688;"SPRF-RS";"DEL12-RS";"UOP02-DEL12-RS"
375713;2021-08-08;"domingo";"07:20:00";"PR";116;28;"CAMPINA GRANDE DO SUL";"Reação tardia ou ineficiente do condutor";"Tombamento";"Sem Vítimas";"Pleno dia";"Decrescente";"Nevoeiro/Neblina";"Múltipla";"Declive;Ponte;Curva";"Não";1;0;0;0;1;0;0;1;-25,1119199;-48,80267501;"SPRF-PR";"DEL01-PR";"UOP02-DEL01-PR"
375719;2021-08-08;"domingo";"07:00:00";"MG";251;427;"GRAO MOGOL";"Velocidade Incompatível";"Tombamento";"Com Vítimas Feridas";"Pleno dia";"Crescente";"Céu Claro";"Simples";"Curva";"Não";3;0;2;0;0;1;2;2;-16,33690716;-43,13798285;"SPRF-MG";"DEL12-MG";"UOP01-DEL12-MG"
375722;2021-08-08;"domingo";"09:30:00";"GO";40;12,4;"LUZIANIA";"Acessar a via sem observar a presença dos outros veículos";"Colisão traseira";"Com Vítimas Feridas";"Pleno dia";"Crescente";"Céu Claro";"Dupla";"Reta";"Sim";2;0;0;1;1;0;1;2;-16,145123;-47,945382;"SPRF-DF";"DEL01-DF";"UOP01-DEL01-DF"
375727;2021-08-08;"domingo";"08:30:00";"MG";40;728,8;"OLIVEIRA FORTES";"Problema com o freio";"Colisão com objeto";"Com Vítimas Feridas";"Pleno dia";"Crescente";"Nublado";"Dupla";"Curva";"Não";2;0;1;0;1;0;1;2;-21,34542507;-43,58263493;"SPRF-MG";"DEL05-MG";"UOP01-DEL05-MG"
375728;2021-08-08;"domingo";"00:00:00";"PR";487;151;"CIANORTE";"Condutor Dormindo";"Saída de leito carroçável";"Sem Vítimas";"Plena Noite";"Crescente";"Céu Claro";"Simples";"Aclive";"Não";2;0;0;0;1;1;0;2;-23,94768836;-52,6386211;"SPRF-PR";"DEL09-PR";"UOP03-DEL09-PR"
375729;2021-08-08;"domingo";"09:20:00";"PR";376;679,4;"GUARATUBA";"Velocidade Incompatível";"Tombamento";"Com Vítimas Feridas";"Pleno dia";"Crescente";"Sol";"Dupla";"Curva;Declive";"Não";1;0;0;1;0;0;1;1;-25,95050276;-48,90514477;"SPRF-PR";"DEL01-PR";"UOP04-DEL01-PR"
375735;2021-08-03;"terça-feira";"06:40:00";"RO";364;12,2;"VILHENA";"Desrespeitar a preferência no cruzamento";"Colisão transversal";"Com Vítimas Feridas";"Pleno dia";"Decrescente";"Céu Claro";"Simples";"Interseção de Vias";"Sim";2;0;0;1;1;0;1;2;-12,74370233;-60,12147609;"SPRF-RO";"DEL04-RO";"UOP01-DEL04-RO"
375738;2021-08-08;"domingo";"09:05:00";"PR";476;233,2;"LAPA";"Manobra de mudança de faixa";"Colisão lateral mesmo sentido";"Sem Vítimas";"Pleno dia";"Crescente";"Céu Claro";"Múltipla";"Curva";"Não";3;0;0;0;2;1;0;3;-25,882042;-50,008629;"SPRF-PR";"DEL02-PR";"UOP04-DEL02-PR"
375745;2021-08-08;"domingo";"12:30:00";"MG";381;2;"BETIM";"Velocidade Incompatível";"Colisão traseira";"Com Vítimas Feridas";"Pleno dia";"Decrescente";"Céu Claro";"Dupla";"Reta";"Sim";2;0;1;0;0;1;1;2;-19,96825;-44,198708;"SPRF-MG";"DEL01-MG";"UOP03-DEL01-MG"
375746;2021-08-08;"domingo";"12:15:00";"MG";381;907,5;"CAMBUI";"Velocidade Incompatível";"Tombamento";"Com Vítimas Feridas";"Pleno dia";"Decrescente";"Céu Claro";"Dupla";"Curva";"Não";3;0;1;1;0;1;2;2;-22,71022398;-46,12178305;"SPRF-MG";"DEL16-MG";"UOP03-DEL16-MG"
375760;2021-08-08;"domingo";"09:30:00";"PR";153;103,3;"IBAITI";"Ausência de reação do condutor";"Queda de ocupante de veículo";"Com Vítimas Feridas";"Pleno dia";"Decrescente";"Céu Claro";"Simples";"Curva";"Não";2;0;1;0;0;1;1;2;-23,79674793;-50,18137692;"SPRF-PR";"DEL07-PR";"UOP04-DEL07-PR"
375761;2021-08-08;"domingo";"13:45:00";"SC";101;301,9;"LAGUNA";"Entrada inopinada do pedestre";"Atropelamento de Pedestre";"Com Vítimas Fatais";"Pleno dia";"Decrescente";"Céu Claro";"Múltipla";"Reta";"Não";3;1;0;0;1;2;0;4;-28,37288798;-48,76032385;"SPRF-SC";"DEL02-SC";"UOP03-DEL02-SC"
375767;2021-08-08;"domingo";"13:00:00";"SP";116;550,4;"BARRA DO TURVO";"Reação tardia ou ineficiente do condutor";"Tombamento";"Com Vítimas Feridas";"Pleno dia";"Decrescente";"Céu Claro";"Simples";"Curva";"Não";2;0;1;0;0;1;1;2;-24,96614016;-48,46901894;"SPRF-SP";"DEL05-SP";"UOP02-DEL05-SP"
375775;2021-08-08;"domingo";"07:00:00";"BA";242;475;"IBITIARA";"Demais falhas mecânicas ou elétricas";"Saída de leito carroçável";"Com Vítimas Feridas";"Pleno dia";"Crescente";"Céu Claro";"Simples";"Reta";"Não";2;0;1;0;0;2;1;3;-12,47148554;-42,27266787;"SPRF-BA";"DEL06-BA";"UOP01-DEL06-BA"
375782;2021-08-08;"domingo";"11:30:00";"MS";262;73;"TRES LAGOAS";"Condutor deixou de manter distância do veículo da frente";"Colisão traseira";"Sem Vítimas";"Pleno dia";"Crescente";"Céu Claro";"Simples";"Reta";"Não";3;0;0;0;1;2;0;3;-20,66752823;-52,2603731;"SPRF-MS";"DEL07-MS";"UOP02-DEL07-MS"
375783;2021-08-08;"domingo";"14:40:00";"RN";101;167,4;"CANGUARETAMA";"Demais falhas mecânicas ou elétricas";"Saída de leito carroçável";"Sem Vítimas";"Pleno dia";"Decrescente";"Céu Claro";"Dupla";"Reta";"Não";2;0;0;0;1;4;0;5;-6,426673;-35,120741;"SPRF-RN";"DEL01-RN";"UOP01-DEL01-RN"
375800;2021-08-08;"domingo";"16:10:00";"SC";470;141;"RIO DO SUL";"Demais falhas mecânicas ou elétricas";"Tombamento";"Sem Vítimas";"Pleno dia";"Crescente";"Céu Claro";"Simples";"Curva";"Não";2;0;0;0;1;1;0;2;-27,226065;-49,666161;"SPRF-SC";"DEL04-SC";"UOP02-DEL04-SC"
375801;2021-06-05;"sábado";"14:00:00";"PA";163;104;"ALTAMIRA";"Reação tardia ou ineficiente do condutor";"Tombamento";"Com Vítimas Fatais";"Pleno dia";"Crescente";"Céu Claro";"Simples";"Curva";"Não";2;1;0;0;0;3;0;4;-8,45267637;-55,13248444;"SPRF-PA";"DEL05-PA";"UOP01-DEL05-PA"
375820;2021-08-08;"domingo";"17:50:00";"SC";282;72,5;"RANCHO QUEIMADO";"Reação tardia ou ineficiente do condutor";"Colisão frontal";"Com Vítimas Feridas";"Anoitecer";"Crescente";"Céu Claro";"Simples";"Curva;Aclive";"Não";2;0;0;1;1;0;1;2;-27,683439;-49,105259;"SPRF-SC";"DEL01-SC";"UOP03-DEL01-SC"
375822;2021-08-08;"domingo";"12:50:00";"RO";364;20;"VILHENA";"Ingestão de álcool pelo condutor";"Colisão lateral sentido oposto";"Com Vítimas Feridas";"Pleno dia";"Crescente";"Céu Claro";"Simples";"Reta";"Não";3;0;0;1;1;2;1;4;-12,72595705;-60,192765;"SPRF-RO";"DEL04-RO";"UOP01-DEL04-RO"
375827;2021-08-08;"domingo";"18:30:00";"PR";116;77;"PIRAQUARA";"Manobra de mudança de faixa";"Colisão lateral mesmo sentido";"Com Vítimas Feridas";"Plena Noite";"Crescente";"Nublado";"Dupla";"Declive";"Não";3;0;1;0;2;0;1;2;-25,38360492;-49,05301123;"SPRF-PR";"DEL01-PR";"UOP01-DEL01-PR"
375828;2021-07-23;"sexta-feira";"14:42:00";"PE";232;7,1;"RECIFE";"Condutor deixou de manter distância do veículo da frente";"Engavetamento";"Com Vítimas Feridas";"Pleno dia";"Decrescente";"Garoa/Chuvisco";"Dupla";"Reta";"Não";4;0;0;1;3;0;1;4;-8,073688;-34,962683;"SPRF-PE";"DEL01-PE";"UOP01-DEL01-PE"
375844;2021-08-08;"domingo";"18:50:00";"ES";101;262,3;"SERRA";"Condutor deixou de manter distância do veículo da frente";"Colisão traseira";"Com Vítimas Feridas";"Plena Noite";"Crescente";"Nublado";"Múltipla";"Reta";"Sim";7;0;4;0;3;0;4;3;-20,1572331;-40,27678329;"SPRF-ES";"DEL02-ES";"UOP01-DEL02-ES"
375850;2021-08-08;"domingo";"08:40:00";"MG";381;349;"JOAO MONLEVADE";"Demais falhas na via";"Saída de leito carroçável";"Com Vítimas Feridas";"Pleno dia";"Decrescente";"Chuva";"Simples";"Aclive;Reta";"Não";1;0;0;1;0;0;1;1;-19,8499239;-43,14868105;"SPRF-MG";"DEL03-MG";"UOP01-DEL03-MG"
375853;2021-08-08;"domingo";"19:00:00";"PA";163;878;"BELTERRA";"Reação tardia ou ineficiente do condutor";"Tombamento";"Com Vítimas Fatais";"Plena Noite";"Crescente";"Ignorado";"Simples";"Curva";"Não";2;1;0;0;0;1;0;2;-3,41844462;-54,91039038;"SPRF-PA";"DEL05-PA";"UOP01-DEL05-PA"
375855;2021-08-08;"domingo";"18:27:00";"SP";116;104,6;"TAUBATE";"Condutor deixou de manter distância do veículo da frente";"Colisão lateral mesmo sentido";"Com Vítimas Feridas";"Plena Noite";"Decrescente";"Céu Claro";"Dupla";"Declive";"Não";4;0;2;0;1;1;2;3;-23,00340176;-45,50626912;"SPRF-SP";"DEL08-SP";"UOP01-DEL08-SP"
375860;2021-08-08;"domingo";"19:20:00";"PR";376;654;"TIJUCAS DO SUL";"Reação tardia ou ineficiente do condutor";"Colisão lateral mesmo sentido";"Sem Vítimas";"Plena Noite";"Decrescente";"Vento";"Dupla";"Curva";"Não";3;0;0;0;2;1;0;3;-25,84325961;-49,05169114;"SPRF-PR";"DEL01-PR";"UOP04-DEL01-PR"
375863;2021-08-08;"domingo";"17:30:00";"SC";282;506;"XANXERE";"Velocidade Incompatível";"Colisão traseira";"Com Vítimas Feridas";"Pleno dia";"Decrescente";"Céu Claro";"Dupla";"Reta";"Não";3;0;1;1;0;1;2;2;-26,885712;-52,42907;"SPRF-SC";"DEL07-SC";"UOP01-DEL07-SC"
375868;2021-08-08;"domingo";"17:00:00";"SC";282;281,3;"SAO JOSE DO CERRITO";"Carga excessiva e/ou mal acondicionada";"Saída de leito carroçável";"Com Vítimas Feridas";"Anoitecer";"Crescente";"Céu Claro";"Simples";"Curva";"Não";2;0;1;1;0;0;2;1;-27,580057;-50,76429;"SPRF-SC";"DEL05-SC";"UOP02-DEL05-SC"
375876;2021-08-08;"domingo";"15:50:00";"TO";153;540,7;"NOVA ROSALANDIA";"Ausência de reação do condutor";"Colisão frontal";"Com Vítimas Fatais";"Pleno dia";"Crescente";"Céu Claro";"Simples";"Reta";"Não";6;1;0;0;2;4;0;5;-10,56258187;-48,91353744;"SPRF-TO";"DEL01-TO";"UOP01-DEL01-TO"
375881;2021-08-08;"domingo";"21:10:00";"MG";40;128,8;"JOAO PINHEIRO";"Ausência de reação do condutor";"Colisão traseira";"Com Vítimas Feridas";"Plena Noite";"Decrescente";"Céu Claro";"Simples";"Reta";"Sim";4;0;1;1;1;2;2;4;-17,70131701;-46,303719;"SPRF-MG";"DEL14-MG";"UOP01-DEL14-MG"
375885;2021-08-08;"domingo";"07:20:00";"MA";222;643;"ACAILANDIA";"Demais falhas mecânicas ou elétricas";"Incêndio";"Sem Vítimas";"Pleno dia";"Crescente";"Céu Claro";"Simples";"Reta";"Não";2;0;0;0;1;3;0;4;-4,7973408;-47,22026797;"SPRF-MA";"DEL04-MA";"UOP03-DEL04-MA"
375894;2021-08-08;"domingo";"19:10:00";"BA";242;418;"SEABRA";"Ultrapassagem Indevida";"Colisão frontal";"Com Vítimas Feridas";"Plena Noite";"Crescente";"Nublado";"Simples";"Aclive";"Não";4;0;1;0;2;2;1;4;-12,43218557;-41,80645406;"SPRF-BA";"DEL06-BA";"UOP01-DEL06-BA"
375899;2021-08-08;"domingo";"10:50:00";"MG";262;628,4;"IBIA";"Velocidade Incompatível";"Saída de leito carroçável";"Com Vítimas Fatais";"Pleno dia";"Decrescente";"Céu Claro";"Simples";"Curva";"Não";3;1;0;1;0;1;1;2;-19,57610227;-46,43935292;"SPRF-MG";"DEL08-MG";"UOP01-DEL08-MG"
375904;2021-08-08;"domingo";"21:30:00";"CE";20;298;"CANINDE";"Demais falhas mecânicas ou elétricas";"Incêndio";"Sem Vítimas";"Plena Noite";"Crescente";"Céu Claro";"Simples";"Reta";"Não";2;0;0;0;1;2;0;3;-4,43136;-39,33224;"SPRF-CE";"DEL02-CE";"UOP01-DEL02-CE"
375907;2021-08-08;"domingo";"22:20:00";"PR";376;622,1;"SAO JOSE DOS PINHAIS";"Demais falhas mecânicas ou elétricas";"Incêndio";"Sem Vítimas";"Plena Noite";"Decrescente";"Vento";"Dupla";"Reta;Aclive";"Não";1;0;0;0;1;0;0;1;-25,62623389;-49,16547575;"SPRF-PR";"DEL01-PR";"UOP04-DEL01-PR"
375909;2021-08-08;"domingo";"21:50:00";"RJ";101;120;"CAMPOS DOS GOYTACAZES";"Reação tardia ou ineficiente do condutor";"Colisão traseira";"Com Vítimas Feridas";"Plena Noite";"Crescente";"Céu Claro";"Dupla";"Reta";"Não";6;0;2;0;3;1;2;4;-22,02621833;-41,69171397;"SPRF-RJ";"DEL08-RJ";"UOP02-DEL08-RJ"
375911;2021-08-08;"domingo";"19:00:00";"MG";262;743;"PERDIZES";"Desrespeitar a preferência no cruzamento";"Colisão traseira";"Com Vítimas Feridas";"Plena Noite";"Crescente";"Céu Claro";"Simples";"Reta";"Não";7;0;2;0;4;3;2;5;-19,61233591;-47,45023102;"SPRF-MG";"DEL08-MG";"UOP01-DEL08-MG"
375915;2021-06-23;"quarta-feira";"19:45:00";"MA";10;244,3;"IMPERATRIZ";"Acostamento em desnível";"Tombamento";"Com Vítimas Feridas";"Plena Noite";"Crescente";"Céu Claro";"Simples";"Reta";"Não";2;0;0;1;0;1;1;2;-5,596112;-47,42886;"SPRF-MA";"DEL04-MA";"UOP01-DEL04-MA"
375916;2021-08-08;"domingo";"17:20:00";"MA";402;59,8;"MORROS";"Pista esburacada";"Colisão frontal";"Com Vítimas Feridas";"Pleno dia";"Decrescente";"Sol";"Simples";"Reta";"Não";9;0;4;3;2;0;7;3;-2,849038;-43,84919;"SPRF-MA";"DEL01-MA";"UOP01-DEL01-MA"
375922;2021-08-09;"segunda-feira";"00:10:00";"MG";267;248,1;"SERITINGA";"Velocidade Incompatível";"Tombamento";"Com Vítimas Fatais";"Plena Noite";"Crescente";"Céu Claro";"Simples";"Curva";"Não";1;1;0;0;0;0;0;1;-21,93632695;-44,4741703;"SPRF-MG";"DEL17-MG";"UOP01-DEL17-MG"
375931;2021-08-09;"segunda-feira";"00:45:00";"PR";376;638,7;"TIJUCAS DO SUL";"Manobra de mudança de faixa";"Colisão lateral mesmo sentido";"Com Vítimas Feridas";"Plena Noite";"Crescente";"Nublado";"Dupla";"Curva";"Não";3;0;1;0;1;1;1;2;-25,77760171;-49,12043805;"SPRF-PR";"DEL01-PR";"UOP04-DEL01-PR"
375932;2021-08-09;"segunda-feira";"01:00:00";"PB";101;121,3;"CAAPORA";"Condutor Dormindo";"Saída de leito carroçável";"Com Vítimas Feridas";"Plena Noite";"Crescente";"Nublado";"Dupla";"Reta";"Não";2;0;1;0;0;1;1;2;-7,44160988;-34,97799652;"SPRF-PB";"DEL01-PB";"UOP02-DEL01-PB"
375935;2021-08-09;"segunda-feira";"02:00:00";"BA";418;79;"NOVA VICOSA";"Ingestão de álcool pelo condutor";"Colisão frontal";"Com Vítimas Feridas";"Plena Noite";"Decrescente";"Nublado";"Simples";"Reta";"Não";4;0;1;1;1;3;2;5;-17,866106;-39,751374;"SPRF-BA";"DEL09-BA";"UOP02-DEL09-BA"
375937;2021-08-08;"domingo";"21:10:00";"SC";116;140,7;"SANTA CECILIA";"Ausência de reação do condutor";"Colisão traseira";"Com Vítimas Fatais";"Plena Noite";"Crescente";"Céu Claro";"Simples";"Reta;Aclive";"Sim";5;1;0;1;2;1;1;3;-26,96999;-50,40666;"SPRF-SC";"DEL06-SC";"UOP02-DEL06-SC"
375946;2021-06-17;"quinta-feira";"21:20:00";"MG";153;141;"PRATA";"Reação tardia ou ineficiente do condutor";"Colisão lateral mesmo sentido";"Com Vítimas Feridas";"Plena Noite";"Decrescente";"Céu Claro";"Simples";"Reta";"Não";6;0;0;1;4;7;1;12;-19,57419297;-48,82520551;"SPRF-MG";"DEL15-MG";"UOP03-DEL15-MG"
375952;2021-08-09;"segunda-feira";"04:00:00";"TO";226;46;"DARCINOPOLIS";"Transitar na contramão";"Colisão lateral sentido oposto";"Com Vítimas Feridas";"Plena Noite";"Crescente";"Céu Claro";"Simples";"Curva";"Não";4;0;3;0;1;0;3;2;-6,758854;-47,78611;"SPRF-TO";"DEL02-TO";"UOP03-DEL02-TO"
375953;2021-08-09;"segunda-feira";"04:00:00";"RJ";116;228,3;"PIRAI";"Condutor Dormindo";"Colisão traseira";"Com Vítimas Feridas";"Plena Noite";"Decrescente";"Céu Claro";"Dupla";"Reta";"Não";4;0;1;0;3;0;1;2;-22,660623;-43,82667;"SPRF-RJ";"DEL07-RJ";"UOP01-DEL07-RJ"
375957;2021-08-09;"segunda-feira";"05:50:00";"MT";163;717;"SORRISO";"Manobra de mudança de faixa";"Colisão frontal";"Com Vítimas Fatais";"Amanhecer";"Crescente";"Céu Claro";"Simples";"Curva";"Não";3;1;1;0;0;1;1;3;-12,94593709;-55,86559775;"SPRF-MT";"DEL06-MT";"UOP01-DEL06-MT"
375958;2021-07-16;"sexta-feira";"21:00:00";"SE";101;119;"ITAPORANGA DAJUDA";"Ingestão de álcool pelo condutor";"Colisão traseira";"Sem Vítimas";"Plena Noite";"Decrescente";"Céu Claro";"Dupla";"Retorno Regulamentado";"Não";5;0;0;0;3;2;0;4;-11,03022732;-37,33192083;"SPRF-SE";"DEL02-SE";"UOP01-DEL02-SE"
375962;2021-08-09;"segunda-feira";"06:50:00";"MG";381;451;"SABARA";"Condutor deixou de manter distância do veículo da frente";"Colisão traseira";"Com Vítimas Feridas";"Pleno dia";"Crescente";"Céu Claro";"Simples";"Reta";"Sim";4;0;1;0;2;1;1;3;-19,83832024;-43,8806931;"SPRF-MG";"DEL01-MG";"UOP01-DEL01-MG"
375970;2021-08-09;"segunda-feira";"08:00:00";"SP";116;280,3;"EMBU DAS ARTES";"Condutor deixou de manter distância do veículo da frente";"Colisão traseira";"Sem Vítimas";"Pleno dia";"Decrescente";"Céu Claro";"Dupla";"Reta";"Sim";4;0;0;0;3;1;0;4;-23,66996108;-46,85590758;"SPRF-SP";"DEL04-SP";"UOP01-DEL04-SP"
375973;2021-08-09;"segunda-feira";"01:00:00";"CE";116;51;"PACAJUS";"Avarias e/ou desgaste excessivo no pneu";"Saída de leito carroçável";"Sem Vítimas";"Plena Noite";"Decrescente";"Céu Claro";"Dupla";"Curva";"Não";1;0;0;0;1;0;0;1;-4,17865495;-38,49185663;"SPRF-CE";"DEL03-CE";"UOP02-DEL03-CE"
375975;2021-08-09;"segunda-feira";"07:50:00";"ES";101;288,3;"CARIACICA";"Desrespeitar a preferência no cruzamento";"Colisão transversal";"Sem Vítimas";"Pleno dia";"Crescente";"Céu Claro";"Dupla";"Retorno Regulamentado;Reta";"Não";3;0;0;0;2;1;0;3;-20,27160351;-40,39091743;"SPRF-ES";"DEL01-ES";"UOP01-DEL01-ES"
375976;2021-08-09;"segunda-feira";"08:20:00";"BA";116;839;"VITORIA DA CONQUISTA";"Condutor deixou de manter distância do veículo da frente";"Colisão traseira";"Com Vítimas Feridas";"Pleno dia";"Decrescente";"Nublado";"Simples";"Reta";"Não";2;0;1;0;1;0;1;2;-14,982488;-40,921431;"SPRF-BA";"DEL08-BA";"UOP01-DEL08-BA"
375981;2021-08-09;"segunda-feira";"07:00:00";"MA";10;261,9;"IMPERATRIZ";"Acessar a via sem observar a presença dos outros veículos";"Tombamento";"Com Vítimas Feridas";"Pleno dia";"Crescente";"Céu Claro";"Simples";"Reta";"Não";2;0;1;0;0;1;1;2;-5,443704;-47,472645;"SPRF-MA";"DEL04-MA";"UOP01-DEL04-MA"
375992;2021-08-09;"segunda-feira";"08:25:00";"MG";365;626;"UBERLANDIA";"Reação tardia ou ineficiente do condutor";"Colisão lateral mesmo sentido";"Com Vítimas Feridas";"Pleno dia";"Decrescente";"Céu Claro";"Dupla";"Declive";"Sim";3;0;1;0;1;2;1;4;-18,90659356;-48,33469405;"SPRF-MG";"DEL15-MG";"UOP01-DEL15-MG"
376003;2021-08-09;"segunda-feira";"10:10:00";"PE";101;35;"IGARASSU";"Manobra de mudança de faixa";"Colisão lateral mesmo sentido";"Com Vítimas Feridas";"Pleno dia";"Decrescente";"Céu Claro";"Dupla";"Declive";"Não";4;0;1;0;3;0;1;2;-7,77952193;-34,93231384;"SPRF-PE";"DEL01-PE";"UOP02-DEL01-PE"
376005;2021-08-09;"segunda-feira";"10:30:00";"GO";153;494;"GOIANIA";"Condutor deixou de manter distância do veículo da frente";"Colisão traseira";"Com Vítimas Feridas";"Pleno dia";"Crescente";"Céu Claro";"Dupla";"Reta";"Sim";3;0;1;0;1;1;1;3;-16,6614;-49,2218;"SPRF-GO";"DEL01-GO";"UOP01-DEL01-GO"
376007;2021-08-09;"segunda-feira";"10:00:00";"BA";324;542;"AMELIA RODRIGUES";"Área urbana sem a presença de local apropriado para a travessia de pedestres";"Atropelamento de Pedestre";"Com Vítimas Fatais";"Pleno dia";"Decrescente";"Nublado";"Dupla";"Reta";"Sim";4;1;1;1;0;2;2;4;-12,39373185;-38,77646394;"SPRF-BA";"DEL01-BA";"UOP03-DEL01-BA"
376008;2021-08-09;"segunda-feira";"10:40:00";"RJ";101;59;"CAMPOS DOS GOYTACAZES";"Ausência de reação do condutor";"Colisão traseira";"Com Vítimas Feridas";"Pleno dia";"Decrescente";"Céu Claro";"Simples";"Reta;Interseção de Vias";"Sim";2;0;1;0;1;0;1;2;-21,71366497;-41,30861915;"SPRF-RJ";"DEL08-RJ";"UOP01-DEL08-RJ"
376009;2021-08-09;"segunda-feira";"10:10:00";"PR";277;80;"CURITIBA";"Condutor deixou de manter distância do veículo da frente";"Colisão traseira";"Com Vítimas Feridas";"Pleno dia";"Crescente";"Sol";"Dupla";"Em Obras;Reta;Desvio Temporário";"Sim";3;0;0;1;2;0;1;3;-25,47865093;-49,2014122;"SPRF-PR";"DEL01-PR";"UOP01-DEL01-PR"
376010;2021-08-09;"segunda-feira";"07:50:00";"CE";116;112,5;"RUSSAS";"Reação tardia ou ineficiente do condutor";"Tombamento";"Com Vítimas Feridas";"Pleno dia";"Decrescente";"Céu Claro";"Simples";"Reta";"Não";2;0;1;0;0;2;1;3;-4,58754726;-38,21894646;"SPRF-CE";"DEL03-CE";"UOP02-DEL03-CE"
376011;2021-08-09;"segunda-feira";"11:10:00";"SP";116;211,6;"GUARULHOS";"Manobra de mudança de faixa";"Colisão traseira";"Com Vítimas Feridas";"Pleno dia";"Crescente";"Céu Claro";"Múltipla";"Reta";"Sim";3;0;1;0;1;1;1;3;-23,4324306;-46,4194352;"SPRF-SP";"DEL01-SP";"UOP01-DEL01-SP"
376013;2021-08-09;"segunda-feira";"11:35:00";"BA";116;15;"VITORIA DA CONQUISTA";"Conversão proibida";"Tombamento";"Com Vítimas Feridas";"Pleno dia";"Decrescente";"Nublado";"Simples";"Reta";"Sim";2;0;1;0;1;0;1;2;-14,90019;-40,853807;"SPRF-BA";"DEL08-BA";"UOP01-DEL08-BA"
376015;2021-08-09;"segunda-feira";"11:40:00";"GO";40;14;"LUZIANIA";"Reação tardia ou ineficiente do condutor";"Colisão lateral mesmo sentido";"Com Vítimas Feridas";"Pleno dia";"Crescente";"Sol";"Dupla";"Reta";"Sim";6;0;3;0;2;1;3;3;-16,158753;-47,933136;"SPRF-DF";"DEL01-DF";"UOP01-DEL01-DF"