"id";"data_inversa";"dia_semana";"horario";"uf";"br";"km";"municipio";"causa_acidente";"tipo_acidente";"classificacao_acidente";"fase_dia";"sentido_via";"condicao_metereologica";"tipo_pista";"tracado_via";"uso_solo";"pessoas";"mortos";"feridos_leves";"feridos_graves";"ilesos";"ignorados";"feridos";"veiculos";"latitude";"longitude";"regional";"delegacia";"uop"
376306;2021-08-10;"terça-feira";"18:00:00";"SP";116;284;"ITAPECERICA DA SERRA";"Ausência de reação do condutor";"Colisão lateral mesmo sentido";"Com Vítimas Feridas";"Plena Noite";"Decrescente";"Nublado";"Dupla";"Reta";"Sim";3;0;0;1;1;1;1;3;-23,69998;-46,867767;"SPRF-SP";"DEL04-SP";"UOP01-DEL04-SP"
376309;2021-08-10;"terça-feira";"18:40:00";"ES";101;117;"SOORETAMA";"Deficiência do Sistema de Iluminação/Sinalização";"Colisão traseira";"Com Vítimas Feridas";"Plena Noite";"Crescente";"Céu Claro";"Simples";"Reta";"Não";2;0;0;1;1;0;1;2;-19,11932808;-40,06302982;"SPRF-ES";"DEL04-ES";"UOP01-DEL04-ES"
376322;2021-08-10;"terça-feira";"18:10:00";"SC";101;323,4;"PESCARIA BRAVA";"Ausência de reação do condutor";"Tombamento";"Com Vítimas Feridas";"Anoitecer";"Decrescente";"Chuva";"Dupla";"Aclive";"Não";2;0;1;0;0;1;1;2;-28,4252221;-48,93585205;"SPRF-SC";"DEL02-SC";"UOP01-DEL02-SC"
376327;2021-08-10;"terça-feira";"18:40:00";"SC";101;303,8;"LAGUNA";"Condutor Dormindo";"Saída de leito carroçável";"Com Vítimas Feridas";"Plena Noite";"Crescente";"Garoa/Chuvisco";"Múltipla";"Reta";"Sim";4;0;3;0;1;0;3;3;-28,36149723;-48,74974275;"SPRF-SC";"DEL02-SC";"UOP03-DEL02-SC"
376330;2021-08-10;"terça-feira";"18:30:00";"PR";376;587,5;"CURITIBA";"Velocidade Incompatível";"Tombamento";"Com Vítimas Feridas";"Anoitecer";"Decrescente";"Céu Claro";"Simples";"Viaduto;Declive;Curva";"Sim";1;0;1;0;0;0;1;1;-25,43001066;-49,36501622;"SPRF-PR";"DEL01-PR";"UOP03-DEL03-PR"
376332;2021-07-31;"sábado";"20:30:00";"MS";163;255;"DOURADOS";"Velocidade Incompatível";"Colisão traseira";"Com Vítimas Feridas";"Plena Noite";"Crescente";"Céu Claro";"Dupla";"Reta";"Sim";7;0;4;0;3;0;4;2;-22,27885392;-54,82235352;"SPRF-MS";"DEL04-MS";"UOP01-DEL04-MS"
376335;2021-08-10;"terça-feira";"20:05:00";"SP";116;155;"SAO JOSE DOS CAMPOS";"Manobra de mudança de faixa";"Colisão lateral mesmo sentido";"Sem Vítimas";"Plena Noite";"Decrescente";"Céu Claro";"Dupla";"Aclive";"Sim";3;0;0;0;2;1;0;3;-23,24524337;-45,92772774;"SPRF-SP";"DEL02-SP";"UOP01-DEL02-SP"
376341;2021-08-10;"terça-feira";"19:56:00";"GO";20;49;"FORMOSA";"Reação tardia ou ineficiente do condutor";"Saída de leito carroçável";"Com Vítimas Feridas";"Plena Noite";"Decrescente";"Céu Claro";"Simples";"Declive";"Não";2;0;1;0;0;1;1;2;-15,33605;-47,125084;"SPRF-DF";"DEL02-DF";"UOP01-DEL02-DF"
376346;2021-08-10;"terça-feira";"22:00:00";"GO";153;497,6;"GOIANIA";"Manobra de mudança de faixa";"Colisão lateral mesmo sentido";"Com Vítimas Feridas";"Plena Noite";"Decrescente";"Céu Claro";"Dupla";"Declive;Curva";"Sim";7;0;0;1;4;2;1;5;-16,68152778;-49,23333626;"SPRF-GO";"DEL01-GO";"UOP01-DEL01-GO"
376348;2021-08-10;"terça-feira";"17:05:00";"RJ";101;192;"CASIMIRO DE ABREU";"Manobra de mudança de faixa";"Colisão lateral mesmo sentido";"Sem Vítimas";"Anoitecer";"Decrescente";"Céu Claro";"Múltipla";"Reta";"Não";3;0;0;0;3;0;0;2;-22,47314393;-42,08206801;"SPRF-RJ";"DEL08-RJ";"UOP04-DEL08-RJ"
376350;2021-08-10;"terça-feira";"22:20:00";"ES";482;97;"ALEGRE";"Transitar na contramão";"Colisão frontal";"Com Vítimas Fatais";"Plena Noite";"Crescente";"Céu Claro";"Simples";"Curva";"Não";3;1;0;0;1;2;0;4;-20,77060391;-41,60790196;"SPRF-ES";"DEL03-ES";"UOP02-DEL03-ES"
376351;2021-08-10;"terça-feira";"15:15:00";"RN";304;193;"ANGICOS";"Ultrapassagem Indevida";"Saída de leito carroçável";"Com Vítimas Feridas";"Pleno dia";"Decrescente";"Céu Claro";"Simples";"Reta";"Não";2;0;2;0;0;0;2;1;-5,70633343;-36,22453201;"SPRF-RN";"DEL01-RN";"UOP03-DEL01-RN"
376353;2021-08-10;"terça-feira";"15:00:00";"MG";153;76,5;"MONTE ALEGRE DE MINAS";"Condutor deixou de manter distância do veículo da frente";"Saída de leito carroçável";"Com Vítimas Feridas";"Pleno dia";"Crescente";"Céu Claro";"Simples";"Declive;Reta;Ponte;Em Obras";"Não";5;0;0;1;3;1;1;5;-19,03073298;-49,01085007;"SPRF-MG";"DEL15-MG";"UOP03-DEL15-MG"
376354;2021-08-10;"terça-feira";"22:30:00";"PR";376;668;"GUARATUBA";"Pista Escorregadia";"Colisão com objeto";"Com Vítimas Feridas";"Plena Noite";"Decrescente";"Garoa/Chuvisco";"Dupla";"Aclive;Curva";"Não";2;0;1;0;0;1;1;2;-25,864159;-48,937538;"SPRF-PR";"DEL01-PR";"UOP04-DEL01-PR"
376355;2021-08-10;"terça-feira";"22:00:00";"SC";116;22,2;"ITAIOPOLIS";"Condutor Dormindo";"Colisão frontal";"Com Vítimas Feridas";"Plena Noite";"Decrescente";"Nublado";"Simples";"Reta";"Não";4;0;0;1;2;1;1;4;-26,2574752;-49,91194265;"SPRF-SC";"DEL06-SC";"UOP01-DEL06-SC"
376356;2021-08-10;"terça-feira";"23:45:00";"MG";381;792,9;"SAO GONCALO DO SAPUCAI";"Demais falhas mecânicas ou elétricas";"Colisão traseira";"Com Vítimas Feridas";"Plena Noite";"Crescente";"Céu Claro";"Dupla";"Aclive;Reta";"Não";12;0;10;0;1;2;10;4;-21,90340219;-45,55705766;"SPRF-MG";"DEL16-MG";"UOP02-DEL16-MG"
376358;2021-08-11;"quarta-feira";"00:15:00";"PR";116;167;"QUITANDINHA";"Transitar na contramão";"Colisão frontal";"Com Vítimas Fatais";"Plena Noite";"Crescente";"Céu Claro";"Simples";"Reta";"Não";7;1;0;2;1;3;2;4;-25,86830628;-49,45462385;"SPRF-PR";"DEL01-PR";"UOP03-DEL01-PR"
376360;2021-08-10;"terça-feira";"23:45:00";"PE";232;7;"RECIFE";"Manobra de mudança de faixa";"Colisão com objeto";"Sem Vítimas";"Plena Noite";"Crescente";"Chuva";"Dupla";"Reta";"Não";3;0;0;0;2;1;0;3;-8,07341;-34,962071;"SPRF-PE";"DEL01-PE";"UOP01-DEL01-PE"
376362;2021-08-10;"terça-feira";"23:25:00";"PB";104;134,2;"QUEIMADAS";"Ausência de reação do condutor";"Colisão traseira";"Com Vítimas Feridas";"Plena Noite";"Crescente";"Nublado";"Simples";"Reta";"Não";2;0;0;1;1;0;1;2;-7,32562205;-35,89657067;"SPRF-PB";"DEL02-PB";"UOP03-DEL02-PB"
376365;2021-08-11;"quarta-feira";"00:30:00";"RJ";116;246;"PIRAI";"Ausência de reação do condutor";"Colisão com objeto";"Com Vítimas Feridas";"Plena Noite";"Decrescente";"Nublado";"Dupla";"Reta";"Não";1;0;1;0;0;0;1;1;-22,61426907;-43,93189964;"SPRF-RJ";"DEL07-RJ";"UOP01-DEL07-RJ"
376366;2021-08-10;"terça-feira";"23:00:00";"MG";50;82,7;"UBERLANDIA";"Pedestre andava na pista";"Atropelamento de Pedestre";"Com Vítimas Fatais";"Plena Noite";"Decrescente";"Céu Claro";"Dupla";"Reta";"Não";2;1;0;0;0;1;0;2;-18,986906;-48,211853;"SPRF-MG";"DEL15-MG";"UOP01-DEL15-MG"
376367;2021-08-11;"quarta-feira";"00:20:00";"SP";116;471;"JACUPIRANGA";"Pedestre andava na pista";"Atropelamento de Pedestre";"Com Vítimas Fatais";"Plena Noite";"Decrescente";"Céu Claro";"Dupla";"Curva";"Não";2;1;0;0;0;1;0;2;-24,65864797;-47,96724403;"SPRF-SP";"DEL05-SP";"UOP01-DEL05-SP"
376368;2021-08-11;"quarta-feira";"02:10:00";"MG";50;81,4;"UBERLANDIA";"Condutor Dormindo";"Colisão traseira";"Com Vítimas Feridas";"Plena Noite";"Decrescente";"Céu Claro";"Dupla";"Aclive;Reta";"Não";3;0;1;0;1;1;1;3;-18,98212033;-48,21259975;"SPRF-MG";"DEL15-MG";"UOP01-DEL15-MG"
376369;2021-08-11;"quarta-feira";"00:10:00";"MG";381;457;"BELO HORIZONTE";"Demais falhas mecânicas ou elétricas";"Colisão com objeto";"Sem Vítimas";"Plena Noite";"Crescente";"Céu Claro";"Dupla";"Reta";"Sim";2;0;0;0;1;1;0;2;-19,86134886;-43,92063055;"SPRF-MG";"DEL01-MG";"UOP01-DEL01-MG"
376372;2021-08-11;"quarta-feira";"02:25:00";"RJ";101;239;"SILVA JARDIM";"Manobra de mudança de faixa";"Colisão lateral mesmo sentido";"Com Vítimas Fatais";"Plena Noite";"Crescente";"Céu Claro";"Dupla";"Reta";"Não";4;1;1;1;0;1;2;2;-22,62542413;-42,42802593;"SPRF-RJ";"DEL02-RJ";"UOP03-DEL02-RJ"
376374;2021-08-11;"quarta-feira";"01:20:00";"RJ";101;141,2;"MACAE";"Ausência de reação do condutor";"Colisão traseira";"Com Vítimas Fatais";"Plena Noite";"Crescente";"Céu Claro";"Dupla";"Reta";"Não";3;1;0;0;2;0;0;2;-22,18778801;-41,74779008;"SPRF-RJ";"DEL08-RJ";"UOP04-DEL08-RJ"
376375;2021-08-11;"quarta-feira";"04:45:00";"SP";116;509;"CAJATI";"Velocidade Incompatível";"Tombamento";"Com Vítimas Feridas";"Plena Noite";"Crescente";"Céu Claro";"Dupla";"Curva";"Não";2;0;1;0;0;1;1;2;-24,81333299;-48,21310484;"SPRF-SP";"DEL05-SP";"UOP02-DEL05-SP"
376389;2021-08-11;"quarta-feira";"00:10:00";"MA";10;305,3;"ACAILANDIA";"Ausência de reação do condutor";"Colisão traseira";"Com Vítimas Feridas";"Plena Noite";"Crescente";"Céu Claro";"Simples";"Reta";"Não";3;0;1;0;1;1;1;3;-5,069753;-47,558968;"SPRF-MA";"DEL04-MA";"UOP03-DEL04-MA"
376393;2021-08-11;"quarta-feira";"06:00:00";"MG";381;705;"LAVRAS";"Ausência de reação do condutor";"Saída de leito carroçável";"Com Vítimas Feridas";"Amanhecer";"Decrescente";"Céu Claro";"Dupla";"Reta";"Não";1;0;1;0;0;0;1;1;-21,34965018;-45,17946289;"SPRF-MG";"DEL04-MG";"UOP02-DEL04-MG"
376398;2021-08-11;"quarta-feira";"05:50:00";"PR";376;528,6;"PONTA GROSSA";"Condutor Dormindo";"Colisão traseira";"Com Vítimas Feridas";"Amanhecer";"Crescente";"Céu Claro";"Dupla";"Aclive";"Não";3;0;0;1;1;1;1;3;-25,33411669;-49,85609969;"SPRF-PR";"DEL03-PR";"UOP01-DEL03-PR"
376399;2021-01-08;"sexta-feira";"07:00:00";"MG";381;426,8;"CAETE";"Velocidade Incompatível";"Colisão com objeto";"Com Vítimas Feridas";"Pleno dia";"Crescente";"Nublado";"Dupla";"Reta";"Não";2;0;1;0;0;1;1;2;-19,78686195;-43,68924804;"SPRF-MG";"DEL01-MG";"UOP01-DEL01-MG"
376400;2021-08-11;"quarta-feira";"04:00:00";"BA";110;247;"OLINDINA";"Pedestre andava na pista";"Atropelamento de Pedestre";"Com Vítimas Fatais";"Amanhecer";"Decrescente";"Nevoeiro/Neblina";"Simples";"Reta";"Não";2;1;0;0;0;1;0;2;-11,4430319;-38,29120042;"SPRF-BA";"DEL01-BA";"UOP04-DEL01-BA"
376403;2021-08-11;"quarta-feira";"08:00:00";"MG";40;737,8;"SANTOS DUMONT";"Velocidade Incompatível";"Capotamento";"Com Vítimas Feridas";"Pleno dia";"Decrescente";"Céu Claro";"Simples";"Curva";"Não";2;0;1;0;0;1;1;2;-21,38296999;-43,57033542;"SPRF-MG";"DEL05-MG";"UOP01-DEL05-MG"
376408;2021-08-11;"quarta-feira";"09:10:00";"PR";277;0,3;"PARANAGUA";"Velocidade Incompatível";"Atropelamento de Pedestre";"Com Vítimas Feridas";"Pleno dia";"Crescente";"Garoa/Chuvisco";"Dupla";"Reta";"Sim";3;0;1;0;1;2;1;4;-25,556149;-48,562751;"SPRF-PR";"DEL01-PR";"UOP05-DEL01-PR"
376409;2021-08-11;"quarta-feira";"07:30:00";"PR";476;279,1;"SAO MATEUS DO SUL";"Ausência de reação do condutor";"Colisão traseira";"Com Vítimas Feridas";"Pleno dia";"Decrescente";"Garoa/Chuvisco";"Simples";"Reta";"Não";3;0;0;1;1;1;1;3;-25,871132;-50,406021;"SPRF-PR";"DEL02-PR";"UOP04-DEL02-PR"
376412;2021-08-11;"quarta-feira";"05:15:00";"MG";40;300;"TRES MARIAS";"Pista em desnível";"Tombamento";"Com Vítimas Feridas";"Amanhecer";"Decrescente";"Céu Claro";"Simples";"Curva";"Não";1;0;0;1;0;0;1;1;-18,350118;-45,09330699;"SPRF-MG";"DEL14-MG";"UOP02-DEL14-MG"
376413;2021-08-10;"terça-feira";"23:00:00";"BA";101;567,3;"ARATACA";"Problema com o freio";"Incêndio";"Sem Vítimas";"Plena Noite";"Crescente";"Céu Claro";"Simples";"Reta";"Não";2;0;0;0;1;2;0;3;-15,25730709;-39,45673211;"SPRF-BA";"DEL05-BA";"UOP02-DEL05-BA"
376414;2021-08-11;"quarta-feira";"09:00:00";"PE";101;32,8;"IGARASSU";"Acessar a via sem observar a presença dos outros veículos";"Colisão lateral mesmo sentido";"Com Vítimas Feridas";"Pleno dia";"Crescente";"Chuva";"Dupla";"Retorno Regulamentado";"Não";2;0;0;1;1;0;1;2;-7,75294197;-34,93621562;"SPRF-PE";"DEL01-PE";"UOP02-DEL01-PE"
376415;2021-08-11;"quarta-feira";"07:30:00";"RJ";101;208;"CASIMIRO DE ABREU";"Condutor Dormindo";"Colisão frontal";"Com Vítimas Feridas";"Pleno dia";"Crescente";"Céu Claro";"Simples";"Reta";"Não";3;0;2;0;1;0;2;2;-22,4806698;-42,22017209;"SPRF-RJ";"DEL08-RJ";"UOP04-DEL08-RJ"
376416;2021-08-11;"quarta-feira";"08:20:00";"SC";101;363,7;"SANGAO";"Ingestão de álcool pelo condutor";"Colisão com objeto";"Sem Vítimas";"Pleno dia";"Decrescente";"Chuva";"Dupla";"Curva";"Sim";3;0;0;0;2;1;0;2;-28,67634681;-49,12963202;"SPRF-SC";"DEL02-SC";"UOP01-DEL02-SC"
376428;2021-08-11;"quarta-feira";"10:00:00";"PE";232;9,2;"JABOATAO DOS GUARARAPES";"Acessar a via sem observar a presença dos outros veículos";"Colisão lateral mesmo sentido";"Sem Vítimas";"Pleno dia";"Decrescente";"Chuva";"Dupla";"Reta;Aclive";"Sim";2;0;0;0;2;0;0;2;-8,187239;-34,972262;"SPRF-PE";"DEL01-PE";"UOP01-DEL01-PE"
376442;2021-08-11;"quarta-feira";"11:15:00";"PE";101;86;"JABOATAO DOS GUARARAPES";"Condutor deixou de manter distância do veículo da frente";"Engavetamento";"Sem Vítimas";"Pleno dia";"Decrescente";"Chuva";"Dupla";"Aclive;Reta";"Não";6;0;0;0;3;3;0;4;-8,18470013;-34,96816895;"SPRF-PE";"DEL01-PE";"UOP01-DEL01-PE"
376444;2021-08-11;"quarta-feira";"10:30:00";"CE";20;432,4;"EUSEBIO";"Transitar no acostamento";"Colisão com objeto";"Sem Vítimas";"Pleno dia";"Crescente";"Céu Claro";"Dupla";"Reta";"Sim";2;0;0;0;0;2;0;2;-3,8656676;-38,47405672;"SPRF-CE";"DEL01-CE";"UOP02-DEL01-CE"
376445;2021-08-11;"quarta-feira";"09:45:00";"RO";364;150,2;"PIMENTA BUENO";"Condutor deixou de manter distância do veículo da frente";"Engavetamento";"Sem Vítimas";"Pleno dia";"Crescente";"Céu Claro";"Simples";"Aclive;Reta";"Não";6;0;0;0;5;12;0;17;-11,998529;-60,932975;"SPRF-RO";"DEL02-RO";"UOP02-DEL02-RO"
376449;2021-08-11;"quarta-feira";"12:30:00";"PE";232;90;"SAIRE";"Ausência de reação do condutor";"Saída de leito carroçável";"Com Vítimas Feridas";"Pleno dia";"Crescente";"Chuva";"Dupla";"Reta";"Não";3;0;0;2;1;0;2;1;-8,2172915;-35,65572305;"SPRF-PE";"DEL02-PE";"UOP02-DEL02PE"
376450;2021-08-11;"quarta-feira";"07:50:00";"BA";101;218,5;"CRUZ DAS ALMAS";"Trafegar com motocicleta (ou similar) entre as faixas";"Colisão lateral mesmo sentido";"Com Vítimas Feridas";"Pleno dia";"Decrescente";"Céu Claro";"Simples";"Curva";"Não";2;0;1;0;0;1;1;2;-12,649567;-39,11826;"SPRF-BA";"DEL01-BA";"UOP02-DEL01-BA"
376456;2021-08-11;"quarta-feira";"12:52:00";"RN";226;111,1;"SANTA CRUZ";"Ultrapassagem Indevida";"Colisão transversal";"Com Vítimas Feridas";"Pleno dia";"Decrescente";"Céu Claro";"Simples";"Reta";"Sim";2;0;0;1;1;0;1;2;-6,22841881;-36,0177456;"SPRF-RN";"DEL03-RN";"UOP02-DEL03-RN"
376459;2021-08-11;"quarta-feira";"10:42:00";"SC";101;57,8;"ARAQUARI";"Mal súbito do condutor";"Saída de leito carroçável";"Com Vítimas Feridas";"Pleno dia";"Decrescente";"Nublado";"Dupla";"Curva";"Não";1;0;1;0;0;0;1;1;-26,4393652;-48,80196691;"SPRF-SC";"DEL03-SC";"UOP01-DEL03-SC"
376460;2021-08-11;"quarta-feira";"12:45:00";"PR";376;177;"MARINGA";"Reação tardia ou ineficiente do condutor";"Colisão lateral mesmo sentido";"Com Vítimas Feridas";"Pleno dia";"Decrescente";"Céu Claro";"Múltipla";"Interseção de Vias";"Sim";4;0;1;0;2;1;1;4;-23,41595855;-51,92226484;"SPRF-PR";"DEL09-PR";"UOP01-DEL09-PR"
376466;2021-08-11;"quarta-feira";"11:15:00";"RS";285;672;"SAO BORJA";"Velocidade Incompatível";"Saída de leito carroçável";"Com Vítimas Feridas";"Pleno dia";"Crescente";"Céu Claro";"Simples";"Interseção de Vias";"Sim";2;0;0;1;0;1;1;2;-28,66617111;-55,98212242;"SPRF-RS";"DEL12-RS";"UOP01-DEL12-RS"
376467;2021-08-11;"quarta-feira";"09:00:00";"PA";10;322;"SAO MIGUEL DO GUAMA";"Acessar a via sem observar a presença dos outros veículos";"Colisão traseira";"Com Vítimas Feridas";"Pleno dia";"Decrescente";"Céu Claro";"Simples";"Reta";"Sim";4;0;1;0;2;3;1;6;-1,610762;-47,482993;"SPRF-PA";"DEL01-PA";"UOP02-DEL01-PA"
376468;2021-08-11;"quarta-feira";"13:50:00";"MS";60;381,5;"CAMPO GRANDE";"Demais falhas mecânicas ou elétricas";"Incêndio";"Sem Vítimas";"Pleno dia";"Crescente";"Céu Claro";"Simples";"Reta";"Não";2;0;0;0;1;3;0;4;-20,649898;-54,754599;"SPRF-MS";"DEL01-MS";"UOP04-DEL01-MS"
376470;2021-08-11;"quarta-feira";"14:30:00";"CE";116;60,6;"CHOROZINHO";"Manobra de mudança de faixa";"Atropelamento de Pedestre";"Com Vítimas Fatais";"Pleno dia";"Crescente";"Céu Claro";"Simples";"Reta";"Não";2;1;0;0;0;1;0;2;-4,24676793;-38,48372024;"SPRF-CE";"DEL03-CE";"UOP02-DEL03-CE"
376472;2021-08-11;"quarta-feira";"13:20:00";"MT";364;177,4;"PEDRA PRETA";"Desrespeitar a preferência no cruzamento";"Colisão transversal";"Com Vítimas Feridas";"Pleno dia";"Crescente";"Céu Claro";"Simples";"Interseção de Vias";"Sim";2;0;1;0;1;0;1;2;-16,61061023;-54,46653017;"SPRF-MT";"DEL02-MT";"UOP01-DEL02-MT"
376473;2021-08-11;"quarta-feira";"14:00:00";"GO";414;273;"VILA PROPICIO";"Demais falhas mecânicas ou elétricas";"Incêndio";"Sem Vítimas";"Pleno dia";"Decrescente";"Céu Claro";"Simples";"Reta;Aclive";"Não";2;0;0;0;1;1;0;2;-15,01609018;-48,69484867;"SPRF-GO";"DEL07-GO";"UOP02-DEL07-GO"
376476;2021-08-11;"quarta-feira";"14:10:00";"RS";470;265,1;"SAO JOSE DO SUL";"Transitar na contramão";"Colisão frontal";"Com Vítimas Fatais";"Pleno dia";"Crescente";"Céu Claro";"Simples";"Declive;Reta";"Não";4;1;1;1;1;0;2;2;-29,49668307;-51,49151692;"SPRF-RS";"DEL04-RS";"UOP02-DEL04-RS"
376480;2021-08-11;"quarta-feira";"15:20:00";"RN";304;47,9;"MOSSORO";"Reação tardia ou ineficiente do condutor";"Colisão traseira";"Com Vítimas Feridas";"Pleno dia";"Decrescente";"Sol";"Simples";"Reta";"Sim";2;0;1;0;1;0;1;2;-5,22597224;-37,33086797;"SPRF-RN";"DEL04-RN";"UOP01-DEL04-RN"
376481;2021-08-11;"quarta-feira";"15:45:00";"SP";116;281,1;"EMBU DAS ARTES";"Transitar no acostamento";"Colisão traseira";"Com Vítimas Feridas";"Pleno dia";"Crescente";"Nublado";"Dupla";"Reta";"Sim";2;0;1;0;1;0;1;2;-23,6533283;-46,84853733;"SPRF-SP";"DEL04-SP";"UOP01-DEL04-SP"
376483;2021-08-11;"quarta-feira";"15:30:00";"BA";116;637;"JAGUAQUARA";"Condutor deixou de manter distância do veículo da frente";"Colisão traseira";"Com Vítimas Feridas";"Pleno dia";"Decrescente";"Céu Claro";"Simples";"Reta";"Não";2;0;1;0;1;0;1;2;-13,50672946;-40,05364095;"SPRF-BA";"DEL03-BA";"UOP01-DEL03-BA"
376490;2021-08-11;"quarta-feira";"16:40:00";"RS";290;87;"PORTO ALEGRE";"Frear bruscamente";"Colisão traseira";"Com Vítimas Feridas";"Pleno dia";"Decrescente";"Céu Claro";"Dupla";"Reta";"Não";3;0;1;0;1;1;1;2;-29,967838;-51,127197;"SPRF-RS";"DEL01-RS";"UOP01-DEL01-RS"
376496;2021-08-11;"quarta-feira";"15:00:00";"PR";277;304,4;"PRUDENTOPOLIS";"Reação tardia ou ineficiente do condutor";"Colisão lateral sentido oposto";"Com Vítimas Feridas";"Pleno dia";"Crescente";"Céu Claro";"Simples";"Curva;Declive";"Não";2;0;1;0;1;0;1;2;-25,312882;-51,186766;"SPRF-PR";"DEL08-PR";"UOP01-DEL08-PR"
376500;2021-08-11;"quarta-feira";"15:00:00";"SP";116;459;"REGISTRO";"Ausência de reação do condutor";"Colisão traseira";"Com Vítimas Feridas";"Pleno dia";"Crescente";"Garoa/Chuvisco";"Dupla";"Reta";"Não";3;0;1;0;1;1;1;3;-24,60387477;-47,8770803;"SPRF-SP";"DEL05-SP";"UOP01-DEL05-SP"
376503;2021-08-11;"quarta-feira";"12:05:00";"SC";282;424,7;"VARGEM BONITA";"Reação tardia ou ineficiente do condutor";"Colisão lateral sentido oposto";"Com Vítimas Feridas";"Pleno dia";"Crescente";"Céu Claro";"Simples";"Curva";"Não";4;0;1;1;1;1;2;3;-26,988014;-51,753124;"SPRF-SC";"DEL07-SC";"UOP05-DEL07-SC"
376512;2021-08-11;"quarta-feira";"18:35:00";"CE";222;128;"ITAPAJE";"Velocidade Incompatível";"Saída de leito carroçável";"Sem Vítimas";"Plena Noite";"Crescente";"Céu Claro";"Simples";"Curva";"Sim";2;0;0;0;1;1;0;2;-3,70427286;-39,61528609;"SPRF-CE";"DEL04-CE";"UOP03-DEL04-CE"
376515;2021-08-11;"quarta-feira";"18:30:00";"SP";116;528;"BARRA DO TURVO";"Velocidade Incompatível";"Atropelamento de Pedestre";"Com Vítimas Feridas";"Plena Noite";"Crescente";"Garoa/Chuvisco";"Dupla";"Reta";"Sim";3;0;1;0;2;0;1;2;-24,93621048;-48,29215184;"SPRF-SP";"DEL05-SP";"UOP02-DEL05-SP"
376518;2021-08-03;"terça-feira";"22:00:00";"RR";174;501;"BOA VISTA";"Condutor deixou de manter distância do veículo da frente";"Colisão lateral mesmo sentido";"Sem Vítimas";"Plena Noite";"Decrescente";"Nublado";"Dupla";"Reta";"Sim";2;0;0;0;2;0;0;2;2,781689;-60,703827;"SPRF-RR";"DEL01-RR";"UOP01-DEL01-RR"
376520;2021-08-11;"quarta-feira";"18:50:00";"SP";116;192,7;"SANTA ISABEL";"Condutor deixou de manter distância do veículo da frente";"Colisão traseira";"Com Vítimas Feridas";"Plena Noite";"Decrescente";"Nublado";"Dupla";"Aclive";"Não";3;0;1;0;1;2;1;4;-23,376923;-46,249733;"SPRF-SP";"DEL01-SP";"UOP01-DEL01-SP"
376525;2021-08-11;"quarta-feira";"18:42:00";"RS";101;0;"TORRES";"Manobra de mudança de faixa";"Colisão lateral mesmo sentido";"Com Vítimas Feridas";"Plena Noite";"Decrescente";"Céu Claro";"Dupla";"Reta";"Não";4;0;1;0;0;3;1;4;-29,299099;-49,769608;"SPRF-RS";"DEL03-RS";"UOP02-DEL03-RS"
376526;2021-08-11;"quarta-feira";"18:05:00";"SC";101;22;"JOINVILLE";"Velocidade Incompatível";"Colisão com objeto";"Com Vítimas Feridas";"Anoitecer";"Decrescente";"Garoa/Chuvisco";"Dupla";"Reta";"Não";2;0;1;0;0;1;1;2;-26,15679993;-48,90786269;"SPRF-SC";"DEL03-SC";"UOP01-DEL03-SC"
376527;2021-08-11;"quarta-feira";"19:30:00";"GO";50;122;"IPAMERI";"Demais falhas mecânicas ou elétricas";"Incêndio";"Com Vítimas Feridas";"Plena Noite";"Crescente";"Céu Claro";"Dupla";"Reta";"Não";2;0;1;0;0;2;1;3;-16,9417;-47,7264;"SPRF-GO";"DEL06-GO";"UOP01-DEL06-GO"
376528;2021-08-11;"quarta-feira";"20:25:00";"PR";277;12,5;"PARANAGUA";"Desrespeitar a preferência no cruzamento";"Colisão transversal";"Com Vítimas Feridas";"Plena Noite";"Crescente";"Nublado";"Dupla";"Reta;Retorno Regulamentado";"Não";3;0;0;1;1;2;1;4;-25,562778;-48,638536;"SPRF-PR";"DEL01-PR";"UOP05-DEL01-PR"
376529;2021-04-25;"domingo";"09:30:00";"MG";262;454;"NOVA SERRANA";"Ausência de reação do condutor";"Colisão frontal";"Com Vítimas Fatais";"Pleno dia";"Decrescente";"Céu Claro";"Simples";"Reta";"Não";5;1;1;0;0;4;1;5;-19,85274128;-45,02424211;"SPRF-MG";"DEL08-MG";"UOP03-DEL08-MG"
376531;2021-08-11;"quarta-feira";"19:45:00";"SC";282;495,8;"XANXERE";"Ultrapassagem Indevida";"Colisão frontal";"Com Vítimas Feridas";"Plena Noite";"Decrescente";"Nublado";"Simples";"Reta";"Não";5;0;0;1;3;1;1;4;-26,875349;-52,327076;"SPRF-SC";"DEL07-SC";"UOP01-DEL07-SC"
376532;2021-08-11;"quarta-feira";"18:50:00";"SC";470;95;"APIUNA";"Ausência de reação do condutor";"Colisão lateral sentido oposto";"Sem Vítimas";"Plena Noite";"Crescente";"Nublado";"Simples";"Curva";"Não";3;0;0;0;2;1;0;3;-27,02105238;-49,40952368;"SPRF-SC";"DEL04-SC";"UOP01-DEL04-SC"
376534;2021-08-11;"quarta-feira";"16:30:00";"PR";277;721;"FOZ DO IGUACU";"Desrespeitar a preferência no cruzamento";"Colisão transversal";"Sem Vítimas";"Pleno dia";"Decrescente";"Céu Claro";"Dupla";"Reta";"Sim";4;0;0;0;3;1;0;3;-25,4911505;-54,51185421;"SPRF-PR";"DEL05-PR";"UOP03-DEL05-PR"