"id";"data_inversa";"dia_semana";"horario";"uf";"br";"km";"municipio";"causa_acidente";"tipo_acidente";"classificacao_acidente";"fase_dia";"sentido_via";"condicao_metereologica";"tipo_pista";"tracado_via";"uso_solo";"pessoas";"mortos";"feridos_leves";"feridos_graves";"ilesos";"ignorados";"feridos";"veiculos";"latitude";"longitude";"regional";"delegacia";"uop"
376540;2021-08-11;"quarta-feira";"15:00:00";"SP";381;27;"ATIBAIA";"Reação tardia ou ineficiente do condutor";"Colisão traseira";"Com Vítimas Feridas";"Pleno dia";"Decrescente";"Céu Claro";"Dupla";"Reta";"Não";3;0;1;0;1;2;1;4;-23,03325858;-46,54275266;"SPRF-SP";"DEL03-SP";"UOP01-DEL03-SP"
376542;2021-08-11;"quarta-feira";"20:10:00";"MG";116;738,8;"LARANJAL";"Reação tardia ou ineficiente do condutor";"Colisão lateral mesmo sentido";"Com Vítimas Feridas";"Plena Noite";"Decrescente";"Céu Claro";"Simples";"Reta";"Não";2;0;1;0;1;0;1;2;-21,376934;-42,48054;"SPRF-MG";"DEL07-MG";"UOP01-DEL07-MG"
376543;2021-08-11;"quarta-feira";"20:30:00";"MT";158;552;"AGUA BOA";"Ingestão de álcool pelo condutor";"Tombamento";"Sem Vítimas";"Plena Noite";"Crescente";"Céu Claro";"Simples";"Reta";"Não";2;0;0;0;1;2;0;3;-13,92829513;-52,09720965;"SPRF-MT";"DEL07-MT";"UOP02-DEL07-MT"
376544;2021-08-11;"quarta-feira";"21:30:00";"SP";153;44,9;"ONDA VERDE";"Reação tardia ou ineficiente do condutor";"Colisão transversal";"Com Vítimas Feridas";"Plena Noite";"Crescente";"Céu Claro";"Simples";"Reta";"Não";4;0;1;0;2;1;1;3;-20,66447479;-49,34081733;"SPRF-SP";"DEL09-SP";"UOP01-DEL09-SP"
376545;2021-08-11;"quarta-feira";"21:30:00";"BA";101;804,2;"ITAMARAJU";"Curva acentuada";"Capotamento";"Com Vítimas Feridas";"Plena Noite";"Crescente";"Céu Claro";"Simples";"Curva";"Não";2;0;0;1;0;1;1;2;-17,16628085;-39,5779873;"SPRF-BA";"DEL09-BA";"UOP02-DEL09-BA"
376549;2021-08-11;"quarta-feira";"16:30:00";"RS";116;103,5;"CAXIAS DO SUL";"Demais falhas mecânicas ou elétricas";"Saída de leito carroçável";"Com Vítimas Feridas";"Pleno dia";"Decrescente";"Céu Claro";"Múltipla";"Reta";"Não";2;0;2;0;0;0;2;1;-28,90425502;-51,12468362;"SPRF-RS";"DEL05-RS";"UOP01-DEL05-RS"
376550;2021-08-11;"quarta-feira";"21:30:00";"BA";242;808;"BARREIRAS";"Demais falhas mecânicas ou elétricas";"Tombamento";"Sem Vítimas";"Plena Noite";"Decrescente";"Céu Claro";"Simples";"Reta";"Não";2;0;0;0;1;1;0;2;-12,13921045;-44,93735921;"SPRF-BA";"DEL10-BA";"UOP01-DEL10-BA"
376553;2021-08-11;"quarta-feira";"19:55:00";"MT";174;583;"COMODORO";"Pedestre andava na pista";"Atropelamento de Pedestre";"Com Vítimas Fatais";"Plena Noite";"Crescente";"Céu Claro";"Simples";"Reta";"Não";3;1;0;0;1;1;0;3;-12,88868214;-60,05734849;"SPRF-RO";"DEL04-RO";"UOP01-DEL04-RO"
376561;2021-08-11;"quarta-feira";"20:50:00";"MA";10;315;"ACAILANDIA";"Demais falhas mecânicas ou elétricas";"Incêndio";"Sem Vítimas";"Plena Noite";"Crescente";"Céu Claro";"Simples";"Aclive";"Não";1;0;0;0;1;0;0;1;-4,99031;-47,527096;"SPRF-MA";"DEL04-MA";"UOP03-DEL04-MA"
376562;2021-08-11;"quarta-feira";"22:10:00";"MG";381;437,8;"SABARA";"Transitar na contramão";"Colisão lateral sentido oposto";"Com Vítimas Feridas";"Plena Noite";"Crescente";"Céu Claro";"Simples";"Aclive";"Sim";3;0;1;0;1;1;1;3;-19,80933086;-43,76826997;"SPRF-MG";"DEL01-MG";"UOP01-DEL01-MG"
376565;2021-08-11;"quarta-feira";"17:50:00";"MT";364;1233;"COMODORO";"Reação tardia ou ineficiente do condutor";"Saída de leito carroçável";"Com Vítimas Fatais";"Anoitecer";"Crescente";"Céu Claro";"Simples";"Reta";"Não";2;1;0;0;0;3;0;4;-13,74713618;-59,69514116;"SPRF-MT";"DEL04-MT";"UOP01-DEL04-MT"
376568;2021-08-11;"quarta-feira";"18:00:00";"SC";101;438;"SOMBRIO";"Ingestão de álcool pelo condutor";"Saída de leito carroçável";"Com Vítimas Feridas";"Anoitecer";"Crescente";"Céu Claro";"Dupla";"Reta";"Sim";2;0;1;0;1;0;1;2;-29,12329351;-49,64670312;"SPRF-SC";"DEL02-SC";"UOP02-DEL02-SC"
376570;2021-08-12;"quinta-feira";"03:50:00";"SC";101;36;"JOINVILLE";"Entrada inopinada do pedestre";"Atropelamento de Pedestre";"Com Vítimas Feridas";"Plena Noite";"Decrescente";"Garoa/Chuvisco";"Dupla";"Reta";"Não";3;0;1;0;1;1;1;3;-26,24573198;-48,9101069;"SPRF-SC";"DEL03-SC";"UOP01-DEL03-SC"
376571;2021-08-12;"quinta-feira";"05:20:00";"PR";277;136,5;"CAMPO LARGO";"Objeto estático sobre o leito carroçável";"Colisão transversal";"Sem Vítimas";"Plena Noite";"Decrescente";"Garoa/Chuvisco";"Dupla";"Reta";"Não";3;0;0;0;3;0;0;2;-25,44518045;-49,4985659;"SPRF-PR";"DEL01-PR";"UOP03-DEL03-PR"
376574;2021-08-12;"quinta-feira";"02:30:00";"MG";153;58;"MONTE ALEGRE DE MINAS";"Condutor Dormindo";"Tombamento";"Com Vítimas Feridas";"Plena Noite";"Crescente";"Céu Claro";"Dupla";"Rotatória";"Sim";3;0;2;0;0;1;2;2;-18,878386;-49,056637;"SPRF-MG";"DEL15-MG";"UOP03-DEL15-MG"
376577;2021-08-12;"quinta-feira";"05:30:00";"MS";163;468,2;"CAMPO GRANDE";"Condutor deixou de manter distância do veículo da frente";"Colisão traseira";"Sem Vítimas";"Amanhecer";"Decrescente";"Céu Claro";"Simples";"Reta";"Não";8;0;0;0;7;1;0;2;-20,57406377;-54,56902615;"SPRF-MS";"DEL01-MS";"UOP01-DEL01-MS"
376582;2021-08-12;"quinta-feira";"06:35:00";"RJ";101;80;"CAMPOS DOS GOYTACAZES";"Acessar a via sem observar a presença dos outros veículos";"Colisão lateral mesmo sentido";"Com Vítimas Feridas";"Pleno dia";"Decrescente";"Céu Claro";"Simples";"Reta";"Sim";2;0;1;0;1;0;1;2;-21,83453437;-41,43797909;"SPRF-RJ";"DEL08-RJ";"UOP02-DEL08-RJ"
376587;2021-06-16;"quarta-feira";"19:30:00";"MG";365;613;"UBERLANDIA";"Acesso irregular";"Colisão traseira";"Com Vítimas Feridas";"Plena Noite";"Decrescente";"Céu Claro";"Simples";"Reta";"Sim";3;0;1;0;1;1;1;3;-18,9217747;-48,20397377;"SPRF-MG";"DEL15-MG";"UOP01-DEL15-MG"
376599;2021-08-12;"quinta-feira";"07:15:00";"PR";373;412;"CANDOI";"Acessar a via sem observar a presença dos outros veículos";"Colisão frontal";"Com Vítimas Feridas";"Pleno dia";"Crescente";"Céu Claro";"Simples";"Reta";"Não";5;0;1;3;1;0;4;3;-25,6468871;-52,10740778;"SPRF-PR";"DEL08-PR";"UOP01-DEL08-PR"
376601;2021-08-12;"quinta-feira";"08:40:00";"PR";277;3,6;"PARANAGUA";"Acessar a via sem observar a presença dos outros veículos";"Colisão transversal";"Sem Vítimas";"Pleno dia";"Decrescente";"Garoa/Chuvisco";"Simples";"Reta";"Não";3;0;0;0;2;3;0;5;-25,55266339;-48,55545044;"SPRF-PR";"DEL01-PR";"UOP05-DEL01-PR"
376604;2021-08-12;"quinta-feira";"07:10:00";"ES";101;266,4;"SERRA";"Faixas de trânsito com largura insuficiente";"Colisão lateral mesmo sentido";"Com Vítimas Feridas";"Pleno dia";"Crescente";"Céu Claro";"Múltipla";"Reta";"Sim";4;0;1;0;2;1;1;3;-20,190199;-40,26828891;"SPRF-ES";"DEL02-ES";"UOP01-DEL02-ES"
376607;2021-08-12;"quinta-feira";"07:53:00";"SC";282;410,9;"CATANDUVAS";"Carga excessiva e/ou mal acondicionada";"Tombamento";"Sem Vítimas";"Pleno dia";"Crescente";"Nublado";"Simples";"Curva";"Não";2;0;0;0;1;2;0;3;-27,061399;-51,671875;"SPRF-SC";"DEL07-SC";"UOP05-DEL07-SC"
376609;2021-08-12;"quinta-feira";"08:00:00";"PE";101;59,9;"RECIFE";"Velocidade Incompatível";"Colisão traseira";"Sem Vítimas";"Pleno dia";"Crescente";"Nublado";"Dupla";"Reta";"Não";4;0;0;0;2;3;0;5;-7,97708575;-34,92607318;"SPRF-PE";"DEL01-PE";"UOP02-DEL01-PE"
376610;2021-08-12;"quinta-feira";"07:50:00";"MT";163;785;"SORRISO";"Condutor deixou de manter distância do veículo da frente";"Colisão traseira";"Com Vítimas Feridas";"Pleno dia";"Crescente";"Céu Claro";"Simples";"Reta";"Não";5;0;1;0;3;2;1;4;-12,40799007;-55,6283629;"SPRF-MT";"DEL06-MT";"UOP01-DEL06-MT"
376615;2021-08-12;"quinta-feira";"09:00:00";"MG";381;563,8;"ITAGUARA";"Velocidade Incompatível";"Colisão com objeto";"Com Vítimas Fatais";"Pleno dia";"Decrescente";"Sol";"Dupla";"Curva";"Sim";2;1;0;0;0;1;0;2;-20,40233189;-44,509134;"SPRF-MG";"DEL04-MG";"UOP03-DEL04-MG"
376616;2021-08-12;"quinta-feira";"10:00:00";"SC";101;142;"BALNEARIO CAMBORIU";"Carga excessiva e/ou mal acondicionada";"Eventos atípicos";"Sem Vítimas";"Pleno dia";"Crescente";"Céu Claro";"Dupla";"Curva";"Sim";2;0;0;0;2;0;0;2;-27,056089;-48,599449;"SPRF-SC";"DEL04-SC";"UOP03-DEL04-SC"
376617;2021-08-12;"quinta-feira";"07:30:00";"RJ";493;112;"ITAGUAI";"Chuva";"Colisão lateral mesmo sentido";"Sem Vítimas";"Pleno dia";"Decrescente";"Chuva";"Dupla";"Reta";"Não";3;0;0;0;2;2;0;4;-22,82998471;-43,80867004;"SPRF-RJ";"DEL03-RJ";"UOP01-DEL03-RJ"
376621;2021-08-11;"quarta-feira";"14:00:00";"AM";230;503;"HUMAITA";"Acumulo de areia ou detritos sobre o pavimento";"Colisão frontal";"Sem Vítimas";"Pleno dia";"Crescente";"Céu Claro";"Simples";"Reta";"Não";2;0;0;0;2;0;0;2;-7,8915794321;-62,1838792485;"SPRF-AM";"DEL01-AM";"UOP05-DEL01-AM"
376623;2021-08-12;"quinta-feira";"10:40:00";"RN";101;110,6;"PARNAMIRIM";"Reação tardia ou ineficiente do condutor";"Colisão traseira";"Com Vítimas Feridas";"Pleno dia";"Decrescente";"Céu Claro";"Dupla";"Reta";"Sim";3;0;0;1;1;1;1;3;-5,946376;-35,26485;"SPRF-RN";"DEL01-RN";"UOP01-DEL01-RN"
376626;2021-08-12;"quinta-feira";"09:30:00";"MG";251;330;"SALINAS";"Velocidade Incompatível";"Colisão traseira";"Com Vítimas Feridas";"Pleno dia";"Crescente";"Céu Claro";"Simples";"Reta";"Não";5;0;2;0;3;0;2;3;-16,24243598;-42,38107304;"SPRF-MG";"DEL12-MG";"UOP01-DEL12-MG"
376628;2021-08-12;"quinta-feira";"06:18:00";"SC";282;426,8;"VARGEM BONITA";"Deficiência do Sistema de Iluminação/Sinalização";"Colisão traseira";"Com Vítimas Feridas";"Amanhecer";"Crescente";"Nublado";"Simples";"Aclive";"Não";4;0;3;0;0;1;3;3;-26,98136;-51,786282;"SPRF-SC";"DEL07-SC";"UOP05-DEL07-SC"
376632;2021-08-12;"quinta-feira";"10:25:00";"RO";319;63;"PORTO VELHO";"Obras na pista";"Colisão traseira";"Sem Vítimas";"Pleno dia";"Crescente";"Céu Claro";"Dupla";"Reta;Interseção de Vias";"Sim";2;0;0;0;1;1;0;2;-8,76314866;-63,88523161;"SPRF-RO";"DEL01-RO";"UOP01-DEL01-RO"
376633;2021-08-12;"quinta-feira";"11:00:00";"PR";369;473,3;"CORBELIA";"Acessar a via sem observar a presença dos outros veículos";"Colisão transversal";"Com Vítimas Feridas";"Pleno dia";"Decrescente";"Nublado";"Simples";"Reta";"Não";3;0;2;0;1;0;2;2;-24,5878507;-53,20118169;"SPRF-PR";"DEL04-PR";"UOP03-DEL04-PR"
376634;2021-02-06;"sábado";"09:15:00";"MG";116;258;"TEOFILO OTONI";"Condutor Dormindo";"Tombamento";"Com Vítimas Feridas";"Pleno dia";"Decrescente";"Chuva";"Simples";"Declive;Reta";"Não";2;0;0;1;0;1;1;2;-17,708095;-41,488753;"SPRF-MG";"DEL11-MG";"UOP01-DEL11-MG"
376635;2021-08-12;"quinta-feira";"11:15:00";"AL";423;19,1;"CANAPI";"Condutor Dormindo";"Colisão com objeto";"Com Vítimas Feridas";"Pleno dia";"Crescente";"Céu Claro";"Simples";"Reta";"Não";1;0;1;0;0;0;1;1;-9,17394974;-37,45443908;"SPRF-AL";"DEL03-AL";"UOP02-DEL03-AL"
376636;2021-08-12;"quinta-feira";"12:00:00";"SP";153;56,9;"SAO JOSE DO RIO PRETO";"Reação tardia ou ineficiente do condutor";"Colisão traseira";"Com Vítimas Feridas";"Pleno dia";"Decrescente";"Céu Claro";"Dupla";"Aclive";"Sim";2;0;0;1;1;0;1;2;-20,76720942;-49,34844017;"SPRF-SP";"DEL09-SP";"UOP01-DEL09-SP"
376639;2021-08-12;"quinta-feira";"11:40:00";"PR";277;454,2;"LARANJEIRAS DO SUL";"Desrespeitar a preferência no cruzamento";"Colisão transversal";"Com Vítimas Feridas";"Pleno dia";"Decrescente";"Céu Claro";"Simples";"Curva;Declive;Interseção de Vias";"Sim";2;0;1;0;1;0;1;2;-25,3860131;-52,41357207;"SPRF-PR";"DEL04-PR";"UOP02-DEL04-PR"
376642;2021-08-12;"quinta-feira";"10:30:00";"GO";20;245,3;"GUARANI DE GOIAS";"Demais Fenômenos da natureza";"Incêndio";"Sem Vítimas";"Pleno dia";"Decrescente";"Céu Claro";"Simples";"Reta";"Não";2;0;0;0;1;1;0;2;-14,01090323;-46,2132597;"SPRF-DF";"DEL02-DF";"UOP03-DEL02-DF"
376647;2021-08-12;"quinta-feira";"13:30:00";"TO";153;671,4;"GURUPI";"Demais falhas mecânicas ou elétricas";"Colisão traseira";"Com Vítimas Feridas";"Pleno dia";"Crescente";"Céu Claro";"Dupla";"Reta";"Sim";4;0;0;1;2;1;1;3;-11,72075725;-49,07713594;"SPRF-TO";"DEL01-TO";"UOP02-DEL01-TO"
376649;2021-08-12;"quinta-feira";"14:45:00";"PR";373;177;"PONTA GROSSA";"Ausência de reação do condutor";"Colisão lateral mesmo sentido";"Sem Vítimas";"Pleno dia";"Crescente";"Nublado";"Dupla";"Reta";"Sim";2;0;0;0;2;0;0;2;-25,05596766;-50,22677884;"SPRF-PR";"DEL03-PR";"UOP01-DEL03-PR"
376653;2021-08-12;"quinta-feira";"15:00:00";"MG";267;192;"OLARIA";"Acessar a via sem observar a presença dos outros veículos";"Colisão transversal";"Com Vítimas Feridas";"Pleno dia";"Decrescente";"Céu Claro";"Simples";"Aclive;Curva";"Não";2;0;1;0;1;0;1;2;-21,92898998;-44,03291011;"SPRF-MG";"DEL05-MG";"UOP01-DEL05-MG"
376654;2021-08-12;"quinta-feira";"14:10:00";"MT";174;510,8;"COMODORO";"Obras na pista";"Colisão lateral mesmo sentido";"Com Vítimas Fatais";"Pleno dia";"Crescente";"Céu Claro";"Simples";"Reta";"Não";3;1;0;0;1;1;0;3;-13,44087699;-59,8457168;"SPRF-MT";"DEL04-MT";"UOP01-DEL04-MT"
376658;2021-08-12;"quinta-feira";"14:15:00";"PR";369;1,3;"JACAREZINHO";"Velocidade Incompatível";"Colisão traseira";"Com Vítimas Feridas";"Pleno dia";"Decrescente";"Céu Claro";"Dupla";"Reta";"Não";4;0;2;0;1;1;2;3;-23,00429787;-49,91025648;"SPRF-PR";"DEL07-PR";"UOP01-DEL07-PR"
376661;2021-08-12;"quinta-feira";"15:10:00";"RS";285;319,1;"PASSO FUNDO";"Manobra de mudança de faixa";"Colisão lateral sentido oposto";"Com Vítimas Feridas";"Pleno dia";"Crescente";"Sol";"Simples";"Declive";"Não";3;0;0;1;1;1;1;3;-28,269007;-52,610687;"SPRF-RS";"DEL08-RS";"UOP03-DEL08-RS"
376665;2021-08-12;"quinta-feira";"07:00:00";"PR";153;138,9;"VENTANIA";"Velocidade Incompatível";"Capotamento";"Com Vítimas Feridas";"Amanhecer";"Decrescente";"Céu Claro";"Simples";"Curva";"Não";2;0;0;1;0;1;1;2;-24,06329917;-50,25299369;"SPRF-PR";"DEL07-PR";"UOP04-DEL07-PR"
376667;2021-08-12;"quinta-feira";"16:40:00";"PR";467;100,4;"CASCAVEL";"Chuva";"Saída de leito carroçável";"Com Vítimas Feridas";"Pleno dia";"Crescente";"Chuva";"Dupla";"Reta";"Não";2;0;2;0;0;0;2;1;-24,8999;-53,5272;"SPRF-PR";"DEL04-PR";"UOP01-DEL04-PR"
376669;2021-08-12;"quinta-feira";"17:05:00";"SP";116;157;"SAO JOSE DOS CAMPOS";"Manobra de mudança de faixa";"Colisão transversal";"Com Vítimas Feridas";"Pleno dia";"Decrescente";"Céu Claro";"Dupla";"Reta";"Não";3;0;1;0;2;0;1;2;-23,25558031;-45,9437828;"SPRF-SP";"DEL02-SP";"UOP01-DEL02-SP"
376671;2021-08-12;"quinta-feira";"17:00:00";"MG";381;485;"BETIM";"Velocidade Incompatível";"Tombamento";"Com Vítimas Feridas";"Pleno dia";"Crescente";"Céu Claro";"Dupla";"Aclive;Reta";"Sim";4;0;1;0;0;3;1;4;-19,95659361;-44,12622893;"SPRF-MG";"DEL01-MG";"UOP03-DEL01-MG"
376672;2021-08-12;"quinta-feira";"17:10:00";"MG";262;372;"JUATUBA";"Restrição de visibilidade em curvas verticais";"Colisão traseira";"Com Vítimas Feridas";"Pleno dia";"Crescente";"Sol";"Dupla";"Reta;Aclive";"Não";3;0;1;0;1;1;1;3;-19,97359723;-44,31765496;"SPRF-MG";"DEL01-MG";"UOP03-DEL01-MG"
376673;2021-08-12;"quinta-feira";"17:10:00";"PB";412;24;"BOA VISTA";"Reação tardia ou ineficiente do condutor";"Saída de leito carroçável";"Com Vítimas Fatais";"Pleno dia";"Decrescente";"Céu Claro";"Simples";"Reta";"Não";1;1;0;0;0;0;0;1;-7,282129;-36,269535;"SPRF-PB";"DEL02-PB";"UOP02-DEL02-PB"
376674;2021-08-12;"quinta-feira";"13:25:00";"GO";153;611;"MORRINHOS";"Condutor Dormindo";"Saída de leito carroçável";"Com Vítimas Feridas";"Pleno dia";"Crescente";"Céu Claro";"Dupla";"Reta";"Sim";2;0;1;0;0;2;1;3;-17,6437;-49,1736;"SPRF-GO";"DEL03-GO";"UOP01-DEL03-GO"
376675;2021-08-12;"quinta-feira";"12:10:00";"MT";364;68,3;"ALTO GARCAS";"Problema com o freio";"Incêndio";"Sem Vítimas";"Pleno dia";"Decrescente";"Céu Claro";"Simples";"Aclive;Reta";"Não";2;0;0;0;1;1;0;2;-16,91758296;-53,61702334;"SPRF-MT";"DEL02-MT";"UOP02-DEL02-MT"
376676;2021-08-12;"quinta-feira";"17:40:00";"PR";369;152;"LONDRINA";"Transitar no acostamento";"Colisão lateral mesmo sentido";"Com Vítimas Feridas";"Anoitecer";"Decrescente";"Céu Claro";"Dupla";"Interseção de Vias";"Sim";2;0;0;1;1;0;1;2;-23,292874;-51,175818;"SPRF-PR";"DEL07-PR";"UOP01-DEL07-PR"
376677;2021-08-12;"quinta-feira";"17:30:00";"MG";381;905,5;"CAMBUI";"Velocidade Incompatível";"Colisão lateral mesmo sentido";"Com Vítimas Feridas";"Anoitecer";"Decrescente";"Céu Claro";"Dupla";"Curva;Declive";"Não";10;0;1;0;8;2;1;7;-22,63817442;-46,07949257;"SPRF-MG";"DEL16-MG";"UOP03-DEL16-MG"
376679;2021-08-12;"quinta-feira";"15:30:00";"CE";222;0;"CAUCAIA";"Desrespeitar a preferência no cruzamento";"Colisão transversal";"Com Vítimas Feridas";"Pleno dia";"Crescente";"Céu Claro";"Dupla";"Rotatória";"Sim";3;0;0;1;1;1;1;3;-3,736507;-38,65337;"SPRF-CE";"DEL01-CE";"UOP01-DEL01-CE"
376688;2021-08-12;"quinta-feira";"17:55:00";"ES";101;345,4;"GUARAPARI";"Reação tardia ou ineficiente do condutor";"Engavetamento";"Com Vítimas Feridas";"Anoitecer";"Decrescente";"Céu Claro";"Simples";"Em Obras;Reta";"Não";6;0;2;0;3;1;2;4;-20,66063026;-40,60867306;"SPRF-ES";"DEL03-ES";"UOP01-DEL03-ES"
376692;2021-08-12;"quinta-feira";"13:00:00";"MG";116;202,2;"CARAI";"Condutor deixou de manter distância do veículo da frente";"Colisão traseira";"Com Vítimas Feridas";"Pleno dia";"Decrescente";"Sol";"Simples";"Reta;Aclive";"Não";5;0;2;1;1;2;3;4;-17,260511;-41,50614;"SPRF-MG";"DEL11-MG";"UOP01-DEL11-MG"
376694;2021-08-12;"quinta-feira";"18:40:00";"MS";262;197;"RIBAS DO RIO PARDO";"Reação tardia ou ineficiente do condutor";"Colisão traseira";"Com Vítimas Feridas";"Plena Noite";"Crescente";"Céu Claro";"Simples";"Reta";"Não";2;0;1;0;1;0;1;2;-20,45692236;-53,35747693;"SPRF-MS";"DEL07-MS";"UOP02-DEL07-MS"
376698;2021-08-12;"quinta-feira";"14:00:00";"CE";20;424;"FORTALEZA";"Ingestão de álcool pelo condutor";"Saída de leito carroçável";"Sem Vítimas";"Pleno dia";"Crescente";"Sol";"Dupla";"Reta";"Sim";3;0;0;0;2;2;0;4;-3,76999035;-38,67006282;"SPRF-CE";"DEL01-CE";"UOP02-DEL01-CE"
376711;2021-08-12;"quinta-feira";"20:45:00";"RJ";101;273;"TANGUA";"Ingestão de álcool pelo condutor";"Colisão lateral sentido oposto";"Com Vítimas Feridas";"Plena Noite";"Decrescente";"Chuva";"Dupla";"Reta";"Sim";2;0;0;1;1;0;1;2;-22,7316093;-42,71051285;"SPRF-RJ";"DEL02-RJ";"UOP03-DEL02-RJ"
376716;2021-08-12;"quinta-feira";"21:45:00";"MG";381;364;"JOAO MONLEVADE";"Ingestão de álcool e/ou substâncias psicoativas pelo pedestre";"Saída de leito carroçável";"Com Vítimas Feridas";"Plena Noite";"Crescente";"Nublado";"Simples";"Curva";"Não";1;0;1;0;0;0;1;1;-19,84955579;-43,25424839;"SPRF-MG";"DEL03-MG";"UOP01-DEL03-MG"
376718;2021-08-12;"quinta-feira";"21:00:00";"GO";60;96,7;"ANAPOLIS";"Reação tardia ou ineficiente do condutor";"Tombamento";"Sem Vítimas";"Plena Noite";"Crescente";"Céu Claro";"Dupla";"Reta";"Sim";2;0;0;0;1;1;0;2;-16,3727779;-48,94462891;"SPRF-GO";"DEL02-GO";"UOP01-DEL02-GO"
376719;2021-08-12;"quinta-feira";"16:10:00";"CE";116;130,1;"RUSSAS";"Pista esburacada";"Tombamento";"Sem Vítimas";"Pleno dia";"Decrescente";"Céu Claro";"Simples";"Reta";"Não";2;0;0;0;1;3;0;4;-4,69077215;-38,11280911;"SPRF-CE";"DEL03-CE";"UOP01-DEL03-CE"
376720;2021-08-12;"quinta-feira";"14:15:00";"MT";364;98,4;"ALTO GARCAS";"Manobra de mudança de faixa";"Colisão lateral sentido oposto";"Com Vítimas Fatais";"Pleno dia";"Crescente";"Céu Claro";"Simples";"Reta";"Não";8;2;0;4;1;3;4;6;-16,84860788;-53,76829291;"SPRF-MT";"DEL02-MT";"UOP02-DEL02-MT"
376721;2021-08-12;"quinta-feira";"18:00:00";"MT";163;1076;"GUARANTA DO NORTE";"Manobra de mudança de faixa";"Colisão lateral sentido oposto";"Com Vítimas Feridas";"Anoitecer";"Crescente";"Céu Claro";"Simples";"Reta";"Não";3;0;1;0;1;4;1;6;-9,87303;-54,889417;"SPRF-MT";"DEL06-MT";"NPF/DEL06-MT"
376724;2021-08-12;"quinta-feira";"19:10:00";"AL";316;258;"PILAR";"Acessar a via sem observar a presença dos outros veículos";"Colisão transversal";"Com Vítimas Feridas";"Plena Noite";"Crescente";"Céu Claro";"Simples";"Reta";"Não";3;0;1;0;2;0;1;2;-9,59138313;-35,923087;"SPRF-AL";"DEL02-AL";"UOP01-DEL02-AL"
376726;2021-08-12;"quinta-feira";"22:15:00";"PR";376;637;"TIJUCAS DO SUL";"Reação tardia ou ineficiente do condutor";"Saída de leito carroçável";"Sem Vítimas";"Plena Noite";"Decrescente";"Chuva";"Dupla";"Reta";"Não";1;0;0;0;1;0;0;1;-25,75614093;-49,12609667;"SPRF-PR";"DEL01-PR";"UOP04-DEL01-PR"
376727;2021-08-12;"quinta-feira";"22:00:00";"PE";423;78;"JUCATI";"Reação tardia ou ineficiente do condutor";"Colisão lateral sentido oposto";"Sem Vítimas";"Plena Noite";"Crescente";"Ignorado";"Simples";"Declive";"Não";2;0;0;0;1;1;0;2;-8,74910298;-36,43120556;"SPRF-PE";"DEL03-PE";"UOP01-DEL03-PE"
376728;2021-08-12;"quinta-feira";"21:25:00";"SC";282;216,3;"LAGES";"Velocidade Incompatível";"Colisão traseira";"Com Vítimas Fatais";"Plena Noite";"Decrescente";"Garoa/Chuvisco";"Simples";"Reta";"Sim";2;1;0;0;0;1;0;2;-27,795704;-50,286456;"SPRF-SC";"DEL05-SC";"UOP01-DEL05-SC"
376730;2021-06-17;"quinta-feira";"14:55:00";"MT";163;560;"DIAMANTINO";"Condutor deixou de manter distância do veículo da frente";"Colisão frontal";"Com Vítimas Fatais";"Pleno dia";"Decrescente";"Sol";"Simples";"Declive";"Não";9;2;2;0;2;14;2;18;-14,23756178;-56,11786216;"SPRF-MT";"DEL01-MT";"UOP01-DEL01-MT"
376736;2021-08-12;"quinta-feira";"16:00:00";"SC";153;38;"PONTE SERRADA";"Velocidade Incompatível";"Colisão traseira";"Com Vítimas Feridas";"Pleno dia";"Decrescente";"Nublado";"Simples";"Reta";"Não";5;0;1;0;3;4;1;8;-26,833155;-51,734047;"SPRF-SC";"DEL07-SC";"UOP05-DEL07-SC"
376740;2021-08-12;"quinta-feira";"23:45:00";"SP";116;550,4;"BARRA DO TURVO";"Reação tardia ou ineficiente do condutor";"Colisão com objeto";"Com Vítimas Feridas";"Plena Noite";"Decrescente";"Garoa/Chuvisco";"Simples";"Curva";"Não";1;0;0;1;0;0;1;1;-24,96610125;-48,46884727;"SPRF-SP";"DEL05-SP";"UOP02-DEL05-SP"
376744;2021-08-13;"sexta-feira";"01:40:00";"RJ";116;182;"NOVA IGUACU";"Condutor Dormindo";"Colisão traseira";"Com Vítimas Feridas";"Plena Noite";"Crescente";"Garoa/Chuvisco";"Dupla";"Reta";"Não";2;0;1;0;1;0;1;2;-22,73787335;-43,48972321;"SPRF-RJ";"DEL01-RJ";"UOP02-DEL01-RJ"
376756;2021-08-12;"quinta-feira";"21:30:00";"MS";158;62;"PARANAIBA";"Demais falhas mecânicas ou elétricas";"Incêndio";"Sem Vítimas";"Plena Noite";"Crescente";"Céu Claro";"Simples";"Reta";"Não";2;0;0;0;1;1;0;2;-19,44707116;-51,35564812;"SPRF-MS";"DEL08-MS";"UOP01-DEL08-MS"
376757;2021-08-13;"sexta-feira";"02:15:00";"MG";50;189;"UBERABA";"Condutor deixou de manter distância do veículo da frente";"Colisão traseira";"Com Vítimas Feridas";"Plena Noite";"Decrescente";"Céu Claro";"Dupla";"Aclive";"Não";5;0;0;3;1;2;3;4;-19,84851283;-47,87469974;"SPRF-MG";"DEL13-MG";"UOP01-DEL13-MG"