"id";"data_inversa";"dia_semana";"horario";"uf";"br";"km";"municipio";"causa_acidente";"tipo_acidente";"classificacao_acidente";"fase_dia";"sentido_via";"condicao_metereologica";"tipo_pista";"tracado_via";"uso_solo";"pessoas";"mortos";"feridos_leves";"feridos_graves";"ilesos";"ignorados";"feridos";"veiculos";"latitude";"longitude";"regional";"delegacia";"uop"
376758;2021-08-13;"sexta-feira";"00:44:00";"MG";50;140,5;"UBERABA";"Condutor Dormindo";"Saída de leito carroçável";"Com Vítimas Feridas";"Plena Noite";"Decrescente";"Céu Claro";"Dupla";"Reta";"Não";4;0;1;0;0;3;1;3;-19,47657604;-48,05332612;"SPRF-MG";"DEL13-MG";"UOP01-DEL13-MG"
376763;2021-08-13;"sexta-feira";"05:20:00";"RN";304;21,6;"MOSSORO";"Ultrapassagem Indevida";"Colisão frontal";"Com Vítimas Fatais";"Amanhecer";"Crescente";"Céu Claro";"Simples";"Reta";"Não";5;1;0;3;1;0;3;2;-5,04155506;-37,34681409;"SPRF-RN";"DEL04-RN";"UOP02-DEL04-RN"
376764;2021-07-12;"segunda-feira";"07:10:00";"RJ";116;139;"DUQUE DE CAXIAS";"Reação tardia ou ineficiente do condutor";"Colisão traseira";"Sem Vítimas";"Pleno dia";"Decrescente";"Céu Claro";"Dupla";"Reta";"Não";3;0;0;0;2;1;0;3;-22,64655224;-43,20138601;"SPRF-RJ";"DEL01-RJ";"UOP01-DEL01-RJ"
376766;2021-08-13;"sexta-feira";"03:15:00";"GO";153;175,2;"CAMPINORTE";"Pedestre andava na pista";"Atropelamento de Pedestre";"Com Vítimas Fatais";"Plena Noite";"Crescente";"Céu Claro";"Simples";"Reta";"Sim";3;1;0;0;1;1;0;3;-14,302635;-49,14801;"SPRF-GO";"DEL07-GO";"UOP02-DEL07-GO"
376767;2021-08-13;"sexta-feira";"05:40:00";"MT";70;517;"VARZEA GRANDE";"Ultrapassagem Indevida";"Colisão frontal";"Sem Vítimas";"Amanhecer";"Crescente";"Céu Claro";"Simples";"Reta";"Sim";4;0;0;0;3;2;0;5;-15,70173625;-56,15842603;"SPRF-MT";"DEL01-MT";"UOP02-DEL01-MT"
376770;2021-08-13;"sexta-feira";"06:15:00";"SC";101;158;"PORTO BELO";"Reação tardia ou ineficiente do condutor";"Colisão traseira";"Com Vítimas Feridas";"Pleno dia";"Decrescente";"Garoa/Chuvisco";"Dupla";"Reta";"Não";3;0;0;1;1;2;1;4;-27,19096301;-48,61259017;"SPRF-SC";"DEL04-SC";"UOP03-DEL04-SC"
376774;2021-08-13;"sexta-feira";"06:55:00";"SP";116;220;"GUARULHOS";"Pista Escorregadia";"Colisão traseira";"Com Vítimas Feridas";"Pleno dia";"Crescente";"Garoa/Chuvisco";"Múltipla";"Reta";"Sim";2;0;1;0;0;1;1;2;-23,46472809;-46,49793962;"SPRF-SP";"DEL01-SP";"UOP01-DEL01-SP"
376777;2021-08-13;"sexta-feira";"05:40:00";"PI";222;55;"BRASILEIRA";"Demais falhas mecânicas ou elétricas";"Incêndio";"Sem Vítimas";"Amanhecer";"Crescente";"Céu Claro";"Simples";"Curva";"Não";2;0;0;0;1;1;0;2;-4,15074962;-41,64595221;"SPRF-PI";"DEL02-PI";"UOP01-DEL02-PI"
376782;2021-08-12;"quinta-feira";"21:40:00";"BA";101;422;"IBIRAPITANGA";"Carga excessiva e/ou mal acondicionada";"Tombamento";"Sem Vítimas";"Plena Noite";"Decrescente";"Céu Claro";"Simples";"Curva";"Não";2;0;0;0;1;1;0;2;-14,1412191391;-39,3507843018;"SPRF-BA";"DEL05-BA";"UOP03-DEL05-BA"
376784;2021-08-13;"sexta-feira";"07:45:00";"MG";40;576;"ITABIRITO";"Velocidade Incompatível";"Colisão traseira";"Com Vítimas Feridas";"Pleno dia";"Crescente";"Céu Claro";"Múltipla";"Reta";"Não";3;0;1;0;1;1;1;3;-20,26485707;-43,9573481;"SPRF-MG";"DEL01-MG";"UOP02-DEL01-MG"
376786;2021-08-08;"domingo";"10:30:00";"BA";101;403;"IBIRAPITANGA";"Velocidade Incompatível";"Saída de leito carroçável";"Com Vítimas Feridas";"Pleno dia";"Crescente";"Chuva";"Simples";"Curva";"Não";2;0;1;0;0;1;1;2;-14,116805;-39,364075;"SPRF-BA";"DEL05-BA";"UOP03-DEL05-BA"
376789;2021-08-13;"sexta-feira";"08:15:00";"RS";116;521;"PELOTAS";"Acessar a via sem observar a presença dos outros veículos";"Colisão transversal";"Com Vítimas Feridas";"Pleno dia";"Crescente";"Nevoeiro/Neblina";"Dupla";"Reta";"Sim";3;0;0;1;1;1;1;3;-31,70752405;-52,36800695;"SPRF-RS";"DEL07-RS";"UOP01-DEL07-RS"
376790;2021-08-13;"sexta-feira";"06:30:00";"RJ";101;411;"ITAGUAI";"Ausência de reação do condutor";"Colisão lateral mesmo sentido";"Sem Vítimas";"Amanhecer";"Crescente";"Garoa/Chuvisco";"Dupla";"Reta";"Sim";3;0;0;0;3;0;0;3;-22,89484687;-43,84753204;"SPRF-RJ";"DEL03-RJ";"UOP01-DEL03-RJ"
376794;2021-08-13;"sexta-feira";"09:20:00";"GO";153;503,1;"GOIANIA";"Condutor deixou de manter distância do veículo da frente";"Colisão traseira";"Sem Vítimas";"Pleno dia";"Crescente";"Céu Claro";"Dupla";"Aclive";"Sim";4;0;0;0;1;3;0;3;-16,7366;-49,243;"SPRF-GO";"DEL01-GO";"UOP01-DEL01-GO"
376800;2021-08-13;"sexta-feira";"08:25:00";"PR";376;304;"MAUA DA SERRA";"Velocidade Incompatível";"Colisão traseira";"Sem Vítimas";"Pleno dia";"Crescente";"Céu Claro";"Dupla";"Curva;Declive";"Não";3;0;0;0;2;5;0;7;-23,952969;-51,114033;"SPRF-PR";"DEL07-PR";"UOP02-DEL07-PR"
376806;2021-08-13;"sexta-feira";"06:41:00";"MT";364;354,6;"SANTO ANTONIO DO LEVERGER";"Velocidade Incompatível";"Tombamento";"Com Vítimas Feridas";"Amanhecer";"Crescente";"Céu Claro";"Dupla";"Curva";"Não";2;0;1;0;0;1;1;2;-15,77672587;-55,61553955;"SPRF-MT";"DEL05-MT";"UOP02-DEL05-MT"
376808;2021-08-13;"sexta-feira";"10:30:00";"MG";381;843;"SAO SEBASTIAO DA BELA VISTA";"Reação tardia ou ineficiente do condutor";"Colisão traseira";"Com Vítimas Feridas";"Pleno dia";"Crescente";"Sol";"Dupla";"Em Obras;Reta";"Não";9;0;3;2;3;2;5;4;-22,22245372;-45,87389143;"SPRF-MG";"DEL16-MG";"UOP01-DEL16-MG"
376809;2021-08-13;"sexta-feira";"09:30:00";"MT";364;208;"RONDONOPOLIS";"Conversão proibida";"Colisão lateral mesmo sentido";"Com Vítimas Feridas";"Pleno dia";"Crescente";"Céu Claro";"Dupla";"Rotatória";"Sim";2;0;2;0;0;0;2;2;-16,43621099;-54,68287599;"SPRF-MT";"DEL02-MT";"UOP01-DEL02-MT"
376810;2021-08-13;"sexta-feira";"10:50:00";"SP";153;120;"UBARANA";"Acessar a via sem observar a presença dos outros veículos";"Colisão transversal";"Com Vítimas Feridas";"Pleno dia";"Decrescente";"Céu Claro";"Simples";"Reta";"Sim";5;0;3;0;1;2;3;4;-21,17025911;-49,71519578;"SPRF-SP";"DEL09-SP";"UOP01-DEL09-SP"
376813;2021-08-13;"sexta-feira";"06:30:00";"MG";50;22,5;"ARAGUARI";"Reação tardia ou ineficiente do condutor";"Saída de leito carroçável";"Com Vítimas Feridas";"Pleno dia";"Decrescente";"Céu Claro";"Dupla";"Em Obras";"Não";2;0;1;0;0;3;1;4;-18,60639098;-48,05299759;"SPRF-MG";"DEL15-MG";"UOP02-DEL15-MG"
376817;2021-08-13;"sexta-feira";"10:50:00";"RS";116;137,3;"CAXIAS DO SUL";"Reação tardia ou ineficiente do condutor";"Tombamento";"Sem Vítimas";"Pleno dia";"Crescente";"Nublado";"Simples";"Curva";"Não";2;0;0;0;2;0;0;1;-29,08114701;-51,11228512;"SPRF-RS";"DEL05-RS";"UOP01-DEL05-RS"
376819;2021-08-13;"sexta-feira";"11:11:00";"RJ";393;176;"TRES RIOS";"Condutor deixou de manter distância do veículo da frente";"Colisão traseira";"Com Vítimas Feridas";"Pleno dia";"Decrescente";"Nublado";"Simples";"Reta";"Sim";2;0;1;0;1;0;1;2;-22,12586166;-43,21215519;"SPRF-RJ";"DEL05-RJ";"UOP03-DEL05-RJ"
376829;2021-08-13;"sexta-feira";"10:30:00";"MG";116;755,7;"LEOPOLDINA";"Reação tardia ou ineficiente do condutor";"Colisão com objeto";"Com Vítimas Feridas";"Pleno dia";"Decrescente";"Nublado";"Simples";"Reta";"Não";2;0;1;0;0;1;1;2;-21,48725603;-42,57777783;"SPRF-MG";"DEL07-MG";"UOP01-DEL07-MG"
376831;2021-07-31;"sábado";"00:30:00";"MS";163;232,9;"CAARAPO";"Ausência de reação do condutor";"Colisão traseira";"Com Vítimas Feridas";"Plena Noite";"Decrescente";"Nublado";"Dupla";"Reta";"Não";3;0;0;1;1;2;1;4;-22,4425533;-54,82701449;"SPRF-MS";"DEL04-MS";"UOP02-DEL04-MS"
376834;2021-08-13;"sexta-feira";"13:15:00";"GO";153;571,7;"PROFESSOR JAMIL";"Reação tardia ou ineficiente do condutor";"Saída de leito carroçável";"Sem Vítimas";"Pleno dia";"Crescente";"Sol";"Dupla";"Reta";"Não";3;0;0;0;1;2;0;2;-17,3118;-49,238;"SPRF-GO";"DEL03-GO";"UOP01-DEL03-GO"
376835;2021-08-13;"sexta-feira";"13:10:00";"MT";70;143;"GENERAL CARNEIRO";"Ultrapassagem Indevida";"Capotamento";"Com Vítimas Fatais";"Pleno dia";"Crescente";"Sol";"Simples";"Aclive";"Não";10;1;4;1;1;4;5;5;-15,58656062;-53,31073597;"SPRF-MT";"DEL07-MT";"UOP01-DEL07-MT"
376842;2021-08-13;"sexta-feira";"13:50:00";"PE";101;66,7;"RECIFE";"Reação tardia ou ineficiente do condutor";"Tombamento";"Com Vítimas Fatais";"Pleno dia";"Crescente";"Céu Claro";"Dupla";"Viaduto";"Sim";2;1;0;0;0;1;0;2;-8,03368534;-34,94184125;"SPRF-PE";"DEL01-PE";"UOP01-DEL01-PE"
376843;2021-08-13;"sexta-feira";"12:55:00";"PA";230;120;"MARABA";"Manobra de mudança de faixa";"Colisão lateral mesmo sentido";"Com Vítimas Feridas";"Pleno dia";"Crescente";"Sol";"Dupla";"Reta";"Sim";4;0;1;0;2;1;1;3;-5,35038318;-49,11434;"SPRF-PA";"DEL03-PA";"UOP01-DEL03-PA"
376854;2021-08-13;"sexta-feira";"14:30:00";"SP";116;282;"EMBU DAS ARTES";"Transitar no acostamento";"Colisão lateral mesmo sentido";"Com Vítimas Feridas";"Pleno dia";"Decrescente";"Garoa/Chuvisco";"Dupla";"Reta";"Sim";4;0;1;0;2;2;1;4;-23,68570216;-46,85970975;"SPRF-SP";"DEL04-SP";"UOP01-DEL04-SP"
376860;2021-08-13;"sexta-feira";"15:35:00";"CE";222;20,2;"CAUCAIA";"Condutor deixou de manter distância do veículo da frente";"Colisão traseira";"Sem Vítimas";"Pleno dia";"Decrescente";"Sol";"Simples";"Ponte";"Não";2;0;0;0;2;0;0;2;-3,7411838;-38,7350389;"SPRF-CE";"DEL01-CE";"UOP01-DEL01-CE"
376865;2021-08-13;"sexta-feira";"14:30:00";"PR";373;432,9;"CHOPINZINHO";"Reação tardia ou ineficiente do condutor";"Colisão com objeto";"Com Vítimas Feridas";"Pleno dia";"Crescente";"Chuva";"Simples";"Curva";"Não";2;0;0;1;1;0;1;2;-25,7538398;-52,25069915;"SPRF-PR";"DEL02-PR";"UOP01-DEL02-PR"
376870;2021-08-13;"sexta-feira";"16:00:00";"MG";365;474;"PATROCINIO";"Transitar na contramão";"Colisão frontal";"Sem Vítimas";"Pleno dia";"Crescente";"Céu Claro";"Simples";"Aclive;Curva";"Não";2;0;0;0;1;1;0;2;-18,92183559;-47,01599121;"SPRF-MG";"DEL10-MG";"UOP01-DEL10-MG"
376871;2021-08-13;"sexta-feira";"11:30:00";"MA";135;2,1;"SAO LUIS";"Manobra de mudança de faixa";"Colisão lateral mesmo sentido";"Com Vítimas Feridas";"Pleno dia";"Crescente";"Céu Claro";"Dupla";"Reta";"Sim";2;0;1;0;1;0;1;2;-2,59806699;-44,24573511;"SPRF-MA";"DEL01-MA";"UOP01-DEL01-MA"
376875;2021-07-30;"sexta-feira";"20:50:00";"SC";470;20;"ILHOTA";"Deficiência do Sistema de Iluminação/Sinalização";"Colisão lateral sentido oposto";"Com Vítimas Feridas";"Plena Noite";"Decrescente";"Céu Claro";"Simples";"Reta";"Não";3;0;0;1;1;1;1;3;-26,870115;-48,820484;"SPRF-SC";"DEL04-SC";"UOP04-DEL04-SC"
376882;2021-08-13;"sexta-feira";"17:20:00";"MG";40;736,5;"SANTOS DUMONT";"Reação tardia ou ineficiente do condutor";"Tombamento";"Com Vítimas Feridas";"Anoitecer";"Decrescente";"Céu Claro";"Simples";"Reta";"Não";2;0;1;0;0;1;1;2;-21,37609516;-43,56993701;"SPRF-MG";"DEL05-MG";"UOP01-DEL05-MG"
376902;2021-08-13;"sexta-feira";"19:35:00";"PR";277;5;"PARANAGUA";"Velocidade Incompatível";"Colisão traseira";"Com Vítimas Feridas";"Plena Noite";"Crescente";"Chuva";"Dupla";"Reta";"Sim";6;0;1;0;4;1;1;5;-25,51749374;-48,52383256;"SPRF-PR";"DEL01-PR";"UOP05-DEL01-PR"
376903;2021-08-13;"sexta-feira";"17:45:00";"MG";116;754,3;"LEOPOLDINA";"Frear bruscamente";"Engavetamento";"Com Vítimas Feridas";"Anoitecer";"Crescente";"Céu Claro";"Simples";"Ponte";"Não";3;0;1;0;2;0;1;3;-21,47859776;-42,57564516;"SPRF-MG";"DEL07-MG";"UOP01-DEL07-MG"
376905;2021-08-13;"sexta-feira";"18:30:00";"ES";101;366,3;"ANCHIETA";"Conversão proibida";"Colisão frontal";"Sem Vítimas";"Plena Noite";"Crescente";"Céu Claro";"Simples";"Reta";"Não";3;0;0;0;1;2;0;3;-20,73590976;-40,7597842;"SPRF-ES";"DEL03-ES";"UOP01-DEL03-ES"
376907;2021-08-13;"sexta-feira";"19:00:00";"RS";116;527;"PELOTAS";"Acessar a via sem observar a presença dos outros veículos";"Colisão lateral mesmo sentido";"Com Vítimas Feridas";"Plena Noite";"Crescente";"Céu Claro";"Simples";"Reta";"Sim";11;0;4;0;5;2;4;5;-31,7470243;-52,40899728;"SPRF-RS";"DEL07-RS";"UOP01-DEL07-RS"
376912;2021-08-13;"sexta-feira";"18:30:00";"RJ";40;110;"DUQUE DE CAXIAS";"Ausência de reação do condutor";"Colisão traseira";"Com Vítimas Feridas";"Plena Noite";"Crescente";"Chuva";"Múltipla";"Reta";"Sim";3;0;1;0;1;1;1;3;-22,68289906;-43,28549346;"SPRF-RJ";"DEL01-RJ";"UOP01-DEL01-RJ"
376915;2021-08-13;"sexta-feira";"11:20:00";"RJ";101;309;"SAO GONCALO";"Animais na Pista";"Colisão traseira";"Com Vítimas Feridas";"Pleno dia";"Crescente";"Céu Claro";"Dupla";"Declive";"Sim";3;0;1;1;1;0;2;2;-22,79498873;-43,03446105;"SPRF-RJ";"DEL02-RJ";"UOP02-DEL02-RJ"
376917;2021-08-13;"sexta-feira";"21:00:00";"ES";101;275;"SERRA";"Condutor deixou de manter distância do veículo da frente";"Colisão traseira";"Com Vítimas Feridas";"Plena Noite";"Crescente";"Nublado";"Dupla";"Reta";"Não";3;0;1;0;2;0;1;3;-20,20828089;-40,30388897;"SPRF-ES";"DEL02-ES";"UOP01-DEL02-ES"
376919;2021-08-13;"sexta-feira";"21:00:00";"SP";116;73,5;"APARECIDA";"Acessar a via sem observar a presença dos outros veículos";"Atropelamento de Animal";"Com Vítimas Fatais";"Plena Noite";"Decrescente";"Céu Claro";"Dupla";"Reta";"Não";2;1;0;0;1;0;0;2;-22,86998483;-45,24430721;"SPRF-SP";"DEL08-SP";"UOP01-DEL08-SP"
376921;2021-08-13;"sexta-feira";"19:40:00";"BA";116;673;"JEQUIE";"Demais falhas mecânicas ou elétricas";"Colisão transversal";"Com Vítimas Feridas";"Plena Noite";"Crescente";"Céu Claro";"Simples";"Reta";"Sim";2;0;1;0;1;0;1;2;-13,86701973;-40,11285089;"SPRF-BA";"DEL03-BA";"UOP01-DEL03-BA"
376922;2021-08-13;"sexta-feira";"21:15:00";"RS";386;354,2;"ESTRELA";"Acessar a via sem observar a presença dos outros veículos";"Colisão transversal";"Com Vítimas Feridas";"Plena Noite";"Decrescente";"Céu Claro";"Dupla";"Reta";"Sim";6;0;1;1;3;2;2;4;-29,506611;-51,943012;"SPRF-RS";"DEL04-RS";"UOP02-DEL04-RS"
376926;2021-08-13;"sexta-feira";"20:30:00";"PR";277;0,5;"PARANAGUA";"Reação tardia ou ineficiente do condutor";"Colisão transversal";"Sem Vítimas";"Plena Noite";"Crescente";"Garoa/Chuvisco";"Simples";"Interseção de Vias;Reta";"Sim";3;0;0;0;2;1;0;3;-25,51780266;-48,54096651;"SPRF-PR";"DEL01-PR";"UOP05-DEL01-PR"
376931;2021-08-13;"sexta-feira";"18:50:00";"BA";116;690;"JEQUIE";"Velocidade Incompatível";"Tombamento";"Com Vítimas Fatais";"Plena Noite";"Crescente";"Céu Claro";"Simples";"Curva";"Não";4;1;2;0;0;1;2;2;-13,990707;-40,176851;"SPRF-BA";"DEL03-BA";"UOP01-DEL03-BA"
376945;2021-08-13;"sexta-feira";"22:20:00";"SP";116;187;"SANTA ISABEL";"Acostamento em desnível";"Tombamento";"Sem Vítimas";"Plena Noite";"Decrescente";"Ignorado";"Dupla";"Reta";"Não";2;0;0;0;1;1;0;2;-23,35713072;-46,20737811;"SPRF-SP";"DEL01-SP";"UOP01-DEL01-SP"
376947;2021-08-13;"sexta-feira";"23:30:00";"RS";158;207,9;"CRUZ ALTA";"Demais falhas mecânicas ou elétricas";"Incêndio";"Sem Vítimas";"Plena Noite";"Decrescente";"Céu Claro";"Simples";"Reta";"Não";2;0;0;0;1;2;0;3;-28,74751003;-53,59574742;"SPRF-RS";"DEL10-RS";"UOP02-DEL10-RS"
376948;2021-08-13;"sexta-feira";"22:15:00";"RS";392;199,1;"SANTANA DA BOA VISTA";"Transitar na contramão";"Colisão frontal";"Com Vítimas Fatais";"Plena Noite";"Crescente";"Céu Claro";"Simples";"Aclive;Curva";"Não";4;2;0;0;1;1;0;3;-30,87915386;-53,13340925;"SPRF-RS";"DEL09-RS";"UOP02-DEL09-RS"
376951;2021-08-13;"sexta-feira";"13:45:00";"MA";10;199,4;"RIBAMAR FIQUENE";"Reação tardia ou ineficiente do condutor";"Colisão traseira";"Com Vítimas Feridas";"Pleno dia";"Crescente";"Céu Claro";"Simples";"Reta";"Não";4;0;3;0;0;3;3;5;-5,97425;-47,383446;"SPRF-MA";"DEL04-MA";"UOP02-DEL04-MA"
376953;2021-08-13;"sexta-feira";"23:50:00";"SC";101;189,3;"BIGUACU";"Chuva";"Saída de leito carroçável";"Com Vítimas Feridas";"Plena Noite";"Decrescente";"Chuva";"Dupla";"Reta";"Não";1;0;0;1;0;0;1;1;-27,46344771;-48,64113629;"SPRF-SC";"DEL01-SC";"UOP01-DEL01-SC"
376954;2021-08-14;"sábado";"00:10:00";"PR";277;577,8;"CASCAVEL";"Condutor deixou de manter distância do veículo da frente";"Colisão traseira";"Sem Vítimas";"Plena Noite";"Crescente";"Garoa/Chuvisco";"Simples";"Reta";"Não";2;0;0;0;2;0;0;2;-24,98510305;-53,33984701;"SPRF-PR";"DEL04-PR";"UOP01-DEL04-PR"
376955;2021-08-14;"sábado";"00:30:00";"MG";40;547;"NOVA LIMA";"Velocidade Incompatível";"Colisão com objeto";"Com Vítimas Feridas";"Plena Noite";"Crescente";"Céu Claro";"Dupla";"Reta";"Não";3;0;0;1;1;1;1;3;-20,02252424;-43,97026042;"SPRF-MG";"DEL01-MG";"UOP02-DEL01-MG"
376958;2021-08-13;"sexta-feira";"23:30:00";"PR";163;13;"BARRACAO";"Transitar na contramão";"Colisão lateral sentido oposto";"Com Vítimas Feridas";"Plena Noite";"Crescente";"Garoa/Chuvisco";"Simples";"Curva";"Não";2;0;1;0;1;0;1;2;-26,25066;-53,635523;"SPRF-PR";"DEL02-PR";"UOP02-DEL02-PR"
376962;2021-08-14;"sábado";"00:30:00";"SC";101;113,1;"ITAJAI";"Ausência de reação do condutor";"Tombamento";"Sem Vítimas";"Plena Noite";"Decrescente";"Chuva";"Dupla";"Reta";"Não";2;0;0;0;1;1;0;2;-26,85311393;-48,72689927;"SPRF-SC";"DEL04-SC";"UOP04-DEL04-SC"
376963;2021-08-14;"sábado";"00:40:00";"RO";319;62,1;"PORTO VELHO";"Condutor desrespeitou a iluminação vermelha do semáforo";"Colisão transversal";"Com Vítimas Feridas";"Plena Noite";"Crescente";"Céu Claro";"Dupla";"Interseção de Vias;Reta";"Sim";5;0;1;0;1;4;1;5;-8,75035167;-63,88796568;"SPRF-RO";"DEL01-RO";"UOP01-DEL01-RO"
376964;2021-08-14;"sábado";"03:30:00";"RJ";116;323,5;"ITATIAIA";"Entrada inopinada do pedestre";"Atropelamento de Pedestre";"Com Vítimas Fatais";"Plena Noite";"Decrescente";"Céu Claro";"Dupla";"Reta";"Não";2;1;0;0;1;0;0;2;-22,488885;-44,552696;"SPRF-RJ";"DEL07-RJ";"UOP02-DEL07-RJ"
376969;2021-08-13;"sexta-feira";"22:28:00";"SC";101;21,2;"JOINVILLE";"Reação tardia ou ineficiente do condutor";"Tombamento";"Com Vítimas Feridas";"Plena Noite";"Decrescente";"Chuva";"Dupla";"Reta";"Sim";5;0;1;0;3;1;1;5;-26,15010271;-48,90911579;"SPRF-SC";"DEL03-SC";"UOP01-DEL03-SC"
376972;2021-08-14;"sábado";"04:00:00";"MG";262;471,9;"BOM DESPACHO";"Ingestão de álcool pelo condutor";"Colisão transversal";"Sem Vítimas";"Plena Noite";"Decrescente";"Nublado";"Simples";"Declive";"Não";2;0;0;0;2;0;0;2;-19,78632286;-45,16679393;"SPRF-MG";"DEL08-MG";"UOP03-DEL08-MG"
376981;2021-08-14;"sábado";"04:30:00";"MG";40;423,8;"CURVELO";"Ingestão de substâncias psicoativas pelo condutor";"Colisão lateral sentido oposto";"Sem Vítimas";"Amanhecer";"Crescente";"Céu Claro";"Dupla";"Viaduto";"Não";2;0;0;0;2;0;0;2;-19,15469523;-44,53179359;"SPRF-MG";"DEL02-MG";"UOP01-DEL02-MG"
376982;2021-08-14;"sábado";"05:40:00";"CE";20;403,5;"CAUCAIA";"Acessar a via sem observar a presença dos outros veículos";"Colisão transversal";"Com Vítimas Feridas";"Amanhecer";"Decrescente";"Céu Claro";"Simples";"Retorno Regulamentado";"Não";3;0;2;0;1;0;2;2;-3,78186924;-38,69141221;"SPRF-CE";"DEL01-CE";"UOP01-DEL01-CE"
376983;2021-08-14;"sábado";"05:30:00";"GO";153;386,1;"PIRENOPOLIS";"Desrespeitar a preferência no cruzamento";"Colisão lateral sentido oposto";"Com Vítimas Feridas";"Plena Noite";"Crescente";"Céu Claro";"Simples";"Reta;Declive";"Não";2;0;0;1;1;0;1;2;-15,946925;-49,190453;"SPRF-GO";"DEL02-GO";"UOP02-DEL02-GO"
376986;2021-08-14;"sábado";"05:40:00";"GO";153;585,4;"PROFESSOR JAMIL";"Animais na Pista";"Saída de leito carroçável";"Com Vítimas Feridas";"Amanhecer";"Decrescente";"Céu Claro";"Dupla";"Reta;Declive";"Não";2;0;1;0;1;0;1;1;-17,4253;-49,2278;"SPRF-GO";"DEL03-GO";"UOP01-DEL03-GO"
376987;2021-08-14;"sábado";"06:45:00";"RJ";101;58;"CAMPOS DOS GOYTACAZES";"Condutor deixou de manter distância do veículo da frente";"Colisão traseira";"Sem Vítimas";"Pleno dia";"Decrescente";"Céu Claro";"Simples";"Reta";"Não";2;0;0;0;2;0;0;2;-21,70488703;-41,30979616;"SPRF-RJ";"DEL08-RJ";"UOP01-DEL08-RJ"
376993;2021-08-14;"sábado";"05:15:00";"MS";262;412;"TERENOS";"Reação tardia ou ineficiente do condutor";"Colisão traseira";"Com Vítimas Feridas";"Amanhecer";"Crescente";"Céu Claro";"Simples";"Aclive";"Não";2;0;1;0;1;0;1;2;-20,4440307;-55,13298106;"SPRF-MS";"DEL01-MS";"UOP03-DEL01-MS"
377002;2021-05-06;"quinta-feira";"17:06:00";"ES";101;269,8;"SERRA";"Condutor deixou de manter distância do veículo da frente";"Queda de ocupante de veículo";"Com Vítimas Fatais";"Anoitecer";"Decrescente";"Céu Claro";"Dupla";"Reta";"Sim";3;1;0;0;1;1;0;3;-20,21740496;-40,26990578;"SPRF-ES";"DEL02-ES";"UOP01-DEL02-ES"
377010;2021-08-14;"sábado";"04:50:00";"CE";222;246;"SOBRAL";"Objeto estático sobre o leito carroçável";"Tombamento";"Com Vítimas Feridas";"Amanhecer";"Crescente";"Céu Claro";"Simples";"Reta";"Não";2;0;1;0;0;1;1;2;-3,75797715;-40,52324498;"SPRF-CE";"DEL04-CE";"UOP01-DEL04-CE"
377012;2021-08-14;"sábado";"08:10:00";"RS";116;264;"CANOAS";"Demais falhas mecânicas ou elétricas";"Tombamento";"Sem Vítimas";"Pleno dia";"Crescente";"Céu Claro";"Múltipla";"Reta";"Sim";2;0;0;0;1;3;0;4;-29,914435;-51,17754495;"SPRF-RS";"DEL01-RS";"UOP01-DEL01-RS"
377020;2021-08-14;"sábado";"08:20:00";"SP";116;514,7;"CAJATI";"Ausência de reação do condutor";"Colisão com objeto";"Com Vítimas Fatais";"Pleno dia";"Decrescente";"Chuva";"Simples";"Curva";"Não";1;1;0;0;0;0;0;1;-24,86237517;-48,21478844;"SPRF-SP";"DEL05-SP";"UOP02-DEL05-SP"
377021;2021-08-14;"sábado";"06:00:00";"PI";316;243;"INHUMA";"Acessar a via sem observar a presença dos outros veículos";"Colisão transversal";"Sem Vítimas";"Pleno dia";"Decrescente";"Céu Claro";"Simples";"Reta";"Não";2;0;0;0;1;1;0;2;-6,67906;-41,71880301;"SPRF-PI";"DEL04-PI";"UOP02-DEL04-PI"
377022;2021-08-14;"sábado";"09:10:00";"BA";116;404,6;"FEIRA DE SANTANA";"Demais falhas mecânicas ou elétricas";"Incêndio";"Com Vítimas Feridas";"Pleno dia";"Crescente";"Garoa/Chuvisco";"Dupla";"Aclive;Reta";"Sim";1;0;1;0;0;0;1;1;-12,07025564;-38,96980807;"SPRF-BA";"DEL02-BA";"UOP01-DEL02-BA"
377023;2021-07-24;"sábado";"21:40:00";"ES";101;139,4;"LINHARES";"Estacionar ou parar em local proibido";"Colisão traseira";"Com Vítimas Feridas";"Plena Noite";"Crescente";"Céu Claro";"Dupla";"Reta";"Sim";3;0;0;2;1;0;2;2;-19,3101728;-40,0799666;"SPRF-ES";"DEL04-ES";"UOP01-DEL04-ES"
377028;2021-08-14;"sábado";"09:39:00";"MG";50;114,5;"UBERABA";"Condutor Dormindo";"Saída de leito carroçável";"Com Vítimas Feridas";"Pleno dia";"Crescente";"Sol";"Dupla";"Reta";"Não";3;0;0;1;1;2;1;3;-19,25808427;-48,13213885;"SPRF-MG";"DEL13-MG";"UOP01-DEL13-MG"
377033;2021-01-26;"terça-feira";"05:00:00";"MG";381;275;"JAGUARACU";"Velocidade Incompatível";"Tombamento";"Com Vítimas Feridas";"Amanhecer";"Crescente";"Céu Claro";"Simples";"Reta";"Não";4;0;1;1;1;1;2;3;-19,54384635;-42,6906395;"SPRF-MG";"DEL03-MG";"UOP02-DEL03-MG"
377035;2021-08-14;"sábado";"06:30:00";"MT";364;141,5;"PEDRA PRETA";"Ultrapassagem Indevida";"Tombamento";"Sem Vítimas";"Pleno dia";"Crescente";"Céu Claro";"Múltipla";"Curva";"Não";2;0;0;0;1;1;0;2;-16,79378293;-54,13118898;"SPRF-MT";"DEL02-MT";"UOP01-DEL02-MT"