"id";"data_inversa";"dia_semana";"horario";"uf";"br";"km";"municipio";"causa_acidente";"tipo_acidente";"classificacao_acidente";"fase_dia";"sentido_via";"condicao_metereologica";"tipo_pista";"tracado_via";"uso_solo";"pessoas";"mortos";"feridos_leves";"feridos_graves";"ilesos";"ignorados";"feridos";"veiculos";"latitude";"longitude";"regional";"delegacia";"uop"
377465;2021-08-16;"segunda-feira";"10:40:00";"PB";230;14,3;"CABEDELO";"Velocidade Incompatível";"Colisão com objeto";"Sem Vítimas";"Pleno dia";"Crescente";"Céu Claro";"Dupla";"Interseção de Vias";"Sim";3;0;0;0;2;1;0;3;-7,0844;-34,8488;"SPRF-PB";"DEL01-PB";"UOP01-DEL01-PB"
377467;2021-08-16;"segunda-feira";"10:45:00";"PR";476;148;"ARAUCARIA";"Ultrapassagem Indevida";"Colisão lateral mesmo sentido";"Com Vítimas Feridas";"Pleno dia";"Decrescente";"Nublado";"Dupla";"Reta";"Sim";4;0;0;1;1;2;1;4;-25,557121;-49,348732;"SPRF-PR";"DEL01-PR";"UOP03-DEL01-PR"
377470;2021-08-16;"segunda-feira";"10:50:00";"RO";319;63;"PORTO VELHO";"Obras na pista";"Colisão transversal";"Com Vítimas Feridas";"Pleno dia";"Crescente";"Céu Claro";"Dupla";"Interseção de Vias";"Sim";2;0;0;1;1;0;1;2;-8,766685;-63,884052;"SPRF-RO";"DEL01-RO";"UOP01-DEL01-RO"
377472;2021-08-16;"segunda-feira";"11:35:00";"RJ";116;170;"SAO JOAO DE MERITI";"Pista Escorregadia";"Tombamento";"Com Vítimas Feridas";"Pleno dia";"Crescente";"Céu Claro";"Dupla";"Reta";"Sim";3;0;1;0;2;0;1;2;-22,81113183;-43,3336729;"SPRF-RJ";"DEL01-RJ";"UOP02-DEL01-RJ"
377478;2021-07-07;"quarta-feira";"07:20:00";"PR";277;722,3;"FOZ DO IGUACU";"Desrespeitar a preferência no cruzamento";"Colisão transversal";"Com Vítimas Feridas";"Amanhecer";"Decrescente";"Sol";"Dupla";"Retorno Regulamentado";"Sim";3;0;0;1;1;1;1;3;-25,49494908;-54,52095097;"SPRF-PR";"DEL05-PR";"UOP03-DEL05-PR"
377479;2021-08-16;"segunda-feira";"12:55:00";"SP";381;74;"SAO PAULO";"Reação tardia ou ineficiente do condutor";"Tombamento";"Com Vítimas Feridas";"Pleno dia";"Decrescente";"Céu Claro";"Dupla";"Curva";"Não";2;0;1;0;0;1;1;2;-23,37208014;-46,55700294;"SPRF-SP";"DEL03-SP";"UOP01-DEL03-SP"
377480;2021-08-16;"segunda-feira";"12:00:00";"MG";262;412;"IGARATINGA";"Acessar a via sem observar a presença dos outros veículos";"Colisão traseira";"Com Vítimas Feridas";"Pleno dia";"Crescente";"Sol";"Dupla";"Retorno Regulamentado";"Não";2;0;0;1;1;0;1;2;-19,90105361;-44,69924927;"SPRF-MG";"DEL08-MG";"UOP03-DEL08-MG"
377487;2021-08-16;"segunda-feira";"14:00:00";"SP";116;301;"SAO LOURENCO DA SERRA";"Ausência de reação do condutor";"Tombamento";"Com Vítimas Feridas";"Pleno dia";"Crescente";"Chuva";"Dupla";"Curva";"Sim";2;0;1;0;0;1;1;2;-23,81147602;-46,92298208;"SPRF-SP";"DEL04-SP";"UOP01-DEL04-SP"
377488;2021-08-16;"segunda-feira";"13:30:00";"GO";40;51,1;"LUZIANIA";"Transitar na contramão";"Colisão frontal";"Com Vítimas Feridas";"Pleno dia";"Crescente";"Céu Claro";"Simples";"Reta";"Não";3;0;1;1;0;1;2;3;-16,450211;-47,808134;"SPRF-DF";"DEL01-DF";"UOP02-DEL01-DF"
377493;2021-07-21;"quarta-feira";"19:00:00";"SP";116;536,7;"BARRA DO TURVO";"Ausência de reação do condutor";"Colisão traseira";"Com Vítimas Fatais";"Plena Noite";"Decrescente";"Céu Claro";"Dupla";"Reta";"Não";3;1;0;0;1;2;0;4;-24,97026404;-48,35711718;"SPRF-SP";"DEL05-SP";"UOP02-DEL05-SP"
377494;2021-08-16;"segunda-feira";"12:20:00";"MA";135;1,5;"SAO LUIS";"Manobra de mudança de faixa";"Colisão traseira";"Com Vítimas Feridas";"Pleno dia";"Crescente";"Céu Claro";"Dupla";"Reta";"Sim";4;0;1;0;1;2;1;2;-2,58917895;-44,24423719;"SPRF-MA";"DEL01-MA";"UOP01-DEL01-MA"
377498;2021-05-25;"terça-feira";"02:50:00";"PR";376;638,3;"TIJUCAS DO SUL";"Condutor deixou de manter distância do veículo da frente";"Colisão traseira";"Com Vítimas Feridas";"Plena Noite";"Crescente";"Céu Claro";"Dupla";"Curva";"Não";3;0;0;1;2;0;1;2;-25,77404634;-49,12111396;"SPRF-PR";"DEL01-PR";"UOP04-DEL01-PR"
377501;2021-08-16;"segunda-feira";"14:15:00";"RJ";393;273,9;"BARRA DO PIRAI";"Velocidade Incompatível";"Tombamento";"Sem Vítimas";"Pleno dia";"Crescente";"Nublado";"Simples";"Curva";"Não";1;0;0;0;1;0;0;1;-22,47847848;-43,951253;"SPRF-RJ";"DEL05-RJ";"UOP04-DEL05-RJ"
377505;2021-08-16;"segunda-feira";"15:57:00";"RS";116;251;"SAPUCAIA DO SUL";"Condutor deixou de manter distância do veículo da frente";"Colisão traseira";"Sem Vítimas";"Pleno dia";"Crescente";"Céu Claro";"Dupla";"Reta";"Sim";4;0;0;0;3;1;0;4;-29,80035406;-51,16550365;"SPRF-RS";"DEL01-RS";"UOP02-DEL01-RS"
377509;2021-08-16;"segunda-feira";"15:50:00";"PB";104;152,2;"QUEIMADAS";"Ultrapassagem Indevida";"Colisão traseira";"Com Vítimas Feridas";"Pleno dia";"Decrescente";"Céu Claro";"Simples";"Ponte";"Não";4;0;1;0;3;0;1;3;-7,47287281;-35,93140315;"SPRF-PB";"DEL02-PB";"UOP03-DEL02-PB"
377521;2021-08-16;"segunda-feira";"17:15:00";"SP";116;51;"LORENA";"Estacionar ou parar em local proibido";"Tombamento";"Com Vítimas Feridas";"Anoitecer";"Crescente";"Chuva";"Dupla";"Reta";"Não";2;0;1;0;1;0;1;2;-22,74157511;-45,09206392;"SPRF-SP";"DEL08-SP";"UOP02-DEL08-SP"
377528;2021-08-16;"segunda-feira";"16:40:00";"BA";324;295;"JACOBINA";"Condutor deixou de manter distância do veículo da frente";"Colisão traseira";"Com Vítimas Feridas";"Pleno dia";"Decrescente";"Céu Claro";"Simples";"Reta";"Sim";4;0;1;1;1;1;2;3;-11,18352697;-40,517817;"SPRF-BA";"DEL04-BA";"UOP02-DEL04-BA"
377533;2021-08-16;"segunda-feira";"14:20:00";"BA";242;363;"LENCOIS";"Velocidade Incompatível";"Tombamento";"Sem Vítimas";"Pleno dia";"Decrescente";"Céu Claro";"Simples";"Curva";"Não";2;0;0;0;1;1;0;2;-12,467336;-41,414328;"SPRF-BA";"DEL06-BA";"UOP01-DEL06-BA"
377541;2021-08-16;"segunda-feira";"17:20:00";"SC";116;102,6;"MONTE CASTELO";"Transitar na contramão";"Colisão frontal";"Com Vítimas Feridas";"Pleno dia";"Crescente";"Nublado";"Simples";"Reta";"Não";3;0;0;1;1;1;1;3;-26,72522599;-50,31042602;"SPRF-SC";"DEL06-SC";"UOP02-DEL06-SC"
377542;2021-08-16;"segunda-feira";"18:20:00";"MT";70;533;"NOSSA SENHORA DO LIVRAMENTO";"Manobra de mudança de faixa";"Colisão frontal";"Com Vítimas Feridas";"Anoitecer";"Crescente";"Céu Claro";"Simples";"Reta";"Não";2;0;0;1;1;0;1;2;-15,67494049;-56,25377655;"SPRF-MT";"DEL01-MT";"UOP02-DEL01-MT"
377544;2021-07-22;"quinta-feira";"05:00:00";"ES";101;31;"CONCEICAO DA BARRA";"Condutor deixou de manter distância do veículo da frente";"Colisão traseira";"Com Vítimas Feridas";"Amanhecer";"Crescente";"Céu Claro";"Simples";"Reta";"Sim";2;0;1;0;0;1;1;2;-18,41695394;-39,93608555;"SPRF-ES";"DEL04-ES";"UOP02-DEL04-ES"
377545;2021-08-16;"segunda-feira";"19:00:00";"MG";40;526;"CONTAGEM";"Condutor deixou de manter distância do veículo da frente";"Engavetamento";"Com Vítimas Feridas";"Plena Noite";"Decrescente";"Céu Claro";"Dupla";"Reta";"Sim";4;0;1;0;2;1;1;4;-19,89255399;-44,04985478;"SPRF-MG";"DEL01-MG";"UOP02-DEL01-MG"
377549;2021-08-16;"segunda-feira";"15:00:00";"BA";101;827,8;"ITAMARAJU";"Reação tardia ou ineficiente do condutor";"Tombamento";"Com Vítimas Feridas";"Pleno dia";"Decrescente";"Céu Claro";"Simples";"Curva";"Não";2;0;0;1;0;2;1;3;-17,21941782;-39,61060993;"SPRF-BA";"DEL09-BA";"UOP02-DEL09-BA"
377550;2021-07-15;"quinta-feira";"08:15:00";"SC";101;211,7;"PALHOCA";"Condutor deixou de manter distância do veículo da frente";"Queda de ocupante de veículo";"Com Vítimas Fatais";"Pleno dia";"Decrescente";"Céu Claro";"Dupla";"Reta";"Sim";2;1;0;0;1;0;0;2;-27,62329313;-48,65245588;"SPRF-SC";"DEL01-SC";"UOP02-DEL01-SC"
377556;2021-07-23;"sexta-feira";"11:00:00";"SC";282;45,5;"AGUAS MORNAS";"Problema com o freio";"Colisão traseira";"Com Vítimas Feridas";"Pleno dia";"Decrescente";"Sol";"Simples";"Declive;Curva";"Não";11;0;3;5;3;0;8;8;-27,719851;-48,916126;"SPRF-SC";"DEL01-SC";"UOP03-DEL01-SC"
377564;2021-08-16;"segunda-feira";"18:50:00";"RO";435;84;"COLORADO DO OESTE";"Ultrapassagem Indevida";"Colisão lateral mesmo sentido";"Com Vítimas Feridas";"Plena Noite";"Decrescente";"Céu Claro";"Dupla";"Reta";"Sim";2;0;1;0;1;0;1;2;-13,1173435;-60,52293293;"SPRF-RO";"DEL04-RO";"UOP02-DEL04-RO"
377566;2021-08-16;"segunda-feira";"21:35:00";"MG";381;453;"SABARA";"Ausência de reação do condutor";"Colisão frontal";"Com Vítimas Feridas";"Plena Noite";"Crescente";"Céu Claro";"Simples";"Curva";"Sim";3;0;0;1;1;1;1;3;-19,85197588;-43,88851019;"SPRF-MG";"DEL01-MG";"UOP01-DEL01-MG"
377569;2021-08-16;"segunda-feira";"14:10:00";"BA";116;722,2;"MANOEL VITORINO";"Frear bruscamente";"Engavetamento";"Sem Vítimas";"Pleno dia";"Decrescente";"Sol";"Simples";"Reta;Aclive";"Não";5;0;0;0;4;5;0;9;-14,21319097;-40,27342609;"SPRF-BA";"DEL08-BA";"UOP02-DEL08-BA"
377575;2021-07-13;"terça-feira";"05:45:00";"RO";364;611;"ITAPUA DO OESTE";"Transitar na contramão";"Tombamento";"Com Vítimas Fatais";"Amanhecer";"Crescente";"Céu Claro";"Simples";"Reta";"Não";18;4;13;0;0;3;13;5;-9,14732013;-63,23310013;"SPRF-RO";"DEL01-RO";"UOP04-DEL01-RO"
377580;2021-08-16;"segunda-feira";"21:30:00";"SP";116;443;"REGISTRO";"Demais falhas mecânicas ou elétricas";"Eventos atípicos";"Com Vítimas Feridas";"Plena Noite";"Decrescente";"Nevoeiro/Neblina";"Dupla";"Reta";"Não";3;0;1;0;1;1;1;3;-24,48336513;-47,8324358;"SPRF-SP";"DEL05-SP";"UOP01-DEL05-SP"
377583;2021-08-16;"segunda-feira";"23:55:00";"SC";470;144,9;"RIO DO SUL";"Falta de acostamento";"Colisão traseira";"Com Vítimas Feridas";"Plena Noite";"Crescente";"Céu Claro";"Simples";"Reta";"Não";3;0;1;0;1;1;1;3;-27,235138;-49,677608;"SPRF-SC";"DEL04-SC";"UOP02-DEL04-SC"
377584;2021-08-16;"segunda-feira";"22:10:00";"RJ";493;95;"DUQUE DE CAXIAS";"Ausência de reação do condutor";"Saída de leito carroçável";"Com Vítimas Feridas";"Plena Noite";"Decrescente";"Garoa/Chuvisco";"Dupla";"Reta";"Não";3;0;3;0;0;0;3;1;-22,672089;-43,285053;"SPRF-RJ";"DEL03-RJ";"UOP01-DEL03-RJ"
377588;2021-08-17;"terça-feira";"00:30:00";"PR";153;196,5;"TIBAGI";"Condutor Dormindo";"Colisão lateral sentido oposto";"Com Vítimas Feridas";"Plena Noite";"Crescente";"Nublado";"Simples";"Curva";"Não";3;0;1;0;1;1;1;3;-24,45793181;-50,42454243;"SPRF-PR";"DEL03-PR";"UOP02-DEL03-PR"
377589;2021-08-17;"terça-feira";"00:35:00";"RJ";101;192,7;"CASIMIRO DE ABREU";"Condutor Dormindo";"Colisão traseira";"Com Vítimas Feridas";"Plena Noite";"Crescente";"Garoa/Chuvisco";"Dupla";"Reta";"Não";2;0;1;0;1;0;1;2;-22,47314393;-42,08206801;"SPRF-RJ";"DEL08-RJ";"UOP04-DEL08-RJ"
377591;2021-08-17;"terça-feira";"04:45:00";"RS";287;530;"SAO BORJA";"Iluminação deficiente";"Colisão lateral mesmo sentido";"Com Vítimas Feridas";"Plena Noite";"Crescente";"Céu Claro";"Simples";"Reta";"Não";2;0;1;0;0;1;1;2;-28,68567433;-55,93888311;"SPRF-RS";"DEL12-RS";"UOP01-DEL12-RS"
377592;2021-08-17;"terça-feira";"06:00:00";"RN";226;160,6;"CURRAIS NOVOS";"Conversão proibida";"Colisão lateral mesmo sentido";"Com Vítimas Feridas";"Pleno dia";"Crescente";"Céu Claro";"Simples";"Reta";"Não";5;0;2;2;0;1;4;2;-6,20192297;-36,39409301;"SPRF-RN";"DEL03-RN";"UOP02-DEL03-RN"
377594;2021-08-17;"terça-feira";"06:05:00";"MG";40;611,8;"CONGONHAS";"Manobra de mudança de faixa";"Colisão lateral mesmo sentido";"Com Vítimas Feridas";"Pleno dia";"Crescente";"Céu Claro";"Simples";"Reta";"Não";3;0;1;0;1;1;1;3;-20,518198;-43,835365;"SPRF-MG";"DEL05-MG";"UOP02-DEL05-MG"
377603;2021-08-17;"terça-feira";"05:50:00";"BA";235;27,6;"PEDRO ALEXANDRE";"Pista esburacada";"Tombamento";"Sem Vítimas";"Amanhecer";"Decrescente";"Céu Claro";"Simples";"Reta";"Não";2;0;0;0;1;1;0;2;-10,16201616;-37,91716008;"SPRF-SE";"DEL01-SE";"UOP02-DEL01-SE"
377608;2021-08-17;"terça-feira";"07:15:00";"PE";232;257,3;"ARCOVERDE";"Reação tardia ou ineficiente do condutor";"Colisão frontal";"Com Vítimas Feridas";"Pleno dia";"Crescente";"Sol";"Simples";"Curva";"Não";4;0;0;3;1;0;3;2;-8,40876559;-37,10231195;"SPRF-PE";"DEL03-PE";"UOP02-DEL03-PE"
377613;2021-08-17;"terça-feira";"07:40:00";"GO";153;501,2;"GOIANIA";"Reação tardia ou ineficiente do condutor";"Colisão traseira";"Com Vítimas Feridas";"Pleno dia";"Decrescente";"Céu Claro";"Dupla";"Reta";"Sim";2;0;1;0;1;0;1;2;-16,7189;-49,2382;"SPRF-GO";"DEL01-GO";"UOP01-DEL01-GO"
377614;2021-08-17;"terça-feira";"07:05:00";"PR";163;160,4;"LINDOESTE";"Velocidade Incompatível";"Tombamento";"Com Vítimas Fatais";"Pleno dia";"Decrescente";"Céu Claro";"Simples";"Reta;Em Obras";"Não";3;1;0;0;0;3;0;4;-25,311649;-53,583908;"SPRF-PR";"DEL05-PR";"UOP05-DEL05-PR"
377615;2021-08-17;"terça-feira";"01:10:00";"MT";364;260,5;"JUSCIMEIRA";"Demais falhas mecânicas ou elétricas";"Incêndio";"Sem Vítimas";"Plena Noite";"Decrescente";"Céu Claro";"Dupla";"Reta";"Não";1;0;0;0;1;0;0;1;-16,03426497;-54,88529205;"SPRF-MT";"DEL02-MT";"UOP01-DEL02-MT"
377619;2021-08-17;"terça-feira";"06:30:00";"PB";230;410;"POMBAL";"Velocidade Incompatível";"Tombamento";"Com Vítimas Feridas";"Pleno dia";"Crescente";"Céu Claro";"Simples";"Reta";"Não";3;0;1;1;1;0;2;1;-6,7494;-37,7884;"SPRF-PB";"DEL03-PB";"UOP02-DEL03-PB"
377620;2021-08-17;"terça-feira";"06:00:00";"PB";230;290;"SANTA LUZIA";"Ausência de reação do condutor";"Colisão transversal";"Com Vítimas Feridas";"Pleno dia";"Crescente";"Céu Claro";"Simples";"Reta";"Sim";2;0;1;0;1;0;1;2;-6,8742;-36,9085;"SPRF-PB";"DEL03-PB";"UOP01-DEL03-PB"
377636;2021-08-17;"terça-feira";"08:55:00";"MT";364;181;"PEDRA PRETA";"Ultrapassagem Indevida";"Colisão lateral mesmo sentido";"Com Vítimas Feridas";"Pleno dia";"Decrescente";"Céu Claro";"Simples";"Aclive";"Não";3;0;1;0;1;3;1;5;-16,59921601;-54,50078901;"SPRF-MT";"DEL02-MT";"UOP01-DEL02-MT"
377641;2021-08-17;"terça-feira";"08:45:00";"SP";116;517;"CAJATI";"Carga excessiva e/ou mal acondicionada";"Derramamento de carga";"Com Vítimas Feridas";"Pleno dia";"Decrescente";"Céu Claro";"Simples";"Curva";"Não";2;0;1;0;0;1;1;2;-24,8768469;-48,22732309;"SPRF-SP";"DEL05-SP";"UOP02-DEL05-SP"
377643;2021-08-17;"terça-feira";"12:00:00";"RS";392;351;"SANTA MARIA";"Conversão proibida";"Colisão transversal";"Com Vítimas Feridas";"Pleno dia";"Decrescente";"Céu Claro";"Simples";"Reta";"Sim";4;0;0;1;2;1;1;3;-29,7284269;-53,80323691;"SPRF-RS";"DEL09-RS";"UOP01-DEL09-RS"
377646;2021-08-17;"terça-feira";"12:00:00";"GO";153;607;"MORRINHOS";"Avarias e/ou desgaste excessivo no pneu";"Saída de leito carroçável";"Com Vítimas Feridas";"Pleno dia";"Decrescente";"Céu Claro";"Dupla";"Declive";"Não";2;0;1;0;0;1;1;2;-17,6114;-49,1825;"SPRF-GO";"DEL03-GO";"UOP01-DEL03-GO"
377648;2021-08-17;"terça-feira";"11:55:00";"RJ";116;204,5;"SEROPEDICA";"Pedestre cruzava a pista fora da faixa";"Atropelamento de Pedestre";"Com Vítimas Fatais";"Pleno dia";"Decrescente";"Céu Claro";"Simples";"Reta";"Não";4;1;0;0;3;0;0;2;-22,72895007;-43,63189001;"SPRF-RJ";"DEL01-RJ";"UOP03-DEL01-RJ"
377649;2021-08-17;"terça-feira";"12:10:00";"SP";116;212;"GUARULHOS";"Manobra de mudança de faixa";"Colisão traseira";"Com Vítimas Feridas";"Pleno dia";"Crescente";"Céu Claro";"Dupla";"Reta";"Sim";2;0;1;0;1;0;1;2;-23,43608315;-46,42805094;"SPRF-SP";"DEL01-SP";"UOP01-DEL01-SP"
377654;2021-08-17;"terça-feira";"12:30:00";"MG";40;694;"ALFREDO VASCONCELOS";"Ausência de reação do condutor";"Colisão traseira";"Com Vítimas Feridas";"Pleno dia";"Decrescente";"Céu Claro";"Simples";"Reta";"Sim";3;0;1;0;2;0;1;2;-21,132076;-43,76202;"SPRF-MG";"DEL05-MG";"UOP02-DEL05-MG"
377656;2021-08-17;"terça-feira";"04:00:00";"MA";135;61;"SANTA RITA";"Ausência de reação do condutor";"Colisão traseira";"Com Vítimas Fatais";"Plena Noite";"Decrescente";"Céu Claro";"Simples";"Reta";"Não";2;1;0;0;0;1;0;2;-3,06101506;-44,3210517;"SPRF-MA";"DEL01-MA";"UOP02-DEL01-MA"
377657;2021-08-17;"terça-feira";"11:00:00";"TO";153;184;"NOVA OLINDA";"Ultrapassagem Indevida";"Colisão transversal";"Com Vítimas Feridas";"Pleno dia";"Crescente";"Céu Claro";"Simples";"Reta";"Não";2;0;1;0;1;0;1;2;-7,51327207;-48,39265684;"SPRF-TO";"DEL02-TO";"UOP01-DEL02-TO"
377659;2021-08-17;"terça-feira";"09:30:00";"MT";70;496;"CUIABA";"Acesso irregular";"Atropelamento de Pedestre";"Com Vítimas Fatais";"Pleno dia";"Crescente";"Céu Claro";"Simples";"Em Obras";"Não";4;1;0;0;2;2;0;4;-15,69917954;-55,89214969;"SPRF-MT";"DEL01-MT";"UOP02-DEL01-MT"
377660;2021-08-17;"terça-feira";"14:00:00";"PR";376;526,6;"PONTA GROSSA";"Velocidade Incompatível";"Engavetamento";"Com Vítimas Feridas";"Pleno dia";"Decrescente";"Céu Claro";"Dupla";"Reta";"Não";5;0;1;0;3;2;1;6;-25,32138068;-49,87003076;"SPRF-PR";"DEL03-PR";"UOP01-DEL03-PR"
377661;2021-08-17;"terça-feira";"10:15:00";"SC";280;113,8;"SAO BENTO DO SUL";"Desrespeitar a preferência no cruzamento";"Colisão transversal";"Sem Vítimas";"Pleno dia";"Crescente";"Sol";"Simples";"Reta";"Não";2;0;0;0;2;0;0;2;-26,29873518;-49,39799743;"SPRF-SC";"DEL06-SC";"UOP03-DEL06-SC"
377664;2021-07-26;"segunda-feira";"13:30:00";"PA";10;238;"IPIXUNA DO PARA";"Manobra de mudança de faixa";"Colisão frontal";"Com Vítimas Fatais";"Pleno dia";"Crescente";"Céu Claro";"Simples";"Reta";"Não";5;1;0;4;0;0;4;2;-2,35755302;-47,56011809;"SPRF-PA";"DEL02-PA";"UOP01-DEL02-PA"
377665;2021-08-13;"sexta-feira";"05:00:00";"GO";50;279;"CATALAO";"Ausência de reação do condutor";"Colisão traseira";"Com Vítimas Feridas";"Plena Noite";"Decrescente";"Céu Claro";"Simples";"Reta";"Sim";2;0;1;0;0;1;1;2;-18,1739;-47,9289;"SPRF-GO";"DEL06-GO";"UOP01-DEL06-GO"
377667;2021-08-17;"terça-feira";"13:20:00";"PE";232;12,8;"JABOATAO DOS GUARARAPES";"Manobra de mudança de faixa";"Colisão traseira";"Com Vítimas Feridas";"Pleno dia";"Crescente";"Céu Claro";"Dupla";"Reta";"Não";2;0;1;0;1;0;1;2;-8,08706;-35,007988;"SPRF-PE";"DEL01-PE";"UOP01-DEL01-PE"
377684;2021-08-17;"terça-feira";"17:00:00";"PR";277;584;"CASCAVEL";"Condutor deixou de manter distância do veículo da frente";"Colisão traseira";"Com Vítimas Feridas";"Pleno dia";"Crescente";"Céu Claro";"Simples";"Em Obras";"Sim";2;0;1;0;1;0;1;2;-24,96684176;-53,40258186;"SPRF-PR";"DEL04-PR";"UOP01-DEL04-PR"
377686;2021-08-17;"terça-feira";"17:20:00";"DF";20;6,7;"BRASILIA";"Entrada inopinada do pedestre";"Atropelamento de Pedestre";"Com Vítimas Feridas";"Anoitecer";"Decrescente";"Céu Claro";"Simples";"Reta";"Sim";2;0;0;1;1;0;1;2;-15,665888;-47,808308;"SPRF-DF";"DEL02-DF";"UOP01-DEL02-DF"
377687;2021-08-17;"terça-feira";"16:30:00";"MT";70;503;"CUIABA";"Demais falhas na via";"Tombamento";"Com Vítimas Feridas";"Anoitecer";"Crescente";"Céu Claro";"Simples";"Rotatória";"Não";2;0;1;0;1;0;1;1;-15,70078603;-56,04173921;"SPRF-MT";"DEL01-MT";"UOP02-DEL01-MT"
377693;2021-07-28;"quarta-feira";"16:55:00";"RJ";493;121;"ITAGUAI";"Condutor deixou de manter distância do veículo da frente";"Colisão traseira";"Com Vítimas Feridas";"Pleno dia";"Decrescente";"Chuva";"Dupla";"Reta";"Não";2;0;1;0;1;0;1;2;-22,87324921;-43,81819725;"SPRF-RJ";"DEL03-RJ";"UOP01-DEL03-RJ"
377700;2021-08-17;"terça-feira";"18:30:00";"BA";116;521;"ITATIM";"Acessar a via sem observar a presença dos outros veículos";"Colisão transversal";"Com Vítimas Feridas";"Plena Noite";"Crescente";"Céu Claro";"Simples";"Reta";"Sim";3;0;1;0;1;1;1;3;-12,68846804;-39,68756198;"SPRF-BA";"DEL03-BA";"UOP02-DEL03-BA"
377706;2021-07-09;"sexta-feira";"04:20:00";"CE";222;201,3;"FORQUILHA";"Velocidade Incompatível";"Saída de leito carroçável";"Com Vítimas Fatais";"Plena Noite";"Crescente";"Céu Claro";"Simples";"Curva";"Não";3;2;0;0;0;1;0;2;-3,794887;-40,21837234;"SPRF-CE";"DEL04-CE";"UOP01-DEL04-CE"
377713;2021-08-17;"terça-feira";"05:00:00";"MG";116;519,2;"UBAPORANGA";"Condutor Dormindo";"Saída de leito carroçável";"Com Vítimas Feridas";"Amanhecer";"Decrescente";"Garoa/Chuvisco";"Simples";"Curva";"Não";2;0;1;0;0;1;1;2;-19,71798497;-42,12830605;"SPRF-MG";"DEL06-MG";"UOP02-DEL06-MG"
377714;2021-08-17;"terça-feira";"19:30:00";"PE";101;47,4;"IGARASSU";"Reação tardia ou ineficiente do condutor";"Colisão lateral mesmo sentido";"Com Vítimas Feridas";"Plena Noite";"Crescente";"Vento";"Múltipla";"Reta";"Sim";3;0;1;0;1;1;1;2;-7,88290701;-34,90461208;"SPRF-PE";"DEL01-PE";"UOP02-DEL01-PE"
377724;2021-08-17;"terça-feira";"20:45:00";"PR";277;38,5;"MORRETES";"Velocidade Incompatível";"Tombamento";"Com Vítimas Feridas";"Plena Noite";"Decrescente";"Céu Claro";"Dupla";"Declive;Curva";"Não";2;0;0;1;0;1;1;2;-25,56584471;-48,81116269;"SPRF-PR";"DEL01-PR";"UOP05-DEL01-PR"
377726;2021-08-17;"terça-feira";"20:00:00";"SP";381;51,2;"ATIBAIA";"Objeto estático sobre o leito carroçável";"Colisão com objeto";"Com Vítimas Feridas";"Plena Noite";"Decrescente";"Céu Claro";"Dupla";"Reta";"Não";3;0;1;0;2;0;1;3;-23,21359807;-46,59367981;"SPRF-SP";"DEL03-SP";"UOP01-DEL03-SP"
377730;2021-08-17;"terça-feira";"21:00:00";"MG";251;501,9;"FRANCISCO SA";"Carga excessiva e/ou mal acondicionada";"Incêndio";"Sem Vítimas";"Plena Noite";"Decrescente";"Céu Claro";"Simples";"Reta";"Não";2;0;0;0;1;1;0;2;-16,60342041;-43,65175169;"SPRF-MG";"DEL12-MG";"UOP01-DEL12-MG"
377731;2021-08-17;"terça-feira";"22:00:00";"RS";386;414,5;"MONTENEGRO";"Ausência de reação do condutor";"Colisão lateral sentido oposto";"Com Vítimas Feridas";"Plena Noite";"Crescente";"Céu Claro";"Simples";"Reta";"Não";3;0;1;0;1;1;1;3;-29,81677541;-51,47730058;"SPRF-RS";"DEL04-RS";"UOP02-DEL04-RS"
377733;2021-08-17;"terça-feira";"17:00:00";"MG";262;430;"SAO GONCALO DO PARA";"Condutor deixou de manter distância do veículo da frente";"Colisão traseira";"Com Vítimas Fatais";"Pleno dia";"Crescente";"Céu Claro";"Dupla";"Reta";"Não";3;1;0;0;1;2;0;4;-19,89011218;-44,80551997;"SPRF-MG";"DEL08-MG";"UOP03-DEL08-MG"
377735;2021-08-17;"terça-feira";"20:20:00";"GO";60;34,8;"ALEXANIA";"Carga excessiva e/ou mal acondicionada";"Derramamento de carga";"Com Vítimas Fatais";"Plena Noite";"Crescente";"Céu Claro";"Dupla";"Declive;Reta";"Não";10;2;1;2;4;4;3;9;-16,1028;-48,5238;"SPRF-DF";"DEL03-DF";"UOP01-DEL03-DF"
377738;2021-08-17;"terça-feira";"20:55:00";"SC";116;53,2;"PAPANDUVA";"Transitar na contramão";"Colisão frontal";"Com Vítimas Feridas";"Plena Noite";"Decrescente";"Céu Claro";"Simples";"Aclive;Reta";"Não";5;0;0;1;4;0;1;3;-26,3932492;-50,15515026;"SPRF-SC";"DEL06-SC";"UOP01-DEL06-SC"
377740;2021-08-18;"quarta-feira";"00:15:00";"ES";101;424,1;"ATILIO VIVACQUA";"Condutor Dormindo";"Tombamento";"Com Vítimas Feridas";"Plena Noite";"Decrescente";"Céu Claro";"Simples";"Ponte";"Não";1;0;0;1;0;0;1;1;-20,9947948;-41,12521918;"SPRF-ES";"DEL03-ES";"UOP02-DEL03-ES"
377744;2021-08-17;"terça-feira";"22:30:00";"BA";116;895,5;"VITORIA DA CONQUISTA";"Velocidade Incompatível";"Colisão traseira";"Com Vítimas Feridas";"Plena Noite";"Crescente";"Céu Claro";"Simples";"Reta";"Não";3;0;1;0;1;2;1;4;-15,32564403;-41,15464593;"SPRF-BA";"DEL08-BA";"UOP03-DEL08-BA"