"id";"data_inversa";"dia_semana";"horario";"uf";"br";"km";"municipio";"causa_acidente";"tipo_acidente";"classificacao_acidente";"fase_dia";"sentido_via";"condicao_metereologica";"tipo_pista";"tracado_via";"uso_solo";"pessoas";"mortos";"feridos_leves";"feridos_graves";"ilesos";"ignorados";"feridos";"veiculos";"latitude";"longitude";"regional";"delegacia";"uop"
378001;2021-08-19;"quinta-feira";"13:10:00";"MT";163;720;"SORRISO";"Reação tardia ou ineficiente do condutor";"Colisão lateral sentido oposto";"Com Vítimas Feridas";"Pleno dia";"Decrescente";"Céu Claro";"Simples";"Reta";"Não";8;0;1;0;6;5;1;9;-12,91249012;-55,85262868;"SPRF-MT";"DEL06-MT";"UOP01-DEL06-MT"
378006;2021-08-19;"quinta-feira";"15:05:00";"SP";116;193,5;"SANTA ISABEL";"Ingestão de álcool pelo condutor";"Saída de leito carroçável";"Sem Vítimas";"Pleno dia";"Decrescente";"Céu Claro";"Dupla";"Aclive";"Não";2;0;0;0;1;1;0;2;-23,380407;-46,258509;"SPRF-SP";"DEL01-SP";"UOP01-DEL01-SP"
378010;2021-08-19;"quinta-feira";"15:15:00";"MG";153;132,4;"PRATA";"Ausência de reação do condutor";"Colisão traseira";"Sem Vítimas";"Pleno dia";"Decrescente";"Céu Claro";"Simples";"Aclive";"Não";4;0;0;0;2;4;0;6;-19,49973068;-48,85139954;"SPRF-MG";"DEL15-MG";"UOP03-DEL15-MG"
378014;2021-08-19;"quinta-feira";"12:40:00";"RN";427;65,3;"JARDIM DO SERIDO";"Ultrapassagem Indevida";"Colisão lateral mesmo sentido";"Com Vítimas Feridas";"Pleno dia";"Crescente";"Céu Claro";"Simples";"Reta;Aclive";"Não";3;0;1;0;2;0;1;3;-6,57737531;-36,82514819;"SPRF-RN";"DEL03-RN";"UOP01-DEL03-RN"
378018;2021-08-19;"quinta-feira";"14:20:00";"SC";101;290;"IMBITUBA";"Manobra de mudança de faixa";"Colisão lateral mesmo sentido";"Com Vítimas Feridas";"Pleno dia";"Decrescente";"Céu Claro";"Dupla";"Reta";"Sim";5;0;1;0;3;1;1;3;-28,26202477;-48,70403355;"SPRF-SC";"DEL02-SC";"UOP03-DEL02-SC"
378022;2021-08-19;"quinta-feira";"15:50:00";"SC";470;7,2;"NAVEGANTES";"Condutor deixou de manter distância do veículo da frente";"Colisão traseira";"Com Vítimas Feridas";"Pleno dia";"Crescente";"Céu Claro";"Simples";"Declive";"Não";4;0;1;0;2;1;1;3;-26,84499;-48,71505;"SPRF-SC";"DEL04-SC";"UOP04-DEL04-SC"
378023;2021-08-12;"quinta-feira";"05:40:00";"RS";285;524,5;"VITORIA DAS MISSOES";"Condutor Dormindo";"Colisão lateral sentido oposto";"Com Vítimas Feridas";"Plena Noite";"Decrescente";"Céu Claro";"Simples";"Reta";"Não";3;0;1;0;1;1;1;3;-28,403999;-54,533695;"SPRF-RS";"DEL10-RS";"UOP01-DEL10-RS"
378025;2021-08-19;"quinta-feira";"15:53:00";"SP";116;273,3;"TABOAO DA SERRA";"Acumulo de areia ou detritos sobre o pavimento";"Queda de ocupante de veículo";"Com Vítimas Feridas";"Pleno dia";"Decrescente";"Céu Claro";"Múltipla";"Curva";"Sim";3;0;1;0;1;1;1;3;-23,62809795;-46,81870306;"SPRF-SP";"DEL04-SP";"UOP01-DEL04-SP"
378026;2021-08-19;"quinta-feira";"15:55:00";"SC";282;0,5;"FLORIANOPOLIS";"Manobra de mudança de faixa";"Tombamento";"Com Vítimas Feridas";"Pleno dia";"Crescente";"Sol";"Dupla";"Reta;Aclive";"Não";2;0;1;0;1;0;1;2;-27,59845;-48,571995;"SPRF-SC";"DEL01-SC";"UOP01-DEL01-SC"
378029;2021-08-19;"quinta-feira";"15:10:00";"MG";116;314,5;"ITAMBACURI";"Condutor deixou de manter distância do veículo da frente";"Colisão traseira";"Com Vítimas Feridas";"Pleno dia";"Decrescente";"Céu Claro";"Simples";"Reta";"Não";4;0;1;0;2;1;1;3;-18,10236406;-41,68963076;"SPRF-MG";"DEL11-MG";"UOP01-DEL11-MG"
378031;2021-08-19;"quinta-feira";"15:30:00";"PR";277;82;"CURITIBA";"Ausência de reação do condutor";"Colisão traseira";"Com Vítimas Feridas";"Pleno dia";"Decrescente";"Céu Claro";"Dupla";"Reta";"Sim";2;0;1;0;1;0;1;2;-25,568939;-49,181978;"SPRF-PR";"DEL01-PR";"UOP01-DEL01-PR"
378032;2021-08-19;"quinta-feira";"15:56:00";"MS";376;1,1;"DOURADOS";"Transitar na contramão";"Colisão lateral sentido oposto";"Com Vítimas Fatais";"Pleno dia";"Crescente";"Céu Claro";"Simples";"Reta";"Não";3;1;0;0;1;2;0;4;-22,20261016;-54,68611619;"SPRF-MS";"DEL04-MS";"UOP04-DEL04-MS"
378034;2021-08-19;"quinta-feira";"11:30:00";"MS";163;609;"SAO GABRIEL DO OESTE";"Fumaça";"Engavetamento";"Com Vítimas Feridas";"Pleno dia";"Decrescente";"Céu Claro";"Simples";"Reta";"Não";3;0;1;0;2;0;1;3;-19,4409361;-54,53079011;"SPRF-MS";"DEL06-MS";"UOP02-DEL06-MS"
378041;2021-08-19;"quinta-feira";"16:40:00";"PE";232;9;"JABOATAO DOS GUARARAPES";"Condutor deixou de manter distância do veículo da frente";"Colisão traseira";"Com Vítimas Feridas";"Pleno dia";"Crescente";"Chuva";"Dupla";"Reta";"Sim";3;0;1;0;1;1;1;3;-8,07764447;-34,97863609;"SPRF-PE";"DEL01-PE";"UOP01-DEL01-PE"
378042;2021-08-19;"quinta-feira";"17:10:00";"PR";376;493,4;"PONTA GROSSA";"Velocidade Incompatível";"Engavetamento";"Com Vítimas Feridas";"Pleno dia";"Decrescente";"Sol";"Dupla";"Declive";"Sim";14;0;4;0;9;1;4;10;-25,12622799;-50,1786375;"SPRF-PR";"DEL03-PR";"UOP01-DEL03-PR"
378053;2021-08-19;"quinta-feira";"08:05:00";"MG";381;212;"NAQUE";"Pista em desnível";"Tombamento";"Com Vítimas Feridas";"Pleno dia";"Decrescente";"Nublado";"Simples";"Curva";"Não";2;0;1;0;0;2;1;3;-19,24611089;-42,33758028;"SPRF-MG";"DEL06-MG";"UOP01-DEL06-MG"
378055;2021-08-19;"quinta-feira";"18:35:00";"SP";153;90,2;"JACI";"Transitar na contramão";"Colisão frontal";"Com Vítimas Feridas";"Plena Noite";"Crescente";"Céu Claro";"Simples";"Reta";"Não";2;0;2;0;0;0;2;2;-20,95840029;-49,55965384;"SPRF-SP";"DEL09-SP";"UOP01-DEL09-SP"
378062;2021-08-19;"quinta-feira";"14:20:00";"GO";153;617;"MORRINHOS";"Manobra de mudança de faixa";"Tombamento";"Com Vítimas Feridas";"Pleno dia";"Decrescente";"Céu Claro";"Dupla";"Aclive";"Não";3;0;1;0;1;2;1;4;-17,6864;-49,159;"SPRF-GO";"DEL03-GO";"UOP01-DEL03-GO"
378064;2021-08-19;"quinta-feira";"18:10:00";"PR";476;152;"ARAUCARIA";"Velocidade Incompatível";"Colisão lateral mesmo sentido";"Com Vítimas Feridas";"Plena Noite";"Crescente";"Céu Claro";"Dupla";"Reta";"Sim";6;0;2;0;2;3;2;7;-25,570036;-49,384193;"SPRF-PR";"DEL01-PR";"UOP03-DEL01-PR"
378067;2021-08-19;"quinta-feira";"16:00:00";"MT";364;272;"JACIARA";"Manobra de mudança de faixa";"Tombamento";"Sem Vítimas";"Pleno dia";"Decrescente";"Céu Claro";"Dupla";"Declive";"Sim";3;0;0;0;2;3;0;5;-15,96667987;-54,96121981;"SPRF-MT";"DEL02-MT";"UOP01-DEL02-MT"
378074;2021-08-19;"quinta-feira";"19:45:00";"PB";230;339;"PATOS";"Acessar a via sem observar a presença dos outros veículos";"Colisão transversal";"Com Vítimas Feridas";"Pleno dia";"Crescente";"Céu Claro";"Dupla";"Reta;Retorno Regulamentado";"Sim";2;0;0;1;1;0;1;2;-7,0057;-37,2998;"SPRF-PB";"DEL03-PB";"UOP01-DEL03-PB"
378078;2021-08-19;"quinta-feira";"18:12:00";"PE";424;67,3;"CAETES";"Pedestre andava na pista";"Atropelamento de Pedestre";"Com Vítimas Fatais";"Plena Noite";"Decrescente";"Garoa/Chuvisco";"Simples";"Reta";"Não";3;1;0;1;0;1;1;3;-8,765004;-36,640788;"SPRF-PE";"DEL03-PE";"UOP01-DEL03-PE"
378079;2021-08-19;"quinta-feira";"15:05:00";"PE";423;132;"SALOA";"Velocidade Incompatível";"Tombamento";"Com Vítimas Feridas";"Pleno dia";"Crescente";"Céu Claro";"Simples";"Curva;Declive";"Não";1;0;1;0;0;0;1;1;-8,95943517;-36,76461912;"SPRF-PE";"DEL03-PE";"UOP01-DEL03-PE"
378088;2021-08-19;"quinta-feira";"20:33:00";"RS";392;26;"RIO GRANDE";"Estacionar ou parar em local proibido";"Colisão lateral mesmo sentido";"Sem Vítimas";"Plena Noite";"Crescente";"Céu Claro";"Dupla";"Reta";"Sim";5;0;0;0;4;2;0;4;-32,074957;-52,260543;"SPRF-RS";"DEL07-RS";"UOP02-DEL07-RS"
378091;2021-08-19;"quinta-feira";"20:35:00";"PR";277;583;"CASCAVEL";"Ingestão de álcool pelo condutor";"Colisão lateral mesmo sentido";"Sem Vítimas";"Plena Noite";"Decrescente";"Céu Claro";"Dupla";"Reta";"Sim";3;0;0;0;2;1;0;3;-24,97165493;-53,39428595;"SPRF-PR";"DEL04-PR";"UOP01-DEL04-PR"
378108;2021-08-20;"sexta-feira";"00:15:00";"SC";101;103;"BALNEARIO PICARRAS";"Acessar a via sem observar a presença dos outros veículos";"Colisão traseira";"Com Vítimas Feridas";"Plena Noite";"Decrescente";"Nublado";"Dupla";"Reta";"Não";4;0;1;1;1;1;2;4;-26,7832381;-48,68314632;"SPRF-SC";"DEL03-SC";"UOP02-DEL03-SC"
378109;2021-08-20;"sexta-feira";"00:15:00";"MG";267;277,9;"AIURUOCA";"Velocidade Incompatível";"Tombamento";"Com Vítimas Fatais";"Plena Noite";"Decrescente";"Céu Claro";"Simples";"Curva;Declive";"Não";3;2;0;0;0;1;0;2;-21,93263164;-44,70242991;"SPRF-MG";"DEL17-MG";"UOP01-DEL17-MG"
378113;2021-08-19;"quinta-feira";"22:37:00";"CE";20;163,8;"PEDRA BRANCA";"Pista esburacada";"Tombamento";"Com Vítimas Feridas";"Plena Noite";"Crescente";"Céu Claro";"Simples";"Reta;Declive";"Não";2;0;1;0;0;2;1;3;-5,3872511;-39,96603576;"SPRF-CE";"DEL02-CE";"UOP02-DEL02-CE"
378117;2021-08-20;"sexta-feira";"02:30:00";"SP";153;1,2;"ICEM";"Ingestão de álcool pelo condutor";"Colisão frontal";"Com Vítimas Fatais";"Plena Noite";"Crescente";"Céu Claro";"Simples";"Reta";"Não";2;1;0;0;1;0;0;2;-20,31427991;-49,20946944;"SPRF-SP";"DEL09-SP";"UOP01-DEL09-SP"
378119;2021-08-19;"quinta-feira";"23:05:00";"MG";262;827;"UBERABA";"Ausência de reação do condutor";"Saída de leito carroçável";"Com Vítimas Fatais";"Plena Noite";"Decrescente";"Céu Claro";"Simples";"Viaduto";"Não";2;1;0;0;0;2;0;3;-19,74647608;-48,17757607;"SPRF-MG";"DEL13-MG";"UOP01-DEL13-MG"
378120;2021-08-19;"quinta-feira";"23:35:00";"MT";163;837;"SINOP";"Demais falhas mecânicas ou elétricas";"Incêndio";"Sem Vítimas";"Plena Noite";"Decrescente";"Céu Claro";"Simples";"Reta";"Sim";2;0;0;0;1;1;0;2;-11,844;-55,491;"SPRF-MT";"DEL06-MT";"NPF/DEL06-MT"
378124;2021-08-19;"quinta-feira";"19:15:00";"GO";153;677,9;"PANAMA";"Condutor usando celular";"Colisão traseira";"Com Vítimas Fatais";"Plena Noite";"Crescente";"Céu Claro";"Dupla";"Declive;Reta";"Não";3;1;1;0;0;1;1;3;-18,209;-49,2754;"SPRF-GO";"DEL03-GO";"UOP02-DEL03-GO"
378127;2021-08-20;"sexta-feira";"04:30:00";"BA";116;464;"SANTO ESTEVAO";"Animais na Pista";"Saída de leito carroçável";"Com Vítimas Feridas";"Plena Noite";"Crescente";"Nublado";"Dupla";"Reta";"Sim";3;0;1;0;0;2;1;3;-12,4441144;-39,23773631;"SPRF-BA";"DEL02-BA";"UOP01-DEL02-BA"
378135;2021-08-20;"sexta-feira";"06:15:00";"MG";262;127,9;"RIO CASCA";"Velocidade Incompatível";"Tombamento";"Sem Vítimas";"Amanhecer";"Crescente";"Nublado";"Simples";"Curva";"Não";2;0;0;0;1;1;0;2;-20,18090294;-42,69776582;"SPRF-MG";"DEL03-MG";"UOP03-DEL03-MG"
378137;2021-08-20;"sexta-feira";"06:30:00";"BA";242;515;"OLIVEIRA DOS BREJINHOS";"Ausência de reação do condutor";"Saída de leito carroçável";"Sem Vítimas";"Amanhecer";"Decrescente";"Ignorado";"Simples";"Reta";"Não";2;0;0;0;1;2;0;3;-12,32016541;-42,57977979;"SPRF-BA";"DEL06-BA";"UOP01-DEL06-BA"
378144;2021-06-13;"domingo";"08:15:00";"MT";70;80;"GENERAL CARNEIRO";"Afundamento ou ondulação no pavimento";"Tombamento";"Sem Vítimas";"Pleno dia";"Decrescente";"Céu Claro";"Simples";"Reta;Declive";"Não";2;0;0;0;1;2;0;3;-15,64670487;-52,80720871;"SPRF-MT";"DEL07-MT";"UOP01-DEL07-MT"
378147;2021-08-20;"sexta-feira";"07:30:00";"GO";153;512,6;"APARECIDA DE GOIANIA";"Reação tardia ou ineficiente do condutor";"Colisão lateral mesmo sentido";"Com Vítimas Feridas";"Pleno dia";"Decrescente";"Sol";"Simples";"Reta";"Sim";3;0;1;0;1;1;1;3;-16,8156;-49,2402;"SPRF-GO";"DEL01-GO";"UOP03-DEL01-GO"
378149;2021-08-20;"sexta-feira";"07:45:00";"PR";376;594,5;"CURITIBA";"Ausência de reação do condutor";"Colisão traseira";"Com Vítimas Feridas";"Pleno dia";"Decrescente";"Sol";"Dupla";"Aclive;Reta";"Sim";5;0;0;1;1;3;1;5;-25,48479613;-49,34730331;"SPRF-PR";"DEL01-PR";"UOP01-DEL01-PR"
378152;2021-08-20;"sexta-feira";"07:55:00";"MG";40;749;"SANTOS DUMONT";"Velocidade Incompatível";"Tombamento";"Com Vítimas Feridas";"Pleno dia";"Crescente";"Céu Claro";"Simples";"Curva";"Não";2;0;0;1;1;0;1;2;-21,447874;-43,55738803;"SPRF-MG";"DEL05-MG";"UOP01-DEL05-MG"
378159;2021-08-20;"sexta-feira";"08:40:00";"BA";116;29,7;"ABARE";"Mal súbito do condutor";"Saída de leito carroçável";"Com Vítimas Feridas";"Pleno dia";"Crescente";"Céu Claro";"Simples";"Reta";"Não";3;0;0;1;0;2;1;3;-8,87573409;-39,2503272;"SPRF-PE";"DEL05-PE";"UOP01-DEL05-PE"
378163;2021-08-20;"sexta-feira";"08:35:00";"MS";163;179;"JUTI";"Condutor deixou de manter distância do veículo da frente";"Colisão traseira";"Com Vítimas Feridas";"Pleno dia";"Crescente";"Céu Claro";"Simples";"Aclive";"Não";5;0;3;0;1;1;3;3;-22,83983611;-54,67208409;"SPRF-MS";"DEL09-MS";"UOP01-DEL09-MS"
378173;2021-08-20;"sexta-feira";"06:00:00";"MG";40;204,3;"JOAO PINHEIRO";"Condutor Dormindo";"Tombamento";"Com Vítimas Feridas";"Pleno dia";"Crescente";"Céu Claro";"Simples";"Aclive;Reta";"Não";2;0;1;0;0;2;1;3;-17,99104545;-45,78253011;"SPRF-MG";"DEL14-MG";"UOP02-DEL14-MG"
378180;2021-08-14;"sábado";"12:10:00";"MT";163;744,3;"SORRISO";"Reação tardia ou ineficiente do condutor";"Colisão lateral sentido oposto";"Com Vítimas Feridas";"Pleno dia";"Crescente";"Céu Claro";"Simples";"Aclive;Reta";"Não";4;0;1;0;2;3;1;5;-12,71577635;-55,82368745;"SPRF-MT";"DEL06-MT";"UOP01-DEL06-MT"
378184;2021-08-20;"sexta-feira";"11:25:00";"SC";101;359,8;"SANGAO";"Reação tardia ou ineficiente do condutor";"Colisão com objeto";"Com Vítimas Feridas";"Pleno dia";"Decrescente";"Céu Claro";"Dupla";"Reta";"Não";4;0;2;0;1;1;2;3;-28,664227;-49,111359;"SPRF-SC";"DEL02-SC";"UOP01-DEL02-SC"
378185;2021-08-20;"sexta-feira";"12:00:00";"MG";381;498;"BETIM";"Manobra de mudança de faixa";"Colisão traseira";"Com Vítimas Feridas";"Pleno dia";"Decrescente";"Céu Claro";"Dupla";"Reta";"Sim";3;0;1;0;2;0;1;3;-20,01172662;-44,21976041;"SPRF-MG";"DEL01-MG";"UOP03-DEL01-MG"
378186;2021-04-08;"quinta-feira";"20:50:00";"BA";242;270;"RUY BARBOSA";"Pista Escorregadia";"Saída de leito carroçável";"Com Vítimas Feridas";"Plena Noite";"Crescente";"Chuva";"Simples";"Reta";"Não";2;0;1;0;0;1;1;2;-12,45273544;-40,62948897;"SPRF-BA";"DEL06-BA";"UOP02-DEL06-BA"
378192;2021-08-20;"sexta-feira";"11:20:00";"RJ";116;175;"NOVA IGUACU";"Condutor deixou de manter distância do veículo da frente";"Engavetamento";"Sem Vítimas";"Pleno dia";"Crescente";"Céu Claro";"Múltipla";"Reta";"Sim";8;0;0;0;7;1;0;8;-22,76195571;-43,42214227;"SPRF-RJ";"DEL01-RJ";"UOP02-DEL01-RJ"
378194;2021-08-20;"sexta-feira";"11:30:00";"MT";163;704;"SORRISO";"Transitar na contramão";"Colisão lateral sentido oposto";"Com Vítimas Feridas";"Pleno dia";"Crescente";"Céu Claro";"Simples";"Reta";"Não";4;0;0;1;2;1;1;3;-13,053105;-55,910338;"SPRF-MT";"DEL06-MT";"UOP01-DEL06-MT"
378197;2021-08-20;"sexta-feira";"05:15:00";"RR";210;281;"CARACARAI";"Demais falhas mecânicas ou elétricas";"Saída de leito carroçável";"Sem Vítimas";"Amanhecer";"Crescente";"Céu Claro";"Simples";"Reta";"Não";2;0;0;0;1;2;0;3;1,3826283216;-60,6381187439;"SPRF-RR";"DEL01-RR";"UOP01-DEL01-RR"
378198;2021-07-27;"terça-feira";"06:10:00";"RO";364;517;"ARIQUEMES";"Desrespeitar a preferência no cruzamento";"Colisão transversal";"Com Vítimas Feridas";"Amanhecer";"Crescente";"Céu Claro";"Simples";"Rotatória";"Sim";3;0;0;1;1;2;1;4;-9,904535;-63,055857;"SPRF-RO";"DEL03-RO";"UOP01-DEL03-RO"
378199;2021-08-20;"sexta-feira";"08:15:00";"PA";163;987;"SANTAREM";"Manobra de mudança de faixa";"Colisão lateral mesmo sentido";"Sem Vítimas";"Pleno dia";"Decrescente";"Céu Claro";"Simples";"Reta";"Não";2;0;0;0;2;0;0;2;-2,583771;-54,720398;"SPRF-PA";"DEL05-PA";"UOP01-DEL05-PA"
378203;2021-08-20;"sexta-feira";"13:40:00";"MG";40;458,9;"SETE LAGOAS";"Reação tardia ou ineficiente do condutor";"Colisão traseira";"Com Vítimas Fatais";"Pleno dia";"Crescente";"Céu Claro";"Dupla";"Aclive;Curva";"Não";2;1;0;0;1;0;0;2;-19,380294;-44,33825395;"SPRF-MG";"DEL02-MG";"UOP01-DEL02-MG"
378206;2021-08-20;"sexta-feira";"11:50:00";"ES";101;144;"LINHARES";"Manobra de mudança de faixa";"Queda de ocupante de veículo";"Com Vítimas Feridas";"Pleno dia";"Decrescente";"Sol";"Dupla";"Reta";"Sim";2;0;1;0;1;0;1;2;-19,35188295;-40,0636685;"SPRF-ES";"DEL04-ES";"UOP01-DEL04-ES"
378210;2021-07-06;"terça-feira";"17:30:00";"PA";222;130;"RONDON DO PARA";"Velocidade Incompatível";"Tombamento";"Com Vítimas Feridas";"Pleno dia";"Decrescente";"Céu Claro";"Simples";"Curva";"Não";3;0;1;1;0;1;2;2;-4,879094;-48,261116;"SPRF-PA";"DEL02-PA";"UOP02-DEL02-PA"
378219;2021-08-20;"sexta-feira";"13:45:00";"DF";80;5,3;"BRASILIA";"Acessar a via sem observar a presença dos outros veículos";"Colisão transversal";"Com Vítimas Feridas";"Pleno dia";"Decrescente";"Céu Claro";"Simples";"Interseção de Vias";"Não";2;0;1;0;1;0;1;2;-15,72926816;-48,1241405;"SPRF-DF";"DEL03-DF";"UOP02-DEL03-DF"
378230;2021-08-20;"sexta-feira";"15:00:00";"MT";163;627,6;"NOVA MUTUM";"Ultrapassagem Indevida";"Colisão frontal";"Com Vítimas Fatais";"Pleno dia";"Decrescente";"Sol";"Simples";"Reta";"Não";2;1;0;0;1;0;0;2;-13,67377202;-56,03778485;"SPRF-MT";"DEL01-MT";"UOP01-DEL01-MT"
378234;2021-08-20;"sexta-feira";"15:40:00";"RS";158;246,1;"JULIO DE CASTILHOS";"Manobra de mudança de faixa";"Colisão frontal";"Com Vítimas Feridas";"Pleno dia";"Decrescente";"Garoa/Chuvisco";"Simples";"Reta";"Não";3;0;1;0;1;1;1;3;-29,08260007;-53,6498416;"SPRF-RS";"DEL10-RS";"UOP02-DEL10-RS"
378242;2021-08-20;"sexta-feira";"11:50:00";"SC";282;522,7;"XAXIM";"Condutor deixou de manter distância do veículo da frente";"Colisão traseira";"Com Vítimas Feridas";"Pleno dia";"Decrescente";"Céu Claro";"Simples";"Reta";"Sim";3;0;0;1;2;0;1;2;-26,956238;-52,542637;"SPRF-SC";"DEL07-SC";"UOP01-DEL07-SC"
378246;2021-08-20;"sexta-feira";"16:25:00";"SC";470;79,4;"RODEIO";"Transitar na contramão";"Colisão lateral sentido oposto";"Com Vítimas Feridas";"Pleno dia";"Decrescente";"Céu Claro";"Simples";"Reta";"Não";6;0;1;0;4;1;1;5;-26,951565;-49,306534;"SPRF-SC";"DEL04-SC";"UOP01-DEL04-SC"
378250;2021-08-20;"sexta-feira";"17:00:00";"SP";459;26,5;"LORENA";"Transitar na contramão";"Colisão lateral sentido oposto";"Com Vítimas Feridas";"Pleno dia";"Crescente";"Céu Claro";"Simples";"Reta";"Não";3;0;0;1;1;1;1;3;-22,693863;-45,122944;"SPRF-SP";"DEL08-SP";"UOP02-DEL08-SP"
378254;2021-08-20;"sexta-feira";"16:20:00";"BA";101;676;"ITAGIMIRIM";"Ultrapassagem Indevida";"Colisão lateral mesmo sentido";"Com Vítimas Feridas";"Pleno dia";"Crescente";"Chuva";"Simples";"Declive;Reta";"Não";4;0;1;0;1;2;1;4;-16,06165029;-39,61978912;"SPRF-BA";"DEL09-BA";"UOP01-DEL09-BA"
378257;2021-08-20;"sexta-feira";"14:20:00";"SC";282;560,1;"NOVA ITABERABA";"Acessar a via sem observar a presença dos outros veículos";"Colisão traseira";"Sem Vítimas";"Pleno dia";"Crescente";"Céu Claro";"Simples";"Reta";"Não";2;0;0;0;2;0;0;2;-26,927135;-52,856205;"SPRF-SC";"DEL07-SC";"UOP01-DEL07-SC"
378259;2021-08-20;"sexta-feira";"16:30:00";"PR";369;168;"ROLANDIA";"Velocidade Incompatível";"Colisão traseira";"Com Vítimas Feridas";"Pleno dia";"Decrescente";"Céu Claro";"Dupla";"Reta";"Sim";2;0;1;0;1;0;1;2;-23,3023741;-51,3390255;"SPRF-PR";"DEL07-PR";"UOP01-DEL07-PR"
378260;2021-08-20;"sexta-feira";"17:25:00";"ES";393;10,2;"CACHOEIRO DE ITAPEMIRIM";"Reação tardia ou ineficiente do condutor";"Colisão frontal";"Com Vítimas Feridas";"Anoitecer";"Crescente";"Céu Claro";"Simples";"Curva";"Não";3;0;2;0;1;0;2;2;-20,84255004;-41,24026997;"SPRF-ES";"DEL03-ES";"UOP02-DEL03-ES"
378278;2021-08-20;"sexta-feira";"18:20:00";"PE";101;76,8;"RECIFE";"Entrada inopinada do pedestre";"Atropelamento de Pedestre";"Com Vítimas Feridas";"Plena Noite";"Decrescente";"Nublado";"Dupla";"Reta";"Sim";3;0;0;1;1;1;1;3;-8,126775;-34,943827;"SPRF-PE";"DEL01-PE";"UOP01-DEL01-PE"
378284;2021-08-20;"sexta-feira";"17:50:00";"SP";116;219;"GUARULHOS";"Deficiência do Sistema de Iluminação/Sinalização";"Colisão traseira";"Com Vítimas Feridas";"Plena Noite";"Crescente";"Céu Claro";"Dupla";"Reta";"Sim";3;0;1;0;2;0;1;2;-23,46143954;-46,48885316;"SPRF-SP";"DEL01-SP";"UOP01-DEL01-SP"
378287;2021-08-20;"sexta-feira";"16:15:00";"SC";282;455,5;"PONTE SERRADA";"Velocidade Incompatível";"Colisão traseira";"Com Vítimas Feridas";"Pleno dia";"Crescente";"Céu Claro";"Simples";"Reta";"Não";4;0;2;0;1;1;2;3;-26,888617;-51,99427;"SPRF-SC";"DEL07-SC";"UOP04-DEL07-SC"
378288;2021-08-20;"sexta-feira";"17:30:00";"RR";174;500;"BOA VISTA";"Ausência de reação do condutor";"Colisão lateral mesmo sentido";"Sem Vítimas";"Anoitecer";"Crescente";"Nublado";"Dupla";"Reta";"Sim";3;0;0;0;2;1;0;3;2,776633;-60,708858;"SPRF-RR";"DEL01-RR";"UOP01-DEL01-RR"
378291;2021-08-20;"sexta-feira";"18:55:00";"SC";280;26,8;"ARAQUARI";"Ultrapassagem Indevida";"Colisão lateral mesmo sentido";"Com Vítimas Feridas";"Plena Noite";"Decrescente";"Nublado";"Simples";"Reta";"Não";3;0;1;0;2;0;1;3;-26,38972308;-48,73411593;"SPRF-SC";"DEL03-SC";"UOP03-DEL03-SC"
378292;2021-08-20;"sexta-feira";"18:40:00";"GO";414;376,4;"COCALZINHO DE GOIAS";"Transitar na contramão";"Colisão frontal";"Com Vítimas Fatais";"Plena Noite";"Crescente";"Céu Claro";"Simples";"Reta";"Não";3;1;1;0;0;1;1;3;-15,81681989;-48,78018572;"SPRF-GO";"DEL02-GO";"UOP01-DEL02-GO"
378301;2021-08-20;"sexta-feira";"18:45:00";"GO";40;24,2;"LUZIANIA";"Condutor deixou de manter distância do veículo da frente";"Colisão traseira";"Com Vítimas Feridas";"Anoitecer";"Crescente";"Céu Claro";"Dupla";"Reta";"Sim";2;0;1;0;0;1;1;2;-16,24823119;-47,90417975;"SPRF-DF";"DEL01-DF";"UOP01-DEL01-DF"
378302;2021-08-20;"sexta-feira";"20:10:00";"PE";407;124,4;"PETROLINA";"Carga excessiva e/ou mal acondicionada";"Tombamento";"Com Vítimas Feridas";"Plena Noite";"Decrescente";"Céu Claro";"Dupla";"Rotatória";"Sim";2;0;1;0;0;1;1;2;-9,36929881;-40,54137139;"SPRF-PE";"DEL06-PE";"UOP01-DEL06-PE"
378303;2021-08-20;"sexta-feira";"15:20:00";"PR";277;726,5;"FOZ DO IGUACU";"Velocidade Incompatível";"Saída de leito carroçável";"Sem Vítimas";"Pleno dia";"Crescente";"Céu Claro";"Dupla";"Interseção de Vias";"Sim";2;0;0;0;1;1;0;2;-25,51024059;-54,55952168;"SPRF-PR";"DEL05-PR";"UOP03-DEL05-PR"
378304;2021-08-20;"sexta-feira";"18:15:00";"MS";267;137;"NOVA ANDRADINA";"Problema com o freio";"Incêndio";"Sem Vítimas";"Plena Noite";"Decrescente";"Céu Claro";"Dupla";"Declive";"Não";2;0;0;0;1;2;0;3;-21,70110718;-53,3621401;"SPRF-MS";"DEL02-MS";"UOP03-DEL02-MS"
378306;2021-08-20;"sexta-feira";"19:00:00";"MG";40;638,4;"CONSELHEIRO LAFAIETE";"Pedestre cruzava a pista fora da faixa";"Atropelamento de Pedestre";"Com Vítimas Feridas";"Plena Noite";"Decrescente";"Céu Claro";"Simples";"Reta";"Não";3;0;1;0;1;1;1;3;-20,72342022;-43,80026653;"SPRF-MG";"DEL05-MG";"UOP02-DEL05-MG"
378308;2021-08-20;"sexta-feira";"18:35:00";"RS";290;227,7;"PANTANO GRANDE";"Ultrapassagem Indevida";"Colisão frontal";"Com Vítimas Feridas";"Plena Noite";"Decrescente";"Garoa/Chuvisco";"Simples";"Aclive";"Não";3;0;1;0;2;0;1;2;-30,206095;-52,489033;"SPRF-RS";"DEL02-RS";"UOP03-DEL02-RS"