"id";"data_inversa";"dia_semana";"horario";"uf";"br";"km";"municipio";"causa_acidente";"tipo_acidente";"classificacao_acidente";"fase_dia";"sentido_via";"condicao_metereologica";"tipo_pista";"tracado_via";"uso_solo";"pessoas";"mortos";"feridos_leves";"feridos_graves";"ilesos";"ignorados";"feridos";"veiculos";"latitude";"longitude";"regional";"delegacia";"uop"
378311;2021-08-20;"sexta-feira";"20:50:00";"MT";364;146;"PEDRA PRETA";"Ausência de reação do condutor";"Tombamento";"Com Vítimas Feridas";"Plena Noite";"Crescente";"Céu Claro";"Simples";"Declive;Reta";"Não";1;0;1;0;0;0;1;1;-16,800198;-54,166473;"SPRF-MT";"DEL02-MT";"UOP01-DEL02-MT"
378317;2021-08-20;"sexta-feira";"22:10:00";"PR";116;45;"CAMPINA GRANDE DO SUL";"Velocidade Incompatível";"Tombamento";"Com Vítimas Fatais";"Plena Noite";"Decrescente";"Nublado";"Dupla";"Curva";"Não";2;1;0;0;0;1;0;2;-25,19502698;-48,89003802;"SPRF-PR";"DEL01-PR";"UOP02-DEL01-PR"
378326;2021-08-20;"sexta-feira";"23:40:00";"RS";392;673,8;"SALVADOR DAS MISSOES";"Acessar a via sem observar a presença dos outros veículos";"Colisão transversal";"Com Vítimas Feridas";"Plena Noite";"Crescente";"Céu Claro";"Simples";"Reta;Declive";"Não";2;0;0;1;1;0;1;2;-28,11991825;-54,84626055;"SPRF-RS";"DEL10-RS";"UOP01-DEL10-RS"
378327;2021-08-21;"sábado";"00:20:00";"MG";381;671,4;"PERDOES";"Reação tardia ou ineficiente do condutor";"Colisão traseira";"Com Vítimas Feridas";"Plena Noite";"Decrescente";"Céu Claro";"Dupla";"Aclive";"Não";3;0;1;0;1;3;1;5;-21,08945416;-45,06864195;"SPRF-MG";"DEL04-MG";"UOP02-DEL04-MG"
378338;2021-08-20;"sexta-feira";"23:50:00";"PE";424;83;"GARANHUNS";"Reação tardia ou ineficiente do condutor";"Colisão frontal";"Com Vítimas Fatais";"Plena Noite";"Crescente";"Nevoeiro/Neblina";"Simples";"Declive";"Não";3;1;0;0;2;0;0;2;-8,84593423;-36,52457016;"SPRF-PE";"DEL03-PE";"UOP01-DEL03-PE"
378346;2021-08-21;"sábado";"02:50:00";"SC";280;196;"MAFRA";"Condutor Dormindo";"Colisão frontal";"Com Vítimas Fatais";"Plena Noite";"Crescente";"Céu Claro";"Simples";"Reta";"Não";3;1;0;0;1;1;0;3;-26,17463654;-50,03363399;"SPRF-SC";"DEL06-SC";"UOP01-DEL06-SC"
378351;2021-08-21;"sábado";"01:30:00";"MG";116;269,2;"TEOFILO OTONI";"Condutor Dormindo";"Colisão com objeto";"Com Vítimas Feridas";"Plena Noite";"Crescente";"Céu Claro";"Simples";"Curva;Declive";"Não";2;0;1;0;0;2;1;3;-17,796142;-41,501159;"SPRF-MG";"DEL11-MG";"UOP01-DEL11-MG"
378357;2021-08-21;"sábado";"00:30:00";"MG";267;262,6;"AIURUOCA";"Velocidade Incompatível";"Tombamento";"Com Vítimas Feridas";"Plena Noite";"Decrescente";"Céu Claro";"Simples";"Curva";"Não";1;0;1;0;0;0;1;1;-21,93725204;-44,5709875;"SPRF-MG";"DEL17-MG";"UOP01-DEL17-MG"
378358;2021-08-21;"sábado";"04:50:00";"PE";423;35,5;"CACHOEIRINHA";"Transitar na contramão";"Colisão frontal";"Com Vítimas Feridas";"Amanhecer";"Decrescente";"Nublado";"Simples";"Reta";"Não";4;0;3;0;1;0;3;2;-8,45893975;-36,21477956;"SPRF-PE";"DEL02-PE";"UOP03-DEL02-PE"
378360;2021-08-20;"sexta-feira";"10:30:00";"PI";316;298;"PICOS";"Carga excessiva e/ou mal acondicionada";"Tombamento";"Com Vítimas Feridas";"Pleno dia";"Crescente";"Céu Claro";"Simples";"Curva";"Não";2;0;1;0;0;1;1;2;-7,02661639;-41,55921936;"SPRF-PI";"DEL04-PI";"UOP01-DEL04-PI"
378364;2021-08-21;"sábado";"05:35:00";"SC";470;83,5;"RODEIO";"Ingestão de álcool pelo condutor";"Colisão lateral sentido oposto";"Sem Vítimas";"Plena Noite";"Decrescente";"Céu Claro";"Simples";"Reta";"Não";2;0;0;0;1;1;0;2;-26,96184389;-49,34049195;"SPRF-SC";"DEL04-SC";"UOP01-DEL04-SC"
378368;2021-08-21;"sábado";"05:20:00";"PR";277;112;"CAMPO LARGO";"Ausência de reação do condutor";"Colisão traseira";"Sem Vítimas";"Amanhecer";"Crescente";"Céu Claro";"Dupla";"Reta";"Não";3;0;0;0;1;2;0;3;-25,43257515;-49,36978297;"SPRF-PR";"DEL01-PR";"UOP03-DEL03-PR"
378369;2021-08-21;"sábado";"06:00:00";"MG";262;369;"JUATUBA";"Ingestão de álcool e/ou substâncias psicoativas pelo pedestre";"Colisão traseira";"Com Vítimas Feridas";"Pleno dia";"Crescente";"Céu Claro";"Dupla";"Reta";"Não";3;0;2;0;1;0;2;2;-19,970807;-44,289881;"SPRF-MG";"DEL01-MG";"UOP03-DEL01-MG"
378370;2021-08-21;"sábado";"05:30:00";"MG";40;587;"ITABIRITO";"Ausência de reação do condutor";"Colisão traseira";"Com Vítimas Feridas";"Amanhecer";"Decrescente";"Céu Claro";"Simples";"Reta";"Não";3;0;1;0;1;1;1;3;-20,34858326;-43,92200604;"SPRF-MG";"DEL01-MG";"UOP02-DEL01-MG"
378371;2021-08-21;"sábado";"04:15:00";"PA";10;29,4;"DOM ELISEU";"Condutor deixou de manter distância do veículo da frente";"Colisão traseira";"Com Vítimas Feridas";"Plena Noite";"Decrescente";"Céu Claro";"Simples";"Aclive";"Não";9;0;3;2;3;1;5;3;-4,198726;-47,545086;"SPRF-PA";"DEL02-PA";"UOP02-DEL02-PA"
378376;2021-08-21;"sábado";"05:20:00";"CE";116;45;"PACAJUS";"Acessar a via sem observar a presença dos outros veículos";"Colisão transversal";"Com Vítimas Feridas";"Pleno dia";"Decrescente";"Céu Claro";"Dupla";"Reta";"Sim";2;0;1;0;1;0;1;2;-4,1312959;-38,48313475;"SPRF-CE";"DEL01-CE";"UOP02-DEL01-CE"
378378;2021-08-21;"sábado";"06:30:00";"RS";470;230;"CARLOS BARBOSA";"Demais falhas mecânicas ou elétricas";"Incêndio";"Sem Vítimas";"Pleno dia";"Decrescente";"Nevoeiro/Neblina";"Dupla";"Curva;Interseção de Vias";"Sim";2;0;0;0;1;1;0;2;-29,28412075;-51,4915592;"SPRF-RS";"DEL06-RS";"UOP01-DEL06-RS"
378382;2021-08-21;"sábado";"06:50:00";"GO";40;3;"VALPARAISO DE GOIAS";"Acessar a via sem observar a presença dos outros veículos";"Colisão lateral mesmo sentido";"Com Vítimas Feridas";"Amanhecer";"Decrescente";"Sol";"Dupla";"Reta";"Sim";4;0;1;0;2;1;1;3;-16,07812037;-47,98582619;"SPRF-DF";"DEL01-DF";"UOP01-DEL01-DF"
378384;2021-08-21;"sábado";"07:45:00";"SP";116;45,9;"CANAS";"Pedestre andava na pista";"Atropelamento de Pedestre";"Com Vítimas Fatais";"Pleno dia";"Crescente";"Céu Claro";"Dupla";"Reta";"Sim";2;1;0;0;0;1;0;2;-22,70843505;-45,04559397;"SPRF-SP";"DEL08-SP";"UOP02-DEL08-SP"
378388;2021-08-21;"sábado";"08:20:00";"GO";153;397;"PIRENOPOLIS";"Velocidade Incompatível";"Colisão transversal";"Com Vítimas Feridas";"Pleno dia";"Decrescente";"Céu Claro";"Simples";"Reta";"Não";4;0;1;0;2;2;1;5;-16,014572;-49,117138;"SPRF-GO";"DEL02-GO";"UOP02-DEL02-GO"
378391;2021-08-21;"sábado";"07:40:00";"MG";40;740,2;"SANTOS DUMONT";"Velocidade Incompatível";"Colisão frontal";"Com Vítimas Feridas";"Pleno dia";"Decrescente";"Céu Claro";"Simples";"Curva";"Não";2;0;1;0;0;1;1;2;-21,39953901;-43,56507286;"SPRF-MG";"DEL05-MG";"UOP01-DEL05-MG"
378400;2021-08-21;"sábado";"04:45:00";"AL";316;212;"MARIBONDO";"Velocidade Incompatível";"Tombamento";"Com Vítimas Feridas";"Amanhecer";"Crescente";"Ignorado";"Simples";"Curva";"Não";1;0;1;0;0;0;1;1;-9,52940209;-36,23790652;"SPRF-AL";"DEL01-AL";"UOP01-DEL01-AL"
378404;2021-08-21;"sábado";"10:35:00";"CE";20;417,5;"MARACANAU";"Ultrapassagem Indevida";"Colisão lateral mesmo sentido";"Com Vítimas Fatais";"Pleno dia";"Crescente";"Céu Claro";"Dupla";"Declive;Reta";"Sim";4;1;0;0;1;2;0;4;-3,84025006;-38,59865254;"SPRF-CE";"DEL01-CE";"UOP02-DEL01-CE"
378407;2021-08-21;"sábado";"10:46:00";"SP";116;153,7;"SAO JOSE DOS CAMPOS";"Ultrapassagem Indevida";"Colisão lateral mesmo sentido";"Com Vítimas Feridas";"Pleno dia";"Crescente";"Sol";"Múltipla";"Reta";"Sim";6;0;4;0;1;1;4;3;-23,23262274;-45,91372624;"SPRF-SP";"DEL02-SP";"UOP01-DEL02-SP"
378408;2021-08-21;"sábado";"10:30:00";"ES";101;268,9;"SERRA";"Acessar a via sem observar a presença dos outros veículos";"Colisão traseira";"Com Vítimas Feridas";"Pleno dia";"Decrescente";"Céu Claro";"Dupla";"Reta";"Não";2;0;1;0;1;0;1;2;-20,20842;-40,269405;"SPRF-ES";"DEL02-ES";"UOP01-DEL02-ES"
378409;2021-08-21;"sábado";"10:10:00";"PR";116;91;"SAO JOSE DOS PINHAIS";"Carga excessiva e/ou mal acondicionada";"Colisão transversal";"Com Vítimas Feridas";"Pleno dia";"Crescente";"Céu Claro";"Dupla";"Reta";"Não";4;0;1;0;2;2;1;4;-25,46961587;-49,09184037;"SPRF-PR";"DEL01-PR";"UOP01-DEL01-PR"
378410;2021-08-21;"sábado";"10:25:00";"SC";280;54,9;"GUARAMIRIM";"Manobra de mudança de faixa";"Colisão traseira";"Com Vítimas Feridas";"Pleno dia";"Decrescente";"Céu Claro";"Dupla";"Reta";"Sim";3;0;1;0;2;0;1;2;-26,47539893;-48,983748;"SPRF-SC";"DEL03-SC";"UOP03-DEL03-SC"
378412;2021-08-21;"sábado";"10:30:00";"SP";153;189,8;"LINS";"Reação tardia ou ineficiente do condutor";"Colisão traseira";"Sem Vítimas";"Pleno dia";"Decrescente";"Céu Claro";"Simples";"Aclive";"Não";3;0;0;0;2;1;0;3;-21,73920917;-49,84997889;"SPRF-SP";"DEL07-SP";"UOP01-DEL07-SP"
378413;2021-08-21;"sábado";"10:40:00";"MG";381;358;"JOAO MONLEVADE";"Condutor deixou de manter distância do veículo da frente";"Colisão traseira";"Sem Vítimas";"Pleno dia";"Crescente";"Céu Claro";"Simples";"Rotatória";"Sim";2;0;0;0;2;0;0;2;-19,83800586;-43,18975752;"SPRF-MG";"DEL03-MG";"UOP01-DEL03-MG"
378419;2021-08-21;"sábado";"09:00:00";"RO";364;250,5;"CACOAL";"Manobra de mudança de faixa";"Colisão lateral mesmo sentido";"Com Vítimas Feridas";"Pleno dia";"Decrescente";"Sol";"Simples";"Reta;Declive";"Não";3;0;1;0;1;3;1;5;-11,437637;-61,565907;"SPRF-RO";"DEL02-RO";"UOP02-DEL02-RO"
378421;2021-08-21;"sábado";"08:25:00";"SC";158;107,8;"CUNHA PORA";"Conversão proibida";"Colisão frontal";"Com Vítimas Feridas";"Pleno dia";"Crescente";"Céu Claro";"Simples";"Reta";"Sim";4;0;1;0;3;0;1;2;-26,87748;-53,16833;"SPRF-SC";"DEL07-SC";"UOP02-DEL07-SC"
378430;2021-08-21;"sábado";"12:40:00";"SP";116;185,8;"SANTA ISABEL";"Entrada inopinada do pedestre";"Atropelamento de Pedestre";"Com Vítimas Feridas";"Pleno dia";"Crescente";"Céu Claro";"Dupla";"Declive";"Não";5;0;0;1;2;2;1;4;-23,35176424;-46,18966001;"SPRF-SP";"DEL01-SP";"UOP01-DEL01-SP"
378431;2021-08-21;"sábado";"12:40:00";"SC";101;216,5;"PALHOCA";"Manobra de mudança de faixa";"Colisão lateral mesmo sentido";"Com Vítimas Feridas";"Pleno dia";"Crescente";"Sol";"Dupla";"Reta";"Sim";3;0;1;0;1;1;1;3;-27,65981409;-48,67747798;"SPRF-SC";"DEL01-SC";"UOP02-DEL01-SC"
378432;2021-08-21;"sábado";"10:50:00";"SP";381;10,5;"VARGEM";"Velocidade Incompatível";"Colisão frontal";"Com Vítimas Feridas";"Pleno dia";"Decrescente";"Céu Claro";"Simples";"Rotatória;Aclive";"Não";4;0;0;1;3;0;1;2;-22,92439;-46,448401;"SPRF-SP";"DEL03-SP";"UOP01-DEL03-SP"
378435;2021-08-20;"sexta-feira";"10:30:00";"PI";407;572;"PAULISTANA";"Reação tardia ou ineficiente do condutor";"Tombamento";"Com Vítimas Feridas";"Pleno dia";"Decrescente";"Céu Claro";"Simples";"Curva";"Não";6;0;4;0;0;2;4;3;-8,12726103;-41,15044003;"SPRF-PI";"DEL04-PI";"UOP01-DEL04-PI"
378437;2021-08-21;"sábado";"12:45:00";"MG";262;27,5;"REDUTO";"Transitar na contramão";"Colisão frontal";"Com Vítimas Fatais";"Pleno dia";"Crescente";"Céu Claro";"Simples";"Curva";"Não";3;1;0;0;1;1;0;3;-20,24057124;-41,966311;"SPRF-MG";"DEL06-MG";"UOP03-DEL06-MG"
378438;2021-08-21;"sábado";"11:20:00";"MT";70;285;"PRIMAVERA DO LESTE";"Ingestão de álcool pelo condutor";"Tombamento";"Sem Vítimas";"Pleno dia";"Decrescente";"Céu Claro";"Simples";"Reta";"Não";2;0;0;0;1;1;0;2;-15,57491699;-54,340294;"SPRF-MT";"DEL05-MT";"UOP01-DEL05-MT"
378439;2021-08-21;"sábado";"12:00:00";"MT";163;582,7;"NOVA MUTUM";"Ultrapassagem Indevida";"Colisão frontal";"Com Vítimas Fatais";"Pleno dia";"Decrescente";"Céu Claro";"Simples";"Reta";"Não";3;1;0;0;1;3;0;5;-14,06590909;-56,10266283;"SPRF-MT";"DEL01-MT";"UOP01-DEL01-MT"
378440;2021-08-21;"sábado";"11:55:00";"MG";381;677,7;"PERDOES";"Velocidade Incompatível";"Tombamento";"Com Vítimas Feridas";"Pleno dia";"Decrescente";"Céu Claro";"Dupla";"Rotatória;Curva";"Sim";2;0;1;0;1;0;1;1;-21,10722229;-45,09003639;"SPRF-MG";"DEL04-MG";"UOP02-DEL04-MG"
378452;2021-08-21;"sábado";"14:50:00";"SC";470;68,2;"INDAIAL";"Acesso irregular";"Tombamento";"Com Vítimas Feridas";"Pleno dia";"Decrescente";"Céu Claro";"Simples";"Em Obras";"Não";3;0;2;0;0;1;2;2;-26,877615;-49,239231;"SPRF-SC";"DEL04-SC";"UOP01-DEL04-SC"
378462;2021-08-21;"sábado";"15:30:00";"ES";101;152;"LINHARES";"Demais falhas mecânicas ou elétricas";"Incêndio";"Sem Vítimas";"Pleno dia";"Decrescente";"Céu Claro";"Simples";"Reta";"Não";2;0;0;0;1;2;0;3;-19,41899326;-40,07056389;"SPRF-ES";"DEL04-ES";"UOP01-DEL04-ES"
378464;2021-08-21;"sábado";"14:30:00";"PR";153;351,4;"REBOUCAS";"Velocidade Incompatível";"Tombamento";"Sem Vítimas";"Pleno dia";"Decrescente";"Sol";"Simples";"Curva";"Sim";1;0;0;0;1;0;0;1;-25,62480682;-50,70842005;"SPRF-PR";"DEL03-PR";"UOP03-DEL03-PR"
378465;2021-08-21;"sábado";"15:30:00";"PR";163;101,9;"CAPANEMA";"Ingestão de álcool pelo condutor";"Colisão traseira";"Com Vítimas Feridas";"Pleno dia";"Decrescente";"Céu Claro";"Simples";"Reta";"Não";3;0;1;1;1;0;2;2;-25,60549267;-53,77981327;"SPRF-PR";"DEL02-PR";"UOP02-DEL02-PR"
378477;2021-08-21;"sábado";"17:33:00";"CE";20;430,9;"EUSEBIO";"Mal súbito do condutor";"Colisão com objeto";"Sem Vítimas";"Anoitecer";"Crescente";"Céu Claro";"Dupla";"Reta";"Não";3;0;0;0;3;0;0;1;-3,872142;-38,484734;"SPRF-CE";"DEL01-CE";"UOP02-DEL01-CE"
378480;2021-08-21;"sábado";"16:25:00";"PR";376;520,8;"PONTA GROSSA";"Pedestre andava na pista";"Atropelamento de Pedestre";"Com Vítimas Feridas";"Pleno dia";"Crescente";"Sol";"Dupla";"Reta";"Não";3;0;0;1;1;1;1;3;-25,262;-49,976;"SPRF-PR";"DEL03-PR";"UOP01-DEL03-PR"
378482;2021-08-21;"sábado";"17:10:00";"MG";262;889,5;"CAMPO FLORIDO";"Velocidade Incompatível";"Saída de leito carroçável";"Com Vítimas Feridas";"Anoitecer";"Decrescente";"Céu Claro";"Simples";"Interseção de Vias;Curva";"Não";2;0;1;0;0;3;1;4;-19,739554;-48,675938;"SPRF-MG";"DEL13-MG";"UOP02-DEL13-MG"
378492;2021-08-21;"sábado";"18:00:00";"PR";116;119,5;"CURITIBA";"Frear bruscamente";"Colisão lateral mesmo sentido";"Com Vítimas Feridas";"Plena Noite";"Decrescente";"Céu Claro";"Dupla";"Aclive;Reta";"Não";3;0;1;0;1;1;1;3;-25,54456009;-49,30146002;"SPRF-PR";"DEL01-PR";"UOP03-DEL01-PR"
378495;2021-08-21;"sábado";"16:00:00";"BA";407;190;"PONTO NOVO";"Acesso irregular";"Queda de ocupante de veículo";"Com Vítimas Feridas";"Pleno dia";"Crescente";"Céu Claro";"Simples";"Reta";"Não";2;0;0;1;0;1;1;2;-11,01903997;-40,09949669;"SPRF-BA";"DEL04-BA";"UOP02-DEL04-BA"
378500;2021-07-23;"sexta-feira";"07:50:00";"RS";153;48,4;"ERECHIM";"Acessar a via sem observar a presença dos outros veículos";"Colisão transversal";"Com Vítimas Feridas";"Pleno dia";"Decrescente";"Sol";"Simples";"Reta";"Sim";4;0;2;0;1;1;2;3;-27,65118001;-52,257248;"SPRF-RS";"DEL08-RS";"UOP04-DEL08-RS"
378508;2021-08-21;"sábado";"19:10:00";"RS";386;288,9;"SAO JOSE DO HERVAL";"Transitar na contramão";"Colisão frontal";"Com Vítimas Feridas";"Plena Noite";"Decrescente";"Nevoeiro/Neblina";"Simples";"Curva";"Não";5;0;0;2;2;1;2;4;-29,090192;-52,253195;"SPRF-RS";"DEL04-RS";"UOP03-DEL04-RS"
378520;2021-08-21;"sábado";"20:30:00";"RS";386;38,5;"FREDERICO WESTPHALEN";"Ingestão de álcool pelo condutor";"Colisão transversal";"Sem Vítimas";"Plena Noite";"Decrescente";"Céu Claro";"Simples";"Reta";"Não";3;0;0;0;2;2;0;4;-27,391367;-53,400776;"SPRF-RS";"DEL08-RS";"UOP02-DEL08-RS"
378530;2021-08-21;"sábado";"21:30:00";"RJ";116;224,1;"PIRAI";"Ausência de reação do condutor";"Colisão com objeto";"Com Vítimas Feridas";"Plena Noite";"Crescente";"Céu Claro";"Dupla";"Curva";"Não";1;0;0;1;0;0;1;1;-22,6668341;-43,8411884;"SPRF-RJ";"DEL07-RJ";"UOP01-DEL07-RJ"
378539;2021-08-21;"sábado";"22:00:00";"GO";153;513,2;"APARECIDA DE GOIANIA";"Ausência de reação do condutor";"Colisão lateral mesmo sentido";"Com Vítimas Feridas";"Plena Noite";"Crescente";"Céu Claro";"Simples";"Reta";"Sim";3;0;0;1;1;2;1;4;-16,8244;-49,2421;"SPRF-GO";"DEL01-GO";"UOP03-DEL01-GO"
378543;2021-08-21;"sábado";"20:00:00";"RS";470;3;"BARRACAO";"Demais falhas mecânicas ou elétricas";"Tombamento";"Com Vítimas Feridas";"Plena Noite";"Decrescente";"Garoa/Chuvisco";"Dupla";"Curva";"Não";2;0;1;0;0;1;1;2;-27,61696795;-51,48360201;"SPRF-RS";"DEL08-RS";"UOP05-DEL08-RS"
378565;2021-08-22;"domingo";"00:10:00";"SC";101;136;"BALNEARIO CAMBORIU";"Ingestão de álcool pelo condutor";"Colisão lateral mesmo sentido";"Com Vítimas Feridas";"Plena Noite";"Crescente";"Céu Claro";"Dupla";"Reta";"Sim";2;0;1;0;1;0;1;2;-27,008113;-48,617245;"SPRF-SC";"DEL04-SC";"UOP03-DEL04-SC"
378567;2021-08-22;"domingo";"01:15:00";"PR";116;128,7;"FAZENDA RIO GRANDE";"Ingestão de álcool pelo condutor";"Colisão traseira";"Com Vítimas Feridas";"Plena Noite";"Decrescente";"Ignorado";"Dupla";"Reta";"Sim";3;0;1;0;1;1;1;3;-25,62150831;-49,31621728;"SPRF-PR";"DEL01-PR";"UOP03-DEL01-PR"
378581;2021-08-22;"domingo";"00:05:00";"SC";470;73,7;"INDAIAL";"Afundamento ou ondulação no pavimento";"Colisão frontal";"Com Vítimas Fatais";"Plena Noite";"Decrescente";"Nublado";"Simples";"Curva";"Não";3;1;0;0;1;1;0;3;-26,914745;-49,280188;"SPRF-SC";"DEL04-SC";"UOP01-DEL04-SC"
378582;2021-08-22;"domingo";"01:30:00";"MS";163;60,4;"ELDORADO";"Acessar a via sem observar a presença dos outros veículos";"Colisão transversal";"Com Vítimas Fatais";"Plena Noite";"Crescente";"Céu Claro";"Simples";"Reta";"Não";4;1;1;0;1;2;1;4;-23,62276004;-54,23430394;"SPRF-MS";"DEL09-MS";"UOP02-DEL09-MS"
378589;2021-08-22;"domingo";"03:20:00";"GO";153;511,6;"APARECIDA DE GOIANIA";"Ingestão de álcool pelo condutor";"Colisão traseira";"Sem Vítimas";"Plena Noite";"Crescente";"Céu Claro";"Dupla";"Reta";"Sim";3;0;0;0;2;1;0;3;-16,8067;-49,2394;"SPRF-GO";"DEL01-GO";"UOP03-DEL01-GO"
378590;2021-08-22;"domingo";"02:35:00";"PB";101;102;"ALHANDRA";"Condutor Dormindo";"Saída de leito carroçável";"Com Vítimas Feridas";"Plena Noite";"Crescente";"Garoa/Chuvisco";"Dupla";"Curva";"Não";2;0;1;0;0;1;1;2;-7,28265304;-34,9393864;"SPRF-PB";"DEL01-PB";"UOP02-DEL01-PB"
378600;2021-08-22;"domingo";"03:56:00";"MT";364;274,4;"JACIARA";"Condutor deixou de manter distância do veículo da frente";"Colisão traseira";"Com Vítimas Feridas";"Plena Noite";"Crescente";"Céu Claro";"Dupla";"Reta";"Sim";4;0;1;0;2;1;1;3;-15,95570165;-54,97510461;"SPRF-MT";"DEL02-MT";"UOP01-DEL02-MT"
378602;2021-08-22;"domingo";"04:00:00";"SP";116;197,7;"ARUJA";"Acessar a via sem observar a presença dos outros veículos";"Atropelamento de Pedestre";"Com Vítimas Fatais";"Plena Noite";"Decrescente";"Céu Claro";"Dupla";"Reta";"Não";3;1;0;0;0;2;0;3;-23,39721625;-46,29284287;"SPRF-SP";"DEL01-SP";"UOP01-DEL01-SP"
378611;2021-08-22;"domingo";"04:55:00";"RJ";101;63;"CAMPOS DOS GOYTACAZES";"Ingestão de álcool pelo condutor";"Colisão transversal";"Com Vítimas Feridas";"Amanhecer";"Decrescente";"Nevoeiro/Neblina";"Simples";"Reta";"Sim";4;0;2;0;2;0;2;2;-21,742022;-41,33021;"SPRF-RJ";"DEL08-RJ";"UOP01-DEL08-RJ"
378614;2021-08-22;"domingo";"05:40:00";"TO";153;244;"COLINAS DO TOCANTINS";"Ingestão de álcool pelo condutor";"Colisão lateral sentido oposto";"Com Vítimas Feridas";"Amanhecer";"Crescente";"Céu Claro";"Simples";"Reta";"Não";3;0;1;1;1;0;2;2;-8,02983501;-48,46574949;"SPRF-TO";"DEL02-TO";"UOP01-DEL02-TO"
378630;2021-08-22;"domingo";"05:30:00";"CE";116;268,6;"ALTO SANTO";"Condutor Dormindo";"Colisão frontal";"Com Vítimas Fatais";"Amanhecer";"Crescente";"Céu Claro";"Simples";"Reta;Declive";"Não";6;1;3;0;1;1;3;3;-5,61906088;-38,43120575;"SPRF-CE";"DEL05-CE";"UOP02-DEL05-CE"
378635;2021-08-03;"terça-feira";"20:30:00";"SC";153;92;"CONCORDIA";"Ausência de reação do condutor";"Colisão traseira";"Com Vítimas Feridas";"Plena Noite";"Decrescente";"Céu Claro";"Simples";"Em Obras;Reta";"Não";5;0;2;0;3;0;2;3;-27,18551687;-51,92718029;"SPRF-SC";"DEL07-SC";"UOP04-DEL07-SC"
378648;2021-08-22;"domingo";"11:00:00";"PR";376;665,5;"GUARATUBA";"Problema com o freio";"Colisão com objeto";"Com Vítimas Feridas";"Pleno dia";"Crescente";"Céu Claro";"Dupla";"Declive;Curva";"Não";1;0;0;1;0;0;1;1;-25,864119;-48,950326;"SPRF-PR";"DEL01-PR";"UOP04-DEL01-PR"
378653;2021-08-22;"domingo";"12:28:00";"PE";101;29;"IGARASSU";"Demais falhas mecânicas ou elétricas";"Incêndio";"Sem Vítimas";"Pleno dia";"Decrescente";"Céu Claro";"Dupla";"Aclive";"Não";1;0;0;0;1;0;0;1;-7,72939697;-34,94185854;"SPRF-PE";"DEL01-PE";"UOP02-DEL01-PE"
378660;2021-08-22;"domingo";"08:45:00";"SC";153;58,7;"IRANI";"Desrespeitar a preferência no cruzamento";"Colisão transversal";"Sem Vítimas";"Pleno dia";"Crescente";"Céu Claro";"Simples";"Interseção de Vias";"Não";6;0;0;0;5;1;0;3;-26,96956685;-51,85436033;"SPRF-SC";"DEL07-SC";"UOP04-DEL07-SC"
378667;2021-08-22;"domingo";"13:42:00";"SE";101;148;"ESTANCIA";"Velocidade Incompatível";"Tombamento";"Sem Vítimas";"Pleno dia";"Crescente";"Céu Claro";"Dupla";"Curva";"Sim";2;0;0;0;1;1;0;2;-11,23780053;-37,4302268;"SPRF-SE";"DEL02-SE";"UOP01-DEL02-SE"
378671;2021-08-22;"domingo";"13:15:00";"PE";232;210,9;"PESQUEIRA";"Entrada inopinada do pedestre";"Atropelamento de Pedestre";"Com Vítimas Fatais";"Pleno dia";"Crescente";"Chuva";"Simples";"Reta";"Sim";6;1;0;0;4;1;0;2;-8,36537624;-36,69766903;"SPRF-PE";"DEL03-PE";"UOP02-DEL03-PE"
378672;2021-08-22;"domingo";"13:43:00";"MT";364;333,2;"SANTO ANTONIO DO LEVERGER";"Reação tardia ou ineficiente do condutor";"Colisão traseira";"Com Vítimas Feridas";"Pleno dia";"Crescente";"Céu Claro";"Dupla";"Declive;Reta";"Não";3;0;0;1;1;2;1;4;-15,82967713;-55,43580087;"SPRF-MT";"DEL05-MT";"UOP02-DEL05-MT"
378676;2021-08-22;"domingo";"14:30:00";"MG";153;113,9;"PRATA";"Transitar na contramão";"Colisão lateral sentido oposto";"Com Vítimas Feridas";"Pleno dia";"Crescente";"Céu Claro";"Simples";"Declive";"Não";3;0;1;0;1;1;1;3;-19,34053794;-48,90019179;"SPRF-MG";"DEL15-MG";"UOP03-DEL15-MG"
378683;2021-08-22;"domingo";"16:00:00";"RN";226;330;"PATU";"Velocidade Incompatível";"Saída de leito carroçável";"Com Vítimas Feridas";"Pleno dia";"Decrescente";"Céu Claro";"Simples";"Reta";"Não";1;0;0;1;0;0;1;1;-6,08349368;-37,5724739;"SPRF-RN";"DEL04-RN";"UOP01-DEL04-RN"
378685;2021-08-22;"domingo";"16:20:00";"GO";60;112;"GOIANAPOLIS";"Manobra de mudança de faixa";"Colisão lateral mesmo sentido";"Com Vítimas Feridas";"Pleno dia";"Decrescente";"Céu Claro";"Dupla";"Aclive";"Sim";2;0;0;1;1;0;1;2;-16,4511;-49,0498;"SPRF-GO";"DEL01-GO";"UOP01-DEL01-GO"
378694;2021-08-22;"domingo";"16:20:00";"SP";116;347;"MIRACATU";"Problema com o freio";"Tombamento";"Com Vítimas Feridas";"Pleno dia";"Crescente";"Céu Claro";"Dupla";"Curva";"Não";2;0;1;1;0;0;2;1;-24,04699491;-47,19706111;"SPRF-SP";"DEL04-SP";"UOP02-DEL04-SP"
378713;2021-08-22;"domingo";"13:35:00";"MG";381;766,6;"CAMPANHA";"Demais falhas mecânicas ou elétricas";"Incêndio";"Sem Vítimas";"Pleno dia";"Decrescente";"Céu Claro";"Dupla";"Reta";"Não";2;0;0;0;2;0;0;1;-21,76294597;-45,41241603;"SPRF-MG";"DEL16-MG";"UOP02-DEL16-MG"