"id";"data_inversa";"dia_semana";"horario";"uf";"br";"km";"municipio";"causa_acidente";"tipo_acidente";"classificacao_acidente";"fase_dia";"sentido_via";"condicao_metereologica";"tipo_pista";"tracado_via";"uso_solo";"pessoas";"mortos";"feridos_leves";"feridos_graves";"ilesos";"ignorados";"feridos";"veiculos";"latitude";"longitude";"regional";"delegacia";"uop"
379059;2021-08-24;"terça-feira";"12:30:00";"RJ";101;321;"NITEROI";"Reação tardia ou ineficiente do condutor";"Colisão traseira";"Sem Vítimas";"Pleno dia";"Crescente";"Céu Claro";"Dupla";"Curva";"Sim";6;0;0;0;6;0;0;2;-22,86981096;-43,11046465;"SPRF-RJ";"DEL02-RJ";"UOP02-DEL02-RJ"
379068;2021-08-24;"terça-feira";"13:30:00";"RS";285;293,1;"PASSO FUNDO";"Condutor deixou de manter distância do veículo da frente";"Colisão lateral mesmo sentido";"Sem Vítimas";"Pleno dia";"Decrescente";"Chuva";"Dupla";"Interseção de Vias";"Sim";3;0;0;0;2;1;0;3;-28,236645;-52,375156;"SPRF-RS";"DEL08-RS";"UOP03-DEL08-RS"
379071;2021-08-24;"terça-feira";"13:52:00";"PR";277;582,5;"CASCAVEL";"Condutor deixou de manter distância do veículo da frente";"Colisão traseira";"Com Vítimas Feridas";"Pleno dia";"Decrescente";"Sol";"Dupla";"Reta";"Sim";2;0;1;0;1;0;1;2;-24,97675228;-53,38623215;"SPRF-PR";"DEL04-PR";"UOP01-DEL04-PR"
379072;2021-08-24;"terça-feira";"10:30:00";"CE";116;71;"CHOROZINHO";"Condutor deixou de manter distância do veículo da frente";"Tombamento";"Sem Vítimas";"Pleno dia";"Decrescente";"Céu Claro";"Simples";"Reta";"Sim";2;0;0;0;1;1;0;2;-4,334402;-38,479694;"SPRF-CE";"DEL03-CE";"UOP02-DEL03-CE"
379074;2021-08-24;"terça-feira";"13:30:00";"MS";163;837,9;"SONORA";"Ausência de reação do condutor";"Colisão lateral sentido oposto";"Com Vítimas Feridas";"Pleno dia";"Decrescente";"Céu Claro";"Simples";"Reta";"Não";4;0;1;1;1;2;2;4;-17,60027601;-54,74632566;"SPRF-MS";"DEL06-MS";"UOP01-DEL06-MS"
379076;2021-08-24;"terça-feira";"14:07:00";"SC";101;192,8;"BIGUACU";"Ausência de reação do condutor";"Colisão lateral mesmo sentido";"Com Vítimas Feridas";"Pleno dia";"Decrescente";"Nublado";"Dupla";"Curva";"Sim";5;0;2;0;2;1;2;3;-27,48443781;-48,64765238;"SPRF-SC";"DEL01-SC";"UOP01-DEL01-SC"
379077;2021-06-03;"quinta-feira";"22:50:00";"MG";40;737,5;"SANTOS DUMONT";"Velocidade Incompatível";"Tombamento";"Com Vítimas Feridas";"Plena Noite";"Crescente";"Céu Claro";"Simples";"Curva";"Sim";7;0;0;1;0;6;1;3;-21,38296999;-43,57033542;"SPRF-MG";"DEL05-MG";"UOP01-DEL05-MG"
379088;2021-08-24;"terça-feira";"14:40:00";"PR";376;667,7;"GUARATUBA";"Demais falhas mecânicas ou elétricas";"Incêndio";"Sem Vítimas";"Pleno dia";"Decrescente";"Céu Claro";"Dupla";"Aclive;Reta";"Não";2;0;0;0;1;3;0;4;-25,86649659;-48,94666822;"SPRF-PR";"DEL01-PR";"UOP04-DEL01-PR"
379094;2021-08-24;"terça-feira";"10:15:00";"SC";282;420,8;"VARGEM BONITA";"Ultrapassagem Indevida";"Colisão frontal";"Com Vítimas Fatais";"Pleno dia";"Crescente";"Nublado";"Simples";"Curva";"Não";3;2;0;0;1;0;0;2;-27,01585065;-51,73611229;"SPRF-SC";"DEL07-SC";"UOP05-DEL07-SC"
379095;2021-08-24;"terça-feira";"14:20:00";"RJ";101;62;"CAMPOS DOS GOYTACAZES";"Transitar no acostamento";"Atropelamento de Pedestre";"Sem Vítimas";"Pleno dia";"Decrescente";"Céu Claro";"Simples";"Reta";"Sim";1;0;0;0;0;1;0;1;-21,73473386;-41,32504025;"SPRF-RJ";"DEL08-RJ";"UOP01-DEL08-RJ"
379096;2021-08-24;"terça-feira";"15:15:00";"PR";373;409;"CANDOI";"Transitar na contramão";"Colisão frontal";"Com Vítimas Fatais";"Pleno dia";"Decrescente";"Nublado";"Simples";"Reta";"Não";4;1;0;0;1;3;0;5;-25,62774871;-52,08891208;"SPRF-PR";"DEL08-PR";"UOP01-DEL08-PR"
379097;2021-08-24;"terça-feira";"14:00:00";"MT";70;267;"PRIMAVERA DO LESTE";"Acostamento em desnível";"Capotamento";"Com Vítimas Feridas";"Pleno dia";"Decrescente";"Céu Claro";"Simples";"Reta";"Não";1;0;1;0;0;0;1;1;-15,53072662;-54,2158556;"SPRF-MT";"DEL05-MT";"UOP01-DEL05-MT"
379107;2021-08-23;"segunda-feira";"05:00:00";"PI";20;343;"SANTO ANTONIO DE LISBOA";"Carga excessiva e/ou mal acondicionada";"Tombamento";"Com Vítimas Feridas";"Amanhecer";"Decrescente";"Céu Claro";"Simples";"Reta";"Não";2;0;1;0;1;0;1;1;-6,94678619;-41,16213979;"SPRF-PI";"DEL04-PI";"UOP01-DEL04-PI"
379110;2021-08-24;"terça-feira";"16:50:00";"RJ";40;111;"DUQUE DE CAXIAS";"Trafegar com motocicleta (ou similar) entre as faixas";"Colisão lateral mesmo sentido";"Com Vítimas Feridas";"Pleno dia";"Decrescente";"Céu Claro";"Dupla";"Reta";"Não";2;0;1;0;1;0;1;2;-22,691868;-43,287453;"SPRF-RJ";"DEL01-RJ";"UOP01-DEL01-RJ"
379118;2021-08-24;"terça-feira";"15:36:00";"MT";364;350;"SANTO ANTONIO DO LEVERGER";"Velocidade Incompatível";"Saída de leito carroçável";"Com Vítimas Feridas";"Pleno dia";"Crescente";"Céu Claro";"Dupla";"Curva";"Não";2;0;1;0;0;1;1;2;-15,80518241;-55,55686807;"SPRF-MT";"DEL05-MT";"UOP02-DEL05-MT"
379123;2021-08-24;"terça-feira";"16:10:00";"DF";70;10;"BRASILIA";"Reação tardia ou ineficiente do condutor";"Colisão lateral mesmo sentido";"Sem Vítimas";"Pleno dia";"Crescente";"Sol";"Dupla";"Reta";"Sim";2;0;0;0;1;1;0;2;-15,787066;-48,140709;"SPRF-DF";"DEL03-DF";"UOP02-DEL03-DF"
379126;2021-08-24;"terça-feira";"19:05:00";"TO";153;142;"ARAGUAINA";"Condutor deixou de manter distância do veículo da frente";"Colisão traseira";"Com Vítimas Feridas";"Anoitecer";"Decrescente";"Céu Claro";"Dupla";"Aclive";"Sim";3;0;0;1;1;1;1;3;-7,18228805;-48,22580095;"SPRF-TO";"DEL02-TO";"UOP01-DEL02-TO"
379145;2021-08-24;"terça-feira";"21:00:00";"MG";262;366,5;"JUATUBA";"Velocidade Incompatível";"Colisão traseira";"Com Vítimas Feridas";"Plena Noite";"Decrescente";"Céu Claro";"Dupla";"Reta";"Não";3;0;0;1;2;0;1;2;-19,974217;-44,261798;"SPRF-MG";"DEL01-MG";"UOP03-DEL01-MG"
379146;2021-08-24;"terça-feira";"19:50:00";"SP";116;34,7;"CACHOEIRA PAULISTA";"Reação tardia ou ineficiente do condutor";"Colisão traseira";"Com Vítimas Feridas";"Plena Noite";"Crescente";"Céu Claro";"Dupla";"Declive;Curva";"Não";10;0;6;1;2;1;7;3;-22,65447396;-44,95940103;"SPRF-SP";"DEL08-SP";"UOP02-DEL08-SP"
379153;2021-08-24;"terça-feira";"19:30:00";"BA";116;208;"EUCLIDES DA CUNHA";"Manobra de mudança de faixa";"Colisão lateral sentido oposto";"Com Vítimas Feridas";"Plena Noite";"Decrescente";"Céu Claro";"Simples";"Curva";"Não";4;0;3;0;0;3;3;5;-10,48574586;-39,01761064;"SPRF-BA";"DEL07-BA";"UOP02-DEL07-BA"
379154;2021-08-24;"terça-feira";"21:15:00";"MT";163;678;"LUCAS DO RIO VERDE";"Ingestão de álcool pelo condutor";"Tombamento";"Sem Vítimas";"Plena Noite";"Decrescente";"Ignorado";"Simples";"Reta";"Não";2;0;0;0;1;1;0;2;-13,25744216;-56,01897863;"SPRF-MT";"DEL06-MT";"UOP01-DEL06-MT"
379158;2021-08-24;"terça-feira";"18:00:00";"BA";242;278;"IBIQUERA";"Demais falhas na via";"Eventos atípicos";"Sem Vítimas";"Plena Noite";"Crescente";"Céu Claro";"Simples";"Reta";"Não";2;0;0;0;1;1;0;2;-12,44855591;-40,70097997;"SPRF-BA";"DEL06-BA";"UOP02-DEL06-BA"
379159;2021-08-24;"terça-feira";"22:40:00";"MG";262;759;"SACRAMENTO";"Ausência de reação do condutor";"Colisão lateral sentido oposto";"Com Vítimas Fatais";"Plena Noite";"Decrescente";"Nublado";"Simples";"Reta";"Não";3;1;0;0;1;2;0;4;-19,66389282;-47,59210804;"SPRF-MG";"DEL13-MG";"UOP01-DEL13-MG"
379169;2021-08-24;"terça-feira";"20:40:00";"BA";110;107;"ANTAS";"Condutor deixou de manter distância do veículo da frente";"Colisão traseira";"Com Vítimas Feridas";"Plena Noite";"Decrescente";"Céu Claro";"Simples";"Reta";"Não";4;0;1;0;1;2;1;4;-10,35342897;-38,33195622;"SPRF-BA";"DEL07-BA";"UOP01-DEL07-BA"
379172;2021-08-25;"quarta-feira";"01:00:00";"PR";277;166,8;"PORTO AMAZONAS";"Velocidade Incompatível";"Colisão lateral sentido oposto";"Com Vítimas Fatais";"Plena Noite";"Crescente";"Nublado";"Dupla";"Curva";"Não";3;1;0;0;1;2;0;4;-25,47289;-49,895964;"SPRF-PR";"DEL01-PR";"UOP03-DEL03-PR"
379175;2021-08-24;"terça-feira";"22:30:00";"MT";364;349;"SANTO ANTONIO DO LEVERGER";"Problema com o freio";"Incêndio";"Sem Vítimas";"Plena Noite";"Crescente";"Céu Claro";"Dupla";"Curva";"Não";2;0;0;0;1;1;0;2;-15,79398797;-55,58264494;"SPRF-MT";"DEL05-MT";"UOP02-DEL05-MT"
379179;2021-08-25;"quarta-feira";"05:15:00";"PR";277;306;"PRUDENTOPOLIS";"Problema com o freio";"Tombamento";"Sem Vítimas";"Amanhecer";"Decrescente";"Céu Claro";"Simples";"Curva";"Não";1;0;0;0;1;0;0;1;-25,29937603;-51,14537699;"SPRF-PR";"DEL08-PR";"UOP01-DEL08-PR"
379180;2021-07-10;"sábado";"19:50:00";"BA";324;1,5;"FEIRA DE SANTANA";"Demais falhas mecânicas ou elétricas";"Colisão traseira";"Com Vítimas Feridas";"Plena Noite";"Crescente";"Céu Claro";"Dupla";"Reta";"Sim";2;0;0;1;1;0;1;2;-12,28032692;-38,94300342;"SPRF-BA";"DEL02-BA";"UOP01-DEL02-BA"
379183;2021-08-25;"quarta-feira";"06:00:00";"MG";40;523;"CONTAGEM";"Ausência de reação do condutor";"Colisão traseira";"Com Vítimas Feridas";"Pleno dia";"Crescente";"Céu Claro";"Dupla";"Reta";"Sim";2;0;1;0;1;0;1;2;-19,86874894;-44,05962197;"SPRF-MG";"DEL01-MG";"UOP02-DEL01-MG"
379188;2021-06-28;"segunda-feira";"10:50:00";"PR";277;576;"CASCAVEL";"Velocidade Incompatível";"Engavetamento";"Com Vítimas Feridas";"Pleno dia";"Crescente";"Nevoeiro/Neblina";"Simples";"Reta";"Não";9;0;2;0;6;4;2;9;-24,98692731;-53,33030208;"SPRF-PR";"DEL04-PR";"UOP01-DEL04-PR"
379198;2021-08-25;"quarta-feira";"07:40:00";"PR";116;112,9;"CURITIBA";"Manobra de mudança de faixa";"Colisão lateral mesmo sentido";"Com Vítimas Feridas";"Pleno dia";"Crescente";"Céu Claro";"Dupla";"Reta";"Não";3;0;1;0;1;1;1;3;-25,56730763;-49,23706792;"SPRF-PR";"DEL01-PR";"UOP01-DEL01-PR"
379199;2021-07-28;"quarta-feira";"08:10:00";"PR";153;124,5;"IBAITI";"Ausência de reação do condutor";"Saída de leito carroçável";"Com Vítimas Feridas";"Pleno dia";"Crescente";"Céu Claro";"Simples";"Curva";"Não";2;0;1;0;0;1;1;2;-23,95615418;-50,23736625;"SPRF-PR";"DEL07-PR";"UOP04-DEL07-PR"
379203;2021-08-25;"quarta-feira";"06:35:00";"MS";163;478;"CAMPO GRANDE";"Manobra de mudança de faixa";"Colisão traseira";"Com Vítimas Feridas";"Pleno dia";"Crescente";"Céu Claro";"Simples";"Reta";"Sim";3;0;1;0;1;1;1;3;-20,49629699;-54,55916871;"SPRF-MS";"DEL01-MS";"UOP01-DEL01-MS"
379207;2021-08-25;"quarta-feira";"05:30:00";"MG";262;136,5;"RIO CASCA";"Condutor Dormindo";"Colisão lateral sentido oposto";"Com Vítimas Feridas";"Amanhecer";"Crescente";"Céu Claro";"Simples";"Curva";"Não";4;0;0;1;3;0;1;2;-20,1044888;-42,6979689;"SPRF-MG";"DEL03-MG";"UOP03-DEL03-MG"
379210;2021-08-13;"sexta-feira";"16:30:00";"MA";316;587;"CAXIAS";"Ultrapassagem Indevida";"Saída de leito carroçável";"Com Vítimas Feridas";"Pleno dia";"Decrescente";"Céu Claro";"Simples";"Declive";"Não";4;0;1;0;0;3;1;3;-4,988132;-43,06432;"SPRF-MA";"DEL03-MA";"UOP02-DEL03-MA"
379211;2021-02-21;"domingo";"14:45:00";"GO";153;201;"URUACU";"Manobra de mudança de faixa";"Colisão transversal";"Com Vítimas Feridas";"Pleno dia";"Decrescente";"Chuva";"Simples";"Interseção de Vias";"Sim";3;0;2;0;0;1;2;3;-14,519629;-49,154972;"SPRF-GO";"DEL07-GO";"UOP02-DEL07-GO"
379213;2021-08-25;"quarta-feira";"08:50:00";"MG";50;54;"ARAGUARI";"Reação tardia ou ineficiente do condutor";"Colisão traseira";"Sem Vítimas";"Pleno dia";"Crescente";"Sol";"Dupla";"Declive";"Não";3;0;0;0;2;1;0;3;-18,76664393;-48,24409132;"SPRF-MG";"DEL15-MG";"UOP02-DEL15-MG"
379215;2021-08-14;"sábado";"14:50:00";"PB";361;0;"PATOS";"Conversão proibida";"Colisão lateral sentido oposto";"Com Vítimas Feridas";"Pleno dia";"Crescente";"Céu Claro";"Simples";"Reta";"Sim";2;0;0;1;1;0;1;2;-7,0185995;-37,26078;"SPRF-PB";"DEL03-PB";"UOP01-DEL03-PB"
379218;2021-08-25;"quarta-feira";"09:20:00";"TO";153;146,8;"ARAGUAINA";"Ultrapassagem Indevida";"Tombamento";"Com Vítimas Fatais";"Pleno dia";"Crescente";"Sol";"Dupla";"Rotatória";"Sim";5;1;0;0;1;3;0;4;-7,220965;-48,248017;"SPRF-TO";"DEL02-TO";"UOP01-DEL02-TO"
379222;2021-08-25;"quarta-feira";"07:00:00";"PR";376;451;"TIBAGI";"Velocidade Incompatível";"Saída de leito carroçável";"Com Vítimas Fatais";"Pleno dia";"Crescente";"Céu Claro";"Dupla";"Curva";"Não";2;1;0;0;0;1;0;2;-24,94239016;-50,40224704;"SPRF-PR";"DEL03-PR";"UOP02-DEL03-PR"
379225;2021-07-28;"quarta-feira";"09:35:00";"MG";40;612,6;"CONGONHAS";"Manobra de mudança de faixa";"Colisão lateral mesmo sentido";"Com Vítimas Feridas";"Pleno dia";"Decrescente";"Sol";"Simples";"Reta";"Sim";7;0;3;0;2;3;3;5;-20,52355836;-43,82886356;"SPRF-MG";"DEL05-MG";"UOP02-DEL05-MG"
379227;2021-08-25;"quarta-feira";"08:00:00";"MT";364;536;"ROSARIO OESTE";"Demais falhas mecânicas ou elétricas";"Incêndio";"Sem Vítimas";"Pleno dia";"Crescente";"Céu Claro";"Simples";"Reta";"Não";2;0;0;0;1;2;0;3;-14,9535771938;-56,5074546367;"SPRF-MT";"DEL01-MT";"UOP01-DEL01-MT"
379230;2021-08-25;"quarta-feira";"08:30:00";"RJ";116;133;"MAGE";"Ingestão de álcool pelo condutor";"Colisão lateral mesmo sentido";"Com Vítimas Feridas";"Pleno dia";"Decrescente";"Céu Claro";"Dupla";"Reta";"Sim";2;0;1;0;1;0;1;2;-22,65418284;-43,14382995;"SPRF-RJ";"DEL04-RJ";"UOP02-DEL04-RJ"
379233;2021-08-25;"quarta-feira";"06:40:00";"MT";158;570;"AGUA BOA";"Ausência de reação do condutor";"Colisão lateral sentido oposto";"Com Vítimas Feridas";"Pleno dia";"Crescente";"Ignorado";"Simples";"Reta";"Sim";2;0;1;0;0;2;1;3;-14,07336599;-52,15323316;"SPRF-MT";"DEL07-MT";"UOP02-DEL07-MT"
379236;2021-05-30;"domingo";"11:00:00";"MT";70;195,9;"GENERAL CARNEIRO";"Reação tardia ou ineficiente do condutor";"Saída de leito carroçável";"Com Vítimas Fatais";"Pleno dia";"Decrescente";"Céu Claro";"Simples";"Reta";"Não";3;1;0;1;0;1;1;2;-15,72052819;-53,70372904;"SPRF-MT";"DEL05-MT";"UOP01-DEL05-MT"
379237;2021-08-20;"sexta-feira";"10:00:00";"MS";163;213;"CAARAPO";"Ausência de reação do condutor";"Colisão traseira";"Sem Vítimas";"Pleno dia";"Decrescente";"Sol";"Simples";"Aclive";"Não";2;0;0;0;1;1;0;2;-22,59500903;-54,81726725;"SPRF-MS";"DEL04-MS";"UOP02-DEL04-MS"
379239;2021-08-25;"quarta-feira";"08:50:00";"AL";101;28,9;"JOAQUIM GOMES";"Curva acentuada";"Saída de leito carroçável";"Com Vítimas Feridas";"Pleno dia";"Crescente";"Nublado";"Simples";"Curva";"Não";3;0;1;0;1;1;1;2;-9,06864496;-35,74109702;"SPRF-AL";"DEL01-AL";"UOP02-DEL01-AL"
379253;2021-08-25;"quarta-feira";"13:50:00";"PR";376;435;"TIBAGI";"Manobra de mudança de faixa";"Colisão lateral mesmo sentido";"Com Vítimas Feridas";"Pleno dia";"Crescente";"Céu Claro";"Dupla";"Reta";"Não";3;0;1;0;2;0;1;2;-24,82838892;-50,47874774;"SPRF-PR";"DEL03-PR";"UOP02-DEL03-PR"
379260;2021-08-25;"quarta-feira";"12:00:00";"RN";304;42,7;"MOSSORO";"Demais falhas mecânicas ou elétricas";"Colisão frontal";"Sem Vítimas";"Pleno dia";"Crescente";"Céu Claro";"Dupla";"Reta";"Não";1;0;0;0;1;0;0;1;-5,21278093;-37,37221494;"SPRF-RN";"DEL04-RN";"UOP01-DEL04-RN"
379261;2021-08-25;"quarta-feira";"14:00:00";"MG";50;18,5;"ARAGUARI";"Ausência de reação do condutor";"Saída de leito carroçável";"Com Vítimas Feridas";"Pleno dia";"Crescente";"Céu Claro";"Dupla";"Declive;Reta";"Não";2;0;1;0;0;1;1;2;-18,56994301;-48,06189574;"SPRF-MG";"DEL15-MG";"UOP02-DEL15-MG"
379262;2021-08-24;"terça-feira";"03:00:00";"PE";316;14,7;"ARARIPINA";"Condutor deixou de manter distância do veículo da frente";"Colisão traseira";"Com Vítimas Feridas";"Plena Noite";"Decrescente";"Ignorado";"Simples";"Reta";"Sim";2;0;0;1;1;0;1;2;-7,517979;-40,567833;"SPRF-PE";"DEL05-PE";"UOP02-DEL05-PE"
379263;2021-08-25;"quarta-feira";"09:30:00";"MG";267;238,3;"SERITINGA";"Velocidade Incompatível";"Saída de leito carroçável";"Com Vítimas Feridas";"Pleno dia";"Decrescente";"Sol";"Simples";"Curva";"Não";2;0;1;0;0;1;1;2;-21,92856091;-44,38769398;"SPRF-MG";"DEL17-MG";"UOP01-DEL17-MG"
379264;2021-08-25;"quarta-feira";"12:50:00";"PR";376;531;"PALMEIRA";"Fumaça";"Colisão traseira";"Com Vítimas Feridas";"Pleno dia";"Crescente";"Céu Claro";"Dupla";"Reta";"Não";4;0;1;0;2;1;1;4;-25,304607;-49,889254;"SPRF-PR";"DEL01-PR";"UOP03-DEL03-PR"
379265;2021-08-24;"terça-feira";"03:00:00";"MG";116;23,8;"CACHOEIRA DE PAJEU";"Velocidade Incompatível";"Tombamento";"Com Vítimas Feridas";"Plena Noite";"Crescente";"Céu Claro";"Simples";"Curva";"Sim";1;0;1;0;0;0;1;1;-15,85763677;-41,41930126;"SPRF-BA";"DEL08-BA";"UOP03-DEL08-BA"
379271;2021-08-25;"quarta-feira";"14:30:00";"TO";226;55,1;"DARCINOPOLIS";"Acostamento em desnível";"Saída de leito carroçável";"Com Vítimas Feridas";"Pleno dia";"Crescente";"Céu Claro";"Simples";"Reta";"Não";3;0;1;1;0;1;2;2;-6,823508;-47,829071;"SPRF-TO";"DEL02-TO";"UOP03-DEL02-TO"
379273;2021-08-25;"quarta-feira";"14:52:00";"PR";277;658,3;"MATELANDIA";"Acessar a via sem observar a presença dos outros veículos";"Colisão traseira";"Com Vítimas Feridas";"Pleno dia";"Crescente";"Nublado";"Dupla";"Declive;Curva";"Sim";4;0;2;0;2;0;2;2;-25,2426837;-53,97329107;"SPRF-PR";"DEL05-PR";"UOP02-DEL05-PR"
379290;2021-08-25;"quarta-feira";"17:00:00";"MG";354;753;"ITAMONTE";"Problema com o freio";"Tombamento";"Com Vítimas Feridas";"Pleno dia";"Decrescente";"Céu Claro";"Simples";"Curva";"Não";1;0;1;0;0;0;1;1;-22,30074263;-44,86208652;"SPRF-MG";"DEL17-MG";"UOP01-DEL17-MG"
379303;2021-08-25;"quarta-feira";"18:00:00";"RS";392;73,5;"PELOTAS";"Manobra de mudança de faixa";"Colisão frontal";"Com Vítimas Feridas";"Anoitecer";"Decrescente";"Chuva";"Simples";"Reta";"Não";5;0;2;2;0;5;4;7;-31,71342679;-52,39537975;"SPRF-RS";"DEL07-RS";"UOP01-DEL07-RS"
379305;2021-08-25;"quarta-feira";"18:30:00";"MG";381;350;"JOAO MONLEVADE";"Velocidade Incompatível";"Tombamento";"Com Vítimas Feridas";"Anoitecer";"Decrescente";"Céu Claro";"Simples";"Declive;Reta;Interseção de Vias";"Não";5;0;1;0;4;0;1;2;-19,84953832;-43,15779198;"SPRF-MG";"DEL03-MG";"UOP01-DEL03-MG"
379316;2021-08-25;"quarta-feira";"19:30:00";"MT";158;587,8;"AGUA BOA";"Condutor Dormindo";"Colisão traseira";"Com Vítimas Feridas";"Plena Noite";"Decrescente";"Céu Claro";"Simples";"Reta";"Não";3;0;1;0;1;2;1;4;-14,20963315;-52,18993928;"SPRF-MT";"DEL07-MT";"UOP02-DEL07-MT"
379327;2021-08-25;"quarta-feira";"15:50:00";"MS";158;43,9;"PARANAIBA";"Velocidade Incompatível";"Tombamento";"Sem Vítimas";"Pleno dia";"Crescente";"Céu Claro";"Simples";"Curva;Declive";"Não";2;0;0;0;1;3;0;4;-19,32130901;-51,43460524;"SPRF-MS";"DEL08-MS";"UOP01-DEL08-MS"
379334;2021-08-25;"quarta-feira";"20:00:00";"RS";285;532,2;"CAIBATE";"Ingestão de álcool pelo condutor";"Colisão lateral sentido oposto";"Com Vítimas Feridas";"Plena Noite";"Crescente";"Chuva";"Simples";"Curva";"Não";3;0;1;0;1;1;1;3;-28,40931466;-54,59017061;"SPRF-RS";"DEL10-RS";"UOP01-DEL10-RS"
379336;2021-08-25;"quarta-feira";"21:30:00";"RJ";0;0;"BARRA MANSA";"Pedestre andava na pista";"Atropelamento de Pedestre";"Com Vítimas Fatais";"Plena Noite";"Não Informado";"Céu Claro";"Simples";"Reta";"Não";3;1;0;0;1;1;0;3;-22,55684417;-44,11448848;"SPRF-RJ";"DEL07-RJ";"UOP02-DEL07-RJ"
379337;2021-08-25;"quarta-feira";"21:40:00";"SP";381;41,8;"ATIBAIA";"Pedestre andava na pista";"Atropelamento de Pedestre";"Com Vítimas Fatais";"Plena Noite";"Crescente";"Céu Claro";"Dupla";"Declive;Reta";"Sim";3;1;0;0;0;2;0;2;-23,13863999;-46,57584088;"SPRF-SP";"DEL03-SP";"UOP01-DEL03-SP"
379338;2021-08-25;"quarta-feira";"16:00:00";"SC";470;11,7;"NAVEGANTES";"Condutor deixou de manter distância do veículo da frente";"Colisão traseira";"Com Vítimas Feridas";"Pleno dia";"Decrescente";"Nublado";"Dupla";"Reta;Em Obras";"Não";6;0;2;0;4;0;2;2;-26,834309;-48,747269;"SPRF-SC";"DEL04-SC";"UOP04-DEL04-SC"
379341;2021-08-25;"quarta-feira";"15:00:00";"MS";163;666;"RIO VERDE DE MATO GROSSO";"Ausência de reação do condutor";"Tombamento";"Com Vítimas Feridas";"Pleno dia";"Crescente";"Céu Claro";"Simples";"Reta";"Não";2;0;1;0;0;1;1;2;-19,03721216;-54,81492623;"SPRF-MS";"DEL06-MS";"UOP02-DEL06-MS"
379350;2021-08-25;"quarta-feira";"23:50:00";"RS";290;15,2;"SANTO ANTONIO DA PATRULHA";"Condutor Dormindo";"Saída de leito carroçável";"Com Vítimas Feridas";"Plena Noite";"Crescente";"Chuva";"Múltipla";"Curva";"Não";1;0;0;1;0;0;1;1;-29,86499;-50,410789;"SPRF-RS";"DEL03-RS";"UOP01-DEL03-RS"
379353;2021-08-25;"quarta-feira";"21:30:00";"SC";101;18,1;"JOINVILLE";"Demais falhas mecânicas ou elétricas";"Incêndio";"Sem Vítimas";"Plena Noite";"Decrescente";"Nublado";"Dupla";"Reta";"Não";1;0;0;0;1;0;0;1;-26,13008848;-48,89074802;"SPRF-SC";"DEL03-SC";"UOP01-DEL03-SC"
379355;2021-08-26;"quinta-feira";"01:00:00";"MG";40;726,6;"OLIVEIRA FORTES";"Velocidade Incompatível";"Tombamento";"Com Vítimas Feridas";"Plena Noite";"Crescente";"Céu Claro";"Dupla";"Curva";"Não";2;0;0;1;0;1;1;2;-21,31059847;-43,60380204;"SPRF-MG";"DEL05-MG";"UOP01-DEL05-MG"
379356;2021-08-25;"quarta-feira";"23:49:00";"PR";116;170,6;"QUITANDINHA";"Reação tardia ou ineficiente do condutor";"Colisão lateral sentido oposto";"Com Vítimas Fatais";"Plena Noite";"Crescente";"Céu Claro";"Simples";"Curva";"Não";2;1;0;0;1;0;0;2;-25,87465933;-49,48100991;"SPRF-PR";"DEL01-PR";"UOP03-DEL01-PR"
379362;2021-08-26;"quinta-feira";"04:15:00";"PR";116;115,9;"CURITIBA";"Ultrapassagem Indevida";"Colisão lateral mesmo sentido";"Com Vítimas Feridas";"Plena Noite";"Decrescente";"Céu Claro";"Dupla";"Reta";"Sim";3;0;0;1;1;1;1;3;-25,55548099;-49,30576455;"SPRF-PR";"DEL01-PR";"UOP03-DEL01-PR"
379363;2021-08-26;"quinta-feira";"05:50:00";"RS";290;220;"PANTANO GRANDE";"Ingestão de álcool pelo condutor";"Colisão lateral sentido oposto";"Sem Vítimas";"Plena Noite";"Crescente";"Chuva";"Simples";"Reta";"Não";3;0;0;0;2;1;0;3;-30,199549;-52,416782;"SPRF-RS";"DEL02-RS";"UOP03-DEL02-RS"
379364;2021-08-26;"quinta-feira";"06:19:00";"BA";101;503;"ITABUNA";"Condutor deixou de manter distância do veículo da frente";"Colisão lateral mesmo sentido";"Sem Vítimas";"Pleno dia";"Crescente";"Nublado";"Simples";"Reta";"Sim";4;0;0;0;4;0;0;4;-14,93204115;-39,30057969;"SPRF-BA";"DEL05-BA";"UOP01-DEL05-BA"
379368;2021-08-26;"quinta-feira";"06:45:00";"PE";101;81,8;"JABOATAO DOS GUARARAPES";"Manobra de mudança de faixa";"Colisão lateral mesmo sentido";"Com Vítimas Feridas";"Pleno dia";"Crescente";"Céu Claro";"Dupla";"Reta";"Sim";2;0;0;1;1;0;1;2;-8,1597489;-34,94024569;"SPRF-PE";"DEL01-PE";"UOP01-DEL01-PE"
379369;2021-08-26;"quinta-feira";"07:15:00";"CE";116;17;"EUSEBIO";"Condutor deixou de manter distância do veículo da frente";"Colisão traseira";"Com Vítimas Feridas";"Pleno dia";"Decrescente";"Céu Claro";"Múltipla";"Reta";"Não";8;0;1;0;6;1;1;3;-3,89617918;-38,50336042;"SPRF-CE";"DEL01-CE";"UOP02-DEL01-CE"
379370;2021-08-25;"quarta-feira";"22:55:00";"RS";470;211;"BENTO GONCALVES";"Velocidade Incompatível";"Colisão frontal";"Com Vítimas Feridas";"Plena Noite";"Crescente";"Chuva";"Simples";"Curva";"Não";2;0;2;0;0;0;2;2;-29,12453775;-51,54360394;"SPRF-RS";"DEL06-RS";"UOP01-DEL06-RS"