"id";"data_inversa";"dia_semana";"horario";"uf";"br";"km";"municipio";"causa_acidente";"tipo_acidente";"classificacao_acidente";"fase_dia";"sentido_via";"condicao_metereologica";"tipo_pista";"tracado_via";"uso_solo";"pessoas";"mortos";"feridos_leves";"feridos_graves";"ilesos";"ignorados";"feridos";"veiculos";"latitude";"longitude";"regional";"delegacia";"uop"
380055;2021-08-29;"domingo";"09:10:00";"BA";116;876,3;"VITORIA DA CONQUISTA";"Transitar na contramão";"Colisão frontal";"Com Vítimas Fatais";"Pleno dia";"Crescente";"Nublado";"Simples";"Aclive";"Não";3;1;0;0;1;2;0;4;-15,17765011;-41,06751782;"SPRF-BA";"DEL08-BA";"UOP03-DEL08-BA"
380058;2021-08-29;"domingo";"11:40:00";"RS";285;417,5;"PANAMBI";"Carga excessiva e/ou mal acondicionada";"Eventos atípicos";"Com Vítimas Feridas";"Pleno dia";"Decrescente";"Sol";"Simples";"Declive";"Não";3;0;1;0;0;2;1;3;-28,347042;-53,521309;"SPRF-RS";"DEL10-RS";"UOP01-DEL10-RS"
380063;2021-08-29;"domingo";"08:35:00";"SC";101;312,4;"LAGUNA";"Ausência de reação do condutor";"Colisão lateral mesmo sentido";"Com Vítimas Feridas";"Pleno dia";"Decrescente";"Céu Claro";"Dupla";"Reta;Ponte";"Não";3;0;1;0;1;1;1;3;-28,44122326;-48,82564545;"SPRF-SC";"DEL02-SC";"UOP01-DEL02-SC"
380068;2021-07-27;"terça-feira";"14:10:00";"RO";319;56;"PORTO VELHO";"Carga excessiva e/ou mal acondicionada";"Capotamento";"Sem Vítimas";"Pleno dia";"Decrescente";"Céu Claro";"Simples";"Reta";"Não";3;0;0;0;2;3;0;5;-8,74321514;-63,95012856;"SPRF-RO";"DEL01-RO";"UOP01-DEL01-RO"
380069;2021-08-29;"domingo";"07:40:00";"BA";101;622;"MASCOTE";"Velocidade Incompatível";"Saída de leito carroçável";"Com Vítimas Feridas";"Pleno dia";"Decrescente";"Garoa/Chuvisco";"Simples";"Declive;Curva";"Não";8;0;1;1;5;3;2;5;-15,682843;-39,435995;"SPRF-BA";"DEL05-BA";"UOP02-DEL05-BA"
380073;2021-08-29;"domingo";"13:00:00";"RJ";116;132;"MAGE";"Velocidade Incompatível";"Tombamento";"Com Vítimas Fatais";"Pleno dia";"Crescente";"Nublado";"Dupla";"Curva";"Sim";3;1;1;0;0;1;1;3;-22,647514;-43,180426;"SPRF-RJ";"DEL04-RJ";"UOP02-DEL04-RJ"
380075;2021-08-29;"domingo";"07:30:00";"TO";226;10;"PALMEIRAS DO TOCANTINS";"Acostamento em desnível";"Tombamento";"Sem Vítimas";"Pleno dia";"Crescente";"Céu Claro";"Simples";"Reta";"Não";2;0;0;0;1;3;0;4;-6,600472;-47,533829;"SPRF-TO";"DEL02-TO";"UOP03-DEL02-TO"
380082;2021-08-29;"domingo";"14:30:00";"MG";381;889;"CAMBUI";"Velocidade Incompatível";"Saída de leito carroçável";"Com Vítimas Feridas";"Pleno dia";"Crescente";"Sol";"Dupla";"Curva";"Não";2;0;1;0;0;1;1;2;-22,57874206;-46,04473491;"SPRF-MG";"DEL16-MG";"UOP03-DEL16-MG"
380085;2021-08-29;"domingo";"13:20:00";"PR";369;508,5;"CASCAVEL";"Transitar na contramão";"Colisão frontal";"Com Vítimas Fatais";"Pleno dia";"Crescente";"Sol";"Simples";"Reta";"Não";3;1;0;0;1;1;0;3;-24,844;-53,3169;"SPRF-PR";"DEL04-PR";"UOP01-DEL04-PR"
380087;2021-08-29;"domingo";"12:30:00";"PR";116;0;"CAMPINA GRANDE DO SUL";"Ausência de sinalização";"Saída de leito carroçável";"Sem Vítimas";"Pleno dia";"Decrescente";"Nublado";"Dupla";"Curva";"Não";5;0;0;0;1;4;0;3;-25,0604;-48,562973;"SPRF-PR";"DEL01-PR";"UOP02-DEL01-PR"
380090;2021-08-29;"domingo";"12:30:00";"MS";163;578;"BANDEIRANTES";"Reação tardia ou ineficiente do condutor";"Saída de leito carroçável";"Com Vítimas Feridas";"Pleno dia";"Decrescente";"Nublado";"Simples";"Declive";"Não";2;0;1;0;0;2;1;3;-19,66014917;-54,35201623;"SPRF-MS";"DEL06-MS";"UOP02-DEL06-MS"
380099;2021-07-30;"sexta-feira";"08:20:00";"PI";230;183;"OEIRAS";"Mal súbito do condutor";"Colisão lateral sentido oposto";"Com Vítimas Feridas";"Pleno dia";"Decrescente";"Céu Claro";"Simples";"Reta";"Não";4;0;0;1;2;5;1;8;-6,95776274;-42,01481713;"SPRF-PI";"DEL04-PI";"UOP01-DEL04-PI"
380105;2021-08-29;"domingo";"15:40:00";"SC";101;126,5;"ITAJAI";"Reação tardia ou ineficiente do condutor";"Colisão traseira";"Com Vítimas Feridas";"Pleno dia";"Crescente";"Nublado";"Dupla";"Reta";"Não";7;0;1;0;5;1;1;6;-26,95564404;-48,67978366;"SPRF-SC";"DEL04-SC";"UOP04-DEL04-SC"
380107;2021-08-29;"domingo";"16:50:00";"MG";381;455;"BELO HORIZONTE";"Manobra de mudança de faixa";"Colisão frontal";"Com Vítimas Feridas";"Pleno dia";"Decrescente";"Céu Claro";"Simples";"Reta";"Não";4;0;0;2;1;1;2;3;-19,85777408;-43,90468298;"SPRF-MG";"DEL01-MG";"UOP01-DEL01-MG"
380118;2021-08-29;"domingo";"14:00:00";"BA";116;268;"TUCANO";"Reação tardia ou ineficiente do condutor";"Colisão traseira";"Com Vítimas Feridas";"Pleno dia";"Crescente";"Céu Claro";"Simples";"Declive";"Não";4;0;0;2;1;2;2;4;-10,92101661;-38,82731459;"SPRF-BA";"DEL07-BA";"UOP02-DEL07-BA"
380124;2021-08-29;"domingo";"16:45:00";"MS";163;171;"JUTI";"Acessar a via sem observar a presença dos outros veículos";"Colisão transversal";"Sem Vítimas";"Pleno dia";"Decrescente";"Céu Claro";"Simples";"Interseção de Vias";"Sim";3;0;0;0;1;2;0;3;-22,86671494;-54,60871339;"SPRF-MS";"DEL09-MS";"UOP01-DEL09-MS"
380128;2021-07-23;"sexta-feira";"06:40:00";"RS";386;435;"NOVA SANTA RITA";"Objeto estático sobre o leito carroçável";"Colisão com objeto";"Com Vítimas Feridas";"Amanhecer";"Crescente";"Nevoeiro/Neblina";"Dupla";"Reta";"Não";3;0;0;1;1;1;1;3;-29,846369;-51,275738;"SPRF-RS";"DEL04-RS";"UOP02-DEL04-RS"
380142;2021-08-29;"domingo";"19:10:00";"SC";101;139,9;"BALNEARIO CAMBORIU";"Trafegar com motocicleta (ou similar) entre as faixas";"Colisão lateral mesmo sentido";"Com Vítimas Fatais";"Plena Noite";"Crescente";"Nublado";"Simples";"Aclive";"Não";5;1;0;0;1;3;0;5;-27,02982303;-48,60115006;"SPRF-SC";"DEL04-SC";"UOP03-DEL04-SC"
380144;2021-08-29;"domingo";"18:30:00";"MS";163;481;"CAMPO GRANDE";"Reação tardia ou ineficiente do condutor";"Colisão com objeto";"Sem Vítimas";"Plena Noite";"Crescente";"Céu Claro";"Dupla";"Reta";"Sim";1;0;0;0;1;0;0;1;-20,469381;-54,55955;"SPRF-MS";"DEL01-MS";"UOP01-DEL01-MS"
380145;2021-08-29;"domingo";"20:00:00";"GO";40;38,5;"LUZIANIA";"Reação tardia ou ineficiente do condutor";"Colisão traseira";"Com Vítimas Feridas";"Plena Noite";"Decrescente";"Céu Claro";"Dupla";"Reta";"Não";2;0;0;1;1;0;1;2;-16,34274;-47,83544;"SPRF-DF";"DEL01-DF";"UOP02-DEL01-DF"
380148;2021-08-29;"domingo";"12:00:00";"MA";135;118,3;"MIRANDA DO NORTE";"Ultrapassagem Indevida";"Colisão lateral mesmo sentido";"Com Vítimas Fatais";"Pleno dia";"Decrescente";"Céu Claro";"Simples";"Reta";"Não";2;1;0;0;0;1;0;2;-3,50268905;-44,54623388;"SPRF-MA";"DEL01-MA";"UOP02-DEL01-MA"
380150;2021-08-29;"domingo";"19:30:00";"AL";423;53;"INHAPI";"Manobra de mudança de faixa";"Colisão frontal";"Com Vítimas Fatais";"Plena Noite";"Decrescente";"Céu Claro";"Simples";"Reta";"Não";3;1;0;0;1;1;0;3;-9,27027187;-37,74810604;"SPRF-AL";"DEL03-AL";"UOP02-DEL03-AL"
380161;2021-08-29;"domingo";"21:10:00";"BA";324;1;"FEIRA DE SANTANA";"Acessar a via sem observar a presença dos outros veículos";"Colisão transversal";"Com Vítimas Feridas";"Plena Noite";"Decrescente";"Céu Claro";"Dupla";"Interseção de Vias";"Sim";3;0;1;0;1;1;1;3;-12,28096641;-38,9434433;"SPRF-BA";"DEL02-BA";"UOP01-DEL02-BA"
380166;2021-08-29;"domingo";"18:30:00";"MG";116;298;"ITAMBACURI";"Ingestão de álcool e/ou substâncias psicoativas pelo pedestre";"Colisão lateral sentido oposto";"Com Vítimas Feridas";"Plena Noite";"Crescente";"Ignorado";"Simples";"Curva";"Não";2;0;0;1;1;0;1;2;-18,01101286;-41,598569;"SPRF-MG";"DEL11-MG";"UOP01-DEL11-MG"
380174;2021-08-29;"domingo";"15:20:00";"PE";116;91;"BELEM DE SAO FRANCISCO";"Transitar na contramão";"Colisão frontal";"Com Vítimas Feridas";"Pleno dia";"Decrescente";"Céu Claro";"Simples";"Reta";"Sim";3;0;0;1;1;1;1;3;-8,622099;-39,240944;"SPRF-PE";"DEL05-PE";"UOP01-DEL05-PE"
380175;2021-08-29;"domingo";"18:30:00";"MG";381;908;"CAMBUI";"Velocidade Incompatível";"Capotamento";"Com Vítimas Feridas";"Plena Noite";"Decrescente";"Céu Claro";"Dupla";"Curva;Declive";"Não";5;0;0;2;2;1;2;3;-22,68561767;-46,10240936;"SPRF-MG";"DEL16-MG";"UOP03-DEL16-MG"
380178;2021-08-29;"domingo";"20:00:00";"GO";414;415,8;"ABADIANIA";"Ingestão de álcool pelo condutor";"Colisão com objeto";"Com Vítimas Feridas";"Plena Noite";"Crescente";"Céu Claro";"Simples";"Curva";"Não";1;0;1;0;0;0;1;1;-16,10185605;-48,85799895;"SPRF-GO";"DEL02-GO";"UOP01-DEL02-GO"
380181;2021-08-29;"domingo";"20:35:00";"PR";476;231;"LAPA";"Conversão proibida";"Colisão lateral mesmo sentido";"Com Vítimas Feridas";"Plena Noite";"Crescente";"Céu Claro";"Simples";"Reta";"Não";3;0;1;0;1;1;1;3;-25,882065;-49,989059;"SPRF-PR";"DEL02-PR";"UOP04-DEL02-PR"
380183;2021-08-29;"domingo";"18:00:00";"PA";316;25;"BENEVIDES";"Trafegar com motocicleta (ou similar) entre as faixas";"Colisão lateral mesmo sentido";"Com Vítimas Fatais";"Anoitecer";"Decrescente";"Céu Claro";"Dupla";"Reta";"Não";3;1;0;0;1;1;0;3;-1,3252697;-48,232117;"SPRF-PA";"DEL01-PA";"UOP01-DEL01-PA"
380199;2021-08-29;"domingo";"19:30:00";"GO";364;371;"MINEIROS";"Mal súbito do condutor";"Colisão frontal";"Com Vítimas Feridas";"Anoitecer";"Decrescente";"Garoa/Chuvisco";"Simples";"Reta;Ponte";"Não";4;0;2;0;1;3;2;5;-17,376051;-53,076962;"SPRF-GO";"DEL05-GO";"UOP01-DEL05-GO"
380202;2021-08-30;"segunda-feira";"01:30:00";"MT";163;852;"SINOP";"Reação tardia ou ineficiente do condutor";"Saída de leito carroçável";"Com Vítimas Feridas";"Plena Noite";"Crescente";"Céu Claro";"Simples";"Reta";"Não";1;0;0;1;0;0;1;1;-11,83804005;-55,48914881;"SPRF-MT";"DEL06-MT";"NPF/DEL06-MT"
380206;2021-08-30;"segunda-feira";"03:45:00";"SC";470;66,3;"INDAIAL";"Reação tardia ou ineficiente do condutor";"Tombamento";"Com Vítimas Feridas";"Plena Noite";"Crescente";"Ignorado";"Simples";"Rotatória";"Sim";1;0;1;0;0;0;1;1;-26,86984185;-49,22466343;"SPRF-SC";"DEL04-SC";"UOP01-DEL04-SC"
380209;2021-08-30;"segunda-feira";"02:30:00";"PE";101;192,6;"PALMARES";"Condutor Dormindo";"Colisão traseira";"Com Vítimas Feridas";"Plena Noite";"Decrescente";"Nublado";"Dupla";"Reta";"Não";3;0;1;0;2;0;1;2;-8,71282291;-35,60955915;"SPRF-PE";"DEL01-PE";"UOP01-DEL01-PE"
380211;2021-08-30;"segunda-feira";"05:40:00";"SC";101;208;"SAO JOSE";"Condutor deixou de manter distância do veículo da frente";"Colisão traseira";"Com Vítimas Feridas";"Amanhecer";"Crescente";"Chuva";"Dupla";"Reta";"Sim";4;0;1;1;2;0;2;2;-27,60327979;-48,63201818;"SPRF-SC";"DEL01-SC";"UOP01-DEL01-SC"
380217;2021-08-30;"segunda-feira";"03:10:00";"SC";470;281,8;"BRUNOPOLIS";"Reação tardia ou ineficiente do condutor";"Saída de leito carroçável";"Com Vítimas Fatais";"Plena Noite";"Crescente";"Nublado";"Simples";"Curva";"Não";4;3;1;0;0;0;1;2;-27,3345;-50,8832;"SPRF-SC";"DEL07-SC";"UOP06-DEL07-SC"
380221;2021-08-30;"segunda-feira";"06:40:00";"PR";277;730;"FOZ DO IGUACU";"Animais na Pista";"Colisão traseira";"Com Vítimas Feridas";"Pleno dia";"Crescente";"Céu Claro";"Dupla";"Reta";"Sim";2;0;1;0;1;0;1;2;-25,50826305;-54,59238593;"SPRF-PR";"DEL05-PR";"UOP03-DEL05-PR"
380235;2021-08-30;"segunda-feira";"07:50:00";"SP";116;511,7;"CAJATI";"Velocidade Incompatível";"Tombamento";"Com Vítimas Feridas";"Pleno dia";"Decrescente";"Chuva";"Simples";"Curva";"Não";2;0;1;0;0;1;1;2;-24,83558399;-48,2223738;"SPRF-SP";"DEL05-SP";"UOP02-DEL05-SP"
380255;2021-08-30;"segunda-feira";"07:40:00";"PR";163;167,5;"LINDOESTE";"Ausência de reação do condutor";"Tombamento";"Sem Vítimas";"Pleno dia";"Crescente";"Céu Claro";"Simples";"Aclive";"Não";2;0;0;0;1;2;0;3;-25,254573;-53,577121;"SPRF-PR";"DEL05-PR";"UOP05-DEL05-PR"
380257;2021-08-30;"segunda-feira";"06:30:00";"TO";153;332,9;"GUARAI";"Acessar a via sem observar a presença dos outros veículos";"Colisão transversal";"Com Vítimas Feridas";"Pleno dia";"Crescente";"Céu Claro";"Dupla";"Reta;Declive";"Sim";4;0;1;0;1;2;1;4;-8,81739;-48,512207;"SPRF-TO";"DEL02-TO";"UOP01-DEL02-TO"
380259;2021-08-30;"segunda-feira";"09:25:00";"SC";101;100,8;"BALNEARIO PICARRAS";"Reação tardia ou ineficiente do condutor";"Colisão traseira";"Com Vítimas Feridas";"Pleno dia";"Crescente";"Garoa/Chuvisco";"Dupla";"Reta;Viaduto";"Não";4;0;1;0;2;1;1;4;-26,75482787;-48,68993675;"SPRF-SC";"DEL03-SC";"UOP02-DEL03-SC"
380263;2021-02-08;"segunda-feira";"11:00:00";"MG";365;701;"MONTE ALEGRE DE MINAS";"Reação tardia ou ineficiente do condutor";"Colisão traseira";"Com Vítimas Feridas";"Pleno dia";"Decrescente";"Céu Claro";"Dupla";"Aclive";"Não";4;0;2;0;1;3;2;5;-18,88052284;-49,007675;"SPRF-MG";"DEL15-MG";"UOP03-DEL15-MG"
380264;2021-08-05;"quinta-feira";"13:40:00";"PR";163;96,6;"CAPANEMA";"Transitar na contramão";"Colisão frontal";"Com Vítimas Fatais";"Pleno dia";"Crescente";"Céu Claro";"Simples";"Reta";"Não";2;1;0;0;1;0;0;2;-25,61945774;-53,79574835;"SPRF-PR";"DEL02-PR";"UOP02-DEL02-PR"
380265;2021-08-11;"quarta-feira";"13:55:00";"GO";60;97;"ANAPOLIS";"Condutor deixou de manter distância do veículo da frente";"Colisão traseira";"Com Vítimas Feridas";"Pleno dia";"Crescente";"Céu Claro";"Dupla";"Retorno Regulamentado";"Sim";2;0;1;0;1;0;1;2;-16,37719645;-48,94817613;"SPRF-GO";"DEL02-GO";"UOP01-DEL02-GO"
380271;2021-08-01;"domingo";"03:00:00";"MG";153;24;"CENTRALINA";"Ausência de reação do condutor";"Saída de leito carroçável";"Com Vítimas Fatais";"Plena Noite";"Crescente";"Céu Claro";"Dupla";"Curva";"Não";3;1;1;1;0;0;2;1;-18,63126816;-49,18366828;"SPRF-MG";"DEL15-MG";"UOP03-DEL15-MG"
380273;2021-08-30;"segunda-feira";"09:20:00";"MG";381;478,7;"BETIM";"Reação tardia ou ineficiente do condutor";"Colisão lateral mesmo sentido";"Sem Vítimas";"Pleno dia";"Decrescente";"Céu Claro";"Múltipla";"Reta";"Sim";3;0;0;0;3;0;0;2;-19,96320996;-44,04143399;"SPRF-MG";"DEL01-MG";"UOP03-DEL01-MG"
380275;2021-08-30;"segunda-feira";"10:30:00";"MG";251;442,3;"GRAO MOGOL";"Pedestre andava na pista";"Atropelamento de Pedestre";"Com Vítimas Feridas";"Pleno dia";"Decrescente";"Céu Claro";"Simples";"Reta";"Sim";3;0;0;1;1;1;1;3;-16,41288188;-43,24348411;"SPRF-MG";"DEL12-MG";"UOP01-DEL12-MG"
380276;2021-08-30;"segunda-feira";"11:15:00";"MG";381;491;"BETIM";"Acessar a via sem observar a presença dos outros veículos";"Colisão lateral mesmo sentido";"Com Vítimas Feridas";"Pleno dia";"Decrescente";"Céu Claro";"Dupla";"Interseção de Vias";"Sim";3;0;1;0;1;1;1;3;-19,97018187;-44,18210416;"SPRF-MG";"DEL01-MG";"UOP03-DEL01-MG"
380279;2021-08-30;"segunda-feira";"11:50:00";"PR";376;4;"SAO JOSE DOS PINHAIS";"Desrespeitar a preferência no cruzamento";"Colisão lateral mesmo sentido";"Com Vítimas Feridas";"Pleno dia";"Crescente";"Nublado";"Dupla";"Interseção de Vias";"Sim";4;0;1;0;3;0;1;3;-25,5307;-49,1958;"SPRF-PR";"DEL01-PR";"UOP04-DEL01-PR"
380281;2021-08-30;"segunda-feira";"11:30:00";"MG";381;482,5;"BETIM";"Velocidade Incompatível";"Engavetamento";"Com Vítimas Feridas";"Pleno dia";"Crescente";"Céu Claro";"Múltipla";"Curva";"Sim";4;0;1;0;3;0;1;4;-19,955532;-44,097209;"SPRF-MG";"DEL01-MG";"UOP03-DEL01-MG"
380285;2021-08-30;"segunda-feira";"11:45:00";"RJ";116;182;"NOVA IGUACU";"Pedestre andava na pista";"Atropelamento de Pedestre";"Com Vítimas Feridas";"Pleno dia";"Decrescente";"Nublado";"Dupla";"Curva";"Sim";3;0;1;0;1;1;1;3;-22,7567755;-43,43107234;"SPRF-RJ";"DEL01-RJ";"UOP02-DEL01-RJ"
380288;2021-08-30;"segunda-feira";"11:25:00";"MG";459;101,8;"POUSO ALEGRE";"Manobra de mudança de faixa";"Colisão lateral mesmo sentido";"Com Vítimas Feridas";"Pleno dia";"Decrescente";"Céu Claro";"Dupla";"Curva";"Sim";3;0;1;0;2;0;1;3;-22,22341923;-45,91276398;"SPRF-MG";"DEL16-MG";"UOP01-DEL16-MG"
380297;2021-08-30;"segunda-feira";"11:45:00";"MG";153;57,2;"MONTE ALEGRE DE MINAS";"Velocidade Incompatível";"Saída de leito carroçável";"Com Vítimas Feridas";"Pleno dia";"Decrescente";"Céu Claro";"Simples";"Rotatória;Declive;Interseção de Vias";"Não";1;0;0;1;0;0;1;1;-18,878386;-49,056637;"SPRF-MG";"DEL15-MG";"UOP03-DEL15-MG"
380304;2021-08-30;"segunda-feira";"13:52:00";"RS";392;43,8;"RIO GRANDE";"Acessar a via sem observar a presença dos outros veículos";"Colisão transversal";"Com Vítimas Feridas";"Pleno dia";"Decrescente";"Céu Claro";"Dupla";"Reta;Retorno Regulamentado";"Não";3;0;1;0;1;2;1;4;-31,93715696;-52,31137473;"SPRF-RS";"DEL07-RS";"UOP02-DEL07-RS"
380305;2021-08-30;"segunda-feira";"13:30:00";"BA";324;6;"FEIRA DE SANTANA";"Acessar a via sem observar a presença dos outros veículos";"Colisão traseira";"Com Vítimas Feridas";"Pleno dia";"Crescente";"Céu Claro";"Dupla";"Interseção de Vias";"Sim";3;0;1;0;1;1;1;3;-12,267113;-38,966988;"SPRF-BA";"DEL02-BA";"UOP01-DEL02-BA"
380312;2021-07-14;"quarta-feira";"19:30:00";"PI";235;418;"SANTA FILOMENA";"Avarias e/ou desgaste excessivo no pneu";"Tombamento";"Com Vítimas Feridas";"Plena Noite";"Decrescente";"Céu Claro";"Simples";"Curva";"Não";2;0;0;1;0;2;1;3;-9,163596;-45,852455;"SPRF-PI";"DEL03-PI";"UOP02-DEL03-PI"
380315;2021-08-30;"segunda-feira";"15:00:00";"DF";20;9;"BRASILIA";"Manobra de mudança de faixa";"Colisão lateral mesmo sentido";"Com Vítimas Feridas";"Pleno dia";"Crescente";"Céu Claro";"Dupla";"Reta";"Sim";3;0;1;0;1;1;1;3;-15,654671;-47,782917;"SPRF-DF";"DEL02-DF";"UOP01-DEL02-DF"
380316;2021-08-30;"segunda-feira";"14:55:00";"MG";40;596,3;"OURO PRETO";"Condutor Dormindo";"Colisão lateral sentido oposto";"Com Vítimas Feridas";"Pleno dia";"Crescente";"Céu Claro";"Simples";"Curva";"Não";3;0;1;0;1;2;1;4;-20,41181186;-43,89476664;"SPRF-MG";"DEL05-MG";"UOP02-DEL05-MG"
380319;2021-08-30;"segunda-feira";"14:40:00";"MS";267;230;"NOVA ALVORADA DO SUL";"Demais falhas mecânicas ou elétricas";"Colisão com objeto";"Com Vítimas Feridas";"Pleno dia";"Crescente";"Céu Claro";"Simples";"Viaduto";"Não";4;0;1;0;2;4;1;7;-21,5311604672;-54,2167406206;"SPRF-MS";"DEL02-MS";"UOP01-DEL02-MS"
380325;2021-08-30;"segunda-feira";"17:00:00";"MG";381;921,3;"CAMANDUCAIA";"Velocidade Incompatível";"Tombamento";"Com Vítimas Feridas";"Anoitecer";"Crescente";"Céu Claro";"Dupla";"Declive;Curva";"Não";2;0;1;0;0;1;1;2;-22,76277778;-46,17000472;"SPRF-MG";"DEL16-MG";"UOP03-DEL16-MG"
380328;2021-08-30;"segunda-feira";"17:20:00";"GO";414;390;"CORUMBA DE GOIAS";"Velocidade Incompatível";"Colisão lateral sentido oposto";"Com Vítimas Feridas";"Anoitecer";"Crescente";"Garoa/Chuvisco";"Simples";"Curva";"Não";3;0;0;1;2;0;1;3;-15,90032526;-48,79793065;"SPRF-GO";"DEL02-GO";"UOP01-DEL02-GO"
380329;2021-08-30;"segunda-feira";"17:50:00";"MG";459;66,9;"SENADOR JOSE BENTO";"Velocidade Incompatível";"Tombamento";"Com Vítimas Feridas";"Pleno dia";"Crescente";"Céu Claro";"Simples";"Curva";"Não";4;0;3;0;1;0;3;2;-22,133701;-46,174034;"SPRF-MG";"DEL09-MG";"UOP01-DEL09-MG"
380330;2021-08-30;"segunda-feira";"12:45:00";"SC";116;208,7;"CAPAO ALTO";"Velocidade Incompatível";"Tombamento";"Com Vítimas Feridas";"Pleno dia";"Decrescente";"Céu Claro";"Simples";"Curva";"Não";1;0;1;0;0;0;1;1;-28,19710481;-50,75929284;"SPRF-SC";"DEL05-SC";"UOP03-DEL05-SC"
380331;2021-08-30;"segunda-feira";"17:00:00";"GO";40;98;"CRISTALINA";"Demais falhas mecânicas ou elétricas";"Incêndio";"Sem Vítimas";"Pleno dia";"Decrescente";"Céu Claro";"Dupla";"Declive";"Não";2;0;0;0;1;2;0;3;-16,771633;-47,589856;"SPRF-DF";"DEL01-DF";"UOP02-DEL01-DF"
380333;2021-08-30;"segunda-feira";"16:50:00";"RS";153;4,2;"MARCELINO RAMOS";"Condutor usando celular";"Colisão frontal";"Com Vítimas Fatais";"Pleno dia";"Decrescente";"Céu Claro";"Simples";"Reta";"Não";2;1;0;0;1;0;0;2;-27,40003291;-52,01395636;"SPRF-RS";"DEL08-RS";"UOP04-DEL08-RS"
380336;2021-08-30;"segunda-feira";"15:10:00";"PR";277;427,5;"CANTAGALO";"Velocidade Incompatível";"Tombamento";"Com Vítimas Feridas";"Pleno dia";"Decrescente";"Céu Claro";"Simples";"Curva";"Não";2;0;1;0;0;1;1;2;-25,37335841;-52,07353771;"SPRF-PR";"DEL04-PR";"UOP02-DEL04-PR"
380338;2021-08-30;"segunda-feira";"15:30:00";"MT";163;545,3;"DIAMANTINO";"Reação tardia ou ineficiente do condutor";"Saída de leito carroçável";"Com Vítimas Feridas";"Pleno dia";"Decrescente";"Sol";"Simples";"Curva";"Não";2;0;1;0;0;3;1;4;-14,3509531;-56,15021561;"SPRF-MT";"DEL01-MT";"UOP01-DEL01-MT"
380340;2021-08-04;"quarta-feira";"18:30:00";"MA";10;248;"IMPERATRIZ";"Transitar na contramão";"Colisão frontal";"Com Vítimas Feridas";"Plena Noite";"Decrescente";"Céu Claro";"Simples";"Reta";"Sim";2;0;0;1;1;0;1;2;-5,566143;-47,449028;"SPRF-MA";"DEL04-MA";"UOP01-DEL04-MA"
380341;2021-08-30;"segunda-feira";"17:50:00";"MG";381;526;"BRUMADINHO";"Demais falhas mecânicas ou elétricas";"Colisão lateral mesmo sentido";"Sem Vítimas";"Anoitecer";"Crescente";"Céu Claro";"Dupla";"Curva;Declive";"Não";4;0;0;0;3;1;0;3;-20,16175378;-44,34144636;"SPRF-MG";"DEL04-MG";"UOP03-DEL04-MG"
380343;2021-08-30;"segunda-feira";"17:00:00";"AL";101;172;"TEOTONIO VILELA";"Ausência de reação do condutor";"Colisão com objeto";"Sem Vítimas";"Anoitecer";"Crescente";"Nublado";"Dupla";"Reta";"Não";2;0;0;0;0;2;0;2;-9,90891928;-36,34223292;"SPRF-AL";"DEL02-AL";"UOP02-DEL02-AL"
380344;2021-08-30;"segunda-feira";"15:02:00";"RJ";40;78;"PETROPOLIS";"Acumulo de óleo sobre o pavimento";"Saída de leito carroçável";"Com Vítimas Feridas";"Pleno dia";"Crescente";"Céu Claro";"Simples";"Curva";"Não";4;0;2;1;1;0;3;2;-22,485045;-43,229104;"SPRF-RJ";"DEL06-RJ";"UOP01-DEL06-RJ"
380347;2021-07-21;"quarta-feira";"12:30:00";"MG";365;647;"UBERLANDIA";"Manobra de mudança de faixa";"Colisão traseira";"Com Vítimas Feridas";"Pleno dia";"Crescente";"Céu Claro";"Dupla";"Reta";"Não";3;0;1;0;1;1;1;3;-18,87453984;-48,53093797;"SPRF-MG";"DEL15-MG";"UOP01-DEL15-MG"
380349;2021-08-30;"segunda-feira";"16:25:00";"PR";277;726,9;"FOZ DO IGUACU";"Reação tardia ou ineficiente do condutor";"Colisão traseira";"Com Vítimas Feridas";"Pleno dia";"Crescente";"Céu Claro";"Dupla";"Reta";"Sim";3;0;0;1;1;1;1;3;-25,51013407;-54,5644033;"SPRF-PR";"DEL05-PR";"UOP03-DEL05-PR"
380350;2021-07-13;"terça-feira";"18:30:00";"MG";365;551;"ESTRELA DO SUL";"Velocidade Incompatível";"Colisão traseira";"Com Vítimas Feridas";"Anoitecer";"Crescente";"Céu Claro";"Simples";"Reta";"Não";3;0;1;0;1;3;1;5;-18,93096951;-47,68233776;"SPRF-MG";"DEL15-MG";"UOP02-DEL15-MG"
380355;2021-08-30;"segunda-feira";"18:25:00";"SC";101;148;"ITAPEMA";"Manobra de mudança de faixa";"Colisão lateral mesmo sentido";"Com Vítimas Feridas";"Plena Noite";"Decrescente";"Nublado";"Dupla";"Curva";"Sim";4;0;2;0;1;1;2;3;-27,10123686;-48,61807962;"SPRF-SC";"DEL04-SC";"UOP03-DEL04-SC"
380358;2021-08-30;"segunda-feira";"19:10:00";"RN";101;79;"NATAL";"Transitar na contramão";"Colisão frontal";"Com Vítimas Feridas";"Plena Noite";"Decrescente";"Céu Claro";"Dupla";"Reta";"Sim";2;0;0;1;1;0;1;2;-5,74962896;-35,28918369;"SPRF-RN";"DEL02-RN";"UOP01-DEL02-RN"