"id";"data_inversa";"dia_semana";"horario";"uf";"br";"km";"municipio";"causa_acidente";"tipo_acidente";"classificacao_acidente";"fase_dia";"sentido_via";"condicao_metereologica";"tipo_pista";"tracado_via";"uso_solo";"pessoas";"mortos";"feridos_leves";"feridos_graves";"ilesos";"ignorados";"feridos";"veiculos";"latitude";"longitude";"regional";"delegacia";"uop"
380658;2021-09-01;"quarta-feira";"09:50:00";"SP";116;138;"SAO JOSE DOS CAMPOS";"Condutor deixou de manter distância do veículo da frente";"Engavetamento";"Com Vítimas Feridas";"Pleno dia";"Crescente";"Sol";"Dupla";"Reta";"Não";4;0;1;0;2;1;1;4;-23,1572739;-45,79554605;"SPRF-SP";"DEL02-SP";"UOP01-DEL02-SP"
380666;2021-07-17;"sábado";"18:52:00";"MG";365;768;"ITUIUTABA";"Acessar a via sem observar a presença dos outros veículos";"Colisão transversal";"Com Vítimas Feridas";"Plena Noite";"Crescente";"Céu Claro";"Simples";"Reta";"Não";3;0;1;0;1;1;1;3;-18,96224029;-49,59311301;"SPRF-MG";"DEL15-MG";"UOP03-DEL15-MG"
380669;2021-09-01;"quarta-feira";"07:05:00";"PR";476;111;"COLOMBO";"Conversão proibida";"Colisão frontal";"Com Vítimas Feridas";"Pleno dia";"Crescente";"Nublado";"Simples";"Curva";"Não";4;0;1;0;1;2;1;2;-25,315056;-49,153545;"SPRF-PR";"DEL01-PR";"UOP02-DEL01-PR"
380671;2021-09-01;"quarta-feira";"10:50:00";"MG";381;7;"BETIM";"Restrição de visibilidade em curvas horizontais";"Colisão traseira";"Sem Vítimas";"Pleno dia";"Crescente";"Céu Claro";"Dupla";"Curva";"Sim";4;0;0;0;4;0;0;2;-19,96825;-44,198708;"SPRF-MG";"DEL01-MG";"UOP03-DEL01-MG"
380673;2021-09-01;"quarta-feira";"10:22:00";"BA";116;650,6;"JEQUIE";"Velocidade Incompatível";"Colisão frontal";"Com Vítimas Fatais";"Pleno dia";"Crescente";"Chuva";"Simples";"Curva";"Não";3;1;1;0;0;1;1;3;-13,61074294;-40,09094936;"SPRF-BA";"DEL03-BA";"UOP01-DEL03-BA"
380675;2021-09-01;"quarta-feira";"11:20:00";"RN";101;83,9;"NATAL";"Manobra de mudança de faixa";"Colisão lateral mesmo sentido";"Com Vítimas Feridas";"Pleno dia";"Decrescente";"Céu Claro";"Dupla";"Reta";"Sim";2;0;1;0;1;0;1;2;-5,7710445;-35,26616981;"SPRF-RN";"DEL02-RN";"UOP01-DEL02-RN"
380676;2021-09-01;"quarta-feira";"07:38:00";"PA";316;81,6;"SAO FRANCISCO DO PARA";"Ultrapassagem Indevida";"Colisão com objeto";"Com Vítimas Feridas";"Pleno dia";"Decrescente";"Céu Claro";"Simples";"Reta";"Não";4;0;1;0;1;2;1;4;-1,30556013;-47,77095402;"SPRF-PA";"DEL01-PA";"UOP02-DEL01-PA"
380679;2021-09-01;"quarta-feira";"12:00:00";"MG";381;2;"BETIM";"Velocidade Incompatível";"Colisão traseira";"Com Vítimas Feridas";"Pleno dia";"Crescente";"Céu Claro";"Dupla";"Declive;Curva";"Não";4;0;2;0;1;1;2;3;-19,96825;-44,198708;"SPRF-MG";"DEL01-MG";"UOP03-DEL01-MG"
380684;2021-09-01;"quarta-feira";"07:15:00";"SC";101;310;"LAGUNA";"Condutor deixou de manter distância do veículo da frente";"Eventos atípicos";"Com Vítimas Feridas";"Pleno dia";"Decrescente";"Céu Claro";"Múltipla";"Reta";"Não";2;0;0;1;0;1;1;2;-28,43544953;-48,80749226;"SPRF-SC";"DEL02-SC";"UOP01-DEL02-SC"
380685;2021-09-01;"quarta-feira";"12:00:00";"GO";60;383,5;"RIO VERDE";"Entrada inopinada do pedestre";"Atropelamento de Pedestre";"Com Vítimas Fatais";"Pleno dia";"Crescente";"Sol";"Dupla";"Declive;Reta";"Sim";3;1;0;0;1;1;0;2;-17,7845;-50,9002;"SPRF-GO";"DEL04-GO";"UOP01-DEL04-GO"
380688;2021-09-01;"quarta-feira";"09:30:00";"BA";116;317,8;"ARACI";"Manobra de mudança de faixa";"Colisão traseira";"Com Vítimas Feridas";"Pleno dia";"Decrescente";"Céu Claro";"Simples";"Reta";"Não";5;0;1;0;3;1;1;4;-11,30682406;-38,94076389;"SPRF-BA";"DEL02-BA";"UOP01-DEL02-BA"
380691;2021-09-01;"quarta-feira";"12:49:00";"PR";369;153;"LONDRINA";"Ausência de reação do condutor";"Colisão lateral mesmo sentido";"Sem Vítimas";"Pleno dia";"Crescente";"Nublado";"Dupla";"Curva;Interseção de Vias;Aclive";"Sim";5;0;0;0;5;0;0;2;-23,29809307;-51,19444907;"SPRF-PR";"DEL07-PR";"UOP01-DEL07-PR"
380692;2021-09-01;"quarta-feira";"08:10:00";"RJ";40;121,8;"DUQUE DE CAXIAS";"Trafegar com motocicleta (ou similar) entre as faixas";"Colisão lateral mesmo sentido";"Com Vítimas Fatais";"Pleno dia";"Crescente";"Céu Claro";"Múltipla";"Interseção de Vias";"Sim";4;1;0;0;2;1;0;3;-22,78850221;-43,28543728;"SPRF-RJ";"DEL01-RJ";"UOP01-DEL01-RJ"
380693;2021-09-01;"quarta-feira";"12:00:00";"MS";163;728;"COXIM";"Condutor deixou de manter distância do veículo da frente";"Saída de leito carroçável";"Com Vítimas Feridas";"Pleno dia";"Decrescente";"Céu Claro";"Simples";"Reta";"Sim";3;0;1;0;1;3;1;5;-18,52735393;-54,74045625;"SPRF-MS";"DEL06-MS";"UOP01-DEL06-MS"
380701;2021-09-01;"quarta-feira";"12:30:00";"MG";365;494;"PATROCINIO";"Demais falhas mecânicas ou elétricas";"Colisão com objeto";"Com Vítimas Feridas";"Pleno dia";"Crescente";"Céu Claro";"Dupla";"Reta";"Não";2;0;1;0;1;0;1;2;-18,91487729;-47,19474693;"SPRF-MG";"DEL10-MG";"UOP01-DEL10-MG"
380703;2021-09-01;"quarta-feira";"14:20:00";"PR";277;7;"PARANAGUA";"Condutor deixou de manter distância do veículo da frente";"Colisão lateral mesmo sentido";"Com Vítimas Feridas";"Pleno dia";"Crescente";"Céu Claro";"Simples";"Curva";"Não";3;0;1;1;1;0;2;2;-25,568198;-48,615292;"SPRF-PR";"DEL01-PR";"UOP05-DEL01-PR"
380711;2021-08-24;"terça-feira";"22:45:00";"CE";116;53;"PACAJUS";"Condutor deixou de manter distância do veículo da frente";"Colisão traseira";"Com Vítimas Feridas";"Plena Noite";"Crescente";"Céu Claro";"Dupla";"Reta";"Não";3;0;1;0;1;2;1;4;-4,19025406;-38,47860204;"SPRF-CE";"DEL03-CE";"UOP02-DEL03-CE"
380712;2021-09-01;"quarta-feira";"12:00:00";"PR";376;263;"MARILANDIA DO SUL";"Reação tardia ou ineficiente do condutor";"Tombamento";"Com Vítimas Feridas";"Pleno dia";"Crescente";"Céu Claro";"Dupla";"Reta";"Não";2;0;1;0;1;0;1;1;-23,71832487;-51,30721296;"SPRF-PR";"DEL07-PR";"UOP02-DEL07-PR"
380716;2021-09-01;"quarta-feira";"07:10:00";"RS";290;112;"ELDORADO DO SUL";"Condutor Dormindo";"Saída de leito carroçável";"Sem Vítimas";"Pleno dia";"Decrescente";"Céu Claro";"Dupla";"Reta";"Não";2;0;0;0;1;1;0;2;-30,040455;-51,329193;"SPRF-RS";"DEL02-RS";"UOP01-DEL02-RS"
380724;2021-09-01;"quarta-feira";"16:00:00";"BA";101;524;"BUERAREMA";"Ingestão de álcool pelo condutor";"Colisão traseira";"Sem Vítimas";"Pleno dia";"Crescente";"Chuva";"Simples";"Interseção de Vias";"Sim";3;0;0;0;2;1;0;3;-14,94927425;-39,30417191;"SPRF-BA";"DEL05-BA";"UOP01-DEL05-BA"
380726;2021-09-01;"quarta-feira";"15:40:00";"PR";116;4;"QUATRO BARRAS";"Curva acentuada";"Tombamento";"Com Vítimas Feridas";"Pleno dia";"Decrescente";"Céu Claro";"Simples";"Curva";"Sim";2;0;1;0;0;1;1;2;-25,3629;-49,0822;"SPRF-PR";"DEL01-PR";"UOP02-DEL01-PR"
380733;2021-09-01;"quarta-feira";"17:45:00";"PR";373;171,9;"PONTA GROSSA";"Entrada inopinada do pedestre";"Atropelamento de Pedestre";"Com Vítimas Feridas";"Pleno dia";"Decrescente";"Céu Claro";"Dupla";"Reta";"Sim";3;0;1;0;1;1;1;3;-25,08168826;-50,19125646;"SPRF-PR";"DEL03-PR";"UOP01-DEL03-PR"
380736;2021-09-01;"quarta-feira";"16:50:00";"SP";116;312,8;"SAO LOURENCO DA SERRA";"Animais na Pista";"Colisão traseira";"Com Vítimas Feridas";"Pleno dia";"Decrescente";"Céu Claro";"Dupla";"Reta";"Sim";6;0;2;0;3;2;2;6;-23,88342825;-46,97368879;"SPRF-SP";"DEL04-SP";"UOP01-DEL04-SP"
380747;2021-09-01;"quarta-feira";"11:50:00";"MT";158;415,3;"RIBEIRAO CASCALHEIRA";"Velocidade Incompatível";"Tombamento";"Com Vítimas Feridas";"Pleno dia";"Decrescente";"Sol";"Simples";"Reta";"Não";2;0;1;0;0;3;1;4;-12,87760797;-51,82082577;"SPRF-MT";"DEL07-MT";"UOP02-DEL07-MT"
380749;2021-09-01;"quarta-feira";"18:30:00";"MA";135;5,7;"SAO LUIS";"Condutor deixou de manter distância do veículo da frente";"Colisão lateral mesmo sentido";"Com Vítimas Feridas";"Plena Noite";"Crescente";"Céu Claro";"Dupla";"Reta";"Sim";2;0;0;1;0;1;1;2;-2,62145385;-44,25797421;"SPRF-MA";"DEL01-MA";"UOP01-DEL01-MA"
380752;2021-09-01;"quarta-feira";"06:10:00";"RS";392;255;"CACAPAVA DO SUL";"Condutor deixou de manter distância do veículo da frente";"Colisão traseira";"Sem Vítimas";"Amanhecer";"Decrescente";"Céu Claro";"Simples";"Reta";"Não";3;0;0;0;2;3;0;5;-30,514311;-53,461451;"SPRF-RS";"DEL09-RS";"UOP02-DEL09-RS"
380759;2021-09-01;"quarta-feira";"20:00:00";"SC";470;125,7;"LONTRAS";"Condutor deixou de manter distância do veículo da frente";"Colisão traseira";"Com Vítimas Feridas";"Plena Noite";"Decrescente";"Céu Claro";"Simples";"Reta";"Não";3;0;2;0;0;1;2;2;-27,120506;-49,534946;"SPRF-SC";"DEL04-SC";"UOP02-DEL04-SC"
380762;2021-08-27;"sexta-feira";"06:30:00";"CE";402;232;"AMONTADA";"Reação tardia ou ineficiente do condutor";"Colisão traseira";"Com Vítimas Feridas";"Pleno dia";"Decrescente";"Céu Claro";"Simples";"Reta";"Não";3;0;0;1;1;1;1;3;-3,37408012;-39,81164108;"SPRF-CE";"DEL01-CE";"UOP03-DEL01-CE"
380764;2021-09-01;"quarta-feira";"20:40:00";"SP";116;214;"GUARULHOS";"Manobra de mudança de faixa";"Colisão lateral mesmo sentido";"Com Vítimas Feridas";"Plena Noite";"Crescente";"Céu Claro";"Múltipla";"Reta";"Sim";2;0;1;0;1;0;1;2;-23,44333014;-46,44531294;"SPRF-SP";"DEL01-SP";"UOP01-DEL01-SP"
380768;2021-09-01;"quarta-feira";"20:30:00";"BA";101;497;"ITABUNA";"Velocidade Incompatível";"Colisão traseira";"Com Vítimas Fatais";"Plena Noite";"Crescente";"Garoa/Chuvisco";"Simples";"Aclive";"Não";6;1;3;0;1;1;3;3;-14,88260904;-39,28276472;"SPRF-BA";"DEL05-BA";"UOP01-DEL05-BA"
380772;2021-09-01;"quarta-feira";"18:05:00";"MG";381;705;"LAVRAS";"Velocidade Incompatível";"Tombamento";"Com Vítimas Feridas";"Anoitecer";"Decrescente";"Ignorado";"Dupla";"Curva";"Não";2;0;1;0;0;1;1;2;-21,34965018;-45,17946289;"SPRF-MG";"DEL04-MG";"UOP02-DEL04-MG"
380773;2021-09-01;"quarta-feira";"21:55:00";"PR";277;249,3;"GUARAPUAVA";"Ingestão de álcool pelo condutor";"Colisão traseira";"Sem Vítimas";"Plena Noite";"Decrescente";"Céu Claro";"Simples";"Interseção de Vias";"Sim";3;0;0;0;1;2;0;2;-25,38827676;-51,51728388;"SPRF-PR";"DEL03-PR";"UOP03-DEL03-PR"
380774;2021-08-27;"sexta-feira";"17:10:00";"RO";364;707;"PORTO VELHO";"Carga excessiva e/ou mal acondicionada";"Tombamento";"Sem Vítimas";"Pleno dia";"Decrescente";"Garoa/Chuvisco";"Dupla";"Retorno Regulamentado";"Sim";2;0;0;0;1;3;0;4;-8,80037213;-63,83262707;"SPRF-RO";"DEL01-RO";"UOP01-DEL01-RO"
380776;2021-09-01;"quarta-feira";"22:45:00";"ES";101;421,4;"CACHOEIRO DE ITAPEMIRIM";"Velocidade Incompatível";"Colisão com objeto";"Com Vítimas Feridas";"Plena Noite";"Crescente";"Chuva";"Simples";"Rotatória";"Não";1;0;1;0;0;0;1;1;-20,97396984;-41,11067322;"SPRF-ES";"DEL03-ES";"UOP02-DEL03-ES"
380780;2021-09-01;"quarta-feira";"22:30:00";"PR";373;466;"CHOPINZINHO";"Demais falhas mecânicas ou elétricas";"Tombamento";"Sem Vítimas";"Plena Noite";"Crescente";"Céu Claro";"Simples";"Reta";"Não";2;0;0;0;1;2;0;3;-25,96328584;-52,42820311;"SPRF-PR";"DEL02-PR";"UOP01-DEL02-PR"
380781;2021-09-01;"quarta-feira";"23:50:00";"RS";290;94;"PORTO ALEGRE";"Ausência de reação do condutor";"Colisão traseira";"Com Vítimas Feridas";"Plena Noite";"Decrescente";"Céu Claro";"Dupla";"Ponte;Aclive";"Não";3;0;0;1;1;2;1;4;-29,98799415;-51,20831307;"SPRF-RS";"DEL01-RS";"UOP01-DEL01-RS"
380782;2021-09-01;"quarta-feira";"17:40:00";"BA";324;519,4;"FEIRA DE SANTANA";"Frear bruscamente";"Engavetamento";"Com Vítimas Feridas";"Anoitecer";"Decrescente";"Céu Claro";"Dupla";"Reta";"Sim";3;0;1;0;2;0;1;3;-12,28059474;-38,92437935;"SPRF-BA";"DEL02-BA";"UOP01-DEL02-BA"
380784;2021-09-02;"quinta-feira";"00:15:00";"SC";101;367,3;"ICARA";"Condutor Dormindo";"Colisão traseira";"Com Vítimas Feridas";"Plena Noite";"Crescente";"Nublado";"Dupla";"Curva;Aclive";"Não";3;0;1;1;0;2;2;4;-28,71505496;-49,22415733;"SPRF-SC";"DEL02-SC";"UOP01-DEL02-SC"
380785;2021-09-01;"quarta-feira";"16:15:00";"SC";153;35,3;"AGUA DOCE";"Velocidade Incompatível";"Colisão lateral sentido oposto";"Sem Vítimas";"Pleno dia";"Crescente";"Nublado";"Simples";"Curva";"Não";3;0;0;0;2;2;0;4;-26,79574146;-51,69404805;"SPRF-SC";"DEL07-SC";"UOP05-DEL07-SC"
380787;2021-09-01;"quarta-feira";"23:30:00";"SC";101;105,4;"PENHA";"Demais falhas mecânicas ou elétricas";"Saída de leito carroçável";"Com Vítimas Feridas";"Plena Noite";"Crescente";"Nublado";"Dupla";"Curva";"Não";1;0;1;0;0;0;1;1;-26,80215497;-48,67891041;"SPRF-SC";"DEL03-SC";"UOP02-DEL03-SC"
380788;2021-09-02;"quinta-feira";"01:00:00";"RJ";40;45;"PETROPOLIS";"Ausência de reação do condutor";"Colisão traseira";"Com Vítimas Feridas";"Plena Noite";"Crescente";"Céu Claro";"Dupla";"Reta";"Não";4;0;1;0;1;2;1;3;-22,27974469;-43,11723948;"SPRF-RJ";"DEL05-RJ";"UOP02-DEL05-RJ"
380789;2021-09-02;"quinta-feira";"03:30:00";"CE";222;5,8;"CAUCAIA";"Velocidade Incompatível";"Tombamento";"Sem Vítimas";"Plena Noite";"Crescente";"Céu Claro";"Dupla";"Aclive;Curva;Viaduto";"Sim";2;0;0;0;1;2;0;3;-3,74296918;-38,61330997;"SPRF-CE";"DEL01-CE";"UOP01-DEL01-CE"
380793;2021-09-02;"quinta-feira";"04:25:00";"SP";381;65;"MAIRIPORA";"Demais falhas mecânicas ou elétricas";"Incêndio";"Sem Vítimas";"Pleno dia";"Crescente";"Céu Claro";"Dupla";"Reta";"Sim";2;0;0;0;1;1;0;2;-23,316547;-46,58251;"SPRF-SP";"DEL03-SP";"UOP01-DEL03-SP"
380799;2021-09-02;"quinta-feira";"07:00:00";"PB";230;229,8;"SOLEDADE";"Manobra de mudança de faixa";"Colisão lateral sentido oposto";"Com Vítimas Feridas";"Pleno dia";"Decrescente";"Céu Claro";"Simples";"Reta";"Não";8;0;6;1;1;0;7;3;-7,035032;-36,48139;"SPRF-PB";"DEL02-PB";"UOP02-DEL02-PB"
380804;2021-09-02;"quinta-feira";"02:20:00";"MG";50;54,1;"ARAGUARI";"Reação tardia ou ineficiente do condutor";"Tombamento";"Sem Vítimas";"Plena Noite";"Decrescente";"Céu Claro";"Dupla";"Aclive";"Não";1;0;0;0;1;0;0;1;-18,76664393;-48,24409132;"SPRF-MG";"DEL15-MG";"UOP02-DEL15-MG"
380807;2021-09-02;"quinta-feira";"07:40:00";"PR";376;158,2;"MANDAGUACU";"Condutor deixou de manter distância do veículo da frente";"Colisão traseira";"Com Vítimas Feridas";"Pleno dia";"Crescente";"Céu Claro";"Dupla";"Reta;Aclive";"Sim";4;0;1;1;1;1;2;3;-23,36169997;-52,08593395;"SPRF-PR";"DEL09-PR";"UOP01-DEL09-PR"
380808;2021-09-02;"quinta-feira";"03:30:00";"MA";316;428,7;"PERITORO";"Condutor Dormindo";"Colisão com objeto";"Com Vítimas Feridas";"Plena Noite";"Decrescente";"Nublado";"Simples";"Reta";"Não";1;0;1;0;0;0;1;1;-4,381895;-44,305927;"SPRF-MA";"DEL03-MA";"UOP01-DEL03-MA"
380811;2021-09-02;"quinta-feira";"02:40:00";"CE";116;100;"MORADA NOVA";"Pista esburacada";"Eventos atípicos";"Sem Vítimas";"Plena Noite";"Crescente";"Céu Claro";"Simples";"Reta";"Não";1;0;0;0;1;0;0;1;-4,52299339;-38,31836031;"SPRF-CE";"DEL03-CE";"UOP02-DEL03-CE"
380826;2021-06-21;"segunda-feira";"22:25:00";"RO";174;15;"VILHENA";"Conversão proibida";"Colisão frontal";"Com Vítimas Feridas";"Plena Noite";"Decrescente";"Céu Claro";"Simples";"Interseção de Vias";"Sim";2;0;0;1;1;0;1;2;-12,723321;-60,12801;"SPRF-RO";"DEL04-RO";"UOP01-DEL04-RO"
380831;2021-09-02;"quinta-feira";"06:40:00";"MG";40;283;"TRES MARIAS";"Reação tardia ou ineficiente do condutor";"Colisão lateral mesmo sentido";"Sem Vítimas";"Pleno dia";"Crescente";"Céu Claro";"Simples";"Reta";"Não";3;0;0;0;2;1;0;3;-18,25100046;-45,19333595;"SPRF-MG";"DEL14-MG";"UOP02-DEL14-MG"
380832;2021-09-02;"quinta-feira";"08:45:00";"PA";0;0;"IPIXUNA DO PARA";"Demais falhas mecânicas ou elétricas";"Colisão com objeto";"Com Vítimas Feridas";"Pleno dia";"Não Informado";"Céu Claro";"Simples";"Reta";"Não";7;0;1;0;5;1;1;3;-2,467846;-47,509952;"SPRF-PA";"DEL02-PA";"UOP01-DEL02-PA"
380838;2021-07-25;"domingo";"00:30:00";"BA";30;319;"RIO DO ANTONIO";"Reação tardia ou ineficiente do condutor";"Saída de leito carroçável";"Com Vítimas Feridas";"Pleno dia";"Decrescente";"Ignorado";"Simples";"Reta";"Não";2;0;0;1;0;1;1;2;-14,20638096;-42,10985726;"SPRF-BA";"DEL08-BA";"UOP01-DEL08-BA"
380844;2021-09-02;"quinta-feira";"11:15:00";"PR";376;600;"CURITIBA";"Condutor deixou de manter distância do veículo da frente";"Colisão traseira";"Sem Vítimas";"Pleno dia";"Crescente";"Céu Claro";"Dupla";"Reta";"Sim";3;0;0;0;2;2;0;4;-25,53195602;-49,32205901;"SPRF-PR";"DEL01-PR";"UOP01-DEL01-PR"
380846;2021-09-02;"quinta-feira";"08:40:00";"ES";262;120,6;"CONCEICAO DO CASTELO";"Demais falhas mecânicas ou elétricas";"Tombamento";"Com Vítimas Feridas";"Amanhecer";"Crescente";"Chuva";"Simples";"Curva";"Não";2;0;1;0;0;2;1;3;-20,29365543;-41,23018943;"SPRF-ES";"DEL01-ES";"UOP02-DEL01-ES"
380849;2021-09-02;"quinta-feira";"11:45:00";"MS";60;97;"PARAISO DAS AGUAS";"Condutor Dormindo";"Saída de leito carroçável";"Com Vítimas Fatais";"Pleno dia";"Crescente";"Céu Claro";"Simples";"Reta";"Não";3;2;0;0;0;1;0;2;-19,25049171;-53,20158207;"SPRF-MS";"DEL06-MS";"UOP02-DEL06-MS"
380854;2021-09-02;"quinta-feira";"13:10:00";"RS";386;346,8;"LAJEADO";"Manobra de mudança de faixa";"Colisão traseira";"Com Vítimas Fatais";"Pleno dia";"Decrescente";"Sol";"Dupla";"Reta";"Sim";5;1;1;0;2;2;1;5;-29,446793;-51,974564;"SPRF-RS";"DEL04-RS";"UOP01-DEL04-RS"
380855;2021-09-02;"quinta-feira";"11:35:00";"PR";116;103;"CURITIBA";"Acessar a via sem observar a presença dos outros veículos";"Colisão lateral mesmo sentido";"Sem Vítimas";"Pleno dia";"Decrescente";"Céu Claro";"Dupla";"Curva";"Não";4;0;0;0;3;1;0;3;-25,57047224;-49,18347359;"SPRF-PR";"DEL01-PR";"UOP01-DEL01-PR"
380858;2021-09-02;"quinta-feira";"10:20:00";"MG";116;778,6;"LEOPOLDINA";"Velocidade Incompatível";"Tombamento";"Com Vítimas Feridas";"Pleno dia";"Crescente";"Nublado";"Simples";"Curva";"Não";1;0;0;1;0;0;1;1;-21,60159985;-42,69912624;"SPRF-MG";"DEL07-MG";"UOP01-DEL07-MG"
380861;2021-09-02;"quinta-feira";"13:50:00";"PE";101;41,7;"IGARASSU";"Mal súbito do condutor";"Colisão traseira";"Com Vítimas Feridas";"Pleno dia";"Decrescente";"Céu Claro";"Múltipla";"Curva";"Não";2;0;1;0;1;0;1;2;-7,83038346;-34,91426785;"SPRF-PE";"DEL01-PE";"UOP02-DEL01-PE"
380867;2021-09-02;"quinta-feira";"14:15:00";"MG";251;427,6;"GRAO MOGOL";"Velocidade Incompatível";"Tombamento";"Com Vítimas Feridas";"Pleno dia";"Decrescente";"Céu Claro";"Simples";"Curva";"Não";2;0;1;0;0;1;1;2;-16,33690716;-43,13798285;"SPRF-MG";"DEL12-MG";"UOP01-DEL12-MG"
380872;2021-09-02;"quinta-feira";"15:20:00";"PR";476;165;"ARAUCARIA";"Velocidade Incompatível";"Colisão lateral sentido oposto";"Com Vítimas Feridas";"Pleno dia";"Crescente";"Céu Claro";"Simples";"Reta";"Não";7;0;0;2;4;4;2;10;-25,643578;-49,472763;"SPRF-PR";"DEL01-PR";"UOP03-DEL01-PR"
380873;2021-09-02;"quinta-feira";"15:30:00";"RJ";493;104;"DUQUE DE CAXIAS";"Condutor Dormindo";"Colisão traseira";"Com Vítimas Feridas";"Pleno dia";"Crescente";"Céu Claro";"Dupla";"Reta";"Não";2;0;0;1;1;0;1;2;-22,672089;-43,285053;"SPRF-RJ";"DEL03-RJ";"UOP01-DEL03-RJ"
380885;2021-09-02;"quinta-feira";"14:00:00";"TO";153;503,9;"PARAISO DO TOCANTINS";"Velocidade Incompatível";"Colisão traseira";"Com Vítimas Fatais";"Pleno dia";"Crescente";"Céu Claro";"Simples";"Reta";"Sim";3;1;0;0;1;1;0;3;-10,22749198;-48,87609117;"SPRF-TO";"DEL01-TO";"UOP01-DEL01-TO"
380886;2021-09-02;"quinta-feira";"15:30:00";"MT";364;255;"JUSCIMEIRA";"Condutor deixou de manter distância do veículo da frente";"Colisão lateral mesmo sentido";"Com Vítimas Feridas";"Pleno dia";"Crescente";"Sol";"Dupla";"Reta";"Não";3;0;1;1;0;1;2;2;-16,08098188;-54,8728077;"SPRF-MT";"DEL02-MT";"UOP01-DEL02-MT"
380887;2021-09-02;"quinta-feira";"16:59:00";"SC";101;123,5;"ITAJAI";"Velocidade Incompatível";"Engavetamento";"Com Vítimas Feridas";"Pleno dia";"Decrescente";"Céu Claro";"Dupla";"Reta";"Não";6;0;1;0;5;0;1;5;-26,93668609;-48,69876905;"SPRF-SC";"DEL04-SC";"UOP04-DEL04-SC"
380892;2021-09-02;"quinta-feira";"17:15:00";"MG";381;281;"JAGUARACU";"Avarias e/ou desgaste excessivo no pneu";"Colisão com objeto";"Com Vítimas Feridas";"Pleno dia";"Decrescente";"Céu Claro";"Simples";"Reta";"Não";3;0;0;1;1;1;1;3;-19,58055602;-42,72605203;"SPRF-MG";"DEL03-MG";"UOP02-DEL03-MG"
380893;2021-08-04;"quarta-feira";"18:00:00";"SP";116;495;"CAJATI";"Acessar a via sem observar a presença dos outros veículos";"Colisão traseira";"Com Vítimas Feridas";"Plena Noite";"Crescente";"Garoa/Chuvisco";"Dupla";"Reta";"Não";3;0;1;0;0;2;1;3;-24,7531624;-48,1580848;"SPRF-SP";"DEL05-SP";"UOP01-DEL05-SP"
380899;2021-09-02;"quinta-feira";"18:55:00";"PR";376;491;"PONTA GROSSA";"Velocidade Incompatível";"Colisão traseira";"Com Vítimas Feridas";"Plena Noite";"Decrescente";"Céu Claro";"Dupla";"Aclive";"Sim";2;0;1;0;1;0;1;2;-25,15130703;-50,1421625;"SPRF-PR";"DEL03-PR";"UOP01-DEL03-PR"
380901;2021-09-02;"quinta-feira";"19:00:00";"RJ";356;65;"ITALVA";"Velocidade Incompatível";"Tombamento";"Com Vítimas Feridas";"Plena Noite";"Decrescente";"Céu Claro";"Simples";"Curva";"Não";2;0;0;1;0;1;1;2;-21,3435314;-41,7137813;"SPRF-RJ";"DEL08-RJ";"UOP03-DEL08-RJ"
380902;2021-09-02;"quinta-feira";"10:00:00";"MT";70;311;"DOM AQUINO";"Acostamento em desnível";"Saída de leito carroçável";"Sem Vítimas";"Pleno dia";"Crescente";"Céu Claro";"Simples";"Declive";"Não";2;0;0;0;1;3;0;4;-15,56661274;-54,56482092;"SPRF-MT";"DEL05-MT";"UOP01-DEL05-MT"
380907;2021-09-02;"quinta-feira";"09:00:00";"MG";116;161,5;"PONTO DOS VOLANTES";"Transitar na contramão";"Colisão lateral sentido oposto";"Com Vítimas Feridas";"Pleno dia";"Decrescente";"Céu Claro";"Simples";"Curva";"Não";7;0;1;1;1;12;2;13;-16,94236685;-41,45959948;"SPRF-MG";"DEL11-MG";"UOP02-DEL11-MG"
380915;2021-09-02;"quinta-feira";"19:20:00";"MA";222;667;"ACAILANDIA";"Ingestão de álcool pelo condutor";"Colisão lateral mesmo sentido";"Sem Vítimas";"Plena Noite";"Crescente";"Céu Claro";"Simples";"Reta";"Não";5;0;0;0;4;1;0;3;-4,90264174;-47,39968016;"SPRF-MA";"DEL04-MA";"UOP03-DEL04-MA"
380926;2021-09-02;"quinta-feira";"21:00:00";"SP";116;301;"SAO LOURENCO DA SERRA";"Manobra de mudança de faixa";"Colisão lateral mesmo sentido";"Sem Vítimas";"Plena Noite";"Decrescente";"Céu Claro";"Dupla";"Reta";"Não";2;0;0;0;1;1;0;2;-23,81147602;-46,92298208;"SPRF-SP";"DEL04-SP";"UOP01-DEL04-SP"
380936;2021-09-02;"quinta-feira";"21:05:00";"BA";242;399;"SEABRA";"Reação tardia ou ineficiente do condutor";"Saída de leito carroçável";"Com Vítimas Feridas";"Plena Noite";"Crescente";"Céu Claro";"Simples";"Reta";"Não";1;0;1;0;0;0;1;1;-12,47381495;-41,68234998;"SPRF-BA";"DEL06-BA";"UOP01-DEL06-BA"
380937;2021-09-02;"quinta-feira";"22:30:00";"MG";365;657,7;"MONTE ALEGRE DE MINAS";"Reação tardia ou ineficiente do condutor";"Colisão lateral mesmo sentido";"Com Vítimas Feridas";"Plena Noite";"Crescente";"Céu Claro";"Dupla";"Reta";"Não";3;0;1;0;1;1;1;3;-18,88680604;-48,61512899;"SPRF-MG";"DEL15-MG";"UOP01-DEL15-MG"