"id";"data_inversa";"dia_semana";"horario";"uf";"br";"km";"municipio";"causa_acidente";"tipo_acidente";"classificacao_acidente";"fase_dia";"sentido_via";"condicao_metereologica";"tipo_pista";"tracado_via";"uso_solo";"pessoas";"mortos";"feridos_leves";"feridos_graves";"ilesos";"ignorados";"feridos";"veiculos";"latitude";"longitude";"regional";"delegacia";"uop"
380938;2021-09-02;"quinta-feira";"16:35:00";"RS";392;193,5;"SANTANA DA BOA VISTA";"Demais falhas mecânicas ou elétricas";"Saída de leito carroçável";"Sem Vítimas";"Pleno dia";"Decrescente";"Nublado";"Simples";"Curva";"Não";2;0;0;0;1;1;0;2;-30,921031;-53,10501501;"SPRF-RS";"DEL09-RS";"UOP02-DEL09-RS"
380941;2021-09-02;"quinta-feira";"20:55:00";"BA";101;666,3;"ITAPEBI";"Ingestão de álcool pelo condutor";"Tombamento";"Com Vítimas Feridas";"Plena Noite";"Crescente";"Céu Claro";"Simples";"Curva";"Não";2;0;1;0;0;1;1;2;-15,98509392;-39,569664;"SPRF-BA";"DEL09-BA";"UOP01-DEL09-BA"
380942;2021-09-02;"quinta-feira";"23:15:00";"SP";116;135,7;"SAO JOSE DOS CAMPOS";"Ausência de reação do condutor";"Colisão traseira";"Com Vítimas Feridas";"Plena Noite";"Crescente";"Nublado";"Dupla";"Reta";"Não";3;0;1;0;1;1;1;3;-23,144484;-45,77018;"SPRF-SP";"DEL02-SP";"UOP01-DEL02-SP"
380945;2021-09-02;"quinta-feira";"23:15:00";"PR";476;178;"CONTENDA";"Reação tardia ou ineficiente do condutor";"Colisão lateral sentido oposto";"Com Vítimas Feridas";"Pleno dia";"Crescente";"Céu Claro";"Dupla";"Curva";"Não";4;0;0;3;1;0;3;3;-25,699764;-49,572849;"SPRF-PR";"DEL01-PR";"UOP03-DEL01-PR"
380950;2021-09-03;"sexta-feira";"00:10:00";"CE";222;22,5;"CAUCAIA";"Transitar na contramão";"Colisão frontal";"Com Vítimas Feridas";"Plena Noite";"Decrescente";"Céu Claro";"Simples";"Reta";"Não";2;0;1;0;1;0;1;2;-3,7334234;-38,75084288;"SPRF-CE";"DEL01-CE";"UOP01-DEL01-CE"
380951;2021-06-10;"quinta-feira";"20:57:00";"PR";376;470;"PONTA GROSSA";"Deficiência do Sistema de Iluminação/Sinalização";"Colisão traseira";"Com Vítimas Feridas";"Plena Noite";"Crescente";"Nublado";"Dupla";"Reta";"Não";2;0;1;0;0;1;1;2;-25,01854496;-50,33568989;"SPRF-PR";"DEL03-PR";"UOP01-DEL03-PR"
380954;2021-09-02;"quinta-feira";"20:30:00";"GO";364;89;"CACHOEIRA ALTA";"Desrespeitar a preferência no cruzamento";"Colisão transversal";"Com Vítimas Feridas";"Plena Noite";"Decrescente";"Céu Claro";"Dupla";"Interseção de Vias";"Não";5;0;1;0;3;2;1;4;-18,509233;-51,067924;"SPRF-GO";"DEL05-GO";"UOP02-DEL05-GO"
380955;2021-09-02;"quinta-feira";"21:50:00";"SC";101;40,9;"JOINVILLE";"Velocidade Incompatível";"Tombamento";"Com Vítimas Feridas";"Plena Noite";"Decrescente";"Céu Claro";"Dupla";"Curva;Viaduto";"Sim";2;0;1;0;0;1;1;2;-26,27176094;-48,89468382;"SPRF-SC";"DEL03-SC";"UOP01-DEL03-SC"
380956;2021-09-02;"quinta-feira";"14:50:00";"RO";364;297,6;"PRESIDENTE MEDICI";"Acostamento em desnível";"Saída de leito carroçável";"Com Vítimas Feridas";"Pleno dia";"Decrescente";"Céu Claro";"Simples";"Reta";"Não";2;0;1;0;1;0;1;1;-11,271894;-61,902;"SPRF-RO";"DEL02-RO";"UOP01-DEL02-RO"
380960;2021-09-03;"sexta-feira";"03:00:00";"MG";40;821,7;"SIMAO PEREIRA";"Condutor Dormindo";"Colisão traseira";"Com Vítimas Feridas";"Plena Noite";"Decrescente";"Céu Claro";"Dupla";"Reta";"Não";3;0;1;0;1;1;1;3;-21,94462709;-43,30383414;"SPRF-MG";"DEL05-MG";"UOP01-DEL05-MG"
380971;2021-09-02;"quinta-feira";"16:00:00";"SP";116;470;"JACUPIRANGA";"Ausência de reação do condutor";"Capotamento";"Sem Vítimas";"Pleno dia";"Crescente";"Céu Claro";"Dupla";"Curva";"Não";2;0;0;0;1;1;0;1;-24,65403826;-47,95945895;"SPRF-SP";"DEL05-SP";"UOP01-DEL05-SP"
380973;2021-09-03;"sexta-feira";"05:30:00";"PE";407;87;"PETROLINA";"Condutor Dormindo";"Colisão traseira";"Com Vítimas Feridas";"Amanhecer";"Crescente";"Céu Claro";"Simples";"Reta";"Não";16;0;15;0;1;0;15;2;-9,0669548;-40,66823662;"SPRF-PE";"DEL06-PE";"UOP02-DEL06-PE"
380975;2021-09-03;"sexta-feira";"06:50:00";"MG";251;514,6;"MONTES CLAROS";"Reação tardia ou ineficiente do condutor";"Colisão traseira";"Com Vítimas Feridas";"Pleno dia";"Decrescente";"Sol";"Simples";"Reta";"Não";2;0;1;0;1;0;1;2;-16,65853004;-43,735423;"SPRF-MG";"DEL12-MG";"UOP01-DEL12-MG"
380978;2021-09-03;"sexta-feira";"06:50:00";"RS";116;258;"ESTEIO";"Condutor deixou de manter distância do veículo da frente";"Colisão traseira";"Com Vítimas Feridas";"Pleno dia";"Crescente";"Céu Claro";"Múltipla";"Reta";"Sim";2;0;1;0;1;0;1;2;-29,86150502;-51,18091535;"SPRF-RS";"DEL01-RS";"UOP02-DEL01-RS"
380980;2021-09-03;"sexta-feira";"06:50:00";"GO";153;493,9;"GOIANIA";"Condutor deixou de manter distância do veículo da frente";"Engavetamento";"Com Vítimas Feridas";"Pleno dia";"Crescente";"Céu Claro";"Múltipla";"Reta";"Sim";4;0;0;1;3;0;1;3;-16,6537;-49,2172;"SPRF-GO";"DEL01-GO";"UOP01-DEL01-GO"
380981;2021-09-03;"sexta-feira";"07:20:00";"GO";60;94;"ANAPOLIS";"Condutor deixou de manter distância do veículo da frente";"Colisão lateral mesmo sentido";"Com Vítimas Feridas";"Pleno dia";"Crescente";"Céu Claro";"Simples";"Viaduto";"Sim";3;0;1;0;1;1;1;3;-16,3611;-48,9328;"SPRF-GO";"DEL02-GO";"UOP01-DEL02-GO"
380988;2021-09-03;"sexta-feira";"08:14:00";"BA";324;513;"FEIRA DE SANTANA";"Ausência de reação do condutor";"Colisão transversal";"Sem Vítimas";"Pleno dia";"Decrescente";"Céu Claro";"Dupla";"Reta";"Sim";3;0;0;0;2;1;0;3;-12,23102724;-38,95839485;"SPRF-BA";"DEL02-BA";"UOP01-DEL02-BA"
380999;2021-09-03;"sexta-feira";"07:30:00";"GO";364;270;"MINEIROS";"Reação tardia ou ineficiente do condutor";"Colisão com objeto";"Com Vítimas Feridas";"Pleno dia";"Decrescente";"Céu Claro";"Simples";"Aclive;Curva";"Não";4;0;2;0;1;3;2;5;-17,66832;-52,312248;"SPRF-GO";"DEL05-GO";"UOP01-DEL05-GO"
381000;2021-09-03;"sexta-feira";"07:40:00";"SP";116;282;"EMBU DAS ARTES";"Trafegar com motocicleta (ou similar) entre as faixas";"Colisão traseira";"Com Vítimas Feridas";"Pleno dia";"Decrescente";"Céu Claro";"Dupla";"Declive";"Sim";5;0;0;1;3;1;1;4;-23,68570216;-46,85970975;"SPRF-SP";"DEL04-SP";"UOP01-DEL04-SP"
381001;2021-08-27;"sexta-feira";"08:30:00";"BA";242;490;"OLIVEIRA DOS BREJINHOS";"Ultrapassagem Indevida";"Colisão lateral sentido oposto";"Com Vítimas Feridas";"Pleno dia";"Decrescente";"Sol";"Dupla";"Reta";"Não";4;0;1;0;2;6;1;9;-12,40813704;-42,37388109;"SPRF-BA";"DEL06-BA";"UOP01-DEL06-BA"
381003;2021-09-03;"sexta-feira";"08:00:00";"PR";116;107,9;"SAO JOSE DOS PINHAIS";"Velocidade Incompatível";"Colisão traseira";"Sem Vítimas";"Pleno dia";"Crescente";"Céu Claro";"Dupla";"Reta";"Sim";3;0;0;0;2;2;0;4;-25,56989668;-49,18778205;"SPRF-PR";"DEL01-PR";"UOP01-DEL01-PR"
381006;2021-09-02;"quinta-feira";"21:04:00";"MT";364;1135;"SAPEZAL";"Ausência de reação do condutor";"Colisão traseira";"Com Vítimas Fatais";"Plena Noite";"Decrescente";"Nublado";"Simples";"Reta";"Não";5;1;1;1;1;2;2;5;-13,53973138;-58,86449605;"SPRF-MT";"DEL04-MT";"UOP01-DEL04-MT"
381008;2021-09-03;"sexta-feira";"08:50:00";"RJ";116;124;"MAGE";"Condutor deixou de manter distância do veículo da frente";"Atropelamento de Pedestre";"Com Vítimas Feridas";"Pleno dia";"Decrescente";"Céu Claro";"Dupla";"Reta";"Não";6;0;4;0;2;0;4;2;-22,64632807;-43,07016895;"SPRF-RJ";"DEL04-RJ";"UOP02-DEL04-RJ"
381010;2021-09-03;"sexta-feira";"08:15:00";"PE";101;127;"ESCADA";"Manobra de mudança de faixa";"Colisão lateral mesmo sentido";"Sem Vítimas";"Pleno dia";"Decrescente";"Céu Claro";"Múltipla";"Reta";"Sim";3;0;0;0;3;0;0;3;-8,38731502;-35,40567398;"SPRF-PE";"DEL01-PE";"UOP01-DEL01-PE"
381012;2021-09-03;"sexta-feira";"08:30:00";"MA";135;3,5;"SAO LUIS";"Manobra de mudança de faixa";"Colisão lateral mesmo sentido";"Com Vítimas Feridas";"Pleno dia";"Crescente";"Céu Claro";"Dupla";"Declive";"Sim";4;0;1;0;2;1;1;3;-2,606802;-44,247512;"SPRF-MA";"DEL01-MA";"UOP01-DEL01-MA"
381013;2021-09-03;"sexta-feira";"04:20:00";"PI";230;213,8;"OEIRAS";"Condutor Dormindo";"Tombamento";"Com Vítimas Feridas";"Plena Noite";"Decrescente";"Céu Claro";"Simples";"Curva";"Não";2;0;1;0;0;1;1;2;-7,05545414;-42,24211904;"SPRF-PI";"DEL03-PI";"UOP01-DEL03-PI"
381016;2021-09-03;"sexta-feira";"10:45:00";"PR";376;595,9;"CURITIBA";"Velocidade Incompatível";"Colisão traseira";"Sem Vítimas";"Pleno dia";"Crescente";"Céu Claro";"Dupla";"Reta";"Sim";3;0;0;0;2;1;0;3;-25,50055998;-49,3420628;"SPRF-PR";"DEL01-PR";"UOP01-DEL01-PR"
381029;2021-09-03;"sexta-feira";"11:15:00";"RR";401;1;"BOA VISTA";"Ingestão de álcool pelo condutor";"Colisão traseira";"Sem Vítimas";"Pleno dia";"Crescente";"Céu Claro";"Simples";"Rotatória";"Sim";2;0;0;0;2;0;0;2;2,80229396;-60,68243402;"SPRF-RR";"DEL01-RR";"UOP01-DEL01-RR"
381037;2021-09-03;"sexta-feira";"12:50:00";"PR";277;73;"SAO JOSE DOS PINHAIS";"Condutor deixou de manter distância do veículo da frente";"Colisão traseira";"Com Vítimas Feridas";"Pleno dia";"Crescente";"Céu Claro";"Dupla";"Reta";"Sim";5;0;2;0;1;2;2;4;-25,50497945;-49,14668441;"SPRF-PR";"DEL01-PR";"UOP01-DEL01-PR"
381038;2021-09-03;"sexta-feira";"10:45:00";"BA";324;614;"SALVADOR";"Acessar a via sem observar a presença dos outros veículos";"Colisão traseira";"Sem Vítimas";"Pleno dia";"Decrescente";"Chuva";"Simples";"Interseção de Vias";"Sim";2;0;0;0;2;0;0;2;-12,8639793;-38,42370126;"SPRF-BA";"DEL01-BA";"UOP01-DEL01-BA"
381044;2021-09-03;"sexta-feira";"11:40:00";"RO";364;195,4;"PIMENTA BUENO";"Condutor deixou de manter distância do veículo da frente";"Colisão traseira";"Com Vítimas Feridas";"Pleno dia";"Crescente";"Céu Claro";"Simples";"Reta";"Sim";5;0;1;0;4;0;1;2;-11,6932879;-61,17742991;"SPRF-RO";"DEL02-RO";"UOP02-DEL02-RO"
381046;2021-08-16;"segunda-feira";"21:30:00";"SC";280;90,8;"CORUPA";"Velocidade Incompatível";"Saída de leito carroçável";"Com Vítimas Feridas";"Plena Noite";"Decrescente";"Céu Claro";"Simples";"Curva;Declive";"Não";3;0;1;1;0;1;2;2;-26,39826146;-49,29613709;"SPRF-SC";"DEL06-SC";"UOP03-DEL06-SC"
381053;2021-09-03;"sexta-feira";"14:10:00";"PR";373;246;"GUAMIRANGA";"Transitar no acostamento";"Colisão traseira";"Com Vítimas Feridas";"Pleno dia";"Decrescente";"Céu Claro";"Simples";"Curva;Aclive";"Não";3;0;1;1;1;0;2;3;-25,19090525;-50,82302001;"SPRF-PR";"DEL03-PR";"UOP04-DEL03-PR"
381058;2021-09-03;"sexta-feira";"14:50:00";"RS";158;327;"SANTA MARIA";"Condutor deixou de manter distância do veículo da frente";"Colisão traseira";"Com Vítimas Feridas";"Pleno dia";"Crescente";"Nublado";"Simples";"Em Obras;Reta";"Sim";2;0;1;0;1;0;1;2;-29,71246953;-53,81742954;"SPRF-RS";"DEL09-RS";"UOP01-DEL09-RS"
381069;2021-09-03;"sexta-feira";"13:00:00";"MT";70;35;"BARRA DO GARCAS";"Demais falhas mecânicas ou elétricas";"Incêndio";"Sem Vítimas";"Pleno dia";"Crescente";"Céu Claro";"Simples";"Reta";"Não";2;0;0;0;1;2;0;3;-15,77730648;-52,51907594;"SPRF-MT";"DEL07-MT";"UOP01-DEL07-MT"
381070;2021-04-24;"sábado";"06:12:00";"MS";267;11,8;"BATAGUASSU";"Velocidade Incompatível";"Capotamento";"Com Vítimas Feridas";"Pleno dia";"Crescente";"Céu Claro";"Simples";"Reta";"Não";4;0;1;1;1;2;2;4;-21,72527795;-52,24927068;"SPRF-MS";"DEL02-MS";"UOP04-DEL02-MS"
381072;2021-09-03;"sexta-feira";"13:30:00";"SP";116;142,8;"SAO JOSE DOS CAMPOS";"Reação tardia ou ineficiente do condutor";"Colisão traseira";"Com Vítimas Feridas";"Pleno dia";"Decrescente";"Céu Claro";"Múltipla";"Reta";"Não";5;0;2;0;2;1;2;3;-23,17426078;-45,82940111;"SPRF-SP";"DEL02-SP";"UOP01-DEL02-SP"
381073;2021-09-03;"sexta-feira";"15:35:00";"MG";381;680;"PERDOES";"Reação tardia ou ineficiente do condutor";"Colisão traseira";"Com Vítimas Feridas";"Pleno dia";"Crescente";"Céu Claro";"Dupla";"Reta";"Não";3;0;1;0;1;1;1;3;-21,15537584;-45,11394611;"SPRF-MG";"DEL04-MG";"UOP02-DEL04-MG"
381087;2021-09-03;"sexta-feira";"16:30:00";"GO";364;213;"JATAI";"Ultrapassagem Indevida";"Colisão lateral sentido oposto";"Com Vítimas Fatais";"Pleno dia";"Crescente";"Céu Claro";"Simples";"Reta";"Não";3;1;0;0;1;1;0;3;-17,845852;-51,918404;"SPRF-GO";"DEL05-GO";"UOP01-DEL05-GO"
381095;2021-09-03;"sexta-feira";"16:00:00";"MT";364;114;"RONDONOPOLIS";"Conversão proibida";"Colisão transversal";"Com Vítimas Feridas";"Pleno dia";"Crescente";"Nublado";"Dupla";"Reta";"Não";4;0;2;1;0;2;3;4;-16,5413108;-54,66855481;"SPRF-MT";"DEL02-MT";"UOP02-DEL02-MT"
381105;2021-09-03;"sexta-feira";"17:40:00";"SC";101;142;"BALNEARIO CAMBORIU";"Ultrapassagem Indevida";"Colisão lateral mesmo sentido";"Com Vítimas Feridas";"Anoitecer";"Decrescente";"Nublado";"Simples";"Reta";"Não";3;0;1;0;2;0;1;3;-27,056089;-48,599449;"SPRF-SC";"DEL04-SC";"UOP03-DEL04-SC"
381106;2021-09-03;"sexta-feira";"08:10:00";"MA";222;209,7;"ITAPECURU MIRIM";"Condutor deixou de manter distância do veículo da frente";"Colisão traseira";"Com Vítimas Feridas";"Pleno dia";"Decrescente";"Céu Claro";"Simples";"Reta;Ponte";"Sim";6;0;2;0;3;1;2;4;-3,39253383;-44,361763;"SPRF-MA";"DEL01-MA";"UOP02-DEL01-MA"
381108;2021-09-03;"sexta-feira";"18:00:00";"AL";104;14,5;"SAO JOSE DA LAJE";"Animais na Pista";"Atropelamento de Animal";"Com Vítimas Feridas";"Plena Noite";"Crescente";"Chuva";"Simples";"Reta";"Não";8;0;1;1;6;0;2;2;-9,00904202;-36,02981786;"SPRF-AL";"DEL01-AL";"UOP02-DEL01-AL"
381122;2021-09-03;"sexta-feira";"18:30:00";"MG";116;654,5;"SAO FRANCISCO DO GLORIA";"Mal súbito do condutor";"Colisão lateral sentido oposto";"Com Vítimas Feridas";"Plena Noite";"Crescente";"Céu Claro";"Simples";"Curva";"Não";4;0;2;0;1;1;2;4;-20,74096952;-42,28631442;"SPRF-MG";"DEL07-MG";"UOP03-DEL07-MG"
381128;2021-09-03;"sexta-feira";"19:25:00";"MG";262;474,5;"BOM DESPACHO";"Acesso irregular";"Colisão com objeto";"Sem Vítimas";"Plena Noite";"Decrescente";"Céu Claro";"Simples";"Reta";"Não";2;0;0;0;1;2;0;3;-19,79064386;-45,19331799;"SPRF-MG";"DEL08-MG";"UOP03-DEL08-MG"
381141;2021-08-25;"quarta-feira";"10:45:00";"MS";163;255,4;"DOURADOS";"Reação tardia ou ineficiente do condutor";"Colisão com objeto";"Sem Vítimas";"Pleno dia";"Decrescente";"Sol";"Dupla";"Reta";"Não";2;0;0;0;1;1;0;2;-22,27184267;-54,81657129;"SPRF-MS";"DEL04-MS";"UOP01-DEL04-MS"
381143;2021-09-03;"sexta-feira";"16:15:00";"MG";251;473,9;"FRANCISCO SA";"Ultrapassagem Indevida";"Colisão traseira";"Sem Vítimas";"Pleno dia";"Crescente";"Céu Claro";"Simples";"Declive;Reta";"Não";1;0;0;0;1;0;0;1;-16,47012768;-43,44753404;"SPRF-MG";"DEL12-MG";"UOP01-DEL12-MG"
381148;2021-09-03;"sexta-feira";"18:10:00";"RS";285;239;"CIRIACO";"Ingestão de álcool pelo condutor";"Colisão frontal";"Com Vítimas Feridas";"Anoitecer";"Decrescente";"Céu Claro";"Simples";"Reta";"Não";4;0;1;0;2;1;1;3;-28,257433;-51,866848;"SPRF-RS";"DEL08-RS";"UOP03-DEL08-RS"
381151;2021-09-03;"sexta-feira";"07:30:00";"SE";235;4,2;"NOSSA SENHORA DO SOCORRO";"Condutor deixou de manter distância do veículo da frente";"Engavetamento";"Sem Vítimas";"Plena Noite";"Crescente";"Céu Claro";"Dupla";"Reta";"Sim";4;0;0;0;4;0;0;4;-10,9064;-37,1197;"SPRF-SE";"DEL01-SE";"UOP01-DEL01-SE"
381153;2021-09-03;"sexta-feira";"18:50:00";"MG";381;671,3;"PERDOES";"Velocidade Incompatível";"Colisão traseira";"Com Vítimas Feridas";"Plena Noite";"Crescente";"Céu Claro";"Dupla";"Reta";"Não";5;0;2;1;2;0;3;3;-21,0637429;-45,05205573;"SPRF-MG";"DEL04-MG";"UOP02-DEL04-MG"
381166;2021-09-03;"sexta-feira";"18:00:00";"MG";50;109,2;"UBERABA";"Condutor Dormindo";"Saída de leito carroçável";"Com Vítimas Feridas";"Anoitecer";"Crescente";"Céu Claro";"Dupla";"Reta";"Não";3;0;1;0;1;2;1;4;-19,21477497;-48,1473349;"SPRF-MG";"DEL13-MG";"UOP01-DEL13-MG"
381167;2021-09-03;"sexta-feira";"16:06:00";"SC";101;55;"JOINVILLE";"Reação tardia ou ineficiente do condutor";"Engavetamento";"Com Vítimas Feridas";"Pleno dia";"Crescente";"Céu Claro";"Dupla";"Reta";"Não";14;0;2;0;11;2;2;7;-26,42280898;-48,82977496;"SPRF-SC";"DEL03-SC";"UOP01-DEL03-SC"
381171;2021-09-03;"sexta-feira";"18:00:00";"SC";280;5,9;"SAO FRANCISCO DO SUL";"Reação tardia ou ineficiente do condutor";"Colisão traseira";"Com Vítimas Feridas";"Pleno dia";"Crescente";"Nublado";"Simples";"Reta";"Sim";3;0;2;0;1;0;2;2;-26,26525735;-48,63297701;"SPRF-SC";"DEL03-SC";"UOP03-DEL03-SC"
381173;2021-09-03;"sexta-feira";"20:45:00";"SP";116;269,2;"TABOAO DA SERRA";"Ausência de reação do condutor";"Colisão lateral mesmo sentido";"Com Vítimas Feridas";"Pleno dia";"Crescente";"Nublado";"Dupla";"Reta";"Sim";3;0;1;0;2;0;1;3;-23,61593059;-46,78826044;"SPRF-SP";"DEL04-SP";"UOP01-DEL04-SP"
381174;2021-09-03;"sexta-feira";"16:00:00";"MA";222;503;"BURITICUPU";"Velocidade Incompatível";"Colisão traseira";"Com Vítimas Fatais";"Pleno dia";"Crescente";"Céu Claro";"Simples";"Reta";"Não";2;1;0;0;1;0;0;2;-4,31447475;-46,27139898;"SPRF-MA";"DEL02-MA";"UOP01-DEL02-MA"
381180;2021-09-03;"sexta-feira";"21:35:00";"PE";101;67,1;"RECIFE";"Demais falhas mecânicas ou elétricas";"Saída de leito carroçável";"Sem Vítimas";"Plena Noite";"Crescente";"Nublado";"Dupla";"Reta";"Sim";2;0;0;0;1;1;0;2;-8,044457;-34,944022;"SPRF-PE";"DEL01-PE";"UOP01-DEL01-PE"
381181;2021-09-03;"sexta-feira";"20:30:00";"RO";364;625;"ITAPUA DO OESTE";"Ingestão de álcool pelo condutor";"Colisão lateral mesmo sentido";"Sem Vítimas";"Plena Noite";"Decrescente";"Céu Claro";"Simples";"Reta";"Não";2;0;0;0;2;0;0;2;-9,07232733;-63,327805;"SPRF-RO";"DEL01-RO";"UOP04-DEL01-RO"
381183;2021-09-03;"sexta-feira";"21:50:00";"PR";277;331;"GUARAPUAVA";"Ultrapassagem Indevida";"Colisão lateral mesmo sentido";"Sem Vítimas";"Plena Noite";"Decrescente";"Céu Claro";"Dupla";"Reta";"Não";2;0;0;0;2;0;0;2;-25,37369557;-51,31824195;"SPRF-PR";"DEL08-PR";"UOP01-DEL08-PR"
381184;2021-09-03;"sexta-feira";"17:20:00";"MG";365;393,3;"PATOS DE MINAS";"Velocidade Incompatível";"Tombamento";"Sem Vítimas";"Anoitecer";"Decrescente";"Céu Claro";"Simples";"Curva";"Não";2;0;0;0;1;2;0;3;-18,63481872;-46,34836686;"SPRF-MG";"DEL10-MG";"UOP01-DEL10-MG"
381188;2021-09-03;"sexta-feira";"18:30:00";"RO";435;85,4;"COLORADO DO OESTE";"Curva acentuada";"Colisão transversal";"Com Vítimas Feridas";"Plena Noite";"Crescente";"Céu Claro";"Simples";"Interseção de Vias";"Sim";2;0;1;0;0;1;1;2;-13,1210782;-60,54469943;"SPRF-RO";"DEL04-RO";"UOP02-DEL04-RO"
381198;2021-09-03;"sexta-feira";"23:30:00";"MG";381;943,8;"EXTREMA";"Condutor deixou de manter distância do veículo da frente";"Colisão traseira";"Com Vítimas Feridas";"Plena Noite";"Decrescente";"Céu Claro";"Dupla";"Reta";"Não";3;0;1;0;0;2;1;3;-22,87018424;-46,3581479;"SPRF-MG";"DEL16-MG";"UOP03-DEL16-MG"
381199;2021-09-04;"sábado";"00:15:00";"GO";20;48;"FORMOSA";"Demais falhas mecânicas ou elétricas";"Incêndio";"Sem Vítimas";"Plena Noite";"Crescente";"Céu Claro";"Simples";"Reta";"Não";2;0;0;0;1;2;0;3;-15,34398;-47,120541;"SPRF-DF";"DEL02-DF";"UOP01-DEL02-DF"
381200;2021-09-03;"sexta-feira";"22:05:00";"MG";116;712,8;"MURIAE";"Velocidade Incompatível";"Tombamento";"Com Vítimas Feridas";"Plena Noite";"Decrescente";"Céu Claro";"Simples";"Curva";"Não";2;0;1;0;0;1;1;2;-21,17559299;-42,37196176;"SPRF-MG";"DEL07-MG";"UOP02-DEL07-MG"
381201;2021-09-04;"sábado";"00:30:00";"ES";101;93;"JAGUARE";"Ingestão de álcool pelo condutor";"Colisão frontal";"Com Vítimas Fatais";"Plena Noite";"Decrescente";"Céu Claro";"Simples";"Reta;Declive";"Sim";3;1;0;0;1;1;0;3;-18,92266916;-39,96785068;"SPRF-ES";"DEL04-ES";"UOP02-DEL04-ES"
381202;2021-09-03;"sexta-feira";"20:00:00";"GO";20;194;"POSSE";"Obstrução na via";"Colisão traseira";"Com Vítimas Feridas";"Pleno dia";"Decrescente";"Céu Claro";"Simples";"Curva";"Não";3;0;1;0;1;2;1;4;-14,36429;-46,444462;"SPRF-DF";"DEL02-DF";"UOP03-DEL02-DF"
381208;2021-09-03;"sexta-feira";"23:40:00";"MS";262;607;"MIRANDA";"Problema com o freio";"Incêndio";"Sem Vítimas";"Plena Noite";"Crescente";"Céu Claro";"Simples";"Reta";"Não";2;0;0;0;1;1;0;2;-20,05195977;-56,78093371;"SPRF-MS";"DEL03-MS";"UOP02-DEL03-MS"
381209;2021-09-04;"sábado";"01:15:00";"SP";116;507;"CAJATI";"Velocidade Incompatível";"Tombamento";"Com Vítimas Feridas";"Plena Noite";"Decrescente";"Céu Claro";"Simples";"Curva";"Não";1;0;1;0;0;0;1;1;-24,805288;-48,214966;"SPRF-SP";"DEL05-SP";"UOP02-DEL05-SP"
381214;2021-09-04;"sábado";"01:15:00";"MS";163;589,7;"BANDEIRANTES";"Condutor Dormindo";"Colisão com objeto";"Com Vítimas Feridas";"Plena Noite";"Crescente";"Céu Claro";"Dupla";"Reta";"Não";1;0;1;0;0;0;1;1;-19,57862412;-54,41137514;"SPRF-MS";"DEL06-MS";"UOP02-DEL06-MS"
381215;2021-09-04;"sábado";"02:00:00";"PE";232;265,8;"SERTANIA";"Faróis desregulados";"Tombamento";"Com Vítimas Feridas";"Plena Noite";"Crescente";"Céu Claro";"Simples";"Reta";"Não";2;0;1;0;0;1;1;2;-8,40839508;-37,17389501;"SPRF-PE";"DEL03-PE";"UOP02-DEL03-PE"
381221;2021-09-04;"sábado";"03:10:00";"BA";116;586,8;"NOVA ITARANA";"Condutor Dormindo";"Colisão frontal";"Com Vítimas Fatais";"Plena Noite";"Crescente";"Garoa/Chuvisco";"Simples";"Curva";"Não";5;1;0;3;1;0;3;2;-13,142503;-40,005269;"SPRF-BA";"DEL03-BA";"UOP02-DEL03-BA"
381223;2021-09-04;"sábado";"01:20:00";"BA";116;723,9;"MANOEL VITORINO";"Velocidade Incompatível";"Saída de leito carroçável";"Com Vítimas Feridas";"Plena Noite";"Decrescente";"Céu Claro";"Simples";"Curva";"Não";2;0;1;0;0;1;1;2;-14,267196;-40,290502;"SPRF-BA";"DEL08-BA";"UOP02-DEL08-BA"
381228;2021-09-03;"sexta-feira";"17:45:00";"MS";60;180;"CAMAPUA";"Avarias e/ou desgaste excessivo no pneu";"Tombamento";"Com Vítimas Feridas";"Anoitecer";"Crescente";"Céu Claro";"Simples";"Reta";"Não";2;0;1;0;0;1;1;2;-19,52817964;-53,90522912;"SPRF-MS";"DEL06-MS";"UOP02-DEL06-MS"
381234;2021-09-04;"sábado";"05:00:00";"PA";230;93;"SAO JOAO DO ARAGUAIA";"Manobra de mudança de faixa";"Colisão frontal";"Com Vítimas Fatais";"Plena Noite";"Crescente";"Nublado";"Simples";"Aclive";"Não";3;1;0;0;1;2;0;4;-5,44787864;-48,90256682;"SPRF-PA";"DEL03-PA";"UOP01-DEL03-PA"
381240;2021-09-04;"sábado";"05:00:00";"GO";414;416;"ABADIANIA";"Demais falhas mecânicas ou elétricas";"Tombamento";"Com Vítimas Feridas";"Amanhecer";"Crescente";"Céu Claro";"Simples";"Declive;Curva";"Não";2;0;1;0;0;2;1;3;-16,10363196;-48,86668801;"SPRF-GO";"DEL02-GO";"UOP01-DEL02-GO"
381250;2021-09-04;"sábado";"07:00:00";"MG";267;74,7;"JUIZ DE FORA";"Velocidade Incompatível";"Tombamento";"Com Vítimas Feridas";"Pleno dia";"Decrescente";"Céu Claro";"Simples";"Curva";"Não";1;0;0;1;0;0;1;1;-21,7621303;-43,23188782;"SPRF-MG";"DEL05-MG";"UOP01-DEL05-MG"
381252;2021-09-04;"sábado";"06:00:00";"SC";163;85,9;"GUARACIABA";"Ausência de reação do condutor";"Colisão lateral sentido oposto";"Sem Vítimas";"Amanhecer";"Crescente";"Céu Claro";"Simples";"Declive;Reta";"Sim";3;0;0;0;2;2;0;4;-26,60730301;-53,51704391;"SPRF-SC";"DEL07-SC";"UOP03-DEL07-SC"