"id";"data_inversa";"dia_semana";"horario";"uf";"br";"km";"municipio";"causa_acidente";"tipo_acidente";"classificacao_acidente";"fase_dia";"sentido_via";"condicao_metereologica";"tipo_pista";"tracado_via";"uso_solo";"pessoas";"mortos";"feridos_leves";"feridos_graves";"ilesos";"ignorados";"feridos";"veiculos";"latitude";"longitude";"regional";"delegacia";"uop"
382122;2021-09-07;"terça-feira";"17:30:00";"PB";230;481,6;"SAO JOAO DO RIO DO PEIXE";"Condutor Dormindo";"Saída de leito carroçável";"Com Vítimas Feridas";"Anoitecer";"Decrescente";"Céu Claro";"Simples";"Reta";"Não";3;0;0;1;0;2;1;1;-6,8451;-38,354;"SPRF-PB";"DEL03-PB";"UOP03-DEL03-PB"
382138;2021-09-07;"terça-feira";"20:05:00";"MG";381;455;"BELO HORIZONTE";"Conversão proibida";"Colisão transversal";"Sem Vítimas";"Plena Noite";"Crescente";"Céu Claro";"Simples";"Declive;Reta";"Sim";3;0;0;0;2;1;0;3;-19,85777408;-43,90468298;"SPRF-MG";"DEL01-MG";"UOP01-DEL01-MG"
382140;2021-09-07;"terça-feira";"19:30:00";"RS";386;101,1;"SAO JOSE DAS MISSOES";"Velocidade Incompatível";"Saída de leito carroçável";"Com Vítimas Fatais";"Plena Noite";"Crescente";"Nublado";"Simples";"Curva";"Não";2;1;0;0;0;2;0;3;-27,76151247;-53,11410297;"SPRF-RS";"DEL08-RS";"UOP01-DEL08-RS"
382146;2021-09-07;"terça-feira";"20:40:00";"PR";277;658,8;"MATELANDIA";"Ingestão de álcool pelo condutor";"Saída de leito carroçável";"Sem Vítimas";"Plena Noite";"Crescente";"Céu Claro";"Simples";"Reta";"Não";1;0;0;0;1;0;0;1;-25,2426837;-53,97329107;"SPRF-PR";"DEL05-PR";"UOP02-DEL05-PR"
382158;2021-09-07;"terça-feira";"21:00:00";"MA";316;586;"CAXIAS";"Ultrapassagem Indevida";"Colisão lateral sentido oposto";"Com Vítimas Fatais";"Plena Noite";"Decrescente";"Céu Claro";"Simples";"Aclive";"Não";2;1;0;0;0;1;0;2;-4,98457;-43,07259;"SPRF-MA";"DEL03-MA";"UOP02-DEL03-MA"
382175;2021-09-08;"quarta-feira";"00:30:00";"RS";386;381,5;"TABAI";"Condutor Dormindo";"Saída de leito carroçável";"Com Vítimas Feridas";"Plena Noite";"Crescente";"Garoa/Chuvisco";"Dupla";"Reta";"Não";2;0;1;0;0;1;1;2;-29,655523;-51,750919;"SPRF-RS";"DEL04-RS";"UOP02-DEL04-RS"
382181;2021-09-08;"quarta-feira";"02:20:00";"PB";101;103,1;"ALHANDRA";"Ausência de reação do condutor";"Colisão traseira";"Com Vítimas Feridas";"Plena Noite";"Crescente";"Nublado";"Dupla";"Reta";"Não";3;0;0;1;1;2;1;4;-7,29163604;-34,93807826;"SPRF-PB";"DEL01-PB";"UOP02-DEL01-PB"
382191;2021-09-08;"quarta-feira";"04:45:00";"MS";163;320,9;"RIO BRILHANTE";"Animais na Pista";"Atropelamento de Animal";"Com Vítimas Feridas";"Plena Noite";"Crescente";"Céu Claro";"Simples";"Reta";"Não";3;0;1;0;1;1;1;3;-21,80339395;-54,5252655;"SPRF-MS";"DEL02-MS";"UOP02-DEL02-MS"
382194;2021-09-08;"quarta-feira";"05:45:00";"PR";116;205,2;"RIO NEGRO";"Ingestão de álcool pelo condutor";"Colisão frontal";"Sem Vítimas";"Amanhecer";"Crescente";"Nublado";"Simples";"Curva";"Não";3;0;0;0;2;1;0;3;-26,07665111;-49,75129187;"SPRF-SC";"DEL06-SC";"UOP01-DEL06-SC"
382195;2021-09-08;"quarta-feira";"06:58:00";"BA";116;777;"PLANALTO";"Desrespeitar a preferência no cruzamento";"Colisão transversal";"Com Vítimas Feridas";"Pleno dia";"Decrescente";"Céu Claro";"Simples";"Reta";"Sim";4;0;1;1;1;1;2;3;-14,670955;-40,478716;"SPRF-BA";"DEL08-BA";"UOP02-DEL08-BA"
382201;2021-09-08;"quarta-feira";"06:00:00";"MT";70;208,5;"GENERAL CARNEIRO";"Condutor Dormindo";"Tombamento";"Com Vítimas Feridas";"Pleno dia";"Crescente";"Céu Claro";"Simples";"Curva";"Não";2;0;0;1;0;1;1;2;-15,74145115;-53,79746002;"SPRF-MT";"DEL05-MT";"UOP01-DEL05-MT"
382205;2021-09-08;"quarta-feira";"07:20:00";"GO";153;631;"MORRINHOS";"Condutor Dormindo";"Colisão traseira";"Com Vítimas Feridas";"Pleno dia";"Crescente";"Céu Claro";"Dupla";"Reta";"Não";3;0;1;0;1;1;1;3;-17,8017;-49,2067;"SPRF-GO";"DEL03-GO";"UOP01-DEL03-GO"
382212;2021-09-08;"quarta-feira";"07:40:00";"RJ";101;306,3;"SAO GONCALO";"Reação tardia ou ineficiente do condutor";"Colisão traseira";"Com Vítimas Feridas";"Pleno dia";"Crescente";"Sol";"Dupla";"Reta";"Sim";4;0;0;1;2;1;1;4;-22,78981234;-43,0087924;"SPRF-RJ";"DEL02-RJ";"UOP02-DEL02-RJ"
382216;2021-09-08;"quarta-feira";"03:00:00";"BA";116;779;"PLANALTO";"Retorno proibido";"Colisão transversal";"Com Vítimas Fatais";"Plena Noite";"Crescente";"Céu Claro";"Simples";"Reta";"Não";2;1;0;0;1;0;0;2;-14,62420805;-40,44735388;"SPRF-BA";"DEL08-BA";"UOP02-DEL08-BA"
382218;2021-09-08;"quarta-feira";"06:45:00";"RS";386;272,2;"FONTOURA XAVIER";"Condutor Dormindo";"Saída de leito carroçável";"Com Vítimas Feridas";"Amanhecer";"Decrescente";"Chuva";"Simples";"Curva";"Não";1;0;1;0;0;0;1;1;-28,98914;-52,366314;"SPRF-RS";"DEL04-RS";"UOP03-DEL04-RS"
382222;2021-08-07;"sábado";"13:15:00";"SP";381;76,1;"SAO PAULO";"Velocidade Incompatível";"Colisão traseira";"Com Vítimas Feridas";"Pleno dia";"Decrescente";"Céu Claro";"Dupla";"Aclive;Curva";"Não";2;0;1;0;1;0;1;2;-23,38372401;-46,56502116;"SPRF-SP";"DEL03-SP";"UOP01-DEL03-SP"
382224;2021-09-08;"quarta-feira";"07:30:00";"RJ";493;104;"SEROPEDICA";"Condutor deixou de manter distância do veículo da frente";"Queda de ocupante de veículo";"Com Vítimas Feridas";"Pleno dia";"Decrescente";"Céu Claro";"Dupla";"Reta";"Não";2;0;0;1;1;0;1;2;-22,75528748;-43,72970581;"SPRF-RJ";"DEL03-RJ";"UOP01-DEL03-RJ"
382226;2021-09-08;"quarta-feira";"08:15:00";"RS";158;317;"SANTA MARIA";"Velocidade Incompatível";"Tombamento";"Com Vítimas Feridas";"Pleno dia";"Crescente";"Garoa/Chuvisco";"Simples";"Curva";"Não";3;0;1;1;0;2;2;4;-29,65917365;-53,77436399;"SPRF-RS";"DEL09-RS";"UOP01-DEL09-RS"
382237;2021-09-08;"quarta-feira";"09:55:00";"PR";116;32,1;"CAMPINA GRANDE DO SUL";"Velocidade Incompatível";"Tombamento";"Sem Vítimas";"Pleno dia";"Decrescente";"Céu Claro";"Dupla";"Curva";"Não";2;0;0;0;1;1;0;2;-25,10934456;-48,84302616;"SPRF-PR";"DEL01-PR";"UOP02-DEL01-PR"
382242;2021-09-08;"quarta-feira";"10:10:00";"PA";316;111;"SANTA MARIA DO PARA";"Transitar na contramão";"Colisão frontal";"Com Vítimas Feridas";"Pleno dia";"Crescente";"Nublado";"Simples";"Curva";"Não";4;0;2;0;2;0;2;2;-1,31708992;-47,51316503;"SPRF-PA";"DEL01-PA";"UOP02-DEL01-PA"
382243;2021-09-08;"quarta-feira";"10:30:00";"PB";101;84;"BAYEUX";"Manobra de mudança de faixa";"Colisão lateral mesmo sentido";"Com Vítimas Feridas";"Pleno dia";"Decrescente";"Céu Claro";"Dupla";"Reta";"Não";2;0;1;0;0;1;1;2;-7,139579064;-34,9231280561;"SPRF-PB";"DEL01-PB";"UOP01-DEL01-PB"
382246;2021-08-28;"sábado";"15:35:00";"GO";364;166;"JATAI";"Frear bruscamente";"Colisão traseira";"Com Vítimas Feridas";"Pleno dia";"Crescente";"Céu Claro";"Simples";"Reta";"Não";2;0;0;1;1;0;1;2;-18,065742;-51,537868;"SPRF-GO";"DEL05-GO";"UOP01-DEL05-GO"
382252;2021-09-08;"quarta-feira";"11:30:00";"PR";163;344,2;"GUAIRA";"Transitar na contramão";"Colisão frontal";"Sem Vítimas";"Pleno dia";"Decrescente";"Garoa/Chuvisco";"Simples";"Reta";"Sim";3;0;0;0;3;0;0;2;-24,10769504;-54,23912644;"SPRF-PR";"DEL06-PR";"UOP01-DEL06-PR"
382257;2021-09-08;"quarta-feira";"11:40:00";"PR";376;194,7;"MARIALVA";"Condutor deixou de manter distância do veículo da frente";"Colisão traseira";"Com Vítimas Feridas";"Pleno dia";"Crescente";"Céu Claro";"Dupla";"Curva";"Não";3;0;0;1;2;0;1;2;-23,50292222;-51,79813385;"SPRF-PR";"DEL09-PR";"UOP01-DEL09-PR"
382259;2021-05-23;"domingo";"14:25:00";"BA";101;258;"SANTO ANTONIO DE JESUS";"Acessar a via sem observar a presença dos outros veículos";"Colisão transversal";"Com Vítimas Fatais";"Pleno dia";"Decrescente";"Céu Claro";"Dupla";"Interseção de Vias";"Sim";3;2;0;0;1;0;0;2;-13,04898597;-39,28532574;"SPRF-BA";"DEL01-BA";"UOP02-DEL01-BA"
382262;2021-09-08;"quarta-feira";"12:20:00";"SC";280;120;"RIO NEGRINHO";"Entrada inopinada do pedestre";"Atropelamento de Pedestre";"Com Vítimas Feridas";"Pleno dia";"Crescente";"Sol";"Simples";"Rotatória";"Não";2;0;1;0;1;0;1;2;-26,26094075;-49,44273982;"SPRF-SC";"DEL06-SC";"UOP03-DEL06-SC"
382269;2021-09-08;"quarta-feira";"13:30:00";"PR";376;176,7;"MARINGA";"Manobra de mudança de faixa";"Colisão lateral mesmo sentido";"Sem Vítimas";"Pleno dia";"Crescente";"Céu Claro";"Múltipla";"Reta";"Sim";2;0;0;0;2;0;0;2;-23,4192146;-51,91293985;"SPRF-PR";"DEL09-PR";"UOP01-DEL09-PR"
382270;2021-09-08;"quarta-feira";"13:45:00";"SP";116;362,6;"MIRACATU";"Velocidade Incompatível";"Tombamento";"Com Vítimas Feridas";"Pleno dia";"Crescente";"Nublado";"Dupla";"Curva";"Não";2;0;1;0;0;1;1;2;-24,1220177;-47,27047772;"SPRF-SP";"DEL04-SP";"UOP02-DEL04-SP"
382271;2021-09-08;"quarta-feira";"11:30:00";"BA";101;501;"ITABUNA";"Acessar a via sem observar a presença dos outros veículos";"Colisão frontal";"Com Vítimas Feridas";"Pleno dia";"Crescente";"Sol";"Simples";"Retorno Regulamentado";"Não";3;0;1;0;1;1;1;2;-14,91657495;-39,29124615;"SPRF-BA";"DEL05-BA";"UOP01-DEL05-BA"
382276;2021-09-08;"quarta-feira";"14:30:00";"CE";222;4,2;"CAUCAIA";"Demais falhas mecânicas ou elétricas";"Colisão com objeto";"Com Vítimas Feridas";"Pleno dia";"Decrescente";"Céu Claro";"Dupla";"Reta";"Sim";2;0;1;0;1;0;1;2;-3,74164754;-38,60449792;"SPRF-CE";"DEL01-CE";"UOP01-DEL01-CE"
382287;2021-09-08;"quarta-feira";"14:15:00";"MG";40;457,2;"CAETANOPOLIS";"Demais falhas na via";"Incêndio";"Sem Vítimas";"Pleno dia";"Crescente";"Céu Claro";"Dupla";"Reta";"Não";2;0;0;0;1;3;0;4;-19,371466;-44,336132;"SPRF-MG";"DEL02-MG";"UOP01-DEL02-MG"
382289;2021-08-31;"terça-feira";"14:00:00";"PE";428;100;"SANTA MARIA DA BOA VISTA";"Acumulo de areia ou detritos sobre o pavimento";"Eventos atípicos";"Sem Vítimas";"Pleno dia";"Decrescente";"Sol";"Simples";"Reta";"Não";2;0;0;0;1;1;0;2;-8,83744029;-39,95764882;"SPRF-PE";"DEL06-PE";"UOP03-DEL06-PE"
382292;2021-09-08;"quarta-feira";"14:40:00";"MG";381;738,5;"TRES CORACOES";"Condutor Dormindo";"Saída de leito carroçável";"Com Vítimas Feridas";"Pleno dia";"Decrescente";"Sol";"Dupla";"Declive;Curva";"Não";3;0;1;0;1;3;1;5;-21,59061397;-45,23701072;"SPRF-MG";"DEL16-MG";"UOP02-DEL16-MG"
382294;2021-09-08;"quarta-feira";"15:15:00";"PR";277;128;"CAMPO LARGO";"Demais falhas mecânicas ou elétricas";"Tombamento";"Com Vítimas Feridas";"Pleno dia";"Decrescente";"Céu Claro";"Dupla";"Curva;Declive";"Não";1;0;1;0;0;0;1;1;-25,471823;-49,622892;"SPRF-PR";"DEL01-PR";"UOP03-DEL03-PR"
382299;2021-09-08;"quarta-feira";"15:30:00";"RJ";40;25;"TRES RIOS";"Velocidade Incompatível";"Tombamento";"Com Vítimas Feridas";"Pleno dia";"Crescente";"Sol";"Dupla";"Curva";"Não";2;0;1;0;0;1;1;2;-22,14503831;-43,15854549;"SPRF-RJ";"DEL05-RJ";"UOP02-DEL05-RJ"
382301;2021-09-08;"quarta-feira";"05:00:00";"SC";153;4,8;"AGUA DOCE";"Ausência de reação do condutor";"Tombamento";"Com Vítimas Feridas";"Amanhecer";"Crescente";"Nublado";"Simples";"Reta";"Não";2;0;1;0;0;1;1;2;-26,635151;-51,508949;"SPRF-SC";"DEL07-SC";"UOP05-DEL07-SC"
382304;2021-09-08;"quarta-feira";"14:35:00";"AC";364;111;"RIO BRANCO";"Chuva";"Colisão traseira";"Com Vítimas Feridas";"Pleno dia";"Decrescente";"Chuva";"Simples";"Reta";"Não";4;0;1;0;3;0;1;2;-10,01385354;-67,67411099;"SPRF-AC";"DEL01-AC";"UOP01-DEL01-AC"
382327;2021-09-08;"quarta-feira";"19:15:00";"PR";277;9;"PARANAGUA";"Ingestão de álcool pelo condutor";"Tombamento";"Sem Vítimas";"Plena Noite";"Crescente";"Chuva";"Dupla";"Reta";"Não";4;0;0;0;3;2;0;5;-25,568198;-48,615292;"SPRF-PR";"DEL01-PR";"UOP05-DEL01-PR"
382329;2021-09-08;"quarta-feira";"19:00:00";"MS";262;388;"TERENOS";"Manobra de mudança de faixa";"Colisão lateral sentido oposto";"Com Vítimas Feridas";"Plena Noite";"Crescente";"Nublado";"Simples";"Reta";"Não";5;0;1;0;3;1;1;2;-20,42768837;-54,91005607;"SPRF-MS";"DEL01-MS";"UOP03-DEL01-MS"
382330;2021-09-08;"quarta-feira";"17:40:00";"MG";381;750,2;"TRES CORACOES";"Velocidade Incompatível";"Saída de leito carroçável";"Com Vítimas Feridas";"Anoitecer";"Crescente";"Céu Claro";"Dupla";"Curva";"Não";2;0;1;0;0;2;1;3;-21,66711081;-45,31607202;"SPRF-MG";"DEL16-MG";"UOP02-DEL16-MG"
382335;2021-09-08;"quarta-feira";"20:00:00";"MG";50;72;"UBERLANDIA";"Entrada inopinada do pedestre";"Atropelamento de Pedestre";"Com Vítimas Fatais";"Plena Noite";"Crescente";"Céu Claro";"Dupla";"Reta";"Sim";2;1;0;0;1;0;0;2;-18,85140204;-48,25345932;"SPRF-MG";"DEL15-MG";"UOP01-DEL15-MG"
382340;2021-09-08;"quarta-feira";"16:00:00";"AM";174;1001;"PRESIDENTE FIGUEIREDO";"Transitar na contramão";"Colisão lateral sentido oposto";"Com Vítimas Feridas";"Pleno dia";"Decrescente";"Céu Claro";"Simples";"Declive;Reta";"Não";6;0;1;0;4;2;1;4;-1,95994527;-60,03606454;"SPRF-AM";"DEL01-AM";"UOP02-DEL01-AM"
382350;2021-09-08;"quarta-feira";"22:24:00";"SP";116;371,9;"MIRACATU";"Pedestre andava na pista";"Atropelamento de Pedestre";"Com Vítimas Fatais";"Plena Noite";"Decrescente";"Chuva";"Dupla";"Reta";"Não";3;1;0;0;1;1;0;3;-24,15895294;-47,32653413;"SPRF-SP";"DEL04-SP";"UOP02-DEL04-SP"
382352;2021-09-08;"quarta-feira";"23:00:00";"SP";116;132;"CACAPAVA";"Ausência de reação do condutor";"Colisão traseira";"Com Vítimas Feridas";"Plena Noite";"Decrescente";"Nublado";"Dupla";"Reta";"Sim";2;0;1;0;1;0;1;2;-23,13169757;-45,74481322;"SPRF-SP";"DEL02-SP";"UOP02-DEL02-SP"
382353;2021-09-08;"quarta-feira";"16:00:00";"MT";174;121;"MIRASSOL DOESTE";"Velocidade Incompatível";"Tombamento";"Com Vítimas Feridas";"Pleno dia";"Decrescente";"Chuva";"Simples";"Aclive;Curva";"Não";1;0;1;0;0;0;1;1;-15,82868461;-58,05567703;"SPRF-MT";"DEL03-MT";"UOP01-DEL03-MT"
382355;2021-09-06;"segunda-feira";"06:55:00";"RJ";101;325;"NITEROI";"Ausência de reação do condutor";"Colisão traseira";"Com Vítimas Feridas";"Pleno dia";"Decrescente";"Céu Claro";"Dupla";"Reta";"Não";2;0;0;1;1;0;1;2;-22,87292569;-43,13625699;"SPRF-RJ";"DEL02-RJ";"UOP02-DEL02-RJ"
382360;2021-09-09;"quinta-feira";"01:50:00";"RS";285;299,8;"PASSO FUNDO";"Acessar a via sem observar a presença dos outros veículos";"Colisão transversal";"Com Vítimas Feridas";"Plena Noite";"Crescente";"Nublado";"Simples";"Interseção de Vias";"Sim";3;0;1;0;2;0;1;2;-28,234184;-52,43314;"SPRF-RS";"DEL08-RS";"UOP03-DEL08-RS"
382361;2021-05-03;"segunda-feira";"08:00:00";"GO";40;3,6;"VALPARAISO DE GOIAS";"Ausência de reação do condutor";"Colisão lateral mesmo sentido";"Com Vítimas Feridas";"Pleno dia";"Decrescente";"Céu Claro";"Dupla";"Reta";"Sim";3;0;1;0;1;1;1;3;-16,076081;-47,985671;"SPRF-DF";"DEL01-DF";"UOP01-DEL01-DF"
382364;2021-09-09;"quinta-feira";"04:50:00";"MG";40;405;"CURVELO";"Condutor Dormindo";"Colisão traseira";"Com Vítimas Feridas";"Amanhecer";"Crescente";"Céu Claro";"Simples";"Reta";"Não";3;0;1;0;1;1;1;3;-19,07431507;-44,65434358;"SPRF-MG";"DEL02-MG";"UOP01-DEL02-MG"
382367;2021-09-09;"quinta-feira";"04:55:00";"MG";116;220;"CATUJI";"Ausência de reação do condutor";"Tombamento";"Com Vítimas Feridas";"Amanhecer";"Decrescente";"Céu Claro";"Simples";"Curva";"Não";2;0;1;0;0;1;1;2;-17,40682777;-41,51524967;"SPRF-MG";"DEL11-MG";"UOP01-DEL11-MG"
382368;2021-09-09;"quinta-feira";"06:00:00";"SP";116;90,5;"PINDAMONHANGABA";"Manobra de mudança de faixa";"Colisão lateral mesmo sentido";"Com Vítimas Feridas";"Pleno dia";"Decrescente";"Céu Claro";"Dupla";"Reta";"Não";4;0;1;0;2;1;1;3;-22,94361839;-45,3873088;"SPRF-SP";"DEL08-SP";"UOP01-DEL08-SP"
382369;2021-09-08;"quarta-feira";"22:30:00";"PI";230;182;"OEIRAS";"Demais falhas mecânicas ou elétricas";"Incêndio";"Sem Vítimas";"Plena Noite";"Decrescente";"Céu Claro";"Simples";"Reta";"Não";2;0;0;0;0;2;0;2;-6,95378965;-42,00670368;"SPRF-PI";"DEL04-PI";"UOP01-DEL04-PI"
382371;2021-09-03;"sexta-feira";"19:30:00";"PE";428;186;"PETROLINA";"Pedestre andava na pista";"Atropelamento de Pedestre";"Com Vítimas Feridas";"Plena Noite";"Decrescente";"Céu Claro";"Simples";"Reta;Em Obras";"Sim";2;0;0;1;1;0;1;2;-9,36023563;-40,48064947;"SPRF-PE";"DEL06-PE";"UOP01-DEL06-PE"
382372;2021-09-09;"quinta-feira";"07:00:00";"SP";116;215,5;"GUARULHOS";"Acessar a via sem observar a presença dos outros veículos";"Colisão lateral mesmo sentido";"Com Vítimas Feridas";"Pleno dia";"Decrescente";"Sol";"Múltipla";"Reta";"Não";2;0;1;0;1;0;1;2;-23,44695693;-46,45394103;"SPRF-SP";"DEL01-SP";"UOP01-DEL01-SP"
382375;2021-09-09;"quinta-feira";"06:50:00";"PE";101;61;"RECIFE";"Trafegar com motocicleta (ou similar) entre as faixas";"Queda de ocupante de veículo";"Com Vítimas Fatais";"Pleno dia";"Crescente";"Céu Claro";"Dupla";"Reta";"Sim";2;1;0;0;1;0;0;2;-7,99097103;-34,93598295;"SPRF-PE";"DEL01-PE";"UOP02-DEL01-PE"
382377;2021-09-09;"quinta-feira";"07:25:00";"AL";104;89;"RIO LARGO";"Condutor deixou de manter distância do veículo da frente";"Colisão traseira";"Sem Vítimas";"Pleno dia";"Decrescente";"Céu Claro";"Simples";"Reta";"Sim";4;0;0;0;3;1;0;4;-9,49216808;-35,81471324;"SPRF-AL";"DEL01-AL";"UOP01-DEL01-AL"
382384;2021-09-09;"quinta-feira";"06:15:00";"PR";277;279;"PRUDENTOPOLIS";"Entrada inopinada do pedestre";"Atropelamento de Pedestre";"Com Vítimas Feridas";"Amanhecer";"Crescente";"Nublado";"Simples";"Curva";"Não";2;0;0;1;1;0;1;2;-25,325;-50,964;"SPRF-PR";"DEL03-PR";"UOP03-DEL03-PR"
382390;2021-09-09;"quinta-feira";"06:20:00";"CE";222;197,5;"FORQUILHA";"Velocidade Incompatível";"Colisão frontal";"Com Vítimas Fatais";"Pleno dia";"Crescente";"Céu Claro";"Simples";"Curva";"Não";2;1;0;0;1;0;0;2;-3,80735907;-40,17579399;"SPRF-CE";"DEL04-CE";"UOP01-DEL04-CE"
382401;2021-09-09;"quinta-feira";"06:05:00";"RO";435;35;"VILHENA";"Velocidade Incompatível";"Tombamento";"Com Vítimas Feridas";"Pleno dia";"Crescente";"Céu Claro";"Simples";"Curva;Declive";"Não";2;0;1;0;0;1;1;2;-12,84736708;-60,37897271;"SPRF-RO";"DEL04-RO";"UOP02-DEL04-RO"
382406;2021-01-28;"quinta-feira";"20:50:00";"DF";20;29;"BRASILIA";"Acessar a via sem observar a presença dos outros veículos";"Colisão traseira";"Com Vítimas Feridas";"Plena Noite";"Crescente";"Céu Claro";"Simples";"Reta";"Não";4;0;2;0;2;0;2;2;-15,598102;-47,612637;"SPRF-DF";"DEL02-DF";"UOP01-DEL02-DF"
382411;2021-09-09;"quinta-feira";"09:10:00";"RO";319;64;"PORTO VELHO";"Manobra de mudança de faixa";"Colisão lateral mesmo sentido";"Sem Vítimas";"Pleno dia";"Crescente";"Céu Claro";"Dupla";"Interseção de Vias;Em Obras;Reta";"Sim";3;0;0;0;2;3;0;5;-8,766685;-63,884052;"SPRF-RO";"DEL01-RO";"UOP01-DEL01-RO"
382414;2021-09-09;"quinta-feira";"11:00:00";"PE";101;41,7;"IGARASSU";"Reação tardia ou ineficiente do condutor";"Colisão com objeto";"Com Vítimas Feridas";"Pleno dia";"Crescente";"Sol";"Dupla";"Reta";"Sim";2;0;1;0;1;0;1;2;-7,83038346;-34,91426785;"SPRF-PE";"DEL01-PE";"UOP02-DEL01-PE"
382423;2021-09-09;"quinta-feira";"08:30:00";"MT";364;349;"SANTO ANTONIO DO LEVERGER";"Velocidade Incompatível";"Saída de leito carroçável";"Com Vítimas Feridas";"Pleno dia";"Crescente";"Nublado";"Dupla";"Curva";"Não";4;0;1;0;2;1;1;2;-15,80502622;-55,5546431;"SPRF-MT";"DEL05-MT";"UOP02-DEL05-MT"
382425;2021-09-06;"segunda-feira";"04:50:00";"SC";101;11;"GARUVA";"Reação tardia ou ineficiente do condutor";"Colisão traseira";"Com Vítimas Feridas";"Plena Noite";"Crescente";"Nublado";"Dupla";"Reta";"Não";2;0;1;0;1;0;1;2;-26,07202503;-48,86100853;"SPRF-SC";"DEL03-SC";"UOP01-DEL03-SC"
382426;2021-06-28;"segunda-feira";"15:45:00";"GO";40;9;"LUZIANIA";"Velocidade Incompatível";"Colisão traseira";"Com Vítimas Feridas";"Pleno dia";"Crescente";"Céu Claro";"Dupla";"Reta";"Sim";2;0;0;1;1;0;1;2;-16,131158;-47,957739;"SPRF-DF";"DEL01-DF";"UOP01-DEL01-DF"
382431;2021-09-09;"quinta-feira";"13:00:00";"PA";316;22;"BENEVIDES";"Acessar a via sem observar a presença dos outros veículos";"Colisão traseira";"Com Vítimas Feridas";"Pleno dia";"Crescente";"Céu Claro";"Dupla";"Reta";"Não";2;0;1;0;1;0;1;2;-1,3534463;-48,2570266;"SPRF-PA";"DEL01-PA";"UOP01-DEL01-PA"
382440;2021-07-24;"sábado";"00:35:00";"PI";316;397;"FRANCISCO MACEDO";"Velocidade Incompatível";"Colisão traseira";"Com Vítimas Feridas";"Plena Noite";"Decrescente";"Céu Claro";"Simples";"Declive";"Não";4;0;1;1;1;1;2;3;-7,32801617;-40,79093821;"SPRF-PI";"DEL04-PI";"UOP03-DEL04-PI"
382442;2021-09-09;"quinta-feira";"14:50:00";"SP";153;208,7;"GUAIMBE";"Desrespeitar a preferência no cruzamento";"Colisão transversal";"Com Vítimas Feridas";"Pleno dia";"Crescente";"Céu Claro";"Simples";"Interseção de Vias";"Não";3;0;2;0;1;0;2;2;-21,898295;-49,911736;"SPRF-SP";"DEL07-SP";"UOP01-DEL07-SP"
382446;2021-09-09;"quinta-feira";"14:20:00";"GO";40;23;"LUZIANIA";"Demais falhas mecânicas ou elétricas";"Colisão traseira";"Com Vítimas Feridas";"Pleno dia";"Crescente";"Céu Claro";"Dupla";"Reta";"Sim";2;0;1;0;1;0;1;2;-16,236391;-47,912182;"SPRF-DF";"DEL01-DF";"UOP01-DEL01-DF"
382457;2021-09-09;"quinta-feira";"16:15:00";"RS";285;88,2;"BOM JESUS";"Velocidade Incompatível";"Tombamento";"Com Vítimas Feridas";"Pleno dia";"Crescente";"Céu Claro";"Simples";"Curva";"Não";2;0;0;1;0;1;1;2;-28,627665;-50,675541;"SPRF-RS";"DEL05-RS";"UOP03-DEL05-RS"
382465;2021-09-09;"quinta-feira";"10:25:00";"SC";153;95;"CONCORDIA";"Acessar a via sem observar a presença dos outros veículos";"Colisão transversal";"Com Vítimas Feridas";"Pleno dia";"Crescente";"Céu Claro";"Simples";"Reta";"Não";2;0;1;0;1;0;1;2;-27,21089053;-51,95169568;"SPRF-SC";"DEL07-SC";"UOP04-DEL07-SC"
382466;2021-09-09;"quinta-feira";"15:20:00";"AC";364;58;"PLACIDO DE CASTRO";"Ausência de reação do condutor";"Atropelamento de Pedestre";"Com Vítimas Feridas";"Pleno dia";"Decrescente";"Chuva";"Simples";"Reta";"Não";2;0;0;1;1;0;1;2;-10,0239621;-67,24342695;"SPRF-AC";"DEL01-AC";"UOP01-DEL01-AC"
382468;2021-09-09;"quinta-feira";"16:40:00";"RS";386;397,8;"TRIUNFO";"Falta de acostamento";"Saída de leito carroçável";"Com Vítimas Feridas";"Pleno dia";"Decrescente";"Céu Claro";"Simples";"Reta";"Não";6;0;2;0;4;0;2;1;-29,74225642;-51,61868703;"SPRF-RS";"DEL04-RS";"UOP02-DEL04-RS"
382469;2021-09-08;"quarta-feira";"08:30:00";"MG";267;21,4;"ARGIRITA";"Velocidade Incompatível";"Colisão com objeto";"Sem Vítimas";"Pleno dia";"Crescente";"Nublado";"Simples";"Curva;Declive;Ponte";"Não";2;0;0;0;1;1;0;2;-21,59274447;-42,78538272;"SPRF-MG";"DEL07-MG";"UOP01-DEL07-MG"
382476;2021-09-09;"quinta-feira";"14:20:00";"MG";50;82,8;"UBERLANDIA";"Ausência de reação do condutor";"Colisão traseira";"Com Vítimas Feridas";"Pleno dia";"Crescente";"Céu Claro";"Dupla";"Reta;Em Obras;Declive;Ponte";"Não";3;0;1;0;1;1;1;3;-18,9884408;-48,21247101;"SPRF-MG";"DEL15-MG";"UOP01-DEL15-MG"
382478;2021-09-09;"quinta-feira";"13:30:00";"PR";0;0;"CEU AZUL";"Acessar a via sem observar a presença dos outros veículos";"Colisão lateral mesmo sentido";"Sem Vítimas";"Pleno dia";"Não Informado";"Céu Claro";"Simples";"Reta";"Sim";4;0;0;0;3;1;0;3;-25,14310908;-53,83476734;"SPRF-PR";"DEL05-PR";"UOP02-DEL05-PR"