"id";"data_inversa";"dia_semana";"horario";"uf";"br";"km";"municipio";"causa_acidente";"tipo_acidente";"classificacao_acidente";"fase_dia";"sentido_via";"condicao_metereologica";"tipo_pista";"tracado_via";"uso_solo";"pessoas";"mortos";"feridos_leves";"feridos_graves";"ilesos";"ignorados";"feridos";"veiculos";"latitude";"longitude";"regional";"delegacia";"uop"
382480;2021-09-09;"quinta-feira";"17:00:00";"GO";60;95;"ANAPOLIS";"Ingestão de álcool pelo condutor";"Colisão traseira";"Sem Vítimas";"Pleno dia";"Decrescente";"Céu Claro";"Dupla";"Reta";"Sim";3;0;0;0;2;1;0;3;-16,3679;-48,939;"SPRF-GO";"DEL02-GO";"UOP01-DEL02-GO"
382481;2021-09-09;"quinta-feira";"15:35:00";"SE";101;151,3;"ESTANCIA";"Reação tardia ou ineficiente do condutor";"Colisão traseira";"Com Vítimas Feridas";"Pleno dia";"Crescente";"Céu Claro";"Simples";"Reta";"Sim";3;0;1;0;1;1;1;3;-11,26949;-37,443658;"SPRF-SE";"DEL02-SE";"UOP01-DEL02-SE"
382486;2021-09-09;"quinta-feira";"18:20:00";"BA";101;808;"ITAMARAJU";"Condutor deixou de manter distância do veículo da frente";"Engavetamento";"Com Vítimas Feridas";"Plena Noite";"Decrescente";"Céu Claro";"Múltipla";"Reta";"Sim";6;0;1;0;5;0;1;5;-17,19644104;-39,59171792;"SPRF-BA";"DEL09-BA";"UOP02-DEL09-BA"
382500;2021-09-09;"quinta-feira";"19:25:00";"RN";101;153;"GOIANINHA";"Ausência de reação do condutor";"Colisão traseira";"Com Vítimas Feridas";"Plena Noite";"Crescente";"Céu Claro";"Dupla";"Reta";"Não";3;0;1;0;2;0;1;2;-6,31748925;-35,18316143;"SPRF-RN";"DEL01-RN";"UOP01-DEL01-RN"
382504;2021-09-09;"quinta-feira";"14:00:00";"CE";222;303;"TIANGUA";"Problema com o freio";"Tombamento";"Com Vítimas Feridas";"Pleno dia";"Decrescente";"Sol";"Simples";"Declive";"Não";1;0;0;1;0;0;1;1;-3,66341744;-40,95009697;"SPRF-CE";"DEL04-CE";"UOP02-DEL04-CE"
382523;2021-07-22;"quinta-feira";"09:30:00";"PR";476;52;"TUNAS DO PARANA";"Reação tardia ou ineficiente do condutor";"Saída de leito carroçável";"Com Vítimas Feridas";"Pleno dia";"Crescente";"Céu Claro";"Simples";"Reta";"Não";2;0;1;0;0;1;1;2;-24,95368986;-49,09790039;"SPRF-PR";"DEL01-PR";"UOP02-DEL01-PR"
382526;2021-09-09;"quinta-feira";"20:40:00";"MG";262;477,8;"BOM DESPACHO";"Acessar a via sem observar a presença dos outros veículos";"Colisão transversal";"Com Vítimas Feridas";"Plena Noite";"Crescente";"Céu Claro";"Simples";"Interseção de Vias";"Não";3;0;0;1;1;1;1;3;-19,7828574;-45,26023865;"SPRF-MG";"DEL08-MG";"UOP03-DEL08-MG"
382529;2021-09-09;"quinta-feira";"20:50:00";"GO";40;24,8;"LUZIANIA";"Ausência de reação do condutor";"Colisão traseira";"Com Vítimas Fatais";"Plena Noite";"Crescente";"Céu Claro";"Simples";"Interseção de Vias";"Sim";8;5;0;1;1;2;1;4;-16,252738;-47,900437;"SPRF-DF";"DEL01-DF";"UOP01-DEL01-DF"
382532;2021-09-09;"quinta-feira";"21:45:00";"ES";262;77,7;"DOMINGOS MARTINS";"Velocidade Incompatível";"Tombamento";"Com Vítimas Feridas";"Pleno dia";"Decrescente";"Céu Claro";"Simples";"Curva";"Não";2;0;1;0;0;2;1;3;-20,41091523;-40,92053175;"SPRF-ES";"DEL01-ES";"UOP02-DEL01-ES"
382536;2021-09-09;"quinta-feira";"22:30:00";"SP";381;72;"SAO PAULO";"Demais falhas mecânicas ou elétricas";"Incêndio";"Com Vítimas Feridas";"Plena Noite";"Crescente";"Garoa/Chuvisco";"Múltipla";"Reta";"Não";1;0;1;0;0;0;1;1;-23,35761806;-46,54970281;"SPRF-SP";"DEL03-SP";"UOP01-DEL03-SP"
382540;2021-09-09;"quinta-feira";"23:15:00";"MS";163;838,1;"SONORA";"Acostamento em desnível";"Saída de leito carroçável";"Com Vítimas Feridas";"Plena Noite";"Crescente";"Nublado";"Simples";"Declive";"Não";2;0;0;1;0;1;1;2;-17,591269;-54,74493;"SPRF-MS";"DEL06-MS";"UOP01-DEL06-MS"
382542;2021-09-09;"quinta-feira";"22:35:00";"PR";116;23;"ANTONINA";"Ausência de reação do condutor";"Colisão traseira";"Com Vítimas Feridas";"Plena Noite";"Crescente";"Nublado";"Dupla";"Reta";"Sim";2;0;0;1;1;0;1;2;-25,1104764;-48,75592011;"SPRF-PR";"DEL01-PR";"UOP02-DEL01-PR"
382561;2021-09-09;"quinta-feira";"18:00:00";"BA";116;75;"CHORROCHO";"Demais falhas mecânicas ou elétricas";"Colisão frontal";"Com Vítimas Feridas";"Anoitecer";"Crescente";"Céu Claro";"Simples";"Curva";"Não";4;0;1;0;2;3;1;6;-9,25571595;-39,06767489;"SPRF-PE";"DEL05-PE";"UOP01-DEL05-PE"
382562;2021-09-10;"sexta-feira";"04:35:00";"MG";381;483,2;"BETIM";"Ausência de reação do condutor";"Colisão traseira";"Com Vítimas Feridas";"Plena Noite";"Decrescente";"Céu Claro";"Dupla";"Reta";"Sim";2;0;0;1;1;0;1;2;-19,95594491;-44,10721699;"SPRF-MG";"DEL01-MG";"UOP03-DEL01-MG"
382567;2021-09-10;"sexta-feira";"05:30:00";"RJ";116;208,6;"SEROPEDICA";"Objeto estático sobre o leito carroçável";"Colisão com objeto";"Sem Vítimas";"Amanhecer";"Crescente";"Nublado";"Simples";"Aclive";"Não";3;0;0;0;1;2;0;3;-22,72297475;-43,67131596;"SPRF-RJ";"DEL01-RJ";"UOP03-DEL01-RJ"
382571;2021-09-10;"sexta-feira";"07:10:00";"CE";116;55,4;"PACAJUS";"Demais falhas mecânicas ou elétricas";"Colisão com objeto";"Com Vítimas Feridas";"Pleno dia";"Crescente";"Céu Claro";"Simples";"Reta";"Não";3;0;1;0;1;1;1;3;-4,20364195;-38,47065421;"SPRF-CE";"DEL03-CE";"UOP02-DEL03-CE"
382576;2021-09-10;"sexta-feira";"07:10:00";"SE";101;69,5;"MARUIM";"Condutor deixou de manter distância do veículo da frente";"Colisão traseira";"Sem Vítimas";"Pleno dia";"Crescente";"Céu Claro";"Simples";"Interseção de Vias;Reta";"Não";2;0;0;0;2;0;0;2;-10,73216988;-37,08486557;"SPRF-SE";"DEL01-SE";"UOP01-DEL01-SE"
382595;2021-09-10;"sexta-feira";"07:45:00";"SC";101;204,8;"SAO JOSE";"Trafegar com motocicleta (ou similar) entre as faixas";"Colisão lateral mesmo sentido";"Com Vítimas Fatais";"Pleno dia";"Crescente";"Sol";"Múltipla";"Declive;Reta";"Sim";4;1;0;0;2;3;0;6;-27,58041615;-48,61440539;"SPRF-SC";"DEL01-SC";"UOP01-DEL01-SC"
382600;2021-09-10;"sexta-feira";"02:30:00";"BA";242;462;"IBITIARA";"Velocidade Incompatível";"Saída de leito carroçável";"Com Vítimas Feridas";"Plena Noite";"Decrescente";"Céu Claro";"Simples";"Curva";"Não";7;0;3;0;3;3;3;5;-12,44441328;-42,17197537;"SPRF-BA";"DEL06-BA";"UOP01-DEL06-BA"
382607;2021-07-19;"segunda-feira";"19:45:00";"PR";277;1;"PARANAGUA";"Ausência de reação do condutor";"Colisão transversal";"Com Vítimas Feridas";"Plena Noite";"Decrescente";"Céu Claro";"Dupla";"Reta";"Sim";3;0;1;0;1;1;1;3;-25,5128162;-48,52075338;"SPRF-PR";"DEL01-PR";"UOP05-DEL01-PR"
382611;2021-09-10;"sexta-feira";"09:45:00";"MS";163;548;"BANDEIRANTES";"Acessar a via sem observar a presença dos outros veículos";"Colisão transversal";"Com Vítimas Feridas";"Pleno dia";"Crescente";"Céu Claro";"Simples";"Reta";"Sim";4;0;1;0;3;0;1;2;-19,91869106;-54,36860922;"SPRF-MS";"DEL01-MS";"UOP02-DEL01-MS"
382613;2021-09-10;"sexta-feira";"08:55:00";"TO";153;527,6;"PUGMIL";"Ultrapassagem Indevida";"Colisão lateral mesmo sentido";"Com Vítimas Feridas";"Pleno dia";"Decrescente";"Céu Claro";"Simples";"Reta";"Não";5;0;1;0;4;0;1;2;-10,44385303;-48,90019374;"SPRF-TO";"DEL01-TO";"UOP01-DEL01-TO"
382615;2021-09-10;"sexta-feira";"10:00:00";"MS";262;230;"RIBAS DO RIO PARDO";"Acesso irregular";"Colisão lateral mesmo sentido";"Com Vítimas Feridas";"Pleno dia";"Crescente";"Céu Claro";"Simples";"Reta";"Não";2;0;1;0;1;0;1;2;-20,47438081;-53,64933014;"SPRF-MS";"DEL07-MS";"UOP02-DEL07-MS"
382626;2021-09-10;"sexta-feira";"10:00:00";"BA";110;352,2;"CATU";"Transitar na contramão";"Colisão lateral sentido oposto";"Com Vítimas Fatais";"Pleno dia";"Crescente";"Céu Claro";"Simples";"Curva";"Não";4;1;0;1;1;3;1;5;-12,30118694;-38,37162468;"SPRF-BA";"DEL01-BA";"UOP04-DEL01-BA"
382627;2021-09-10;"sexta-feira";"11:45:00";"PE";101;48,9;"ABREU E LIMA";"Estacionar ou parar em local proibido";"Colisão traseira";"Com Vítimas Feridas";"Pleno dia";"Decrescente";"Céu Claro";"Dupla";"Curva";"Sim";2;0;0;1;1;0;1;2;-7,9009818;-34,90160108;"SPRF-PE";"DEL01-PE";"UOP02-DEL01-PE"
382629;2021-09-10;"sexta-feira";"08:50:00";"MG";116;716,2;"MURIAE";"Velocidade Incompatível";"Tombamento";"Com Vítimas Feridas";"Pleno dia";"Decrescente";"Sol";"Simples";"Curva";"Não";4;0;2;0;0;2;2;3;-21,21283022;-42,38932659;"SPRF-MG";"DEL07-MG";"UOP02-DEL07-MG"
382633;2021-09-10;"sexta-feira";"12:00:00";"RJ";465;1;"SEROPEDICA";"Retorno proibido";"Colisão lateral mesmo sentido";"Sem Vítimas";"Pleno dia";"Crescente";"Céu Claro";"Simples";"Reta";"Sim";2;0;0;0;2;0;0;2;-22,719835;-43,725739;"SPRF-RJ";"DEL01-RJ";"UOP03-DEL01-RJ"
382634;2021-09-10;"sexta-feira";"10:35:00";"PR";376;307,4;"MAUA DA SERRA";"Carga excessiva e/ou mal acondicionada";"Tombamento";"Com Vítimas Feridas";"Pleno dia";"Decrescente";"Céu Claro";"Dupla";"Curva";"Não";2;0;1;0;0;1;1;2;-23,9743171;-51,1035821;"SPRF-PR";"DEL07-PR";"UOP02-DEL07-PR"
382638;2021-09-10;"sexta-feira";"12:50:00";"SC";470;57,3;"BLUMENAU";"Acessar a via sem observar a presença dos outros veículos";"Colisão lateral mesmo sentido";"Sem Vítimas";"Pleno dia";"Decrescente";"Céu Claro";"Simples";"Curva";"Sim";3;0;0;0;2;1;0;3;-26,880428;-49,136532;"SPRF-SC";"DEL04-SC";"UOP01-DEL04-SC"
382658;2021-09-10;"sexta-feira";"14:30:00";"SP";116;315,5;"JUQUITIBA";"Pedestre andava na pista";"Atropelamento de Pedestre";"Com Vítimas Feridas";"Pleno dia";"Crescente";"Céu Claro";"Dupla";"Declive;Curva";"Não";3;0;0;1;1;1;1;3;-23,90506051;-46,99183345;"SPRF-SP";"DEL04-SP";"UOP01-DEL04-SP"
382662;2021-09-10;"sexta-feira";"15:25:00";"PR";369;207,4;"APUCARANA";"Ultrapassagem Indevida";"Colisão lateral mesmo sentido";"Com Vítimas Feridas";"Pleno dia";"Decrescente";"Céu Claro";"Simples";"Reta";"Sim";2;0;1;0;1;0;1;2;-23,563094;-51,489141;"SPRF-PR";"DEL07-PR";"UOP02-DEL07-PR"
382670;2021-09-10;"sexta-feira";"16:55:00";"SP";116;101,7;"PINDAMONHANGABA";"Ultrapassagem Indevida";"Colisão traseira";"Sem Vítimas";"Pleno dia";"Decrescente";"Nublado";"Dupla";"Aclive";"Não";4;0;0;0;3;1;0;4;-22,99074204;-45,48115098;"SPRF-SP";"DEL08-SP";"UOP01-DEL08-SP"
382671;2021-09-10;"sexta-feira";"16:20:00";"PI";343;2,6;"TERESINA";"Condutor deixou de manter distância do veículo da frente";"Colisão traseira";"Sem Vítimas";"Pleno dia";"Crescente";"Sol";"Dupla";"Reta";"Sim";2;0;0;0;2;0;0;2;-5,08124075;-42,77371287;"SPRF-PI";"DEL01-PI";"UOP01-DEL01-PI"
382682;2021-09-10;"sexta-feira";"11:00:00";"RJ";356;41;"ITAPERUNA";"Velocidade Incompatível";"Tombamento";"Com Vítimas Feridas";"Pleno dia";"Decrescente";"Céu Claro";"Simples";"Curva";"Não";6;0;4;0;1;3;4;5;-21,21473437;-41,83388826;"SPRF-RJ";"DEL08-RJ";"UOP03-DEL08-RJ"
382684;2021-09-10;"sexta-feira";"16:40:00";"BA";324;593;"CANDEIAS";"Acessar a via sem observar a presença dos outros veículos";"Colisão traseira";"Com Vítimas Feridas";"Pleno dia";"Decrescente";"Céu Claro";"Dupla";"Reta";"Não";4;0;3;0;1;0;3;2;-12,70983646;-38,46010997;"SPRF-BA";"DEL01-BA";"UOP01-DEL01-BA"
382685;2021-09-10;"sexta-feira";"17:40:00";"SP";116;197;"ARUJA";"Velocidade Incompatível";"Colisão com objeto";"Com Vítimas Feridas";"Plena Noite";"Decrescente";"Chuva";"Simples";"Curva";"Não";2;0;2;0;0;0;2;1;-23,39721625;-46,29284287;"SPRF-SP";"DEL01-SP";"UOP01-DEL01-SP"
382686;2021-09-10;"sexta-feira";"18:20:00";"RS";116;262;"CANOAS";"Manobra de mudança de faixa";"Colisão lateral mesmo sentido";"Com Vítimas Feridas";"Anoitecer";"Crescente";"Nublado";"Dupla";"Reta";"Sim";3;0;1;0;1;2;1;4;-29,896475;-51,17593;"SPRF-RS";"DEL01-RS";"UOP01-DEL01-RS"
382690;2021-09-10;"sexta-feira";"18:20:00";"RS";293;20,7;"CAPAO DO LEAO";"Avarias e/ou desgaste excessivo no pneu";"Tombamento";"Com Vítimas Feridas";"Plena Noite";"Crescente";"Chuva";"Simples";"Reta";"Não";1;0;1;0;0;0;1;1;-31,7402691;-52,52154902;"SPRF-RS";"DEL07-RS";"UOP01-DEL07-RS"
382697;2021-09-10;"sexta-feira";"17:30:00";"PR";277;317;"GUARAPUAVA";"Reação tardia ou ineficiente do condutor";"Tombamento";"Sem Vítimas";"Anoitecer";"Decrescente";"Céu Claro";"Simples";"Reta";"Não";2;0;0;0;1;3;0;4;-25,32249285;-51,21639846;"SPRF-PR";"DEL08-PR";"UOP01-DEL08-PR"
382707;2021-09-10;"sexta-feira";"19:30:00";"CE";20;424;"MARACANAU";"Acostamento em desnível";"Saída de leito carroçável";"Com Vítimas Feridas";"Plena Noite";"Crescente";"Nublado";"Dupla";"Reta";"Sim";2;0;1;0;0;1;1;2;-3,85921451;-38,54313613;"SPRF-CE";"DEL01-CE";"UOP02-DEL01-CE"
382718;2021-09-10;"sexta-feira";"18:30:00";"CE";20;204;"BOA VIAGEM";"Reação tardia ou ineficiente do condutor";"Colisão transversal";"Com Vítimas Feridas";"Plena Noite";"Crescente";"Céu Claro";"Simples";"Reta";"Sim";2;0;1;0;0;1;1;2;-5,12155025;-39,73264757;"SPRF-CE";"DEL02-CE";"UOP02-DEL02-CE"
382719;2021-09-10;"sexta-feira";"18:20:00";"CE";226;220,1;"PEDRA BRANCA";"Reação tardia ou ineficiente do condutor";"Colisão traseira";"Com Vítimas Fatais";"Plena Noite";"Crescente";"Céu Claro";"Simples";"Reta";"Não";3;1;0;1;1;0;1;3;-5,4554656;-39,71364004;"SPRF-CE";"DEL02-CE";"UOP02-DEL02-CE"
382723;2021-09-10;"sexta-feira";"14:50:00";"MA";230;312,8;"SAO RAIMUNDO DAS MANGABEIRAS";"Velocidade Incompatível";"Tombamento";"Com Vítimas Feridas";"Pleno dia";"Crescente";"Céu Claro";"Simples";"Curva";"Não";2;0;1;0;0;1;1;2;-7,00505349;-45,4617429;"SPRF-MA";"DEL05-MA";"UOP01-DEL05-MA"
382735;2021-09-10;"sexta-feira";"09:00:00";"MG";381;407;"BOM JESUS DO AMPARO";"Sinalização mal posicionada";"Colisão traseira";"Com Vítimas Feridas";"Plena Noite";"Decrescente";"Céu Claro";"Dupla";"Reta";"Não";3;0;0;1;1;1;1;3;-19,74905913;-43,54440272;"SPRF-MG";"DEL01-MG";"UOP01-DEL01-MG"
382745;2021-08-10;"terça-feira";"14:20:00";"RO";364;92;"VILHENA";"Ultrapassagem Indevida";"Colisão lateral mesmo sentido";"Com Vítimas Feridas";"Pleno dia";"Decrescente";"Céu Claro";"Simples";"Declive";"Não";4;0;1;0;2;3;1;6;-12,34401202;-60,63151613;"SPRF-RO";"DEL04-RO";"UOP01-DEL04-RO"
382746;2021-09-10;"sexta-feira";"19:50:00";"MG";40;599,2;"OURO PRETO";"Manobra de mudança de faixa";"Colisão traseira";"Com Vítimas Feridas";"Plena Noite";"Decrescente";"Céu Claro";"Simples";"Reta";"Não";3;0;1;0;1;1;1;3;-20,42264639;-43,87103002;"SPRF-MG";"DEL05-MG";"UOP02-DEL05-MG"
382748;2021-09-10;"sexta-feira";"23:30:00";"PR";277;346;"GUARAPUAVA";"Ingestão de álcool pelo condutor";"Colisão frontal";"Com Vítimas Feridas";"Plena Noite";"Crescente";"Nublado";"Simples";"Reta";"Sim";4;0;1;0;1;2;1;3;-25,33928412;-51,42880296;"SPRF-PR";"DEL08-PR";"UOP01-DEL08-PR"
382751;2021-09-11;"sábado";"01:15:00";"PR";376;631;"TIJUCAS DO SUL";"Condutor deixou de manter distância do veículo da frente";"Colisão traseira";"Sem Vítimas";"Plena Noite";"Crescente";"Garoa/Chuvisco";"Múltipla";"Reta";"Não";2;0;0;0;2;0;0;2;-25,70434399;-49,14198595;"SPRF-PR";"DEL01-PR";"UOP04-DEL01-PR"
382754;2021-09-11;"sábado";"00:15:00";"PR";476;339;"PAULA FREITAS";"Velocidade Incompatível";"Colisão traseira";"Com Vítimas Feridas";"Plena Noite";"Decrescente";"Nublado";"Simples";"Reta";"Não";4;0;1;0;2;2;1;5;-26,157049;-50,883564;"SPRF-PR";"DEL02-PR";"UOP03-DEL02-PR"
382758;2021-09-11;"sábado";"01:55:00";"PE";101;78;"RECIFE";"Transitar na contramão";"Colisão frontal";"Sem Vítimas";"Plena Noite";"Crescente";"Chuva";"Dupla";"Reta";"Sim";2;0;0;0;1;1;0;2;-8,13496499;-34,94738614;"SPRF-PE";"DEL01-PE";"UOP01-DEL01-PE"
382761;2021-09-11;"sábado";"02:45:00";"SP";116;30,4;"CRUZEIRO";"Ausência de reação do condutor";"Colisão traseira";"Com Vítimas Feridas";"Plena Noite";"Decrescente";"Céu Claro";"Dupla";"Declive";"Sim";3;0;1;0;1;2;1;4;-22,6277964;-44,9220197;"SPRF-SP";"DEL08-SP";"UOP02-DEL08-SP"
382762;2021-09-10;"sexta-feira";"19:30:00";"MG";116;100,8;"ITAOBIM";"Velocidade Incompatível";"Tombamento";"Sem Vítimas";"Plena Noite";"Decrescente";"Ignorado";"Simples";"Curva";"Não";4;0;0;0;1;3;0;3;-16,42963192;-41,49584527;"SPRF-MG";"DEL11-MG";"UOP02-DEL11-MG"
382768;2021-09-11;"sábado";"03:00:00";"MG";116;277,4;"TEOFILO OTONI";"Velocidade Incompatível";"Colisão traseira";"Sem Vítimas";"Plena Noite";"Decrescente";"Céu Claro";"Simples";"Reta";"Sim";3;0;0;0;0;3;0;3;-17,859945;-41,515144;"SPRF-MG";"DEL11-MG";"UOP01-DEL11-MG"
382770;2021-09-11;"sábado";"04:00:00";"RS";468;6,5;"PALMEIRA DAS MISSOES";"Manobra de mudança de faixa";"Colisão lateral sentido oposto";"Com Vítimas Feridas";"Plena Noite";"Crescente";"Céu Claro";"Simples";"Reta";"Não";3;0;1;0;2;0;1;2;-27,85121231;-53,36277126;"SPRF-RS";"DEL08-RS";"UOP01-DEL08-RS"
382776;2021-09-11;"sábado";"04:00:00";"MT";163;56,6;"ITIQUIRA";"Condutor Dormindo";"Saída de leito carroçável";"Com Vítimas Feridas";"Plena Noite";"Decrescente";"Céu Claro";"Dupla";"Reta";"Não";2;0;1;0;0;2;1;3;-17,02147497;-54,76233709;"SPRF-MT";"DEL02-MT";"UOP01-DEL02-MT"
382782;2021-09-11;"sábado";"04:30:00";"MG";40;707,2;"BARBACENA";"Ingestão de álcool pelo condutor";"Colisão traseira";"Com Vítimas Feridas";"Plena Noite";"Crescente";"Garoa/Chuvisco";"Dupla";"Reta";"Sim";3;0;1;1;1;0;2;2;-21,24200431;-43,71237539;"SPRF-MG";"DEL05-MG";"UOP02-DEL05-MG"
382788;2021-09-11;"sábado";"02:00:00";"GO";60;52,5;"ABADIANIA";"Ingestão de álcool pelo condutor";"Saída de leito carroçável";"Com Vítimas Feridas";"Plena Noite";"Decrescente";"Céu Claro";"Dupla";"Reta";"Não";1;0;1;0;0;0;1;1;-16,1702;-48,6402;"SPRF-GO";"DEL02-GO";"UOP01-DEL02-GO"
382789;2021-09-04;"sábado";"05:39:00";"RJ";101;322;"NITEROI";"Manobra de mudança de faixa";"Colisão traseira";"Sem Vítimas";"Amanhecer";"Decrescente";"Céu Claro";"Dupla";"Reta";"Sim";4;0;0;0;4;0;0;2;-22,878923;-43,110676;"SPRF-RJ";"DEL02-RJ";"UOP02-DEL02-RJ"
382790;2021-09-11;"sábado";"03:10:00";"PR";277;17;"PARANAGUA";"Condutor Dormindo";"Saída de leito carroçável";"Com Vítimas Feridas";"Plena Noite";"Decrescente";"Céu Claro";"Dupla";"Reta";"Não";2;0;1;0;0;1;1;2;-25,54832693;-48,67698669;"SPRF-PR";"DEL01-PR";"UOP05-DEL01-PR"
382791;2021-09-11;"sábado";"05:25:00";"RO";364;337,6;"JI-PARANA";"Acessar a via sem observar a presença dos outros veículos";"Colisão transversal";"Com Vítimas Feridas";"Amanhecer";"Decrescente";"Céu Claro";"Dupla";"Interseção de Vias;Reta";"Sim";2;0;1;0;1;0;1;2;-10,92071335;-61,92986727;"SPRF-RO";"DEL02-RO";"UOP01-DEL02-RO"
382792;2021-09-11;"sábado";"06:30:00";"MT";364;349;"SANTO ANTONIO DO LEVERGER";"Problema com o freio";"Saída de leito carroçável";"Com Vítimas Feridas";"Pleno dia";"Crescente";"Céu Claro";"Dupla";"Curva";"Não";2;0;1;0;1;0;1;1;-15,80502622;-55,5546431;"SPRF-MT";"DEL05-MT";"UOP02-DEL05-MT"
382800;2021-09-11;"sábado";"08:10:00";"MA";135;1;"SAO LUIS";"Manobra de mudança de faixa";"Colisão lateral mesmo sentido";"Com Vítimas Feridas";"Pleno dia";"Crescente";"Céu Claro";"Dupla";"Curva";"Sim";2;0;1;0;1;0;1;2;-2,53073;-44,3068;"SPRF-MA";"DEL01-MA";"UOP01-DEL01-MA"
382811;2021-09-11;"sábado";"05:30:00";"PA";155;274;"ELDORADO DO CARAJAS";"Transitar na contramão";"Colisão frontal";"Sem Vítimas";"Amanhecer";"Decrescente";"Nublado";"Simples";"Reta";"Não";2;0;0;0;1;1;0;2;-5,94769011;-49,21949064;"SPRF-PA";"DEL03-PA";"UOP01-DEL03-PA"
382812;2021-09-11;"sábado";"09:00:00";"RS";290;72,4;"GRAVATAI";"Reação tardia ou ineficiente do condutor";"Colisão lateral mesmo sentido";"Com Vítimas Feridas";"Pleno dia";"Crescente";"Céu Claro";"Dupla";"Reta";"Não";3;0;1;0;0;2;1;3;-29,952784;-50,976074;"SPRF-RS";"DEL03-RS";"UOP01-DEL03-RS"
382813;2021-09-11;"sábado";"08:00:00";"PR";376;114;"ALTO PARANA";"Reação tardia ou ineficiente do condutor";"Saída de leito carroçável";"Sem Vítimas";"Pleno dia";"Crescente";"Chuva";"Dupla";"Declive";"Não";2;0;0;0;1;1;0;2;-23,09860856;-52,36548988;"SPRF-PR";"DEL09-PR";"UOP02-DEL09-PR"
382814;2021-09-11;"sábado";"10:00:00";"PR";277;361,7;"GUARAPUAVA";"Reação tardia ou ineficiente do condutor";"Colisão frontal";"Com Vítimas Fatais";"Pleno dia";"Crescente";"Chuva";"Simples";"Curva";"Não";4;2;0;0;1;1;0;3;-25,439304;-51,62457;"SPRF-PR";"DEL08-PR";"UOP01-DEL08-PR"
382819;2021-09-11;"sábado";"07:15:00";"PE";101;29,4;"ITAPISSUMA";"Acesso irregular";"Colisão com objeto";"Sem Vítimas";"Pleno dia";"Decrescente";"Céu Claro";"Dupla";"Reta";"Não";1;0;0;0;1;0;0;1;-7,72939697;-34,94185854;"SPRF-PE";"DEL01-PE";"UOP02-DEL01-PE"
382823;2021-09-11;"sábado";"12:05:00";"GO";70;468;"ARAGARCAS";"Condutor deixou de manter distância do veículo da frente";"Colisão traseira";"Com Vítimas Feridas";"Pleno dia";"Crescente";"Céu Claro";"Simples";"Declive";"Não";5;0;2;1;1;2;3;4;-15,8959412;-52,2530261;"SPRF-GO";"DEL04-GO";"UOP01-DEL04-GO"
382824;2021-09-11;"sábado";"07:30:00";"MG";116;340,9;"CAMPANARIO";"Velocidade Incompatível";"Tombamento";"Com Vítimas Fatais";"Pleno dia";"Decrescente";"Céu Claro";"Simples";"Reta";"Não";3;1;0;0;1;1;0;3;-18,3202008;-41,7590494;"SPRF-MG";"DEL11-MG";"UOP01-DEL11-MG"
382825;2021-09-11;"sábado";"11:40:00";"PR";277;471,7;"NOVA LARANJEIRAS";"Desrespeitar a preferência no cruzamento";"Colisão transversal";"Sem Vítimas";"Pleno dia";"Crescente";"Céu Claro";"Simples";"Interseção de Vias";"Sim";3;0;0;0;2;2;0;4;-25,32473426;-52,51501412;"SPRF-PR";"DEL04-PR";"UOP02-DEL04-PR"
382830;2021-09-11;"sábado";"00:20:00";"MT";158;437,7;"RIBEIRAO CASCALHEIRA";"Demais falhas mecânicas ou elétricas";"Incêndio";"Com Vítimas Feridas";"Plena Noite";"Crescente";"Céu Claro";"Simples";"Reta";"Não";2;0;1;0;0;3;1;4;-13,03413797;-51,89112486;"SPRF-MT";"DEL07-MT";"UOP02-DEL07-MT"
382831;2021-09-11;"sábado";"12:10:00";"CE";304;30,9;"ARACATI";"Demais falhas mecânicas ou elétricas";"Colisão frontal";"Com Vítimas Feridas";"Pleno dia";"Crescente";"Céu Claro";"Simples";"Reta";"Não";3;0;1;0;2;0;1;3;-4,58229349;-37,94152101;"SPRF-CE";"DEL03-CE";"UOP03-DEL03-CE"
382832;2021-09-11;"sábado";"11:45:00";"SC";470;100;"APIUNA";"Reação tardia ou ineficiente do condutor";"Colisão traseira";"Com Vítimas Feridas";"Pleno dia";"Decrescente";"Céu Claro";"Simples";"Reta";"Sim";3;0;1;0;2;0;1;2;-27,045143;-49,394142;"SPRF-SC";"DEL04-SC";"UOP02-DEL04-SC"
382834;2021-09-11;"sábado";"11:55:00";"MG";40;480;"SETE LAGOAS";"Condutor Dormindo";"Colisão traseira";"Com Vítimas Feridas";"Pleno dia";"Decrescente";"Céu Claro";"Dupla";"Reta";"Não";3;0;1;0;1;2;1;4;-19,54293519;-44,2485434;"SPRF-MG";"DEL02-MG";"UOP01-DEL02-MG"
382837;2021-09-11;"sábado";"13:40:00";"PI";316;22;"TERESINA";"Acessar a via sem observar a presença dos outros veículos";"Colisão transversal";"Sem Vítimas";"Pleno dia";"Decrescente";"Céu Claro";"Simples";"Reta";"Não";3;0;0;0;3;0;0;3;-5,27552796;-42,72607975;"SPRF-PI";"DEL01-PI";"UOP02-DEL01-PI"
382843;2021-09-11;"sábado";"14:10:00";"MG";262;20,8;"REDUTO";"Ausência de reação do condutor";"Colisão frontal";"Com Vítimas Feridas";"Pleno dia";"Crescente";"Céu Claro";"Simples";"Aclive";"Não";3;0;0;1;1;2;1;4;-20,24962505;-41,91079899;"SPRF-MG";"DEL06-MG";"UOP03-DEL06-MG"