"id";"data_inversa";"dia_semana";"horario";"uf";"br";"km";"municipio";"causa_acidente";"tipo_acidente";"classificacao_acidente";"fase_dia";"sentido_via";"condicao_metereologica";"tipo_pista";"tracado_via";"uso_solo";"pessoas";"mortos";"feridos_leves";"feridos_graves";"ilesos";"ignorados";"feridos";"veiculos";"latitude";"longitude";"regional";"delegacia";"uop"
382846;2021-09-11;"sábado";"15:05:00";"GO";50;278,7;"CATALAO";"Acessar a via sem observar a presença dos outros veículos";"Colisão transversal";"Com Vítimas Feridas";"Pleno dia";"Crescente";"Sol";"Simples";"Interseção de Vias";"Sim";2;0;1;0;1;0;1;2;-18,17200065;-47,92515278;"SPRF-GO";"DEL06-GO";"UOP01-DEL06-GO"
382850;2021-07-31;"sábado";"14:10:00";"PI";316;295;"PICOS";"Ausência de reação do condutor";"Colisão lateral sentido oposto";"Com Vítimas Feridas";"Pleno dia";"Crescente";"Céu Claro";"Simples";"Curva";"Não";2;0;0;1;1;0;1;2;-7,0181459;-41,57975095;"SPRF-PI";"DEL04-PI";"UOP01-DEL04-PI"
382867;2021-09-11;"sábado";"16:20:00";"CE";222;61,8;"SAO GONCALO DO AMARANTE";"Mal súbito do condutor";"Colisão traseira";"Com Vítimas Feridas";"Pleno dia";"Decrescente";"Céu Claro";"Simples";"Reta";"Não";5;0;3;0;2;0;3;2;-3,67114761;-39,08954297;"SPRF-CE";"DEL01-CE";"UOP03-DEL01-CE"
382873;2021-09-11;"sábado";"11:00:00";"MG";116;444,5;"ENGENHEIRO CALDAS";"Velocidade Incompatível";"Saída de leito carroçável";"Com Vítimas Fatais";"Pleno dia";"Crescente";"Sol";"Simples";"Curva";"Não";2;1;0;0;0;1;0;2;-19,10437005;-42,00224908;"SPRF-MG";"DEL06-MG";"UOP02-DEL06-MG"
382877;2021-09-11;"sábado";"17:58:00";"PA";222;243;"MARABA";"Conversão proibida";"Colisão lateral mesmo sentido";"Sem Vítimas";"Anoitecer";"Crescente";"Céu Claro";"Simples";"Reta";"Sim";2;0;0;0;2;0;0;2;-5,339671;-49,08239;"SPRF-PA";"DEL03-PA";"UOP01-DEL03-PA"
382879;2021-09-11;"sábado";"17:30:00";"BA";116;352;"SERRINHA";"Ausência de reação do condutor";"Incêndio";"Sem Vítimas";"Plena Noite";"Crescente";"Céu Claro";"Simples";"Aclive";"Não";2;0;0;0;0;2;0;2;-11,60901206;-38,98384646;"SPRF-BA";"DEL02-BA";"UOP01-DEL02-BA"
382880;2021-09-11;"sábado";"16:50:00";"MS";163;839,3;"SONORA";"Acessar a via sem observar a presença dos outros veículos";"Colisão transversal";"Com Vítimas Feridas";"Pleno dia";"Decrescente";"Ignorado";"Simples";"Reta";"Não";3;0;0;1;1;2;1;4;-17,58231308;-54,74314059;"SPRF-MS";"DEL06-MS";"UOP01-DEL06-MS"
382883;2021-09-11;"sábado";"18:05:00";"MG";381;481;"CONTAGEM";"Condutor deixou de manter distância do veículo da frente";"Colisão traseira";"Com Vítimas Feridas";"Anoitecer";"Decrescente";"Nublado";"Dupla";"Reta";"Sim";2;0;1;0;1;0;1;2;-19,95931561;-44,08825597;"SPRF-MG";"DEL01-MG";"UOP03-DEL01-MG"
382922;2021-09-11;"sábado";"20:26:00";"PE";424;83;"GARANHUNS";"Ingestão de álcool pelo condutor";"Colisão lateral sentido oposto";"Sem Vítimas";"Plena Noite";"Decrescente";"Nublado";"Simples";"Reta";"Não";2;0;0;0;1;1;0;2;-8,84593423;-36,52457016;"SPRF-PE";"DEL03-PE";"UOP01-DEL03-PE"
382929;2021-09-11;"sábado";"20:30:00";"PE";424;106,2;"GARANHUNS";"Ingestão de álcool pelo condutor";"Colisão traseira";"Sem Vítimas";"Plena Noite";"Crescente";"Céu Claro";"Simples";"Reta";"Não";2;0;0;0;2;0;0;2;-8,99200167;-36,49391511;"SPRF-PE";"DEL03-PE";"UOP01-DEL03-PE"
382932;2021-09-11;"sábado";"16:00:00";"MA";10;129,6;"ESTREITO";"Desrespeitar a preferência no cruzamento";"Colisão transversal";"Sem Vítimas";"Pleno dia";"Decrescente";"Céu Claro";"Simples";"Reta;Declive";"Sim";3;0;0;0;1;3;0;4;-6,557551;-47,448788;"SPRF-MA";"DEL04-MA";"UOP02-DEL04-MA"
382934;2021-09-11;"sábado";"16:30:00";"SC";158;116,6;"CUNHA PORA";"Mal súbito do condutor";"Colisão frontal";"Com Vítimas Feridas";"Pleno dia";"Decrescente";"Sol";"Simples";"Reta";"Não";4;0;1;1;1;1;2;3;-26,939083;-53,204106;"SPRF-SC";"DEL07-SC";"UOP02-DEL07-SC"
382936;2021-09-11;"sábado";"18:35:00";"SC";101;232,1;"PALHOCA";"Condutor deixou de manter distância do veículo da frente";"Colisão com objeto";"Sem Vítimas";"Plena Noite";"Decrescente";"Céu Claro";"Dupla";"Reta";"Não";2;0;0;0;1;1;0;2;-27,795666;-48,638153;"SPRF-SC";"DEL01-SC";"UOP02-DEL01-SC"
382939;2021-06-30;"quarta-feira";"11:00:00";"RJ";101;297;"ITABORAI";"Curva acentuada";"Colisão lateral mesmo sentido";"Com Vítimas Feridas";"Pleno dia";"Crescente";"Ignorado";"Simples";"Curva";"Sim";4;0;1;0;1;2;1;3;-22,77063725;-42,92186201;"SPRF-RJ";"DEL02-RJ";"UOP02-DEL02-RJ"
382949;2021-09-11;"sábado";"19:45:00";"SC";470;282;"BRUNOPOLIS";"Ultrapassagem Indevida";"Colisão frontal";"Com Vítimas Feridas";"Plena Noite";"Crescente";"Céu Claro";"Simples";"Curva";"Não";2;0;1;0;1;0;1;2;-27,334911;-50,882519;"SPRF-SC";"DEL07-SC";"UOP06-DEL07-SC"
382953;2021-09-11;"sábado";"20:30:00";"BA";101;842;"TEIXEIRA DE FREITAS";"Reação tardia ou ineficiente do condutor";"Tombamento";"Com Vítimas Feridas";"Plena Noite";"Decrescente";"Céu Claro";"Simples";"Curva";"Não";1;0;1;0;0;0;1;1;-17,257889;-39,632352;"SPRF-BA";"DEL09-BA";"UOP02-DEL09-BA"
382956;2021-09-11;"sábado";"21:35:00";"PR";277;194,3;"PALMEIRA";"Acesso irregular";"Colisão transversal";"Sem Vítimas";"Plena Noite";"Decrescente";"Céu Claro";"Simples";"Reta";"Não";2;0;0;0;1;1;0;2;-25,43176631;-50,14954706;"SPRF-PR";"DEL03-PR";"UOP03-DEL03-PR"
382965;2021-09-12;"domingo";"00:20:00";"SP";116;199;"ARUJA";"Entrada inopinada do pedestre";"Atropelamento de Pedestre";"Com Vítimas Feridas";"Plena Noite";"Crescente";"Céu Claro";"Múltipla";"Reta";"Sim";4;0;0;1;2;1;1;4;-23,40185327;-46,31154312;"SPRF-SP";"DEL01-SP";"UOP01-DEL01-SP"
382966;2021-09-12;"domingo";"00:00:00";"ES";447;13;"VILA VELHA";"Chuva";"Colisão traseira";"Com Vítimas Feridas";"Plena Noite";"Crescente";"Chuva";"Dupla";"Reta";"Sim";3;0;0;1;1;1;1;3;-20,35784325;-40,3328294;"SPRF-ES";"DEL01-ES";"UOP01-DEL01-ES"
382967;2021-09-12;"domingo";"00:10:00";"GO";153;663;"GOIATUBA";"Velocidade Incompatível";"Colisão traseira";"Sem Vítimas";"Plena Noite";"Crescente";"Céu Claro";"Dupla";"Declive";"Não";2;0;0;0;2;0;0;2;-18,0812;-49,271;"SPRF-GO";"DEL03-GO";"UOP02-DEL03-GO"
382971;2021-09-11;"sábado";"21:50:00";"MG";116;498;"INHAPIM";"Demais falhas mecânicas ou elétricas";"Incêndio";"Sem Vítimas";"Plena Noite";"Crescente";"Nublado";"Simples";"Curva;Aclive";"Não";5;0;0;0;5;0;0;3;-19,54476495;-42,12568405;"SPRF-MG";"DEL06-MG";"UOP02-DEL06-MG"
382978;2021-09-12;"domingo";"01:50:00";"RJ";101;272;"TANGUA";"Velocidade Incompatível";"Colisão lateral mesmo sentido";"Com Vítimas Feridas";"Plena Noite";"Crescente";"Chuva";"Dupla";"Reta";"Não";3;0;1;0;2;0;1;2;-22,72935968;-42,70112512;"SPRF-RJ";"DEL02-RJ";"UOP03-DEL02-RJ"
382997;2021-09-12;"domingo";"03:55:00";"SC";101;153;"ITAPEMA";"Reação tardia ou ineficiente do condutor";"Colisão transversal";"Com Vítimas Feridas";"Plena Noite";"Decrescente";"Céu Claro";"Múltipla";"Reta";"Sim";3;0;0;1;1;1;1;3;-27,144717;-48,61063935;"SPRF-SC";"DEL04-SC";"UOP03-DEL04-SC"
383003;2021-09-12;"domingo";"05:00:00";"SC";280;15;"SAO FRANCISCO DO SUL";"Ultrapassagem Indevida";"Colisão frontal";"Com Vítimas Feridas";"Amanhecer";"Decrescente";"Céu Claro";"Simples";"Ponte";"Não";4;0;0;2;1;2;2;4;-26,33868901;-48,65489598;"SPRF-SC";"DEL03-SC";"UOP03-DEL03-SC"
383007;2021-09-12;"domingo";"06:00:00";"GO";50;298;"CUMARI";"Condutor Dormindo";"Saída de leito carroçável";"Com Vítimas Fatais";"Pleno dia";"Crescente";"Céu Claro";"Dupla";"Declive;Reta";"Não";1;1;0;0;0;0;0;1;-18,3147;-48,0171;"SPRF-GO";"DEL06-GO";"UOP01-DEL06-GO"
383024;2021-09-12;"domingo";"06:40:00";"RN";427;7,8;"CURRAIS NOVOS";"Velocidade Incompatível";"Tombamento";"Com Vítimas Fatais";"Pleno dia";"Decrescente";"Céu Claro";"Simples";"Curva";"Não";3;2;0;0;0;1;0;2;-6,322651;-36,539112;"SPRF-RN";"DEL03-RN";"UOP02-DEL03-RN"
383035;2021-09-12;"domingo";"06:50:00";"MG";381;583,7;"CARMOPOLIS DE MINAS";"Velocidade Incompatível";"Tombamento";"Com Vítimas Feridas";"Amanhecer";"Decrescente";"Céu Claro";"Dupla";"Curva";"Não";2;0;1;0;0;2;1;3;-20,50873462;-44,61176593;"SPRF-MG";"DEL04-MG";"UOP01-DEL04-MG"
383037;2021-09-05;"domingo";"07:40:00";"CE";20;313,7;"CANINDE";"Transitar na contramão";"Colisão lateral sentido oposto";"Com Vítimas Feridas";"Pleno dia";"Decrescente";"Céu Claro";"Simples";"Curva";"Não";4;0;1;0;2;1;1;3;-4,31910384;-39,26945147;"SPRF-CE";"DEL02-CE";"UOP01-DEL02-CE"
383048;2021-09-12;"domingo";"09:35:00";"PE";101;115,1;"IPOJUCA";"Velocidade Incompatível";"Tombamento";"Com Vítimas Feridas";"Pleno dia";"Crescente";"Céu Claro";"Dupla";"Curva";"Não";2;0;1;0;0;1;1;2;-8,33694261;-35,14157295;"SPRF-PE";"DEL01-PE";"UOP01-DEL01-PE"
383052;2021-09-12;"domingo";"10:00:00";"DF";80;14,9;"BRASILIA";"Condutor deixou de manter distância do veículo da frente";"Colisão com objeto";"Com Vítimas Feridas";"Pleno dia";"Crescente";"Céu Claro";"Simples";"Reta;Declive";"Não";1;0;1;0;0;0;1;1;-15,710556;-48,199217;"SPRF-DF";"DEL03-DF";"UOP02-DEL03-DF"
383066;2021-09-12;"domingo";"10:20:00";"PI";230;309;"FLORIANO";"Reação tardia ou ineficiente do condutor";"Colisão lateral mesmo sentido";"Com Vítimas Feridas";"Pleno dia";"Crescente";"Céu Claro";"Simples";"Reta";"Sim";4;0;1;0;1;2;1;4;-6,77433132;-43,00632318;"SPRF-PI";"DEL03-PI";"UOP01-DEL03-PI"
383067;2021-09-12;"domingo";"11:40:00";"PR";116;12,5;"CAMPINA GRANDE DO SUL";"Velocidade Incompatível";"Tombamento";"Com Vítimas Feridas";"Pleno dia";"Crescente";"Sol";"Dupla";"Curva";"Não";2;0;1;0;0;1;1;2;-25,09706813;-48,65517895;"SPRF-PR";"DEL01-PR";"UOP02-DEL01-PR"
383073;2021-09-12;"domingo";"08:30:00";"BA";242;363;"PALMEIRAS";"Demais falhas mecânicas ou elétricas";"Incêndio";"Sem Vítimas";"Pleno dia";"Crescente";"Céu Claro";"Simples";"Curva";"Não";2;0;0;0;1;1;0;2;-12,46727769;-41,4150469;"SPRF-BA";"DEL06-BA";"UOP01-DEL06-BA"
383076;2021-09-12;"domingo";"12:55:00";"SP";116;38,2;"CACHOEIRA PAULISTA";"Pedestre andava na pista";"Atropelamento de Pedestre";"Com Vítimas Feridas";"Pleno dia";"Crescente";"Céu Claro";"Dupla";"Reta;Aclive";"Não";3;0;0;1;1;1;1;3;-22,67026579;-44,99183604;"SPRF-SP";"DEL08-SP";"UOP02-DEL08-SP"
383078;2021-09-12;"domingo";"12:45:00";"MG";267;57,5;"GUARARA";"Pedestre cruzava a pista fora da faixa";"Atropelamento de Pedestre";"Com Vítimas Feridas";"Pleno dia";"Crescente";"Céu Claro";"Simples";"Reta;Aclive";"Sim";2;0;1;0;1;0;1;2;-21,71866407;-43,02859901;"SPRF-MG";"DEL07-MG";"UOP01-DEL07-MG"
383086;2021-09-12;"domingo";"14:39:00";"SC";470;98;"APIUNA";"Demais falhas mecânicas ou elétricas";"Incêndio";"Sem Vítimas";"Pleno dia";"Decrescente";"Sol";"Simples";"Reta";"Sim";2;0;0;0;1;1;0;2;-27,032537;-49,385468;"SPRF-SC";"DEL04-SC";"UOP01-DEL04-SC"
383096;2021-09-12;"domingo";"16:44:00";"RS";290;0,3;"OSORIO";"Pedestre cruzava a pista fora da faixa";"Atropelamento de Pedestre";"Com Vítimas Fatais";"Pleno dia";"Decrescente";"Céu Claro";"Dupla";"Declive";"Sim";2;1;0;0;1;0;0;2;-29,88918;-50,27878;"SPRF-RS";"DEL03-RS";"UOP01-DEL03-RS"
383109;2021-09-12;"domingo";"16:40:00";"RN";226;325,9;"MESSIAS TARGINO";"Manobra de mudança de faixa";"Queda de ocupante de veículo";"Com Vítimas Fatais";"Pleno dia";"Crescente";"Céu Claro";"Simples";"Reta";"Não";2;1;0;0;1;0;0;2;-6,07540225;-37,52836494;"SPRF-RN";"DEL04-RN";"UOP01-DEL04-RN"
383114;2021-09-12;"domingo";"16:50:00";"MG";459;90,8;"CONGONHAL";"Chuva";"Colisão frontal";"Com Vítimas Feridas";"Pleno dia";"Crescente";"Chuva";"Simples";"Curva";"Não";9;0;7;0;0;2;7;4;-22,179953;-45,994399;"SPRF-MG";"DEL09-MG";"UOP01-DEL09-MG"
383126;2021-09-12;"domingo";"18:20:00";"MS";163;373;"NOVA ALVORADA DO SUL";"Ingestão de álcool pelo condutor";"Colisão lateral mesmo sentido";"Com Vítimas Feridas";"Plena Noite";"Decrescente";"Céu Claro";"Dupla";"Reta";"Não";3;0;1;0;2;0;1;2;-21,40151579;-54,40400077;"SPRF-MS";"DEL02-MS";"UOP01-DEL02-MS"
383127;2021-09-12;"domingo";"18:20:00";"CE";304;50,1;"ARACATI";"Ingestão de álcool pelo condutor";"Colisão transversal";"Com Vítimas Fatais";"Plena Noite";"Crescente";"Céu Claro";"Simples";"Reta";"Sim";3;1;0;0;1;2;0;4;-4,57352926;-37,76245988;"SPRF-CE";"DEL03-CE";"UOP03-DEL03-CE"
383135;2021-09-12;"domingo";"14:00:00";"GO";153;208,9;"URUACU";"Acostamento em desnível";"Derramamento de carga";"Sem Vítimas";"Pleno dia";"Decrescente";"Céu Claro";"Simples";"Aclive";"Não";2;0;0;0;1;2;0;3;-14,598565;-49,164585;"SPRF-GO";"DEL07-GO";"UOP02-DEL07-GO"
383136;2021-09-12;"domingo";"19:50:00";"ES";101;395;"RIO NOVO DO SUL";"Problema com o freio";"Colisão frontal";"Sem Vítimas";"Plena Noite";"Crescente";"Nublado";"Simples";"Reta";"Não";2;0;0;0;1;1;0;2;-20,86594262;-40,93257592;"SPRF-ES";"DEL03-ES";"UOP02-DEL03-ES"
383139;2021-09-12;"domingo";"18:10:00";"SC";101;165;"TIJUCAS";"Ingestão de álcool pelo condutor";"Colisão lateral mesmo sentido";"Com Vítimas Feridas";"Plena Noite";"Crescente";"Céu Claro";"Dupla";"Reta";"Não";3;0;0;1;1;1;1;3;-27,252663;-48,63154894;"SPRF-SC";"DEL04-SC";"UOP03-DEL04-SC"
383153;2021-09-12;"domingo";"19:20:00";"MT";70;524,7;"VARZEA GRANDE";"Transitar na contramão";"Colisão frontal";"Com Vítimas Fatais";"Plena Noite";"Crescente";"Céu Claro";"Simples";"Reta";"Sim";6;2;1;3;0;0;4;2;-15,65467236;-56,20707393;"SPRF-MT";"DEL01-MT";"UOP02-DEL01-MT"
383167;2021-09-12;"domingo";"21:30:00";"BA";101;105;"ALAGOINHAS";"Reação tardia ou ineficiente do condutor";"Colisão frontal";"Com Vítimas Fatais";"Plena Noite";"Crescente";"Céu Claro";"Simples";"Reta";"Não";3;1;0;0;1;2;0;4;-12,15963868;-38,41162324;"SPRF-BA";"DEL01-BA";"UOP04-DEL01-BA"
383182;2021-09-12;"domingo";"20:55:00";"PB";230;329;"QUIXABA";"Acessar a via sem observar a presença dos outros veículos";"Colisão transversal";"Com Vítimas Feridas";"Plena Noite";"Decrescente";"Céu Claro";"Simples";"Declive;Interseção de Vias;Reta";"Não";3;0;0;1;2;0;1;2;-7,01531845;-37,22171187;"SPRF-PB";"DEL03-PB";"UOP01-DEL03-PB"
383188;2021-09-12;"domingo";"20:45:00";"MS";487;117,3;"ITAQUIRAI";"Transitar na contramão";"Colisão frontal";"Com Vítimas Feridas";"Plena Noite";"Crescente";"Céu Claro";"Simples";"Reta";"Não";2;0;0;1;1;0;1;2;-23,28155825;-53,89678618;"SPRF-MS";"DEL09-MS";"UOP01-DEL09-MS"
383201;2021-09-12;"domingo";"18:45:00";"SC";282;451,7;"PONTE SERRADA";"Ausência de reação do condutor";"Saída de leito carroçável";"Com Vítimas Feridas";"Plena Noite";"Decrescente";"Céu Claro";"Simples";"Curva";"Sim";2;0;1;0;0;1;1;2;-26,912806;-51,962536;"SPRF-SC";"DEL07-SC";"UOP04-DEL07-SC"
383207;2021-09-12;"domingo";"22:25:00";"SC";470;111,2;"IBIRAMA";"Velocidade Incompatível";"Tombamento";"Com Vítimas Feridas";"Plena Noite";"Decrescente";"Nublado";"Simples";"Declive;Curva";"Não";2;0;1;0;0;1;1;2;-27,09974387;-49,4606638;"SPRF-SC";"DEL04-SC";"UOP02-DEL04-SC"
383208;2021-09-12;"domingo";"16:00:00";"MA";226;478;"SITIO NOVO";"Ausência de reação do condutor";"Saída de leito carroçável";"Sem Vítimas";"Pleno dia";"Decrescente";"Céu Claro";"Simples";"Reta";"Não";2;0;0;0;1;2;0;3;-6,03663924;-46,62578003;"SPRF-MA";"DEL04-MA";"UOP02-DEL04-MA"
383217;2021-09-12;"domingo";"21:30:00";"SC";282;293,9;"VARGEM";"Velocidade Incompatível";"Colisão com objeto";"Com Vítimas Feridas";"Plena Noite";"Decrescente";"Céu Claro";"Simples";"Curva";"Não";6;0;0;2;4;0;2;2;-27,538227;-50,860825;"SPRF-SC";"DEL07-SC";"UOP06-DEL07-SC"
383221;2021-09-13;"segunda-feira";"01:00:00";"SP";116;279,5;"EMBU DAS ARTES";"Condutor deixou de manter distância do veículo da frente";"Colisão lateral mesmo sentido";"Com Vítimas Fatais";"Plena Noite";"Decrescente";"Céu Claro";"Dupla";"Aclive";"Sim";5;2;0;0;2;1;0;4;-23,64898611;-46,844244;"SPRF-SP";"DEL04-SP";"UOP01-DEL04-SP"
383224;2021-09-13;"segunda-feira";"01:40:00";"AL";423;52;"INHAPI";"Acessar a via sem observar a presença dos outros veículos";"Colisão transversal";"Com Vítimas Feridas";"Plena Noite";"Decrescente";"Céu Claro";"Simples";"Reta";"Não";2;0;0;1;0;1;1;2;-9,26629001;-37,73584843;"SPRF-AL";"DEL03-AL";"UOP02-DEL03-AL"
383225;2021-09-13;"segunda-feira";"02:15:00";"SC";470;48,6;"BLUMENAU";"Ultrapassagem Indevida";"Tombamento";"Com Vítimas Feridas";"Plena Noite";"Decrescente";"Nublado";"Dupla";"Ponte;Reta";"Sim";4;0;2;0;1;1;2;3;-26,859823;-49,055393;"SPRF-SC";"DEL04-SC";"UOP01-DEL04-SC"
383227;2021-09-12;"domingo";"18:50:00";"MS";376;153;"NOVA ANDRADINA";"Ingestão de álcool pelo condutor";"Colisão frontal";"Com Vítimas Feridas";"Plena Noite";"Crescente";"Nublado";"Simples";"Reta";"Não";5;0;3;1;1;0;4;2;-22,37625723;-53,52733389;"SPRF-MS";"DEL04-MS";"UOP04-DEL04-MS"
383231;2021-09-13;"segunda-feira";"05:10:00";"CE";116;315;"JAGUARIBE";"Transitar na contramão";"Colisão frontal";"Com Vítimas Fatais";"Amanhecer";"Crescente";"Céu Claro";"Simples";"Reta";"Não";3;1;0;0;1;1;0;3;-5,94608802;-38,63230107;"SPRF-CE";"DEL05-CE";"UOP02-DEL05-CE"
383233;2021-09-13;"segunda-feira";"05:10:00";"GO";60;15;"ALEXANIA";"Condutor Dormindo";"Colisão traseira";"Com Vítimas Feridas";"Amanhecer";"Crescente";"Céu Claro";"Dupla";"Aclive";"Não";40;0;35;3;1;1;38;3;-16,094168;-48,517212;"SPRF-DF";"DEL03-DF";"UOP01-DEL03-DF"
383243;2021-09-13;"segunda-feira";"08:00:00";"MG";116;417;"GOVERNADOR VALADARES";"Entrada inopinada do pedestre";"Atropelamento de Pedestre";"Com Vítimas Fatais";"Pleno dia";"Crescente";"Sol";"Simples";"Curva";"Não";3;1;0;0;1;1;0;2;-18,896989;-41,947492;"SPRF-MG";"DEL06-MG";"UOP01-DEL06-MG"
383248;2021-09-13;"segunda-feira";"07:25:00";"SC";101;344,9;"TUBARAO";"Manobra de mudança de faixa";"Colisão lateral mesmo sentido";"Com Vítimas Feridas";"Pleno dia";"Crescente";"Céu Claro";"Múltipla";"Reta";"Não";2;0;1;0;1;0;1;2;-28,55587761;-49,05464172;"SPRF-SC";"DEL02-SC";"UOP01-DEL02-SC"
383250;2021-08-12;"quinta-feira";"12:45:00";"PE";232;7;"RECIFE";"Reação tardia ou ineficiente do condutor";"Colisão com objeto";"Com Vítimas Feridas";"Pleno dia";"Crescente";"Céu Claro";"Dupla";"Reta";"Sim";2;0;0;1;1;0;1;2;-8,07333497;-34,96184301;"SPRF-PE";"DEL01-PE";"UOP01-DEL01-PE"
383251;2021-09-13;"segunda-feira";"08:20:00";"BA";324;616;"SALVADOR";"Condutor deixou de manter distância do veículo da frente";"Engavetamento";"Com Vítimas Feridas";"Pleno dia";"Decrescente";"Céu Claro";"Dupla";"Reta";"Não";3;0;1;0;2;0;1;3;-12,87957905;-38,43213893;"SPRF-BA";"DEL01-BA";"UOP01-DEL01-BA"
383255;2021-09-13;"segunda-feira";"08:35:00";"ES";101;148;"LINHARES";"Pedestre cruzava a pista fora da faixa";"Atropelamento de Pedestre";"Com Vítimas Feridas";"Pleno dia";"Crescente";"Céu Claro";"Simples";"Reta";"Sim";2;0;1;0;1;0;1;2;-19,38787399;-40,06752766;"SPRF-ES";"DEL04-ES";"UOP01-DEL04-ES"
383256;2021-09-13;"segunda-feira";"06:40:00";"RJ";116;230;"PIRAI";"Carga excessiva e/ou mal acondicionada";"Tombamento";"Sem Vítimas";"Amanhecer";"Decrescente";"Nublado";"Dupla";"Curva";"Não";2;0;0;0;1;1;0;2;-22,66716058;-43,86021322;"SPRF-RJ";"DEL07-RJ";"UOP01-DEL07-RJ"
383257;2021-09-13;"segunda-feira";"06:45:00";"MG";381;652,1;"SANTO ANTONIO DO AMPARO";"Velocidade Incompatível";"Tombamento";"Sem Vítimas";"Pleno dia";"Decrescente";"Céu Claro";"Dupla";"Curva";"Não";2;0;0;0;1;1;0;2;-20,98384831;-44,94479972;"SPRF-MG";"DEL04-MG";"UOP02-DEL04-MG"
383272;2021-09-13;"segunda-feira";"08:13:00";"MA";316;443;"PERITORO";"Manobra de mudança de faixa";"Colisão lateral sentido oposto";"Com Vítimas Feridas";"Pleno dia";"Decrescente";"Sol";"Simples";"Reta";"Não";3;0;2;0;0;1;2;3;-4,447243;-44,190414;"SPRF-MA";"DEL03-MA";"UOP01-DEL03-MA"
383274;2021-09-13;"segunda-feira";"08:30:00";"PA";10;353;"SANTA MARIA DO PARA";"Condutor desrespeitou a iluminação vermelha do semáforo";"Colisão transversal";"Com Vítimas Feridas";"Pleno dia";"Crescente";"Céu Claro";"Simples";"Reta";"Sim";2;0;1;0;1;0;1;2;-1,35646249;-47,57423141;"SPRF-PA";"DEL01-PA";"UOP02-DEL01-PA"
383276;2021-07-06;"terça-feira";"14:30:00";"RJ";493;53;"DUQUE DE CAXIAS";"Acesso irregular";"Colisão transversal";"Com Vítimas Feridas";"Pleno dia";"Decrescente";"Céu Claro";"Dupla";"Reta";"Não";3;0;2;0;0;1;2;2;-22,66586907;-43,32634818;"SPRF-RJ";"DEL01-RJ";"UOP01-DEL01-RJ"
383285;2021-09-12;"domingo";"15:30:00";"MT";174;214,5;"PORTO ESPERIDIAO";"Ultrapassagem Indevida";"Saída de leito carroçável";"Com Vítimas Feridas";"Pleno dia";"Crescente";"Céu Claro";"Simples";"Reta";"Não";2;0;1;0;0;3;1;4;-15,63368123;-58,78699327;"SPRF-MT";"DEL04-MT";"UOP01-DEL04-MT"
383294;2021-09-13;"segunda-feira";"12:43:00";"RS";386;74;"BOA VISTA DAS MISSOES";"Desrespeitar a preferência no cruzamento";"Colisão transversal";"Com Vítimas Feridas";"Pleno dia";"Crescente";"Céu Claro";"Simples";"Interseção de Vias";"Não";4;0;0;1;3;0;1;2;-27,68795056;-53,30800831;"SPRF-RS";"DEL08-RS";"UOP02-DEL08-RS"
383297;2021-09-13;"segunda-feira";"11:55:00";"SC";101;190,2;"BIGUACU";"Acumulo de areia ou detritos sobre o pavimento";"Colisão com objeto";"Sem Vítimas";"Pleno dia";"Crescente";"Nublado";"Múltipla";"Reta";"Sim";4;0;0;0;3;1;0;3;-27,468056;-48,641712;"SPRF-SC";"DEL01-SC";"UOP01-DEL01-SC"
383299;2021-09-06;"segunda-feira";"11:00:00";"RS";472;513;"ITAQUI";"Carga excessiva e/ou mal acondicionada";"Colisão com objeto";"Sem Vítimas";"Pleno dia";"Decrescente";"Céu Claro";"Simples";"Reta";"Não";3;0;0;0;1;2;0;3;-29,35414403;-56,63342798;"SPRF-RS";"DEL13-RS";"UOP01-DEL13-RS"
383302;2021-09-13;"segunda-feira";"14:00:00";"AL";316;266,6;"SATUBA";"Velocidade Incompatível";"Saída de leito carroçável";"Com Vítimas Feridas";"Pleno dia";"Crescente";"Chuva";"Simples";"Curva";"Não";3;0;3;0;0;0;3;1;-9,58762644;-35,85230719;"SPRF-AL";"DEL02-AL";"UOP01-DEL02-AL"
383304;2021-08-08;"domingo";"19:40:00";"RS";386;325,9;"MARQUES DE SOUZA";"Acessar a via sem observar a presença dos outros veículos";"Colisão transversal";"Com Vítimas Feridas";"Plena Noite";"Decrescente";"Céu Claro";"Simples";"Reta";"Sim";3;0;0;1;1;1;1;3;-29,32651612;-52,10197449;"SPRF-RS";"DEL04-RS";"UOP01-DEL04-RS"
383313;2021-09-13;"segunda-feira";"14:45:00";"PR";116;126,1;"FAZENDA RIO GRANDE";"Trafegar com motocicleta (ou similar) entre as faixas";"Colisão lateral mesmo sentido";"Com Vítimas Feridas";"Pleno dia";"Decrescente";"Céu Claro";"Dupla";"Reta";"Sim";5;0;0;1;1;3;1;4;-25,58723699;-49,3068552;"SPRF-PR";"DEL01-PR";"UOP03-DEL01-PR"
383318;2021-09-03;"sexta-feira";"14:30:00";"MT";70;92;"GENERAL CARNEIRO";"Curva acentuada";"Tombamento";"Com Vítimas Feridas";"Pleno dia";"Decrescente";"Céu Claro";"Simples";"Curva";"Não";2;0;1;0;0;2;1;3;-15,57452194;-52,87620384;"SPRF-MT";"DEL07-MT";"UOP01-DEL07-MT"
383322;2021-09-13;"segunda-feira";"14:05:00";"MG";262;50,5;"MANHUACU";"Reação tardia ou ineficiente do condutor";"Colisão transversal";"Com Vítimas Feridas";"Pleno dia";"Decrescente";"Céu Claro";"Simples";"Reta";"Sim";2;0;1;0;1;0;1;2;-20,2428055;-42,13652397;"SPRF-MG";"DEL06-MG";"UOP03-DEL06-MG"