"id";"data_inversa";"dia_semana";"horario";"uf";"br";"km";"municipio";"causa_acidente";"tipo_acidente";"classificacao_acidente";"fase_dia";"sentido_via";"condicao_metereologica";"tipo_pista";"tracado_via";"uso_solo";"pessoas";"mortos";"feridos_leves";"feridos_graves";"ilesos";"ignorados";"feridos";"veiculos";"latitude";"longitude";"regional";"delegacia";"uop"
383323;2021-08-25;"quarta-feira";"14:30:00";"RS";386;440;"CANOAS";"Condutor deixou de manter distância do veículo da frente";"Colisão traseira";"Com Vítimas Feridas";"Pleno dia";"Crescente";"Chuva";"Dupla";"Reta";"Não";6;0;3;1;1;1;4;3;-29,87738868;-51,24306679;"SPRF-RS";"DEL01-RS";"UOP01-DEL01-RS"
383325;2021-09-13;"segunda-feira";"14:30:00";"SC";470;151;"AGRONOMICA";"Reação tardia ou ineficiente do condutor";"Colisão traseira";"Com Vítimas Feridas";"Pleno dia";"Decrescente";"Céu Claro";"Simples";"Reta";"Não";4;0;1;0;2;2;1;5;-27,260792;-49,719761;"SPRF-SC";"DEL04-SC";"UOP02-DEL04-SC"
383328;2021-09-13;"segunda-feira";"10:30:00";"MS";158;239;"TRES LAGOAS";"Reação tardia ou ineficiente do condutor";"Saída de leito carroçável";"Com Vítimas Feridas";"Pleno dia";"Crescente";"Nublado";"Simples";"Reta";"Não";2;0;1;0;0;2;1;3;-20,61998116;-51,69368095;"SPRF-MS";"DEL07-MS";"UOP01-DEL07-MS"
383329;2021-09-13;"segunda-feira";"15:00:00";"PR";163;214,4;"CASCAVEL";"Demais falhas mecânicas ou elétricas";"Colisão com objeto";"Com Vítimas Fatais";"Pleno dia";"Decrescente";"Nublado";"Simples";"Reta;Aclive";"Não";3;1;0;0;1;2;0;4;-24,90777101;-53,53495392;"SPRF-PR";"DEL04-PR";"UOP01-DEL04-PR"
383331;2021-09-13;"segunda-feira";"15:40:00";"SC";101;114,6;"ITAJAI";"Acesso irregular";"Colisão traseira";"Com Vítimas Feridas";"Pleno dia";"Crescente";"Nublado";"Dupla";"Reta";"Sim";3;0;1;0;1;1;1;3;-26,86192886;-48,7286704;"SPRF-SC";"DEL04-SC";"UOP04-DEL04-SC"
383334;2021-09-13;"segunda-feira";"15:15:00";"MG";365;664,8;"MONTE ALEGRE DE MINAS";"Ausência de reação do condutor";"Colisão traseira";"Com Vítimas Feridas";"Pleno dia";"Crescente";"Sol";"Dupla";"Curva";"Não";5;0;0;1;1;3;1;4;-18,89248;-48,683561;"SPRF-MG";"DEL15-MG";"UOP01-DEL15-MG"
383336;2021-09-13;"segunda-feira";"17:05:00";"MG";40;610,8;"CONGONHAS";"Manobra de mudança de faixa";"Colisão lateral mesmo sentido";"Com Vítimas Feridas";"Pleno dia";"Crescente";"Céu Claro";"Simples";"Curva";"Não";2;0;0;1;1;0;1;2;-20,5019758;-43,83840447;"SPRF-MG";"DEL05-MG";"UOP02-DEL05-MG"
383337;2021-09-13;"segunda-feira";"16:00:00";"SC";116;308,9;"CAPAO ALTO";"Velocidade Incompatível";"Tombamento";"Com Vítimas Feridas";"Pleno dia";"Crescente";"Nublado";"Simples";"Curva";"Não";3;0;3;0;0;0;3;1;-28,1980022;-50,75984001;"SPRF-SC";"DEL05-SC";"UOP02-DEL05-SC"
383342;2021-09-13;"segunda-feira";"17:20:00";"PE";101;73,6;"RECIFE";"Reação tardia ou ineficiente do condutor";"Colisão transversal";"Com Vítimas Feridas";"Anoitecer";"Decrescente";"Nublado";"Dupla";"Retorno Regulamentado";"Não";3;0;0;1;1;1;1;2;-8,099177;-34,949988;"SPRF-PE";"DEL01-PE";"UOP01-DEL01-PE"
383343;2021-09-13;"segunda-feira";"17:00:00";"MG";365;5,5;"MONTES CLAROS";"Reação tardia ou ineficiente do condutor";"Colisão lateral mesmo sentido";"Com Vítimas Feridas";"Pleno dia";"Decrescente";"Céu Claro";"Simples";"Declive;Curva";"Não";3;0;1;0;2;0;1;3;-16,74574399;-43,88392402;"SPRF-MG";"DEL12-MG";"UOP01-DEL12-MG"
383350;2021-07-14;"quarta-feira";"18:10:00";"SC";101;51,6;"JOINVILLE";"Reação tardia ou ineficiente do condutor";"Colisão traseira";"Com Vítimas Fatais";"Anoitecer";"Decrescente";"Céu Claro";"Dupla";"Reta";"Sim";3;1;0;0;1;1;0;3;-26,39111608;-48,83984239;"SPRF-SC";"DEL03-SC";"UOP01-DEL03-SC"
383359;2021-09-13;"segunda-feira";"15:45:00";"MT";163;831;"SINOP";"Condutor deixou de manter distância do veículo da frente";"Colisão traseira";"Com Vítimas Feridas";"Pleno dia";"Crescente";"Céu Claro";"Simples";"Reta";"Sim";2;0;1;0;1;0;1;2;-11,89;-55,503;"SPRF-MT";"DEL06-MT";"UOP01-DEL06-MT"
383373;2021-09-13;"segunda-feira";"17:20:00";"SC";101;134,9;"BALNEARIO CAMBORIU";"Ausência de reação do condutor";"Colisão lateral mesmo sentido";"Com Vítimas Feridas";"Anoitecer";"Crescente";"Nublado";"Simples";"Reta";"Sim";2;0;0;1;1;0;1;2;-27,00218;-48,636433;"SPRF-SC";"DEL04-SC";"UOP03-DEL04-SC"
383375;2021-09-13;"segunda-feira";"18:40:00";"MS";163;649;"SAO GABRIEL DO OESTE";"Ausência de reação do condutor";"Tombamento";"Com Vítimas Fatais";"Anoitecer";"Decrescente";"Nublado";"Simples";"Reta";"Não";2;1;0;0;0;2;0;3;-19,16918;-54,756944;"SPRF-MS";"DEL06-MS";"UOP02-DEL06-MS"
383377;2021-09-13;"segunda-feira";"18:47:00";"ES";262;33;"DOMINGOS MARTINS";"Demais falhas mecânicas ou elétricas";"Tombamento";"Com Vítimas Feridas";"Plena Noite";"Decrescente";"Céu Claro";"Simples";"Declive";"Não";1;0;1;0;0;0;1;1;-20,37535106;-40,58433127;"SPRF-ES";"DEL01-ES";"UOP01-DEL01-ES"
383378;2021-09-13;"segunda-feira";"18:55:00";"PR";277;0;"PARANAGUA";"Ingestão de álcool pelo condutor";"Colisão com objeto";"Sem Vítimas";"Plena Noite";"Decrescente";"Nublado";"Simples";"Reta;Ponte";"Sim";2;0;0;0;1;2;0;3;-25,52100306;-48,54516685;"SPRF-PR";"DEL01-PR";"UOP05-DEL01-PR"
383384;2021-09-13;"segunda-feira";"20:30:00";"MG";116;526,8;"CARATINGA";"Objeto estático sobre o leito carroçável";"Tombamento";"Com Vítimas Feridas";"Plena Noite";"Crescente";"Céu Claro";"Simples";"Aclive";"Sim";3;0;1;0;1;1;1;3;-19,77654011;-42,13327989;"SPRF-MG";"DEL06-MG";"UOP02-DEL06-MG"
383386;2021-09-13;"segunda-feira";"20:00:00";"AL";316;264;"SATUBA";"Estacionar ou parar em local proibido";"Colisão traseira";"Com Vítimas Feridas";"Plena Noite";"Crescente";"Chuva";"Simples";"Curva";"Não";2;0;1;0;0;1;1;2;-9,58847626;-35,8696781;"SPRF-AL";"DEL02-AL";"UOP01-DEL02-AL"
383389;2021-09-13;"segunda-feira";"21:34:00";"PR";277;584,3;"CASCAVEL";"Manobra de mudança de faixa";"Colisão lateral mesmo sentido";"Sem Vítimas";"Plena Noite";"Crescente";"Céu Claro";"Dupla";"Em Obras;Declive;Curva";"Sim";2;0;0;0;2;0;0;2;-24,96395172;-53,40810299;"SPRF-PR";"DEL04-PR";"UOP01-DEL04-PR"
383390;2021-09-13;"segunda-feira";"09:50:00";"MG";116;781,3;"LEOPOLDINA";"Velocidade Incompatível";"Tombamento";"Com Vítimas Feridas";"Pleno dia";"Decrescente";"Céu Claro";"Simples";"Curva;Declive";"Não";2;0;1;0;0;1;1;2;-21,62223589;-42,69312807;"SPRF-MG";"DEL07-MG";"UOP01-DEL07-MG"
383391;2021-09-13;"segunda-feira";"21:30:00";"MG";50;203,6;"DELTA";"Ausência de reação do condutor";"Colisão traseira";"Com Vítimas Feridas";"Plena Noite";"Decrescente";"Céu Claro";"Dupla";"Reta";"Não";3;0;0;1;1;1;1;3;-19,9638127;-47,79609183;"SPRF-MG";"DEL13-MG";"UOP01-DEL13-MG"
383392;2021-09-13;"segunda-feira";"19:30:00";"MG";116;21;"CACHOEIRA DE PAJEU";"Reação tardia ou ineficiente do condutor";"Colisão traseira";"Com Vítimas Feridas";"Plena Noite";"Decrescente";"Céu Claro";"Simples";"Reta";"Não";3;0;0;1;0;3;1;4;-15,84293113;-41,40943564;"SPRF-BA";"DEL08-BA";"UOP03-DEL08-BA"
383396;2021-09-13;"segunda-feira";"19:00:00";"MA";10;101;"ESTREITO";"Manobra de mudança de faixa";"Colisão frontal";"Com Vítimas Feridas";"Plena Noite";"Crescente";"Céu Claro";"Simples";"Reta";"Não";2;0;0;1;1;0;1;2;-6,784984;-47,43874;"SPRF-MA";"DEL04-MA";"UOP02-DEL04-MA"
383403;2021-09-14;"terça-feira";"01:30:00";"MG";381;532,1;"ITATIAIUCU";"Velocidade Incompatível";"Saída de leito carroçável";"Com Vítimas Fatais";"Plena Noite";"Decrescente";"Céu Claro";"Dupla";"Curva";"Não";3;1;0;1;0;1;1;2;-20,1904316;-44,38268793;"SPRF-MG";"DEL04-MG";"UOP03-DEL04-MG"
383406;2021-09-14;"terça-feira";"04:30:00";"PR";277;307;"GUARAPUAVA";"Ausência de reação do condutor";"Saída de leito carroçável";"Com Vítimas Fatais";"Plena Noite";"Decrescente";"Nublado";"Simples";"Curva";"Não";1;1;0;0;0;0;0;1;-25,30334725;-51,15427693;"SPRF-PR";"DEL08-PR";"UOP01-DEL08-PR"
383409;2021-09-13;"segunda-feira";"19:20:00";"MT";158;445,6;"RIBEIRAO CASCALHEIRA";"Reação tardia ou ineficiente do condutor";"Tombamento";"Com Vítimas Feridas";"Plena Noite";"Crescente";"Céu Claro";"Simples";"Curva";"Não";2;0;1;0;0;2;1;3;-13,08868302;-51,90346871;"SPRF-MT";"DEL07-MT";"UOP02-DEL07-MT"
383413;2021-09-14;"terça-feira";"06:30:00";"SP";116;359,1;"MIRACATU";"Velocidade Incompatível";"Tombamento";"Com Vítimas Feridas";"Pleno dia";"Decrescente";"Céu Claro";"Dupla";"Curva";"Não";2;0;1;0;0;1;1;2;-24,10862227;-47,26589989;"SPRF-SP";"DEL04-SP";"UOP02-DEL04-SP"
383423;2021-09-14;"terça-feira";"05:50:00";"SP";116;477;"JACUPIRANGA";"Reação tardia ou ineficiente do condutor";"Colisão traseira";"Com Vítimas Feridas";"Pleno dia";"Decrescente";"Nublado";"Dupla";"Reta";"Sim";3;0;1;0;1;1;1;3;-24,69842695;-48,00304804;"SPRF-SP";"DEL05-SP";"UOP01-DEL05-SP"
383427;2021-09-14;"terça-feira";"07:30:00";"MG";116;555,9;"MANHUACU";"Velocidade Incompatível";"Colisão frontal";"Com Vítimas Fatais";"Pleno dia";"Crescente";"Sol";"Simples";"Curva";"Não";2;1;0;0;1;0;0;2;-20,00911074;-42,14328403;"SPRF-MG";"DEL06-MG";"UOP02-DEL06-MG"
383436;2021-09-04;"sábado";"04:25:00";"CE";116;68;"CHOROZINHO";"Pista esburacada";"Colisão frontal";"Com Vítimas Feridas";"Plena Noite";"Crescente";"Céu Claro";"Simples";"Reta";"Sim";2;0;1;0;1;0;1;2;-4,3140702;-38,49723925;"SPRF-CE";"DEL03-CE";"UOP02-DEL03-CE"
383441;2021-09-14;"terça-feira";"08:11:00";"SC";101;216,5;"PALHOCA";"Ausência de reação do condutor";"Colisão com objeto";"Com Vítimas Feridas";"Pleno dia";"Decrescente";"Nublado";"Dupla";"Viaduto";"Não";2;0;1;0;0;1;1;2;-27,65981409;-48,67747798;"SPRF-SC";"DEL01-SC";"UOP02-DEL01-SC"
383446;2021-09-14;"terça-feira";"09:30:00";"MG";381;478;"CONTAGEM";"Condutor deixou de manter distância do veículo da frente";"Colisão traseira";"Com Vítimas Feridas";"Pleno dia";"Crescente";"Céu Claro";"Dupla";"Reta";"Sim";2;0;1;0;1;0;1;2;-19,96038022;-44,0356607;"SPRF-MG";"DEL01-MG";"UOP03-DEL01-MG"
383453;2021-09-14;"terça-feira";"09:30:00";"SP";116;134,2;"SAO JOSE DOS CAMPOS";"Velocidade Incompatível";"Colisão traseira";"Com Vítimas Fatais";"Pleno dia";"Crescente";"Céu Claro";"Dupla";"Reta";"Não";15;6;3;0;5;1;3;7;-23,1402216;-45,7617252;"SPRF-SP";"DEL02-SP";"UOP01-DEL02-SP"
383454;2021-09-14;"terça-feira";"08:30:00";"MG";365;614,2;"UBERLANDIA";"Carga excessiva e/ou mal acondicionada";"Colisão com objeto";"Sem Vítimas";"Pleno dia";"Decrescente";"Céu Claro";"Simples";"Viaduto";"Não";2;0;0;0;1;1;0;2;-18,91310717;-48,21968079;"SPRF-MG";"DEL15-MG";"UOP01-DEL15-MG"
383457;2021-09-14;"terça-feira";"10:20:00";"BA";324;533;"FEIRA DE SANTANA";"Velocidade Incompatível";"Engavetamento";"Com Vítimas Feridas";"Pleno dia";"Decrescente";"Nublado";"Dupla";"Em Obras;Declive";"Não";8;0;4;0;3;3;4;9;-12,34449694;-38,84017496;"SPRF-BA";"DEL01-BA";"UOP03-DEL01-BA"
383460;2021-09-14;"terça-feira";"11:30:00";"PR";376;494;"PONTA GROSSA";"Reação tardia ou ineficiente do condutor";"Colisão com objeto";"Com Vítimas Feridas";"Pleno dia";"Decrescente";"Chuva";"Dupla";"Declive";"Sim";2;0;1;0;0;2;1;3;-25,12909878;-50,17403668;"SPRF-PR";"DEL03-PR";"UOP01-DEL03-PR"
383463;2021-09-14;"terça-feira";"09:30:00";"PR";476;127;"CURITIBA";"Problema com o freio";"Colisão com objeto";"Com Vítimas Feridas";"Pleno dia";"Decrescente";"Nublado";"Dupla";"Reta";"Sim";1;0;1;0;0;0;1;1;-25,425167;-49,227158;"SPRF-PR";"DEL01-PR";"UOP03-DEL01-PR"
383464;2021-09-14;"terça-feira";"10:50:00";"PE";232;129,3;"CARUARU";"Avarias e/ou desgaste excessivo no pneu";"Saída de leito carroçável";"Com Vítimas Feridas";"Pleno dia";"Crescente";"Céu Claro";"Dupla";"Reta";"Sim";1;0;1;0;0;0;1;1;-8,30193507;-35,98092002;"SPRF-PE";"DEL02-PE";"UOP03-DEL02-PE"
383470;2021-09-14;"terça-feira";"11:50:00";"PR";369;473,3;"CORBELIA";"Ultrapassagem Indevida";"Colisão lateral mesmo sentido";"Com Vítimas Feridas";"Pleno dia";"Decrescente";"Nublado";"Simples";"Interseção de Vias;Declive;Reta";"Não";2;0;1;0;1;0;1;2;-24,58824155;-53,20155144;"SPRF-PR";"DEL04-PR";"UOP03-DEL04-PR"
383471;2021-09-14;"terça-feira";"11:30:00";"PR";163;45;"PRANCHITA";"Demais falhas mecânicas ou elétricas";"Saída de leito carroçável";"Com Vítimas Feridas";"Pleno dia";"Decrescente";"Chuva";"Simples";"Curva";"Não";2;0;1;0;0;2;1;3;-26,02462802;-53,73026882;"SPRF-PR";"DEL02-PR";"UOP02-DEL02-PR"
383474;2021-09-14;"terça-feira";"12:00:00";"MG";381;375,8;"SAO GONCALO DO RIO ABAIXO";"Carga excessiva e/ou mal acondicionada";"Colisão frontal";"Com Vítimas Feridas";"Pleno dia";"Decrescente";"Sol";"Simples";"Curva;Aclive";"Não";3;0;1;0;1;1;1;3;-19,846373;-43,306975;"SPRF-MG";"DEL01-MG";"UOP01-DEL01-MG"
383484;2021-09-14;"terça-feira";"12:40:00";"ES";101;145,9;"LINHARES";"Acessar a via sem observar a presença dos outros veículos";"Colisão transversal";"Com Vítimas Feridas";"Pleno dia";"Decrescente";"Céu Claro";"Múltipla";"Interseção de Vias";"Sim";3;0;0;1;2;0;1;3;-19,36089598;-40,06464018;"SPRF-ES";"DEL04-ES";"UOP01-DEL04-ES"
383486;2021-09-14;"terça-feira";"14:00:00";"RS";290;92;"PORTO ALEGRE";"Reação tardia ou ineficiente do condutor";"Colisão transversal";"Com Vítimas Feridas";"Pleno dia";"Crescente";"Céu Claro";"Múltipla";"Reta";"Sim";2;0;1;0;1;0;1;2;-29,971916;-51,176838;"SPRF-RS";"DEL01-RS";"UOP01-DEL01-RS"
383490;2021-09-14;"terça-feira";"14:45:00";"PR";116;99;"SAO JOSE DOS PINHAIS";"Acessar a via sem observar a presença dos outros veículos";"Colisão traseira";"Com Vítimas Feridas";"Pleno dia";"Crescente";"Garoa/Chuvisco";"Dupla";"Curva";"Não";6;0;2;0;3;1;2;5;-25,52682231;-49,14038767;"SPRF-PR";"DEL01-PR";"UOP01-DEL01-PR"
383492;2021-09-14;"terça-feira";"14:00:00";"SC";282;51,9;"RANCHO QUEIMADO";"Problema com o freio";"Saída de leito carroçável";"Com Vítimas Feridas";"Pleno dia";"Decrescente";"Garoa/Chuvisco";"Simples";"Curva";"Não";1;0;1;0;0;0;1;1;-27,703712;-48,959267;"SPRF-SC";"DEL01-SC";"UOP03-DEL01-SC"
383497;2021-09-14;"terça-feira";"14:40:00";"SP";381;87;"GUARULHOS";"Reação tardia ou ineficiente do condutor";"Colisão lateral mesmo sentido";"Sem Vítimas";"Pleno dia";"Decrescente";"Céu Claro";"Múltipla";"Curva";"Sim";4;0;0;0;2;2;0;4;-23,46885001;-46,56996601;"SPRF-SP";"DEL03-SP";"UOP01-DEL03-SP"
383498;2021-09-14;"terça-feira";"15:00:00";"MT";158;642;"NOVA XAVANTINA";"Ausência de reação do condutor";"Colisão traseira";"Com Vítimas Feridas";"Pleno dia";"Crescente";"Céu Claro";"Simples";"Reta";"Não";5;0;2;0;2;3;2;6;-14,57856201;-52,36195191;"SPRF-MT";"DEL07-MT";"UOP02-DEL07-MT"
383505;2021-09-14;"terça-feira";"14:00:00";"PI";343;258,8;"CAMPO MAIOR";"Condutor Dormindo";"Colisão lateral sentido oposto";"Com Vítimas Feridas";"Pleno dia";"Decrescente";"Céu Claro";"Simples";"Reta";"Não";5;0;2;0;2;6;2;9;-4,796538;-42,131245;"SPRF-PI";"DEL01-PI";"UOP03-DEL01-PI"
383507;2021-08-31;"terça-feira";"18:10:00";"PB";230;63,3;"SAO MIGUEL DE TAIPU";"Reação tardia ou ineficiente do condutor";"Colisão frontal";"Com Vítimas Feridas";"Plena Noite";"Crescente";"Céu Claro";"Simples";"Reta";"Não";3;0;1;0;2;0;1;2;-7,1989;-35,1649;"SPRF-PB";"DEL01-PB";"UOP03-DEL01-PB"
383509;2021-09-14;"terça-feira";"15:35:00";"RJ";101;322;"NITEROI";"Demais falhas mecânicas ou elétricas";"Incêndio";"Com Vítimas Feridas";"Pleno dia";"Decrescente";"Céu Claro";"Múltipla";"Reta";"Sim";1;0;1;0;0;0;1;1;-22,878923;-43,110676;"SPRF-RJ";"DEL02-RJ";"UOP02-DEL02-RJ"
383512;2021-09-14;"terça-feira";"09:30:00";"MS";158;4;"CASSILANDIA";"Acessar a via sem observar a presença dos outros veículos";"Colisão transversal";"Com Vítimas Feridas";"Pleno dia";"Crescente";"Céu Claro";"Simples";"Interseção de Vias";"Sim";2;0;0;1;1;0;1;2;-19,12172416;-51,72355512;"SPRF-MS";"DEL08-MS";"UOP01-DEL08-MS"
383513;2021-09-14;"terça-feira";"14:15:00";"MS";158;52,5;"PARANAIBA";"Avarias e/ou desgaste excessivo no pneu";"Saída de leito carroçável";"Com Vítimas Feridas";"Pleno dia";"Decrescente";"Céu Claro";"Simples";"Reta";"Não";2;0;1;0;0;3;1;4;-19,38927435;-51,42749527;"SPRF-MS";"DEL08-MS";"UOP01-DEL08-MS"
383518;2021-09-14;"terça-feira";"13:05:00";"PR";277;292,8;"PRUDENTOPOLIS";"Reação tardia ou ineficiente do condutor";"Colisão frontal";"Com Vítimas Fatais";"Pleno dia";"Crescente";"Chuva";"Simples";"Curva";"Não";4;1;0;1;1;1;1;3;-25,314326;-51,089491;"SPRF-PR";"DEL03-PR";"UOP03-DEL03-PR"
383519;2021-09-14;"terça-feira";"10:49:00";"SC";282;530,8;"CORDILHEIRA ALTA";"Velocidade Incompatível";"Colisão lateral mesmo sentido";"Sem Vítimas";"Pleno dia";"Crescente";"Chuva";"Simples";"Declive;Curva";"Sim";3;0;0;0;2;1;0;3;-26,986555;-52,60524;"SPRF-SC";"DEL07-SC";"UOP01-DEL07-SC"
383521;2021-09-14;"terça-feira";"17:00:00";"PR";277;43;"MORRETES";"Demais falhas mecânicas ou elétricas";"Incêndio";"Sem Vítimas";"Anoitecer";"Crescente";"Nublado";"Dupla";"Reta;Aclive";"Não";2;0;0;0;1;1;0;2;-25,57437908;-48,85418905;"SPRF-PR";"DEL01-PR";"UOP05-DEL01-PR"
383522;2021-09-14;"terça-feira";"17:00:00";"MS";158;76;"PARANAIBA";"Ingestão de álcool pelo condutor";"Tombamento";"Com Vítimas Feridas";"Anoitecer";"Crescente";"Céu Claro";"Simples";"Reta";"Não";2;0;1;0;0;1;1;2;-19,53525103;-51,26533504;"SPRF-MS";"DEL08-MS";"UOP01-DEL08-MS"
383526;2021-09-14;"terça-feira";"16:20:00";"MT";364;265;"SAO PEDRO DA CIPA";"Acessar a via sem observar a presença dos outros veículos";"Colisão lateral mesmo sentido";"Com Vítimas Feridas";"Pleno dia";"Decrescente";"Nublado";"Dupla";"Reta";"Não";3;0;0;1;1;3;1;5;-16,00440488;-54,92002387;"SPRF-MT";"DEL02-MT";"UOP01-DEL02-MT"
383527;2021-08-25;"quarta-feira";"22:50:00";"MA";316;420;"PERITORO";"Condutor deixou de manter distância do veículo da frente";"Colisão traseira";"Com Vítimas Feridas";"Plena Noite";"Decrescente";"Céu Claro";"Simples";"Reta";"Sim";4;0;1;0;1;2;1;4;-4,351473;-44,371437;"SPRF-MA";"DEL03-MA";"UOP01-DEL03-MA"
383533;2021-09-14;"terça-feira";"19:00:00";"RJ";356;121;"CAMPOS DOS GOYTACAZES";"Desrespeitar a preferência no cruzamento";"Colisão transversal";"Com Vítimas Feridas";"Plena Noite";"Decrescente";"Céu Claro";"Simples";"Reta";"Não";3;0;2;0;1;0;2;2;-21,64419507;-41,40464612;"SPRF-RJ";"DEL08-RJ";"UOP01-DEL08-RJ"
383535;2021-09-14;"terça-feira";"16:05:00";"PR";153;26,8;"JACAREZINHO";"Velocidade Incompatível";"Tombamento";"Sem Vítimas";"Pleno dia";"Crescente";"Chuva";"Simples";"Reta";"Não";1;0;0;0;1;0;0;1;-23,200816;-49,9848467;"SPRF-PR";"DEL07-PR";"UOP04-DEL07-PR"
383536;2021-09-14;"terça-feira";"18:44:00";"PA";316;107;"SANTA MARIA DO PARA";"Ausência de reação do condutor";"Colisão lateral mesmo sentido";"Com Vítimas Feridas";"Plena Noite";"Decrescente";"Céu Claro";"Simples";"Reta";"Não";4;0;0;1;2;1;1;3;-1,33767446;-47,54282581;"SPRF-PA";"DEL01-PA";"UOP02-DEL01-PA"
383556;2021-09-14;"terça-feira";"15:30:00";"BA";324;528;"FEIRA DE SANTANA";"Demais falhas mecânicas ou elétricas";"Incêndio";"Sem Vítimas";"Pleno dia";"Decrescente";"Céu Claro";"Dupla";"Reta";"Sim";2;0;0;0;1;1;0;2;-12,31728191;-38,87612093;"SPRF-BA";"DEL01-BA";"UOP03-DEL01-BA"
383563;2021-09-14;"terça-feira";"22:45:00";"PR";376;667;"GUARATUBA";"Velocidade Incompatível";"Tombamento";"Com Vítimas Feridas";"Plena Noite";"Crescente";"Nublado";"Dupla";"Curva";"Não";1;0;1;0;0;0;1;1;-25,86649659;-48,94666822;"SPRF-PR";"DEL01-PR";"UOP04-DEL01-PR"
383568;2021-09-14;"terça-feira";"21:20:00";"RJ";393;106;"SAPUCAIA";"Conversão proibida";"Colisão lateral mesmo sentido";"Com Vítimas Feridas";"Plena Noite";"Crescente";"Céu Claro";"Simples";"Reta";"Sim";3;0;0;1;1;1;1;2;-21,88097386;-42,68508196;"SPRF-RJ";"DEL05-RJ";"UOP01-DEL05-RJ"
383577;2021-09-15;"quarta-feira";"01:10:00";"MG";262;442,2;"NOVA SERRANA";"Pedestre andava na pista";"Atropelamento de Pedestre";"Com Vítimas Feridas";"Plena Noite";"Decrescente";"Céu Claro";"Dupla";"Reta";"Sim";3;0;0;1;1;1;1;2;-19,8806236;-44,91232265;"SPRF-MG";"DEL08-MG";"UOP03-DEL08-MG"
383578;2021-09-14;"terça-feira";"22:15:00";"MT";364;348;"SANTO ANTONIO DO LEVERGER";"Velocidade Incompatível";"Colisão traseira";"Com Vítimas Feridas";"Plena Noite";"Crescente";"Céu Claro";"Dupla";"Curva";"Não";3;0;1;0;1;2;1;4;-15,80416834;-55,55429598;"SPRF-MT";"DEL05-MT";"UOP02-DEL05-MT"
383579;2021-09-15;"quarta-feira";"02:00:00";"PA";230;117;"MARABA";"Ingestão de álcool pelo condutor";"Colisão transversal";"Com Vítimas Feridas";"Plena Noite";"Crescente";"Céu Claro";"Dupla";"Reta";"Sim";2;0;1;0;1;0;1;2;-5,35569904;-49,09047302;"SPRF-PA";"DEL03-PA";"UOP01-DEL03-PA"
383580;2021-09-14;"terça-feira";"23:30:00";"CE";222;128;"ITAPAJE";"Curva acentuada";"Saída de leito carroçável";"Com Vítimas Feridas";"Plena Noite";"Crescente";"Céu Claro";"Simples";"Curva";"Não";1;0;1;0;0;0;1;1;-3,70427286;-39,61528609;"SPRF-CE";"DEL04-CE";"UOP03-DEL04-CE"
383583;2021-09-15;"quarta-feira";"04:40:00";"PB";101;50,9;"CAPIM";"Velocidade Incompatível";"Colisão traseira";"Com Vítimas Feridas";"Amanhecer";"Decrescente";"Céu Claro";"Dupla";"Aclive";"Não";4;0;1;0;2;2;1;4;-6,92250294;-35,1082039;"SPRF-PB";"DEL01-PB";"UOP04-DEL01-PB"
383589;2021-09-15;"quarta-feira";"06:30:00";"ES";262;64,5;"MARECHAL FLORIANO";"Declive acentuado";"Tombamento";"Sem Vítimas";"Amanhecer";"Crescente";"Céu Claro";"Simples";"Curva";"Não";2;0;0;0;1;3;0;4;-20,41797008;-40,81618087;"SPRF-ES";"DEL01-ES";"UOP02-DEL01-ES"
383590;2021-09-14;"terça-feira";"23:50:00";"BA";101;839;"TEIXEIRA DE FREITAS";"Ausência de reação do condutor";"Derramamento de carga";"Com Vítimas Feridas";"Plena Noite";"Crescente";"Céu Claro";"Simples";"Curva";"Não";1;0;1;0;0;0;1;1;-17,42806513;-39,6862617;"SPRF-BA";"DEL09-BA";"UOP02-DEL09-BA"
383591;2021-09-15;"quarta-feira";"05:30:00";"BA";101;884;"TEIXEIRA DE FREITAS";"Ausência de reação do condutor";"Tombamento";"Com Vítimas Feridas";"Amanhecer";"Decrescente";"Céu Claro";"Simples";"Curva";"Não";2;0;2;0;0;0;2;1;-17,59886661;-39,7492218;"SPRF-BA";"DEL09-BA";"UOP02-DEL09-BA"
383596;2021-09-15;"quarta-feira";"07:00:00";"GO";40;7,1;"LUZIANIA";"Trafegar com motocicleta (ou similar) entre as faixas";"Colisão lateral mesmo sentido";"Com Vítimas Fatais";"Pleno dia";"Decrescente";"Céu Claro";"Dupla";"Reta";"Sim";2;1;0;0;1;0;0;2;-16,115135;-47,967952;"SPRF-DF";"DEL01-DF";"UOP01-DEL01-DF"
383597;2021-09-15;"quarta-feira";"06:35:00";"PR";116;47;"CAMPINA GRANDE DO SUL";"Ausência de reação do condutor";"Colisão com objeto";"Com Vítimas Feridas";"Pleno dia";"Crescente";"Chuva";"Dupla";"Curva";"Não";3;0;1;0;1;1;1;2;-25,21058799;-48,89720903;"SPRF-PR";"DEL01-PR";"UOP02-DEL01-PR"
383610;2021-09-15;"quarta-feira";"08:15:00";"RJ";393;134;"SAPUCAIA";"Reação tardia ou ineficiente do condutor";"Colisão frontal";"Com Vítimas Feridas";"Pleno dia";"Crescente";"Sol";"Simples";"Reta";"Sim";3;0;1;0;1;1;1;3;-21,98473799;-42,89796901;"SPRF-RJ";"DEL05-RJ";"UOP01-DEL05-RJ"