"id";"data_inversa";"dia_semana";"horario";"uf";"br";"km";"municipio";"causa_acidente";"tipo_acidente";"classificacao_acidente";"fase_dia";"sentido_via";"condicao_metereologica";"tipo_pista";"tracado_via";"uso_solo";"pessoas";"mortos";"feridos_leves";"feridos_graves";"ilesos";"ignorados";"feridos";"veiculos";"latitude";"longitude";"regional";"delegacia";"uop"
383617;2021-09-15;"quarta-feira";"07:50:00";"MG";381;528,7;"BRUMADINHO";"Velocidade Incompatível";"Tombamento";"Com Vítimas Feridas";"Pleno dia";"Decrescente";"Céu Claro";"Dupla";"Curva";"Não";2;0;1;0;0;1;1;2;-20,16368096;-44,36025002;"SPRF-MG";"DEL04-MG";"UOP03-DEL04-MG"
383625;2021-09-15;"quarta-feira";"09:30:00";"RJ";40;109;"DUQUE DE CAXIAS";"Reação tardia ou ineficiente do condutor";"Engavetamento";"Com Vítimas Feridas";"Pleno dia";"Crescente";"Céu Claro";"Dupla";"Reta";"Sim";7;0;2;0;5;0;2;5;-22,67374628;-43,28638368;"SPRF-RJ";"DEL01-RJ";"UOP01-DEL01-RJ"
383629;2021-09-15;"quarta-feira";"09:50:00";"MA";135;2;"SAO LUIS";"Frear bruscamente";"Queda de ocupante de veículo";"Com Vítimas Feridas";"Pleno dia";"Crescente";"Céu Claro";"Dupla";"Reta";"Não";2;0;1;0;1;0;1;2;-2,59806699;-44,24573511;"SPRF-MA";"DEL01-MA";"UOP01-DEL01-MA"
383633;2021-08-27;"sexta-feira";"22:25:00";"SP";116;504;"CAJATI";"Velocidade Incompatível";"Tombamento";"Com Vítimas Feridas";"Plena Noite";"Decrescente";"Chuva";"Dupla";"Reta";"Não";8;0;2;0;5;1;2;7;-24,78266496;-48,20865858;"SPRF-SP";"DEL05-SP";"UOP02-DEL05-SP"
383634;2021-09-15;"quarta-feira";"10:00:00";"SP";116;417;"JUQUIA";"Demais falhas mecânicas ou elétricas";"Saída de leito carroçável";"Com Vítimas Feridas";"Pleno dia";"Decrescente";"Garoa/Chuvisco";"Múltipla";"Reta";"Não";2;0;1;0;0;1;1;2;-24,348866;-47,651479;"SPRF-SP";"DEL05-SP";"UOP01-DEL05-SP"
383637;2021-09-15;"quarta-feira";"08:30:00";"BA";101;267;"SANTO ANTONIO DE JESUS";"Velocidade Incompatível";"Tombamento";"Sem Vítimas";"Pleno dia";"Crescente";"Céu Claro";"Simples";"Aclive";"Não";2;0;0;0;1;2;0;3;-13,00415154;-39,29335624;"SPRF-BA";"DEL01-BA";"UOP02-DEL01-BA"
383643;2021-09-15;"quarta-feira";"10:50:00";"PR";376;341;"ORTIGUEIRA";"Curva acentuada";"Tombamento";"Com Vítimas Feridas";"Pleno dia";"Decrescente";"Nublado";"Simples";"Curva";"Não";2;0;1;0;0;2;1;3;-24,18027227;-50,96153138;"SPRF-PR";"DEL07-PR";"UOP02-DEL07-PR"
383644;2021-09-15;"quarta-feira";"10:30:00";"PR";116;108;"CURITIBA";"Obstrução na via";"Colisão traseira";"Com Vítimas Feridas";"Pleno dia";"Crescente";"Nublado";"Dupla";"Reta";"Sim";3;0;1;0;1;1;1;3;-25,57147018;-49,19760597;"SPRF-PR";"DEL01-PR";"UOP01-DEL01-PR"
383648;2021-09-15;"quarta-feira";"10:30:00";"MA";135;22,3;"SAO LUIS";"Condutor deixou de manter distância do veículo da frente";"Colisão traseira";"Sem Vítimas";"Pleno dia";"Crescente";"Céu Claro";"Dupla";"Retorno Regulamentado";"Não";3;0;0;0;2;1;0;3;-2,748931;-44,34453;"SPRF-MA";"DEL01-MA";"UOP01-DEL01-MA"
383650;2021-09-15;"quarta-feira";"07:20:00";"MG";262;431,4;"NOVA SERRANA";"Velocidade Incompatível";"Saída de leito carroçável";"Sem Vítimas";"Pleno dia";"Decrescente";"Sol";"Dupla";"Declive;Curva";"Não";2;0;0;0;1;3;0;4;-19,89387069;-44,87571716;"SPRF-MG";"DEL08-MG";"UOP03-DEL08-MG"
383658;2021-09-15;"quarta-feira";"11:30:00";"MG";251;465,5;"FRANCISCO SA";"Velocidade Incompatível";"Tombamento";"Com Vítimas Feridas";"Pleno dia";"Decrescente";"Céu Claro";"Simples";"Curva";"Não";3;0;2;0;0;2;2;3;-16,45710399;-43,40386502;"SPRF-MG";"DEL12-MG";"UOP01-DEL12-MG"
383659;2021-09-15;"quarta-feira";"13:42:00";"RS";116;483,9;"TURUCU";"Condutor deixou de manter distância do veículo da frente";"Colisão traseira";"Com Vítimas Fatais";"Pleno dia";"Crescente";"Céu Claro";"Dupla";"Reta";"Sim";3;1;0;0;1;1;0;3;-31,41612663;-52,17144704;"SPRF-RS";"DEL07-RS";"UOP01-DEL07-RS"
383661;2021-09-15;"quarta-feira";"13:10:00";"SP";116;362;"MIRACATU";"Acumulo de óleo sobre o pavimento";"Saída de leito carroçável";"Com Vítimas Feridas";"Pleno dia";"Crescente";"Chuva";"Dupla";"Curva";"Não";2;0;1;0;0;1;1;2;-24,1220177;-47,27047772;"SPRF-SP";"DEL04-SP";"UOP02-DEL04-SP"
383663;2021-09-15;"quarta-feira";"13:15:00";"BA";324;611,7;"SIMOES FILHO";"Ausência de reação do condutor";"Colisão traseira";"Com Vítimas Feridas";"Pleno dia";"Decrescente";"Céu Claro";"Dupla";"Reta";"Não";9;0;1;3;5;0;4;6;-12,83798396;-38,41427011;"SPRF-BA";"DEL01-BA";"UOP01-DEL01-BA"
383664;2021-09-15;"quarta-feira";"11:50:00";"RJ";116;179;"NOVA IGUACU";"Trafegar com motocicleta (ou similar) entre as faixas";"Colisão lateral mesmo sentido";"Com Vítimas Feridas";"Pleno dia";"Decrescente";"Céu Claro";"Múltipla";"Reta";"Sim";2;0;0;1;0;1;1;2;-22,769902;-43,408036;"SPRF-RJ";"DEL01-RJ";"UOP02-DEL01-RJ"
383665;2021-03-05;"sexta-feira";"17:00:00";"RJ";116;305;"RESENDE";"Acessar a via sem observar a presença dos outros veículos";"Colisão transversal";"Com Vítimas Feridas";"Pleno dia";"Crescente";"Céu Claro";"Dupla";"Reta";"Sim";3;0;1;0;1;2;1;4;-22,46125222;-44,44777792;"SPRF-RJ";"DEL07-RJ";"UOP02-DEL07-RJ"
383666;2021-09-15;"quarta-feira";"14:05:00";"PE";101;87,1;"JABOATAO DOS GUARARAPES";"Acessar a via sem observar a presença dos outros veículos";"Colisão transversal";"Com Vítimas Feridas";"Pleno dia";"Decrescente";"Sol";"Simples";"Reta";"Sim";2;0;0;1;1;0;1;2;-8,19120206;-34,97449985;"SPRF-PE";"DEL01-PE";"UOP01-DEL01-PE"
383667;2021-09-15;"quarta-feira";"13:50:00";"MG";116;414,3;"GOVERNADOR VALADARES";"Ausência de reação do condutor";"Colisão traseira";"Com Vítimas Feridas";"Pleno dia";"Decrescente";"Sol";"Simples";"Reta";"Sim";4;0;2;0;2;0;2;3;-18,88102703;-41,95910802;"SPRF-MG";"DEL06-MG";"UOP01-DEL06-MG"
383670;2021-09-15;"quarta-feira";"09:15:00";"PR";476;99;"BOCAIUVA DO SUL";"Acumulo de água sobre o pavimento";"Colisão frontal";"Com Vítimas Feridas";"Pleno dia";"Crescente";"Garoa/Chuvisco";"Simples";"Curva";"Não";4;0;1;1;1;1;2;3;-25,24147412;-49,12995815;"SPRF-PR";"DEL01-PR";"UOP02-DEL01-PR"
383673;2021-09-15;"quarta-feira";"14:45:00";"SP";116;104,5;"TAUBATE";"Manobra de mudança de faixa";"Colisão traseira";"Com Vítimas Feridas";"Pleno dia";"Decrescente";"Nublado";"Dupla";"Declive";"Não";2;0;1;0;0;1;1;2;-23,00340176;-45,50626912;"SPRF-SP";"DEL08-SP";"UOP01-DEL08-SP"
383674;2021-09-15;"quarta-feira";"13:55:00";"SP";381;42,2;"ATIBAIA";"Carga excessiva e/ou mal acondicionada";"Derramamento de carga";"Com Vítimas Feridas";"Pleno dia";"Crescente";"Céu Claro";"Dupla";"Aclive;Reta";"Sim";2;0;0;1;1;0;1;2;-23,147306;-46,57493202;"SPRF-SP";"DEL03-SP";"UOP01-DEL03-SP"
383675;2021-08-02;"segunda-feira";"12:10:00";"RJ";393;164;"TRES RIOS";"Curva acentuada";"Colisão lateral sentido oposto";"Com Vítimas Fatais";"Pleno dia";"Decrescente";"Céu Claro";"Simples";"Curva";"Não";3;1;0;0;1;1;0;3;-22,11074015;-43,11764107;"SPRF-RJ";"DEL05-RJ";"UOP01-DEL05-RJ"
383677;2021-09-15;"quarta-feira";"13:00:00";"MT";163;550;"DIAMANTINO";"Condutor Dormindo";"Tombamento";"Com Vítimas Feridas";"Plena Noite";"Decrescente";"Céu Claro";"Simples";"Reta";"Não";2;0;1;0;0;1;1;2;-14,30772599;-56,1389211;"SPRF-MT";"DEL01-MT";"UOP01-DEL01-MT"
383678;2021-09-15;"quarta-feira";"14:00:00";"MS";60;508,4;"NIOAQUE";"Condutor Dormindo";"Saída de leito carroçável";"Com Vítimas Feridas";"Pleno dia";"Crescente";"Céu Claro";"Simples";"Curva";"Não";2;0;1;0;0;3;1;4;-21,19512545;-55,57921171;"SPRF-MS";"DEL05-MS";"UOP01-DEL05-MS"
383679;2021-09-15;"quarta-feira";"16:15:00";"MG";40;739,6;"SANTOS DUMONT";"Velocidade Incompatível";"Capotamento";"Com Vítimas Feridas";"Pleno dia";"Decrescente";"Céu Claro";"Simples";"Curva";"Não";2;0;1;0;0;1;1;2;-21,394039;-43,56680295;"SPRF-MG";"DEL05-MG";"UOP01-DEL05-MG"
383680;2021-09-15;"quarta-feira";"07:30:00";"MA";135;120;"MIRANDA DO NORTE";"Condutor Dormindo";"Colisão lateral sentido oposto";"Com Vítimas Feridas";"Pleno dia";"Decrescente";"Céu Claro";"Simples";"Reta";"Não";5;0;0;1;4;0;1;2;-3,51917098;-44,55357105;"SPRF-MA";"DEL01-MA";"UOP02-DEL01-MA"
383681;2021-09-15;"quarta-feira";"13:30:00";"SC";280;24,7;"ARAQUARI";"Desrespeitar a preferência no cruzamento";"Colisão frontal";"Com Vítimas Feridas";"Pleno dia";"Crescente";"Nublado";"Simples";"Interseção de Vias;Reta";"Sim";3;0;0;1;1;2;1;4;-26,37724921;-48,71953282;"SPRF-SC";"DEL03-SC";"UOP03-DEL03-SC"
383689;2021-09-15;"quarta-feira";"16:15:00";"SP";116;438;"REGISTRO";"Condutor deixou de manter distância do veículo da frente";"Colisão traseira";"Com Vítimas Feridas";"Pleno dia";"Crescente";"Chuva";"Dupla";"Reta";"Não";3;0;1;0;1;1;1;3;-24,44804814;-47,80580521;"SPRF-SP";"DEL05-SP";"UOP01-DEL05-SP"
383692;2021-09-15;"quarta-feira";"15:40:00";"RO";319;60,8;"PORTO VELHO";"Reação tardia ou ineficiente do condutor";"Colisão traseira";"Com Vítimas Feridas";"Pleno dia";"Decrescente";"Céu Claro";"Dupla";"Reta";"Sim";2;0;1;0;1;0;1;2;-8,766685;-63,884052;"SPRF-RO";"DEL01-RO";"UOP01-DEL01-RO"
383698;2021-03-17;"quarta-feira";"15:56:00";"SP";381;12;"BRAGANCA PAULISTA";"Condutor deixou de manter distância do veículo da frente";"Engavetamento";"Com Vítimas Feridas";"Pleno dia";"Decrescente";"Céu Claro";"Dupla";"Reta";"Não";8;0;3;0;4;2;3;6;-22,92855105;-46,46168398;"SPRF-SP";"DEL03-SP";"UOP01-DEL03-SP"
383703;2021-08-27;"sexta-feira";"02:15:00";"RS";116;525;"PELOTAS";"Ausência de reação do condutor";"Colisão traseira";"Sem Vítimas";"Plena Noite";"Crescente";"Céu Claro";"Simples";"Reta";"Não";3;0;0;0;2;2;0;4;-31,7359522002;-52,3934977627;"SPRF-RS";"DEL07-RS";"UOP01-DEL07-RS"
383704;2021-09-15;"quarta-feira";"16:20:00";"PR";116;108,7;"CURITIBA";"Condutor usando celular";"Colisão lateral mesmo sentido";"Com Vítimas Feridas";"Pleno dia";"Decrescente";"Nublado";"Dupla";"Reta";"Não";4;0;1;0;2;1;1;3;-25,57147018;-49,19760597;"SPRF-PR";"DEL01-PR";"UOP01-DEL01-PR"
383706;2021-09-15;"quarta-feira";"16:40:00";"BA";324;596;"CANDEIAS";"Frear bruscamente";"Saída de leito carroçável";"Sem Vítimas";"Pleno dia";"Decrescente";"Sol";"Dupla";"Curva";"Não";2;0;0;0;1;1;0;2;-12,72003796;-38,45130588;"SPRF-BA";"DEL01-BA";"UOP01-DEL01-BA"
383707;2021-09-03;"sexta-feira";"13:30:00";"RN";110;0,6;"AREIA BRANCA";"Ausência de reação do condutor";"Colisão traseira";"Com Vítimas Feridas";"Pleno dia";"Crescente";"Céu Claro";"Simples";"Reta";"Sim";2;0;1;0;1;0;1;2;-4,95012342;-37,12557077;"SPRF-RN";"DEL04-RN";"UOP01-DEL04-RN"
383715;2021-09-15;"quarta-feira";"18:50:00";"PE";101;26,9;"IGARASSU";"Ausência de reação do condutor";"Colisão traseira";"Com Vítimas Fatais";"Plena Noite";"Crescente";"Céu Claro";"Dupla";"Reta";"Não";3;1;0;0;1;1;0;3;-7,713007;-34,933368;"SPRF-PE";"DEL01-PE";"UOP02-DEL01-PE"
383717;2021-09-15;"quarta-feira";"19:30:00";"BA";407;221;"CAPIM GROSSO";"Transitar na contramão";"Colisão frontal";"Com Vítimas Fatais";"Plena Noite";"Crescente";"Céu Claro";"Simples";"Reta";"Não";3;1;0;0;1;1;0;3;-11,279778;-40,02181903;"SPRF-BA";"DEL04-BA";"UOP02-DEL04-BA"
383718;2021-09-15;"quarta-feira";"18:30:00";"PE";101;48,9;"ABREU E LIMA";"Reação tardia ou ineficiente do condutor";"Colisão lateral mesmo sentido";"Com Vítimas Feridas";"Plena Noite";"Crescente";"Céu Claro";"Múltipla";"Curva";"Sim";3;0;1;0;1;1;1;3;-7,89174705;-34,9033493;"SPRF-PE";"DEL01-PE";"UOP02-DEL01-PE"
383720;2021-09-15;"quarta-feira";"19:40:00";"PB";101;61,7;"SANTA RITA";"Demais falhas mecânicas ou elétricas";"Incêndio";"Sem Vítimas";"Plena Noite";"Crescente";"Nublado";"Dupla";"Aclive";"Não";1;0;0;0;1;0;0;1;-7,00949401;-35,06072329;"SPRF-PB";"DEL01-PB";"UOP04-DEL01-PB"
383721;2021-09-15;"quarta-feira";"18:00:00";"GO";153;246;"SAO LUIZ DO NORTE";"Velocidade Incompatível";"Colisão traseira";"Com Vítimas Feridas";"Pleno dia";"Decrescente";"Céu Claro";"Simples";"Reta";"Não";4;0;2;0;1;1;2;3;-14,885091;-49,339397;"SPRF-GO";"DEL07-GO";"UOP02-DEL07-GO"
383725;2021-09-15;"quarta-feira";"20:26:00";"PE";423;62,5;"LAJEDO";"Transitar na contramão";"Colisão frontal";"Com Vítimas Fatais";"Plena Noite";"Crescente";"Céu Claro";"Simples";"Reta";"Não";3;1;0;0;1;1;0;3;-8,66011023;-36,33781395;"SPRF-PE";"DEL03-PE";"UOP01-DEL03-PE"
383728;2021-09-15;"quarta-feira";"19:10:00";"TO";153;639,1;"ALIANCA DO TOCANTINS";"Condutor deixou de manter distância do veículo da frente";"Colisão traseira";"Com Vítimas Feridas";"Plena Noite";"Crescente";"Céu Claro";"Simples";"Reta";"Não";3;0;1;0;1;2;1;4;-11,43902388;-48,98828436;"SPRF-TO";"DEL01-TO";"UOP02-DEL01-TO"
383734;2021-09-15;"quarta-feira";"21:00:00";"PE";232;386,3;"SERRA TALHADA";"Transitar na contramão";"Colisão frontal";"Com Vítimas Fatais";"Plena Noite";"Crescente";"Céu Claro";"Simples";"Reta";"Não";3;1;0;0;1;1;0;3;-8,03634077;-38,10371494;"SPRF-PE";"DEL04-PE";"UOP01-DEL04-PE"
383738;2021-09-15;"quarta-feira";"17:50:00";"SC";282;628,2;"IRACEMINHA";"Faixas de trânsito com largura insuficiente";"Colisão frontal";"Com Vítimas Feridas";"Anoitecer";"Crescente";"Céu Claro";"Simples";"Curva;Declive";"Não";3;0;1;0;1;3;1;5;-26,818754;-53,365486;"SPRF-SC";"DEL07-SC";"UOP02-DEL07-SC"
383743;2021-09-15;"quarta-feira";"21:30:00";"BA";116;516;"ITATIM";"Acessar a via sem observar a presença dos outros veículos";"Colisão transversal";"Com Vítimas Feridas";"Plena Noite";"Decrescente";"Nublado";"Simples";"Reta";"Não";4;0;1;0;2;3;1;6;-12,66883787;-39,64652606;"SPRF-BA";"DEL03-BA";"UOP02-DEL03-BA"
383745;2021-09-15;"quarta-feira";"23:00:00";"RJ";101;16;"CAMPOS DOS GOYTACAZES";"Curva acentuada";"Tombamento";"Com Vítimas Feridas";"Plena Noite";"Crescente";"Céu Claro";"Simples";"Curva";"Não";2;0;1;0;0;1;1;2;-21,35038601;-41,33532577;"SPRF-RJ";"DEL08-RJ";"UOP01-DEL08-RJ"
383753;2021-09-16;"quinta-feira";"01:30:00";"RJ";101;83;"CAMPOS DOS GOYTACAZES";"Frear bruscamente";"Colisão traseira";"Com Vítimas Feridas";"Plena Noite";"Crescente";"Céu Claro";"Simples";"Reta";"Não";4;0;1;0;1;3;1;5;-21,82198875;-41,46111095;"SPRF-RJ";"DEL08-RJ";"UOP02-DEL08-RJ"
383754;2021-09-16;"quinta-feira";"01:00:00";"RS";290;213,2;"PANTANO GRANDE";"Velocidade Incompatível";"Tombamento";"Com Vítimas Feridas";"Plena Noite";"Decrescente";"Céu Claro";"Simples";"Rotatória";"Não";2;0;1;0;0;1;1;2;-30,18696131;-52,35852242;"SPRF-RS";"DEL02-RS";"UOP03-DEL02-RS"
383755;2021-09-15;"quarta-feira";"23:00:00";"RJ";101;234;"SILVA JARDIM";"Velocidade Incompatível";"Colisão lateral mesmo sentido";"Com Vítimas Feridas";"Plena Noite";"Decrescente";"Nublado";"Dupla";"Reta";"Não";2;0;1;0;1;0;1;2;-22,60282105;-42,38831176;"SPRF-RJ";"DEL02-RJ";"UOP03-DEL02-RJ"
383758;2021-09-16;"quinta-feira";"02:25:00";"RJ";393;235;"VASSOURAS";"Ingestão de álcool pelo condutor";"Colisão transversal";"Com Vítimas Feridas";"Plena Noite";"Crescente";"Céu Claro";"Simples";"Reta";"Não";4;0;3;0;1;0;3;2;-22,41189236;-43,67355477;"SPRF-RJ";"DEL05-RJ";"UOP03-DEL05-RJ"
383760;2021-09-16;"quinta-feira";"04:00:00";"CE";20;426;"FORTALEZA";"Acessar a via sem observar a presença dos outros veículos";"Colisão lateral mesmo sentido";"Com Vítimas Feridas";"Amanhecer";"Crescente";"Céu Claro";"Dupla";"Reta;Em Obras";"Não";2;0;0;1;0;1;1;2;-3,76999035;-38,67006282;"SPRF-CE";"DEL01-CE";"UOP02-DEL01-CE"
383762;2021-09-16;"quinta-feira";"04:15:00";"SC";101;216,4;"PALHOCA";"Acessar a via sem observar a presença dos outros veículos";"Colisão transversal";"Com Vítimas Feridas";"Plena Noite";"Crescente";"Nublado";"Dupla";"Interseção de Vias";"Sim";2;0;0;1;1;0;1;2;-27,65981409;-48,67747798;"SPRF-SC";"DEL01-SC";"UOP02-DEL01-SC"
383764;2021-09-16;"quinta-feira";"04:40:00";"PR";467;77,5;"TOLEDO";"Manobra de mudança de faixa";"Colisão lateral mesmo sentido";"Com Vítimas Feridas";"Plena Noite";"Decrescente";"Céu Claro";"Múltipla";"Reta";"Não";2;0;0;1;1;0;1;2;-24,7652;-53,6899;"SPRF-PR";"DEL04-PR";"UOP01-DEL04-PR"
383767;2021-09-16;"quinta-feira";"05:00:00";"DF";20;41;"BRASILIA";"Ausência de reação do condutor";"Saída de leito carroçável";"Sem Vítimas";"Amanhecer";"Decrescente";"Céu Claro";"Dupla";"Reta";"Não";2;0;0;0;2;0;0;1;-15,581073;-47,50346;"SPRF-DF";"DEL02-DF";"UOP01-DEL02-DF"
383769;2021-09-16;"quinta-feira";"05:00:00";"AL";104;8;"SAO JOSE DA LAJE";"Ausência de reação do condutor";"Saída de leito carroçável";"Com Vítimas Feridas";"Pleno dia";"Decrescente";"Nevoeiro/Neblina";"Simples";"Curva";"Não";1;0;1;0;0;0;1;1;-8,96386265;-36,02023815;"SPRF-AL";"DEL01-AL";"UOP02-DEL01-AL"
383772;2021-08-23;"segunda-feira";"06:50:00";"MG";116;780;"LEOPOLDINA";"Velocidade Incompatível";"Saída de leito carroçável";"Com Vítimas Feridas";"Pleno dia";"Crescente";"Céu Claro";"Simples";"Curva";"Não";2;0;1;0;0;1;1;2;-21,61482397;-42,69263203;"SPRF-MG";"DEL07-MG";"UOP01-DEL07-MG"
383779;2021-09-16;"quinta-feira";"07:15:00";"RS";290;250,3;"CACHOEIRA DO SUL";"Manobra de mudança de faixa";"Colisão frontal";"Com Vítimas Feridas";"Pleno dia";"Crescente";"Céu Claro";"Simples";"Reta";"Não";6;0;3;1;1;1;4;3;-30,23029793;-52,69042969;"SPRF-RS";"DEL02-RS";"UOP03-DEL02-RS"
383782;2021-09-16;"quinta-feira";"03:00:00";"AM";174;973;"MANAUS";"Condutor Dormindo";"Saída de leito carroçável";"Com Vítimas Feridas";"Plena Noite";"Crescente";"Céu Claro";"Simples";"Reta";"Não";2;0;1;0;0;1;1;2;-2,19846294;-60,01583321;"SPRF-AM";"DEL01-AM";"UOP02-DEL01-AM"
383783;2021-09-07;"terça-feira";"19:20:00";"MS";376;139;"IVINHEMA";"Manobra de mudança de faixa";"Colisão lateral mesmo sentido";"Com Vítimas Feridas";"Plena Noite";"Crescente";"Céu Claro";"Simples";"Aclive;Curva";"Não";3;0;0;1;1;1;1;3;-22,38765563;-53,6551338;"SPRF-MS";"DEL04-MS";"UOP04-DEL04-MS"
383798;2021-09-16;"quinta-feira";"07:40:00";"MS";163;452,6;"CAMPO GRANDE";"Ausência de reação do condutor";"Colisão lateral sentido oposto";"Com Vítimas Feridas";"Pleno dia";"Crescente";"Sol";"Simples";"Aclive;Reta";"Não";5;0;2;0;2;1;2;3;-20,70734807;-54,54695418;"SPRF-MS";"DEL01-MS";"UOP01-DEL01-MS"
383800;2021-09-16;"quinta-feira";"08:50:00";"MG";381;329,3;"NOVA ERA";"Demais falhas mecânicas ou elétricas";"Colisão traseira";"Com Vítimas Feridas";"Pleno dia";"Decrescente";"Nublado";"Dupla";"Aclive";"Não";3;0;0;1;1;1;1;3;-19,78359101;-43,0443485;"SPRF-MG";"DEL03-MG";"UOP01-DEL03-MG"
383803;2021-09-16;"quinta-feira";"08:10:00";"RS";290;575;"ALEGRETE";"Acessar a via sem observar a presença dos outros veículos";"Colisão traseira";"Com Vítimas Feridas";"Pleno dia";"Decrescente";"Céu Claro";"Simples";"Declive";"Não";3;0;1;0;2;0;1;2;-29,819159;-55,729084;"SPRF-RS";"DEL13-RS";"UOP02-DEL13-RS"
383804;2021-09-16;"quinta-feira";"08:50:00";"RJ";116;99;"GUAPIMIRIM";"Chuva";"Colisão lateral sentido oposto";"Com Vítimas Feridas";"Pleno dia";"Crescente";"Chuva";"Simples";"Curva";"Sim";4;0;1;0;2;1;1;3;-22,48851488;-42,99935184;"SPRF-RJ";"DEL04-RJ";"UOP02-DEL04-RJ"
383806;2021-09-16;"quinta-feira";"08:20:00";"PI";316;287;"DOM EXPEDITO LOPES";"Condutor deixou de manter distância do veículo da frente";"Engavetamento";"Sem Vítimas";"Pleno dia";"Crescente";"Céu Claro";"Simples";"Reta";"Não";3;0;0;0;3;0;0;3;-6,97750323;-41,63837027;"SPRF-PI";"DEL04-PI";"UOP01-DEL04-PI"
383808;2021-09-16;"quinta-feira";"08:15:00";"SC";470;68,9;"INDAIAL";"Acumulo de óleo sobre o pavimento";"Colisão traseira";"Com Vítimas Feridas";"Pleno dia";"Decrescente";"Nublado";"Dupla";"Reta;Declive";"Sim";3;0;1;0;1;1;1;3;-26,88456466;-49,24827576;"SPRF-SC";"DEL04-SC";"UOP01-DEL04-SC"
383811;2021-09-16;"quinta-feira";"08:55:00";"SC";101;200;"SAO JOSE";"Transitar no acostamento";"Colisão lateral mesmo sentido";"Sem Vítimas";"Pleno dia";"Crescente";"Nublado";"Múltipla";"Reta";"Sim";3;0;0;0;2;1;0;3;-27,54018513;-48,62287714;"SPRF-SC";"DEL01-SC";"UOP01-DEL01-SC"
383812;2021-09-16;"quinta-feira";"09:25:00";"MG";381;482,9;"BETIM";"Trafegar com motocicleta (ou similar) entre as faixas";"Colisão lateral mesmo sentido";"Com Vítimas Feridas";"Pleno dia";"Crescente";"Céu Claro";"Dupla";"Curva";"Sim";4;0;1;0;2;1;1;4;-19,955532;-44,097209;"SPRF-MG";"DEL01-MG";"UOP03-DEL01-MG"
383814;2021-09-16;"quinta-feira";"09:10:00";"RS";470;219;"BENTO GONCALVES";"Acessar a via sem observar a presença dos outros veículos";"Colisão transversal";"Com Vítimas Feridas";"Pleno dia";"Crescente";"Céu Claro";"Simples";"Reta";"Sim";3;0;1;0;2;0;1;2;-29,17909489;-51,51855675;"SPRF-RS";"DEL06-RS";"UOP01-DEL06-RS"
383815;2021-09-16;"quinta-feira";"09:28:00";"SP";116;146;"SAO JOSE DOS CAMPOS";"Trafegar com motocicleta (ou similar) entre as faixas";"Colisão lateral mesmo sentido";"Com Vítimas Fatais";"Pleno dia";"Decrescente";"Nublado";"Dupla";"Aclive";"Sim";4;1;0;0;2;1;0;4;-23,19122919;-45,86327591;"SPRF-SP";"DEL02-SP";"UOP01-DEL02-SP"
383820;2021-07-22;"quinta-feira";"11:10:00";"MA";135;112;"ITAPECURU MIRIM";"Condutor deixou de manter distância do veículo da frente";"Colisão traseira";"Com Vítimas Feridas";"Pleno dia";"Decrescente";"Sol";"Simples";"Reta";"Não";8;0;1;1;4;6;2;11;-3,45227385;-44,52667443;"SPRF-MA";"DEL01-MA";"UOP02-DEL01-MA"
383821;2021-09-16;"quinta-feira";"09:00:00";"RN";226;4,6;"NATAL";"Reação tardia ou ineficiente do condutor";"Colisão transversal";"Com Vítimas Feridas";"Pleno dia";"Crescente";"Céu Claro";"Simples";"Reta";"Sim";2;0;0;1;1;0;1;2;-5,81958318;-35,26544994;"SPRF-RN";"DEL01-RN";"UOP02-DEL01-RN"
383826;2021-09-16;"quinta-feira";"09:39:00";"SP";153;60,8;"SAO JOSE DO RIO PRETO";"Trafegar com motocicleta (ou similar) entre as faixas";"Colisão lateral mesmo sentido";"Com Vítimas Fatais";"Pleno dia";"Crescente";"Sol";"Dupla";"Interseção de Vias;Curva";"Sim";3;1;0;0;1;1;0;3;-20,8018953;-49,35569286;"SPRF-SP";"DEL09-SP";"UOP01-DEL09-SP"
383828;2021-09-14;"terça-feira";"10:46:00";"PR";277;245,7;"IRATI";"Reação tardia ou ineficiente do condutor";"Saída de leito carroçável";"Sem Vítimas";"Pleno dia";"Decrescente";"Garoa/Chuvisco";"Simples";"Declive";"Não";3;0;0;0;1;2;0;3;-25,46419687;-50,56581801;"SPRF-PR";"DEL03-PR";"UOP03-DEL03-PR"
383830;2021-09-16;"quinta-feira";"08:10:00";"RO";364;216,5;"PIMENTA BUENO";"Condutor deixou de manter distância do veículo da frente";"Engavetamento";"Com Vítimas Feridas";"Pleno dia";"Crescente";"Céu Claro";"Simples";"Reta";"Não";13;0;5;0;7;1;5;4;-11,55310568;-61,29357762;"SPRF-RO";"DEL02-RO";"UOP02-DEL02-RO"
383833;2021-09-16;"quinta-feira";"11:00:00";"SC";101;197;"BIGUACU";"Manobra de mudança de faixa";"Colisão traseira";"Com Vítimas Feridas";"Pleno dia";"Crescente";"Nublado";"Dupla";"Reta";"Sim";5;0;3;0;1;1;3;3;-27,51844497;-48,63848496;"SPRF-SC";"DEL01-SC";"UOP01-DEL01-SC"