"id";"data_inversa";"dia_semana";"horario";"uf";"br";"km";"municipio";"causa_acidente";"tipo_acidente";"classificacao_acidente";"fase_dia";"sentido_via";"condicao_metereologica";"tipo_pista";"tracado_via";"uso_solo";"pessoas";"mortos";"feridos_leves";"feridos_graves";"ilesos";"ignorados";"feridos";"veiculos";"latitude";"longitude";"regional";"delegacia";"uop"
384088;2021-09-17;"sexta-feira";"15:55:00";"SC";101;206,7;"SAO JOSE";"Velocidade Incompatível";"Colisão traseira";"Com Vítimas Feridas";"Pleno dia";"Crescente";"Chuva";"Múltipla";"Reta";"Sim";3;0;0;1;1;1;1;3;-27,59193546;-48,61824557;"SPRF-SC";"DEL01-SC";"UOP01-DEL01-SC"
384090;2021-09-17;"sexta-feira";"16:40:00";"CE";222;19;"CAUCAIA";"Condutor deixou de manter distância do veículo da frente";"Colisão traseira";"Com Vítimas Feridas";"Pleno dia";"Crescente";"Céu Claro";"Simples";"Reta";"Sim";2;0;1;0;1;0;1;2;-3,74520337;-38,72713719;"SPRF-CE";"DEL01-CE";"UOP01-DEL01-CE"
384093;2021-09-17;"sexta-feira";"16:00:00";"SC";101;158;"PORTO BELO";"Velocidade Incompatível";"Colisão traseira";"Com Vítimas Feridas";"Pleno dia";"Crescente";"Chuva";"Dupla";"Reta";"Não";2;0;0;1;1;0;1;2;-27,19096301;-48,61259017;"SPRF-SC";"DEL04-SC";"UOP03-DEL04-SC"
384097;2021-09-17;"sexta-feira";"17:40:00";"RS";158;326,1;"SANTA MARIA";"Problema com o freio";"Colisão lateral sentido oposto";"Com Vítimas Feridas";"Pleno dia";"Crescente";"Nublado";"Simples";"Em Obras;Declive;Curva;Viaduto";"Sim";6;0;1;0;4;1;1;4;-29,7148787;-53,81296819;"SPRF-RS";"DEL09-RS";"UOP01-DEL09-RS"
384098;2021-09-17;"sexta-feira";"14:00:00";"AL";101;84,2;"RIO LARGO";"Chuva";"Colisão com objeto";"Sem Vítimas";"Pleno dia";"Crescente";"Chuva";"Dupla";"Curva";"Não";2;0;0;0;1;1;0;2;-9,45604211;-35,87694588;"SPRF-AL";"DEL01-AL";"UOP01-DEL01-AL"
384103;2021-09-17;"sexta-feira";"17:45:00";"SP";116;210,5;"GUARULHOS";"Condutor deixou de manter distância do veículo da frente";"Engavetamento";"Com Vítimas Feridas";"Anoitecer";"Decrescente";"Céu Claro";"Dupla";"Reta";"Sim";4;0;0;1;3;0;1;3;-23,42870023;-46,41085991;"SPRF-SP";"DEL01-SP";"UOP01-DEL01-SP"
384105;2021-08-22;"domingo";"16:15:00";"SE";101;184,2;"UMBAUBA";"Ultrapassagem Indevida";"Colisão frontal";"Com Vítimas Fatais";"Pleno dia";"Decrescente";"Sol";"Simples";"Aclive";"Sim";8;1;1;1;4;5;2;10;-11,3869269;-37,66865876;"SPRF-SE";"DEL02-SE";"UOP03-DEL02-SE"
384108;2021-09-17;"sexta-feira";"18:29:00";"SP";381;54;"ATIBAIA";"Condutor deixou de manter distância do veículo da frente";"Colisão traseira";"Com Vítimas Feridas";"Plena Noite";"Decrescente";"Céu Claro";"Dupla";"Reta";"Não";5;0;1;0;3;1;1;5;-23,2449074;-46,59562343;"SPRF-SP";"DEL03-SP";"UOP01-DEL03-SP"
384115;2021-09-17;"sexta-feira";"18:30:00";"SE";101;184;"UMBAUBA";"Acessar a via sem observar a presença dos outros veículos";"Colisão transversal";"Com Vítimas Fatais";"Plena Noite";"Decrescente";"Céu Claro";"Simples";"Reta";"Sim";3;2;0;0;0;1;0;2;-11,3869269;-37,66865876;"SPRF-SE";"DEL02-SE";"UOP03-DEL02-SE"
384117;2021-09-17;"sexta-feira";"19:00:00";"SP";116;279;"EMBU DAS ARTES";"Ingestão de substâncias psicoativas pelo condutor";"Colisão traseira";"Sem Vítimas";"Plena Noite";"Decrescente";"Nublado";"Dupla";"Reta";"Não";2;0;0;0;2;0;0;2;-23,66233697;-46,85292907;"SPRF-SP";"DEL04-SP";"UOP01-DEL04-SP"
384121;2021-09-17;"sexta-feira";"11:50:00";"MT";364;10,1;"ALTO ARAGUAIA";"Demais Fenômenos da natureza";"Incêndio";"Sem Vítimas";"Pleno dia";"Crescente";"Céu Claro";"Simples";"Reta";"Não";2;0;0;0;1;1;0;2;-17,27204706;-53,28839501;"SPRF-MT";"DEL02-MT";"UOP02-DEL02-MT"
384127;2021-09-17;"sexta-feira";"19:15:00";"PR";376;13,7;"MARINGA";"Condutor deixou de manter distância do veículo da frente";"Colisão traseira";"Com Vítimas Feridas";"Plena Noite";"Crescente";"Céu Claro";"Dupla";"Reta";"Sim";3;0;0;1;1;2;1;4;-23,39740845;-51,88465118;"SPRF-PR";"DEL09-PR";"UOP01-DEL09-PR"
384129;2021-09-17;"sexta-feira";"19:50:00";"MG";40;476;"SETE LAGOAS";"Ausência de reação do condutor";"Colisão traseira";"Com Vítimas Feridas";"Plena Noite";"Decrescente";"Céu Claro";"Dupla";"Reta;Aclive";"Sim";4;0;1;0;2;1;1;2;-19,50551591;-44,27423377;"SPRF-MG";"DEL02-MG";"UOP01-DEL02-MG"
384141;2021-09-17;"sexta-feira";"20:10:00";"PE";101;44;"IGARASSU";"Manobra de mudança de faixa";"Colisão lateral mesmo sentido";"Sem Vítimas";"Plena Noite";"Decrescente";"Nublado";"Múltipla";"Reta";"Sim";2;0;0;0;1;1;0;2;-7,85637001;-34,90842109;"SPRF-PE";"DEL01-PE";"UOP02-DEL01-PE"
384145;2021-09-17;"sexta-feira";"20:50:00";"RS";116;519,6;"PELOTAS";"Reação tardia ou ineficiente do condutor";"Colisão traseira";"Com Vítimas Fatais";"Plena Noite";"Decrescente";"Céu Claro";"Dupla";"Reta;Aclive;Viaduto";"Sim";3;1;0;1;0;2;1;4;-31,69369368;-52,35458934;"SPRF-RS";"DEL07-RS";"UOP01-DEL07-RS"
384147;2021-09-17;"sexta-feira";"19:28:00";"PA";230;120;"MARABA";"Manobra de mudança de faixa";"Colisão lateral mesmo sentido";"Com Vítimas Feridas";"Plena Noite";"Crescente";"Céu Claro";"Dupla";"Reta";"Sim";4;0;1;1;2;0;2;3;-5,35038318;-49,11434;"SPRF-PA";"DEL03-PA";"UOP01-DEL03-PA"
384148;2021-09-17;"sexta-feira";"15:12:00";"GO";153;368,7;"JARAGUA";"Condutor deixou de manter distância do veículo da frente";"Colisão traseira";"Sem Vítimas";"Pleno dia";"Crescente";"Céu Claro";"Simples";"Aclive";"Não";4;0;0;0;3;4;0;7;-15,799685;-49,300167;"SPRF-GO";"DEL02-GO";"UOP02-DEL02-GO"
384158;2021-09-17;"sexta-feira";"11:45:00";"BA";101;907,4;"IBIRAPUA";"Ultrapassagem Indevida";"Colisão lateral mesmo sentido";"Sem Vítimas";"Pleno dia";"Crescente";"Céu Claro";"Simples";"Reta";"Não";2;0;0;0;2;0;0;2;-17,83335481;-39,79728699;"SPRF-BA";"DEL09-BA";"UOP02-DEL09-BA"
384161;2021-09-16;"quinta-feira";"18:30:00";"MG";116;141,7;"PONTO DOS VOLANTES";"Reação tardia ou ineficiente do condutor";"Colisão frontal";"Com Vítimas Fatais";"Plena Noite";"Decrescente";"Céu Claro";"Simples";"Reta";"Não";3;1;1;0;0;1;1;3;-16,775899;-41,4815;"SPRF-MG";"DEL11-MG";"UOP02-DEL11-MG"
384162;2021-09-17;"sexta-feira";"15:00:00";"GO";364;360;"MINEIROS";"Fumaça";"Incêndio";"Sem Vítimas";"Pleno dia";"Decrescente";"Céu Claro";"Simples";"Reta";"Não";2;0;0;0;1;1;0;2;-17,395638;-52,990402;"SPRF-GO";"DEL05-GO";"UOP01-DEL05-GO"
384166;2021-09-17;"sexta-feira";"21:10:00";"TO";153;487;"PARAISO DO TOCANTINS";"Demais falhas mecânicas ou elétricas";"Incêndio";"Sem Vítimas";"Plena Noite";"Crescente";"Céu Claro";"Simples";"Reta";"Não";1;0;0;0;1;0;0;1;-10,10155485;-48,8699883;"SPRF-TO";"DEL01-TO";"UOP01-DEL01-TO"
384167;2021-09-17;"sexta-feira";"16:49:00";"SC";116;305,3;"CAPAO ALTO";"Chuva";"Colisão lateral sentido oposto";"Com Vítimas Feridas";"Pleno dia";"Decrescente";"Chuva";"Simples";"Declive;Curva";"Não";3;0;0;1;1;4;1;6;-28,19840483;-50,72325701;"SPRF-SC";"DEL05-SC";"UOP02-DEL05-SC"
384172;2021-09-17;"sexta-feira";"14:11:00";"PB";230;280,4;"SANTA LUZIA";"Frear bruscamente";"Tombamento";"Com Vítimas Feridas";"Pleno dia";"Crescente";"Céu Claro";"Simples";"Curva;Declive";"Não";2;0;1;0;0;1;1;2;-6,9359;-36,8505;"SPRF-PB";"DEL03-PB";"UOP01-DEL03-PB"
384187;2021-09-18;"sábado";"02:00:00";"SP";116;298;"ITAPECERICA DA SERRA";"Ausência de reação do condutor";"Colisão traseira";"Com Vítimas Feridas";"Plena Noite";"Crescente";"Nevoeiro/Neblina";"Dupla";"Reta";"Não";4;0;2;0;1;2;2;4;-23,790858;-46,91450298;"SPRF-SP";"DEL04-SP";"UOP01-DEL04-SP"
384188;2021-09-18;"sábado";"03:16:00";"GO";153;354,6;"JARAGUA";"Condutor Dormindo";"Colisão lateral sentido oposto";"Com Vítimas Feridas";"Plena Noite";"Crescente";"Ignorado";"Simples";"Declive";"Não";2;0;0;1;1;0;1;2;-15,699119;-49,334465;"SPRF-GO";"DEL02-GO";"UOP02-DEL02-GO"
384193;2021-09-18;"sábado";"02:20:00";"MG";40;23,5;"PARACATU";"Ausência de reação do condutor";"Colisão traseira";"Com Vítimas Feridas";"Plena Noite";"Crescente";"Céu Claro";"Simples";"Reta";"Não";3;0;2;0;0;1;2;2;-17,12045998;-46,98625398;"SPRF-MG";"DEL14-MG";"UOP01-DEL14-MG"
384198;2021-09-18;"sábado";"03:00:00";"MG";262;190;"BELA VISTA DE MINAS";"Velocidade Incompatível";"Colisão com objeto";"Com Vítimas Feridas";"Plena Noite";"Crescente";"Céu Claro";"Simples";"Curva";"Não";2;0;2;0;0;0;2;1;-19,88232457;-43,06905078;"SPRF-MG";"DEL03-MG";"UOP01-DEL03-MG"
384199;2021-09-17;"sexta-feira";"23:45:00";"MT";163;471;"JANGADA";"Reação tardia ou ineficiente do condutor";"Colisão lateral sentido oposto";"Sem Vítimas";"Plena Noite";"Crescente";"Céu Claro";"Simples";"Declive";"Não";4;0;0;0;3;3;0;5;-15,40624777;-56,36853576;"SPRF-MT";"DEL01-MT";"UOP01-DEL01-MT"
384204;2021-09-18;"sábado";"04:55:00";"PR";116;117;"CURITIBA";"Condutor Dormindo";"Colisão traseira";"Com Vítimas Feridas";"Plena Noite";"Crescente";"Céu Claro";"Dupla";"Reta";"Sim";2;0;1;0;1;0;1;2;-25,55468638;-49,30603981;"SPRF-PR";"DEL01-PR";"UOP03-DEL01-PR"
384211;2021-09-18;"sábado";"04:40:00";"ES";101;30;"CONCEICAO DA BARRA";"Condutor Dormindo";"Colisão traseira";"Com Vítimas Feridas";"Amanhecer";"Crescente";"Céu Claro";"Simples";"Reta";"Não";3;0;2;0;0;1;2;2;-18,40842097;-39,93732567;"SPRF-ES";"DEL04-ES";"UOP02-DEL04-ES"
384216;2021-09-17;"sexta-feira";"12:50:00";"CE";402;254;"ITAPIPOCA";"Desrespeitar a preferência no cruzamento";"Tombamento";"Sem Vítimas";"Pleno dia";"Decrescente";"Céu Claro";"Simples";"Interseção de Vias";"Não";2;0;0;0;1;1;0;2;-3,46810085;-39,64510918;"SPRF-CE";"DEL01-CE";"UOP03-DEL01-CE"
384226;2021-09-18;"sábado";"07:20:00";"RJ";116;91;"TERESOPOLIS";"Acessar a via sem observar a presença dos outros veículos";"Colisão traseira";"Com Vítimas Feridas";"Pleno dia";"Crescente";"Sol";"Simples";"Curva";"Não";3;0;0;2;1;0;2;2;-22,45860515;-42,97439809;"SPRF-RJ";"DEL04-RJ";"UOP02-DEL04-RJ"
384227;2021-09-18;"sábado";"04:20:00";"RJ";116;78;"TERESOPOLIS";"Ausência de reação do condutor";"Atropelamento de Pedestre";"Com Vítimas Fatais";"Plena Noite";"Crescente";"Nublado";"Simples";"Curva";"Sim";2;1;0;0;1;0;0;2;-22,3971915;-42,95465469;"SPRF-RJ";"DEL04-RJ";"UOP01-DEL04-RJ"
384232;2021-09-18;"sábado";"07:50:00";"MG";40;473,6;"SETE LAGOAS";"Velocidade Incompatível";"Tombamento";"Sem Vítimas";"Pleno dia";"Crescente";"Céu Claro";"Dupla";"Rotatória";"Não";2;0;0;0;1;2;0;3;-19,496351;-44,27992;"SPRF-MG";"DEL02-MG";"UOP01-DEL02-MG"
384234;2021-09-18;"sábado";"07:45:00";"SP";381;60,3;"MAIRIPORA";"Velocidade Incompatível";"Colisão com objeto";"Sem Vítimas";"Pleno dia";"Crescente";"Sol";"Dupla";"Curva";"Não";2;0;0;0;1;1;0;2;-23,28957673;-46,58729853;"SPRF-SP";"DEL03-SP";"UOP01-DEL03-SP"
384241;2021-09-18;"sábado";"07:00:00";"MG";40;131;"JOAO PINHEIRO";"Manobra de mudança de faixa";"Colisão lateral sentido oposto";"Sem Vítimas";"Amanhecer";"Decrescente";"Céu Claro";"Simples";"Reta";"Não";3;0;0;0;1;3;0;4;-17,70829976;-46,27637793;"SPRF-MG";"DEL14-MG";"UOP01-DEL14-MG"
384242;2021-09-18;"sábado";"03:30:00";"AL";101;155,9;"JEQUIA DA PRAIA";"Reação tardia ou ineficiente do condutor";"Saída de leito carroçável";"Sem Vítimas";"Plena Noite";"Crescente";"Garoa/Chuvisco";"Dupla";"Declive;Reta";"Não";2;0;0;0;1;1;0;2;-9,8928274;-36,19463181;"SPRF-AL";"DEL02-AL";"UOP02-DEL02-AL"
384244;2021-09-18;"sábado";"09:15:00";"RS";386;20;"FREDERICO WESTPHALEN";"Acessar a via sem observar a presença dos outros veículos";"Colisão transversal";"Sem Vítimas";"Pleno dia";"Crescente";"Céu Claro";"Simples";"Reta";"Não";3;0;0;0;2;2;0;4;-27,264164;-53,344139;"SPRF-RS";"DEL08-RS";"UOP02-DEL08-RS"
384245;2021-09-18;"sábado";"08:50:00";"CE";116;48;"PACAJUS";"Condutor Dormindo";"Colisão com objeto";"Sem Vítimas";"Pleno dia";"Crescente";"Sol";"Dupla";"Reta";"Não";2;0;0;0;1;1;0;2;-4,15576886;-38,4815323;"SPRF-CE";"DEL01-CE";"UOP02-DEL01-CE"
384254;2021-09-18;"sábado";"08:15:00";"SC";116;267,7;"CAPAO ALTO";"Acessar a via sem observar a presença dos outros veículos";"Colisão transversal";"Sem Vítimas";"Pleno dia";"Crescente";"Nublado";"Simples";"Interseção de Vias";"Não";3;0;0;0;2;1;0;3;-27,95653869;-50,48440933;"SPRF-SC";"DEL05-SC";"UOP02-DEL05-SC"
384261;2021-09-18;"sábado";"08:25:00";"MG";146;509,9;"POCOS DE CALDAS";"Carga excessiva e/ou mal acondicionada";"Derramamento de carga";"Com Vítimas Feridas";"Pleno dia";"Decrescente";"Nublado";"Simples";"Curva";"Não";2;0;1;0;1;0;1;2;-21,7731123;-46,4222648;"SPRF-MG";"DEL09-MG";"UOP01-DEL09-MG"
384267;2021-09-18;"sábado";"08:05:00";"RS";392;286,6;"SAO SEPE";"Ultrapassagem Indevida";"Colisão lateral sentido oposto";"Com Vítimas Feridas";"Pleno dia";"Crescente";"Céu Claro";"Simples";"Declive;Reta";"Não";4;0;1;0;2;2;1;4;-30,254761;-53,54512;"SPRF-RS";"DEL09-RS";"UOP02-DEL09-RS"
384269;2021-09-18;"sábado";"09:53:00";"PE";423;41,1;"CACHOEIRINHA";"Entrada inopinada do pedestre";"Atropelamento de Pedestre";"Com Vítimas Feridas";"Pleno dia";"Decrescente";"Céu Claro";"Simples";"Reta";"Não";2;0;0;1;0;1;1;2;-8,50137217;-36,24621989;"SPRF-PE";"DEL03-PE";"UOP01-DEL03-PE"
384270;2021-09-18;"sábado";"10:20:00";"RS";116;265;"CANOAS";"Reação tardia ou ineficiente do condutor";"Colisão lateral mesmo sentido";"Com Vítimas Feridas";"Pleno dia";"Decrescente";"Céu Claro";"Simples";"Reta";"Sim";3;0;2;0;1;0;2;2;-29,92342302;-51,17780944;"SPRF-RS";"DEL01-RS";"UOP01-DEL01-RS"
384271;2021-09-18;"sábado";"08:00:00";"ES";101;400,9;"ITAPEMIRIM";"Ausência de reação do condutor";"Colisão frontal";"Sem Vítimas";"Pleno dia";"Crescente";"Céu Claro";"Simples";"Curva";"Não";3;0;0;0;2;1;0;3;-20,88154434;-40,97435202;"SPRF-ES";"DEL03-ES";"UOP02-DEL03-ES"
384279;2021-09-18;"sábado";"11:45:00";"RN";304;268;"SAO PEDRO";"Transitar na contramão";"Colisão frontal";"Com Vítimas Fatais";"Pleno dia";"Crescente";"Céu Claro";"Simples";"Curva";"Não";2;1;0;0;1;0;0;2;-5,866039;-35,594997;"SPRF-RN";"DEL01-RN";"UOP02-DEL01-RN"
384280;2021-09-18;"sábado";"08:00:00";"MT";364;526;"ROSARIO OESTE";"Acostamento em desnível";"Tombamento";"Com Vítimas Feridas";"Pleno dia";"Decrescente";"Sol";"Simples";"Reta";"Não";2;0;1;0;0;2;1;3;-15,04039897;-56,51566252;"SPRF-MT";"DEL01-MT";"UOP01-DEL01-MT"
384281;2021-09-18;"sábado";"08:30:00";"MS";60;509,8;"MARACAJU";"Manobra de mudança de faixa";"Colisão lateral sentido oposto";"Com Vítimas Feridas";"Pleno dia";"Crescente";"Céu Claro";"Simples";"Reta";"Não";2;0;1;0;1;0;1;2;-21,19448707;-55,58035502;"SPRF-MS";"DEL05-MS";"UOP01-DEL05-MS"
384286;2021-09-18;"sábado";"07:35:00";"GO";153;208;"URUACU";"Reação tardia ou ineficiente do condutor";"Tombamento";"Sem Vítimas";"Pleno dia";"Crescente";"Céu Claro";"Simples";"Aclive";"Não";2;0;0;0;1;1;0;2;-14,586481;-49,161167;"SPRF-GO";"DEL07-GO";"UOP02-DEL07-GO"
384291;2021-09-18;"sábado";"11:20:00";"MG";262;67,9;"MATIPO";"Afundamento ou ondulação no pavimento";"Capotamento";"Com Vítimas Feridas";"Pleno dia";"Crescente";"Sol";"Simples";"Rotatória";"Não";1;0;1;0;0;0;1;1;-20,30577418;-42,26805605;"SPRF-MG";"DEL06-MG";"UOP03-DEL06-MG"
384293;2021-09-18;"sábado";"06:10:00";"MA";135;127,9;"MIRANDA DO NORTE";"Ultrapassagem Indevida";"Colisão transversal";"Com Vítimas Feridas";"Amanhecer";"Decrescente";"Céu Claro";"Simples";"Reta";"Sim";4;0;2;0;2;0;2;4;-3,56829141;-44,58306381;"SPRF-MA";"DEL01-MA";"UOP02-DEL01-MA"
384294;2021-09-18;"sábado";"12:15:00";"PR";277;111,8;"CAMPO LARGO";"Ausência de reação do condutor";"Colisão com objeto";"Com Vítimas Fatais";"Pleno dia";"Decrescente";"Céu Claro";"Dupla";"Reta";"Sim";3;1;0;0;0;2;0;3;-25,43730706;-49,36497042;"SPRF-PR";"DEL01-PR";"UOP03-DEL03-PR"
384296;2021-09-18;"sábado";"13:00:00";"TO";153;705,5;"CARIRI DO TOCANTINS";"Transitar na contramão";"Colisão lateral sentido oposto";"Com Vítimas Feridas";"Pleno dia";"Crescente";"Céu Claro";"Simples";"Reta";"Não";3;0;1;0;1;3;1;5;-11,99580202;-49,20150838;"SPRF-TO";"DEL01-TO";"UOP02-DEL01-TO"
384299;2021-09-06;"segunda-feira";"15:07:00";"PR";277;642,7;"CEU AZUL";"Ausência de reação do condutor";"Colisão transversal";"Sem Vítimas";"Pleno dia";"Decrescente";"Céu Claro";"Simples";"Reta";"Não";3;0;0;0;2;1;0;3;-25,17962176;-53,87592316;"SPRF-PR";"DEL05-PR";"UOP02-DEL05-PR"
384303;2021-09-18;"sábado";"12:50:00";"MS";163;335,8;"RIO BRILHANTE";"Transitar na contramão";"Colisão frontal";"Com Vítimas Fatais";"Pleno dia";"Crescente";"Céu Claro";"Simples";"Reta";"Não";4;1;1;0;1;4;1;7;-21,68829564;-54,48632924;"SPRF-MS";"DEL02-MS";"UOP02-DEL02-MS"
384307;2021-09-18;"sábado";"12:45:00";"MG";381;5,3;"BETIM";"Acessar a via sem observar a presença dos outros veículos";"Colisão lateral sentido oposto";"Com Vítimas Fatais";"Pleno dia";"Decrescente";"Céu Claro";"Dupla";"Reta";"Sim";2;1;0;0;1;0;0;2;-19,96825;-44,198708;"SPRF-MG";"DEL01-MG";"UOP03-DEL01-MG"
384327;2021-09-18;"sábado";"17:00:00";"MG";381;0,5;"BETIM";"Ausência de reação do condutor";"Colisão traseira";"Com Vítimas Fatais";"Pleno dia";"Crescente";"Céu Claro";"Dupla";"Declive;Reta";"Sim";3;1;0;0;1;1;0;3;-19,96657252;-44,1595459;"SPRF-MG";"DEL01-MG";"UOP03-DEL01-MG"
384342;2021-09-18;"sábado";"14:45:00";"MT";163;671;"LUCAS DO RIO VERDE";"Ausência de sinalização";"Colisão traseira";"Com Vítimas Feridas";"Pleno dia";"Crescente";"Céu Claro";"Simples";"Reta";"Não";5;0;1;0;2;2;1;4;-13,21;-55,998;"SPRF-MT";"DEL06-MT";"UOP01-DEL06-MT"
384343;2021-08-01;"domingo";"19:20:00";"PR";116;46;"CAMPINA GRANDE DO SUL";"Manobra de mudança de faixa";"Queda de ocupante de veículo";"Com Vítimas Feridas";"Plena Noite";"Crescente";"Céu Claro";"Dupla";"Curva";"Não";2;0;1;0;1;0;1;2;-25,20185401;-48,8962139;"SPRF-PR";"DEL01-PR";"UOP02-DEL01-PR"
384351;2021-09-18;"sábado";"17:00:00";"MG";381;431;"SABARA";"Demais falhas mecânicas ou elétricas";"Incêndio";"Sem Vítimas";"Pleno dia";"Decrescente";"Céu Claro";"Simples";"Curva";"Não";1;0;0;0;1;0;0;1;-19,78831547;-43,73175712;"SPRF-MG";"DEL01-MG";"UOP01-DEL01-MG"
384363;2021-09-18;"sábado";"18:50:00";"MA";316;263,6;"SANTA INES";"Ausência de reação do condutor";"Colisão transversal";"Com Vítimas Feridas";"Plena Noite";"Crescente";"Céu Claro";"Simples";"Reta";"Sim";2;0;1;0;1;0;1;2;-3,675226;-45,371643;"SPRF-MA";"DEL02-MA";"UOP01-DEL02-MA"
384364;2021-09-18;"sábado";"19:00:00";"CE";116;526,5;"JATI";"Reação tardia ou ineficiente do condutor";"Atropelamento de Pedestre";"Com Vítimas Feridas";"Plena Noite";"Crescente";"Céu Claro";"Simples";"Reta";"Sim";2;0;0;1;1;0;1;2;-7,66030304;-39,01820218;"SPRF-CE";"DEL05-CE";"UOP03-DEL05-CE"
384368;2021-09-18;"sábado";"20:05:00";"RS";290;72,8;"GRAVATAI";"Obstrução na via";"Colisão traseira";"Com Vítimas Feridas";"Plena Noite";"Crescente";"Nublado";"Dupla";"Reta";"Não";3;0;1;0;1;1;1;3;-29,952819;-50,984238;"SPRF-RS";"DEL03-RS";"UOP01-DEL03-RS"
384370;2021-09-18;"sábado";"20:35:00";"ES";101;76;"SAO MATEUS";"Condutor Dormindo";"Saída de leito carroçável";"Com Vítimas Feridas";"Plena Noite";"Decrescente";"Nublado";"Simples";"Reta;Declive";"Não";1;0;1;0;0;0;1;1;-18,79220409;-39,88463988;"SPRF-ES";"DEL04-ES";"UOP02-DEL04-ES"
384381;2021-09-18;"sábado";"16:20:00";"MG";153;94;"PRATA";"Reação tardia ou ineficiente do condutor";"Colisão traseira";"Sem Vítimas";"Pleno dia";"Crescente";"Sol";"Simples";"Reta";"Não";4;0;0;0;3;1;0;4;-19,17953386;-48,94974589;"SPRF-MG";"DEL15-MG";"UOP03-DEL15-MG"
384392;2021-09-18;"sábado";"22:30:00";"PE";232;240;"ARCOVERDE";"Ingestão de álcool pelo condutor";"Colisão frontal";"Com Vítimas Feridas";"Plena Noite";"Crescente";"Céu Claro";"Simples";"Aclive";"Não";2;0;0;1;1;0;1;2;-8,41469683;-36,96172896;"SPRF-PE";"DEL03-PE";"UOP02-DEL03-PE"
384395;2021-09-18;"sábado";"22:20:00";"PR";116;97,8;"SAO JOSE DOS PINHAIS";"Frear bruscamente";"Engavetamento";"Com Vítimas Feridas";"Plena Noite";"Crescente";"Céu Claro";"Dupla";"Reta";"Não";4;0;1;0;1;2;1;3;-25,54928995;-49,15033931;"SPRF-PR";"DEL01-PR";"UOP01-DEL01-PR"
384396;2021-09-18;"sábado";"15:00:00";"SC";116;107;"MONTE CASTELO";"Problema com o freio";"Colisão traseira";"Com Vítimas Feridas";"Pleno dia";"Decrescente";"Nublado";"Simples";"Declive";"Não";4;0;2;0;1;1;2;4;-26,75568818;-50,32812388;"SPRF-SC";"DEL06-SC";"UOP02-DEL06-SC"
384410;2021-09-18;"sábado";"23:00:00";"BA";101;280;"LAJE";"Ingestão de álcool pelo condutor";"Colisão lateral sentido oposto";"Com Vítimas Fatais";"Plena Noite";"Decrescente";"Céu Claro";"Simples";"Reta";"Não";3;2;0;0;1;0;0;2;-13,22604198;-39,32501409;"SPRF-BA";"DEL01-BA";"UOP02-DEL01-BA"
384416;2021-09-19;"domingo";"01:00:00";"PR";277;687,5;"SAO MIGUEL DO IGUACU";"Reação tardia ou ineficiente do condutor";"Colisão transversal";"Com Vítimas Feridas";"Plena Noite";"Crescente";"Vento";"Dupla";"Retorno Regulamentado";"Não";3;0;1;1;1;0;2;2;-25,34377452;-54,22446208;"SPRF-PR";"DEL05-PR";"UOP01-DEL05-PR"
384420;2021-09-19;"domingo";"01:20:00";"TO";153;751,4;"ALVORADA";"Transitar na contramão";"Colisão frontal";"Com Vítimas Fatais";"Plena Noite";"Crescente";"Céu Claro";"Simples";"Reta";"Não";3;2;0;1;0;0;1;2;-12,39220489;-49,13296276;"SPRF-TO";"DEL01-TO";"UOP02-DEL01-TO"
384427;2021-09-18;"sábado";"23:31:00";"CE";116;491,9;"MILAGRES";"Ingestão de álcool pelo condutor";"Colisão transversal";"Sem Vítimas";"Plena Noite";"Decrescente";"Céu Claro";"Simples";"Interseção de Vias";"Não";4;0;0;0;4;0;0;2;-7,36801025;-38,95096252;"SPRF-CE";"DEL05-CE";"UOP03-DEL05-CE"
384428;2021-09-19;"domingo";"02:00:00";"GO";50;130;"IPAMERI";"Condutor Dormindo";"Saída de leito carroçável";"Com Vítimas Feridas";"Plena Noite";"Crescente";"Céu Claro";"Dupla";"Reta";"Não";1;0;1;0;0;0;1;1;-17,0068;-47,758;"SPRF-GO";"DEL06-GO";"UOP01-DEL06-GO"
384433;2021-09-19;"domingo";"00:50:00";"MT";364;318;"CAMPO VERDE";"Curva acentuada";"Saída de leito carroçável";"Com Vítimas Feridas";"Plena Noite";"Crescente";"Céu Claro";"Dupla";"Curva";"Não";2;0;0;1;0;1;1;2;-15,8114561;-55,30840893;"SPRF-MT";"DEL05-MT";"UOP02-DEL05-MT"
384438;2021-09-18;"sábado";"23:20:00";"MG";365;238;"BURITIZEIRO";"Acessar a via sem observar a presença dos outros veículos";"Colisão transversal";"Com Vítimas Feridas";"Plena Noite";"Decrescente";"Céu Claro";"Simples";"Reta";"Não";7;0;4;0;2;3;4;5;-17,74331101;-45,41452992;"SPRF-MG";"DEL12-MG";"UOP01-DEL12-MG"
384451;2021-09-18;"sábado";"21:15:00";"PE";424;69;"CAETES";"Acessar a via sem observar a presença dos outros veículos";"Colisão com objeto";"Sem Vítimas";"Plena Noite";"Decrescente";"Céu Claro";"Simples";"Reta";"Sim";2;0;0;0;2;0;0;2;-8,77398589;-36,62798492;"SPRF-PE";"DEL03-PE";"UOP01-DEL03-PE"
384452;2021-09-19;"domingo";"04:50:00";"PI";316;213,2;"VALENCA DO PIAUI";"Reação tardia ou ineficiente do condutor";"Saída de leito carroçável";"Com Vítimas Feridas";"Amanhecer";"Crescente";"Céu Claro";"Simples";"Reta";"Sim";1;0;1;0;0;0;1;1;-6,41039002;-41,75413709;"SPRF-PI";"DEL04-PI";"UOP02-DEL04-PI"