"id";"data_inversa";"dia_semana";"horario";"uf";"br";"km";"municipio";"causa_acidente";"tipo_acidente";"classificacao_acidente";"fase_dia";"sentido_via";"condicao_metereologica";"tipo_pista";"tracado_via";"uso_solo";"pessoas";"mortos";"feridos_leves";"feridos_graves";"ilesos";"ignorados";"feridos";"veiculos";"latitude";"longitude";"regional";"delegacia";"uop"
384454;2021-09-18;"sábado";"18:30:00";"SC";101;167,5;"TIJUCAS";"Condutor deixou de manter distância do veículo da frente";"Colisão lateral mesmo sentido";"Com Vítimas Fatais";"Plena Noite";"Decrescente";"Céu Claro";"Dupla";"Reta";"Não";4;2;0;0;1;3;0;5;-27,27029501;-48,63176618;"SPRF-SC";"DEL04-SC";"UOP03-DEL04-SC"
384460;2021-09-19;"domingo";"02:00:00";"PA";10;289,2;"MAE DO RIO";"Ingestão de álcool ou de substâncias psicoativas pelo pedestre";"Atropelamento de Pedestre";"Com Vítimas Fatais";"Plena Noite";"Crescente";"Céu Claro";"Simples";"Reta";"Não";4;1;0;0;1;2;0;3;-1,90541202;-47,52017736;"SPRF-PA";"DEL02-PA";"UOP01-DEL02-PA"
384467;2021-09-18;"sábado";"20:20:00";"MG";365;540;"ROMARIA";"Velocidade Incompatível";"Saída de leito carroçável";"Com Vítimas Fatais";"Plena Noite";"Decrescente";"Céu Claro";"Simples";"Rotatória";"Não";2;1;0;0;0;1;0;2;-18,9335;-47,5849;"SPRF-MG";"DEL10-MG";"UOP01-DEL10-MG"
384475;2021-09-19;"domingo";"06:25:00";"RO";364;434;"JARU";"Carga excessiva e/ou mal acondicionada";"Derramamento de carga";"Com Vítimas Feridas";"Pleno dia";"Crescente";"Céu Claro";"Simples";"Reta";"Não";2;0;1;0;0;1;1;2;-10,39005863;-62,54015174;"SPRF-RO";"DEL03-RO";"UOP02-DEL03-RO"
384482;2021-09-15;"quarta-feira";"11:29:00";"MT";364;392;"CUIABA";"Condutor deixou de manter distância do veículo da frente";"Colisão lateral mesmo sentido";"Com Vítimas Feridas";"Pleno dia";"Crescente";"Céu Claro";"Dupla";"Reta";"Não";3;0;1;0;1;2;1;4;-15,70114238;-55,872733;"SPRF-MT";"DEL01-MT";"UOP02-DEL01-MT"
384483;2021-09-19;"domingo";"08:20:00";"MG";116;164;"PADRE PARAISO";"Reação tardia ou ineficiente do condutor";"Colisão transversal";"Com Vítimas Feridas";"Pleno dia";"Decrescente";"Céu Claro";"Simples";"Curva";"Não";4;0;1;0;1;2;1;4;-16,966437;-41,45100303;"SPRF-MG";"DEL11-MG";"UOP02-DEL11-MG"
384493;2021-06-27;"domingo";"23:45:00";"MG";381;400,6;"BOM JESUS DO AMPARO";"Velocidade Incompatível";"Colisão traseira";"Com Vítimas Feridas";"Plena Noite";"Decrescente";"Céu Claro";"Dupla";"Declive;Reta";"Não";5;0;1;2;1;1;3;3;-19,75244642;-43,47879052;"SPRF-MG";"DEL01-MG";"UOP01-DEL01-MG"
384495;2021-09-19;"domingo";"08:40:00";"PI";316;140;"PASSAGEM FRANCA DO PIAUI";"Manobra de mudança de faixa";"Saída de leito carroçável";"Com Vítimas Feridas";"Pleno dia";"Crescente";"Céu Claro";"Simples";"Declive";"Não";4;0;2;0;2;0;2;2;-6,08122081;-42,23896478;"SPRF-PI";"DEL04-PI";"UOP02-DEL04-PI"
384506;2021-09-19;"domingo";"09:30:00";"PI";230;296,4;"FLORIANO";"Avarias e/ou desgaste excessivo no pneu";"Derramamento de carga";"Sem Vítimas";"Pleno dia";"Crescente";"Céu Claro";"Simples";"Reta;Declive";"Não";2;0;0;0;1;1;0;2;-6,83437132;-42,90653323;"SPRF-PI";"DEL03-PI";"UOP01-DEL03-PI"
384508;2021-09-19;"domingo";"12:30:00";"PR";280;258;"MARMELEIRO";"Acesso irregular";"Colisão lateral mesmo sentido";"Com Vítimas Feridas";"Pleno dia";"Decrescente";"Céu Claro";"Simples";"Reta;Declive";"Não";4;0;2;0;2;0;2;2;-26,16533764;-53,04881509;"SPRF-PR";"DEL02-PR";"UOP01-DEL02-PR"
384510;2021-09-19;"domingo";"11:48:00";"TO";153;530,6;"PUGMIL";"Reação tardia ou ineficiente do condutor";"Colisão traseira";"Com Vítimas Feridas";"Pleno dia";"Crescente";"Céu Claro";"Simples";"Reta";"Não";5;0;1;1;2;1;2;4;-10,47189695;-48,90333942;"SPRF-TO";"DEL01-TO";"UOP01-DEL01-TO"
384523;2021-09-19;"domingo";"15:00:00";"MG";267;21,4;"ARGIRITA";"Velocidade Incompatível";"Colisão lateral sentido oposto";"Com Vítimas Feridas";"Pleno dia";"Crescente";"Céu Claro";"Simples";"Curva";"Não";3;0;1;0;1;1;1;3;-21,59274447;-42,78538272;"SPRF-MG";"DEL07-MG";"UOP01-DEL07-MG"
384529;2021-09-19;"domingo";"13:50:00";"MG";153;58,2;"MONTE ALEGRE DE MINAS";"Carga excessiva e/ou mal acondicionada";"Derramamento de carga";"Sem Vítimas";"Pleno dia";"Crescente";"Céu Claro";"Simples";"Rotatória";"Não";4;0;0;0;1;3;0;3;-18,878386;-49,056637;"SPRF-MG";"DEL15-MG";"UOP03-DEL15-MG"
384533;2021-09-19;"domingo";"15:35:00";"MG";262;548,1;"LUZ";"Curva acentuada";"Tombamento";"Com Vítimas Fatais";"Pleno dia";"Crescente";"Céu Claro";"Simples";"Curva";"Não";3;1;0;0;1;1;0;3;-19,73163489;-45,8631039;"SPRF-MG";"DEL08-MG";"UOP02-DEL08-MG"
384535;2021-09-19;"domingo";"15:15:00";"MG";381;340;"BELA VISTA DE MINAS";"Ausência de reação do condutor";"Colisão frontal";"Com Vítimas Feridas";"Pleno dia";"Crescente";"Sol";"Simples";"Curva";"Não";3;0;2;0;1;0;2;2;-19,84087497;-43,09635354;"SPRF-MG";"DEL03-MG";"UOP01-DEL03-MG"
384538;2021-09-19;"domingo";"14:25:00";"SC";116;209,1;"PONTE ALTA";"Demais falhas mecânicas ou elétricas";"Colisão traseira";"Com Vítimas Feridas";"Pleno dia";"Crescente";"Nublado";"Simples";"Reta";"Não";3;0;1;0;1;1;1;3;-27,49607258;-50,37005465;"SPRF-SC";"DEL05-SC";"UOP03-DEL05-SC"
384539;2021-08-26;"quinta-feira";"18:30:00";"BA";324;521;"FEIRA DE SANTANA";"Velocidade Incompatível";"Engavetamento";"Com Vítimas Feridas";"Plena Noite";"Decrescente";"Nublado";"Dupla";"Reta";"Não";12;0;2;1;8;2;3;8;-12,27918591;-38,92645693;"SPRF-BA";"DEL01-BA";"UOP03-DEL01-BA"
384555;2021-09-19;"domingo";"16:30:00";"GO";60;164;"GOIANIA";"Manobra de mudança de faixa";"Colisão lateral mesmo sentido";"Com Vítimas Feridas";"Pleno dia";"Crescente";"Céu Claro";"Múltipla";"Reta";"Sim";3;0;1;0;2;0;1;2;-16,7036;-49,342;"SPRF-GO";"DEL01-GO";"UOP02-DEL01-GO"
384558;2021-09-19;"domingo";"15:40:00";"MT";364;601;"DIAMANTINO";"Velocidade Incompatível";"Derramamento de carga";"Sem Vítimas";"Pleno dia";"Crescente";"Céu Claro";"Simples";"Reta";"Não";2;0;0;0;1;2;0;3;-14,50074988;-56,22375052;"SPRF-MT";"DEL01-MT";"UOP01-DEL01-MT"
384568;2021-09-19;"domingo";"19:00:00";"PR";476;136;"CURITIBA";"Avarias e/ou desgaste excessivo no pneu";"Colisão com objeto";"Sem Vítimas";"Plena Noite";"Decrescente";"Céu Claro";"Múltipla";"Reta";"Sim";2;0;0;0;1;1;0;2;-25,491047;-49,271679;"SPRF-PR";"DEL01-PR";"UOP03-DEL01-PR"
384579;2021-09-19;"domingo";"17:35:00";"BA";242;715;"CRISTOPOLIS";"Velocidade Incompatível";"Tombamento";"Com Vítimas Feridas";"Anoitecer";"Crescente";"Céu Claro";"Simples";"Reta";"Sim";2;0;0;1;1;0;1;1;-12,225253;-44,350859;"SPRF-BA";"DEL06-BA";"UOP03-DEL06-BA"
384587;2021-09-19;"domingo";"17:45:00";"MG";365;393,4;"PATOS DE MINAS";"Velocidade Incompatível";"Tombamento";"Com Vítimas Feridas";"Pleno dia";"Crescente";"Céu Claro";"Simples";"Curva";"Não";2;0;0;1;1;0;1;1;-18,63481872;-46,34836686;"SPRF-MG";"DEL10-MG";"UOP01-DEL10-MG"
384592;2021-09-19;"domingo";"19:36:00";"MA";135;2;"SAO LUIS";"Condutor deixou de manter distância do veículo da frente";"Colisão lateral mesmo sentido";"Sem Vítimas";"Plena Noite";"Crescente";"Céu Claro";"Dupla";"Reta";"Sim";2;0;0;0;1;1;0;2;-2,66721184;-44,29979324;"SPRF-MA";"DEL01-MA";"UOP01-DEL01-MA"
384594;2021-09-19;"domingo";"13:40:00";"PI";230;305;"FLORIANO";"Demais falhas mecânicas ou elétricas";"Eventos atípicos";"Sem Vítimas";"Pleno dia";"Decrescente";"Céu Claro";"Simples";"Reta";"Não";2;0;0;0;1;1;0;2;-6,79679657;-42,9783107;"SPRF-PI";"DEL03-PI";"UOP01-DEL03-PI"
384600;2021-09-19;"domingo";"20:10:00";"MG";116;210,9;"CATUJI";"Carga excessiva e/ou mal acondicionada";"Incêndio";"Sem Vítimas";"Plena Noite";"Crescente";"Céu Claro";"Simples";"Aclive;Reta";"Não";1;0;0;0;1;0;0;1;-17,3326351;-41,52861876;"SPRF-MG";"DEL11-MG";"UOP01-DEL11-MG"
384602;2021-09-19;"domingo";"21:30:00";"SP";116;72;"APARECIDA";"Reação tardia ou ineficiente do condutor";"Colisão traseira";"Com Vítimas Fatais";"Plena Noite";"Decrescente";"Céu Claro";"Múltipla";"Aclive";"Sim";4;1;0;0;2;3;0;5;-22,86354218;-45,23746093;"SPRF-SP";"DEL08-SP";"UOP01-DEL08-SP"
384604;2021-09-19;"domingo";"22:00:00";"ES";101;411,1;"ITAPEMIRIM";"Ingestão de álcool pelo condutor";"Queda de ocupante de veículo";"Com Vítimas Fatais";"Plena Noite";"Decrescente";"Céu Claro";"Simples";"Reta";"Não";5;2;0;2;1;0;2;4;-20,90375097;-41,06177501;"SPRF-ES";"DEL03-ES";"UOP02-DEL03-ES"
384612;2021-09-19;"domingo";"21:20:00";"MG";381;674,5;"PERDOES";"Velocidade Incompatível";"Tombamento";"Sem Vítimas";"Plena Noite";"Crescente";"Nublado";"Dupla";"Curva;Declive";"Sim";1;0;0;0;1;0;0;1;-21,08899083;-45,06748741;"SPRF-MG";"DEL04-MG";"UOP02-DEL04-MG"
384621;2021-09-19;"domingo";"21:40:00";"MT";364;577;"NOBRES";"Ausência de reação do condutor";"Colisão traseira";"Com Vítimas Feridas";"Plena Noite";"Crescente";"Céu Claro";"Dupla";"Aclive";"Não";3;0;1;0;1;5;1;7;-14,67978396;-56,30039119;"SPRF-MT";"DEL01-MT";"UOP01-DEL01-MT"
384623;2021-09-19;"domingo";"23:00:00";"PR";277;722,3;"FOZ DO IGUACU";"Ingestão de álcool pelo condutor";"Colisão transversal";"Com Vítimas Fatais";"Plena Noite";"Decrescente";"Céu Claro";"Dupla";"Reta;Retorno Regulamentado";"Sim";2;1;0;0;1;0;0;2;-25,49494908;-54,52095097;"SPRF-PR";"DEL05-PR";"UOP03-DEL05-PR"
384634;2021-09-19;"domingo";"23:30:00";"BA";324;356;"CAPIM GROSSO";"Transitar na contramão";"Colisão lateral sentido oposto";"Com Vítimas Feridas";"Plena Noite";"Crescente";"Céu Claro";"Simples";"Reta";"Sim";3;0;0;1;2;0;1;3;-11,38777908;-39,988904;"SPRF-BA";"DEL04-BA";"UOP02-DEL04-BA"
384635;2021-09-20;"segunda-feira";"00:55:00";"GO";50;270,1;"CATALAO";"Ausência de reação do condutor";"Colisão traseira";"Com Vítimas Feridas";"Plena Noite";"Decrescente";"Céu Claro";"Dupla";"Declive;Reta";"Não";3;0;0;1;1;4;1;6;-18,1087;-47,8878;"SPRF-GO";"DEL06-GO";"UOP01-DEL06-GO"
384644;2021-09-19;"domingo";"23:45:00";"MG";50;126,9;"UBERABA";"Velocidade Incompatível";"Tombamento";"Com Vítimas Fatais";"Plena Noite";"Crescente";"Ignorado";"Dupla";"Curva";"Não";2;1;0;1;0;0;1;1;-19,35661694;-48,08567397;"SPRF-MG";"DEL13-MG";"UOP01-DEL13-MG"
384646;2021-09-19;"domingo";"18:55:00";"MG";381;905;"CAMBUI";"Velocidade Incompatível";"Tombamento";"Sem Vítimas";"Plena Noite";"Decrescente";"Ignorado";"Dupla";"Reta";"Não";1;0;0;0;1;0;0;1;-22,65862099;-46,08844042;"SPRF-MG";"DEL16-MG";"UOP03-DEL16-MG"
384651;2021-09-20;"segunda-feira";"02:50:00";"PE";232;63,1;"POMBOS";"Problema com o freio";"Tombamento";"Com Vítimas Fatais";"Plena Noite";"Decrescente";"Céu Claro";"Dupla";"Declive;Reta";"Não";2;1;0;1;0;0;1;1;-8,159775;-35,431742;"SPRF-PE";"DEL02-PE";"UOP02-DEL02PE"
384657;2021-09-20;"segunda-feira";"02:20:00";"PR";153;121,5;"IBAITI";"Curva acentuada";"Tombamento";"Com Vítimas Feridas";"Plena Noite";"Crescente";"Céu Claro";"Simples";"Curva";"Não";1;0;1;0;0;0;1;1;-23,93119102;-50,23840265;"SPRF-PR";"DEL07-PR";"UOP04-DEL07-PR"
384659;2021-09-20;"segunda-feira";"02:00:00";"RO";364;758;"PORTO VELHO";"Ingestão de álcool pelo condutor";"Capotamento";"Com Vítimas Feridas";"Plena Noite";"Crescente";"Céu Claro";"Simples";"Curva";"Não";2;0;2;0;0;0;2;1;-9,08648441;-64,0810558;"SPRF-RO";"DEL01-RO";"UOP02-DEL01-RO"
384660;2021-09-19;"domingo";"17:40:00";"MG";381;379;"SAO GONCALO DO RIO ABAIXO";"Velocidade Incompatível";"Tombamento";"Com Vítimas Feridas";"Anoitecer";"Decrescente";"Céu Claro";"Simples";"Curva";"Não";8;0;3;2;2;1;5;7;-19,83530691;-43,36946606;"SPRF-MG";"DEL01-MG";"UOP01-DEL01-MG"
384664;2021-09-19;"domingo";"22:00:00";"MG";116;251,8;"TEOFILO OTONI";"Reação tardia ou ineficiente do condutor";"Tombamento";"Com Vítimas Feridas";"Plena Noite";"Decrescente";"Céu Claro";"Simples";"Declive;Reta;Ponte";"Não";1;0;1;0;0;0;1;1;-17,65137591;-41,49335386;"SPRF-MG";"DEL11-MG";"UOP01-DEL11-MG"
384666;2021-09-19;"domingo";"19:26:00";"MG";381;932,1;"EXTREMA";"Velocidade Incompatível";"Tombamento";"Com Vítimas Feridas";"Plena Noite";"Decrescente";"Céu Claro";"Dupla";"Curva";"Não";2;0;1;0;0;1;1;2;-22,81255044;-46,28503561;"SPRF-MG";"DEL16-MG";"UOP03-DEL16-MG"
384668;2021-09-20;"segunda-feira";"05:40:00";"MS";262;366;"CAMPO GRANDE";"Transitar na contramão";"Colisão lateral sentido oposto";"Com Vítimas Feridas";"Pleno dia";"Crescente";"Céu Claro";"Simples";"Curva";"Sim";3;0;0;1;2;0;1;2;-20,48466301;-54,74661601;"SPRF-MS";"DEL01-MS";"UOP03-DEL01-MS"
384671;2021-09-20;"segunda-feira";"06:40:00";"CE";222;20,3;"CAUCAIA";"Demais falhas mecânicas ou elétricas";"Colisão frontal";"Com Vítimas Feridas";"Pleno dia";"Decrescente";"Céu Claro";"Simples";"Reta";"Não";3;0;1;0;2;0;1;3;-3,7411838;-38,7350389;"SPRF-CE";"DEL01-CE";"UOP01-DEL01-CE"
384673;2021-09-19;"domingo";"23:00:00";"PI";407;496;"PATOS DO PIAUI";"Restrição de visibilidade em curvas horizontais";"Tombamento";"Sem Vítimas";"Plena Noite";"Crescente";"Céu Claro";"Simples";"Curva";"Não";1;0;0;0;1;0;0;1;-7,54958226;-41,29690349;"SPRF-PI";"DEL04-PI";"UOP01-DEL04-PI"
384674;2021-09-19;"domingo";"20:00:00";"MG";116;397,3;"GOVERNADOR VALADARES";"Velocidade Incompatível";"Colisão frontal";"Com Vítimas Feridas";"Plena Noite";"Decrescente";"Céu Claro";"Simples";"Curva";"Não";3;0;0;1;1;1;1;3;-18,75570099;-41,98568765;"SPRF-MG";"DEL06-MG";"UOP01-DEL06-MG"
384676;2021-09-20;"segunda-feira";"07:15:00";"ES";101;148;"LINHARES";"Acessar a via sem observar a presença dos outros veículos";"Colisão transversal";"Com Vítimas Feridas";"Pleno dia";"Crescente";"Céu Claro";"Simples";"Reta";"Sim";3;0;1;0;1;3;1;5;-19,38787399;-40,06752766;"SPRF-ES";"DEL04-ES";"UOP01-DEL04-ES"
384677;2021-09-19;"domingo";"21:00:00";"MG";40;145,2;"JOAO PINHEIRO";"Reação tardia ou ineficiente do condutor";"Colisão transversal";"Com Vítimas Fatais";"Plena Noite";"Crescente";"Céu Claro";"Simples";"Retorno Regulamentado";"Não";4;1;0;1;1;1;1;3;-17,75566262;-46,16329585;"SPRF-MG";"DEL14-MG";"UOP02-DEL14-MG"
384680;2021-09-20;"segunda-feira";"06:30:00";"SP";116;364;"MIRACATU";"Velocidade Incompatível";"Tombamento";"Sem Vítimas";"Pleno dia";"Decrescente";"Céu Claro";"Dupla";"Curva";"Não";2;0;0;0;1;1;0;2;-24,13881806;-47,27310246;"SPRF-SP";"DEL04-SP";"UOP02-DEL04-SP"
384686;2021-09-20;"segunda-feira";"07:15:00";"CE";116;18;"FORTALEZA";"Condutor deixou de manter distância do veículo da frente";"Colisão traseira";"Com Vítimas Feridas";"Pleno dia";"Crescente";"Céu Claro";"Dupla";"Reta";"Sim";3;0;1;0;1;1;1;3;-3,90496605;-38,50518756;"SPRF-CE";"DEL01-CE";"UOP02-DEL01-CE"
384688;2021-09-20;"segunda-feira";"07:30:00";"MG";40;669,8;"CARANDAI";"Condutor Dormindo";"Colisão lateral mesmo sentido";"Com Vítimas Feridas";"Amanhecer";"Decrescente";"Céu Claro";"Simples";"Reta";"Não";3;0;1;0;1;2;1;4;-20,95949689;-43,78978984;"SPRF-MG";"DEL05-MG";"UOP02-DEL05-MG"
384703;2021-09-20;"segunda-feira";"09:15:00";"RS";290;64,1;"GRAVATAI";"Condutor Dormindo";"Colisão lateral mesmo sentido";"Com Vítimas Feridas";"Pleno dia";"Crescente";"Chuva";"Dupla";"Reta";"Não";3;0;1;0;2;0;1;2;-29,940449;-50,895531;"SPRF-RS";"DEL03-RS";"UOP01-DEL03-RS"
384707;2021-09-20;"segunda-feira";"01:40:00";"SP";153;23,7;"NOVA GRANADA";"Ausência de reação do condutor";"Colisão com objeto";"Sem Vítimas";"Plena Noite";"Decrescente";"Céu Claro";"Simples";"Reta";"Não";3;0;0;0;3;0;0;2;-20,483533;-49,302964;"SPRF-SP";"DEL09-SP";"UOP01-DEL09-SP"
384709;2021-09-20;"segunda-feira";"09:30:00";"SC";101;366,5;"SANGAO";"Manobra de mudança de faixa";"Colisão lateral mesmo sentido";"Com Vítimas Feridas";"Pleno dia";"Crescente";"Nublado";"Dupla";"Reta";"Não";5;0;4;0;1;0;4;2;-28,694473;-49,171465;"SPRF-SC";"DEL02-SC";"UOP01-DEL02-SC"
384717;2021-09-11;"sábado";"08:35:00";"MS";163;245;"CAARAPO";"Ultrapassagem Indevida";"Colisão traseira";"Com Vítimas Feridas";"Pleno dia";"Crescente";"Céu Claro";"Simples";"Reta";"Não";4;0;1;0;2;4;1;7;-22,34867697;-54,80735394;"SPRF-MS";"DEL04-MS";"UOP01-DEL04-MS"
384718;2021-09-20;"segunda-feira";"08:15:00";"MG";251;317,1;"SALINAS";"Acessar a via sem observar a presença dos outros veículos";"Colisão transversal";"Com Vítimas Feridas";"Pleno dia";"Decrescente";"Céu Claro";"Simples";"Interseção de Vias";"Não";7;0;3;0;3;2;3;4;-16,16468263;-42,31470108;"SPRF-MG";"DEL12-MG";"UOP01-DEL12-MG"
384725;2021-09-20;"segunda-feira";"11:50:00";"SC";101;215,3;"PALHOCA";"Condutor deixou de manter distância do veículo da frente";"Colisão traseira";"Com Vítimas Feridas";"Pleno dia";"Crescente";"Céu Claro";"Dupla";"Curva";"Sim";4;0;1;0;3;0;1;3;-27,65184843;-48,67604941;"SPRF-SC";"DEL01-SC";"UOP02-DEL01-SC"
384729;2021-09-20;"segunda-feira";"09:35:00";"PR";476;151;"ARAUCARIA";"Manobra de mudança de faixa";"Colisão com objeto";"Sem Vítimas";"Pleno dia";"Decrescente";"Céu Claro";"Dupla";"Reta";"Sim";3;0;0;0;2;3;0;5;-25,563151;-49,376564;"SPRF-PR";"DEL01-PR";"UOP03-DEL01-PR"
384733;2021-08-19;"quinta-feira";"17:30:00";"RJ";40;109;"DUQUE DE CAXIAS";"Mal súbito do condutor";"Saída de leito carroçável";"Com Vítimas Feridas";"Anoitecer";"Crescente";"Céu Claro";"Dupla";"Reta";"Sim";1;0;1;0;0;0;1;1;-22,67374628;-43,28638368;"SPRF-RJ";"DEL01-RJ";"UOP01-DEL01-RJ"
384734;2021-09-20;"segunda-feira";"05:40:00";"RO";364;542;"RIO CRESPO";"Reação tardia ou ineficiente do condutor";"Colisão frontal";"Com Vítimas Feridas";"Amanhecer";"Crescente";"Céu Claro";"Simples";"Curva";"Não";6;0;2;1;2;2;3;4;-9,70933366;-63,113254;"SPRF-RO";"DEL03-RO";"UOP01-DEL03-RO"
384743;2021-09-20;"segunda-feira";"14:20:00";"MG";40;587,5;"ITABIRITO";"Reação tardia ou ineficiente do condutor";"Colisão lateral mesmo sentido";"Com Vítimas Feridas";"Pleno dia";"Decrescente";"Céu Claro";"Simples";"Curva";"Não";7;0;1;1;4;5;2;11;-20,34858326;-43,92200604;"SPRF-MG";"DEL01-MG";"UOP02-DEL01-MG"
384744;2021-09-20;"segunda-feira";"14:40:00";"RJ";101;396;"ITAGUAI";"Demais falhas mecânicas ou elétricas";"Colisão com objeto";"Sem Vítimas";"Pleno dia";"Decrescente";"Céu Claro";"Dupla";"Reta";"Sim";2;0;0;0;1;1;0;2;-22,87854523;-43,73100666;"SPRF-RJ";"DEL03-RJ";"UOP01-DEL03-RJ"
384746;2021-09-20;"segunda-feira";"14:05:00";"MS";376;108;"IVINHEMA";"Condutor deixou de manter distância do veículo da frente";"Saída de leito carroçável";"Com Vítimas Feridas";"Pleno dia";"Decrescente";"Céu Claro";"Simples";"Reta";"Não";2;0;1;0;0;1;1;2;-22,29325783;-53,93562101;"SPRF-MS";"DEL04-MS";"UOP04-DEL04-MS"
384748;2021-09-20;"segunda-feira";"14:30:00";"BA";101;857,6;"TEIXEIRA DE FREITAS";"Velocidade Incompatível";"Colisão frontal";"Com Vítimas Feridas";"Pleno dia";"Decrescente";"Céu Claro";"Simples";"Reta";"Não";3;0;0;1;2;0;1;3;-17,57759187;-39,73659523;"SPRF-BA";"DEL09-BA";"UOP02-DEL09-BA"
384749;2021-09-20;"segunda-feira";"15:00:00";"SP";116;96,2;"PINDAMONHANGABA";"Reação tardia ou ineficiente do condutor";"Colisão traseira";"Com Vítimas Feridas";"Pleno dia";"Decrescente";"Céu Claro";"Dupla";"Reta";"Não";5;0;2;1;2;0;3;2;-22,96945055;-45,43869623;"SPRF-SP";"DEL08-SP";"UOP01-DEL08-SP"
384755;2021-09-20;"segunda-feira";"15:25:00";"RS";285;156;"MUITOS CAPOES";"Acessar a via sem observar a presença dos outros veículos";"Colisão transversal";"Com Vítimas Feridas";"Pleno dia";"Decrescente";"Céu Claro";"Simples";"Declive";"Sim";6;0;2;0;3;1;2;3;-28,325294;-51,187935;"SPRF-RS";"DEL05-RS";"UOP03-DEL05-RS"
384756;2021-09-20;"segunda-feira";"15:30:00";"MG";153;134;"PRATA";"Velocidade Incompatível";"Engavetamento";"Com Vítimas Feridas";"Pleno dia";"Crescente";"Céu Claro";"Dupla";"Reta";"Não";5;0;0;1;3;4;1;8;-19,51436207;-48,84030206;"SPRF-MG";"DEL15-MG";"UOP03-DEL15-MG"
384757;2021-09-20;"segunda-feira";"15:50:00";"ES";101;270,4;"SERRA";"Condutor desrespeitou a iluminação vermelha do semáforo";"Colisão transversal";"Com Vítimas Feridas";"Pleno dia";"Decrescente";"Sol";"Múltipla";"Interseção de Vias;Reta";"Sim";4;0;1;0;1;2;1;4;-20,22662056;-40,27075088;"SPRF-ES";"DEL02-ES";"UOP01-DEL02-ES"
384765;2021-09-20;"segunda-feira";"16:25:00";"PR";476;148;"ARAUCARIA";"Condutor deixou de manter distância do veículo da frente";"Colisão traseira";"Com Vítimas Feridas";"Pleno dia";"Crescente";"Céu Claro";"Dupla";"Reta";"Sim";5;0;1;0;3;2;1;5;-25,557121;-49,348732;"SPRF-PR";"DEL01-PR";"UOP03-DEL01-PR"
384769;2021-09-20;"segunda-feira";"16:05:00";"GO";40;60,1;"LUZIANIA";"Manobra de mudança de faixa";"Colisão frontal";"Com Vítimas Fatais";"Pleno dia";"Crescente";"Céu Claro";"Simples";"Declive";"Não";3;1;1;0;0;1;1;3;-16,52816;-47,806818;"SPRF-DF";"DEL01-DF";"UOP02-DEL01-DF"
384783;2021-09-20;"segunda-feira";"17:40:00";"RJ";116;287,8;"BARRA MANSA";"Pedestre andava na pista";"Colisão lateral mesmo sentido";"Sem Vítimas";"Pleno dia";"Crescente";"Céu Claro";"Dupla";"Reta";"Não";6;0;0;0;5;2;0;6;-22,49295305;-44,24252706;"SPRF-RJ";"DEL07-RJ";"UOP02-DEL07-RJ"
384786;2021-09-20;"segunda-feira";"07:00:00";"RO";364;275,2;"CACOAL";"Ultrapassagem Indevida";"Saída de leito carroçável";"Com Vítimas Feridas";"Pleno dia";"Crescente";"Céu Claro";"Simples";"Reta";"Não";3;0;1;1;0;3;2;5;-11,38809521;-61,75925597;"SPRF-RO";"DEL02-RO";"UOP02-DEL02-RO"
384788;2021-09-20;"segunda-feira";"18:25:00";"PR";163;339;"GUAIRA";"Desrespeitar a preferência no cruzamento";"Colisão transversal";"Com Vítimas Feridas";"Anoitecer";"Crescente";"Céu Claro";"Simples";"Reta";"Não";3;0;1;0;1;1;1;3;-24,2137569917;-54,1995875086;"SPRF-PR";"DEL06-PR";"UOP01-DEL06-PR"
384790;2021-09-20;"segunda-feira";"13:30:00";"MT";163;521;"DIAMANTINO";"Ultrapassagem Indevida";"Colisão frontal";"Com Vítimas Fatais";"Pleno dia";"Decrescente";"Céu Claro";"Simples";"Curva";"Não";8;2;1;1;3;6;2;10;-14,50989037;-56,20431568;"SPRF-MT";"DEL01-MT";"UOP01-DEL01-MT"
384803;2021-09-20;"segunda-feira";"16:20:00";"ES";262;80;"DOMINGOS MARTINS";"Velocidade Incompatível";"Tombamento";"Com Vítimas Feridas";"Pleno dia";"Decrescente";"Sol";"Simples";"Curva";"Não";2;0;1;0;0;1;1;2;-20,40924049;-40,94035394;"SPRF-ES";"DEL01-ES";"UOP02-DEL01-ES"
384805;2021-09-20;"segunda-feira";"18:30:00";"SC";101;118;"ITAJAI";"Reação tardia ou ineficiente do condutor";"Colisão traseira";"Com Vítimas Feridas";"Plena Noite";"Decrescente";"Nublado";"Dupla";"Reta";"Não";2;0;1;0;0;1;1;2;-26,895859;-48,71903;"SPRF-SC";"DEL04-SC";"UOP04-DEL04-SC"
384807;2021-09-20;"segunda-feira";"01:45:00";"SC";282;92,3;"ALFREDO WAGNER";"Velocidade Incompatível";"Saída de leito carroçável";"Sem Vítimas";"Plena Noite";"Crescente";"Chuva";"Simples";"Curva";"Não";2;0;0;0;1;1;0;2;-27,697363;-49,23542;"SPRF-SC";"DEL01-SC";"UOP03-DEL01-SC"