"id";"data_inversa";"dia_semana";"horario";"uf";"br";"km";"municipio";"causa_acidente";"tipo_acidente";"classificacao_acidente";"fase_dia";"sentido_via";"condicao_metereologica";"tipo_pista";"tracado_via";"uso_solo";"pessoas";"mortos";"feridos_leves";"feridos_graves";"ilesos";"ignorados";"feridos";"veiculos";"latitude";"longitude";"regional";"delegacia";"uop"
384809;2021-09-20;"segunda-feira";"17:50:00";"RS";153;518,5;"CACAPAVA DO SUL";"Ausência de reação do condutor";"Colisão com objeto";"Com Vítimas Feridas";"Anoitecer";"Crescente";"Chuva";"Simples";"Declive;Ponte;Reta";"Não";4;0;1;1;1;1;2;3;-30,64198099;-53,39843629;"SPRF-RS";"DEL09-RS";"UOP02-DEL09-RS"
384811;2021-09-20;"segunda-feira";"18:50:00";"PR";277;593,2;"CASCAVEL";"Manobra de mudança de faixa";"Colisão lateral mesmo sentido";"Com Vítimas Feridas";"Anoitecer";"Crescente";"Nublado";"Simples";"Reta;Aclive";"Sim";4;0;1;0;2;2;1;4;-24,981284;-53,47966801;"SPRF-PR";"DEL04-PR";"UOP01-DEL04-PR"
384812;2021-09-20;"segunda-feira";"17:23:00";"PR";277;464,7;"NOVA LARANJEIRAS";"Condutor deixou de manter distância do veículo da frente";"Colisão traseira";"Sem Vítimas";"Pleno dia";"Decrescente";"Céu Claro";"Múltipla";"Reta";"Não";3;0;0;0;3;0;0;2;-25,36359096;-52,4731659;"SPRF-PR";"DEL04-PR";"UOP02-DEL04-PR"
384813;2021-09-20;"segunda-feira";"19:05:00";"MG";251;517,2;"MONTES CLAROS";"Velocidade Incompatível";"Colisão com objeto";"Com Vítimas Feridas";"Plena Noite";"Crescente";"Céu Claro";"Simples";"Reta";"Não";2;0;1;0;0;1;1;2;-16,66154421;-43,76055398;"SPRF-MG";"DEL12-MG";"UOP01-DEL12-MG"
384814;2021-09-20;"segunda-feira";"21:00:00";"RS";116;248;"SAO LEOPOLDO";"Manobra de mudança de faixa";"Colisão lateral mesmo sentido";"Com Vítimas Feridas";"Pleno dia";"Crescente";"Nublado";"Dupla";"Viaduto";"Sim";4;0;3;0;1;0;3;2;-29,77605895;-51,15508618;"SPRF-RS";"DEL01-RS";"UOP02-DEL01-RS"
384818;2021-09-20;"segunda-feira";"16:20:00";"PR";153;122,3;"IBAITI";"Problema com o freio";"Queda de ocupante de veículo";"Com Vítimas Feridas";"Pleno dia";"Crescente";"Céu Claro";"Simples";"Reta";"Não";4;0;1;1;1;2;2;3;-23,93903221;-50,23779778;"SPRF-PR";"DEL07-PR";"UOP04-DEL07-PR"
384819;2021-09-20;"segunda-feira";"21:15:00";"PE";316;105,3;"OURICURI";"Animais na Pista";"Tombamento";"Com Vítimas Feridas";"Plena Noite";"Decrescente";"Céu Claro";"Simples";"Reta";"Não";1;0;1;0;0;0;1;1;-7,95538676;-39,9055009;"SPRF-PE";"DEL05-PE";"UOP02-DEL05-PE"
384829;2021-09-20;"segunda-feira";"17:00:00";"MG";262;517,1;"LUZ";"Velocidade Incompatível";"Colisão com objeto";"Com Vítimas Fatais";"Pleno dia";"Decrescente";"Céu Claro";"Simples";"Declive";"Não";2;1;0;0;0;1;0;2;-19,78950437;-45,59145793;"SPRF-MG";"DEL08-MG";"UOP03-DEL08-MG"
384834;2021-09-20;"segunda-feira";"22:20:00";"MT";70;239;"POXOREO";"Acessar a via sem observar a presença dos outros veículos";"Saída de leito carroçável";"Com Vítimas Feridas";"Plena Noite";"Decrescente";"Céu Claro";"Simples";"Reta";"Não";5;0;2;0;3;0;2;2;-15,62405333;-54,01993607;"SPRF-MT";"DEL05-MT";"UOP01-DEL05-MT"
384835;2021-09-20;"segunda-feira";"21:40:00";"MT";70;178,4;"GENERAL CARNEIRO";"Velocidade Incompatível";"Saída de leito carroçável";"Com Vítimas Feridas";"Plena Noite";"Crescente";"Céu Claro";"Simples";"Curva";"Não";2;0;0;1;0;1;1;2;-15,65395772;-53,5833174;"SPRF-MT";"DEL05-MT";"UOP01-DEL05-MT"
384839;2021-09-21;"terça-feira";"02:18:00";"MG";50;58;"UBERLANDIA";"Ingestão de álcool pelo condutor";"Colisão traseira";"Com Vítimas Feridas";"Plena Noite";"Decrescente";"Céu Claro";"Múltipla";"Declive";"Não";6;0;4;0;1;2;4;4;-18,79408225;-48,23421867;"SPRF-MG";"DEL15-MG";"UOP02-DEL15-MG"
384842;2021-09-21;"terça-feira";"03:30:00";"TO";153;151;"ARAGUAINA";"Faróis desregulados";"Tombamento";"Sem Vítimas";"Amanhecer";"Decrescente";"Céu Claro";"Simples";"Reta";"Não";2;0;0;0;1;1;0;2;-7,25638791;-48,25895421;"SPRF-TO";"DEL02-TO";"UOP01-DEL02-TO"
384845;2021-09-21;"terça-feira";"02:45:00";"MA";222;343;"IGARAPE DO MEIO";"Pista esburacada";"Colisão traseira";"Sem Vítimas";"Plena Noite";"Crescente";"Céu Claro";"Simples";"Reta";"Não";3;0;0;0;0;3;0;3;-3,66576074;-45,23261214;"SPRF-MA";"DEL02-MA";"UOP01-DEL02-MA"
384858;2021-09-21;"terça-feira";"06:37:00";"RJ";101;333,5;"RIO DE JANEIRO";"Ausência de reação do condutor";"Colisão traseira";"Com Vítimas Feridas";"Pleno dia";"Decrescente";"Céu Claro";"Múltipla";"Reta";"Não";3;0;1;0;2;0;1;2;-22,87827816;-43,21053578;"SPRF-RJ";"DEL02-RJ";"UOP02-DEL02-RJ"
384873;2021-09-21;"terça-feira";"08:35:00";"MG";381;484;"BETIM";"Reação tardia ou ineficiente do condutor";"Colisão lateral mesmo sentido";"Com Vítimas Feridas";"Pleno dia";"Decrescente";"Céu Claro";"Dupla";"Reta;Aclive";"Sim";4;0;1;0;1;3;1;5;-19,95531717;-44,11722196;"SPRF-MG";"DEL01-MG";"UOP03-DEL01-MG"
384875;2021-09-21;"terça-feira";"07:53:00";"MS";376;4,3;"DOURADOS";"Desrespeitar a preferência no cruzamento";"Colisão transversal";"Sem Vítimas";"Pleno dia";"Crescente";"Céu Claro";"Simples";"Interseção de Vias";"Não";3;0;0;0;3;0;0;3;-22,22975885;-54,66181211;"SPRF-MS";"DEL04-MS";"UOP04-DEL04-MS"
384881;2021-09-01;"quarta-feira";"14:00:00";"SC";0;0;"FLORIANOPOLIS";"Faixas de trânsito com largura insuficiente";"Colisão com objeto";"Sem Vítimas";"Pleno dia";"Não Informado";"Chuva";"Simples";"Reta";"Sim";2;0;0;0;1;1;0;2;-27,57650852;-48,60055815;"SPRF-SC";"DEL02-SC";"N/A"
384882;2021-09-21;"terça-feira";"08:30:00";"SP";488;4,5;"APARECIDA";"Ingestão de álcool pelo condutor";"Colisão traseira";"Com Vítimas Feridas";"Pleno dia";"Crescente";"Céu Claro";"Dupla";"Reta";"Sim";5;0;1;0;4;0;1;2;-22,858398;-45,251377;"SPRF-SP";"DEL08-SP";"UOP01-DEL08-SP"
384891;2021-09-21;"terça-feira";"10:00:00";"GO";60;13;"ALEXANIA";"Ausência de reação do condutor";"Colisão traseira";"Com Vítimas Feridas";"Pleno dia";"Decrescente";"Céu Claro";"Dupla";"Aclive";"Não";4;0;3;0;1;0;3;2;-16,094168;-48,517212;"SPRF-DF";"DEL03-DF";"UOP01-DEL03-DF"
384894;2021-09-21;"terça-feira";"11:28:00";"PR";369;155;"LONDRINA";"Condutor desrespeitou a iluminação vermelha do semáforo";"Colisão lateral mesmo sentido";"Com Vítimas Feridas";"Pleno dia";"Decrescente";"Nublado";"Múltipla";"Interseção de Vias;Retorno Regulamentado";"Sim";4;0;1;1;2;0;2;3;-23,2957227;-51,20850921;"SPRF-PR";"DEL07-PR";"UOP01-DEL07-PR"
384895;2021-09-21;"terça-feira";"10:15:00";"MG";153;147,9;"CAMPO FLORIDO";"Acessar a via sem observar a presença dos outros veículos";"Colisão transversal";"Com Vítimas Fatais";"Pleno dia";"Crescente";"Sol";"Simples";"Interseção de Vias";"Não";4;2;0;0;1;3;0;5;-19,629659;-48,849104;"SPRF-MG";"DEL13-MG";"UOP02-DEL13-MG"
384899;2021-09-21;"terça-feira";"07:10:00";"SC";470;180,8;"POUSO REDONDO";"Ausência de reação do condutor";"Colisão com objeto";"Com Vítimas Feridas";"Pleno dia";"Crescente";"Garoa/Chuvisco";"Simples";"Reta";"Não";2;0;1;0;0;1;1;2;-27,249525;-49,987041;"SPRF-SC";"DEL04-SC";"UOP02-DEL04-SC"
384901;2021-09-21;"terça-feira";"09:50:00";"RO";364;515;"ARIQUEMES";"Conversão proibida";"Colisão transversal";"Com Vítimas Feridas";"Pleno dia";"Decrescente";"Céu Claro";"Múltipla";"Reta";"Sim";3;0;0;1;1;2;1;4;-9,92424488;-63,05507541;"SPRF-RO";"DEL03-RO";"UOP01-DEL03-RO"
384903;2021-09-21;"terça-feira";"13:00:00";"PB";230;132;"MASSARANDUBA";"Ausência de reação do condutor";"Tombamento";"Com Vítimas Feridas";"Pleno dia";"Decrescente";"Céu Claro";"Dupla";"Curva";"Não";4;0;3;0;0;1;3;2;-7,2774;-35,7367;"SPRF-PB";"DEL02-PB";"UOP01-DEL02-PB"
384910;2021-09-21;"terça-feira";"10:35:00";"SC";282;532,5;"CORDILHEIRA ALTA";"Ultrapassagem Indevida";"Colisão frontal";"Com Vítimas Fatais";"Pleno dia";"Crescente";"Chuva";"Simples";"Aclive";"Não";3;1;1;0;0;2;1;4;-26,99616354;-52,62077808;"SPRF-SC";"DEL07-SC";"UOP01-DEL07-SC"
384911;2021-09-21;"terça-feira";"14:35:00";"SC";101;195,5;"BIGUACU";"Velocidade Incompatível";"Colisão traseira";"Com Vítimas Feridas";"Pleno dia";"Crescente";"Nublado";"Múltipla";"Reta";"Sim";2;0;0;1;1;0;1;2;-27,5047092;-48,65010819;"SPRF-SC";"DEL01-SC";"UOP01-DEL01-SC"
384912;2021-09-21;"terça-feira";"11:55:00";"PB";101;34,9;"MAMANGUAPE";"Reação tardia ou ineficiente do condutor";"Saída de leito carroçável";"Sem Vítimas";"Pleno dia";"Crescente";"Céu Claro";"Dupla";"Reta";"Não";1;0;0;0;1;0;0;1;-6,78533891;-35,13428131;"SPRF-PB";"DEL01-PB";"UOP04-DEL01-PB"
384913;2021-09-21;"terça-feira";"14:16:00";"MG";381;482,8;"BETIM";"Manobra de mudança de faixa";"Colisão lateral mesmo sentido";"Com Vítimas Fatais";"Pleno dia";"Decrescente";"Céu Claro";"Dupla";"Reta;Aclive";"Sim";3;1;1;0;1;0;1;2;-19,955532;-44,097209;"SPRF-MG";"DEL01-MG";"UOP03-DEL01-MG"
384917;2021-07-08;"quinta-feira";"08:10:00";"PR";376;666,9;"GUARATUBA";"Demais falhas mecânicas ou elétricas";"Tombamento";"Com Vítimas Fatais";"Pleno dia";"Crescente";"Céu Claro";"Múltipla";"Reta";"Não";25;2;8;12;2;2;20;5;-25,86037408;-48,95087256;"SPRF-PR";"DEL01-PR";"UOP04-DEL01-PR"
384920;2021-09-21;"terça-feira";"13:10:00";"MG";262;385,8;"MATEUS LEME";"Velocidade Incompatível";"Tombamento";"Com Vítimas Feridas";"Pleno dia";"Crescente";"Sol";"Múltipla";"Curva";"Sim";2;0;0;1;0;1;1;2;-19,93752808;-44,43008423;"SPRF-MG";"DEL01-MG";"UOP03-DEL01-MG"
384929;2021-09-21;"terça-feira";"16:35:00";"MG";381;344,7;"JOAO MONLEVADE";"Velocidade Incompatível";"Saída de leito carroçável";"Com Vítimas Feridas";"Pleno dia";"Decrescente";"Céu Claro";"Simples";"Curva";"Não";2;0;1;0;0;1;1;2;-19,85986781;-43,11280984;"SPRF-MG";"DEL03-MG";"UOP01-DEL03-MG"
384932;2021-09-21;"terça-feira";"17:30:00";"PR";277;712;"SANTA TEREZINHA DE ITAIPU";"Manobra de mudança de faixa";"Colisão lateral mesmo sentido";"Com Vítimas Feridas";"Pleno dia";"Crescente";"Céu Claro";"Dupla";"Reta";"Não";4;0;1;0;2;1;1;3;-25,45780735;-54,43119986;"SPRF-PR";"DEL05-PR";"UOP01-DEL05-PR"
384933;2021-09-21;"terça-feira";"13:00:00";"RJ";40;106;"DUQUE DE CAXIAS";"Transitar na contramão";"Colisão lateral sentido oposto";"Com Vítimas Feridas";"Pleno dia";"Decrescente";"Sol";"Múltipla";"Reta";"Sim";4;0;1;0;1;2;1;4;-22,64679;-43,283726;"SPRF-RJ";"DEL01-RJ";"UOP01-DEL01-RJ"
384934;2021-09-21;"terça-feira";"16:40:00";"SC";282;416,5;"CATANDUVAS";"Reação tardia ou ineficiente do condutor";"Colisão lateral sentido oposto";"Com Vítimas Feridas";"Pleno dia";"Crescente";"Nublado";"Simples";"Aclive";"Não";2;0;1;0;1;0;1;2;-27,037748;-51,718472;"SPRF-SC";"DEL07-SC";"UOP05-DEL07-SC"
384936;2021-09-21;"terça-feira";"16:00:00";"PR";373;196,9;"PONTA GROSSA";"Reação tardia ou ineficiente do condutor";"Tombamento";"Com Vítimas Feridas";"Pleno dia";"Decrescente";"Céu Claro";"Simples";"Curva";"Não";14;0;11;1;1;1;12;4;-25,07972439;-50,38549408;"SPRF-PR";"DEL03-PR";"UOP01-DEL03-PR"
384938;2021-09-21;"terça-feira";"17:55:00";"SC";101;34,3;"JOINVILLE";"Manobra de mudança de faixa";"Colisão lateral mesmo sentido";"Com Vítimas Feridas";"Anoitecer";"Crescente";"Chuva";"Dupla";"Reta;Aclive";"Não";3;0;1;0;1;1;1;3;-26,23667403;-48,91486706;"SPRF-SC";"DEL03-SC";"UOP01-DEL03-SC"
384944;2021-09-21;"terça-feira";"15:55:00";"MG";40;710,5;"BARBACENA";"Velocidade Incompatível";"Capotamento";"Com Vítimas Fatais";"Pleno dia";"Decrescente";"Sol";"Dupla";"Aclive;Curva";"Não";2;1;0;0;1;0;0;1;-21,245921;-43,681905;"SPRF-MG";"DEL05-MG";"UOP02-DEL05-MG"
384962;2021-09-21;"terça-feira";"18:10:00";"PA";316;119;"SANTA MARIA DO PARA";"Reação tardia ou ineficiente do condutor";"Colisão lateral mesmo sentido";"Com Vítimas Feridas";"Plena Noite";"Crescente";"Céu Claro";"Simples";"Reta";"Sim";3;0;1;1;0;1;2;2;-1,31062901;-47,443276;"SPRF-PA";"DEL01-PA";"UOP02-DEL01-PA"
384966;2021-09-21;"terça-feira";"18:50:00";"RJ";116;311;"ITATIAIA";"Ausência de reação do condutor";"Colisão lateral mesmo sentido";"Com Vítimas Feridas";"Plena Noite";"Crescente";"Nublado";"Dupla";"Reta";"Não";3;0;1;0;1;1;1;3;-22,46711631;-44,50222492;"SPRF-RJ";"DEL07-RJ";"UOP02-DEL07-RJ"
384969;2021-09-21;"terça-feira";"13:30:00";"RJ";493;69;"NOVA IGUACU";"Ausência de reação do condutor";"Colisão traseira";"Com Vítimas Feridas";"Pleno dia";"Crescente";"Céu Claro";"Múltipla";"Reta";"Não";2;0;1;0;1;0;1;2;-22,67453056;-43,38912964;"SPRF-RJ";"DEL01-RJ";"UOP03-DEL01-RJ"
384973;2021-09-21;"terça-feira";"15:30:00";"RJ";493;62;"NOVA IGUACU";"Demais falhas mecânicas ou elétricas";"Incêndio";"Sem Vítimas";"Pleno dia";"Crescente";"Nublado";"Dupla";"Reta";"Não";1;0;0;0;1;0;0;1;-22,68561767;-43,48182678;"SPRF-RJ";"DEL01-RJ";"UOP03-DEL01-RJ"
384974;2021-09-21;"terça-feira";"21:00:00";"PE";116;29;"SALGUEIRO";"Condutor Dormindo";"Colisão com objeto";"Com Vítimas Fatais";"Plena Noite";"Decrescente";"Céu Claro";"Simples";"Aclive";"Não";2;1;0;0;0;1;0;2;-8,096241;-39,124842;"SPRF-PE";"DEL05-PE";"UOP01-DEL05-PE"
384975;2021-09-21;"terça-feira";"19:00:00";"ES";101;144;"LINHARES";"Ingestão de álcool pelo condutor";"Colisão traseira";"Sem Vítimas";"Plena Noite";"Crescente";"Nublado";"Múltipla";"Reta";"Sim";2;0;0;0;2;0;0;2;-19,35188295;-40,0636685;"SPRF-ES";"DEL04-ES";"UOP01-DEL04-ES"
384977;2021-09-21;"terça-feira";"18:00:00";"MG";262;584;"CAMPOS ALTOS";"Velocidade Incompatível";"Saída de leito carroçável";"Com Vítimas Feridas";"Anoitecer";"Crescente";"Céu Claro";"Simples";"Declive;Reta";"Não";2;0;1;0;0;2;1;3;-19,65530504;-46,08642825;"SPRF-MG";"DEL08-MG";"UOP02-DEL08-MG"
384978;2021-09-21;"terça-feira";"20:05:00";"PR";116;39;"CAMPINA GRANDE DO SUL";"Pista Escorregadia";"Saída de leito carroçável";"Sem Vítimas";"Plena Noite";"Decrescente";"Garoa/Chuvisco";"Dupla";"Reta";"Não";2;0;0;0;1;1;0;2;-25,156168;-48,8613401;"SPRF-PR";"DEL01-PR";"UOP02-DEL01-PR"
384979;2021-09-21;"terça-feira";"20:42:00";"MS";163;780,3;"PEDRO GOMES";"Ausência de reação do condutor";"Colisão lateral sentido oposto";"Com Vítimas Feridas";"Plena Noite";"Crescente";"Céu Claro";"Simples";"Reta";"Não";3;0;1;0;1;1;1;3;-18,09550501;-54,69556896;"SPRF-MS";"DEL06-MS";"UOP01-DEL06-MS"
384991;2021-09-21;"terça-feira";"23:15:00";"SC";101;227;"PALHOCA";"Sinalização mal posicionada";"Colisão traseira";"Com Vítimas Feridas";"Plena Noite";"Decrescente";"Nublado";"Dupla";"Reta";"Sim";3;0;2;0;1;0;2;3;-27,75198748;-48,63409281;"SPRF-SC";"DEL01-SC";"UOP02-DEL01-SC"
384998;2021-09-22;"quarta-feira";"02:25:00";"SP";116;518;"BARRA DO TURVO";"Demais falhas mecânicas ou elétricas";"Incêndio";"Sem Vítimas";"Plena Noite";"Crescente";"Garoa/Chuvisco";"Dupla";"Curva";"Não";1;0;0;0;1;0;0;1;-24,88391594;-48,22626356;"SPRF-SP";"DEL05-SP";"UOP02-DEL05-SP"
384999;2021-09-22;"quarta-feira";"01:30:00";"MG";381;375;"SAO GONCALO DO RIO ABAIXO";"Reação tardia ou ineficiente do condutor";"Tombamento";"Com Vítimas Feridas";"Plena Noite";"Crescente";"Céu Claro";"Simples";"Curva";"Não";2;0;2;0;0;0;2;1;-19,83666149;-43,33681685;"SPRF-MG";"DEL01-MG";"UOP01-DEL01-MG"
385002;2021-09-22;"quarta-feira";"04:20:00";"PE";423;71,9;"JUPI";"Transitar na contramão";"Colisão frontal";"Com Vítimas Feridas";"Amanhecer";"Decrescente";"Céu Claro";"Simples";"Reta";"Não";3;0;0;1;1;1;1;3;-8,69250589;-36,41166726;"SPRF-PE";"DEL03-PE";"UOP01-DEL03-PE"
385003;2021-09-22;"quarta-feira";"05:00:00";"SP";116;422;"JUQUIA";"Ausência de reação do condutor";"Colisão lateral mesmo sentido";"Com Vítimas Feridas";"Amanhecer";"Crescente";"Nevoeiro/Neblina";"Dupla";"Curva";"Não";2;0;1;0;1;0;1;2;-24,36454003;-47,69203096;"SPRF-SP";"DEL05-SP";"UOP01-DEL05-SP"
385004;2021-09-22;"quarta-feira";"05:50:00";"RS";293;51,8;"CERRITO";"Ausência de reação do condutor";"Colisão lateral sentido oposto";"Com Vítimas Feridas";"Amanhecer";"Decrescente";"Céu Claro";"Simples";"Reta";"Não";3;0;1;0;1;2;1;4;-31,72933964;-52,83680696;"SPRF-RS";"DEL07-RS";"UOP01-DEL07-RS"
385005;2021-09-22;"quarta-feira";"05:40:00";"GO";60;47,6;"ABADIANIA";"Velocidade Incompatível";"Colisão com objeto";"Com Vítimas Feridas";"Amanhecer";"Decrescente";"Céu Claro";"Dupla";"Curva";"Não";1;0;0;1;0;0;1;1;-16,147973;-48,608199;"SPRF-GO";"DEL02-GO";"UOP01-DEL02-GO"
385015;2021-09-22;"quarta-feira";"04:40:00";"SP";116;105,5;"TAUBATE";"Pedestre andava na pista";"Atropelamento de Pedestre";"Com Vítimas Feridas";"Amanhecer";"Crescente";"Céu Claro";"Dupla";"Declive";"Sim";2;0;0;1;0;1;1;2;-23,00757973;-45,51466613;"SPRF-SP";"DEL08-SP";"UOP01-DEL08-SP"
385016;2021-09-22;"quarta-feira";"05:30:00";"MS";60;385;"CAMPO GRANDE";"Condutor Dormindo";"Colisão lateral sentido oposto";"Com Vítimas Feridas";"Pleno dia";"Decrescente";"Céu Claro";"Simples";"Reta";"Não";3;0;0;1;1;1;1;3;-20,6743633997;-54,7592228719;"SPRF-MS";"DEL01-MS";"UOP04-DEL01-MS"
385017;2021-09-22;"quarta-feira";"03:20:00";"CE";222;131;"ITAPAJE";"Velocidade Incompatível";"Tombamento";"Sem Vítimas";"Plena Noite";"Crescente";"Céu Claro";"Simples";"Curva";"Não";1;0;0;0;1;0;0;1;-3,71763404;-39,64056015;"SPRF-CE";"DEL04-CE";"UOP03-DEL04-CE"
385018;2021-09-22;"quarta-feira";"05:55:00";"GO";60;47,5;"ABADIANIA";"Objeto estático sobre o leito carroçável";"Colisão com objeto";"Com Vítimas Feridas";"Amanhecer";"Crescente";"Céu Claro";"Dupla";"Retorno Regulamentado;Declive;Ponte";"Não";5;0;2;1;1;1;3;3;-16,14834904;-48,60869765;"SPRF-GO";"DEL02-GO";"UOP01-DEL02-GO"
385025;2021-09-22;"quarta-feira";"08:55:00";"SP";116;201;"ARUJA";"Manobra de mudança de faixa";"Colisão lateral mesmo sentido";"Com Vítimas Feridas";"Pleno dia";"Decrescente";"Nublado";"Dupla";"Reta";"Sim";4;0;1;0;1;2;1;4;-23,40362877;-46,33050107;"SPRF-SP";"DEL01-SP";"UOP01-DEL01-SP"
385030;2021-09-22;"quarta-feira";"09:15:00";"SP";153;155;"PROMISSAO";"Transitar na contramão";"Colisão frontal";"Com Vítimas Feridas";"Pleno dia";"Decrescente";"Céu Claro";"Simples";"Reta";"Não";5;0;5;0;0;0;5;2;-21,46234302;-49,78272621;"SPRF-SP";"DEL07-SP";"UOP01-DEL07-SP"
385031;2021-08-02;"segunda-feira";"19:40:00";"SP";116;190;"SANTA ISABEL";"Ausência de reação do condutor";"Capotamento";"Com Vítimas Feridas";"Plena Noite";"Crescente";"Céu Claro";"Múltipla";"Reta";"Não";2;0;1;0;0;1;1;2;-23,36821879;-46,23367409;"SPRF-SP";"DEL01-SP";"UOP01-DEL01-SP"
385035;2021-09-22;"quarta-feira";"09:30:00";"RS";472;142;"TRES DE MAIO";"Transitar na contramão";"Colisão lateral sentido oposto";"Com Vítimas Feridas";"Pleno dia";"Crescente";"Céu Claro";"Simples";"Reta";"Não";2;0;1;0;1;0;1;2;-27,77492134;-54,33143212;"SPRF-RS";"DEL10-RS";"UOP01-DEL10-RS"
385036;2021-09-22;"quarta-feira";"10:22:00";"SP";153;30,2;"NOVA GRANADA";"Desrespeitar a preferência no cruzamento";"Colisão transversal";"Com Vítimas Feridas";"Pleno dia";"Decrescente";"Sol";"Simples";"Retorno Regulamentado";"Sim";3;0;1;0;1;2;1;4;-20,53857207;-49,33057559;"SPRF-SP";"DEL09-SP";"UOP01-DEL09-SP"
385038;2021-09-22;"quarta-feira";"09:30:00";"PE";101;82,7;"JABOATAO DOS GUARARAPES";"Condutor deixou de manter distância do veículo da frente";"Colisão traseira";"Sem Vítimas";"Pleno dia";"Decrescente";"Sol";"Dupla";"Aclive";"Sim";2;0;0;0;2;0;0;2;-8,17645723;-34,94403362;"SPRF-PE";"DEL01-PE";"UOP01-DEL01-PE"
385039;2021-09-22;"quarta-feira";"10:20:00";"MS";163;403;"NOVA ALVORADA DO SUL";"Condutor Dormindo";"Colisão lateral sentido oposto";"Com Vítimas Feridas";"Pleno dia";"Crescente";"Céu Claro";"Simples";"Reta";"Não";4;0;2;0;1;3;2;5;-21,1412809238;-54,4775676993;"SPRF-MS";"DEL02-MS";"UOP01-DEL02-MS"
385042;2021-09-22;"quarta-feira";"11:00:00";"PR";116;100;"SAO JOSE DOS PINHAIS";"Transitar no acostamento";"Engavetamento";"Sem Vítimas";"Pleno dia";"Crescente";"Nublado";"Dupla";"Reta";"Não";4;0;0;0;3;3;0;6;-25,56549734;-49,16415364;"SPRF-PR";"DEL01-PR";"UOP01-DEL01-PR"
385043;2021-09-22;"quarta-feira";"06:40:00";"SC";153;12,3;"AGUA DOCE";"Transitar na contramão";"Colisão frontal";"Com Vítimas Fatais";"Pleno dia";"Crescente";"Céu Claro";"Simples";"Reta";"Não";7;4;0;0;1;2;0;4;-26,6910162;-51,567317;"SPRF-SC";"DEL07-SC";"UOP05-DEL07-SC"
385044;2021-09-22;"quarta-feira";"11:15:00";"PR";116;5,7;"CAMPINA GRANDE DO SUL";"Pista Escorregadia";"Colisão com objeto";"Com Vítimas Feridas";"Pleno dia";"Decrescente";"Chuva";"Dupla";"Curva";"Não";2;0;1;0;0;1;1;2;-25,08301297;-48,59994703;"SPRF-PR";"DEL01-PR";"UOP02-DEL01-PR"
385045;2021-09-22;"quarta-feira";"12:10:00";"GO";60;180;"ABADIA DE GOIAS";"Condutor Dormindo";"Colisão traseira";"Com Vítimas Feridas";"Pleno dia";"Crescente";"Céu Claro";"Dupla";"Aclive";"Não";3;0;2;0;1;0;2;2;-16,781977;-49,49185;"SPRF-GO";"DEL01-GO";"UOP02-DEL01-GO"
385046;2021-09-22;"quarta-feira";"11:30:00";"PR";116;47;"CAMPINA GRANDE DO SUL";"Avarias e/ou desgaste excessivo no pneu";"Tombamento";"Com Vítimas Feridas";"Pleno dia";"Decrescente";"Nublado";"Dupla";"Curva";"Não";6;0;3;0;0;3;3;3;-25,21058799;-48,89720903;"SPRF-PR";"DEL01-PR";"UOP02-DEL01-PR"
385049;2021-04-16;"sexta-feira";"05:30:00";"MG";381;237;"BELO ORIENTE";"Demais falhas mecânicas ou elétricas";"Saída de leito carroçável";"Com Vítimas Feridas";"Amanhecer";"Decrescente";"Céu Claro";"Simples";"Curva";"Não";2;0;0;1;0;1;1;2;-19,38028311;-42,46148594;"SPRF-MG";"DEL06-MG";"UOP01-DEL06-MG"
385052;2021-09-22;"quarta-feira";"11:40:00";"RO";364;240,3;"CACOAL";"Velocidade Incompatível";"Colisão transversal";"Com Vítimas Fatais";"Pleno dia";"Crescente";"Sol";"Simples";"Reta;Interseção de Vias";"Sim";2;1;0;0;1;0;0;2;-11,437473;-61,473801;"SPRF-RO";"DEL02-RO";"UOP02-DEL02-RO"
385054;2021-09-22;"quarta-feira";"11:10:00";"AL";104;93,5;"RIO LARGO";"Condutor deixou de manter distância do veículo da frente";"Colisão traseira";"Com Vítimas Feridas";"Pleno dia";"Crescente";"Céu Claro";"Dupla";"Reta";"Sim";3;0;0;1;2;0;1;3;-9,52891696;-35,79807693;"SPRF-AL";"DEL01-AL";"UOP01-DEL01-AL"
385066;2021-09-22;"quarta-feira";"14:00:00";"PR";277;1,5;"PARANAGUA";"Acessar a via sem observar a presença dos outros veículos";"Colisão transversal";"Com Vítimas Feridas";"Pleno dia";"Crescente";"Céu Claro";"Simples";"Reta";"Sim";3;0;1;0;1;1;1;3;-25,51313663;-48,53473306;"SPRF-PR";"DEL01-PR";"UOP05-DEL01-PR"
385067;2021-06-24;"quinta-feira";"04:25:00";"PR";277;651,4;"MATELANDIA";"Condutor deixou de manter distância do veículo da frente";"Colisão traseira";"Sem Vítimas";"Plena Noite";"Decrescente";"Céu Claro";"Simples";"Reta";"Sim";3;0;0;0;1;2;0;3;-25,1974441;-53,94341989;"SPRF-PR";"DEL05-PR";"UOP02-DEL05-PR"
385073;2021-09-22;"quarta-feira";"14:05:00";"MG";40;584,9;"ITABIRITO";"Conversão proibida";"Colisão transversal";"Com Vítimas Fatais";"Pleno dia";"Crescente";"Céu Claro";"Simples";"Reta;Interseção de Vias";"Não";3;1;0;1;1;0;1;2;-20,32543595;-43,92760693;"SPRF-MG";"DEL01-MG";"UOP02-DEL01-MG"
385074;2021-09-22;"quarta-feira";"08:40:00";"BA";116;588;"NOVA ITARANA";"Manobra de mudança de faixa";"Colisão frontal";"Com Vítimas Feridas";"Pleno dia";"Crescente";"Céu Claro";"Simples";"Curva";"Não";3;0;2;0;0;13;2;15;-13,12433084;-39,99106463;"SPRF-BA";"DEL03-BA";"UOP02-DEL03-BA"