"id";"data_inversa";"dia_semana";"horario";"uf";"br";"km";"municipio";"causa_acidente";"tipo_acidente";"classificacao_acidente";"fase_dia";"sentido_via";"condicao_metereologica";"tipo_pista";"tracado_via";"uso_solo";"pessoas";"mortos";"feridos_leves";"feridos_graves";"ilesos";"ignorados";"feridos";"veiculos";"latitude";"longitude";"regional";"delegacia";"uop"
385075;2021-09-22;"quarta-feira";"13:00:00";"PR";376;441,3;"TIBAGI";"Velocidade Incompatível";"Tombamento";"Com Vítimas Feridas";"Pleno dia";"Crescente";"Céu Claro";"Simples";"Viaduto";"Não";2;0;1;0;0;3;1;4;-24,86560694;-50,44632287;"SPRF-PR";"DEL03-PR";"UOP02-DEL03-PR"
385076;2021-09-22;"quarta-feira";"14:00:00";"SC";282;5,3;"SAO JOSE";"Trafegar com motocicleta (ou similar) entre as faixas";"Colisão lateral mesmo sentido";"Com Vítimas Feridas";"Pleno dia";"Crescente";"Sol";"Dupla";"Reta";"Sim";3;0;1;0;2;0;1;3;-27,58732944;-48,614856;"SPRF-SC";"DEL01-SC";"UOP01-DEL01-SC"
385081;2021-09-22;"quarta-feira";"10:30:00";"BA";324;418;"RIACHAO DO JACUIPE";"Acessar a via sem observar a presença dos outros veículos";"Colisão lateral mesmo sentido";"Com Vítimas Fatais";"Pleno dia";"Crescente";"Céu Claro";"Simples";"Reta";"Não";2;1;0;0;1;0;0;2;-11,69434774;-39,53730176;"SPRF-BA";"DEL04-BA";"UOP02-DEL04-BA"
385082;2021-09-22;"quarta-feira";"14:58:00";"CE";116;72,7;"CHOROZINHO";"Condutor usando celular";"Colisão lateral sentido oposto";"Com Vítimas Feridas";"Pleno dia";"Decrescente";"Céu Claro";"Simples";"Reta";"Sim";3;0;1;0;1;3;1;5;-4,34077493;-38,47381076;"SPRF-CE";"DEL03-CE";"UOP02-DEL03-CE"
385089;2021-09-22;"quarta-feira";"13:20:00";"PI";316;52,2;"LAGOA DO PIAUI";"Acessar a via sem observar a presença dos outros veículos";"Colisão transversal";"Com Vítimas Feridas";"Pleno dia";"Crescente";"Céu Claro";"Simples";"Interseção de Vias";"Não";4;0;0;2;2;0;2;2;-5,51894213;-42,63999939;"SPRF-PI";"DEL01-PI";"UOP02-DEL01-PI"
385091;2021-09-22;"quarta-feira";"16:20:00";"PE";428;90;"PETROLINA";"Ausência de reação do condutor";"Colisão lateral sentido oposto";"Sem Vítimas";"Pleno dia";"Crescente";"Céu Claro";"Simples";"Reta";"Não";2;0;0;0;1;1;0;2;-9,093917;-40,654392;"SPRF-PE";"DEL06-PE";"UOP03-DEL06-PE"
385092;2021-09-22;"quarta-feira";"16:30:00";"RJ";116;135,7;"MAGE";"Entrada inopinada do pedestre";"Atropelamento de Pedestre";"Com Vítimas Fatais";"Pleno dia";"Decrescente";"Nublado";"Dupla";"Reta";"Sim";2;1;0;0;1;0;0;2;-22,65225773;-43,16309893;"SPRF-RJ";"DEL04-RJ";"UOP02-DEL04-RJ"
385095;2021-09-22;"quarta-feira";"05:30:00";"PE";316;330;"FLORESTA";"Condutor Dormindo";"Tombamento";"Sem Vítimas";"Pleno dia";"Crescente";"Céu Claro";"Simples";"Reta";"Não";2;0;0;0;1;3;0;4;-8,74635417;-38,40938209;"SPRF-PE";"DEL04-PE";"UOP01-DEL04-PE"
385097;2021-09-18;"sábado";"15:30:00";"MT";364;210;"RONDONOPOLIS";"Ingestão de álcool pelo condutor";"Saída de leito carroçável";"Sem Vítimas";"Pleno dia";"Crescente";"Céu Claro";"Dupla";"Curva";"Não";2;0;0;0;1;1;0;2;-16,4229595;-54,70116159;"SPRF-MT";"DEL02-MT";"UOP01-DEL02-MT"
385099;2021-09-22;"quarta-feira";"13:10:00";"RS";290;234,5;"RIO PARDO";"Demais falhas mecânicas ou elétricas";"Derramamento de carga";"Sem Vítimas";"Pleno dia";"Decrescente";"Céu Claro";"Simples";"Reta";"Não";2;0;0;0;1;1;0;2;-30,21489;-52,561035;"SPRF-RS";"DEL02-RS";"UOP03-DEL02-RS"
385115;2021-09-22;"quarta-feira";"17:00:00";"PR";376;595;"CURITIBA";"Manobra de mudança de faixa";"Colisão lateral mesmo sentido";"Com Vítimas Feridas";"Pleno dia";"Crescente";"Céu Claro";"Dupla";"Reta;Declive";"Não";3;0;1;0;1;2;1;4;-25,49317991;-49,34370776;"SPRF-PR";"DEL01-PR";"UOP01-DEL01-PR"
385116;2021-09-22;"quarta-feira";"15:45:00";"PR";376;444;"TIBAGI";"Manobra de mudança de faixa";"Colisão lateral mesmo sentido";"Sem Vítimas";"Pleno dia";"Decrescente";"Céu Claro";"Dupla";"Reta";"Não";2;0;0;0;2;0;0;2;-24,88977701;-50,43486101;"SPRF-PR";"DEL03-PR";"UOP02-DEL03-PR"
385118;2021-09-22;"quarta-feira";"15:20:00";"GO";70;331;"JUSSARA";"Reação tardia ou ineficiente do condutor";"Tombamento";"Sem Vítimas";"Pleno dia";"Decrescente";"Sol";"Simples";"Reta";"Não";1;0;0;0;1;0;0;1;-15,92831768;-51,27456665;"SPRF-GO";"DEL04-GO";"UOP01-DEL04-GO"
385119;2021-09-22;"quarta-feira";"15:45:00";"GO";153;237;"SAO LUIZ DO NORTE";"Reação tardia ou ineficiente do condutor";"Saída de leito carroçável";"Com Vítimas Feridas";"Pleno dia";"Crescente";"Céu Claro";"Simples";"Ponte";"Não";3;0;0;1;0;2;1;3;-14,816566;-49,295109;"SPRF-GO";"DEL07-GO";"UOP02-DEL07-GO"
385121;2021-09-22;"quarta-feira";"19:00:00";"AL";101;157;"CAMPO ALEGRE";"Ausência de reação do condutor";"Saída de leito carroçável";"Com Vítimas Feridas";"Plena Noite";"Crescente";"Céu Claro";"Dupla";"Reta";"Não";3;0;1;0;0;2;1;3;-9,90077109;-36,21110096;"SPRF-AL";"DEL02-AL";"UOP02-DEL02-AL"
385123;2021-09-22;"quarta-feira";"17:58:00";"RO";364;514,5;"ARIQUEMES";"Acessar a via sem observar a presença dos outros veículos";"Colisão lateral mesmo sentido";"Com Vítimas Feridas";"Anoitecer";"Decrescente";"Céu Claro";"Simples";"Reta";"Sim";2;0;1;0;0;1;1;2;-9,9339840299;-63,0552295888;"SPRF-RO";"DEL03-RO";"UOP01-DEL03-RO"
385126;2021-09-22;"quarta-feira";"18:30:00";"MA";135;12;"SAO LUIS";"Acessar a via sem observar a presença dos outros veículos";"Colisão traseira";"Sem Vítimas";"Anoitecer";"Crescente";"Céu Claro";"Dupla";"Reta;Retorno Regulamentado";"Não";2;0;0;0;2;0;0;2;-2,53073;-44,3068;"SPRF-MA";"DEL01-MA";"UOP01-DEL01-MA"
385127;2021-09-22;"quarta-feira";"18:00:00";"PR";376;300,8;"MAUA DA SERRA";"Problema com o freio";"Colisão lateral mesmo sentido";"Com Vítimas Feridas";"Anoitecer";"Crescente";"Céu Claro";"Dupla";"Reta;Declive";"Não";6;0;0;2;2;3;2;6;-23,934354;-51,156032;"SPRF-PR";"DEL07-PR";"UOP02-DEL07-PR"
385130;2021-09-22;"quarta-feira";"18:45:00";"MG";262;85,3;"ABRE CAMPO";"Ultrapassagem Indevida";"Colisão frontal";"Com Vítimas Feridas";"Plena Noite";"Decrescente";"Céu Claro";"Simples";"Reta";"Não";3;0;1;0;1;1;1;3;-20,33869519;-42,42127699;"SPRF-MG";"DEL03-MG";"UOP03-DEL03-MG"
385134;2021-09-22;"quarta-feira";"20:30:00";"RS";158;96,4;"PALMEIRA DAS MISSOES";"Acessar a via sem observar a presença dos outros veículos";"Colisão transversal";"Com Vítimas Feridas";"Plena Noite";"Decrescente";"Céu Claro";"Simples";"Rotatória";"Não";3;0;1;0;1;1;1;3;-27,866431;-53,332568;"SPRF-RS";"DEL08-RS";"UOP02-DEL08-RS"
385136;2021-09-22;"quarta-feira";"19:00:00";"BA";110;317;"ALAGOINHAS";"Transitar na contramão";"Colisão frontal";"Com Vítimas Feridas";"Plena Noite";"Decrescente";"Céu Claro";"Simples";"Reta";"Não";2;0;0;1;1;0;1;2;-12,04361091;-38,36082772;"SPRF-BA";"DEL01-BA";"UOP04-DEL01-BA"
385141;2021-09-22;"quarta-feira";"18:50:00";"SP";116;470;"JACUPIRANGA";"Carga excessiva e/ou mal acondicionada";"Derramamento de carga";"Com Vítimas Feridas";"Plena Noite";"Crescente";"Céu Claro";"Dupla";"Reta";"Não";11;0;5;2;3;2;7;6;-24,65403826;-47,95945895;"SPRF-SP";"DEL05-SP";"UOP01-DEL05-SP"
385142;2021-09-22;"quarta-feira";"20:30:00";"PR";376;588,5;"CURITIBA";"Ingestão de álcool e/ou substâncias psicoativas pelo pedestre";"Atropelamento de Pedestre";"Com Vítimas Feridas";"Plena Noite";"Decrescente";"Céu Claro";"Dupla";"Reta";"Não";2;0;0;1;0;1;1;2;-25,43648386;-49,36503768;"SPRF-PR";"DEL01-PR";"UOP01-DEL01-PR"
385150;2021-09-22;"quarta-feira";"17:50:00";"MG";116;538,3;"SANTA RITA DE MINAS";"Transitar na contramão";"Colisão frontal";"Com Vítimas Feridas";"Anoitecer";"Crescente";"Ignorado";"Simples";"Curva";"Não";2;0;0;1;1;0;1;2;-19,87457783;-42,13216953;"SPRF-MG";"DEL06-MG";"UOP02-DEL06-MG"
385152;2021-09-14;"terça-feira";"13:30:00";"AL";101;247;"PORTO REAL DO COLEGIO";"Transitar na contramão";"Colisão transversal";"Com Vítimas Feridas";"Pleno dia";"Decrescente";"Nublado";"Simples";"Reta";"Não";4;0;0;1;1;2;1;4;-10,19937283;-36,82059635;"SPRF-AL";"DEL02-AL";"UOP02-DEL02-AL"
385155;2021-09-22;"quarta-feira";"22:40:00";"RJ";116;319,7;"ITATIAIA";"Condutor Dormindo";"Colisão traseira";"Com Vítimas Fatais";"Plena Noite";"Crescente";"Nublado";"Dupla";"Aclive";"Não";3;1;0;0;1;1;0;3;-22,47135783;-44,51922908;"SPRF-RJ";"DEL07-RJ";"UOP02-DEL07-RJ"
385156;2021-09-22;"quarta-feira";"22:40:00";"SP";116;200;"ARUJA";"Ausência de reação do condutor";"Atropelamento de Pedestre";"Com Vítimas Fatais";"Plena Noite";"Crescente";"Céu Claro";"Dupla";"Declive";"Não";4;1;0;0;2;1;0;4;-23,40281294;-46,3211;"SPRF-SP";"DEL01-SP";"UOP01-DEL01-SP"
385161;2021-09-22;"quarta-feira";"22:15:00";"MT";364;567;"NOBRES";"Ausência de reação do condutor";"Saída de leito carroçável";"Sem Vítimas";"Plena Noite";"Crescente";"Céu Claro";"Dupla";"Reta";"Não";1;0;0;0;0;1;0;1;-14,75243128;-56,33419077;"SPRF-MT";"DEL01-MT";"UOP01-DEL01-MT"
385163;2021-08-09;"segunda-feira";"20:30:00";"PR";116;89;"PIRAQUARA";"Objeto estático sobre o leito carroçável";"Colisão com objeto";"Com Vítimas Feridas";"Plena Noite";"Decrescente";"Céu Claro";"Dupla";"Reta;Declive";"Não";2;0;1;0;1;0;1;2;-25,45428705;-49,08817119;"SPRF-PR";"DEL01-PR";"UOP01-DEL01-PR"
385168;2021-09-23;"quinta-feira";"02:05:00";"SC";101;360;"SANGAO";"Condutor Dormindo";"Colisão traseira";"Com Vítimas Feridas";"Plena Noite";"Crescente";"Ignorado";"Dupla";"Reta";"Não";3;0;1;0;1;2;1;4;-28,65823109;-49,10991486;"SPRF-SC";"DEL02-SC";"UOP01-DEL02-SC"
385169;2021-09-23;"quinta-feira";"00:29:00";"SP";381;70;"MAIRIPORA";"Condutor Dormindo";"Tombamento";"Sem Vítimas";"Plena Noite";"Decrescente";"Ignorado";"Múltipla";"Curva";"Não";2;0;0;0;1;3;0;4;-23,34972978;-46,56070474;"SPRF-SP";"DEL03-SP";"UOP01-DEL03-SP"
385170;2021-09-23;"quinta-feira";"03:40:00";"ES";101;299,1;"VIANA";"Pedestre cruzava a pista fora da faixa";"Atropelamento de Pedestre";"Com Vítimas Fatais";"Plena Noite";"Decrescente";"Céu Claro";"Múltipla";"Curva";"Sim";2;1;0;0;0;1;0;2;-20,35860628;-40,42327504;"SPRF-ES";"DEL01-ES";"UOP01-DEL01-ES"
385171;2021-09-23;"quinta-feira";"03:40:00";"SC";101;206,2;"SAO JOSE";"Condutor deixou de manter distância do veículo da frente";"Colisão traseira";"Sem Vítimas";"Plena Noite";"Decrescente";"Nublado";"Múltipla";"Reta";"Sim";2;0;0;0;0;2;0;2;-27,59189368;-48,61812294;"SPRF-SC";"DEL01-SC";"UOP01-DEL01-SC"
385172;2021-01-19;"terça-feira";"11:00:00";"BA";101;541;"SAO JOSE DA VITORIA";"Condutor deixou de manter distância do veículo da frente";"Colisão traseira";"Com Vítimas Feridas";"Pleno dia";"Crescente";"Céu Claro";"Simples";"Reta";"Sim";3;0;1;0;2;0;1;2;-15,07212355;-39,33242798;"SPRF-BA";"DEL05-BA";"UOP01-DEL05-BA"
385173;2021-09-23;"quinta-feira";"05:22:00";"RS";386;343,1;"LAJEADO";"Acessar a via sem observar a presença dos outros veículos";"Colisão transversal";"Com Vítimas Feridas";"Plena Noite";"Decrescente";"Céu Claro";"Simples";"Reta";"Não";2;0;1;0;1;0;1;2;-29,43515655;-52,0003885;"SPRF-RS";"DEL04-RS";"UOP01-DEL04-RS"
385174;2021-09-23;"quinta-feira";"03:40:00";"GO";20;40;"FORMOSA";"Condutor Dormindo";"Colisão frontal";"Com Vítimas Fatais";"Plena Noite";"Decrescente";"Céu Claro";"Simples";"Reta";"Não";5;2;1;2;0;0;3;2;-15,41031;-47,099354;"SPRF-DF";"DEL02-DF";"UOP01-DEL02-DF"
385175;2021-09-23;"quinta-feira";"05:40:00";"PB";101;73,4;"SANTA RITA";"Condutor Dormindo";"Saída de leito carroçável";"Com Vítimas Feridas";"Amanhecer";"Crescente";"Céu Claro";"Dupla";"Reta";"Não";2;0;1;0;1;0;1;1;-7,07828212;-34,98823508;"SPRF-PB";"DEL01-PB";"UOP04-DEL01-PB"
385179;2021-09-23;"quinta-feira";"06:30:00";"MG";381;686,5;"LAVRAS";"Velocidade Incompatível";"Colisão com objeto";"Com Vítimas Feridas";"Pleno dia";"Decrescente";"Sol";"Dupla";"Curva";"Não";5;0;1;1;2;3;2;7;-21,20030689;-45,11944438;"SPRF-MG";"DEL04-MG";"UOP02-DEL04-MG"
385181;2021-08-19;"quinta-feira";"07:00:00";"RO";364;517;"ARIQUEMES";"Estacionar ou parar em local proibido";"Colisão traseira";"Com Vítimas Feridas";"Pleno dia";"Decrescente";"Céu Claro";"Dupla";"Reta";"Sim";4;0;1;1;1;1;2;4;-9,90688101;-63,05581217;"SPRF-RO";"DEL03-RO";"UOP01-DEL03-RO"
385186;2021-09-22;"quarta-feira";"23:05:00";"SC";280;236,9;"CANOINHAS";"Ingestão de álcool pelo condutor";"Colisão frontal";"Com Vítimas Feridas";"Plena Noite";"Decrescente";"Céu Claro";"Simples";"Reta;Em Obras";"Não";2;0;2;0;0;0;2;2;-26,19655176;-50,42861938;"SPRF-SC";"DEL06-SC";"UOP04-DEL06-SC"
385187;2021-09-23;"quinta-feira";"06:45:00";"MG";381;483;"BETIM";"Ausência de reação do condutor";"Colisão traseira";"Com Vítimas Feridas";"Pleno dia";"Decrescente";"Sol";"Dupla";"Reta";"Sim";2;0;1;0;1;0;1;2;-19,95594491;-44,10721699;"SPRF-MG";"DEL01-MG";"UOP03-DEL01-MG"
385188;2021-09-23;"quinta-feira";"06:45:00";"MA";316;553,4;"CAXIAS";"Ultrapassagem Indevida";"Colisão lateral mesmo sentido";"Com Vítimas Feridas";"Pleno dia";"Decrescente";"Céu Claro";"Dupla";"Rotatória";"Sim";3;0;0;1;1;1;1;3;-4,877648;-43,338158;"SPRF-MA";"DEL03-MA";"UOP02-DEL03-MA"
385189;2021-09-23;"quinta-feira";"07:00:00";"RJ";116;248;"PIRAI";"Condutor deixou de manter distância do veículo da frente";"Colisão traseira";"Com Vítimas Feridas";"Pleno dia";"Decrescente";"Céu Claro";"Dupla";"Reta";"Não";3;0;0;1;1;2;1;4;-22,59976123;-43,94042912;"SPRF-RJ";"DEL07-RJ";"UOP01-DEL07-RJ"
385193;2021-09-11;"sábado";"12:45:00";"PR";116;103;"SAO JOSE DOS PINHAIS";"Acessar a via sem observar a presença dos outros veículos";"Colisão traseira";"Com Vítimas Feridas";"Pleno dia";"Crescente";"Nublado";"Dupla";"Interseção de Vias";"Não";2;0;1;0;1;0;1;2;-25,57141584;-49,19488907;"SPRF-PR";"DEL01-PR";"UOP01-DEL01-PR"
385200;2021-08-11;"quarta-feira";"07:17:00";"RO";364;19,6;"VILHENA";"Reação tardia ou ineficiente do condutor";"Colisão traseira";"Sem Vítimas";"Pleno dia";"Decrescente";"Céu Claro";"Simples";"Reta";"Não";2;0;0;0;2;0;0;2;-12,72739955;-60,18370888;"SPRF-RO";"DEL04-RO";"UOP01-DEL04-RO"
385206;2021-09-23;"quinta-feira";"07:40:00";"BA";116;338;"TEOFILANDIA";"Ultrapassagem Indevida";"Colisão lateral sentido oposto";"Sem Vítimas";"Pleno dia";"Decrescente";"Céu Claro";"Simples";"Reta";"Não";3;0;0;0;2;1;0;3;-11,48453704;-38,99714283;"SPRF-BA";"DEL02-BA";"UOP01-DEL02-BA"
385215;2021-09-23;"quinta-feira";"08:15:00";"MG";381;681,7;"PERDOES";"Velocidade Incompatível";"Engavetamento";"Com Vítimas Feridas";"Pleno dia";"Crescente";"Céu Claro";"Dupla";"Reta";"Não";6;0;1;1;3;3;2;8;-21,14233516;-45,10648946;"SPRF-MG";"DEL04-MG";"UOP02-DEL04-MG"
385217;2021-09-23;"quinta-feira";"07:35:00";"SP";381;33;"ATIBAIA";"Ausência de reação do condutor";"Colisão transversal";"Sem Vítimas";"Pleno dia";"Decrescente";"Céu Claro";"Dupla";"Reta";"Não";2;0;0;0;1;1;0;2;-23,0728028;-46,56673562;"SPRF-SP";"DEL03-SP";"UOP01-DEL03-SP"
385218;2021-09-23;"quinta-feira";"10:50:00";"RS";386;443;"CANOAS";"Desrespeitar a preferência no cruzamento";"Colisão transversal";"Sem Vítimas";"Pleno dia";"Crescente";"Nublado";"Dupla";"Retorno Regulamentado";"Não";2;0;0;0;2;0;0;2;-29,889194;-51,213398;"SPRF-RS";"DEL01-RS";"UOP01-DEL01-RS"
385220;2021-09-23;"quinta-feira";"11:10:00";"SC";101;211,1;"PALHOCA";"Acesso irregular";"Colisão lateral mesmo sentido";"Com Vítimas Feridas";"Pleno dia";"Decrescente";"Nublado";"Múltipla";"Em Obras";"Sim";4;0;0;1;1;2;1;4;-27,62329313;-48,65245588;"SPRF-SC";"DEL01-SC";"UOP02-DEL01-SC"
385223;2021-09-23;"quinta-feira";"04:00:00";"BA";116;187;"CANUDOS";"Problema com o freio";"Tombamento";"Com Vítimas Feridas";"Plena Noite";"Decrescente";"Céu Claro";"Simples";"Reta";"Não";2;0;1;0;0;1;1;2;-10,27984202;-39,07509707;"SPRF-BA";"DEL07-BA";"UOP02-DEL07-BA"
385226;2021-09-23;"quinta-feira";"12:00:00";"MG";40;467;"SETE LAGOAS";"Velocidade Incompatível";"Colisão traseira";"Com Vítimas Feridas";"Pleno dia";"Decrescente";"Céu Claro";"Dupla";"Declive";"Não";2;0;1;0;1;0;1;2;-19,45038924;-44,3166822;"SPRF-MG";"DEL02-MG";"UOP01-DEL02-MG"
385232;2021-09-23;"quinta-feira";"12:00:00";"MG";354;721,4;"POUSO ALTO";"Frear bruscamente";"Colisão lateral sentido oposto";"Com Vítimas Feridas";"Pleno dia";"Crescente";"Céu Claro";"Simples";"Reta";"Não";3;0;1;0;1;1;1;3;-22,09798109;-44,95521278;"SPRF-MG";"DEL17-MG";"UOP01-DEL17-MG"
385233;2021-09-23;"quinta-feira";"12:12:00";"PR";277;604,8;"SANTA TEREZA DO OESTE";"Transitar na contramão";"Colisão frontal";"Com Vítimas Fatais";"Pleno dia";"Decrescente";"Céu Claro";"Simples";"Reta";"Não";7;1;1;2;1;4;3;8;-25,02905699;-53,569607;"SPRF-PR";"DEL05-PR";"UOP02-DEL05-PR"
385236;2021-08-26;"quinta-feira";"19:40:00";"PR";476;149,8;"ARAUCARIA";"Manobra de mudança de faixa";"Saída de leito carroçável";"Com Vítimas Feridas";"Plena Noite";"Decrescente";"Céu Claro";"Dupla";"Reta";"Sim";4;0;1;1;1;1;2;3;-25,557926;-49,358585;"SPRF-PR";"DEL01-PR";"UOP03-DEL01-PR"
385239;2021-01-11;"segunda-feira";"07:15:00";"MG";251;472,9;"FRANCISCO SA";"Velocidade Incompatível";"Colisão frontal";"Com Vítimas Feridas";"Amanhecer";"Decrescente";"Chuva";"Simples";"Curva";"Não";6;0;4;0;1;1;4;3;-16,4669101;-43,43947986;"SPRF-MG";"DEL12-MG";"UOP01-DEL12-MG"
385243;2021-09-23;"quinta-feira";"14:15:00";"PE";101;65,4;"RECIFE";"Ausência de reação do condutor";"Colisão traseira";"Com Vítimas Feridas";"Pleno dia";"Crescente";"Sol";"Múltipla";"Reta";"Sim";2;0;1;0;1;0;1;2;-8,02478597;-34,94276635;"SPRF-PE";"DEL01-PE";"UOP01-DEL01-PE"
385245;2021-09-23;"quinta-feira";"14:40:00";"ES";262;46,3;"MARECHAL FLORIANO";"Reação tardia ou ineficiente do condutor";"Colisão lateral mesmo sentido";"Com Vítimas Feridas";"Pleno dia";"Decrescente";"Céu Claro";"Simples";"Retorno Regulamentado";"Sim";5;0;1;0;1;3;1;4;-20,40565705;-40,67280081;"SPRF-ES";"DEL01-ES";"UOP01-DEL01-ES"
385247;2021-09-07;"terça-feira";"09:40:00";"PA";153;106;"SAO GERALDO DO ARAGUAIA";"Manobra de mudança de faixa";"Colisão frontal";"Com Vítimas Feridas";"Pleno dia";"Crescente";"Nublado";"Simples";"Reta";"Não";7;0;2;3;1;2;5;4;-6,02736;-48,629776;"SPRF-PA";"DEL03-PA";"UOP01-DEL03-PA"
385249;2021-09-23;"quinta-feira";"12:40:00";"RO";364;515;"ARIQUEMES";"Retorno proibido";"Colisão transversal";"Com Vítimas Feridas";"Pleno dia";"Crescente";"Nublado";"Múltipla";"Reta";"Sim";6;0;1;0;4;2;1;4;-9,92497302;-63,05491046;"SPRF-RO";"DEL03-RO";"UOP01-DEL03-RO"
385250;2021-09-23;"quinta-feira";"12:15:00";"RO";364;429;"JARU";"Ausência de reação do condutor";"Tombamento";"Com Vítimas Feridas";"Pleno dia";"Decrescente";"Céu Claro";"Simples";"Curva";"Não";7;0;2;0;0;5;2;3;-10,41628317;-62,5026501;"SPRF-RO";"DEL03-RO";"UOP02-DEL03-RO"
385261;2021-09-23;"quinta-feira";"16:20:00";"PR";369;185,1;"ARAPONGAS";"Acesso irregular";"Colisão transversal";"Com Vítimas Feridas";"Pleno dia";"Decrescente";"Céu Claro";"Simples";"Reta";"Sim";2;0;1;0;1;0;1;2;-23,408706;-51,427795;"SPRF-PR";"DEL07-PR";"UOP02-DEL07-PR"
385264;2021-09-23;"quinta-feira";"10:30:00";"MT";70;94,5;"GENERAL CARNEIRO";"Velocidade Incompatível";"Tombamento";"Com Vítimas Feridas";"Pleno dia";"Decrescente";"Céu Claro";"Simples";"Reta";"Não";2;0;1;0;1;0;1;1;-15,57393657;-52,89453804;"SPRF-MT";"DEL07-MT";"UOP01-DEL07-MT"
385267;2021-06-20;"domingo";"07:30:00";"BA";110;105;"ANTAS";"Condutor deixou de manter distância do veículo da frente";"Colisão traseira";"Com Vítimas Feridas";"Pleno dia";"Decrescente";"Céu Claro";"Simples";"Reta";"Não";4;0;1;1;2;0;2;3;-10,33996991;-38,32193412;"SPRF-BA";"DEL07-BA";"UOP01-DEL07-BA"
385280;2021-09-23;"quinta-feira";"17:20:00";"SC";101;211,4;"PALHOCA";"Manobra de mudança de faixa";"Colisão com objeto";"Com Vítimas Fatais";"Pleno dia";"Decrescente";"Nublado";"Dupla";"Desvio Temporário";"Sim";5;2;0;0;1;2;0;4;-27,6263174;-48,6551893;"SPRF-SC";"DEL01-SC";"UOP02-DEL01-SC"
385282;2021-09-23;"quinta-feira";"19:00:00";"MT";158;490,8;"CANARANA";"Condutor Dormindo";"Colisão lateral sentido oposto";"Com Vítimas Feridas";"Plena Noite";"Crescente";"Céu Claro";"Simples";"Reta";"Não";4;0;2;0;1;1;2;3;-13,41148297;-51,94613766;"SPRF-MT";"DEL07-MT";"UOP02-DEL07-MT"
385288;2021-09-23;"quinta-feira";"19:20:00";"BA";20;204;"LUIS EDUARDO MAGALHAES";"Acostamento em desnível";"Saída de leito carroçável";"Com Vítimas Feridas";"Plena Noite";"Crescente";"Céu Claro";"Simples";"Reta";"Não";3;0;2;0;0;1;2;2;-12,15296075;-45,81877297;"SPRF-BA";"DEL10-BA";"UOP01-DEL10-BA"
385289;2021-09-23;"quinta-feira";"16:45:00";"SC";282;317,4;"VARGEM";"Acessar a via sem observar a presença dos outros veículos";"Colisão transversal";"Com Vítimas Feridas";"Pleno dia";"Crescente";"Céu Claro";"Simples";"Curva";"Não";3;0;1;0;2;0;1;2;-27,436216;-51,019936;"SPRF-SC";"DEL07-SC";"UOP06-DEL07-SC"
385291;2021-09-23;"quinta-feira";"19:00:00";"ES";101;389,6;"RIO NOVO DO SUL";"Estacionar ou parar em local proibido";"Colisão lateral mesmo sentido";"Com Vítimas Feridas";"Plena Noite";"Crescente";"Céu Claro";"Simples";"Curva";"Não";7;0;0;2;4;2;2;7;-20,86208093;-40,88062015;"SPRF-ES";"DEL03-ES";"UOP02-DEL03-ES"
385294;2021-09-23;"quinta-feira";"16:30:00";"SC";101;115,3;"ITAJAI";"Acessar a via sem observar a presença dos outros veículos";"Colisão traseira";"Sem Vítimas";"Pleno dia";"Decrescente";"Sol";"Dupla";"Interseção de Vias";"Não";2;0;0;0;2;0;0;2;-26,87064015;-48,72954134;"SPRF-SC";"DEL04-SC";"UOP04-DEL04-SC"
385302;2021-09-23;"quinta-feira";"19:45:00";"MG";116;700,6;"MURIAE";"Acessar a via sem observar a presença dos outros veículos";"Colisão transversal";"Com Vítimas Feridas";"Plena Noite";"Decrescente";"Céu Claro";"Simples";"Reta";"Não";2;0;1;0;1;0;1;2;-21,10258681;-42,37840131;"SPRF-MG";"DEL07-MG";"UOP02-DEL07-MG"
385303;2021-09-23;"quinta-feira";"14:45:00";"RJ";101;261;"RIO BONITO";"Ausência de reação do condutor";"Tombamento";"Com Vítimas Feridas";"Pleno dia";"Crescente";"Céu Claro";"Dupla";"Curva";"Sim";3;0;1;0;1;1;1;3;-22,71139378;-42,61157199;"SPRF-RJ";"DEL02-RJ";"UOP03-DEL02-RJ"
385308;2021-09-23;"quinta-feira";"18:45:00";"RN";304;191;"LAJES";"Acessar a via sem observar a presença dos outros veículos";"Colisão transversal";"Com Vítimas Feridas";"Plena Noite";"Crescente";"Céu Claro";"Simples";"Reta";"Sim";2;0;0;1;1;0;1;2;-5,70546476;-36,24252699;"SPRF-RN";"DEL01-RN";"UOP03-DEL01-RN"
385310;2021-09-23;"quinta-feira";"15:10:00";"SC";116;235;"CORREIA PINTO";"Velocidade Incompatível";"Colisão lateral sentido oposto";"Com Vítimas Feridas";"Pleno dia";"Decrescente";"Céu Claro";"Simples";"Curva";"Não";2;0;1;0;1;0;1;2;-27,711685;-50,33625903;"SPRF-SC";"DEL05-SC";"UOP01-DEL05-SC"