"id";"data_inversa";"dia_semana";"horario";"uf";"br";"km";"municipio";"causa_acidente";"tipo_acidente";"classificacao_acidente";"fase_dia";"sentido_via";"condicao_metereologica";"tipo_pista";"tracado_via";"uso_solo";"pessoas";"mortos";"feridos_leves";"feridos_graves";"ilesos";"ignorados";"feridos";"veiculos";"latitude";"longitude";"regional";"delegacia";"uop"
385672;2021-09-25;"sábado";"14:25:00";"PR";116;97;"SAO JOSE DOS PINHAIS";"Acessar a via sem observar a presença dos outros veículos";"Colisão lateral mesmo sentido";"Com Vítimas Feridas";"Pleno dia";"Crescente";"Céu Claro";"Dupla";"Interseção de Vias";"Sim";3;0;0;1;1;1;1;3;-25,51232495;-49,12871007;"SPRF-PR";"DEL01-PR";"UOP01-DEL01-PR"
385678;2021-09-25;"sábado";"14:50:00";"MA";10;252,2;"IMPERATRIZ";"Entrada inopinada do pedestre";"Atropelamento de Pedestre";"Com Vítimas Fatais";"Pleno dia";"Decrescente";"Céu Claro";"Simples";"Reta";"Sim";4;1;0;1;1;1;1;3;-5,529051;-47,471495;"SPRF-MA";"DEL04-MA";"UOP01-DEL04-MA"
385687;2021-09-25;"sábado";"15:00:00";"PR";376;673,9;"GUARATUBA";"Problema com o freio";"Saída de leito carroçável";"Sem Vítimas";"Pleno dia";"Crescente";"Nublado";"Simples";"Declive;Reta";"Não";4;0;0;0;3;1;0;2;-25,90092097;-48,92572096;"SPRF-PR";"DEL01-PR";"UOP04-DEL01-PR"
385694;2021-09-25;"sábado";"16:55:00";"PR";376;588;"CURITIBA";"Manobra de mudança de faixa";"Colisão lateral mesmo sentido";"Com Vítimas Feridas";"Pleno dia";"Decrescente";"Nublado";"Dupla";"Reta";"Sim";4;0;1;0;2;1;1;3;-25,43381713;-49,36546121;"SPRF-PR";"DEL01-PR";"UOP01-DEL01-PR"
385695;2021-09-25;"sábado";"16:20:00";"SC";101;38,8;"JOINVILLE";"Estacionar ou parar em local proibido";"Colisão traseira";"Com Vítimas Feridas";"Pleno dia";"Decrescente";"Céu Claro";"Dupla";"Reta";"Sim";3;0;1;0;1;1;1;3;-26,25472505;-48,90561309;"SPRF-SC";"DEL03-SC";"UOP01-DEL03-SC"
385697;2021-09-25;"sábado";"11:20:00";"BA";116;757;"POCOES";"Ausência de reação do condutor";"Colisão traseira";"Com Vítimas Feridas";"Pleno dia";"Crescente";"Céu Claro";"Simples";"Reta";"Sim";2;0;1;0;1;0;1;2;-14,47565506;-40,33469583;"SPRF-BA";"DEL08-BA";"UOP02-DEL08-BA"
385699;2021-09-25;"sábado";"16:40:00";"ES";482;50,5;"CACHOEIRO DE ITAPEMIRIM";"Transitar na contramão";"Colisão lateral sentido oposto";"Com Vítimas Feridas";"Anoitecer";"Crescente";"Céu Claro";"Simples";"Curva";"Não";2;0;0;1;1;0;1;2;-20,770369;-41,280642;"SPRF-ES";"DEL03-ES";"UOP02-DEL03-ES"
385723;2021-09-25;"sábado";"16:10:00";"RS";471;150,3;"SANTA CRUZ DO SUL";"Desrespeitar a preferência no cruzamento";"Colisão transversal";"Sem Vítimas";"Pleno dia";"Decrescente";"Céu Claro";"Simples";"Interseção de Vias";"Sim";4;0;0;0;3;2;0;4;-29,77918463;-52,41569638;"SPRF-RS";"DEL02-RS";"UOP03-DEL02-RS"
385730;2021-09-25;"sábado";"18:50:00";"MG";262;478,9;"BOM DESPACHO";"Conversão proibida";"Colisão lateral sentido oposto";"Com Vítimas Feridas";"Plena Noite";"Crescente";"Chuva";"Simples";"Reta";"Sim";7;0;3;2;1;2;5;4;-19,78767779;-45,22989387;"SPRF-MG";"DEL08-MG";"UOP03-DEL08-MG"
385738;2021-09-25;"sábado";"20:30:00";"PB";230;45;"SANTA RITA";"Demais falhas mecânicas ou elétricas";"Tombamento";"Sem Vítimas";"Plena Noite";"Crescente";"Garoa/Chuvisco";"Dupla";"Retorno Regulamentado";"Não";2;0;0;0;0;2;0;2;-7,1583;-35,0176;"SPRF-PB";"DEL01-PB";"UOP03-DEL01-PB"
385740;2021-09-25;"sábado";"19:50:00";"RJ";101;83;"CAMPOS DOS GOYTACAZES";"Velocidade Incompatível";"Tombamento";"Com Vítimas Feridas";"Plena Noite";"Decrescente";"Céu Claro";"Simples";"Reta";"Não";2;0;1;0;0;1;1;2;-21,82198875;-41,46111095;"SPRF-RJ";"DEL08-RJ";"UOP02-DEL08-RJ"
385742;2021-07-28;"quarta-feira";"15:50:00";"ES";101;176,2;"LINHARES";"Reação tardia ou ineficiente do condutor";"Colisão traseira";"Com Vítimas Feridas";"Pleno dia";"Crescente";"Sol";"Simples";"Reta";"Sim";4;0;1;0;2;1;1;3;-19,59523801;-40,19835299;"SPRF-ES";"DEL04-ES";"UOP01-DEL04-ES"
385743;2021-09-25;"sábado";"21:10:00";"PA";163;960;"BELTERRA";"Condutor deixou de manter distância do veículo da frente";"Colisão traseira";"Com Vítimas Feridas";"Plena Noite";"Crescente";"Céu Claro";"Simples";"Reta";"Não";4;0;2;0;1;1;2;3;-2,71293896;-54,9001872;"SPRF-PA";"DEL05-PA";"UOP01-DEL05-PA"
385747;2021-09-25;"sábado";"21:40:00";"CE";222;115;"ITAPAJE";"Velocidade Incompatível";"Tombamento";"Com Vítimas Feridas";"Plena Noite";"Crescente";"Céu Claro";"Simples";"Curva";"Não";2;0;1;0;0;1;1;1;-3,74504732;-39,53630708;"SPRF-CE";"DEL04-CE";"UOP03-DEL04-CE"
385761;2021-09-26;"domingo";"00:15:00";"MG";251;473;"FRANCISCO SA";"Ausência de reação do condutor";"Tombamento";"Com Vítimas Fatais";"Plena Noite";"Crescente";"Céu Claro";"Simples";"Curva;Declive";"Não";1;1;0;0;0;0;0;1;-16,47012768;-43,44753404;"SPRF-MG";"DEL12-MG";"UOP01-DEL12-MG"
385764;2021-09-25;"sábado";"14:50:00";"MG";251;229;"SANTA CRUZ DE SALINAS";"Ausência de reação do condutor";"Saída de leito carroçável";"Com Vítimas Feridas";"Plena Noite";"Decrescente";"Céu Claro";"Simples";"Curva;Declive";"Não";2;0;1;0;0;1;1;2;-15,95947083;-41,69835824;"SPRF-MG";"DEL11-MG";"UOP02-DEL11-MG"
385768;2021-09-26;"domingo";"01:55:00";"PR";376;616,5;"SAO JOSE DOS PINHAIS";"Reação tardia ou ineficiente do condutor";"Colisão traseira";"Com Vítimas Fatais";"Plena Noite";"Crescente";"Nublado";"Dupla";"Reta";"Sim";3;1;0;0;0;2;0;3;-25,57583659;-49,17953679;"SPRF-PR";"DEL01-PR";"UOP04-DEL01-PR"
385776;2021-09-26;"domingo";"01:05:00";"ES";101;392,7;"RIO NOVO DO SUL";"Transitar na contramão";"Colisão frontal";"Com Vítimas Feridas";"Plena Noite";"Crescente";"Céu Claro";"Simples";"Reta";"Não";3;0;1;0;1;1;1;3;-20,86733567;-40,90426608;"SPRF-ES";"DEL03-ES";"UOP02-DEL03-ES"
385779;2021-09-26;"domingo";"01:30:00";"MG";50;147;"UBERABA";"Ausência de reação do condutor";"Tombamento";"Com Vítimas Feridas";"Plena Noite";"Decrescente";"Céu Claro";"Dupla";"Reta";"Não";1;0;1;0;0;0;1;1;-19,53778804;-48,03695932;"SPRF-MG";"DEL13-MG";"UOP01-DEL13-MG"
385784;2021-09-26;"domingo";"03:00:00";"SP";116;78,3;"ROSEIRA";"Manobra de mudança de faixa";"Colisão lateral mesmo sentido";"Com Vítimas Feridas";"Plena Noite";"Decrescente";"Céu Claro";"Dupla";"Reta";"Não";4;0;1;0;2;2;1;4;-22,88893407;-45,28690695;"SPRF-SP";"DEL08-SP";"UOP01-DEL08-SP"
385788;2021-09-26;"domingo";"01:30:00";"RJ";101;293,3;"ITABORAI";"Velocidade Incompatível";"Tombamento";"Sem Vítimas";"Plena Noite";"Crescente";"Céu Claro";"Dupla";"Retorno Regulamentado";"Sim";1;0;0;0;1;0;0;1;-22,754663;-42,890637;"SPRF-RJ";"DEL02-RJ";"UOP02-DEL02-RJ"
385790;2021-09-26;"domingo";"03:45:00";"PE";116;40,1;"SALGUEIRO";"Condutor Dormindo";"Colisão frontal";"Com Vítimas Fatais";"Plena Noite";"Crescente";"Céu Claro";"Simples";"Reta";"Não";5;3;1;1;0;0;2;2;-8,188874;-39,10149;"SPRF-PE";"DEL05-PE";"UOP01-DEL05-PE"
385792;2021-09-26;"domingo";"04:00:00";"RJ";101;27,9;"CAMPOS DOS GOYTACAZES";"Ingestão de álcool pelo condutor";"Colisão frontal";"Com Vítimas Feridas";"Plena Noite";"Crescente";"Céu Claro";"Simples";"Reta";"Não";2;0;1;0;1;0;1;2;-21,44032904;-41,34283239;"SPRF-RJ";"DEL08-RJ";"UOP01-DEL08-RJ"
385794;2021-09-26;"domingo";"04:50:00";"PR";277;5;"PARANAGUA";"Acessar a via sem observar a presença dos outros veículos";"Colisão transversal";"Com Vítimas Feridas";"Plena Noite";"Crescente";"Nublado";"Dupla";"Rotatória";"Sim";3;0;1;0;2;0;1;3;-25,568198;-48,615292;"SPRF-PR";"DEL01-PR";"UOP05-DEL01-PR"
385798;2021-09-26;"domingo";"04:40:00";"SP";116;227;"SAO PAULO";"Manobra de mudança de faixa";"Colisão com objeto";"Com Vítimas Feridas";"Amanhecer";"Crescente";"Céu Claro";"Múltipla";"Reta";"Sim";2;0;1;0;0;1;1;2;-23,49659264;-46,55648754;"SPRF-SP";"DEL01-SP";"UOP01-DEL01-SP"
385800;2021-09-26;"domingo";"05:30:00";"TO";153;694;"CARIRI DO TOCANTINS";"Acessar a via sem observar a presença dos outros veículos";"Colisão transversal";"Com Vítimas Feridas";"Plena Noite";"Crescente";"Nublado";"Simples";"Reta";"Não";3;0;1;0;0;4;1;5;-11,90375887;-49,17221228;"SPRF-TO";"DEL01-TO";"UOP02-DEL01-TO"
385801;2021-09-26;"domingo";"03:25:00";"SC";480;126;"CHAPECO";"Velocidade Incompatível";"Colisão traseira";"Com Vítimas Feridas";"Plena Noite";"Crescente";"Céu Claro";"Dupla";"Reta";"Sim";3;0;1;1;1;0;2;2;-27,020083;-52,636024;"SPRF-SC";"DEL07-SC";"UOP01-DEL07-SC"
385821;2021-09-26;"domingo";"06:30:00";"CE";20;414;"MARACANAU";"Desvio temporário";"Tombamento";"Sem Vítimas";"Pleno dia";"Decrescente";"Céu Claro";"Dupla";"Em Obras";"Sim";2;0;0;0;1;3;0;4;-3,76999035;-38,67006282;"SPRF-CE";"DEL01-CE";"UOP01-DEL01-CE"
385823;2021-09-26;"domingo";"05:30:00";"ES";262;43,6;"MARECHAL FLORIANO";"Reação tardia ou ineficiente do condutor";"Colisão transversal";"Sem Vítimas";"Pleno dia";"Decrescente";"Nublado";"Simples";"Reta;Declive";"Não";4;0;0;0;3;2;0;5;-20,3844778;-40,66251868;"SPRF-ES";"DEL01-ES";"UOP01-DEL01-ES"
385827;2021-09-26;"domingo";"06:00:00";"PR";277;476,1;"NOVA LARANJEIRAS";"Demais falhas mecânicas ou elétricas";"Incêndio";"Sem Vítimas";"Pleno dia";"Decrescente";"Sol";"Simples";"Curva";"Não";2;0;0;0;1;2;0;3;-25,30570383;-52,55588296;"SPRF-PR";"DEL04-PR";"UOP02-DEL04-PR"
385833;2021-09-26;"domingo";"08:50:00";"RJ";465;10;"SEROPEDICA";"Reação tardia ou ineficiente do condutor";"Saída de leito carroçável";"Com Vítimas Feridas";"Pleno dia";"Crescente";"Céu Claro";"Simples";"Reta";"Não";2;0;1;0;1;0;1;1;-22,777218;-43,663025;"SPRF-RJ";"DEL01-RJ";"UOP03-DEL01-RJ"
385837;2021-09-26;"domingo";"08:05:00";"MT";163;1100;"GUARANTA DO NORTE";"Problema com o freio";"Saída de leito carroçável";"Com Vítimas Feridas";"Pleno dia";"Decrescente";"Céu Claro";"Simples";"Curva;Declive";"Não";1;0;1;0;0;0;1;1;-9,79673899;-54,90242999;"SPRF-MT";"DEL06-MT";"NPF/DEL06-MT"
385839;2021-09-26;"domingo";"06:50:00";"BA";101;24,1;"ESPLANADA";"Condutor Dormindo";"Saída de leito carroçável";"Sem Vítimas";"Pleno dia";"Decrescente";"Nublado";"Simples";"Reta";"Não";2;0;0;0;1;2;0;3;-11,73553002;-37,93456395;"SPRF-SE";"DEL02-SE";"UOP03-DEL02-SE"
385841;2021-09-26;"domingo";"09:41:00";"BA";101;375;"IBIRAPITANGA";"Ausência de reação do condutor";"Colisão lateral mesmo sentido";"Com Vítimas Feridas";"Pleno dia";"Crescente";"Céu Claro";"Simples";"Reta;Viaduto;Aclive";"Não";3;0;0;1;1;2;1;4;-13,94977404;-39,48402605;"SPRF-BA";"DEL05-BA";"UOP03-DEL05-BA"
385845;2021-09-26;"domingo";"07:00:00";"BA";116;314,9;"ARACI";"Ultrapassagem Indevida";"Colisão frontal";"Com Vítimas Feridas";"Pleno dia";"Crescente";"Garoa/Chuvisco";"Simples";"Reta";"Não";3;0;1;1;0;2;2;4;-11,28262783;-38,92744931;"SPRF-BA";"DEL02-BA";"UOP01-DEL02-BA"
385848;2021-07-31;"sábado";"16:50:00";"MG";50;24;"ARAGUARI";"Demais falhas mecânicas ou elétricas";"Saída de leito carroçável";"Com Vítimas Feridas";"Plena Noite";"Decrescente";"Céu Claro";"Dupla";"Reta";"Não";3;0;3;0;0;0;3;1;-18,61024882;-48,06820499;"SPRF-MG";"DEL15-MG";"UOP02-DEL15-MG"
385853;2021-09-26;"domingo";"10:50:00";"PR";277;331;"GUARAPUAVA";"Mal súbito do condutor";"Tombamento";"Com Vítimas Feridas";"Pleno dia";"Decrescente";"Céu Claro";"Dupla";"Curva";"Não";2;0;1;0;0;1;1;2;-25,37369557;-51,31824195;"SPRF-PR";"DEL08-PR";"UOP01-DEL08-PR"
385857;2021-09-26;"domingo";"08:40:00";"RS";293;50;"PIRATINI";"Reação tardia ou ineficiente do condutor";"Tombamento";"Com Vítimas Feridas";"Pleno dia";"Decrescente";"Céu Claro";"Simples";"Reta";"Não";2;0;1;0;0;2;1;3;-31,699399;-52,950221;"SPRF-RS";"DEL07-RS";"UOP01-DEL07-RS"
385865;2021-09-02;"quinta-feira";"15:20:00";"MG";40;4,6;"PARACATU";"Condutor Dormindo";"Colisão frontal";"Com Vítimas Feridas";"Pleno dia";"Crescente";"Céu Claro";"Simples";"Reta";"Não";3;0;0;1;1;1;1;3;-17,05641488;-47,13045991;"SPRF-MG";"DEL14-MG";"UOP01-DEL14-MG"
385866;2021-09-26;"domingo";"11:00:00";"RJ";40;26;"TRES RIOS";"Mal súbito do condutor";"Colisão lateral mesmo sentido";"Com Vítimas Feridas";"Pleno dia";"Decrescente";"Céu Claro";"Simples";"Reta";"Não";3;0;1;0;1;1;1;3;-22,155451;-43,15757964;"SPRF-RJ";"DEL05-RJ";"UOP02-DEL05-RJ"
385869;2021-09-26;"domingo";"12:38:00";"SC";101;227,3;"PALHOCA";"Reação tardia ou ineficiente do condutor";"Colisão traseira";"Com Vítimas Fatais";"Pleno dia";"Crescente";"Sol";"Dupla";"Reta";"Não";4;1;0;0;1;2;0;4;-27,7525426;-48,6339793;"SPRF-SC";"DEL01-SC";"UOP02-DEL01-SC"
385880;2021-09-26;"domingo";"12:40:00";"GO";153;307;"RIALMA";"Acumulo de água sobre o pavimento";"Eventos atípicos";"Com Vítimas Feridas";"Pleno dia";"Crescente";"Nublado";"Simples";"Declive";"Não";3;0;1;0;2;0;1;3;-15,338693;-49,569584;"SPRF-GO";"DEL02-GO";"UOP02-DEL02-GO"
385885;2021-09-26;"domingo";"13:14:00";"PR";277;61,3;"SAO JOSE DOS PINHAIS";"Faixas de trânsito com largura insuficiente";"Colisão lateral mesmo sentido";"Com Vítimas Fatais";"Pleno dia";"Crescente";"Sol";"Dupla";"Reta";"Não";5;1;0;0;1;4;0;5;-25,56895101;-48,99932401;"SPRF-PR";"DEL01-PR";"UOP01-DEL01-PR"
385889;2021-09-26;"domingo";"14:30:00";"PA";316;38;"SANTA IZABEL DO PARA";"Acostamento em desnível";"Saída de leito carroçável";"Com Vítimas Feridas";"Pleno dia";"Crescente";"Nublado";"Dupla";"Reta";"Não";4;0;1;0;2;1;1;3;-1,28327779;-48,13995604;"SPRF-PA";"DEL01-PA";"UOP01-DEL01-PA"
385895;2021-09-26;"domingo";"14:45:00";"MT";364;494;"JANGADA";"Reação tardia ou ineficiente do condutor";"Colisão lateral mesmo sentido";"Com Vítimas Feridas";"Pleno dia";"Crescente";"Nublado";"Simples";"Reta";"Sim";3;0;1;0;1;2;1;4;-15,29227197;-56,43455719;"SPRF-MT";"DEL01-MT";"UOP02-DEL01-MT"
385907;2021-09-26;"domingo";"16:10:00";"SC";101;237;"PALHOCA";"Condutor deixou de manter distância do veículo da frente";"Colisão traseira";"Com Vítimas Feridas";"Pleno dia";"Decrescente";"Céu Claro";"Dupla";"Reta";"Não";2;0;1;0;1;0;1;2;-27,8373684;-48,63192558;"SPRF-SC";"DEL01-SC";"UOP02-DEL01-SC"
385910;2021-09-26;"domingo";"15:50:00";"RJ";116;220,5;"PIRAI";"Reação tardia ou ineficiente do condutor";"Colisão com objeto";"Sem Vítimas";"Pleno dia";"Decrescente";"Nublado";"Dupla";"Curva";"Não";2;0;0;0;1;1;0;2;-22,67864874;-43,82240295;"SPRF-RJ";"DEL07-RJ";"UOP01-DEL07-RJ"
385912;2021-09-26;"domingo";"01:30:00";"BA";101;91;"ALAGOINHAS";"Demais falhas mecânicas ou elétricas";"Incêndio";"Sem Vítimas";"Plena Noite";"Crescente";"Chuva";"Simples";"Reta";"Não";2;0;0;0;1;1;0;2;-12,081798;-38,348822;"SPRF-BA";"DEL01-BA";"UOP04-DEL01-BA"
385937;2021-09-26;"domingo";"16:30:00";"GO";60;100;"ANAPOLIS";"Velocidade Incompatível";"Tombamento";"Sem Vítimas";"Pleno dia";"Crescente";"Céu Claro";"Dupla";"Rotatória";"Não";2;0;0;0;1;1;0;2;-16,3979;-48,9664;"SPRF-GO";"DEL02-GO";"UOP01-DEL02-GO"
385953;2021-09-26;"domingo";"19:00:00";"SC";101;135;"BALNEARIO CAMBORIU";"Ingestão de álcool pelo condutor";"Colisão lateral mesmo sentido";"Com Vítimas Feridas";"Plena Noite";"Crescente";"Céu Claro";"Dupla";"Reta";"Sim";2;0;1;0;1;0;1;2;-27,0050108;-48,62677494;"SPRF-SC";"DEL04-SC";"UOP03-DEL04-SC"
385984;2021-09-26;"domingo";"11:10:00";"MT";364;156;"PEDRA PRETA";"Demais falhas mecânicas ou elétricas";"Colisão frontal";"Com Vítimas Feridas";"Pleno dia";"Crescente";"Céu Claro";"Simples";"Reta";"Não";5;0;1;2;1;1;3;3;-16,76032813;-54,2623751;"SPRF-MT";"DEL02-MT";"UOP01-DEL02-MT"
385986;2021-09-26;"domingo";"21:30:00";"PR";277;10,5;"PARANAGUA";"Ausência de reação do condutor";"Saída de leito carroçável";"Sem Vítimas";"Plena Noite";"Decrescente";"Céu Claro";"Dupla";"Reta";"Não";2;0;0;0;1;1;0;2;-25,568198;-48,615292;"SPRF-PR";"DEL01-PR";"UOP05-DEL01-PR"
385987;2021-09-26;"domingo";"14:15:00";"BA";324;550;"AMELIA RODRIGUES";"Ingestão de álcool pelo condutor";"Colisão traseira";"Com Vítimas Feridas";"Pleno dia";"Crescente";"Garoa/Chuvisco";"Dupla";"Reta";"Não";6;0;4;0;1;1;4;3;-12,43832718;-38,72506515;"SPRF-BA";"DEL01-BA";"UOP03-DEL01-BA"
385995;2021-09-26;"domingo";"21:40:00";"PE";407;90,5;"PETROLINA";"Manobra de mudança de faixa";"Colisão frontal";"Com Vítimas Fatais";"Plena Noite";"Crescente";"Céu Claro";"Simples";"Aclive";"Não";3;2;1;0;0;0;1;2;-9,09108986;-40,65584672;"SPRF-PE";"DEL06-PE";"UOP02-DEL06-PE"
386005;2021-09-26;"domingo";"20:00:00";"MG";153;153;"COMENDADOR GOMES";"Demais Fenômenos da natureza";"Incêndio";"Sem Vítimas";"Plena Noite";"Decrescente";"Vento";"Simples";"Reta";"Não";4;0;0;0;3;2;0;5;-19,62885262;-48,90963099;"SPRF-MG";"DEL13-MG";"UOP02-DEL13-MG"
386006;2021-09-26;"domingo";"18:30:00";"MG";153;188;"FRUTAL";"Chuva";"Colisão com objeto";"Com Vítimas Feridas";"Anoitecer";"Crescente";"Chuva";"Simples";"Curva";"Não";2;0;1;0;0;1;1;2;-19,868283;-48,971385;"SPRF-MG";"DEL13-MG";"UOP02-DEL13-MG"
386009;2021-09-26;"domingo";"19:50:00";"MG";153;149;"COMENDADOR GOMES";"Fumaça";"Incêndio";"Sem Vítimas";"Plena Noite";"Crescente";"Vento";"Simples";"Reta";"Não";2;0;0;0;0;2;0;2;-19,640464;-48,857473;"SPRF-MG";"DEL13-MG";"UOP02-DEL13-MG"
386011;2021-09-26;"domingo";"23:20:00";"MS";163;803,1;"SONORA";"Ausência de reação do condutor";"Colisão com objeto";"Com Vítimas Feridas";"Plena Noite";"Crescente";"Chuva";"Simples";"Curva";"Não";7;0;1;0;4;3;1;5;-17,890628;-54,691692;"SPRF-MS";"DEL06-MS";"UOP01-DEL06-MS"
386019;2021-09-26;"domingo";"19:25:00";"MT";70;522;"VARZEA GRANDE";"Ingestão de álcool pelo condutor";"Colisão lateral sentido oposto";"Sem Vítimas";"Pleno dia";"Crescente";"Céu Claro";"Simples";"Reta";"Sim";3;0;0;0;2;1;0;3;-15,66656702;-56,18282676;"SPRF-MT";"DEL01-MT";"UOP02-DEL01-MT"
386020;2021-09-22;"quarta-feira";"09:00:00";"MT";70;522;"VARZEA GRANDE";"Condutor deixou de manter distância do veículo da frente";"Engavetamento";"Com Vítimas Feridas";"Pleno dia";"Decrescente";"Céu Claro";"Simples";"Reta";"Sim";6;0;2;0;3;3;2;6;-15,66680042;-56,18257999;"SPRF-MT";"DEL01-MT";"UOP02-DEL01-MT"
386032;2021-09-26;"domingo";"16:15:00";"PI";235;319,7;"MONTE ALEGRE DO PIAUI";"Pedestre andava na pista";"Atropelamento de Pedestre";"Com Vítimas Fatais";"Pleno dia";"Decrescente";"Céu Claro";"Simples";"Reta";"Não";3;1;0;0;0;2;0;3;-9,76759;-45,31834;"SPRF-PI";"DEL03-PI";"UOP02-DEL03-PI"
386036;2021-09-27;"segunda-feira";"04:50:00";"RJ";116;228;"PIRAI";"Condutor Dormindo";"Colisão traseira";"Com Vítimas Feridas";"Amanhecer";"Decrescente";"Nublado";"Dupla";"Reta";"Não";3;0;1;0;1;1;1;3;-22,66882828;-43,85364532;"SPRF-RJ";"DEL07-RJ";"UOP01-DEL07-RJ"
386037;2021-09-27;"segunda-feira";"00:10:00";"SC";158;142,9;"PALMITOS";"Velocidade Incompatível";"Derramamento de carga";"Sem Vítimas";"Plena Noite";"Crescente";"Céu Claro";"Simples";"Curva";"Não";2;0;0;0;1;1;0;2;-27,14296532;-53,21392829;"SPRF-SC";"DEL07-SC";"UOP02-DEL07-SC"
386038;2021-09-27;"segunda-feira";"05:55:00";"SC";101;155,8;"PORTO BELO";"Mal súbito do condutor";"Colisão lateral mesmo sentido";"Com Vítimas Feridas";"Amanhecer";"Crescente";"Céu Claro";"Dupla";"Reta";"Não";3;0;1;0;1;1;1;3;-27,16292;-48,61129;"SPRF-SC";"DEL04-SC";"UOP03-DEL04-SC"
386049;2021-09-27;"segunda-feira";"06:00:00";"MT";163;542;"DIAMANTINO";"Reação tardia ou ineficiente do condutor";"Saída de leito carroçável";"Com Vítimas Feridas";"Amanhecer";"Crescente";"Chuva";"Simples";"Reta";"Não";3;0;1;0;1;3;1;4;-14,37039023;-56,13386022;"SPRF-MT";"DEL01-MT";"UOP01-DEL01-MT"
386057;2021-09-27;"segunda-feira";"06:45:00";"MS";376;19;"FATIMA DO SUL";"Desrespeitar a preferência no cruzamento";"Colisão transversal";"Com Vítimas Feridas";"Pleno dia";"Crescente";"Céu Claro";"Simples";"Reta";"Não";5;0;0;3;1;1;3;3;-22,32317207;-54,57823408;"SPRF-MS";"DEL04-MS";"UOP04-DEL04-MS"
386058;2021-09-27;"segunda-feira";"08:10:00";"GO";60;102,9;"ANAPOLIS";"Manobra de mudança de faixa";"Saída de leito carroçável";"Com Vítimas Feridas";"Pleno dia";"Crescente";"Céu Claro";"Dupla";"Aclive;Reta";"Sim";1;0;1;0;0;0;1;1;-16,4098;-48,9913;"SPRF-GO";"DEL02-GO";"UOP01-DEL02-GO"
386060;2021-09-27;"segunda-feira";"07:50:00";"RS";392;352;"SANTA MARIA";"Conversão proibida";"Colisão frontal";"Com Vítimas Fatais";"Pleno dia";"Decrescente";"Sol";"Dupla";"Reta";"Não";3;1;0;0;1;1;0;3;-29,71972396;-53,80792564;"SPRF-RS";"DEL09-RS";"UOP01-DEL09-RS"
386061;2021-09-27;"segunda-feira";"06:00:00";"SP";116;347;"MIRACATU";"Velocidade Incompatível";"Capotamento";"Com Vítimas Feridas";"Pleno dia";"Decrescente";"Céu Claro";"Dupla";"Curva";"Não";2;0;1;0;0;1;1;2;-24,04699491;-47,19706111;"SPRF-SP";"DEL04-SP";"UOP02-DEL04-SP"
386071;2021-09-27;"segunda-feira";"08:50:00";"SC";470;60;"BLUMENAU";"Velocidade Incompatível";"Engavetamento";"Com Vítimas Feridas";"Pleno dia";"Decrescente";"Céu Claro";"Simples";"Reta";"Sim";7;0;5;0;1;1;5;6;-26,88138;-49,164543;"SPRF-SC";"DEL04-SC";"UOP01-DEL04-SC"
386072;2021-09-27;"segunda-feira";"08:20:00";"CE";222;18;"CAUCAIA";"Condutor deixou de manter distância do veículo da frente";"Colisão traseira";"Sem Vítimas";"Pleno dia";"Crescente";"Céu Claro";"Simples";"Reta";"Não";4;0;0;0;2;2;0;4;-3,74923332;-38,71923964;"SPRF-CE";"DEL01-CE";"UOP01-DEL01-CE"
386074;2021-09-27;"segunda-feira";"06:48:00";"MT";70;519;"VARZEA GRANDE";"Conversão proibida";"Colisão lateral mesmo sentido";"Com Vítimas Feridas";"Pleno dia";"Crescente";"Céu Claro";"Simples";"Reta";"Não";3;0;0;1;1;2;1;4;-15,683698;-56,172495;"SPRF-MT";"DEL01-MT";"UOP02-DEL01-MT"
386077;2021-09-27;"segunda-feira";"08:40:00";"RJ";40;109;"DUQUE DE CAXIAS";"Manobra de mudança de faixa";"Colisão lateral mesmo sentido";"Com Vítimas Feridas";"Pleno dia";"Crescente";"Céu Claro";"Múltipla";"Curva";"Sim";5;0;2;0;3;0;2;4;-22,67374628;-43,28638368;"SPRF-RJ";"DEL01-RJ";"UOP01-DEL01-RJ"
386080;2021-09-27;"segunda-feira";"08:59:00";"MG";381;536,5;"ITATIAIUCU";"Velocidade Incompatível";"Tombamento";"Com Vítimas Feridas";"Pleno dia";"Crescente";"Sol";"Simples";"Curva";"Não";2;0;1;0;0;1;1;2;-20,22443302;-44,39530859;"SPRF-MG";"DEL04-MG";"UOP03-DEL04-MG"
386084;2021-09-03;"sexta-feira";"18:50:00";"PR";369;146,1;"LONDRINA";"Ausência de reação do condutor";"Colisão transversal";"Com Vítimas Feridas";"Pleno dia";"Crescente";"Céu Claro";"Dupla";"Retorno Regulamentado";"Não";2;0;0;1;1;0;1;2;-23,29363495;-51,11080746;"SPRF-PR";"DEL07-PR";"UOP01-DEL07-PR"
386088;2021-09-27;"segunda-feira";"07:30:00";"MA";135;30,9;"BACABEIRA";"Reação tardia ou ineficiente do condutor";"Capotamento";"Sem Vítimas";"Pleno dia";"Decrescente";"Céu Claro";"Dupla";"Reta";"Não";3;0;0;0;2;2;0;4;-2,804075;-44,37428121;"SPRF-MA";"DEL01-MA";"UOP01-DEL01-MA"
386092;2021-09-27;"segunda-feira";"10:15:00";"GO";60;77,1;"ANAPOLIS";"Velocidade Incompatível";"Colisão lateral mesmo sentido";"Com Vítimas Feridas";"Pleno dia";"Crescente";"Céu Claro";"Dupla";"Curva;Declive";"Não";3;0;0;1;2;0;1;2;-16,2828;-48,7935;"SPRF-GO";"DEL02-GO";"UOP01-DEL02-GO"