"id";"data_inversa";"dia_semana";"horario";"uf";"br";"km";"municipio";"causa_acidente";"tipo_acidente";"classificacao_acidente";"fase_dia";"sentido_via";"condicao_metereologica";"tipo_pista";"tracado_via";"uso_solo";"pessoas";"mortos";"feridos_leves";"feridos_graves";"ilesos";"ignorados";"feridos";"veiculos";"latitude";"longitude";"regional";"delegacia";"uop"
386868;2021-10-01;"sexta-feira";"15:30:00";"PR";376;341,1;"ORTIGUEIRA";"Ausência de reação do condutor";"Tombamento";"Com Vítimas Feridas";"Pleno dia";"Decrescente";"Chuva";"Simples";"Curva;Aclive";"Não";3;0;2;0;0;1;2;2;-24,18027227;-50,96153138;"SPRF-PR";"DEL07-PR";"UOP02-DEL07-PR"
386871;2021-09-30;"quinta-feira";"14:00:00";"SP";116;316,6;"JUQUITIBA";"Ausência de reação do condutor";"Tombamento";"Com Vítimas Feridas";"Pleno dia";"Crescente";"Céu Claro";"Dupla";"Curva";"Não";2;0;1;0;0;1;1;2;-23,91054997;-46,99149375;"SPRF-SP";"DEL04-SP";"UOP01-DEL04-SP"
386874;2021-10-01;"sexta-feira";"14:40:00";"RS";101;80,8;"OSORIO";"Pedestre andava na pista";"Atropelamento de Pedestre";"Com Vítimas Feridas";"Pleno dia";"Crescente";"Nublado";"Dupla";"Reta";"Não";3;0;0;1;1;1;1;3;-29,8263459;-50,2482636;"SPRF-RS";"DEL03-RS";"UOP01-DEL03-RS"
386876;2021-10-01;"sexta-feira";"13:30:00";"AL";316;202,5;"MARIBONDO";"Pedestre andava na pista";"Atropelamento de Pedestre";"Com Vítimas Fatais";"Pleno dia";"Crescente";"Céu Claro";"Simples";"Reta";"Sim";3;1;0;0;2;0;0;2;-9,58217756;-36,3088256;"SPRF-AL";"DEL03-AL";"UOP01-DEL03-AL"
386882;2021-10-01;"sexta-feira";"16:10:00";"PE";101;71;"RECIFE";"Acostamento em desnível";"Colisão lateral mesmo sentido";"Sem Vítimas";"Pleno dia";"Decrescente";"Nublado";"Dupla";"Reta";"Sim";2;0;0;0;2;0;0;2;-8,07914;-34,942936;"SPRF-PE";"DEL01-PE";"UOP01-DEL01-PE"
386883;2021-10-01;"sexta-feira";"15:00:00";"PE";101;46,3;"ABREU E LIMA";"Acessar a via sem observar a presença dos outros veículos";"Colisão lateral sentido oposto";"Com Vítimas Feridas";"Pleno dia";"Crescente";"Nublado";"Dupla";"Reta";"Sim";2;0;1;0;1;0;1;2;-7,89208691;-34,9036181;"SPRF-PE";"DEL01-PE";"UOP02-DEL01-PE"
386884;2021-10-01;"sexta-feira";"14:55:00";"SC";116;117,7;"SANTA CECILIA";"Carga excessiva e/ou mal acondicionada";"Derramamento de carga";"Sem Vítimas";"Pleno dia";"Crescente";"Nublado";"Simples";"Curva;Declive";"Não";2;0;0;0;1;1;0;2;-26,81731599;-50,35097407;"SPRF-SC";"DEL06-SC";"UOP02-DEL06-SC"
386886;2021-10-01;"sexta-feira";"15:40:00";"PR";369;52,1;"BANDEIRANTES";"Velocidade Incompatível";"Tombamento";"Com Vítimas Feridas";"Pleno dia";"Crescente";"Chuva";"Dupla";"Curva";"Não";4;0;1;0;0;3;1;3;-23,11108542;-50,33537507;"SPRF-PR";"DEL07-PR";"UOP01-DEL07-PR"
386889;2021-10-01;"sexta-feira";"10:10:00";"MT";163;592;"NOVA MUTUM";"Obras na pista";"Colisão traseira";"Com Vítimas Feridas";"Pleno dia";"Decrescente";"Céu Claro";"Simples";"Reta";"Sim";2;0;1;0;1;0;1;2;-13,97880303;-56,09914962;"SPRF-MT";"DEL01-MT";"UOP01-DEL01-MT"
386894;2021-10-01;"sexta-feira";"15:20:00";"RS";290;594,6;"ALEGRETE";"Ingestão de álcool pelo condutor";"Saída de leito carroçável";"Com Vítimas Feridas";"Pleno dia";"Decrescente";"Céu Claro";"Simples";"Reta";"Não";2;0;1;0;1;0;1;1;-29,841385;-55,907063;"SPRF-RS";"DEL13-RS";"UOP02-DEL13-RS"
386897;2021-10-01;"sexta-feira";"15:18:00";"MG";364;32,8;"FRUTAL";"Velocidade Incompatível";"Saída de leito carroçável";"Com Vítimas Feridas";"Pleno dia";"Decrescente";"Chuva";"Simples";"Declive";"Não";1;0;1;0;0;0;1;1;-20,00351577;-48,942976;"SPRF-MG";"DEL13-MG";"UOP02-DEL13-MG"
386899;2021-10-01;"sexta-feira";"15:00:00";"SC";116;35,5;"ITAIOPOLIS";"Conversão proibida";"Colisão transversal";"Sem Vítimas";"Pleno dia";"Crescente";"Nublado";"Simples";"Reta;Declive";"Não";2;0;0;0;2;0;0;2;-26,33588885;-50,00519808;"SPRF-SC";"DEL06-SC";"UOP01-DEL06-SC"
386905;2021-10-01;"sexta-feira";"17:50:00";"SE";235;43,5;"ITABAIANA";"Transitar na contramão";"Colisão frontal";"Com Vítimas Feridas";"Anoitecer";"Decrescente";"Céu Claro";"Simples";"Reta";"Sim";4;0;0;1;3;0;1;2;-10,75489;-37,394836;"SPRF-SE";"DEL01-SE";"UOP02-DEL01-SE"
386910;2021-10-01;"sexta-feira";"17:55:00";"SP";116;69,3;"APARECIDA";"Pedestre cruzava a pista fora da faixa";"Atropelamento de Pedestre";"Com Vítimas Feridas";"Anoitecer";"Decrescente";"Nublado";"Dupla";"Curva";"Não";4;0;0;1;2;1;1;3;-22,84017188;-45,22364349;"SPRF-SP";"DEL08-SP";"UOP01-DEL08-SP"
386918;2021-10-01;"sexta-feira";"18:05:00";"PB";230;25;"JOAO PESSOA";"Ausência de reação do condutor";"Colisão traseira";"Com Vítimas Feridas";"Plena Noite";"Crescente";"Céu Claro";"Dupla";"Reta";"Sim";2;0;0;1;1;0;1;2;-7,16924904;-34,87732172;"SPRF-PB";"DEL01-PB";"UOP01-DEL01-PB"
386931;2021-10-01;"sexta-feira";"08:50:00";"PR";376;41;"NOVA LONDRINA";"Ultrapassagem Indevida";"Colisão traseira";"Com Vítimas Fatais";"Pleno dia";"Crescente";"Céu Claro";"Simples";"Aclive";"Não";5;1;2;1;0;3;3;6;-22,84503931;-52,98017934;"SPRF-PR";"DEL09-PR";"UOP02-DEL09-PR"
386932;2021-10-01;"sexta-feira";"19:15:00";"RS";470;226,8;"GARIBALDI";"Ingestão de álcool pelo condutor";"Colisão lateral sentido oposto";"Com Vítimas Feridas";"Plena Noite";"Decrescente";"Céu Claro";"Simples";"Curva";"Não";3;0;1;0;1;1;1;3;-29,21556004;-51,51743821;"SPRF-RS";"DEL06-RS";"UOP01-DEL06-RS"
386933;2021-10-01;"sexta-feira";"19:00:00";"MG";40;574;"ITABIRITO";"Conversão proibida";"Colisão lateral mesmo sentido";"Com Vítimas Feridas";"Plena Noite";"Crescente";"Chuva";"Simples";"Retorno Regulamentado";"Não";3;0;1;0;1;1;1;3;-20,24791897;-43,96366791;"SPRF-MG";"DEL01-MG";"UOP02-DEL01-MG"
386938;2021-10-01;"sexta-feira";"18:25:00";"MA";135;67,9;"SANTA RITA";"Condutor deixou de manter distância do veículo da frente";"Colisão traseira";"Com Vítimas Feridas";"Plena Noite";"Decrescente";"Chuva";"Simples";"Reta";"Sim";7;0;2;0;5;0;2;4;-3,12384398;-44,32413425;"SPRF-MA";"DEL01-MA";"UOP02-DEL01-MA"
386941;2021-01-26;"terça-feira";"17:00:00";"MA";316;568,2;"CAXIAS";"Pista Escorregadia";"Colisão frontal";"Com Vítimas Feridas";"Pleno dia";"Crescente";"Chuva";"Simples";"Reta";"Não";5;0;1;1;2;1;2;4;-4,914432;-43,21693;"SPRF-MA";"DEL03-MA";"UOP02-DEL03-MA"
386944;2021-10-01;"sexta-feira";"12:00:00";"MG";354;711,7;"CAXAMBU";"Velocidade Incompatível";"Tombamento";"Com Vítimas Feridas";"Pleno dia";"Crescente";"Céu Claro";"Simples";"Curva";"Não";3;0;1;0;0;2;1;3;-22,040982;-44,92735;"SPRF-MG";"DEL17-MG";"UOP01-DEL17-MG"
386946;2021-10-01;"sexta-feira";"19:00:00";"PE";423;66,7;"JUPI";"Pedestre cruzava a pista fora da faixa";"Atropelamento de Pedestre";"Com Vítimas Fatais";"Plena Noite";"Crescente";"Céu Claro";"Simples";"Reta";"Não";2;1;0;0;0;1;0;2;-8,66844631;-36,37491793;"SPRF-PE";"DEL03-PE";"UOP01-DEL03-PE"
386954;2021-10-01;"sexta-feira";"20:30:00";"TO";153;374,8;"FORTALEZA DO TABOCAO";"Demais falhas mecânicas ou elétricas";"Incêndio";"Sem Vítimas";"Plena Noite";"Crescente";"Céu Claro";"Simples";"Reta";"Não";2;0;0;0;1;1;0;2;-9,18935301;-48,53865291;"SPRF-TO";"DEL02-TO";"UOP02-DEL02-TO"
386957;2021-10-01;"sexta-feira";"21:00:00";"MG";381;386;"SAO GONCALO DO RIO ABAIXO";"Manobra de mudança de faixa";"Capotamento";"Com Vítimas Feridas";"Plena Noite";"Decrescente";"Céu Claro";"Simples";"Reta";"Não";5;0;3;1;0;1;4;3;-19,79738383;-43,41740299;"SPRF-MG";"DEL01-MG";"UOP01-DEL01-MG"
386960;2021-10-01;"sexta-feira";"15:30:00";"RJ";40;114;"DUQUE DE CAXIAS";"Manobra de mudança de faixa";"Colisão lateral mesmo sentido";"Com Vítimas Feridas";"Pleno dia";"Decrescente";"Céu Claro";"Múltipla";"Reta";"Sim";3;0;2;0;1;0;2;2;-22,71853604;-43,28993324;"SPRF-RJ";"DEL01-RJ";"UOP01-DEL01-RJ"
386964;2021-10-01;"sexta-feira";"17:00:00";"MG";153;8,3;"ARAPORA";"Condutor deixou de manter distância do veículo da frente";"Colisão lateral mesmo sentido";"Com Vítimas Feridas";"Pleno dia";"Crescente";"Chuva";"Dupla";"Reta";"Não";2;0;1;0;1;0;1;2;-18,48778001;-49,18862284;"SPRF-MG";"DEL15-MG";"UOP03-DEL15-MG"
386967;2021-10-01;"sexta-feira";"21:00:00";"MG";381;707,7;"NEPOMUCENO";"Condutor Dormindo";"Saída de leito carroçável";"Sem Vítimas";"Plena Noite";"Decrescente";"Chuva";"Dupla";"Curva;Declive";"Não";2;0;0;0;1;2;0;3;-21,33705418;-45,17604451;"SPRF-MG";"DEL04-MG";"UOP02-DEL04-MG"
386970;2021-10-01;"sexta-feira";"20:50:00";"GO";50;313,3;"CUMARI";"Condutor deixou de manter distância do veículo da frente";"Colisão traseira";"Sem Vítimas";"Plena Noite";"Crescente";"Nublado";"Simples";"Curva";"Não";4;0;0;0;3;1;0;2;-18,4188;-48,0735;"SPRF-GO";"DEL06-GO";"UOP01-DEL06-GO"
386971;2021-10-01;"sexta-feira";"19:45:00";"RJ";393;242;"VASSOURAS";"Pista Escorregadia";"Colisão frontal";"Com Vítimas Feridas";"Plena Noite";"Crescente";"Chuva";"Simples";"Curva";"Não";7;0;6;0;1;0;6;3;-22,42556824;-43,6917998;"SPRF-RJ";"DEL05-RJ";"UOP04-DEL05-RJ"
386972;2021-10-01;"sexta-feira";"21:45:00";"GO";153;56;"PORANGATU";"Ingestão de álcool pelo condutor";"Colisão frontal";"Sem Vítimas";"Plena Noite";"Crescente";"Céu Claro";"Simples";"Curva";"Não";3;0;0;0;1;2;0;3;-13,301681;-49,120899;"SPRF-GO";"DEL07-GO";"UOP01-DEL07-GO"
386975;2021-10-01;"sexta-feira";"22:30:00";"MG";262;382,1;"MATEUS LEME";"Transitar no acostamento";"Colisão traseira";"Com Vítimas Feridas";"Plena Noite";"Decrescente";"Chuva";"Dupla";"Curva";"Não";3;0;0;1;1;1;1;3;-19,933956;-44,393574;"SPRF-MG";"DEL01-MG";"UOP03-DEL01-MG"
386978;2021-10-01;"sexta-feira";"23:05:00";"MA";316;616,2;"TIMON";"Ultrapassagem Indevida";"Colisão com objeto";"Com Vítimas Fatais";"Plena Noite";"Crescente";"Nublado";"Dupla";"Reta";"Sim";3;1;0;0;1;1;0;3;-5,094195;-42,832569;"SPRF-MA";"DEL03-MA";"UOP02-DEL03-MA"
386980;2021-08-26;"quinta-feira";"13:17:00";"ES";101;267;"SERRA";"Condutor deixou de manter distância do veículo da frente";"Colisão traseira";"Com Vítimas Feridas";"Pleno dia";"Crescente";"Céu Claro";"Dupla";"Reta";"Sim";2;0;1;0;0;1;1;2;-20,206043;-40,269423;"SPRF-ES";"DEL02-ES";"UOP01-DEL02-ES"
386991;2021-10-02;"sábado";"01:00:00";"MG";381;932,5;"EXTREMA";"Velocidade Incompatível";"Tombamento";"Com Vítimas Feridas";"Plena Noite";"Decrescente";"Céu Claro";"Dupla";"Curva";"Não";2;0;1;0;0;1;1;2;-22,79258866;-46,25096537;"SPRF-MG";"DEL16-MG";"UOP03-DEL16-MG"
386992;2021-10-01;"sexta-feira";"16:10:00";"MA";226;548;"PORTO FRANCO";"Manobra de mudança de faixa";"Colisão frontal";"Com Vítimas Fatais";"Pleno dia";"Crescente";"Chuva";"Simples";"Reta";"Não";3;1;1;0;0;1;1;3;-6,23978543;-47,13094922;"SPRF-MA";"DEL04-MA";"UOP02-DEL04-MA"
386993;2021-10-02;"sábado";"02:30:00";"MG";251;472,3;"FRANCISCO SA";"Pista Escorregadia";"Tombamento";"Com Vítimas Feridas";"Plena Noite";"Crescente";"Céu Claro";"Simples";"Curva";"Não";2;0;1;0;1;0;1;1;-16,4669101;-43,43947986;"SPRF-MG";"DEL12-MG";"UOP01-DEL12-MG"
387001;2021-10-02;"sábado";"01:00:00";"MT";163;1102;"GUARANTA DO NORTE";"Velocidade Incompatível";"Tombamento";"Com Vítimas Fatais";"Plena Noite";"Decrescente";"Nublado";"Simples";"Declive;Curva";"Não";2;1;0;0;0;1;0;2;-9,64764675;-54,87161815;"SPRF-MT";"DEL06-MT";"NPF/DEL06-MT"
387004;2021-10-01;"sexta-feira";"17:25:00";"BA";101;428;"UBAITABA";"Velocidade Incompatível";"Capotamento";"Sem Vítimas";"Plena Noite";"Decrescente";"Céu Claro";"Simples";"Reta";"Não";1;0;0;0;1;0;0;1;-14,330602;-39,314425;"SPRF-BA";"DEL05-BA";"UOP01-DEL05-BA"
387011;2021-10-02;"sábado";"05:15:00";"MG";381;544,1;"ITATIAIUCU";"Velocidade Incompatível";"Tombamento";"Com Vítimas Feridas";"Amanhecer";"Decrescente";"Chuva";"Dupla";"Reta";"Não";7;0;5;0;2;0;5;4;-20,28193579;-44,42882633;"SPRF-MG";"DEL04-MG";"UOP03-DEL04-MG"
387012;2021-10-02;"sábado";"01:20:00";"SC";280;99;"SAO BENTO DO SUL";"Ingestão de álcool pelo condutor";"Tombamento";"Com Vítimas Feridas";"Plena Noite";"Decrescente";"Céu Claro";"Simples";"Curva";"Não";1;0;0;1;0;0;1;1;-26,36454434;-49,33549047;"SPRF-SC";"DEL06-SC";"UOP03-DEL06-SC"
387016;2021-10-02;"sábado";"05:20:00";"DF";40;0;"BRASILIA";"Curva acentuada";"Tombamento";"Com Vítimas Feridas";"Plena Noite";"Crescente";"Chuva";"Dupla";"Curva";"Sim";2;0;0;1;0;1;1;2;-15,976897;-47,990129;"SPRF-DF";"DEL01-DF";"UOP01-DEL01-DF"
387021;2021-10-02;"sábado";"04:30:00";"PB";230;425;"POMBAL";"Reação tardia ou ineficiente do condutor";"Colisão traseira";"Com Vítimas Fatais";"Amanhecer";"Decrescente";"Céu Claro";"Simples";"Aclive";"Não";2;1;0;0;1;0;0;2;-6,734346;-37,911532;"SPRF-PB";"DEL03-PB";"UOP02-DEL03-PB"
387023;2021-10-02;"sábado";"05:15:00";"PE";428;166,4;"PETROLINA";"Ingestão de álcool pelo condutor";"Colisão frontal";"Com Vítimas Fatais";"Amanhecer";"Decrescente";"Céu Claro";"Simples";"Reta";"Não";2;1;0;0;1;0;0;2;-9,20593092;-40,39620538;"SPRF-PE";"DEL06-PE";"UOP01-DEL06-PE"
387024;2021-10-02;"sábado";"02:45:00";"PR";277;153;"PORTO AMAZONAS";"Ultrapassagem Indevida";"Colisão lateral sentido oposto";"Com Vítimas Feridas";"Plena Noite";"Crescente";"Céu Claro";"Simples";"Curva";"Não";52;0;7;15;29;1;22;3;-25,478119;-49,855069;"SPRF-PR";"DEL01-PR";"UOP03-DEL03-PR"
387026;2021-10-02;"sábado";"00:05:00";"MG";267;296,8;"CAXAMBU";"Frear bruscamente";"Saída de leito carroçável";"Com Vítimas Feridas";"Plena Noite";"Crescente";"Chuva";"Simples";"Reta";"Não";2;0;1;0;1;0;1;1;-21,93656429;-44,8631749;"SPRF-MG";"DEL17-MG";"UOP01-DEL17-MG"
387028;2021-10-01;"sexta-feira";"23:00:00";"RJ";393;273;"BARRA DO PIRAI";"Mal súbito do condutor";"Colisão frontal";"Com Vítimas Fatais";"Plena Noite";"Decrescente";"Garoa/Chuvisco";"Simples";"Reta";"Sim";2;1;0;0;1;0;0;2;-22,47847848;-43,951253;"SPRF-RJ";"DEL05-RJ";"UOP04-DEL05-RJ"
387039;2021-05-07;"sexta-feira";"22:45:00";"SC";101;36,5;"JOINVILLE";"Deficiência do Sistema de Iluminação/Sinalização";"Colisão traseira";"Com Vítimas Fatais";"Plena Noite";"Decrescente";"Nublado";"Múltipla";"Reta";"Não";3;1;0;0;1;1;0;3;-26,28043851;-48,89057636;"SPRF-SC";"DEL03-SC";"UOP01-DEL03-SC"
387048;2021-10-02;"sábado";"08:55:00";"MG";381;949,7;"EXTREMA";"Condutor deixou de manter distância do veículo da frente";"Colisão traseira";"Com Vítimas Feridas";"Pleno dia";"Crescente";"Nublado";"Dupla";"Declive;Reta";"Não";9;0;2;0;6;1;2;4;-22,87479042;-46,36655782;"SPRF-MG";"DEL16-MG";"UOP03-DEL16-MG"
387054;2021-09-30;"quinta-feira";"15:00:00";"SC";470;342,7;"CAMPOS NOVOS";"Velocidade Incompatível";"Saída de leito carroçável";"Com Vítimas Feridas";"Pleno dia";"Crescente";"Nublado";"Simples";"Retorno Regulamentado";"Não";1;0;1;0;0;0;1;1;-27,530297;-51,388535;"SPRF-SC";"DEL07-SC";"UOP06-DEL07-SC"
387058;2021-10-02;"sábado";"10:00:00";"PE";101;54,3;"PAULISTA";"Reação tardia ou ineficiente do condutor";"Colisão lateral mesmo sentido";"Sem Vítimas";"Pleno dia";"Decrescente";"Sol";"Múltipla";"Reta";"Sim";3;0;0;0;2;1;0;3;-7,942634;-34,904049;"SPRF-PE";"DEL01-PE";"UOP02-DEL01-PE"
387062;2021-10-02;"sábado";"09:45:00";"SP";459;7,6;"PIQUETE";"Avarias e/ou desgaste excessivo no pneu";"Tombamento";"Com Vítimas Feridas";"Pleno dia";"Crescente";"Nublado";"Simples";"Declive;Curva";"Não";2;0;1;0;0;1;1;2;-22,57378;-45,193432;"SPRF-SP";"DEL08-SP";"UOP02-DEL08-SP"
387064;2021-10-02;"sábado";"11:00:00";"MG";153;196,9;"FRUTAL";"Acessar a via sem observar a presença dos outros veículos";"Colisão transversal";"Com Vítimas Feridas";"Pleno dia";"Crescente";"Nublado";"Simples";"Rotatória";"Não";5;0;1;0;3;1;1;3;-19,97316232;-49,00353077;"SPRF-MG";"DEL13-MG";"UOP02-DEL13-MG"
387070;2021-10-02;"sábado";"10:00:00";"MG";381;315;"ANTONIO DIAS";"Demais falhas mecânicas ou elétricas";"Incêndio";"Sem Vítimas";"Pleno dia";"Crescente";"Sol";"Simples";"Declive";"Não";2;0;0;0;1;1;0;2;-19,69154909;-42,99258988;"SPRF-MG";"DEL03-MG";"UOP02-DEL03-MG"
387073;2021-10-02;"sábado";"10:15:00";"RJ";116;328,4;"RESENDE";"Velocidade Incompatível";"Saída de leito carroçável";"Com Vítimas Fatais";"Pleno dia";"Crescente";"Céu Claro";"Dupla";"Curva";"Não";6;1;2;0;2;1;2;3;-22,493032;-44,656355;"SPRF-RJ";"DEL07-RJ";"UOP02-DEL07-RJ"
387077;2021-10-02;"sábado";"07:00:00";"RJ";40;94;"DUQUE DE CAXIAS";"Demais falhas mecânicas ou elétricas";"Derramamento de carga";"Sem Vítimas";"Pleno dia";"Crescente";"Céu Claro";"Dupla";"Curva";"Não";3;0;0;0;2;2;0;4;-22,55763285;-43,26574352;"SPRF-RJ";"DEL01-RJ";"UOP01-DEL01-RJ"
387081;2021-10-02;"sábado";"05:40:00";"BA";116;586;"IRAJUBA";"Velocidade Incompatível";"Colisão lateral sentido oposto";"Com Vítimas Feridas";"Amanhecer";"Decrescente";"Céu Claro";"Simples";"Reta";"Não";3;0;1;0;1;1;1;3;-13,10964805;-39,99424704;"SPRF-BA";"DEL03-BA";"UOP02-DEL03-BA"
387083;2021-10-02;"sábado";"09:20:00";"PA";10;142;"PARAGOMINAS";"Avarias e/ou desgaste excessivo no pneu";"Saída de leito carroçável";"Com Vítimas Feridas";"Pleno dia";"Decrescente";"Sol";"Simples";"Reta";"Não";2;0;1;0;0;1;1;2;-3,196695;-47,484474;"SPRF-PA";"DEL02-PA";"UOP01-DEL02-PA"
387086;2021-10-02;"sábado";"11:40:00";"SC";470;121,2;"IBIRAMA";"Reação tardia ou ineficiente do condutor";"Colisão traseira";"Com Vítimas Feridas";"Pleno dia";"Decrescente";"Nublado";"Simples";"Reta";"Sim";2;0;1;0;1;0;1;2;-27,095861;-49,526859;"SPRF-SC";"DEL04-SC";"UOP02-DEL04-SC"
387089;2021-10-02;"sábado";"13:45:00";"CE";116;528;"JATI";"Velocidade Incompatível";"Tombamento";"Com Vítimas Fatais";"Pleno dia";"Decrescente";"Céu Claro";"Simples";"Declive";"Não";2;1;0;0;0;1;0;2;-7,74586804;-39,05661095;"SPRF-CE";"DEL05-CE";"UOP03-DEL05-CE"
387090;2021-10-02;"sábado";"14:20:00";"PR";369;91,5;"CORNELIO PROCOPIO";"Problema com o freio";"Saída de leito carroçável";"Com Vítimas Feridas";"Pleno dia";"Crescente";"Chuva";"Simples";"Declive;Curva;Em Obras";"Não";2;0;1;1;0;0;2;1;-23,204044;-50,655194;"SPRF-PR";"DEL07-PR";"UOP01-DEL07-PR"
387095;2021-10-02;"sábado";"14:37:00";"RS";386;349,3;"LAJEADO";"Reação tardia ou ineficiente do condutor";"Colisão lateral mesmo sentido";"Sem Vítimas";"Pleno dia";"Crescente";"Sol";"Dupla";"Reta";"Sim";3;0;0;0;2;2;0;4;-29,46812296;-51,95416331;"SPRF-RS";"DEL04-RS";"UOP02-DEL04-RS"
387102;2021-10-02;"sábado";"11:15:00";"MG";365;265;"JOAO PINHEIRO";"Demais falhas mecânicas ou elétricas";"Colisão frontal";"Com Vítimas Feridas";"Pleno dia";"Decrescente";"Céu Claro";"Simples";"Curva";"Não";4;0;2;1;1;0;3;2;-17,89529829;-45,56512948;"SPRF-MG";"DEL14-MG";"UOP02-DEL14-MG"
387107;2021-10-02;"sábado";"09:30:00";"BA";242;481;"IBITIARA";"Demais falhas mecânicas ou elétricas";"Saída de leito carroçável";"Com Vítimas Feridas";"Pleno dia";"Crescente";"Céu Claro";"Simples";"Reta";"Não";2;0;1;0;0;2;1;3;-12,45171991;-42,31907695;"SPRF-BA";"DEL06-BA";"UOP01-DEL06-BA"
387114;2021-10-02;"sábado";"15:55:00";"SC";101;12;"GARUVA";"Manobra de mudança de faixa";"Colisão lateral mesmo sentido";"Com Vítimas Feridas";"Pleno dia";"Decrescente";"Chuva";"Dupla";"Reta";"Não";3;0;0;1;1;1;1;3;-26,0866965;-48,86195183;"SPRF-SC";"DEL03-SC";"UOP01-DEL03-SC"
387118;2021-10-02;"sábado";"16:45:00";"MG";381;2;"BETIM";"Velocidade Incompatível";"Colisão com objeto";"Com Vítimas Feridas";"Pleno dia";"Crescente";"Céu Claro";"Dupla";"Curva";"Sim";2;0;1;0;0;1;1;2;-19,96825;-44,198708;"SPRF-MG";"DEL01-MG";"UOP03-DEL01-MG"
387119;2021-10-02;"sábado";"12:25:00";"PE";101;59;"RECIFE";"Reação tardia ou ineficiente do condutor";"Colisão traseira";"Com Vítimas Feridas";"Pleno dia";"Decrescente";"Sol";"Dupla";"Curva";"Sim";3;0;1;0;1;1;1;3;-7,97708575;-34,92607318;"SPRF-PE";"DEL01-PE";"UOP02-DEL01-PE"
387120;2021-10-02;"sábado";"17:00:00";"PR";116;0,3;"CAMPINA GRANDE DO SUL";"Velocidade Incompatível";"Capotamento";"Com Vítimas Fatais";"Pleno dia";"Decrescente";"Garoa/Chuvisco";"Dupla";"Curva";"Não";10;1;3;2;3;2;5;7;-25,06068238;-48,56313229;"SPRF-PR";"DEL01-PR";"UOP02-DEL01-PR"
387121;2021-10-02;"sábado";"16:12:00";"MT";158;647;"NOVA XAVANTINA";"Acessar a via sem observar a presença dos outros veículos";"Colisão lateral mesmo sentido";"Com Vítimas Fatais";"Pleno dia";"Decrescente";"Céu Claro";"Simples";"Reta";"Sim";3;1;0;0;1;2;0;4;-14,62428901;-52,35695308;"SPRF-MT";"DEL07-MT";"UOP02-DEL07-MT"
387133;2021-10-02;"sábado";"15:45:00";"TO";153;430,3;"MIRACEMA DO TOCANTINS";"Reação tardia ou ineficiente do condutor";"Saída de leito carroçável";"Com Vítimas Feridas";"Pleno dia";"Crescente";"Chuva";"Simples";"Reta";"Não";3;0;1;0;2;0;1;1;-9,66529611;-48,64658566;"SPRF-TO";"DEL01-TO";"UOP01-DEL01-TO"
387140;2021-10-02;"sábado";"15:45:00";"MA";230;395;"BALSAS";"Condutor deixou de manter distância do veículo da frente";"Colisão traseira";"Sem Vítimas";"Pleno dia";"Crescente";"Nublado";"Simples";"Reta;Aclive";"Não";4;0;0;0;3;2;0;4;-7,44963195;-46,01125609;"SPRF-MA";"DEL05-MA";"UOP01-DEL05-MA"
387144;2021-10-02;"sábado";"16:00:00";"TO";226;19;"PALMEIRAS DO TOCANTINS";"Transitar na contramão";"Tombamento";"Com Vítimas Feridas";"Pleno dia";"Decrescente";"Céu Claro";"Simples";"Reta";"Não";3;0;1;0;1;1;1;2;-6,629621;-47,605564;"SPRF-TO";"DEL02-TO";"UOP03-DEL02-TO"
387161;2021-09-02;"quinta-feira";"09:00:00";"RJ";493;6;"ITABORAI";"Conversão proibida";"Colisão lateral sentido oposto";"Com Vítimas Feridas";"Pleno dia";"Crescente";"Céu Claro";"Simples";"Reta";"Sim";3;0;1;0;2;0;1;3;-22,73124198;-42,95145305;"SPRF-RJ";"DEL02-RJ";"UOP02-DEL02-RJ"
387163;2021-10-02;"sábado";"19:20:00";"MT";364;206,9;"RONDONOPOLIS";"Ausência de reação do condutor";"Colisão traseira";"Com Vítimas Fatais";"Plena Noite";"Crescente";"Céu Claro";"Dupla";"Reta";"Sim";5;1;2;0;1;2;2;4;-16,44002636;-54,67702389;"SPRF-MT";"DEL02-MT";"UOP01-DEL02-MT"
387171;2021-10-02;"sábado";"20:15:00";"BA";20;182;"LUIS EDUARDO MAGALHAES";"Transitar na contramão";"Colisão frontal";"Com Vítimas Fatais";"Plena Noite";"Decrescente";"Céu Claro";"Simples";"Reta";"Não";5;1;1;1;1;1;2;4;-12,3537;-45,8598;"SPRF-BA";"DEL10-BA";"UOP01-DEL10-BA"
387190;2021-10-02;"sábado";"21:30:00";"BA";101;19,5;"RIO REAL";"Transitar na contramão";"Colisão frontal";"Com Vítimas Feridas";"Plena Noite";"Decrescente";"Nublado";"Simples";"Reta";"Não";2;0;0;1;0;1;1;2;-11,70104097;-37,90653104;"SPRF-SE";"DEL02-SE";"UOP03-DEL02-SE"
387197;2021-10-02;"sábado";"23:35:00";"SE";101;51;"JAPARATUBA";"Ingestão de álcool pelo condutor";"Colisão transversal";"Com Vítimas Feridas";"Plena Noite";"Decrescente";"Céu Claro";"Dupla";"Reta";"Não";3;0;1;1;1;0;2;2;-10,61153091;-36,97737715;"SPRF-SE";"DEL02-SE";"UOP02-DEL02-SE"
387202;2021-10-02;"sábado";"18:30:00";"PI";343;430,3;"LAGOINHA DO PIAUI";"Manobra de mudança de faixa";"Colisão transversal";"Com Vítimas Fatais";"Plena Noite";"Crescente";"Céu Claro";"Simples";"Reta";"Não";2;1;0;0;0;1;0;2;-5,767596;-42,612953;"SPRF-PI";"DEL01-PI";"UOP02-DEL01-PI"