"id";"data_inversa";"dia_semana";"horario";"uf";"br";"km";"municipio";"causa_acidente";"tipo_acidente";"classificacao_acidente";"fase_dia";"sentido_via";"condicao_metereologica";"tipo_pista";"tracado_via";"uso_solo";"pessoas";"mortos";"feridos_leves";"feridos_graves";"ilesos";"ignorados";"feridos";"veiculos";"latitude";"longitude";"regional";"delegacia";"uop"
387215;2021-10-02;"sábado";"18:00:00";"MT";364;25;"ALTO ARAGUAIA";"Ultrapassagem Indevida";"Colisão lateral sentido oposto";"Sem Vítimas";"Plena Noite";"Crescente";"Céu Claro";"Simples";"Aclive";"Não";2;0;0;0;0;2;0;2;-17,18398184;-53,37848084;"SPRF-MT";"DEL02-MT";"UOP02-DEL02-MT"
387237;2021-10-02;"sábado";"22:00:00";"MG";267;21,4;"ARGIRITA";"Chuva";"Colisão frontal";"Com Vítimas Feridas";"Plena Noite";"Decrescente";"Chuva";"Simples";"Curva;Ponte";"Não";2;0;0;1;1;0;1;2;-21,59274447;-42,78538272;"SPRF-MG";"DEL07-MG";"UOP01-DEL07-MG"
387242;2021-10-03;"domingo";"03:15:00";"RS";287;303;"SAO PEDRO DO SUL";"Transitar na contramão";"Colisão frontal";"Com Vítimas Fatais";"Plena Noite";"Decrescente";"Chuva";"Simples";"Reta";"Não";3;1;0;0;1;2;0;4;-29,64580054;-54,39028686;"SPRF-RS";"DEL09-RS";"UOP01-DEL09-RS"
387244;2021-10-03;"domingo";"01:30:00";"BA";242;418;"SEABRA";"Ausência de reação do condutor";"Colisão traseira";"Com Vítimas Feridas";"Plena Noite";"Decrescente";"Céu Claro";"Simples";"Declive";"Não";53;0;18;2;32;2;20;4;-12,43218557;-41,80645406;"SPRF-BA";"DEL06-BA";"UOP01-DEL06-BA"
387253;2021-10-02;"sábado";"21:15:00";"SC";158;126,9;"CAIBI";"Velocidade Incompatível";"Colisão frontal";"Com Vítimas Fatais";"Plena Noite";"Decrescente";"Nublado";"Simples";"Curva";"Não";3;1;0;0;1;1;0;3;-27,0172725;-53,2293434;"SPRF-SC";"DEL07-SC";"UOP02-DEL07-SC"
387254;2021-10-03;"domingo";"05:30:00";"MT";158;719,6;"BARRA DO GARCAS";"Demais falhas mecânicas ou elétricas";"Saída de leito carroçável";"Com Vítimas Fatais";"Amanhecer";"Crescente";"Céu Claro";"Simples";"Reta";"Não";2;2;0;0;0;0;0;1;-15,22635899;-52,1817411;"SPRF-MT";"DEL07-MT";"UOP01-DEL07-MT"
387258;2021-10-02;"sábado";"20:20:00";"MG";381;526,4;"BRUMADINHO";"Velocidade Incompatível";"Capotamento";"Com Vítimas Feridas";"Plena Noite";"Crescente";"Céu Claro";"Dupla";"Curva";"Não";1;0;1;0;0;0;1;1;-20,16175378;-44,34144636;"SPRF-MG";"DEL04-MG";"UOP03-DEL04-MG"
387263;2021-10-03;"domingo";"05:50:00";"GO";364;311;"MINEIROS";"Ausência de reação do condutor";"Colisão frontal";"Sem Vítimas";"Amanhecer";"Crescente";"Céu Claro";"Simples";"Reta";"Não";3;0;0;0;2;2;0;4;-17,482414;-52,561501;"SPRF-GO";"DEL05-GO";"UOP01-DEL05-GO"
387270;2021-10-03;"domingo";"02:00:00";"PE";232;246,5;"ARCOVERDE";"Ingestão de álcool pelo condutor";"Colisão lateral sentido oposto";"Sem Vítimas";"Plena Noite";"Decrescente";"Céu Claro";"Simples";"Reta";"Não";2;0;0;0;1;1;0;2;-8,42022198;-37,016598;"SPRF-PE";"DEL03-PE";"UOP02-DEL03-PE"
387275;2021-10-03;"domingo";"07:00:00";"PR";376;660;"TIJUCAS DO SUL";"Reação tardia ou ineficiente do condutor";"Colisão com objeto";"Sem Vítimas";"Pleno dia";"Decrescente";"Chuva";"Dupla";"Curva";"Não";2;0;0;0;1;1;0;2;-25,8516758;-49,00332398;"SPRF-PR";"DEL01-PR";"UOP04-DEL01-PR"
387277;2021-10-03;"domingo";"07:15:00";"MG";251;399,4;"GRAO MOGOL";"Ultrapassagem Indevida";"Colisão frontal";"Com Vítimas Fatais";"Pleno dia";"Decrescente";"Céu Claro";"Simples";"Reta";"Não";5;1;1;0;2;3;1;7;-16,23199208;-42,90965395;"SPRF-MG";"DEL12-MG";"UOP01-DEL12-MG"
387280;2021-10-03;"domingo";"08:30:00";"RS";386;34,5;"FREDERICO WESTPHALEN";"Acessar a via sem observar a presença dos outros veículos";"Colisão transversal";"Sem Vítimas";"Pleno dia";"Crescente";"Chuva";"Simples";"Interseção de Vias";"Sim";3;0;0;0;1;2;0;3;-27,358442;-53,388298;"SPRF-RS";"DEL08-RS";"UOP02-DEL08-RS"
387281;2021-10-03;"domingo";"06:30:00";"MT";364;190,9;"RONDONOPOLIS";"Condutor Dormindo";"Colisão lateral sentido oposto";"Com Vítimas Feridas";"Amanhecer";"Crescente";"Céu Claro";"Simples";"Reta";"Não";3;0;1;0;1;1;1;3;-16,5554419;-54,57066995;"SPRF-MT";"DEL02-MT";"UOP01-DEL02-MT"
387283;2021-10-03;"domingo";"08:30:00";"MS";163;374,4;"NOVA ALVORADA DO SUL";"Transitar na contramão";"Colisão lateral mesmo sentido";"Com Vítimas Fatais";"Pleno dia";"Crescente";"Sol";"Simples";"Aclive";"Não";5;2;0;0;2;3;0;6;-21,39332793;-54,40779977;"SPRF-MS";"DEL02-MS";"UOP01-DEL02-MS"
387296;2021-10-03;"domingo";"09:38:00";"SP";116;550,4;"BARRA DO TURVO";"Reação tardia ou ineficiente do condutor";"Colisão com objeto";"Com Vítimas Feridas";"Pleno dia";"Decrescente";"Chuva";"Simples";"Curva";"Não";2;0;1;0;0;1;1;2;-24,96602344;-48,4686327;"SPRF-SP";"DEL05-SP";"UOP02-DEL05-SP"
387312;2021-10-03;"domingo";"10:50:00";"MS";60;515,5;"NIOAQUE";"Problema com o freio";"Tombamento";"Com Vítimas Feridas";"Pleno dia";"Crescente";"Céu Claro";"Simples";"Declive";"Não";2;0;1;0;0;1;1;2;-21,17732695;-55,628235;"SPRF-MS";"DEL05-MS";"UOP01-DEL05-MS"
387315;2021-10-03;"domingo";"11:40:00";"GO";60;464;"JATAI";"Condutor deixou de manter distância do veículo da frente";"Colisão traseira";"Sem Vítimas";"Pleno dia";"Crescente";"Céu Claro";"Dupla";"Reta;Aclive";"Não";6;0;0;0;5;1;0;3;-17,883;-51,6488;"SPRF-GO";"DEL05-GO";"UOP01-DEL05-GO"
387325;2021-10-03;"domingo";"13:40:00";"PE";232;136,7;"CARUARU";"Reação tardia ou ineficiente do condutor";"Colisão traseira";"Com Vítimas Feridas";"Pleno dia";"Crescente";"Céu Claro";"Dupla";"Aclive";"Não";3;0;0;1;2;0;1;2;-8,31339932;-36,04175591;"SPRF-PE";"DEL02-PE";"UOP03-DEL02-PE"
387333;2021-09-10;"sexta-feira";"13:20:00";"GO";30;21;"FORMOSA";"Ingestão de álcool pelo condutor";"Colisão transversal";"Sem Vítimas";"Pleno dia";"Crescente";"Céu Claro";"Dupla";"Reta";"Não";4;0;0;0;3;1;0;4;-15,54961073;-47,17332508;"SPRF-DF";"DEL02-DF";"UOP01-DEL02-DF"
387335;2021-10-03;"domingo";"13:50:00";"PR";277;351;"GUARAPUAVA";"Condutor deixou de manter distância do veículo da frente";"Colisão traseira";"Sem Vítimas";"Pleno dia";"Decrescente";"Chuva";"Simples";"Reta";"Não";2;0;0;0;2;0;0;2;-25,39965018;-51,53872132;"SPRF-PR";"DEL08-PR";"UOP01-DEL08-PR"
387344;2021-10-03;"domingo";"15:30:00";"SP";116;225,5;"GUARULHOS";"Velocidade Incompatível";"Colisão traseira";"Com Vítimas Feridas";"Pleno dia";"Decrescente";"Nublado";"Múltipla";"Declive";"Sim";4;0;2;0;2;0;2;3;-23,48586772;-46,54075317;"SPRF-SP";"DEL01-SP";"UOP01-DEL01-SP"
387349;2021-10-03;"domingo";"14:30:00";"MG";459;97;"POUSO ALEGRE";"Ingestão de álcool pelo condutor";"Colisão lateral mesmo sentido";"Com Vítimas Feridas";"Pleno dia";"Decrescente";"Céu Claro";"Dupla";"Reta";"Sim";3;0;0;1;2;0;1;2;-22,199377;-45,969555;"SPRF-MG";"DEL09-MG";"UOP01-DEL09-MG"
387358;2021-10-03;"domingo";"17:45:00";"MG";262;588,2;"CAMPOS ALTOS";"Ultrapassagem Indevida";"Colisão frontal";"Com Vítimas Feridas";"Anoitecer";"Decrescente";"Céu Claro";"Simples";"Reta;Aclive";"Não";3;0;0;1;1;1;1;3;-19,6622537;-46,11856381;"SPRF-MG";"DEL08-MG";"UOP02-DEL08-MG"
387359;2021-10-03;"domingo";"11:20:00";"SC";282;345;"CAMPOS NOVOS";"Velocidade Incompatível";"Saída de leito carroçável";"Sem Vítimas";"Pleno dia";"Decrescente";"Chuva";"Simples";"Reta";"Sim";1;0;0;0;1;0;0;1;-27,374619;-51,247044;"SPRF-SC";"DEL07-SC";"UOP06-DEL07-SC"
387361;2021-10-03;"domingo";"17:30:00";"SP";116;471;"JACUPIRANGA";"Chuva";"Colisão traseira";"Com Vítimas Feridas";"Anoitecer";"Decrescente";"Garoa/Chuvisco";"Dupla";"Reta";"Não";7;0;3;0;3;1;3;3;-24,65864797;-47,96724403;"SPRF-SP";"DEL05-SP";"UOP01-DEL05-SP"
387365;2021-10-03;"domingo";"17:50:00";"SP";381;15;"BRAGANCA PAULISTA";"Mal súbito do condutor";"Colisão traseira";"Com Vítimas Feridas";"Anoitecer";"Crescente";"Chuva";"Dupla";"Aclive";"Não";3;0;1;0;1;1;1;3;-22,94909097;-46,47908707;"SPRF-SP";"DEL03-SP";"UOP01-DEL03-SP"
387384;2021-10-03;"domingo";"18:05:00";"MG";50;205;"DELTA";"Acessar a via sem observar a presença dos outros veículos";"Colisão lateral mesmo sentido";"Com Vítimas Feridas";"Anoitecer";"Decrescente";"Céu Claro";"Dupla";"Interseção de Vias";"Não";3;0;1;0;1;1;1;3;-19,92627147;-47,82191068;"SPRF-MG";"DEL13-MG";"UOP01-DEL13-MG"
387387;2021-10-03;"domingo";"18:50:00";"PE";423;81,7;"JUCATI";"Acessar a via sem observar a presença dos outros veículos";"Colisão transversal";"Sem Vítimas";"Plena Noite";"Decrescente";"Nevoeiro/Neblina";"Simples";"Aclive";"Não";4;0;0;0;1;3;0;3;-8,77445381;-36,42734142;"SPRF-PE";"DEL03-PE";"UOP01-DEL03-PE"
387389;2021-10-03;"domingo";"18:20:00";"PE";104;28;"TORITAMA";"Reação tardia ou ineficiente do condutor";"Colisão lateral mesmo sentido";"Com Vítimas Feridas";"Plena Noite";"Crescente";"Céu Claro";"Simples";"Reta";"Sim";4;0;0;1;3;0;1;3;-8,0065;-36,0709;"SPRF-PE";"DEL02-PE";"UOP01-DEL02-PE"
387403;2021-10-03;"domingo";"18:30:00";"AL";101;169;"TEOTONIO VILELA";"Condutor Dormindo";"Saída de leito carroçável";"Com Vítimas Feridas";"Pleno dia";"Crescente";"Céu Claro";"Dupla";"Reta";"Não";2;0;1;0;0;1;1;2;-9,9062329;-36,31798404;"SPRF-AL";"DEL02-AL";"UOP02-DEL02-AL"
387408;2021-10-03;"domingo";"20:30:00";"ES";262;149,7;"IBATIBA";"Demais falhas mecânicas ou elétricas";"Colisão com objeto";"Sem Vítimas";"Plena Noite";"Decrescente";"Céu Claro";"Simples";"Reta;Declive";"Não";1;0;0;0;1;0;0;1;-20,21798822;-41,43190573;"SPRF-ES";"DEL01-ES";"UOP02-DEL01-ES"
387409;2021-10-03;"domingo";"17:30:00";"PR";153;2,4;"JACAREZINHO";"Ingestão de álcool pelo condutor";"Saída de leito carroçável";"Sem Vítimas";"Pleno dia";"Crescente";"Garoa/Chuvisco";"Simples";"Reta";"Não";2;0;0;0;1;1;0;2;-23,01063981;-49,90871127;"SPRF-PR";"DEL07-PR";"UOP04-DEL07-PR"
387410;2021-10-03;"domingo";"20:15:00";"PI";316;354;"CAMPO GRANDE DO PIAUI";"Transitar na contramão";"Colisão frontal";"Com Vítimas Fatais";"Plena Noite";"Crescente";"Céu Claro";"Simples";"Reta";"Não";3;1;0;0;1;1;0;3;-7,12745957;-41,08319306;"SPRF-PI";"DEL04-PI";"UOP03-DEL04-PI"
387412;2021-10-03;"domingo";"18:40:00";"BA";242;415;"SEABRA";"Animais na Pista";"Colisão lateral sentido oposto";"Com Vítimas Feridas";"Plena Noite";"Crescente";"Céu Claro";"Simples";"Declive";"Sim";4;0;2;0;1;2;2;4;-12,42862043;-41,77926194;"SPRF-BA";"DEL06-BA";"UOP01-DEL06-BA"
387415;2021-10-03;"domingo";"19:35:00";"MG";459;9,5;"CALDAS";"Curva acentuada";"Colisão lateral sentido oposto";"Sem Vítimas";"Plena Noite";"Decrescente";"Chuva";"Simples";"Curva";"Não";2;0;0;0;2;0;0;2;-21,807894;-46,479424;"SPRF-MG";"DEL09-MG";"UOP01-DEL09-MG"
387420;2021-10-03;"domingo";"19:10:00";"SC";282;377;"ERVAL VELHO";"Reação tardia ou ineficiente do condutor";"Saída de leito carroçável";"Com Vítimas Feridas";"Plena Noite";"Crescente";"Chuva";"Simples";"Reta";"Não";1;0;1;0;0;0;1;1;-27,216974;-51,470055;"SPRF-SC";"DEL07-SC";"UOP05-DEL07-SC"
387431;2021-10-03;"domingo";"20:10:00";"RS";386;306,7;"POUSO NOVO";"Ingestão de álcool pelo condutor";"Saída de leito carroçável";"Sem Vítimas";"Plena Noite";"Decrescente";"Nublado";"Simples";"Curva";"Não";2;0;0;0;1;1;0;2;-29,194696;-52,185722;"SPRF-RS";"DEL04-RS";"UOP01-DEL04-RS"
387432;2021-10-03;"domingo";"20:40:00";"MS";262;314,6;"CAMPO GRANDE";"Pedestre andava na pista";"Atropelamento de Pedestre";"Com Vítimas Fatais";"Plena Noite";"Crescente";"Céu Claro";"Simples";"Reta";"Não";3;1;0;0;2;0;0;2;-20,47232929;-54,41992701;"SPRF-MS";"DEL01-MS";"UOP01-DEL01-MS"
387440;2021-10-03;"domingo";"21:50:00";"RJ";116;170;"SAO JOAO DE MERITI";"Reação tardia ou ineficiente do condutor";"Colisão traseira";"Com Vítimas Feridas";"Plena Noite";"Crescente";"Chuva";"Dupla";"Reta";"Sim";4;0;1;0;2;1;1;3;-22,81113183;-43,3336729;"SPRF-RJ";"DEL01-RJ";"UOP02-DEL01-RJ"
387441;2021-10-03;"domingo";"19:30:00";"PI";343;589,9;"FLORIANO";"Ausência de reação do condutor";"Colisão com objeto";"Com Vítimas Feridas";"Plena Noite";"Crescente";"Céu Claro";"Dupla";"Reta";"Sim";2;0;0;1;1;0;1;2;-6,776695;-43,009346;"SPRF-PI";"DEL03-PI";"UOP01-DEL03-PI"
387453;2021-10-03;"domingo";"19:30:00";"PE";232;493,4;"VERDEJANTE";"Desrespeitar a preferência no cruzamento";"Colisão transversal";"Com Vítimas Feridas";"Plena Noite";"Decrescente";"Céu Claro";"Simples";"Declive";"Não";3;0;0;2;1;0;2;2;-8,006575;-38,978809;"SPRF-PE";"DEL05-PE";"UOP01-DEL05-PE"
387456;2021-10-03;"domingo";"22:40:00";"MT";70;21;"BARRA DO GARCAS";"Reação tardia ou ineficiente do condutor";"Saída de leito carroçável";"Sem Vítimas";"Plena Noite";"Decrescente";"Céu Claro";"Simples";"Aclive;Reta";"Não";2;0;0;0;1;1;0;2;-15,84439255;-52,43236294;"SPRF-MT";"DEL07-MT";"UOP01-DEL07-MT"
387457;2021-10-03;"domingo";"22:55:00";"PR";163;185,1;"SANTA TEREZA DO OESTE";"Ingestão de álcool pelo condutor";"Saída de leito carroçável";"Com Vítimas Feridas";"Plena Noite";"Crescente";"Chuva";"Dupla";"Curva";"Não";2;0;1;0;0;1;1;2;-25,11590198;-53,58503575;"SPRF-PR";"DEL05-PR";"UOP05-DEL05-PR"
387463;2021-10-03;"domingo";"22:10:00";"SP";116;316;"JUQUITIBA";"Velocidade Incompatível";"Saída de leito carroçável";"Sem Vítimas";"Plena Noite";"Crescente";"Chuva";"Dupla";"Curva";"Não";1;0;0;0;1;0;0;1;-23,91054997;-46,99149375;"SPRF-SP";"DEL04-SP";"UOP01-DEL04-SP"
387467;2021-10-04;"segunda-feira";"00:10:00";"PR";116;33;"CAMPINA GRANDE DO SUL";"Chuva";"Saída de leito carroçável";"Sem Vítimas";"Plena Noite";"Decrescente";"Chuva";"Dupla";"Aclive;Reta";"Não";3;0;0;0;2;1;0;2;-25,1152842;-48,84917378;"SPRF-PR";"DEL01-PR";"UOP02-DEL01-PR"
387468;2021-10-04;"segunda-feira";"00:35:00";"MG";262;356,7;"BETIM";"Ausência de reação do condutor";"Saída de leito carroçável";"Com Vítimas Feridas";"Plena Noite";"Decrescente";"Céu Claro";"Dupla";"Reta";"Não";1;0;1;0;0;0;1;1;-19,96890716;-44,18104581;"SPRF-MG";"DEL01-MG";"UOP03-DEL01-MG"
387469;2021-10-04;"segunda-feira";"00:45:00";"RS";285;430,3;"PANAMBI";"Velocidade Incompatível";"Colisão com objeto";"Com Vítimas Feridas";"Plena Noite";"Crescente";"Nublado";"Simples";"Ponte";"Não";1;0;0;1;0;0;1;1;-28,324062;-53,647778;"SPRF-RS";"DEL10-RS";"UOP01-DEL10-RS"
387476;2021-10-04;"segunda-feira";"01:45:00";"RS";386;190;"SANTO ANTONIO DO PLANALTO";"Transitar na contramão";"Colisão lateral sentido oposto";"Com Vítimas Feridas";"Plena Noite";"Crescente";"Nublado";"Simples";"Reta";"Sim";2;0;1;0;1;0;1;2;-28,380714;-52,703381;"SPRF-RS";"DEL08-RS";"UOP01-DEL08-RS"
387479;2021-10-03;"domingo";"22:25:00";"GO";153;179,8;"CAMPINORTE";"Condutor Dormindo";"Colisão frontal";"Com Vítimas Feridas";"Plena Noite";"Crescente";"Céu Claro";"Simples";"Reta";"Sim";6;0;3;0;3;0;3;2;-14;-49;"SPRF-GO";"DEL07-GO";"UOP02-DEL07-GO"
387481;2021-10-04;"segunda-feira";"00:30:00";"BA";110;375,3;"SAO SEBASTIAO DO PASSE";"Velocidade Incompatível";"Saída de leito carroçável";"Com Vítimas Feridas";"Plena Noite";"Crescente";"Céu Claro";"Simples";"Curva";"Não";1;0;0;1;0;0;1;1;-12,41306752;-38,4670231;"SPRF-BA";"DEL01-BA";"UOP01-DEL01-BA"
387483;2021-10-04;"segunda-feira";"03:45:00";"PR";277;406;"CANDOI";"Chuva";"Saída de leito carroçável";"Sem Vítimas";"Plena Noite";"Decrescente";"Chuva";"Simples";"Curva";"Não";1;0;0;0;1;0;0;1;-25,4448093;-51,97419004;"SPRF-PR";"DEL04-PR";"UOP02-DEL04-PR"
387487;2021-10-04;"segunda-feira";"04:20:00";"AL";316;242;"ATALAIA";"Demais falhas mecânicas ou elétricas";"Tombamento";"Sem Vítimas";"Amanhecer";"Crescente";"Nevoeiro/Neblina";"Simples";"Reta";"Sim";3;0;0;0;3;0;0;3;-9,50727405;-36,02113501;"SPRF-AL";"DEL01-AL";"UOP01-DEL01-AL"
387495;2021-10-04;"segunda-feira";"06:40:00";"MG";116;417,8;"GOVERNADOR VALADARES";"Condutor deixou de manter distância do veículo da frente";"Colisão traseira";"Com Vítimas Feridas";"Pleno dia";"Crescente";"Céu Claro";"Simples";"Reta";"Sim";5;0;1;0;4;0;1;2;-18,90130308;-41,94492414;"SPRF-MG";"DEL06-MG";"UOP01-DEL06-MG"
387497;2021-10-04;"segunda-feira";"08:00:00";"PB";230;15,3;"JOAO PESSOA";"Avarias e/ou desgaste excessivo no pneu";"Tombamento";"Com Vítimas Feridas";"Pleno dia";"Decrescente";"Céu Claro";"Dupla";"Reta";"Sim";3;0;2;0;1;0;2;2;-7,093;-34,8482;"SPRF-PB";"DEL01-PB";"UOP01-DEL01-PB"
387499;2021-10-04;"segunda-feira";"07:00:00";"PR";277;610;"SANTA TEREZA DO OESTE";"Acessar a via sem observar a presença dos outros veículos";"Colisão transversal";"Com Vítimas Feridas";"Pleno dia";"Decrescente";"Garoa/Chuvisco";"Simples";"Reta";"Sim";2;0;1;0;1;0;1;2;-25,05111043;-53,62214392;"SPRF-PR";"DEL05-PR";"UOP02-DEL05-PR"
387509;2021-10-04;"segunda-feira";"07:45:00";"SC";101;44,6;"JOINVILLE";"Falta de acostamento";"Colisão lateral mesmo sentido";"Com Vítimas Feridas";"Pleno dia";"Crescente";"Chuva";"Simples";"Reta";"Sim";2;0;1;0;0;1;1;2;-26,34483533;-48,85786414;"SPRF-SC";"DEL03-SC";"UOP01-DEL03-SC"
387511;2021-10-04;"segunda-feira";"08:10:00";"SP";116;180;"SANTA ISABEL";"Ausência de reação do condutor";"Engavetamento";"Com Vítimas Feridas";"Pleno dia";"Decrescente";"Céu Claro";"Múltipla";"Reta";"Não";4;0;1;0;3;0;1;4;-23,336372;-46,14513;"SPRF-SP";"DEL01-SP";"UOP01-DEL01-SP"
387514;2021-10-04;"segunda-feira";"08:15:00";"PB";230;163,2;"CAMPINA GRANDE";"Ultrapassagem Indevida";"Colisão lateral mesmo sentido";"Com Vítimas Feridas";"Pleno dia";"Decrescente";"Sol";"Simples";"Reta";"Não";3;0;2;0;0;1;2;2;-7,2198;-35,9443;"SPRF-PB";"DEL02-PB";"UOP01-DEL02-PB"
387518;2021-10-04;"segunda-feira";"09:00:00";"PB";101;87;"JOAO PESSOA";"Condutor deixou de manter distância do veículo da frente";"Tombamento";"Com Vítimas Feridas";"Pleno dia";"Crescente";"Sol";"Dupla";"Reta";"Sim";3;0;1;1;1;0;2;3;-7,1622;-34,9031;"SPRF-PB";"DEL01-PB";"UOP01-DEL01-PB"
387520;2021-10-04;"segunda-feira";"07:50:00";"MG";267;27,8;"ARGIRITA";"Transitar na contramão";"Colisão frontal";"Com Vítimas Feridas";"Pleno dia";"Crescente";"Nublado";"Simples";"Declive";"Não";3;0;0;1;2;0;1;2;-21,62218533;-42,82361977;"SPRF-MG";"DEL07-MG";"UOP01-DEL07-MG"
387521;2021-10-04;"segunda-feira";"06:45:00";"SC";470;118,7;"IBIRAMA";"Velocidade Incompatível";"Saída de leito carroçável";"Com Vítimas Feridas";"Pleno dia";"Crescente";"Garoa/Chuvisco";"Simples";"Rotatória";"Não";1;0;0;1;0;0;1;1;-27,082176;-49,511818;"SPRF-SC";"DEL04-SC";"UOP02-DEL04-SC"
387522;2021-08-08;"domingo";"19:45:00";"SC";470;147;"RIO DO SUL";"Transitar na contramão";"Colisão frontal";"Com Vítimas Feridas";"Plena Noite";"Decrescente";"Céu Claro";"Simples";"Reta";"Sim";3;0;1;0;1;1;1;3;-27,243439;-49,690025;"SPRF-SC";"DEL04-SC";"UOP02-DEL04-SC"
387530;2021-10-04;"segunda-feira";"10:00:00";"RS";386;35,5;"FREDERICO WESTPHALEN";"Acessar a via sem observar a presença dos outros veículos";"Colisão transversal";"Com Vítimas Feridas";"Pleno dia";"Decrescente";"Nublado";"Simples";"Reta";"Sim";4;0;2;0;1;1;2;3;-27,36764696;-53,39727575;"SPRF-RS";"DEL08-RS";"UOP02-DEL08-RS"
387533;2021-10-04;"segunda-feira";"10:45:00";"MG";40;366,5;"FELIXLANDIA";"Mal súbito do condutor";"Colisão frontal";"Com Vítimas Feridas";"Pleno dia";"Decrescente";"Céu Claro";"Simples";"Curva";"Não";2;0;1;1;0;0;2;2;-18,78936;-44,80453;"SPRF-MG";"DEL02-MG";"UOP01-DEL02-MG"
387539;2021-08-22;"domingo";"03:15:00";"RS";116;265;"CANOAS";"Condutor desrespeitou a iluminação vermelha do semáforo";"Colisão lateral mesmo sentido";"Sem Vítimas";"Plena Noite";"Crescente";"Céu Claro";"Simples";"Reta";"Sim";2;0;0;0;2;0;0;2;-29,92342302;-51,17780944;"SPRF-RS";"DEL01-RS";"UOP01-DEL01-RS"
387540;2021-10-04;"segunda-feira";"08:00:00";"BA";324;453;"RIACHAO DO JACUIPE";"Ausência de reação do condutor";"Colisão frontal";"Com Vítimas Feridas";"Pleno dia";"Crescente";"Céu Claro";"Simples";"Reta";"Não";5;0;2;0;3;0;2;3;-11,89284289;-39,28311192;"SPRF-BA";"DEL02-BA";"UOP01-DEL02-BA"
387541;2021-10-03;"domingo";"11:00:00";"RJ";116;98;"GUAPIMIRIM";"Reação tardia ou ineficiente do condutor";"Tombamento";"Sem Vítimas";"Pleno dia";"Decrescente";"Céu Claro";"Simples";"Curva";"Não";1;0;0;0;1;0;0;1;-22,48285706;-42,99723936;"SPRF-RJ";"DEL04-RJ";"UOP02-DEL04-RJ"
387549;2021-10-04;"segunda-feira";"11:30:00";"GO";60;129;"GOIANIA";"Condutor deixou de manter distância do veículo da frente";"Saída de leito carroçável";"Com Vítimas Feridas";"Pleno dia";"Crescente";"Céu Claro";"Dupla";"Reta";"Não";2;0;1;0;1;0;1;2;-16,5587;-49,1534;"SPRF-GO";"DEL01-GO";"UOP01-DEL01-GO"
387554;2021-10-04;"segunda-feira";"12:25:00";"RS";290;116,2;"ELDORADO DO SUL";"Condutor deixou de manter distância do veículo da frente";"Saída de leito carroçável";"Sem Vítimas";"Pleno dia";"Decrescente";"Sol";"Simples";"Reta";"Não";1;0;0;0;1;0;0;1;-30,046543;-51,367748;"SPRF-RS";"DEL02-RS";"UOP01-DEL02-RS"
387555;2021-09-13;"segunda-feira";"14:30:00";"GO";153;521,2;"HIDROLANDIA";"Acessar a via sem observar a presença dos outros veículos";"Colisão transversal";"Sem Vítimas";"Pleno dia";"Decrescente";"Sol";"Dupla";"Reta";"Sim";4;0;0;0;3;1;0;4;-16,8937;-49,2557;"SPRF-GO";"DEL01-GO";"UOP03-DEL01-GO"
387556;2021-09-29;"quarta-feira";"12:15:00";"GO";158;170;"CAIAPONIA";"Pista esburacada";"Tombamento";"Com Vítimas Feridas";"Pleno dia";"Crescente";"Céu Claro";"Simples";"Reta";"Não";2;0;1;0;0;2;1;3;-17,06392318;-51,85793273;"SPRF-GO";"DEL05-GO";"UOP01-DEL05-GO"
387561;2021-10-04;"segunda-feira";"12:40:00";"PI";343;345;"TERESINA";"Condutor desrespeitou a iluminação vermelha do semáforo";"Colisão transversal";"Sem Vítimas";"Pleno dia";"Decrescente";"Céu Claro";"Dupla";"Interseção de Vias";"Sim";2;0;0;0;1;1;0;2;-5,102889;-42,766506;"SPRF-PI";"DEL01-PI";"UOP01-DEL01-PI"
387564;2021-10-04;"segunda-feira";"08:47:00";"MA";10;326;"ACAILANDIA";"Ausência de reação do condutor";"Saída de leito carroçável";"Com Vítimas Fatais";"Pleno dia";"Decrescente";"Céu Claro";"Simples";"Reta";"Não";1;1;0;0;0;0;0;1;-4,899301;-47,510666;"SPRF-MA";"DEL04-MA";"UOP03-DEL04-MA"
387566;2021-10-04;"segunda-feira";"13:45:00";"PA";316;55,5;"CASTANHAL";"Carga excessiva e/ou mal acondicionada";"Derramamento de carga";"Sem Vítimas";"Pleno dia";"Decrescente";"Sol";"Dupla";"Reta";"Sim";2;0;0;0;2;0;0;2;-1,30561339;-47,99919919;"SPRF-PA";"DEL01-PA";"UOP01-DEL01-PA"
387575;2021-10-04;"segunda-feira";"14:30:00";"RJ";101;269;"RIO BONITO";"Condutor Dormindo";"Saída de leito carroçável";"Com Vítimas Feridas";"Pleno dia";"Decrescente";"Céu Claro";"Dupla";"Reta";"Sim";2;0;0;1;1;0;1;1;-22,71495082;-42,67804708;"SPRF-RJ";"DEL02-RJ";"UOP03-DEL02-RJ"
387576;2021-10-04;"segunda-feira";"11:30:00";"MS";158;29,3;"PARANAIBA";"Afundamento ou ondulação no pavimento";"Tombamento";"Com Vítimas Feridas";"Pleno dia";"Crescente";"Céu Claro";"Simples";"Reta;Aclive";"Não";2;0;1;0;0;2;1;3;-19,2301581;-51,51973627;"SPRF-MS";"DEL08-MS";"UOP01-DEL08-MS"