"id";"data_inversa";"dia_semana";"horario";"uf";"br";"km";"municipio";"causa_acidente";"tipo_acidente";"classificacao_acidente";"fase_dia";"sentido_via";"condicao_metereologica";"tipo_pista";"tracado_via";"uso_solo";"pessoas";"mortos";"feridos_leves";"feridos_graves";"ilesos";"ignorados";"feridos";"veiculos";"latitude";"longitude";"regional";"delegacia";"uop"
388100;2021-10-07;"quinta-feira";"11:40:00";"SC";101;91;"BARRA VELHA";"Problema na suspensão";"Colisão com objeto";"Com Vítimas Feridas";"Pleno dia";"Crescente";"Nublado";"Múltipla";"Reta";"Sim";2;0;1;0;0;1;1;2;-26,67120698;-48,69011814;"SPRF-SC";"DEL03-SC";"UOP02-DEL03-SC"
388101;2021-10-07;"quinta-feira";"14:10:00";"RN";226;109;"SANTA CRUZ";"Problema com o freio";"Saída de leito carroçável";"Com Vítimas Feridas";"Pleno dia";"Decrescente";"Céu Claro";"Simples";"Reta";"Sim";2;0;1;0;1;0;1;2;-6,23557582;-36,01208682;"SPRF-RN";"DEL03-RN";"UOP02-DEL03-RN"
388102;2021-10-07;"quinta-feira";"10:00:00";"PR";277;122;"CAMPO LARGO";"Velocidade Incompatível";"Saída de leito carroçável";"Sem Vítimas";"Pleno dia";"Decrescente";"Nublado";"Dupla";"Curva";"Não";2;0;0;0;1;2;0;3;-25,44344167;-49,45985402;"SPRF-PR";"DEL01-PR";"UOP03-DEL03-PR"
388108;2021-10-07;"quinta-feira";"13:40:00";"MT";364;349;"SANTO ANTONIO DO LEVERGER";"Ausência de reação do condutor";"Colisão traseira";"Com Vítimas Fatais";"Pleno dia";"Crescente";"Céu Claro";"Dupla";"Declive";"Não";3;1;0;0;1;4;0;6;-15,80502622;-55,5546431;"SPRF-MT";"DEL05-MT";"UOP02-DEL05-MT"
388111;2021-10-07;"quinta-feira";"14:40:00";"ES";101;335,7;"GUARAPARI";"Condutor deixou de manter distância do veículo da frente";"Colisão traseira";"Com Vítimas Feridas";"Pleno dia";"Decrescente";"Céu Claro";"Simples";"Curva";"Não";3;0;1;0;1;1;1;3;-20,62718356;-40,52742029;"SPRF-ES";"DEL03-ES";"UOP01-DEL03-ES"
388114;2021-10-07;"quinta-feira";"13:20:00";"RJ";40;93;"DUQUE DE CAXIAS";"Chuva";"Tombamento";"Com Vítimas Feridas";"Pleno dia";"Crescente";"Chuva";"Múltipla";"Curva";"Sim";1;0;1;0;0;0;1;1;-22,5554282;-43,25829998;"SPRF-RJ";"DEL06-RJ";"UOP01-DEL06-RJ"
388120;2021-10-07;"quinta-feira";"15:20:00";"RJ";116;223,9;"PIRAI";"Demais falhas mecânicas ou elétricas";"Saída de leito carroçável";"Com Vítimas Feridas";"Pleno dia";"Decrescente";"Nublado";"Simples";"Curva;Declive";"Não";1;0;1;0;0;0;1;1;-22,67589856;-43,83120798;"SPRF-RJ";"DEL07-RJ";"UOP01-DEL07-RJ"
388122;2021-10-07;"quinta-feira";"15:20:00";"SP";116;282,5;"EMBU DAS ARTES";"Condutor deixou de manter distância do veículo da frente";"Tombamento";"Com Vítimas Feridas";"Pleno dia";"Crescente";"Céu Claro";"Dupla";"Reta";"Não";4;0;0;2;2;0;2;3;-23,68570216;-46,85970975;"SPRF-SP";"DEL04-SP";"UOP01-DEL04-SP"
388125;2021-10-07;"quinta-feira";"15:00:00";"GO";153;257;"SAO LUIZ DO NORTE";"Transitar na contramão";"Colisão frontal";"Com Vítimas Fatais";"Pleno dia";"Decrescente";"Céu Claro";"Simples";"Reta";"Não";4;1;0;1;1;2;1;4;-14,971179;-49,390545;"SPRF-GO";"DEL07-GO";"UOP02-DEL07-GO"
388140;2021-10-07;"quinta-feira";"15:30:00";"MT";163;816,5;"SINOP";"Desrespeitar a preferência no cruzamento";"Colisão transversal";"Sem Vítimas";"Pleno dia";"Decrescente";"Nublado";"Simples";"Retorno Regulamentado;Interseção de Vias;Reta";"Não";10;0;0;0;9;2;0;4;-12,157108;-55,51313;"SPRF-MT";"DEL06-MT";"UOP01-DEL06-MT"
388142;2021-10-07;"quinta-feira";"15:20:00";"RO";174;15;"VILHENA";"Acessar a via sem observar a presença dos outros veículos";"Saída de leito carroçável";"Com Vítimas Feridas";"Pleno dia";"Crescente";"Céu Claro";"Simples";"Interseção de Vias";"Sim";2;0;1;0;1;0;1;2;-12,723321;-60,12801;"SPRF-RO";"DEL04-RO";"UOP01-DEL04-RO"
388151;2021-07-23;"sexta-feira";"17:00:00";"MG";365;405,7;"PATOS DE MINAS";"Velocidade Incompatível";"Colisão traseira";"Com Vítimas Feridas";"Pleno dia";"Crescente";"Sol";"Simples";"Interseção de Vias";"Não";3;0;2;1;0;0;3;2;-18,63227692;-46,47272587;"SPRF-MG";"DEL10-MG";"UOP01-DEL10-MG"
388153;2021-10-07;"quinta-feira";"16:45:00";"MG";381;869;"POUSO ALEGRE";"Manobra de mudança de faixa";"Colisão traseira";"Com Vítimas Feridas";"Pleno dia";"Crescente";"Céu Claro";"Dupla";"Reta";"Sim";4;0;1;0;1;3;1;5;-22,42671983;-45,97163217;"SPRF-MG";"DEL16-MG";"UOP01-DEL16-MG"
388162;2021-10-07;"quinta-feira";"16:00:00";"GO";153;135;"MARA ROSA";"Falta de elemento de contenção que evite a saída do leito carroçável";"Saída de leito carroçável";"Com Vítimas Feridas";"Pleno dia";"Decrescente";"Céu Claro";"Simples";"Declive;Ponte";"Não";1;0;1;0;0;0;1;1;-13,955141;-49,086926;"SPRF-GO";"DEL07-GO";"UOP01-DEL07-GO"
388164;2021-10-07;"quinta-feira";"18:30:00";"PR";116;47;"CAMPINA GRANDE DO SUL";"Desrespeitar a preferência no cruzamento";"Colisão transversal";"Com Vítimas Feridas";"Plena Noite";"Crescente";"Garoa/Chuvisco";"Dupla";"Retorno Regulamentado;Reta";"Não";3;0;0;1;1;1;1;3;-25,21058799;-48,89720903;"SPRF-PR";"DEL01-PR";"UOP02-DEL01-PR"
388170;2021-10-07;"quinta-feira";"19:30:00";"MG";50;69;"UBERLANDIA";"Carga excessiva e/ou mal acondicionada";"Tombamento";"Com Vítimas Feridas";"Plena Noite";"Decrescente";"Céu Claro";"Dupla";"Reta";"Não";1;0;1;0;0;0;1;1;-18,85140204;-48,25345932;"SPRF-MG";"DEL15-MG";"UOP01-DEL15-MG"
388172;2021-10-07;"quinta-feira";"19:30:00";"RS";386;291,5;"POUSO NOVO";"Ultrapassagem Indevida";"Colisão lateral mesmo sentido";"Com Vítimas Feridas";"Plena Noite";"Decrescente";"Céu Claro";"Simples";"Curva";"Não";4;0;1;0;1;2;1;4;-29,098166;-52,249744;"SPRF-RS";"DEL04-RS";"UOP01-DEL04-RS"
388174;2021-10-07;"quinta-feira";"20:00:00";"PR";376;1;"SAO JOSE DOS PINHAIS";"Ingestão de álcool pelo condutor";"Colisão traseira";"Com Vítimas Feridas";"Plena Noite";"Crescente";"Nublado";"Dupla";"Reta";"Não";4;0;1;0;3;0;1;4;-25,5307;-49,1958;"SPRF-PR";"DEL01-PR";"UOP04-DEL01-PR"
388182;2021-10-07;"quinta-feira";"17:10:00";"BA";116;25,7;"VITORIA DA CONQUISTA";"Acessar a via sem observar a presença dos outros veículos";"Colisão lateral sentido oposto";"Com Vítimas Feridas";"Anoitecer";"Crescente";"Céu Claro";"Simples";"Reta";"Não";2;0;0;1;0;1;1;2;-14,85275;-40,80059;"SPRF-BA";"DEL08-BA";"UOP01-DEL08-BA"
388183;2021-09-05;"domingo";"19:00:00";"CE";222;238,5;"SOBRAL";"Transitar na contramão";"Colisão frontal";"Com Vítimas Fatais";"Plena Noite";"Crescente";"Céu Claro";"Simples";"Reta";"Não";2;1;0;0;1;0;0;2;-3,73065275;-40,47534943;"SPRF-CE";"DEL04-CE";"UOP01-DEL04-CE"
388185;2021-10-07;"quinta-feira";"20:10:00";"MS";163;714;"RIO VERDE DE MATO GROSSO";"Objeto estático sobre o leito carroçável";"Colisão com objeto";"Sem Vítimas";"Plena Noite";"Crescente";"Céu Claro";"Simples";"Reta";"Não";3;0;0;0;2;1;0;3;-18,64290896;-54,78331204;"SPRF-MS";"DEL06-MS";"UOP01-DEL06-MS"
388191;2021-10-07;"quinta-feira";"20:40:00";"MG";381;386,8;"SAO GONCALO DO RIO ABAIXO";"Demais falhas mecânicas ou elétricas";"Incêndio";"Sem Vítimas";"Plena Noite";"Crescente";"Céu Claro";"Simples";"Reta;Aclive";"Não";2;0;0;0;1;1;0;2;-19,81883799;-43,39337826;"SPRF-MG";"DEL01-MG";"UOP01-DEL01-MG"
388195;2021-09-24;"sexta-feira";"04:00:00";"BA";101;674;"ITAPEBI";"Velocidade Incompatível";"Tombamento";"Sem Vítimas";"Plena Noite";"Decrescente";"Céu Claro";"Simples";"Curva;Declive";"Não";2;0;0;0;1;1;0;2;-16,03453306;-39,60926414;"SPRF-BA";"DEL09-BA";"UOP01-DEL09-BA"
388199;2021-10-07;"quinta-feira";"20:40:00";"SP";116;430;"REGISTRO";"Reação tardia ou ineficiente do condutor";"Colisão com objeto";"Com Vítimas Feridas";"Plena Noite";"Crescente";"Chuva";"Dupla";"Reta";"Não";1;0;1;0;0;0;1;1;-24,40730885;-47,7459871;"SPRF-SP";"DEL05-SP";"UOP01-DEL05-SP"
388202;2021-10-07;"quinta-feira";"16:20:00";"MG";116;643,9;"FERVEDOURO";"Curva acentuada";"Tombamento";"Com Vítimas Feridas";"Pleno dia";"Crescente";"Céu Claro";"Simples";"Curva";"Não";3;0;0;1;0;2;1;3;-20,66154092;-42,26743625;"SPRF-MG";"DEL07-MG";"UOP03-DEL07-MG"
388204;2021-10-07;"quinta-feira";"23:55:00";"SC";101;262;"GAROPABA";"Condutor Dormindo";"Saída de leito carroçável";"Com Vítimas Feridas";"Plena Noite";"Crescente";"Nublado";"Dupla";"Reta";"Não";2;0;0;1;0;1;1;2;-28,03523722;-48,70904001;"SPRF-SC";"DEL02-SC";"UOP03-DEL02-SC"
388206;2021-10-07;"quinta-feira";"20:18:00";"MT";163;48,9;"ITIQUIRA";"Reação tardia ou ineficiente do condutor";"Tombamento";"Sem Vítimas";"Plena Noite";"Decrescente";"Céu Claro";"Dupla";"Reta";"Não";2;0;0;0;1;1;0;2;-17,09252;-54,760235;"SPRF-MT";"DEL02-MT";"UOP01-DEL02-MT"
388207;2021-10-08;"sexta-feira";"02:50:00";"SP";116;444;"REGISTRO";"Objeto estático sobre o leito carroçável";"Colisão traseira";"Com Vítimas Feridas";"Plena Noite";"Crescente";"Garoa/Chuvisco";"Dupla";"Reta";"Sim";4;0;1;1;1;1;2;3;-24,49129421;-47,83614553;"SPRF-SP";"DEL05-SP";"UOP01-DEL05-SP"
388208;2021-10-08;"sexta-feira";"01:20:00";"SC";282;191,2;"LAGES";"Ingestão de álcool pelo condutor";"Colisão lateral sentido oposto";"Sem Vítimas";"Plena Noite";"Crescente";"Céu Claro";"Simples";"Reta";"Não";2;0;0;0;1;1;0;2;-27,739349;-50,046421;"SPRF-SC";"DEL05-SC";"UOP01-DEL05-SC"
388209;2021-10-08;"sexta-feira";"00:40:00";"MG";262;708,7;"ARAXA";"Demais falhas mecânicas ou elétricas";"Incêndio";"Sem Vítimas";"Plena Noite";"Decrescente";"Nublado";"Simples";"Reta";"Não";1;0;0;0;0;1;0;1;-19,59268867;-47,12786008;"SPRF-MG";"DEL08-MG";"UOP01-DEL08-MG"
388210;2021-10-08;"sexta-feira";"01:50:00";"SC";101;41,2;"JOINVILLE";"Desrespeitar a preferência no cruzamento";"Colisão transversal";"Com Vítimas Feridas";"Plena Noite";"Decrescente";"Garoa/Chuvisco";"Simples";"Rotatória;Interseção de Vias;Viaduto";"Sim";22;0;9;0;11;3;9;5;-26,28215489;-48,88973081;"SPRF-SC";"DEL03-SC";"UOP01-DEL03-SC"
388213;2021-10-08;"sexta-feira";"03:00:00";"PR";116;7;"CAMPINA GRANDE DO SUL";"Chuva";"Saída de leito carroçável";"Sem Vítimas";"Plena Noite";"Crescente";"Chuva";"Dupla";"Curva";"Não";1;0;0;0;1;0;0;1;-25,08235366;-48,61499799;"SPRF-PR";"DEL01-PR";"UOP02-DEL01-PR"
388215;2021-10-08;"sexta-feira";"04:45:00";"SP";116;230;"SAO PAULO";"Entrada inopinada do pedestre";"Atropelamento de Pedestre";"Com Vítimas Feridas";"Amanhecer";"Decrescente";"Nublado";"Múltipla";"Reta";"Sim";2;0;1;0;0;1;1;2;-23,52251783;-46,5855702;"SPRF-SP";"DEL01-SP";"UOP01-DEL01-SP"
388218;2021-10-08;"sexta-feira";"01:20:00";"AL";316;242,8;"ATALAIA";"Declive acentuado";"Saída de leito carroçável";"Sem Vítimas";"Plena Noite";"Crescente";"Céu Claro";"Simples";"Curva";"Não";2;0;0;0;1;1;0;2;-9,50727405;-36,02113501;"SPRF-AL";"DEL01-AL";"UOP01-DEL01-AL"
388232;2021-10-07;"quinta-feira";"22:04:00";"GO";452;20;"RIO VERDE";"Conversão proibida";"Colisão transversal";"Com Vítimas Feridas";"Plena Noite";"Decrescente";"Céu Claro";"Simples";"Reta";"Não";2;0;0;1;1;0;1;2;-17,8687406;-50,73337771;"SPRF-GO";"DEL04-GO";"UOP01-DEL04-GO"
388233;2021-10-08;"sexta-feira";"07:08:00";"RS";116;149,9;"CAXIAS DO SUL";"Manobra de mudança de faixa";"Colisão lateral mesmo sentido";"Com Vítimas Feridas";"Pleno dia";"Crescente";"Nublado";"Dupla";"Rotatória";"Sim";2;0;1;0;1;0;1;2;-29,15996905;-51,15645292;"SPRF-RS";"DEL05-RS";"UOP01-DEL05-RS"
388246;2021-10-08;"sexta-feira";"08:20:00";"AL";316;137,9;"ESTRELA DE ALAGOAS";"Transitar na contramão";"Colisão frontal";"Com Vítimas Fatais";"Pleno dia";"Crescente";"Céu Claro";"Simples";"Reta";"Não";2;1;0;0;1;0;0;2;-9,38820213;-36,78502098;"SPRF-AL";"DEL03-AL";"UOP01-DEL03-AL"
388247;2021-10-08;"sexta-feira";"08:20:00";"PE";101;68,5;"RECIFE";"Condutor deixou de manter distância do veículo da frente";"Colisão traseira";"Com Vítimas Feridas";"Pleno dia";"Crescente";"Céu Claro";"Dupla";"Reta";"Sim";2;0;1;0;1;0;1;2;-8,05074296;-34,94580619;"SPRF-PE";"DEL01-PE";"UOP01-DEL01-PE"
388255;2021-10-08;"sexta-feira";"09:10:00";"MG";365;333;"VARJAO DE MINAS";"Pista Escorregadia";"Colisão frontal";"Com Vítimas Feridas";"Pleno dia";"Decrescente";"Garoa/Chuvisco";"Simples";"Reta";"Não";3;0;1;0;1;1;1;3;-18,315;-45,9724;"SPRF-MG";"DEL10-MG";"UOP01-DEL10-MG"
388256;2021-10-08;"sexta-feira";"04:30:00";"MT";70;665;"CACERES";"Demais falhas mecânicas ou elétricas";"Tombamento";"Com Vítimas Feridas";"Plena Noite";"Crescente";"Céu Claro";"Simples";"Reta";"Não";2;0;1;0;0;1;1;2;-16,09661884;-57,29301453;"SPRF-MT";"DEL03-MT";"UOP02-DEL03-MT"
388262;2021-10-08;"sexta-feira";"06:50:00";"MG";251;477,1;"FRANCISCO SA";"Demais falhas mecânicas ou elétricas";"Incêndio";"Sem Vítimas";"Pleno dia";"Crescente";"Céu Claro";"Simples";"Reta";"Não";2;0;0;0;1;1;0;2;-16,468982;-43,48431;"SPRF-MG";"DEL12-MG";"UOP01-DEL12-MG"
388263;2021-10-08;"sexta-feira";"10:20:00";"BA";101;508;"ITABUNA";"Frear bruscamente";"Colisão lateral sentido oposto";"Sem Vítimas";"Pleno dia";"Crescente";"Sol";"Dupla";"Reta";"Não";2;0;0;0;2;0;0;2;-14,97000197;-39,31996203;"SPRF-BA";"DEL05-BA";"UOP01-DEL05-BA"
388266;2021-10-08;"sexta-feira";"09:15:00";"MS";262;66,3;"TRES LAGOAS";"Ultrapassagem Indevida";"Colisão traseira";"Com Vítimas Feridas";"Pleno dia";"Decrescente";"Céu Claro";"Simples";"Reta";"Não";5;0;2;0;2;1;2;3;-20,69342477;-52,1989979;"SPRF-MS";"DEL07-MS";"UOP01-DEL07-MS"
388267;2021-10-08;"sexta-feira";"10:30:00";"PR";376;126,5;"BALSA NOVA";"Velocidade Incompatível";"Colisão traseira";"Com Vítimas Feridas";"Pleno dia";"Decrescente";"Nublado";"Simples";"Declive";"Não";4;0;1;0;2;2;1;5;-25,4702075;-49,6158689;"SPRF-PR";"DEL09-PR";"UOP02-DEL09-PR"
388268;2021-09-26;"domingo";"07:40:00";"GO";153;61;"PORANGATU";"Ingestão de álcool pelo condutor";"Colisão traseira";"Com Vítimas Feridas";"Pleno dia";"Decrescente";"Nublado";"Simples";"Reta";"Não";3;0;1;0;2;0;1;3;-13,35297;-49,12318;"SPRF-GO";"DEL07-GO";"UOP01-DEL07-GO"
388273;2021-10-08;"sexta-feira";"10:30:00";"RJ";356;48;"ITAPERUNA";"Velocidade Incompatível";"Tombamento";"Com Vítimas Feridas";"Pleno dia";"Decrescente";"Nublado";"Simples";"Curva";"Não";2;0;1;0;0;1;1;2;-21,251971;-41,783321;"SPRF-RJ";"DEL08-RJ";"UOP03-DEL08-RJ"
388274;2021-10-08;"sexta-feira";"11:45:00";"MG";381;505,8;"BETIM";"Manobra de mudança de faixa";"Saída de leito carroçável";"Com Vítimas Feridas";"Pleno dia";"Crescente";"Nublado";"Dupla";"Reta";"Sim";2;0;1;0;1;0;1;2;-20,04478441;-44,27276484;"SPRF-MG";"DEL01-MG";"UOP03-DEL01-MG"
388280;2021-10-08;"sexta-feira";"11:50:00";"MG";381;505,8;"BETIM";"Objeto estático sobre o leito carroçável";"Colisão traseira";"Com Vítimas Feridas";"Pleno dia";"Crescente";"Sol";"Dupla";"Declive;Reta";"Sim";2;0;1;0;1;0;1;2;-20,05039397;-44,27962502;"SPRF-MG";"DEL01-MG";"UOP03-DEL01-MG"
388285;2021-10-08;"sexta-feira";"11:00:00";"PE";232;214,9;"PESQUEIRA";"Ultrapassagem Indevida";"Colisão frontal";"Com Vítimas Fatais";"Pleno dia";"Decrescente";"Céu Claro";"Simples";"Reta";"Não";9;3;0;5;0;1;5;3;-8,3804455;-36,73076279;"SPRF-PE";"DEL03-PE";"UOP02-DEL03-PE"
388295;2021-10-08;"sexta-feira";"13:30:00";"RS";116;657,2;"JAGUARAO";"Conversão proibida";"Colisão traseira";"Sem Vítimas";"Pleno dia";"Decrescente";"Céu Claro";"Simples";"Reta";"Sim";4;0;0;0;4;0;0;2;-32,568867;-53,37924;"SPRF-RS";"DEL07-RS";"UOP03-DEL07-RS"
388297;2021-10-08;"sexta-feira";"12:40:00";"SP";116;96,4;"PINDAMONHANGABA";"Objeto estático sobre o leito carroçável";"Colisão com objeto";"Com Vítimas Feridas";"Pleno dia";"Crescente";"Nublado";"Dupla";"Declive";"Sim";3;0;1;0;1;1;1;3;-22,96945055;-45,43869623;"SPRF-SP";"DEL08-SP";"UOP01-DEL08-SP"
388305;2021-10-08;"sexta-feira";"13:30:00";"ES";259;49,8;"COLATINA";"Velocidade Incompatível";"Tombamento";"Com Vítimas Feridas";"Pleno dia";"Decrescente";"Nublado";"Simples";"Curva";"Sim";2;0;1;0;0;1;1;2;-19,51873313;-40,60040662;"SPRF-ES";"DEL02-ES";"UOP01-DEL02-ES"
388306;2021-10-08;"sexta-feira";"13:20:00";"PR";369;199;"APUCARANA";"Manobra de mudança de faixa";"Colisão lateral mesmo sentido";"Com Vítimas Feridas";"Pleno dia";"Decrescente";"Céu Claro";"Simples";"Reta";"Sim";4;0;0;1;2;2;1;5;-23,52244089;-51,44039154;"SPRF-PR";"DEL07-PR";"UOP02-DEL07-PR"
388308;2021-10-08;"sexta-feira";"12:55:00";"BA";101;724;"EUNAPOLIS";"Reação tardia ou ineficiente do condutor";"Saída de leito carroçável";"Com Vítimas Feridas";"Pleno dia";"Crescente";"Chuva";"Simples";"Curva";"Não";2;0;1;0;0;1;1;2;-16,4227938;-39,58388798;"SPRF-BA";"DEL09-BA";"UOP01-DEL09-BA"
388309;2021-10-08;"sexta-feira";"11:30:00";"GO";153;408,2;"PIRENOPOLIS";"Demais falhas mecânicas ou elétricas";"Incêndio";"Com Vítimas Feridas";"Pleno dia";"Decrescente";"Céu Claro";"Simples";"Aclive";"Não";2;0;1;0;0;1;1;2;-16,081564;-49,04475;"SPRF-GO";"DEL02-GO";"UOP02-DEL02-GO"
388310;2021-10-03;"domingo";"20:15:00";"PR";376;184,5;"SARANDI";"Entrada inopinada do pedestre";"Atropelamento de Pedestre";"Com Vítimas Fatais";"Plena Noite";"Decrescente";"Chuva";"Dupla";"Aclive";"Sim";4;1;0;0;1;2;0;3;-23,4465611;-51,86216706;"SPRF-PR";"DEL09-PR";"UOP01-DEL09-PR"
388315;2021-10-08;"sexta-feira";"14:50:00";"RJ";101;318;"NITEROI";"Manobra de mudança de faixa";"Colisão traseira";"Sem Vítimas";"Pleno dia";"Crescente";"Nublado";"Dupla";"Reta";"Sim";3;0;0;0;1;2;0;3;-22,84562994;-43,09841211;"SPRF-RJ";"DEL02-RJ";"UOP02-DEL02-RJ"
388316;2021-10-08;"sexta-feira";"14:30:00";"MT";364;386,9;"SANTO ANTONIO DO LEVERGER";"Reação tardia ou ineficiente do condutor";"Colisão traseira";"Com Vítimas Feridas";"Pleno dia";"Crescente";"Sol";"Dupla";"Reta";"Não";3;0;1;0;1;4;1;6;-15,70220342;-55,81848;"SPRF-MT";"DEL01-MT";"UOP02-DEL01-MT"
388317;2021-10-08;"sexta-feira";"15:50:00";"GO";153;506,8;"APARECIDA DE GOIANIA";"Condutor deixou de manter distância do veículo da frente";"Colisão traseira";"Sem Vítimas";"Pleno dia";"Crescente";"Céu Claro";"Múltipla";"Declive";"Sim";4;0;0;0;4;0;0;4;-16,7633;-49,24;"SPRF-GO";"DEL01-GO";"UOP01-DEL01-GO"
388319;2021-10-08;"sexta-feira";"14:50:00";"MG";365;26;"MONTES CLAROS";"Ausência de reação do condutor";"Tombamento";"Com Vítimas Feridas";"Pleno dia";"Crescente";"Chuva";"Simples";"Reta";"Não";2;0;1;0;0;1;1;2;-16,85144573;-44,06967486;"SPRF-MG";"DEL12-MG";"UOP01-DEL12-MG"
388326;2021-10-08;"sexta-feira";"14:20:00";"BA";116;493;"RAFAEL JAMBEIRO";"Condutor deixou de manter distância do veículo da frente";"Colisão traseira";"Com Vítimas Feridas";"Pleno dia";"Crescente";"Céu Claro";"Dupla";"Aclive";"Não";7;0;1;0;5;6;1;11;-12,56115018;-39,47426391;"SPRF-BA";"DEL02-BA";"UOP01-DEL02-BA"
388329;2021-10-08;"sexta-feira";"16:30:00";"RS";386;392,7;"TRIUNFO";"Conversão proibida";"Colisão transversal";"Com Vítimas Fatais";"Pleno dia";"Crescente";"Nublado";"Simples";"Reta";"Não";8;1;2;1;3;1;3;4;-29,718338;-51,642879;"SPRF-RS";"DEL04-RS";"UOP02-DEL04-RS"
388331;2021-10-06;"quarta-feira";"21:30:00";"PR";163;181,5;"SANTA TEREZA DO OESTE";"Acumulo de água sobre o pavimento";"Colisão traseira";"Sem Vítimas";"Plena Noite";"Crescente";"Chuva";"Dupla";"Curva";"Sim";5;0;0;0;4;8;0;12;-25,167262;-53,599833;"SPRF-PR";"DEL05-PR";"UOP05-DEL05-PR"
388336;2021-10-08;"sexta-feira";"17:15:00";"SE";235;43,8;"ITABAIANA";"Acessar a via sem observar a presença dos outros veículos";"Colisão transversal";"Com Vítimas Feridas";"Anoitecer";"Decrescente";"Céu Claro";"Simples";"Retorno Regulamentado";"Não";5;0;2;2;1;0;4;2;-10,761437;-37,388721;"SPRF-SE";"DEL01-SE";"UOP02-DEL01-SE"
388341;2021-10-08;"sexta-feira";"17:30:00";"MG";40;494,2;"MATOZINHOS";"Reação tardia ou ineficiente do condutor";"Colisão traseira";"Com Vítimas Feridas";"Anoitecer";"Crescente";"Nublado";"Dupla";"Aclive;Curva";"Não";5;0;2;2;1;0;4;2;-19,65566;-44,198217;"SPRF-MG";"DEL02-MG";"UOP01-DEL02-MG"
388350;2021-10-08;"sexta-feira";"16:00:00";"GO";452;35,9;"SANTA HELENA DE GOIAS";"Avarias e/ou desgaste excessivo no pneu";"Eventos atípicos";"Com Vítimas Feridas";"Pleno dia";"Crescente";"Céu Claro";"Simples";"Em Obras;Aclive;Reta";"Não";2;0;1;0;1;0;1;2;-17,91541508;-50,60147599;"SPRF-GO";"DEL04-GO";"UOP01-DEL04-GO"
388352;2021-10-08;"sexta-feira";"10:45:00";"RN";304;113;"ACU";"Acessar a via sem observar a presença dos outros veículos";"Colisão transversal";"Com Vítimas Feridas";"Pleno dia";"Crescente";"Céu Claro";"Simples";"Reta";"Não";3;0;1;1;0;1;2;2;-5,60581126;-36,91306313;"SPRF-RN";"DEL04-RN";"UOP01-DEL04-RN"
388359;2021-10-08;"sexta-feira";"17:40:00";"RS";153;45,5;"ERECHIM";"Reação tardia ou ineficiente do condutor";"Saída de leito carroçável";"Sem Vítimas";"Anoitecer";"Crescente";"Garoa/Chuvisco";"Dupla";"Aclive";"Não";3;0;0;0;1;2;0;3;-27,63214303;-52,23626162;"SPRF-RS";"DEL08-RS";"UOP04-DEL08-RS"
388361;2021-10-08;"sexta-feira";"11:00:00";"SC";280;278,2;"IRINEOPOLIS";"Ultrapassagem Indevida";"Colisão lateral mesmo sentido";"Com Vítimas Feridas";"Pleno dia";"Crescente";"Céu Claro";"Simples";"Curva";"Não";4;0;1;0;2;1;1;3;-26,2958523;-50,80924007;"SPRF-SC";"DEL06-SC";"UOP04-DEL06-SC"
388369;2021-10-08;"sexta-feira";"18:50:00";"RJ";116;224;"PARACAMBI";"Manobra de mudança de faixa";"Colisão traseira";"Sem Vítimas";"Plena Noite";"Decrescente";"Céu Claro";"Simples";"Reta";"Sim";2;0;0;0;2;0;0;2;-22,68709335;-43,81058612;"SPRF-RJ";"DEL07-RJ";"UOP01-DEL07-RJ"
388370;2021-10-08;"sexta-feira";"17:10:00";"MT";158;444,1;"RIBEIRAO CASCALHEIRA";"Ultrapassagem Indevida";"Colisão frontal";"Com Vítimas Fatais";"Anoitecer";"Crescente";"Nublado";"Simples";"Curva";"Não";4;1;0;0;2;3;0;6;-13,08168488;-51,90128223;"SPRF-MT";"DEL07-MT";"UOP02-DEL07-MT"
388380;2021-10-08;"sexta-feira";"19:12:00";"SC";282;23,5;"SANTO AMARO DA IMPERATRIZ";"Acessar a via sem observar a presença dos outros veículos";"Colisão transversal";"Com Vítimas Feridas";"Plena Noite";"Crescente";"Chuva";"Simples";"Curva;Interseção de Vias";"Sim";2;0;1;0;1;0;1;2;-27,68440214;-48,74352694;"SPRF-SC";"DEL01-SC";"UOP03-DEL01-SC"
388381;2021-09-06;"segunda-feira";"20:50:00";"GO";40;25;"LUZIANIA";"Ausência de reação do condutor";"Colisão traseira";"Com Vítimas Feridas";"Plena Noite";"Decrescente";"Céu Claro";"Dupla";"Reta";"Não";5;0;3;1;1;0;4;2;-16,252751;-47,900453;"SPRF-DF";"DEL01-DF";"UOP01-DEL01-DF"
388392;2021-10-08;"sexta-feira";"15:30:00";"RS";285;182,2;"LAGOA VERMELHA";"Condutor Dormindo";"Saída de leito carroçável";"Com Vítimas Feridas";"Pleno dia";"Decrescente";"Nublado";"Simples";"Reta";"Não";2;0;1;0;0;1;1;2;-28,290833;-51,422482;"SPRF-RS";"DEL08-RS";"UOP05-DEL08-RS"
388393;2021-10-08;"sexta-feira";"20:33:00";"PR";116;166;"QUITANDINHA";"Acessar a via sem observar a presença dos outros veículos";"Colisão transversal";"Com Vítimas Feridas";"Plena Noite";"Decrescente";"Nublado";"Simples";"Aclive";"Não";2;0;1;0;1;0;1;2;-25,86521941;-49,44583693;"SPRF-PR";"DEL01-PR";"UOP03-DEL01-PR"