"id";"data_inversa";"dia_semana";"horario";"uf";"br";"km";"municipio";"causa_acidente";"tipo_acidente";"classificacao_acidente";"fase_dia";"sentido_via";"condicao_metereologica";"tipo_pista";"tracado_via";"uso_solo";"pessoas";"mortos";"feridos_leves";"feridos_graves";"ilesos";"ignorados";"feridos";"veiculos";"latitude";"longitude";"regional";"delegacia";"uop"
388394;2021-10-08;"sexta-feira";"16:55:00";"SC";470;19;"ILHOTA";"Acessar a via sem observar a presença dos outros veículos";"Colisão lateral mesmo sentido";"Sem Vítimas";"Pleno dia";"Decrescente";"Céu Claro";"Simples";"Reta";"Não";3;0;0;0;1;2;0;3;-26,862995;-48,814396;"SPRF-SC";"DEL04-SC";"UOP04-DEL04-SC"
388401;2021-10-08;"sexta-feira";"20:45:00";"GO";70;63;"COCALZINHO DE GOIAS";"Estacionar ou parar em local proibido";"Colisão traseira";"Com Vítimas Feridas";"Plena Noite";"Crescente";"Nublado";"Simples";"Reta";"Não";4;0;2;0;1;2;2;4;-15,76179201;-48,73227958;"SPRF-DF";"DEL03-DF";"UOP02-DEL03-DF"
388403;2021-10-08;"sexta-feira";"21:55:00";"MG";381;494;"BETIM";"Ingestão de álcool pelo condutor";"Colisão lateral mesmo sentido";"Com Vítimas Feridas";"Plena Noite";"Decrescente";"Céu Claro";"Dupla";"Viaduto";"Sim";6;0;1;0;3;2;1;4;-19,985563;-44,20318;"SPRF-MG";"DEL01-MG";"UOP03-DEL01-MG"
388404;2021-10-08;"sexta-feira";"18:30:00";"MG";262;426;"IGARATINGA";"Chuva";"Saída de leito carroçável";"Sem Vítimas";"Anoitecer";"Crescente";"Céu Claro";"Dupla";"Reta";"Não";1;0;0;0;1;0;0;1;-19,88336175;-44,76794905;"SPRF-MG";"DEL08-MG";"UOP03-DEL08-MG"
388405;2021-10-08;"sexta-feira";"22:35:00";"SP";116;269,2;"TABOAO DA SERRA";"Demais falhas mecânicas ou elétricas";"Colisão traseira";"Com Vítimas Feridas";"Plena Noite";"Crescente";"Céu Claro";"Dupla";"Reta";"Sim";3;0;1;0;1;1;1;3;-23,62068873;-46,779432;"SPRF-SP";"DEL04-SP";"UOP01-DEL04-SP"
388408;2021-10-08;"sexta-feira";"20:30:00";"BA";116;512;"ITATIM";"Manobra de mudança de faixa";"Tombamento";"Com Vítimas Feridas";"Plena Noite";"Crescente";"Céu Claro";"Simples";"Reta";"Não";2;0;1;0;0;1;1;2;-12,65310515;-39,61371492;"SPRF-BA";"DEL03-BA";"UOP02-DEL03-BA"
388410;2021-10-08;"sexta-feira";"21:55:00";"MA";316;558,1;"CAXIAS";"Pedestre andava na pista";"Atropelamento de Pedestre";"Com Vítimas Fatais";"Plena Noite";"Crescente";"Céu Claro";"Simples";"Reta";"Não";2;1;0;0;0;1;0;2;-4,885954;-43,301353;"SPRF-MA";"DEL03-MA";"UOP02-DEL03-MA"
388412;2021-10-08;"sexta-feira";"17:30:00";"GO";153;260;"SAO LUIZ DO NORTE";"Ingestão de álcool pelo condutor";"Tombamento";"Sem Vítimas";"Plena Noite";"Decrescente";"Ignorado";"Múltipla";"Reta";"Não";1;0;0;0;1;0;0;1;-14,993464;-49,406448;"SPRF-GO";"DEL07-GO";"UOP02-DEL07-GO"
388415;2021-10-08;"sexta-feira";"18:20:00";"MG";262;5,4;"MARTINS SOARES";"Declive acentuado";"Tombamento";"Sem Vítimas";"Plena Noite";"Decrescente";"Nublado";"Simples";"Declive";"Não";4;0;0;0;3;3;0;6;-20,25760679;-41,80160407;"SPRF-MG";"DEL06-MG";"UOP03-DEL06-MG"
388420;2021-10-09;"sábado";"00:30:00";"SP";116;145;"SAO JOSE DOS CAMPOS";"Reação tardia ou ineficiente do condutor";"Colisão traseira";"Com Vítimas Feridas";"Plena Noite";"Decrescente";"Céu Claro";"Dupla";"Reta";"Sim";3;0;1;0;2;0;1;2;-23,1869844;-45,8548078;"SPRF-SP";"DEL02-SP";"UOP01-DEL02-SP"
388423;2021-10-08;"sexta-feira";"23:00:00";"SC";101;233,3;"PALHOCA";"Chuva";"Colisão traseira";"Com Vítimas Feridas";"Plena Noite";"Crescente";"Chuva";"Dupla";"Declive";"Não";2;0;1;0;0;1;1;2;-27,80376397;-48,63826211;"SPRF-SC";"DEL01-SC";"UOP02-DEL01-SC"
388425;2021-10-08;"sexta-feira";"23:30:00";"GO";153;497;"GOIANIA";"Reação tardia ou ineficiente do condutor";"Colisão traseira";"Sem Vítimas";"Plena Noite";"Crescente";"Céu Claro";"Dupla";"Curva";"Sim";2;0;0;0;2;0;0;2;-16,6854;-49,2338;"SPRF-GO";"DEL01-GO";"UOP01-DEL01-GO"
388427;2021-10-08;"sexta-feira";"23:00:00";"SC";101;232,5;"PALHOCA";"Objeto estático sobre o leito carroçável";"Colisão com objeto";"Sem Vítimas";"Plena Noite";"Decrescente";"Chuva";"Dupla";"Reta;Declive";"Não";2;0;0;0;2;0;0;2;-27,79711599;-48,6376977;"SPRF-SC";"DEL01-SC";"UOP02-DEL01-SC"
388434;2021-10-09;"sábado";"01:15:00";"PR";376;186,7;"MARIALVA";"Condutor deixou de manter distância do veículo da frente";"Colisão traseira";"Com Vítimas Feridas";"Plena Noite";"Crescente";"Céu Claro";"Dupla";"Aclive";"Sim";4;0;1;0;3;0;1;2;-23,45643624;-51,84510713;"SPRF-PR";"DEL09-PR";"UOP01-DEL09-PR"
388445;2021-10-09;"sábado";"02:20:00";"MG";381;894,8;"CAMBUI";"Ausência de reação do condutor";"Colisão com objeto";"Com Vítimas Feridas";"Plena Noite";"Crescente";"Céu Claro";"Dupla";"Curva";"Não";2;0;1;0;0;1;1;2;-22,61659879;-46,0689412;"SPRF-MG";"DEL16-MG";"UOP03-DEL16-MG"
388452;2021-10-09;"sábado";"03:30:00";"PR";476;341;"PAULA FREITAS";"Desrespeitar a preferência no cruzamento";"Colisão transversal";"Com Vítimas Feridas";"Plena Noite";"Crescente";"Chuva";"Simples";"Interseção de Vias";"Não";3;0;1;0;1;1;1;3;-26,16660849;-50,8993578;"SPRF-PR";"DEL02-PR";"UOP03-DEL02-PR"
388455;2021-10-09;"sábado";"03:10:00";"MS";163;682;"RIO VERDE DE MATO GROSSO";"Acessar a via sem observar a presença dos outros veículos";"Colisão transversal";"Com Vítimas Feridas";"Plena Noite";"Crescente";"Céu Claro";"Simples";"Reta";"Sim";3;0;0;1;1;1;1;3;-18,90701005;-54,84077521;"SPRF-MS";"DEL06-MS";"UOP02-DEL06-MS"
388456;2021-10-09;"sábado";"04:10:00";"PR";277;171,5;"PALMEIRA";"Condutor Dormindo";"Colisão frontal";"Com Vítimas Feridas";"Plena Noite";"Crescente";"Chuva";"Simples";"Curva";"Não";5;0;0;3;1;1;3;3;-25,44322037;-49,96466911;"SPRF-PR";"DEL01-PR";"UOP03-DEL03-PR"
388461;2021-10-09;"sábado";"04:00:00";"MG";381;737,2;"CARMO DA CACHOEIRA";"Curva acentuada";"Tombamento";"Com Vítimas Feridas";"Plena Noite";"Crescente";"Céu Claro";"Dupla";"Curva";"Não";2;0;1;0;0;1;1;2;-21,59740119;-45,23880352;"SPRF-MG";"DEL16-MG";"UOP02-DEL16-MG"
388466;2021-10-09;"sábado";"04:40:00";"PR";373;176;"PONTA GROSSA";"Manobra de mudança de faixa";"Colisão lateral mesmo sentido";"Com Vítimas Feridas";"Plena Noite";"Decrescente";"Chuva";"Dupla";"Reta";"Não";2;0;0;1;1;0;1;2;-25,06082803;-50,21845202;"SPRF-PR";"DEL03-PR";"UOP01-DEL03-PR"
388468;2021-10-09;"sábado";"03:40:00";"MG";40;810,1;"JUIZ DE FORA";"Acessar a via sem observar a presença dos outros veículos";"Colisão lateral mesmo sentido";"Com Vítimas Feridas";"Plena Noite";"Crescente";"Nublado";"Dupla";"Reta";"Não";4;0;1;0;2;1;1;3;-21,875084;-43,339466;"SPRF-MG";"DEL05-MG";"UOP01-DEL05-MG"
388471;2021-10-09;"sábado";"04:55:00";"SP";381;54;"MAIRIPORA";"Ausência de reação do condutor";"Colisão traseira";"Com Vítimas Feridas";"Amanhecer";"Decrescente";"Nublado";"Dupla";"Reta;Declive";"Sim";4;0;2;1;1;0;3;2;-23,2449074;-46,59562343;"SPRF-SP";"DEL03-SP";"UOP01-DEL03-SP"
388473;2021-10-08;"sexta-feira";"21:20:00";"PR";153;218,3;"TIBAGI";"Ingestão de álcool pelo condutor";"Colisão frontal";"Com Vítimas Feridas";"Plena Noite";"Decrescente";"Nublado";"Simples";"Reta";"Não";2;0;1;0;1;0;1;2;-24,61639409;-50,44737339;"SPRF-PR";"DEL03-PR";"UOP02-DEL03-PR"
388475;2021-10-09;"sábado";"05:10:00";"CE";222;128;"ITAPAJE";"Velocidade Incompatível";"Saída de leito carroçável";"Com Vítimas Feridas";"Amanhecer";"Crescente";"Céu Claro";"Simples";"Curva";"Sim";1;0;1;0;0;0;1;1;-3,70427286;-39,61528609;"SPRF-CE";"DEL04-CE";"UOP03-DEL04-CE"
388483;2021-10-09;"sábado";"04:50:00";"RS";392;117,9;"CANGUCU";"Manobra de mudança de faixa";"Colisão traseira";"Sem Vítimas";"Plena Noite";"Crescente";"Nublado";"Dupla";"Aclive;Reta";"Sim";3;0;0;0;1;3;0;4;-31,41369338;-52,67628308;"SPRF-RS";"DEL07-RS";"UOP01-DEL07-RS"
388487;2021-10-09;"sábado";"05:00:00";"RN";226;341,2;"PATU";"Ausência de reação do condutor";"Tombamento";"Com Vítimas Feridas";"Pleno dia";"Decrescente";"Céu Claro";"Simples";"Curva";"Não";1;0;1;0;0;0;1;1;-6,11484;-37,65186;"SPRF-RN";"DEL04-RN";"UOP01-DEL04-RN"
388488;2021-10-09;"sábado";"05:40:00";"MS";163;475,5;"CAMPO GRANDE";"Ausência de reação do condutor";"Colisão traseira";"Com Vítimas Feridas";"Pleno dia";"Decrescente";"Céu Claro";"Simples";"Reta";"Sim";3;0;1;0;1;3;1;5;-20,51344439;-54,56205368;"SPRF-MS";"DEL01-MS";"UOP01-DEL01-MS"
388494;2021-10-09;"sábado";"06:30:00";"PR";116;0,5;"CAMPINA GRANDE DO SUL";"Velocidade Incompatível";"Colisão traseira";"Com Vítimas Feridas";"Pleno dia";"Crescente";"Garoa/Chuvisco";"Dupla";"Retorno Regulamentado";"Sim";2;0;1;0;1;0;1;2;-25,3478;-49,0493;"SPRF-PR";"DEL01-PR";"UOP02-DEL01-PR"
388496;2021-10-09;"sábado";"06:00:00";"MT";364;198;"RONDONOPOLIS";"Velocidade Incompatível";"Tombamento";"Com Vítimas Feridas";"Pleno dia";"Decrescente";"Céu Claro";"Simples";"Ponte";"Sim";3;0;2;0;0;1;2;3;-16,50621198;-54,62294799;"SPRF-MT";"DEL02-MT";"UOP01-DEL02-MT"
388499;2021-10-09;"sábado";"05:30:00";"MT";364;346;"SANTO ANTONIO DO LEVERGER";"Velocidade Incompatível";"Saída de leito carroçável";"Com Vítimas Feridas";"Amanhecer";"Crescente";"Céu Claro";"Dupla";"Curva";"Não";2;0;1;0;0;2;1;3;-15,81193889;-55,53981241;"SPRF-MT";"DEL05-MT";"UOP02-DEL05-MT"
388500;2021-10-09;"sábado";"07:15:00";"ES";262;30;"DOMINGOS MARTINS";"Transitar na contramão";"Colisão lateral sentido oposto";"Com Vítimas Feridas";"Pleno dia";"Crescente";"Chuva";"Dupla";"Curva";"Não";5;0;1;0;3;1;1;4;-20,37451095;-40,56495316;"SPRF-ES";"DEL01-ES";"UOP01-DEL01-ES"
388504;2021-10-09;"sábado";"07:15:00";"PR";277;128;"CAMPO LARGO";"Chuva";"Queda de ocupante de veículo";"Com Vítimas Feridas";"Amanhecer";"Crescente";"Chuva";"Dupla";"Aclive;Reta";"Não";3;0;0;1;1;2;1;4;-25,45014493;-49,62040891;"SPRF-PR";"DEL01-PR";"UOP03-DEL03-PR"
388505;2021-10-09;"sábado";"02:30:00";"MG";251;472,5;"FRANCISCO SA";"Pista Escorregadia";"Saída de leito carroçável";"Com Vítimas Feridas";"Plena Noite";"Crescente";"Chuva";"Simples";"Reta;Declive";"Não";3;0;2;0;0;1;2;2;-16,4669101;-43,43947986;"SPRF-MG";"DEL12-MG";"UOP01-DEL12-MG"
388510;2021-10-09;"sábado";"04:20:00";"MG";262;368,4;"JUATUBA";"Velocidade Incompatível";"Colisão com objeto";"Com Vítimas Feridas";"Plena Noite";"Decrescente";"Nublado";"Dupla";"Interseção de Vias";"Sim";4;0;2;0;2;0;2;3;-19,97239513;-44,28042402;"SPRF-MG";"DEL01-MG";"UOP03-DEL01-MG"
388518;2021-10-09;"sábado";"08:35:00";"RJ";116;122;"MAGE";"Carga excessiva e/ou mal acondicionada";"Tombamento";"Com Vítimas Feridas";"Pleno dia";"Crescente";"Nublado";"Simples";"Curva";"Não";2;0;1;0;0;1;1;2;-22,6593689;-43,0910135;"SPRF-RJ";"DEL04-RJ";"UOP02-DEL04-RJ"
388520;2021-08-14;"sábado";"18:10:00";"PI";316;41;"LAGOA DO PIAUI";"Transitar na contramão";"Colisão frontal";"Com Vítimas Feridas";"Plena Noite";"Decrescente";"Céu Claro";"Simples";"Reta";"Sim";3;0;0;1;1;1;1;3;-5,41130487;-42,64513384;"SPRF-PI";"DEL01-PI";"UOP02-DEL01-PI"
388526;2021-10-09;"sábado";"08:49:00";"PR";376;244,4;"APUCARANA";"Velocidade Incompatível";"Capotamento";"Com Vítimas Feridas";"Pleno dia";"Decrescente";"Nublado";"Dupla";"Curva;Declive;Viaduto";"Não";3;0;1;0;0;2;1;3;-23,5788159;-51,4203842;"SPRF-PR";"DEL07-PR";"UOP02-DEL07-PR"
388527;2021-10-09;"sábado";"09:30:00";"ES";101;176,7;"ARACRUZ";"Ausência de reação do condutor";"Colisão traseira";"Com Vítimas Feridas";"Pleno dia";"Crescente";"Nublado";"Simples";"Reta";"Não";3;0;1;0;1;1;1;3;-19,59523801;-40,19835299;"SPRF-ES";"DEL04-ES";"UOP01-DEL04-ES"
388534;2021-10-09;"sábado";"08:00:00";"SC";158;134,2;"PALMITOS";"Reação tardia ou ineficiente do condutor";"Colisão traseira";"Com Vítimas Feridas";"Pleno dia";"Decrescente";"Chuva";"Dupla";"Interseção de Vias";"Não";4;0;1;0;2;2;1;4;-27,07066694;-53,23009014;"SPRF-SC";"DEL07-SC";"UOP02-DEL07-SC"
388535;2021-10-09;"sábado";"08:15:00";"SP";153;274;"OCAUCU";"Reação tardia ou ineficiente do condutor";"Tombamento";"Com Vítimas Feridas";"Pleno dia";"Decrescente";"Céu Claro";"Simples";"Curva";"Não";1;0;1;0;0;0;1;1;-22,37219533;-49,87033316;"SPRF-SP";"DEL07-SP";"UOP02-DEL07-SP"
388548;2021-10-09;"sábado";"11:00:00";"RO";364;238,1;"CACOAL";"Desrespeitar a preferência no cruzamento";"Colisão transversal";"Com Vítimas Feridas";"Pleno dia";"Crescente";"Sol";"Simples";"Retorno Regulamentado";"Sim";3;0;1;0;1;1;1;3;-11,4388578;-61,45471289;"SPRF-RO";"DEL02-RO";"UOP02-DEL02-RO"
388549;2021-10-09;"sábado";"10:30:00";"RS";116;134,5;"CAXIAS DO SUL";"Demais Fenômenos da natureza";"Eventos atípicos";"Sem Vítimas";"Pleno dia";"Decrescente";"Nublado";"Simples";"Reta";"Não";3;0;0;0;2;1;0;2;-29,06329012;-51,09842716;"SPRF-RS";"DEL05-RS";"UOP01-DEL05-RS"
388550;2021-10-09;"sábado";"09:50:00";"BA";116;13;"ABARE";"Manobra de mudança de faixa";"Colisão frontal";"Com Vítimas Feridas";"Pleno dia";"Crescente";"Céu Claro";"Simples";"Reta";"Não";7;0;3;0;3;2;3;4;-8,73216799;-39,26281511;"SPRF-PE";"DEL05-PE";"UOP01-DEL05-PE"
388551;2021-10-09;"sábado";"09:50:00";"PI";343;281;"CAMPO MAIOR";"Ultrapassagem Indevida";"Saída de leito carroçável";"Com Vítimas Feridas";"Pleno dia";"Decrescente";"Céu Claro";"Simples";"Reta";"Não";5;0;1;0;2;2;1;3;-4,921962;-42,269806;"SPRF-PI";"DEL01-PI";"UOP03-DEL01-PI"
388556;2021-10-09;"sábado";"12:45:00";"PI";343;265,6;"CAMPO MAIOR";"Estacionar ou parar em local proibido";"Colisão traseira";"Com Vítimas Fatais";"Pleno dia";"Decrescente";"Céu Claro";"Simples";"Curva";"Sim";2;1;0;0;1;0;0;2;-4,834697;-42,167046;"SPRF-PI";"DEL01-PI";"UOP03-DEL01-PI"
388565;2021-10-09;"sábado";"12:40:00";"PR";277;32,2;"MORRETES";"Curva acentuada";"Tombamento";"Com Vítimas Feridas";"Pleno dia";"Crescente";"Chuva";"Dupla";"Curva";"Não";2;0;1;0;0;1;1;2;-25,560505;-48,815452;"SPRF-PR";"DEL01-PR";"UOP05-DEL01-PR"
388566;2021-10-09;"sábado";"12:46:00";"MG";381;588,9;"CARMOPOLIS DE MINAS";"Pedestre andava na pista";"Atropelamento de Pedestre";"Com Vítimas Fatais";"Pleno dia";"Decrescente";"Nublado";"Dupla";"Reta";"Sim";3;1;0;0;1;1;0;3;-20,55378184;-44,66117041;"SPRF-MG";"DEL04-MG";"UOP01-DEL04-MG"
388572;2021-08-07;"sábado";"04:40:00";"PI";222;67;"PIRIPIRI";"Ausência de reação do condutor";"Colisão traseira";"Com Vítimas Feridas";"Plena Noite";"Crescente";"Céu Claro";"Simples";"Reta";"Não";3;0;0;1;1;3;1;5;-4,2395321;-41,70672489;"SPRF-PI";"DEL02-PI";"UOP01-DEL02-PI"
388573;2021-10-09;"sábado";"15:30:00";"MG";381;593,5;"CARMOPOLIS DE MINAS";"Condutor Dormindo";"Colisão traseira";"Com Vítimas Feridas";"Pleno dia";"Decrescente";"Nublado";"Dupla";"Reta";"Não";3;0;1;0;1;1;1;3;-20,58527993;-44,69380008;"SPRF-MG";"DEL04-MG";"UOP01-DEL04-MG"
388577;2021-10-09;"sábado";"13:45:00";"PR";116;117;"CURITIBA";"Condutor deixou de manter distância do veículo da frente";"Colisão lateral mesmo sentido";"Com Vítimas Feridas";"Pleno dia";"Crescente";"Nublado";"Dupla";"Curva";"Sim";2;0;1;0;0;1;1;2;-25,54988723;-49,28248211;"SPRF-PR";"DEL01-PR";"UOP03-DEL01-PR"
388578;2021-10-09;"sábado";"13:50:00";"PI";316;407;"MARCOLANDIA";"Velocidade Incompatível";"Capotamento";"Com Vítimas Fatais";"Pleno dia";"Decrescente";"Sol";"Múltipla";"Curva";"Não";2;1;0;0;0;1;0;2;-7,39511548;-40,73630274;"SPRF-PI";"DEL04-PI";"UOP03-DEL04-PI"
388583;2021-10-09;"sábado";"14:00:00";"SP";116;167;"JACAREI";"Acessar a via sem observar a presença dos outros veículos";"Colisão lateral mesmo sentido";"Com Vítimas Feridas";"Pleno dia";"Decrescente";"Céu Claro";"Simples";"Viaduto;Reta;Declive";"Não";3;0;2;0;0;1;2;2;-23,30254924;-46,02640493;"SPRF-SP";"DEL02-SP";"UOP01-DEL02-SP"
388597;2021-10-09;"sábado";"14:30:00";"MG";381;362;"SAO GONCALO DO RIO ABAIXO";"Ingestão de álcool pelo condutor";"Colisão frontal";"Sem Vítimas";"Pleno dia";"Decrescente";"Céu Claro";"Simples";"Curva";"Não";3;0;0;0;1;2;0;3;-19,85643939;-43,24280693;"SPRF-MG";"DEL03-MG";"UOP01-DEL03-MG"
388607;2021-10-09;"sábado";"15:50:00";"CE";116;42;"HORIZONTE";"Carga excessiva e/ou mal acondicionada";"Derramamento de carga";"Com Vítimas Feridas";"Pleno dia";"Decrescente";"Céu Claro";"Múltipla";"Reta";"Sim";7;0;3;1;2;1;4;3;-4,10857928;-38,4942173;"SPRF-CE";"DEL01-CE";"UOP02-DEL01-CE"
388609;2021-10-09;"sábado";"16:40:00";"PR";376;636;"TIJUCAS DO SUL";"Reação tardia ou ineficiente do condutor";"Colisão traseira";"Com Vítimas Feridas";"Anoitecer";"Decrescente";"Garoa/Chuvisco";"Dupla";"Reta";"Não";3;0;1;0;1;1;1;2;-25,74788291;-49,12970664;"SPRF-PR";"DEL01-PR";"UOP04-DEL01-PR"
388622;2021-10-09;"sábado";"17:20:00";"PR";376;189,4;"MARIALVA";"Acessar a via sem observar a presença dos outros veículos";"Colisão transversal";"Com Vítimas Feridas";"Pleno dia";"Crescente";"Chuva";"Dupla";"Reta";"Sim";4;0;1;0;2;1;1;3;-23,471231;-51,819515;"SPRF-PR";"DEL09-PR";"UOP01-DEL09-PR"
388624;2021-10-09;"sábado";"12:50:00";"PR";277;691,8;"SAO MIGUEL DO IGUACU";"Condutor deixou de manter distância do veículo da frente";"Colisão traseira";"Sem Vítimas";"Pleno dia";"Decrescente";"Chuva";"Dupla";"Reta";"Não";2;0;0;0;2;0;0;2;-25,3630051;-54,25351194;"SPRF-PR";"DEL05-PR";"UOP01-DEL05-PR"
388625;2021-10-09;"sábado";"15:07:00";"MG";381;556,6;"ITAGUARA";"Velocidade Incompatível";"Colisão traseira";"Com Vítimas Feridas";"Pleno dia";"Crescente";"Chuva";"Dupla";"Curva";"Não";4;0;2;0;2;0;2;2;-20,36068712;-44,46666568;"SPRF-MG";"DEL04-MG";"UOP03-DEL04-MG"
388630;2021-10-09;"sábado";"17:15:00";"MT";70;524;"VARZEA GRANDE";"Carga excessiva e/ou mal acondicionada";"Colisão com objeto";"Com Vítimas Feridas";"Pleno dia";"Crescente";"Céu Claro";"Simples";"Reta";"Sim";2;0;1;0;0;2;1;3;-15,649207;-56,19486;"SPRF-MT";"DEL01-MT";"UOP02-DEL01-MT"
388641;2021-10-09;"sábado";"16:45:00";"GO";153;348;"JARAGUA";"Ultrapassagem Indevida";"Colisão lateral mesmo sentido";"Sem Vítimas";"Pleno dia";"Crescente";"Céu Claro";"Simples";"Reta";"Não";4;0;0;0;2;2;0;4;-15,652904;-49,363586;"SPRF-GO";"DEL02-GO";"UOP02-DEL02-GO"
388649;2021-10-09;"sábado";"17:00:00";"MT";364;380;"SANTO ANTONIO DO LEVERGER";"Manobra de mudança de faixa";"Saída de leito carroçável";"Com Vítimas Feridas";"Pleno dia";"Crescente";"Céu Claro";"Dupla";"Reta";"Não";5;0;3;0;1;2;3;4;-15,70337385;-55,764222;"SPRF-MT";"DEL01-MT";"UOP02-DEL01-MT"
388653;2021-10-09;"sábado";"18:40:00";"MG";153;85,2;"PRATA";"Ultrapassagem Indevida";"Saída de leito carroçável";"Com Vítimas Feridas";"Plena Noite";"Decrescente";"Chuva";"Simples";"Declive;Reta";"Não";2;0;0;2;0;0;2;1;-19,10224974;-48,97993765;"SPRF-MG";"DEL15-MG";"UOP03-DEL15-MG"
388679;2021-10-09;"sábado";"18:50:00";"BA";116;492,5;"RAFAEL JAMBEIRO";"Velocidade Incompatível";"Colisão com objeto";"Com Vítimas Fatais";"Plena Noite";"Crescente";"Céu Claro";"Dupla";"Reta;Aclive";"Não";3;1;0;0;1;2;0;4;-12,5739;-39,5006;"SPRF-BA";"DEL02-BA";"UOP01-DEL02-BA"
388697;2021-10-09;"sábado";"22:00:00";"GO";452;196,2;"ITUMBIARA";"Ausência de reação do condutor";"Colisão traseira";"Com Vítimas Fatais";"Plena Noite";"Crescente";"Céu Claro";"Simples";"Reta";"Sim";3;1;0;0;1;1;0;3;-18,3606586;-49,22490312;"SPRF-GO";"DEL03-GO";"UOP02-DEL03-GO"
388706;2021-10-09;"sábado";"20:35:00";"PR";116;160;"QUITANDINHA";"Condutor Dormindo";"Saída de leito carroçável";"Sem Vítimas";"Plena Noite";"Crescente";"Chuva";"Simples";"Curva";"Não";2;0;0;0;1;1;0;2;-25,8644568;-49,39181797;"SPRF-PR";"DEL01-PR";"UOP03-DEL01-PR"
388707;2021-10-09;"sábado";"22:00:00";"PE";232;422;"SERRA TALHADA";"Ingestão de álcool pelo condutor";"Colisão frontal";"Com Vítimas Feridas";"Plena Noite";"Crescente";"Céu Claro";"Simples";"Reta";"Não";3;0;1;0;1;1;1;3;-7,9977329;-38,40384502;"SPRF-PE";"DEL04-PE";"UOP01-DEL04-PE"
388723;2021-10-09;"sábado";"23:00:00";"PR";116;125;"FAZENDA RIO GRANDE";"Condutor desrespeitou a iluminação vermelha do semáforo";"Colisão transversal";"Sem Vítimas";"Plena Noite";"Crescente";"Nublado";"Dupla";"Reta";"Sim";4;0;0;0;2;2;0;4;-25,59505309;-49,31630659;"SPRF-PR";"DEL01-PR";"UOP03-DEL01-PR"
388726;2021-10-09;"sábado";"21:00:00";"PB";412;34,8;"SAO JOAO DO CARIRI";"Ausência de reação do condutor";"Colisão traseira";"Com Vítimas Feridas";"Plena Noite";"Crescente";"Céu Claro";"Simples";"Reta";"Não";3;0;1;0;1;3;1;5;-7,314062;-36,352207;"SPRF-PB";"DEL02-PB";"UOP02-DEL02-PB"
388729;2021-10-09;"sábado";"20:30:00";"PR";163;9,1;"BARRACAO";"Ingestão de álcool pelo condutor";"Colisão frontal";"Com Vítimas Feridas";"Plena Noite";"Decrescente";"Nublado";"Simples";"Curva;Interseção de Vias";"Sim";3;0;0;1;1;2;1;4;-26,25473661;-53,63327092;"SPRF-PR";"DEL02-PR";"UOP02-DEL02-PR"
388739;2021-10-09;"sábado";"22:24:00";"BA";101;689;"EUNAPOLIS";"Reação tardia ou ineficiente do condutor";"Colisão com objeto";"Com Vítimas Fatais";"Plena Noite";"Crescente";"Céu Claro";"Simples";"Reta;Declive";"Não";4;1;0;1;1;2;1;4;-16,16395;-39,596403;"SPRF-BA";"DEL09-BA";"UOP01-DEL09-BA"
388744;2021-10-10;"domingo";"01:20:00";"MG";40;501;"ESMERALDAS";"Sistema de drenagem ineficiente";"Tombamento";"Sem Vítimas";"Plena Noite";"Crescente";"Chuva";"Dupla";"Reta";"Não";2;0;0;0;1;1;0;2;-19,70735708;-44,16736508;"SPRF-MG";"DEL02-MG";"UOP01-DEL02-MG"
388745;2021-10-09;"sábado";"23:35:00";"RO";319;58;"PORTO VELHO";"Condutor desrespeitou a iluminação vermelha do semáforo";"Colisão transversal";"Sem Vítimas";"Plena Noite";"Decrescente";"Céu Claro";"Dupla";"Reta";"Sim";2;0;0;0;2;0;0;2;-8,74346964;-63,91219139;"SPRF-RO";"DEL01-RO";"UOP01-DEL01-RO"
388750;2021-10-10;"domingo";"01:30:00";"MT";163;669;"LUCAS DO RIO VERDE";"Transitar na contramão";"Colisão frontal";"Com Vítimas Fatais";"Plena Noite";"Crescente";"Nublado";"Simples";"Reta";"Não";4;1;0;0;2;2;0;4;-13,33146783;-56,05150838;"SPRF-MT";"DEL06-MT";"UOP01-DEL06-MT"
388755;2021-10-10;"domingo";"03:20:00";"PI";316;99;"BARRO DURO";"Carga excessiva e/ou mal acondicionada";"Tombamento";"Sem Vítimas";"Plena Noite";"Decrescente";"Céu Claro";"Simples";"Aclive;Curva";"Não";1;0;0;0;1;0;0;1;-5,83700697;-42,49134064;"SPRF-PI";"DEL04-PI";"UOP02-DEL04-PI"
388756;2021-10-10;"domingo";"01:30:00";"MG";40;444;"PARAOPEBA";"Demais falhas na via";"Tombamento";"Sem Vítimas";"Plena Noite";"Crescente";"Chuva";"Dupla";"Curva";"Não";1;0;0;0;1;0;0;1;-19,28815;-44,392;"SPRF-MG";"DEL02-MG";"UOP01-DEL02-MG"
388761;2021-10-10;"domingo";"03:50:00";"SP";153;103,7;"JOSE BONIFACIO";"Ausência de reação do condutor";"Colisão frontal";"Com Vítimas Feridas";"Plena Noite";"Crescente";"Garoa/Chuvisco";"Simples";"Reta";"Não";2;0;0;1;1;0;1;2;-21,03114091;-49,64641519;"SPRF-SP";"DEL09-SP";"UOP01-DEL09-SP"
388771;2021-10-10;"domingo";"04:30:00";"SP";0;0;"CACAPAVA";"Entrada inopinada do pedestre";"Atropelamento de Pedestre";"Com Vítimas Fatais";"Amanhecer";"Não Informado";"Garoa/Chuvisco";"Dupla";"Reta";"Não";3;1;0;0;1;2;0;4;-23,13810821;-45,75705974;"SPRF-SP";"DEL02-SP";"UOP02-DEL02-SP"