"id";"data_inversa";"dia_semana";"horario";"uf";"br";"km";"municipio";"causa_acidente";"tipo_acidente";"classificacao_acidente";"fase_dia";"sentido_via";"condicao_metereologica";"tipo_pista";"tracado_via";"uso_solo";"pessoas";"mortos";"feridos_leves";"feridos_graves";"ilesos";"ignorados";"feridos";"veiculos";"latitude";"longitude";"regional";"delegacia";"uop"
388795;2021-10-10;"domingo";"04:30:00";"RS";472;517;"URUGUAIANA";"Afundamento ou ondulação no pavimento";"Saída de leito carroçável";"Sem Vítimas";"Plena Noite";"Crescente";"Chuva";"Simples";"Reta";"Não";1;0;0;0;0;1;0;1;-29,38299014;-56,65709274;"SPRF-RS";"DEL13-RS";"UOP01-DEL13-RS"
388814;2021-10-10;"domingo";"09:00:00";"SC";101;282,2;"IMBITUBA";"Ingestão de álcool pelo condutor";"Colisão traseira";"Com Vítimas Feridas";"Pleno dia";"Crescente";"Nublado";"Dupla";"Reta;Aclive";"Sim";3;0;1;0;1;1;1;3;-28,21515;-48,699881;"SPRF-SC";"DEL02-SC";"UOP03-DEL02-SC"
388816;2021-10-10;"domingo";"09:20:00";"MG";40;459;"SETE LAGOAS";"Chuva";"Saída de leito carroçável";"Com Vítimas Feridas";"Pleno dia";"Crescente";"Chuva";"Dupla";"Declive";"Não";2;0;1;0;0;1;1;2;-19,388919;-44,335457;"SPRF-MG";"DEL02-MG";"UOP01-DEL02-MG"
388818;2021-10-09;"sábado";"21:00:00";"MT";158;368;"BOM JESUS DO ARAGUAIA";"Condutor Dormindo";"Capotamento";"Com Vítimas Feridas";"Plena Noite";"Crescente";"Céu Claro";"Simples";"Reta";"Não";1;0;1;0;0;0;1;1;-12,48702932;-51,76816988;"SPRF-MT";"DEL07-MT";"UOP02-DEL07-MT"
388821;2021-10-10;"domingo";"06:30:00";"MG";116;813,5;"ALEM PARAIBA";"Chuva";"Tombamento";"Com Vítimas Feridas";"Pleno dia";"Crescente";"Chuva";"Simples";"Curva";"Não";1;0;1;0;0;0;1;1;-21,85011521;-42,66565503;"SPRF-MG";"DEL07-MG";"UOP01-DEL07-MG"
388823;2021-10-10;"domingo";"09:30:00";"SP";116;490;"CAJATI";"Reação tardia ou ineficiente do condutor";"Colisão traseira";"Com Vítimas Fatais";"Pleno dia";"Decrescente";"Nublado";"Dupla";"Reta";"Não";18;1;5;0;12;0;5;2;-24,73464809;-48,11602794;"SPRF-SP";"DEL05-SP";"UOP01-DEL05-SP"
388824;2021-10-10;"domingo";"09:40:00";"GO";153;360;"JARAGUA";"Acessar a via sem observar a presença dos outros veículos";"Colisão transversal";"Com Vítimas Feridas";"Pleno dia";"Crescente";"Céu Claro";"Dupla";"Interseção de Vias;Retorno Regulamentado";"Sim";3;0;0;1;1;1;1;3;-15,750625;-49,316742;"SPRF-GO";"DEL02-GO";"UOP02-DEL02-GO"
388825;2021-10-10;"domingo";"09:40:00";"PR";369;178;"ROLANDIA";"Acessar a via sem observar a presença dos outros veículos";"Colisão frontal";"Com Vítimas Feridas";"Pleno dia";"Decrescente";"Nublado";"Simples";"Reta";"Sim";2;0;1;0;1;0;1;2;-23,34639677;-51,38607547;"SPRF-PR";"DEL07-PR";"UOP01-DEL07-PR"
388835;2021-10-07;"quinta-feira";"05:30:00";"RS";287;274;"SAO PEDRO DO SUL";"Condutor Dormindo";"Saída de leito carroçável";"Com Vítimas Feridas";"Amanhecer";"Crescente";"Nublado";"Simples";"Reta";"Não";1;0;1;0;0;0;1;1;-29,66370677;-54,11505097;"SPRF-RS";"DEL09-RS";"UOP01-DEL09-RS"
388840;2021-10-10;"domingo";"08:45:00";"ES";262;149;"IBATIBA";"Reação tardia ou ineficiente do condutor";"Colisão transversal";"Com Vítimas Feridas";"Pleno dia";"Crescente";"Chuva";"Simples";"Reta;Declive";"Não";6;0;3;1;1;2;4;4;-20,21798822;-41,43190573;"SPRF-ES";"DEL01-ES";"UOP02-DEL01-ES"
388851;2021-10-10;"domingo";"11:50:00";"PE";101;9,7;"GOIANA";"Velocidade Incompatível";"Colisão com objeto";"Com Vítimas Feridas";"Pleno dia";"Decrescente";"Nublado";"Dupla";"Declive";"Não";1;0;1;0;0;0;1;1;-7,57788903;-34,98847822;"SPRF-PE";"DEL01-PE";"UOP02-DEL01-PE"
388853;2021-10-10;"domingo";"11:40:00";"MT";70;504;"CUIABA";"Acostamento em desnível";"Saída de leito carroçável";"Com Vítimas Feridas";"Pleno dia";"Crescente";"Céu Claro";"Simples";"Reta";"Não";2;0;0;1;0;2;1;3;-15,70053276;-56,04523301;"SPRF-MT";"DEL01-MT";"UOP02-DEL01-MT"
388865;2021-10-10;"domingo";"13:20:00";"RN";226;334;"PATU";"Reação tardia ou ineficiente do condutor";"Tombamento";"Com Vítimas Feridas";"Pleno dia";"Decrescente";"Sol";"Simples";"Curva";"Não";2;0;1;0;0;1;1;2;-6,09652255;-37,60527801;"SPRF-RN";"DEL04-RN";"UOP01-DEL04-RN"
388869;2021-10-10;"domingo";"14:30:00";"PR";153;24;"JACAREZINHO";"Desrespeitar a preferência no cruzamento";"Colisão transversal";"Com Vítimas Feridas";"Pleno dia";"Crescente";"Céu Claro";"Simples";"Interseção de Vias";"Não";4;0;1;0;2;1;1;3;-23,18366424;-49,98244728;"SPRF-PR";"DEL07-PR";"UOP04-DEL07-PR"
388880;2021-10-10;"domingo";"15:00:00";"SP";116;51,4;"LORENA";"Chuva";"Colisão lateral mesmo sentido";"Com Vítimas Feridas";"Pleno dia";"Decrescente";"Chuva";"Dupla";"Reta";"Não";3;0;1;0;1;1;1;2;-22,74157511;-45,09206392;"SPRF-SP";"DEL08-SP";"UOP02-DEL08-SP"
388881;2021-07-29;"quinta-feira";"10:50:00";"MG";365;468;"PATROCINIO";"Ultrapassagem Indevida";"Colisão traseira";"Com Vítimas Feridas";"Pleno dia";"Crescente";"Céu Claro";"Simples";"Declive";"Não";3;0;1;0;2;0;1;3;-18,91497317;-46,97376201;"SPRF-MG";"DEL10-MG";"UOP01-DEL10-MG"
388891;2021-10-10;"domingo";"16:00:00";"AL";316;258,3;"PILAR";"Ingestão de álcool pelo condutor";"Colisão lateral sentido oposto";"Sem Vítimas";"Pleno dia";"Crescente";"Céu Claro";"Simples";"Reta";"Não";3;0;0;0;2;1;0;3;-9,59138313;-35,923087;"SPRF-AL";"DEL02-AL";"UOP01-DEL02-AL"
388895;2021-10-10;"domingo";"11:11:00";"MG";40;321;"TRES MARIAS";"Ultrapassagem Indevida";"Colisão lateral sentido oposto";"Com Vítimas Feridas";"Pleno dia";"Decrescente";"Chuva";"Simples";"Curva";"Não";5;0;3;0;1;1;3;3;-18,52054432;-45,07503724;"SPRF-MG";"DEL14-MG";"UOP02-DEL14-MG"
388896;2021-10-10;"domingo";"15:15:00";"MT";163;765;"SORRISO";"Ultrapassagem Indevida";"Colisão frontal";"Com Vítimas Fatais";"Pleno dia";"Crescente";"Céu Claro";"Simples";"Curva";"Não";4;2;0;1;0;1;1;3;-12,453472;-55,662778;"SPRF-MT";"DEL06-MT";"UOP01-DEL06-MT"
388899;2021-10-10;"domingo";"16:38:00";"SP";116;513;"CAJATI";"Pista Escorregadia";"Saída de leito carroçável";"Com Vítimas Feridas";"Pleno dia";"Decrescente";"Chuva";"Simples";"Reta;Declive";"Não";2;0;1;0;0;1;1;2;-24,85109616;-48,21802405;"SPRF-SP";"DEL05-SP";"UOP02-DEL05-SP"
388905;2021-10-10;"domingo";"16:40:00";"SC";101;206,1;"SAO JOSE";"Problema com o freio";"Incêndio";"Sem Vítimas";"Pleno dia";"Decrescente";"Garoa/Chuvisco";"Múltipla";"Reta";"Sim";2;0;0;0;1;1;0;2;-27,59193546;-48,61824557;"SPRF-SC";"DEL01-SC";"UOP01-DEL01-SC"
388907;2021-10-10;"domingo";"16:30:00";"ES";101;241;"SERRA";"Acessar a via sem observar a presença dos outros veículos";"Colisão transversal";"Com Vítimas Feridas";"Anoitecer";"Crescente";"Chuva";"Simples";"Interseção de Vias";"Não";9;0;1;6;1;2;7;5;-20,02389596;-40,39998096;"SPRF-ES";"DEL02-ES";"UOP01-DEL02-ES"
388911;2021-10-10;"domingo";"13:55:00";"MG";153;174,4;"COMENDADOR GOMES";"Reação tardia ou ineficiente do condutor";"Tombamento";"Com Vítimas Feridas";"Pleno dia";"Decrescente";"Garoa/Chuvisco";"Simples";"Reta";"Não";2;0;1;0;0;2;1;3;-19,80336301;-48,96745493;"SPRF-MG";"DEL13-MG";"UOP02-DEL13-MG"
388912;2021-10-10;"domingo";"17:00:00";"RS";386;331,9;"MARQUES DE SOUZA";"Transitar na contramão";"Colisão frontal";"Com Vítimas Feridas";"Pleno dia";"Decrescente";"Sol";"Simples";"Declive;Curva";"Não";10;0;6;0;3;1;6;5;-29,363016;-52,065696;"SPRF-RS";"DEL04-RS";"UOP01-DEL04-RS"
388935;2021-10-10;"domingo";"19:15:00";"PR";277;1;"PARANAGUA";"Desrespeitar a preferência no cruzamento";"Colisão transversal";"Com Vítimas Feridas";"Plena Noite";"Decrescente";"Garoa/Chuvisco";"Simples";"Reta";"Sim";3;0;0;1;1;1;1;3;-25,5205;-48,5095;"SPRF-PR";"DEL01-PR";"UOP05-DEL01-PR"
388936;2021-10-10;"domingo";"19:45:00";"DF";20;46,5;"BRASILIA";"Chuva";"Capotamento";"Com Vítimas Feridas";"Plena Noite";"Crescente";"Chuva";"Dupla";"Reta";"Não";1;0;1;0;0;0;1;1;-15,580584;-47,458492;"SPRF-DF";"DEL02-DF";"UOP01-DEL02-DF"
388939;2021-10-10;"domingo";"19:50:00";"MG";381;589;"CARMOPOLIS DE MINAS";"Manobra de mudança de faixa";"Colisão lateral mesmo sentido";"Com Vítimas Feridas";"Plena Noite";"Crescente";"Chuva";"Dupla";"Reta";"Sim";2;0;1;0;1;0;1;2;-20,53921582;-44,64110712;"SPRF-MG";"DEL04-MG";"UOP01-DEL04-MG"
388940;2021-10-10;"domingo";"19:45:00";"MG";40;282;"TRES MARIAS";"Acessar a via sem observar a presença dos outros veículos";"Colisão traseira";"Com Vítimas Feridas";"Plena Noite";"Decrescente";"Chuva";"Simples";"Declive;Reta";"Sim";3;0;1;0;1;1;1;3;-18,24923582;-45,20220684;"SPRF-MG";"DEL14-MG";"UOP02-DEL14-MG"
388942;2021-10-10;"domingo";"20:30:00";"ES";101;372,6;"ICONHA";"Frear bruscamente";"Colisão traseira";"Com Vítimas Feridas";"Plena Noite";"Crescente";"Chuva";"Simples";"Curva";"Não";6;0;3;0;3;0;3;2;-20,77215419;-40,77695658;"SPRF-ES";"DEL03-ES";"UOP01-DEL03-ES"
388954;2021-09-24;"sexta-feira";"23:35:00";"PI";343;183;"PIRIPIRI";"Carga excessiva e/ou mal acondicionada";"Tombamento";"Com Vítimas Feridas";"Plena Noite";"Crescente";"Céu Claro";"Simples";"Rotatória";"Sim";2;0;1;0;0;1;1;2;-4,264742;-41,756226;"SPRF-PI";"DEL02-PI";"UOP01-DEL02-PI"
388958;2021-10-10;"domingo";"21:31:00";"PR";376;618;"SAO JOSE DOS PINHAIS";"Ingestão de álcool pelo condutor";"Colisão com objeto";"Com Vítimas Feridas";"Plena Noite";"Crescente";"Chuva";"Dupla";"Reta";"Não";4;0;2;0;2;0;2;3;-25,59168398;-49,17197705;"SPRF-PR";"DEL01-PR";"UOP04-DEL01-PR"
388966;2021-10-11;"segunda-feira";"00:00:00";"PR";376;674;"GUARATUBA";"Condutor Dormindo";"Colisão traseira";"Com Vítimas Fatais";"Plena Noite";"Crescente";"Garoa/Chuvisco";"Dupla";"Reta";"Não";3;1;0;0;1;1;0;3;-25,90851198;-48,92070682;"SPRF-PR";"DEL01-PR";"UOP04-DEL01-PR"
388979;2021-10-11;"segunda-feira";"00:40:00";"BA";324;487;"TANQUINHO";"Velocidade Incompatível";"Saída de leito carroçável";"Com Vítimas Feridas";"Plena Noite";"Crescente";"Céu Claro";"Simples";"Declive;Curva";"Não";1;0;0;1;0;0;1;1;-12,03364074;-39,01582097;"SPRF-BA";"DEL02-BA";"UOP01-DEL02-BA"
388982;2021-08-17;"terça-feira";"17:35:00";"BA";324;607;"SIMOES FILHO";"Ausência de reação do condutor";"Colisão traseira";"Com Vítimas Feridas";"Anoitecer";"Crescente";"Nublado";"Dupla";"Reta";"Sim";3;0;0;2;1;0;2;2;-12,81832935;-38,4070015;"SPRF-BA";"DEL01-BA";"UOP01-DEL01-BA"
388983;2021-10-10;"domingo";"23:30:00";"MG";40;601,8;"CONGONHAS";"Entrada inopinada do pedestre";"Atropelamento de Pedestre";"Com Vítimas Fatais";"Plena Noite";"Crescente";"Chuva";"Simples";"Reta";"Não";2;1;0;0;1;0;0;2;-20,43153322;-43,85435616;"SPRF-MG";"DEL05-MG";"UOP02-DEL05-MG"
388986;2021-10-10;"domingo";"15:15:00";"SC";280;216,7;"TRES BARRAS";"Transitar na contramão";"Colisão frontal";"Com Vítimas Fatais";"Pleno dia";"Crescente";"Céu Claro";"Simples";"Declive";"Não";5;3;1;0;0;1;1;4;-26,178998;-50,229389;"SPRF-SC";"DEL06-SC";"UOP04-DEL06-SC"
388992;2021-10-11;"segunda-feira";"01:30:00";"ES";101;366,7;"ANCHIETA";"Velocidade Incompatível";"Saída de leito carroçável";"Com Vítimas Feridas";"Plena Noite";"Crescente";"Chuva";"Simples";"Reta";"Não";3;0;3;0;0;0;3;1;-20,73590976;-40,7597842;"SPRF-ES";"DEL03-ES";"UOP01-DEL03-ES"
388995;2021-10-11;"segunda-feira";"00:30:00";"DF";60;27;"BRASILIA";"Avarias e/ou desgaste excessivo no pneu";"Saída de leito carroçável";"Sem Vítimas";"Plena Noite";"Crescente";"Chuva";"Dupla";"Reta";"Não";2;0;0;0;2;0;0;1;-16,012222;-48,247662;"SPRF-DF";"DEL03-DF";"UOP01-DEL03-DF"
389001;2021-10-11;"segunda-feira";"03:30:00";"MG";381;678,8;"PERDOES";"Condutor Dormindo";"Colisão traseira";"Com Vítimas Feridas";"Plena Noite";"Decrescente";"Chuva";"Dupla";"Reta";"Não";3;0;1;0;1;1;1;3;-21,118053;-45,094582;"SPRF-MG";"DEL04-MG";"UOP02-DEL04-MG"
389003;2021-10-11;"segunda-feira";"03:25:00";"TO";153;218;"NOVA OLINDA";"Condutor Dormindo";"Colisão frontal";"Com Vítimas Fatais";"Plena Noite";"Crescente";"Céu Claro";"Simples";"Reta";"Não";6;3;1;0;0;3;1;5;-7,80145831;-48,45676103;"SPRF-TO";"DEL02-TO";"UOP01-DEL02-TO"
389005;2021-10-11;"segunda-feira";"04:15:00";"RJ";101;313;"SAO GONCALO";"Acumulo de água sobre o pavimento";"Colisão lateral mesmo sentido";"Com Vítimas Feridas";"Plena Noite";"Crescente";"Chuva";"Dupla";"Reta";"Sim";2;0;1;0;1;0;1;2;-22,81049093;-43,06983304;"SPRF-RJ";"DEL02-RJ";"UOP02-DEL02-RJ"
389013;2021-10-11;"segunda-feira";"03:40:00";"SP";116;168,5;"JACAREI";"Demais falhas mecânicas ou elétricas";"Tombamento";"Sem Vítimas";"Plena Noite";"Decrescente";"Chuva";"Dupla";"Declive";"Não";2;0;0;0;1;1;0;2;-23,30545902;-46,03567599;"SPRF-SP";"DEL02-SP";"UOP01-DEL02-SP"
389015;2021-10-11;"segunda-feira";"04:40:00";"PI";316;61,4;"MONSENHOR GIL";"Carga excessiva e/ou mal acondicionada";"Tombamento";"Com Vítimas Feridas";"Amanhecer";"Crescente";"Céu Claro";"Simples";"Reta";"Não";2;0;1;0;0;1;1;2;-5,58402402;-42,61489907;"SPRF-PI";"DEL01-PI";"UOP02-DEL01-PI"
389016;2021-10-10;"domingo";"11:25:00";"MG";262;23;"REDUTO";"Demais falhas mecânicas ou elétricas";"Tombamento";"Com Vítimas Feridas";"Pleno dia";"Crescente";"Chuva";"Simples";"Curva";"Não";2;0;0;1;0;2;1;3;-20,24846503;-41,93200203;"SPRF-MG";"DEL06-MG";"UOP03-DEL06-MG"
389017;2021-10-11;"segunda-feira";"05:00:00";"BA";101;266;"SANTO ANTONIO DE JESUS";"Demais falhas mecânicas ou elétricas";"Incêndio";"Com Vítimas Feridas";"Amanhecer";"Decrescente";"Céu Claro";"Simples";"Curva";"Não";1;0;1;0;0;0;1;1;-12,998706;-39,286787;"SPRF-BA";"DEL01-BA";"UOP02-DEL01-BA"
389022;2021-10-11;"segunda-feira";"02:55:00";"RJ";40;90;"PETROPOLIS";"Chuva";"Tombamento";"Sem Vítimas";"Pleno dia";"Crescente";"Garoa/Chuvisco";"Simples";"Reta";"Não";3;0;0;0;3;0;0;2;-22,550738;-43,236397;"SPRF-RJ";"DEL06-RJ";"UOP01-DEL06-RJ"
389023;2021-10-11;"segunda-feira";"05:45:00";"RS";116;319,9;"BARRA DO RIBEIRO";"Acessar a via sem observar a presença dos outros veículos";"Colisão transversal";"Sem Vítimas";"Amanhecer";"Crescente";"Garoa/Chuvisco";"Dupla";"Reta";"Sim";6;0;0;0;5;1;0;3;-30,28157609;-51,41240974;"SPRF-RS";"DEL02-RS";"UOP01-DEL02-RS"
389024;2021-10-11;"segunda-feira";"05:35:00";"BA";242;800;"BARREIRAS";"Chuva";"Tombamento";"Com Vítimas Feridas";"Pleno dia";"Decrescente";"Chuva";"Simples";"Curva";"Não";2;0;1;0;0;1;1;2;-12,15705092;-44,88104988;"SPRF-BA";"DEL10-BA";"UOP01-DEL10-BA"
389031;2021-10-11;"segunda-feira";"07:20:00";"PR";277;688;"SAO MIGUEL DO IGUACU";"Ausência de reação do condutor";"Colisão traseira";"Com Vítimas Feridas";"Pleno dia";"Crescente";"Céu Claro";"Dupla";"Reta";"Sim";2;0;0;1;0;1;1;2;-25,34551924;-54,23632622;"SPRF-PR";"DEL05-PR";"UOP01-DEL05-PR"
389033;2021-10-11;"segunda-feira";"03:50:00";"SC";282;565,2;"NOVA ERECHIM";"Ingestão de álcool pelo condutor";"Colisão frontal";"Com Vítimas Feridas";"Plena Noite";"Crescente";"Céu Claro";"Simples";"Reta";"Não";2;0;0;1;1;0;1;2;-26,900272;-52,888309;"SPRF-SC";"DEL07-SC";"UOP02-DEL07-SC"
389035;2021-10-11;"segunda-feira";"05:05:00";"MG";116;176;"GOVERNADOR VALADARES";"Pista esburacada";"Colisão lateral sentido oposto";"Sem Vítimas";"Amanhecer";"Crescente";"Chuva";"Simples";"Reta";"Não";2;0;0;0;2;0;0;2;-18,98450524;-42,10719091;"SPRF-MG";"DEL11-MG";"UOP02-DEL11-MG"
389036;2021-10-11;"segunda-feira";"07:50:00";"SC";101;126;"ITAJAI";"Avarias e/ou desgaste excessivo no pneu";"Derramamento de carga";"Com Vítimas Feridas";"Pleno dia";"Decrescente";"Nublado";"Dupla";"Reta";"Não";1;0;1;0;0;0;1;1;-26,95564404;-48,67978366;"SPRF-SC";"DEL04-SC";"UOP04-DEL04-SC"
389042;2021-10-11;"segunda-feira";"07:20:00";"MG";381;365;"JOAO MONLEVADE";"Chuva";"Colisão lateral sentido oposto";"Com Vítimas Fatais";"Amanhecer";"Crescente";"Chuva";"Simples";"Curva";"Não";4;1;1;0;2;0;1;3;-19,854651;-43,261071;"SPRF-MG";"DEL03-MG";"UOP01-DEL03-MG"
389045;2021-10-11;"segunda-feira";"06:00:00";"MG";354;719;"POUSO ALTO";"Chuva";"Colisão frontal";"Com Vítimas Feridas";"Amanhecer";"Crescente";"Chuva";"Simples";"Curva";"Não";5;0;3;0;1;1;3;3;-22,08480539;-44,95462641;"SPRF-MG";"DEL17-MG";"UOP01-DEL17-MG"
389048;2021-10-11;"segunda-feira";"08:00:00";"GO";60;40,2;"ALEXANIA";"Ausência de reação do condutor";"Colisão traseira";"Com Vítimas Feridas";"Pleno dia";"Crescente";"Céu Claro";"Dupla";"Aclive";"Não";3;0;1;0;1;2;1;4;-16,1107;-48,5646;"SPRF-DF";"DEL03-DF";"UOP01-DEL03-DF"
389065;2021-10-11;"segunda-feira";"10:40:00";"PR";476;111;"COLOMBO";"Reação tardia ou ineficiente do condutor";"Colisão lateral mesmo sentido";"Sem Vítimas";"Pleno dia";"Decrescente";"Garoa/Chuvisco";"Simples";"Curva";"Sim";3;0;0;0;2;2;0;4;-25,315056;-49,153545;"SPRF-PR";"DEL01-PR";"UOP02-DEL01-PR"
389067;2021-10-11;"segunda-feira";"09:50:00";"TO";153;689,2;"CARIRI DO TOCANTINS";"Reação tardia ou ineficiente do condutor";"Colisão transversal";"Com Vítimas Feridas";"Pleno dia";"Decrescente";"Céu Claro";"Simples";"Reta";"Não";3;0;1;0;1;1;1;3;-11,86294093;-49,15274014;"SPRF-TO";"DEL01-TO";"UOP02-DEL01-TO"
389069;2021-10-11;"segunda-feira";"06:00:00";"PR";158;337,5;"PALMITAL";"Problema com o freio";"Saída de leito carroçável";"Com Vítimas Fatais";"Amanhecer";"Crescente";"Céu Claro";"Simples";"Curva;Declive";"Não";2;1;0;1;0;0;1;1;-24,96721439;-52,29183424;"SPRF-PR";"DEL04-PR";"UOP02-DEL04-PR"
389073;2021-10-11;"segunda-feira";"04:20:00";"MT";70;242;"PRIMAVERA DO LESTE";"Reação tardia ou ineficiente do condutor";"Tombamento";"Sem Vítimas";"Plena Noite";"Crescente";"Garoa/Chuvisco";"Simples";"Aclive";"Não";4;0;0;0;3;1;0;2;-15,61553665;-54,04395007;"SPRF-MT";"DEL05-MT";"UOP01-DEL05-MT"
389074;2021-10-11;"segunda-feira";"11:00:00";"GO";153;201;"URUACU";"Acessar a via sem observar a presença dos outros veículos";"Colisão transversal";"Sem Vítimas";"Pleno dia";"Decrescente";"Nublado";"Simples";"Interseção de Vias";"Sim";4;0;0;0;3;2;0;5;-14,53321934;-49,16088939;"SPRF-GO";"DEL07-GO";"UOP02-DEL07-GO"
389078;2021-10-11;"segunda-feira";"09:50:00";"MG";381;872,9;"ESTIVA";"Ausência de reação do condutor";"Colisão com objeto";"Com Vítimas Feridas";"Pleno dia";"Decrescente";"Chuva";"Dupla";"Curva";"Não";2;0;1;0;0;1;1;2;-22,44483063;-45,99289738;"SPRF-MG";"DEL16-MG";"UOP01-DEL16-MG"
389085;2021-10-03;"domingo";"06:00:00";"BA";324;530;"FEIRA DE SANTANA";"Reação tardia ou ineficiente do condutor";"Colisão lateral mesmo sentido";"Sem Vítimas";"Amanhecer";"Crescente";"Céu Claro";"Dupla";"Curva";"Não";3;0;0;0;2;2;0;4;-12,32818491;-38,86174193;"SPRF-BA";"DEL01-BA";"UOP03-DEL01-BA"
389095;2021-10-11;"segunda-feira";"11:30:00";"ES";101;369;"ANCHIETA";"Carga excessiva e/ou mal acondicionada";"Colisão com objeto";"Com Vítimas Feridas";"Pleno dia";"Crescente";"Chuva";"Simples";"Reta";"Não";4;0;1;0;2;1;1;2;-20,76055768;-40,75851633;"SPRF-ES";"DEL03-ES";"UOP01-DEL03-ES"
389101;2021-10-11;"segunda-feira";"13:30:00";"PA";316;23,9;"BENEVIDES";"Condutor Dormindo";"Saída de leito carroçável";"Com Vítimas Feridas";"Pleno dia";"Decrescente";"Céu Claro";"Dupla";"Reta";"Sim";1;0;1;0;0;0;1;1;-1,34599732;-48,25152822;"SPRF-PA";"DEL01-PA";"UOP01-DEL01-PA"
389109;2021-10-11;"segunda-feira";"10:30:00";"MG";262;747,3;"PERDIZES";"Reação tardia ou ineficiente do condutor";"Colisão traseira";"Com Vítimas Feridas";"Pleno dia";"Decrescente";"Nublado";"Simples";"Reta";"Não";3;0;1;0;1;3;1;5;-19,623824;-47,486104;"SPRF-MG";"DEL13-MG";"UOP01-DEL13-MG"
389125;2021-10-11;"segunda-feira";"16:50:00";"PR";163;139,7;"CAPITAO LEONIDAS MARQUES";"Velocidade Incompatível";"Tombamento";"Com Vítimas Feridas";"Pleno dia";"Decrescente";"Sol";"Simples";"Curva";"Não";3;0;1;0;1;1;1;2;-25,48388094;-53,59371185;"SPRF-PR";"DEL05-PR";"UOP05-DEL05-PR"
389130;2021-10-11;"segunda-feira";"15:30:00";"RS";392;3,9;"RIO GRANDE";"Frear bruscamente";"Saída de leito carroçável";"Com Vítimas Feridas";"Pleno dia";"Crescente";"Chuva";"Simples";"Reta";"Não";2;0;1;0;0;1;1;2;-32,06221202;-52,08949696;"SPRF-RS";"DEL07-RS";"UOP02-DEL07-RS"
389131;2021-10-11;"segunda-feira";"16:15:00";"MS";163;476;"CAMPO GRANDE";"Reação tardia ou ineficiente do condutor";"Colisão traseira";"Com Vítimas Feridas";"Pleno dia";"Crescente";"Céu Claro";"Simples";"Reta";"Não";5;0;0;1;3;2;1;5;-20,51162825;-54,56030973;"SPRF-MS";"DEL01-MS";"UOP01-DEL01-MS"
389132;2021-10-11;"segunda-feira";"14:40:00";"MG";40;588,1;"ITABIRITO";"Demais falhas mecânicas ou elétricas";"Tombamento";"Com Vítimas Feridas";"Pleno dia";"Crescente";"Chuva";"Simples";"Curva";"Não";1;0;1;0;0;0;1;1;-20,3568122;-43,9096054;"SPRF-MG";"DEL01-MG";"UOP02-DEL01-MG"
389133;2021-10-11;"segunda-feira";"16:40:00";"ES";101;186,9;"ARACRUZ";"Acumulo de água sobre o pavimento";"Saída de leito carroçável";"Com Vítimas Feridas";"Plena Noite";"Crescente";"Chuva";"Simples";"Curva";"Não";1;0;1;0;0;0;1;1;-19,66488404;-40,24929498;"SPRF-ES";"DEL04-ES";"UOP01-DEL04-ES"
389135;2021-10-11;"segunda-feira";"04:45:00";"MG";251;397,8;"GRAO MOGOL";"Pista Escorregadia";"Saída de leito carroçável";"Com Vítimas Feridas";"Plena Noite";"Crescente";"Chuva";"Simples";"Curva;Declive";"Não";2;0;0;1;0;1;1;2;-16,22239199;-42,89391301;"SPRF-MG";"DEL12-MG";"UOP01-DEL12-MG"
389138;2021-10-11;"segunda-feira";"14:50:00";"MT";163;707;"SORRISO";"Desrespeitar a preferência no cruzamento";"Colisão transversal";"Com Vítimas Feridas";"Pleno dia";"Crescente";"Nublado";"Simples";"Reta";"Não";3;0;0;1;1;1;1;3;-13,02951905;-55,89811787;"SPRF-MT";"DEL06-MT";"UOP01-DEL06-MT"
389147;2021-10-11;"segunda-feira";"14:00:00";"SC";480;129,9;"CHAPECO";"Manobra de mudança de faixa";"Colisão frontal";"Com Vítimas Feridas";"Pleno dia";"Crescente";"Sol";"Simples";"Reta";"Sim";3;0;2;0;1;0;2;2;-27,04656607;-52,63577131;"SPRF-SC";"DEL07-SC";"UOP01-DEL07-SC"
389154;2021-10-11;"segunda-feira";"16:30:00";"MG";262;520,1;"LUZ";"Desrespeitar a preferência no cruzamento";"Colisão transversal";"Com Vítimas Feridas";"Pleno dia";"Decrescente";"Chuva";"Simples";"Rotatória";"Não";4;0;1;0;2;2;1;4;-19,7891507;-45,61973095;"SPRF-MG";"DEL08-MG";"UOP03-DEL08-MG"
389160;2021-10-11;"segunda-feira";"18:50:00";"PE";101;80,6;"JABOATAO DOS GUARARAPES";"Avarias e/ou desgaste excessivo no pneu";"Incêndio";"Sem Vítimas";"Plena Noite";"Crescente";"Céu Claro";"Dupla";"Reta";"Sim";3;0;0;0;2;1;0;2;-8,15112589;-34,9428866;"SPRF-PE";"DEL01-PE";"UOP01-DEL01-PE"
389162;2021-10-11;"segunda-feira";"16:00:00";"MT";364;469;"VARZEA GRANDE";"Chuva";"Colisão lateral sentido oposto";"Com Vítimas Feridas";"Anoitecer";"Crescente";"Nublado";"Simples";"Reta";"Não";5;0;4;0;0;1;4;3;-15,4667031;-56,31189606;"SPRF-MT";"DEL01-MT";"UOP02-DEL01-MT"
389180;2021-10-11;"segunda-feira";"18:40:00";"MS";163;485,3;"CAMPO GRANDE";"Ingestão de álcool pelo condutor";"Colisão frontal";"Com Vítimas Feridas";"Plena Noite";"Crescente";"Céu Claro";"Simples";"Aclive";"Sim";2;0;1;0;1;0;1;2;-20,44233707;-54,54201834;"SPRF-MS";"DEL01-MS";"UOP02-DEL01-MS"