"id";"data_inversa";"dia_semana";"horario";"uf";"br";"km";"municipio";"causa_acidente";"tipo_acidente";"classificacao_acidente";"fase_dia";"sentido_via";"condicao_metereologica";"tipo_pista";"tracado_via";"uso_solo";"pessoas";"mortos";"feridos_leves";"feridos_graves";"ilesos";"ignorados";"feridos";"veiculos";"latitude";"longitude";"regional";"delegacia";"uop"
389181;2021-10-11;"segunda-feira";"20:30:00";"MT";163;604;"NOVA MUTUM";"Condutor deixou de manter distância do veículo da frente";"Colisão traseira";"Sem Vítimas";"Plena Noite";"Crescente";"Chuva";"Simples";"Reta";"Não";4;0;0;0;3;2;0;5;-13,87236604;-56,08739473;"SPRF-MT";"DEL01-MT";"UOP01-DEL01-MT"
389184;2021-10-11;"segunda-feira";"19:45:00";"MG";267;156,5;"LIMA DUARTE";"Ingestão de álcool pelo condutor";"Colisão frontal";"Sem Vítimas";"Plena Noite";"Crescente";"Chuva";"Simples";"Reta";"Não";3;0;0;0;2;1;0;3;-21,83593852;-43,7741484;"SPRF-MG";"DEL05-MG";"UOP01-DEL05-MG"
389198;2021-10-11;"segunda-feira";"23:57:00";"TO";153;653;"DUERE";"Reação tardia ou ineficiente do condutor";"Colisão traseira";"Com Vítimas Feridas";"Plena Noite";"Decrescente";"Nublado";"Simples";"Reta;Aclive";"Não";3;0;1;1;0;1;2;3;-11,57229004;-49,03090694;"SPRF-TO";"DEL01-TO";"UOP02-DEL01-TO"
389200;2021-10-11;"segunda-feira";"20:45:00";"MG";40;338;"FELIXLANDIA";"Manobra de mudança de faixa";"Colisão transversal";"Com Vítimas Feridas";"Plena Noite";"Decrescente";"Chuva";"Simples";"Reta";"Não";2;0;0;1;1;0;1;2;-18,65103007;-44,99950834;"SPRF-MG";"DEL14-MG";"UOP02-DEL14-MG"
389204;2021-10-11;"segunda-feira";"23:50:00";"SP";116;505;"CAJATI";"Velocidade Incompatível";"Colisão com objeto";"Com Vítimas Feridas";"Plena Noite";"Decrescente";"Chuva";"Simples";"Curva";"Não";2;0;1;0;0;1;1;2;-24,79028098;-48,21075278;"SPRF-SP";"DEL05-SP";"UOP02-DEL05-SP"
389213;2021-10-11;"segunda-feira";"21:00:00";"RS";392;194;"SANTANA DA BOA VISTA";"Demais falhas mecânicas ou elétricas";"Tombamento";"Sem Vítimas";"Plena Noite";"Decrescente";"Nevoeiro/Neblina";"Simples";"Curva";"Não";3;0;0;0;2;4;0;6;-30,91242801;-53,10603527;"SPRF-RS";"DEL09-RS";"UOP02-DEL09-RS"
389215;2021-10-12;"terça-feira";"00:35:00";"RS";471;612,5;"SANTA VITORIA DO PALMAR";"Ausência de reação do condutor";"Colisão frontal";"Com Vítimas Fatais";"Plena Noite";"Crescente";"Chuva";"Simples";"Reta";"Não";2;1;0;0;1;0;0;2;-33,248631;-53,076729;"SPRF-RS";"DEL07-RS";"UOP04-DEL07-RS"
389216;2021-09-28;"terça-feira";"16:28:00";"RS";116;41,2;"VACARIA";"Ultrapassagem Indevida";"Colisão lateral mesmo sentido";"Com Vítimas Feridas";"Pleno dia";"Decrescente";"Sol";"Simples";"Aclive;Reta";"Não";4;0;1;0;2;3;1;6;-28,52643389;-50,94827056;"SPRF-RS";"DEL05-RS";"UOP03-DEL05-RS"
389220;2021-10-12;"terça-feira";"03:30:00";"SP";116;206,3;"GUARULHOS";"Acessar a via sem observar a presença dos outros veículos";"Atropelamento de Pedestre";"Com Vítimas Fatais";"Plena Noite";"Crescente";"Nublado";"Dupla";"Reta";"Sim";2;1;0;0;1;0;0;2;-23,41722629;-46,37510292;"SPRF-SP";"DEL01-SP";"UOP01-DEL01-SP"
389222;2021-10-12;"terça-feira";"03:20:00";"MG";262;61,2;"MANHUACU";"Chuva";"Saída de leito carroçável";"Com Vítimas Feridas";"Plena Noite";"Decrescente";"Chuva";"Simples";"Reta";"Não";1;0;1;0;0;0;1;1;-20,2924829;-42,21744498;"SPRF-MG";"DEL06-MG";"UOP03-DEL06-MG"
389225;2021-10-12;"terça-feira";"04:50:00";"PR";277;120;"CAMPO LARGO";"Ingestão de álcool ou de substâncias psicoativas pelo pedestre";"Atropelamento de Pedestre";"Com Vítimas Fatais";"Plena Noite";"Decrescente";"Nublado";"Dupla";"Reta";"Não";5;1;0;0;2;3;0;4;-25,43651772;-49,44346612;"SPRF-PR";"DEL01-PR";"UOP03-DEL03-PR"
389227;2021-10-12;"terça-feira";"05:00:00";"SC";101;271;"IMBITUBA";"Demais Fenômenos da natureza";"Tombamento";"Com Vítimas Feridas";"Plena Noite";"Crescente";"Chuva";"Dupla";"Curva";"Não";7;0;0;1;5;1;1;5;-28,11506391;-48,7005043;"SPRF-SC";"DEL02-SC";"UOP03-DEL02-SC"
389230;2021-10-12;"terça-feira";"05:30:00";"PB";230;41,8;"SANTA RITA";"Ausência de reação do condutor";"Colisão traseira";"Com Vítimas Feridas";"Amanhecer";"Decrescente";"Céu Claro";"Dupla";"Reta";"Não";4;0;2;0;2;0;2;2;-7,1432;-34,9869;"SPRF-PB";"DEL01-PB";"UOP03-DEL01-PB"
389231;2021-10-12;"terça-feira";"06:15:00";"SP";116;477;"JACUPIRANGA";"Transitar na contramão";"Colisão frontal";"Com Vítimas Fatais";"Pleno dia";"Crescente";"Nublado";"Dupla";"Reta";"Não";3;1;1;0;0;1;1;3;-24,69842695;-48,00304804;"SPRF-SP";"DEL05-SP";"UOP01-DEL05-SP"
389235;2021-10-12;"terça-feira";"07:45:00";"RS";386;435,5;"NOVA SANTA RITA";"Condutor deixou de manter distância do veículo da frente";"Colisão traseira";"Com Vítimas Feridas";"Pleno dia";"Decrescente";"Sol";"Dupla";"Rotatória";"Sim";4;0;2;0;2;0;2;2;-29,846369;-51,275738;"SPRF-RS";"DEL04-RS";"UOP02-DEL04-RS"
389237;2021-10-11;"segunda-feira";"20:26:00";"MT";163;605;"NOVA MUTUM";"Chuva";"Colisão lateral mesmo sentido";"Com Vítimas Feridas";"Plena Noite";"Decrescente";"Chuva";"Simples";"Reta";"Não";2;0;1;0;1;0;1;2;-13,86351018;-56,08627166;"SPRF-MT";"DEL01-MT";"UOP01-DEL01-MT"
389244;2021-10-12;"terça-feira";"05:40:00";"BA";116;452,6;"SANTO ESTEVAO";"Demais falhas mecânicas ou elétricas";"Incêndio";"Com Vítimas Feridas";"Pleno dia";"Crescente";"Nublado";"Dupla";"Reta";"Não";2;0;0;1;0;2;1;3;-12,4071657;-39,17805076;"SPRF-BA";"DEL02-BA";"UOP01-DEL02-BA"
389246;2021-10-12;"terça-feira";"07:50:00";"CE";20;131,7;"TAUA";"Acessar a via sem observar a presença dos outros veículos";"Colisão transversal";"Com Vítimas Feridas";"Pleno dia";"Decrescente";"Céu Claro";"Simples";"Reta";"Sim";3;0;0;1;1;2;1;4;-5,6237;-40,114753;"SPRF-CE";"DEL02-CE";"UOP02-DEL02-CE"
389252;2021-10-12;"terça-feira";"07:35:00";"MG";251;398,3;"GRAO MOGOL";"Transitar na contramão";"Colisão frontal";"Com Vítimas Feridas";"Pleno dia";"Crescente";"Chuva";"Simples";"Reta;Declive";"Não";4;0;1;0;2;1;1;3;-16,22719269;-42,90178519;"SPRF-MG";"DEL12-MG";"UOP01-DEL12-MG"
389261;2021-10-12;"terça-feira";"08:40:00";"MG";381;525;"BRUMADINHO";"Velocidade Incompatível";"Saída de leito carroçável";"Com Vítimas Feridas";"Amanhecer";"Crescente";"Céu Claro";"Dupla";"Curva";"Não";1;0;1;0;0;0;1;1;-20,16710798;-44,33422398;"SPRF-MG";"DEL04-MG";"UOP03-DEL04-MG"
389264;2021-10-12;"terça-feira";"10:15:00";"SP";381;23;"BRAGANCA PAULISTA";"Ausência de reação do condutor";"Saída de leito carroçável";"Sem Vítimas";"Pleno dia";"Crescente";"Céu Claro";"Dupla";"Reta";"Sim";2;0;0;0;1;1;0;2;-23,00476488;-46,52061531;"SPRF-SP";"DEL03-SP";"UOP01-DEL03-SP"
389271;2021-10-12;"terça-feira";"11:10:00";"RJ";101;144;"MACAE";"Demais falhas mecânicas ou elétricas";"Colisão com objeto";"Com Vítimas Feridas";"Pleno dia";"Crescente";"Chuva";"Dupla";"Curva";"Não";4;0;2;0;2;0;2;3;-22,21328005;-41,75426573;"SPRF-RJ";"DEL08-RJ";"UOP04-DEL08-RJ"
389275;2021-10-12;"terça-feira";"12:30:00";"MG";116;409;"GOVERNADOR VALADARES";"Velocidade Incompatível";"Saída de leito carroçável";"Com Vítimas Feridas";"Pleno dia";"Crescente";"Céu Claro";"Dupla";"Interseção de Vias";"Sim";6;0;3;0;2;1;3;3;-18,84936788;-41,97891368;"SPRF-MG";"DEL06-MG";"UOP01-DEL06-MG"
389277;2021-10-12;"terça-feira";"13:40:00";"MG";381;496;"BETIM";"Manobra de mudança de faixa";"Colisão lateral mesmo sentido";"Com Vítimas Feridas";"Pleno dia";"Crescente";"Sol";"Dupla";"Reta";"Sim";5;0;1;0;3;1;1;4;-19,99676497;-44,20958506;"SPRF-MG";"DEL01-MG";"UOP03-DEL01-MG"
389283;2021-10-12;"terça-feira";"14:20:00";"TO";153;668,5;"GURUPI";"Ingestão de álcool pelo condutor";"Colisão transversal";"Sem Vítimas";"Pleno dia";"Decrescente";"Céu Claro";"Simples";"Reta";"Sim";2;0;0;0;2;0;0;2;-11,69207791;-49,07070942;"SPRF-TO";"DEL01-TO";"UOP02-DEL01-TO"
389284;2021-09-05;"domingo";"23:00:00";"SC";101;99;"BALNEARIO PICARRAS";"Reação tardia ou ineficiente do condutor";"Colisão traseira";"Com Vítimas Feridas";"Plena Noite";"Crescente";"Céu Claro";"Dupla";"Reta";"Não";4;0;1;0;2;1;1;3;-26,7471002;-48,69654831;"SPRF-SC";"DEL03-SC";"UOP02-DEL03-SC"
389288;2021-10-12;"terça-feira";"13:20:00";"CE";116;299;"JAGUARIBE";"Manobra de mudança de faixa";"Saída de leito carroçável";"Com Vítimas Feridas";"Pleno dia";"Decrescente";"Céu Claro";"Simples";"Reta";"Não";2;0;1;0;0;1;1;2;-5,83612163;-38,55558524;"SPRF-CE";"DEL05-CE";"UOP02-DEL05-CE"
389292;2021-10-12;"terça-feira";"09:45:00";"SP";116;566;"BARRA DO TURVO";"Reação tardia ou ineficiente do condutor";"Colisão com objeto";"Com Vítimas Feridas";"Pleno dia";"Crescente";"Nublado";"Dupla";"Curva";"Não";4;0;1;0;2;1;1;3;-25,041697;-48,549812;"SPRF-SP";"DEL05-SP";"UOP02-DEL05-SP"
389296;2021-10-12;"terça-feira";"13:20:00";"PR";376;588,8;"CURITIBA";"Velocidade Incompatível";"Tombamento";"Sem Vítimas";"Pleno dia";"Decrescente";"Céu Claro";"Dupla";"Curva";"Sim";2;0;0;0;1;3;0;4;-25,43381713;-49,36546121;"SPRF-PR";"DEL01-PR";"UOP01-DEL01-PR"
389304;2021-10-12;"terça-feira";"16:25:00";"SP";116;68;"APARECIDA";"Trafegar com motocicleta (ou similar) entre as faixas";"Colisão traseira";"Com Vítimas Fatais";"Pleno dia";"Crescente";"Nublado";"Dupla";"Reta";"Sim";7;1;2;0;3;2;2;7;-22,83354783;-45,21713313;"SPRF-SP";"DEL08-SP";"UOP01-DEL08-SP"
389309;2021-10-12;"terça-feira";"16:40:00";"RS";392;314;"SAO SEPE";"Transitar na contramão";"Colisão lateral sentido oposto";"Com Vítimas Feridas";"Pleno dia";"Crescente";"Céu Claro";"Simples";"Reta";"Não";3;0;1;0;1;2;1;4;-30,03826506;-53,67951814;"SPRF-RS";"DEL09-RS";"UOP01-DEL09-RS"
389319;2021-10-12;"terça-feira";"17:15:00";"GO";60;165,7;"GOIANIA";"Manobra de mudança de faixa";"Colisão lateral mesmo sentido";"Com Vítimas Feridas";"Anoitecer";"Decrescente";"Céu Claro";"Múltipla";"Curva;Viaduto;Aclive";"Sim";3;0;1;0;0;2;1;3;-16,71291482;-49,35729146;"SPRF-GO";"DEL01-GO";"UOP02-DEL01-GO"
389323;2021-10-12;"terça-feira";"16:45:00";"RO";319;57;"PORTO VELHO";"Falta de acostamento";"Colisão lateral mesmo sentido";"Com Vítimas Feridas";"Pleno dia";"Decrescente";"Nublado";"Simples";"Ponte";"Não";4;0;0;1;0;3;1;3;-8,73804027;-63,92502308;"SPRF-RO";"DEL01-RO";"UOP01-DEL01-RO"
389324;2021-10-12;"terça-feira";"17:15:00";"SC";282;222,8;"LAGES";"Transitar na contramão";"Colisão lateral sentido oposto";"Com Vítimas Feridas";"Pleno dia";"Decrescente";"Céu Claro";"Simples";"Curva;Aclive";"Não";5;0;1;0;3;1;1;3;-27,79851112;-50,35531998;"SPRF-SC";"DEL05-SC";"UOP01-DEL05-SC"
389327;2021-10-12;"terça-feira";"15:40:00";"MG";153;46,8;"CANAPOLIS";"Velocidade Incompatível";"Colisão com objeto";"Com Vítimas Feridas";"Pleno dia";"Crescente";"Chuva";"Dupla";"Declive";"Não";5;0;0;1;3;6;1;10;-18,7877321;-49,08400664;"SPRF-MG";"DEL15-MG";"UOP03-DEL15-MG"
389329;2021-10-12;"terça-feira";"18:30:00";"TO";153;207,3;"NOVA OLINDA";"Transitar na contramão";"Colisão frontal";"Com Vítimas Fatais";"Plena Noite";"Decrescente";"Nublado";"Simples";"Reta";"Não";3;2;0;0;1;0;0;2;-7,70920888;-48,43954738;"SPRF-TO";"DEL02-TO";"UOP01-DEL02-TO"
389348;2021-10-12;"terça-feira";"20:30:00";"PE";232;182,9;"BELO JARDIM";"Transitar na contramão";"Colisão frontal";"Com Vítimas Feridas";"Plena Noite";"Crescente";"Céu Claro";"Simples";"Reta";"Não";2;0;0;1;1;0;1;2;-8,34804728;-36,44664994;"SPRF-PE";"DEL02-PE";"UOP03-DEL02-PE"
389356;2021-10-12;"terça-feira";"19:50:00";"CE";222;20;"CAUCAIA";"Velocidade Incompatível";"Tombamento";"Com Vítimas Feridas";"Plena Noite";"Crescente";"Céu Claro";"Simples";"Reta";"Não";2;0;1;0;0;2;1;3;-3,7411838;-38,7350389;"SPRF-CE";"DEL01-CE";"UOP01-DEL01-CE"
389358;2021-10-12;"terça-feira";"15:30:00";"BA";242;246;"ITABERABA";"Velocidade Incompatível";"Tombamento";"Com Vítimas Feridas";"Pleno dia";"Crescente";"Céu Claro";"Simples";"Curva";"Não";4;0;0;1;2;1;1;3;-12,51101445;-40,44232902;"SPRF-BA";"DEL06-BA";"UOP02-DEL06-BA"
389364;2021-10-12;"terça-feira";"08:30:00";"SC";282;137;"BOM RETIRO";"Velocidade Incompatível";"Tombamento";"Com Vítimas Feridas";"Pleno dia";"Decrescente";"Nublado";"Simples";"Reta";"Não";1;0;1;0;0;0;1;1;-27,8218;-49,567032;"SPRF-SC";"DEL05-SC";"UOP01-DEL05-SC"
389369;2021-10-12;"terça-feira";"20:20:00";"SP";116;359,2;"MIRACATU";"Velocidade Incompatível";"Tombamento";"Com Vítimas Feridas";"Plena Noite";"Decrescente";"Céu Claro";"Simples";"Curva";"Não";7;0;1;0;5;1;1;3;-24,10907585;-47,26841927;"SPRF-SP";"DEL04-SP";"UOP02-DEL04-SP"
389370;2021-10-12;"terça-feira";"22:30:00";"BA";116;19;"VITORIA DA CONQUISTA";"Demais falhas mecânicas ou elétricas";"Colisão com objeto";"Sem Vítimas";"Plena Noite";"Crescente";"Nublado";"Simples";"Reta";"Sim";3;0;0;0;2;1;0;3;-14,89311486;-40,82035661;"SPRF-BA";"DEL08-BA";"UOP01-DEL08-BA"
389373;2021-10-12;"terça-feira";"22:00:00";"BA";110;265;"SANTO ANTONIO DE JESUS";"Mal súbito do condutor";"Saída de leito carroçável";"Com Vítimas Fatais";"Plena Noite";"Decrescente";"Céu Claro";"Simples";"Reta";"Não";3;1;0;0;0;2;0;3;-12,988239;-39,290848;"SPRF-BA";"DEL01-BA";"UOP04-DEL01-BA"
389375;2021-10-12;"terça-feira";"23:20:00";"RJ";116;182;"NOVA IGUACU";"Acesso irregular";"Colisão transversal";"Com Vítimas Feridas";"Plena Noite";"Decrescente";"Céu Claro";"Dupla";"Reta";"Não";3;0;1;0;2;0;1;2;-22,7567755;-43,43107234;"SPRF-RJ";"DEL01-RJ";"UOP02-DEL01-RJ"
389376;2021-10-12;"terça-feira";"23:40:00";"MG";40;614,4;"CONGONHAS";"Condutor deixou de manter distância do veículo da frente";"Colisão traseira";"Com Vítimas Feridas";"Plena Noite";"Crescente";"Nublado";"Simples";"Curva";"Não";2;0;0;1;0;1;1;2;-20,52977973;-43,82351464;"SPRF-MG";"DEL05-MG";"UOP02-DEL05-MG"
389378;2021-10-12;"terça-feira";"18:00:00";"BA";135;48;"FORMOSA DO RIO PRETO";"Demais falhas mecânicas ou elétricas";"Saída de leito carroçável";"Com Vítimas Feridas";"Anoitecer";"Decrescente";"Céu Claro";"Simples";"Reta";"Não";2;0;1;0;0;1;1;2;-11,18339602;-45,04820139;"SPRF-BA";"DEL10-BA";"UOP01-DEL10-BA"
389379;2021-10-12;"terça-feira";"19:45:00";"MG";365;706,5;"MONTE ALEGRE DE MINAS";"Pedestre andava na pista";"Atropelamento de Pedestre";"Com Vítimas Feridas";"Plena Noite";"Crescente";"Nublado";"Dupla";"Reta;Declive";"Não";2;0;0;1;0;1;1;2;-18,8789182;-49,05482003;"SPRF-MG";"DEL15-MG";"UOP03-DEL15-MG"
389384;2021-10-13;"quarta-feira";"00:29:00";"MA";222;676;"ACAILANDIA";"Velocidade Incompatível";"Colisão lateral mesmo sentido";"Com Vítimas Feridas";"Plena Noite";"Crescente";"Céu Claro";"Simples";"Interseção de Vias";"Sim";2;0;0;1;1;0;1;2;-4,94304617;-47,4690399;"SPRF-MA";"DEL04-MA";"UOP03-DEL04-MA"
389388;2021-10-13;"quarta-feira";"01:40:00";"SP";116;513,9;"CAJATI";"Problema com o freio";"Tombamento";"Com Vítimas Feridas";"Plena Noite";"Decrescente";"Nublado";"Dupla";"Curva";"Não";1;0;1;0;0;0;1;1;-24,856037;-48,212162;"SPRF-SP";"DEL05-SP";"UOP02-DEL05-SP"
389389;2021-10-12;"terça-feira";"22:25:00";"MG";116;374,3;"FREI INOCENCIO";"Transitar na contramão";"Colisão frontal";"Com Vítimas Fatais";"Plena Noite";"Decrescente";"Nublado";"Simples";"Reta";"Sim";2;1;0;0;1;0;0;2;-18,57167276;-41,91082732;"SPRF-MG";"DEL11-MG";"UOP01-DEL11-MG"
389390;2021-10-12;"terça-feira";"22:40:00";"MG";116;169,5;"PADRE PARAISO";"Reação tardia ou ineficiente do condutor";"Saída de leito carroçável";"Com Vítimas Feridas";"Plena Noite";"Crescente";"Nevoeiro/Neblina";"Simples";"Curva";"Não";2;0;1;0;0;1;1;2;-17,01766884;-41,4435732;"SPRF-MG";"DEL11-MG";"UOP02-DEL11-MG"
389396;2021-10-13;"quarta-feira";"04:25:00";"ES";262;121;"CONCEICAO DO CASTELO";"Ausência de sinalização";"Colisão traseira";"Com Vítimas Feridas";"Amanhecer";"Decrescente";"Nevoeiro/Neblina";"Simples";"Reta";"Não";11;0;5;3;2;1;8;3;-20,29365543;-41,23018943;"SPRF-ES";"DEL01-ES";"UOP02-DEL01-ES"
389397;2021-10-13;"quarta-feira";"02:00:00";"MS";262;573,5;"MIRANDA";"Ausência de reação do condutor";"Colisão com objeto";"Sem Vítimas";"Plena Noite";"Crescente";"Céu Claro";"Simples";"Reta;Ponte";"Não";1;0;0;0;1;0;0;1;-20,19074674;-56,50542601;"SPRF-MS";"DEL03-MS";"UOP02-DEL03-MS"
389399;2021-10-13;"quarta-feira";"04:00:00";"AL";101;234;"PORTO REAL DO COLEGIO";"Reação tardia ou ineficiente do condutor";"Tombamento";"Com Vítimas Feridas";"Amanhecer";"Decrescente";"Céu Claro";"Dupla";"Reta";"Não";2;0;1;0;0;1;1;2;-10,11607315;-36,76689488;"SPRF-AL";"DEL02-AL";"UOP02-DEL02-AL"
389403;2021-10-13;"quarta-feira";"05:50:00";"MG";40;545;"BELO HORIZONTE";"Manobra de mudança de faixa";"Colisão transversal";"Com Vítimas Feridas";"Amanhecer";"Crescente";"Nublado";"Dupla";"Reta";"Sim";3;0;0;2;1;0;2;2;-20,00670404;-43,96418668;"SPRF-MG";"DEL01-MG";"UOP02-DEL01-MG"
389407;2021-10-13;"quarta-feira";"06:15:00";"ES";101;228,3;"FUNDAO";"Ausência de reação do condutor";"Saída de leito carroçável";"Com Vítimas Fatais";"Pleno dia";"Decrescente";"Céu Claro";"Simples";"Reta";"Não";2;1;0;0;0;1;0;2;-19,91868701;-40,40570613;"SPRF-ES";"DEL02-ES";"UOP01-DEL02-ES"
389418;2021-10-13;"quarta-feira";"06:35:00";"RS";116;112,5;"ELDORADO DO SUL";"Condutor deixou de manter distância do veículo da frente";"Colisão traseira";"Sem Vítimas";"Pleno dia";"Decrescente";"Nevoeiro/Neblina";"Simples";"Viaduto";"Não";12;0;0;0;12;0;0;3;-30,04303691;-51,33063555;"SPRF-RS";"DEL05-RS";"UOP01-DEL05-RS"
389420;2021-10-13;"quarta-feira";"07:10:00";"PR";116;120,9;"CURITIBA";"Reação tardia ou ineficiente do condutor";"Colisão lateral mesmo sentido";"Com Vítimas Feridas";"Amanhecer";"Crescente";"Nublado";"Dupla";"Reta";"Não";2;0;1;0;1;0;1;2;-25,60001115;-49,31746066;"SPRF-PR";"DEL01-PR";"UOP03-DEL01-PR"
389423;2021-10-12;"terça-feira";"16:30:00";"BA";407;179;"PONTO NOVO";"Reação tardia ou ineficiente do condutor";"Colisão frontal";"Com Vítimas Fatais";"Plena Noite";"Crescente";"Céu Claro";"Simples";"Reta";"Não";2;1;0;0;1;0;0;2;-10,92005199;-40,1071579;"SPRF-BA";"DEL04-BA";"UOP02-DEL04-BA"
389425;2021-08-30;"segunda-feira";"12:30:00";"MG";381;491,5;"BETIM";"Condutor deixou de manter distância do veículo da frente";"Colisão lateral mesmo sentido";"Com Vítimas Feridas";"Pleno dia";"Crescente";"Céu Claro";"Múltipla";"Reta";"Sim";3;0;0;1;1;1;1;3;-19,95895439;-44,15347874;"SPRF-MG";"DEL01-MG";"UOP03-DEL01-MG"
389438;2021-10-13;"quarta-feira";"08:30:00";"GO";0;0;"GOIANIA";"Problema com o freio";"Colisão traseira";"Sem Vítimas";"Pleno dia";"Não Informado";"Sol";"Múltipla";"Reta;Rotatória;Declive;Interseção de Vias;Viaduto";"Sim";3;0;0;0;3;0;0;2;-16,67035871;-49,22844887;"SPRF-GO";"DEL01-GO";"UOP01-DEL01-GO"
389449;2021-10-13;"quarta-feira";"11:55:00";"RS";472;565;"URUGUAIANA";"Desrespeitar a preferência no cruzamento";"Colisão frontal";"Com Vítimas Feridas";"Pleno dia";"Crescente";"Céu Claro";"Simples";"Reta";"Não";3;0;0;1;1;1;1;3;-29,735878;-56,966279;"SPRF-RS";"DEL13-RS";"UOP01-DEL13-RS"
389453;2021-08-26;"quinta-feira";"09:30:00";"ES";101;303,5;"VIANA";"Transitar na contramão";"Colisão traseira";"Com Vítimas Feridas";"Pleno dia";"Crescente";"Céu Claro";"Dupla";"Reta";"Sim";2;0;1;0;1;0;1;2;-20,37830266;-40,45002937;"SPRF-ES";"DEL01-ES";"UOP01-DEL01-ES"
389460;2021-10-13;"quarta-feira";"11:15:00";"SC";101;46,3;"JOINVILLE";"Acesso irregular";"Colisão traseira";"Com Vítimas Feridas";"Pleno dia";"Decrescente";"Céu Claro";"Simples";"Reta";"Não";3;0;1;0;1;1;1;3;-26,36337968;-48,85855146;"SPRF-SC";"DEL03-SC";"UOP01-DEL03-SC"
389467;2021-10-13;"quarta-feira";"14:00:00";"MG";381;482,7;"BETIM";"Condutor Dormindo";"Colisão traseira";"Com Vítimas Feridas";"Pleno dia";"Decrescente";"Céu Claro";"Múltipla";"Reta";"Sim";2;0;1;0;0;1;1;2;-19,955532;-44,097209;"SPRF-MG";"DEL01-MG";"UOP03-DEL01-MG"
389469;2021-10-13;"quarta-feira";"11:00:00";"SC";116;226;"CORREIA PINTO";"Desrespeitar a preferência no cruzamento";"Colisão transversal";"Com Vítimas Feridas";"Pleno dia";"Crescente";"Céu Claro";"Simples";"Reta";"Não";3;0;1;0;1;1;1;3;-27,63558666;-50,33974171;"SPRF-SC";"DEL05-SC";"UOP03-DEL05-SC"
389470;2021-10-13;"quarta-feira";"13:30:00";"GO";153;381,9;"SAO FRANCISCO DE GOIAS";"Condutor Dormindo";"Colisão traseira";"Com Vítimas Feridas";"Pleno dia";"Decrescente";"Céu Claro";"Simples";"Aclive";"Não";3;0;1;0;1;1;1;3;-15,913847;-49,221775;"SPRF-GO";"DEL02-GO";"UOP02-DEL02-GO"
389472;2021-10-13;"quarta-feira";"13:40:00";"RS";386;47,8;"SEBERI";"Mal súbito do condutor";"Saída de leito carroçável";"Com Vítimas Feridas";"Pleno dia";"Decrescente";"Sol";"Simples";"Reta";"Sim";2;0;1;0;1;0;1;2;-27,46751866;-53,40440489;"SPRF-RS";"DEL08-RS";"UOP02-DEL08-RS"
389473;2021-10-13;"quarta-feira";"11:45:00";"BA";242;778;"BARREIRAS";"Avarias e/ou desgaste excessivo no pneu";"Tombamento";"Com Vítimas Feridas";"Pleno dia";"Crescente";"Céu Claro";"Simples";"Curva";"Não";3;0;1;1;0;1;2;2;-12,142813;-44,883834;"SPRF-BA";"DEL10-BA";"UOP01-DEL10-BA"
389481;2021-10-13;"quarta-feira";"15:30:00";"PE";101;37;"ITAPISSUMA";"Ausência de reação do condutor";"Colisão traseira";"Sem Vítimas";"Pleno dia";"Decrescente";"Céu Claro";"Dupla";"Reta";"Não";3;0;0;0;2;2;0;4;-7,79726705;-34,9274932;"SPRF-PE";"DEL01-PE";"UOP02-DEL01-PE"
389486;2021-09-24;"sexta-feira";"21:10:00";"DF";20;10;"BRASILIA";"Velocidade Incompatível";"Colisão traseira";"Com Vítimas Feridas";"Plena Noite";"Crescente";"Céu Claro";"Dupla";"Reta";"Sim";3;0;1;0;1;3;1;5;-15,650243;-47,773872;"SPRF-DF";"DEL02-DF";"UOP01-DEL02-DF"
389489;2021-10-13;"quarta-feira";"11:30:00";"BA";242;362;"LENCOIS";"Reação tardia ou ineficiente do condutor";"Tombamento";"Sem Vítimas";"Pleno dia";"Decrescente";"Garoa/Chuvisco";"Simples";"Declive";"Não";2;0;0;0;1;2;0;3;-12,46850523;-41,4116633;"SPRF-BA";"DEL06-BA";"UOP01-DEL06-BA"
389490;2021-10-13;"quarta-feira";"15:30:00";"MG";262;152,6;"SAO DOMINGOS DO PRATA";"Declive acentuado";"Colisão traseira";"Com Vítimas Feridas";"Pleno dia";"Decrescente";"Céu Claro";"Simples";"Declive";"Não";4;0;0;1;1;2;1;3;-19,99702081;-42,78390787;"SPRF-MG";"DEL03-MG";"UOP03-DEL03-MG"
389491;2021-10-13;"quarta-feira";"15:30:00";"SC";101;57,6;"ARAQUARI";"Velocidade Incompatível";"Tombamento";"Com Vítimas Feridas";"Pleno dia";"Decrescente";"Nublado";"Dupla";"Curva";"Não";2;0;1;0;0;1;1;2;-26,43646093;-48,81113029;"SPRF-SC";"DEL03-SC";"UOP01-DEL03-SC"
389493;2021-10-13;"quarta-feira";"16:40:00";"RJ";40;111;"DUQUE DE CAXIAS";"Manobra de mudança de faixa";"Colisão transversal";"Com Vítimas Feridas";"Pleno dia";"Decrescente";"Céu Claro";"Múltipla";"Reta";"Sim";2;0;1;0;1;0;1;2;-22,691868;-43,287453;"SPRF-RJ";"DEL01-RJ";"UOP01-DEL01-RJ"
389495;2021-10-13;"quarta-feira";"11:00:00";"BA";116;631;"JAGUAQUARA";"Acessar a via sem observar a presença dos outros veículos";"Colisão transversal";"Sem Vítimas";"Pleno dia";"Decrescente";"Chuva";"Simples";"Reta";"Sim";2;0;0;0;2;0;0;2;-13,45971301;-40,03314998;"SPRF-BA";"DEL03-BA";"UOP01-DEL03-BA"