"id";"data_inversa";"dia_semana";"horario";"uf";"br";"km";"municipio";"causa_acidente";"tipo_acidente";"classificacao_acidente";"fase_dia";"sentido_via";"condicao_metereologica";"tipo_pista";"tracado_via";"uso_solo";"pessoas";"mortos";"feridos_leves";"feridos_graves";"ilesos";"ignorados";"feridos";"veiculos";"latitude";"longitude";"regional";"delegacia";"uop"
389816;2021-10-15;"sexta-feira";"10:53:00";"SC";470;282;"BRUNOPOLIS";"Velocidade Incompatível";"Saída de leito carroçável";"Com Vítimas Feridas";"Pleno dia";"Decrescente";"Chuva";"Simples";"Curva";"Não";1;0;1;0;0;0;1;1;-27,334911;-50,882519;"SPRF-SC";"DEL07-SC";"UOP06-DEL07-SC"
389819;2021-09-07;"terça-feira";"19:30:00";"GO";364;305,6;"MINEIROS";"Transitar na contramão";"Colisão frontal";"Com Vítimas Fatais";"Pleno dia";"Crescente";"Céu Claro";"Simples";"Reta";"Não";7;5;0;0;1;2;0;4;-17,517811;-52,532791;"SPRF-GO";"DEL05-GO";"UOP01-DEL05-GO"
389820;2021-10-15;"sexta-feira";"10:30:00";"PR";476;132,4;"CURITIBA";"Condutor deixou de manter distância do veículo da frente";"Colisão lateral mesmo sentido";"Com Vítimas Feridas";"Pleno dia";"Crescente";"Chuva";"Dupla";"Reta";"Sim";3;0;1;0;1;1;1;3;-25,460718;-49,250488;"SPRF-PR";"DEL01-PR";"UOP03-DEL01-PR"
389821;2021-10-15;"sexta-feira";"13:00:00";"MG";116;751,9;"LEOPOLDINA";"Mal súbito do condutor";"Colisão frontal";"Com Vítimas Fatais";"Pleno dia";"Decrescente";"Céu Claro";"Simples";"Reta;Declive";"Não";4;1;0;2;1;0;2;2;-21,46220391;-42,55638215;"SPRF-MG";"DEL07-MG";"UOP01-DEL07-MG"
389828;2021-10-15;"sexta-feira";"10:00:00";"ES";262;179,1;"IBATIBA";"Chuva";"Colisão lateral sentido oposto";"Com Vítimas Feridas";"Pleno dia";"Crescente";"Chuva";"Simples";"Reta";"Não";5;0;2;0;2;1;2;3;-20,29107069;-41,66027089;"SPRF-ES";"DEL01-ES";"UOP02-DEL01-ES"
389850;2021-10-15;"sexta-feira";"12:35:00";"SC";282;424,9;"VARGEM BONITA";"Acumulo de água sobre o pavimento";"Colisão frontal";"Com Vítimas Feridas";"Pleno dia";"Crescente";"Chuva";"Simples";"Curva";"Não";3;0;0;1;1;1;1;3;-26,988014;-51,753124;"SPRF-SC";"DEL07-SC";"UOP05-DEL07-SC"
389851;2021-10-15;"sexta-feira";"15:45:00";"RS";468;67,1;"CAMPO NOVO";"Acessar a via sem observar a presença dos outros veículos";"Colisão transversal";"Com Vítimas Feridas";"Pleno dia";"Crescente";"Nublado";"Simples";"Interseção de Vias";"Não";6;0;4;0;1;1;4;3;-27,736906;-53,838505;"SPRF-RS";"DEL08-RS";"UOP02-DEL08-RS"
389852;2021-10-15;"sexta-feira";"16:00:00";"RJ";116;283,8;"BARRA MANSA";"Demais falhas mecânicas ou elétricas";"Incêndio";"Sem Vítimas";"Pleno dia";"Crescente";"Céu Claro";"Dupla";"Curva";"Não";1;0;0;0;1;0;0;1;-22,4700293;-44,2790971;"SPRF-RJ";"DEL07-RJ";"UOP02-DEL07-RJ"
389854;2021-10-15;"sexta-feira";"15:30:00";"PE";408;104,8;"JABOATAO DOS GUARARAPES";"Acessar a via sem observar a presença dos outros veículos";"Colisão traseira";"Com Vítimas Feridas";"Pleno dia";"Decrescente";"Céu Claro";"Dupla";"Curva";"Sim";4;0;1;0;1;2;1;4;-8,075679;-34,992291;"SPRF-PE";"DEL01-PE";"UOP01-DEL01-PE"
389855;2021-10-15;"sexta-feira";"16:00:00";"ES";101;292,9;"CARIACICA";"Condutor deixou de manter distância do veículo da frente";"Colisão traseira";"Com Vítimas Feridas";"Pleno dia";"Crescente";"Nublado";"Dupla";"Reta";"Sim";4;0;0;1;2;1;1;3;-20,30650512;-40,39488717;"SPRF-ES";"DEL01-ES";"UOP01-DEL01-ES"
389859;2021-10-15;"sexta-feira";"16:30:00";"PR";467;72,3;"TOLEDO";"Condutor deixou de manter distância do veículo da frente";"Colisão traseira";"Com Vítimas Feridas";"Pleno dia";"Decrescente";"Chuva";"Dupla";"Reta";"Sim";2;0;0;1;1;0;1;2;-24,7253;-53,7052;"SPRF-PR";"DEL06-PR";"UOP02-DEL06-PR"
389862;2021-10-15;"sexta-feira";"16:50:00";"SP";116;146;"SAO JOSE DOS CAMPOS";"Condutor deixou de manter distância do veículo da frente";"Engavetamento";"Com Vítimas Feridas";"Pleno dia";"Decrescente";"Chuva";"Dupla";"Reta";"Sim";7;0;1;0;5;1;1;4;-23,19122919;-45,86327591;"SPRF-SP";"DEL02-SP";"UOP01-DEL02-SP"
389864;2021-10-15;"sexta-feira";"16:30:00";"MG";381;936;"EXTREMA";"Chuva";"Saída de leito carroçável";"Com Vítimas Feridas";"Pleno dia";"Crescente";"Chuva";"Dupla";"Declive";"Não";1;0;1;0;0;0;1;1;-22,82914914;-46,31469547;"SPRF-MG";"DEL16-MG";"UOP03-DEL16-MG"
389866;2021-10-15;"sexta-feira";"17:30:00";"RS";116;248;"SAO LEOPOLDO";"Conversão proibida";"Colisão transversal";"Sem Vítimas";"Anoitecer";"Crescente";"Nublado";"Simples";"Interseção de Vias;Viaduto";"Sim";2;0;0;0;2;0;0;2;-29,77261011;-51,15435004;"SPRF-RS";"DEL01-RS";"UOP02-DEL01-RS"
389868;2021-10-15;"sexta-feira";"17:40:00";"SP";116;290;"ITAPECERICA DA SERRA";"Reação tardia ou ineficiente do condutor";"Colisão traseira";"Sem Vítimas";"Anoitecer";"Decrescente";"Garoa/Chuvisco";"Dupla";"Curva";"Não";4;0;0;0;3;1;0;3;-23,7303281;-46,89425963;"SPRF-SP";"DEL04-SP";"UOP01-DEL04-SP"
389873;2021-10-15;"sexta-feira";"15:50:00";"PI";316;13;"TERESINA";"Manobra de mudança de faixa";"Tombamento";"Com Vítimas Feridas";"Pleno dia";"Crescente";"Nublado";"Múltipla";"Retorno Regulamentado";"Sim";2;0;1;0;0;1;1;2;-5,2096314;-42,75526995;"SPRF-PI";"DEL01-PI";"UOP02-DEL01-PI"
389880;2021-10-15;"sexta-feira";"11:30:00";"SC";282;275,2;"SAO JOSE DO CERRITO";"Velocidade Incompatível";"Tombamento";"Com Vítimas Fatais";"Pleno dia";"Decrescente";"Chuva";"Simples";"Curva";"Não";4;1;0;0;2;2;0;4;-27,606421;-50,720207;"SPRF-SC";"DEL05-SC";"UOP02-DEL05-SC"
389883;2021-10-15;"sexta-feira";"18:15:00";"RS";285;564;"SAO LUIZ GONZAGA";"Acessar a via sem observar a presença dos outros veículos";"Colisão transversal";"Sem Vítimas";"Anoitecer";"Crescente";"Nublado";"Simples";"Interseção de Vias;Reta";"Sim";3;0;0;0;2;1;0;3;-28,416992;-54,936764;"SPRF-RS";"DEL10-RS";"UOP01-DEL10-RS"
389885;2021-10-15;"sexta-feira";"12:40:00";"MG";381;627,8;"OLIVEIRA";"Velocidade Incompatível";"Colisão traseira";"Com Vítimas Feridas";"Pleno dia";"Decrescente";"Céu Claro";"Dupla";"Curva";"Não";7;0;2;2;1;3;4;5;-20,82916917;-44,81714594;"SPRF-MG";"DEL04-MG";"UOP01-DEL04-MG"
389892;2021-10-15;"sexta-feira";"18:55:00";"RS";392;283,2;"SAO SEPE";"Reação tardia ou ineficiente do condutor";"Saída de leito carroçável";"Com Vítimas Feridas";"Anoitecer";"Decrescente";"Chuva";"Simples";"Aclive";"Não";2;0;1;0;0;1;1;2;-30,28165293;-53,54112057;"SPRF-RS";"DEL09-RS";"UOP02-DEL09-RS"
389900;2021-10-15;"sexta-feira";"20:20:00";"ES";101;183,9;"ARACRUZ";"Ultrapassagem Indevida";"Colisão frontal";"Com Vítimas Fatais";"Plena Noite";"Decrescente";"Céu Claro";"Simples";"Declive;Curva";"Não";4;1;0;1;1;1;1;3;-19,65352213;-40,23234129;"SPRF-ES";"DEL04-ES";"UOP01-DEL04-ES"
389904;2021-10-15;"sexta-feira";"13:45:00";"PR";153;104;"IBAITI";"Chuva";"Saída de leito carroçável";"Com Vítimas Fatais";"Pleno dia";"Decrescente";"Chuva";"Simples";"Reta";"Não";1;1;0;0;0;0;0;1;-23,80536791;-50,17863853;"SPRF-PR";"DEL07-PR";"UOP04-DEL07-PR"
389907;2021-09-17;"sexta-feira";"10:00:00";"MG";365;670;"MONTE ALEGRE DE MINAS";"Fumaça";"Engavetamento";"Com Vítimas Fatais";"Pleno dia";"Crescente";"Vento";"Dupla";"Reta";"Não";16;1;3;2;9;12;5;23;-18,88405862;-48,73542988;"SPRF-MG";"DEL15-MG";"UOP01-DEL15-MG"
389908;2021-10-15;"sexta-feira";"14:30:00";"RO";364;76;"VILHENA";"Condutor deixou de manter distância do veículo da frente";"Colisão traseira";"Com Vítimas Feridas";"Pleno dia";"Crescente";"Céu Claro";"Simples";"Reta";"Não";4;0;1;0;3;0;1;3;-12,45032778;-60,54493192;"SPRF-RO";"DEL04-RO";"UOP01-DEL04-RO"
389912;2021-10-15;"sexta-feira";"20:45:00";"PE";232;36;"MORENO";"Reação tardia ou ineficiente do condutor";"Colisão traseira";"Com Vítimas Feridas";"Plena Noite";"Crescente";"Céu Claro";"Dupla";"Reta";"Não";3;0;1;0;1;1;1;3;-8,11082778;-35,20125807;"SPRF-PE";"DEL01-PE";"UOP01-DEL01-PE"
389915;2021-10-15;"sexta-feira";"20:45:00";"RN";101;96;"NATAL";"Manobra de mudança de faixa";"Colisão lateral mesmo sentido";"Com Vítimas Feridas";"Plena Noite";"Decrescente";"Céu Claro";"Dupla";"Reta";"Sim";2;0;1;0;1;0;1;2;-5,84949622;-35,20890752;"SPRF-RN";"DEL01-RN";"UOP01-DEL01-RN"
389917;2021-09-06;"segunda-feira";"06:40:00";"SP";116;169;"JACAREI";"Velocidade Incompatível";"Tombamento";"Com Vítimas Feridas";"Pleno dia";"Decrescente";"Sol";"Simples";"Curva";"Não";2;0;1;0;0;1;1;2;-23,307652;-46,045128;"SPRF-SP";"DEL02-SP";"UOP01-DEL02-SP"
389918;2021-10-15;"sexta-feira";"21:10:00";"SC";470;174;"POUSO REDONDO";"Acessar a via sem observar a presença dos outros veículos";"Colisão transversal";"Com Vítimas Feridas";"Plena Noite";"Decrescente";"Chuva";"Simples";"Reta";"Não";2;0;1;0;1;0;1;2;-27,258179;-49,929146;"SPRF-SC";"DEL04-SC";"UOP02-DEL04-SC"
389921;2021-10-15;"sexta-feira";"21:30:00";"MG";153;51;"MONTE ALEGRE DE MINAS";"Velocidade Incompatível";"Saída de leito carroçável";"Sem Vítimas";"Pleno dia";"Decrescente";"Chuva";"Dupla";"Reta";"Não";3;0;0;0;2;2;0;4;-18,83093899;-49,08873404;"SPRF-MG";"DEL15-MG";"UOP03-DEL15-MG"
389922;2021-10-15;"sexta-feira";"22:10:00";"SC";470;158,9;"TROMBUDO CENTRAL";"Velocidade Incompatível";"Colisão frontal";"Com Vítimas Feridas";"Plena Noite";"Decrescente";"Chuva";"Simples";"Reta";"Não";6;0;2;0;3;1;2;3;-27,287016;-49,778389;"SPRF-SC";"DEL04-SC";"UOP02-DEL04-SC"
389928;2021-10-15;"sexta-feira";"17:50:00";"BA";116;669,3;"JEQUIE";"Acessar a via sem observar a presença dos outros veículos";"Colisão transversal";"Com Vítimas Fatais";"Anoitecer";"Decrescente";"Céu Claro";"Simples";"Interseção de Vias";"Não";2;1;0;0;1;0;0;2;-13,77543794;-40,10191324;"SPRF-BA";"DEL03-BA";"UOP01-DEL03-BA"
389935;2021-10-15;"sexta-feira";"20:35:00";"MS";163;91,4;"ITAQUIRAI";"Ingestão de álcool e/ou substâncias psicoativas pelo pedestre";"Colisão frontal";"Com Vítimas Feridas";"Plena Noite";"Decrescente";"Nublado";"Simples";"Reta";"Não";3;0;1;0;1;1;1;3;-23,36116304;-54,2147073;"SPRF-MS";"DEL09-MS";"UOP01-DEL09-MS"
389950;2021-10-15;"sexta-feira";"22:50:00";"PR";116;6,7;"CAMPINA GRANDE DO SUL";"Chuva";"Colisão lateral mesmo sentido";"Com Vítimas Feridas";"Plena Noite";"Decrescente";"Chuva";"Dupla";"Declive;Curva";"Não";6;0;3;0;2;2;3;4;-25,08235366;-48,61499799;"SPRF-PR";"DEL01-PR";"UOP02-DEL01-PR"
389963;2021-10-15;"sexta-feira";"19:15:00";"MT";70;328;"DOM AQUINO";"Demais falhas mecânicas ou elétricas";"Incêndio";"Sem Vítimas";"Pleno dia";"Decrescente";"Nublado";"Simples";"Reta";"Não";2;0;0;0;1;1;0;2;-15,50867238;-54,68920708;"SPRF-MT";"DEL05-MT";"UOP01-DEL05-MT"
389969;2021-10-16;"sábado";"00:40:00";"PE";232;231,7;"PESQUEIRA";"Pedestre andava na pista";"Atropelamento de Pedestre";"Com Vítimas Fatais";"Plena Noite";"Decrescente";"Céu Claro";"Simples";"Reta";"Não";2;1;0;0;0;1;0;2;-8,40315513;-36,88346699;"SPRF-PE";"DEL03-PE";"UOP02-DEL03-PE"
389986;2021-10-16;"sábado";"03:50:00";"MS";262;346,7;"CAMPO GRANDE";"Ausência de reação do condutor";"Colisão lateral sentido oposto";"Com Vítimas Feridas";"Plena Noite";"Crescente";"Nublado";"Simples";"Reta;Aclive";"Não";5;0;1;0;3;4;1;6;-20,57153364;-54,59607361;"SPRF-MS";"DEL01-MS";"UOP03-DEL01-MS"
389987;2021-10-16;"sábado";"03:45:00";"MT";364;464;"VARZEA GRANDE";"Chuva";"Tombamento";"Com Vítimas Feridas";"Plena Noite";"Crescente";"Chuva";"Simples";"Curva";"Não";1;0;0;1;0;0;1;1;-15,49961527;-56,27209252;"SPRF-MT";"DEL01-MT";"UOP02-DEL01-MT"
389991;2021-10-16;"sábado";"04:40:00";"PR";376;600;"CURITIBA";"Pedestre andava na pista";"Atropelamento de Pedestre";"Com Vítimas Feridas";"Amanhecer";"Decrescente";"Chuva";"Dupla";"Reta";"Não";2;0;1;0;0;1;1;2;-25,53195602;-49,32205901;"SPRF-PR";"DEL01-PR";"UOP01-DEL01-PR"
389993;2021-10-16;"sábado";"01:30:00";"TO";153;347;"GUARAI";"Ausência de reação do condutor";"Tombamento";"Com Vítimas Feridas";"Plena Noite";"Crescente";"Céu Claro";"Simples";"Interseção de Vias";"Não";2;0;1;0;0;1;1;2;-8,95229538;-48,5001081;"SPRF-TO";"DEL02-TO";"UOP02-DEL02-TO"
389994;2021-10-16;"sábado";"02:10:00";"MG";381;429;"SABARA";"Condutor Dormindo";"Saída de leito carroçável";"Com Vítimas Feridas";"Plena Noite";"Crescente";"Nublado";"Simples";"Curva;Declive";"Não";1;0;0;1;0;0;1;1;-19,78885371;-43,70613892;"SPRF-MG";"DEL01-MG";"UOP01-DEL01-MG"
390008;2021-10-16;"sábado";"07:05:00";"RN";110;42,9;"MOSSORO";"Condutor deixou de manter distância do veículo da frente";"Colisão lateral mesmo sentido";"Com Vítimas Feridas";"Pleno dia";"Decrescente";"Céu Claro";"Simples";"Reta";"Não";4;0;1;1;0;2;2;3;-5,17931909;-37,28785097;"SPRF-RN";"DEL04-RN";"UOP01-DEL04-RN"
390012;2021-10-15;"sexta-feira";"09:19:00";"MG";262;640,3;"IBIA";"Ultrapassagem Indevida";"Colisão traseira";"Sem Vítimas";"Pleno dia";"Decrescente";"Nublado";"Simples";"Reta";"Não";3;0;0;0;2;1;0;3;-19,57071583;-46,57158941;"SPRF-MG";"DEL08-MG";"UOP01-DEL08-MG"
390021;2021-08-06;"sexta-feira";"06:50:00";"MG";116;717,8;"MURIAE";"Ausência de reação do condutor";"Tombamento";"Com Vítimas Feridas";"Pleno dia";"Decrescente";"Sol";"Simples";"Curva";"Não";3;0;1;0;0;2;1;3;-21,22052105;-42,39401174;"SPRF-MG";"DEL07-MG";"UOP02-DEL07-MG"
390024;2021-10-16;"sábado";"06:20:00";"MG";381;620,8;"OLIVEIRA";"Chuva";"Saída de leito carroçável";"Com Vítimas Feridas";"Pleno dia";"Decrescente";"Chuva";"Dupla";"Curva";"Não";2;0;1;0;0;1;1;2;-20,78558012;-44,78578864;"SPRF-MG";"DEL04-MG";"UOP01-DEL04-MG"
390033;2021-10-16;"sábado";"07:15:00";"BA";324;470;"TANQUINHO";"Ultrapassagem Indevida";"Colisão transversal";"Com Vítimas Feridas";"Pleno dia";"Crescente";"Céu Claro";"Simples";"Reta";"Não";3;0;1;0;1;1;1;3;-11,96401516;-39,14447808;"SPRF-BA";"DEL02-BA";"UOP01-DEL02-BA"
390035;2021-10-16;"sábado";"10:00:00";"SP";381;16;"BRAGANCA PAULISTA";"Manobra de mudança de faixa";"Tombamento";"Com Vítimas Feridas";"Pleno dia";"Decrescente";"Céu Claro";"Dupla";"Reta";"Não";3;0;1;0;0;2;1;3;-22,95797408;-46,48078972;"SPRF-SP";"DEL03-SP";"UOP01-DEL03-SP"
390038;2021-10-16;"sábado";"10:00:00";"GO";364;381,5;"SANTA RITA DO ARAGUAIA";"Chuva";"Saída de leito carroçável";"Com Vítimas Feridas";"Pleno dia";"Crescente";"Chuva";"Simples";"Reta";"Não";2;0;0;1;0;1;1;2;-17,351236;-53,164547;"SPRF-GO";"DEL05-GO";"UOP01-DEL05-GO"
390042;2021-10-16;"sábado";"10:15:00";"BA";242;787;"BARREIRAS";"Acessar a via sem observar a presença dos outros veículos";"Colisão transversal";"Com Vítimas Feridas";"Pleno dia";"Decrescente";"Céu Claro";"Simples";"Reta";"Não";4;0;1;0;2;1;1;3;-12,14126719;-44,95311856;"SPRF-BA";"DEL10-BA";"UOP01-DEL10-BA"
390045;2021-10-16;"sábado";"11:05:00";"MG";262;749,1;"SACRAMENTO";"Demais falhas mecânicas ou elétricas";"Tombamento";"Com Vítimas Feridas";"Pleno dia";"Crescente";"Céu Claro";"Simples";"Reta;Aclive";"Não";1;0;1;0;0;0;1;1;-19,63550186;-47,50086813;"SPRF-MG";"DEL13-MG";"UOP01-DEL13-MG"
390047;2021-10-16;"sábado";"10:40:00";"PR";376;492;"PONTA GROSSA";"Problema com o freio";"Incêndio";"Sem Vítimas";"Pleno dia";"Crescente";"Céu Claro";"Dupla";"Reta";"Sim";5;0;0;0;4;2;0;3;-25,15559918;-50,13322909;"SPRF-PR";"DEL03-PR";"UOP01-DEL03-PR"
390048;2021-10-16;"sábado";"09:20:00";"MG";381;685,4;"RIBEIRAO VERMELHO";"Mal súbito do condutor";"Saída de leito carroçável";"Sem Vítimas";"Amanhecer";"Decrescente";"Nublado";"Dupla";"Curva";"Sim";2;0;0;0;1;1;0;2;-21,19177791;-45,11670723;"SPRF-MG";"DEL04-MG";"UOP02-DEL04-MG"
390053;2021-10-16;"sábado";"12:00:00";"PE";101;44,9;"IGARASSU";"Reação tardia ou ineficiente do condutor";"Colisão lateral mesmo sentido";"Com Vítimas Feridas";"Pleno dia";"Decrescente";"Sol";"Múltipla";"Aclive";"Sim";3;0;1;0;1;2;1;4;-7,85637001;-34,90842109;"SPRF-PE";"DEL01-PE";"UOP02-DEL01-PE"
390064;2021-10-16;"sábado";"11:30:00";"GO";20;59;"FORMOSA";"Chuva";"Colisão transversal";"Com Vítimas Feridas";"Pleno dia";"Crescente";"Chuva";"Simples";"Curva";"Não";3;0;1;0;1;1;1;3;-15,25577;-47,165115;"SPRF-DF";"DEL02-DF";"UOP01-DEL02-DF"
390067;2021-06-13;"domingo";"19:20:00";"GO";153;500;"GOIANIA";"Condutor deixou de manter distância do veículo da frente";"Colisão traseira";"Sem Vítimas";"Plena Noite";"Crescente";"Chuva";"Dupla";"Reta";"Sim";2;0;0;0;2;0;0;2;-16,7118;-49,2324;"SPRF-GO";"DEL01-GO";"UOP01-DEL01-GO"
390071;2021-10-16;"sábado";"12:55:00";"MG";50;17;"ARAGUARI";"Velocidade Incompatível";"Saída de leito carroçável";"Com Vítimas Feridas";"Pleno dia";"Decrescente";"Céu Claro";"Dupla";"Curva";"Não";2;0;0;1;0;2;1;3;-18,56358502;-48,05639606;"SPRF-MG";"DEL15-MG";"UOP02-DEL15-MG"
390076;2021-10-16;"sábado";"14:20:00";"BA";116;546;"MILAGRES";"Transitar no acostamento";"Colisão lateral mesmo sentido";"Sem Vítimas";"Pleno dia";"Decrescente";"Céu Claro";"Simples";"Reta";"Sim";3;0;0;0;1;2;0;3;-12,83724098;-39,83431503;"SPRF-BA";"DEL03-BA";"UOP02-DEL03-BA"
390077;2021-10-16;"sábado";"14:25:00";"TO";153;128;"WANDERLANDIA";"Condutor usando celular";"Engavetamento";"Com Vítimas Feridas";"Pleno dia";"Crescente";"Céu Claro";"Simples";"Reta";"Sim";5;0;1;1;2;2;2;5;-7,08522898;-48,15467901;"SPRF-TO";"DEL02-TO";"UOP01-DEL02-TO"
390084;2021-10-16;"sábado";"15:10:00";"PI";343;341,5;"TERESINA";"Manobra de mudança de faixa";"Colisão transversal";"Com Vítimas Feridas";"Pleno dia";"Crescente";"Céu Claro";"Dupla";"Declive";"Sim";3;0;0;2;1;0;2;2;-5,077812;-42,744255;"SPRF-PI";"DEL01-PI";"UOP01-DEL01-PI"
390087;2021-10-16;"sábado";"14:20:00";"CE";116;466,9;"MILAGRES";"Ingestão de álcool pelo condutor";"Tombamento";"Sem Vítimas";"Pleno dia";"Decrescente";"Sol";"Simples";"Curva;Aclive";"Não";2;0;0;0;1;1;0;2;-7,245457;-38,839133;"SPRF-CE";"DEL05-CE";"UOP03-DEL05-CE"
390103;2021-10-16;"sábado";"19:00:00";"PB";101;99;"CONDE";"Manobra de mudança de faixa";"Colisão lateral mesmo sentido";"Com Vítimas Feridas";"Plena Noite";"Crescente";"Chuva";"Dupla";"Reta";"Não";2;0;0;1;0;1;1;2;-7,26019828;-34,93619661;"SPRF-PB";"DEL01-PB";"UOP02-DEL01-PB"
390104;2021-10-16;"sábado";"17:35:00";"SP";116;227;"SAO PAULO";"Ausência de reação do condutor";"Engavetamento";"Sem Vítimas";"Pleno dia";"Decrescente";"Chuva";"Múltipla";"Reta;Aclive";"Não";4;0;0;0;3;1;0;4;-23,49659264;-46,55648754;"SPRF-SP";"DEL01-SP";"UOP01-DEL01-SP"
390106;2021-10-16;"sábado";"17:00:00";"AL";423;44;"INHAPI";"Ultrapassagem Indevida";"Tombamento";"Com Vítimas Feridas";"Anoitecer";"Crescente";"Nublado";"Simples";"Reta";"Não";4;0;1;0;0;3;1;4;-9,2445187;-37,6703871;"SPRF-AL";"DEL03-AL";"UOP02-DEL03-AL"
390110;2021-10-16;"sábado";"17:15:00";"AL";104;45,9;"BRANQUINHA";"Condutor deixou de manter distância do veículo da frente";"Colisão traseira";"Sem Vítimas";"Anoitecer";"Crescente";"Nublado";"Simples";"Curva";"Não";2;0;0;0;2;0;0;2;-9,23881445;-36,01756096;"SPRF-AL";"DEL01-AL";"UOP02-DEL01-AL"
390111;2021-10-16;"sábado";"17:20:00";"MS";163;246,7;"DOURADOS";"Retorno proibido";"Colisão traseira";"Com Vítimas Feridas";"Anoitecer";"Crescente";"Nublado";"Simples";"Reta";"Não";2;0;1;0;1;0;1;2;-22,34043003;-54,81130207;"SPRF-MS";"DEL04-MS";"UOP01-DEL04-MS"
390113;2021-10-16;"sábado";"18:00:00";"BA";116;21,3;"VITORIA DA CONQUISTA";"Transitar no acostamento";"Saída de leito carroçável";"Com Vítimas Fatais";"Plena Noite";"Crescente";"Nublado";"Simples";"Declive";"Não";3;1;1;0;0;1;1;2;-14,88382456;-40,8092308;"SPRF-BA";"DEL08-BA";"UOP01-DEL08-BA"
390115;2021-10-16;"sábado";"13:35:00";"SC";116;5,4;"MAFRA";"Transitar na contramão";"Colisão frontal";"Com Vítimas Fatais";"Pleno dia";"Crescente";"Sol";"Simples";"Declive;Reta";"Sim";4;1;1;0;0;2;1;4;-26,14094396;-49,81508303;"SPRF-SC";"DEL06-SC";"UOP01-DEL06-SC"
390121;2021-10-16;"sábado";"12:40:00";"MG";262;25,2;"REDUTO";"Demais falhas mecânicas ou elétricas";"Colisão lateral sentido oposto";"Sem Vítimas";"Pleno dia";"Crescente";"Céu Claro";"Simples";"Curva";"Não";3;0;0;0;2;2;0;4;-20,24682025;-41,94929213;"SPRF-MG";"DEL06-MG";"UOP03-DEL06-MG"
390128;2021-10-16;"sábado";"20:00:00";"PE";407;121,3;"PETROLINA";"Ingestão de álcool pelo condutor";"Colisão traseira";"Sem Vítimas";"Plena Noite";"Crescente";"Céu Claro";"Simples";"Reta";"Não";2;0;0;0;2;0;0;2;-9,351601;-40,552985;"SPRF-PE";"DEL06-PE";"UOP01-DEL06-PE"
390146;2021-10-16;"sábado";"19:00:00";"BA";20;4;"CORRENTINA";"Reação tardia ou ineficiente do condutor";"Colisão frontal";"Com Vítimas Feridas";"Plena Noite";"Crescente";"Nublado";"Simples";"Reta";"Não";3;0;0;1;1;1;1;3;-13,87143;-46,18251;"SPRF-BA";"DEL10-BA";"UOP01-DEL10-BA"
390150;2021-10-16;"sábado";"21:10:00";"SE";235;11,6;"NOSSA SENHORA DO SOCORRO";"Conversão proibida";"Colisão transversal";"Com Vítimas Fatais";"Plena Noite";"Crescente";"Nublado";"Simples";"Curva";"Não";5;2;0;2;1;0;2;2;-10,877883;-37,156052;"SPRF-SE";"DEL01-SE";"UOP01-DEL01-SE"
390159;2021-10-16;"sábado";"13:40:00";"MG";116;791;"ALEM PARAIBA";"Demais falhas mecânicas ou elétricas";"Incêndio";"Sem Vítimas";"Pleno dia";"Decrescente";"Nublado";"Simples";"Curva;Aclive";"Não";2;0;0;0;1;1;0;2;-21,68424198;-42,73110483;"SPRF-MG";"DEL07-MG";"UOP01-DEL07-MG"
390164;2021-10-16;"sábado";"23:15:00";"SC";280;119,5;"SAO BENTO DO SUL";"Condutor Dormindo";"Colisão lateral sentido oposto";"Com Vítimas Feridas";"Plena Noite";"Decrescente";"Garoa/Chuvisco";"Simples";"Aclive;Reta";"Não";3;0;1;0;1;1;1;3;-26,26519673;-49,434177;"SPRF-SC";"DEL06-SC";"UOP03-DEL06-SC"
390166;2021-10-16;"sábado";"19:30:00";"BA";110;114;"ANTAS";"Ingestão de álcool pelo condutor";"Capotamento";"Com Vítimas Feridas";"Plena Noite";"Decrescente";"Céu Claro";"Simples";"Reta";"Não";2;0;1;0;0;1;1;2;-10,41015011;-38,35909381;"SPRF-BA";"DEL07-BA";"UOP01-DEL07-BA"
390174;2021-10-17;"domingo";"00:01:00";"SP";381;79;"SAO PAULO";"Demais falhas mecânicas ou elétricas";"Tombamento";"Com Vítimas Feridas";"Plena Noite";"Decrescente";"Garoa/Chuvisco";"Dupla";"Curva";"Sim";3;0;2;0;0;1;2;2;-23,40319901;-46,57564699;"SPRF-SP";"DEL03-SP";"UOP01-DEL03-SP"
390182;2021-10-17;"domingo";"01:00:00";"BA";116;764;"POCOES";"Acessar a via sem observar a presença dos outros veículos";"Colisão transversal";"Com Vítimas Feridas";"Plena Noite";"Decrescente";"Nublado";"Simples";"Reta";"Não";5;0;1;0;3;1;1;3;-14,56706;-40,41924;"SPRF-BA";"DEL08-BA";"UOP02-DEL08-BA"
390189;2021-10-16;"sábado";"23:00:00";"MS";158;26;"PARANAIBA";"Ingestão de álcool pelo condutor";"Colisão lateral mesmo sentido";"Sem Vítimas";"Plena Noite";"Crescente";"Céu Claro";"Simples";"Reta";"Não";3;0;0;0;2;3;0;5;-19,20968691;-51,53566742;"SPRF-MS";"DEL08-MS";"UOP01-DEL08-MS"
390190;2021-10-17;"domingo";"03:00:00";"MG";153;215;"FRUTAL";"Transitar na contramão";"Colisão frontal";"Com Vítimas Fatais";"Plena Noite";"Decrescente";"Nublado";"Simples";"Reta";"Não";4;1;1;1;1;0;2;2;-20,11209806;-49,0972879;"SPRF-MG";"DEL13-MG";"UOP02-DEL13-MG"