"id";"data_inversa";"dia_semana";"horario";"uf";"br";"km";"municipio";"causa_acidente";"tipo_acidente";"classificacao_acidente";"fase_dia";"sentido_via";"condicao_metereologica";"tipo_pista";"tracado_via";"uso_solo";"pessoas";"mortos";"feridos_leves";"feridos_graves";"ilesos";"ignorados";"feridos";"veiculos";"latitude";"longitude";"regional";"delegacia";"uop"
390192;2021-10-17;"domingo";"02:00:00";"MG";381;372;"SAO GONCALO DO RIO ABAIXO";"Sinalização mal posicionada";"Colisão traseira";"Com Vítimas Feridas";"Plena Noite";"Crescente";"Nublado";"Simples";"Curva";"Não";3;0;0;1;1;1;1;3;-19,84978595;-43,28127265;"SPRF-MG";"DEL01-MG";"UOP01-DEL01-MG"
390200;2021-10-17;"domingo";"03:45:00";"PI";316;2;"TERESINA";"Curva acentuada";"Tombamento";"Com Vítimas Feridas";"Plena Noite";"Decrescente";"Céu Claro";"Simples";"Rotatória";"Sim";1;0;0;1;0;0;1;1;-5,12477477;-42,79848465;"SPRF-PI";"DEL01-PI";"UOP02-DEL01-PI"
390208;2021-10-16;"sábado";"10:00:00";"BA";101;655;"ITAPEBI";"Ultrapassagem Indevida";"Saída de leito carroçável";"Sem Vítimas";"Pleno dia";"Crescente";"Céu Claro";"Simples";"Reta";"Sim";2;0;0;0;1;1;0;2;-15,90354888;-39,55752525;"SPRF-BA";"DEL05-BA";"UOP02-DEL05-BA"
390210;2021-10-17;"domingo";"06:50:00";"PE";232;250,3;"ARCOVERDE";"Demais falhas mecânicas ou elétricas";"Colisão frontal";"Com Vítimas Feridas";"Pleno dia";"Crescente";"Céu Claro";"Simples";"Reta";"Não";5;0;0;3;1;1;3;3;-8,42350887;-37,05286107;"SPRF-PE";"DEL03-PE";"UOP02-DEL03-PE"
390211;2021-10-17;"domingo";"06:30:00";"RS";386;14,8;"FREDERICO WESTPHALEN";"Velocidade Incompatível";"Tombamento";"Com Vítimas Feridas";"Amanhecer";"Decrescente";"Céu Claro";"Simples";"Curva";"Não";2;0;1;0;0;1;1;2;-27,231466;-53,329723;"SPRF-RS";"DEL08-RS";"UOP02-DEL08-RS"
390213;2021-10-17;"domingo";"06:00:00";"SE";101;42,3;"CAPELA";"Pedestre andava na pista";"Atropelamento de Pedestre";"Com Vítimas Fatais";"Amanhecer";"Crescente";"Céu Claro";"Dupla";"Reta";"Não";2;1;0;0;0;1;0;2;-10,54001298;-36,96558504;"SPRF-SE";"DEL02-SE";"UOP02-DEL02-SE"
390220;2021-10-16;"sábado";"22:55:00";"PR";277;358,5;"GUARAPUAVA";"Conversão proibida";"Colisão traseira";"Com Vítimas Feridas";"Plena Noite";"Crescente";"Nublado";"Simples";"Reta";"Não";4;0;2;1;1;0;3;2;-25,40394943;-51,54717878;"SPRF-PR";"DEL08-PR";"UOP01-DEL08-PR"
390222;2021-10-16;"sábado";"18:20:00";"RO";364;417;"JARU";"Reação tardia ou ineficiente do condutor";"Colisão frontal";"Com Vítimas Feridas";"Plena Noite";"Crescente";"Chuva";"Simples";"Reta";"Não";3;0;0;1;1;2;1;4;-10,49204616;-62,42765112;"SPRF-RO";"DEL03-RO";"UOP02-DEL03-RO"
390223;2021-10-17;"domingo";"02:30:00";"MG";365;344;"VARJAO DE MINAS";"Transitar na contramão";"Colisão frontal";"Com Vítimas Feridas";"Plena Noite";"Crescente";"Céu Claro";"Simples";"Curva";"Sim";2;0;1;0;1;0;1;2;-18,31606807;-45,981434;"SPRF-MG";"DEL10-MG";"UOP01-DEL10-MG"
390225;2021-10-17;"domingo";"06:35:00";"MG";381;525,2;"BRUMADINHO";"Velocidade Incompatível";"Colisão lateral mesmo sentido";"Com Vítimas Feridas";"Amanhecer";"Crescente";"Nublado";"Dupla";"Curva;Declive";"Não";3;0;0;1;1;1;1;3;-20,16710798;-44,33422398;"SPRF-MG";"DEL04-MG";"UOP03-DEL04-MG"
390235;2021-10-02;"sábado";"04:00:00";"MG";262;132;"RIO CASCA";"Transitar na contramão";"Colisão frontal";"Com Vítimas Feridas";"Plena Noite";"Crescente";"Nublado";"Simples";"Curva";"Não";36;0;15;1;19;1;16;3;-20,13799392;-42,69470112;"SPRF-MG";"DEL03-MG";"UOP03-DEL03-MG"
390236;2021-10-16;"sábado";"05:00:00";"RJ";101;393;"RIO DE JANEIRO";"Condutor Dormindo";"Saída de leito carroçável";"Com Vítimas Feridas";"Pleno dia";"Decrescente";"Chuva";"Dupla";"Reta";"Não";2;0;1;0;0;2;1;3;-22,88924912;-43,70370205;"SPRF-RJ";"DEL03-RJ";"UOP01-DEL03-RJ"
390241;2021-10-17;"domingo";"08:30:00";"MG";153;194,8;"FRUTAL";"Manobra de mudança de faixa";"Colisão com objeto";"Com Vítimas Feridas";"Pleno dia";"Decrescente";"Céu Claro";"Simples";"Ponte";"Não";5;0;0;2;1;2;2;4;-19,9622282985;-48,9883227873;"SPRF-MG";"DEL13-MG";"UOP02-DEL13-MG"
390242;2021-10-17;"domingo";"06:00:00";"MG";381;699,8;"LAVRAS";"Velocidade Incompatível";"Saída de leito carroçável";"Com Vítimas Feridas";"Amanhecer";"Crescente";"Nublado";"Dupla";"Curva";"Não";3;0;1;0;1;1;1;2;-21,30546081;-45,15754917;"SPRF-MG";"DEL04-MG";"UOP02-DEL04-MG"
390253;2021-10-17;"domingo";"10:05:00";"SP";116;544,2;"BARRA DO TURVO";"Ausência de reação do condutor";"Saída de leito carroçável";"Com Vítimas Feridas";"Pleno dia";"Crescente";"Chuva";"Simples";"Curva";"Não";2;0;1;0;0;1;1;2;-24,95781406;-48,42123049;"SPRF-SP";"DEL05-SP";"UOP02-DEL05-SP"
390255;2021-10-17;"domingo";"07:30:00";"MT";158;307,2;"BOM JESUS DO ARAGUAIA";"Transitar na contramão";"Colisão frontal";"Com Vítimas Fatais";"Pleno dia";"Crescente";"Céu Claro";"Simples";"Reta";"Não";6;4;0;0;1;2;0;4;-12,00315592;-51,67494875;"SPRF-MT";"DEL07-MT";"UOP02-DEL07-MT"
390259;2021-10-17;"domingo";"11:18:00";"MT";364;349;"SANTO ANTONIO DO LEVERGER";"Ausência de reação do condutor";"Colisão traseira";"Com Vítimas Feridas";"Pleno dia";"Crescente";"Céu Claro";"Dupla";"Curva;Aclive";"Não";3;0;2;0;0;1;2;3;-15,79538825;-55,54677648;"SPRF-MT";"DEL05-MT";"UOP02-DEL05-MT"
390268;2021-10-17;"domingo";"10:30:00";"MG";251;202,5;"CACHOEIRA DE PAJEU";"Demais falhas mecânicas ou elétricas";"Colisão frontal";"Com Vítimas Feridas";"Pleno dia";"Crescente";"Sol";"Simples";"Reta";"Não";3;0;0;1;1;1;1;3;-15,868795;-41,476831;"SPRF-MG";"DEL11-MG";"UOP02-DEL11-MG"
390280;2021-10-17;"domingo";"15:00:00";"PR";277;670,8;"MEDIANEIRA";"Ingestão de álcool pelo condutor";"Colisão frontal";"Com Vítimas Fatais";"Pleno dia";"Crescente";"Céu Claro";"Dupla";"Reta";"Sim";3;1;0;0;1;1;0;3;-25,28037085;-54,07911108;"SPRF-PR";"DEL05-PR";"UOP02-DEL05-PR"
390281;2021-10-17;"domingo";"13:45:00";"PI";343;242,5;"CAMPO MAIOR";"Reação tardia ou ineficiente do condutor";"Saída de leito carroçável";"Com Vítimas Feridas";"Pleno dia";"Crescente";"Céu Claro";"Simples";"Reta";"Não";4;0;1;0;2;3;1;6;-4,665567;-42,068455;"SPRF-PI";"DEL01-PI";"UOP03-DEL01-PI"
390282;2021-10-17;"domingo";"11:15:00";"PB";230;152,9;"CAMPINA GRANDE";"Problema com o freio";"Tombamento";"Sem Vítimas";"Pleno dia";"Crescente";"Céu Claro";"Simples";"Retorno Regulamentado";"Sim";2;0;0;0;1;1;0;2;-7,2688;-35,8837;"SPRF-PB";"DEL02-PB";"UOP01-DEL02-PB"
390285;2021-10-17;"domingo";"11:30:00";"RJ";493;99;"SEROPEDICA";"Reação tardia ou ineficiente do condutor";"Colisão com objeto";"Com Vítimas Feridas";"Pleno dia";"Decrescente";"Chuva";"Dupla";"Reta";"Não";3;0;1;1;0;1;2;2;-22,72698527;-43,71380795;"SPRF-RJ";"DEL03-RJ";"UOP01-DEL03-RJ"
390286;2021-10-17;"domingo";"15:00:00";"PR";376;329;"ORTIGUEIRA";"Ausência de reação do condutor";"Colisão frontal";"Com Vítimas Feridas";"Pleno dia";"Decrescente";"Garoa/Chuvisco";"Simples";"Curva";"Não";3;0;0;1;1;1;1;3;-24,14386304;-50,98711967;"SPRF-PR";"DEL07-PR";"UOP02-DEL07-PR"
390293;2021-10-17;"domingo";"16:00:00";"ES";262;39,9;"DOMINGOS MARTINS";"Transitar na contramão";"Colisão lateral sentido oposto";"Com Vítimas Feridas";"Pleno dia";"Crescente";"Chuva";"Simples";"Curva;Aclive";"Não";6;0;0;4;1;3;4;5;-20,38395807;-40,63664401;"SPRF-ES";"DEL01-ES";"UOP01-DEL01-ES"
390294;2021-10-17;"domingo";"15:30:00";"BA";116;528,7;"ITATIM";"Velocidade Incompatível";"Colisão traseira";"Com Vítimas Fatais";"Pleno dia";"Decrescente";"Céu Claro";"Simples";"Reta";"Sim";6;1;0;1;3;2;1;6;-12,71587879;-39,7449061;"SPRF-BA";"DEL03-BA";"UOP02-DEL03-BA"
390296;2021-10-17;"domingo";"13:00:00";"SP";116;359,5;"MIRACATU";"Curva acentuada";"Tombamento";"Sem Vítimas";"Pleno dia";"Decrescente";"Garoa/Chuvisco";"Múltipla";"Curva";"Sim";2;0;0;0;1;1;0;2;-24,10978095;-47,26910591;"SPRF-SP";"DEL04-SP";"UOP02-DEL04-SP"
390301;2021-10-17;"domingo";"16:40:00";"MG";116;549,2;"SANTA BARBARA DO LESTE";"Velocidade Incompatível";"Saída de leito carroçável";"Com Vítimas Feridas";"Pleno dia";"Decrescente";"Nublado";"Simples";"Reta";"Não";2;0;0;1;0;1;1;2;-19,960735;-42,13329299;"SPRF-MG";"DEL06-MG";"UOP02-DEL06-MG"
390316;2021-10-17;"domingo";"16:00:00";"TO";153;572,8;"SANTA RITA DO TOCANTINS";"Frear bruscamente";"Capotamento";"Com Vítimas Feridas";"Pleno dia";"Crescente";"Nublado";"Simples";"Reta;Aclive";"Não";2;0;1;0;0;1;1;2;-10,846432;-48,90467998;"SPRF-TO";"DEL01-TO";"UOP01-DEL01-TO"
390319;2021-10-17;"domingo";"19:00:00";"BA";101;219;"CRUZ DAS ALMAS";"Reação tardia ou ineficiente do condutor";"Colisão transversal";"Com Vítimas Feridas";"Plena Noite";"Crescente";"Céu Claro";"Simples";"Declive";"Sim";4;0;1;0;2;1;1;3;-12,6504988;-39,1175085;"SPRF-BA";"DEL01-BA";"UOP02-DEL01-BA"
390324;2021-10-17;"domingo";"11:40:00";"GO";153;103,7;"SANTA TEREZA DE GOIAS";"Ultrapassagem Indevida";"Colisão lateral mesmo sentido";"Com Vítimas Feridas";"Pleno dia";"Decrescente";"Céu Claro";"Simples";"Interseção de Vias;Curva";"Não";4;0;1;0;2;2;1;4;-13,681356;-49,023468;"SPRF-GO";"DEL07-GO";"UOP01-DEL07-GO"
390325;2021-10-17;"domingo";"14:50:00";"BA";101;735;"EUNAPOLIS";"Reação tardia ou ineficiente do condutor";"Tombamento";"Com Vítimas Feridas";"Pleno dia";"Crescente";"Céu Claro";"Simples";"Curva";"Não";2;0;1;0;0;1;1;2;-16,5011377;-39,5759458;"SPRF-BA";"DEL09-BA";"UOP01-DEL09-BA"
390327;2021-10-17;"domingo";"19:40:00";"PR";116;159;"QUITANDINHA";"Transitar na contramão";"Colisão frontal";"Com Vítimas Fatais";"Plena Noite";"Crescente";"Chuva";"Simples";"Reta";"Não";5;1;0;2;1;1;2;3;-25,864803;-49,42433;"SPRF-PR";"DEL01-PR";"UOP03-DEL01-PR"
390328;2021-10-17;"domingo";"18:30:00";"PR";116;42;"CAMPINA GRANDE DO SUL";"Acessar a via sem observar a presença dos outros veículos";"Colisão lateral mesmo sentido";"Sem Vítimas";"Plena Noite";"Decrescente";"Chuva";"Múltipla";"Reta";"Não";3;0;0;0;2;1;0;3;-25,17611697;-48,874256;"SPRF-PR";"DEL01-PR";"UOP02-DEL01-PR"
390332;2021-10-17;"domingo";"15:50:00";"GO";153;58,8;"PORANGATU";"Demais Fenômenos da natureza";"Incêndio";"Sem Vítimas";"Pleno dia";"Crescente";"Céu Claro";"Simples";"Reta;Declive";"Não";4;0;0;0;3;1;0;2;-13,326934;-49,119515;"SPRF-GO";"DEL07-GO";"UOP01-DEL07-GO"
390333;2021-10-17;"domingo";"18:30:00";"PR";376;630;"SAO JOSE DOS PINHAIS";"Reação tardia ou ineficiente do condutor";"Colisão traseira";"Sem Vítimas";"Plena Noite";"Crescente";"Chuva";"Simples";"Reta";"Sim";4;0;0;0;2;2;0;4;-25,695757;-49,144882;"SPRF-PR";"DEL01-PR";"UOP04-DEL01-PR"
390343;2021-10-17;"domingo";"19:30:00";"AL";316;244;"ATALAIA";"Ausência de reação do condutor";"Saída de leito carroçável";"Com Vítimas Feridas";"Plena Noite";"Crescente";"Céu Claro";"Simples";"Reta";"Sim";3;0;1;0;1;3;1;5;-9,51104821;-36,00426257;"SPRF-AL";"DEL01-AL";"UOP01-DEL01-AL"
390350;2021-10-06;"quarta-feira";"14:50:00";"SC";282;68,8;"RANCHO QUEIMADO";"Velocidade Incompatível";"Colisão transversal";"Com Vítimas Feridas";"Pleno dia";"Crescente";"Chuva";"Simples";"Curva";"Não";5;0;0;1;2;2;1;4;-27,692406;-49,075939;"SPRF-SC";"DEL01-SC";"UOP03-DEL01-SC"
390354;2021-10-17;"domingo";"21:20:00";"SP";116;139,4;"SAO JOSE DOS CAMPOS";"Entrada inopinada do pedestre";"Atropelamento de Pedestre";"Com Vítimas Fatais";"Plena Noite";"Crescente";"Nublado";"Dupla";"Reta";"Não";5;1;0;0;0;4;0;3;-23,1402216;-45,7617252;"SPRF-SP";"DEL02-SP";"UOP01-DEL02-SP"
390374;2021-10-17;"domingo";"22:43:00";"DF";80;5,7;"BRASILIA";"Velocidade Incompatível";"Colisão frontal";"Com Vítimas Feridas";"Plena Noite";"Decrescente";"Chuva";"Simples";"Curva";"Não";2;0;0;1;1;0;1;2;-15,729602;-48,121304;"SPRF-DF";"DEL03-DF";"UOP02-DEL03-DF"
390379;2021-10-17;"domingo";"23:15:00";"MG";381;929,8;"ITAPEVA";"Velocidade Incompatível";"Tombamento";"Com Vítimas Fatais";"Plena Noite";"Crescente";"Céu Claro";"Dupla";"Curva;Declive";"Não";3;1;1;0;0;1;1;3;-22,77192777;-46,2378931;"SPRF-MG";"DEL16-MG";"UOP03-DEL16-MG"
390391;2021-10-18;"segunda-feira";"01:30:00";"SP";116;396;"MIRACATU";"Ausência de reação do condutor";"Saída de leito carroçável";"Sem Vítimas";"Plena Noite";"Decrescente";"Chuva";"Dupla";"Em Obras";"Não";2;0;0;0;1;1;0;2;-24,29194738;-47,46959192;"SPRF-SP";"DEL04-SP";"UOP02-DEL04-SP"
390396;2021-10-18;"segunda-feira";"04:05:00";"PR";376;535;"PALMEIRA";"Ausência de reação do condutor";"Tombamento";"Com Vítimas Feridas";"Plena Noite";"Crescente";"Nublado";"Dupla";"Reta";"Não";2;0;1;0;0;1;1;2;-25,38045417;-49,80922117;"SPRF-PR";"DEL01-PR";"UOP03-DEL03-PR"
390411;2021-10-18;"segunda-feira";"06:40:00";"PR";277;586,7;"CASCAVEL";"Reação tardia ou ineficiente do condutor";"Colisão transversal";"Com Vítimas Feridas";"Pleno dia";"Crescente";"Nublado";"Simples";"Interseção de Vias";"Sim";3;0;0;1;1;1;1;3;-24,9649472;-53,4210459;"SPRF-PR";"DEL04-PR";"UOP01-DEL04-PR"
390412;2021-10-18;"segunda-feira";"06:50:00";"CE";116;1;"FORTALEZA";"Condutor deixou de manter distância do veículo da frente";"Colisão traseira";"Com Vítimas Fatais";"Pleno dia";"Decrescente";"Céu Claro";"Dupla";"Reta";"Sim";3;1;1;0;1;0;1;2;-3,76159894;-38,51900662;"SPRF-CE";"DEL01-CE";"UOP02-DEL01-CE"
390413;2021-10-18;"segunda-feira";"07:10:00";"RS";386;352,1;"ESTRELA";"Condutor Dormindo";"Atropelamento de Pedestre";"Com Vítimas Feridas";"Pleno dia";"Crescente";"Nublado";"Dupla";"Reta";"Sim";2;0;1;0;1;0;1;2;-29,491436;-51,95174;"SPRF-RS";"DEL04-RS";"UOP02-DEL04-RS"
390415;2021-10-18;"segunda-feira";"06:50:00";"AL";316;255,6;"PILAR";"Velocidade Incompatível";"Tombamento";"Com Vítimas Fatais";"Pleno dia";"Decrescente";"Céu Claro";"Simples";"Reta";"Sim";4;1;1;0;1;1;1;3;-9,59051052;-35,94993902;"SPRF-AL";"DEL02-AL";"UOP01-DEL02-AL"
390423;2021-10-18;"segunda-feira";"07:00:00";"MG";40;451,9;"CAETANOPOLIS";"Chuva";"Saída de leito carroçável";"Com Vítimas Feridas";"Pleno dia";"Crescente";"Chuva";"Dupla";"Reta";"Não";4;0;4;0;0;0;4;1;-19,32547602;-44,36467416;"SPRF-MG";"DEL02-MG";"UOP01-DEL02-MG"
390429;2021-10-18;"segunda-feira";"07:50:00";"MG";40;735;"SANTOS DUMONT";"Chuva";"Colisão frontal";"Com Vítimas Fatais";"Pleno dia";"Crescente";"Chuva";"Simples";"Curva";"Não";4;1;1;0;1;1;1;3;-21,39174469;-43,56757164;"SPRF-MG";"DEL05-MG";"UOP01-DEL05-MG"
390431;2021-10-18;"segunda-feira";"08:50:00";"PI";343;344,5;"TERESINA";"Transitar no acostamento";"Colisão lateral mesmo sentido";"Com Vítimas Feridas";"Pleno dia";"Decrescente";"Céu Claro";"Simples";"Reta";"Sim";2;0;1;0;1;0;1;2;-5,094729;-42,762775;"SPRF-PI";"DEL01-PI";"UOP01-DEL01-PI"
390433;2021-10-18;"segunda-feira";"08:40:00";"SP";381;87,5;"GUARULHOS";"Condutor deixou de manter distância do veículo da frente";"Colisão traseira";"Com Vítimas Fatais";"Pleno dia";"Crescente";"Chuva";"Dupla";"Reta";"Sim";4;1;0;0;1;3;0;5;-23,46885001;-46,56996601;"SPRF-SP";"DEL03-SP";"UOP01-DEL03-SP"
390436;2021-09-16;"quinta-feira";"09:40:00";"SC";280;127,4;"RIO NEGRINHO";"Condutor deixou de manter distância do veículo da frente";"Colisão frontal";"Com Vítimas Feridas";"Pleno dia";"Crescente";"Chuva";"Simples";"Reta";"Sim";3;0;1;1;1;0;2;2;-26,23943953;-49,50420708;"SPRF-SC";"DEL06-SC";"UOP03-DEL06-SC"
390437;2021-10-18;"segunda-feira";"08:40:00";"GO";153;508,2;"APARECIDA DE GOIANIA";"Velocidade Incompatível";"Saída de leito carroçável";"Sem Vítimas";"Amanhecer";"Crescente";"Chuva";"Dupla";"Declive";"Sim";1;0;0;0;1;0;0;1;-16,7804;-49,2371;"SPRF-GO";"DEL01-GO";"UOP03-DEL01-GO"
390439;2021-10-18;"segunda-feira";"09:40:00";"MG";381;365,5;"SAO GONCALO DO RIO ABAIXO";"Acumulo de água sobre o pavimento";"Colisão frontal";"Com Vítimas Feridas";"Pleno dia";"Crescente";"Chuva";"Simples";"Curva";"Não";3;0;0;1;1;1;1;3;-19,850555;-43,267783;"SPRF-MG";"DEL03-MG";"UOP01-DEL03-MG"
390440;2021-10-18;"segunda-feira";"08:20:00";"BA";324;626;"SALVADOR";"Manobra de mudança de faixa";"Colisão traseira";"Com Vítimas Feridas";"Pleno dia";"Crescente";"Céu Claro";"Dupla";"Reta";"Sim";3;0;2;0;1;0;2;2;-12,95020997;-38,47073108;"SPRF-BA";"DEL01-BA";"UOP01-DEL01-BA"
390445;2021-10-18;"segunda-feira";"10:25:00";"BA";324;602;"SIMOES FILHO";"Frear bruscamente";"Colisão traseira";"Sem Vítimas";"Pleno dia";"Decrescente";"Sol";"Dupla";"Reta";"Não";2;0;0;0;2;0;0;2;-12,76402892;-38,42393483;"SPRF-BA";"DEL01-BA";"UOP01-DEL01-BA"
390446;2021-10-18;"segunda-feira";"09:00:00";"SP";116;67,7;"GUARATINGUETA";"Chuva";"Colisão com objeto";"Com Vítimas Feridas";"Pleno dia";"Crescente";"Chuva";"Dupla";"Reta";"Não";6;0;4;0;2;0;4;5;-22,82867578;-45,2088941;"SPRF-SP";"DEL08-SP";"UOP01-DEL08-SP"
390447;2021-10-18;"segunda-feira";"10:20:00";"RJ";116;86;"TERESOPOLIS";"Chuva";"Colisão frontal";"Com Vítimas Feridas";"Pleno dia";"Crescente";"Chuva";"Simples";"Curva";"Não";3;0;1;0;1;1;1;3;-22,43671224;-42,94971377;"SPRF-RJ";"DEL04-RJ";"UOP01-DEL04-RJ"
390449;2021-10-18;"segunda-feira";"10:50:00";"PB";230;18;"JOAO PESSOA";"Carga excessiva e/ou mal acondicionada";"Queda de ocupante de veículo";"Com Vítimas Feridas";"Pleno dia";"Decrescente";"Céu Claro";"Dupla";"Reta";"Sim";2;0;1;0;1;0;1;2;-7,1198;-34,8453;"SPRF-PB";"DEL01-PB";"UOP01-DEL01-PB"
390453;2021-10-18;"segunda-feira";"10:15:00";"MA";230;404;"BALSAS";"Acesso irregular";"Colisão lateral mesmo sentido";"Com Vítimas Feridas";"Pleno dia";"Decrescente";"Céu Claro";"Simples";"Reta";"Sim";3;0;0;1;2;0;1;3;-7,52339895;-46,04122203;"SPRF-MA";"DEL05-MA";"UOP01-DEL05-MA"
390474;2021-10-15;"sexta-feira";"00:30:00";"BA";110;5;"PAULO AFONSO";"Pista esburacada";"Derramamento de carga";"Sem Vítimas";"Plena Noite";"Decrescente";"Céu Claro";"Simples";"Declive";"Não";2;0;0;0;1;2;0;3;-9,46851491;-38,20532244;"SPRF-BA";"DEL07-BA";"UOP01-DEL07-BA"
390478;2021-10-18;"segunda-feira";"13:25:00";"MG";381;348;"JOAO MONLEVADE";"Reação tardia ou ineficiente do condutor";"Saída de leito carroçável";"Sem Vítimas";"Pleno dia";"Decrescente";"Nublado";"Simples";"Curva";"Não";2;0;0;0;1;2;0;3;-19,85243846;-43,14084419;"SPRF-MG";"DEL03-MG";"UOP01-DEL03-MG"
390482;2021-10-18;"segunda-feira";"15:00:00";"PR";277;0,3;"PARANAGUA";"Velocidade Incompatível";"Atropelamento de Pedestre";"Com Vítimas Feridas";"Pleno dia";"Crescente";"Chuva";"Dupla";"Reta";"Sim";2;0;0;1;0;1;1;2;-25,556109;-48,562424;"SPRF-PR";"DEL01-PR";"UOP05-DEL01-PR"
390491;2021-10-18;"segunda-feira";"14:50:00";"RJ";393;227;"VASSOURAS";"Frear bruscamente";"Tombamento";"Com Vítimas Feridas";"Pleno dia";"Decrescente";"Nublado";"Simples";"Reta";"Não";2;0;1;0;0;1;1;2;-22,35057381;-43,57182764;"SPRF-RJ";"DEL05-RJ";"UOP03-DEL05-RJ"
390492;2021-10-18;"segunda-feira";"15:10:00";"PE";101;80;"JABOATAO DOS GUARARAPES";"Acessar a via sem observar a presença dos outros veículos";"Colisão lateral mesmo sentido";"Com Vítimas Feridas";"Pleno dia";"Crescente";"Sol";"Múltipla";"Reta";"Sim";4;0;1;0;1;2;1;3;-8,15112589;-34,9428866;"SPRF-PE";"DEL01-PE";"UOP01-DEL01-PE"
390498;2021-10-18;"segunda-feira";"11:00:00";"SC";101;106;"PENHA";"Reação tardia ou ineficiente do condutor";"Engavetamento";"Com Vítimas Feridas";"Pleno dia";"Decrescente";"Nublado";"Dupla";"Reta";"Não";4;0;1;0;3;0;1;3;-26,81031601;-48,68293896;"SPRF-SC";"DEL03-SC";"UOP02-DEL03-SC"
390501;2021-10-18;"segunda-feira";"10:30:00";"BA";135;63;"FORMOSA DO RIO PRETO";"Demais falhas mecânicas ou elétricas";"Incêndio";"Sem Vítimas";"Pleno dia";"Crescente";"Céu Claro";"Simples";"Curva";"Não";2;0;0;0;1;1;0;2;-11,28280803;-45,00608605;"SPRF-BA";"DEL10-BA";"UOP01-DEL10-BA"
390503;2021-10-18;"segunda-feira";"15:00:00";"MT";364;195;"RONDONOPOLIS";"Demais falhas mecânicas ou elétricas";"Tombamento";"Com Vítimas Feridas";"Pleno dia";"Crescente";"Nublado";"Simples";"Reta";"Não";3;0;1;0;1;1;1;2;-16,52139597;-54,59966598;"SPRF-MT";"DEL02-MT";"UOP01-DEL02-MT"
390509;2021-10-18;"segunda-feira";"14:00:00";"MG";365;461;"PATROCINIO";"Condutor Dormindo";"Colisão frontal";"Com Vítimas Feridas";"Pleno dia";"Crescente";"Céu Claro";"Simples";"Reta";"Não";4;0;2;1;1;0;3;2;-18,8805996;-46,91838322;"SPRF-MG";"DEL10-MG";"UOP01-DEL10-MG"
390516;2021-10-18;"segunda-feira";"15:30:00";"MA";316;524,9;"CAXIAS";"Demais falhas mecânicas ou elétricas";"Colisão lateral sentido oposto";"Com Vítimas Feridas";"Pleno dia";"Decrescente";"Céu Claro";"Simples";"Aclive;Reta";"Não";3;0;1;0;1;4;1;6;-4,79048581;-43,57369336;"SPRF-MA";"DEL03-MA";"UOP02-DEL03-MA"
390519;2021-10-18;"segunda-feira";"18:30:00";"MG";381;401,7;"BOM JESUS DO AMPARO";"Pedestre andava na pista";"Atropelamento de Pedestre";"Com Vítimas Fatais";"Plena Noite";"Decrescente";"Chuva";"Dupla";"Aclive;Curva";"Não";2;1;0;0;1;0;0;2;-19,74743793;-43,52145519;"SPRF-MG";"DEL01-MG";"UOP01-DEL01-MG"
390522;2021-10-18;"segunda-feira";"16:35:00";"SC";101;3,2;"GARUVA";"Reação tardia ou ineficiente do condutor";"Saída de leito carroçável";"Com Vítimas Feridas";"Pleno dia";"Decrescente";"Chuva";"Dupla";"Declive";"Não";3;0;1;0;1;2;1;3;-26,00380807;-48,87233005;"SPRF-SC";"DEL03-SC";"UOP01-DEL03-SC"
390523;2021-10-18;"segunda-feira";"18:45:00";"MG";40;601,8;"CONGONHAS";"Problema com o freio";"Colisão traseira";"Com Vítimas Feridas";"Plena Noite";"Crescente";"Chuva";"Simples";"Declive";"Não";6;0;1;2;3;0;3;5;-20,43153322;-43,85435616;"SPRF-MG";"DEL05-MG";"UOP02-DEL05-MG"
390527;2021-10-18;"segunda-feira";"17:00:00";"RS";386;293,7;"POUSO NOVO";"Reação tardia ou ineficiente do condutor";"Colisão lateral mesmo sentido";"Com Vítimas Feridas";"Pleno dia";"Decrescente";"Céu Claro";"Simples";"Curva";"Não";4;0;1;0;2;1;1;3;-29,114208;-52,244186;"SPRF-RS";"DEL04-RS";"UOP01-DEL04-RS"
390528;2021-10-18;"segunda-feira";"18:40:00";"BA";324;7;"FEIRA DE SANTANA";"Desrespeitar a preferência no cruzamento";"Colisão lateral mesmo sentido";"Com Vítimas Feridas";"Pleno dia";"Crescente";"Céu Claro";"Dupla";"Viaduto";"Sim";3;0;1;0;1;2;1;4;-12,26947644;-38,98773193;"SPRF-BA";"DEL02-BA";"UOP01-DEL02-BA"
390534;2021-10-18;"segunda-feira";"19:00:00";"ES";101;287,5;"CARIACICA";"Pista Escorregadia";"Engavetamento";"Com Vítimas Feridas";"Plena Noite";"Crescente";"Chuva";"Dupla";"Retorno Regulamentado;Reta";"Sim";3;0;1;0;2;0;1;3;-20,26493528;-40,38471702;"SPRF-ES";"DEL01-ES";"UOP01-DEL01-ES"
390536;2021-06-17;"quinta-feira";"16:45:00";"BA";101;666;"EUNAPOLIS";"Velocidade Incompatível";"Saída de leito carroçável";"Com Vítimas Feridas";"Plena Noite";"Decrescente";"Céu Claro";"Simples";"Curva";"Não";3;0;2;0;0;2;2;3;-16,15235785;-39,59918976;"SPRF-BA";"DEL09-BA";"UOP01-DEL09-BA"
390541;2021-10-18;"segunda-feira";"16:50:00";"RJ";116;27,9;"SAPUCAIA";"Reação tardia ou ineficiente do condutor";"Colisão com objeto";"Sem Vítimas";"Pleno dia";"Crescente";"Chuva";"Simples";"Curva";"Não";1;0;0;0;1;0;0;1;-22,05084092;-42,78853;"SPRF-RJ";"DEL04-RJ";"UOP01-DEL04-RJ"