"id";"data_inversa";"dia_semana";"horario";"uf";"br";"km";"municipio";"causa_acidente";"tipo_acidente";"classificacao_acidente";"fase_dia";"sentido_via";"condicao_metereologica";"tipo_pista";"tracado_via";"uso_solo";"pessoas";"mortos";"feridos_leves";"feridos_graves";"ilesos";"ignorados";"feridos";"veiculos";"latitude";"longitude";"regional";"delegacia";"uop"
390547;2021-09-03;"sexta-feira";"19:15:00";"GO";40;96;"CRISTALINA";"Reação tardia ou ineficiente do condutor";"Atropelamento de Animal";"Com Vítimas Feridas";"Plena Noite";"Decrescente";"Céu Claro";"Simples";"Reta";"Sim";2;0;1;0;1;0;1;2;-16,75768;-47,601613;"SPRF-DF";"DEL01-DF";"UOP02-DEL01-DF"
390552;2021-10-18;"segunda-feira";"20:20:00";"SC";101;212,6;"PALHOCA";"Reação tardia ou ineficiente do condutor";"Colisão lateral mesmo sentido";"Sem Vítimas";"Plena Noite";"Crescente";"Nublado";"Múltipla";"Reta";"Sim";3;0;0;0;2;1;0;3;-27,63398983;-48,66317868;"SPRF-SC";"DEL01-SC";"UOP02-DEL01-SC"
390553;2021-10-18;"segunda-feira";"20:30:00";"RS";116;269;"CANOAS";"Demais falhas mecânicas ou elétricas";"Colisão com objeto";"Sem Vítimas";"Plena Noite";"Crescente";"Céu Claro";"Dupla";"Curva";"Não";1;0;0;0;1;0;0;1;-29,95942501;-51,17608515;"SPRF-RS";"DEL01-RS";"UOP01-DEL01-RS"
390557;2021-10-18;"segunda-feira";"21:25:00";"MG";40;504;"ESMERALDAS";"Condutor Dormindo";"Colisão traseira";"Com Vítimas Feridas";"Plena Noite";"Crescente";"Nublado";"Dupla";"Aclive";"Não";3;0;0;1;1;1;1;3;-19,72987888;-44,15253368;"SPRF-MG";"DEL02-MG";"UOP01-DEL02-MG"
390559;2021-10-06;"quarta-feira";"14:00:00";"PR";153;30,3;"SANTO ANTONIO DA PLATINA";"Mal súbito do condutor";"Colisão frontal";"Com Vítimas Feridas";"Pleno dia";"Crescente";"Céu Claro";"Simples";"Reta";"Não";3;0;0;1;1;2;1;4;-23,21816767;-50,01161417;"SPRF-PR";"DEL07-PR";"UOP04-DEL07-PR"
390566;2021-10-18;"segunda-feira";"23:00:00";"MG";381;364;"JOAO MONLEVADE";"Velocidade Incompatível";"Colisão frontal";"Com Vítimas Feridas";"Plena Noite";"Crescente";"Chuva";"Simples";"Declive;Curva";"Não";3;0;1;0;1;1;1;3;-19,84955579;-43,25424839;"SPRF-MG";"DEL03-MG";"UOP01-DEL03-MG"
390571;2021-10-18;"segunda-feira";"22:40:00";"SC";470;269,8;"BRUNOPOLIS";"Ausência de reação do condutor";"Tombamento";"Com Vítimas Feridas";"Plena Noite";"Crescente";"Garoa/Chuvisco";"Simples";"Curva";"Não";2;0;1;0;0;1;1;2;-27,313988;-50,758327;"SPRF-SC";"DEL07-SC";"UOP06-DEL07-SC"
390572;2021-10-19;"terça-feira";"00:40:00";"GO";364;212;"JATAI";"Transitar na contramão";"Colisão frontal";"Com Vítimas Fatais";"Plena Noite";"Crescente";"Garoa/Chuvisco";"Simples";"Curva";"Não";2;1;1;0;0;0;1;2;-17,886563;-51,863819;"SPRF-GO";"DEL05-GO";"UOP01-DEL05-GO"
390574;2021-10-18;"segunda-feira";"21:30:00";"GO";80;49;"PADRE BERNARDO";"Ingestão de álcool pelo condutor";"Colisão lateral sentido oposto";"Com Vítimas Feridas";"Plena Noite";"Decrescente";"Chuva";"Simples";"Reta";"Não";5;0;3;0;1;3;3;5;-15,160354;-48,311521;"SPRF-DF";"DEL03-DF";"UOP02-DEL03-DF"
390577;2021-10-19;"terça-feira";"00:30:00";"MG";365;17,2;"MONTES CLAROS";"Ausência de reação do condutor";"Saída de leito carroçável";"Com Vítimas Feridas";"Plena Noite";"Decrescente";"Garoa/Chuvisco";"Simples";"Curva";"Não";1;0;1;0;0;0;1;1;-16,86881617;-44,01763824;"SPRF-MG";"DEL12-MG";"UOP01-DEL12-MG"
390580;2021-10-18;"segunda-feira";"21:30:00";"MG";381;454;"SABARA";"Transitar no acostamento";"Colisão traseira";"Com Vítimas Feridas";"Plena Noite";"Decrescente";"Chuva";"Simples";"Reta";"Sim";4;0;1;0;2;1;1;3;-19,85593827;-43,89662047;"SPRF-MG";"DEL01-MG";"UOP01-DEL01-MG"
390582;2021-10-19;"terça-feira";"04:20:00";"RO";364;714;"PORTO VELHO";"Pedestre andava na pista";"Atropelamento de Pedestre";"Com Vítimas Feridas";"Plena Noite";"Decrescente";"Nublado";"Dupla";"Reta";"Sim";3;0;0;1;1;2;1;4;-8,77583211;-63,87575626;"SPRF-RO";"DEL01-RO";"UOP01-DEL01-RO"
390594;2021-10-18;"segunda-feira";"20:00:00";"PR";158;358,4;"MARQUINHO";"Velocidade Incompatível";"Tombamento";"Com Vítimas Feridas";"Plena Noite";"Crescente";"Céu Claro";"Simples";"Curva;Declive";"Não";1;0;1;0;0;0;1;1;-25,03729798;-52,28048207;"SPRF-PR";"DEL04-PR";"UOP02-DEL04-PR"
390599;2021-10-19;"terça-feira";"08:30:00";"SC";101;139,8;"BALNEARIO CAMBORIU";"Manobra de mudança de faixa";"Colisão traseira";"Com Vítimas Feridas";"Pleno dia";"Crescente";"Nublado";"Simples";"Reta";"Não";3;0;2;0;1;0;2;2;-27,02982303;-48,60115006;"SPRF-SC";"DEL04-SC";"UOP03-DEL04-SC"
390604;2021-10-19;"terça-feira";"05:40:00";"MA";135;52,5;"BACABEIRA";"Condutor deixou de manter distância do veículo da frente";"Colisão traseira";"Sem Vítimas";"Amanhecer";"Crescente";"Céu Claro";"Simples";"Reta";"Não";4;0;0;0;3;2;0;5;-2,98047004;-44,31381409;"SPRF-MA";"DEL01-MA";"UOP02-DEL01-MA"
390605;2021-10-19;"terça-feira";"07:30:00";"MG";381;728,4;"CARMO DA CACHOEIRA";"Condutor Dormindo";"Saída de leito carroçável";"Com Vítimas Feridas";"Pleno dia";"Decrescente";"Nublado";"Dupla";"Aclive;Curva";"Não";2;0;1;0;0;1;1;2;-21,490552;-45,208967;"SPRF-MG";"DEL04-MG";"UOP02-DEL04-MG"
390607;2021-10-19;"terça-feira";"09:45:00";"PA";163;1001,5;"SANTAREM";"Reação tardia ou ineficiente do condutor";"Colisão lateral mesmo sentido";"Com Vítimas Feridas";"Pleno dia";"Decrescente";"Nublado";"Simples";"Reta";"Sim";3;0;2;0;1;0;2;2;-2,464507;-54,72745295;"SPRF-PA";"DEL05-PA";"UOP01-DEL05-PA"
390614;2021-10-19;"terça-feira";"10:40:00";"SC";101;192,4;"BIGUACU";"Velocidade Incompatível";"Colisão traseira";"Com Vítimas Feridas";"Pleno dia";"Decrescente";"Sol";"Múltipla";"Reta";"Sim";2;0;1;0;1;0;1;2;-27,48443781;-48,64765238;"SPRF-SC";"DEL01-SC";"UOP01-DEL01-SC"
390615;2021-10-19;"terça-feira";"10:15:00";"PI";343;347;"TERESINA";"Ausência de reação do condutor";"Colisão lateral mesmo sentido";"Com Vítimas Feridas";"Pleno dia";"Decrescente";"Céu Claro";"Simples";"Reta";"Sim";2;0;1;0;1;0;1;2;-5,114822;-42,778355;"SPRF-PI";"DEL01-PI";"UOP01-DEL01-PI"
390616;2021-10-19;"terça-feira";"10:40:00";"RN";304;300;"MACAIBA";"Manobra de mudança de faixa";"Colisão lateral mesmo sentido";"Com Vítimas Feridas";"Pleno dia";"Crescente";"Céu Claro";"Dupla";"Reta";"Não";3;0;1;0;1;1;1;3;-5,8737673;-35,3150361;"SPRF-RN";"DEL01-RN";"UOP02-DEL01-RN"
390619;2021-10-19;"terça-feira";"11:20:00";"PR";476;150;"ARAUCARIA";"Carga excessiva e/ou mal acondicionada";"Derramamento de carga";"Com Vítimas Feridas";"Pleno dia";"Decrescente";"Garoa/Chuvisco";"Dupla";"Reta";"Sim";2;0;1;0;1;0;1;2;-25,558477;-49,368313;"SPRF-PR";"DEL01-PR";"UOP03-DEL01-PR"
390624;2021-10-19;"terça-feira";"12:00:00";"PE";101;80,6;"JABOATAO DOS GUARARAPES";"Velocidade Incompatível";"Colisão lateral mesmo sentido";"Com Vítimas Feridas";"Pleno dia";"Crescente";"Céu Claro";"Múltipla";"Retorno Regulamentado";"Não";6;0;1;2;1;3;3;5;-8,15112589;-34,9428866;"SPRF-PE";"DEL01-PE";"UOP01-DEL01-PE"
390629;2021-10-11;"segunda-feira";"21:40:00";"MS";376;171,8;"NOVA ANDRADINA";"Carga excessiva e/ou mal acondicionada";"Tombamento";"Com Vítimas Feridas";"Plena Noite";"Crescente";"Nublado";"Dupla";"Rotatória";"Sim";2;0;0;1;0;1;1;2;-22,266835;-53,363557;"SPRF-MS";"DEL04-MS";"UOP04-DEL04-MS"
390633;2021-10-19;"terça-feira";"11:00:00";"GO";153;619;"MORRINHOS";"Acostamento em desnível";"Tombamento";"Com Vítimas Feridas";"Pleno dia";"Crescente";"Chuva";"Dupla";"Aclive";"Não";2;0;1;0;0;2;1;3;-17,7129;-49,1549;"SPRF-GO";"DEL03-GO";"UOP01-DEL03-GO"
390636;2021-10-19;"terça-feira";"12:15:00";"RJ";116;302;"RESENDE";"Condutor Dormindo";"Colisão traseira";"Com Vítimas Feridas";"Pleno dia";"Decrescente";"Garoa/Chuvisco";"Dupla";"Declive";"Sim";3;0;1;0;1;1;1;3;-22,45829398;-44,4211223;"SPRF-RJ";"DEL07-RJ";"UOP02-DEL07-RJ"
390637;2021-10-19;"terça-feira";"09:45:00";"SP";116;565;"BARRA DO TURVO";"Reação tardia ou ineficiente do condutor";"Colisão com objeto";"Com Vítimas Feridas";"Pleno dia";"Crescente";"Garoa/Chuvisco";"Simples";"Curva";"Não";2;0;0;1;0;1;1;2;-25,0358686;-48,54404396;"SPRF-SP";"DEL05-SP";"UOP02-DEL05-SP"
390639;2021-10-19;"terça-feira";"12:50:00";"PE";232;5;"RECIFE";"Velocidade Incompatível";"Colisão traseira";"Com Vítimas Feridas";"Pleno dia";"Decrescente";"Céu Claro";"Simples";"Curva";"Não";3;0;0;1;1;1;1;3;-8,06795766;-34,94535414;"SPRF-PE";"DEL01-PE";"UOP01-DEL01-PE"
390646;2021-05-05;"quarta-feira";"17:45:00";"RJ";116;168;"SAO JOAO DE MERITI";"Frear bruscamente";"Colisão frontal";"Com Vítimas Feridas";"Anoitecer";"Decrescente";"Céu Claro";"Dupla";"Reta";"Sim";3;0;2;0;0;1;2;2;-22,79756192;-43,36172283;"SPRF-RJ";"DEL01-RJ";"UOP01-DEL01-RJ"
390647;2021-10-19;"terça-feira";"12:40:00";"MG";262;385;"MATEUS LEME";"Velocidade Incompatível";"Saída de leito carroçável";"Com Vítimas Fatais";"Pleno dia";"Crescente";"Chuva";"Dupla";"Curva";"Não";3;1;0;0;0;2;0;3;-19,93325094;-44,42077402;"SPRF-MG";"DEL01-MG";"UOP03-DEL01-MG"
390653;2021-10-19;"terça-feira";"14:10:00";"RS";116;248;"SAO LEOPOLDO";"Frear bruscamente";"Colisão traseira";"Com Vítimas Feridas";"Pleno dia";"Decrescente";"Céu Claro";"Dupla";"Reta";"Sim";3;0;1;0;2;0;1;3;-29,77605895;-51,15508618;"SPRF-RS";"DEL01-RS";"UOP02-DEL01-RS"
390654;2021-10-19;"terça-feira";"14:30:00";"PE";232;177,8;"BELO JARDIM";"Reação tardia ou ineficiente do condutor";"Engavetamento";"Sem Vítimas";"Pleno dia";"Crescente";"Céu Claro";"Simples";"Reta";"Sim";3;0;0;0;3;0;0;3;-8,34884045;-36,4032249;"SPRF-PE";"DEL02-PE";"UOP03-DEL02-PE"
390655;2021-10-19;"terça-feira";"13:30:00";"MG";251;519,1;"MONTES CLAROS";"Ultrapassagem Indevida";"Colisão lateral sentido oposto";"Com Vítimas Feridas";"Pleno dia";"Decrescente";"Céu Claro";"Simples";"Declive;Reta";"Não";3;0;0;1;1;1;1;3;-16,66359617;-43,77730598;"SPRF-MG";"DEL12-MG";"UOP01-DEL12-MG"
390658;2021-10-19;"terça-feira";"11:15:00";"SC";116;165;"PONTE ALTA DO NORTE";"Demais falhas mecânicas ou elétricas";"Tombamento";"Com Vítimas Feridas";"Pleno dia";"Crescente";"Nublado";"Simples";"Curva";"Sim";2;0;1;0;0;2;1;3;-27,15176073;-50,46219055;"SPRF-SC";"DEL05-SC";"UOP03-DEL05-SC"
390659;2021-10-19;"terça-feira";"14:15:00";"CE";222;297,8;"TIANGUA";"Pista Escorregadia";"Colisão lateral sentido oposto";"Com Vítimas Feridas";"Pleno dia";"Decrescente";"Céu Claro";"Simples";"Curva";"Não";3;0;1;0;1;1;1;3;-3,65826065;-40,92482891;"SPRF-CE";"DEL04-CE";"UOP02-DEL04-CE"
390667;2021-10-19;"terça-feira";"16:00:00";"PR";369;484,5;"CORBELIA";"Chuva";"Saída de leito carroçável";"Com Vítimas Feridas";"Pleno dia";"Crescente";"Chuva";"Simples";"Curva;Declive";"Não";2;0;2;0;0;0;2;1;-24,6679;-53,2227;"SPRF-PR";"DEL04-PR";"UOP03-DEL04-PR"
390668;2021-10-19;"terça-feira";"15:20:00";"PR";277;139;"BALSA NOVA";"Velocidade Incompatível";"Colisão traseira";"Com Vítimas Feridas";"Pleno dia";"Crescente";"Nublado";"Dupla";"Curva";"Não";3;0;1;0;1;3;1;5;-25,47594603;-49,72125844;"SPRF-PR";"DEL01-PR";"UOP03-DEL03-PR"
390674;2021-10-19;"terça-feira";"15:30:00";"PA";10;253;"AURORA DO PARA";"Manobra de mudança de faixa";"Colisão frontal";"Com Vítimas Feridas";"Pleno dia";"Decrescente";"Céu Claro";"Simples";"Reta";"Não";3;0;0;1;1;3;1;5;-2,22259399;-47,56226424;"SPRF-PA";"DEL02-PA";"UOP01-DEL02-PA"
390680;2021-10-19;"terça-feira";"16:15:00";"MS";163;470;"CAMPO GRANDE";"Acessar a via sem observar a presença dos outros veículos";"Colisão transversal";"Com Vítimas Feridas";"Pleno dia";"Crescente";"Céu Claro";"Simples";"Reta";"Não";4;0;1;0;2;1;1;3;-20,55998503;-54,55711228;"SPRF-MS";"DEL01-MS";"UOP01-DEL01-MS"
390686;2021-10-19;"terça-feira";"16:30:00";"SP";116;145;"SAO JOSE DOS CAMPOS";"Acessar a via sem observar a presença dos outros veículos";"Colisão lateral mesmo sentido";"Com Vítimas Feridas";"Pleno dia";"Crescente";"Nublado";"Simples";"Declive";"Não";3;0;1;0;1;1;1;3;-23,1869844;-45,8548078;"SPRF-SP";"DEL02-SP";"UOP01-DEL02-SP"
390687;2021-10-19;"terça-feira";"17:25:00";"PA";10;253;"AURORA DO PARA";"Reação tardia ou ineficiente do condutor";"Colisão com objeto";"Sem Vítimas";"Pleno dia";"Decrescente";"Céu Claro";"Simples";"Reta";"Não";3;0;0;0;2;2;0;4;-2,22259399;-47,56226424;"SPRF-PA";"DEL02-PA";"UOP01-DEL02-PA"
390694;2021-10-19;"terça-feira";"14:40:00";"TO";226;19;"PALMEIRAS DO TOCANTINS";"Velocidade Incompatível";"Colisão traseira";"Com Vítimas Feridas";"Pleno dia";"Crescente";"Céu Claro";"Simples";"Reta";"Não";5;0;0;1;3;1;1;5;-6,629621;-47,605564;"SPRF-TO";"DEL02-TO";"UOP03-DEL02-TO"
390696;2021-10-19;"terça-feira";"16:50:00";"PE";101;40,2;"IGARASSU";"Condutor deixou de manter distância do veículo da frente";"Colisão transversal";"Com Vítimas Feridas";"Anoitecer";"Crescente";"Céu Claro";"Dupla";"Reta";"Sim";3;0;1;0;1;1;1;3;-7,821475;-34,916545;"SPRF-PE";"DEL01-PE";"UOP02-DEL01-PE"
390713;2021-10-19;"terça-feira";"17:30:00";"RJ";116;277,1;"BARRA MANSA";"Demais falhas mecânicas ou elétricas";"Incêndio";"Sem Vítimas";"Pleno dia";"Decrescente";"Nublado";"Dupla";"Aclive";"Não";2;0;0;0;1;1;0;2;-22,55905501;-44,17284006;"SPRF-RJ";"DEL07-RJ";"UOP02-DEL07-RJ"
390716;2021-10-19;"terça-feira";"19:05:00";"MG";40;801,3;"JUIZ DE FORA";"Ingestão de álcool pelo condutor";"Colisão lateral mesmo sentido";"Sem Vítimas";"Plena Noite";"Decrescente";"Chuva";"Dupla";"Aclive;Reta";"Não";3;0;0;0;2;1;0;3;-21,84672919;-43,37899486;"SPRF-MG";"DEL05-MG";"UOP01-DEL05-MG"
390718;2021-10-19;"terça-feira";"18:00:00";"SC";282;72;"RANCHO QUEIMADO";"Demais falhas mecânicas ou elétricas";"Colisão com objeto";"Sem Vítimas";"Anoitecer";"Decrescente";"Nublado";"Simples";"Declive;Curva";"Não";2;0;0;0;1;2;0;3;-27,683439;-49,105259;"SPRF-SC";"DEL01-SC";"UOP03-DEL01-SC"
390720;2021-10-19;"terça-feira";"13:00:00";"PR";277;283,6;"PRUDENTOPOLIS";"Mal súbito do condutor";"Saída de leito carroçável";"Com Vítimas Feridas";"Pleno dia";"Crescente";"Nublado";"Simples";"Reta";"Não";2;0;1;0;0;2;1;3;-25,34688486;-50,9324159;"SPRF-PR";"DEL03-PR";"UOP03-DEL03-PR"
390725;2021-10-19;"terça-feira";"19:35:00";"SP";116;101;"PINDAMONHANGABA";"Chuva";"Colisão traseira";"Sem Vítimas";"Plena Noite";"Crescente";"Chuva";"Dupla";"Reta";"Não";5;0;0;0;3;4;0;7;-22,99074204;-45,48115098;"SPRF-SP";"DEL08-SP";"UOP01-DEL08-SP"
390726;2021-10-19;"terça-feira";"20:30:00";"SC";101;212,6;"PALHOCA";"Ingestão de álcool pelo condutor";"Colisão lateral mesmo sentido";"Com Vítimas Feridas";"Plena Noite";"Decrescente";"Céu Claro";"Múltipla";"Em Obras";"Sim";2;0;0;1;0;1;1;2;-27,62996929;-48,65903871;"SPRF-SC";"DEL01-SC";"UOP02-DEL01-SC"
390734;2021-10-19;"terça-feira";"20:30:00";"DF";20;19;"BRASILIA";"Ingestão de álcool pelo condutor";"Colisão traseira";"Sem Vítimas";"Plena Noite";"Decrescente";"Céu Claro";"Dupla";"Aclive";"Sim";2;0;0;0;2;0;0;2;-15,612175;-47,700928;"SPRF-DF";"DEL02-DF";"UOP01-DEL02-DF"
390738;2021-10-19;"terça-feira";"21:45:00";"SE";235;30,2;"AREIA BRANCA";"Transitar na contramão";"Colisão frontal";"Com Vítimas Feridas";"Plena Noite";"Decrescente";"Céu Claro";"Simples";"Curva";"Não";4;0;0;1;3;0;1;2;-10,785139;-37,291378;"SPRF-SE";"DEL01-SE";"UOP02-DEL01-SE"
390744;2021-10-19;"terça-feira";"21:30:00";"AL";423;70;"AGUA BRANCA";"Acostamento em desnível";"Colisão lateral mesmo sentido";"Com Vítimas Feridas";"Plena Noite";"Crescente";"Céu Claro";"Simples";"Declive";"Não";3;0;1;0;1;1;1;3;-9,30650164;-37,89829007;"SPRF-AL";"DEL03-AL";"UOP02-DEL03-AL"
390747;2021-10-19;"terça-feira";"22:30:00";"SP";116;203;"ARUJA";"Ausência de reação do condutor";"Colisão traseira";"Com Vítimas Feridas";"Plena Noite";"Decrescente";"Garoa/Chuvisco";"Múltipla";"Declive;Reta";"Não";3;0;1;0;1;1;1;3;-23,41060827;-46,34763895;"SPRF-SP";"DEL01-SP";"UOP01-DEL01-SP"
390751;2021-10-19;"terça-feira";"21:00:00";"PR";163;132;"CAPITAO LEONIDAS MARQUES";"Condutor Dormindo";"Saída de leito carroçável";"Com Vítimas Feridas";"Plena Noite";"Decrescente";"Céu Claro";"Simples";"Aclive";"Não";2;0;1;0;0;2;1;3;-25,561159;-53,580816;"SPRF-PR";"DEL05-PR";"UOP05-DEL05-PR"
390754;2021-10-19;"terça-feira";"18:00:00";"GO";452;78;"MAURILANDIA";"Reação tardia ou ineficiente do condutor";"Saída de leito carroçável";"Sem Vítimas";"Plena Noite";"Crescente";"Nublado";"Simples";"Curva";"Não";4;0;0;0;1;4;0;4;-18,0532807;-50,23024694;"SPRF-GO";"DEL04-GO";"UOP01-DEL04-GO"
390761;2021-10-19;"terça-feira";"16:20:00";"GO";153;68;"PORANGATU";"Demais falhas mecânicas ou elétricas";"Incêndio";"Com Vítimas Feridas";"Pleno dia";"Crescente";"Nublado";"Simples";"Reta";"Sim";2;0;1;0;0;2;1;3;-13,431118;-49,130447;"SPRF-GO";"DEL07-GO";"UOP01-DEL07-GO"
390762;2021-10-20;"quarta-feira";"01:00:00";"SP";116;340;"JUQUITIBA";"Chuva";"Tombamento";"Com Vítimas Feridas";"Plena Noite";"Decrescente";"Garoa/Chuvisco";"Múltipla";"Reta";"Não";2;0;0;1;0;1;1;2;-24,00328505;-47,15633198;"SPRF-SP";"DEL04-SP";"UOP02-DEL04-SP"
390766;2021-10-19;"terça-feira";"23:30:00";"MT";70;424;"CAMPO VERDE";"Problema na suspensão";"Tombamento";"Com Vítimas Feridas";"Plena Noite";"Decrescente";"Nublado";"Simples";"Viaduto";"Não";2;0;1;0;0;1;1;2;-15,76863914;-55,36551387;"SPRF-MT";"DEL05-MT";"UOP02-DEL05-MT"
390767;2021-10-20;"quarta-feira";"02:30:00";"MT";163;570,6;"NOVA MUTUM";"Condutor deixou de manter distância do veículo da frente";"Colisão traseira";"Com Vítimas Feridas";"Plena Noite";"Crescente";"Céu Claro";"Simples";"Reta";"Não";2;0;1;0;1;0;1;2;-14,16229605;-56,09222316;"SPRF-MT";"DEL01-MT";"UOP01-DEL01-MT"
390769;2021-10-19;"terça-feira";"20:50:00";"BA";116;396,6;"SANTA BARBARA";"Reação tardia ou ineficiente do condutor";"Saída de leito carroçável";"Com Vítimas Feridas";"Plena Noite";"Decrescente";"Céu Claro";"Dupla";"Reta";"Não";2;0;0;1;0;1;1;2;-11,99243201;-38,97179531;"SPRF-BA";"DEL02-BA";"UOP01-DEL02-BA"
390772;2021-10-20;"quarta-feira";"02:45:00";"MG";381;568;"ITAGUARA";"Velocidade Incompatível";"Tombamento";"Com Vítimas Feridas";"Plena Noite";"Decrescente";"Chuva";"Dupla";"Reta";"Não";2;0;1;0;0;1;1;2;-20,42649228;-44,54458383;"SPRF-MG";"DEL04-MG";"UOP03-DEL04-MG"
390775;2021-10-20;"quarta-feira";"03:20:00";"SC";116;115;"SANTA CECILIA";"Velocidade Incompatível";"Tombamento";"Com Vítimas Feridas";"Plena Noite";"Decrescente";"Nublado";"Simples";"Curva;Declive";"Não";2;0;1;0;0;1;1;2;-26,80262399;-50,33936901;"SPRF-SC";"DEL06-SC";"UOP02-DEL06-SC"
390777;2021-10-19;"terça-feira";"19:30:00";"CE";222;346;"UBAJARA";"Problema com o freio";"Tombamento";"Sem Vítimas";"Plena Noite";"Crescente";"Céu Claro";"Simples";"Reta";"Não";1;0;0;0;1;0;0;1;-3,90809422;-41,21509903;"SPRF-CE";"DEL04-CE";"UOP02-DEL04-CE"
390778;2021-10-20;"quarta-feira";"06:20:00";"SP";116;358,9;"MIRACATU";"Demais falhas mecânicas ou elétricas";"Colisão traseira";"Com Vítimas Feridas";"Pleno dia";"Crescente";"Nublado";"Dupla";"Declive";"Não";4;0;1;1;1;1;2;3;-24,10289207;-47,25984898;"SPRF-SP";"DEL04-SP";"UOP02-DEL04-SP"
390786;2021-09-19;"domingo";"07:45:00";"PR";373;210;"IPIRANGA";"Condutor Dormindo";"Colisão frontal";"Com Vítimas Fatais";"Pleno dia";"Crescente";"Nevoeiro/Neblina";"Simples";"Reta";"Não";3;1;0;0;1;2;0;4;-25,1451179;-50,4876851;"SPRF-PR";"DEL03-PR";"UOP01-DEL03-PR"
390788;2021-10-20;"quarta-feira";"06:00:00";"CE";116;200,1;"LIMOEIRO DO NORTE";"Transitar na contramão";"Colisão frontal";"Com Vítimas Feridas";"Pleno dia";"Crescente";"Céu Claro";"Simples";"Curva";"Não";3;0;1;0;1;2;1;4;-5,18070673;-38,18925503;"SPRF-CE";"DEL03-CE";"UOP01-DEL03-CE"
390791;2021-10-20;"quarta-feira";"07:20:00";"MG";40;70;"PARACATU";"Ingestão de álcool pelo condutor";"Colisão traseira";"Sem Vítimas";"Pleno dia";"Decrescente";"Céu Claro";"Simples";"Reta";"Não";2;0;0;0;1;1;0;2;-17,400838;-46,727587;"SPRF-MG";"DEL14-MG";"UOP01-DEL14-MG"
390795;2021-10-20;"quarta-feira";"06:30:00";"PE";232;39;"VITORIA DE SANTO ANTAO";"Manobra de mudança de faixa";"Colisão lateral mesmo sentido";"Com Vítimas Feridas";"Pleno dia";"Decrescente";"Céu Claro";"Dupla";"Reta";"Não";2;0;1;0;0;1;1;2;-8,116215;-35,221749;"SPRF-PE";"DEL01-PE";"UOP01-DEL01-PE"
390807;2021-10-20;"quarta-feira";"09:00:00";"PR";116;91,9;"SAO JOSE DOS PINHAIS";"Reação tardia ou ineficiente do condutor";"Saída de leito carroçável";"Sem Vítimas";"Pleno dia";"Decrescente";"Céu Claro";"Simples";"Curva";"Sim";2;0;0;0;1;2;0;3;-25,509309;-49,125977;"SPRF-PR";"DEL01-PR";"UOP01-DEL01-PR"
390814;2021-10-20;"quarta-feira";"09:30:00";"SC";101;281,9;"IMBITUBA";"Reação tardia ou ineficiente do condutor";"Tombamento";"Com Vítimas Feridas";"Pleno dia";"Crescente";"Céu Claro";"Simples";"Declive";"Sim";2;0;1;0;0;3;1;4;-28,18793595;-48,69652041;"SPRF-SC";"DEL02-SC";"UOP03-DEL02-SC"
390818;2021-10-20;"quarta-feira";"10:15:00";"GO";158;106,6;"PIRANHAS";"Transitar na contramão";"Colisão frontal";"Com Vítimas Feridas";"Pleno dia";"Crescente";"Céu Claro";"Simples";"Aclive";"Não";5;0;1;1;2;5;2;8;-16,53321787;-51,75990677;"SPRF-GO";"DEL04-GO";"UOP01-DEL04-GO"
390821;2021-10-20;"quarta-feira";"10:45:00";"SP";116;301;"SAO LOURENCO DA SERRA";"Ausência de reação do condutor";"Tombamento";"Com Vítimas Feridas";"Pleno dia";"Crescente";"Nublado";"Dupla";"Reta";"Não";2;0;1;0;0;1;1;2;-23,81147602;-46,92298208;"SPRF-SP";"DEL04-SP";"UOP01-DEL04-SP"
390823;2021-10-20;"quarta-feira";"10:30:00";"SP";381;41;"ATIBAIA";"Reação tardia ou ineficiente do condutor";"Colisão lateral mesmo sentido";"Com Vítimas Feridas";"Pleno dia";"Decrescente";"Céu Claro";"Dupla";"Declive";"Sim";5;0;2;0;2;2;2;5;-23,13863999;-46,57584088;"SPRF-SP";"DEL03-SP";"UOP01-DEL03-SP"
390826;2021-10-05;"terça-feira";"23:15:00";"SC";280;239,7;"CANOINHAS";"Condutor Dormindo";"Saída de leito carroçável";"Com Vítimas Feridas";"Plena Noite";"Decrescente";"Garoa/Chuvisco";"Simples";"Aclive";"Não";2;0;1;0;0;2;1;3;-26,20971113;-50,44782084;"SPRF-SC";"DEL06-SC";"UOP04-DEL06-SC"
390829;2021-08-27;"sexta-feira";"14:30:00";"PR";476;100;"BOCAIUVA DO SUL";"Velocidade Incompatível";"Tombamento";"Com Vítimas Feridas";"Pleno dia";"Decrescente";"Ignorado";"Simples";"Reta";"Não";2;0;1;0;0;1;1;2;-25,28048695;-49,14084524;"SPRF-PR";"DEL01-PR";"UOP02-DEL01-PR"
390838;2021-10-20;"quarta-feira";"15:00:00";"MG";381;708,2;"NEPOMUCENO";"Condutor deixou de manter distância do veículo da frente";"Engavetamento";"Com Vítimas Feridas";"Pleno dia";"Crescente";"Nublado";"Dupla";"Aclive;Reta";"Não";5;0;1;1;2;2;2;5;-21,37741875;-45,19408464;"SPRF-MG";"DEL04-MG";"UOP02-DEL04-MG"
390841;2021-10-20;"quarta-feira";"13:45:00";"RS";468;95,5;"TRES PASSOS";"Acessar a via sem observar a presença dos outros veículos";"Colisão transversal";"Com Vítimas Feridas";"Pleno dia";"Crescente";"Sol";"Simples";"Reta";"Não";3;0;0;1;1;1;1;3;-27,50437201;-53,88517025;"SPRF-RS";"DEL08-RS";"UOP02-DEL08-RS"