"id";"data_inversa";"dia_semana";"horario";"uf";"br";"km";"municipio";"causa_acidente";"tipo_acidente";"classificacao_acidente";"fase_dia";"sentido_via";"condicao_metereologica";"tipo_pista";"tracado_via";"uso_solo";"pessoas";"mortos";"feridos_leves";"feridos_graves";"ilesos";"ignorados";"feridos";"veiculos";"latitude";"longitude";"regional";"delegacia";"uop"
391479;2021-10-08;"sexta-feira";"07:00:00";"PR";272;368,5;"CAMPO MOURAO";"Desrespeitar a preferência no cruzamento";"Colisão transversal";"Com Vítimas Feridas";"Pleno dia";"Crescente";"Céu Claro";"Simples";"Interseção de Vias";"Sim";4;0;2;0;1;1;2;3;-24,05475193;-52,41061403;"SPRF-PR";"DEL09-PR";"UOP03-DEL09-PR"
391481;2021-10-23;"sábado";"16:50:00";"RO";364;167,2;"PIMENTA BUENO";"Ingestão de álcool pelo condutor";"Colisão frontal";"Sem Vítimas";"Pleno dia";"Crescente";"Sol";"Simples";"Reta";"Não";4;0;0;0;3;1;0;3;-11,86903011;-61,00063714;"SPRF-RO";"DEL02-RO";"UOP02-DEL02-RO"
391483;2021-10-23;"sábado";"20:00:00";"SP";381;59;"MAIRIPORA";"Entrada inopinada do pedestre";"Atropelamento de Pedestre";"Com Vítimas Feridas";"Plena Noite";"Decrescente";"Céu Claro";"Múltipla";"Curva";"Não";3;0;0;1;1;2;1;4;-23,28270705;-46,58787791;"SPRF-SP";"DEL03-SP";"UOP01-DEL03-SP"
391497;2021-10-23;"sábado";"19:10:00";"SC";116;208,1;"PONTE ALTA";"Velocidade Incompatível";"Colisão frontal";"Com Vítimas Fatais";"Plena Noite";"Crescente";"Chuva";"Dupla";"Interseção de Vias;Declive;Reta";"Sim";12;1;3;4;3;1;7;6;-27,4897408;-50,3755616;"SPRF-SC";"DEL05-SC";"UOP03-DEL05-SC"
391498;2021-10-23;"sábado";"20:15:00";"AL";104;24;"UNIAO DOS PALMARES";"Ingestão de álcool pelo condutor";"Colisão traseira";"Com Vítimas Feridas";"Plena Noite";"Crescente";"Céu Claro";"Simples";"Curva";"Não";3;0;2;0;1;0;2;2;-9,08162599;-36,04987705;"SPRF-AL";"DEL01-AL";"UOP02-DEL01-AL"
391502;2021-10-23;"sábado";"21:33:00";"RS";386;343,5;"LAJEADO";"Desrespeitar a preferência no cruzamento";"Colisão transversal";"Com Vítimas Feridas";"Plena Noite";"Crescente";"Céu Claro";"Simples";"Reta";"Sim";5;0;2;0;2;2;2;4;-29,434835;-52,002365;"SPRF-RS";"DEL04-RS";"UOP01-DEL04-RS"
391508;2021-10-23;"sábado";"19:20:00";"PR";277;106;"CAMPO LARGO";"Chuva";"Saída de leito carroçável";"Com Vítimas Feridas";"Plena Noite";"Crescente";"Chuva";"Dupla";"Reta";"Sim";3;0;3;0;0;0;3;2;-25,47984808;-49,3494472;"SPRF-PR";"DEL01-PR";"UOP03-DEL03-PR"
391509;2021-10-23;"sábado";"20:15:00";"MT";364;605;"DIAMANTINO";"Curva acentuada";"Colisão frontal";"Com Vítimas Fatais";"Plena Noite";"Crescente";"Céu Claro";"Simples";"Curva";"Não";2;1;0;0;1;0;0;2;-14,46659648;-56,2469101;"SPRF-MT";"DEL01-MT";"UOP01-DEL01-MT"
391514;2021-10-23;"sábado";"20:15:00";"RS";153;8,7;"MARCELINO RAMOS";"Ingestão de álcool pelo condutor";"Colisão transversal";"Sem Vítimas";"Plena Noite";"Crescente";"Nublado";"Simples";"Curva";"Não";4;0;0;0;3;2;0;5;-27,42579874;-52,02885343;"SPRF-RS";"DEL08-RS";"UOP04-DEL08-RS"
391536;2021-10-23;"sábado";"21:05:00";"MG";40;736,3;"SANTOS DUMONT";"Velocidade Incompatível";"Saída de leito carroçável";"Sem Vítimas";"Plena Noite";"Crescente";"Céu Claro";"Simples";"Curva";"Não";2;0;0;0;1;1;0;2;-21,3760951575;-43,5699370083;"SPRF-MG";"DEL05-MG";"UOP01-DEL05-MG"
391538;2021-10-23;"sábado";"21:40:00";"RJ";101;204,9;"CASIMIRO DE ABREU";"Pedestre cruzava a pista fora da faixa";"Atropelamento de Pedestre";"Com Vítimas Fatais";"Plena Noite";"Crescente";"Céu Claro";"Dupla";"Reta";"Não";4;1;0;0;1;2;0;3;-22,47451129;-42,18198196;"SPRF-RJ";"DEL08-RJ";"UOP04-DEL08-RJ"
391541;2021-10-23;"sábado";"22:00:00";"BA";116;576;"NOVA ITARANA";"Ultrapassagem Indevida";"Colisão frontal";"Com Vítimas Feridas";"Plena Noite";"Crescente";"Garoa/Chuvisco";"Simples";"Curva";"Não";3;0;1;0;1;1;1;3;-13,05560097;-39,95874093;"SPRF-BA";"DEL03-BA";"UOP02-DEL03-BA"
391543;2021-10-23;"sábado";"21:00:00";"GO";452;163;"ITUMBIARA";"Estacionar ou parar em local proibido";"Colisão traseira";"Com Vítimas Feridas";"Plena Noite";"Crescente";"Céu Claro";"Simples";"Declive";"Não";3;0;0;1;1;3;1;5;-18,31919712;-49,48286905;"SPRF-GO";"DEL03-GO";"UOP02-DEL03-GO"
391544;2021-10-23;"sábado";"23:45:00";"MG";40;509,8;"RIBEIRAO DAS NEVES";"Ausência de reação do condutor";"Colisão traseira";"Com Vítimas Feridas";"Plena Noite";"Decrescente";"Nublado";"Dupla";"Reta";"Sim";3;0;1;1;1;0;2;2;-19,76728744;-44,12855905;"SPRF-MG";"DEL01-MG";"UOP02-DEL01-MG"
391546;2021-10-23;"sábado";"19:45:00";"MA";230;316;"SAO RAIMUNDO DAS MANGABEIRAS";"Acessar a via sem observar a presença dos outros veículos";"Colisão lateral mesmo sentido";"Com Vítimas Fatais";"Plena Noite";"Crescente";"Céu Claro";"Simples";"Reta";"Sim";2;1;0;0;1;0;0;2;-7,02658868;-45,48883921;"SPRF-MA";"DEL05-MA";"UOP01-DEL05-MA"
391548;2021-10-24;"domingo";"00:50:00";"ES";101;338,8;"GUARAPARI";"Ultrapassagem Indevida";"Colisão frontal";"Com Vítimas Fatais";"Plena Noite";"Crescente";"Céu Claro";"Simples";"Curva";"Não";4;1;2;0;0;1;2;4;-20,64096725;-40,54947691;"SPRF-ES";"DEL03-ES";"UOP01-DEL03-ES"
391554;2021-10-24;"domingo";"01:30:00";"SP";116;311;"SAO LOURENCO DA SERRA";"Ausência de reação do condutor";"Tombamento";"Com Vítimas Feridas";"Plena Noite";"Crescente";"Chuva";"Dupla";"Reta";"Não";7;0;5;0;1;1;5;4;-23,87725502;-46,96775798;"SPRF-SP";"DEL04-SP";"UOP01-DEL04-SP"
391555;2021-10-23;"sábado";"23:30:00";"RR";174;362;"CARACARAI";"Transitar na contramão";"Colisão frontal";"Com Vítimas Fatais";"Plena Noite";"Decrescente";"Céu Claro";"Simples";"Reta";"Não";2;1;0;0;0;1;0;2;1,810039;-61,149437;"SPRF-RR";"DEL01-RR";"UOP01-DEL01-RR"
391557;2021-10-24;"domingo";"00:40:00";"PR";116;157;"QUITANDINHA";"Condutor Dormindo";"Colisão lateral sentido oposto";"Com Vítimas Feridas";"Plena Noite";"Crescente";"Chuva";"Simples";"Curva";"Não";3;0;0;1;1;2;1;4;-25,86771116;-49,36469855;"SPRF-PR";"DEL01-PR";"UOP03-DEL01-PR"
391559;2021-10-23;"sábado";"19:50:00";"TO";153;529,1;"PUGMIL";"Reação tardia ou ineficiente do condutor";"Colisão traseira";"Com Vítimas Feridas";"Plena Noite";"Crescente";"Céu Claro";"Simples";"Reta";"Não";3;0;1;0;1;2;1;4;-10,462549;-48,90229402;"SPRF-TO";"DEL01-TO";"UOP01-DEL01-TO"
391561;2021-10-24;"domingo";"02:30:00";"SP";116;454;"REGISTRO";"Reação tardia ou ineficiente do condutor";"Saída de leito carroçável";"Com Vítimas Feridas";"Plena Noite";"Crescente";"Chuva";"Dupla";"Reta";"Não";2;0;1;0;0;1;1;2;-24,56704392;-47,87450304;"SPRF-SP";"DEL05-SP";"UOP01-DEL05-SP"
391562;2021-10-23;"sábado";"23:45:00";"GO";80;28,8;"PADRE BERNARDO";"Condutor Dormindo";"Colisão frontal";"Com Vítimas Feridas";"Plena Noite";"Crescente";"Céu Claro";"Simples";"Curva";"Não";3;0;2;0;0;1;2;3;-15,311127;-48,227449;"SPRF-DF";"DEL03-DF";"UOP02-DEL03-DF"
391563;2021-10-24;"domingo";"01:10:00";"BA";101;106;"ALAGOINHAS";"Acessar a via sem observar a presença dos outros veículos";"Colisão transversal";"Com Vítimas Feridas";"Plena Noite";"Crescente";"Céu Claro";"Simples";"Reta";"Sim";2;0;0;1;1;0;1;2;-12,15963868;-38,41162324;"SPRF-BA";"DEL01-BA";"UOP04-DEL01-BA"
391567;2021-10-24;"domingo";"03:03:00";"SC";101;40,4;"JOINVILLE";"Manobra de mudança de faixa";"Colisão traseira";"Com Vítimas Feridas";"Plena Noite";"Crescente";"Nublado";"Dupla";"Reta";"Sim";3;0;1;0;1;2;1;4;-26,31105019;-48,87669861;"SPRF-SC";"DEL03-SC";"UOP01-DEL03-SC"
391573;2021-10-24;"domingo";"02:20:00";"CE";222;128;"ITAPAJE";"Ingestão de álcool pelo condutor";"Tombamento";"Sem Vítimas";"Plena Noite";"Crescente";"Céu Claro";"Simples";"Curva";"Não";1;0;0;0;1;0;0;1;-3,70427286;-39,61528609;"SPRF-CE";"DEL04-CE";"UOP03-DEL04-CE"
391584;2021-10-24;"domingo";"05:08:00";"SC";101;215;"PALHOCA";"Acessar a via sem observar a presença dos outros veículos";"Colisão transversal";"Sem Vítimas";"Amanhecer";"Decrescente";"Nublado";"Dupla";"Curva";"Sim";2;0;0;0;1;1;0;2;-27,65184843;-48,67604941;"SPRF-SC";"DEL01-SC";"UOP02-DEL01-SC"
391590;2021-10-24;"domingo";"03:40:00";"MG";381;531;"ITATIAIUCU";"Condutor Dormindo";"Saída de leito carroçável";"Com Vítimas Feridas";"Plena Noite";"Crescente";"Nublado";"Dupla";"Declive;Curva";"Não";2;0;2;0;0;0;2;1;-20,16289645;-44,35852099;"SPRF-MG";"DEL04-MG";"UOP03-DEL04-MG"
391604;2021-10-24;"domingo";"06:10:00";"MG";365;661,6;"MONTE ALEGRE DE MINAS";"Ausência de reação do condutor";"Saída de leito carroçável";"Com Vítimas Feridas";"Amanhecer";"Decrescente";"Nublado";"Dupla";"Curva";"Não";1;0;1;0;0;0;1;1;-18,89429328;-48,65210897;"SPRF-MG";"DEL15-MG";"UOP01-DEL15-MG"
391606;2021-10-23;"sábado";"12:40:00";"MG";365;649;"UBERLANDIA";"Obras na pista";"Tombamento";"Sem Vítimas";"Pleno dia";"Crescente";"Céu Claro";"Dupla";"Reta";"Não";1;0;0;0;1;0;0;1;-18,87111351;-48,5495801;"SPRF-MG";"DEL15-MG";"UOP01-DEL15-MG"
391610;2021-10-04;"segunda-feira";"20:55:00";"PR";376;666;"GUARATUBA";"Demais falhas mecânicas ou elétricas";"Incêndio";"Sem Vítimas";"Plena Noite";"Decrescente";"Chuva";"Dupla";"Reta";"Não";1;0;0;0;1;0;0;1;-25,859679;-48,937718;"SPRF-PR";"DEL01-PR";"UOP04-DEL01-PR"
391612;2021-10-24;"domingo";"07:30:00";"ES";101;372;"ICONHA";"Transitar na contramão";"Colisão frontal";"Com Vítimas Feridas";"Pleno dia";"Crescente";"Céu Claro";"Simples";"Reta";"Não";3;0;0;1;1;1;1;3;-20,77215419;-40,77695658;"SPRF-ES";"DEL03-ES";"UOP01-DEL03-ES"
391618;2021-10-22;"sexta-feira";"05:50:00";"GO";60;270,8;"INDIARA";"Condutor Dormindo";"Saída de leito carroçável";"Com Vítimas Feridas";"Amanhecer";"Crescente";"Céu Claro";"Dupla";"Reta";"Não";1;0;1;0;0;0;1;1;-17,2071;-50,1212;"SPRF-GO";"DEL01-GO";"UOP02-DEL01-GO"
391620;2021-10-23;"sábado";"17:50:00";"PR";476;271,2;"SAO MATEUS DO SUL";"Mal súbito do condutor";"Saída de leito carroçável";"Com Vítimas Feridas";"Anoitecer";"Decrescente";"Chuva";"Simples";"Reta";"Não";1;0;0;1;0;0;1;1;-25,89579;-50,348907;"SPRF-PR";"DEL02-PR";"UOP04-DEL02-PR"
391628;2021-10-16;"sábado";"02:45:00";"RS";116;267;"CANOAS";"Acesso irregular";"Colisão lateral mesmo sentido";"Com Vítimas Feridas";"Plena Noite";"Decrescente";"Chuva";"Múltipla";"Reta";"Sim";2;0;1;0;1;0;1;2;-29,94142398;-51,17697062;"SPRF-RS";"DEL01-RS";"UOP01-DEL01-RS"
391631;2021-10-24;"domingo";"10:00:00";"MG";381;904,3;"CAMBUI";"Velocidade Incompatível";"Engavetamento";"Com Vítimas Fatais";"Pleno dia";"Decrescente";"Garoa/Chuvisco";"Dupla";"Reta";"Não";4;1;0;0;2;2;0;5;-22,65237811;-46,08865788;"SPRF-MG";"DEL16-MG";"UOP03-DEL16-MG"
391632;2021-10-24;"domingo";"09:00:00";"SP";116;310;"SAO LOURENCO DA SERRA";"Mal súbito do condutor";"Saída de leito carroçável";"Com Vítimas Feridas";"Pleno dia";"Decrescente";"Céu Claro";"Dupla";"Reta";"Não";2;0;1;0;0;2;1;3;-23,8717102;-46,96137189;"SPRF-SP";"DEL04-SP";"UOP01-DEL04-SP"
391635;2021-09-25;"sábado";"04:30:00";"RO";364;15;"VILHENA";"Ausência de reação do condutor";"Colisão transversal";"Com Vítimas Feridas";"Amanhecer";"Decrescente";"Nublado";"Simples";"Interseção de Vias";"Sim";3;0;1;0;1;1;1;3;-12,73672751;-60,14804088;"SPRF-RO";"DEL04-RO";"UOP01-DEL04-RO"
391653;2021-10-24;"domingo";"12:19:00";"RJ";393;136;"SAPUCAIA";"Velocidade Incompatível";"Colisão frontal";"Com Vítimas Feridas";"Pleno dia";"Crescente";"Chuva";"Simples";"Curva";"Não";4;0;1;1;1;1;2;3;-21,99441468;-42,91350614;"SPRF-RJ";"DEL05-RJ";"UOP01-DEL05-RJ"
391656;2021-10-24;"domingo";"12:00:00";"MT";364;209,1;"RONDONOPOLIS";"Velocidade Incompatível";"Saída de leito carroçável";"Com Vítimas Feridas";"Pleno dia";"Crescente";"Chuva";"Dupla";"Reta";"Sim";2;0;1;0;0;2;1;3;-16,42894942;-54,6933816;"SPRF-MT";"DEL02-MT";"UOP01-DEL02-MT"
391660;2021-10-24;"domingo";"10:45:00";"PR";277;344,1;"GUARAPUAVA";"Velocidade Incompatível";"Tombamento";"Sem Vítimas";"Pleno dia";"Decrescente";"Céu Claro";"Dupla";"Viaduto";"Sim";2;0;0;0;1;1;0;2;-25,33983719;-51,43060684;"SPRF-PR";"DEL08-PR";"UOP01-DEL08-PR"
391693;2021-10-24;"domingo";"17:10:00";"SP";153;79,5;"BADY BASSITT";"Frear bruscamente";"Tombamento";"Com Vítimas Feridas";"Pleno dia";"Decrescente";"Nublado";"Simples";"Em Obras;Declive;Reta";"Não";6;0;4;0;1;3;4;7;-20,90672129;-49,4709489;"SPRF-SP";"DEL09-SP";"UOP01-DEL09-SP"
391707;2021-10-24;"domingo";"17:45:00";"PB";101;96,2;"JOAO PESSOA";"Conversão proibida";"Colisão transversal";"Com Vítimas Feridas";"Plena Noite";"Crescente";"Céu Claro";"Dupla";"Reta";"Não";2;0;0;1;1;0;1;2;-7,23846306;-34,9268519;"SPRF-PB";"DEL01-PB";"UOP02-DEL01-PB"
391708;2021-10-24;"domingo";"18:00:00";"BA";324;436;"RIACHAO DO JACUIPE";"Ingestão de álcool pelo condutor";"Colisão frontal";"Com Vítimas Feridas";"Anoitecer";"Crescente";"Céu Claro";"Simples";"Reta";"Sim";3;0;0;1;1;1;1;3;-11,79808222;-39,40698367;"SPRF-BA";"DEL04-BA";"UOP02-DEL04-BA"
391729;2021-10-24;"domingo";"18:40:00";"BA";116;748,7;"POCOES";"Manobra de mudança de faixa";"Colisão frontal";"Com Vítimas Fatais";"Plena Noite";"Decrescente";"Céu Claro";"Simples";"Curva";"Não";4;1;0;0;2;1;0;4;-14,414584;-40,35219897;"SPRF-BA";"DEL08-BA";"UOP02-DEL08-BA"
391742;2021-10-24;"domingo";"17:05:00";"PR";277;351,3;"GUARAPUAVA";"Animais na Pista";"Atropelamento de Animal";"Com Vítimas Feridas";"Pleno dia";"Decrescente";"Céu Claro";"Simples";"Reta";"Não";3;0;1;0;1;1;1;3;-25,390621;-51,521241;"SPRF-PR";"DEL08-PR";"UOP01-DEL08-PR"
391745;2021-10-24;"domingo";"17:35:00";"PR";163;147;"CAPITAO LEONIDAS MARQUES";"Ultrapassagem Indevida";"Tombamento";"Com Vítimas Feridas";"Pleno dia";"Decrescente";"Céu Claro";"Simples";"Curva";"Sim";2;0;1;0;0;1;1;2;-25,44415695;-53,57850109;"SPRF-PR";"DEL05-PR";"UOP05-DEL05-PR"
391747;2021-10-24;"domingo";"17:45:00";"AL";101;46,4;"FLEXEIRAS";"Acostamento em desnível";"Tombamento";"Sem Vítimas";"Anoitecer";"Decrescente";"Céu Claro";"Dupla";"Reta";"Não";2;0;0;0;1;1;0;2;-9,20881594;-35,78213197;"SPRF-AL";"DEL01-AL";"UOP02-DEL01-AL"
391749;2021-10-24;"domingo";"20:30:00";"ES";101;266,9;"SERRA";"Reação tardia ou ineficiente do condutor";"Colisão com objeto";"Sem Vítimas";"Plena Noite";"Decrescente";"Céu Claro";"Múltipla";"Reta";"Sim";1;0;0;0;1;0;0;1;-20,190199;-40,26828891;"SPRF-ES";"DEL02-ES";"UOP01-DEL02-ES"
391753;2021-10-24;"domingo";"06:20:00";"GO";364;371;"MINEIROS";"Demais falhas mecânicas ou elétricas";"Incêndio";"Sem Vítimas";"Pleno dia";"Crescente";"Garoa/Chuvisco";"Simples";"Reta;Declive";"Não";2;0;0;0;1;1;0;2;-17,373547;-53,085621;"SPRF-GO";"DEL05-GO";"UOP01-DEL05-GO"
391756;2021-10-24;"domingo";"20:50:00";"GO";40;80;"CRISTALINA";"Reação tardia ou ineficiente do condutor";"Atropelamento de Pedestre";"Com Vítimas Fatais";"Plena Noite";"Decrescente";"Céu Claro";"Simples";"Declive";"Não";3;1;0;0;1;1;0;3;-16,669464;-47,713391;"SPRF-DF";"DEL01-DF";"UOP02-DEL01-DF"
391757;2021-10-24;"domingo";"16:00:00";"RO";364;799;"PORTO VELHO";"Ingestão de álcool pelo condutor";"Colisão frontal";"Com Vítimas Feridas";"Pleno dia";"Crescente";"Céu Claro";"Simples";"Ponte";"Sim";2;0;0;1;1;0;1;2;-9,257213;-64,38678;"SPRF-RO";"DEL01-RO";"UOP02-DEL01-RO"
391762;2021-10-24;"domingo";"19:30:00";"MG";365;625;"UBERLANDIA";"Manobra de mudança de faixa";"Colisão lateral mesmo sentido";"Sem Vítimas";"Plena Noite";"Crescente";"Céu Claro";"Dupla";"Reta";"Sim";2;0;0;0;2;0;0;2;-18,905978;-48,320641;"SPRF-MG";"DEL15-MG";"UOP01-DEL15-MG"
391765;2021-10-24;"domingo";"19:00:00";"MA";230;424;"BALSAS";"Ausência de reação do condutor";"Colisão traseira";"Com Vítimas Fatais";"Plena Noite";"Decrescente";"Céu Claro";"Simples";"Reta";"Não";3;1;0;0;1;1;0;3;-7,46693611;-46,21202704;"SPRF-MA";"DEL05-MA";"UOP01-DEL05-MA"
391767;2021-10-24;"domingo";"13:30:00";"CE";116;388,5;"ICO";"Reação tardia ou ineficiente do condutor";"Tombamento";"Com Vítimas Feridas";"Pleno dia";"Decrescente";"Sol";"Simples";"Reta";"Não";1;0;1;0;0;0;1;1;-6,49348504;-38,86006083;"SPRF-CE";"DEL05-CE";"UOP01-DEL05-CE"
391779;2021-10-24;"domingo";"13:40:00";"PI";135;380;"BOM JESUS";"Acostamento em desnível";"Saída de leito carroçável";"Com Vítimas Feridas";"Pleno dia";"Decrescente";"Céu Claro";"Simples";"Reta";"Não";2;0;1;0;0;2;1;3;-9,27603487;-44,48852519;"SPRF-PI";"DEL03-PI";"UOP02-DEL03-PI"
391784;2021-10-24;"domingo";"20:00:00";"MA";10;205;"RIBAMAR FIQUENE";"Ingestão de álcool pelo condutor";"Colisão lateral mesmo sentido";"Com Vítimas Feridas";"Plena Noite";"Decrescente";"Ignorado";"Simples";"Declive";"Não";3;0;0;1;2;0;1;2;-5,922068;-47,379395;"SPRF-MA";"DEL04-MA";"UOP01-DEL04-MA"
391785;2021-10-24;"domingo";"23:30:00";"AL";101;46,1;"FLEXEIRAS";"Acostamento em desnível";"Tombamento";"Com Vítimas Feridas";"Plena Noite";"Decrescente";"Céu Claro";"Dupla";"Reta";"Não";1;0;1;0;0;0;1;1;-9,20881594;-35,78213197;"SPRF-AL";"DEL01-AL";"UOP02-DEL01-AL"
391786;2021-10-24;"domingo";"23:00:00";"RJ";116;330;"RESENDE";"Demais falhas mecânicas ou elétricas";"Incêndio";"Sem Vítimas";"Plena Noite";"Crescente";"Chuva";"Dupla";"Reta";"Não";2;0;0;0;1;1;0;2;-22,50454219;-44,61629;"SPRF-RJ";"DEL07-RJ";"UOP02-DEL07-RJ"
391792;2021-10-25;"segunda-feira";"00:05:00";"BA";116;409,2;"FEIRA DE SANTANA";"Acessar a via sem observar a presença dos outros veículos";"Colisão traseira";"Com Vítimas Fatais";"Plena Noite";"Decrescente";"Céu Claro";"Dupla";"Aclive";"Não";5;1;1;2;1;0;3;2;-12,112142;-38,96856;"SPRF-BA";"DEL02-BA";"UOP01-DEL02-BA"
391800;2021-10-25;"segunda-feira";"01:30:00";"CE";222;310,3;"TIANGUA";"Ingestão de álcool pelo condutor";"Colisão transversal";"Sem Vítimas";"Plena Noite";"Decrescente";"Nublado";"Simples";"Em Obras;Reta";"Sim";4;0;0;0;2;2;0;2;-3,70670595;-40,97707006;"SPRF-CE";"DEL04-CE";"UOP02-DEL04-CE"
391813;2021-10-25;"segunda-feira";"04:30:00";"MG";381;889;"CAMBUI";"Velocidade Incompatível";"Colisão com objeto";"Com Vítimas Feridas";"Plena Noite";"Crescente";"Chuva";"Dupla";"Curva";"Não";1;0;1;0;0;0;1;1;-22,57874206;-46,04473491;"SPRF-MG";"DEL16-MG";"UOP03-DEL16-MG"
391814;2021-10-25;"segunda-feira";"04:30:00";"BA";116;626;"JAGUAQUARA";"Carga excessiva e/ou mal acondicionada";"Saída de leito carroçável";"Com Vítimas Feridas";"Plena Noite";"Decrescente";"Ignorado";"Simples";"Curva";"Não";1;0;1;0;0;0;1;1;-13,41762504;-40,02645873;"SPRF-BA";"DEL03-BA";"UOP01-DEL03-BA"
391816;2021-10-24;"domingo";"18:30:00";"BA";242;425;"SEABRA";"Ingestão de álcool pelo condutor";"Colisão lateral sentido oposto";"Com Vítimas Feridas";"Plena Noite";"Crescente";"Nublado";"Simples";"Curva";"Não";3;0;1;0;1;1;1;3;-12,40807731;-41,85413361;"SPRF-BA";"DEL06-BA";"UOP01-DEL06-BA"
391818;2021-10-25;"segunda-feira";"05:40:00";"SC";470;128,7;"LONTRAS";"Condutor Dormindo";"Saída de leito carroçável";"Com Vítimas Feridas";"Amanhecer";"Crescente";"Nublado";"Simples";"Curva";"Sim";3;0;1;1;0;1;2;2;-27,148499;-49,556137;"SPRF-SC";"DEL04-SC";"UOP02-DEL04-SC"
391832;2021-10-25;"segunda-feira";"01:30:00";"SC";470;266,7;"CURITIBANOS";"Velocidade Incompatível";"Tombamento";"Com Vítimas Feridas";"Plena Noite";"Crescente";"Céu Claro";"Simples";"Curva";"Não";2;0;0;1;0;1;1;2;-27,31405277;-50,73215961;"SPRF-SC";"DEL05-SC";"UOP03-DEL05-SC"
391838;2021-10-22;"sexta-feira";"00:00:00";"MG";50;149;"UBERABA";"Condutor Dormindo";"Saída de leito carroçável";"Com Vítimas Feridas";"Plena Noite";"Crescente";"Céu Claro";"Dupla";"Reta";"Não";2;0;2;0;0;0;2;1;-19,55574501;-48,03471604;"SPRF-MG";"DEL13-MG";"UOP01-DEL13-MG"
391848;2021-09-01;"quarta-feira";"16:26:00";"BA";116;10,8;"VITORIA DA CONQUISTA";"Desrespeitar a preferência no cruzamento";"Colisão transversal";"Com Vítimas Feridas";"Pleno dia";"Decrescente";"Nublado";"Simples";"Curva";"Sim";3;0;2;0;1;0;2;2;-14,86502595;-40,87234151;"SPRF-BA";"DEL08-BA";"UOP01-DEL08-BA"
391851;2021-10-25;"segunda-feira";"08:55:00";"PR";376;503;"PONTA GROSSA";"Condutor deixou de manter distância do veículo da frente";"Colisão lateral mesmo sentido";"Sem Vítimas";"Pleno dia";"Crescente";"Céu Claro";"Dupla";"Reta";"Não";4;0;0;0;3;2;0;4;-25,17417999;-50,10450309;"SPRF-PR";"DEL03-PR";"UOP01-DEL03-PR"
391855;2021-10-25;"segunda-feira";"09:50:00";"SC";101;46;"JOINVILLE";"Reação tardia ou ineficiente do condutor";"Colisão traseira";"Com Vítimas Feridas";"Pleno dia";"Decrescente";"Sol";"Dupla";"Reta";"Sim";3;0;0;1;2;0;1;3;-26,35638181;-48,85873318;"SPRF-SC";"DEL03-SC";"UOP01-DEL03-SC"
391857;2021-10-25;"segunda-feira";"09:15:00";"MT";364;390,3;"CUIABA";"Ausência de reação do condutor";"Saída de leito carroçável";"Com Vítimas Feridas";"Pleno dia";"Decrescente";"Céu Claro";"Dupla";"Reta";"Não";2;0;1;0;0;2;1;3;-15,70146652;-55,854652;"SPRF-MT";"DEL01-MT";"UOP02-DEL01-MT"
391858;2021-10-25;"segunda-feira";"10:20:00";"GO";40;32;"LUZIANIA";"Entrada inopinada do pedestre";"Atropelamento de Pedestre";"Com Vítimas Fatais";"Pleno dia";"Decrescente";"Céu Claro";"Dupla";"Reta";"Não";2;1;1;0;0;0;1;2;-16,291947;-47,852139;"SPRF-DF";"DEL01-DF";"UOP01-DEL01-DF"
391860;2021-10-25;"segunda-feira";"07:00:00";"MA";135;40;"BACABEIRA";"Ausência de reação do condutor";"Tombamento";"Com Vítimas Fatais";"Pleno dia";"Decrescente";"Céu Claro";"Dupla";"Reta";"Não";3;1;0;1;1;0;1;1;-2,89345676;-44,37292277;"SPRF-MA";"DEL01-MA";"UOP01-DEL01-MA"
391864;2021-10-25;"segunda-feira";"10:15:00";"MT";163;682;"LUCAS DO RIO VERDE";"Reação tardia ou ineficiente do condutor";"Saída de leito carroçável";"Com Vítimas Feridas";"Pleno dia";"Crescente";"Céu Claro";"Simples";"Reta";"Não";2;0;1;0;0;3;1;4;-13,22456585;-56,00445635;"SPRF-MT";"DEL06-MT";"UOP01-DEL06-MT"
391872;2021-10-25;"segunda-feira";"12:20:00";"SC";101;210;"SAO JOSE";"Desrespeitar a preferência no cruzamento";"Colisão transversal";"Com Vítimas Feridas";"Pleno dia";"Decrescente";"Céu Claro";"Dupla";"Interseção de Vias";"Sim";2;0;1;0;1;0;1;2;-27,6167305;-48,6457265;"SPRF-SC";"DEL01-SC";"UOP01-DEL01-SC"
391875;2021-10-25;"segunda-feira";"12:45:00";"CE";222;78;"SAO LUIS DO CURU";"Obras na pista";"Colisão traseira";"Com Vítimas Feridas";"Pleno dia";"Crescente";"Céu Claro";"Simples";"Reta";"Não";5;0;2;1;1;4;3;6;-3,67450817;-39,24610376;"SPRF-CE";"DEL04-CE";"UOP03-DEL04-CE"
391878;2021-10-25;"segunda-feira";"08:00:00";"SC";101;367,3;"ICARA";"Mal súbito do condutor";"Tombamento";"Com Vítimas Feridas";"Pleno dia";"Crescente";"Sol";"Simples";"Curva";"Não";2;0;1;0;0;2;1;3;-28,69145778;-49,16484911;"SPRF-SC";"DEL02-SC";"UOP01-DEL02-SC"
391879;2021-10-25;"segunda-feira";"12:50:00";"SC";101;338;"TUBARAO";"Demais falhas mecânicas ou elétricas";"Saída de leito carroçável";"Com Vítimas Feridas";"Pleno dia";"Crescente";"Céu Claro";"Dupla";"Reta";"Sim";1;0;1;0;0;0;1;1;-28,485725;-49,03726;"SPRF-SC";"DEL02-SC";"UOP01-DEL02-SC"
391880;2021-10-25;"segunda-feira";"11:00:00";"CE";20;379;"CAUCAIA";"Reação tardia ou ineficiente do condutor";"Colisão lateral sentido oposto";"Com Vítimas Feridas";"Pleno dia";"Crescente";"Céu Claro";"Simples";"Reta";"Não";4;0;0;1;2;1;1;4;-3,92375994;-38,8559921;"SPRF-CE";"DEL01-CE";"UOP01-DEL01-CE"