"id";"data_inversa";"dia_semana";"horario";"uf";"br";"km";"municipio";"causa_acidente";"tipo_acidente";"classificacao_acidente";"fase_dia";"sentido_via";"condicao_metereologica";"tipo_pista";"tracado_via";"uso_solo";"pessoas";"mortos";"feridos_leves";"feridos_graves";"ilesos";"ignorados";"feridos";"veiculos";"latitude";"longitude";"regional";"delegacia";"uop"
391881;2021-10-25;"segunda-feira";"12:35:00";"RJ";116;101;"GUAPIMIRIM";"Velocidade Incompatível";"Colisão lateral sentido oposto";"Com Vítimas Feridas";"Pleno dia";"Decrescente";"Nublado";"Simples";"Curva";"Não";3;0;1;0;1;1;1;3;-22,49374115;-43,00365418;"SPRF-RJ";"DEL04-RJ";"UOP02-DEL04-RJ"
391883;2021-10-25;"segunda-feira";"11:20:00";"MG";365;749,9;"ITUIUTABA";"Velocidade Incompatível";"Derramamento de carga";"Sem Vítimas";"Pleno dia";"Crescente";"Céu Claro";"Simples";"Ponte";"Sim";1;0;0;0;1;0;0;1;-18,93793339;-49,43876589;"SPRF-MG";"DEL15-MG";"UOP03-DEL15-MG"
391884;2021-10-25;"segunda-feira";"09:15:00";"PR";153;469;"PORTO VITORIA";"Ingestão de álcool pelo condutor";"Tombamento";"Sem Vítimas";"Pleno dia";"Crescente";"Sol";"Simples";"Declive;Curva";"Não";2;0;0;0;1;1;0;2;-26,28480586;-51,1968863;"SPRF-PR";"DEL02-PR";"UOP03-DEL02-PR"
391885;2021-10-17;"domingo";"20:30:00";"MT";174;381;"CONQUISTA DOESTE";"Transitar na contramão";"Colisão frontal";"Com Vítimas Feridas";"Plena Noite";"Crescente";"Céu Claro";"Simples";"Declive";"Não";4;0;0;2;1;1;2;3;-14,53238405;-59,55351204;"SPRF-MT";"DEL04-MT";"UOP01-DEL04-MT"
391886;2021-09-28;"terça-feira";"13:40:00";"PA";230;119;"MARABA";"Velocidade Incompatível";"Engavetamento";"Com Vítimas Feridas";"Pleno dia";"Crescente";"Chuva";"Múltipla";"Reta";"Sim";5;0;2;0;3;0;2;4;-5,35471774;-49,0923214;"SPRF-PA";"DEL03-PA";"UOP01-DEL03-PA"
391894;2021-10-25;"segunda-feira";"07:50:00";"RJ";116;221,5;"PIRAI";"Carga excessiva e/ou mal acondicionada";"Tombamento";"Sem Vítimas";"Pleno dia";"Decrescente";"Nublado";"Simples";"Curva";"Não";2;0;0;0;1;1;0;2;-22,67833196;-43,82137299;"SPRF-RJ";"DEL07-RJ";"UOP01-DEL07-RJ"
391900;2021-10-25;"segunda-feira";"13:00:00";"SC";282;23,6;"SANTO AMARO DA IMPERATRIZ";"Desrespeitar a preferência no cruzamento";"Colisão transversal";"Com Vítimas Fatais";"Pleno dia";"Crescente";"Céu Claro";"Simples";"Interseção de Vias";"Não";5;1;0;1;1;2;1;4;-27,6844727;-48,7436227;"SPRF-SC";"DEL01-SC";"UOP03-DEL01-SC"
391902;2021-10-25;"segunda-feira";"13:10:00";"PB";230;479,4;"MARIZOPOLIS";"Acessar a via sem observar a presença dos outros veículos";"Colisão transversal";"Com Vítimas Feridas";"Pleno dia";"Crescente";"Céu Claro";"Simples";"Reta";"Sim";3;0;0;1;1;1;1;3;-6,8431;-38,3315;"SPRF-PB";"DEL03-PB";"UOP03-DEL03-PB"
391905;2021-10-25;"segunda-feira";"15:05:00";"PR";153;44,2;"SANTO ANTONIO DA PLATINA";"Demais falhas mecânicas ou elétricas";"Colisão lateral sentido oposto";"Sem Vítimas";"Pleno dia";"Crescente";"Céu Claro";"Dupla";"Reta";"Sim";3;0;0;0;2;2;0;4;-23,31705036;-50,06892979;"SPRF-PR";"DEL07-PR";"UOP04-DEL07-PR"
391907;2021-10-25;"segunda-feira";"14:10:00";"BA";116;887,8;"CANDIDO SALES";"Transitar na contramão";"Colisão frontal";"Com Vítimas Fatais";"Pleno dia";"Crescente";"Nublado";"Simples";"Reta;Aclive";"Não";6;4;0;0;1;2;0;4;-15,26261389;-41,11937518;"SPRF-BA";"DEL08-BA";"UOP03-DEL08-BA"
391911;2021-10-25;"segunda-feira";"16:30:00";"PE";101;70,2;"RECIFE";"Manobra de mudança de faixa";"Colisão lateral mesmo sentido";"Com Vítimas Fatais";"Pleno dia";"Crescente";"Céu Claro";"Dupla";"Reta";"Não";4;1;0;1;1;1;1;3;-8,06776119;-34,94265074;"SPRF-PE";"DEL01-PE";"UOP01-DEL01-PE"
391914;2021-10-25;"segunda-feira";"17:30:00";"PR";376;2,5;"MANDAGUARI";"Acessar a via sem observar a presença dos outros veículos";"Colisão transversal";"Com Vítimas Feridas";"Pleno dia";"Decrescente";"Céu Claro";"Simples";"Reta";"Sim";3;0;1;0;1;1;1;3;-23,547966;-51,671265;"SPRF-PR";"DEL09-PR";"UOP01-DEL09-PR"
391919;2021-10-25;"segunda-feira";"17:55:00";"RS";285;302;"PASSO FUNDO";"Manobra de mudança de faixa";"Colisão frontal";"Com Vítimas Feridas";"Pleno dia";"Crescente";"Céu Claro";"Simples";"Curva";"Não";3;0;1;0;2;0;1;3;-28,220501;-52,45932;"SPRF-RS";"DEL08-RS";"UOP03-DEL08-RS"
391926;2021-10-25;"segunda-feira";"17:45:00";"MS";262;295;"CAMPO GRANDE";"Demais falhas mecânicas ou elétricas";"Colisão com objeto";"Com Vítimas Feridas";"Anoitecer";"Decrescente";"Céu Claro";"Simples";"Ponte";"Não";1;0;1;0;0;0;1;1;-20,50284284;-54,24925447;"SPRF-MS";"DEL01-MS";"UOP01-DEL01-MS"
391936;2021-10-25;"segunda-feira";"19:52:00";"MG";381;491,6;"BETIM";"Manobra de mudança de faixa";"Colisão lateral mesmo sentido";"Com Vítimas Feridas";"Plena Noite";"Crescente";"Nublado";"Múltipla";"Reta";"Sim";2;0;0;1;1;0;1;2;-19,95956954;-44,15418684;"SPRF-MG";"DEL01-MG";"UOP03-DEL01-MG"
391940;2021-10-25;"segunda-feira";"18:35:00";"MS";262;519;"AQUIDAUANA";"Reação tardia ou ineficiente do condutor";"Colisão traseira";"Com Vítimas Feridas";"Plena Noite";"Decrescente";"Céu Claro";"Simples";"Reta";"Não";4;0;1;0;2;2;1;4;-20,4031;-56,0789;"SPRF-MS";"DEL03-MS";"UOP01-DEL03-MS"
391944;2021-10-25;"segunda-feira";"16:00:00";"MG";262;557;"CORREGO DANTA";"Ultrapassagem Indevida";"Tombamento";"Com Vítimas Feridas";"Pleno dia";"Crescente";"Céu Claro";"Simples";"Reta";"Não";2;0;1;0;0;1;1;2;-19,71540283;-45,92939909;"SPRF-MG";"DEL08-MG";"UOP02-DEL08-MG"
391946;2021-10-25;"segunda-feira";"20:30:00";"PR";476;124;"CURITIBA";"Manobra de mudança de faixa";"Colisão traseira";"Sem Vítimas";"Plena Noite";"Decrescente";"Nublado";"Dupla";"Em Obras;Aclive;Reta";"Sim";2;0;0;0;0;2;0;2;-25,399845;-49,215855;"SPRF-PR";"DEL01-PR";"UOP03-DEL01-PR"
391949;2021-10-25;"segunda-feira";"20:00:00";"PR";369;37,8;"ANDIRA";"Conversão proibida";"Colisão transversal";"Com Vítimas Fatais";"Plena Noite";"Crescente";"Céu Claro";"Simples";"Reta";"Sim";3;1;1;0;1;0;1;2;-23,048771;-50,236949;"SPRF-PR";"DEL07-PR";"UOP01-DEL07-PR"
391950;2021-10-25;"segunda-feira";"17:25:00";"SC";280;52,3;"GUARAMIRIM";"Conversão proibida";"Colisão frontal";"Com Vítimas Feridas";"Pleno dia";"Crescente";"Sol";"Simples";"Interseção de Vias";"Sim";3;0;0;1;1;1;1;3;-26,47134134;-48,97157907;"SPRF-SC";"DEL03-SC";"UOP03-DEL03-SC"
391953;2021-10-25;"segunda-feira";"21:40:00";"GO";414;424,8;"ABADIANIA";"Condutor deixou de manter distância do veículo da frente";"Colisão lateral mesmo sentido";"Com Vítimas Feridas";"Plena Noite";"Decrescente";"Chuva";"Simples";"Reta";"Não";3;0;1;1;0;1;2;2;-16,15873679;-48,8884715;"SPRF-GO";"DEL02-GO";"UOP01-DEL02-GO"
391957;2021-10-25;"segunda-feira";"11:40:00";"MT";174;262;"VALE DE SAO DOMINGOS";"Ultrapassagem Indevida";"Colisão lateral sentido oposto";"Com Vítimas Feridas";"Pleno dia";"Decrescente";"Céu Claro";"Simples";"Reta";"Não";5;0;1;0;3;4;1;7;-15,4083236;-59,13607886;"SPRF-MT";"DEL04-MT";"UOP01-DEL04-MT"
391959;2021-10-25;"segunda-feira";"20:15:00";"MG";381;380;"SAO GONCALO DO RIO ABAIXO";"Velocidade Incompatível";"Colisão transversal";"Com Vítimas Feridas";"Plena Noite";"Decrescente";"Céu Claro";"Simples";"Reta";"Sim";4;0;0;1;1;2;1;4;-19,8315359;-43,37649498;"SPRF-MG";"DEL01-MG";"UOP01-DEL01-MG"
391961;2021-10-25;"segunda-feira";"18:00:00";"MG";381;167,4;"GOVERNADOR VALADARES";"Ultrapassagem Indevida";"Colisão frontal";"Com Vítimas Fatais";"Plena Noite";"Crescente";"Céu Claro";"Simples";"Reta";"Não";2;1;0;0;1;0;0;2;-18,95969298;-42,07583292;"SPRF-MG";"DEL06-MG";"UOP01-DEL06-MG"
391966;2021-10-25;"segunda-feira";"22:35:00";"SP";116;202;"ARUJA";"Demais falhas mecânicas ou elétricas";"Colisão traseira";"Com Vítimas Feridas";"Plena Noite";"Decrescente";"Nublado";"Múltipla";"Aclive";"Não";2;0;1;0;1;0;1;2;-23,40841652;-46,33910894;"SPRF-SP";"DEL01-SP";"UOP01-DEL01-SP"
391970;2021-10-25;"segunda-feira";"21:12:00";"SP";381;79;"SAO PAULO";"Reação tardia ou ineficiente do condutor";"Tombamento";"Com Vítimas Fatais";"Plena Noite";"Crescente";"Céu Claro";"Dupla";"Curva";"Não";2;1;0;0;0;1;0;2;-23,40319901;-46,57564699;"SPRF-SP";"DEL03-SP";"UOP01-DEL03-SP"
391971;2021-10-25;"segunda-feira";"23:10:00";"GO";60;175,4;"ABADIA DE GOIAS";"Condutor Dormindo";"Colisão com objeto";"Com Vítimas Feridas";"Plena Noite";"Crescente";"Chuva";"Múltipla";"Viaduto;Reta";"Não";1;0;1;0;0;0;1;1;-16,75480908;-49,43697453;"SPRF-GO";"DEL01-GO";"UOP02-DEL01-GO"
391972;2021-10-25;"segunda-feira";"15:40:00";"PA";10;127,8;"PARAGOMINAS";"Manobra de mudança de faixa";"Colisão frontal";"Com Vítimas Feridas";"Pleno dia";"Crescente";"Sol";"Simples";"Reta";"Não";3;0;0;1;2;0;1;2;-3,330319;-47,45843602;"SPRF-PA";"DEL02-PA";"UOP01-DEL02-PA"
391974;2021-10-26;"terça-feira";"00:30:00";"BA";242;418;"SEABRA";"Reação tardia ou ineficiente do condutor";"Colisão traseira";"Sem Vítimas";"Plena Noite";"Crescente";"Céu Claro";"Simples";"Aclive";"Não";3;0;0;0;2;2;0;4;-12,43218557;-41,80645406;"SPRF-BA";"DEL06-BA";"UOP01-DEL06-BA"
391976;2021-10-26;"terça-feira";"01:45:00";"GO";20;167;"ALVORADA DO NORTE";"Reação tardia ou ineficiente do condutor";"Colisão transversal";"Com Vítimas Feridas";"Plena Noite";"Crescente";"Nublado";"Simples";"Reta";"Não";4;0;2;0;1;1;2;3;-14,567964;-46,57032;"SPRF-DF";"DEL02-DF";"UOP03-DEL02-DF"
391978;2021-10-26;"terça-feira";"02:20:00";"PR";116;27;"CAMPINA GRANDE DO SUL";"Velocidade Incompatível";"Tombamento";"Sem Vítimas";"Plena Noite";"Crescente";"Nublado";"Dupla";"Curva";"Não";1;0;0;0;1;0;0;1;-25,10840189;-48,79505902;"SPRF-PR";"DEL01-PR";"UOP02-DEL01-PR"
391979;2021-10-26;"terça-feira";"03:10:00";"MG";356;276,6;"EUGENOPOLIS";"Velocidade Incompatível";"Tombamento";"Com Vítimas Fatais";"Plena Noite";"Crescente";"Nublado";"Simples";"Curva";"Não";3;1;1;0;0;1;1;2;-21,1259893;-42,27931031;"SPRF-MG";"DEL07-MG";"UOP02-DEL07-MG"
391980;2021-10-26;"terça-feira";"03:20:00";"PR";153;179;"VENTANIA";"Pista esburacada";"Colisão com objeto";"Com Vítimas Feridas";"Plena Noite";"Decrescente";"Céu Claro";"Simples";"Reta";"Não";4;0;1;0;2;1;1;4;-24,35194763;-50,31427853;"SPRF-PR";"DEL03-PR";"UOP02-DEL03-PR"
391981;2021-10-26;"terça-feira";"03:50:00";"RJ";101;299;"ITABORAI";"Condutor deixou de manter distância do veículo da frente";"Colisão traseira";"Sem Vítimas";"Plena Noite";"Crescente";"Céu Claro";"Múltipla";"Reta";"Sim";4;0;0;0;4;0;0;2;-22,77432673;-42,93823207;"SPRF-RJ";"DEL02-RJ";"UOP02-DEL02-RJ"
391983;2021-10-26;"terça-feira";"05:10:00";"RJ";116;224,5;"PIRAI";"Velocidade Incompatível";"Tombamento";"Sem Vítimas";"Amanhecer";"Decrescente";"Nevoeiro/Neblina";"Simples";"Reta";"Não";2;0;0;0;1;1;0;2;-22,68709335;-43,81058612;"SPRF-RJ";"DEL07-RJ";"UOP01-DEL07-RJ"
391990;2021-10-26;"terça-feira";"06:20:00";"SC";101;131,4;"BALNEARIO CAMBORIU";"Reação tardia ou ineficiente do condutor";"Colisão traseira";"Com Vítimas Feridas";"Pleno dia";"Decrescente";"Céu Claro";"Múltipla";"Reta";"Sim";2;0;1;0;1;0;1;2;-26,99064209;-48,66310912;"SPRF-SC";"DEL04-SC";"UOP03-DEL04-SC"
391995;2021-09-28;"terça-feira";"19:45:00";"CE";116;40;"HORIZONTE";"Animais na Pista";"Atropelamento de Animal";"Com Vítimas Feridas";"Plena Noite";"Crescente";"Céu Claro";"Dupla";"Curva";"Sim";3;0;1;0;1;1;1;3;-4,09496999;-38,50351984;"SPRF-CE";"DEL01-CE";"UOP02-DEL01-CE"
392003;2021-10-26;"terça-feira";"08:00:00";"MG";381;687,7;"LAVRAS";"Velocidade Incompatível";"Tombamento";"Com Vítimas Feridas";"Pleno dia";"Crescente";"Nublado";"Dupla";"Aclive;Retorno Regulamentado;Curva";"Não";2;0;1;0;0;1;1;2;-21,20874401;-45,12332598;"SPRF-MG";"DEL04-MG";"UOP02-DEL04-MG"
392004;2021-10-26;"terça-feira";"07:50:00";"MG";381;3;"BETIM";"Velocidade Incompatível";"Colisão lateral mesmo sentido";"Com Vítimas Feridas";"Pleno dia";"Decrescente";"Céu Claro";"Dupla";"Reta";"Sim";4;0;1;0;2;1;1;3;-19,96825;-44,198708;"SPRF-MG";"DEL01-MG";"UOP03-DEL01-MG"
392005;2021-10-26;"terça-feira";"08:20:00";"SC";101;214;"PALHOCA";"Reação tardia ou ineficiente do condutor";"Colisão lateral mesmo sentido";"Sem Vítimas";"Pleno dia";"Decrescente";"Céu Claro";"Múltipla";"Reta";"Sim";4;0;0;0;3;1;0;3;-27,64443;-48,67057;"SPRF-SC";"DEL01-SC";"UOP02-DEL01-SC"
392008;2021-10-26;"terça-feira";"08:15:00";"BA";324;590;"CANDEIAS";"Acessar a via sem observar a presença dos outros veículos";"Colisão traseira";"Com Vítimas Feridas";"Pleno dia";"Decrescente";"Nublado";"Dupla";"Reta";"Não";2;0;1;0;0;1;1;2;-12,67291202;-38,46908411;"SPRF-BA";"DEL01-BA";"UOP01-DEL01-BA"
392009;2021-10-25;"segunda-feira";"13:30:00";"PR";158;530,6;"PATO BRANCO";"Problema com o freio";"Colisão com objeto";"Sem Vítimas";"Pleno dia";"Decrescente";"Sol";"Simples";"Reta";"Sim";1;0;0;0;1;0;0;1;-26,19442709;-52,67299292;"SPRF-PR";"DEL02-PR";"UOP01-DEL02-PR"
392011;2021-10-26;"terça-feira";"08:44:00";"PR";116;102;"SAO JOSE DOS PINHAIS";"Manobra de mudança de faixa";"Colisão lateral mesmo sentido";"Sem Vítimas";"Pleno dia";"Crescente";"Céu Claro";"Dupla";"Reta";"Não";4;0;0;0;3;1;0;3;-25,550639;-49,15025;"SPRF-PR";"DEL01-PR";"UOP01-DEL01-PR"
392015;2021-10-26;"terça-feira";"09:10:00";"SE";101;8,5;"CEDRO DE SAO JOAO";"Restrição de visibilidade em curvas verticais";"Colisão traseira";"Com Vítimas Fatais";"Pleno dia";"Decrescente";"Céu Claro";"Dupla";"Declive;Reta";"Não";4;1;0;0;2;3;0;6;-10,267693;-36,86772;"SPRF-SE";"DEL02-SE";"UOP02-DEL02-SE"
392016;2021-10-26;"terça-feira";"07:50:00";"RJ";393;282,1;"VOLTA REDONDA";"Pista Escorregadia";"Colisão traseira";"Sem Vítimas";"Pleno dia";"Crescente";"Chuva";"Simples";"Ponte";"Sim";3;0;0;0;3;0;0;3;-22,48082784;-44,04047201;"SPRF-RJ";"DEL05-RJ";"UOP04-DEL05-RJ"
392022;2021-10-26;"terça-feira";"08:00:00";"BA";101;743,8;"ITABELA";"Demais falhas na via";"Colisão frontal";"Com Vítimas Feridas";"Pleno dia";"Crescente";"Sol";"Dupla";"Reta";"Não";4;0;1;0;3;0;1;2;-16,5600453;-39,566836;"SPRF-BA";"DEL09-BA";"UOP01-DEL09-BA"
392028;2021-10-26;"terça-feira";"08:00:00";"PR";376;674;"GUARATUBA";"Ausência de reação do condutor";"Colisão lateral mesmo sentido";"Com Vítimas Feridas";"Pleno dia";"Crescente";"Céu Claro";"Dupla";"Reta";"Não";3;0;1;0;1;1;1;3;-25,90851198;-48,92070682;"SPRF-PR";"DEL01-PR";"UOP04-DEL01-PR"
392032;2021-10-26;"terça-feira";"09:40:00";"SC";101;336,2;"TUBARAO";"Reação tardia ou ineficiente do condutor";"Colisão traseira";"Com Vítimas Feridas";"Pleno dia";"Decrescente";"Sol";"Dupla";"Ponte";"Sim";3;0;1;0;2;0;1;3;-28,4816134;-49,03452851;"SPRF-SC";"DEL02-SC";"UOP01-DEL02-SC"
392033;2021-10-26;"terça-feira";"11:10:00";"MG";365;750;"ITUIUTABA";"Manobra de mudança de faixa";"Capotamento";"Com Vítimas Feridas";"Pleno dia";"Decrescente";"Céu Claro";"Simples";"Declive";"Sim";2;0;1;0;1;0;1;2;-18,93793339;-49,43876589;"SPRF-MG";"DEL15-MG";"UOP03-DEL15-MG"
392036;2021-03-30;"terça-feira";"07:20:00";"CE";116;19;"FORTALEZA";"Reação tardia ou ineficiente do condutor";"Colisão lateral mesmo sentido";"Com Vítimas Feridas";"Pleno dia";"Decrescente";"Céu Claro";"Dupla";"Reta";"Sim";3;0;1;0;1;1;1;3;-3,91384397;-38,50667231;"SPRF-CE";"DEL01-CE";"UOP02-DEL01-CE"
392037;2021-10-26;"terça-feira";"08:35:00";"AL";101;122;"SAO MIGUEL DOS CAMPOS";"Carga excessiva e/ou mal acondicionada";"Derramamento de carga";"Sem Vítimas";"Pleno dia";"Decrescente";"Nublado";"Simples";"Em Obras;Curva";"Não";2;0;0;0;1;1;0;2;-9,69770906;-36,03230431;"SPRF-AL";"DEL02-AL";"UOP01-DEL02-AL"
392039;2021-10-26;"terça-feira";"10:50:00";"RJ";116;227;"PIRAI";"Reação tardia ou ineficiente do condutor";"Colisão traseira";"Com Vítimas Feridas";"Pleno dia";"Decrescente";"Nublado";"Dupla";"Reta";"Sim";4;0;1;0;2;2;1;5;-22,66661066;-43,84094238;"SPRF-RJ";"DEL07-RJ";"UOP01-DEL07-RJ"
392041;2021-10-26;"terça-feira";"11:00:00";"PE";101;135,7;"RIBEIRAO";"Reação tardia ou ineficiente do condutor";"Saída de leito carroçável";"Com Vítimas Feridas";"Pleno dia";"Decrescente";"Nublado";"Dupla";"Reta";"Não";1;0;1;0;0;0;1;1;-8,413352;-35,302578;"SPRF-PE";"DEL01-PE";"UOP01-DEL01-PE"
392050;2021-10-26;"terça-feira";"13:01:00";"MG";50;0,4;"UBERLANDIA";"Reação tardia ou ineficiente do condutor";"Tombamento";"Com Vítimas Feridas";"Pleno dia";"Crescente";"Céu Claro";"Simples";"Curva";"Não";2;0;1;0;0;2;1;3;-18,85831256;-48,25236082;"SPRF-MG";"DEL15-MG";"UOP01-DEL15-MG"
392053;2021-10-26;"terça-feira";"10:15:00";"MG";116;470,7;"TARUMIRIM";"Acessar a via sem observar a presença dos outros veículos";"Colisão transversal";"Com Vítimas Feridas";"Pleno dia";"Crescente";"Nublado";"Simples";"Retorno Regulamentado";"Não";3;0;1;0;2;0;1;2;-19,31438339;-42,07489014;"SPRF-MG";"DEL06-MG";"UOP02-DEL06-MG"
392054;2021-10-25;"segunda-feira";"23:00:00";"BA";242;363;"LENCOIS";"Reação tardia ou ineficiente do condutor";"Saída de leito carroçável";"Sem Vítimas";"Plena Noite";"Decrescente";"Nublado";"Simples";"Curva";"Não";2;0;0;0;0;4;0;4;-12,46727769;-41,4150469;"SPRF-BA";"DEL06-BA";"UOP01-DEL06-BA"
392056;2021-10-26;"terça-feira";"09:45:00";"MG";262;547,4;"LUZ";"Reação tardia ou ineficiente do condutor";"Colisão frontal";"Com Vítimas Feridas";"Pleno dia";"Decrescente";"Garoa/Chuvisco";"Simples";"Curva";"Não";6;0;3;1;1;2;4;4;-19,74018668;-45,86034892;"SPRF-MG";"DEL08-MG";"UOP02-DEL08-MG"
392058;2021-10-26;"terça-feira";"14:30:00";"MG";365;614;"UBERLANDIA";"Velocidade Incompatível";"Colisão frontal";"Com Vítimas Feridas";"Pleno dia";"Crescente";"Sol";"Simples";"Reta";"Não";2;0;1;1;0;0;2;2;-18,884602;-48,26594;"SPRF-MG";"DEL15-MG";"UOP01-DEL15-MG"
392068;2021-10-26;"terça-feira";"13:30:00";"BA";324;621;"SALVADOR";"Velocidade Incompatível";"Colisão com objeto";"Sem Vítimas";"Pleno dia";"Crescente";"Nublado";"Dupla";"Interseção de Vias";"Sim";2;0;0;0;0;2;0;2;-12,91233708;-38,45956983;"SPRF-BA";"DEL01-BA";"UOP01-DEL01-BA"
392070;2021-10-26;"terça-feira";"15:10:00";"ES";101;391;"RIO NOVO DO SUL";"Objeto estático sobre o leito carroçável";"Colisão traseira";"Com Vítimas Feridas";"Pleno dia";"Decrescente";"Nublado";"Simples";"Curva";"Não";5;0;1;0;3;3;1;7;-20,8657929;-40,89634385;"SPRF-ES";"DEL03-ES";"UOP02-DEL03-ES"
392071;2021-10-26;"terça-feira";"14:30:00";"PE";101;82;"JABOATAO DOS GUARARAPES";"Manobra de mudança de faixa";"Colisão traseira";"Com Vítimas Feridas";"Pleno dia";"Crescente";"Nublado";"Dupla";"Interseção de Vias";"Sim";2;0;1;0;1;0;1;2;-8,168383;-34,9376;"SPRF-PE";"DEL01-PE";"UOP01-DEL01-PE"
392072;2021-10-26;"terça-feira";"13:50:00";"SP";116;443;"REGISTRO";"Acessar a via sem observar a presença dos outros veículos";"Colisão traseira";"Com Vítimas Feridas";"Pleno dia";"Crescente";"Céu Claro";"Dupla";"Reta";"Não";5;0;1;0;3;1;1;3;-24,48336513;-47,8324358;"SPRF-SP";"DEL05-SP";"UOP01-DEL05-SP"
392077;2021-10-26;"terça-feira";"14:30:00";"MG";40;545;"NOVA LIMA";"Manobra de mudança de faixa";"Colisão lateral mesmo sentido";"Com Vítimas Feridas";"Pleno dia";"Crescente";"Nublado";"Dupla";"Curva;Declive";"Sim";3;0;1;0;2;0;1;2;-20,00670404;-43,96418668;"SPRF-MG";"DEL01-MG";"UOP02-DEL01-MG"
392078;2021-10-26;"terça-feira";"09:50:00";"MG";354;709;"CAXAMBU";"Velocidade Incompatível";"Tombamento";"Sem Vítimas";"Pleno dia";"Crescente";"Céu Claro";"Simples";"Curva";"Não";2;0;0;0;1;1;0;2;-22,02469499;-44,9270357;"SPRF-MG";"DEL17-MG";"UOP01-DEL17-MG"
392081;2021-10-26;"terça-feira";"16:30:00";"PI";343;316,5;"ALTOS";"Condutor deixou de manter distância do veículo da frente";"Engavetamento";"Sem Vítimas";"Pleno dia";"Decrescente";"Nublado";"Simples";"Aclive;Reta";"Não";4;0;0;0;2;2;0;4;-5,046231;-42,535843;"SPRF-PI";"DEL01-PI";"UOP01-DEL01-PI"
392083;2021-10-26;"terça-feira";"07:20:00";"RO";364;411;"JARU";"Reação tardia ou ineficiente do condutor";"Saída de leito carroçável";"Com Vítimas Feridas";"Pleno dia";"Crescente";"Garoa/Chuvisco";"Simples";"Reta";"Não";2;0;1;0;0;1;1;2;-10,52497711;-62,39404366;"SPRF-RO";"DEL03-RO";"UOP02-DEL03-RO"
392102;2021-10-26;"terça-feira";"18:20:00";"SP";153;42,4;"ONDA VERDE";"Ausência de sinalização";"Colisão lateral mesmo sentido";"Sem Vítimas";"Anoitecer";"Crescente";"Céu Claro";"Múltipla";"Reta";"Não";2;0;0;0;2;0;0;2;-20,63725202;-49,33843793;"SPRF-SP";"DEL09-SP";"UOP01-DEL09-SP"
392103;2021-10-26;"terça-feira";"08:30:00";"MG";116;12,8;"AGUAS VERMELHAS";"Avarias e/ou desgaste excessivo no pneu";"Incêndio";"Sem Vítimas";"Pleno dia";"Crescente";"Céu Claro";"Simples";"Reta";"Não";2;0;0;0;1;3;0;4;-15,80000875;-41,3461352;"SPRF-BA";"DEL08-BA";"UOP03-DEL08-BA"
392109;2021-10-26;"terça-feira";"19:00:00";"GO";364;199;"JATAI";"Condutor deixou de manter distância do veículo da frente";"Colisão traseira";"Com Vítimas Fatais";"Anoitecer";"Decrescente";"Garoa/Chuvisco";"Dupla";"Reta";"Não";4;1;0;0;2;4;0;7;-17,920801;-51,748596;"SPRF-GO";"DEL05-GO";"UOP01-DEL05-GO"
392112;2021-10-26;"terça-feira";"20:00:00";"PI";222;124,9;"BATALHA";"Manobra de mudança de faixa";"Colisão frontal";"Com Vítimas Feridas";"Plena Noite";"Crescente";"Céu Claro";"Simples";"Reta";"Sim";3;0;0;2;1;0;2;2;-4,03365742;-42,06358068;"SPRF-PI";"DEL02-PI";"UOP01-DEL02-PI"
392114;2021-10-26;"terça-feira";"15:40:00";"GO";153;542;"HIDROLANDIA";"Acumulo de água sobre o pavimento";"Saída de leito carroçável";"Sem Vítimas";"Pleno dia";"Crescente";"Chuva";"Dupla";"Declive";"Não";2;0;0;0;1;1;0;2;-17,0727;-49,2238;"SPRF-GO";"DEL01-GO";"UOP03-DEL01-GO"
392118;2021-10-26;"terça-feira";"19:50:00";"RS";116;54,2;"VACARIA";"Ausência de reação do condutor";"Tombamento";"Com Vítimas Feridas";"Plena Noite";"Decrescente";"Céu Claro";"Simples";"Curva;Declive";"Não";2;0;0;1;0;1;1;2;-28,59550602;-51,03139299;"SPRF-RS";"DEL05-RS";"UOP03-DEL05-RS"
392119;2021-10-26;"terça-feira";"21:50:00";"SP";116;136,2;"SAO JOSE DOS CAMPOS";"Pedestre andava na pista";"Atropelamento de Pedestre";"Com Vítimas Feridas";"Plena Noite";"Decrescente";"Nublado";"Dupla";"Interseção de Vias";"Não";3;0;0;2;1;0;2;2;-23,14874471;-45,77863714;"SPRF-SP";"DEL02-SP";"UOP01-DEL02-SP"
392121;2021-10-26;"terça-feira";"20:40:00";"SC";101;440;"SANTA ROSA DO SUL";"Ingestão de substâncias psicoativas pelo condutor";"Colisão lateral mesmo sentido";"Sem Vítimas";"Plena Noite";"Crescente";"Céu Claro";"Dupla";"Reta";"Não";3;0;0;0;2;1;0;3;-29,12420083;-49,66719602;"SPRF-SC";"DEL02-SC";"UOP02-DEL02-SC"
392122;2021-10-26;"terça-feira";"22:35:00";"SC";101;232,2;"PALHOCA";"Manobra de mudança de faixa";"Colisão lateral mesmo sentido";"Com Vítimas Feridas";"Plena Noite";"Decrescente";"Céu Claro";"Dupla";"Curva";"Não";3;0;0;1;1;1;1;3;-27,795666;-48,638153;"SPRF-SC";"DEL01-SC";"UOP02-DEL01-SC"