"id";"data_inversa";"dia_semana";"horario";"uf";"br";"km";"municipio";"causa_acidente";"tipo_acidente";"classificacao_acidente";"fase_dia";"sentido_via";"condicao_metereologica";"tipo_pista";"tracado_via";"uso_solo";"pessoas";"mortos";"feridos_leves";"feridos_graves";"ilesos";"ignorados";"feridos";"veiculos";"latitude";"longitude";"regional";"delegacia";"uop"
392124;2021-10-26;"terça-feira";"18:30:00";"BA";367;42,2;"PORTO SEGURO";"Ultrapassagem Indevida";"Colisão lateral mesmo sentido";"Com Vítimas Fatais";"Plena Noite";"Crescente";"Céu Claro";"Simples";"Curva";"Não";7;5;1;0;1;0;1;3;-16,379668;-39,228673;"SPRF-BA";"DEL09-BA";"UOP01-DEL09-BA"
392133;2021-10-26;"terça-feira";"23:15:00";"TO";153;693,2;"CARIRI DO TOCANTINS";"Demais falhas mecânicas ou elétricas";"Tombamento";"Sem Vítimas";"Plena Noite";"Decrescente";"Céu Claro";"Simples";"Declive";"Não";2;0;0;0;1;1;0;2;-11,89559706;-49,16831388;"SPRF-TO";"DEL01-TO";"UOP02-DEL01-TO"
392136;2021-10-27;"quarta-feira";"00:00:00";"PR";376;218,8;"JANDAIA DO SUL";"Transitar na contramão";"Colisão frontal";"Com Vítimas Fatais";"Plena Noite";"Decrescente";"Céu Claro";"Simples";"Reta";"Não";2;1;0;0;0;1;0;2;-23,59717604;-51,615043;"SPRF-PR";"DEL09-PR";"UOP01-DEL09-PR"
392139;2021-10-27;"quarta-feira";"02:18:00";"SC";282;109;"ALFREDO WAGNER";"Reação tardia ou ineficiente do condutor";"Tombamento";"Com Vítimas Feridas";"Plena Noite";"Decrescente";"Céu Claro";"Simples";"Curva";"Não";2;0;0;1;0;2;1;3;-27,719378;-49,3582;"SPRF-SC";"DEL01-SC";"UOP03-DEL01-SC"
392141;2021-10-27;"quarta-feira";"04:20:00";"PB";101;94;"CONDE";"Ausência de reação do condutor";"Saída de leito carroçável";"Com Vítimas Feridas";"Amanhecer";"Decrescente";"Garoa/Chuvisco";"Dupla";"Declive";"Não";2;0;2;0;0;0;2;1;-7,21888376;-34,91300583;"SPRF-PB";"DEL01-PB";"UOP02-DEL01-PB"
392147;2021-10-26;"terça-feira";"20:50:00";"PR";153;512;"GENERAL CARNEIRO";"Velocidade Incompatível";"Colisão lateral sentido oposto";"Com Vítimas Feridas";"Plena Noite";"Crescente";"Céu Claro";"Simples";"Curva";"Não";4;0;2;0;1;2;2;4;-26,53808895;-51,42306849;"SPRF-PR";"DEL02-PR";"UOP03-DEL02-PR"
392148;2021-10-27;"quarta-feira";"03:30:00";"RS";468;26,9;"PALMEIRA DAS MISSOES";"Manobra de mudança de faixa";"Saída de leito carroçável";"Com Vítimas Feridas";"Plena Noite";"Crescente";"Céu Claro";"Simples";"Reta";"Não";2;0;1;0;0;1;1;2;-27,76325316;-53,49146103;"SPRF-RS";"DEL08-RS";"UOP01-DEL08-RS"
392149;2021-10-26;"terça-feira";"14:03:00";"PR";476;357;"UNIAO DA VITORIA";"Carga excessiva e/ou mal acondicionada";"Eventos atípicos";"Sem Vítimas";"Pleno dia";"Decrescente";"Céu Claro";"Simples";"Reta";"Sim";1;0;0;0;1;0;0;1;-26,197399;-51,04232;"SPRF-PR";"DEL02-PR";"UOP03-DEL02-PR"
392150;2021-10-27;"quarta-feira";"05:12:00";"MG";50;18;"UBERLANDIA";"Ausência de reação do condutor";"Colisão traseira";"Com Vítimas Feridas";"Amanhecer";"Crescente";"Céu Claro";"Dupla";"Interseção de Vias";"Sim";2;0;1;0;1;0;1;2;-18,92868703;-48,19278359;"SPRF-MG";"DEL15-MG";"UOP02-DEL15-MG"
392154;2021-10-27;"quarta-feira";"06:20:00";"MG";262;663,8;"IBIA";"Condutor Dormindo";"Colisão frontal";"Com Vítimas Fatais";"Amanhecer";"Decrescente";"Nublado";"Simples";"Curva";"Não";4;2;0;0;1;1;0;3;-19,552617;-46,763646;"SPRF-MG";"DEL08-MG";"UOP01-DEL08-MG"
392159;2021-10-27;"quarta-feira";"07:00:00";"PE";101;74,6;"RECIFE";"Ausência de reação do condutor";"Colisão traseira";"Com Vítimas Feridas";"Pleno dia";"Decrescente";"Sol";"Dupla";"Reta";"Sim";2;0;1;0;1;0;1;2;-8,108075;-34,94767;"SPRF-PE";"DEL01-PE";"UOP01-DEL01-PE"
392161;2021-10-27;"quarta-feira";"06:30:00";"MG";153;148,3;"CAMPO FLORIDO";"Condutor deixou de manter distância do veículo da frente";"Engavetamento";"Com Vítimas Feridas";"Pleno dia";"Decrescente";"Chuva";"Simples";"Reta";"Não";5;0;1;0;3;5;1;9;-19,63284117;-48,85120975;"SPRF-MG";"DEL13-MG";"UOP02-DEL13-MG"
392163;2021-10-27;"quarta-feira";"06:58:00";"GO";153;201;"URUACU";"Acessar a via sem observar a presença dos outros veículos";"Colisão transversal";"Com Vítimas Feridas";"Pleno dia";"Decrescente";"Nublado";"Simples";"Interseção de Vias";"Sim";3;0;1;0;1;1;1;3;-14,53328165;-49,1609323;"SPRF-GO";"DEL07-GO";"UOP02-DEL07-GO"
392172;2021-10-27;"quarta-feira";"05:45:00";"MG";381;527,8;"BRUMADINHO";"Velocidade Incompatível";"Colisão com objeto";"Com Vítimas Feridas";"Amanhecer";"Decrescente";"Chuva";"Dupla";"Curva";"Não";1;0;1;0;0;0;1;1;-20,16283256;-44,35072739;"SPRF-MG";"DEL04-MG";"UOP03-DEL04-MG"
392180;2021-10-27;"quarta-feira";"09:00:00";"RJ";116;182,5;"NOVA IGUACU";"Entrada inopinada do pedestre";"Atropelamento de Pedestre";"Com Vítimas Feridas";"Pleno dia";"Decrescente";"Nublado";"Dupla";"Reta";"Sim";3;0;1;0;1;1;1;3;-22,7567755;-43,43107234;"SPRF-RJ";"DEL01-RJ";"UOP02-DEL01-RJ"
392183;2021-10-27;"quarta-feira";"08:40:00";"PE";101;21,1;"GOIANA";"Manobra de mudança de faixa";"Colisão lateral mesmo sentido";"Com Vítimas Feridas";"Pleno dia";"Crescente";"Nublado";"Dupla";"Reta";"Não";2;0;1;0;1;0;1;2;-7,667766;-34,93266;"SPRF-PE";"DEL01-PE";"UOP02-DEL01-PE"
392191;2021-10-27;"quarta-feira";"10:10:00";"SC";101;214;"PALHOCA";"Acessar a via sem observar a presença dos outros veículos";"Colisão transversal";"Com Vítimas Feridas";"Pleno dia";"Decrescente";"Céu Claro";"Dupla";"Reta";"Sim";2;0;1;0;1;0;1;2;-27,64443;-48,67057;"SPRF-SC";"DEL01-SC";"UOP02-DEL01-SC"
392194;2021-10-27;"quarta-feira";"10:50:00";"MG";50;177;"UBERABA";"Trafegar com motocicleta (ou similar) entre as faixas";"Colisão lateral mesmo sentido";"Com Vítimas Feridas";"Pleno dia";"Crescente";"Céu Claro";"Dupla";"Reta";"Sim";2;0;1;0;1;0;1;2;-19,77912749;-47,94159472;"SPRF-MG";"DEL13-MG";"UOP01-DEL13-MG"
392195;2021-10-27;"quarta-feira";"09:20:00";"RJ";40;123;"DUQUE DE CAXIAS";"Manobra de mudança de faixa";"Colisão lateral mesmo sentido";"Com Vítimas Feridas";"Pleno dia";"Crescente";"Nublado";"Múltipla";"Reta";"Sim";3;0;1;0;1;1;1;3;-22,79907687;-43,29015739;"SPRF-RJ";"DEL01-RJ";"UOP01-DEL01-RJ"
392196;2021-10-27;"quarta-feira";"08:45:00";"MG";365;136,2;"VARZEA DA PALMA";"Condutor Dormindo";"Saída de leito carroçável";"Com Vítimas Fatais";"Pleno dia";"Decrescente";"Sol";"Simples";"Reta";"Não";2;1;0;0;0;1;0;2;-17,18921066;-44,81125334;"SPRF-MG";"DEL12-MG";"UOP01-DEL12-MG"
392197;2021-10-27;"quarta-feira";"10:25:00";"PR";369;396,5;"MAMBORE";"Desrespeitar a preferência no cruzamento";"Colisão transversal";"Com Vítimas Feridas";"Pleno dia";"Decrescente";"Céu Claro";"Simples";"Curva";"Não";2;0;1;0;1;0;1;2;-24,300633;-52,589558;"SPRF-PR";"DEL04-PR";"UOP03-DEL04-PR"
392198;2021-10-27;"quarta-feira";"10:00:00";"PR";369;174;"ROLANDIA";"Retorno proibido";"Colisão transversal";"Com Vítimas Feridas";"Pleno dia";"Decrescente";"Céu Claro";"Simples";"Reta";"Sim";3;0;1;1;1;0;2;2;-23,31890756;-51,37991309;"SPRF-PR";"DEL07-PR";"UOP01-DEL07-PR"
392199;2021-10-27;"quarta-feira";"04:00:00";"PE";423;132,4;"SALOA";"Reação tardia ou ineficiente do condutor";"Colisão frontal";"Com Vítimas Feridas";"Amanhecer";"Crescente";"Ignorado";"Simples";"Reta;Declive";"Não";3;0;0;1;1;2;1;4;-8,95943517;-36,76461912;"SPRF-PE";"DEL03-PE";"UOP01-DEL03-PE"
392200;2021-10-27;"quarta-feira";"10:20:00";"PR";369;231,5;"JANDAIA DO SUL";"Desrespeitar a preferência no cruzamento";"Colisão transversal";"Sem Vítimas";"Pleno dia";"Crescente";"Céu Claro";"Simples";"Reta;Declive";"Não";2;0;0;0;2;0;0;2;-23,6024529;-51,66612625;"SPRF-PR";"DEL09-PR";"UOP01-DEL09-PR"
392203;2021-10-27;"quarta-feira";"08:50:00";"SC";470;106;"APIUNA";"Pedestre cruzava a pista fora da faixa";"Atropelamento de Pedestre";"Com Vítimas Feridas";"Pleno dia";"Decrescente";"Céu Claro";"Simples";"Reta";"Não";4;0;0;1;1;2;1;3;-27,073105;-49,422935;"SPRF-SC";"DEL04-SC";"UOP02-DEL04-SC"
392205;2021-10-27;"quarta-feira";"10:55:00";"MS";163;455;"CAMPO GRANDE";"Acessar a via sem observar a presença dos outros veículos";"Colisão transversal";"Com Vítimas Feridas";"Pleno dia";"Decrescente";"Céu Claro";"Simples";"Reta";"Não";4;0;2;0;1;2;2;4;-20,67480868;-54,55717206;"SPRF-MS";"DEL01-MS";"UOP01-DEL01-MS"
392208;2021-10-27;"quarta-feira";"10:30:00";"GO";153;203,3;"URUACU";"Ultrapassagem Indevida";"Colisão frontal";"Com Vítimas Feridas";"Pleno dia";"Decrescente";"Céu Claro";"Simples";"Reta";"Não";4;0;0;1;1;2;1;4;-14,55317;-49,159105;"SPRF-GO";"DEL07-GO";"UOP02-DEL07-GO"
392209;2021-10-27;"quarta-feira";"12:15:00";"GO";60;38,6;"ALEXANIA";"Velocidade Incompatível";"Tombamento";"Com Vítimas Feridas";"Pleno dia";"Crescente";"Céu Claro";"Dupla";"Aclive";"Não";2;0;1;0;0;2;1;3;-16,11478109;-48,55478525;"SPRF-DF";"DEL03-DF";"UOP01-DEL03-DF"
392210;2021-10-27;"quarta-feira";"06:45:00";"MG";116;207,9;"CATUJI";"Conversão proibida";"Colisão transversal";"Com Vítimas Feridas";"Pleno dia";"Crescente";"Nublado";"Simples";"Reta";"Sim";3;0;0;1;2;0;1;2;-17,30002412;-41,51688834;"SPRF-MG";"DEL11-MG";"UOP01-DEL11-MG"
392215;2021-10-23;"sábado";"06:30:00";"PR";467;77,6;"TOLEDO";"Condutor Dormindo";"Saída de leito carroçável";"Sem Vítimas";"Amanhecer";"Decrescente";"Céu Claro";"Dupla";"Aclive";"Não";2;0;0;0;1;2;0;3;-24,7652;-53,6899;"SPRF-PR";"DEL04-PR";"UOP01-DEL04-PR"
392217;2021-10-27;"quarta-feira";"06:30:00";"MT";163;627,4;"NOVA MUTUM";"Manobra de mudança de faixa";"Saída de leito carroçável";"Com Vítimas Feridas";"Pleno dia";"Crescente";"Céu Claro";"Simples";"Reta";"Não";3;0;0;1;1;1;1;2;-13,67377202;-56,03778485;"SPRF-MT";"DEL01-MT";"UOP01-DEL01-MT"
392219;2021-10-27;"quarta-feira";"12:00:00";"PR";369;199;"APUCARANA";"Acessar a via sem observar a presença dos outros veículos";"Colisão lateral mesmo sentido";"Com Vítimas Feridas";"Pleno dia";"Decrescente";"Céu Claro";"Dupla";"Retorno Regulamentado";"Sim";3;0;1;0;1;1;1;3;-23,52270742;-51,44096017;"SPRF-PR";"DEL07-PR";"UOP02-DEL07-PR"
392222;2021-10-25;"segunda-feira";"06:30:00";"BA";407;149,3;"FILADELFIA";"Condutor Dormindo";"Colisão frontal";"Sem Vítimas";"Pleno dia";"Crescente";"Céu Claro";"Simples";"Reta";"Não";3;0;0;0;1;2;0;2;-10,65025095;-40,12886548;"SPRF-BA";"DEL04-BA";"UOP01-DEL04-BA"
392223;2021-10-27;"quarta-feira";"07:00:00";"MG";251;295,1;"SALINAS";"Demais falhas mecânicas ou elétricas";"Incêndio";"Sem Vítimas";"Pleno dia";"Crescente";"Céu Claro";"Simples";"Reta";"Não";2;0;0;0;1;1;0;2;-16,09560009;-42,21195719;"SPRF-MG";"DEL11-MG";"UOP02-DEL11-MG"
392224;2021-10-18;"segunda-feira";"04:40:00";"SC";101;104,5;"PENHA";"Ingestão de álcool pelo condutor";"Colisão traseira";"Com Vítimas Feridas";"Amanhecer";"Decrescente";"Garoa/Chuvisco";"Dupla";"Reta;Viaduto";"Não";3;0;0;2;0;1;2;3;-26,79825533;-48,6795187;"SPRF-SC";"DEL03-SC";"UOP02-DEL03-SC"
392225;2021-10-27;"quarta-feira";"07:00:00";"MG";262;591;"CAMPOS ALTOS";"Velocidade Incompatível";"Tombamento";"Sem Vítimas";"Pleno dia";"Decrescente";"Sol";"Simples";"Curva";"Não";2;0;0;0;1;1;0;2;-19,66593786;-46,14284708;"SPRF-MG";"DEL08-MG";"UOP02-DEL08-MG"
392233;2021-10-27;"quarta-feira";"07:15:00";"RO";364;425;"JARU";"Manobra de mudança de faixa";"Colisão transversal";"Com Vítimas Feridas";"Pleno dia";"Decrescente";"Garoa/Chuvisco";"Múltipla";"Reta";"Sim";2;0;1;0;1;0;1;2;-10,43752488;-62,47169791;"SPRF-RO";"DEL03-RO";"UOP02-DEL03-RO"
392234;2021-10-27;"quarta-feira";"14:20:00";"MG";365;385;"PATOS DE MINAS";"Manobra de mudança de faixa";"Colisão frontal";"Com Vítimas Feridas";"Pleno dia";"Crescente";"Céu Claro";"Dupla";"Reta";"Não";3;0;2;0;0;1;2;3;-18,5904982;-46,27619367;"SPRF-MG";"DEL10-MG";"UOP01-DEL10-MG"
392235;2021-10-27;"quarta-feira";"13:20:00";"MS";262;299;"CAMPO GRANDE";"Reação tardia ou ineficiente do condutor";"Colisão frontal";"Com Vítimas Fatais";"Pleno dia";"Decrescente";"Céu Claro";"Simples";"Reta";"Não";3;1;0;1;0;2;1;4;-20,50368701;-54,28653601;"SPRF-MS";"DEL01-MS";"UOP01-DEL01-MS"
392237;2021-10-27;"quarta-feira";"14:40:00";"SP";116;288,9;"ITAPECERICA DA SERRA";"Mal súbito do condutor";"Atropelamento de Pedestre";"Com Vítimas Fatais";"Pleno dia";"Crescente";"Nublado";"Dupla";"Reta";"Sim";3;1;0;0;1;1;0;3;-23,719254;-46,883144;"SPRF-SP";"DEL04-SP";"UOP01-DEL04-SP"
392241;2021-10-27;"quarta-feira";"14:25:00";"SC";101;423,5;"ARARANGUA";"Desrespeitar a preferência no cruzamento";"Colisão transversal";"Com Vítimas Feridas";"Pleno dia";"Crescente";"Sol";"Simples";"Viaduto";"Não";2;0;1;0;1;0;1;2;-29,01601155;-49,58269226;"SPRF-SC";"DEL02-SC";"UOP02-DEL02-SC"
392242;2021-10-27;"quarta-feira";"15:50:00";"MG";50;170;"UBERABA";"Reação tardia ou ineficiente do condutor";"Colisão lateral mesmo sentido";"Com Vítimas Feridas";"Pleno dia";"Decrescente";"Chuva";"Dupla";"Reta";"Sim";8;0;5;0;2;1;5;4;-19,73661208;-47,98290957;"SPRF-MG";"DEL13-MG";"UOP01-DEL13-MG"
392244;2021-10-27;"quarta-feira";"14:55:00";"RJ";393;218;"VASSOURAS";"Entrada inopinada do pedestre";"Atropelamento de Pedestre";"Com Vítimas Feridas";"Pleno dia";"Crescente";"Nublado";"Simples";"Reta";"Não";5;0;0;1;1;3;1;3;-22,30906209;-43,50409593;"SPRF-RJ";"DEL05-RJ";"UOP03-DEL05-RJ"
392245;2021-10-27;"quarta-feira";"16:13:00";"SP";153;64;"SAO JOSE DO RIO PRETO";"Manobra de mudança de faixa";"Saída de leito carroçável";"Com Vítimas Feridas";"Pleno dia";"Crescente";"Nublado";"Dupla";"Reta";"Sim";3;0;1;0;1;1;1;3;-20,82919401;-49,36046325;"SPRF-SP";"DEL09-SP";"UOP01-DEL09-SP"
392248;2021-10-27;"quarta-feira";"16:15:00";"RS";290;99,7;"PORTO ALEGRE";"Ausência de reação do condutor";"Saída de leito carroçável";"Sem Vítimas";"Pleno dia";"Crescente";"Céu Claro";"Dupla";"Ponte";"Sim";1;0;0;0;1;0;0;1;-29,991756;-51,22699;"SPRF-RS";"DEL01-RS";"UOP01-DEL01-RS"
392250;2021-10-27;"quarta-feira";"16:20:00";"RN";101;95,2;"NATAL";"Condutor deixou de manter distância do veículo da frente";"Colisão traseira";"Com Vítimas Feridas";"Pleno dia";"Decrescente";"Céu Claro";"Múltipla";"Reta";"Sim";3;0;2;0;1;0;2;2;-5,84076841;-35,21035949;"SPRF-RN";"DEL01-RN";"UOP01-DEL01-RN"
392251;2021-10-10;"domingo";"20:06:00";"GO";153;220,6;"URUACU";"Objeto estático sobre o leito carroçável";"Colisão frontal";"Com Vítimas Fatais";"Plena Noite";"Decrescente";"Chuva";"Simples";"Reta";"Não";3;1;1;0;0;2;1;4;-14,689701;-49,211673;"SPRF-GO";"DEL07-GO";"UOP02-DEL07-GO"
392254;2021-10-27;"quarta-feira";"11:20:00";"MG";381;431;"SABARA";"Velocidade Incompatível";"Saída de leito carroçável";"Sem Vítimas";"Pleno dia";"Crescente";"Sol";"Simples";"Declive;Curva";"Não";2;0;0;0;1;1;0;2;-19,78681484;-43,70121002;"SPRF-MG";"DEL01-MG";"UOP01-DEL01-MG"
392257;2021-10-27;"quarta-feira";"17:25:00";"MG";381;366;"SAO GONCALO DO RIO ABAIXO";"Carga excessiva e/ou mal acondicionada";"Tombamento";"Com Vítimas Feridas";"Anoitecer";"Decrescente";"Céu Claro";"Simples";"Curva";"Não";2;0;1;0;0;1;1;2;-19,850555;-43,267783;"SPRF-MG";"DEL03-MG";"UOP01-DEL03-MG"
392260;2021-10-27;"quarta-feira";"16:25:00";"SP";116;314;"JUQUITIBA";"Reação tardia ou ineficiente do condutor";"Colisão traseira";"Com Vítimas Feridas";"Pleno dia";"Decrescente";"Chuva";"Dupla";"Reta";"Não";3;0;1;0;1;1;1;3;-23,89562822;-46,98556063;"SPRF-SP";"DEL04-SP";"UOP01-DEL04-SP"
392265;2021-10-27;"quarta-feira";"16:30:00";"SC";282;56,7;"RANCHO QUEIMADO";"Velocidade Incompatível";"Tombamento";"Com Vítimas Feridas";"Pleno dia";"Decrescente";"Sol";"Simples";"Curva";"Não";2;0;0;1;0;2;1;3;-27,691633;-48,991375;"SPRF-SC";"DEL01-SC";"UOP03-DEL01-SC"
392267;2021-10-27;"quarta-feira";"16:44:00";"SP";116;513;"CAJATI";"Reação tardia ou ineficiente do condutor";"Colisão com objeto";"Com Vítimas Feridas";"Pleno dia";"Decrescente";"Garoa/Chuvisco";"Simples";"Curva";"Não";2;0;1;0;0;1;1;2;-24,85109616;-48,21802405;"SPRF-SP";"DEL05-SP";"UOP02-DEL05-SP"
392269;2021-10-27;"quarta-feira";"16:00:00";"MG";262;772,7;"UBERABA";"Ultrapassagem Indevida";"Colisão frontal";"Com Vítimas Fatais";"Plena Noite";"Crescente";"Chuva";"Simples";"Interseção de Vias";"Não";4;2;0;0;1;2;0;4;-19,70754792;-47,70151607;"SPRF-MG";"DEL13-MG";"UOP01-DEL13-MG"
392271;2021-10-27;"quarta-feira";"17:50:00";"GO";50;114,3;"CRISTALINA";"Demais falhas mecânicas ou elétricas";"Saída de leito carroçável";"Sem Vítimas";"Anoitecer";"Crescente";"Céu Claro";"Dupla";"Reta";"Não";1;0;0;0;1;0;0;1;-16,9309;-47,7117;"SPRF-DF";"DEL01-DF";"UOP02-DEL01-DF"
392278;2021-10-27;"quarta-feira";"17:00:00";"RO";364;9,6;"VILHENA";"Conversão proibida";"Colisão frontal";"Com Vítimas Feridas";"Pleno dia";"Crescente";"Chuva";"Dupla";"Reta";"Sim";2;0;0;1;1;0;1;2;-12,75881009;-60,1001711;"SPRF-RO";"DEL04-RO";"UOP01-DEL04-RO"
392281;2021-10-27;"quarta-feira";"17:00:00";"AC";364;132;"RIO BRANCO";"Ausência de reação do condutor";"Saída de leito carroçável";"Com Vítimas Feridas";"Anoitecer";"Decrescente";"Céu Claro";"Simples";"Declive";"Não";1;0;1;0;0;0;1;1;-10,01005063;-67,84552927;"SPRF-AC";"DEL01-AC";"UOP01-DEL01-AC"
392282;2021-10-27;"quarta-feira";"18:00:00";"SP";116;225,5;"GUARULHOS";"Reação tardia ou ineficiente do condutor";"Colisão traseira";"Sem Vítimas";"Anoitecer";"Decrescente";"Chuva";"Múltipla";"Reta";"Sim";5;0;0;0;4;1;0;5;-23,48586772;-46,54075317;"SPRF-SP";"DEL01-SP";"UOP01-DEL01-SP"
392286;2021-10-27;"quarta-feira";"15:45:00";"MG";153;76,9;"PRATA";"Velocidade Incompatível";"Colisão traseira";"Com Vítimas Feridas";"Pleno dia";"Decrescente";"Céu Claro";"Simples";"Ponte";"Não";3;0;1;0;1;3;1;5;-19,03073298;-49,01085007;"SPRF-MG";"DEL15-MG";"UOP03-DEL15-MG"
392290;2021-10-27;"quarta-feira";"18:00:00";"PE";232;176,8;"BELO JARDIM";"Acessar a via sem observar a presença dos outros veículos";"Colisão transversal";"Com Vítimas Feridas";"Plena Noite";"Decrescente";"Céu Claro";"Simples";"Reta";"Não";3;0;1;0;2;0;1;2;-8,34573608;-36,39481995;"SPRF-PE";"DEL02-PE";"UOP03-DEL02-PE"
392296;2021-10-27;"quarta-feira";"19:00:00";"RJ";116;293,1;"PORTO REAL";"Avarias e/ou desgaste excessivo no pneu";"Colisão traseira";"Com Vítimas Feridas";"Plena Noite";"Crescente";"Chuva";"Dupla";"Declive";"Não";5;0;2;0;2;1;2;4;-22,4491104;-44,32159424;"SPRF-RJ";"DEL07-RJ";"UOP02-DEL07-RJ"
392298;2021-10-27;"quarta-feira";"17:00:00";"MT";70;219;"GENERAL CARNEIRO";"Falta de acostamento";"Colisão traseira";"Com Vítimas Feridas";"Pleno dia";"Crescente";"Céu Claro";"Simples";"Reta";"Não";2;0;2;0;0;0;2;2;-15,67185519;-53,85622016;"SPRF-MT";"DEL05-MT";"UOP01-DEL05-MT"
392303;2021-10-27;"quarta-feira";"21:25:00";"SC";101;224,1;"PALHOCA";"Reação tardia ou ineficiente do condutor";"Tombamento";"Com Vítimas Feridas";"Plena Noite";"Crescente";"Nublado";"Dupla";"Reta";"Não";1;0;0;1;0;0;1;1;-27,72384789;-48,64386769;"SPRF-SC";"DEL01-SC";"UOP02-DEL01-SC"
392304;2021-10-27;"quarta-feira";"16:00:00";"MG";116;47,8;"PEDRA AZUL";"Ausência de reação do condutor";"Saída de leito carroçável";"Com Vítimas Fatais";"Pleno dia";"Crescente";"Céu Claro";"Simples";"Curva";"Não";3;1;0;0;0;2;0;3;-16,03864179;-41,42748329;"SPRF-MG";"DEL11-MG";"UOP02-DEL11-MG"
392307;2021-10-27;"quarta-feira";"21:23:00";"MG";40;506;"RIBEIRAO DAS NEVES";"Ausência de reação do condutor";"Colisão traseira";"Com Vítimas Feridas";"Plena Noite";"Decrescente";"Céu Claro";"Dupla";"Reta;Aclive";"Não";3;0;2;0;0;2;2;4;-19,74716686;-44,14731173;"SPRF-MG";"DEL02-MG";"UOP01-DEL02-MG"
392310;2021-10-27;"quarta-feira";"22:00:00";"MG";50;15;"UBERLANDIA";"Reação tardia ou ineficiente do condutor";"Saída de leito carroçável";"Com Vítimas Feridas";"Plena Noite";"Crescente";"Nublado";"Simples";"Viaduto";"Não";2;0;1;0;0;1;1;2;-18,9113;-48,2622;"SPRF-MG";"DEL15-MG";"UOP01-DEL15-MG"
392311;2021-10-27;"quarta-feira";"22:00:00";"PE";101;40,6;"IGARASSU";"Condutor deixou de manter distância do veículo da frente";"Colisão traseira";"Sem Vítimas";"Plena Noite";"Crescente";"Nublado";"Dupla";"Reta";"Sim";5;0;0;0;2;3;0;3;-7,821475;-34,916545;"SPRF-PE";"DEL01-PE";"UOP02-DEL01-PE"
392312;2021-10-27;"quarta-feira";"17:30:00";"SC";280;235,3;"CANOINHAS";"Ausência de sinalização";"Colisão traseira";"Com Vítimas Feridas";"Anoitecer";"Crescente";"Nublado";"Simples";"Aclive";"Não";7;0;5;0;1;2;5;4;-26,19206283;-50,41295701;"SPRF-SC";"DEL06-SC";"UOP04-DEL06-SC"
392316;2021-10-27;"quarta-feira";"22:03:00";"PE";316;6,7;"ARARIPINA";"Deficiência do Sistema de Iluminação/Sinalização";"Colisão traseira";"Com Vítimas Feridas";"Plena Noite";"Decrescente";"Ignorado";"Simples";"Reta";"Não";7;0;3;2;2;0;5;2;-7,47423236;-40,61678038;"SPRF-PE";"DEL05-PE";"UOP02-DEL05-PE"
392325;2021-10-27;"quarta-feira";"23:15:00";"GO";40;37,5;"LUZIANIA";"Condutor Dormindo";"Saída de leito carroçável";"Com Vítimas Feridas";"Plena Noite";"Decrescente";"Céu Claro";"Dupla";"Reta";"Não";2;0;1;0;0;1;1;2;-16,334073;-47,837361;"SPRF-DF";"DEL01-DF";"UOP01-DEL01-DF"
392332;2021-10-28;"quinta-feira";"04:10:00";"DF";40;7,9;"BRASILIA";"Ingestão de álcool pelo condutor";"Colisão com objeto";"Com Vítimas Feridas";"Plena Noite";"Crescente";"Céu Claro";"Dupla";"Reta";"Sim";1;0;0;1;0;0;1;1;-16,038666;-47,979691;"SPRF-DF";"DEL01-DF";"UOP01-DEL01-DF"
392333;2021-10-28;"quinta-feira";"02:10:00";"PR";116;28;"CAMPINA GRANDE DO SUL";"Velocidade Incompatível";"Colisão com objeto";"Sem Vítimas";"Plena Noite";"Decrescente";"Chuva";"Dupla";"Curva";"Não";2;0;0;0;1;1;0;2;-25,10670298;-48,80405799;"SPRF-PR";"DEL01-PR";"UOP02-DEL01-PR"
392335;2021-10-28;"quinta-feira";"00:24:00";"GO";153;138;"MARA ROSA";"Condutor Dormindo";"Colisão traseira";"Com Vítimas Feridas";"Plena Noite";"Crescente";"Céu Claro";"Simples";"Reta";"Não";5;0;3;0;1;2;3;4;-13,976104;-49,090424;"SPRF-GO";"DEL07-GO";"UOP01-DEL07-GO"
392336;2021-10-28;"quinta-feira";"05:40:00";"PE";101;80,5;"JABOATAO DOS GUARARAPES";"Acessar a via sem observar a presença dos outros veículos";"Colisão lateral mesmo sentido";"Com Vítimas Fatais";"Pleno dia";"Crescente";"Nublado";"Dupla";"Reta";"Sim";6;2;0;0;1;3;0;5;-8,15112589;-34,9428866;"SPRF-PE";"DEL01-PE";"UOP01-DEL01-PE"
392338;2021-10-28;"quinta-feira";"05:20:00";"PR";476;140;"CURITIBA";"Ausência de reação do condutor";"Tombamento";"Sem Vítimas";"Amanhecer";"Crescente";"Chuva";"Dupla";"Reta";"Não";1;0;0;0;1;0;0;1;-25,520693;-49,294121;"SPRF-PR";"DEL01-PR";"UOP03-DEL01-PR"
392341;2021-10-28;"quinta-feira";"06:00:00";"MG";381;921,3;"CAMANDUCAIA";"Velocidade Incompatível";"Tombamento";"Com Vítimas Feridas";"Pleno dia";"Crescente";"Chuva";"Dupla";"Curva;Declive";"Não";2;0;1;0;0;1;1;2;-22,7680939;-46,20854399;"SPRF-MG";"DEL16-MG";"UOP03-DEL16-MG"
392344;2021-10-28;"quinta-feira";"05:30:00";"AL";101;20,4;"MATRIZ DE CAMARAGIBE";"Velocidade Incompatível";"Saída de leito carroçável";"Com Vítimas Feridas";"Amanhecer";"Crescente";"Céu Claro";"Dupla";"Reta;Interseção de Vias";"Não";2;0;1;0;0;1;1;2;-9,03324;-35,684019;"SPRF-AL";"DEL01-AL";"UOP02-DEL01-AL"