"id";"data_inversa";"dia_semana";"horario";"uf";"br";"km";"municipio";"causa_acidente";"tipo_acidente";"classificacao_acidente";"fase_dia";"sentido_via";"condicao_metereologica";"tipo_pista";"tracado_via";"uso_solo";"pessoas";"mortos";"feridos_leves";"feridos_graves";"ilesos";"ignorados";"feridos";"veiculos";"latitude";"longitude";"regional";"delegacia";"uop"
392588;2021-10-29;"sexta-feira";"10:20:00";"RJ";101;254;"RIO BONITO";"Manobra de mudança de faixa";"Colisão lateral mesmo sentido";"Com Vítimas Feridas";"Pleno dia";"Decrescente";"Nublado";"Dupla";"Reta";"Não";6;0;5;0;1;0;5;2;-22,692225;-42,549546;"SPRF-RJ";"DEL02-RJ";"UOP03-DEL02-RJ"
392592;2021-10-29;"sexta-feira";"11:00:00";"SC";470;65;"INDAIAL";"Ultrapassagem Indevida";"Colisão lateral mesmo sentido";"Com Vítimas Fatais";"Pleno dia";"Crescente";"Céu Claro";"Simples";"Reta;Em Obras";"Sim";4;1;0;0;1;2;0;4;-26,87047758;-49,21297223;"SPRF-SC";"DEL04-SC";"UOP01-DEL04-SC"
392594;2021-10-29;"sexta-feira";"11:40:00";"CE";222;303;"TIANGUA";"Demais falhas mecânicas ou elétricas";"Saída de leito carroçável";"Com Vítimas Feridas";"Pleno dia";"Decrescente";"Céu Claro";"Simples";"Declive";"Não";1;0;1;0;0;0;1;1;-3,66341744;-40,95009697;"SPRF-CE";"DEL04-CE";"UOP02-DEL04-CE"
392603;2021-10-29;"sexta-feira";"13:00:00";"MG";40;780,4;"JUIZ DE FORA";"Manobra de mudança de faixa";"Colisão lateral mesmo sentido";"Com Vítimas Feridas";"Pleno dia";"Decrescente";"Nublado";"Dupla";"Curva";"Não";5;0;4;0;1;0;4;2;-21,67939981;-43,44987329;"SPRF-MG";"DEL05-MG";"UOP01-DEL05-MG"
392606;2021-10-29;"sexta-feira";"12:20:00";"PR";116;109,5;"CURITIBA";"Condutor Dormindo";"Colisão traseira";"Com Vítimas Feridas";"Pleno dia";"Decrescente";"Céu Claro";"Dupla";"Reta";"Sim";3;0;1;0;1;1;1;3;-25,57140489;-49,20748999;"SPRF-PR";"DEL01-PR";"UOP01-DEL01-PR"
392607;2021-10-29;"sexta-feira";"12:45:00";"PR";376;492;"PONTA GROSSA";"Condutor deixou de manter distância do veículo da frente";"Colisão traseira";"Com Vítimas Feridas";"Pleno dia";"Crescente";"Céu Claro";"Dupla";"Reta";"Não";5;0;1;0;3;2;1;5;-25,15559918;-50,13322909;"SPRF-PR";"DEL03-PR";"UOP01-DEL03-PR"
392608;2021-10-29;"sexta-feira";"14:00:00";"RN";304;236;"RIACHUELO";"Ultrapassagem Indevida";"Colisão frontal";"Com Vítimas Fatais";"Pleno dia";"Crescente";"Sol";"Simples";"Reta";"Não";3;1;1;0;0;1;1;3;-5,771649;-35,85737;"SPRF-RN";"DEL01-RN";"UOP02-DEL01-RN"
392612;2021-10-29;"sexta-feira";"12:40:00";"SC";280;36,9;"ARAQUARI";"Reação tardia ou ineficiente do condutor";"Engavetamento";"Sem Vítimas";"Pleno dia";"Crescente";"Garoa/Chuvisco";"Simples";"Declive;Curva";"Não";7;0;0;0;6;1;0;7;-26,44472559;-48,81741643;"SPRF-SC";"DEL03-SC";"UOP03-DEL03-SC"
392616;2021-10-29;"sexta-feira";"13:10:00";"PE";101;84,1;"JABOATAO DOS GUARARAPES";"Transitar na contramão";"Colisão lateral sentido oposto";"Com Vítimas Feridas";"Pleno dia";"Crescente";"Céu Claro";"Dupla";"Curva";"Não";2;0;1;0;1;0;1;2;-8,19313416;-34,95655835;"SPRF-PE";"DEL01-PE";"UOP01-DEL01-PE"
392620;2021-10-29;"sexta-feira";"14:50:00";"RJ";101;60;"CAMPOS DOS GOYTACAZES";"Condutor desrespeitou a iluminação vermelha do semáforo";"Colisão transversal";"Sem Vítimas";"Pleno dia";"Decrescente";"Garoa/Chuvisco";"Simples";"Interseção de Vias";"Sim";2;0;0;0;1;1;0;2;-21,72048414;-41,31448591;"SPRF-RJ";"DEL08-RJ";"UOP01-DEL08-RJ"
392622;2021-10-29;"sexta-feira";"14:40:00";"PR";277;335;"GUARAPUAVA";"Reação tardia ou ineficiente do condutor";"Colisão traseira";"Com Vítimas Feridas";"Pleno dia";"Crescente";"Nublado";"Dupla";"Declive;Curva";"Não";2;0;0;1;1;0;1;2;-25,34469;-51,401481;"SPRF-PR";"DEL08-PR";"UOP01-DEL08-PR"
392626;2021-10-29;"sexta-feira";"14:25:00";"MG";381;490;"BETIM";"Reação tardia ou ineficiente do condutor";"Colisão traseira";"Com Vítimas Feridas";"Pleno dia";"Crescente";"Céu Claro";"Dupla";"Reta";"Sim";2;0;1;0;1;0;1;2;-19,96502819;-44,17422195;"SPRF-MG";"DEL01-MG";"UOP03-DEL01-MG"
392640;2021-10-29;"sexta-feira";"14:30:00";"CE";116;421,9;"IPAUMIRIM";"Pista esburacada";"Capotamento";"Com Vítimas Feridas";"Pleno dia";"Decrescente";"Céu Claro";"Simples";"Reta;Aclive";"Não";7;0;2;0;4;2;2;4;-6,76837885;-38,77540177;"SPRF-CE";"DEL05-CE";"UOP01-DEL05-CE"
392644;2021-10-29;"sexta-feira";"16:10:00";"ES";101;293,3;"CARIACICA";"Demais falhas mecânicas ou elétricas";"Colisão transversal";"Com Vítimas Feridas";"Pleno dia";"Decrescente";"Sol";"Dupla";"Reta";"Sim";2;0;0;1;0;1;1;2;-20,31339893;-40,39516211;"SPRF-ES";"DEL01-ES";"UOP01-DEL01-ES"
392645;2021-10-29;"sexta-feira";"09:54:00";"PA";230;510;"ANAPU";"Reação tardia ou ineficiente do condutor";"Colisão traseira";"Sem Vítimas";"Pleno dia";"Decrescente";"Nublado";"Simples";"Aclive";"Não";4;0;0;0;4;0;0;4;-3,39585732;-51,29067824;"SPRF-PA";"DEL04-PA";"UOP01-DEL04-PA"
392648;2021-10-29;"sexta-feira";"16:40:00";"RJ";101;52;"CAMPOS DOS GOYTACAZES";"Condutor deixou de manter distância do veículo da frente";"Eventos atípicos";"Com Vítimas Feridas";"Pleno dia";"Crescente";"Garoa/Chuvisco";"Simples";"Declive";"Não";4;0;1;1;1;1;2;3;-21,65160802;-41,31128624;"SPRF-RJ";"DEL08-RJ";"UOP01-DEL08-RJ"
392657;2021-10-29;"sexta-feira";"07:30:00";"RO";364;303;"PRESIDENTE MEDICI";"Reação tardia ou ineficiente do condutor";"Saída de leito carroçável";"Sem Vítimas";"Pleno dia";"Crescente";"Sol";"Simples";"Reta";"Não";4;0;0;0;3;1;0;2;-11,217592;-61,90172;"SPRF-RO";"DEL02-RO";"UOP01-DEL02-RO"
392658;2021-10-18;"segunda-feira";"16:05:00";"BA";101;717;"EUNAPOLIS";"Reação tardia ou ineficiente do condutor";"Colisão lateral mesmo sentido";"Sem Vítimas";"Pleno dia";"Decrescente";"Sol";"Simples";"Reta";"Sim";2;0;0;0;1;1;0;2;-16,37232096;-39,58096331;"SPRF-BA";"DEL09-BA";"UOP01-DEL09-BA"
392660;2021-10-29;"sexta-feira";"16:45:00";"PA";316;61;"CASTANHAL";"Condutor deixou de manter distância do veículo da frente";"Engavetamento";"Sem Vítimas";"Anoitecer";"Crescente";"Chuva";"Dupla";"Reta";"Sim";3;0;0;0;3;0;0;3;-1,29686015;-47,94639002;"SPRF-PA";"DEL01-PA";"UOP01-DEL01-PA"
392661;2021-09-27;"segunda-feira";"18:50:00";"MT";364;349;"SANTO ANTONIO DO LEVERGER";"Problema com o freio";"Colisão traseira";"Com Vítimas Feridas";"Plena Noite";"Crescente";"Céu Claro";"Simples";"Reta";"Não";4;0;2;1;0;2;3;4;-15,80502622;-55,5546431;"SPRF-MT";"DEL05-MT";"UOP02-DEL05-MT"
392662;2021-10-29;"sexta-feira";"17:30:00";"PB";101;108,9;"ALHANDRA";"Ingestão de álcool e/ou substâncias psicoativas pelo pedestre";"Atropelamento de Pedestre";"Com Vítimas Fatais";"Anoitecer";"Crescente";"Nublado";"Múltipla";"Reta";"Sim";3;1;0;0;0;2;0;2;-7,342004;-34,947875;"SPRF-PB";"DEL01-PB";"UOP02-DEL01-PB"
392671;2021-10-29;"sexta-feira";"16:35:00";"PA";316;66;"CASTANHAL";"Acessar a via sem observar a presença dos outros veículos";"Colisão transversal";"Com Vítimas Feridas";"Pleno dia";"Crescente";"Nublado";"Simples";"Reta";"Sim";2;0;1;0;1;0;1;2;-1,29533525;-47,90182499;"SPRF-PA";"DEL01-PA";"UOP01-DEL01-PA"
392675;2021-10-29;"sexta-feira";"17:10:00";"PR";116;208;"RIO NEGRO";"Reação tardia ou ineficiente do condutor";"Colisão transversal";"Com Vítimas Feridas";"Pleno dia";"Decrescente";"Nublado";"Simples";"Reta;Aclive";"Sim";2;0;1;0;1;0;1;2;-26,07336494;-49,74365505;"SPRF-SC";"DEL06-SC";"UOP01-DEL06-SC"
392676;2021-10-29;"sexta-feira";"18:50:00";"PR";277;70;"SAO JOSE DOS PINHAIS";"Condutor deixou de manter distância do veículo da frente";"Colisão traseira";"Com Vítimas Feridas";"Anoitecer";"Crescente";"Garoa/Chuvisco";"Dupla";"Reta";"Sim";3;0;2;0;0;1;2;2;-25,53317957;-49,07969781;"SPRF-PR";"DEL01-PR";"UOP01-DEL01-PR"
392677;2021-10-29;"sexta-feira";"17:50:00";"SC";470;36;"GASPAR";"Condutor deixou de manter distância do veículo da frente";"Colisão traseira";"Com Vítimas Feridas";"Anoitecer";"Crescente";"Garoa/Chuvisco";"Dupla";"Reta";"Não";3;0;1;1;1;0;2;3;-26,914196;-48,968948;"SPRF-SC";"DEL04-SC";"UOP01-DEL04-SC"
392678;2021-10-29;"sexta-feira";"16:50:00";"SC";101;106,1;"PENHA";"Reação tardia ou ineficiente do condutor";"Colisão traseira";"Com Vítimas Feridas";"Pleno dia";"Crescente";"Nublado";"Simples";"Reta";"Não";4;0;0;1;2;3;1;6;-26,81204997;-48,68331134;"SPRF-SC";"DEL03-SC";"UOP02-DEL03-SC"
392684;2021-10-29;"sexta-feira";"16:00:00";"MG";381;586;"CARMOPOLIS DE MINAS";"Velocidade Incompatível";"Capotamento";"Com Vítimas Fatais";"Pleno dia";"Decrescente";"Sol";"Dupla";"Curva";"Sim";1;1;0;0;0;0;0;1;-20,57842106;-44,57239151;"SPRF-MG";"DEL04-MG";"UOP01-DEL04-MG"
392689;2021-10-29;"sexta-feira";"13:30:00";"BA";101;78;"ENTRE RIOS";"Velocidade Incompatível";"Tombamento";"Com Vítimas Feridas";"Pleno dia";"Crescente";"Céu Claro";"Dupla";"Desvio Temporário";"Não";3;0;2;0;0;1;2;2;-12,00611883;-38,26182514;"SPRF-BA";"DEL01-BA";"UOP04-DEL01-BA"
392691;2021-10-29;"sexta-feira";"19:15:00";"BA";116;421;"FEIRA DE SANTANA";"Ausência de reação do condutor";"Atropelamento de Pedestre";"Com Vítimas Fatais";"Plena Noite";"Crescente";"Céu Claro";"Dupla";"Reta";"Sim";3;1;0;0;1;1;0;2;-12,2212;-38,9656;"SPRF-BA";"DEL02-BA";"UOP01-DEL02-BA"
392692;2021-10-29;"sexta-feira";"17:34:00";"MT";70;498;"CUIABA";"Acessar a via sem observar a presença dos outros veículos";"Colisão lateral mesmo sentido";"Com Vítimas Feridas";"Pleno dia";"Decrescente";"Céu Claro";"Simples";"Reta";"Não";4;0;1;0;2;3;1;6;-15,68932746;-55,9068932;"SPRF-MT";"DEL01-MT";"UOP02-DEL01-MT"
392696;2021-10-25;"segunda-feira";"15:30:00";"BA";101;659;"ITAPEBI";"Velocidade Incompatível";"Saída de leito carroçável";"Sem Vítimas";"Pleno dia";"Crescente";"Nublado";"Simples";"Reta";"Não";1;0;0;0;1;0;0;1;-15,92815;-39,56168;"SPRF-BA";"DEL05-BA";"UOP02-DEL05-BA"
392704;2021-10-29;"sexta-feira";"19:50:00";"BA";20;180;"LUIS EDUARDO MAGALHAES";"Reação tardia ou ineficiente do condutor";"Tombamento";"Com Vítimas Feridas";"Plena Noite";"Crescente";"Céu Claro";"Simples";"Reta";"Não";2;0;1;0;0;2;1;3;-12,337452;-45,856553;"SPRF-BA";"DEL10-BA";"UOP01-DEL10-BA"
392705;2021-10-29;"sexta-feira";"20:25:00";"PE";424;95;"GARANHUNS";"Transitar na contramão";"Colisão frontal";"Com Vítimas Feridas";"Plena Noite";"Crescente";"Nublado";"Simples";"Declive";"Não";3;0;0;2;1;0;2;2;-8,92487901;-36,48949333;"SPRF-PE";"DEL03-PE";"UOP01-DEL03-PE"
392719;2021-10-29;"sexta-feira";"22:40:00";"RJ";116;62;"TERESOPOLIS";"Ausência de reação do condutor";"Colisão frontal";"Com Vítimas Fatais";"Plena Noite";"Decrescente";"Nublado";"Simples";"Reta";"Sim";2;1;0;0;1;0;0;2;-22,25254197;-42,91927708;"SPRF-RJ";"DEL04-RJ";"UOP01-DEL04-RJ"
392720;2021-10-29;"sexta-feira";"23:10:00";"CE";20;423,5;"MARACANAU";"Acostamento em desnível";"Saída de leito carroçável";"Com Vítimas Feridas";"Plena Noite";"Crescente";"Céu Claro";"Dupla";"Reta";"Sim";2;0;1;0;0;1;1;2;-3,85772689;-38,54910158;"SPRF-CE";"DEL01-CE";"UOP02-DEL01-CE"
392729;2021-10-29;"sexta-feira";"20:15:00";"MT";364;606;"DIAMANTINO";"Velocidade Incompatível";"Colisão traseira";"Com Vítimas Feridas";"Plena Noite";"Crescente";"Céu Claro";"Simples";"Reta";"Não";3;0;0;1;1;3;1;5;-14,46636928;-56,24884699;"SPRF-MT";"DEL01-MT";"UOP01-DEL01-MT"
392731;2021-10-29;"sexta-feira";"23:50:00";"RN";101;130;"SAO JOSE DE MIPIBU";"Ausência de reação do condutor";"Colisão traseira";"Com Vítimas Feridas";"Plena Noite";"Decrescente";"Garoa/Chuvisco";"Dupla";"Declive";"Não";2;0;1;0;1;0;1;2;-6,11942871;-35,22935423;"SPRF-RN";"DEL01-RN";"UOP01-DEL01-RN"
392732;2021-10-29;"sexta-feira";"21:30:00";"BA";101;108;"ALAGOINHAS";"Ausência de reação do condutor";"Colisão transversal";"Com Vítimas Feridas";"Plena Noite";"Decrescente";"Céu Claro";"Simples";"Curva";"Não";3;0;1;0;1;1;1;3;-12,13550176;-38,39241028;"SPRF-BA";"DEL01-BA";"UOP04-DEL01-BA"
392734;2021-10-29;"sexta-feira";"23:40:00";"PR";116;101;"SAO JOSE DOS PINHAIS";"Ausência de reação do condutor";"Engavetamento";"Com Vítimas Feridas";"Plena Noite";"Crescente";"Garoa/Chuvisco";"Dupla";"Reta";"Não";6;0;2;0;3;1;2;5;-25,56660098;-49,16725159;"SPRF-PR";"DEL01-PR";"UOP01-DEL01-PR"
392736;2021-10-29;"sexta-feira";"08:30:00";"GO";364;271,4;"MINEIROS";"Reação tardia ou ineficiente do condutor";"Saída de leito carroçável";"Com Vítimas Feridas";"Pleno dia";"Decrescente";"Céu Claro";"Simples";"Curva";"Não";2;0;1;0;0;1;1;2;-17,669678;-52,325985;"SPRF-GO";"DEL05-GO";"UOP01-DEL05-GO"
392741;2021-10-30;"sábado";"02:00:00";"PE";232;157;"SAO CAITANO";"Ausência de sinalização";"Tombamento";"Com Vítimas Feridas";"Plena Noite";"Decrescente";"Céu Claro";"Simples";"Reta";"Não";2;0;1;0;1;0;1;1;-8,32994251;-36,22627296;"SPRF-PE";"DEL02-PE";"UOP03-DEL02-PE"
392742;2021-10-30;"sábado";"01:20:00";"SC";101;116;"ITAJAI";"Ingestão de álcool pelo condutor";"Colisão lateral mesmo sentido";"Sem Vítimas";"Plena Noite";"Crescente";"Garoa/Chuvisco";"Múltipla";"Reta";"Sim";4;0;0;0;2;3;0;5;-26,87905605;-48,72603512;"SPRF-SC";"DEL04-SC";"UOP04-DEL04-SC"
392745;2021-10-29;"sexta-feira";"22:00:00";"BA";101;884,6;"TEIXEIRA DE FREITAS";"Curva acentuada";"Tombamento";"Sem Vítimas";"Plena Noite";"Decrescente";"Nublado";"Simples";"Curva";"Não";2;0;0;0;1;3;0;4;-17,60023698;-39,7492218;"SPRF-BA";"DEL09-BA";"UOP02-DEL09-BA"
392749;2021-10-30;"sábado";"03:00:00";"SC";101;225,6;"PALHOCA";"Velocidade Incompatível";"Colisão traseira";"Com Vítimas Feridas";"Plena Noite";"Crescente";"Chuva";"Dupla";"Reta";"Não";4;0;1;0;2;1;1;4;-27,73292191;-48,6409567;"SPRF-SC";"DEL01-SC";"UOP02-DEL01-SC"
392756;2021-10-30;"sábado";"04:25:00";"SC";470;133;"RIO DO SUL";"Transitar na contramão";"Colisão frontal";"Com Vítimas Feridas";"Plena Noite";"Crescente";"Nublado";"Simples";"Reta";"Sim";3;0;0;1;2;0;1;3;-27,17140183;-49,57897067;"SPRF-SC";"DEL04-SC";"UOP02-DEL04-SC"
392762;2021-10-30;"sábado";"05:45:00";"RN";406;22,2;"MACAU";"Desrespeitar a preferência no cruzamento";"Colisão transversal";"Com Vítimas Fatais";"Amanhecer";"Crescente";"Céu Claro";"Simples";"Interseção de Vias";"Não";15;1;2;0;11;2;2;4;-5,21130413;-36,45994006;"SPRF-RN";"DEL02-RN";"UOP01-DEL02-RN"
392770;2021-10-30;"sábado";"04:20:00";"PE";424;81;"GARANHUNS";"Reação tardia ou ineficiente do condutor";"Engavetamento";"Com Vítimas Feridas";"Amanhecer";"Crescente";"Céu Claro";"Simples";"Reta";"Não";4;0;1;0;2;1;1;4;-8,83566196;-36,53934997;"SPRF-PE";"DEL03-PE";"UOP01-DEL03-PE"
392771;2021-10-30;"sábado";"06:00:00";"MS";436;18;"APARECIDA DO TABOADO";"Velocidade Incompatível";"Tombamento";"Com Vítimas Feridas";"Pleno dia";"Crescente";"Céu Claro";"Simples";"Interseção de Vias";"Não";2;0;1;0;0;1;1;2;-20,08283781;-51,13693714;"SPRF-MS";"DEL08-MS";"UOP01-DEL08-MS"
392774;2021-10-30;"sábado";"05:40:00";"SC";116;246,5;"LAGES";"Ingestão de álcool pelo condutor";"Colisão frontal";"Com Vítimas Feridas";"Amanhecer";"Crescente";"Nublado";"Simples";"Reta";"Sim";2;0;0;1;1;0;1;2;-27,80419942;-50,36509464;"SPRF-SC";"DEL05-SC";"UOP02-DEL05-SC"
392776;2021-10-30;"sábado";"01:55:00";"MG";116;768;"LEOPOLDINA";"Deficiência do Sistema de Iluminação/Sinalização";"Colisão traseira";"Sem Vítimas";"Plena Noite";"Decrescente";"Céu Claro";"Simples";"Reta";"Sim";2;0;0;0;2;0;0;2;-21,54357124;-42,65688182;"SPRF-MG";"DEL07-MG";"UOP01-DEL07-MG"
392779;2021-10-30;"sábado";"07:20:00";"RJ";101;16,9;"CAMPOS DOS GOYTACAZES";"Transitar na contramão";"Colisão frontal";"Com Vítimas Feridas";"Pleno dia";"Decrescente";"Chuva";"Simples";"Curva";"Não";4;0;2;2;0;0;4;2;-21,35790606;-41,33737489;"SPRF-RJ";"DEL08-RJ";"UOP01-DEL08-RJ"
392782;2021-10-30;"sábado";"07:55:00";"MG";262;500,6;"LUZ";"Transitar na contramão";"Colisão frontal";"Com Vítimas Feridas";"Pleno dia";"Decrescente";"Nublado";"Simples";"Reta";"Não";8;0;1;0;6;1;1;3;-19,7206761;-45,87719024;"SPRF-MG";"DEL08-MG";"UOP03-DEL08-MG"
392785;2021-10-30;"sábado";"05:40:00";"MG";381;821,8;"CAREACU";"Transitar na contramão";"Colisão frontal";"Com Vítimas Fatais";"Amanhecer";"Decrescente";"Céu Claro";"Dupla";"Curva";"Não";6;2;0;2;1;1;2;3;-22,08438726;-45,70190191;"SPRF-MG";"DEL16-MG";"UOP01-DEL16-MG"
392786;2021-10-30;"sábado";"07:40:00";"PE";232;71,2;"GRAVATA";"Condutor deixou de manter distância do veículo da frente";"Colisão traseira";"Sem Vítimas";"Pleno dia";"Crescente";"Céu Claro";"Dupla";"Reta";"Não";2;0;0;0;2;0;0;2;-8,18344403;-35,49296599;"SPRF-PE";"DEL02-PE";"UOP02-DEL02PE"
392787;2021-10-30;"sábado";"04:35:00";"PR";153;505;"GENERAL CARNEIRO";"Velocidade Incompatível";"Colisão frontal";"Com Vítimas Feridas";"Plena Noite";"Crescente";"Garoa/Chuvisco";"Simples";"Curva";"Não";4;0;1;1;1;2;2;4;-26,39041589;-51,28055922;"SPRF-PR";"DEL02-PR";"UOP03-DEL02-PR"
392790;2021-10-30;"sábado";"08:40:00";"GO";80;117;"VILA PROPICIO";"Ultrapassagem Indevida";"Colisão lateral sentido oposto";"Com Vítimas Feridas";"Pleno dia";"Decrescente";"Céu Claro";"Simples";"Ponte;Reta";"Não";10;0;3;1;3;4;4;6;-15,092463;-48,855027;"SPRF-GO";"DEL07-GO";"UOP01-DEL07-GO"
392793;2021-10-30;"sábado";"08:25:00";"MG";262;398;"PARA DE MINAS";"Retorno proibido";"Colisão transversal";"Com Vítimas Feridas";"Pleno dia";"Crescente";"Sol";"Dupla";"Reta";"Não";4;0;2;0;1;1;2;3;-19,89038;-44,58554506;"SPRF-MG";"DEL01-MG";"UOP03-DEL01-MG"
392794;2021-09-16;"quinta-feira";"16:30:00";"SC";280;104,2;"SAO BENTO DO SUL";"Chuva";"Colisão frontal";"Com Vítimas Fatais";"Pleno dia";"Crescente";"Chuva";"Simples";"Reta;Aclive";"Não";4;1;0;2;1;0;2;2;-26,3489253;-49,3690278;"SPRF-SC";"DEL06-SC";"UOP03-DEL06-SC"
392800;2021-10-30;"sábado";"08:30:00";"RJ";101;59;"CAMPOS DOS GOYTACAZES";"Condutor deixou de manter distância do veículo da frente";"Colisão traseira";"Com Vítimas Feridas";"Pleno dia";"Crescente";"Nublado";"Simples";"Reta";"Sim";4;0;1;0;2;3;1;5;-21,716396;-41,310199;"SPRF-RJ";"DEL08-RJ";"UOP01-DEL08-RJ"
392815;2021-10-30;"sábado";"11:00:00";"ES";101;357,7;"ANCHIETA";"Condutor Dormindo";"Colisão frontal";"Com Vítimas Feridas";"Pleno dia";"Crescente";"Chuva";"Simples";"Reta";"Não";5;0;2;2;1;0;4;2;-20,68939658;-40,69515524;"SPRF-ES";"DEL03-ES";"UOP01-DEL03-ES"
392826;2021-10-30;"sábado";"10:25:00";"MA";135;4;"SAO LUIS";"Acessar a via sem observar a presença dos outros veículos";"Colisão lateral mesmo sentido";"Com Vítimas Feridas";"Pleno dia";"Crescente";"Céu Claro";"Dupla";"Reta";"Sim";2;0;1;0;1;0;1;2;-2,61424881;-44,25257023;"SPRF-MA";"DEL01-MA";"UOP01-DEL01-MA"
392831;2021-10-30;"sábado";"11:20:00";"SC";101;217,6;"PALHOCA";"Reação tardia ou ineficiente do condutor";"Colisão traseira";"Sem Vítimas";"Pleno dia";"Decrescente";"Chuva";"Múltipla";"Reta";"Não";3;0;0;0;2;2;0;4;-27,66779034;-48,67393586;"SPRF-SC";"DEL01-SC";"UOP02-DEL01-SC"
392833;2021-10-30;"sábado";"12:45:00";"PR";277;115;"CAMPO LARGO";"Velocidade Incompatível";"Colisão traseira";"Sem Vítimas";"Pleno dia";"Crescente";"Sol";"Dupla";"Reta";"Sim";4;0;0;0;3;1;0;4;-25,43041215;-49,39663893;"SPRF-PR";"DEL01-PR";"UOP03-DEL03-PR"
392834;2021-10-30;"sábado";"12:10:00";"SP";116;155;"SAO JOSE DOS CAMPOS";"Manobra de mudança de faixa";"Colisão lateral mesmo sentido";"Com Vítimas Feridas";"Pleno dia";"Crescente";"Nublado";"Múltipla";"Reta";"Sim";5;0;1;0;3;2;1;5;-23,24524337;-45,92772774;"SPRF-SP";"DEL02-SP";"UOP01-DEL02-SP"
392841;2021-10-30;"sábado";"13:50:00";"BA";135;127;"RIACHAO DAS NEVES";"Condutor deixou de manter distância do veículo da frente";"Colisão lateral mesmo sentido";"Com Vítimas Feridas";"Pleno dia";"Decrescente";"Céu Claro";"Simples";"Declive";"Não";4;0;1;0;1;2;1;3;-11,77625493;-44,89703792;"SPRF-BA";"DEL10-BA";"UOP01-DEL10-BA"
392849;2021-10-30;"sábado";"14:35:00";"RS";392;257;"CACAPAVA DO SUL";"Reação tardia ou ineficiente do condutor";"Saída de leito carroçável";"Com Vítimas Fatais";"Pleno dia";"Decrescente";"Céu Claro";"Múltipla";"Declive;Curva";"Não";2;1;0;0;0;1;0;2;-30,50180562;-53,47574896;"SPRF-RS";"DEL09-RS";"UOP02-DEL09-RS"
392850;2021-10-30;"sábado";"11:40:00";"MA";230;52;"SUCUPIRA DO RIACHAO";"Demais falhas mecânicas ou elétricas";"Saída de leito carroçável";"Com Vítimas Feridas";"Pleno dia";"Decrescente";"Céu Claro";"Simples";"Declive";"Não";3;0;1;0;1;1;1;2;-6,59611387;-43,41871789;"SPRF-PI";"DEL03-PI";"UOP01-DEL03-PI"
392854;2021-10-30;"sábado";"14:00:00";"ES";262;136,7;"BREJETUBA";"Velocidade Incompatível";"Tombamento";"Com Vítimas Feridas";"Pleno dia";"Crescente";"Chuva";"Simples";"Declive;Curva";"Não";2;0;1;0;0;2;1;3;-20,24110613;-41,33884311;"SPRF-ES";"DEL01-ES";"UOP02-DEL01-ES"
392856;2021-10-30;"sábado";"13:50:00";"SP";116;52,8;"LORENA";"Desrespeitar a preferência no cruzamento";"Colisão transversal";"Sem Vítimas";"Pleno dia";"Crescente";"Nublado";"Simples";"Rotatória";"Sim";2;0;0;0;2;0;0;2;-22,74708138;-45,09973038;"SPRF-SP";"DEL08-SP";"UOP02-DEL08-SP"
392858;2021-10-30;"sábado";"10:07:00";"PI";135;360;"BOM JESUS";"Ingestão de álcool pelo condutor";"Colisão traseira";"Sem Vítimas";"Pleno dia";"Crescente";"Céu Claro";"Simples";"Reta";"Não";2;0;0;0;2;0;0;2;-9,13562779;-44,38838121;"SPRF-PI";"DEL03-PI";"UOP02-DEL03-PI"
392859;2021-10-30;"sábado";"15:15:00";"RJ";493;99;"SEROPEDICA";"Reação tardia ou ineficiente do condutor";"Saída de leito carroçável";"Sem Vítimas";"Pleno dia";"Decrescente";"Céu Claro";"Dupla";"Reta";"Não";2;0;0;0;2;0;0;2;-22,72552381;-43,71322632;"SPRF-RJ";"DEL03-RJ";"UOP01-DEL03-RJ"
392866;2021-10-30;"sábado";"15:55:00";"SP";116;129,4;"CACAPAVA";"Condutor deixou de manter distância do veículo da frente";"Colisão lateral mesmo sentido";"Com Vítimas Feridas";"Pleno dia";"Crescente";"Nublado";"Dupla";"Reta";"Não";3;0;1;0;1;1;1;2;-23,11885593;-45,71948203;"SPRF-SP";"DEL02-SP";"UOP02-DEL02-SP"
392868;2021-10-30;"sábado";"14:30:00";"GO";364;156;"JATAI";"Ingestão de álcool pelo condutor";"Engavetamento";"Com Vítimas Feridas";"Pleno dia";"Crescente";"Céu Claro";"Simples";"Aclive;Reta";"Não";5;0;2;0;2;1;2;4;-18,124796;-51,467304;"SPRF-GO";"DEL05-GO";"UOP01-DEL05-GO"
392869;2021-10-30;"sábado";"14:30:00";"MG";262;593,7;"CAMPOS ALTOS";"Chuva";"Saída de leito carroçável";"Com Vítimas Feridas";"Pleno dia";"Decrescente";"Chuva";"Simples";"Curva";"Não";1;0;0;1;0;0;1;1;-19,666414;-46,16032;"SPRF-MG";"DEL08-MG";"UOP02-DEL08-MG"
392870;2021-10-30;"sábado";"16:25:00";"SE";101;89;"NOSSA SENHORA DO SOCORRO";"Acessar a via sem observar a presença dos outros veículos";"Colisão traseira";"Com Vítimas Feridas";"Pleno dia";"Decrescente";"Céu Claro";"Dupla";"Declive";"Não";4;0;2;0;1;1;2;4;-10,88051024;-37,13355535;"SPRF-SE";"DEL01-SE";"UOP01-DEL01-SE"
392874;2021-07-12;"segunda-feira";"05:00:00";"PI";316;182,6;"VALENCA DO PIAUI";"Transitar na contramão";"Colisão lateral sentido oposto";"Com Vítimas Fatais";"Amanhecer";"Decrescente";"Céu Claro";"Simples";"Curva";"Não";6;1;0;2;3;0;2;2;-6,25772823;-41,9599383;"SPRF-PI";"DEL04-PI";"UOP02-DEL04-PI"