"id";"data_inversa";"dia_semana";"horario";"uf";"br";"km";"municipio";"causa_acidente";"tipo_acidente";"classificacao_acidente";"fase_dia";"sentido_via";"condicao_metereologica";"tipo_pista";"tracado_via";"uso_solo";"pessoas";"mortos";"feridos_leves";"feridos_graves";"ilesos";"ignorados";"feridos";"veiculos";"latitude";"longitude";"regional";"delegacia";"uop"
393259;2021-11-01;"segunda-feira";"06:00:00";"GO";153;216;"URUACU";"Transitar na contramão";"Colisão frontal";"Com Vítimas Fatais";"Pleno dia";"Crescente";"Chuva";"Simples";"Reta";"Não";7;1;1;0;4;4;1;7;-14,649796;-49,185867;"SPRF-GO";"DEL07-GO";"UOP02-DEL07-GO"
393260;2021-10-20;"quarta-feira";"10:46:00";"RS";392;47,7;"RIO GRANDE";"Reação tardia ou ineficiente do condutor";"Colisão traseira";"Com Vítimas Feridas";"Pleno dia";"Crescente";"Céu Claro";"Dupla";"Reta";"Não";4;0;1;0;2;2;1;5;-31,90118807;-52,31761641;"SPRF-RS";"DEL07-RS";"UOP02-DEL07-RS"
393270;2021-11-01;"segunda-feira";"03:50:00";"CE";402;207,9;"ACARAU";"Transitar na contramão";"Colisão frontal";"Com Vítimas Fatais";"Plena Noite";"Decrescente";"Céu Claro";"Simples";"Reta";"Não";2;1;0;0;1;0;0;2;-3,23934776;-39,97147997;"SPRF-CE";"DEL01-CE";"UOP03-DEL01-CE"
393272;2021-11-01;"segunda-feira";"09:00:00";"MG";381;228,5;"BELO ORIENTE";"Estacionar ou parar em local proibido";"Engavetamento";"Sem Vítimas";"Pleno dia";"Crescente";"Chuva";"Dupla";"Reta";"Sim";5;0;0;0;4;1;0;5;-19,3194863;-42,40413666;"SPRF-MG";"DEL06-MG";"UOP01-DEL06-MG"
393273;2021-11-01;"segunda-feira";"04:10:00";"MG";381;842,8;"SAO SEBASTIAO DA BELA VISTA";"Manobra de mudança de faixa";"Colisão traseira";"Com Vítimas Feridas";"Plena Noite";"Crescente";"Chuva";"Dupla";"Reta";"Não";3;0;2;0;0;1;2;2;-22,21565425;-45,86960261;"SPRF-MG";"DEL16-MG";"UOP01-DEL16-MG"
393278;2021-11-01;"segunda-feira";"09:40:00";"PE";424;46,2;"VENTUROSA";"Problema com o freio";"Saída de leito carroçável";"Com Vítimas Feridas";"Pleno dia";"Decrescente";"Céu Claro";"Simples";"Curva";"Não";3;0;2;1;0;0;3;1;-8,69226895;-36,78893898;"SPRF-PE";"DEL03-PE";"UOP01-DEL03-PE"
393279;2021-11-01;"segunda-feira";"11:15:00";"GO";60;186,6;"GUAPO";"Velocidade Incompatível";"Colisão com objeto";"Com Vítimas Feridas";"Pleno dia";"Crescente";"Céu Claro";"Dupla";"Reta;Declive;Retorno Regulamentado";"Não";2;0;2;0;0;0;2;1;-16,8011;-49,5177;"SPRF-GO";"DEL01-GO";"UOP02-DEL01-GO"
393280;2021-11-01;"segunda-feira";"11:25:00";"PE";101;43,6;"IGARASSU";"Manobra de mudança de faixa";"Colisão lateral mesmo sentido";"Sem Vítimas";"Pleno dia";"Crescente";"Céu Claro";"Múltipla";"Reta";"Sim";2;0;0;0;2;0;0;2;-7,84753808;-34,90977038;"SPRF-PE";"DEL01-PE";"UOP02-DEL01-PE"
393283;2021-11-01;"segunda-feira";"11:55:00";"PR";476;133;"CURITIBA";"Ausência de reação do condutor";"Colisão lateral mesmo sentido";"Com Vítimas Feridas";"Pleno dia";"Crescente";"Garoa/Chuvisco";"Múltipla";"Reta";"Sim";3;0;1;0;1;1;1;3;-25,469219;-49,254143;"SPRF-PR";"DEL01-PR";"UOP03-DEL01-PR"
393284;2021-11-01;"segunda-feira";"11:25:00";"SC";116;217,4;"CORREIA PINTO";"Frear bruscamente";"Tombamento";"Com Vítimas Feridas";"Pleno dia";"Crescente";"Nublado";"Simples";"Reta";"Sim";1;0;1;0;0;0;1;1;-27,56488583;-50,37484646;"SPRF-SC";"DEL05-SC";"UOP03-DEL05-SC"
393286;2021-11-01;"segunda-feira";"11:30:00";"RJ";493;68;"QUEIMADOS";"Acessar a via sem observar a presença dos outros veículos";"Colisão traseira";"Com Vítimas Feridas";"Pleno dia";"Crescente";"Chuva";"Dupla";"Reta";"Não";3;0;1;0;1;1;1;3;-22,68751822;-43,51272583;"SPRF-RJ";"DEL01-RJ";"UOP03-DEL01-RJ"
393296;2021-11-01;"segunda-feira";"11:45:00";"RS";468;105,3;"TRES PASSOS";"Ausência de reação do condutor";"Colisão transversal";"Com Vítimas Feridas";"Pleno dia";"Crescente";"Céu Claro";"Simples";"Curva";"Sim";3;0;0;1;1;1;1;3;-27,44375401;-53,94975605;"SPRF-RS";"DEL08-RS";"UOP02-DEL08-RS"
393297;2021-11-01;"segunda-feira";"13:25:00";"SC";282;207;"LAGES";"Carga excessiva e/ou mal acondicionada";"Derramamento de carga";"Sem Vítimas";"Pleno dia";"Crescente";"Céu Claro";"Simples";"Rotatória";"Não";1;0;0;0;1;0;0;1;-27,773464;-50,202095;"SPRF-SC";"DEL05-SC";"UOP01-DEL05-SC"
393299;2021-11-01;"segunda-feira";"11:35:00";"PE";101;107;"CABO DE SANTO AGOSTINHO";"Demais falhas na via";"Saída de leito carroçável";"Com Vítimas Feridas";"Pleno dia";"Decrescente";"Céu Claro";"Dupla";"Reta";"Não";1;0;1;0;0;0;1;1;-8,308323;-35,088282;"SPRF-PE";"DEL01-PE";"UOP01-DEL01-PE"
393302;2021-11-01;"segunda-feira";"07:22:00";"BA";101;349;"TEOLANDIA";"Pedestre cruzava a pista fora da faixa";"Atropelamento de Pedestre";"Com Vítimas Fatais";"Pleno dia";"Crescente";"Céu Claro";"Simples";"Curva;Aclive";"Não";3;1;0;0;1;1;0;3;-13,617074;-39,496585;"SPRF-BA";"DEL05-BA";"UOP03-DEL05-BA"
393305;2021-11-01;"segunda-feira";"14:10:00";"GO";60;44,4;"ALEXANIA";"Condutor Dormindo";"Colisão lateral mesmo sentido";"Com Vítimas Feridas";"Pleno dia";"Decrescente";"Céu Claro";"Dupla";"Reta;Aclive";"Não";3;0;1;0;1;1;1;3;-16,1245;-48,5929;"SPRF-GO";"DEL02-GO";"UOP01-DEL02-GO"
393308;2021-11-01;"segunda-feira";"15:00:00";"PA";316;46,7;"SANTA IZABEL DO PARA";"Acessar a via sem observar a presença dos outros veículos";"Colisão transversal";"Com Vítimas Fatais";"Pleno dia";"Decrescente";"Nublado";"Dupla";"Reta";"Sim";6;1;1;1;1;3;2;5;-1,27585585;-48,09602201;"SPRF-PA";"DEL01-PA";"UOP01-DEL01-PA"
393309;2021-11-01;"segunda-feira";"11:10:00";"MA";10;291;"IMPERATRIZ";"Reação tardia ou ineficiente do condutor";"Colisão traseira";"Com Vítimas Feridas";"Pleno dia";"Decrescente";"Céu Claro";"Simples";"Reta";"Não";4;0;1;1;1;2;2;4;-5,189614;-47,522278;"SPRF-MA";"DEL04-MA";"UOP01-DEL04-MA"
393314;2021-11-01;"segunda-feira";"15:10:00";"RS";285;208;"LAGOA VERMELHA";"Desrespeitar a preferência no cruzamento";"Colisão transversal";"Com Vítimas Feridas";"Pleno dia";"Decrescente";"Céu Claro";"Simples";"Interseção de Vias";"Não";6;0;4;0;2;0;4;2;-28,22424755;-51,61085129;"SPRF-RS";"DEL08-RS";"UOP05-DEL08-RS"
393315;2021-11-01;"segunda-feira";"15:40:00";"MG";365;693;"MONTE ALEGRE DE MINAS";"Ausência de reação do condutor";"Tombamento";"Com Vítimas Feridas";"Pleno dia";"Crescente";"Sol";"Dupla";"Reta";"Não";2;0;1;0;0;3;1;4;-18,877542;-48,933035;"SPRF-MG";"DEL15-MG";"UOP03-DEL15-MG"
393316;2021-11-01;"segunda-feira";"15:35:00";"SC";470;300,7;"CAMPOS NOVOS";"Reação tardia ou ineficiente do condutor";"Colisão frontal";"Com Vítimas Feridas";"Pleno dia";"Crescente";"Céu Claro";"Simples";"Declive;Reta";"Não";3;0;1;0;1;1;1;3;-27,372538;-51,046467;"SPRF-SC";"DEL07-SC";"UOP06-DEL07-SC"
393318;2021-11-01;"segunda-feira";"16:25:00";"MG";381;455,8;"BELO HORIZONTE";"Chuva";"Colisão frontal";"Com Vítimas Feridas";"Pleno dia";"Crescente";"Chuva";"Simples";"Curva;Aclive";"Sim";6;0;1;0;4;1;1;5;-19,838468;-43,884555;"SPRF-MG";"DEL01-MG";"UOP01-DEL01-MG"
393329;2021-11-01;"segunda-feira";"16:10:00";"MT";163;823;"SINOP";"Condutor deixou de manter distância do veículo da frente";"Colisão traseira";"Com Vítimas Feridas";"Pleno dia";"Decrescente";"Sol";"Simples";"Aclive";"Sim";2;0;0;1;0;1;1;2;-11,96421;-55,517121;"SPRF-MT";"DEL06-MT";"UOP01-DEL06-MT"
393334;2021-11-01;"segunda-feira";"17:30:00";"BA";324;295;"JACOBINA";"Frear bruscamente";"Queda de ocupante de veículo";"Com Vítimas Fatais";"Anoitecer";"Decrescente";"Céu Claro";"Simples";"Reta";"Sim";3;1;0;0;1;1;0;3;-11,18352697;-40,517817;"SPRF-BA";"DEL04-BA";"UOP02-DEL04-BA"
393337;2021-11-01;"segunda-feira";"17:35:00";"PE";232;5,9;"RECIFE";"Trafegar com motocicleta (ou similar) entre as faixas";"Colisão traseira";"Com Vítimas Feridas";"Plena Noite";"Crescente";"Céu Claro";"Dupla";"Reta";"Sim";3;0;1;0;2;0;1;3;-8,06795766;-34,94535414;"SPRF-PE";"DEL01-PE";"UOP01-DEL01-PE"
393347;2021-11-01;"segunda-feira";"17:40:00";"PR";277;433;"VIRMOND";"Acessar a via sem observar a presença dos outros veículos";"Colisão transversal";"Com Vítimas Feridas";"Pleno dia";"Crescente";"Céu Claro";"Simples";"Curva";"Não";3;0;1;0;1;1;1;3;-25,3726631;-52,22706291;"SPRF-PR";"DEL04-PR";"UOP02-DEL04-PR"
393355;2021-11-01;"segunda-feira";"19:15:00";"CE";116;309;"JAGUARIBE";"Desrespeitar a preferência no cruzamento";"Colisão transversal";"Com Vítimas Feridas";"Plena Noite";"Crescente";"Céu Claro";"Simples";"Reta;Interseção de Vias";"Sim";2;0;0;1;1;0;1;2;-5,89477992;-38,61975447;"SPRF-CE";"DEL05-CE";"UOP02-DEL05-CE"
393359;2021-11-01;"segunda-feira";"18:00:00";"PE";101;33,8;"IGARASSU";"Acessar a via sem observar a presença dos outros veículos";"Colisão lateral mesmo sentido";"Com Vítimas Feridas";"Plena Noite";"Crescente";"Vento";"Múltipla";"Reta";"Não";3;0;1;0;2;0;1;2;-7,761909;-34,935654;"SPRF-PE";"DEL01-PE";"UOP02-DEL01-PE"
393361;2021-11-01;"segunda-feira";"19:30:00";"SC";282;39,8;"AGUAS MORNAS";"Conversão proibida";"Colisão transversal";"Com Vítimas Feridas";"Plena Noite";"Decrescente";"Garoa/Chuvisco";"Simples";"Curva";"Não";2;0;1;0;1;0;1;2;-27,712439;-48,860607;"SPRF-SC";"DEL01-SC";"UOP03-DEL01-SC"
393367;2021-11-01;"segunda-feira";"20:30:00";"PR";277;246;"IRATI";"Reação tardia ou ineficiente do condutor";"Colisão lateral mesmo sentido";"Com Vítimas Feridas";"Plena Noite";"Crescente";"Céu Claro";"Simples";"Reta";"Não";6;0;1;0;4;1;1;3;-25,453166;-50,651406;"SPRF-PR";"DEL03-PR";"UOP03-DEL03-PR"
393368;2021-11-01;"segunda-feira";"20:00:00";"RJ";116;277,5;"BARRA MANSA";"Demais falhas mecânicas ou elétricas";"Incêndio";"Sem Vítimas";"Plena Noite";"Decrescente";"Nublado";"Dupla";"Curva";"Não";2;0;0;0;1;1;0;2;-22,55271018;-44,17778004;"SPRF-RJ";"DEL07-RJ";"UOP02-DEL07-RJ"
393369;2021-11-01;"segunda-feira";"18:20:00";"BA";235;349;"JUAZEIRO";"Ultrapassagem Indevida";"Colisão frontal";"Com Vítimas Fatais";"Plena Noite";"Crescente";"Céu Claro";"Dupla";"Reta";"Sim";2;1;0;0;1;0;0;2;-9,43174507;-40,49803816;"SPRF-PE";"DEL06-PE";"UOP01-DEL06-PE"
393371;2021-11-01;"segunda-feira";"20:40:00";"BA";135;121;"RIACHAO DAS NEVES";"Animais na Pista";"Atropelamento de Animal";"Sem Vítimas";"Plena Noite";"Crescente";"Céu Claro";"Simples";"Reta";"Não";1;0;0;0;1;0;0;1;-11,73060594;-44,89845914;"SPRF-BA";"DEL10-BA";"UOP01-DEL10-BA"
393373;2021-11-01;"segunda-feira";"18:45:00";"MG";262;29;"REDUTO";"Desrespeitar a preferência no cruzamento";"Colisão transversal";"Com Vítimas Feridas";"Plena Noite";"Crescente";"Chuva";"Simples";"Reta";"Sim";4;0;1;0;2;1;1;3;-20,247223;-41,982025;"SPRF-MG";"DEL06-MG";"UOP03-DEL06-MG"
393380;2021-11-01;"segunda-feira";"14:15:00";"BA";116;512,5;"FEIRA DE SANTANA";"Acumulo de areia ou detritos sobre o pavimento";"Colisão com objeto";"Com Vítimas Feridas";"Pleno dia";"Crescente";"Céu Claro";"Dupla";"Reta;Declive";"Não";4;0;1;0;3;0;1;2;-12,14164829;-38,96696091;"SPRF-BA";"DEL03-BA";"UOP02-DEL03-BA"
393381;2021-11-01;"segunda-feira";"19:15:00";"SC";282;608,8;"MARAVILHA";"Ultrapassagem Indevida";"Colisão frontal";"Com Vítimas Feridas";"Plena Noite";"Crescente";"Céu Claro";"Simples";"Reta;Aclive";"Não";4;0;0;2;2;0;2;3;-26,7619927;-53,221035;"SPRF-SC";"DEL07-SC";"UOP02-DEL07-SC"
393390;2021-11-01;"segunda-feira";"22:00:00";"PI";20;345,8;"SANTO ANTONIO DE LISBOA";"Pedestre andava na pista";"Colisão lateral mesmo sentido";"Com Vítimas Fatais";"Plena Noite";"Decrescente";"Céu Claro";"Simples";"Declive;Reta";"Não";10;4;2;2;0;2;4;3;-6,93166926;-41,14828072;"SPRF-PI";"DEL04-PI";"UOP01-DEL04-PI"
393392;2021-11-01;"segunda-feira";"22:00:00";"MG";262;131,5;"RIO CASCA";"Condutor deixou de manter distância do veículo da frente";"Colisão traseira";"Sem Vítimas";"Plena Noite";"Crescente";"Chuva";"Simples";"Reta";"Não";2;0;0;0;2;0;0;2;-20,14649102;-42,69628633;"SPRF-MG";"DEL03-MG";"UOP03-DEL03-MG"
393394;2021-11-01;"segunda-feira";"22:30:00";"RS";290;80;"GRAVATAI";"Ausência de reação do condutor";"Capotamento";"Com Vítimas Feridas";"Plena Noite";"Decrescente";"Ignorado";"Múltipla";"Reta";"Não";1;0;1;0;0;0;1;1;-29,95343;-51,058449;"SPRF-RS";"DEL01-RS";"UOP01-DEL01-RS"
393397;2021-11-01;"segunda-feira";"21:30:00";"MS";158;342;"BRASILANDIA";"Acessar a via sem observar a presença dos outros veículos";"Colisão transversal";"Com Vítimas Feridas";"Plena Noite";"Decrescente";"Céu Claro";"Simples";"Interseção de Vias";"Sim";3;0;2;0;0;1;2;2;-21,25589048;-52,02244001;"SPRF-MS";"DEL07-MS";"UOP01-DEL07-MS"
393404;2021-11-01;"segunda-feira";"14:00:00";"MA";135;70;"SANTA RITA";"Acessar a via sem observar a presença dos outros veículos";"Colisão transversal";"Com Vítimas Feridas";"Pleno dia";"Decrescente";"Sol";"Simples";"Reta";"Sim";4;0;0;1;2;2;1;4;-3,14173789;-44,3255132;"SPRF-MA";"DEL01-MA";"UOP02-DEL01-MA"
393408;2021-11-02;"terça-feira";"03:30:00";"PR";376;602;"CURITIBA";"Demais falhas mecânicas ou elétricas";"Incêndio";"Sem Vítimas";"Plena Noite";"Decrescente";"Céu Claro";"Simples";"Curva";"Não";2;0;0;0;1;1;0;2;-25,54329052;-49,30719981;"SPRF-PR";"DEL01-PR";"UOP01-DEL01-PR"
393409;2021-11-02;"terça-feira";"04:00:00";"BA";101;842,3;"TEIXEIRA DE FREITAS";"Velocidade Incompatível";"Colisão frontal";"Com Vítimas Fatais";"Plena Noite";"Crescente";"Chuva";"Simples";"Curva";"Não";4;1;1;0;1;1;1;3;-17,45299422;-39,69732754;"SPRF-BA";"DEL09-BA";"UOP02-DEL09-BA"
393415;2021-11-02;"terça-feira";"02:20:00";"MG";381;559,9;"ITAGUARA";"Velocidade Incompatível";"Tombamento";"Com Vítimas Feridas";"Plena Noite";"Crescente";"Nublado";"Dupla";"Curva";"Não";2;0;1;0;1;0;1;1;-20,38230203;-44,48068397;"SPRF-MG";"DEL04-MG";"UOP03-DEL04-MG"
393424;2021-11-01;"segunda-feira";"21:30:00";"MG";262;434,5;"NOVA SERRANA";"Reação tardia ou ineficiente do condutor";"Saída de leito carroçável";"Com Vítimas Fatais";"Plena Noite";"Crescente";"Ignorado";"Dupla";"Reta";"Não";8;3;2;1;1;1;3;4;-19,8835196;-44,9014609;"SPRF-MG";"DEL08-MG";"UOP03-DEL08-MG"
393430;2021-11-02;"terça-feira";"06:20:00";"MA";135;24;"SAO LUIS";"Condutor deixou de manter distância do veículo da frente";"Colisão traseira";"Com Vítimas Feridas";"Pleno dia";"Decrescente";"Céu Claro";"Simples";"Declive;Ponte";"Sim";3;0;2;0;1;0;2;2;-2,75938096;-44,35428204;"SPRF-MA";"DEL01-MA";"UOP01-DEL01-MA"
393440;2021-10-21;"quinta-feira";"17:50:00";"PR";376;194,2;"MARIALVA";"Manobra de mudança de faixa";"Colisão lateral mesmo sentido";"Com Vítimas Feridas";"Pleno dia";"Decrescente";"Céu Claro";"Dupla";"Reta;Aclive";"Não";2;0;0;1;1;0;1;2;-23,49374863;-51,78148171;"SPRF-PR";"DEL09-PR";"UOP01-DEL09-PR"
393442;2021-10-25;"segunda-feira";"22:00:00";"SC";101;207;"SAO JOSE";"Manobra de mudança de faixa";"Colisão com objeto";"Com Vítimas Feridas";"Pleno dia";"Decrescente";"Nublado";"Múltipla";"Reta";"Sim";2;0;1;0;0;1;1;2;-27,60001226;-48,6226467;"SPRF-SC";"DEL01-SC";"UOP01-DEL01-SC"
393447;2021-11-02;"terça-feira";"10:00:00";"PB";101;46,5;"RIO TINTO";"Manobra de mudança de faixa";"Colisão traseira";"Com Vítimas Feridas";"Pleno dia";"Crescente";"Céu Claro";"Dupla";"Reta";"Não";2;0;1;0;1;0;1;2;-6,89108414;-35,12591625;"SPRF-PB";"DEL01-PB";"UOP04-DEL01-PB"
393456;2021-11-02;"terça-feira";"08:30:00";"PR";376;654;"TIJUCAS DO SUL";"Ausência de reação do condutor";"Saída de leito carroçável";"Sem Vítimas";"Pleno dia";"Decrescente";"Chuva";"Dupla";"Curva";"Não";2;0;0;0;1;1;0;2;-25,84061342;-49,04307067;"SPRF-PR";"DEL01-PR";"UOP04-DEL01-PR"
393460;2021-11-02;"terça-feira";"12:15:00";"MG";365;620;"UBERLANDIA";"Ausência de reação do condutor";"Colisão traseira";"Com Vítimas Feridas";"Pleno dia";"Crescente";"Céu Claro";"Dupla";"Reta";"Sim";3;0;1;0;1;2;1;4;-18,90349687;-48,28130603;"SPRF-MG";"DEL15-MG";"UOP01-DEL15-MG"
393463;2021-11-02;"terça-feira";"11:30:00";"GO";60;137;"GOIANIA";"Demais falhas mecânicas ou elétricas";"Colisão com objeto";"Com Vítimas Feridas";"Pleno dia";"Crescente";"Céu Claro";"Dupla";"Reta";"Sim";3;0;0;1;2;0;1;3;-16,603;-49,2023;"SPRF-GO";"DEL01-GO";"UOP01-DEL01-GO"
393465;2021-11-02;"terça-feira";"11:30:00";"MT";163;748;"SORRISO";"Manobra de mudança de faixa";"Colisão lateral mesmo sentido";"Sem Vítimas";"Pleno dia";"Decrescente";"Céu Claro";"Dupla";"Reta";"Sim";4;0;0;0;3;3;0;5;-12,58452304;-55,73594928;"SPRF-MT";"DEL06-MT";"UOP01-DEL06-MT"
393469;2021-11-02;"terça-feira";"11:30:00";"PR";163;175,1;"LINDOESTE";"Velocidade Incompatível";"Tombamento";"Com Vítimas Feridas";"Pleno dia";"Decrescente";"Sol";"Dupla";"Curva";"Não";2;0;1;0;0;2;1;3;-25,21734703;-53,59537645;"SPRF-PR";"DEL05-PR";"UOP05-DEL05-PR"
393472;2021-08-25;"quarta-feira";"09:45:00";"PR";376;387;"IMBAU";"Ausência de reação do condutor";"Colisão traseira";"Com Vítimas Feridas";"Pleno dia";"Decrescente";"Ignorado";"Dupla";"Reta";"Sim";4;0;2;0;1;1;2;3;-24,50165014;-50,71899331;"SPRF-PR";"DEL03-PR";"UOP02-DEL03-PR"
393475;2021-11-02;"terça-feira";"12:55:00";"RS";290;159,2;"ARROIO DOS RATOS";"Condutor deixou de manter distância do veículo da frente";"Colisão traseira";"Com Vítimas Feridas";"Pleno dia";"Decrescente";"Sol";"Simples";"Reta";"Não";4;0;1;0;2;1;1;2;-30,108566;-51,798321;"SPRF-RS";"DEL02-RS";"UOP01-DEL02-RS"
393478;2021-11-02;"terça-feira";"10:25:00";"MG";381;568;"ITAGUARA";"Condutor deixou de manter distância do veículo da frente";"Colisão traseira";"Sem Vítimas";"Pleno dia";"Decrescente";"Nublado";"Dupla";"Reta";"Não";3;0;0;0;2;2;0;4;-20,42649228;-44,54458383;"SPRF-MG";"DEL04-MG";"UOP03-DEL04-MG"
393494;2021-11-02;"terça-feira";"16:18:00";"PE";232;9;"RECIFE";"Manobra de mudança de faixa";"Colisão lateral mesmo sentido";"Com Vítimas Feridas";"Pleno dia";"Crescente";"Céu Claro";"Dupla";"Reta";"Sim";3;0;1;1;1;0;2;2;-8,076755;-34,973013;"SPRF-PE";"DEL01-PE";"UOP01-DEL01-PE"
393496;2021-11-02;"terça-feira";"14:00:00";"MG";116;110;"ITAOBIM";"Velocidade Incompatível";"Tombamento";"Sem Vítimas";"Pleno dia";"Crescente";"Nublado";"Simples";"Curva";"Não";2;0;0;0;1;2;0;3;-16,51282891;-41,50619724;"SPRF-MG";"DEL11-MG";"UOP02-DEL11-MG"
393497;2021-11-02;"terça-feira";"13:20:00";"MG";459;66,9;"SENADOR JOSE BENTO";"Velocidade Incompatível";"Colisão lateral sentido oposto";"Com Vítimas Feridas";"Pleno dia";"Crescente";"Céu Claro";"Simples";"Declive;Curva";"Não";3;0;1;0;2;0;1;3;-22,13370922;-46,17416382;"SPRF-MG";"DEL09-MG";"UOP01-DEL09-MG"
393507;2021-11-02;"terça-feira";"16:14:00";"PE";101;70;"RECIFE";"Acesso irregular";"Colisão traseira";"Sem Vítimas";"Pleno dia";"Crescente";"Céu Claro";"Dupla";"Reta";"Sim";3;0;0;0;3;0;0;2;-8,06776119;-34,94265074;"SPRF-PE";"DEL01-PE";"UOP01-DEL01-PE"
393520;2021-11-02;"terça-feira";"17:33:00";"MG";365;143,4;"PIRAPORA";"Velocidade Incompatível";"Colisão frontal";"Com Vítimas Feridas";"Pleno dia";"Decrescente";"Chuva";"Simples";"Curva";"Não";9;0;2;0;5;2;2;4;-17,24135297;-44,83076209;"SPRF-MG";"DEL12-MG";"UOP01-DEL12-MG"
393534;2021-11-02;"terça-feira";"19:55:00";"TO";153;654,1;"GURUPI";"Problema com o freio";"Colisão transversal";"Sem Vítimas";"Plena Noite";"Decrescente";"Chuva";"Simples";"Reta";"Não";3;0;0;0;2;1;0;3;-11,57013709;-49,03013973;"SPRF-TO";"DEL01-TO";"UOP02-DEL01-TO"
393535;2021-11-02;"terça-feira";"21:30:00";"RS";285;400,9;"SANTA BARBARA DO SUL";"Velocidade Incompatível";"Saída de leito carroçável";"Com Vítimas Feridas";"Plena Noite";"Decrescente";"Garoa/Chuvisco";"Simples";"Curva";"Não";2;0;2;0;0;0;2;1;-28,383703;-53,352825;"SPRF-RS";"DEL10-RS";"UOP02-DEL10-RS"
393540;2021-09-27;"segunda-feira";"19:30:00";"ES";101;407,9;"ITAPEMIRIM";"Curva acentuada";"Saída de leito carroçável";"Com Vítimas Feridas";"Plena Noite";"Crescente";"Céu Claro";"Simples";"Curva";"Não";2;0;0;1;0;1;1;2;-20,89111606;-41,0391444;"SPRF-ES";"DEL03-ES";"UOP02-DEL03-ES"
393552;2021-11-02;"terça-feira";"19:05:00";"BA";242;621;"MUQUEM DE SAO FRANCISCO";"Chuva";"Saída de leito carroçável";"Com Vítimas Feridas";"Plena Noite";"Decrescente";"Chuva";"Simples";"Reta";"Não";2;0;1;0;0;1;1;2;-12,12966819;-43,34219407;"SPRF-BA";"DEL06-BA";"UOP03-DEL06-BA"
393557;2021-10-29;"sexta-feira";"11:50:00";"RJ";101;261,4;"RIO BONITO";"Velocidade Incompatível";"Colisão com objeto";"Sem Vítimas";"Pleno dia";"Crescente";"Chuva";"Dupla";"Reta";"Não";1;0;0;0;1;0;0;1;-22,71139378;-42,61157199;"SPRF-RJ";"DEL02-RJ";"UOP03-DEL02-RJ"
393562;2021-11-02;"terça-feira";"22:30:00";"MG";251;492,7;"FRANCISCO SA";"Pista Escorregadia";"Tombamento";"Com Vítimas Feridas";"Plena Noite";"Crescente";"Chuva";"Simples";"Declive;Curva";"Não";1;0;1;0;0;0;1;1;-16,54433804;-43,59543496;"SPRF-MG";"DEL12-MG";"UOP01-DEL12-MG"
393563;2021-11-03;"quarta-feira";"00:40:00";"PI";316;2,1;"TERESINA";"Velocidade Incompatível";"Colisão lateral mesmo sentido";"Com Vítimas Fatais";"Plena Noite";"Crescente";"Céu Claro";"Dupla";"Curva";"Sim";3;1;0;0;1;1;0;3;-5,12477477;-42,79848465;"SPRF-PI";"DEL01-PI";"UOP02-DEL01-PI"
393568;2021-11-03;"quarta-feira";"02:20:00";"RS";386;367,5;"FAZENDA VILANOVA";"Desrespeitar a preferência no cruzamento";"Colisão transversal";"Com Vítimas Feridas";"Plena Noite";"Decrescente";"Céu Claro";"Dupla";"Interseção de Vias";"Não";3;0;0;1;1;2;1;4;-29,58118295;-51,84057713;"SPRF-RS";"DEL04-RS";"UOP02-DEL04-RS"
393570;2021-11-03;"quarta-feira";"00:17:00";"PR";116;1;"CAMPINA GRANDE DO SUL";"Condutor Dormindo";"Saída de leito carroçável";"Sem Vítimas";"Plena Noite";"Crescente";"Chuva";"Múltipla";"Curva";"Não";2;0;0;0;1;1;0;2;-25,06368403;-48,57051896;"SPRF-PR";"DEL01-PR";"UOP02-DEL01-PR"
393572;2021-11-03;"quarta-feira";"01:00:00";"GO";80;2;"PADRE BERNARDO";"Condutor Dormindo";"Tombamento";"Com Vítimas Feridas";"Plena Noite";"Crescente";"Céu Claro";"Dupla";"Reta";"Não";2;0;1;0;0;1;1;2;-15,502505;-48,21132;"SPRF-DF";"DEL03-DF";"UOP02-DEL03-DF"
393577;2021-11-03;"quarta-feira";"04:55:00";"CE";116;43;"HORIZONTE";"Trafegar com motocicleta (ou similar) entre as faixas";"Queda de ocupante de veículo";"Com Vítimas Fatais";"Amanhecer";"Decrescente";"Céu Claro";"Múltipla";"Reta";"Sim";3;1;0;0;0;2;0;3;-4,11528518;-38,48917049;"SPRF-CE";"DEL01-CE";"UOP02-DEL01-CE"
393583;2021-11-02;"terça-feira";"19:00:00";"PI";135;543;"SAO GONCALO DO GURGUEIA";"Ausência de reação do condutor";"Colisão com objeto";"Sem Vítimas";"Plena Noite";"Crescente";"Céu Claro";"Simples";"Curva";"Não";2;0;0;0;1;1;0;2;-10,05498197;-45,27626292;"SPRF-PI";"DEL03-PI";"UOP02-DEL03-PI"
393584;2021-11-03;"quarta-feira";"04:10:00";"BA";242;410;"SEABRA";"Acessar a via sem observar a presença dos outros veículos";"Colisão transversal";"Com Vítimas Feridas";"Amanhecer";"Decrescente";"Chuva";"Simples";"Reta";"Não";3;0;0;1;1;1;1;3;-12,4520299;-41,75055052;"SPRF-BA";"DEL06-BA";"UOP01-DEL06-BA"