"id";"data_inversa";"dia_semana";"horario";"uf";"br";"km";"municipio";"causa_acidente";"tipo_acidente";"classificacao_acidente";"fase_dia";"sentido_via";"condicao_metereologica";"tipo_pista";"tracado_via";"uso_solo";"pessoas";"mortos";"feridos_leves";"feridos_graves";"ilesos";"ignorados";"feridos";"veiculos";"latitude";"longitude";"regional";"delegacia";"uop"
393592;2021-11-02;"terça-feira";"19:00:00";"BA";101;558;"ARATACA";"Velocidade Incompatível";"Saída de leito carroçável";"Com Vítimas Feridas";"Plena Noite";"Crescente";"Garoa/Chuvisco";"Simples";"Curva";"Não";1;0;1;0;0;0;1;1;-15,33579701;-39,50107108;"SPRF-BA";"DEL05-BA";"UOP01-DEL05-BA"
393594;2021-11-03;"quarta-feira";"07:50:00";"GO";153;628;"MORRINHOS";"Reação tardia ou ineficiente do condutor";"Tombamento";"Sem Vítimas";"Amanhecer";"Decrescente";"Céu Claro";"Dupla";"Reta";"Não";2;0;0;0;1;2;0;3;-17,7843;-49,1865;"SPRF-GO";"DEL03-GO";"UOP01-DEL03-GO"
393599;2021-11-03;"quarta-feira";"07:00:00";"PB";101;82;"BAYEUX";"Reação tardia ou ineficiente do condutor";"Engavetamento";"Sem Vítimas";"Pleno dia";"Crescente";"Céu Claro";"Dupla";"Viaduto;Reta";"Sim";4;0;0;0;4;0;0;4;-7,12911;-34,93714;"SPRF-PB";"DEL01-PB";"UOP01-DEL01-PB"
393606;2021-11-03;"quarta-feira";"07:50:00";"MS";163;265;"DOURADOS";"Conversão proibida";"Colisão transversal";"Com Vítimas Feridas";"Pleno dia";"Decrescente";"Céu Claro";"Dupla";"Rotatória";"Não";2;0;1;0;1;0;1;2;-22,222667;-54,730977;"SPRF-MS";"DEL04-MS";"UOP01-DEL04-MS"
393612;2021-11-03;"quarta-feira";"08:40:00";"CE";116;35,8;"HORIZONTE";"Acessar a via sem observar a presença dos outros veículos";"Colisão lateral mesmo sentido";"Sem Vítimas";"Pleno dia";"Crescente";"Nublado";"Dupla";"Reta";"Não";3;0;0;0;2;1;0;3;-4,05218058;-38,50627716;"SPRF-CE";"DEL01-CE";"UOP02-DEL01-CE"
393613;2021-11-03;"quarta-feira";"07:00:00";"SP";153;326;"SALTO GRANDE";"Manobra de mudança de faixa";"Tombamento";"Com Vítimas Feridas";"Amanhecer";"Decrescente";"Céu Claro";"Simples";"Reta";"Não";2;0;1;0;0;2;1;3;-22,816394;-49,88966214;"SPRF-SP";"DEL07-SP";"UOP03-DEL07-SP"
393617;2021-11-03;"quarta-feira";"07:00:00";"AC";364;122;"RIO BRANCO";"Acessar a via sem observar a presença dos outros veículos";"Colisão lateral mesmo sentido";"Com Vítimas Feridas";"Pleno dia";"Crescente";"Céu Claro";"Dupla";"Reta";"Não";2;0;0;1;1;0;1;2;-10,01188291;-67,773345;"SPRF-AC";"DEL01-AC";"UOP01-DEL01-AC"
393625;2021-11-03;"quarta-feira";"09:00:00";"MS";163;475,1;"CAMPO GRANDE";"Acessar a via sem observar a presença dos outros veículos";"Colisão transversal";"Com Vítimas Feridas";"Pleno dia";"Crescente";"Céu Claro";"Simples";"Reta";"Sim";4;0;0;1;1;2;1;4;-20,51838231;-54,56658567;"SPRF-MS";"DEL01-MS";"UOP01-DEL01-MS"
393640;2021-07-18;"domingo";"08:35:00";"SP";153;332,8;"SALTO GRANDE";"Manobra de mudança de faixa";"Colisão frontal";"Com Vítimas Feridas";"Pleno dia";"Crescente";"Nevoeiro/Neblina";"Simples";"Reta";"Não";3;0;1;1;0;2;2;4;-22,871975;-49,88959214;"SPRF-SP";"DEL07-SP";"UOP03-DEL07-SP"
393643;2021-11-03;"quarta-feira";"11:00:00";"SP";153;78;"BADY BASSITT";"Reação tardia ou ineficiente do condutor";"Engavetamento";"Com Vítimas Feridas";"Pleno dia";"Decrescente";"Céu Claro";"Simples";"Aclive;Reta";"Não";4;0;1;0;2;1;1;3;-20,90428329;-49,46169392;"SPRF-SP";"DEL09-SP";"UOP01-DEL09-SP"
393647;2021-11-03;"quarta-feira";"10:35:00";"PR";277;47,7;"MORRETES";"Manobra de mudança de faixa";"Colisão traseira";"Sem Vítimas";"Pleno dia";"Crescente";"Sol";"Dupla";"Aclive;Curva";"Não";3;0;0;0;2;1;0;3;-25,5914;-48,9221;"SPRF-PR";"DEL01-PR";"UOP05-DEL01-PR"
393649;2021-11-02;"terça-feira";"21:00:00";"MT";364;567;"NOBRES";"Avarias e/ou desgaste excessivo no pneu";"Colisão com objeto";"Com Vítimas Feridas";"Plena Noite";"Crescente";"Céu Claro";"Dupla";"Ponte";"Não";3;0;1;0;1;1;1;2;-14,75243128;-56,33419077;"SPRF-MT";"DEL01-MT";"UOP01-DEL01-MT"
393652;2021-08-11;"quarta-feira";"14:40:00";"ES";101;229;"FUNDAO";"Pedestre cruzava a pista fora da faixa";"Atropelamento de Pedestre";"Com Vítimas Feridas";"Pleno dia";"Decrescente";"Céu Claro";"Dupla";"Curva";"Sim";3;0;0;1;1;1;1;2;-19,92727879;-40,40587142;"SPRF-ES";"DEL02-ES";"UOP01-DEL02-ES"
393653;2021-11-03;"quarta-feira";"11:50:00";"PE";232;110;"BEZERROS";"Reação tardia ou ineficiente do condutor";"Capotamento";"Com Vítimas Feridas";"Pleno dia";"Crescente";"Céu Claro";"Dupla";"Reta";"Não";2;0;0;1;0;1;1;2;-8,28634529;-35,81755579;"SPRF-PE";"DEL02-PE";"UOP02-DEL02PE"
393654;2021-11-03;"quarta-feira";"12:30:00";"PR";277;451;"LARANJEIRAS DO SUL";"Desrespeitar a preferência no cruzamento";"Colisão transversal";"Com Vítimas Feridas";"Pleno dia";"Decrescente";"Céu Claro";"Simples";"Interseção de Vias";"Não";3;0;0;1;1;1;1;3;-25,36888683;-52,3599691;"SPRF-PR";"DEL04-PR";"UOP02-DEL04-PR"
393658;2021-11-03;"quarta-feira";"13:15:00";"GO";153;591;"PROFESSOR JAMIL";"Velocidade Incompatível";"Saída de leito carroçável";"Com Vítimas Fatais";"Pleno dia";"Decrescente";"Chuva";"Dupla";"Curva";"Não";2;1;0;0;0;1;0;2;-17,468;-49,218;"SPRF-GO";"DEL03-GO";"UOP01-DEL03-GO"
393660;2021-11-03;"quarta-feira";"11:30:00";"RS";285;299,8;"PASSO FUNDO";"Desrespeitar a preferência no cruzamento";"Colisão transversal";"Com Vítimas Fatais";"Pleno dia";"Crescente";"Chuva";"Simples";"Interseção de Vias";"Sim";4;1;0;1;1;1;1;3;-28,234184;-52,43314;"SPRF-RS";"DEL08-RS";"UOP03-DEL08-RS"
393666;2021-11-03;"quarta-feira";"11:45:00";"BA";101;725;"EUNAPOLIS";"Curva acentuada";"Saída de leito carroçável";"Com Vítimas Feridas";"Pleno dia";"Crescente";"Céu Claro";"Simples";"Aclive";"Não";2;0;1;0;0;1;1;2;-16,428733;-39,578676;"SPRF-BA";"DEL09-BA";"UOP01-DEL09-BA"
393668;2021-11-03;"quarta-feira";"13:50:00";"PR";153;3;"IMBITUVA";"Condutor deixou de manter distância do veículo da frente";"Colisão traseira";"Com Vítimas Feridas";"Pleno dia";"Decrescente";"Céu Claro";"Simples";"Reta";"Não";2;0;2;0;0;0;2;2;-25,21274925;-50,59557483;"SPRF-PR";"DEL07-PR";"UOP04-DEL07-PR"
393669;2021-11-03;"quarta-feira";"15:40:00";"PR";116;71;"QUATRO BARRAS";"Demais falhas mecânicas ou elétricas";"Colisão com objeto";"Com Vítimas Feridas";"Pleno dia";"Decrescente";"Sol";"Dupla";"Curva";"Não";1;0;1;0;0;0;1;1;-25,34541756;-49,04488757;"SPRF-PR";"DEL01-PR";"UOP01-DEL01-PR"
393672;2021-11-03;"quarta-feira";"14:30:00";"RS";285;317,4;"PASSO FUNDO";"Avarias e/ou desgaste excessivo no pneu";"Colisão frontal";"Com Vítimas Fatais";"Pleno dia";"Crescente";"Chuva";"Simples";"Curva";"Não";3;1;0;0;1;1;0;3;-28,261297;-52,594879;"SPRF-RS";"DEL08-RS";"UOP03-DEL08-RS"
393674;2021-11-03;"quarta-feira";"06:15:00";"MG";116;163;"PADRE PARAISO";"Reação tardia ou ineficiente do condutor";"Saída de leito carroçável";"Com Vítimas Feridas";"Pleno dia";"Decrescente";"Nublado";"Simples";"Curva";"Não";1;0;1;0;0;0;1;1;-16,95891998;-41,45585995;"SPRF-MG";"DEL11-MG";"UOP02-DEL11-MG"
393676;2021-11-03;"quarta-feira";"15:55:00";"ES";101;267,7;"SERRA";"Condutor desrespeitou a iluminação vermelha do semáforo";"Colisão transversal";"Com Vítimas Feridas";"Pleno dia";"Decrescente";"Sol";"Múltipla";"Interseção de Vias";"Sim";3;0;1;0;1;2;1;4;-20,19930999;-40,26884609;"SPRF-ES";"DEL02-ES";"UOP01-DEL02-ES"
393698;2021-11-03;"quarta-feira";"16:30:00";"PR";277;451,9;"LARANJEIRAS DO SUL";"Ingestão de álcool pelo condutor";"Colisão traseira";"Com Vítimas Feridas";"Pleno dia";"Crescente";"Sol";"Simples";"Reta";"Não";2;0;1;0;1;0;1;2;-25,36888683;-52,3599691;"SPRF-PR";"DEL04-PR";"UOP02-DEL04-PR"
393700;2021-11-03;"quarta-feira";"18:00:00";"PR";376;476,1;"PONTA GROSSA";"Pedestre cruzava a pista fora da faixa";"Atropelamento de Pedestre";"Com Vítimas Feridas";"Pleno dia";"Crescente";"Sol";"Dupla";"Curva";"Não";3;0;0;1;1;1;1;2;-25,04137047;-50,28511416;"SPRF-PR";"DEL03-PR";"UOP01-DEL03-PR"
393705;2021-11-03;"quarta-feira";"18:00:00";"CE";116;14;"FORTALEZA";"Condutor deixou de manter distância do veículo da frente";"Colisão traseira";"Sem Vítimas";"Plena Noite";"Decrescente";"Céu Claro";"Múltipla";"Reta";"Sim";2;0;0;0;2;0;0;2;-3,86973356;-38,49827361;"SPRF-CE";"DEL01-CE";"UOP02-DEL01-CE"
393710;2021-11-03;"quarta-feira";"18:40:00";"GO";20;194;"POSSE";"Condutor deixou de manter distância do veículo da frente";"Colisão traseira";"Com Vítimas Feridas";"Plena Noite";"Crescente";"Céu Claro";"Simples";"Reta";"Não";2;0;0;1;0;1;1;2;-14,36429;-46,444462;"SPRF-DF";"DEL02-DF";"UOP03-DEL02-DF"
393713;2021-11-03;"quarta-feira";"18:50:00";"PR";158;518,2;"PATO BRANCO";"Transitar na contramão";"Colisão frontal";"Com Vítimas Feridas";"Plena Noite";"Decrescente";"Nublado";"Simples";"Reta";"Não";3;0;1;0;1;1;1;3;-26,09143093;-52,64434119;"SPRF-PR";"DEL02-PR";"UOP01-DEL02-PR"
393715;2021-11-03;"quarta-feira";"18:25:00";"CE";222;245,4;"SOBRAL";"Estacionar ou parar em local proibido";"Colisão traseira";"Com Vítimas Feridas";"Plena Noite";"Crescente";"Céu Claro";"Simples";"Reta";"Não";3;0;0;1;0;2;1;3;-3,75424573;-40,51527119;"SPRF-CE";"DEL04-CE";"UOP01-DEL04-CE"
393717;2021-11-03;"quarta-feira";"18:50:00";"CE";20;424;"FORTALEZA";"Condutor Dormindo";"Saída de leito carroçável";"Com Vítimas Feridas";"Plena Noite";"Crescente";"Nublado";"Dupla";"Reta";"Não";2;0;1;0;0;1;1;2;-3,76999035;-38,67006282;"SPRF-CE";"DEL01-CE";"UOP02-DEL01-CE"
393719;2021-11-03;"quarta-feira";"19:30:00";"GO";153;492;"GOIANIA";"Ausência de reação do condutor";"Colisão traseira";"Com Vítimas Feridas";"Plena Noite";"Crescente";"Céu Claro";"Dupla";"Reta";"Não";3;0;1;1;0;1;2;3;-16,6461;-49,2114;"SPRF-GO";"DEL01-GO";"UOP01-DEL01-GO"
393722;2021-11-03;"quarta-feira";"18:40:00";"ES";101;88;"SAO MATEUS";"Ausência de reação do condutor";"Colisão lateral sentido oposto";"Com Vítimas Feridas";"Plena Noite";"Decrescente";"Céu Claro";"Simples";"Declive";"Não";6;0;2;1;2;1;3;4;-18,88167392;-39,94813218;"SPRF-ES";"DEL04-ES";"UOP02-DEL04-ES"
393727;2021-10-22;"sexta-feira";"19:30:00";"BA";101;71;"ENTRE RIOS";"Ingestão de substâncias psicoativas pelo condutor";"Colisão traseira";"Sem Vítimas";"Plena Noite";"Decrescente";"Céu Claro";"Dupla";"Reta";"Não";3;0;0;0;3;0;0;2;-11,97849971;-38,20706314;"SPRF-BA";"DEL01-BA";"UOP04-DEL01-BA"
393730;2021-09-28;"terça-feira";"15:40:00";"RJ";101;329;"RIO DE JANEIRO";"Manobra de mudança de faixa";"Colisão traseira";"Com Vítimas Feridas";"Pleno dia";"Crescente";"Céu Claro";"Múltipla";"Reta";"Não";2;0;1;0;1;0;1;2;-22,86939305;-43,175642;"SPRF-RJ";"DEL02-RJ";"UOP02-DEL02-RJ"
393732;2021-11-03;"quarta-feira";"20:50:00";"DF";70;6;"BRASILIA";"Ingestão de álcool pelo condutor";"Colisão traseira";"Com Vítimas Feridas";"Plena Noite";"Crescente";"Garoa/Chuvisco";"Dupla";"Reta";"Sim";3;0;1;0;1;1;1;3;-15,7910147;-48,10554743;"SPRF-DF";"DEL03-DF";"UOP02-DEL03-DF"
393735;2021-09-08;"quarta-feira";"17:50:00";"GO";60;207;"GUAPO";"Demais Fenômenos da natureza";"Incêndio";"Sem Vítimas";"Plena Noite";"Crescente";"Céu Claro";"Dupla";"Reta";"Não";1;0;0;0;1;0;0;1;-16,9153;-49,6608;"SPRF-GO";"DEL01-GO";"UOP02-DEL01-GO"
393737;2021-11-03;"quarta-feira";"17:10:00";"PR";153;395;"MALLET";"Reação tardia ou ineficiente do condutor";"Tombamento";"Com Vítimas Feridas";"Pleno dia";"Crescente";"Nublado";"Simples";"Curva";"Não";2;0;1;0;0;2;1;3;-25,92152579;-50,8497453;"SPRF-PR";"DEL02-PR";"UOP04-DEL02-PR"
393741;2021-11-03;"quarta-feira";"17:20:00";"SC";116;71,1;"MONTE CASTELO";"Mal súbito do condutor";"Colisão lateral sentido oposto";"Com Vítimas Feridas";"Pleno dia";"Crescente";"Céu Claro";"Simples";"Reta";"Não";3;0;1;0;1;1;1;3;-26,47804399;-50,23238915;"SPRF-SC";"DEL06-SC";"UOP02-DEL06-SC"
393743;2021-11-03;"quarta-feira";"18:00:00";"MG";381;245,2;"SANTANA DO PARAISO";"Ultrapassagem Indevida";"Colisão frontal";"Com Vítimas Fatais";"Anoitecer";"Decrescente";"Céu Claro";"Simples";"Reta";"Não";3;1;1;0;0;1;1;3;-19,41564621;-42,49212787;"SPRF-MG";"DEL06-MG";"UOP01-DEL06-MG"
393744;2021-11-03;"quarta-feira";"22:00:00";"PI";135;127;"BERTOLINIA";"Reação tardia ou ineficiente do condutor";"Saída de leito carroçável";"Com Vítimas Feridas";"Plena Noite";"Decrescente";"Céu Claro";"Simples";"Curva;Declive";"Não";2;0;1;0;0;1;1;2;-7,6790175;-43,92973422;"SPRF-PI";"DEL03-PI";"UOP01-DEL03-PI"
393748;2021-11-04;"quinta-feira";"01:40:00";"AL";104;8,8;"SAO JOSE DA LAJE";"Velocidade Incompatível";"Colisão traseira";"Com Vítimas Feridas";"Plena Noite";"Decrescente";"Céu Claro";"Simples";"Declive;Curva";"Não";2;0;0;2;0;0;2;2;-8,96386265;-36,02023815;"SPRF-AL";"DEL01-AL";"UOP02-DEL01-AL"
393750;2021-11-04;"quinta-feira";"03:30:00";"MS";163;88;"ITAQUIRAI";"Condutor deixou de manter distância do veículo da frente";"Colisão traseira";"Com Vítimas Fatais";"Plena Noite";"Crescente";"Céu Claro";"Simples";"Aclive";"Não";4;1;0;1;2;0;1;2;-23,38801296;-54,2114515;"SPRF-MS";"DEL09-MS";"UOP01-DEL09-MS"
393751;2021-11-04;"quinta-feira";"03:15:00";"SP";116;9,7;"QUELUZ";"Ultrapassagem Indevida";"Colisão traseira";"Com Vítimas Feridas";"Plena Noite";"Crescente";"Nublado";"Dupla";"Reta";"Não";3;0;2;1;0;0;3;2;-22,540648;-44,779574;"SPRF-SP";"DEL08-SP";"UOP02-DEL08-SP"
393760;2021-11-04;"quinta-feira";"07:00:00";"SC";282;16,7;"PALHOCA";"Conversão proibida";"Colisão lateral mesmo sentido";"Com Vítimas Feridas";"Pleno dia";"Crescente";"Céu Claro";"Simples";"Reta";"Sim";2;0;0;1;1;0;1;2;-27,658611;-48,681847;"SPRF-SC";"DEL01-SC";"UOP02-DEL01-SC"
393766;2021-11-03;"quarta-feira";"19:20:00";"RO";364;645;"CANDEIAS DO JAMARI";"Transitar na contramão";"Colisão frontal";"Com Vítimas Fatais";"Plena Noite";"Decrescente";"Céu Claro";"Simples";"Reta";"Não";2;1;0;0;1;0;0;2;-8,96613006;-63,42678137;"SPRF-RO";"DEL01-RO";"UOP04-DEL01-RO"
393769;2021-11-04;"quinta-feira";"08:15:00";"SC";470;75,1;"INDAIAL";"Reação tardia ou ineficiente do condutor";"Colisão transversal";"Com Vítimas Feridas";"Pleno dia";"Crescente";"Nublado";"Simples";"Reta";"Não";2;0;0;1;1;0;1;2;-26,93055471;-49,28630948;"SPRF-SC";"DEL04-SC";"UOP01-DEL04-SC"
393772;2021-11-04;"quinta-feira";"06:50:00";"RJ";116;141;"DUQUE DE CAXIAS";"Manobra de mudança de faixa";"Colisão lateral mesmo sentido";"Com Vítimas Feridas";"Pleno dia";"Crescente";"Céu Claro";"Dupla";"Reta";"Sim";2;0;0;1;0;1;1;2;-22,64724486;-43,22083001;"SPRF-RJ";"DEL04-RJ";"UOP02-DEL04-RJ"
393791;2021-11-04;"quinta-feira";"09:10:00";"PR";277;518,5;"GUARANIACU";"Retorno proibido";"Colisão transversal";"Com Vítimas Fatais";"Pleno dia";"Crescente";"Céu Claro";"Simples";"Interseção de Vias";"Sim";4;1;2;0;1;0;2;2;-25,10867954;-52,85673922;"SPRF-PR";"DEL04-PR";"UOP01-DEL04-PR"
393793;2021-11-04;"quinta-feira";"08:40:00";"PR";369;4;"JACAREZINHO";"Manobra de mudança de faixa";"Saída de leito carroçável";"Com Vítimas Feridas";"Pleno dia";"Decrescente";"Céu Claro";"Dupla";"Reta;Declive";"Não";5;0;4;0;0;1;4;2;-23,00145884;-49,93088722;"SPRF-PR";"DEL07-PR";"UOP01-DEL07-PR"
393795;2021-10-07;"quinta-feira";"13:45:00";"RS";290;482,5;"ROSARIO DO SUL";"Ausência de reação do condutor";"Colisão transversal";"Sem Vítimas";"Pleno dia";"Crescente";"Céu Claro";"Simples";"Interseção de Vias";"Sim";3;0;0;0;2;1;0;3;-30,24155836;-54,94469427;"SPRF-RS";"DEL11-RS";"UOP02-DEL11-RS"
393799;2021-11-04;"quinta-feira";"10:40:00";"MG";381;505;"BETIM";"Condutor deixou de manter distância do veículo da frente";"Engavetamento";"Com Vítimas Feridas";"Pleno dia";"Crescente";"Céu Claro";"Dupla";"Reta";"Sim";4;0;1;0;2;1;1;4;-20,04478441;-44,27276484;"SPRF-MG";"DEL01-MG";"UOP03-DEL01-MG"
393807;2021-11-04;"quinta-feira";"11:30:00";"MG";354;702,9;"CAXAMBU";"Acessar a via sem observar a presença dos outros veículos";"Tombamento";"Com Vítimas Feridas";"Pleno dia";"Crescente";"Sol";"Simples";"Reta";"Sim";3;0;1;0;1;2;1;4;-21,9742962;-44,9236637;"SPRF-MG";"DEL17-MG";"UOP01-DEL17-MG"
393809;2021-11-04;"quinta-feira";"08:55:00";"MT";174;92,9;"CACERES";"Ultrapassagem Indevida";"Colisão lateral mesmo sentido";"Com Vítimas Feridas";"Pleno dia";"Decrescente";"Céu Claro";"Simples";"Reta";"Não";4;0;1;1;1;3;2;5;-15,884177;-57,824151;"SPRF-MT";"DEL03-MT";"UOP01-DEL03-MT"
393813;2021-11-04;"quinta-feira";"09:30:00";"AP";156;820;"OIAPOQUE";"Ausência de reação do condutor";"Eventos atípicos";"Com Vítimas Feridas";"Pleno dia";"Crescente";"Céu Claro";"Simples";"Reta";"Sim";3;0;0;1;2;0;1;2;3,83878842;-51,81774523;"SPRF-AP";"DEL01-AP";"UOP03-DEL01-AP"
393817;2021-11-04;"quinta-feira";"12:38:00";"AL";316;76,3;"POCO DAS TRINCHEIRAS";"Demais falhas mecânicas ou elétricas";"Colisão lateral mesmo sentido";"Com Vítimas Feridas";"Pleno dia";"Crescente";"Céu Claro";"Simples";"Reta";"Não";3;0;1;0;2;0;1;2;-9,3247218;-37,30774751;"SPRF-AL";"DEL03-AL";"UOP02-DEL03-AL"
393819;2021-11-04;"quinta-feira";"13:00:00";"BA";410;9;"RIBEIRA DO POMBAL";"Acumulo de óleo sobre o pavimento";"Atropelamento de Pedestre";"Com Vítimas Fatais";"Pleno dia";"Decrescente";"Garoa/Chuvisco";"Simples";"Reta";"Não";3;1;0;0;1;1;0;2;-10,85740917;-38,59945291;"SPRF-BA";"DEL07-BA";"UOP02-DEL07-BA"
393827;2021-11-04;"quinta-feira";"14:30:00";"SP";116;155,5;"SAO JOSE DOS CAMPOS";"Demais falhas mecânicas ou elétricas";"Colisão lateral mesmo sentido";"Com Vítimas Feridas";"Pleno dia";"Decrescente";"Céu Claro";"Múltipla";"Declive";"Sim";6;0;2;0;3;1;2;5;-23,24524337;-45,92772774;"SPRF-SP";"DEL02-SP";"UOP01-DEL02-SP"
393831;2021-11-04;"quinta-feira";"15:17:00";"PR";277;69,3;"SAO JOSE DOS PINHAIS";"Condutor deixou de manter distância do veículo da frente";"Colisão traseira";"Com Vítimas Feridas";"Pleno dia";"Crescente";"Céu Claro";"Dupla";"Reta";"Sim";3;0;0;1;1;2;1;4;-25,53715243;-49,07076619;"SPRF-PR";"DEL01-PR";"UOP01-DEL01-PR"
393832;2021-11-04;"quinta-feira";"11:25:00";"MG";40;431,9;"BELO HORIZONTE";"Manobra de mudança de faixa";"Colisão lateral mesmo sentido";"Com Vítimas Feridas";"Pleno dia";"Decrescente";"Nublado";"Dupla";"Aclive;Reta";"Sim";3;0;1;0;2;0;1;2;-19,9234;-44,01846;"SPRF-MG";"DEL02-MG";"UOP01-DEL02-MG"
393834;2021-11-04;"quinta-feira";"13:00:00";"TO";153;719,9;"FIGUEIROPOLIS";"Ultrapassagem Indevida";"Colisão frontal";"Com Vítimas Feridas";"Pleno dia";"Crescente";"Chuva";"Simples";"Curva";"Sim";3;0;0;1;1;1;1;3;-12,11278686;-49,17999978;"SPRF-TO";"DEL01-TO";"UOP02-DEL01-TO"
393836;2021-11-04;"quinta-feira";"09:40:00";"MG";116;270,6;"TEOFILO OTONI";"Transitar no acostamento";"Colisão transversal";"Com Vítimas Feridas";"Pleno dia";"Crescente";"Nublado";"Simples";"Reta";"Não";3;0;1;0;2;0;1;2;-17,806185;-41,496346;"SPRF-MG";"DEL11-MG";"UOP01-DEL11-MG"
393838;2021-11-04;"quinta-feira";"12:45:00";"MT";364;115,2;"ALTO GARCAS";"Mal súbito do condutor";"Colisão frontal";"Com Vítimas Fatais";"Pleno dia";"Decrescente";"Céu Claro";"Simples";"Reta;Aclive";"Não";5;1;2;1;0;3;3;6;-16,85723;-53,864815;"SPRF-MT";"DEL02-MT";"UOP02-DEL02-MT"
393839;2021-11-04;"quinta-feira";"15:00:00";"PE";232;5,6;"RECIFE";"Condutor deixou de manter distância do veículo da frente";"Engavetamento";"Com Vítimas Feridas";"Pleno dia";"Decrescente";"Céu Claro";"Dupla";"Reta";"Sim";4;0;1;0;2;1;1;4;-8,070212;-34,951213;"SPRF-PE";"DEL01-PE";"UOP01-DEL01-PE"
393841;2021-11-04;"quinta-feira";"15:25:00";"GO";40;6,9;"VALPARAISO DE GOIAS";"Condutor deixou de manter distância do veículo da frente";"Saída de leito carroçável";"Com Vítimas Feridas";"Pleno dia";"Crescente";"Chuva";"Dupla";"Declive;Reta";"Sim";3;0;2;0;0;1;2;2;-16,100814;-47,977351;"SPRF-DF";"DEL01-DF";"UOP01-DEL01-DF"
393845;2021-11-04;"quinta-feira";"14:00:00";"SC";101;39;"JOINVILLE";"Velocidade Incompatível";"Tombamento";"Com Vítimas Feridas";"Pleno dia";"Crescente";"Nublado";"Dupla";"Reta";"Sim";2;0;1;0;1;0;1;2;-26,2628107;-48,90192257;"SPRF-SC";"DEL03-SC";"UOP01-DEL03-SC"
393846;2021-11-04;"quinta-feira";"16:05:00";"PE";423;97,2;"GARANHUNS";"Entrada inopinada do pedestre";"Queda de ocupante de veículo";"Com Vítimas Feridas";"Pleno dia";"Crescente";"Sol";"Simples";"Reta";"Sim";2;0;1;0;0;1;1;1;-8,8796227;-36,49484286;"SPRF-PE";"DEL03-PE";"UOP01-DEL03-PE"
393857;2021-11-04;"quinta-feira";"16:15:00";"PR";277;401,8;"CANDOI";"Pista Escorregadia";"Colisão frontal";"Com Vítimas Feridas";"Pleno dia";"Decrescente";"Céu Claro";"Simples";"Curva";"Não";7;0;2;0;5;0;2;2;-25,45261579;-51,93633605;"SPRF-PR";"DEL08-PR";"UOP01-DEL08-PR"
393859;2021-11-04;"quinta-feira";"19:00:00";"GO";50;144;"IPAMERI";"Ausência de reação do condutor";"Saída de leito carroçável";"Com Vítimas Feridas";"Plena Noite";"Decrescente";"Nublado";"Dupla";"Reta";"Não";2;0;1;0;0;2;1;3;-17,1211;-47,7215;"SPRF-GO";"DEL06-GO";"UOP01-DEL06-GO"
393860;2021-11-04;"quinta-feira";"12:35:00";"SC";282;463;"PONTE SERRADA";"Acessar a via sem observar a presença dos outros veículos";"Colisão transversal";"Com Vítimas Fatais";"Pleno dia";"Crescente";"Céu Claro";"Simples";"Curva";"Sim";3;1;0;0;1;1;0;3;-26,8556829;-52,0330686;"SPRF-SC";"DEL07-SC";"UOP04-DEL07-SC"
393862;2021-11-04;"quinta-feira";"17:50:00";"RS";116;258;"ESTEIO";"Frear bruscamente";"Engavetamento";"Com Vítimas Feridas";"Plena Noite";"Decrescente";"Céu Claro";"Dupla";"Reta";"Sim";4;0;1;0;3;0;1;3;-29,86150502;-51,18091535;"SPRF-RS";"DEL01-RS";"UOP02-DEL01-RS"
393866;2021-11-04;"quinta-feira";"16:55:00";"PI";316;39,1;"LAGOA DO PIAUI";"Reação tardia ou ineficiente do condutor";"Colisão lateral mesmo sentido";"Com Vítimas Feridas";"Pleno dia";"Decrescente";"Sol";"Simples";"Reta";"Sim";3;0;1;0;0;2;1;3;-5,39641527;-42,65710034;"SPRF-PI";"DEL01-PI";"UOP02-DEL01-PI"
393867;2021-11-04;"quinta-feira";"19:10:00";"RS";386;420,8;"MONTENEGRO";"Frear bruscamente";"Colisão lateral mesmo sentido";"Sem Vítimas";"Anoitecer";"Crescente";"Céu Claro";"Dupla";"Reta";"Não";2;0;0;0;2;0;0;2;-29,817812;-51,422596;"SPRF-RS";"DEL04-RS";"UOP02-DEL04-RS"
393872;2021-11-04;"quinta-feira";"19:00:00";"SP";116;507;"CAJATI";"Velocidade Incompatível";"Saída de leito carroçável";"Com Vítimas Fatais";"Plena Noite";"Decrescente";"Céu Claro";"Simples";"Curva";"Não";1;1;0;0;0;0;0;1;-24,805288;-48,214966;"SPRF-SP";"DEL05-SP";"UOP02-DEL05-SP"
393873;2021-11-04;"quinta-feira";"20:00:00";"BA";116;762,8;"POCOES";"Mal súbito do condutor";"Colisão traseira";"Com Vítimas Feridas";"Plena Noite";"Crescente";"Garoa/Chuvisco";"Simples";"Reta";"Não";2;0;1;0;1;0;1;2;-14,55769;-40,40956;"SPRF-BA";"DEL08-BA";"UOP02-DEL08-BA"
393877;2021-11-04;"quinta-feira";"19:50:00";"RJ";116;325;"ITATIAIA";"Condutor Dormindo";"Colisão traseira";"Sem Vítimas";"Plena Noite";"Crescente";"Céu Claro";"Dupla";"Reta";"Não";2;0;0;0;2;0;0;2;-22,49520164;-44,57034743;"SPRF-RJ";"DEL07-RJ";"UOP02-DEL07-RJ"