"id";"data_inversa";"dia_semana";"horario";"uf";"br";"km";"municipio";"causa_acidente";"tipo_acidente";"classificacao_acidente";"fase_dia";"sentido_via";"condicao_metereologica";"tipo_pista";"tracado_via";"uso_solo";"pessoas";"mortos";"feridos_leves";"feridos_graves";"ilesos";"ignorados";"feridos";"veiculos";"latitude";"longitude";"regional";"delegacia";"uop"
394178;2021-11-06;"sábado";"05:18:00";"MA";135;86;"ITAPECURU MIRIM";"Manobra de mudança de faixa";"Colisão frontal";"Sem Vítimas";"Amanhecer";"Decrescente";"Céu Claro";"Simples";"Reta";"Não";3;0;0;0;1;2;0;3;-3,26368262;-44,39404642;"SPRF-MA";"DEL01-MA";"UOP02-DEL01-MA"
394181;2021-11-06;"sábado";"14:30:00";"SC";101;139,7;"BALNEARIO CAMBORIU";"Ingestão de álcool pelo condutor";"Colisão lateral mesmo sentido";"Com Vítimas Feridas";"Pleno dia";"Crescente";"Nublado";"Dupla";"Reta";"Não";2;0;1;0;1;0;1;2;-27,02982303;-48,60115006;"SPRF-SC";"DEL04-SC";"UOP03-DEL04-SC"
394193;2021-11-06;"sábado";"14:15:00";"MG";153;147,8;"CAMPO FLORIDO";"Acessar a via sem observar a presença dos outros veículos";"Colisão transversal";"Com Vítimas Feridas";"Pleno dia";"Crescente";"Céu Claro";"Simples";"Reta";"Não";3;0;0;1;1;2;1;4;-19,62974;-48,84915;"SPRF-MG";"DEL13-MG";"UOP02-DEL13-MG"
394194;2021-11-06;"sábado";"09:00:00";"MG";116;508,3;"UBAPORANGA";"Desrespeitar a preferência no cruzamento";"Colisão transversal";"Com Vítimas Feridas";"Pleno dia";"Crescente";"Céu Claro";"Simples";"Interseção de Vias";"Sim";4;0;1;0;2;1;1;3;-19,62776197;-42,10624519;"SPRF-MG";"DEL06-MG";"UOP02-DEL06-MG"
394207;2021-11-06;"sábado";"14:25:00";"SC";101;118,9;"ITAJAI";"Ausência de reação do condutor";"Colisão traseira";"Com Vítimas Feridas";"Pleno dia";"Decrescente";"Nublado";"Múltipla";"Reta";"Não";4;0;1;0;2;3;1;6;-26,895859;-48,71903;"SPRF-SC";"DEL04-SC";"UOP04-DEL04-SC"
394209;2021-11-06;"sábado";"15:30:00";"BA";116;390;"SANTA BARBARA";"Acessar a via sem observar a presença dos outros veículos";"Colisão traseira";"Com Vítimas Feridas";"Pleno dia";"Crescente";"Chuva";"Dupla";"Reta";"Sim";4;0;1;1;1;1;2;3;-11,93899506;-38,97937231;"SPRF-BA";"DEL02-BA";"UOP01-DEL02-BA"
394210;2021-11-06;"sábado";"13:20:00";"RS";101;8;"TORRES";"Ingestão de álcool pelo condutor";"Colisão lateral mesmo sentido";"Sem Vítimas";"Pleno dia";"Crescente";"Nublado";"Dupla";"Reta";"Sim";3;0;0;0;2;1;0;3;-29,36042487;-49,80779711;"SPRF-RS";"DEL03-RS";"UOP02-DEL03-RS"
394211;2021-11-06;"sábado";"13:20:00";"RJ";116;81;"TERESOPOLIS";"Demais falhas mecânicas ou elétricas";"Tombamento";"Sem Vítimas";"Pleno dia";"Decrescente";"Céu Claro";"Simples";"Curva";"Sim";2;0;0;0;1;2;0;3;-22,39843405;-42,95507553;"SPRF-RJ";"DEL04-RJ";"UOP01-DEL04-RJ"
394220;2021-11-06;"sábado";"15:40:00";"GO";153;99,9;"SANTA TEREZA DE GOIAS";"Demais falhas mecânicas ou elétricas";"Saída de leito carroçável";"Com Vítimas Feridas";"Pleno dia";"Crescente";"Céu Claro";"Simples";"Curva;Declive";"Não";2;0;0;1;0;1;1;2;-13,648843;-49,03919;"SPRF-GO";"DEL07-GO";"UOP01-DEL07-GO"
394222;2021-11-06;"sábado";"18:00:00";"AL";316;263,5;"SATUBA";"Ingestão de álcool pelo condutor";"Colisão lateral sentido oposto";"Com Vítimas Feridas";"Plena Noite";"Crescente";"Céu Claro";"Simples";"Reta";"Não";6;0;0;5;1;0;5;3;-9,58750531;-35,87103724;"SPRF-AL";"DEL02-AL";"UOP01-DEL02-AL"
394224;2021-11-06;"sábado";"18:10:00";"BA";101;276;"LAJE";"Ingestão de álcool pelo condutor";"Colisão lateral sentido oposto";"Com Vítimas Feridas";"Plena Noite";"Decrescente";"Nublado";"Simples";"Aclive";"Sim";3;0;1;0;2;0;1;2;-13,0836786;-39,2762633;"SPRF-BA";"DEL01-BA";"UOP02-DEL01-BA"
394225;2021-11-06;"sábado";"18:10:00";"PI";402;37;"PARNAIBA";"Ingestão de álcool e/ou substâncias psicoativas pelo pedestre";"Atropelamento de Pedestre";"Com Vítimas Fatais";"Anoitecer";"Decrescente";"Céu Claro";"Simples";"Reta";"Não";2;1;0;0;0;1;0;2;-2,9501229;-41,72905191;"SPRF-PI";"DEL05-PI";"UOP01-DEL05-PI"
394229;2021-11-06;"sábado";"18:50:00";"SC";101;125,1;"ITAJAI";"Manobra de mudança de faixa";"Colisão com objeto";"Com Vítimas Feridas";"Plena Noite";"Decrescente";"Garoa/Chuvisco";"Dupla";"Reta";"Não";4;0;1;1;2;0;2;3;-26,94802427;-48,68338515;"SPRF-SC";"DEL04-SC";"UOP04-DEL04-SC"
394235;2021-11-05;"sexta-feira";"20:30:00";"BA";242;595;"MUQUEM DE SAO FRANCISCO";"Chuva";"Saída de leito carroçável";"Sem Vítimas";"Plena Noite";"Crescente";"Chuva";"Simples";"Reta";"Não";1;0;0;0;0;1;0;1;-12,15406;-43,308451;"SPRF-BA";"DEL06-BA";"UOP03-DEL06-BA"
394243;2021-11-06;"sábado";"19:50:00";"ES";101;31,4;"CONCEICAO DA BARRA";"Acessar a via sem observar a presença dos outros veículos";"Colisão frontal";"Sem Vítimas";"Plena Noite";"Decrescente";"Céu Claro";"Simples";"Rotatória";"Sim";2;0;0;0;1;1;0;2;-18,41695394;-39,93608555;"SPRF-ES";"DEL04-ES";"UOP02-DEL04-ES"
394246;2021-11-06;"sábado";"20:15:00";"SC";101;131;"BALNEARIO CAMBORIU";"Reação tardia ou ineficiente do condutor";"Colisão traseira";"Com Vítimas Feridas";"Plena Noite";"Decrescente";"Chuva";"Dupla";"Reta";"Não";4;0;0;2;1;1;2;3;-26,99064209;-48,66310912;"SPRF-SC";"DEL04-SC";"UOP03-DEL04-SC"
394252;2021-11-06;"sábado";"20:55:00";"GO";153;682;"ITUMBIARA";"Ingestão de álcool pelo condutor";"Colisão traseira";"Sem Vítimas";"Plena Noite";"Crescente";"Céu Claro";"Dupla";"Reta";"Não";2;0;0;0;2;0;0;2;-18,2401;-49,2569;"SPRF-GO";"DEL03-GO";"UOP02-DEL03-GO"
394261;2021-11-06;"sábado";"17:40:00";"RO";319;62;"PORTO VELHO";"Ausência de reação do condutor";"Colisão transversal";"Com Vítimas Feridas";"Anoitecer";"Decrescente";"Nublado";"Dupla";"Reta;Interseção de Vias";"Sim";2;0;0;1;1;0;1;2;-8,75030583;-63,88764489;"SPRF-RO";"DEL01-RO";"UOP01-DEL01-RO"
394271;2021-11-06;"sábado";"22:25:00";"ES";101;81;"SAO MATEUS";"Reação tardia ou ineficiente do condutor";"Colisão transversal";"Sem Vítimas";"Plena Noite";"Decrescente";"Céu Claro";"Simples";"Reta";"Não";7;0;0;0;6;3;0;5;-18,82882736;-39,91225653;"SPRF-ES";"DEL04-ES";"UOP02-DEL04-ES"
394288;2021-11-07;"domingo";"00:15:00";"PR";376;644;"TIJUCAS DO SUL";"Ingestão de álcool pelo condutor";"Saída de leito carroçável";"Sem Vítimas";"Plena Noite";"Crescente";"Garoa/Chuvisco";"Dupla";"Declive;Curva";"Não";2;0;0;0;2;0;0;2;-25,81419584;-49,13167969;"SPRF-PR";"DEL01-PR";"UOP04-DEL01-PR"
394290;2021-11-06;"sábado";"21:00:00";"MT";163;331;"SANTO ANTONIO DO LEVERGER";"Demais falhas mecânicas ou elétricas";"Saída de leito carroçável";"Sem Vítimas";"Plena Noite";"Decrescente";"Nevoeiro/Neblina";"Dupla";"Aclive;Reta";"Não";2;0;0;0;1;1;0;2;-15,8317;-55,4386;"SPRF-MT";"DEL01-MT";"UOP02-DEL01-MT"
394291;2021-11-07;"domingo";"01:00:00";"MG";381;341;"BELA VISTA DE MINAS";"Animais na Pista";"Atropelamento de Animal";"Com Vítimas Feridas";"Plena Noite";"Crescente";"Céu Claro";"Simples";"Declive;Interseção de Vias";"Não";6;0;1;3;1;1;4;3;-19,84403064;-43,10352396;"SPRF-MG";"DEL03-MG";"UOP01-DEL03-MG"
394303;2021-11-07;"domingo";"04:00:00";"PE";407;127,7;"PETROLINA";"Ingestão de álcool pelo condutor";"Colisão lateral sentido oposto";"Com Vítimas Feridas";"Plena Noite";"Crescente";"Nublado";"Simples";"Reta";"Sim";3;0;1;0;0;2;1;3;-9,39301;-40,513874;"SPRF-PE";"DEL06-PE";"UOP01-DEL06-PE"
394307;2021-11-07;"domingo";"03:35:00";"BA";116;775;"PLANALTO";"Ingestão de álcool pelo condutor";"Colisão frontal";"Com Vítimas Feridas";"Plena Noite";"Crescente";"Céu Claro";"Simples";"Reta";"Não";3;0;1;0;1;1;1;3;-14,65488916;-40,45909994;"SPRF-BA";"DEL08-BA";"UOP02-DEL08-BA"
394308;2021-11-07;"domingo";"02:30:00";"MG";116;308;"ITAMBACURI";"Ausência de reação do condutor";"Saída de leito carroçável";"Sem Vítimas";"Plena Noite";"Decrescente";"Nublado";"Simples";"Reta";"Não";2;0;0;0;1;1;0;2;-18,05506995;-41,66565241;"SPRF-MG";"DEL11-MG";"UOP01-DEL11-MG"
394313;2021-11-07;"domingo";"04:30:00";"RJ";101;297;"ITABORAI";"Condutor Dormindo";"Colisão com objeto";"Sem Vítimas";"Amanhecer";"Crescente";"Céu Claro";"Múltipla";"Reta";"Sim";2;0;0;0;1;1;0;2;-22,76942037;-42,91873581;"SPRF-RJ";"DEL02-RJ";"UOP02-DEL02-RJ"
394323;2021-11-07;"domingo";"04:40:00";"MS";163;485,5;"CAMPO GRANDE";"Transitar na contramão";"Colisão frontal";"Com Vítimas Fatais";"Amanhecer";"Decrescente";"Nublado";"Simples";"Reta";"Sim";4;1;0;1;0;3;1;5;-20,4372;-54,5429;"SPRF-MS";"DEL01-MS";"UOP02-DEL01-MS"
394325;2021-11-07;"domingo";"06:00:00";"GO";60;79;"ABADIANIA";"Ingestão de álcool pelo condutor";"Saída de leito carroçável";"Sem Vítimas";"Pleno dia";"Decrescente";"Céu Claro";"Dupla";"Reta";"Sim";2;0;0;0;2;0;0;2;-16,3007;-48,8128;"SPRF-GO";"DEL02-GO";"UOP01-DEL02-GO"
394336;2021-11-07;"domingo";"07:30:00";"BA";101;675;"ITAGIMIRIM";"Curva acentuada";"Tombamento";"Com Vítimas Feridas";"Pleno dia";"Decrescente";"Nublado";"Simples";"Declive;Curva";"Sim";3;0;1;0;1;1;1;2;-16,038197;-39,609415;"SPRF-BA";"DEL09-BA";"UOP01-DEL09-BA"
394338;2021-11-07;"domingo";"03:50:00";"SC";480;126;"CHAPECO";"Ingestão de álcool e/ou substâncias psicoativas pelo pedestre";"Tombamento";"Sem Vítimas";"Plena Noite";"Decrescente";"Céu Claro";"Simples";"Reta";"Não";1;0;0;0;1;0;0;1;-27,01987887;-52,63578773;"SPRF-SC";"DEL07-SC";"UOP01-DEL07-SC"
394340;2021-11-07;"domingo";"08:30:00";"SP";381;30;"ATIBAIA";"Manobra de mudança de faixa";"Colisão traseira";"Com Vítimas Feridas";"Pleno dia";"Decrescente";"Céu Claro";"Múltipla";"Reta";"Não";3;0;1;0;1;1;1;3;-23,04885102;-46,56482797;"SPRF-SP";"DEL03-SP";"UOP01-DEL03-SP"
394341;2021-11-07;"domingo";"02:00:00";"MT";70;552;"NOSSA SENHORA DO LIVRAMENTO";"Reação tardia ou ineficiente do condutor";"Saída de leito carroçável";"Com Vítimas Feridas";"Plena Noite";"Decrescente";"Céu Claro";"Simples";"Reta";"Não";2;0;1;0;0;1;1;2;-15,699861;-56,423265;"SPRF-MT";"DEL03-MT";"UOP02-DEL03-MT"
394360;2021-11-07;"domingo";"09:40:00";"GO";364;323;"PORTELANDIA";"Ultrapassagem Indevida";"Colisão com objeto";"Com Vítimas Feridas";"Pleno dia";"Crescente";"Céu Claro";"Simples";"Ponte;Reta";"Não";4;0;3;0;0;1;3;2;-17,39898834;-52,65976667;"SPRF-GO";"DEL05-GO";"UOP01-DEL05-GO"
394361;2021-11-07;"domingo";"10:00:00";"PR";376;671;"GUARATUBA";"Ausência de reação do condutor";"Colisão traseira";"Sem Vítimas";"Pleno dia";"Decrescente";"Nublado";"Dupla";"Reta";"Não";2;0;0;0;2;0;0;2;-25,885323;-48,935154;"SPRF-PR";"DEL01-PR";"UOP04-DEL01-PR"
394362;2021-11-07;"domingo";"10:40:00";"GO";153;508,1;"APARECIDA DE GOIANIA";"Transitar na contramão";"Colisão frontal";"Com Vítimas Fatais";"Pleno dia";"Decrescente";"Nublado";"Dupla";"Aclive";"Sim";2;1;0;0;1;0;0;2;-16,7804;-49,2371;"SPRF-GO";"DEL01-GO";"UOP03-DEL01-GO"
394366;2021-11-07;"domingo";"12:00:00";"RJ";393;233,5;"VASSOURAS";"Ultrapassagem Indevida";"Colisão frontal";"Com Vítimas Feridas";"Pleno dia";"Crescente";"Céu Claro";"Simples";"Reta";"Sim";4;0;2;1;0;1;3;3;-22,37455195;-43,62692403;"SPRF-RJ";"DEL05-RJ";"UOP03-DEL05-RJ"
394379;2021-11-07;"domingo";"10:20:00";"MG";262;477,7;"BOM DESPACHO";"Desrespeitar a preferência no cruzamento";"Colisão transversal";"Com Vítimas Feridas";"Pleno dia";"Crescente";"Sol";"Simples";"Interseção de Vias";"Sim";4;0;0;1;1;2;1;4;-19,78872723;-45,22073799;"SPRF-MG";"DEL08-MG";"UOP03-DEL08-MG"
394384;2021-11-07;"domingo";"07:30:00";"MG";262;553;"LUZ";"Velocidade Incompatível";"Tombamento";"Com Vítimas Feridas";"Pleno dia";"Decrescente";"Céu Claro";"Simples";"Curva";"Não";1;0;1;0;0;0;1;1;-19,71819541;-45,89938601;"SPRF-MG";"DEL08-MG";"UOP02-DEL08-MG"
394385;2021-11-07;"domingo";"13:00:00";"PR";116;99,9;"SAO JOSE DOS PINHAIS";"Ultrapassagem Indevida";"Colisão lateral mesmo sentido";"Com Vítimas Feridas";"Pleno dia";"Crescente";"Nublado";"Dupla";"Reta";"Sim";5;0;2;0;2;1;2;4;-25,52682231;-49,14038767;"SPRF-PR";"DEL01-PR";"UOP01-DEL01-PR"
394387;2021-11-07;"domingo";"08:00:00";"MG";262;528;"LUZ";"Avarias e/ou desgaste excessivo no pneu";"Incêndio";"Sem Vítimas";"Pleno dia";"Crescente";"Céu Claro";"Simples";"Reta";"Não";2;0;0;0;1;1;0;2;-19,7835411;-45,69549599;"SPRF-MG";"DEL08-MG";"UOP02-DEL08-MG"
394391;2021-11-07;"domingo";"15:00:00";"PB";101;100;"ALHANDRA";"Ingestão de álcool pelo condutor";"Colisão lateral mesmo sentido";"Com Vítimas Feridas";"Pleno dia";"Crescente";"Céu Claro";"Dupla";"Reta";"Não";3;0;1;0;1;2;1;4;-7,26469806;-34,93677965;"SPRF-PB";"DEL01-PB";"UOP02-DEL01-PB"
394395;2021-11-07;"domingo";"13:30:00";"RO";364;802;"PORTO VELHO";"Acesso irregular";"Colisão frontal";"Sem Vítimas";"Pleno dia";"Crescente";"Céu Claro";"Simples";"Reta";"Sim";3;0;0;0;3;0;0;3;-9,25776124;-64,41284701;"SPRF-RO";"DEL01-RO";"UOP02-DEL01-RO"
394402;2021-11-07;"domingo";"14:35:00";"MG";116;768;"LEOPOLDINA";"Carga excessiva e/ou mal acondicionada";"Eventos atípicos";"Sem Vítimas";"Pleno dia";"Decrescente";"Céu Claro";"Simples";"Curva";"Não";2;0;0;0;1;1;0;2;-21,52;-42,6454;"SPRF-MG";"DEL07-MG";"UOP01-DEL07-MG"
394403;2021-11-07;"domingo";"10:45:00";"PR";376;528;"PONTA GROSSA";"Manobra de mudança de faixa";"Colisão traseira";"Com Vítimas Feridas";"Pleno dia";"Crescente";"Céu Claro";"Dupla";"Reta";"Não";4;0;1;1;1;2;2;5;-25,33411669;-49,85609969;"SPRF-PR";"DEL03-PR";"UOP01-DEL03-PR"
394406;2021-11-07;"domingo";"15:50:00";"BA";116;823,6;"VITORIA DA CONQUISTA";"Chuva";"Colisão traseira";"Sem Vítimas";"Pleno dia";"Crescente";"Chuva";"Dupla";"Reta";"Sim";2;0;0;0;2;0;0;2;-14,859244;-40,849716;"SPRF-BA";"DEL08-BA";"UOP01-DEL08-BA"
394409;2021-11-07;"domingo";"16:00:00";"PR";163;352;"GUAIRA";"Reação tardia ou ineficiente do condutor";"Colisão com objeto";"Com Vítimas Feridas";"Pleno dia";"Crescente";"Céu Claro";"Simples";"Reta";"Não";4;0;1;0;2;3;1;5;-24,21375699;-54,19958751;"SPRF-PR";"DEL06-PR";"UOP01-DEL06-PR"
394413;2021-11-07;"domingo";"17:20:00";"CE";402;292,9;"TURURU";"Velocidade Incompatível";"Tombamento";"Com Vítimas Feridas";"Anoitecer";"Crescente";"Céu Claro";"Simples";"Curva";"Não";2;0;1;0;0;1;1;2;-3,65416506;-39,42778587;"SPRF-CE";"DEL01-CE";"UOP03-DEL01-CE"
394414;2021-11-07;"domingo";"14:00:00";"BA";116;919,1;"ENCRUZILHADA";"Velocidade Incompatível";"Saída de leito carroçável";"Sem Vítimas";"Pleno dia";"Crescente";"Céu Claro";"Simples";"Curva";"Não";2;0;0;0;1;2;0;3;-15,58649802;-41,28014088;"SPRF-BA";"DEL08-BA";"UOP03-DEL08-BA"
394422;2021-11-07;"domingo";"18:00:00";"TO";153;664;"GURUPI";"Transitar na contramão";"Colisão frontal";"Com Vítimas Fatais";"Anoitecer";"Decrescente";"Nublado";"Simples";"Reta";"Não";3;1;0;0;1;3;0;5;-11,65720894;-49,05926117;"SPRF-TO";"DEL01-TO";"UOP02-DEL01-TO"
394424;2021-11-07;"domingo";"16:30:00";"PR";376;276,8;"MARILANDIA DO SUL";"Ausência de reação do condutor";"Tombamento";"Com Vítimas Feridas";"Pleno dia";"Decrescente";"Sol";"Dupla";"Reta;Retorno Regulamentado";"Não";1;0;1;0;0;0;1;1;-23,79034185;-51,26382709;"SPRF-PR";"DEL07-PR";"UOP02-DEL07-PR"
394446;2021-11-07;"domingo";"19:30:00";"PE";424;26,2;"VENTUROSA";"Ingestão de álcool pelo condutor";"Colisão frontal";"Com Vítimas Fatais";"Plena Noite";"Crescente";"Céu Claro";"Simples";"Reta";"Não";17;1;0;12;3;1;12;7;-8,5542719;-36,89884489;"SPRF-PE";"DEL03-PE";"UOP02-DEL03-PE"
394447;2021-11-07;"domingo";"18:58:00";"PR";376;488;"PONTA GROSSA";"Ingestão de álcool pelo condutor";"Saída de leito carroçável";"Com Vítimas Feridas";"Plena Noite";"Decrescente";"Céu Claro";"Dupla";"Reta;Declive";"Sim";3;0;0;1;1;3;1;5;-25,0967997;-50,19694182;"SPRF-PR";"DEL03-PR";"UOP01-DEL03-PR"
394449;2021-11-07;"domingo";"19:15:00";"CE";222;3,6;"FORTALEZA";"Condutor deixou de manter distância do veículo da frente";"Colisão traseira";"Com Vítimas Feridas";"Plena Noite";"Crescente";"Céu Claro";"Dupla";"Reta";"Sim";6;0;3;0;2;1;3;4;-3,7403769;-38,59569202;"SPRF-CE";"DEL01-CE";"UOP01-DEL01-CE"
394451;2021-11-07;"domingo";"19:50:00";"RJ";393;134;"SAPUCAIA";"Reação tardia ou ineficiente do condutor";"Colisão lateral sentido oposto";"Com Vítimas Feridas";"Plena Noite";"Crescente";"Céu Claro";"Simples";"Reta";"Sim";4;0;2;0;1;1;2;4;-22,001544;-42,929411;"SPRF-RJ";"DEL05-RJ";"UOP01-DEL05-RJ"
394454;2021-11-07;"domingo";"19:45:00";"SC";101;46,8;"JOINVILLE";"Manobra de mudança de faixa";"Colisão lateral mesmo sentido";"Com Vítimas Feridas";"Plena Noite";"Decrescente";"Garoa/Chuvisco";"Múltipla";"Reta";"Sim";5;0;2;0;2;1;2;3;-26,36524518;-48,85854006;"SPRF-SC";"DEL03-SC";"UOP01-DEL03-SC"
394456;2021-11-07;"domingo";"19:48:00";"AC";364;487;"FEIJO";"Ausência de reação do condutor";"Colisão traseira";"Com Vítimas Fatais";"Plena Noite";"Decrescente";"Chuva";"Simples";"Reta";"Não";4;3;0;0;1;0;0;2;-8,21195014;-70,33203219;"SPRF-AC";"DEL01-AC";"UOP01-DEL01-AC"
394463;2021-11-07;"domingo";"21:00:00";"PR";487;166,9;"CAMPO MOURAO";"Falta de acostamento";"Colisão traseira";"Com Vítimas Fatais";"Plena Noite";"Decrescente";"Nublado";"Simples";"Reta";"Não";2;1;0;0;1;0;0;2;-23,99763674;-52,49438388;"SPRF-PR";"DEL09-PR";"UOP03-DEL09-PR"
394465;2021-11-07;"domingo";"20:30:00";"MG";267;174,7;"OLARIA";"Avarias e/ou desgaste excessivo no pneu";"Saída de leito carroçável";"Sem Vítimas";"Pleno dia";"Decrescente";"Céu Claro";"Simples";"Declive;Reta";"Não";2;0;0;0;1;2;0;3;-21,86767217;-43,902416;"SPRF-MG";"DEL05-MG";"UOP01-DEL05-MG"
394474;2021-11-07;"domingo";"22:20:00";"PR";376;635;"SAO JOSE DOS PINHAIS";"Ultrapassagem Indevida";"Colisão lateral mesmo sentido";"Sem Vítimas";"Plena Noite";"Decrescente";"Nublado";"Múltipla";"Reta";"Não";3;0;0;0;2;1;0;3;-25,73890105;-49,13059434;"SPRF-PR";"DEL01-PR";"UOP04-DEL01-PR"
394477;2021-11-07;"domingo";"20:00:00";"BA";407;98;"JAGUARARI";"Estacionar ou parar em local proibido";"Colisão traseira";"Com Vítimas Fatais";"Plena Noite";"Crescente";"Chuva";"Simples";"Reta";"Não";2;1;0;0;1;0;0;2;-10,22018224;-40,21285144;"SPRF-BA";"DEL04-BA";"UOP01-DEL04-BA"
394482;2021-11-07;"domingo";"18:30:00";"SC";116;104,8;"MONTE CASTELO";"Velocidade Incompatível";"Tombamento";"Com Vítimas Feridas";"Anoitecer";"Decrescente";"Céu Claro";"Simples";"Declive;Curva";"Não";2;0;0;1;0;1;1;2;-26,742656;-50,31436699;"SPRF-SC";"DEL06-SC";"UOP02-DEL06-SC"
394486;2021-11-07;"domingo";"20:00:00";"MG";116;165,5;"PADRE PARAISO";"Ingestão de álcool pelo condutor";"Colisão lateral sentido oposto";"Com Vítimas Feridas";"Plena Noite";"Decrescente";"Céu Claro";"Simples";"Reta";"Não";2;0;1;0;1;0;1;2;-16,97529902;-41,44981123;"SPRF-MG";"DEL11-MG";"UOP02-DEL11-MG"
394488;2021-11-07;"domingo";"22:10:00";"SC";282;366;"ERVAL VELHO";"Desrespeitar a preferência no cruzamento";"Colisão transversal";"Sem Vítimas";"Plena Noite";"Decrescente";"Céu Claro";"Simples";"Rotatória";"Sim";1;0;0;0;1;0;0;1;-27,27485725;-51,44173265;"SPRF-SC";"DEL07-SC";"UOP05-DEL07-SC"
394489;2021-11-07;"domingo";"16:40:00";"MG";381;317,5;"NOVA ERA";"Chuva";"Colisão frontal";"Com Vítimas Feridas";"Anoitecer";"Crescente";"Chuva";"Simples";"Aclive;Curva";"Não";4;0;2;0;1;1;2;3;-19,67578567;-42,97873929;"SPRF-MG";"DEL03-MG";"UOP02-DEL03-MG"
394501;2021-11-08;"segunda-feira";"03:10:00";"SE";101;18;"SAO FRANCISCO";"Condutor Dormindo";"Colisão com objeto";"Com Vítimas Feridas";"Plena Noite";"Crescente";"Céu Claro";"Dupla";"Reta";"Não";2;0;1;0;0;1;1;2;-10,34642149;-36,8979388;"SPRF-SE";"DEL02-SE";"UOP02-DEL02-SE"
394510;2021-11-08;"segunda-feira";"05:20:00";"RJ";116;300,4;"RESENDE";"Pedestre cruzava a pista fora da faixa";"Colisão traseira";"Com Vítimas Fatais";"Amanhecer";"Decrescente";"Céu Claro";"Dupla";"Reta";"Sim";3;1;0;0;1;1;0;3;-22,45223481;-44,35432502;"SPRF-RJ";"DEL07-RJ";"UOP02-DEL07-RJ"
394517;2021-11-08;"segunda-feira";"06:30:00";"SC";470;9,9;"NAVEGANTES";"Reação tardia ou ineficiente do condutor";"Colisão transversal";"Com Vítimas Feridas";"Amanhecer";"Decrescente";"Nublado";"Simples";"Interseção de Vias";"Sim";3;0;1;0;1;1;1;3;-26,833143;-48,727432;"SPRF-SC";"DEL04-SC";"UOP04-DEL04-SC"
394524;2021-09-04;"sábado";"22:30:00";"PR";476;15;"ADRIANOPOLIS";"Curva acentuada";"Saída de leito carroçável";"Com Vítimas Feridas";"Plena Noite";"Decrescente";"Nevoeiro/Neblina";"Simples";"Curva";"Não";2;0;1;0;0;2;1;3;-24,739321;-48,988041;"SPRF-PR";"DEL01-PR";"UOP02-DEL01-PR"
394525;2021-11-08;"segunda-feira";"03:55:00";"PR";277;659,5;"MATELANDIA";"Velocidade Incompatível";"Tombamento";"Com Vítimas Feridas";"Plena Noite";"Crescente";"Céu Claro";"Dupla";"Declive;Curva";"Não";3;0;0;2;0;1;2;2;-25,24664169;-53,98334832;"SPRF-PR";"DEL05-PR";"UOP02-DEL05-PR"
394528;2021-11-08;"segunda-feira";"05:30:00";"CE";116;115;"RUSSAS";"Condutor deixou de manter distância do veículo da frente";"Colisão traseira";"Com Vítimas Feridas";"Amanhecer";"Decrescente";"Céu Claro";"Simples";"Reta";"Não";5;0;2;0;2;1;2;2;-4,60210518;-38,20118918;"SPRF-CE";"DEL03-CE";"UOP01-DEL03-CE"
394530;2021-11-08;"segunda-feira";"06:58:00";"MT";163;686;"LUCAS DO RIO VERDE";"Acesso irregular";"Colisão lateral sentido oposto";"Com Vítimas Feridas";"Pleno dia";"Decrescente";"Chuva";"Simples";"Reta";"Sim";3;0;1;0;1;2;1;4;-13,19174413;-55,98980472;"SPRF-MT";"DEL06-MT";"UOP01-DEL06-MT"
394538;2021-11-08;"segunda-feira";"06:50:00";"PR";277;423,5;"CANTAGALO";"Ausência de reação do condutor";"Colisão transversal";"Sem Vítimas";"Pleno dia";"Crescente";"Céu Claro";"Simples";"Curva";"Não";3;0;0;0;1;2;0;3;-25,39623005;-52,10550115;"SPRF-PR";"DEL04-PR";"UOP02-DEL04-PR"
394541;2021-11-08;"segunda-feira";"09:00:00";"MG";365;155,2;"PIRAPORA";"Transitar na contramão";"Colisão frontal";"Com Vítimas Fatais";"Pleno dia";"Crescente";"Nublado";"Simples";"Reta";"Não";2;1;1;0;0;0;1;2;-17,32423498;-44,89663322;"SPRF-MG";"DEL12-MG";"UOP01-DEL12-MG"
394542;2021-11-08;"segunda-feira";"06:25:00";"BA";324;625;"SALVADOR";"Demais falhas mecânicas ou elétricas";"Saída de leito carroçável";"Sem Vítimas";"Pleno dia";"Decrescente";"Nublado";"Múltipla";"Reta";"Sim";2;0;0;0;1;1;0;2;-12,94194706;-38,47081224;"SPRF-BA";"DEL01-BA";"UOP01-DEL01-BA"
394543;2021-11-08;"segunda-feira";"06:45:00";"PR";369;163;"CAMBE";"Ausência de reação do condutor";"Colisão traseira";"Com Vítimas Feridas";"Pleno dia";"Crescente";"Céu Claro";"Dupla";"Reta";"Não";4;0;1;0;2;1;1;4;-23,29543693;-51,2920332;"SPRF-PR";"DEL07-PR";"UOP01-DEL07-PR"
394545;2021-11-08;"segunda-feira";"09:00:00";"TO";153;214;"NOVA OLINDA";"Condutor deixou de manter distância do veículo da frente";"Engavetamento";"Com Vítimas Feridas";"Pleno dia";"Crescente";"Céu Claro";"Simples";"Reta";"Não";7;0;4;0;2;2;4;7;-7,769034;-48,45988099;"SPRF-TO";"DEL02-TO";"UOP01-DEL02-TO"
394548;2021-11-08;"segunda-feira";"09:20:00";"SC";101;389,5;"CRICIUMA";"Pedestre cruzava a pista fora da faixa";"Atropelamento de Pedestre";"Com Vítimas Fatais";"Pleno dia";"Crescente";"Nublado";"Múltipla";"Reta";"Sim";4;1;0;0;1;2;0;3;-28,8027957;-49,3675825;"SPRF-SC";"DEL02-SC";"UOP02-DEL02-SC"