"id";"data_inversa";"dia_semana";"horario";"uf";"br";"km";"municipio";"causa_acidente";"tipo_acidente";"classificacao_acidente";"fase_dia";"sentido_via";"condicao_metereologica";"tipo_pista";"tracado_via";"uso_solo";"pessoas";"mortos";"feridos_leves";"feridos_graves";"ilesos";"ignorados";"feridos";"veiculos";"latitude";"longitude";"regional";"delegacia";"uop"
394549;2021-11-08;"segunda-feira";"10:00:00";"DF";70;12;"BRASILIA";"Condutor deixou de manter distância do veículo da frente";"Colisão traseira";"Com Vítimas Feridas";"Pleno dia";"Decrescente";"Céu Claro";"Dupla";"Reta";"Sim";2;0;1;0;0;1;1;2;-15,792243;-48,158543;"SPRF-DF";"DEL03-DF";"UOP02-DEL03-DF"
394567;2021-11-08;"segunda-feira";"11:50:00";"SP";153;29,2;"NOVA GRANADA";"Ultrapassagem Indevida";"Colisão lateral mesmo sentido";"Com Vítimas Feridas";"Pleno dia";"Crescente";"Céu Claro";"Simples";"Reta";"Não";3;0;1;0;1;1;1;3;-20,53332849;-49,33066316;"SPRF-SP";"DEL09-SP";"UOP01-DEL09-SP"
394573;2021-11-06;"sábado";"22:54:00";"RO";364;350;"JI-PARANA";"Velocidade Incompatível";"Capotamento";"Com Vítimas Fatais";"Plena Noite";"Decrescente";"Garoa/Chuvisco";"Simples";"Declive";"Não";4;1;0;0;2;1;0;3;-10,84541153;-61,99883268;"SPRF-RO";"DEL02-RO";"UOP01-DEL02-RO"
394574;2021-11-08;"segunda-feira";"12:00:00";"MG";50;89;"UBERLANDIA";"Carga excessiva e/ou mal acondicionada";"Derramamento de carga";"Sem Vítimas";"Pleno dia";"Decrescente";"Céu Claro";"Dupla";"Reta";"Não";2;0;0;0;1;1;0;2;-19,03998093;-48,19938578;"SPRF-MG";"DEL15-MG";"UOP01-DEL15-MG"
394579;2021-11-08;"segunda-feira";"09:10:00";"MA";316;617;"TIMON";"Entrada inopinada do pedestre";"Atropelamento de Pedestre";"Com Vítimas Feridas";"Pleno dia";"Decrescente";"Sol";"Dupla";"Reta";"Sim";2;0;1;0;1;0;1;2;-5,102445;-42,829098;"SPRF-MA";"DEL03-MA";"UOP02-DEL03-MA"
394580;2021-11-08;"segunda-feira";"12:55:00";"SC";282;48,7;"AGUAS MORNAS";"Falta de acostamento";"Tombamento";"Sem Vítimas";"Pleno dia";"Crescente";"Chuva";"Simples";"Aclive;Curva";"Não";2;0;0;0;1;1;0;2;-27,714352;-48,938072;"SPRF-SC";"DEL01-SC";"UOP03-DEL01-SC"
394587;2021-11-08;"segunda-feira";"14:40:00";"PE";101;50,3;"ABREU E LIMA";"Manobra de mudança de faixa";"Colisão lateral mesmo sentido";"Com Vítimas Feridas";"Pleno dia";"Decrescente";"Sol";"Múltipla";"Reta";"Sim";2;0;0;1;0;1;1;2;-7,90938602;-34,90123228;"SPRF-PE";"DEL01-PE";"UOP02-DEL01-PE"
394589;2021-11-08;"segunda-feira";"15:05:00";"MG";459;103,3;"POUSO ALEGRE";"Entrada inopinada do pedestre";"Atropelamento de Pedestre";"Com Vítimas Feridas";"Pleno dia";"Decrescente";"Céu Claro";"Dupla";"Curva;Declive";"Sim";3;0;0;1;1;1;1;2;-22,217806;-45,917549;"SPRF-MG";"DEL16-MG";"UOP01-DEL16-MG"
394590;2021-11-08;"segunda-feira";"12:20:00";"MG";262;789,8;"UBERABA";"Ultrapassagem Indevida";"Colisão frontal";"Com Vítimas Fatais";"Pleno dia";"Decrescente";"Céu Claro";"Simples";"Reta";"Não";3;1;0;0;1;2;0;4;-19,76031983;-47,84038303;"SPRF-MG";"DEL13-MG";"UOP01-DEL13-MG"
394596;2021-11-08;"segunda-feira";"10:45:00";"ES";262;76,5;"DOMINGOS MARTINS";"Carga excessiva e/ou mal acondicionada";"Capotamento";"Com Vítimas Feridas";"Pleno dia";"Decrescente";"Nublado";"Simples";"Curva";"Não";2;0;1;0;0;1;1;2;-20,41279327;-40,90834307;"SPRF-ES";"DEL01-ES";"UOP02-DEL01-ES"
394597;2021-11-08;"segunda-feira";"14:45:00";"RJ";493;3,8;"ITABORAI";"Condutor deixou de manter distância do veículo da frente";"Engavetamento";"Com Vítimas Feridas";"Pleno dia";"Crescente";"Nublado";"Dupla";"Reta";"Não";5;0;4;0;1;0;4;3;-22,7525329;-42,94160092;"SPRF-RJ";"DEL02-RJ";"UOP02-DEL02-RJ"
394600;2021-08-01;"domingo";"09:20:00";"MG";381;349,7;"JOAO MONLEVADE";"Reação tardia ou ineficiente do condutor";"Colisão com objeto";"Com Vítimas Fatais";"Pleno dia";"Crescente";"Céu Claro";"Simples";"Aclive;Reta;Ponte";"Não";5;3;0;0;0;2;0;2;-19,86200962;-43,11984323;"SPRF-MG";"DEL03-MG";"UOP01-DEL03-MG"
394602;2021-11-08;"segunda-feira";"16:05:00";"BA";116;419,3;"FEIRA DE SANTANA";"Trafegar com motocicleta (ou similar) entre as faixas";"Colisão traseira";"Com Vítimas Feridas";"Pleno dia";"Crescente";"Nublado";"Dupla";"Curva;Em Obras";"Sim";4;0;1;0;2;3;1;6;-12,20054708;-38,96560907;"SPRF-BA";"DEL02-BA";"UOP01-DEL02-BA"
394603;2021-11-08;"segunda-feira";"15:50:00";"PE";101;65,6;"RECIFE";"Manobra de mudança de faixa";"Colisão lateral mesmo sentido";"Com Vítimas Feridas";"Pleno dia";"Crescente";"Céu Claro";"Múltipla";"Reta";"Sim";4;0;1;0;2;1;1;3;-8,032154;-34,942468;"SPRF-PE";"DEL01-PE";"UOP01-DEL01-PE"
394613;2021-11-08;"segunda-feira";"17:00:00";"ES";101;256;"SERRA";"Transitar na contramão";"Colisão frontal";"Com Vítimas Fatais";"Pleno dia";"Crescente";"Nublado";"Simples";"Curva";"Sim";5;1;0;1;2;1;1;3;-20,119123;-40,311005;"SPRF-ES";"DEL02-ES";"UOP01-DEL02-ES"
394616;2021-11-08;"segunda-feira";"13:20:00";"MG";116;104,6;"MEDINA";"Ausência de reação do condutor";"Tombamento";"Com Vítimas Feridas";"Pleno dia";"Crescente";"Céu Claro";"Simples";"Curva";"Não";2;0;0;1;0;2;1;3;-16,46427798;-41,50005093;"SPRF-MG";"DEL11-MG";"UOP02-DEL11-MG"
394619;2021-11-08;"segunda-feira";"16:15:00";"MG";381;883,8;"ESTIVA";"Condutor Dormindo";"Colisão com objeto";"Com Vítimas Feridas";"Pleno dia";"Decrescente";"Chuva";"Dupla";"Reta";"Não";1;0;0;1;0;0;1;1;-22,53194905;-46,02809392;"SPRF-MG";"DEL16-MG";"UOP03-DEL16-MG"
394624;2021-11-08;"segunda-feira";"16:30:00";"MT";163;529;"DIAMANTINO";"Chuva";"Tombamento";"Com Vítimas Feridas";"Anoitecer";"Crescente";"Chuva";"Simples";"Reta";"Não";1;0;1;0;0;0;1;1;-14,46297832;-56,14910673;"SPRF-MT";"DEL01-MT";"UOP01-DEL01-MT"
394625;2021-11-08;"segunda-feira";"16:15:00";"BA";101;255;"CONCEICAO DO ALMEIDA";"Reação tardia ou ineficiente do condutor";"Colisão frontal";"Com Vítimas Feridas";"Pleno dia";"Decrescente";"Céu Claro";"Simples";"Declive;Curva";"Não";4;0;1;0;2;2;1;4;-12,920711;-39,246909;"SPRF-BA";"DEL01-BA";"UOP02-DEL01-BA"
394628;2021-11-08;"segunda-feira";"17:00:00";"ES";101;320;"GUARAPARI";"Condutor deixou de manter distância do veículo da frente";"Colisão traseira";"Sem Vítimas";"Pleno dia";"Crescente";"Céu Claro";"Múltipla";"Reta";"Sim";2;0;0;0;2;0;0;2;-20,51234104;-40,47639192;"SPRF-ES";"DEL03-ES";"UOP01-DEL03-ES"
394631;2021-11-08;"segunda-feira";"15:01:00";"MA";135;18;"SAO LUIS";"Pista Escorregadia";"Colisão com objeto";"Com Vítimas Feridas";"Pleno dia";"Crescente";"Chuva";"Dupla";"Rotatória";"Sim";3;0;0;2;1;0;2;2;-2,71719899;-44,32099307;"SPRF-MA";"DEL01-MA";"UOP01-DEL01-MA"
394636;2021-11-08;"segunda-feira";"17:30:00";"MG";40;549;"NOVA LIMA";"Manobra de mudança de faixa";"Colisão lateral mesmo sentido";"Com Vítimas Feridas";"Anoitecer";"Decrescente";"Garoa/Chuvisco";"Dupla";"Declive";"Não";4;0;1;0;3;0;1;4;-20,03972326;-43,96703232;"SPRF-MG";"DEL01-MG";"UOP02-DEL01-MG"
394639;2021-11-08;"segunda-feira";"18:15:00";"RS";386;350,7;"ESTRELA";"Reação tardia ou ineficiente do condutor";"Saída de leito carroçável";"Com Vítimas Feridas";"Anoitecer";"Decrescente";"Céu Claro";"Dupla";"Reta";"Não";1;0;0;1;0;0;1;1;-29,48168204;-51,95407748;"SPRF-RS";"DEL04-RS";"UOP02-DEL04-RS"
394645;2021-11-08;"segunda-feira";"15:20:00";"MS";262;628,1;"MIRANDA";"Manobra de mudança de faixa";"Colisão lateral mesmo sentido";"Com Vítimas Feridas";"Pleno dia";"Decrescente";"Céu Claro";"Simples";"Reta";"Não";5;0;1;0;3;3;1;5;-19,88382776;-56,87364546;"SPRF-MS";"DEL03-MS";"UOP02-DEL03-MS"
394652;2021-11-08;"segunda-feira";"17:40:00";"SC";282;607,1;"MARAVILHA";"Acessar a via sem observar a presença dos outros veículos";"Colisão transversal";"Com Vítimas Feridas";"Pleno dia";"Crescente";"Céu Claro";"Simples";"Reta";"Não";4;0;0;1;3;0;1;2;-26,772648;-53,2062;"SPRF-SC";"DEL07-SC";"UOP02-DEL07-SC"
394662;2021-11-08;"segunda-feira";"18:00:00";"CE";20;429;"FORTALEZA";"Mal súbito do condutor";"Saída de leito carroçável";"Com Vítimas Feridas";"Plena Noite";"Decrescente";"Céu Claro";"Dupla";"Reta";"Sim";2;0;1;0;0;1;1;2;-3,76999035;-38,67006282;"SPRF-CE";"DEL01-CE";"UOP02-DEL01-CE"
394663;2021-11-08;"segunda-feira";"17:50:00";"AC";364;128;"RIO BRANCO";"Condutor deixou de manter distância do veículo da frente";"Colisão lateral mesmo sentido";"Sem Vítimas";"Anoitecer";"Crescente";"Céu Claro";"Simples";"Reta";"Não";2;0;0;0;2;0;0;2;-10,02644375;-67,8206882;"SPRF-AC";"DEL01-AC";"UOP01-DEL01-AC"
394664;2021-11-08;"segunda-feira";"09:30:00";"SC";116;155;"SANTA CECILIA";"Velocidade Incompatível";"Tombamento";"Com Vítimas Feridas";"Pleno dia";"Crescente";"Céu Claro";"Simples";"Curva";"Não";2;0;1;0;0;1;1;2;-27,07453696;-50,42919788;"SPRF-SC";"DEL06-SC";"UOP02-DEL06-SC"
394668;2021-11-08;"segunda-feira";"18:30:00";"MS";262;360;"CAMPO GRANDE";"Reação tardia ou ineficiente do condutor";"Saída de leito carroçável";"Com Vítimas Feridas";"Plena Noite";"Crescente";"Nublado";"Simples";"Reta";"Não";2;0;2;0;0;0;2;1;-20,52581098;-54,70976798;"SPRF-MS";"DEL01-MS";"UOP03-DEL01-MS"
394675;2021-11-08;"segunda-feira";"20:10:00";"MT";364;265;"SAO PEDRO DA CIPA";"Acessar a via sem observar a presença dos outros veículos";"Colisão lateral mesmo sentido";"Com Vítimas Feridas";"Plena Noite";"Crescente";"Nublado";"Dupla";"Reta";"Não";3;0;1;0;1;1;1;2;-15,97908642;-54,93359143;"SPRF-MT";"DEL02-MT";"UOP01-DEL02-MT"
394677;2021-11-08;"segunda-feira";"18:15:00";"CE";222;245,3;"SOBRAL";"Retorno proibido";"Colisão transversal";"Com Vítimas Fatais";"Plena Noite";"Decrescente";"Céu Claro";"Simples";"Curva";"Não";8;3;0;2;3;0;2;3;-3,75803853;-40,52338243;"SPRF-CE";"DEL04-CE";"UOP01-DEL04-CE"
394678;2021-11-08;"segunda-feira";"21:15:00";"RS";287;251,9;"SANTA MARIA";"Condutor Dormindo";"Tombamento";"Com Vítimas Feridas";"Plena Noite";"Crescente";"Céu Claro";"Dupla";"Reta";"Sim";2;0;0;1;0;1;1;2;-29,68749352;-53,88488173;"SPRF-RS";"DEL09-RS";"UOP01-DEL09-RS"
394684;2021-11-08;"segunda-feira";"19:40:00";"MT";364;435;"VARZEA GRANDE";"Acessar a via sem observar a presença dos outros veículos";"Colisão lateral mesmo sentido";"Com Vítimas Feridas";"Plena Noite";"Crescente";"Céu Claro";"Dupla";"Reta";"Sim";2;0;1;0;1;0;1;2;-15,64127781;-56,13085281;"SPRF-MT";"DEL01-MT";"UOP02-DEL01-MT"
394687;2021-11-08;"segunda-feira";"13:30:00";"SC";280;100,1;"SAO BENTO DO SUL";"Carga excessiva e/ou mal acondicionada";"Derramamento de carga";"Sem Vítimas";"Pleno dia";"Crescente";"Céu Claro";"Simples";"Curva";"Não";1;0;0;0;1;0;0;1;-26,3647522;-49,33526222;"SPRF-SC";"DEL06-SC";"UOP03-DEL06-SC"
394688;2021-11-08;"segunda-feira";"20:04:00";"SP";381;82;"SAO PAULO";"Condutor deixou de manter distância do veículo da frente";"Colisão traseira";"Com Vítimas Feridas";"Plena Noite";"Decrescente";"Céu Claro";"Dupla";"Reta";"Não";2;0;0;1;1;0;1;2;-23,42399;-46,575112;"SPRF-SP";"DEL03-SP";"UOP01-DEL03-SP"
394689;2021-11-08;"segunda-feira";"20:00:00";"PE";316;272;"ITACURUBA";"Ingestão de álcool e/ou substâncias psicoativas pelo pedestre";"Atropelamento de Pedestre";"Com Vítimas Fatais";"Plena Noite";"Crescente";"Céu Claro";"Simples";"Reta";"Não";2;1;0;0;0;1;0;2;-8,69563604;-38,84408298;"SPRF-PE";"DEL04-PE";"UOP01-DEL04-PE"
394697;2021-11-08;"segunda-feira";"23:20:00";"GO";153;575,9;"PIRACANJUBA";"Velocidade Incompatível";"Saída de leito carroçável";"Com Vítimas Feridas";"Plena Noite";"Decrescente";"Nublado";"Dupla";"Reta";"Não";2;0;1;0;0;1;1;2;-17,3387;-49,2399;"SPRF-GO";"DEL03-GO";"UOP01-DEL03-GO"
394698;2021-11-08;"segunda-feira";"20:44:00";"SP";381;68;"MAIRIPORA";"Ausência de reação do condutor";"Colisão traseira";"Com Vítimas Feridas";"Plena Noite";"Decrescente";"Céu Claro";"Simples";"Reta";"Sim";4;0;2;0;2;0;2;2;-23,34043796;-46,57433588;"SPRF-SP";"DEL03-SP";"UOP01-DEL03-SP"
394701;2021-11-09;"terça-feira";"03:50:00";"MG";381;435,3;"SABARA";"Chuva";"Capotamento";"Com Vítimas Fatais";"Plena Noite";"Crescente";"Chuva";"Simples";"Curva";"Não";1;1;0;0;0;0;0;1;-19,80010099;-43,75771301;"SPRF-MG";"DEL01-MG";"UOP01-DEL01-MG"
394702;2021-11-09;"terça-feira";"04:00:00";"PR";116;114,1;"CURITIBA";"Ingestão de álcool pelo condutor";"Atropelamento de Pedestre";"Com Vítimas Feridas";"Plena Noite";"Crescente";"Nublado";"Dupla";"Em Obras;Reta;Declive";"Sim";3;0;1;1;1;0;2;3;-25,56296907;-49,25643801;"SPRF-PR";"DEL01-PR";"UOP01-DEL01-PR"
394703;2021-11-09;"terça-feira";"04:15:00";"MG";40;455,6;"CAETANOPOLIS";"Chuva";"Saída de leito carroçável";"Sem Vítimas";"Plena Noite";"Decrescente";"Chuva";"Dupla";"Declive";"Não";1;0;0;0;1;0;0;1;-19,35767518;-44,34735515;"SPRF-MG";"DEL02-MG";"UOP01-DEL02-MG"
394708;2021-11-09;"terça-feira";"06:10:00";"PR";277;241,1;"IRATI";"Condutor Dormindo";"Tombamento";"Com Vítimas Feridas";"Pleno dia";"Decrescente";"Nublado";"Simples";"Curva";"Não";2;0;1;0;0;1;1;2;-25,46419687;-50,56581801;"SPRF-PR";"DEL03-PR";"UOP03-DEL03-PR"
394713;2021-11-08;"segunda-feira";"22:30:00";"SC";282;89;"ALFREDO WAGNER";"Problema com o freio";"Tombamento";"Com Vítimas Feridas";"Plena Noite";"Crescente";"Nublado";"Simples";"Curva;Declive";"Não";1;0;0;1;0;0;1;1;-27,677973;-49,215893;"SPRF-SC";"DEL01-SC";"UOP03-DEL01-SC"
394714;2021-11-09;"terça-feira";"02:20:00";"MG";251;493;"FRANCISCO SA";"Pista Escorregadia";"Saída de leito carroçável";"Com Vítimas Feridas";"Plena Noite";"Decrescente";"Nublado";"Simples";"Curva";"Não";1;0;0;1;0;0;1;1;-16,5500591;-43,60261992;"SPRF-MG";"DEL12-MG";"UOP01-DEL12-MG"
394728;2021-11-09;"terça-feira";"07:50:00";"MT";163;841;"SINOP";"Acessar a via sem observar a presença dos outros veículos";"Colisão transversal";"Com Vítimas Feridas";"Pleno dia";"Crescente";"Nublado";"Simples";"Reta";"Não";3;0;0;1;1;2;1;4;-11,805223;-55,480721;"SPRF-MT";"DEL06-MT";"NPF/DEL06-MT"
394734;2021-11-09;"terça-feira";"09:20:00";"RS";116;248,8;"SAO LEOPOLDO";"Acessar a via sem observar a presença dos outros veículos";"Atropelamento de Pedestre";"Com Vítimas Feridas";"Pleno dia";"Decrescente";"Céu Claro";"Dupla";"Reta";"Sim";2;0;1;0;1;0;1;2;-29,77605895;-51,15508618;"SPRF-RS";"DEL01-RS";"UOP02-DEL01-RS"
394735;2021-11-09;"terça-feira";"09:10:00";"GO";153;286;"NOVA GLORIA";"Velocidade Incompatível";"Colisão traseira";"Com Vítimas Feridas";"Pleno dia";"Crescente";"Céu Claro";"Simples";"Reta;Declive";"Não";5;0;1;0;3;6;1;9;-15,178566;-49,545043;"SPRF-GO";"DEL02-GO";"UOP02-DEL02-GO"
394737;2021-11-09;"terça-feira";"05:20:00";"RJ";101;399;"ITAGUAI";"Demais falhas mecânicas ou elétricas";"Incêndio";"Sem Vítimas";"Pleno dia";"Crescente";"Céu Claro";"Simples";"Reta";"Não";2;0;0;0;1;2;0;3;-22,85611;-43,762649;"SPRF-RJ";"DEL03-RJ";"UOP01-DEL03-RJ"
394744;2021-11-09;"terça-feira";"07:54:00";"BA";324;4;"SALVADOR";"Ausência de reação do condutor";"Colisão traseira";"Com Vítimas Fatais";"Pleno dia";"Crescente";"Nublado";"Dupla";"Viaduto";"Sim";3;1;0;0;2;0;0;3;-12,971561;-38,511154;"SPRF-BA";"DEL01-BA";"UOP01-DEL01-BA"
394745;2021-11-09;"terça-feira";"09:00:00";"MS";60;515,5;"NIOAQUE";"Problema com o freio";"Tombamento";"Com Vítimas Fatais";"Pleno dia";"Decrescente";"Céu Claro";"Simples";"Curva";"Não";6;1;3;1;0;1;4;3;-21,17732695;-55,628235;"SPRF-MS";"DEL05-MS";"UOP01-DEL05-MS"
394759;2021-11-09;"terça-feira";"11:42:00";"SC";470;111,3;"APIUNA";"Condutor usando celular";"Colisão lateral sentido oposto";"Com Vítimas Feridas";"Pleno dia";"Decrescente";"Sol";"Simples";"Curva";"Sim";3;0;2;0;0;1;2;3;-27,095388;-49,457878;"SPRF-SC";"DEL04-SC";"UOP02-DEL04-SC"
394760;2021-11-09;"terça-feira";"08:30:00";"MG";381;873,9;"ESTIVA";"Velocidade Incompatível";"Tombamento";"Com Vítimas Feridas";"Pleno dia";"Crescente";"Céu Claro";"Dupla";"Curva";"Não";2;0;1;0;0;1;1;2;-22,41975654;-45,96533775;"SPRF-MG";"DEL16-MG";"UOP01-DEL16-MG"
394761;2021-11-09;"terça-feira";"09:00:00";"MG";381;873;"ESTIVA";"Velocidade Incompatível";"Engavetamento";"Com Vítimas Feridas";"Pleno dia";"Crescente";"Céu Claro";"Dupla";"Declive;Reta";"Não";13;0;6;0;6;5;6;11;-22,41271038;-45,96193423;"SPRF-MG";"DEL16-MG";"UOP01-DEL16-MG"
394762;2021-11-09;"terça-feira";"11:50:00";"MS";163;658;"RIO VERDE DE MATO GROSSO";"Ausência de reação do condutor";"Colisão lateral sentido oposto";"Com Vítimas Feridas";"Pleno dia";"Crescente";"Céu Claro";"Simples";"Curva";"Não";4;0;0;1;3;0;1;2;-19,09525346;-54,77344662;"SPRF-MS";"DEL06-MS";"UOP02-DEL06-MS"
394772;2021-11-09;"terça-feira";"13:55:00";"SC";101;213,5;"PALHOCA";"Ausência de reação do condutor";"Colisão traseira";"Com Vítimas Feridas";"Pleno dia";"Decrescente";"Nublado";"Dupla";"Reta";"Sim";2;0;1;0;1;0;1;2;-27,63697369;-48,66514142;"SPRF-SC";"DEL01-SC";"UOP02-DEL01-SC"
394779;2021-11-09;"terça-feira";"09:40:00";"MS";60;526,5;"NIOAQUE";"Demais falhas mecânicas ou elétricas";"Incêndio";"Sem Vítimas";"Pleno dia";"Decrescente";"Sol";"Simples";"Reta";"Não";2;0;0;0;1;1;0;2;-21,129378;-55,729885;"SPRF-MS";"DEL05-MS";"UOP01-DEL05-MS"
394781;2021-11-01;"segunda-feira";"11:30:00";"MG";251;202;"CACHOEIRA DE PAJEU";"Ausência de reação do condutor";"Colisão traseira";"Com Vítimas Feridas";"Pleno dia";"Crescente";"Nublado";"Simples";"Reta";"Não";6;0;1;0;2;4;1;5;-15,85923197;-41,49716601;"SPRF-MG";"DEL11-MG";"UOP02-DEL11-MG"
394782;2021-11-09;"terça-feira";"14:30:00";"SC";101;133;"BALNEARIO CAMBORIU";"Manobra de mudança de faixa";"Colisão lateral mesmo sentido";"Com Vítimas Feridas";"Pleno dia";"Decrescente";"Nublado";"Dupla";"Reta";"Sim";3;0;1;0;2;0;1;2;-26,99936;-48,64609;"SPRF-SC";"DEL04-SC";"UOP03-DEL04-SC"
394783;2021-11-09;"terça-feira";"15:20:00";"RS";158;145;"PANAMBI";"Ingestão de álcool pelo condutor";"Colisão transversal";"Com Vítimas Feridas";"Pleno dia";"Decrescente";"Céu Claro";"Simples";"Reta";"Não";5;0;0;1;1;4;1;5;-28,24134706;-53,48065714;"SPRF-RS";"DEL10-RS";"UOP02-DEL10-RS"
394785;2021-11-09;"terça-feira";"15:45:00";"GO";414;437,9;"ANAPOLIS";"Manobra de mudança de faixa";"Colisão frontal";"Com Vítimas Fatais";"Pleno dia";"Crescente";"Nublado";"Simples";"Reta";"Sim";3;1;0;0;1;2;0;4;-16,270197;-48,939854;"SPRF-GO";"DEL02-GO";"UOP01-DEL02-GO"
394786;2021-11-09;"terça-feira";"15:30:00";"SC";470;196;"PONTE ALTA";"Condutor deixou de manter distância do veículo da frente";"Engavetamento";"Com Vítimas Feridas";"Pleno dia";"Decrescente";"Sol";"Simples";"Reta";"Não";4;0;1;0;2;2;1;5;-27,304939;-50,098827;"SPRF-SC";"DEL04-SC";"UOP02-DEL04-SC"
394788;2021-10-18;"segunda-feira";"07:50:00";"SC";470;111,2;"APIUNA";"Mal súbito do condutor";"Colisão lateral sentido oposto";"Com Vítimas Fatais";"Pleno dia";"Decrescente";"Nublado";"Simples";"Curva;Aclive";"Não";4;1;0;0;2;1;0;4;-27,09971;-49,461214;"SPRF-SC";"DEL04-SC";"UOP02-DEL04-SC"
394789;2021-08-16;"segunda-feira";"17:21:00";"MS";163;487,4;"CAMPO GRANDE";"Condutor deixou de manter distância do veículo da frente";"Colisão traseira";"Com Vítimas Feridas";"Anoitecer";"Crescente";"Ignorado";"Simples";"Reta";"Não";2;0;1;0;0;1;1;2;-20,45726263;-54,54671829;"SPRF-MS";"DEL01-MS";"UOP02-DEL01-MS"
394796;2021-11-09;"terça-feira";"16:20:00";"GO";70;367,5;"MONTES CLAROS DE GOIAS";"Condutor deixou de manter distância do veículo da frente";"Colisão traseira";"Com Vítimas Feridas";"Pleno dia";"Decrescente";"Céu Claro";"Simples";"Aclive";"Não";3;0;0;1;1;1;1;3;-15,88425448;-51,46585643;"SPRF-GO";"DEL04-GO";"UOP01-DEL04-GO"
394798;2021-11-09;"terça-feira";"15:50:00";"MG";381;494;"BETIM";"Ausência de sinalização";"Colisão traseira";"Com Vítimas Feridas";"Pleno dia";"Crescente";"Nublado";"Dupla";"Retorno Regulamentado";"Sim";4;0;2;0;1;1;2;3;-19,985563;-44,20318;"SPRF-MG";"DEL01-MG";"UOP03-DEL01-MG"
394801;2021-11-09;"terça-feira";"15:30:00";"RJ";101;46,9;"CAMPOS DOS GOYTACAZES";"Retorno proibido";"Colisão transversal";"Com Vítimas Feridas";"Pleno dia";"Decrescente";"Chuva";"Simples";"Reta;Interseção de Vias;Rotatória";"Sim";4;0;4;0;0;0;4;2;-21,60648502;-41,31666183;"SPRF-RJ";"DEL08-RJ";"UOP01-DEL08-RJ"
394804;2021-11-09;"terça-feira";"17:35:00";"DF";60;2;"BRASILIA";"Condutor deixou de manter distância do veículo da frente";"Colisão lateral mesmo sentido";"Com Vítimas Fatais";"Pleno dia";"Crescente";"Nublado";"Dupla";"Reta";"Sim";4;1;0;0;1;2;0;4;-15,887383;-48,077988;"SPRF-DF";"DEL03-DF";"UOP01-DEL03-DF"
394807;2021-11-09;"terça-feira";"08:30:00";"MA";230;251;"LORETO";"Chuva";"Colisão frontal";"Com Vítimas Feridas";"Pleno dia";"Crescente";"Chuva";"Simples";"Declive";"Não";3;0;1;0;1;2;1;4;-6,81542723;-44,96030797;"SPRF-MA";"DEL05-MA";"UOP01-DEL05-MA"
394814;2021-11-09;"terça-feira";"17:30:00";"SC";470;141,1;"RIO DO SUL";"Trafegar com motocicleta (ou similar) entre as faixas";"Colisão transversal";"Com Vítimas Feridas";"Pleno dia";"Decrescente";"Céu Claro";"Simples";"Reta";"Sim";2;0;1;0;1;0;1;2;-27,226065;-49,666161;"SPRF-SC";"DEL04-SC";"UOP02-DEL04-SC"
394816;2021-11-09;"terça-feira";"12:00:00";"PI";343;119,5;"PIRACURUCA";"Manobra de mudança de faixa";"Colisão frontal";"Com Vítimas Fatais";"Pleno dia";"Crescente";"Céu Claro";"Simples";"Reta";"Não";3;1;1;0;0;1;1;3;-3,735152;-41,682323;"SPRF-PI";"DEL02-PI";"UOP01-DEL02-PI"
394819;2021-11-09;"terça-feira";"18:30:00";"SE";101;54,8;"CARMOPOLIS";"Acessar a via sem observar a presença dos outros veículos";"Colisão transversal";"Com Vítimas Feridas";"Plena Noite";"Crescente";"Céu Claro";"Simples";"Interseção de Vias";"Não";3;0;1;0;1;1;1;3;-10,62656711;-36,99773792;"SPRF-SE";"DEL02-SE";"UOP02-DEL02-SE"
394820;2021-11-09;"terça-feira";"18:15:00";"PR";277;37,9;"MORRETES";"Velocidade Incompatível";"Tombamento";"Com Vítimas Feridas";"Plena Noite";"Decrescente";"Garoa/Chuvisco";"Dupla";"Curva;Declive";"Não";2;0;1;0;0;1;1;2;-25,57436273;-48,85682344;"SPRF-PR";"DEL01-PR";"UOP05-DEL01-PR"
394821;2021-11-09;"terça-feira";"16:00:00";"PR";153;459;"UNIAO DA VITORIA";"Acesso irregular";"Colisão transversal";"Com Vítimas Feridas";"Pleno dia";"Decrescente";"Céu Claro";"Simples";"Interseção de Vias";"Não";4;0;1;0;1;2;1;4;-26,1970331;-51,09827042;"SPRF-PR";"DEL02-PR";"UOP03-DEL02-PR"
394822;2021-11-09;"terça-feira";"13:30:00";"MA";222;286,1;"VITORIA DO MEARIM";"Acumulo de água sobre o pavimento";"Saída de leito carroçável";"Com Vítimas Feridas";"Pleno dia";"Decrescente";"Chuva";"Simples";"Reta";"Não";2;0;2;0;0;0;2;1;-3,45122533;-44,82401108;"SPRF-MA";"DEL02-MA";"UOP01-DEL02-MA"
394827;2021-11-09;"terça-feira";"15:35:00";"BA";242;660;"MUQUEM DE SAO FRANCISCO";"Acumulo de água sobre o pavimento";"Eventos atípicos";"Sem Vítimas";"Pleno dia";"Decrescente";"Chuva";"Múltipla";"Curva;Declive";"Não";2;0;0;0;1;1;0;2;-12,22924236;-43,84369081;"SPRF-BA";"DEL06-BA";"UOP03-DEL06-BA"