"id";"data_inversa";"dia_semana";"horario";"uf";"br";"km";"municipio";"causa_acidente";"tipo_acidente";"classificacao_acidente";"fase_dia";"sentido_via";"condicao_metereologica";"tipo_pista";"tracado_via";"uso_solo";"pessoas";"mortos";"feridos_leves";"feridos_graves";"ilesos";"ignorados";"feridos";"veiculos";"latitude";"longitude";"regional";"delegacia";"uop"
396188;2021-11-16;"terça-feira";"10:50:00";"PB";110;182;"MONTEIRO";"Demais falhas mecânicas ou elétricas";"Incêndio";"Sem Vítimas";"Pleno dia";"Decrescente";"Céu Claro";"Simples";"Reta";"Não";2;0;0;0;2;0;0;2;-7,90061043;-37,13102784;"SPRF-PB";"DEL02-PB";"UOP02-DEL02-PB"
396199;2021-11-16;"terça-feira";"12:30:00";"BA";101;231;"SAPEACU";"Acessar a via sem observar a presença dos outros veículos";"Colisão transversal";"Com Vítimas Feridas";"Pleno dia";"Decrescente";"Chuva";"Simples";"Reta";"Sim";5;0;0;2;2;1;2;4;-12,84349412;-39,20479086;"SPRF-BA";"DEL01-BA";"UOP02-DEL01-BA"
396204;2021-11-16;"terça-feira";"12:30:00";"PE";101;66;"RECIFE";"Trafegar com motocicleta (ou similar) entre as faixas";"Colisão lateral mesmo sentido";"Com Vítimas Feridas";"Pleno dia";"Crescente";"Céu Claro";"Dupla";"Reta";"Sim";4;0;0;2;2;0;2;3;-8,03368534;-34,94184125;"SPRF-PE";"DEL01-PE";"UOP01-DEL01-PE"
396211;2021-11-16;"terça-feira";"10:25:00";"GO";60;388;"RIO VERDE";"Desrespeitar a preferência no cruzamento";"Colisão transversal";"Com Vítimas Feridas";"Pleno dia";"Crescente";"Céu Claro";"Dupla";"Interseção de Vias";"Sim";3;0;1;0;1;2;1;4;-17,8151;-50,9343;"SPRF-GO";"DEL04-GO";"UOP01-DEL04-GO"
396215;2021-10-29;"sexta-feira";"15:10:00";"MS";376;16,8;"DOURADOS";"Ausência de reação do condutor";"Tombamento";"Com Vítimas Feridas";"Pleno dia";"Decrescente";"Céu Claro";"Simples";"Viaduto";"Não";1;0;1;0;0;0;1;1;-22,312141;-54,588081;"SPRF-MS";"DEL04-MS";"UOP04-DEL04-MS"
396217;2021-11-16;"terça-feira";"15:30:00";"PE";101;69;"RECIFE";"Ultrapassagem Indevida";"Colisão lateral mesmo sentido";"Com Vítimas Feridas";"Pleno dia";"Crescente";"Céu Claro";"Dupla";"Interseção de Vias";"Sim";3;0;1;0;1;1;1;3;-8,05956956;-34,94608283;"SPRF-PE";"DEL01-PE";"UOP01-DEL01-PE"
396218;2021-11-16;"terça-feira";"14:50:00";"MG";40;513;"RIBEIRAO DAS NEVES";"Reação tardia ou ineficiente do condutor";"Tombamento";"Com Vítimas Feridas";"Pleno dia";"Crescente";"Céu Claro";"Dupla";"Curva";"Sim";2;0;1;0;0;1;1;2;-19,7970544;-44,1080512;"SPRF-MG";"DEL01-MG";"UOP02-DEL01-MG"
396220;2021-11-16;"terça-feira";"14:45:00";"MS";60;97,5;"PARAISO DAS AGUAS";"Ultrapassagem Indevida";"Colisão frontal";"Com Vítimas Fatais";"Pleno dia";"Crescente";"Sol";"Simples";"Reta";"Não";7;1;0;2;1;4;2;6;-19,25049171;-53,20158207;"SPRF-MS";"DEL06-MS";"UOP02-DEL06-MS"
396231;2021-10-15;"sexta-feira";"12:15:00";"SP";101;47;"UBATUBA";"Acessar a via sem observar a presença dos outros veículos";"Colisão transversal";"Com Vítimas Feridas";"Pleno dia";"Crescente";"Nublado";"Simples";"Rotatória";"Sim";2;0;1;0;0;1;1;2;-23,4337626;-45,08610779;"SPRF-SP";"DEL06-SP";"UOP01-DEL06-SP"
396234;2021-11-16;"terça-feira";"15:00:00";"MT";163;98,3;"RONDONOPOLIS";"Reação tardia ou ineficiente do condutor";"Colisão traseira";"Com Vítimas Feridas";"Pleno dia";"Decrescente";"Nublado";"Dupla";"Reta";"Não";5;0;1;0;3;3;1;5;-16,67672025;-54,67299848;"SPRF-MT";"DEL02-MT";"UOP01-DEL02-MT"
396235;2021-11-16;"terça-feira";"16:40:00";"SP";116;159,3;"JACAREI";"Reação tardia ou ineficiente do condutor";"Incêndio";"Sem Vítimas";"Pleno dia";"Decrescente";"Céu Claro";"Dupla";"Reta";"Sim";1;0;0;0;1;0;0;1;-23,26585409;-45,95983994;"SPRF-SP";"DEL02-SP";"UOP01-DEL02-SP"
396236;2021-11-16;"terça-feira";"16:50:00";"SC";101;232,8;"PALHOCA";"Condutor deixou de manter distância do veículo da frente";"Colisão traseira";"Com Vítimas Feridas";"Pleno dia";"Crescente";"Céu Claro";"Dupla";"Declive";"Não";2;0;1;0;1;0;1;2;-27,795666;-48,638153;"SPRF-SC";"DEL01-SC";"UOP02-DEL01-SC"
396241;2021-11-16;"terça-feira";"16:50:00";"MS";163;528;"JARAGUARI";"Condutor Dormindo";"Saída de leito carroçável";"Com Vítimas Feridas";"Anoitecer";"Crescente";"Nublado";"Simples";"Aclive";"Não";1;0;1;0;0;0;1;1;-20,09289501;-54,43568097;"SPRF-MS";"DEL01-MS";"UOP02-DEL01-MS"
396242;2021-11-16;"terça-feira";"17:00:00";"MS";158;78;"PARANAIBA";"Acostamento em desnível";"Derramamento de carga";"Sem Vítimas";"Anoitecer";"Crescente";"Céu Claro";"Simples";"Reta";"Não";2;0;0;0;1;1;0;2;-19,55016815;-51,25437521;"SPRF-MS";"DEL08-MS";"UOP01-DEL08-MS"
396244;2021-11-16;"terça-feira";"18:10:00";"RJ";116;139;"DUQUE DE CAXIAS";"Demais falhas mecânicas ou elétricas";"Colisão traseira";"Com Vítimas Feridas";"Plena Noite";"Crescente";"Céu Claro";"Múltipla";"Reta";"Não";3;0;2;0;1;0;2;3;-22,64655224;-43,20138601;"SPRF-RJ";"DEL04-RJ";"UOP02-DEL04-RJ"
396251;2021-11-16;"terça-feira";"18:40:00";"SE";235;112,4;"CARIRA";"Transitar na contramão";"Colisão frontal";"Com Vítimas Feridas";"Plena Noite";"Crescente";"Nublado";"Simples";"Reta";"Sim";2;0;0;1;1;0;1;2;-10,33242;-37,724377;"SPRF-SE";"DEL01-SE";"UOP02-DEL01-SE"
396254;2021-11-16;"terça-feira";"19:10:00";"GO";60;39,4;"ALEXANIA";"Reação tardia ou ineficiente do condutor";"Queda de ocupante de veículo";"Com Vítimas Fatais";"Plena Noite";"Crescente";"Garoa/Chuvisco";"Dupla";"Declive;Ponte;Reta";"Não";3;1;0;0;0;2;0;3;-16,1143;-48,5569;"SPRF-DF";"DEL03-DF";"UOP01-DEL03-DF"
396262;2021-09-17;"sexta-feira";"15:40:00";"PR";116;103;"SAO JOSE DOS PINHAIS";"Objeto estático sobre o leito carroçável";"Colisão lateral mesmo sentido";"Com Vítimas Feridas";"Pleno dia";"Decrescente";"Garoa/Chuvisco";"Dupla";"Curva";"Sim";3;0;1;0;0;2;1;3;-25,571864;-49,203251;"SPRF-PR";"DEL01-PR";"UOP01-DEL01-PR"
396267;2021-11-16;"terça-feira";"17:05:00";"RO";364;562;"ALTO PARAISO";"Transitar na contramão";"Colisão lateral sentido oposto";"Com Vítimas Feridas";"Pleno dia";"Decrescente";"Céu Claro";"Simples";"Reta";"Não";4;0;2;0;1;3;2;5;-9,54381499;-63,07627792;"SPRF-RO";"DEL01-RO";"UOP04-DEL01-RO"
396273;2021-11-16;"terça-feira";"13:50:00";"MA";222;182;"ITAPECURU MIRIM";"Acostamento em desnível";"Tombamento";"Sem Vítimas";"Pleno dia";"Decrescente";"Sol";"Simples";"Reta";"Sim";2;0;0;0;1;2;0;3;-3,48969068;-44,17746687;"SPRF-MA";"DEL01-MA";"UOP02-DEL01-MA"
396279;2021-11-16;"terça-feira";"20:45:00";"PE";232;12,7;"JABOATAO DOS GUARARAPES";"Condutor deixou de manter distância do veículo da frente";"Colisão lateral mesmo sentido";"Com Vítimas Feridas";"Plena Noite";"Decrescente";"Céu Claro";"Dupla";"Reta";"Não";2;0;1;0;1;0;1;2;-8,08577691;-35,00345603;"SPRF-PE";"DEL01-PE";"UOP01-DEL01-PE"
396285;2021-11-16;"terça-feira";"21:20:00";"PE";101;18;"GOIANA";"Demais falhas mecânicas ou elétricas";"Tombamento";"Sem Vítimas";"Plena Noite";"Crescente";"Garoa/Chuvisco";"Dupla";"Reta";"Não";1;0;0;0;1;0;0;1;-7,64778973;-34,95054569;"SPRF-PE";"DEL01-PE";"UOP02-DEL01-PE"
396286;2021-11-16;"terça-feira";"21:45:00";"SC";282;211;"LAGES";"Demais falhas mecânicas ou elétricas";"Incêndio";"Sem Vítimas";"Plena Noite";"Decrescente";"Céu Claro";"Simples";"Reta";"Não";1;0;0;0;1;0;0;1;-27,780222;-50,241741;"SPRF-SC";"DEL05-SC";"UOP01-DEL05-SC"
396287;2021-11-16;"terça-feira";"18:30:00";"MG";116;276,5;"TEOFILO OTONI";"Velocidade Incompatível";"Colisão lateral mesmo sentido";"Com Vítimas Feridas";"Anoitecer";"Decrescente";"Céu Claro";"Múltipla";"Reta";"Não";2;0;1;0;1;0;1;2;-17,85105696;-41,51454492;"SPRF-MG";"DEL11-MG";"UOP01-DEL11-MG"
396292;2021-11-16;"terça-feira";"22:00:00";"MG";381;929,9;"ITAPEVA";"Curva acentuada";"Tombamento";"Com Vítimas Feridas";"Plena Noite";"Crescente";"Céu Claro";"Dupla";"Curva;Declive";"Não";2;0;1;0;0;1;1;2;-22,79911462;-46,26123692;"SPRF-MG";"DEL16-MG";"UOP03-DEL16-MG"
396293;2021-11-16;"terça-feira";"20:00:00";"SC";153;97,2;"CONCORDIA";"Ingestão de substâncias psicoativas pelo condutor";"Colisão lateral sentido oposto";"Sem Vítimas";"Plena Noite";"Decrescente";"Nublado";"Simples";"Em Obras";"Não";3;0;0;0;2;2;0;4;-27,220152;-51,948879;"SPRF-SC";"DEL07-SC";"UOP04-DEL07-SC"
396296;2021-11-16;"terça-feira";"10:00:00";"RJ";101;292;"ITABORAI";"Manobra de mudança de faixa";"Colisão lateral mesmo sentido";"Com Vítimas Feridas";"Pleno dia";"Crescente";"Sol";"Dupla";"Reta";"Sim";2;0;0;1;0;1;1;2;-22,76038215;-42,87856408;"SPRF-RJ";"DEL02-RJ";"UOP03-DEL02-RJ"
396297;2021-11-16;"terça-feira";"21:15:00";"GO";50;111;"CRISTALINA";"Animais na Pista";"Atropelamento de Animal";"Sem Vítimas";"Plena Noite";"Decrescente";"Céu Claro";"Dupla";"Reta";"Não";1;0;0;0;1;0;0;1;-16,9309;-47,7117;"SPRF-DF";"DEL01-DF";"UOP02-DEL01-DF"
396299;2021-11-16;"terça-feira";"15:15:00";"RO";435;123;"CEREJEIRAS";"Desrespeitar a preferência no cruzamento";"Colisão transversal";"Com Vítimas Feridas";"Pleno dia";"Decrescente";"Nublado";"Dupla";"Interseção de Vias";"Sim";2;0;1;0;1;0;1;2;-13,18889171;-60,808424;"SPRF-RO";"DEL04-RO";"UOP02-DEL04-RO"
396301;2021-11-16;"terça-feira";"22:10:00";"GO";153;215,4;"URUACU";"Objeto estático sobre o leito carroçável";"Colisão traseira";"Com Vítimas Feridas";"Plena Noite";"Decrescente";"Nublado";"Simples";"Reta";"Não";15;0;10;1;4;0;11;2;-14,649796;-49,185867;"SPRF-GO";"DEL07-GO";"UOP02-DEL07-GO"
396307;2021-11-16;"terça-feira";"23:50:00";"SC";116;130,1;"SANTA CECILIA";"Velocidade Incompatível";"Colisão traseira";"Com Vítimas Fatais";"Plena Noite";"Crescente";"Céu Claro";"Simples";"Reta";"Não";3;1;0;0;1;1;0;3;-26,88971;-50,43386;"SPRF-SC";"DEL06-SC";"UOP02-DEL06-SC"
396309;2021-11-17;"quarta-feira";"00:00:00";"MT";364;535,6;"ROSARIO OESTE";"Condutor Dormindo";"Colisão traseira";"Com Vítimas Feridas";"Plena Noite";"Crescente";"Chuva";"Simples";"Reta";"Não";3;0;0;1;1;4;1;6;-14,9615871;-56,51156482;"SPRF-MT";"DEL01-MT";"UOP01-DEL01-MT"
396310;2021-11-17;"quarta-feira";"00:50:00";"BA";101;895,6;"CARAVELAS";"Velocidade Incompatível";"Saída de leito carroçável";"Com Vítimas Fatais";"Plena Noite";"Decrescente";"Nevoeiro/Neblina";"Simples";"Curva";"Não";2;1;0;0;0;1;0;2;-17,60312087;-39,74990845;"SPRF-BA";"DEL09-BA";"UOP02-DEL09-BA"
396314;2021-09-18;"sábado";"17:45:00";"MG";251;472,3;"FRANCISCO SA";"Reação tardia ou ineficiente do condutor";"Colisão traseira";"Com Vítimas Feridas";"Anoitecer";"Crescente";"Céu Claro";"Simples";"Declive;Curva";"Não";3;0;1;0;2;0;1;2;-16,4669101;-43,43947986;"SPRF-MG";"DEL12-MG";"UOP01-DEL12-MG"
396315;2021-11-17;"quarta-feira";"07:00:00";"SC";101;121;"ITAJAI";"Condutor deixou de manter distância do veículo da frente";"Colisão traseira";"Com Vítimas Feridas";"Pleno dia";"Crescente";"Céu Claro";"Simples";"Viaduto";"Não";2;0;1;0;1;0;1;2;-26,92103178;-48,70856446;"SPRF-SC";"DEL04-SC";"UOP04-DEL04-SC"
396316;2021-11-17;"quarta-feira";"06:30:00";"SP";116;141;"SAO JOSE DOS CAMPOS";"Condutor deixou de manter distância do veículo da frente";"Colisão traseira";"Sem Vítimas";"Pleno dia";"Crescente";"Céu Claro";"Simples";"Reta";"Sim";3;0;0;0;3;0;0;3;-23,17004717;-45,82091491;"SPRF-SP";"DEL02-SP";"UOP01-DEL02-SP"
396317;2021-11-17;"quarta-feira";"07:20:00";"GO";40;91;"CRISTALINA";"Condutor Dormindo";"Colisão lateral sentido oposto";"Sem Vítimas";"Pleno dia";"Crescente";"Céu Claro";"Dupla";"Reta";"Não";4;0;0;0;3;1;0;3;-16,72736;-47,634957;"SPRF-DF";"DEL01-DF";"UOP02-DEL01-DF"
396320;2021-11-17;"quarta-feira";"06:25:00";"SC";101;214;"PALHOCA";"Acessar a via sem observar a presença dos outros veículos";"Colisão traseira";"Com Vítimas Feridas";"Amanhecer";"Decrescente";"Nublado";"Dupla";"Reta";"Sim";2;0;1;0;1;0;1;2;-27,64443;-48,67057;"SPRF-SC";"DEL01-SC";"UOP02-DEL01-SC"
396322;2021-11-17;"quarta-feira";"07:30:00";"RS";448;22;"PORTO ALEGRE";"Manobra de mudança de faixa";"Colisão lateral mesmo sentido";"Com Vítimas Feridas";"Pleno dia";"Crescente";"Céu Claro";"Simples";"Curva";"Sim";2;0;1;0;1;0;1;2;-29,972212;-51,199139;"SPRF-RS";"DEL01-RS";"UOP01-DEL01-RS"
396324;2021-11-17;"quarta-feira";"07:34:00";"PR";369;202,1;"APUCARANA";"Condutor desrespeitou a iluminação vermelha do semáforo";"Colisão transversal";"Com Vítimas Feridas";"Pleno dia";"Decrescente";"Céu Claro";"Simples";"Reta;Interseção de Vias";"Sim";2;0;0;1;1;0;1;2;-23,54436643;-51,45400643;"SPRF-PR";"DEL07-PR";"UOP02-DEL07-PR"
396329;2021-11-17;"quarta-feira";"08:15:00";"SC";101;217;"PALHOCA";"Reação tardia ou ineficiente do condutor";"Colisão transversal";"Com Vítimas Feridas";"Pleno dia";"Crescente";"Céu Claro";"Múltipla";"Reta";"Sim";2;0;0;1;1;0;1;2;-27,66779034;-48,67393586;"SPRF-SC";"DEL01-SC";"UOP02-DEL01-SC"
396331;2021-11-17;"quarta-feira";"07:55:00";"SE";101;174;"SANTA LUZIA DO ITANHY";"Desrespeitar a preferência no cruzamento";"Colisão transversal";"Com Vítimas Feridas";"Pleno dia";"Decrescente";"Céu Claro";"Simples";"Interseção de Vias";"Não";3;0;1;0;1;2;1;4;-11,34367006;-37,60336957;"SPRF-SE";"DEL02-SE";"UOP01-DEL02-SE"
396343;2021-11-17;"quarta-feira";"08:40:00";"MA";10;257;"IMPERATRIZ";"Condutor deixou de manter distância do veículo da frente";"Colisão traseira";"Com Vítimas Feridas";"Pleno dia";"Decrescente";"Céu Claro";"Simples";"Reta";"Sim";2;0;1;0;1;0;1;2;-5,490634;-47,471973;"SPRF-MA";"DEL04-MA";"UOP01-DEL04-MA"
396353;2021-11-17;"quarta-feira";"10:05:00";"PB";230;79;"RIACHAO DO POCO";"Demais falhas mecânicas ou elétricas";"Saída de leito carroçável";"Sem Vítimas";"Pleno dia";"Crescente";"Céu Claro";"Dupla";"Reta";"Não";4;0;0;0;3;1;0;4;-7,1828;-35,3041;"SPRF-PB";"DEL01-PB";"UOP03-DEL01-PB"
396361;2021-11-17;"quarta-feira";"12:15:00";"PR";116;87;"PIRAQUARA";"Manobra de mudança de faixa";"Colisão lateral mesmo sentido";"Com Vítimas Feridas";"Pleno dia";"Crescente";"Céu Claro";"Dupla";"Reta";"Não";5;0;1;0;3;1;1;3;-25,43479327;-49,08939973;"SPRF-PR";"DEL01-PR";"UOP01-DEL01-PR"
396369;2021-11-17;"quarta-feira";"12:45:00";"RJ";116;267;"BARRA MANSA";"Ultrapassagem Indevida";"Colisão lateral mesmo sentido";"Sem Vítimas";"Pleno dia";"Crescente";"Céu Claro";"Dupla";"Reta";"Não";4;0;0;0;3;1;0;3;-22,58964229;-44,10482516;"SPRF-RJ";"DEL07-RJ";"UOP02-DEL07-RJ"
396372;2021-11-17;"quarta-feira";"08:30:00";"PI";135;342,5;"SANTA LUZ";"Reação tardia ou ineficiente do condutor";"Tombamento";"Com Vítimas Feridas";"Pleno dia";"Decrescente";"Sol";"Simples";"Curva";"Não";2;0;1;0;0;1;1;2;-9,022728;-44,30126;"SPRF-PI";"DEL03-PI";"UOP02-DEL03-PI"
396373;2021-11-17;"quarta-feira";"07:45:00";"MG";381;189;"PERIQUITO";"Demais falhas mecânicas ou elétricas";"Incêndio";"Sem Vítimas";"Pleno dia";"Decrescente";"Nublado";"Simples";"Reta";"Não";2;0;0;0;1;1;0;2;-19,09805376;-42,19736853;"SPRF-MG";"DEL06-MG";"UOP01-DEL06-MG"
396377;2021-11-17;"quarta-feira";"12:45:00";"AC";364;138;"RIO BRANCO";"Conversão proibida";"Colisão lateral mesmo sentido";"Com Vítimas Feridas";"Pleno dia";"Crescente";"Nublado";"Dupla";"Aclive";"Não";3;0;1;0;2;0;1;2;-9,96112502;-67,85646604;"SPRF-AC";"DEL01-AC";"UOP01-DEL01-AC"
396386;2021-11-17;"quarta-feira";"15:20:00";"SP";101;37;"UBATUBA";"Condutor deixou de manter distância do veículo da frente";"Engavetamento";"Sem Vítimas";"Pleno dia";"Crescente";"Céu Claro";"Simples";"Reta";"Não";3;0;0;0;3;0;0;3;-23,40235292;-45,01855494;"SPRF-SP";"DEL06-SP";"UOP01-DEL06-SP"
396391;2021-11-17;"quarta-feira";"14:50:00";"MT";163;830;"SINOP";"Manobra de mudança de faixa";"Colisão lateral mesmo sentido";"Sem Vítimas";"Pleno dia";"Decrescente";"Sol";"Simples";"Reta";"Sim";3;0;0;0;2;4;0;6;-11,89761082;-55,50461076;"SPRF-MT";"DEL06-MT";"UOP01-DEL06-MT"
396398;2021-11-17;"quarta-feira";"17:37:00";"CE";20;431;"FORTALEZA";"Condutor deixou de manter distância do veículo da frente";"Colisão traseira";"Sem Vítimas";"Plena Noite";"Crescente";"Nublado";"Dupla";"Reta";"Não";4;0;0;0;2;2;0;4;-3,76999035;-38,67006282;"SPRF-CE";"DEL01-CE";"UOP02-DEL01-CE"
396400;2021-11-17;"quarta-feira";"17:05:00";"MS";163;46,6;"ELDORADO";"Reação tardia ou ineficiente do condutor";"Colisão lateral sentido oposto";"Com Vítimas Feridas";"Pleno dia";"Crescente";"Céu Claro";"Simples";"Reta;Aclive";"Não";3;0;1;0;1;2;1;4;-23,73986202;-54,27266204;"SPRF-MS";"DEL09-MS";"UOP02-DEL09-MS"
396405;2021-10-28;"quinta-feira";"18:40:00";"PR";376;510,7;"PONTA GROSSA";"Acessar a via sem observar a presença dos outros veículos";"Colisão lateral mesmo sentido";"Com Vítimas Feridas";"Anoitecer";"Decrescente";"Céu Claro";"Dupla";"Retorno Regulamentado";"Não";4;0;1;0;2;1;1;3;-25,26173461;-49,99977403;"SPRF-PR";"DEL03-PR";"UOP01-DEL03-PR"
396409;2021-11-17;"quarta-feira";"18:05:00";"SE";101;151,8;"ESTANCIA";"Pedestre cruzava a pista fora da faixa";"Atropelamento de Pedestre";"Com Vítimas Feridas";"Plena Noite";"Decrescente";"Nublado";"Simples";"Reta";"Sim";3;0;0;1;1;1;1;3;-11,26151;-37,441227;"SPRF-SE";"DEL02-SE";"UOP01-DEL02-SE"
396412;2021-11-17;"quarta-feira";"17:40:00";"BA";116;534;"ITATIM";"Pedestre andava na pista";"Atropelamento de Pedestre";"Com Vítimas Feridas";"Pleno dia";"Crescente";"Nublado";"Simples";"Reta";"Não";2;0;1;0;0;1;1;2;-12,74292275;-39,78903727;"SPRF-BA";"DEL03-BA";"UOP02-DEL03-BA"
396414;2021-11-17;"quarta-feira";"09:40:00";"CE";20;416;"MARACANAU";"Acostamento em desnível";"Tombamento";"Sem Vítimas";"Pleno dia";"Decrescente";"Céu Claro";"Dupla";"Reta";"Não";2;0;0;0;1;3;0;4;-3,83822101;-38,60527039;"SPRF-CE";"DEL01-CE";"UOP02-DEL01-CE"
396420;2021-11-17;"quarta-feira";"18:50:00";"BA";324;550,9;"AMELIA RODRIGUES";"Velocidade Incompatível";"Colisão traseira";"Com Vítimas Feridas";"Plena Noite";"Decrescente";"Céu Claro";"Dupla";"Reta";"Não";3;0;1;0;2;0;1;2;-12,43832718;-38,72506515;"SPRF-BA";"DEL01-BA";"UOP03-DEL01-BA"
396422;2021-11-17;"quarta-feira";"19:00:00";"SP";116;185;"SANTA ISABEL";"Ausência de reação do condutor";"Colisão lateral mesmo sentido";"Com Vítimas Feridas";"Plena Noite";"Crescente";"Céu Claro";"Dupla";"Reta";"Não";3;0;1;0;1;1;1;3;-23,35176424;-46,18966001;"SPRF-SP";"DEL01-SP";"UOP01-DEL01-SP"
396429;2021-09-20;"segunda-feira";"04:55:00";"PA";316;64;"CASTANHAL";"Ingestão de álcool pelo condutor";"Colisão traseira";"Com Vítimas Feridas";"Plena Noite";"Decrescente";"Nublado";"Dupla";"Reta";"Sim";2;0;1;0;1;0;1;2;-1,29629557;-47,91983997;"SPRF-PA";"DEL01-PA";"UOP01-DEL01-PA"
396433;2021-11-17;"quarta-feira";"19:30:00";"MG";262;49,1;"MANHUACU";"Velocidade Incompatível";"Derramamento de carga";"Sem Vítimas";"Anoitecer";"Crescente";"Nublado";"Simples";"Curva";"Não";2;0;0;0;1;1;0;2;-20,24782001;-42,12958192;"SPRF-MG";"DEL06-MG";"UOP03-DEL06-MG"
396437;2021-11-17;"quarta-feira";"18:30:00";"SP";116;364,2;"MIRACATU";"Demais falhas mecânicas ou elétricas";"Incêndio";"Com Vítimas Feridas";"Plena Noite";"Crescente";"Nublado";"Dupla";"Reta";"Não";2;0;1;0;0;1;1;2;-24,13881806;-47,27310246;"SPRF-SP";"DEL04-SP";"UOP02-DEL04-SP"
396440;2021-11-17;"quarta-feira";"18:30:00";"SC";101;106,7;"PENHA";"Acessar a via sem observar a presença dos outros veículos";"Colisão traseira";"Com Vítimas Feridas";"Plena Noite";"Decrescente";"Nublado";"Dupla";"Reta";"Não";3;0;0;2;1;0;2;2;-26,81487901;-48,6831665;"SPRF-SC";"DEL03-SC";"UOP02-DEL03-SC"
396447;2021-11-17;"quarta-feira";"18:00:00";"MT";70;265;"PRIMAVERA DO LESTE";"Reação tardia ou ineficiente do condutor";"Saída de leito carroçável";"Com Vítimas Feridas";"Anoitecer";"Decrescente";"Chuva";"Simples";"Reta";"Não";3;0;2;0;0;2;2;3;-15,56189302;-54,19190424;"SPRF-MT";"DEL05-MT";"UOP01-DEL05-MT"
396451;2021-11-17;"quarta-feira";"18:48:00";"MT";364;615;"DIAMANTINO";"Transitar na contramão";"Colisão transversal";"Com Vítimas Fatais";"Plena Noite";"Decrescente";"Chuva";"Simples";"Rotatória";"Sim";3;1;0;0;1;1;0;3;-14,37221702;-56,3891392;"SPRF-MT";"DEL01-MT";"UOP01-DEL01-MT"
396455;2021-11-17;"quarta-feira";"22:00:00";"PR";376;667;"GUARATUBA";"Problema com o freio";"Saída de leito carroçável";"Sem Vítimas";"Plena Noite";"Crescente";"Céu Claro";"Dupla";"Reta";"Não";2;0;0;0;1;1;0;2;-25,86649659;-48,94666822;"SPRF-PR";"DEL01-PR";"UOP04-DEL01-PR"
396459;2021-11-17;"quarta-feira";"20:25:00";"MG";116;322;"ITAMBACURI";"Manobra de mudança de faixa";"Colisão transversal";"Com Vítimas Fatais";"Plena Noite";"Decrescente";"Ignorado";"Simples";"Reta";"Não";3;1;0;0;2;0;0;2;-18,1723389;-41,70617231;"SPRF-MG";"DEL11-MG";"UOP01-DEL11-MG"
396461;2021-11-18;"quinta-feira";"00:55:00";"RS";290;272;"CACHOEIRA DO SUL";"Transitar na contramão";"Colisão frontal";"Sem Vítimas";"Plena Noite";"Decrescente";"Nublado";"Simples";"Reta";"Não";3;0;0;0;1;2;0;3;-30,274876;-52,946842;"SPRF-RS";"DEL02-RS";"UOP03-DEL02-RS"
396465;2021-11-18;"quinta-feira";"03:15:00";"MT";364;488,3;"JANGADA";"Obstrução na via";"Colisão frontal";"Com Vítimas Feridas";"Plena Noite";"Crescente";"Chuva";"Simples";"Ponte";"Não";3;0;1;0;1;5;1;7;-15,34178206;-56,41893614;"SPRF-MT";"DEL01-MT";"UOP02-DEL01-MT"
396467;2021-11-18;"quinta-feira";"04:20:00";"GO";50;305;"CUMARI";"Condutor Dormindo";"Colisão lateral mesmo sentido";"Com Vítimas Feridas";"Plena Noite";"Decrescente";"Chuva";"Dupla";"Reta";"Não";3;0;1;0;1;3;1;5;-18,3636;-48,0502;"SPRF-GO";"DEL06-GO";"UOP01-DEL06-GO"
396470;2021-11-18;"quinta-feira";"05:15:00";"SP";116;400,4;"MIRACATU";"Mal súbito do condutor";"Saída de leito carroçável";"Com Vítimas Feridas";"Pleno dia";"Decrescente";"Nublado";"Dupla";"Reta";"Não";1;0;1;0;0;0;1;1;-24,30982723;-47,50669783;"SPRF-SP";"DEL04-SP";"UOP02-DEL04-SP"
396471;2021-11-18;"quinta-feira";"05:40:00";"SC";470;133,6;"RIO DO SUL";"Pedestre cruzava a pista fora da faixa";"Atropelamento de Pedestre";"Com Vítimas Fatais";"Pleno dia";"Decrescente";"Garoa/Chuvisco";"Simples";"Interseção de Vias";"Sim";3;1;0;0;1;1;0;3;-27,17257494;-49,58314419;"SPRF-SC";"DEL04-SC";"UOP02-DEL04-SC"
396472;2021-11-18;"quinta-feira";"04:45:00";"RJ";116;223;"PIRAI";"Condutor deixou de manter distância do veículo da frente";"Colisão com objeto";"Com Vítimas Feridas";"Amanhecer";"Decrescente";"Céu Claro";"Simples";"Curva";"Não";3;0;1;0;1;1;1;3;-22,68972504;-43,801317;"SPRF-RJ";"DEL07-RJ";"UOP01-DEL07-RJ"
396473;2021-11-18;"quinta-feira";"04:10:00";"PR";116;6,3;"CAMPINA GRANDE DO SUL";"Velocidade Incompatível";"Colisão traseira";"Sem Vítimas";"Plena Noite";"Decrescente";"Nublado";"Dupla";"Curva";"Não";3;0;0;0;2;2;0;4;-25,08350004;-48,61154079;"SPRF-PR";"DEL01-PR";"UOP02-DEL01-PR"
396477;2021-10-30;"sábado";"05:00:00";"AL";101;76;"RIO LARGO";"Reação tardia ou ineficiente do condutor";"Colisão traseira";"Com Vítimas Feridas";"Pleno dia";"Decrescente";"Céu Claro";"Dupla";"Reta";"Não";3;0;0;1;1;2;1;4;-9,41335597;-35,84073284;"SPRF-AL";"DEL01-AL";"UOP01-DEL01-AL"