"id";"data_inversa";"dia_semana";"horario";"uf";"br";"km";"municipio";"causa_acidente";"tipo_acidente";"classificacao_acidente";"fase_dia";"sentido_via";"condicao_metereologica";"tipo_pista";"tracado_via";"uso_solo";"pessoas";"mortos";"feridos_leves";"feridos_graves";"ilesos";"ignorados";"feridos";"veiculos";"latitude";"longitude";"regional";"delegacia";"uop"
396479;2021-11-18;"quinta-feira";"07:55:00";"BA";116;455,1;"SANTO ESTEVAO";"Manobra de mudança de faixa";"Saída de leito carroçável";"Com Vítimas Feridas";"Pleno dia";"Decrescente";"Céu Claro";"Dupla";"Declive;Reta";"Não";2;0;1;0;1;0;1;2;-12,40121588;-39,16830008;"SPRF-BA";"DEL02-BA";"UOP01-DEL02-BA"
396481;2021-11-18;"quinta-feira";"06:57:00";"CE";222;225,4;"SOBRAL";"Conversão proibida";"Colisão transversal";"Sem Vítimas";"Pleno dia";"Crescente";"Céu Claro";"Simples";"Interseção de Vias";"Sim";3;0;0;0;1;2;0;3;-3,70587;-40,36225;"SPRF-CE";"DEL04-CE";"UOP01-DEL04-CE"
396482;2021-10-07;"quinta-feira";"18:45:00";"RR";174;502;"BOA VISTA";"Trafegar com motocicleta (ou similar) entre as faixas";"Colisão transversal";"Com Vítimas Fatais";"Plena Noite";"Crescente";"Céu Claro";"Múltipla";"Interseção de Vias";"Sim";6;1;1;0;3;1;1;3;2,781689;-60,703827;"SPRF-RR";"DEL01-RR";"UOP01-DEL01-RR"
396488;2021-11-18;"quinta-feira";"07:30:00";"PR";116;33;"CAMPINA GRANDE DO SUL";"Frear bruscamente";"Tombamento";"Sem Vítimas";"Pleno dia";"Decrescente";"Garoa/Chuvisco";"Dupla";"Curva;Declive";"Não";2;0;0;0;1;1;0;2;-25,1068163;-48,8493208;"SPRF-PR";"DEL01-PR";"UOP02-DEL01-PR"
396491;2021-11-18;"quinta-feira";"08:40:00";"SC";282;213,7;"LAGES";"Mal súbito do condutor";"Colisão lateral sentido oposto";"Com Vítimas Feridas";"Pleno dia";"Crescente";"Chuva";"Simples";"Aclive;Reta";"Não";4;0;1;0;2;1;1;4;-27,78585935;-50,26373863;"SPRF-SC";"DEL05-SC";"UOP01-DEL05-SC"
396495;2021-11-18;"quinta-feira";"07:20:00";"PR";277;586;"CASCAVEL";"Desrespeitar a preferência no cruzamento";"Colisão transversal";"Com Vítimas Feridas";"Pleno dia";"Crescente";"Céu Claro";"Simples";"Interseção de Vias";"Sim";4;0;2;0;1;1;2;3;-24,9649472;-53,4210459;"SPRF-PR";"DEL04-PR";"UOP01-DEL04-PR"
396497;2021-11-18;"quinta-feira";"09:30:00";"PR";153;468;"PORTO VITORIA";"Falta de acostamento";"Saída de leito carroçável";"Sem Vítimas";"Pleno dia";"Decrescente";"Nublado";"Simples";"Curva";"Não";2;0;0;0;1;2;0;3;-26,32989777;-51,23711329;"SPRF-PR";"DEL02-PR";"UOP03-DEL02-PR"
396500;2021-11-18;"quinta-feira";"08:40:00";"AL";101;247;"PORTO REAL DO COLEGIO";"Acesso irregular";"Colisão transversal";"Com Vítimas Feridas";"Pleno dia";"Crescente";"Céu Claro";"Simples";"Reta";"Sim";3;0;0;2;1;0;2;2;-10,19937283;-36,82059635;"SPRF-AL";"DEL02-AL";"UOP02-DEL02-AL"
396501;2021-11-18;"quinta-feira";"07:25:00";"CE";222;8;"CAUCAIA";"Manobra de mudança de faixa";"Colisão lateral mesmo sentido";"Com Vítimas Feridas";"Pleno dia";"Decrescente";"Céu Claro";"Múltipla";"Reta";"Sim";2;0;0;1;1;0;1;2;-3,75363558;-38,63803121;"SPRF-CE";"DEL01-CE";"UOP01-DEL01-CE"
396502;2021-11-18;"quinta-feira";"07:50:00";"PR";277;649,7;"CEU AZUL";"Acessar a via sem observar a presença dos outros veículos";"Colisão transversal";"Sem Vítimas";"Pleno dia";"Decrescente";"Chuva";"Simples";"Reta";"Não";7;0;0;0;7;0;0;4;-25,18405201;-53,93053899;"SPRF-PR";"DEL05-PR";"UOP02-DEL05-PR"
396505;2021-11-18;"quinta-feira";"09:45:00";"RJ";40;108;"DUQUE DE CAXIAS";"Acessar a via sem observar a presença dos outros veículos";"Colisão transversal";"Com Vítimas Fatais";"Pleno dia";"Decrescente";"Céu Claro";"Múltipla";"Curva";"Sim";3;1;0;0;2;0;0;3;-22,672575;-43,284406;"SPRF-RJ";"DEL01-RJ";"UOP01-DEL01-RJ"
396507;2021-11-18;"quinta-feira";"10:30:00";"GO";70;321;"JUSSARA";"Acumulo de água sobre o pavimento";"Colisão frontal";"Com Vítimas Fatais";"Pleno dia";"Crescente";"Chuva";"Simples";"Reta";"Não";7;4;0;0;2;3;0;5;-15,877199;-50,888645;"SPRF-GO";"DEL04-GO";"UOP01-DEL04-GO"
396511;2021-11-18;"quinta-feira";"00:30:00";"MA";135;79;"SANTA RITA";"Animais na Pista";"Saída de leito carroçável";"Sem Vítimas";"Plena Noite";"Decrescente";"Céu Claro";"Simples";"Reta";"Não";2;0;0;0;1;1;0;2;-3,212133;-44,36219192;"SPRF-MA";"DEL01-MA";"UOP02-DEL01-MA"
396512;2021-09-14;"terça-feira";"13:20:00";"BA";324;540;"AMELIA RODRIGUES";"Velocidade Incompatível";"Engavetamento";"Com Vítimas Feridas";"Pleno dia";"Decrescente";"Céu Claro";"Dupla";"Reta;Declive";"Sim";6;0;1;0;5;0;1;5;-12,38543536;-38,79238728;"SPRF-BA";"DEL01-BA";"UOP03-DEL01-BA"
396516;2021-11-18;"quinta-feira";"12:00:00";"SC";101;337,3;"TUBARAO";"Restrição de visibilidade em curvas verticais";"Colisão lateral mesmo sentido";"Com Vítimas Feridas";"Pleno dia";"Crescente";"Chuva";"Dupla";"Curva;Aclive";"Não";3;0;1;0;1;1;1;3;-28,47801624;-49,03246283;"SPRF-SC";"DEL02-SC";"UOP01-DEL02-SC"
396519;2021-11-18;"quinta-feira";"11:15:00";"PI";316;8,8;"TERESINA";"Ausência de reação do condutor";"Colisão traseira";"Com Vítimas Feridas";"Pleno dia";"Decrescente";"Sol";"Múltipla";"Reta";"Sim";3;0;1;0;1;1;1;3;-5,16483402;-42,76899508;"SPRF-PI";"DEL01-PI";"UOP02-DEL01-PI"
396521;2021-11-18;"quinta-feira";"09:50:00";"PB";230;318,7;"SAO MAMEDE";"Condutor deixou de manter distância do veículo da frente";"Colisão traseira";"Com Vítimas Feridas";"Pleno dia";"Decrescente";"Céu Claro";"Simples";"Reta";"Não";5;0;2;0;3;0;2;3;-6,9585;-37,1324;"SPRF-PB";"DEL03-PB";"UOP01-DEL03-PB"
396523;2021-11-18;"quinta-feira";"12:20:00";"DF";20;18;"BRASILIA";"Reação tardia ou ineficiente do condutor";"Saída de leito carroçável";"Sem Vítimas";"Pleno dia";"Decrescente";"Chuva";"Dupla";"Declive";"Não";1;0;0;0;1;0;0;1;-15,616901;-47,708927;"SPRF-DF";"DEL02-DF";"UOP01-DEL02-DF"
396531;2021-11-18;"quinta-feira";"13:20:00";"RS";285;293;"PASSO FUNDO";"Chuva";"Colisão traseira";"Sem Vítimas";"Pleno dia";"Crescente";"Chuva";"Simples";"Curva";"Sim";6;0;0;0;6;0;0;2;-28,236645;-52,375156;"SPRF-RS";"DEL08-RS";"UOP03-DEL08-RS"
396534;2021-10-25;"segunda-feira";"14:20:00";"PR";116;35,9;"CAMPINA GRANDE DO SUL";"Reação tardia ou ineficiente do condutor";"Colisão lateral mesmo sentido";"Com Vítimas Feridas";"Pleno dia";"Crescente";"Sol";"Dupla";"Reta";"Sim";2;0;1;0;1;0;1;2;-25,13035711;-48,85745645;"SPRF-PR";"DEL01-PR";"UOP02-DEL01-PR"
396539;2021-11-18;"quinta-feira";"14:15:00";"PE";407;129;"PETROLINA";"Área urbana sem a presença de local apropriado para a travessia de pedestres";"Atropelamento de Pedestre";"Com Vítimas Feridas";"Pleno dia";"Crescente";"Céu Claro";"Dupla";"Curva";"Sim";3;0;1;0;1;1;1;2;-9,39958299;-40,50459298;"SPRF-PE";"DEL06-PE";"UOP01-DEL06-PE"
396544;2021-11-18;"quinta-feira";"14:37:00";"RS";116;40,3;"VACARIA";"Acessar a via sem observar a presença dos outros veículos";"Colisão lateral mesmo sentido";"Com Vítimas Feridas";"Pleno dia";"Crescente";"Garoa/Chuvisco";"Simples";"Reta";"Sim";3;0;1;0;2;0;1;2;-28,51839098;-50,93942202;"SPRF-RS";"DEL05-RS";"UOP03-DEL05-RS"
396548;2021-09-06;"segunda-feira";"01:44:00";"MG";50;79;"UBERLANDIA";"Ausência de reação do condutor";"Colisão traseira";"Com Vítimas Feridas";"Plena Noite";"Decrescente";"Céu Claro";"Dupla";"Declive;Reta";"Sim";2;0;0;1;1;0;1;2;-18,986906;-48,211853;"SPRF-MG";"DEL15-MG";"UOP01-DEL15-MG"
396551;2021-11-18;"quinta-feira";"13:40:00";"PR";376;125;"ALTO PARANA";"Manobra de mudança de faixa";"Colisão traseira";"Com Vítimas Feridas";"Pleno dia";"Crescente";"Céu Claro";"Simples";"Aclive";"Não";4;0;2;0;1;1;2;3;-23,14972357;-52,27427368;"SPRF-PR";"DEL09-PR";"UOP02-DEL09-PR"
396552;2021-11-18;"quinta-feira";"10:46:00";"MG";251;304,6;"SALINAS";"Demais falhas mecânicas ou elétricas";"Incêndio";"Sem Vítimas";"Pleno dia";"Decrescente";"Céu Claro";"Simples";"Reta";"Não";2;0;0;0;1;1;0;2;-16,14057075;-42,26991996;"SPRF-MG";"DEL11-MG";"UOP02-DEL11-MG"
396555;2021-11-16;"terça-feira";"15:50:00";"CE";20;422;"MARACANAU";"Demais falhas mecânicas ou elétricas";"Derramamento de carga";"Sem Vítimas";"Anoitecer";"Crescente";"Céu Claro";"Dupla";"Declive";"Não";2;0;0;0;1;1;0;2;-3,76999035;-38,67006282;"SPRF-CE";"DEL01-CE";"UOP02-DEL01-CE"
396556;2021-11-18;"quinta-feira";"15:10:00";"PR";376;618;"SAO JOSE DOS PINHAIS";"Reação tardia ou ineficiente do condutor";"Eventos atípicos";"Com Vítimas Feridas";"Pleno dia";"Decrescente";"Garoa/Chuvisco";"Dupla";"Reta";"Sim";2;0;0;1;0;1;1;2;-25,59168398;-49,17197705;"SPRF-PR";"DEL01-PR";"UOP04-DEL01-PR"
396558;2021-11-18;"quinta-feira";"10:05:00";"RJ";40;82;"PETROPOLIS";"Velocidade Incompatível";"Tombamento";"Com Vítimas Fatais";"Pleno dia";"Crescente";"Sol";"Simples";"Curva;Declive";"Não";2;1;1;0;0;0;1;1;-22,51873555;-43,22828662;"SPRF-RJ";"DEL06-RJ";"UOP01-DEL06-RJ"
396562;2021-11-18;"quinta-feira";"16:50:00";"RN";226;129,8;"CAMPO REDONDO";"Reação tardia ou ineficiente do condutor";"Saída de leito carroçável";"Com Vítimas Fatais";"Pleno dia";"Decrescente";"Sol";"Simples";"Curva";"Não";2;2;0;0;0;0;0;1;-6,19456511;-36,14644192;"SPRF-RN";"DEL03-RN";"UOP02-DEL03-RN"
396563;2021-11-18;"quinta-feira";"15:15:00";"ES";262;6,5;"CARIACICA";"Acessar a via sem observar a presença dos outros veículos";"Colisão traseira";"Com Vítimas Feridas";"Pleno dia";"Decrescente";"Sol";"Dupla";"Reta;Interseção de Vias";"Sim";2;0;1;0;1;0;1;2;-20,34007493;-40,39451305;"SPRF-ES";"DEL01-ES";"UOP01-DEL01-ES"
396570;2021-11-18;"quinta-feira";"17:10:00";"SC";101;206,8;"SAO JOSE";"Reação tardia ou ineficiente do condutor";"Colisão lateral mesmo sentido";"Com Vítimas Feridas";"Pleno dia";"Crescente";"Nublado";"Múltipla";"Reta";"Sim";5;0;2;0;2;1;2;4;-27,59763674;-48,620435;"SPRF-SC";"DEL01-SC";"UOP01-DEL01-SC"
396574;2021-11-18;"quinta-feira";"18:00:00";"SC";101;151;"ITAPEMA";"Velocidade Incompatível";"Colisão traseira";"Com Vítimas Feridas";"Pleno dia";"Decrescente";"Céu Claro";"Dupla";"Reta";"Sim";5;0;1;0;4;0;1;4;-27,126536;-48,609642;"SPRF-SC";"DEL04-SC";"UOP03-DEL04-SC"
396575;2021-11-18;"quinta-feira";"17:30:00";"PR";376;303;"MAUA DA SERRA";"Velocidade Incompatível";"Colisão com objeto";"Com Vítimas Feridas";"Pleno dia";"Crescente";"Nublado";"Dupla";"Curva;Declive";"Não";1;0;0;1;0;0;1;1;-23,935756;-51,140471;"SPRF-PR";"DEL07-PR";"UOP02-DEL07-PR"
396576;2021-11-18;"quinta-feira";"15:30:00";"MT";163;509;"DIAMANTINO";"Demais falhas mecânicas ou elétricas";"Incêndio";"Sem Vítimas";"Pleno dia";"Crescente";"Garoa/Chuvisco";"Simples";"Reta";"Não";4;0;0;0;3;3;0;4;-14,59590035;-56,23652669;"SPRF-MT";"DEL01-MT";"UOP01-DEL01-MT"
396584;2021-11-18;"quinta-feira";"18:00:00";"BA";410;2;"RIBEIRA DO POMBAL";"Ingestão de álcool pelo condutor";"Colisão traseira";"Sem Vítimas";"Anoitecer";"Crescente";"Céu Claro";"Simples";"Reta";"Não";2;0;0;0;2;0;0;2;-10,82458399;-38,54504201;"SPRF-BA";"DEL07-BA";"UOP02-DEL07-BA"
396588;2021-11-18;"quinta-feira";"17:50:00";"PE";232;4,1;"RECIFE";"Trafegar com motocicleta (ou similar) entre as faixas";"Colisão lateral mesmo sentido";"Sem Vítimas";"Anoitecer";"Crescente";"Chuva";"Múltipla";"Reta";"Sim";3;0;0;0;3;0;0;3;-8,064473;-34,936928;"SPRF-PE";"DEL01-PE";"UOP01-DEL01-PE"
396600;2021-11-18;"quinta-feira";"17:17:00";"MA";135;7,5;"SAO LUIS";"Desrespeitar a preferência no cruzamento";"Engavetamento";"Sem Vítimas";"Anoitecer";"Crescente";"Garoa/Chuvisco";"Dupla";"Retorno Regulamentado;Reta;Declive";"Sim";7;0;0;0;6;1;0;4;-2,63608835;-44,26848552;"SPRF-MA";"DEL01-MA";"UOP01-DEL01-MA"
396602;2021-11-18;"quinta-feira";"08:40:00";"RJ";101;310;"SAO GONCALO";"Manobra de mudança de faixa";"Colisão lateral mesmo sentido";"Com Vítimas Feridas";"Pleno dia";"Crescente";"Céu Claro";"Dupla";"Reta";"Sim";2;0;1;0;1;0;1;2;-22,79717023;-43,04404993;"SPRF-RJ";"DEL02-RJ";"UOP02-DEL02-RJ"
396605;2021-11-18;"quinta-feira";"19:35:00";"PR";376;511;"PONTA GROSSA";"Deficiência do Sistema de Iluminação/Sinalização";"Colisão traseira";"Com Vítimas Feridas";"Plena Noite";"Decrescente";"Céu Claro";"Dupla";"Retorno Regulamentado";"Não";4;0;2;0;0;4;2;6;-25,2585873;-49,99055292;"SPRF-PR";"DEL03-PR";"UOP01-DEL03-PR"
396608;2021-11-18;"quinta-feira";"16:00:00";"MT";70;556;"NOSSA SENHORA DO LIVRAMENTO";"Acumulo de água sobre o pavimento";"Saída de leito carroçável";"Com Vítimas Feridas";"Pleno dia";"Crescente";"Chuva";"Simples";"Curva";"Não";2;0;0;1;1;0;1;1;-15,68474514;-56,36215991;"SPRF-MT";"DEL03-MT";"UOP02-DEL03-MT"
396611;2021-11-18;"quinta-feira";"15:00:00";"MG";381;175,2;"GOVERNADOR VALADARES";"Condutor Dormindo";"Colisão lateral sentido oposto";"Sem Vítimas";"Pleno dia";"Decrescente";"Nublado";"Simples";"Curva";"Não";3;0;0;0;3;0;0;3;-19,00400926;-42,12942879;"SPRF-MG";"DEL06-MG";"UOP01-DEL06-MG"
396622;2021-11-18;"quinta-feira";"16:30:00";"MT";70;133;"GENERAL CARNEIRO";"Velocidade Incompatível";"Tombamento";"Com Vítimas Feridas";"Pleno dia";"Decrescente";"Chuva";"Simples";"Declive;Curva";"Não";2;0;1;0;0;2;1;3;-15,59068783;-53,22057013;"SPRF-MT";"DEL07-MT";"UOP01-DEL07-MT"
396635;2021-11-19;"sexta-feira";"02:25:00";"SC";282;377;"HERVAL DOESTE";"Transitar na contramão";"Colisão lateral sentido oposto";"Sem Vítimas";"Plena Noite";"Crescente";"Chuva";"Simples";"Curva";"Não";2;0;0;0;1;1;0;2;-27,216974;-51,470055;"SPRF-SC";"DEL07-SC";"UOP05-DEL07-SC"
396637;2021-11-19;"sexta-feira";"04:00:00";"RJ";116;267;"BARRA MANSA";"Ausência de reação do condutor";"Colisão traseira";"Sem Vítimas";"Amanhecer";"Crescente";"Chuva";"Dupla";"Curva";"Não";3;0;0;0;2;2;0;4;-22,58964229;-44,10482516;"SPRF-RJ";"DEL07-RJ";"UOP02-DEL07-RJ"
396639;2021-11-19;"sexta-feira";"05:50:00";"MG";262;549;"LUZ";"Velocidade Incompatível";"Colisão com objeto";"Com Vítimas Feridas";"Amanhecer";"Decrescente";"Garoa/Chuvisco";"Simples";"Curva;Declive";"Não";1;0;1;0;0;0;1;1;-19,72508993;-45,86948395;"SPRF-MG";"DEL08-MG";"UOP02-DEL08-MG"
396650;2021-11-19;"sexta-feira";"07:00:00";"SC";101;400,9;"MARACAJA";"Ausência de reação do condutor";"Colisão traseira";"Com Vítimas Feridas";"Amanhecer";"Decrescente";"Garoa/Chuvisco";"Múltipla";"Reta";"Sim";5;0;3;0;1;1;3;4;-28,87077726;-49,45163012;"SPRF-SC";"DEL02-SC";"UOP02-DEL02-SC"
396654;2021-10-14;"quinta-feira";"06:00:00";"RS";290;102,6;"PORTO ALEGRE";"Demais falhas mecânicas ou elétricas";"Colisão traseira";"Com Vítimas Feridas";"Amanhecer";"Crescente";"Céu Claro";"Dupla";"Reta";"Sim";3;0;0;1;1;1;1;3;-29,987228;-51,25613;"SPRF-RS";"DEL01-RS";"UOP01-DEL01-RS"
396662;2021-11-19;"sexta-feira";"08:40:00";"BA";110;0;"PAULO AFONSO";"Condutor Dormindo";"Saída de leito carroçável";"Com Vítimas Feridas";"Pleno dia";"Crescente";"Céu Claro";"Simples";"Reta";"Sim";1;0;1;0;0;0;1;1;-9,42061283;-38,1980896;"SPRF-BA";"DEL07-BA";"UOP01-DEL07-BA"
396664;2021-11-19;"sexta-feira";"09:00:00";"SC";101;163;"TIJUCAS";"Ausência de reação do condutor";"Colisão com objeto";"Com Vítimas Feridas";"Pleno dia";"Crescente";"Nublado";"Múltipla";"Reta";"Não";3;0;1;0;1;2;1;4;-27,23461699;-48,63039809;"SPRF-SC";"DEL04-SC";"UOP03-DEL04-SC"
396666;2021-11-19;"sexta-feira";"08:10:00";"PR";153;24,6;"JACAREZINHO";"Acessar a via sem observar a presença dos outros veículos";"Colisão transversal";"Com Vítimas Feridas";"Pleno dia";"Crescente";"Céu Claro";"Simples";"Interseção de Vias";"Não";3;0;1;0;1;2;1;4;-23,18366424;-49,98244728;"SPRF-PR";"DEL07-PR";"UOP04-DEL07-PR"
396670;2021-11-13;"sábado";"17:20:00";"PR";277;688;"SAO MIGUEL DO IGUACU";"Entrada inopinada do pedestre";"Atropelamento de Pedestre";"Com Vítimas Feridas";"Pleno dia";"Crescente";"Sol";"Dupla";"Reta";"Sim";3;0;0;1;1;1;1;3;-25,34525482;-54,23408504;"SPRF-PR";"DEL05-PR";"UOP01-DEL05-PR"
396671;2021-11-19;"sexta-feira";"10:25:00";"ES";482;9,4;"CACHOEIRO DE ITAPEMIRIM";"Ultrapassagem Indevida";"Colisão lateral mesmo sentido";"Com Vítimas Feridas";"Pleno dia";"Decrescente";"Nublado";"Simples";"Reta";"Não";2;0;0;1;1;0;1;2;-20,86082851;-41,11900797;"SPRF-ES";"DEL03-ES";"UOP02-DEL03-ES"
396672;2021-11-19;"sexta-feira";"10:30:00";"MG";262;183;"SAO DOMINGOS DO PRATA";"Velocidade Incompatível";"Colisão traseira";"Com Vítimas Feridas";"Pleno dia";"Crescente";"Nublado";"Simples";"Reta";"Não";4;0;2;0;1;1;2;3;-19,91043124;-43,02115533;"SPRF-MG";"DEL03-MG";"UOP01-DEL03-MG"
396676;2021-11-19;"sexta-feira";"10:40:00";"SC";101;80;"BARRA VELHA";"Acesso irregular";"Colisão transversal";"Com Vítimas Feridas";"Pleno dia";"Crescente";"Sol";"Dupla";"Reta";"Não";3;0;1;0;1;1;1;3;-26,59441996;-48,72183309;"SPRF-SC";"DEL03-SC";"UOP02-DEL03-SC"
396678;2021-11-19;"sexta-feira";"07:50:00";"RJ";393;155,9;"TRES RIOS";"Chuva";"Colisão frontal";"Com Vítimas Feridas";"Pleno dia";"Decrescente";"Chuva";"Simples";"Curva";"Não";4;0;1;1;1;1;2;3;-22,08606995;-43,05495303;"SPRF-RJ";"DEL05-RJ";"UOP01-DEL05-RJ"
396683;2021-11-19;"sexta-feira";"12:00:00";"RS";116;267;"CANOAS";"Demais falhas mecânicas ou elétricas";"Saída de leito carroçável";"Com Vítimas Feridas";"Pleno dia";"Decrescente";"Céu Claro";"Simples";"Reta";"Sim";2;0;1;0;1;0;1;1;-29,94142398;-51,17697062;"SPRF-RS";"DEL01-RS";"UOP01-DEL01-RS"
396686;2021-11-19;"sexta-feira";"12:35:00";"GO";153;437;"ANAPOLIS";"Velocidade Incompatível";"Colisão traseira";"Com Vítimas Feridas";"Pleno dia";"Crescente";"Céu Claro";"Dupla";"Reta";"Sim";3;0;1;0;1;1;1;3;-16,286884;-48,942978;"SPRF-GO";"DEL02-GO";"UOP01-DEL02-GO"
396687;2021-11-18;"quinta-feira";"07:50:00";"SC";470;115,7;"APIUNA";"Acessar a via sem observar a presença dos outros veículos";"Colisão transversal";"Com Vítimas Feridas";"Pleno dia";"Decrescente";"Chuva";"Simples";"Reta";"Sim";3;0;0;1;1;1;1;3;-27,080416;-49,485348;"SPRF-SC";"DEL04-SC";"UOP02-DEL04-SC"
396702;2021-11-19;"sexta-feira";"08:10:00";"ES";262;167;"IBATIBA";"Fumaça";"Colisão traseira";"Sem Vítimas";"Pleno dia";"Decrescente";"Chuva";"Dupla";"Reta;Aclive";"Não";3;0;0;0;3;0;0;3;-20,2531047;-41,56633803;"SPRF-ES";"DEL01-ES";"UOP02-DEL01-ES"
396709;2021-11-19;"sexta-feira";"13:24:00";"RS";290;483,7;"ROSARIO DO SUL";"Velocidade Incompatível";"Colisão transversal";"Com Vítimas Feridas";"Pleno dia";"Crescente";"Céu Claro";"Simples";"Reta";"Sim";3;0;1;0;1;1;1;3;-30,24115228;-54,95683193;"SPRF-RS";"DEL11-RS";"UOP02-DEL11-RS"
396712;2021-11-19;"sexta-feira";"14:17:00";"MG";381;851,9;"POUSO ALEGRE";"Reação tardia ou ineficiente do condutor";"Colisão traseira";"Com Vítimas Feridas";"Pleno dia";"Decrescente";"Chuva";"Dupla";"Reta";"Não";3;0;1;0;1;1;1;3;-22,28746007;-45,89702873;"SPRF-MG";"DEL16-MG";"UOP01-DEL16-MG"
396713;2021-11-19;"sexta-feira";"10:50:00";"MT";364;497,3;"JANGADA";"Demais falhas mecânicas ou elétricas";"Colisão com objeto";"Sem Vítimas";"Pleno dia";"Decrescente";"Chuva";"Simples";"Reta";"Não";7;0;0;0;5;2;0;6;-15,22191413;-56,50062561;"SPRF-MT";"DEL01-MT";"UOP02-DEL01-MT"
396716;2021-11-19;"sexta-feira";"10:00:00";"PI";135;342,5;"SANTA LUZ";"Reação tardia ou ineficiente do condutor";"Tombamento";"Com Vítimas Feridas";"Pleno dia";"Decrescente";"Sol";"Simples";"Curva";"Não";3;0;0;2;0;1;2;2;-9,02011103;-44,30158117;"SPRF-PI";"DEL03-PI";"UOP02-DEL03-PI"
396719;2021-11-19;"sexta-feira";"15:20:00";"CE";20;422;"MARACANAU";"Acessar a via sem observar a presença dos outros veículos";"Colisão transversal";"Com Vítimas Feridas";"Pleno dia";"Decrescente";"Céu Claro";"Dupla";"Retorno Regulamentado";"Sim";2;0;0;1;1;0;1;2;-3,76999035;-38,67006282;"SPRF-CE";"DEL01-CE";"UOP02-DEL01-CE"
396721;2021-11-19;"sexta-feira";"15:20:00";"ES";101;276,6;"SERRA";"Reação tardia ou ineficiente do condutor";"Tombamento";"Com Vítimas Feridas";"Pleno dia";"Crescente";"Céu Claro";"Dupla";"Reta";"Não";1;0;1;0;0;0;1;1;-20,20788726;-40,3133509;"SPRF-ES";"DEL02-ES";"UOP01-DEL02-ES"
396722;2021-11-19;"sexta-feira";"14:55:00";"SP";116;102,2;"PINDAMONHANGABA";"Chuva";"Colisão com objeto";"Com Vítimas Feridas";"Pleno dia";"Crescente";"Chuva";"Dupla";"Reta";"Não";3;0;2;0;0;2;2;4;-22,99497994;-45,48951403;"SPRF-SP";"DEL08-SP";"UOP01-DEL08-SP"
396723;2021-11-15;"segunda-feira";"23:50:00";"MG";381;750,1;"TRES CORACOES";"Velocidade Incompatível";"Tombamento";"Com Vítimas Feridas";"Plena Noite";"Crescente";"Céu Claro";"Dupla";"Curva";"Não";4;0;1;0;3;0;1;3;-21,64336456;-45,28971804;"SPRF-MG";"DEL16-MG";"UOP02-DEL16-MG"
396726;2021-11-19;"sexta-feira";"14:00:00";"PI";222;26;"SAO JOAO DA FRONTEIRA";"Acessar a via sem observar a presença dos outros veículos";"Colisão transversal";"Com Vítimas Feridas";"Pleno dia";"Crescente";"Céu Claro";"Simples";"Interseção de Vias";"Sim";3;0;0;1;0;4;1;5;-4,00096063;-41,43892765;"SPRF-PI";"DEL02-PI";"UOP01-DEL02-PI"
396733;2021-11-19;"sexta-feira";"15:20:00";"SC";470;100,5;"APIUNA";"Ultrapassagem Indevida";"Colisão lateral mesmo sentido";"Com Vítimas Feridas";"Pleno dia";"Decrescente";"Céu Claro";"Simples";"Reta";"Sim";5;0;0;1;3;1;1;4;-27,045143;-49,394142;"SPRF-SC";"DEL04-SC";"UOP02-DEL04-SC"
396735;2021-11-19;"sexta-feira";"16:50:00";"RS";470;218;"BENTO GONCALVES";"Condutor deixou de manter distância do veículo da frente";"Colisão traseira";"Com Vítimas Feridas";"Pleno dia";"Decrescente";"Nublado";"Simples";"Reta;Aclive";"Não";3;0;1;0;1;1;1;3;-29,18554428;-51,52107608;"SPRF-RS";"DEL06-RS";"UOP01-DEL06-RS"
396736;2021-11-19;"sexta-feira";"17:10:00";"ES";101;294;"CARIACICA";"Ausência de reação do condutor";"Colisão traseira";"Com Vítimas Feridas";"Anoitecer";"Crescente";"Chuva";"Dupla";"Declive";"Sim";3;0;0;2;1;0;2;2;-20,32415948;-40,3952903;"SPRF-ES";"DEL01-ES";"UOP01-DEL01-ES"
396740;2021-11-19;"sexta-feira";"16:30:00";"RJ";116;237;"PIRAI";"Acumulo de água sobre o pavimento";"Colisão com objeto";"Com Vítimas Feridas";"Pleno dia";"Crescente";"Chuva";"Dupla";"Reta";"Sim";5;0;2;1;0;2;3;4;-22,6648253;-43,8735;"SPRF-RJ";"DEL07-RJ";"UOP01-DEL07-RJ"
396742;2021-11-19;"sexta-feira";"14:15:00";"SE";101;157;"ESTANCIA";"Carga excessiva e/ou mal acondicionada";"Derramamento de carga";"Sem Vítimas";"Pleno dia";"Decrescente";"Sol";"Múltipla";"Reta";"Não";2;0;0;0;1;1;0;2;-11,28637986;-37,46182902;"SPRF-SE";"DEL02-SE";"UOP01-DEL02-SE"
396744;2021-11-19;"sexta-feira";"17:00:00";"MS";262;245,9;"RIBAS DO RIO PARDO";"Objeto estático sobre o leito carroçável";"Engavetamento";"Com Vítimas Feridas";"Pleno dia";"Crescente";"Céu Claro";"Simples";"Aclive";"Não";8;0;2;0;5;8;2;13;-20,45034097;-53,81174898;"SPRF-MS";"DEL01-MS";"UOP01-DEL01-MS"
396751;2021-05-31;"segunda-feira";"21:40:00";"SC";280;152,1;"MAFRA";"Reação tardia ou ineficiente do condutor";"Colisão com objeto";"Com Vítimas Fatais";"Plena Noite";"Crescente";"Nevoeiro/Neblina";"Simples";"Ponte";"Não";1;1;0;0;0;0;0;1;-26,21551505;-49,71605301;"SPRF-SC";"DEL06-SC";"UOP03-DEL06-SC"