"id";"data_inversa";"dia_semana";"horario";"uf";"br";"km";"municipio";"causa_acidente";"tipo_acidente";"classificacao_acidente";"fase_dia";"sentido_via";"condicao_metereologica";"tipo_pista";"tracado_via";"uso_solo";"pessoas";"mortos";"feridos_leves";"feridos_graves";"ilesos";"ignorados";"feridos";"veiculos";"latitude";"longitude";"regional";"delegacia";"uop"
397182;2021-11-21;"domingo";"17:40:00";"SP";116;102;"PINDAMONHANGABA";"Condutor deixou de manter distância do veículo da frente";"Colisão traseira";"Sem Vítimas";"Pleno dia";"Crescente";"Nublado";"Dupla";"Reta";"Não";3;0;0;0;1;2;0;3;-22,99497994;-45,48951403;"SPRF-SP";"DEL08-SP";"UOP01-DEL08-SP"
397188;2021-11-21;"domingo";"18:03:00";"SC";101;33,4;"JOINVILLE";"Velocidade Incompatível";"Tombamento";"Com Vítimas Feridas";"Anoitecer";"Decrescente";"Céu Claro";"Dupla";"Interseção de Vias";"Sim";2;0;1;0;0;1;1;2;-26,2564633;-48,90386939;"SPRF-SC";"DEL03-SC";"UOP01-DEL03-SC"
397200;2021-11-21;"domingo";"16:50:00";"SC";101;106,9;"PENHA";"Trafegar com motocicleta (ou similar) entre as faixas";"Colisão traseira";"Com Vítimas Feridas";"Anoitecer";"Crescente";"Sol";"Dupla";"Curva";"Não";5;0;0;2;2;1;2;4;-26,81938702;-48,68403219;"SPRF-SC";"DEL03-SC";"UOP02-DEL03-SC"
397203;2021-11-21;"domingo";"19:30:00";"GO";20;19,9;"FORMOSA";"Transitar na contramão";"Colisão frontal";"Com Vítimas Fatais";"Plena Noite";"Decrescente";"Chuva";"Simples";"Reta";"Não";3;1;0;0;1;2;0;4;-15,553887;-47,18708;"SPRF-DF";"DEL02-DF";"UOP01-DEL02-DF"
397208;2021-11-21;"domingo";"17:30:00";"RR";174;245;"CARACARAI";"Velocidade Incompatível";"Tombamento";"Com Vítimas Feridas";"Anoitecer";"Crescente";"Céu Claro";"Simples";"Rotatória";"Sim";2;0;0;1;0;1;1;2;1,218244;-60,388416;"SPRF-RR";"DEL01-RR";"UOP01-DEL01-RR"
397213;2021-11-21;"domingo";"20:30:00";"ES";101;380;"ICONHA";"Acessar a via sem observar a presença dos outros veículos";"Colisão traseira";"Com Vítimas Feridas";"Plena Noite";"Decrescente";"Nublado";"Simples";"Reta";"Não";2;0;1;0;0;1;1;2;-20,80767317;-40,83488482;"SPRF-ES";"DEL03-ES";"UOP01-DEL03-ES"
397214;2021-11-21;"domingo";"20:30:00";"SP";116;225;"GUARULHOS";"Ingestão de álcool pelo condutor";"Colisão traseira";"Com Vítimas Feridas";"Plena Noite";"Decrescente";"Céu Claro";"Múltipla";"Reta";"Sim";2;0;0;1;0;1;1;2;-23,48586772;-46,54075317;"SPRF-SP";"DEL01-SP";"UOP01-DEL01-SP"
397224;2021-11-21;"domingo";"11:50:00";"MG";365;343;"VARJAO DE MINAS";"Ingestão de álcool pelo condutor";"Colisão lateral mesmo sentido";"Sem Vítimas";"Pleno dia";"Crescente";"Nublado";"Simples";"Reta";"Sim";2;0;0;0;1;1;0;2;-18,37905882;-46,03368413;"SPRF-MG";"DEL10-MG";"UOP01-DEL10-MG"
397234;2021-11-21;"domingo";"19:30:00";"MG";381;361;"JOAO MONLEVADE";"Ingestão de álcool pelo condutor";"Colisão transversal";"Sem Vítimas";"Plena Noite";"Crescente";"Chuva";"Simples";"Interseção de Vias;Reta";"Não";3;0;0;0;2;1;0;3;-19,85881293;-43,234108;"SPRF-MG";"DEL03-MG";"UOP01-DEL03-MG"
397237;2021-11-21;"domingo";"19:50:00";"SP";116;337;"JUQUITIBA";"Reação tardia ou ineficiente do condutor";"Colisão traseira";"Com Vítimas Fatais";"Plena Noite";"Crescente";"Céu Claro";"Dupla";"Curva";"Sim";2;1;0;0;1;0;0;2;-23,9818403;-47,14564419;"SPRF-SP";"DEL04-SP";"UOP01-DEL04-SP"
397250;2021-11-21;"domingo";"19:45:00";"RS";290;345,8;"SAO SEPE";"Demais falhas mecânicas ou elétricas";"Eventos atípicos";"Sem Vítimas";"Anoitecer";"Decrescente";"Céu Claro";"Simples";"Reta;Aclive";"Não";2;0;0;0;1;2;0;3;-30,361242;-53,625069;"SPRF-RS";"DEL09-RS";"UOP02-DEL09-RS"
397252;2021-11-22;"segunda-feira";"00:30:00";"MT";163;794;"SORRISO";"Ultrapassagem Indevida";"Tombamento";"Com Vítimas Feridas";"Plena Noite";"Crescente";"Chuva";"Simples";"Aclive";"Não";1;0;1;0;0;0;1;1;-12,15412971;-55,51357269;"SPRF-MT";"DEL06-MT";"UOP01-DEL06-MT"
397254;2021-11-22;"segunda-feira";"01:45:00";"MG";262;802;"UBERABA";"Ingestão de álcool pelo condutor";"Colisão traseira";"Com Vítimas Feridas";"Plena Noite";"Crescente";"Céu Claro";"Dupla";"Aclive;Reta";"Não";3;0;1;0;1;2;1;4;-19,779234;-47,964844;"SPRF-MG";"DEL13-MG";"UOP01-DEL13-MG"
397255;2021-11-22;"segunda-feira";"03:00:00";"PR";373;173;"PONTA GROSSA";"Velocidade Incompatível";"Colisão com objeto";"Com Vítimas Feridas";"Plena Noite";"Crescente";"Céu Claro";"Múltipla";"Curva";"Sim";3;0;1;0;1;2;1;4;-25,080238;-50,202805;"SPRF-PR";"DEL03-PR";"UOP01-DEL03-PR"
397259;2021-11-21;"domingo";"19:30:00";"CE";116;143;"RUSSAS";"Transitar na contramão";"Colisão frontal";"Com Vítimas Fatais";"Plena Noite";"Decrescente";"Céu Claro";"Simples";"Reta";"Não";2;1;0;0;1;0;0;2;-4,78088297;-38,05057204;"SPRF-CE";"DEL03-CE";"UOP01-DEL03-CE"
397263;2021-11-22;"segunda-feira";"02:40:00";"MT";163;934;"ITAUBA";"Transitar na contramão";"Colisão frontal";"Com Vítimas Fatais";"Plena Noite";"Decrescente";"Céu Claro";"Simples";"Reta";"Não";2;1;0;0;1;0;0;2;-11,13682296;-55,31295921;"SPRF-MT";"DEL06-MT";"NPF/DEL06-MT"
397270;2021-11-22;"segunda-feira";"05:30:00";"MG";381;543,8;"ITATIAIUCU";"Condutor Dormindo";"Saída de leito carroçável";"Com Vítimas Feridas";"Amanhecer";"Crescente";"Nublado";"Dupla";"Reta";"Não";2;0;1;0;0;1;1;2;-20,27336801;-44,42585498;"SPRF-MG";"DEL04-MG";"UOP03-DEL04-MG"
397274;2021-11-22;"segunda-feira";"04:20:00";"MT";174;559,6;"COMODORO";"Transitar na contramão";"Colisão frontal";"Com Vítimas Fatais";"Plena Noite";"Decrescente";"Nublado";"Simples";"Reta";"Não";3;1;1;0;0;1;1;3;-13,0704051;-59,89651229;"SPRF-RO";"DEL04-RO";"UOP01-DEL04-RO"
397282;2021-11-21;"domingo";"19:45:00";"BA";242;163;"ITABERABA";"Demais falhas mecânicas ou elétricas";"Incêndio";"Sem Vítimas";"Plena Noite";"Crescente";"Céu Claro";"Simples";"Reta";"Não";2;0;0;0;1;1;0;2;-12,51736322;-39,93976593;"SPRF-BA";"DEL06-BA";"UOP02-DEL06-BA"
397298;2021-11-22;"segunda-feira";"08:20:00";"SC";101;179,5;"GOVERNADOR CELSO RAMOS";"Acessar a via sem observar a presença dos outros veículos";"Colisão lateral sentido oposto";"Com Vítimas Feridas";"Pleno dia";"Decrescente";"Sol";"Múltipla";"Interseção de Vias;Reta";"Sim";2;0;0;1;1;0;1;2;-27,3811238;-48,63090648;"SPRF-SC";"DEL01-SC";"UOP01-DEL01-SC"
397310;2021-11-22;"segunda-feira";"07:15:00";"MT";70;375;"CAMPO VERDE";"Ultrapassagem Indevida";"Colisão traseira";"Com Vítimas Feridas";"Pleno dia";"Crescente";"Céu Claro";"Simples";"Reta";"Sim";3;0;1;1;1;0;2;3;-15,49384211;-55,08112299;"SPRF-MT";"DEL05-MT";"UOP02-DEL05-MT"
397313;2021-11-22;"segunda-feira";"03:00:00";"RO";364;69;"VILHENA";"Acumulo de água sobre o pavimento";"Tombamento";"Sem Vítimas";"Plena Noite";"Crescente";"Nevoeiro/Neblina";"Simples";"Declive";"Não";2;0;0;0;2;0;0;1;-12,47608999;-60,49645996;"SPRF-RO";"DEL04-RO";"UOP01-DEL04-RO"
397315;2021-11-16;"terça-feira";"18:00:00";"SC";470;120,5;"IBIRAMA";"Mal súbito do condutor";"Saída de leito carroçável";"Sem Vítimas";"Anoitecer";"Decrescente";"Céu Claro";"Simples";"Curva";"Não";1;0;0;0;1;0;0;1;-27,09235595;-49,52138901;"SPRF-SC";"DEL04-SC";"UOP02-DEL04-SC"
397321;2021-11-22;"segunda-feira";"09:50:00";"PR";376;349;"ORTIGUEIRA";"Demais falhas mecânicas ou elétricas";"Saída de leito carroçável";"Com Vítimas Feridas";"Pleno dia";"Decrescente";"Céu Claro";"Simples";"Aclive";"Não";2;0;1;1;0;0;2;1;-24,23741824;-50,91757915;"SPRF-PR";"DEL07-PR";"UOP02-DEL07-PR"
397327;2021-11-22;"segunda-feira";"12:20:00";"BA";324;594,1;"CANDEIAS";"Condutor Dormindo";"Colisão traseira";"Com Vítimas Feridas";"Pleno dia";"Crescente";"Céu Claro";"Dupla";"Reta;Em Obras";"Não";2;0;1;0;1;0;1;2;-12,71235341;-38,45524557;"SPRF-BA";"DEL01-BA";"UOP01-DEL01-BA"
397333;2021-11-22;"segunda-feira";"13:30:00";"PR";277;128;"BALSA NOVA";"Ausência de reação do condutor";"Colisão lateral mesmo sentido";"Com Vítimas Fatais";"Pleno dia";"Decrescente";"Céu Claro";"Dupla";"Curva";"Não";2;1;0;0;0;1;0;2;-25,46550711;-49,62696075;"SPRF-PR";"DEL01-PR";"UOP03-DEL03-PR"
397349;2021-11-22;"segunda-feira";"14:45:00";"MG";40;696,7;"BARBACENA";"Reação tardia ou ineficiente do condutor";"Colisão com objeto";"Com Vítimas Feridas";"Pleno dia";"Decrescente";"Céu Claro";"Simples";"Curva";"Não";4;0;2;0;1;1;2;2;-21,14688299;-43,76443098;"SPRF-MG";"DEL05-MG";"UOP02-DEL05-MG"
397367;2021-11-22;"segunda-feira";"17:15:00";"PR";277;524,6;"GUARANIACU";"Ausência de reação do condutor";"Colisão traseira";"Com Vítimas Feridas";"Pleno dia";"Decrescente";"Céu Claro";"Simples";"Reta;Em Obras;Aclive";"Não";3;0;1;0;1;2;1;4;-25,11018112;-52,85167802;"SPRF-PR";"DEL04-PR";"UOP01-DEL04-PR"
397368;2021-11-22;"segunda-feira";"15:30:00";"RJ";116;103;"GUAPIMIRIM";"Condutor deixou de manter distância do veículo da frente";"Colisão traseira";"Com Vítimas Feridas";"Pleno dia";"Crescente";"Céu Claro";"Simples";"Reta";"Não";2;0;1;0;1;0;1;2;-22,5031646;-42,99910415;"SPRF-RJ";"DEL04-RJ";"UOP02-DEL04-RJ"
397369;2021-11-22;"segunda-feira";"17:50:00";"RJ";116;107;"GUAPIMIRIM";"Acessar a via sem observar a presença dos outros veículos";"Colisão transversal";"Com Vítimas Feridas";"Anoitecer";"Decrescente";"Céu Claro";"Simples";"Reta";"Sim";2;0;1;0;0;1;1;2;-22,52826187;-42,99737551;"SPRF-RJ";"DEL04-RJ";"UOP02-DEL04-RJ"
397372;2021-11-22;"segunda-feira";"16:40:00";"MG";365;5,4;"MONTES CLAROS";"Velocidade Incompatível";"Tombamento";"Com Vítimas Feridas";"Pleno dia";"Crescente";"Nublado";"Simples";"Reta;Declive";"Não";2;0;1;0;0;2;1;3;-16,74574399;-43,88392402;"SPRF-MG";"DEL12-MG";"UOP01-DEL12-MG"
397373;2021-11-22;"segunda-feira";"16:30:00";"TO";230;33;"NAZARE";"Acessar a via sem observar a presença dos outros veículos";"Colisão transversal";"Com Vítimas Feridas";"Pleno dia";"Decrescente";"Céu Claro";"Simples";"Reta";"Não";3;0;1;1;1;0;2;2;-6,40231704;-47,64481701;"SPRF-TO";"DEL02-TO";"UOP03-DEL02-TO"
397374;2021-11-22;"segunda-feira";"17:50:00";"MG";381;361;"JOAO MONLEVADE";"Ausência de reação do condutor";"Colisão transversal";"Com Vítimas Feridas";"Anoitecer";"Crescente";"Nublado";"Simples";"Curva";"Sim";3;0;1;0;1;1;1;3;-19,85881293;-43,234108;"SPRF-MG";"DEL03-MG";"UOP01-DEL03-MG"
397376;2021-11-22;"segunda-feira";"14:52:00";"MG";262;527,8;"LUZ";"Velocidade Incompatível";"Colisão traseira";"Sem Vítimas";"Pleno dia";"Crescente";"Céu Claro";"Simples";"Reta";"Não";6;0;0;0;5;1;0;5;-19,78296762;-45,68597012;"SPRF-MG";"DEL08-MG";"UOP02-DEL08-MG"
397377;2021-11-22;"segunda-feira";"16:40:00";"PE";101;179,2;"JOAQUIM NABUCO";"Fumaça";"Engavetamento";"Com Vítimas Feridas";"Pleno dia";"Decrescente";"Céu Claro";"Dupla";"Reta";"Não";7;0;0;2;3;3;2;6;-8,629166;-35,559185;"SPRF-PE";"DEL01-PE";"UOP01-DEL01-PE"
397378;2021-11-22;"segunda-feira";"19:00:00";"GO";20;7;"FORMOSA";"Ingestão de álcool pelo condutor";"Colisão lateral sentido oposto";"Sem Vítimas";"Plena Noite";"Decrescente";"Nublado";"Simples";"Reta";"Sim";2;0;0;0;2;0;0;2;-15,547604;-47,291592;"SPRF-DF";"DEL02-DF";"UOP01-DEL02-DF"
397379;2021-11-22;"segunda-feira";"19:15:00";"PA";163;993;"SANTAREM";"Acesso irregular";"Colisão frontal";"Com Vítimas Feridas";"Plena Noite";"Crescente";"Céu Claro";"Simples";"Reta";"Não";3;0;0;2;1;0;2;2;-2,529841;-54,722595;"SPRF-PA";"DEL05-PA";"UOP01-DEL05-PA"
397385;2021-11-22;"segunda-feira";"18:55:00";"MS";163;506,5;"JARAGUARI";"Reação tardia ou ineficiente do condutor";"Colisão traseira";"Com Vítimas Feridas";"Plena Noite";"Crescente";"Céu Claro";"Dupla";"Aclive";"Não";7;0;0;1;5;2;1;4;-20,27898388;-54,49191222;"SPRF-MS";"DEL01-MS";"UOP02-DEL01-MS"
397386;2021-11-22;"segunda-feira";"20:00:00";"PR";376;175;"MARINGA";"Entrada inopinada do pedestre";"Atropelamento de Pedestre";"Com Vítimas Feridas";"Plena Noite";"Crescente";"Céu Claro";"Dupla";"Interseção de Vias";"Sim";2;0;0;1;1;0;1;2;-23,41142931;-51,93619251;"SPRF-PR";"DEL09-PR";"UOP01-DEL09-PR"
397392;2021-11-22;"segunda-feira";"20:50:00";"PR";277;728;"FOZ DO IGUACU";"Ultrapassagem Indevida";"Colisão lateral mesmo sentido";"Com Vítimas Fatais";"Plena Noite";"Decrescente";"Céu Claro";"Dupla";"Reta";"Não";8;2;2;1;2;2;3;5;-25,5097634;-54,57387201;"SPRF-PR";"DEL05-PR";"UOP03-DEL05-PR"
397398;2021-11-22;"segunda-feira";"19:30:00";"MG";262;75;"MATIPO";"Velocidade Incompatível";"Colisão traseira";"Com Vítimas Feridas";"Plena Noite";"Decrescente";"Nublado";"Simples";"Reta";"Não";3;0;0;1;1;1;1;3;-20,32380719;-42,3388569;"SPRF-MG";"DEL03-MG";"UOP03-DEL03-MG"
397404;2021-11-15;"segunda-feira";"17:50:00";"RS";287;354,9;"JAGUARI";"Acessar a via sem observar a presença dos outros veículos";"Colisão transversal";"Com Vítimas Feridas";"Pleno dia";"Decrescente";"Sol";"Simples";"Rotatória";"Sim";5;0;3;0;1;1;3;3;-29,48302107;-54,68648705;"SPRF-RS";"DEL12-RS";"UOP02-DEL12-RS"
397411;2021-11-23;"terça-feira";"01:00:00";"PR";277;464,9;"LARANJEIRAS DO SUL";"Problema com o freio";"Tombamento";"Sem Vítimas";"Plena Noite";"Crescente";"Céu Claro";"Simples";"Reta";"Não";2;0;0;0;1;1;0;2;-25,36359096;-52,4731659;"SPRF-PR";"DEL04-PR";"UOP02-DEL04-PR"
397412;2021-11-23;"terça-feira";"03:10:00";"MG";40;720,8;"BARBACENA";"Velocidade Incompatível";"Colisão traseira";"Com Vítimas Feridas";"Plena Noite";"Decrescente";"Ignorado";"Dupla";"Reta";"Sim";2;0;0;1;1;0;1;2;-21,27884073;-43,64475887;"SPRF-MG";"DEL05-MG";"UOP01-DEL05-MG"
397413;2021-11-23;"terça-feira";"03:30:00";"BA";116;377,3;"SANTA BARBARA";"Condutor Dormindo";"Colisão lateral sentido oposto";"Com Vítimas Fatais";"Plena Noite";"Crescente";"Céu Claro";"Simples";"Reta;Aclive";"Não";9;3;5;1;0;0;6;2;-11,82301514;-38,97585349;"SPRF-BA";"DEL02-BA";"UOP01-DEL02-BA"
397414;2021-11-23;"terça-feira";"02:30:00";"GO";40;136,5;"CRISTALINA";"Problema na suspensão";"Saída de leito carroçável";"Com Vítimas Feridas";"Plena Noite";"Crescente";"Nublado";"Simples";"Ponte";"Não";2;0;0;1;0;1;1;2;-16,943333;-47,312308;"SPRF-DF";"DEL01-DF";"UOP02-DEL01-DF"
397415;2021-11-22;"segunda-feira";"21:08:00";"BA";101;420;"IBIRAPITANGA";"Transitar na contramão";"Colisão frontal";"Com Vítimas Fatais";"Plena Noite";"Decrescente";"Nublado";"Simples";"Reta;Aclive";"Não";2;1;1;0;0;0;1;2;-14,123038;-39,364038;"SPRF-BA";"DEL05-BA";"UOP03-DEL05-BA"
397417;2021-11-23;"terça-feira";"04:20:00";"MG";381;901;"CAMBUI";"Condutor Dormindo";"Colisão com objeto";"Com Vítimas Feridas";"Plena Noite";"Crescente";"Céu Claro";"Dupla";"Reta";"Não";1;0;1;0;0;0;1;1;-22,62916186;-46,07826424;"SPRF-MG";"DEL16-MG";"UOP03-DEL16-MG"
397418;2021-11-23;"terça-feira";"04:20:00";"PE";101;42;"IGARASSU";"Velocidade Incompatível";"Colisão traseira";"Com Vítimas Feridas";"Amanhecer";"Decrescente";"Céu Claro";"Múltipla";"Reta";"Sim";3;0;1;0;1;1;1;3;-7,844849;-34,910476;"SPRF-PE";"DEL01-PE";"UOP02-DEL01-PE"
397419;2021-11-23;"terça-feira";"06:20:00";"MG";381;484;"BETIM";"Manobra de mudança de faixa";"Queda de ocupante de veículo";"Com Vítimas Feridas";"Amanhecer";"Decrescente";"Céu Claro";"Múltipla";"Reta";"Sim";2;0;1;0;0;1;1;2;-19,95531717;-44,11722196;"SPRF-MG";"DEL01-MG";"UOP03-DEL01-MG"
397420;2021-11-23;"terça-feira";"05:30:00";"MS";262;61,1;"TRES LAGOAS";"Velocidade Incompatível";"Saída de leito carroçável";"Com Vítimas Feridas";"Amanhecer";"Crescente";"Céu Claro";"Simples";"Reta";"Não";2;0;1;0;0;1;1;2;-20,70912843;-52,16156613;"SPRF-MS";"DEL07-MS";"UOP01-DEL07-MS"
397421;2021-11-23;"terça-feira";"06:00:00";"CE";116;44;"HORIZONTE";"Demais Fenômenos da natureza";"Colisão lateral mesmo sentido";"Sem Vítimas";"Pleno dia";"Crescente";"Céu Claro";"Múltipla";"Retorno Regulamentado";"Não";2;0;0;0;1;1;0;2;-4,12328084;-38,48614261;"SPRF-CE";"DEL01-CE";"UOP02-DEL01-CE"
397424;2021-11-22;"segunda-feira";"18:15:00";"MT";174;471;"COMODORO";"Demais falhas mecânicas ou elétricas";"Saída de leito carroçável";"Com Vítimas Feridas";"Anoitecer";"Decrescente";"Nublado";"Simples";"Reta";"Não";3;0;1;0;1;3;1;5;-13,78878702;-59,76829013;"SPRF-MT";"DEL04-MT";"UOP01-DEL04-MT"
397425;2021-11-22;"segunda-feira";"20:20:00";"MT";70;169,4;"GENERAL CARNEIRO";"Reação tardia ou ineficiente do condutor";"Tombamento";"Sem Vítimas";"Plena Noite";"Crescente";"Nublado";"Simples";"Reta";"Não";2;0;0;0;1;3;0;4;-15,60740186;-53,51627705;"SPRF-MT";"DEL05-MT";"UOP01-DEL05-MT"
397428;2021-11-23;"terça-feira";"07:00:00";"CE";116;9;"FORTALEZA";"Entrada inopinada do pedestre";"Colisão traseira";"Sem Vítimas";"Pleno dia";"Decrescente";"Céu Claro";"Dupla";"Reta";"Sim";3;0;0;0;3;0;0;3;-3,82847325;-38,50476634;"SPRF-CE";"DEL01-CE";"UOP02-DEL01-CE"
397431;2021-11-23;"terça-feira";"07:35:00";"TO";153;140,9;"ARAGUAINA";"Avarias e/ou desgaste excessivo no pneu";"Tombamento";"Com Vítimas Feridas";"Pleno dia";"Crescente";"Nublado";"Dupla";"Reta";"Sim";3;0;2;0;1;0;2;2;-7,175818;-48,219448;"SPRF-TO";"DEL02-TO";"UOP01-DEL02-TO"
397435;2021-11-22;"segunda-feira";"23:00:00";"RJ";40;22;"TRES RIOS";"Ausência de reação do condutor";"Colisão com objeto";"Sem Vítimas";"Plena Noite";"Decrescente";"Céu Claro";"Múltipla";"Reta";"Sim";1;0;0;0;1;0;0;1;-22,12244792;-43,1568498;"SPRF-RJ";"DEL05-RJ";"UOP02-DEL05-RJ"
397436;2021-11-23;"terça-feira";"08:20:00";"GO";50;282,9;"CATALAO";"Desrespeitar a preferência no cruzamento";"Colisão transversal";"Com Vítimas Feridas";"Pleno dia";"Crescente";"Céu Claro";"Simples";"Interseção de Vias";"Sim";3;0;0;1;1;3;1;5;-18,1896;-47,9511;"SPRF-GO";"DEL06-GO";"UOP01-DEL06-GO"
397437;2021-11-23;"terça-feira";"07:45:00";"BA";116;637;"JAGUAQUARA";"Condutor Dormindo";"Colisão lateral sentido oposto";"Com Vítimas Feridas";"Pleno dia";"Crescente";"Céu Claro";"Simples";"Reta";"Sim";6;0;4;0;1;1;4;3;-13,50672946;-40,05364095;"SPRF-BA";"DEL03-BA";"UOP01-DEL03-BA"
397441;2021-11-23;"terça-feira";"05:20:00";"RO";364;511,2;"ARIQUEMES";"Velocidade Incompatível";"Saída de leito carroçável";"Com Vítimas Feridas";"Amanhecer";"Crescente";"Nublado";"Simples";"Curva";"Não";1;0;1;0;0;0;1;1;-9,95994297;-63,05033672;"SPRF-RO";"DEL03-RO";"UOP01-DEL03-RO"
397442;2021-11-23;"terça-feira";"08:00:00";"BA";116;14,8;"VITORIA DA CONQUISTA";"Demais falhas mecânicas ou elétricas";"Colisão frontal";"Com Vítimas Feridas";"Pleno dia";"Decrescente";"Nublado";"Simples";"Declive";"Sim";3;0;2;0;0;1;2;3;-14,851;-40,8485;"SPRF-BA";"DEL08-BA";"UOP01-DEL08-BA"
397443;2021-11-23;"terça-feira";"08:00:00";"SP";116;107,3;"TAUBATE";"Condutor deixou de manter distância do veículo da frente";"Colisão traseira";"Com Vítimas Feridas";"Pleno dia";"Crescente";"Céu Claro";"Dupla";"Reta";"Sim";4;0;1;0;2;2;1;4;-23,01250593;-45,52256005;"SPRF-SP";"DEL08-SP";"UOP01-DEL08-SP"
397445;2021-11-23;"terça-feira";"07:30:00";"RO";319;62;"PORTO VELHO";"Condutor desrespeitou a iluminação vermelha do semáforo";"Colisão transversal";"Com Vítimas Feridas";"Pleno dia";"Crescente";"Céu Claro";"Dupla";"Interseção de Vias;Reta";"Sim";3;0;1;0;1;1;1;3;-8,75884534;-63,88610959;"SPRF-RO";"DEL01-RO";"UOP01-DEL01-RO"
397447;2021-11-08;"segunda-feira";"19:00:00";"MT";163;521;"VARZEA GRANDE";"Condutor desrespeitou a iluminação vermelha do semáforo";"Colisão transversal";"Com Vítimas Feridas";"Plena Noite";"Crescente";"Céu Claro";"Simples";"Reta";"Sim";2;0;1;0;1;0;1;2;-15,66787161;-56,18187904;"SPRF-MT";"DEL01-MT";"UOP01-DEL01-MT"
397450;2021-11-23;"terça-feira";"07:30:00";"PR";376;389;"IMBAU";"Velocidade Incompatível";"Saída de leito carroçável";"Com Vítimas Feridas";"Pleno dia";"Crescente";"Céu Claro";"Dupla";"Curva";"Não";2;0;0;1;0;2;1;3;-24,51777497;-50,71118238;"SPRF-PR";"DEL03-PR";"UOP02-DEL03-PR"
397453;2021-11-23;"terça-feira";"05:45:00";"MT";364;86,3;"ALTO GARCAS";"Ultrapassagem Indevida";"Colisão lateral sentido oposto";"Com Vítimas Fatais";"Amanhecer";"Crescente";"Céu Claro";"Simples";"Curva";"Não";44;1;1;2;38;2;3;4;-16,86807546;-53,70412114;"SPRF-MT";"DEL02-MT";"UOP02-DEL02-MT"
397465;2021-10-06;"quarta-feira";"17:30:00";"TO";153;674;"GURUPI";"Condutor deixou de manter distância do veículo da frente";"Colisão traseira";"Com Vítimas Feridas";"Pleno dia";"Crescente";"Nublado";"Simples";"Declive";"Não";5;0;1;1;2;5;2;8;-11,76226488;-49,09779859;"SPRF-TO";"DEL01-TO";"UOP02-DEL01-TO"
397468;2021-11-23;"terça-feira";"11:40:00";"RJ";393;110;"SAPUCAIA";"Demais falhas mecânicas ou elétricas";"Colisão com objeto";"Com Vítimas Feridas";"Pleno dia";"Decrescente";"Céu Claro";"Simples";"Reta";"Não";2;0;1;0;0;1;1;2;-21,88984417;-42,70395997;"SPRF-RJ";"DEL05-RJ";"UOP01-DEL05-RJ"
397484;2021-11-23;"terça-feira";"11:50:00";"CE";402;279;"ITAPIPOCA";"Acessar a via sem observar a presença dos outros veículos";"Colisão traseira";"Sem Vítimas";"Pleno dia";"Decrescente";"Céu Claro";"Simples";"Reta";"Não";4;0;0;0;2;2;0;2;-3,54526504;-39,47697706;"SPRF-CE";"DEL01-CE";"UOP03-DEL01-CE"
397485;2021-11-23;"terça-feira";"10:40:00";"RJ";40;96;"DUQUE DE CAXIAS";"Demais falhas mecânicas ou elétricas";"Incêndio";"Sem Vítimas";"Pleno dia";"Crescente";"Céu Claro";"Simples";"Curva";"Não";2;0;0;0;1;3;0;4;-22,56876595;-43,27693723;"SPRF-RJ";"DEL01-RJ";"UOP01-DEL01-RJ"
397489;2021-11-23;"terça-feira";"07:15:00";"RS";392;193;"SANTANA DA BOA VISTA";"Reação tardia ou ineficiente do condutor";"Saída de leito carroçável";"Sem Vítimas";"Pleno dia";"Crescente";"Sol";"Simples";"Reta";"Não";2;0;0;0;1;1;0;2;-30,921031;-53,10501501;"SPRF-RS";"DEL09-RS";"UOP02-DEL09-RS"
397490;2021-11-23;"terça-feira";"07:50:00";"RO";364;100;"VILHENA";"Ausência de reação do condutor";"Colisão traseira";"Com Vítimas Fatais";"Pleno dia";"Crescente";"Céu Claro";"Simples";"Reta";"Não";2;1;0;0;1;0;0;2;-12,27246405;-60,64207431;"SPRF-RO";"DEL04-RO";"UOP01-DEL04-RO"
397492;2021-11-23;"terça-feira";"13:42:00";"SC";470;175;"POUSO REDONDO";"Reação tardia ou ineficiente do condutor";"Colisão transversal";"Com Vítimas Feridas";"Pleno dia";"Crescente";"Céu Claro";"Simples";"Reta";"Sim";4;0;1;0;2;1;1;4;-27,25617;-49,938969;"SPRF-SC";"DEL04-SC";"UOP02-DEL04-SC"
397493;2021-11-23;"terça-feira";"14:15:00";"RS";472;179,2;"SANTO CRISTO";"Ausência de reação do condutor";"Colisão lateral mesmo sentido";"Com Vítimas Feridas";"Pleno dia";"Decrescente";"Sol";"Simples";"Desvio Temporário";"Não";2;0;0;1;1;0;1;2;-27,8502531;-54,54850006;"SPRF-RS";"DEL10-RS";"UOP01-DEL10-RS"
397497;2021-11-23;"terça-feira";"09:55:00";"TO";153;735;"ALVORADA";"Acumulo de óleo sobre o pavimento";"Saída de leito carroçável";"Com Vítimas Feridas";"Pleno dia";"Crescente";"Chuva";"Simples";"Declive";"Não";8;0;3;1;3;1;4;4;-12,253217;-49,15904193;"SPRF-TO";"DEL01-TO";"UOP02-DEL01-TO"
397498;2021-11-23;"terça-feira";"11:00:00";"MA";10;227;"GOVERNADOR EDISON LOBAO";"Ultrapassagem Indevida";"Tombamento";"Com Vítimas Fatais";"Pleno dia";"Crescente";"Céu Claro";"Simples";"Declive";"Não";4;1;0;1;1;1;1;3;-5,727686;-47,359859;"SPRF-MA";"DEL04-MA";"UOP01-DEL04-MA"