"id";"data_inversa";"dia_semana";"horario";"uf";"br";"km";"municipio";"causa_acidente";"tipo_acidente";"classificacao_acidente";"fase_dia";"sentido_via";"condicao_metereologica";"tipo_pista";"tracado_via";"uso_solo";"pessoas";"mortos";"feridos_leves";"feridos_graves";"ilesos";"ignorados";"feridos";"veiculos";"latitude";"longitude";"regional";"delegacia";"uop"
397772;2021-11-25;"quinta-feira";"03:30:00";"PE";101;99;"CABO DE SANTO AGOSTINHO";"Condutor Dormindo";"Colisão frontal";"Com Vítimas Feridas";"Plena Noite";"Crescente";"Céu Claro";"Simples";"Reta";"Sim";2;0;1;0;1;0;1;2;-8,26025316;-35,04629883;"SPRF-PE";"DEL01-PE";"UOP01-DEL01-PE"
397773;2021-11-25;"quinta-feira";"02:30:00";"MG";50;132;"UBERABA";"Deficiência do Sistema de Iluminação/Sinalização";"Colisão traseira";"Com Vítimas Feridas";"Plena Noite";"Decrescente";"Céu Claro";"Dupla";"Reta";"Não";3;0;0;1;1;2;1;4;-19,40768287;-48,07592978;"SPRF-MG";"DEL13-MG";"UOP01-DEL13-MG"
397774;2021-11-24;"quarta-feira";"22:30:00";"SP";153;148;"PROMISSAO";"Ingestão de álcool pelo condutor";"Saída de leito carroçável";"Sem Vítimas";"Plena Noite";"Crescente";"Céu Claro";"Simples";"Reta";"Não";2;0;0;0;1;1;0;2;-21,39944496;-49,78902362;"SPRF-SP";"DEL07-SP";"UOP01-DEL07-SP"
397779;2021-11-24;"quarta-feira";"09:00:00";"MG";116;782;"LEOPOLDINA";"Curva acentuada";"Tombamento";"Com Vítimas Feridas";"Pleno dia";"Decrescente";"Céu Claro";"Simples";"Curva";"Não";2;0;1;0;0;1;1;2;-21,627038;-42,69996898;"SPRF-MG";"DEL07-MG";"UOP01-DEL07-MG"
397781;2021-11-25;"quinta-feira";"01:00:00";"BA";116;852;"VITORIA DA CONQUISTA";"Condutor deixou de manter distância do veículo da frente";"Colisão traseira";"Com Vítimas Feridas";"Plena Noite";"Crescente";"Nublado";"Simples";"Reta";"Não";4;0;0;1;2;2;1;4;-15,00472006;-40,93943486;"SPRF-BA";"DEL08-BA";"UOP01-DEL08-BA"
397782;2021-11-24;"quarta-feira";"12:00:00";"MG";251;474,2;"FRANCISCO SA";"Velocidade Incompatível";"Colisão lateral mesmo sentido";"Com Vítimas Feridas";"Pleno dia";"Crescente";"Céu Claro";"Simples";"Reta";"Não";4;0;1;0;2;2;1;5;-16,47174429;-43,46596604;"SPRF-MG";"DEL12-MG";"UOP01-DEL12-MG"
397790;2021-11-25;"quinta-feira";"08:00:00";"SC";101;208;"SAO JOSE";"Condutor deixou de manter distância do veículo da frente";"Colisão traseira";"Com Vítimas Feridas";"Pleno dia";"Decrescente";"Céu Claro";"Dupla";"Reta";"Não";4;0;1;0;1;2;1;4;-27,60327979;-48,63201818;"SPRF-SC";"DEL01-SC";"UOP01-DEL01-SC"
397792;2021-11-25;"quinta-feira";"08:04:00";"PE";101;73;"RECIFE";"Acessar a via sem observar a presença dos outros veículos";"Colisão transversal";"Com Vítimas Feridas";"Pleno dia";"Decrescente";"Sol";"Dupla";"Reta";"Sim";3;0;2;0;1;0;2;2;-8,093369;-34,947464;"SPRF-PE";"DEL01-PE";"UOP01-DEL01-PE"
397806;2021-11-13;"sábado";"11:30:00";"PR";277;222;"FERNANDES PINHEIRO";"Mal súbito do condutor";"Colisão frontal";"Com Vítimas Feridas";"Pleno dia";"Crescente";"Céu Claro";"Dupla";"Aclive;Reta";"Não";6;0;0;1;4;2;1;7;-25,4686931;-50,39635897;"SPRF-PR";"DEL03-PR";"UOP03-DEL03-PR"
397809;2021-11-06;"sábado";"16:07:00";"SP";116;560,5;"BARRA DO TURVO";"Velocidade Incompatível";"Colisão com objeto";"Com Vítimas Feridas";"Pleno dia";"Crescente";"Céu Claro";"Dupla";"Curva";"Não";2;0;0;1;0;1;1;2;-25,01571198;-48,50929106;"SPRF-SP";"DEL05-SP";"UOP02-DEL05-SP"
397811;2021-11-25;"quinta-feira";"08:30:00";"SP";116;373;"MIRACATU";"Condutor deixou de manter distância do veículo da frente";"Colisão traseira";"Com Vítimas Feridas";"Pleno dia";"Decrescente";"Céu Claro";"Dupla";"Reta";"Não";3;0;1;0;1;3;1;5;-24,17118519;-47,33990085;"SPRF-SP";"DEL04-SP";"UOP02-DEL04-SP"
397814;2021-11-25;"quinta-feira";"06:30:00";"PE";101;45;"ABREU E LIMA";"Reação tardia ou ineficiente do condutor";"Colisão traseira";"Sem Vítimas";"Pleno dia";"Crescente";"Céu Claro";"Múltipla";"Reta";"Sim";3;0;0;0;3;0;0;3;-7,86521297;-34,90715176;"SPRF-PE";"DEL01-PE";"UOP02-DEL01-PE"
397815;2021-11-25;"quinta-feira";"09:45:00";"PE";101;28,4;"IGARASSU";"Manobra de mudança de faixa";"Colisão lateral mesmo sentido";"Com Vítimas Feridas";"Pleno dia";"Decrescente";"Céu Claro";"Dupla";"Reta";"Não";3;0;1;0;2;0;1;2;-7,72056385;-34,94127124;"SPRF-PE";"DEL01-PE";"UOP02-DEL01-PE"
397825;2021-10-09;"sábado";"18:00:00";"BA";101;694;"EUNAPOLIS";"Condutor Dormindo";"Colisão frontal";"Com Vítimas Feridas";"Anoitecer";"Decrescente";"Céu Claro";"Simples";"Reta";"Não";2;0;0;1;1;0;1;2;-16,3679491;-39,58302474;"SPRF-BA";"DEL09-BA";"UOP01-DEL09-BA"
397831;2021-11-25;"quinta-feira";"12:40:00";"MG";381;842;"SAO SEBASTIAO DA BELA VISTA";"Ausência de reação do condutor";"Colisão traseira";"Com Vítimas Feridas";"Pleno dia";"Crescente";"Céu Claro";"Dupla";"Reta";"Não";3;0;1;0;1;1;1;3;-22,21565425;-45,86960261;"SPRF-MG";"DEL16-MG";"UOP01-DEL16-MG"
397835;2021-10-21;"quinta-feira";"06:00:00";"RS";158;281;"JULIO DE CASTILHOS";"Transitar na contramão";"Colisão lateral sentido oposto";"Com Vítimas Feridas";"Amanhecer";"Crescente";"Nevoeiro/Neblina";"Simples";"Declive";"Não";7;0;3;1;2;2;4;4;-29,38846904;-53,66965144;"SPRF-RS";"DEL09-RS";"UOP01-DEL09-RS"
397837;2021-11-25;"quinta-feira";"12:35:00";"MS";163;552;"BANDEIRANTES";"Afundamento ou ondulação no pavimento";"Colisão frontal";"Com Vítimas Fatais";"Pleno dia";"Crescente";"Céu Claro";"Simples";"Declive";"Não";5;1;0;0;3;5;0;8;-19,89097297;-54,37395156;"SPRF-MS";"DEL01-MS";"UOP02-DEL01-MS"
397838;2021-11-25;"quinta-feira";"13:00:00";"PI";343;141,4;"PIRACURUCA";"Acessar a via sem observar a presença dos outros veículos";"Colisão transversal";"Sem Vítimas";"Pleno dia";"Crescente";"Céu Claro";"Simples";"Reta";"Sim";1;0;0;0;1;0;0;1;-3,929562;-41,713806;"SPRF-PI";"DEL02-PI";"UOP01-DEL02-PI"
397839;2021-11-25;"quinta-feira";"12:30:00";"PR";376;291,2;"MAUA DA SERRA";"Área urbana sem a presença de local apropriado para a travessia de pedestres";"Atropelamento de Pedestre";"Com Vítimas Feridas";"Pleno dia";"Crescente";"Céu Claro";"Dupla";"Reta";"Sim";2;0;1;0;1;0;1;2;-23,907572;-51,192665;"SPRF-PR";"DEL07-PR";"UOP02-DEL07-PR"
397840;2021-11-25;"quinta-feira";"10:20:00";"PB";230;81;"BAYEUX";"Condutor deixou de manter distância do veículo da frente";"Colisão frontal";"Com Vítimas Feridas";"Pleno dia";"Crescente";"Céu Claro";"Dupla";"Reta";"Não";3;0;1;0;2;0;1;2;-7,14096341;-34,92177006;"SPRF-PB";"DEL01-PB";"UOP03-DEL01-PB"
397843;2021-11-25;"quinta-feira";"13:50:00";"RS";386;236,5;"SOLEDADE";"Condutor usando celular";"Engavetamento";"Sem Vítimas";"Pleno dia";"Crescente";"Nublado";"Simples";"Reta";"Não";6;0;0;0;6;0;0;3;-28,738714;-52,553207;"SPRF-RS";"DEL04-RS";"UOP03-DEL04-RS"
397852;2021-11-25;"quinta-feira";"13:20:00";"GO";60;330,5;"ACREUNA";"Manobra de mudança de faixa";"Colisão traseira";"Com Vítimas Feridas";"Pleno dia";"Crescente";"Céu Claro";"Dupla";"Reta";"Não";3;0;2;0;1;0;2;2;-17,5538;-50,5192;"SPRF-GO";"DEL04-GO";"UOP01-DEL04-GO"
397853;2021-11-25;"quinta-feira";"15:30:00";"ES";101;294,2;"CARIACICA";"Acessar a via sem observar a presença dos outros veículos";"Colisão transversal";"Com Vítimas Feridas";"Pleno dia";"Crescente";"Céu Claro";"Dupla";"Reta;Declive";"Sim";3;0;1;0;1;1;1;3;-20,32415948;-40,3952903;"SPRF-ES";"DEL01-ES";"UOP01-DEL01-ES"
397858;2021-11-25;"quinta-feira";"15:30:00";"MG";381;454;"BELO HORIZONTE";"Condutor deixou de manter distância do veículo da frente";"Colisão traseira";"Com Vítimas Feridas";"Pleno dia";"Crescente";"Céu Claro";"Simples";"Ponte";"Sim";3;0;0;1;2;0;1;2;-19,85593827;-43,89662047;"SPRF-MG";"DEL01-MG";"UOP01-DEL01-MG"
397859;2021-11-25;"quinta-feira";"12:40:00";"PE";104;23,8;"TAQUARITINGA DO NORTE";"Velocidade Incompatível";"Saída de leito carroçável";"Sem Vítimas";"Pleno dia";"Decrescente";"Sol";"Simples";"Declive;Curva";"Não";1;0;0;0;1;0;0;1;-7,97182;-36,109932;"SPRF-PE";"DEL02-PE";"UOP01-DEL02-PE"
397862;2021-11-25;"quinta-feira";"14:50:00";"RO";364;424;"JARU";"Pedestre andava na pista";"Atropelamento de Pedestre";"Com Vítimas Feridas";"Pleno dia";"Decrescente";"Céu Claro";"Simples";"Reta";"Não";2;0;0;1;0;1;1;2;-10,44457274;-62,46568412;"SPRF-RO";"DEL03-RO";"UOP02-DEL03-RO"
397865;2021-11-18;"quinta-feira";"13:46:00";"MA";135;10;"SAO LUIS";"Reação tardia ou ineficiente do condutor";"Colisão lateral mesmo sentido";"Com Vítimas Feridas";"Pleno dia";"Decrescente";"Chuva";"Dupla";"Declive";"Sim";3;0;1;0;1;3;1;5;-2,596466;-44,328669;"SPRF-MA";"DEL01-MA";"UOP01-DEL01-MA"
397869;2021-11-25;"quinta-feira";"14:10:00";"RS";392;242,1;"CACAPAVA DO SUL";"Velocidade Incompatível";"Saída de leito carroçável";"Com Vítimas Feridas";"Pleno dia";"Crescente";"Chuva";"Simples";"Reta";"Não";2;0;1;0;0;1;1;2;-30,59768299;-53,37406499;"SPRF-RS";"DEL09-RS";"UOP02-DEL09-RS"
397871;2021-11-25;"quinta-feira";"15:40:00";"GO";50;273;"CATALAO";"Velocidade Incompatível";"Tombamento";"Com Vítimas Feridas";"Pleno dia";"Crescente";"Céu Claro";"Simples";"Viaduto";"Sim";2;0;1;0;0;3;1;4;-18,1302;-47,9047;"SPRF-GO";"DEL06-GO";"UOP01-DEL06-GO"
397874;2021-10-26;"terça-feira";"11:00:00";"RS";101;46,2;"TERRA DE AREIA";"Reação tardia ou ineficiente do condutor";"Engavetamento";"Com Vítimas Feridas";"Pleno dia";"Crescente";"Céu Claro";"Dupla";"Viaduto";"Sim";6;0;0;1;4;4;1;9;-29,57664003;-50,06327396;"SPRF-RS";"DEL03-RS";"UOP02-DEL03-RS"
397882;2021-11-25;"quinta-feira";"17:15:00";"RJ";116;201;"SEROPEDICA";"Condutor deixou de manter distância do veículo da frente";"Colisão lateral mesmo sentido";"Com Vítimas Feridas";"Pleno dia";"Crescente";"Céu Claro";"Dupla";"Reta";"Não";3;0;2;0;0;1;2;2;-22,73124742;-43,60364806;"SPRF-RJ";"DEL01-RJ";"UOP03-DEL01-RJ"
397890;2021-11-25;"quinta-feira";"17:10:00";"SC";470;236;"SAO CRISTOVAO DO SUL";"Velocidade Incompatível";"Saída de leito carroçável";"Com Vítimas Fatais";"Pleno dia";"Decrescente";"Chuva";"Simples";"Reta";"Não";3;1;0;0;1;3;0;5;-27,30311549;-50,45254653;"SPRF-SC";"DEL05-SC";"UOP03-DEL05-SC"
397896;2021-11-25;"quinta-feira";"13:30:00";"PR";476;219,5;"LAPA";"Transitar na contramão";"Colisão frontal";"Com Vítimas Fatais";"Pleno dia";"Decrescente";"Sol";"Simples";"Curva";"Não";4;1;2;0;0;1;2;3;-25,817854;-49,911182;"SPRF-PR";"DEL02-PR";"UOP04-DEL02-PR"
397898;2021-11-25;"quinta-feira";"16:15:00";"PR";476;242;"LAPA";"Condutor Dormindo";"Saída de leito carroçável";"Com Vítimas Feridas";"Pleno dia";"Decrescente";"Céu Claro";"Simples";"Curva";"Não";2;0;1;0;0;1;1;2;-25,858768;-50,08609;"SPRF-PR";"DEL02-PR";"UOP04-DEL02-PR"
397901;2021-11-25;"quinta-feira";"19:50:00";"MG";381;762;"CAMPANHA";"Reação tardia ou ineficiente do condutor";"Saída de leito carroçável";"Com Vítimas Feridas";"Plena Noite";"Decrescente";"Céu Claro";"Dupla";"Reta";"Não";2;0;1;0;1;0;1;1;-21,74008678;-45,38580253;"SPRF-MG";"DEL16-MG";"UOP02-DEL16-MG"
397904;2021-11-25;"quinta-feira";"21:00:00";"SP";116;225;"GUARULHOS";"Pedestre andava na pista";"Atropelamento de Pedestre";"Com Vítimas Feridas";"Plena Noite";"Decrescente";"Céu Claro";"Múltipla";"Reta";"Sim";3;0;0;1;1;1;1;3;-23,48586772;-46,54075317;"SPRF-SP";"DEL01-SP";"UOP01-DEL01-SP"
397908;2021-11-25;"quinta-feira";"11:20:00";"PE";232;532;"SALGUEIRO";"Mal súbito do condutor";"Colisão com objeto";"Sem Vítimas";"Pleno dia";"Crescente";"Céu Claro";"Simples";"Reta";"Não";4;0;0;0;3;2;0;3;-8,07751073;-39,33189201;"SPRF-PE";"DEL05-PE";"UOP01-DEL05-PE"
397910;2021-11-25;"quinta-feira";"23:00:00";"SE";101;39,7;"CAPELA";"Chuva";"Colisão com objeto";"Com Vítimas Feridas";"Plena Noite";"Crescente";"Chuva";"Dupla";"Reta";"Não";3;0;3;0;0;0;3;1;-10,517972;-36,950147;"SPRF-SE";"DEL02-SE";"UOP02-DEL02-SE"
397913;2021-11-16;"terça-feira";"18:30:00";"MT";364;204;"RONDONOPOLIS";"Manobra de mudança de faixa";"Colisão lateral mesmo sentido";"Sem Vítimas";"Pleno dia";"Crescente";"Céu Claro";"Dupla";"Rotatória";"Sim";4;0;0;0;3;3;0;6;-16,467325;-54,657196;"SPRF-MT";"DEL02-MT";"UOP01-DEL02-MT"
397915;2021-11-25;"quinta-feira";"23:00:00";"MG";381;509;"SAO JOAQUIM DE BICAS";"Ausência de reação do condutor";"Colisão com objeto";"Com Vítimas Feridas";"Plena Noite";"Crescente";"Céu Claro";"Simples";"Reta";"Sim";3;0;1;0;1;1;1;3;-20,07008;-44,298819;"SPRF-MG";"DEL01-MG";"UOP03-DEL01-MG"
397916;2021-11-25;"quinta-feira";"22:40:00";"PR";376;178;"MARINGA";"Reação tardia ou ineficiente do condutor";"Queda de ocupante de veículo";"Com Vítimas Feridas";"Plena Noite";"Crescente";"Céu Claro";"Múltipla";"Reta";"Sim";2;0;1;0;1;0;1;1;-23,41639831;-51,92154229;"SPRF-PR";"DEL09-PR";"UOP01-DEL09-PR"
397919;2021-11-25;"quinta-feira";"21:00:00";"MS";158;81,9;"PARANAIBA";"Ultrapassagem Indevida";"Tombamento";"Com Vítimas Feridas";"Plena Noite";"Crescente";"Céu Claro";"Simples";"Aclive;Reta";"Não";2;0;1;0;0;2;1;3;-19,57253109;-51,23791112;"SPRF-MS";"DEL08-MS";"UOP01-DEL08-MS"
397922;2021-11-26;"sexta-feira";"00:30:00";"SP";116;284;"EMBU DAS ARTES";"Ausência de reação do condutor";"Colisão traseira";"Com Vítimas Feridas";"Plena Noite";"Crescente";"Nublado";"Dupla";"Reta";"Sim";3;0;1;0;1;1;1;3;-23,69998;-46,867767;"SPRF-SP";"DEL04-SP";"UOP01-DEL04-SP"
397924;2021-11-25;"quinta-feira";"23:00:00";"RJ";116;278;"BARRA MANSA";"Ultrapassagem Indevida";"Colisão traseira";"Com Vítimas Feridas";"Plena Noite";"Decrescente";"Céu Claro";"Dupla";"Reta";"Não";2;0;1;0;1;0;1;2;-22,55271018;-44,17778004;"SPRF-RJ";"DEL07-RJ";"UOP02-DEL07-RJ"
397925;2021-11-26;"sexta-feira";"01:10:00";"SC";101;34;"JOINVILLE";"Chuva";"Atropelamento de Pedestre";"Com Vítimas Feridas";"Plena Noite";"Crescente";"Garoa/Chuvisco";"Dupla";"Reta";"Não";2;0;0;1;1;0;1;2;-26,23667403;-48,91486706;"SPRF-SC";"DEL03-SC";"UOP01-DEL03-SC"
397928;2021-11-25;"quinta-feira";"23:30:00";"MA";316;502,7;"CODO";"Mal súbito do condutor";"Saída de leito carroçável";"Com Vítimas Feridas";"Plena Noite";"Crescente";"Céu Claro";"Simples";"Reta";"Não";1;0;1;0;0;0;1;1;-4,717257;-43,74733;"SPRF-MA";"DEL03-MA";"UOP02-DEL03-MA"
397934;2021-11-26;"sexta-feira";"04:35:00";"SP";116;363,8;"MIRACATU";"Velocidade Incompatível";"Colisão com objeto";"Com Vítimas Feridas";"Plena Noite";"Crescente";"Chuva";"Dupla";"Curva";"Não";4;0;1;0;0;3;1;3;-24,13038097;-47,27114281;"SPRF-SP";"DEL04-SP";"UOP02-DEL04-SP"
397936;2021-11-26;"sexta-feira";"04:20:00";"RS";153;20,5;"SEVERIANO DE ALMEIDA";"Velocidade Incompatível";"Tombamento";"Com Vítimas Feridas";"Plena Noite";"Crescente";"Nublado";"Simples";"Curva";"Não";2;0;1;0;0;1;1;2;-27,46608;-52,10369;"SPRF-RS";"DEL08-RS";"UOP04-DEL08-RS"
397938;2021-11-26;"sexta-feira";"05:50:00";"RS";116;394,1;"CAMAQUA";"Condutor Dormindo";"Saída de leito carroçável";"Com Vítimas Feridas";"Amanhecer";"Crescente";"Nublado";"Simples";"Reta";"Sim";3;0;2;0;0;1;2;2;-30,84497914;-51,75687894;"SPRF-RS";"DEL02-RS";"UOP02-DEL02-RS"
397946;2021-11-26;"sexta-feira";"03:45:00";"RN";304;240,7;"RIACHUELO";"Condutor deixou de manter distância do veículo da frente";"Saída de leito carroçável";"Com Vítimas Feridas";"Amanhecer";"Crescente";"Céu Claro";"Simples";"Aclive;Curva";"Não";4;0;0;1;2;1;1;4;-5,80047423;-35,83592218;"SPRF-RN";"DEL01-RN";"UOP02-DEL01-RN"
397949;2021-11-25;"quinta-feira";"19:25:00";"MT";364;485;"JANGADA";"Acostamento em desnível";"Tombamento";"Com Vítimas Feridas";"Plena Noite";"Crescente";"Céu Claro";"Simples";"Reta";"Não";1;0;1;0;0;0;1;1;-15,36640171;-56,40847758;"SPRF-MT";"DEL01-MT";"UOP02-DEL01-MT"
397950;2021-11-26;"sexta-feira";"07:05:00";"MG";381;853;"POUSO ALEGRE";"Ausência de reação do condutor";"Colisão traseira";"Com Vítimas Feridas";"Pleno dia";"Crescente";"Sol";"Dupla";"Reta";"Não";3;0;2;0;1;0;2;2;-22,30499294;-45,90167524;"SPRF-MG";"DEL16-MG";"UOP01-DEL16-MG"
397958;2021-06-16;"quarta-feira";"20:20:00";"RN";226;46;"BOM JESUS";"Reação tardia ou ineficiente do condutor";"Colisão frontal";"Com Vítimas Feridas";"Plena Noite";"Crescente";"Céu Claro";"Simples";"Curva";"Não";3;0;0;1;1;1;1;3;-5,97173176;-35,57306638;"SPRF-RN";"DEL03-RN";"UOP02-DEL03-RN"
397960;2021-11-18;"quinta-feira";"04:30:00";"SE";101;22;"MALHADA DOS BOIS";"Condutor Dormindo";"Saída de leito carroçável";"Com Vítimas Feridas";"Amanhecer";"Crescente";"Céu Claro";"Dupla";"Desvio Temporário";"Não";2;0;1;0;0;1;1;2;-10,37817499;-36,91419305;"SPRF-SE";"DEL02-SE";"UOP02-DEL02-SE"
397961;2021-11-26;"sexta-feira";"08:00:00";"PR";116;33;"CAMPINA GRANDE DO SUL";"Chuva";"Saída de leito carroçável";"Com Vítimas Feridas";"Pleno dia";"Decrescente";"Chuva";"Dupla";"Declive";"Não";2;0;1;0;0;1;1;2;-25,1068163;-48,8493208;"SPRF-PR";"DEL01-PR";"UOP02-DEL01-PR"
397964;2021-11-26;"sexta-feira";"08:55:00";"CE";116;19;"EUSEBIO";"Conversão proibida";"Colisão traseira";"Com Vítimas Feridas";"Pleno dia";"Decrescente";"Céu Claro";"Dupla";"Reta";"Não";5;0;1;1;2;1;2;4;-3,92415456;-38,50759506;"SPRF-CE";"DEL01-CE";"UOP02-DEL01-CE"
397966;2021-11-26;"sexta-feira";"07:20:00";"CE";20;410;"CAUCAIA";"Objeto estático sobre o leito carroçável";"Colisão com objeto";"Com Vítimas Feridas";"Pleno dia";"Decrescente";"Céu Claro";"Dupla";"Reta";"Não";1;0;1;0;0;0;1;1;-3,76999035;-38,67006282;"SPRF-CE";"DEL01-CE";"UOP01-DEL01-CE"
397967;2021-11-26;"sexta-feira";"07:50:00";"PB";230;24,6;"JOAO PESSOA";"Ingestão de álcool pelo condutor";"Engavetamento";"Sem Vítimas";"Pleno dia";"Decrescente";"Sol";"Múltipla";"Reta";"Sim";5;0;0;0;3;3;0;6;-7,17039537;-34,87164494;"SPRF-PB";"DEL01-PB";"UOP01-DEL01-PB"
397976;2021-11-26;"sexta-feira";"04:00:00";"MT";364;198,1;"RONDONOPOLIS";"Problema com o freio";"Saída de leito carroçável";"Sem Vítimas";"Amanhecer";"Decrescente";"Nublado";"Dupla";"Curva";"Sim";1;0;0;0;1;0;0;1;-16,50621198;-54,62294799;"SPRF-MT";"DEL02-MT";"UOP01-DEL02-MT"
397990;2021-11-26;"sexta-feira";"09:50:00";"PR";116;107,2;"SAO JOSE DOS PINHAIS";"Condutor deixou de manter distância do veículo da frente";"Engavetamento";"Com Vítimas Feridas";"Pleno dia";"Crescente";"Céu Claro";"Dupla";"Reta";"Sim";5;0;1;0;4;0;1;4;-25,56989668;-49,18778205;"SPRF-PR";"DEL01-PR";"UOP01-DEL01-PR"
397999;2021-11-26;"sexta-feira";"08:00:00";"RO";364;685;"CANDEIAS DO JAMARI";"Demais falhas mecânicas ou elétricas";"Saída de leito carroçável";"Com Vítimas Feridas";"Pleno dia";"Crescente";"Céu Claro";"Simples";"Reta";"Não";3;0;3;0;0;0;3;1;-8,79042187;-63,63452911;"SPRF-RO";"DEL01-RO";"UOP01-DEL01-RO"
398003;2021-11-26;"sexta-feira";"09:30:00";"MS";262;268,5;"RIBAS DO RIO PARDO";"Demais falhas mecânicas ou elétricas";"Eventos atípicos";"Com Vítimas Fatais";"Pleno dia";"Crescente";"Céu Claro";"Simples";"Reta;Aclive";"Não";6;1;1;0;3;3;1;5;-20,4408952;-54,00458193;"SPRF-MS";"DEL01-MS";"UOP01-DEL01-MS"
398005;2021-11-26;"sexta-feira";"11:40:00";"SP";116;174;"JACAREI";"Ausência de reação do condutor";"Colisão traseira";"Com Vítimas Feridas";"Pleno dia";"Decrescente";"Garoa/Chuvisco";"Dupla";"Reta";"Não";2;0;1;0;1;0;1;2;-23,32057287;-46,09074403;"SPRF-SP";"DEL02-SP";"UOP01-DEL02-SP"
398006;2021-11-26;"sexta-feira";"12:00:00";"SC";101;197;"BIGUACU";"Manobra de mudança de faixa";"Colisão lateral mesmo sentido";"Com Vítimas Feridas";"Pleno dia";"Crescente";"Nublado";"Múltipla";"Reta";"Sim";4;0;1;0;2;1;1;4;-27,52658712;-48,63506019;"SPRF-SC";"DEL01-SC";"UOP01-DEL01-SC"
398010;2021-11-26;"sexta-feira";"10:30:00";"MG";381;940,7;"EXTREMA";"Condutor Dormindo";"Saída de leito carroçável";"Com Vítimas Feridas";"Pleno dia";"Decrescente";"Chuva";"Dupla";"Curva";"Sim";1;0;0;1;0;0;1;1;-22,85421396;-46,33740277;"SPRF-MG";"DEL16-MG";"UOP03-DEL16-MG"
398011;2021-11-26;"sexta-feira";"09:30:00";"RJ";356;75;"ITALVA";"Acessar a via sem observar a presença dos outros veículos";"Colisão lateral mesmo sentido";"Com Vítimas Feridas";"Pleno dia";"Decrescente";"Céu Claro";"Simples";"Reta";"Sim";3;0;1;0;1;2;1;4;-21,42140416;-41,69075621;"SPRF-RJ";"DEL08-RJ";"UOP03-DEL08-RJ"
398015;2021-11-26;"sexta-feira";"11:55:00";"SC";282;501;"XANXERE";"Condutor deixou de manter distância do veículo da frente";"Colisão traseira";"Com Vítimas Feridas";"Pleno dia";"Decrescente";"Céu Claro";"Dupla";"Curva";"Sim";2;0;1;0;1;0;1;2;-26,882715;-52,381729;"SPRF-SC";"DEL07-SC";"UOP01-DEL07-SC"
398018;2021-10-02;"sábado";"11:15:00";"PA";10;20,3;"DOM ELISEU";"Ingestão de álcool pelo condutor";"Colisão traseira";"Com Vítimas Feridas";"Pleno dia";"Decrescente";"Céu Claro";"Simples";"Aclive";"Não";4;0;3;0;1;0;3;2;-4,27528701;-47,5594881;"SPRF-PA";"DEL02-PA";"UOP02-DEL02-PA"
398020;2021-11-26;"sexta-feira";"12:28:00";"SP";116;23,4;"LAVRINHAS";"Acumulo de água sobre o pavimento";"Saída de leito carroçável";"Com Vítimas Fatais";"Pleno dia";"Decrescente";"Chuva";"Dupla";"Declive";"Não";3;2;0;1;0;0;1;1;-22,59259684;-44,88614559;"SPRF-SP";"DEL08-SP";"UOP02-DEL08-SP"
398022;2021-11-26;"sexta-feira";"12:35:00";"SP";116;23,5;"LAVRINHAS";"Reação tardia ou ineficiente do condutor";"Colisão traseira";"Com Vítimas Feridas";"Pleno dia";"Decrescente";"Chuva";"Dupla";"Curva";"Não";4;0;1;1;1;1;2;3;-22,58978112;-44,88535587;"SPRF-SP";"DEL08-SP";"UOP02-DEL08-SP"
398023;2021-11-26;"sexta-feira";"14:00:00";"RN";304;65,2;"MOSSORO";"Ausência de reação do condutor";"Colisão lateral sentido oposto";"Com Vítimas Feridas";"Pleno dia";"Decrescente";"Sol";"Simples";"Reta";"Não";4;0;1;0;2;1;1;4;-5,36286402;-37,24770904;"SPRF-RN";"DEL04-RN";"UOP01-DEL04-RN"
398028;2021-11-26;"sexta-feira";"14:00:00";"CE";222;119,4;"ITAPAJE";"Velocidade Incompatível";"Colisão com objeto";"Com Vítimas Fatais";"Pleno dia";"Decrescente";"Céu Claro";"Simples";"Reta";"Não";2;1;0;0;0;2;0;3;-3,72231305;-39,5617951;"SPRF-CE";"DEL04-CE";"UOP03-DEL04-CE"
398030;2021-11-26;"sexta-feira";"12:30:00";"MT";163;1028;"PEIXOTO DE AZEVEDO";"Ultrapassagem Indevida";"Colisão lateral mesmo sentido";"Com Vítimas Feridas";"Pleno dia";"Crescente";"Céu Claro";"Simples";"Reta";"Sim";4;0;0;1;3;0;1;2;-10,2578538;-55,0000385;"SPRF-MT";"DEL06-MT";"NPF/DEL06-MT"
398031;2021-11-26;"sexta-feira";"15:15:00";"PR";376;634;"SAO JOSE DOS PINHAIS";"Reação tardia ou ineficiente do condutor";"Colisão traseira";"Com Vítimas Fatais";"Pleno dia";"Crescente";"Céu Claro";"Dupla";"Reta";"Não";8;1;0;0;5;2;0;5;-25,73029716;-49,13356446;"SPRF-PR";"DEL01-PR";"UOP04-DEL01-PR"
398032;2021-11-26;"sexta-feira";"13:30:00";"MA";135;25,3;"BACABEIRA";"Condutor deixou de manter distância do veículo da frente";"Engavetamento";"Sem Vítimas";"Pleno dia";"Decrescente";"Nublado";"Simples";"Reta";"Não";6;0;0;0;5;1;0;4;-2,76507971;-44,36187655;"SPRF-MA";"DEL01-MA";"UOP01-DEL01-MA"