"id";"data_inversa";"dia_semana";"horario";"uf";"br";"km";"municipio";"causa_acidente";"tipo_acidente";"classificacao_acidente";"fase_dia";"sentido_via";"condicao_metereologica";"tipo_pista";"tracado_via";"uso_solo";"pessoas";"mortos";"feridos_leves";"feridos_graves";"ilesos";"ignorados";"feridos";"veiculos";"latitude";"longitude";"regional";"delegacia";"uop"
398741;2021-11-29;"segunda-feira";"10:20:00";"PR";376;501;"PONTA GROSSA";"Ausência de reação do condutor";"Colisão traseira";"Com Vítimas Feridas";"Pleno dia";"Decrescente";"Céu Claro";"Dupla";"Reta";"Sim";3;0;1;0;1;1;1;3;-25,20894789;-50,06444688;"SPRF-PR";"DEL03-PR";"UOP01-DEL03-PR"
398744;2021-11-29;"segunda-feira";"18:50:00";"MA";10;249;"IMPERATRIZ";"Condutor deixou de manter distância do veículo da frente";"Colisão traseira";"Com Vítimas Feridas";"Plena Noite";"Decrescente";"Chuva";"Simples";"Reta";"Não";5;0;1;0;3;1;1;4;-5,558508;-47,45417;"SPRF-MA";"DEL04-MA";"UOP01-DEL04-MA"
398746;2021-11-29;"segunda-feira";"09:20:00";"MG";251;473;"FRANCISCO SA";"Pista Escorregadia";"Colisão frontal";"Com Vítimas Feridas";"Pleno dia";"Crescente";"Chuva";"Simples";"Curva";"Não";5;0;2;0;2;3;2;6;-16,47012768;-43,44753404;"SPRF-MG";"DEL12-MG";"UOP01-DEL12-MG"
398752;2021-11-29;"segunda-feira";"09:10:00";"MG";459;74,5;"SENADOR JOSE BENTO";"Velocidade Incompatível";"Tombamento";"Com Vítimas Fatais";"Pleno dia";"Decrescente";"Céu Claro";"Simples";"Curva";"Não";2;1;0;0;0;1;0;2;-22,14938088;-46,12923145;"SPRF-MG";"DEL09-MG";"UOP01-DEL09-MG"
398753;2021-11-29;"segunda-feira";"22:10:00";"MG";40;458,6;"CAETANOPOLIS";"Condutor Dormindo";"Colisão traseira";"Com Vítimas Fatais";"Plena Noite";"Crescente";"Nublado";"Dupla";"Aclive;Reta";"Sim";2;1;0;0;1;0;0;2;-19,38481;-44,33668;"SPRF-MG";"DEL02-MG";"UOP01-DEL02-MG"
398757;2021-11-29;"segunda-feira";"17:35:00";"RJ";40;93;"PETROPOLIS";"Avarias e/ou desgaste excessivo no pneu";"Incêndio";"Sem Vítimas";"Pleno dia";"Crescente";"Céu Claro";"Dupla";"Reta";"Não";2;0;0;0;1;1;0;2;-22,5554282;-43,25829998;"SPRF-RJ";"DEL06-RJ";"UOP01-DEL06-RJ"
398763;2021-11-29;"segunda-feira";"22:30:00";"SC";470;248,3;"CURITIBANOS";"Ingestão de álcool pelo condutor";"Colisão frontal";"Com Vítimas Feridas";"Plena Noite";"Crescente";"Céu Claro";"Simples";"Reta";"Sim";4;0;1;1;1;1;2;3;-27,314163;-50,550713;"SPRF-SC";"DEL05-SC";"UOP03-DEL05-SC"
398769;2021-11-29;"segunda-feira";"20:40:00";"MG";116;322;"ITAMBACURI";"Ingestão de álcool pelo condutor";"Colisão frontal";"Com Vítimas Feridas";"Plena Noite";"Decrescente";"Ignorado";"Simples";"Reta";"Não";2;0;1;0;1;0;1;2;-18,1723389;-41,70617231;"SPRF-MG";"DEL11-MG";"UOP01-DEL11-MG"
398771;2021-11-29;"segunda-feira";"15:50:00";"MT";174;199;"PORTO ESPERIDIAO";"Acostamento em desnível";"Tombamento";"Com Vítimas Feridas";"Pleno dia";"Decrescente";"Sol";"Simples";"Reta";"Não";2;0;0;1;0;1;1;2;-15,72298392;-58,69379088;"SPRF-MT";"DEL03-MT";"UOP01-DEL03-MT"
398772;2021-11-29;"segunda-feira";"23:00:00";"RR";174;369;"CARACARAI";"Ausência de sinalização";"Colisão traseira";"Com Vítimas Fatais";"Plena Noite";"Decrescente";"Céu Claro";"Simples";"Curva";"Não";3;1;0;0;0;2;0;3;1,84012;-61,118443;"SPRF-RR";"DEL01-RR";"UOP01-DEL01-RR"
398773;2021-11-30;"terça-feira";"03:00:00";"BA";116;442;"ANTONIO CARDOSO";"Velocidade Incompatível";"Saída de leito carroçável";"Com Vítimas Feridas";"Plena Noite";"Crescente";"Céu Claro";"Dupla";"Curva";"Não";2;0;1;1;0;0;2;1;-12,33676101;-39,07328599;"SPRF-BA";"DEL02-BA";"UOP01-DEL02-BA"
398774;2021-11-30;"terça-feira";"03:36:00";"MG";381;830,6;"SAO SEBASTIAO DA BELA VISTA";"Frear bruscamente";"Tombamento";"Com Vítimas Feridas";"Plena Noite";"Crescente";"Chuva";"Dupla";"Reta";"Não";3;0;1;0;1;1;1;2;-22,13939205;-45,81344194;"SPRF-MG";"DEL16-MG";"UOP01-DEL16-MG"
398776;2021-11-30;"terça-feira";"02:15:00";"BA";242;374;"PALMEIRAS";"Ausência de reação do condutor";"Colisão traseira";"Com Vítimas Feridas";"Plena Noite";"Decrescente";"Nublado";"Simples";"Reta";"Não";3;0;1;0;1;2;1;4;-12,43899416;-41,48599029;"SPRF-BA";"DEL06-BA";"UOP01-DEL06-BA"
398777;2021-11-30;"terça-feira";"04:53:00";"MG";40;614,2;"CONGONHAS";"Acessar a via sem observar a presença dos outros veículos";"Colisão transversal";"Com Vítimas Fatais";"Amanhecer";"Crescente";"Céu Claro";"Simples";"Curva";"Não";3;1;1;1;0;0;2;3;-20,52977973;-43,82351464;"SPRF-MG";"DEL05-MG";"UOP02-DEL05-MG"
398789;2021-11-30;"terça-feira";"05:45:00";"MS";158;97;"PARANAIBA";"Acessar a via sem observar a presença dos outros veículos";"Colisão lateral mesmo sentido";"Com Vítimas Feridas";"Amanhecer";"Crescente";"Chuva";"Dupla";"Rotatória";"Sim";3;0;1;0;1;3;1;5;-19,69627676;-51,17701292;"SPRF-MS";"DEL08-MS";"UOP01-DEL08-MS"
398793;2021-11-30;"terça-feira";"05:50:00";"MG";262;507;"LUZ";"Manobra de mudança de faixa";"Colisão frontal";"Com Vítimas Fatais";"Amanhecer";"Decrescente";"Céu Claro";"Simples";"Reta";"Não";3;1;0;0;1;1;0;3;-19,77094234;-45,50125102;"SPRF-MG";"DEL08-MG";"UOP03-DEL08-MG"
398802;2021-11-30;"terça-feira";"09:40:00";"ES";101;146;"LINHARES";"Condutor desrespeitou a iluminação vermelha do semáforo";"Colisão transversal";"Com Vítimas Feridas";"Pleno dia";"Crescente";"Céu Claro";"Simples";"Reta";"Sim";2;0;1;0;1;0;1;2;-19,36990998;-40,06560718;"SPRF-ES";"DEL04-ES";"UOP01-DEL04-ES"
398807;2021-11-30;"terça-feira";"09:00:00";"GO";50;111;"CRISTALINA";"Condutor Dormindo";"Colisão traseira";"Com Vítimas Feridas";"Pleno dia";"Decrescente";"Céu Claro";"Dupla";"Reta";"Não";2;0;0;1;1;0;1;2;-16,9309;-47,7117;"SPRF-DF";"DEL01-DF";"UOP02-DEL01-DF"
398808;2021-11-21;"domingo";"09:30:00";"RS";116;653,8;"JAGUARAO";"Acessar a via sem observar a presença dos outros veículos";"Colisão transversal";"Com Vítimas Feridas";"Pleno dia";"Crescente";"Céu Claro";"Simples";"Declive;Reta";"Sim";3;0;1;0;2;0;1;3;-32,54174763;-53,36736825;"SPRF-RS";"DEL07-RS";"UOP03-DEL07-RS"
398812;2021-11-30;"terça-feira";"11:20:00";"PR";376;667;"GUARATUBA";"Problema com o freio";"Colisão traseira";"Sem Vítimas";"Pleno dia";"Crescente";"Sol";"Múltipla";"Reta;Declive";"Não";3;0;0;0;2;1;0;3;-25,86649659;-48,94666822;"SPRF-PR";"DEL01-PR";"UOP04-DEL01-PR"
398814;2021-11-30;"terça-feira";"10:30:00";"AL";104;1;"SAO JOSE DA LAJE";"Condutor Dormindo";"Saída de leito carroçável";"Sem Vítimas";"Pleno dia";"Crescente";"Céu Claro";"Simples";"Reta";"Não";1;0;0;0;1;0;0;1;-8,90844615;-36,01877144;"SPRF-AL";"DEL01-AL";"UOP02-DEL01-AL"
398816;2021-11-30;"terça-feira";"11:50:00";"MG";262;51;"MANHUACU";"Objeto estático sobre o leito carroçável";"Colisão com objeto";"Com Vítimas Feridas";"Pleno dia";"Decrescente";"Céu Claro";"Simples";"Reta";"Não";3;0;1;0;1;2;1;4;-20,24788425;-42,14549605;"SPRF-MG";"DEL06-MG";"UOP03-DEL06-MG"
398826;2021-11-30;"terça-feira";"12:20:00";"PR";163;332;"GUAIRA";"Demais falhas mecânicas ou elétricas";"Colisão com objeto";"Sem Vítimas";"Pleno dia";"Crescente";"Céu Claro";"Simples";"Curva";"Não";4;0;0;0;4;0;0;2;-24,25557276;-54,19821739;"SPRF-PR";"DEL06-PR";"UOP01-DEL06-PR"
398827;2021-11-30;"terça-feira";"12:00:00";"GO";364;198;"JATAI";"Acostamento em desnível";"Tombamento";"Com Vítimas Feridas";"Pleno dia";"Decrescente";"Céu Claro";"Dupla";"Retorno Regulamentado";"Não";2;0;1;0;0;1;1;2;-17,920603;-51,739265;"SPRF-GO";"DEL05-GO";"UOP01-DEL05-GO"
398833;2021-11-30;"terça-feira";"13:30:00";"PR";373;199,8;"IPIRANGA";"Desrespeitar a preferência no cruzamento";"Colisão transversal";"Com Vítimas Feridas";"Pleno dia";"Decrescente";"Céu Claro";"Simples";"Reta";"Não";5;0;0;1;3;3;1;5;-25,08427259;-50,40849951;"SPRF-PR";"DEL03-PR";"UOP01-DEL03-PR"
398836;2021-11-30;"terça-feira";"12:38:00";"PR";277;667,2;"MEDIANEIRA";"Demais falhas mecânicas ou elétricas";"Queda de ocupante de veículo";"Com Vítimas Feridas";"Pleno dia";"Decrescente";"Sol";"Dupla";"Reta";"Sim";3;0;1;0;2;0;1;2;-25,26577498;-54,05432901;"SPRF-PR";"DEL05-PR";"UOP02-DEL05-PR"
398837;2021-11-30;"terça-feira";"09:20:00";"PR";277;203;"PALMEIRA";"Velocidade Incompatível";"Tombamento";"Com Vítimas Feridas";"Pleno dia";"Decrescente";"Céu Claro";"Simples";"Curva";"Não";3;0;0;2;0;1;2;2;-25,4645209;-50,23036303;"SPRF-PR";"DEL03-PR";"UOP03-DEL03-PR"
398843;2021-11-30;"terça-feira";"14:15:00";"MG";381;491,4;"BETIM";"Reação tardia ou ineficiente do condutor";"Colisão transversal";"Sem Vítimas";"Pleno dia";"Crescente";"Céu Claro";"Dupla";"Interseção de Vias;Reta";"Sim";3;0;0;0;2;1;0;3;-19,97018187;-44,18210416;"SPRF-MG";"DEL01-MG";"UOP03-DEL01-MG"
398848;2021-11-30;"terça-feira";"15:00:00";"MG";381;452;"SABARA";"Conversão proibida";"Colisão transversal";"Com Vítimas Feridas";"Pleno dia";"Decrescente";"Chuva";"Simples";"Reta;Declive";"Sim";3;0;0;1;1;2;1;4;-19,84339604;-43,88596993;"SPRF-MG";"DEL01-MG";"UOP01-DEL01-MG"
398849;2021-11-30;"terça-feira";"15:10:00";"DF";70;11;"BRASILIA";"Condutor usando celular";"Colisão traseira";"Com Vítimas Feridas";"Pleno dia";"Crescente";"Nublado";"Dupla";"Reta";"Não";3;0;1;0;1;1;1;3;-15,789762;-48,148727;"SPRF-DF";"DEL03-DF";"UOP02-DEL03-DF"
398859;2021-11-30;"terça-feira";"13:40:00";"RJ";101;417;"MANGARATIBA";"Transitar na contramão";"Colisão transversal";"Com Vítimas Feridas";"Pleno dia";"Crescente";"Chuva";"Simples";"Curva";"Não";4;0;1;1;2;0;2;2;-22,91787059;-43,9051885;"SPRF-RJ";"DEL03-RJ";"UOP03-DEL03-RJ"
398865;2021-11-30;"terça-feira";"14:10:00";"MG";262;360;"BETIM";"Ultrapassagem Indevida";"Colisão lateral mesmo sentido";"Sem Vítimas";"Pleno dia";"Crescente";"Céu Claro";"Simples";"Reta";"Sim";2;0;0;0;2;0;0;2;-19,9830204;-44,20924834;"SPRF-MG";"DEL01-MG";"UOP03-DEL01-MG"
398866;2021-11-30;"terça-feira";"15:40:00";"PR";116;57;"CAMPINA GRANDE DO SUL";"Manobra de mudança de faixa";"Colisão lateral mesmo sentido";"Sem Vítimas";"Pleno dia";"Decrescente";"Sol";"Múltipla";"Curva";"Não";2;0;0;0;2;0;0;2;-25,28972862;-48,93393159;"SPRF-PR";"DEL01-PR";"UOP02-DEL01-PR"
398868;2021-11-30;"terça-feira";"15:40:00";"PR";277;425,7;"CANTAGALO";"Ultrapassagem Indevida";"Colisão traseira";"Sem Vítimas";"Pleno dia";"Decrescente";"Céu Claro";"Simples";"Curva;Aclive";"Não";4;0;0;0;2;2;0;4;-25,38453796;-52,16086172;"SPRF-PR";"DEL04-PR";"UOP02-DEL04-PR"
398870;2021-11-30;"terça-feira";"16:00:00";"MS";163;548,3;"BANDEIRANTES";"Acessar a via sem observar a presença dos outros veículos";"Colisão transversal";"Com Vítimas Feridas";"Pleno dia";"Crescente";"Céu Claro";"Simples";"Reta";"Sim";5;0;1;1;3;0;2;2;-19,91869106;-54,36860922;"SPRF-MS";"DEL01-MS";"UOP02-DEL01-MS"
398871;2021-11-30;"terça-feira";"16:25:00";"MG";381;429,6;"SABARA";"Velocidade Incompatível";"Colisão frontal";"Com Vítimas Feridas";"Pleno dia";"Decrescente";"Céu Claro";"Simples";"Declive;Curva";"Não";3;0;1;0;1;1;1;3;-19,78663743;-43,71433695;"SPRF-MG";"DEL01-MG";"UOP01-DEL01-MG"
398872;2021-11-30;"terça-feira";"14:40:00";"RJ";101;160;"MACAE";"Condutor deixou de manter distância do veículo da frente";"Saída de leito carroçável";"Com Vítimas Feridas";"Pleno dia";"Decrescente";"Chuva";"Simples";"Reta";"Não";3;0;0;1;2;0;1;1;-22,28567504;-41,87590791;"SPRF-RJ";"DEL08-RJ";"UOP04-DEL08-RJ"
398874;2021-11-30;"terça-feira";"17:30:00";"MG";381;439;"SABARA";"Chuva";"Saída de leito carroçável";"Com Vítimas Feridas";"Pleno dia";"Crescente";"Chuva";"Simples";"Curva";"Não";2;0;0;2;0;0;2;1;-19,78719247;-43,74271989;"SPRF-MG";"DEL01-MG";"UOP01-DEL01-MG"
398875;2021-11-30;"terça-feira";"01:00:00";"AL";316;218;"ATALAIA";"Condutor Dormindo";"Saída de leito carroçável";"Com Vítimas Feridas";"Plena Noite";"Crescente";"Céu Claro";"Simples";"Curva";"Não";1;0;0;1;0;0;1;1;-9,48902611;-36,20582291;"SPRF-AL";"DEL01-AL";"UOP01-DEL01-AL"
398882;2021-09-27;"segunda-feira";"23:30:00";"PR";116;3;"CAMPINA GRANDE DO SUL";"Condutor Dormindo";"Derramamento de carga";"Sem Vítimas";"Plena Noite";"Crescente";"Garoa/Chuvisco";"Dupla";"Reta";"Não";2;0;0;0;1;1;0;2;-25,07163889;-48,58564619;"SPRF-PR";"DEL01-PR";"UOP02-DEL01-PR"
398886;2021-11-30;"terça-feira";"18:30:00";"PR";376;593,3;"CURITIBA";"Condutor deixou de manter distância do veículo da frente";"Colisão traseira";"Com Vítimas Fatais";"Anoitecer";"Decrescente";"Nublado";"Dupla";"Reta";"Sim";4;1;0;0;2;1;0;4;-25,47642706;-49,35092413;"SPRF-PR";"DEL01-PR";"UOP01-DEL01-PR"
398891;2021-11-30;"terça-feira";"12:30:00";"MT";70;695;"CACERES";"Problema com o freio";"Tombamento";"Com Vítimas Fatais";"Pleno dia";"Decrescente";"Céu Claro";"Simples";"Curva;Declive";"Não";4;1;0;2;0;2;2;3;-16,20506165;-57,40494303;"SPRF-MT";"DEL03-MT";"UOP01-DEL03-MT"
398894;2021-11-30;"terça-feira";"14:00:00";"RN";101;116,8;"SAO JOSE DE MIPIBU";"Ingestão de substâncias psicoativas pelo condutor";"Colisão lateral mesmo sentido";"Sem Vítimas";"Pleno dia";"Crescente";"Sol";"Dupla";"Reta";"Não";2;0;0;0;2;0;0;2;-6,00673841;-35,25739074;"SPRF-RN";"DEL01-RN";"UOP01-DEL01-RN"
398897;2021-11-30;"terça-feira";"18:00:00";"SC";470;141,7;"RIO DO SUL";"Acessar a via sem observar a presença dos outros veículos";"Colisão transversal";"Com Vítimas Feridas";"Pleno dia";"Decrescente";"Céu Claro";"Simples";"Reta";"Não";3;0;0;1;1;1;1;3;-27,226065;-49,666161;"SPRF-SC";"DEL04-SC";"UOP02-DEL04-SC"
398898;2021-11-30;"terça-feira";"19:10:00";"MS";163;565;"BANDEIRANTES";"Ultrapassagem Indevida";"Colisão frontal";"Com Vítimas Feridas";"Plena Noite";"Crescente";"Céu Claro";"Simples";"Aclive";"Não";3;0;2;0;0;3;2;5;-19,77562005;-54,36308781;"SPRF-MS";"DEL01-MS";"UOP02-DEL01-MS"
398900;2021-11-30;"terça-feira";"17:56:00";"MA";222;674,1;"ACAILANDIA";"Acessar a via sem observar a presença dos outros veículos";"Colisão transversal";"Sem Vítimas";"Anoitecer";"Decrescente";"Céu Claro";"Simples";"Reta";"Sim";3;0;0;0;2;1;0;3;-4,93412557;-47,45359225;"SPRF-MA";"DEL04-MA";"UOP03-DEL04-MA"
398902;2021-11-30;"terça-feira";"14:16:00";"MG";381;652,7;"SANTO ANTONIO DO AMPARO";"Condutor Dormindo";"Saída de leito carroçável";"Sem Vítimas";"Pleno dia";"Decrescente";"Chuva";"Dupla";"Declive;Reta";"Não";2;0;0;0;1;1;0;2;-20,96660239;-44,93077703;"SPRF-MG";"DEL04-MG";"UOP02-DEL04-MG"
398907;2021-11-30;"terça-feira";"16:15:00";"RJ";116;269;"BARRA MANSA";"Acumulo de água sobre o pavimento";"Colisão traseira";"Sem Vítimas";"Pleno dia";"Crescente";"Chuva";"Dupla";"Curva";"Sim";5;0;0;0;5;0;0;2;-22,57510092;-44,11542461;"SPRF-RJ";"DEL07-RJ";"UOP02-DEL07-RJ"
398908;2021-11-30;"terça-feira";"18:50:00";"SP";116;273;"TABOAO DA SERRA";"Acessar a via sem observar a presença dos outros veículos";"Colisão lateral mesmo sentido";"Com Vítimas Feridas";"Plena Noite";"Decrescente";"Ignorado";"Dupla";"Reta";"Sim";3;0;1;0;2;0;1;3;-23,62809795;-46,81870306;"SPRF-SP";"DEL04-SP";"UOP01-DEL04-SP"
398914;2021-11-30;"terça-feira";"21:30:00";"RJ";356;136;"CAMPOS DOS GOYTACAZES";"Acessar a via sem observar a presença dos outros veículos";"Colisão transversal";"Com Vítimas Feridas";"Plena Noite";"Crescente";"Nublado";"Simples";"Reta";"Sim";2;0;1;0;1;0;1;2;-21,73868262;-41,33213282;"SPRF-RJ";"DEL08-RJ";"UOP01-DEL08-RJ"
398922;2021-11-30;"terça-feira";"21:30:00";"SP";116;477;"JACUPIRANGA";"Ultrapassagem Indevida";"Colisão lateral mesmo sentido";"Sem Vítimas";"Plena Noite";"Decrescente";"Céu Claro";"Simples";"Reta";"Sim";2;0;0;0;2;0;0;2;-24,69842695;-48,00304804;"SPRF-SP";"DEL05-SP";"UOP01-DEL05-SP"
398926;2021-11-30;"terça-feira";"22:20:00";"MG";381;863,9;"POUSO ALEGRE";"Condutor Dormindo";"Saída de leito carroçável";"Com Vítimas Feridas";"Pleno dia";"Crescente";"Nublado";"Dupla";"Reta";"Não";1;0;1;0;0;0;1;1;-22,381389;-45,94581;"SPRF-MG";"DEL16-MG";"UOP01-DEL16-MG"
398930;2021-11-30;"terça-feira";"22:35:00";"MG";381;943;"EXTREMA";"Velocidade Incompatível";"Colisão traseira";"Com Vítimas Feridas";"Plena Noite";"Decrescente";"Nublado";"Dupla";"Reta";"Não";2;0;1;0;1;0;1;2;-22,83871428;-46,32815378;"SPRF-MG";"DEL16-MG";"UOP03-DEL16-MG"
398931;2021-11-30;"terça-feira";"20:00:00";"BA";242;259;"ITABERABA";"Pista esburacada";"Tombamento";"Com Vítimas Feridas";"Plena Noite";"Decrescente";"Chuva";"Simples";"Reta";"Não";2;0;1;0;0;2;1;3;-12,47309394;-40,54008887;"SPRF-BA";"DEL06-BA";"UOP02-DEL06-BA"
398933;2021-11-30;"terça-feira";"11:50:00";"PR";376;227;"APUCARANA";"Avarias e/ou desgaste excessivo no pneu";"Eventos atípicos";"Sem Vítimas";"Pleno dia";"Decrescente";"Sol";"Dupla";"Reta";"Não";2;0;0;0;1;2;0;3;-23,582099;-51,55646;"SPRF-PR";"DEL07-PR";"UOP02-DEL07-PR"
398935;2021-12-01;"quarta-feira";"00:25:00";"PR";376;669;"GUARATUBA";"Demais falhas mecânicas ou elétricas";"Incêndio";"Sem Vítimas";"Plena Noite";"Decrescente";"Céu Claro";"Dupla";"Reta;Aclive";"Não";1;0;0;0;1;0;0;1;-25,877273;-48,935568;"SPRF-PR";"DEL01-PR";"UOP04-DEL01-PR"
398936;2021-12-01;"quarta-feira";"01:50:00";"PR";376;678;"GUARATUBA";"Ingestão de álcool pelo condutor";"Colisão traseira";"Com Vítimas Fatais";"Plena Noite";"Decrescente";"Céu Claro";"Dupla";"Reta";"Não";6;1;2;1;2;0;3;2;-25,94235196;-48,90906594;"SPRF-PR";"DEL01-PR";"UOP04-DEL01-PR"
398937;2021-12-01;"quarta-feira";"01:15:00";"SP";116;221;"GUARULHOS";"Ausência de reação do condutor";"Colisão traseira";"Sem Vítimas";"Plena Noite";"Crescente";"Céu Claro";"Múltipla";"Reta";"Não";2;0;0;0;2;0;0;2;-23,46802395;-46,50704901;"SPRF-SP";"DEL01-SP";"UOP01-DEL01-SP"
398942;2021-12-01;"quarta-feira";"02:35:00";"MG";116;115;"ITAOBIM";"Reação tardia ou ineficiente do condutor";"Colisão traseira";"Sem Vítimas";"Plena Noite";"Crescente";"Céu Claro";"Simples";"Reta";"Sim";2;0;0;0;2;0;0;2;-16,55656498;-41,50192905;"SPRF-MG";"DEL11-MG";"UOP02-DEL11-MG"
398945;2021-12-01;"quarta-feira";"04:30:00";"MG";40;102,9;"LAGOA GRANDE";"Ausência de reação do condutor";"Colisão frontal";"Com Vítimas Feridas";"Amanhecer";"Crescente";"Céu Claro";"Simples";"Reta";"Não";2;0;0;2;0;0;2;2;-17,57426309;-46,49438807;"SPRF-MG";"DEL14-MG";"UOP01-DEL14-MG"
398946;2021-12-01;"quarta-feira";"05:00:00";"RS";386;285,7;"SAO JOSE DO HERVAL";"Ingestão de álcool pelo condutor";"Colisão frontal";"Com Vítimas Feridas";"Plena Noite";"Decrescente";"Nublado";"Simples";"Curva";"Não";3;0;2;0;1;0;2;2;-29,059072;-52,288338;"SPRF-RS";"DEL04-RS";"UOP03-DEL04-RS"
398947;2021-12-01;"quarta-feira";"05:30:00";"RJ";116;103;"GUAPIMIRIM";"Velocidade Incompatível";"Saída de leito carroçável";"Com Vítimas Feridas";"Amanhecer";"Crescente";"Céu Claro";"Simples";"Curva";"Sim";2;0;1;0;0;1;1;2;-22,5031646;-42,99910415;"SPRF-RJ";"DEL04-RJ";"UOP02-DEL04-RJ"
398948;2021-12-01;"quarta-feira";"05:50:00";"PE";101;52;"PAULISTA";"Entrada inopinada do pedestre";"Atropelamento de Pedestre";"Sem Vítimas";"Pleno dia";"Crescente";"Nublado";"Dupla";"Reta";"Sim";4;0;0;0;1;3;0;2;-7,92358799;-34,89607201;"SPRF-PE";"DEL01-PE";"UOP02-DEL01-PE"
398950;2021-12-01;"quarta-feira";"04:30:00";"SP";381;36;"ATIBAIA";"Reação tardia ou ineficiente do condutor";"Saída de leito carroçável";"Com Vítimas Feridas";"Amanhecer";"Crescente";"Céu Claro";"Dupla";"Reta";"Não";3;0;0;1;1;1;1;2;-23,09707232;-46,57180706;"SPRF-SP";"DEL03-SP";"UOP01-DEL03-SP"
398951;2021-12-01;"quarta-feira";"04:50:00";"RN";226;171,6;"CURRAIS NOVOS";"Reação tardia ou ineficiente do condutor";"Saída de leito carroçável";"Sem Vítimas";"Amanhecer";"Decrescente";"Sol";"Simples";"Curva";"Não";2;0;0;0;1;1;0;2;-6,25159966;-36,47554628;"SPRF-RN";"DEL03-RN";"UOP02-DEL03-RN"
398958;2021-12-01;"quarta-feira";"06:00:00";"MG";40;461,5;"SETE LAGOAS";"Chuva";"Colisão com objeto";"Sem Vítimas";"Amanhecer";"Crescente";"Chuva";"Dupla";"Declive";"Não";1;0;0;0;1;0;0;1;-19,4065509;-44,33367766;"SPRF-MG";"DEL02-MG";"UOP01-DEL02-MG"
398963;2021-11-30;"terça-feira";"17:35:00";"MT";70;127;"GENERAL CARNEIRO";"Acostamento em desnível";"Tombamento";"Sem Vítimas";"Pleno dia";"Decrescente";"Nublado";"Simples";"Reta";"Não";2;0;0;0;1;2;0;3;-15,58212421;-53,17766205;"SPRF-MT";"DEL07-MT";"UOP01-DEL07-MT"
398967;2021-12-01;"quarta-feira";"05:15:00";"MG";262;686,3;"ARAXA";"Neblina";"Colisão traseira";"Com Vítimas Feridas";"Amanhecer";"Decrescente";"Nevoeiro/Neblina";"Simples";"Aclive";"Não";3;0;1;0;1;1;1;3;-19,54911394;-46,91093445;"SPRF-MG";"DEL08-MG";"UOP01-DEL08-MG"
398971;2021-11-27;"sábado";"21:35:00";"MG";381;895,5;"CAMBUI";"Reação tardia ou ineficiente do condutor";"Engavetamento";"Com Vítimas Feridas";"Plena Noite";"Crescente";"Nublado";"Dupla";"Reta";"Não";3;0;2;0;0;1;2;3;-22,5878296;-46,0509922;"SPRF-MG";"DEL16-MG";"UOP03-DEL16-MG"
398973;2021-12-01;"quarta-feira";"08:00:00";"MG";50;56;"ARAGUARI";"Velocidade Incompatível";"Saída de leito carroçável";"Com Vítimas Feridas";"Pleno dia";"Decrescente";"Sol";"Dupla";"Curva";"Não";1;0;0;1;0;0;1;1;-18,78116115;-48,23825717;"SPRF-MG";"DEL15-MG";"UOP02-DEL15-MG"
398978;2021-10-17;"domingo";"15:35:00";"BA";116;678;"JEQUIE";"Condutor deixou de manter distância do veículo da frente";"Colisão traseira";"Com Vítimas Feridas";"Pleno dia";"Crescente";"Céu Claro";"Simples";"Reta";"Não";4;0;1;1;1;2;2;5;-13,84885308;-40,11380384;"SPRF-BA";"DEL03-BA";"UOP01-DEL03-BA"
398980;2021-12-01;"quarta-feira";"08:45:00";"SC";101;119;"ITAJAI";"Trafegar com motocicleta (ou similar) entre as faixas";"Colisão lateral mesmo sentido";"Com Vítimas Feridas";"Pleno dia";"Decrescente";"Céu Claro";"Dupla";"Reta";"Sim";4;0;0;1;2;1;1;4;-26,9043179;-48,71555481;"SPRF-SC";"DEL04-SC";"UOP04-DEL04-SC"
398981;2021-12-01;"quarta-feira";"07:30:00";"MG";262;184;"SAO DOMINGOS DO PRATA";"Ausência de reação do condutor";"Saída de leito carroçável";"Com Vítimas Feridas";"Pleno dia";"Crescente";"Chuva";"Simples";"Reta";"Não";1;0;1;0;0;0;1;1;-19,90554246;-43,02879988;"SPRF-MG";"DEL03-MG";"UOP01-DEL03-MG"
398987;2021-12-01;"quarta-feira";"09:00:00";"SC";101;210,6;"SAO JOSE";"Trafegar com motocicleta (ou similar) entre as faixas";"Colisão lateral mesmo sentido";"Com Vítimas Feridas";"Pleno dia";"Decrescente";"Sol";"Múltipla";"Reta";"Sim";2;0;1;0;1;0;1;2;-27,62214984;-48,6506474;"SPRF-SC";"DEL01-SC";"UOP01-DEL01-SC"
398996;2021-12-01;"quarta-feira";"09:40:00";"PR";476;356;"PAULA FREITAS";"Condutor Dormindo";"Colisão lateral sentido oposto";"Com Vítimas Feridas";"Pleno dia";"Decrescente";"Céu Claro";"Simples";"Reta";"Não";3;0;1;0;1;2;1;4;-26,196789;-51,032368;"SPRF-PR";"DEL02-PR";"UOP03-DEL02-PR"
399000;2021-12-01;"quarta-feira";"10:55:00";"PR";116;126;"CURITIBA";"Entrada inopinada do pedestre";"Atropelamento de Pedestre";"Com Vítimas Feridas";"Pleno dia";"Crescente";"Céu Claro";"Dupla";"Reta";"Sim";2;0;1;0;1;0;1;2;-25,60389895;-49,31824423;"SPRF-PR";"DEL01-PR";"UOP03-DEL01-PR"