"id";"data_inversa";"dia_semana";"horario";"uf";"br";"km";"municipio";"causa_acidente";"tipo_acidente";"classificacao_acidente";"fase_dia";"sentido_via";"condicao_metereologica";"tipo_pista";"tracado_via";"uso_solo";"pessoas";"mortos";"feridos_leves";"feridos_graves";"ilesos";"ignorados";"feridos";"veiculos";"latitude";"longitude";"regional";"delegacia";"uop"
399541;2021-12-04;"sábado";"03:30:00";"MG";262;372;"JUATUBA";"Entrada inopinada do pedestre";"Atropelamento de Pedestre";"Com Vítimas Fatais";"Plena Noite";"Crescente";"Ignorado";"Dupla";"Reta";"Não";3;1;0;0;1;1;0;2;-19,97359723;-44,31765496;"SPRF-MG";"DEL01-MG";"UOP03-DEL01-MG"
399544;2021-12-04;"sábado";"03:30:00";"SC";101;159,9;"PORTO BELO";"Velocidade Incompatível";"Colisão traseira";"Sem Vítimas";"Plena Noite";"Crescente";"Garoa/Chuvisco";"Dupla";"Reta";"Não";3;0;0;0;1;2;0;3;-27,1998778;-48,61534236;"SPRF-SC";"DEL04-SC";"UOP03-DEL04-SC"
399550;2021-12-04;"sábado";"03:12:00";"PR";376;232,3;"APUCARANA";"Demais falhas mecânicas ou elétricas";"Colisão traseira";"Com Vítimas Feridas";"Plena Noite";"Decrescente";"Céu Claro";"Dupla";"Reta";"Não";2;0;1;0;1;0;1;2;-23,57126885;-51,50557362;"SPRF-PR";"DEL07-PR";"UOP02-DEL07-PR"
399553;2021-12-04;"sábado";"05:00:00";"SC";470;7,8;"NAVEGANTES";"Desvio temporário";"Colisão frontal";"Com Vítimas Fatais";"Amanhecer";"Crescente";"Chuva";"Simples";"Reta";"Sim";2;1;0;0;1;0;0;2;-26,84499;-48,71505;"SPRF-SC";"DEL04-SC";"UOP04-DEL04-SC"
399555;2021-12-04;"sábado";"05:40:00";"SP";116;38;"CACHOEIRA PAULISTA";"Reação tardia ou ineficiente do condutor";"Saída de leito carroçável";"Com Vítimas Feridas";"Amanhecer";"Decrescente";"Nublado";"Dupla";"Curva";"Não";2;0;1;0;0;1;1;2;-22,67026579;-44,99183604;"SPRF-SP";"DEL08-SP";"UOP02-DEL08-SP"
399566;2021-12-04;"sábado";"05:10:00";"MS";262;636;"MIRANDA";"Condutor Dormindo";"Saída de leito carroçável";"Com Vítimas Feridas";"Amanhecer";"Crescente";"Céu Claro";"Simples";"Curva";"Não";1;0;1;0;0;0;1;1;-19,81973293;-56,90667097;"SPRF-MS";"DEL03-MS";"UOP02-DEL03-MS"
399568;2021-12-04;"sábado";"07:00:00";"BA";242;732;"CRISTOPOLIS";"Pista Escorregadia";"Saída de leito carroçável";"Com Vítimas Feridas";"Amanhecer";"Crescente";"Chuva";"Simples";"Declive";"Não";3;0;3;0;0;0;3;1;-12,22286756;-44,289934;"SPRF-BA";"DEL10-BA";"UOP01-DEL10-BA"
399570;2021-12-04;"sábado";"07:20:00";"PE";232;45;"VITORIA DE SANTO ANTAO";"Manobra de mudança de faixa";"Colisão traseira";"Com Vítimas Feridas";"Pleno dia";"Crescente";"Nublado";"Dupla";"Reta";"Sim";3;0;0;1;1;1;1;3;-8,128181;-35,281677;"SPRF-PE";"DEL01-PE";"UOP01-DEL01-PE"
399579;2021-12-04;"sábado";"07:41:00";"RS";116;301,2;"GUAIBA";"Ingestão de álcool pelo condutor";"Colisão frontal";"Sem Vítimas";"Pleno dia";"Crescente";"Céu Claro";"Simples";"Reta";"Sim";3;0;0;0;2;1;0;3;-30,131899;-51,353867;"SPRF-RS";"DEL02-RS";"UOP01-DEL02-RS"
399582;2021-12-04;"sábado";"08:05:00";"RS";392;332,4;"MARQUES DE SOUZA";"Acessar a via sem observar a presença dos outros veículos";"Colisão transversal";"Com Vítimas Feridas";"Pleno dia";"Crescente";"Céu Claro";"Simples";"Reta;Em Obras";"Não";2;0;1;0;1;0;1;2;-29,33743382;-52,08319232;"SPRF-RS";"DEL09-RS";"UOP01-DEL09-RS"
399589;2021-12-04;"sábado";"08:10:00";"RJ";393;131;"SAPUCAIA";"Velocidade Incompatível";"Tombamento";"Com Vítimas Feridas";"Amanhecer";"Decrescente";"Céu Claro";"Simples";"Curva";"Sim";2;0;1;0;0;1;1;2;-21,96975292;-42,87664106;"SPRF-RJ";"DEL05-RJ";"UOP01-DEL05-RJ"
399590;2021-12-04;"sábado";"08:15:00";"MT";364;348;"SANTO ANTONIO DO LEVERGER";"Ausência de reação do condutor";"Colisão lateral mesmo sentido";"Com Vítimas Feridas";"Pleno dia";"Crescente";"Céu Claro";"Simples";"Reta";"Não";3;0;1;0;1;3;1;5;-15,79687861;-55,55648804;"SPRF-MT";"DEL05-MT";"UOP02-DEL05-MT"
399595;2021-12-04;"sábado";"06:50:00";"GO";80;69,2;"PADRE BERNARDO";"Pista Escorregadia";"Saída de leito carroçável";"Com Vítimas Fatais";"Amanhecer";"Crescente";"Chuva";"Simples";"Curva";"Não";2;1;0;0;0;1;0;2;-15,210366;-48,473693;"SPRF-DF";"DEL03-DF";"UOP02-DEL03-DF"
399596;2021-12-03;"sexta-feira";"23:40:00";"MG";40;581;"ITABIRITO";"Velocidade Incompatível";"Saída de leito carroçável";"Com Vítimas Feridas";"Plena Noite";"Decrescente";"Chuva";"Simples";"Curva";"Não";1;0;1;0;0;0;1;1;-20,30234388;-43,93887077;"SPRF-MG";"DEL01-MG";"UOP02-DEL01-MG"
399606;2021-12-04;"sábado";"07:45:00";"MG";116;21,6;"CACHOEIRA DE PAJEU";"Frear bruscamente";"Colisão frontal";"Com Vítimas Feridas";"Pleno dia";"Decrescente";"Nublado";"Simples";"Curva";"Não";4;0;2;0;1;1;2;3;-15,84293113;-41,40943564;"SPRF-BA";"DEL08-BA";"UOP03-DEL08-BA"
399608;2021-12-04;"sábado";"09:00:00";"BA";242;732;"CRISTOPOLIS";"Acumulo de água sobre o pavimento";"Saída de leito carroçável";"Com Vítimas Feridas";"Pleno dia";"Crescente";"Chuva";"Simples";"Declive";"Sim";1;0;1;0;0;0;1;1;-12,22286756;-44,289934;"SPRF-BA";"DEL10-BA";"UOP01-DEL10-BA"
399610;2021-12-04;"sábado";"05:00:00";"MG";116;134,4;"PONTO DOS VOLANTES";"Demais falhas na via";"Tombamento";"Sem Vítimas";"Plena Noite";"Crescente";"Nublado";"Simples";"Reta";"Não";1;0;0;0;1;0;0;1;-16,72310091;-41,50394416;"SPRF-MG";"DEL11-MG";"UOP02-DEL11-MG"
399620;2021-10-01;"sexta-feira";"11:30:00";"MG";153;8,4;"ARAPORA";"Velocidade Incompatível";"Colisão traseira";"Com Vítimas Feridas";"Pleno dia";"Crescente";"Céu Claro";"Dupla";"Reta";"Não";5;0;1;0;3;4;1;7;-18,48778001;-49,18862284;"SPRF-MG";"DEL15-MG";"UOP03-DEL15-MG"
399636;2021-12-04;"sábado";"12:20:00";"GO";20;59;"FORMOSA";"Reação tardia ou ineficiente do condutor";"Colisão transversal";"Sem Vítimas";"Pleno dia";"Crescente";"Chuva";"Simples";"Curva;Declive";"Não";2;0;0;0;2;0;0;2;-15,25577;-47,165115;"SPRF-DF";"DEL02-DF";"UOP01-DEL02-DF"
399638;2021-12-04;"sábado";"13:28:00";"PR";376;651;"TIJUCAS DO SUL";"Velocidade Incompatível";"Saída de leito carroçável";"Com Vítimas Feridas";"Pleno dia";"Crescente";"Céu Claro";"Dupla";"Curva";"Não";4;0;0;3;0;1;3;3;-25,845243;-49,078578;"SPRF-PR";"DEL01-PR";"UOP04-DEL01-PR"
399647;2021-12-04;"sábado";"13:20:00";"BA";324;551;"AMELIA RODRIGUES";"Problema com o freio";"Colisão traseira";"Sem Vítimas";"Pleno dia";"Decrescente";"Chuva";"Dupla";"Reta;Declive";"Não";3;0;0;0;3;0;0;2;-12,44409807;-38,71821505;"SPRF-BA";"DEL01-BA";"UOP03-DEL01-BA"
399649;2021-12-04;"sábado";"13:27:00";"AL";316;217,2;"ATALAIA";"Desrespeitar a preferência no cruzamento";"Colisão transversal";"Com Vítimas Feridas";"Pleno dia";"Crescente";"Céu Claro";"Simples";"Reta";"Não";2;0;2;0;0;0;2;2;-9,49542796;-36,21219006;"SPRF-AL";"DEL01-AL";"UOP01-DEL01-AL"
399652;2021-12-04;"sábado";"14:40:00";"PR";373;229,6;"IMBITUVA";"Acessar a via sem observar a presença dos outros veículos";"Colisão transversal";"Com Vítimas Feridas";"Pleno dia";"Crescente";"Sol";"Simples";"Interseção de Vias";"Sim";4;0;0;1;2;2;1;4;-25,17844692;-50,65284133;"SPRF-PR";"DEL03-PR";"UOP04-DEL03-PR"
399661;2021-12-04;"sábado";"06:00:00";"SC";101;215;"PALHOCA";"Reação tardia ou ineficiente do condutor";"Colisão traseira";"Com Vítimas Feridas";"Amanhecer";"Decrescente";"Céu Claro";"Dupla";"Em Obras";"Sim";2;0;1;0;1;0;1;2;-27,65184843;-48,67604941;"SPRF-SC";"DEL01-SC";"UOP02-DEL01-SC"
399663;2021-12-04;"sábado";"15:40:00";"ES";259;6,3;"JOAO NEIVA";"Ingestão de álcool pelo condutor";"Colisão lateral sentido oposto";"Com Vítimas Feridas";"Pleno dia";"Crescente";"Céu Claro";"Simples";"Curva;Viaduto";"Não";4;0;0;2;1;1;2;3;-19,6909909;-40,38843513;"SPRF-ES";"DEL02-ES";"UOP01-DEL02-ES"
399665;2021-12-04;"sábado";"16:35:00";"MG";262;485,8;"BOM DESPACHO";"Velocidade Incompatível";"Saída de leito carroçável";"Com Vítimas Feridas";"Pleno dia";"Crescente";"Céu Claro";"Simples";"Aclive";"Não";2;0;0;1;0;1;1;2;-19,78606988;-45,29440001;"SPRF-MG";"DEL08-MG";"UOP03-DEL08-MG"
399666;2021-12-04;"sábado";"16:25:00";"PA";155;341;"MARABA";"Reação tardia ou ineficiente do condutor";"Colisão lateral sentido oposto";"Com Vítimas Feridas";"Pleno dia";"Crescente";"Nublado";"Simples";"Reta";"Não";3;0;1;0;2;0;1;2;-5,383639;-49,078052;"SPRF-PA";"DEL03-PA";"UOP01-DEL03-PA"
399667;2021-12-04;"sábado";"16:30:00";"GO";60;117,9;"TEREZOPOLIS DE GOIAS";"Entrada inopinada do pedestre";"Atropelamento de Pedestre";"Com Vítimas Feridas";"Pleno dia";"Crescente";"Sol";"Dupla";"Reta;Aclive;Rotatória;Interseção de Vias";"Sim";2;0;0;1;0;1;1;2;-16,48423511;-49,09290652;"SPRF-GO";"DEL01-GO";"UOP01-DEL01-GO"
399671;2021-12-04;"sábado";"08:45:00";"MA";135;310;"DOM PEDRO";"Animais na Pista";"Colisão traseira";"Com Vítimas Feridas";"Pleno dia";"Crescente";"Céu Claro";"Simples";"Reta";"Não";3;0;1;0;1;4;1;6;-5,04421568;-44,43760661;"SPRF-MA";"DEL03-MA";"UOP01-DEL03-MA"
399672;2021-12-04;"sábado";"17:10:00";"PR";116;173;"QUITANDINHA";"Ingestão de álcool pelo condutor";"Colisão transversal";"Com Vítimas Fatais";"Pleno dia";"Crescente";"Céu Claro";"Simples";"Reta";"Não";2;1;0;0;1;0;0;2;-25,88683841;-49,50745792;"SPRF-PR";"DEL01-PR";"UOP03-DEL01-PR"
399681;2021-12-04;"sábado";"17:30:00";"PR";376;259,9;"CALIFORNIA";"Declive acentuado";"Saída de leito carroçável";"Sem Vítimas";"Pleno dia";"Crescente";"Céu Claro";"Simples";"Curva";"Não";2;0;0;0;2;0;0;1;-23,69735157;-51,33633782;"SPRF-PR";"DEL07-PR";"UOP02-DEL07-PR"
399683;2021-12-04;"sábado";"16:40:00";"MG";381;454,9;"SABARA";"Retorno proibido";"Colisão traseira";"Com Vítimas Feridas";"Pleno dia";"Decrescente";"Céu Claro";"Simples";"Curva";"Não";3;0;0;1;1;1;1;3;-19,85593827;-43,89662047;"SPRF-MG";"DEL01-MG";"UOP01-DEL01-MG"
399684;2021-11-22;"segunda-feira";"22:15:00";"SP";116;280;"EMBU DAS ARTES";"Ausência de reação do condutor";"Colisão traseira";"Com Vítimas Feridas";"Plena Noite";"Crescente";"Nublado";"Dupla";"Reta";"Sim";8;0;3;1;3;1;4;3;-23,66996108;-46,85590758;"SPRF-SP";"DEL04-SP";"UOP01-DEL04-SP"
399693;2021-12-04;"sábado";"12:30:00";"BA";116;547;"MILAGRES";"Demais falhas mecânicas ou elétricas";"Saída de leito carroçável";"Com Vítimas Feridas";"Pleno dia";"Decrescente";"Céu Claro";"Simples";"Reta";"Não";1;0;1;0;0;0;1;1;-12,88198;-39,85814;"SPRF-BA";"DEL03-BA";"UOP02-DEL03-BA"
399695;2021-12-04;"sábado";"15:20:00";"TO";153;786;"TALISMA";"Condutor deixou de manter distância do veículo da frente";"Colisão traseira";"Com Vítimas Feridas";"Pleno dia";"Crescente";"Céu Claro";"Simples";"Reta";"Não";6;0;3;0;2;2;3;5;-12,69293995;-49,07129625;"SPRF-TO";"DEL01-TO";"UOP02-DEL01-TO"
399703;2021-12-04;"sábado";"17:40:00";"MS";163;820;"SONORA";"Ultrapassagem Indevida";"Colisão lateral mesmo sentido";"Com Vítimas Feridas";"Anoitecer";"Crescente";"Céu Claro";"Simples";"Declive";"Não";3;0;1;0;1;1;1;3;-17,75207898;-54,75373189;"SPRF-MS";"DEL06-MS";"UOP01-DEL06-MS"
399738;2021-12-04;"sábado";"17:30:00";"SC";470;119,4;"IBIRAMA";"Carga excessiva e/ou mal acondicionada";"Tombamento";"Com Vítimas Feridas";"Pleno dia";"Crescente";"Céu Claro";"Múltipla";"Reta";"Sim";2;0;2;0;0;0;2;1;-27,081554;-49,520206;"SPRF-SC";"DEL04-SC";"UOP02-DEL04-SC"
399741;2021-12-04;"sábado";"22:50:00";"ES";101;371,7;"ICONHA";"Mal súbito do condutor";"Colisão frontal";"Com Vítimas Fatais";"Plena Noite";"Crescente";"Céu Claro";"Simples";"Reta";"Não";3;1;0;0;1;1;0;3;-20,77035735;-40,76847015;"SPRF-ES";"DEL03-ES";"UOP01-DEL03-ES"
399742;2021-12-04;"sábado";"20:00:00";"PI";407;600;"ACAUA";"Reação tardia ou ineficiente do condutor";"Tombamento";"Com Vítimas Feridas";"Plena Noite";"Decrescente";"Nublado";"Simples";"Curva";"Não";1;0;1;0;0;0;1;1;-8,34086699;-41,06296704;"SPRF-PI";"DEL04-PI";"UOP01-DEL04-PI"
399743;2021-12-04;"sábado";"17:15:00";"MG";365;598;"UBERLANDIA";"Ingestão de álcool pelo condutor";"Tombamento";"Sem Vítimas";"Pleno dia";"Decrescente";"Céu Claro";"Simples";"Declive";"Não";2;0;0;0;1;3;0;4;-18,88554557;-48,11340009;"SPRF-MG";"DEL15-MG";"UOP01-DEL15-MG"
399753;2021-12-04;"sábado";"23:15:00";"PR";277;69,4;"SAO JOSE DOS PINHAIS";"Velocidade Incompatível";"Tombamento";"Com Vítimas Feridas";"Pleno dia";"Crescente";"Nublado";"Dupla";"Reta";"Não";3;0;1;0;1;1;1;3;-25,52137536;-49,10785675;"SPRF-PR";"DEL01-PR";"UOP01-DEL01-PR"
399760;2021-12-05;"domingo";"00:00:00";"GO";20;188;"SIMOLANDIA";"Ausência de reação do condutor";"Saída de leito carroçável";"Com Vítimas Feridas";"Plena Noite";"Crescente";"Chuva";"Simples";"Reta";"Não";1;0;0;1;0;0;1;1;-14,41707;-46,454651;"SPRF-DF";"DEL02-DF";"UOP03-DEL02-DF"
399762;2021-12-05;"domingo";"00:00:00";"AL";316;271;"SATUBA";"Transitar na contramão";"Colisão frontal";"Com Vítimas Fatais";"Plena Noite";"Crescente";"Garoa/Chuvisco";"Simples";"Curva";"Sim";2;1;0;0;1;0;0;2;-9,57122709;-35,81523795;"SPRF-AL";"DEL02-AL";"UOP01-DEL02-AL"
399766;2021-12-04;"sábado";"20:30:00";"MA";222;363;"SANTA INES";"Ingestão de álcool pelo condutor";"Colisão lateral sentido oposto";"Com Vítimas Feridas";"Plena Noite";"Decrescente";"Chuva";"Simples";"Reta";"Sim";3;0;1;0;1;2;1;4;-3,67710017;-45,39146935;"SPRF-MA";"DEL02-MA";"UOP01-DEL02-MA"
399767;2021-12-04;"sábado";"23:20:00";"PR";277;207,7;"TEIXEIRA SOARES";"Ingestão de álcool pelo condutor";"Saída de leito carroçável";"Com Vítimas Feridas";"Plena Noite";"Decrescente";"Céu Claro";"Simples";"Curva";"Não";2;0;0;1;0;1;1;2;-25,46683415;-50,34896851;"SPRF-PR";"DEL03-PR";"UOP03-DEL03-PR"
399770;2021-11-21;"domingo";"05:40:00";"TO";153;417;"MIRANORTE";"Reação tardia ou ineficiente do condutor";"Colisão traseira";"Com Vítimas Feridas";"Amanhecer";"Crescente";"Céu Claro";"Simples";"Reta";"Não";2;0;0;1;1;0;1;2;-9,55653608;-48,60420189;"SPRF-TO";"DEL01-TO";"UOP01-DEL01-TO"
399800;2021-12-05;"domingo";"03:30:00";"BA";101;257;"SANTO ANTONIO DE JESUS";"Ausência de reação do condutor";"Tombamento";"Com Vítimas Feridas";"Plena Noite";"Crescente";"Nublado";"Simples";"Reta";"Não";1;0;1;0;0;0;1;1;-12,9456222;-39,2521048;"SPRF-BA";"DEL01-BA";"UOP02-DEL01-BA"
399801;2021-12-04;"sábado";"18:00:00";"BA";101;543,2;"SAO JOSE DA VITORIA";"Velocidade Incompatível";"Tombamento";"Com Vítimas Feridas";"Plena Noite";"Decrescente";"Chuva";"Simples";"Curva";"Não";1;0;1;0;0;0;1;1;-15,095364;-39,353419;"SPRF-BA";"DEL05-BA";"UOP01-DEL05-BA"
399803;2021-12-05;"domingo";"04:44:00";"PR";376;472;"PONTA GROSSA";"Condutor Dormindo";"Saída de leito carroçável";"Com Vítimas Fatais";"Amanhecer";"Crescente";"Céu Claro";"Dupla";"Reta";"Não";2;1;0;0;0;2;0;3;-25,04050891;-50,25140203;"SPRF-PR";"DEL03-PR";"UOP01-DEL03-PR"
399823;2021-12-04;"sábado";"23:00:00";"MA";135;88,8;"ITAPECURU MIRIM";"Manobra de mudança de faixa";"Colisão lateral sentido oposto";"Sem Vítimas";"Plena Noite";"Decrescente";"Céu Claro";"Simples";"Reta";"Não";2;0;0;0;0;2;0;2;-3,27744287;-44,40572822;"SPRF-MA";"DEL01-MA";"UOP02-DEL01-MA"
399824;2021-12-05;"domingo";"05:20:00";"RR";174;502;"BOA VISTA";"Acessar a via sem observar a presença dos outros veículos";"Atropelamento de Pedestre";"Com Vítimas Fatais";"Amanhecer";"Decrescente";"Céu Claro";"Dupla";"Reta";"Não";3;2;0;0;0;2;0;4;2,787376;-60,699524;"SPRF-RR";"DEL01-RR";"UOP01-DEL01-RR"
399832;2021-12-05;"domingo";"07:00:00";"RN";304;286;"MACAIBA";"Condutor Dormindo";"Tombamento";"Com Vítimas Feridas";"Pleno dia";"Crescente";"Céu Claro";"Simples";"Curva;Em Obras";"Não";2;0;1;0;0;1;1;2;-5,86705;-35,40842;"SPRF-RN";"DEL01-RN";"UOP02-DEL01-RN"
399835;2021-12-05;"domingo";"03:30:00";"MG";251;278;"SALINAS";"Curva acentuada";"Saída de leito carroçável";"Com Vítimas Feridas";"Plena Noite";"Decrescente";"Nublado";"Simples";"Curva;Declive";"Não";2;0;1;0;0;1;1;2;-16,02764697;-42,08916901;"SPRF-MG";"DEL11-MG";"UOP02-DEL11-MG"
399836;2021-12-05;"domingo";"07:50:00";"SC";101;22,8;"JOINVILLE";"Ingestão de álcool pelo condutor";"Colisão lateral mesmo sentido";"Com Vítimas Feridas";"Amanhecer";"Crescente";"Sol";"Dupla";"Reta";"Sim";4;0;1;1;2;0;2;2;-26,15679993;-48,90786269;"SPRF-SC";"DEL03-SC";"UOP01-DEL03-SC"
399839;2021-12-05;"domingo";"06:55:00";"SP";116;167;"JACAREI";"Ingestão de álcool pelo condutor";"Colisão lateral mesmo sentido";"Sem Vítimas";"Pleno dia";"Decrescente";"Céu Claro";"Dupla";"Reta";"Não";2;0;0;0;2;0;0;2;-23,30254924;-46,02640493;"SPRF-SP";"DEL02-SP";"UOP01-DEL02-SP"
399847;2021-12-05;"domingo";"06:40:00";"PA";316;80,7;"SAO FRANCISCO DO PARA";"Condutor Dormindo";"Colisão frontal";"Com Vítimas Fatais";"Pleno dia";"Decrescente";"Céu Claro";"Simples";"Reta";"Não";5;1;0;0;1;3;0;4;-1,30406;-47,779755;"SPRF-PA";"DEL01-PA";"UOP02-DEL01-PA"
399854;2021-12-05;"domingo";"10:30:00";"CE";116;319;"JAGUARIBE";"Ausência de reação do condutor";"Colisão traseira";"Com Vítimas Fatais";"Pleno dia";"Decrescente";"Céu Claro";"Simples";"Reta";"Não";4;1;0;0;1;2;0;4;-5,98193902;-38,62821627;"SPRF-CE";"DEL05-CE";"UOP02-DEL05-CE"
399862;2021-11-27;"sábado";"04:45:00";"SC";282;615,1;"MARAVILHA";"Ingestão de álcool pelo condutor";"Colisão lateral sentido oposto";"Com Vítimas Feridas";"Plena Noite";"Decrescente";"Céu Claro";"Simples";"Reta";"Não";3;0;1;0;1;1;1;3;-26,774349;-53,271767;"SPRF-SC";"DEL07-SC";"UOP02-DEL07-SC"
399869;2021-12-05;"domingo";"10:50:00";"RJ";40;44,9;"PETROPOLIS";"Manobra de mudança de faixa";"Colisão transversal";"Com Vítimas Feridas";"Pleno dia";"Decrescente";"Céu Claro";"Múltipla";"Reta";"Não";3;0;1;0;1;1;1;3;-22,27275475;-43,10869115;"SPRF-RJ";"DEL05-RJ";"UOP02-DEL05-RJ"
399877;2021-12-05;"domingo";"12:40:00";"MG";116;705,3;"MURIAE";"Pedestre andava na pista";"Atropelamento de Pedestre";"Com Vítimas Feridas";"Pleno dia";"Decrescente";"Sol";"Simples";"Reta;Interseção de Vias";"Sim";4;0;1;0;1;2;1;3;-21,1297494;-42,38561961;"SPRF-MG";"DEL07-MG";"UOP02-DEL07-MG"
399884;2021-12-05;"domingo";"14:00:00";"BA";20;147;"SAO DESIDERIO";"Ultrapassagem Indevida";"Capotamento";"Com Vítimas Feridas";"Pleno dia";"Decrescente";"Nublado";"Simples";"Reta";"Não";4;0;2;0;1;1;2;2;-12,656442;-45,923061;"SPRF-BA";"DEL10-BA";"UOP01-DEL10-BA"
399893;2021-12-05;"domingo";"13:50:00";"MG";262;458,1;"NOVA SERRANA";"Ingestão de álcool pelo condutor";"Colisão frontal";"Sem Vítimas";"Pleno dia";"Crescente";"Céu Claro";"Simples";"Reta";"Não";4;0;0;0;4;0;0;3;-19,83697491;-45,05802994;"SPRF-MG";"DEL08-MG";"UOP03-DEL08-MG"
399902;2021-12-05;"domingo";"08:00:00";"SP";116;550;"BARRA DO TURVO";"Velocidade Incompatível";"Colisão lateral mesmo sentido";"Sem Vítimas";"Pleno dia";"Decrescente";"Céu Claro";"Dupla";"Curva";"Não";3;0;0;0;2;2;0;4;-24,95749618;-48,46440871;"SPRF-SP";"DEL05-SP";"UOP02-DEL05-SP"
399903;2021-12-05;"domingo";"01:00:00";"RS";287;400;"SANTIAGO";"Ingestão de álcool pelo condutor";"Colisão lateral sentido oposto";"Sem Vítimas";"Plena Noite";"Crescente";"Céu Claro";"Simples";"Reta";"Sim";2;0;0;0;2;0;0;2;-29,16448781;-54,87636383;"SPRF-RS";"DEL12-RS";"UOP02-DEL12-RS"
399904;2021-12-05;"domingo";"16:25:00";"ES";101;383,9;"RIO NOVO DO SUL";"Velocidade Incompatível";"Colisão traseira";"Com Vítimas Feridas";"Pleno dia";"Crescente";"Céu Claro";"Simples";"Curva";"Sim";3;0;1;0;1;1;1;2;-20,82532924;-40,85473381;"SPRF-ES";"DEL03-ES";"UOP01-DEL03-ES"
399906;2021-12-05;"domingo";"15:30:00";"SC";101;137;"BALNEARIO CAMBORIU";"Trafegar com motocicleta (ou similar) entre as faixas";"Colisão lateral mesmo sentido";"Com Vítimas Fatais";"Pleno dia";"Decrescente";"Nublado";"Dupla";"Reta";"Não";4;1;0;0;2;2;0;5;-27,0157238;-48,61192763;"SPRF-SC";"DEL04-SC";"UOP03-DEL04-SC"
399912;2021-12-05;"domingo";"17:25:00";"SP";153;65;"SAO JOSE DO RIO PRETO";"Ingestão de álcool pelo condutor";"Colisão lateral mesmo sentido";"Sem Vítimas";"Pleno dia";"Crescente";"Céu Claro";"Dupla";"Reta";"Sim";2;0;0;0;2;0;0;2;-20,8355877;-49,36570039;"SPRF-SP";"DEL09-SP";"UOP01-DEL09-SP"
399918;2021-12-05;"domingo";"18:20:00";"PR";369;92,9;"CORNELIO PROCOPIO";"Ingestão de álcool pelo condutor";"Colisão lateral mesmo sentido";"Sem Vítimas";"Anoitecer";"Crescente";"Céu Claro";"Dupla";"Curva";"Não";3;0;0;0;1;2;0;3;-23,21109772;-50,66671371;"SPRF-PR";"DEL07-PR";"UOP01-DEL07-PR"
399926;2021-12-05;"domingo";"18:05:00";"AL";316;202;"MARIBONDO";"Ausência de reação do condutor";"Colisão traseira";"Com Vítimas Feridas";"Plena Noite";"Crescente";"Céu Claro";"Simples";"Reta";"Sim";4;0;2;0;1;1;2;3;-9,58217756;-36,3088256;"SPRF-AL";"DEL03-AL";"UOP01-DEL03-AL"
399941;2021-12-05;"domingo";"16:10:00";"MA";135;37,1;"BACABEIRA";"Ausência de reação do condutor";"Saída de leito carroçável";"Com Vítimas Feridas";"Pleno dia";"Crescente";"Garoa/Chuvisco";"Dupla";"Reta";"Não";2;0;0;1;1;0;1;1;-2,867093;-44,37482;"SPRF-MA";"DEL01-MA";"UOP01-DEL01-MA"
399946;2021-12-05;"domingo";"05:00:00";"SC";480;127,4;"CHAPECO";"Ingestão de álcool pelo condutor";"Colisão traseira";"Sem Vítimas";"Amanhecer";"Crescente";"Céu Claro";"Simples";"Reta";"Sim";3;0;0;0;2;1;0;3;-27,02885905;-52,63380035;"SPRF-SC";"DEL07-SC";"UOP01-DEL07-SC"
399955;2021-12-05;"domingo";"19:30:00";"SC";282;211;"LAGES";"Acessar a via sem observar a presença dos outros veículos";"Colisão transversal";"Sem Vítimas";"Anoitecer";"Decrescente";"Céu Claro";"Simples";"Interseção de Vias";"Não";4;0;0;0;4;0;0;2;-27,780222;-50,241741;"SPRF-SC";"DEL05-SC";"UOP01-DEL05-SC"
399964;2021-12-05;"domingo";"20:08:00";"RS";290;138,9;"ELDORADO DO SUL";"Manobra de mudança de faixa";"Colisão lateral sentido oposto";"Com Vítimas Fatais";"Plena Noite";"Decrescente";"Nublado";"Simples";"Reta";"Não";3;1;0;0;1;1;0;3;-30,075125;-51,590378;"SPRF-RS";"DEL02-RS";"UOP01-DEL02-RS"
399968;2021-12-05;"domingo";"21:30:00";"TO";153;496;"PARAISO DO TOCANTINS";"Avarias e/ou desgaste excessivo no pneu";"Colisão transversal";"Com Vítimas Feridas";"Plena Noite";"Crescente";"Céu Claro";"Simples";"Interseção de Vias";"Sim";3;0;1;0;1;1;1;3;-10,16527794;-48,88094578;"SPRF-TO";"DEL01-TO";"UOP01-DEL01-TO"
399972;2021-12-05;"domingo";"20:40:00";"SC";116;4,3;"MAFRA";"Retorno proibido";"Colisão transversal";"Com Vítimas Feridas";"Plena Noite";"Decrescente";"Céu Claro";"Simples";"Reta";"Não";6;0;4;0;1;1;4;3;-26,13554917;-49,8072652;"SPRF-SC";"DEL06-SC";"UOP01-DEL06-SC"
399980;2021-12-05;"domingo";"21:30:00";"BA";101;357;"WENCESLAU GUIMARAES";"Ingestão de substâncias psicoativas pelo condutor";"Colisão lateral sentido oposto";"Com Vítimas Feridas";"Plena Noite";"Crescente";"Céu Claro";"Simples";"Reta";"Não";3;0;0;1;1;1;1;3;-13,669158;-39,47983;"SPRF-BA";"DEL05-BA";"UOP03-DEL05-BA"
399981;2021-12-05;"domingo";"14:00:00";"MT";364;469;"JANGADA";"Pista Escorregadia";"Tombamento";"Sem Vítimas";"Pleno dia";"Crescente";"Chuva";"Simples";"Reta";"Não";2;0;0;0;1;3;0;4;-15,41194;-56,35624;"SPRF-MT";"DEL01-MT";"UOP02-DEL01-MT"