"id";"data_inversa";"dia_semana";"horario";"uf";"br";"km";"municipio";"causa_acidente";"tipo_acidente";"classificacao_acidente";"fase_dia";"sentido_via";"condicao_metereologica";"tipo_pista";"tracado_via";"uso_solo";"pessoas";"mortos";"feridos_leves";"feridos_graves";"ilesos";"ignorados";"feridos";"veiculos";"latitude";"longitude";"regional";"delegacia";"uop"
399995;2021-12-05;"domingo";"17:00:00";"SP";116;555;"BARRA DO TURVO";"Ingestão de álcool pelo condutor";"Tombamento";"Com Vítimas Feridas";"Pleno dia";"Decrescente";"Céu Claro";"Simples";"Reta";"Não";3;0;1;0;1;2;1;4;-24,97447301;-48,504597;"SPRF-SP";"DEL05-SP";"UOP02-DEL05-SP"
4e+05;2021-12-05;"domingo";"22:30:00";"MT";364;216,9;"RONDONOPOLIS";"Reação tardia ou ineficiente do condutor";"Colisão traseira";"Com Vítimas Feridas";"Plena Noite";"Decrescente";"Céu Claro";"Dupla";"Reta;Aclive";"Não";13;0;1;0;11;3;1;5;-16,376333;-54,717506;"SPRF-MT";"DEL02-MT";"UOP01-DEL02-MT"
400003;2021-12-05;"domingo";"22:00:00";"SP";381;2;"VARGEM";"Reação tardia ou ineficiente do condutor";"Tombamento";"Com Vítimas Feridas";"Plena Noite";"Crescente";"Chuva";"Simples";"Curva";"Não";1;0;1;0;0;0;1;1;-22,88187369;-46,39059388;"SPRF-SP";"DEL03-SP";"UOP01-DEL03-SP"
400007;2021-12-05;"domingo";"20:30:00";"MG";262;579,6;"CORREGO DANTA";"Velocidade Incompatível";"Saída de leito carroçável";"Com Vítimas Feridas";"Plena Noite";"Crescente";"Chuva";"Simples";"Reta";"Não";1;0;0;1;0;0;1;1;-19,65252;-46,068833;"SPRF-MG";"DEL08-MG";"UOP02-DEL08-MG"
400019;2021-12-06;"segunda-feira";"00:00:00";"AL";316;85;"SANTANA DO IPANEMA";"Condutor deixou de manter distância do veículo da frente";"Colisão traseira";"Com Vítimas Feridas";"Plena Noite";"Crescente";"Céu Claro";"Simples";"Rotatória";"Sim";2;0;1;0;1;0;1;2;-9,36982836;-37,24347904;"SPRF-AL";"DEL03-AL";"UOP02-DEL03-AL"
400020;2021-12-05;"domingo";"23:05:00";"SC";470;90,2;"ASCURRA";"Transitar na contramão";"Colisão frontal";"Com Vítimas Fatais";"Plena Noite";"Crescente";"Nublado";"Simples";"Reta;Em Obras";"Sim";3;1;0;0;1;1;0;3;-26,97417387;-49,36745167;"SPRF-SC";"DEL04-SC";"UOP01-DEL04-SC"
400026;2021-12-06;"segunda-feira";"01:50:00";"PR";376;507,8;"PONTA GROSSA";"Ausência de reação do condutor";"Capotamento";"Com Vítimas Feridas";"Plena Noite";"Crescente";"Nublado";"Dupla";"Aclive";"Não";1;0;1;0;0;0;1;1;-25,24704785;-50,02183083;"SPRF-PR";"DEL03-PR";"UOP01-DEL03-PR"
400033;2021-12-06;"segunda-feira";"02:30:00";"AL";104;8,5;"SAO JOSE DA LAJE";"Velocidade Incompatível";"Saída de leito carroçável";"Com Vítimas Feridas";"Plena Noite";"Decrescente";"Nublado";"Simples";"Curva";"Não";1;0;1;0;0;0;1;1;-8,96701852;-36,01652319;"SPRF-AL";"DEL01-AL";"UOP02-DEL01-AL"
400039;2021-12-06;"segunda-feira";"05:53:00";"CE";116;510;"BREJO SANTO";"Demais falhas na via";"Colisão lateral mesmo sentido";"Com Vítimas Feridas";"Amanhecer";"Crescente";"Céu Claro";"Simples";"Reta";"Sim";3;0;1;0;2;0;1;2;-7,52740627;-38,99889975;"SPRF-CE";"DEL05-CE";"UOP03-DEL05-CE"
400042;2021-12-06;"segunda-feira";"05:50:00";"CE";20;427;"FORTALEZA";"Ausência de reação do condutor";"Colisão traseira";"Com Vítimas Feridas";"Pleno dia";"Crescente";"Garoa/Chuvisco";"Dupla";"Reta";"Sim";3;0;1;0;1;1;1;3;-3,76999035;-38,67006282;"SPRF-CE";"DEL01-CE";"UOP02-DEL01-CE"
400049;2021-12-06;"segunda-feira";"06:00:00";"CE";20;416;"MARACANAU";"Reação tardia ou ineficiente do condutor";"Colisão traseira";"Com Vítimas Feridas";"Amanhecer";"Crescente";"Céu Claro";"Dupla";"Reta";"Sim";7;0;3;0;3;1;3;6;-3,8368983;-38,60688736;"SPRF-CE";"DEL01-CE";"UOP02-DEL01-CE"
400050;2021-12-06;"segunda-feira";"06:33:00";"PR";369;163,1;"CAMBE";"Condutor deixou de manter distância do veículo da frente";"Engavetamento";"Com Vítimas Fatais";"Amanhecer";"Decrescente";"Nublado";"Dupla";"Curva;Desvio Temporário;Em Obras;Aclive";"Sim";4;1;0;0;2;1;0;4;-23,297134;-51,278402;"SPRF-PR";"DEL07-PR";"UOP01-DEL07-PR"
400052;2021-12-06;"segunda-feira";"07:15:00";"SE";101;127,5;"ESTANCIA";"Acumulo de água sobre o pavimento";"Saída de leito carroçável";"Com Vítimas Feridas";"Pleno dia";"Crescente";"Céu Claro";"Dupla";"Reta";"Não";2;0;1;0;0;1;1;2;-11,07307112;-37,36285266;"SPRF-SE";"DEL02-SE";"UOP01-DEL02-SE"
400054;2021-12-05;"domingo";"18:00:00";"MG";381;372;"SAO GONCALO DO RIO ABAIXO";"Velocidade Incompatível";"Tombamento";"Com Vítimas Feridas";"Plena Noite";"Decrescente";"Céu Claro";"Simples";"Curva";"Não";2;0;1;0;0;1;1;2;-19,84250801;-43,31533375;"SPRF-MG";"DEL01-MG";"UOP01-DEL01-MG"
400055;2021-02-25;"quinta-feira";"16:40:00";"RJ";101;302;"SAO GONCALO";"Manobra de mudança de faixa";"Colisão lateral";"Com Vítimas Feridas";"Pleno dia";"Decrescente";"Céu Claro";"Dupla";"Reta";"Não";3;0;1;0;1;1;1;3;-22,78069318;-42,96706396;"SPRF-RJ";"DEL02-RJ";"UOP02-DEL02-RJ"
400056;2021-12-06;"segunda-feira";"05:40:00";"MG";381;671,5;"PERDOES";"Velocidade Incompatível";"Tombamento";"Com Vítimas Feridas";"Amanhecer";"Crescente";"Chuva";"Dupla";"Curva";"Não";2;0;1;0;0;1;1;2;-21,065008;-45,052721;"SPRF-MG";"DEL04-MG";"UOP02-DEL04-MG"
400062;2021-12-05;"domingo";"07:30:00";"MT";174;169;"PORTO ESPERIDIAO";"Ausência de reação do condutor";"Tombamento";"Sem Vítimas";"Pleno dia";"Decrescente";"Céu Claro";"Simples";"Reta";"Não";2;0;0;0;1;1;0;2;-15,8482247;-58,46356612;"SPRF-MT";"DEL03-MT";"UOP01-DEL03-MT"
400064;2021-12-06;"segunda-feira";"07:40:00";"PR";376;168;"MARINGA";"Reação tardia ou ineficiente do condutor";"Colisão traseira";"Com Vítimas Feridas";"Pleno dia";"Crescente";"Céu Claro";"Dupla";"Reta";"Não";2;0;1;0;1;0;1;2;-23,409788;-51,987453;"SPRF-PR";"DEL09-PR";"UOP01-DEL09-PR"
400075;2021-12-06;"segunda-feira";"08:15:00";"SP";381;82;"SAO PAULO";"Manobra de mudança de faixa";"Colisão lateral mesmo sentido";"Com Vítimas Feridas";"Pleno dia";"Crescente";"Céu Claro";"Múltipla";"Reta";"Sim";3;0;0;1;1;1;1;3;-23,42399;-46,575112;"SPRF-SP";"DEL03-SP";"UOP01-DEL03-SP"
400081;2021-11-24;"quarta-feira";"16:45:00";"PR";376;490,6;"PONTA GROSSA";"Ausência de reação do condutor";"Engavetamento";"Com Vítimas Feridas";"Pleno dia";"Crescente";"Céu Claro";"Dupla";"Reta";"Sim";9;0;1;0;7;5;1;13;-25,14692309;-50,15072006;"SPRF-PR";"DEL03-PR";"UOP01-DEL03-PR"
400084;2021-12-06;"segunda-feira";"08:10:00";"PE";232;81,5;"GRAVATA";"Entrada inopinada do pedestre";"Atropelamento de Pedestre";"Com Vítimas Feridas";"Pleno dia";"Decrescente";"Chuva";"Dupla";"Reta";"Sim";3;0;0;1;1;1;1;3;-8,19697746;-35,57850408;"SPRF-PE";"DEL02-PE";"UOP02-DEL02PE"
400091;2021-10-07;"quinta-feira";"14:50:00";"MG";262;579;"CORREGO DANTA";"Velocidade Incompatível";"Queda de ocupante de veículo";"Com Vítimas Feridas";"Pleno dia";"Crescente";"Céu Claro";"Simples";"Reta";"Não";3;0;0;1;1;1;1;3;-19,66704253;-46,05642815;"SPRF-MG";"DEL08-MG";"UOP02-DEL08-MG"
400093;2021-12-06;"segunda-feira";"07:40:00";"MA";10;244;"IMPERATRIZ";"Condutor deixou de manter distância do veículo da frente";"Colisão traseira";"Com Vítimas Feridas";"Pleno dia";"Decrescente";"Céu Claro";"Simples";"Reta";"Sim";5;0;1;0;3;1;1;4;-5,586003;-47,435688;"SPRF-MA";"DEL04-MA";"UOP01-DEL04-MA"
400099;2021-12-06;"segunda-feira";"09:10:00";"MG";40;469;"SETE LAGOAS";"Velocidade Incompatível";"Colisão traseira";"Com Vítimas Feridas";"Pleno dia";"Decrescente";"Chuva";"Dupla";"Curva";"Não";6;0;1;0;2;4;1;7;-19,46099279;-44,30121988;"SPRF-MG";"DEL02-MG";"UOP01-DEL02-MG"
400108;2021-12-06;"segunda-feira";"06:50:00";"CE";20;358,1;"MARANGUAPE";"Avarias e/ou desgaste excessivo no pneu";"Tombamento";"Com Vítimas Feridas";"Pleno dia";"Decrescente";"Céu Claro";"Dupla";"Reta";"Não";1;0;1;0;0;0;1;1;-4,03389114;-38,99422472;"SPRF-CE";"DEL02-CE";"UOP01-DEL02-CE"
400110;2021-12-06;"segunda-feira";"10:50:00";"RJ";116;262;"BARRA MANSA";"Demais falhas mecânicas ou elétricas";"Incêndio";"Sem Vítimas";"Pleno dia";"Decrescente";"Nublado";"Dupla";"Reta";"Não";2;0;0;0;1;1;0;2;-22,5876092;-44,05945791;"SPRF-RJ";"DEL07-RJ";"UOP02-DEL07-RJ"
400115;2021-12-06;"segunda-feira";"10:30:00";"RJ";40;121;"DUQUE DE CAXIAS";"Condutor deixou de manter distância do veículo da frente";"Engavetamento";"Com Vítimas Feridas";"Pleno dia";"Crescente";"Céu Claro";"Múltipla";"Reta";"Sim";5;0;1;0;4;0;1;4;-22,79013319;-43,28584541;"SPRF-RJ";"DEL01-RJ";"UOP01-DEL01-RJ"
400126;2021-12-06;"segunda-feira";"12:40:00";"PR";280;258,3;"MARMELEIRO";"Ausência de reação do condutor";"Colisão traseira";"Com Vítimas Feridas";"Pleno dia";"Decrescente";"Céu Claro";"Simples";"Reta";"Não";3;0;0;1;1;1;1;3;-26,16533764;-53,04881509;"SPRF-PR";"DEL02-PR";"UOP01-DEL02-PR"
400129;2021-12-06;"segunda-feira";"11:50:00";"RS";158;252,3;"JULIO DE CASTILHOS";"Condutor Dormindo";"Colisão frontal";"Com Vítimas Fatais";"Pleno dia";"Decrescente";"Céu Claro";"Simples";"Reta";"Não";5;1;0;0;3;2;0;5;-29,13674903;-53,65175088;"SPRF-RS";"DEL10-RS";"UOP02-DEL10-RS"
400130;2021-12-06;"segunda-feira";"13:10:00";"SC";101;126;"ITAJAI";"Manobra de mudança de faixa";"Colisão lateral mesmo sentido";"Com Vítimas Feridas";"Pleno dia";"Crescente";"Nublado";"Dupla";"Reta";"Não";3;0;1;0;1;2;1;4;-26,95564404;-48,67978366;"SPRF-SC";"DEL04-SC";"UOP04-DEL04-SC"
400132;2021-12-06;"segunda-feira";"05:00:00";"AM";174;1046,7;"PRESIDENTE FIGUEIREDO";"Acumulo de óleo sobre o pavimento";"Saída de leito carroçável";"Sem Vítimas";"Amanhecer";"Decrescente";"Chuva";"Simples";"Aclive";"Não";2;0;0;0;1;2;0;3;-1,6138581;-60,1994982;"SPRF-AM";"DEL01-AM";"UOP02-DEL01-AM"
400136;2021-12-06;"segunda-feira";"11:10:00";"MG";365;104;"JEQUITAI";"Avarias e/ou desgaste excessivo no pneu";"Colisão frontal";"Com Vítimas Feridas";"Pleno dia";"Decrescente";"Nublado";"Simples";"Reta";"Não";3;0;1;0;1;2;1;4;-17,21442312;-44,56049104;"SPRF-MG";"DEL12-MG";"UOP01-DEL12-MG"
400141;2021-12-06;"segunda-feira";"13:25:00";"PB";230;153,4;"CAMPINA GRANDE";"Condutor deixou de manter distância do veículo da frente";"Colisão traseira";"Sem Vítimas";"Pleno dia";"Decrescente";"Céu Claro";"Simples";"Interseção de Vias";"Sim";3;0;0;0;2;1;0;3;-7,2763;-35,8887;"SPRF-PB";"DEL02-PB";"UOP01-DEL02-PB"
400144;2021-12-06;"segunda-feira";"13:45:00";"RS";285;416,2;"PANAMBI";"Ausência de reação do condutor";"Colisão lateral sentido oposto";"Com Vítimas Feridas";"Pleno dia";"Decrescente";"Sol";"Simples";"Reta";"Não";3;0;0;1;1;1;1;3;-28,350279;-53,501183;"SPRF-RS";"DEL10-RS";"UOP01-DEL10-RS"
400145;2021-12-06;"segunda-feira";"13:00:00";"MT";163;725;"SORRISO";"Reação tardia ou ineficiente do condutor";"Colisão frontal";"Com Vítimas Fatais";"Pleno dia";"Decrescente";"Chuva";"Simples";"Reta";"Não";7;1;0;2;3;2;2;6;-12,764344;-55,834919;"SPRF-MT";"DEL06-MT";"UOP01-DEL06-MT"
400151;2021-12-06;"segunda-feira";"13:30:00";"CE";116;16,9;"EUSEBIO";"Chuva";"Tombamento";"Com Vítimas Feridas";"Pleno dia";"Crescente";"Chuva";"Dupla";"Reta;Declive";"Sim";2;0;1;0;1;0;1;2;-3,89575027;-38,50323823;"SPRF-CE";"DEL01-CE";"UOP02-DEL01-CE"
400152;2021-12-06;"segunda-feira";"13:40:00";"PE";101;45;"IGARASSU";"Reação tardia ou ineficiente do condutor";"Colisão lateral mesmo sentido";"Com Vítimas Feridas";"Pleno dia";"Decrescente";"Nublado";"Dupla";"Reta";"Sim";2;0;1;0;1;0;1;2;-7,86521297;-34,90715176;"SPRF-PE";"DEL01-PE";"UOP02-DEL01-PE"
400153;2021-12-06;"segunda-feira";"08:30:00";"SC";282;541;"CHAPECO";"Demais falhas na via";"Colisão traseira";"Com Vítimas Feridas";"Pleno dia";"Decrescente";"Céu Claro";"Simples";"Reta";"Não";4;0;1;0;3;0;1;4;-26,997713;-52,699165;"SPRF-SC";"DEL07-SC";"UOP01-DEL07-SC"
400156;2021-12-06;"segunda-feira";"14:30:00";"SC";470;74,5;"INDAIAL";"Ultrapassagem Indevida";"Colisão frontal";"Com Vítimas Feridas";"Pleno dia";"Crescente";"Chuva";"Simples";"Reta";"Não";3;0;0;1;1;2;1;4;-26,916288;-49,280807;"SPRF-SC";"DEL04-SC";"UOP01-DEL04-SC"
400163;2021-12-06;"segunda-feira";"15:45:00";"PR";476;140;"CURITIBA";"Condutor deixou de manter distância do veículo da frente";"Colisão lateral mesmo sentido";"Com Vítimas Feridas";"Pleno dia";"Crescente";"Céu Claro";"Dupla";"Reta";"Sim";4;0;1;0;2;1;1;4;-25,520693;-49,294121;"SPRF-PR";"DEL01-PR";"UOP03-DEL01-PR"
400166;2021-12-06;"segunda-feira";"15:45:00";"MG";381;362;"SAO GONCALO DO RIO ABAIXO";"Chuva";"Colisão frontal";"Com Vítimas Feridas";"Pleno dia";"Crescente";"Chuva";"Simples";"Aclive;Curva";"Não";3;0;2;0;1;0;2;2;-19,85643939;-43,24280693;"SPRF-MG";"DEL03-MG";"UOP01-DEL03-MG"
400167;2021-12-06;"segunda-feira";"16:00:00";"RS";285;457,4;"IJUI";"Velocidade Incompatível";"Saída de leito carroçável";"Com Vítimas Feridas";"Pleno dia";"Decrescente";"Sol";"Simples";"Reta";"Sim";1;0;1;0;0;0;1;1;-28,392351;-53,894886;"SPRF-RS";"DEL10-RS";"UOP01-DEL10-RS"
400168;2021-12-06;"segunda-feira";"15:44:00";"BA";324;568,2;"SAO SEBASTIAO DO PASSE";"Condutor Dormindo";"Saída de leito carroçável";"Com Vítimas Fatais";"Pleno dia";"Crescente";"Sol";"Dupla";"Reta;Declive";"Não";2;1;0;0;0;1;0;2;-12,54758319;-38,5820805;"SPRF-BA";"DEL01-BA";"UOP01-DEL01-BA"
400171;2021-12-06;"segunda-feira";"12:30:00";"SC";116;239;"LAGES";"Velocidade Incompatível";"Tombamento";"Com Vítimas Feridas";"Pleno dia";"Decrescente";"Céu Claro";"Simples";"Rotatória;Interseção de Vias";"Não";3;0;2;0;0;1;2;2;-27,74920303;-50,33493086;"SPRF-SC";"DEL05-SC";"UOP01-DEL05-SC"
400172;2021-12-06;"segunda-feira";"14:20:00";"MG";365;48,8;"CLARO DOS POCOES";"Pista Escorregadia";"Saída de leito carroçável";"Com Vítimas Feridas";"Pleno dia";"Crescente";"Chuva";"Simples";"Reta;Declive";"Não";2;0;1;0;1;0;1;1;-16,93286996;-44,23666404;"SPRF-MG";"DEL12-MG";"UOP01-DEL12-MG"
400175;2021-12-06;"segunda-feira";"15:45:00";"GO";40;5;"VALPARAISO DE GOIAS";"Acessar a via sem observar a presença dos outros veículos";"Colisão lateral mesmo sentido";"Sem Vítimas";"Pleno dia";"Decrescente";"Nublado";"Dupla";"Reta";"Sim";3;0;0;0;2;1;0;3;-16,093134;-47,982236;"SPRF-DF";"DEL01-DF";"UOP01-DEL01-DF"
400177;2021-12-06;"segunda-feira";"11:30:00";"BA";110;321;"ALAGOINHAS";"Acessar a via sem observar a presença dos outros veículos";"Tombamento";"Com Vítimas Fatais";"Pleno dia";"Crescente";"Céu Claro";"Simples";"Curva";"Não";3;1;0;0;1;3;0;5;-12,07521394;-38,34597792;"SPRF-BA";"DEL01-BA";"UOP04-DEL01-BA"
400179;2021-12-06;"segunda-feira";"16:10:00";"PB";230;1,4;"CABEDELO";"Ausência de reação do condutor";"Colisão traseira";"Sem Vítimas";"Pleno dia";"Crescente";"Sol";"Simples";"Reta";"Sim";2;0;0;0;2;0;0;2;-6,9753;-34,8318;"SPRF-PB";"DEL01-PB";"UOP01-DEL01-PB"
400181;2021-12-06;"segunda-feira";"16:00:00";"RS";392;303;"SAO SEPE";"Afundamento ou ondulação no pavimento";"Colisão lateral sentido oposto";"Com Vítimas Feridas";"Pleno dia";"Crescente";"Céu Claro";"Simples";"Reta";"Não";3;0;1;0;1;1;1;3;-30,11985159;-53,61778645;"SPRF-RS";"DEL09-RS";"UOP01-DEL09-RS"
400183;2021-12-06;"segunda-feira";"17:05:00";"PE";101;78,8;"JABOATAO DOS GUARARAPES";"Trafegar com motocicleta (ou similar) entre as faixas";"Colisão lateral mesmo sentido";"Com Vítimas Fatais";"Pleno dia";"Decrescente";"Céu Claro";"Dupla";"Curva";"Sim";3;1;0;0;1;1;0;3;-8,14425;-34,947289;"SPRF-PE";"DEL01-PE";"UOP01-DEL01-PE"
400186;2021-12-06;"segunda-feira";"16:40:00";"RS";116;223;"DOIS IRMAOS";"Condutor Dormindo";"Colisão frontal";"Com Vítimas Feridas";"Pleno dia";"Decrescente";"Céu Claro";"Simples";"Curva";"Sim";2;0;1;0;1;0;1;2;-29,58827044;-51,09917696;"SPRF-RS";"DEL01-RS";"UOP02-DEL01-RS"
400193;2021-12-06;"segunda-feira";"16:30:00";"SC";470;103,5;"APIUNA";"Acessar a via sem observar a presença dos outros veículos";"Colisão lateral mesmo sentido";"Com Vítimas Feridas";"Pleno dia";"Decrescente";"Chuva";"Simples";"Reta";"Não";4;0;2;0;1;1;2;3;-27,064796;-49,401424;"SPRF-SC";"DEL04-SC";"UOP02-DEL04-SC"
400195;2021-12-06;"segunda-feira";"12:30:00";"RS";470;0,9;"BARRACAO";"Ausência de reação do condutor";"Tombamento";"Com Vítimas Feridas";"Pleno dia";"Crescente";"Sol";"Múltipla";"Curva";"Não";2;0;1;0;0;2;1;3;-27,600798;-51,471245;"SPRF-RS";"DEL08-RS";"UOP05-DEL08-RS"
400205;2021-12-06;"segunda-feira";"17:40:00";"RJ";356;106,3;"CARDOSO MOREIRA";"Transitar na contramão";"Colisão frontal";"Com Vítimas Fatais";"Anoitecer";"Crescente";"Chuva";"Simples";"Reta";"Não";4;2;1;1;0;0;2;2;-21,54392978;-41,48390899;"SPRF-RJ";"DEL08-RJ";"UOP03-DEL08-RJ"
400215;2021-12-06;"segunda-feira";"16:30:00";"MG";365;104;"JEQUITAI";"Velocidade Incompatível";"Colisão frontal";"Com Vítimas Feridas";"Pleno dia";"Crescente";"Céu Claro";"Simples";"Reta";"Não";3;0;2;0;0;1;2;3;-17,21442312;-44,56049104;"SPRF-MG";"DEL12-MG";"UOP01-DEL12-MG"
400216;2021-12-06;"segunda-feira";"20:20:00";"PR";153;216,7;"TIBAGI";"Condutor Dormindo";"Colisão frontal";"Com Vítimas Feridas";"Plena Noite";"Crescente";"Céu Claro";"Simples";"Reta;Aclive";"Não";3;0;2;1;0;0;3;2;-24,60706914;-50,44166565;"SPRF-PR";"DEL03-PR";"UOP02-DEL03-PR"
400217;2021-12-06;"segunda-feira";"20:20:00";"MT";163;844;"SINOP";"Desrespeitar a preferência no cruzamento";"Colisão transversal";"Sem Vítimas";"Plena Noite";"Decrescente";"Céu Claro";"Simples";"Interseção de Vias;Reta";"Sim";3;0;0;0;2;3;0;5;-11,77811141;-55,47357559;"SPRF-MT";"DEL06-MT";"NPF/DEL06-MT"
400222;2021-12-06;"segunda-feira";"17:10:00";"AC";364;174;"BUJARI";"Avarias e/ou desgaste excessivo no pneu";"Colisão com objeto";"Com Vítimas Feridas";"Anoitecer";"Crescente";"Garoa/Chuvisco";"Simples";"Reta";"Não";3;0;1;0;2;0;1;2;-9,74766357;-68,08795274;"SPRF-AC";"DEL01-AC";"UOP01-DEL01-AC"
400226;2021-12-06;"segunda-feira";"20:45:00";"MG";365;593;"INDIANOPOLIS";"Ingestão de álcool pelo condutor";"Colisão com objeto";"Sem Vítimas";"Plena Noite";"Crescente";"Céu Claro";"Simples";"Declive;Curva";"Não";2;0;0;0;1;1;0;2;-18,88111257;-48,04733276;"SPRF-MG";"DEL15-MG";"UOP02-DEL15-MG"
400230;2021-12-06;"segunda-feira";"21:10:00";"MT";364;348,9;"SANTO ANTONIO DO LEVERGER";"Reação tardia ou ineficiente do condutor";"Saída de leito carroçável";"Com Vítimas Feridas";"Plena Noite";"Crescente";"Céu Claro";"Dupla";"Curva";"Não";1;0;1;0;0;0;1;1;-15,8035437;-55,5573611;"SPRF-MT";"DEL05-MT";"UOP02-DEL05-MT"
400232;2021-12-07;"terça-feira";"00:30:00";"PR";376;527,5;"PONTA GROSSA";"Condutor Dormindo";"Colisão traseira";"Com Vítimas Feridas";"Plena Noite";"Crescente";"Nublado";"Dupla";"Reta";"Não";3;0;0;1;1;2;1;4;-25,327481;-49,862779;"SPRF-PR";"DEL03-PR";"UOP01-DEL03-PR"
400236;2021-12-07;"terça-feira";"01:15:00";"SC";101;186;"BIGUACU";"Condutor Dormindo";"Colisão com objeto";"Com Vítimas Feridas";"Plena Noite";"Crescente";"Nublado";"Dupla";"Curva";"Sim";1;0;1;0;0;0;1;1;-27,43435302;-48,62592276;"SPRF-SC";"DEL01-SC";"UOP01-DEL01-SC"
400237;2021-12-06;"segunda-feira";"23:20:00";"MG";40;595,3;"OURO PRETO";"Condutor Dormindo";"Colisão lateral mesmo sentido";"Sem Vítimas";"Plena Noite";"Crescente";"Nublado";"Simples";"Reta;Declive";"Não";3;0;0;0;2;1;0;3;-20,414863;-43,893635;"SPRF-MG";"DEL05-MG";"UOP02-DEL05-MG"
400238;2021-12-06;"segunda-feira";"22:45:00";"MG";50;21;"ARAGUARI";"Condutor deixou de manter distância do veículo da frente";"Colisão traseira";"Com Vítimas Feridas";"Plena Noite";"Crescente";"Céu Claro";"Dupla";"Reta";"Não";3;0;0;1;1;2;1;4;-18,59591113;-48,05355644;"SPRF-MG";"DEL15-MG";"UOP02-DEL15-MG"
400241;2021-12-07;"terça-feira";"02:50:00";"RS";158;446,8;"ROSARIO DO SUL";"Condutor Dormindo";"Saída de leito carroçável";"Sem Vítimas";"Plena Noite";"Crescente";"Céu Claro";"Simples";"Rotatória";"Não";1;0;0;0;1;0;0;1;-30,23254648;-54,75384895;"SPRF-RS";"DEL11-RS";"UOP02-DEL11-RS"
400244;2021-12-07;"terça-feira";"03:30:00";"PB";104;146,7;"QUEIMADAS";"Demais falhas mecânicas ou elétricas";"Incêndio";"Sem Vítimas";"Plena Noite";"Decrescente";"Céu Claro";"Simples";"Reta";"Não";1;0;0;0;1;0;0;1;-7,43125373;-35,89767245;"SPRF-PB";"DEL02-PB";"UOP03-DEL02-PB"
400246;2021-12-07;"terça-feira";"04:50:00";"MG";381;932,6;"EXTREMA";"Reação tardia ou ineficiente do condutor";"Tombamento";"Com Vítimas Feridas";"Amanhecer";"Decrescente";"Céu Claro";"Dupla";"Curva";"Não";4;0;2;0;1;1;2;3;-22,81198015;-46,28431295;"SPRF-MG";"DEL16-MG";"UOP03-DEL16-MG"
400249;2021-12-07;"terça-feira";"05:45:00";"SC";470;153;"AGRONOMICA";"Velocidade Incompatível";"Colisão lateral sentido oposto";"Com Vítimas Feridas";"Pleno dia";"Crescente";"Céu Claro";"Simples";"Reta";"Não";2;0;0;1;1;0;1;2;-27,272911;-49,734741;"SPRF-SC";"DEL04-SC";"UOP02-DEL04-SC"
400251;2021-12-07;"terça-feira";"05:20:00";"MG";267;28,5;"ARGIRITA";"Demais falhas mecânicas ou elétricas";"Saída de leito carroçável";"Com Vítimas Feridas";"Amanhecer";"Decrescente";"Céu Claro";"Simples";"Curva";"Não";1;0;1;0;0;0;1;1;-21,62799078;-42,83040926;"SPRF-MG";"DEL07-MG";"UOP01-DEL07-MG"
400261;2021-12-07;"terça-feira";"03:50:00";"MT";364;198;"RONDONOPOLIS";"Ausência de sinalização";"Saída de leito carroçável";"Sem Vítimas";"Plena Noite";"Decrescente";"Céu Claro";"Dupla";"Retorno Regulamentado";"Sim";2;0;0;0;1;2;0;3;-16,50621198;-54,62294799;"SPRF-MT";"DEL02-MT";"UOP01-DEL02-MT"
400267;2021-12-07;"terça-feira";"06:40:00";"MT";163;800;"VERA";"Demais falhas mecânicas ou elétricas";"Incêndio";"Sem Vítimas";"Pleno dia";"Decrescente";"Céu Claro";"Simples";"Reta";"Não";2;0;0;0;1;3;0;4;-12,29014755;-55,56445233;"SPRF-MT";"DEL06-MT";"UOP01-DEL06-MT"
400268;2021-12-07;"terça-feira";"07:12:00";"CE";222;39,4;"CAUCAIA";"Ultrapassagem Indevida";"Colisão transversal";"Com Vítimas Feridas";"Pleno dia";"Crescente";"Céu Claro";"Simples";"Reta";"Não";4;0;1;0;2;4;1;7;-3,68791296;-38,90338182;"SPRF-CE";"DEL01-CE";"UOP01-DEL01-CE"
400271;2021-12-07;"terça-feira";"07:20:00";"MT";70;131;"GENERAL CARNEIRO";"Velocidade Incompatível";"Colisão lateral sentido oposto";"Com Vítimas Feridas";"Amanhecer";"Crescente";"Céu Claro";"Simples";"Declive;Curva";"Não";4;0;1;2;0;1;3;3;-15,59942051;-53,20801222;"SPRF-MT";"DEL07-MT";"UOP01-DEL07-MT"
400275;2021-12-07;"terça-feira";"08:10:00";"GO";364;182;"JATAI";"Velocidade Incompatível";"Saída de leito carroçável";"Sem Vítimas";"Pleno dia";"Decrescente";"Céu Claro";"Simples";"Reta";"Não";1;0;0;0;1;0;0;1;-17,956751;-51,621475;"SPRF-GO";"DEL05-GO";"UOP01-DEL05-GO"
400276;2021-12-07;"terça-feira";"09:20:00";"GO";153;223,2;"URUACU";"Manobra de mudança de faixa";"Colisão lateral mesmo sentido";"Com Vítimas Fatais";"Pleno dia";"Decrescente";"Nublado";"Simples";"Aclive";"Não";7;1;0;3;2;2;3;5;-14,710747;-49,2253;"SPRF-GO";"DEL07-GO";"UOP02-DEL07-GO"
400278;2021-12-07;"terça-feira";"09:20:00";"PE";104;30;"TORITAMA";"Pedestre cruzava a pista fora da faixa";"Atropelamento de Pedestre";"Com Vítimas Feridas";"Pleno dia";"Crescente";"Céu Claro";"Simples";"Reta";"Sim";3;0;0;1;1;1;1;3;-8,0137;-36,0565;"SPRF-PE";"DEL02-PE";"UOP01-DEL02-PE"