"id";"data_inversa";"dia_semana";"horario";"uf";"br";"km";"municipio";"causa_acidente";"tipo_acidente";"classificacao_acidente";"fase_dia";"sentido_via";"condicao_metereologica";"tipo_pista";"tracado_via";"uso_solo";"pessoas";"mortos";"feridos_leves";"feridos_graves";"ilesos";"ignorados";"feridos";"veiculos";"latitude";"longitude";"regional";"delegacia";"uop"
401185;2021-12-11;"sábado";"22:00:00";"RO";364;407,1;"JARU";"Demais falhas mecânicas ou elétricas";"Incêndio";"Sem Vítimas";"Plena Noite";"Crescente";"Céu Claro";"Simples";"Reta";"Não";2;0;0;0;1;2;0;3;-10,55481907;-62,38280809;"SPRF-RO";"DEL03-RO";"UOP02-DEL03-RO"
401213;2021-12-12;"domingo";"04:40:00";"SP";116;220;"GUARULHOS";"Demais falhas mecânicas ou elétricas";"Colisão traseira";"Com Vítimas Feridas";"Plena Noite";"Crescente";"Céu Claro";"Múltipla";"Reta";"Sim";3;0;0;1;2;0;1;3;-23,46472809;-46,49793962;"SPRF-SP";"DEL01-SP";"UOP01-DEL01-SP"
401214;2021-12-12;"domingo";"03:35:00";"RS";290;164,4;"BUTIA";"Ingestão de álcool pelo condutor";"Colisão frontal";"Sem Vítimas";"Plena Noite";"Crescente";"Céu Claro";"Simples";"Reta";"Não";3;0;0;0;2;2;0;4;-30,117533;-51,848679;"SPRF-RS";"DEL02-RS";"UOP03-DEL02-RS"
401220;2021-12-12;"domingo";"02:00:00";"MG";251;492,5;"FRANCISCO SA";"Velocidade Incompatível";"Colisão com objeto";"Com Vítimas Feridas";"Plena Noite";"Crescente";"Chuva";"Simples";"Declive";"Não";4;0;0;1;2;1;1;3;-16,54433804;-43,59543496;"SPRF-MG";"DEL12-MG";"UOP01-DEL12-MG"
401229;2021-12-11;"sábado";"16:30:00";"BA";242;293;"IBIQUERA";"Pista Escorregadia";"Tombamento";"Com Vítimas Feridas";"Anoitecer";"Decrescente";"Garoa/Chuvisco";"Simples";"Reta";"Não";2;0;1;0;0;2;1;3;-12,44104699;-40,83284199;"SPRF-BA";"DEL06-BA";"UOP02-DEL06-BA"
401232;2021-12-12;"domingo";"06:48:00";"BA";101;106;"ALAGOINHAS";"Condutor Dormindo";"Colisão lateral sentido oposto";"Com Vítimas Feridas";"Pleno dia";"Crescente";"Sol";"Simples";"Reta";"Não";2;0;1;0;1;0;1;2;-12,15963868;-38,41162324;"SPRF-BA";"DEL01-BA";"UOP04-DEL01-BA"
401238;2021-12-12;"domingo";"07:00:00";"SC";101;47,5;"JOINVILLE";"Reação tardia ou ineficiente do condutor";"Colisão lateral mesmo sentido";"Com Vítimas Feridas";"Pleno dia";"Crescente";"Céu Claro";"Dupla";"Reta";"Não";8;0;1;0;5;2;1;5;-26,36809535;-48,85843277;"SPRF-SC";"DEL03-SC";"UOP01-DEL03-SC"
401261;2021-12-12;"domingo";"09:50:00";"CE";222;343,2;"UBAJARA";"Demais falhas mecânicas ou elétricas";"Incêndio";"Sem Vítimas";"Pleno dia";"Decrescente";"Céu Claro";"Simples";"Aclive";"Não";2;0;0;0;1;1;0;2;-3,90347479;-41,19855881;"SPRF-CE";"DEL04-CE";"UOP02-DEL04-CE"
401273;2021-12-12;"domingo";"11:29:00";"MS";163;454,6;"CAMPO GRANDE";"Ausência de reação do condutor";"Colisão com objeto";"Sem Vítimas";"Pleno dia";"Crescente";"Nublado";"Simples";"Reta";"Não";2;0;0;0;1;1;0;2;-20,68996498;-54,55227495;"SPRF-MS";"DEL01-MS";"UOP01-DEL01-MS"
401274;2021-12-12;"domingo";"09:19:00";"MG";381;885,9;"ESTIVA";"Velocidade Incompatível";"Saída de leito carroçável";"Com Vítimas Feridas";"Pleno dia";"Crescente";"Céu Claro";"Dupla";"Reta";"Não";3;0;1;0;0;4;1;5;-22,54388201;-46,03875199;"SPRF-MG";"DEL16-MG";"UOP03-DEL16-MG"
401276;2021-12-12;"domingo";"12:15:00";"SC";470;35;"GASPAR";"Desrespeitar a preferência no cruzamento";"Colisão transversal";"Com Vítimas Fatais";"Pleno dia";"Decrescente";"Sol";"Simples";"Reta;Interseção de Vias";"Não";4;1;0;1;1;1;1;3;-26,912857;-48,958965;"SPRF-SC";"DEL04-SC";"UOP01-DEL04-SC"
401280;2021-12-12;"domingo";"11:30:00";"MT";364;385;"CUIABA";"Frear bruscamente";"Engavetamento";"Sem Vítimas";"Pleno dia";"Crescente";"Céu Claro";"Dupla";"Reta";"Não";4;0;0;0;3;4;0;7;-15,70242494;-55,809438;"SPRF-MT";"DEL01-MT";"UOP02-DEL01-MT"
401290;2021-12-12;"domingo";"15:00:00";"PR";376;393;"IMBAU";"Entrada inopinada do pedestre";"Atropelamento de Pedestre";"Com Vítimas Feridas";"Pleno dia";"Crescente";"Céu Claro";"Dupla";"Reta";"Não";3;0;0;1;1;1;1;3;-24,54584833;-50,69101639;"SPRF-PR";"DEL03-PR";"UOP02-DEL03-PR"
401291;2021-12-12;"domingo";"11:30:00";"TO";153;412;"MIRANORTE";"Manobra de mudança de faixa";"Colisão lateral mesmo sentido";"Com Vítimas Feridas";"Pleno dia";"Crescente";"Chuva";"Dupla";"Interseção de Vias";"Sim";7;0;2;0;4;2;2;4;-9,55083659;-48,59997511;"SPRF-TO";"DEL02-TO";"UOP02-DEL02-TO"
401292;2021-12-12;"domingo";"14:30:00";"PI";343;325,4;"TERESINA";"Manobra de mudança de faixa";"Colisão transversal";"Sem Vítimas";"Pleno dia";"Crescente";"Céu Claro";"Simples";"Reta";"Não";3;0;0;0;2;3;0;5;-5,065521;-42,609653;"SPRF-PI";"DEL01-PI";"UOP01-DEL01-PI"
401295;2021-12-12;"domingo";"14:30:00";"GO";60;100,5;"ANAPOLIS";"Ausência de reação do condutor";"Colisão traseira";"Com Vítimas Feridas";"Pleno dia";"Decrescente";"Chuva";"Dupla";"Reta";"Não";5;0;1;0;3;1;1;3;-16,3979;-48,9664;"SPRF-GO";"DEL02-GO";"UOP01-DEL02-GO"
401298;2021-12-12;"domingo";"15:00:00";"PE";407;124,9;"PETROLINA";"Desrespeitar a preferência no cruzamento";"Colisão transversal";"Com Vítimas Feridas";"Pleno dia";"Crescente";"Sol";"Dupla";"Interseção de Vias";"Sim";2;0;1;0;0;1;1;2;-9,36929881;-40,54137139;"SPRF-PE";"DEL06-PE";"UOP01-DEL06-PE"
401300;2021-12-11;"sábado";"02:30:00";"CE";20;378;"CAUCAIA";"Demais falhas mecânicas ou elétricas";"Saída de leito carroçável";"Com Vítimas Feridas";"Plena Noite";"Crescente";"Céu Claro";"Simples";"Reta";"Não";1;0;1;0;0;0;1;1;-3,93125886;-38,86100221;"SPRF-CE";"DEL01-CE";"UOP01-DEL01-CE"
401303;2021-12-12;"domingo";"13:20:00";"MG";116;96,4;"MEDINA";"Ausência de reação do condutor";"Tombamento";"Sem Vítimas";"Pleno dia";"Crescente";"Céu Claro";"Simples";"Declive";"Não";2;0;0;0;1;3;0;4;-16,40244787;-41,47432334;"SPRF-MG";"DEL11-MG";"UOP02-DEL11-MG"
401316;2021-12-12;"domingo";"11:45:00";"SC";116;297;"CAPAO ALTO";"Demais falhas mecânicas ou elétricas";"Colisão com objeto";"Com Vítimas Feridas";"Pleno dia";"Decrescente";"Céu Claro";"Simples";"Reta";"Não";1;0;0;1;0;0;1;1;-28,15699494;-50,66550226;"SPRF-SC";"DEL05-SC";"UOP02-DEL05-SC"
401321;2021-12-12;"domingo";"16:00:00";"MG";251;334;"FRUTA DE LEITE";"Problema com o freio";"Colisão traseira";"Com Vítimas Feridas";"Pleno dia";"Decrescente";"Céu Claro";"Simples";"Curva";"Não";3;0;0;1;2;0;1;2;-16,25584596;-42,43923797;"SPRF-MG";"DEL12-MG";"UOP01-DEL12-MG"
401339;2021-12-12;"domingo";"18:10:00";"PR";369;180,8;"ARAPONGAS";"Ingestão de álcool pelo condutor";"Saída de leito carroçável";"Com Vítimas Feridas";"Pleno dia";"Crescente";"Nublado";"Dupla";"Reta";"Sim";9;0;7;0;1;1;7;4;-23,373483;-51,41256;"SPRF-PR";"DEL07-PR";"UOP02-DEL07-PR"
401364;2021-12-12;"domingo";"20:40:00";"MG";381;688,8;"LAVRAS";"Ausência de reação do condutor";"Colisão lateral mesmo sentido";"Sem Vítimas";"Plena Noite";"Decrescente";"Nublado";"Dupla";"Declive";"Não";3;0;0;0;1;3;0;4;-21,21737985;-45,1265452;"SPRF-MG";"DEL04-MG";"UOP02-DEL04-MG"
401380;2021-12-12;"domingo";"21:00:00";"PE";110;118,2;"IBIMIRIM";"Reação tardia ou ineficiente do condutor";"Tombamento";"Com Vítimas Feridas";"Plena Noite";"Decrescente";"Céu Claro";"Simples";"Curva";"Não";3;0;1;0;2;0;1;1;-8,4520771;-37,45349889;"SPRF-PE";"DEL03-PE";"UOP02-DEL03-PE"
401381;2021-12-12;"domingo";"21:45:00";"RS";285;417,1;"PANAMBI";"Desrespeitar a preferência no cruzamento";"Colisão transversal";"Com Vítimas Feridas";"Plena Noite";"Crescente";"Nublado";"Simples";"Reta;Interseção de Vias";"Não";3;0;1;0;1;1;1;3;-28,3455455;-53,52862185;"SPRF-RS";"DEL10-RS";"UOP01-DEL10-RS"
401382;2021-12-12;"domingo";"21:00:00";"RS";290;207;"PANTANO GRANDE";"Demais falhas mecânicas ou elétricas";"Colisão com objeto";"Sem Vítimas";"Plena Noite";"Crescente";"Céu Claro";"Simples";"Ponte";"Não";2;0;0;0;1;1;0;2;-30,167908;-52,288261;"SPRF-RS";"DEL02-RS";"UOP03-DEL02-RS"
401383;2021-12-12;"domingo";"20:00:00";"PI";316;176,6;"VALENCA DO PIAUI";"Avarias e/ou desgaste excessivo no pneu";"Capotamento";"Sem Vítimas";"Plena Noite";"Crescente";"Nublado";"Simples";"Reta";"Não";1;0;0;0;1;0;0;1;-6,22673449;-41,99357585;"SPRF-PI";"DEL04-PI";"UOP02-DEL04-PI"
401390;2021-12-12;"domingo";"17:00:00";"BA";242;283,1;"RUY BARBOSA";"Reação tardia ou ineficiente do condutor";"Saída de leito carroçável";"Com Vítimas Feridas";"Pleno dia";"Crescente";"Céu Claro";"Simples";"Curva";"Não";2;0;0;1;0;2;1;3;-12,44163888;-40,74549992;"SPRF-BA";"DEL06-BA";"UOP02-DEL06-BA"
401397;2021-12-12;"domingo";"23:30:00";"MG";40;565,7;"NOVA LIMA";"Chuva";"Colisão frontal";"Com Vítimas Fatais";"Plena Noite";"Decrescente";"Chuva";"Simples";"Reta;Aclive";"Sim";7;5;0;0;1;1;0;3;-20,16985101;-43,96554788;"SPRF-MG";"DEL01-MG";"UOP02-DEL01-MG"
401399;2021-12-12;"domingo";"23:10:00";"PR";376;3;"SAO JOSE DOS PINHAIS";"Condutor deixou de manter distância do veículo da frente";"Colisão traseira";"Com Vítimas Feridas";"Plena Noite";"Decrescente";"Céu Claro";"Dupla";"Reta";"Sim";2;0;1;0;1;0;1;2;-25,5397116;-49,19180989;"SPRF-PR";"DEL01-PR";"UOP04-DEL01-PR"
401400;2021-12-12;"domingo";"23:55:00";"SP";116;313,1;"SAO LOURENCO DA SERRA";"Reação tardia ou ineficiente do condutor";"Colisão traseira";"Com Vítimas Fatais";"Plena Noite";"Decrescente";"Nublado";"Dupla";"Reta";"Não";3;1;0;0;1;2;0;4;-23,88913612;-46,9801679;"SPRF-SP";"DEL04-SP";"UOP01-DEL04-SP"
401402;2021-12-12;"domingo";"23:30:00";"PR";369;507,7;"CASCAVEL";"Condutor deixou de manter distância do veículo da frente";"Colisão traseira";"Com Vítimas Feridas";"Plena Noite";"Crescente";"Nublado";"Simples";"Reta";"Não";2;0;1;0;0;1;1;2;-24,8386;-53,3091;"SPRF-PR";"DEL04-PR";"UOP01-DEL04-PR"
401407;2021-12-12;"domingo";"23:35:00";"SC";116;220,6;"CORREIA PINTO";"Ingestão de álcool pelo condutor";"Colisão transversal";"Sem Vítimas";"Plena Noite";"Decrescente";"Nublado";"Simples";"Rotatória";"Sim";3;0;0;0;2;1;0;3;-27,59083821;-50,36252975;"SPRF-SC";"DEL05-SC";"UOP03-DEL05-SC"
401414;2021-12-13;"segunda-feira";"03:20:00";"BA";324;599;"SIMOES FILHO";"Ingestão de álcool pelo condutor";"Colisão lateral mesmo sentido";"Com Vítimas Feridas";"Plena Noite";"Crescente";"Céu Claro";"Dupla";"Reta";"Não";6;0;3;0;3;0;3;2;-12,74194511;-38,43853918;"SPRF-BA";"DEL01-BA";"UOP01-DEL01-BA"
401416;2021-12-13;"segunda-feira";"02:00:00";"SC";282;560,2;"NOVA ITABERABA";"Transitar na contramão";"Colisão frontal";"Com Vítimas Fatais";"Plena Noite";"Crescente";"Céu Claro";"Simples";"Curva";"Não";5;1;1;1;2;0;2;2;-26,9261052;-52,8490165;"SPRF-SC";"DEL07-SC";"UOP01-DEL07-SC"
401425;2021-12-12;"domingo";"11:30:00";"GO";452;108,6;"BOM JESUS DE GOIAS";"Condutor Dormindo";"Colisão traseira";"Com Vítimas Feridas";"Pleno dia";"Crescente";"Ignorado";"Simples";"Reta";"Não";5;0;2;0;2;4;2;6;-18,15951219;-49,93111011;"SPRF-GO";"DEL03-GO";"UOP02-DEL03-GO"
401455;2021-12-13;"segunda-feira";"06:55:00";"MT";364;565;"NOBRES";"Chuva";"Tombamento";"Sem Vítimas";"Amanhecer";"Crescente";"Garoa/Chuvisco";"Simples";"Curva";"Não";1;0;0;0;1;0;0;1;-14,76386003;-56,34804297;"SPRF-MT";"DEL01-MT";"UOP01-DEL01-MT"
401463;2021-12-13;"segunda-feira";"08:50:00";"SC";163;71,6;"SAO MIGUEL DO OESTE";"Condutor deixou de manter distância do veículo da frente";"Colisão traseira";"Com Vítimas Feridas";"Pleno dia";"Crescente";"Céu Claro";"Dupla";"Interseção de Vias;Reta";"Sim";2;0;1;0;1;0;1;2;-26,72772401;-53,51281303;"SPRF-SC";"DEL07-SC";"UOP03-DEL07-SC"
401467;2021-12-13;"segunda-feira";"07:45:00";"PR";277;129;"BALSA NOVA";"Demais falhas mecânicas ou elétricas";"Eventos atípicos";"Com Vítimas Feridas";"Pleno dia";"Crescente";"Céu Claro";"Dupla";"Aclive;Reta";"Não";2;0;0;1;0;1;1;2;-25,45677838;-49,63824213;"SPRF-PR";"DEL01-PR";"UOP03-DEL03-PR"
401469;2021-12-13;"segunda-feira";"09:05:00";"MS";163;481,2;"CAMPO GRANDE";"Ausência de reação do condutor";"Colisão frontal";"Com Vítimas Fatais";"Pleno dia";"Crescente";"Chuva";"Simples";"Curva";"Sim";5;1;0;0;3;1;0;4;-20,469381;-54,55955;"SPRF-MS";"DEL01-MS";"UOP01-DEL01-MS"
401471;2021-12-13;"segunda-feira";"09:30:00";"BA";324;595;"CANDEIAS";"Reação tardia ou ineficiente do condutor";"Colisão traseira";"Com Vítimas Feridas";"Pleno dia";"Crescente";"Céu Claro";"Dupla";"Reta";"Não";5;0;4;0;1;0;4;2;-12,71235341;-38,45524557;"SPRF-BA";"DEL01-BA";"UOP01-DEL01-BA"
401481;2021-12-13;"segunda-feira";"09:40:00";"BA";116;835;"VITORIA DA CONQUISTA";"Acessar a via sem observar a presença dos outros veículos";"Colisão lateral mesmo sentido";"Com Vítimas Feridas";"Pleno dia";"Crescente";"Céu Claro";"Simples";"Reta";"Não";2;0;1;0;1;0;1;2;-14,95506763;-40,90244293;"SPRF-BA";"DEL08-BA";"UOP01-DEL08-BA"
401483;2021-12-13;"segunda-feira";"10:30:00";"RS";285;274,5;"MATO CASTELHANO";"Condutor usando celular";"Colisão lateral sentido oposto";"Com Vítimas Feridas";"Pleno dia";"Decrescente";"Céu Claro";"Simples";"Reta";"Não";2;0;0;1;1;0;1;2;-28,271717;-52,202023;"SPRF-RS";"DEL08-RS";"UOP03-DEL08-RS"
401488;2021-12-13;"segunda-feira";"07:50:00";"GO";70;32;"COCALZINHO DE GOIAS";"Acessar a via sem observar a presença dos outros veículos";"Colisão traseira";"Com Vítimas Feridas";"Pleno dia";"Decrescente";"Céu Claro";"Simples";"Curva";"Não";5;0;2;1;1;2;3;4;-15,77488021;-48,46853279;"SPRF-DF";"DEL03-DF";"UOP02-DEL03-DF"
401490;2021-12-13;"segunda-feira";"05:15:00";"MG";365;164;"PIRAPORA";"Condutor deixou de manter distância do veículo da frente";"Colisão traseira";"Com Vítimas Feridas";"Amanhecer";"Crescente";"Chuva";"Simples";"Reta";"Não";3;0;1;0;1;1;1;3;-17,36636734;-44,93614197;"SPRF-MG";"DEL12-MG";"UOP01-DEL12-MG"
401492;2021-12-13;"segunda-feira";"11:40:00";"PR";277;141,7;"BALSA NOVA";"Manobra de mudança de faixa";"Incêndio";"Com Vítimas Feridas";"Pleno dia";"Crescente";"Sol";"Simples";"Reta";"Não";3;0;2;0;0;1;2;2;-25,46559429;-49,74712372;"SPRF-PR";"DEL01-PR";"UOP03-DEL03-PR"
401496;2021-12-13;"segunda-feira";"11:50:00";"RS";386;44,3;"SEBERI";"Demais falhas mecânicas ou elétricas";"Incêndio";"Sem Vítimas";"Pleno dia";"Decrescente";"Sol";"Simples";"Reta";"Sim";2;0;0;0;1;1;0;2;-27,44242862;-53,41569163;"SPRF-RS";"DEL08-RS";"UOP02-DEL08-RS"
401500;2021-12-12;"domingo";"15:10:00";"GO";60;227;"CEZARINA";"Pista esburacada";"Tombamento";"Com Vítimas Feridas";"Pleno dia";"Decrescente";"Chuva";"Dupla";"Reta";"Não";1;0;1;0;0;0;1;1;-17,0331;-49,7777;"SPRF-GO";"DEL01-GO";"UOP02-DEL01-GO"
401501;2021-12-13;"segunda-feira";"11:50:00";"PR";277;721;"FOZ DO IGUACU";"Acessar a via sem observar a presença dos outros veículos";"Colisão transversal";"Com Vítimas Feridas";"Pleno dia";"Decrescente";"Céu Claro";"Dupla";"Retorno Regulamentado";"Sim";3;0;1;0;2;0;1;2;-25,4911505;-54,51185421;"SPRF-PR";"DEL05-PR";"UOP03-DEL05-PR"
401504;2021-12-13;"segunda-feira";"12:30:00";"RJ";116;163;"RIO DE JANEIRO";"Demais falhas mecânicas ou elétricas";"Colisão lateral mesmo sentido";"Com Vítimas Feridas";"Pleno dia";"Crescente";"Céu Claro";"Dupla";"Reta";"Não";2;0;1;0;1;0;1;2;-22,802729;-43,290424;"SPRF-RJ";"DEL01-RJ";"UOP01-DEL01-RJ"
401509;2021-12-13;"segunda-feira";"11:55:00";"SP";116;506;"CAJATI";"Ingestão de álcool e/ou substâncias psicoativas pelo pedestre";"Atropelamento de Pedestre";"Com Vítimas Feridas";"Pleno dia";"Crescente";"Céu Claro";"Múltipla";"Reta";"Não";2;0;1;0;1;0;1;2;-24,79704815;-48,2145174;"SPRF-SP";"DEL05-SP";"UOP02-DEL05-SP"
401511;2021-12-13;"segunda-feira";"14:00:00";"MG";267;28,2;"ARGIRITA";"Velocidade Incompatível";"Colisão com objeto";"Com Vítimas Fatais";"Pleno dia";"Decrescente";"Céu Claro";"Simples";"Curva;Declive;Ponte";"Não";2;1;0;0;0;1;0;2;-21,62799078;-42,83040926;"SPRF-MG";"DEL07-MG";"UOP01-DEL07-MG"
401512;2021-12-13;"segunda-feira";"12:30:00";"SP";381;67;"MAIRIPORA";"Ingestão de álcool pelo condutor";"Colisão lateral mesmo sentido";"Sem Vítimas";"Pleno dia";"Crescente";"Nublado";"Múltipla";"Reta";"Sim";2;0;0;0;1;1;0;2;-23,33226094;-46,57675379;"SPRF-SP";"DEL03-SP";"UOP01-DEL03-SP"
401514;2021-12-13;"segunda-feira";"11:20:00";"MT";163;839;"SINOP";"Acessar a via sem observar a presença dos outros veículos";"Colisão transversal";"Sem Vítimas";"Pleno dia";"Decrescente";"Céu Claro";"Dupla";"Reta;Retorno Regulamentado";"Sim";3;0;0;0;2;2;0;4;-11,951051;-55,516876;"SPRF-MT";"DEL06-MT";"NPF/DEL06-MT"
401516;2021-12-13;"segunda-feira";"14:15:00";"MG";381;296,9;"ANTONIO DIAS";"Obras na pista";"Colisão lateral sentido oposto";"Com Vítimas Feridas";"Pleno dia";"Crescente";"Nublado";"Dupla";"Em Obras;Curva;Desvio Temporário";"Não";3;0;0;1;0;2;1;3;-19,62698434;-42,8708198;"SPRF-MG";"DEL03-MG";"UOP02-DEL03-MG"
401518;2021-12-13;"segunda-feira";"15:00:00";"SC";101;201,4;"SAO JOSE";"Acessar a via sem observar a presença dos outros veículos";"Colisão lateral mesmo sentido";"Sem Vítimas";"Pleno dia";"Crescente";"Céu Claro";"Múltipla";"Viaduto";"Não";2;0;0;0;2;0;0;2;-27,54836599;-48,61977975;"SPRF-SC";"DEL01-SC";"UOP01-DEL01-SC"
401521;2021-12-13;"segunda-feira";"15:05:00";"ES";101;347;"GUARAPARI";"Reação tardia ou ineficiente do condutor";"Colisão frontal";"Com Vítimas Feridas";"Pleno dia";"Crescente";"Chuva";"Simples";"Reta";"Não";5;0;1;1;2;1;2;3;-20,65365634;-40,62631414;"SPRF-ES";"DEL03-ES";"UOP01-DEL03-ES"
401524;2021-12-13;"segunda-feira";"15:10:00";"RS";386;184;"CARAZINHO";"Ultrapassagem Indevida";"Tombamento";"Com Vítimas Feridas";"Pleno dia";"Crescente";"Céu Claro";"Simples";"Declive";"Não";8;0;3;0;1;4;3;4;-28,330097;-52,722542;"SPRF-RS";"DEL08-RS";"UOP01-DEL08-RS"
401537;2021-12-13;"segunda-feira";"14:40:00";"PR";277;32;"MORRETES";"Reação tardia ou ineficiente do condutor";"Tombamento";"Sem Vítimas";"Pleno dia";"Crescente";"Céu Claro";"Dupla";"Curva";"Não";2;0;0;0;1;1;0;2;-25,547373;-48,790559;"SPRF-PR";"DEL01-PR";"UOP05-DEL01-PR"
401540;2021-12-13;"segunda-feira";"11:50:00";"SC";282;297;"VARGEM";"Demais falhas mecânicas ou elétricas";"Tombamento";"Sem Vítimas";"Pleno dia";"Decrescente";"Céu Claro";"Simples";"Curva";"Não";2;0;0;0;1;1;0;2;-27,529324;-50,89362;"SPRF-SC";"DEL07-SC";"UOP06-DEL07-SC"
401541;2021-12-13;"segunda-feira";"17:15:00";"PR";277;125;"CAMPO LARGO";"Reação tardia ou ineficiente do condutor";"Atropelamento de Pedestre";"Com Vítimas Fatais";"Pleno dia";"Decrescente";"Nublado";"Dupla";"Curva";"Não";3;1;0;0;1;1;0;3;-25,470012;-49,613059;"SPRF-PR";"DEL01-PR";"UOP03-DEL03-PR"
401543;2021-12-13;"segunda-feira";"12:20:00";"MG";381;943;"EXTREMA";"Ausência de reação do condutor";"Colisão lateral mesmo sentido";"Com Vítimas Feridas";"Pleno dia";"Decrescente";"Nublado";"Dupla";"Reta";"Sim";4;0;3;1;0;0;4;2;-22,86660473;-46,35021061;"SPRF-MG";"DEL16-MG";"UOP03-DEL16-MG"
401545;2021-12-13;"segunda-feira";"17:00:00";"GO";50;96;"CRISTALINA";"Ausência de reação do condutor";"Colisão transversal";"Com Vítimas Feridas";"Pleno dia";"Crescente";"Nublado";"Simples";"Reta";"Sim";3;0;1;0;1;1;1;3;-16,74396009;-47,56238937;"SPRF-DF";"DEL01-DF";"UOP02-DEL01-DF"
401546;2021-12-13;"segunda-feira";"17:25:00";"MG";153;104;"PRATA";"Chuva";"Saída de leito carroçável";"Sem Vítimas";"Anoitecer";"Crescente";"Chuva";"Simples";"Declive";"Não";2;0;0;0;0;2;0;2;-19,26347485;-48,92260343;"SPRF-MG";"DEL15-MG";"UOP03-DEL15-MG"
401550;2021-12-13;"segunda-feira";"16:00:00";"RS";158;206,4;"CRUZ ALTA";"Condutor deixou de manter distância do veículo da frente";"Colisão frontal";"Sem Vítimas";"Pleno dia";"Crescente";"Chuva";"Simples";"Reta;Aclive";"Não";2;0;0;0;2;0;0;2;-28,73859;-53,59689;"SPRF-RS";"DEL10-RS";"UOP02-DEL10-RS"
401554;2021-12-13;"segunda-feira";"18:10:00";"PR";376;504;"PONTA GROSSA";"Manobra de mudança de faixa";"Colisão traseira";"Sem Vítimas";"Pleno dia";"Decrescente";"Nublado";"Dupla";"Reta";"Não";2;0;0;0;1;1;0;2;-25,23024416;-50,04503118;"SPRF-PR";"DEL03-PR";"UOP01-DEL03-PR"
401564;2021-12-13;"segunda-feira";"16:30:00";"PR";476;182;"LAPA";"Mal súbito do condutor";"Capotamento";"Sem Vítimas";"Pleno dia";"Decrescente";"Sol";"Simples";"Curva";"Não";2;0;0;0;1;2;0;3;-25,714262;-49,608009;"SPRF-PR";"DEL02-PR";"UOP04-DEL02-PR"
401568;2021-12-10;"sexta-feira";"11:10:00";"MT";163;734;"SORRISO";"Condutor deixou de manter distância do veículo da frente";"Colisão traseira";"Sem Vítimas";"Pleno dia";"Decrescente";"Céu Claro";"Simples";"Reta";"Não";3;0;0;0;2;4;0;6;-12,8025621;-55,83257338;"SPRF-MT";"DEL06-MT";"UOP01-DEL06-MT"
401569;2021-12-13;"segunda-feira";"19:50:00";"MG";381;454;"BELO HORIZONTE";"Ultrapassagem Indevida";"Colisão lateral mesmo sentido";"Com Vítimas Feridas";"Plena Noite";"Decrescente";"Nublado";"Simples";"Reta";"Sim";3;0;0;1;1;1;1;3;-19,85593827;-43,89662047;"SPRF-MG";"DEL01-MG";"UOP01-DEL01-MG"
401571;2021-12-09;"quinta-feira";"09:05:00";"MG";153;135;"PRATA";"Demais falhas mecânicas ou elétricas";"Tombamento";"Sem Vítimas";"Pleno dia";"Decrescente";"Céu Claro";"Simples";"Aclive";"Não";2;0;0;0;1;1;0;2;-19,5207219;-48,83355386;"SPRF-MG";"DEL15-MG";"UOP03-DEL15-MG"
401573;2021-12-12;"domingo";"11:00:00";"PE";232;140;"SAO CAITANO";"Carga excessiva e/ou mal acondicionada";"Eventos atípicos";"Sem Vítimas";"Pleno dia";"Crescente";"Céu Claro";"Dupla";"Reta";"Não";2;0;0;0;1;1;0;2;-8,32046632;-36,07694496;"SPRF-PE";"DEL02-PE";"UOP03-DEL02-PE"
401575;2021-12-13;"segunda-feira";"20:10:00";"DF";60;30,5;"BRASILIA";"Chuva";"Saída de leito carroçável";"Com Vítimas Feridas";"Plena Noite";"Crescente";"Garoa/Chuvisco";"Dupla";"Curva";"Sim";1;0;1;0;0;0;1;1;-16,03854;-48,255955;"SPRF-DF";"DEL03-DF";"UOP01-DEL03-DF"
401578;2021-12-13;"segunda-feira";"19:30:00";"SC";116;184,8;"SAO CRISTOVAO DO SUL";"Acessar a via sem observar a presença dos outros veículos";"Saída de leito carroçável";"Com Vítimas Feridas";"Plena Noite";"Crescente";"Nublado";"Simples";"Interseção de Vias";"Sim";2;0;1;0;1;0;1;1;-27,30258831;-50,42418133;"SPRF-SC";"DEL05-SC";"UOP03-DEL05-SC"
401586;2021-12-13;"segunda-feira";"17:25:00";"PR";373;419;"CANDOI";"Transitar na contramão";"Colisão frontal";"Com Vítimas Feridas";"Pleno dia";"Decrescente";"Céu Claro";"Simples";"Reta";"Não";3;0;1;1;1;0;2;3;-25,68840604;-52,15391695;"SPRF-PR";"DEL08-PR";"UOP01-DEL08-PR"
401587;2021-12-13;"segunda-feira";"22:15:00";"RS";386;260,2;"FONTOURA XAVIER";"Condutor Dormindo";"Saída de leito carroçável";"Com Vítimas Feridas";"Plena Noite";"Crescente";"Nublado";"Simples";"Curva";"Não";2;0;1;0;0;1;1;2;-28,892323;-52,40966;"SPRF-RS";"DEL04-RS";"UOP03-DEL04-RS"
401593;2021-12-13;"segunda-feira";"22:05:00";"TO";230;32,5;"NAZARE";"Objeto estático sobre o leito carroçável";"Colisão traseira";"Com Vítimas Feridas";"Plena Noite";"Decrescente";"Nublado";"Simples";"Reta";"Não";7;0;4;0;2;3;4;5;-6,40491422;-47,63617407;"SPRF-TO";"DEL02-TO";"UOP03-DEL02-TO"