"id";"data_inversa";"dia_semana";"horario";"uf";"br";"km";"municipio";"causa_acidente";"tipo_acidente";"classificacao_acidente";"fase_dia";"sentido_via";"condicao_metereologica";"tipo_pista";"tracado_via";"uso_solo";"pessoas";"mortos";"feridos_leves";"feridos_graves";"ilesos";"ignorados";"feridos";"veiculos";"latitude";"longitude";"regional";"delegacia";"uop"
401883;2021-12-15;"quarta-feira";"08:40:00";"MG";153;237;"FRONTEIRA";"Avarias e/ou desgaste excessivo no pneu";"Colisão frontal";"Com Vítimas Fatais";"Pleno dia";"Decrescente";"Chuva";"Simples";"Reta";"Não";4;2;0;0;1;1;0;3;-20,28330203;-49,19598196;"SPRF-MG";"DEL13-MG";"UOP02-DEL13-MG"
401884;2021-12-15;"quarta-feira";"12:20:00";"RJ";101;330;"RIO DE JANEIRO";"Condutor deixou de manter distância do veículo da frente";"Colisão traseira";"Com Vítimas Feridas";"Pleno dia";"Crescente";"Nublado";"Dupla";"Reta";"Não";2;0;1;0;1;0;1;2;-22,8684989;-43,18548699;"SPRF-RJ";"DEL02-RJ";"UOP02-DEL02-RJ"
401891;2021-12-15;"quarta-feira";"13:45:00";"PR";376;639;"SAO JOSE DOS PINHAIS";"Ingestão de álcool pelo condutor";"Colisão lateral mesmo sentido";"Com Vítimas Feridas";"Pleno dia";"Crescente";"Céu Claro";"Dupla";"Reta";"Não";6;0;0;1;4;1;1;5;-25,77360113;-49,12143434;"SPRF-PR";"DEL01-PR";"UOP04-DEL01-PR"
401894;2021-12-15;"quarta-feira";"15:10:00";"SC";101;163;"TIJUCAS";"Pedestre cruzava a pista fora da faixa";"Atropelamento de Pedestre";"Com Vítimas Feridas";"Pleno dia";"Decrescente";"Nublado";"Dupla";"Reta";"Sim";3;0;0;1;1;1;1;3;-27,23461699;-48,63039809;"SPRF-SC";"DEL04-SC";"UOP03-DEL04-SC"
401895;2021-12-15;"quarta-feira";"14:50:00";"RS";472;160,7;"SANTA ROSA";"Transitar na contramão";"Colisão frontal";"Com Vítimas Fatais";"Pleno dia";"Crescente";"Sol";"Simples";"Reta";"Não";3;1;1;0;1;0;1;2;-27,83631124;-54,43075203;"SPRF-RS";"DEL10-RS";"UOP01-DEL10-RS"
401902;2021-12-15;"quarta-feira";"15:25:00";"SC";101;239;"PALHOCA";"Manobra de mudança de faixa";"Colisão traseira";"Com Vítimas Feridas";"Pleno dia";"Decrescente";"Nublado";"Dupla";"Reta";"Não";3;0;0;1;1;1;1;3;-27,85046883;-48,63955216;"SPRF-SC";"DEL01-SC";"UOP02-DEL01-SC"
401906;2021-12-15;"quarta-feira";"16:10:00";"SP";153;182,8;"LINS";"Acessar a via sem observar a presença dos outros veículos";"Colisão transversal";"Com Vítimas Feridas";"Pleno dia";"Crescente";"Chuva";"Simples";"Interseção de Vias";"Não";4;0;1;1;2;0;2;2;-21,70530318;-49,80008125;"SPRF-SP";"DEL07-SP";"UOP01-DEL07-SP"
401911;2021-12-15;"quarta-feira";"16:50:00";"PB";101;43,5;"MAMANGUAPE";"Ausência de reação do condutor";"Colisão traseira";"Com Vítimas Feridas";"Pleno dia";"Crescente";"Céu Claro";"Dupla";"Aclive;Reta";"Não";3;0;0;1;1;3;1;5;-6,865561;-35,133374;"SPRF-PB";"DEL01-PB";"UOP04-DEL01-PB"
401917;2021-12-15;"quarta-feira";"18:30:00";"RN";405;81;"APODI";"Iluminação deficiente";"Colisão traseira";"Sem Vítimas";"Anoitecer";"Decrescente";"Céu Claro";"Simples";"Curva";"Não";2;0;0;0;2;0;0;2;-5,691065;-37,795281;"SPRF-RN";"DEL04-RN";"UOP02-DEL04-RN"
401924;2021-12-15;"quarta-feira";"18:40:00";"RS";392;150;"CANGUCU";"Velocidade Incompatível";"Saída de leito carroçável";"Com Vítimas Feridas";"Pleno dia";"Crescente";"Garoa/Chuvisco";"Simples";"Curva";"Não";2;0;0;1;0;1;1;2;-31,17222528;-52,84830955;"SPRF-RS";"DEL07-RS";"UOP01-DEL07-RS"
401935;2021-12-15;"quarta-feira";"18:00:00";"BA";101;351;"WENCESLAU GUIMARAES";"Pedestre andava na pista";"Atropelamento de Pedestre";"Com Vítimas Feridas";"Plena Noite";"Decrescente";"Céu Claro";"Simples";"Reta";"Não";3;0;0;1;1;1;1;3;-13,754776;-39,487544;"SPRF-BA";"DEL05-BA";"UOP03-DEL05-BA"
401937;2021-12-15;"quarta-feira";"18:50:00";"ES";101;316;"VILA VELHA";"Ausência de reação do condutor";"Colisão traseira";"Com Vítimas Feridas";"Plena Noite";"Decrescente";"Céu Claro";"Dupla";"Curva";"Não";3;0;1;0;1;1;1;3;-20,47804112;-40,47130769;"SPRF-ES";"DEL01-ES";"UOP01-DEL01-ES"
401938;2021-12-15;"quarta-feira";"19:30:00";"SP";116;108;"TAUBATE";"Avarias e/ou desgaste excessivo no pneu";"Queda de ocupante de veículo";"Com Vítimas Feridas";"Plena Noite";"Crescente";"Chuva";"Dupla";"Reta";"Sim";3;0;1;0;1;1;1;3;-23,0233097;-45,53763622;"SPRF-SP";"DEL08-SP";"UOP01-DEL08-SP"
401943;2021-12-15;"quarta-feira";"16:45:00";"PA";10;322;"SAO MIGUEL DO GUAMA";"Entrada inopinada do pedestre";"Atropelamento de Pedestre";"Com Vítimas Fatais";"Pleno dia";"Crescente";"Céu Claro";"Simples";"Reta";"Sim";3;1;0;0;2;0;0;2;-1,61939568;-47,47970107;"SPRF-PA";"DEL01-PA";"UOP02-DEL01-PA"
401945;2021-12-15;"quarta-feira";"20:00:00";"ES";101;340;"GUARAPARI";"Condutor deixou de manter distância do veículo da frente";"Colisão frontal";"Com Vítimas Feridas";"Plena Noite";"Crescente";"Céu Claro";"Simples";"Reta";"Não";3;0;1;0;1;2;1;4;-20,64704932;-40,56667574;"SPRF-ES";"DEL03-ES";"UOP01-DEL03-ES"
401947;2021-12-15;"quarta-feira";"19:45:00";"TO";153;719,4;"FIGUEIROPOLIS";"Acesso irregular";"Colisão traseira";"Com Vítimas Feridas";"Plena Noite";"Decrescente";"Céu Claro";"Simples";"Reta";"Não";3;0;0;1;1;1;1;3;-12,11278686;-49,17999978;"SPRF-TO";"DEL01-TO";"UOP02-DEL01-TO"
401953;2021-12-15;"quarta-feira";"21:30:00";"GO";364;329,8;"PORTELANDIA";"Condutor Dormindo";"Colisão lateral sentido oposto";"Com Vítimas Fatais";"Plena Noite";"Decrescente";"Garoa/Chuvisco";"Simples";"Reta";"Não";3;1;1;0;0;2;1;4;-17,400299;-52,711334;"SPRF-GO";"DEL05-GO";"UOP01-DEL05-GO"
401955;2021-12-15;"quarta-feira";"19:00:00";"MG";40;247;"SAO GONCALO DO ABAETE";"Chuva";"Colisão frontal";"Com Vítimas Feridas";"Plena Noite";"Crescente";"Chuva";"Simples";"Declive";"Não";5;0;3;0;1;2;3;4;-18,10887028;-45,4657742;"SPRF-MG";"DEL14-MG";"UOP02-DEL14-MG"
401957;2021-12-15;"quarta-feira";"17:00:00";"SC";116;127,2;"SANTA CECILIA";"Ultrapassagem Indevida";"Colisão lateral mesmo sentido";"Com Vítimas Feridas";"Pleno dia";"Crescente";"Céu Claro";"Simples";"Declive;Reta";"Não";3;0;1;0;1;1;1;3;-26,87270031;-50,41550285;"SPRF-SC";"DEL06-SC";"UOP02-DEL06-SC"
401959;2021-12-15;"quarta-feira";"18:30:00";"MG";40;204;"JOAO PINHEIRO";"Animais na Pista";"Atropelamento de Animal";"Com Vítimas Feridas";"Anoitecer";"Decrescente";"Nublado";"Simples";"Reta";"Não";1;0;1;0;0;0;1;1;-17,99104545;-45,78253011;"SPRF-MG";"DEL14-MG";"UOP02-DEL14-MG"
401960;2021-12-15;"quarta-feira";"21:30:00";"SP";116;119;"CACAPAVA";"Ausência de reação do condutor";"Colisão traseira";"Com Vítimas Feridas";"Plena Noite";"Decrescente";"Chuva";"Dupla";"Aclive";"Não";5;0;2;0;2;1;2;4;-23,06710044;-45,63562878;"SPRF-SP";"DEL02-SP";"UOP02-DEL02-SP"
401964;2021-12-15;"quarta-feira";"22:35:00";"SC";101;202,5;"SAO JOSE";"Ultrapassagem Indevida";"Colisão lateral mesmo sentido";"Com Vítimas Feridas";"Plena Noite";"Decrescente";"Nublado";"Dupla";"Em Obras";"Sim";3;0;1;0;1;1;1;3;-27,55711595;-48,61897889;"SPRF-SC";"DEL01-SC";"UOP01-DEL01-SC"
401970;2021-12-15;"quarta-feira";"14:45:00";"MT";364;1084;"SAPEZAL";"Manobra de mudança de faixa";"Colisão frontal";"Com Vítimas Fatais";"Pleno dia";"Decrescente";"Céu Claro";"Simples";"Reta";"Não";4;1;1;1;0;2;2;4;-13,15467095;-58,73410636;"SPRF-MT";"DEL04-MT";"UOP01-DEL04-MT"
401971;2021-12-15;"quarta-feira";"21:45:00";"PR";116;109;"SAO JOSE DOS PINHAIS";"Velocidade Incompatível";"Colisão traseira";"Com Vítimas Fatais";"Plena Noite";"Crescente";"Céu Claro";"Dupla";"Reta";"Não";3;1;0;0;2;0;0;2;-25,57140489;-49,20748999;"SPRF-PR";"DEL01-PR";"UOP01-DEL01-PR"
401974;2021-12-15;"quarta-feira";"21:15:00";"MG";116;124;"ITAOBIM";"Demais falhas na via";"Tombamento";"Com Vítimas Feridas";"Plena Noite";"Decrescente";"Ignorado";"Simples";"Curva";"Não";3;0;1;0;0;2;1;3;-16,63600491;-41,50254588;"SPRF-MG";"DEL11-MG";"UOP02-DEL11-MG"
401976;2021-12-15;"quarta-feira";"11:00:00";"PR";376;106,5;"SAO JOSE DOS PINHAIS";"Ausência de reação do condutor";"Engavetamento";"Sem Vítimas";"Plena Noite";"Crescente";"Nublado";"Dupla";"Reta";"Não";6;0;0;0;5;4;0;9;-25,56936;-49,2234;"SPRF-PR";"DEL09-PR";"UOP02-DEL09-PR"
401978;2021-12-16;"quinta-feira";"00:40:00";"SP";116;401,7;"MIRACATU";"Ausência de reação do condutor";"Tombamento";"Com Vítimas Feridas";"Plena Noite";"Decrescente";"Nublado";"Dupla";"Reta";"Não";4;0;0;1;1;2;1;3;-24,31051469;-47,50995275;"SPRF-SP";"DEL04-SP";"UOP02-DEL04-SP"
401983;2021-12-16;"quinta-feira";"01:48:00";"SC";101;216,2;"PALHOCA";"Reação tardia ou ineficiente do condutor";"Colisão traseira";"Com Vítimas Fatais";"Plena Noite";"Decrescente";"Céu Claro";"Dupla";"Declive";"Sim";8;2;2;2;1;2;4;7;-27,6626928;-48,6760317;"SPRF-SC";"DEL01-SC";"UOP02-DEL01-SC"
401984;2021-12-15;"quarta-feira";"21:01:00";"BA";324;378;"GAVIAO";"Ausência de reação do condutor";"Colisão traseira";"Com Vítimas Feridas";"Plena Noite";"Crescente";"Céu Claro";"Simples";"Reta";"Não";3;0;0;1;1;2;1;4;-11,45395388;-39,81094091;"SPRF-BA";"DEL04-BA";"UOP02-DEL04-BA"
401989;2021-12-15;"quarta-feira";"22:45:00";"BA";116;428;"FEIRA DE SANTANA";"Condutor Dormindo";"Saída de leito carroçável";"Sem Vítimas";"Plena Noite";"Decrescente";"Céu Claro";"Simples";"Reta";"Não";2;0;0;0;1;1;0;2;-12,26121396;-38,98943559;"SPRF-BA";"DEL02-BA";"UOP01-DEL02-BA"
401994;2021-12-16;"quinta-feira";"03:30:00";"SC";470;169,2;"POUSO REDONDO";"Ingestão de álcool pelo condutor";"Colisão transversal";"Sem Vítimas";"Plena Noite";"Decrescente";"Céu Claro";"Simples";"Reta";"Sim";3;0;0;0;2;1;0;3;-27,265471;-49,882442;"SPRF-SC";"DEL04-SC";"UOP02-DEL04-SC"
401999;2021-12-16;"quinta-feira";"05:10:00";"TO";153;712,5;"CARIRI DO TOCANTINS";"Transitar na contramão";"Colisão frontal";"Com Vítimas Fatais";"Amanhecer";"Decrescente";"Céu Claro";"Simples";"Declive";"Não";4;2;0;1;0;1;1;3;-12,05782096;-49,20250133;"SPRF-TO";"DEL01-TO";"UOP02-DEL01-TO"
402001;2021-12-16;"quinta-feira";"04:30:00";"PR";153;328,8;"IRATI";"Reação tardia ou ineficiente do condutor";"Colisão transversal";"Com Vítimas Feridas";"Plena Noite";"Crescente";"Céu Claro";"Simples";"Reta";"Sim";3;0;1;0;1;1;1;3;-25,44654712;-50,61562676;"SPRF-PR";"DEL03-PR";"UOP03-DEL03-PR"
402002;2021-12-16;"quinta-feira";"05:20:00";"SC";470;191,8;"POUSO REDONDO";"Velocidade Incompatível";"Tombamento";"Com Vítimas Feridas";"Amanhecer";"Decrescente";"Nublado";"Simples";"Curva";"Não";1;0;0;1;0;0;1;1;-27,284445;-50,07766;"SPRF-SC";"DEL04-SC";"UOP02-DEL04-SC"
402005;2021-12-16;"quinta-feira";"05:25:00";"MG";381;455;"BELO HORIZONTE";"Retorno proibido";"Colisão transversal";"Sem Vítimas";"Anoitecer";"Crescente";"Nublado";"Simples";"Reta";"Sim";4;0;0;0;2;2;0;4;-19,85777408;-43,90468298;"SPRF-MG";"DEL01-MG";"UOP01-DEL01-MG"
402007;2021-12-16;"quinta-feira";"06:50:00";"SC";101;156;"PORTO BELO";"Ultrapassagem Indevida";"Colisão lateral mesmo sentido";"Com Vítimas Feridas";"Pleno dia";"Decrescente";"Céu Claro";"Simples";"Reta";"Sim";2;0;1;0;1;0;1;2;-27,172272;-48,61170204;"SPRF-SC";"DEL04-SC";"UOP03-DEL04-SC"
402008;2021-12-16;"quinta-feira";"07:15:00";"MG";251;510,7;"FRANCISCO SA";"Reação tardia ou ineficiente do condutor";"Colisão lateral sentido oposto";"Com Vítimas Fatais";"Pleno dia";"Crescente";"Céu Claro";"Simples";"Reta;Declive";"Não";4;1;1;1;1;0;2;2;-16,638614;-43,698717;"SPRF-MG";"DEL12-MG";"UOP01-DEL12-MG"
402011;2021-12-15;"quarta-feira";"22:55:00";"SC";282;420,7;"VARGEM BONITA";"Ingestão de álcool pelo condutor";"Colisão lateral sentido oposto";"Com Vítimas Feridas";"Plena Noite";"Crescente";"Chuva";"Simples";"Curva";"Não";3;0;1;0;1;1;1;3;-27,014505;-51,736427;"SPRF-SC";"DEL07-SC";"UOP05-DEL07-SC"
402015;2021-12-16;"quinta-feira";"06:23:00";"SP";153;18,5;"NOVA GRANADA";"Desrespeitar a preferência no cruzamento";"Colisão transversal";"Com Vítimas Feridas";"Pleno dia";"Decrescente";"Nublado";"Simples";"Reta";"Não";3;0;1;0;1;1;1;3;-20,44382107;-49,28091485;"SPRF-SP";"DEL09-SP";"UOP01-DEL09-SP"
402017;2021-12-16;"quinta-feira";"07:25:00";"CE";116;39;"HORIZONTE";"Manobra de mudança de faixa";"Colisão lateral mesmo sentido";"Com Vítimas Feridas";"Pleno dia";"Decrescente";"Céu Claro";"Dupla";"Reta";"Sim";2;0;1;0;1;0;1;2;-4,08722773;-38,500659;"SPRF-CE";"DEL01-CE";"UOP02-DEL01-CE"
402018;2021-12-16;"quinta-feira";"07:10:00";"MG";381;943,5;"EXTREMA";"Acumulo de água sobre o pavimento";"Colisão lateral mesmo sentido";"Com Vítimas Feridas";"Pleno dia";"Decrescente";"Chuva";"Dupla";"Declive;Curva";"Não";3;0;1;0;1;1;1;3;-22,86379863;-46,34519219;"SPRF-MG";"DEL16-MG";"UOP03-DEL16-MG"
402021;2021-12-16;"quinta-feira";"07:20:00";"MG";356;265,5;"MURIAE";"Condutor deixou de manter distância do veículo da frente";"Colisão lateral mesmo sentido";"Com Vítimas Feridas";"Pleno dia";"Decrescente";"Nublado";"Simples";"Curva";"Sim";4;0;1;0;1;2;1;4;-21,12838898;-42,366803;"SPRF-MG";"DEL07-MG";"UOP02-DEL07-MG"
402023;2021-12-15;"quarta-feira";"20:50:00";"SC";101;121;"ITAJAI";"Ausência de reação do condutor";"Saída de leito carroçável";"Sem Vítimas";"Plena Noite";"Decrescente";"Nublado";"Dupla";"Reta";"Sim";2;0;0;0;1;1;0;2;-26,92103178;-48,70856446;"SPRF-SC";"DEL04-SC";"UOP04-DEL04-SC"
402024;2021-12-11;"sábado";"17:10:00";"SC";280;33;"ARAQUARI";"Ultrapassagem Indevida";"Colisão lateral mesmo sentido";"Sem Vítimas";"Pleno dia";"Crescente";"Nublado";"Simples";"Reta";"Sim";2;0;0;0;2;0;0;2;-26,42576441;-48,78741376;"SPRF-SC";"DEL03-SC";"UOP03-DEL03-SC"
402027;2021-12-16;"quinta-feira";"07:40:00";"MG";40;730,5;"OLIVEIRA FORTES";"Velocidade Incompatível";"Capotamento";"Com Vítimas Fatais";"Pleno dia";"Crescente";"Céu Claro";"Dupla";"Curva";"Não";1;1;0;0;0;0;0;1;-21,33378994;-43,5866212;"SPRF-MG";"DEL05-MG";"UOP01-DEL05-MG"
402030;2021-12-16;"quinta-feira";"04:35:00";"GO";153;650,6;"GOIATUBA";"Condutor Dormindo";"Saída de leito carroçável";"Sem Vítimas";"Pleno dia";"Decrescente";"Céu Claro";"Dupla";"Reta";"Não";2;0;0;0;1;1;0;2;-17,9665;-49,2533;"SPRF-GO";"DEL03-GO";"UOP01-DEL03-GO"
402033;2021-12-12;"domingo";"00:20:00";"MT";364;390,7;"CUIABA";"Manobra de mudança de faixa";"Tombamento";"Sem Vítimas";"Plena Noite";"Crescente";"Nublado";"Dupla";"Curva";"Não";2;0;0;0;1;1;0;2;-15,6945427;-55,90017229;"SPRF-MT";"DEL01-MT";"UOP02-DEL01-MT"
402035;2021-12-16;"quinta-feira";"07:00:00";"PR";277;111,5;"CAMPO LARGO";"Condutor deixou de manter distância do veículo da frente";"Colisão traseira";"Com Vítimas Feridas";"Amanhecer";"Crescente";"Nublado";"Dupla";"Reta";"Não";3;0;1;0;1;1;1;2;-25,4353878;-49,4394516;"SPRF-PR";"DEL01-PR";"UOP03-DEL03-PR"
402038;2021-12-16;"quinta-feira";"08:20:00";"PR";467;105;"CASCAVEL";"Desrespeitar a preferência no cruzamento";"Colisão transversal";"Com Vítimas Feridas";"Pleno dia";"Decrescente";"Céu Claro";"Dupla";"Retorno Regulamentado";"Não";4;0;1;2;1;0;3;2;-24,9142;-53,492;"SPRF-PR";"DEL04-PR";"UOP01-DEL04-PR"
402043;2021-12-16;"quinta-feira";"08:35:00";"SP";116;504;"CAJATI";"Ausência de reação do condutor";"Colisão traseira";"Com Vítimas Feridas";"Pleno dia";"Decrescente";"Nublado";"Simples";"Curva";"Não";3;0;1;0;1;1;1;3;-24,78266496;-48,20865858;"SPRF-SP";"DEL05-SP";"UOP02-DEL05-SP"
402047;2021-12-16;"quinta-feira";"04:50:00";"PI";343;75;"BURITI DOS LOPES";"Demais falhas mecânicas ou elétricas";"Saída de leito carroçável";"Com Vítimas Feridas";"Amanhecer";"Decrescente";"Céu Claro";"Simples";"Reta";"Não";3;0;3;0;0;0;3;1;-3,362046;-41,736481;"SPRF-PI";"DEL05-PI";"UOP01-DEL05-PI"
402048;2021-12-16;"quinta-feira";"09:30:00";"BA";116;665,9;"JEQUIE";"Reação tardia ou ineficiente do condutor";"Saída de leito carroçável";"Com Vítimas Fatais";"Pleno dia";"Decrescente";"Céu Claro";"Simples";"Reta";"Não";6;1;3;0;1;2;3;4;-13,75004102;-40,09738978;"SPRF-BA";"DEL03-BA";"UOP01-DEL03-BA"
402051;2021-12-16;"quinta-feira";"07:15:00";"SP";459;0;"PIQUETE";"Curva acentuada";"Tombamento";"Sem Vítimas";"Pleno dia";"Decrescente";"Nublado";"Simples";"Curva";"Não";1;0;0;0;0;1;0;1;-22,564281;-45,22931;"SPRF-SP";"DEL08-SP";"UOP02-DEL08-SP"
402053;2021-12-16;"quinta-feira";"06:44:00";"AC";364;75;"PLACIDO DE CASTRO";"Condutor deixou de manter distância do veículo da frente";"Colisão frontal";"Com Vítimas Feridas";"Pleno dia";"Decrescente";"Chuva";"Simples";"Reta";"Não";3;0;1;1;1;0;2;2;-10,0769942;-67,38297391;"SPRF-AC";"DEL01-AC";"UOP01-DEL01-AC"
402057;2021-12-16;"quinta-feira";"11:00:00";"PE";101;82;"JABOATAO DOS GUARARAPES";"Manobra de mudança de faixa";"Tombamento";"Com Vítimas Feridas";"Pleno dia";"Crescente";"Céu Claro";"Múltipla";"Viaduto";"Sim";3;0;1;0;2;0;1;2;-8,168383;-34,9376;"SPRF-PE";"DEL01-PE";"UOP01-DEL01-PE"
402068;2021-12-16;"quinta-feira";"13:00:00";"MG";251;452;"GRAO MOGOL";"Velocidade Incompatível";"Colisão frontal";"Com Vítimas Feridas";"Pleno dia";"Crescente";"Chuva";"Simples";"Reta";"Não";3;0;1;0;1;2;1;4;-16,42120408;-43,31698598;"SPRF-MG";"DEL12-MG";"UOP01-DEL12-MG"
402071;2021-12-16;"quinta-feira";"11:30:00";"MG";262;553,6;"LUZ";"Velocidade Incompatível";"Tombamento";"Com Vítimas Feridas";"Pleno dia";"Crescente";"Nublado";"Simples";"Curva;Declive";"Não";2;0;1;0;0;1;1;2;-19,70748572;-45,92010498;"SPRF-MG";"DEL08-MG";"UOP02-DEL08-MG"
402073;2021-12-16;"quinta-feira";"13:00:00";"ES";101;118,5;"SOORETAMA";"Ultrapassagem Indevida";"Colisão frontal";"Com Vítimas Feridas";"Pleno dia";"Crescente";"Nublado";"Simples";"Reta";"Não";3;0;2;0;1;0;2;2;-19,12750105;-40,06705989;"SPRF-ES";"DEL04-ES";"UOP01-DEL04-ES"
402082;2021-12-16;"quinta-feira";"14:40:00";"PR";376;597,6;"CURITIBA";"Trafegar com motocicleta (ou similar) entre as faixas";"Colisão traseira";"Com Vítimas Feridas";"Pleno dia";"Crescente";"Céu Claro";"Dupla";"Reta";"Não";3;0;0;1;1;2;1;4;-25,510571;-49,338848;"SPRF-PR";"DEL01-PR";"UOP01-DEL01-PR"
402085;2021-12-16;"quinta-feira";"15:35:00";"SC";101;201,6;"SAO JOSE";"Reação tardia ou ineficiente do condutor";"Colisão traseira";"Com Vítimas Feridas";"Pleno dia";"Crescente";"Sol";"Múltipla";"Reta";"Sim";4;0;1;0;3;0;1;3;-27,55261984;-48,61974835;"SPRF-SC";"DEL01-SC";"UOP01-DEL01-SC"
402086;2021-12-16;"quinta-feira";"11:40:00";"MT";364;476;"JANGADA";"Reação tardia ou ineficiente do condutor";"Colisão traseira";"Com Vítimas Feridas";"Pleno dia";"Decrescente";"Nublado";"Simples";"Reta";"Não";3;0;1;0;1;3;1;5;-15,41715232;-56,34834541;"SPRF-MT";"DEL01-MT";"UOP02-DEL01-MT"
402087;2021-12-16;"quinta-feira";"15:00:00";"BA";116;2,5;"VITORIA DA CONQUISTA";"Condutor deixou de manter distância do veículo da frente";"Colisão lateral mesmo sentido";"Com Vítimas Feridas";"Pleno dia";"Decrescente";"Céu Claro";"Simples";"Reta";"Não";6;0;1;0;4;1;1;3;-14,851;-40,8485;"SPRF-BA";"DEL08-BA";"UOP01-DEL08-BA"
402093;2021-12-16;"quinta-feira";"15:45:00";"ES";482;65,2;"JERONIMO MONTEIRO";"Ultrapassagem Indevida";"Colisão frontal";"Com Vítimas Feridas";"Anoitecer";"Decrescente";"Céu Claro";"Simples";"Reta";"Sim";3;0;0;2;1;0;2;2;-20,79537324;-41,40497918;"SPRF-ES";"DEL03-ES";"UOP02-DEL03-ES"
402095;2021-12-16;"quinta-feira";"16:15:00";"CE";304;20,8;"BEBERIBE";"Acessar a via sem observar a presença dos outros veículos";"Colisão transversal";"Com Vítimas Feridas";"Pleno dia";"Crescente";"Céu Claro";"Simples";"Reta";"Sim";4;0;0;1;2;1;1;3;-4,58499273;-38,03151201;"SPRF-CE";"DEL03-CE";"UOP03-DEL03-CE"
402101;2021-12-16;"quinta-feira";"15:50:00";"MS";158;37;"PARANAIBA";"Ausência de reação do condutor";"Colisão frontal";"Com Vítimas Feridas";"Pleno dia";"Crescente";"Chuva";"Simples";"Aclive;Reta";"Não";3;0;0;1;1;3;1;5;-19,28562587;-51,47935867;"SPRF-MS";"DEL08-MS";"UOP01-DEL08-MS"
402102;2021-12-16;"quinta-feira";"14:50:00";"MG";381;377;"SAO GONCALO DO RIO ABAIXO";"Curva acentuada";"Colisão frontal";"Com Vítimas Feridas";"Pleno dia";"Decrescente";"Chuva";"Simples";"Curva";"Não";5;0;4;0;0;1;4;5;-19,832064;-43,35244;"SPRF-MG";"DEL01-MG";"UOP01-DEL01-MG"
402103;2021-12-16;"quinta-feira";"16:55:00";"RS";386;304,7;"POUSO NOVO";"Demais falhas mecânicas ou elétricas";"Tombamento";"Com Vítimas Feridas";"Pleno dia";"Crescente";"Sol";"Simples";"Curva";"Não";3;0;1;0;1;2;1;4;-29,178612;-52,195;"SPRF-RS";"DEL04-RS";"UOP01-DEL04-RS"
402106;2021-12-16;"quinta-feira";"16:50:00";"SP";116;393,6;"MIRACATU";"Condutor Dormindo";"Saída de leito carroçável";"Com Vítimas Feridas";"Pleno dia";"Decrescente";"Céu Claro";"Dupla";"Reta";"Sim";2;0;2;0;0;0;2;1;-24,28558932;-47,44194093;"SPRF-SP";"DEL04-SP";"UOP02-DEL04-SP"
402110;2021-12-16;"quinta-feira";"14:20:00";"SC";101;116;"ITAJAI";"Condutor deixou de manter distância do veículo da frente";"Colisão traseira";"Com Vítimas Feridas";"Pleno dia";"Decrescente";"Céu Claro";"Múltipla";"Reta";"Sim";3;0;2;0;1;0;2;2;-26,87905605;-48,72603512;"SPRF-SC";"DEL04-SC";"UOP04-DEL04-SC"
402122;2021-12-16;"quinta-feira";"12:30:00";"MT";70;684;"CACERES";"Acumulo de água sobre o pavimento";"Colisão frontal";"Com Vítimas Feridas";"Pleno dia";"Decrescente";"Chuva";"Simples";"Curva";"Não";3;0;2;0;1;0;2;2;-16,14356887;-57,33928105;"SPRF-MT";"DEL03-MT";"UOP02-DEL03-MT"
402144;2021-12-16;"quinta-feira";"10:00:00";"MT";158;331;"BOM JESUS DO ARAGUAIA";"Curva acentuada";"Tombamento";"Sem Vítimas";"Pleno dia";"Decrescente";"Chuva";"Simples";"Curva";"Não";2;0;0;0;1;2;0;3;-12,16711695;-51,67546954;"SPRF-MT";"DEL07-MT";"UOP02-DEL07-MT"
402146;2021-12-16;"quinta-feira";"19:05:00";"SC";282;501,9;"XANXERE";"Pedestre andava na pista";"Atropelamento de Pedestre";"Com Vítimas Feridas";"Anoitecer";"Crescente";"Céu Claro";"Dupla";"Curva";"Sim";3;0;0;1;1;1;1;3;-26,882715;-52,381729;"SPRF-SC";"DEL07-SC";"UOP01-DEL07-SC"
402149;2021-12-16;"quinta-feira";"20:20:00";"GO";364;89;"CACHOEIRA ALTA";"Desrespeitar a preferência no cruzamento";"Colisão transversal";"Com Vítimas Feridas";"Plena Noite";"Crescente";"Garoa/Chuvisco";"Simples";"Interseção de Vias";"Não";3;0;0;1;1;2;1;4;-18,509233;-51,067924;"SPRF-GO";"DEL05-GO";"UOP02-DEL05-GO"
402153;2021-12-16;"quinta-feira";"20:05:00";"MS";163;494;"CAMPO GRANDE";"Velocidade Incompatível";"Colisão traseira";"Com Vítimas Feridas";"Plena Noite";"Crescente";"Nublado";"Simples";"Aclive";"Não";3;0;1;0;1;1;1;3;-20,38477282;-54,54412511;"SPRF-MS";"DEL01-MS";"UOP02-DEL01-MS"
402155;2021-12-16;"quinta-feira";"19:00:00";"SC";116;156,5;"SANTA CECILIA";"Velocidade Incompatível";"Tombamento";"Com Vítimas Feridas";"Plena Noite";"Decrescente";"Céu Claro";"Simples";"Curva";"Não";2;0;1;0;0;1;1;2;-27,08654843;-50,44183731;"SPRF-SC";"DEL06-SC";"UOP02-DEL06-SC"
402165;2021-12-16;"quinta-feira";"21:50:00";"MG";116;410,7;"GOVERNADOR VALADARES";"Velocidade Incompatível";"Colisão traseira";"Com Vítimas Feridas";"Plena Noite";"Crescente";"Nublado";"Dupla";"Reta";"Sim";5;0;3;0;1;1;3;3;-18,855625;-41,975623;"SPRF-MG";"DEL06-MG";"UOP01-DEL06-MG"