"id";"data_inversa";"dia_semana";"horario";"uf";"br";"km";"municipio";"causa_acidente";"tipo_acidente";"classificacao_acidente";"fase_dia";"sentido_via";"condicao_metereologica";"tipo_pista";"tracado_via";"uso_solo";"pessoas";"mortos";"feridos_leves";"feridos_graves";"ilesos";"ignorados";"feridos";"veiculos";"latitude";"longitude";"regional";"delegacia";"uop"
402169;2021-12-16;"quinta-feira";"22:05:00";"PR";116;115;"CURITIBA";"Objeto estático sobre o leito carroçável";"Colisão lateral mesmo sentido";"Com Vítimas Feridas";"Plena Noite";"Crescente";"Céu Claro";"Múltipla";"Reta";"Sim";5;0;1;1;1;2;2;4;-25,55953326;-49,26560414;"SPRF-PR";"DEL01-PR";"UOP01-DEL01-PR"
402170;2021-12-16;"quinta-feira";"09:30:00";"PE";424;8,7;"PEDRA";"Reação tardia ou ineficiente do condutor";"Colisão com objeto";"Com Vítimas Feridas";"Pleno dia";"Crescente";"Céu Claro";"Simples";"Reta";"Não";1;0;1;0;0;0;1;1;-8,49611427;-37,01892111;"SPRF-PE";"DEL03-PE";"UOP02-DEL03-PE"
402171;2021-12-16;"quinta-feira";"22:30:00";"MG";40;589,7;"ITABIRITO";"Chuva";"Colisão lateral sentido oposto";"Com Vítimas Feridas";"Plena Noite";"Crescente";"Chuva";"Simples";"Declive;Curva";"Não";3;0;1;0;1;1;1;3;-20,3591;-43,90992896;"SPRF-MG";"DEL01-MG";"UOP02-DEL01-MG"
402174;2021-12-16;"quinta-feira";"23:25:00";"RS";470;225;"GARIBALDI";"Transitar na contramão";"Colisão frontal";"Sem Vítimas";"Plena Noite";"Decrescente";"Céu Claro";"Simples";"Reta;Declive";"Sim";2;0;0;0;2;0;0;2;-29,247256;-51,515561;"SPRF-RS";"DEL06-RS";"UOP01-DEL06-RS"
402175;2021-12-16;"quinta-feira";"22:08:00";"RS";392;8,9;"RIO GRANDE";"Desrespeitar a preferência no cruzamento";"Colisão transversal";"Sem Vítimas";"Plena Noite";"Decrescente";"Nublado";"Simples";"Curva";"Sim";3;0;0;0;2;1;0;3;-32,11050498;-52,1112442;"SPRF-RS";"DEL07-RS";"UOP02-DEL07-RS"
402177;2021-12-16;"quinta-feira";"22:15:00";"PR";277;503,8;"GUARANIACU";"Velocidade Incompatível";"Tombamento";"Com Vítimas Fatais";"Plena Noite";"Decrescente";"Céu Claro";"Simples";"Curva";"Não";2;1;0;0;0;2;0;3;-25,14896801;-52,70105018;"SPRF-PR";"DEL04-PR";"UOP01-DEL04-PR"
402180;2021-12-16;"quinta-feira";"20:00:00";"MT";364;138,5;"PEDRA PRETA";"Ingestão de álcool pelo condutor";"Colisão com objeto";"Sem Vítimas";"Plena Noite";"Crescente";"Chuva";"Simples";"Declive";"Não";2;0;0;0;1;2;0;3;-16,796562;-54,18999;"SPRF-MT";"DEL02-MT";"UOP01-DEL02-MT"
402181;2021-12-16;"quinta-feira";"20:40:00";"MG";116;654,3;"SAO FRANCISCO DO GLORIA";"Demais falhas mecânicas ou elétricas";"Saída de leito carroçável";"Com Vítimas Feridas";"Plena Noite";"Crescente";"Nublado";"Simples";"Curva";"Não";1;0;1;0;0;0;1;1;-20,74986018;-42,29241383;"SPRF-MG";"DEL07-MG";"UOP03-DEL07-MG"
402183;2021-12-16;"quinta-feira";"22:15:00";"PR";369;405;"MAMBORE";"Ingestão de álcool pelo condutor";"Saída de leito carroçável";"Com Vítimas Feridas";"Plena Noite";"Crescente";"Nublado";"Simples";"Aclive";"Não";1;0;1;0;0;0;1;1;-24,3318;-52,6589;"SPRF-PR";"DEL04-PR";"UOP03-DEL04-PR"
402190;2021-12-17;"sexta-feira";"01:50:00";"SC";116;180,7;"SAO CRISTOVAO DO SUL";"Manobra de mudança de faixa";"Colisão traseira";"Com Vítimas Feridas";"Plena Noite";"Crescente";"Nublado";"Simples";"Reta";"Sim";3;0;1;0;1;1;1;3;-27,27041426;-50,44097161;"SPRF-SC";"DEL05-SC";"UOP03-DEL05-SC"
402198;2021-12-16;"quinta-feira";"18:30:00";"RS";472;556;"URUGUAIANA";"Reação tardia ou ineficiente do condutor";"Colisão frontal";"Com Vítimas Fatais";"Pleno dia";"Crescente";"Céu Claro";"Simples";"Reta";"Não";4;1;0;0;1;2;0;4;-29,685993;-56,91026;"SPRF-RS";"DEL13-RS";"UOP01-DEL13-RS"
402199;2021-12-16;"quinta-feira";"10:25:00";"MG";381;443;"SANTA LUZIA";"Transitar na contramão";"Colisão frontal";"Sem Vítimas";"Pleno dia";"Decrescente";"Céu Claro";"Simples";"Curva";"Não";3;0;0;0;2;1;0;3;-19,822546;-43,817345;"SPRF-MG";"DEL01-MG";"UOP01-DEL01-MG"
402200;2021-12-17;"sexta-feira";"03:20:00";"SP";116;131,2;"CACAPAVA";"Reação tardia ou ineficiente do condutor";"Colisão traseira";"Com Vítimas Feridas";"Plena Noite";"Crescente";"Céu Claro";"Dupla";"Reta";"Não";5;0;3;0;2;0;3;2;-23,12750443;-45,73685646;"SPRF-SP";"DEL02-SP";"UOP02-DEL02-SP"
402201;2021-12-17;"sexta-feira";"00:00:00";"BA";324;555;"AMELIA RODRIGUES";"Acumulo de água sobre o pavimento";"Saída de leito carroçável";"Sem Vítimas";"Plena Noite";"Crescente";"Garoa/Chuvisco";"Dupla";"Reta";"Não";1;0;0;0;0;1;0;1;-12,46574407;-38,68963508;"SPRF-BA";"DEL01-BA";"UOP03-DEL01-BA"
402208;2021-12-17;"sexta-feira";"06:45:00";"ES";101;287,8;"CARIACICA";"Animais na Pista";"Colisão traseira";"Com Vítimas Feridas";"Pleno dia";"Crescente";"Céu Claro";"Dupla";"Declive";"Sim";5;0;2;1;2;0;3;4;-20,26493528;-40,38471702;"SPRF-ES";"DEL01-ES";"UOP01-DEL01-ES"
402211;2021-12-17;"sexta-feira";"06:55:00";"RS";290;215;"PANTANO GRANDE";"Desrespeitar a preferência no cruzamento";"Colisão transversal";"Com Vítimas Feridas";"Pleno dia";"Crescente";"Céu Claro";"Simples";"Interseção de Vias";"Sim";3;0;1;0;2;0;1;2;-30,188616;-52,366409;"SPRF-RS";"DEL02-RS";"UOP03-DEL02-RS"
402212;2021-12-17;"sexta-feira";"03:45:00";"SC";282;426,2;"VARGEM BONITA";"Acumulo de óleo sobre o pavimento";"Saída de leito carroçável";"Com Vítimas Feridas";"Plena Noite";"Crescente";"Nublado";"Simples";"Curva";"Não";2;0;1;0;0;1;1;2;-26,974417;-51,761665;"SPRF-SC";"DEL07-SC";"UOP05-DEL07-SC"
402215;2021-12-17;"sexta-feira";"07:00:00";"PB";230;26,5;"JOAO PESSOA";"Reação tardia ou ineficiente do condutor";"Colisão traseira";"Com Vítimas Feridas";"Pleno dia";"Decrescente";"Céu Claro";"Dupla";"Reta";"Sim";3;0;2;0;1;0;2;2;-7,1693;-34,8782;"SPRF-PB";"DEL01-PB";"UOP01-DEL01-PB"
402226;2021-12-17;"sexta-feira";"08:00:00";"GO";153;494;"GOIANIA";"Condutor deixou de manter distância do veículo da frente";"Colisão lateral mesmo sentido";"Com Vítimas Feridas";"Pleno dia";"Crescente";"Céu Claro";"Dupla";"Reta";"Não";4;0;2;0;1;1;2;3;-16,6614;-49,2218;"SPRF-GO";"DEL01-GO";"UOP01-DEL01-GO"
402227;2021-12-17;"sexta-feira";"08:20:00";"PR";277;8,2;"PARANAGUA";"Ausência de reação do condutor";"Colisão traseira";"Com Vítimas Feridas";"Pleno dia";"Decrescente";"Céu Claro";"Dupla";"Reta";"Não";3;0;1;0;2;0;1;3;-25,568198;-48,615292;"SPRF-PR";"DEL01-PR";"UOP05-DEL01-PR"
402228;2021-12-17;"sexta-feira";"08:10:00";"SC";101;124,7;"ITAJAI";"Manobra de mudança de faixa";"Colisão lateral mesmo sentido";"Com Vítimas Feridas";"Pleno dia";"Decrescente";"Céu Claro";"Múltipla";"Reta";"Não";4;0;1;0;2;1;1;4;-26,94335064;-48,69198648;"SPRF-SC";"DEL04-SC";"UOP04-DEL04-SC"
402229;2021-12-17;"sexta-feira";"08:30:00";"MG";50;111;"UBERABA";"Avarias e/ou desgaste excessivo no pneu";"Saída de leito carroçável";"Com Vítimas Feridas";"Pleno dia";"Decrescente";"Céu Claro";"Dupla";"Aclive";"Não";1;0;1;0;0;0;1;1;-19,23226801;-48,14217502;"SPRF-MG";"DEL13-MG";"UOP01-DEL13-MG"
402230;2021-12-17;"sexta-feira";"07:50:00";"RJ";101;561;"PARATY";"Condutor deixou de manter distância do veículo da frente";"Colisão traseira";"Com Vítimas Feridas";"Pleno dia";"Decrescente";"Nublado";"Simples";"Reta";"Não";3;0;1;0;2;0;1;2;-23,12268096;-44,70929318;"SPRF-RJ";"DEL03-RJ";"UOP04-DEL03-RJ"
402240;2021-12-17;"sexta-feira";"08:30:00";"MG";381;488,6;"BETIM";"Transitar na contramão";"Colisão lateral sentido oposto";"Com Vítimas Feridas";"Pleno dia";"Decrescente";"Chuva";"Simples";"Rotatória";"Sim";3;0;1;0;1;2;1;4;-19,9598656;-44,15489715;"SPRF-MG";"DEL01-MG";"UOP03-DEL01-MG"
402243;2021-12-17;"sexta-feira";"09:20:00";"PB";230;281;"SANTA LUZIA";"Velocidade Incompatível";"Colisão com objeto";"Sem Vítimas";"Pleno dia";"Crescente";"Céu Claro";"Simples";"Curva;Declive";"Não";2;0;0;0;1;2;0;3;-6,9305;-36,8516;"SPRF-PB";"DEL03-PB";"UOP01-DEL03-PB"
402244;2021-12-17;"sexta-feira";"05:30:00";"BA";116;909,7;"CANDIDO SALES";"Problema com o freio";"Colisão traseira";"Com Vítimas Feridas";"Amanhecer";"Decrescente";"Nublado";"Simples";"Ponte";"Sim";4;0;1;1;1;3;2;6;-15,512922;-41,236992;"SPRF-BA";"DEL08-BA";"UOP03-DEL08-BA"
402245;2021-12-17;"sexta-feira";"10:13:00";"SP";116;117,9;"TAUBATE";"Estacionar ou parar em local proibido";"Colisão transversal";"Com Vítimas Feridas";"Pleno dia";"Decrescente";"Céu Claro";"Dupla";"Reta";"Sim";5;0;0;1;3;1;1;4;-23,0582298;-45,6176951;"SPRF-SP";"DEL02-SP";"UOP02-DEL02-SP"
402246;2021-12-17;"sexta-feira";"09:00:00";"MS";158;43;"PARANAIBA";"Velocidade Incompatível";"Colisão frontal";"Com Vítimas Feridas";"Pleno dia";"Decrescente";"Nublado";"Simples";"Curva;Declive";"Não";3;0;1;0;1;3;1;5;-19,32130901;-51,43460524;"SPRF-MS";"DEL08-MS";"UOP01-DEL08-MS"
402247;2021-12-17;"sexta-feira";"07:15:00";"MG";116;324,9;"CAMPANARIO";"Velocidade Incompatível";"Saída de leito carroçável";"Com Vítimas Feridas";"Pleno dia";"Crescente";"Céu Claro";"Simples";"Curva";"Não";2;0;1;0;0;1;1;2;-18,18939081;-41,71198331;"SPRF-MG";"DEL11-MG";"UOP01-DEL11-MG"
402249;2021-12-17;"sexta-feira";"10:15:00";"SC";101;270,6;"PAULO LOPES";"Ausência de reação do condutor";"Saída de leito carroçável";"Com Vítimas Feridas";"Pleno dia";"Decrescente";"Céu Claro";"Dupla";"Reta";"Não";3;0;1;0;2;0;1;2;-28,1015411;-48,70410641;"SPRF-SC";"DEL02-SC";"UOP03-DEL02-SC"
402257;2021-12-17;"sexta-feira";"10:45:00";"PI";230;301,2;"FLORIANO";"Manobra de mudança de faixa";"Colisão lateral mesmo sentido";"Com Vítimas Feridas";"Pleno dia";"Decrescente";"Céu Claro";"Simples";"Reta";"Não";6;0;1;1;4;0;2;2;-6,8123728;-42,94586038;"SPRF-PI";"DEL03-PI";"UOP01-DEL03-PI"
402258;2021-12-17;"sexta-feira";"11:10:00";"SC";101;85,6;"BARRA VELHA";"Velocidade Incompatível";"Engavetamento";"Com Vítimas Feridas";"Pleno dia";"Crescente";"Céu Claro";"Simples";"Reta";"Sim";4;0;0;1;3;0;1;3;-26,62840879;-48,70813584;"SPRF-SC";"DEL03-SC";"UOP02-DEL03-SC"
402259;2021-12-17;"sexta-feira";"12:30:00";"SC";101;192,5;"BIGUACU";"Manobra de mudança de faixa";"Colisão transversal";"Com Vítimas Feridas";"Pleno dia";"Decrescente";"Céu Claro";"Dupla";"Ponte;Reta";"Sim";4;0;1;0;2;2;1;4;-27,48443781;-48,64765238;"SPRF-SC";"DEL01-SC";"UOP01-DEL01-SC"
402263;2021-12-17;"sexta-feira";"09:00:00";"GO";153;230,4;"HIDROLINA";"Demais falhas mecânicas ou elétricas";"Saída de leito carroçável";"Com Vítimas Feridas";"Pleno dia";"Crescente";"Nublado";"Simples";"Reta";"Não";3;0;0;1;1;1;1;2;-14,766097;-49,263155;"SPRF-GO";"DEL07-GO";"UOP02-DEL07-GO"
402266;2021-12-17;"sexta-feira";"13:00:00";"GO";40;12,5;"LUZIANIA";"Reação tardia ou ineficiente do condutor";"Colisão traseira";"Com Vítimas Feridas";"Pleno dia";"Decrescente";"Nublado";"Dupla";"Reta";"Sim";3;0;1;0;1;1;1;3;-16,145123;-47,945382;"SPRF-DF";"DEL01-DF";"UOP01-DEL01-DF"
402272;2021-12-17;"sexta-feira";"13:00:00";"RJ";116;262;"BARRA MANSA";"Reação tardia ou ineficiente do condutor";"Tombamento";"Sem Vítimas";"Pleno dia";"Decrescente";"Chuva";"Simples";"Curva";"Não";3;0;0;0;2;1;0;3;-22,5876092;-44,05945791;"SPRF-RJ";"DEL07-RJ";"UOP02-DEL07-RJ"
402279;2021-12-17;"sexta-feira";"11:15:00";"MG";50;53;"ARAGUARI";"Velocidade Incompatível";"Saída de leito carroçável";"Com Vítimas Feridas";"Pleno dia";"Crescente";"Chuva";"Dupla";"Curva;Declive";"Não";1;0;1;0;0;0;1;1;-18,759049;-48,24054499;"SPRF-MG";"DEL15-MG";"UOP02-DEL15-MG"
402280;2021-12-17;"sexta-feira";"13:30:00";"SC";470;65;"INDAIAL";"Reação tardia ou ineficiente do condutor";"Colisão lateral mesmo sentido";"Com Vítimas Feridas";"Pleno dia";"Crescente";"Nublado";"Simples";"Em Obras;Reta";"Sim";3;0;1;0;1;1;1;3;-26,870411;-49,211864;"SPRF-SC";"DEL04-SC";"UOP01-DEL04-SC"
402288;2021-12-17;"sexta-feira";"15:40:00";"MG";381;261;"CORONEL FABRICIANO";"Ultrapassagem Indevida";"Colisão frontal";"Com Vítimas Feridas";"Pleno dia";"Crescente";"Céu Claro";"Simples";"Reta";"Não";2;0;0;1;1;0;1;2;-19,5051076;-42,56893158;"SPRF-MG";"DEL03-MG";"UOP02-DEL03-MG"
402289;2021-12-17;"sexta-feira";"14:50:00";"SP";116;24;"LAVRINHAS";"Velocidade Incompatível";"Colisão traseira";"Com Vítimas Feridas";"Pleno dia";"Decrescente";"Chuva";"Dupla";"Declive";"Não";3;0;1;0;2;0;1;2;-22,59895814;-44,88797962;"SPRF-SP";"DEL08-SP";"UOP02-DEL08-SP"
402290;2021-12-17;"sexta-feira";"13:30:00";"AL";101;28,9;"JOAQUIM GOMES";"Velocidade Incompatível";"Capotamento";"Sem Vítimas";"Pleno dia";"Decrescente";"Céu Claro";"Simples";"Curva";"Não";2;0;0;0;1;3;0;4;-9,06864496;-35,74109702;"SPRF-AL";"DEL01-AL";"UOP02-DEL01-AL"
402299;2021-12-16;"quinta-feira";"19:00:00";"RO";364;1041;"PORTO VELHO";"Velocidade Incompatível";"Queda de ocupante de veículo";"Com Vítimas Fatais";"Plena Noite";"Crescente";"Chuva";"Simples";"Reta";"Sim";5;1;0;0;4;0;0;5;-9,77223281;-66,36598404;"SPRF-RO";"DEL01-RO";"UOP03-DEL01-RO"
402303;2021-12-17;"sexta-feira";"16:06:00";"MG";40;245;"SAO GONCALO DO ABAETE";"Velocidade Incompatível";"Saída de leito carroçável";"Com Vítimas Feridas";"Pleno dia";"Decrescente";"Chuva";"Simples";"Curva;Declive";"Não";1;0;1;0;0;0;1;1;-18,0946169;-45,47580786;"SPRF-MG";"DEL14-MG";"UOP02-DEL14-MG"
402304;2021-12-17;"sexta-feira";"16:15:00";"MG";381;897,1;"CAMBUI";"Obras na pista";"Engavetamento";"Com Vítimas Feridas";"Pleno dia";"Decrescente";"Nublado";"Dupla";"Reta";"Não";9;0;2;0;7;0;2;5;-22,60208599;-46,05842113;"SPRF-MG";"DEL16-MG";"UOP03-DEL16-MG"
402307;2021-12-17;"sexta-feira";"16:50:00";"SP";116;117,3;"TAUBATE";"Condutor deixou de manter distância do veículo da frente";"Colisão traseira";"Com Vítimas Feridas";"Pleno dia";"Decrescente";"Céu Claro";"Dupla";"Reta";"Não";6;0;1;0;4;1;1;6;-23,0582298;-45,6176951;"SPRF-SP";"DEL02-SP";"UOP02-DEL02-SP"
402310;2021-12-17;"sexta-feira";"06:30:00";"MT";163;645;"LUCAS DO RIO VERDE";"Reação tardia ou ineficiente do condutor";"Saída de leito carroçável";"Com Vítimas Feridas";"Pleno dia";"Crescente";"Chuva";"Simples";"Reta";"Não";1;0;1;0;0;0;1;1;-13,415;-56,082;"SPRF-MT";"DEL06-MT";"UOP01-DEL06-MT"
402313;2021-12-17;"sexta-feira";"12:25:00";"SC";116;34,3;"ITAIOPOLIS";"Condutor deixou de manter distância do veículo da frente";"Colisão traseira";"Com Vítimas Fatais";"Pleno dia";"Crescente";"Céu Claro";"Simples";"Reta;Em Obras";"Não";4;1;1;0;2;0;1;3;-26,3323522;-49,9988029;"SPRF-SC";"DEL06-SC";"UOP01-DEL06-SC"
402314;2021-12-17;"sexta-feira";"13:00:00";"PR";277;726,5;"FOZ DO IGUACU";"Carga excessiva e/ou mal acondicionada";"Tombamento";"Sem Vítimas";"Pleno dia";"Decrescente";"Céu Claro";"Dupla";"Rotatória";"Sim";2;0;0;0;1;1;0;2;-25,5106015;-54,55481999;"SPRF-PR";"DEL05-PR";"UOP03-DEL05-PR"
402316;2021-12-17;"sexta-feira";"15:30:00";"RS";386;234;"SOLEDADE";"Condutor deixou de manter distância do veículo da frente";"Colisão traseira";"Com Vítimas Feridas";"Pleno dia";"Crescente";"Céu Claro";"Simples";"Reta";"Não";4;0;3;0;0;1;3;4;-28,722898;-52,560581;"SPRF-RS";"DEL04-RS";"UOP03-DEL04-RS"
402317;2021-12-17;"sexta-feira";"14:50:00";"GO";70;386;"MONTES CLAROS DE GOIAS";"Ausência de reação do condutor";"Colisão lateral sentido oposto";"Com Vítimas Feridas";"Pleno dia";"Crescente";"Céu Claro";"Simples";"Reta";"Não";2;0;1;0;1;0;1;2;-15,94068212;-51,37141317;"SPRF-GO";"DEL04-GO";"UOP01-DEL04-GO"
402318;2021-12-17;"sexta-feira";"16:20:00";"PE";101;63;"RECIFE";"Manobra de mudança de faixa";"Colisão lateral mesmo sentido";"Com Vítimas Feridas";"Pleno dia";"Crescente";"Sol";"Dupla";"Reta";"Sim";2;0;0;1;1;0;1;2;-8,012018;-34,938381;"SPRF-PE";"DEL01-PE";"UOP01-DEL01-PE"
402323;2021-12-17;"sexta-feira";"16:25:00";"MG";381;935,8;"EXTREMA";"Obstrução na via";"Saída de leito carroçável";"Com Vítimas Feridas";"Pleno dia";"Crescente";"Nublado";"Dupla";"Reta;Declive";"Sim";1;0;1;0;0;0;1;1;-22,82329661;-46,30805019;"SPRF-MG";"DEL16-MG";"UOP03-DEL16-MG"
402328;2021-12-17;"sexta-feira";"18:15:00";"PE";232;34;"MORENO";"Obstrução na via";"Engavetamento";"Com Vítimas Feridas";"Plena Noite";"Decrescente";"Nublado";"Dupla";"Curva;Declive";"Não";6;0;1;0;5;0;1;5;-8,10541;-35,160268888;"SPRF-PE";"DEL01-PE";"UOP01-DEL01-PE"
402332;2021-12-17;"sexta-feira";"17:50:00";"ES";101;396;"RIO NOVO DO SUL";"Obras na pista";"Saída de leito carroçável";"Sem Vítimas";"Anoitecer";"Decrescente";"Chuva";"Dupla";"Reta";"Sim";2;0;0;0;1;1;0;2;-20,868874;-40,94103;"SPRF-ES";"DEL03-ES";"UOP02-DEL03-ES"
402343;2021-12-17;"sexta-feira";"18:56:00";"SP";153;256;"MARILIA";"Ingestão de álcool pelo condutor";"Colisão lateral mesmo sentido";"Sem Vítimas";"Anoitecer";"Decrescente";"Céu Claro";"Dupla";"Rotatória";"Sim";2;0;0;0;2;0;0;2;-22,231552;-49,91968;"SPRF-SP";"DEL07-SP";"UOP02-DEL07-SP"
402344;2021-12-17;"sexta-feira";"12:15:00";"SC";282;620,5;"IRACEMINHA";"Reação tardia ou ineficiente do condutor";"Saída de leito carroçável";"Com Vítimas Feridas";"Pleno dia";"Decrescente";"Sol";"Simples";"Aclive;Curva";"Não";3;0;1;1;1;0;2;2;-26,80325418;-53,31258416;"SPRF-SC";"DEL07-SC";"UOP02-DEL07-SC"
402346;2021-12-17;"sexta-feira";"19:30:00";"RJ";393;200;"RIO DAS FLORES";"Acessar a via sem observar a presença dos outros veículos";"Colisão frontal";"Com Vítimas Fatais";"Plena Noite";"Crescente";"Chuva";"Simples";"Reta";"Não";3;1;0;0;1;1;0;3;-22,20969086;-43,39947704;"SPRF-RJ";"DEL05-RJ";"UOP03-DEL05-RJ"
402353;2021-12-17;"sexta-feira";"19:10:00";"PR";376;671;"GUARATUBA";"Demais falhas mecânicas ou elétricas";"Incêndio";"Sem Vítimas";"Plena Noite";"Decrescente";"Garoa/Chuvisco";"Dupla";"Reta";"Não";2;0;0;0;1;1;0;2;-25,885323;-48,935154;"SPRF-PR";"DEL01-PR";"UOP04-DEL01-PR"
402354;2021-12-17;"sexta-feira";"11:40:00";"BA";101;559,6;"JUSSARI";"Conversão proibida";"Colisão transversal";"Com Vítimas Feridas";"Pleno dia";"Decrescente";"Nublado";"Simples";"Interseção de Vias";"Sim";3;0;0;2;0;1;2;2;-15,19615572;-39,44280624;"SPRF-BA";"DEL05-BA";"UOP01-DEL05-BA"
402357;2021-12-17;"sexta-feira";"20:15:00";"ES";101;298;"VIANA";"Ausência de reação do condutor";"Colisão traseira";"Com Vítimas Feridas";"Plena Noite";"Decrescente";"Céu Claro";"Dupla";"Reta";"Sim";3;0;0;1;1;1;1;3;-20,35374444;-40,4156433;"SPRF-ES";"DEL01-ES";"UOP01-DEL01-ES"
402358;2021-12-17;"sexta-feira";"11:50:00";"BA";101;609,4;"MASCOTE";"Velocidade Incompatível";"Tombamento";"Com Vítimas Feridas";"Pleno dia";"Crescente";"Nublado";"Simples";"Ponte";"Sim";2;0;0;1;0;1;1;2;-15,72195295;-39,46128501;"SPRF-BA";"DEL05-BA";"UOP02-DEL05-BA"
402361;2021-12-17;"sexta-feira";"17:20:00";"PE";407;123,8;"PETROLINA";"Ultrapassagem Indevida";"Colisão transversal";"Com Vítimas Feridas";"Pleno dia";"Decrescente";"Céu Claro";"Simples";"Reta";"Sim";3;0;1;0;1;1;1;3;-9,37047213;-40,54072022;"SPRF-PE";"DEL06-PE";"UOP01-DEL06-PE"
402364;2021-12-17;"sexta-feira";"16:00:00";"MS";262;324;"CAMPO GRANDE";"Carga excessiva e/ou mal acondicionada";"Colisão com objeto";"Sem Vítimas";"Pleno dia";"Crescente";"Nublado";"Simples";"Curva";"Não";2;0;0;0;1;1;0;2;-20,56379952;-54,61009424;"SPRF-MS";"DEL01-MS";"UOP01-DEL01-MS"
402365;2021-12-17;"sexta-feira";"19:30:00";"MG";365;476;"PATROCINIO";"Ultrapassagem Indevida";"Colisão frontal";"Sem Vítimas";"Plena Noite";"Crescente";"Chuva";"Simples";"Curva";"Não";2;0;0;0;2;0;0;2;-18,91384369;-47,04103759;"SPRF-MG";"DEL10-MG";"UOP01-DEL10-MG"
402368;2021-12-17;"sexta-feira";"19:20:00";"MS";163;36,7;"ELDORADO";"Velocidade Incompatível";"Colisão traseira";"Com Vítimas Feridas";"Plena Noite";"Crescente";"Céu Claro";"Simples";"Aclive";"Não";3;0;1;0;1;3;1;5;-23,80607589;-54,31318103;"SPRF-MS";"DEL09-MS";"UOP02-DEL09-MS"
402377;2021-12-17;"sexta-feira";"20:30:00";"PE";232;102;"BEZERROS";"Acessar a via sem observar a presença dos outros veículos";"Colisão transversal";"Com Vítimas Feridas";"Plena Noite";"Decrescente";"Céu Claro";"Dupla";"Reta";"Sim";2;0;1;0;0;1;1;2;-8,24710671;-35,75844018;"SPRF-PE";"DEL02-PE";"UOP02-DEL02PE"
402387;2021-12-17;"sexta-feira";"20:30:00";"RS";470;273;"SAO JOSE DO SUL";"Ultrapassagem Indevida";"Colisão lateral sentido oposto";"Com Vítimas Feridas";"Plena Noite";"Decrescente";"Nublado";"Simples";"Reta";"Não";5;0;1;1;2;1;2;4;-29,52994989;-51,48554846;"SPRF-RS";"DEL04-RS";"UOP02-DEL04-RS"
402390;2021-12-17;"sexta-feira";"20:45:00";"MS";163;551;"BANDEIRANTES";"Ausência de reação do condutor";"Saída de leito carroçável";"Com Vítimas Feridas";"Plena Noite";"Crescente";"Chuva";"Simples";"Reta";"Não";1;0;1;0;0;0;1;1;-19,95438413;-54,3749807;"SPRF-MS";"DEL01-MS";"UOP02-DEL01-MS"
402398;2021-12-17;"sexta-feira";"12:45:00";"SC";153;45,4;"VARGEM BONITA";"Condutor Dormindo";"Colisão lateral sentido oposto";"Com Vítimas Feridas";"Pleno dia";"Decrescente";"Sol";"Simples";"Reta";"Não";3;0;1;0;1;3;1;5;-26,883162;-51,757702;"SPRF-SC";"DEL07-SC";"UOP05-DEL07-SC"
402406;2021-12-17;"sexta-feira";"21:00:00";"MG";116;392,2;"GOVERNADOR VALADARES";"Transitar na contramão";"Colisão lateral sentido oposto";"Com Vítimas Feridas";"Plena Noite";"Crescente";"Céu Claro";"Dupla";"Curva";"Não";3;0;2;0;1;0;2;2;-18,71692704;-41,98817074;"SPRF-MG";"DEL06-MG";"UOP01-DEL06-MG"
402411;2021-01-17;"domingo";"21:00:00";"RJ";356;88;"CARDOSO MOREIRA";"Acumulo de água sobre o pavimento";"Colisão lateral sentido oposto";"Com Vítimas Feridas";"Plena Noite";"Crescente";"Chuva";"Simples";"Reta";"Não";2;0;1;0;1;0;1;2;-21,49637484;-41,62333588;"SPRF-RJ";"DEL08-RJ";"UOP03-DEL08-RJ"
402420;2021-12-17;"sexta-feira";"18:05:00";"MA";222;371,5;"PINDARE-MIRIM";"Afundamento ou ondulação no pavimento";"Saída de leito carroçável";"Com Vítimas Feridas";"Anoitecer";"Decrescente";"Céu Claro";"Simples";"Ponte";"Não";4;0;2;0;2;0;2;1;-3,73626586;-45,43269621;"SPRF-MA";"DEL02-MA";"UOP01-DEL02-MA"
402423;2021-12-17;"sexta-feira";"19:10:00";"SC";101;448;"SANTA ROSA DO SUL";"Velocidade Incompatível";"Tombamento";"Sem Vítimas";"Pleno dia";"Decrescente";"Nublado";"Dupla";"Curva";"Não";2;0;0;0;1;2;0;3;-29,15898991;-49,73540906;"SPRF-SC";"DEL02-SC";"UOP02-DEL02-SC"
402424;2021-12-17;"sexta-feira";"23:10:00";"PB";230;372,7;"CONDADO";"Transitar na contramão";"Colisão frontal";"Com Vítimas Fatais";"Plena Noite";"Crescente";"Céu Claro";"Simples";"Reta";"Não";3;1;0;0;1;1;0;3;-6,9082;-37,5675;"SPRF-PB";"DEL03-PB";"UOP02-DEL03-PB"
402434;2021-12-18;"sábado";"01:40:00";"RO";364;242;"CACOAL";"Estacionar ou parar em local proibido";"Colisão traseira";"Com Vítimas Feridas";"Plena Noite";"Crescente";"Ignorado";"Dupla";"Aclive";"Sim";3;0;0;1;1;2;1;4;-11,44084787;-61,48767999;"SPRF-RO";"DEL02-RO";"UOP02-DEL02-RO"
402444;2021-12-18;"sábado";"04:15:00";"PR";277;7,3;"PARANAGUA";"Ausência de reação do condutor";"Colisão traseira";"Com Vítimas Feridas";"Plena Noite";"Crescente";"Chuva";"Dupla";"Reta";"Não";3;0;2;0;0;1;2;2;-25,562164;-48,589027;"SPRF-PR";"DEL01-PR";"UOP05-DEL01-PR"