"id";"data_inversa";"dia_semana";"horario";"uf";"br";"km";"municipio";"causa_acidente";"tipo_acidente";"classificacao_acidente";"fase_dia";"sentido_via";"condicao_metereologica";"tipo_pista";"tracado_via";"uso_solo";"pessoas";"mortos";"feridos_leves";"feridos_graves";"ilesos";"ignorados";"feridos";"veiculos";"latitude";"longitude";"regional";"delegacia";"uop"
402445;2021-12-18;"sábado";"04:00:00";"MG";153;10;"CENTRALINA";"Ausência de reação do condutor";"Saída de leito carroçável";"Sem Vítimas";"Amanhecer";"Crescente";"Chuva";"Dupla";"Reta";"Não";2;0;0;0;1;4;0;5;-18,50602699;-49,18897335;"SPRF-MG";"DEL15-MG";"UOP03-DEL15-MG"
402452;2021-12-18;"sábado";"03:20:00";"RO";319;62;"PORTO VELHO";"Acessar a via sem observar a presença dos outros veículos";"Colisão transversal";"Sem Vítimas";"Plena Noite";"Crescente";"Céu Claro";"Dupla";"Interseção de Vias";"Sim";2;0;0;0;2;0;0;2;-8,75140146;-63,88757944;"SPRF-RO";"DEL01-RO";"UOP01-DEL01-RO"
402456;2021-12-18;"sábado";"05:30:00";"PR";376;499;"PONTA GROSSA";"Estacionar ou parar em local proibido";"Colisão traseira";"Com Vítimas Feridas";"Amanhecer";"Decrescente";"Céu Claro";"Simples";"Reta";"Sim";4;0;0;2;2;0;2;2;-25,19475149;-50,07738945;"SPRF-PR";"DEL03-PR";"UOP01-DEL03-PR"
402457;2021-12-18;"sábado";"04:20:00";"MG";262;462,7;"ARAUJOS";"Ingestão de álcool pelo condutor";"Colisão traseira";"Com Vítimas Feridas";"Amanhecer";"Decrescente";"Nublado";"Simples";"Declive";"Não";2;0;1;0;1;0;1;2;-19,80278243;-45,13431661;"SPRF-MG";"DEL08-MG";"UOP03-DEL08-MG"
402460;2021-12-17;"sexta-feira";"19:50:00";"SC";153;59;"IRANI";"Desrespeitar a preferência no cruzamento";"Colisão transversal";"Com Vítimas Feridas";"Plena Noite";"Crescente";"Céu Claro";"Simples";"Interseção de Vias";"Não";4;0;2;0;1;2;2;4;-26,967562;-51,850391;"SPRF-SC";"DEL07-SC";"UOP04-DEL07-SC"
402461;2021-12-18;"sábado";"05:35:00";"SP";116;281;"EMBU DAS ARTES";"Transitar no acostamento";"Atropelamento de Pedestre";"Com Vítimas Fatais";"Pleno dia";"Crescente";"Céu Claro";"Dupla";"Aclive";"Sim";2;1;0;0;0;1;0;2;-23,67784787;-46,85769227;"SPRF-SP";"DEL04-SP";"UOP01-DEL04-SP"
402473;2021-12-18;"sábado";"03:50:00";"RJ";101;302,8;"SAO GONCALO";"Velocidade Incompatível";"Saída de leito carroçável";"Sem Vítimas";"Plena Noite";"Crescente";"Céu Claro";"Dupla";"Reta";"Sim";2;0;0;0;1;1;0;2;-22,78069318;-42,96706396;"SPRF-RJ";"DEL02-RJ";"UOP02-DEL02-RJ"
402476;2021-12-18;"sábado";"05:30:00";"MG";50;81,8;"UBERLANDIA";"Condutor Dormindo";"Colisão lateral mesmo sentido";"Com Vítimas Feridas";"Pleno dia";"Decrescente";"Céu Claro";"Dupla";"Aclive";"Não";3;0;1;0;2;0;1;2;-18,986906;-48,211853;"SPRF-MG";"DEL15-MG";"UOP01-DEL15-MG"
402492;2021-12-17;"sexta-feira";"22:30:00";"RO";364;446;"JARU";"Manobra de mudança de faixa";"Colisão lateral sentido oposto";"Com Vítimas Feridas";"Plena Noite";"Decrescente";"Nublado";"Simples";"Aclive";"Não";2;0;1;0;0;1;1;2;-10,321042;-62,626135;"SPRF-RO";"DEL03-RO";"UOP02-DEL03-RO"
402493;2021-12-18;"sábado";"08:35:00";"SP";153;90,1;"JACI";"Ultrapassagem Indevida";"Colisão frontal";"Com Vítimas Feridas";"Pleno dia";"Decrescente";"Nublado";"Simples";"Reta";"Não";10;0;2;3;3;2;5;5;-20,95852411;-49,55969095;"SPRF-SP";"DEL09-SP";"UOP01-DEL09-SP"
402494;2021-12-18;"sábado";"06:40:00";"MG";381;398;"BOM JESUS DO AMPARO";"Curva acentuada";"Tombamento";"Sem Vítimas";"Amanhecer";"Decrescente";"Céu Claro";"Dupla";"Rotatória";"Não";2;0;0;0;1;1;0;2;-19,75327442;-43,47633362;"SPRF-MG";"DEL01-MG";"UOP01-DEL01-MG"
402495;2021-12-18;"sábado";"08:25:00";"RS";116;223;"DOIS IRMAOS";"Velocidade Incompatível";"Tombamento";"Com Vítimas Feridas";"Pleno dia";"Decrescente";"Céu Claro";"Simples";"Curva";"Sim";2;0;1;0;1;0;1;1;-29,58827044;-51,09917696;"SPRF-RS";"DEL01-RS";"UOP02-DEL01-RS"
402496;2021-12-18;"sábado";"08:20:00";"BA";324;614;"SALVADOR";"Frear bruscamente";"Colisão lateral mesmo sentido";"Sem Vítimas";"Pleno dia";"Crescente";"Nublado";"Dupla";"Reta";"Sim";3;0;0;0;2;1;0;3;-12,8639793;-38,42370126;"SPRF-BA";"DEL01-BA";"UOP01-DEL01-BA"
402497;2021-12-18;"sábado";"08:55:00";"MS";163;422;"CAMPO GRANDE";"Entrada inopinada do pedestre";"Atropelamento de Pedestre";"Com Vítimas Feridas";"Pleno dia";"Crescente";"Céu Claro";"Simples";"Reta";"Sim";3;0;0;1;1;2;1;4;-20,97312705;-54,50428559;"SPRF-MS";"DEL01-MS";"UOP01-DEL01-MS"
402498;2021-12-18;"sábado";"07:30:00";"MS";262;97,5;"TRES LAGOAS";"Condutor Dormindo";"Colisão lateral sentido oposto";"Com Vítimas Feridas";"Pleno dia";"Decrescente";"Nublado";"Simples";"Curva";"Não";7;0;5;0;1;1;5;3;-20,58939485;-52,44325876;"SPRF-MS";"DEL07-MS";"UOP02-DEL07-MS"
402507;2021-12-18;"sábado";"08:45:00";"PB";101;119,2;"PEDRAS DE FOGO";"Velocidade Incompatível";"Derramamento de carga";"Sem Vítimas";"Pleno dia";"Decrescente";"Sol";"Dupla";"Curva";"Não";1;0;0;0;1;0;0;1;-7,42897814;-34,96672977;"SPRF-PB";"DEL01-PB";"UOP02-DEL01-PB"
402508;2021-12-18;"sábado";"09:15:00";"MG";116;451,5;"ENGENHEIRO CALDAS";"Acessar a via sem observar a presença dos outros veículos";"Colisão lateral mesmo sentido";"Com Vítimas Feridas";"Pleno dia";"Crescente";"Nublado";"Simples";"Reta";"Não";2;0;0;1;1;0;1;2;-19,16092497;-42,02606406;"SPRF-MG";"DEL06-MG";"UOP02-DEL06-MG"
402510;2021-12-18;"sábado";"10:50:00";"SC";101;119;"ITAJAI";"Transitar na calçada";"Tombamento";"Com Vítimas Feridas";"Pleno dia";"Crescente";"Céu Claro";"Dupla";"Reta";"Não";2;0;1;0;1;0;1;2;-26,9043179;-48,71555481;"SPRF-SC";"DEL04-SC";"UOP04-DEL04-SC"
402516;2021-12-18;"sábado";"11:25:00";"SP";116;144;"SAO JOSE DOS CAMPOS";"Condutor deixou de manter distância do veículo da frente";"Colisão traseira";"Sem Vítimas";"Pleno dia";"Decrescente";"Céu Claro";"Simples";"Declive";"Não";3;0;0;0;3;0;0;3;-23,18274416;-45,84633592;"SPRF-SP";"DEL02-SP";"UOP01-DEL02-SP"
402519;2021-12-18;"sábado";"10:20:00";"SC";116;12,4;"MAFRA";"Ausência de reação do condutor";"Colisão transversal";"Com Vítimas Feridas";"Pleno dia";"Crescente";"Céu Claro";"Simples";"Interseção de Vias";"Sim";3;0;1;1;1;0;2;2;-26,17877859;-49,86720998;"SPRF-SC";"DEL06-SC";"UOP01-DEL06-SC"
402527;2021-12-18;"sábado";"11:40:00";"MS";163;373;"NOVA ALVORADA DO SUL";"Reação tardia ou ineficiente do condutor";"Colisão com objeto";"Com Vítimas Feridas";"Pleno dia";"Crescente";"Chuva";"Dupla";"Curva";"Não";1;0;1;0;0;0;1;1;-21,40151579;-54,40400077;"SPRF-MS";"DEL02-MS";"UOP01-DEL02-MS"
402529;2021-12-18;"sábado";"10:20:00";"RS";290;36,3;"SANTO ANTONIO DA PATRULHA";"Ausência de reação do condutor";"Colisão traseira";"Com Vítimas Feridas";"Pleno dia";"Decrescente";"Nublado";"Dupla";"Reta";"Não";5;0;0;3;2;0;3;2;-29,884756;-50,61729;"SPRF-RS";"DEL03-RS";"UOP01-DEL03-RS"
402538;2021-12-18;"sábado";"08:45:00";"SC";101;376,2;"ICARA";"Reação tardia ou ineficiente do condutor";"Capotamento";"Com Vítimas Feridas";"Pleno dia";"Crescente";"Nublado";"Dupla";"Curva";"Não";3;0;1;1;1;0;2;2;-28,72736111;-49,24066084;"SPRF-SC";"DEL02-SC";"UOP01-DEL02-SC"
402543;2021-12-18;"sábado";"11:30:00";"MG";381;751,1;"TRES CORACOES";"Demais falhas mecânicas ou elétricas";"Incêndio";"Sem Vítimas";"Pleno dia";"Crescente";"Céu Claro";"Dupla";"Reta";"Não";2;0;0;0;1;1;0;2;-21,66868652;-45,32558014;"SPRF-MG";"DEL16-MG";"UOP02-DEL16-MG"
402555;2021-12-18;"sábado";"15:00:00";"MG";381;434,1;"SABARA";"Transitar na contramão";"Colisão lateral sentido oposto";"Com Vítimas Fatais";"Pleno dia";"Decrescente";"Sol";"Simples";"Reta;Declive";"Não";8;3;1;2;2;0;3;4;-19,78546205;-43,72378349;"SPRF-MG";"DEL01-MG";"UOP01-DEL01-MG"
402557;2021-12-18;"sábado";"14:35:00";"SC";282;637,6;"DESCANSO";"Conversão proibida";"Colisão traseira";"Com Vítimas Feridas";"Pleno dia";"Decrescente";"Céu Claro";"Simples";"Curva";"Não";3;0;2;0;1;0;2;2;-26,806643;-53,441025;"SPRF-SC";"DEL07-SC";"UOP03-DEL07-SC"
402564;2021-12-18;"sábado";"15:40:00";"PE";408;96,6;"SAO LOURENCO DA MATA";"Manobra de mudança de faixa";"Colisão traseira";"Com Vítimas Feridas";"Pleno dia";"Decrescente";"Céu Claro";"Dupla";"Retorno Regulamentado;Reta";"Não";3;0;2;0;0;1;2;2;-8,026958;-35,037523;"SPRF-PE";"DEL01-PE";"UOP01-DEL01-PE"
402565;2021-12-18;"sábado";"14:45:00";"ES";101;222;"IBIRACU";"Mal súbito do condutor";"Colisão transversal";"Com Vítimas Feridas";"Pleno dia";"Decrescente";"Chuva";"Simples";"Curva";"Não";4;0;1;0;3;0;1;4;-19,86967622;-40,40915873;"SPRF-ES";"DEL02-ES";"UOP01-DEL02-ES"
402568;2021-12-18;"sábado";"15:35:00";"MG";116;468,6;"TARUMIRIM";"Ausência de reação do condutor";"Colisão lateral sentido oposto";"Com Vítimas Feridas";"Pleno dia";"Decrescente";"Nublado";"Simples";"Curva";"Não";4;0;1;1;1;1;2;3;-19,30162475;-42,07997246;"SPRF-MG";"DEL06-MG";"UOP02-DEL06-MG"
402570;2021-12-18;"sábado";"12:17:00";"ES";262;149,9;"IBATIBA";"Problema com o freio";"Colisão com objeto";"Com Vítimas Feridas";"Pleno dia";"Crescente";"Chuva";"Simples";"Curva";"Não";2;0;0;1;0;1;1;2;-20,21886573;-41,44004714;"SPRF-ES";"DEL01-ES";"UOP02-DEL01-ES"
402571;2021-12-18;"sábado";"16:25:00";"PR";277;307,1;"GUARAPUAVA";"Problema com o freio";"Tombamento";"Com Vítimas Feridas";"Pleno dia";"Decrescente";"Céu Claro";"Simples";"Curva";"Não";2;0;1;0;1;0;1;1;-25,30334725;-51,15427693;"SPRF-PR";"DEL08-PR";"UOP01-DEL08-PR"
402587;2021-12-18;"sábado";"16:25:00";"MT";364;313,8;"JACIARA";"Velocidade Incompatível";"Capotamento";"Com Vítimas Feridas";"Pleno dia";"Decrescente";"Chuva";"Dupla";"Ponte";"Não";4;0;1;2;0;3;3;4;-15,81111;-55,26553;"SPRF-MT";"DEL05-MT";"UOP02-DEL05-MT"
402588;2021-12-18;"sábado";"17:00:00";"PR";277;299,9;"PRUDENTOPOLIS";"Acessar a via sem observar a presença dos outros veículos";"Saída de leito carroçável";"Com Vítimas Feridas";"Pleno dia";"Decrescente";"Sol";"Simples";"Reta";"Sim";2;0;1;0;1;0;1;2;-25,29919427;-51,1447826;"SPRF-PR";"DEL08-PR";"UOP01-DEL08-PR"
402589;2021-12-18;"sábado";"12:30:00";"BA";30;736;"BOA NOVA";"Velocidade Incompatível";"Tombamento";"Com Vítimas Feridas";"Pleno dia";"Decrescente";"Nublado";"Simples";"Curva;Declive";"Não";2;0;1;0;0;1;1;2;-14,35855;-40,33881;"SPRF-BA";"DEL05-BA";"UOP01-DEL05-BA"
402597;2021-12-18;"sábado";"12:42:00";"GO";60;396;"RIO VERDE";"Ausência de reação do condutor";"Saída de leito carroçável";"Sem Vítimas";"Pleno dia";"Decrescente";"Nublado";"Dupla";"Retorno Regulamentado";"Não";2;0;0;0;1;1;0;2;-17,8244;-51,0172;"SPRF-GO";"DEL04-GO";"UOP01-DEL04-GO"
402602;2021-12-18;"sábado";"16:00:00";"ES";259;10,2;"JOAO NEIVA";"Transitar na contramão";"Colisão frontal";"Com Vítimas Feridas";"Pleno dia";"Decrescente";"Chuva";"Simples";"Reta";"Não";4;0;0;1;3;0;1;2;-19,66858288;-40,40294056;"SPRF-ES";"DEL02-ES";"UOP01-DEL02-ES"
402605;2021-12-18;"sábado";"18:00:00";"MG";381;434;"SABARA";"Chuva";"Colisão com objeto";"Sem Vítimas";"Anoitecer";"Decrescente";"Chuva";"Simples";"Reta;Aclive";"Não";2;0;0;0;2;0;0;2;-19,78721866;-43,72730255;"SPRF-MG";"DEL01-MG";"UOP01-DEL01-MG"
402617;2021-12-18;"sábado";"16:20:00";"MS";262;706,5;"CORUMBA";"Reação tardia ou ineficiente do condutor";"Colisão traseira";"Com Vítimas Fatais";"Pleno dia";"Crescente";"Nublado";"Simples";"Ponte";"Não";6;1;2;0;2;1;2;3;-19,52171992;-57,41958991;"SPRF-MS";"DEL03-MS";"UOP03-DEL03-MS"
402622;2021-12-18;"sábado";"18:20:00";"MG";381;529,1;"BRUMADINHO";"Velocidade Incompatível";"Tombamento";"Com Vítimas Feridas";"Anoitecer";"Crescente";"Nublado";"Dupla";"Curva;Declive";"Não";2;0;1;0;0;1;1;2;-20,16316;-44,3399;"SPRF-MG";"DEL04-MG";"UOP03-DEL04-MG"
402626;2021-12-18;"sábado";"19:40:00";"BA";116;782,1;"PLANALTO";"Acesso irregular";"Colisão traseira";"Com Vítimas Feridas";"Plena Noite";"Decrescente";"Nublado";"Simples";"Reta";"Não";2;0;1;0;1;0;1;2;-14,64944606;-40,45704985;"SPRF-BA";"DEL08-BA";"UOP02-DEL08-BA"
402634;2021-12-18;"sábado";"16:25:00";"PR";476;294,9;"SAO MATEUS DO SUL";"Ultrapassagem Indevida";"Colisão lateral mesmo sentido";"Com Vítimas Fatais";"Pleno dia";"Crescente";"Sol";"Simples";"Reta";"Não";6;2;0;0;2;2;0;5;-25,955286;-50,51403;"SPRF-PR";"DEL02-PR";"UOP04-DEL02-PR"
402635;2021-12-18;"sábado";"19:55:00";"SP";116;288;"ITAPECERICA DA SERRA";"Transitar na contramão";"Colisão lateral sentido oposto";"Com Vítimas Feridas";"Plena Noite";"Crescente";"Céu Claro";"Simples";"Ponte";"Não";5;0;3;0;1;1;3;3;-23,719254;-46,883144;"SPRF-SP";"DEL04-SP";"UOP01-DEL04-SP"
402646;2021-12-18;"sábado";"13:20:00";"SC";282;95;"ALFREDO WAGNER";"Velocidade Incompatível";"Tombamento";"Com Vítimas Feridas";"Pleno dia";"Decrescente";"Nublado";"Simples";"Curva";"Não";2;0;1;0;0;2;1;3;-27,704929;-49,239353;"SPRF-SC";"DEL01-SC";"UOP03-DEL01-SC"
402651;2021-12-18;"sábado";"21:30:00";"PI";226;265,2;"CAMPO MAIOR";"Ausência de reação do condutor";"Colisão lateral sentido oposto";"Com Vítimas Feridas";"Pleno dia";"Crescente";"Céu Claro";"Simples";"Reta";"Sim";2;0;1;0;1;0;1;2;-4,83817753;-42,17090433;"SPRF-PI";"DEL01-PI";"UOP01-DEL01-PI"
402656;2021-12-18;"sábado";"20:20:00";"SC";101;327,9;"CAPIVARI DE BAIXO";"Manobra de mudança de faixa";"Colisão traseira";"Com Vítimas Fatais";"Plena Noite";"Crescente";"Nublado";"Múltipla";"Aclive;Reta";"Não";5;1;1;0;2;2;1;4;-28,44305185;-48,96535814;"SPRF-SC";"DEL02-SC";"UOP01-DEL02-SC"
402657;2021-12-18;"sábado";"20:00:00";"RJ";101;228;"SILVA JARDIM";"Condutor Dormindo";"Tombamento";"Sem Vítimas";"Plena Noite";"Decrescente";"Chuva";"Dupla";"Reta";"Não";2;0;0;0;1;1;0;2;-22,56241824;-42,35993577;"SPRF-RJ";"DEL02-RJ";"UOP03-DEL02-RJ"
402665;2021-12-18;"sábado";"22:55:00";"SP";116;225;"GUARULHOS";"Ausência de reação do condutor";"Colisão traseira";"Com Vítimas Feridas";"Plena Noite";"Decrescente";"Nublado";"Dupla";"Declive;Reta";"Sim";2;0;1;0;1;0;1;2;-23,48586772;-46,54075317;"SPRF-SP";"DEL01-SP";"UOP01-DEL01-SP"
402666;2021-12-18;"sábado";"17:15:00";"RS";153;10,3;"MARCELINO RAMOS";"Velocidade Incompatível";"Tombamento";"Com Vítimas Feridas";"Pleno dia";"Decrescente";"Sol";"Simples";"Curva";"Não";2;0;1;0;0;1;1;2;-27,43198;-52,04055595;"SPRF-RS";"DEL08-RS";"UOP04-DEL08-RS"
402671;2021-12-18;"sábado";"23:00:00";"MG";365;574;"INDIANOPOLIS";"Ausência de reação do condutor";"Colisão traseira";"Com Vítimas Feridas";"Plena Noite";"Crescente";"Nublado";"Simples";"Reta";"Não";4;0;1;0;1;2;1;4;-18,90717969;-47,8947258;"SPRF-MG";"DEL15-MG";"UOP02-DEL15-MG"
402672;2021-12-18;"sábado";"20:00:00";"MG";116;329;"CAMPANARIO";"Velocidade Incompatível";"Tombamento";"Com Vítimas Feridas";"Plena Noite";"Crescente";"Chuva";"Simples";"Curva";"Não";2;0;0;1;0;1;1;2;-18,2312778;-41,72290613;"SPRF-MG";"DEL11-MG";"UOP01-DEL11-MG"
402697;2021-12-19;"domingo";"00:20:00";"RO";319;64;"PORTO VELHO";"Condutor desrespeitou a iluminação vermelha do semáforo";"Colisão transversal";"Com Vítimas Feridas";"Pleno dia";"Decrescente";"Chuva";"Dupla";"Reta";"Sim";3;0;1;0;1;1;1;3;-8,766685;-63,884052;"SPRF-RO";"DEL01-RO";"UOP01-DEL01-RO"
402708;2021-12-19;"domingo";"04:00:00";"PE";116;6;"SALGUEIRO";"Carga excessiva e/ou mal acondicionada";"Tombamento";"Com Vítimas Feridas";"Plena Noite";"Crescente";"Céu Claro";"Simples";"Curva";"Não";1;0;1;0;0;0;1;1;-7,903998;-39,114899;"SPRF-PE";"DEL05-PE";"UOP01-DEL05-PE"
402714;2021-12-19;"domingo";"04:10:00";"PB";230;471;"SOUSA";"Transitar na contramão";"Colisão frontal";"Com Vítimas Feridas";"Plena Noite";"Decrescente";"Céu Claro";"Simples";"Reta";"Não";3;0;1;1;0;1;2;2;-6,7943;-38,2918;"SPRF-PB";"DEL03-PB";"UOP03-DEL03-PB"
402717;2021-12-19;"domingo";"03:50:00";"PR";116;80;"PIRAQUARA";"Reação tardia ou ineficiente do condutor";"Saída de leito carroçável";"Com Vítimas Fatais";"Amanhecer";"Decrescente";"Garoa/Chuvisco";"Dupla";"Reta";"Não";2;1;0;0;0;1;0;2;-25,40363584;-49,05951636;"SPRF-PR";"DEL01-PR";"UOP01-DEL01-PR"
402720;2021-12-18;"sábado";"14:25:00";"BA";101;46;"ESPLANADA";"Velocidade Incompatível";"Colisão traseira";"Sem Vítimas";"Pleno dia";"Decrescente";"Céu Claro";"Simples";"Reta";"Não";4;0;0;0;2;2;0;4;-11,88660088;-38,02732004;"SPRF-SE";"DEL02-SE";"UOP03-DEL02-SE"
402746;2021-12-18;"sábado";"22:30:00";"MG";381;526,2;"BRUMADINHO";"Ausência de reação do condutor";"Colisão traseira";"Com Vítimas Fatais";"Plena Noite";"Crescente";"Chuva";"Dupla";"Curva;Declive";"Não";2;1;0;0;1;0;0;2;-20,157093;-44,328619;"SPRF-MG";"DEL04-MG";"UOP03-DEL04-MG"
402750;2021-12-19;"domingo";"07:30:00";"GO";20;175;"ALVORADA DO NORTE";"Chuva";"Colisão frontal";"Com Vítimas Fatais";"Pleno dia";"Crescente";"Chuva";"Simples";"Reta";"Não";8;1;0;3;2;3;3;5;-14,4422464;-46,4681595;"SPRF-DF";"DEL02-DF";"UOP03-DEL02-DF"
402761;2021-12-19;"domingo";"07:55:00";"MS";163;276;"DOURADOS";"Velocidade Incompatível";"Tombamento";"Com Vítimas Feridas";"Pleno dia";"Crescente";"Céu Claro";"Dupla";"Rotatória";"Sim";4;0;1;2;0;2;3;3;-22,15825443;-54,64505196;"SPRF-MS";"DEL04-MS";"UOP01-DEL04-MS"
402781;2021-12-19;"domingo";"10:00:00";"PI";316;83;"LAGOINHA DO PIAUI";"Acessar a via sem observar a presença dos outros veículos";"Colisão transversal";"Com Vítimas Feridas";"Pleno dia";"Crescente";"Sol";"Simples";"Curva";"Não";5;0;4;0;1;0;4;2;-5,76504417;-42,60991708;"SPRF-PI";"DEL04-PI";"UOP02-DEL04-PI"
402782;2021-12-19;"domingo";"11:30:00";"MS";60;515;"NIOAQUE";"Ausência de reação do condutor";"Tombamento";"Com Vítimas Feridas";"Pleno dia";"Decrescente";"Nublado";"Simples";"Declive";"Não";3;0;0;1;1;2;1;4;-21,17732695;-55,628235;"SPRF-MS";"DEL05-MS";"UOP01-DEL05-MS"
402787;2021-12-19;"domingo";"11:40:00";"SE";101;55,4;"CARMOPOLIS";"Ultrapassagem Indevida";"Colisão frontal";"Com Vítimas Fatais";"Pleno dia";"Crescente";"Céu Claro";"Simples";"Reta;Aclive";"Não";5;1;3;0;1;0;3;2;-10,633431;-37,003742;"SPRF-SE";"DEL02-SE";"UOP02-DEL02-SE"
402794;2021-12-19;"domingo";"13:50:00";"SC";101;186;"BIGUACU";"Manobra de mudança de faixa";"Saída de leito carroçável";"Com Vítimas Feridas";"Pleno dia";"Crescente";"Céu Claro";"Dupla";"Curva";"Não";2;0;0;1;0;1;1;2;-27,4341098;-48,62567129;"SPRF-SC";"DEL01-SC";"UOP01-DEL01-SC"
402803;2021-12-19;"domingo";"14:15:00";"PE";104;29,9;"TORITAMA";"Condutor Dormindo";"Colisão lateral sentido oposto";"Com Vítimas Feridas";"Pleno dia";"Decrescente";"Céu Claro";"Simples";"Reta";"Sim";6;0;4;1;1;0;5;2;-8,0078;-36,0621;"SPRF-PE";"DEL02-PE";"UOP01-DEL02-PE"
402806;2021-12-19;"domingo";"14:55:00";"PB";230;86;"CALDAS BRANDAO";"Condutor Dormindo";"Colisão lateral mesmo sentido";"Com Vítimas Feridas";"Pleno dia";"Decrescente";"Céu Claro";"Dupla";"Reta";"Não";2;0;1;0;0;1;1;2;-7,1663;-35,36;"SPRF-PB";"DEL01-PB";"UOP03-DEL01-PB"
402811;2021-12-19;"domingo";"15:25:00";"PB";101;83;"BAYEUX";"Ausência de reação do condutor";"Colisão traseira";"Sem Vítimas";"Pleno dia";"Decrescente";"Sol";"Dupla";"Reta";"Sim";2;0;0;0;2;0;0;2;-7,13603932;-34,92695234;"SPRF-PB";"DEL01-PB";"UOP01-DEL01-PB"
402813;2021-12-19;"domingo";"11:45:00";"MG";116;142,2;"PONTO DOS VOLANTES";"Ausência de reação do condutor";"Tombamento";"Com Vítimas Feridas";"Pleno dia";"Decrescente";"Céu Claro";"Simples";"Curva";"Não";4;0;1;2;0;1;3;2;-16,78485706;-41,48261649;"SPRF-MG";"DEL11-MG";"UOP02-DEL11-MG"
402815;2021-12-19;"domingo";"14:00:00";"MS";158;28;"PARANAIBA";"Ultrapassagem Indevida";"Colisão frontal";"Com Vítimas Fatais";"Pleno dia";"Crescente";"Nublado";"Simples";"Aclive";"Não";4;1;0;1;0;3;1;5;-19,22159804;-51,5228591;"SPRF-MS";"DEL08-MS";"UOP01-DEL08-MS"
402819;2021-12-19;"domingo";"14:45:00";"MT";364;534,1;"ROSARIO OESTE";"Demais falhas na via";"Colisão lateral sentido oposto";"Com Vítimas Feridas";"Pleno dia";"Crescente";"Céu Claro";"Simples";"Curva";"Não";3;0;1;0;1;2;1;4;-14,9077468;-56,46889776;"SPRF-MT";"DEL01-MT";"UOP01-DEL01-MT"
402820;2021-12-19;"domingo";"15:10:00";"SE";235;53,9;"ITABAIANA";"Acessar a via sem observar a presença dos outros veículos";"Colisão transversal";"Com Vítimas Feridas";"Pleno dia";"Crescente";"Céu Claro";"Simples";"Interseção de Vias";"Sim";3;0;2;0;1;0;2;2;-10,684707;-37,440544;"SPRF-SE";"DEL01-SE";"UOP02-DEL01-SE"
402821;2021-12-19;"domingo";"11:30:00";"PR";376;307;"MAUA DA SERRA";"Demais falhas mecânicas ou elétricas";"Colisão com objeto";"Sem Vítimas";"Pleno dia";"Decrescente";"Céu Claro";"Dupla";"Curva;Aclive";"Não";2;0;0;0;1;3;0;4;-23,95085;-51,11805;"SPRF-PR";"DEL07-PR";"UOP02-DEL07-PR"
402847;2021-12-19;"domingo";"16:10:00";"RS";290;487,4;"ROSARIO DO SUL";"Reação tardia ou ineficiente do condutor";"Atropelamento de Pedestre";"Com Vítimas Feridas";"Pleno dia";"Crescente";"Céu Claro";"Simples";"Reta";"Não";2;0;0;1;1;0;1;2;-30,2394051;-55,00379741;"SPRF-RS";"DEL11-RS";"UOP02-DEL11-RS"
402851;2021-12-19;"domingo";"14:45:00";"BA";101;666,4;"ITAPEBI";"Velocidade Incompatível";"Colisão lateral sentido oposto";"Com Vítimas Feridas";"Pleno dia";"Decrescente";"Céu Claro";"Simples";"Curva";"Não";3;0;0;1;1;2;1;4;-15,984029;-39,569364;"SPRF-BA";"DEL09-BA";"UOP01-DEL09-BA"
402852;2021-12-19;"domingo";"18:20:00";"SC";470;108,1;"APIUNA";"Manobra de mudança de faixa";"Colisão frontal";"Com Vítimas Feridas";"Anoitecer";"Decrescente";"Céu Claro";"Simples";"Reta";"Não";3;0;0;1;1;1;1;3;-27,080708;-49,440491;"SPRF-SC";"DEL04-SC";"UOP02-DEL04-SC"
402874;2021-12-19;"domingo";"20:20:00";"GO";20;59,6;"FORMOSA";"Pista Escorregadia";"Colisão frontal";"Com Vítimas Feridas";"Plena Noite";"Decrescente";"Chuva";"Simples";"Reta;Aclive";"Não";5;0;0;1;4;0;1;2;-15,25577;-47,165115;"SPRF-DF";"DEL02-DF";"UOP01-DEL02-DF"
402881;2021-12-19;"domingo";"17:50:00";"SC";101;2;"GARUVA";"Manobra de mudança de faixa";"Colisão lateral mesmo sentido";"Com Vítimas Feridas";"Pleno dia";"Decrescente";"Nublado";"Dupla";"Reta;Declive";"Não";4;0;1;0;2;1;1;3;-25,99699834;-48,87891655;"SPRF-SC";"DEL03-SC";"UOP01-DEL03-SC"
402892;2021-12-19;"domingo";"21:15:00";"RS";392;95,1;"PELOTAS";"Ausência de reação do condutor";"Colisão traseira";"Com Vítimas Fatais";"Plena Noite";"Decrescente";"Céu Claro";"Simples";"Curva;Aclive";"Não";2;1;0;0;1;0;0;2;-31,56762219;-52,54164316;"SPRF-RS";"DEL07-RS";"UOP01-DEL07-RS"
402895;2021-12-19;"domingo";"20:40:00";"PE";232;197;"SANHARO";"Acessar a via sem observar a presença dos outros veículos";"Colisão transversal";"Com Vítimas Feridas";"Plena Noite";"Decrescente";"Céu Claro";"Simples";"Reta";"Sim";3;0;2;0;1;0;2;2;-8,36891793;-36,580362;"SPRF-PE";"DEL02-PE";"UOP03-DEL02-PE"
402896;2021-12-19;"domingo";"17:15:00";"PR";153;144,6;"VENTANIA";"Velocidade Incompatível";"Derramamento de carga";"Sem Vítimas";"Pleno dia";"Crescente";"Céu Claro";"Simples";"Curva";"Não";2;0;0;0;1;2;0;3;-24,11580711;-50,24472848;"SPRF-PR";"DEL07-PR";"UOP04-DEL07-PR"