"id";"data_inversa";"dia_semana";"horario";"uf";"br";"km";"municipio";"causa_acidente";"tipo_acidente";"classificacao_acidente";"fase_dia";"sentido_via";"condicao_metereologica";"tipo_pista";"tracado_via";"uso_solo";"pessoas";"mortos";"feridos_leves";"feridos_graves";"ilesos";"ignorados";"feridos";"veiculos";"latitude";"longitude";"regional";"delegacia";"uop"
402901;2021-12-19;"domingo";"21:20:00";"PA";316;139;"PEIXE-BOI";"Desrespeitar a preferência no cruzamento";"Colisão transversal";"Com Vítimas Feridas";"Plena Noite";"Crescente";"Nublado";"Simples";"Reta";"Não";5;0;4;0;0;1;4;2;-1,26255307;-47,26889133;"SPRF-PA";"DEL01-PA";"UOP03-DEL01-PA"
402902;2021-12-19;"domingo";"21:25:00";"SP";116;408;"JUQUIA";"Animais na Pista";"Atropelamento de Animal";"Com Vítimas Fatais";"Plena Noite";"Crescente";"Céu Claro";"Dupla";"Reta";"Sim";3;1;0;0;2;0;0;1;-24,32873462;-47,57541707;"SPRF-SP";"DEL05-SP";"UOP01-DEL05-SP"
402907;2021-12-19;"domingo";"21:50:00";"PR";277;664,1;"MEDIANEIRA";"Condutor deixou de manter distância do veículo da frente";"Colisão traseira";"Sem Vítimas";"Plena Noite";"Crescente";"Céu Claro";"Dupla";"Reta";"Não";2;0;0;0;2;0;0;2;-25,25301037;-54,02857196;"SPRF-PR";"DEL05-PR";"UOP02-DEL05-PR"
402909;2021-12-19;"domingo";"16:20:00";"PR";277;426;"CANTAGALO";"Velocidade Incompatível";"Tombamento";"Com Vítimas Feridas";"Pleno dia";"Decrescente";"Céu Claro";"Simples";"Reta";"Não";2;0;0;1;0;1;1;2;-25,38220585;-52,11624364;"SPRF-PR";"DEL04-PR";"UOP02-DEL04-PR"
402913;2021-12-19;"domingo";"19:55:00";"RJ";101;88;"CAMPOS DOS GOYTACAZES";"Condutor Dormindo";"Colisão traseira";"Com Vítimas Fatais";"Plena Noite";"Crescente";"Nublado";"Múltipla";"Aclive";"Não";4;1;2;0;1;0;2;2;-21,83354897;-41,50191804;"SPRF-RJ";"DEL08-RJ";"UOP02-DEL08-RJ"
402918;2021-12-19;"domingo";"22:15:00";"RS";285;321,8;"PASSO FUNDO";"Ultrapassagem Indevida";"Colisão frontal";"Com Vítimas Fatais";"Plena Noite";"Decrescente";"Céu Claro";"Simples";"Reta";"Não";6;2;0;1;2;2;1;5;-28,2710307;-52,63723612;"SPRF-RS";"DEL08-RS";"UOP03-DEL08-RS"
402931;2021-12-19;"domingo";"20:35:00";"SC";101;61,3;"ARAQUARI";"Pedestre cruzava a pista fora da faixa";"Atropelamento de Pedestre";"Com Vítimas Fatais";"Plena Noite";"Crescente";"Céu Claro";"Dupla";"Reta";"Sim";2;1;0;0;1;0;0;2;-26,454912;-48,77454;"SPRF-SC";"DEL03-SC";"UOP02-DEL03-SC"
402933;2021-12-20;"segunda-feira";"00:10:00";"AL";316;234;"ATALAIA";"Transitar na contramão";"Colisão frontal";"Com Vítimas Feridas";"Plena Noite";"Decrescente";"Céu Claro";"Simples";"Reta";"Não";3;0;0;1;1;1;1;3;-9,495433;-36,082429;"SPRF-AL";"DEL01-AL";"UOP01-DEL01-AL"
402944;2021-12-20;"segunda-feira";"02:00:00";"RS";392;83;"PELOTAS";"Ausência de reação do condutor";"Saída de leito carroçável";"Com Vítimas Feridas";"Plena Noite";"Decrescente";"Céu Claro";"Simples";"Curva;Declive";"Não";2;0;1;0;0;1;1;2;-31,65313133;-52,47118546;"SPRF-RS";"DEL07-RS";"UOP01-DEL07-RS"
402945;2021-12-20;"segunda-feira";"02:00:00";"RS";392;165,7;"PIRATINI";"Ausência de reação do condutor";"Colisão lateral sentido oposto";"Com Vítimas Feridas";"Plena Noite";"Crescente";"Céu Claro";"Simples";"Reta";"Não";3;0;1;0;1;2;1;4;-31,09431291;-52,96730091;"SPRF-RS";"DEL07-RS";"UOP01-DEL07-RS"
402947;2021-12-19;"domingo";"20:40:00";"RJ";101;42,3;"CAMPOS DOS GOYTACAZES";"Condutor deixou de manter distância do veículo da frente";"Colisão traseira";"Com Vítimas Feridas";"Plena Noite";"Decrescente";"Nublado";"Simples";"Reta";"Não";2;0;1;0;0;1;1;2;-21,56357908;-41,32424043;"SPRF-RJ";"DEL08-RJ";"UOP01-DEL08-RJ"
402952;2021-12-20;"segunda-feira";"00:50:00";"RO";364;596,4;"ITAPUA DO OESTE";"Ingestão de álcool pelo condutor";"Saída de leito carroçável";"Com Vítimas Feridas";"Plena Noite";"Crescente";"Chuva";"Simples";"Reta";"Não";2;0;1;0;0;1;1;2;-9,25742194;-63,16233977;"SPRF-RO";"DEL01-RO";"UOP04-DEL01-RO"
402953;2021-12-19;"domingo";"19:10:00";"BA";242;410;"SEABRA";"Sinalização mal posicionada";"Colisão com objeto";"Com Vítimas Fatais";"Plena Noite";"Decrescente";"Chuva";"Simples";"Reta";"Não";7;2;1;2;1;2;3;4;-12,4520299;-41,75055052;"SPRF-BA";"DEL06-BA";"UOP01-DEL06-BA"
402961;2021-12-20;"segunda-feira";"03:00:00";"MS";262;57,9;"TRES LAGOAS";"Curva acentuada";"Tombamento";"Com Vítimas Feridas";"Plena Noite";"Crescente";"Ignorado";"Simples";"Declive";"Não";2;0;0;1;0;1;1;2;-20,72959515;-52,12323008;"SPRF-MS";"DEL07-MS";"UOP01-DEL07-MS"
402965;2021-12-20;"segunda-feira";"05:15:00";"BA";116;461;"SANTO ESTEVAO";"Condutor Dormindo";"Colisão traseira";"Com Vítimas Feridas";"Amanhecer";"Decrescente";"Céu Claro";"Dupla";"Aclive";"Sim";3;0;2;0;1;0;2;2;-12,43062602;-39,21411599;"SPRF-BA";"DEL02-BA";"UOP01-DEL02-BA"
402977;2021-12-20;"segunda-feira";"07:00:00";"SC";101;197,8;"BIGUACU";"Frear bruscamente";"Colisão traseira";"Com Vítimas Feridas";"Pleno dia";"Crescente";"Céu Claro";"Múltipla";"Reta";"Sim";3;0;1;0;2;0;1;3;-27,51844497;-48,63848496;"SPRF-SC";"DEL01-SC";"UOP01-DEL01-SC"
402978;2021-12-20;"segunda-feira";"06:30:00";"RN";101;108,9;"PARNAMIRIM";"Condutor deixou de manter distância do veículo da frente";"Colisão lateral mesmo sentido";"Com Vítimas Feridas";"Pleno dia";"Decrescente";"Sol";"Dupla";"Reta";"Sim";2;0;1;0;1;0;1;2;-5,93427411;-35,26476145;"SPRF-RN";"DEL01-RN";"UOP01-DEL01-RN"
402984;2021-12-20;"segunda-feira";"08:00:00";"PR";369;228,8;"JANDAIA DO SUL";"Velocidade Incompatível";"Colisão traseira";"Com Vítimas Feridas";"Pleno dia";"Crescente";"Céu Claro";"Simples";"Reta";"Sim";5;0;2;0;2;1;2;3;-23,58930484;-51,64617598;"SPRF-PR";"DEL09-PR";"UOP01-DEL09-PR"
402989;2021-12-20;"segunda-feira";"07:30:00";"MG";381;528,5;"BRUMADINHO";"Velocidade Incompatível";"Tombamento";"Com Vítimas Feridas";"Pleno dia";"Decrescente";"Céu Claro";"Dupla";"Curva";"Não";2;0;0;1;0;1;1;2;-20,16619722;-44,36914378;"SPRF-MG";"DEL04-MG";"UOP03-DEL04-MG"
402990;2021-12-16;"quinta-feira";"23:10:00";"MG";381;399;"BOM JESUS DO AMPARO";"Demais falhas mecânicas ou elétricas";"Incêndio";"Sem Vítimas";"Plena Noite";"Decrescente";"Nublado";"Dupla";"Curva";"Não";2;0;0;0;1;2;0;3;-19,73681212;-43,51276109;"SPRF-MG";"DEL01-MG";"UOP01-DEL01-MG"
402993;2021-12-20;"segunda-feira";"09:00:00";"SP";116;179;"GUARAREMA";"Reação tardia ou ineficiente do condutor";"Colisão traseira";"Com Vítimas Feridas";"Pleno dia";"Crescente";"Céu Claro";"Dupla";"Retorno Regulamentado";"Não";3;0;1;0;1;1;1;3;-23,33202124;-46,13661688;"SPRF-SP";"DEL01-SP";"UOP01-DEL01-SP"
402995;2021-12-20;"segunda-feira";"09:00:00";"PE";232;5,1;"RECIFE";"Ausência de reação do condutor";"Colisão lateral mesmo sentido";"Sem Vítimas";"Pleno dia";"Crescente";"Sol";"Dupla";"Reta";"Sim";4;0;0;0;3;1;0;4;-8,06795766;-34,94535414;"SPRF-PE";"DEL01-PE";"UOP01-DEL01-PE"
403001;2021-12-20;"segunda-feira";"08:30:00";"SC";101;149,7;"ITAPEMA";"Condutor deixou de manter distância do veículo da frente";"Colisão lateral mesmo sentido";"Com Vítimas Feridas";"Pleno dia";"Decrescente";"Céu Claro";"Simples";"Reta";"Sim";2;0;1;0;1;0;1;2;-27,1089649;-48,61277586;"SPRF-SC";"DEL04-SC";"UOP03-DEL04-SC"
403004;2021-12-20;"segunda-feira";"09:20:00";"DF";70;17,3;"BRASILIA";"Condutor Dormindo";"Colisão traseira";"Com Vítimas Feridas";"Pleno dia";"Decrescente";"Céu Claro";"Dupla";"Reta";"Sim";4;0;0;1;2;1;1;3;-15,794133;-48,202095;"SPRF-DF";"DEL03-DF";"UOP02-DEL03-DF"
403008;2021-12-20;"segunda-feira";"08:40:00";"GO";20;184;"SIMOLANDIA";"Condutor deixou de manter distância do veículo da frente";"Colisão traseira";"Sem Vítimas";"Pleno dia";"Crescente";"Nublado";"Dupla";"Reta;Aclive;Interseção de Vias";"Não";5;0;0;0;4;5;0;9;-14,450006;-46,468243;"SPRF-DF";"DEL02-DF";"UOP03-DEL02-DF"
403009;2021-12-20;"segunda-feira";"08:55:00";"PR";163;144,9;"CAPITAO LEONIDAS MARQUES";"Transitar na contramão";"Colisão lateral mesmo sentido";"Com Vítimas Feridas";"Pleno dia";"Decrescente";"Sol";"Simples";"Reta;Declive";"Não";7;0;1;0;5;1;1;6;-25,46918522;-53,58266078;"SPRF-PR";"DEL05-PR";"UOP05-DEL05-PR"
403015;2021-12-20;"segunda-feira";"08:45:00";"PI";316;260,5;"IPIRANGA DO PIAUI";"Reação tardia ou ineficiente do condutor";"Colisão traseira";"Com Vítimas Feridas";"Pleno dia";"Crescente";"Sol";"Simples";"Reta";"Não";4;0;0;1;2;2;1;4;-6,78803493;-41,733284;"SPRF-PI";"DEL04-PI";"UOP02-DEL04-PI"
403029;2021-12-20;"segunda-feira";"12:15:00";"PB";101;18,8;"MAMANGUAPE";"Entrada inopinada do pedestre";"Atropelamento de Pedestre";"Com Vítimas Feridas";"Pleno dia";"Decrescente";"Céu Claro";"Dupla";"Reta;Declive";"Não";3;0;0;1;2;0;1;2;-6,64727686;-35,1213365;"SPRF-PB";"DEL01-PB";"UOP04-DEL01-PB"
403030;2021-12-20;"segunda-feira";"10:50:00";"BA";20;144;"SAO DESIDERIO";"Pista Escorregadia";"Colisão com objeto";"Com Vítimas Fatais";"Pleno dia";"Decrescente";"Chuva";"Simples";"Curva;Declive";"Não";7;2;0;0;5;0;0;1;-12,681746;-45,931778;"SPRF-BA";"DEL10-BA";"UOP01-DEL10-BA"
403035;2021-12-20;"segunda-feira";"09:05:00";"PR";376;522;"PONTA GROSSA";"Manobra de mudança de faixa";"Tombamento";"Com Vítimas Feridas";"Pleno dia";"Crescente";"Ignorado";"Dupla";"Curva";"Não";2;0;1;0;0;1;1;2;-25,29555894;-49,89661593;"SPRF-PR";"DEL03-PR";"UOP01-DEL03-PR"
403040;2021-12-20;"segunda-feira";"13:30:00";"SE";101;25,4;"MURIBECA";"Chuva";"Saída de leito carroçável";"Com Vítimas Feridas";"Pleno dia";"Crescente";"Chuva";"Dupla";"Curva";"Não";1;0;1;0;0;0;1;1;-10,4049654;-36,91875769;"SPRF-SE";"DEL02-SE";"UOP02-DEL02-SE"
403047;2021-12-20;"segunda-feira";"11:25:00";"MG";116;498,5;"INHAPIM";"Transitar na contramão";"Colisão frontal";"Com Vítimas Fatais";"Pleno dia";"Crescente";"Nublado";"Simples";"Curva;Declive";"Sim";2;1;0;0;1;0;0;2;-19,54476495;-42,12568405;"SPRF-MG";"DEL06-MG";"UOP02-DEL06-MG"
403052;2021-12-20;"segunda-feira";"14:00:00";"MT";364;399,5;"CUIABA";"Retorno proibido";"Colisão transversal";"Com Vítimas Feridas";"Pleno dia";"Decrescente";"Céu Claro";"Dupla";"Reta";"Sim";2;0;0;1;1;0;1;2;-15,67919104;-55,92995102;"SPRF-MT";"DEL01-MT";"UOP02-DEL01-MT"
403057;2021-12-18;"sábado";"00:00:00";"MG";116;35,4;"CACHOEIRA DE PAJEU";"Condutor Dormindo";"Tombamento";"Sem Vítimas";"Plena Noite";"Crescente";"Céu Claro";"Simples";"Curva;Aclive";"Não";2;0;0;0;1;8;0;9;-15,94135999;-41,4000173;"SPRF-MG";"DEL11-MG";"UOP02-DEL11-MG"
403058;2021-12-20;"segunda-feira";"15:40:00";"SC";101;184,8;"BIGUACU";"Ausência de reação do condutor";"Colisão traseira";"Com Vítimas Feridas";"Pleno dia";"Crescente";"Céu Claro";"Dupla";"Reta";"Sim";2;0;1;0;1;0;1;2;-27,41613807;-48,6266443;"SPRF-SC";"DEL01-SC";"UOP01-DEL01-SC"
403059;2021-12-20;"segunda-feira";"15:10:00";"MG";251;507,3;"FRANCISCO SA";"Transitar no acostamento";"Colisão lateral mesmo sentido";"Com Vítimas Feridas";"Pleno dia";"Decrescente";"Nublado";"Simples";"Aclive;Reta";"Não";4;0;2;0;1;3;2;5;-16,62566493;-43,69317517;"SPRF-MG";"DEL12-MG";"UOP01-DEL12-MG"
403065;2021-12-20;"segunda-feira";"16:20:00";"SC";470;7,5;"NAVEGANTES";"Condutor deixou de manter distância do veículo da frente";"Colisão traseira";"Com Vítimas Feridas";"Pleno dia";"Decrescente";"Sol";"Simples";"Viaduto";"Não";3;0;1;0;2;0;1;2;-26,84499;-48,71505;"SPRF-SC";"DEL04-SC";"UOP04-DEL04-SC"
403066;2021-12-20;"segunda-feira";"15:50:00";"MS";163;486,4;"CAMPO GRANDE";"Demais falhas na via";"Tombamento";"Com Vítimas Feridas";"Pleno dia";"Crescente";"Céu Claro";"Simples";"Reta";"Sim";3;0;1;0;1;1;1;3;-20,4336361;-54,54376745;"SPRF-MS";"DEL01-MS";"UOP02-DEL01-MS"
403076;2021-12-20;"segunda-feira";"18:00:00";"PR";376;614;"SAO JOSE DOS PINHAIS";"Demais falhas mecânicas ou elétricas";"Colisão traseira";"Com Vítimas Feridas";"Anoitecer";"Decrescente";"Céu Claro";"Múltipla";"Reta";"Sim";2;0;0;1;1;0;1;2;-25,57084314;-49,19356398;"SPRF-PR";"DEL01-PR";"UOP01-DEL01-PR"
403077;2021-12-20;"segunda-feira";"04:45:00";"MG";365;107;"JEQUITAI";"Chuva";"Eventos atípicos";"Com Vítimas Feridas";"Amanhecer";"Crescente";"Chuva";"Simples";"Aclive;Reta";"Não";4;0;3;0;0;1;3;2;-17,20694198;-44,587357;"SPRF-MG";"DEL12-MG";"UOP01-DEL12-MG"
403078;2021-12-20;"segunda-feira";"18:20:00";"GO";153;507;"APARECIDA DE GOIANIA";"Condutor deixou de manter distância do veículo da frente";"Colisão lateral mesmo sentido";"Com Vítimas Feridas";"Anoitecer";"Crescente";"Nublado";"Dupla";"Reta";"Sim";4;0;1;1;1;1;2;3;-16,7715;-49,2387;"SPRF-GO";"DEL01-GO";"UOP03-DEL01-GO"
403081;2021-12-20;"segunda-feira";"18:25:00";"PE";101;43;"IGARASSU";"Reação tardia ou ineficiente do condutor";"Colisão traseira";"Com Vítimas Feridas";"Plena Noite";"Decrescente";"Vento";"Múltipla";"Reta";"Sim";4;0;0;1;2;1;1;3;-7,84753808;-34,90977038;"SPRF-PE";"DEL01-PE";"UOP02-DEL01-PE"
403089;2021-12-20;"segunda-feira";"17:25:00";"PR";376;178;"PONTA GROSSA";"Ingestão de álcool pelo condutor";"Colisão com objeto";"Sem Vítimas";"Pleno dia";"Crescente";"Céu Claro";"Dupla";"Reta";"Sim";1;0;0;0;1;0;0;1;-25,04091381;-50,25228743;"SPRF-PR";"DEL09-PR";"UOP01-DEL09-PR"
403091;2021-12-20;"segunda-feira";"14:00:00";"GO";153;207;"URUACU";"Reação tardia ou ineficiente do condutor";"Saída de leito carroçável";"Com Vítimas Feridas";"Pleno dia";"Decrescente";"Chuva";"Simples";"Reta;Declive";"Não";1;0;1;0;0;0;1;1;-14,576796;-49,158405;"SPRF-GO";"DEL07-GO";"UOP02-DEL07-GO"
403097;2021-12-20;"segunda-feira";"16:55:00";"RJ";116;250;"PIRAI";"Velocidade Incompatível";"Saída de leito carroçável";"Com Vítimas Feridas";"Pleno dia";"Decrescente";"Céu Claro";"Dupla";"Reta";"Não";2;0;1;0;0;1;1;2;-22,59303815;-43,95591144;"SPRF-RJ";"DEL07-RJ";"UOP01-DEL07-RJ"
403102;2021-12-20;"segunda-feira";"15:40:00";"TO";230;128;"ARAGUATINS";"Curva acentuada";"Tombamento";"Com Vítimas Feridas";"Plena Noite";"Crescente";"Céu Claro";"Simples";"Curva";"Não";2;0;1;0;0;1;1;2;-5,78393405;-48,02665238;"SPRF-TO";"DEL02-TO";"UOP03-DEL02-TO"
403111;2021-12-20;"segunda-feira";"19:10:00";"MG";50;184;"UBERABA";"Reação tardia ou ineficiente do condutor";"Colisão lateral mesmo sentido";"Com Vítimas Feridas";"Plena Noite";"Decrescente";"Céu Claro";"Dupla";"Reta";"Sim";6;0;2;0;3;2;2;5;-19,80945315;-47,90078523;"SPRF-MG";"DEL13-MG";"UOP01-DEL13-MG"
403122;2021-12-20;"segunda-feira";"17:05:00";"SC";282;437;"IRANI";"Desrespeitar a preferência no cruzamento";"Colisão transversal";"Com Vítimas Feridas";"Pleno dia";"Decrescente";"Nublado";"Simples";"Interseção de Vias";"Não";3;0;2;0;0;2;2;4;-26,963764;-51,854839;"SPRF-SC";"DEL07-SC";"UOP04-DEL07-SC"
403126;2021-12-20;"segunda-feira";"22:00:00";"GO";50;111;"CRISTALINA";"Velocidade Incompatível";"Tombamento";"Com Vítimas Feridas";"Plena Noite";"Decrescente";"Nublado";"Simples";"Rotatória";"Não";2;0;0;1;0;1;1;2;-16,9309;-47,7117;"SPRF-DF";"DEL01-DF";"UOP02-DEL01-DF"
403128;2021-12-20;"segunda-feira";"22:40:00";"PR";369;10,5;"CAMBARA";"Condutor Dormindo";"Colisão frontal";"Com Vítimas Feridas";"Plena Noite";"Decrescente";"Céu Claro";"Simples";"Reta";"Não";4;0;0;1;2;1;1;3;-22,99994289;-49,97872442;"SPRF-PR";"DEL07-PR";"UOP01-DEL07-PR"
403130;2021-12-20;"segunda-feira";"23:30:00";"RJ";116;305;"RESENDE";"Acessar a via sem observar a presença dos outros veículos";"Colisão lateral mesmo sentido";"Sem Vítimas";"Plena Noite";"Crescente";"Céu Claro";"Simples";"Rotatória";"Sim";2;0;0;0;2;0;0;2;-22,45573779;-44,39454802;"SPRF-RJ";"DEL07-RJ";"UOP02-DEL07-RJ"
403133;2021-12-20;"segunda-feira";"23:30:00";"MG";262;761,1;"SACRAMENTO";"Reação tardia ou ineficiente do condutor";"Colisão lateral sentido oposto";"Com Vítimas Feridas";"Plena Noite";"Crescente";"Céu Claro";"Simples";"Declive";"Não";6;0;2;1;0;4;3;5;-19,66828463;-47,61093008;"SPRF-MG";"DEL13-MG";"UOP01-DEL13-MG"
403135;2021-12-20;"segunda-feira";"20:40:00";"SC";470;192,3;"POUSO REDONDO";"Velocidade Incompatível";"Saída de leito carroçável";"Com Vítimas Feridas";"Plena Noite";"Decrescente";"Céu Claro";"Simples";"Curva";"Não";1;0;0;1;0;0;1;1;-27,293324;-50,078678;"SPRF-SC";"DEL04-SC";"UOP02-DEL04-SC"
403136;2021-12-21;"terça-feira";"01:30:00";"PR";277;410;"CANDOI";"Velocidade Incompatível";"Tombamento";"Com Vítimas Feridas";"Plena Noite";"Crescente";"Céu Claro";"Simples";"Declive;Curva";"Não";3;0;2;0;0;1;2;2;-25,43184986;-52,00714351;"SPRF-PR";"DEL04-PR";"UOP02-DEL04-PR"
403137;2021-12-21;"terça-feira";"01:45:00";"MG";381;929,8;"EXTREMA";"Condutor Dormindo";"Saída de leito carroçável";"Com Vítimas Feridas";"Plena Noite";"Crescente";"Céu Claro";"Dupla";"Curva";"Não";2;0;1;0;0;1;1;2;-22,79911462;-46,26123692;"SPRF-MG";"DEL16-MG";"UOP03-DEL16-MG"
403141;2021-12-21;"terça-feira";"05:30:00";"MG";50;69;"UBERLANDIA";"Curva acentuada";"Tombamento";"Com Vítimas Feridas";"Pleno dia";"Crescente";"Céu Claro";"Dupla";"Viaduto";"Sim";2;0;1;0;0;1;1;2;-18,85140204;-48,25345932;"SPRF-MG";"DEL15-MG";"UOP01-DEL15-MG"
403142;2021-12-21;"terça-feira";"05:30:00";"MG";365;595;"ARAGUARI";"Ultrapassagem Indevida";"Colisão frontal";"Com Vítimas Feridas";"Amanhecer";"Crescente";"Céu Claro";"Simples";"Aclive";"Não";3;0;0;1;1;2;1;4;-18,87365352;-48,08880176;"SPRF-MG";"DEL15-MG";"UOP02-DEL15-MG"
403145;2021-12-21;"terça-feira";"02:00:00";"PE";232;414,3;"SERRA TALHADA";"Animais na Pista";"Atropelamento de Animal";"Com Vítimas Feridas";"Plena Noite";"Decrescente";"Garoa/Chuvisco";"Simples";"Reta";"Sim";1;0;1;0;0;0;1;1;-7,99236282;-38,33750809;"SPRF-PE";"DEL04-PE";"UOP01-DEL04-PE"
403151;2021-12-21;"terça-feira";"05:00:00";"PI";407;478;"JAICOS";"Reação tardia ou ineficiente do condutor";"Tombamento";"Com Vítimas Feridas";"Amanhecer";"Decrescente";"Nublado";"Simples";"Reta";"Não";1;0;1;0;0;0;1;1;-7,42436491;-41,19944708;"SPRF-PI";"DEL04-PI";"UOP01-DEL04-PI"
403156;2021-12-21;"terça-feira";"05:30:00";"RO";364;140,3;"PIMENTA BUENO";"Animais na Pista";"Colisão frontal";"Com Vítimas Feridas";"Amanhecer";"Crescente";"Nublado";"Simples";"Aclive";"Não";4;0;1;2;1;0;3;2;-12,01457591;-60,855255;"SPRF-RO";"DEL02-RO";"UOP02-DEL02-RO"
403158;2021-12-21;"terça-feira";"06:20:00";"PR";376;310;"MAUA DA SERRA";"Curva acentuada";"Saída de leito carroçável";"Sem Vítimas";"Pleno dia";"Decrescente";"Céu Claro";"Dupla";"Curva";"Não";2;0;0;0;1;2;0;3;-23,98898252;-51,08247757;"SPRF-PR";"DEL07-PR";"UOP02-DEL07-PR"
403166;2021-12-21;"terça-feira";"08:20:00";"RJ";101;166,7;"MACAE";"Ultrapassagem Indevida";"Capotamento";"Com Vítimas Feridas";"Pleno dia";"Crescente";"Céu Claro";"Simples";"Reta";"Não";2;0;0;1;1;0;1;2;-22,32707873;-41,91117127;"SPRF-RJ";"DEL08-RJ";"UOP04-DEL08-RJ"
403169;2021-12-21;"terça-feira";"08:30:00";"PE";424;59;"CAETES";"Acessar a via sem observar a presença dos outros veículos";"Colisão transversal";"Com Vítimas Feridas";"Pleno dia";"Crescente";"Céu Claro";"Simples";"Reta";"Não";2;0;0;1;1;0;1;2;-8,73986646;-36,71041988;"SPRF-PE";"DEL03-PE";"UOP01-DEL03-PE"
403171;2021-12-21;"terça-feira";"08:15:00";"PA";10;321,5;"SAO MIGUEL DO GUAMA";"Entrada inopinada do pedestre";"Atropelamento de Pedestre";"Com Vítimas Fatais";"Pleno dia";"Crescente";"Céu Claro";"Simples";"Reta";"Sim";2;1;0;0;1;0;0;2;-1,62709801;-47,48121697;"SPRF-PA";"DEL01-PA";"UOP02-DEL01-PA"
403174;2021-12-21;"terça-feira";"08:45:00";"MS";163;690;"RIO VERDE DE MATO GROSSO";"Ultrapassagem Indevida";"Colisão frontal";"Com Vítimas Fatais";"Pleno dia";"Crescente";"Nublado";"Simples";"Reta";"Não";11;4;0;0;6;1;0;4;-18,833645;-54,813881;"SPRF-MS";"DEL06-MS";"UOP01-DEL06-MS"
403175;2021-12-21;"terça-feira";"09:25:00";"GO";20;119,9;"FLORES DE GOIAS";"Manobra de mudança de faixa";"Colisão frontal";"Com Vítimas Feridas";"Pleno dia";"Crescente";"Nublado";"Simples";"Reta";"Não";4;0;2;1;1;0;3;2;-14,873932;-46,835747;"SPRF-DF";"DEL02-DF";"UOP03-DEL02-DF"
403183;2021-12-21;"terça-feira";"10:50:00";"PR";376;587;"CURITIBA";"Manobra de mudança de faixa";"Colisão lateral mesmo sentido";"Com Vítimas Feridas";"Pleno dia";"Decrescente";"Céu Claro";"Dupla";"Reta";"Sim";2;0;0;1;0;1;1;2;-25,43275039;-49,37346606;"SPRF-PR";"DEL01-PR";"UOP03-DEL03-PR"
403186;2021-12-21;"terça-feira";"12:40:00";"SC";280;66;"JARAGUA DO SUL";"Desrespeitar a preferência no cruzamento";"Colisão transversal";"Com Vítimas Feridas";"Pleno dia";"Crescente";"Sol";"Simples";"Rotatória";"Sim";2;0;1;0;1;0;1;2;-26,47606607;-49,09568797;"SPRF-SC";"DEL03-SC";"UOP03-DEL03-SC"
403187;2021-12-21;"terça-feira";"12:10:00";"PR";373;172,3;"PONTA GROSSA";"Manobra de mudança de faixa";"Colisão lateral mesmo sentido";"Com Vítimas Feridas";"Pleno dia";"Crescente";"Sol";"Dupla";"Reta";"Sim";4;0;1;0;2;2;1;4;-25,08139932;-50,19200981;"SPRF-PR";"DEL03-PR";"UOP01-DEL03-PR"
403193;2021-12-21;"terça-feira";"09:30:00";"PR";476;233,1;"LAPA";"Curva acentuada";"Colisão lateral sentido oposto";"Sem Vítimas";"Pleno dia";"Crescente";"Céu Claro";"Simples";"Curva";"Não";6;0;0;0;4;4;0;7;-25,882042;-50,008629;"SPRF-PR";"DEL02-PR";"UOP04-DEL02-PR"
403198;2021-12-21;"terça-feira";"15:05:00";"PR";277;33,5;"MORRETES";"Problema com o freio";"Colisão traseira";"Com Vítimas Feridas";"Pleno dia";"Decrescente";"Sol";"Dupla";"Declive;Curva";"Não";7;0;3;2;1;9;5;12;-25,567977;-48,811737;"SPRF-PR";"DEL01-PR";"UOP05-DEL01-PR"
403199;2021-12-21;"terça-feira";"14:20:00";"PR";277;727,1;"FOZ DO IGUACU";"Objeto estático sobre o leito carroçável";"Colisão traseira";"Com Vítimas Feridas";"Pleno dia";"Crescente";"Céu Claro";"Dupla";"Reta";"Sim";3;0;0;1;1;1;1;3;-25,51017487;-54,56454899;"SPRF-PR";"DEL05-PR";"UOP03-DEL05-PR"
403204;2021-12-21;"terça-feira";"14:15:00";"SC";101;112;"ITAJAI";"Declive acentuado";"Colisão lateral sentido oposto";"Com Vítimas Feridas";"Pleno dia";"Decrescente";"Nublado";"Dupla";"Viaduto;Reta";"Sim";2;0;0;1;1;0;1;2;-26,84589005;-48,72131295;"SPRF-SC";"DEL04-SC";"UOP04-DEL04-SC"
403205;2021-12-21;"terça-feira";"13:40:00";"SP";116;34,1;"CACHOEIRA PAULISTA";"Velocidade Incompatível";"Colisão traseira";"Com Vítimas Feridas";"Pleno dia";"Crescente";"Céu Claro";"Dupla";"Curva";"Não";3;0;2;0;0;1;2;2;-22,65447396;-44,95940103;"SPRF-SP";"DEL08-SP";"UOP02-DEL08-SP"
403207;2021-12-21;"terça-feira";"14:20:00";"GO";50;255,2;"CATALAO";"Manobra de mudança de faixa";"Colisão traseira";"Com Vítimas Feridas";"Pleno dia";"Crescente";"Sol";"Dupla";"Reta";"Não";8;0;0;2;5;2;2;5;-18,0093;-47,8085;"SPRF-GO";"DEL06-GO";"UOP01-DEL06-GO"
403208;2021-12-21;"terça-feira";"15:15:00";"PR";163;283;"MARECHAL CANDIDO RONDON";"Acessar a via sem observar a presença dos outros veículos";"Colisão transversal";"Com Vítimas Feridas";"Pleno dia";"Crescente";"Céu Claro";"Simples";"Reta";"Sim";2;0;0;1;1;0;1;2;-24,57864514;-53,99236214;"SPRF-PR";"DEL06-PR";"UOP02-DEL06-PR"