"id";"data_inversa";"dia_semana";"horario";"uf";"br";"km";"municipio";"causa_acidente";"tipo_acidente";"classificacao_acidente";"fase_dia";"sentido_via";"condicao_metereologica";"tipo_pista";"tracado_via";"uso_solo";"pessoas";"mortos";"feridos_leves";"feridos_graves";"ilesos";"ignorados";"feridos";"veiculos";"latitude";"longitude";"regional";"delegacia";"uop"
403210;2021-12-21;"terça-feira";"14:45:00";"RS";285;457,8;"IJUI";"Acessar a via sem observar a presença dos outros veículos";"Colisão transversal";"Com Vítimas Feridas";"Pleno dia";"Crescente";"Sol";"Simples";"Reta";"Não";3;0;1;0;1;2;1;4;-28,392351;-53,894886;"SPRF-RS";"DEL10-RS";"UOP01-DEL10-RS"
403211;2021-12-21;"terça-feira";"15:10:00";"PR";376;174,1;"MARINGA";"Manobra de mudança de faixa";"Colisão lateral mesmo sentido";"Com Vítimas Feridas";"Pleno dia";"Crescente";"Céu Claro";"Múltipla";"Interseção de Vias";"Sim";2;0;1;0;1;0;1;2;-23,41430102;-51,94984299;"SPRF-PR";"DEL09-PR";"UOP01-DEL09-PR"
403213;2021-12-21;"terça-feira";"16:00:00";"MG";381;485;"BETIM";"Condutor Dormindo";"Colisão com objeto";"Com Vítimas Feridas";"Pleno dia";"Crescente";"Sol";"Múltipla";"Curva";"Sim";3;0;2;0;1;0;2;2;-19,95537894;-44,11391616;"SPRF-MG";"DEL01-MG";"UOP03-DEL01-MG"
403221;2021-12-21;"terça-feira";"17:30:00";"SC";101;207;"SAO JOSE";"Condutor deixou de manter distância do veículo da frente";"Colisão traseira";"Com Vítimas Feridas";"Anoitecer";"Crescente";"Nublado";"Dupla";"Reta";"Sim";2;0;0;1;1;0;1;2;-27,60001226;-48,6226467;"SPRF-SC";"DEL01-SC";"UOP01-DEL01-SC"
403222;2021-12-21;"terça-feira";"12:50:00";"MG";251;472,6;"FRANCISCO SA";"Velocidade Incompatível";"Saída de leito carroçável";"Sem Vítimas";"Pleno dia";"Decrescente";"Garoa/Chuvisco";"Simples";"Declive;Reta";"Não";4;0;0;0;3;1;0;2;-16,4669101;-43,43947986;"SPRF-MG";"DEL12-MG";"UOP01-DEL12-MG"
403226;2021-12-21;"terça-feira";"14:30:00";"RO";364;399,8;"OURO PRETO DO OESTE";"Condutor deixou de manter distância do veículo da frente";"Colisão traseira";"Com Vítimas Feridas";"Pleno dia";"Decrescente";"Céu Claro";"Simples";"Reta";"Não";3;0;1;0;2;0;1;2;-10,61069397;-62,33724697;"SPRF-RO";"DEL03-RO";"UOP02-DEL03-RO"
403234;2021-12-21;"terça-feira";"17:40:00";"PR";277;566,2;"CASCAVEL";"Ultrapassagem Indevida";"Tombamento";"Sem Vítimas";"Pleno dia";"Crescente";"Céu Claro";"Simples";"Reta";"Não";3;0;0;0;2;1;0;3;-25,04269799;-53,257231;"SPRF-PR";"DEL04-PR";"UOP01-DEL04-PR"
403236;2021-12-21;"terça-feira";"13:05:00";"RS";290;616;"ALEGRETE";"Ultrapassagem Indevida";"Colisão lateral sentido oposto";"Com Vítimas Feridas";"Pleno dia";"Decrescente";"Céu Claro";"Simples";"Declive";"Não";2;0;1;0;1;0;1;2;-29,947315;-56,098019;"SPRF-RS";"DEL13-RS";"UOP02-DEL13-RS"
403238;2021-12-21;"terça-feira";"17:15:00";"MG";40;730,3;"OLIVEIRA FORTES";"Velocidade Incompatível";"Tombamento";"Sem Vítimas";"Pleno dia";"Decrescente";"Céu Claro";"Dupla";"Curva";"Não";2;0;0;0;1;1;0;2;-21,33378994;-43,5866212;"SPRF-MG";"DEL05-MG";"UOP01-DEL05-MG"
403241;2021-12-21;"terça-feira";"17:25:00";"RS";290;375,9;"VILA NOVA DO SUL";"Demais falhas na via";"Saída de leito carroçável";"Com Vítimas Feridas";"Pleno dia";"Crescente";"Chuva";"Simples";"Reta";"Não";2;0;1;0;1;0;1;1;-30,345064;-53,908253;"SPRF-RS";"DEL09-RS";"UOP02-DEL09-RS"
403246;2021-12-21;"terça-feira";"15:30:00";"TO";153;241,2;"COLINAS DO TOCANTINS";"Chuva";"Saída de leito carroçável";"Com Vítimas Feridas";"Pleno dia";"Crescente";"Chuva";"Simples";"Reta";"Não";1;0;1;0;0;0;1;1;-8,00582;-48,465038;"SPRF-TO";"DEL02-TO";"UOP01-DEL02-TO"
403249;2021-12-21;"terça-feira";"20:50:00";"ES";101;145,9;"LINHARES";"Condutor desrespeitou a iluminação vermelha do semáforo";"Colisão transversal";"Com Vítimas Feridas";"Plena Noite";"Crescente";"Nublado";"Simples";"Interseção de Vias";"Sim";3;0;2;0;1;0;2;2;-19,36089598;-40,06464018;"SPRF-ES";"DEL04-ES";"UOP01-DEL04-ES"
403253;2021-12-21;"terça-feira";"11:30:00";"MG";262;553,6;"LUZ";"Velocidade Incompatível";"Tombamento";"Com Vítimas Fatais";"Pleno dia";"Decrescente";"Céu Claro";"Simples";"Curva;Declive";"Não";2;1;0;0;0;1;0;2;-19,71819541;-45,89938601;"SPRF-MG";"DEL08-MG";"UOP02-DEL08-MG"
403257;2021-12-21;"terça-feira";"22:10:00";"PR";116;156;"MANDIRITUBA";"Ultrapassagem Indevida";"Colisão frontal";"Com Vítimas Fatais";"Plena Noite";"Decrescente";"Chuva";"Simples";"Declive";"Não";3;1;0;0;1;1;0;3;-25,8597564;-49,3606332;"SPRF-PR";"DEL01-PR";"UOP03-DEL01-PR"
403260;2021-12-21;"terça-feira";"20:45:00";"PR";277;150;"PORTO AMAZONAS";"Reação tardia ou ineficiente do condutor";"Colisão traseira";"Com Vítimas Feridas";"Plena Noite";"Decrescente";"Chuva";"Simples";"Reta";"Não";2;0;0;1;1;0;1;2;-25,47312437;-49,82311606;"SPRF-PR";"DEL01-PR";"UOP03-DEL03-PR"
403264;2021-12-21;"terça-feira";"16:30:00";"RJ";101;407;"ITAGUAI";"Condutor deixou de manter distância do veículo da frente";"Colisão lateral mesmo sentido";"Com Vítimas Feridas";"Pleno dia";"Decrescente";"Céu Claro";"Dupla";"Viaduto";"Sim";3;0;1;0;2;0;1;2;-22,87672058;-43,81631971;"SPRF-RJ";"DEL03-RJ";"UOP01-DEL03-RJ"
403273;2021-12-21;"terça-feira";"14:00:00";"BA";415;58;"ITABUNA";"Velocidade Incompatível";"Saída de leito carroçável";"Com Vítimas Feridas";"Pleno dia";"Decrescente";"Garoa/Chuvisco";"Simples";"Reta";"Não";1;0;0;1;0;0;1;1;-14,81574494;-39,29612388;"SPRF-BA";"DEL05-BA";"UOP01-DEL05-BA"
403274;2021-12-21;"terça-feira";"22:30:00";"MT";163;1103;"GUARANTA DO NORTE";"Velocidade Incompatível";"Saída de leito carroçável";"Com Vítimas Feridas";"Plena Noite";"Decrescente";"Nublado";"Simples";"Curva";"Não";2;0;1;0;0;1;1;2;-9,661673;-54,880573;"SPRF-MT";"DEL06-MT";"NPF/DEL06-MT"
403275;2021-12-22;"quarta-feira";"00:30:00";"RS";392;35;"RIO GRANDE";"Condutor Dormindo";"Saída de leito carroçável";"Com Vítimas Feridas";"Plena Noite";"Crescente";"Céu Claro";"Dupla";"Reta";"Não";3;0;0;2;0;1;2;2;-32,00664701;-52,28813637;"SPRF-RS";"DEL07-RS";"UOP02-DEL07-RS"
403277;2021-12-21;"terça-feira";"22:25:00";"BA";242;215;"ITABERABA";"Transitar na contramão";"Colisão lateral sentido oposto";"Com Vítimas Feridas";"Plena Noite";"Decrescente";"Chuva";"Simples";"Aclive";"Não";3;0;0;1;1;4;1;6;-12,521;-40,1918;"SPRF-BA";"DEL06-BA";"UOP02-DEL06-BA"
403279;2021-12-22;"quarta-feira";"01:40:00";"PE";101;63;"RECIFE";"Reação tardia ou ineficiente do condutor";"Saída de leito carroçável";"Sem Vítimas";"Amanhecer";"Crescente";"Céu Claro";"Dupla";"Reta";"Sim";1;0;0;0;1;0;0;1;-8,015184;-34,939767;"SPRF-PE";"DEL01-PE";"UOP01-DEL01-PE"
403280;2021-12-22;"quarta-feira";"03:30:00";"GO";153;148,8;"CAMPINORTE";"Ultrapassagem Indevida";"Colisão frontal";"Com Vítimas Fatais";"Plena Noite";"Decrescente";"Nublado";"Simples";"Reta";"Não";45;1;0;1;41;2;1;3;-14,071039;-49,096367;"SPRF-GO";"DEL07-GO";"UOP02-DEL07-GO"
403282;2021-12-22;"quarta-feira";"03:00:00";"PR";376;665;"GUARATUBA";"Ausência de reação do condutor";"Colisão traseira";"Com Vítimas Feridas";"Plena Noite";"Decrescente";"Céu Claro";"Dupla";"Curva";"Não";3;0;1;0;1;1;1;3;-25,85455838;-48,95670808;"SPRF-PR";"DEL01-PR";"UOP04-DEL01-PR"
403283;2021-12-22;"quarta-feira";"02:40:00";"MG";262;712,5;"ARAXA";"Problema com o freio";"Incêndio";"Sem Vítimas";"Anoitecer";"Crescente";"Nublado";"Simples";"Reta";"Não";2;0;0;0;1;2;0;3;-19,609297;-47,15977;"SPRF-MG";"DEL08-MG";"UOP01-DEL08-MG"
403290;2021-12-22;"quarta-feira";"06:15:00";"PB";101;51,8;"RIO TINTO";"Ausência de reação do condutor";"Colisão traseira";"Com Vítimas Feridas";"Pleno dia";"Crescente";"Céu Claro";"Dupla";"Declive";"Não";4;0;3;0;0;1;3;2;-6,9371943;-35,1001591;"SPRF-PB";"DEL01-PB";"UOP04-DEL01-PB"
403298;2021-12-22;"quarta-feira";"05:45:00";"MG";251;506;"FRANCISCO SA";"Condutor Dormindo";"Colisão frontal";"Com Vítimas Feridas";"Amanhecer";"Crescente";"Chuva";"Simples";"Curva";"Não";7;0;2;0;4;1;2;5;-16,61894941;-43,6887828;"SPRF-MG";"DEL12-MG";"UOP01-DEL12-MG"
403302;2021-12-22;"quarta-feira";"07:09:00";"PR";277;581;"CASCAVEL";"Condutor deixou de manter distância do veículo da frente";"Colisão traseira";"Com Vítimas Feridas";"Pleno dia";"Decrescente";"Céu Claro";"Dupla";"Reta";"Sim";2;0;0;1;1;0;1;2;-24,98125257;-53,37778678;"SPRF-PR";"DEL04-PR";"UOP01-DEL04-PR"
403303;2021-12-22;"quarta-feira";"05:30:00";"PE";232;439,5;"SAO JOSE DO BELMONTE";"Transitar na contramão";"Colisão frontal";"Sem Vítimas";"Pleno dia";"Crescente";"Céu Claro";"Simples";"Reta";"Não";2;0;0;0;1;1;0;2;-8,01044513;-38,55081401;"SPRF-PE";"DEL04-PE";"UOP01-DEL04-PE"
403304;2021-12-22;"quarta-feira";"06:30:00";"BA";101;150;"CONCEICAO DO JACUIPE";"Ultrapassagem Indevida";"Colisão frontal";"Com Vítimas Feridas";"Plena Noite";"Decrescente";"Céu Claro";"Simples";"Aclive";"Não";2;0;1;1;0;0;2;2;-12,33409569;-38,75328324;"SPRF-BA";"DEL01-BA";"UOP03-DEL01-BA"
403309;2021-12-22;"quarta-feira";"08:10:00";"MG";40;475;"SETE LAGOAS";"Acesso irregular";"Colisão transversal";"Com Vítimas Feridas";"Pleno dia";"Decrescente";"Céu Claro";"Simples";"Reta";"Não";5;0;3;0;1;1;3;3;-19,50551591;-44,27423377;"SPRF-MG";"DEL02-MG";"UOP01-DEL02-MG"
403310;2021-12-22;"quarta-feira";"08:12:00";"SP";116;316;"JUQUITIBA";"Velocidade Incompatível";"Tombamento";"Com Vítimas Feridas";"Pleno dia";"Decrescente";"Nublado";"Simples";"Curva";"Não";3;0;1;0;1;1;1;2;-23,91054997;-46,99149375;"SPRF-SP";"DEL04-SP";"UOP01-DEL04-SP"
403316;2021-12-22;"quarta-feira";"09:15:00";"RJ";393;237,7;"VASSOURAS";"Ausência de reação do condutor";"Colisão lateral sentido oposto";"Com Vítimas Fatais";"Pleno dia";"Decrescente";"Céu Claro";"Simples";"Reta";"Não";7;1;0;2;3;2;2;5;-22,43307315;-43,72352108;"SPRF-RJ";"DEL05-RJ";"UOP03-DEL05-RJ"
403320;2021-12-21;"terça-feira";"06:00:00";"BA";407;116,9;"SENHOR DO BONFIM";"Carga excessiva e/ou mal acondicionada";"Saída de leito carroçável";"Sem Vítimas";"Pleno dia";"Decrescente";"Céu Claro";"Simples";"Aclive;Reta";"Não";2;0;0;0;1;1;0;2;-10,36943892;-40,16949228;"SPRF-BA";"DEL04-BA";"UOP01-DEL04-BA"
403324;2021-12-22;"quarta-feira";"09:50:00";"MG";116;519,5;"UBAPORANGA";"Velocidade Incompatível";"Tombamento";"Com Vítimas Feridas";"Pleno dia";"Decrescente";"Céu Claro";"Simples";"Curva";"Não";2;0;1;0;0;1;1;2;-19,71798497;-42,12830605;"SPRF-MG";"DEL06-MG";"UOP02-DEL06-MG"
403325;2021-12-22;"quarta-feira";"10:10:00";"PB";101;14,8;"MAMANGUAPE";"Ausência de reação do condutor";"Colisão traseira";"Com Vítimas Feridas";"Pleno dia";"Decrescente";"Céu Claro";"Dupla";"Reta";"Não";3;0;0;2;0;1;2;3;-6,61713815;-35,13803934;"SPRF-PB";"DEL01-PB";"UOP04-DEL01-PB"
403327;2021-12-22;"quarta-feira";"10:50:00";"ES";101;94;"JAGUARE";"Acessar a via sem observar a presença dos outros veículos";"Colisão transversal";"Com Vítimas Feridas";"Pleno dia";"Crescente";"Sol";"Simples";"Interseção de Vias";"Sim";3;0;0;1;1;1;1;3;-18,93086484;-39,97180828;"SPRF-ES";"DEL04-ES";"UOP02-DEL04-ES"
403330;2021-12-22;"quarta-feira";"09:05:00";"SC";101;41,1;"JOINVILLE";"Condutor deixou de manter distância do veículo da frente";"Colisão traseira";"Com Vítimas Feridas";"Pleno dia";"Decrescente";"Nublado";"Dupla";"Declive;Reta;Viaduto";"Sim";5;0;1;0;3;1;1;4;-26,28215489;-48,88973081;"SPRF-SC";"DEL03-SC";"UOP01-DEL03-SC"
403331;2021-12-22;"quarta-feira";"10:30:00";"SC";101;212,6;"PALHOCA";"Ausência de reação do condutor";"Colisão lateral mesmo sentido";"Com Vítimas Feridas";"Pleno dia";"Decrescente";"Céu Claro";"Múltipla";"Reta";"Sim";3;0;1;0;1;1;1;3;-27,62996929;-48,65903871;"SPRF-SC";"DEL01-SC";"UOP02-DEL01-SC"
403334;2021-12-22;"quarta-feira";"08:50:00";"MG";356;274;"MURIAE";"Reação tardia ou ineficiente do condutor";"Colisão traseira";"Com Vítimas Feridas";"Pleno dia";"Crescente";"Sol";"Simples";"Reta";"Não";5;0;0;1;3;1;1;4;-21,13619909;-42,29939195;"SPRF-MG";"DEL07-MG";"UOP02-DEL07-MG"
403338;2021-12-22;"quarta-feira";"12:43:00";"PA";316;22;"BENEVIDES";"Acessar a via sem observar a presença dos outros veículos";"Colisão traseira";"Com Vítimas Feridas";"Pleno dia";"Decrescente";"Chuva";"Dupla";"Reta";"Sim";4;0;1;0;2;1;1;3;-1,3534463;-48,2570266;"SPRF-PA";"DEL01-PA";"UOP01-DEL01-PA"
403339;2021-12-22;"quarta-feira";"11:45:00";"TO";153;669,2;"GURUPI";"Condutor deixou de manter distância do veículo da frente";"Saída de leito carroçável";"Com Vítimas Feridas";"Pleno dia";"Crescente";"Céu Claro";"Simples";"Reta";"Sim";1;0;1;0;0;0;1;1;-11,70103104;-49,07271583;"SPRF-TO";"DEL01-TO";"UOP02-DEL01-TO"
403340;2021-12-22;"quarta-feira";"09:30:00";"GO";153;75;"PORANGATU";"Reação tardia ou ineficiente do condutor";"Colisão traseira";"Sem Vítimas";"Pleno dia";"Crescente";"Chuva";"Simples";"Reta";"Não";6;0;0;0;5;2;0;5;-13,491837;-49,134628;"SPRF-GO";"DEL07-GO";"UOP01-DEL07-GO"
403341;2021-12-22;"quarta-feira";"12:30:00";"RN";101;97,6;"NATAL";"Manobra de mudança de faixa";"Colisão lateral mesmo sentido";"Sem Vítimas";"Pleno dia";"Decrescente";"Céu Claro";"Múltipla";"Reta";"Sim";2;0;0;0;1;1;0;2;-5,85758898;-35,21271205;"SPRF-RN";"DEL01-RN";"UOP01-DEL01-RN"
403344;2021-12-22;"quarta-feira";"13:20:00";"SC";101;208,6;"SAO JOSE";"Velocidade Incompatível";"Colisão traseira";"Com Vítimas Feridas";"Pleno dia";"Crescente";"Sol";"Múltipla";"Reta";"Sim";2;0;0;1;1;0;1;2;-27,60327979;-48,63201818;"SPRF-SC";"DEL01-SC";"UOP01-DEL01-SC"
403350;2021-12-22;"quarta-feira";"11:45:00";"MG";153;218;"FRUTAL";"Reação tardia ou ineficiente do condutor";"Colisão traseira";"Com Vítimas Feridas";"Pleno dia";"Crescente";"Sol";"Simples";"Reta";"Não";4;0;1;0;2;3;1;6;-20,086367;-49,081438;"SPRF-MG";"DEL13-MG";"UOP02-DEL13-MG"
403352;2021-12-22;"quarta-feira";"10:45:00";"PR";116;199;"RIO NEGRO";"Velocidade Incompatível";"Saída de leito carroçável";"Sem Vítimas";"Pleno dia";"Crescente";"Nublado";"Simples";"Curva";"Não";1;0;0;0;1;0;0;1;-26,02819252;-49,68205088;"SPRF-SC";"DEL06-SC";"UOP01-DEL06-SC"
403362;2021-12-22;"quarta-feira";"14:15:00";"SC";282;561;"NOVA ERECHIM";"Condutor deixou de manter distância do veículo da frente";"Colisão traseira";"Sem Vítimas";"Pleno dia";"Decrescente";"Sol";"Simples";"Ponte";"Não";3;0;0;0;3;0;0;2;-26,919464;-52,861614;"SPRF-SC";"DEL07-SC";"UOP02-DEL07-SC"
403363;2021-12-22;"quarta-feira";"15:00:00";"SP";116;474,8;"JACUPIRANGA";"Velocidade Incompatível";"Colisão lateral mesmo sentido";"Com Vítimas Feridas";"Pleno dia";"Crescente";"Chuva";"Dupla";"Curva";"Não";4;0;2;0;1;1;2;3;-24,68015127;-47,98251273;"SPRF-SP";"DEL05-SP";"UOP01-DEL05-SP"
403366;2021-12-22;"quarta-feira";"15:30:00";"PE";101;68,6;"RECIFE";"Trafegar com motocicleta (ou similar) entre as faixas";"Colisão lateral mesmo sentido";"Com Vítimas Feridas";"Pleno dia";"Decrescente";"Sol";"Múltipla";"Reta";"Sim";6;0;0;1;4;1;1;3;-8,05074296;-34,94580619;"SPRF-PE";"DEL01-PE";"UOP01-DEL01-PE"
403382;2021-12-21;"terça-feira";"22:15:00";"BA";116;537;"ITATIM";"Condutor Dormindo";"Colisão frontal";"Com Vítimas Feridas";"Plena Noite";"Crescente";"Chuva";"Simples";"Reta";"Não";4;0;2;0;1;1;2;3;-12,76346895;-39,80607807;"SPRF-BA";"DEL03-BA";"UOP02-DEL03-BA"
403385;2021-12-22;"quarta-feira";"15:50:00";"MG";381;715;"CARMO DA CACHOEIRA";"Transitar no acostamento";"Colisão com objeto";"Com Vítimas Feridas";"Pleno dia";"Crescente";"Nublado";"Dupla";"Declive;Curva";"Não";3;0;1;0;1;1;1;3;-21,48309834;-45,17918327;"SPRF-MG";"DEL04-MG";"UOP02-DEL04-MG"
403390;2021-12-22;"quarta-feira";"16:40:00";"ES";101;357,4;"ANCHIETA";"Condutor deixou de manter distância do veículo da frente";"Colisão traseira";"Com Vítimas Feridas";"Pleno dia";"Crescente";"Céu Claro";"Simples";"Aclive";"Não";5;0;2;0;3;0;2;2;-20,68939658;-40,69515524;"SPRF-ES";"DEL03-ES";"UOP01-DEL03-ES"
403391;2021-12-22;"quarta-feira";"16:40:00";"PE";232;64,3;"POMBOS";"Manobra de mudança de faixa";"Saída de leito carroçável";"Com Vítimas Feridas";"Pleno dia";"Decrescente";"Céu Claro";"Dupla";"Reta";"Não";3;0;1;0;1;1;1;2;-8,16152271;-35,43959107;"SPRF-PE";"DEL02-PE";"UOP02-DEL02PE"
403392;2021-12-22;"quarta-feira";"17:20:00";"SP";116;357,2;"MIRACATU";"Condutor deixou de manter distância do veículo da frente";"Colisão traseira";"Com Vítimas Feridas";"Pleno dia";"Crescente";"Chuva";"Dupla";"Túnel";"Não";2;0;1;0;1;0;1;2;-24,09799899;-47,2538542;"SPRF-SP";"DEL04-SP";"UOP02-DEL04-SP"
403395;2021-12-22;"quarta-feira";"14:15:00";"MG";381;299,1;"ANTONIO DIAS";"Reação tardia ou ineficiente do condutor";"Engavetamento";"Com Vítimas Feridas";"Pleno dia";"Decrescente";"Céu Claro";"Simples";"Curva";"Não";8;0;2;0;5;1;2;8;-19,61964973;-42,8459524;"SPRF-MG";"DEL03-MG";"UOP02-DEL03-MG"
403398;2021-12-22;"quarta-feira";"17:00:00";"SC";101;461,8;"PASSO DE TORRES";"Acessar a via sem observar a presença dos outros veículos";"Colisão lateral mesmo sentido";"Com Vítimas Feridas";"Pleno dia";"Crescente";"Céu Claro";"Dupla";"Reta";"Não";2;0;0;1;1;0;1;2;-29,26681993;-49,75517865;"SPRF-RS";"DEL03-RS";"UOP02-DEL03-RS"
403401;2021-12-22;"quarta-feira";"13:30:00";"MG";381;297,2;"ANTONIO DIAS";"Demais falhas mecânicas ou elétricas";"Colisão com objeto";"Sem Vítimas";"Pleno dia";"Crescente";"Céu Claro";"Simples";"Curva";"Não";2;0;0;0;1;1;0;2;-19,62698434;-42,8708198;"SPRF-MG";"DEL03-MG";"UOP02-DEL03-MG"
403412;2021-12-22;"quarta-feira";"18:25:00";"ES";101;179;"ARACRUZ";"Condutor Dormindo";"Colisão lateral sentido oposto";"Com Vítimas Feridas";"Anoitecer";"Crescente";"Nublado";"Simples";"Reta";"Não";6;0;4;0;1;1;4;3;-19,61640717;-40,21532077;"SPRF-ES";"DEL04-ES";"UOP01-DEL04-ES"
403413;2021-12-22;"quarta-feira";"12:30:00";"PB";110;190,6;"MONTEIRO";"Ingestão de álcool pelo condutor";"Tombamento";"Com Vítimas Feridas";"Pleno dia";"Decrescente";"Céu Claro";"Simples";"Curva";"Não";1;0;1;0;0;0;1;1;-7,93812711;-37,19152984;"SPRF-PB";"DEL02-PB";"UOP02-DEL02-PB"
403415;2021-12-22;"quarta-feira";"19:00:00";"BA";242;729;"CRISTOPOLIS";"Chuva";"Tombamento";"Com Vítimas Feridas";"Plena Noite";"Decrescente";"Chuva";"Simples";"Reta";"Não";3;0;1;0;1;1;1;2;-12,2130692;-44,45926033;"SPRF-BA";"DEL10-BA";"UOP01-DEL10-BA"
403417;2021-12-22;"quarta-feira";"17:15:00";"SP";116;486;"CAJATI";"Manobra de mudança de faixa";"Colisão lateral mesmo sentido";"Com Vítimas Feridas";"Pleno dia";"Crescente";"Chuva";"Dupla";"Reta";"Não";2;0;1;0;1;0;1;2;-24,7217453;-48,08178493;"SPRF-SP";"DEL05-SP";"UOP01-DEL05-SP"
403426;2021-12-22;"quarta-feira";"18:40:00";"PR";376;186;"MARIALVA";"Desrespeitar a preferência no cruzamento";"Tombamento";"Com Vítimas Feridas";"Anoitecer";"Crescente";"Céu Claro";"Dupla";"Retorno Regulamentado";"Não";4;0;2;0;1;2;2;4;-23,45643624;-51,84510713;"SPRF-PR";"DEL09-PR";"UOP01-DEL09-PR"
403439;2021-12-22;"quarta-feira";"20:30:00";"CE";116;50;"PACAJUS";"Reação tardia ou ineficiente do condutor";"Colisão com objeto";"Com Vítimas Feridas";"Plena Noite";"Crescente";"Céu Claro";"Dupla";"Reta";"Não";3;0;1;0;1;1;1;2;-4,16955504;-38,49286781;"SPRF-CE";"DEL03-CE";"UOP02-DEL03-CE"
403443;2021-12-22;"quarta-feira";"20:15:00";"MS";163;411,1;"NOVA ALVORADA DO SUL";"Mal súbito do condutor";"Colisão lateral sentido oposto";"Com Vítimas Feridas";"Plena Noite";"Decrescente";"Céu Claro";"Simples";"Reta";"Não";5;0;1;0;3;3;1;6;-21,07073806;-54,49450723;"SPRF-MS";"DEL02-MS";"UOP01-DEL02-MS"
403447;2021-12-21;"terça-feira";"18:00:00";"MG";116;331,1;"CAMPANARIO";"Afundamento ou ondulação no pavimento";"Eventos atípicos";"Sem Vítimas";"Anoitecer";"Crescente";"Chuva";"Simples";"Reta";"Sim";2;0;0;0;1;1;0;2;-18,24609323;-41,73341759;"SPRF-MG";"DEL11-MG";"UOP01-DEL11-MG"
403448;2021-12-22;"quarta-feira";"20:35:00";"RO";364;230,6;"CACOAL";"Pedestre andava na pista";"Atropelamento de Pedestre";"Com Vítimas Feridas";"Plena Noite";"Crescente";"Céu Claro";"Simples";"Reta";"Não";3;0;0;1;1;1;1;3;-11,49012091;-61,38047391;"SPRF-RO";"DEL02-RO";"UOP02-DEL02-RO"
403452;2021-12-22;"quarta-feira";"21:15:00";"PE";232;76;"GRAVATA";"Frear bruscamente";"Colisão traseira";"Sem Vítimas";"Plena Noite";"Decrescente";"Céu Claro";"Dupla";"Reta";"Não";2;0;0;0;1;1;0;2;-8,19541469;-35,53424693;"SPRF-PE";"DEL02-PE";"UOP02-DEL02PE"
403455;2021-12-22;"quarta-feira";"21:10:00";"GO";60;386;"RIO VERDE";"Entrada inopinada do pedestre";"Atropelamento de Pedestre";"Com Vítimas Fatais";"Plena Noite";"Decrescente";"Nublado";"Dupla";"Reta";"Sim";2;1;0;0;1;0;0;2;-17,8029;-50,9205;"SPRF-GO";"DEL04-GO";"UOP01-DEL04-GO"
403459;2021-12-22;"quarta-feira";"14:25:00";"PA";316;64;"CASTANHAL";"Conversão proibida";"Colisão transversal";"Com Vítimas Feridas";"Pleno dia";"Decrescente";"Nublado";"Dupla";"Reta";"Sim";3;0;2;0;1;0;2;2;-1,29629557;-47,91983997;"SPRF-PA";"DEL01-PA";"UOP01-DEL01-PA"
403460;2021-12-22;"quarta-feira";"23:00:00";"RJ";116;220;"PIRAI";"Pista Escorregadia";"Colisão com objeto";"Com Vítimas Feridas";"Plena Noite";"Crescente";"Chuva";"Simples";"Curva";"Não";3;0;1;0;1;1;1;2;-22,67058413;-43,81780673;"SPRF-RJ";"DEL07-RJ";"UOP01-DEL07-RJ"
403461;2021-12-22;"quarta-feira";"23:30:00";"RJ";116;25,9;"SAPUCAIA";"Chuva";"Saída de leito carroçável";"Com Vítimas Feridas";"Plena Noite";"Crescente";"Chuva";"Simples";"Curva";"Não";2;0;1;0;0;1;1;2;-22,03820204;-42,78241995;"SPRF-RJ";"DEL04-RJ";"UOP01-DEL04-RJ"
403465;2021-12-22;"quarta-feira";"22:30:00";"MG";262;367;"JUATUBA";"Reação tardia ou ineficiente do condutor";"Colisão traseira";"Sem Vítimas";"Pleno dia";"Crescente";"Céu Claro";"Dupla";"Reta";"Não";2;0;0;0;0;2;0;2;-19,97391261;-44,27096197;"SPRF-MG";"DEL01-MG";"UOP03-DEL01-MG"
403469;2021-12-22;"quarta-feira";"22:10:00";"SC";282;631,3;"DESCANSO";"Declive acentuado";"Incêndio";"Sem Vítimas";"Plena Noite";"Crescente";"Céu Claro";"Simples";"Reta";"Não";2;0;0;0;1;1;0;2;-26,82544948;-53,39913368;"SPRF-SC";"DEL07-SC";"UOP03-DEL07-SC"
403472;2021-12-23;"quinta-feira";"00:10:00";"SC";101;343,5;"TUBARAO";"Ausência de reação do condutor";"Colisão traseira";"Com Vítimas Feridas";"Plena Noite";"Crescente";"Nublado";"Dupla";"Reta";"Não";9;0;5;0;3;1;5;5;-28,52765702;-49,05615309;"SPRF-SC";"DEL02-SC";"UOP01-DEL02-SC"
403477;2021-12-23;"quinta-feira";"01:15:00";"PR";153;490;"GENERAL CARNEIRO";"Acessar a via sem observar a presença dos outros veículos";"Colisão com objeto";"Com Vítimas Feridas";"Plena Noite";"Crescente";"Nublado";"Simples";"Reta";"Sim";2;0;0;1;1;0;1;2;-26,41770013;-51,29413605;"SPRF-PR";"DEL02-PR";"UOP03-DEL02-PR"
403484;2021-12-23;"quinta-feira";"03:00:00";"RJ";101;277;"TANGUA";"Condutor deixou de manter distância do veículo da frente";"Colisão traseira";"Com Vítimas Feridas";"Plena Noite";"Crescente";"Chuva";"Dupla";"Reta";"Não";3;0;2;0;1;0;2;2;-22,73943906;-42,748279;"SPRF-RJ";"DEL02-RJ";"UOP03-DEL02-RJ"