"id";"data_inversa";"dia_semana";"horario";"uf";"br";"km";"municipio";"causa_acidente";"tipo_acidente";"classificacao_acidente";"fase_dia";"sentido_via";"condicao_metereologica";"tipo_pista";"tracado_via";"uso_solo";"pessoas";"mortos";"feridos_leves";"feridos_graves";"ilesos";"ignorados";"feridos";"veiculos";"latitude";"longitude";"regional";"delegacia";"uop"
403489;2021-12-23;"quinta-feira";"04:30:00";"MG";381;405;"BOM JESUS DO AMPARO";"Declive acentuado";"Colisão traseira";"Com Vítimas Feridas";"Plena Noite";"Decrescente";"Chuva";"Dupla";"Reta;Declive";"Não";3;0;1;0;1;2;1;4;-19,74358347;-43,55101725;"SPRF-MG";"DEL01-MG";"UOP01-DEL01-MG"
403492;2021-12-23;"quinta-feira";"06:30:00";"BA";135;8;"FORMOSA DO RIO PRETO";"Transitar na contramão";"Colisão frontal";"Com Vítimas Fatais";"Amanhecer";"Crescente";"Nublado";"Simples";"Reta";"Não";2;1;1;0;0;0;1;2;-10,898919;-45,168578;"SPRF-BA";"DEL10-BA";"UOP01-DEL10-BA"
403493;2021-12-23;"quinta-feira";"07:05:00";"SC";280;49,5;"GUARAMIRIM";"Acessar a via sem observar a presença dos outros veículos";"Colisão transversal";"Com Vítimas Feridas";"Pleno dia";"Decrescente";"Céu Claro";"Simples";"Reta";"Sim";2;0;0;1;1;0;1;2;-26,45850039;-48,93692786;"SPRF-SC";"DEL03-SC";"UOP03-DEL03-SC"
403494;2021-12-23;"quinta-feira";"01:00:00";"SP";116;209;"GUARULHOS";"Demais falhas mecânicas ou elétricas";"Tombamento";"Sem Vítimas";"Plena Noite";"Crescente";"Céu Claro";"Múltipla";"Reta";"Sim";2;0;0;0;1;1;0;2;-23,42511799;-46,40221101;"SPRF-SP";"DEL01-SP";"UOP01-DEL01-SP"
403503;2021-12-22;"quarta-feira";"22:30:00";"RJ";393;168;"TRES RIOS";"Condutor deixou de manter distância do veículo da frente";"Colisão traseira";"Sem Vítimas";"Plena Noite";"Crescente";"Chuva";"Simples";"Reta";"Sim";3;0;0;0;3;0;0;2;-22,127502;-43,147022;"SPRF-RJ";"DEL05-RJ";"UOP01-DEL05-RJ"
403506;2021-12-22;"quarta-feira";"20:09:00";"CE";116;158;"RUSSAS";"Desrespeitar a preferência no cruzamento";"Colisão transversal";"Com Vítimas Feridas";"Plena Noite";"Crescente";"Céu Claro";"Simples";"Reta";"Sim";2;0;0;1;1;0;1;2;-4,89917199;-38,00907599;"SPRF-CE";"DEL03-CE";"UOP01-DEL03-CE"
403511;2021-12-23;"quinta-feira";"10:30:00";"PE";232;134;"CARUARU";"Reação tardia ou ineficiente do condutor";"Colisão traseira";"Com Vítimas Feridas";"Pleno dia";"Decrescente";"Céu Claro";"Dupla";"Reta";"Sim";5;0;2;0;2;1;2;3;-8,30853497;-36,02442101;"SPRF-PE";"DEL02-PE";"UOP03-DEL02-PE"
403515;2021-12-23;"quinta-feira";"08:15:00";"RS";116;260;"CANOAS";"Manobra de mudança de faixa";"Tombamento";"Com Vítimas Feridas";"Pleno dia";"Crescente";"Céu Claro";"Dupla";"Reta";"Sim";2;0;1;0;1;0;1;2;-29,879208;-51,18045622;"SPRF-RS";"DEL01-RS";"UOP01-DEL01-RS"
403522;2021-12-23;"quinta-feira";"08:10:00";"RS";386;234;"SOLEDADE";"Transitar na contramão";"Colisão lateral sentido oposto";"Com Vítimas Feridas";"Pleno dia";"Crescente";"Céu Claro";"Simples";"Reta";"Não";7;0;4;0;2;1;4;4;-28,722898;-52,560581;"SPRF-RS";"DEL04-RS";"UOP03-DEL04-RS"
403531;2021-12-23;"quinta-feira";"09:03:00";"CE";116;25;"ITAITINGA";"Velocidade Incompatível";"Colisão traseira";"Com Vítimas Feridas";"Pleno dia";"Crescente";"Céu Claro";"Dupla";"Reta";"Não";7;0;3;0;4;0;3;3;-3,96633279;-38,51525324;"SPRF-CE";"DEL01-CE";"UOP02-DEL01-CE"
403532;2021-12-23;"quinta-feira";"07:40:00";"MS";60;515,5;"NIOAQUE";"Reação tardia ou ineficiente do condutor";"Saída de leito carroçável";"Com Vítimas Fatais";"Pleno dia";"Crescente";"Nublado";"Simples";"Curva";"Não";2;1;0;1;0;0;1;1;-21,1756;-55,63658;"SPRF-MS";"DEL05-MS";"UOP01-DEL05-MS"
403533;2021-12-23;"quinta-feira";"06:30:00";"BA";324;369;"SAO JOSE DO JACUIPE";"Demais falhas na via";"Derramamento de carga";"Sem Vítimas";"Pleno dia";"Decrescente";"Céu Claro";"Simples";"Reta";"Sim";2;0;0;0;1;1;0;2;-11,42441663;-39,89039686;"SPRF-BA";"DEL04-BA";"UOP02-DEL04-BA"
403537;2021-12-23;"quinta-feira";"10:00:00";"SC";101;404,7;"ARARANGUA";"Manobra de mudança de faixa";"Colisão lateral mesmo sentido";"Com Vítimas Feridas";"Pleno dia";"Crescente";"Céu Claro";"Dupla";"Reta";"Não";5;0;2;0;2;1;2;4;-28,88548916;-49,4630158;"SPRF-SC";"DEL02-SC";"UOP02-DEL02-SC"
403542;2021-12-23;"quinta-feira";"11:15:00";"GO";153;130;"ESTRELA DO NORTE";"Carga excessiva e/ou mal acondicionada";"Capotamento";"Com Vítimas Feridas";"Pleno dia";"Decrescente";"Nublado";"Simples";"Reta";"Não";3;0;1;1;0;1;2;2;-13,909805;-49,064304;"SPRF-GO";"DEL07-GO";"UOP01-DEL07-GO"
403544;2021-12-23;"quinta-feira";"09:00:00";"RJ";101;63;"CAMPOS DOS GOYTACAZES";"Condutor deixou de manter distância do veículo da frente";"Colisão traseira";"Sem Vítimas";"Pleno dia";"Crescente";"Céu Claro";"Simples";"Curva";"Não";3;0;0;0;3;0;0;3;-21,742022;-41,33021;"SPRF-RJ";"DEL08-RJ";"UOP01-DEL08-RJ"
403546;2021-12-23;"quinta-feira";"06:30:00";"MA";230;212,2;"SAO DOMINGOS DO AZEITAO";"Condutor deixou de manter distância do veículo da frente";"Colisão traseira";"Com Vítimas Feridas";"Pleno dia";"Crescente";"Ignorado";"Simples";"Reta";"Não";3;0;0;1;2;0;1;3;-6,81046779;-44,6409077;"SPRF-MA";"DEL05-MA";"UOP01-DEL05-MA"
403547;2021-12-23;"quinta-feira";"10:40:00";"PR";277;125,2;"BALSA NOVA";"Ausência de reação do condutor";"Colisão traseira";"Sem Vítimas";"Pleno dia";"Decrescente";"Sol";"Dupla";"Reta";"Não";3;0;0;0;2;2;0;4;-25,470601;-49,600498;"SPRF-PR";"DEL01-PR";"UOP03-DEL03-PR"
403548;2021-12-23;"quinta-feira";"09:35:00";"TO";153;351;"FORTALEZA DO TABOCAO";"Reação tardia ou ineficiente do condutor";"Engavetamento";"Com Vítimas Feridas";"Pleno dia";"Decrescente";"Garoa/Chuvisco";"Simples";"Aclive";"Não";8;0;1;0;6;1;1;4;-8,98695198;-48,49979919;"SPRF-TO";"DEL02-TO";"UOP02-DEL02-TO"
403549;2021-12-23;"quinta-feira";"11:00:00";"PR";376;509;"PONTA GROSSA";"Carga excessiva e/ou mal acondicionada";"Colisão transversal";"Com Vítimas Feridas";"Pleno dia";"Decrescente";"Sol";"Dupla";"Reta";"Não";3;0;0;1;1;2;1;4;-25,26070227;-50,00958008;"SPRF-PR";"DEL03-PR";"UOP01-DEL03-PR"
403555;2021-12-23;"quinta-feira";"10:55:00";"MG";40;503,6;"ESMERALDAS";"Reação tardia ou ineficiente do condutor";"Colisão traseira";"Com Vítimas Feridas";"Pleno dia";"Decrescente";"Nublado";"Dupla";"Declive;Reta";"Sim";4;0;1;0;2;1;1;3;-19,7262266;-44,15412188;"SPRF-MG";"DEL02-MG";"UOP01-DEL02-MG"
403559;2021-12-23;"quinta-feira";"11:50:00";"RS";290;14,2;"SANTO ANTONIO DA PATRULHA";"Manobra de mudança de faixa";"Colisão lateral mesmo sentido";"Com Vítimas Feridas";"Pleno dia";"Crescente";"Sol";"Múltipla";"Reta";"Não";7;0;5;0;2;0;5;2;-29,867395;-50,401199;"SPRF-RS";"DEL03-RS";"UOP01-DEL03-RS"
403561;2021-12-23;"quinta-feira";"11:25:00";"PI";343;1,8;"TERESINA";"Condutor deixou de manter distância do veículo da frente";"Colisão traseira";"Com Vítimas Feridas";"Pleno dia";"Decrescente";"Céu Claro";"Dupla";"Interseção de Vias";"Sim";2;0;1;0;1;0;1;2;-5,089569;-42,802288;"SPRF-PI";"DEL01-PI";"UOP01-DEL01-PI"
403572;2021-12-23;"quinta-feira";"13:20:00";"PR";277;591,7;"CASCAVEL";"Condutor deixou de manter distância do veículo da frente";"Engavetamento";"Com Vítimas Feridas";"Pleno dia";"Decrescente";"Sol";"Simples";"Curva";"Sim";3;0;1;0;2;0;1;3;-24,98473242;-53,46501885;"SPRF-PR";"DEL04-PR";"UOP01-DEL04-PR"
403578;2021-12-23;"quinta-feira";"13:10:00";"BA";116;457,8;"SANTO ESTEVAO";"Ausência de reação do condutor";"Colisão traseira";"Com Vítimas Feridas";"Pleno dia";"Crescente";"Nublado";"Dupla";"Declive;Reta";"Não";4;0;2;0;1;1;2;3;-12,43607364;-39,22204971;"SPRF-BA";"DEL02-BA";"UOP01-DEL02-BA"
403579;2021-12-23;"quinta-feira";"09:30:00";"RJ";101;442;"MANGARATIBA";"Chuva";"Colisão lateral sentido oposto";"Com Vítimas Fatais";"Pleno dia";"Decrescente";"Chuva";"Simples";"Curva";"Não";9;1;4;1;3;0;5;4;-22,93731815;-44,01047617;"SPRF-RJ";"DEL03-RJ";"UOP03-DEL03-RJ"
403581;2021-12-23;"quinta-feira";"12:00:00";"PR";476;254,3;"ANTONIO OLINTO";"Condutor Dormindo";"Saída de leito carroçável";"Com Vítimas Feridas";"Pleno dia";"Crescente";"Céu Claro";"Simples";"Reta";"Não";2;0;1;0;1;0;1;1;-25,892168;-50,188038;"SPRF-PR";"DEL02-PR";"UOP04-DEL02-PR"
403582;2021-12-23;"quinta-feira";"10:25:00";"PR";277;218;"TEIXEIRA SOARES";"Condutor deixou de manter distância do veículo da frente";"Colisão traseira";"Com Vítimas Feridas";"Pleno dia";"Decrescente";"Céu Claro";"Simples";"Reta";"Não";9;0;1;0;8;0;1;3;-25,46475363;-50,35922095;"SPRF-PR";"DEL03-PR";"UOP03-DEL03-PR"
403588;2021-12-23;"quinta-feira";"15:15:00";"PA";316;61;"CASTANHAL";"Condutor deixou de manter distância do veículo da frente";"Colisão traseira";"Com Vítimas Feridas";"Pleno dia";"Crescente";"Sol";"Dupla";"Declive";"Sim";3;0;1;0;1;1;1;3;-1,29686015;-47,94639002;"SPRF-PA";"DEL01-PA";"UOP01-DEL01-PA"
403592;2021-12-23;"quinta-feira";"12:50:00";"MT";70;652;"CACERES";"Demais falhas mecânicas ou elétricas";"Incêndio";"Sem Vítimas";"Pleno dia";"Decrescente";"Nublado";"Simples";"Reta";"Não";1;0;0;0;1;0;0;1;-16,000526;-57,207001;"SPRF-MT";"DEL03-MT";"UOP02-DEL03-MT"
403599;2021-12-23;"quinta-feira";"16:30:00";"PR";277;200,3;"PALMEIRA";"Condutor deixou de manter distância do veículo da frente";"Colisão traseira";"Com Vítimas Feridas";"Pleno dia";"Decrescente";"Céu Claro";"Simples";"Reta";"Não";3;0;0;1;1;1;1;3;-25,45398513;-50,20300993;"SPRF-PR";"DEL03-PR";"UOP03-DEL03-PR"
403600;2021-12-23;"quinta-feira";"15:57:00";"BA";324;620;"SALVADOR";"Ausência de reação do condutor";"Colisão traseira";"Sem Vítimas";"Pleno dia";"Decrescente";"Nublado";"Dupla";"Reta";"Sim";3;0;0;0;3;0;0;2;-12,92157696;-38,46745751;"SPRF-BA";"DEL01-BA";"UOP01-DEL01-BA"
403601;2021-12-23;"quinta-feira";"12:40:00";"MG";262;581;"CAMPOS ALTOS";"Chuva";"Saída de leito carroçável";"Com Vítimas Feridas";"Pleno dia";"Crescente";"Chuva";"Simples";"Curva";"Não";2;0;1;0;1;0;1;1;-19,65688108;-46,06847896;"SPRF-MG";"DEL08-MG";"UOP02-DEL08-MG"
403603;2021-12-23;"quinta-feira";"11:19:00";"SC";116;305,4;"CAPAO ALTO";"Velocidade Incompatível";"Tombamento";"Com Vítimas Fatais";"Pleno dia";"Decrescente";"Sol";"Simples";"Curva";"Não";2;1;0;0;0;1;0;2;-28,19943943;-50,72662354;"SPRF-SC";"DEL05-SC";"UOP02-DEL05-SC"
403604;2021-12-23;"quinta-feira";"17:00:00";"MG";262;29,9;"REDUTO";"Ingestão de álcool pelo condutor";"Colisão transversal";"Com Vítimas Feridas";"Pleno dia";"Decrescente";"Nublado";"Simples";"Curva";"Sim";2;0;0;1;1;0;1;2;-20,247223;-41,982025;"SPRF-MG";"DEL06-MG";"UOP03-DEL06-MG"
403606;2021-12-23;"quinta-feira";"17:00:00";"PR";277;590,9;"CASCAVEL";"Ingestão de álcool e/ou substâncias psicoativas pelo pedestre";"Atropelamento de Pedestre";"Com Vítimas Feridas";"Pleno dia";"Crescente";"Céu Claro";"Simples";"Reta";"Sim";3;0;1;0;1;1;1;3;-24,98120697;-53,45591501;"SPRF-PR";"DEL04-PR";"UOP01-DEL04-PR"
403612;2021-12-23;"quinta-feira";"17:00:00";"CE";222;72;"SAO GONCALO DO AMARANTE";"Transitar na contramão";"Colisão lateral sentido oposto";"Com Vítimas Feridas";"Pleno dia";"Decrescente";"Céu Claro";"Simples";"Reta";"Não";9;0;6;3;0;0;9;4;-3,67091681;-39,188308;"SPRF-CE";"DEL01-CE";"UOP03-DEL01-CE"
403618;2021-12-23;"quinta-feira";"16:50:00";"MS";262;324,5;"CAMPO GRANDE";"Acessar a via sem observar a presença dos outros veículos";"Colisão lateral mesmo sentido";"Com Vítimas Feridas";"Pleno dia";"Crescente";"Céu Claro";"Simples";"Reta";"Sim";3;0;0;1;1;1;1;3;-20,46842792;-54,52109149;"SPRF-MS";"DEL01-MS";"UOP01-DEL01-MS"
403621;2021-12-21;"terça-feira";"10:00:00";"SC";101;111;"NAVEGANTES";"Demais falhas mecânicas ou elétricas";"Engavetamento";"Sem Vítimas";"Pleno dia";"Crescente";"Céu Claro";"Dupla";"Reta";"Não";2;0;0;0;1;1;0;2;-26,83955734;-48,71418074;"SPRF-SC";"DEL04-SC";"UOP04-DEL04-SC"
403653;2021-12-23;"quinta-feira";"20:40:00";"ES";101;288,8;"CARIACICA";"Pedestre cruzava a pista fora da faixa";"Atropelamento de Pedestre";"Com Vítimas Fatais";"Plena Noite";"Crescente";"Nublado";"Dupla";"Reta";"Sim";2;1;0;0;1;0;0;2;-20,27160351;-40,39091743;"SPRF-ES";"DEL01-ES";"UOP01-DEL01-ES"
403657;2021-12-23;"quinta-feira";"20:20:00";"PR";277;619;"CEU AZUL";"Ingestão de álcool pelo condutor";"Colisão transversal";"Sem Vítimas";"Plena Noite";"Crescente";"Céu Claro";"Simples";"Reta";"Não";6;0;0;0;5;1;0;4;-25,07943106;-53,70166498;"SPRF-PR";"DEL05-PR";"UOP02-DEL05-PR"
403658;2021-12-23;"quinta-feira";"16:20:00";"PR";376;186;"SARANDI";"Desrespeitar a preferência no cruzamento";"Colisão transversal";"Com Vítimas Feridas";"Pleno dia";"Decrescente";"Sol";"Dupla";"Retorno Regulamentado";"Sim";2;0;1;0;0;1;1;2;-23,45141312;-51,8539077;"SPRF-PR";"DEL09-PR";"UOP01-DEL09-PR"
403665;2021-12-23;"quinta-feira";"20:00:00";"MS";60;75;"PARAISO DAS AGUAS";"Ingestão de álcool pelo condutor";"Colisão lateral sentido oposto";"Com Vítimas Feridas";"Plena Noite";"Decrescente";"Céu Claro";"Simples";"Reta";"Não";3;0;2;0;1;0;2;2;-19,133507;-53,05066399;"SPRF-MS";"DEL06-MS";"UOP02-DEL06-MS"
403667;2021-12-23;"quinta-feira";"14:30:00";"MA";316;350,4;"BACABAL";"Manobra de mudança de faixa";"Colisão frontal";"Com Vítimas Fatais";"Pleno dia";"Decrescente";"Sol";"Simples";"Reta";"Não";5;2;1;0;1;1;1;3;-4,23255;-44,878704;"SPRF-MA";"DEL02-MA";"UOP01-DEL02-MA"
403671;2021-12-23;"quinta-feira";"20:35:00";"PR";369;165;"CAMBE";"Condutor deixou de manter distância do veículo da frente";"Colisão traseira";"Sem Vítimas";"Plena Noite";"Crescente";"Céu Claro";"Dupla";"Reta";"Não";2;0;0;0;2;0;0;2;-23,29526756;-51,30222559;"SPRF-PR";"DEL07-PR";"UOP01-DEL07-PR"
403677;2021-12-23;"quinta-feira";"20:30:00";"MG";262;790,3;"UBERABA";"Reação tardia ou ineficiente do condutor";"Colisão traseira";"Com Vítimas Feridas";"Plena Noite";"Crescente";"Céu Claro";"Simples";"Reta";"Não";4;0;0;2;1;1;2;3;-19,76179377;-47,84979004;"SPRF-MG";"DEL13-MG";"UOP01-DEL13-MG"
403681;2021-12-23;"quinta-feira";"16:45:00";"MG";381;241,5;"SANTANA DO PARAISO";"Ingestão de álcool ou de substâncias psicoativas pelo pedestre";"Atropelamento de Pedestre";"Com Vítimas Feridas";"Pleno dia";"Decrescente";"Chuva";"Simples";"Curva";"Não";2;0;0;1;1;0;1;2;-19,42441326;-42,49683189;"SPRF-MG";"DEL06-MG";"UOP01-DEL06-MG"
403692;2021-12-23;"quinta-feira";"16:40:00";"RO";364;391;"OURO PRETO DO OESTE";"Manobra de mudança de faixa";"Colisão traseira";"Com Vítimas Feridas";"Pleno dia";"Crescente";"Nublado";"Simples";"Reta";"Não";18;0;2;2;12;4;4;7;-10,66607588;-62,29120385;"SPRF-RO";"DEL03-RO";"UOP02-DEL03-RO"
403697;2021-12-24;"sexta-feira";"01:00:00";"SP";116;300;"SAO LOURENCO DA SERRA";"Reação tardia ou ineficiente do condutor";"Colisão traseira";"Com Vítimas Feridas";"Plena Noite";"Crescente";"Garoa/Chuvisco";"Dupla";"Reta";"Não";3;0;0;1;1;1;1;3;-23,80425272;-46,92143625;"SPRF-SP";"DEL04-SP";"UOP01-DEL04-SP"
403699;2021-12-23;"quinta-feira";"23:57:00";"AL";424;102;"MARECHAL DEODORO";"Velocidade Incompatível";"Saída de leito carroçável";"Sem Vítimas";"Plena Noite";"Crescente";"Nublado";"Simples";"Rotatória";"Não";1;0;0;0;0;1;0;1;-9,66670281;-35,84489382;"SPRF-AL";"DEL02-AL";"UOP01-DEL02-AL"
403700;2021-12-23;"quinta-feira";"23:30:00";"MG";365;785,3;"ITUIUTABA";"Acumulo de água sobre o pavimento";"Colisão frontal";"Sem Vítimas";"Plena Noite";"Crescente";"Chuva";"Simples";"Reta";"Não";2;0;0;0;1;1;0;2;-18,94515934;-49,76981665;"SPRF-MG";"DEL15-MG";"UOP03-DEL15-MG"
403707;2021-12-24;"sexta-feira";"03:51:00";"MG";381;587,2;"CARMOPOLIS DE MINAS";"Condutor Dormindo";"Colisão traseira";"Com Vítimas Fatais";"Plena Noite";"Decrescente";"Céu Claro";"Dupla";"Curva";"Sim";7;3;2;2;0;0;4;2;-20,52689877;-44,63549852;"SPRF-MG";"DEL04-MG";"UOP01-DEL04-MG"
403719;2021-12-24;"sexta-feira";"03:30:00";"RS";392;96,9;"MORRO REDONDO";"Ausência de reação do condutor";"Saída de leito carroçável";"Sem Vítimas";"Plena Noite";"Crescente";"Céu Claro";"Simples";"Reta";"Não";2;0;0;0;0;4;0;4;-31,56036793;-52,54775386;"SPRF-RS";"DEL07-RS";"UOP01-DEL07-RS"
403720;2021-12-24;"sexta-feira";"05:00:00";"ES";101;442,2;"MIMOSO DO SUL";"Afundamento ou ondulação no pavimento";"Colisão frontal";"Com Vítimas Fatais";"Amanhecer";"Decrescente";"Céu Claro";"Simples";"Reta";"Não";6;2;0;1;2;3;1;6;-21,09042295;-41,24777308;"SPRF-ES";"DEL03-ES";"UOP02-DEL03-ES"
403723;2021-12-24;"sexta-feira";"03:20:00";"PR";277;130,8;"BALSA NOVA";"Condutor Dormindo";"Colisão com objeto";"Sem Vítimas";"Plena Noite";"Crescente";"Céu Claro";"Dupla";"Aclive;Reta";"Não";3;0;0;0;2;2;0;4;-25,45920983;-49,64362448;"SPRF-PR";"DEL01-PR";"UOP03-DEL03-PR"
403726;2021-12-24;"sexta-feira";"06:30:00";"PE";232;65,1;"GRAVATA";"Problema com o freio";"Tombamento";"Com Vítimas Feridas";"Pleno dia";"Decrescente";"Céu Claro";"Dupla";"Curva;Declive";"Não";1;0;0;1;0;0;1;1;-8,16579712;-35,44754017;"SPRF-PE";"DEL02-PE";"UOP02-DEL02PE"
403729;2021-12-24;"sexta-feira";"06:00:00";"PR";116;14,9;"CAMPINA GRANDE DO SUL";"Velocidade Incompatível";"Colisão com objeto";"Com Vítimas Feridas";"Pleno dia";"Decrescente";"Chuva";"Dupla";"Curva";"Não";6;0;3;0;3;0;3;3;-25,09836429;-48,67391969;"SPRF-PR";"DEL01-PR";"UOP02-DEL01-PR"
403738;2021-12-24;"sexta-feira";"07:00:00";"RJ";116;220;"PIRAI";"Reação tardia ou ineficiente do condutor";"Tombamento";"Sem Vítimas";"Amanhecer";"Crescente";"Nublado";"Simples";"Reta";"Sim";2;0;0;0;1;1;0;2;-22,67231304;-43,81896973;"SPRF-RJ";"DEL07-RJ";"UOP01-DEL07-RJ"
403744;2021-12-24;"sexta-feira";"07:13:00";"MG";40;576,7;"ITABIRITO";"Ausência de reação do condutor";"Colisão traseira";"Com Vítimas Feridas";"Pleno dia";"Decrescente";"Nublado";"Simples";"Reta";"Sim";2;0;1;0;1;0;1;2;-20,26485707;-43,9573481;"SPRF-MG";"DEL01-MG";"UOP02-DEL01-MG"
403747;2021-12-24;"sexta-feira";"08:10:00";"SP";116;303;"SAO LOURENCO DA SERRA";"Pista Escorregadia";"Colisão traseira";"Sem Vítimas";"Pleno dia";"Decrescente";"Nublado";"Dupla";"Reta";"Não";3;0;0;0;2;1;0;3;-23,82760675;-46,92631345;"SPRF-SP";"DEL04-SP";"UOP01-DEL04-SP"
403748;2021-12-24;"sexta-feira";"04:00:00";"RJ";393;133;"SAPUCAIA";"Reação tardia ou ineficiente do condutor";"Colisão com objeto";"Sem Vítimas";"Plena Noite";"Decrescente";"Céu Claro";"Simples";"Reta";"Sim";1;0;0;0;0;1;0;1;-21,9787375;-42,89119628;"SPRF-RJ";"DEL05-RJ";"UOP01-DEL05-RJ"
403766;2021-12-24;"sexta-feira";"10:10:00";"RJ";116;213;"SEROPEDICA";"Condutor Dormindo";"Colisão com objeto";"Com Vítimas Feridas";"Pleno dia";"Decrescente";"Nublado";"Dupla";"Reta";"Não";3;0;1;0;2;0;1;3;-22,713438;-43,734085;"SPRF-RJ";"DEL01-RJ";"UOP03-DEL01-RJ"
403782;2021-12-24;"sexta-feira";"11:00:00";"SC";101;37,3;"JOINVILLE";"Ausência de reação do condutor";"Colisão traseira";"Com Vítimas Feridas";"Pleno dia";"Decrescente";"Céu Claro";"Dupla";"Reta";"Não";4;0;1;0;2;2;1;4;-26,25050176;-48,90863867;"SPRF-SC";"DEL03-SC";"UOP01-DEL03-SC"
403784;2021-12-24;"sexta-feira";"08:50:00";"PR";153;517;"GENERAL CARNEIRO";"Ingestão de álcool pelo condutor";"Saída de leito carroçável";"Com Vítimas Feridas";"Pleno dia";"Crescente";"Céu Claro";"Simples";"Curva";"Não";1;0;1;0;0;0;1;1;-26,578993;-51,447585;"SPRF-PR";"DEL02-PR";"UOP03-DEL02-PR"
403800;2021-12-24;"sexta-feira";"14:15:00";"ES";101;276,3;"SERRA";"Condutor deixou de manter distância do veículo da frente";"Colisão traseira";"Com Vítimas Feridas";"Pleno dia";"Decrescente";"Nublado";"Dupla";"Reta";"Não";2;0;0;1;1;0;1;2;-20,20788726;-40,3133509;"SPRF-ES";"DEL02-ES";"UOP01-DEL02-ES"
403801;2021-12-24;"sexta-feira";"13:25:00";"MT";364;269;"JACIARA";"Acesso irregular";"Saída de leito carroçável";"Com Vítimas Feridas";"Pleno dia";"Decrescente";"Sol";"Simples";"Curva";"Sim";4;0;2;0;1;1;2;2;-15,974228;-54,938;"SPRF-MT";"DEL02-MT";"UOP01-DEL02-MT"
403803;2021-12-24;"sexta-feira";"13:40:00";"SP";116;45,4;"CANAS";"Manobra de mudança de faixa";"Colisão lateral mesmo sentido";"Com Vítimas Feridas";"Pleno dia";"Decrescente";"Nublado";"Dupla";"Reta";"Não";4;0;3;0;0;1;3;2;-22,710536;-45,048541;"SPRF-SP";"DEL08-SP";"UOP02-DEL08-SP"
403809;2021-12-24;"sexta-feira";"13:40:00";"SC";470;46,4;"BLUMENAU";"Transitar na contramão";"Colisão lateral sentido oposto";"Com Vítimas Fatais";"Pleno dia";"Decrescente";"Sol";"Simples";"Reta;Em Obras";"Não";8;3;0;1;2;2;1;6;-26,861778;-49,041872;"SPRF-SC";"DEL04-SC";"UOP01-DEL04-SC"
403810;2021-12-24;"sexta-feira";"11:50:00";"MT";364;349;"SANTO ANTONIO DO LEVERGER";"Ausência de reação do condutor";"Saída de leito carroçável";"Com Vítimas Feridas";"Pleno dia";"Crescente";"Chuva";"Dupla";"Curva";"Não";2;0;1;0;0;2;1;3;-15,80502622;-55,5546431;"SPRF-MT";"DEL05-MT";"UOP02-DEL05-MT"
403812;2021-12-24;"sexta-feira";"14:10:00";"SC";470;118,8;"IBIRAMA";"Velocidade Incompatível";"Tombamento";"Com Vítimas Feridas";"Pleno dia";"Decrescente";"Sol";"Simples";"Retorno Regulamentado";"Sim";2;0;1;0;0;1;1;2;-27,08243617;-49,52055216;"SPRF-SC";"DEL04-SC";"UOP02-DEL04-SC"
403819;2021-12-24;"sexta-feira";"15:20:00";"SC";116;67,3;"PAPANDUVA";"Ultrapassagem Indevida";"Colisão lateral sentido oposto";"Com Vítimas Feridas";"Pleno dia";"Decrescente";"Céu Claro";"Simples";"Reta";"Não";4;0;1;0;1;2;1;4;-26,44247501;-50,2284382;"SPRF-SC";"DEL06-SC";"UOP02-DEL06-SC"
403826;2021-12-24;"sexta-feira";"15:50:00";"CE";116;371;"ICO";"Demais falhas mecânicas ou elétricas";"Incêndio";"Sem Vítimas";"Pleno dia";"Crescente";"Céu Claro";"Simples";"Reta";"Sim";3;0;0;0;2;2;0;3;-6,37318104;-38,80311799;"SPRF-CE";"DEL05-CE";"UOP01-DEL05-CE"
403830;2021-12-24;"sexta-feira";"13:40:00";"SE";101;163,7;"SANTA LUZIA DO ITANHY";"Carga excessiva e/ou mal acondicionada";"Derramamento de carga";"Sem Vítimas";"Pleno dia";"Decrescente";"Céu Claro";"Simples";"Curva";"Não";2;0;0;0;1;1;0;2;-11,30466694;-37,50742901;"SPRF-SE";"DEL02-SE";"UOP01-DEL02-SE"
403841;2021-12-24;"sexta-feira";"15:10:00";"PE";232;94,9;"SAIRE";"Demais falhas mecânicas ou elétricas";"Tombamento";"Com Vítimas Feridas";"Pleno dia";"Crescente";"Céu Claro";"Dupla";"Aclive;Curva";"Não";2;0;0;1;0;1;1;2;-8,22473335;-35,69081624;"SPRF-PE";"DEL02-PE";"UOP02-DEL02PE"
403856;2021-12-24;"sexta-feira";"16:30:00";"MG";116;324,5;"ITAMBACURI";"Ingestão de álcool pelo condutor";"Colisão lateral sentido oposto";"Sem Vítimas";"Pleno dia";"Crescente";"Nublado";"Simples";"Reta";"Não";3;0;0;0;2;1;0;3;-18,18939081;-41,71198331;"SPRF-MG";"DEL11-MG";"UOP01-DEL11-MG"
403859;2021-12-24;"sexta-feira";"19:40:00";"GO";153;319;"RIANAPOLIS";"Transitar na contramão";"Colisão frontal";"Com Vítimas Fatais";"Plena Noite";"Crescente";"Céu Claro";"Simples";"Reta";"Não";4;3;0;0;1;0;0;2;-15,43973;-49,508873;"SPRF-GO";"DEL02-GO";"UOP02-DEL02-GO"