"id";"data_inversa";"dia_semana";"horario";"uf";"br";"km";"municipio";"causa_acidente";"tipo_acidente";"classificacao_acidente";"fase_dia";"sentido_via";"condicao_metereologica";"tipo_pista";"tracado_via";"uso_solo";"pessoas";"mortos";"feridos_leves";"feridos_graves";"ilesos";"ignorados";"feridos";"veiculos";"latitude";"longitude";"regional";"delegacia";"uop"
403868;2021-12-24;"sexta-feira";"16:50:00";"MA";230;472,5;"RIACHAO";"Acessar a via sem observar a presença dos outros veículos";"Colisão transversal";"Com Vítimas Feridas";"Pleno dia";"Crescente";"Céu Claro";"Simples";"Reta";"Sim";4;0;0;3;1;0;3;2;-7,36660533;-46,61987627;"SPRF-MA";"DEL05-MA";"UOP01-DEL05-MA"
403875;2021-12-24;"sexta-feira";"09:30:00";"MG";267;242;"SERITINGA";"Velocidade Incompatível";"Tombamento";"Com Vítimas Feridas";"Pleno dia";"Decrescente";"Céu Claro";"Simples";"Curva;Declive";"Não";2;0;1;0;0;1;1;2;-21,91991284;-44,42208207;"SPRF-MG";"DEL17-MG";"UOP01-DEL17-MG"
403879;2021-12-24;"sexta-feira";"12:00:00";"BA";242;595;"MUQUEM DE SAO FRANCISCO";"Chuva";"Colisão frontal";"Com Vítimas Feridas";"Pleno dia";"Decrescente";"Garoa/Chuvisco";"Simples";"Curva";"Não";5;0;3;1;0;2;4;4;-12,15680073;-43,30211163;"SPRF-BA";"DEL06-BA";"UOP03-DEL06-BA"
403906;2021-12-24;"sexta-feira";"20:20:00";"MG";153;92,5;"PRATA";"Condutor deixou de manter distância do veículo da frente";"Saída de leito carroçável";"Com Vítimas Feridas";"Plena Noite";"Decrescente";"Céu Claro";"Simples";"Reta;Aclive";"Não";2;0;0;1;0;1;1;2;-19,1609748;-48,95869957;"SPRF-MG";"DEL15-MG";"UOP03-DEL15-MG"
403970;2021-12-25;"sábado";"08:40:00";"MA";135;81,8;"ITAPECURU MIRIM";"Transitar na contramão";"Colisão transversal";"Com Vítimas Feridas";"Pleno dia";"Crescente";"Céu Claro";"Simples";"Reta";"Não";2;0;1;0;1;0;1;2;-3,22929609;-44,3649149;"SPRF-MA";"DEL01-MA";"UOP02-DEL01-MA"
403973;2021-12-25;"sábado";"06:30:00";"MG";251;349,6;"FRUTA DE LEITE";"Velocidade Incompatível";"Colisão com objeto";"Com Vítimas Feridas";"Pleno dia";"Decrescente";"Nublado";"Simples";"Curva";"Não";3;0;1;0;1;1;1;2;-16,27293323;-42,53130451;"SPRF-MG";"DEL12-MG";"UOP01-DEL12-MG"
403989;2021-12-25;"sábado";"11:40:00";"BA";101;800;"ITAMARAJU";"Acumulo de água sobre o pavimento";"Capotamento";"Com Vítimas Feridas";"Pleno dia";"Decrescente";"Chuva";"Simples";"Reta";"Não";1;0;1;0;0;0;1;1;-16,9515302;-39,5554798;"SPRF-BA";"DEL09-BA";"UOP01-DEL09-BA"
403991;2021-12-25;"sábado";"14:55:00";"ES";101;422,8;"ATILIO VIVACQUA";"Transitar na contramão";"Colisão frontal";"Com Vítimas Fatais";"Pleno dia";"Crescente";"Nublado";"Simples";"Reta";"Não";3;1;1;0;0;1;1;3;-20,98070633;-41,11625915;"SPRF-ES";"DEL03-ES";"UOP02-DEL03-ES"
404014;2021-12-25;"sábado";"08:30:00";"BA";101;625;"MASCOTE";"Chuva";"Saída de leito carroçável";"Sem Vítimas";"Pleno dia";"Decrescente";"Chuva";"Simples";"Curva";"Não";2;0;0;0;1;1;0;2;-15,858785;-39,520394;"SPRF-BA";"DEL05-BA";"UOP02-DEL05-BA"
404018;2021-12-25;"sábado";"17:00:00";"PR";163;182,6;"SANTA TEREZA DO OESTE";"Fumaça";"Incêndio";"Sem Vítimas";"Pleno dia";"Crescente";"Céu Claro";"Dupla";"Rotatória";"Não";2;0;0;0;1;1;0;2;-25,15864601;-53,59746064;"SPRF-PR";"DEL05-PR";"UOP05-DEL05-PR"
404022;2021-12-25;"sábado";"12:00:00";"BA";242;371;"PALMEIRAS";"Reação tardia ou ineficiente do condutor";"Colisão transversal";"Com Vítimas Feridas";"Pleno dia";"Decrescente";"Chuva";"Simples";"Curva";"Não";5;0;3;1;0;1;4;3;-12,46028502;-41,47741502;"SPRF-BA";"DEL06-BA";"UOP01-DEL06-BA"
404033;2021-12-25;"sábado";"14:30:00";"TO";226;50,3;"DARCINOPOLIS";"Reação tardia ou ineficiente do condutor";"Saída de leito carroçável";"Com Vítimas Feridas";"Pleno dia";"Crescente";"Nublado";"Simples";"Aclive";"Não";2;0;1;0;0;1;1;2;-6,791375;-47,802624;"SPRF-TO";"DEL02-TO";"UOP03-DEL02-TO"
404056;2021-12-25;"sábado";"16:30:00";"PI";135;143;"BERTOLINIA";"Reação tardia ou ineficiente do condutor";"Saída de leito carroçável";"Com Vítimas Feridas";"Pleno dia";"Crescente";"Céu Claro";"Simples";"Reta";"Não";4;0;2;0;1;1;2;2;-7,56208436;-43,94255993;"SPRF-PI";"DEL03-PI";"UOP01-DEL03-PI"
404069;2021-12-26;"domingo";"00:00:00";"MS";262;117;"AGUA CLARA";"Ausência de reação do condutor";"Colisão lateral sentido oposto";"Com Vítimas Feridas";"Plena Noite";"Crescente";"Céu Claro";"Simples";"Reta";"Não";3;0;1;0;1;3;1;5;-20,51171349;-52,6447039;"SPRF-MS";"DEL07-MS";"UOP02-DEL07-MS"
404102;2021-12-26;"domingo";"06:45:00";"SC";282;620;"IRACEMINHA";"Ingestão de álcool pelo condutor";"Colisão traseira";"Com Vítimas Feridas";"Pleno dia";"Decrescente";"Céu Claro";"Simples";"Reta;Aclive";"Não";3;0;1;0;1;2;1;4;-26,799355;-53,308002;"SPRF-SC";"DEL07-SC";"UOP02-DEL07-SC"
404119;2021-12-26;"domingo";"12:30:00";"BA";324;478;"TANQUINHO";"Transitar na contramão";"Colisão frontal";"Com Vítimas Fatais";"Pleno dia";"Decrescente";"Nublado";"Simples";"Curva";"Não";3;2;0;0;1;0;0;2;-11,99056519;-39,07896022;"SPRF-BA";"DEL02-BA";"UOP01-DEL02-BA"
404126;2021-12-26;"domingo";"07:00:00";"BA";242;377;"PALMEIRAS";"Velocidade Incompatível";"Tombamento";"Com Vítimas Feridas";"Pleno dia";"Crescente";"Nublado";"Simples";"Curva";"Não";5;0;4;0;0;3;4;4;-12,43834712;-41,50300952;"SPRF-BA";"DEL06-BA";"UOP01-DEL06-BA"
404132;2021-12-26;"domingo";"13:20:00";"BA";235;122,4;"JEREMOABO";"Velocidade Incompatível";"Saída de leito carroçável";"Com Vítimas Feridas";"Pleno dia";"Crescente";"Céu Claro";"Simples";"Reta";"Não";3;0;1;0;1;2;1;3;-9,97469462;-38,66414846;"SPRF-BA";"DEL07-BA";"UOP01-DEL07-BA"
404153;2021-12-25;"sábado";"23:15:00";"BA";116;58,1;"CHORROCHO";"Ingestão de álcool pelo condutor";"Colisão frontal";"Com Vítimas Fatais";"Plena Noite";"Decrescente";"Céu Claro";"Simples";"Reta";"Não";2;1;0;0;1;0;0;2;-9,11450282;-39,13546762;"SPRF-PE";"DEL05-PE";"UOP01-DEL05-PE"
404171;2021-12-26;"domingo";"16:30:00";"RS";116;92,1;"CAMPESTRE DA SERRA";"Problema com o freio";"Saída de leito carroçável";"Com Vítimas Feridas";"Pleno dia";"Crescente";"Céu Claro";"Simples";"Curva";"Não";2;0;1;0;0;1;1;2;-28,87036611;-51,1251221;"SPRF-RS";"DEL05-RS";"UOP03-DEL05-RS"
404180;2021-12-26;"domingo";"15:15:00";"MG";153;89;"PRATA";"Transitar na contramão";"Colisão lateral sentido oposto";"Com Vítimas Fatais";"Pleno dia";"Crescente";"Céu Claro";"Simples";"Reta";"Não";7;1;0;3;1;3;3;5;-19,13488186;-48,96609844;"SPRF-MG";"DEL15-MG";"UOP03-DEL15-MG"
404182;2021-12-26;"domingo";"14:40:00";"PE";101;206;"XEXEU";"Ausência de reação do condutor";"Saída de leito carroçável";"Com Vítimas Feridas";"Pleno dia";"Crescente";"Chuva";"Dupla";"Reta";"Não";2;0;1;0;0;2;1;3;-8,81905901;-35,63955699;"SPRF-PE";"DEL01-PE";"UOP01-DEL01-PE"
404211;2021-12-26;"domingo";"20:00:00";"SP";116;194,7;"SANTA ISABEL";"Mal súbito do condutor";"Tombamento";"Com Vítimas Feridas";"Plena Noite";"Crescente";"Céu Claro";"Dupla";"Reta";"Não";1;0;1;0;0;0;1;1;-23,38497189;-46,26686105;"SPRF-SP";"DEL01-SP";"UOP01-DEL01-SP"
404214;2021-12-26;"domingo";"19:20:00";"PE";232;208;"PESQUEIRA";"Chuva";"Colisão frontal";"Com Vítimas Feridas";"Plena Noite";"Decrescente";"Chuva";"Simples";"Aclive";"Sim";5;0;1;1;2;1;2;4;-8,36794109;-36,67972403;"SPRF-PE";"DEL03-PE";"UOP02-DEL03-PE"
404217;2021-12-26;"domingo";"12:30:00";"MT";174;200,8;"PORTO ESPERIDIAO";"Ultrapassagem Indevida";"Colisão lateral mesmo sentido";"Com Vítimas Feridas";"Pleno dia";"Decrescente";"Céu Claro";"Simples";"Reta";"Não";3;0;1;0;2;0;1;2;-15,71561211;-58,69928315;"SPRF-MT";"DEL03-MT";"UOP01-DEL03-MT"
404218;2021-12-26;"domingo";"20:00:00";"PA";316;68,3;"CASTANHAL";"Acessar a via sem observar a presença dos outros veículos";"Colisão transversal";"Sem Vítimas";"Plena Noite";"Decrescente";"Ignorado";"Simples";"Curva";"Não";2;0;0;0;2;0;0;2;-1,29440507;-47,88382304;"SPRF-PA";"DEL01-PA";"UOP01-DEL01-PA"
404223;2021-12-26;"domingo";"19:40:00";"RJ";116;324,2;"ITATIAIA";"Iluminação deficiente";"Colisão traseira";"Com Vítimas Feridas";"Plena Noite";"Decrescente";"Céu Claro";"Múltipla";"Reta";"Não";2;0;0;1;1;0;1;2;-22,488885;-44,552696;"SPRF-RJ";"DEL07-RJ";"UOP02-DEL07-RJ"
404237;2021-12-26;"domingo";"22:10:00";"SP";116;315,9;"JUQUITIBA";"Velocidade Incompatível";"Saída de leito carroçável";"Com Vítimas Feridas";"Plena Noite";"Crescente";"Garoa/Chuvisco";"Dupla";"Reta";"Não";1;0;0;1;0;0;1;1;-23,90251888;-46,99049317;"SPRF-SP";"DEL04-SP";"UOP01-DEL04-SP"
404260;2021-12-26;"domingo";"20:30:00";"MG";116;96,4;"MEDINA";"Ausência de reação do condutor";"Tombamento";"Com Vítimas Feridas";"Plena Noite";"Crescente";"Chuva";"Simples";"Curva";"Não";3;0;0;1;1;1;1;2;-16,40244787;-41,47432334;"SPRF-MG";"DEL11-MG";"UOP02-DEL11-MG"
404264;2021-12-27;"segunda-feira";"01:00:00";"MG";40;528;"CONTAGEM";"Velocidade Incompatível";"Colisão traseira";"Com Vítimas Feridas";"Plena Noite";"Crescente";"Ignorado";"Dupla";"Aclive";"Sim";3;0;1;0;1;1;1;3;-19,90883179;-44,04436577;"SPRF-MG";"DEL01-MG";"UOP02-DEL01-MG"
404266;2021-12-27;"segunda-feira";"01:45:00";"BA";101;906;"CARAVELAS";"Velocidade Incompatível";"Tombamento";"Com Vítimas Feridas";"Plena Noite";"Decrescente";"Nublado";"Simples";"Curva";"Não";4;0;0;1;2;1;1;2;-17,76944878;-39,77651596;"SPRF-BA";"DEL09-BA";"UOP02-DEL09-BA"
404268;2021-12-27;"segunda-feira";"01:45:00";"SP";116;57,6;"GUARATINGUETA";"Trafegar com motocicleta (ou similar) entre as faixas";"Tombamento";"Com Vítimas Fatais";"Plena Noite";"Decrescente";"Garoa/Chuvisco";"Dupla";"Reta";"Sim";2;1;0;0;1;0;0;2;-22,77454618;-45,13807087;"SPRF-SP";"DEL08-SP";"UOP01-DEL08-SP"
404269;2021-12-27;"segunda-feira";"02:00:00";"PB";101;100;"ALHANDRA";"Condutor Dormindo";"Colisão com objeto";"Sem Vítimas";"Plena Noite";"Crescente";"Céu Claro";"Dupla";"Reta";"Não";1;0;0;0;1;0;0;1;-7,270621;-34,9376724;"SPRF-PB";"DEL01-PB";"UOP02-DEL01-PB"
404270;2021-12-27;"segunda-feira";"01:30:00";"GO";50;101;"CRISTALINA";"Animais na Pista";"Atropelamento de Animal";"Sem Vítimas";"Plena Noite";"Decrescente";"Nublado";"Dupla";"Reta";"Sim";2;0;0;0;1;1;0;2;-16,9309;-47,7117;"SPRF-DF";"DEL01-DF";"UOP02-DEL01-DF"
404275;2021-12-27;"segunda-feira";"04:00:00";"MG";459;84,5;"CONGONHAL";"Condutor Dormindo";"Colisão lateral sentido oposto";"Sem Vítimas";"Amanhecer";"Crescente";"Céu Claro";"Simples";"Reta";"Sim";5;0;0;0;2;3;0;4;-22,150344;-46,037011;"SPRF-MG";"DEL09-MG";"UOP01-DEL09-MG"
404278;2021-12-27;"segunda-feira";"04:45:00";"MS";163;306,1;"DOURADINA";"Condutor Dormindo";"Saída de leito carroçável";"Com Vítimas Feridas";"Amanhecer";"Decrescente";"Céu Claro";"Simples";"Reta";"Não";3;0;0;2;0;1;2;2;-21,92875201;-54,53448223;"SPRF-MS";"DEL02-MS";"UOP02-DEL02-MS"
404279;2021-12-27;"segunda-feira";"06:50:00";"SC";101;222;"PALHOCA";"Manobra de mudança de faixa";"Colisão lateral mesmo sentido";"Com Vítimas Feridas";"Pleno dia";"Crescente";"Céu Claro";"Múltipla";"Reta";"Não";4;0;1;0;2;1;1;3;-27,70865409;-48,65586407;"SPRF-SC";"DEL01-SC";"UOP02-DEL01-SC"
404282;2021-12-26;"domingo";"21:30:00";"MG";381;755,6;"TRES CORACOES";"Reação tardia ou ineficiente do condutor";"Tombamento";"Com Vítimas Feridas";"Plena Noite";"Decrescente";"Céu Claro";"Dupla";"Reta";"Não";3;0;1;0;2;0;1;1;-21,69306291;-45,35229106;"SPRF-MG";"DEL16-MG";"UOP02-DEL16-MG"
404285;2021-12-27;"segunda-feira";"07:45:00";"RS";290;95;"PORTO ALEGRE";"Acessar a via sem observar a presença dos outros veículos";"Colisão lateral mesmo sentido";"Com Vítimas Feridas";"Pleno dia";"Decrescente";"Céu Claro";"Dupla";"Interseção de Vias";"Sim";2;0;1;0;1;0;1;2;-29,98438538;-51,20198792;"SPRF-RS";"DEL01-RS";"UOP01-DEL01-RS"
404289;2021-12-27;"segunda-feira";"06:55:00";"RJ";465;19,5;"NOVA IGUACU";"Conversão proibida";"Colisão lateral mesmo sentido";"Com Vítimas Feridas";"Pleno dia";"Decrescente";"Céu Claro";"Simples";"Reta";"Sim";2;0;1;0;1;0;1;2;-22,839184;-43,610451;"SPRF-RJ";"DEL03-RJ";"UOP01-DEL03-RJ"
404296;2021-12-27;"segunda-feira";"07:15:00";"RJ";40;92,7;"PETROPOLIS";"Demais falhas mecânicas ou elétricas";"Tombamento";"Com Vítimas Feridas";"Pleno dia";"Crescente";"Sol";"Simples";"Declive;Curva";"Não";2;0;1;0;1;0;1;1;-22,55191954;-43,25068815;"SPRF-RJ";"DEL06-RJ";"UOP01-DEL06-RJ"
404301;2021-12-27;"segunda-feira";"08:25:00";"TO";153;4,2;"XAMBIOA";"Acessar a via sem observar a presença dos outros veículos";"Colisão transversal";"Com Vítimas Feridas";"Pleno dia";"Decrescente";"Céu Claro";"Simples";"Rotatória";"Sim";3;0;0;1;1;2;1;4;-6,42061582;-48,53233385;"SPRF-TO";"DEL02-TO";"UOP01-DEL02-TO"
404310;2021-12-27;"segunda-feira";"07:30:00";"PR";163;147,8;"SANTA LUCIA";"Reação tardia ou ineficiente do condutor";"Saída de leito carroçável";"Com Vítimas Feridas";"Pleno dia";"Crescente";"Sol";"Simples";"Reta";"Não";1;0;0;1;0;0;1;1;-25,44415695;-53,57850109;"SPRF-PR";"DEL05-PR";"UOP05-DEL05-PR"
404312;2021-12-27;"segunda-feira";"09:40:00";"PR";373;172,2;"PONTA GROSSA";"Manobra de mudança de faixa";"Colisão lateral mesmo sentido";"Com Vítimas Feridas";"Pleno dia";"Decrescente";"Céu Claro";"Dupla";"Reta";"Não";4;0;1;0;2;3;1;5;-25,08139932;-50,19200981;"SPRF-PR";"DEL03-PR";"UOP01-DEL03-PR"
404314;2021-12-27;"segunda-feira";"10:15:00";"SC";101;215;"PALHOCA";"Ausência de sinalização";"Colisão transversal";"Com Vítimas Feridas";"Pleno dia";"Crescente";"Sol";"Simples";"Interseção de Vias";"Sim";3;0;1;0;1;1;1;3;-27,65184843;-48,67604941;"SPRF-SC";"DEL01-SC";"UOP02-DEL01-SC"
404317;2021-12-27;"segunda-feira";"10:10:00";"MG";40;519;"CONTAGEM";"Reação tardia ou ineficiente do condutor";"Saída de leito carroçável";"Com Vítimas Feridas";"Pleno dia";"Decrescente";"Nublado";"Dupla";"Curva";"Sim";1;0;0;1;0;0;1;1;-19,83957589;-44,07684485;"SPRF-MG";"DEL01-MG";"UOP02-DEL01-MG"
404320;2021-12-27;"segunda-feira";"08:40:00";"SP";116;399,7;"MIRACATU";"Velocidade Incompatível";"Saída de leito carroçável";"Com Vítimas Feridas";"Pleno dia";"Crescente";"Chuva";"Dupla";"Curva";"Não";2;0;1;0;1;0;1;1;-24,30728143;-47,49617815;"SPRF-SP";"DEL04-SP";"UOP02-DEL04-SP"
404336;2021-12-27;"segunda-feira";"01:00:00";"BA";116;73;"CHORROCHO";"Demais falhas mecânicas ou elétricas";"Incêndio";"Sem Vítimas";"Plena Noite";"Decrescente";"Céu Claro";"Simples";"Reta";"Não";2;0;0;0;1;1;0;2;-9,21476805;-39,06775832;"SPRF-PE";"DEL05-PE";"UOP01-DEL05-PE"
404338;2021-12-27;"segunda-feira";"11:30:00";"SC";282;84,4;"ALFREDO WAGNER";"Condutor deixou de manter distância do veículo da frente";"Colisão traseira";"Com Vítimas Feridas";"Pleno dia";"Decrescente";"Céu Claro";"Simples";"Reta";"Não";3;0;1;0;2;0;1;3;-27,666992;-49,183552;"SPRF-SC";"DEL01-SC";"UOP03-DEL01-SC"
404339;2021-12-27;"segunda-feira";"12:10:00";"RJ";116;182;"NOVA IGUACU";"Ausência de reação do condutor";"Colisão traseira";"Com Vítimas Feridas";"Pleno dia";"Decrescente";"Céu Claro";"Dupla";"Reta";"Sim";8;0;2;0;5;1;2;6;-22,73866495;-43,4835434;"SPRF-RJ";"DEL01-RJ";"UOP02-DEL01-RJ"
404343;2021-12-27;"segunda-feira";"12:30:00";"SP";116;170;"JACAREI";"Velocidade Incompatível";"Colisão traseira";"Com Vítimas Feridas";"Pleno dia";"Crescente";"Chuva";"Dupla";"Declive;Reta";"Sim";4;0;0;2;1;1;2;3;-23,30794749;-46,0548351;"SPRF-SP";"DEL02-SP";"UOP01-DEL02-SP"
404344;2021-12-27;"segunda-feira";"11:00:00";"GO";60;133;"GOIANIA";"Demais falhas mecânicas ou elétricas";"Incêndio";"Sem Vítimas";"Pleno dia";"Crescente";"Céu Claro";"Dupla";"Reta";"Não";2;0;0;0;1;1;0;2;-16,589;-49,1945;"SPRF-GO";"DEL01-GO";"UOP01-DEL01-GO"
404349;2021-12-27;"segunda-feira";"11:30:00";"MT";364;578;"NOBRES";"Condutor deixou de manter distância do veículo da frente";"Colisão traseira";"Com Vítimas Feridas";"Pleno dia";"Crescente";"Céu Claro";"Dupla";"Reta";"Não";3;0;1;0;1;1;1;3;-14,67119997;-56,29964997;"SPRF-MT";"DEL01-MT";"UOP01-DEL01-MT"
404352;2021-12-27;"segunda-feira";"13:10:00";"PR";376;547;"BALSA NOVA";"Ausência de reação do condutor";"Engavetamento";"Sem Vítimas";"Pleno dia";"Crescente";"Céu Claro";"Dupla";"Aclive";"Não";6;0;0;0;5;2;0;7;-25,46046988;-49,73126984;"SPRF-PR";"DEL01-PR";"UOP03-DEL03-PR"
404355;2021-12-27;"segunda-feira";"13:42:00";"ES";101;159;"LINHARES";"Ingestão de álcool e/ou substâncias psicoativas pelo pedestre";"Colisão transversal";"Sem Vítimas";"Pleno dia";"Decrescente";"Chuva";"Simples";"Reta";"Não";2;0;0;0;1;1;0;2;-19,4684012;-40,1102557;"SPRF-ES";"DEL04-ES";"UOP01-DEL04-ES"
404356;2021-12-27;"segunda-feira";"14:00:00";"BA";116;833;"VITORIA DA CONQUISTA";"Condutor deixou de manter distância do veículo da frente";"Engavetamento";"Com Vítimas Feridas";"Pleno dia";"Decrescente";"Chuva";"Simples";"Reta";"Não";11;0;1;0;10;0;1;4;-14,935552;-40,890419;"SPRF-BA";"DEL08-BA";"UOP01-DEL08-BA"
404361;2021-12-27;"segunda-feira";"12:20:00";"MG";116;505,9;"INHAPIM";"Acessar a via sem observar a presença dos outros veículos";"Colisão transversal";"Com Vítimas Feridas";"Pleno dia";"Decrescente";"Céu Claro";"Simples";"Reta";"Não";2;0;1;0;1;0;1;2;-19,6030931;-42,11376783;"SPRF-MG";"DEL06-MG";"UOP02-DEL06-MG"
404368;2021-12-27;"segunda-feira";"14:15:00";"BA";242;811;"BARREIRAS";"Chuva";"Capotamento";"Sem Vítimas";"Pleno dia";"Decrescente";"Chuva";"Simples";"Curva";"Não";1;0;0;0;1;0;0;1;-12,1215273;-45,1430097;"SPRF-BA";"DEL10-BA";"UOP01-DEL10-BA"
404369;2021-12-27;"segunda-feira";"13:20:00";"PR";277;327;"GUARAPUAVA";"Velocidade Incompatível";"Colisão frontal";"Com Vítimas Fatais";"Pleno dia";"Crescente";"Céu Claro";"Simples";"Reta";"Não";5;2;1;1;1;0;2;2;-25,37473978;-51,28383636;"SPRF-PR";"DEL08-PR";"UOP01-DEL08-PR"
404372;2021-12-27;"segunda-feira";"16:00:00";"RJ";101;476;"ANGRA DOS REIS";"Condutor deixou de manter distância do veículo da frente";"Colisão traseira";"Com Vítimas Feridas";"Pleno dia";"Crescente";"Nublado";"Simples";"Reta";"Sim";3;0;1;0;1;1;1;3;-23,0055431;-44,26195833;"SPRF-RJ";"DEL03-RJ";"UOP03-DEL03-RJ"
404373;2021-12-25;"sábado";"02:45:00";"TO";153;778;"TALISMA";"Demais falhas mecânicas ou elétricas";"Colisão traseira";"Sem Vítimas";"Plena Noite";"Crescente";"Nublado";"Simples";"Reta";"Não";4;0;0;0;3;1;0;4;-12,62226301;-49,07092905;"SPRF-TO";"DEL01-TO";"UOP02-DEL01-TO"
404384;2021-12-27;"segunda-feira";"17:04:00";"CE";116;32;"AQUIRAZ";"Reação tardia ou ineficiente do condutor";"Colisão traseira";"Com Vítimas Feridas";"Pleno dia";"Crescente";"Céu Claro";"Dupla";"Reta";"Sim";3;0;1;0;2;0;1;2;-4,02676186;-38,51392889;"SPRF-CE";"DEL01-CE";"UOP02-DEL01-CE"
404401;2021-12-27;"segunda-feira";"19:30:00";"PI";402;67;"LUIS CORREIA";"Reação tardia ou ineficiente do condutor";"Colisão traseira";"Com Vítimas Feridas";"Plena Noite";"Crescente";"Céu Claro";"Simples";"Reta";"Não";4;0;1;0;3;0;1;2;-3,09575297;-41,52280199;"SPRF-PI";"DEL05-PI";"UOP01-DEL05-PI"
404403;2021-12-27;"segunda-feira";"19:45:00";"RS";116;252;"SAPUCAIA DO SUL";"Entrada inopinada do pedestre";"Atropelamento de Pedestre";"Com Vítimas Feridas";"Plena Noite";"Crescente";"Céu Claro";"Dupla";"Reta";"Sim";2;0;0;1;1;0;1;2;-29,80913395;-51,1675292;"SPRF-RS";"DEL01-RS";"UOP02-DEL01-RS"
404405;2021-12-27;"segunda-feira";"20:30:00";"MG";381;348;"JOAO MONLEVADE";"Manobra de mudança de faixa";"Colisão lateral mesmo sentido";"Com Vítimas Feridas";"Plena Noite";"Decrescente";"Nublado";"Simples";"Reta";"Não";9;0;6;1;2;0;7;2;-19,85243846;-43,14084419;"SPRF-MG";"DEL03-MG";"UOP01-DEL03-MG"
404406;2021-12-27;"segunda-feira";"20:40:00";"SP";116;103;"PINDAMONHANGABA";"Ingestão de álcool pelo condutor";"Colisão traseira";"Sem Vítimas";"Plena Noite";"Decrescente";"Céu Claro";"Dupla";"Declive";"Não";3;0;0;0;2;1;0;3;-22,99919465;-45,49788917;"SPRF-SP";"DEL08-SP";"UOP01-DEL08-SP"
404414;2021-12-27;"segunda-feira";"20:15:00";"PR";116;7;"CAMPINA GRANDE DO SUL";"Reação tardia ou ineficiente do condutor";"Colisão lateral mesmo sentido";"Com Vítimas Feridas";"Plena Noite";"Crescente";"Chuva";"Dupla";"Curva";"Não";5;0;3;0;2;0;3;2;-25,08248947;-48,61284971;"SPRF-PR";"DEL01-PR";"UOP02-DEL01-PR"
404416;2021-12-27;"segunda-feira";"20:45:00";"GO";153;516,3;"APARECIDA DE GOIANIA";"Acessar a via sem observar a presença dos outros veículos";"Colisão traseira";"Com Vítimas Feridas";"Plena Noite";"Decrescente";"Céu Claro";"Dupla";"Retorno Regulamentado";"Sim";4;0;1;0;2;1;1;3;-16,8504;-49,2473;"SPRF-GO";"DEL01-GO";"UOP03-DEL01-GO"
404417;2021-12-27;"segunda-feira";"20:05:00";"SC";280;189;"MAFRA";"Velocidade Incompatível";"Tombamento";"Com Vítimas Feridas";"Plena Noite";"Decrescente";"Nublado";"Simples";"Declive;Curva";"Não";2;0;1;0;0;1;1;2;-26,17527846;-49,97184598;"SPRF-SC";"DEL06-SC";"UOP01-DEL06-SC"
404418;2021-12-27;"segunda-feira";"18:45:00";"PR";277;421,5;"CANTAGALO";"Desrespeitar a preferência no cruzamento";"Colisão transversal";"Com Vítimas Feridas";"Anoitecer";"Crescente";"Céu Claro";"Simples";"Reta;Interseção de Vias";"Sim";5;0;3;0;1;2;3;4;-25,40516876;-52,09591501;"SPRF-PR";"DEL04-PR";"UOP02-DEL04-PR"
404420;2021-12-27;"segunda-feira";"20:45:00";"MT";70;253;"PRIMAVERA DO LESTE";"Objeto estático sobre o leito carroçável";"Colisão traseira";"Com Vítimas Feridas";"Plena Noite";"Decrescente";"Nublado";"Simples";"Reta";"Não";3;0;1;0;1;3;1;5;-15,62497323;-54,14088097;"SPRF-MT";"DEL05-MT";"UOP01-DEL05-MT"
404421;2021-12-27;"segunda-feira";"15:00:00";"RJ";116;229;"PIRAI";"Pista Escorregadia";"Colisão com objeto";"Com Vítimas Feridas";"Pleno dia";"Crescente";"Chuva";"Dupla";"Curva";"Sim";4;0;0;1;2;2;1;5;-22,65646622;-43,82206692;"SPRF-RJ";"DEL07-RJ";"UOP01-DEL07-RJ"
404425;2021-12-27;"segunda-feira";"22:50:00";"SP";116;504;"CAJATI";"Reação tardia ou ineficiente do condutor";"Colisão traseira";"Com Vítimas Feridas";"Plena Noite";"Decrescente";"Garoa/Chuvisco";"Dupla";"Curva";"Não";2;0;0;1;1;0;1;2;-24,796465;-48,208431;"SPRF-SP";"DEL05-SP";"UOP02-DEL05-SP"
404428;2021-12-27;"segunda-feira";"23:00:00";"MG";50;55;"UBERLANDIA";"Velocidade Incompatível";"Colisão com objeto";"Com Vítimas Feridas";"Plena Noite";"Crescente";"Nublado";"Dupla";"Declive;Curva";"Não";1;0;0;1;0;0;1;1;-18,78039;-48,23853;"SPRF-MG";"DEL15-MG";"UOP02-DEL15-MG"
404432;2021-12-27;"segunda-feira";"23:20:00";"RJ";116;275;"BARRA MANSA";"Demais falhas mecânicas ou elétricas";"Incêndio";"Sem Vítimas";"Plena Noite";"Decrescente";"Nublado";"Simples";"Reta";"Sim";2;0;0;0;1;1;0;2;-22,56207185;-44,15671311;"SPRF-RJ";"DEL07-RJ";"UOP02-DEL07-RJ"
404446;2021-12-28;"terça-feira";"05:15:00";"PA";10;255;"AURORA DO PARA";"Condutor Dormindo";"Colisão frontal";"Com Vítimas Fatais";"Plena Noite";"Crescente";"Nublado";"Simples";"Aclive;Reta";"Não";16;7;5;3;0;2;8;4;-2,20453199;-47,56186339;"SPRF-PA";"DEL02-PA";"UOP01-DEL02-PA"