"id";"data_inversa";"dia_semana";"horario";"uf";"br";"km";"municipio";"causa_acidente";"tipo_acidente";"classificacao_acidente";"fase_dia";"sentido_via";"condicao_metereologica";"tipo_pista";"tracado_via";"uso_solo";"pessoas";"mortos";"feridos_leves";"feridos_graves";"ilesos";"ignorados";"feridos";"veiculos";"latitude";"longitude";"regional";"delegacia";"uop"
408736;2021-12-20;"segunda-feira";"09:00:00";"GO";70;450;"ARAGARCAS";"Carga excessiva e/ou mal acondicionada";"Derramamento de carga";"Sem Vítimas";"Pleno dia";"Decrescente";"Céu Claro";"Simples";"Reta";"Não";2;0;0;0;1;1;0;2;-15,908299;-52,064264;"SPRF-GO";"DEL04-GO";"UOP01-DEL04-GO"
408756;2021-12-27;"segunda-feira";"17:00:00";"PR";153;503,5;"GENERAL CARNEIRO";"Pista Escorregadia";"Colisão frontal";"Com Vítimas Feridas";"Pleno dia";"Crescente";"Chuva";"Simples";"Reta";"Não";3;0;0;1;1;2;1;4;-26,57256129;-51,44622803;"SPRF-PR";"DEL02-PR";"UOP03-DEL02-PR"
409380;2021-10-09;"sábado";"07:00:00";"PR";376;381;"IMBAU";"Velocidade Incompatível";"Colisão traseira";"Com Vítimas Fatais";"Amanhecer";"Crescente";"Ignorado";"Simples";"Reta";"Não";2;1;0;0;1;0;0;2;-24,45974402;-50,75186703;"SPRF-PR";"DEL03-PR";"UOP02-DEL03-PR"
409392;2021-12-21;"terça-feira";"23:40:00";"MG";50;118,9;"UBERABA";"Ausência de reação do condutor";"Colisão traseira";"Com Vítimas Feridas";"Plena Noite";"Decrescente";"Céu Claro";"Dupla";"Retorno Regulamentado";"Não";4;0;1;1;1;2;2;4;-19,29129791;-48,11741979;"SPRF-MG";"DEL13-MG";"UOP01-DEL13-MG"
409400;2021-12-20;"segunda-feira";"17:30:00";"SC";101;155,1;"PORTO BELO";"Velocidade Incompatível";"Saída de leito carroçável";"Com Vítimas Feridas";"Pleno dia";"Crescente";"Nublado";"Simples";"Retorno Regulamentado";"Não";3;0;0;2;1;0;2;2;-27,16480525;-48,61200213;"SPRF-SC";"DEL04-SC";"UOP03-DEL04-SC"
409413;2021-12-17;"sexta-feira";"20:50:00";"GO";80;2;"PADRE BERNARDO";"Sinalização mal posicionada";"Tombamento";"Com Vítimas Feridas";"Plena Noite";"Crescente";"Chuva";"Simples";"Reta";"Não";2;0;1;0;0;2;1;3;-15,502505;-48,21132;"SPRF-DF";"DEL03-DF";"UOP02-DEL03-DF"
409489;2021-11-08;"segunda-feira";"11:00:00";"PR";277;394;"CANDOI";"Reação tardia ou ineficiente do condutor";"Saída de leito carroçável";"Com Vítimas Feridas";"Pleno dia";"Crescente";"Nublado";"Simples";"Curva";"Não";3;0;2;0;0;1;2;2;-25,44444496;-51,868045;"SPRF-PR";"DEL08-PR";"UOP01-DEL08-PR"
409495;2021-12-04;"sábado";"15:30:00";"MG";381;525;"BRUMADINHO";"Demais falhas mecânicas ou elétricas";"Colisão traseira";"Com Vítimas Feridas";"Pleno dia";"Crescente";"Nublado";"Dupla";"Curva";"Não";5;0;0;3;2;0;3;2;-20,16710798;-44,33422398;"SPRF-MG";"DEL04-MG";"UOP03-DEL04-MG"
409540;2021-12-28;"terça-feira";"10:00:00";"CE";116;5,5;"FORTALEZA";"Acessar a via sem observar a presença dos outros veículos";"Colisão transversal";"Com Vítimas Fatais";"Pleno dia";"Crescente";"Céu Claro";"Múltipla";"Reta";"Sim";3;1;1;0;1;0;1;2;-3,79467116;-38,50772734;"SPRF-CE";"DEL01-CE";"UOP02-DEL01-CE"
409615;2021-10-11;"segunda-feira";"04:50:00";"AL";101;52;"FLEXEIRAS";"Obstrução na via";"Tombamento";"Com Vítimas Feridas";"Pleno dia";"Decrescente";"Céu Claro";"Dupla";"Curva";"Não";2;0;1;0;0;1;1;2;-9,24928061;-35,75771436;"SPRF-AL";"DEL01-AL";"UOP02-DEL01-AL"
409659;2021-10-06;"quarta-feira";"19:20:00";"RS";386;154,6;"ALMIRANTE TAMANDARE DO SUL";"Chuva";"Saída de leito carroçável";"Com Vítimas Feridas";"Anoitecer";"Decrescente";"Chuva";"Simples";"Curva";"Não";1;0;0;1;0;0;1;1;-28,117487;-52,853813;"SPRF-RS";"DEL08-RS";"UOP01-DEL08-RS"
409663;2021-12-14;"terça-feira";"13:30:00";"PI";343;236,5;"COCAL DE TELHA";"Condutor Dormindo";"Tombamento";"Com Vítimas Feridas";"Pleno dia";"Decrescente";"Céu Claro";"Simples";"Reta";"Não";2;0;1;0;0;1;1;2;-4,633632;-42,024948;"SPRF-PI";"DEL01-PI";"UOP03-DEL01-PI"
409664;2021-11-12;"sexta-feira";"08:30:00";"PI";316;7,6;"TERESINA";"Condutor deixou de manter distância do veículo da frente";"Colisão traseira";"Com Vítimas Feridas";"Pleno dia";"Decrescente";"Sol";"Simples";"Aclive;Reta";"Sim";4;0;1;0;2;2;1;5;-5,15584638;-42,77173332;"SPRF-PI";"DEL01-PI";"UOP02-DEL01-PI"
409680;2021-12-03;"sexta-feira";"08:10:00";"CE";20;207;"BOA VIAGEM";"Acessar a via sem observar a presença dos outros veículos";"Colisão transversal";"Com Vítimas Feridas";"Pleno dia";"Crescente";"Céu Claro";"Simples";"Reta";"Sim";3;0;2;0;1;0;2;2;-5,10172399;-39,71503303;"SPRF-CE";"DEL02-CE";"UOP02-DEL02-CE"
409752;2021-12-18;"sábado";"05:00:00";"PA";308;202;"BRAGANCA";"Acesso irregular";"Colisão frontal";"Com Vítimas Fatais";"Plena Noite";"Decrescente";"Ignorado";"Simples";"Reta";"Sim";3;2;0;0;1;0;0;2;-1,06532445;-46,77747689;"SPRF-PA";"DEL01-PA";"UOP03-DEL01-PA"
409763;2021-09-05;"domingo";"03:20:00";"RJ";116;53;"TERESOPOLIS";"Condutor Dormindo";"Tombamento";"Com Vítimas Feridas";"Plena Noite";"Crescente";"Céu Claro";"Simples";"Curva";"Não";2;0;0;1;0;1;1;2;-22,20141446;-42,87189678;"SPRF-RJ";"DEL04-RJ";"UOP01-DEL04-RJ"
409830;2021-12-29;"quarta-feira";"12:45:00";"PR";376;375;"ORTIGUEIRA";"Condutor deixou de manter distância do veículo da frente";"Colisão traseira";"Com Vítimas Feridas";"Pleno dia";"Crescente";"Céu Claro";"Simples";"Reta";"Não";5;0;0;1;3;1;1;3;-24,41657128;-50,78151322;"SPRF-PR";"DEL07-PR";"UOP02-DEL07-PR"
409833;2021-11-22;"segunda-feira";"05:00:00";"BA";324;580;"CANDEIAS";"Reação tardia ou ineficiente do condutor";"Saída de leito carroçável";"Com Vítimas Feridas";"Amanhecer";"Decrescente";"Céu Claro";"Dupla";"Reta";"Não";2;0;0;1;1;0;1;2;-12,61410738;-38,48653972;"SPRF-BA";"DEL01-BA";"UOP01-DEL01-BA"
409879;2021-12-19;"domingo";"07:50:00";"BA";418;101,5;"NOVA VICOSA";"Manobra de mudança de faixa";"Colisão frontal";"Com Vítimas Fatais";"Pleno dia";"Crescente";"Céu Claro";"Simples";"Reta";"Não";3;1;0;0;1;1;0;3;-17,90705273;-39,95412296;"SPRF-BA";"DEL09-BA";"UOP02-DEL09-BA"
409883;2021-09-11;"sábado";"19:15:00";"MT";364;493,2;"JANGADA";"Reação tardia ou ineficiente do condutor";"Colisão lateral sentido oposto";"Com Vítimas Fatais";"Plena Noite";"Crescente";"Céu Claro";"Simples";"Reta";"Sim";3;2;0;0;0;1;0;2;-15,30106797;-56,43607915;"SPRF-MT";"DEL01-MT";"UOP02-DEL01-MT"
409990;2021-11-11;"quinta-feira";"08:00:00";"RS";392;52;"RIO GRANDE";"Condutor deixou de manter distância do veículo da frente";"Colisão traseira";"Com Vítimas Feridas";"Pleno dia";"Crescente";"Céu Claro";"Múltipla";"Reta";"Não";2;0;1;0;0;1;1;2;-31,85621898;-52,32534987;"SPRF-RS";"DEL07-RS";"UOP02-DEL07-RS"
409996;2021-11-17;"quarta-feira";"12:50:00";"PR";277;42,4;"MORRETES";"Ausência de reação do condutor";"Colisão traseira";"Com Vítimas Feridas";"Pleno dia";"Decrescente";"Céu Claro";"Dupla";"Curva;Declive";"Não";5;0;2;0;2;3;2;7;-25,57361239;-48,84469597;"SPRF-PR";"DEL01-PR";"UOP05-DEL01-PR"
410008;2021-11-17;"quarta-feira";"06:00:00";"PI";407;500,3;"PATOS DO PIAUI";"Condutor Dormindo";"Saída de leito carroçável";"Com Vítimas Feridas";"Amanhecer";"Crescente";"Céu Claro";"Simples";"Reta";"Não";2;0;1;1;0;0;2;1;-7,58481979;-41,30282445;"SPRF-PI";"DEL04-PI";"UOP01-DEL04-PI"
410035;2021-11-26;"sexta-feira";"12:50:00";"SC";101;119;"ITAJAI";"Acessar a via sem observar a presença dos outros veículos";"Colisão transversal";"Com Vítimas Feridas";"Pleno dia";"Decrescente";"Céu Claro";"Dupla";"Reta";"Sim";3;0;0;1;1;1;1;3;-26,9043179;-48,71555481;"SPRF-SC";"DEL04-SC";"UOP04-DEL04-SC"
410163;2021-12-20;"segunda-feira";"08:10:00";"PB";101;83;"BAYEUX";"Condutor deixou de manter distância do veículo da frente";"Colisão traseira";"Com Vítimas Feridas";"Pleno dia";"Crescente";"Sol";"Dupla";"Viaduto;Reta";"Sim";2;0;0;1;1;0;1;2;-7,1317207;-34,93214484;"SPRF-PB";"DEL01-PB";"UOP01-DEL01-PB"
410171;2021-12-16;"quinta-feira";"19:30:00";"CE";116;121,7;"RUSSAS";"Ultrapassagem Indevida";"Colisão frontal";"Com Vítimas Feridas";"Plena Noite";"Decrescente";"Céu Claro";"Simples";"Reta";"Não";2;0;0;1;1;0;1;2;-4,63382974;-38,16931174;"SPRF-CE";"DEL03-CE";"UOP01-DEL03-CE"
410174;2021-11-15;"segunda-feira";"14:30:00";"RJ";101;277;"TANGUA";"Trafegar com motocicleta (ou similar) entre as faixas";"Colisão traseira";"Com Vítimas Feridas";"Pleno dia";"Crescente";"Céu Claro";"Dupla";"Reta";"Sim";6;0;0;2;2;2;2;5;-22,73943906;-42,748279;"SPRF-RJ";"DEL02-RJ";"UOP03-DEL02-RJ"
410186;2021-12-20;"segunda-feira";"10:20:00";"PE";101;43;"IGARASSU";"Manobra de mudança de faixa";"Colisão lateral mesmo sentido";"Sem Vítimas";"Pleno dia";"Crescente";"Céu Claro";"Múltipla";"Reta";"Sim";2;0;0;0;2;0;0;2;-7,84753808;-34,90977038;"SPRF-PE";"DEL01-PE";"UOP02-DEL01-PE"
410212;2021-11-23;"terça-feira";"16:40:00";"RO";364;67,5;"VILHENA";"Ultrapassagem Indevida";"Colisão frontal";"Com Vítimas Fatais";"Pleno dia";"Crescente";"Céu Claro";"Simples";"Reta";"Não";3;1;0;0;1;3;0;5;-12,49360298;-60,49190893;"SPRF-RO";"DEL04-RO";"UOP01-DEL04-RO"
410245;2021-12-04;"sábado";"05:30:00";"MA";10;120;"ESTREITO";"Objeto estático sobre o leito carroçável";"Saída de leito carroçável";"Com Vítimas Feridas";"Amanhecer";"Crescente";"Céu Claro";"Simples";"Curva";"Não";2;0;1;0;0;1;1;2;-6,63316;-47,421977;"SPRF-MA";"DEL04-MA";"UOP02-DEL04-MA"
410416;2021-12-01;"quarta-feira";"19:00:00";"PB";101;122,8;"CAAPORA";"Velocidade Incompatível";"Tombamento";"Com Vítimas Feridas";"Plena Noite";"Crescente";"Céu Claro";"Dupla";"Reta";"Não";3;0;0;1;1;1;1;2;-7,45038197;-34,97994215;"SPRF-PB";"DEL01-PB";"UOP02-DEL01-PB"
410462;2021-11-03;"quarta-feira";"16:53:00";"PA";230;179;"ITUPIRANGA";"Ultrapassagem Indevida";"Colisão frontal";"Com Vítimas Fatais";"Pleno dia";"Crescente";"Céu Claro";"Simples";"Reta";"Não";4;2;0;0;0;2;0;4;-5,073683;-49,434614;"SPRF-PA";"DEL03-PA";"UOP01-DEL03-PA"
410689;2021-10-04;"segunda-feira";"05:10:00";"SC";116;139;"SANTA CECILIA";"Velocidade Incompatível";"Colisão transversal";"Com Vítimas Feridas";"Plena Noite";"Crescente";"Chuva";"Simples";"Interseção de Vias";"Sim";3;0;1;0;1;1;1;3;-26,96007677;-50,41626976;"SPRF-SC";"DEL06-SC";"UOP02-DEL06-SC"
410847;2021-11-01;"segunda-feira";"18:40:00";"MT";158;354,4;"BOM JESUS DO ARAGUAIA";"Acesso irregular";"Colisão frontal";"Com Vítimas Feridas";"Plena Noite";"Crescente";"Chuva";"Simples";"Reta";"Não";9;0;4;2;1;3;6;7;-12,36758693;-51,7410214;"SPRF-MT";"DEL07-MT";"UOP02-DEL07-MT"
410853;2021-12-01;"quarta-feira";"18:45:00";"BA";242;713;"CRISTOPOLIS";"Animais na Pista";"Atropelamento de Animal";"Com Vítimas Feridas";"Plena Noite";"Decrescente";"Céu Claro";"Simples";"Reta";"Não";4;0;1;1;1;1;2;4;-12,22244307;-44,115328;"SPRF-BA";"DEL06-BA";"UOP03-DEL06-BA"
410866;2021-06-01;"terça-feira";"01:20:00";"PI";343;42;"BURITI DOS LOPES";"Velocidade Incompatível";"Capotamento";"Sem Vítimas";"Plena Noite";"Crescente";"Céu Claro";"Simples";"Curva";"Não";2;0;0;0;1;2;0;3;-3,16314113;-41,82289124;"SPRF-PI";"DEL05-PI";"UOP01-DEL05-PI"
410874;2021-12-07;"terça-feira";"06:40:00";"ES";101;277;"SERRA";"Desrespeitar a preferência no cruzamento";"Colisão transversal";"Com Vítimas Feridas";"Pleno dia";"Decrescente";"Céu Claro";"Múltipla";"Reta";"Sim";3;0;2;0;0;1;2;3;-20,21702931;-40,32944798;"SPRF-ES";"DEL02-ES";"UOP01-DEL02-ES"
410909;2021-12-08;"quarta-feira";"05:50:00";"MG";381;373,8;"SAO GONCALO DO RIO ABAIXO";"Transitar na contramão";"Colisão lateral mesmo sentido";"Com Vítimas Fatais";"Amanhecer";"Decrescente";"Chuva";"Simples";"Reta";"Não";5;1;0;2;0;3;2;6;-19,83992808;-43,3214812;"SPRF-MG";"DEL01-MG";"UOP01-DEL01-MG"
410910;2021-10-16;"sábado";"13:00:00";"PA";230;663;"ALTAMIRA";"Ausência de reação do condutor";"Tombamento";"Com Vítimas Feridas";"Pleno dia";"Decrescente";"Sol";"Simples";"Declive";"Não";2;0;0;1;0;1;1;2;-3,24993756;-52,33855404;"SPRF-PA";"DEL04-PA";"UOP01-DEL04-PA"
410940;2021-12-18;"sábado";"08:30:00";"PA";230;752;"MEDICILANDIA";"Transitar na contramão";"Colisão frontal";"Com Vítimas Feridas";"Pleno dia";"Crescente";"Céu Claro";"Dupla";"Reta";"Não";2;0;1;1;0;0;2;2;-3,47780369;-52,95180439;"SPRF-PA";"DEL04-PA";"UOP01-DEL04-PA"
410992;2021-12-03;"sexta-feira";"17:00:00";"GO";60;29,9;"ALEXANIA";"Acumulo de água sobre o pavimento";"Saída de leito carroçável";"Com Vítimas Feridas";"Pleno dia";"Crescente";"Chuva";"Dupla";"Reta;Declive";"Não";12;0;6;1;4;1;7;7;-16,0977;-48,4812;"SPRF-DF";"DEL03-DF";"UOP01-DEL03-DF"
411010;2021-10-01;"sexta-feira";"11:20:00";"MG";381;589,5;"CARMOPOLIS DE MINAS";"Acessar a via sem observar a presença dos outros veículos";"Colisão lateral mesmo sentido";"Com Vítimas Feridas";"Pleno dia";"Decrescente";"Céu Claro";"Dupla";"Reta";"Sim";2;0;1;0;1;0;1;2;-20,56175976;-44,66523212;"SPRF-MG";"DEL04-MG";"UOP01-DEL04-MG"
411020;2021-04-06;"terça-feira";"10:45:00";"PR";277;142,2;"BALSA NOVA";"Manobra de mudança de faixa";"Colisão transversal";"Sem Vítimas";"Pleno dia";"Decrescente";"Céu Claro";"Múltipla";"Reta";"Não";3;0;0;0;2;1;0;3;-25,4702366;-49,7247563;"SPRF-PR";"DEL01-PR";"UOP03-DEL03-PR"
411025;2021-10-05;"terça-feira";"07:00:00";"MG";381;923;"CAMANDUCAIA";"Velocidade Incompatível";"Colisão transversal";"Com Vítimas Feridas";"Pleno dia";"Decrescente";"Sol";"Dupla";"Retorno Regulamentado";"Não";3;0;0;1;1;1;1;3;-22,7671484;-46,22667493;"SPRF-MG";"DEL16-MG";"UOP03-DEL16-MG"
411028;2021-09-09;"quinta-feira";"07:10:00";"MG";459;99,4;"POUSO ALEGRE";"Ausência de reação do condutor";"Colisão traseira";"Com Vítimas Feridas";"Pleno dia";"Decrescente";"Sol";"Dupla";"Reta";"Não";3;0;1;0;1;1;1;3;-22,203484;-45,951649;"SPRF-MG";"DEL16-MG";"UOP01-DEL16-MG"
411032;2021-12-27;"segunda-feira";"19:00:00";"BA";101;36;"ESPLANADA";"Ingestão de álcool pelo condutor";"Colisão frontal";"Com Vítimas Feridas";"Plena Noite";"Decrescente";"Céu Claro";"Simples";"Reta;Declive;Interseção de Vias";"Sim";3;0;1;0;1;1;1;3;-11,82457761;-37,98451325;"SPRF-SE";"DEL02-SE";"UOP03-DEL02-SE"
411052;2021-12-28;"terça-feira";"15:42:00";"PA";316;21;"BENEVIDES";"Acessar a via sem observar a presença dos outros veículos";"Colisão transversal";"Com Vítimas Fatais";"Pleno dia";"Crescente";"Garoa/Chuvisco";"Dupla";"Reta";"Sim";2;1;0;0;1;0;0;2;-1,36097138;-48,26241527;"SPRF-PA";"DEL01-PA";"UOP01-DEL01-PA"
411154;2021-11-24;"quarta-feira";"02:00:00";"SC";282;179,8;"BOCAINA DO SUL";"Condutor deixou de manter distância do veículo da frente";"Colisão traseira";"Com Vítimas Feridas";"Plena Noite";"Crescente";"Céu Claro";"Simples";"Reta";"Não";5;0;3;0;2;0;3;2;-27,740141;-49,930519;"SPRF-SC";"DEL05-SC";"UOP01-DEL05-SC"
411173;2021-12-30;"quinta-feira";"04:20:00";"SP";116;215;"GUARULHOS";"Estacionar ou parar em local proibido";"Colisão traseira";"Com Vítimas Fatais";"Amanhecer";"Crescente";"Nublado";"Múltipla";"Reta";"Sim";3;1;0;0;1;1;0;3;-23,44695693;-46,45394103;"SPRF-SP";"DEL01-SP";"UOP01-DEL01-SP"
411188;2021-11-26;"sexta-feira";"12:30:00";"MT";174;429;"NOVA LACERDA";"Acostamento em desnível";"Saída de leito carroçável";"Com Vítimas Feridas";"Pleno dia";"Crescente";"Céu Claro";"Simples";"Reta";"Não";4;0;1;0;0;4;1;4;-14,14879294;-59,70531278;"SPRF-MT";"DEL04-MT";"UOP01-DEL04-MT"
411200;2021-11-07;"domingo";"19:40:00";"PR";373;415;"CANDOI";"Velocidade Incompatível";"Colisão lateral mesmo sentido";"Com Vítimas Fatais";"Plena Noite";"Decrescente";"Nublado";"Simples";"Reta";"Sim";2;1;0;0;1;0;0;2;-25,6692179;-52,1228802;"SPRF-PR";"DEL08-PR";"UOP01-DEL08-PR"
411211;2021-12-31;"sexta-feira";"05:20:00";"BA";101;376;"IBIRAPITANGA";"Condutor Dormindo";"Colisão frontal";"Com Vítimas Fatais";"Amanhecer";"Decrescente";"Céu Claro";"Simples";"Aclive";"Não";3;1;0;1;1;0;1;2;-13,95803902;-39,48365202;"SPRF-BA";"DEL05-BA";"UOP03-DEL05-BA"
411284;2021-12-11;"sábado";"00:30:00";"MT";163;735;"SORRISO";"Avarias e/ou desgaste excessivo no pneu";"Tombamento";"Sem Vítimas";"Plena Noite";"Crescente";"Nublado";"Simples";"Reta";"Não";2;0;0;0;1;2;0;3;-12,68127438;-55,7963648;"SPRF-MT";"DEL06-MT";"UOP01-DEL06-MT"
411332;2021-11-28;"domingo";"14:40:00";"MG";40;786,9;"JUIZ DE FORA";"Ausência de reação do condutor";"Colisão traseira";"Com Vítimas Feridas";"Pleno dia";"Decrescente";"Céu Claro";"Dupla";"Curva";"Não";4;0;1;0;2;1;1;3;-21,75149022;-43,44528891;"SPRF-MG";"DEL05-MG";"UOP01-DEL05-MG"
411354;2021-11-17;"quarta-feira";"02:40:00";"PR";277;139,4;"BALSA NOVA";"Velocidade Incompatível";"Tombamento";"Com Vítimas Fatais";"Plena Noite";"Crescente";"Céu Claro";"Dupla";"Curva";"Não";2;1;0;0;0;1;0;2;-25,47525221;-49,72076297;"SPRF-PR";"DEL01-PR";"UOP03-DEL03-PR"
411441;2021-12-03;"sexta-feira";"04:40:00";"MA";135;75,4;"SANTA RITA";"Velocidade Incompatível";"Colisão lateral sentido oposto";"Com Vítimas Fatais";"Plena Noite";"Decrescente";"Céu Claro";"Simples";"Reta";"Sim";3;1;0;0;1;1;0;3;-3,1813069;-44,34687119;"SPRF-MA";"DEL01-MA";"UOP02-DEL01-MA"
411496;2021-12-18;"sábado";"00:30:00";"PI";230;207;"OEIRAS";"Transitar na contramão";"Colisão lateral sentido oposto";"Com Vítimas Fatais";"Plena Noite";"Decrescente";"Céu Claro";"Simples";"Reta";"Não";2;1;0;0;0;1;0;2;-7,03420712;-42,20202377;"SPRF-PI";"DEL03-PI";"UOP01-DEL03-PI"
411543;2021-11-18;"quinta-feira";"05:20:00";"RJ";116;188;"QUEIMADOS";"Condutor deixou de manter distância do veículo da frente";"Colisão traseira";"Com Vítimas Feridas";"Amanhecer";"Decrescente";"Céu Claro";"Dupla";"Reta";"Sim";2;0;0;1;1;0;1;2;-22,73565685;-43,55117798;"SPRF-RJ";"DEL01-RJ";"UOP02-DEL01-RJ"
411546;2021-10-27;"quarta-feira";"18:00:00";"MT";163;844;"SINOP";"Desrespeitar a preferência no cruzamento";"Colisão transversal";"Com Vítimas Feridas";"Anoitecer";"Crescente";"Céu Claro";"Simples";"Reta;Interseção de Vias";"Não";3;0;0;1;1;3;1;5;-11,7780869;-55,473569;"SPRF-MT";"DEL06-MT";"NPF/DEL06-MT"
411547;2021-12-27;"segunda-feira";"17:30:00";"MA";222;275,4;"ARARI";"Ausência de reação do condutor";"Saída de leito carroçável";"Com Vítimas Feridas";"Pleno dia";"Decrescente";"Céu Claro";"Simples";"Reta";"Não";1;0;1;0;0;0;1;1;-3,4624386;-44,77617568;"SPRF-MA";"DEL01-MA";"UOP02-DEL01-MA"
411607;2021-12-07;"terça-feira";"05:00:00";"RJ";40;95;"DUQUE DE CAXIAS";"Demais falhas mecânicas ou elétricas";"Incêndio";"Sem Vítimas";"Amanhecer";"Crescente";"Céu Claro";"Múltipla";"Curva";"Não";2;0;0;0;1;1;0;2;-22,56473883;-43,2702971;"SPRF-RJ";"DEL01-RJ";"UOP01-DEL01-RJ"
411695;2021-12-23;"quinta-feira";"08:50:00";"MG";262;387;"JUATUBA";"Ausência de reação do condutor";"Colisão traseira";"Com Vítimas Feridas";"Pleno dia";"Crescente";"Céu Claro";"Dupla";"Curva";"Não";3;0;2;0;1;0;2;2;-19,93472988;-44,43457599;"SPRF-MG";"DEL01-MG";"UOP03-DEL01-MG"
411716;2021-12-03;"sexta-feira";"09:30:00";"SC";101;207;"SAO JOSE";"Trafegar com motocicleta (ou similar) entre as faixas";"Colisão lateral mesmo sentido";"Com Vítimas Feridas";"Pleno dia";"Crescente";"Nublado";"Dupla";"Reta";"Sim";3;0;1;0;1;1;1;3;-27,60001226;-48,6226467;"SPRF-SC";"DEL01-SC";"UOP01-DEL01-SC"
411748;2021-12-04;"sábado";"19:50:00";"SP";116;503;"CAJATI";"Ausência de reação do condutor";"Colisão lateral mesmo sentido";"Com Vítimas Feridas";"Anoitecer";"Crescente";"Céu Claro";"Simples";"Curva";"Sim";3;0;1;0;1;1;1;3;-24,77541893;-48,20947907;"SPRF-SP";"DEL05-SP";"UOP02-DEL05-SP"
411785;2021-12-05;"domingo";"19:00:00";"RO";364;666;"CANDEIAS DO JAMARI";"Manobra de mudança de faixa";"Colisão frontal";"Com Vítimas Fatais";"Plena Noite";"Crescente";"Chuva";"Simples";"Curva";"Não";4;1;0;1;1;3;1;5;-8,78266705;-63,47356209;"SPRF-RO";"DEL01-RO";"UOP01-DEL01-RO"
411786;2021-11-06;"sábado";"19:50:00";"RJ";101;44;"CAMPOS DOS GOYTACAZES";"Transitar no acostamento";"Colisão transversal";"Com Vítimas Feridas";"Plena Noite";"Decrescente";"Céu Claro";"Simples";"Reta";"Sim";2;0;0;1;1;0;1;2;-21,58105081;-41,32049278;"SPRF-RJ";"DEL08-RJ";"UOP01-DEL08-RJ"
411910;2021-12-13;"segunda-feira";"18:45:00";"RS";285;76,6;"BOM JESUS";"Velocidade Incompatível";"Tombamento";"Com Vítimas Feridas";"Anoitecer";"Crescente";"Céu Claro";"Simples";"Curva";"Não";2;0;1;0;0;2;1;3;-28,641621;-50,563793;"SPRF-RS";"DEL05-RS";"UOP03-DEL05-RS"
411922;2021-11-10;"quarta-feira";"10:30:00";"BA";0;0;"JEQUIE";"Demais falhas mecânicas ou elétricas";"Incêndio";"Sem Vítimas";"Pleno dia";"Não Informado";"Céu Claro";"Simples";"Aclive";"Não";1;0;0;0;1;0;0;1;-13,98404476;-40,17665863;"SPRF-BA";"DEL03-BA";"UOP01-DEL03-BA"
412160;2021-11-05;"sexta-feira";"18:30:00";"AM";230;616;"HUMAITA";"Conversão proibida";"Colisão traseira";"Com Vítimas Feridas";"Plena Noite";"Crescente";"Céu Claro";"Simples";"Reta";"Sim";2;0;0;1;1;0;1;2;-7,536155;-63,057424;"SPRF-AM";"DEL01-AM";"UOP05-DEL01-AM"
412176;2021-11-10;"quarta-feira";"06:30:00";"MG";262;593,3;"CAMPOS ALTOS";"Velocidade Incompatível";"Colisão transversal";"Com Vítimas Feridas";"Pleno dia";"Crescente";"Chuva";"Simples";"Reta";"Não";3;0;0;1;1;5;1;7;-19,666414;-46,16032;"SPRF-MG";"DEL08-MG";"UOP02-DEL08-MG"
412210;2021-11-01;"segunda-feira";"03:40:00";"PI";316;276;"DOM EXPEDITO LOPES";"Transitar na contramão";"Colisão frontal";"Com Vítimas Fatais";"Anoitecer";"Crescente";"Céu Claro";"Simples";"Curva";"Não";3;1;1;1;0;0;2;2;-6,95650818;-41,71931513;"SPRF-PI";"DEL04-PI";"UOP01-DEL04-PI"
412272;2021-12-09;"quinta-feira";"16:20:00";"PE";423;56,6;"LAJEDO";"Manobra de mudança de faixa";"Colisão transversal";"Com Vítimas Fatais";"Pleno dia";"Decrescente";"Céu Claro";"Simples";"Reta";"Sim";4;1;0;1;1;1;1;3;-8,62399689;-36,3013734;"SPRF-PE";"DEL03-PE";"UOP01-DEL03-PE"
412277;2021-11-13;"sábado";"20:30:00";"MG";365;59,8;"JEQUITAI";"Reação tardia ou ineficiente do condutor";"Saída de leito carroçável";"Com Vítimas Feridas";"Plena Noite";"Crescente";"Chuva";"Simples";"Reta";"Não";2;0;0;1;0;1;1;2;-17,00314466;-44,28816022;"SPRF-MG";"DEL12-MG";"UOP01-DEL12-MG"
412331;2021-12-02;"quinta-feira";"16:30:00";"MA";316;112,3;"SANTA LUZIA DO PARUA";"Acessar a via sem observar a presença dos outros veículos";"Colisão frontal";"Com Vítimas Feridas";"Pleno dia";"Decrescente";"Ignorado";"Simples";"Reta";"Sim";2;0;0;1;1;0;1;2;-2,52149;-45,781441;"SPRF-MA";"DEL02-MA";"UOP02-DEL02-MA"
412519;2021-06-25;"sexta-feira";"11:00:00";"MG";365;446;"GUIMARANIA";"Condutor deixou de manter distância do veículo da frente";"Colisão traseira";"Com Vítimas Feridas";"Pleno dia";"Crescente";"Céu Claro";"Simples";"Reta";"Não";3;0;0;2;0;1;2;2;-18,82615544;-46,7900619;"SPRF-MG";"DEL10-MG";"UOP01-DEL10-MG"
412606;2021-10-13;"quarta-feira";"20:05:00";"SP";381;55;"MAIRIPORA";"Demais falhas mecânicas ou elétricas";"Incêndio";"Sem Vítimas";"Plena Noite";"Crescente";"Céu Claro";"Dupla";"Aclive;Reta";"Não";2;0;0;0;1;1;0;2;-23,25207404;-46,59480386;"SPRF-SP";"DEL03-SP";"UOP01-DEL03-SP"