"id";"data_inversa";"dia_semana";"horario";"uf";"br";"km";"municipio";"causa_acidente";"tipo_acidente";"classificacao_acidente";"fase_dia";"sentido_via";"condicao_metereologica";"tipo_pista";"tracado_via";"uso_solo";"pessoas";"mortos";"feridos_leves";"feridos_graves";"ilesos";"ignorados";"feridos";"veiculos";"latitude";"longitude";"regional";"delegacia";"uop"
422183;2021-12-25;"sábado";"01:50:00";"ES";101;16,8;"PEDRO CANARIO";"Transitar na contramão";"Colisão lateral sentido oposto";"Com Vítimas Feridas";"Plena Noite";"Crescente";"Chuva";"Simples";"Aclive";"Não";6;0;2;1;3;0;3;2;-18,30705804;-39,95727392;"SPRF-ES";"DEL04-ES";"UOP02-DEL04-ES"
422278;2021-08-11;"quarta-feira";"05:15:00";"PR";373;406;"CANDOI";"Transitar na contramão";"Colisão frontal";"Com Vítimas Feridas";"Amanhecer";"Crescente";"Nublado";"Simples";"Reta";"Não";2;0;0;1;1;0;1;2;-25,61612487;-52,06309407;"SPRF-PR";"DEL08-PR";"UOP01-DEL08-PR"
422417;2021-12-07;"terça-feira";"22:40:00";"MG";251;334;"FRUTA DE LEITE";"Velocidade Incompatível";"Derramamento de carga";"Sem Vítimas";"Plena Noite";"Decrescente";"Ignorado";"Simples";"Declive;Curva";"Não";2;0;0;0;1;1;0;2;-16,18919078;-42,34033763;"SPRF-MG";"DEL12-MG";"UOP01-DEL12-MG"
422443;2021-06-01;"terça-feira";"14:00:00";"RO";364;15;"VILHENA";"Acessar a via sem observar a presença dos outros veículos";"Colisão lateral mesmo sentido";"Sem Vítimas";"Pleno dia";"Decrescente";"Céu Claro";"Dupla";"Retorno Regulamentado";"Sim";3;0;0;0;3;0;0;2;-12,73672751;-60,14804088;"SPRF-RO";"DEL04-RO";"UOP01-DEL04-RO"
422520;2021-08-15;"domingo";"22:40:00";"CE";222;302;"TIANGUA";"Velocidade Incompatível";"Colisão lateral sentido oposto";"Sem Vítimas";"Plena Noite";"Decrescente";"Céu Claro";"Simples";"Curva";"Não";2;0;0;0;1;1;0;2;-3,66080397;-40,94779895;"SPRF-CE";"DEL04-CE";"UOP02-DEL04-CE"
422612;2021-12-20;"segunda-feira";"10:50:00";"MG";50;95,5;"UBERLANDIA";"Reação tardia ou ineficiente do condutor";"Colisão traseira";"Com Vítimas Feridas";"Pleno dia";"Decrescente";"Céu Claro";"Dupla";"Reta";"Não";6;0;2;1;2;1;3;4;-19,099675;-48,181529;"SPRF-MG";"DEL15-MG";"UOP01-DEL15-MG"
423177;2021-12-21;"terça-feira";"19:00:00";"MG";381;448;"SABARA";"Pedestre cruzava a pista fora da faixa";"Atropelamento de Pedestre";"Com Vítimas Fatais";"Plena Noite";"Crescente";"Céu Claro";"Simples";"Reta";"Não";2;1;0;0;1;0;0;2;-19,82390099;-43,81884098;"SPRF-MG";"DEL01-MG";"UOP01-DEL01-MG"
423379;2021-08-29;"domingo";"09:10:00";"MG";153;0;"ARAPORA";"Ausência de reação do condutor";"Colisão frontal";"Com Vítimas Feridas";"Pleno dia";"Crescente";"Sol";"Dupla";"Ponte";"Não";6;0;2;1;3;0;3;4;-18,41758;-49,194427;"SPRF-MG";"DEL15-MG";"UOP03-DEL15-MG"
423419;2021-11-16;"terça-feira";"15:30:00";"MG";50;70;"UBERLANDIA";"Condutor deixou de manter distância do veículo da frente";"Engavetamento";"Com Vítimas Feridas";"Pleno dia";"Decrescente";"Céu Claro";"Dupla";"Reta";"Sim";4;0;1;0;3;0;1;4;-18,85140204;-48,25345932;"SPRF-MG";"DEL15-MG";"UOP01-DEL15-MG"
423462;2021-11-01;"segunda-feira";"15:30:00";"MG";40;462,9;"SETE LAGOAS";"Chuva";"Colisão traseira";"Com Vítimas Feridas";"Pleno dia";"Crescente";"Chuva";"Dupla";"Reta;Declive";"Não";4;0;3;0;1;0;3;2;-19,4112429;-44,33894875;"SPRF-MG";"DEL02-MG";"UOP01-DEL02-MG"
423878;2021-10-23;"sábado";"13:20:00";"PR";376;340;"ORTIGUEIRA";"Transitar na contramão";"Colisão frontal";"Com Vítimas Fatais";"Pleno dia";"Crescente";"Nublado";"Simples";"Declive;Curva";"Não";4;2;0;0;0;2;0;4;-24,172815;-50,966601;"SPRF-PR";"DEL07-PR";"UOP02-DEL07-PR"
424090;2021-11-14;"domingo";"02:30:00";"MG";262;94,1;"ABRE CAMPO";"Acessar a via sem observar a presença dos outros veículos";"Colisão transversal";"Com Vítimas Feridas";"Pleno dia";"Decrescente";"Nublado";"Simples";"Curva";"Sim";3;0;0;1;1;1;1;3;-20,30652672;-42,46614933;"SPRF-MG";"DEL03-MG";"UOP03-DEL03-MG"
424526;2021-12-31;"sexta-feira";"16:15:00";"MG";381;344;"BELA VISTA DE MINAS";"Velocidade Incompatível";"Colisão frontal";"Com Vítimas Feridas";"Pleno dia";"Crescente";"Chuva";"Simples";"Curva";"Não";5;0;2;1;1;1;3;3;-19,85986781;-43,11280984;"SPRF-MG";"DEL03-MG";"UOP01-DEL03-MG"
424546;2021-07-12;"segunda-feira";"12:40:00";"BA";410;27,3;"TUCANO";"Ultrapassagem Indevida";"Colisão lateral sentido oposto";"Com Vítimas Feridas";"Pleno dia";"Decrescente";"Chuva";"Simples";"Reta;Declive";"Não";4;0;1;0;2;4;1;7;-10,95142068;-38,73229015;"SPRF-BA";"DEL07-BA";"UOP02-DEL07-BA"
424573;2021-05-30;"domingo";"19:40:00";"ES";101;183,6;"ARACRUZ";"Curva acentuada";"Tombamento";"Com Vítimas Feridas";"Plena Noite";"Crescente";"Céu Claro";"Simples";"Curva";"Não";3;0;0;3;0;0;3;1;-19,64708421;-40,23286555;"SPRF-ES";"DEL04-ES";"UOP01-DEL04-ES"
424633;2021-12-29;"quarta-feira";"11:45:00";"MG";40;674,5;"CARANDAI";"Ausência de reação do condutor";"Saída de leito carroçável";"Com Vítimas Fatais";"Pleno dia";"Crescente";"Nublado";"Simples";"Reta";"Não";7;1;3;3;0;0;6;3;-20,99665599;-43,77646198;"SPRF-MG";"DEL05-MG";"UOP02-DEL05-MG"
424755;2021-09-29;"quarta-feira";"20:00:00";"BA";101;703,1;"EUNAPOLIS";"Velocidade Incompatível";"Tombamento";"Com Vítimas Fatais";"Plena Noite";"Decrescente";"Céu Claro";"Simples";"Curva";"Não";32;12;5;12;2;2;17;5;-16,26755218;-39,58460223;"SPRF-BA";"DEL09-BA";"UOP01-DEL09-BA"
424862;2021-09-29;"quarta-feira";"00:25:00";"RN";101;98;"NATAL";"Estacionar ou parar em local proibido";"Colisão traseira";"Com Vítimas Feridas";"Plena Noite";"Crescente";"Céu Claro";"Simples";"Reta";"Sim";4;0;2;0;1;1;2;3;-5,86567888;-35,21651625;"SPRF-RN";"DEL01-RN";"UOP01-DEL01-RN"
424870;2021-12-23;"quinta-feira";"07:50:00";"MG";262;431,5;"NOVA SERRANA";"Reação tardia ou ineficiente do condutor";"Capotamento";"Com Vítimas Fatais";"Pleno dia";"Decrescente";"Céu Claro";"Dupla";"Curva";"Não";2;1;0;0;0;1;0;2;-19,89318467;-44,8768115;"SPRF-MG";"DEL08-MG";"UOP03-DEL08-MG"
425121;2021-11-21;"domingo";"07:30:00";"MS";158;318;"TRES LAGOAS";"Condutor Dormindo";"Saída de leito carroçável";"Com Vítimas Feridas";"Pleno dia";"Decrescente";"Céu Claro";"Simples";"Reta";"Não";2;0;1;0;0;3;1;4;-21,0854271;-51,93651864;"SPRF-MS";"DEL07-MS";"UOP01-DEL07-MS"
425123;2021-12-05;"domingo";"18:15:00";"SC";282;197;"LAGES";"Manobra de mudança de faixa";"Colisão lateral mesmo sentido";"Com Vítimas Feridas";"Pleno dia";"Decrescente";"Nublado";"Simples";"Reta";"Não";4;0;1;0;2;1;1;4;-27,753368;-50,103615;"SPRF-SC";"DEL05-SC";"UOP01-DEL05-SC"
425426;2021-05-13;"quinta-feira";"03:15:00";"MG";381;775,3;"CAMPANHA";"Condutor deixou de manter distância do veículo da frente";"Colisão traseira";"Com Vítimas Feridas";"Plena Noite";"Crescente";"Nublado";"Dupla";"Curva";"Não";5;0;2;0;2;1;2;3;-21,79018268;-45,44665861;"SPRF-MG";"DEL16-MG";"UOP02-DEL16-MG"
425436;2021-11-15;"segunda-feira";"23:00:00";"PA";10;248,4;"AURORA DO PARA";"Transitar na contramão";"Colisão transversal";"Com Vítimas Feridas";"Plena Noite";"Decrescente";"Céu Claro";"Simples";"Reta";"Não";3;0;1;1;1;0;2;2;-2,26775401;-47,56308362;"SPRF-PA";"DEL02-PA";"UOP01-DEL02-PA"
442897;2021-09-27;"segunda-feira";"00:30:00";"RJ";465;7;"SEROPEDICA";"Manobra de mudança de faixa";"Colisão lateral mesmo sentido";"Com Vítimas Feridas";"Plena Noite";"Decrescente";"Céu Claro";"Dupla";"Reta";"Sim";2;0;1;0;0;1;1;2;-22,761377;-43,686352;"SPRF-RJ";"DEL01-RJ";"UOP03-DEL01-RJ"
442924;2021-10-31;"domingo";"20:00:00";"PR";376;665;"GUARATUBA";"Reação tardia ou ineficiente do condutor";"Colisão lateral mesmo sentido";"Sem Vítimas";"Plena Noite";"Crescente";"Chuva";"Dupla";"Reta";"Não";2;0;0;0;1;1;0;2;-25,85455838;-48,95670808;"SPRF-PR";"DEL01-PR";"UOP04-DEL01-PR"
443338;2021-09-09;"quinta-feira";"09:45:00";"MG";153;82;"PRATA";"Condutor deixou de manter distância do veículo da frente";"Colisão traseira";"Com Vítimas Fatais";"Pleno dia";"Crescente";"Céu Claro";"Simples";"Reta";"Não";3;2;0;0;0;1;0;3;-19,08091412;-48,9973372;"SPRF-MG";"DEL15-MG";"UOP03-DEL15-MG"
443389;2021-11-26;"sexta-feira";"10:00:00";"MG";40;119;"LAGOA GRANDE";"Ausência de reação do condutor";"Tombamento";"Com Vítimas Feridas";"Pleno dia";"Decrescente";"Céu Claro";"Simples";"Rotatória";"Não";1;0;1;0;0;0;1;1;-17,6604168;-46,37414974;"SPRF-MG";"DEL14-MG";"UOP01-DEL14-MG"
444249;2021-11-01;"segunda-feira";"06:20:00";"PE";101;41;"IGARASSU";"Velocidade Incompatível";"Colisão com objeto";"Com Vítimas Fatais";"Amanhecer";"Decrescente";"Céu Claro";"Dupla";"Viaduto";"Sim";12;1;3;6;1;1;9;3;-7,83038346;-34,91426785;"SPRF-PE";"DEL01-PE";"UOP02-DEL01-PE"
444770;2021-11-18;"quinta-feira";"12:40:00";"PR";277;615,5;"CEU AZUL";"Ultrapassagem Indevida";"Colisão lateral sentido oposto";"Sem Vítimas";"Pleno dia";"Crescente";"Chuva";"Simples";"Curva";"Não";7;0;0;0;5;2;0;3;-25,07189018;-53,6644229;"SPRF-PR";"DEL05-PR";"UOP02-DEL05-PR"
445967;2021-10-30;"sábado";"12:00:00";"RJ";356;108;"CARDOSO MOREIRA";"Velocidade Incompatível";"Colisão lateral sentido oposto";"Com Vítimas Feridas";"Pleno dia";"Decrescente";"Nublado";"Simples";"Curva";"Não";3;0;1;0;1;1;1;3;-21,54984997;-41,46726055;"SPRF-RJ";"DEL08-RJ";"UOP03-DEL08-RJ"
446251;2021-11-06;"sábado";"15:10:00";"BA";116;903,9;"CANDIDO SALES";"Carga excessiva e/ou mal acondicionada";"Colisão lateral mesmo sentido";"Com Vítimas Feridas";"Pleno dia";"Crescente";"Nublado";"Simples";"Declive";"Não";4;0;2;0;1;2;2;4;-15,37997916;-41,19853984;"SPRF-BA";"DEL08-BA";"UOP03-DEL08-BA"
448773;2021-02-08;"segunda-feira";"17:00:00";"CE";116;53;"PACAJUS";"Ausência de reação do condutor";"Saída de leito carroçável";"Com Vítimas Feridas";"Pleno dia";"Crescente";"Céu Claro";"Dupla";"Reta";"Não";2;0;1;0;0;1;1;2;-4,19025406;-38,47860204;"SPRF-CE";"DEL03-CE";"UOP02-DEL03-CE"
449375;2021-11-30;"terça-feira";"09:15:00";"SC";470;3,9;"NAVEGANTES";"Transitar no acostamento";"Colisão transversal";"Com Vítimas Feridas";"Pleno dia";"Decrescente";"Sol";"Simples";"Interseção de Vias";"Sim";2;0;0;1;1;0;1;2;-26,861937;-48,681618;"SPRF-SC";"DEL04-SC";"UOP04-DEL04-SC"
449434;2021-09-30;"quinta-feira";"16:50:00";"PB";104;118,9;"CAMPINA GRANDE";"Condutor deixou de manter distância do veículo da frente";"Colisão traseira";"Com Vítimas Feridas";"Plena Noite";"Decrescente";"Céu Claro";"Simples";"Reta";"Não";2;0;0;1;1;0;1;2;-7,19637839;-35,87571339;"SPRF-PB";"DEL02-PB";"UOP04-DEL02-PB"
450274;2021-12-02;"quinta-feira";"20:00:00";"BA";101;109,5;"ALAGOINHAS";"Ausência de reação do condutor";"Colisão transversal";"Com Vítimas Fatais";"Plena Noite";"Crescente";"Nublado";"Simples";"Reta";"Sim";4;2;0;0;1;1;0;3;-12,15791598;-38,40909362;"SPRF-BA";"DEL01-BA";"UOP04-DEL01-BA"
450411;2021-06-11;"sexta-feira";"20:30:00";"MG";381;437;"SABARA";"Transitar na contramão";"Colisão lateral sentido oposto";"Com Vítimas Feridas";"Plena Noite";"Decrescente";"Nublado";"Simples";"Curva";"Não";3;0;2;0;1;0;2;2;-19,80798095;-43,7668705;"SPRF-MG";"DEL01-MG";"UOP01-DEL01-MG"
450695;2021-12-30;"quinta-feira";"21:00:00";"MG";40;589,4;"ITABIRITO";"Demais falhas mecânicas ou elétricas";"Atropelamento de Pedestre";"Com Vítimas Feridas";"Plena Noite";"Decrescente";"Ignorado";"Simples";"Declive";"Não";1;0;0;1;0;0;1;1;-20,36452047;-43,91006291;"SPRF-MG";"DEL01-MG";"UOP02-DEL01-MG"
451523;2021-10-19;"terça-feira";"16:45:00";"BA";242;463;"IBITIARA";"Velocidade Incompatível";"Tombamento";"Sem Vítimas";"Pleno dia";"Crescente";"Sol";"Simples";"Curva;Aclive";"Não";2;0;0;0;1;3;0;4;-12,4423791;-42,17379204;"SPRF-BA";"DEL06-BA";"UOP01-DEL06-BA"
451705;2021-11-13;"sábado";"16:37:00";"MG";381;489,1;"BETIM";"Manobra de mudança de faixa";"Colisão lateral mesmo sentido";"Com Vítimas Feridas";"Pleno dia";"Decrescente";"Céu Claro";"Múltipla";"Reta";"Sim";2;0;1;0;1;0;1;2;-19,95596937;-44,13198888;"SPRF-MG";"DEL01-MG";"UOP03-DEL01-MG"
452751;2021-12-28;"terça-feira";"11:00:00";"SE";101;112;"ITAPORANGA DAJUDA";"Manobra de mudança de faixa";"Colisão com objeto";"Sem Vítimas";"Pleno dia";"Decrescente";"Céu Claro";"Dupla";"Reta";"Não";4;0;0;0;3;1;0;2;-10,98417027;-37,29054761;"SPRF-SE";"DEL02-SE";"UOP01-DEL02-SE"
452923;2021-01-18;"segunda-feira";"23:10:00";"MG";381;807,6;"SAO GONCALO DO SAPUCAI";"Velocidade Incompatível";"Colisão traseira";"Com Vítimas Feridas";"Plena Noite";"Decrescente";"Nublado";"Dupla";"Curva;Aclive";"Não";3;0;2;0;0;1;2;3;-21,98497;-45,6478;"SPRF-MG";"DEL16-MG";"UOP02-DEL16-MG"
453054;2021-06-18;"sexta-feira";"13:00:00";"GO";364;323;"PORTELANDIA";"Problema com o freio";"Colisão frontal";"Com Vítimas Fatais";"Pleno dia";"Decrescente";"Céu Claro";"Simples";"Ponte;Declive;Em Obras;Curva";"Não";5;1;0;0;3;6;0;10;-17,400496;-52,652561;"SPRF-GO";"DEL05-GO";"UOP01-DEL05-GO"
453100;2021-12-11;"sábado";"17:00:00";"GO";153;24;"PORANGATU";"Ultrapassagem Indevida";"Colisão frontal";"Com Vítimas Fatais";"Anoitecer";"Decrescente";"Chuva";"Simples";"Reta";"Não";3;1;0;0;1;1;0;3;-13,037155;-49,171806;"SPRF-GO";"DEL07-GO";"UOP01-DEL07-GO"
453310;2021-02-26;"sexta-feira";"03:00:00";"RJ";101;311;"SAO GONCALO";"Ultrapassagem Indevida";"Colisão traseira";"Com Vítimas Fatais";"Plena Noite";"Decrescente";"Nublado";"Dupla";"Reta";"Sim";3;1;1;0;0;1;1;3;-22,80062246;-43,05318779;"SPRF-RJ";"DEL02-RJ";"UOP02-DEL02-RJ"
453489;2021-12-25;"sábado";"20:20:00";"BA";116;518;"ITATIM";"Condutor Dormindo";"Colisão frontal";"Com Vítimas Feridas";"Plena Noite";"Crescente";"Chuva";"Simples";"Reta";"Sim";4;0;0;1;2;1;1;3;-12,67669892;-39,66293504;"SPRF-BA";"DEL03-BA";"UOP02-DEL03-BA"
454170;2021-12-29;"quarta-feira";"08:00:00";"CE";20;417,6;"MARACANAU";"Condutor deixou de manter distância do veículo da frente";"Colisão traseira";"Com Vítimas Feridas";"Pleno dia";"Decrescente";"Céu Claro";"Dupla";"Reta";"Sim";2;0;0;1;1;0;1;2;-3,84176428;-38,5947454;"SPRF-CE";"DEL01-CE";"UOP02-DEL01-CE"
454273;2021-07-05;"segunda-feira";"17:10:00";"GO";70;3,2;"AGUAS LINDAS DE GOIAS";"Reação tardia ou ineficiente do condutor";"Colisão traseira";"Com Vítimas Feridas";"Pleno dia";"Crescente";"Céu Claro";"Dupla";"Curva";"Sim";2;0;1;1;0;0;2;2;-15,76177302;-48,2368693;"SPRF-DF";"DEL03-DF";"UOP02-DEL03-DF"
454506;2021-11-25;"quinta-feira";"14:15:00";"CE";116;190;"LIMOEIRO DO NORTE";"Reação tardia ou ineficiente do condutor";"Colisão lateral mesmo sentido";"Com Vítimas Feridas";"Pleno dia";"Decrescente";"Céu Claro";"Simples";"Interseção de Vias";"Sim";3;0;1;0;1;1;1;3;-5,120508;-38,147195;"SPRF-CE";"DEL03-CE";"UOP01-DEL03-CE"
454566;2021-08-10;"terça-feira";"18:20:00";"AL";101;74;"MESSIAS";"Acessar a via sem observar a presença dos outros veículos";"Colisão lateral mesmo sentido";"Sem Vítimas";"Anoitecer";"Crescente";"Céu Claro";"Dupla";"Reta";"Sim";3;0;0;0;2;1;0;3;-9,395538;-35,8387;"SPRF-AL";"DEL01-AL";"UOP01-DEL01-AL"
454840;2021-12-27;"segunda-feira";"11:30:00";"BA";324;433;"RIACHAO DO JACUIPE";"Ultrapassagem Indevida";"Tombamento";"Com Vítimas Feridas";"Pleno dia";"Crescente";"Céu Claro";"Simples";"Reta";"Não";2;0;1;0;0;1;1;2;-11,78465185;-39,4313739;"SPRF-BA";"DEL04-BA";"UOP02-DEL04-BA"
455770;2021-12-05;"domingo";"10:00:00";"BA";101;342;"PRESIDENTE TANCREDO NEVES";"Condutor deixou de manter distância do veículo da frente";"Colisão lateral sentido oposto";"Com Vítimas Feridas";"Pleno dia";"Crescente";"Céu Claro";"Simples";"Aclive;Reta";"Não";5;0;0;1;3;1;1;4;-13,461009;-39,417512;"SPRF-BA";"DEL05-BA";"UOP03-DEL05-BA"
455977;2021-01-14;"quinta-feira";"14:00:00";"SC";116;115,5;"SANTA CECILIA";"Reação tardia ou ineficiente do condutor";"Colisão traseira";"Com Vítimas Feridas";"Pleno dia";"Crescente";"Garoa/Chuvisco";"Simples";"Aclive;Reta";"Não";5;0;3;0;1;1;3;3;-26,80262399;-50,33936901;"SPRF-SC";"DEL06-SC";"UOP02-DEL06-SC"
455995;2021-02-14;"domingo";"08:00:00";"PA";163;578;"TRAIRAO";"Demais falhas mecânicas ou elétricas";"Colisão transversal";"Sem Vítimas";"Amanhecer";"Crescente";"Sol";"Simples";"Aclive;Reta";"Não";3;0;0;0;2;4;0;6;-4,99842682;-56,18518401;"SPRF-PA";"DEL05-PA";"UOP01-DEL05-PA"
457550;2021-09-23;"quinta-feira";"10:30:00";"RR";174;493;"BOA VISTA";"Velocidade Incompatível";"Saída de leito carroçável";"Com Vítimas Feridas";"Pleno dia";"Crescente";"Sol";"Simples";"Viaduto";"Não";2;0;1;0;0;1;1;2;2,744877;-60,748837;"SPRF-RR";"DEL01-RR";"UOP01-DEL01-RR"
457675;2021-10-17;"domingo";"11:30:00";"MG";381;925;"ITAPEVA";"Velocidade Incompatível";"Colisão com objeto";"Com Vítimas Fatais";"Pleno dia";"Crescente";"Céu Claro";"Dupla";"Declive;Curva";"Não";2;1;0;0;0;1;0;2;-22,777207;-46,23911301;"SPRF-MG";"DEL16-MG";"UOP03-DEL16-MG"
458210;2021-03-25;"quinta-feira";"17:00:00";"PR";277;358;"GUARAPUAVA";"Reação tardia ou ineficiente do condutor";"Colisão lateral mesmo sentido";"Com Vítimas Feridas";"Pleno dia";"Decrescente";"Céu Claro";"Simples";"Reta";"Não";5;0;0;3;2;0;3;4;-25,43370611;-51,61093281;"SPRF-PR";"DEL08-PR";"UOP01-DEL08-PR"
458321;2021-12-30;"quinta-feira";"18:50:00";"MG";381;553,1;"ITAGUARA";"Mal súbito do condutor";"Colisão com objeto";"Com Vítimas Fatais";"Plena Noite";"Decrescente";"Chuva";"Dupla";"Curva;Declive";"Não";2;1;0;0;0;1;0;2;-20,322251;-44,456461;"SPRF-MG";"DEL04-MG";"UOP03-DEL04-MG"
458328;2021-03-30;"terça-feira";"07:10:00";"RS";392;11;"RIO GRANDE";"Condutor deixou de manter distância do veículo da frente";"Colisão traseira";"Com Vítimas Feridas";"Pleno dia";"Decrescente";"Céu Claro";"Dupla";"Reta";"Não";3;0;1;0;1;4;1;6;-32,12127763;-52,12972521;"SPRF-RS";"DEL07-RS";"UOP02-DEL07-RS"
458982;2021-04-08;"quinta-feira";"07:30:00";"SP";381;63;"MAIRIPORA";"Condutor deixou de manter distância do veículo da frente";"Colisão traseira";"Com Vítimas Feridas";"Pleno dia";"Crescente";"Céu Claro";"Dupla";"Declive";"Não";3;0;0;1;1;1;1;3;-23,302805;-46,572767;"SPRF-SP";"DEL03-SP";"UOP01-DEL03-SP"
459034;2021-12-10;"sexta-feira";"18:50:00";"RN";427;1,3;"CURRAIS NOVOS";"Acessar a via sem observar a presença dos outros veículos";"Colisão transversal";"Com Vítimas Feridas";"Plena Noite";"Decrescente";"Céu Claro";"Simples";"Reta";"Sim";3;0;0;1;1;1;1;3;-6,27809578;-36,52231347;"SPRF-RN";"DEL03-RN";"UOP02-DEL03-RN"
460005;2021-12-08;"quarta-feira";"07:30:00";"MG";251;204;"CACHOEIRA DE PAJEU";"Ausência de reação do condutor";"Saída de leito carroçável";"Com Vítimas Feridas";"Pleno dia";"Decrescente";"Chuva";"Simples";"Reta";"Não";2;0;1;0;0;12;1;13;-15,86747511;-41,51345492;"SPRF-MG";"DEL11-MG";"UOP02-DEL11-MG"
460189;2021-05-14;"sexta-feira";"18:30:00";"MG";40;510;"RIBEIRAO DAS NEVES";"Condutor deixou de manter distância do veículo da frente";"Colisão traseira";"Com Vítimas Fatais";"Plena Noite";"Decrescente";"Céu Claro";"Dupla";"Reta";"Não";4;1;0;1;2;0;1;3;-19,77463885;-44,12321882;"SPRF-MG";"DEL01-MG";"UOP02-DEL01-MG"
460224;2021-09-23;"quinta-feira";"16:45:00";"MG";381;490,1;"BETIM";"Trafegar com motocicleta (ou similar) entre as faixas";"Colisão lateral mesmo sentido";"Com Vítimas Feridas";"Pleno dia";"Crescente";"Céu Claro";"Dupla";"Reta";"Sim";4;0;0;1;2;2;1;4;-19,96502819;-44,17422195;"SPRF-MG";"DEL01-MG";"UOP03-DEL01-MG"
460430;2021-11-01;"segunda-feira";"16:40:00";"PB";230;1;"CABEDELO";"Acessar a via sem observar a presença dos outros veículos";"Colisão transversal";"Com Vítimas Feridas";"Pleno dia";"Decrescente";"Céu Claro";"Simples";"Interseção de Vias";"Sim";3;0;2;0;1;0;2;2;-6,9753;-34,8318;"SPRF-PB";"DEL01-PB";"UOP01-DEL01-PB"
460941;2021-08-10;"terça-feira";"06:20:00";"BA";110;176;"RIBEIRA DO POMBAL";"Manobra de mudança de faixa";"Colisão lateral sentido oposto";"Com Vítimas Feridas";"Pleno dia";"Decrescente";"Céu Claro";"Simples";"Reta";"Não";2;0;1;0;1;0;1;2;-10,89629907;-38,52352048;"SPRF-BA";"DEL07-BA";"UOP02-DEL07-BA"
461534;2021-11-11;"quinta-feira";"00:10:00";"BA";116;531;"ITATIM";"Condutor Dormindo";"Colisão lateral sentido oposto";"Com Vítimas Feridas";"Plena Noite";"Decrescente";"Céu Claro";"Simples";"Reta";"Sim";4;0;1;0;2;1;1;4;-12,745962;-39,791878;"SPRF-BA";"DEL03-BA";"UOP02-DEL03-BA"
463035;2021-10-25;"segunda-feira";"22:00:00";"MS";163;469,3;"CAMPO GRANDE";"Pedestre andava na pista";"Atropelamento de Pedestre";"Com Vítimas Feridas";"Plena Noite";"Crescente";"Nublado";"Simples";"Reta";"Não";2;0;0;1;1;0;1;2;-20,56776899;-54,56218402;"SPRF-MS";"DEL01-MS";"UOP01-DEL01-MS"
464138;2021-07-06;"terça-feira";"23:15:00";"RJ";116;311;"ITATIAIA";"Acesso irregular";"Saída de leito carroçável";"Sem Vítimas";"Plena Noite";"Decrescente";"Céu Claro";"Dupla";"Retorno Regulamentado;Curva;Declive";"Sim";2;0;0;0;1;1;0;2;-22,46715969;-44,49943542;"SPRF-RJ";"DEL07-RJ";"UOP02-DEL07-RJ"
464673;2021-08-27;"sexta-feira";"00:15:00";"RJ";393;213,1;"VASSOURAS";"Condutor Dormindo";"Saída de leito carroçável";"Com Vítimas Feridas";"Plena Noite";"Crescente";"Céu Claro";"Simples";"Reta";"Não";1;0;1;0;0;0;1;1;-22,27991127;-43,46737373;"SPRF-RJ";"DEL05-RJ";"UOP03-DEL05-RJ"
465283;2021-08-13;"sexta-feira";"20:40:00";"ES";262;111;"VENDA NOVA DO IMIGRANTE";"Acessar a via sem observar a presença dos outros veículos";"Colisão transversal";"Com Vítimas Feridas";"Plena Noite";"Crescente";"Chuva";"Simples";"Reta";"Não";4;0;0;2;1;1;2;3;-20,33710625;-41,19042567;"SPRF-ES";"DEL01-ES";"UOP02-DEL01-ES"
465667;2021-12-02;"quinta-feira";"14:50:00";"PB";101;88,4;"JOAO PESSOA";"Obstrução na via";"Colisão traseira";"Com Vítimas Feridas";"Pleno dia";"Decrescente";"Céu Claro";"Dupla";"Declive";"Sim";5;0;0;2;1;2;2;4;-7,16887314;-34,89686843;"SPRF-PB";"DEL01-PB";"UOP02-DEL01-PB"
465698;2021-12-24;"sexta-feira";"02:10:00";"GO";153;508,7;"APARECIDA DE GOIANIA";"Desvio temporário";"Colisão com objeto";"Com Vítimas Fatais";"Plena Noite";"Decrescente";"Nublado";"Dupla";"Em Obras;Declive;Desvio Temporário";"Sim";57;6;44;1;5;1;45;4;-16,7804;-49,2371;"SPRF-GO";"DEL01-GO";"UOP03-DEL01-GO"
467342;2021-10-26;"terça-feira";"02:00:00";"RJ";116;179;"NOVA IGUACU";"Velocidade Incompatível";"Colisão traseira";"Com Vítimas Fatais";"Plena Noite";"Crescente";"Céu Claro";"Dupla";"Reta";"Sim";3;1;0;0;1;1;0;3;-22,769902;-43,408036;"SPRF-RJ";"DEL01-RJ";"UOP02-DEL01-RJ"
467508;2021-07-10;"sábado";"18:40:00";"MG";153;7;"ARAPORA";"Manobra de mudança de faixa";"Colisão lateral mesmo sentido";"Sem Vítimas";"Plena Noite";"Crescente";"Céu Claro";"Dupla";"Reta";"Não";4;0;0;0;2;3;0;5;-18,478658;-49,188442;"SPRF-MG";"DEL15-MG";"UOP03-DEL15-MG"