"id";"data_inversa";"dia_semana";"horario";"uf";"br";"km";"municipio";"causa_acidente";"tipo_acidente";"classificacao_acidente";"fase_dia";"sentido_via";"condicao_metereologica";"tipo_pista";"tracado_via";"uso_solo";"pessoas";"mortos";"feridos_leves";"feridos_graves";"ilesos";"ignorados";"feridos";"veiculos";"latitude";"longitude";"regional";"delegacia";"uop"
467777;2021-12-30;"quinta-feira";"20:00:00";"RJ";101;407;"ITAGUAI";"Condutor deixou de manter distância do veículo da frente";"Colisão traseira";"Sem Vítimas";"Plena Noite";"Decrescente";"Chuva";"Dupla";"Reta";"Não";3;0;0;0;3;0;0;2;-22,8767205776;-43,816319706;"SPRF-RJ";"DEL03-RJ";"UOP01-DEL03-RJ"
469976;2021-09-05;"domingo";"20:10:00";"MA";135;3;"SAO LUIS";"Ingestão de álcool pelo condutor";"Colisão traseira";"Com Vítimas Feridas";"Plena Noite";"Decrescente";"Céu Claro";"Dupla";"Reta";"Sim";7;0;0;5;1;1;5;3;-2,65293643;-44,30648804;"SPRF-MA";"DEL01-MA";"UOP01-DEL01-MA"
472121;2021-08-14;"sábado";"18:10:00";"SC";101;111;"NAVEGANTES";"Manobra de mudança de faixa";"Colisão traseira";"Com Vítimas Feridas";"Anoitecer";"Decrescente";"Céu Claro";"Dupla";"Interseção de Vias";"Não";4;0;1;2;0;2;3;4;-26,84265835;-48,71733248;"SPRF-SC";"DEL04-SC";"UOP04-DEL04-SC"
472729;2021-12-11;"sábado";"09:30:00";"MG";267;200,1;"BOM JARDIM DE MINAS";"Velocidade Incompatível";"Tombamento";"Com Vítimas Feridas";"Pleno dia";"Decrescente";"Céu Claro";"Simples";"Curva";"Não";2;0;1;0;0;1;1;2;-21,93311108;-44,08851501;"SPRF-MG";"DEL05-MG";"UOP01-DEL05-MG"
473147;2021-08-18;"quarta-feira";"19:15:00";"BA";101;766;"ITABELA";"Ausência de reação do condutor";"Colisão traseira";"Com Vítimas Feridas";"Plena Noite";"Crescente";"Céu Claro";"Simples";"Curva;Aclive";"Não";3;0;0;1;1;1;1;3;-16,87939387;-39,51244718;"SPRF-BA";"DEL09-BA";"UOP01-DEL09-BA"
473367;2021-09-10;"sexta-feira";"16:30:00";"BA";324;555;"AMELIA RODRIGUES";"Manobra de mudança de faixa";"Saída de leito carroçável";"Com Vítimas Feridas";"Pleno dia";"Crescente";"Céu Claro";"Dupla";"Reta";"Não";1;0;0;1;0;0;1;1;-12,45873191;-38,69989793;"SPRF-BA";"DEL01-BA";"UOP03-DEL01-BA"
477250;2021-08-28;"sábado";"03:30:00";"PR";373;215;"IMBITUVA";"Ingestão de álcool pelo condutor";"Colisão frontal";"Com Vítimas Fatais";"Plena Noite";"Crescente";"Chuva";"Simples";"Curva";"Não";5;2;1;1;0;2;2;4;-25,15460675;-50,53263107;"SPRF-PR";"DEL03-PR";"UOP01-DEL03-PR"
477790;2021-08-24;"terça-feira";"12:25:00";"MG";381;484,6;"BETIM";"Velocidade Incompatível";"Engavetamento";"Com Vítimas Feridas";"Pleno dia";"Crescente";"Céu Claro";"Dupla";"Reta";"Sim";11;0;3;0;8;0;3;6;-19,95531717;-44,11722196;"SPRF-MG";"DEL01-MG";"UOP03-DEL01-MG"
480380;2021-08-23;"segunda-feira";"21:30:00";"RO";364;276;"PRESIDENTE MEDICI";"Ausência de sinalização";"Colisão traseira";"Sem Vítimas";"Plena Noite";"Crescente";"Céu Claro";"Simples";"Reta";"Não";4;0;0;0;3;3;0;6;-11,38782822;-61,76833405;"SPRF-RO";"DEL02-RO";"UOP01-DEL02-RO"
485746;2021-07-21;"quarta-feira";"07:00:00";"RJ";116;220,3;"PIRAI";"Carga excessiva e/ou mal acondicionada";"Tombamento";"Com Vítimas Feridas";"Pleno dia";"Crescente";"Nublado";"Simples";"Curva";"Sim";3;0;1;0;1;1;1;2;-22,69305776;-43,77362606;"SPRF-RJ";"DEL07-RJ";"UOP01-DEL07-RJ"
485953;2021-05-17;"segunda-feira";"07:30:00";"RS";158;199,9;"CRUZ ALTA";"Condutor Dormindo";"Colisão frontal";"Com Vítimas Fatais";"Pleno dia";"Crescente";"Céu Claro";"Simples";"Reta";"Sim";3;1;0;0;1;2;0;4;-28,68509113;-53,59864712;"SPRF-RS";"DEL10-RS";"UOP02-DEL10-RS"
487218;2021-11-26;"sexta-feira";"04:30:00";"MG";40;555,7;"NOVA LIMA";"Condutor Dormindo";"Colisão traseira";"Com Vítimas Fatais";"Plena Noite";"Crescente";"Nublado";"Dupla";"Reta";"Sim";3;1;0;0;1;1;0;3;-20,08472706;-43,97697012;"SPRF-MG";"DEL01-MG";"UOP02-DEL01-MG"
489789;2021-08-09;"segunda-feira";"15:30:00";"BA";101;555,9;"ARATACA";"Transitar na contramão";"Colisão frontal";"Com Vítimas Feridas";"Pleno dia";"Crescente";"Céu Claro";"Simples";"Curva";"Não";3;0;1;1;0;2;2;4;-15,15549803;-39,40939128;"SPRF-BA";"DEL05-BA";"UOP02-DEL05-BA"
490011;2021-10-22;"sexta-feira";"14:20:00";"GO";153;220,6;"URUACU";"Demais falhas na via";"Tombamento";"Sem Vítimas";"Pleno dia";"Decrescente";"Céu Claro";"Simples";"Reta";"Não";2;0;0;0;1;3;0;4;-14,687892;-49,210506;"SPRF-GO";"DEL07-GO";"UOP02-DEL07-GO"
490472;2021-02-16;"terça-feira";"11:20:00";"SP";116;298;"ITAPECERICA DA SERRA";"Manobra de mudança de faixa";"Colisão lateral mesmo sentido";"Com Vítimas Feridas";"Pleno dia";"Decrescente";"Céu Claro";"Dupla";"Reta";"Não";6;0;1;0;5;0;1;2;-23,790858;-46,91450298;"SPRF-SP";"DEL04-SP";"UOP01-DEL04-SP"
491048;2021-07-15;"quinta-feira";"09:15:00";"MG";40;360,4;"FELIXLANDIA";"Transitar na contramão";"Colisão transversal";"Com Vítimas Feridas";"Pleno dia";"Crescente";"Céu Claro";"Simples";"Reta";"Não";4;0;0;1;1;3;1;5;-18,7538859;-44,84816551;"SPRF-MG";"DEL02-MG";"UOP01-DEL02-MG"
492359;2021-10-15;"sexta-feira";"08:15:00";"SP";116;193,4;"SANTA ISABEL";"Reação tardia ou ineficiente do condutor";"Colisão lateral mesmo sentido";"Com Vítimas Feridas";"Pleno dia";"Crescente";"Céu Claro";"Dupla";"Reta";"Sim";2;0;0;1;1;0;1;2;-23,380407;-46,258509;"SPRF-SP";"DEL01-SP";"NPF/DEL01-SP"
494764;2021-11-19;"sexta-feira";"08:10:00";"MT";163;832,9;"SINOP";"Reação tardia ou ineficiente do condutor";"Queda de ocupante de veículo";"Com Vítimas Fatais";"Pleno dia";"Crescente";"Nublado";"Simples";"Reta";"Sim";3;1;0;0;1;1;0;3;-12,0138;-55,51719;"SPRF-MT";"DEL06-MT";"NPF/DEL06-MT"
495240;2021-10-22;"sexta-feira";"19:30:00";"BA";101;259,6;"SANTO ANTONIO DE JESUS";"Reação tardia ou ineficiente do condutor";"Atropelamento de Pedestre";"Com Vítimas Feridas";"Plena Noite";"Decrescente";"Ignorado";"Simples";"Reta";"Sim";2;0;0;1;1;0;1;2;-13,05707208;-39,28148909;"SPRF-BA";"DEL01-BA";"UOP02-DEL01-BA"
495982;2021-08-14;"sábado";"10:10:00";"GO";60;440;"JATAI";"Reação tardia ou ineficiente do condutor";"Colisão traseira";"Com Vítimas Feridas";"Pleno dia";"Crescente";"Sol";"Dupla";"Reta";"Não";3;0;1;0;1;3;1;5;-17,8397;-51,4315;"SPRF-GO";"DEL05-GO";"UOP01-DEL05-GO"
496012;2021-03-17;"quarta-feira";"17:10:00";"PR";116;94;"SAO JOSE DOS PINHAIS";"Reação tardia ou ineficiente do condutor";"Colisão transversal";"Com Vítimas Feridas";"Pleno dia";"Crescente";"Céu Claro";"Dupla";"Reta";"Não";4;0;1;0;2;1;1;3;-25,48954287;-49,11201617;"SPRF-PR";"DEL01-PR";"UOP01-DEL01-PR"
500785;2021-05-29;"sábado";"18:50:00";"RS";392;59,5;"RIO GRANDE";"Reação tardia ou ineficiente do condutor";"Capotamento";"Com Vítimas Feridas";"Pleno dia";"Decrescente";"Céu Claro";"Dupla";"Reta";"Não";2;0;1;0;0;1;1;2;-31,83821018;-52,32853532;"SPRF-RS";"DEL07-RS";"UOP02-DEL07-RS"
502822;2021-12-14;"terça-feira";"21:40:00";"AM";230;801,1;"CANUTAMA";"Conversão proibida";"Colisão transversal";"Com Vítimas Feridas";"Plena Noite";"Decrescente";"Céu Claro";"Simples";"Reta";"Não";3;0;0;1;0;2;1;3;-8,46075005;-63,97241764;"SPRF-AM";"DEL01-AM";"UOP05-DEL01-AM"
504002;2021-10-07;"quinta-feira";"16:10:00";"MG";40;235,5;"SAO GONCALO DO ABAETE";"Acumulo de água sobre o pavimento";"Colisão frontal";"Com Vítimas Fatais";"Pleno dia";"Decrescente";"Chuva";"Simples";"Declive;Reta";"Não";5;2;0;1;0;3;1;5;-18,02833377;-45,53404466;"SPRF-MG";"DEL14-MG";"UOP02-DEL14-MG"
505117;2021-08-07;"sábado";"10:00:00";"PE";316;53;"TRINDADE";"Mal súbito do condutor";"Colisão frontal";"Com Vítimas Feridas";"Pleno dia";"Decrescente";"Céu Claro";"Simples";"Reta";"Não";4;0;0;3;1;0;3;2;-7,73314203;-40,30237301;"SPRF-PE";"DEL05-PE";"UOP02-DEL05-PE"
505256;2021-12-03;"sexta-feira";"03:48:00";"RJ";116;197;"QUEIMADOS";"Demais falhas mecânicas ou elétricas";"Incêndio";"Sem Vítimas";"Plena Noite";"Crescente";"Céu Claro";"Dupla";"Reta";"Sim";1;0;0;0;1;0;0;1;-22,72980637;-43,56512004;"SPRF-RJ";"DEL01-RJ";"UOP02-DEL01-RJ"
508880;2021-10-22;"sexta-feira";"09:15:00";"MG";381;501,8;"BETIM";"Entrada inopinada do pedestre";"Atropelamento de Pedestre";"Com Vítimas Feridas";"Pleno dia";"Crescente";"Céu Claro";"Dupla";"Declive";"Sim";3;0;0;1;1;1;1;3;-20,03146447;-44,2377893;"SPRF-MG";"DEL01-MG";"UOP03-DEL01-MG"
514759;2021-10-26;"terça-feira";"14:32:00";"SC";282;450;"PONTE SERRADA";"Transitar na contramão";"Colisão frontal";"Com Vítimas Fatais";"Pleno dia";"Crescente";"Céu Claro";"Simples";"Reta";"Não";3;1;0;0;1;1;0;3;-26,919556;-51,954494;"SPRF-SC";"DEL07-SC";"UOP04-DEL07-SC"
514955;2021-12-16;"quinta-feira";"08:20:00";"MG";116;313,2;"ITAMBACURI";"Reação tardia ou ineficiente do condutor";"Engavetamento";"Com Vítimas Feridas";"Pleno dia";"Decrescente";"Nublado";"Simples";"Curva";"Não";4;0;1;0;3;0;1;3;-18,09344397;-41,68893313;"SPRF-MG";"DEL11-MG";"UOP01-DEL11-MG"
519055;2021-04-08;"quinta-feira";"06:00:00";"MG";40;750;"SANTOS DUMONT";"Velocidade Incompatível";"Tombamento";"Com Vítimas Fatais";"Pleno dia";"Crescente";"Céu Claro";"Dupla";"Curva";"Sim";2;1;0;0;0;1;0;2;-21,45724301;-43,55822199;"SPRF-MG";"DEL05-MG";"UOP01-DEL05-MG"
522543;2021-12-14;"terça-feira";"20:00:00";"PR";476;245,6;"LAPA";"Transitar na contramão";"Colisão frontal";"Com Vítimas Fatais";"Plena Noite";"Decrescente";"Chuva";"Simples";"Curva";"Não";3;1;0;0;1;1;0;3;-25,862598;-50,114258;"SPRF-PR";"DEL02-PR";"UOP04-DEL02-PR"
526876;2021-02-08;"segunda-feira";"04:00:00";"ES";262;178;"IBATIBA";"Acostamento em desnível";"Colisão com objeto";"Com Vítimas Feridas";"Amanhecer";"Decrescente";"Chuva";"Simples";"Reta";"Não";4;0;2;0;1;2;2;4;-20,28564831;-41,65291079;"SPRF-ES";"DEL01-ES";"UOP02-DEL01-ES"
529462;2021-11-12;"sexta-feira";"10:35:00";"MT";163;631;"NOVA MUTUM";"Ultrapassagem Indevida";"Colisão frontal";"Com Vítimas Fatais";"Pleno dia";"Crescente";"Chuva";"Simples";"Curva";"Não";5;1;0;1;2;4;1;7;-13,53002149;-56,02628231;"SPRF-MT";"DEL01-MT";"UOP01-DEL01-MT"
533608;2021-05-10;"segunda-feira";"08:00:00";"RJ";116;183;"NOVA IGUACU";"Condutor deixou de manter distância do veículo da frente";"Engavetamento";"Com Vítimas Feridas";"Pleno dia";"Decrescente";"Céu Claro";"Simples";"Reta";"Sim";4;0;1;0;3;0;1;4;-22,7516014;-43,43849831;"SPRF-RJ";"DEL01-RJ";"UOP02-DEL01-RJ"
534463;2021-12-10;"sexta-feira";"05:40:00";"MG";381;792;"SAO GONCALO DO SAPUCAI";"Velocidade Incompatível";"Colisão lateral mesmo sentido";"Com Vítimas Feridas";"Amanhecer";"Crescente";"Céu Claro";"Dupla";"Curva";"Não";6;0;5;0;1;0;5;2;-21,91931581;-45,59934602;"SPRF-MG";"DEL16-MG";"UOP02-DEL16-MG"
535336;2021-05-03;"segunda-feira";"12:00:00";"CE";116;309;"JAGUARIBE";"Manobra de mudança de faixa";"Colisão frontal";"Com Vítimas Feridas";"Pleno dia";"Crescente";"Céu Claro";"Simples";"Reta";"Sim";3;0;1;0;1;1;1;3;-5,89477992;-38,61975447;"SPRF-CE";"DEL05-CE";"UOP02-DEL05-CE"
536608;2021-07-25;"domingo";"00:05:00";"BA";116;596;"IRAJUBA";"Ausência de reação do condutor";"Colisão frontal";"Com Vítimas Fatais";"Plena Noite";"Crescente";"Chuva";"Simples";"Curva";"Não";4;2;0;0;1;1;0;3;-13,18013991;-40,0048822;"SPRF-BA";"DEL03-BA";"UOP02-DEL03-BA"
537884;2021-02-07;"domingo";"15:15:00";"MS";262;207,7;"RIBAS DO RIO PARDO";"Condutor Dormindo";"Colisão lateral";"Com Vítimas Feridas";"Pleno dia";"Crescente";"Céu Claro";"Simples";"Reta";"Não";3;0;1;0;1;1;1;3;-20,46594426;-53,46178902;"SPRF-MS";"DEL07-MS";"UOP02-DEL07-MS"
538449;2021-08-13;"sexta-feira";"19:15:00";"SC";280;196,3;"MAFRA";"Demais falhas na via";"Colisão frontal";"Com Vítimas Feridas";"Plena Noite";"Decrescente";"Chuva";"Simples";"Curva;Declive";"Não";2;0;0;1;1;0;1;2;-26,17463654;-50,03363399;"SPRF-SC";"DEL06-SC";"UOP01-DEL06-SC"
539372;2021-11-15;"segunda-feira";"09:40:00";"RJ";101;82;"CAMPOS DOS GOYTACAZES";"Velocidade Incompatível";"Tombamento";"Com Vítimas Feridas";"Pleno dia";"Crescente";"Céu Claro";"Simples";"Curva";"Sim";2;0;0;1;0;1;1;2;-21,82752108;-41,45414032;"SPRF-RJ";"DEL08-RJ";"UOP02-DEL08-RJ"
542847;2021-11-18;"quinta-feira";"13:30:00";"PB";101;5,4;"MATARACA";"Ausência de reação do condutor";"Colisão traseira";"Com Vítimas Feridas";"Pleno dia";"Crescente";"Sol";"Dupla";"Reta";"Não";4;0;0;1;1;2;1;2;-6,54791705;-35,12227696;"SPRF-PB";"DEL01-PB";"UOP04-DEL01-PB"
544431;2021-12-29;"quarta-feira";"08:00:00";"PR";376;539;"PALMEIRA";"Demais falhas mecânicas ou elétricas";"Incêndio";"Sem Vítimas";"Pleno dia";"Crescente";"Céu Claro";"Dupla";"Reta";"Não";2;0;0;0;1;2;0;3;-25,4068899;-49,78236491;"SPRF-PR";"DEL01-PR";"UOP03-DEL03-PR"
545895;2021-05-19;"quarta-feira";"17:30:00";"SP";381;18;"BRAGANCA PAULISTA";"Demais falhas mecânicas ou elétricas";"Colisão traseira";"Com Vítimas Feridas";"Anoitecer";"Decrescente";"Céu Claro";"Múltipla";"Aclive";"Não";3;0;0;1;2;0;1;2;-22,9746091;-46,48838277;"SPRF-SP";"DEL03-SP";"UOP01-DEL03-SP"
546774;2021-12-11;"sábado";"00:04:00";"MS";262;715;"CORUMBA";"Reação tardia ou ineficiente do condutor";"Colisão traseira";"Com Vítimas Fatais";"Plena Noite";"Crescente";"Céu Claro";"Simples";"Reta";"Não";3;1;0;0;1;1;0;3;-19,4506183;-57,43165138;"SPRF-MS";"DEL03-MS";"UOP03-DEL03-MS"
548910;2021-06-10;"quinta-feira";"20:00:00";"GO";20;236;"POSSE";"Obstrução na via";"Saída de leito carroçável";"Com Vítimas Feridas";"Plena Noite";"Crescente";"Céu Claro";"Simples";"Declive";"Não";4;0;0;1;1;2;1;4;-14,062828;-46,282063;"SPRF-DF";"DEL02-DF";"UOP03-DEL02-DF"
562273;2021-06-22;"terça-feira";"19:30:00";"MA";222;665,6;"ACAILANDIA";"Ausência de sinalização";"Colisão com objeto";"Com Vítimas Feridas";"Plena Noite";"Crescente";"Céu Claro";"Simples";"Aclive";"Não";2;0;1;0;1;0;1;2;-4,89367779;-47,38426513;"SPRF-MA";"DEL04-MA";"UOP03-DEL04-MA"
564119;2021-12-17;"sexta-feira";"17:10:00";"TO";230;4;"AGUIARNOPOLIS";"Velocidade Incompatível";"Tombamento";"Com Vítimas Feridas";"Pleno dia";"Crescente";"Nublado";"Simples";"Rotatória";"Não";2;0;1;0;0;1;1;2;-6,5421615;-47,485416;"SPRF-TO";"DEL02-TO";"UOP03-DEL02-TO"
565428;2021-10-03;"domingo";"15:00:00";"PE";232;35,8;"MORENO";"Ingestão de álcool pelo condutor";"Saída de leito carroçável";"Sem Vítimas";"Pleno dia";"Crescente";"Sol";"Dupla";"Reta";"Sim";1;0;0;0;1;0;0;1;-8,111162;-35,202723;"SPRF-PE";"DEL01-PE";"UOP01-DEL01-PE"
566614;2021-09-20;"segunda-feira";"09:00:00";"MG";40;531;"BELO HORIZONTE";"Transitar no acostamento";"Atropelamento de Pedestre";"Com Vítimas Fatais";"Pleno dia";"Decrescente";"Céu Claro";"Dupla";"Reta";"Sim";3;1;0;0;2;0;0;3;-19,91962483;-44,02522683;"SPRF-MG";"DEL01-MG";"UOP02-DEL01-MG"
573528;2021-05-29;"sábado";"15:40:00";"GO";153;493;"GOIANIA";"Ingestão de álcool pelo condutor";"Colisão lateral mesmo sentido";"Sem Vítimas";"Pleno dia";"Decrescente";"Sol";"Dupla";"Reta";"Sim";3;0;0;0;2;2;0;4;-16,72698484;-49,2410879;"SPRF-GO";"DEL01-GO";"UOP01-DEL01-GO"
575708;2021-08-11;"quarta-feira";"12:00:00";"BA";101;376;"GANDU";"Ingestão de álcool pelo condutor";"Saída de leito carroçável";"Com Vítimas Feridas";"Pleno dia";"Crescente";"Céu Claro";"Simples";"Reta";"Não";1;0;1;0;0;0;1;1;-13,840747;-39,496285;"SPRF-BA";"DEL05-BA";"UOP03-DEL05-BA"
576569;2021-09-12;"domingo";"23:30:00";"BA";101;876,6;"CARAVELAS";"Ingestão de álcool pelo condutor";"Colisão transversal";"Sem Vítimas";"Plena Noite";"Decrescente";"Céu Claro";"Simples";"Reta";"Sim";3;0;0;0;2;1;0;3;-17,73590399;-39,7662979;"SPRF-BA";"DEL09-BA";"UOP02-DEL09-BA"
576778;2021-02-22;"segunda-feira";"09:50:00";"MT";364;376;"SANTO ANTONIO DO LEVERGER";"Transitar no acostamento";"Saída de leito carroçável";"Com Vítimas Feridas";"Pleno dia";"Crescente";"Céu Claro";"Dupla";"Reta";"Não";3;0;1;0;1;1;1;3;-15,70428959;-55,72805299;"SPRF-MT";"DEL01-MT";"UOP02-DEL01-MT"
577789;2021-01-25;"segunda-feira";"06:45:00";"PA";316;52;"SANTA IZABEL DO PARA";"Ingestão de álcool pelo condutor";"Saída de leito carroçável";"Com Vítimas Feridas";"Pleno dia";"Decrescente";"Céu Claro";"Dupla";"Reta";"Não";1;0;1;0;0;0;1;1;-1,30732485;-48,02586802;"SPRF-PA";"DEL01-PA";"UOP01-DEL01-PA"
581418;2021-10-25;"segunda-feira";"00:45:00";"SC";101;212,9;"PALHOCA";"Ausência de reação do condutor";"Colisão traseira";"Sem Vítimas";"Plena Noite";"Decrescente";"Céu Claro";"Dupla";"Em Obras";"Sim";3;0;0;0;2;1;0;3;-27,62996929;-48,65903871;"SPRF-SC";"DEL01-SC";"UOP02-DEL01-SC"
582062;2021-10-04;"segunda-feira";"09:05:00";"MG";40;715,5;"BARBACENA";"Condutor Dormindo";"Colisão com objeto";"Com Vítimas Feridas";"Pleno dia";"Crescente";"Garoa/Chuvisco";"Dupla";"Curva";"Não";1;0;1;0;0;0;1;1;-21,2516169839;-43,6718170133;"SPRF-MG";"DEL05-MG";"UOP01-DEL05-MG"
582450;2021-11-16;"terça-feira";"19:30:00";"GO";40;17,9;"LUZIANIA";"Ausência de reação do condutor";"Colisão traseira";"Com Vítimas Feridas";"Plena Noite";"Crescente";"Céu Claro";"Dupla";"Aclive";"Sim";4;0;1;1;2;0;2;2;-16,18487;-47,928641;"SPRF-DF";"DEL01-DF";"UOP01-DEL01-DF"
582548;2021-03-11;"quinta-feira";"04:15:00";"GO";153;163;"CAMPINORTE";"Reação tardia ou ineficiente do condutor";"Colisão lateral sentido oposto";"Com Vítimas Feridas";"Plena Noite";"Crescente";"Céu Claro";"Simples";"Reta";"Não";7;0;4;2;0;2;6;4;-14,195677;-49,128353;"SPRF-GO";"DEL07-GO";"UOP02-DEL07-GO"
582718;2021-02-17;"quarta-feira";"11:40:00";"BA";101;243;"CONCEICAO DO ALMEIDA";"Reação tardia ou ineficiente do condutor";"Colisão frontal";"Com Vítimas Feridas";"Pleno dia";"Crescente";"Céu Claro";"Simples";"Reta";"Não";3;0;0;2;1;0;2;2;-12,88117996;-39,21999041;"SPRF-BA";"DEL01-BA";"UOP02-DEL01-BA"
583776;2021-12-15;"quarta-feira";"04:15:00";"MG";116;693,1;"MURIAE";"Ingestão de álcool pelo condutor";"Colisão frontal";"Com Vítimas Feridas";"Amanhecer";"Crescente";"Nublado";"Simples";"Reta;Aclive";"Não";3;0;3;0;0;0;3;2;-21,029837;-42,365039;"SPRF-MG";"DEL07-MG";"UOP02-DEL07-MG"
584227;2021-07-20;"terça-feira";"19:41:00";"MG";116;555,6;"SANTA BARBARA DO LESTE";"Ingestão de álcool pelo condutor";"Colisão lateral mesmo sentido";"Sem Vítimas";"Plena Noite";"Crescente";"Céu Claro";"Simples";"Reta";"Não";2;0;0;0;2;0;0;2;-19,93268682;-42,0954895;"SPRF-MG";"DEL06-MG";"UOP02-DEL06-MG"
585183;2021-07-25;"domingo";"00:00:00";"PR";163;175,1;"LINDOESTE";"Ingestão de álcool pelo condutor";"Saída de leito carroçável";"Sem Vítimas";"Plena Noite";"Decrescente";"Céu Claro";"Dupla";"Reta";"Não";2;0;0;0;1;1;0;2;-25,21734703;-53,59537645;"SPRF-PR";"DEL05-PR";"UOP05-DEL05-PR"
585315;2021-08-01;"domingo";"06:30:00";"PR";369;151;"LONDRINA";"Ingestão de álcool pelo condutor";"Colisão com objeto";"Sem Vítimas";"Amanhecer";"Crescente";"Nublado";"Dupla";"Reta;Declive";"Sim";2;0;0;0;2;0;0;2;-23,2927718;-51,17549121;"SPRF-PR";"DEL07-PR";"UOP01-DEL07-PR"
585624;2021-02-25;"quinta-feira";"21:05:00";"PR";277;590;"CASCAVEL";"Ingestão de álcool pelo condutor";"Colisão transversal";"Com Vítimas Feridas";"Plena Noite";"Decrescente";"Céu Claro";"Simples";"Interseção de Vias";"Sim";3;0;1;0;2;0;1;2;-24,98120697;-53,45591501;"SPRF-PR";"DEL04-PR";"UOP01-DEL04-PR"
587163;2021-05-11;"terça-feira";"19:00:00";"MG";251;287;"SALINAS";"Ingestão de álcool pelo condutor";"Saída de leito carroçável";"Sem Vítimas";"Plena Noite";"Crescente";"Céu Claro";"Simples";"Reta";"Não";1;0;0;0;1;0;0;1;-16,05855261;-42,16752612;"SPRF-MG";"DEL11-MG";"UOP02-DEL11-MG"
588118;2021-11-08;"segunda-feira";"23:45:00";"RS";386;419,8;"MONTENEGRO";"Condutor deixou de manter distância do veículo da frente";"Colisão traseira";"Com Vítimas Feridas";"Plena Noite";"Crescente";"Céu Claro";"Dupla";"Reta";"Não";2;0;1;0;1;0;1;2;-29,81764;-51,432823;"SPRF-RS";"DEL04-RS";"UOP02-DEL04-RS"
588763;2021-11-22;"segunda-feira";"11:10:00";"SC";101;133,1;"BALNEARIO CAMBORIU";"Reação tardia ou ineficiente do condutor";"Colisão traseira";"Com Vítimas Feridas";"Pleno dia";"Decrescente";"Céu Claro";"Múltipla";"Reta";"Sim";5;0;2;0;2;3;2;6;-26,99936;-48,64609;"SPRF-SC";"DEL04-SC";"UOP03-DEL04-SC"
591787;2021-04-12;"segunda-feira";"14:30:00";"SC";101;411,4;"ARARANGUA";"Ingestão de álcool pelo condutor";"Tombamento";"Sem Vítimas";"Pleno dia";"Crescente";"Céu Claro";"Simples";"Rotatória";"Sim";1;0;0;0;1;0;0;1;-28,93112097;-49,4940421;"SPRF-SC";"DEL02-SC";"UOP02-DEL02-SC"
610570;2021-05-07;"sexta-feira";"19:00:00";"MT";70;542;"NOSSA SENHORA DO LIVRAMENTO";"Manobra de mudança de faixa";"Colisão traseira";"Com Vítimas Feridas";"Plena Noite";"Decrescente";"Nublado";"Simples";"Reta";"Não";3;0;1;0;0;4;1;5;-15,67915502;-56,31184101;"SPRF-MT";"DEL03-MT";"UOP02-DEL03-MT"
613753;2021-11-28;"domingo";"20:35:00";"TO";153;332;"GUARAI";"Acessar a via sem observar a presença dos outros veículos";"Colisão transversal";"Sem Vítimas";"Plena Noite";"Decrescente";"Céu Claro";"Dupla";"Interseção de Vias";"Sim";3;0;0;0;1;3;0;4;-8,81739;-48,512207;"SPRF-TO";"DEL02-TO";"UOP02-DEL02-TO"
621069;2021-12-23;"quinta-feira";"20:30:00";"MG";262;539,3;"LUZ";"Velocidade Incompatível";"Colisão frontal";"Com Vítimas Feridas";"Plena Noite";"Crescente";"Garoa/Chuvisco";"Simples";"Curva";"Não";4;0;0;2;1;2;2;4;-19,74667051;-45,82440376;"SPRF-MG";"DEL08-MG";"UOP02-DEL08-MG"
333524;2021-01-10;"domingo";"10:00:00";"RJ";101;262;"RIO BONITO";"Ausência de reação do condutor";"Colisão lateral";"Com Vítimas Fatais";"Pleno dia";"Crescente";"Céu Claro";"Dupla";"Reta";"Não";2;1;0;0;1;0;0;2;-22,71367506;-42,62052996;"SPRF-RJ";"DEL02-RJ";"UOP03-DEL02-RJ"
334431;2021-01-14;"quinta-feira";"17:00:00";"MG";116;119;"ITAOBIM";"Demais falhas mecânicas ou elétricas";"Incêndio";"Sem Vítimas";"Anoitecer";"Crescente";"Céu Claro";"Simples";"Aclive";"Não";2;0;0;0;1;1;0;2;-16,59121217;-41,49868546;"SPRF-MG";"DEL11-MG";"UOP02-DEL11-MG"
334766;2021-01-16;"sábado";"07:20:00";"SC";101;317,9;"PESCARIA BRAVA";"Velocidade Incompatível";"Colisão traseira";"Sem Vítimas";"Pleno dia";"Decrescente";"Céu Claro";"Dupla";"Viaduto";"Sim";2;0;0;0;0;2;0;2;-28,42708421;-48,85211624;"SPRF-SC";"DEL02-SC";"UOP01-DEL02-SC"
335961;2021-01-22;"sexta-feira";"14:30:00";"ES";101;157,6;"LINHARES";"Ausência de reação do condutor";"Colisão lateral";"Com Vítimas Feridas";"Pleno dia";"Crescente";"Céu Claro";"Simples";"Reta";"Não";3;0;1;0;0;2;1;3;-19,45345303;-40,09963296;"SPRF-ES";"DEL04-ES";"UOP01-DEL04-ES"
337714;2021-01-31;"domingo";"09:50:00";"PB";412;143,3;"MONTEIRO";"Condutor deixou de manter distância do veículo da frente";"Colisão traseira";"Com Vítimas Feridas";"Pleno dia";"Decrescente";"Sol";"Simples";"Reta";"Não";3;0;2;0;0;1;2;3;-7,885085;-37,105377;"SPRF-PB";"DEL02-PB";"UOP02-DEL02-PB"
339101;2021-02-07;"domingo";"04:00:00";"SP";153;2;"ICEM";"Ingestão de álcool pelo condutor";"Colisão com objeto";"Sem Vítimas";"Plena Noite";"Crescente";"Céu Claro";"Simples";"Interseção de Vias;Reta;Desvio Temporário";"Não";3;0;0;0;2;1;0;2;-20,32199868;-49,21108763;"SPRF-SP";"DEL09-SP";"UOP01-DEL09-SP"