"id";"data_inversa";"dia_semana";"horario";"uf";"br";"km";"municipio";"causa_acidente";"tipo_acidente";"classificacao_acidente";"fase_dia";"sentido_via";"condicao_metereologica";"tipo_pista";"tracado_via";"uso_solo";"pessoas";"mortos";"feridos_leves";"feridos_graves";"ilesos";"ignorados";"feridos";"veiculos";"latitude";"longitude";"regional";"delegacia";"uop"
340359;2021-02-13;"sábado";"03:15:00";"SP";116;536;"BARRA DO TURVO";"Condutor Dormindo";"Colisão traseira";"Com Vítimas Feridas";"Plena Noite";"Crescente";"Ignorado";"Dupla";"Reta";"Não";2;0;1;0;1;0;1;2;-24,97138929;-48,3547251;"SPRF-SP";"DEL05-SP";"UOP02-DEL05-SP"
342689;2021-02-24;"quarta-feira";"18:30:00";"RJ";101;262;"RIO BONITO";"Condutor deixou de manter distância do veículo da frente";"Colisão traseira";"Com Vítimas Feridas";"Plena Noite";"Decrescente";"Céu Claro";"Dupla";"Declive";"Sim";4;0;3;0;1;0;3;2;-22,71367506;-42,62052996;"SPRF-RJ";"DEL02-RJ";"UOP03-DEL02-RJ"
345096;2021-03-08;"segunda-feira";"14:20:00";"RJ";101;560;"PARATY";"Desrespeitar a preferência no cruzamento";"Colisão transversal";"Com Vítimas Feridas";"Pleno dia";"Crescente";"Chuva";"Simples";"Interseção de Vias";"Não";7;0;0;1;5;1;1;5;-23,11369899;-44,70863923;"SPRF-RJ";"DEL03-RJ";"UOP04-DEL03-RJ"
345245;2021-03-09;"terça-feira";"13:30:00";"TO";153;143,9;"ARAGUAINA";"Estacionar ou parar em local proibido";"Colisão traseira";"Com Vítimas Feridas";"Pleno dia";"Decrescente";"Nublado";"Dupla";"Reta";"Sim";3;0;0;1;2;0;1;2;-7,18866332;-48,23207966;"SPRF-TO";"DEL02-TO";"UOP01-DEL02-TO"
345402;2021-03-10;"quarta-feira";"04:50:00";"MT";158;622;"NOVA XAVANTINA";"Demais falhas mecânicas ou elétricas";"Incêndio";"Sem Vítimas";"Amanhecer";"Decrescente";"Nublado";"Simples";"Reta";"Não";1;0;0;0;1;0;0;1;-14,46856888;-52,27283722;"SPRF-MT";"DEL07-MT";"UOP02-DEL07-MT"
346008;2021-03-13;"sábado";"07:25:00";"MT";70;504,6;"CUIABA";"Reação tardia ou ineficiente do condutor";"Engavetamento";"Com Vítimas Feridas";"Pleno dia";"Decrescente";"Céu Claro";"Simples";"Reta";"Sim";7;0;2;0;5;0;2;6;-15,70131153;-56,05056381;"SPRF-MT";"DEL01-MT";"UOP02-DEL01-MT"
346501;2021-03-06;"sábado";"06:50:00";"RR";174;501;"BOA VISTA";"Manobra de mudança de faixa";"Colisão lateral mesmo sentido";"Com Vítimas Feridas";"Pleno dia";"Decrescente";"Céu Claro";"Dupla";"Reta";"Sim";5;0;2;0;1;2;2;5;2,79540235;-60,69865488;"SPRF-RR";"DEL01-RR";"UOP01-DEL01-RR"
346521;2021-03-07;"domingo";"19:45:00";"PA";10;253;"AURORA DO PARA";"Ausência de reação do condutor";"Engavetamento";"Com Vítimas Feridas";"Plena Noite";"Crescente";"Garoa/Chuvisco";"Simples";"Reta";"Não";3;0;1;0;1;1;1;3;-2,22259399;-47,56226424;"SPRF-PA";"DEL02-PA";"UOP01-DEL02-PA"
347763;2021-03-23;"terça-feira";"15:00:00";"GO";364;6;"SAO SIMAO";"Ingestão de álcool pelo condutor";"Saída de leito carroçável";"Sem Vítimas";"Pleno dia";"Decrescente";"Sol";"Simples";"Rotatória";"Não";1;0;0;0;1;0;0;1;-19,014099;-50,542088;"SPRF-GO";"DEL05-GO";"UOP02-DEL05-GO"
348195;2021-03-26;"sexta-feira";"00:50:00";"PR";376;433;"TIBAGI";"Condutor Dormindo";"Colisão traseira";"Sem Vítimas";"Plena Noite";"Crescente";"Céu Claro";"Dupla";"Reta";"Não";2;0;0;0;0;2;0;2;-24,81297199;-50,48868134;"SPRF-PR";"DEL03-PR";"UOP02-DEL03-PR"
348924;2021-03-30;"terça-feira";"05:45:00";"RS";158;232,9;"TUPANCIRETA";"Problema com o freio";"Incêndio";"Sem Vítimas";"Plena Noite";"Decrescente";"Nublado";"Simples";"Reta";"Não";1;0;0;0;1;0;0;1;-28,95969893;-53,64617869;"SPRF-RS";"DEL10-RS";"UOP02-DEL10-RS"
351695;2021-04-14;"quarta-feira";"05:15:00";"SP";116;505,3;"CAJATI";"Demais falhas mecânicas ou elétricas";"Incêndio";"Sem Vítimas";"Amanhecer";"Decrescente";"Céu Claro";"Dupla";"Reta";"Não";1;0;0;0;1;0;0;1;-24,79028098;-48,21075278;"SPRF-SP";"DEL05-SP";"UOP02-DEL05-SP"
352768;2021-04-19;"segunda-feira";"15:00:00";"PE";407;126,9;"PETROLINA";"Ultrapassagem Indevida";"Colisão lateral sentido oposto";"Sem Vítimas";"Pleno dia";"Crescente";"Nublado";"Simples";"Reta";"Sim";4;0;0;0;2;2;0;4;-9,3908678;-40,52038627;"SPRF-PE";"DEL06-PE";"UOP01-DEL06-PE"
353109;2021-04-21;"quarta-feira";"10:05:00";"PE";101;71,3;"RECIFE";"Condutor deixou de manter distância do veículo da frente";"Colisão traseira";"Com Vítimas Feridas";"Pleno dia";"Crescente";"Sol";"Dupla";"Reta";"Sim";2;0;1;0;0;1;1;2;-8,07663102;-34,94277871;"SPRF-PE";"DEL01-PE";"UOP01-DEL01-PE"
353363;2021-04-22;"quinta-feira";"18:30:00";"PR";376;188,3;"MARIALVA";"Deficiência do Sistema de Iluminação/Sinalização";"Colisão traseira";"Com Vítimas Feridas";"Anoitecer";"Decrescente";"Céu Claro";"Dupla";"Reta";"Sim";4;0;2;0;1;1;2;3;-23,46288;-51,83411;"SPRF-PR";"DEL09-PR";"UOP01-DEL09-PR"
355540;2021-05-04;"terça-feira";"09:30:00";"BA";242;598;"MUQUEM DE SAO FRANCISCO";"Condutor deixou de manter distância do veículo da frente";"Colisão traseira";"Com Vítimas Fatais";"Pleno dia";"Decrescente";"Céu Claro";"Simples";"Reta";"Não";2;1;0;0;0;1;0;2;-12,131633;-43,338517;"SPRF-BA";"DEL06-BA";"UOP03-DEL06-BA"
355878;2021-05-06;"quinta-feira";"07:00:00";"RN";101;107,7;"PARNAMIRIM";"Manobra de mudança de faixa";"Colisão lateral mesmo sentido";"Com Vítimas Feridas";"Pleno dia";"Decrescente";"Céu Claro";"Múltipla";"Curva";"Sim";3;0;1;0;1;1;1;3;-5,91920796;-35,26412409;"SPRF-RN";"DEL01-RN";"UOP01-DEL01-RN"
355947;2021-01-26;"terça-feira";"07:45:00";"MG";365;552;"ESTRELA DO SUL";"Demais falhas mecânicas ou elétricas";"Incêndio";"Sem Vítimas";"Pleno dia";"Crescente";"Céu Claro";"Simples";"Reta";"Não";1;0;0;0;1;0;0;1;-18,93028161;-47,70423897;"SPRF-MG";"DEL15-MG";"UOP02-DEL15-MG"
356043;2021-05-07;"sexta-feira";"00:20:00";"RJ";101;81;"CAMPOS DOS GOYTACAZES";"Transitar na contramão";"Colisão transversal";"Com Vítimas Feridas";"Plena Noite";"Decrescente";"Céu Claro";"Simples";"Reta";"Não";3;0;3;0;0;0;3;3;-21,83221147;-41,44729712;"SPRF-RJ";"DEL08-RJ";"UOP02-DEL08-RJ"
356092;2021-03-04;"quinta-feira";"20:01:00";"SC";280;129,6;"RIO NEGRINHO";"Ausência de reação do condutor";"Colisão traseira";"Com Vítimas Fatais";"Plena Noite";"Decrescente";"Céu Claro";"Simples";"Reta";"Sim";3;1;0;1;0;1;1;2;-26,2568;-49,5417;"SPRF-SC";"DEL06-SC";"UOP03-DEL06-SC"
356118;2021-03-10;"quarta-feira";"15:40:00";"RS";293;14;"CAPAO DO LEAO";"Desrespeitar a preferência no cruzamento";"Colisão transversal";"Com Vítimas Feridas";"Pleno dia";"Crescente";"Céu Claro";"Simples";"Reta";"Não";3;0;1;0;2;0;1;3;-31,75035756;-52,47229099;"SPRF-RS";"DEL07-RS";"UOP01-DEL07-RS"
357864;2021-01-09;"sábado";"04:30:00";"SP";116;173,6;"JACAREI";"Reação tardia ou ineficiente do condutor";"Colisão traseira";"Com Vítimas Feridas";"Plena Noite";"Crescente";"Nublado";"Dupla";"Reta";"Não";3;0;0;1;2;0;1;2;-23,31710055;-46,08178719;"SPRF-SP";"DEL02-SP";"UOP01-DEL02-SP"
358312;2021-05-17;"segunda-feira";"12:20:00";"RJ";101;400;"ITAGUAI";"Manobra de mudança de faixa";"Colisão lateral mesmo sentido";"Com Vítimas Feridas";"Pleno dia";"Crescente";"Céu Claro";"Dupla";"Reta";"Sim";3;0;1;0;2;0;1;2;-22,8483707;-43,76952338;"SPRF-RJ";"DEL03-RJ";"UOP01-DEL03-RJ"
362390;2021-05-07;"sexta-feira";"08:00:00";"GO";158;55;"BOM JARDIM DE GOIAS";"Acessar a via sem observar a presença dos outros veículos";"Colisão transversal";"Com Vítimas Feridas";"Pleno dia";"Decrescente";"Céu Claro";"Simples";"Reta";"Não";3;0;1;1;0;1;2;2;-16,19672242;-52,16348827;"SPRF-GO";"DEL04-GO";"UOP01-DEL04-GO"
362668;2021-06-07;"segunda-feira";"15:30:00";"RJ";493;21;"MAGE";"Mal súbito do condutor";"Saída de leito carroçável";"Com Vítimas Feridas";"Pleno dia";"Crescente";"Céu Claro";"Simples";"Reta";"Sim";2;0;1;0;0;1;1;2;-22,66151289;-43,04480692;"SPRF-RJ";"DEL04-RJ";"UOP02-DEL04-RJ"
363636;2021-06-12;"sábado";"07:30:00";"DF";70;8;"BRASILIA";"Ingestão de álcool pelo condutor";"Colisão com objeto";"Sem Vítimas";"Pleno dia";"Decrescente";"Céu Claro";"Dupla";"Reta";"Sim";2;0;0;0;0;2;0;2;-15,784966;-48,122108;"SPRF-DF";"DEL03-DF";"UOP02-DEL03-DF"
363862;2021-06-13;"domingo";"09:20:00";"PR";116;47;"CAMPINA GRANDE DO SUL";"Reação tardia ou ineficiente do condutor";"Colisão traseira";"Com Vítimas Feridas";"Pleno dia";"Decrescente";"Céu Claro";"Dupla";"Reta";"Não";2;0;1;0;0;1;1;2;-25,21058799;-48,89720903;"SPRF-PR";"DEL01-PR";"UOP02-DEL01-PR"
366254;2021-06-24;"quinta-feira";"18:20:00";"AM";174;987;"PRESIDENTE FIGUEIREDO";"Reação tardia ou ineficiente do condutor";"Colisão traseira";"Com Vítimas Feridas";"Plena Noite";"Decrescente";"Céu Claro";"Simples";"Aclive;Reta";"Não";4;0;3;0;0;1;3;2;-2,08548;-60,004922;"SPRF-AM";"DEL01-AM";"UOP02-DEL01-AM"
367330;2021-06-07;"segunda-feira";"17:50:00";"PA";230;5,8;"BREJO GRANDE DO ARAGUAIA";"Ultrapassagem Indevida";"Colisão frontal";"Com Vítimas Fatais";"Plena Noite";"Crescente";"Ignorado";"Dupla";"Reta";"Não";3;1;0;0;1;1;0;3;-5,696301;-48,34225;"SPRF-PA";"DEL03-PA";"UOP01-DEL03-PA"
367479;2021-06-30;"quarta-feira";"22:05:00";"BA";116;818,3;"VITORIA DA CONQUISTA";"Reação tardia ou ineficiente do condutor";"Colisão lateral mesmo sentido";"Com Vítimas Fatais";"Plena Noite";"Crescente";"Nublado";"Simples";"Reta";"Sim";3;1;0;0;0;2;0;3;-14,82467243;-40,82073212;"SPRF-BA";"DEL08-BA";"UOP01-DEL08-BA"
371228;2021-07-17;"sábado";"16:05:00";"RN";226;303,6;"AUGUSTO SEVERO";"Pista esburacada";"Colisão traseira";"Com Vítimas Feridas";"Pleno dia";"Crescente";"Céu Claro";"Simples";"Reta";"Não";2;0;1;0;1;0;1;2;-5,970983;-37,369203;"SPRF-RN";"DEL04-RN";"UOP01-DEL04-RN"
372142;2021-07-22;"quinta-feira";"08:30:00";"PE";101;40;"IGARASSU";"Ausência de reação do condutor";"Colisão transversal";"Com Vítimas Feridas";"Pleno dia";"Crescente";"Sol";"Múltipla";"Reta";"Sim";3;0;1;0;1;1;1;2;-7,821475;-34,916545;"SPRF-PE";"DEL01-PE";"UOP02-DEL01-PE"
372659;2021-07-24;"sábado";"20:30:00";"SP";153;17,5;"NOVA GRANADA";"Ausência de reação do condutor";"Colisão traseira";"Com Vítimas Feridas";"Plena Noite";"Crescente";"Céu Claro";"Simples";"Reta";"Não";2;0;1;0;0;1;1;2;-20,43554595;-49,2770591;"SPRF-SP";"DEL09-SP";"UOP01-DEL09-SP"
373673;2021-07-29;"quinta-feira";"16:30:00";"MT";364;193,2;"RONDONOPOLIS";"Reação tardia ou ineficiente do condutor";"Colisão lateral mesmo sentido";"Com Vítimas Feridas";"Pleno dia";"Crescente";"Sol";"Simples";"Reta";"Não";3;0;1;0;1;1;1;2;-16,53246336;-54,58496737;"SPRF-MT";"DEL02-MT";"UOP01-DEL02-MT"
374962;2021-08-05;"quinta-feira";"03:20:00";"PR";369;63;"BANDEIRANTES";"Acessar a via sem observar a presença dos outros veículos";"Colisão lateral mesmo sentido";"Sem Vítimas";"Plena Noite";"Decrescente";"Céu Claro";"Simples";"Reta";"Não";2;0;0;0;1;1;0;2;-23,13846577;-50,4001236;"SPRF-PR";"DEL07-PR";"UOP01-DEL07-PR"
377202;2021-08-15;"domingo";"03:50:00";"CE";222;301,4;"TIANGUA";"Ingestão de álcool pelo condutor";"Tombamento";"Sem Vítimas";"Plena Noite";"Crescente";"Céu Claro";"Simples";"Reta;Aclive";"Não";2;0;0;0;0;2;0;1;-3,66043935;-40,95015943;"SPRF-CE";"DEL04-CE";"UOP02-DEL04-CE"
377974;2021-08-19;"quinta-feira";"11:00:00";"RN";101;104;"PARNAMIRIM";"Demais falhas mecânicas ou elétricas";"Colisão com objeto";"Com Vítimas Feridas";"Pleno dia";"Crescente";"Céu Claro";"Múltipla";"Reta";"Sim";3;0;1;0;2;0;1;3;-5,89474121;-35,25786465;"SPRF-RN";"DEL01-RN";"UOP01-DEL01-RN"
379976;2021-08-28;"sábado";"19:30:00";"AL";101;9;"NOVO LINO";"Área urbana sem a presença de local apropriado para a travessia de pedestres";"Atropelamento de Pedestre";"Com Vítimas Fatais";"Plena Noite";"Crescente";"Céu Claro";"Múltipla";"Reta";"Sim";3;1;0;0;2;0;0;3;-8,94483876;-35,65853065;"SPRF-AL";"DEL01-AL";"UOP02-DEL01-AL"
380389;2021-08-30;"segunda-feira";"20:30:00";"GO";153;509;"APARECIDA DE GOIANIA";"Acessar a via sem observar a presença dos outros veículos";"Colisão com objeto";"Sem Vítimas";"Plena Noite";"Crescente";"Céu Claro";"Dupla";"Aclive";"Sim";2;0;0;0;1;1;0;2;-16,7888;-49,2379;"SPRF-GO";"DEL01-GO";"UOP03-DEL01-GO"
380396;2021-08-30;"segunda-feira";"20:10:00";"GO";153;610;"MORRINHOS";"Acesso irregular";"Colisão com objeto";"Com Vítimas Feridas";"Plena Noite";"Crescente";"Céu Claro";"Múltipla";"Reta";"Sim";2;0;1;0;0;1;1;2;-17,63017802;-49,17740107;"SPRF-GO";"DEL03-GO";"UOP01-DEL03-GO"
380778;2021-09-01;"quarta-feira";"20:00:00";"MT";364;141,1;"PEDRA PRETA";"Iluminação deficiente";"Colisão traseira";"Com Vítimas Feridas";"Plena Noite";"Crescente";"Céu Claro";"Simples";"Curva";"Não";4;0;2;0;2;0;2;2;-16,79378293;-54,13118898;"SPRF-MT";"DEL02-MT";"UOP01-DEL02-MT"
380875;2021-08-21;"sábado";"14:25:00";"MT";364;400;"CUIABA";"Acessar a via sem observar a presença dos outros veículos";"Colisão transversal";"Sem Vítimas";"Pleno dia";"Crescente";"Céu Claro";"Dupla";"Reta";"Sim";2;0;0;0;1;1;0;2;-15,66059529;-55,97423315;"SPRF-MT";"DEL01-MT";"UOP02-DEL01-MT"
380905;2021-09-02;"quinta-feira";"18:30:00";"MS";60;44,3;"PARAISO DAS AGUAS";"Ausência de reação do condutor";"Colisão traseira";"Com Vítimas Feridas";"Plena Noite";"Decrescente";"Céu Claro";"Simples";"Reta";"Não";3;0;0;1;0;2;1;3;-18,96720966;-52,86050607;"SPRF-MS";"DEL08-MS";"UOP01-DEL08-MS"
383845;2021-03-19;"sexta-feira";"23:00:00";"MA";135;44,7;"BACABEIRA";"Ausência de reação do condutor";"Colisão traseira";"Com Vítimas Fatais";"Plena Noite";"Crescente";"Céu Claro";"Dupla";"Reta";"Sim";3;2;0;0;0;1;0;2;-2,9178575;-44,34673274;"SPRF-MA";"DEL01-MA";"UOP01-DEL01-MA"
387036;2021-10-02;"sábado";"07:30:00";"SP";116;552;"BARRA DO TURVO";"Ausência de reação do condutor";"Colisão traseira";"Com Vítimas Feridas";"Pleno dia";"Decrescente";"Nublado";"Dupla";"Reta";"Não";4;0;2;0;2;0;2;2;-24,96398394;-48,47996582;"SPRF-SP";"DEL05-SP";"UOP02-DEL05-SP"
387116;2021-10-02;"sábado";"16:30:00";"RJ";101;425;"MANGARATIBA";"Ingestão de álcool pelo condutor";"Colisão traseira";"Sem Vítimas";"Pleno dia";"Decrescente";"Céu Claro";"Simples";"Reta";"Não";3;0;0;0;3;0;0;3;-22,92618815;-43,96323294;"SPRF-RJ";"DEL03-RJ";"UOP03-DEL03-RJ"
388070;2021-09-22;"quarta-feira";"09:00:00";"PE";428;144;"PETROLINA";"Acessar a via sem observar a presença dos outros veículos";"Colisão traseira";"Com Vítimas Feridas";"Pleno dia";"Crescente";"Sol";"Simples";"Reta";"Não";2;0;0;1;0;1;1;2;-9,03230533;-40,28915185;"SPRF-PE";"DEL06-PE";"UOP01-DEL06-PE"
389090;2021-10-11;"segunda-feira";"07:00:00";"PI";135;133;"BERTOLINIA";"Demais falhas mecânicas ou elétricas";"Incêndio";"Sem Vítimas";"Pleno dia";"Crescente";"Nublado";"Simples";"Reta";"Não";1;0;0;0;0;1;0;1;-7,6931034;-43,90683327;"SPRF-PI";"DEL03-PI";"UOP01-DEL03-PI"
389662;2021-10-14;"quinta-feira";"17:15:00";"SP";116;154,1;"SAO JOSE DOS CAMPOS";"Ausência de reação do condutor";"Tombamento";"Com Vítimas Feridas";"Pleno dia";"Decrescente";"Chuva";"Dupla";"Reta";"Sim";2;0;1;0;0;1;1;2;-23,23903999;-45,92061901;"SPRF-SP";"DEL02-SP";"UOP01-DEL02-SP"
391542;2021-10-23;"sábado";"19:34:00";"TO";153;266;"BRASILANDIA DO TOCANTINS";"Ultrapassagem Indevida";"Colisão lateral mesmo sentido";"Com Vítimas Feridas";"Plena Noite";"Decrescente";"Céu Claro";"Simples";"Reta;Declive";"Não";3;0;2;0;0;1;2;2;-8,22705;-48,46489402;"SPRF-TO";"DEL02-TO";"UOP02-DEL02-TO"
392686;2021-10-29;"sexta-feira";"19:30:00";"MG";40;604,5;"CONGONHAS";"Manobra de mudança de faixa";"Colisão traseira";"Com Vítimas Feridas";"Plena Noite";"Decrescente";"Nublado";"Simples";"Curva";"Não";4;0;1;0;2;1;1;2;-20,45222799;-43,84086796;"SPRF-MG";"DEL05-MG";"UOP02-DEL05-MG"
393135;2021-10-31;"domingo";"18:30:00";"RJ";116;100;"GUAPIMIRIM";"Transitar no acostamento";"Engavetamento";"Com Vítimas Feridas";"Anoitecer";"Crescente";"Chuva";"Simples";"Reta";"Não";3;0;0;1;2;0;1;3;-22,50707437;-42,99693;"SPRF-RJ";"DEL04-RJ";"UOP02-DEL04-RJ"
393387;2021-11-01;"segunda-feira";"20:50:00";"SC";101;416,4;"ARARANGUA";"Manobra de mudança de faixa";"Colisão lateral mesmo sentido";"Sem Vítimas";"Plena Noite";"Crescente";"Céu Claro";"Múltipla";"Reta";"Sim";3;0;0;0;1;2;0;3;-28,96708874;-49,52338825;"SPRF-SC";"DEL02-SC";"UOP02-DEL02-SC"
393399;2021-11-01;"segunda-feira";"23:55:00";"MG";381;357;"JOAO MONLEVADE";"Chuva";"Colisão com objeto";"Sem Vítimas";"Plena Noite";"Decrescente";"Nublado";"Simples";"Reta";"Sim";2;0;0;0;1;1;0;2;-19,85175308;-43,213709;"SPRF-MG";"DEL03-MG";"UOP01-DEL03-MG"
394128;2021-11-05;"sexta-feira";"23:50:00";"RJ";393;142;"SAPUCAIA";"Ingestão de álcool pelo condutor";"Colisão transversal";"Com Vítimas Fatais";"Plena Noite";"Crescente";"Céu Claro";"Simples";"Reta";"Não";2;1;0;0;0;1;0;2;-22,01940357;-42,96428732;"SPRF-RJ";"DEL05-RJ";"UOP01-DEL05-RJ"
395672;2021-11-13;"sábado";"21:00:00";"RS";386;48,3;"SEBERI";"Ingestão de álcool pelo condutor";"Colisão lateral sentido oposto";"Com Vítimas Feridas";"Plena Noite";"Crescente";"Céu Claro";"Simples";"Curva";"Sim";2;0;1;0;1;0;1;2;-27,474958;-53,399574;"SPRF-RS";"DEL08-RS";"UOP02-DEL08-RS"
398842;2021-11-30;"terça-feira";"14:45:00";"GO";60;12;"SANTO ANTONIO DO DESCOBERTO";"Reação tardia ou ineficiente do condutor";"Colisão traseira";"Com Vítimas Feridas";"Pleno dia";"Decrescente";"Céu Claro";"Dupla";"Reta";"Não";2;0;1;0;1;0;1;2;-16,113606;-48,340721;"SPRF-DF";"DEL03-DF";"UOP01-DEL03-DF"
399384;2021-12-03;"sexta-feira";"12:39:00";"RJ";116;208;"SEROPEDICA";"Frear bruscamente";"Colisão lateral mesmo sentido";"Com Vítimas Feridas";"Pleno dia";"Decrescente";"Céu Claro";"Dupla";"Interseção de Vias";"Não";3;0;1;0;2;0;1;2;-22,72297475;-43,67131596;"SPRF-RJ";"DEL01-RJ";"UOP03-DEL01-RJ"
400198;2021-12-06;"segunda-feira";"17:20:00";"BA";324;519;"FEIRA DE SANTANA";"Manobra de mudança de faixa";"Colisão traseira";"Com Vítimas Feridas";"Pleno dia";"Decrescente";"Céu Claro";"Dupla";"Reta";"Sim";2;0;1;0;1;0;1;2;-12,26687642;-38,93349875;"SPRF-BA";"DEL02-BA";"UOP01-DEL02-BA"
400746;2021-12-09;"quinta-feira";"17:00:00";"PI";20;408;"PIO IX";"Condutor deixou de manter distância do veículo da frente";"Colisão traseira";"Sem Vítimas";"Pleno dia";"Crescente";"Céu Claro";"Simples";"Reta";"Não";2;0;0;0;2;0;0;2;-6,52590614;-40,78990288;"SPRF-PI";"DEL04-PI";"UOP01-DEL04-PI"
401001;2021-12-10;"sexta-feira";"21:30:00";"MS";163;2;"MUNDO NOVO";"Reação tardia ou ineficiente do condutor";"Saída de leito carroçável";"Sem Vítimas";"Plena Noite";"Crescente";"Céu Claro";"Simples";"Reta";"Não";1;0;0;0;0;1;0;1;-24,03019873;-54,28730965;"SPRF-MS";"DEL09-MS";"UOP02-DEL09-MS"
401032;2021-12-11;"sábado";"04:00:00";"BA";324;322;"JACOBINA";"Demais falhas mecânicas ou elétricas";"Incêndio";"Sem Vítimas";"Plena Noite";"Decrescente";"Nublado";"Simples";"Reta";"Não";1;0;0;0;1;0;0;1;-11,2693;-40,2931;"SPRF-BA";"DEL04-BA";"UOP02-DEL04-BA"
403291;2021-12-21;"terça-feira";"20:50:00";"MG";381;852;"POUSO ALEGRE";"Velocidade Incompatível";"Colisão traseira";"Com Vítimas Feridas";"Plena Noite";"Decrescente";"Céu Claro";"Dupla";"Reta;Declive";"Sim";2;0;1;0;0;1;1;2;-22,29622613;-45,89935251;"SPRF-MG";"DEL16-MG";"UOP01-DEL16-MG"
403745;2021-12-24;"sexta-feira";"05:30:00";"RR";174;447;"MUCAJAI";"Demais falhas mecânicas ou elétricas";"Incêndio";"Sem Vítimas";"Amanhecer";"Crescente";"Céu Claro";"Simples";"Reta";"Não";1;0;0;0;1;0;0;1;2,431197;-60,92004;"SPRF-RR";"DEL01-RR";"UOP01-DEL01-RR"
404181;2021-12-26;"domingo";"17:30:00";"PR";116;29;"CAMPINA GRANDE DO SUL";"Condutor deixou de manter distância do veículo da frente";"Colisão traseira";"Sem Vítimas";"Pleno dia";"Crescente";"Garoa/Chuvisco";"Dupla";"Curva;Aclive";"Não";3;0;0;0;2;1;0;2;-25,10057871;-48,81128876;"SPRF-PR";"DEL01-PR";"UOP02-DEL01-PR"
424876;2021-10-22;"sexta-feira";"10:45:00";"BA";324;460;"TANQUINHO";"Demais falhas mecânicas ou elétricas";"Colisão com objeto";"Com Vítimas Feridas";"Pleno dia";"Crescente";"Céu Claro";"Simples";"Reta";"Não";3;0;0;1;1;1;1;3;-11,95536466;-39,17690277;"SPRF-BA";"DEL02-BA";"UOP01-DEL02-BA"
501010;2021-02-13;"sábado";"04:30:00";"TO";153;139;"ARAGUAINA";"Pista Escorregadia";"Colisão traseira";"Com Vítimas Feridas";"Plena Noite";"Decrescente";"Chuva";"Múltipla";"Reta";"Sim";2;0;0;1;0;1;1;2;-7,16325275;-48,20698926;"SPRF-TO";"DEL02-TO";"UOP01-DEL02-TO"
336482;2021-01-25;"segunda-feira";"07:00:00";"RO";364;675;"CANDEIAS DO JAMARI";"Demais falhas mecânicas ou elétricas";"Saída de leito carroçável";"Com Vítimas Feridas";"Pleno dia";"Crescente";"Chuva";"Simples";"Reta";"Não";4;0;1;0;2;12;1;14;-8,78080028;-63,54351197;"SPRF-RO";"DEL01-RO";"UOP01-DEL01-RO"
341067;2021-02-16;"terça-feira";"13:55:00";"GO";60;126,5;"GOIANAPOLIS";"Obras na pista";"Eventos atípicos";"Com Vítimas Feridas";"Pleno dia";"Decrescente";"Sol";"Dupla";"Curva";"Não";4;0;2;0;1;1;2;3;-16,5324;-49,1473;"SPRF-GO";"DEL01-GO";"UOP01-DEL01-GO"
352880;2021-04-20;"terça-feira";"04:30:00";"SP";101;31;"UBATUBA";"Ausência de reação do condutor";"Tombamento";"Com Vítimas Feridas";"Plena Noite";"Crescente";"Céu Claro";"Simples";"Curva";"Não";7;0;5;0;1;2;5;3;-23,38434701;-44,97217398;"SPRF-SP";"DEL06-SP";"UOP01-DEL06-SP"
358723;2021-05-19;"quarta-feira";"17:15:00";"RS";285;517,6;"VITORIA DAS MISSOES";"Velocidade Incompatível";"Saída de leito carroçável";"Sem Vítimas";"Pleno dia";"Crescente";"Sol";"Simples";"Curva";"Não";2;0;0;0;1;1;0;2;-28,398134;-54,463413;"SPRF-RS";"DEL10-RS";"UOP01-DEL10-RS"
364056;2021-06-14;"segunda-feira";"00:30:00";"PB";230;65,9;"SAO MIGUEL DE TAIPU";"Demais falhas mecânicas ou elétricas";"Saída de leito carroçável";"Sem Vítimas";"Plena Noite";"Decrescente";"Céu Claro";"Dupla";"Declive";"Não";2;0;0;0;0;2;0;2;-7,1911;-35,1832;"SPRF-PB";"DEL01-PB";"UOP03-DEL01-PB"
374318;2021-08-01;"domingo";"16:20:00";"MG";40;10,8;"PARACATU";"Demais falhas mecânicas ou elétricas";"Colisão frontal";"Com Vítimas Fatais";"Pleno dia";"Crescente";"Céu Claro";"Simples";"Reta";"Não";6;1;2;2;0;5;4;7;-17,06783722;-47,07867999;"SPRF-MG";"DEL14-MG";"UOP01-DEL14-MG"
383557;2021-09-14;"terça-feira";"18:50:00";"PI";316;262;"IPIRANGA DO PIAUI";"Demais falhas mecânicas ou elétricas";"Incêndio";"Sem Vítimas";"Anoitecer";"Crescente";"Céu Claro";"Simples";"Reta";"Não";5;0;0;0;4;1;0;2;-6,84643391;-41,73965741;"SPRF-PI";"DEL04-PI";"UOP02-DEL04-PI"
384524;2021-09-17;"sexta-feira";"15:30:00";"AP";210;14;"MACAPA";"Demais falhas mecânicas ou elétricas";"Incêndio";"Sem Vítimas";"Pleno dia";"Crescente";"Céu Claro";"Simples";"Reta";"Não";2;0;0;0;1;1;0;2;0,1494043262;-51,1404013453;"SPRF-AP";"DEL01-AP";"UOP01-DEL01-AP"
384924;2021-09-21;"terça-feira";"14:15:00";"RO";319;41;"PORTO VELHO";"Acessar a via sem observar a presença dos outros veículos";"Colisão lateral mesmo sentido";"Com Vítimas Feridas";"Pleno dia";"Crescente";"Céu Claro";"Simples";"Reta";"Não";4;0;0;1;2;1;1;3;-8,64867499;-63,99571578;"SPRF-RO";"DEL01-RO";"UOP01-DEL01-RO"