"id";"data_inversa";"dia_semana";"horario";"uf";"br";"km";"municipio";"causa_acidente";"tipo_acidente";"classificacao_acidente";"fase_dia";"sentido_via";"condicao_metereologica";"tipo_pista";"tracado_via";"uso_solo";"pessoas";"mortos";"feridos_leves";"feridos_graves";"ilesos";"ignorados";"feridos";"veiculos";"latitude";"longitude";"regional";"delegacia";"uop"
356452;2021-05-08;"sábado";"19:35:00";"RS";386;342,7;"LAJEADO";"Ingestão de álcool pelo condutor";"Colisão frontal";"Sem Vítimas";"Plena Noite";"Decrescente";"Céu Claro";"Simples";"Interseção de Vias";"Não";3;0;0;0;2;1;0;3;-29,431631;-52,011932;"SPRF-RS";"DEL04-RS";"UOP01-DEL04-RS"
357200;2021-05-12;"quarta-feira";"06:50:00";"MG";262;366,1;"JUATUBA";"Carga excessiva e/ou mal acondicionada";"Derramamento de carga";"Com Vítimas Feridas";"Pleno dia";"Crescente";"Sol";"Dupla";"Reta";"Não";5;0;2;0;2;1;2;4;-19,974217;-44,261798;"SPRF-MG";"DEL01-MG";"UOP03-DEL01-MG"
357548;2021-05-13;"quinta-feira";"22:10:00";"PE";232;59,5;"POMBOS";"Acessar a via sem observar a presença dos outros veículos";"Colisão lateral mesmo sentido";"Sem Vítimas";"Plena Noite";"Decrescente";"Chuva";"Simples";"Interseção de Vias";"Sim";3;0;0;0;2;1;0;3;-8,1471233;-35,39890998;"SPRF-PE";"DEL02-PE";"UOP02-DEL02PE"
358621;2021-05-19;"quarta-feira";"07:15:00";"RN";101;78,8;"NATAL";"Desrespeitar a preferência no cruzamento";"Colisão transversal";"Com Vítimas Feridas";"Pleno dia";"Decrescente";"Céu Claro";"Dupla";"Rotatória;Interseção de Vias";"Sim";3;0;1;0;1;1;1;3;-5,74071896;-35,29021064;"SPRF-RN";"DEL02-RN";"UOP01-DEL02-RN"
358709;2021-05-19;"quarta-feira";"16:30:00";"PE";407;129;"PETROLINA";"Modificação proibida";"Colisão traseira";"Com Vítimas Feridas";"Pleno dia";"Decrescente";"Sol";"Dupla";"Ponte";"Sim";3;0;1;0;1;1;1;3;-9,40617677;-40,50449967;"SPRF-PE";"DEL06-PE";"UOP01-DEL06-PE"
358799;2021-05-20;"quinta-feira";"06:50:00";"GO";60;98;"ANAPOLIS";"Acessar a via sem observar a presença dos outros veículos";"Colisão lateral mesmo sentido";"Com Vítimas Feridas";"Pleno dia";"Crescente";"Sol";"Dupla";"Reta";"Sim";5;0;1;0;3;1;1;3;-16,38217652;-48,95303965;"SPRF-GO";"DEL02-GO";"UOP01-DEL02-GO"
359072;2021-05-21;"sexta-feira";"14:00:00";"RS";285;606,2;"SANTO ANTONIO DAS MISSOES";"Velocidade Incompatível";"Saída de leito carroçável";"Com Vítimas Feridas";"Pleno dia";"Crescente";"Chuva";"Simples";"Aclive;Reta";"Não";3;0;1;0;1;1;1;2;-28,493546;-55,344425;"SPRF-RS";"DEL12-RS";"UOP01-DEL12-RS"
359748;2021-05-24;"segunda-feira";"13:15:00";"BA";324;325;"JACOBINA";"Acessar a via sem observar a presença dos outros veículos";"Colisão transversal";"Com Vítimas Feridas";"Pleno dia";"Decrescente";"Céu Claro";"Simples";"Reta";"Sim";5;0;2;2;0;1;4;3;-11,26964878;-40,26426691;"SPRF-BA";"DEL04-BA";"UOP02-DEL04-BA"
359760;2021-05-24;"segunda-feira";"18:00:00";"ES";101;95,6;"JAGUARE";"Ausência de reação do condutor";"Colisão traseira";"Com Vítimas Fatais";"Anoitecer";"Crescente";"Céu Claro";"Simples";"Reta";"Não";4;1;0;0;1;2;0;4;-18,93905359;-39,97576585;"SPRF-ES";"DEL04-ES";"UOP02-DEL04-ES"
360359;2021-05-28;"sexta-feira";"00:10:00";"DF";70;10;"BRASILIA";"Acessar a via sem observar a presença dos outros veículos";"Colisão traseira";"Com Vítimas Feridas";"Plena Noite";"Crescente";"Céu Claro";"Dupla";"Reta";"Sim";4;0;1;0;2;1;1;4;-15,787066;-48,140709;"SPRF-DF";"DEL03-DF";"UOP02-DEL03-DF"
360592;2021-05-29;"sábado";"00:15:00";"MG";381;551,9;"ITAGUARA";"Transitar na contramão";"Colisão frontal";"Com Vítimas Fatais";"Plena Noite";"Crescente";"Nublado";"Dupla";"Reta";"Não";12;1;3;0;7;1;3;3;-20,33850122;-44,44215828;"SPRF-MG";"DEL04-MG";"UOP03-DEL04-MG"
360649;2021-05-21;"sexta-feira";"19:50:00";"GO";60;188;"GUAPO";"Demais falhas mecânicas ou elétricas";"Eventos atípicos";"Sem Vítimas";"Plena Noite";"Crescente";"Céu Claro";"Dupla";"Aclive";"Não";3;0;0;0;2;1;0;2;-16,8138;-49,5294;"SPRF-GO";"DEL01-GO";"UOP02-DEL01-GO"
361104;2021-05-31;"segunda-feira";"04:35:00";"PR";373;172;"PONTA GROSSA";"Condutor deixou de manter distância do veículo da frente";"Colisão traseira";"Com Vítimas Feridas";"Plena Noite";"Crescente";"Nevoeiro/Neblina";"Simples";"Em Obras;Reta";"Sim";3;0;1;0;1;1;1;3;-25,08139932;-50,19200981;"SPRF-PR";"DEL03-PR";"UOP01-DEL03-PR"
361212;2021-05-31;"segunda-feira";"16:40:00";"SC";101;203;"SAO JOSE";"Condutor deixou de manter distância do veículo da frente";"Engavetamento";"Sem Vítimas";"Pleno dia";"Decrescente";"Sol";"Dupla";"Aclive";"Sim";4;0;0;0;3;1;0;4;-27,5650044;-48,61460082;"SPRF-SC";"DEL01-SC";"UOP01-DEL01-SC"
361485;2021-06-01;"terça-feira";"19:45:00";"GO";414;293;"VILA PROPICIO";"Ausência de sinalização";"Colisão transversal";"Com Vítimas Feridas";"Plena Noite";"Decrescente";"Céu Claro";"Simples";"Reta";"Não";7;0;2;0;4;1;2;3;-15,14995004;-48,71262706;"SPRF-GO";"DEL07-GO";"UOP02-DEL07-GO"
361501;2021-01-24;"domingo";"05:30:00";"MG";50;75;"UBERLANDIA";"Ausência de reação do condutor";"Colisão lateral mesmo sentido";"Com Vítimas Feridas";"Amanhecer";"Crescente";"Céu Claro";"Dupla";"Reta";"Sim";4;0;0;1;1;2;1;4;-18,986906;-48,211853;"SPRF-MG";"DEL15-MG";"UOP01-DEL15-MG"
362417;2021-06-06;"domingo";"11:30:00";"GO";20;119;"FLORES DE GOIAS";"Demais falhas mecânicas ou elétricas";"Saída de leito carroçável";"Com Vítimas Feridas";"Pleno dia";"Decrescente";"Céu Claro";"Simples";"Reta";"Não";6;0;0;4;1;1;4;3;-14,873932;-46,835747;"SPRF-DF";"DEL02-DF";"UOP03-DEL02-DF"
362823;2021-06-08;"terça-feira";"09:00:00";"MG";365;818,5;"SANTA VITORIA";"Reação tardia ou ineficiente do condutor";"Saída de leito carroçável";"Com Vítimas Feridas";"Pleno dia";"Decrescente";"Sol";"Simples";"Reta";"Não";3;0;2;0;0;1;2;2;-18,87979522;-50,07684104;"SPRF-MG";"DEL15-MG";"UOP03-DEL15-MG"
363560;2021-06-11;"sexta-feira";"20:35:00";"RS";386;156,6;"ALMIRANTE TAMANDARE DO SUL";"Transitar na contramão";"Colisão frontal";"Com Vítimas Feridas";"Plena Noite";"Crescente";"Céu Claro";"Simples";"Reta";"Não";3;0;0;2;0;1;2;3;-28,12757309;-52,85005331;"SPRF-RS";"DEL08-RS";"UOP01-DEL08-RS"
363711;2021-06-12;"sábado";"14:40:00";"SC";280;22;"ARAQUARI";"Condutor deixou de manter distância do veículo da frente";"Colisão lateral mesmo sentido";"Com Vítimas Feridas";"Pleno dia";"Crescente";"Céu Claro";"Simples";"Reta";"Sim";5;0;1;0;3;1;1;3;-26,37092616;-48,70204099;"SPRF-SC";"DEL03-SC";"UOP03-DEL03-SC"
363728;2021-06-12;"sábado";"16:08:00";"PB";0;0;"CAMPINA GRANDE";"Frear bruscamente";"Colisão traseira";"Sem Vítimas";"Pleno dia";"Não Informado";"Céu Claro";"Simples";"Em Obras";"Sim";5;0;0;0;2;3;0;3;-7,29298;-35,887876;"SPRF-PB";"DEL02-PB";"UOP03-DEL02-PB"
364058;2021-06-13;"domingo";"23:00:00";"GO";60;26;"ALEXANIA";"Condutor Dormindo";"Colisão com objeto";"Com Vítimas Feridas";"Plena Noite";"Crescente";"Nublado";"Dupla";"Reta";"Não";2;0;1;0;0;1;1;2;-16,0963;-48,5202;"SPRF-DF";"DEL03-DF";"UOP01-DEL03-DF"
364731;2021-06-17;"quinta-feira";"17:40:00";"BA";101;50;"ITABUNA";"Acessar a via sem observar a presença dos outros veículos";"Colisão transversal";"Com Vítimas Feridas";"Plena Noite";"Decrescente";"Céu Claro";"Simples";"Reta";"Sim";3;0;1;0;1;1;1;3;-14,83525131;-39,32226563;"SPRF-BA";"DEL01-BA";"UOP04-DEL01-BA"
365392;2021-06-20;"domingo";"17:30:00";"PR";116;18,8;"CURITIBA";"Ingestão de substâncias psicoativas pelo condutor";"Engavetamento";"Sem Vítimas";"Anoitecer";"Crescente";"Nublado";"Dupla";"Reta";"Sim";5;0;0;0;4;1;0;5;-25,3886883;-49,20082211;"SPRF-PR";"DEL01-PR";"UOP02-DEL01-PR"
365624;2021-06-21;"segunda-feira";"14:20:00";"MA";230;266;"LORETO";"Ultrapassagem Indevida";"Colisão lateral sentido oposto";"Sem Vítimas";"Pleno dia";"Decrescente";"Céu Claro";"Simples";"Reta";"Não";3;0;0;0;2;1;0;3;-6,84027053;-45,09332412;"SPRF-MA";"DEL05-MA";"UOP01-DEL05-MA"
366659;2021-06-26;"sábado";"19:50:00";"PB";405;11,6;"UIRAUNA";"Transitar na contramão";"Colisão frontal";"Com Vítimas Fatais";"Plena Noite";"Decrescente";"Nublado";"Simples";"Reta";"Não";4;2;0;0;0;2;0;3;-6,545448;-38,413371;"SPRF-PB";"DEL03-PB";"UOP03-DEL03-PB"
366821;2021-06-27;"domingo";"15:25:00";"RO";435;27,6;"VILHENA";"Ultrapassagem Indevida";"Colisão lateral mesmo sentido";"Com Vítimas Feridas";"Pleno dia";"Decrescente";"Nublado";"Simples";"Reta";"Não";3;0;1;0;1;1;1;3;-12,78308871;-60,34345914;"SPRF-RO";"DEL04-RO";"UOP02-DEL04-RO"
366953;2021-06-28;"segunda-feira";"06:00:00";"RJ";116;183;"NOVA IGUACU";"Demais falhas mecânicas ou elétricas";"Colisão traseira";"Com Vítimas Feridas";"Pleno dia";"Decrescente";"Céu Claro";"Múltipla";"Reta";"Sim";5;0;1;0;3;1;1;3;-22,7516014;-43,43849831;"SPRF-RJ";"DEL01-RJ";"UOP02-DEL01-RJ"
366984;2021-06-28;"segunda-feira";"10:10:00";"PR";376;358,2;"ORTIGUEIRA";"Reação tardia ou ineficiente do condutor";"Colisão lateral sentido oposto";"Com Vítimas Feridas";"Pleno dia";"Decrescente";"Nublado";"Simples";"Curva";"Não";5;0;1;0;3;1;1;4;-24,26036;-50,893909;"SPRF-PR";"DEL07-PR";"UOP02-DEL07-PR"
367210;2021-06-29;"terça-feira";"12:40:00";"GO";40;31,6;"LUZIANIA";"Retorno proibido";"Colisão transversal";"Com Vítimas Feridas";"Pleno dia";"Decrescente";"Céu Claro";"Dupla";"Reta";"Não";3;0;0;1;1;1;1;3;-16,28572541;-47,85602689;"SPRF-DF";"DEL01-DF";"UOP01-DEL01-DF"
367360;2021-06-30;"quarta-feira";"11:30:00";"SP";116;64;"GUARATINGUETA";"Ausência de reação do condutor";"Colisão traseira";"Com Vítimas Feridas";"Pleno dia";"Crescente";"Sol";"Dupla";"Curva";"Não";3;0;1;0;1;1;1;3;-22,81942006;-45,18421298;"SPRF-SP";"DEL08-SP";"UOP01-DEL08-SP"
367379;2021-06-30;"quarta-feira";"14:10:00";"SC";470;145,7;"RIO DO SUL";"Reação tardia ou ineficiente do condutor";"Engavetamento";"Com Vítimas Feridas";"Pleno dia";"Crescente";"Sol";"Simples";"Reta";"Sim";6;0;2;0;3;1;2;5;-27,240673;-49,685822;"SPRF-SC";"DEL04-SC";"UOP02-DEL04-SC"
367514;2021-07-01;"quinta-feira";"07:55:00";"BA";116;419;"FEIRA DE SANTANA";"Condutor deixou de manter distância do veículo da frente";"Colisão traseira";"Com Vítimas Feridas";"Pleno dia";"Crescente";"Chuva";"Dupla";"Reta";"Sim";3;0;1;0;1;1;1;3;-12,194529;-38,965336;"SPRF-BA";"DEL02-BA";"UOP01-DEL02-BA"
367616;2021-06-15;"terça-feira";"17:15:00";"SC";116;4,5;"MAFRA";"Acessar a via sem observar a presença dos outros veículos";"Colisão transversal";"Com Vítimas Feridas";"Pleno dia";"Crescente";"Céu Claro";"Simples";"Rotatória";"Não";3;0;1;0;1;1;1;3;-26,13554917;-49,8072652;"SPRF-SC";"DEL06-SC";"UOP01-DEL06-SC"
368033;2021-07-03;"sábado";"10:30:00";"SC";280;23,4;"ARAQUARI";"Carga excessiva e/ou mal acondicionada";"Colisão frontal";"Com Vítimas Feridas";"Pleno dia";"Decrescente";"Céu Claro";"Simples";"Reta";"Não";5;0;2;1;1;1;3;3;-26,37146;-48,711887;"SPRF-SC";"DEL03-SC";"UOP03-DEL03-SC"
368563;2021-07-05;"segunda-feira";"16:40:00";"PR";476;133;"CURITIBA";"Ausência de reação do condutor";"Colisão traseira";"Com Vítimas Feridas";"Pleno dia";"Decrescente";"Sol";"Múltipla";"Reta";"Sim";3;0;1;0;1;1;1;3;-25,469219;-49,254143;"SPRF-PR";"DEL01-PR";"UOP03-DEL01-PR"
368918;2021-07-07;"quarta-feira";"08:20:00";"PI";316;304;"PICOS";"Acessar a via sem observar a presença dos outros veículos";"Colisão transversal";"Com Vítimas Feridas";"Pleno dia";"Crescente";"Sol";"Simples";"Reta";"Sim";3;0;1;0;1;1;1;3;-7,03445776;-41,47657715;"SPRF-PI";"DEL04-PI";"UOP01-DEL04-PI"
369067;2021-07-07;"quarta-feira";"17:30:00";"MG";50;79;"UBERLANDIA";"Carga excessiva e/ou mal acondicionada";"Saída de leito carroçável";"Com Vítimas Feridas";"Pleno dia";"Crescente";"Céu Claro";"Dupla";"Reta";"Sim";2;0;1;0;0;1;1;2;-18,94792681;-48,21814656;"SPRF-MG";"DEL15-MG";"UOP01-DEL15-MG"
369176;2021-07-08;"quinta-feira";"14:30:00";"CE";222;4,1;"CAUCAIA";"Condutor deixou de manter distância do veículo da frente";"Colisão traseira";"Com Vítimas Fatais";"Pleno dia";"Crescente";"Sol";"Múltipla";"Reta";"Sim";3;1;0;0;0;2;0;3;-3,74164754;-38,60449792;"SPRF-CE";"DEL01-CE";"UOP01-DEL01-CE"
369509;2021-07-09;"sexta-feira";"21:50:00";"GO";452;183;"ITUMBIARA";"Acessar a via sem observar a presença dos outros veículos";"Colisão transversal";"Com Vítimas Feridas";"Plena Noite";"Decrescente";"Céu Claro";"Simples";"Reta";"Não";4;0;1;0;2;1;1;3;-18,39182893;-49,33487393;"SPRF-GO";"DEL03-GO";"UOP02-DEL03-GO"
369865;2021-07-11;"domingo";"07:00:00";"TO";153;387;"RIO DOS BOIS";"Ultrapassagem Indevida";"Colisão lateral mesmo sentido";"Com Vítimas Feridas";"Pleno dia";"Decrescente";"Céu Claro";"Simples";"Reta";"Não";5;0;2;0;2;1;2;3;-9,30444;-48,549826;"SPRF-TO";"DEL02-TO";"UOP01-DEL02-TO"
369953;2021-07-11;"domingo";"18:00:00";"SC";470;144,4;"RIO DO SUL";"Transitar na contramão";"Colisão frontal";"Com Vítimas Fatais";"Anoitecer";"Crescente";"Céu Claro";"Simples";"Reta";"Não";5;1;0;1;1;2;1;5;-27,235138;-49,677608;"SPRF-SC";"DEL04-SC";"UOP02-DEL04-SC"
370133;2021-07-12;"segunda-feira";"08:25:00";"MS";163;527;"JARAGUARI";"Acessar a via sem observar a presença dos outros veículos";"Colisão transversal";"Com Vítimas Feridas";"Pleno dia";"Crescente";"Céu Claro";"Simples";"Reta";"Sim";6;0;1;0;4;1;1;3;-20,100502;-54,4392;"SPRF-MS";"DEL01-MS";"UOP02-DEL01-MS"
370629;2021-07-14;"quarta-feira";"18:40:00";"SC";101;292,8;"IMBITUBA";"Manobra de mudança de faixa";"Colisão lateral mesmo sentido";"Com Vítimas Feridas";"Plena Noite";"Decrescente";"Nublado";"Múltipla";"Curva";"Não";4;0;0;1;1;2;1;4;-28,30204319;-48,719464;"SPRF-SC";"DEL02-SC";"UOP03-DEL02-SC"
370759;2021-07-15;"quinta-feira";"14:25:00";"PE";101;82;"JABOATAO DOS GUARARAPES";"Trafegar com motocicleta (ou similar) entre as faixas";"Colisão traseira";"Com Vítimas Feridas";"Pleno dia";"Decrescente";"Céu Claro";"Dupla";"Viaduto";"Não";3;0;1;0;1;1;1;3;-8,168383;-34,9376;"SPRF-PE";"DEL01-PE";"UOP01-DEL01-PE"
370927;2021-07-16;"sexta-feira";"11:30:00";"PB";361;6;"PATOS";"Acesso irregular";"Colisão frontal";"Com Vítimas Feridas";"Pleno dia";"Crescente";"Céu Claro";"Simples";"Reta";"Sim";4;0;1;0;2;1;1;4;-7,03594312;-37,31112598;"SPRF-PB";"DEL03-PB";"UOP01-DEL03-PB"
371266;2021-07-17;"sábado";"18:50:00";"TO";153;8;"XAMBIOA";"Ingestão de álcool pelo condutor";"Colisão transversal";"Com Vítimas Feridas";"Plena Noite";"Decrescente";"Céu Claro";"Simples";"Reta";"Não";5;0;2;0;2;1;2;4;-6,427149;-48,52611501;"SPRF-TO";"DEL02-TO";"UOP01-DEL02-TO"
371621;2021-07-19;"segunda-feira";"13:10:00";"SC";116;245,5;"LAGES";"Desrespeitar a preferência no cruzamento";"Colisão transversal";"Com Vítimas Feridas";"Pleno dia";"Crescente";"Sol";"Simples";"Rotatória";"Sim";4;0;2;0;1;1;2;3;-27,80081733;-50,36373138;"SPRF-SC";"DEL05-SC";"UOP02-DEL05-SC"
371898;2021-07-20;"terça-feira";"14:20:00";"BA";110;126,8;"CICERO DANTAS";"Acumulo de água sobre o pavimento";"Colisão traseira";"Sem Vítimas";"Pleno dia";"Decrescente";"Chuva";"Simples";"Reta";"Sim";6;0;0;0;5;1;0;3;-10,50691592;-38,37995578;"SPRF-BA";"DEL07-BA";"UOP02-DEL07-BA"
372336;2021-07-23;"sexta-feira";"12:30:00";"PR";467;73;"TOLEDO";"Carga excessiva e/ou mal acondicionada";"Colisão com objeto";"Sem Vítimas";"Pleno dia";"Decrescente";"Céu Claro";"Dupla";"Declive";"Não";2;0;0;0;1;1;0;2;-24,7322;-53,7;"SPRF-PR";"DEL04-PR";"UOP01-DEL04-PR"
372383;2021-07-23;"sexta-feira";"16:55:00";"AL";101;74,1;"MESSIAS";"Pedestre cruzava a pista fora da faixa";"Atropelamento de Pedestre";"Com Vítimas Feridas";"Anoitecer";"Crescente";"Céu Claro";"Dupla";"Reta";"Sim";3;0;0;1;1;1;1;3;-9,395538;-35,8387;"SPRF-AL";"DEL01-AL";"UOP01-DEL01-AL"
372644;2021-07-24;"sábado";"16:25:00";"MG";116;440,1;"ENGENHEIRO CALDAS";"Conversão proibida";"Colisão transversal";"Com Vítimas Feridas";"Pleno dia";"Decrescente";"Céu Claro";"Simples";"Curva";"Não";4;0;1;1;1;1;2;3;-19,07026398;-42,00346114;"SPRF-MG";"DEL06-MG";"UOP01-DEL06-MG"
372976;2021-07-26;"segunda-feira";"05:00:00";"PE";101;54;"PAULISTA";"Condutor deixou de manter distância do veículo da frente";"Colisão traseira";"Com Vítimas Feridas";"Amanhecer";"Crescente";"Nublado";"Dupla";"Reta";"Sim";4;0;2;0;0;2;2;3;-7,93961103;-34,90356584;"SPRF-PE";"DEL01-PE";"UOP02-DEL01-PE"
373382;2021-06-20;"domingo";"09:50:00";"SC";470;90,2;"ASCURRA";"Pista esburacada";"Colisão lateral sentido oposto";"Com Vítimas Feridas";"Pleno dia";"Decrescente";"Nublado";"Simples";"Reta";"Sim";3;0;0;1;1;1;1;3;-26,97142;-49,36687;"SPRF-SC";"DEL04-SC";"UOP01-DEL04-SC"
373588;2021-07-29;"quinta-feira";"14:30:00";"GO";40;97,5;"CRISTALINA";"Carga excessiva e/ou mal acondicionada";"Atropelamento de Pedestre";"Com Vítimas Feridas";"Pleno dia";"Crescente";"Céu Claro";"Simples";"Declive";"Sim";3;0;1;0;1;1;1;3;-16,764631;-47,595763;"SPRF-DF";"DEL01-DF";"UOP02-DEL01-DF"
374083;2021-07-31;"sábado";"17:40:00";"RO";319;60;"PORTO VELHO";"Reação tardia ou ineficiente do condutor";"Colisão traseira";"Com Vítimas Feridas";"Pleno dia";"Crescente";"Céu Claro";"Dupla";"Reta";"Sim";3;0;0;1;1;1;1;3;-8,74285;-63,9061;"SPRF-RO";"DEL01-RO";"UOP01-DEL01-RO"
374314;2021-08-01;"domingo";"19:10:00";"MG";153;107;"PRATA";"Ausência de reação do condutor";"Colisão traseira";"Com Vítimas Feridas";"Plena Noite";"Crescente";"Céu Claro";"Simples";"Reta";"Não";3;0;0;1;1;1;1;3;-19,29074;-48,90998;"SPRF-MG";"DEL15-MG";"UOP03-DEL15-MG"
374625;2021-08-03;"terça-feira";"06:40:00";"BA";101;210,5;"GOVERNADOR MANGABEIRA";"Conversão proibida";"Colisão transversal";"Com Vítimas Fatais";"Pleno dia";"Crescente";"Céu Claro";"Simples";"Curva";"Não";14;1;0;0;12;1;0;3;-12,607456;-39,062333;"SPRF-BA";"DEL01-BA";"UOP02-DEL01-BA"
374933;2021-08-04;"quarta-feira";"20:10:00";"PR";376;424;"TIBAGI";"Ultrapassagem Indevida";"Colisão frontal";"Sem Vítimas";"Plena Noite";"Decrescente";"Céu Claro";"Simples";"Curva";"Não";4;0;0;0;3;1;0;3;-24,7521511;-50,53637039;"SPRF-PR";"DEL03-PR";"UOP02-DEL03-PR"
375755;2021-08-05;"quinta-feira";"05:55:00";"MG";381;650,5;"SANTO ANTONIO DO AMPARO";"Carga excessiva e/ou mal acondicionada";"Derramamento de carga";"Sem Vítimas";"Amanhecer";"Crescente";"Céu Claro";"Dupla";"Reta";"Não";2;0;0;0;1;1;0;2;-20,9711341;-44,93201068;"SPRF-MG";"DEL04-MG";"UOP02-DEL04-MG"
376269;2021-08-10;"terça-feira";"12:35:00";"TO";153;729;"ALVORADA";"Avarias e/ou desgaste excessivo no pneu";"Capotamento";"Com Vítimas Feridas";"Pleno dia";"Decrescente";"Céu Claro";"Simples";"Reta";"Não";3;0;0;1;1;1;1;3;-12,19875698;-49,15620435;"SPRF-TO";"DEL01-TO";"UOP02-DEL01-TO"
376443;2021-08-11;"quarta-feira";"11:05:00";"PB";101;108,7;"ALHANDRA";"Acumulo de água sobre o pavimento";"Capotamento";"Com Vítimas Feridas";"Pleno dia";"Crescente";"Chuva";"Dupla";"Reta";"Sim";2;0;1;0;0;1;1;2;-7,33454898;-34,94758056;"SPRF-PB";"DEL01-PB";"UOP02-DEL01-PB"
376664;2021-08-12;"quinta-feira";"12:30:00";"MG";381;806,4;"SAO GONCALO DO SAPUCAI";"Reação tardia ou ineficiente do condutor";"Colisão com objeto";"Com Vítimas Feridas";"Pleno dia";"Decrescente";"Céu Claro";"Dupla";"Curva";"Não";3;0;1;0;1;1;1;2;-22,01443986;-45,67874834;"SPRF-MG";"DEL16-MG";"UOP02-DEL16-MG"
377019;2021-08-14;"sábado";"09:15:00";"PR";277;32;"MORRETES";"Velocidade Incompatível";"Capotamento";"Com Vítimas Feridas";"Pleno dia";"Decrescente";"Nublado";"Simples";"Curva;Declive";"Não";3;0;2;0;0;1;2;2;-25,547373;-48,790559;"SPRF-PR";"DEL01-PR";"UOP05-DEL01-PR"
377300;2021-08-15;"domingo";"16:50:00";"MG";262;27,5;"REDUTO";"Velocidade Incompatível";"Colisão frontal";"Com Vítimas Feridas";"Pleno dia";"Crescente";"Nublado";"Simples";"Curva";"Não";3;0;0;1;1;1;1;3;-20,24057124;-41,966311;"SPRF-MG";"DEL06-MG";"UOP03-DEL06-MG"
377644;2021-08-17;"terça-feira";"11:45:00";"GO";153;513;"APARECIDA DE GOIANIA";"Condutor deixou de manter distância do veículo da frente";"Colisão traseira";"Sem Vítimas";"Pleno dia";"Crescente";"Céu Claro";"Dupla";"Reta";"Sim";3;0;0;0;2;1;0;3;-16,8244;-49,2421;"SPRF-GO";"DEL01-GO";"UOP03-DEL01-GO"
378529;2021-07-23;"sexta-feira";"11:30:00";"PE";316;364;"PETROLANDIA";"Condutor deixou de manter distância do veículo da frente";"Colisão traseira";"Com Vítimas Feridas";"Pleno dia";"Crescente";"Céu Claro";"Simples";"Reta";"Sim";4;0;1;0;2;1;1;3;-8,95361595;-38,22353282;"SPRF-PE";"DEL04-PE";"UOP01-DEL04-PE"
378850;2021-08-22;"domingo";"06:35:00";"PR";277;72;"SAO JOSE DOS PINHAIS";"Condutor deixou de manter distância do veículo da frente";"Colisão traseira";"Sem Vítimas";"Amanhecer";"Decrescente";"Céu Claro";"Dupla";"Reta";"Não";3;0;0;0;2;1;0;3;-25,50557335;-49,14390564;"SPRF-PR";"DEL01-PR";"UOP01-DEL01-PR"
379224;2021-08-25;"quarta-feira";"07:15:00";"SP";116;395;"MIRACATU";"Avarias e/ou desgaste excessivo no pneu";"Saída de leito carroçável";"Com Vítimas Feridas";"Pleno dia";"Crescente";"Céu Claro";"Dupla";"Reta";"Sim";3;0;2;0;0;1;2;2;-24,28894933;-47,46080025;"SPRF-SP";"DEL04-SP";"UOP02-DEL04-SP"
379494;2021-08-26;"quinta-feira";"19:01:00";"PI";343;137;"PIRACURUCA";"Deficiência do Sistema de Iluminação/Sinalização";"Colisão traseira";"Com Vítimas Feridas";"Plena Noite";"Crescente";"Céu Claro";"Simples";"Reta";"Não";4;0;1;0;2;1;1;3;-3,894276;-41,70969;"SPRF-PI";"DEL02-PI";"UOP01-DEL02-PI"
379520;2021-08-26;"quinta-feira";"14:57:00";"RO";364;344;"JI-PARANA";"Retorno proibido";"Colisão transversal";"Com Vítimas Feridas";"Pleno dia";"Decrescente";"Garoa/Chuvisco";"Dupla";"Interseção de Vias";"Sim";3;0;1;0;1;1;1;3;-10,87376391;-61,95256893;"SPRF-RO";"DEL02-RO";"UOP01-DEL02-RO"
379826;2021-08-28;"sábado";"07:20:00";"SC";280;95,9;"CORUPA";"Chuva";"Saída de leito carroçável";"Com Vítimas Feridas";"Pleno dia";"Decrescente";"Chuva";"Simples";"Aclive;Curva";"Não";4;0;3;0;0;1;3;2;-26,38583849;-49,30283476;"SPRF-SC";"DEL06-SC";"UOP03-DEL06-SC"
379858;2021-08-28;"sábado";"15:30:00";"PR";476;125;"CURITIBA";"Ausência de reação do condutor";"Colisão traseira";"Com Vítimas Feridas";"Pleno dia";"Decrescente";"Nublado";"Múltipla";"Reta";"Sim";3;0;1;0;1;1;1;3;-25,4083;-49,219658;"SPRF-PR";"DEL01-PR";"UOP03-DEL01-PR"
380036;2021-08-29;"domingo";"09:00:00";"GO";153;506;"APARECIDA DE GOIANIA";"Manobra de mudança de faixa";"Colisão transversal";"Sem Vítimas";"Pleno dia";"Crescente";"Céu Claro";"Dupla";"Retorno Regulamentado";"Sim";3;0;0;0;2;1;0;3;-16,7633;-49,24;"SPRF-GO";"DEL01-GO";"UOP01-DEL01-GO"
380738;2021-09-01;"quarta-feira";"18:10:00";"MG";116;705,9;"MURIAE";"Acessar a via sem observar a presença dos outros veículos";"Colisão lateral mesmo sentido";"Com Vítimas Feridas";"Plena Noite";"Crescente";"Chuva";"Simples";"Declive;Reta";"Sim";3;0;1;0;1;1;1;3;-21,13476643;-42,38723539;"SPRF-MG";"DEL07-MG";"UOP02-DEL07-MG"