"id";"data_inversa";"dia_semana";"horario";"uf";"br";"km";"municipio";"causa_acidente";"tipo_acidente";"classificacao_acidente";"fase_dia";"sentido_via";"condicao_metereologica";"tipo_pista";"tracado_via";"uso_solo";"pessoas";"mortos";"feridos_leves";"feridos_graves";"ilesos";"ignorados";"feridos";"veiculos";"latitude";"longitude";"regional";"delegacia";"uop"
380898;2021-09-02;"quinta-feira";"18:30:00";"RN";304;5,4;"MOSSORO";"Acessar a via sem observar a presença dos outros veículos";"Colisão lateral mesmo sentido";"Com Vítimas Feridas";"Plena Noite";"Crescente";"Céu Claro";"Simples";"Interseção de Vias";"Não";3;0;0;1;1;1;1;3;-4,92197048;-37,42047094;"SPRF-RN";"DEL04-RN";"UOP02-DEL04-RN"
381101;2021-09-03;"sexta-feira";"17:00:00";"PB";230;499,3;"CAJAZEIRAS";"Transitar na contramão";"Colisão transversal";"Sem Vítimas";"Pleno dia";"Crescente";"Céu Claro";"Simples";"Curva";"Não";4;0;0;0;3;1;0;3;-6,8995;-38,499;"SPRF-PB";"DEL03-PB";"UOP03-DEL03-PB"
381773;2021-09-06;"segunda-feira";"07:00:00";"SC";280;4,6;"SAO FRANCISCO DO SUL";"Acessar a via sem observar a presença dos outros veículos";"Colisão transversal";"Com Vítimas Feridas";"Amanhecer";"Decrescente";"Nublado";"Simples";"Rotatória";"Não";3;0;1;0;1;1;1;3;-26,25329566;-48,61916042;"SPRF-SC";"DEL03-SC";"UOP03-DEL03-SC"
382059;2021-09-07;"terça-feira";"14:50:00";"RS";116;254;"ESTEIO";"Ausência de reação do condutor";"Colisão traseira";"Com Vítimas Feridas";"Pleno dia";"Crescente";"Chuva";"Dupla";"Interseção de Vias;Reta";"Sim";3;0;1;0;1;1;1;3;-29,83042692;-51,17376831;"SPRF-RS";"DEL01-RS";"UOP02-DEL01-RS"
382343;2021-09-08;"quarta-feira";"19:00:00";"RO";319;57;"PORTO VELHO";"Velocidade Incompatível";"Capotamento";"Sem Vítimas";"Plena Noite";"Decrescente";"Céu Claro";"Simples";"Curva;Ponte;Aclive;Em Obras";"Sim";2;0;0;0;0;2;0;2;-8,737236;-63,91799;"SPRF-RO";"DEL01-RO";"UOP01-DEL01-RO"
382422;2021-09-09;"quinta-feira";"09:40:00";"RO";364;18;"VILHENA";"Condutor deixou de manter distância do veículo da frente";"Colisão traseira";"Sem Vítimas";"Pleno dia";"Crescente";"Chuva";"Simples";"Declive";"Não";3;0;0;0;2;1;0;3;-12,72972661;-60,17479789;"SPRF-RO";"DEL04-RO";"UOP01-DEL04-RO"
383710;2021-09-15;"quarta-feira";"19:11:00";"DF";20;6;"BRASILIA";"Condutor deixou de manter distância do veículo da frente";"Colisão traseira";"Com Vítimas Feridas";"Plena Noite";"Crescente";"Céu Claro";"Dupla";"Reta;Aclive";"Sim";3;0;1;0;1;1;1;3;-15,665888;-47,808308;"SPRF-DF";"DEL02-DF";"UOP01-DEL02-DF"
383839;2021-08-21;"sábado";"16:30:00";"SC";282;73,3;"RANCHO QUEIMADO";"Manobra de mudança de faixa";"Colisão frontal";"Com Vítimas Feridas";"Pleno dia";"Crescente";"Céu Claro";"Simples";"Reta";"Não";5;0;1;1;1;3;2;5;-27,681437;-49,113388;"SPRF-SC";"DEL01-SC";"UOP03-DEL01-SC"
383935;2021-09-16;"quinta-feira";"20:00:00";"ES";101;267;"SERRA";"Acessar a via sem observar a presença dos outros veículos";"Atropelamento de Pedestre";"Com Vítimas Feridas";"Plena Noite";"Decrescente";"Nublado";"Múltipla";"Reta";"Sim";5;0;0;1;3;1;1;5;-20,19930999;-40,26884609;"SPRF-ES";"DEL02-ES";"UOP01-DEL02-ES"
384240;2021-09-18;"sábado";"05:40:00";"MG";40;61;"PARACATU";"Ausência de reação do condutor";"Saída de leito carroçável";"Com Vítimas Feridas";"Amanhecer";"Crescente";"Céu Claro";"Simples";"Reta";"Não";5;0;2;0;2;1;2;2;-17,32752184;-46,76182869;"SPRF-MG";"DEL14-MG";"UOP01-DEL14-MG"
384348;2021-09-18;"sábado";"19:03:00";"SP";153;27,8;"NOVA GRANADA";"Acessar a via sem observar a presença dos outros veículos";"Colisão transversal";"Com Vítimas Feridas";"Plena Noite";"Crescente";"Céu Claro";"Simples";"Interseção de Vias";"Não";5;0;3;0;1;1;3;3;-20,51309795;-49,32308726;"SPRF-SP";"DEL09-SP";"UOP01-DEL09-SP"
384766;2021-09-20;"segunda-feira";"16:40:00";"RN";226;335,6;"PATU";"Ausência de reação do condutor";"Colisão lateral mesmo sentido";"Com Vítimas Feridas";"Pleno dia";"Crescente";"Sol";"Simples";"Interseção de Vias";"Não";3;0;1;0;1;1;1;3;-6,096792;-37,61425;"SPRF-RN";"DEL04-RN";"UOP01-DEL04-RN"
385059;2021-09-22;"quarta-feira";"09:20:00";"MT";70;297,3;"PRIMAVERA DO LESTE";"Acessar a via sem observar a presença dos outros veículos";"Colisão traseira";"Com Vítimas Feridas";"Pleno dia";"Crescente";"Céu Claro";"Simples";"Reta";"Não";3;0;1;0;1;1;1;3;-15,58134047;-54,44650497;"SPRF-MT";"DEL05-MT";"UOP01-DEL05-MT"
386056;2021-09-27;"segunda-feira";"07:40:00";"GO";60;100;"ANAPOLIS";"Demais falhas mecânicas ou elétricas";"Eventos atípicos";"Com Vítimas Feridas";"Pleno dia";"Crescente";"Céu Claro";"Dupla";"Reta";"Sim";3;0;1;0;1;1;1;3;-16,3979;-48,9664;"SPRF-GO";"DEL02-GO";"UOP01-DEL02-GO"
386236;2021-09-28;"terça-feira";"07:10:00";"RS";285;382,7;"SANTA BARBARA DO SUL";"Demais falhas mecânicas ou elétricas";"Colisão frontal";"Com Vítimas Feridas";"Pleno dia";"Decrescente";"Céu Claro";"Simples";"Curva";"Não";6;0;3;0;2;1;3;3;-28,430128;-53,172131;"SPRF-RS";"DEL10-RS";"UOP02-DEL10-RS"
386608;2021-09-30;"quinta-feira";"09:05:00";"PR";277;84;"CURITIBA";"Condutor deixou de manter distância do veículo da frente";"Colisão traseira";"Sem Vítimas";"Pleno dia";"Crescente";"Nublado";"Dupla";"Curva";"Sim";3;0;0;0;2;1;0;3;-25,568939;-49,181978;"SPRF-PR";"DEL01-PR";"UOP01-DEL01-PR"
387404;2021-10-03;"domingo";"19:10:00";"GO";20;221;"POSSE";"Ultrapassagem Indevida";"Colisão frontal";"Com Vítimas Feridas";"Plena Noite";"Crescente";"Nublado";"Simples";"Reta";"Não";6;0;2;0;3;2;2;4;-14,188759;-46,330856;"SPRF-DF";"DEL02-DF";"UOP03-DEL02-DF"
387598;2021-09-19;"domingo";"19:40:00";"GO";60;227;"CEZARINA";"Reação tardia ou ineficiente do condutor";"Colisão traseira";"Com Vítimas Feridas";"Plena Noite";"Decrescente";"Céu Claro";"Dupla";"Reta;Em Obras;Declive";"Não";3;0;0;1;1;1;1;3;-17,0331;-49,7777;"SPRF-GO";"DEL01-GO";"UOP02-DEL01-GO"
387812;2021-10-05;"terça-feira";"19:10:00";"RO";364;732;"PORTO VELHO";"Deficiência do Sistema de Iluminação/Sinalização";"Colisão traseira";"Com Vítimas Feridas";"Plena Noite";"Decrescente";"Céu Claro";"Simples";"Reta";"Não";5;0;2;1;1;1;3;3;-8,914432;-63,96639;"SPRF-RO";"DEL01-RO";"UOP01-DEL01-RO"
389202;2021-10-11;"segunda-feira";"22:30:00";"PR";376;519,6;"PONTA GROSSA";"Ingestão de álcool pelo condutor";"Saída de leito carroçável";"Sem Vítimas";"Plena Noite";"Crescente";"Nublado";"Dupla";"Reta";"Não";2;0;0;0;1;1;0;2;-25,2795877;-49,91965685;"SPRF-PR";"DEL03-PR";"UOP01-DEL03-PR"
389601;2021-05-09;"domingo";"19:29:00";"BA";116;452,5;"ANTONIO CARDOSO";"Acesso irregular";"Colisão transversal";"Com Vítimas Feridas";"Pleno dia";"Crescente";"Nublado";"Dupla";"Reta";"Não";9;0;7;1;0;1;8;3;-12,38957672;-39,14396716;"SPRF-BA";"DEL02-BA";"UOP01-DEL02-BA"
389975;2021-10-16;"sábado";"00:05:00";"MG";116;484,7;"DOM CAVATI";"Ingestão de álcool e/ou substâncias psicoativas pelo pedestre";"Colisão traseira";"Com Vítimas Feridas";"Plena Noite";"Crescente";"Nublado";"Simples";"Curva";"Não";3;0;2;0;0;1;2;3;-19,42849704;-42,12289089;"SPRF-MG";"DEL06-MG";"UOP02-DEL06-MG"
390651;2021-10-19;"terça-feira";"12:30:00";"RJ";356;128;"CAMPOS DOS GOYTACAZES";"Chuva";"Colisão lateral sentido oposto";"Com Vítimas Feridas";"Pleno dia";"Crescente";"Chuva";"Simples";"Curva";"Não";3;0;1;0;1;1;1;3;-21,67901302;-41,35481974;"SPRF-RJ";"DEL08-RJ";"UOP01-DEL08-RJ"
390665;2021-09-29;"quarta-feira";"16:34:00";"MG";381;532,5;"ITATIAIUCU";"Manobra de mudança de faixa";"Colisão lateral mesmo sentido";"Com Vítimas Feridas";"Pleno dia";"Decrescente";"Céu Claro";"Dupla";"Reta";"Não";3;0;0;1;1;1;1;3;-20,1904316;-44,38268793;"SPRF-MG";"DEL04-MG";"UOP03-DEL04-MG"
390956;2021-10-18;"segunda-feira";"06:30:00";"MG";262;726;"PERDIZES";"Demais falhas mecânicas ou elétricas";"Colisão traseira";"Sem Vítimas";"Amanhecer";"Decrescente";"Nublado";"Simples";"Reta";"Não";3;0;0;0;2;1;0;2;-19,61995185;-47,23297119;"SPRF-MG";"DEL08-MG";"UOP01-DEL08-MG"
391210;2021-10-22;"sexta-feira";"15:00:00";"SE";101;87,7;"LARANJEIRAS";"Avarias e/ou desgaste excessivo no pneu";"Tombamento";"Sem Vítimas";"Pleno dia";"Decrescente";"Céu Claro";"Dupla";"Declive";"Não";2;0;0;0;1;1;0;2;-10,86174498;-37,13526579;"SPRF-SE";"DEL01-SE";"UOP01-DEL01-SE"
391705;2021-10-24;"domingo";"17:15:00";"RS";470;281,7;"SAO JOSE DO SUL";"Reação tardia ou ineficiente do condutor";"Colisão lateral sentido oposto";"Com Vítimas Feridas";"Pleno dia";"Decrescente";"Céu Claro";"Simples";"Reta";"Não";9;0;3;2;3;1;5;4;-29,60094697;-51,47856774;"SPRF-RS";"DEL04-RS";"UOP02-DEL04-RS"
392052;2021-10-26;"terça-feira";"11:40:00";"PE";428;176,9;"PETROLINA";"Carga excessiva e/ou mal acondicionada";"Tombamento";"Com Vítimas Feridas";"Pleno dia";"Decrescente";"Céu Claro";"Simples";"Reta";"Não";4;0;2;0;1;1;2;2;-9,26824308;-40,43343586;"SPRF-PE";"DEL06-PE";"UOP01-DEL06-PE"
392079;2021-10-26;"terça-feira";"16:00:00";"RS";116;397;"CAMAQUA";"Acessar a via sem observar a presença dos outros veículos";"Colisão transversal";"Sem Vítimas";"Pleno dia";"Crescente";"Céu Claro";"Simples";"Rotatória";"Sim";3;0;0;0;1;2;0;3;-30,85872234;-51,78788245;"SPRF-RS";"DEL02-RS";"UOP02-DEL02-RS"
392570;2021-10-29;"sexta-feira";"09:40:00";"GO";60;70,5;"ABADIANIA";"Demais falhas mecânicas ou elétricas";"Eventos atípicos";"Com Vítimas Feridas";"Pleno dia";"Crescente";"Céu Claro";"Dupla";"Reta";"Não";3;0;1;0;1;1;1;3;-16,25254859;-48,76260465;"SPRF-GO";"DEL02-GO";"UOP01-DEL02-GO"
392571;2021-10-29;"sexta-feira";"08:54:00";"RJ";116;128;"MAGE";"Acostamento em desnível";"Queda de ocupante de veículo";"Com Vítimas Feridas";"Pleno dia";"Decrescente";"Nublado";"Dupla";"Reta";"Sim";2;0;0;1;0;1;1;2;-22,6657139;-43,10092001;"SPRF-RJ";"DEL04-RJ";"UOP02-DEL04-RJ"
392911;2021-10-30;"sábado";"19:00:00";"PI";402;41,4;"PARNAIBA";"Deficiência do Sistema de Iluminação/Sinalização";"Colisão traseira";"Com Vítimas Feridas";"Plena Noite";"Decrescente";"Céu Claro";"Simples";"Reta";"Não";4;0;1;0;1;2;1;3;-2,99249701;-41,70566976;"SPRF-PI";"DEL05-PI";"UOP01-DEL05-PI"
392972;2021-10-30;"sábado";"20:45:00";"MG";365;851;"SANTA VITORIA";"Ingestão de álcool pelo condutor";"Colisão traseira";"Com Vítimas Feridas";"Plena Noite";"Crescente";"Garoa/Chuvisco";"Simples";"Aclive";"Não";4;0;0;1;2;1;1;3;-19,01825662;-50,32731611;"SPRF-MG";"DEL15-MG";"UOP03-DEL15-MG"
393147;2021-10-31;"domingo";"17:30:00";"MG";365;643;"UBERLANDIA";"Reação tardia ou ineficiente do condutor";"Saída de leito carroçável";"Com Vítimas Feridas";"Anoitecer";"Decrescente";"Garoa/Chuvisco";"Dupla";"Reta";"Não";3;0;2;0;0;1;2;2;-18,8808611;-48,49354102;"SPRF-MG";"DEL15-MG";"UOP01-DEL15-MG"
393181;2021-10-19;"terça-feira";"17:50:00";"RN";405;6,2;"MOSSORO";"Deficiência do Sistema de Iluminação/Sinalização";"Colisão traseira";"Com Vítimas Feridas";"Plena Noite";"Decrescente";"Céu Claro";"Simples";"Reta";"Não";5;0;0;1;3;1;1;4;-5,19609575;-37,40700697;"SPRF-RN";"DEL04-RN";"UOP02-DEL04-RN"
393240;2021-11-01;"segunda-feira";"06:50:00";"SE";101;28;"MURIBECA";"Problema na suspensão";"Capotamento";"Com Vítimas Feridas";"Pleno dia";"Crescente";"Sol";"Dupla";"Reta";"Não";5;0;1;0;3;1;1;2;-10,42854927;-36,93059467;"SPRF-SE";"DEL02-SE";"UOP02-DEL02-SE"
393439;2021-11-02;"terça-feira";"08:00:00";"RS";116;418,3;"CRISTAL";"Ultrapassagem Indevida";"Colisão lateral sentido oposto";"Sem Vítimas";"Pleno dia";"Decrescente";"Céu Claro";"Simples";"Reta";"Não";4;0;0;0;2;2;0;3;-30,95241694;-51,96069403;"SPRF-RS";"DEL02-RS";"UOP02-DEL02-RS"
393630;2021-11-03;"quarta-feira";"09:35:00";"PR";476;123;"CURITIBA";"Condutor deixou de manter distância do veículo da frente";"Colisão traseira";"Com Vítimas Feridas";"Pleno dia";"Crescente";"Sol";"Dupla";"Reta";"Sim";6;0;1;0;4;1;1;6;-25,392904;-49,209557;"SPRF-PR";"DEL01-PR";"UOP03-DEL01-PR"
393976;2021-11-05;"sexta-feira";"12:40:00";"RJ";393;262;"BARRA DO PIRAI";"Condutor Dormindo";"Saída de leito carroçável";"Sem Vítimas";"Pleno dia";"Crescente";"Sol";"Simples";"Reta";"Não";3;0;0;0;2;1;0;2;-22,46663184;-43,85828802;"SPRF-RJ";"DEL05-RJ";"UOP04-DEL05-RJ"
395090;2021-11-11;"quinta-feira";"10:00:00";"DF";70;2,3;"BRASILIA";"Condutor deixou de manter distância do veículo da frente";"Engavetamento";"Sem Vítimas";"Pleno dia";"Decrescente";"Nublado";"Dupla";"Reta";"Sim";4;0;0;0;3;1;0;4;-15,798048;-48,073235;"SPRF-DF";"DEL03-DF";"UOP02-DEL03-DF"
395502;2021-11-13;"sábado";"06:30:00";"MG";356;279,6;"EUGENOPOLIS";"Velocidade Incompatível";"Saída de leito carroçável";"Com Vítimas Feridas";"Amanhecer";"Decrescente";"Nublado";"Simples";"Curva";"Não";3;0;1;0;1;1;1;2;-21,12569185;-42,25550305;"SPRF-MG";"DEL07-MG";"UOP02-DEL07-MG"
395832;2021-11-14;"domingo";"17:00:00";"SC";470;139,9;"RIO DO SUL";"Conversão proibida";"Colisão lateral mesmo sentido";"Sem Vítimas";"Pleno dia";"Decrescente";"Céu Claro";"Simples";"Reta";"Sim";3;0;0;0;2;1;0;3;-27,217564;-49,65461;"SPRF-SC";"DEL04-SC";"UOP02-DEL04-SC"
395888;2021-11-10;"quarta-feira";"09:50:00";"ES";259;53,2;"COLATINA";"Pedestre andava na pista";"Colisão traseira";"Com Vítimas Feridas";"Pleno dia";"Decrescente";"Céu Claro";"Simples";"Reta";"Não";6;0;0;1;4;1;1;3;-19,49989886;-40,62939795;"SPRF-ES";"DEL02-ES";"UOP01-DEL02-ES"
395937;2021-11-15;"segunda-feira";"02:00:00";"RS";116;307,7;"GUAIBA";"Velocidade Incompatível";"Capotamento";"Com Vítimas Feridas";"Plena Noite";"Decrescente";"Nublado";"Simples";"Curva";"Sim";5;0;2;2;0;1;4;2;-30,1742985;-51,3923676;"SPRF-RS";"DEL02-RS";"UOP01-DEL02-RS"
395992;2021-11-15;"segunda-feira";"11:50:00";"GO";153;492;"GOIANIA";"Ingestão de álcool pelo condutor";"Colisão lateral mesmo sentido";"Sem Vítimas";"Pleno dia";"Decrescente";"Nublado";"Dupla";"Reta";"Não";3;0;0;0;2;1;0;3;-16,6461;-49,2114;"SPRF-GO";"DEL01-GO";"UOP01-DEL01-GO"
395994;2021-11-15;"segunda-feira";"11:40:00";"GO";153;545;"PIRACANJUBA";"Manobra de mudança de faixa";"Colisão transversal";"Com Vítimas Feridas";"Pleno dia";"Crescente";"Céu Claro";"Dupla";"Aclive";"Não";3;0;1;0;1;1;1;3;-17,098;-49,2182;"SPRF-GO";"DEL01-GO";"UOP03-DEL01-GO"
396341;2021-11-17;"quarta-feira";"09:30:00";"RS";116;254;"SAPUCAIA DO SUL";"Reação tardia ou ineficiente do condutor";"Colisão traseira";"Com Vítimas Feridas";"Pleno dia";"Crescente";"Garoa/Chuvisco";"Dupla";"Reta";"Sim";3;0;1;0;1;1;1;3;-29,826904;-51,17269227;"SPRF-RS";"DEL01-RS";"UOP02-DEL01-RS"
396638;2021-11-19;"sexta-feira";"05:15:00";"MG";365;18,1;"MONTES CLAROS";"Velocidade Incompatível";"Saída de leito carroçável";"Com Vítimas Fatais";"Amanhecer";"Crescente";"Chuva";"Simples";"Curva";"Não";7;1;2;1;2;1;3;2;-16,87824584;-44,00270102;"SPRF-MG";"DEL12-MG";"UOP01-DEL12-MG"
396913;2021-11-20;"sábado";"12:00:00";"RS";386;387,5;"TRIUNFO";"Velocidade Incompatível";"Atropelamento de Pedestre";"Com Vítimas Feridas";"Pleno dia";"Decrescente";"Céu Claro";"Dupla";"Reta";"Não";10;0;3;1;3;3;4;3;-29,691391;-51,706539;"SPRF-RS";"DEL04-RS";"UOP02-DEL04-RS"
397118;2021-09-04;"sábado";"17:40:00";"BA";110;176;"RIBEIRA DO POMBAL";"Ingestão de álcool pelo condutor";"Colisão frontal";"Com Vítimas Feridas";"Plena Noite";"Crescente";"Céu Claro";"Simples";"Reta";"Não";3;0;0;1;1;1;1;3;-10,89629907;-38,52352048;"SPRF-BA";"DEL07-BA";"UOP02-DEL07-BA"
397335;2021-11-22;"segunda-feira";"11:55:00";"SC";470;160;"TROMBUDO CENTRAL";"Reação tardia ou ineficiente do condutor";"Colisão traseira";"Com Vítimas Feridas";"Pleno dia";"Decrescente";"Sol";"Simples";"Reta";"Sim";4;0;0;1;1;2;1;4;-27,286278;-49,798035;"SPRF-SC";"DEL04-SC";"UOP02-DEL04-SC"
397467;2021-11-23;"terça-feira";"10:30:00";"RO";319;60;"PORTO VELHO";"Manobra de mudança de faixa";"Colisão lateral mesmo sentido";"Sem Vítimas";"Pleno dia";"Decrescente";"Nublado";"Dupla";"Reta";"Sim";3;0;0;0;2;1;0;3;-8,740377;-63,889841;"SPRF-RO";"DEL01-RO";"UOP01-DEL01-RO"
397777;2021-11-25;"quinta-feira";"05:20:00";"SC";282;16,7;"PALHOCA";"Condutor deixou de manter distância do veículo da frente";"Colisão traseira";"Com Vítimas Feridas";"Pleno dia";"Decrescente";"Nublado";"Simples";"Reta";"Sim";3;0;1;0;1;1;1;3;-27,658611;-48,681847;"SPRF-SC";"DEL01-SC";"UOP02-DEL01-SC"
398120;2021-11-26;"sexta-feira";"14:35:00";"BA";116;137;"CANUDOS";"Ultrapassagem Indevida";"Saída de leito carroçável";"Com Vítimas Feridas";"Pleno dia";"Crescente";"Céu Claro";"Simples";"Reta";"Não";12;0;11;0;0;1;11;2;-9,80719905;-39,15022189;"SPRF-BA";"DEL07-BA";"UOP01-DEL07-BA"
398745;2021-11-29;"segunda-feira";"19:41:00";"RO";364;344;"JI-PARANA";"Ausência de reação do condutor";"Colisão traseira";"Com Vítimas Feridas";"Plena Noite";"Decrescente";"Céu Claro";"Dupla";"Reta";"Sim";4;0;0;1;2;1;1;3;-10,87376391;-61,95256893;"SPRF-RO";"DEL02-RO";"UOP01-DEL02-RO"
398988;2021-12-01;"quarta-feira";"08:15:00";"RS";116;241,3;"NOVO HAMBURGO";"Condutor deixou de manter distância do veículo da frente";"Colisão traseira";"Com Vítimas Feridas";"Pleno dia";"Decrescente";"Chuva";"Múltipla";"Reta";"Sim";4;0;1;0;2;1;1;4;-29,71396796;-51,1476744;"SPRF-RS";"DEL01-RS";"UOP02-DEL01-RS"
399245;2021-12-02;"quinta-feira";"17:45:00";"ES";101;291;"CARIACICA";"Conversão proibida";"Colisão traseira";"Com Vítimas Feridas";"Pleno dia";"Crescente";"Céu Claro";"Dupla";"Reta";"Sim";4;0;1;0;2;1;1;4;-20,2752649;-40,38758988;"SPRF-ES";"DEL01-ES";"UOP01-DEL01-ES"
399460;2021-12-03;"sexta-feira";"19:19:00";"SC";280;26;"ARAQUARI";"Pedestre cruzava a pista fora da faixa";"Atropelamento de Pedestre";"Com Vítimas Feridas";"Plena Noite";"Crescente";"Garoa/Chuvisco";"Simples";"Reta";"Não";3;0;1;0;1;1;1;3;-26,38972308;-48,73411593;"SPRF-SC";"DEL03-SC";"UOP03-DEL03-SC"
399575;2021-12-04;"sábado";"03:00:00";"MS";262;134;"AGUA CLARA";"Velocidade Incompatível";"Colisão traseira";"Sem Vítimas";"Plena Noite";"Decrescente";"Céu Claro";"Simples";"Declive";"Não";5;0;0;0;4;1;0;3;-20,48177826;-52,80499506;"SPRF-MS";"DEL07-MS";"UOP02-DEL07-MS"
399592;2021-12-04;"sábado";"09:01:00";"ES";101;251,4;"SERRA";"Condutor Dormindo";"Colisão traseira";"Com Vítimas Feridas";"Pleno dia";"Crescente";"Céu Claro";"Simples";"Reta";"Não";4;0;1;0;2;1;1;3;-20,0879949;-40,34351677;"SPRF-ES";"DEL02-ES";"UOP01-DEL02-ES"
399618;2021-12-04;"sábado";"12:15:00";"PR";116;117;"CURITIBA";"Reação tardia ou ineficiente do condutor";"Engavetamento";"Com Vítimas Feridas";"Pleno dia";"Crescente";"Céu Claro";"Múltipla";"Reta";"Sim";4;0;1;0;2;1;1;4;-25,54988723;-49,28248211;"SPRF-PR";"DEL01-PR";"UOP03-DEL01-PR"
399775;2021-12-05;"domingo";"01:45:00";"SC";101;308,9;"LAGUNA";"Condutor deixou de manter distância do veículo da frente";"Colisão traseira";"Com Vítimas Feridas";"Plena Noite";"Crescente";"Céu Claro";"Dupla";"Reta";"Não";3;0;1;0;1;1;1;3;-28,399616;-48,7854;"SPRF-SC";"DEL02-SC";"UOP01-DEL02-SC"
399817;2021-12-05;"domingo";"06:00:00";"SE";101;110;"SAO CRISTOVAO";"Velocidade Incompatível";"Colisão com objeto";"Sem Vítimas";"Pleno dia";"Crescente";"Ignorado";"Dupla";"Curva";"Não";2;0;0;0;0;2;0;2;-10,96959411;-37,27937094;"SPRF-SE";"DEL02-SE";"UOP01-DEL02-SE"
400038;2021-12-06;"segunda-feira";"06:00:00";"PE";104;64,8;"CARUARU";"Demais falhas mecânicas ou elétricas";"Saída de leito carroçável";"Com Vítimas Fatais";"Pleno dia";"Crescente";"Céu Claro";"Múltipla";"Reta";"Sim";3;1;0;0;1;1;0;3;-8,2783;-35,9815;"SPRF-PE";"DEL02-PE";"UOP01-DEL02-PE"
400270;2021-12-07;"terça-feira";"08:30:00";"PE";101;128;"ESCADA";"Reação tardia ou ineficiente do condutor";"Colisão traseira";"Com Vítimas Feridas";"Pleno dia";"Decrescente";"Céu Claro";"Dupla";"Reta";"Sim";4;0;0;1;1;2;1;4;-8,3811;-35,24585;"SPRF-PE";"DEL01-PE";"UOP01-DEL01-PE"
400567;2021-12-08;"quarta-feira";"17:20:00";"GO";60;412,5;"RIO VERDE";"Reação tardia ou ineficiente do condutor";"Saída de leito carroçável";"Com Vítimas Feridas";"Pleno dia";"Crescente";"Céu Claro";"Dupla";"Reta";"Não";3;0;1;0;1;1;1;2;-17,818121;-51,170038;"SPRF-GO";"DEL04-GO";"UOP01-DEL04-GO"
401247;2021-12-12;"domingo";"04:20:00";"PR";277;353,2;"GUARAPUAVA";"Deficiência do Sistema de Iluminação/Sinalização";"Colisão traseira";"Com Vítimas Feridas";"Plena Noite";"Decrescente";"Céu Claro";"Simples";"Reta";"Não";4;0;2;1;0;1;3;3;-25,41312225;-51,67653023;"SPRF-PR";"DEL08-PR";"UOP01-DEL08-PR"
401495;2021-12-13;"segunda-feira";"12:00:00";"ES";101;393,7;"RIO NOVO DO SUL";"Velocidade Incompatível";"Capotamento";"Com Vítimas Feridas";"Pleno dia";"Decrescente";"Céu Claro";"Simples";"Aclive";"Não";4;0;1;0;2;1;1;3;-20,865694;-40,91366;"SPRF-ES";"DEL03-ES";"UOP02-DEL03-ES"
402078;2021-12-16;"quinta-feira";"11:10:00";"MT";70;1,5;"BARRA DO GARCAS";"Condutor desrespeitou a iluminação vermelha do semáforo";"Colisão transversal";"Sem Vítimas";"Pleno dia";"Crescente";"Garoa/Chuvisco";"Simples";"Declive;Reta;Interseção de Vias";"Sim";5;0;0;0;4;1;0;4;-15,89164596;-52,26202884;"SPRF-MT";"DEL07-MT";"UOP01-DEL07-MT"
402509;2021-12-18;"sábado";"08:25:00";"MG";381;943;"EXTREMA";"Velocidade Incompatível";"Colisão traseira";"Com Vítimas Feridas";"Pleno dia";"Decrescente";"Céu Claro";"Dupla";"Reta";"Não";5;0;2;0;2;1;2;3;-22,87018424;-46,3581479;"SPRF-MG";"DEL16-MG";"UOP03-DEL16-MG"
402886;2021-12-19;"domingo";"15:30:00";"MA";226;150,6;"SENADOR ALEXANDRE COSTA";"Ausência de reação do condutor";"Colisão traseira";"Com Vítimas Feridas";"Pleno dia";"Crescente";"Sol";"Simples";"Reta";"Não";3;0;1;1;0;1;2;3;-5,33192627;-44,05285088;"SPRF-MA";"DEL03-MA";"UOP02-DEL03-MA"
403032;2021-12-19;"domingo";"13:20:00";"GO";153;506;"GOIANIA";"Ingestão de álcool pelo condutor";"Colisão lateral mesmo sentido";"Sem Vítimas";"Pleno dia";"Crescente";"Garoa/Chuvisco";"Dupla";"Reta";"Sim";3;0;0;0;2;1;0;3;-16,7633;-49,24;"SPRF-GO";"DEL01-GO";"UOP01-DEL01-GO"
403244;2021-12-21;"terça-feira";"18:15:00";"SC";470;155;"TROMBUDO CENTRAL";"Ausência de reação do condutor";"Colisão frontal";"Com Vítimas Feridas";"Pleno dia";"Decrescente";"Chuva";"Simples";"Reta";"Não";4;0;2;0;1;1;2;3;-27,277105;-49,751972;"SPRF-SC";"DEL04-SC";"UOP02-DEL04-SC"
403703;2021-12-24;"sexta-feira";"02:25:00";"PR";116;10;"COLOMBO";"Demais falhas mecânicas ou elétricas";"Colisão traseira";"Sem Vítimas";"Plena Noite";"Decrescente";"Garoa/Chuvisco";"Dupla";"Declive";"Sim";4;0;0;0;3;1;0;3;-25,3719;-49,134;"SPRF-PR";"DEL01-PR";"UOP02-DEL01-PR"
404024;2021-12-25;"sábado";"18:00:00";"SP";153;208;"GUAIMBE";"Ingestão de álcool pelo condutor";"Colisão frontal";"Com Vítimas Feridas";"Pleno dia";"Decrescente";"Céu Claro";"Simples";"Reta";"Não";4;0;2;0;1;1;2;3;-21,89112308;-49,91013961;"SPRF-SP";"DEL07-SP";"UOP01-DEL07-SP"
404113;2021-12-26;"domingo";"11:30:00";"GO";60;98,8;"ANAPOLIS";"Ausência de reação do condutor";"Saída de leito carroçável";"Com Vítimas Feridas";"Pleno dia";"Decrescente";"Céu Claro";"Dupla";"Reta";"Sim";3;0;0;2;0;1;2;2;-16,3846;-48,9541;"SPRF-GO";"DEL02-GO";"UOP01-DEL02-GO"