"id";"data_inversa";"dia_semana";"horario";"uf";"br";"km";"municipio";"causa_acidente";"tipo_acidente";"classificacao_acidente";"fase_dia";"sentido_via";"condicao_metereologica";"tipo_pista";"tracado_via";"uso_solo";"pessoas";"mortos";"feridos_leves";"feridos_graves";"ilesos";"ignorados";"feridos";"veiculos";"latitude";"longitude";"regional";"delegacia";"uop"
404166;2021-12-26;"domingo";"15:30:00";"BA";20;17;"CORRENTINA";"Chuva";"Engavetamento";"Com Vítimas Feridas";"Pleno dia";"Crescente";"Chuva";"Simples";"Reta";"Não";7;0;4;0;2;1;4;4;-13,79975759;-46,1642609;"SPRF-BA";"DEL10-BA";"UOP01-DEL10-BA"
404422;2021-12-27;"segunda-feira";"20:10:00";"SP";116;561,5;"BARRA DO TURVO";"Demais falhas mecânicas ou elétricas";"Saída de leito carroçável";"Com Vítimas Feridas";"Plena Noite";"Decrescente";"Chuva";"Dupla";"Curva";"Não";5;0;1;0;3;1;1;2;-25,02045097;-48,51586004;"SPRF-SP";"DEL05-SP";"UOP02-DEL05-SP"
404449;2021-12-28;"terça-feira";"06:20:00";"BA";116;173,3;"CANUDOS";"Velocidade Incompatível";"Colisão lateral mesmo sentido";"Com Vítimas Feridas";"Pleno dia";"Decrescente";"Céu Claro";"Simples";"Reta";"Não";14;0;3;0;10;1;3;3;-10,13921695;-39,11302883;"SPRF-BA";"DEL07-BA";"UOP02-DEL07-BA"
404527;2021-12-28;"terça-feira";"16:30:00";"PR";116;44;"CAMPINA GRANDE DO SUL";"Velocidade Incompatível";"Capotamento";"Com Vítimas Feridas";"Pleno dia";"Decrescente";"Garoa/Chuvisco";"Dupla";"Curva";"Não";4;0;1;0;1;2;1;2;-25,1954924;-48,8905379;"SPRF-PR";"DEL01-PR";"UOP02-DEL01-PR"
405066;2021-12-31;"sexta-feira";"10:00:00";"MA";222;561;"BOM JESUS DAS SELVAS";"Acessar a via sem observar a presença dos outros veículos";"Colisão transversal";"Com Vítimas Feridas";"Pleno dia";"Decrescente";"Céu Claro";"Simples";"Declive";"Não";6;0;3;0;2;1;3;3;-4,39401625;-46,70092584;"SPRF-MA";"DEL04-MA";"UOP03-DEL04-MA"
405577;2021-11-07;"domingo";"10:00:00";"GO";40;12;"LUZIANIA";"Reação tardia ou ineficiente do condutor";"Colisão traseira";"Com Vítimas Feridas";"Pleno dia";"Crescente";"Céu Claro";"Dupla";"Reta";"Sim";4;0;1;0;2;1;1;3;-16,145123;-47,945382;"SPRF-DF";"DEL01-DF";"UOP01-DEL01-DF"
407030;2021-11-25;"quinta-feira";"13:10:00";"GO";153;58;"PORANGATU";"Carga excessiva e/ou mal acondicionada";"Capotamento";"Com Vítimas Feridas";"Pleno dia";"Crescente";"Céu Claro";"Simples";"Declive";"Não";2;0;1;0;0;1;1;2;-13,319465;-49,118431;"SPRF-GO";"DEL07-GO";"UOP01-DEL07-GO"
410016;2021-07-21;"quarta-feira";"23:58:00";"MS";163;681,1;"RIO VERDE DE MATO GROSSO";"Entrada inopinada do pedestre";"Atropelamento de Pedestre";"Com Vítimas Feridas";"Pleno dia";"Crescente";"Céu Claro";"Simples";"Reta";"Sim";6;0;0;1;4;1;1;3;-18,91578008;-54,83862738;"SPRF-MS";"DEL06-MS";"UOP02-DEL06-MS"
331693;2021-01-01;"sexta-feira";"00:02:00";"SC";101;314,9;"LAGUNA";"Ingestão de álcool pelo condutor";"Colisão traseira";"Com Vítimas Feridas";"Plena Noite";"Crescente";"Nublado";"Dupla";"Reta";"Não";3;0;1;0;2;0;1;2;-28,43029392;-48,84925073;"SPRF-SC";"DEL02-SC";"UOP01-DEL02-SC"
331694;2021-01-01;"sexta-feira";"00:15:00";"PR";376;188;"MARIALVA";"Velocidade Incompatível";"Colisão com objeto";"Com Vítimas Feridas";"Plena Noite";"Crescente";"Céu Claro";"Dupla";"Reta";"Não";2;0;2;0;0;0;2;1;-23,46634923;-51,82808011;"SPRF-PR";"DEL09-PR";"UOP01-DEL09-PR"
331696;2021-01-01;"sexta-feira";"00:00:00";"SP";116;110,6;"TAUBATE";"Demais falhas mecânicas ou elétricas";"Incêndio";"Sem Vítimas";"Plena Noite";"Crescente";"Nublado";"Dupla";"Reta";"Sim";1;0;0;0;1;0;0;1;-23,03412614;-45,5526999;"SPRF-SP";"DEL06-SP";"UOP01-DEL06-SP"
331699;2021-01-01;"sexta-feira";"01:20:00";"SC";101;111;"NAVEGANTES";"Manobra de mudança de faixa";"Colisão lateral";"Com Vítimas Feridas";"Plena Noite";"Crescente";"Nublado";"Múltipla";"Curva";"Sim";3;0;2;0;1;0;2;2;-26,83955734;-48,71418074;"SPRF-SC";"DEL04-SC";"UOP04-DEL04-SC"
331701;2021-01-01;"sexta-feira";"00:30:00";"PE";101;45,1;"IGARASSU";"Reação tardia ou ineficiente do condutor";"Colisão traseira";"Com Vítimas Feridas";"Plena Noite";"Decrescente";"Chuva";"Múltipla";"Declive";"Sim";2;0;0;1;1;0;1;2;-7,86521297;-34,90715176;"SPRF-PE";"DEL01-PE";"UOP02-DEL01-PE"
331702;2021-01-01;"sexta-feira";"01:20:00";"BA";116;0;"VITORIA DA CONQUISTA";"Velocidade Incompatível";"Saída de leito carroçável";"Com Vítimas Feridas";"Plena Noite";"Decrescente";"Céu Claro";"Simples";"Viaduto";"Sim";2;0;1;0;1;0;1;1;-14,82741339;-40,82885465;"SPRF-BA";"DEL08-BA";"UOP01-DEL08-BA"
331703;2021-01-01;"sexta-feira";"01:35:00";"PR";376;596;"CURITIBA";"Iluminação deficiente";"Saída de leito carroçável";"Sem Vítimas";"Plena Noite";"Crescente";"Chuva";"Dupla";"Reta";"Sim";1;0;0;0;1;0;0;1;-25,50194708;-49,3415524;"SPRF-PR";"DEL01-PR";"UOP01-DEL01-PR"
331704;2021-01-01;"sexta-feira";"00:45:00";"BA";407;112;"JAGUARARI";"Condutor Dormindo";"Colisão lateral";"Sem Vítimas";"Plena Noite";"Crescente";"Nublado";"Simples";"Reta";"Não";2;0;0;0;2;0;0;2;-10,333475;-40,16767292;"SPRF-BA";"DEL04-BA";"UOP01-DEL04-BA"
331706;2021-01-01;"sexta-feira";"00:15:00";"RJ";393;282,8;"VOLTA REDONDA";"Ausência de reação do condutor";"Saída de leito carroçável";"Sem Vítimas";"Plena Noite";"Decrescente";"Nublado";"Simples";"Curva";"Não";1;0;0;0;0;1;0;1;-22,48082784;-44,04047201;"SPRF-RJ";"DEL05-RJ";"UOP04-DEL05-RJ"
331707;2021-01-01;"sexta-feira";"01:38:00";"RS";153;47,5;"ERECHIM";"Ingestão de álcool pelo condutor";"Saída de leito carroçável";"Com Vítimas Feridas";"Plena Noite";"Decrescente";"Céu Claro";"Simples";"Declive";"Sim";1;0;0;1;0;0;1;1;-27,64530366;-52,24998023;"SPRF-RS";"DEL08-RS";"UOP04-DEL08-RS"
331708;2021-01-01;"sexta-feira";"01:00:00";"MG";116;79,1;"MEDINA";"Condutor Dormindo";"Saída de leito carroçável";"Sem Vítimas";"Plena Noite";"Decrescente";"Céu Claro";"Dupla";"Aclive;Curva";"Não";1;0;0;0;1;0;0;1;-16,27388596;-41,48212392;"SPRF-MG";"DEL11-MG";"UOP02-DEL11-MG"
331709;2021-01-01;"sexta-feira";"02:00:00";"DF";40;7,8;"BRASILIA";"Reação tardia ou ineficiente do condutor";"Atropelamento de Pedestre";"Com Vítimas Feridas";"Plena Noite";"Crescente";"Nublado";"Dupla";"Reta";"Sim";2;0;1;1;0;0;2;2;-16,038666;-47,979691;"SPRF-DF";"DEL01-DF";"UOP01-DEL01-DF"
331710;2021-01-01;"sexta-feira";"02:53:00";"SP";116;215;"GUARULHOS";"Condutor deixou de manter distância do veículo da frente";"Colisão traseira";"Com Vítimas Feridas";"Plena Noite";"Decrescente";"Céu Claro";"Múltipla";"Reta";"Sim";8;0;7;0;1;0;7;2;-23,44695693;-46,45394103;"SPRF-SP";"DEL01-SP";"UOP01-DEL01-SP"
331711;2021-01-01;"sexta-feira";"02:45:00";"BA";135;169;"BARREIRAS";"Transitar na contramão";"Colisão frontal";"Com Vítimas Feridas";"Plena Noite";"Crescente";"Céu Claro";"Dupla";"Rotatória";"Não";2;0;1;0;1;0;1;2;-12,10099045;-44,9774909;"SPRF-BA";"DEL10-BA";"UOP01-DEL10-BA"
331712;2021-01-01;"sexta-feira";"02:19:00";"RJ";116;281;"BARRA MANSA";"Pedestre andava na pista";"Atropelamento de Pedestre";"Com Vítimas Fatais";"Plena Noite";"Decrescente";"Nevoeiro/Neblina";"Dupla";"Reta";"Não";2;1;0;0;1;0;0;2;-22,53244798;-44,19565304;"SPRF-RJ";"DEL07-RJ";"UOP02-DEL07-RJ"
331714;2021-01-01;"sexta-feira";"03:15:00";"SE";101;9;"CEDRO DE SAO JOAO";"Condutor Dormindo";"Capotamento";"Com Vítimas Feridas";"Plena Noite";"Decrescente";"Céu Claro";"Dupla";"Reta";"Não";1;0;1;0;0;0;1;1;-10,27168159;-36,8698989;"SPRF-SE";"DEL02-SE";"UOP02-DEL02-SE"
331715;2021-01-01;"sexta-feira";"03:30:00";"PR";376;489,9;"PONTA GROSSA";"Velocidade Incompatível";"Saída de leito carroçável";"Com Vítimas Feridas";"Amanhecer";"Decrescente";"Céu Claro";"Dupla";"Reta";"Não";1;0;0;1;0;0;1;1;-25,14172584;-50,1586859;"SPRF-PR";"DEL03-PR";"UOP04-DEL03-PR"
331716;2021-01-01;"sexta-feira";"03:30:00";"PE";104;91,6;"AGRESTINA";"Condutor Dormindo";"Colisão frontal";"Com Vítimas Fatais";"Plena Noite";"Crescente";"Chuva";"Simples";"Reta";"Não";2;1;0;0;1;0;0;2;-8,487702;-35,946243;"SPRF-PE";"DEL02-PE";"UOP01-DEL02-PE"
331717;2021-01-01;"sexta-feira";"03:30:00";"PR";163;182,9;"SANTA TEREZA DO OESTE";"Condutor Dormindo";"Saída de leito carroçável";"Com Vítimas Feridas";"Plena Noite";"Decrescente";"Nublado";"Dupla";"Curva";"Não";4;0;3;1;0;0;4;1;-25,15864601;-53,59746064;"SPRF-PR";"DEL05-PR";"UOP05-DEL05-PR"
331718;2021-01-01;"sexta-feira";"02:00:00";"PE";316;55;"TRINDADE";"Animais na Pista";"Atropelamento de Animal";"Com Vítimas Fatais";"Plena Noite";"Decrescente";"Céu Claro";"Simples";"Reta";"Não";2;1;0;1;0;0;1;1;-7,74026268;-40,28663631;"SPRF-PE";"DEL05-PE";"UOP02-DEL05-PE"
331719;2021-01-01;"sexta-feira";"04:15:00";"SP";116;279;"EMBU DAS ARTES";"Manobra de mudança de faixa";"Colisão lateral";"Sem Vítimas";"Amanhecer";"Decrescente";"Céu Claro";"Dupla";"Reta";"Não";4;0;0;0;4;0;0;2;-23,64425;-46,83963;"SPRF-SP";"DEL04-SP";"UOP01-DEL04-SP"
331721;2021-01-01;"sexta-feira";"03:50:00";"PR";277;18,9;"MORRETES";"Ingestão de álcool pelo condutor";"Colisão com objeto";"Sem Vítimas";"Plena Noite";"Crescente";"Chuva";"Dupla";"Reta";"Não";1;0;0;0;1;0;0;1;-25,55920652;-48,64995003;"SPRF-PR";"DEL01-PR";"UOP05-DEL01-PR"
331722;2021-01-01;"sexta-feira";"04:10:00";"ES";101;52,7;"SAO MATEUS";"Condutor deixou de manter distância do veículo da frente";"Colisão traseira";"Sem Vítimas";"Plena Noite";"Crescente";"Céu Claro";"Simples";"Reta";"Não";2;0;0;0;2;0;0;2;-18,60327989;-39,88710063;"SPRF-ES";"DEL04-ES";"UOP02-DEL04-ES"
331724;2021-01-01;"sexta-feira";"04:25:00";"PE";316;269,9;"BELEM DE SAO FRANCISCO";"Ingestão de álcool pelo condutor";"Tombamento";"Com Vítimas Fatais";"Amanhecer";"Crescente";"Céu Claro";"Simples";"Reta";"Não";1;1;0;0;0;0;0;1;-8,70166228;-38,8611809;"SPRF-PE";"DEL04-PE";"UOP03-DEL04-PE"
331725;2021-01-01;"sexta-feira";"04:15:00";"MG";116;413,4;"GOVERNADOR VALADARES";"Velocidade Incompatível";"Capotamento";"Com Vítimas Fatais";"Amanhecer";"Crescente";"Céu Claro";"Simples";"Reta";"Sim";3;1;2;0;0;0;2;1;-18,873907;-41,966366;"SPRF-MG";"DEL06-MG";"UOP01-DEL06-MG"
331726;2021-01-01;"sexta-feira";"04:30:00";"SP";153;1,8;"ICEM";"Ausência de reação do condutor";"Saída de leito carroçável";"Com Vítimas Feridas";"Plena Noite";"Decrescente";"Nublado";"Simples";"Declive";"Não";1;0;1;0;0;0;1;1;-20,31427991;-49,20946944;"SPRF-SP";"DEL09-SP";"UOP01-DEL09-SP"
331727;2021-01-01;"sexta-feira";"04:00:00";"SP";116;1;"GUARULHOS";"Velocidade Incompatível";"Saída de leito carroçável";"Com Vítimas Feridas";"Plena Noite";"Decrescente";"Nublado";"Dupla";"Reta";"Sim";1;0;1;0;0;0;1;1;-23,450439;-46,488911;"SPRF-SP";"DEL08-SP";"UOP02-DEL08-SP"
331728;2021-01-01;"sexta-feira";"05:15:00";"DF";60;3,7;"BRASILIA";"Condutor Dormindo";"Saída de leito carroçável";"Com Vítimas Feridas";"Amanhecer";"Crescente";"Céu Claro";"Dupla";"Reta";"Sim";1;0;0;1;0;0;1;1;-15,890521;-48,086864;"SPRF-DF";"DEL03-DF";"UOP01-DEL03-DF"
331729;2021-01-01;"sexta-feira";"03:50:00";"RJ";101;68;"CAMPOS DOS GOYTACAZES";"Condutor Dormindo";"Colisão frontal";"Com Vítimas Feridas";"Amanhecer";"Crescente";"Nublado";"Simples";"Reta";"Sim";5;0;4;0;1;0;4;2;-21,77186768;-41,35705017;"SPRF-RJ";"DEL08-RJ";"UOP02-DEL08-RJ"
331731;2021-01-01;"sexta-feira";"05:50:00";"MG";40;439;"PARAOPEBA";"Velocidade Incompatível";"Saída de leito carroçável";"Com Vítimas Feridas";"Pleno dia";"Crescente";"Céu Claro";"Dupla";"Declive;Curva";"Não";2;0;2;0;0;0;2;1;-19,23100428;-44,43562244;"SPRF-MG";"DEL02-MG";"UOP01-DEL02-MG"
331732;2021-01-01;"sexta-feira";"05:00:00";"SC";101;369;"ICARA";"Ingestão de álcool pelo condutor";"Saída de leito carroçável";"Com Vítimas Feridas";"Amanhecer";"Decrescente";"Nublado";"Dupla";"Reta";"Não";1;0;1;0;0;0;1;1;-28,69775604;-49,182934;"SPRF-SC";"DEL02-SC";"UOP01-DEL02-SC"
331733;2021-01-01;"sexta-feira";"06:00:00";"PR";277;3;"PARANAGUA";"Velocidade Incompatível";"Capotamento";"Com Vítimas Feridas";"Amanhecer";"Decrescente";"Nublado";"Simples";"Reta";"Sim";1;0;0;1;0;0;1;1;-25,5414035;-48,55912011;"SPRF-PR";"DEL01-PR";"UOP05-DEL01-PR"
331777;2021-01-01;"sexta-feira";"05:50:00";"RJ";116;166,7;"SAO JOAO DE MERITI";"Velocidade Incompatível";"Colisão com objeto";"Com Vítimas Feridas";"Pleno dia";"Crescente";"Céu Claro";"Dupla";"Reta";"Sim";1;0;1;0;0;0;1;1;-22,80231617;-43,34901117;"SPRF-RJ";"DEL01-RJ";"UOP01-DEL01-RJ"
331778;2021-01-01;"sexta-feira";"05:50:00";"PR";376;654;"TIJUCAS DO SUL";"Condutor Dormindo";"Saída de leito carroçável";"Sem Vítimas";"Pleno dia";"Decrescente";"Chuva";"Dupla";"Reta";"Não";1;0;0;0;1;0;0;1;-25,84325961;-49,05169114;"SPRF-PR";"DEL01-PR";"UOP04-DEL01-PR"
331779;2021-01-01;"sexta-feira";"04:40:00";"BA";101;120;"ALAGOINHAS";"Animais na Pista";"Atropelamento de Animal";"Com Vítimas Feridas";"Amanhecer";"Crescente";"Céu Claro";"Simples";"Reta";"Não";1;0;0;1;0;0;1;1;-12,16103619;-38,5648919;"SPRF-BA";"DEL01-BA";"UOP04-DEL01-BA"
331780;2021-01-01;"sexta-feira";"06:45:00";"SP";153;183,3;"LINS";"Ingestão de álcool pelo condutor";"Colisão traseira";"Sem Vítimas";"Amanhecer";"Crescente";"Nublado";"Simples";"Interseção de Vias";"Não";4;0;0;0;3;1;0;2;-21,70613053;-49,80087519;"SPRF-SP";"DEL07-SP";"UOP01-DEL07-SP"
331781;2021-01-01;"sexta-feira";"04:30:00";"RJ";465;2;"SEROPEDICA";"Objeto estático sobre o leito carroçável";"Colisão frontal";"Com Vítimas Feridas";"Plena Noite";"Crescente";"Ignorado";"Simples";"Reta";"Sim";2;0;0;1;1;0;1;2;-22,719835;-43,725739;"SPRF-RJ";"DEL01-RJ";"UOP03-DEL01-RJ"
331782;2021-01-01;"sexta-feira";"06:45:00";"SE";101;197;"CRISTINAPOLIS";"Ingestão de álcool pelo condutor";"Tombamento";"Com Vítimas Feridas";"Pleno dia";"Crescente";"Céu Claro";"Simples";"Reta";"Sim";2;0;0;1;1;0;1;1;-11,46981308;-37,74693679;"SPRF-SE";"DEL02-SE";"UOP03-DEL02-SE"
331783;2021-01-01;"sexta-feira";"00:20:00";"RS";392;0,8;"RIO GRANDE";"Ingestão de álcool pelo condutor";"Colisão frontal";"Com Vítimas Feridas";"Plena Noite";"Decrescente";"Céu Claro";"Simples";"Reta";"Sim";2;0;0;1;1;0;1;2;-32,04438705;-52,08261967;"SPRF-RS";"DEL07-RS";"UOP02-DEL07-RS"
331785;2021-01-01;"sexta-feira";"05:20:00";"RS";153;411;"CACHOEIRA DO SUL";"Velocidade Incompatível";"Saída de leito carroçável";"Com Vítimas Feridas";"Amanhecer";"Crescente";"Céu Claro";"Simples";"Reta";"Não";1;0;1;0;0;0;1;1;-30,0595857;-52,90500641;"SPRF-RS";"DEL02-RS";"UOP03-DEL02-RS"
331787;2021-01-01;"sexta-feira";"07:00:00";"ES";101;20,9;"PEDRO CANARIO";"Velocidade Incompatível";"Colisão com objeto";"Com Vítimas Feridas";"Pleno dia";"Decrescente";"Céu Claro";"Simples";"Declive";"Não";1;0;0;1;0;0;1;1;-18,32561;-39,9584401;"SPRF-ES";"DEL04-ES";"UOP02-DEL04-ES"
331788;2021-01-01;"sexta-feira";"05:15:00";"SC";101;150,8;"ITAPEMA";"Ingestão de álcool pelo condutor";"Colisão traseira";"Com Vítimas Feridas";"Pleno dia";"Crescente";"Nublado";"Dupla";"Reta";"Sim";5;0;3;0;2;0;3;2;-27,11744799;-48,60940987;"SPRF-SC";"DEL04-SC";"UOP03-DEL04-SC"
331789;2021-01-01;"sexta-feira";"06:10:00";"GO";20;0;"FORMOSA";"Ingestão de álcool pelo condutor";"Colisão traseira";"Sem Vítimas";"Pleno dia";"Crescente";"Céu Claro";"Dupla";"Aclive;Reta";"Não";2;0;0;0;2;0;0;2;-15,581744;-47,343241;"SPRF-DF";"DEL02-DF";"UOP01-DEL02-DF"
331790;2021-01-01;"sexta-feira";"06:20:00";"GO";153;514,3;"APARECIDA DE GOIANIA";"Velocidade Incompatível";"Colisão transversal";"Com Vítimas Feridas";"Amanhecer";"Decrescente";"Céu Claro";"Dupla";"Interseção de Vias";"Sim";2;0;2;0;0;0;2;2;-16,8315;-49,2434;"SPRF-GO";"DEL01-GO";"UOP03-DEL01-GO"
331791;2021-01-01;"sexta-feira";"03:50:00";"MG";116;464,6;"TARUMIRIM";"Demais falhas mecânicas ou elétricas";"Saída de leito carroçável";"Com Vítimas Feridas";"Plena Noite";"Crescente";"Nublado";"Simples";"Reta";"Não";1;0;1;0;0;0;1;1;-19,26865202;-42,06569594;"SPRF-MG";"DEL06-MG";"UOP02-DEL06-MG"
331792;2021-01-01;"sexta-feira";"07:30:00";"PR";0;0;"GUAIRA";"Condutor Dormindo";"Saída de leito carroçável";"Com Vítimas Feridas";"Pleno dia";"Não Informado";"Céu Claro";"Simples";"Reta";"Não";1;0;0;1;0;0;1;1;-24,2101882;-54,19948708;"SPRF-PR";"DEL06-PR";"UOP01-DEL06-PR"
331793;2021-01-01;"sexta-feira";"05:30:00";"SC";280;16;"ARAQUARI";"Velocidade Incompatível";"Saída de leito carroçável";"Com Vítimas Feridas";"Plena Noite";"Decrescente";"Chuva";"Simples";"Reta";"Não";1;0;1;0;0;0;1;1;-26,34467188;-48,65698814;"SPRF-SC";"DEL03-SC";"UOP03-DEL03-SC"
331794;2021-01-01;"sexta-feira";"07:45:00";"PR";277;6;"PARANAGUA";"Velocidade Incompatível";"Capotamento";"Com Vítimas Feridas";"Pleno dia";"Crescente";"Garoa/Chuvisco";"Dupla";"Reta";"Não";2;0;0;1;1;0;1;1;-25,56056156;-48,58351707;"SPRF-PR";"DEL01-PR";"UOP05-DEL01-PR"
331795;2021-01-01;"sexta-feira";"08:05:00";"SP";116;230;"SAO PAULO";"Ingestão de álcool e/ou substâncias psicoativas pelo pedestre";"Atropelamento de Pedestre";"Com Vítimas Feridas";"Pleno dia";"Decrescente";"Céu Claro";"Múltipla";"Reta";"Sim";2;0;0;1;1;0;1;2;-23,52251783;-46,5855702;"SPRF-SP";"DEL01-SP";"UOP01-DEL01-SP"
331797;2021-01-01;"sexta-feira";"05:45:00";"RJ";40;88;"PETROPOLIS";"Condutor Dormindo";"Colisão com objeto";"Com Vítimas Feridas";"Amanhecer";"Decrescente";"Nublado";"Simples";"Curva";"Não";1;0;1;0;0;0;1;1;-22,56055872;-43,22712421;"SPRF-RJ";"DEL06-RJ";"UOP01-DEL06-RJ"
331798;2021-01-01;"sexta-feira";"07:40:00";"PR";476;119;"COLOMBO";"Velocidade Incompatível";"Tombamento";"Com Vítimas Feridas";"Pleno dia";"Crescente";"Sol";"Dupla";"Reta";"Sim";1;0;1;0;0;0;1;1;-25,364202;-49,185825;"SPRF-PR";"DEL01-PR";"UOP02-DEL01-PR"
331800;2021-01-01;"sexta-feira";"08:30:00";"MG";381;913;"CAMANDUCAIA";"Velocidade Incompatível";"Saída de leito carroçável";"Com Vítimas Feridas";"Pleno dia";"Crescente";"Chuva";"Dupla";"Viaduto;Curva";"Não";1;0;1;0;0;0;1;1;-22,75390001;-46,146503;"SPRF-MG";"DEL16-MG";"UOP03-DEL16-MG"
331801;2021-01-01;"sexta-feira";"04:50:00";"MT";70;327;"DOM AQUINO";"Ingestão de álcool pelo condutor";"Saída de leito carroçável";"Sem Vítimas";"Amanhecer";"Decrescente";"Céu Claro";"Simples";"Reta";"Não";1;0;0;0;1;0;0;1;-15,51048988;-54,68037798;"SPRF-MT";"DEL05-MT";"UOP01-DEL05-MT"
331805;2021-01-01;"sexta-feira";"10:00:00";"PE";232;29,3;"MORENO";"Entrada inopinada do pedestre";"Atropelamento de Pedestre";"Com Vítimas Fatais";"Pleno dia";"Crescente";"Céu Claro";"Dupla";"Reta";"Não";3;1;0;0;2;0;0;2;-8,111269;-35,143135;"SPRF-PE";"DEL02-PE";"UOP02-DEL02PE"
331807;2021-01-01;"sexta-feira";"10:25:00";"GO";40;19;"LUZIANIA";"Ingestão de álcool pelo condutor";"Saída de leito carroçável";"Com Vítimas Feridas";"Pleno dia";"Crescente";"Céu Claro";"Dupla";"Reta";"Sim";1;0;1;0;0;0;1;1;-16,201556;-47,921314;"SPRF-DF";"DEL01-DF";"UOP01-DEL01-DF"
331808;2021-01-01;"sexta-feira";"05:10:00";"MT";364;205;"RONDONOPOLIS";"Falta de elemento de contenção que evite a saída do leito carroçável";"Colisão com objeto";"Sem Vítimas";"Pleno dia";"Crescente";"Céu Claro";"Dupla";"Reta";"Sim";1;0;0;0;0;1;0;1;-16,45928621;-54,66092345;"SPRF-MT";"DEL02-MT";"UOP01-DEL02-MT"
331809;2021-01-01;"sexta-feira";"10:00:00";"RJ";116;65,9;"TERESOPOLIS";"Ausência de reação do condutor";"Queda de ocupante de veículo";"Com Vítimas Feridas";"Pleno dia";"Crescente";"Nublado";"Simples";"Reta";"Sim";2;0;0;1;1;0;1;1;-22,27707804;-42,92764378;"SPRF-RJ";"DEL04-RJ";"UOP01-DEL04-RJ"
331810;2021-01-01;"sexta-feira";"10:40:00";"RS";290;25;"SANTO ANTONIO DA PATRULHA";"Manobra de mudança de faixa";"Colisão lateral";"Com Vítimas Feridas";"Pleno dia";"Decrescente";"Sol";"Múltipla";"Reta";"Não";2;0;1;0;1;0;1;2;-29,88022;-50,509884;"SPRF-RS";"DEL03-RS";"UOP01-DEL03-RS"
331811;2021-01-01;"sexta-feira";"10:30:00";"RJ";356;92;"CARDOSO MOREIRA";"Mal súbito do condutor";"Saída de leito carroçável";"Com Vítimas Fatais";"Pleno dia";"Crescente";"Céu Claro";"Simples";"Curva";"Não";1;1;0;0;0;0;0;1;-21,51467241;-41,59282404;"SPRF-RJ";"DEL08-RJ";"UOP03-DEL08-RJ"
331812;2021-01-01;"sexta-feira";"10:30:00";"PR";277;113;"CAMPO LARGO";"Avarias e/ou desgaste excessivo no pneu";"Saída de leito carroçável";"Sem Vítimas";"Pleno dia";"Decrescente";"Nublado";"Dupla";"Reta";"Não";1;0;0;0;1;0;0;1;-25,447047;-49,482111;"SPRF-PR";"DEL01-PR";"UOP03-DEL03-PR"
331813;2021-01-01;"sexta-feira";"11:00:00";"SC";470;63;"BLUMENAU";"Condutor deixou de manter distância do veículo da frente";"Colisão lateral";"Com Vítimas Feridas";"Pleno dia";"Crescente";"Céu Claro";"Simples";"Curva";"Não";3;0;2;0;0;1;2;2;-26,872396;-49,19228;"SPRF-SC";"DEL04-SC";"UOP01-DEL04-SC"
331814;2021-01-01;"sexta-feira";"11:30:00";"SC";470;54,4;"BLUMENAU";"Sinalização mal posicionada";"Colisão transversal";"Com Vítimas Feridas";"Pleno dia";"Crescente";"Nublado";"Simples";"Interseção de Vias";"Sim";2;0;1;0;1;0;1;2;-26,871065;-49,110374;"SPRF-SC";"DEL04-SC";"UOP01-DEL04-SC"
331816;2021-01-01;"sexta-feira";"11:30:00";"AL";101;135;"SAO MIGUEL DOS CAMPOS";"Velocidade Incompatível";"Saída de leito carroçável";"Com Vítimas Feridas";"Pleno dia";"Crescente";"Céu Claro";"Simples";"Reta";"Sim";1;0;0;1;0;0;1;1;-9,78834902;-36,10509283;"SPRF-AL";"DEL02-AL";"UOP01-DEL02-AL"
331817;2021-01-01;"sexta-feira";"10:20:00";"RR";401;7;"BOA VISTA";"Condutor Dormindo";"Saída de leito carroçável";"Com Vítimas Feridas";"Pleno dia";"Crescente";"Céu Claro";"Dupla";"Reta";"Não";1;0;0;1;0;0;1;1;2,796781;-60,636566;"SPRF-RR";"DEL01-RR";"UOP01-DEL01-RR"
331818;2021-01-01;"sexta-feira";"12:03:00";"SP";116;541;"BARRA DO TURVO";"Pista Escorregadia";"Colisão com objeto";"Com Vítimas Feridas";"Pleno dia";"Crescente";"Garoa/Chuvisco";"Dupla";"Curva";"Não";2;0;1;0;1;0;1;1;-24,97245688;-48,39976606;"SPRF-SP";"DEL05-SP";"UOP02-DEL05-SP"
331819;2021-01-01;"sexta-feira";"12:10:00";"PR";116;4;"CAMPINA GRANDE DO SUL";"Velocidade Incompatível";"Saída de leito carroçável";"Com Vítimas Feridas";"Pleno dia";"Crescente";"Chuva";"Dupla";"Curva";"Não";4;0;2;0;2;0;2;1;-25,07606967;-48,5937452;"SPRF-PR";"DEL01-PR";"UOP02-DEL01-PR"
331820;2021-01-01;"sexta-feira";"12:20:00";"RS";386;331,7;"MARQUES DE SOUZA";"Transitar na contramão";"Colisão frontal";"Com Vítimas Feridas";"Pleno dia";"Crescente";"Sol";"Simples";"Reta";"Não";5;0;0;1;3;1;1;3;-29,355341;-52,069054;"SPRF-RS";"DEL04-RS";"UOP01-DEL04-RS"
331821;2021-01-01;"sexta-feira";"11:55:00";"MS";163;457,7;"CAMPO GRANDE";"Ingestão de álcool pelo condutor";"Saída de leito carroçável";"Com Vítimas Feridas";"Pleno dia";"Crescente";"Céu Claro";"Simples";"Reta";"Não";1;0;1;0;0;0;1;1;-20,660193;-54,561644;"SPRF-MS";"DEL01-MS";"UOP01-DEL01-MS"
331824;2021-01-01;"sexta-feira";"13:00:00";"PR";116;16,8;"CAMPINA GRANDE DO SUL";"Velocidade Incompatível";"Saída de leito carroçável";"Com Vítimas Feridas";"Pleno dia";"Decrescente";"Chuva";"Dupla";"Declive;Curva";"Não";3;0;1;0;2;0;1;1;-25,09969807;-48,692225;"SPRF-PR";"DEL01-PR";"UOP02-DEL01-PR"