"id";"data_inversa";"dia_semana";"horario";"uf";"br";"km";"municipio";"causa_acidente";"tipo_acidente";"classificacao_acidente";"fase_dia";"sentido_via";"condicao_metereologica";"tipo_pista";"tracado_via";"uso_solo";"pessoas";"mortos";"feridos_leves";"feridos_graves";"ilesos";"ignorados";"feridos";"veiculos";"latitude";"longitude";"regional";"delegacia";"uop"
331825;2021-01-01;"sexta-feira";"12:30:00";"CE";116;11;"FORTALEZA";"Reação tardia ou ineficiente do condutor";"Colisão traseira";"Com Vítimas Feridas";"Pleno dia";"Crescente";"Céu Claro";"Múltipla";"Reta";"Sim";2;0;1;0;1;0;1;2;-3,84394724;-38,49891546;"SPRF-CE";"DEL01-CE";"UOP02-DEL01-CE"
331827;2021-01-01;"sexta-feira";"13:10:00";"MG";381;447;"SANTA LUZIA";"Velocidade Incompatível";"Saída de leito carroçável";"Com Vítimas Feridas";"Pleno dia";"Crescente";"Céu Claro";"Simples";"Curva";"Não";2;0;1;0;0;1;1;1;-19,83447607;-43,85011601;"SPRF-MG";"DEL01-MG";"UOP01-DEL01-MG"
331828;2021-01-01;"sexta-feira";"13:47:00";"SC";470;128;"LONTRAS";"Transitar na contramão";"Saída de leito carroçável";"Com Vítimas Feridas";"Pleno dia";"Crescente";"Nublado";"Simples";"Curva";"Não";3;0;1;1;0;1;2;2;-27,143742;-49,548897;"SPRF-SC";"DEL04-SC";"UOP02-DEL04-SC"
331829;2021-01-01;"sexta-feira";"13:55:00";"CE";20;349,6;"CARIDADE";"Ingestão de álcool pelo condutor";"Colisão traseira";"Sem Vítimas";"Pleno dia";"Decrescente";"Céu Claro";"Simples";"Reta";"Não";2;0;0;0;2;0;0;2;-4,094943;-39,055965;"SPRF-CE";"DEL02-CE";"UOP01-DEL02-CE"
331830;2021-01-01;"sexta-feira";"14:00:00";"SP";381;52;"MAIRIPORA";"Velocidade Incompatível";"Capotamento";"Com Vítimas Feridas";"Pleno dia";"Decrescente";"Céu Claro";"Múltipla";"Curva;Declive";"Sim";4;0;4;0;0;0;4;1;-23,2300622;-46,59963076;"SPRF-SP";"DEL03-SP";"UOP01-DEL03-SP"
331833;2021-01-01;"sexta-feira";"14:15:00";"PR";116;16,8;"CAMPINA GRANDE DO SUL";"Chuva";"Saída de leito carroçável";"Com Vítimas Feridas";"Pleno dia";"Decrescente";"Chuva";"Dupla";"Curva";"Não";1;0;0;1;0;0;1;1;-25,1025486;-48,7002743;"SPRF-PR";"DEL01-PR";"UOP02-DEL01-PR"
331834;2021-01-01;"sexta-feira";"13:50:00";"PR";369;136,7;"IBIPORA";"Desrespeitar a preferência no cruzamento";"Colisão transversal";"Sem Vítimas";"Pleno dia";"Decrescente";"Nublado";"Simples";"Rotatória";"Sim";2;0;0;0;2;0;0;2;-23,270278;-51,038823;"SPRF-PR";"DEL07-PR";"UOP01-DEL07-PR"
331835;2021-01-01;"sexta-feira";"14:00:00";"SC";101;51,2;"JOINVILLE";"Velocidade Incompatível";"Saída de leito carroçável";"Sem Vítimas";"Pleno dia";"Crescente";"Garoa/Chuvisco";"Simples";"Aclive";"Não";3;0;0;0;3;0;0;1;-26,41670805;-48,8336277;"SPRF-SC";"DEL03-SC";"UOP01-DEL03-SC"
331836;2021-01-01;"sexta-feira";"14:30:00";"RS";290;80,7;"GRAVATAI";"Reação tardia ou ineficiente do condutor";"Colisão traseira";"Com Vítimas Feridas";"Pleno dia";"Decrescente";"Céu Claro";"Dupla";"Reta";"Sim";2;0;1;0;1;0;1;2;-29,95343;-51,058449;"SPRF-RS";"DEL01-RS";"UOP01-DEL01-RS"
331837;2021-01-01;"sexta-feira";"08:40:00";"PR";277;255;"IRATI";"Condutor Dormindo";"Saída de leito carroçável";"Sem Vítimas";"Pleno dia";"Decrescente";"Sol";"Simples";"Reta";"Não";1;0;0;0;1;0;0;1;-25,44185051;-50,68868994;"SPRF-PR";"DEL03-PR";"UOP03-DEL03-PR"
331838;2021-01-01;"sexta-feira";"13:45:00";"MT";70;76;"GENERAL CARNEIRO";"Curva acentuada";"Colisão frontal";"Com Vítimas Feridas";"Pleno dia";"Crescente";"Céu Claro";"Simples";"Curva";"Não";2;0;2;0;0;0;2;1;-15,67421693;-52,81408803;"SPRF-MT";"DEL07-MT";"UOP01-DEL07-MT"
331839;2021-01-01;"sexta-feira";"15:10:00";"MG";40;500,7;"ESMERALDAS";"Velocidade Incompatível";"Capotamento";"Com Vítimas Feridas";"Pleno dia";"Crescente";"Céu Claro";"Dupla";"Declive;Reta";"Sim";1;0;1;0;0;0;1;1;-19,705097;-44,169559;"SPRF-MG";"DEL02-MG";"UOP01-DEL02-MG"
331841;2021-01-01;"sexta-feira";"15:15:00";"PR";369;155;"LONDRINA";"Condutor desrespeitou a iluminação vermelha do semáforo";"Colisão transversal";"Com Vítimas Feridas";"Pleno dia";"Crescente";"Nublado";"Dupla";"Reta";"Sim";3;0;2;0;1;0;2;2;-23,29558474;-51,20823026;"SPRF-PR";"DEL07-PR";"UOP01-DEL07-PR"
331842;2021-01-01;"sexta-feira";"13:00:00";"GO";153;494,5;"GOIANIA";"Condutor deixou de manter distância do veículo da frente";"Colisão traseira";"Com Vítimas Feridas";"Pleno dia";"Crescente";"Nublado";"Múltipla";"Aclive";"Sim";3;0;1;0;2;0;1;2;-16,6614;-49,2218;"SPRF-GO";"DEL01-GO";"UOP01-DEL01-GO"
331845;2021-01-01;"sexta-feira";"14:30:00";"PE";104;76;"AGRESTINA";"Condutor Dormindo";"Capotamento";"Com Vítimas Feridas";"Pleno dia";"Crescente";"Céu Claro";"Simples";"Reta";"Não";1;0;1;0;0;0;1;1;-8,367286;-35,985153;"SPRF-PE";"DEL02-PE";"UOP01-DEL02-PE"
331846;2021-01-01;"sexta-feira";"14:50:00";"MG";116;766,8;"LEOPOLDINA";"Acessar a via sem observar a presença dos outros veículos";"Colisão transversal";"Com Vítimas Feridas";"Pleno dia";"Crescente";"Céu Claro";"Simples";"Reta";"Não";6;0;1;2;2;1;3;3;-21,5356551;-42,65610863;"SPRF-MG";"DEL07-MG";"UOP01-DEL07-MG"
331847;2021-01-01;"sexta-feira";"14:00:00";"PR";116;14;"CAMPINA GRANDE DO SUL";"Chuva";"Saída de leito carroçável";"Com Vítimas Feridas";"Pleno dia";"Decrescente";"Chuva";"Dupla";"Curva";"Não";2;0;1;0;1;0;1;1;-25,09836429;-48,67391969;"SPRF-PR";"DEL01-PR";"UOP02-DEL01-PR"
331848;2021-01-01;"sexta-feira";"15:25:00";"MG";262;412,8;"IGARATINGA";"Velocidade Incompatível";"Saída de leito carroçável";"Com Vítimas Feridas";"Pleno dia";"Decrescente";"Nublado";"Dupla";"Aclive;Reta";"Não";1;0;0;1;0;0;1;1;-19,89051204;-44,64959297;"SPRF-MG";"DEL08-MG";"UOP03-DEL08-MG"
331849;2021-01-01;"sexta-feira";"15:30:00";"RS";392;120;"CANGUCU";"Velocidade Incompatível";"Tombamento";"Com Vítimas Feridas";"Pleno dia";"Crescente";"Céu Claro";"Simples";"Aclive;Curva";"Não";1;0;1;0;0;0;1;1;-31,39139698;-52,6887662;"SPRF-RS";"DEL07-RS";"UOP01-DEL07-RS"
331850;2021-01-01;"sexta-feira";"15:00:00";"PR";116;12;"CAMPINA GRANDE DO SUL";"Velocidade Incompatível";"Colisão com objeto";"Com Vítimas Feridas";"Pleno dia";"Crescente";"Chuva";"Dupla";"Curva";"Não";2;0;2;0;0;0;2;1;-25,097493;-48,659216;"SPRF-PR";"DEL01-PR";"UOP02-DEL01-PR"
331851;2021-01-01;"sexta-feira";"15:20:00";"GO";60;15,1;"ALEXANIA";"Velocidade Incompatível";"Saída de leito carroçável";"Sem Vítimas";"Pleno dia";"Decrescente";"Nublado";"Dupla";"Curva";"Não";4;0;0;0;4;0;0;1;-16,094168;-48,517212;"SPRF-DF";"DEL03-DF";"UOP01-DEL03-DF"
331852;2021-01-01;"sexta-feira";"15:30:00";"AL";101;77;"RIO LARGO";"Ausência de reação do condutor";"Queda de ocupante de veículo";"Com Vítimas Feridas";"Pleno dia";"Decrescente";"Céu Claro";"Dupla";"Reta";"Não";2;0;1;0;1;0;1;1;-9,42231892;-35,83907761;"SPRF-AL";"DEL01-AL";"UOP01-DEL01-AL"
331853;2021-01-01;"sexta-feira";"16:15:00";"MG";40;750;"SANTOS DUMONT";"Velocidade Incompatível";"Saída de leito carroçável";"Com Vítimas Feridas";"Pleno dia";"Decrescente";"Céu Claro";"Dupla";"Curva";"Sim";3;0;1;0;2;0;1;1;-21,45724301;-43,55822199;"SPRF-MG";"DEL05-MG";"UOP01-DEL05-MG"
331854;2021-01-01;"sexta-feira";"16:15:00";"PR";116;14,8;"CAMPINA GRANDE DO SUL";"Velocidade Incompatível";"Saída de leito carroçável";"Com Vítimas Feridas";"Pleno dia";"Crescente";"Garoa/Chuvisco";"Dupla";"Curva";"Não";5;0;4;0;1;0;4;1;-25,09836429;-48,67391969;"SPRF-PR";"DEL01-PR";"UOP02-DEL01-PR"
331856;2021-01-01;"sexta-feira";"16:10:00";"SC";101;205,5;"SAO JOSE";"Manobra de mudança de faixa";"Colisão lateral";"Com Vítimas Feridas";"Pleno dia";"Decrescente";"Céu Claro";"Múltipla";"Reta";"Não";3;0;1;1;1;0;2;2;-27,58313237;-48,61532885;"SPRF-SC";"DEL01-SC";"UOP01-DEL01-SC"
331858;2021-01-01;"sexta-feira";"15:40:00";"PR";376;682;"GUARATUBA";"Ingestão de álcool pelo condutor";"Queda de ocupante de veículo";"Com Vítimas Feridas";"Pleno dia";"Decrescente";"Chuva";"Dupla";"Reta";"Sim";1;0;1;0;0;0;1;1;-25,97311818;-48,89058063;"SPRF-PR";"DEL01-PR";"UOP04-DEL01-PR"
331860;2021-01-01;"sexta-feira";"09:30:00";"SC";282;586,8;"PINHALZINHO";"Ausência de reação do condutor";"Colisão frontal";"Com Vítimas Feridas";"Pleno dia";"Decrescente";"Céu Claro";"Simples";"Declive;Reta";"Não";4;0;3;1;0;0;4;2;-26,83050458;-53,04405212;"SPRF-SC";"DEL07-SC";"UOP02-DEL07-SC"
331861;2021-01-01;"sexta-feira";"06:40:00";"PE";101;69,1;"RECIFE";"Velocidade Incompatível";"Saída de leito carroçável";"Sem Vítimas";"Pleno dia";"Decrescente";"Céu Claro";"Dupla";"Reta";"Sim";1;0;0;0;0;1;0;1;-8,05951606;-34,94581024;"SPRF-PE";"DEL01-PE";"UOP01-DEL01-PE"
331863;2021-01-01;"sexta-feira";"16:30:00";"RN";101;85,4;"SAO GONCALO DO AMARANTE";"Condutor deixou de manter distância do veículo da frente";"Colisão traseira";"Com Vítimas Feridas";"Pleno dia";"Crescente";"Céu Claro";"Dupla";"Reta";"Sim";2;0;0;1;0;1;1;2;-5,777664;-35,24937;"SPRF-RN";"DEL02-RN";"UOP01-DEL02-RN"
331865;2021-01-01;"sexta-feira";"15:00:00";"RS";158;264;"JULIO DE CASTILHOS";"Ingestão de álcool pelo condutor";"Saída de leito carroçável";"Com Vítimas Feridas";"Pleno dia";"Decrescente";"Céu Claro";"Simples";"Reta";"Não";6;0;6;0;0;0;6;1;-29,238945;-53,66561;"SPRF-RS";"DEL10-RS";"UOP02-DEL10-RS"
331866;2021-01-01;"sexta-feira";"17:20:00";"RS";116;506,4;"PELOTAS";"Ausência de reação do condutor";"Saída de leito carroçável";"Com Vítimas Feridas";"Pleno dia";"Decrescente";"Céu Claro";"Dupla";"Reta";"Não";1;0;1;0;0;0;1;1;-31,59540811;-52,2869939;"SPRF-RS";"DEL07-RS";"UOP01-DEL07-RS"
331869;2021-01-01;"sexta-feira";"17:00:00";"RN";226;117,8;"SANTA CRUZ";"Ingestão de álcool e/ou substâncias psicoativas pelo pedestre";"Tombamento";"Com Vítimas Feridas";"Pleno dia";"Crescente";"Céu Claro";"Simples";"Curva";"Não";1;0;1;0;0;0;1;1;-6,194071;-36,050365;"SPRF-RN";"DEL03-RN";"UOP02-DEL03-RN"
331870;2021-01-01;"sexta-feira";"11:00:00";"CE";20;409,7;"CAUCAIA";"Reação tardia ou ineficiente do condutor";"Saída de leito carroçável";"Sem Vítimas";"Pleno dia";"Crescente";"Céu Claro";"Múltipla";"Reta";"Não";1;0;0;0;0;1;0;1;-3,78981267;-38,65247726;"SPRF-CE";"DEL01-CE";"UOP01-DEL01-CE"
331873;2021-01-01;"sexta-feira";"15:55:00";"PA";316;31,6;"SANTA IZABEL DO PARA";"Chuva";"Saída de leito carroçável";"Com Vítimas Feridas";"Pleno dia";"Decrescente";"Chuva";"Dupla";"Curva";"Não";4;0;4;0;0;0;4;1;-1,3025866;-48,1965672;"SPRF-PA";"DEL01-PA";"UOP01-DEL01-PA"
331874;2021-01-01;"sexta-feira";"17:20:00";"MG";50;22,1;"ARAGUARI";"Avarias e/ou desgaste excessivo no pneu";"Saída de leito carroçável";"Com Vítimas Feridas";"Pleno dia";"Crescente";"Nublado";"Dupla";"Declive;Curva";"Não";2;0;0;1;0;1;1;1;-18,60474;-48,051437;"SPRF-MG";"DEL15-MG";"UOP02-DEL15-MG"
331875;2021-01-01;"sexta-feira";"17:15:00";"RS";386;354,3;"ESTRELA";"Demais falhas mecânicas ou elétricas";"Saída de leito carroçável";"Com Vítimas Feridas";"Pleno dia";"Crescente";"Céu Claro";"Dupla";"Curva";"Não";5;0;2;0;3;0;2;1;-29,506611;-51,943012;"SPRF-RS";"DEL04-RS";"UOP02-DEL04-RS"
331878;2021-01-01;"sexta-feira";"17:30:00";"SP";116;303;"SAO LOURENCO DA SERRA";"Avarias e/ou desgaste excessivo no pneu";"Colisão com objeto";"Com Vítimas Feridas";"Anoitecer";"Decrescente";"Chuva";"Dupla";"Declive";"Sim";1;0;1;0;0;0;1;1;-23,82760675;-46,92631345;"SPRF-SP";"DEL04-SP";"UOP01-DEL04-SP"
331879;2021-01-01;"sexta-feira";"17:45:00";"PR";369;62,2;"BANDEIRANTES";"Reação tardia ou ineficiente do condutor";"Saída de leito carroçável";"Com Vítimas Feridas";"Pleno dia";"Decrescente";"Nublado";"Simples";"Reta";"Não";1;0;1;0;0;0;1;1;-23,133466;-50,42339;"SPRF-PR";"DEL07-PR";"UOP01-DEL07-PR"
331881;2021-01-01;"sexta-feira";"14:30:00";"CE";222;264,2;"COREAU";"Acessar a via sem observar a presença dos outros veículos";"Colisão transversal";"Com Vítimas Fatais";"Pleno dia";"Decrescente";"Céu Claro";"Simples";"Reta";"Não";3;2;0;0;1;0;0;2;-3,7479809;-40,68469599;"SPRF-CE";"DEL04-CE";"UOP02-DEL04-CE"
331882;2021-01-01;"sexta-feira";"17:10:00";"BA";101;184;"SAO GONCALO DOS CAMPOS";"Acessar a via sem observar a presença dos outros veículos";"Saída de leito carroçável";"Com Vítimas Feridas";"Pleno dia";"Decrescente";"Céu Claro";"Simples";"Reta";"Não";2;0;1;0;0;1;1;2;-12,4431808;-38,92054469;"SPRF-BA";"DEL01-BA";"UOP03-DEL01-BA"
331883;2021-01-01;"sexta-feira";"16:00:00";"AP";156;375;"FERREIRA GOMES";"Condutor deixou de manter distância do veículo da frente";"Colisão traseira";"Com Vítimas Feridas";"Pleno dia";"Decrescente";"Nublado";"Simples";"Reta";"Não";3;0;3;0;0;0;3;2;0,81247657;-51,21048475;"SPRF-AP";"DEL01-AP";"UOP01-DEL01-AP"
331884;2021-01-01;"sexta-feira";"18:30:00";"MA";316;612;"TIMON";"Ingestão de álcool pelo condutor";"Colisão frontal";"Com Vítimas Feridas";"Plena Noite";"Decrescente";"Céu Claro";"Simples";"Declive";"Não";2;0;2;0;0;0;2;2;-5,075141;-42,859455;"SPRF-MA";"DEL03-MA";"UOP02-DEL03-MA"
331885;2021-01-01;"sexta-feira";"16:10:00";"SP";116;458;"REGISTRO";"Chuva";"Capotamento";"Com Vítimas Feridas";"Pleno dia";"Crescente";"Chuva";"Dupla";"Curva";"Não";2;0;2;0;0;0;2;1;-24,5958452;-47,8771454;"SPRF-SP";"DEL05-SP";"UOP01-DEL05-SP"
331886;2021-01-01;"sexta-feira";"18:00:00";"SP";116;453;"REGISTRO";"Pista Escorregadia";"Tombamento";"Com Vítimas Feridas";"Pleno dia";"Crescente";"Nublado";"Dupla";"Reta";"Não";2;0;2;0;0;0;2;1;-24,56168114;-47,86752174;"SPRF-SP";"DEL05-SP";"UOP01-DEL05-SP"
331887;2021-01-01;"sexta-feira";"18:15:00";"PE";101;69,7;"RECIFE";"Acessar a via sem observar a presença dos outros veículos";"Colisão transversal";"Com Vítimas Feridas";"Plena Noite";"Decrescente";"Céu Claro";"Dupla";"Reta";"Sim";2;0;1;0;0;1;1;2;-8,05951606;-34,94581024;"SPRF-PE";"DEL01-PE";"UOP01-DEL01-PE"
331888;2021-01-01;"sexta-feira";"17:10:00";"RJ";116;22;"SUMIDOURO";"Chuva";"Saída de leito carroçável";"Sem Vítimas";"Pleno dia";"Decrescente";"Chuva";"Simples";"Curva";"Não";2;0;0;0;2;0;0;1;-22,01634583;-42,76878911;"SPRF-RJ";"DEL04-RJ";"UOP01-DEL04-RJ"
331889;2021-01-01;"sexta-feira";"18:40:00";"GO";153;437,3;"ANAPOLIS";"Ingestão de álcool pelo condutor";"Colisão traseira";"Sem Vítimas";"Plena Noite";"Crescente";"Garoa/Chuvisco";"Dupla";"Reta";"Sim";2;0;0;0;1;1;0;2;-16,286884;-48,942978;"SPRF-GO";"DEL02-GO";"UOP01-DEL02-GO"
331890;2021-01-01;"sexta-feira";"18:55:00";"SC";101;146,6;"ITAPEMA";"Velocidade Incompatível";"Colisão traseira";"Com Vítimas Feridas";"Pleno dia";"Decrescente";"Céu Claro";"Dupla";"Reta";"Sim";4;0;2;0;2;0;2;2;-27,08666525;-48,60955587;"SPRF-SC";"DEL04-SC";"UOP03-DEL04-SC"
331891;2021-01-01;"sexta-feira";"18:20:00";"RJ";101;283;"ITABORAI";"Transitar na contramão";"Colisão frontal";"Com Vítimas Feridas";"Anoitecer";"Decrescente";"Nublado";"Simples";"Curva";"Não";5;0;1;0;4;0;1;2;-22,73591014;-42,80592689;"SPRF-RJ";"DEL02-RJ";"UOP03-DEL02-RJ"
331892;2021-01-01;"sexta-feira";"17:25:00";"PR";376;492;"PONTA GROSSA";"Demais falhas mecânicas ou elétricas";"Incêndio";"Sem Vítimas";"Anoitecer";"Crescente";"Nublado";"Simples";"Reta";"Não";1;0;0;0;1;0;0;1;-25,15559918;-50,13322909;"SPRF-PR";"DEL03-PR";"UOP04-DEL03-PR"
331893;2021-01-01;"sexta-feira";"19:20:00";"SP";116;272;"TABOAO DA SERRA";"Ausência de reação do condutor";"Queda de ocupante de veículo";"Com Vítimas Feridas";"Pleno dia";"Crescente";"Céu Claro";"Múltipla";"Reta";"Não";1;0;1;0;0;0;1;1;-23,621691;-46,813288;"SPRF-SP";"DEL04-SP";"UOP01-DEL04-SP"
331895;2021-01-01;"sexta-feira";"19:23:00";"ES";101;84;"SAO MATEUS";"Reação tardia ou ineficiente do condutor";"Queda de ocupante de veículo";"Com Vítimas Feridas";"Plena Noite";"Decrescente";"Céu Claro";"Simples";"Reta";"Não";1;0;0;1;0;0;1;1;-18,85087778;-39,9287233;"SPRF-ES";"DEL04-ES";"UOP02-DEL04-ES"
331896;2021-01-01;"sexta-feira";"20:00:00";"PR";376;622,2;"SAO JOSE DOS PINHAIS";"Avarias e/ou desgaste excessivo no pneu";"Tombamento";"Com Vítimas Feridas";"Plena Noite";"Decrescente";"Nublado";"Dupla";"Reta";"Sim";2;0;1;0;1;0;1;1;-25,62623389;-49,16547575;"SPRF-PR";"DEL01-PR";"UOP04-DEL01-PR"
331897;2021-01-01;"sexta-feira";"20:00:00";"PE";232;413;"SERRA TALHADA";"Reação tardia ou ineficiente do condutor";"Colisão lateral";"Com Vítimas Feridas";"Plena Noite";"Crescente";"Céu Claro";"Simples";"Reta";"Sim";6;0;2;0;3;1;2;2;-7,98857087;-38,32972307;"SPRF-PE";"DEL04-PE";"UOP01-DEL04-PE"
331898;2021-01-01;"sexta-feira";"13:30:00";"ES";101;29;"CONCEICAO DA BARRA";"Ingestão de álcool pelo condutor";"Saída de leito carroçável";"Sem Vítimas";"Pleno dia";"Crescente";"Céu Claro";"Simples";"Declive;Reta";"Não";1;0;0;0;0;1;0;1;-18,39992188;-39,93877968;"SPRF-ES";"DEL04-ES";"UOP02-DEL04-ES"
331899;2021-01-01;"sexta-feira";"18:30:00";"RO";364;615;"ITAPUA DO OESTE";"Reação tardia ou ineficiente do condutor";"Colisão traseira";"Sem Vítimas";"Plena Noite";"Crescente";"Céu Claro";"Simples";"Reta";"Não";5;0;0;0;4;1;0;2;-9,12169101;-63,25877001;"SPRF-RO";"DEL01-RO";"UOP04-DEL01-RO"
331900;2021-01-01;"sexta-feira";"20:20:00";"DF";20;23,4;"BRASILIA";"Ingestão de álcool pelo condutor";"Colisão traseira";"Sem Vítimas";"Plena Noite";"Decrescente";"Nublado";"Dupla";"Reta";"Sim";2;0;0;0;2;0;0;2;-15,595297;-47,667912;"SPRF-DF";"DEL02-DF";"UOP01-DEL02-DF"
331902;2021-01-01;"sexta-feira";"20:30:00";"RN";101;66;"EXTREMOZ";"Desrespeitar a preferência no cruzamento";"Colisão transversal";"Sem Vítimas";"Plena Noite";"Decrescente";"Nublado";"Simples";"Interseção de Vias";"Não";2;0;0;0;1;1;0;2;-5,65224894;-35,24964854;"SPRF-RN";"DEL02-RN";"UOP01-DEL02-RN"
331903;2021-01-01;"sexta-feira";"17:30:00";"RJ";493;122;"ITAGUAI";"Afundamento ou ondulação no pavimento";"Colisão traseira";"Com Vítimas Feridas";"Anoitecer";"Decrescente";"Nublado";"Simples";"Reta";"Sim";7;0;1;0;6;0;1;3;-22,88415;-43,824959;"SPRF-RJ";"DEL03-RJ";"UOP01-DEL03-RJ"
331904;2021-01-01;"sexta-feira";"19:45:00";"PI";343;8,6;"PARNAIBA";"Ingestão de álcool pelo condutor";"Tombamento";"Com Vítimas Feridas";"Plena Noite";"Decrescente";"Céu Claro";"Simples";"Reta";"Sim";1;0;1;0;0;0;1;1;-2,899382;-41,723724;"SPRF-PI";"DEL05-PI";"UOP01-DEL05-PI"
331905;2021-01-01;"sexta-feira";"20:00:00";"ES";101;446;"MIMOSO DO SUL";"Ausência de reação do condutor";"Queda de ocupante de veículo";"Com Vítimas Feridas";"Plena Noite";"Decrescente";"Nublado";"Simples";"Reta";"Não";1;0;1;0;0;0;1;1;-21,11782572;-41,26862728;"SPRF-ES";"DEL03-ES";"UOP02-DEL03-ES"
331906;2021-01-01;"sexta-feira";"20:15:00";"MG";40;521;"CONTAGEM";"Velocidade Incompatível";"Saída de leito carroçável";"Com Vítimas Feridas";"Plena Noite";"Decrescente";"Chuva";"Dupla";"Curva";"Sim";2;0;1;0;1;0;1;1;-19,85651501;-44,07213222;"SPRF-MG";"DEL01-MG";"UOP02-DEL01-MG"
331907;2021-01-01;"sexta-feira";"18:10:00";"MS";267;508,1;"JARDIM";"Demais falhas mecânicas ou elétricas";"Tombamento";"Com Vítimas Feridas";"Anoitecer";"Decrescente";"Céu Claro";"Simples";"Reta";"Não";2;0;2;0;0;0;2;1;-21,46738088;-56,37378504;"SPRF-MS";"DEL05-MS";"UOP01-DEL05-MS"
331908;2021-01-01;"sexta-feira";"20:30:00";"DF";60;22;"BRASILIA";"Acessar a via sem observar a presença dos outros veículos";"Colisão transversal";"Com Vítimas Feridas";"Plena Noite";"Decrescente";"Céu Claro";"Dupla";"Reta";"Não";2;0;0;1;1;0;1;2;-15,984106;-48,215378;"SPRF-DF";"DEL03-DF";"UOP01-DEL03-DF"
331909;2021-01-01;"sexta-feira";"20:00:00";"PA";316;67,4;"CASTANHAL";"Ultrapassagem Indevida";"Colisão frontal";"Com Vítimas Fatais";"Plena Noite";"Decrescente";"Nublado";"Simples";"Reta";"Não";5;1;0;0;4;0;0;2;-1,2918;-47,8699;"SPRF-PA";"DEL01-PA";"UOP01-DEL01-PA"
331911;2021-01-01;"sexta-feira";"17:15:00";"SE";101;197,1;"CRISTINAPOLIS";"Velocidade Incompatível";"Colisão com objeto";"Sem Vítimas";"Anoitecer";"Crescente";"Céu Claro";"Simples";"Curva";"Não";1;0;0;0;0;1;0;1;-11,46981308;-37,74693679;"SPRF-SE";"DEL02-SE";"UOP03-DEL02-SE"
331912;2021-01-01;"sexta-feira";"07:00:00";"MA";230;293;"SAMBAIBA";"Condutor Dormindo";"Saída de leito carroçável";"Com Vítimas Feridas";"Pleno dia";"Decrescente";"Céu Claro";"Simples";"Reta";"Não";3;0;0;3;0;0;3;1;-6,92410782;-45,31626419;"SPRF-MA";"DEL05-MA";"UOP01-DEL05-MA"
331914;2021-01-01;"sexta-feira";"21:10:00";"PR";277;0,8;"PARANAGUA";"Transitar no acostamento";"Colisão frontal";"Com Vítimas Feridas";"Plena Noite";"Decrescente";"Garoa/Chuvisco";"Simples";"Reta";"Sim";3;0;0;2;0;1;2;3;-25,568198;-48,615292;"SPRF-PR";"DEL01-PR";"UOP05-DEL01-PR"
331915;2021-01-01;"sexta-feira";"21:15:00";"CE";222;4,3;"CAUCAIA";"Ingestão de álcool pelo condutor";"Colisão traseira";"Sem Vítimas";"Plena Noite";"Decrescente";"Céu Claro";"Dupla";"Reta";"Sim";2;0;0;0;2;0;0;2;-3,74164754;-38,60449792;"SPRF-CE";"DEL01-CE";"UOP01-DEL01-CE"
331916;2021-01-01;"sexta-feira";"18:58:00";"SE";101;198,7;"CRISTINAPOLIS";"Ingestão de álcool ou de substâncias psicoativas pelo pedestre";"Atropelamento de Pedestre";"Com Vítimas Feridas";"Plena Noite";"Decrescente";"Céu Claro";"Simples";"Reta";"Sim";2;0;0;1;1;0;1;2;-11,47577697;-37,75465701;"SPRF-SE";"DEL02-SE";"UOP03-DEL02-SE"
331917;2021-01-01;"sexta-feira";"20:40:00";"GO";60;25;"ALEXANIA";"Velocidade Incompatível";"Saída de leito carroçável";"Com Vítimas Feridas";"Plena Noite";"Crescente";"Céu Claro";"Dupla";"Declive;Reta";"Não";2;0;2;0;0;0;2;1;-16,0963;-48,5202;"SPRF-DF";"DEL03-DF";"UOP01-DEL03-DF"
331918;2021-01-01;"sexta-feira";"21:00:00";"SP";153;274,6;"OCAUCU";"Ingestão de álcool pelo condutor";"Colisão lateral mesmo sentido";"Sem Vítimas";"Plena Noite";"Decrescente";"Nublado";"Simples";"Declive;Curva";"Não";8;0;0;0;8;0;0;2;-22,37103131;-49,86694336;"SPRF-SP";"DEL07-SP";"UOP02-DEL07-SP"
331922;2021-01-01;"sexta-feira";"21:00:00";"PI";343;19;"PARNAIBA";"Ausência de reação do condutor";"Colisão traseira";"Sem Vítimas";"Plena Noite";"Decrescente";"Céu Claro";"Simples";"Reta";"Não";2;0;0;0;2;0;0;2;-2,97625594;-41,76164031;"SPRF-PI";"DEL05-PI";"UOP01-DEL05-PI"
331923;2021-01-01;"sexta-feira";"20:15:00";"PR";376;492,7;"PONTA GROSSA";"Acumulo de água sobre o pavimento";"Colisão traseira";"Com Vítimas Feridas";"Plena Noite";"Decrescente";"Chuva";"Dupla";"Curva";"Não";2;0;1;0;0;1;1;2;-25,15559918;-50,13322909;"SPRF-PR";"DEL03-PR";"UOP04-DEL03-PR"
331924;2021-01-01;"sexta-feira";"20:30:00";"MG";381;510;"SAO JOAQUIM DE BICAS";"Pedestre cruzava a pista fora da faixa";"Atropelamento de Pedestre";"Com Vítimas Feridas";"Plena Noite";"Decrescente";"Chuva";"Múltipla";"Reta";"Sim";2;0;0;1;0;1;1;2;-20,07738209;-44,30434488;"SPRF-MG";"DEL01-MG";"UOP03-DEL01-MG"