"id";"data_inversa";"dia_semana";"horario";"uf";"br";"km";"municipio";"causa_acidente";"tipo_acidente";"classificacao_acidente";"fase_dia";"sentido_via";"condicao_metereologica";"tipo_pista";"tracado_via";"uso_solo";"pessoas";"mortos";"feridos_leves";"feridos_graves";"ilesos";"ignorados";"feridos";"veiculos";"latitude";"longitude";"regional";"delegacia";"uop"
332037;2021-01-02;"sábado";"16:00:00";"MG";381;517,9;"IGARAPE";"Chuva";"Colisão lateral mesmo sentido";"Com Vítimas Feridas";"Pleno dia";"Crescente";"Chuva";"Dupla";"Curva";"Não";9;0;1;0;8;0;1;2;-20,11382303;-44,30720801;"SPRF-MG";"DEL04-MG";"UOP03-DEL04-MG"
332039;2021-01-02;"sábado";"12:52:00";"RJ";40;79;"PETROPOLIS";"Reação tardia ou ineficiente do condutor";"Saída de leito carroçável";"Com Vítimas Feridas";"Pleno dia";"Crescente";"Chuva";"Dupla";"Reta";"Não";2;0;1;0;1;0;1;1;-22,49130098;-43,22294163;"SPRF-RJ";"DEL06-RJ";"UOP01-DEL06-RJ"
332041;2021-01-02;"sábado";"15:30:00";"SP";116;138;"SAO JOSE DOS CAMPOS";"Condutor deixou de manter distância do veículo da frente";"Saída de leito carroçável";"Com Vítimas Feridas";"Pleno dia";"Decrescente";"Nublado";"Dupla";"Reta";"Sim";1;0;1;0;0;0;1;1;-23,1572739;-45,79554605;"SPRF-SP";"DEL06-SP";"UOP01-DEL06-SP"
332042;2021-01-02;"sábado";"14:25:00";"SP";116;503,3;"CAJATI";"Velocidade Incompatível";"Capotamento";"Sem Vítimas";"Pleno dia";"Crescente";"Nublado";"Simples";"Curva";"Não";1;0;0;0;0;1;0;1;-24,77541893;-48,20947907;"SPRF-SP";"DEL05-SP";"UOP02-DEL05-SP"
332043;2021-01-02;"sábado";"10:50:00";"SP";116;549,5;"BARRA DO TURVO";"Reação tardia ou ineficiente do condutor";"Colisão traseira";"Sem Vítimas";"Pleno dia";"Crescente";"Garoa/Chuvisco";"Simples";"Reta";"Não";3;0;0;0;2;1;0;2;-24,95470506;-48,45560002;"SPRF-SP";"DEL05-SP";"UOP02-DEL05-SP"
332044;2021-01-02;"sábado";"15:40:00";"AL";101;109;"PILAR";"Ultrapassagem Indevida";"Colisão frontal";"Com Vítimas Feridas";"Pleno dia";"Crescente";"Céu Claro";"Simples";"Reta;Declive";"Não";2;0;1;0;1;0;1;2;-9,60183894;-36,01536915;"SPRF-AL";"DEL02-AL";"UOP01-DEL02-AL"
332045;2021-01-02;"sábado";"16:25:00";"RN";304;176;"ANGICOS";"Ultrapassagem Indevida";"Colisão frontal";"Com Vítimas Fatais";"Pleno dia";"Decrescente";"Céu Claro";"Simples";"Reta";"Não";3;1;0;2;0;0;2;2;-5,68840912;-36,37424401;"SPRF-RN";"DEL01-RN";"UOP03-DEL01-RN"
332046;2021-01-02;"sábado";"16:15:00";"RS";290;222,5;"PANTANO GRANDE";"Demais falhas mecânicas ou elétricas";"Incêndio";"Sem Vítimas";"Pleno dia";"Decrescente";"Céu Claro";"Simples";"Reta";"Não";1;0;0;0;1;0;0;1;-30,20255876;-52,44718552;"SPRF-RS";"DEL02-RS";"UOP03-DEL02-RS"
332048;2021-01-02;"sábado";"15:15:00";"MG";381;636;"SANTO ANTONIO DO AMPARO";"Pista Escorregadia";"Saída de leito carroçável";"Com Vítimas Feridas";"Pleno dia";"Crescente";"Chuva";"Dupla";"Curva";"Não";4;0;2;0;2;0;2;1;-20,86710217;-44,84189491;"SPRF-MG";"DEL04-MG";"UOP01-DEL04-MG"
332049;2021-01-02;"sábado";"16:15:00";"RJ";116;137;"DUQUE DE CAXIAS";"Pista Escorregadia";"Saída de leito carroçável";"Com Vítimas Feridas";"Pleno dia";"Crescente";"Chuva";"Dupla";"Reta";"Não";2;0;1;0;1;0;1;1;-22,4887679;-43,2390976;"SPRF-RJ";"DEL04-RJ";"UOP02-DEL04-RJ"
332053;2021-01-02;"sábado";"15:40:00";"RS";287;450;"UNISTALDA";"Ausência de reação do condutor";"Saída de leito carroçável";"Com Vítimas Feridas";"Pleno dia";"Crescente";"Céu Claro";"Simples";"Curva";"Não";1;0;0;1;0;0;1;1;-28,99595062;-55,27500976;"SPRF-RS";"DEL12-RS";"UOP02-DEL12-RS"
332054;2021-01-02;"sábado";"16:50:00";"PR";277;139;"BALSA NOVA";"Mal súbito do condutor";"Queda de ocupante de veículo";"Com Vítimas Feridas";"Pleno dia";"Crescente";"Sol";"Dupla";"Aclive";"Não";1;0;1;0;0;0;1;1;-25,4701919;-49,7250222;"SPRF-PR";"DEL01-PR";"UOP03-DEL03-PR"
332055;2021-01-02;"sábado";"15:00:00";"SC";101;149,1;"ITAPEMA";"Condutor deixou de manter distância do veículo da frente";"Colisão traseira";"Com Vítimas Feridas";"Pleno dia";"Decrescente";"Céu Claro";"Simples";"Reta";"Sim";4;0;1;0;3;0;1;3;-27,1089649;-48,61277586;"SPRF-SC";"DEL04-SC";"UOP03-DEL04-SC"
332056;2021-01-02;"sábado";"16:45:00";"MS";163;424,7;"CAMPO GRANDE";"Reação tardia ou ineficiente do condutor";"Saída de leito carroçável";"Com Vítimas Feridas";"Pleno dia";"Crescente";"Céu Claro";"Simples";"Reta";"Sim";1;0;1;0;0;0;1;1;-20,95516398;-54,50201214;"SPRF-MS";"DEL01-MS";"UOP01-DEL01-MS"
332057;2021-01-02;"sábado";"17:05:00";"SC";470;62,5;"INDAIAL";"Conversão proibida";"Colisão lateral mesmo sentido";"Com Vítimas Feridas";"Pleno dia";"Decrescente";"Céu Claro";"Simples";"Curva";"Sim";3;0;2;0;1;0;2;2;-26,874521;-49,182938;"SPRF-SC";"DEL04-SC";"UOP01-DEL04-SC"
332059;2021-01-02;"sábado";"17:40:00";"SC";101;3,4;"GARUVA";"Condutor deixou de manter distância do veículo da frente";"Colisão com objeto";"Com Vítimas Feridas";"Pleno dia";"Decrescente";"Garoa/Chuvisco";"Dupla";"Aclive;Reta";"Não";3;0;1;1;1;0;2;1;-26,00380807;-48,87233005;"SPRF-SC";"DEL03-SC";"UOP01-DEL03-SC"
332060;2021-01-02;"sábado";"17:25:00";"PI";402;0,7;"BURITI DOS LOPES";"Manobra de mudança de faixa";"Colisão transversal";"Com Vítimas Feridas";"Pleno dia";"Crescente";"Céu Claro";"Simples";"Reta";"Não";2;0;1;0;1;0;1;2;-3,0938926;-41,901173;"SPRF-PI";"DEL05-PI";"UOP01-DEL05-PI"
332062;2021-01-02;"sábado";"16:00:00";"SC";101;135,2;"BALNEARIO CAMBORIU";"Condutor deixou de manter distância do veículo da frente";"Colisão traseira";"Com Vítimas Feridas";"Pleno dia";"Crescente";"Nublado";"Dupla";"Reta";"Sim";3;0;2;0;1;0;2;3;-27,0050108;-48,62677494;"SPRF-SC";"DEL04-SC";"UOP03-DEL04-SC"
332063;2021-01-02;"sábado";"15:55:00";"MG";381;671,5;"PERDOES";"Velocidade Incompatível";"Saída de leito carroçável";"Com Vítimas Feridas";"Pleno dia";"Crescente";"Céu Claro";"Dupla";"Curva";"Não";2;0;1;1;0;0;2;1;-21,08945416;-45,06864195;"SPRF-MG";"DEL04-MG";"UOP02-DEL04-MG"
332064;2021-01-02;"sábado";"17:00:00";"MG";40;730,5;"OLIVEIRA FORTES";"Velocidade Incompatível";"Colisão com objeto";"Com Vítimas Feridas";"Pleno dia";"Decrescente";"Chuva";"Dupla";"Curva";"Não";2;0;1;0;1;0;1;1;-21,33378994;-43,5866212;"SPRF-MG";"DEL05-MG";"UOP01-DEL05-MG"
332065;2021-01-02;"sábado";"17:50:00";"PR";116;94;"SAO JOSE DOS PINHAIS";"Manobra de mudança de faixa";"Colisão traseira";"Com Vítimas Feridas";"Pleno dia";"Decrescente";"Nublado";"Dupla";"Aclive";"Sim";3;0;3;0;0;0;3;2;-25,48954287;-49,11201617;"SPRF-PR";"DEL01-PR";"UOP01-DEL01-PR"
332066;2021-01-02;"sábado";"17:35:00";"SP";116;6,8;"QUELUZ";"Avarias e/ou desgaste excessivo no pneu";"Saída de leito carroçável";"Com Vítimas Feridas";"Pleno dia";"Crescente";"Chuva";"Dupla";"Curva";"Não";2;0;2;0;0;0;2;1;-22,53158181;-44,75374706;"SPRF-SP";"DEL08-SP";"UOP02-DEL08-SP"
332068;2021-01-02;"sábado";"17:45:00";"RJ";40;93,5;"DUQUE DE CAXIAS";"Chuva";"Colisão traseira";"Com Vítimas Feridas";"Anoitecer";"Crescente";"Chuva";"Dupla";"Curva";"Não";7;0;2;0;5;0;2;2;-22,5554282;-43,25829998;"SPRF-RJ";"DEL01-RJ";"UOP01-DEL01-RJ"
332070;2021-01-02;"sábado";"17:30:00";"SP";116;49,5;"LORENA";"Ingestão de álcool pelo condutor";"Colisão com objeto";"Com Vítimas Feridas";"Pleno dia";"Decrescente";"Nublado";"Dupla";"Reta";"Não";1;0;1;0;0;0;1;1;-22,73051614;-45,0765859;"SPRF-SP";"DEL08-SP";"UOP01-DEL08-SP"
332071;2021-01-02;"sábado";"18:15:00";"SP";153;67;"SAO JOSE DO RIO PRETO";"Ingestão de álcool pelo condutor";"Tombamento";"Com Vítimas Feridas";"Pleno dia";"Crescente";"Nublado";"Dupla";"Curva";"Sim";2;0;2;0;0;0;2;1;-20,84853593;-49,37585608;"SPRF-SP";"DEL09-SP";"UOP01-DEL09-SP"
332072;2021-01-02;"sábado";"17:20:00";"GO";60;365;"RIO VERDE";"Acumulo de água sobre o pavimento";"Saída de leito carroçável";"Com Vítimas Feridas";"Anoitecer";"Decrescente";"Chuva";"Dupla";"Reta";"Não";3;0;2;0;0;1;2;2;-17,65769;-50,808796;"SPRF-GO";"DEL04-GO";"UOP01-DEL04-GO"
332073;2021-01-02;"sábado";"17:30:00";"ES";101;270;"SERRA";"Frear bruscamente";"Colisão traseira";"Com Vítimas Feridas";"Plena Noite";"Crescente";"Nublado";"Dupla";"Reta";"Não";2;0;1;0;1;0;1;2;-20,22662056;-40,27075088;"SPRF-ES";"DEL02-ES";"UOP01-DEL02-ES"
332074;2021-01-02;"sábado";"17:50:00";"SC";116;211,9;"PONTE ALTA";"Velocidade Incompatível";"Saída de leito carroçável";"Com Vítimas Feridas";"Pleno dia";"Decrescente";"Céu Claro";"Simples";"Curva";"Não";2;0;2;0;0;0;2;1;-27,51040007;-50,36397936;"SPRF-SC";"DEL05-SC";"UOP03-DEL05-SC"
332075;2021-01-02;"sábado";"17:20:00";"PR";277;526,3;"GUARANIACU";"Reação tardia ou ineficiente do condutor";"Colisão traseira";"Com Vítimas Feridas";"Pleno dia";"Decrescente";"Sol";"Simples";"Curva";"Não";4;0;3;0;1;0;3;2;-25,091649;-52,949265;"SPRF-PR";"DEL04-PR";"UOP01-DEL04-PR"
332076;2021-01-02;"sábado";"17:20:00";"ES";262;53,1;"MARECHAL FLORIANO";"Velocidade Incompatível";"Colisão frontal";"Com Vítimas Fatais";"Plena Noite";"Crescente";"Chuva";"Simples";"Curva";"Não";3;1;0;0;2;0;0;3;-20,41397156;-40,73317528;"SPRF-ES";"DEL01-ES";"UOP01-DEL01-ES"
332078;2021-01-02;"sábado";"15:45:00";"SC";101;162,5;"TIJUCAS";"Condutor deixou de manter distância do veículo da frente";"Colisão traseira";"Com Vítimas Feridas";"Plena Noite";"Decrescente";"Céu Claro";"Dupla";"Reta";"Não";3;0;0;2;1;0;2;2;-27,22554009;-48,6279367;"SPRF-SC";"DEL04-SC";"UOP03-DEL04-SC"
332079;2021-01-02;"sábado";"16:45:00";"SC";470;33;"GASPAR";"Condutor deixou de manter distância do veículo da frente";"Colisão traseira";"Com Vítimas Feridas";"Pleno dia";"Crescente";"Nublado";"Dupla";"Reta";"Não";4;0;3;0;1;0;3;2;-26,906223;-48,940575;"SPRF-SC";"DEL04-SC";"UOP01-DEL04-SC"
332082;2021-01-02;"sábado";"09:15:00";"MA";10;126,4;"ESTREITO";"Velocidade Incompatível";"Colisão traseira";"Com Vítimas Feridas";"Pleno dia";"Crescente";"Céu Claro";"Simples";"Reta";"Sim";2;0;1;1;0;0;2;2;-6,581329;-47,44136;"SPRF-MA";"DEL04-MA";"UOP02-DEL04-MA"
332083;2021-01-02;"sábado";"19:20:00";"ES";101;191;"ARACRUZ";"Acessar a via sem observar a presença dos outros veículos";"Colisão lateral mesmo sentido";"Com Vítimas Feridas";"Plena Noite";"Decrescente";"Céu Claro";"Simples";"Curva";"Não";5;0;4;0;0;1;4;2;-19,68908911;-40,28696073;"SPRF-ES";"DEL04-ES";"UOP01-DEL04-ES"
332085;2021-01-02;"sábado";"19:15:00";"RJ";101;12;"CAMPOS DOS GOYTACAZES";"Demais falhas mecânicas ou elétricas";"Tombamento";"Com Vítimas Feridas";"Plena Noite";"Crescente";"Chuva";"Simples";"Interseção de Vias";"Não";2;0;2;0;0;0;2;1;-21,31648344;-41,32577696;"SPRF-RJ";"DEL08-RJ";"UOP01-DEL08-RJ"
332086;2021-01-02;"sábado";"18:10:00";"CE";226;30,9;"PEREIRO";"Transitar na contramão";"Colisão lateral sentido oposto";"Com Vítimas Fatais";"Plena Noite";"Crescente";"Céu Claro";"Simples";"Aclive;Reta";"Sim";3;1;1;1;0;0;2;2;-6,04018806;-38,46765036;"SPRF-CE";"DEL05-CE";"UOP02-DEL05-CE"
332087;2021-01-02;"sábado";"19:05:00";"MG";381;732,4;"CARMO DA CACHOEIRA";"Pista Escorregadia";"Saída de leito carroçável";"Com Vítimas Feridas";"Plena Noite";"Crescente";"Chuva";"Dupla";"Curva";"Não";2;0;2;0;0;0;2;1;-21,55413799;-45,24499427;"SPRF-MG";"DEL16-MG";"UOP02-DEL16-MG"
332088;2021-01-02;"sábado";"19:30:00";"ES";101;419,1;"CACHOEIRO DE ITAPEMIRIM";"Chuva";"Colisão frontal";"Com Vítimas Feridas";"Plena Noite";"Crescente";"Chuva";"Simples";"Curva";"Não";4;0;0;2;2;0;2;3;-20,95924919;-41,10118693;"SPRF-ES";"DEL03-ES";"UOP02-DEL03-ES"
332089;2021-01-02;"sábado";"18:10:00";"MG";262;429,2;"SAO GONCALO DO PARA";"Acessar a via sem observar a presença dos outros veículos";"Colisão lateral";"Com Vítimas Feridas";"Pleno dia";"Crescente";"Vento";"Dupla";"Reta";"Não";2;0;0;1;1;0;1;2;-19,88839281;-44,79613504;"SPRF-MG";"DEL08-MG";"UOP03-DEL08-MG"
332091;2021-01-02;"sábado";"19:45:00";"SC";101;88,2;"BARRA VELHA";"Condutor deixou de manter distância do veículo da frente";"Colisão traseira";"Com Vítimas Feridas";"Plena Noite";"Decrescente";"Céu Claro";"Múltipla";"Viaduto";"Sim";3;0;1;0;2;0;1;2;-26,64253985;-48,68950684;"SPRF-SC";"DEL03-SC";"UOP02-DEL03-SC"
332092;2021-01-02;"sábado";"19:10:00";"PB";101;53;"SANTA RITA";"Ausência de reação do condutor";"Queda de ocupante de veículo";"Com Vítimas Feridas";"Plena Noite";"Decrescente";"Céu Claro";"Dupla";"Declive";"Não";1;0;1;0;0;0;1;1;-6,94606786;-35,09493776;"SPRF-PB";"DEL01-PB";"UOP04-DEL01-PB"
332093;2021-01-02;"sábado";"11:40:00";"BA";116;156;"CANUDOS";"Acessar a via sem observar a presença dos outros veículos";"Colisão traseira";"Com Vítimas Feridas";"Pleno dia";"Crescente";"Céu Claro";"Simples";"Reta";"Não";5;0;2;1;2;0;3;2;-9,972716;-39,16264999;"SPRF-BA";"DEL07-BA";"UOP02-DEL07-BA"
332094;2021-01-02;"sábado";"19:20:00";"PR";376;217;"JANDAIA DO SUL";"Acessar a via sem observar a presença dos outros veículos";"Colisão transversal";"Com Vítimas Feridas";"Anoitecer";"Decrescente";"Nublado";"Simples";"Interseção de Vias";"Sim";3;0;2;0;1;0;2;2;-23,59805329;-51,60575514;"SPRF-PR";"DEL09-PR";"UOP01-DEL09-PR"
332095;2021-01-02;"sábado";"19:20:00";"GO";70;13,6;"AGUAS LINDAS DE GOIAS";"Velocidade Incompatível";"Saída de leito carroçável";"Sem Vítimas";"Plena Noite";"Decrescente";"Nublado";"Dupla";"Reta";"Sim";1;0;0;0;0;1;0;1;-15,74489239;-48,31832762;"SPRF-DF";"DEL03-DF";"UOP02-DEL03-DF"
332096;2021-01-02;"sábado";"20:00:00";"SP";116;209;"GUARULHOS";"Avarias e/ou desgaste excessivo no pneu";"Tombamento";"Com Vítimas Feridas";"Plena Noite";"Decrescente";"Nublado";"Dupla";"Reta";"Sim";2;0;1;0;1;0;1;1;-23,42618256;-46,40483564;"SPRF-SP";"DEL01-SP";"UOP01-DEL01-SP"
332097;2021-01-02;"sábado";"19:00:00";"PB";104;93;"ESPERANCA";"Ingestão de álcool pelo condutor";"Saída de leito carroçável";"Sem Vítimas";"Plena Noite";"Crescente";"Céu Claro";"Simples";"Curva;Aclive";"Não";1;0;0;0;1;0;0;1;-6,99505412;-35,83569282;"SPRF-PB";"DEL02-PB";"UOP04-DEL02-PB"
332098;2021-01-02;"sábado";"20:00:00";"PR";487;122,3;"TUNEIRAS DO OESTE";"Animais na Pista";"Atropelamento de Animal";"Com Vítimas Feridas";"Plena Noite";"Decrescente";"Céu Claro";"Simples";"Reta;Aclive";"Não";3;0;2;0;1;0;2;1;-23,85669184;-52,90506295;"SPRF-PR";"DEL09-PR";"UOP03-DEL09-PR"
332100;2021-01-02;"sábado";"20:00:00";"PR";476;127;"CURITIBA";"Obras na pista";"Colisão lateral";"Sem Vítimas";"Plena Noite";"Crescente";"Garoa/Chuvisco";"Dupla";"Reta";"Sim";2;0;0;0;2;0;0;2;-25,425167;-49,227158;"SPRF-PR";"DEL01-PR";"UOP03-DEL01-PR"
332101;2021-01-02;"sábado";"19:16:00";"MG";116;208,3;"CATUJI";"Conversão proibida";"Colisão transversal";"Com Vítimas Feridas";"Plena Noite";"Crescente";"Céu Claro";"Simples";"Reta";"Sim";2;0;2;0;0;0;2;2;-17,308365;-41,518593;"SPRF-MG";"DEL11-MG";"UOP01-DEL11-MG"
332103;2021-01-02;"sábado";"20:15:00";"SP";116;489,9;"CAJATI";"Velocidade Incompatível";"Colisão com objeto";"Com Vítimas Feridas";"Plena Noite";"Crescente";"Chuva";"Dupla";"Curva";"Não";2;0;1;0;1;0;1;1;-24,73028562;-48,10766101;"SPRF-SP";"DEL05-SP";"UOP01-DEL05-SP"
332104;2021-01-02;"sábado";"19:45:00";"SE";101;91;"NOSSA SENHORA DO SOCORRO";"Animais na Pista";"Atropelamento de Animal";"Sem Vítimas";"Plena Noite";"Decrescente";"Céu Claro";"Dupla";"Reta";"Não";4;0;0;0;4;0;0;1;-10,89849802;-37,13176324;"SPRF-SE";"DEL01-SE";"UOP01-DEL01-SE"
332105;2021-01-02;"sábado";"15:30:00";"RJ";40;91,5;"PETROPOLIS";"Avarias e/ou desgaste excessivo no pneu";"Tombamento";"Com Vítimas Feridas";"Pleno dia";"Decrescente";"Chuva";"Simples";"Curva";"Não";1;0;1;0;0;0;1;1;-22,54903566;-43,24229724;"SPRF-RJ";"DEL06-RJ";"UOP01-DEL06-RJ"
332107;2021-01-02;"sábado";"18:35:00";"PI";343;8,4;"PARNAIBA";"Desrespeitar a preferência no cruzamento";"Colisão transversal";"Com Vítimas Feridas";"Plena Noite";"Decrescente";"Nublado";"Simples";"Interseção de Vias";"Sim";3;0;2;0;0;1;2;2;-2,90019792;-41,72931617;"SPRF-PI";"DEL05-PI";"UOP01-DEL05-PI"
332108;2021-01-02;"sábado";"20:50:00";"MG";381;846,6;"SAO SEBASTIAO DA BELA VISTA";"Demais falhas mecânicas ou elétricas";"Incêndio";"Sem Vítimas";"Plena Noite";"Decrescente";"Céu Claro";"Dupla";"Reta";"Não";1;0;0;0;0;1;0;1;-22,2111387;-45,86647972;"SPRF-MG";"DEL16-MG";"UOP01-DEL16-MG"
332110;2021-01-02;"sábado";"19:40:00";"MG";50;90;"UBERLANDIA";"Reação tardia ou ineficiente do condutor";"Saída de leito carroçável";"Com Vítimas Feridas";"Plena Noite";"Decrescente";"Chuva";"Dupla";"Reta";"Não";2;0;1;0;1;0;1;1;-19,04871805;-48,19677417;"SPRF-MG";"DEL15-MG";"UOP01-DEL15-MG"
332111;2021-01-02;"sábado";"17:20:00";"SP";116;108;"TAUBATE";"Condutor deixou de manter distância do veículo da frente";"Colisão traseira";"Sem Vítimas";"Pleno dia";"Crescente";"Nublado";"Dupla";"Reta";"Sim";2;0;0;0;1;1;0;2;-23,0233097;-45,53763622;"SPRF-SP";"DEL06-SP";"UOP01-DEL06-SP"
332112;2021-01-02;"sábado";"19:10:00";"AC";364;139;"RIO BRANCO";"Condutor deixou de manter distância do veículo da frente";"Colisão traseira";"Com Vítimas Feridas";"Plena Noite";"Decrescente";"Nublado";"Dupla";"Reta";"Sim";3;0;1;0;2;0;1;2;-9,95359291;-67,86119892;"SPRF-AC";"DEL01-AC";"UOP01-DEL01-AC"
332113;2021-01-02;"sábado";"18:30:00";"MT";163;43,8;"ITIQUIRA";"Condutor deixou de manter distância do veículo da frente";"Colisão traseira";"Sem Vítimas";"Plena Noite";"Crescente";"Céu Claro";"Dupla";"Reta";"Não";2;0;0;0;2;0;0;2;-17,13725999;-54,75756695;"SPRF-MT";"DEL02-MT";"UOP01-DEL02-MT"
332114;2021-01-02;"sábado";"20:20:00";"PI";316;40,1;"LAGOA DO PIAUI";"Desrespeitar a preferência no cruzamento";"Colisão transversal";"Com Vítimas Feridas";"Pleno dia";"Decrescente";"Céu Claro";"Simples";"Reta";"Sim";1;0;0;1;0;0;1;1;-5,40385598;-42,65110797;"SPRF-PI";"DEL01-PI";"UOP02-DEL01-PI"
332116;2021-01-02;"sábado";"20:30:00";"SP";153;87,9;"MIRASSOL";"Ingestão de álcool pelo condutor";"Colisão traseira";"Sem Vítimas";"Plena Noite";"Decrescente";"Nublado";"Simples";"Reta;Aclive";"Não";2;0;0;0;1;1;0;2;-20,94498178;-49,53459612;"SPRF-SP";"DEL09-SP";"UOP01-DEL09-SP"
332117;2021-01-02;"sábado";"20:30:00";"SC";280;23,4;"ARAQUARI";"Condutor deixou de manter distância do veículo da frente";"Colisão traseira";"Sem Vítimas";"Plena Noite";"Decrescente";"Nublado";"Simples";"Reta";"Sim";2;0;0;0;2;0;0;2;-26,37146;-48,711887;"SPRF-SC";"DEL03-SC";"UOP03-DEL03-SC"
332119;2021-01-02;"sábado";"22:00:00";"SE";101;34,9;"CAPELA";"Ausência de sinalização";"Saída de leito carroçável";"Com Vítimas Feridas";"Plena Noite";"Decrescente";"Céu Claro";"Simples";"Reta;Desvio Temporário;Em Obras";"Sim";1;0;1;0;0;0;1;1;-10,47630604;-36,95093032;"SPRF-SE";"DEL02-SE";"UOP02-DEL02-SE"
332120;2021-01-02;"sábado";"22:00:00";"MG";40;477,5;"SETE LAGOAS";"Acumulo de água sobre o pavimento";"Saída de leito carroçável";"Sem Vítimas";"Plena Noite";"Decrescente";"Chuva";"Dupla";"Aclive";"Não";1;0;0;0;1;0;0;1;-19,52130888;-44,26525586;"SPRF-MG";"DEL02-MG";"UOP01-DEL02-MG"
332121;2021-01-02;"sábado";"21:30:00";"SC";282;289,7;"SAO JOSE DO CERRITO";"Transitar na contramão";"Colisão frontal";"Com Vítimas Fatais";"Plena Noite";"Crescente";"Céu Claro";"Simples";"Interseção de Vias;Reta;Em Obras";"Sim";2;1;1;0;0;0;1;2;-27,557946;-50,841715;"SPRF-SC";"DEL05-SC";"UOP02-DEL05-SC"
332122;2021-01-02;"sábado";"19:40:00";"RJ";101;282;"ITABORAI";"Reação tardia ou ineficiente do condutor";"Colisão traseira";"Com Vítimas Feridas";"Plena Noite";"Crescente";"Chuva";"Dupla";"Reta";"Sim";3;0;1;0;2;0;1;2;-22,7371391;-42,79664601;"SPRF-RJ";"DEL02-RJ";"UOP03-DEL02-RJ"
332123;2021-01-02;"sábado";"06:00:00";"SP";116;545,7;"BARRA DO TURVO";"Chuva";"Capotamento";"Com Vítimas Feridas";"Amanhecer";"Crescente";"Garoa/Chuvisco";"Dupla";"Curva";"Não";4;0;2;0;2;0;2;1;-24,94711404;-48,4297514;"SPRF-SP";"DEL05-SP";"UOP02-DEL05-SP"
332124;2021-01-02;"sábado";"22:30:00";"PB";101;88;"JOAO PESSOA";"Velocidade Incompatível";"Tombamento";"Com Vítimas Feridas";"Plena Noite";"Crescente";"Céu Claro";"Dupla";"Retorno Regulamentado";"Sim";2;0;2;0;0;0;2;1;-7,16470016;-34,89993643;"SPRF-PB";"DEL01-PB";"UOP01-DEL01-PB"
332125;2021-01-02;"sábado";"21:00:00";"MG";365;752,9;"ITUIUTABA";"Ausência de reação do condutor";"Colisão com objeto";"Sem Vítimas";"Plena Noite";"Decrescente";"Céu Claro";"Simples";"Reta";"Não";1;0;0;0;0;1;0;1;-18,947495;-49,45934;"SPRF-MG";"DEL15-MG";"UOP03-DEL15-MG"
332127;2021-01-02;"sábado";"23:20:00";"SP";116;390,5;"MIRACATU";"Pista Escorregadia";"Saída de leito carroçável";"Com Vítimas Feridas";"Plena Noite";"Decrescente";"Chuva";"Dupla";"Reta";"Não";1;0;1;0;0;0;1;1;-24,27643929;-47,41504088;"SPRF-SP";"DEL04-SP";"UOP02-DEL04-SP"
332128;2021-01-02;"sábado";"11:01:00";"SP";116;520;"CAJATI";"Reação tardia ou ineficiente do condutor";"Saída de leito carroçável";"Com Vítimas Feridas";"Pleno dia";"Decrescente";"Garoa/Chuvisco";"Dupla";"Reta";"Não";2;0;2;0;0;0;2;1;-24,89601299;-48,24092388;"SPRF-SP";"DEL05-SP";"UOP02-DEL05-SP"
332130;2021-01-02;"sábado";"14:00:00";"PI";135;469;"MONTE ALEGRE DO PIAUI";"Condutor Dormindo";"Saída de leito carroçável";"Com Vítimas Feridas";"Pleno dia";"Crescente";"Céu Claro";"Simples";"Reta";"Não";4;0;3;0;1;0;3;1;-9,60766807;-45,05698095;"SPRF-PI";"DEL03-PI";"UOP02-DEL03-PI"
332131;2021-01-02;"sábado";"23:40:00";"PI";343;15;"PARNAIBA";"Velocidade Incompatível";"Saída de leito carroçável";"Com Vítimas Feridas";"Plena Noite";"Crescente";"Céu Claro";"Dupla";"Reta";"Sim";2;0;2;0;0;0;2;1;-2,93659;-41,754936;"SPRF-PI";"DEL05-PI";"UOP01-DEL05-PI"
332132;2021-01-02;"sábado";"23:45:00";"PR";376;504,9;"PONTA GROSSA";"Velocidade Incompatível";"Colisão traseira";"Com Vítimas Feridas";"Plena Noite";"Crescente";"Céu Claro";"Dupla";"Reta";"Não";2;0;1;0;0;1;1;2;-25,23024416;-50,04503118;"SPRF-PR";"DEL03-PR";"UOP04-DEL03-PR"
332134;2021-01-02;"sábado";"23:10:00";"MG";40;282;"TRES MARIAS";"Condutor Dormindo";"Colisão transversal";"Com Vítimas Feridas";"Plena Noite";"Decrescente";"Chuva";"Simples";"Curva";"Sim";2;0;1;0;1;0;1;2;-18,24923582;-45,20220684;"SPRF-MG";"DEL14-MG";"UOP02-DEL14-MG"
332136;2021-01-03;"domingo";"00:20:00";"RJ";40;109;"DUQUE DE CAXIAS";"Acumulo de água sobre o pavimento";"Capotamento";"Sem Vítimas";"Plena Noite";"Crescente";"Chuva";"Múltipla";"Reta";"Sim";2;0;0;0;2;0;0;1;-22,67374628;-43,28638368;"SPRF-RJ";"DEL01-RJ";"UOP01-DEL01-RJ"
332138;2021-01-03;"domingo";"00:15:00";"SP";381;39;"ATIBAIA";"Condutor deixou de manter distância do veículo da frente";"Colisão traseira";"Com Vítimas Feridas";"Plena Noite";"Crescente";"Nublado";"Dupla";"Reta";"Sim";2;0;1;0;1;0;1;1;-23,1215761;-46,57471572;"SPRF-SP";"DEL03-SP";"UOP01-DEL03-SP"
332139;2021-01-03;"domingo";"01:10:00";"RS";386;295,8;"POUSO NOVO";"Condutor deixou de manter distância do veículo da frente";"Engavetamento";"Com Vítimas Feridas";"Plena Noite";"Crescente";"Céu Claro";"Simples";"Reta";"Não";4;0;1;0;3;0;1;3;-29,128876;-52,251305;"SPRF-RS";"DEL04-RS";"UOP01-DEL04-RS"