"id";"data_inversa";"dia_semana";"horario";"uf";"br";"km";"municipio";"causa_acidente";"tipo_acidente";"classificacao_acidente";"fase_dia";"sentido_via";"condicao_metereologica";"tipo_pista";"tracado_via";"uso_solo";"pessoas";"mortos";"feridos_leves";"feridos_graves";"ilesos";"ignorados";"feridos";"veiculos";"latitude";"longitude";"regional";"delegacia";"uop"
332340;2021-01-03;"domingo";"21:15:00";"PR";376;671,2;"GUARATUBA";"Reação tardia ou ineficiente do condutor";"Colisão traseira";"Com Vítimas Feridas";"Plena Noite";"Decrescente";"Nublado";"Dupla";"Reta";"Não";3;0;1;0;2;0;1;2;-25,885323;-48,935154;"SPRF-PR";"DEL01-PR";"UOP04-DEL01-PR"
332341;2021-01-03;"domingo";"21:30:00";"MG";381;502;"BETIM";"Chuva";"Colisão com objeto";"Com Vítimas Feridas";"Plena Noite";"Crescente";"Chuva";"Dupla";"Reta";"Não";1;0;1;0;0;0;1;1;-20,03619694;-44,24586303;"SPRF-MG";"DEL01-MG";"UOP03-DEL01-MG"
332342;2021-01-03;"domingo";"21:45:00";"PR";376;176,7;"MARINGA";"Desrespeitar a preferência no cruzamento";"Colisão lateral";"Com Vítimas Feridas";"Plena Noite";"Decrescente";"Céu Claro";"Múltipla";"Reta";"Sim";3;0;0;1;0;2;1;3;-23,41269173;-51,93158327;"SPRF-PR";"DEL09-PR";"UOP01-DEL09-PR"
332343;2021-01-03;"domingo";"21:20:00";"BA";101;183;"CONCEICAO DA FEIRA";"Velocidade Incompatível";"Capotamento";"Sem Vítimas";"Plena Noite";"Crescente";"Céu Claro";"Simples";"Reta";"Não";1;0;0;0;0;1;0;1;-12,53594197;-38,97745507;"SPRF-BA";"DEL01-BA";"UOP03-DEL01-BA"
332345;2021-01-03;"domingo";"22:05:00";"RN";304;226;"CAICARA DO RIO DO VENTO";"Estacionar ou parar em local proibido";"Colisão traseira";"Sem Vítimas";"Plena Noite";"Decrescente";"Céu Claro";"Simples";"Reta";"Não";2;0;0;0;2;0;0;2;-5,7479952;-35,94175196;"SPRF-RN";"DEL01-RN";"UOP03-DEL01-RN"
332346;2021-01-03;"domingo";"21:55:00";"RN";101;75,2;"EXTREMOZ";"Condutor deixou de manter distância do veículo da frente";"Colisão traseira";"Com Vítimas Feridas";"Plena Noite";"Crescente";"Céu Claro";"Dupla";"Rotatória;Interseção de Vias;Curva";"Não";3;0;1;0;2;0;1;2;-5,721906;-35,27672;"SPRF-RN";"DEL02-RN";"UOP01-DEL02-RN"
332347;2021-01-03;"domingo";"20:50:00";"MA";316;547,6;"CAXIAS";"Deficiência do Sistema de Iluminação/Sinalização";"Colisão traseira";"Com Vítimas Feridas";"Plena Noite";"Crescente";"Nublado";"Simples";"Reta";"Sim";3;0;1;0;2;0;1;3;-4,879837;-43,387306;"SPRF-MA";"DEL03-MA";"UOP02-DEL03-MA"
332349;2021-01-03;"domingo";"20:25:00";"ES";101;0,3;"SERRA";"Condutor deixou de manter distância do veículo da frente";"Colisão traseira";"Com Vítimas Feridas";"Plena Noite";"Crescente";"Céu Claro";"Múltipla";"Reta";"Sim";3;0;1;0;2;0;1;2;-20,129093;-40,308125;"SPRF-ES";"DEL02-ES";"UOP01-DEL02-ES"
332352;2021-01-03;"domingo";"20:10:00";"BA";110;54;"JEREMOABO";"Transitar no acostamento";"Saída de leito carroçável";"Com Vítimas Fatais";"Plena Noite";"Decrescente";"Céu Claro";"Simples";"Declive";"Não";1;1;0;0;0;0;0;1;-9,92730134;-38,28226846;"SPRF-BA";"DEL07-BA";"UOP01-DEL07-BA"
332354;2021-01-03;"domingo";"21:30:00";"MT";163;687;"LUCAS DO RIO VERDE";"Desrespeitar a preferência no cruzamento";"Colisão transversal";"Sem Vítimas";"Plena Noite";"Decrescente";"Céu Claro";"Dupla";"Interseção de Vias";"Sim";4;0;0;0;4;0;0;2;-13,18354788;-55,98612126;"SPRF-MT";"DEL06-MT";"UOP01-DEL06-MT"
332355;2021-01-03;"domingo";"20:25:00";"GO";50;309;"CUMARI";"Condutor Dormindo";"Queda de ocupante de veículo";"Com Vítimas Feridas";"Plena Noite";"Crescente";"Nublado";"Dupla";"Curva";"Não";1;0;0;1;0;0;1;1;-18,3914;-48,07;"SPRF-GO";"DEL06-GO";"UOP01-DEL06-GO"
332359;2021-01-03;"domingo";"23:15:00";"SC";101;203;"SAO JOSE";"Ausência de reação do condutor";"Colisão traseira";"Sem Vítimas";"Plena Noite";"Decrescente";"Céu Claro";"Dupla";"Reta";"Sim";2;0;0;0;1;1;0;2;-27,5650044;-48,61460082;"SPRF-SC";"DEL01-SC";"UOP01-DEL01-SC"
332360;2021-01-03;"domingo";"21:00:00";"MS";163;164;"JUTI";"Ausência de sinalização";"Colisão traseira";"Com Vítimas Feridas";"Plena Noite";"Decrescente";"Céu Claro";"Simples";"Reta";"Não";2;0;1;0;0;1;1;2;-22,90357542;-54,54580114;"SPRF-MS";"DEL09-MS";"UOP01-DEL09-MS"
332362;2021-01-04;"segunda-feira";"00:05:00";"RJ";101;307;"SAO GONCALO";"Chuva";"Saída de leito carroçável";"Com Vítimas Feridas";"Plena Noite";"Crescente";"Chuva";"Dupla";"Reta";"Sim";5;0;3;1;1;0;4;1;-22,79115777;-43,01514205;"SPRF-RJ";"DEL02-RJ";"UOP02-DEL02-RJ"
332365;2021-01-03;"domingo";"23:20:00";"PE";116;36;"SALGUEIRO";"Animais na Pista";"Atropelamento de Animal";"Com Vítimas Feridas";"Plena Noite";"Crescente";"Céu Claro";"Simples";"Reta";"Não";1;0;1;0;0;0;1;1;-8,153542;-39,109219;"SPRF-PE";"DEL05-PE";"UOP01-DEL05-PE"
332367;2021-01-03;"domingo";"09:50:00";"RJ";101;238;"SILVA JARDIM";"Conversão proibida";"Colisão transversal";"Sem Vítimas";"Plena Noite";"Decrescente";"Garoa/Chuvisco";"Dupla";"Reta";"Sim";2;0;0;0;2;0;0;2;-22,62072767;-42,41971425;"SPRF-RJ";"DEL02-RJ";"UOP03-DEL02-RJ"
332368;2021-01-04;"segunda-feira";"01:00:00";"RJ";40;35;"TRES RIOS";"Curva acentuada";"Tombamento";"Com Vítimas Feridas";"Plena Noite";"Decrescente";"Chuva";"Dupla";"Curva";"Não";2;0;2;0;0;0;2;1;-22,20877957;-43,13804875;"SPRF-RJ";"DEL05-RJ";"UOP02-DEL05-RJ"
332369;2021-01-04;"segunda-feira";"01:55:00";"RS";290;81;"GRAVATAI";"Reação tardia ou ineficiente do condutor";"Colisão traseira";"Com Vítimas Feridas";"Plena Noite";"Crescente";"Céu Claro";"Múltipla";"Reta";"Sim";1;0;1;0;0;0;1;1;-29,954445;-51,06881;"SPRF-RS";"DEL01-RS";"UOP01-DEL01-RS"
332370;2021-01-04;"segunda-feira";"02:10:00";"PR";376;659;"TIJUCAS DO SUL";"Avarias e/ou desgaste excessivo no pneu";"Colisão com objeto";"Sem Vítimas";"Plena Noite";"Decrescente";"Chuva";"Dupla";"Reta";"Não";1;0;0;0;1;0;0;1;-25,8497383;-49,01288607;"SPRF-PR";"DEL01-PR";"UOP04-DEL01-PR"
332371;2021-01-04;"segunda-feira";"03:00:00";"RS";285;309,8;"PASSO FUNDO";"Condutor Dormindo";"Saída de leito carroçável";"Com Vítimas Feridas";"Plena Noite";"Crescente";"Céu Claro";"Simples";"Reta";"Não";3;0;2;0;1;0;2;1;-28,234653;-52,524235;"SPRF-RS";"DEL08-RS";"UOP03-DEL08-RS"
332374;2021-01-04;"segunda-feira";"04:30:00";"SP";116;339,6;"MIRACATU";"Reação tardia ou ineficiente do condutor";"Colisão com objeto";"Com Vítimas Feridas";"Amanhecer";"Crescente";"Nublado";"Dupla";"Curva";"Não";1;0;1;0;0;0;1;1;-23,9983939;-47,14927316;"SPRF-SP";"DEL04-SP";"UOP01-DEL04-SP"
332376;2021-01-04;"segunda-feira";"06:00:00";"GO";20;91,4;"VILA BOA";"Ultrapassagem Indevida";"Colisão frontal";"Com Vítimas Feridas";"Amanhecer";"Crescente";"Nublado";"Simples";"Reta";"Não";5;0;2;3;0;0;5;2;-15,013022;-47,041348;"SPRF-DF";"DEL02-DF";"UOP01-DEL02-DF"
332378;2021-01-03;"domingo";"20:50:00";"AP";210;2;"MACAPA";"Iluminação deficiente";"Atropelamento de Pedestre";"Com Vítimas Feridas";"Plena Noite";"Decrescente";"Céu Claro";"Simples";"Reta";"Sim";2;0;1;0;1;0;1;2;0,08282017;-51,07776189;"SPRF-AP";"DEL01-AP";"UOP01-DEL01-AP"
332380;2021-01-04;"segunda-feira";"06:20:00";"MG";381;711;"CARMO DA CACHOEIRA";"Condutor Dormindo";"Colisão com objeto";"Com Vítimas Feridas";"Amanhecer";"Decrescente";"Céu Claro";"Dupla";"Curva";"Não";1;0;1;0;0;0;1;1;-21,39313978;-45,19816009;"SPRF-MG";"DEL04-MG";"UOP02-DEL04-MG"
332381;2021-01-03;"domingo";"18:30:00";"MG";40;143;"JOAO PINHEIRO";"Velocidade Incompatível";"Queda de ocupante de veículo";"Com Vítimas Feridas";"Anoitecer";"Decrescente";"Céu Claro";"Simples";"Declive";"Sim";1;0;1;0;0;0;1;1;-17,7457975;-46,17842682;"SPRF-MG";"DEL14-MG";"UOP01-DEL14-MG"
332382;2021-01-04;"segunda-feira";"06:45:00";"ES";101;282;"CARIACICA";"Ultrapassagem Indevida";"Colisão frontal";"Com Vítimas Feridas";"Pleno dia";"Crescente";"Céu Claro";"Simples";"Curva";"Sim";4;0;2;0;2;0;2;2;-20,22694;-40,36458;"SPRF-ES";"DEL01-ES";"UOP01-DEL01-ES"
332383;2021-01-04;"segunda-feira";"04:40:00";"AL";104;70,4;"MESSIAS";"Animais na Pista";"Atropelamento de Animal";"Com Vítimas Feridas";"Amanhecer";"Crescente";"Nevoeiro/Neblina";"Simples";"Reta";"Não";3;0;2;0;1;0;2;1;-9,35709773;-35,86247814;"SPRF-AL";"DEL01-AL";"UOP02-DEL01-AL"
332385;2021-01-04;"segunda-feira";"07:15:00";"SC";280;24;"ARAQUARI";"Conversão proibida";"Colisão transversal";"Com Vítimas Feridas";"Pleno dia";"Crescente";"Nublado";"Simples";"Reta";"Sim";2;0;1;0;1;0;1;2;-26,37724921;-48,71953282;"SPRF-SC";"DEL03-SC";"UOP03-DEL03-SC"
332386;2021-01-04;"segunda-feira";"07:10:00";"RS";285;439,1;"BOZANO";"Falta de elemento de contenção que evite a saída do leito carroçável";"Saída de leito carroçável";"Com Vítimas Feridas";"Pleno dia";"Decrescente";"Céu Claro";"Simples";"Reta";"Não";1;0;1;0;0;0;1;1;-28,35389104;-53,73233165;"SPRF-RS";"DEL10-RS";"UOP01-DEL10-RS"
332387;2021-01-03;"domingo";"16:50:00";"BA";242;663;"MUQUEM DE SAO FRANCISCO";"Chuva";"Colisão lateral sentido oposto";"Com Vítimas Fatais";"Anoitecer";"Crescente";"Garoa/Chuvisco";"Simples";"Reta";"Não";10;3;0;2;5;0;2;3;-12,22124665;-43,87458801;"SPRF-BA";"DEL06-BA";"UOP03-DEL06-BA"
332388;2021-01-04;"segunda-feira";"07:25:00";"SC";101;211;"PALHOCA";"Trafegar com motocicleta (ou similar) entre as faixas";"Colisão lateral mesmo sentido";"Com Vítimas Feridas";"Pleno dia";"Crescente";"Céu Claro";"Dupla";"Reta";"Sim";2;0;1;0;1;0;1;2;-27,62329313;-48,65245588;"SPRF-SC";"DEL01-SC";"UOP02-DEL01-SC"
332389;2021-01-04;"segunda-feira";"07:40:00";"ES";101;1;"SERRA";"Manobra de mudança de faixa";"Saída de leito carroçável";"Sem Vítimas";"Pleno dia";"Decrescente";"Nublado";"Dupla";"Reta";"Sim";1;0;0;0;1;0;0;1;-20,129093;-40,308125;"SPRF-ES";"DEL02-ES";"UOP01-DEL02-ES"
332390;2021-01-04;"segunda-feira";"08:05:00";"PR";116;111;"CURITIBA";"Condutor deixou de manter distância do veículo da frente";"Colisão traseira";"Com Vítimas Feridas";"Pleno dia";"Crescente";"Céu Claro";"Dupla";"Reta";"Sim";3;0;1;0;2;0;1;3;-25,56885181;-49,22724597;"SPRF-PR";"DEL01-PR";"UOP01-DEL01-PR"
332391;2021-01-04;"segunda-feira";"08:00:00";"SC";101;198,5;"SAO JOSE";"Trafegar com motocicleta (ou similar) entre as faixas";"Colisão traseira";"Com Vítimas Feridas";"Pleno dia";"Crescente";"Céu Claro";"Dupla";"Reta";"Sim";2;0;1;0;1;0;1;2;-27,52658712;-48,63506019;"SPRF-SC";"DEL01-SC";"UOP01-DEL01-SC"
332393;2021-01-04;"segunda-feira";"08:00:00";"RJ";101;92;"CAMPOS DOS GOYTACAZES";"Velocidade Incompatível";"Saída de leito carroçável";"Com Vítimas Feridas";"Pleno dia";"Decrescente";"Nublado";"Dupla";"Curva";"Sim";2;0;1;0;1;0;1;1;-21,85456357;-41,52621893;"SPRF-RJ";"DEL08-RJ";"UOP02-DEL08-RJ"
332394;2021-01-04;"segunda-feira";"08:15:00";"PA";316;58,1;"CASTANHAL";"Manobra de mudança de faixa";"Colisão lateral mesmo sentido";"Com Vítimas Feridas";"Pleno dia";"Decrescente";"Céu Claro";"Dupla";"Reta";"Não";3;0;2;0;1;0;2;2;-1,2998299;-47,97307488;"SPRF-PA";"DEL01-PA";"UOP01-DEL01-PA"
332395;2021-01-04;"segunda-feira";"07:00:00";"MT";163;1012,3;"TERRA NOVA DO NORTE";"Condutor deixou de manter distância do veículo da frente";"Colisão frontal";"Com Vítimas Feridas";"Amanhecer";"Crescente";"Céu Claro";"Simples";"Reta";"Não";3;0;2;1;0;0;3;2;-10,39124696;-55,050095;"SPRF-MT";"DEL06-MT";"NPF/DEL06-MT"
332399;2021-01-04;"segunda-feira";"08:10:00";"MS";163;455,6;"CAMPO GRANDE";"Manobra de mudança de faixa";"Colisão transversal";"Com Vítimas Feridas";"Pleno dia";"Crescente";"Nublado";"Simples";"Reta";"Não";3;0;0;2;1;0;2;2;-20,68134897;-54,55509188;"SPRF-MS";"DEL01-MS";"UOP01-DEL01-MS"
332401;2021-01-04;"segunda-feira";"07:40:00";"MG";381;525;"BRUMADINHO";"Velocidade Incompatível";"Queda de ocupante de veículo";"Com Vítimas Feridas";"Pleno dia";"Crescente";"Sol";"Dupla";"Curva";"Não";1;0;1;0;0;0;1;1;-20,16710798;-44,33422398;"SPRF-MG";"DEL04-MG";"UOP03-DEL04-MG"
332403;2021-01-04;"segunda-feira";"09:10:00";"SC";101;123,1;"ITAJAI";"Desrespeitar a preferência no cruzamento";"Colisão transversal";"Com Vítimas Feridas";"Pleno dia";"Crescente";"Céu Claro";"Dupla";"Interseção de Vias";"Sim";2;0;1;0;1;0;1;2;-26,93668609;-48,69876905;"SPRF-SC";"DEL04-SC";"UOP04-DEL04-SC"
332404;2021-01-03;"domingo";"12:00:00";"PE";428;183,2;"PETROLINA";"Mal súbito do condutor";"Saída de leito carroçável";"Com Vítimas Fatais";"Pleno dia";"Crescente";"Céu Claro";"Simples";"Reta";"Não";1;1;0;0;0;0;0;1;-9,32412987;-40,46211325;"SPRF-PE";"DEL06-PE";"UOP01-DEL06-PE"
332405;2021-01-04;"segunda-feira";"09:40:00";"SC";101;214,4;"PALHOCA";"Condutor deixou de manter distância do veículo da frente";"Colisão traseira";"Com Vítimas Feridas";"Pleno dia";"Crescente";"Céu Claro";"Múltipla";"Reta";"Sim";2;0;1;0;1;0;1;2;-27,64443;-48,67057;"SPRF-SC";"DEL01-SC";"UOP02-DEL01-SC"
332407;2021-01-04;"segunda-feira";"05:30:00";"RO";364;263;"CACOAL";"Chuva";"Colisão lateral";"Com Vítimas Feridas";"Amanhecer";"Crescente";"Chuva";"Simples";"Declive";"Não";3;0;1;0;2;0;1;2;-11,39501825;-61,65927435;"SPRF-RO";"DEL02-RO";"UOP02-DEL02-RO"
332408;2021-01-02;"sábado";"06:50:00";"RJ";40;110;"DUQUE DE CAXIAS";"Animais na Pista";"Colisão traseira";"Com Vítimas Feridas";"Pleno dia";"Crescente";"Céu Claro";"Múltipla";"Reta";"Sim";2;0;0;1;1;0;1;2;-22,68289906;-43,28549346;"SPRF-RJ";"DEL01-RJ";"UOP01-DEL01-RJ"
332409;2021-01-04;"segunda-feira";"09:00:00";"MS";163;524;"JARAGUARI";"Reação tardia ou ineficiente do condutor";"Saída de leito carroçável";"Com Vítimas Feridas";"Pleno dia";"Crescente";"Nublado";"Dupla";"Reta";"Não";2;0;2;0;0;0;2;1;-20,12675594;-54,44250563;"SPRF-MS";"DEL01-MS";"UOP02-DEL01-MS"
332410;2021-01-04;"segunda-feira";"09:20:00";"ES";101;188,1;"ARACRUZ";"Chuva";"Saída de leito carroçável";"Com Vítimas Feridas";"Pleno dia";"Crescente";"Chuva";"Simples";"Curva";"Não";1;0;1;0;0;0;1;1;-19,67569037;-40,26368893;"SPRF-ES";"DEL04-ES";"UOP01-DEL04-ES"
332414;2021-01-04;"segunda-feira";"10:30:00";"RN";101;97;"NATAL";"Acessar a via sem observar a presença dos outros veículos";"Colisão lateral";"Com Vítimas Feridas";"Pleno dia";"Decrescente";"Céu Claro";"Dupla";"Reta";"Sim";2;0;1;0;1;0;1;2;-5,85758898;-35,21271205;"SPRF-RN";"DEL01-RN";"UOP01-DEL01-RN"
332416;2021-01-04;"segunda-feira";"06:40:00";"RJ";101;313;"SAO GONCALO";"Frear bruscamente";"Colisão lateral mesmo sentido";"Com Vítimas Feridas";"Pleno dia";"Crescente";"Céu Claro";"Dupla";"Reta";"Sim";4;0;1;0;3;0;1;3;-22,81049093;-43,06983304;"SPRF-RJ";"DEL02-RJ";"UOP02-DEL02-RJ"
332417;2021-01-04;"segunda-feira";"10:30:00";"RS";285;285,4;"PASSO FUNDO";"Mal súbito do condutor";"Saída de leito carroçável";"Com Vítimas Feridas";"Pleno dia";"Decrescente";"Céu Claro";"Simples";"Reta";"Não";1;0;1;0;0;0;1;1;-28,24421087;-52,30865479;"SPRF-RS";"DEL08-RS";"UOP03-DEL08-RS"
332418;2021-01-04;"segunda-feira";"09:38:00";"SC";101;154,2;"PORTO BELO";"Acumulo de óleo sobre o pavimento";"Queda de ocupante de veículo";"Com Vítimas Feridas";"Pleno dia";"Decrescente";"Céu Claro";"Dupla";"Reta";"Não";1;0;1;0;0;0;1;1;-27,153819;-48,61086393;"SPRF-SC";"DEL04-SC";"UOP03-DEL04-SC"
332419;2021-01-04;"segunda-feira";"10:00:00";"TO";235;195;"GUARAI";"Manobra de mudança de faixa";"Queda de ocupante de veículo";"Com Vítimas Feridas";"Pleno dia";"Decrescente";"Céu Claro";"Simples";"Reta";"Não";3;0;2;0;1;0;2;2;-8,95660889;-48,42143692;"SPRF-TO";"DEL02-TO";"UOP02-DEL02-TO"
332421;2021-01-04;"segunda-feira";"10:35:00";"RS";472;573;"URUGUAIANA";"Ausência de reação do condutor";"Tombamento";"Com Vítimas Feridas";"Pleno dia";"Crescente";"Céu Claro";"Simples";"Reta";"Sim";1;0;0;1;0;0;1;1;-29,764673;-57,039781;"SPRF-RS";"DEL13-RS";"UOP01-DEL13-RS"
332422;2021-01-04;"segunda-feira";"10:50:00";"SC";101;212;"PALHOCA";"Condutor deixou de manter distância do veículo da frente";"Colisão traseira";"Com Vítimas Feridas";"Pleno dia";"Crescente";"Céu Claro";"Dupla";"Reta";"Sim";6;0;2;0;4;0;2;4;-27,62996929;-48,65903871;"SPRF-SC";"DEL01-SC";"UOP02-DEL01-SC"
332423;2021-01-03;"domingo";"21:40:00";"SE";101;105,2;"SAO CRISTOVAO";"Animais na Pista";"Atropelamento de Animal";"Sem Vítimas";"Plena Noite";"Decrescente";"Céu Claro";"Dupla";"Reta";"Não";1;0;0;0;0;1;0;1;-10,95817959;-37,23594898;"SPRF-SE";"DEL02-SE";"UOP01-DEL02-SE"
332425;2021-01-04;"segunda-feira";"12:00:00";"RN";304;37;"MOSSORO";"Manobra de mudança de faixa";"Colisão lateral mesmo sentido";"Com Vítimas Feridas";"Pleno dia";"Decrescente";"Céu Claro";"Dupla";"Reta";"Sim";3;0;2;0;1;0;2;2;-5,17455933;-37,36227171;"SPRF-RN";"DEL04-RN";"UOP02-DEL04-RN"
332426;2021-01-04;"segunda-feira";"11:00:00";"GO";60;93;"ANAPOLIS";"Ausência de reação do condutor";"Colisão traseira";"Com Vítimas Feridas";"Pleno dia";"Crescente";"Céu Claro";"Dupla";"Rotatória";"Sim";2;0;1;0;1;0;1;2;-16,3538;-48,9268;"SPRF-GO";"DEL02-GO";"UOP01-DEL02-GO"
332427;2021-01-04;"segunda-feira";"11:30:00";"SC";101;208,1;"SAO JOSE";"Reação tardia ou ineficiente do condutor";"Colisão traseira";"Com Vítimas Feridas";"Pleno dia";"Crescente";"Céu Claro";"Dupla";"Rotatória";"Sim";2;0;1;0;0;1;1;2;-27,60327979;-48,63201818;"SPRF-SC";"DEL01-SC";"UOP01-DEL01-SC"
332429;2021-01-04;"segunda-feira";"12:20:00";"RN";101;78,4;"NATAL";"Obstrução na via";"Colisão traseira";"Com Vítimas Feridas";"Pleno dia";"Crescente";"Sol";"Dupla";"Reta";"Não";6;0;4;0;2;0;4;2;-5,74071896;-35,29021064;"SPRF-RN";"DEL02-RN";"UOP01-DEL02-RN"
332430;2021-01-04;"segunda-feira";"11:50:00";"SC";470;9,7;"NAVEGANTES";"Desrespeitar a preferência no cruzamento";"Colisão transversal";"Com Vítimas Feridas";"Pleno dia";"Crescente";"Céu Claro";"Simples";"Interseção de Vias";"Sim";2;0;1;1;0;0;2;2;-26,833143;-48,727432;"SPRF-SC";"DEL04-SC";"UOP04-DEL04-SC"
332431;2021-01-04;"segunda-feira";"12:50:00";"SC";101;206,3;"SAO JOSE";"Condutor deixou de manter distância do veículo da frente";"Colisão traseira";"Com Vítimas Feridas";"Pleno dia";"Decrescente";"Sol";"Dupla";"Reta";"Sim";2;0;1;0;1;0;1;2;-27,59193546;-48,61824557;"SPRF-SC";"DEL01-SC";"UOP01-DEL01-SC"
332433;2021-01-02;"sábado";"04:30:00";"GO";60;382,9;"RIO VERDE";"Redutor de velocidade em desacordo";"Capotamento";"Sem Vítimas";"Amanhecer";"Crescente";"Céu Claro";"Dupla";"Reta";"Sim";1;0;0;0;1;0;0;1;-17,779;-50,8933;"SPRF-GO";"DEL04-GO";"UOP01-DEL04-GO"
332434;2021-01-04;"segunda-feira";"11:40:00";"SC";101;203,9;"SAO JOSE";"Reação tardia ou ineficiente do condutor";"Colisão traseira";"Com Vítimas Feridas";"Pleno dia";"Decrescente";"Céu Claro";"Dupla";"Reta";"Sim";5;0;1;0;4;0;1;4;-27,5650044;-48,61460082;"SPRF-SC";"DEL01-SC";"UOP01-DEL01-SC"
332436;2021-01-04;"segunda-feira";"12:15:00";"PR";116;134;"FAZENDA RIO GRANDE";"Problema na suspensão";"Colisão com objeto";"Com Vítimas Feridas";"Pleno dia";"Decrescente";"Nublado";"Dupla";"Declive;Curva";"Não";1;0;1;0;0;0;1;1;-25,67510803;-49,3157007;"SPRF-PR";"DEL01-PR";"UOP03-DEL01-PR"
332437;2021-01-04;"segunda-feira";"11:50:00";"RJ";493;68;"DUQUE DE CAXIAS";"Manobra de mudança de faixa";"Saída de leito carroçável";"Com Vítimas Feridas";"Pleno dia";"Crescente";"Céu Claro";"Dupla";"Reta";"Não";1;0;1;0;0;0;1;1;-22,672089;-43,285053;"SPRF-RJ";"DEL01-RJ";"UOP03-DEL01-RJ"
332438;2021-01-04;"segunda-feira";"13:30:00";"PR";277;239,3;"IRATI";"Ausência de reação do condutor";"Colisão com objeto";"Com Vítimas Feridas";"Pleno dia";"Crescente";"Céu Claro";"Simples";"Reta";"Não";1;0;1;0;0;0;1;1;-25,46376637;-50,54602007;"SPRF-PR";"DEL03-PR";"UOP03-DEL03-PR"
332440;2021-01-04;"segunda-feira";"13:50:00";"RS";386;424;"MONTENEGRO";"Demais falhas mecânicas ou elétricas";"Tombamento";"Com Vítimas Feridas";"Pleno dia";"Crescente";"Céu Claro";"Dupla";"Reta";"Não";1;0;1;0;0;0;1;1;-29,818094;-51,382572;"SPRF-RS";"DEL04-RS";"UOP02-DEL04-RS"
332443;2021-01-04;"segunda-feira";"13:45:00";"SP";116;212;"GUARULHOS";"Reação tardia ou ineficiente do condutor";"Colisão com objeto";"Com Vítimas Feridas";"Pleno dia";"Crescente";"Nublado";"Múltipla";"Reta";"Sim";2;0;1;0;1;0;1;1;-23,43672559;-46,43028075;"SPRF-SP";"DEL01-SP";"UOP01-DEL01-SP"
332446;2021-01-04;"segunda-feira";"14:00:00";"BA";407;2,8;"JUAZEIRO";"Acessar a via sem observar a presença dos outros veículos";"Colisão transversal";"Com Vítimas Feridas";"Pleno dia";"Crescente";"Sol";"Simples";"Reta";"Sim";3;0;2;0;1;0;2;2;-9,42611232;-40,50047456;"SPRF-PE";"DEL06-PE";"UOP01-DEL06-PE"
332447;2021-01-04;"segunda-feira";"14:05:00";"SC";101;313,8;"LAGUNA";"Condutor deixou de manter distância do veículo da frente";"Colisão traseira";"Com Vítimas Feridas";"Pleno dia";"Crescente";"Céu Claro";"Dupla";"Curva;Ponte";"Não";4;0;1;0;2;1;1;3;-28,43152473;-48,84796143;"SPRF-SC";"DEL02-SC";"UOP01-DEL02-SC"
332450;2021-01-04;"segunda-feira";"14:40:00";"GO";153;48;"PORANGATU";"Reação tardia ou ineficiente do condutor";"Tombamento";"Com Vítimas Feridas";"Pleno dia";"Decrescente";"Céu Claro";"Simples";"Aclive";"Não";1;0;1;0;0;0;1;1;-13,233616;-49,144352;"SPRF-GO";"DEL07-GO";"UOP01-DEL07-GO"
332451;2021-01-04;"segunda-feira";"14:40:00";"SE";235;6;"NOSSA SENHORA DO SOCORRO";"Velocidade Incompatível";"Colisão traseira";"Com Vítimas Feridas";"Pleno dia";"Crescente";"Céu Claro";"Dupla";"Reta";"Sim";7;0;4;0;3;0;4;3;-10,9041;-37,1278;"SPRF-SE";"DEL01-SE";"UOP01-DEL01-SE"
332452;2021-01-04;"segunda-feira";"12:50:00";"SC";101;134,2;"BALNEARIO CAMBORIU";"Manobra de mudança de faixa";"Colisão traseira";"Com Vítimas Feridas";"Pleno dia";"Crescente";"Céu Claro";"Dupla";"Reta";"Sim";2;0;1;0;1;0;1;2;-27,00218;-48,636433;"SPRF-SC";"DEL04-SC";"UOP03-DEL04-SC"
332453;2021-01-04;"segunda-feira";"11:00:00";"PR";476;271,6;"SAO MATEUS DO SUL";"Ingestão de álcool pelo condutor";"Saída de leito carroçável";"Sem Vítimas";"Pleno dia";"Decrescente";"Céu Claro";"Simples";"Reta";"Não";1;0;0;0;1;0;0;1;-25,89579;-50,348907;"SPRF-PR";"DEL02-PR";"UOP04-DEL02-PR"
332455;2021-01-04;"segunda-feira";"14:40:00";"RJ";116;275;"BARRA MANSA";"Ultrapassagem Indevida";"Colisão lateral";"Sem Vítimas";"Pleno dia";"Crescente";"Céu Claro";"Dupla";"Curva";"Não";2;0;0;0;2;0;0;2;-22,56207185;-44,15671311;"SPRF-RJ";"DEL07-RJ";"UOP02-DEL07-RJ"
332457;2021-01-04;"segunda-feira";"14:10:00";"RS";293;252;"DOM PEDRITO";"Transitar na contramão";"Colisão frontal";"Com Vítimas Feridas";"Pleno dia";"Crescente";"Céu Claro";"Simples";"Reta";"Sim";3;0;0;1;2;0;1;2;-30,95997654;-54,6785778;"SPRF-RS";"DEL11-RS";"UOP01-DEL11-RS"
332463;2021-01-04;"segunda-feira";"14:35:00";"SC";470;141,2;"RIO DO SUL";"Curva acentuada";"Tombamento";"Com Vítimas Feridas";"Pleno dia";"Crescente";"Céu Claro";"Simples";"Curva";"Não";1;0;1;0;0;0;1;1;-27,226065;-49,666161;"SPRF-SC";"DEL04-SC";"UOP02-DEL04-SC"