"id";"data_inversa";"dia_semana";"horario";"uf";"br";"km";"municipio";"causa_acidente";"tipo_acidente";"classificacao_acidente";"fase_dia";"sentido_via";"condicao_metereologica";"tipo_pista";"tracado_via";"uso_solo";"pessoas";"mortos";"feridos_leves";"feridos_graves";"ilesos";"ignorados";"feridos";"veiculos";"latitude";"longitude";"regional";"delegacia";"uop"
332464;2021-01-04;"segunda-feira";"16:20:00";"RS";290;42,2;"SANTO ANTONIO DA PATRULHA";"Manobra de mudança de faixa";"Saída de leito carroçável";"Com Vítimas Fatais";"Pleno dia";"Decrescente";"Céu Claro";"Dupla";"Reta";"Não";2;1;0;1;0;0;1;1;-29,888767;-50,679028;"SPRF-RS";"DEL03-RS";"UOP01-DEL03-RS"
332466;2021-01-04;"segunda-feira";"15:45:00";"AL";101;194,7;"SAO SEBASTIAO";"Mal súbito do condutor";"Saída de leito carroçável";"Com Vítimas Fatais";"Pleno dia";"Crescente";"Nublado";"Dupla";"Reta";"Não";3;1;0;0;2;0;0;1;-9,93595808;-36,49545203;"SPRF-AL";"DEL02-AL";"UOP02-DEL02-AL"
332467;2021-01-04;"segunda-feira";"16:15:00";"PR";277;725,4;"FOZ DO IGUACU";"Manobra de mudança de faixa";"Colisão lateral mesmo sentido";"Com Vítimas Feridas";"Pleno dia";"Crescente";"Céu Claro";"Simples";"Interseção de Vias";"Sim";2;0;1;0;1;0;1;2;-25,50823541;-54,54619865;"SPRF-PR";"DEL05-PR";"UOP03-DEL05-PR"
332468;2021-01-04;"segunda-feira";"16:10:00";"TO";153;334;"GUARAI";"Acessar a via sem observar a presença dos outros veículos";"Colisão transversal";"Com Vítimas Feridas";"Pleno dia";"Crescente";"Nublado";"Dupla";"Reta";"Sim";2;0;1;0;1;0;1;2;-8,835718;-48,512123;"SPRF-TO";"DEL02-TO";"UOP02-DEL02-TO"
332469;2021-01-04;"segunda-feira";"16:20:00";"RS";116;267;"CANOAS";"Avarias e/ou desgaste excessivo no pneu";"Tombamento";"Com Vítimas Feridas";"Pleno dia";"Decrescente";"Céu Claro";"Dupla";"Reta";"Sim";2;0;0;2;0;0;2;1;-29,94142398;-51,17697062;"SPRF-RS";"DEL01-RS";"UOP01-DEL01-RS"
332470;2021-01-04;"segunda-feira";"13:35:00";"ES";101;279,8;"SERRA";"Acumulo de areia ou detritos sobre o pavimento";"Tombamento";"Com Vítimas Feridas";"Pleno dia";"Crescente";"Céu Claro";"Dupla";"Reta";"Não";1;0;0;1;0;0;1;1;-20,218122;-40,339325;"SPRF-ES";"DEL02-ES";"UOP01-DEL02-ES"
332473;2021-01-04;"segunda-feira";"16:00:00";"PR";116;99;"SAO JOSE DOS PINHAIS";"Frear bruscamente";"Tombamento";"Com Vítimas Feridas";"Pleno dia";"Decrescente";"Nublado";"Simples";"Viaduto";"Sim";1;0;0;1;0;0;1;1;-25,52682231;-49,14038767;"SPRF-PR";"DEL01-PR";"UOP01-DEL01-PR"
332474;2021-01-04;"segunda-feira";"16:45:00";"PB";101;73,3;"SANTA RITA";"Manobra de mudança de faixa";"Colisão com objeto";"Com Vítimas Feridas";"Pleno dia";"Crescente";"Céu Claro";"Dupla";"Reta";"Não";4;0;3;1;0;0;4;1;-7,07828212;-34,98823508;"SPRF-PB";"DEL01-PB";"UOP04-DEL01-PB"
332475;2021-01-04;"segunda-feira";"15:55:00";"SC";101;1,8;"GARUVA";"Ingestão de álcool pelo condutor";"Tombamento";"Com Vítimas Feridas";"Pleno dia";"Decrescente";"Nublado";"Dupla";"Reta";"Não";1;0;1;0;0;0;1;1;-25,98895627;-48,88356133;"SPRF-SC";"DEL03-SC";"UOP01-DEL03-SC"
332476;2021-01-04;"segunda-feira";"17:00:00";"BA";242;605;"MUQUEM DE SAO FRANCISCO";"Velocidade Incompatível";"Capotamento";"Com Vítimas Feridas";"Pleno dia";"Crescente";"Céu Claro";"Simples";"Reta";"Não";2;0;2;0;0;0;2;1;-12,1633;-43,386;"SPRF-BA";"DEL06-BA";"UOP03-DEL06-BA"
332479;2021-01-04;"segunda-feira";"17:15:00";"RS";386;254,8;"SOLEDADE";"Transitar na contramão";"Colisão frontal";"Com Vítimas Fatais";"Pleno dia";"Crescente";"Sol";"Simples";"Aclive;Reta";"Não";2;1;1;0;0;0;1;2;-28,852131;-52,446842;"SPRF-RS";"DEL04-RS";"UOP03-DEL04-RS"
332480;2021-01-04;"segunda-feira";"17:40:00";"SC";101;26,7;"JOINVILLE";"Demais falhas mecânicas ou elétricas";"Tombamento";"Com Vítimas Feridas";"Pleno dia";"Decrescente";"Nublado";"Dupla";"Curva";"Sim";2;0;2;0;0;0;2;1;-26,20258852;-48,91335368;"SPRF-SC";"DEL03-SC";"UOP01-DEL03-SC"
332481;2021-01-04;"segunda-feira";"17:44:00";"SC";280;127;"RIO NEGRINHO";"Trafegar com motocicleta (ou similar) entre as faixas";"Colisão traseira";"Com Vítimas Feridas";"Pleno dia";"Decrescente";"Céu Claro";"Simples";"Reta";"Sim";3;0;2;0;1;0;2;2;-26,23943953;-49,50420708;"SPRF-SC";"DEL06-SC";"UOP03-DEL06-SC"
332483;2021-01-04;"segunda-feira";"16:30:00";"PE";232;8,4;"RECIFE";"Demais falhas mecânicas ou elétricas";"Incêndio";"Sem Vítimas";"Pleno dia";"Crescente";"Céu Claro";"Dupla";"Reta";"Sim";1;0;0;0;0;1;0;1;-8,076758;-34,97427;"SPRF-PE";"DEL01-PE";"UOP01-DEL01-PE"
332484;2021-01-04;"segunda-feira";"18:30:00";"PR";376;619,9;"SAO JOSE DOS PINHAIS";"Condutor deixou de manter distância do veículo da frente";"Colisão lateral";"Com Vítimas Feridas";"Anoitecer";"Decrescente";"Nublado";"Dupla";"Reta";"Sim";4;0;1;0;3;0;1;3;-25,60034699;-49,17355691;"SPRF-PR";"DEL01-PR";"UOP04-DEL01-PR"
332485;2021-01-04;"segunda-feira";"18:20:00";"MG";116;638,5;"DIVINO";"Animais na Pista";"Colisão traseira";"Com Vítimas Feridas";"Anoitecer";"Crescente";"Céu Claro";"Simples";"Reta";"Não";2;0;0;1;1;0;1;2;-20,63053512;-42,22990036;"SPRF-MG";"DEL07-MG";"UOP03-DEL07-MG"
332486;2021-01-04;"segunda-feira";"15:15:00";"MT";158;527;"CANARANA";"Chuva";"Saída de leito carroçável";"Com Vítimas Feridas";"Pleno dia";"Crescente";"Chuva";"Simples";"Curva";"Não";3;0;3;0;0;0;3;1;-13,72710793;-52,03609506;"SPRF-MT";"DEL07-MT";"UOP02-DEL07-MT"
332488;2021-01-04;"segunda-feira";"17:55:00";"SP";101;50;"UBATUBA";"Acessar a via sem observar a presença dos outros veículos";"Colisão lateral";"Com Vítimas Feridas";"Plena Noite";"Decrescente";"Céu Claro";"Simples";"Reta";"Sim";2;0;2;0;0;0;2;2;-23,45018939;-45,07743735;"SPRF-SP";"DEL06-SP";"UOP01-DEL06-SP"
332490;2021-01-04;"segunda-feira";"17:45:00";"SC";158;141,7;"PALMITOS";"Velocidade Incompatível";"Colisão com objeto";"Com Vítimas Feridas";"Pleno dia";"Decrescente";"Céu Claro";"Simples";"Aclive;Curva";"Não";1;0;1;0;0;0;1;1;-27,13466406;-53,21260241;"SPRF-SC";"DEL07-SC";"UOP02-DEL07-SC"
332492;2021-01-04;"segunda-feira";"17:30:00";"PR";376;31;"NOVA LONDRINA";"Entrada inopinada do pedestre";"Atropelamento de Pedestre";"Com Vítimas Feridas";"Anoitecer";"Decrescente";"Céu Claro";"Simples";"Desvio Temporário";"Sim";2;0;0;1;1;0;1;2;-22,77715998;-52,98647228;"SPRF-PR";"DEL09-PR";"UOP02-DEL09-PR"
332495;2021-01-04;"segunda-feira";"16:00:00";"SC";280;59,5;"GUARAMIRIM";"Acessar a via sem observar a presença dos outros veículos";"Colisão transversal";"Com Vítimas Feridas";"Pleno dia";"Crescente";"Nublado";"Simples";"Reta";"Sim";2;0;1;0;1;0;1;2;-26,47525778;-49,03098916;"SPRF-SC";"DEL03-SC";"UOP03-DEL03-SC"
332497;2021-01-04;"segunda-feira";"15:50:00";"RS";116;166,9;"CAXIAS DO SUL";"Reação tardia ou ineficiente do condutor";"Tombamento";"Com Vítimas Feridas";"Pleno dia";"Crescente";"Céu Claro";"Simples";"Curva;Aclive";"Sim";2;0;2;0;0;0;2;1;-29,26709501;-51,15960601;"SPRF-RS";"DEL05-RS";"UOP02-DEL05-RS"
332498;2021-01-04;"segunda-feira";"20:00:00";"MG";381;512,4;"IGARAPE";"Pedestre andava na pista";"Atropelamento de Pedestre";"Com Vítimas Fatais";"Plena Noite";"Decrescente";"Nublado";"Múltipla";"Aclive;Reta";"Sim";3;1;1;0;0;1;1;2;-20,071681;-44,299912;"SPRF-MG";"DEL01-MG";"UOP03-DEL01-MG"
332499;2021-01-04;"segunda-feira";"13:55:00";"SC";282;110;"ALFREDO WAGNER";"Ultrapassagem Indevida";"Saída de leito carroçável";"Com Vítimas Feridas";"Pleno dia";"Decrescente";"Céu Claro";"Simples";"Curva";"Não";1;0;1;0;0;0;1;1;-27,727324;-49,360542;"SPRF-SC";"DEL01-SC";"UOP03-DEL01-SC"
332500;2021-01-04;"segunda-feira";"18:00:00";"SC";101;117,4;"ITAJAI";"Condutor deixou de manter distância do veículo da frente";"Colisão traseira";"Com Vítimas Feridas";"Pleno dia";"Decrescente";"Céu Claro";"Múltipla";"Declive";"Sim";2;0;1;0;1;0;1;2;-26,88747187;-48,72252969;"SPRF-SC";"DEL04-SC";"UOP04-DEL04-SC"
332501;2021-01-04;"segunda-feira";"17:00:00";"SC";470;3;"NAVEGANTES";"Velocidade Incompatível";"Colisão lateral";"Com Vítimas Feridas";"Pleno dia";"Decrescente";"Céu Claro";"Dupla";"Em Obras;Reta";"Sim";2;0;1;0;0;1;1;2;-26,861937;-48,681618;"SPRF-SC";"DEL04-SC";"UOP04-DEL04-SC"
332502;2021-01-04;"segunda-feira";"20:10:00";"RS";101;78;"OSORIO";"Pedestre andava na pista";"Atropelamento de Pedestre";"Com Vítimas Fatais";"Plena Noite";"Decrescente";"Céu Claro";"Dupla";"Reta";"Não";3;1;0;0;2;0;0;2;-29,81058704;-50,24122892;"SPRF-RS";"DEL03-RS";"UOP01-DEL03-RS"
332506;2021-01-04;"segunda-feira";"19:30:00";"RS";101;33;"TRES CACHOEIRAS";"Manobra de mudança de faixa";"Colisão traseira";"Com Vítimas Feridas";"Anoitecer";"Crescente";"Céu Claro";"Dupla";"Retorno Regulamentado";"Não";2;0;0;1;1;0;1;2;-29,5028698;-49,97956231;"SPRF-RS";"DEL03-RS";"UOP02-DEL03-RS"
332507;2021-01-04;"segunda-feira";"20:03:00";"MG";116;401;"GOVERNADOR VALADARES";"Acesso irregular";"Colisão transversal";"Com Vítimas Feridas";"Plena Noite";"Crescente";"Céu Claro";"Simples";"Interseção de Vias";"Não";4;0;3;0;1;0;3;2;-18,7676022;-41,98503278;"SPRF-MG";"DEL06-MG";"UOP01-DEL06-MG"
332511;2021-01-04;"segunda-feira";"22:40:00";"PR";376;185;"SARANDI";"Manobra de mudança de faixa";"Capotamento";"Com Vítimas Feridas";"Plena Noite";"Decrescente";"Garoa/Chuvisco";"Dupla";"Reta";"Sim";1;0;1;0;0;0;1;1;-23,45147413;-51,85361808;"SPRF-PR";"DEL09-PR";"UOP01-DEL09-PR"
332512;2021-01-04;"segunda-feira";"21:50:00";"MG";40;528,4;"CONTAGEM";"Pedestre cruzava a pista fora da faixa";"Atropelamento de Pedestre";"Com Vítimas Feridas";"Plena Noite";"Decrescente";"Nublado";"Dupla";"Declive";"Sim";2;0;0;1;1;0;1;2;-19,90883179;-44,04436577;"SPRF-MG";"DEL01-MG";"UOP02-DEL01-MG"
332513;2021-01-04;"segunda-feira";"22:45:00";"ES";101;266,8;"SERRA";"Pedestre cruzava a pista fora da faixa";"Atropelamento de Pedestre";"Com Vítimas Fatais";"Plena Noite";"Decrescente";"Céu Claro";"Múltipla";"Reta";"Sim";2;1;0;0;0;1;0;2;-20,190199;-40,26828891;"SPRF-ES";"DEL02-ES";"UOP01-DEL02-ES"
332514;2021-01-04;"segunda-feira";"23:00:00";"SC";101;206,5;"SAO JOSE";"Reação tardia ou ineficiente do condutor";"Saída de leito carroçável";"Com Vítimas Feridas";"Plena Noite";"Crescente";"Céu Claro";"Dupla";"Reta";"Sim";1;0;1;0;0;0;1;1;-27,59193546;-48,61824557;"SPRF-SC";"DEL01-SC";"UOP01-DEL01-SC"
332515;2021-01-04;"segunda-feira";"23:00:00";"SC";101;206,5;"SAO JOSE";"Condutor deixou de manter distância do veículo da frente";"Colisão traseira";"Com Vítimas Feridas";"Plena Noite";"Crescente";"Céu Claro";"Simples";"Reta";"Sim";2;0;1;0;1;0;1;2;-27,59193546;-48,61824557;"SPRF-SC";"DEL01-SC";"UOP01-DEL01-SC"
332517;2021-01-04;"segunda-feira";"21:15:00";"RS";472;579;"URUGUAIANA";"Reação tardia ou ineficiente do condutor";"Saída de leito carroçável";"Com Vítimas Feridas";"Plena Noite";"Decrescente";"Céu Claro";"Simples";"Reta";"Sim";1;0;1;0;0;0;1;1;-29,78776997;-57,08556175;"SPRF-RS";"DEL13-RS";"UOP01-DEL13-RS"
332518;2021-01-05;"terça-feira";"00:00:00";"RJ";40;112;"DUQUE DE CAXIAS";"Obstrução na via";"Colisão traseira";"Sem Vítimas";"Plena Noite";"Decrescente";"Nublado";"Múltipla";"Reta";"Sim";2;0;0;0;2;0;0;2;-22,7004454;-43,29014851;"SPRF-RJ";"DEL01-RJ";"UOP01-DEL01-RJ"
332519;2021-01-04;"segunda-feira";"18:20:00";"SC";101;82;"BARRA VELHA";"Reação tardia ou ineficiente do condutor";"Colisão traseira";"Sem Vítimas";"Pleno dia";"Decrescente";"Céu Claro";"Simples";"Reta";"Não";3;0;0;0;3;0;0;3;-26,61085222;-48,72204472;"SPRF-SC";"DEL03-SC";"UOP02-DEL03-SC"
332521;2021-01-04;"segunda-feira";"23:20:00";"SC";101;14,2;"GARUVA";"Ausência de reação do condutor";"Colisão traseira";"Com Vítimas Feridas";"Plena Noite";"Crescente";"Nublado";"Dupla";"Reta";"Não";9;0;4;0;5;0;4;2;-26,09803515;-48,86773972;"SPRF-SC";"DEL03-SC";"UOP01-DEL03-SC"
332522;2021-01-05;"terça-feira";"00:55:00";"PR";277;726,3;"FOZ DO IGUACU";"Velocidade Incompatível";"Capotamento";"Com Vítimas Feridas";"Plena Noite";"Decrescente";"Chuva";"Dupla";"Reta";"Sim";1;0;1;0;0;0;1;1;-25,5106015;-54,55481999;"SPRF-PR";"DEL05-PR";"UOP03-DEL05-PR"
332523;2021-01-04;"segunda-feira";"17:30:00";"MG";251;225,9;"CACHOEIRA DE PAJEU";"Velocidade Incompatível";"Saída de leito carroçável";"Com Vítimas Feridas";"Anoitecer";"Crescente";"Céu Claro";"Simples";"Reta";"Não";5;0;3;2;0;0;5;1;-15,95745824;-41,66304202;"SPRF-MG";"DEL11-MG";"UOP02-DEL11-MG"
332524;2021-01-05;"terça-feira";"00:10:00";"SP";381;16;"BRAGANCA PAULISTA";"Demais falhas mecânicas ou elétricas";"Incêndio";"Sem Vítimas";"Plena Noite";"Crescente";"Nublado";"Dupla";"Aclive";"Não";1;0;0;0;1;0;0;1;-22,95797408;-46,48078972;"SPRF-SP";"DEL03-SP";"UOP01-DEL03-SP"
332528;2021-01-04;"segunda-feira";"19:25:00";"RS";285;570;"SAO LUIZ GONZAGA";"Avarias e/ou desgaste excessivo no pneu";"Tombamento";"Com Vítimas Feridas";"Anoitecer";"Decrescente";"Céu Claro";"Simples";"Reta";"Não";2;0;2;0;0;0;2;1;-28,414503;-54,995766;"SPRF-RS";"DEL12-RS";"UOP01-DEL12-RS"
332530;2021-01-04;"segunda-feira";"07:40:00";"PA";308;191,8;"BRAGANCA";"Área urbana sem a presença de local apropriado para a travessia de pedestres";"Atropelamento de Pedestre";"Com Vítimas Feridas";"Pleno dia";"Crescente";"Céu Claro";"Simples";"Reta";"Sim";3;0;0;1;2;0;1;2;-1,077435;-46,864126;"SPRF-PA";"DEL01-PA";"UOP03-DEL01-PA"
332531;2021-01-05;"terça-feira";"06:00:00";"GO";414;412;"ABADIANIA";"Curva acentuada";"Saída de leito carroçável";"Com Vítimas Feridas";"Amanhecer";"Crescente";"Céu Claro";"Simples";"Curva";"Não";1;0;1;0;0;0;1;1;-16,07654806;-48,85262238;"SPRF-GO";"DEL02-GO";"UOP01-DEL02-GO"
332535;2021-01-05;"terça-feira";"06:45:00";"PB";230;28;"JOAO PESSOA";"Mal súbito do condutor";"Tombamento";"Com Vítimas Feridas";"Pleno dia";"Decrescente";"Sol";"Dupla";"Viaduto";"Não";1;0;1;0;0;0;1;1;-7,1651;-34,8941;"SPRF-PB";"DEL01-PB";"UOP01-DEL01-PB"
332538;2021-01-05;"terça-feira";"06:30:00";"RS";285;479,3;"CORONEL BARROS";"Acumulo de água sobre o pavimento";"Saída de leito carroçável";"Com Vítimas Feridas";"Pleno dia";"Decrescente";"Garoa/Chuvisco";"Simples";"Curva";"Não";3;0;1;0;2;0;1;1;-28,381256;-54,091888;"SPRF-RS";"DEL10-RS";"UOP01-DEL10-RS"
332541;2021-01-05;"terça-feira";"07:30:00";"SP";116;324;"JUQUITIBA";"Ausência de reação do condutor";"Queda de ocupante de veículo";"Com Vítimas Feridas";"Pleno dia";"Decrescente";"Céu Claro";"Dupla";"Reta";"Não";1;0;1;0;0;0;1;1;-23,94029914;-47,04398301;"SPRF-SP";"DEL04-SP";"UOP01-DEL04-SP"
332543;2021-01-05;"terça-feira";"08:15:00";"CE";222;7,9;"CAUCAIA";"Chuva";"Tombamento";"Com Vítimas Feridas";"Pleno dia";"Crescente";"Chuva";"Simples";"Reta";"Sim";2;0;1;0;1;0;1;1;-3,7495132;-38,6299559;"SPRF-CE";"DEL01-CE";"UOP01-DEL01-CE"
332544;2021-01-05;"terça-feira";"00:01:00";"PE";104;63;"CARUARU";"Condutor Dormindo";"Capotamento";"Sem Vítimas";"Plena Noite";"Decrescente";"Nublado";"Dupla";"Reta";"Sim";1;0;0;0;0;1;0;1;-8,2698;-35,9803;"SPRF-PE";"DEL02-PE";"UOP01-DEL02-PE"
332546;2021-01-05;"terça-feira";"06:40:00";"CE";222;197,9;"FORQUILHA";"Demais falhas mecânicas ou elétricas";"Incêndio";"Sem Vítimas";"Amanhecer";"Decrescente";"Céu Claro";"Simples";"Reta";"Não";1;0;0;0;0;1;0;1;-3,80735907;-40,17579399;"SPRF-CE";"DEL04-CE";"UOP01-DEL04-CE"
332548;2021-01-05;"terça-feira";"08:30:00";"ES";101;163,9;"LINHARES";"Ultrapassagem Indevida";"Colisão lateral sentido oposto";"Com Vítimas Feridas";"Pleno dia";"Crescente";"Céu Claro";"Simples";"Reta";"Não";4;0;3;0;1;0;3;2;-19,49806194;-40,13058524;"SPRF-ES";"DEL04-ES";"UOP01-DEL04-ES"
332549;2021-01-05;"terça-feira";"09:00:00";"SP";116;278,5;"EMBU DAS ARTES";"Mal súbito do condutor";"Queda de ocupante de veículo";"Com Vítimas Feridas";"Pleno dia";"Crescente";"Céu Claro";"Dupla";"Reta";"Sim";1;0;1;0;0;0;1;1;-23,65508497;-46,84918605;"SPRF-SP";"DEL04-SP";"UOP01-DEL04-SP"
332552;2021-01-05;"terça-feira";"07:30:00";"MS";163;431,1;"CAMPO GRANDE";"Avarias e/ou desgaste excessivo no pneu";"Tombamento";"Com Vítimas Feridas";"Pleno dia";"Decrescente";"Nublado";"Dupla";"Reta";"Não";2;0;1;0;1;0;1;1;-20,89245697;-54,50299587;"SPRF-MS";"DEL01-MS";"UOP01-DEL01-MS"
332553;2021-01-05;"terça-feira";"09:45:00";"RJ";101;56;"CAMPOS DOS GOYTACAZES";"Acessar a via sem observar a presença dos outros veículos";"Colisão transversal";"Com Vítimas Feridas";"Pleno dia";"Decrescente";"Céu Claro";"Simples";"Reta";"Sim";2;0;1;0;1;0;1;2;-21,68714199;-41,31063697;"SPRF-RJ";"DEL08-RJ";"UOP01-DEL08-RJ"
332555;2021-01-05;"terça-feira";"09:00:00";"SC";101;73;"ARAQUARI";"Mal súbito do condutor";"Colisão traseira";"Com Vítimas Feridas";"Pleno dia";"Decrescente";"Nublado";"Dupla";"Reta";"Não";2;0;1;0;1;0;1;2;-26,53567108;-48,71326731;"SPRF-SC";"DEL03-SC";"UOP02-DEL03-SC"
332556;2021-01-05;"terça-feira";"08:45:00";"SP";116;212,9;"GUARULHOS";"Avarias e/ou desgaste excessivo no pneu";"Queda de ocupante de veículo";"Com Vítimas Feridas";"Pleno dia";"Crescente";"Céu Claro";"Múltipla";"Reta";"Sim";1;0;1;0;0;0;1;1;-23,43985047;-46,43769622;"SPRF-SP";"DEL01-SP";"UOP01-DEL01-SP"
332559;2021-01-04;"segunda-feira";"17:10:00";"AC";317;270;"EPITACIOLANDIA";"Acessar a via sem observar a presença dos outros veículos";"Colisão traseira";"Com Vítimas Feridas";"Anoitecer";"Crescente";"Céu Claro";"Simples";"Reta;Declive";"Não";3;0;2;0;1;0;2;2;-10,94238309;-68,58218679;"SPRF-AC";"DEL01-AC";"UOP02-DEL01-AC"
332561;2021-01-05;"terça-feira";"10:00:00";"RS";116;270;"PORTO ALEGRE";"Acessar a via sem observar a presença dos outros veículos";"Colisão lateral";"Com Vítimas Feridas";"Pleno dia";"Decrescente";"Céu Claro";"Simples";"Reta";"Sim";2;0;1;0;1;0;1;2;-29,96839095;-51,17623895;"SPRF-RS";"DEL01-RS";"UOP01-DEL01-RS"
332562;2021-01-05;"terça-feira";"09:20:00";"PR";376;470;"PONTA GROSSA";"Velocidade Incompatível";"Saída de leito carroçável";"Com Vítimas Feridas";"Pleno dia";"Decrescente";"Nublado";"Dupla";"Declive;Curva";"Não";4;0;2;2;0;0;4;1;-25,0409359;-50,27017496;"SPRF-PR";"DEL03-PR";"UOP04-DEL03-PR"
332564;2021-01-05;"terça-feira";"09:00:00";"BA";324;598;"SIMOES FILHO";"Reação tardia ou ineficiente do condutor";"Saída de leito carroçável";"Sem Vítimas";"Pleno dia";"Crescente";"Nublado";"Dupla";"Reta";"Não";1;0;0;0;1;0;0;1;-12,73432323;-38,44227717;"SPRF-BA";"DEL01-BA";"UOP01-DEL01-BA"
332565;2021-01-05;"terça-feira";"10:40:00";"RN";406;151;"CEARA-MIRIM";"Conversão proibida";"Colisão frontal";"Com Vítimas Feridas";"Pleno dia";"Decrescente";"Sol";"Simples";"Reta";"Sim";2;0;0;1;1;0;1;2;-5,65094554;-35,42341594;"SPRF-RN";"DEL02-RN";"UOP01-DEL02-RN"
332566;2021-01-05;"terça-feira";"09:30:00";"MG";40;43,5;"PARACATU";"Acessar a via sem observar a presença dos outros veículos";"Colisão lateral";"Com Vítimas Feridas";"Pleno dia";"Decrescente";"Céu Claro";"Simples";"Aclive";"Sim";2;0;0;1;1;0;1;2;-17,22598002;-46,86163701;"SPRF-MG";"DEL14-MG";"UOP01-DEL14-MG"
332567;2021-01-05;"terça-feira";"10:30:00";"SC";280;58,1;"GUARAMIRIM";"Condutor deixou de manter distância do veículo da frente";"Colisão traseira";"Com Vítimas Feridas";"Pleno dia";"Decrescente";"Céu Claro";"Simples";"Reta";"Não";3;0;0;2;1;0;2;2;-26,47415593;-49,021211;"SPRF-SC";"DEL03-SC";"UOP03-DEL03-SC"
332568;2021-01-05;"terça-feira";"10:00:00";"SE";101;38,4;"CAPELA";"Reação tardia ou ineficiente do condutor";"Colisão com objeto";"Com Vítimas Feridas";"Pleno dia";"Decrescente";"Sol";"Simples";"Aclive;Desvio Temporário";"Não";1;0;0;1;0;0;1;1;-10,51013504;-36,94596282;"SPRF-SE";"DEL02-SE";"UOP02-DEL02-SE"
332569;2021-01-05;"terça-feira";"10:30:00";"PB";101;89;"JOAO PESSOA";"Manobra de mudança de faixa";"Colisão traseira";"Com Vítimas Feridas";"Pleno dia";"Decrescente";"Céu Claro";"Dupla";"Rotatória";"Sim";2;0;0;1;1;0;1;2;-7,1710694;-34,89765372;"SPRF-PB";"DEL01-PB";"UOP02-DEL01-PB"
332570;2021-01-05;"terça-feira";"10:20:00";"SC";101;349,5;"JAGUARUNA";"Reação tardia ou ineficiente do condutor";"Tombamento";"Com Vítimas Feridas";"Plena Noite";"Decrescente";"Céu Claro";"Dupla";"Reta;Aclive";"Não";2;0;0;1;1;0;1;2;-28,59507285;-49,04708862;"SPRF-SC";"DEL02-SC";"UOP01-DEL02-SC"
332572;2021-01-05;"terça-feira";"10:15:00";"RS";386;137,3;"SARANDI";"Desrespeitar a preferência no cruzamento";"Colisão transversal";"Com Vítimas Feridas";"Pleno dia";"Decrescente";"Nublado";"Simples";"Reta";"Não";2;0;1;0;1;0;1;2;-27,97665;-52,904694;"SPRF-RS";"DEL08-RS";"UOP01-DEL08-RS"
332573;2021-01-05;"terça-feira";"11:00:00";"GO";60;136;"GOIANIA";"Reação tardia ou ineficiente do condutor";"Capotamento";"Com Vítimas Feridas";"Pleno dia";"Crescente";"Céu Claro";"Dupla";"Curva";"Não";1;0;1;0;0;0;1;1;-16,5959;-49,1965;"SPRF-GO";"DEL01-GO";"UOP01-DEL01-GO"
332574;2021-01-05;"terça-feira";"10:20:00";"RS";290;71;"GRAVATAI";"Manobra de mudança de faixa";"Colisão lateral";"Com Vítimas Feridas";"Pleno dia";"Crescente";"Céu Claro";"Dupla";"Reta";"Não";2;0;1;0;1;0;1;2;-29,951347;-50,965858;"SPRF-RS";"DEL03-RS";"UOP01-DEL03-RS"
332576;2021-01-05;"terça-feira";"10:10:00";"BA";407;4;"JUAZEIRO";"Acessar a via sem observar a presença dos outros veículos";"Queda de ocupante de veículo";"Com Vítimas Feridas";"Pleno dia";"Crescente";"Céu Claro";"Simples";"Reta";"Sim";2;0;0;1;1;0;1;2;-9,43957495;-40,49433089;"SPRF-PE";"DEL06-PE";"UOP01-DEL06-PE"
332580;2021-01-05;"terça-feira";"11:00:00";"MS";163;732;"COXIM";"Acessar a via sem observar a presença dos outros veículos";"Colisão transversal";"Com Vítimas Feridas";"Pleno dia";"Crescente";"Nublado";"Simples";"Reta";"Sim";2;0;0;1;1;0;1;2;-18,49326992;-54,72854015;"SPRF-MS";"DEL06-MS";"UOP01-DEL06-MS"
332581;2021-01-05;"terça-feira";"12:30:00";"GO";40;2,4;"VALPARAISO DE GOIAS";"Condutor deixou de manter distância do veículo da frente";"Colisão traseira";"Sem Vítimas";"Pleno dia";"Decrescente";"Sol";"Dupla";"Reta";"Sim";2;0;0;0;2;0;0;2;-16,067129;-47,984235;"SPRF-DF";"DEL01-DF";"UOP01-DEL01-DF"
332584;2021-01-05;"terça-feira";"12:00:00";"RJ";116;177;"NOVA IGUACU";"Reação tardia ou ineficiente do condutor";"Colisão traseira";"Com Vítimas Feridas";"Pleno dia";"Crescente";"Céu Claro";"Dupla";"Reta";"Sim";1;0;1;0;0;0;1;1;-22,78055198;-43,39208599;"SPRF-RJ";"DEL01-RJ";"UOP02-DEL01-RJ"
332585;2021-01-05;"terça-feira";"11:45:00";"RS";290;11,4;"OSORIO";"Mal súbito do condutor";"Saída de leito carroçável";"Com Vítimas Feridas";"Pleno dia";"Crescente";"Céu Claro";"Múltipla";"Reta";"Não";2;0;2;0;0;0;2;1;-29,888996;-50,383354;"SPRF-RS";"DEL03-RS";"UOP01-DEL03-RS"
332586;2021-01-05;"terça-feira";"11:35:00";"PR";116;147,9;"MANDIRITUBA";"Ausência de reação do condutor";"Saída de leito carroçável";"Com Vítimas Feridas";"Pleno dia";"Crescente";"Nublado";"Simples";"Curva";"Não";1;0;1;0;0;0;1;1;-25,83520786;-49,33825582;"SPRF-PR";"DEL01-PR";"UOP03-DEL01-PR"