"id";"data_inversa";"dia_semana";"horario";"uf";"br";"km";"municipio";"causa_acidente";"tipo_acidente";"classificacao_acidente";"fase_dia";"sentido_via";"condicao_metereologica";"tipo_pista";"tracado_via";"uso_solo";"pessoas";"mortos";"feridos_leves";"feridos_graves";"ilesos";"ignorados";"feridos";"veiculos";"latitude";"longitude";"regional";"delegacia";"uop"
332718;2021-01-06;"quarta-feira";"09:15:00";"PE";104;65,4;"CARUARU";"Condutor deixou de manter distância do veículo da frente";"Queda de ocupante de veículo";"Com Vítimas Feridas";"Pleno dia";"Decrescente";"Céu Claro";"Dupla";"Reta";"Sim";1;0;1;0;0;0;1;1;-8,2867;-35,9838;"SPRF-PE";"DEL02-PE";"UOP01-DEL02-PE"
332719;2021-01-06;"quarta-feira";"09:35:00";"MG";146;435,2;"GUAXUPE";"Velocidade Incompatível";"Saída de leito carroçável";"Com Vítimas Feridas";"Pleno dia";"Crescente";"Céu Claro";"Dupla";"Aclive;Reta";"Não";1;0;1;0;0;0;1;1;-21,305765;-46,629408;"SPRF-MG";"DEL09-MG";"UOP01-DEL09-MG"
332720;2021-01-06;"quarta-feira";"07:50:00";"SC";101;235,6;"PALHOCA";"Chuva";"Colisão com objeto";"Com Vítimas Feridas";"Pleno dia";"Decrescente";"Chuva";"Dupla";"Reta";"Sim";2;0;1;0;1;0;1;1;-27,8177775;-48,6315025;"SPRF-SC";"DEL01-SC";"UOP02-DEL01-SC"
332721;2021-01-06;"quarta-feira";"08:40:00";"SC";101;133;"BALNEARIO CAMBORIU";"Acessar a via sem observar a presença dos outros veículos";"Colisão transversal";"Com Vítimas Feridas";"Pleno dia";"Decrescente";"Céu Claro";"Múltipla";"Reta";"Sim";2;0;2;0;0;0;2;2;-26,99936;-48,64609;"SPRF-SC";"DEL04-SC";"UOP03-DEL04-SC"
332722;2021-01-06;"quarta-feira";"08:15:00";"ES";101;236;"FUNDAO";"Condutor deixou de manter distância do veículo da frente";"Tombamento";"Com Vítimas Feridas";"Pleno dia";"Crescente";"Céu Claro";"Simples";"Reta";"Não";2;0;0;1;0;1;1;2;-19,98434998;-40,41371315;"SPRF-ES";"DEL02-ES";"UOP01-DEL02-ES"
332723;2021-01-06;"quarta-feira";"09:50:00";"RJ";101;42,7;"CAMPOS DOS GOYTACAZES";"Condutor deixou de manter distância do veículo da frente";"Colisão traseira";"Com Vítimas Feridas";"Pleno dia";"Crescente";"Céu Claro";"Simples";"Reta;Declive";"Não";2;0;1;0;1;0;1;2;-21,55565098;-41,32869598;"SPRF-RJ";"DEL08-RJ";"UOP01-DEL08-RJ"
332725;2021-01-06;"quarta-feira";"10:10:00";"MG";40;425;"CURVELO";"Demais falhas mecânicas ou elétricas";"Queda de ocupante de veículo";"Com Vítimas Feridas";"Pleno dia";"Decrescente";"Sol";"Dupla";"Reta";"Não";2;0;2;0;0;0;2;1;-19,16224489;-44,52254591;"SPRF-MG";"DEL02-MG";"UOP01-DEL02-MG"
332726;2021-01-06;"quarta-feira";"09:35:00";"PI";343;91,1;"CARAUBAS DO PIAUI";"Condutor Dormindo";"Capotamento";"Com Vítimas Feridas";"Pleno dia";"Decrescente";"Céu Claro";"Simples";"Reta";"Não";4;0;4;0;0;0;4;1;-3,498422;-41,728745;"SPRF-PI";"DEL05-PI";"UOP01-DEL05-PI"
332729;2021-01-06;"quarta-feira";"09:50:00";"PR";376;184;"SARANDI";"Condutor deixou de manter distância do veículo da frente";"Colisão traseira";"Com Vítimas Feridas";"Pleno dia";"Decrescente";"Nublado";"Dupla";"Reta";"Sim";4;0;2;0;2;0;2;2;-23,4465611;-51,86216706;"SPRF-PR";"DEL09-PR";"UOP01-DEL09-PR"
332735;2021-01-06;"quarta-feira";"10:50:00";"ES";262;5,2;"CARIACICA";"Mal súbito do condutor";"Colisão com objeto";"Com Vítimas Feridas";"Pleno dia";"Crescente";"Sol";"Múltipla";"Reta";"Sim";2;0;0;1;1;0;1;1;-20,33707281;-40,38649924;"SPRF-ES";"DEL01-ES";"UOP01-DEL01-ES"
332737;2021-01-06;"quarta-feira";"10:15:00";"GO";364;63,8;"CACHOEIRA ALTA";"Reação tardia ou ineficiente do condutor";"Saída de leito carroçável";"Com Vítimas Feridas";"Pleno dia";"Decrescente";"Céu Claro";"Simples";"Reta";"Não";2;0;2;0;0;0;2;1;-18,70801;-50,96352;"SPRF-GO";"DEL05-GO";"UOP02-DEL05-GO"
332739;2021-01-06;"quarta-feira";"11:16:00";"PR";277;726,4;"FOZ DO IGUACU";"Ausência de reação do condutor";"Saída de leito carroçável";"Com Vítimas Feridas";"Pleno dia";"Decrescente";"Nublado";"Dupla";"Rotatória";"Sim";1;0;1;0;0;0;1;1;-25,5106015;-54,55481999;"SPRF-PR";"DEL05-PR";"UOP03-DEL05-PR"
332742;2021-01-06;"quarta-feira";"11:10:00";"MG";262;547,5;"LUZ";"Ausência de reação do condutor";"Capotamento";"Com Vítimas Feridas";"Pleno dia";"Decrescente";"Nublado";"Simples";"Aclive;Curva";"Não";2;0;1;0;1;0;1;1;-19,74018668;-45,86034892;"SPRF-MG";"DEL08-MG";"UOP02-DEL08-MG"
332744;2021-01-06;"quarta-feira";"10:40:00";"RJ";40;91;"PETROPOLIS";"Ausência de reação do condutor";"Colisão com objeto";"Com Vítimas Feridas";"Pleno dia";"Decrescente";"Céu Claro";"Simples";"Curva;Aclive";"Não";1;0;1;0;0;0;1;1;-22,56328334;-43,23572874;"SPRF-RJ";"DEL06-RJ";"UOP01-DEL06-RJ"
332746;2021-01-06;"quarta-feira";"12:17:00";"GO";153;500;"GOIANIA";"Ultrapassagem Indevida";"Colisão lateral";"Com Vítimas Feridas";"Pleno dia";"Crescente";"Céu Claro";"Múltipla";"Aclive;Interseção de Vias;Reta";"Sim";2;0;0;1;1;0;1;2;-16,7118;-49,2324;"SPRF-GO";"DEL01-GO";"UOP01-DEL01-GO"
332749;2021-01-06;"quarta-feira";"11:35:00";"PR";376;168;"MARINGA";"Mal súbito do condutor";"Saída de leito carroçável";"Com Vítimas Feridas";"Pleno dia";"Crescente";"Céu Claro";"Dupla";"Reta";"Não";1;0;1;0;0;0;1;1;-23,409788;-51,987453;"SPRF-PR";"DEL09-PR";"UOP01-DEL09-PR"
332751;2021-01-06;"quarta-feira";"12:29:00";"SP";116;146,4;"SAO JOSE DOS CAMPOS";"Reação tardia ou ineficiente do condutor";"Colisão lateral mesmo sentido";"Com Vítimas Feridas";"Pleno dia";"Crescente";"Céu Claro";"Dupla";"Reta";"Sim";2;0;0;1;1;0;1;2;-23,19122919;-45,86327591;"SPRF-SP";"DEL02-SP";"UOP01-DEL02-SP"
332752;2021-01-06;"quarta-feira";"11:45:00";"BA";116;415,2;"FEIRA DE SANTANA";"Acessar a via sem observar a presença dos outros veículos";"Colisão lateral";"Sem Vítimas";"Pleno dia";"Crescente";"Céu Claro";"Simples";"Reta";"Não";2;0;0;0;2;0;0;2;-12,159639;-38,9648641;"SPRF-BA";"DEL02-BA";"UOP01-DEL02-BA"
332754;2021-01-06;"quarta-feira";"13:00:00";"GO";70;470;"ARAGARCAS";"Acessar a via sem observar a presença dos outros veículos";"Colisão lateral";"Com Vítimas Feridas";"Pleno dia";"Decrescente";"Nublado";"Dupla";"Reta";"Sim";2;0;1;0;1;0;1;2;-15,896664;-52,241677;"SPRF-GO";"DEL04-GO";"UOP01-DEL04-GO"
332755;2021-01-06;"quarta-feira";"12:15:00";"PB";230;1;"CABEDELO";"Transitar no acostamento";"Colisão transversal";"Sem Vítimas";"Pleno dia";"Decrescente";"Céu Claro";"Simples";"Reta";"Sim";2;0;0;0;1;1;0;2;-6,9753;-34,8318;"SPRF-PB";"DEL01-PB";"UOP01-DEL01-PB"
332758;2021-01-06;"quarta-feira";"13:15:00";"MG";381;717,4;"CARMO DA CACHOEIRA";"Pista Escorregadia";"Saída de leito carroçável";"Com Vítimas Feridas";"Pleno dia";"Decrescente";"Chuva";"Dupla";"Curva";"Não";3;0;1;0;2;0;1;1;-21,40279227;-45,21044116;"SPRF-MG";"DEL04-MG";"UOP02-DEL04-MG"
332760;2021-01-06;"quarta-feira";"13:30:00";"PE";423;38;"CACHOEIRINHA";"Avarias e/ou desgaste excessivo no pneu";"Saída de leito carroçável";"Com Vítimas Feridas";"Pleno dia";"Crescente";"Céu Claro";"Simples";"Reta";"Sim";1;0;0;1;0;0;1;1;-8,48361315;-36,22574878;"SPRF-PE";"DEL02-PE";"UOP03-DEL02-PE"
332763;2021-01-06;"quarta-feira";"12:20:00";"TO";153;623,7;"ALIANCA DO TOCANTINS";"Acessar a via sem observar a presença dos outros veículos";"Colisão traseira";"Com Vítimas Feridas";"Pleno dia";"Decrescente";"Céu Claro";"Simples";"Reta";"Não";6;0;1;0;5;0;1;2;-11,330333;-48,94875;"SPRF-TO";"DEL01-TO";"UOP02-DEL01-TO"
332765;2021-01-06;"quarta-feira";"14:10:00";"RS";386;296,2;"POUSO NOVO";"Condutor deixou de manter distância do veículo da frente";"Colisão lateral mesmo sentido";"Com Vítimas Feridas";"Pleno dia";"Crescente";"Céu Claro";"Simples";"Curva";"Não";2;0;1;0;1;0;1;2;-29,136362;-52,24575;"SPRF-RS";"DEL04-RS";"UOP01-DEL04-RS"
332766;2021-01-06;"quarta-feira";"14:00:00";"SP";116;356;"MIRACATU";"Reação tardia ou ineficiente do condutor";"Colisão com objeto";"Com Vítimas Feridas";"Pleno dia";"Crescente";"Céu Claro";"Dupla";"Curva";"Não";2;0;1;0;1;0;1;1;-24,09010299;-47,25681582;"SPRF-SP";"DEL04-SP";"UOP02-DEL04-SP"
332768;2021-01-06;"quarta-feira";"13:50:00";"GO";70;6;"AGUAS LINDAS DE GOIAS";"Manobra de mudança de faixa";"Colisão lateral";"Com Vítimas Feridas";"Pleno dia";"Crescente";"Céu Claro";"Dupla";"Aclive";"Não";3;0;1;0;2;0;1;2;-15,75049381;-48,2612381;"SPRF-DF";"DEL03-DF";"UOP02-DEL03-DF"
332769;2021-01-06;"quarta-feira";"14:15:00";"SC";470;93,7;"APIUNA";"Velocidade Incompatível";"Saída de leito carroçável";"Com Vítimas Feridas";"Pleno dia";"Decrescente";"Chuva";"Simples";"Reta";"Sim";3;0;0;1;2;0;1;2;-26,994484;-49,375908;"SPRF-SC";"DEL04-SC";"UOP01-DEL04-SC"
332770;2021-01-06;"quarta-feira";"06:30:00";"SC";282;51,9;"AGUAS MORNAS";"Chuva";"Saída de leito carroçável";"Com Vítimas Feridas";"Pleno dia";"Decrescente";"Chuva";"Simples";"Curva";"Não";1;0;1;0;0;0;1;1;-27,69660973;-48,9641118;"SPRF-SC";"DEL01-SC";"UOP03-DEL01-SC"
332771;2021-01-06;"quarta-feira";"14:00:00";"PR";369;87,6;"CORNELIO PROCOPIO";"Velocidade Incompatível";"Saída de leito carroçável";"Com Vítimas Feridas";"Pleno dia";"Decrescente";"Chuva";"Dupla";"Curva";"Sim";1;0;1;0;0;0;1;1;-23,1741357;-50,62294006;"SPRF-PR";"DEL07-PR";"UOP01-DEL07-PR"
332772;2021-01-06;"quarta-feira";"11:25:00";"AL";423;57,7;"AGUA BRANCA";"Animais na Pista";"Atropelamento de Animal";"Com Vítimas Feridas";"Pleno dia";"Crescente";"Céu Claro";"Simples";"Reta";"Não";1;0;0;1;0;0;1;1;-9,2818233;-37,7826269;"SPRF-AL";"DEL03-AL";"UOP02-DEL03-AL"
332773;2021-01-06;"quarta-feira";"13:30:00";"MG";116;551,9;"SANTA BARBARA DO LESTE";"Velocidade Incompatível";"Saída de leito carroçável";"Com Vítimas Feridas";"Pleno dia";"Crescente";"Céu Claro";"Simples";"Reta";"Sim";1;0;1;0;0;0;1;1;-19,97728983;-42,13901923;"SPRF-MG";"DEL06-MG";"UOP02-DEL06-MG"
332774;2021-01-06;"quarta-feira";"14:10:00";"MG";40;528,5;"CONTAGEM";"Mal súbito do condutor";"Colisão com objeto";"Com Vítimas Feridas";"Pleno dia";"Decrescente";"Chuva";"Múltipla";"Declive;Reta";"Sim";1;0;0;1;0;0;1;1;-19,90883179;-44,04436577;"SPRF-MG";"DEL01-MG";"UOP02-DEL01-MG"
332775;2021-01-06;"quarta-feira";"14:10:00";"SP";116;144;"SAO JOSE DOS CAMPOS";"Ausência de reação do condutor";"Engavetamento";"Com Vítimas Feridas";"Pleno dia";"Decrescente";"Céu Claro";"Múltipla";"Reta";"Sim";5;0;2;0;3;0;2;4;-23,18274416;-45,84633592;"SPRF-SP";"DEL02-SP";"UOP01-DEL02-SP"
332776;2021-01-06;"quarta-feira";"15:20:00";"MG";116;583,1;"MANHUACU";"Reação tardia ou ineficiente do condutor";"Saída de leito carroçável";"Com Vítimas Feridas";"Pleno dia";"Crescente";"Céu Claro";"Simples";"Reta";"Não";2;0;2;0;0;0;2;1;-20,21424995;-42,18135561;"SPRF-MG";"DEL06-MG";"UOP03-DEL06-MG"
332777;2021-01-02;"sábado";"13:23:00";"PA";316;51;"CASTANHAL";"Manobra de mudança de faixa";"Saída de leito carroçável";"Com Vítimas Feridas";"Pleno dia";"Decrescente";"Chuva";"Dupla";"Reta";"Sim";13;0;3;0;10;0;3;6;-1,30696138;-48,03478;"SPRF-PA";"DEL01-PA";"UOP01-DEL01-PA"
332778;2021-01-06;"quarta-feira";"15:30:00";"GO";40;2;"VALPARAISO DE GOIAS";"Condutor deixou de manter distância do veículo da frente";"Colisão traseira";"Sem Vítimas";"Pleno dia";"Crescente";"Céu Claro";"Dupla";"Reta";"Sim";3;0;0;0;2;1;0;3;-16,067129;-47,984235;"SPRF-DF";"DEL01-DF";"UOP01-DEL01-DF"
332780;2021-01-06;"quarta-feira";"15:20:00";"SC";280;50;"GUARAMIRIM";"Acessar a via sem observar a presença dos outros veículos";"Colisão lateral mesmo sentido";"Com Vítimas Feridas";"Pleno dia";"Decrescente";"Garoa/Chuvisco";"Simples";"Aclive";"Não";3;0;2;0;1;0;2;2;-26,4619489;-48,94618404;"SPRF-SC";"DEL03-SC";"UOP03-DEL03-SC"
332783;2021-01-06;"quarta-feira";"15:30:00";"MG";381;937,5;"EXTREMA";"Avarias e/ou desgaste excessivo no pneu";"Saída de leito carroçável";"Com Vítimas Feridas";"Pleno dia";"Crescente";"Chuva";"Dupla";"Curva";"Não";2;0;2;0;0;0;2;1;-22,83554657;-46,32086698;"SPRF-MG";"DEL16-MG";"UOP03-DEL16-MG"
332785;2021-01-06;"quarta-feira";"16:15:00";"MG";381;883,3;"ESTIVA";"Condutor Dormindo";"Colisão com objeto";"Com Vítimas Feridas";"Pleno dia";"Crescente";"Nublado";"Dupla";"Reta";"Não";5;0;2;1;2;0;3;2;-22,48621118;-46,01097363;"SPRF-MG";"DEL16-MG";"UOP03-DEL16-MG"
332786;2021-01-06;"quarta-feira";"15:30:00";"SP";116;140;"SAO JOSE DOS CAMPOS";"Condutor deixou de manter distância do veículo da frente";"Colisão traseira";"Sem Vítimas";"Pleno dia";"Crescente";"Nublado";"Dupla";"Reta";"Não";1;0;0;0;1;0;0;1;-23,16577714;-45,81246193;"SPRF-SP";"DEL06-SP";"UOP01-DEL06-SP"
332788;2021-01-06;"quarta-feira";"15:50:00";"SC";470;63;"INDAIAL";"Reação tardia ou ineficiente do condutor";"Saída de leito carroçável";"Com Vítimas Feridas";"Pleno dia";"Decrescente";"Nublado";"Simples";"Curva";"Não";1;0;1;0;0;0;1;1;-26,872396;-49,19228;"SPRF-SC";"DEL04-SC";"UOP01-DEL04-SC"
332789;2021-01-06;"quarta-feira";"15:25:00";"MT";163;754;"SORRISO";"Acumulo de água sobre o pavimento";"Colisão frontal";"Com Vítimas Fatais";"Pleno dia";"Crescente";"Chuva";"Simples";"Reta";"Sim";5;1;3;1;0;0;4;2;-12,63892516;-55,78118581;"SPRF-MT";"DEL06-MT";"UOP01-DEL06-MT"
332791;2021-01-06;"quarta-feira";"15:45:00";"GO";251;26,6;"CRISTALINA";"Acessar a via sem observar a presença dos outros veículos";"Colisão transversal";"Com Vítimas Feridas";"Pleno dia";"Decrescente";"Céu Claro";"Simples";"Reta";"Sim";2;0;0;1;1;0;1;2;-16,10610344;-47,49477642;"SPRF-DF";"DEL01-DF";"UOP01-DEL01-DF"
332792;2021-01-06;"quarta-feira";"16:30:00";"RN";101;124,3;"SAO JOSE DE MIPIBU";"Acessar a via sem observar a presença dos outros veículos";"Colisão transversal";"Com Vítimas Feridas";"Pleno dia";"Decrescente";"Sol";"Dupla";"Reta";"Sim";2;0;1;0;1;0;1;2;-6,06979404;-35,23813248;"SPRF-RN";"DEL01-RN";"UOP01-DEL01-RN"
332793;2021-01-06;"quarta-feira";"15:30:00";"MG";381;565;"ITAGUARA";"Demais falhas mecânicas ou elétricas";"Incêndio";"Sem Vítimas";"Pleno dia";"Crescente";"Céu Claro";"Dupla";"Reta";"Não";1;0;0;0;1;0;0;1;-20,40868701;-44,52561498;"SPRF-MG";"DEL04-MG";"UOP03-DEL04-MG"
332796;2021-01-06;"quarta-feira";"16:45:00";"RN";304;42,9;"MOSSORO";"Ausência de reação do condutor";"Colisão com objeto";"Com Vítimas Feridas";"Pleno dia";"Decrescente";"Céu Claro";"Dupla";"Reta";"Não";2;0;2;0;0;0;2;1;-5,21764156;-37,36570358;"SPRF-RN";"DEL04-RN";"UOP01-DEL04-RN"
332798;2021-01-06;"quarta-feira";"17:00:00";"PB";230;175,9;"CAMPINA GRANDE";"Reação tardia ou ineficiente do condutor";"Saída de leito carroçável";"Com Vítimas Feridas";"Pleno dia";"Crescente";"Céu Claro";"Simples";"Declive";"Não";1;0;0;1;0;0;1;1;-7,1775;-36,0247;"SPRF-PB";"DEL02-PB";"UOP02-DEL02-PB"
332801;2021-01-06;"quarta-feira";"13:05:00";"RS";392;208,2;"SANTANA DA BOA VISTA";"Chuva";"Capotamento";"Com Vítimas Feridas";"Pleno dia";"Decrescente";"Nublado";"Simples";"Curva;Aclive";"Não";1;0;1;0;0;0;1;1;-30,82114907;-53,17496831;"SPRF-RS";"DEL09-RS";"UOP02-DEL09-RS"
332802;2021-01-06;"quarta-feira";"17:40:00";"SP";116;214;"GUARULHOS";"Condutor deixou de manter distância do veículo da frente";"Colisão traseira";"Com Vítimas Feridas";"Anoitecer";"Decrescente";"Céu Claro";"Múltipla";"Reta";"Não";2;0;1;0;1;0;1;2;-23,44333014;-46,44531294;"SPRF-SP";"DEL01-SP";"UOP01-DEL01-SP"
332803;2021-01-06;"quarta-feira";"17:00:00";"GO";158;259;"JATAI";"Chuva";"Queda de ocupante de veículo";"Com Vítimas Feridas";"Pleno dia";"Decrescente";"Chuva";"Simples";"Reta";"Não";1;0;0;1;0;0;1;1;-17,79845982;-51,79357965;"SPRF-GO";"DEL05-GO";"UOP01-DEL05-GO"
332804;2021-01-06;"quarta-feira";"16:40:00";"SP";116;297,5;"ITAPECERICA DA SERRA";"Reação tardia ou ineficiente do condutor";"Colisão com objeto";"Com Vítimas Feridas";"Pleno dia";"Decrescente";"Nublado";"Dupla";"Curva";"Não";1;0;1;0;0;0;1;1;-23,777746;-46,915581;"SPRF-SP";"DEL04-SP";"UOP01-DEL04-SP"
332805;2021-01-06;"quarta-feira";"17:35:00";"PE";104;47,2;"CARUARU";"Demais falhas mecânicas ou elétricas";"Incêndio";"Sem Vítimas";"Anoitecer";"Crescente";"Céu Claro";"Dupla";"Declive";"Não";1;0;0;0;0;1;0;1;-8,1354;-35,9906;"SPRF-PE";"DEL02-PE";"UOP01-DEL02-PE"
332806;2021-01-06;"quarta-feira";"16:50:00";"RJ";40;78;"PETROPOLIS";"Acumulo de óleo sobre o pavimento";"Colisão com objeto";"Com Vítimas Feridas";"Pleno dia";"Crescente";"Chuva";"Simples";"Curva;Declive";"Não";5;0;4;0;1;0;4;1;-22,485229;-43,2275;"SPRF-RJ";"DEL06-RJ";"UOP01-DEL06-RJ"
332807;2021-01-06;"quarta-feira";"17:20:00";"SC";101;214;"PALHOCA";"Condutor deixou de manter distância do veículo da frente";"Colisão traseira";"Com Vítimas Feridas";"Pleno dia";"Decrescente";"Céu Claro";"Múltipla";"Reta";"Sim";3;0;1;0;2;0;1;2;-27,64443;-48,67057;"SPRF-SC";"DEL01-SC";"UOP02-DEL01-SC"
332810;2021-01-06;"quarta-feira";"18:05:00";"SC";101;208,9;"SAO JOSE";"Velocidade Incompatível";"Colisão com objeto";"Com Vítimas Feridas";"Anoitecer";"Crescente";"Nublado";"Múltipla";"Interseção de Vias";"Sim";1;0;1;0;0;0;1;1;-27,60327979;-48,63201818;"SPRF-SC";"DEL01-SC";"UOP01-DEL01-SC"
332812;2021-01-06;"quarta-feira";"18:15:00";"AL";101;130,5;"SAO MIGUEL DOS CAMPOS";"Velocidade Incompatível";"Queda de ocupante de veículo";"Com Vítimas Feridas";"Plena Noite";"Crescente";"Céu Claro";"Dupla";"Reta";"Não";1;0;1;0;0;0;1;1;-9,75846103;-36,07001181;"SPRF-AL";"DEL02-AL";"UOP01-DEL02-AL"
332813;2021-01-06;"quarta-feira";"15:45:00";"MA";316;524,9;"CAXIAS";"Ausência de reação do condutor";"Saída de leito carroçável";"Com Vítimas Feridas";"Pleno dia";"Crescente";"Céu Claro";"Simples";"Reta";"Não";1;0;0;1;0;0;1;1;-4,79272272;-43,57079029;"SPRF-MA";"DEL03-MA";"UOP02-DEL03-MA"
332815;2021-01-06;"quarta-feira";"16:50:00";"RO";364;346;"JI-PARANA";"Condutor deixou de manter distância do veículo da frente";"Colisão traseira";"Sem Vítimas";"Pleno dia";"Decrescente";"Céu Claro";"Simples";"Reta";"Sim";5;0;0;0;5;0;0;2;-10,865874;-61,968647;"SPRF-RO";"DEL02-RO";"UOP01-DEL02-RO"
332816;2021-01-06;"quarta-feira";"16:00:00";"PR";373;470,4;"CORONEL VIVIDA";"Reação tardia ou ineficiente do condutor";"Saída de leito carroçável";"Com Vítimas Feridas";"Pleno dia";"Crescente";"Céu Claro";"Simples";"Reta";"Não";1;0;1;0;0;0;1;1;-25,96799939;-52,46692657;"SPRF-PR";"DEL02-PR";"UOP01-DEL02-PR"
332818;2021-01-06;"quarta-feira";"19:00:00";"ES";101;309,3;"VIANA";"Acessar a via sem observar a presença dos outros veículos";"Colisão transversal";"Com Vítimas Feridas";"Plena Noite";"Decrescente";"Céu Claro";"Simples";"Reta";"Sim";2;0;1;0;1;0;1;2;-20,41995462;-40,45965314;"SPRF-ES";"DEL01-ES";"UOP01-DEL01-ES"
332819;2021-01-06;"quarta-feira";"19:05:00";"PE";232;33,2;"MORENO";"Acessar a via sem observar a presença dos outros veículos";"Colisão lateral mesmo sentido";"Com Vítimas Feridas";"Plena Noite";"Crescente";"Céu Claro";"Dupla";"Retorno Regulamentado";"Não";3;0;2;0;1;0;2;2;-8,10539025;-35,17523495;"SPRF-PE";"DEL02-PE";"UOP02-DEL02PE"
332821;2021-01-06;"quarta-feira";"19:35:00";"GO";40;95,9;"CRISTALINA";"Iluminação deficiente";"Colisão lateral mesmo sentido";"Com Vítimas Feridas";"Plena Noite";"Decrescente";"Céu Claro";"Simples";"Reta";"Sim";2;0;0;2;0;0;2;2;-16,750555;-47,607549;"SPRF-DF";"DEL01-DF";"UOP02-DEL01-DF"
332824;2021-01-06;"quarta-feira";"19:55:00";"SC";101;205;"SAO JOSE";"Condutor deixou de manter distância do veículo da frente";"Colisão traseira";"Sem Vítimas";"Plena Noite";"Decrescente";"Nublado";"Dupla";"Reta";"Sim";4;0;0;0;4;0;0;4;-27,58313237;-48,61532885;"SPRF-SC";"DEL01-SC";"UOP01-DEL01-SC"
332825;2021-01-06;"quarta-feira";"19:00:00";"RJ";101;483;"ANGRA DOS REIS";"Conversão proibida";"Colisão transversal";"Com Vítimas Feridas";"Plena Noite";"Crescente";"Nublado";"Simples";"Reta";"Não";3;0;1;1;1;0;2;2;-22,99719001;-44,30136205;"SPRF-RJ";"DEL03-RJ";"UOP03-DEL03-RJ"
332826;2021-01-06;"quarta-feira";"20:18:00";"PR";277;591,8;"CASCAVEL";"Demais falhas mecânicas ou elétricas";"Queda de ocupante de veículo";"Com Vítimas Feridas";"Plena Noite";"Crescente";"Céu Claro";"Simples";"Reta";"Sim";1;0;1;0;0;0;1;1;-24,98473242;-53,46501885;"SPRF-PR";"DEL04-PR";"UOP01-DEL04-PR"
332827;2021-01-06;"quarta-feira";"18:15:00";"SC";153;96,6;"CONCORDIA";"Desrespeitar a preferência no cruzamento";"Colisão transversal";"Com Vítimas Feridas";"Pleno dia";"Crescente";"Céu Claro";"Simples";"Rotatória";"Não";2;0;1;0;1;0;1;2;-27,212648;-51,952137;"SPRF-SC";"DEL07-SC";"UOP04-DEL07-SC"
332829;2021-01-06;"quarta-feira";"16:30:00";"MT";364;244;"JUSCIMEIRA";"Acumulo de água sobre o pavimento";"Saída de leito carroçável";"Sem Vítimas";"Pleno dia";"Crescente";"Chuva";"Dupla";"Aclive";"Não";1;0;0;0;1;0;0;1;-16,15048713;-54,80807708;"SPRF-MT";"DEL02-MT";"UOP01-DEL02-MT"
332836;2021-01-06;"quarta-feira";"20:50:00";"AL";101;176,3;"TEOTONIO VILELA";"Pedestre cruzava a pista fora da faixa";"Atropelamento de Pedestre";"Com Vítimas Fatais";"Plena Noite";"Decrescente";"Céu Claro";"Dupla";"Reta";"Sim";4;1;0;0;1;2;0;2;-9,89398192;-36,37454896;"SPRF-AL";"DEL02-AL";"UOP02-DEL02-AL"
332838;2021-01-06;"quarta-feira";"21:00:00";"GO";40;9,9;"LUZIANIA";"Ingestão de álcool ou de substâncias psicoativas pelo pedestre";"Atropelamento de Pedestre";"Com Vítimas Feridas";"Plena Noite";"Decrescente";"Céu Claro";"Dupla";"Reta";"Sim";2;0;1;1;0;0;2;2;-16,131158;-47,957739;"SPRF-DF";"DEL01-DF";"UOP01-DEL01-DF"
332840;2021-01-06;"quarta-feira";"19:10:00";"PB";104;137,8;"QUEIMADAS";"Transitar na contramão";"Colisão frontal";"Com Vítimas Feridas";"Plena Noite";"Crescente";"Céu Claro";"Simples";"Reta";"Não";2;0;0;1;1;0;1;2;-7,352277;-35,90094;"SPRF-PB";"DEL02-PB";"UOP03-DEL02-PB"
332842;2021-01-06;"quarta-feira";"13:09:00";"MG";50;6;"ARAGUARI";"Condutor usando celular";"Saída de leito carroçável";"Com Vítimas Feridas";"Pleno dia";"Decrescente";"Céu Claro";"Dupla";"Curva";"Não";1;0;1;0;0;0;1;1;-18,47092796;-48,05101772;"SPRF-MG";"DEL15-MG";"UOP02-DEL15-MG"
332843;2021-01-06;"quarta-feira";"21:10:00";"PR";376;172;"MARINGA";"Desrespeitar a preferência no cruzamento";"Colisão transversal";"Com Vítimas Feridas";"Plena Noite";"Crescente";"Nublado";"Dupla";"Rotatória";"Sim";2;0;1;0;0;1;1;2;-23,4191001;-51,96816601;"SPRF-PR";"DEL09-PR";"UOP01-DEL09-PR"
332847;2021-01-06;"quarta-feira";"21:15:00";"PI";343;347;"TERESINA";"Deficiência do Sistema de Iluminação/Sinalização";"Colisão traseira";"Com Vítimas Feridas";"Plena Noite";"Crescente";"Céu Claro";"Simples";"Reta";"Sim";2;0;1;0;1;0;1;2;-5,114822;-42,778355;"SPRF-PI";"DEL01-PI";"UOP01-DEL01-PI"
332848;2021-01-06;"quarta-feira";"19:30:00";"PB";230;357;"PATOS";"Animais na Pista";"Atropelamento de Animal";"Com Vítimas Feridas";"Plena Noite";"Decrescente";"Céu Claro";"Simples";"Reta";"Não";2;0;2;0;0;0;2;1;-6,9216;-37,4362;"SPRF-PB";"DEL03-PB";"UOP02-DEL03-PB"