"id";"data_inversa";"dia_semana";"horario";"uf";"br";"km";"municipio";"causa_acidente";"tipo_acidente";"classificacao_acidente";"fase_dia";"sentido_via";"condicao_metereologica";"tipo_pista";"tracado_via";"uso_solo";"pessoas";"mortos";"feridos_leves";"feridos_graves";"ilesos";"ignorados";"feridos";"veiculos";"latitude";"longitude";"regional";"delegacia";"uop"
332854;2021-01-07;"quinta-feira";"01:00:00";"MG";381;633,9;"OLIVEIRA";"Velocidade Incompatível";"Saída de leito carroçável";"Com Vítimas Feridas";"Plena Noite";"Crescente";"Nublado";"Dupla";"Declive;Reta";"Não";4;0;1;3;0;0;4;1;-20,8514762;-44,8357151;"SPRF-MG";"DEL04-MG";"UOP01-DEL04-MG"
332855;2021-01-06;"quarta-feira";"21:40:00";"AM";319;800;"CANUTAMA";"Deficiência do Sistema de Iluminação/Sinalização";"Colisão traseira";"Com Vítimas Feridas";"Plena Noite";"Decrescente";"Céu Claro";"Simples";"Reta";"Não";2;0;1;0;1;0;1;2;-8,08185041;-63,61227214;"SPRF-RO";"DEL01-RO";"UOP01-DEL01-RO"
332857;2021-01-07;"quinta-feira";"02:55:00";"SC";101;215,4;"PALHOCA";"Reação tardia ou ineficiente do condutor";"Colisão com objeto";"Com Vítimas Feridas";"Plena Noite";"Decrescente";"Nublado";"Múltipla";"Viaduto";"Sim";3;0;1;2;0;0;3;1;-27,65184843;-48,67604941;"SPRF-SC";"DEL01-SC";"UOP02-DEL01-SC"
332859;2021-01-07;"quinta-feira";"04:30:00";"SP";116;219;"GUARULHOS";"Manobra de mudança de faixa";"Colisão com objeto";"Com Vítimas Feridas";"Amanhecer";"Crescente";"Nublado";"Dupla";"Reta";"Sim";1;0;1;0;0;0;1;1;-23,46143954;-46,48885316;"SPRF-SP";"DEL01-SP";"UOP01-DEL01-SP"
332860;2021-01-07;"quinta-feira";"03:35:00";"MG";381;507;"SAO JOAQUIM DE BICAS";"Reação tardia ou ineficiente do condutor";"Colisão com objeto";"Com Vítimas Feridas";"Plena Noite";"Decrescente";"Céu Claro";"Dupla";"Interseção de Vias";"Sim";2;0;1;0;1;0;1;1;-20,05643192;-44,28663308;"SPRF-MG";"DEL01-MG";"UOP03-DEL01-MG"
332861;2021-01-07;"quinta-feira";"05:20:00";"MG";381;914,9;"CAMANDUCAIA";"Retorno proibido";"Colisão transversal";"Com Vítimas Feridas";"Amanhecer";"Crescente";"Nublado";"Dupla";"Curva";"Não";2;0;0;1;1;0;1;2;-22,72726548;-46,13415599;"SPRF-MG";"DEL16-MG";"UOP03-DEL16-MG"
332862;2021-01-07;"quinta-feira";"05:00:00";"PR";476;158;"ARAUCARIA";"Reação tardia ou ineficiente do condutor";"Tombamento";"Com Vítimas Feridas";"Plena Noite";"Decrescente";"Céu Claro";"Dupla";"Curva";"Não";1;0;1;0;0;0;1;1;-25,613539;-49,424255;"SPRF-PR";"DEL01-PR";"UOP03-DEL01-PR"
332863;2021-01-06;"quarta-feira";"15:17:00";"RJ";40;67,3;"PETROPOLIS";"Avarias e/ou desgaste excessivo no pneu";"Colisão com objeto";"Com Vítimas Feridas";"Pleno dia";"Decrescente";"Chuva";"Dupla";"Curva";"Não";2;0;2;0;0;0;2;1;-22,43674775;-43,1756712;"SPRF-RJ";"DEL06-RJ";"UOP01-DEL06-RJ"
332864;2021-01-07;"quinta-feira";"06:20:00";"PR";476;146;"CURITIBA";"Demais falhas mecânicas ou elétricas";"Queda de ocupante de veículo";"Com Vítimas Feridas";"Pleno dia";"Decrescente";"Céu Claro";"Dupla";"Reta";"Sim";1;0;1;0;0;0;1;1;-25,551186;-49,330109;"SPRF-PR";"DEL01-PR";"UOP03-DEL01-PR"
332866;2021-01-07;"quinta-feira";"07:10:00";"SC";470;68;"INDAIAL";"Conversão proibida";"Colisão transversal";"Com Vítimas Feridas";"Pleno dia";"Decrescente";"Céu Claro";"Simples";"Reta";"Sim";2;0;1;0;1;0;1;2;-26,877615;-49,239231;"SPRF-SC";"DEL04-SC";"UOP01-DEL04-SC"
332867;2021-01-07;"quinta-feira";"06:20:00";"SC";101;214,6;"PALHOCA";"Ausência de reação do condutor";"Atropelamento de Pedestre";"Com Vítimas Fatais";"Amanhecer";"Decrescente";"Sol";"Múltipla";"Retorno Regulamentado;Interseção de Vias";"Sim";2;1;0;0;1;0;0;2;-27,64711543;-48,67223918;"SPRF-SC";"DEL01-SC";"UOP02-DEL01-SC"
332868;2021-01-07;"quinta-feira";"06:50:00";"ES";101;282;"CARIACICA";"Avarias e/ou desgaste excessivo no pneu";"Queda de ocupante de veículo";"Com Vítimas Feridas";"Amanhecer";"Decrescente";"Céu Claro";"Dupla";"Reta";"Não";2;0;2;0;0;0;2;1;-20,22694;-40,36458;"SPRF-ES";"DEL01-ES";"UOP01-DEL01-ES"
332869;2021-01-07;"quinta-feira";"05:20:00";"RS";285;579,9;"SAO LUIZ GONZAGA";"Ausência de reação do condutor";"Saída de leito carroçável";"Com Vítimas Feridas";"Amanhecer";"Crescente";"Céu Claro";"Simples";"Reta";"Não";1;0;0;1;0;0;1;1;-28,430254;-55,085625;"SPRF-RS";"DEL12-RS";"UOP01-DEL12-RS"
332870;2021-01-06;"quarta-feira";"21:00:00";"SC";280;80,8;"CORUPA";"Chuva";"Saída de leito carroçável";"Com Vítimas Feridas";"Plena Noite";"Decrescente";"Chuva";"Simples";"Reta";"Não";1;0;0;1;0;0;1;1;-26,44412189;-49,20975187;"SPRF-SC";"DEL06-SC";"UOP03-DEL06-SC"
332873;2021-01-07;"quinta-feira";"07:00:00";"GO";364;345;"MINEIROS";"Velocidade Incompatível";"Saída de leito carroçável";"Com Vítimas Feridas";"Amanhecer";"Decrescente";"Nublado";"Simples";"Reta";"Não";1;0;0;1;0;0;1;1;-17,386459;-52,859924;"SPRF-GO";"DEL05-GO";"UOP01-DEL05-GO"
332874;2021-01-07;"quinta-feira";"07:15:00";"CE";116;13;"FORTALEZA";"Condutor Dormindo";"Colisão com objeto";"Com Vítimas Feridas";"Pleno dia";"Crescente";"Nublado";"Múltipla";"Reta";"Sim";1;0;1;0;0;0;1;1;-3,86088501;-38,49715296;"SPRF-CE";"DEL01-CE";"UOP02-DEL01-CE"
332875;2021-01-07;"quinta-feira";"08:15:00";"RJ";101;48;"CAMPOS DOS GOYTACAZES";"Acessar a via sem observar a presença dos outros veículos";"Colisão transversal";"Sem Vítimas";"Pleno dia";"Decrescente";"Sol";"Simples";"Reta";"Sim";2;0;0;0;2;0;0;2;-21,61625895;-41,31535762;"SPRF-RJ";"DEL08-RJ";"UOP01-DEL08-RJ"
332876;2021-01-06;"quarta-feira";"12:17:00";"PR";277;11,2;"PARANAGUA";"Redutor de velocidade em desacordo";"Queda de ocupante de veículo";"Com Vítimas Feridas";"Pleno dia";"Decrescente";"Céu Claro";"Dupla";"Reta";"Não";1;0;1;0;0;0;1;1;-25,568198;-48,615292;"SPRF-PR";"DEL01-PR";"UOP05-DEL01-PR"
332877;2021-01-07;"quinta-feira";"07:30:00";"RS";290;80;"GRAVATAI";"Avarias e/ou desgaste excessivo no pneu";"Tombamento";"Com Vítimas Feridas";"Pleno dia";"Decrescente";"Céu Claro";"Dupla";"Reta";"Sim";1;0;1;0;0;0;1;1;-29,95343;-51,058449;"SPRF-RS";"DEL01-RS";"UOP01-DEL01-RS"
332878;2021-01-07;"quinta-feira";"08:30:00";"PR";476;127;"CURITIBA";"Velocidade Incompatível";"Capotamento";"Com Vítimas Feridas";"Pleno dia";"Decrescente";"Céu Claro";"Dupla";"Reta";"Sim";3;0;2;1;0;0;3;1;-25,425167;-49,227158;"SPRF-PR";"DEL01-PR";"UOP03-DEL01-PR"
332880;2021-01-07;"quinta-feira";"07:50:00";"SC";101;214;"PALHOCA";"Manobra de mudança de faixa";"Colisão lateral mesmo sentido";"Com Vítimas Feridas";"Pleno dia";"Decrescente";"Sol";"Dupla";"Reta";"Sim";2;0;1;0;1;0;1;2;-27,64443;-48,67057;"SPRF-SC";"DEL01-SC";"UOP02-DEL01-SC"
332881;2021-01-07;"quinta-feira";"09:05:00";"PR";476;127;"CURITIBA";"Manobra de mudança de faixa";"Colisão lateral";"Com Vítimas Feridas";"Pleno dia";"Crescente";"Sol";"Múltipla";"Viaduto;Reta";"Não";3;0;2;0;1;0;2;2;-25,425167;-49,227158;"SPRF-PR";"DEL01-PR";"UOP03-DEL01-PR"
332885;2021-01-07;"quinta-feira";"09:40:00";"DF";70;15;"BRASILIA";"Animais na Pista";"Atropelamento de Animal";"Com Vítimas Feridas";"Pleno dia";"Decrescente";"Céu Claro";"Dupla";"Reta";"Sim";3;0;1;0;2;0;1;2;-15,79725;-48,191437;"SPRF-DF";"DEL03-DF";"UOP02-DEL03-DF"
332888;2021-01-07;"quinta-feira";"09:00:00";"SC";470;140;"RIO DO SUL";"Desrespeitar a preferência no cruzamento";"Colisão transversal";"Com Vítimas Feridas";"Pleno dia";"Crescente";"Sol";"Simples";"Retorno Regulamentado";"Não";2;0;1;0;1;0;1;2;-27,222485;-49,662827;"SPRF-SC";"DEL04-SC";"UOP02-DEL04-SC"
332890;2021-01-07;"quinta-feira";"07:30:00";"RS";472;447;"ITAQUI";"Velocidade Incompatível";"Saída de leito carroçável";"Com Vítimas Feridas";"Pleno dia";"Decrescente";"Céu Claro";"Simples";"Reta";"Não";1;0;0;1;0;0;1;1;-28,99469603;-56,17034597;"SPRF-RS";"DEL12-RS";"UOP01-DEL12-RS"
332892;2021-01-07;"quinta-feira";"10:10:00";"PR";376;176,3;"MARINGA";"Condutor deixou de manter distância do veículo da frente";"Colisão traseira";"Com Vítimas Feridas";"Pleno dia";"Crescente";"Chuva";"Dupla";"Interseção de Vias";"Sim";2;0;1;0;0;1;1;2;-23,41269173;-51,93158327;"SPRF-PR";"DEL09-PR";"UOP01-DEL09-PR"
332893;2021-01-07;"quinta-feira";"09:00:00";"RO";364;346;"JI-PARANA";"Ingestão de álcool pelo condutor";"Colisão lateral mesmo sentido";"Com Vítimas Feridas";"Pleno dia";"Crescente";"Sol";"Dupla";"Reta";"Sim";4;0;1;1;2;0;2;2;-10,86627641;-61,96797609;"SPRF-RO";"DEL02-RO";"UOP01-DEL02-RO"
332895;2021-01-07;"quinta-feira";"10:00:00";"CE";304;50,1;"ARACATI";"Acessar a via sem observar a presença dos outros veículos";"Colisão traseira";"Com Vítimas Feridas";"Pleno dia";"Crescente";"Céu Claro";"Simples";"Reta";"Sim";5;0;1;0;4;0;1;2;-4,57352926;-37,76245988;"SPRF-CE";"DEL03-CE";"UOP03-DEL03-CE"
332896;2021-01-07;"quinta-feira";"09:40:00";"PE";101;96,7;"CABO DE SANTO AGOSTINHO";"Manobra de mudança de faixa";"Colisão traseira";"Sem Vítimas";"Pleno dia";"Crescente";"Céu Claro";"Dupla";"Reta";"Sim";2;0;0;0;2;0;0;2;-8,25146993;-35,021805;"SPRF-PE";"DEL01-PE";"UOP03-DEL01-PE"
332900;2021-01-07;"quinta-feira";"11:00:00";"PB";101;48,3;"RIO TINTO";"Demais falhas mecânicas ou elétricas";"Saída de leito carroçável";"Com Vítimas Fatais";"Pleno dia";"Decrescente";"Céu Claro";"Dupla";"Reta";"Não";1;1;0;0;0;0;0;1;-6,90679485;-35,11705672;"SPRF-PB";"DEL01-PB";"UOP04-DEL01-PB"
332906;2021-01-07;"quinta-feira";"11:30:00";"RS";386;318,2;"MARQUES DE SOUZA";"Velocidade Incompatível";"Saída de leito carroçável";"Com Vítimas Feridas";"Pleno dia";"Crescente";"Nublado";"Simples";"Curva;Aclive";"Não";1;0;1;0;0;0;1;1;-29,26820623;-52,14274406;"SPRF-RS";"DEL04-RS";"UOP01-DEL04-RS"
332911;2021-01-07;"quinta-feira";"12:00:00";"ES";101;298,7;"VIANA";"Acessar a via sem observar a presença dos outros veículos";"Colisão transversal";"Com Vítimas Feridas";"Pleno dia";"Decrescente";"Céu Claro";"Múltipla";"Retorno Regulamentado";"Sim";2;0;0;2;0;0;2;2;-20,35374444;-40,4156433;"SPRF-ES";"DEL01-ES";"UOP01-DEL01-ES"
332914;2021-01-07;"quinta-feira";"11:15:00";"RO";364;706;"PORTO VELHO";"Manobra de mudança de faixa";"Colisão traseira";"Com Vítimas Feridas";"Pleno dia";"Decrescente";"Nublado";"Dupla";"Reta";"Não";3;0;2;0;1;0;2;2;-8,80030539;-63,823428;"SPRF-RO";"DEL01-RO";"UOP01-DEL01-RO"
332916;2021-01-07;"quinta-feira";"11:20:00";"GO";60;102,8;"ANAPOLIS";"Chuva";"Colisão traseira";"Com Vítimas Fatais";"Pleno dia";"Decrescente";"Chuva";"Dupla";"Curva";"Não";3;1;1;1;0;0;2;2;-16,408892;-48,988484;"SPRF-GO";"DEL02-GO";"UOP01-DEL02-GO"
332918;2021-01-07;"quinta-feira";"12:20:00";"MG";40;738,6;"SANTOS DUMONT";"Velocidade Incompatível";"Saída de leito carroçável";"Com Vítimas Feridas";"Pleno dia";"Decrescente";"Nublado";"Dupla";"Curva";"Sim";4;0;0;2;2;0;2;2;-21,38880304;-43,56910622;"SPRF-MG";"DEL05-MG";"UOP01-DEL05-MG"
332919;2021-01-07;"quinta-feira";"11:35:00";"RS";116;486;"TURUCU";"Acesso irregular";"Tombamento";"Com Vítimas Feridas";"Pleno dia";"Crescente";"Céu Claro";"Simples";"Reta";"Não";1;0;1;0;0;0;1;1;-31,43719298;-52,19160503;"SPRF-RS";"DEL07-RS";"UOP01-DEL07-RS"
332920;2021-01-07;"quinta-feira";"12:45:00";"RS";290;724;"URUGUAIANA";"Desrespeitar a preferência no cruzamento";"Colisão transversal";"Com Vítimas Feridas";"Pleno dia";"Decrescente";"Sol";"Simples";"Interseção de Vias";"Sim";3;0;1;0;2;0;1;2;-29,74815207;-57,07843781;"SPRF-RS";"DEL13-RS";"UOP01-DEL13-RS"
332921;2021-01-07;"quinta-feira";"12:40:00";"SP";381;69;"MAIRIPORA";"Velocidade Incompatível";"Colisão com objeto";"Com Vítimas Feridas";"Pleno dia";"Decrescente";"Céu Claro";"Dupla";"Declive";"Não";3;0;3;0;0;0;3;1;-23,34553108;-46,56787903;"SPRF-SP";"DEL03-SP";"UOP01-DEL03-SP"
332922;2021-01-07;"quinta-feira";"13:00:00";"MG";381;922;"CAMANDUCAIA";"Chuva";"Saída de leito carroçável";"Com Vítimas Feridas";"Pleno dia";"Decrescente";"Chuva";"Dupla";"Curva";"Não";1;0;1;0;0;0;1;1;-22,76707833;-46,21789606;"SPRF-MG";"DEL16-MG";"UOP03-DEL16-MG"
332923;2021-01-07;"quinta-feira";"12:30:00";"BA";116;7;"FEIRA DE SANTANA";"Acessar a via sem observar a presença dos outros veículos";"Colisão lateral";"Com Vítimas Feridas";"Pleno dia";"Crescente";"Céu Claro";"Dupla";"Rotatória";"Sim";2;0;0;1;0;1;1;2;-12,26935937;-38,98822725;"SPRF-PE";"DEL05-PE";"UOP03-DEL05-PE"
332924;2021-01-07;"quinta-feira";"09:30:00";"MT";364;270;"JACIARA";"Condutor deixou de manter distância do veículo da frente";"Colisão traseira";"Com Vítimas Feridas";"Pleno dia";"Crescente";"Sol";"Dupla";"Reta";"Sim";3;0;1;0;2;0;1;3;-15,9689785;-54,94463002;"SPRF-MT";"DEL02-MT";"UOP01-DEL02-MT"
332925;2021-01-07;"quinta-feira";"13:00:00";"MG";40;505;"RIBEIRAO DAS NEVES";"Avarias e/ou desgaste excessivo no pneu";"Queda de ocupante de veículo";"Com Vítimas Feridas";"Pleno dia";"Decrescente";"Céu Claro";"Dupla";"Reta";"Não";1;0;0;1;0;0;1;1;-19,73838088;-44,14935661;"SPRF-MG";"DEL02-MG";"UOP01-DEL02-MG"
332927;2021-01-07;"quinta-feira";"13:05:00";"BA";116;371,1;"SERRINHA";"Acessar a via sem observar a presença dos outros veículos";"Colisão transversal";"Com Vítimas Feridas";"Pleno dia";"Decrescente";"Sol";"Simples";"Reta";"Não";2;0;0;1;1;0;1;2;-11,770267;-38,985825;"SPRF-BA";"DEL02-BA";"UOP01-DEL02-BA"
332930;2021-01-07;"quinta-feira";"12:45:00";"PR";376;108,8;"PARANAVAI";"Acumulo de água sobre o pavimento";"Colisão com objeto";"Com Vítimas Feridas";"Pleno dia";"Crescente";"Chuva";"Dupla";"Reta";"Sim";3;0;1;0;2;0;1;1;-23,07492893;-52,41720594;"SPRF-PR";"DEL09-PR";"UOP02-DEL09-PR"
332933;2021-01-07;"quinta-feira";"11:45:00";"MG";116;411;"GOVERNADOR VALADARES";"Acessar a via sem observar a presença dos outros veículos";"Colisão lateral mesmo sentido";"Com Vítimas Feridas";"Pleno dia";"Crescente";"Sol";"Dupla";"Retorno Regulamentado";"Sim";2;0;1;0;1;0;1;2;-18,8607778;-41,97451115;"SPRF-MG";"DEL06-MG";"UOP01-DEL06-MG"
332934;2021-01-07;"quinta-feira";"14:00:00";"RS";472;156,4;"SANTA ROSA";"Desrespeitar a preferência no cruzamento";"Colisão transversal";"Com Vítimas Fatais";"Pleno dia";"Crescente";"Céu Claro";"Simples";"Interseção de Vias";"Sim";6;3;1;1;1;0;2;2;-27,84167731;-54,43490289;"SPRF-RS";"DEL10-RS";"UOP01-DEL10-RS"
332936;2021-01-07;"quinta-feira";"13:30:00";"ES";101;376,4;"ICONHA";"Conversão proibida";"Colisão transversal";"Com Vítimas Feridas";"Pleno dia";"Decrescente";"Céu Claro";"Simples";"Curva";"Sim";4;0;0;2;2;0;2;2;-20,79013351;-40,80343867;"SPRF-ES";"DEL03-ES";"UOP01-DEL03-ES"
332939;2021-01-07;"quinta-feira";"15:35:00";"SC";101;62;"ARAQUARI";"Velocidade Incompatível";"Saída de leito carroçável";"Com Vítimas Feridas";"Pleno dia";"Crescente";"Nublado";"Dupla";"Curva";"Não";1;0;1;0;0;0;1;1;-26,45504246;-48,76711901;"SPRF-SC";"DEL03-SC";"UOP02-DEL03-SC"
332940;2021-01-07;"quinta-feira";"14:50:00";"GO";40;112,3;"CRISTALINA";"Avarias e/ou desgaste excessivo no pneu";"Saída de leito carroçável";"Sem Vítimas";"Pleno dia";"Crescente";"Chuva";"Dupla";"Curva";"Não";1;0;0;0;1;0;0;1;-16,849699;-47,492645;"SPRF-DF";"DEL01-DF";"UOP02-DEL01-DF"
332941;2021-01-07;"quinta-feira";"15:10:00";"GO";60;195,5;"GUAPO";"Demais falhas mecânicas ou elétricas";"Incêndio";"Sem Vítimas";"Pleno dia";"Crescente";"Sol";"Dupla";"Reta";"Não";1;0;0;0;1;0;0;1;-16,8523;-49,5775;"SPRF-GO";"DEL01-GO";"UOP02-DEL01-GO"
332946;2021-01-07;"quinta-feira";"15:50:00";"SP";381;84;"SAO PAULO";"Acessar a via sem observar a presença dos outros veículos";"Atropelamento de Pedestre";"Com Vítimas Fatais";"Pleno dia";"Crescente";"Nublado";"Dupla";"Reta";"Sim";2;1;0;0;1;0;0;2;-23,43937;-46,56807;"SPRF-SP";"DEL03-SP";"UOP01-DEL03-SP"
332949;2021-01-07;"quinta-feira";"14:00:00";"MA";316;555,7;"CAXIAS";"Transitar na contramão";"Colisão frontal";"Com Vítimas Fatais";"Pleno dia";"Crescente";"Céu Claro";"Simples";"Curva";"Não";2;1;0;0;1;0;0;2;-4,871665;-43,322151;"SPRF-MA";"DEL03-MA";"UOP02-DEL03-MA"
332953;2021-01-07;"quinta-feira";"14:50:00";"PR";277;660;"MATELANDIA";"Velocidade Incompatível";"Tombamento";"Com Vítimas Feridas";"Pleno dia";"Decrescente";"Nublado";"Dupla";"Curva";"Não";1;0;0;1;0;0;1;1;-25,25136237;-53,99027796;"SPRF-PR";"DEL05-PR";"UOP02-DEL05-PR"
332954;2021-01-07;"quinta-feira";"16:00:00";"SP";116;124,6;"CACAPAVA";"Reação tardia ou ineficiente do condutor";"Colisão com objeto";"Com Vítimas Feridas";"Pleno dia";"Decrescente";"Céu Claro";"Simples";"Reta";"Não";1;0;1;0;0;0;1;1;-23,093116;-45,677904;"SPRF-SP";"DEL06-SP";"UOP01-DEL06-SP"
332956;2021-01-07;"quinta-feira";"16:15:00";"SC";101;45,2;"JOINVILLE";"Ausência de reação do condutor";"Colisão traseira";"Com Vítimas Feridas";"Pleno dia";"Crescente";"Nublado";"Dupla";"Reta";"Sim";2;0;0;1;1;0;1;2;-26,32214492;-48,8689509;"SPRF-SC";"DEL03-SC";"UOP01-DEL03-SC"
332957;2021-01-07;"quinta-feira";"16:00:00";"RJ";116;304;"RESENDE";"Pista Escorregadia";"Queda de ocupante de veículo";"Com Vítimas Feridas";"Pleno dia";"Crescente";"Chuva";"Múltipla";"Declive;Reta;Viaduto";"Sim";1;0;0;1;0;0;1;1;-22,4550412;-44,38649998;"SPRF-RJ";"DEL07-RJ";"UOP02-DEL07-RJ"
332958;2021-01-07;"quinta-feira";"16:50:00";"PR";369;187,4;"ARAPONGAS";"Ultrapassagem Indevida";"Colisão transversal";"Com Vítimas Feridas";"Pleno dia";"Decrescente";"Céu Claro";"Simples";"Reta";"Sim";2;0;1;0;1;0;1;2;-23,427159;-51,423205;"SPRF-PR";"DEL07-PR";"UOP03-DEL07-PR"
332960;2021-01-07;"quinta-feira";"16:50:00";"PA";316;52;"CASTANHAL";"Avarias e/ou desgaste excessivo no pneu";"Tombamento";"Com Vítimas Feridas";"Pleno dia";"Crescente";"Céu Claro";"Dupla";"Reta";"Não";1;0;0;1;0;0;1;1;-1,30732485;-48,02586802;"SPRF-PA";"DEL01-PA";"UOP01-DEL01-PA"
332964;2021-01-07;"quinta-feira";"17:00:00";"RS";386;357;"ESTRELA";"Velocidade Incompatível";"Saída de leito carroçável";"Com Vítimas Feridas";"Pleno dia";"Decrescente";"Chuva";"Dupla";"Reta";"Não";1;0;1;0;0;0;1;1;-29,5284243;-51,9366892;"SPRF-RS";"DEL04-RS";"UOP02-DEL04-RS"
332965;2021-01-07;"quinta-feira";"17:25:00";"PR";476;125;"CURITIBA";"Ausência de reação do condutor";"Colisão lateral mesmo sentido";"Com Vítimas Feridas";"Pleno dia";"Decrescente";"Céu Claro";"Dupla";"Reta";"Não";3;0;2;0;1;0;2;2;-25,4083;-49,219658;"SPRF-PR";"DEL01-PR";"UOP03-DEL01-PR"
332967;2021-01-07;"quinta-feira";"14:20:00";"PI";343;80;"BURITI DOS LOPES";"Acumulo de água sobre o pavimento";"Saída de leito carroçável";"Sem Vítimas";"Pleno dia";"Crescente";"Chuva";"Simples";"Reta";"Não";1;0;0;0;1;0;0;1;-3,407241;-41,737747;"SPRF-PI";"DEL05-PI";"UOP01-DEL05-PI"
332968;2021-01-07;"quinta-feira";"17:15:00";"SP";116;142,5;"SAO JOSE DOS CAMPOS";"Condutor deixou de manter distância do veículo da frente";"Colisão traseira";"Com Vítimas Feridas";"Pleno dia";"Decrescente";"Sol";"Dupla";"Reta";"Não";5;0;1;0;4;0;1;5;-23,17426078;-45,82940111;"SPRF-SP";"DEL06-SP";"UOP01-DEL06-SP"
332971;2021-01-07;"quinta-feira";"17:30:00";"PI";343;248;"CAMPO MAIOR";"Velocidade Incompatível";"Saída de leito carroçável";"Com Vítimas Feridas";"Anoitecer";"Decrescente";"Chuva";"Simples";"Curva";"Não";1;0;1;0;0;0;1;1;-4,712381;-42,090855;"SPRF-PI";"DEL01-PI";"UOP03-DEL01-PI"
332972;2021-01-07;"quinta-feira";"17:40:00";"SC";280;129,1;"RIO NEGRINHO";"Pedestre cruzava a pista fora da faixa";"Atropelamento de Pedestre";"Com Vítimas Feridas";"Pleno dia";"Crescente";"Céu Claro";"Simples";"Aclive;Reta";"Sim";2;0;2;0;0;0;2;2;-26,24586437;-49,52284615;"SPRF-SC";"DEL06-SC";"UOP03-DEL06-SC"
332974;2021-01-07;"quinta-feira";"17:45:00";"SC";101;336,8;"TUBARAO";"Condutor Dormindo";"Saída de leito carroçável";"Com Vítimas Feridas";"Pleno dia";"Crescente";"Chuva";"Dupla";"Aclive";"Sim";1;0;1;0;0;0;1;1;-28,48636795;-49,03769888;"SPRF-SC";"DEL02-SC";"UOP01-DEL02-SC"
332976;2021-01-07;"quinta-feira";"18:00:00";"RJ";101;484;"ANGRA DOS REIS";"Conversão proibida";"Colisão transversal";"Com Vítimas Feridas";"Anoitecer";"Crescente";"Céu Claro";"Dupla";"Curva";"Sim";2;0;1;0;1;0;1;2;-22,99096308;-44,30429882;"SPRF-RJ";"DEL03-RJ";"UOP03-DEL03-RJ"
332977;2021-01-07;"quinta-feira";"17:45:00";"PR";369;165,4;"CAMBE";"Condutor deixou de manter distância do veículo da frente";"Engavetamento";"Com Vítimas Feridas";"Anoitecer";"Crescente";"Céu Claro";"Dupla";"Reta";"Sim";5;0;1;0;3;1;1;4;-23,295122;-51,299023;"SPRF-PR";"DEL07-PR";"UOP01-DEL07-PR"
332980;2021-01-07;"quinta-feira";"18:20:00";"RS";386;42,5;"SEBERI";"Acessar a via sem observar a presença dos outros veículos";"Colisão transversal";"Com Vítimas Feridas";"Pleno dia";"Crescente";"Nublado";"Simples";"Reta";"Sim";2;0;0;1;1;0;1;2;-27,430225;-53,420662;"SPRF-RS";"DEL08-RS";"UOP02-DEL08-RS"
332981;2021-01-07;"quinta-feira";"17:00:00";"MT";364;435;"VARZEA GRANDE";"Reação tardia ou ineficiente do condutor";"Atropelamento de Pedestre";"Com Vítimas Feridas";"Anoitecer";"Crescente";"Céu Claro";"Simples";"Reta";"Sim";2;0;1;0;1;0;1;2;-15,64127781;-56,13085281;"SPRF-MT";"DEL01-MT";"UOP02-DEL01-MT"
332984;2021-01-07;"quinta-feira";"15:30:00";"PR";369;180;"ARAPONGAS";"Reação tardia ou ineficiente do condutor";"Atropelamento de Pedestre";"Com Vítimas Feridas";"Pleno dia";"Decrescente";"Céu Claro";"Dupla";"Reta";"Sim";2;0;0;1;1;0;1;2;-23,3702;-51,4089;"SPRF-PR";"DEL07-PR";"UOP03-DEL07-PR"
332985;2021-01-07;"quinta-feira";"17:55:00";"SC";163;70,9;"SAO MIGUEL DO OESTE";"Acessar a via sem observar a presença dos outros veículos";"Colisão transversal";"Com Vítimas Feridas";"Pleno dia";"Crescente";"Nublado";"Simples";"Reta;Interseção de Vias";"Sim";2;0;1;0;1;0;1;2;-26,72872742;-53,51215124;"SPRF-SC";"DEL07-SC";"UOP03-DEL07-SC"
332986;2021-01-07;"quinta-feira";"15:40:00";"MT";364;548;"ROSARIO OESTE";"Avarias e/ou desgaste excessivo no pneu";"Saída de leito carroçável";"Com Vítimas Feridas";"Pleno dia";"Decrescente";"Céu Claro";"Dupla";"Reta";"Não";2;0;1;0;1;0;1;1;-14,86197218;-56,45603069;"SPRF-MT";"DEL01-MT";"UOP01-DEL01-MT"
332987;2021-01-07;"quinta-feira";"18:15:00";"CE";116;6;"FORTALEZA";"Condutor deixou de manter distância do veículo da frente";"Colisão traseira";"Com Vítimas Feridas";"Plena Noite";"Crescente";"Céu Claro";"Dupla";"Reta";"Sim";2;0;1;0;1;0;1;2;-3,802624;-38,50400499;"SPRF-CE";"DEL01-CE";"UOP02-DEL01-CE"
332988;2021-01-07;"quinta-feira";"16:05:00";"AC";364;138;"RIO BRANCO";"Desrespeitar a preferência no cruzamento";"Colisão lateral";"Com Vítimas Feridas";"Pleno dia";"Crescente";"Nublado";"Dupla";"Rotatória";"Sim";2;0;1;0;1;0;1;2;-9,96112502;-67,85646604;"SPRF-AC";"DEL01-AC";"UOP01-DEL01-AC"
332989;2021-01-07;"quinta-feira";"19:25:00";"ES";101;266,4;"SERRA";"Condutor desrespeitou a iluminação vermelha do semáforo";"Colisão transversal";"Com Vítimas Feridas";"Plena Noite";"Decrescente";"Céu Claro";"Múltipla";"Interseção de Vias";"Sim";3;0;2;0;1;0;2;2;-20,190199;-40,26828891;"SPRF-ES";"DEL02-ES";"UOP01-DEL02-ES"