"id";"data_inversa";"dia_semana";"horario";"uf";"br";"km";"municipio";"causa_acidente";"tipo_acidente";"classificacao_acidente";"fase_dia";"sentido_via";"condicao_metereologica";"tipo_pista";"tracado_via";"uso_solo";"pessoas";"mortos";"feridos_leves";"feridos_graves";"ilesos";"ignorados";"feridos";"veiculos";"latitude";"longitude";"regional";"delegacia";"uop"
332990;2021-01-07;"quinta-feira";"17:40:00";"GO";60;48;"ALEXANIA";"Velocidade Incompatível";"Capotamento";"Com Vítimas Feridas";"Anoitecer";"Crescente";"Céu Claro";"Múltipla";"Aclive";"Não";2;0;1;1;0;0;2;1;-16,1529;-48,6109;"SPRF-GO";"DEL02-GO";"UOP01-DEL02-GO"
332991;2021-01-07;"quinta-feira";"19:40:00";"ES";101;293,9;"CARIACICA";"Velocidade Incompatível";"Capotamento";"Com Vítimas Feridas";"Plena Noite";"Crescente";"Céu Claro";"Múltipla";"Em Obras";"Sim";4;0;3;1;0;0;4;1;-20,31890252;-40,39633155;"SPRF-ES";"DEL01-ES";"UOP01-DEL01-ES"
332992;2021-01-07;"quinta-feira";"19:10:00";"ES";101;270;"SERRA";"Velocidade Incompatível";"Colisão com objeto";"Com Vítimas Feridas";"Plena Noite";"Crescente";"Céu Claro";"Múltipla";"Reta";"Sim";1;0;1;0;0;0;1;1;-20,22662056;-40,27075088;"SPRF-ES";"DEL02-ES";"UOP01-DEL02-ES"
332993;2021-01-07;"quinta-feira";"16:35:00";"MG";381;158,9;"GOVERNADOR VALADARES";"Acesso irregular";"Colisão transversal";"Com Vítimas Feridas";"Pleno dia";"Crescente";"Nublado";"Simples";"Curva";"Não";3;0;1;0;2;0;1;2;-18,91795246;-42,01337465;"SPRF-MG";"DEL06-MG";"UOP01-DEL06-MG"
332994;2021-01-07;"quinta-feira";"19:20:00";"BA";324;572;"SAO SEBASTIAO DO PASSE";"Avarias e/ou desgaste excessivo no pneu";"Tombamento";"Com Vítimas Feridas";"Plena Noite";"Crescente";"Céu Claro";"Dupla";"Reta";"Não";2;0;1;0;1;0;1;1;-12,55680911;-38,56690209;"SPRF-BA";"DEL01-BA";"UOP01-DEL01-BA"
332996;2021-01-07;"quinta-feira";"20:00:00";"PR";272;436;"GOIOERE";"Deficiência do Sistema de Iluminação/Sinalização";"Colisão traseira";"Com Vítimas Fatais";"Plena Noite";"Crescente";"Céu Claro";"Simples";"Reta";"Não";3;1;0;1;1;0;1;3;-24,19337809;-53,02812686;"SPRF-PR";"DEL09-PR";"UOP03-DEL09-PR"
332998;2021-01-07;"quinta-feira";"17:10:00";"PR";277;488,2;"NOVA LARANJEIRAS";"Avarias e/ou desgaste excessivo no pneu";"Saída de leito carroçável";"Com Vítimas Feridas";"Pleno dia";"Crescente";"Chuva";"Simples";"Curva";"Não";2;0;1;0;1;0;1;1;-25,24942715;-52,6289131;"SPRF-PR";"DEL04-PR";"UOP02-DEL04-PR"
332999;2021-01-07;"quinta-feira";"20:00:00";"RJ";393;106;"SAPUCAIA";"Pedestre andava na pista";"Atropelamento de Pedestre";"Sem Vítimas";"Plena Noite";"Decrescente";"Céu Claro";"Simples";"Reta";"Sim";1;0;0;0;1;0;0;1;-21,87764485;-42,67025797;"SPRF-RJ";"DEL05-RJ";"UOP01-DEL05-RJ"
333000;2021-01-07;"quinta-feira";"17:55:00";"RS";470;11,5;"BARRACAO";"Ausência de reação do condutor";"Saída de leito carroçável";"Com Vítimas Feridas";"Pleno dia";"Crescente";"Sol";"Simples";"Reta";"Sim";1;0;1;0;0;0;1;1;-27,67513708;-51,45475924;"SPRF-RS";"DEL08-RS";"UOP05-DEL08-RS"
333001;2021-01-07;"quinta-feira";"20:00:00";"MG";40;522;"CONTAGEM";"Ausência de reação do condutor";"Engavetamento";"Sem Vítimas";"Plena Noite";"Decrescente";"Chuva";"Dupla";"Reta";"Não";3;0;0;0;3;0;0;3;-19,8638731;-44,06749809;"SPRF-MG";"DEL01-MG";"UOP02-DEL01-MG"
333004;2021-01-07;"quinta-feira";"20:00:00";"MT";163;831;"SINOP";"Acessar a via sem observar a presença dos outros veículos";"Colisão transversal";"Com Vítimas Feridas";"Plena Noite";"Crescente";"Céu Claro";"Dupla";"Retorno Regulamentado";"Sim";2;0;1;0;0;1;1;2;-12,022768;-55,51723;"SPRF-MT";"DEL06-MT";"UOP01-DEL06-MT"
333006;2021-01-07;"quinta-feira";"17:20:00";"BA";116;376,5;"SANTA BARBARA";"Reação tardia ou ineficiente do condutor";"Capotamento";"Com Vítimas Feridas";"Anoitecer";"Crescente";"Céu Claro";"Simples";"Reta";"Não";4;0;3;1;0;0;4;1;-11,81436489;-38,97845964;"SPRF-BA";"DEL02-BA";"UOP01-DEL02-BA"
333007;2021-01-07;"quinta-feira";"18:50:00";"RO";364;342;"JI-PARANA";"Ingestão de álcool pelo condutor";"Colisão lateral";"Com Vítimas Feridas";"Plena Noite";"Crescente";"Céu Claro";"Dupla";"Ponte";"Sim";3;0;1;0;2;0;1;2;-10,88381227;-61,93741416;"SPRF-RO";"DEL02-RO";"UOP01-DEL02-RO"
333008;2021-01-07;"quinta-feira";"21:10:00";"PB";230;335,3;"PATOS";"Área urbana sem a presença de local apropriado para a travessia de pedestres";"Atropelamento de Pedestre";"Com Vítimas Fatais";"Plena Noite";"Crescente";"Céu Claro";"Simples";"Reta";"Não";3;1;0;0;0;2;0;2;-7,0128;-37,2644;"SPRF-PB";"DEL03-PB";"UOP01-DEL03-PB"
333009;2021-01-07;"quinta-feira";"18:00:00";"MG";50;189,9;"UBERABA";"Velocidade Incompatível";"Saída de leito carroçável";"Sem Vítimas";"Anoitecer";"Crescente";"Chuva";"Dupla";"Viaduto";"Não";1;0;0;0;1;0;0;1;-19,85349943;-47,87170708;"SPRF-MG";"DEL13-MG";"UOP01-DEL13-MG"
333010;2021-01-07;"quinta-feira";"21:35:00";"SC";101;273;"IMBITUBA";"Transitar na contramão";"Colisão frontal";"Com Vítimas Feridas";"Plena Noite";"Decrescente";"Céu Claro";"Dupla";"Reta";"Não";5;0;1;4;0;0;5;2;-28,12382408;-48,69625015;"SPRF-SC";"DEL02-SC";"UOP03-DEL02-SC"
333012;2021-01-07;"quinta-feira";"19:20:00";"PB";230;163,2;"CAMPINA GRANDE";"Acessar a via sem observar a presença dos outros veículos";"Colisão transversal";"Com Vítimas Feridas";"Plena Noite";"Decrescente";"Céu Claro";"Simples";"Reta";"Sim";2;0;1;0;1;0;1;2;-7,2198;-35,9443;"SPRF-PB";"DEL02-PB";"UOP01-DEL02-PB"
333013;2021-01-07;"quinta-feira";"21:40:00";"SC";282;5,5;"SAO JOSE";"Frear bruscamente";"Colisão lateral";"Com Vítimas Feridas";"Plena Noite";"Decrescente";"Nublado";"Dupla";"Reta";"Sim";2;0;1;0;1;0;1;2;-27,588425;-48,612919;"SPRF-SC";"DEL01-SC";"UOP01-DEL01-SC"
333014;2021-01-07;"quinta-feira";"21:00:00";"SC";101;113,7;"ITAJAI";"Manobra de mudança de faixa";"Colisão lateral mesmo sentido";"Com Vítimas Feridas";"Plena Noite";"Decrescente";"Chuva";"Múltipla";"Curva";"Não";2;0;1;0;1;0;1;2;-26,85311393;-48,72689927;"SPRF-SC";"DEL04-SC";"UOP04-DEL04-SC"
333015;2021-01-07;"quinta-feira";"22:00:00";"MG";40;521;"CONTAGEM";"Chuva";"Atropelamento de Pedestre";"Com Vítimas Feridas";"Plena Noite";"Crescente";"Chuva";"Dupla";"Reta";"Não";3;0;2;1;0;0;3;2;-19,85651501;-44,07213222;"SPRF-MG";"DEL01-MG";"UOP02-DEL01-MG"
333017;2021-01-07;"quinta-feira";"21:38:00";"PB";230;24,2;"JOAO PESSOA";"Entrada inopinada do pedestre";"Atropelamento de Pedestre";"Com Vítimas Fatais";"Plena Noite";"Crescente";"Céu Claro";"Dupla";"Curva";"Sim";3;1;0;0;1;1;0;3;-7,1637;-34,8618;"SPRF-PB";"DEL01-PB";"UOP01-DEL01-PB"
333018;2021-01-07;"quinta-feira";"17:33:00";"MG";381;548,4;"RIO MANSO";"Velocidade Incompatível";"Saída de leito carroçável";"Com Vítimas Feridas";"Anoitecer";"Crescente";"Chuva";"Dupla";"Curva;Declive";"Não";2;0;2;0;0;0;2;1;-20,286459;-44,435294;"SPRF-MG";"DEL04-MG";"UOP03-DEL04-MG"
333020;2021-01-07;"quinta-feira";"22:25:00";"MG";381;479;"CONTAGEM";"Velocidade Incompatível";"Tombamento";"Com Vítimas Feridas";"Plena Noite";"Decrescente";"Chuva";"Múltipla";"Curva;Declive";"Sim";1;0;0;1;0;0;1;1;-19,96423303;-44,04642105;"SPRF-MG";"DEL01-MG";"UOP03-DEL01-MG"
333022;2021-01-07;"quinta-feira";"21:45:00";"MG";381;479,3;"CONTAGEM";"Avarias e/ou desgaste excessivo no pneu";"Colisão com objeto";"Com Vítimas Feridas";"Plena Noite";"Decrescente";"Chuva";"Múltipla";"Declive;Curva";"Sim";2;0;2;0;0;0;2;1;-19,95889605;-44,069202;"SPRF-MG";"DEL01-MG";"UOP03-DEL01-MG"
333023;2021-01-07;"quinta-feira";"23:10:00";"RS";116;263,5;"CANOAS";"Ingestão de álcool e/ou substâncias psicoativas pelo pedestre";"Colisão transversal";"Com Vítimas Feridas";"Plena Noite";"Decrescente";"Céu Claro";"Múltipla";"Reta";"Sim";3;0;1;0;1;1;1;3;-29,90545398;-51,17674031;"SPRF-RS";"DEL01-RS";"UOP01-DEL01-RS"
333024;2021-01-07;"quinta-feira";"22:35:00";"SC";101;131,1;"BALNEARIO CAMBORIU";"Manobra de mudança de faixa";"Colisão traseira";"Com Vítimas Feridas";"Plena Noite";"Decrescente";"Céu Claro";"Dupla";"Reta";"Sim";2;0;1;0;1;0;1;2;-26,99064209;-48,66310912;"SPRF-SC";"DEL04-SC";"UOP03-DEL04-SC"
333028;2021-01-07;"quinta-feira";"22:00:00";"SC";280;75;"JARAGUA DO SUL";"Reação tardia ou ineficiente do condutor";"Colisão lateral sentido oposto";"Sem Vítimas";"Plena Noite";"Crescente";"Nublado";"Simples";"Reta";"Sim";3;0;0;0;3;0;0;2;-26,458391;-49,170483;"SPRF-SC";"DEL03-SC";"UOP03-DEL03-SC"
333029;2021-01-07;"quinta-feira";"22:15:00";"BA";324;614;"SALVADOR";"Velocidade Incompatível";"Saída de leito carroçável";"Sem Vítimas";"Plena Noite";"Crescente";"Céu Claro";"Múltipla";"Aclive;Curva;Viaduto";"Sim";1;0;0;0;0;1;0;1;-12,87381079;-38,42892051;"SPRF-BA";"DEL01-BA";"UOP01-DEL01-BA"
333031;2021-01-07;"quinta-feira";"19:30:00";"PB";104;86;"REMIGIO";"Ingestão de álcool pelo condutor";"Colisão frontal";"Com Vítimas Feridas";"Plena Noite";"Decrescente";"Céu Claro";"Simples";"Reta;Aclive";"Não";3;0;1;0;1;1;1;3;-6,95944503;-35,80474009;"SPRF-PB";"DEL02-PB";"UOP04-DEL02-PB"
333032;2021-01-07;"quinta-feira";"19:20:00";"PI";135;327;"CRISTINO CASTRO";"Transitar na contramão";"Colisão transversal";"Com Vítimas Fatais";"Plena Noite";"Crescente";"Céu Claro";"Simples";"Reta";"Sim";2;1;0;0;0;1;0;2;-8,90317205;-44,24680765;"SPRF-PI";"DEL03-PI";"UOP02-DEL03-PI"
333033;2021-01-08;"sexta-feira";"00:20:00";"MG";381;484;"BETIM";"Ingestão de álcool e/ou substâncias psicoativas pelo pedestre";"Colisão traseira";"Com Vítimas Feridas";"Plena Noite";"Decrescente";"Chuva";"Dupla";"Reta";"Sim";1;0;1;0;0;0;1;1;-19,95531717;-44,11722196;"SPRF-MG";"DEL01-MG";"UOP03-DEL01-MG"
333035;2021-01-08;"sexta-feira";"00:45:00";"MG";40;469;"SETE LAGOAS";"Acumulo de água sobre o pavimento";"Saída de leito carroçável";"Com Vítimas Feridas";"Plena Noite";"Decrescente";"Chuva";"Dupla";"Reta";"Sim";2;0;1;0;1;0;1;1;-19,46099279;-44,30121988;"SPRF-MG";"DEL02-MG";"UOP01-DEL02-MG"
333037;2021-01-07;"quinta-feira";"23:30:00";"MG";50;113,9;"UBERABA";"Ausência de reação do condutor";"Saída de leito carroçável";"Com Vítimas Feridas";"Plena Noite";"Decrescente";"Chuva";"Dupla";"Reta";"Não";1;0;1;0;0;0;1;1;-19,24933392;-48,13570581;"SPRF-MG";"DEL13-MG";"UOP01-DEL13-MG"
333039;2021-01-07;"quinta-feira";"23:45:00";"RO";319;58;"PORTO VELHO";"Velocidade Incompatível";"Colisão lateral mesmo sentido";"Com Vítimas Feridas";"Plena Noite";"Decrescente";"Nublado";"Simples";"Reta;Declive";"Sim";5;0;1;0;4;0;1;2;-8,741822;-63,913196;"SPRF-RO";"DEL01-RO";"UOP01-DEL01-RO"
333042;2021-01-08;"sexta-feira";"03:55:00";"SP";116;212,4;"GUARULHOS";"Manobra de mudança de faixa";"Colisão com objeto";"Com Vítimas Feridas";"Plena Noite";"Decrescente";"Nublado";"Múltipla";"Reta";"Sim";2;0;2;0;0;0;2;1;-23,43608315;-46,42805094;"SPRF-SP";"DEL01-SP";"UOP01-DEL01-SP"
333043;2021-01-08;"sexta-feira";"04:00:00";"PE";232;11;"JABOATAO DOS GUARARAPES";"Animais na Pista";"Atropelamento de Animal";"Com Vítimas Feridas";"Amanhecer";"Decrescente";"Céu Claro";"Dupla";"Reta";"Sim";1;0;1;0;0;0;1;1;-8,08195464;-34,99545022;"SPRF-PE";"DEL01-PE";"UOP01-DEL01-PE"
333045;2021-01-07;"quinta-feira";"16:55:00";"RS";290;174,5;"BUTIA";"Condutor deixou de manter distância do veículo da frente";"Tombamento";"Com Vítimas Feridas";"Pleno dia";"Crescente";"Céu Claro";"Simples";"Reta";"Sim";2;0;1;0;0;1;1;2;-30,128044;-51,951588;"SPRF-RS";"DEL02-RS";"UOP03-DEL02-RS"
333046;2021-01-08;"sexta-feira";"05:30:00";"PR";376;177;"MARINGA";"Manobra de mudança de faixa";"Colisão traseira";"Sem Vítimas";"Amanhecer";"Crescente";"Céu Claro";"Múltipla";"Reta";"Não";2;0;0;0;2;0;0;2;-23,41595855;-51,92226484;"SPRF-PR";"DEL09-PR";"UOP01-DEL09-PR"
333048;2021-01-08;"sexta-feira";"05:10:00";"PR";467;100;"CASCAVEL";"Velocidade Incompatível";"Saída de leito carroçável";"Com Vítimas Feridas";"Amanhecer";"Decrescente";"Nevoeiro/Neblina";"Dupla";"Curva";"Não";1;0;1;0;0;0;1;1;-24,8947;-53,5355;"SPRF-PR";"DEL04-PR";"UOP01-DEL04-PR"
333049;2021-01-08;"sexta-feira";"06:30:00";"SP";116;219;"GUARULHOS";"Trafegar com motocicleta (ou similar) entre as faixas";"Colisão lateral";"Com Vítimas Feridas";"Amanhecer";"Crescente";"Nublado";"Múltipla";"Reta";"Sim";2;0;1;0;1;0;1;2;-23,46143954;-46,48885316;"SPRF-SP";"DEL01-SP";"UOP01-DEL01-SP"
333054;2021-01-08;"sexta-feira";"07:20:00";"PR";277;73;"SAO JOSE DOS PINHAIS";"Condutor deixou de manter distância do veículo da frente";"Saída de leito carroçável";"Sem Vítimas";"Pleno dia";"Decrescente";"Céu Claro";"Dupla";"Reta";"Não";1;0;0;0;1;0;0;1;-25,52124342;-49,10648119;"SPRF-PR";"DEL01-PR";"UOP01-DEL01-PR"
333055;2021-01-08;"sexta-feira";"05:00:00";"SE";235;15,2;"NOSSA SENHORA DO SOCORRO";"Ingestão de álcool pelo condutor";"Saída de leito carroçável";"Com Vítimas Feridas";"Amanhecer";"Decrescente";"Céu Claro";"Simples";"Reta";"Não";2;0;2;0;0;0;2;1;-10,857119;-37,185043;"SPRF-SE";"DEL01-SE";"UOP01-DEL01-SE"
333056;2021-01-08;"sexta-feira";"06:30:00";"SE";235;10,9;"NOSSA SENHORA DO SOCORRO";"Acostamento em desnível";"Tombamento";"Com Vítimas Feridas";"Pleno dia";"Decrescente";"Céu Claro";"Simples";"Reta";"Não";1;0;0;1;0;0;1;1;-10,87806648;-37,1555686;"SPRF-SE";"DEL01-SE";"UOP01-DEL01-SE"
333057;2021-01-08;"sexta-feira";"08:00:00";"PR";369;154;"LONDRINA";"Velocidade Incompatível";"Colisão traseira";"Com Vítimas Feridas";"Pleno dia";"Decrescente";"Céu Claro";"Dupla";"Reta";"Sim";3;0;1;0;2;0;1;3;-23,29695223;-51,20438665;"SPRF-PR";"DEL07-PR";"UOP01-DEL07-PR"
333058;2021-01-08;"sexta-feira";"08:10:00";"SE";101;91,7;"NOSSA SENHORA DO SOCORRO";"Manobra de mudança de faixa";"Tombamento";"Com Vítimas Feridas";"Pleno dia";"Decrescente";"Céu Claro";"Simples";"Reta";"Sim";1;0;1;0;0;0;1;1;-10,90343621;-37,13378906;"SPRF-SE";"DEL01-SE";"UOP01-DEL01-SE"
333059;2021-01-08;"sexta-feira";"07:00:00";"MT";163;854;"SINOP";"Acessar a via sem observar a presença dos outros veículos";"Colisão transversal";"Com Vítimas Feridas";"Pleno dia";"Crescente";"Chuva";"Simples";"Reta";"Não";3;0;0;1;2;0;1;2;-11,820672;-55,48465698;"SPRF-MT";"DEL06-MT";"NPF/DEL06-MT"
333062;2021-01-08;"sexta-feira";"04:30:00";"RS";290;662,3;"URUGUAIANA";"Ingestão de álcool pelo condutor";"Saída de leito carroçável";"Sem Vítimas";"Amanhecer";"Crescente";"Céu Claro";"Simples";"Reta";"Não";1;0;0;0;1;0;0;1;-29,988597;-56,531761;"SPRF-RS";"DEL13-RS";"UOP01-DEL13-RS"
333063;2021-01-08;"sexta-feira";"08:20:00";"PR";277;5;"FOZ DO IGUACU";"Manobra de mudança de faixa";"Colisão lateral";"Com Vítimas Feridas";"Pleno dia";"Decrescente";"Céu Claro";"Dupla";"Reta";"Sim";1;0;1;0;0;0;1;1;-25,5469;-54,5882;"SPRF-PR";"DEL05-PR";"UOP03-DEL05-PR"
333065;2021-01-08;"sexta-feira";"07:45:00";"PR";277;593;"CASCAVEL";"Acessar a via sem observar a presença dos outros veículos";"Colisão transversal";"Com Vítimas Feridas";"Pleno dia";"Decrescente";"Nublado";"Simples";"Reta";"Não";2;0;1;0;1;0;1;2;-24,98082053;-53,48254989;"SPRF-PR";"DEL04-PR";"UOP01-DEL04-PR"
333066;2021-01-08;"sexta-feira";"08:20:00";"MG";116;704,5;"MURIAE";"Desrespeitar a preferência no cruzamento";"Colisão transversal";"Com Vítimas Feridas";"Pleno dia";"Decrescente";"Sol";"Simples";"Interseção de Vias";"Sim";2;0;1;0;1;0;1;2;-21,12476;-42,38135;"SPRF-MG";"DEL07-MG";"UOP02-DEL07-MG"
333069;2021-01-08;"sexta-feira";"09:00:00";"RN";101;106;"PARNAMIRIM";"Desrespeitar a preferência no cruzamento";"Colisão transversal";"Com Vítimas Feridas";"Pleno dia";"Decrescente";"Céu Claro";"Simples";"Reta";"Sim";2;0;1;0;1;0;1;2;-5,91056401;-35,26130795;"SPRF-RN";"DEL01-RN";"UOP01-DEL01-RN"
333076;2021-01-08;"sexta-feira";"10:12:00";"PR";116;98;"SAO JOSE DOS PINHAIS";"Condutor deixou de manter distância do veículo da frente";"Colisão lateral";"Com Vítimas Feridas";"Pleno dia";"Crescente";"Céu Claro";"Dupla";"Reta";"Não";3;0;2;0;1;0;2;2;-25,51973222;-49,13431573;"SPRF-PR";"DEL01-PR";"UOP01-DEL01-PR"
333077;2021-01-08;"sexta-feira";"10:12:00";"RS";116;337,8;"BARRA DO RIBEIRO";"Acessar a via sem observar a presença dos outros veículos";"Colisão transversal";"Com Vítimas Feridas";"Pleno dia";"Decrescente";"Céu Claro";"Simples";"Reta";"Sim";7;0;3;2;2;0;5;2;-30,43086668;-51,47405924;"SPRF-RS";"DEL02-RS";"UOP02-DEL02-RS"
333079;2021-01-08;"sexta-feira";"10:00:00";"SC";101;205;"SAO JOSE";"Acessar a via sem observar a presença dos outros veículos";"Colisão transversal";"Com Vítimas Feridas";"Pleno dia";"Decrescente";"Céu Claro";"Múltipla";"Interseção de Vias";"Não";2;0;1;0;1;0;1;2;-27,58313237;-48,61532885;"SPRF-SC";"DEL01-SC";"UOP01-DEL01-SC"
333080;2021-01-08;"sexta-feira";"09:50:00";"SC";101;312,1;"LAGUNA";"Obras na pista";"Colisão traseira";"Com Vítimas Feridas";"Pleno dia";"Crescente";"Sol";"Simples";"Em Obras;Reta";"Não";2;0;0;1;1;0;1;2;-28,433701;-48,806344;"SPRF-SC";"DEL02-SC";"UOP01-DEL02-SC"
333081;2021-01-08;"sexta-feira";"10:30:00";"RS";290;80;"GRAVATAI";"Acessar a via sem observar a presença dos outros veículos";"Tombamento";"Com Vítimas Feridas";"Pleno dia";"Decrescente";"Céu Claro";"Simples";"Curva";"Sim";1;0;1;0;0;0;1;1;-29,95642184;-51,03046417;"SPRF-RS";"DEL01-RS";"UOP01-DEL01-RS"
333082;2021-01-08;"sexta-feira";"10:03:00";"RJ";101;486;"ANGRA DOS REIS";"Condutor deixou de manter distância do veículo da frente";"Colisão traseira";"Com Vítimas Feridas";"Pleno dia";"Decrescente";"Céu Claro";"Simples";"Reta";"Sim";3;0;1;0;2;0;1;3;-22,9770878619;-44,2963465282;"SPRF-RJ";"DEL03-RJ";"UOP03-DEL03-RJ"
333083;2021-01-08;"sexta-feira";"10:40:00";"SC";101;115;"ITAJAI";"Velocidade Incompatível";"Tombamento";"Com Vítimas Feridas";"Pleno dia";"Decrescente";"Céu Claro";"Múltipla";"Reta";"Sim";1;0;1;0;0;0;1;1;-26,87064015;-48,72954134;"SPRF-SC";"DEL04-SC";"UOP04-DEL04-SC"
333085;2021-01-08;"sexta-feira";"09:35:00";"MS";163;264,8;"DOURADOS";"Velocidade Incompatível";"Colisão com objeto";"Com Vítimas Feridas";"Pleno dia";"Decrescente";"Sol";"Dupla";"Rotatória";"Sim";1;0;1;0;0;0;1;1;-22,22407658;-54,73247531;"SPRF-MS";"DEL04-MS";"UOP01-DEL04-MS"
333086;2021-01-08;"sexta-feira";"09:30:00";"RS";290;422,9;"SAO GABRIEL";"Reação tardia ou ineficiente do condutor";"Saída de leito carroçável";"Com Vítimas Feridas";"Pleno dia";"Decrescente";"Céu Claro";"Simples";"Interseção de Vias";"Sim";1;0;1;0;0;0;1;1;-30,32956026;-54,3640334;"SPRF-RS";"DEL11-RS";"UOP02-DEL11-RS"
333089;2021-01-08;"sexta-feira";"10:20:00";"BA";101;357;"WENCESLAU GUIMARAES";"Condutor deixou de manter distância do veículo da frente";"Colisão traseira";"Sem Vítimas";"Pleno dia";"Decrescente";"Céu Claro";"Simples";"Reta";"Sim";2;0;0;0;2;0;0;2;-13,67978738;-39,47731756;"SPRF-BA";"DEL05-BA";"UOP03-DEL05-BA"
333090;2021-01-08;"sexta-feira";"11:50:00";"SC";470;126,4;"LONTRAS";"Desrespeitar a preferência no cruzamento";"Colisão transversal";"Com Vítimas Feridas";"Pleno dia";"Decrescente";"Céu Claro";"Simples";"Reta;Aclive";"Não";3;0;2;0;1;0;2;2;-27,129;-49,538277;"SPRF-SC";"DEL04-SC";"UOP02-DEL04-SC"
333094;2021-01-08;"sexta-feira";"12:25:00";"SP";381;75;"SAO PAULO";"Reação tardia ou ineficiente do condutor";"Saída de leito carroçável";"Com Vítimas Feridas";"Pleno dia";"Decrescente";"Nublado";"Múltipla";"Curva";"Não";4;0;1;0;0;3;1;2;-23,37660089;-46,56409613;"SPRF-SP";"DEL03-SP";"UOP01-DEL03-SP"
333095;2021-01-08;"sexta-feira";"11:10:00";"MS";463;85;"PONTA PORA";"Reação tardia ou ineficiente do condutor";"Capotamento";"Com Vítimas Feridas";"Pleno dia";"Decrescente";"Céu Claro";"Simples";"Reta";"Não";4;0;2;2;0;0;4;1;-22,56428726;-55,4948987;"SPRF-MS";"DEL04-MS";"UOP03-DEL04-MS"
333096;2021-01-08;"sexta-feira";"11:40:00";"BA";242;627;"MUQUEM DE SAO FRANCISCO";"Condutor Dormindo";"Saída de leito carroçável";"Com Vítimas Fatais";"Pleno dia";"Decrescente";"Céu Claro";"Simples";"Reta";"Não";6;1;2;2;0;1;4;2;-12,214783;-43,548843;"SPRF-BA";"DEL06-BA";"UOP03-DEL06-BA"
333097;2021-01-08;"sexta-feira";"09:00:00";"CE";222;178;"SAO LUIS DO CURU";"Reação tardia ou ineficiente do condutor";"Capotamento";"Com Vítimas Feridas";"Pleno dia";"Decrescente";"Céu Claro";"Simples";"Reta";"Sim";1;0;1;0;0;0;1;1;-3,673;-39,24;"SPRF-CE";"DEL04-CE";"UOP03-DEL04-CE"
333099;2021-01-08;"sexta-feira";"12:20:00";"GO";40;107;"CRISTALINA";"Ausência de reação do condutor";"Capotamento";"Com Vítimas Feridas";"Pleno dia";"Decrescente";"Céu Claro";"Dupla";"Reta";"Não";4;0;3;1;0;0;4;1;-16,831588;-47,535099;"SPRF-DF";"DEL01-DF";"UOP02-DEL01-DF"
333104;2021-01-08;"sexta-feira";"13:10:00";"RJ";40;111;"DUQUE DE CAXIAS";"Manobra de mudança de faixa";"Colisão lateral";"Com Vítimas Feridas";"Pleno dia";"Decrescente";"Céu Claro";"Múltipla";"Reta";"Não";1;0;1;0;0;0;1;1;-22,691868;-43,287453;"SPRF-RJ";"DEL01-RJ";"UOP01-DEL01-RJ"
333106;2021-01-08;"sexta-feira";"13:50:00";"PR";369;239,1;"JANDAIA DO SUL";"Desrespeitar a preferência no cruzamento";"Colisão transversal";"Com Vítimas Feridas";"Pleno dia";"Crescente";"Céu Claro";"Simples";"Aclive;Reta";"Não";3;0;2;0;1;0;2;2;-23,66203682;-51,69197202;"SPRF-PR";"DEL09-PR";"UOP01-DEL09-PR"
333108;2021-01-08;"sexta-feira";"14:05:00";"SC";101;147;"ITAPEMA";"Manobra de mudança de faixa";"Colisão lateral";"Com Vítimas Feridas";"Pleno dia";"Decrescente";"Nublado";"Dupla";"Reta";"Sim";2;0;1;0;1;0;1;2;-27,09237407;-48,61730888;"SPRF-SC";"DEL04-SC";"UOP03-DEL04-SC"
333109;2021-01-08;"sexta-feira";"13:40:00";"ES";101;300,3;"VIANA";"Acessar a via sem observar a presença dos outros veículos";"Atropelamento de Pedestre";"Sem Vítimas";"Pleno dia";"Crescente";"Sol";"Múltipla";"Reta;Em Obras";"Sim";5;0;0;0;5;0;0;3;-20,358635;-40,432167;"SPRF-ES";"DEL01-ES";"UOP01-DEL01-ES"
333110;2021-01-08;"sexta-feira";"12:00:00";"PB";104;179,1;"ALCANTIL";"Condutor Dormindo";"Capotamento";"Com Vítimas Feridas";"Pleno dia";"Crescente";"Céu Claro";"Simples";"Curva";"Não";1;0;1;0;0;0;1;1;-7,631788;-36,079616;"SPRF-PB";"DEL02-PB";"UOP03-DEL02-PB"
333111;2021-01-08;"sexta-feira";"14:10:00";"ES";262;64;"MARECHAL FLORIANO";"Chuva";"Capotamento";"Com Vítimas Feridas";"Pleno dia";"Decrescente";"Chuva";"Simples";"Reta";"Não";1;0;1;0;0;0;1;1;-20,41797008;-40,81618087;"SPRF-ES";"DEL01-ES";"UOP02-DEL01-ES"
333115;2021-01-08;"sexta-feira";"12:27:00";"SP";116;387;"MIRACATU";"Reação tardia ou ineficiente do condutor";"Colisão traseira";"Sem Vítimas";"Pleno dia";"Crescente";"Céu Claro";"Dupla";"Reta";"Não";2;0;0;0;2;0;0;2;-24,26558971;-47,38858809;"SPRF-SP";"DEL04-SP";"UOP02-DEL04-SP"
333116;2021-01-08;"sexta-feira";"14:55:00";"ES";101;269,5;"SERRA";"Reação tardia ou ineficiente do condutor";"Colisão com objeto";"Com Vítimas Feridas";"Pleno dia";"Crescente";"Céu Claro";"Dupla";"Reta";"Sim";2;0;2;0;0;0;2;1;-20,21740496;-40,26990578;"SPRF-ES";"DEL02-ES";"UOP01-DEL02-ES"