"id";"data_inversa";"dia_semana";"horario";"uf";"br";"km";"municipio";"causa_acidente";"tipo_acidente";"classificacao_acidente";"fase_dia";"sentido_via";"condicao_metereologica";"tipo_pista";"tracado_via";"uso_solo";"pessoas";"mortos";"feridos_leves";"feridos_graves";"ilesos";"ignorados";"feridos";"veiculos";"latitude";"longitude";"regional";"delegacia";"uop"
333118;2021-01-08;"sexta-feira";"15:20:00";"RS";116;251;"SAO LEOPOLDO";"Demais falhas mecânicas ou elétricas";"Incêndio";"Sem Vítimas";"Pleno dia";"Decrescente";"Sol";"Dupla";"Reta";"Sim";1;0;0;0;1;0;0;1;-29,796909;-51,16492;"SPRF-RS";"DEL01-RS";"UOP02-DEL01-RS"
333120;2021-01-08;"sexta-feira";"15:05:00";"SC";101;125,8;"ITAJAI";"Reação tardia ou ineficiente do condutor";"Colisão lateral mesmo sentido";"Com Vítimas Feridas";"Pleno dia";"Decrescente";"Nublado";"Dupla";"Reta";"Não";2;0;1;0;1;0;1;2;-26,94802427;-48,68338515;"SPRF-SC";"DEL04-SC";"UOP04-DEL04-SC"
333122;2021-01-08;"sexta-feira";"15:15:00";"SP";116;224,9;"GUARULHOS";"Trafegar com motocicleta (ou similar) entre as faixas";"Colisão lateral mesmo sentido";"Com Vítimas Feridas";"Pleno dia";"Decrescente";"Céu Claro";"Múltipla";"Reta";"Sim";3;0;0;1;2;0;1;3;-23,48071896;-46,53271603;"SPRF-SP";"DEL01-SP";"UOP01-DEL01-SP"
333123;2021-01-08;"sexta-feira";"13:30:00";"SC";280;71,6;"JARAGUA DO SUL";"Reação tardia ou ineficiente do condutor";"Colisão traseira";"Com Vítimas Feridas";"Pleno dia";"Crescente";"Nublado";"Simples";"Aclive;Reta";"Não";2;0;1;0;1;0;1;2;-26,46151693;-49,13480597;"SPRF-SC";"DEL03-SC";"UOP03-DEL03-SC"
333124;2021-01-07;"quinta-feira";"15:00:00";"MG";365;567;"INDIANOPOLIS";"Condutor Dormindo";"Saída de leito carroçável";"Com Vítimas Feridas";"Plena Noite";"Crescente";"Céu Claro";"Dupla";"Reta";"Não";1;0;1;0;0;0;1;1;-18,91639564;-47,84482105;"SPRF-MG";"DEL15-MG";"UOP02-DEL15-MG"
333126;2021-01-08;"sexta-feira";"11:10:00";"MG";40;142,4;"JOAO PINHEIRO";"Acessar a via sem observar a presença dos outros veículos";"Colisão transversal";"Com Vítimas Feridas";"Pleno dia";"Crescente";"Céu Claro";"Simples";"Reta";"Não";2;0;1;0;0;1;1;2;-17,740382;-46,185728;"SPRF-MG";"DEL14-MG";"UOP01-DEL14-MG"
333132;2021-01-08;"sexta-feira";"15:20:00";"RJ";101;434;"MANGARATIBA";"Manobra de mudança de faixa";"Colisão lateral";"Com Vítimas Feridas";"Pleno dia";"Crescente";"Nublado";"Simples";"Reta";"Sim";3;0;2;0;1;0;2;2;-22,93724723;-44,04629489;"SPRF-RJ";"DEL03-RJ";"UOP03-DEL03-RJ"
333133;2021-01-08;"sexta-feira";"16:20:00";"PR";476;155,8;"ARAUCARIA";"Manobra de mudança de faixa";"Colisão lateral mesmo sentido";"Com Vítimas Feridas";"Pleno dia";"Crescente";"Garoa/Chuvisco";"Múltipla";"Reta";"Sim";2;0;1;0;1;0;1;2;-25,590897;-49,410622;"SPRF-PR";"DEL01-PR";"UOP03-DEL01-PR"
333138;2021-01-08;"sexta-feira";"16:45:00";"PI";343;85;"CAXINGO";"Acumulo de água sobre o pavimento";"Colisão com objeto";"Com Vítimas Feridas";"Anoitecer";"Crescente";"Chuva";"Simples";"Reta";"Não";3;0;1;0;2;0;1;1;-3,451051;-41,745277;"SPRF-PI";"DEL05-PI";"UOP01-DEL05-PI"
333139;2021-01-08;"sexta-feira";"15:15:00";"SP";116;315,1;"SAO LOURENCO DA SERRA";"Reação tardia ou ineficiente do condutor";"Capotamento";"Com Vítimas Feridas";"Pleno dia";"Decrescente";"Céu Claro";"Dupla";"Curva";"Não";1;0;1;0;0;0;1;1;-23,90251888;-46,99049317;"SPRF-SP";"DEL04-SP";"UOP01-DEL04-SP"
333145;2021-01-08;"sexta-feira";"16:00:00";"ES";101;1;"SERRA";"Condutor deixou de manter distância do veículo da frente";"Colisão traseira";"Com Vítimas Feridas";"Pleno dia";"Decrescente";"Céu Claro";"Dupla";"Reta";"Sim";2;0;1;0;1;0;1;2;-20,129093;-40,308125;"SPRF-ES";"DEL02-ES";"UOP01-DEL02-ES"
333146;2021-01-08;"sexta-feira";"17:10:00";"SE";101;116;"ITAPORANGA DAJUDA";"Manobra de mudança de faixa";"Colisão transversal";"Com Vítimas Feridas";"Anoitecer";"Crescente";"Céu Claro";"Dupla";"Aclive";"Não";5;0;3;0;2;0;3;2;-11,01146389;-37,31286103;"SPRF-SE";"DEL02-SE";"UOP01-DEL02-SE"
333147;2021-01-08;"sexta-feira";"17:20:00";"PR";369;207;"APUCARANA";"Desrespeitar a preferência no cruzamento";"Colisão transversal";"Com Vítimas Feridas";"Pleno dia";"Crescente";"Nublado";"Simples";"Interseção de Vias";"Sim";2;0;1;0;0;1;1;2;-23,5636;-51,4934;"SPRF-PR";"DEL07-PR";"UOP03-DEL07-PR"
333150;2021-01-08;"sexta-feira";"16:45:00";"SP";116;565;"BARRA DO TURVO";"Pista Escorregadia";"Eventos atípicos";"Sem Vítimas";"Anoitecer";"Crescente";"Chuva";"Dupla";"Curva";"Não";1;0;0;0;1;0;0;1;-25,0358686;-48,54404396;"SPRF-SP";"DEL05-SP";"UOP02-DEL05-SP"
333152;2021-01-08;"sexta-feira";"16:50:00";"SC";101;133,8;"BALNEARIO CAMBORIU";"Desrespeitar a preferência no cruzamento";"Colisão transversal";"Com Vítimas Feridas";"Pleno dia";"Crescente";"Nublado";"Simples";"Interseção de Vias;Reta";"Sim";2;0;1;0;1;0;1;2;-26,99936;-48,64609;"SPRF-SC";"DEL04-SC";"UOP03-DEL04-SC"
333154;2021-01-07;"quinta-feira";"22:15:00";"AL";104;10;"SAO JOSE DA LAJE";"Acesso irregular";"Colisão lateral";"Sem Vítimas";"Plena Noite";"Decrescente";"Céu Claro";"Simples";"Reta";"Não";2;0;0;0;2;0;0;2;-8,97535208;-36,02073669;"SPRF-AL";"DEL01-AL";"UOP02-DEL01-AL"
333155;2021-01-08;"sexta-feira";"17:37:00";"PR";277;63;"SAO JOSE DOS PINHAIS";"Pedestre andava na pista";"Atropelamento de Pedestre";"Com Vítimas Feridas";"Anoitecer";"Decrescente";"Chuva";"Dupla";"Reta";"Sim";3;0;1;0;1;1;1;2;-25,56100984;-49,01719293;"SPRF-PR";"DEL01-PR";"UOP01-DEL01-PR"
333156;2021-01-08;"sexta-feira";"12:00:00";"GO";50;200;"CAMPO ALEGRE DE GOIAS";"Condutor usando celular";"Saída de leito carroçável";"Com Vítimas Feridas";"Pleno dia";"Crescente";"Céu Claro";"Dupla";"Reta";"Não";1;0;1;0;0;0;1;1;-17,5796;-47,8193;"SPRF-GO";"DEL06-GO";"UOP01-DEL06-GO"
333158;2021-01-08;"sexta-feira";"16:15:00";"PI";343;306;"ALTOS";"Acessar a via sem observar a presença dos outros veículos";"Colisão transversal";"Sem Vítimas";"Pleno dia";"Crescente";"Nublado";"Simples";"Reta";"Sim";2;0;0;0;2;0;0;2;-5,038756;-42,450893;"SPRF-PI";"DEL01-PI";"UOP01-DEL01-PI"
333159;2021-01-08;"sexta-feira";"14:50:00";"RS";116;233;"ESTANCIA VELHA";"Demais falhas mecânicas ou elétricas";"Tombamento";"Com Vítimas Feridas";"Pleno dia";"Crescente";"Céu Claro";"Simples";"Reta";"Não";1;0;1;0;0;0;1;1;-29,64206007;-51,14268362;"SPRF-RS";"DEL01-RS";"UOP02-DEL01-RS"
333160;2021-01-08;"sexta-feira";"17:00:00";"RJ";116;41;"TERESOPOLIS";"Acessar a via sem observar a presença dos outros veículos";"Colisão transversal";"Com Vítimas Feridas";"Pleno dia";"Decrescente";"Céu Claro";"Simples";"Reta";"Sim";2;0;1;0;1;0;1;2;-22,13943547;-42,78660142;"SPRF-RJ";"DEL04-RJ";"UOP01-DEL04-RJ"
333161;2021-01-08;"sexta-feira";"17:40:00";"RS";290;115,9;"ELDORADO DO SUL";"Acessar a via sem observar a presença dos outros veículos";"Colisão transversal";"Com Vítimas Feridas";"Pleno dia";"Crescente";"Sol";"Simples";"Reta;Interseção de Vias";"Não";4;0;1;1;1;1;2;3;-30,045572;-51,357651;"SPRF-RS";"DEL02-RS";"UOP01-DEL02-RS"
333162;2021-01-08;"sexta-feira";"15:25:00";"MT";163;10,4;"ITIQUIRA";"Manobra de mudança de faixa";"Saída de leito carroçável";"Com Vítimas Feridas";"Pleno dia";"Crescente";"Céu Claro";"Dupla";"Reta";"Não";4;0;3;1;0;0;4;1;-17,43100194;-54,74803183;"SPRF-MT";"DEL02-MT";"UOP01-DEL02-MT"
333163;2021-01-08;"sexta-feira";"18:17:00";"SP";116;284;"ITAPECERICA DA SERRA";"Entrada inopinada do pedestre";"Atropelamento de Pedestre";"Com Vítimas Feridas";"Anoitecer";"Crescente";"Chuva";"Dupla";"Reta";"Não";2;0;0;1;1;0;1;2;-23,69998;-46,867767;"SPRF-SP";"DEL04-SP";"UOP01-DEL04-SP"
333165;2021-01-08;"sexta-feira";"14:30:00";"RO";364;327;"PRESIDENTE MEDICI";"Ingestão de álcool pelo condutor";"Tombamento";"Com Vítimas Feridas";"Pleno dia";"Crescente";"Céu Claro";"Simples";"Reta";"Não";1;0;0;1;0;0;1;1;-11,01013414;-61,92228481;"SPRF-RO";"DEL02-RO";"UOP01-DEL02-RO"
333166;2021-01-08;"sexta-feira";"08:00:00";"RS";290;322,1;"CACAPAVA DO SUL";"Ausência de reação do condutor";"Saída de leito carroçável";"Sem Vítimas";"Pleno dia";"Decrescente";"Céu Claro";"Simples";"Reta;Declive";"Não";1;0;0;0;0;1;0;1;-30,376793;-53,409718;"SPRF-RS";"DEL09-RS";"UOP02-DEL09-RS"
333168;2021-01-08;"sexta-feira";"17:25:00";"SC";101;40,5;"JOINVILLE";"Reação tardia ou ineficiente do condutor";"Colisão lateral";"Com Vítimas Feridas";"Pleno dia";"Crescente";"Chuva";"Dupla";"Aclive";"Sim";3;0;1;0;2;0;1;3;-26,27176094;-48,89468382;"SPRF-SC";"DEL03-SC";"UOP01-DEL03-SC"
333169;2021-01-08;"sexta-feira";"17:30:00";"MS";262;328;"CAMPO GRANDE";"Conversão proibida";"Colisão frontal";"Com Vítimas Feridas";"Anoitecer";"Decrescente";"Garoa/Chuvisco";"Dupla";"Reta";"Sim";3;0;0;1;2;0;1;2;-20,46461901;-54,552296;"SPRF-MS";"DEL01-MS";"UOP01-DEL01-MS"
333170;2021-01-04;"segunda-feira";"13:00:00";"MS";463;100;"PONTA PORA";"Reação tardia ou ineficiente do condutor";"Queda de ocupante de veículo";"Com Vítimas Feridas";"Pleno dia";"Crescente";"Garoa/Chuvisco";"Simples";"Reta";"Sim";1;0;1;0;0;0;1;1;-22,62086128;-55,61520288;"SPRF-MS";"DEL04-MS";"UOP03-DEL04-MS"
333171;2021-01-08;"sexta-feira";"18:00:00";"SC";280;114;"SAO BENTO DO SUL";"Acessar a via sem observar a presença dos outros veículos";"Colisão transversal";"Com Vítimas Feridas";"Pleno dia";"Crescente";"Céu Claro";"Simples";"Interseção de Vias";"Sim";3;0;2;0;1;0;2;2;-26,29151133;-49,40301807;"SPRF-SC";"DEL06-SC";"UOP03-DEL06-SC"
333172;2021-01-08;"sexta-feira";"18:00:00";"SP";116;564,5;"BARRA DO TURVO";"Acumulo de água sobre o pavimento";"Colisão com objeto";"Sem Vítimas";"Anoitecer";"Crescente";"Chuva";"Dupla";"Curva";"Não";2;0;0;0;2;0;0;1;-25,03458919;-48,53543877;"SPRF-SP";"DEL05-SP";"UOP02-DEL05-SP"
333173;2021-01-03;"domingo";"14:10:00";"BA";135;164;"BARREIRAS";"Demais falhas mecânicas ou elétricas";"Saída de leito carroçável";"Com Vítimas Feridas";"Pleno dia";"Crescente";"Nublado";"Simples";"Reta";"Não";2;0;2;0;0;0;2;1;-12,03989186;-44,95984234;"SPRF-BA";"DEL10-BA";"UOP01-DEL10-BA"
333174;2021-01-08;"sexta-feira";"17:20:00";"PI";343;341,2;"TERESINA";"Conversão proibida";"Colisão transversal";"Com Vítimas Feridas";"Anoitecer";"Crescente";"Céu Claro";"Dupla";"Aclive";"Sim";2;0;1;0;1;0;1;2;-5,077812;-42,744255;"SPRF-PI";"DEL01-PI";"UOP01-DEL01-PI"
333175;2021-01-08;"sexta-feira";"17:30:00";"MT";163;752;"SORRISO";"Desrespeitar a preferência no cruzamento";"Colisão transversal";"Com Vítimas Feridas";"Plena Noite";"Crescente";"Céu Claro";"Dupla";"Reta";"Sim";1;0;1;0;0;0;1;1;-12,555463;-55,7166221;"SPRF-MT";"DEL06-MT";"UOP01-DEL06-MT"
333176;2021-01-08;"sexta-feira";"19:00:00";"RJ";116;166;"RIO DE JANEIRO";"Reação tardia ou ineficiente do condutor";"Queda de ocupante de veículo";"Com Vítimas Feridas";"Plena Noite";"Decrescente";"Céu Claro";"Múltipla";"Reta";"Sim";1;0;1;0;0;0;1;1;-22,81560263;-43,30051808;"SPRF-RJ";"DEL01-RJ";"UOP01-DEL01-RJ"
333177;2021-01-08;"sexta-feira";"17:30:00";"RJ";40;92;"PETROPOLIS";"Ausência de reação do condutor";"Queda de ocupante de veículo";"Com Vítimas Feridas";"Anoitecer";"Crescente";"Chuva";"Simples";"Curva";"Não";1;0;1;0;0;0;1;1;-22,55191954;-43,25068815;"SPRF-RJ";"DEL06-RJ";"UOP01-DEL06-RJ"
333178;2021-01-08;"sexta-feira";"17:50:00";"ES";262;49,5;"MARECHAL FLORIANO";"Acessar a via sem observar a presença dos outros veículos";"Colisão transversal";"Com Vítimas Feridas";"Anoitecer";"Decrescente";"Nublado";"Simples";"Reta";"Não";2;0;1;0;1;0;1;2;-20,41251052;-40,69798571;"SPRF-ES";"DEL01-ES";"UOP01-DEL01-ES"
333179;2021-01-08;"sexta-feira";"17:38:00";"PR";277;591;"CASCAVEL";"Acessar a via sem observar a presença dos outros veículos";"Colisão transversal";"Com Vítimas Feridas";"Pleno dia";"Crescente";"Céu Claro";"Simples";"Reta";"Sim";1;0;1;0;0;0;1;1;-24,98473242;-53,46501885;"SPRF-PR";"DEL04-PR";"UOP01-DEL04-PR"
333181;2021-01-08;"sexta-feira";"18:27:00";"MG";146;516,6;"POCOS DE CALDAS";"Manobra de mudança de faixa";"Saída de leito carroçável";"Com Vítimas Feridas";"Pleno dia";"Crescente";"Céu Claro";"Simples";"Reta;Aclive";"Não";1;0;1;0;0;0;1;1;-21,805562;-46,457223;"SPRF-MG";"DEL09-MG";"UOP01-DEL09-MG"
333182;2021-01-08;"sexta-feira";"17:20:00";"GO";60;195,5;"GUAPO";"Ingestão de álcool pelo condutor";"Colisão com objeto";"Sem Vítimas";"Pleno dia";"Crescente";"Céu Claro";"Dupla";"Reta";"Não";1;0;0;0;0;1;0;1;-16,8523;-49,5775;"SPRF-GO";"DEL01-GO";"UOP02-DEL01-GO"
333183;2021-01-08;"sexta-feira";"18:45:00";"SC";101;136,8;"BALNEARIO CAMBORIU";"Condutor deixou de manter distância do veículo da frente";"Colisão traseira";"Com Vítimas Feridas";"Anoitecer";"Decrescente";"Céu Claro";"Dupla";"Reta";"Sim";2;0;1;0;1;0;1;2;-27,008113;-48,617245;"SPRF-SC";"DEL04-SC";"UOP03-DEL04-SC"
333185;2021-01-08;"sexta-feira";"19:40:00";"SC";101;123;"ITAJAI";"Velocidade Incompatível";"Colisão lateral";"Com Vítimas Feridas";"Plena Noite";"Decrescente";"Céu Claro";"Múltipla";"Reta";"Sim";2;0;1;0;1;0;1;2;-26,93668609;-48,69876905;"SPRF-SC";"DEL04-SC";"UOP04-DEL04-SC"
333186;2021-01-08;"sexta-feira";"20:00:00";"RN";226;2;"NATAL";"Ausência de sinalização";"Colisão lateral";"Com Vítimas Feridas";"Plena Noite";"Crescente";"Céu Claro";"Dupla";"Curva";"Sim";2;0;1;0;1;0;1;2;-5,81538847;-35,24848765;"SPRF-RN";"DEL01-RN";"UOP02-DEL01-RN"
333189;2021-01-08;"sexta-feira";"19:15:00";"PE";232;76,6;"GRAVATA";"Reação tardia ou ineficiente do condutor";"Colisão com objeto";"Com Vítimas Feridas";"Plena Noite";"Crescente";"Céu Claro";"Dupla";"Reta";"Sim";3;0;1;1;1;0;2;1;-8,19475468;-35,53860426;"SPRF-PE";"DEL02-PE";"UOP02-DEL02PE"
333190;2021-01-08;"sexta-feira";"15:45:00";"CE";222;202,2;"FORQUILHA";"Transitar na contramão";"Colisão frontal";"Com Vítimas Fatais";"Pleno dia";"Decrescente";"Sol";"Simples";"Curva;Aclive";"Não";3;1;0;1;0;1;1;2;-3,79695907;-40,21547705;"SPRF-CE";"DEL04-CE";"UOP01-DEL04-CE"
333191;2021-01-08;"sexta-feira";"19:50:00";"DF";70;7;"BRASILIA";"Desrespeitar a preferência no cruzamento";"Colisão transversal";"Com Vítimas Feridas";"Plena Noite";"Crescente";"Nublado";"Dupla";"Reta";"Não";2;0;1;0;1;0;1;2;-15,78768004;-48,11410904;"SPRF-DF";"DEL03-DF";"UOP02-DEL03-DF"
333193;2021-01-08;"sexta-feira";"19:45:00";"SP";381;39;"ATIBAIA";"Ausência de reação do condutor";"Colisão com objeto";"Com Vítimas Feridas";"Plena Noite";"Crescente";"Céu Claro";"Dupla";"Reta";"Sim";1;0;1;0;0;0;1;1;-23,1215761;-46,57471572;"SPRF-SP";"DEL03-SP";"UOP01-DEL03-SP"
333194;2021-01-08;"sexta-feira";"20:30:00";"RS";290;720,6;"URUGUAIANA";"Velocidade Incompatível";"Tombamento";"Com Vítimas Feridas";"Plena Noite";"Decrescente";"Céu Claro";"Simples";"Viaduto";"Sim";2;0;2;0;0;0;2;1;-29,766502;-57,058228;"SPRF-RS";"DEL13-RS";"UOP01-DEL13-RS"
333197;2021-01-08;"sexta-feira";"18:05:00";"SP";116;489;"CAJATI";"Reação tardia ou ineficiente do condutor";"Colisão lateral mesmo sentido";"Com Vítimas Feridas";"Pleno dia";"Crescente";"Chuva";"Dupla";"Reta";"Não";3;0;3;0;0;0;3;1;-24,73034183;-48,10760707;"SPRF-SP";"DEL05-SP";"UOP01-DEL05-SP"
333198;2021-01-08;"sexta-feira";"18:30:00";"BA";116;720,7;"MANOEL VITORINO";"Iluminação deficiente";"Atropelamento de Pedestre";"Com Vítimas Feridas";"Plena Noite";"Crescente";"Céu Claro";"Simples";"Reta;Aclive";"Não";2;0;1;0;0;1;1;2;-14,19660191;-40,26941214;"SPRF-BA";"DEL08-BA";"UOP02-DEL08-BA"
333199;2021-01-08;"sexta-feira";"20:30:00";"SC";101;120,5;"ITAJAI";"Trafegar com motocicleta (ou similar) entre as faixas";"Colisão traseira";"Com Vítimas Feridas";"Plena Noite";"Crescente";"Nublado";"Múltipla";"Reta";"Sim";2;0;1;0;1;0;1;2;-26,912758;-48,711998;"SPRF-SC";"DEL04-SC";"UOP04-DEL04-SC"
333200;2021-01-08;"sexta-feira";"20:40:00";"CE";222;314,7;"TIANGUA";"Ingestão de álcool pelo condutor";"Colisão frontal";"Com Vítimas Feridas";"Plena Noite";"Decrescente";"Céu Claro";"Simples";"Reta";"Não";2;0;1;0;0;1;1;2;-3,73110045;-41,00095099;"SPRF-CE";"DEL04-CE";"UOP02-DEL04-CE"
333201;2021-01-08;"sexta-feira";"19:50:00";"BA";116;15,6;"VITORIA DA CONQUISTA";"Transitar no acostamento";"Atropelamento de Pedestre";"Com Vítimas Feridas";"Plena Noite";"Crescente";"Céu Claro";"Simples";"Reta";"Sim";2;0;1;0;1;0;1;2;-14,851;-40,8485;"SPRF-BA";"DEL08-BA";"UOP01-DEL08-BA"
333203;2021-01-08;"sexta-feira";"20:30:00";"RO";364;709;"PORTO VELHO";"Avarias e/ou desgaste excessivo no pneu";"Queda de ocupante de veículo";"Com Vítimas Feridas";"Plena Noite";"Crescente";"Céu Claro";"Dupla";"Reta";"Sim";2;0;2;0;0;0;2;1;-8,7909383;-63,84895617;"SPRF-RO";"DEL01-RO";"UOP01-DEL01-RO"
333204;2021-01-08;"sexta-feira";"21:40:00";"RS";116;248;"SAO LEOPOLDO";"Velocidade Incompatível";"Colisão traseira";"Com Vítimas Feridas";"Plena Noite";"Decrescente";"Céu Claro";"Dupla";"Aclive;Reta";"Sim";4;0;1;0;3;0;1;2;-29,77605895;-51,15508618;"SPRF-RS";"DEL01-RS";"UOP02-DEL01-RS"
333205;2021-01-08;"sexta-feira";"20:40:00";"MT";364;402;"CUIABA";"Acumulo de areia ou detritos sobre o pavimento";"Eventos atípicos";"Com Vítimas Feridas";"Plena Noite";"Crescente";"Céu Claro";"Dupla";"Reta";"Sim";1;0;0;1;0;0;1;1;-15,65006474;-55,99894524;"SPRF-MT";"DEL01-MT";"UOP02-DEL01-MT"
333206;2021-01-08;"sexta-feira";"21:30:00";"SC";280;52,6;"GUARAMIRIM";"Ingestão de álcool pelo condutor";"Colisão transversal";"Com Vítimas Feridas";"Plena Noite";"Crescente";"Nublado";"Simples";"Reta";"Sim";2;0;1;0;1;0;1;2;-26,47169669;-48,97245884;"SPRF-SC";"DEL03-SC";"UOP03-DEL03-SC"
333207;2021-01-08;"sexta-feira";"20:20:00";"RJ";101;258;"RIO BONITO";"Chuva";"Queda de ocupante de veículo";"Com Vítimas Feridas";"Plena Noite";"Crescente";"Chuva";"Dupla";"Reta";"Não";1;0;1;0;0;0;1;1;-22,7015937;-42,58693809;"SPRF-RJ";"DEL02-RJ";"UOP03-DEL02-RJ"
333208;2021-01-08;"sexta-feira";"20:20:00";"CE";122;21;"OCARA";"Ingestão de álcool e/ou substâncias psicoativas pelo pedestre";"Atropelamento de Pedestre";"Com Vítimas Fatais";"Plena Noite";"Crescente";"Céu Claro";"Simples";"Reta";"Não";2;1;0;0;1;0;0;2;-4,46597592;-38,52912911;"SPRF-CE";"DEL03-CE";"UOP02-DEL03-CE"
333210;2021-01-08;"sexta-feira";"18:45:00";"RJ";393;229;"VASSOURAS";"Mal súbito do condutor";"Saída de leito carroçável";"Com Vítimas Feridas";"Plena Noite";"Crescente";"Céu Claro";"Simples";"Reta";"Não";1;0;0;1;0;0;1;1;-22,35662374;-43,59317007;"SPRF-RJ";"DEL05-RJ";"UOP03-DEL05-RJ"
333215;2021-01-08;"sexta-feira";"21:55:00";"RS";290;86;"PORTO ALEGRE";"Velocidade Incompatível";"Saída de leito carroçável";"Sem Vítimas";"Plena Noite";"Crescente";"Céu Claro";"Dupla";"Curva";"Não";1;0;0;0;1;0;0;1;-29,968412;-51,117138;"SPRF-RS";"DEL01-RS";"UOP01-DEL01-RS"
333217;2021-01-08;"sexta-feira";"14:20:00";"MG";381;594,2;"CARMOPOLIS DE MINAS";"Transitar no acostamento";"Colisão com objeto";"Sem Vítimas";"Pleno dia";"Crescente";"Nublado";"Dupla";"Reta";"Não";2;0;0;0;2;0;0;1;-20,59143674;-44,70067816;"SPRF-MG";"DEL04-MG";"UOP01-DEL04-MG"
333218;2021-01-08;"sexta-feira";"23:15:00";"MG";116;409,8;"GOVERNADOR VALADARES";"Manobra de mudança de faixa";"Colisão lateral";"Com Vítimas Feridas";"Plena Noite";"Crescente";"Céu Claro";"Dupla";"Reta";"Sim";2;0;1;0;1;0;1;2;-18,84936788;-41,97891368;"SPRF-MG";"DEL06-MG";"UOP01-DEL06-MG"
333220;2021-01-08;"sexta-feira";"23:00:00";"PR";277;418,2;"CANTAGALO";"Ingestão de álcool pelo condutor";"Saída de leito carroçável";"Com Vítimas Feridas";"Plena Noite";"Decrescente";"Céu Claro";"Simples";"Reta";"Não";3;0;3;0;0;0;3;1;-25,41734033;-52,0708163;"SPRF-PR";"DEL04-PR";"UOP02-DEL04-PR"
333221;2021-01-09;"sábado";"00:20:00";"SP";101;50,5;"UBATUBA";"Conversão proibida";"Tombamento";"Com Vítimas Feridas";"Plena Noite";"Decrescente";"Nublado";"Simples";"Reta";"Sim";2;0;1;0;1;0;1;2;-23,45697254;-45,07046163;"SPRF-SP";"DEL06-SP";"UOP01-DEL06-SP"
333222;2021-01-08;"sexta-feira";"21:55:00";"RS";285;357,3;"CARAZINHO";"Demais falhas mecânicas ou elétricas";"Incêndio";"Sem Vítimas";"Plena Noite";"Crescente";"Céu Claro";"Simples";"Reta";"Não";1;0;0;0;1;0;0;1;-28,3530359;-52,94929504;"SPRF-RS";"DEL08-RS";"UOP03-DEL08-RS"
333224;2021-01-08;"sexta-feira";"23:50:00";"PR";476;280;"SAO MATEUS DO SUL";"Reação tardia ou ineficiente do condutor";"Queda de ocupante de veículo";"Com Vítimas Feridas";"Plena Noite";"Crescente";"Céu Claro";"Simples";"Reta";"Sim";1;0;1;0;0;0;1;1;-25,87352;-50,415565;"SPRF-PR";"DEL02-PR";"UOP04-DEL02-PR"
333225;2021-01-09;"sábado";"00:00:00";"MG";365;347;"VARJAO DE MINAS";"Chuva";"Saída de leito carroçável";"Com Vítimas Feridas";"Plena Noite";"Decrescente";"Chuva";"Simples";"Curva";"Não";1;0;0;1;0;0;1;1;-18,4022;-46,05656;"SPRF-MG";"DEL10-MG";"UOP01-DEL10-MG"
333226;2021-01-08;"sexta-feira";"23:44:00";"SP";116;269;"TABOAO DA SERRA";"Pedestre andava na pista";"Atropelamento de Pedestre";"Com Vítimas Feridas";"Plena Noite";"Decrescente";"Garoa/Chuvisco";"Dupla";"Reta";"Sim";2;0;2;0;0;0;2;2;-23,60878444;-46,75836146;"SPRF-SP";"DEL04-SP";"UOP01-DEL04-SP"
333229;2021-01-08;"sexta-feira";"21:50:00";"SC";282;522;"XAXIM";"Acessar a via sem observar a presença dos outros veículos";"Colisão lateral";"Com Vítimas Feridas";"Plena Noite";"Decrescente";"Céu Claro";"Simples";"Rotatória";"Sim";3;0;2;0;0;1;2;2;-26,9495786;-52,52943277;"SPRF-SC";"DEL07-SC";"UOP01-DEL07-SC"
333230;2021-01-08;"sexta-feira";"21:30:00";"RS";285;553,4;"SAO LUIZ GONZAGA";"Ultrapassagem Indevida";"Colisão lateral mesmo sentido";"Com Vítimas Feridas";"Plena Noite";"Crescente";"Céu Claro";"Simples";"Aclive;Reta";"Não";2;0;2;0;0;0;2;2;-28,417257;-54,824177;"SPRF-RS";"DEL10-RS";"UOP01-DEL10-RS"
333231;2021-01-09;"sábado";"01:00:00";"SC";101;331,4;"TUBARAO";"Ingestão de álcool pelo condutor";"Saída de leito carroçável";"Sem Vítimas";"Plena Noite";"Crescente";"Céu Claro";"Simples";"Reta";"Sim";1;0;0;0;1;0;0;1;-28,464688;-48,99437249;"SPRF-SC";"DEL02-SC";"UOP01-DEL02-SC"
333232;2021-01-09;"sábado";"01:05:00";"RS";386;414;"MONTENEGRO";"Velocidade Incompatível";"Saída de leito carroçável";"Com Vítimas Fatais";"Plena Noite";"Decrescente";"Céu Claro";"Simples";"Curva;Rotatória";"Sim";1;1;0;0;0;0;0;1;-29,816236;-51,483341;"SPRF-RS";"DEL04-RS";"UOP02-DEL04-RS"
333235;2021-01-09;"sábado";"00:01:00";"RJ";116;76;"TERESOPOLIS";"Acessar a via sem observar a presença dos outros veículos";"Colisão frontal";"Sem Vítimas";"Plena Noite";"Decrescente";"Nublado";"Simples";"Curva";"Não";4;0;0;0;4;0;0;2;-22,38294637;-42,95486927;"SPRF-RJ";"DEL04-RJ";"UOP01-DEL04-RJ"