"id";"data_inversa";"dia_semana";"horario";"uf";"br";"km";"municipio";"causa_acidente";"tipo_acidente";"classificacao_acidente";"fase_dia";"sentido_via";"condicao_metereologica";"tipo_pista";"tracado_via";"uso_solo";"pessoas";"mortos";"feridos_leves";"feridos_graves";"ilesos";"ignorados";"feridos";"veiculos";"latitude";"longitude";"regional";"delegacia";"uop"
333355;2021-01-09;"sábado";"15:30:00";"MG";381;728,5;"CARMO DA CACHOEIRA";"Velocidade Incompatível";"Saída de leito carroçável";"Com Vítimas Feridas";"Pleno dia";"Crescente";"Chuva";"Dupla";"Curva;Declive";"Não";1;0;1;0;0;0;1;1;-21,52361199;-45,22481701;"SPRF-MG";"DEL04-MG";"UOP02-DEL04-MG"
333356;2021-01-09;"sábado";"16:50:00";"RS";116;247;"SAO LEOPOLDO";"Manobra de mudança de faixa";"Capotamento";"Sem Vítimas";"Pleno dia";"Crescente";"Céu Claro";"Dupla";"Reta";"Sim";1;0;0;0;1;0;0;1;-29,76733091;-51,1535296;"SPRF-RS";"DEL01-RS";"UOP02-DEL01-RS"
333358;2021-01-09;"sábado";"17:00:00";"DF";70;12;"BRASILIA";"Frear bruscamente";"Colisão traseira";"Sem Vítimas";"Pleno dia";"Decrescente";"Nublado";"Dupla";"Reta";"Sim";2;0;0;0;1;1;0;2;-15,792243;-48,158543;"SPRF-DF";"DEL03-DF";"UOP02-DEL03-DF"
333359;2021-01-09;"sábado";"16:20:00";"MT";364;378;"CUIABA";"Acessar a via sem observar a presença dos outros veículos";"Colisão transversal";"Com Vítimas Feridas";"Pleno dia";"Crescente";"Nublado";"Dupla";"Reta";"Não";2;0;1;0;1;0;1;2;-15,70377454;-55,74613599;"SPRF-MT";"DEL01-MT";"UOP02-DEL01-MT"
333360;2021-01-09;"sábado";"16:20:00";"DF";60;4,2;"BRASILIA";"Acessar a via sem observar a presença dos outros veículos";"Colisão lateral";"Sem Vítimas";"Pleno dia";"Crescente";"Chuva";"Dupla";"Reta";"Sim";7;0;0;0;7;0;0;2;-15,892721;-48,095741;"SPRF-DF";"DEL03-DF";"UOP01-DEL03-DF"
333361;2021-01-09;"sábado";"17:40:00";"DF";20;14,8;"BRASILIA";"Condutor deixou de manter distância do veículo da frente";"Saída de leito carroçável";"Com Vítimas Feridas";"Anoitecer";"Crescente";"Chuva";"Dupla";"Declive";"Não";6;0;4;0;2;0;4;1;-15,634938;-47,741241;"SPRF-DF";"DEL02-DF";"UOP01-DEL02-DF"
333362;2021-01-09;"sábado";"17:00:00";"BA";101;279;"LAJE";"Ingestão de álcool pelo condutor";"Colisão traseira";"Com Vítimas Feridas";"Pleno dia";"Crescente";"Céu Claro";"Simples";"Aclive";"Não";8;0;1;0;7;0;1;3;-13,21708809;-39,32423862;"SPRF-BA";"DEL01-BA";"UOP02-DEL01-BA"
333363;2021-01-09;"sábado";"17:30:00";"PB";230;8;"CABEDELO";"Reação tardia ou ineficiente do condutor";"Atropelamento de Pedestre";"Com Vítimas Feridas";"Anoitecer";"Decrescente";"Céu Claro";"Dupla";"Reta";"Não";3;0;0;1;0;2;1;3;-7,0355;-34,8429;"SPRF-PB";"DEL01-PB";"UOP01-DEL01-PB"
333364;2021-01-09;"sábado";"16:10:00";"RO";364;718;"PORTO VELHO";"Chuva";"Colisão com objeto";"Com Vítimas Feridas";"Pleno dia";"Decrescente";"Chuva";"Dupla";"Reta";"Não";1;0;1;0;0;0;1;1;-8,798451;-63,911437;"SPRF-RO";"DEL01-RO";"UOP01-DEL01-RO"
333365;2021-01-09;"sábado";"17:30:00";"SC";101;200;"SAO JOSE";"Demais falhas mecânicas ou elétricas";"Queda de ocupante de veículo";"Com Vítimas Feridas";"Pleno dia";"Decrescente";"Céu Claro";"Dupla";"Reta";"Sim";2;0;2;0;0;0;2;1;-27,54018513;-48,62287714;"SPRF-SC";"DEL01-SC";"UOP01-DEL01-SC"
333368;2021-01-09;"sábado";"14:10:00";"RJ";493;83;"DUQUE DE CAXIAS";"Chuva";"Saída de leito carroçável";"Com Vítimas Feridas";"Pleno dia";"Decrescente";"Chuva";"Múltipla";"Reta";"Não";1;0;0;1;0;0;1;1;-22,672089;-43,285053;"SPRF-RJ";"DEL01-RJ";"UOP03-DEL01-RJ"
333371;2021-01-09;"sábado";"17:30:00";"BA";101;519,4;"ITABUNA";"Velocidade Incompatível";"Capotamento";"Com Vítimas Feridas";"Anoitecer";"Decrescente";"Céu Claro";"Simples";"Reta";"Não";3;0;3;0;0;0;3;1;-14,7718144;-39,288832;"SPRF-BA";"DEL05-BA";"UOP01-DEL05-BA"
333373;2021-01-09;"sábado";"15:00:00";"SP";116;187,7;"SANTA ISABEL";"Acumulo de água sobre o pavimento";"Saída de leito carroçável";"Com Vítimas Feridas";"Pleno dia";"Decrescente";"Chuva";"Dupla";"Reta";"Não";1;0;1;0;0;0;1;1;-23,35713072;-46,20737811;"SPRF-SP";"DEL01-SP";"UOP01-DEL01-SP"
333375;2021-01-09;"sábado";"13:00:00";"RO";435;62;"VILHENA";"Avarias e/ou desgaste excessivo no pneu";"Queda de ocupante de veículo";"Com Vítimas Feridas";"Pleno dia";"Crescente";"Nublado";"Simples";"Reta";"Não";1;0;1;0;0;0;1;1;-13,0696202;-60,38731328;"SPRF-RO";"DEL04-RO";"UOP02-DEL04-RO"
333376;2021-01-09;"sábado";"16:15:00";"MG";381;334;"NOVA ERA";"Velocidade Incompatível";"Capotamento";"Com Vítimas Feridas";"Pleno dia";"Crescente";"Chuva";"Simples";"Curva";"Não";4;0;4;0;0;0;4;1;-19,81025584;-43,06303471;"SPRF-MG";"DEL03-MG";"UOP01-DEL03-MG"
333377;2021-01-09;"sábado";"16:50:00";"MG";262;581;"CAMPOS ALTOS";"Velocidade Incompatível";"Saída de leito carroçável";"Com Vítimas Feridas";"Pleno dia";"Decrescente";"Chuva";"Simples";"Curva";"Não";4;0;3;0;1;0;3;1;-19,65688108;-46,06847896;"SPRF-MG";"DEL08-MG";"UOP02-DEL08-MG"
333378;2021-01-09;"sábado";"18:00:00";"MG";365;628;"UBERLANDIA";"Acessar a via sem observar a presença dos outros veículos";"Tombamento";"Com Vítimas Feridas";"Pleno dia";"Crescente";"Sol";"Dupla";"Viaduto;Reta";"Não";1;0;1;0;0;0;1;1;-18,90175741;-48,35287106;"SPRF-MG";"DEL15-MG";"UOP01-DEL15-MG"
333380;2021-01-09;"sábado";"17:25:00";"PR";476;137;"CURITIBA";"Desrespeitar a preferência no cruzamento";"Colisão transversal";"Com Vítimas Feridas";"Pleno dia";"Crescente";"Nublado";"Dupla";"Interseção de Vias";"Sim";5;0;1;1;2;1;2;4;-25,50621426;-49,28353071;"SPRF-PR";"DEL01-PR";"UOP03-DEL01-PR"
333381;2021-01-09;"sábado";"17:50:00";"RJ";101;493;"ANGRA DOS REIS";"Conversão proibida";"Colisão transversal";"Com Vítimas Feridas";"Anoitecer";"Crescente";"Chuva";"Simples";"Reta";"Sim";3;0;0;2;1;0;2;2;-22,94374503;-44,32522199;"SPRF-RJ";"DEL03-RJ";"UOP03-DEL03-RJ"
333382;2021-01-09;"sábado";"17:45:00";"MG";40;652,9;"CRISTIANO OTONI";"Ausência de reação do condutor";"Saída de leito carroçável";"Com Vítimas Feridas";"Anoitecer";"Decrescente";"Nublado";"Simples";"Reta";"Não";1;0;1;0;0;0;1;1;-20,84062503;-43,79907712;"SPRF-MG";"DEL05-MG";"UOP02-DEL05-MG"
333383;2021-01-09;"sábado";"18:45:00";"RS";116;147,4;"CAXIAS DO SUL";"Condutor desrespeitou a iluminação vermelha do semáforo";"Colisão transversal";"Com Vítimas Feridas";"Anoitecer";"Decrescente";"Céu Claro";"Múltipla";"Interseção de Vias";"Sim";3;0;1;0;1;1;1;3;-29,14908014;-51,1429969;"SPRF-RS";"DEL05-RS";"UOP01-DEL05-RS"
333385;2021-01-09;"sábado";"16:50:00";"MG";40;502;"ESMERALDAS";"Condutor deixou de manter distância do veículo da frente";"Colisão traseira";"Com Vítimas Feridas";"Pleno dia";"Crescente";"Chuva";"Dupla";"Reta;Declive";"Sim";2;0;1;0;1;0;1;1;-19,713899;-44,161566;"SPRF-MG";"DEL02-MG";"UOP01-DEL02-MG"
333386;2021-01-09;"sábado";"18:50:00";"CE";222;20,2;"CAUCAIA";"Ingestão de álcool pelo condutor";"Saída de leito carroçável";"Com Vítimas Feridas";"Plena Noite";"Crescente";"Céu Claro";"Simples";"Rotatória";"Não";1;0;1;0;0;0;1;1;-3,73560711;-38,74582579;"SPRF-CE";"DEL01-CE";"UOP01-DEL01-CE"
333388;2021-01-09;"sábado";"18:15:00";"SC";470;134,2;"RIO DO SUL";"Desrespeitar a preferência no cruzamento";"Colisão transversal";"Com Vítimas Feridas";"Anoitecer";"Decrescente";"Céu Claro";"Simples";"Interseção de Vias";"Sim";2;0;1;0;0;1;1;2;-27,181854;-49,600128;"SPRF-SC";"DEL04-SC";"UOP02-DEL04-SC"
333389;2021-01-09;"sábado";"19:44:00";"TO";153;136,5;"ARAGUAINA";"Ingestão de álcool pelo condutor";"Colisão traseira";"Com Vítimas Fatais";"Plena Noite";"Decrescente";"Céu Claro";"Dupla";"Reta";"Sim";3;1;1;1;0;0;2;3;-7,142554;-48,201831;"SPRF-TO";"DEL02-TO";"UOP01-DEL02-TO"
333390;2021-01-09;"sábado";"18:30:00";"PR";277;637,5;"CEU AZUL";"Avarias e/ou desgaste excessivo no pneu";"Colisão com objeto";"Sem Vítimas";"Pleno dia";"Crescente";"Nublado";"Simples";"Reta";"Não";3;0;0;0;3;0;0;2;-25,15127997;-53,84435289;"SPRF-PR";"DEL05-PR";"UOP02-DEL05-PR"
333391;2021-01-09;"sábado";"19:50:00";"SC";280;46;"GUARAMIRIM";"Ultrapassagem Indevida";"Colisão lateral mesmo sentido";"Com Vítimas Feridas";"Plena Noite";"Crescente";"Nublado";"Simples";"Reta";"Não";3;0;2;0;1;0;2;3;-26,45295055;-48,90788103;"SPRF-SC";"DEL03-SC";"UOP03-DEL03-SC"
333393;2021-01-09;"sábado";"19:45:00";"TO";242;453;"FORMOSO DO ARAGUAIA";"Desrespeitar a preferência no cruzamento";"Colisão transversal";"Com Vítimas Feridas";"Plena Noite";"Crescente";"Céu Claro";"Dupla";"Interseção de Vias";"Sim";3;0;1;1;1;0;2;2;-11,8117766;-49,5289078;"SPRF-TO";"DEL01-TO";"UOP02-DEL01-TO"
333394;2021-01-09;"sábado";"19:00:00";"MG";381;646,1;"SANTO ANTONIO DO AMPARO";"Velocidade Incompatível";"Saída de leito carroçável";"Com Vítimas Feridas";"Plena Noite";"Crescente";"Chuva";"Dupla";"Curva";"Não";3;0;2;0;1;0;2;1;-20,94488761;-44,88121033;"SPRF-MG";"DEL04-MG";"UOP02-DEL04-MG"
333396;2021-01-09;"sábado";"19:00:00";"MG";365;699;"MONTE ALEGRE DE MINAS";"Velocidade Incompatível";"Saída de leito carroçável";"Com Vítimas Feridas";"Plena Noite";"Decrescente";"Céu Claro";"Dupla";"Reta";"Não";1;0;1;0;0;0;1;1;-18,87944;-48,9848;"SPRF-MG";"DEL15-MG";"UOP03-DEL15-MG"
333398;2021-01-09;"sábado";"19:55:00";"PR";376;163;"MARINGA";"Demais falhas mecânicas ou elétricas";"Queda de ocupante de veículo";"Com Vítimas Feridas";"Plena Noite";"Crescente";"Céu Claro";"Dupla";"Declive";"Não";2;0;2;0;0;0;2;1;-23,38150629;-52,03480212;"SPRF-PR";"DEL09-PR";"UOP01-DEL09-PR"
333400;2021-01-09;"sábado";"20:15:00";"SE";101;113,1;"SAO CRISTOVAO";"Pedestre cruzava a pista fora da faixa";"Atropelamento de Pedestre";"Com Vítimas Fatais";"Plena Noite";"Crescente";"Céu Claro";"Dupla";"Reta";"Não";6;1;1;0;1;3;1;3;-10,991615;-37,295998;"SPRF-SE";"DEL02-SE";"UOP01-DEL02-SE"
333402;2021-01-09;"sábado";"19:25:00";"RJ";116;183;"NOVA IGUACU";"Transitar no acostamento";"Atropelamento de Pedestre";"Com Vítimas Feridas";"Plena Noite";"Crescente";"Chuva";"Dupla";"Reta";"Sim";2;0;0;1;0;1;1;2;-22,73913991;-43,49487305;"SPRF-RJ";"DEL01-RJ";"UOP02-DEL01-RJ"
333403;2021-01-09;"sábado";"16:35:00";"SC";282;637,6;"DESCANSO";"Avarias e/ou desgaste excessivo no pneu";"Saída de leito carroçável";"Com Vítimas Feridas";"Pleno dia";"Decrescente";"Nublado";"Simples";"Curva";"Não";1;0;1;0;0;0;1;1;-26,80243063;-53,44676971;"SPRF-SC";"DEL07-SC";"UOP03-DEL07-SC"
333404;2021-01-09;"sábado";"20:30:00";"RJ";493;18,9;"MAGE";"Reação tardia ou ineficiente do condutor";"Queda de ocupante de veículo";"Com Vítimas Feridas";"Plena Noite";"Decrescente";"Chuva";"Simples";"Reta";"Sim";1;0;1;0;0;0;1;1;-22,6687122;-43,01862696;"SPRF-RJ";"DEL04-RJ";"UOP02-DEL04-RJ"
333406;2021-01-09;"sábado";"19:16:00";"MS";60;594;"JARDIM";"Área urbana sem a presença de local apropriado para a travessia de pedestres";"Atropelamento de Pedestre";"Com Vítimas Feridas";"Plena Noite";"Decrescente";"Céu Claro";"Simples";"Curva";"Sim";2;0;1;0;1;0;1;2;-21,48812356;-56,15732431;"SPRF-MS";"DEL05-MS";"UOP01-DEL05-MS"
333407;2021-01-09;"sábado";"20:13:00";"MG";381;451,9;"SABARA";"Condutor deixou de manter distância do veículo da frente";"Colisão lateral mesmo sentido";"Com Vítimas Feridas";"Plena Noite";"Decrescente";"Chuva";"Simples";"Curva;Aclive";"Sim";2;0;1;0;1;0;1;2;-19,832372;-43,845578;"SPRF-MG";"DEL01-MG";"UOP01-DEL01-MG"
333408;2021-01-09;"sábado";"21:05:00";"PR";116;100;"SAO JOSE DOS PINHAIS";"Transitar no acostamento";"Colisão traseira";"Com Vítimas Feridas";"Pleno dia";"Crescente";"Nublado";"Dupla";"Reta";"Sim";2;0;0;1;1;0;1;2;-25,5653576;-49,1620022;"SPRF-PR";"DEL01-PR";"UOP01-DEL01-PR"
333409;2021-01-09;"sábado";"20:50:00";"MG";40;515;"RIBEIRAO DAS NEVES";"Velocidade Incompatível";"Colisão traseira";"Com Vítimas Feridas";"Plena Noite";"Decrescente";"Chuva";"Dupla";"Reta";"Sim";5;0;3;1;1;0;4;2;-19,8090079;-44,09493479;"SPRF-MG";"DEL01-MG";"UOP02-DEL01-MG"
333411;2021-01-09;"sábado";"19:30:00";"RJ";356;155;"CAMPOS DOS GOYTACAZES";"Manobra de mudança de faixa";"Colisão frontal";"Com Vítimas Feridas";"Plena Noite";"Decrescente";"Céu Claro";"Simples";"Reta";"Não";4;0;1;1;1;1;2;2;-21,74815;-41,22062;"SPRF-RJ";"DEL08-RJ";"UOP02-DEL08-RJ"
333413;2021-01-09;"sábado";"21:00:00";"MG";50;180;"UBERABA";"Condutor deixou de manter distância do veículo da frente";"Colisão traseira";"Com Vítimas Feridas";"Plena Noite";"Crescente";"Nublado";"Simples";"Interseção de Vias";"Sim";2;0;1;0;1;0;1;2;-19,77848216;-47,92194709;"SPRF-MG";"DEL13-MG";"UOP01-DEL13-MG"
333415;2021-01-09;"sábado";"14:00:00";"SC";116;123,4;"SANTA CECILIA";"Ultrapassagem Indevida";"Saída de leito carroçável";"Com Vítimas Feridas";"Pleno dia";"Crescente";"Céu Claro";"Simples";"Curva";"Não";2;0;1;0;1;0;1;1;-26,8430109;-50,39949918;"SPRF-SC";"DEL06-SC";"UOP02-DEL06-SC"
333416;2021-01-09;"sábado";"21:00:00";"RJ";493;19;"GUAPIMIRIM";"Afundamento ou ondulação no pavimento";"Capotamento";"Sem Vítimas";"Plena Noite";"Crescente";"Céu Claro";"Simples";"Reta";"Não";1;0;0;0;1;0;0;1;-22,6663848;-43,02770248;"SPRF-RJ";"DEL04-RJ";"UOP02-DEL04-RJ"
333417;2021-01-09;"sábado";"20:40:00";"SC";282;444,1;"PONTE SERRADA";"Acumulo de água sobre o pavimento";"Saída de leito carroçável";"Com Vítimas Feridas";"Plena Noite";"Decrescente";"Chuva";"Simples";"Declive;Reta";"Não";2;0;2;0;0;0;2;1;-26,91786076;-51,88988686;"SPRF-SC";"DEL07-SC";"UOP04-DEL07-SC"
333418;2021-01-09;"sábado";"21:40:00";"SC";470;147;"RIO DO SUL";"Conversão proibida";"Colisão transversal";"Com Vítimas Feridas";"Plena Noite";"Crescente";"Céu Claro";"Simples";"Reta";"Não";3;0;0;2;1;0;2;2;-27,243439;-49,690025;"SPRF-SC";"DEL04-SC";"UOP02-DEL04-SC"
333419;2021-01-09;"sábado";"20:00:00";"GO";70;12,8;"AGUAS LINDAS DE GOIAS";"Ingestão de álcool pelo condutor";"Colisão traseira";"Sem Vítimas";"Plena Noite";"Decrescente";"Céu Claro";"Dupla";"Reta";"Sim";2;0;0;0;2;0;0;2;-15,74037077;-48,3103523;"SPRF-DF";"DEL03-DF";"UOP02-DEL03-DF"
333424;2021-01-09;"sábado";"16:15:00";"RS";470;160;"NOVA PRATA";"Ingestão de álcool pelo condutor";"Colisão transversal";"Com Vítimas Feridas";"Pleno dia";"Crescente";"Céu Claro";"Simples";"Retorno Regulamentado";"Sim";6;0;1;0;5;0;1;2;-28,81066741;-51,60061401;"SPRF-RS";"DEL06-RS";"UOP02-DEL06-RS"
333425;2021-01-09;"sábado";"20:30:00";"RS";470;230;"CARLOS BARBOSA";"Conversão proibida";"Colisão transversal";"Com Vítimas Feridas";"Plena Noite";"Decrescente";"Ignorado";"Simples";"Reta";"Não";4;0;1;0;3;0;1;2;-29,27679937;-51,49322771;"SPRF-RS";"DEL06-RS";"UOP01-DEL06-RS"
333426;2021-01-09;"sábado";"21:43:00";"RJ";40;114;"DUQUE DE CAXIAS";"Chuva";"Colisão com objeto";"Sem Vítimas";"Plena Noite";"Decrescente";"Garoa/Chuvisco";"Múltipla";"Reta";"Não";1;0;0;0;0;1;0;1;-22,71853604;-43,28993324;"SPRF-RJ";"DEL01-RJ";"UOP01-DEL01-RJ"
333427;2021-01-09;"sábado";"21:50:00";"CE";20;403,7;"CAUCAIA";"Ingestão de álcool ou de substâncias psicoativas pelo pedestre";"Atropelamento de Pedestre";"Com Vítimas Feridas";"Plena Noite";"Decrescente";"Céu Claro";"Simples";"Reta";"Não";2;0;2;0;0;0;2;2;-3,78330069;-38,69351522;"SPRF-CE";"DEL01-CE";"UOP01-DEL01-CE"
333428;2021-01-09;"sábado";"20:20:00";"SC";101;359;"SANGAO";"Ingestão de álcool pelo condutor";"Tombamento";"Com Vítimas Feridas";"Plena Noite";"Decrescente";"Céu Claro";"Simples";"Reta";"Não";1;0;1;0;0;0;1;1;-28,65057609;-49,10516385;"SPRF-SC";"DEL02-SC";"UOP01-DEL02-SC"
333429;2021-01-09;"sábado";"21:45:00";"PR";373;177;"PONTA GROSSA";"Velocidade Incompatível";"Colisão traseira";"Sem Vítimas";"Plena Noite";"Decrescente";"Céu Claro";"Dupla";"Reta";"Sim";3;0;0;0;3;0;0;3;-25,05596766;-50,22677884;"SPRF-PR";"DEL03-PR";"UOP04-DEL03-PR"
333431;2021-01-09;"sábado";"21:15:00";"MS";262;253;"RIBAS DO RIO PARDO";"Ausência de reação do condutor";"Colisão frontal";"Com Vítimas Feridas";"Plena Noite";"Crescente";"Ignorado";"Simples";"Reta";"Não";5;0;0;5;0;0;5;2;-20,40781178;-53,87353188;"SPRF-MS";"DEL01-MS";"UOP01-DEL01-MS"
333432;2021-01-09;"sábado";"18:35:00";"BA";116;644;"JAGUAQUARA";"Ingestão de álcool pelo condutor";"Saída de leito carroçável";"Sem Vítimas";"Plena Noite";"Decrescente";"Céu Claro";"Múltipla";"Aclive";"Não";1;0;0;0;1;0;0;1;-13,56327202;-40,0799949;"SPRF-BA";"DEL03-BA";"UOP01-DEL03-BA"
333433;2021-01-09;"sábado";"19:50:00";"SC";280;235,5;"CANOINHAS";"Condutor deixou de manter distância do veículo da frente";"Colisão traseira";"Com Vítimas Feridas";"Plena Noite";"Crescente";"Chuva";"Simples";"Declive;Rotatória;Reta";"Sim";3;0;1;0;2;0;1;2;-26,19252767;-50,41598082;"SPRF-SC";"DEL06-SC";"UOP04-DEL06-SC"
333434;2021-01-09;"sábado";"22:00:00";"SE";235;3;"ARACAJU";"Conversão proibida";"Colisão traseira";"Com Vítimas Feridas";"Plena Noite";"Crescente";"Céu Claro";"Dupla";"Reta";"Sim";2;0;1;0;1;0;1;2;-10,9059;-37,111;"SPRF-SE";"DEL01-SE";"UOP01-DEL01-SE"
333435;2021-01-09;"sábado";"21:15:00";"PR";369;115;"URAI";"Velocidade Incompatível";"Saída de leito carroçável";"Com Vítimas Feridas";"Plena Noite";"Crescente";"Céu Claro";"Simples";"Curva";"Não";1;0;1;0;0;0;1;1;-23,278103;-50,859448;"SPRF-PR";"DEL07-PR";"UOP01-DEL07-PR"
333437;2021-01-09;"sábado";"21:35:00";"MG";354;704,8;"CAXAMBU";"Ingestão de álcool pelo condutor";"Colisão frontal";"Com Vítimas Feridas";"Plena Noite";"Crescente";"Chuva";"Simples";"Viaduto;Curva";"Sim";2;0;1;1;0;0;2;2;-21,98404081;-44,92444142;"SPRF-MG";"DEL17-MG";"UOP01-DEL17-MG"
333438;2021-01-09;"sábado";"21:40:00";"PB";104;130;"CAMPINA GRANDE";"Ingestão de álcool pelo condutor";"Saída de leito carroçável";"Com Vítimas Feridas";"Plena Noite";"Crescente";"Nublado";"Simples";"Curva";"Sim";1;0;1;0;0;0;1;1;-7,29013399;-35,89029705;"SPRF-PB";"DEL02-PB";"UOP03-DEL02-PB"
333440;2021-01-09;"sábado";"20:30:00";"RJ";116;258,4;"VOLTA REDONDA";"Frear bruscamente";"Tombamento";"Com Vítimas Feridas";"Plena Noite";"Crescente";"Nublado";"Simples";"Retorno Regulamentado";"Não";2;0;1;1;0;0;2;1;-22,58138777;-44,02160689;"SPRF-RJ";"DEL07-RJ";"UOP02-DEL07-RJ"
333442;2021-01-09;"sábado";"23:10:00";"SP";153;50;"SAO JOSE DO RIO PRETO";"Ingestão de álcool pelo condutor";"Colisão lateral sentido oposto";"Sem Vítimas";"Plena Noite";"Decrescente";"Céu Claro";"Simples";"Reta";"Sim";2;0;0;0;2;0;0;2;-20,70901101;-49,33909429;"SPRF-SP";"DEL09-SP";"UOP01-DEL09-SP"
333443;2021-01-09;"sábado";"23:30:00";"RS";392;67;"PELOTAS";"Acessar a via sem observar a presença dos outros veículos";"Colisão transversal";"Sem Vítimas";"Plena Noite";"Decrescente";"Céu Claro";"Simples";"Reta";"Sim";2;0;0;0;2;0;0;2;-31,75709532;-52,39980728;"SPRF-RS";"DEL07-RS";"UOP01-DEL07-RS"
333444;2021-01-09;"sábado";"14:30:00";"SC";153;112;"CONCORDIA";"Velocidade Incompatível";"Colisão traseira";"Com Vítimas Feridas";"Pleno dia";"Crescente";"Céu Claro";"Simples";"Reta";"Não";3;0;1;0;1;1;1;3;-27,327526;-51,979298;"SPRF-SC";"DEL07-SC";"UOP04-DEL07-SC"
333446;2021-01-09;"sábado";"23:00:00";"MG";459;15,3;"CALDAS";"Velocidade Incompatível";"Colisão frontal";"Sem Vítimas";"Plena Noite";"Crescente";"Nublado";"Simples";"Curva";"Não";2;0;0;0;1;1;0;2;-21,8568206;-46,43425226;"SPRF-MG";"DEL09-MG";"UOP01-DEL09-MG"
333447;2021-01-09;"sábado";"23:40:00";"SC";470;91,7;"ASCURRA";"Velocidade Incompatível";"Saída de leito carroçável";"Com Vítimas Feridas";"Plena Noite";"Decrescente";"Nublado";"Simples";"Reta";"Não";2;0;0;2;0;0;2;1;-26,97769;-49,369198;"SPRF-SC";"DEL04-SC";"UOP01-DEL04-SC"
333448;2021-01-09;"sábado";"18:00:00";"AL";101;23,1;"JOAQUIM GOMES";"Animais na Pista";"Atropelamento de Animal";"Com Vítimas Feridas";"Plena Noite";"Decrescente";"Céu Claro";"Simples";"Reta";"Não";2;0;1;0;1;0;1;1;-9,04460978;-35,70355615;"SPRF-AL";"DEL01-AL";"UOP02-DEL01-AL"
333450;2021-01-10;"domingo";"00:30:00";"BA";116;10,3;"VITORIA DA CONQUISTA";"Animais na Pista";"Atropelamento de Animal";"Com Vítimas Feridas";"Plena Noite";"Crescente";"Nublado";"Simples";"Reta";"Não";2;0;2;0;0;0;2;1;-14,863418;-40,873526;"SPRF-BA";"DEL08-BA";"UOP01-DEL08-BA"
333452;2021-01-09;"sábado";"20:20:00";"GO";153;403;"PIRENOPOLIS";"Demais falhas mecânicas ou elétricas";"Incêndio";"Sem Vítimas";"Plena Noite";"Decrescente";"Nublado";"Simples";"Reta";"Não";1;0;0;0;1;0;0;1;-16,048012;-49,074417;"SPRF-GO";"DEL02-GO";"UOP01-DEL02-GO"
333453;2021-01-09;"sábado";"23:30:00";"PB";230;505;"CAJAZEIRAS";"Animais na Pista";"Atropelamento de Animal";"Com Vítimas Fatais";"Plena Noite";"Crescente";"Céu Claro";"Simples";"Reta";"Sim";2;1;1;0;0;0;1;1;-6,8995;-38,5494;"SPRF-PB";"DEL03-PB";"UOP03-DEL03-PB"
333454;2021-01-09;"sábado";"23:40:00";"PR";277;726,5;"FOZ DO IGUACU";"Reação tardia ou ineficiente do condutor";"Saída de leito carroçável";"Com Vítimas Feridas";"Plena Noite";"Decrescente";"Nublado";"Dupla";"Curva";"Sim";1;0;1;0;0;0;1;1;-25,510546;-54,55994;"SPRF-PR";"DEL05-PR";"UOP03-DEL05-PR"
333455;2021-01-09;"sábado";"23:40:00";"PR";373;474;"CORONEL VIVIDA";"Ingestão de álcool pelo condutor";"Colisão frontal";"Sem Vítimas";"Plena Noite";"Crescente";"Nublado";"Simples";"Reta";"Não";4;0;0;0;3;1;0;2;-25,96633159;-52,5224768;"SPRF-PR";"DEL02-PR";"UOP01-DEL02-PR"
333458;2021-01-10;"domingo";"00:05:00";"SP";116;155;"SAO JOSE DOS CAMPOS";"Condutor deixou de manter distância do veículo da frente";"Colisão traseira";"Com Vítimas Feridas";"Plena Noite";"Crescente";"Nublado";"Dupla";"Reta";"Sim";6;0;1;0;5;0;1;2;-23,247238;-45,931168;"SPRF-SP";"DEL02-SP";"UOP01-DEL02-SP"
333459;2021-01-09;"sábado";"23:08:00";"GO";70;23;"COCALZINHO DE GOIAS";"Ingestão de álcool pelo condutor";"Colisão traseira";"Sem Vítimas";"Plena Noite";"Crescente";"Chuva";"Dupla";"Reta;Aclive";"Sim";4;0;0;0;4;0;0;2;-15,7366224;-48,40222058;"SPRF-DF";"DEL03-DF";"UOP02-DEL03-DF"
333460;2021-01-09;"sábado";"23:10:00";"MA";316;550,6;"CAXIAS";"Ingestão de álcool pelo condutor";"Colisão frontal";"Com Vítimas Feridas";"Plena Noite";"Decrescente";"Céu Claro";"Simples";"Reta";"Não";2;0;0;1;1;0;1;2;-4,886773;-43,362507;"SPRF-MA";"DEL03-MA";"UOP02-DEL03-MA"
333461;2021-01-10;"domingo";"00:30:00";"DF";20;17,2;"BRASILIA";"Velocidade Incompatível";"Saída de leito carroçável";"Com Vítimas Fatais";"Plena Noite";"Crescente";"Céu Claro";"Dupla";"Aclive";"Sim";2;1;0;1;0;0;1;1;-15,621374;-47,71698;"SPRF-DF";"DEL02-DF";"UOP01-DEL02-DF"
333463;2021-01-10;"domingo";"00:45:00";"GO";60;29;"ALEXANIA";"Condutor Dormindo";"Saída de leito carroçável";"Com Vítimas Feridas";"Plena Noite";"Decrescente";"Nublado";"Dupla";"Reta";"Não";1;0;0;1;0;0;1;1;-16,0963;-48,5202;"SPRF-DF";"DEL03-DF";"UOP01-DEL03-DF"
333464;2021-01-10;"domingo";"01:30:00";"SC";470;124,8;"LONTRAS";"Ingestão de álcool pelo condutor";"Saída de leito carroçável";"Sem Vítimas";"Plena Noite";"Decrescente";"Nublado";"Simples";"Reta";"Não";1;0;0;0;1;0;0;1;-27,113192;-49,529163;"SPRF-SC";"DEL04-SC";"UOP02-DEL04-SC"