"id";"data_inversa";"dia_semana";"horario";"uf";"br";"km";"municipio";"causa_acidente";"tipo_acidente";"classificacao_acidente";"fase_dia";"sentido_via";"condicao_metereologica";"tipo_pista";"tracado_via";"uso_solo";"pessoas";"mortos";"feridos_leves";"feridos_graves";"ilesos";"ignorados";"feridos";"veiculos";"latitude";"longitude";"regional";"delegacia";"uop"
333467;2021-01-10;"domingo";"01:25:00";"RS";290;69,2;"GRAVATAI";"Condutor Dormindo";"Saída de leito carroçável";"Com Vítimas Feridas";"Plena Noite";"Decrescente";"Nublado";"Dupla";"Reta";"Não";1;0;1;0;0;0;1;1;-29,945609;-50,949179;"SPRF-RS";"DEL03-RS";"UOP01-DEL03-RS"
333469;2021-01-10;"domingo";"02:00:00";"MT";163;834;"SINOP";"Ingestão de álcool pelo condutor";"Tombamento";"Com Vítimas Feridas";"Plena Noite";"Crescente";"Céu Claro";"Dupla";"Reta";"Sim";1;0;0;1;0;0;1;1;-11,995863;-55,51709;"SPRF-MT";"DEL06-MT";"UOP01-DEL06-MT"
333470;2021-01-10;"domingo";"02:50:00";"SC";101;330;"TUBARAO";"Condutor Dormindo";"Colisão com objeto";"Sem Vítimas";"Plena Noite";"Crescente";"Céu Claro";"Dupla";"Reta";"Não";1;0;0;0;0;1;0;1;-28,45115639;-48,97286879;"SPRF-SC";"DEL02-SC";"UOP01-DEL02-SC"
333472;2021-01-10;"domingo";"01:30:00";"SC";163;87,4;"GUARACIABA";"Ingestão de álcool pelo condutor";"Saída de leito carroçável";"Com Vítimas Feridas";"Plena Noite";"Crescente";"Nublado";"Simples";"Curva;Em Obras";"Não";1;0;1;0;0;0;1;1;-26,58507318;-53,51843834;"SPRF-SC";"DEL07-SC";"UOP03-DEL07-SC"
333473;2021-01-10;"domingo";"02:00:00";"MG";153;11;"CENTRALINA";"Reação tardia ou ineficiente do condutor";"Saída de leito carroçável";"Sem Vítimas";"Plena Noite";"Decrescente";"Vento";"Dupla";"Reta";"Não";1;0;0;0;1;0;0;1;-18,51513597;-49,18936222;"SPRF-MG";"DEL15-MG";"UOP03-DEL15-MG"
333474;2021-01-09;"sábado";"20:15:00";"SC";101;375,4;"ICARA";"Ingestão de álcool pelo condutor";"Saída de leito carroçável";"Sem Vítimas";"Plena Noite";"Decrescente";"Céu Claro";"Dupla";"Reta";"Não";1;0;0;0;1;0;0;1;-28,73214104;-49,24415588;"SPRF-SC";"DEL02-SC";"UOP01-DEL02-SC"
333476;2021-01-10;"domingo";"04:15:00";"MG";50;70;"UBERLANDIA";"Ausência de reação do condutor";"Queda de ocupante de veículo";"Com Vítimas Feridas";"Plena Noite";"Crescente";"Nublado";"Dupla";"Reta";"Sim";1;0;1;0;0;0;1;1;-18,85140204;-48,25345932;"SPRF-MG";"DEL15-MG";"UOP01-DEL15-MG"
333477;2021-01-10;"domingo";"04:10:00";"SC";101;200,3;"SAO JOSE";"Problema com o freio";"Queda de ocupante de veículo";"Com Vítimas Feridas";"Plena Noite";"Crescente";"Ignorado";"Múltipla";"Reta";"Sim";2;0;2;0;0;0;2;1;-27,54018513;-48,62287714;"SPRF-SC";"DEL01-SC";"UOP01-DEL01-SC"
333478;2021-01-10;"domingo";"03:50:00";"SC";470;14,6;"ILHOTA";"Condutor Dormindo";"Colisão frontal";"Com Vítimas Feridas";"Amanhecer";"Crescente";"Céu Claro";"Simples";"Reta";"Não";3;0;2;1;0;0;3;2;-26,837988;-48,775795;"SPRF-SC";"DEL04-SC";"UOP04-DEL04-SC"
333479;2021-01-10;"domingo";"03:30:00";"RJ";116;79;"TERESOPOLIS";"Reação tardia ou ineficiente do condutor";"Colisão lateral sentido oposto";"Com Vítimas Feridas";"Plena Noite";"Crescente";"Chuva";"Simples";"Reta";"Sim";4;0;2;0;2;0;2;2;-22,381704;-42,954777;"SPRF-RJ";"DEL04-RJ";"UOP01-DEL04-RJ"
333480;2021-01-10;"domingo";"04:00:00";"BA";324;524;"FEIRA DE SANTANA";"Reação tardia ou ineficiente do condutor";"Queda de ocupante de veículo";"Com Vítimas Feridas";"Plena Noite";"Decrescente";"Céu Claro";"Dupla";"Reta";"Sim";1;0;1;0;0;0;1;1;-12,2955119;-38,90487093;"SPRF-BA";"DEL01-BA";"UOP03-DEL01-BA"
333481;2021-01-10;"domingo";"05:00:00";"PI";222;6,8;"SAO JOAO DA FRONTEIRA";"Reação tardia ou ineficiente do condutor";"Saída de leito carroçável";"Com Vítimas Feridas";"Amanhecer";"Decrescente";"Céu Claro";"Simples";"Reta";"Não";5;0;1;0;3;1;1;2;-3,94903878;-41,2728012;"SPRF-PI";"DEL02-PI";"UOP01-DEL02-PI"
333483;2021-01-10;"domingo";"04:35:00";"PR";369;435,2;"UBIRATA";"Acessar a via sem observar a presença dos outros veículos";"Colisão transversal";"Com Vítimas Feridas";"Plena Noite";"Crescente";"Céu Claro";"Simples";"Interseção de Vias";"Não";2;0;1;0;1;0;1;2;-24,48859482;-52,89389075;"SPRF-PR";"DEL09-PR";"UOP03-DEL09-PR"
333487;2021-01-10;"domingo";"05:30:00";"RJ";116;284;"BARRA MANSA";"Condutor Dormindo";"Capotamento";"Com Vítimas Feridas";"Amanhecer";"Decrescente";"Céu Claro";"Dupla";"Curva";"Não";1;0;1;0;0;0;1;1;-22,51174295;-44,21705393;"SPRF-RJ";"DEL07-RJ";"UOP02-DEL07-RJ"
333488;2021-01-10;"domingo";"05:20:00";"RJ";40;82;"PETROPOLIS";"Chuva";"Queda de ocupante de veículo";"Com Vítimas Feridas";"Amanhecer";"Decrescente";"Chuva";"Simples";"Curva";"Não";2;0;1;0;1;0;1;1;-22,51183137;-43,23076171;"SPRF-RJ";"DEL06-RJ";"UOP01-DEL06-RJ"
333490;2021-01-09;"sábado";"10:50:00";"MG";262;447,6;"NOVA SERRANA";"Manobra de mudança de faixa";"Colisão lateral";"Com Vítimas Feridas";"Pleno dia";"Crescente";"Céu Claro";"Simples";"Reta";"Não";3;0;2;0;1;0;2;2;-19,87341662;-44,96007194;"SPRF-MG";"DEL08-MG";"UOP03-DEL08-MG"
333491;2021-01-10;"domingo";"06:00:00";"MG";251;445;"GRAO MOGOL";"Velocidade Incompatível";"Saída de leito carroçável";"Com Vítimas Feridas";"Pleno dia";"Crescente";"Chuva";"Simples";"Curva";"Não";4;0;4;0;0;0;4;1;-16,42541501;-43,26662199;"SPRF-MG";"DEL12-MG";"UOP01-DEL12-MG"
333492;2021-01-10;"domingo";"06:30:00";"RJ";101;183;"CASIMIRO DE ABREU";"Condutor Dormindo";"Saída de leito carroçável";"Com Vítimas Feridas";"Pleno dia";"Decrescente";"Céu Claro";"Simples";"Reta";"Não";1;0;1;0;0;0;1;1;-22,42673584;-42,01668406;"SPRF-RJ";"DEL08-RJ";"UOP04-DEL08-RJ"
333493;2021-01-10;"domingo";"01:00:00";"MG";381;745;"TRES CORACOES";"Condutor Dormindo";"Saída de leito carroçável";"Com Vítimas Feridas";"Plena Noite";"Decrescente";"Chuva";"Dupla";"Reta";"Não";1;0;1;0;0;0;1;1;-21,637253;-45,28388;"SPRF-MG";"DEL16-MG";"UOP02-DEL16-MG"
333494;2021-01-10;"domingo";"05:00:00";"BA";110;168,5;"RIBEIRA DO POMBAL";"Ingestão de álcool pelo condutor";"Saída de leito carroçável";"Com Vítimas Feridas";"Amanhecer";"Decrescente";"Céu Claro";"Simples";"Reta";"Não";1;0;1;0;0;0;1;1;-10,791;-38,521;"SPRF-BA";"DEL07-BA";"UOP02-DEL07-BA"
333495;2021-01-10;"domingo";"05:10:00";"PR";476;129;"CURITIBA";"Chuva";"Queda de ocupante de veículo";"Sem Vítimas";"Pleno dia";"Decrescente";"Garoa/Chuvisco";"Dupla";"Reta";"Sim";1;0;0;0;0;1;0;1;-25,440983;-49,233715;"SPRF-PR";"DEL01-PR";"UOP03-DEL01-PR"
333496;2021-01-10;"domingo";"05:30:00";"RS";471;175,5;"RIO PARDO";"Ingestão de álcool pelo condutor";"Colisão com objeto";"Com Vítimas Feridas";"Plena Noite";"Crescente";"Nublado";"Simples";"Interseção de Vias";"Não";1;0;1;0;0;0;1;1;-29,99307662;-52,36839294;"SPRF-RS";"DEL02-RS";"UOP03-DEL02-RS"
333497;2021-01-10;"domingo";"05:30:00";"PB";230;8;"CABEDELO";"Velocidade Incompatível";"Saída de leito carroçável";"Sem Vítimas";"Amanhecer";"Crescente";"Nublado";"Dupla";"Em Obras";"Não";1;0;0;0;0;1;0;1;-7,0339588;-34,84219735;"SPRF-PB";"DEL01-PB";"UOP01-DEL01-PB"
333498;2021-01-09;"sábado";"22:00:00";"RJ";101;481;"ANGRA DOS REIS";"Redutor de velocidade em desacordo";"Saída de leito carroçável";"Com Vítimas Feridas";"Plena Noite";"Crescente";"Céu Claro";"Simples";"Curva";"Sim";2;0;1;1;0;0;2;1;-23,00976021;-44,29153237;"SPRF-RJ";"DEL03-RJ";"UOP03-DEL03-RJ"
333499;2021-01-10;"domingo";"05:15:00";"RS";153;517,9;"CACAPAVA DO SUL";"Demais falhas mecânicas ou elétricas";"Incêndio";"Sem Vítimas";"Amanhecer";"Decrescente";"Céu Claro";"Simples";"Curva";"Não";1;0;0;0;1;0;0;1;-30,64322902;-53,39818954;"SPRF-RS";"DEL09-RS";"UOP02-DEL09-RS"
333501;2021-01-10;"domingo";"03:45:00";"SP";381;89;"GUARULHOS";"Condutor Dormindo";"Colisão com objeto";"Com Vítimas Feridas";"Plena Noite";"Crescente";"Nublado";"Múltipla";"Reta";"Não";1;0;1;0;0;0;1;1;-23,48469299;-46,55983288;"SPRF-SP";"DEL03-SP";"UOP01-DEL03-SP"
333502;2021-01-10;"domingo";"07:00:00";"AL";101;72,5;"MESSIAS";"Animais na Pista";"Atropelamento de Animal";"Com Vítimas Feridas";"Pleno dia";"Crescente";"Céu Claro";"Dupla";"Reta";"Não";4;0;4;0;0;0;4;1;-9,385195;-35,831949;"SPRF-AL";"DEL01-AL";"UOP01-DEL01-AL"
333503;2021-01-10;"domingo";"02:41:00";"GO";364;131;"APARECIDA DO RIO DOCE";"Ausência de reação do condutor";"Saída de leito carroçável";"Com Vítimas Feridas";"Plena Noite";"Decrescente";"Céu Claro";"Simples";"Reta";"Não";2;0;2;0;0;0;2;1;-18,233049;-51,281437;"SPRF-GO";"DEL05-GO";"UOP01-DEL05-GO"
333505;2021-01-10;"domingo";"06:50:00";"RO";364;713;"PORTO VELHO";"Velocidade Incompatível";"Colisão com objeto";"Com Vítimas Feridas";"Pleno dia";"Decrescente";"Nublado";"Dupla";"Curva";"Sim";2;0;0;1;0;1;1;2;-8,77180866;-63,88178771;"SPRF-RO";"DEL01-RO";"UOP01-DEL01-RO"
333506;2021-01-10;"domingo";"07:00:00";"RO";364;16;"VILHENA";"Conversão proibida";"Colisão transversal";"Com Vítimas Feridas";"Pleno dia";"Decrescente";"Céu Claro";"Simples";"Reta";"Sim";2;0;0;1;1;0;1;2;-12,735046;-60,155153;"SPRF-RO";"DEL04-RO";"UOP01-DEL04-RO"
333507;2021-01-10;"domingo";"03:25:00";"SC";101;203;"SAO JOSE";"Pedestre cruzava a pista fora da faixa";"Atropelamento de Pedestre";"Com Vítimas Fatais";"Plena Noite";"Crescente";"Nublado";"Múltipla";"Reta";"Sim";2;1;0;0;1;0;0;2;-27,5650044;-48,61460082;"SPRF-SC";"DEL01-SC";"UOP01-DEL01-SC"
333510;2021-01-10;"domingo";"05:15:00";"RO";364;316,9;"PRESIDENTE MEDICI";"Condutor deixou de manter distância do veículo da frente";"Colisão traseira";"Com Vítimas Feridas";"Amanhecer";"Decrescente";"Céu Claro";"Simples";"Reta";"Não";2;0;1;0;0;1;1;2;-11,10135113;-61,90633126;"SPRF-RO";"DEL02-RO";"UOP01-DEL02-RO"
333511;2021-01-10;"domingo";"07:00:00";"SP";116;122,9;"CACAPAVA";"Demais falhas mecânicas ou elétricas";"Tombamento";"Com Vítimas Feridas";"Pleno dia";"Decrescente";"Nublado";"Dupla";"Reta";"Não";2;0;2;0;0;0;2;1;-23,085428;-45,666784;"SPRF-SP";"DEL06-SP";"UOP01-DEL06-SP"
333513;2021-01-10;"domingo";"08:14:00";"PR";277;70;"SAO JOSE DOS PINHAIS";"Acessar a via sem observar a presença dos outros veículos";"Colisão lateral mesmo sentido";"Com Vítimas Feridas";"Pleno dia";"Crescente";"Nublado";"Dupla";"Interseção de Vias";"Não";2;0;2;0;0;0;2;2;-25,51122823;-49,12888527;"SPRF-PR";"DEL01-PR";"UOP01-DEL01-PR"
333514;2021-01-10;"domingo";"06:20:00";"MS";262;677,4;"CORUMBA";"Pista esburacada";"Saída de leito carroçável";"Com Vítimas Feridas";"Pleno dia";"Crescente";"Céu Claro";"Simples";"Reta";"Não";5;0;2;0;2;1;2;2;-19,575083;-57,17177;"SPRF-MS";"DEL03-MS";"UOP03-DEL03-MS"
333515;2021-01-10;"domingo";"05:20:00";"MS";163;256;"DOURADOS";"Demais falhas mecânicas ou elétricas";"Incêndio";"Sem Vítimas";"Amanhecer";"Crescente";"Céu Claro";"Dupla";"Aclive;Reta";"Sim";1;0;0;0;0;1;0;1;-22,258688;-54,804028;"SPRF-MS";"DEL04-MS";"UOP01-DEL04-MS"
333516;2021-01-10;"domingo";"05:30:00";"MG";40;132;"JOAO PINHEIRO";"Ingestão de álcool pelo condutor";"Saída de leito carroçável";"Sem Vítimas";"Pleno dia";"Decrescente";"Céu Claro";"Simples";"Reta";"Não";1;0;0;0;0;1;0;1;-17,71046924;-46,26721306;"SPRF-MG";"DEL14-MG";"UOP01-DEL14-MG"
333517;2021-01-10;"domingo";"09:00:00";"MG";381;285;"JAGUARACU";"Demais falhas mecânicas ou elétricas";"Tombamento";"Com Vítimas Feridas";"Amanhecer";"Crescente";"Céu Claro";"Simples";"Reta";"Não";1;0;0;1;0;0;1;1;-19,6007948;-42,7537026;"SPRF-MG";"DEL03-MG";"UOP02-DEL03-MG"
333518;2021-01-09;"sábado";"23:00:00";"MG";267;183,4;"OLARIA";"Velocidade Incompatível";"Saída de leito carroçável";"Com Vítimas Feridas";"Plena Noite";"Crescente";"Ignorado";"Simples";"Curva;Declive";"Não";1;0;1;0;0;0;1;1;-21,9104332;-43,96366399;"SPRF-MG";"DEL05-MG";"UOP01-DEL05-MG"
333520;2021-01-10;"domingo";"07:40:00";"PE";316;25,4;"ARARIPINA";"Transitar na contramão";"Colisão frontal";"Com Vítimas Fatais";"Pleno dia";"Decrescente";"Céu Claro";"Simples";"Curva";"Sim";2;1;0;0;0;1;0;2;-7,59313223;-40,49459696;"SPRF-PE";"DEL05-PE";"UOP02-DEL05-PE"
333521;2021-01-10;"domingo";"09:20:00";"SP";116;98,5;"PINDAMONHANGABA";"Reação tardia ou ineficiente do condutor";"Tombamento";"Com Vítimas Feridas";"Pleno dia";"Decrescente";"Nublado";"Dupla";"Aclive";"Sim";1;0;1;0;0;0;1;1;-22,97805164;-45,45583318;"SPRF-SP";"DEL08-SP";"UOP01-DEL08-SP"
333522;2021-01-10;"domingo";"06:30:00";"SC";101;232;"PALHOCA";"Velocidade Incompatível";"Tombamento";"Com Vítimas Feridas";"Pleno dia";"Crescente";"Chuva";"Dupla";"Curva";"Não";2;0;2;0;0;0;2;1;-27,795666;-48,638153;"SPRF-SC";"DEL01-SC";"UOP02-DEL01-SC"
333523;2021-01-10;"domingo";"09:20:00";"MG";262;389,9;"FLORESTAL";"Reação tardia ou ineficiente do condutor";"Queda de ocupante de veículo";"Com Vítimas Feridas";"Pleno dia";"Crescente";"Céu Claro";"Dupla";"Declive";"Não";1;0;1;0;0;0;1;1;-19,93731108;-44,45266502;"SPRF-MG";"DEL01-MG";"UOP03-DEL01-MG"
333525;2021-01-10;"domingo";"10:15:00";"RN";110;58,8;"MOSSORO";"Demais falhas na via";"Colisão lateral sentido oposto";"Com Vítimas Feridas";"Pleno dia";"Crescente";"Céu Claro";"Simples";"Aclive";"Não";2;0;0;1;1;0;1;2;-5,290025;-37,330856;"SPRF-RN";"DEL04-RN";"UOP01-DEL04-RN"
333526;2021-01-10;"domingo";"10:25:00";"PR";116;90;"PIRAQUARA";"Avarias e/ou desgaste excessivo no pneu";"Queda de ocupante de veículo";"Com Vítimas Feridas";"Pleno dia";"Decrescente";"Céu Claro";"Dupla";"Reta";"Não";2;0;2;0;0;0;2;1;-25,48240397;-49,10575712;"SPRF-PR";"DEL01-PR";"UOP01-DEL01-PR"
333527;2021-01-10;"domingo";"10:00:00";"MA";222;672;"ACAILANDIA";"Ingestão de álcool pelo condutor";"Colisão traseira";"Sem Vítimas";"Pleno dia";"Decrescente";"Céu Claro";"Simples";"Reta";"Sim";2;0;0;0;2;0;0;2;-4,948327;-47,478293;"SPRF-MA";"DEL04-MA";"UOP03-DEL04-MA"
333528;2021-01-10;"domingo";"10:27:00";"MG";381;907,5;"CAMBUI";"Velocidade Incompatível";"Tombamento";"Com Vítimas Feridas";"Pleno dia";"Crescente";"Céu Claro";"Dupla";"Curva;Aclive";"Não";1;0;0;1;0;0;1;1;-22,6743393;-46,09751587;"SPRF-MG";"DEL16-MG";"UOP03-DEL16-MG"
333529;2021-01-10;"domingo";"09:00:00";"ES";482;77;"ALEGRE";"Mal súbito do condutor";"Saída de leito carroçável";"Com Vítimas Feridas";"Pleno dia";"Crescente";"Céu Claro";"Simples";"Reta";"Não";1;0;1;0;0;0;1;1;-20,75375018;-41,48909374;"SPRF-ES";"DEL03-ES";"UOP02-DEL03-ES"
333530;2021-01-10;"domingo";"10:20:00";"SC";101;18;"JOINVILLE";"Velocidade Incompatível";"Colisão traseira";"Com Vítimas Feridas";"Pleno dia";"Decrescente";"Céu Claro";"Dupla";"Reta";"Não";4;0;1;0;3;0;1;2;-26,128553;-48,888776;"SPRF-SC";"DEL03-SC";"UOP01-DEL03-SC"
333531;2021-01-10;"domingo";"10:40:00";"PE";101;72,7;"RECIFE";"Animais na Pista";"Colisão lateral";"Com Vítimas Feridas";"Pleno dia";"Crescente";"Sol";"Dupla";"Reta";"Sim";3;0;2;0;1;0;2;2;-8,08493106;-34,9450639;"SPRF-PE";"DEL01-PE";"UOP01-DEL01-PE"
333532;2021-01-10;"domingo";"10:30:00";"SP";116;207;"GUARULHOS";"Estacionar ou parar em local proibido";"Colisão traseira";"Com Vítimas Feridas";"Pleno dia";"Decrescente";"Céu Claro";"Múltipla";"Reta";"Sim";2;0;1;0;1;0;1;2;-23,41972188;-46,38419203;"SPRF-SP";"DEL01-SP";"UOP01-DEL01-SP"
333533;2021-01-10;"domingo";"11:25:00";"PR";277;359;"GUARAPUAVA";"Ultrapassagem Indevida";"Colisão frontal";"Com Vítimas Fatais";"Pleno dia";"Decrescente";"Céu Claro";"Simples";"Reta";"Não";12;1;3;2;6;0;5;3;-25,43297313;-51,60864919;"SPRF-PR";"DEL08-PR";"UOP01-DEL08-PR"
333534;2021-01-10;"domingo";"10:00:00";"MG";354;743;"POUSO ALTO";"Velocidade Incompatível";"Saída de leito carroçável";"Com Vítimas Feridas";"Pleno dia";"Crescente";"Nublado";"Simples";"Curva";"Sim";1;0;1;0;0;0;1;1;-22,24779318;-44,93545532;"SPRF-MG";"DEL17-MG";"UOP01-DEL17-MG"
333535;2021-01-10;"domingo";"08:15:00";"SP";381;89,5;"GUARULHOS";"Velocidade Incompatível";"Saída de leito carroçável";"Com Vítimas Feridas";"Pleno dia";"Decrescente";"Céu Claro";"Dupla";"Reta";"Sim";1;0;0;1;0;0;1;1;-23,48469299;-46,55983288;"SPRF-SP";"DEL03-SP";"UOP01-DEL03-SP"
333536;2021-01-10;"domingo";"10:30:00";"MG";381;907,5;"CAMBUI";"Velocidade Incompatível";"Tombamento";"Com Vítimas Fatais";"Pleno dia";"Crescente";"Sol";"Dupla";"Curva;Aclive";"Não";4;1;0;0;3;0;0;2;-22,67441177;-46,09767795;"SPRF-MG";"DEL16-MG";"UOP03-DEL16-MG"
333537;2021-01-10;"domingo";"10:20:00";"SC";470;57;"BLUMENAU";"Conversão proibida";"Colisão lateral";"Com Vítimas Feridas";"Pleno dia";"Decrescente";"Céu Claro";"Simples";"Reta";"Sim";3;0;2;0;1;0;2;2;-26,880428;-49,136532;"SPRF-SC";"DEL04-SC";"UOP01-DEL04-SC"
333538;2021-01-10;"domingo";"07:00:00";"AP";156;502;"TARTARUGALZINHO";"Transitar na contramão";"Colisão lateral sentido oposto";"Com Vítimas Feridas";"Amanhecer";"Crescente";"Nublado";"Simples";"Curva";"Não";4;0;1;1;2;0;2;2;1,65149704;-50,91407776;"SPRF-AP";"DEL01-AP";"UOP01-DEL01-AP"
333539;2021-01-10;"domingo";"10:45:00";"AP";156;391;"FERREIRA GOMES";"Transitar na contramão";"Colisão lateral sentido oposto";"Com Vítimas Feridas";"Pleno dia";"Decrescente";"Nublado";"Simples";"Curva";"Não";4;0;2;1;1;0;3;2;0,94431209;-51,18372421;"SPRF-AP";"DEL01-AP";"UOP01-DEL01-AP"
333540;2021-01-10;"domingo";"10:50:00";"MT";163;829;"SINOP";"Manobra de mudança de faixa";"Colisão traseira";"Com Vítimas Feridas";"Pleno dia";"Decrescente";"Céu Claro";"Simples";"Retorno Regulamentado";"Sim";2;0;0;1;1;0;1;2;-12,040704;-55,51732275;"SPRF-MT";"DEL06-MT";"UOP01-DEL06-MT"
333541;2021-01-10;"domingo";"12:00:00";"DF";20;8;"BRASILIA";"Demais falhas mecânicas ou elétricas";"Tombamento";"Com Vítimas Feridas";"Pleno dia";"Decrescente";"Nublado";"Dupla";"Reta";"Sim";1;0;1;0;0;0;1;1;-15,658386;-47,791534;"SPRF-DF";"DEL02-DF";"UOP01-DEL02-DF"
333543;2021-01-10;"domingo";"12:00:00";"SP";381;51;"ATIBAIA";"Frear bruscamente";"Queda de ocupante de veículo";"Com Vítimas Feridas";"Pleno dia";"Crescente";"Garoa/Chuvisco";"Dupla";"Reta";"Sim";2;0;2;0;0;0;2;1;-23,221911;-46,59644;"SPRF-SP";"DEL03-SP";"UOP01-DEL03-SP"
333544;2021-01-10;"domingo";"12:05:00";"SP";116;408;"JUQUIA";"Manobra de mudança de faixa";"Saída de leito carroçável";"Sem Vítimas";"Pleno dia";"Decrescente";"Garoa/Chuvisco";"Dupla";"Reta";"Não";1;0;0;0;1;0;0;1;-24,32873462;-47,57541707;"SPRF-SP";"DEL05-SP";"UOP01-DEL05-SP"
333545;2021-01-10;"domingo";"12:00:00";"BA";324;623;"SALVADOR";"Manobra de mudança de faixa";"Colisão lateral";"Com Vítimas Feridas";"Pleno dia";"Decrescente";"Céu Claro";"Dupla";"Reta";"Não";2;0;1;0;1;0;1;2;-12,92453448;-38,46816324;"SPRF-BA";"DEL01-BA";"UOP01-DEL01-BA"
333546;2021-01-10;"domingo";"10:00:00";"SC";280;281,2;"IRINEOPOLIS";"Demais falhas mecânicas ou elétricas";"Incêndio";"Sem Vítimas";"Pleno dia";"Crescente";"Céu Claro";"Simples";"Curva";"Não";1;0;0;0;1;0;0;1;-26,29742523;-50,83861502;"SPRF-SC";"DEL06-SC";"UOP04-DEL06-SC"
333547;2021-01-10;"domingo";"11:00:00";"PR";376;387;"IMBAU";"Manobra de mudança de faixa";"Queda de ocupante de veículo";"Com Vítimas Feridas";"Pleno dia";"Crescente";"Céu Claro";"Dupla";"Reta";"Não";1;0;1;0;0;0;1;1;-24,50165014;-50,71899331;"SPRF-PR";"DEL03-PR";"UOP02-DEL03-PR"
333548;2021-01-10;"domingo";"11:39:00";"MG";381;532,1;"ITATIAIUCU";"Velocidade Incompatível";"Saída de leito carroçável";"Com Vítimas Feridas";"Pleno dia";"Crescente";"Nublado";"Dupla";"Reta;Aclive";"Não";1;0;1;0;0;0;1;1;-20,1904316;-44,38268793;"SPRF-MG";"DEL04-MG";"UOP03-DEL04-MG"
333550;2021-01-10;"domingo";"13:10:00";"PR";376;177;"MARINGA";"Manobra de mudança de faixa";"Colisão lateral";"Com Vítimas Feridas";"Pleno dia";"Decrescente";"Céu Claro";"Dupla";"Interseção de Vias";"Sim";2;0;0;1;1;0;1;2;-23,41595855;-51,92226484;"SPRF-PR";"DEL09-PR";"UOP01-DEL09-PR"
333551;2021-01-10;"domingo";"13:10:00";"MG";381;777,7;"CAMPANHA";"Condutor Dormindo";"Saída de leito carroçável";"Com Vítimas Feridas";"Pleno dia";"Decrescente";"Sol";"Dupla";"Declive;Reta";"Não";3;0;2;0;1;0;2;1;-21,80026;-45,46731;"SPRF-MG";"DEL16-MG";"UOP02-DEL16-MG"
333552;2021-01-10;"domingo";"12:15:00";"MT";364;442;"VARZEA GRANDE";"Ingestão de álcool pelo condutor";"Saída de leito carroçável";"Sem Vítimas";"Pleno dia";"Decrescente";"Chuva";"Simples";"Curva";"Não";1;0;0;0;1;0;0;1;-15,64778792;-56,19701256;"SPRF-MT";"DEL01-MT";"UOP02-DEL01-MT"
333553;2021-01-10;"domingo";"10:30:00";"RJ";354;26;"RESENDE";"Desrespeitar a preferência no cruzamento";"Colisão transversal";"Com Vítimas Feridas";"Pleno dia";"Crescente";"Céu Claro";"Múltipla";"Curva";"Sim";3;0;0;1;2;0;1;2;-22,57491768;-44,621315;"SPRF-RJ";"DEL07-RJ";"UOP02-DEL07-RJ"
333555;2021-01-10;"domingo";"13:50:00";"PR";376;223;"CAMBIRA";"Acessar a via sem observar a presença dos outros veículos";"Colisão transversal";"Com Vítimas Feridas";"Pleno dia";"Crescente";"Céu Claro";"Dupla";"Interseção de Vias";"Não";3;0;0;1;1;1;1;3;-23,59012534;-51,57481471;"SPRF-PR";"DEL07-PR";"UOP03-DEL07-PR"
333556;2021-01-10;"domingo";"13:10:00";"SP";153;112,2;"JOSE BONIFACIO";"Ingestão de álcool pelo condutor";"Colisão traseira";"Com Vítimas Feridas";"Pleno dia";"Decrescente";"Nublado";"Simples";"Aclive;Reta";"Não";4;0;1;0;3;0;1;2;-21,10480404;-49,68274492;"SPRF-SP";"DEL09-SP";"UOP01-DEL09-SP"
333557;2021-01-10;"domingo";"12:00:00";"SC";470;21;"ILHOTA";"Ausência de reação do condutor";"Saída de leito carroçável";"Sem Vítimas";"Pleno dia";"Crescente";"Céu Claro";"Simples";"Reta";"Não";1;0;0;0;0;1;0;1;-26,876698;-48,827362;"SPRF-SC";"DEL04-SC";"UOP04-DEL04-SC"
333558;2021-01-10;"domingo";"14:00:00";"ES";101;260;"SERRA";"Condutor deixou de manter distância do veículo da frente";"Colisão traseira";"Com Vítimas Feridas";"Pleno dia";"Crescente";"Céu Claro";"Simples";"Reta";"Não";2;0;0;1;1;0;1;2;-20,14616415;-40,28836206;"SPRF-ES";"DEL02-ES";"UOP01-DEL02-ES"
333559;2021-01-10;"domingo";"12:50:00";"PR";277;307,2;"GUARAPUAVA";"Velocidade Incompatível";"Colisão com objeto";"Com Vítimas Feridas";"Pleno dia";"Decrescente";"Nublado";"Simples";"Reta";"Não";2;0;1;0;1;0;1;1;-25,31927873;-51,19543076;"SPRF-PR";"DEL08-PR";"UOP01-DEL08-PR"
333561;2021-01-10;"domingo";"14:50:00";"PR";277;693;"SAO MIGUEL DO IGUACU";"Desrespeitar a preferência no cruzamento";"Colisão transversal";"Com Vítimas Feridas";"Pleno dia";"Decrescente";"Céu Claro";"Dupla";"Reta";"Não";2;0;1;0;1;0;1;2;-25,37239725;-54,27033988;"SPRF-PR";"DEL05-PR";"UOP01-DEL05-PR"
333562;2021-01-10;"domingo";"14:05:00";"SP";153;282,5;"OCAUCU";"Ultrapassagem Indevida";"Colisão lateral sentido oposto";"Sem Vítimas";"Pleno dia";"Crescente";"Céu Claro";"Simples";"Reta";"Não";2;0;0;0;2;0;0;1;-22,43100995;-49,85907852;"SPRF-SP";"DEL07-SP";"UOP02-DEL07-SP"