"id";"data_inversa";"dia_semana";"horario";"uf";"br";"km";"municipio";"causa_acidente";"tipo_acidente";"classificacao_acidente";"fase_dia";"sentido_via";"condicao_metereologica";"tipo_pista";"tracado_via";"uso_solo";"pessoas";"mortos";"feridos_leves";"feridos_graves";"ilesos";"ignorados";"feridos";"veiculos";"latitude";"longitude";"regional";"delegacia";"uop"
333565;2021-01-10;"domingo";"14:45:00";"MG";381;654;"SANTO ANTONIO DO AMPARO";"Avarias e/ou desgaste excessivo no pneu";"Capotamento";"Com Vítimas Feridas";"Pleno dia";"Decrescente";"Chuva";"Dupla";"Curva;Aclive";"Não";3;0;1;0;2;0;1;1;-20,99437964;-44,96041633;"SPRF-MG";"DEL04-MG";"UOP02-DEL04-MG"
333566;2021-01-10;"domingo";"14:25:00";"MG";116;272,3;"TEOFILO OTONI";"Ingestão de álcool pelo condutor";"Colisão lateral mesmo sentido";"Com Vítimas Feridas";"Pleno dia";"Crescente";"Sol";"Simples";"Reta";"Não";2;0;1;0;1;0;1;2;-17,81943899;-41,49990501;"SPRF-MG";"DEL11-MG";"UOP01-DEL11-MG"
333572;2021-01-10;"domingo";"14:50:00";"PR";376;592;"CURITIBA";"Reação tardia ou ineficiente do condutor";"Colisão traseira";"Com Vítimas Feridas";"Pleno dia";"Decrescente";"Nublado";"Dupla";"Reta";"Sim";3;0;1;0;2;0;1;2;-25,46833525;-49,35524543;"SPRF-PR";"DEL01-PR";"UOP01-DEL01-PR"
333576;2021-01-10;"domingo";"16:20:00";"GO";60;44,7;"ALEXANIA";"Acessar a via sem observar a presença dos outros veículos";"Colisão lateral mesmo sentido";"Com Vítimas Feridas";"Pleno dia";"Crescente";"Chuva";"Dupla";"Retorno Regulamentado;Reta";"Sim";9;0;4;0;5;0;4;2;-16,1245;-48,5929;"SPRF-GO";"DEL02-GO";"UOP01-DEL02-GO"
333578;2021-01-10;"domingo";"15:55:00";"SP";381;73;"SAO PAULO";"Velocidade Incompatível";"Saída de leito carroçável";"Com Vítimas Feridas";"Pleno dia";"Decrescente";"Chuva";"Dupla";"Aclive;Curva";"Não";3;0;1;1;1;0;2;1;-23,36553404;-46,55253934;"SPRF-SP";"DEL03-SP";"UOP01-DEL03-SP"
333579;2021-01-10;"domingo";"16:45:00";"GO";153;174,7;"CAMPINORTE";"Acessar a via sem observar a presença dos outros veículos";"Colisão transversal";"Com Vítimas Feridas";"Pleno dia";"Decrescente";"Céu Claro";"Simples";"Reta";"Sim";2;0;1;0;1;0;1;2;-14,292733;-49,150192;"SPRF-GO";"DEL07-GO";"UOP02-DEL07-GO"
333580;2021-01-10;"domingo";"03:30:00";"RO";364;403;"OURO PRETO DO OESTE";"Manobra de mudança de faixa";"Saída de leito carroçável";"Com Vítimas Feridas";"Plena Noite";"Decrescente";"Céu Claro";"Simples";"Reta";"Não";1;0;1;0;0;0;1;1;-10,58293907;-62,36028809;"SPRF-RO";"DEL03-RO";"UOP02-DEL03-RO"
333581;2021-01-10;"domingo";"15:30:00";"BA";324;528,3;"FEIRA DE SANTANA";"Demais falhas mecânicas ou elétricas";"Queda de ocupante de veículo";"Com Vítimas Feridas";"Pleno dia";"Decrescente";"Sol";"Dupla";"Declive;Reta";"Não";2;0;2;0;0;0;2;1;-12,31728191;-38,87612093;"SPRF-BA";"DEL01-BA";"UOP03-DEL01-BA"
333582;2021-01-10;"domingo";"12:00:00";"SP";381;20;"BRAGANCA PAULISTA";"Pista Escorregadia";"Colisão com objeto";"Com Vítimas Feridas";"Pleno dia";"Decrescente";"Nublado";"Dupla";"Reta";"Não";1;0;1;0;0;0;1;1;-22,98443766;-46,50352511;"SPRF-SP";"DEL03-SP";"UOP01-DEL03-SP"
333583;2021-01-10;"domingo";"16:30:00";"MG";381;908,3;"CAMBUI";"Velocidade Incompatível";"Colisão com objeto";"Com Vítimas Feridas";"Pleno dia";"Decrescente";"Chuva";"Dupla";"Declive;Curva";"Não";2;0;0;1;1;0;1;1;-22,68035803;-46,10089431;"SPRF-MG";"DEL16-MG";"UOP03-DEL16-MG"
333585;2021-01-10;"domingo";"16:35:00";"SC";101;149;"ITAPEMA";"Ingestão de álcool pelo condutor";"Colisão traseira";"Sem Vítimas";"Pleno dia";"Decrescente";"Nublado";"Dupla";"Reta";"Sim";2;0;0;0;2;0;0;2;-27,1089649;-48,61277586;"SPRF-SC";"DEL04-SC";"UOP03-DEL04-SC"
333586;2021-01-10;"domingo";"17:10:00";"ES";101;62,9;"SAO MATEUS";"Manobra de mudança de faixa";"Saída de leito carroçável";"Com Vítimas Feridas";"Pleno dia";"Crescente";"Céu Claro";"Simples";"Reta";"Não";1;0;1;0;0;0;1;1;-18,69020499;-39,86154403;"SPRF-ES";"DEL04-ES";"UOP02-DEL04-ES"
333587;2021-01-09;"sábado";"21:00:00";"GO";70;295;"ITAPIRAPUA";"Objeto estático sobre o leito carroçável";"Colisão com objeto";"Com Vítimas Feridas";"Plena Noite";"Crescente";"Chuva";"Simples";"Aclive";"Não";1;0;0;1;0;0;1;1;-15,89534882;-50,44062194;"SPRF-GO";"DEL04-GO";"UOP01-DEL04-GO"
333588;2021-01-10;"domingo";"17:30:00";"SE";101;77;"LARANJEIRAS";"Condutor deixou de manter distância do veículo da frente";"Colisão traseira";"Sem Vítimas";"Pleno dia";"Crescente";"Sol";"Simples";"Ponte";"Sim";3;0;0;0;3;0;0;3;-10,776609;-37,13439;"SPRF-SE";"DEL01-SE";"UOP01-DEL01-SE"
333589;2021-01-10;"domingo";"16:45:00";"PR";116;7;"CAMPINA GRANDE DO SUL";"Condutor deixou de manter distância do veículo da frente";"Colisão traseira";"Sem Vítimas";"Pleno dia";"Crescente";"Nublado";"Dupla";"Reta";"Sim";2;0;0;0;2;0;0;2;-25,08235366;-48,61499799;"SPRF-PR";"DEL01-PR";"UOP02-DEL01-PR"
333590;2021-01-10;"domingo";"17:35:00";"PB";230;7,6;"CABEDELO";"Acesso irregular";"Colisão transversal";"Com Vítimas Feridas";"Anoitecer";"Crescente";"Céu Claro";"Dupla";"Reta";"Não";3;0;0;1;2;0;1;2;-7,026;-34,8385;"SPRF-PB";"DEL01-PB";"UOP01-DEL01-PB"
333591;2021-01-10;"domingo";"17:25:00";"MG";381;493;"BETIM";"Chuva";"Colisão traseira";"Com Vítimas Feridas";"Anoitecer";"Decrescente";"Chuva";"Dupla";"Reta";"Sim";2;0;1;0;1;0;1;2;-19,97670801;-44,19962698;"SPRF-MG";"DEL01-MG";"UOP03-DEL01-MG"
333592;2021-01-10;"domingo";"17:35:00";"PR";277;591,9;"CASCAVEL";"Condutor desrespeitou a iluminação vermelha do semáforo";"Colisão transversal";"Sem Vítimas";"Pleno dia";"Crescente";"Garoa/Chuvisco";"Simples";"Interseção de Vias";"Sim";2;0;0;0;2;0;0;2;-24,98473242;-53,46501885;"SPRF-PR";"DEL04-PR";"UOP01-DEL04-PR"
333593;2021-01-10;"domingo";"16:40:00";"SC";101;144;"ITAPEMA";"Condutor deixou de manter distância do veículo da frente";"Engavetamento";"Com Vítimas Feridas";"Pleno dia";"Decrescente";"Céu Claro";"Dupla";"Reta";"Não";5;0;1;0;4;0;1;4;-27,0732659;-48,59672716;"SPRF-SC";"DEL04-SC";"UOP03-DEL04-SC"
333594;2021-01-10;"domingo";"17:50:00";"PE";101;70;"RECIFE";"Manobra de mudança de faixa";"Colisão lateral mesmo sentido";"Com Vítimas Feridas";"Plena Noite";"Decrescente";"Nublado";"Dupla";"Reta";"Sim";3;0;2;0;0;1;2;2;-8,075596;-34,942694;"SPRF-PE";"DEL01-PE";"UOP01-DEL01-PE"
333595;2021-01-10;"domingo";"15:00:00";"MG";40;759;"JUIZ DE FORA";"Demais falhas mecânicas ou elétricas";"Saída de leito carroçável";"Sem Vítimas";"Pleno dia";"Crescente";"Nublado";"Simples";"Reta";"Não";1;0;0;0;0;1;0;1;-21,57539967;-43,4759903;"SPRF-MG";"DEL05-MG";"UOP01-DEL05-MG"
333596;2021-01-10;"domingo";"17:45:00";"DF";60;1;"BRASILIA";"Manobra de mudança de faixa";"Colisão lateral";"Com Vítimas Feridas";"Pleno dia";"Decrescente";"Céu Claro";"Dupla";"Reta";"Sim";2;0;1;0;1;0;1;2;-15,885093;-48,068954;"SPRF-DF";"DEL03-DF";"UOP01-DEL03-DF"
333597;2021-01-10;"domingo";"17:00:00";"SC";101;327,2;"CAPIVARI DE BAIXO";"Velocidade Incompatível";"Colisão traseira";"Com Vítimas Feridas";"Pleno dia";"Crescente";"Céu Claro";"Dupla";"Viaduto";"Sim";4;0;2;0;2;0;2;3;-28,43023306;-48,95205197;"SPRF-SC";"DEL02-SC";"UOP01-DEL02-SC"
333598;2021-01-10;"domingo";"17:30:00";"SC";101;418,4;"ARARANGUA";"Ultrapassagem Indevida";"Colisão lateral mesmo sentido";"Com Vítimas Feridas";"Pleno dia";"Crescente";"Nublado";"Múltipla";"Reta";"Sim";2;0;1;0;1;0;1;2;-28,98923207;-49,54573274;"SPRF-SC";"DEL02-SC";"UOP02-DEL02-SC"
333599;2021-01-10;"domingo";"15:45:00";"RJ";116;185,2;"NOVA IGUACU";"Ingestão de álcool pelo condutor";"Tombamento";"Com Vítimas Feridas";"Pleno dia";"Decrescente";"Nublado";"Dupla";"Reta";"Sim";3;0;0;2;1;0;2;2;-22,74151051;-43,45351823;"SPRF-RJ";"DEL01-RJ";"UOP02-DEL01-RJ"
333602;2021-01-10;"domingo";"18:20:00";"GO";40;5;"VALPARAISO DE GOIAS";"Condutor deixou de manter distância do veículo da frente";"Colisão traseira";"Sem Vítimas";"Anoitecer";"Decrescente";"Céu Claro";"Dupla";"Reta";"Sim";2;0;0;0;2;0;0;2;-16,093134;-47,982236;"SPRF-DF";"DEL01-DF";"UOP01-DEL01-DF"
333603;2021-01-10;"domingo";"17:35:00";"RS";158;349;"SANTA MARIA";"Avarias e/ou desgaste excessivo no pneu";"Tombamento";"Com Vítimas Feridas";"Pleno dia";"Decrescente";"Céu Claro";"Simples";"Reta";"Não";2;0;2;0;0;0;2;1;-29,76501382;-54,00418796;"SPRF-RS";"DEL09-RS";"UOP01-DEL09-RS"
333604;2021-01-10;"domingo";"17:00:00";"RJ";101;440;"MANGARATIBA";"Reação tardia ou ineficiente do condutor";"Colisão frontal";"Com Vítimas Feridas";"Pleno dia";"Crescente";"Nublado";"Simples";"Reta";"Não";10;0;4;0;6;0;4;2;-22,95534608;-44,08666676;"SPRF-RJ";"DEL03-RJ";"UOP03-DEL03-RJ"
333605;2021-01-10;"domingo";"18:15:00";"PE";232;123;"CARUARU";"Reação tardia ou ineficiente do condutor";"Colisão traseira";"Com Vítimas Feridas";"Plena Noite";"Crescente";"Céu Claro";"Dupla";"Reta";"Não";2;0;1;0;1;0;1;2;-8,30417276;-35,92823905;"SPRF-PE";"DEL02-PE";"UOP03-DEL02-PE"
333606;2021-01-10;"domingo";"17:40:00";"PR";116;107;"SAO JOSE DOS PINHAIS";"Condutor deixou de manter distância do veículo da frente";"Colisão traseira";"Sem Vítimas";"Pleno dia";"Crescente";"Céu Claro";"Dupla";"Reta";"Não";6;0;0;0;5;1;0;2;-25,56989668;-49,18778205;"SPRF-PR";"DEL01-PR";"UOP01-DEL01-PR"
333607;2021-01-10;"domingo";"17:05:00";"SC";280;119;"SAO BENTO DO SUL";"Ingestão de álcool pelo condutor";"Colisão transversal";"Com Vítimas Feridas";"Pleno dia";"Crescente";"Céu Claro";"Simples";"Declive";"Não";2;0;0;1;1;0;1;2;-26,26519673;-49,434177;"SPRF-SC";"DEL06-SC";"UOP03-DEL06-SC"
333608;2021-01-10;"domingo";"16:40:00";"SC";116;214;"PONTE ALTA";"Velocidade Incompatível";"Saída de leito carroçável";"Com Vítimas Feridas";"Pleno dia";"Crescente";"Sol";"Simples";"Curva";"Não";1;0;0;1;0;0;1;1;-27,53188987;-50,37131713;"SPRF-SC";"DEL05-SC";"UOP03-DEL05-SC"
333609;2021-01-10;"domingo";"18:30:00";"RJ";101;53;"CAMPOS DOS GOYTACAZES";"Ingestão de álcool pelo condutor";"Colisão transversal";"Com Vítimas Feridas";"Anoitecer";"Crescente";"Céu Claro";"Simples";"Interseção de Vias";"Sim";3;0;2;0;1;0;2;2;-21,66151876;-41,31138552;"SPRF-RJ";"DEL08-RJ";"UOP01-DEL08-RJ"
333611;2021-01-10;"domingo";"17:30:00";"RJ";101;483;"ANGRA DOS REIS";"Transitar na contramão";"Colisão frontal";"Com Vítimas Feridas";"Pleno dia";"Crescente";"Garoa/Chuvisco";"Simples";"Aclive";"Não";3;0;1;1;0;1;2;3;-22,99719001;-44,30136205;"SPRF-RJ";"DEL03-RJ";"UOP03-DEL03-RJ"
333612;2021-01-10;"domingo";"18:15:00";"MG";381;491;"BETIM";"Manobra de mudança de faixa";"Colisão com objeto";"Com Vítimas Feridas";"Plena Noite";"Crescente";"Chuva";"Dupla";"Reta";"Sim";4;0;1;0;3;0;1;1;-19,97018187;-44,18210416;"SPRF-MG";"DEL01-MG";"UOP03-DEL01-MG"
333613;2021-01-10;"domingo";"17:45:00";"BA";116;827,5;"VITORIA DA CONQUISTA";"Retorno proibido";"Colisão transversal";"Com Vítimas Feridas";"Pleno dia";"Decrescente";"Céu Claro";"Simples";"Reta";"Não";2;0;1;0;1;0;1;2;-14,89095822;-40,86245656;"SPRF-BA";"DEL08-BA";"UOP01-DEL08-BA"
333614;2021-01-10;"domingo";"17:30:00";"MS";163;616;"SAO GABRIEL DO OESTE";"Ingestão de álcool pelo condutor";"Saída de leito carroçável";"Com Vítimas Feridas";"Pleno dia";"Crescente";"Céu Claro";"Simples";"Reta";"Sim";5;0;0;5;0;0;5;1;-19,39073637;-54,57060659;"SPRF-MS";"DEL06-MS";"UOP02-DEL06-MS"
333615;2021-01-10;"domingo";"17:00:00";"MG";381;779,1;"CAMPANHA";"Ingestão de álcool pelo condutor";"Saída de leito carroçável";"Com Vítimas Feridas";"Pleno dia";"Crescente";"Nublado";"Dupla";"Curva";"Não";1;0;1;0;0;0;1;1;-21,83682863;-45,50981014;"SPRF-MG";"DEL16-MG";"UOP02-DEL16-MG"
333617;2021-01-10;"domingo";"18:31:00";"GO";40;5,3;"VALPARAISO DE GOIAS";"Manobra de mudança de faixa";"Colisão lateral";"Com Vítimas Feridas";"Pleno dia";"Decrescente";"Céu Claro";"Dupla";"Reta";"Sim";2;0;1;0;1;0;1;2;-16,093134;-47,982236;"SPRF-DF";"DEL01-DF";"UOP01-DEL01-DF"
333619;2021-01-10;"domingo";"16:40:00";"PI";343;259,7;"CAMPO MAIOR";"Acostamento em desnível";"Tombamento";"Com Vítimas Feridas";"Pleno dia";"Crescente";"Nublado";"Simples";"Reta";"Não";2;0;2;0;0;0;2;1;-4,8005701;-42,13431716;"SPRF-PI";"DEL01-PI";"UOP03-DEL01-PI"
333621;2021-01-10;"domingo";"18:30:00";"SC";101;14,5;"GARUVA";"Demais falhas mecânicas ou elétricas";"Saída de leito carroçável";"Sem Vítimas";"Pleno dia";"Crescente";"Chuva";"Dupla";"Reta";"Não";3;0;0;0;3;0;0;1;-26,09803515;-48,86773972;"SPRF-SC";"DEL03-SC";"UOP01-DEL03-SC"
333622;2021-01-10;"domingo";"17:30:00";"MA";135;7;"SAO LUIS";"Acessar a via sem observar a presença dos outros veículos";"Colisão transversal";"Com Vítimas Feridas";"Plena Noite";"Decrescente";"Céu Claro";"Dupla";"Curva";"Não";2;0;0;1;0;1;1;2;-2,63608835;-44,26848552;"SPRF-MA";"DEL01-MA";"UOP01-DEL01-MA"
333623;2021-01-10;"domingo";"14:30:00";"RJ";101;399;"ITAGUAI";"Ingestão de álcool pelo condutor";"Atropelamento de Pedestre";"Com Vítimas Fatais";"Pleno dia";"Decrescente";"Sol";"Dupla";"Reta";"Sim";4;1;1;1;1;0;2;2;-22,85921896;-43,75891497;"SPRF-RJ";"DEL03-RJ";"UOP01-DEL03-RJ"
333624;2021-01-04;"segunda-feira";"23:40:00";"SP";101;49;"UBATUBA";"Reação tardia ou ineficiente do condutor";"Tombamento";"Com Vítimas Feridas";"Plena Noite";"Crescente";"Nublado";"Simples";"Reta";"Sim";1;0;1;0;0;0;1;1;-23,44651971;-45,08130848;"SPRF-SP";"DEL06-SP";"UOP01-DEL06-SP"
333625;2021-01-10;"domingo";"19:10:00";"GO";60;29,6;"ALEXANIA";"Ingestão de álcool pelo condutor";"Colisão traseira";"Com Vítimas Feridas";"Anoitecer";"Decrescente";"Garoa/Chuvisco";"Dupla";"Reta";"Sim";13;0;3;0;10;0;3;3;-16,0963;-48,5202;"SPRF-DF";"DEL03-DF";"UOP01-DEL03-DF"
333626;2021-01-10;"domingo";"18:55:00";"SC";282;6;"SAO JOSE";"Velocidade Incompatível";"Tombamento";"Com Vítimas Feridas";"Anoitecer";"Crescente";"Nublado";"Dupla";"Curva;Declive";"Não";1;0;0;1;0;0;1;1;-27,591936;-48,618244;"SPRF-SC";"DEL01-SC";"UOP01-DEL01-SC"
333627;2021-01-10;"domingo";"18:20:00";"MG";146;513,1;"GUAXUPE";"Ingestão de álcool pelo condutor";"Colisão com objeto";"Com Vítimas Feridas";"Anoitecer";"Crescente";"Nublado";"Simples";"Curva";"Não";2;0;1;0;1;0;1;1;-21,27072118;-46,69451605;"SPRF-MG";"DEL09-MG";"UOP01-DEL09-MG"
333628;2021-01-10;"domingo";"19:00:00";"PI";343;19;"PARNAIBA";"Ingestão de álcool pelo condutor";"Colisão lateral sentido oposto";"Com Vítimas Feridas";"Plena Noite";"Decrescente";"Céu Claro";"Simples";"Reta";"Não";2;0;0;1;0;1;1;2;-2,972207;-41,760967;"SPRF-PI";"DEL05-PI";"UOP01-DEL05-PI"
333630;2021-01-10;"domingo";"18:50:00";"PR";116;12,7;"CAMPINA GRANDE DO SUL";"Pista esburacada";"Saída de leito carroçável";"Com Vítimas Feridas";"Anoitecer";"Crescente";"Chuva";"Dupla";"Curva";"Não";4;0;3;0;1;0;3;1;-25,09706813;-48,65517895;"SPRF-PR";"DEL01-PR";"UOP02-DEL01-PR"
333632;2021-01-10;"domingo";"19:00:00";"SC";470;74;"INDAIAL";"Condutor deixou de manter distância do veículo da frente";"Colisão traseira";"Com Vítimas Feridas";"Anoitecer";"Crescente";"Céu Claro";"Simples";"Reta";"Sim";3;0;2;0;1;0;2;2;-26,916288;-49,280807;"SPRF-SC";"DEL04-SC";"UOP01-DEL04-SC"
333633;2021-01-10;"domingo";"17:30:00";"PR";280;281,8;"FLOR DA SERRA DO SUL";"Reação tardia ou ineficiente do condutor";"Saída de leito carroçável";"Com Vítimas Feridas";"Pleno dia";"Decrescente";"Céu Claro";"Simples";"Declive;Reta";"Não";4;0;3;0;1;0;3;1;-26,23984515;-53,24137688;"SPRF-PR";"DEL02-PR";"UOP01-DEL02-PR"
333634;2021-01-10;"domingo";"13:00:00";"MG";381;243,3;"SANTANA DO PARAISO";"Demais falhas mecânicas ou elétricas";"Incêndio";"Sem Vítimas";"Pleno dia";"Crescente";"Céu Claro";"Simples";"Curva";"Não";1;0;0;0;1;0;0;1;-19,4362998;-42,50986437;"SPRF-MG";"DEL06-MG";"UOP01-DEL06-MG"
333635;2021-01-10;"domingo";"17:30:00";"BA";407;84;"JAGUARARI";"Reação tardia ou ineficiente do condutor";"Colisão lateral sentido oposto";"Com Vítimas Feridas";"Anoitecer";"Decrescente";"Céu Claro";"Simples";"Curva";"Não";2;0;1;0;0;1;1;2;-10,09621601;-40,23171105;"SPRF-BA";"DEL04-BA";"UOP01-DEL04-BA"
333637;2021-01-10;"domingo";"19:00:00";"MG";40;594,5;"OURO PRETO";"Avarias e/ou desgaste excessivo no pneu";"Colisão frontal";"Com Vítimas Feridas";"Plena Noite";"Crescente";"Chuva";"Simples";"Reta";"Não";3;0;2;1;0;0;3;2;-20,39632706;-43,90313706;"SPRF-MG";"DEL05-MG";"UOP02-DEL05-MG"
333638;2021-01-10;"domingo";"19:00:00";"SC";101;316,2;"PESCARIA BRAVA";"Condutor deixou de manter distância do veículo da frente";"Engavetamento";"Sem Vítimas";"Anoitecer";"Crescente";"Céu Claro";"Dupla";"Reta";"Não";3;0;0;0;2;1;0;3;-28,42904239;-48,84257464;"SPRF-SC";"DEL02-SC";"UOP01-DEL02-SC"
333639;2021-01-10;"domingo";"18:20:00";"MS";60;377;"CAMPO GRANDE";"Ingestão de álcool pelo condutor";"Tombamento";"Com Vítimas Feridas";"Amanhecer";"Decrescente";"Nublado";"Simples";"Reta";"Não";5;0;4;0;1;0;4;1;-20,60326611;-54,73507894;"SPRF-MS";"DEL01-MS";"UOP04-DEL01-MS"
333640;2021-01-10;"domingo";"19:27:00";"PA";316;26,5;"BENEVIDES";"Manobra de mudança de faixa";"Colisão lateral";"Com Vítimas Feridas";"Plena Noite";"Decrescente";"Céu Claro";"Dupla";"Reta";"Sim";3;0;2;0;1;0;2;2;-1,319892;-48,228147;"SPRF-PA";"DEL01-PA";"UOP01-DEL01-PA"
333641;2021-01-10;"domingo";"18:40:00";"RJ";116;197,5;"QUEIMADOS";"Reação tardia ou ineficiente do condutor";"Saída de leito carroçável";"Com Vítimas Feridas";"Plena Noite";"Decrescente";"Chuva";"Dupla";"Reta";"Não";1;0;1;0;0;0;1;1;-22,730132;-43,625607;"SPRF-RJ";"DEL01-RJ";"UOP02-DEL01-RJ"
333642;2021-01-10;"domingo";"18:00:00";"ES";101;1;"SERRA";"Manobra de mudança de faixa";"Colisão lateral";"Com Vítimas Feridas";"Anoitecer";"Decrescente";"Nublado";"Dupla";"Reta";"Não";2;0;1;0;1;0;1;2;-20,129093;-40,308125;"SPRF-ES";"DEL02-ES";"UOP01-DEL02-ES"
333643;2021-01-10;"domingo";"20:20:00";"MG";365;628;"UBERLANDIA";"Demais falhas mecânicas ou elétricas";"Saída de leito carroçável";"Sem Vítimas";"Plena Noite";"Crescente";"Céu Claro";"Dupla";"Reta";"Não";1;0;0;0;1;0;0;1;-18,90175741;-48,35287106;"SPRF-MG";"DEL15-MG";"UOP01-DEL15-MG"
333645;2021-01-10;"domingo";"18:20:00";"RO";364;99;"VILHENA";"Avarias e/ou desgaste excessivo no pneu";"Saída de leito carroçável";"Com Vítimas Feridas";"Plena Noite";"Decrescente";"Garoa/Chuvisco";"Simples";"Declive";"Não";1;0;1;0;0;0;1;1;-12,28140894;-60,64076356;"SPRF-RO";"DEL04-RO";"UOP01-DEL04-RO"
333646;2021-01-10;"domingo";"18:15:00";"RO";364;75;"VILHENA";"Velocidade Incompatível";"Capotamento";"Sem Vítimas";"Anoitecer";"Decrescente";"Chuva";"Simples";"Curva;Declive";"Não";1;0;0;0;0;1;0;1;-12,450671;-60,542761;"SPRF-RO";"DEL04-RO";"UOP01-DEL04-RO"
333647;2021-01-10;"domingo";"19:40:00";"SP";116;207;"GUARULHOS";"Condutor deixou de manter distância do veículo da frente";"Colisão traseira";"Com Vítimas Feridas";"Plena Noite";"Crescente";"Garoa/Chuvisco";"Dupla";"Reta";"Sim";3;0;1;0;2;0;1;2;-23,42111701;-46,390028;"SPRF-SP";"DEL01-SP";"UOP01-DEL01-SP"
333649;2021-01-10;"domingo";"20:30:00";"RS";158;327;"SANTA MARIA";"Condutor deixou de manter distância do veículo da frente";"Engavetamento";"Sem Vítimas";"Plena Noite";"Crescente";"Céu Claro";"Simples";"Reta";"Sim";5;0;0;0;4;1;0;3;-29,70870066;-53,8242799;"SPRF-RS";"DEL09-RS";"UOP01-DEL09-RS"
333650;2021-01-10;"domingo";"19:50:00";"RJ";116;175;"NOVA IGUACU";"Acessar a via sem observar a presença dos outros veículos";"Colisão lateral";"Com Vítimas Feridas";"Plena Noite";"Crescente";"Chuva";"Dupla";"Reta";"Sim";2;0;1;0;1;0;1;2;-22,78923555;-43,37275272;"SPRF-RJ";"DEL01-RJ";"UOP02-DEL01-RJ"
333651;2021-01-10;"domingo";"20:00:00";"ES";101;379,2;"ICONHA";"Animais na Pista";"Saída de leito carroçável";"Com Vítimas Feridas";"Plena Noite";"Crescente";"Céu Claro";"Simples";"Reta";"Não";5;0;4;0;1;0;4;1;-20,80192814;-40,82798487;"SPRF-ES";"DEL03-ES";"UOP01-DEL03-ES"
333652;2021-01-10;"domingo";"19:30:00";"MT";163;839;"SINOP";"Reação tardia ou ineficiente do condutor";"Colisão com objeto";"Com Vítimas Fatais";"Plena Noite";"Decrescente";"Céu Claro";"Simples";"Rotatória";"Sim";1;1;0;0;0;0;0;1;-11,951051;-55,516876;"SPRF-MT";"DEL06-MT";"NPF/DEL06-MT"
333653;2021-01-10;"domingo";"20:00:00";"SC";101;117,3;"ITAJAI";"Desrespeitar a preferência no cruzamento";"Colisão transversal";"Com Vítimas Feridas";"Plena Noite";"Decrescente";"Nublado";"Múltipla";"Interseção de Vias";"Não";3;0;2;0;1;0;2;2;-26,87937322;-48,6739558;"SPRF-SC";"DEL04-SC";"UOP04-DEL04-SC"
333654;2021-01-10;"domingo";"20:40:00";"SC";101;150;"ITAPEMA";"Acessar a via sem observar a presença dos outros veículos";"Colisão transversal";"Com Vítimas Feridas";"Plena Noite";"Crescente";"Céu Claro";"Múltipla";"Interseção de Vias";"Sim";2;0;1;0;1;0;1;2;-27,11744799;-48,60940987;"SPRF-SC";"DEL04-SC";"UOP03-DEL04-SC"
333655;2021-01-10;"domingo";"21:00:00";"SP";101;46,7;"UBATUBA";"Animais na Pista";"Atropelamento de Animal";"Com Vítimas Feridas";"Plena Noite";"Crescente";"Garoa/Chuvisco";"Simples";"Reta";"Sim";2;0;2;0;0;0;2;2;-23,43048007;-45,08298755;"SPRF-SP";"DEL06-SP";"UOP01-DEL06-SP"
333656;2021-01-10;"domingo";"18:10:00";"SC";101;334;"TUBARAO";"Desrespeitar a preferência no cruzamento";"Colisão lateral";"Com Vítimas Feridas";"Anoitecer";"Crescente";"Céu Claro";"Dupla";"Rotatória";"Sim";3;0;2;0;1;0;2;2;-28,46549914;-48,99569213;"SPRF-SC";"DEL02-SC";"UOP01-DEL02-SC"
333657;2021-01-10;"domingo";"20:30:00";"PR";116;119;"CURITIBA";"Ingestão de álcool pelo condutor";"Engavetamento";"Sem Vítimas";"Plena Noite";"Decrescente";"Nublado";"Dupla";"Reta";"Sim";4;0;0;0;4;0;0;4;-25,54456009;-49,30146002;"SPRF-PR";"DEL01-PR";"UOP01-DEL01-PR"
333658;2021-01-10;"domingo";"20:40:00";"PR";116;165,6;"QUITANDINHA";"Velocidade Incompatível";"Saída de leito carroçável";"Com Vítimas Feridas";"Plena Noite";"Crescente";"Céu Claro";"Simples";"Reta";"Não";3;0;1;1;0;1;2;1;-25,86629613;-49,43637602;"SPRF-PR";"DEL01-PR";"UOP03-DEL01-PR"
333662;2021-01-10;"domingo";"21:00:00";"PB";230;5,6;"CABEDELO";"Condutor deixou de manter distância do veículo da frente";"Colisão traseira";"Com Vítimas Feridas";"Plena Noite";"Decrescente";"Céu Claro";"Dupla";"Reta";"Sim";2;0;1;0;1;0;1;2;-7,00946755;-34,83088916;"SPRF-PB";"DEL01-PB";"UOP01-DEL01-PB"
333664;2021-01-10;"domingo";"19:20:00";"SC";101;143,7;"ITAPEMA";"Manobra de mudança de faixa";"Colisão lateral mesmo sentido";"Com Vítimas Feridas";"Plena Noite";"Decrescente";"Nublado";"Dupla";"Reta";"Sim";2;0;1;0;1;0;1;2;-27,06436;-48,59599405;"SPRF-SC";"DEL04-SC";"UOP03-DEL04-SC"
333665;2021-01-10;"domingo";"20:40:00";"RS";101;9,8;"TORRES";"Acessar a via sem observar a presença dos outros veículos";"Colisão transversal";"Sem Vítimas";"Plena Noite";"Crescente";"Nublado";"Dupla";"Reta";"Sim";2;0;0;0;2;0;0;2;-29,36685801;-49,81514399;"SPRF-RS";"DEL03-RS";"UOP02-DEL03-RS"