"id";"data_inversa";"dia_semana";"horario";"uf";"br";"km";"municipio";"causa_acidente";"tipo_acidente";"classificacao_acidente";"fase_dia";"sentido_via";"condicao_metereologica";"tipo_pista";"tracado_via";"uso_solo";"pessoas";"mortos";"feridos_leves";"feridos_graves";"ilesos";"ignorados";"feridos";"veiculos";"latitude";"longitude";"regional";"delegacia";"uop"
333667;2021-01-10;"domingo";"19:10:00";"PR";467;91;"CASCAVEL";"Velocidade Incompatível";"Saída de leito carroçável";"Com Vítimas Feridas";"Anoitecer";"Crescente";"Chuva";"Dupla";"Curva";"Não";3;0;3;0;0;0;3;1;-24,8515;-53,6035;"SPRF-PR";"DEL04-PR";"UOP01-DEL04-PR"
333668;2021-01-10;"domingo";"20:15:00";"PR";277;12;"PARANAGUA";"Ingestão de álcool pelo condutor";"Colisão lateral";"Com Vítimas Feridas";"Plena Noite";"Crescente";"Nublado";"Dupla";"Reta";"Não";2;0;1;0;1;0;1;2;-25,568198;-48,615292;"SPRF-PR";"DEL01-PR";"UOP05-DEL01-PR"
333670;2021-01-10;"domingo";"21:30:00";"PB";230;70,7;"SOBRADO";"Obras na pista";"Colisão com objeto";"Com Vítimas Feridas";"Plena Noite";"Decrescente";"Céu Claro";"Dupla";"Reta;Desvio Temporário;Em Obras";"Não";1;0;0;1;0;0;1;1;-7,191063;-35,239214;"SPRF-PB";"DEL01-PB";"UOP03-DEL01-PB"
333672;2021-01-10;"domingo";"18:15:00";"BA";407;3;"JUAZEIRO";"Demais falhas mecânicas ou elétricas";"Incêndio";"Sem Vítimas";"Plena Noite";"Decrescente";"Garoa/Chuvisco";"Simples";"Rotatória";"Sim";1;0;0;0;1;0;0;1;-9,425583;-40,499946;"SPRF-PE";"DEL06-PE";"UOP01-DEL06-PE"
333673;2021-01-10;"domingo";"21:20:00";"GO";40;11,3;"LUZIANIA";"Condutor deixou de manter distância do veículo da frente";"Colisão traseira";"Sem Vítimas";"Plena Noite";"Decrescente";"Céu Claro";"Dupla";"Reta";"Sim";4;0;0;0;3;1;0;2;-16,138336;-47,951644;"SPRF-DF";"DEL01-DF";"UOP01-DEL01-DF"
333674;2021-01-10;"domingo";"20:54:00";"PR";376;592;"CURITIBA";"Velocidade Incompatível";"Saída de leito carroçável";"Com Vítimas Feridas";"Plena Noite";"Crescente";"Nublado";"Dupla";"Reta";"Sim";2;0;0;2;0;0;2;1;-25,46833525;-49,35524543;"SPRF-PR";"DEL01-PR";"UOP01-DEL01-PR"
333675;2021-01-10;"domingo";"21:00:00";"MG";365;628;"UBERLANDIA";"Animais na Pista";"Atropelamento de Animal";"Com Vítimas Feridas";"Plena Noite";"Crescente";"Céu Claro";"Dupla";"Reta";"Sim";2;0;1;0;1;0;1;1;-18,90175741;-48,35287106;"SPRF-MG";"DEL15-MG";"UOP01-DEL15-MG"
333676;2021-01-10;"domingo";"21:12:00";"GO";50;116;"CRISTALINA";"Velocidade Incompatível";"Saída de leito carroçável";"Com Vítimas Feridas";"Plena Noite";"Decrescente";"Chuva";"Dupla";"Reta";"Não";2;0;0;2;0;0;2;1;-17,08826302;-47,67235592;"SPRF-DF";"DEL01-DF";"UOP02-DEL01-DF"
333677;2021-01-10;"domingo";"21:10:00";"RJ";101;236;"SILVA JARDIM";"Condutor deixou de manter distância do veículo da frente";"Colisão traseira";"Com Vítimas Feridas";"Plena Noite";"Crescente";"Céu Claro";"Dupla";"Em Obras";"Sim";3;0;1;1;1;0;2;2;-22,61013794;-42,40427401;"SPRF-RJ";"DEL02-RJ";"UOP03-DEL02-RJ"
333680;2021-01-10;"domingo";"22:25:00";"SP";116;288,1;"ITAPECERICA DA SERRA";"Avarias e/ou desgaste excessivo no pneu";"Colisão com objeto";"Com Vítimas Feridas";"Plena Noite";"Crescente";"Chuva";"Simples";"Curva";"Não";2;0;1;0;1;0;1;1;-23,71987467;-46,88526034;"SPRF-SP";"DEL04-SP";"UOP01-DEL04-SP"
333681;2021-01-10;"domingo";"19:10:00";"RJ";393;285;"VOLTA REDONDA";"Ingestão de álcool pelo condutor";"Engavetamento";"Sem Vítimas";"Plena Noite";"Decrescente";"Chuva";"Dupla";"Reta";"Sim";3;0;0;0;3;0;0;3;-22,481726;-44,06308602;"SPRF-RJ";"DEL05-RJ";"UOP04-DEL05-RJ"
333682;2021-01-10;"domingo";"22:15:00";"RS";392;351;"SANTA MARIA";"Pedestre cruzava a pista fora da faixa";"Atropelamento de Pedestre";"Com Vítimas Feridas";"Plena Noite";"Crescente";"Céu Claro";"Simples";"Reta";"Sim";6;0;0;1;2;3;1;2;-29,7284269;-53,80323691;"SPRF-RS";"DEL09-RS";"UOP01-DEL09-RS"
333683;2021-01-10;"domingo";"21:35:00";"BA";101;183;"CONCEICAO DA FEIRA";"Animais na Pista";"Atropelamento de Animal";"Com Vítimas Fatais";"Plena Noite";"Decrescente";"Céu Claro";"Simples";"Declive";"Não";1;1;0;0;0;0;0;1;-12,53594197;-38,97745507;"SPRF-BA";"DEL01-BA";"UOP03-DEL01-BA"
333686;2021-01-10;"domingo";"23:00:00";"PB";230;6;"CABEDELO";"Animais na Pista";"Atropelamento de Animal";"Sem Vítimas";"Plena Noite";"Crescente";"Céu Claro";"Dupla";"Reta";"Sim";1;0;0;0;1;0;0;1;-7,02;-34,8359;"SPRF-PB";"DEL01-PB";"UOP01-DEL01-PB"
333687;2021-01-10;"domingo";"22:30:00";"CE";222;132;"ITAPAJE";"Ingestão de álcool pelo condutor";"Colisão frontal";"Com Vítimas Fatais";"Plena Noite";"Crescente";"Céu Claro";"Simples";"Reta";"Sim";3;2;0;0;1;0;0;2;-3,72379272;-39,64384954;"SPRF-CE";"DEL04-CE";"UOP03-DEL04-CE"
333689;2021-01-10;"domingo";"17:15:00";"RJ";101;463;"ANGRA DOS REIS";"Reação tardia ou ineficiente do condutor";"Saída de leito carroçável";"Com Vítimas Feridas";"Pleno dia";"Crescente";"Nublado";"Simples";"Curva";"Não";1;0;1;0;0;0;1;1;-23,02635686;-44,21296905;"SPRF-RJ";"DEL03-RJ";"UOP03-DEL03-RJ"
333690;2021-01-10;"domingo";"05:00:00";"MA";10;295;"SAO FRANCISCO DO BREJAO";"Ingestão de álcool pelo condutor";"Saída de leito carroçável";"Sem Vítimas";"Pleno dia";"Decrescente";"Céu Claro";"Simples";"Declive";"Não";1;0;0;0;1;0;0;1;-5,151622;-47,54005;"SPRF-MA";"DEL04-MA";"UOP01-DEL04-MA"
333691;2021-01-10;"domingo";"23:30:00";"SP";116;210,7;"GUARULHOS";"Velocidade Incompatível";"Colisão com objeto";"Sem Vítimas";"Plena Noite";"Crescente";"Céu Claro";"Múltipla";"Reta";"Não";1;0;0;0;0;1;0;1;-23,42870023;-46,41085991;"SPRF-SP";"DEL01-SP";"UOP01-DEL01-SP"
333693;2021-01-10;"domingo";"18:20:00";"RJ";393;286;"VOLTA REDONDA";"Ingestão de álcool pelo condutor";"Colisão traseira";"Sem Vítimas";"Plena Noite";"Crescente";"Chuva";"Simples";"Reta";"Sim";3;0;0;0;3;0;0;3;-22,49133996;-44,06505619;"SPRF-RJ";"DEL05-RJ";"UOP04-DEL05-RJ"
333694;2021-01-10;"domingo";"22:15:00";"GO";414;392,4;"CORUMBA DE GOIAS";"Ingestão de álcool pelo condutor";"Saída de leito carroçável";"Com Vítimas Feridas";"Plena Noite";"Decrescente";"Garoa/Chuvisco";"Simples";"Rotatória";"Sim";1;0;1;0;0;0;1;1;-15,91393969;-48,80410441;"SPRF-GO";"DEL02-GO";"UOP01-DEL02-GO"
333695;2021-01-10;"domingo";"21:50:00";"RJ";101;334;"RIO DE JANEIRO";"Manobra de mudança de faixa";"Tombamento";"Com Vítimas Feridas";"Plena Noite";"Crescente";"Nublado";"Dupla";"Reta";"Sim";2;0;2;0;0;0;2;1;-22,88517902;-43,21704364;"SPRF-RJ";"DEL02-RJ";"UOP02-DEL02-RJ"
333696;2021-01-10;"domingo";"21:30:00";"MS";267;480,8;"JARDIM";"Ultrapassagem Indevida";"Colisão lateral mesmo sentido";"Com Vítimas Feridas";"Plena Noite";"Decrescente";"Céu Claro";"Simples";"Reta";"Sim";2;0;1;0;1;0;1;2;-21,47178327;-56,13379061;"SPRF-MS";"DEL05-MS";"UOP01-DEL05-MS"
333698;2021-01-10;"domingo";"23:40:00";"PR";277;692,8;"SAO MIGUEL DO IGUACU";"Ingestão de álcool pelo condutor";"Saída de leito carroçável";"Sem Vítimas";"Plena Noite";"Crescente";"Céu Claro";"Dupla";"Reta";"Não";1;0;0;0;1;0;0;1;-25,36774473;-54,26181715;"SPRF-PR";"DEL05-PR";"UOP01-DEL05-PR"
333699;2021-01-10;"domingo";"23:00:00";"RJ";101;328;"RIO DE JANEIRO";"Avarias e/ou desgaste excessivo no pneu";"Tombamento";"Com Vítimas Feridas";"Plena Noite";"Decrescente";"Céu Claro";"Múltipla";"Reta";"Não";2;0;2;0;0;0;2;1;-22,87028692;-43,16579699;"SPRF-RJ";"DEL02-RJ";"UOP02-DEL02-RJ"
333700;2021-01-10;"domingo";"19:45:00";"RS";158;324;"SANTA MARIA";"Deficiência do Sistema de Iluminação/Sinalização";"Colisão com objeto";"Com Vítimas Feridas";"Plena Noite";"Crescente";"Céu Claro";"Dupla";"Viaduto";"Sim";2;0;1;0;1;0;1;2;-29,69762558;-53,78846438;"SPRF-RS";"DEL09-RS";"UOP01-DEL09-RS"
333701;2021-01-10;"domingo";"23:10:00";"RO";364;237,8;"CACOAL";"Acessar a via sem observar a presença dos outros veículos";"Colisão lateral mesmo sentido";"Com Vítimas Feridas";"Plena Noite";"Crescente";"Céu Claro";"Simples";"Reta";"Sim";2;0;1;0;1;0;1;2;-11,44341056;-61,44672787;"SPRF-RO";"DEL02-RO";"UOP02-DEL02-RO"
333702;2021-01-11;"segunda-feira";"00:15:00";"RS";470;199;"BENTO GONCALVES";"Condutor Dormindo";"Colisão com objeto";"Com Vítimas Feridas";"Plena Noite";"Decrescente";"Céu Claro";"Simples";"Curva";"Não";1;0;1;0;0;0;1;1;-29,0629582;-51,58054016;"SPRF-RS";"DEL06-RS";"UOP02-DEL06-RS"
333703;2021-01-11;"segunda-feira";"00:40:00";"SP";116;276;"EMBU DAS ARTES";"Ingestão de álcool pelo condutor";"Eventos atípicos";"Com Vítimas Feridas";"Plena Noite";"Decrescente";"Céu Claro";"Dupla";"Curva";"Sim";1;0;1;0;0;0;1;1;-23,64262417;-46,83811382;"SPRF-SP";"DEL04-SP";"UOP01-DEL04-SP"
333704;2021-01-11;"segunda-feira";"00:40:00";"TO";153;333;"GUARAI";"Acessar a via sem observar a presença dos outros veículos";"Colisão transversal";"Com Vítimas Feridas";"Plena Noite";"Crescente";"Nublado";"Dupla";"Interseção de Vias";"Sim";2;0;1;0;1;0;1;2;-8,826486;-48,51216;"SPRF-TO";"DEL02-TO";"UOP02-DEL02-TO"
333705;2021-01-11;"segunda-feira";"00:30:00";"PI";316;312,5;"PICOS";"Reação tardia ou ineficiente do condutor";"Colisão com objeto";"Com Vítimas Fatais";"Plena Noite";"Crescente";"Céu Claro";"Simples";"Reta";"Sim";1;1;0;0;0;0;0;1;-7,08092534;-41,4582602;"SPRF-PI";"DEL04-PI";"UOP01-DEL04-PI"
333706;2021-01-11;"segunda-feira";"00:01:00";"PR";476;262,9;"SAO MATEUS DO SUL";"Animais na Pista";"Atropelamento de Animal";"Sem Vítimas";"Plena Noite";"Crescente";"Céu Claro";"Múltipla";"Reta";"Não";3;0;0;0;3;0;0;1;-25,895758;-50,263321;"SPRF-PR";"DEL02-PR";"UOP04-DEL02-PR"
333707;2021-01-11;"segunda-feira";"00:50:00";"MG";365;473;"PATROCINIO";"Ingestão de álcool pelo condutor";"Saída de leito carroçável";"Com Vítimas Feridas";"Plena Noite";"Decrescente";"Céu Claro";"Simples";"Reta";"Sim";1;0;1;0;0;0;1;1;-18,9256516;-47,00410366;"SPRF-MG";"DEL10-MG";"UOP01-DEL10-MG"
333708;2021-01-11;"segunda-feira";"01:00:00";"PI";343;3;"TERESINA";"Ausência de reação do condutor";"Colisão com objeto";"Sem Vítimas";"Plena Noite";"Crescente";"Céu Claro";"Múltipla";"Reta";"Sim";1;0;0;0;1;0;0;1;-5,089569;-42,802288;"SPRF-PI";"DEL01-PI";"UOP01-DEL01-PI"
333709;2021-01-10;"domingo";"23:15:00";"RJ";356;73;"ITALVA";"Transitar na contramão";"Colisão frontal";"Com Vítimas Fatais";"Plena Noite";"Decrescente";"Céu Claro";"Simples";"Curva;Aclive";"Não";3;1;1;0;0;1;1;3;-21,40493399;-41,68898216;"SPRF-RJ";"DEL08-RJ";"UOP03-DEL08-RJ"
333710;2021-01-11;"segunda-feira";"02:40:00";"SP";116;212;"GUARULHOS";"Ingestão de álcool pelo condutor";"Colisão com objeto";"Com Vítimas Feridas";"Plena Noite";"Decrescente";"Nublado";"Múltipla";"Reta";"Sim";4;0;2;0;2;0;2;1;-23,43608315;-46,42805094;"SPRF-SP";"DEL01-SP";"UOP01-DEL01-SP"
333711;2021-01-11;"segunda-feira";"03:40:00";"SC";101;195;"BIGUACU";"Ingestão de álcool pelo condutor";"Saída de leito carroçável";"Sem Vítimas";"Plena Noite";"Decrescente";"Chuva";"Simples";"Reta";"Sim";1;0;0;0;1;0;0;1;-27,5047092;-48,65010819;"SPRF-SC";"DEL01-SC";"UOP01-DEL01-SC"
333712;2021-01-11;"segunda-feira";"02:30:00";"MG";40;511,2;"RIBEIRAO DAS NEVES";"Pedestre cruzava a pista fora da faixa";"Atropelamento de Pedestre";"Com Vítimas Feridas";"Plena Noite";"Crescente";"Nublado";"Dupla";"Retorno Regulamentado";"Sim";4;0;1;0;3;0;1;2;-19,78164295;-44,11733194;"SPRF-MG";"DEL01-MG";"UOP02-DEL01-MG"
333713;2021-01-11;"segunda-feira";"03:20:00";"PR";277;157,4;"PORTO AMAZONAS";"Condutor Dormindo";"Capotamento";"Com Vítimas Feridas";"Plena Noite";"Crescente";"Nublado";"Simples";"Rotatória";"Não";2;0;1;0;1;0;1;1;-25,47292112;-49,89572346;"SPRF-PR";"DEL01-PR";"UOP03-DEL03-PR"
333714;2021-01-10;"domingo";"20:30:00";"SC";280;22,2;"ARAQUARI";"Reação tardia ou ineficiente do condutor";"Colisão traseira";"Sem Vítimas";"Plena Noite";"Crescente";"Nublado";"Simples";"Reta";"Não";2;0;0;0;2;0;0;2;-26,37114731;-48,70636225;"SPRF-SC";"DEL03-SC";"UOP03-DEL03-SC"
333716;2021-01-10;"domingo";"19:40:00";"MA";402;142,6;"SANTO AMARO DO MARANHAO";"Condutor Dormindo";"Colisão frontal";"Sem Vítimas";"Plena Noite";"Crescente";"Ignorado";"Simples";"Reta";"Não";2;0;0;0;0;2;0;2;-2,813004;-43,225124;"SPRF-MA";"DEL01-MA";"UOP01-DEL01-MA"
333719;2021-01-11;"segunda-feira";"04:30:00";"GO";153;569,4;"PROFESSOR JAMIL";"Condutor Dormindo";"Capotamento";"Com Vítimas Feridas";"Amanhecer";"Decrescente";"Nublado";"Dupla";"Reta";"Não";4;0;1;0;3;0;1;1;-17,2943;-49,2347;"SPRF-GO";"DEL03-GO";"UOP01-DEL03-GO"
333720;2021-01-11;"segunda-feira";"05:45:00";"DF";60;4;"BRASILIA";"Acessar a via sem observar a presença dos outros veículos";"Colisão transversal";"Com Vítimas Feridas";"Pleno dia";"Crescente";"Céu Claro";"Dupla";"Reta";"Não";5;0;2;0;3;0;2;2;-15,892721;-48,095741;"SPRF-DF";"DEL03-DF";"UOP01-DEL03-DF"
333721;2021-01-11;"segunda-feira";"04:00:00";"PB";230;215,8;"SOLEDADE";"Ingestão de álcool pelo condutor";"Colisão com objeto";"Com Vítimas Feridas";"Amanhecer";"Decrescente";"Céu Claro";"Dupla";"Reta;Declive";"Não";1;0;1;0;0;0;1;1;-7,0577;-36,3629;"SPRF-PB";"DEL02-PB";"UOP02-DEL02-PB"
333724;2021-01-10;"domingo";"19:42:00";"SC";280;20;"ARAQUARI";"Acessar a via sem observar a presença dos outros veículos";"Colisão transversal";"Com Vítimas Feridas";"Plena Noite";"Decrescente";"Céu Claro";"Simples";"Reta";"Não";3;0;1;1;1;0;2;2;-26,36990477;-48,68224301;"SPRF-SC";"DEL03-SC";"UOP03-DEL03-SC"
333727;2021-01-11;"segunda-feira";"06:40:00";"SC";101;212,4;"PALHOCA";"Manobra de mudança de faixa";"Colisão lateral";"Com Vítimas Feridas";"Pleno dia";"Decrescente";"Garoa/Chuvisco";"Múltipla";"Reta";"Sim";3;0;1;0;2;0;1;3;-27,62996929;-48,65903871;"SPRF-SC";"DEL01-SC";"UOP02-DEL01-SC"
333729;2021-01-10;"domingo";"20:15:00";"SC";470;324,4;"CAMPOS NOVOS";"Velocidade Incompatível";"Saída de leito carroçável";"Com Vítimas Feridas";"Plena Noite";"Decrescente";"Céu Claro";"Simples";"Reta";"Não";1;0;0;1;0;0;1;1;-27,446829;-51,24725;"SPRF-SC";"DEL07-SC";"UOP06-DEL07-SC"
333733;2021-01-11;"segunda-feira";"06:50:00";"PR";277;2,5;"PARANAGUA";"Acessar a via sem observar a presença dos outros veículos";"Colisão transversal";"Com Vítimas Feridas";"Pleno dia";"Decrescente";"Chuva";"Simples";"Curva";"Sim";3;0;1;1;1;0;2;2;-25,5370096;-48,5567567;"SPRF-PR";"DEL01-PR";"UOP05-DEL01-PR"
333734;2021-01-11;"segunda-feira";"06:30:00";"SC";101;101;"BALNEARIO PICARRAS";"Acessar a via sem observar a presença dos outros veículos";"Colisão transversal";"Sem Vítimas";"Pleno dia";"Decrescente";"Chuva";"Dupla";"Interseção de Vias";"Não";2;0;0;0;2;0;0;2;-26,76404198;-48,68657667;"SPRF-SC";"DEL03-SC";"UOP02-DEL03-SC"
333735;2021-01-11;"segunda-feira";"06:40:00";"ES";101;300;"VIANA";"Avarias e/ou desgaste excessivo no pneu";"Queda de ocupante de veículo";"Com Vítimas Feridas";"Pleno dia";"Crescente";"Céu Claro";"Dupla";"Reta";"Sim";2;0;1;0;1;0;1;1;-20,358635;-40,432167;"SPRF-ES";"DEL01-ES";"UOP01-DEL01-ES"
333738;2021-01-11;"segunda-feira";"06:45:00";"RS";386;377;"TABAI";"Ausência de reação do condutor";"Saída de leito carroçável";"Com Vítimas Feridas";"Pleno dia";"Crescente";"Céu Claro";"Dupla";"Reta";"Não";1;0;1;0;0;0;1;1;-29,6943174;-51,6893966;"SPRF-RS";"DEL04-RS";"UOP02-DEL04-RS"
333739;2021-01-11;"segunda-feira";"05:55:00";"RO";364;722;"PORTO VELHO";"Velocidade Incompatível";"Colisão com objeto";"Sem Vítimas";"Amanhecer";"Crescente";"Céu Claro";"Dupla";"Reta";"Não";1;0;0;0;1;0;0;1;-8,82631046;-63,93327871;"SPRF-RO";"DEL01-RO";"UOP01-DEL01-RO"
333742;2021-01-11;"segunda-feira";"07:00:00";"SP";116;272;"TABOAO DA SERRA";"Avarias e/ou desgaste excessivo no pneu";"Tombamento";"Com Vítimas Feridas";"Pleno dia";"Decrescente";"Céu Claro";"Dupla";"Reta";"Não";2;0;2;0;0;0;2;1;-23,621691;-46,813288;"SPRF-SP";"DEL04-SP";"UOP01-DEL04-SP"
333743;2021-01-11;"segunda-feira";"07:40:00";"RS";101;80;"OSORIO";"Problema com o freio";"Incêndio";"Sem Vítimas";"Pleno dia";"Crescente";"Sol";"Dupla";"Reta";"Não";1;0;0;0;1;0;0;1;-29,8263459;-50,2482636;"SPRF-RS";"DEL03-RS";"UOP01-DEL03-RS"
333744;2021-01-11;"segunda-feira";"07:30:00";"RS";116;148,7;"CAXIAS DO SUL";"Reação tardia ou ineficiente do condutor";"Atropelamento de Pedestre";"Com Vítimas Feridas";"Pleno dia";"Crescente";"Céu Claro";"Múltipla";"Curva";"Sim";3;0;1;0;1;1;1;2;-29,16033143;-51,15690351;"SPRF-RS";"DEL05-RS";"UOP01-DEL05-RS"
333746;2021-01-11;"segunda-feira";"07:55:00";"PR";277;115;"CAMPO LARGO";"Velocidade Incompatível";"Queda de ocupante de veículo";"Com Vítimas Feridas";"Pleno dia";"Crescente";"Garoa/Chuvisco";"Dupla";"Reta";"Sim";2;0;1;0;1;0;1;1;-25,44592742;-49,49461892;"SPRF-PR";"DEL01-PR";"UOP03-DEL03-PR"
333747;2021-01-11;"segunda-feira";"07:50:00";"ES";101;291;"CARIACICA";"Condutor deixou de manter distância do veículo da frente";"Colisão traseira";"Com Vítimas Feridas";"Pleno dia";"Decrescente";"Céu Claro";"Dupla";"Reta";"Sim";2;0;1;0;1;0;1;2;-20,29755744;-40,39445616;"SPRF-ES";"DEL01-ES";"UOP01-DEL01-ES"
333748;2021-01-11;"segunda-feira";"05:50:00";"ES";101;69;"SAO MATEUS";"Desrespeitar a preferência no cruzamento";"Colisão transversal";"Com Vítimas Feridas";"Pleno dia";"Decrescente";"Céu Claro";"Dupla";"Interseção de Vias";"Sim";4;0;1;0;3;0;1;2;-18,73556097;-39,86069526;"SPRF-ES";"DEL04-ES";"UOP02-DEL04-ES"
333749;2021-01-11;"segunda-feira";"06:40:00";"AL";423;105;"DELMIRO GOUVEIA";"Demais falhas mecânicas ou elétricas";"Colisão com objeto";"Sem Vítimas";"Pleno dia";"Crescente";"Céu Claro";"Simples";"Ponte";"Sim";1;0;0;0;1;0;0;1;-9,41357611;-38,19565166;"SPRF-BA";"DEL07-BA";"UOP01-DEL07-BA"
333750;2021-01-09;"sábado";"21:30:00";"MA";226;439;"GRAJAU";"Condutor Dormindo";"Colisão frontal";"Com Vítimas Feridas";"Plena Noite";"Decrescente";"Nublado";"Simples";"Reta";"Não";6;0;4;0;2;0;4;2;-5,90488407;-46,30780897;"SPRF-MA";"DEL04-MA";"UOP02-DEL04-MA"
333751;2021-01-11;"segunda-feira";"06:50:00";"RJ";493;99;"DUQUE DE CAXIAS";"Afundamento ou ondulação no pavimento";"Saída de leito carroçável";"Com Vítimas Feridas";"Amanhecer";"Decrescente";"Nublado";"Dupla";"Reta";"Não";3;0;1;1;1;0;2;1;-22,672089;-43,285053;"SPRF-RJ";"DEL03-RJ";"UOP01-DEL03-RJ"
333754;2021-01-11;"segunda-feira";"07:30:00";"DF";70;10;"BRASILIA";"Acessar a via sem observar a presença dos outros veículos";"Colisão lateral";"Com Vítimas Feridas";"Pleno dia";"Crescente";"Céu Claro";"Dupla";"Reta";"Sim";4;0;2;0;2;0;2;2;-15,787066;-48,140709;"SPRF-DF";"DEL03-DF";"UOP02-DEL03-DF"
333755;2021-01-11;"segunda-feira";"07:50:00";"PR";116;50;"CAMPINA GRANDE DO SUL";"Velocidade Incompatível";"Capotamento";"Sem Vítimas";"Pleno dia";"Crescente";"Garoa/Chuvisco";"Dupla";"Curva";"Não";1;0;0;0;1;0;0;1;-25,22793461;-48,85751128;"SPRF-PR";"DEL01-PR";"UOP02-DEL01-PR"
333756;2021-01-11;"segunda-feira";"07:50:00";"RN";110;47,3;"MOSSORO";"Condutor deixou de manter distância do veículo da frente";"Colisão traseira";"Com Vítimas Feridas";"Pleno dia";"Crescente";"Sol";"Simples";"Reta";"Sim";2;0;1;0;1;0;1;2;-5,20338376;-37,32563418;"SPRF-RN";"DEL04-RN";"UOP01-DEL04-RN"
333760;2021-01-11;"segunda-feira";"07:50:00";"PI";407;426;"PICOS";"Condutor deixou de manter distância do veículo da frente";"Engavetamento";"Sem Vítimas";"Pleno dia";"Decrescente";"Nublado";"Simples";"Reta";"Não";3;0;0;0;3;0;0;3;-7,10202791;-41,41802488;"SPRF-PI";"DEL04-PI";"UOP01-DEL04-PI"
333761;2021-01-11;"segunda-feira";"08:10:00";"ES";101;1,7;"SERRA";"Condutor deixou de manter distância do veículo da frente";"Colisão traseira";"Com Vítimas Feridas";"Pleno dia";"Crescente";"Céu Claro";"Múltipla";"Reta";"Sim";5;0;0;1;4;0;1;3;-20,129093;-40,308125;"SPRF-ES";"DEL02-ES";"UOP01-DEL02-ES"
333762;2021-01-11;"segunda-feira";"08:00:00";"RS";290;87;"PORTO ALEGRE";"Condutor deixou de manter distância do veículo da frente";"Colisão traseira";"Com Vítimas Feridas";"Pleno dia";"Crescente";"Céu Claro";"Dupla";"Reta";"Sim";2;0;1;0;1;0;1;2;-29,967838;-51,127197;"SPRF-RS";"DEL01-RS";"UOP01-DEL01-RS"
333765;2021-01-11;"segunda-feira";"08:10:00";"PR";369;152,7;"LONDRINA";"Condutor desrespeitou a iluminação vermelha do semáforo";"Colisão transversal";"Com Vítimas Feridas";"Pleno dia";"Crescente";"Céu Claro";"Dupla";"Interseção de Vias";"Sim";2;0;1;1;0;0;2;2;-23,29358104;-51,18728757;"SPRF-PR";"DEL07-PR";"UOP01-DEL07-PR"
333766;2021-01-11;"segunda-feira";"07:40:00";"CE";20;378;"CAUCAIA";"Ultrapassagem Indevida";"Colisão lateral";"Sem Vítimas";"Pleno dia";"Crescente";"Céu Claro";"Simples";"Ponte";"Não";3;0;0;0;3;0;0;3;-3,93125886;-38,86100221;"SPRF-CE";"DEL01-CE";"UOP01-DEL01-CE"
333767;2021-01-11;"segunda-feira";"08:35:00";"PR";369;187;"ARAPONGAS";"Ultrapassagem Indevida";"Colisão transversal";"Com Vítimas Feridas";"Pleno dia";"Decrescente";"Céu Claro";"Simples";"Reta";"Sim";2;0;0;1;1;0;1;2;-23,4274;-51,4231;"SPRF-PR";"DEL07-PR";"UOP03-DEL07-PR"
333771;2021-01-11;"segunda-feira";"07:50:00";"GO";40;12;"LUZIANIA";"Acessar a via sem observar a presença dos outros veículos";"Colisão transversal";"Com Vítimas Feridas";"Pleno dia";"Decrescente";"Céu Claro";"Dupla";"Reta";"Sim";2;0;1;1;0;0;2;2;-16,145123;-47,945382;"SPRF-DF";"DEL01-DF";"UOP01-DEL01-DF"
333772;2021-01-11;"segunda-feira";"07:21:00";"MT";364;401,8;"CUIABA";"Condutor deixou de manter distância do veículo da frente";"Engavetamento";"Com Vítimas Feridas";"Pleno dia";"Decrescente";"Céu Claro";"Dupla";"Reta";"Sim";6;0;2;0;4;0;2;6;-15,65044699;-55,99897742;"SPRF-MT";"DEL01-MT";"UOP02-DEL01-MT"
333774;2021-01-11;"segunda-feira";"09:30:00";"RJ";101;58;"CAMPOS DOS GOYTACAZES";"Ausência de reação do condutor";"Engavetamento";"Sem Vítimas";"Pleno dia";"Crescente";"Sol";"Simples";"Reta";"Não";4;0;0;0;4;0;0;3;-21,70488703;-41,30979616;"SPRF-RJ";"DEL08-RJ";"UOP01-DEL08-RJ"
333775;2021-01-11;"segunda-feira";"08:20:00";"TO";153;496;"PARAISO DO TOCANTINS";"Demais falhas mecânicas ou elétricas";"Colisão traseira";"Sem Vítimas";"Pleno dia";"Crescente";"Céu Claro";"Simples";"Declive";"Sim";4;0;0;0;0;4;0;3;-10,16527794;-48,88094578;"SPRF-TO";"DEL01-TO";"UOP01-DEL01-TO"
333776;2021-01-11;"segunda-feira";"08:50:00";"RS";290;98;"PORTO ALEGRE";"Condutor deixou de manter distância do veículo da frente";"Colisão traseira";"Com Vítimas Feridas";"Pleno dia";"Crescente";"Céu Claro";"Múltipla";"Reta";"Sim";2;0;1;0;0;1;1;2;-29,994816;-51,217403;"SPRF-RS";"DEL01-RS";"UOP01-DEL01-RS"
333777;2021-01-11;"segunda-feira";"09:50:00";"MG";40;452,8;"CAETANOPOLIS";"Reação tardia ou ineficiente do condutor";"Saída de leito carroçável";"Com Vítimas Feridas";"Pleno dia";"Crescente";"Nublado";"Dupla";"Retorno Regulamentado";"Não";2;0;1;0;0;1;1;2;-19,33382121;-44,36107939;"SPRF-MG";"DEL02-MG";"UOP01-DEL02-MG"