"id";"data_inversa";"dia_semana";"horario";"uf";"br";"km";"municipio";"causa_acidente";"tipo_acidente";"classificacao_acidente";"fase_dia";"sentido_via";"condicao_metereologica";"tipo_pista";"tracado_via";"uso_solo";"pessoas";"mortos";"feridos_leves";"feridos_graves";"ilesos";"ignorados";"feridos";"veiculos";"latitude";"longitude";"regional";"delegacia";"uop"
333929;2021-01-12;"terça-feira";"00:50:00";"SC";101;133;"BALNEARIO CAMBORIU";"Acessar a via sem observar a presença dos outros veículos";"Colisão lateral mesmo sentido";"Com Vítimas Feridas";"Plena Noite";"Decrescente";"Nublado";"Simples";"Reta";"Sim";2;0;1;0;1;0;1;2;-26,99936;-48,64609;"SPRF-SC";"DEL04-SC";"UOP03-DEL04-SC"
333930;2021-01-11;"segunda-feira";"23:50:00";"MG";262;800,7;"UBERABA";"Ingestão de álcool pelo condutor";"Colisão traseira";"Com Vítimas Feridas";"Plena Noite";"Crescente";"Céu Claro";"Dupla";"Reta";"Sim";2;0;1;0;1;0;1;2;-19,769021;-47,895882;"SPRF-MG";"DEL13-MG";"UOP01-DEL13-MG"
333934;2021-01-12;"terça-feira";"03:15:00";"GO";153;650;"MORRINHOS";"Condutor Dormindo";"Saída de leito carroçável";"Sem Vítimas";"Plena Noite";"Crescente";"Céu Claro";"Dupla";"Reta";"Não";2;0;0;0;2;0;0;1;-17,9665;-49,2533;"SPRF-GO";"DEL03-GO";"UOP01-DEL03-GO"
333937;2021-01-12;"terça-feira";"04:30:00";"PR";277;78;"CURITIBA";"Velocidade Incompatível";"Atropelamento de Animal";"Com Vítimas Feridas";"Plena Noite";"Decrescente";"Céu Claro";"Dupla";"Reta";"Sim";1;0;1;0;0;0;1;1;-25,4557498;-49,2511995;"SPRF-PR";"DEL01-PR";"UOP01-DEL01-PR"
333942;2021-01-12;"terça-feira";"04:30:00";"PR";277;77;"SAO JOSE DOS PINHAIS";"Condutor deixou de manter distância do veículo da frente";"Colisão traseira";"Sem Vítimas";"Plena Noite";"Decrescente";"Céu Claro";"Dupla";"Reta";"Sim";3;0;0;0;2;1;0;3;-25,51327981;-49,12433291;"SPRF-PR";"DEL01-PR";"UOP01-DEL01-PR"
333944;2021-01-12;"terça-feira";"05:45:00";"PR";116;33,4;"CAMPINA GRANDE DO SUL";"Velocidade Incompatível";"Colisão com objeto";"Com Vítimas Feridas";"Amanhecer";"Crescente";"Ignorado";"Dupla";"Curva";"Não";1;0;1;0;0;0;1;1;-25,1068163;-48,8493208;"SPRF-PR";"DEL01-PR";"UOP02-DEL01-PR"
333945;2021-01-12;"terça-feira";"05:00:00";"MG";381;893;"CAMBUI";"Condutor Dormindo";"Saída de leito carroçável";"Com Vítimas Feridas";"Amanhecer";"Decrescente";"Nublado";"Dupla";"Reta;Aclive";"Sim";1;0;1;0;0;0;1;1;-22,6103125;-46,0623465;"SPRF-MG";"DEL16-MG";"UOP03-DEL16-MG"
333946;2021-01-12;"terça-feira";"05:45:00";"ES";262;16,6;"VIANA";"Desrespeitar a preferência no cruzamento";"Colisão transversal";"Com Vítimas Feridas";"Pleno dia";"Crescente";"Céu Claro";"Simples";"Reta";"Não";4;0;0;1;1;2;1;3;-20,38441093;-40,463078;"SPRF-ES";"DEL01-ES";"UOP01-DEL01-ES"
333947;2021-01-12;"terça-feira";"06:25:00";"SC";470;54,4;"BLUMENAU";"Desrespeitar a preferência no cruzamento";"Colisão transversal";"Com Vítimas Feridas";"Pleno dia";"Crescente";"Céu Claro";"Simples";"Interseção de Vias";"Sim";2;0;1;0;1;0;1;2;-26,873266;-49,11436;"SPRF-SC";"DEL04-SC";"UOP01-DEL04-SC"
333948;2021-01-12;"terça-feira";"05:50:00";"PR";376;226,9;"CAMBIRA";"Fumaça";"Incêndio";"Sem Vítimas";"Amanhecer";"Decrescente";"Céu Claro";"Dupla";"Aclive";"Não";1;0;0;0;0;1;0;1;-23,57667294;-51,55279908;"SPRF-PR";"DEL07-PR";"UOP03-DEL07-PR"
333950;2021-01-12;"terça-feira";"06:40:00";"BA";116;596;"IRAJUBA";"Curva acentuada";"Saída de leito carroçável";"Com Vítimas Feridas";"Pleno dia";"Decrescente";"Nublado";"Simples";"Curva";"Não";5;0;2;0;3;0;2;1;-13,18013991;-40,0048822;"SPRF-BA";"DEL03-BA";"UOP02-DEL03-BA"
333951;2021-01-12;"terça-feira";"06:30:00";"DF";70;7,8;"BRASILIA";"Reação tardia ou ineficiente do condutor";"Colisão traseira";"Com Vítimas Feridas";"Pleno dia";"Decrescente";"Nublado";"Dupla";"Reta";"Sim";2;0;1;0;1;0;1;2;-15,78540873;-48,12072873;"SPRF-DF";"DEL03-DF";"UOP02-DEL03-DF"
333952;2021-01-12;"terça-feira";"06:20:00";"PE";428;185;"PETROLINA";"Condutor deixou de manter distância do veículo da frente";"Colisão traseira";"Com Vítimas Feridas";"Pleno dia";"Crescente";"Céu Claro";"Simples";"Reta";"Sim";2;0;1;0;1;0;1;2;-9,34009199;-40,47032001;"SPRF-PE";"DEL06-PE";"UOP01-DEL06-PE"
333958;2021-01-03;"domingo";"15:30:00";"RS";287;261;"SANTA MARIA";"Ultrapassagem Indevida";"Engavetamento";"Com Vítimas Feridas";"Pleno dia";"Decrescente";"Céu Claro";"Simples";"Reta";"Não";15;0;1;0;14;0;1;5;-29,67387033;-53,98129002;"SPRF-RS";"DEL09-RS";"UOP01-DEL09-RS"
333959;2021-01-12;"terça-feira";"07:20:00";"SC";470;39;"GASPAR";"Condutor deixou de manter distância do veículo da frente";"Colisão traseira";"Com Vítimas Feridas";"Pleno dia";"Decrescente";"Céu Claro";"Simples";"Curva";"Não";2;0;2;0;0;0;2;2;-26,897341;-48,986881;"SPRF-SC";"DEL04-SC";"UOP01-DEL04-SC"
333962;2021-01-12;"terça-feira";"07:50:00";"SC";101;207,1;"SAO JOSE";"Pista Escorregadia";"Tombamento";"Com Vítimas Feridas";"Pleno dia";"Decrescente";"Sol";"Múltipla";"Reta";"Não";1;0;0;1;0;0;1;1;-27,60001226;-48,6226467;"SPRF-SC";"DEL01-SC";"UOP01-DEL01-SC"
333964;2021-01-12;"terça-feira";"07:50:00";"ES";262;6,5;"CARIACICA";"Acessar a via sem observar a presença dos outros veículos";"Colisão transversal";"Com Vítimas Feridas";"Pleno dia";"Crescente";"Céu Claro";"Múltipla";"Reta";"Sim";2;0;1;0;1;0;1;2;-20,34007493;-40,39451305;"SPRF-ES";"DEL01-ES";"UOP01-DEL01-ES"
333965;2021-01-12;"terça-feira";"08:24:00";"PR";376;175,1;"MARINGA";"Condutor deixou de manter distância do veículo da frente";"Queda de ocupante de veículo";"Com Vítimas Feridas";"Pleno dia";"Decrescente";"Céu Claro";"Múltipla";"Reta";"Sim";1;0;1;0;0;0;1;1;-23,4113569;-51,9407767;"SPRF-PR";"DEL09-PR";"UOP01-DEL09-PR"
333966;2021-01-12;"terça-feira";"08:04:00";"MS";163;602;"SAO GABRIEL DO OESTE";"Reação tardia ou ineficiente do condutor";"Saída de leito carroçável";"Com Vítimas Feridas";"Pleno dia";"Crescente";"Nublado";"Simples";"Reta";"Não";2;0;2;0;0;0;2;1;-19,48654486;-54,48498074;"SPRF-MS";"DEL06-MS";"UOP02-DEL06-MS"
333969;2021-01-12;"terça-feira";"06:50:00";"SC";282;520,5;"XAXIM";"Demais falhas mecânicas ou elétricas";"Saída de leito carroçável";"Com Vítimas Feridas";"Pleno dia";"Crescente";"Céu Claro";"Dupla";"Curva";"Sim";1;0;0;1;0;0;1;1;-26,950415;-52,526096;"SPRF-SC";"DEL07-SC";"UOP01-DEL07-SC"
333970;2021-01-12;"terça-feira";"09:00:00";"GO";60;172,5;"ABADIA DE GOIAS";"Manobra de mudança de faixa";"Colisão transversal";"Sem Vítimas";"Pleno dia";"Crescente";"Céu Claro";"Dupla";"Reta";"Não";2;0;0;0;2;0;0;2;-16,738;-49,4076;"SPRF-GO";"DEL01-GO";"UOP02-DEL01-GO"
333971;2021-01-12;"terça-feira";"09:10:00";"RN";101;94;"NATAL";"Acessar a via sem observar a presença dos outros veículos";"Colisão transversal";"Com Vítimas Feridas";"Pleno dia";"Crescente";"Céu Claro";"Múltipla";"Reta";"Sim";2;0;1;0;1;0;1;2;-5,82997912;-35,21155899;"SPRF-RN";"DEL01-RN";"UOP01-DEL01-RN"
333972;2021-01-12;"terça-feira";"08:08:00";"RJ";101;326;"NITEROI";"Condutor deixou de manter distância do veículo da frente";"Colisão traseira";"Com Vítimas Feridas";"Pleno dia";"Decrescente";"Sol";"Dupla";"Ponte";"Não";2;0;1;0;1;0;1;2;-22,87206203;-43,146105;"SPRF-RJ";"DEL02-RJ";"UOP02-DEL02-RJ"
333975;2021-01-12;"terça-feira";"08:56:00";"RS";285;122,9;"VACARIA";"Ausência de reação do condutor";"Engavetamento";"Sem Vítimas";"Pleno dia";"Decrescente";"Céu Claro";"Simples";"Reta";"Sim";3;0;0;0;1;2;0;3;-28,50041344;-50,95058303;"SPRF-RS";"DEL05-RS";"UOP03-DEL05-RS"
333976;2021-01-12;"terça-feira";"09:55:00";"SP";116;217;"GUARULHOS";"Condutor deixou de manter distância do veículo da frente";"Colisão traseira";"Com Vítimas Feridas";"Pleno dia";"Crescente";"Céu Claro";"Dupla";"Reta";"Sim";3;0;2;0;1;0;2;2;-23,455228;-46,474983;"SPRF-SP";"DEL01-SP";"UOP01-DEL01-SP"
333980;2021-01-12;"terça-feira";"09:00:00";"RJ";101;266;"RIO BONITO";"Ausência de reação do condutor";"Engavetamento";"Com Vítimas Feridas";"Pleno dia";"Crescente";"Sol";"Dupla";"Reta";"Sim";3;0;1;0;2;0;1;3;-22,70861445;-42,65178735;"SPRF-RJ";"DEL02-RJ";"UOP03-DEL02-RJ"
333982;2021-01-12;"terça-feira";"10:15:00";"ES";101;266;"SERRA";"Velocidade Incompatível";"Queda de ocupante de veículo";"Com Vítimas Feridas";"Pleno dia";"Crescente";"Sol";"Múltipla";"Reta";"Sim";2;0;0;1;0;1;1;2;-20,190199;-40,26828891;"SPRF-ES";"DEL02-ES";"UOP01-DEL02-ES"
333983;2021-01-12;"terça-feira";"10:30:00";"RN";101;104,3;"PARNAMIRIM";"Avarias e/ou desgaste excessivo no pneu";"Colisão com objeto";"Com Vítimas Feridas";"Pleno dia";"Decrescente";"Chuva";"Múltipla";"Reta";"Sim";2;0;1;0;1;0;1;2;-5,892745;-35,257225;"SPRF-RN";"DEL01-RN";"UOP01-DEL01-RN"
333984;2021-01-12;"terça-feira";"07:30:00";"SC";282;300,7;"VARGEM";"Chuva";"Saída de leito carroçável";"Com Vítimas Feridas";"Pleno dia";"Decrescente";"Chuva";"Simples";"Declive;Curva";"Não";3;0;3;0;0;0;3;1;-27,515957;-50,917877;"SPRF-SC";"DEL07-SC";"UOP06-DEL07-SC"
333985;2021-01-12;"terça-feira";"10:40:00";"SP";116;209;"GUARULHOS";"Ausência de reação do condutor";"Colisão traseira";"Com Vítimas Feridas";"Pleno dia";"Crescente";"Céu Claro";"Múltipla";"Aclive;Reta";"Não";4;0;1;0;2;1;1;4;-23,42511799;-46,40221101;"SPRF-SP";"DEL01-SP";"UOP01-DEL01-SP"
333987;2021-01-12;"terça-feira";"10:55:00";"BA";101;693;"EUNAPOLIS";"Condutor deixou de manter distância do veículo da frente";"Colisão traseira";"Com Vítimas Feridas";"Pleno dia";"Crescente";"Céu Claro";"Simples";"Curva";"Não";5;0;1;0;4;0;1;2;-16,35950997;-39,57983311;"SPRF-BA";"DEL09-BA";"UOP01-DEL09-BA"
333991;2021-01-12;"terça-feira";"11:15:00";"TO";153;350;"GUARAI";"Chuva";"Capotamento";"Com Vítimas Feridas";"Pleno dia";"Crescente";"Chuva";"Simples";"Declive";"Não";1;0;1;0;0;0;1;1;-8,97819298;-48,49764907;"SPRF-TO";"DEL02-TO";"UOP02-DEL02-TO"
333992;2021-01-12;"terça-feira";"11:40:00";"SC";101;223;"PALHOCA";"Condutor deixou de manter distância do veículo da frente";"Colisão traseira";"Com Vítimas Feridas";"Pleno dia";"Decrescente";"Céu Claro";"Dupla";"Reta";"Não";4;0;2;0;2;0;2;2;-27,71552634;-48,64881251;"SPRF-SC";"DEL01-SC";"UOP02-DEL01-SC"
333993;2021-01-12;"terça-feira";"11:20:00";"SC";101;39,1;"JOINVILLE";"Pedestre andava na pista";"Atropelamento de Pedestre";"Com Vítimas Fatais";"Pleno dia";"Decrescente";"Nublado";"Dupla";"Curva;Aclive";"Sim";3;1;0;0;1;1;0;2;-26,30239;-48,882683;"SPRF-SC";"DEL03-SC";"UOP01-DEL03-SC"
333994;2021-01-12;"terça-feira";"11:50:00";"MG";365;669,9;"MONTE ALEGRE DE MINAS";"Avarias e/ou desgaste excessivo no pneu";"Saída de leito carroçável";"Com Vítimas Feridas";"Pleno dia";"Crescente";"Garoa/Chuvisco";"Dupla";"Reta";"Não";3;0;2;0;0;1;2;2;-18,88574107;-48,72615001;"SPRF-MG";"DEL15-MG";"UOP01-DEL15-MG"
333997;2021-01-12;"terça-feira";"12:10:00";"BA";324;605;"SIMOES FILHO";"Frear bruscamente";"Queda de ocupante de veículo";"Com Vítimas Feridas";"Pleno dia";"Decrescente";"Céu Claro";"Dupla";"Reta";"Sim";2;0;2;0;0;0;2;1;-12,78605114;-38,40972508;"SPRF-BA";"DEL01-BA";"UOP01-DEL01-BA"
333998;2021-01-12;"terça-feira";"12:00:00";"RS";386;415,8;"MONTENEGRO";"Acessar a via sem observar a presença dos outros veículos";"Colisão transversal";"Com Vítimas Feridas";"Pleno dia";"Crescente";"Nublado";"Simples";"Reta";"Não";2;0;0;1;1;0;1;2;-29,81804558;-51,46528244;"SPRF-RS";"DEL04-RS";"UOP02-DEL04-RS"
333999;2021-01-12;"terça-feira";"11:00:00";"PI";343;264;"CAMPO MAIOR";"Acessar a via sem observar a presença dos outros veículos";"Colisão transversal";"Com Vítimas Feridas";"Pleno dia";"Crescente";"Céu Claro";"Simples";"Interseção de Vias";"Sim";3;0;1;0;2;0;1;2;-4,827662;-42,162594;"SPRF-PI";"DEL01-PI";"UOP03-DEL01-PI"
334001;2021-01-12;"terça-feira";"12:40:00";"PE";232;7,3;"RECIFE";"Condutor deixou de manter distância do veículo da frente";"Colisão traseira";"Com Vítimas Feridas";"Pleno dia";"Decrescente";"Sol";"Dupla";"Reta";"Sim";2;0;1;0;1;0;1;2;-8,07583727;-34,97015791;"SPRF-PE";"DEL01-PE";"UOP01-DEL01-PE"
334002;2021-01-12;"terça-feira";"11:40:00";"RO";319;62,8;"PORTO VELHO";"Reação tardia ou ineficiente do condutor";"Colisão traseira";"Com Vítimas Feridas";"Pleno dia";"Crescente";"Céu Claro";"Dupla";"Reta";"Sim";2;0;1;0;1;0;1;2;-8,766685;-63,884052;"SPRF-RO";"DEL01-RO";"UOP01-DEL01-RO"
334003;2021-01-12;"terça-feira";"13:00:00";"GO";153;496;"GOIANIA";"Condutor deixou de manter distância do veículo da frente";"Colisão traseira";"Com Vítimas Feridas";"Pleno dia";"Decrescente";"Céu Claro";"Múltipla";"Reta;Aclive";"Não";2;0;0;1;1;0;1;2;-16,6776;-49,2314;"SPRF-GO";"DEL01-GO";"UOP01-DEL01-GO"
334005;2021-01-12;"terça-feira";"12:30:00";"PR";376;597;"CURITIBA";"Velocidade Incompatível";"Colisão lateral";"Sem Vítimas";"Pleno dia";"Decrescente";"Céu Claro";"Dupla";"Reta";"Sim";2;0;0;0;2;0;0;2;-25,510571;-49,338848;"SPRF-PR";"DEL01-PR";"UOP01-DEL01-PR"
334006;2021-01-12;"terça-feira";"13:10:00";"PR";277;664,4;"MATELANDIA";"Chuva";"Capotamento";"Com Vítimas Feridas";"Pleno dia";"Crescente";"Chuva";"Dupla";"Reta";"Não";1;0;0;1;0;0;1;1;-25,25301037;-54,02857196;"SPRF-PR";"DEL05-PR";"UOP02-DEL05-PR"
334007;2021-01-12;"terça-feira";"13:15:00";"SC";280;24,8;"ARAQUARI";"Condutor deixou de manter distância do veículo da frente";"Colisão traseira";"Com Vítimas Feridas";"Pleno dia";"Decrescente";"Céu Claro";"Simples";"Reta";"Não";2;0;1;0;1;0;1;2;-26,37724921;-48,71953282;"SPRF-SC";"DEL03-SC";"UOP03-DEL03-SC"
334011;2021-01-12;"terça-feira";"12:15:00";"RS";472;574;"URUGUAIANA";"Acessar a via sem observar a presença dos outros veículos";"Colisão transversal";"Com Vítimas Feridas";"Pleno dia";"Decrescente";"Céu Claro";"Simples";"Reta";"Sim";2;0;1;0;1;0;1;2;-29,76298966;-57,05563903;"SPRF-RS";"DEL13-RS";"UOP01-DEL13-RS"
334012;2021-01-12;"terça-feira";"13:00:00";"RJ";40;109;"DUQUE DE CAXIAS";"Ausência de reação do condutor";"Queda de ocupante de veículo";"Com Vítimas Feridas";"Pleno dia";"Crescente";"Sol";"Múltipla";"Reta";"Sim";1;0;1;0;0;0;1;1;-22,67374628;-43,28638368;"SPRF-RJ";"DEL01-RJ";"UOP01-DEL01-RJ"
334014;2021-01-12;"terça-feira";"11:00:00";"RJ";101;404;"ITAGUAI";"Acessar a via sem observar a presença dos outros veículos";"Colisão lateral";"Com Vítimas Feridas";"Pleno dia";"Crescente";"Céu Claro";"Simples";"Reta";"Sim";4;0;2;0;2;0;2;2;-22,8749472;-43,81355008;"SPRF-RJ";"DEL03-RJ";"UOP01-DEL03-RJ"
334015;2021-01-12;"terça-feira";"07:00:00";"SC";101;438;"SOMBRIO";"Objeto estático sobre o leito carroçável";"Saída de leito carroçável";"Com Vítimas Feridas";"Pleno dia";"Decrescente";"Céu Claro";"Dupla";"Reta";"Não";1;0;1;0;0;0;1;1;-29,12329351;-49,64670312;"SPRF-SC";"DEL02-SC";"UOP02-DEL02-SC"
334019;2021-01-12;"terça-feira";"13:55:00";"DF";40;7;"BRASILIA";"Pista Escorregadia";"Queda de ocupante de veículo";"Com Vítimas Feridas";"Pleno dia";"Crescente";"Chuva";"Dupla";"Reta";"Sim";2;0;1;0;1;0;1;2;-16,038666;-47,979691;"SPRF-DF";"DEL01-DF";"UOP01-DEL01-DF"
334020;2021-01-02;"sábado";"20:30:00";"SP";153;74;"SAO JOSE DO RIO PRETO";"Afundamento ou ondulação no pavimento";"Tombamento";"Com Vítimas Feridas";"Plena Noite";"Crescente";"Céu Claro";"Dupla";"Reta";"Não";1;0;1;0;0;0;1;1;-20,88538598;-49,42676402;"SPRF-SP";"DEL09-SP";"UOP01-DEL09-SP"
334021;2021-01-12;"terça-feira";"11:20:00";"PI";316;174,4;"VALENCA DO PIAUI";"Reação tardia ou ineficiente do condutor";"Saída de leito carroçável";"Com Vítimas Feridas";"Pleno dia";"Decrescente";"Nublado";"Simples";"Reta";"Não";4;0;3;0;1;0;3;1;-6,22586626;-42,0108469;"SPRF-PI";"DEL04-PI";"UOP02-DEL04-PI"
334022;2021-01-12;"terça-feira";"13:40:00";"MT";364;199,5;"RONDONOPOLIS";"Chuva";"Tombamento";"Com Vítimas Fatais";"Pleno dia";"Decrescente";"Chuva";"Dupla";"Reta";"Sim";1;1;0;0;0;0;0;1;-16,5011709;-54,63072394;"SPRF-MT";"DEL02-MT";"UOP01-DEL02-MT"
334023;2021-01-12;"terça-feira";"14:00:00";"MS";463;31;"DOURADOS";"Demais falhas mecânicas ou elétricas";"Saída de leito carroçável";"Com Vítimas Feridas";"Pleno dia";"Decrescente";"Sol";"Simples";"Reta";"Não";2;0;0;2;0;0;2;1;-22,29673884;-55,07601403;"SPRF-MS";"DEL04-MS";"UOP03-DEL04-MS"
334025;2021-01-12;"terça-feira";"14:00:00";"PE";232;8,8;"JABOATAO DOS GUARARAPES";"Condutor deixou de manter distância do veículo da frente";"Engavetamento";"Com Vítimas Feridas";"Pleno dia";"Crescente";"Céu Claro";"Múltipla";"Viaduto";"Sim";4;0;1;0;3;0;1;3;-8,07583727;-34,97015791;"SPRF-PE";"DEL01-PE";"UOP01-DEL01-PE"
334026;2021-01-12;"terça-feira";"14:40:00";"SC";101;315,2;"PESCARIA BRAVA";"Condutor deixou de manter distância do veículo da frente";"Colisão traseira";"Com Vítimas Feridas";"Pleno dia";"Crescente";"Sol";"Simples";"Declive";"Sim";2;0;1;0;1;0;1;2;-28,42748656;-48,85148048;"SPRF-SC";"DEL02-SC";"UOP01-DEL02-SC"
334028;2021-01-12;"terça-feira";"14:58:00";"RS";158;0,3;"SANTANA DO LIVRAMENTO";"Mal súbito do condutor";"Tombamento";"Com Vítimas Feridas";"Pleno dia";"Decrescente";"Nublado";"Simples";"Rotatória";"Sim";1;0;1;0;0;0;1;1;-30,891298;-55,533264;"SPRF-RS";"DEL11-RS";"UOP01-DEL11-RS"
334031;2021-01-12;"terça-feira";"15:05:00";"PR";373;173,3;"PONTA GROSSA";"Acumulo de areia ou detritos sobre o pavimento";"Tombamento";"Com Vítimas Feridas";"Pleno dia";"Decrescente";"Céu Claro";"Dupla";"Reta";"Sim";1;0;0;1;0;0;1;1;-25,07937996;-50,20409167;"SPRF-PR";"DEL03-PR";"UOP04-DEL03-PR"
334032;2021-01-12;"terça-feira";"14:25:00";"SP";116;133,2;"CACAPAVA";"Frear bruscamente";"Capotamento";"Com Vítimas Feridas";"Pleno dia";"Crescente";"Céu Claro";"Dupla";"Reta";"Não";1;0;1;0;0;0;1;1;-23,1359564;-45,7532708;"SPRF-SP";"DEL02-SP";"UOP02-DEL02-SP"
334037;2021-01-12;"terça-feira";"14:30:00";"MG";365;364,5;"VARJAO DE MINAS";"Desrespeitar a preferência no cruzamento";"Colisão frontal";"Com Vítimas Feridas";"Pleno dia";"Decrescente";"Nublado";"Simples";"Reta";"Não";4;0;4;0;0;0;4;2;-18,46158508;-46,08350681;"SPRF-MG";"DEL10-MG";"UOP01-DEL10-MG"
334038;2021-01-12;"terça-feira";"12:30:00";"MG";365;292,7;"JOAO PINHEIRO";"Chuva";"Saída de leito carroçável";"Com Vítimas Feridas";"Pleno dia";"Decrescente";"Chuva";"Simples";"Curva";"Não";5;0;4;1;0;0;5;1;-18,10670983;-45,69720212;"SPRF-MG";"DEL10-MG";"UOP01-DEL10-MG"
334039;2021-01-12;"terça-feira";"15:10:00";"RN";304;293;"MACAIBA";"Velocidade Incompatível";"Colisão traseira";"Com Vítimas Feridas";"Pleno dia";"Decrescente";"Chuva";"Simples";"Reta;Em Obras";"Não";4;0;1;0;3;0;1;2;-5,86846237;-35,37602795;"SPRF-RN";"DEL01-RN";"UOP02-DEL01-RN"
334040;2021-01-12;"terça-feira";"15:30:00";"DF";20;12,5;"BRASILIA";"Condutor deixou de manter distância do veículo da frente";"Engavetamento";"Com Vítimas Feridas";"Pleno dia";"Crescente";"Garoa/Chuvisco";"Dupla";"Reta";"Sim";12;0;1;0;11;0;1;4;-15,642812;-47,757786;"SPRF-DF";"DEL02-DF";"UOP01-DEL02-DF"
334041;2021-01-12;"terça-feira";"16:10:00";"GO";153;558;"PROFESSOR JAMIL";"Velocidade Incompatível";"Saída de leito carroçável";"Com Vítimas Feridas";"Pleno dia";"Crescente";"Chuva";"Dupla";"Curva;Declive";"Não";2;0;1;0;1;0;1;1;-17,2081;-49,2137;"SPRF-GO";"DEL03-GO";"UOP01-DEL03-GO"
334044;2021-01-12;"terça-feira";"15:45:00";"SC";101;42,7;"JOINVILLE";"Ausência de reação do condutor";"Tombamento";"Com Vítimas Feridas";"Pleno dia";"Decrescente";"Sol";"Dupla";"Declive";"Sim";1;0;1;0;0;0;1;1;-26,29251598;-48,88474385;"SPRF-SC";"DEL03-SC";"UOP01-DEL03-SC"
334045;2021-01-12;"terça-feira";"14:00:00";"RJ";101;60;"CAMPOS DOS GOYTACAZES";"Condutor desrespeitou a iluminação vermelha do semáforo";"Colisão transversal";"Com Vítimas Feridas";"Pleno dia";"Decrescente";"Sol";"Simples";"Curva";"Sim";2;0;2;0;0;0;2;2;-21,72048414;-41,31448591;"SPRF-RJ";"DEL08-RJ";"UOP01-DEL08-RJ"
334046;2021-01-12;"terça-feira";"08:10:00";"MT";70;563;"NOSSA SENHORA DO LIVRAMENTO";"Acessar a via sem observar a presença dos outros veículos";"Saída de leito carroçável";"Com Vítimas Feridas";"Pleno dia";"Crescente";"Céu Claro";"Simples";"Curva";"Não";3;0;0;1;0;2;1;3;-15,69935369;-56,42488993;"SPRF-MT";"DEL03-MT";"UOP02-DEL03-MT"
334047;2021-01-12;"terça-feira";"16:00:00";"SP";116;140;"SAO JOSE DOS CAMPOS";"Condutor deixou de manter distância do veículo da frente";"Colisão traseira";"Com Vítimas Feridas";"Pleno dia";"Crescente";"Nublado";"Dupla";"Reta";"Sim";2;0;1;0;1;0;1;2;-23,16577714;-45,81246193;"SPRF-SP";"DEL02-SP";"UOP01-DEL02-SP"
334048;2021-01-12;"terça-feira";"16:10:00";"SC";282;220,1;"LAGES";"Velocidade Incompatível";"Tombamento";"Com Vítimas Feridas";"Pleno dia";"Crescente";"Sol";"Simples";"Curva";"Sim";2;0;2;0;0;0;2;1;-27,79486235;-50,3262574;"SPRF-SC";"DEL05-SC";"UOP01-DEL05-SC"
334050;2021-01-12;"terça-feira";"15:30:00";"MG";381;709,6;"CARMO DA CACHOEIRA";"Curva acentuada";"Queda de ocupante de veículo";"Com Vítimas Feridas";"Pleno dia";"Decrescente";"Céu Claro";"Dupla";"Curva;Aclive";"Não";1;0;1;0;0;0;1;1;-21,37772086;-45,19419525;"SPRF-MG";"DEL04-MG";"UOP02-DEL04-MG"
334051;2021-01-12;"terça-feira";"11:30:00";"BA";116;571;"BREJOES";"Avarias e/ou desgaste excessivo no pneu";"Saída de leito carroçável";"Sem Vítimas";"Pleno dia";"Decrescente";"Céu Claro";"Simples";"Curva";"Não";3;0;0;0;3;0;0;1;-13,01747168;-39,95928314;"SPRF-BA";"DEL03-BA";"UOP02-DEL03-BA"
334053;2021-01-12;"terça-feira";"17:00:00";"RS";287;248;"SANTA MARIA";"Retorno proibido";"Colisão transversal";"Com Vítimas Feridas";"Pleno dia";"Crescente";"Nublado";"Simples";"Reta";"Sim";2;0;1;0;1;0;1;2;-29,69618923;-53,84977698;"SPRF-RS";"DEL09-RS";"UOP01-DEL09-RS"
334054;2021-01-12;"terça-feira";"17:00:00";"SC";101;354,9;"SANGAO";"Velocidade Incompatível";"Engavetamento";"Com Vítimas Feridas";"Pleno dia";"Crescente";"Nublado";"Dupla";"Declive";"Não";3;0;1;0;2;0;1;3;-28,61806302;-49,07013199;"SPRF-SC";"DEL02-SC";"UOP01-DEL02-SC"
334055;2021-01-12;"terça-feira";"16:20:00";"MS";163;580;"BANDEIRANTES";"Reação tardia ou ineficiente do condutor";"Saída de leito carroçável";"Com Vítimas Feridas";"Pleno dia";"Crescente";"Nublado";"Dupla";"Reta";"Não";1;0;1;0;0;0;1;1;-19,64535408;-54,36286212;"SPRF-MS";"DEL06-MS";"UOP02-DEL06-MS"
334056;2021-01-12;"terça-feira";"17:00:00";"ES";101;267,8;"SERRA";"Entrada inopinada do pedestre";"Atropelamento de Pedestre";"Com Vítimas Feridas";"Anoitecer";"Crescente";"Céu Claro";"Múltipla";"Interseção de Vias";"Não";3;0;1;2;0;0;3;2;-20,19930999;-40,26884609;"SPRF-ES";"DEL02-ES";"UOP01-DEL02-ES"
334057;2021-01-12;"terça-feira";"17:40:00";"SC";101;213,2;"PALHOCA";"Trafegar com motocicleta (ou similar) entre as faixas";"Queda de ocupante de veículo";"Com Vítimas Feridas";"Pleno dia";"Decrescente";"Céu Claro";"Múltipla";"Reta";"Sim";2;0;1;0;1;0;1;2;-27,63697369;-48,66514142;"SPRF-SC";"DEL01-SC";"UOP02-DEL01-SC"