"id";"data_inversa";"dia_semana";"horario";"uf";"br";"km";"municipio";"causa_acidente";"tipo_acidente";"classificacao_acidente";"fase_dia";"sentido_via";"condicao_metereologica";"tipo_pista";"tracado_via";"uso_solo";"pessoas";"mortos";"feridos_leves";"feridos_graves";"ilesos";"ignorados";"feridos";"veiculos";"latitude";"longitude";"regional";"delegacia";"uop"
334062;2021-01-12;"terça-feira";"18:00:00";"RN";304;41,3;"MOSSORO";"Ultrapassagem Indevida";"Colisão lateral";"Com Vítimas Feridas";"Anoitecer";"Decrescente";"Céu Claro";"Dupla";"Reta";"Sim";2;0;2;0;0;0;2;1;-5,20483515;-37,37615746;"SPRF-RN";"DEL04-RN";"UOP01-DEL04-RN"
334063;2021-01-12;"terça-feira";"17:00:00";"RN";110;45;"MOSSORO";"Velocidade Incompatível";"Queda de ocupante de veículo";"Com Vítimas Feridas";"Anoitecer";"Crescente";"Céu Claro";"Simples";"Reta";"Sim";1;0;1;0;0;0;1;1;-5,19257993;-37,31114905;"SPRF-RN";"DEL04-RN";"UOP01-DEL04-RN"
334066;2021-01-12;"terça-feira";"18:15:00";"PE";101;72,9;"RECIFE";"Condutor deixou de manter distância do veículo da frente";"Colisão traseira";"Com Vítimas Feridas";"Plena Noite";"Crescente";"Céu Claro";"Dupla";"Reta";"Sim";3;0;2;0;1;0;2;2;-8,08493106;-34,9450639;"SPRF-PE";"DEL01-PE";"UOP01-DEL01-PE"
334068;2021-01-12;"terça-feira";"17:20:00";"RO";364;344;"JI-PARANA";"Acessar a via sem observar a presença dos outros veículos";"Colisão lateral mesmo sentido";"Com Vítimas Feridas";"Pleno dia";"Crescente";"Céu Claro";"Múltipla";"Interseção de Vias";"Sim";2;0;1;0;1;0;1;2;-10,87376391;-61,95256893;"SPRF-RO";"DEL02-RO";"UOP01-DEL02-RO"
334069;2021-01-12;"terça-feira";"16:25:00";"AC";364;136;"RIO BRANCO";"Reação tardia ou ineficiente do condutor";"Colisão traseira";"Com Vítimas Feridas";"Pleno dia";"Decrescente";"Céu Claro";"Dupla";"Reta";"Não";2;0;1;0;1;0;1;2;-9,977578;-67,8489;"SPRF-AC";"DEL01-AC";"UOP01-DEL01-AC"
334070;2021-01-12;"terça-feira";"14:30:00";"MG";262;7,3;"MARTINS SOARES";"Pista esburacada";"Colisão com objeto";"Com Vítimas Feridas";"Pleno dia";"Crescente";"Sol";"Simples";"Curva";"Não";3;0;1;0;2;0;1;2;-20,25582453;-41,81690282;"SPRF-MG";"DEL06-MG";"UOP03-DEL06-MG"
334071;2021-01-12;"terça-feira";"17:10:00";"MG";262;45;"MANHUACU";"Manobra de mudança de faixa";"Colisão frontal";"Com Vítimas Feridas";"Pleno dia";"Decrescente";"Sol";"Simples";"Curva";"Não";2;0;0;1;1;0;1;2;-20,26145201;-42,09686296;"SPRF-MG";"DEL06-MG";"UOP03-DEL06-MG"
334072;2021-01-12;"terça-feira";"18:55:00";"CE";222;308;"TIANGUA";"Animais na Pista";"Queda de ocupante de veículo";"Com Vítimas Feridas";"Plena Noite";"Decrescente";"Céu Claro";"Simples";"Declive";"Sim";1;0;1;0;0;0;1;1;-3,68901102;-40,97669036;"SPRF-CE";"DEL04-CE";"UOP02-DEL04-CE"
334073;2021-01-12;"terça-feira";"19:00:00";"PB";101;98,5;"ALHANDRA";"Velocidade Incompatível";"Tombamento";"Com Vítimas Feridas";"Plena Noite";"Decrescente";"Céu Claro";"Dupla";"Declive;Reta";"Não";1;0;1;0;0;0;1;1;-7,24692282;-34,93113937;"SPRF-PB";"DEL01-PB";"UOP02-DEL01-PB"
334076;2021-01-12;"terça-feira";"18:00:00";"SP";116;412;"JUQUIA";"Carga excessiva e/ou mal acondicionada";"Queda de ocupante de veículo";"Com Vítimas Feridas";"Pleno dia";"Decrescente";"Céu Claro";"Dupla";"Reta";"Não";2;0;1;0;1;0;1;1;-24,33094086;-47,61325097;"SPRF-SP";"DEL05-SP";"UOP01-DEL05-SP"
334077;2021-01-12;"terça-feira";"19:00:00";"PR";116;125;"FAZENDA RIO GRANDE";"Acessar a via sem observar a presença dos outros veículos";"Colisão traseira";"Com Vítimas Feridas";"Plena Noite";"Crescente";"Céu Claro";"Dupla";"Reta";"Não";3;0;2;0;1;0;2;3;-25,59505309;-49,31630659;"SPRF-PR";"DEL01-PR";"UOP03-DEL01-PR"
334078;2021-01-12;"terça-feira";"19:15:00";"MG";116;277,7;"TEOFILO OTONI";"Desrespeitar a preferência no cruzamento";"Colisão lateral mesmo sentido";"Sem Vítimas";"Plena Noite";"Crescente";"Nublado";"Dupla";"Rotatória;Retorno Regulamentado";"Sim";2;0;0;0;1;1;0;2;-17,865426;-41,516348;"SPRF-MG";"DEL11-MG";"UOP01-DEL11-MG"
334079;2021-01-12;"terça-feira";"19:30:00";"MG";365;688;"MONTE ALEGRE DE MINAS";"Pedestre cruzava a pista fora da faixa";"Atropelamento de Pedestre";"Com Vítimas Feridas";"Plena Noite";"Crescente";"Nublado";"Dupla";"Reta";"Sim";2;0;0;1;1;0;1;2;-18,87623321;-48,88400401;"SPRF-MG";"DEL15-MG";"UOP03-DEL15-MG"
334080;2021-01-12;"terça-feira";"18:30:00";"MT";364;237;"RONDONOPOLIS";"Ausência de reação do condutor";"Queda de ocupante de veículo";"Com Vítimas Feridas";"Plena Noite";"Decrescente";"Ignorado";"Dupla";"Reta";"Sim";1;0;1;0;0;0;1;1;-16,20503606;-54,78106026;"SPRF-MT";"DEL02-MT";"UOP01-DEL02-MT"
334082;2021-01-12;"terça-feira";"15:01:00";"PI";343;299,4;"ALTOS";"Acessar a via sem observar a presença dos outros veículos";"Colisão frontal";"Com Vítimas Fatais";"Pleno dia";"Crescente";"Céu Claro";"Simples";"Reta";"Não";2;1;0;0;1;0;0;2;-4,995781;-42,408192;"SPRF-PI";"DEL01-PI";"UOP03-DEL01-PI"
334084;2021-01-12;"terça-feira";"17:10:00";"SC";163;67;"SAO MIGUEL DO OESTE";"Desrespeitar a preferência no cruzamento";"Colisão transversal";"Com Vítimas Feridas";"Pleno dia";"Decrescente";"Nublado";"Simples";"Rotatória";"Sim";3;0;2;0;1;0;2;2;-26,759436;-53,50055292;"SPRF-SC";"DEL07-SC";"UOP03-DEL07-SC"
334085;2021-01-12;"terça-feira";"19:55:00";"GO";40;1,7;"VALPARAISO DE GOIAS";"Condutor deixou de manter distância do veículo da frente";"Colisão traseira";"Sem Vítimas";"Plena Noite";"Crescente";"Céu Claro";"Dupla";"Reta";"Sim";2;0;0;0;2;0;0;2;-16,058245;-47,982825;"SPRF-DF";"DEL01-DF";"UOP01-DEL01-DF"
334086;2021-01-12;"terça-feira";"19:10:00";"SP";153;2;"ICEM";"Velocidade Incompatível";"Saída de leito carroçável";"Com Vítimas Feridas";"Plena Noite";"Decrescente";"Chuva";"Simples";"Desvio Temporário";"Não";1;0;1;0;0;0;1;1;-20,32199868;-49,21108763;"SPRF-SP";"DEL09-SP";"UOP01-DEL09-SP"
334087;2021-01-12;"terça-feira";"20:00:00";"SP";116;344;"MIRACATU";"Retorno proibido";"Colisão transversal";"Com Vítimas Feridas";"Plena Noite";"Decrescente";"Céu Claro";"Dupla";"Aclive";"Não";2;0;1;0;0;1;1;2;-24,030436;-47,178276;"SPRF-SP";"DEL04-SP";"UOP02-DEL04-SP"
334089;2021-01-12;"terça-feira";"19:06:00";"RJ";116;224;"PIRAI";"Mal súbito do condutor";"Colisão com objeto";"Sem Vítimas";"Plena Noite";"Crescente";"Nublado";"Dupla";"Curva";"Não";1;0;0;0;1;0;0;1;-22,68709335;-43,81058612;"SPRF-RJ";"DEL07-RJ";"UOP01-DEL07-RJ"
334090;2021-01-12;"terça-feira";"20:00:00";"PB";230;25;"JOAO PESSOA";"Manobra de mudança de faixa";"Colisão traseira";"Com Vítimas Feridas";"Plena Noite";"Crescente";"Céu Claro";"Dupla";"Curva";"Sim";4;0;2;0;1;1;2;3;-7,17048386;-34,86955404;"SPRF-PB";"DEL01-PB";"UOP01-DEL01-PB"
334092;2021-01-12;"terça-feira";"20:48:00";"MG";40;100,5;"LAGOA GRANDE";"Condutor Dormindo";"Colisão lateral";"Com Vítimas Feridas";"Plena Noite";"Crescente";"Céu Claro";"Simples";"Reta";"Não";6;0;1;0;5;0;1;2;-17,5617679;-46,50797791;"SPRF-MG";"DEL14-MG";"UOP01-DEL14-MG"
334093;2021-01-12;"terça-feira";"18:45:00";"PR";369;209;"APUCARANA";"Acumulo de areia ou detritos sobre o pavimento";"Saída de leito carroçável";"Com Vítimas Feridas";"Anoitecer";"Crescente";"Nublado";"Dupla";"Reta";"Sim";1;0;1;0;0;0;1;1;-23,5657081;-51,5055263;"SPRF-PR";"DEL07-PR";"UOP03-DEL07-PR"
334094;2021-01-12;"terça-feira";"21:10:00";"PR";272;367,2;"CAMPO MOURAO";"Reação tardia ou ineficiente do condutor";"Atropelamento de Pedestre";"Com Vítimas Feridas";"Plena Noite";"Decrescente";"Nublado";"Dupla";"Interseção de Vias";"Sim";2;0;1;0;1;0;1;2;-24,05063682;-52,40169964;"SPRF-PR";"DEL09-PR";"UOP03-DEL09-PR"
334095;2021-01-12;"terça-feira";"16:45:00";"BA";101;187;"SAO GONCALO DOS CAMPOS";"Ultrapassagem Indevida";"Capotamento";"Com Vítimas Feridas";"Pleno dia";"Crescente";"Céu Claro";"Simples";"Reta";"Não";6;0;6;0;0;0;6;1;-12,44782344;-38,92324626;"SPRF-BA";"DEL01-BA";"UOP03-DEL01-BA"
334096;2021-01-12;"terça-feira";"19:00:00";"PR";369;188;"ARAPONGAS";"Objeto estático sobre o leito carroçável";"Queda de ocupante de veículo";"Com Vítimas Feridas";"Plena Noite";"Crescente";"Céu Claro";"Simples";"Reta";"Sim";1;0;0;1;0;0;1;1;-23,42039833;-51,42537761;"SPRF-PR";"DEL07-PR";"UOP03-DEL07-PR"
334097;2021-01-12;"terça-feira";"19:30:00";"MS";267;555;"CARACOL";"Animais na Pista";"Atropelamento de Animal";"Sem Vítimas";"Anoitecer";"Decrescente";"Nublado";"Simples";"Reta";"Não";1;0;0;0;1;0;0;1;-21,67906776;-56,7576761;"SPRF-MS";"DEL05-MS";"UOP01-DEL05-MS"
334098;2021-01-12;"terça-feira";"21:10:00";"GO";60;46;"ALEXANIA";"Velocidade Incompatível";"Capotamento";"Com Vítimas Feridas";"Plena Noite";"Crescente";"Céu Claro";"Dupla";"Curva";"Não";1;0;1;0;0;0;1;1;-16,1417;-48,5988;"SPRF-GO";"DEL02-GO";"UOP01-DEL02-GO"
334099;2021-01-12;"terça-feira";"21:18:00";"GO";40;5,3;"VALPARAISO DE GOIAS";"Velocidade Incompatível";"Colisão lateral";"Com Vítimas Feridas";"Plena Noite";"Crescente";"Céu Claro";"Dupla";"Reta";"Sim";5;0;2;0;2;1;2;4;-16,093134;-47,982236;"SPRF-DF";"DEL01-DF";"UOP01-DEL01-DF"
334100;2021-01-12;"terça-feira";"21:40:00";"SC";470;151,9;"AGRONOMICA";"Transitar na contramão";"Colisão frontal";"Com Vítimas Feridas";"Plena Noite";"Decrescente";"Garoa/Chuvisco";"Simples";"Reta";"Não";3;0;0;1;2;0;1;2;-27,260792;-49,719761;"SPRF-SC";"DEL04-SC";"UOP02-DEL04-SC"
334102;2021-01-12;"terça-feira";"19:40:00";"RO";364;806;"PORTO VELHO";"Avarias e/ou desgaste excessivo no pneu";"Tombamento";"Com Vítimas Feridas";"Plena Noite";"Decrescente";"Céu Claro";"Simples";"Reta";"Não";2;0;2;0;0;0;2;1;-9,26190022;-64,44874295;"SPRF-RO";"DEL01-RO";"UOP02-DEL01-RO"
334105;2021-01-12;"terça-feira";"23:40:00";"SP";116;278;"EMBU DAS ARTES";"Manobra de mudança de faixa";"Colisão lateral mesmo sentido";"Com Vítimas Feridas";"Plena Noite";"Crescente";"Nublado";"Dupla";"Interseção de Vias";"Não";2;0;1;1;0;0;2;1;-23,636754;-46,833113;"SPRF-SP";"DEL04-SP";"UOP01-DEL04-SP"
334106;2021-01-12;"terça-feira";"17:45:00";"AL";101;178,4;"TEOTONIO VILELA";"Animais na Pista";"Atropelamento de Animal";"Com Vítimas Feridas";"Anoitecer";"Crescente";"Céu Claro";"Dupla";"Reta";"Não";1;0;1;0;0;0;1;1;-9,88723897;-36,390828;"SPRF-AL";"DEL02-AL";"UOP02-DEL02-AL"
334111;2021-01-12;"terça-feira";"18:45:00";"MG";116;94,4;"MEDINA";"Velocidade Incompatível";"Saída de leito carroçável";"Com Vítimas Feridas";"Plena Noite";"Decrescente";"Ignorado";"Simples";"Declive;Curva";"Não";3;0;3;0;0;0;3;1;-16,384692;-41,47280999;"SPRF-MG";"DEL11-MG";"UOP02-DEL11-MG"
334112;2021-01-12;"terça-feira";"19:10:00";"RJ";40;80;"PETROPOLIS";"Pedestre andava na pista";"Atropelamento de Pedestre";"Com Vítimas Feridas";"Plena Noite";"Crescente";"Céu Claro";"Simples";"Curva";"Não";3;0;3;0;0;0;3;2;-22,49798597;-43,22878703;"SPRF-RJ";"DEL06-RJ";"UOP01-DEL06-RJ"
334113;2021-01-13;"quarta-feira";"00:40:00";"PR";277;167;"PORTO AMAZONAS";"Velocidade Incompatível";"Saída de leito carroçável";"Com Vítimas Feridas";"Plena Noite";"Decrescente";"Nublado";"Dupla";"Curva";"Sim";1;0;1;0;0;0;1;1;-25,46815033;-49,9043132;"SPRF-PR";"DEL01-PR";"UOP03-DEL03-PR"
334114;2021-01-13;"quarta-feira";"01:20:00";"GO";60;68,3;"ABADIANIA";"Avarias e/ou desgaste excessivo no pneu";"Tombamento";"Com Vítimas Feridas";"Plena Noite";"Decrescente";"Céu Claro";"Dupla";"Reta";"Não";1;0;1;0;0;0;1;1;-16,2295;-48,7547;"SPRF-GO";"DEL02-GO";"UOP01-DEL02-GO"
334117;2021-01-13;"quarta-feira";"01:00:00";"PI";230;308,2;"FLORIANO";"Animais na Pista";"Atropelamento de Animal";"Com Vítimas Feridas";"Plena Noite";"Crescente";"Nevoeiro/Neblina";"Simples";"Reta";"Sim";2;0;1;1;0;0;2;1;-6,78159309;-43,00121707;"SPRF-PI";"DEL03-PI";"UOP01-DEL03-PI"
334120;2021-01-13;"quarta-feira";"04:40:00";"SP";116;142,5;"SAO JOSE DOS CAMPOS";"Demais falhas mecânicas ou elétricas";"Colisão traseira";"Com Vítimas Feridas";"Plena Noite";"Decrescente";"Nublado";"Dupla";"Reta";"Sim";7;0;7;0;0;0;7;2;-23,17426078;-45,82940111;"SPRF-SP";"DEL02-SP";"UOP01-DEL02-SP"
334121;2021-01-13;"quarta-feira";"04:00:00";"MS";163;445,2;"CAMPO GRANDE";"Condutor Dormindo";"Saída de leito carroçável";"Com Vítimas Feridas";"Plena Noite";"Crescente";"Nublado";"Simples";"Reta";"Não";3;0;0;3;0;0;3;1;-20,766843;-54,528721;"SPRF-MS";"DEL01-MS";"UOP01-DEL01-MS"
334123;2021-01-13;"quarta-feira";"05:10:00";"MG";381;585,5;"CARMOPOLIS DE MINAS";"Condutor Dormindo";"Colisão com objeto";"Com Vítimas Feridas";"Pleno dia";"Decrescente";"Nublado";"Dupla";"Reta";"Não";2;0;1;0;1;0;1;1;-20,538292;-44,64046;"SPRF-MG";"DEL04-MG";"UOP01-DEL04-MG"
334125;2021-01-13;"quarta-feira";"06:30:00";"AL";316;49,8;"CANAPI";"Animais na Pista";"Atropelamento de Animal";"Com Vítimas Feridas";"Pleno dia";"Crescente";"Céu Claro";"Simples";"Declive";"Não";1;0;0;1;0;0;1;1;-9,193462;-37,514824;"SPRF-AL";"DEL03-AL";"UOP02-DEL03-AL"
334126;2021-01-13;"quarta-feira";"06:40:00";"PR";277;51;"SAO JOSE DOS PINHAIS";"Velocidade Incompatível";"Capotamento";"Com Vítimas Feridas";"Amanhecer";"Decrescente";"Chuva";"Dupla";"Reta";"Não";1;0;0;1;0;0;1;1;-25,59515989;-48,90700787;"SPRF-PR";"DEL01-PR";"UOP05-DEL01-PR"
334128;2021-01-13;"quarta-feira";"06:45:00";"PR";376;657;"TIJUCAS DO SUL";"Demais Fenômenos da natureza";"Capotamento";"Com Vítimas Feridas";"Pleno dia";"Decrescente";"Chuva";"Simples";"Reta";"Não";2;0;1;0;1;0;1;1;-25,85232468;-49,03032776;"SPRF-PR";"DEL01-PR";"UOP04-DEL01-PR"
334129;2021-01-13;"quarta-feira";"07:25:00";"PR";116;115;"CURITIBA";"Trafegar com motocicleta (ou similar) entre as faixas";"Colisão traseira";"Com Vítimas Feridas";"Pleno dia";"Decrescente";"Nublado";"Dupla";"Reta";"Sim";2;0;1;0;1;0;1;2;-25,5480532;-49,3041106;"SPRF-PR";"DEL01-PR";"UOP01-DEL01-PR"
334130;2021-01-13;"quarta-feira";"07:25:00";"RS";116;270;"CANOAS";"Demais falhas mecânicas ou elétricas";"Queda de ocupante de veículo";"Com Vítimas Feridas";"Pleno dia";"Crescente";"Nublado";"Dupla";"Curva";"Não";1;0;1;0;0;0;1;1;-29,96839095;-51,17623895;"SPRF-RS";"DEL01-RS";"UOP01-DEL01-RS"
334131;2021-01-12;"terça-feira";"15:30:00";"SC";282;506,7;"XANXERE";"Desrespeitar a preferência no cruzamento";"Colisão transversal";"Com Vítimas Feridas";"Pleno dia";"Crescente";"Sol";"Simples";"Interseção de Vias";"Não";3;0;0;1;2;0;1;2;-26,885712;-52,42907;"SPRF-SC";"DEL07-SC";"UOP01-DEL07-SC"
334132;2021-01-13;"quarta-feira";"06:50:00";"MG";153;197;"FRUTAL";"Condutor Dormindo";"Queda de ocupante de veículo";"Com Vítimas Feridas";"Pleno dia";"Crescente";"Céu Claro";"Simples";"Interseção de Vias";"Não";1;0;1;0;0;0;1;1;-19,97863114;-49,0111349;"SPRF-MG";"DEL13-MG";"UOP02-DEL13-MG"
334136;2021-01-13;"quarta-feira";"07:45:00";"DF";20;9;"BRASILIA";"Condutor deixou de manter distância do veículo da frente";"Engavetamento";"Com Vítimas Feridas";"Pleno dia";"Decrescente";"Nublado";"Dupla";"Reta";"Não";5;0;2;0;3;0;2;3;-15,654671;-47,782917;"SPRF-DF";"DEL02-DF";"UOP01-DEL02-DF"
334137;2021-01-13;"quarta-feira";"06:40:00";"MG";40;510;"RIBEIRAO DAS NEVES";"Manobra de mudança de faixa";"Colisão transversal";"Com Vítimas Feridas";"Pleno dia";"Crescente";"Céu Claro";"Dupla";"Reta";"Não";2;0;1;0;1;0;1;2;-19,77463885;-44,12321882;"SPRF-MG";"DEL01-MG";"UOP02-DEL01-MG"
334138;2021-01-13;"quarta-feira";"07:50:00";"PE";232;10;"RECIFE";"Condutor deixou de manter distância do veículo da frente";"Engavetamento";"Sem Vítimas";"Pleno dia";"Decrescente";"Garoa/Chuvisco";"Dupla";"Reta";"Sim";7;0;0;0;6;1;0;7;-8,07917241;-34,98718609;"SPRF-PE";"DEL01-PE";"UOP01-DEL01-PE"
334139;2021-01-13;"quarta-feira";"07:45:00";"CE";116;0;"FORTALEZA";"Trafegar com motocicleta (ou similar) entre as faixas";"Colisão lateral mesmo sentido";"Com Vítimas Feridas";"Pleno dia";"Decrescente";"Sol";"Múltipla";"Reta";"Sim";3;0;1;0;2;0;1;3;-3,754584;-38,523407;"SPRF-CE";"DEL01-CE";"UOP02-DEL01-CE"
334140;2021-01-13;"quarta-feira";"07:45:00";"CE";20;414;"MARACANAU";"Afundamento ou ondulação no pavimento";"Tombamento";"Com Vítimas Feridas";"Pleno dia";"Crescente";"Céu Claro";"Simples";"Curva";"Sim";1;0;1;0;0;0;1;1;-3,82760181;-38,62578392;"SPRF-CE";"DEL01-CE";"UOP01-DEL01-CE"
334141;2021-01-13;"quarta-feira";"07:50:00";"SC";470;3;"NAVEGANTES";"Transitar no acostamento";"Colisão traseira";"Com Vítimas Feridas";"Pleno dia";"Crescente";"Nublado";"Dupla";"Reta";"Não";2;0;1;0;1;0;1;2;-26,861937;-48,681618;"SPRF-SC";"DEL04-SC";"UOP04-DEL04-SC"
334142;2021-01-13;"quarta-feira";"06:50:00";"CE";116;39;"HORIZONTE";"Entrada inopinada do pedestre";"Atropelamento de Pedestre";"Com Vítimas Feridas";"Pleno dia";"Decrescente";"Céu Claro";"Múltipla";"Reta";"Sim";2;0;1;1;0;0;2;2;-4,08722773;-38,500659;"SPRF-CE";"DEL01-CE";"UOP02-DEL01-CE"
334144;2021-01-13;"quarta-feira";"08:00:00";"PR";277;38;"MORRETES";"Velocidade Incompatível";"Capotamento";"Com Vítimas Feridas";"Pleno dia";"Crescente";"Garoa/Chuvisco";"Dupla";"Reta";"Não";2;0;2;0;0;0;2;1;-25,56584471;-48,81116269;"SPRF-PR";"DEL01-PR";"UOP05-DEL01-PR"
334147;2021-01-13;"quarta-feira";"08:20:00";"BA";116;420;"FEIRA DE SANTANA";"Condutor deixou de manter distância do veículo da frente";"Colisão traseira";"Com Vítimas Feridas";"Pleno dia";"Crescente";"Céu Claro";"Dupla";"Reta";"Sim";2;0;1;0;1;0;1;2;-12,20321398;-38,96555531;"SPRF-BA";"DEL02-BA";"UOP01-DEL02-BA"
334148;2021-01-13;"quarta-feira";"08:30:00";"MG";40;612,2;"CONGONHAS";"Ausência de reação do condutor";"Colisão lateral";"Com Vítimas Feridas";"Pleno dia";"Decrescente";"Céu Claro";"Simples";"Reta";"Não";2;0;1;0;1;0;1;2;-20,51778098;-43,83603641;"SPRF-MG";"DEL05-MG";"UOP02-DEL05-MG"
334149;2021-01-13;"quarta-feira";"07:20:00";"RO";364;342;"JI-PARANA";"Ausência de reação do condutor";"Colisão com objeto";"Sem Vítimas";"Pleno dia";"Crescente";"Garoa/Chuvisco";"Simples";"Reta";"Sim";1;0;0;0;1;0;0;1;-10,88381227;-61,93741416;"SPRF-RO";"DEL02-RO";"UOP01-DEL02-RO"
334150;2021-01-13;"quarta-feira";"08:15:00";"SC";101;442;"SANTA ROSA DO SUL";"Condutor deixou de manter distância do veículo da frente";"Colisão traseira";"Com Vítimas Feridas";"Pleno dia";"Decrescente";"Nublado";"Simples";"Reta";"Sim";2;0;1;0;1;0;1;2;-29,12959329;-49,68678391;"SPRF-SC";"DEL02-SC";"UOP02-DEL02-SC"
334151;2021-01-13;"quarta-feira";"09:00:00";"RJ";116;178;"NOVA IGUACU";"Ausência de reação do condutor";"Queda de ocupante de veículo";"Com Vítimas Feridas";"Pleno dia";"Decrescente";"Céu Claro";"Dupla";"Reta";"Sim";1;0;1;0;0;0;1;1;-22,77496393;-43,40081465;"SPRF-RJ";"DEL01-RJ";"UOP02-DEL01-RJ"
334152;2021-01-13;"quarta-feira";"08:50:00";"RS";101;14,7;"DOM PEDRO DE ALCANTARA";"Condutor Dormindo";"Colisão com objeto";"Com Vítimas Feridas";"Pleno dia";"Crescente";"Nublado";"Dupla";"Curva";"Não";1;0;1;0;0;0;1;1;-29,39862947;-49,85083421;"SPRF-RS";"DEL03-RS";"UOP02-DEL03-RS"
334154;2021-01-13;"quarta-feira";"09:40:00";"RJ";101;321;"NITEROI";"Trafegar com motocicleta (ou similar) entre as faixas";"Colisão lateral";"Com Vítimas Feridas";"Pleno dia";"Crescente";"Céu Claro";"Dupla";"Reta";"Não";2;0;1;0;1;0;1;2;-22,86981096;-43,11046465;"SPRF-RJ";"DEL02-RJ";"UOP02-DEL02-RJ"
334155;2021-01-13;"quarta-feira";"09:20:00";"MG";262;460,2;"ARAUJOS";"Transitar na contramão";"Colisão frontal";"Com Vítimas Feridas";"Pleno dia";"Crescente";"Nublado";"Simples";"Reta";"Não";3;0;1;0;2;0;1;3;-19,82719122;-45,07371312;"SPRF-MG";"DEL08-MG";"UOP03-DEL08-MG"
334157;2021-01-13;"quarta-feira";"09:50:00";"CE";116;362,7;"ICO";"Chuva";"Saída de leito carroçável";"Com Vítimas Feridas";"Pleno dia";"Decrescente";"Chuva";"Simples";"Reta";"Não";1;0;1;0;0;0;1;1;-6,33295835;-38,73903072;"SPRF-CE";"DEL05-CE";"UOP01-DEL05-CE"
334164;2021-01-13;"quarta-feira";"08:55:00";"PI";316;307,6;"PICOS";"Chuva";"Colisão traseira";"Com Vítimas Feridas";"Pleno dia";"Decrescente";"Chuva";"Simples";"Reta;Declive";"Não";3;0;0;1;1;1;1;2;-7,07827269;-41,50174881;"SPRF-PI";"DEL04-PI";"UOP01-DEL04-PI"
334165;2021-01-13;"quarta-feira";"08:20:00";"RO";364;430;"JARU";"Acessar a via sem observar a presença dos outros veículos";"Colisão transversal";"Com Vítimas Feridas";"Pleno dia";"Decrescente";"Céu Claro";"Simples";"Reta";"Não";4;0;1;0;3;0;1;2;-10,40676507;-62,51604259;"SPRF-RO";"DEL03-RO";"UOP02-DEL03-RO"
334166;2021-01-13;"quarta-feira";"07:00:00";"BA";101;777;"ITABELA";"Problema na suspensão";"Colisão frontal";"Com Vítimas Feridas";"Pleno dia";"Crescente";"Sol";"Simples";"Reta";"Não";5;0;2;2;1;0;4;2;-16,79073678;-39,47937012;"SPRF-BA";"DEL09-BA";"UOP01-DEL09-BA"
334167;2021-01-13;"quarta-feira";"12:20:00";"DF";70;12,3;"BRASILIA";"Velocidade Incompatível";"Colisão com objeto";"Com Vítimas Feridas";"Pleno dia";"Crescente";"Céu Claro";"Dupla";"Reta";"Sim";2;0;1;1;0;0;2;1;-15,792243;-48,158543;"SPRF-DF";"DEL03-DF";"UOP02-DEL03-DF"
334171;2021-01-01;"sexta-feira";"17:45:00";"MS";163;254;"DOURADOS";"Desvio temporário";"Saída de leito carroçável";"Com Vítimas Feridas";"Pleno dia";"Crescente";"Céu Claro";"Dupla";"Reta";"Não";3;0;0;3;0;0;3;1;-22,27184267;-54,81657129;"SPRF-MS";"DEL04-MS";"UOP01-DEL04-MS"
334172;2021-01-13;"quarta-feira";"11:30:00";"PR";369;69,4;"SANTA MARIANA";"Animais na Pista";"Colisão lateral sentido oposto";"Com Vítimas Feridas";"Pleno dia";"Decrescente";"Céu Claro";"Simples";"Aclive;Reta";"Não";3;0;1;0;2;0;1;2;-23,1417;-50,489;"SPRF-PR";"DEL07-PR";"UOP01-DEL07-PR"
334173;2021-01-13;"quarta-feira";"12:15:00";"BA";101;467,9;"URUCUCA";"Velocidade Incompatível";"Colisão lateral";"Com Vítimas Feridas";"Pleno dia";"Crescente";"Chuva";"Simples";"Curva";"Não";3;0;1;1;1;0;2;2;-14,50692;-39,3326;"SPRF-BA";"DEL05-BA";"UOP01-DEL05-BA"
334175;2021-01-13;"quarta-feira";"13:15:00";"DF";20;9;"BRASILIA";"Reação tardia ou ineficiente do condutor";"Saída de leito carroçável";"Com Vítimas Feridas";"Pleno dia";"Decrescente";"Nublado";"Dupla";"Declive";"Sim";1;0;1;0;0;0;1;1;-15,654671;-47,782917;"SPRF-DF";"DEL02-DF";"UOP01-DEL02-DF"
334177;2021-01-11;"segunda-feira";"22:30:00";"GO";153;501;"GOIANIA";"Reação tardia ou ineficiente do condutor";"Colisão traseira";"Com Vítimas Feridas";"Plena Noite";"Decrescente";"Nublado";"Múltipla";"Reta";"Sim";2;0;1;0;0;1;1;2;-16,7189;-49,2382;"SPRF-GO";"DEL01-GO";"UOP01-DEL01-GO"
334181;2021-01-13;"quarta-feira";"13:30:00";"PR";376;617,2;"SAO JOSE DOS PINHAIS";"Pista Escorregadia";"Colisão com objeto";"Com Vítimas Feridas";"Pleno dia";"Crescente";"Chuva";"Dupla";"Curva";"Sim";3;0;3;0;0;0;3;1;-25,58426494;-49,17618795;"SPRF-PR";"DEL01-PR";"UOP04-DEL01-PR"