"id";"data_inversa";"dia_semana";"horario";"uf";"br";"km";"municipio";"causa_acidente";"tipo_acidente";"classificacao_acidente";"fase_dia";"sentido_via";"condicao_metereologica";"tipo_pista";"tracado_via";"uso_solo";"pessoas";"mortos";"feridos_leves";"feridos_graves";"ilesos";"ignorados";"feridos";"veiculos";"latitude";"longitude";"regional";"delegacia";"uop"
334182;2021-01-13;"quarta-feira";"13:50:00";"SC";101;117,4;"ITAJAI";"Condutor deixou de manter distância do veículo da frente";"Colisão traseira";"Com Vítimas Feridas";"Pleno dia";"Decrescente";"Nublado";"Dupla";"Interseção de Vias";"Sim";2;0;1;0;1;0;1;2;-26,88747187;-48,72252969;"SPRF-SC";"DEL04-SC";"UOP04-DEL04-SC"
334184;2021-01-13;"quarta-feira";"13:05:00";"DF";20;15,4;"BRASILIA";"Acumulo de água sobre o pavimento";"Colisão traseira";"Com Vítimas Feridas";"Pleno dia";"Crescente";"Chuva";"Dupla";"Declive;Reta";"Sim";4;0;2;0;2;0;2;2;-15,630189;-47,733288;"SPRF-DF";"DEL02-DF";"UOP01-DEL02-DF"
334185;2021-01-13;"quarta-feira";"13:30:00";"PR";277;41;"MORRETES";"Reação tardia ou ineficiente do condutor";"Colisão com objeto";"Com Vítimas Feridas";"Pleno dia";"Decrescente";"Chuva";"Dupla";"Reta;Declive";"Não";3;0;1;0;2;0;1;1;-25,57183811;-48,83586205;"SPRF-PR";"DEL01-PR";"UOP05-DEL01-PR"
334188;2021-01-13;"quarta-feira";"10:00:00";"BA";407;119;"SENHOR DO BONFIM";"Fumaça";"Colisão traseira";"Sem Vítimas";"Pleno dia";"Crescente";"Nublado";"Simples";"Reta";"Não";2;0;0;0;2;0;0;2;-10,39518217;-40,17775944;"SPRF-BA";"DEL04-BA";"UOP01-DEL04-BA"
334190;2021-01-13;"quarta-feira";"14:50:00";"MG";381;455,2;"BELO HORIZONTE";"Condutor deixou de manter distância do veículo da frente";"Colisão lateral";"Com Vítimas Feridas";"Pleno dia";"Crescente";"Céu Claro";"Simples";"Reta";"Sim";2;0;1;0;1;0;1;2;-19,83964078;-43,87736142;"SPRF-MG";"DEL01-MG";"UOP01-DEL01-MG"
334191;2021-01-13;"quarta-feira";"13:10:00";"MT";70;634,8;"POCONE";"Pista Escorregadia";"Saída de leito carroçável";"Sem Vítimas";"Pleno dia";"Decrescente";"Chuva";"Simples";"Reta";"Não";1;0;0;0;1;0;0;1;-15,942348;-57,076231;"SPRF-MT";"DEL03-MT";"UOP02-DEL03-MT"
334192;2021-01-13;"quarta-feira";"14:45:00";"SP";116;211;"GUARULHOS";"Condutor deixou de manter distância do veículo da frente";"Colisão traseira";"Com Vítimas Feridas";"Pleno dia";"Decrescente";"Nublado";"Múltipla";"Reta";"Sim";2;0;1;0;1;0;1;2;-23,4324306;-46,4194352;"SPRF-SP";"DEL01-SP";"UOP01-DEL01-SP"
334193;2021-01-13;"quarta-feira";"15:15:00";"PR";277;714,6;"SANTA TEREZINHA DE ITAIPU";"Mal súbito do condutor";"Saída de leito carroçável";"Com Vítimas Feridas";"Pleno dia";"Decrescente";"Céu Claro";"Dupla";"Reta";"Não";1;0;1;0;0;0;1;1;-25,4650714;-54,44902954;"SPRF-PR";"DEL05-PR";"UOP01-DEL05-PR"
334194;2021-01-13;"quarta-feira";"09:43:00";"RJ";101;322;"NITEROI";"Manobra de mudança de faixa";"Colisão lateral mesmo sentido";"Com Vítimas Feridas";"Pleno dia";"Crescente";"Nublado";"Dupla";"Reta";"Sim";3;0;1;1;1;0;2;2;-22,878923;-43,110676;"SPRF-RJ";"DEL02-RJ";"UOP02-DEL02-RJ"
334195;2021-01-13;"quarta-feira";"15:00:00";"MG";381;492;"BETIM";"Acumulo de óleo sobre o pavimento";"Queda de ocupante de veículo";"Com Vítimas Feridas";"Pleno dia";"Crescente";"Céu Claro";"Múltipla";"Retorno Regulamentado";"Sim";1;0;1;0;0;0;1;1;-19,97490091;-44,19004301;"SPRF-MG";"DEL01-MG";"UOP03-DEL01-MG"
334196;2021-01-13;"quarta-feira";"13:15:00";"MG";262;592,3;"CAMPOS ALTOS";"Velocidade Incompatível";"Saída de leito carroçável";"Com Vítimas Feridas";"Pleno dia";"Decrescente";"Nublado";"Simples";"Curva";"Não";2;0;2;0;0;0;2;1;-19,66557145;-46,15143992;"SPRF-MG";"DEL08-MG";"UOP02-DEL08-MG"
334198;2021-01-13;"quarta-feira";"12:15:00";"PR";116;0,5;"CAMPINA GRANDE DO SUL";"Chuva";"Saída de leito carroçável";"Com Vítimas Feridas";"Pleno dia";"Decrescente";"Chuva";"Dupla";"Curva";"Não";1;0;1;0;0;0;1;1;-25,0604;-48,562973;"SPRF-PR";"DEL01-PR";"UOP02-DEL01-PR"
334199;2021-01-13;"quarta-feira";"10:15:00";"PR";116;16;"CAMPINA GRANDE DO SUL";"Velocidade Incompatível";"Colisão com objeto";"Com Vítimas Feridas";"Pleno dia";"Decrescente";"Chuva";"Dupla";"Curva";"Não";5;0;4;0;1;0;4;1;-25,103973;-48,710786;"SPRF-PR";"DEL01-PR";"UOP02-DEL01-PR"
334202;2021-01-13;"quarta-feira";"13:40:00";"PR";369;148;"LONDRINA";"Condutor deixou de manter distância do veículo da frente";"Colisão traseira";"Sem Vítimas";"Pleno dia";"Decrescente";"Céu Claro";"Dupla";"Aclive";"Sim";2;0;0;0;2;0;0;2;-23,29319015;-51,14584208;"SPRF-PR";"DEL07-PR";"UOP01-DEL07-PR"
334204;2021-01-13;"quarta-feira";"15:30:00";"RJ";40;107;"DUQUE DE CAXIAS";"Animais na Pista";"Colisão traseira";"Sem Vítimas";"Pleno dia";"Crescente";"Céu Claro";"Dupla";"Reta";"Sim";2;0;0;0;2;0;0;2;-22,65581497;-43,28378546;"SPRF-RJ";"DEL01-RJ";"UOP01-DEL01-RJ"
334205;2021-01-13;"quarta-feira";"15:10:00";"DF";20;9;"BRASILIA";"Área urbana sem a presença de local apropriado para a travessia de pedestres";"Atropelamento de Pedestre";"Com Vítimas Feridas";"Pleno dia";"Decrescente";"Céu Claro";"Dupla";"Reta";"Sim";2;0;0;1;1;0;1;2;-15,65467236;-47,78258801;"SPRF-DF";"DEL02-DF";"UOP01-DEL02-DF"
334207;2021-01-13;"quarta-feira";"15:10:00";"ES";101;270,2;"SERRA";"Condutor deixou de manter distância do veículo da frente";"Colisão traseira";"Com Vítimas Feridas";"Pleno dia";"Decrescente";"Sol";"Dupla";"Reta";"Sim";3;0;1;0;2;0;1;2;-20,22662056;-40,27075088;"SPRF-ES";"DEL02-ES";"UOP01-DEL02-ES"
334209;2021-01-13;"quarta-feira";"16:10:00";"PR";277;681,4;"SAO MIGUEL DO IGUACU";"Chuva";"Saída de leito carroçável";"Com Vítimas Feridas";"Pleno dia";"Decrescente";"Chuva";"Dupla";"Declive";"Não";5;0;3;0;2;0;3;1;-25,32705338;-54,17332888;"SPRF-PR";"DEL05-PR";"UOP01-DEL05-PR"
334210;2021-01-13;"quarta-feira";"16:30:00";"MG";50;177;"UBERABA";"Avarias e/ou desgaste excessivo no pneu";"Saída de leito carroçável";"Sem Vítimas";"Pleno dia";"Crescente";"Chuva";"Dupla";"Reta";"Não";1;0;0;0;1;0;0;1;-19,77914852;-47,95047701;"SPRF-MG";"DEL13-MG";"UOP01-DEL13-MG"
334211;2021-01-13;"quarta-feira";"15:00:00";"MG";381;543,9;"ITATIAIUCU";"Velocidade Incompatível";"Saída de leito carroçável";"Com Vítimas Feridas";"Pleno dia";"Decrescente";"Chuva";"Dupla";"Curva";"Não";4;0;4;0;0;0;4;1;-20,27336801;-44,42585498;"SPRF-MG";"DEL04-MG";"UOP03-DEL04-MG"
334212;2021-01-13;"quarta-feira";"16:25:00";"PR";376;182;"MARINGA";"Condutor deixou de manter distância do veículo da frente";"Colisão traseira";"Com Vítimas Feridas";"Pleno dia";"Decrescente";"Céu Claro";"Dupla";"Reta";"Sim";2;0;1;0;1;0;1;2;-23,43684112;-51,87880764;"SPRF-PR";"DEL09-PR";"UOP01-DEL09-PR"
334213;2021-01-13;"quarta-feira";"16:15:00";"PR";116;29;"CAMPINA GRANDE DO SUL";"Chuva";"Colisão com objeto";"Sem Vítimas";"Pleno dia";"Decrescente";"Chuva";"Dupla";"Curva;Declive";"Não";2;0;0;0;2;0;0;1;-25,10057871;-48,81128876;"SPRF-PR";"DEL01-PR";"UOP02-DEL01-PR"
334214;2021-01-13;"quarta-feira";"11:00:00";"MG";365;245;"JOAO PINHEIRO";"Acumulo de água sobre o pavimento";"Saída de leito carroçável";"Com Vítimas Feridas";"Pleno dia";"Crescente";"Céu Claro";"Simples";"Reta";"Não";5;0;2;0;3;0;2;1;-17,79493894;-45,42800103;"SPRF-MG";"DEL14-MG";"UOP02-DEL14-MG"
334215;2021-01-08;"sexta-feira";"17:40:00";"PR";277;590;"CASCAVEL";"Desrespeitar a preferência no cruzamento";"Colisão transversal";"Com Vítimas Feridas";"Pleno dia";"Decrescente";"Céu Claro";"Simples";"Reta;Interseção de Vias";"Sim";2;0;1;0;1;0;1;2;-24,98120697;-53,45591501;"SPRF-PR";"DEL04-PR";"UOP01-DEL04-PR"
334218;2021-01-13;"quarta-feira";"17:00:00";"MG";381;433,7;"SABARA";"Acumulo de óleo sobre o pavimento";"Tombamento";"Com Vítimas Feridas";"Pleno dia";"Crescente";"Céu Claro";"Simples";"Reta;Declive";"Não";1;0;1;0;0;0;1;1;-19,78673;-43,720836;"SPRF-MG";"DEL01-MG";"UOP01-DEL01-MG"
334219;2021-01-13;"quarta-feira";"11:40:00";"MS";163;627;"SAO GABRIEL DO OESTE";"Ausência de reação do condutor";"Colisão traseira";"Sem Vítimas";"Pleno dia";"Crescente";"Nublado";"Simples";"Reta";"Não";9;0;0;0;9;0;0;2;-19,30643594;-54,62454992;"SPRF-MS";"DEL06-MS";"UOP02-DEL06-MS"
334220;2021-01-13;"quarta-feira";"16:32:00";"AL";101;200;"SAO SEBASTIAO";"Condutor deixou de manter distância do veículo da frente";"Colisão lateral";"Com Vítimas Feridas";"Anoitecer";"Decrescente";"Céu Claro";"Dupla";"Curva";"Sim";2;0;1;0;0;1;1;2;-9,95081664;-36,54113619;"SPRF-AL";"DEL02-AL";"UOP02-DEL02-AL"
334221;2021-01-13;"quarta-feira";"17:15:00";"RS";158;364;"DILERMANDO DE AGUIAR";"Ultrapassagem Indevida";"Saída de leito carroçável";"Com Vítimas Feridas";"Pleno dia";"Crescente";"Céu Claro";"Simples";"Reta";"Não";1;0;1;0;0;0;1;1;-29,80985495;-54,13035005;"SPRF-RS";"DEL09-RS";"UOP01-DEL09-RS"
334222;2021-01-13;"quarta-feira";"17:20:00";"SC";470;55,4;"BLUMENAU";"Retorno proibido";"Colisão lateral mesmo sentido";"Com Vítimas Feridas";"Pleno dia";"Crescente";"Céu Claro";"Simples";"Reta";"Não";2;0;1;0;1;0;1;2;-26,875601;-49,117992;"SPRF-SC";"DEL04-SC";"UOP01-DEL04-SC"
334223;2021-01-13;"quarta-feira";"17:30:00";"RS";116;267;"CANOAS";"Trafegar com motocicleta (ou similar) entre as faixas";"Colisão lateral mesmo sentido";"Com Vítimas Feridas";"Pleno dia";"Decrescente";"Céu Claro";"Simples";"Reta";"Sim";2;0;1;0;1;0;1;2;-29,94142398;-51,17697062;"SPRF-RS";"DEL01-RS";"UOP01-DEL01-RS"
334225;2021-01-13;"quarta-feira";"17:10:00";"PE";407;125,3;"PETROLINA";"Condutor deixou de manter distância do veículo da frente";"Engavetamento";"Sem Vítimas";"Pleno dia";"Decrescente";"Sol";"Dupla";"Reta";"Sim";3;0;0;0;3;0;0;3;-9,38292465;-40,52994679;"SPRF-PE";"DEL06-PE";"UOP01-DEL06-PE"
334226;2021-01-02;"sábado";"17:30:00";"MS";262;428,9;"DOIS IRMAOS DO BURITI";"Condutor Dormindo";"Colisão com objeto";"Com Vítimas Feridas";"Pleno dia";"Decrescente";"Céu Claro";"Simples";"Ponte";"Não";1;0;1;0;0;0;1;1;-20,47494367;-55,27187347;"SPRF-MS";"DEL01-MS";"UOP03-DEL01-MS"
334227;2021-01-13;"quarta-feira";"17:40:00";"SC";101;141,3;"BALNEARIO CAMBORIU";"Reação tardia ou ineficiente do condutor";"Colisão lateral";"Com Vítimas Feridas";"Pleno dia";"Crescente";"Céu Claro";"Simples";"Reta";"Não";2;0;0;1;1;0;1;2;-27,04761729;-48,59995855;"SPRF-SC";"DEL04-SC";"UOP03-DEL04-SC"
334228;2021-01-13;"quarta-feira";"16:00:00";"ES";101;1,5;"VITORIA";"Demais falhas mecânicas ou elétricas";"Tombamento";"Com Vítimas Feridas";"Pleno dia";"Decrescente";"Céu Claro";"Dupla";"Reta";"Sim";2;0;2;0;0;0;2;1;-20,24782754;-40,28464839;"SPRF-ES";"DEL04-ES";"UOP02-DEL04-ES"
334229;2021-01-13;"quarta-feira";"17:00:00";"SC";282;485,8;"FAXINAL DOS GUEDES";"Acessar a via sem observar a presença dos outros veículos";"Colisão transversal";"Com Vítimas Feridas";"Pleno dia";"Crescente";"Céu Claro";"Simples";"Curva";"Não";2;0;0;1;1;0;1;2;-26,860645;-52,23939;"SPRF-SC";"DEL07-SC";"UOP01-DEL07-SC"
334230;2021-01-13;"quarta-feira";"17:25:00";"ES";101;298;"VIANA";"Ausência de reação do condutor";"Saída de leito carroçável";"Com Vítimas Feridas";"Pleno dia";"Crescente";"Céu Claro";"Múltipla";"Reta";"Sim";1;0;1;0;0;0;1;1;-20,35374444;-40,4156433;"SPRF-ES";"DEL01-ES";"UOP01-DEL01-ES"
334231;2021-01-13;"quarta-feira";"13:30:00";"AP";156;452;"TARTARUGALZINHO";"Acumulo de água sobre o pavimento";"Saída de leito carroçável";"Com Vítimas Feridas";"Pleno dia";"Crescente";"Chuva";"Simples";"Curva";"Não";3;0;2;0;1;0;2;1;1,36878973;-50,92174475;"SPRF-AP";"DEL01-AP";"UOP01-DEL01-AP"
334232;2021-01-13;"quarta-feira";"18:05:00";"MG";381;706,3;"LAVRAS";"Velocidade Incompatível";"Saída de leito carroçável";"Com Vítimas Feridas";"Anoitecer";"Crescente";"Chuva";"Dupla";"Curva";"Não";2;0;1;0;1;0;1;1;-21,356461;-45,18478;"SPRF-MG";"DEL04-MG";"UOP02-DEL04-MG"
334234;2021-01-13;"quarta-feira";"15:20:00";"SP";153;62,7;"SAO JOSE DO RIO PRETO";"Reação tardia ou ineficiente do condutor";"Colisão traseira";"Com Vítimas Feridas";"Pleno dia";"Crescente";"Nublado";"Dupla";"Reta;Aclive";"Sim";2;0;1;0;1;0;1;2;-20,81325404;-49,35675563;"SPRF-SP";"DEL09-SP";"UOP01-DEL09-SP"
334237;2021-01-13;"quarta-feira";"18:45:00";"RS";290;92;"PORTO ALEGRE";"Acumulo de areia ou detritos sobre o pavimento";"Queda de ocupante de veículo";"Com Vítimas Feridas";"Anoitecer";"Crescente";"Céu Claro";"Simples";"Curva";"Sim";2;0;1;0;1;0;1;1;-29,971916;-51,176838;"SPRF-RS";"DEL01-RS";"UOP01-DEL01-RS"
334238;2021-01-13;"quarta-feira";"18:15:00";"PR";116;46,8;"CAMPINA GRANDE DO SUL";"Velocidade Incompatível";"Colisão com objeto";"Com Vítimas Feridas";"Plena Noite";"Decrescente";"Chuva";"Dupla";"Curva";"Não";10;0;5;0;5;0;5;3;-25,20185401;-48,8962139;"SPRF-PR";"DEL01-PR";"UOP02-DEL01-PR"
334242;2021-01-13;"quarta-feira";"18:30:00";"PE";104;86,8;"AGRESTINA";"Entrada inopinada do pedestre";"Atropelamento de Pedestre";"Com Vítimas Fatais";"Plena Noite";"Crescente";"Nublado";"Simples";"Reta";"Sim";2;1;0;0;1;0;0;2;-8,446782;-35,951046;"SPRF-PE";"DEL02-PE";"UOP01-DEL02-PE"
334243;2021-01-13;"quarta-feira";"18:30:00";"AL";316;83,5;"SANTANA DO IPANEMA";"Retorno proibido";"Colisão transversal";"Sem Vítimas";"Plena Noite";"Decrescente";"Céu Claro";"Simples";"Reta";"Sim";2;0;0;0;2;0;0;2;-9,366476;-37,260963;"SPRF-AL";"DEL03-AL";"UOP02-DEL03-AL"
334245;2021-01-13;"quarta-feira";"19:05:00";"PR";369;184,8;"ARAPONGAS";"Condutor desrespeitou a iluminação vermelha do semáforo";"Colisão transversal";"Com Vítimas Feridas";"Pleno dia";"Crescente";"Nublado";"Simples";"Interseção de Vias";"Sim";7;0;2;0;2;3;2;3;-23,40554808;-51,42842889;"SPRF-PR";"DEL07-PR";"UOP03-DEL07-PR"
334246;2021-01-13;"quarta-feira";"18:50:00";"RN";101;103;"PARNAMIRIM";"Ausência de reação do condutor";"Colisão lateral mesmo sentido";"Com Vítimas Feridas";"Plena Noite";"Crescente";"Céu Claro";"Dupla";"Viaduto";"Sim";2;0;1;0;1;0;1;2;-5,89111752;-35,25785208;"SPRF-RN";"DEL01-RN";"UOP01-DEL01-RN"
334253;2021-01-13;"quarta-feira";"20:00:00";"SC";101;44;"JOINVILLE";"Reação tardia ou ineficiente do condutor";"Queda de ocupante de veículo";"Com Vítimas Feridas";"Plena Noite";"Crescente";"Garoa/Chuvisco";"Simples";"Reta";"Não";1;0;1;0;0;0;1;1;-26,34283639;-48,8584435;"SPRF-SC";"DEL03-SC";"UOP01-DEL03-SC"
334254;2021-01-13;"quarta-feira";"20:00:00";"GO";70;11,3;"AGUAS LINDAS DE GOIAS";"Ingestão de álcool pelo condutor";"Colisão traseira";"Com Vítimas Feridas";"Pleno dia";"Crescente";"Nublado";"Dupla";"Reta";"Sim";2;0;1;0;1;0;1;2;-15,73877614;-48,30124288;"SPRF-DF";"DEL03-DF";"UOP02-DEL03-DF"
334255;2021-01-13;"quarta-feira";"20:45:00";"RJ";116;314;"ITATIAIA";"Acumulo de água sobre o pavimento";"Colisão com objeto";"Com Vítimas Feridas";"Plena Noite";"Decrescente";"Chuva";"Dupla";"Curva";"Não";1;0;1;0;0;0;1;1;-22,46045833;-44,47218299;"SPRF-RJ";"DEL07-RJ";"UOP02-DEL07-RJ"
334256;2021-01-13;"quarta-feira";"17:40:00";"BA";407;132,9;"SENHOR DO BONFIM";"Condutor deixou de manter distância do veículo da frente";"Colisão lateral";"Com Vítimas Fatais";"Anoitecer";"Crescente";"Sol";"Simples";"Reta";"Não";38;1;5;0;32;0;5;4;-10,502887;-40,155955;"SPRF-BA";"DEL04-BA";"UOP01-DEL04-BA"
334258;2021-01-13;"quarta-feira";"20:10:00";"PR";277;36;"MORRETES";"Frear bruscamente";"Capotamento";"Com Vítimas Feridas";"Plena Noite";"Decrescente";"Chuva";"Dupla";"Curva";"Não";2;0;2;0;0;0;2;1;-25,5585949;-48,80593311;"SPRF-PR";"DEL01-PR";"UOP05-DEL01-PR"
334259;2021-01-13;"quarta-feira";"20:10:00";"RS";158;308;"ITAARA";"Reação tardia ou ineficiente do condutor";"Colisão traseira";"Com Vítimas Feridas";"Plena Noite";"Crescente";"Céu Claro";"Simples";"Reta";"Sim";3;0;1;0;2;0;1;3;-29,59528496;-53,76684015;"SPRF-RS";"DEL09-RS";"UOP01-DEL09-RS"
334260;2021-01-13;"quarta-feira";"19:30:00";"MT";364;450;"VARZEA GRANDE";"Reação tardia ou ineficiente do condutor";"Saída de leito carroçável";"Com Vítimas Feridas";"Plena Noite";"Decrescente";"Céu Claro";"Simples";"Reta";"Não";3;0;3;0;0;0;3;1;-15,59527398;-56,22617299;"SPRF-MT";"DEL01-MT";"UOP02-DEL01-MT"
334261;2021-01-13;"quarta-feira";"21:00:00";"PI";230;306;"FLORIANO";"Ausência de reação do condutor";"Saída de leito carroçável";"Com Vítimas Feridas";"Plena Noite";"Crescente";"Céu Claro";"Simples";"Reta";"Não";1;0;0;1;0;0;1;1;-6,79173488;-42,98594092;"SPRF-PI";"DEL03-PI";"UOP01-DEL03-PI"
334263;2021-01-13;"quarta-feira";"20:30:00";"RJ";101;331;"RIO DE JANEIRO";"Manobra de mudança de faixa";"Colisão lateral";"Com Vítimas Feridas";"Plena Noite";"Decrescente";"Céu Claro";"Dupla";"Reta";"Não";2;0;1;0;1;0;1;2;-22,867662;-43,195337;"SPRF-RJ";"DEL02-RJ";"UOP02-DEL02-RJ"
334266;2021-01-13;"quarta-feira";"21:30:00";"RO";364;709;"PORTO VELHO";"Ingestão de álcool pelo condutor";"Colisão com objeto";"Sem Vítimas";"Plena Noite";"Decrescente";"Chuva";"Dupla";"Reta;Interseção de Vias";"Sim";1;0;0;0;1;0;0;1;-8,78535369;-63,85931969;"SPRF-RO";"DEL01-RO";"UOP01-DEL01-RO"
334268;2021-01-13;"quarta-feira";"17:05:00";"SP";116;150;"SAO JOSE DOS CAMPOS";"Demais falhas mecânicas ou elétricas";"Tombamento";"Com Vítimas Feridas";"Pleno dia";"Decrescente";"Nublado";"Dupla";"Reta";"Não";2;0;2;0;0;0;2;1;-23,21335525;-45,8930588;"SPRF-SP";"DEL02-SP";"UOP01-DEL02-SP"
334270;2021-01-13;"quarta-feira";"12:00:00";"MA";222;531;"BURITICUPU";"Transitar na contramão";"Colisão frontal";"Com Vítimas Fatais";"Pleno dia";"Crescente";"Nublado";"Simples";"Curva;Aclive";"Não";2;1;0;0;1;0;0;2;-4,3001952;-46,48621804;"SPRF-MA";"DEL04-MA";"UOP03-DEL04-MA"
334273;2021-01-13;"quarta-feira";"13:07:00";"RJ";101;294;"ITABORAI";"Acessar a via sem observar a presença dos outros veículos";"Colisão lateral";"Sem Vítimas";"Pleno dia";"Crescente";"Nublado";"Dupla";"Reta";"Sim";2;0;0;0;2;0;0;2;-22,7584434;-42,89502344;"SPRF-RJ";"DEL02-RJ";"UOP02-DEL02-RJ"
334275;2021-01-13;"quarta-feira";"21:56:00";"SP";116;148;"SAO JOSE DOS CAMPOS";"Velocidade Incompatível";"Capotamento";"Com Vítimas Feridas";"Plena Noite";"Crescente";"Chuva";"Dupla";"Reta";"Sim";1;0;1;0;0;0;1;1;-23,20067421;-45,8795018;"SPRF-SP";"DEL02-SP";"UOP01-DEL02-SP"
334277;2021-01-13;"quarta-feira";"23:40:00";"GO";153;703,2;"ITUMBIARA";"Frear bruscamente";"Queda de ocupante de veículo";"Com Vítimas Feridas";"Plena Noite";"Decrescente";"Chuva";"Dupla";"Reta";"Sim";1;0;1;0;0;0;1;1;-18,411018;-49,195927;"SPRF-GO";"DEL03-GO";"UOP02-DEL03-GO"
334278;2021-01-14;"quinta-feira";"00:00:00";"MA";10;166;"PORTO FRANCO";"Objeto estático sobre o leito carroçável";"Queda de ocupante de veículo";"Com Vítimas Feridas";"Plena Noite";"Crescente";"Nublado";"Simples";"Reta";"Não";1;0;1;0;0;0;1;1;-6,266378;-47,356293;"SPRF-MA";"DEL04-MA";"UOP02-DEL04-MA"
334281;2021-01-13;"quarta-feira";"23:30:00";"CE";116;133,9;"RUSSAS";"Acostamento em desnível";"Colisão com objeto";"Com Vítimas Feridas";"Plena Noite";"Decrescente";"Céu Claro";"Simples";"Reta";"Não";1;0;0;1;0;0;1;1;-4,70788294;-38,09229587;"SPRF-CE";"DEL03-CE";"UOP01-DEL03-CE"
334282;2021-01-13;"quarta-feira";"16:30:00";"PR";116;38;"CAMPINA GRANDE DO SUL";"Velocidade Incompatível";"Capotamento";"Sem Vítimas";"Pleno dia";"Crescente";"Chuva";"Dupla";"Curva";"Não";1;0;0;0;1;0;0;1;-25,14802509;-48,85922071;"SPRF-PR";"DEL01-PR";"UOP02-DEL01-PR"
334283;2021-01-14;"quinta-feira";"00:10:00";"CE";20;195,5;"BOA VIAGEM";"Transitar na contramão";"Colisão transversal";"Com Vítimas Fatais";"Plena Noite";"Crescente";"Céu Claro";"Simples";"Reta";"Não";2;1;0;0;1;0;0;2;-5,18887545;-39,77497139;"SPRF-CE";"DEL02-CE";"UOP02-DEL02-CE"
334284;2021-01-14;"quinta-feira";"00:30:00";"MS";163;123,9;"NAVIRAI";"Animais na Pista";"Atropelamento de Animal";"Com Vítimas Feridas";"Plena Noite";"Crescente";"Nublado";"Simples";"Reta";"Não";1;0;1;0;0;0;1;1;-23,08970392;-54,22599962;"SPRF-MS";"DEL09-MS";"UOP01-DEL09-MS"
334285;2021-01-13;"quarta-feira";"18:40:00";"MS";163;77,5;"ITAQUIRAI";"Velocidade Incompatível";"Colisão traseira";"Sem Vítimas";"Anoitecer";"Decrescente";"Nublado";"Dupla";"Reta";"Sim";2;0;0;0;1;1;0;2;-23,47782;-54,1872;"SPRF-MS";"DEL09-MS";"UOP01-DEL09-MS"
334288;2021-01-14;"quinta-feira";"01:42:00";"MG";40;469,5;"SETE LAGOAS";"Animais na Pista";"Atropelamento de Animal";"Com Vítimas Feridas";"Plena Noite";"Crescente";"Nublado";"Múltipla";"Curva;Declive";"Sim";1;0;1;0;0;0;1;1;-19,46234;-44,29891;"SPRF-MG";"DEL02-MG";"UOP01-DEL02-MG"
334290;2021-01-14;"quinta-feira";"01:00:00";"BA";101;663;"ITAPEBI";"Condutor Dormindo";"Saída de leito carroçável";"Com Vítimas Feridas";"Plena Noite";"Crescente";"Chuva";"Simples";"Curva";"Não";1;0;1;0;0;0;1;1;-15,96625969;-39,5601368;"SPRF-BA";"DEL09-BA";"UOP01-DEL09-BA"
334291;2021-01-14;"quinta-feira";"04:30:00";"PE";101;16,7;"GOIANA";"Pedestre andava na pista";"Atropelamento de Pedestre";"Com Vítimas Feridas";"Amanhecer";"Decrescente";"Céu Claro";"Dupla";"Reta";"Não";3;0;0;1;0;2;1;2;-7,63348482;-34,96143076;"SPRF-PE";"DEL01-PE";"UOP02-DEL01-PE"
334292;2021-01-14;"quinta-feira";"04:20:00";"GO";364;277;"MINEIROS";"Acumulo de areia ou detritos sobre o pavimento";"Capotamento";"Com Vítimas Feridas";"Amanhecer";"Decrescente";"Chuva";"Simples";"Curva";"Não";2;0;1;0;1;0;1;1;-17,645481;-52,366634;"SPRF-GO";"DEL05-GO";"UOP01-DEL05-GO"
334295;2021-01-14;"quinta-feira";"05:40:00";"PE";232;192;"SANHARO";"Condutor Dormindo";"Colisão frontal";"Com Vítimas Fatais";"Amanhecer";"Crescente";"Céu Claro";"Simples";"Reta";"Não";3;1;0;2;0;0;2;2;-8,35793154;-36,53676104;"SPRF-PE";"DEL02-PE";"UOP03-DEL02-PE"
334297;2021-01-14;"quinta-feira";"02:40:00";"RJ";116;141;"DUQUE DE CAXIAS";"Pedestre cruzava a pista fora da faixa";"Atropelamento de Pedestre";"Com Vítimas Fatais";"Plena Noite";"Crescente";"Céu Claro";"Dupla";"Reta";"Sim";2;1;1;0;0;0;1;2;-22,669252;-43,271521;"SPRF-RJ";"DEL01-RJ";"UOP01-DEL01-RJ"
334298;2021-01-14;"quinta-feira";"06:00:00";"BA";324;581,6;"CANDEIAS";"Reação tardia ou ineficiente do condutor";"Saída de leito carroçável";"Com Vítimas Feridas";"Pleno dia";"Decrescente";"Céu Claro";"Dupla";"Curva";"Não";5;0;2;0;3;0;2;1;-12,60312907;-38,50096504;"SPRF-BA";"DEL01-BA";"UOP01-DEL01-BA"
334299;2021-01-14;"quinta-feira";"06:40:00";"MG";381;451,5;"SABARA";"Objeto estático sobre o leito carroçável";"Colisão com objeto";"Com Vítimas Feridas";"Pleno dia";"Crescente";"Céu Claro";"Simples";"Reta";"Sim";1;0;1;0;0;0;1;1;-19,83832024;-43,8806931;"SPRF-MG";"DEL01-MG";"UOP01-DEL01-MG"
334300;2021-01-04;"segunda-feira";"18:40:00";"PE";101;66,5;"RECIFE";"Condutor deixou de manter distância do veículo da frente";"Colisão traseira";"Com Vítimas Feridas";"Plena Noite";"Crescente";"Céu Claro";"Dupla";"Reta";"Não";6;0;1;0;4;1;1;4;-8,03368534;-34,94184125;"SPRF-PE";"DEL01-PE";"UOP01-DEL01-PE"