"id";"data_inversa";"dia_semana";"horario";"uf";"br";"km";"municipio";"causa_acidente";"tipo_acidente";"classificacao_acidente";"fase_dia";"sentido_via";"condicao_metereologica";"tipo_pista";"tracado_via";"uso_solo";"pessoas";"mortos";"feridos_leves";"feridos_graves";"ilesos";"ignorados";"feridos";"veiculos";"latitude";"longitude";"regional";"delegacia";"uop"
334301;2021-01-14;"quinta-feira";"06:55:00";"DF";20;16;"BRASILIA";"Avarias e/ou desgaste excessivo no pneu";"Tombamento";"Com Vítimas Feridas";"Pleno dia";"Decrescente";"Nublado";"Múltipla";"Reta";"Sim";2;0;2;0;0;0;2;1;-15,625675;-47,725159;"SPRF-DF";"DEL02-DF";"UOP01-DEL02-DF"
334302;2021-01-14;"quinta-feira";"07:15:00";"PR";369;86,8;"CORNELIO PROCOPIO";"Acessar a via sem observar a presença dos outros veículos";"Colisão traseira";"Com Vítimas Feridas";"Pleno dia";"Crescente";"Céu Claro";"Simples";"Reta;Declive";"Não";2;0;1;0;1;0;1;2;-23,17920712;-50,63042879;"SPRF-PR";"DEL07-PR";"UOP01-DEL07-PR"
334303;2021-01-13;"quarta-feira";"21:00:00";"PA";10;130;"PARAGOMINAS";"Entrada inopinada do pedestre";"Atropelamento de Pedestre";"Com Vítimas Fatais";"Plena Noite";"Crescente";"Garoa/Chuvisco";"Simples";"Aclive";"Não";2;1;0;0;1;0;0;2;-3,303611;-47,46416398;"SPRF-PA";"DEL02-PA";"UOP01-DEL02-PA"
334306;2021-01-14;"quinta-feira";"07:25:00";"SC";101;131;"BALNEARIO CAMBORIU";"Acessar a via sem observar a presença dos outros veículos";"Colisão lateral";"Com Vítimas Feridas";"Pleno dia";"Crescente";"Chuva";"Dupla";"Reta";"Sim";2;0;2;0;0;0;2;2;-26,99064209;-48,66310912;"SPRF-SC";"DEL04-SC";"UOP03-DEL04-SC"
334308;2021-01-04;"segunda-feira";"15:30:00";"CE";222;102,8;"UMIRIM";"Transitar na contramão";"Colisão frontal";"Com Vítimas Feridas";"Pleno dia";"Crescente";"Céu Claro";"Simples";"Reta";"Sim";2;0;1;0;1;0;1;2;-3,73749744;-39,43418968;"SPRF-CE";"DEL04-CE";"UOP03-DEL04-CE"
334312;2021-01-14;"quinta-feira";"08:10:00";"PR";277;721,5;"FOZ DO IGUACU";"Reação tardia ou ineficiente do condutor";"Colisão transversal";"Com Vítimas Feridas";"Pleno dia";"Crescente";"Céu Claro";"Dupla";"Retorno Regulamentado";"Sim";2;0;1;0;1;0;1;2;-25,4911505;-54,51185421;"SPRF-PR";"DEL05-PR";"UOP03-DEL05-PR"
334313;2021-01-14;"quinta-feira";"07:30:00";"SP";116;221,7;"GUARULHOS";"Condutor deixou de manter distância do veículo da frente";"Colisão traseira";"Com Vítimas Feridas";"Pleno dia";"Crescente";"Nublado";"Múltipla";"Reta";"Sim";2;0;1;0;1;0;1;2;-23,46802395;-46,50704901;"SPRF-SP";"DEL01-SP";"UOP01-DEL01-SP"
334314;2021-01-14;"quinta-feira";"06:45:00";"RJ";393;167;"TRES RIOS";"Condutor deixou de manter distância do veículo da frente";"Colisão lateral";"Com Vítimas Feridas";"Pleno dia";"Crescente";"Céu Claro";"Simples";"Reta";"Sim";2;0;1;0;0;1;1;2;-22,1265436;-43,15278411;"SPRF-RJ";"DEL05-RJ";"UOP01-DEL05-RJ"
334315;2021-01-14;"quinta-feira";"07:10:00";"SC";480;129,8;"CHAPECO";"Acumulo de areia ou detritos sobre o pavimento";"Saída de leito carroçável";"Com Vítimas Feridas";"Pleno dia";"Crescente";"Sol";"Simples";"Interseção de Vias";"Não";1;0;1;0;0;0;1;1;-27,04656607;-52,63577131;"SPRF-SC";"DEL07-SC";"UOP01-DEL07-SC"
334316;2021-01-14;"quinta-feira";"08:10:00";"RS";153;47,1;"ERECHIM";"Acessar a via sem observar a presença dos outros veículos";"Colisão transversal";"Com Vítimas Feridas";"Pleno dia";"Decrescente";"Céu Claro";"Simples";"Interseção de Vias";"Sim";2;0;1;0;1;0;1;2;-27,64530366;-52,24998023;"SPRF-RS";"DEL08-RS";"UOP04-DEL08-RS"
334317;2021-01-14;"quinta-feira";"08:20:00";"RS";290;19,8;"SANTO ANTONIO DA PATRULHA";"Condutor Dormindo";"Saída de leito carroçável";"Com Vítimas Feridas";"Pleno dia";"Crescente";"Nublado";"Dupla";"Reta";"Não";2;0;2;0;0;0;2;1;-29,884407;-50,444893;"SPRF-RS";"DEL03-RS";"UOP01-DEL03-RS"
334318;2021-01-14;"quinta-feira";"08:20:00";"PE";232;9,4;"JABOATAO DOS GUARARAPES";"Condutor deixou de manter distância do veículo da frente";"Colisão traseira";"Com Vítimas Feridas";"Pleno dia";"Crescente";"Céu Claro";"Dupla";"Reta";"Sim";2;0;1;0;1;0;1;2;-8,07852031;-34,98350501;"SPRF-PE";"DEL01-PE";"UOP01-DEL01-PE"
334320;2021-01-14;"quinta-feira";"08:05:00";"PE";232;10,1;"JABOATAO DOS GUARARAPES";"Manobra de mudança de faixa";"Colisão lateral mesmo sentido";"Com Vítimas Feridas";"Pleno dia";"Decrescente";"Sol";"Dupla";"Reta";"Sim";2;0;1;0;1;0;1;2;-8,07917241;-34,98718609;"SPRF-PE";"DEL01-PE";"UOP01-DEL01-PE"
334321;2021-01-14;"quinta-feira";"07:15:00";"RS";290;86;"PORTO ALEGRE";"Manobra de mudança de faixa";"Saída de leito carroçável";"Com Vítimas Feridas";"Pleno dia";"Decrescente";"Nublado";"Múltipla";"Reta";"Não";1;0;1;0;0;0;1;1;-29,968412;-51,117138;"SPRF-RS";"DEL01-RS";"UOP01-DEL01-RS"
334322;2021-01-14;"quinta-feira";"08:35:00";"MG";116;703,9;"MURIAE";"Acessar a via sem observar a presença dos outros veículos";"Colisão transversal";"Com Vítimas Feridas";"Pleno dia";"Crescente";"Sol";"Simples";"Reta";"Sim";2;0;1;0;1;0;1;2;-21,12682309;-42,3832189;"SPRF-MG";"DEL07-MG";"UOP02-DEL07-MG"
334326;2021-01-14;"quinta-feira";"09:00:00";"PR";116;115;"CURITIBA";"Condutor deixou de manter distância do veículo da frente";"Colisão traseira";"Com Vítimas Feridas";"Pleno dia";"Crescente";"Garoa/Chuvisco";"Dupla";"Reta";"Sim";2;0;1;0;1;0;1;2;-25,551403;-49,3048;"SPRF-PR";"DEL01-PR";"UOP01-DEL01-PR"
334330;2021-01-14;"quinta-feira";"09:00:00";"BA";101;517;"BUERAREMA";"Velocidade Incompatível";"Colisão traseira";"Sem Vítimas";"Pleno dia";"Decrescente";"Céu Claro";"Simples";"Em Obras;Reta;Ponte";"Não";4;0;0;0;4;0;0;4;-15,04082291;-39,33198118;"SPRF-BA";"DEL05-BA";"UOP01-DEL05-BA"
334331;2021-01-14;"quinta-feira";"06:00:00";"AC";317;102;"SENADOR GUIOMARD";"Chuva";"Saída de leito carroçável";"Sem Vítimas";"Amanhecer";"Decrescente";"Chuva";"Simples";"Reta";"Não";1;0;0;0;0;1;0;1;-10,23806201;-67,70808804;"SPRF-AC";"DEL01-AC";"UOP01-DEL01-AC"
334332;2021-01-14;"quinta-feira";"08:40:00";"BA";367;83,9;"EUNAPOLIS";"Acesso irregular";"Colisão transversal";"Com Vítimas Feridas";"Pleno dia";"Decrescente";"Nublado";"Simples";"Reta";"Sim";3;0;1;0;2;0;1;3;-16,37462112;-39,57919121;"SPRF-BA";"DEL09-BA";"UOP01-DEL09-BA"
334333;2021-01-14;"quinta-feira";"08:25:00";"GO";70;314;"JUSSARA";"Reação tardia ou ineficiente do condutor";"Atropelamento de Pedestre";"Com Vítimas Feridas";"Amanhecer";"Crescente";"Nublado";"Dupla";"Reta";"Sim";2;0;1;0;1;0;1;2;-15,87325911;-50,85142136;"SPRF-GO";"DEL04-GO";"UOP01-DEL04-GO"
334336;2021-01-14;"quinta-feira";"10:00:00";"PR";476;122;"CURITIBA";"Afundamento ou ondulação no pavimento";"Queda de ocupante de veículo";"Com Vítimas Feridas";"Pleno dia";"Crescente";"Céu Claro";"Dupla";"Desvio Temporário;Reta;Em Obras";"Sim";2;0;1;0;1;0;1;2;-25,385775;-49,203377;"SPRF-PR";"DEL01-PR";"UOP02-DEL01-PR"
334337;2021-01-14;"quinta-feira";"08:40:00";"PR";116;93;"SAO JOSE DOS PINHAIS";"Pista Escorregadia";"Saída de leito carroçável";"Com Vítimas Feridas";"Pleno dia";"Decrescente";"Chuva";"Dupla";"Curva";"Sim";2;0;2;0;0;0;2;1;-25,48227693;-49,10588805;"SPRF-PR";"DEL01-PR";"UOP01-DEL01-PR"
334341;2021-01-14;"quinta-feira";"09:25:00";"RN";101;79,7;"NATAL";"Acessar a via sem observar a presença dos outros veículos";"Colisão transversal";"Com Vítimas Feridas";"Pleno dia";"Crescente";"Céu Claro";"Dupla";"Retorno Regulamentado";"Não";2;0;1;0;1;0;1;2;-5,74962896;-35,28918369;"SPRF-RN";"DEL02-RN";"UOP01-DEL02-RN"
334342;2021-01-03;"domingo";"08:40:00";"MS";262;245,4;"RIBAS DO RIO PARDO";"Manobra de mudança de faixa";"Saída de leito carroçável";"Com Vítimas Feridas";"Pleno dia";"Crescente";"Céu Claro";"Simples";"Aclive";"Não";1;0;1;0;0;0;1;1;-20,45034097;-53,81174898;"SPRF-MS";"DEL01-MS";"UOP01-DEL01-MS"
334343;2021-01-10;"domingo";"19:30:00";"MA";135;28;"BACABEIRA";"Reação tardia ou ineficiente do condutor";"Saída de leito carroçável";"Com Vítimas Feridas";"Plena Noite";"Decrescente";"Céu Claro";"Dupla";"Reta";"Não";2;0;2;0;0;0;2;1;-2,786069;-44,37413;"SPRF-MA";"DEL01-MA";"UOP01-DEL01-MA"
334346;2021-01-14;"quinta-feira";"11:00:00";"PE";232;333,6;"CUSTODIA";"Conversão proibida";"Colisão lateral";"Com Vítimas Feridas";"Pleno dia";"Crescente";"Céu Claro";"Simples";"Reta";"Sim";4;0;2;1;1;0;3;2;-8,0886886;-37,62796997;"SPRF-PE";"DEL03-PE";"UOP02-DEL03-PE"
334348;2021-01-14;"quinta-feira";"05:30:00";"MA";135;89,9;"ITAPECURU MIRIM";"Animais na Pista";"Atropelamento de Animal";"Com Vítimas Feridas";"Pleno dia";"Crescente";"Nublado";"Simples";"Reta";"Não";2;0;0;1;1;0;1;1;-3,28431704;-44,41158095;"SPRF-MA";"DEL01-MA";"UOP02-DEL01-MA"
334351;2021-01-14;"quinta-feira";"11:50:00";"SP";116;435,5;"REGISTRO";"Reação tardia ou ineficiente do condutor";"Tombamento";"Com Vítimas Feridas";"Pleno dia";"Decrescente";"Céu Claro";"Dupla";"Reta";"Não";2;0;2;0;0;0;2;1;-24,42978592;-47,78559107;"SPRF-SP";"DEL05-SP";"UOP01-DEL05-SP"
334352;2021-01-14;"quinta-feira";"09:40:00";"ES";262;72,6;"MARECHAL FLORIANO";"Chuva";"Saída de leito carroçável";"Com Vítimas Feridas";"Pleno dia";"Decrescente";"Chuva";"Simples";"Curva";"Não";2;0;0;1;1;0;1;1;-20,41144816;-40,88038445;"SPRF-ES";"DEL01-ES";"UOP02-DEL01-ES"
334353;2021-01-14;"quinta-feira";"12:42:00";"PE";101;48;"ABREU E LIMA";"Condutor deixou de manter distância do veículo da frente";"Colisão traseira";"Com Vítimas Feridas";"Pleno dia";"Decrescente";"Céu Claro";"Múltipla";"Reta";"Sim";3;0;0;2;1;0;2;2;-7,89174705;-34,9033493;"SPRF-PE";"DEL01-PE";"UOP02-DEL01-PE"
334354;2021-01-12;"terça-feira";"08:00:00";"RJ";101;320;"NITEROI";"Ausência de reação do condutor";"Tombamento";"Sem Vítimas";"Pleno dia";"Decrescente";"Céu Claro";"Dupla";"Reta";"Sim";1;0;0;0;0;1;0;1;-22,86171098;-43,10714015;"SPRF-RJ";"DEL02-RJ";"UOP02-DEL02-RJ"
334355;2021-01-14;"quinta-feira";"12:30:00";"PR";369;84;"CORNELIO PROCOPIO";"Velocidade Incompatível";"Tombamento";"Com Vítimas Feridas";"Pleno dia";"Crescente";"Chuva";"Simples";"Curva";"Sim";1;0;1;0;0;0;1;1;-23,170664;-50,613239;"SPRF-PR";"DEL07-PR";"UOP01-DEL07-PR"
334356;2021-01-14;"quinta-feira";"11:35:00";"MA";10;255;"IMPERATRIZ";"Ultrapassagem Indevida";"Colisão transversal";"Com Vítimas Feridas";"Pleno dia";"Crescente";"Céu Claro";"Simples";"Interseção de Vias";"Sim";2;0;1;0;1;0;1;2;-5,508798;-47,471718;"SPRF-MA";"DEL04-MA";"UOP01-DEL04-MA"
334357;2021-01-14;"quinta-feira";"08:00:00";"BA";101;771;"ITABELA";"Velocidade Incompatível";"Colisão frontal";"Com Vítimas Fatais";"Pleno dia";"Crescente";"Chuva";"Simples";"Declive;Curva";"Não";17;1;0;0;16;0;0;2;-16,74815039;-39,45106417;"SPRF-BA";"DEL09-BA";"UOP01-DEL09-BA"
334360;2021-01-10;"domingo";"09:20:00";"PE";232;129,6;"CARUARU";"Condutor deixou de manter distância do veículo da frente";"Colisão traseira";"Com Vítimas Feridas";"Pleno dia";"Crescente";"Sol";"Dupla";"Interseção de Vias";"Sim";7;0;2;0;5;0;2;2;-8,300491;-35,98645;"SPRF-PE";"DEL02-PE";"UOP03-DEL02-PE"
334364;2021-01-14;"quinta-feira";"13:20:00";"BA";116;416;"FEIRA DE SANTANA";"Condutor deixou de manter distância do veículo da frente";"Colisão traseira";"Com Vítimas Feridas";"Pleno dia";"Decrescente";"Céu Claro";"Simples";"Reta";"Sim";3;0;2;0;0;1;2;2;-12,168362;-38,964993;"SPRF-BA";"DEL02-BA";"UOP01-DEL02-BA"
334370;2021-01-14;"quinta-feira";"13:40:00";"MG";381;540;"ITATIAIUCU";"Velocidade Incompatível";"Saída de leito carroçável";"Sem Vítimas";"Pleno dia";"Decrescente";"Sol";"Dupla";"Curva";"Não";1;0;0;0;1;0;0;1;-20,25145691;-44,41136239;"SPRF-MG";"DEL04-MG";"UOP03-DEL04-MG"
334371;2021-01-14;"quinta-feira";"12:20:00";"MG";262;580;"CAMPOS ALTOS";"Velocidade Incompatível";"Saída de leito carroçável";"Com Vítimas Feridas";"Pleno dia";"Crescente";"Chuva";"Dupla";"Curva";"Não";2;0;1;1;0;0;2;1;-19,64922468;-46,07016762;"SPRF-MG";"DEL08-MG";"UOP02-DEL08-MG"
334372;2021-01-14;"quinta-feira";"13:20:00";"PE";232;408;"SERRA TALHADA";"Demais falhas mecânicas ou elétricas";"Saída de leito carroçável";"Sem Vítimas";"Pleno dia";"Decrescente";"Sol";"Simples";"Reta";"Sim";1;0;0;0;1;0;0;1;-7,98371447;-38,28047709;"SPRF-PE";"DEL04-PE";"UOP01-DEL04-PE"
334376;2021-01-14;"quinta-feira";"11:35:00";"SC";163;70,1;"SAO MIGUEL DO OESTE";"Acessar a via sem observar a presença dos outros veículos";"Colisão transversal";"Com Vítimas Feridas";"Pleno dia";"Decrescente";"Céu Claro";"Dupla";"Reta";"Sim";2;0;1;0;1;0;1;2;-26,73461723;-53,50680015;"SPRF-SC";"DEL07-SC";"UOP03-DEL07-SC"
334381;2021-01-14;"quinta-feira";"14:50:00";"SE";235;4;"NOSSA SENHORA DO SOCORRO";"Condutor deixou de manter distância do veículo da frente";"Colisão traseira";"Sem Vítimas";"Pleno dia";"Crescente";"Céu Claro";"Dupla";"Reta";"Sim";2;0;0;0;2;0;0;2;-10,9064;-37,1197;"SPRF-SE";"DEL01-SE";"UOP01-DEL01-SE"
334383;2021-01-14;"quinta-feira";"14:40:00";"ES";262;42;"DOMINGOS MARTINS";"Condutor Dormindo";"Saída de leito carroçável";"Sem Vítimas";"Pleno dia";"Crescente";"Nublado";"Simples";"Aclive;Curva";"Não";1;0;0;0;1;0;0;1;-20,38524458;-40,65385185;"SPRF-ES";"DEL01-ES";"UOP01-DEL01-ES"
334385;2021-01-14;"quinta-feira";"15:30:00";"RS";386;163,8;"ALMIRANTE TAMANDARE DO SUL";"Manobra de mudança de faixa";"Saída de leito carroçável";"Com Vítimas Fatais";"Pleno dia";"Decrescente";"Sol";"Simples";"Reta";"Não";3;1;1;0;0;1;1;2;-28,181774;-52,834915;"SPRF-RS";"DEL08-RS";"UOP01-DEL08-RS"
334389;2021-01-08;"sexta-feira";"19:30:00";"PI";316;309;"PICOS";"Acessar a via sem observar a presença dos outros veículos";"Colisão transversal";"Com Vítimas Feridas";"Plena Noite";"Crescente";"Céu Claro";"Simples";"Reta";"Sim";2;0;1;0;1;0;1;2;-7,07778744;-41,48370094;"SPRF-PI";"DEL04-PI";"UOP01-DEL04-PI"
334392;2021-01-14;"quinta-feira";"15:20:00";"SC";280;25;"ARAQUARI";"Ultrapassagem Indevida";"Colisão traseira";"Com Vítimas Feridas";"Pleno dia";"Decrescente";"Céu Claro";"Simples";"Reta";"Não";2;0;1;0;1;0;1;2;-26,38352781;-48,72677516;"SPRF-SC";"DEL03-SC";"UOP03-DEL03-SC"
334394;2021-01-14;"quinta-feira";"16:30:00";"ES";482;110;"GUACUI";"Pista Escorregadia";"Saída de leito carroçável";"Com Vítimas Feridas";"Plena Noite";"Crescente";"Garoa/Chuvisco";"Simples";"Curva";"Não";1;0;1;0;0;0;1;1;-20,79418421;-41,70129397;"SPRF-ES";"DEL03-ES";"UOP02-DEL03-ES"
334395;2021-01-14;"quinta-feira";"14:20:00";"RN";226;2;"NATAL";"Ingestão de álcool pelo condutor";"Colisão com objeto";"Com Vítimas Feridas";"Pleno dia";"Crescente";"Céu Claro";"Simples";"Reta";"Não";1;0;1;0;0;0;1;1;-5,81364934;-35,2466547;"SPRF-RN";"DEL01-RN";"UOP02-DEL01-RN"
334396;2021-01-14;"quinta-feira";"16:20:00";"PR";277;102;"CAMPO LARGO";"Condutor deixou de manter distância do veículo da frente";"Colisão traseira";"Com Vítimas Feridas";"Pleno dia";"Crescente";"Chuva";"Múltipla";"Reta";"Não";2;0;1;0;0;1;1;2;-25,51408786;-49,33726669;"SPRF-PR";"DEL01-PR";"UOP01-DEL01-PR"
334400;2021-01-14;"quinta-feira";"17:15:00";"AL";316;155;"PALMEIRA DOS INDIOS";"Acessar a via sem observar a presença dos outros veículos";"Colisão lateral mesmo sentido";"Com Vítimas Feridas";"Anoitecer";"Decrescente";"Céu Claro";"Simples";"Reta";"Não";2;0;1;0;1;0;1;2;-9,42623278;-36,63304512;"SPRF-AL";"DEL03-AL";"UOP01-DEL03-AL"
334402;2021-01-14;"quinta-feira";"14:45:00";"GO";50;251;"CATALAO";"Ingestão de álcool pelo condutor";"Saída de leito carroçável";"Com Vítimas Feridas";"Pleno dia";"Crescente";"Nublado";"Dupla";"Reta";"Não";1;0;0;1;0;0;1;1;-17,9767;-47,7964;"SPRF-GO";"DEL06-GO";"UOP01-DEL06-GO"
334403;2021-01-14;"quinta-feira";"17:45:00";"GO";50;230;"CAMPO ALEGRE DE GOIAS";"Velocidade Incompatível";"Colisão com objeto";"Com Vítimas Feridas";"Pleno dia";"Decrescente";"Céu Claro";"Dupla";"Curva";"Não";1;0;1;0;0;0;1;1;-17,8022;-47,7667;"SPRF-GO";"DEL06-GO";"UOP01-DEL06-GO"
334405;2021-01-14;"quinta-feira";"17:00:00";"PE";101;187;"PALMARES";"Pedestre cruzava a pista fora da faixa";"Atropelamento de Pedestre";"Com Vítimas Feridas";"Pleno dia";"Decrescente";"Céu Claro";"Múltipla";"Reta";"Sim";2;0;0;1;1;0;1;2;-8,68263674;-35,57938824;"SPRF-PE";"DEL01-PE";"UOP03-DEL01-PE"
334407;2021-01-14;"quinta-feira";"17:49:00";"SP";153;302,4;"CAMPOS NOVOS PAULISTA";"Acessar a via sem observar a presença dos outros veículos";"Colisão transversal";"Sem Vítimas";"Pleno dia";"Crescente";"Nublado";"Simples";"Retorno Regulamentado";"Não";3;0;0;0;3;0;0;2;-22,599274;-49,88954395;"SPRF-SP";"DEL07-SP";"UOP03-DEL07-SP"
334408;2021-01-14;"quinta-feira";"17:45:00";"CE";116;16;"FORTALEZA";"Condutor deixou de manter distância do veículo da frente";"Colisão traseira";"Com Vítimas Feridas";"Plena Noite";"Crescente";"Céu Claro";"Dupla";"Reta";"Não";2;0;1;0;1;0;1;2;-3,88732794;-38,50185439;"SPRF-CE";"DEL01-CE";"UOP02-DEL01-CE"
334409;2021-01-14;"quinta-feira";"17:43:00";"SC";101;133;"BALNEARIO CAMBORIU";"Condutor deixou de manter distância do veículo da frente";"Colisão traseira";"Sem Vítimas";"Pleno dia";"Crescente";"Nublado";"Múltipla";"Reta";"Sim";2;0;0;0;2;0;0;2;-26,99936;-48,64609;"SPRF-SC";"DEL04-SC";"UOP03-DEL04-SC"
334413;2021-01-14;"quinta-feira";"17:15:00";"MS";262;548,5;"MIRANDA";"Reação tardia ou ineficiente do condutor";"Saída de leito carroçável";"Com Vítimas Feridas";"Anoitecer";"Crescente";"Nublado";"Simples";"Reta";"Não";5;0;5;0;0;0;5;1;-20,2854079;-56,29810095;"SPRF-MS";"DEL03-MS";"UOP02-DEL03-MS"
334416;2021-01-14;"quinta-feira";"18:35:00";"SP";116;35;"CACHOEIRA PAULISTA";"Pista Escorregadia";"Capotamento";"Com Vítimas Feridas";"Anoitecer";"Decrescente";"Chuva";"Dupla";"Aclive";"Sim";3;0;1;1;1;0;2;1;-22,65892521;-44,96708995;"SPRF-SP";"DEL08-SP";"UOP02-DEL08-SP"
334418;2021-01-14;"quinta-feira";"21:30:00";"PE";232;90,1;"SAIRE";"Ausência de sinalização";"Saída de leito carroçável";"Com Vítimas Feridas";"Plena Noite";"Crescente";"Céu Claro";"Dupla";"Curva";"Não";4;0;4;0;0;0;4;1;-8,21834835;-35,66463196;"SPRF-PE";"DEL02-PE";"UOP02-DEL02PE"
334419;2021-01-14;"quinta-feira";"18:20:00";"ES";101;134,5;"LINHARES";"Ausência de reação do condutor";"Queda de ocupante de veículo";"Com Vítimas Feridas";"Anoitecer";"Crescente";"Nublado";"Simples";"Reta";"Não";2;0;0;1;1;0;1;1;-19,26602502;-40,08886123;"SPRF-ES";"DEL04-ES";"UOP01-DEL04-ES"
334420;2021-01-14;"quinta-feira";"21:45:00";"PE";101;65,2;"RECIFE";"Velocidade Incompatível";"Colisão com objeto";"Sem Vítimas";"Plena Noite";"Decrescente";"Céu Claro";"Múltipla";"Reta";"Sim";3;0;0;0;0;3;0;2;-8,02962259;-34,94279981;"SPRF-PE";"DEL01-PE";"UOP01-DEL01-PE"
334422;2021-01-14;"quinta-feira";"20:00:00";"PR";153;52,4;"SANTO ANTONIO DA PLATINA";"Ingestão de álcool e/ou substâncias psicoativas pelo pedestre";"Atropelamento de Pedestre";"Com Vítimas Fatais";"Plena Noite";"Decrescente";"Nublado";"Simples";"Reta";"Não";3;1;0;0;2;0;0;2;-23,38045053;-50,06145351;"SPRF-PR";"DEL07-PR";"UOP04-DEL07-PR"
334423;2021-01-14;"quinta-feira";"18:00:00";"MT";70;528;"VARZEA GRANDE";"Desrespeitar a preferência no cruzamento";"Colisão traseira";"Com Vítimas Feridas";"Anoitecer";"Decrescente";"Garoa/Chuvisco";"Múltipla";"Retorno Regulamentado";"Sim";2;0;1;0;1;0;1;2;-15,649207;-56,19486;"SPRF-MT";"DEL01-MT";"UOP02-DEL01-MT"
334424;2021-01-14;"quinta-feira";"18:00:00";"SC";280;133;"RIO NEGRINHO";"Ultrapassagem Indevida";"Tombamento";"Com Vítimas Feridas";"Anoitecer";"Decrescente";"Garoa/Chuvisco";"Simples";"Aclive";"Não";3;0;1;0;1;1;1;3;-26,27086634;-49,58022594;"SPRF-SC";"DEL06-SC";"UOP03-DEL06-SC"
334425;2021-01-14;"quinta-feira";"20:05:00";"PR";277;711,6;"SANTA TEREZINHA DE ITAIPU";"Reação tardia ou ineficiente do condutor";"Colisão traseira";"Com Vítimas Feridas";"Plena Noite";"Decrescente";"Céu Claro";"Dupla";"Reta";"Não";6;0;1;0;5;0;1;2;-25,45408037;-54,42224885;"SPRF-PR";"DEL05-PR";"UOP01-DEL05-PR"
334427;2021-01-14;"quinta-feira";"17:30:00";"MG";116;277,9;"TEOFILO OTONI";"Desrespeitar a preferência no cruzamento";"Colisão transversal";"Com Vítimas Feridas";"Pleno dia";"Decrescente";"Céu Claro";"Dupla";"Reta";"Sim";2;0;0;1;1;0;1;2;-17,859945;-41,515144;"SPRF-MG";"DEL11-MG";"UOP01-DEL11-MG"
334429;2021-01-14;"quinta-feira";"18:40:00";"MG";116;277;"TEOFILO OTONI";"Acessar a via sem observar a presença dos outros veículos";"Colisão transversal";"Com Vítimas Feridas";"Plena Noite";"Crescente";"Nublado";"Dupla";"Reta";"Sim";3;0;1;0;1;1;1;3;-17,86027511;-41,51517749;"SPRF-MG";"DEL11-MG";"UOP01-DEL11-MG"
334430;2021-01-14;"quinta-feira";"21:15:00";"SP";116;216;"GUARULHOS";"Acesso irregular";"Colisão frontal";"Sem Vítimas";"Plena Noite";"Decrescente";"Nublado";"Múltipla";"Reta";"Sim";2;0;0;0;1;1;0;2;-23,45056589;-46,46258105;"SPRF-SP";"DEL01-SP";"UOP01-DEL01-SP"
334432;2021-01-14;"quinta-feira";"22:50:00";"SP";116;217;"GUARULHOS";"Ausência de reação do condutor";"Saída de leito carroçável";"Com Vítimas Feridas";"Plena Noite";"Crescente";"Nublado";"Múltipla";"Reta";"Sim";3;0;1;1;1;0;2;2;-23,45423824;-46,47119028;"SPRF-SP";"DEL01-SP";"UOP01-DEL01-SP"
334433;2021-01-14;"quinta-feira";"23:23:00";"RJ";40;118;"DUQUE DE CAXIAS";"Demais falhas mecânicas ou elétricas";"Colisão traseira";"Com Vítimas Feridas";"Plena Noite";"Crescente";"Céu Claro";"Múltipla";"Reta";"Sim";5;0;2;0;3;0;2;3;-22,75470802;-43,28737838;"SPRF-RJ";"DEL01-RJ";"UOP01-DEL01-RJ"
334435;2021-01-14;"quinta-feira";"21:00:00";"RS";386;245,8;"SOLEDADE";"Transitar na contramão";"Colisão lateral sentido oposto";"Sem Vítimas";"Plena Noite";"Crescente";"Céu Claro";"Simples";"Reta";"Sim";6;0;0;0;6;0;0;2;-28,802004;-52,509708;"SPRF-RS";"DEL04-RS";"UOP03-DEL04-RS"
334436;2021-01-14;"quinta-feira";"19:50:00";"RO";364;613;"ITAPUA DO OESTE";"Ausência de sinalização";"Colisão traseira";"Com Vítimas Fatais";"Plena Noite";"Crescente";"Céu Claro";"Simples";"Reta";"Não";3;1;0;0;2;0;0;2;-9,13450396;-63,24593296;"SPRF-RO";"DEL01-RO";"UOP04-DEL01-RO"
334439;2021-01-14;"quinta-feira";"23:30:00";"PE";101;70;"RECIFE";"Condutor deixou de manter distância do veículo da frente";"Colisão traseira";"Com Vítimas Feridas";"Plena Noite";"Decrescente";"Nublado";"Dupla";"Interseção de Vias";"Sim";2;0;1;0;1;0;1;2;-8,069133;-34,940553;"SPRF-PE";"DEL01-PE";"UOP01-DEL01-PE"
334441;2021-01-14;"quinta-feira";"19:10:00";"SC";101;86,9;"BARRA VELHA";"Condutor deixou de manter distância do veículo da frente";"Colisão traseira";"Com Vítimas Feridas";"Plena Noite";"Crescente";"Chuva";"Simples";"Curva";"Sim";2;0;1;0;1;0;1;1;-26,63277317;-48,70232513;"SPRF-SC";"DEL03-SC";"UOP02-DEL03-SC"
334442;2021-01-14;"quinta-feira";"20:45:00";"GO";40;11;"LUZIANIA";"Acessar a via sem observar a presença dos outros veículos";"Colisão transversal";"Com Vítimas Feridas";"Plena Noite";"Crescente";"Céu Claro";"Dupla";"Reta";"Sim";2;0;1;0;0;1;1;2;-16,138336;-47,951644;"SPRF-DF";"DEL01-DF";"UOP01-DEL01-DF"