"id";"data_inversa";"dia_semana";"horario";"uf";"br";"km";"municipio";"causa_acidente";"tipo_acidente";"classificacao_acidente";"fase_dia";"sentido_via";"condicao_metereologica";"tipo_pista";"tracado_via";"uso_solo";"pessoas";"mortos";"feridos_leves";"feridos_graves";"ilesos";"ignorados";"feridos";"veiculos";"latitude";"longitude";"regional";"delegacia";"uop"
334443;2021-01-14;"quinta-feira";"19:19:00";"GO";40;6,4;"LUZIANIA";"Frear bruscamente";"Colisão traseira";"Com Vítimas Feridas";"Plena Noite";"Crescente";"Céu Claro";"Dupla";"Reta";"Sim";2;0;1;0;0;1;1;2;-16,10420555;-47,97557831;"SPRF-DF";"DEL01-DF";"UOP01-DEL01-DF"
334444;2021-01-15;"sexta-feira";"00:45:00";"SC";101;215;"PALHOCA";"Velocidade Incompatível";"Colisão com objeto";"Sem Vítimas";"Plena Noite";"Decrescente";"Chuva";"Dupla";"Curva";"Sim";1;0;0;0;1;0;0;1;-27,65184843;-48,67604941;"SPRF-SC";"DEL01-SC";"UOP02-DEL01-SC"
334448;2021-01-14;"quinta-feira";"22:40:00";"MA";222;616;"ACAILANDIA";"Velocidade Incompatível";"Colisão traseira";"Com Vítimas Feridas";"Plena Noite";"Decrescente";"Garoa/Chuvisco";"Simples";"Aclive";"Não";2;0;1;0;1;0;1;2;-4,72188692;-47,01028607;"SPRF-MA";"DEL04-MA";"UOP03-DEL04-MA"
334449;2021-01-14;"quinta-feira";"19:40:00";"SC";101;63;"ARAQUARI";"Pista Escorregadia";"Tombamento";"Com Vítimas Feridas";"Plena Noite";"Decrescente";"Chuva";"Dupla";"Reta";"Não";1;0;1;0;0;0;1;1;-26,46273584;-48,75354767;"SPRF-SC";"DEL03-SC";"UOP02-DEL03-SC"
334450;2021-01-14;"quinta-feira";"18:20:00";"MG";381;685,3;"RIBEIRAO VERMELHO";"Objeto estático sobre o leito carroçável";"Colisão com objeto";"Sem Vítimas";"Anoitecer";"Decrescente";"Céu Claro";"Dupla";"Reta";"Não";2;0;0;0;2;0;0;1;-21,16704289;-45,12618265;"SPRF-MG";"DEL04-MG";"UOP02-DEL04-MG"
334452;2021-01-15;"sexta-feira";"04:10:00";"RS";116;374,8;"CAMAQUA";"Condutor Dormindo";"Saída de leito carroçável";"Com Vítimas Feridas";"Plena Noite";"Crescente";"Céu Claro";"Dupla";"Reta";"Não";1;0;1;0;0;0;1;1;-30,72576022;-51,61377275;"SPRF-RS";"DEL02-RS";"UOP02-DEL02-RS"
334453;2021-01-15;"sexta-feira";"03:30:00";"MS";163;663;"RIO VERDE DE MATO GROSSO";"Pista Escorregadia";"Saída de leito carroçável";"Sem Vítimas";"Plena Noite";"Decrescente";"Chuva";"Simples";"Reta";"Não";1;0;0;0;1;0;0;1;-19,05900201;-54,79848701;"SPRF-MS";"DEL06-MS";"UOP02-DEL06-MS"
334454;2021-01-14;"quinta-feira";"19:30:00";"MG";40;521,6;"CONTAGEM";"Mal súbito do condutor";"Capotamento";"Com Vítimas Feridas";"Plena Noite";"Crescente";"Céu Claro";"Dupla";"Reta";"Não";1;0;0;1;0;0;1;1;-19,85651501;-44,07213222;"SPRF-MG";"DEL01-MG";"UOP02-DEL01-MG"
334455;2021-01-15;"sexta-feira";"04:45:00";"PI";316;130;"PASSAGEM FRANCA DO PIAUI";"Animais na Pista";"Atropelamento de Animal";"Sem Vítimas";"Amanhecer";"Crescente";"Nublado";"Simples";"Reta";"Não";2;0;0;0;2;0;0;1;-6,02001822;-42,30399222;"SPRF-PI";"DEL04-PI";"UOP02-DEL04-PI"
334456;2021-01-14;"quinta-feira";"19:20:00";"SC";470;109;"APIUNA";"Ingestão de álcool e/ou substâncias psicoativas pelo pedestre";"Saída de leito carroçável";"Com Vítimas Feridas";"Plena Noite";"Decrescente";"Nublado";"Simples";"Curva";"Não";2;0;2;0;0;0;2;1;-27,083876;-49,449543;"SPRF-SC";"DEL04-SC";"UOP02-DEL04-SC"
334457;2021-01-14;"quinta-feira";"18:30:00";"SC";470;46,9;"BLUMENAU";"Condutor deixou de manter distância do veículo da frente";"Colisão traseira";"Sem Vítimas";"Pleno dia";"Decrescente";"Nublado";"Simples";"Reta";"Não";2;0;0;0;2;0;0;2;-26,860388;-49,037617;"SPRF-SC";"DEL04-SC";"UOP01-DEL04-SC"
334460;2021-01-15;"sexta-feira";"02:50:00";"PB";110;91;"PATOS";"Ingestão de álcool e/ou substâncias psicoativas pelo pedestre";"Saída de leito carroçável";"Sem Vítimas";"Plena Noite";"Crescente";"Céu Claro";"Simples";"Reta";"Sim";2;0;0;0;2;0;0;1;-7,00675087;-37,29710298;"SPRF-PB";"DEL03-PB";"UOP01-DEL03-PB"
334461;2021-01-14;"quinta-feira";"23:30:00";"BA";324;621;"SALVADOR";"Demais falhas na via";"Queda de ocupante de veículo";"Com Vítimas Feridas";"Plena Noite";"Crescente";"Céu Claro";"Dupla";"Reta";"Sim";1;0;1;0;0;0;1;1;-12,91233708;-38,45956983;"SPRF-BA";"DEL01-BA";"UOP01-DEL01-BA"
334462;2021-01-15;"sexta-feira";"03:06:00";"RO";364;305,7;"PRESIDENTE MEDICI";"Ingestão de álcool pelo condutor";"Colisão com objeto";"Com Vítimas Feridas";"Plena Noite";"Decrescente";"Céu Claro";"Simples";"Reta";"Sim";2;0;0;1;0;1;1;2;-11,196075;-61,901571;"SPRF-RO";"DEL02-RO";"UOP01-DEL02-RO"
334463;2021-01-14;"quinta-feira";"18:10:00";"SC";282;605,8;"MARAVILHA";"Acessar a via sem observar a presença dos outros veículos";"Colisão transversal";"Com Vítimas Feridas";"Anoitecer";"Crescente";"Céu Claro";"Simples";"Reta";"Não";2;0;1;0;1;0;1;2;-26,786951;-53,195248;"SPRF-SC";"DEL07-SC";"UOP02-DEL07-SC"
334467;2021-01-15;"sexta-feira";"05:00:00";"SC";101;202,9;"SAO JOSE";"Velocidade Incompatível";"Colisão com objeto";"Sem Vítimas";"Plena Noite";"Crescente";"Céu Claro";"Múltipla";"Declive";"Sim";2;0;0;0;1;1;0;2;-27,55711595;-48,61897889;"SPRF-SC";"DEL01-SC";"UOP01-DEL01-SC"
334468;2021-01-15;"sexta-feira";"05:40:00";"RS";290;105;"ELDORADO DO SUL";"Condutor deixou de manter distância do veículo da frente";"Colisão traseira";"Com Vítimas Feridas";"Amanhecer";"Crescente";"Céu Claro";"Dupla";"Ponte";"Não";3;0;1;0;0;2;1;3;-29,99608;-51,285023;"SPRF-RS";"DEL02-RS";"UOP01-DEL02-RS"
334469;2021-01-15;"sexta-feira";"05:57:00";"SP";116;108;"TAUBATE";"Reação tardia ou ineficiente do condutor";"Colisão com objeto";"Com Vítimas Feridas";"Pleno dia";"Decrescente";"Nublado";"Dupla";"Reta";"Sim";1;0;1;0;0;0;1;1;-23,02844804;-45,54469158;"SPRF-SP";"DEL02-SP";"UOP02-DEL02-SP"
334470;2021-01-15;"sexta-feira";"06:15:00";"MG";365;395,9;"PATOS DE MINAS";"Demais falhas mecânicas ou elétricas";"Colisão frontal";"Com Vítimas Feridas";"Pleno dia";"Crescente";"Céu Claro";"Simples";"Reta";"Não";2;0;0;1;1;0;1;2;-18,63277391;-46,37141295;"SPRF-MG";"DEL10-MG";"UOP01-DEL10-MG"
334472;2021-01-14;"quinta-feira";"18:20:00";"PR";476;141;"CURITIBA";"Trafegar com motocicleta (ou similar) entre as faixas";"Colisão traseira";"Com Vítimas Feridas";"Anoitecer";"Crescente";"Nublado";"Dupla";"Reta";"Sim";2;0;1;0;1;0;1;2;-25,528614;-49,298798;"SPRF-PR";"DEL01-PR";"UOP03-DEL01-PR"
334474;2021-01-15;"sexta-feira";"05:55:00";"RN";101;94,8;"NATAL";"Condutor deixou de manter distância do veículo da frente";"Colisão traseira";"Com Vítimas Feridas";"Pleno dia";"Crescente";"Nublado";"Múltipla";"Viaduto";"Sim";2;0;1;0;1;0;1;2;-5,83176615;-35,21191342;"SPRF-RN";"DEL01-RN";"UOP01-DEL01-RN"
334475;2021-01-14;"quinta-feira";"19:30:00";"RS";116;446,9;"CRISTAL";"Avarias e/ou desgaste excessivo no pneu";"Tombamento";"Com Vítimas Feridas";"Plena Noite";"Decrescente";"Céu Claro";"Dupla";"Curva";"Não";2;0;1;0;1;0;1;1;-31,15904596;-52,03008752;"SPRF-RS";"DEL02-RS";"UOP02-DEL02-RS"
334476;2021-01-14;"quinta-feira";"18:30:00";"SC";163;85,5;"GUARACIABA";"Acessar a via sem observar a presença dos outros veículos";"Colisão transversal";"Com Vítimas Feridas";"Pleno dia";"Decrescente";"Céu Claro";"Simples";"Curva;Declive";"Sim";2;0;1;0;1;0;1;2;-26,60730301;-53,51704391;"SPRF-SC";"DEL07-SC";"UOP03-DEL07-SC"
334479;2021-01-03;"domingo";"19:40:00";"RS";116;234,5;"NOVO HAMBURGO";"Ingestão de álcool ou de substâncias psicoativas pelo pedestre";"Atropelamento de Pedestre";"Com Vítimas Feridas";"Plena Noite";"Decrescente";"Céu Claro";"Simples";"Curva";"Não";2;0;1;0;1;0;1;2;-29,65121313;-51,1444433;"SPRF-RS";"DEL01-RS";"UOP02-DEL01-RS"
334480;2021-01-15;"sexta-feira";"06:30:00";"CE";116;12;"FORTALEZA";"Acessar a via sem observar a presença dos outros veículos";"Colisão transversal";"Com Vítimas Feridas";"Pleno dia";"Crescente";"Céu Claro";"Dupla";"Reta";"Não";3;0;3;0;0;0;3;2;-3,852077;-38,495525;"SPRF-CE";"DEL01-CE";"UOP02-DEL01-CE"
334481;2021-01-14;"quinta-feira";"22:00:00";"MG";381;248,6;"SANTANA DO PARAISO";"Ingestão de álcool pelo condutor";"Colisão frontal";"Com Vítimas Feridas";"Plena Noite";"Crescente";"Céu Claro";"Simples";"Reta";"Não";4;0;0;3;0;1;3;3;-19,4396321;-42,5113821;"SPRF-MG";"DEL06-MG";"UOP01-DEL06-MG"
334483;2021-01-14;"quinta-feira";"19:00:00";"RO";364;517;"ARIQUEMES";"Acessar a via sem observar a presença dos outros veículos";"Colisão transversal";"Com Vítimas Feridas";"Plena Noite";"Crescente";"Nublado";"Simples";"Rotatória";"Sim";3;0;1;0;2;0;1;2;-9,9046401;-63,05579424;"SPRF-RO";"DEL03-RO";"UOP01-DEL03-RO"
334484;2021-01-15;"sexta-feira";"07:00:00";"SC";280;125,1;"RIO NEGRINHO";"Ultrapassagem Indevida";"Colisão lateral mesmo sentido";"Com Vítimas Feridas";"Pleno dia";"Crescente";"Céu Claro";"Simples";"Reta";"Não";3;0;2;0;1;0;2;2;-26,23763684;-49,48434497;"SPRF-SC";"DEL06-SC";"UOP03-DEL06-SC"
334488;2021-01-15;"sexta-feira";"07:30:00";"ES";101;290;"CARIACICA";"Condutor deixou de manter distância do veículo da frente";"Colisão traseira";"Com Vítimas Feridas";"Pleno dia";"Decrescente";"Céu Claro";"Dupla";"Reta";"Não";2;0;0;1;1;0;1;2;-20,28927747;-40,39181575;"SPRF-ES";"DEL01-ES";"UOP01-DEL01-ES"
334489;2021-01-15;"sexta-feira";"07:45:00";"DF";70;18,4;"BRASILIA";"Condutor deixou de manter distância do veículo da frente";"Colisão traseira";"Com Vítimas Feridas";"Pleno dia";"Decrescente";"Céu Claro";"Dupla";"Reta";"Sim";2;0;1;0;1;0;1;2;-15,791093;-48,21096;"SPRF-DF";"DEL03-DF";"UOP02-DEL03-DF"
334490;2021-01-15;"sexta-feira";"08:15:00";"MG";381;484,9;"BETIM";"Velocidade Incompatível";"Colisão traseira";"Com Vítimas Feridas";"Pleno dia";"Crescente";"Céu Claro";"Dupla";"Curva";"Sim";5;0;3;0;2;0;3;2;-19,95531717;-44,11722196;"SPRF-MG";"DEL01-MG";"UOP03-DEL01-MG"
334491;2021-01-15;"sexta-feira";"08:15:00";"PR";476;132;"CURITIBA";"Mal súbito do condutor";"Colisão traseira";"Com Vítimas Feridas";"Pleno dia";"Crescente";"Nublado";"Múltipla";"Reta";"Sim";2;0;1;0;1;0;1;2;-25,460718;-49,250488;"SPRF-PR";"DEL01-PR";"UOP03-DEL01-PR"
334492;2021-01-15;"sexta-feira";"07:30:00";"CE";222;293;"TIANGUA";"Velocidade Incompatível";"Colisão traseira";"Com Vítimas Feridas";"Pleno dia";"Crescente";"Céu Claro";"Simples";"Reta";"Não";2;0;1;0;1;0;1;2;-3,66798012;-40,89066499;"SPRF-CE";"DEL04-CE";"UOP02-DEL04-CE"
334495;2021-01-15;"sexta-feira";"07:38:00";"MG";381;480,5;"BETIM";"Trafegar com motocicleta (ou similar) entre as faixas";"Colisão lateral mesmo sentido";"Com Vítimas Feridas";"Pleno dia";"Decrescente";"Céu Claro";"Dupla";"Curva";"Sim";2;0;1;0;1;0;1;2;-19,95749597;-44,07899901;"SPRF-MG";"DEL01-MG";"UOP03-DEL01-MG"
334505;2021-01-15;"sexta-feira";"08:20:00";"RS";290;92;"PORTO ALEGRE";"Avarias e/ou desgaste excessivo no pneu";"Tombamento";"Com Vítimas Feridas";"Pleno dia";"Decrescente";"Céu Claro";"Dupla";"Curva";"Sim";2;0;1;1;0;0;2;1;-29,971916;-51,176838;"SPRF-RS";"DEL01-RS";"UOP01-DEL01-RS"
334506;2021-01-15;"sexta-feira";"07:14:00";"ES";101;195,6;"ARACRUZ";"Ultrapassagem Indevida";"Colisão frontal";"Com Vítimas Feridas";"Pleno dia";"Crescente";"Nublado";"Simples";"Reta";"Não";5;0;1;4;0;0;5;2;-19,70198612;-40,32193499;"SPRF-ES";"DEL04-ES";"UOP01-DEL04-ES"
334507;2021-01-15;"sexta-feira";"08:53:00";"SC";101;215,9;"PALHOCA";"Manobra de mudança de faixa";"Colisão lateral";"Com Vítimas Feridas";"Pleno dia";"Crescente";"Céu Claro";"Múltipla";"Reta";"Sim";2;0;1;0;1;0;1;2;-27,65184843;-48,67604941;"SPRF-SC";"DEL01-SC";"UOP02-DEL01-SC"
334511;2021-01-15;"sexta-feira";"07:45:00";"PE";101;3,2;"GOIANA";"Acumulo de água sobre o pavimento";"Colisão com objeto";"Com Vítimas Feridas";"Pleno dia";"Crescente";"Chuva";"Dupla";"Curva";"Não";1;0;1;0;0;0;1;1;-7,52387351;-34,99333161;"SPRF-PE";"DEL01-PE";"UOP02-DEL01-PE"
334512;2021-01-15;"sexta-feira";"06:30:00";"MA";135;1,4;"SAO LUIS";"Entrada inopinada do pedestre";"Atropelamento de Pedestre";"Com Vítimas Feridas";"Pleno dia";"Decrescente";"Céu Claro";"Dupla";"Reta";"Sim";2;0;0;1;1;0;1;2;-2,58917895;-44,24423719;"SPRF-MA";"DEL01-MA";"UOP01-DEL01-MA"
334513;2021-01-15;"sexta-feira";"09:10:00";"RJ";493;18;"MAGE";"Transitar na contramão";"Colisão frontal";"Com Vítimas Feridas";"Pleno dia";"Crescente";"Sol";"Simples";"Curva";"Não";2;0;2;0;0;0;2;2;-22,6687122;-43,01862696;"SPRF-RJ";"DEL04-RJ";"UOP02-DEL04-RJ"
334514;2021-01-15;"sexta-feira";"08:15:00";"PR";376;617;"SAO JOSE DOS PINHAIS";"Velocidade Incompatível";"Colisão com objeto";"Com Vítimas Feridas";"Pleno dia";"Crescente";"Garoa/Chuvisco";"Dupla";"Curva";"Sim";1;0;1;0;0;0;1;1;-25,58426494;-49,17618795;"SPRF-PR";"DEL01-PR";"UOP04-DEL01-PR"
334515;2021-01-15;"sexta-feira";"07:14:00";"RJ";40;87;"PETROPOLIS";"Pista Escorregadia";"Queda de ocupante de veículo";"Com Vítimas Feridas";"Pleno dia";"Crescente";"Céu Claro";"Simples";"Curva";"Não";1;0;1;0;0;0;1;1;-22,542749;-43,230752;"SPRF-RJ";"DEL06-RJ";"UOP01-DEL06-RJ"
334516;2021-01-15;"sexta-feira";"09:00:00";"SC";101;132,8;"BALNEARIO CAMBORIU";"Condutor deixou de manter distância do veículo da frente";"Colisão traseira";"Com Vítimas Feridas";"Pleno dia";"Crescente";"Chuva";"Simples";"Reta";"Sim";3;0;1;1;1;0;2;2;-26,99654133;-48,65564711;"SPRF-SC";"DEL04-SC";"UOP03-DEL04-SC"
334517;2021-01-15;"sexta-feira";"09:15:00";"BA";116;339,7;"TEOFILANDIA";"Acessar a via sem observar a presença dos outros veículos";"Colisão transversal";"Com Vítimas Fatais";"Pleno dia";"Crescente";"Nublado";"Simples";"Reta";"Sim";2;1;0;0;1;0;0;2;-11,50390605;-38,99673463;"SPRF-BA";"DEL02-BA";"UOP01-DEL02-BA"
334522;2021-01-15;"sexta-feira";"09:35:00";"SP";116;272,5;"TABOAO DA SERRA";"Manobra de mudança de faixa";"Tombamento";"Com Vítimas Feridas";"Pleno dia";"Crescente";"Céu Claro";"Simples";"Reta";"Sim";2;0;1;0;0;1;1;2;-23,621691;-46,813288;"SPRF-SP";"DEL04-SP";"UOP01-DEL04-SP"
334524;2021-01-15;"sexta-feira";"04:30:00";"MA";135;49;"BACABEIRA";"Reação tardia ou ineficiente do condutor";"Saída de leito carroçável";"Com Vítimas Feridas";"Plena Noite";"Crescente";"Céu Claro";"Dupla";"Reta";"Sim";2;0;1;0;1;0;1;1;-2,95543489;-44,32401174;"SPRF-MA";"DEL01-MA";"UOP01-DEL01-MA"
334525;2021-01-15;"sexta-feira";"08:15:00";"MG";40;639,9;"CONSELHEIRO LAFAIETE";"Desrespeitar a preferência no cruzamento";"Colisão transversal";"Com Vítimas Feridas";"Pleno dia";"Decrescente";"Sol";"Simples";"Curva;Interseção de Vias;Declive";"Não";2;0;1;0;1;0;1;2;-20,74239976;-43,80073439;"SPRF-MG";"DEL05-MG";"UOP02-DEL05-MG"
334526;2021-01-15;"sexta-feira";"07:55:00";"MG";365;8;"MONTES CLAROS";"Velocidade Incompatível";"Colisão frontal";"Com Vítimas Feridas";"Pleno dia";"Crescente";"Céu Claro";"Simples";"Reta";"Não";3;0;1;0;2;0;1;2;-16,78382;-43,890787;"SPRF-MG";"DEL12-MG";"UOP01-DEL12-MG"
334527;2021-01-14;"quinta-feira";"18:20:00";"PE";110;100;"SERTANIA";"Animais na Pista";"Atropelamento de Animal";"Com Vítimas Feridas";"Plena Noite";"Crescente";"Céu Claro";"Simples";"Reta";"Não";1;0;0;1;0;0;1;1;-8,38381286;-37,31768106;"SPRF-PE";"DEL03-PE";"UOP02-DEL03-PE"
334528;2021-01-15;"sexta-feira";"09:40:00";"RJ";116;169;"SAO JOAO DE MERITI";"Trafegar com motocicleta (ou similar) entre as faixas";"Colisão lateral";"Com Vítimas Feridas";"Pleno dia";"Decrescente";"Céu Claro";"Múltipla";"Reta";"Sim";4;0;2;0;2;0;2;3;-22,816206;-43,324463;"SPRF-RJ";"DEL01-RJ";"UOP02-DEL01-RJ"
334530;2021-01-15;"sexta-feira";"08:30:00";"MG";381;647,2;"SANTO ANTONIO DO AMPARO";"Ultrapassagem Indevida";"Capotamento";"Com Vítimas Feridas";"Pleno dia";"Crescente";"Nublado";"Dupla";"Reta";"Não";2;0;1;0;1;0;1;1;-20,95465676;-44,91211505;"SPRF-MG";"DEL04-MG";"UOP02-DEL04-MG"
334531;2021-01-15;"sexta-feira";"09:43:00";"RS";116;189;"NOVA PETROPOLIS";"Manobra de mudança de faixa";"Colisão frontal";"Com Vítimas Feridas";"Pleno dia";"Decrescente";"Céu Claro";"Simples";"Reta";"Não";3;0;1;1;1;0;2;2;-29,41439425;-51,12826171;"SPRF-RS";"DEL05-RS";"UOP02-DEL05-RS"
334533;2021-01-15;"sexta-feira";"09:15:00";"RJ";101;297;"ITABORAI";"Manobra de mudança de faixa";"Colisão traseira";"Com Vítimas Feridas";"Pleno dia";"Decrescente";"Sol";"Múltipla";"Reta";"Sim";2;0;1;0;1;0;1;2;-22,76942037;-42,91873581;"SPRF-RJ";"DEL02-RJ";"UOP02-DEL02-RJ"
334534;2021-01-15;"sexta-feira";"10:50:00";"PI";343;345,5;"TERESINA";"Condutor desrespeitou a iluminação vermelha do semáforo";"Colisão transversal";"Com Vítimas Feridas";"Pleno dia";"Decrescente";"Céu Claro";"Simples";"Interseção de Vias";"Sim";3;0;2;0;1;0;2;2;-5,102889;-42,766506;"SPRF-PI";"DEL01-PI";"UOP01-DEL01-PI"
334536;2021-01-15;"sexta-feira";"10:50:00";"DF";70;16;"BRASILIA";"Frear bruscamente";"Colisão traseira";"Sem Vítimas";"Pleno dia";"Crescente";"Nublado";"Dupla";"Rotatória";"Sim";2;0;0;0;2;0;0;2;-15,796144;-48,194225;"SPRF-DF";"DEL03-DF";"UOP02-DEL03-DF"
334539;2021-01-15;"sexta-feira";"11:45:00";"SC";101;214,2;"PALHOCA";"Demais falhas mecânicas ou elétricas";"Colisão traseira";"Com Vítimas Feridas";"Pleno dia";"Crescente";"Céu Claro";"Múltipla";"Reta";"Sim";2;0;2;0;0;0;2;2;-27,64443;-48,67057;"SPRF-SC";"DEL01-SC";"UOP02-DEL01-SC"
334540;2021-01-15;"sexta-feira";"10:00:00";"RN";304;134,8;"ANGICOS";"Ultrapassagem Indevida";"Saída de leito carroçável";"Com Vítimas Feridas";"Pleno dia";"Crescente";"Céu Claro";"Simples";"Reta";"Não";5;0;3;0;2;0;3;1;-5,66107457;-36,73526097;"SPRF-RN";"DEL04-RN";"UOP01-DEL04-RN"
334541;2021-01-15;"sexta-feira";"11:30:00";"RS";470;224;"GARIBALDI";"Acessar a via sem observar a presença dos outros veículos";"Colisão transversal";"Com Vítimas Feridas";"Pleno dia";"Crescente";"Céu Claro";"Simples";"Reta";"Não";2;0;1;0;1;0;1;2;-29,24249327;-51,51776791;"SPRF-RS";"DEL06-RS";"UOP01-DEL06-RS"
334542;2021-01-15;"sexta-feira";"06:05:00";"RJ";101;423;"MANGARATIBA";"Transitar na contramão";"Colisão frontal";"Com Vítimas Feridas";"Pleno dia";"Decrescente";"Céu Claro";"Simples";"Reta";"Não";6;0;5;0;1;0;5;2;-22,91801286;-43,94820686;"SPRF-RJ";"DEL03-RJ";"UOP03-DEL03-RJ"
334543;2021-01-15;"sexta-feira";"11:50:00";"ES";262;29;"DOMINGOS MARTINS";"Manobra de mudança de faixa";"Colisão com objeto";"Sem Vítimas";"Pleno dia";"Decrescente";"Céu Claro";"Simples";"Curva";"Não";1;0;0;0;1;0;0;1;-20,37585099;-40,56027297;"SPRF-ES";"DEL01-ES";"UOP01-DEL01-ES"
334544;2021-01-15;"sexta-feira";"12:15:00";"PE";232;11;"JABOATAO DOS GUARARAPES";"Manobra de mudança de faixa";"Colisão traseira";"Com Vítimas Feridas";"Pleno dia";"Decrescente";"Sol";"Dupla";"Declive";"Sim";2;0;1;0;1;0;1;2;-8,08195464;-34,99545022;"SPRF-PE";"DEL01-PE";"UOP01-DEL01-PE"
334545;2021-01-15;"sexta-feira";"12:10:00";"RS";285;294;"PASSO FUNDO";"Manobra de mudança de faixa";"Colisão transversal";"Com Vítimas Feridas";"Pleno dia";"Crescente";"Céu Claro";"Simples";"Interseção de Vias";"Sim";2;0;0;1;1;0;1;2;-28,234547;-52,384975;"SPRF-RS";"DEL08-RS";"UOP03-DEL08-RS"
334546;2021-01-15;"sexta-feira";"12:00:00";"SP";116;378,9;"MIRACATU";"Velocidade Incompatível";"Saída de leito carroçável";"Com Vítimas Fatais";"Pleno dia";"Decrescente";"Sol";"Dupla";"Reta";"Não";1;1;0;0;0;0;0;1;-24,20142317;-47,37092173;"SPRF-SP";"DEL04-SP";"UOP02-DEL04-SP"
334549;2021-01-15;"sexta-feira";"10:10:00";"MG";146;435,4;"GUAXUPE";"Velocidade Incompatível";"Saída de leito carroçável";"Com Vítimas Feridas";"Pleno dia";"Decrescente";"Garoa/Chuvisco";"Simples";"Declive;Curva;Interseção de Vias";"Não";1;0;1;0;0;0;1;1;-21,30560808;-46,62958145;"SPRF-MG";"DEL09-MG";"UOP01-DEL09-MG"
334550;2021-01-15;"sexta-feira";"09:50:00";"BA";101;663;"ITAPEBI";"Pista Escorregadia";"Saída de leito carroçável";"Com Vítimas Feridas";"Pleno dia";"Crescente";"Nublado";"Simples";"Curva;Aclive";"Não";5;0;2;1;2;0;3;1;-15,98839848;-39,57571274;"SPRF-BA";"DEL09-BA";"UOP01-DEL09-BA"
334554;2021-01-15;"sexta-feira";"12:45:00";"BA";324;567;"SAO SEBASTIAO DO PASSE";"Reação tardia ou ineficiente do condutor";"Saída de leito carroçável";"Com Vítimas Feridas";"Pleno dia";"Crescente";"Céu Claro";"Dupla";"Reta";"Não";4;0;1;0;3;0;1;1;-12,529901;-38,603207;"SPRF-BA";"DEL01-BA";"UOP01-DEL01-BA"
334557;2021-01-15;"sexta-feira";"12:45:00";"SC";101;48;"JOINVILLE";"Manobra de mudança de faixa";"Colisão com objeto";"Com Vítimas Feridas";"Pleno dia";"Decrescente";"Nublado";"Dupla";"Curva";"Não";2;0;1;0;1;0;1;1;-26,35345909;-48,85867862;"SPRF-SC";"DEL03-SC";"UOP01-DEL03-SC"
334559;2021-01-15;"sexta-feira";"08:20:00";"MA";10;304,1;"ACAILANDIA";"Ultrapassagem Indevida";"Colisão frontal";"Com Vítimas Feridas";"Pleno dia";"Decrescente";"Céu Claro";"Simples";"Reta";"Não";6;0;0;4;2;0;4;2;-5,078606;-47,557503;"SPRF-MA";"DEL04-MA";"UOP03-DEL04-MA"
334560;2021-01-15;"sexta-feira";"12:19:00";"SP";116;509;"CAJATI";"Afundamento ou ondulação no pavimento";"Saída de leito carroçável";"Com Vítimas Feridas";"Pleno dia";"Decrescente";"Céu Claro";"Simples";"Curva;Aclive";"Não";2;0;2;0;0;0;2;1;-24,82178987;-48,21419034;"SPRF-SP";"DEL05-SP";"UOP02-DEL05-SP"
334562;2021-01-15;"sexta-feira";"13:00:00";"BA";101;371;"GANDU";"Pista Escorregadia";"Capotamento";"Sem Vítimas";"Pleno dia";"Decrescente";"Nublado";"Simples";"Curva";"Não";2;0;0;0;2;0;0;1;-13,9178362;-39,48511279;"SPRF-BA";"DEL05-BA";"UOP03-DEL05-BA"
334564;2021-01-15;"sexta-feira";"10:00:00";"MG";262;508;"LUZ";"Ausência de reação do condutor";"Tombamento";"Sem Vítimas";"Pleno dia";"Decrescente";"Céu Claro";"Simples";"Reta";"Não";2;0;0;0;2;0;0;1;-19,77025936;-45,51078303;"SPRF-MG";"DEL08-MG";"UOP03-DEL08-MG"
334567;2021-01-15;"sexta-feira";"07:05:00";"BA";101;669;"ITAGIMIRIM";"Acumulo de água sobre o pavimento";"Colisão frontal";"Sem Vítimas";"Pleno dia";"Decrescente";"Chuva";"Simples";"Reta";"Não";3;0;0;0;3;0;0;2;-16,17926489;-39,60043014;"SPRF-BA";"DEL09-BA";"UOP01-DEL09-BA"
334569;2021-01-15;"sexta-feira";"12:35:00";"MT";163;725;"SORRISO";"Velocidade Incompatível";"Saída de leito carroçável";"Com Vítimas Feridas";"Pleno dia";"Decrescente";"Céu Claro";"Simples";"Reta";"Não";1;0;1;0;0;0;1;1;-12,87903714;-55,83968464;"SPRF-MT";"DEL06-MT";"UOP01-DEL06-MT"
334570;2021-01-15;"sexta-feira";"13:20:00";"SP";116;347;"MIRACATU";"Chuva";"Colisão com objeto";"Com Vítimas Feridas";"Pleno dia";"Decrescente";"Chuva";"Dupla";"Curva;Aclive";"Não";3;0;1;0;2;0;1;1;-24,04699491;-47,19706111;"SPRF-SP";"DEL04-SP";"UOP02-DEL04-SP"
334571;2021-01-15;"sexta-feira";"13:40:00";"MG";262;447,3;"NOVA SERRANA";"Acumulo de areia ou detritos sobre o pavimento";"Colisão com objeto";"Sem Vítimas";"Pleno dia";"Crescente";"Sol";"Simples";"Reta;Declive";"Não";4;0;0;0;4;0;0;1;-19,85746689;-45,01270294;"SPRF-MG";"DEL08-MG";"UOP03-DEL08-MG"