"id";"data_inversa";"dia_semana";"horario";"uf";"br";"km";"municipio";"causa_acidente";"tipo_acidente";"classificacao_acidente";"fase_dia";"sentido_via";"condicao_metereologica";"tipo_pista";"tracado_via";"uso_solo";"pessoas";"mortos";"feridos_leves";"feridos_graves";"ilesos";"ignorados";"feridos";"veiculos";"latitude";"longitude";"regional";"delegacia";"uop"
334573;2021-01-15;"sexta-feira";"14:00:00";"RJ";101;565;"PARATY";"Velocidade Incompatível";"Saída de leito carroçável";"Com Vítimas Feridas";"Pleno dia";"Crescente";"Céu Claro";"Simples";"Reta";"Não";1;0;1;0;0;0;1;1;-23,151162;-44,69967999;"SPRF-RJ";"DEL03-RJ";"UOP04-DEL03-RJ"
334575;2021-01-15;"sexta-feira";"14:45:00";"RJ";116;77;"TERESOPOLIS";"Condutor deixou de manter distância do veículo da frente";"Queda de ocupante de veículo";"Com Vítimas Feridas";"Pleno dia";"Decrescente";"Céu Claro";"Simples";"Reta";"Sim";1;0;1;0;0;0;1;1;-22,36917806;-42,94876879;"SPRF-RJ";"DEL04-RJ";"UOP01-DEL04-RJ"
334577;2021-01-15;"sexta-feira";"11:55:00";"SC";282;459;"PONTE SERRADA";"Velocidade Incompatível";"Saída de leito carroçável";"Com Vítimas Feridas";"Pleno dia";"Decrescente";"Céu Claro";"Simples";"Curva";"Sim";2;0;0;1;0;1;1;2;-26,863695;-52,024818;"SPRF-SC";"DEL07-SC";"UOP04-DEL07-SC"
334583;2021-01-15;"sexta-feira";"08:00:00";"RJ";101;322;"NITEROI";"Ultrapassagem Indevida";"Colisão traseira";"Com Vítimas Feridas";"Pleno dia";"Crescente";"Céu Claro";"Múltipla";"Reta";"Não";2;0;1;0;0;1;1;2;-22,878923;-43,110676;"SPRF-RJ";"DEL02-RJ";"UOP02-DEL02-RJ"
334584;2021-01-07;"quinta-feira";"10:41:00";"SP";116;281;"EMBU DAS ARTES";"Condutor deixou de manter distância do veículo da frente";"Engavetamento";"Com Vítimas Feridas";"Pleno dia";"Crescente";"Céu Claro";"Dupla";"Reta";"Sim";6;0;1;0;5;0;1;5;-23,67784787;-46,85769227;"SPRF-SP";"DEL04-SP";"UOP01-DEL04-SP"
334585;2021-01-15;"sexta-feira";"11:20:00";"PR";277;487,5;"NOVA LARANJEIRAS";"Conversão proibida";"Colisão lateral mesmo sentido";"Com Vítimas Feridas";"Pleno dia";"Crescente";"Nublado";"Simples";"Reta";"Não";2;0;1;0;1;0;1;2;-25,23480965;-52,64661941;"SPRF-PR";"DEL04-PR";"UOP02-DEL04-PR"
334586;2021-01-15;"sexta-feira";"14:00:00";"MG";40;780,9;"JUIZ DE FORA";"Manobra de mudança de faixa";"Colisão lateral mesmo sentido";"Sem Vítimas";"Pleno dia";"Crescente";"Céu Claro";"Dupla";"Reta";"Sim";4;0;0;0;4;0;0;3;-21,67939981;-43,44987329;"SPRF-MG";"DEL05-MG";"UOP01-DEL05-MG"
334587;2021-01-15;"sexta-feira";"14:02:00";"MG";40;780,9;"JUIZ DE FORA";"Velocidade Incompatível";"Colisão traseira";"Sem Vítimas";"Pleno dia";"Decrescente";"Céu Claro";"Dupla";"Reta";"Sim";2;0;0;0;2;0;0;2;-21,67939981;-43,44987329;"SPRF-MG";"DEL05-MG";"UOP01-DEL05-MG"
334588;2021-01-15;"sexta-feira";"10:50:00";"MA";10;160;"PORTO FRANCO";"Reação tardia ou ineficiente do condutor";"Colisão traseira";"Com Vítimas Feridas";"Pleno dia";"Decrescente";"Céu Claro";"Simples";"Reta";"Não";3;0;1;0;1;1;1;2;-6,320334;-47,368732;"SPRF-MA";"DEL04-MA";"UOP02-DEL04-MA"
334589;2021-01-15;"sexta-feira";"14:00:00";"PI";343;320;"ALTOS";"Reação tardia ou ineficiente do condutor";"Engavetamento";"Com Vítimas Feridas";"Pleno dia";"Decrescente";"Céu Claro";"Dupla";"Reta";"Não";5;0;2;0;3;0;2;3;-5,048756;-42,569283;"SPRF-PI";"DEL01-PI";"UOP01-DEL01-PI"
334594;2021-01-15;"sexta-feira";"15:30:00";"PR";376;450,9;"TIBAGI";"Reação tardia ou ineficiente do condutor";"Saída de leito carroçável";"Com Vítimas Feridas";"Pleno dia";"Decrescente";"Chuva";"Dupla";"Reta";"Não";1;0;1;0;0;0;1;1;-24,934557;-50,40438302;"SPRF-PR";"DEL03-PR";"UOP02-DEL03-PR"
334595;2021-01-15;"sexta-feira";"15:40:00";"CE";116;7,3;"FORTALEZA";"Transitar na contramão";"Colisão frontal";"Sem Vítimas";"Pleno dia";"Crescente";"Sol";"Simples";"Viaduto;Declive;Curva";"Sim";3;0;0;0;1;2;0;2;-3,81165135;-38,50095391;"SPRF-CE";"DEL01-CE";"UOP02-DEL01-CE"
334597;2021-01-15;"sexta-feira";"15:40:00";"MG";262;372;"JUATUBA";"Avarias e/ou desgaste excessivo no pneu";"Tombamento";"Com Vítimas Feridas";"Pleno dia";"Crescente";"Nublado";"Dupla";"Aclive;Reta";"Não";2;0;1;0;1;0;1;1;-19,94011002;-44,38785553;"SPRF-MG";"DEL01-MG";"UOP03-DEL01-MG"
334598;2021-01-15;"sexta-feira";"15:30:00";"PB";230;201;"SOLEDADE";"Condutor deixou de manter distância do veículo da frente";"Colisão traseira";"Sem Vítimas";"Pleno dia";"Decrescente";"Sol";"Simples";"Reta";"Não";3;0;0;0;3;0;0;3;-7,1005;-36,2443;"SPRF-PB";"DEL02-PB";"UOP02-DEL02-PB"
334599;2021-01-15;"sexta-feira";"16:20:00";"SC";101;202;"SAO JOSE";"Ausência de reação do condutor";"Saída de leito carroçável";"Com Vítimas Feridas";"Pleno dia";"Decrescente";"Sol";"Dupla";"Reta";"Sim";2;0;2;0;0;0;2;2;-27,55711595;-48,61897889;"SPRF-SC";"DEL01-SC";"UOP01-DEL01-SC"
334600;2021-01-15;"sexta-feira";"16:25:00";"RS";386;349;"LAJEADO";"Reação tardia ou ineficiente do condutor";"Colisão traseira";"Com Vítimas Feridas";"Pleno dia";"Decrescente";"Céu Claro";"Dupla";"Reta";"Sim";2;0;1;0;1;0;1;2;-29,465483;-51,95509;"SPRF-RS";"DEL04-RS";"UOP02-DEL04-RS"
334601;2021-01-15;"sexta-feira";"16:35:00";"SC";101;133;"BALNEARIO CAMBORIU";"Trafegar com motocicleta (ou similar) entre as faixas";"Colisão traseira";"Com Vítimas Feridas";"Pleno dia";"Crescente";"Céu Claro";"Simples";"Reta";"Sim";2;0;1;0;1;0;1;2;-26,99936;-48,64609;"SPRF-SC";"DEL04-SC";"UOP03-DEL04-SC"
334603;2021-01-15;"sexta-feira";"15:40:00";"MG";381;697,3;"LAVRAS";"Chuva";"Colisão com objeto";"Com Vítimas Feridas";"Pleno dia";"Crescente";"Chuva";"Dupla";"Curva";"Não";3;0;1;0;2;0;1;1;-21,261073;-45,13997;"SPRF-MG";"DEL04-MG";"UOP02-DEL04-MG"
334604;2021-01-15;"sexta-feira";"16:50:00";"GO";60;101,2;"ANAPOLIS";"Acesso irregular";"Colisão traseira";"Com Vítimas Feridas";"Pleno dia";"Decrescente";"Nublado";"Múltipla";"Retorno Regulamentado;Reta";"Sim";2;0;0;1;1;0;1;2;-16,4022;-48,9745;"SPRF-GO";"DEL02-GO";"UOP01-DEL02-GO"
334607;2021-01-15;"sexta-feira";"17:05:00";"DF";70;7,2;"BRASILIA";"Manobra de mudança de faixa";"Colisão lateral mesmo sentido";"Com Vítimas Feridas";"Pleno dia";"Crescente";"Nublado";"Dupla";"Declive";"Sim";2;0;1;0;1;0;1;2;-15,787601;-48,114429;"SPRF-DF";"DEL03-DF";"UOP02-DEL03-DF"
334608;2021-01-15;"sexta-feira";"16:45:00";"ES";101;289;"CARIACICA";"Velocidade Incompatível";"Colisão com objeto";"Sem Vítimas";"Pleno dia";"Decrescente";"Céu Claro";"Dupla";"Curva";"Sim";1;0;0;0;1;0;0;1;-20,28005125;-40,39290905;"SPRF-ES";"DEL01-ES";"UOP01-DEL01-ES"
334610;2021-01-15;"sexta-feira";"17:25:00";"PR";376;590;"CURITIBA";"Velocidade Incompatível";"Colisão traseira";"Sem Vítimas";"Pleno dia";"Decrescente";"Nublado";"Dupla";"Reta";"Não";4;0;0;0;2;2;0;4;-25,45155592;-49,36237578;"SPRF-PR";"DEL01-PR";"UOP01-DEL01-PR"
334612;2021-01-15;"sexta-feira";"13:10:00";"GO";153;535,6;"HIDROLANDIA";"Reação tardia ou ineficiente do condutor";"Saída de leito carroçável";"Com Vítimas Feridas";"Pleno dia";"Crescente";"Chuva";"Dupla";"Curva;Declive";"Não";2;0;1;1;0;0;2;1;-17,01;-49,2202;"SPRF-GO";"DEL01-GO";"UOP03-DEL01-GO"
334613;2021-01-15;"sexta-feira";"16:40:00";"SC";101;371;"ICARA";"Demais falhas na via";"Saída de leito carroçável";"Com Vítimas Feridas";"Pleno dia";"Decrescente";"Sol";"Dupla";"Reta";"Não";3;0;3;0;0;0;3;1;-28,70403682;-49,2008731;"SPRF-SC";"DEL02-SC";"UOP01-DEL02-SC"
334614;2021-01-15;"sexta-feira";"17:00:00";"MG";40;43,4;"PARACATU";"Mal súbito do condutor";"Tombamento";"Com Vítimas Feridas";"Pleno dia";"Crescente";"Céu Claro";"Simples";"Reta";"Sim";2;0;0;1;0;1;1;2;-17,22598002;-46,86163701;"SPRF-MG";"DEL14-MG";"UOP01-DEL14-MG"
334618;2021-01-15;"sexta-feira";"12:30:00";"GO";364;234,8;"JATAI";"Ultrapassagem Indevida";"Colisão frontal";"Com Vítimas Feridas";"Pleno dia";"Crescente";"Chuva";"Simples";"Reta";"Não";3;0;1;1;1;0;2;2;-17,809187;-52,036716;"SPRF-GO";"DEL05-GO";"UOP01-DEL05-GO"
334619;2021-01-10;"domingo";"02:05:00";"MS";60;14;"CHAPADAO DO SUL";"Pedestre cruzava a pista fora da faixa";"Atropelamento de Pedestre";"Com Vítimas Feridas";"Plena Noite";"Decrescente";"Céu Claro";"Simples";"Declive";"Não";3;0;1;0;1;1;1;2;-18,80639188;-52,66006516;"SPRF-MS";"DEL08-MS";"UOP01-DEL08-MS"
334621;2021-01-15;"sexta-feira";"16:40:00";"SC";280;5;"SAO FRANCISCO DO SUL";"Acessar a via sem observar a presença dos outros veículos";"Colisão transversal";"Com Vítimas Feridas";"Pleno dia";"Crescente";"Nublado";"Simples";"Reta";"Sim";3;0;2;0;1;0;2;2;-26,26011706;-48,62571995;"SPRF-SC";"DEL03-SC";"UOP03-DEL03-SC"
334623;2021-01-15;"sexta-feira";"16:15:00";"RJ";40;111;"DUQUE DE CAXIAS";"Frear bruscamente";"Engavetamento";"Com Vítimas Feridas";"Pleno dia";"Decrescente";"Sol";"Múltipla";"Reta";"Sim";5;0;2;0;3;0;2;3;-22,691868;-43,287453;"SPRF-RJ";"DEL01-RJ";"UOP01-DEL01-RJ"
334625;2021-01-15;"sexta-feira";"18:05:00";"BA";324;600;"SIMOES FILHO";"Velocidade Incompatível";"Saída de leito carroçável";"Com Vítimas Feridas";"Anoitecer";"Crescente";"Céu Claro";"Dupla";"Reta";"Não";3;0;2;0;1;0;2;1;-12,74882798;-38,43296497;"SPRF-BA";"DEL01-BA";"UOP01-DEL01-BA"
334627;2021-01-15;"sexta-feira";"15:50:00";"SC";101;46;"JOINVILLE";"Velocidade Incompatível";"Saída de leito carroçável";"Com Vítimas Feridas";"Pleno dia";"Crescente";"Chuva";"Dupla";"Reta";"Não";1;0;0;1;0;0;1;1;-26,33150083;-48,86187762;"SPRF-SC";"DEL03-SC";"UOP01-DEL03-SC"
334628;2021-01-15;"sexta-feira";"16:00:00";"MG";262;437,6;"NOVA SERRANA";"Ausência de reação do condutor";"Colisão traseira";"Sem Vítimas";"Pleno dia";"Decrescente";"Sol";"Dupla";"Interseção de Vias";"Sim";2;0;0;0;1;1;0;2;-19,89622194;-44,86972815;"SPRF-MG";"DEL08-MG";"UOP03-DEL08-MG"
334629;2021-01-15;"sexta-feira";"17:45:00";"PR";369;128;"JATAIZINHO";"Animais na Pista";"Colisão traseira";"Sem Vítimas";"Pleno dia";"Crescente";"Céu Claro";"Dupla";"Reta";"Não";2;0;0;0;2;0;0;2;-23,27463813;-50,96318604;"SPRF-PR";"DEL07-PR";"UOP01-DEL07-PR"
334630;2021-01-15;"sexta-feira";"14:55:00";"RS";101;85,9;"OSORIO";"Acessar a via sem observar a presença dos outros veículos";"Colisão lateral";"Com Vítimas Feridas";"Pleno dia";"Crescente";"Céu Claro";"Dupla";"Reta";"Sim";3;0;1;0;2;0;1;2;-29,87781;-50,259799;"SPRF-RS";"DEL03-RS";"UOP01-DEL03-RS"
334631;2021-01-15;"sexta-feira";"18:25:00";"ES";101;299;"VIANA";"Pista Escorregadia";"Queda de ocupante de veículo";"Com Vítimas Feridas";"Anoitecer";"Decrescente";"Céu Claro";"Dupla";"Curva";"Não";1;0;1;0;0;0;1;1;-20,35860628;-40,42327504;"SPRF-ES";"DEL01-ES";"UOP01-DEL01-ES"
334632;2021-01-15;"sexta-feira";"15:00:00";"PR";277;730,4;"FOZ DO IGUACU";"Ausência de reação do condutor";"Colisão traseira";"Sem Vítimas";"Pleno dia";"Crescente";"Céu Claro";"Simples";"Reta";"Sim";2;0;0;0;1;1;0;2;-25,509428;-54,595929;"SPRF-PR";"DEL05-PR";"UOP03-DEL05-PR"
334633;2021-01-15;"sexta-feira";"15:30:00";"ES";262;39,6;"DOMINGOS MARTINS";"Chuva";"Colisão frontal";"Sem Vítimas";"Pleno dia";"Decrescente";"Chuva";"Simples";"Curva";"Não";2;0;0;0;2;0;0;2;-20,3802679;-40,63000864;"SPRF-ES";"DEL01-ES";"UOP01-DEL01-ES"
334636;2021-01-15;"sexta-feira";"16:30:00";"PR";376;494;"PONTA GROSSA";"Acumulo de óleo sobre o pavimento";"Tombamento";"Com Vítimas Feridas";"Pleno dia";"Decrescente";"Nublado";"Dupla";"Reta;Declive";"Sim";1;0;1;0;0;0;1;1;-25,16566955;-50,11640967;"SPRF-PR";"DEL03-PR";"UOP04-DEL03-PR"
334639;2021-01-15;"sexta-feira";"18:40:00";"RN";406;171;"SAO GONCALO DO AMARANTE";"Manobra de mudança de faixa";"Colisão lateral";"Com Vítimas Feridas";"Anoitecer";"Decrescente";"Céu Claro";"Dupla";"Interseção de Vias";"Sim";3;0;2;0;1;0;2;2;-5,76292035;-35,28740298;"SPRF-RN";"DEL02-RN";"UOP01-DEL02-RN"
334640;2021-01-15;"sexta-feira";"18:50:00";"PR";116;100,3;"SAO JOSE DOS PINHAIS";"Velocidade Incompatível";"Colisão traseira";"Com Vítimas Feridas";"Plena Noite";"Decrescente";"Nublado";"Múltipla";"Reta";"Não";3;0;1;0;2;0;1;2;-25,57133094;-49,20501709;"SPRF-PR";"DEL01-PR";"UOP01-DEL01-PR"
334641;2021-01-15;"sexta-feira";"18:40:00";"GO";40;6,4;"VALPARAISO DE GOIAS";"Manobra de mudança de faixa";"Colisão lateral";"Com Vítimas Feridas";"Anoitecer";"Crescente";"Céu Claro";"Dupla";"Reta";"Sim";3;0;1;0;2;0;1;2;-16,100814;-47,977351;"SPRF-DF";"DEL01-DF";"UOP01-DEL01-DF"
334642;2021-01-15;"sexta-feira";"18:25:00";"MG";356;265,9;"MURIAE";"Transitar na contramão";"Colisão lateral sentido oposto";"Com Vítimas Feridas";"Anoitecer";"Crescente";"Céu Claro";"Simples";"Curva";"Não";4;0;3;0;0;1;3;3;-21,12837532;-42,3668558;"SPRF-MG";"DEL07-MG";"UOP02-DEL07-MG"
334643;2021-01-15;"sexta-feira";"19:20:00";"RS";290;721;"URUGUAIANA";"Ingestão de álcool pelo condutor";"Colisão frontal";"Com Vítimas Fatais";"Pleno dia";"Crescente";"Céu Claro";"Simples";"Reta";"Não";3;2;0;0;1;0;0;2;-29,758587;-57,060295;"SPRF-RS";"DEL13-RS";"UOP01-DEL13-RS"
334645;2021-01-15;"sexta-feira";"18:30:00";"RJ";101;434;"MANGARATIBA";"Desrespeitar a preferência no cruzamento";"Colisão transversal";"Com Vítimas Feridas";"Pleno dia";"Crescente";"Céu Claro";"Simples";"Reta";"Sim";6;0;4;0;2;0;4;2;-22,93724723;-44,04629489;"SPRF-RJ";"DEL03-RJ";"UOP03-DEL03-RJ"
334646;2021-01-15;"sexta-feira";"19:15:00";"PB";101;52;"SANTA RITA";"Estacionar ou parar em local proibido";"Colisão traseira";"Sem Vítimas";"Plena Noite";"Crescente";"Céu Claro";"Dupla";"Declive";"Não";3;0;0;0;2;1;0;2;-6,93821564;-35,09935736;"SPRF-PB";"DEL01-PB";"UOP04-DEL01-PB"
334647;2021-01-15;"sexta-feira";"19:40:00";"PR";277;83,5;"CURITIBA";"Condutor deixou de manter distância do veículo da frente";"Colisão traseira";"Com Vítimas Feridas";"Plena Noite";"Crescente";"Chuva";"Dupla";"Reta";"Sim";2;0;1;0;1;0;1;2;-25,568939;-49,181978;"SPRF-PR";"DEL01-PR";"UOP01-DEL01-PR"
334649;2021-01-15;"sexta-feira";"19:30:00";"SC";101;122;"ITAJAI";"Condutor deixou de manter distância do veículo da frente";"Colisão traseira";"Com Vítimas Feridas";"Plena Noite";"Crescente";"Nublado";"Dupla";"Reta";"Sim";5;0;1;0;4;0;1;2;-26,92955916;-48,70499836;"SPRF-SC";"DEL04-SC";"UOP04-DEL04-SC"
334650;2021-01-15;"sexta-feira";"18:50:00";"BA";324;525;"FEIRA DE SANTANA";"Condutor deixou de manter distância do veículo da frente";"Colisão traseira";"Sem Vítimas";"Plena Noite";"Decrescente";"Nublado";"Dupla";"Reta";"Sim";2;0;0;0;2;0;0;2;-12,30106981;-38,8977869;"SPRF-BA";"DEL01-BA";"UOP03-DEL01-BA"
334651;2021-01-15;"sexta-feira";"18:40:00";"MT";163;777;"SORRISO";"Acumulo de areia ou detritos sobre o pavimento";"Tombamento";"Sem Vítimas";"Anoitecer";"Decrescente";"Garoa/Chuvisco";"Simples";"Reta";"Não";1;0;0;0;1;0;0;1;-12,46639807;-55,67002686;"SPRF-MT";"DEL06-MT";"UOP01-DEL06-MT"
334652;2021-01-15;"sexta-feira";"18:30:00";"PR";476;127;"CURITIBA";"Reação tardia ou ineficiente do condutor";"Colisão com objeto";"Sem Vítimas";"Anoitecer";"Decrescente";"Céu Claro";"Múltipla";"Em Obras;Desvio Temporário;Curva";"Sim";1;0;0;0;0;1;0;1;-25,425167;-49,227158;"SPRF-PR";"DEL01-PR";"UOP03-DEL01-PR"
334655;2021-01-15;"sexta-feira";"17:40:00";"MG";116;414;"GOVERNADOR VALADARES";"Condutor deixou de manter distância do veículo da frente";"Tombamento";"Com Vítimas Feridas";"Pleno dia";"Decrescente";"Sol";"Simples";"Ponte";"Não";1;0;0;1;0;0;1;1;-18,88102703;-41,95910802;"SPRF-MG";"DEL06-MG";"UOP01-DEL06-MG"
334656;2021-01-15;"sexta-feira";"19:50:00";"PE";101;78;"RECIFE";"Acessar a via sem observar a presença dos outros veículos";"Atropelamento de Pedestre";"Com Vítimas Feridas";"Plena Noite";"Decrescente";"Céu Claro";"Dupla";"Reta";"Sim";3;0;1;2;0;0;3;2;-8,137603;-34,947405;"SPRF-PE";"DEL01-PE";"UOP01-DEL01-PE"
334657;2021-01-15;"sexta-feira";"19:50:00";"PB";101;115,8;"CAAPORA";"Velocidade Incompatível";"Colisão com objeto";"Sem Vítimas";"Plena Noite";"Crescente";"Céu Claro";"Dupla";"Reta";"Não";1;0;0;0;0;1;0;1;-7,405261;-34,95492;"SPRF-PB";"DEL01-PB";"UOP02-DEL01-PB"
334659;2021-01-15;"sexta-feira";"19:30:00";"SP";116;269;"TABOAO DA SERRA";"Frear bruscamente";"Engavetamento";"Com Vítimas Feridas";"Plena Noite";"Decrescente";"Garoa/Chuvisco";"Dupla";"Reta";"Sim";5;0;1;0;4;0;1;3;-23,60871084;-46,7583937;"SPRF-SP";"DEL04-SP";"UOP01-DEL04-SP"
334660;2021-01-15;"sexta-feira";"18:15:00";"RO";364;599;"ITAPUA DO OESTE";"Pista esburacada";"Colisão traseira";"Com Vítimas Feridas";"Plena Noite";"Crescente";"Nublado";"Dupla";"Reta";"Não";2;0;1;0;1;0;1;2;-9,23114899;-63,16910695;"SPRF-RO";"DEL01-RO";"UOP04-DEL01-RO"
334661;2021-01-15;"sexta-feira";"20:10:00";"PB";230;159,9;"CAMPINA GRANDE";"Ingestão de álcool pelo condutor";"Colisão traseira";"Sem Vítimas";"Plena Noite";"Decrescente";"Céu Claro";"Simples";"Reta";"Sim";2;0;0;0;2;0;0;2;-7,247481;-35,935733;"SPRF-PB";"DEL02-PB";"UOP01-DEL02-PB"
334663;2021-01-15;"sexta-feira";"18:10:00";"RJ";101;468;"ANGRA DOS REIS";"Acessar a via sem observar a presença dos outros veículos";"Colisão transversal";"Com Vítimas Feridas";"Pleno dia";"Decrescente";"Céu Claro";"Simples";"Reta";"Não";2;0;1;0;1;0;1;2;-23,00721537;-44,22359287;"SPRF-RJ";"DEL03-RJ";"UOP03-DEL03-RJ"
334664;2021-01-15;"sexta-feira";"20:20:00";"BA";101;0,5;"RIO REAL";"Ingestão de álcool pelo condutor";"Saída de leito carroçável";"Com Vítimas Fatais";"Plena Noite";"Decrescente";"Chuva";"Simples";"Curva";"Não";1;1;0;0;0;0;0;1;-11,5214399;-37,80216604;"SPRF-SE";"DEL02-SE";"UOP03-DEL02-SE"
334667;2021-01-15;"sexta-feira";"20:40:00";"ES";101;255,4;"SERRA";"Condutor deixou de manter distância do veículo da frente";"Colisão traseira";"Sem Vítimas";"Plena Noite";"Crescente";"Céu Claro";"Simples";"Reta";"Sim";2;0;0;0;2;0;0;2;-20,11487935;-40,31943619;"SPRF-ES";"DEL02-ES";"UOP01-DEL02-ES"
334671;2021-01-15;"sexta-feira";"21:00:00";"SP";153;284,9;"OCAUCU";"Afundamento ou ondulação no pavimento";"Tombamento";"Com Vítimas Feridas";"Plena Noite";"Decrescente";"Nublado";"Simples";"Aclive";"Não";1;0;1;0;0;0;1;1;-22,44825692;-49,86247915;"SPRF-SP";"DEL07-SP";"UOP02-DEL07-SP"
334674;2021-01-15;"sexta-feira";"21:15:00";"RS";290;91;"PORTO ALEGRE";"Avarias e/ou desgaste excessivo no pneu";"Tombamento";"Com Vítimas Fatais";"Plena Noite";"Crescente";"Céu Claro";"Dupla";"Reta";"Sim";1;1;0;0;0;0;0;1;-29,969055;-51,167439;"SPRF-RS";"DEL01-RS";"UOP01-DEL01-RS"
334675;2021-01-15;"sexta-feira";"20:30:00";"MT";364;439;"VARZEA GRANDE";"Ultrapassagem Indevida";"Colisão frontal";"Com Vítimas Fatais";"Plena Noite";"Crescente";"Céu Claro";"Simples";"Curva";"Não";4;1;0;1;2;0;1;2;-15,60518158;-56,20262146;"SPRF-MT";"DEL01-MT";"UOP02-DEL01-MT"
334677;2021-01-15;"sexta-feira";"21:30:00";"RS";392;675,5;"SAO PEDRO DO BUTIA";"Acessar a via sem observar a presença dos outros veículos";"Colisão transversal";"Com Vítimas Feridas";"Plena Noite";"Crescente";"Céu Claro";"Simples";"Interseção de Vias";"Não";2;0;1;0;1;0;1;2;-28,12314098;-54,85512401;"SPRF-RS";"DEL10-RS";"UOP01-DEL10-RS"
334678;2021-01-15;"sexta-feira";"20:15:00";"PR";277;726,6;"FOZ DO IGUACU";"Ingestão de álcool pelo condutor";"Saída de leito carroçável";"Com Vítimas Feridas";"Plena Noite";"Decrescente";"Céu Claro";"Dupla";"Rotatória";"Sim";1;0;0;1;0;0;1;1;-25,5106015;-54,55481999;"SPRF-PR";"DEL05-PR";"UOP03-DEL05-PR"
334679;2021-01-15;"sexta-feira";"20:55:00";"RS";470;213;"BENTO GONCALVES";"Ingestão de álcool pelo condutor";"Colisão transversal";"Com Vítimas Feridas";"Plena Noite";"Decrescente";"Céu Claro";"Simples";"Em Obras";"Sim";2;0;2;0;0;0;2;2;-29,138703;-51,542708;"SPRF-RS";"DEL06-RS";"UOP01-DEL06-RS"
334682;2021-01-15;"sexta-feira";"17:50:00";"TO";153;627;"ALIANCA DO TOCANTINS";"Reação tardia ou ineficiente do condutor";"Saída de leito carroçável";"Sem Vítimas";"Pleno dia";"Decrescente";"Céu Claro";"Simples";"Reta";"Não";1;0;0;0;0;1;0;1;-11,335566;-48,95087901;"SPRF-TO";"DEL01-TO";"UOP02-DEL01-TO"
334683;2021-01-15;"sexta-feira";"15:30:00";"BA";101;611,5;"MASCOTE";"Velocidade Incompatível";"Saída de leito carroçável";"Com Vítimas Feridas";"Pleno dia";"Crescente";"Chuva";"Simples";"Declive;Curva";"Não";2;0;1;1;0;0;2;1;-15,73339108;-39,47437588;"SPRF-BA";"DEL05-BA";"UOP02-DEL05-BA"
334684;2021-01-15;"sexta-feira";"22:44:00";"SP";116;220;"GUARULHOS";"Chuva";"Colisão traseira";"Sem Vítimas";"Plena Noite";"Decrescente";"Nublado";"Múltipla";"Reta";"Sim";2;0;0;0;2;0;0;2;-23,46472809;-46,49793962;"SPRF-SP";"DEL01-SP";"UOP01-DEL01-SP"
334685;2021-01-15;"sexta-feira";"22:50:00";"PR";277;63,7;"SAO JOSE DOS PINHAIS";"Velocidade Incompatível";"Colisão traseira";"Com Vítimas Feridas";"Plena Noite";"Crescente";"Nublado";"Dupla";"Reta";"Não";2;0;1;0;1;0;1;2;-25,56100984;-49,01719293;"SPRF-PR";"DEL01-PR";"UOP01-DEL01-PR"
334686;2021-01-15;"sexta-feira";"20:45:00";"RR";174;503;"BOA VISTA";"Manobra de mudança de faixa";"Colisão lateral mesmo sentido";"Com Vítimas Feridas";"Plena Noite";"Crescente";"Nublado";"Dupla";"Reta";"Sim";2;0;1;0;1;0;1;2;2,82284203;-60,69581693;"SPRF-RR";"DEL01-RR";"UOP01-DEL01-RR"
334687;2021-01-15;"sexta-feira";"22:20:00";"ES";101;268,7;"SERRA";"Acessar a via sem observar a presença dos outros veículos";"Colisão lateral mesmo sentido";"Com Vítimas Feridas";"Plena Noite";"Decrescente";"Céu Claro";"Múltipla";"Reta";"Sim";3;0;1;0;2;0;1;3;-20,20842;-40,269405;"SPRF-ES";"DEL02-ES";"UOP01-DEL02-ES"
334689;2021-01-15;"sexta-feira";"18:20:00";"MG";116;285,3;"TEOFILO OTONI";"Retorno proibido";"Colisão transversal";"Com Vítimas Feridas";"Plena Noite";"Decrescente";"Nublado";"Simples";"Aclive";"Não";3;0;1;1;1;0;2;2;-17,92737798;-41,5284009;"SPRF-MG";"DEL11-MG";"UOP01-DEL11-MG"
334692;2021-01-15;"sexta-feira";"23:10:00";"MG";262;486;"BOM DESPACHO";"Avarias e/ou desgaste excessivo no pneu";"Saída de leito carroçável";"Sem Vítimas";"Plena Noite";"Decrescente";"Chuva";"Simples";"Declive";"Não";4;0;0;0;4;0;0;1;-19,78610881;-45,30392798;"SPRF-MG";"DEL08-MG";"UOP03-DEL08-MG"
334696;2021-01-15;"sexta-feira";"23:25:00";"PR";476;155;"ARAUCARIA";"Desrespeitar a preferência no cruzamento";"Colisão frontal";"Com Vítimas Feridas";"Plena Noite";"Crescente";"Céu Claro";"Simples";"Reta";"Sim";3;0;0;1;2;0;1;2;-25,590897;-49,410622;"SPRF-PR";"DEL01-PR";"UOP03-DEL01-PR"
334697;2021-01-15;"sexta-feira";"22:05:00";"PR";369;404;"MAMBORE";"Avarias e/ou desgaste excessivo no pneu";"Colisão frontal";"Com Vítimas Fatais";"Plena Noite";"Decrescente";"Céu Claro";"Simples";"Reta";"Não";3;1;1;1;0;0;2;2;-24,3263;-52,6508;"SPRF-PR";"DEL09-PR";"UOP03-DEL09-PR"
334700;2021-01-15;"sexta-feira";"20:05:00";"MA";135;4;"SAO LUIS";"Obstrução na via";"Colisão frontal";"Com Vítimas Feridas";"Plena Noite";"Decrescente";"Céu Claro";"Dupla";"Declive";"Sim";2;0;2;0;0;0;2;2;-2,53073;-44,3068;"SPRF-MA";"DEL01-MA";"UOP01-DEL01-MA"