"id";"data_inversa";"dia_semana";"horario";"uf";"br";"km";"municipio";"causa_acidente";"tipo_acidente";"classificacao_acidente";"fase_dia";"sentido_via";"condicao_metereologica";"tipo_pista";"tracado_via";"uso_solo";"pessoas";"mortos";"feridos_leves";"feridos_graves";"ilesos";"ignorados";"feridos";"veiculos";"latitude";"longitude";"regional";"delegacia";"uop"
334705;2021-01-15;"sexta-feira";"22:10:00";"MG";116;414,4;"GOVERNADOR VALADARES";"Transitar no acostamento";"Colisão lateral";"Com Vítimas Fatais";"Plena Noite";"Decrescente";"Céu Claro";"Simples";"Reta";"Sim";3;1;0;0;0;2;0;3;-18,88212772;-41,95717335;"SPRF-MG";"DEL06-MG";"UOP01-DEL06-MG"
334707;2021-01-15;"sexta-feira";"23:30:00";"SC";280;129;"RIO NEGRINHO";"Acessar a via sem observar a presença dos outros veículos";"Colisão transversal";"Com Vítimas Feridas";"Plena Noite";"Crescente";"Nublado";"Simples";"Reta";"Sim";2;0;1;0;1;0;1;2;-26,24586437;-49,52284615;"SPRF-SC";"DEL06-SC";"UOP03-DEL06-SC"
334708;2021-01-16;"sábado";"01:15:00";"SC";282;492;"FAXINAL DOS GUEDES";"Falta de acostamento";"Tombamento";"Com Vítimas Feridas";"Plena Noite";"Decrescente";"Céu Claro";"Simples";"Reta";"Não";1;0;0;1;0;0;1;1;-26,871534;-52,300915;"SPRF-SC";"DEL07-SC";"UOP01-DEL07-SC"
334709;2021-01-15;"sexta-feira";"16:30:00";"MG";116;206,2;"CATUJI";"Manobra de mudança de faixa";"Colisão transversal";"Com Vítimas Fatais";"Pleno dia";"Decrescente";"Nublado";"Simples";"Reta";"Sim";7;1;5;1;0;0;6;2;-17,29125695;-41,51824456;"SPRF-MG";"DEL11-MG";"UOP01-DEL11-MG"
334712;2021-01-15;"sexta-feira";"22:15:00";"BA";235;31;"CORONEL JOAO SA";"Transitar na contramão";"Colisão frontal";"Com Vítimas Feridas";"Plena Noite";"Decrescente";"Céu Claro";"Dupla";"Reta";"Não";3;0;0;2;1;0;2;2;-10,1610538;-37,95003913;"SPRF-SE";"DEL01-SE";"UOP02-DEL01-SE"
334714;2021-01-15;"sexta-feira";"23:20:00";"SC";116;221,4;"CORREIA PINTO";"Velocidade Incompatível";"Saída de leito carroçável";"Com Vítimas Feridas";"Plena Noite";"Decrescente";"Garoa/Chuvisco";"Simples";"Reta";"Sim";3;0;2;0;0;1;2;1;-27,59671445;-50,3578949;"SPRF-SC";"DEL05-SC";"UOP03-DEL05-SC"
334715;2021-01-16;"sábado";"01:40:00";"SC";282;605;"MARAVILHA";"Ingestão de álcool pelo condutor";"Capotamento";"Com Vítimas Feridas";"Plena Noite";"Crescente";"Nublado";"Simples";"Reta";"Sim";1;0;1;0;0;0;1;1;-26,786951;-53,195248;"SPRF-SC";"DEL07-SC";"UOP02-DEL07-SC"
334716;2021-01-16;"sábado";"01:50:00";"SC";101;140;"BALNEARIO CAMBORIU";"Condutor Dormindo";"Colisão traseira";"Com Vítimas Feridas";"Plena Noite";"Crescente";"Céu Claro";"Múltipla";"Reta";"Não";3;0;0;1;2;0;1;2;-27,03881189;-48,60025148;"SPRF-SC";"DEL04-SC";"UOP03-DEL04-SC"
334717;2021-01-16;"sábado";"02:00:00";"SC";163;70,6;"SAO MIGUEL DO OESTE";"Ingestão de álcool pelo condutor";"Saída de leito carroçável";"Com Vítimas Feridas";"Plena Noite";"Crescente";"Céu Claro";"Dupla";"Reta";"Sim";3;0;1;0;2;0;1;1;-26,73183732;-53,51021469;"SPRF-SC";"DEL07-SC";"UOP03-DEL07-SC"
334718;2021-01-16;"sábado";"01:00:00";"SC";101;87;"BARRA VELHA";"Transitar na contramão";"Colisão frontal";"Com Vítimas Feridas";"Plena Noite";"Crescente";"Nublado";"Simples";"Reta";"Sim";4;0;2;2;0;0;4;2;-26,63713377;-48,69651057;"SPRF-SC";"DEL03-SC";"UOP02-DEL03-SC"
334719;2021-01-16;"sábado";"02:41:00";"RS";290;107;"ELDORADO DO SUL";"Ingestão de álcool pelo condutor";"Saída de leito carroçável";"Com Vítimas Feridas";"Plena Noite";"Crescente";"Céu Claro";"Dupla";"Curva";"Sim";1;0;0;1;0;0;1;1;-30,00430083;-51,31164551;"SPRF-RS";"DEL02-RS";"UOP01-DEL02-RS"
334721;2021-01-16;"sábado";"01:30:00";"SP";116;44,2;"CANAS";"Animais na Pista";"Atropelamento de Animal";"Com Vítimas Feridas";"Plena Noite";"Decrescente";"Nublado";"Dupla";"Reta";"Não";1;0;1;0;0;0;1;1;-22,70287975;-45,03787617;"SPRF-SP";"DEL08-SP";"UOP02-DEL08-SP"
334724;2021-01-16;"sábado";"03:25:00";"AL";101;188,5;"JUNQUEIRO";"Obstrução na via";"Colisão com objeto";"Com Vítimas Fatais";"Plena Noite";"Decrescente";"Ignorado";"Simples";"Reta";"Sim";1;1;0;0;0;0;0;1;-9,90809784;-36,46933335;"SPRF-AL";"DEL02-AL";"UOP02-DEL02-AL"
334725;2021-01-16;"sábado";"03:20:00";"SC";101;217,5;"PALHOCA";"Ingestão de álcool pelo condutor";"Saída de leito carroçável";"Com Vítimas Feridas";"Plena Noite";"Decrescente";"Nublado";"Múltipla";"Reta";"Sim";1;0;1;0;0;0;1;1;-27,67157558;-48,6721909;"SPRF-SC";"DEL01-SC";"UOP02-DEL01-SC"
334726;2021-01-15;"sexta-feira";"18:00:00";"SC";470;147;"RIO DO SUL";"Transitar no acostamento";"Saída de leito carroçável";"Sem Vítimas";"Pleno dia";"Crescente";"Garoa/Chuvisco";"Simples";"Reta";"Não";1;0;0;0;0;1;0;1;-27,243439;-49,690025;"SPRF-SC";"DEL04-SC";"UOP02-DEL04-SC"
334727;2021-01-16;"sábado";"04:00:00";"MG";116;812,7;"ALEM PARAIBA";"Velocidade Incompatível";"Colisão com objeto";"Com Vítimas Feridas";"Pleno dia";"Crescente";"Céu Claro";"Simples";"Curva";"Não";4;0;4;0;0;0;4;1;-21,8449291;-42,67297203;"SPRF-MG";"DEL07-MG";"UOP01-DEL07-MG"
334728;2021-01-16;"sábado";"04:00:00";"RS";158;566,5;"SANTANA DO LIVRAMENTO";"Ingestão de álcool pelo condutor";"Saída de leito carroçável";"Sem Vítimas";"Plena Noite";"Decrescente";"Chuva";"Simples";"Reta";"Sim";1;0;0;0;0;1;0;1;-30,87624189;-55,51081469;"SPRF-RS";"DEL11-RS";"UOP01-DEL11-RS"
334729;2021-01-16;"sábado";"04:50:00";"PE";101;92;"CABO DE SANTO AGOSTINHO";"Pedestre cruzava a pista fora da faixa";"Colisão frontal";"Com Vítimas Fatais";"Amanhecer";"Decrescente";"Céu Claro";"Dupla";"Reta";"Não";2;1;0;0;1;0;0;2;-8,22399812;-34,99290474;"SPRF-PE";"DEL01-PE";"UOP03-DEL01-PE"
334730;2021-01-16;"sábado";"04:40:00";"RS";386;330;"MARQUES DE SOUZA";"Ingestão de álcool pelo condutor";"Saída de leito carroçável";"Com Vítimas Feridas";"Plena Noite";"Decrescente";"Céu Claro";"Simples";"Reta";"Não";1;0;1;0;0;0;1;1;-29,346764;-52,071896;"SPRF-RS";"DEL04-RS";"UOP01-DEL04-RS"
334731;2021-01-16;"sábado";"04:25:00";"SC";470;60;"BLUMENAU";"Ingestão de álcool pelo condutor";"Colisão com objeto";"Sem Vítimas";"Plena Noite";"Crescente";"Nublado";"Simples";"Reta";"Sim";1;0;0;0;0;1;0;1;-26,88138;-49,164543;"SPRF-SC";"DEL04-SC";"UOP01-DEL04-SC"
334732;2021-01-16;"sábado";"04:40:00";"SC";470;60;"BLUMENAU";"Ingestão de álcool pelo condutor";"Colisão traseira";"Sem Vítimas";"Plena Noite";"Crescente";"Céu Claro";"Simples";"Reta";"Não";2;0;0;0;2;0;0;2;-26,88138;-49,164543;"SPRF-SC";"DEL04-SC";"UOP01-DEL04-SC"
334733;2021-01-16;"sábado";"04:50:00";"SC";470;4;"NAVEGANTES";"Chuva";"Queda de ocupante de veículo";"Com Vítimas Feridas";"Amanhecer";"Crescente";"Chuva";"Dupla";"Reta";"Não";1;0;1;0;0;0;1;1;-26,858473;-48,690788;"SPRF-SC";"DEL04-SC";"UOP04-DEL04-SC"
334734;2021-01-16;"sábado";"03:10:00";"SC";280;127;"RIO NEGRINHO";"Ingestão de álcool pelo condutor";"Colisão frontal";"Com Vítimas Feridas";"Plena Noite";"Crescente";"Céu Claro";"Simples";"Reta";"Sim";4;0;1;0;1;2;1;2;-26,24317941;-49,51320018;"SPRF-SC";"DEL06-SC";"UOP03-DEL06-SC"
334735;2021-01-16;"sábado";"03:50:00";"SP";116;270,1;"TABOAO DA SERRA";"Manobra de mudança de faixa";"Tombamento";"Com Vítimas Feridas";"Plena Noite";"Crescente";"Céu Claro";"Simples";"Reta";"Sim";3;0;3;0;0;0;3;2;-23,61799728;-46,79677694;"SPRF-SP";"DEL04-SP";"UOP01-DEL04-SP"
334736;2021-01-16;"sábado";"05:15:00";"MG";381;777,6;"CAMPANHA";"Condutor Dormindo";"Saída de leito carroçável";"Com Vítimas Feridas";"Amanhecer";"Decrescente";"Chuva";"Dupla";"Reta";"Não";1;0;1;0;0;0;1;1;-21,82472705;-45,49551193;"SPRF-MG";"DEL16-MG";"UOP02-DEL16-MG"
334737;2021-01-16;"sábado";"04:00:00";"MG";262;152;"SAO DOMINGOS DO PRATA";"Ingestão de álcool pelo condutor";"Saída de leito carroçável";"Com Vítimas Feridas";"Amanhecer";"Crescente";"Chuva";"Simples";"Reta";"Não";2;0;1;1;0;0;2;1;-19,99702081;-42,78390787;"SPRF-MG";"DEL03-MG";"UOP03-DEL03-MG"
334738;2021-01-16;"sábado";"05:30:00";"RJ";101;283;"ITABORAI";"Reação tardia ou ineficiente do condutor";"Saída de leito carroçável";"Sem Vítimas";"Pleno dia";"Decrescente";"Céu Claro";"Dupla";"Reta";"Não";2;0;0;0;2;0;0;1;-22,73591014;-42,80592689;"SPRF-RJ";"DEL02-RJ";"UOP03-DEL02-RJ"
334739;2021-01-15;"sexta-feira";"20:20:00";"RJ";116;136;"MAGE";"Trafegar com motocicleta (ou similar) entre as faixas";"Colisão transversal";"Com Vítimas Feridas";"Plena Noite";"Decrescente";"Céu Claro";"Dupla";"Reta";"Sim";2;0;1;0;1;0;1;2;-22,64988985;-43,17250297;"SPRF-RJ";"DEL04-RJ";"UOP02-DEL04-RJ"
334742;2021-01-16;"sábado";"06:15:00";"RJ";101;214;"CASIMIRO DE ABREU";"Condutor Dormindo";"Saída de leito carroçável";"Com Vítimas Feridas";"Pleno dia";"Decrescente";"Céu Claro";"Dupla";"Em Obras";"Não";1;0;1;0;0;0;1;1;-22,49876081;-42,26744726;"SPRF-RJ";"DEL08-RJ";"UOP04-DEL08-RJ"
334743;2021-01-16;"sábado";"05:50:00";"MG";40;820;"SIMAO PEREIRA";"Velocidade Incompatível";"Saída de leito carroçável";"Sem Vítimas";"Amanhecer";"Decrescente";"Ignorado";"Dupla";"Aclive";"Não";1;0;0;0;1;0;0;1;-21,95428588;-43,30025733;"SPRF-MG";"DEL05-MG";"UOP01-DEL05-MG"
334746;2021-01-16;"sábado";"05:20:00";"CE";222;81;"UMIRIM";"Transitar na contramão";"Colisão lateral";"Sem Vítimas";"Pleno dia";"Crescente";"Céu Claro";"Simples";"Curva";"Não";5;0;0;0;5;0;0;2;-3,675722;-39,268305;"SPRF-CE";"DEL04-CE";"UOP03-DEL04-CE"
334747;2021-01-16;"sábado";"03:00:00";"DF";251;2;"BRASILIA";"Condutor Dormindo";"Colisão frontal";"Com Vítimas Feridas";"Plena Noite";"Crescente";"Nublado";"Simples";"Reta";"Não";4;0;4;0;0;0;4;2;-16,032738;-47,543346;"SPRF-DF";"DEL01-DF";"UOP01-DEL01-DF"
334748;2021-01-16;"sábado";"06:10:00";"AL";101;147;"JEQUIA DA PRAIA";"Demais falhas mecânicas ou elétricas";"Tombamento";"Com Vítimas Feridas";"Pleno dia";"Crescente";"Céu Claro";"Dupla";"Reta";"Não";2;0;2;0;0;0;2;1;-9,87849154;-36,13705873;"SPRF-AL";"DEL02-AL";"UOP01-DEL02-AL"
334749;2021-01-16;"sábado";"06:00:00";"SC";101;136,4;"BALNEARIO CAMBORIU";"Ausência de reação do condutor";"Saída de leito carroçável";"Sem Vítimas";"Pleno dia";"Crescente";"Céu Claro";"Dupla";"Reta";"Sim";1;0;0;0;1;0;0;1;-27,008113;-48,617245;"SPRF-SC";"DEL04-SC";"UOP03-DEL04-SC"
334750;2021-01-16;"sábado";"05:55:00";"RS";386;354;"ESTRELA";"Condutor Dormindo";"Saída de leito carroçável";"Sem Vítimas";"Pleno dia";"Crescente";"Céu Claro";"Dupla";"Reta";"Não";1;0;0;0;0;1;0;1;-29,506611;-51,943012;"SPRF-RS";"DEL04-RS";"UOP02-DEL04-RS"
334751;2021-01-16;"sábado";"06:05:00";"SC";163;70,7;"SAO MIGUEL DO OESTE";"Ingestão de álcool pelo condutor";"Saída de leito carroçável";"Sem Vítimas";"Pleno dia";"Decrescente";"Céu Claro";"Dupla";"Reta";"Sim";1;0;0;0;0;1;0;1;-26,731123;-53,51067066;"SPRF-SC";"DEL07-SC";"UOP03-DEL07-SC"
334752;2021-01-16;"sábado";"06:00:00";"BA";242;822;"BARREIRAS";"Animais na Pista";"Saída de leito carroçável";"Com Vítimas Feridas";"Amanhecer";"Crescente";"Garoa/Chuvisco";"Simples";"Reta";"Sim";4;0;1;0;3;0;1;1;-12,11990727;-45,04979699;"SPRF-BA";"DEL10-BA";"UOP01-DEL10-BA"
334753;2021-01-16;"sábado";"05:10:00";"MG";40;46,1;"PARACATU";"Pista Escorregadia";"Colisão com objeto";"Com Vítimas Feridas";"Amanhecer";"Crescente";"Chuva";"Simples";"Reta";"Não";1;0;1;0;0;0;1;1;-17,23875763;-46,83697693;"SPRF-MG";"DEL14-MG";"UOP01-DEL14-MG"
334757;2021-01-15;"sexta-feira";"23:30:00";"MG";356;265,8;"MURIAE";"Ingestão de álcool pelo condutor";"Colisão traseira";"Com Vítimas Feridas";"Plena Noite";"Crescente";"Céu Claro";"Simples";"Reta;Interseção de Vias";"Sim";2;0;0;1;0;1;1;2;-21,12735244;-42,3689611;"SPRF-MG";"DEL07-MG";"UOP02-DEL07-MG"
334759;2021-01-15;"sexta-feira";"13:00:00";"MA";316;546;"CAXIAS";"Condutor deixou de manter distância do veículo da frente";"Colisão lateral";"Com Vítimas Feridas";"Pleno dia";"Decrescente";"Céu Claro";"Simples";"Aclive";"Não";2;0;1;0;0;1;1;2;-4,875501;-43,395222;"SPRF-MA";"DEL03-MA";"UOP02-DEL03-MA"
334761;2021-01-16;"sábado";"05:10:00";"BA";101;217;"CRUZ DAS ALMAS";"Manobra de mudança de faixa";"Saída de leito carroçável";"Com Vítimas Feridas";"Amanhecer";"Decrescente";"Chuva";"Simples";"Ponte";"Não";2;0;2;0;0;0;2;1;-12,64636826;-39,10858154;"SPRF-BA";"DEL01-BA";"UOP02-DEL01-BA"
334764;2021-01-16;"sábado";"07:50:00";"ES";101;49,2;"SAO MATEUS";"Condutor deixou de manter distância do veículo da frente";"Colisão traseira";"Com Vítimas Feridas";"Pleno dia";"Decrescente";"Céu Claro";"Simples";"Reta";"Não";3;0;1;0;2;0;1;3;-18,57725;-39,894962;"SPRF-ES";"DEL04-ES";"UOP02-DEL04-ES"
334769;2021-01-16;"sábado";"08:05:00";"PR";376;202,4;"MANDAGUARI";"Curva acentuada";"Saída de leito carroçável";"Com Vítimas Feridas";"Pleno dia";"Decrescente";"Chuva";"Simples";"Curva";"Não";5;0;2;0;3;0;2;1;-23,50951388;-51,72140497;"SPRF-PR";"DEL09-PR";"UOP01-DEL09-PR"
334770;2021-01-08;"sexta-feira";"11:20:00";"RS";392;5;"RIO GRANDE";"Demais falhas mecânicas ou elétricas";"Colisão lateral sentido oposto";"Com Vítimas Feridas";"Pleno dia";"Crescente";"Céu Claro";"Simples";"Reta";"Sim";5;0;1;0;4;0;1;3;-32,07687877;-52,10166627;"SPRF-RS";"DEL07-RS";"UOP02-DEL07-RS"
334772;2021-01-16;"sábado";"08:00:00";"MG";116;410;"GOVERNADOR VALADARES";"Conversão proibida";"Colisão traseira";"Com Vítimas Feridas";"Pleno dia";"Crescente";"Céu Claro";"Dupla";"Reta";"Sim";2;0;2;0;0;0;2;2;-18,855625;-41,975623;"SPRF-MG";"DEL06-MG";"UOP01-DEL06-MG"
334778;2021-01-16;"sábado";"06:30:00";"GO";153;310;"RIALMA";"Acumulo de água sobre o pavimento";"Saída de leito carroçável";"Sem Vítimas";"Pleno dia";"Crescente";"Chuva";"Simples";"Reta;Aclive";"Não";1;0;0;0;1;0;0;1;-15,366833;-49,560471;"SPRF-GO";"DEL02-GO";"UOP02-DEL02-GO"
334779;2021-01-16;"sábado";"07:35:00";"SC";101;97;"BALNEARIO PICARRAS";"Ingestão de álcool pelo condutor";"Saída de leito carroçável";"Sem Vítimas";"Pleno dia";"Crescente";"Nublado";"Dupla";"Declive";"Não";1;0;0;0;1;0;0;1;-26,72823703;-48,70224928;"SPRF-SC";"DEL03-SC";"UOP02-DEL03-SC"
334781;2021-01-16;"sábado";"08:20:00";"MT";163;118,8;"RONDONOPOLIS";"Animais na Pista";"Atropelamento de Animal";"Com Vítimas Feridas";"Pleno dia";"Crescente";"Nublado";"Dupla";"Reta";"Sim";1;0;1;0;0;0;1;1;-16,51361392;-54,65519619;"SPRF-MT";"DEL02-MT";"UOP01-DEL02-MT"
334782;2021-01-16;"sábado";"03:50:00";"BA";116;727;"BOA NOVA";"Velocidade Incompatível";"Capotamento";"Com Vítimas Feridas";"Plena Noite";"Crescente";"Chuva";"Simples";"Reta";"Não";1;0;1;0;0;0;1;1;-14,25456296;-40,28613818;"SPRF-BA";"DEL08-BA";"UOP02-DEL08-BA"
334783;2021-01-16;"sábado";"10:00:00";"RS";116;494,4;"PELOTAS";"Acumulo de água sobre o pavimento";"Saída de leito carroçável";"Com Vítimas Feridas";"Pleno dia";"Crescente";"Chuva";"Dupla";"Reta";"Não";2;0;2;0;0;0;2;1;-31,50397411;-52,2203438;"SPRF-RS";"DEL07-RS";"UOP01-DEL07-RS"
334785;2021-01-16;"sábado";"07:20:00";"SC";282;372;"ERVAL VELHO";"Mal súbito do condutor";"Saída de leito carroçável";"Com Vítimas Fatais";"Pleno dia";"Decrescente";"Céu Claro";"Simples";"Reta";"Não";1;1;0;0;0;0;0;1;-27,246429;-51,448463;"SPRF-SC";"DEL07-SC";"UOP05-DEL07-SC"
334786;2021-01-16;"sábado";"10:30:00";"SC";101;209;"SAO JOSE";"Condutor deixou de manter distância do veículo da frente";"Colisão traseira";"Com Vítimas Feridas";"Pleno dia";"Decrescente";"Nublado";"Múltipla";"Reta";"Sim";2;0;1;0;1;0;1;2;-27,61000542;-48,63895057;"SPRF-SC";"DEL01-SC";"UOP01-DEL01-SC"
334790;2021-01-16;"sábado";"07:30:00";"RJ";101;421;"MANGARATIBA";"Pista esburacada";"Queda de ocupante de veículo";"Com Vítimas Feridas";"Pleno dia";"Crescente";"Céu Claro";"Simples";"Curva";"Não";1;0;1;0;0;0;1;1;-22,91666975;-43,93080593;"SPRF-RJ";"DEL03-RJ";"UOP03-DEL03-RJ"
334791;2021-01-09;"sábado";"06:30:00";"MG";40;774,8;"JUIZ DE FORA";"Ausência de reação do condutor";"Colisão com objeto";"Com Vítimas Feridas";"Pleno dia";"Crescente";"Nublado";"Dupla";"Reta";"Sim";3;0;1;1;1;0;2;1;-21,65956979;-43,43355867;"SPRF-MG";"DEL05-MG";"UOP01-DEL05-MG"
334792;2021-01-16;"sábado";"04:35:00";"GO";153;294,6;"RIALMA";"Chuva";"Saída de leito carroçável";"Com Vítimas Fatais";"Plena Noite";"Crescente";"Chuva";"Simples";"Curva";"Não";1;1;0;0;0;0;0;1;-15,241663;-49,556767;"SPRF-GO";"DEL02-GO";"UOP02-DEL02-GO"
334793;2021-01-16;"sábado";"08:30:00";"ES";101;282,5;"CARIACICA";"Transitar na contramão";"Colisão frontal";"Com Vítimas Feridas";"Pleno dia";"Decrescente";"Céu Claro";"Múltipla";"Curva";"Sim";2;0;0;1;1;0;1;2;-20,23191892;-40,3678894;"SPRF-ES";"DEL01-ES";"UOP01-DEL01-ES"
334794;2021-01-16;"sábado";"11:30:00";"MG";365;591;"INDIANOPOLIS";"Condutor deixou de manter distância do veículo da frente";"Colisão traseira";"Sem Vítimas";"Pleno dia";"Decrescente";"Céu Claro";"Simples";"Reta;Aclive";"Não";2;0;0;0;2;0;0;2;-18,878559;-48,031471;"SPRF-MG";"DEL15-MG";"UOP02-DEL15-MG"
334795;2021-01-16;"sábado";"11:15:00";"SC";101;305;"LAGUNA";"Demais falhas mecânicas ou elétricas";"Tombamento";"Com Vítimas Feridas";"Pleno dia";"Decrescente";"Céu Claro";"Dupla";"Reta";"Não";1;0;1;0;0;0;1;1;-28,39442061;-48,78032684;"SPRF-SC";"DEL02-SC";"UOP03-DEL02-SC"
334797;2021-01-16;"sábado";"11:20:00";"SC";280;51,4;"GUARAMIRIM";"Manobra de mudança de faixa";"Colisão lateral";"Com Vítimas Feridas";"Pleno dia";"Crescente";"Nublado";"Simples";"Interseção de Vias";"Não";5;0;4;0;1;0;4;2;-26,46538871;-48,95544449;"SPRF-SC";"DEL03-SC";"UOP03-DEL03-SC"
334798;2021-01-16;"sábado";"11:00:00";"PI";316;186;"VALENCA DO PIAUI";"Reação tardia ou ineficiente do condutor";"Saída de leito carroçável";"Com Vítimas Feridas";"Pleno dia";"Decrescente";"Nublado";"Simples";"Reta";"Não";2;0;1;0;1;0;1;1;-6,28658493;-41,93976192;"SPRF-PI";"DEL04-PI";"UOP02-DEL04-PI"
334799;2021-01-16;"sábado";"12:00:00";"SP";101;30;"UBATUBA";"Conversão proibida";"Colisão transversal";"Com Vítimas Feridas";"Pleno dia";"Decrescente";"Céu Claro";"Simples";"Curva";"Não";2;0;0;1;1;0;1;2;-23,38005901;-44,96809802;"SPRF-SP";"DEL06-SP";"UOP01-DEL06-SP"
334801;2021-01-16;"sábado";"11:20:00";"MG";365;371,9;"PATOS DE MINAS";"Velocidade Incompatível";"Colisão frontal";"Com Vítimas Fatais";"Pleno dia";"Crescente";"Chuva";"Simples";"Curva";"Não";31;1;2;0;27;1;2;3;-18,54065222;-46,2059055;"SPRF-MG";"DEL10-MG";"UOP01-DEL10-MG"
334802;2021-01-16;"sábado";"10:00:00";"BA";418;87,1;"NOVA VICOSA";"Demais falhas mecânicas ou elétricas";"Incêndio";"Sem Vítimas";"Pleno dia";"Crescente";"Céu Claro";"Simples";"Reta";"Não";1;0;0;0;1;0;0;1;-17,892078;-39,81627;"SPRF-BA";"DEL09-BA";"UOP02-DEL09-BA"
334803;2021-01-16;"sábado";"12:15:00";"PR";476;116,2;"COLOMBO";"Retorno proibido";"Colisão transversal";"Com Vítimas Feridas";"Pleno dia";"Decrescente";"Sol";"Simples";"Reta";"Sim";2;0;1;0;1;0;1;2;-25,35634;-49,180828;"SPRF-PR";"DEL01-PR";"UOP02-DEL01-PR"
334804;2021-01-16;"sábado";"12:15:00";"RS";470;230,3;"CARLOS BARBOSA";"Condutor deixou de manter distância do veículo da frente";"Colisão traseira";"Sem Vítimas";"Pleno dia";"Crescente";"Nublado";"Simples";"Reta;Em Obras";"Sim";3;0;0;0;3;0;0;2;-29,27794957;-51,49292361;"SPRF-RS";"DEL06-RS";"UOP01-DEL06-RS"
334807;2021-01-16;"sábado";"13:15:00";"RS";392;15,8;"RIO GRANDE";"Pista Escorregadia";"Colisão com objeto";"Com Vítimas Feridas";"Pleno dia";"Decrescente";"Garoa/Chuvisco";"Simples";"Interseção de Vias";"Não";1;0;0;1;0;0;1;1;-32,1024397;-52,16347437;"SPRF-RS";"DEL07-RS";"UOP02-DEL07-RS"
334812;2021-01-16;"sábado";"12:20:00";"RO";364;236,7;"CACOAL";"Acessar a via sem observar a presença dos outros veículos";"Colisão transversal";"Com Vítimas Feridas";"Pleno dia";"Crescente";"Nublado";"Simples";"Retorno Regulamentado";"Sim";3;0;1;0;2;0;1;2;-11,44404721;-61,44443572;"SPRF-RO";"DEL02-RO";"UOP02-DEL02-RO"
334813;2021-01-16;"sábado";"10:07:00";"SC";101;333,7;"TUBARAO";"Acessar a via sem observar a presença dos outros veículos";"Colisão lateral";"Com Vítimas Feridas";"Pleno dia";"Crescente";"Céu Claro";"Dupla";"Rotatória;Reta";"Sim";2;0;1;0;1;0;1;2;-28,46630107;-48,99653096;"SPRF-SC";"DEL02-SC";"UOP01-DEL02-SC"
334816;2021-01-16;"sábado";"13:55:00";"SC";470;152,8;"AGRONOMICA";"Transitar na contramão";"Colisão frontal";"Com Vítimas Feridas";"Pleno dia";"Crescente";"Céu Claro";"Simples";"Reta";"Não";8;0;1;3;3;1;4;5;-27,266434;-49,727642;"SPRF-SC";"DEL04-SC";"UOP02-DEL04-SC"
334817;2021-01-16;"sábado";"14:05:00";"PE";408;94,7;"SAO LOURENCO DA MATA";"Transitar no acostamento";"Atropelamento de Pedestre";"Com Vítimas Feridas";"Pleno dia";"Decrescente";"Céu Claro";"Dupla";"Reta";"Sim";2;0;1;0;0;1;1;2;-8,011764;-35,042328;"SPRF-PE";"DEL01-PE";"UOP01-DEL01-PE"
334818;2021-01-16;"sábado";"14:00:00";"SC";470;54,5;"BLUMENAU";"Desrespeitar a preferência no cruzamento";"Colisão lateral";"Com Vítimas Feridas";"Pleno dia";"Crescente";"Nublado";"Simples";"Interseção de Vias;Rotatória";"Sim";2;0;1;0;1;0;1;2;-26,87404117;-49,11509871;"SPRF-SC";"DEL04-SC";"UOP01-DEL04-SC"
334819;2021-01-16;"sábado";"13:30:00";"GO";70;21,1;"COCALZINHO DE GOIAS";"Condutor deixou de manter distância do veículo da frente";"Colisão traseira";"Sem Vítimas";"Pleno dia";"Decrescente";"Nublado";"Simples";"Reta;Declive";"Não";2;0;0;0;1;1;0;2;-15,74046213;-48,38392376;"SPRF-DF";"DEL03-DF";"UOP02-DEL03-DF"
334820;2021-01-16;"sábado";"11:55:00";"PR";116;117;"CURITIBA";"Demais falhas mecânicas ou elétricas";"Queda de ocupante de veículo";"Com Vítimas Feridas";"Pleno dia";"Decrescente";"Nublado";"Dupla";"Reta";"Sim";1;0;0;1;0;0;1;1;-25,56156815;-49,30801392;"SPRF-PR";"DEL01-PR";"UOP01-DEL01-PR"
334821;2021-01-16;"sábado";"13:30:00";"MG";262;440,3;"NOVA SERRANA";"Velocidade Incompatível";"Saída de leito carroçável";"Sem Vítimas";"Pleno dia";"Crescente";"Chuva";"Dupla";"Reta";"Não";1;0;0;0;1;0;0;1;-19,88607114;-44,89407411;"SPRF-MG";"DEL08-MG";"UOP03-DEL08-MG"
334822;2021-01-16;"sábado";"13:15:00";"ES";101;77,9;"SAO MATEUS";"Conversão proibida";"Colisão transversal";"Com Vítimas Feridas";"Pleno dia";"Crescente";"Céu Claro";"Simples";"Reta";"Não";2;0;1;0;1;0;1;2;-18,79952506;-39,89017092;"SPRF-ES";"DEL04-ES";"UOP02-DEL04-ES"
334823;2021-01-16;"sábado";"10:45:00";"SC";101;318,5;"PESCARIA BRAVA";"Velocidade Incompatível";"Colisão traseira";"Com Vítimas Feridas";"Pleno dia";"Decrescente";"Sol";"Dupla";"Reta";"Sim";2;0;1;0;0;1;1;2;-28,4266481;-48,86160099;"SPRF-SC";"DEL02-SC";"UOP01-DEL02-SC"
334825;2021-01-16;"sábado";"15:00:00";"MG";381;939,7;"EXTREMA";"Velocidade Incompatível";"Capotamento";"Com Vítimas Feridas";"Pleno dia";"Decrescente";"Chuva";"Dupla";"Reta";"Não";2;0;1;0;1;0;1;1;-22,84701434;-46,33321175;"SPRF-MG";"DEL16-MG";"UOP03-DEL16-MG"