"id";"data_inversa";"dia_semana";"horario";"uf";"br";"km";"municipio";"causa_acidente";"tipo_acidente";"classificacao_acidente";"fase_dia";"sentido_via";"condicao_metereologica";"tipo_pista";"tracado_via";"uso_solo";"pessoas";"mortos";"feridos_leves";"feridos_graves";"ilesos";"ignorados";"feridos";"veiculos";"latitude";"longitude";"regional";"delegacia";"uop"
334827;2021-01-16;"sábado";"14:40:00";"MG";50;6,5;"UBERLANDIA";"Acumulo de água sobre o pavimento";"Saída de leito carroçável";"Com Vítimas Feridas";"Pleno dia";"Decrescente";"Chuva";"Dupla";"Curva;Declive";"Não";2;0;1;0;1;0;1;1;-18,86893028;-48,2138443;"SPRF-MG";"DEL15-MG";"UOP01-DEL15-MG"
334829;2021-01-16;"sábado";"14:20:00";"MT";364;396;"CUIABA";"Acessar a via sem observar a presença dos outros veículos";"Saída de leito carroçável";"Com Vítimas Feridas";"Pleno dia";"Crescente";"Céu Claro";"Dupla";"Reta";"Sim";4;0;2;0;1;1;2;2;-15,69004774;-55,90523988;"SPRF-MT";"DEL01-MT";"UOP02-DEL01-MT"
334830;2021-01-16;"sábado";"15:00:00";"MG";50;182,5;"UBERABA";"Demais falhas mecânicas ou elétricas";"Queda de ocupante de veículo";"Com Vítimas Feridas";"Pleno dia";"Decrescente";"Nublado";"Dupla";"Reta";"Sim";1;0;1;0;0;0;1;1;-19,793806;-47,911165;"SPRF-MG";"DEL13-MG";"UOP01-DEL13-MG"
334832;2021-01-16;"sábado";"14:55:00";"RS";386;381,5;"TABAI";"Velocidade Incompatível";"Saída de leito carroçável";"Com Vítimas Feridas";"Pleno dia";"Crescente";"Chuva";"Dupla";"Reta";"Não";3;0;2;0;1;0;2;1;-29,655523;-51,750919;"SPRF-RS";"DEL04-RS";"UOP02-DEL04-RS"
334833;2021-01-16;"sábado";"08:20:00";"RJ";101;321;"NITEROI";"Condutor Dormindo";"Saída de leito carroçável";"Com Vítimas Feridas";"Pleno dia";"Crescente";"Céu Claro";"Simples";"Curva";"Sim";2;0;0;1;0;1;1;1;-22,86981096;-43,11046465;"SPRF-RJ";"DEL02-RJ";"UOP02-DEL02-RJ"
334835;2021-01-16;"sábado";"16:00:00";"DF";60;15;"BRASILIA";"Chuva";"Colisão com objeto";"Sem Vítimas";"Pleno dia";"Decrescente";"Garoa/Chuvisco";"Dupla";"Reta";"Não";1;0;0;0;1;0;0;1;-15,943619;-48,172115;"SPRF-DF";"DEL03-DF";"UOP01-DEL03-DF"
334836;2021-01-16;"sábado";"08:00:00";"SC";280;81;"CORUPA";"Mal súbito do condutor";"Saída de leito carroçável";"Com Vítimas Feridas";"Pleno dia";"Crescente";"Nublado";"Simples";"Reta";"Não";2;0;2;0;0;0;2;1;-26,44057489;-49,217056;"SPRF-SC";"DEL06-SC";"UOP03-DEL06-SC"
334839;2021-01-16;"sábado";"14:35:00";"MS";158;69,6;"PARANAIBA";"Velocidade Incompatível";"Colisão com objeto";"Com Vítimas Feridas";"Pleno dia";"Crescente";"Nublado";"Simples";"Curva;Aclive";"Não";1;0;1;0;0;0;1;1;-19,48042969;-51,30065918;"SPRF-MS";"DEL08-MS";"UOP01-DEL08-MS"
334840;2021-01-16;"sábado";"16:13:00";"ES";101;270,5;"SERRA";"Condutor desrespeitou a iluminação vermelha do semáforo";"Colisão transversal";"Com Vítimas Feridas";"Pleno dia";"Decrescente";"Céu Claro";"Múltipla";"Reta";"Sim";2;0;0;1;0;1;1;2;-20,22662056;-40,27075088;"SPRF-ES";"DEL02-ES";"UOP01-DEL02-ES"
334842;2021-01-16;"sábado";"15:45:00";"RJ";393;285,5;"VOLTA REDONDA";"Retorno proibido";"Colisão transversal";"Sem Vítimas";"Pleno dia";"Decrescente";"Nublado";"Simples";"Reta";"Sim";3;0;0;0;1;2;0;3;-22,481726;-44,06308602;"SPRF-RJ";"DEL05-RJ";"UOP04-DEL05-RJ"
334843;2021-01-16;"sábado";"16:30:00";"SP";116;400;"MIRACATU";"Transitar na contramão";"Colisão transversal";"Com Vítimas Feridas";"Pleno dia";"Decrescente";"Céu Claro";"Dupla";"Curva";"Não";2;0;1;0;1;0;1;2;-24,30807105;-47,50100998;"SPRF-SP";"DEL04-SP";"UOP02-DEL04-SP"
334847;2021-01-16;"sábado";"17:40:00";"PR";116;150;"MANDIRITUBA";"Ingestão de álcool pelo condutor";"Capotamento";"Com Vítimas Feridas";"Pleno dia";"Decrescente";"Céu Claro";"Dupla";"Reta";"Não";2;0;2;0;0;0;2;1;-25,81557015;-49,33088979;"SPRF-PR";"DEL01-PR";"UOP03-DEL01-PR"
334849;2021-01-16;"sábado";"13:30:00";"SC";282;644,9;"SAO MIGUEL DO OESTE";"Obras na pista";"Colisão frontal";"Com Vítimas Feridas";"Pleno dia";"Decrescente";"Chuva";"Simples";"Reta";"Não";3;0;1;0;1;1;1;3;-26,769157;-53,479385;"SPRF-SC";"DEL07-SC";"UOP03-DEL07-SC"
334850;2021-01-16;"sábado";"17:10:00";"RJ";101;80;"CAMPOS DOS GOYTACAZES";"Transitar na contramão";"Colisão frontal";"Com Vítimas Feridas";"Pleno dia";"Decrescente";"Céu Claro";"Simples";"Reta";"Não";3;0;0;1;2;0;1;2;-21,83453437;-41,43797909;"SPRF-RJ";"DEL08-RJ";"UOP02-DEL08-RJ"
334852;2021-01-16;"sábado";"18:10:00";"SE";101;94,4;"NOSSA SENHORA DO SOCORRO";"Ingestão de álcool pelo condutor";"Saída de leito carroçável";"Sem Vítimas";"Anoitecer";"Decrescente";"Céu Claro";"Dupla";"Reta";"Não";1;0;0;0;0;1;0;1;-10,90732013;-37,15236691;"SPRF-SE";"DEL01-SE";"UOP01-DEL01-SE"
334853;2021-01-16;"sábado";"17:30:00";"GO";40;1,7;"VALPARAISO DE GOIAS";"Condutor deixou de manter distância do veículo da frente";"Colisão traseira";"Sem Vítimas";"Pleno dia";"Crescente";"Céu Claro";"Dupla";"Reta";"Sim";2;0;0;0;2;0;0;2;-16,058245;-47,982825;"SPRF-DF";"DEL01-DF";"UOP01-DEL01-DF"
334854;2021-01-16;"sábado";"18:10:00";"SC";101;275;"IMBITUBA";"Ingestão de álcool pelo condutor";"Colisão com objeto";"Com Vítimas Feridas";"Pleno dia";"Crescente";"Céu Claro";"Dupla";"Reta";"Sim";2;0;1;0;1;0;1;1;-28,151297;-48,692254;"SPRF-SC";"DEL02-SC";"UOP03-DEL02-SC"
334855;2021-01-16;"sábado";"18:10:00";"MG";262;380,3;"JUATUBA";"Velocidade Incompatível";"Saída de leito carroçável";"Com Vítimas Feridas";"Anoitecer";"Crescente";"Nublado";"Dupla";"Curva";"Não";2;0;1;1;0;0;2;1;-19,934838;-44,435147;"SPRF-MG";"DEL01-MG";"UOP03-DEL01-MG"
334858;2021-01-16;"sábado";"18:20:00";"RN";304;24;"MOSSORO";"Demais falhas na via";"Saída de leito carroçável";"Sem Vítimas";"Plena Noite";"Crescente";"Céu Claro";"Simples";"Curva";"Não";4;0;0;0;4;0;0;1;-5,06488233;-37,33287055;"SPRF-RN";"DEL04-RN";"UOP02-DEL04-RN"
334859;2021-01-16;"sábado";"17:10:00";"SC";470;39,9;"GASPAR";"Ultrapassagem Indevida";"Colisão traseira";"Com Vítimas Feridas";"Pleno dia";"Decrescente";"Nublado";"Simples";"Reta";"Não";3;0;2;0;1;0;2;2;-26,897341;-48,986881;"SPRF-SC";"DEL04-SC";"UOP01-DEL04-SC"
334860;2021-01-16;"sábado";"17:50:00";"BA";324;592;"CANDEIAS";"Manobra de mudança de faixa";"Saída de leito carroçável";"Com Vítimas Feridas";"Plena Noite";"Decrescente";"Céu Claro";"Dupla";"Curva";"Não";3;0;2;0;1;0;2;1;-12,69021804;-38,46568118;"SPRF-BA";"DEL01-BA";"UOP01-DEL01-BA"
334861;2021-01-16;"sábado";"18:55:00";"DF";70;17,3;"BRASILIA";"Ingestão de álcool pelo condutor";"Colisão lateral";"Sem Vítimas";"Plena Noite";"Crescente";"Nublado";"Dupla";"Reta";"Não";2;0;0;0;2;0;0;2;-15,794133;-48,202095;"SPRF-DF";"DEL03-DF";"UOP02-DEL03-DF"
334862;2021-01-16;"sábado";"19:00:00";"MG";262;381,3;"JUATUBA";"Velocidade Incompatível";"Saída de leito carroçável";"Com Vítimas Feridas";"Plena Noite";"Decrescente";"Nublado";"Dupla";"Curva";"Não";2;0;1;0;1;0;1;1;-19,940622;-44,386969;"SPRF-MG";"DEL01-MG";"UOP03-DEL01-MG"
334863;2021-01-16;"sábado";"14:00:00";"MT";158;627,8;"AGUA BOA";"Condutor deixou de manter distância do veículo da frente";"Capotamento";"Com Vítimas Feridas";"Pleno dia";"Crescente";"Nublado";"Simples";"Reta";"Não";1;0;1;0;0;0;1;1;-14,50888009;-52,29429484;"SPRF-MT";"DEL07-MT";"UOP02-DEL07-MT"
334865;2021-01-16;"sábado";"19:00:00";"PR";476;138;"CURITIBA";"Velocidade Incompatível";"Colisão com objeto";"Sem Vítimas";"Plena Noite";"Decrescente";"Nublado";"Simples";"Reta";"Sim";1;0;0;0;0;1;0;1;-25,505564;-49,283417;"SPRF-PR";"DEL01-PR";"UOP03-DEL01-PR"
334866;2021-01-16;"sábado";"19:00:00";"RS";392;715,3;"PORTO XAVIER";"Ausência de reação do condutor";"Saída de leito carroçável";"Com Vítimas Feridas";"Anoitecer";"Crescente";"Chuva";"Simples";"Declive;Curva";"Não";2;0;0;2;0;0;2;1;-27,95699988;-55,13418687;"SPRF-RS";"DEL10-RS";"UOP01-DEL10-RS"
334867;2021-01-16;"sábado";"18:35:00";"RJ";493;82;"JAPERI";"Ausência de reação do condutor";"Colisão traseira";"Com Vítimas Feridas";"Anoitecer";"Crescente";"Céu Claro";"Dupla";"Reta";"Não";3;0;1;0;2;0;1;2;-22,66328416;-43,62550735;"SPRF-RJ";"DEL01-RJ";"UOP03-DEL01-RJ"
334868;2021-01-16;"sábado";"12:20:00";"RO";364;835;"PORTO VELHO";"Acumulo de água sobre o pavimento";"Saída de leito carroçável";"Sem Vítimas";"Pleno dia";"Decrescente";"Chuva";"Simples";"Curva";"Não";2;0;0;0;2;0;0;1;-9,36809408;-64,67435289;"SPRF-RO";"DEL01-RO";"UOP02-DEL01-RO"
334869;2021-01-16;"sábado";"19:30:00";"ES";101;160,3;"LINHARES";"Demais falhas mecânicas ou elétricas";"Tombamento";"Com Vítimas Feridas";"Plena Noite";"Decrescente";"Céu Claro";"Simples";"Reta";"Não";1;0;1;0;0;0;1;1;-19,47662979;-40,11402541;"SPRF-ES";"DEL04-ES";"UOP01-DEL04-ES"
334870;2021-01-16;"sábado";"18:15:00";"MS";262;327,8;"CAMPO GRANDE";"Acessar a via sem observar a presença dos outros veículos";"Colisão transversal";"Com Vítimas Feridas";"Plena Noite";"Decrescente";"Nublado";"Simples";"Reta;Retorno Regulamentado";"Sim";3;0;0;2;1;0;2;2;-20,46657314;-54,54372903;"SPRF-MS";"DEL01-MS";"UOP01-DEL01-MS"
334871;2021-01-16;"sábado";"12:20:00";"MS";163;648;"SAO GABRIEL DO OESTE";"Avarias e/ou desgaste excessivo no pneu";"Saída de leito carroçável";"Sem Vítimas";"Pleno dia";"Crescente";"Garoa/Chuvisco";"Simples";"Reta";"Não";1;0;0;0;1;0;0;1;-19,1776549;-54,75383172;"SPRF-MS";"DEL06-MS";"UOP02-DEL06-MS"
334873;2021-01-16;"sábado";"14:30:00";"MG";365;638,9;"UBERLANDIA";"Ausência de reação do condutor";"Saída de leito carroçável";"Sem Vítimas";"Pleno dia";"Crescente";"Nublado";"Dupla";"Reta";"Não";1;0;0;0;0;1;0;1;-18,8883267;-48,44671495;"SPRF-MG";"DEL15-MG";"UOP01-DEL15-MG"
334874;2021-01-16;"sábado";"19:40:00";"MG";381;441;"SABARA";"Demais falhas mecânicas ou elétricas";"Incêndio";"Sem Vítimas";"Plena Noite";"Crescente";"Nublado";"Simples";"Aclive";"Não";1;0;0;0;1;0;0;1;-19,81604176;-43,80389901;"SPRF-MG";"DEL01-MG";"UOP01-DEL01-MG"
334875;2021-01-16;"sábado";"17:50:00";"PR";272;528;"FRANCISCO ALVES";"Pista esburacada";"Saída de leito carroçável";"Com Vítimas Feridas";"Anoitecer";"Crescente";"Chuva";"Simples";"Reta";"Não";1;0;1;0;0;0;1;1;-24,06574623;-53,85125201;"SPRF-PR";"DEL06-PR";"UOP01-DEL06-PR"
334877;2021-01-16;"sábado";"17:45:00";"PR";153;385,4;"MALLET";"Curva acentuada";"Saída de leito carroçável";"Com Vítimas Feridas";"Pleno dia";"Decrescente";"Nublado";"Simples";"Curva";"Não";2;0;2;0;0;0;2;1;-25,84266194;-50,83626789;"SPRF-PR";"DEL02-PR";"UOP04-DEL02-PR"
334879;2021-01-16;"sábado";"19:55:00";"CE";20;420;"MARACANAU";"Ingestão de álcool pelo condutor";"Colisão lateral";"Com Vítimas Feridas";"Plena Noite";"Crescente";"Nublado";"Dupla";"Reta";"Sim";3;0;2;0;1;0;2;2;-3,76999035;-38,67006282;"SPRF-CE";"DEL01-CE";"UOP02-DEL01-CE"
334880;2021-01-16;"sábado";"17:15:00";"RN";427;63,3;"JARDIM DO SERIDO";"Demais falhas mecânicas ou elétricas";"Incêndio";"Sem Vítimas";"Pleno dia";"Decrescente";"Sol";"Simples";"Curva";"Não";1;0;0;0;1;0;0;1;-6,57606854;-36,83493084;"SPRF-RN";"DEL03-RN";"UOP01-DEL03-RN"
334881;2021-01-16;"sábado";"18:30:00";"MS";158;91;"PARANAIBA";"Condutor deixou de manter distância do veículo da frente";"Colisão traseira";"Com Vítimas Feridas";"Plena Noite";"Crescente";"Nublado";"Simples";"Reta";"Não";2;0;1;0;1;0;1;2;-19,656206;-51,203968;"SPRF-MS";"DEL08-MS";"UOP01-DEL08-MS"
334882;2021-01-16;"sábado";"19:15:00";"RJ";116;174;"SAO JOAO DE MERITI";"Reação tardia ou ineficiente do condutor";"Capotamento";"Com Vítimas Feridas";"Plena Noite";"Crescente";"Céu Claro";"Dupla";"Reta";"Sim";1;0;1;0;0;0;1;1;-22,79423806;-43,36403759;"SPRF-RJ";"DEL01-RJ";"UOP02-DEL01-RJ"
334883;2021-01-16;"sábado";"17:30:00";"RS";290;540,4;"ALEGRETE";"Velocidade Incompatível";"Saída de leito carroçável";"Com Vítimas Feridas";"Pleno dia";"Crescente";"Nublado";"Simples";"Curva";"Não";1;0;0;1;0;0;1;1;-29,98192;-55,422497;"SPRF-RS";"DEL13-RS";"UOP02-DEL13-RS"
334884;2021-01-16;"sábado";"20:30:00";"PR";277;690;"SAO MIGUEL DO IGUACU";"Deixar de acionar o farol da motocicleta (ou similar)";"Saída de leito carroçável";"Com Vítimas Feridas";"Plena Noite";"Decrescente";"Nublado";"Dupla";"Declive";"Sim";1;0;1;0;0;0;1;1;-25,3582673;-54,24527283;"SPRF-PR";"DEL05-PR";"UOP01-DEL05-PR"
334885;2021-01-16;"sábado";"20:10:00";"RJ";116;122;"MAGE";"Frear bruscamente";"Engavetamento";"Com Vítimas Feridas";"Plena Noite";"Crescente";"Nublado";"Dupla";"Reta";"Sim";6;0;2;0;4;0;2;4;-22,65690815;-43,08903337;"SPRF-RJ";"DEL04-RJ";"UOP02-DEL04-RJ"
334886;2021-01-16;"sábado";"17:00:00";"RJ";493;21;"MAGE";"Desrespeitar a preferência no cruzamento";"Colisão transversal";"Com Vítimas Feridas";"Pleno dia";"Crescente";"Céu Claro";"Simples";"Retorno Regulamentado";"Sim";2;0;0;1;1;0;1;2;-22,66151289;-43,04480692;"SPRF-RJ";"DEL04-RJ";"UOP02-DEL04-RJ"
334888;2021-01-16;"sábado";"19:00:00";"MT";163;613,5;"NOVA MUTUM";"Pista em desnível";"Capotamento";"Com Vítimas Feridas";"Plena Noite";"Crescente";"Céu Claro";"Simples";"Reta";"Não";1;0;1;0;0;0;1;1;-13,79479843;-56,06675191;"SPRF-MT";"DEL01-MT";"UOP01-DEL01-MT"
334889;2021-01-16;"sábado";"20:40:00";"SC";470;54,5;"BLUMENAU";"Desrespeitar a preferência no cruzamento";"Colisão transversal";"Com Vítimas Feridas";"Plena Noite";"Crescente";"Chuva";"Simples";"Interseção de Vias";"Sim";2;0;1;0;1;0;1;2;-26,87319581;-49,11420822;"SPRF-SC";"DEL04-SC";"UOP01-DEL04-SC"
334891;2021-01-16;"sábado";"21:10:00";"RJ";116;54;"TERESOPOLIS";"Ultrapassagem Indevida";"Colisão frontal";"Com Vítimas Feridas";"Plena Noite";"Crescente";"Céu Claro";"Simples";"Reta";"Não";4;0;2;0;2;0;2;2;-22,20348855;-42,88843108;"SPRF-RJ";"DEL04-RJ";"UOP01-DEL04-RJ"
334892;2021-01-16;"sábado";"21:10:00";"PE";101;51,4;"PAULISTA";"Condutor deixou de manter distância do veículo da frente";"Engavetamento";"Com Vítimas Feridas";"Plena Noite";"Decrescente";"Céu Claro";"Múltipla";"Reta";"Sim";3;0;1;0;2;0;1;3;-7,9169968;-34,89689272;"SPRF-PE";"DEL01-PE";"UOP02-DEL01-PE"
334893;2021-01-16;"sábado";"21:00:00";"SC";282;500,1;"XANXERE";"Ingestão de álcool pelo condutor";"Capotamento";"Sem Vítimas";"Plena Noite";"Decrescente";"Chuva";"Dupla";"Rotatória";"Sim";1;0;0;0;0;1;0;1;-26,881372;-52,37252;"SPRF-SC";"DEL07-SC";"UOP01-DEL07-SC"
334894;2021-01-16;"sábado";"20:50:00";"PR";376;138,3;"NOVA ESPERANCA";"Animais na Pista";"Saída de leito carroçável";"Com Vítimas Feridas";"Plena Noite";"Decrescente";"Chuva";"Dupla";"Curva";"Não";1;0;1;0;0;0;1;1;-23,22308103;-52,17896705;"SPRF-PR";"DEL09-PR";"UOP02-DEL09-PR"
334895;2021-01-16;"sábado";"20:00:00";"PE";232;12,7;"JABOATAO DOS GUARARAPES";"Ingestão de álcool pelo condutor";"Colisão traseira";"Sem Vítimas";"Plena Noite";"Decrescente";"Nublado";"Dupla";"Declive;Reta";"Não";3;0;0;0;3;0;0;3;-8,088134;-35,010084;"SPRF-PE";"DEL01-PE";"UOP01-DEL01-PE"
334897;2021-01-16;"sábado";"18:40:00";"MG";40;232;"SAO GONCALO DO ABAETE";"Ausência de reação do condutor";"Saída de leito carroçável";"Com Vítimas Feridas";"Plena Noite";"Crescente";"Chuva";"Simples";"Reta";"Não";3;0;1;2;0;0;3;1;-18,01562;-45,553455;"SPRF-MG";"DEL14-MG";"UOP02-DEL14-MG"
334898;2021-01-16;"sábado";"19:30:00";"RO";364;340,8;"JI-PARANA";"Ingestão de álcool pelo condutor";"Colisão transversal";"Com Vítimas Feridas";"Plena Noite";"Crescente";"Céu Claro";"Dupla";"Reta";"Sim";5;0;2;0;2;1;2;3;-10,898802;-61,93046;"SPRF-RO";"DEL02-RO";"UOP01-DEL02-RO"
334899;2021-01-16;"sábado";"19:40:00";"PE";428;72,7;"SANTA MARIA DA BOA VISTA";"Animais na Pista";"Saída de leito carroçável";"Com Vítimas Feridas";"Plena Noite";"Crescente";"Céu Claro";"Simples";"Reta";"Não";1;0;0;1;0;0;1;1;-8,71441312;-39,77160215;"SPRF-PE";"DEL06-PE";"UOP03-DEL06-PE"
334900;2021-01-16;"sábado";"17:40:00";"SC";280;229,7;"CANOINHAS";"Ingestão de álcool pelo condutor";"Capotamento";"Com Vítimas Feridas";"Pleno dia";"Decrescente";"Chuva";"Simples";"Reta";"Não";1;0;1;0;0;0;1;1;-26,18663571;-50,35523415;"SPRF-SC";"DEL06-SC";"UOP04-DEL06-SC"
334902;2021-01-16;"sábado";"20:50:00";"SC";101;259,5;"PAULO LOPES";"Velocidade Incompatível";"Colisão com objeto";"Com Vítimas Feridas";"Plena Noite";"Crescente";"Nublado";"Dupla";"Curva";"Não";6;0;3;2;1;0;5;1;-28,013062;-48,695152;"SPRF-SC";"DEL02-SC";"UOP03-DEL02-SC"
334903;2021-01-16;"sábado";"21:35:00";"PB";230;8;"CABEDELO";"Ingestão de álcool pelo condutor";"Colisão com objeto";"Com Vítimas Feridas";"Plena Noite";"Crescente";"Céu Claro";"Dupla";"Em Obras;Curva";"Sim";2;0;2;0;0;0;2;1;-7,04070382;-34,84538198;"SPRF-PB";"DEL01-PB";"UOP01-DEL01-PB"
334904;2021-01-16;"sábado";"22:00:00";"PR";116;61;"CAMPINA GRANDE DO SUL";"Acesso irregular";"Colisão traseira";"Sem Vítimas";"Plena Noite";"Decrescente";"Chuva";"Dupla";"Reta";"Não";2;0;0;0;0;2;0;2;-25,30264645;-48,96353197;"SPRF-PR";"DEL01-PR";"UOP02-DEL01-PR"
334907;2021-01-16;"sábado";"20:44:00";"RJ";116;227;"PIRAI";"Pedestre andava na pista";"Atropelamento de Pedestre";"Com Vítimas Feridas";"Plena Noite";"Crescente";"Nublado";"Dupla";"Curva";"Sim";2;0;1;0;0;1;1;2;-22,66505586;-43,8208548;"SPRF-RJ";"DEL07-RJ";"UOP01-DEL07-RJ"
334908;2021-01-16;"sábado";"23:00:00";"SE";235;54;"ITABAIANA";"Mal súbito do condutor";"Tombamento";"Com Vítimas Feridas";"Plena Noite";"Crescente";"Céu Claro";"Simples";"Reta";"Sim";1;0;1;0;0;0;1;1;-10,676047;-37,443279;"SPRF-SE";"DEL01-SE";"UOP02-DEL01-SE"
334909;2021-01-16;"sábado";"21:15:00";"MT";364;206;"RONDONOPOLIS";"Afundamento ou ondulação no pavimento";"Queda de ocupante de veículo";"Com Vítimas Feridas";"Plena Noite";"Crescente";"Garoa/Chuvisco";"Simples";"Reta";"Sim";1;0;1;0;0;0;1;1;-16,45124779;-54,66469557;"SPRF-MT";"DEL02-MT";"UOP01-DEL02-MT"
334910;2021-01-16;"sábado";"20:32:00";"PE";101;69,5;"RECIFE";"Ingestão de álcool pelo condutor";"Saída de leito carroçável";"Com Vítimas Feridas";"Plena Noite";"Crescente";"Nublado";"Dupla";"Curva";"Não";1;0;1;0;0;0;1;1;-8,0656033;-34,9443233;"SPRF-PE";"DEL01-PE";"UOP01-DEL01-PE"
334911;2021-01-16;"sábado";"22:50:00";"MS";163;462,4;"CAMPO GRANDE";"Entrada inopinada do pedestre";"Atropelamento de Pedestre";"Com Vítimas Fatais";"Plena Noite";"Crescente";"Céu Claro";"Simples";"Reta";"Não";7;2;2;0;3;0;2;2;-20,62069293;-54,5742707;"SPRF-MS";"DEL01-MS";"UOP01-DEL01-MS"
334912;2021-01-16;"sábado";"23:00:00";"PE";232;254,4;"ARCOVERDE";"Reação tardia ou ineficiente do condutor";"Colisão traseira";"Com Vítimas Feridas";"Plena Noite";"Decrescente";"Céu Claro";"Simples";"Reta";"Sim";6;0;2;3;1;0;5;2;-8,41875994;-37,07859892;"SPRF-PE";"DEL03-PE";"UOP02-DEL03-PE"
334913;2021-01-16;"sábado";"19:45:00";"AM";174;986;"PRESIDENTE FIGUEIREDO";"Reação tardia ou ineficiente do condutor";"Colisão com objeto";"Sem Vítimas";"Plena Noite";"Crescente";"Céu Claro";"Simples";"Rotatória";"Não";1;0;0;0;0;1;0;1;-2,08062563;-60,00746369;"SPRF-AM";"DEL01-AM";"UOP02-DEL01-AM"
334914;2021-01-16;"sábado";"23:55:00";"GO";70;10,5;"AGUAS LINDAS DE GOIAS";"Ingestão de álcool pelo condutor";"Capotamento";"Sem Vítimas";"Plena Noite";"Crescente";"Nublado";"Dupla";"Reta";"Sim";2;0;0;0;2;0;0;1;-15,73738129;-48,29228118;"SPRF-DF";"DEL03-DF";"UOP02-DEL03-DF"
334916;2021-01-17;"domingo";"00:10:00";"RS";116;243;"SAO LEOPOLDO";"Ingestão de álcool pelo condutor";"Colisão com objeto";"Com Vítimas Feridas";"Plena Noite";"Crescente";"Céu Claro";"Dupla";"Reta";"Não";3;0;3;0;0;0;3;1;-29,73196199;-51,14952004;"SPRF-RS";"DEL01-RS";"UOP02-DEL01-RS"
334917;2021-01-17;"domingo";"00:05:00";"RJ";116;165;"SAO JOAO DE MERITI";"Acessar a via sem observar a presença dos outros veículos";"Colisão lateral";"Com Vítimas Feridas";"Plena Noite";"Crescente";"Céu Claro";"Dupla";"Reta";"Sim";3;0;1;0;2;0;1;2;-22,8106813;-43,334198;"SPRF-RJ";"DEL01-RJ";"UOP01-DEL01-RJ"
334918;2021-01-17;"domingo";"00:04:00";"RR";174;498;"BOA VISTA";"Acessar a via sem observar a presença dos outros veículos";"Colisão transversal";"Com Vítimas Feridas";"Plena Noite";"Decrescente";"Céu Claro";"Dupla";"Interseção de Vias";"Sim";2;0;2;0;0;0;2;2;2,767734;-60,720005;"SPRF-RR";"DEL01-RR";"UOP01-DEL01-RR"
334920;2021-01-17;"domingo";"00:46:00";"SP";381;40;"ATIBAIA";"Reação tardia ou ineficiente do condutor";"Tombamento";"Com Vítimas Feridas";"Plena Noite";"Decrescente";"Céu Claro";"Múltipla";"Reta";"Sim";1;0;1;0;0;0;1;1;-23,12997498;-46,5767598;"SPRF-SP";"DEL03-SP";"UOP01-DEL03-SP"
334921;2021-01-17;"domingo";"00:01:00";"MT";163;774;"SORRISO";"Pista Escorregadia";"Saída de leito carroçável";"Com Vítimas Feridas";"Plena Noite";"Crescente";"Chuva";"Simples";"Reta";"Não";1;0;1;0;0;0;1;1;-12,48998414;-55,68296474;"SPRF-MT";"DEL06-MT";"UOP01-DEL06-MT"
334922;2021-01-17;"domingo";"00:40:00";"RS";470;178;"VERANOPOLIS";"Condutor desrespeitou a iluminação vermelha do semáforo";"Colisão transversal";"Sem Vítimas";"Plena Noite";"Decrescente";"Céu Claro";"Simples";"Reta";"Sim";2;0;0;0;2;0;0;2;-28,94753484;-51,55413312;"SPRF-RS";"DEL06-RS";"UOP02-DEL06-RS"
334924;2021-01-17;"domingo";"00:20:00";"RJ";356;174,5;"SAO JOAO DA BARRA";"Ingestão de álcool pelo condutor";"Saída de leito carroçável";"Com Vítimas Fatais";"Plena Noite";"Decrescente";"Céu Claro";"Simples";"Interseção de Vias";"Sim";5;1;1;3;0;0;4;1;-21,71824125;-41,0574317;"SPRF-RJ";"DEL08-RJ";"UOP02-DEL08-RJ"
334925;2021-01-16;"sábado";"23:20:00";"PR";277;696;"SAO MIGUEL DO IGUACU";"Reação tardia ou ineficiente do condutor";"Colisão traseira";"Com Vítimas Feridas";"Plena Noite";"Crescente";"Nublado";"Dupla";"Declive";"Não";3;0;2;0;0;1;2;2;-25,38683788;-54,29509407;"SPRF-PR";"DEL05-PR";"UOP01-DEL05-PR"
334926;2021-01-17;"domingo";"00:05:00";"SC";480;123,7;"CHAPECO";"Ingestão de álcool pelo condutor";"Colisão com objeto";"Sem Vítimas";"Plena Noite";"Crescente";"Céu Claro";"Dupla";"Reta;Declive;Viaduto";"Não";1;0;0;0;0;1;0;1;-26,99739704;-52,64201951;"SPRF-SC";"DEL07-SC";"UOP01-DEL07-SC"
334927;2021-01-17;"domingo";"01:30:00";"SC";101;257,3;"PAULO LOPES";"Avarias e/ou desgaste excessivo no pneu";"Saída de leito carroçável";"Com Vítimas Feridas";"Plena Noite";"Decrescente";"Chuva";"Simples";"Curva;Declive";"Não";2;0;2;0;0;0;2;1;-28,001034;-48,689733;"SPRF-SC";"DEL02-SC";"UOP03-DEL02-SC"
334928;2021-01-17;"domingo";"01:25:00";"RJ";116;185;"NOVA IGUACU";"Animais na Pista";"Capotamento";"Com Vítimas Feridas";"Plena Noite";"Decrescente";"Céu Claro";"Dupla";"Reta";"Sim";1;0;1;0;0;0;1;1;-22,74151051;-43,45351823;"SPRF-RJ";"DEL01-RJ";"UOP02-DEL01-RJ"
334929;2021-01-17;"domingo";"02:15:00";"SC";101;442,1;"SANTA ROSA DO SUL";"Condutor Dormindo";"Colisão com objeto";"Com Vítimas Feridas";"Plena Noite";"Crescente";"Nublado";"Dupla";"Reta";"Sim";1;0;1;0;0;0;1;1;-29,13192564;-49,69564861;"SPRF-SC";"DEL02-SC";"UOP02-DEL02-SC"
334930;2021-01-17;"domingo";"01:31:00";"RR";174;501;"BOA VISTA";"Ausência de reação do condutor";"Colisão traseira";"Com Vítimas Feridas";"Plena Noite";"Crescente";"Ignorado";"Dupla";"Curva";"Sim";3;0;1;0;2;0;1;2;2,781689;-60,703827;"SPRF-RR";"DEL01-RR";"UOP01-DEL01-RR"