"id";"data_inversa";"dia_semana";"horario";"uf";"br";"km";"municipio";"causa_acidente";"tipo_acidente";"classificacao_acidente";"fase_dia";"sentido_via";"condicao_metereologica";"tipo_pista";"tracado_via";"uso_solo";"pessoas";"mortos";"feridos_leves";"feridos_graves";"ilesos";"ignorados";"feridos";"veiculos";"latitude";"longitude";"regional";"delegacia";"uop"
334931;2021-01-17;"domingo";"01:45:00";"PR";277;107;"CURITIBA";"Ingestão de álcool pelo condutor";"Saída de leito carroçável";"Sem Vítimas";"Plena Noite";"Crescente";"Nublado";"Dupla";"Curva";"Sim";1;0;0;0;1;0;0;1;-25,47157895;-49,35341791;"SPRF-PR";"DEL01-PR";"UOP01-DEL01-PR"
334932;2021-01-16;"sábado";"17:15:00";"GO";60;323;"ACREUNA";"Acumulo de água sobre o pavimento";"Saída de leito carroçável";"Com Vítimas Feridas";"Pleno dia";"Crescente";"Chuva";"Dupla";"Reta";"Não";2;0;1;0;1;0;1;1;-17,5078671;-50,47289729;"SPRF-GO";"DEL04-GO";"UOP01-DEL04-GO"
334934;2021-01-17;"domingo";"02:00:00";"MS";163;159,4;"JUTI";"Ausência de reação do condutor";"Saída de leito carroçável";"Sem Vítimas";"Plena Noite";"Crescente";"Garoa/Chuvisco";"Simples";"Reta";"Não";1;0;0;0;1;0;0;1;-22,92559705;-54,50382002;"SPRF-MS";"DEL09-MS";"UOP01-DEL09-MS"
334936;2021-01-17;"domingo";"03:00:00";"ES";101;421;"CACHOEIRO DE ITAPEMIRIM";"Ausência de reação do condutor";"Colisão com objeto";"Com Vítimas Feridas";"Plena Noite";"Decrescente";"Céu Claro";"Simples";"Curva";"Não";2;0;2;0;0;0;2;1;-20,97396984;-41,11067322;"SPRF-ES";"DEL03-ES";"UOP02-DEL03-ES"
334937;2021-01-17;"domingo";"03:50:00";"SC";101;80,7;"BARRA VELHA";"Ingestão de substâncias psicoativas pelo condutor";"Colisão traseira";"Com Vítimas Feridas";"Plena Noite";"Decrescente";"Céu Claro";"Dupla";"Curva;Declive";"Não";2;0;1;0;1;0;1;2;-26,59441996;-48,72183309;"SPRF-SC";"DEL03-SC";"UOP02-DEL03-SC"
334938;2021-01-17;"domingo";"04:15:00";"CE";116;16,9;"ITAITINGA";"Velocidade Incompatível";"Colisão com objeto";"Com Vítimas Feridas";"Plena Noite";"Decrescente";"Céu Claro";"Dupla";"Reta";"Sim";1;0;0;1;0;0;1;1;-3,88732794;-38,50185439;"SPRF-CE";"DEL01-CE";"UOP02-DEL01-CE"
334939;2021-01-17;"domingo";"04:30:00";"PR";369;157,9;"LONDRINA";"Condutor Dormindo";"Colisão com objeto";"Com Vítimas Feridas";"Plena Noite";"Crescente";"Nublado";"Dupla";"Declive;Curva";"Sim";3;0;3;0;0;0;3;1;-23,28534361;-51,23349935;"SPRF-PR";"DEL07-PR";"UOP01-DEL07-PR"
334941;2021-01-17;"domingo";"05:00:00";"GO";153;429,5;"ANAPOLIS";"Velocidade Incompatível";"Saída de leito carroçável";"Sem Vítimas";"Amanhecer";"Crescente";"Céu Claro";"Simples";"Reta";"Sim";1;0;0;0;1;0;0;1;-16,245422;-49,001404;"SPRF-GO";"DEL02-GO";"UOP01-DEL02-GO"
334942;2021-01-17;"domingo";"05:50:00";"PR";277;181,9;"PALMEIRA";"Velocidade Incompatível";"Saída de leito carroçável";"Com Vítimas Feridas";"Amanhecer";"Crescente";"Chuva";"Simples";"Reta";"Não";1;0;0;1;0;0;1;1;-25,42886433;-50,02941398;"SPRF-PR";"DEL03-PR";"UOP03-DEL03-PR"
334943;2021-01-17;"domingo";"05:00:00";"SC";116;52,1;"PAPANDUVA";"Ingestão de álcool e/ou substâncias psicoativas pelo pedestre";"Tombamento";"Sem Vítimas";"Amanhecer";"Crescente";"Chuva";"Simples";"Reta";"Não";1;0;0;0;1;0;0;1;-26,39008273;-50,14576709;"SPRF-SC";"DEL06-SC";"UOP01-DEL06-SC"
334945;2021-01-17;"domingo";"04:10:00";"ES";101;101,9;"SOORETAMA";"Condutor Dormindo";"Colisão com objeto";"Com Vítimas Feridas";"Plena Noite";"Decrescente";"Céu Claro";"Simples";"Ponte";"Não";5;0;5;0;0;0;5;1;-18,98833904;-39,99933491;"SPRF-ES";"DEL04-ES";"UOP01-DEL04-ES"
334946;2021-01-17;"domingo";"05:50:00";"SP";116;225;"GUARULHOS";"Ausência de reação do condutor";"Colisão com objeto";"Com Vítimas Feridas";"Pleno dia";"Crescente";"Céu Claro";"Múltipla";"Reta";"Sim";2;0;2;0;0;0;2;1;-23,48586772;-46,54075317;"SPRF-SP";"DEL01-SP";"UOP01-DEL01-SP"
334947;2021-01-17;"domingo";"05:40:00";"GO";153;507,7;"APARECIDA DE GOIANIA";"Ingestão de álcool pelo condutor";"Colisão lateral sentido oposto";"Sem Vítimas";"Amanhecer";"Crescente";"Garoa/Chuvisco";"Múltipla";"Declive";"Sim";2;0;0;0;2;0;0;2;-16,76896011;-49,23932791;"SPRF-GO";"DEL01-GO";"UOP03-DEL01-GO"
334948;2021-01-17;"domingo";"04:45:00";"RR";174;499;"BOA VISTA";"Ingestão de álcool pelo condutor";"Queda de ocupante de veículo";"Com Vítimas Feridas";"Plena Noite";"Decrescente";"Ignorado";"Dupla";"Reta";"Sim";1;0;1;0;0;0;1;1;2,772157;-60,714409;"SPRF-RR";"DEL01-RR";"UOP01-DEL01-RR"
334949;2021-01-17;"domingo";"05:50:00";"SP";116;286;"ITAPECERICA DA SERRA";"Ingestão de álcool pelo condutor";"Colisão com objeto";"Sem Vítimas";"Amanhecer";"Decrescente";"Céu Claro";"Dupla";"Reta";"Não";1;0;0;0;1;0;0;1;-23,70925128;-46,87588966;"SPRF-SP";"DEL04-SP";"UOP01-DEL04-SP"
334950;2021-01-17;"domingo";"06:15:00";"ES";101;269;"SERRA";"Curva acentuada";"Tombamento";"Com Vítimas Feridas";"Amanhecer";"Crescente";"Céu Claro";"Dupla";"Curva";"Sim";1;0;0;1;0;0;1;1;-20,22662056;-40,27075088;"SPRF-ES";"DEL02-ES";"UOP01-DEL02-ES"
334952;2021-01-17;"domingo";"02:05:00";"SC";101;163;"TIJUCAS";"Ausência de reação do condutor";"Saída de leito carroçável";"Sem Vítimas";"Plena Noite";"Decrescente";"Chuva";"Dupla";"Reta";"Sim";1;0;0;0;0;1;0;1;-27,23461699;-48,63039809;"SPRF-SC";"DEL04-SC";"UOP03-DEL04-SC"
334953;2021-01-17;"domingo";"06:35:00";"DF";20;23;"BRASILIA";"Ingestão de álcool pelo condutor";"Colisão lateral mesmo sentido";"Sem Vítimas";"Pleno dia";"Decrescente";"Céu Claro";"Dupla";"Curva";"Não";3;0;0;0;3;0;0;2;-15,595297;-47,667912;"SPRF-DF";"DEL02-DF";"UOP01-DEL02-DF"
334954;2021-01-17;"domingo";"05:40:00";"MA";222;672,1;"ACAILANDIA";"Transitar na contramão";"Colisão frontal";"Com Vítimas Feridas";"Amanhecer";"Decrescente";"Céu Claro";"Simples";"Reta";"Sim";2;0;0;1;1;0;1;2;-4,94627543;-47,47457385;"SPRF-MA";"DEL04-MA";"UOP03-DEL04-MA"
334955;2021-01-17;"domingo";"06:40:00";"GO";60;71,3;"ANAPOLIS";"Ausência de reação do condutor";"Saída de leito carroçável";"Com Vítimas Feridas";"Pleno dia";"Crescente";"Nublado";"Dupla";"Curva";"Não";2;0;1;1;0;0;2;1;-16,2551;-48,7628;"SPRF-GO";"DEL02-GO";"UOP01-DEL02-GO"
334956;2021-01-17;"domingo";"07:10:00";"GO";153;438;"ANAPOLIS";"Condutor Dormindo";"Saída de leito carroçável";"Sem Vítimas";"Pleno dia";"Crescente";"Céu Claro";"Dupla";"Reta";"Sim";1;0;0;0;1;0;0;1;-16,291595;-48,934811;"SPRF-GO";"DEL02-GO";"UOP01-DEL02-GO"
334957;2021-01-17;"domingo";"07:50:00";"SP";116;220,2;"GUARULHOS";"Avarias e/ou desgaste excessivo no pneu";"Tombamento";"Com Vítimas Feridas";"Pleno dia";"Crescente";"Céu Claro";"Múltipla";"Reta";"Sim";2;0;2;0;0;0;2;1;-23,46472809;-46,49793962;"SPRF-SP";"DEL01-SP";"UOP01-DEL01-SP"
334958;2021-01-17;"domingo";"07:40:00";"MS";267;29,9;"BATAGUASSU";"Desrespeitar a preferência no cruzamento";"Colisão traseira";"Com Vítimas Feridas";"Pleno dia";"Crescente";"Nublado";"Dupla";"Reta;Interseção de Vias";"Sim";2;0;1;0;1;0;1;2;-21,71956689;-52,42426872;"SPRF-MS";"DEL02-MS";"UOP04-DEL02-MS"
334964;2021-01-17;"domingo";"07:00:00";"SC";101;368,4;"SANGAO";"Condutor Dormindo";"Saída de leito carroçável";"Com Vítimas Feridas";"Pleno dia";"Crescente";"Sol";"Dupla";"Curva";"Sim";1;0;1;0;0;0;1;1;-28,70052584;-49,19471741;"SPRF-SC";"DEL02-SC";"UOP01-DEL02-SC"
334965;2021-01-17;"domingo";"09:20:00";"SP";381;22;"BRAGANCA PAULISTA";"Velocidade Incompatível";"Tombamento";"Com Vítimas Feridas";"Pleno dia";"Decrescente";"Céu Claro";"Múltipla";"Reta";"Sim";1;0;1;0;0;0;1;1;-22,99697186;-46,5163051;"SPRF-SP";"DEL03-SP";"UOP01-DEL03-SP"
334967;2021-01-17;"domingo";"09:30:00";"RJ";393;280;"BARRA DO PIRAI";"Acessar a via sem observar a presença dos outros veículos";"Colisão transversal";"Com Vítimas Feridas";"Pleno dia";"Crescente";"Céu Claro";"Simples";"Reta";"Sim";2;0;1;0;1;0;1;2;-22,47750785;-44,01954402;"SPRF-RJ";"DEL05-RJ";"UOP04-DEL05-RJ"
334972;2021-01-17;"domingo";"09:40:00";"ES";259;7;"JOAO NEIVA";"Manobra de mudança de faixa";"Capotamento";"Com Vítimas Feridas";"Pleno dia";"Decrescente";"Sol";"Simples";"Reta";"Não";4;0;4;0;0;0;4;1;-19,68870615;-40,38869427;"SPRF-ES";"DEL02-ES";"UOP01-DEL02-ES"
334973;2021-01-17;"domingo";"10:00:00";"PI";316;307,3;"PICOS";"Acessar a via sem observar a presença dos outros veículos";"Colisão transversal";"Com Vítimas Feridas";"Pleno dia";"Decrescente";"Céu Claro";"Simples";"Aclive";"Sim";4;0;0;2;2;0;2;2;-7,07827269;-41,50174881;"SPRF-PI";"DEL04-PI";"UOP01-DEL04-PI"
334975;2021-01-16;"sábado";"19:00:00";"PE";316;304;"FLORESTA";"Ingestão de álcool pelo condutor";"Saída de leito carroçável";"Sem Vítimas";"Plena Noite";"Decrescente";"Céu Claro";"Simples";"Interseção de Vias";"Sim";2;0;0;0;2;0;0;1;-8,60847476;-38,56985503;"SPRF-PE";"DEL04-PE";"UOP03-DEL04-PE"
334976;2021-01-17;"domingo";"09:00:00";"MT";364;460;"VARZEA GRANDE";"Chuva";"Saída de leito carroçável";"Com Vítimas Feridas";"Pleno dia";"Crescente";"Chuva";"Simples";"Curva";"Não";1;0;1;0;0;0;1;1;-15,473801;-56,304263;"SPRF-MT";"DEL01-MT";"UOP02-DEL01-MT"
334979;2021-01-17;"domingo";"11:30:00";"SC";101;153;"PORTO BELO";"Reação tardia ou ineficiente do condutor";"Colisão lateral mesmo sentido";"Com Vítimas Feridas";"Pleno dia";"Decrescente";"Nublado";"Dupla";"Reta";"Sim";2;0;1;0;1;0;1;2;-27,144717;-48,61063935;"SPRF-SC";"DEL04-SC";"UOP03-DEL04-SC"
334980;2021-01-17;"domingo";"12:00:00";"SC";282;16,4;"PALHOCA";"Acessar a via sem observar a presença dos outros veículos";"Colisão transversal";"Com Vítimas Feridas";"Pleno dia";"Crescente";"Céu Claro";"Simples";"Reta";"Sim";2;0;2;0;0;0;2;2;-27,658611;-48,681847;"SPRF-SC";"DEL01-SC";"UOP02-DEL01-SC"
334982;2021-01-17;"domingo";"11:30:00";"MG";40;597,3;"OURO PRETO";"Reação tardia ou ineficiente do condutor";"Colisão traseira";"Sem Vítimas";"Pleno dia";"Crescente";"Céu Claro";"Dupla";"Reta;Declive;Interseção de Vias";"Não";3;0;0;0;3;0;0;2;-20,41730221;-43,88841571;"SPRF-MG";"DEL05-MG";"UOP02-DEL05-MG"
334985;2021-01-17;"domingo";"12:45:00";"PR";277;229,8;"FERNANDES PINHEIRO";"Chuva";"Colisão lateral";"Com Vítimas Feridas";"Pleno dia";"Decrescente";"Chuva";"Simples";"Curva";"Não";5;0;4;0;1;0;4;3;-25,466391;-50,53405;"SPRF-PR";"DEL03-PR";"UOP03-DEL03-PR"
334986;2021-01-17;"domingo";"12:00:00";"MG";381;487,5;"BETIM";"Manobra de mudança de faixa";"Colisão lateral mesmo sentido";"Com Vítimas Feridas";"Pleno dia";"Crescente";"Sol";"Dupla";"Reta";"Sim";2;0;1;0;1;0;1;2;-19,95586853;-44,14609501;"SPRF-MG";"DEL01-MG";"UOP03-DEL01-MG"
334987;2021-01-17;"domingo";"12:30:00";"PR";476;125;"CURITIBA";"Manobra de mudança de faixa";"Colisão lateral mesmo sentido";"Com Vítimas Feridas";"Pleno dia";"Decrescente";"Nublado";"Múltipla";"Interseção de Vias";"Sim";2;0;1;0;1;0;1;2;-25,4083;-49,219658;"SPRF-PR";"DEL01-PR";"UOP03-DEL01-PR"
334989;2021-01-17;"domingo";"12:36:00";"PE";101;96,9;"CABO DE SANTO AGOSTINHO";"Conversão proibida";"Colisão lateral mesmo sentido";"Com Vítimas Feridas";"Pleno dia";"Decrescente";"Céu Claro";"Múltipla";"Reta";"Não";3;0;0;2;0;1;2;2;-8,26468;-35,017535;"SPRF-PE";"DEL01-PE";"UOP03-DEL01-PE"
334991;2021-01-17;"domingo";"13:10:00";"SP";488;2;"APARECIDA";"Ultrapassagem Indevida";"Colisão lateral mesmo sentido";"Com Vítimas Feridas";"Pleno dia";"Decrescente";"Céu Claro";"Dupla";"Rotatória";"Sim";2;0;1;0;1;0;1;2;-22,849216;-45,236801;"SPRF-SP";"DEL08-SP";"UOP01-DEL08-SP"
334993;2021-01-17;"domingo";"13:15:00";"BA";235;350;"JUAZEIRO";"Transitar na contramão";"Colisão transversal";"Com Vítimas Feridas";"Pleno dia";"Decrescente";"Céu Claro";"Simples";"Reta";"Sim";3;0;2;0;0;1;2;2;-9,42605304;-40,50536871;"SPRF-PE";"DEL06-PE";"UOP01-DEL06-PE"
334994;2021-01-17;"domingo";"12:15:00";"MG";381;567;"ITAGUARA";"Demais falhas mecânicas ou elétricas";"Incêndio";"Sem Vítimas";"Pleno dia";"Decrescente";"Nublado";"Dupla";"Curva";"Não";1;0;0;0;1;0;0;1;-20,42174833;-44,53677185;"SPRF-MG";"DEL04-MG";"UOP03-DEL04-MG"
334995;2021-01-17;"domingo";"09:01:00";"MT";364;564;"NOBRES";"Pista Escorregadia";"Saída de leito carroçável";"Com Vítimas Feridas";"Pleno dia";"Crescente";"Chuva";"Dupla";"Curva";"Não";1;0;1;0;0;0;1;1;-14,76958479;-56,35495817;"SPRF-MT";"DEL01-MT";"UOP01-DEL01-MT"
334998;2021-01-17;"domingo";"13:23:00";"RS";290;54;"GLORINHA";"Ingestão de álcool pelo condutor";"Colisão lateral";"Com Vítimas Feridas";"Pleno dia";"Crescente";"Nublado";"Dupla";"Reta";"Não";3;0;2;0;1;0;2;2;-29,912631;-50,798708;"SPRF-RS";"DEL03-RS";"UOP01-DEL03-RS"
334999;2021-01-17;"domingo";"13:50:00";"PA";222;233;"MARABA";"Ingestão de álcool pelo condutor";"Colisão frontal";"Com Vítimas Fatais";"Pleno dia";"Crescente";"Sol";"Simples";"Curva";"Não";9;2;3;1;1;2;4;4;-5,260967;-49,068123;"SPRF-PA";"DEL03-PA";"UOP01-DEL03-PA"
335000;2021-01-17;"domingo";"13:26:00";"RS";290;60;"GRAVATAI";"Condutor deixou de manter distância do veículo da frente";"Colisão traseira";"Com Vítimas Feridas";"Pleno dia";"Crescente";"Nublado";"Múltipla";"Reta";"Sim";2;0;1;0;1;0;1;2;-29,924629;-50,858951;"SPRF-RS";"DEL03-RS";"UOP01-DEL03-RS"
335001;2021-01-17;"domingo";"13:30:00";"MT";70;382;"CAMPO VERDE";"Acessar a via sem observar a presença dos outros veículos";"Colisão transversal";"Com Vítimas Feridas";"Pleno dia";"Crescente";"Céu Claro";"Simples";"Reta";"Sim";2;0;1;0;1;0;1;2;-15,54800952;-55,16254663;"SPRF-MT";"DEL05-MT";"UOP02-DEL05-MT"
335002;2021-01-17;"domingo";"14:45:00";"SC";470;141,8;"RIO DO SUL";"Ausência de reação do condutor";"Tombamento";"Com Vítimas Feridas";"Pleno dia";"Crescente";"Nublado";"Simples";"Reta";"Não";2;0;2;0;0;0;2;1;-27,226065;-49,666161;"SPRF-SC";"DEL04-SC";"UOP02-DEL04-SC"
335006;2021-01-17;"domingo";"12:35:00";"PR";376;348,6;"ORTIGUEIRA";"Reação tardia ou ineficiente do condutor";"Saída de leito carroçável";"Com Vítimas Feridas";"Pleno dia";"Decrescente";"Chuva";"Simples";"Reta;Aclive";"Não";2;0;2;0;0;0;2;1;-24,19378;-50,9564;"SPRF-PR";"DEL07-PR";"UOP03-DEL07-PR"
335007;2021-01-17;"domingo";"13:45:00";"RS";386;49,8;"SEBERI";"Velocidade Incompatível";"Saída de leito carroçável";"Com Vítimas Feridas";"Pleno dia";"Decrescente";"Nublado";"Simples";"Reta";"Não";12;0;12;0;0;0;12;1;-27,482555;-53,392845;"SPRF-RS";"DEL08-RS";"UOP02-DEL08-RS"
335009;2021-01-17;"domingo";"12:40:00";"PE";424;87,6;"GARANHUNS";"Retorno proibido";"Colisão transversal";"Sem Vítimas";"Pleno dia";"Crescente";"Céu Claro";"Simples";"Declive";"Sim";2;0;0;0;2;0;0;2;-8,874289;-36,507607;"SPRF-PE";"DEL03-PE";"UOP01-DEL03-PE"
335010;2021-01-17;"domingo";"15:00:00";"CE";222;8,9;"CAUCAIA";"Falta de elemento de contenção que evite a saída do leito carroçável";"Colisão com objeto";"Com Vítimas Feridas";"Pleno dia";"Crescente";"Sol";"Dupla";"Reta";"Sim";1;0;1;0;0;0;1;1;-3,75363558;-38,63803121;"SPRF-CE";"DEL01-CE";"UOP01-DEL01-CE"
335011;2021-01-17;"domingo";"15:25:00";"SP";381;38;"ATIBAIA";"Reação tardia ou ineficiente do condutor";"Capotamento";"Com Vítimas Feridas";"Pleno dia";"Decrescente";"Sol";"Dupla";"Reta";"Não";2;0;2;0;0;0;2;1;-23,1133221;-46,57174974;"SPRF-SP";"DEL03-SP";"UOP01-DEL03-SP"
335012;2021-01-17;"domingo";"14:45:00";"MA";135;9;"SAO LUIS";"Avarias e/ou desgaste excessivo no pneu";"Queda de ocupante de veículo";"Com Vítimas Feridas";"Pleno dia";"Crescente";"Céu Claro";"Dupla";"Reta";"Sim";2;0;2;0;0;0;2;1;-2,64941425;-44,28038883;"SPRF-MA";"DEL01-MA";"UOP01-DEL01-MA"
335013;2021-01-17;"domingo";"11:00:00";"CE";222;302,6;"TIANGUA";"Demais falhas mecânicas ou elétricas";"Incêndio";"Sem Vítimas";"Pleno dia";"Crescente";"Céu Claro";"Simples";"Curva;Aclive";"Não";1;0;0;0;1;0;0;1;-3,66080397;-40,94779895;"SPRF-CE";"DEL04-CE";"UOP02-DEL04-CE"
335015;2021-01-16;"sábado";"17:30:00";"MT";163;982;"TERRA NOVA DO NORTE";"Chuva";"Saída de leito carroçável";"Sem Vítimas";"Anoitecer";"Crescente";"Chuva";"Simples";"Curva";"Não";1;0;0;0;0;1;0;1;-10,65528804;-55,12981058;"SPRF-MT";"DEL06-MT";"NPF/DEL06-MT"
335016;2021-01-17;"domingo";"15:00:00";"MG";381;696,9;"LAVRAS";"Avarias e/ou desgaste excessivo no pneu";"Saída de leito carroçável";"Com Vítimas Feridas";"Pleno dia";"Crescente";"Sol";"Dupla";"Reta";"Não";3;0;2;0;1;0;2;1;-21,28522379;-45,14051435;"SPRF-MG";"DEL04-MG";"UOP02-DEL04-MG"
335017;2021-01-17;"domingo";"15:20:00";"RJ";101;465;"ANGRA DOS REIS";"Demais falhas mecânicas ou elétricas";"Incêndio";"Sem Vítimas";"Pleno dia";"Decrescente";"Céu Claro";"Simples";"Reta";"Não";1;0;0;0;1;0;0;1;-23,01394132;-44,21022892;"SPRF-RJ";"DEL03-RJ";"UOP03-DEL03-RJ"
335018;2021-01-17;"domingo";"15:45:00";"PR";277;105;"CAMPO LARGO";"Avarias e/ou desgaste excessivo no pneu";"Saída de leito carroçável";"Com Vítimas Feridas";"Pleno dia";"Decrescente";"Chuva";"Dupla";"Curva";"Sim";2;0;1;0;1;0;1;1;-25,43152918;-49,42127884;"SPRF-PR";"DEL01-PR";"UOP01-DEL01-PR"
335020;2021-01-17;"domingo";"15:50:00";"SC";101;80;"ARAQUARI";"Frear bruscamente";"Colisão traseira";"Com Vítimas Feridas";"Pleno dia";"Decrescente";"Sol";"Dupla";"Reta";"Não";3;0;2;0;1;0;2;2;-26,59441996;-48,72183309;"SPRF-SC";"DEL03-SC";"UOP02-DEL03-SC"
335021;2021-01-17;"domingo";"15:40:00";"PR";116;122,9;"CURITIBA";"Reação tardia ou ineficiente do condutor";"Saída de leito carroçável";"Sem Vítimas";"Pleno dia";"Crescente";"Sol";"Dupla";"Reta";"Não";1;0;0;0;0;1;0;1;-25,56857207;-49,31023179;"SPRF-PR";"DEL01-PR";"UOP03-DEL01-PR"
335023;2021-01-17;"domingo";"15:30:00";"SE";101;9;"CEDRO DE SAO JOAO";"Velocidade Incompatível";"Capotamento";"Com Vítimas Feridas";"Pleno dia";"Decrescente";"Céu Claro";"Dupla";"Curva";"Não";1;0;0;1;0;0;1;1;-10,27168159;-36,8698989;"SPRF-SE";"DEL02-SE";"UOP02-DEL02-SE"
335025;2021-01-17;"domingo";"16:20:00";"PR";376;193;"MARIALVA";"Acumulo de água sobre o pavimento";"Colisão traseira";"Com Vítimas Feridas";"Pleno dia";"Decrescente";"Chuva";"Dupla";"Reta;Declive";"Não";3;0;2;0;1;0;2;2;-23,4897419;-51,78941697;"SPRF-PR";"DEL09-PR";"UOP01-DEL09-PR"
335026;2021-01-17;"domingo";"15:30:00";"PR";376;125;"ALTO PARANA";"Chuva";"Tombamento";"Com Vítimas Feridas";"Pleno dia";"Crescente";"Chuva";"Dupla";"Reta";"Não";1;0;1;0;0;0;1;1;-23,14972357;-52,27427368;"SPRF-PR";"DEL09-PR";"UOP02-DEL09-PR"
335027;2021-01-17;"domingo";"15:30:00";"ES";262;5,5;"CARIACICA";"Condutor desrespeitou a iluminação vermelha do semáforo";"Colisão transversal";"Com Vítimas Feridas";"Pleno dia";"Decrescente";"Céu Claro";"Múltipla";"Interseção de Vias";"Sim";3;0;1;0;2;0;1;2;-20,33707281;-40,38649924;"SPRF-ES";"DEL01-ES";"UOP01-DEL01-ES"
335028;2021-01-17;"domingo";"16:35:00";"SC";470;110,4;"APIUNA";"Ingestão de álcool pelo condutor";"Colisão lateral";"Com Vítimas Feridas";"Pleno dia";"Decrescente";"Nublado";"Simples";"Reta";"Não";5;0;4;1;0;0;5;2;-27,086622;-49,458096;"SPRF-SC";"DEL04-SC";"UOP02-DEL04-SC"
335029;2021-01-17;"domingo";"16:46:00";"DF";80;1;"BRASILIA";"Velocidade Incompatível";"Colisão com objeto";"Sem Vítimas";"Pleno dia";"Crescente";"Céu Claro";"Simples";"Reta";"Não";1;0;0;0;0;1;0;1;-15,733511;-48,084099;"SPRF-DF";"DEL03-DF";"UOP02-DEL03-DF"
335033;2021-01-17;"domingo";"16:20:00";"PR";376;634,7;"SAO JOSE DOS PINHAIS";"Condutor deixou de manter distância do veículo da frente";"Colisão traseira";"Com Vítimas Feridas";"Pleno dia";"Decrescente";"Chuva";"Dupla";"Reta";"Não";3;0;2;0;1;0;2;2;-25,73029716;-49,13356446;"SPRF-PR";"DEL01-PR";"UOP04-DEL01-PR"
335035;2021-01-17;"domingo";"16:45:00";"SP";116;214;"GUARULHOS";"Manobra de mudança de faixa";"Colisão com objeto";"Com Vítimas Feridas";"Pleno dia";"Decrescente";"Céu Claro";"Dupla";"Reta";"Sim";1;0;1;0;0;0;1;1;-23,44333014;-46,44531294;"SPRF-SP";"DEL01-SP";"UOP01-DEL01-SP"
335036;2021-01-17;"domingo";"16:15:00";"ES";262;65;"DOMINGOS MARTINS";"Ultrapassagem Indevida";"Colisão frontal";"Com Vítimas Feridas";"Pleno dia";"Decrescente";"Céu Claro";"Simples";"Curva";"Não";4;0;1;2;1;0;3;3;-20,41443354;-40,82302074;"SPRF-ES";"DEL01-ES";"UOP02-DEL01-ES"
335039;2021-01-17;"domingo";"16:20:00";"RS";470;238;"CARLOS BARBOSA";"Transitar na contramão";"Colisão frontal";"Com Vítimas Feridas";"Pleno dia";"Decrescente";"Nublado";"Simples";"Curva";"Não";4;0;2;0;2;0;2;2;-29,32448694;-51,49862424;"SPRF-RS";"DEL06-RS";"UOP01-DEL06-RS"
335040;2021-01-17;"domingo";"17:30:00";"MG";381;490;"BETIM";"Demais falhas mecânicas ou elétricas";"Queda de ocupante de veículo";"Com Vítimas Feridas";"Anoitecer";"Crescente";"Céu Claro";"Múltipla";"Reta";"Sim";2;0;2;0;0;0;2;1;-19,96502819;-44,17422195;"SPRF-MG";"DEL01-MG";"UOP03-DEL01-MG"
335041;2021-01-17;"domingo";"16:50:00";"RJ";116;262,5;"BARRA MANSA";"Velocidade Incompatível";"Colisão com objeto";"Com Vítimas Feridas";"Pleno dia";"Crescente";"Céu Claro";"Dupla";"Reta";"Não";1;0;1;0;0;0;1;1;-22,5876092;-44,05945791;"SPRF-RJ";"DEL07-RJ";"UOP02-DEL07-RJ"
335042;2021-01-17;"domingo";"17:45:00";"PR";467;108;"CASCAVEL";"Ingestão de álcool pelo condutor";"Colisão traseira";"Sem Vítimas";"Pleno dia";"Decrescente";"Chuva";"Dupla";"Reta";"Não";3;0;0;0;2;1;0;3;-24,9237;-53,4676;"SPRF-PR";"DEL04-PR";"UOP01-DEL04-PR"
335043;2021-01-17;"domingo";"18:20:00";"SP";101;45,1;"UBATUBA";"Conversão proibida";"Colisão transversal";"Com Vítimas Feridas";"Anoitecer";"Crescente";"Céu Claro";"Simples";"Curva";"Sim";3;0;1;0;2;0;1;2;-23,41779396;-45,06788408;"SPRF-SP";"DEL06-SP";"UOP01-DEL06-SP"
335044;2021-01-17;"domingo";"17:10:00";"SC";282;175;"BOCAINA DO SUL";"Velocidade Incompatível";"Saída de leito carroçável";"Com Vítimas Feridas";"Pleno dia";"Decrescente";"Chuva";"Simples";"Reta";"Não";1;0;1;0;0;0;1;1;-27,741552;-49,891914;"SPRF-SC";"DEL05-SC";"UOP01-DEL05-SC"
335045;2021-01-17;"domingo";"14:57:00";"PR";277;501,3;"GUARANIACU";"Manobra de mudança de faixa";"Tombamento";"Com Vítimas Feridas";"Pleno dia";"Crescente";"Nublado";"Simples";"Curva";"Não";1;0;1;0;0;0;1;1;-25,163989;-52,69176;"SPRF-PR";"DEL04-PR";"UOP01-DEL04-PR"
335046;2021-01-17;"domingo";"18:20:00";"PR";116;141,1;"MANDIRITUBA";"Velocidade Incompatível";"Saída de leito carroçável";"Sem Vítimas";"Pleno dia";"Crescente";"Nublado";"Simples";"Reta";"Sim";1;0;0;0;0;1;0;1;-25,73749;-49,31762782;"SPRF-PR";"DEL01-PR";"UOP03-DEL01-PR"
335047;2021-01-17;"domingo";"18:15:00";"SC";280;14,8;"SAO FRANCISCO DO SUL";"Desrespeitar a preferência no cruzamento";"Colisão transversal";"Com Vítimas Feridas";"Pleno dia";"Decrescente";"Céu Claro";"Simples";"Reta";"Não";2;0;1;0;1;0;1;2;-26,3301861;-48,65148076;"SPRF-SC";"DEL03-SC";"UOP03-DEL03-SC"