"id";"data_inversa";"dia_semana";"horario";"uf";"br";"km";"municipio";"causa_acidente";"tipo_acidente";"classificacao_acidente";"fase_dia";"sentido_via";"condicao_metereologica";"tipo_pista";"tracado_via";"uso_solo";"pessoas";"mortos";"feridos_leves";"feridos_graves";"ilesos";"ignorados";"feridos";"veiculos";"latitude";"longitude";"regional";"delegacia";"uop"
335049;2021-01-17;"domingo";"18:00:00";"PR";277;722,3;"FOZ DO IGUACU";"Ingestão de álcool pelo condutor";"Colisão transversal";"Com Vítimas Feridas";"Anoitecer";"Decrescente";"Nublado";"Dupla";"Reta";"Sim";3;0;1;0;2;0;1;2;-25,49494908;-54,52095097;"SPRF-PR";"DEL05-PR";"UOP03-DEL05-PR"
335050;2021-01-17;"domingo";"17:00:00";"ES";482;81,1;"ALEGRE";"Ultrapassagem Indevida";"Colisão lateral";"Com Vítimas Feridas";"Pleno dia";"Crescente";"Céu Claro";"Simples";"Aclive;Curva";"Não";3;0;1;0;2;0;1;2;-20,76086513;-41,51587805;"SPRF-ES";"DEL03-ES";"UOP02-DEL03-ES"
335051;2021-01-17;"domingo";"17:20:00";"GO";153;558,2;"PROFESSOR JAMIL";"Chuva";"Saída de leito carroçável";"Com Vítimas Feridas";"Pleno dia";"Decrescente";"Chuva";"Dupla";"Reta";"Não";2;0;2;0;0;0;2;1;-17,2081;-49,2137;"SPRF-GO";"DEL03-GO";"UOP01-DEL03-GO"
335052;2021-01-17;"domingo";"17:25:00";"RO";364;423;"JARU";"Reação tardia ou ineficiente do condutor";"Saída de leito carroçável";"Sem Vítimas";"Pleno dia";"Decrescente";"Nublado";"Simples";"Reta";"Sim";2;0;0;0;2;0;0;1;-10,45220802;-62,46072003;"SPRF-RO";"DEL03-RO";"UOP02-DEL03-RO"
335054;2021-01-17;"domingo";"19:00:00";"BA";20;195;"LUIS EDUARDO MAGALHAES";"Transitar na contramão";"Colisão frontal";"Com Vítimas Feridas";"Plena Noite";"Crescente";"Céu Claro";"Simples";"Reta";"Não";5;0;4;0;1;0;4;3;-12,273;-45,843;"SPRF-BA";"DEL10-BA";"UOP01-DEL10-BA"
335056;2021-01-17;"domingo";"15:40:00";"GO";60;334;"SANTO ANTONIO DA BARRA";"Acumulo de água sobre o pavimento";"Capotamento";"Com Vítimas Feridas";"Pleno dia";"Decrescente";"Garoa/Chuvisco";"Dupla";"Reta";"Não";5;0;2;0;3;0;2;1;-17,5449;-50,5538;"SPRF-GO";"DEL04-GO";"UOP01-DEL04-GO"
335057;2021-01-17;"domingo";"19:15:00";"PB";230;463;"SOUSA";"Acesso irregular";"Queda de ocupante de veículo";"Com Vítimas Feridas";"Plena Noite";"Decrescente";"Céu Claro";"Simples";"Reta";"Sim";1;0;1;0;0;0;1;1;-6,7783;-38,2256;"SPRF-PB";"DEL03-PB";"UOP03-DEL03-PB"
335060;2021-01-17;"domingo";"16:20:00";"AC";317;126;"CAPIXABA";"Ausência de reação do condutor";"Saída de leito carroçável";"Com Vítimas Feridas";"Pleno dia";"Crescente";"Céu Claro";"Simples";"Reta";"Não";1;0;1;0;0;0;1;1;-10,41855207;-67,7233222;"SPRF-AC";"DEL01-AC";"UOP01-DEL01-AC"
335062;2021-01-16;"sábado";"17:30:00";"PE";424;46,9;"VENTUROSA";"Falta de acostamento";"Saída de leito carroçável";"Com Vítimas Fatais";"Anoitecer";"Crescente";"Céu Claro";"Simples";"Aclive";"Não";1;1;0;0;0;0;0;1;-8,69226895;-36,78893898;"SPRF-PE";"DEL03-PE";"UOP01-DEL03-PE"
335063;2021-01-17;"domingo";"17:00:00";"RO";0;0;"ARIQUEMES";"Acessar a via sem observar a presença dos outros veículos";"Colisão lateral";"Com Vítimas Feridas";"Pleno dia";"Não Informado";"Céu Claro";"Simples";"Declive";"Sim";3;0;1;0;2;0;1;3;-9,920987;-63,063728;"SPRF-RO";"DEL03-RO";"N/A"
335064;2021-01-17;"domingo";"19:00:00";"PR";116;135,5;"MANDIRITUBA";"Ausência de reação do condutor";"Colisão lateral";"Com Vítimas Feridas";"Anoitecer";"Crescente";"Céu Claro";"Simples";"Reta";"Não";5;0;0;1;4;0;1;4;-25,69308504;-49,31768479;"SPRF-PR";"DEL01-PR";"UOP03-DEL01-PR"
335066;2021-01-17;"domingo";"19:25:00";"PR";376;657,1;"TIJUCAS DO SUL";"Velocidade Incompatível";"Capotamento";"Com Vítimas Feridas";"Plena Noite";"Crescente";"Chuva";"Dupla";"Curva";"Não";2;0;1;0;1;0;1;1;-25,85232468;-49,03032776;"SPRF-PR";"DEL01-PR";"UOP04-DEL01-PR"
335067;2021-01-17;"domingo";"19:15:00";"RJ";116;139;"MAGE";"Ingestão de álcool pelo condutor";"Colisão traseira";"Sem Vítimas";"Plena Noite";"Crescente";"Céu Claro";"Dupla";"Reta";"Sim";8;0;0;0;8;0;0;2;-22,64655224;-43,20138601;"SPRF-RJ";"DEL01-RJ";"UOP01-DEL01-RJ"
335068;2021-01-17;"domingo";"20:00:00";"PR";369;19,6;"CAMBARA";"Pedestre cruzava a pista fora da faixa";"Atropelamento de Pedestre";"Com Vítimas Feridas";"Plena Noite";"Crescente";"Chuva";"Simples";"Reta";"Sim";2;0;0;1;1;0;1;2;-23,036264;-50,079228;"SPRF-PR";"DEL07-PR";"UOP01-DEL07-PR"
335069;2021-01-17;"domingo";"16:40:00";"MA";316;564,3;"CAXIAS";"Chuva";"Saída de leito carroçável";"Com Vítimas Feridas";"Pleno dia";"Decrescente";"Chuva";"Simples";"Reta";"Não";1;0;1;0;0;0;1;1;-4,900841;-43,250313;"SPRF-MA";"DEL03-MA";"UOP02-DEL03-MA"
335070;2021-01-17;"domingo";"18:45:00";"RJ";101;40;"CAMPOS DOS GOYTACAZES";"Deficiência do Sistema de Iluminação/Sinalização";"Colisão traseira";"Com Vítimas Feridas";"Plena Noite";"Crescente";"Céu Claro";"Simples";"Reta";"Não";2;0;2;0;0;0;2;2;-21,54919979;-41,33553881;"SPRF-RJ";"DEL08-RJ";"UOP01-DEL08-RJ"
335072;2021-01-17;"domingo";"17:00:00";"GO";364;206;"JATAI";"Reação tardia ou ineficiente do condutor";"Saída de leito carroçável";"Com Vítimas Feridas";"Pleno dia";"Decrescente";"Céu Claro";"Simples";"Curva";"Não";2;0;1;0;1;0;1;1;-17,908182;-51,810753;"SPRF-GO";"DEL05-GO";"UOP01-DEL05-GO"
335075;2021-01-17;"domingo";"10:45:00";"BA";324;537;"CONCEICAO DO JACUIPE";"Velocidade Incompatível";"Saída de leito carroçável";"Com Vítimas Feridas";"Pleno dia";"Crescente";"Céu Claro";"Dupla";"Reta";"Sim";1;0;0;1;0;0;1;1;-12,36902201;-38,81384601;"SPRF-BA";"DEL01-BA";"UOP03-DEL01-BA"
335077;2021-01-17;"domingo";"19:05:00";"MG";116;564,7;"MANHUACU";"Velocidade Incompatível";"Tombamento";"Com Vítimas Feridas";"Plena Noite";"Decrescente";"Nublado";"Simples";"Curva";"Não";1;0;1;0;0;0;1;1;-20,06216515;-42,17191471;"SPRF-MG";"DEL06-MG";"UOP03-DEL06-MG"
335078;2021-01-17;"domingo";"21:00:00";"PR";163;286;"MARECHAL CANDIDO RONDON";"Reação tardia ou ineficiente do condutor";"Colisão lateral sentido oposto";"Com Vítimas Feridas";"Plena Noite";"Crescente";"Nublado";"Simples";"Reta";"Sim";2;0;1;0;1;0;1;2;-24,568102;-54,034168;"SPRF-PR";"DEL06-PR";"UOP02-DEL06-PR"
335079;2021-01-17;"domingo";"20:20:00";"PB";101;82;"BAYEUX";"Ingestão de álcool pelo condutor";"Colisão lateral mesmo sentido";"Sem Vítimas";"Plena Noite";"Crescente";"Céu Claro";"Dupla";"Reta";"Sim";3;0;0;0;2;1;0;2;-7,12911;-34,93714;"SPRF-PB";"DEL01-PB";"UOP01-DEL01-PB"
335080;2021-01-17;"domingo";"21:10:00";"PR";116;43,1;"CAMPINA GRANDE DO SUL";"Velocidade Incompatível";"Saída de leito carroçável";"Sem Vítimas";"Plena Noite";"Crescente";"Chuva";"Dupla";"Curva";"Não";4;0;0;0;4;0;0;1;-25,18101149;-48,88196442;"SPRF-PR";"DEL01-PR";"UOP02-DEL01-PR"
335081;2021-01-17;"domingo";"20:25:00";"MG";40;459,9;"CAETANOPOLIS";"Deixar de acionar o farol da motocicleta (ou similar)";"Colisão com objeto";"Com Vítimas Feridas";"Plena Noite";"Decrescente";"Céu Claro";"Dupla";"Reta";"Não";1;0;1;0;0;0;1;1;-19,396091;-44,334165;"SPRF-MG";"DEL02-MG";"UOP01-DEL02-MG"
335082;2021-01-17;"domingo";"21:45:00";"SP";0;0;"JUQUIA";"Ausência de reação do condutor";"Saída de leito carroçável";"Sem Vítimas";"Plena Noite";"Não Informado";"Garoa/Chuvisco";"Simples";"Curva";"Sim";1;0;0;0;1;0;0;1;-24,33164;-47,632774;"SPRF-SP";"DEL05-SP";"UOP01-DEL05-SP"
335084;2021-01-17;"domingo";"17:15:00";"AC";364;112;"RIO BRANCO";"Reação tardia ou ineficiente do condutor";"Capotamento";"Com Vítimas Feridas";"Anoitecer";"Crescente";"Nublado";"Simples";"Reta";"Não";5;0;1;2;1;1;3;1;-10,0136782;-67,683134;"SPRF-AC";"DEL01-AC";"UOP01-DEL01-AC"
335086;2021-01-17;"domingo";"19:11:00";"BA";324;433;"RIACHAO DO JACUIPE";"Animais na Pista";"Engavetamento";"Com Vítimas Feridas";"Plena Noite";"Crescente";"Céu Claro";"Simples";"Reta";"Não";3;0;2;0;1;0;2;3;-11,78465185;-39,4313739;"SPRF-BA";"DEL04-BA";"UOP02-DEL04-BA"
335087;2021-01-09;"sábado";"21:00:00";"RJ";116;96;"GUAPIMIRIM";"Chuva";"Capotamento";"Com Vítimas Feridas";"Plena Noite";"Crescente";"Chuva";"Simples";"Curva";"Não";2;0;1;0;1;0;1;1;-22,48025217;-42,99744482;"SPRF-RJ";"DEL04-RJ";"UOP02-DEL04-RJ"
335089;2021-01-17;"domingo";"20:25:00";"PR";153;330;"IRATI";"Conversão proibida";"Colisão lateral mesmo sentido";"Com Vítimas Feridas";"Plena Noite";"Decrescente";"Garoa/Chuvisco";"Dupla";"Reta";"Não";4;0;2;0;2;0;2;2;-25,45471011;-50,6196247;"SPRF-PR";"DEL03-PR";"UOP03-DEL03-PR"
335091;2021-01-17;"domingo";"22:00:00";"PE";232;117,8;"CARUARU";"Pedestre cruzava a pista fora da faixa";"Atropelamento de Pedestre";"Sem Vítimas";"Plena Noite";"Decrescente";"Céu Claro";"Dupla";"Reta";"Não";2;0;0;0;1;1;0;2;-8,29529153;-35,8754959;"SPRF-PE";"DEL02-PE";"UOP03-DEL02-PE"
335095;2021-01-17;"domingo";"23:30:00";"AP";210;3;"MACAPA";"Reação tardia ou ineficiente do condutor";"Colisão traseira";"Sem Vítimas";"Plena Noite";"Crescente";"Céu Claro";"Simples";"Reta";"Sim";2;0;0;0;2;0;0;2;0,08723365;-51,08569007;"SPRF-AP";"DEL01-AP";"UOP01-DEL01-AP"
335096;2021-01-17;"domingo";"23:50:00";"RN";101;82;"NATAL";"Conversão proibida";"Colisão lateral";"Com Vítimas Feridas";"Plena Noite";"Decrescente";"Céu Claro";"Dupla";"Reta";"Sim";3;0;2;0;1;0;2;2;-5,76791511;-35,27456305;"SPRF-RN";"DEL02-RN";"UOP01-DEL02-RN"
335098;2021-01-17;"domingo";"23:30:00";"GO";153;506;"APARECIDA DE GOIANIA";"Ausência de reação do condutor";"Queda de ocupante de veículo";"Com Vítimas Feridas";"Plena Noite";"Crescente";"Céu Claro";"Dupla";"Reta";"Sim";1;0;0;1;0;0;1;1;-16,7633;-49,24;"SPRF-GO";"DEL01-GO";"UOP01-DEL01-GO"
335100;2021-01-17;"domingo";"21:50:00";"PE";428;186,6;"PETROLINA";"Pista Escorregadia";"Queda de ocupante de veículo";"Com Vítimas Feridas";"Plena Noite";"Crescente";"Céu Claro";"Simples";"Reta";"Sim";1;0;1;0;0;0;1;1;-9,365391;-40,483415;"SPRF-PE";"DEL06-PE";"UOP01-DEL06-PE"
335101;2021-01-17;"domingo";"18:45:00";"RO";364;347;"JI-PARANA";"Ingestão de álcool pelo condutor";"Colisão traseira";"Sem Vítimas";"Plena Noite";"Decrescente";"Céu Claro";"Simples";"Reta";"Sim";2;0;0;0;2;0;0;2;-10,86070186;-61,9761549;"SPRF-RO";"DEL02-RO";"UOP01-DEL02-RO"
335102;2021-01-17;"domingo";"23:45:00";"PB";101;61,2;"SANTA RITA";"Ingestão de álcool pelo condutor";"Colisão traseira";"Com Vítimas Feridas";"Plena Noite";"Decrescente";"Nublado";"Dupla";"Reta";"Não";3;0;0;1;2;0;1;2;-7,00949401;-35,06072329;"SPRF-PB";"DEL01-PB";"UOP04-DEL01-PB"
335104;2021-01-17;"domingo";"21:30:00";"MT";364;250;"JUSCIMEIRA";"Ausência de reação do condutor";"Saída de leito carroçável";"Sem Vítimas";"Plena Noite";"Crescente";"Nublado";"Dupla";"Reta";"Não";1;0;0;0;1;0;0;1;-16,12029135;-54,85333523;"SPRF-MT";"DEL02-MT";"UOP01-DEL02-MT"
335105;2021-01-17;"domingo";"22:40:00";"RJ";101;430;"MANGARATIBA";"Reação tardia ou ineficiente do condutor";"Tombamento";"Com Vítimas Feridas";"Plena Noite";"Decrescente";"Céu Claro";"Simples";"Túnel";"Sim";1;0;1;0;0;0;1;1;-22,93710123;-44,01083798;"SPRF-RJ";"DEL03-RJ";"UOP03-DEL03-RJ"
335106;2021-01-17;"domingo";"23:00:00";"MG";381;788;"SAO GONCALO DO SAPUCAI";"Transitar na contramão";"Saída de leito carroçável";"Sem Vítimas";"Plena Noite";"Decrescente";"Céu Claro";"Dupla";"Reta";"Não";1;0;0;0;0;1;0;1;-21,8650106;-45,53349293;"SPRF-MG";"DEL16-MG";"UOP02-DEL16-MG"
335107;2021-01-18;"segunda-feira";"00:40:00";"RJ";101;277;"TANGUA";"Avarias e/ou desgaste excessivo no pneu";"Saída de leito carroçável";"Com Vítimas Feridas";"Plena Noite";"Crescente";"Ignorado";"Dupla";"Reta";"Não";4;0;1;3;0;0;4;1;-22,73943906;-42,748279;"SPRF-RJ";"DEL02-RJ";"UOP03-DEL02-RJ"
335108;2021-01-18;"segunda-feira";"00:20:00";"PB";230;8,4;"CABEDELO";"Ausência de reação do condutor";"Colisão com objeto";"Com Vítimas Feridas";"Plena Noite";"Crescente";"Céu Claro";"Dupla";"Desvio Temporário";"Não";2;0;0;1;0;1;1;1;-7,0355;-34,8429;"SPRF-PB";"DEL01-PB";"UOP01-DEL01-PB"
335109;2021-01-17;"domingo";"20:15:00";"MG";153;222;"FRUTAL";"Avarias e/ou desgaste excessivo no pneu";"Saída de leito carroçável";"Com Vítimas Feridas";"Plena Noite";"Crescente";"Céu Claro";"Simples";"Reta";"Não";1;0;0;1;0;0;1;1;-20,172567;-49,11351;"SPRF-MG";"DEL13-MG";"UOP02-DEL13-MG"
335110;2021-01-17;"domingo";"22:00:00";"RS";116;253;"SAO LEOPOLDO";"Acessar a via sem observar a presença dos outros veículos";"Colisão traseira";"Com Vítimas Feridas";"Plena Noite";"Decrescente";"Garoa/Chuvisco";"Simples";"Reta";"Sim";2;0;1;0;1;0;1;2;-29,81784209;-51,16996166;"SPRF-RS";"DEL01-RS";"UOP02-DEL01-RS"
335113;2021-01-18;"segunda-feira";"01:00:00";"MA";135;10,5;"SAO LUIS";"Ausência de reação do condutor";"Colisão traseira";"Sem Vítimas";"Plena Noite";"Crescente";"Céu Claro";"Dupla";"Curva";"Sim";3;0;0;0;1;2;0;3;-2,655912;-44,28629098;"SPRF-MA";"DEL01-MA";"UOP01-DEL01-MA"
335115;2021-01-18;"segunda-feira";"01:55:00";"RS";116;264;"CANOAS";"Velocidade Incompatível";"Colisão com objeto";"Sem Vítimas";"Plena Noite";"Decrescente";"Nublado";"Múltipla";"Reta";"Sim";1;0;0;0;1;0;0;1;-29,914435;-51,17754495;"SPRF-RS";"DEL01-RS";"UOP01-DEL01-RS"
335117;2021-01-18;"segunda-feira";"02:00:00";"SP";116;207;"GUARULHOS";"Ausência de reação do condutor";"Colisão com objeto";"Com Vítimas Feridas";"Plena Noite";"Decrescente";"Nublado";"Dupla";"Reta";"Sim";1;0;0;1;0;0;1;1;-23,4192957;-46,38226032;"SPRF-SP";"DEL01-SP";"UOP01-DEL01-SP"
335118;2021-01-17;"domingo";"23:30:00";"MA";222;621;"ACAILANDIA";"Pedestre andava na pista";"Atropelamento de Pedestre";"Com Vítimas Fatais";"Plena Noite";"Crescente";"Céu Claro";"Simples";"Reta";"Não";5;1;0;0;4;0;0;2;-4,77434;-47,067018;"SPRF-MA";"DEL04-MA";"UOP03-DEL04-MA"
335119;2021-01-18;"segunda-feira";"01:10:00";"PE";232;115;"CARUARU";"Obstrução na via";"Colisão lateral";"Sem Vítimas";"Plena Noite";"Crescente";"Céu Claro";"Dupla";"Reta";"Não";5;0;0;0;4;1;0;2;-8,29851022;-35,85780302;"SPRF-PE";"DEL02-PE";"UOP03-DEL02-PE"
335120;2021-01-18;"segunda-feira";"01:50:00";"MS";158;97;"PARANAIBA";"Ingestão de álcool pelo condutor";"Saída de leito carroçável";"Com Vítimas Feridas";"Plena Noite";"Decrescente";"Céu Claro";"Dupla";"Reta";"Sim";1;0;1;0;0;0;1;1;-19,69627676;-51,17701292;"SPRF-MS";"DEL08-MS";"UOP01-DEL08-MS"
335121;2021-01-18;"segunda-feira";"00:20:00";"RJ";101;489;"ANGRA DOS REIS";"Transitar na contramão";"Colisão lateral";"Com Vítimas Feridas";"Plena Noite";"Crescente";"Céu Claro";"Simples";"Curva";"Não";2;0;1;1;0;0;2;2;-22,95605138;-44,30404997;"SPRF-RJ";"DEL03-RJ";"UOP03-DEL03-RJ"
335124;2021-01-18;"segunda-feira";"03:45:00";"SP";116;395;"MIRACATU";"Frear bruscamente";"Saída de leito carroçável";"Sem Vítimas";"Plena Noite";"Crescente";"Nublado";"Simples";"Reta";"Sim";1;0;0;0;1;0;0;1;-24,28894933;-47,46080025;"SPRF-SP";"DEL04-SP";"UOP02-DEL04-SP"
335125;2021-01-18;"segunda-feira";"04:00:00";"SC";101;134;"BALNEARIO CAMBORIU";"Ingestão de álcool pelo condutor";"Colisão com objeto";"Sem Vítimas";"Plena Noite";"Decrescente";"Nublado";"Dupla";"Interseção de Vias";"Não";1;0;0;0;1;0;0;1;-27,00218;-48,636433;"SPRF-SC";"DEL04-SC";"UOP03-DEL04-SC"
335129;2021-01-18;"segunda-feira";"02:30:00";"MG";381;504;"BETIM";"Velocidade Incompatível";"Tombamento";"Com Vítimas Feridas";"Plena Noite";"Decrescente";"Céu Claro";"Dupla";"Reta";"Sim";2;0;2;0;0;0;2;1;-20,03437852;-44,24211645;"SPRF-MG";"DEL01-MG";"UOP03-DEL01-MG"
335131;2021-01-18;"segunda-feira";"05:00:00";"SC";101;206;"SAO JOSE";"Acumulo de água sobre o pavimento";"Colisão lateral";"Com Vítimas Feridas";"Amanhecer";"Crescente";"Chuva";"Simples";"Reta";"Sim";2;0;1;0;1;0;1;2;-27,59193546;-48,61824557;"SPRF-SC";"DEL01-SC";"UOP01-DEL01-SC"
335133;2021-01-18;"segunda-feira";"05:40:00";"RS";116;143,8;"CAXIAS DO SUL";"Avarias e/ou desgaste excessivo no pneu";"Colisão com objeto";"Com Vítimas Feridas";"Pleno dia";"Crescente";"Garoa/Chuvisco";"Dupla";"Curva";"Sim";1;0;1;0;0;0;1;1;-29,1201739;-51,12260651;"SPRF-RS";"DEL05-RS";"UOP01-DEL05-RS"
335138;2021-01-18;"segunda-feira";"06:20:00";"SP";116;226,7;"GUARULHOS";"Velocidade Incompatível";"Colisão traseira";"Com Vítimas Fatais";"Pleno dia";"Crescente";"Céu Claro";"Múltipla";"Reta";"Sim";3;2;0;0;1;0;0;3;-23,49102507;-46,54878195;"SPRF-SP";"DEL01-SP";"UOP01-DEL01-SP"
335143;2021-01-06;"quarta-feira";"06:40:00";"PE";101;69;"RECIFE";"Condutor deixou de manter distância do veículo da frente";"Colisão traseira";"Com Vítimas Feridas";"Pleno dia";"Crescente";"Céu Claro";"Dupla";"Reta";"Sim";2;0;2;0;0;0;2;2;-8,0618699;-34,9453122;"SPRF-PE";"DEL01-PE";"UOP01-DEL01-PE"
335144;2021-01-18;"segunda-feira";"05:45:00";"RJ";101;326;"NITEROI";"Condutor deixou de manter distância do veículo da frente";"Colisão traseira";"Com Vítimas Feridas";"Pleno dia";"Crescente";"Céu Claro";"Dupla";"Aclive";"Sim";2;0;1;0;1;0;1;2;-22,87292569;-43,13625699;"SPRF-RJ";"DEL02-RJ";"UOP02-DEL02-RJ"
335145;2021-01-18;"segunda-feira";"06:40:00";"MG";50;55,3;"UBERLANDIA";"Ausência de reação do condutor";"Saída de leito carroçável";"Com Vítimas Feridas";"Pleno dia";"Crescente";"Nublado";"Dupla";"Curva;Aclive";"Não";1;0;1;0;0;0;1;1;-18,77290538;-48,24124319;"SPRF-MG";"DEL15-MG";"UOP02-DEL15-MG"
335148;2021-01-17;"domingo";"18:22:00";"RO";435;103;"COLORADO DO OESTE";"Declive acentuado";"Colisão frontal";"Com Vítimas Feridas";"Anoitecer";"Decrescente";"Garoa/Chuvisco";"Simples";"Curva;Declive";"Não";3;0;0;1;1;1;1;3;-13,19151945;-60,63472197;"SPRF-RO";"DEL04-RO";"UOP02-DEL04-RO"
335149;2021-01-18;"segunda-feira";"06:45:00";"BA";324;623;"SALVADOR";"Condutor deixou de manter distância do veículo da frente";"Colisão traseira";"Com Vítimas Feridas";"Pleno dia";"Crescente";"Céu Claro";"Dupla";"Curva";"Sim";2;0;1;0;0;1;1;2;-12,92628699;-38,46838679;"SPRF-BA";"DEL01-BA";"UOP01-DEL01-BA"
335150;2021-01-18;"segunda-feira";"05:50:00";"MG";365;680,5;"MONTE ALEGRE DE MINAS";"Estacionar ou parar em local proibido";"Colisão traseira";"Sem Vítimas";"Pleno dia";"Crescente";"Céu Claro";"Dupla";"Reta";"Não";2;0;0;0;1;1;0;2;-18,84935555;-48,81435871;"SPRF-MG";"DEL15-MG";"UOP01-DEL15-MG"
335152;2021-01-18;"segunda-feira";"06:20:00";"RJ";116;181;"NOVA IGUACU";"Condutor deixou de manter distância do veículo da frente";"Engavetamento";"Com Vítimas Feridas";"Pleno dia";"Decrescente";"Céu Claro";"Múltipla";"Reta";"Sim";3;0;1;0;2;0;1;3;-22,73784;-43,48732;"SPRF-RJ";"DEL01-RJ";"UOP02-DEL01-RJ"
335153;2021-01-18;"segunda-feira";"06:50:00";"GO";40;6,5;"VALPARAISO DE GOIAS";"Condutor deixou de manter distância do veículo da frente";"Engavetamento";"Com Vítimas Feridas";"Pleno dia";"Decrescente";"Céu Claro";"Dupla";"Reta";"Sim";4;0;1;0;3;0;1;4;-16,100814;-47,977351;"SPRF-DF";"DEL01-DF";"UOP01-DEL01-DF"
335155;2021-01-18;"segunda-feira";"06:15:00";"RJ";101;312;"SAO GONCALO";"Condutor deixou de manter distância do veículo da frente";"Colisão traseira";"Com Vítimas Feridas";"Pleno dia";"Crescente";"Céu Claro";"Múltipla";"Reta";"Sim";4;0;2;0;2;0;2;3;-22,80546555;-43,06156967;"SPRF-RJ";"DEL02-RJ";"UOP02-DEL02-RJ"
335157;2021-01-18;"segunda-feira";"07:30:00";"PE";101;93,7;"CABO DE SANTO AGOSTINHO";"Manobra de mudança de faixa";"Colisão lateral mesmo sentido";"Com Vítimas Feridas";"Pleno dia";"Crescente";"Sol";"Dupla";"Interseção de Vias";"Não";2;0;1;0;0;1;1;2;-8,2396419;-35,00335418;"SPRF-PE";"DEL01-PE";"UOP03-DEL01-PE"
335158;2021-01-18;"segunda-feira";"07:15:00";"ES";101;300;"VIANA";"Acessar a via sem observar a presença dos outros veículos";"Colisão transversal";"Com Vítimas Feridas";"Pleno dia";"Crescente";"Céu Claro";"Dupla";"Aclive;Reta";"Sim";2;0;2;0;0;0;2;2;-20,358635;-40,432167;"SPRF-ES";"DEL01-ES";"UOP01-DEL01-ES"
335160;2021-01-18;"segunda-feira";"07:30:00";"SP";116;145,8;"SAO JOSE DOS CAMPOS";"Afundamento ou ondulação no pavimento";"Queda de ocupante de veículo";"Com Vítimas Feridas";"Pleno dia";"Crescente";"Nublado";"Múltipla";"Reta";"Sim";1;0;1;0;0;0;1;1;-23,1869844;-45,8548078;"SPRF-SP";"DEL02-SP";"UOP01-DEL02-SP"
335165;2021-01-18;"segunda-feira";"08:00:00";"PR";373;218;"IMBITUVA";"Avarias e/ou desgaste excessivo no pneu";"Saída de leito carroçável";"Com Vítimas Feridas";"Pleno dia";"Crescente";"Chuva";"Simples";"Aclive;Reta";"Não";2;0;2;0;0;0;2;1;-25,16241629;-50,56069189;"SPRF-PR";"DEL03-PR";"UOP04-DEL03-PR"
335166;2021-01-18;"segunda-feira";"08:05:00";"RS";392;638,8;"GUARANI DAS MISSOES";"Velocidade Incompatível";"Saída de leito carroçável";"Com Vítimas Feridas";"Pleno dia";"Crescente";"Céu Claro";"Simples";"Reta";"Não";1;0;0;1;0;0;1;1;-28,15054272;-54,53670608;"SPRF-RS";"DEL10-RS";"UOP01-DEL10-RS"
335167;2021-01-18;"segunda-feira";"06:30:00";"RJ";116;179;"NOVA IGUACU";"Trafegar com motocicleta (ou similar) entre as faixas";"Colisão lateral mesmo sentido";"Com Vítimas Feridas";"Pleno dia";"Decrescente";"Sol";"Dupla";"Reta";"Sim";2;0;1;0;1;0;1;2;-22,769902;-43,408036;"SPRF-RJ";"DEL01-RJ";"UOP02-DEL01-RJ"
335169;2021-01-18;"segunda-feira";"08:25:00";"RS";290;36;"SANTO ANTONIO DA PATRULHA";"Reação tardia ou ineficiente do condutor";"Saída de leito carroçável";"Sem Vítimas";"Pleno dia";"Decrescente";"Garoa/Chuvisco";"Dupla";"Reta";"Não";1;0;0;0;1;0;0;1;-29,884756;-50,61729;"SPRF-RS";"DEL03-RS";"UOP01-DEL03-RS"
335171;2021-01-18;"segunda-feira";"07:30:00";"MG";381;483;"BETIM";"Condutor deixou de manter distância do veículo da frente";"Colisão traseira";"Com Vítimas Feridas";"Pleno dia";"Decrescente";"Céu Claro";"Múltipla";"Reta";"Sim";2;0;1;0;1;0;1;2;-19,95594491;-44,10721699;"SPRF-MG";"DEL01-MG";"UOP03-DEL01-MG"
335172;2021-01-18;"segunda-feira";"08:15:00";"MG";381;485,2;"BETIM";"Condutor deixou de manter distância do veículo da frente";"Colisão traseira";"Com Vítimas Feridas";"Pleno dia";"Decrescente";"Céu Claro";"Dupla";"Declive";"Sim";2;0;1;0;1;0;1;2;-19,95584283;-44,09817696;"SPRF-MG";"DEL01-MG";"UOP03-DEL01-MG"
335174;2021-01-18;"segunda-feira";"08:05:00";"SP";116;221;"GUARULHOS";"Condutor deixou de manter distância do veículo da frente";"Engavetamento";"Com Vítimas Feridas";"Pleno dia";"Decrescente";"Sol";"Múltipla";"Reta";"Sim";3;0;1;0;2;0;1;3;-23,46802395;-46,50704901;"SPRF-SP";"DEL01-SP";"UOP01-DEL01-SP"
335178;2021-01-17;"domingo";"18:40:00";"RJ";101;400;"ITAGUAI";"Condutor deixou de manter distância do veículo da frente";"Engavetamento";"Com Vítimas Feridas";"Anoitecer";"Decrescente";"Sol";"Dupla";"Reta";"Sim";7;0;1;0;6;0;1;3;-22,85784272;-43,76078909;"SPRF-RJ";"DEL03-RJ";"UOP01-DEL03-RJ"
335179;2021-01-18;"segunda-feira";"06:45:00";"AC";364;133;"RIO BRANCO";"Frear bruscamente";"Colisão traseira";"Com Vítimas Feridas";"Pleno dia";"Crescente";"Céu Claro";"Dupla";"Reta";"Sim";2;0;1;0;1;0;1;2;-10,002488;-67,84954;"SPRF-AC";"DEL01-AC";"UOP01-DEL01-AC"