"id";"data_inversa";"dia_semana";"horario";"uf";"br";"km";"municipio";"causa_acidente";"tipo_acidente";"classificacao_acidente";"fase_dia";"sentido_via";"condicao_metereologica";"tipo_pista";"tracado_via";"uso_solo";"pessoas";"mortos";"feridos_leves";"feridos_graves";"ilesos";"ignorados";"feridos";"veiculos";"latitude";"longitude";"regional";"delegacia";"uop"
335180;2021-01-18;"segunda-feira";"07:50:00";"RJ";393;125;"SAPUCAIA";"Acumulo de óleo sobre o pavimento";"Queda de ocupante de veículo";"Com Vítimas Feridas";"Pleno dia";"Crescente";"Céu Claro";"Simples";"Curva";"Não";1;0;1;0;0;0;1;1;-21,94371338;-42,83212498;"SPRF-RJ";"DEL05-RJ";"UOP01-DEL05-RJ"
335183;2021-01-18;"segunda-feira";"08:10:00";"MS";262;469,5;"ANASTACIO";"Chuva";"Colisão com objeto";"Com Vítimas Feridas";"Pleno dia";"Decrescente";"Chuva";"Simples";"Curva";"Não";2;0;2;0;0;0;2;1;-20,513675;-55,616027;"SPRF-MS";"DEL03-MS";"UOP01-DEL03-MS"
335187;2021-01-18;"segunda-feira";"07:10:00";"PR";376;240,9;"APUCARANA";"Chuva";"Saída de leito carroçável";"Com Vítimas Feridas";"Pleno dia";"Crescente";"Chuva";"Dupla";"Curva";"Sim";1;0;1;0;0;0;1;1;-23,583517;-51,447102;"SPRF-PR";"DEL07-PR";"UOP03-DEL07-PR"
335188;2021-01-18;"segunda-feira";"08:10:00";"SP";116;137,8;"SAO JOSE DOS CAMPOS";"Condutor deixou de manter distância do veículo da frente";"Colisão frontal";"Com Vítimas Feridas";"Pleno dia";"Crescente";"Céu Claro";"Dupla";"Reta";"Sim";1;0;1;0;0;0;1;1;-23,15300766;-45,78709317;"SPRF-SP";"DEL02-SP";"UOP01-DEL02-SP"
335193;2021-01-18;"segunda-feira";"10:10:00";"RS";158;310;"ITAARA";"Frear bruscamente";"Colisão traseira";"Com Vítimas Feridas";"Pleno dia";"Crescente";"Céu Claro";"Dupla";"Curva";"Sim";2;0;1;0;1;0;1;2;-29,61237001;-53,76663196;"SPRF-RS";"DEL09-RS";"UOP01-DEL09-RS"
335194;2021-01-18;"segunda-feira";"09:20:00";"SC";280;90;"CORUPA";"Pista Escorregadia";"Colisão lateral sentido oposto";"Com Vítimas Feridas";"Pleno dia";"Crescente";"Garoa/Chuvisco";"Simples";"Curva";"Não";4;0;1;0;3;0;1;3;-26,407423;-49,283504;"SPRF-SC";"DEL06-SC";"UOP03-DEL06-SC"
335201;2021-01-18;"segunda-feira";"10:50:00";"PR";476;127;"CURITIBA";"Chuva";"Queda de ocupante de veículo";"Com Vítimas Feridas";"Pleno dia";"Crescente";"Chuva";"Simples";"Viaduto;Aclive";"Sim";1;0;1;0;0;0;1;1;-25,425167;-49,227158;"SPRF-PR";"DEL01-PR";"UOP03-DEL01-PR"
335202;2021-01-18;"segunda-feira";"10:50:00";"PE";232;17,5;"JABOATAO DOS GUARARAPES";"Condutor Dormindo";"Colisão frontal";"Com Vítimas Feridas";"Pleno dia";"Decrescente";"Sol";"Dupla";"Reta";"Sim";5;0;0;4;1;0;4;2;-8,09565202;-35,04581599;"SPRF-PE";"DEL01-PE";"UOP01-DEL01-PE"
335203;2021-01-18;"segunda-feira";"11:15:00";"SC";282;16,6;"PALHOCA";"Reação tardia ou ineficiente do condutor";"Colisão transversal";"Com Vítimas Feridas";"Pleno dia";"Crescente";"Nublado";"Simples";"Reta";"Sim";2;0;0;1;1;0;1;2;-27,658611;-48,681847;"SPRF-SC";"DEL01-SC";"UOP02-DEL01-SC"
335204;2021-01-18;"segunda-feira";"11:05:00";"RS";386;74,8;"BOA VISTA DAS MISSOES";"Desrespeitar a preferência no cruzamento";"Colisão transversal";"Com Vítimas Feridas";"Pleno dia";"Crescente";"Nublado";"Simples";"Interseção de Vias";"Sim";2;0;0;1;1;0;1;2;-27,68322406;-53,30738068;"SPRF-RS";"DEL08-RS";"UOP02-DEL08-RS"
335206;2021-01-18;"segunda-feira";"11:10:00";"PR";376;241;"APUCARANA";"Chuva";"Capotamento";"Com Vítimas Feridas";"Pleno dia";"Crescente";"Chuva";"Dupla";"Declive";"Não";4;0;2;0;2;0;2;1;-23,58168461;-51,42681594;"SPRF-PR";"DEL07-PR";"UOP03-DEL07-PR"
335220;2021-01-18;"segunda-feira";"11:10:00";"RO";364;409;"JARU";"Reação tardia ou ineficiente do condutor";"Colisão traseira";"Sem Vítimas";"Pleno dia";"Crescente";"Céu Claro";"Simples";"Reta";"Não";3;0;0;0;3;0;0;2;-10,54019698;-62,39333998;"SPRF-RO";"DEL03-RO";"UOP02-DEL03-RO"
335224;2021-01-18;"segunda-feira";"08:25:00";"SC";163;67;"SAO MIGUEL DO OESTE";"Manobra de mudança de faixa";"Colisão transversal";"Com Vítimas Feridas";"Pleno dia";"Crescente";"Céu Claro";"Dupla";"Reta";"Sim";2;0;1;0;1;0;1;2;-26,759436;-53,50055292;"SPRF-SC";"DEL07-SC";"UOP03-DEL07-SC"
335225;2021-01-18;"segunda-feira";"12:05:00";"PE";101;89;"CABO DE SANTO AGOSTINHO";"Mal súbito do condutor";"Eventos atípicos";"Com Vítimas Feridas";"Pleno dia";"Decrescente";"Céu Claro";"Simples";"Reta";"Sim";4;0;1;1;2;0;2;4;-8,22846467;-34,971394;"SPRF-PE";"DEL01-PE";"UOP03-DEL01-PE"
335226;2021-01-18;"segunda-feira";"13:00:00";"RJ";101;486,2;"ANGRA DOS REIS";"Avarias e/ou desgaste excessivo no pneu";"Colisão lateral";"Sem Vítimas";"Pleno dia";"Crescente";"Céu Claro";"Simples";"Reta";"Sim";2;0;0;0;2;0;0;2;-22,97708786;-44,29634653;"SPRF-RJ";"DEL03-RJ";"UOP03-DEL03-RJ"
335227;2021-01-18;"segunda-feira";"13:05:00";"SP";459;16,1;"PIQUETE";"Acessar a via sem observar a presença dos outros veículos";"Colisão transversal";"Com Vítimas Feridas";"Pleno dia";"Crescente";"Sol";"Simples";"Interseção de Vias";"Sim";3;0;2;0;1;0;2;2;-22,62345893;-45,16161919;"SPRF-SP";"DEL08-SP";"UOP02-DEL08-SP"
335230;2021-01-18;"segunda-feira";"13:50:00";"PR";476;145;"CURITIBA";"Velocidade Incompatível";"Saída de leito carroçável";"Com Vítimas Feridas";"Pleno dia";"Crescente";"Chuva";"Dupla";"Reta";"Sim";1;0;1;0;0;0;1;1;-25,547749;-49,32095;"SPRF-PR";"DEL01-PR";"UOP03-DEL01-PR"
335232;2021-01-18;"segunda-feira";"14:24:00";"PE";101;69;"RECIFE";"Acessar a via sem observar a presença dos outros veículos";"Colisão lateral mesmo sentido";"Com Vítimas Feridas";"Pleno dia";"Crescente";"Céu Claro";"Dupla";"Reta";"Sim";2;0;0;1;1;0;1;2;-8,05951606;-34,94581024;"SPRF-PE";"DEL01-PE";"UOP01-DEL01-PE"
335235;2021-01-18;"segunda-feira";"13:45:00";"SC";280;125,8;"RIO NEGRINHO";"Manobra de mudança de faixa";"Colisão lateral mesmo sentido";"Com Vítimas Feridas";"Pleno dia";"Decrescente";"Nublado";"Simples";"Reta";"Não";2;0;1;0;1;0;1;2;-26,23763684;-49,48434497;"SPRF-SC";"DEL06-SC";"UOP03-DEL06-SC"
335236;2021-01-18;"segunda-feira";"13:00:00";"RO";364;233,3;"CACOAL";"Transitar na contramão";"Colisão frontal";"Com Vítimas Fatais";"Pleno dia";"Crescente";"Nublado";"Simples";"Aclive";"Não";2;2;0;0;0;0;0;2;-11,46104613;-61,41546107;"SPRF-RO";"DEL02-RO";"UOP02-DEL02-RO"
335237;2021-01-18;"segunda-feira";"14:30:00";"PR";277;16,9;"PARANAGUA";"Velocidade Incompatível";"Saída de leito carroçável";"Com Vítimas Feridas";"Pleno dia";"Crescente";"Chuva";"Dupla";"Reta";"Não";2;0;1;0;1;0;1;1;-25,5457353;-48,6791538;"SPRF-PR";"DEL01-PR";"UOP05-DEL01-PR"
335239;2021-01-12;"terça-feira";"11:00:00";"BA";135;47;"FORMOSA DO RIO PRETO";"Ausência de reação do condutor";"Saída de leito carroçável";"Com Vítimas Fatais";"Pleno dia";"Decrescente";"Ignorado";"Simples";"Curva";"Não";3;3;0;0;0;0;0;1;-11,167847;-45,06716;"SPRF-BA";"DEL10-BA";"UOP01-DEL10-BA"
335240;2021-01-18;"segunda-feira";"13:30:00";"MG";262;186,7;"SAO DOMINGOS DO PRATA";"Retorno proibido";"Colisão transversal";"Com Vítimas Feridas";"Pleno dia";"Crescente";"Sol";"Simples";"Reta";"Não";9;0;3;0;6;0;3;2;-19,8960903;-43,04050143;"SPRF-MG";"DEL03-MG";"UOP01-DEL03-MG"
335245;2021-01-18;"segunda-feira";"15:20:00";"PB";230;15,1;"JOAO PESSOA";"Reação tardia ou ineficiente do condutor";"Colisão traseira";"Com Vítimas Feridas";"Pleno dia";"Crescente";"Céu Claro";"Dupla";"Aclive;Reta";"Sim";2;0;1;0;1;0;1;2;-7,093;-34,8482;"SPRF-PB";"DEL01-PB";"UOP01-DEL01-PB"
335246;2021-01-18;"segunda-feira";"13:00:00";"RJ";101;415;"MANGARATIBA";"Condutor Dormindo";"Capotamento";"Com Vítimas Feridas";"Pleno dia";"Crescente";"Céu Claro";"Dupla";"Reta";"Não";1;0;1;0;0;0;1;1;-22,91064515;-43,89333313;"SPRF-RJ";"DEL03-RJ";"UOP01-DEL03-RJ"
335250;2021-01-18;"segunda-feira";"15:40:00";"PR";0;0;"TIBAGI";"Pista Escorregadia";"Colisão com objeto";"Sem Vítimas";"Pleno dia";"Não Informado";"Garoa/Chuvisco";"Simples";"Curva";"Não";3;0;0;0;3;0;0;1;-24,85957891;-50,43139547;"SPRF-PR";"DEL03-PR";"N/A"
335253;2021-01-18;"segunda-feira";"16:40:00";"PR";116;14;"CAMPINA GRANDE DO SUL";"Pista Escorregadia";"Capotamento";"Com Vítimas Feridas";"Pleno dia";"Crescente";"Chuva";"Dupla";"Curva";"Sim";2;0;1;0;1;0;1;1;-25,09836429;-48,67391969;"SPRF-PR";"DEL01-PR";"UOP02-DEL01-PR"
335255;2021-01-18;"segunda-feira";"16:55:00";"RS";392;5,2;"RIO GRANDE";"Desrespeitar a preferência no cruzamento";"Colisão transversal";"Sem Vítimas";"Pleno dia";"Decrescente";"Céu Claro";"Simples";"Reta";"Não";2;0;0;0;2;0;0;2;-32,07687877;-52,10166627;"SPRF-RS";"DEL07-RS";"UOP02-DEL07-RS"
335256;2021-01-18;"segunda-feira";"17:25:00";"SP";153;64,1;"SAO JOSE DO RIO PRETO";"Manobra de mudança de faixa";"Colisão lateral";"Com Vítimas Feridas";"Pleno dia";"Decrescente";"Nublado";"Dupla";"Viaduto";"Sim";1;0;1;0;0;0;1;1;-20,82919401;-49,36046325;"SPRF-SP";"DEL09-SP";"UOP01-DEL09-SP"
335260;2021-01-18;"segunda-feira";"17:50:00";"RS";116;233;"ESTANCIA VELHA";"Desrespeitar a preferência no cruzamento";"Colisão transversal";"Com Vítimas Feridas";"Pleno dia";"Crescente";"Sol";"Simples";"Reta";"Sim";2;0;1;1;0;0;2;2;-29,63787301;-51,14184206;"SPRF-RS";"DEL01-RS";"UOP02-DEL01-RS"
335261;2021-01-14;"quinta-feira";"17:00:00";"MG";365;680;"MONTE ALEGRE DE MINAS";"Velocidade Incompatível";"Saída de leito carroçável";"Com Vítimas Feridas";"Pleno dia";"Crescente";"Céu Claro";"Dupla";"Reta";"Não";1;0;1;0;0;0;1;1;-18,84915171;-48,81914097;"SPRF-MG";"DEL15-MG";"UOP01-DEL15-MG"
335262;2021-01-18;"segunda-feira";"16:15:00";"BA";330;845;"IPIAU";"Trafegar com motocicleta (ou similar) entre as faixas";"Colisão lateral";"Com Vítimas Feridas";"Pleno dia";"Crescente";"Céu Claro";"Simples";"Aclive";"Não";8;0;2;0;4;2;2;4;-14,15993086;-39,69261383;"SPRF-BA";"DEL03-BA";"UOP01-DEL03-BA"
335264;2021-01-18;"segunda-feira";"07:35:00";"MA";316;261;"SANTA INES";"Condutor usando celular";"Colisão traseira";"Com Vítimas Feridas";"Pleno dia";"Crescente";"Nublado";"Simples";"Reta";"Sim";2;0;0;1;1;0;1;2;-3,676243;-45,389366;"SPRF-MA";"DEL02-MA";"UOP01-DEL02-MA"
335265;2021-01-18;"segunda-feira";"18:15:00";"GO";20;185;"ALVORADA DO NORTE";"Ingestão de álcool pelo condutor";"Colisão traseira";"Com Vítimas Feridas";"Anoitecer";"Crescente";"Garoa/Chuvisco";"Dupla";"Curva";"Não";2;0;0;1;1;0;1;2;-14,443042;-46,462242;"SPRF-DF";"DEL02-DF";"UOP03-DEL02-DF"
335266;2021-01-18;"segunda-feira";"17:20:00";"MG";116;305,2;"ITAMBACURI";"Velocidade Incompatível";"Saída de leito carroçável";"Com Vítimas Feridas";"Pleno dia";"Crescente";"Céu Claro";"Simples";"Declive;Curva";"Não";1;0;0;1;0;0;1;1;-18,03188584;-41,65290534;"SPRF-MG";"DEL11-MG";"UOP01-DEL11-MG"
335267;2021-01-18;"segunda-feira";"18:41:00";"ES";482;108;"GUACUI";"Condutor deixou de manter distância do veículo da frente";"Colisão traseira";"Com Vítimas Feridas";"Anoitecer";"Crescente";"Céu Claro";"Simples";"Reta";"Sim";2;0;1;0;1;0;1;2;-20,78769691;-41,6874642;"SPRF-ES";"DEL03-ES";"UOP02-DEL03-ES"
335268;2021-01-18;"segunda-feira";"18:30:00";"RN";101;112,9;"SAO JOSE DE MIPIBU";"Pedestre andava na pista";"Atropelamento de Pedestre";"Com Vítimas Feridas";"Plena Noite";"Crescente";"Céu Claro";"Dupla";"Reta";"Não";3;0;2;0;0;1;2;2;-5,96849604;-35,26485801;"SPRF-RN";"DEL01-RN";"UOP01-DEL01-RN"
335270;2021-01-18;"segunda-feira";"18:30:00";"GO";40;56,3;"CRISTALINA";"Animais na Pista";"Saída de leito carroçável";"Com Vítimas Feridas";"Anoitecer";"Decrescente";"Céu Claro";"Dupla";"Reta";"Não";3;0;1;0;2;0;1;1;-16,494299;-47,813276;"SPRF-DF";"DEL01-DF";"UOP02-DEL01-DF"
335274;2021-01-18;"segunda-feira";"18:30:00";"SC";101;32;"JOINVILLE";"Chuva";"Colisão lateral";"Sem Vítimas";"Anoitecer";"Decrescente";"Chuva";"Dupla";"Reta";"Não";1;0;0;0;1;0;0;1;-26,226987;-48,91657;"SPRF-SC";"DEL03-SC";"UOP01-DEL03-SC"
335275;2021-01-17;"domingo";"08:00:00";"PB";230;239,2;"JUAZEIRINHO";"Manobra de mudança de faixa";"Colisão frontal";"Com Vítimas Fatais";"Pleno dia";"Crescente";"Sol";"Simples";"Reta";"Não";3;1;0;1;0;1;1;3;-7,0595;-36,555;"SPRF-PB";"DEL02-PB";"UOP02-DEL02-PB"
335276;2021-01-18;"segunda-feira";"16:40:00";"RJ";465;3,5;"SEROPEDICA";"Pedestre cruzava a pista fora da faixa";"Atropelamento de Pedestre";"Com Vítimas Fatais";"Pleno dia";"Crescente";"Céu Claro";"Simples";"Reta";"Sim";7;1;0;2;4;0;2;5;-22,7454332;-43,701307;"SPRF-RJ";"DEL01-RJ";"UOP03-DEL01-RJ"
335277;2021-01-18;"segunda-feira";"17:40:00";"RJ";465;3;"SEROPEDICA";"Conversão proibida";"Colisão transversal";"Com Vítimas Feridas";"Pleno dia";"Crescente";"Céu Claro";"Simples";"Reta";"Não";2;0;1;0;1;0;1;2;-22,73427;-43,711994;"SPRF-RJ";"DEL01-RJ";"UOP03-DEL01-RJ"
335280;2021-01-18;"segunda-feira";"20:05:00";"PR";277;584;"CASCAVEL";"Falta de acostamento";"Atropelamento de Pedestre";"Com Vítimas Feridas";"Plena Noite";"Decrescente";"Céu Claro";"Dupla";"Reta";"Não";2;0;1;0;1;0;1;2;-24,96684176;-53,40258186;"SPRF-PR";"DEL04-PR";"UOP01-DEL04-PR"
335281;2021-01-18;"segunda-feira";"17:55:00";"MT";70;743;"CACERES";"Ultrapassagem Indevida";"Saída de leito carroçável";"Com Vítimas Feridas";"Pleno dia";"Decrescente";"Nublado";"Simples";"Reta";"Não";1;0;1;0;0;0;1;1;-16,01389492;-57,73855496;"SPRF-MT";"DEL03-MT";"UOP01-DEL03-MT"
335282;2021-01-18;"segunda-feira";"18:57:00";"MA";316;551,8;"CAXIAS";"Entrada inopinada do pedestre";"Queda de ocupante de veículo";"Com Vítimas Feridas";"Plena Noite";"Crescente";"Nublado";"Simples";"Reta";"Sim";1;0;0;1;0;0;1;1;-4,886332;-43,353386;"SPRF-MA";"DEL03-MA";"UOP02-DEL03-MA"
335283;2021-01-18;"segunda-feira";"17:50:00";"SC";280;178,9;"MAFRA";"Velocidade Incompatível";"Saída de leito carroçável";"Com Vítimas Feridas";"Pleno dia";"Decrescente";"Chuva";"Simples";"Curva";"Não";1;0;1;0;0;0;1;1;-26,1782401;-49,87415314;"SPRF-SC";"DEL06-SC";"UOP01-DEL06-SC"
335287;2021-01-18;"segunda-feira";"18:45:00";"SC";101;206,3;"SAO JOSE";"Reação tardia ou ineficiente do condutor";"Colisão traseira";"Com Vítimas Feridas";"Anoitecer";"Crescente";"Garoa/Chuvisco";"Múltipla";"Reta";"Sim";2;0;1;0;0;1;1;2;-27,59193546;-48,61824557;"SPRF-SC";"DEL01-SC";"UOP01-DEL01-SC"
335288;2021-01-18;"segunda-feira";"18:05:00";"SP";116;550;"BARRA DO TURVO";"Pista Escorregadia";"Capotamento";"Com Vítimas Feridas";"Anoitecer";"Decrescente";"Chuva";"Dupla";"Curva";"Não";1;0;1;0;0;0;1;1;-24,967012;-48,467394;"SPRF-SP";"DEL05-SP";"UOP02-DEL05-SP"
335290;2021-01-18;"segunda-feira";"19:35:00";"SC";101;148,5;"ITAPEMA";"Condutor deixou de manter distância do veículo da frente";"Colisão traseira";"Com Vítimas Feridas";"Plena Noite";"Decrescente";"Chuva";"Simples";"Reta";"Sim";2;0;1;0;1;0;1;2;-27,10123686;-48,61807962;"SPRF-SC";"DEL04-SC";"UOP03-DEL04-SC"
335292;2021-01-06;"quarta-feira";"13:40:00";"PA";316;35;"SANTA IZABEL DO PARA";"Desrespeitar a preferência no cruzamento";"Colisão transversal";"Com Vítimas Feridas";"Pleno dia";"Crescente";"Céu Claro";"Dupla";"Reta";"Sim";2;0;1;0;1;0;1;2;-1,29146197;-48,164561;"SPRF-PA";"DEL01-PA";"UOP01-DEL01-PA"
335293;2021-01-18;"segunda-feira";"18:25:00";"MS";463;107;"PONTA PORA";"Acessar a via sem observar a presença dos outros veículos";"Colisão transversal";"Sem Vítimas";"Anoitecer";"Decrescente";"Garoa/Chuvisco";"Simples";"Reta";"Sim";2;0;0;0;1;1;0;2;-22,59094101;-55,67301101;"SPRF-MS";"DEL04-MS";"UOP03-DEL04-MS"
335295;2021-01-03;"domingo";"16:00:00";"MG";365;553;"NOVA PONTE";"Acessar a via sem observar a presença dos outros veículos";"Colisão traseira";"Com Vítimas Feridas";"Pleno dia";"Decrescente";"Céu Claro";"Simples";"Reta";"Não";6;0;3;0;3;0;3;3;-18,93043379;-47,71371204;"SPRF-MG";"DEL15-MG";"UOP02-DEL15-MG"
335297;2021-01-18;"segunda-feira";"21:00:00";"PE";232;68,3;"GRAVATA";"Demais falhas mecânicas ou elétricas";"Colisão traseira";"Sem Vítimas";"Plena Noite";"Crescente";"Céu Claro";"Dupla";"Reta";"Não";2;0;0;0;2;0;0;2;-8,16728938;-35,47308397;"SPRF-PE";"DEL02-PE";"UOP02-DEL02PE"
335298;2021-01-18;"segunda-feira";"19:30:00";"PE";101;163,2;"RIBEIRAO";"Reação tardia ou ineficiente do condutor";"Saída de leito carroçável";"Com Vítimas Feridas";"Plena Noite";"Crescente";"Céu Claro";"Dupla";"Curva";"Não";1;0;1;0;0;0;1;1;-8,55039544;-35,44619699;"SPRF-PE";"DEL01-PE";"UOP03-DEL01-PE"
335299;2021-01-18;"segunda-feira";"22:30:00";"ES";101;272,5;"SERRA";"Demais falhas mecânicas ou elétricas";"Queda de ocupante de veículo";"Com Vítimas Feridas";"Plena Noite";"Decrescente";"Céu Claro";"Dupla";"Reta";"Não";1;0;0;1;0;0;1;1;-20,22724888;-40,28426988;"SPRF-ES";"DEL02-ES";"UOP01-DEL02-ES"
335300;2021-01-18;"segunda-feira";"15:53:00";"RO";364;341;"JI-PARANA";"Desrespeitar a preferência no cruzamento";"Colisão transversal";"Com Vítimas Feridas";"Pleno dia";"Crescente";"Nublado";"Dupla";"Interseção de Vias";"Sim";3;0;2;0;1;0;2;2;-10,88987987;-61,93126772;"SPRF-RO";"DEL02-RO";"UOP01-DEL02-RO"
335303;2021-01-18;"segunda-feira";"21:35:00";"RS";116;265;"CANOAS";"Ausência de reação do condutor";"Colisão com objeto";"Com Vítimas Feridas";"Plena Noite";"Crescente";"Céu Claro";"Múltipla";"Reta";"Não";1;0;1;0;0;0;1;1;-29,92342302;-51,17780944;"SPRF-RS";"DEL01-RS";"UOP01-DEL01-RS"
335304;2021-01-18;"segunda-feira";"22:50:00";"GO";20;185;"SIMOLANDIA";"Demais falhas na via";"Capotamento";"Com Vítimas Feridas";"Plena Noite";"Crescente";"Céu Claro";"Dupla";"Retorno Regulamentado";"Não";2;0;1;1;0;0;2;1;-14,443042;-46,462242;"SPRF-DF";"DEL02-DF";"UOP03-DEL02-DF"
335307;2021-01-19;"terça-feira";"00:05:00";"PR";373;277;"PRUDENTOPOLIS";"Chuva";"Saída de leito carroçável";"Com Vítimas Feridas";"Plena Noite";"Decrescente";"Chuva";"Simples";"Curva";"Não";2;0;2;0;0;0;2;1;-25,26092549;-51,08552726;"SPRF-PR";"DEL08-PR";"UOP01-DEL08-PR"
335310;2021-01-18;"segunda-feira";"17:20:00";"BA";330;807,1;"JEQUIE";"Reação tardia ou ineficiente do condutor";"Colisão transversal";"Com Vítimas Fatais";"Pleno dia";"Decrescente";"Ignorado";"Simples";"Aclive";"Não";3;2;0;1;0;0;1;2;-13,98868384;-39,93740488;"SPRF-BA";"DEL03-BA";"UOP01-DEL03-BA"
335314;2021-01-19;"terça-feira";"00:00:00";"MS";262;748,1;"CORUMBA";"Ingestão de álcool pelo condutor";"Saída de leito carroçável";"Com Vítimas Feridas";"Plena Noite";"Decrescente";"Chuva";"Simples";"Reta;Declive";"Não";1;0;1;0;0;0;1;1;-19,30600754;-57,60400259;"SPRF-MS";"DEL03-MS";"UOP03-DEL03-MS"
335316;2021-01-19;"terça-feira";"00:30:00";"RJ";465;13;"SEROPEDICA";"Velocidade Incompatível";"Atropelamento de Pedestre";"Com Vítimas Feridas";"Plena Noite";"Decrescente";"Céu Claro";"Simples";"Reta";"Sim";3;0;1;0;2;0;1;2;-22,798468;-43,645508;"SPRF-RJ";"DEL01-RJ";"UOP03-DEL01-RJ"
335317;2021-01-19;"terça-feira";"01:30:00";"PR";277;721,5;"FOZ DO IGUACU";"Ingestão de álcool pelo condutor";"Colisão traseira";"Com Vítimas Fatais";"Plena Noite";"Decrescente";"Nublado";"Dupla";"Reta";"Sim";3;1;1;0;1;0;1;2;-25,4903116;-54,50949311;"SPRF-PR";"DEL05-PR";"UOP03-DEL05-PR"
335322;2021-01-19;"terça-feira";"03:00:00";"SC";282;224,4;"LAGES";"Ingestão de álcool pelo condutor";"Saída de leito carroçável";"Sem Vítimas";"Plena Noite";"Decrescente";"Céu Claro";"Simples";"Curva";"Sim";1;0;0;0;1;0;0;1;-27,79261727;-50,37428856;"SPRF-SC";"DEL05-SC";"UOP02-DEL05-SC"
335324;2021-01-19;"terça-feira";"03:56:00";"RJ";101;324;"NITEROI";"Reação tardia ou ineficiente do condutor";"Colisão com objeto";"Com Vítimas Feridas";"Plena Noite";"Decrescente";"Céu Claro";"Múltipla";"Reta";"Sim";4;0;2;0;2;0;2;1;-22,87381074;-43,12640997;"SPRF-RJ";"DEL02-RJ";"UOP02-DEL02-RJ"
335327;2021-01-19;"terça-feira";"03:30:00";"PE";428;73,6;"SANTA MARIA DA BOA VISTA";"Avarias e/ou desgaste excessivo no pneu";"Colisão com objeto";"Com Vítimas Feridas";"Plena Noite";"Crescente";"Céu Claro";"Simples";"Ponte";"Não";2;0;1;0;0;1;1;1;-8,72018283;-39,77321719;"SPRF-PE";"DEL06-PE";"UOP03-DEL06-PE"
335328;2021-01-19;"terça-feira";"00:30:00";"PR";476;132;"CURITIBA";"Pedestre andava na pista";"Atropelamento de Pedestre";"Com Vítimas Feridas";"Plena Noite";"Crescente";"Chuva";"Dupla";"Reta";"Sim";2;0;1;0;1;0;1;2;-25,460718;-49,250488;"SPRF-PR";"DEL01-PR";"UOP03-DEL01-PR"
335330;2021-01-18;"segunda-feira";"17:37:00";"MG";40;38,9;"PARACATU";"Condutor Dormindo";"Saída de leito carroçável";"Com Vítimas Feridas";"Anoitecer";"Decrescente";"Céu Claro";"Simples";"Reta";"Não";2;0;2;0;0;0;2;1;-17,21050388;-46,89942099;"SPRF-MG";"DEL14-MG";"UOP01-DEL14-MG"
335332;2021-01-19;"terça-feira";"06:00:00";"MG";40;511;"RIBEIRAO DAS NEVES";"Manobra de mudança de faixa";"Colisão lateral";"Com Vítimas Feridas";"Pleno dia";"Crescente";"Sol";"Dupla";"Reta";"Sim";2;0;1;0;1;0;1;2;-19,78164295;-44,11733194;"SPRF-MG";"DEL01-MG";"UOP02-DEL01-MG"
335333;2021-01-19;"terça-feira";"06:50:00";"CE";20;325;"CARIDADE";"Condutor deixou de manter distância do veículo da frente";"Colisão traseira";"Com Vítimas Feridas";"Pleno dia";"Crescente";"Céu Claro";"Simples";"Reta";"Sim";4;0;2;0;2;0;2;2;-4,24158307;-39,2043639;"SPRF-CE";"DEL02-CE";"UOP01-DEL02-CE"
335334;2021-01-19;"terça-feira";"07:00:00";"BA";242;785,2;"BARREIRAS";"Reação tardia ou ineficiente do condutor";"Colisão lateral";"Com Vítimas Feridas";"Pleno dia";"Decrescente";"Céu Claro";"Simples";"Reta";"Não";3;0;1;0;1;1;1;3;-12,139383;-44,937901;"SPRF-BA";"DEL10-BA";"UOP01-DEL10-BA"
335335;2021-01-19;"terça-feira";"06:15:00";"MG";40;515;"RIBEIRAO DAS NEVES";"Trafegar com motocicleta (ou similar) entre as faixas";"Colisão lateral";"Com Vítimas Feridas";"Pleno dia";"Crescente";"Céu Claro";"Dupla";"Reta";"Não";2;0;1;0;1;0;1;2;-19,8090079;-44,09493479;"SPRF-MG";"DEL01-MG";"UOP02-DEL01-MG"
335336;2021-01-19;"terça-feira";"05:20:00";"RN";406;150,6;"CEARA-MIRIM";"Pedestre andava na pista";"Atropelamento de Pedestre";"Com Vítimas Feridas";"Amanhecer";"Crescente";"Céu Claro";"Simples";"Reta";"Não";2;0;2;0;0;0;2;2;-5,64974982;-35,43234997;"SPRF-RN";"DEL02-RN";"UOP01-DEL02-RN"
335338;2021-01-19;"terça-feira";"07:15:00";"BA";116;408;"FEIRA DE SANTANA";"Manobra de mudança de faixa";"Saída de leito carroçável";"Com Vítimas Feridas";"Pleno dia";"Crescente";"Céu Claro";"Simples";"Reta";"Não";4;0;4;0;0;0;4;1;-12,09905801;-38,96893229;"SPRF-BA";"DEL02-BA";"UOP01-DEL02-BA"
335339;2021-01-19;"terça-feira";"05:30:00";"RJ";116;188,3;"NOVA IGUACU";"Ingestão de álcool e/ou substâncias psicoativas pelo pedestre";"Colisão com objeto";"Com Vítimas Fatais";"Amanhecer";"Decrescente";"Céu Claro";"Dupla";"Reta";"Não";1;1;0;0;0;0;0;1;-22,7380709;-43,48213999;"SPRF-RJ";"DEL01-RJ";"UOP02-DEL01-RJ"
335340;2021-01-19;"terça-feira";"08:00:00";"RS";285;563,1;"SAO LUIZ GONZAGA";"Manobra de mudança de faixa";"Colisão frontal";"Com Vítimas Feridas";"Pleno dia";"Crescente";"Sol";"Simples";"Reta";"Não";2;0;1;1;0;0;2;2;-28,41726779;-54,92934465;"SPRF-RS";"DEL10-RS";"UOP01-DEL10-RS"