"id";"data_inversa";"dia_semana";"horario";"uf";"br";"km";"municipio";"causa_acidente";"tipo_acidente";"classificacao_acidente";"fase_dia";"sentido_via";"condicao_metereologica";"tipo_pista";"tracado_via";"uso_solo";"pessoas";"mortos";"feridos_leves";"feridos_graves";"ilesos";"ignorados";"feridos";"veiculos";"latitude";"longitude";"regional";"delegacia";"uop"
335477;2021-01-20;"quarta-feira";"01:50:00";"CE";20;414;"MARACANAU";"Manobra de mudança de faixa";"Colisão com objeto";"Sem Vítimas";"Plena Noite";"Crescente";"Céu Claro";"Dupla";"Reta";"Não";1;0;0;0;0;1;0;1;-3,76999035;-38,67006282;"SPRF-CE";"DEL01-CE";"UOP01-DEL01-CE"
335479;2021-01-19;"terça-feira";"21:00:00";"CE";230;29;"LAVRAS DA MANGABEIRA";"Ingestão de álcool pelo condutor";"Capotamento";"Com Vítimas Fatais";"Plena Noite";"Crescente";"Nublado";"Simples";"Curva";"Não";2;1;0;0;1;0;0;1;-6,75920309;-38,87290101;"SPRF-CE";"DEL05-CE";"UOP01-DEL05-CE"
335482;2021-01-20;"quarta-feira";"03:50:00";"RJ";101;278,3;"TANGUA";"Animais na Pista";"Atropelamento de Animal";"Com Vítimas Feridas";"Plena Noite";"Crescente";"Céu Claro";"Dupla";"Reta";"Não";3;0;1;1;1;0;2;1;-22,74024136;-42,75799897;"SPRF-RJ";"DEL02-RJ";"UOP03-DEL02-RJ"
335483;2021-01-20;"quarta-feira";"00:10:00";"MA";316;361;"BACABAL";"Transitar na contramão";"Colisão frontal";"Com Vítimas Fatais";"Plena Noite";"Crescente";"Chuva";"Simples";"Reta";"Sim";3;2;0;0;1;0;0;2;-4,221953;-44,784767;"SPRF-MA";"DEL02-MA";"UOP01-DEL02-MA"
335488;2021-01-20;"quarta-feira";"06:30:00";"PR";376;403,8;"TIBAGI";"Condutor Dormindo";"Saída de leito carroçável";"Com Vítimas Feridas";"Amanhecer";"Decrescente";"Nublado";"Dupla";"Reta";"Não";3;0;2;0;1;0;2;1;-24,61990918;-50,6481542;"SPRF-PR";"DEL03-PR";"UOP02-DEL03-PR"
335489;2021-01-20;"quarta-feira";"06:50:00";"DF";70;19;"BRASILIA";"Manobra de mudança de faixa";"Colisão lateral mesmo sentido";"Com Vítimas Feridas";"Pleno dia";"Decrescente";"Céu Claro";"Dupla";"Aclive";"Sim";3;0;1;0;2;0;1;2;-15,788868;-48,220242;"SPRF-DF";"DEL03-DF";"UOP02-DEL03-DF"
335490;2021-01-20;"quarta-feira";"07:00:00";"GO";60;30;"ALEXANIA";"Condutor deixou de manter distância do veículo da frente";"Colisão traseira";"Com Vítimas Feridas";"Pleno dia";"Decrescente";"Céu Claro";"Dupla";"Reta";"Sim";3;0;1;0;1;1;1;2;-16,0963;-48,5202;"SPRF-DF";"DEL03-DF";"UOP01-DEL03-DF"
335491;2021-01-20;"quarta-feira";"07:15:00";"ES";101;126,8;"SOORETAMA";"Velocidade Incompatível";"Colisão traseira";"Com Vítimas Feridas";"Pleno dia";"Crescente";"Céu Claro";"Múltipla";"Declive;Reta";"Sim";5;0;4;0;1;0;4;2;-19,20130893;-40,09572029;"SPRF-ES";"DEL04-ES";"UOP01-DEL04-ES"
335492;2021-01-20;"quarta-feira";"06:40:00";"MG";354;745,5;"POUSO ALTO";"Desrespeitar a preferência no cruzamento";"Colisão transversal";"Com Vítimas Feridas";"Amanhecer";"Decrescente";"Céu Claro";"Simples";"Reta;Rotatória;Interseção de Vias";"Sim";3;0;2;0;1;0;2;2;-22,25383057;-44,92996216;"SPRF-MG";"DEL17-MG";"UOP01-DEL17-MG"
335495;2021-01-20;"quarta-feira";"07:25:00";"SC";101;205;"SAO JOSE";"Velocidade Incompatível";"Queda de ocupante de veículo";"Com Vítimas Feridas";"Pleno dia";"Crescente";"Chuva";"Múltipla";"Curva";"Sim";1;0;1;0;0;0;1;1;-27,58313237;-48,61532885;"SPRF-SC";"DEL01-SC";"UOP01-DEL01-SC"
335496;2021-01-20;"quarta-feira";"07:40:00";"SC";101;203,8;"SAO JOSE";"Avarias e/ou desgaste excessivo no pneu";"Colisão lateral mesmo sentido";"Com Vítimas Feridas";"Pleno dia";"Crescente";"Chuva";"Múltipla";"Retorno Regulamentado";"Sim";2;0;1;0;1;0;1;2;-27,5650044;-48,61460082;"SPRF-SC";"DEL01-SC";"UOP01-DEL01-SC"
335500;2021-01-20;"quarta-feira";"07:50:00";"ES";101;294,7;"CARIACICA";"Avarias e/ou desgaste excessivo no pneu";"Saída de leito carroçável";"Com Vítimas Feridas";"Pleno dia";"Crescente";"Céu Claro";"Dupla";"Reta";"Sim";2;0;2;0;0;0;2;1;-20,32415948;-40,3952903;"SPRF-ES";"DEL01-ES";"UOP01-DEL01-ES"
335501;2021-01-20;"quarta-feira";"07:30:00";"MA";316;263,7;"SANTA INES";"Acessar a via sem observar a presença dos outros veículos";"Colisão transversal";"Com Vítimas Feridas";"Pleno dia";"Crescente";"Nublado";"Simples";"Reta";"Sim";2;0;1;0;1;0;1;2;-3,675226;-45,371643;"SPRF-MA";"DEL02-MA";"UOP01-DEL02-MA"
335502;2021-01-20;"quarta-feira";"07:15:00";"MG";381;668,9;"PERDOES";"Velocidade Incompatível";"Colisão com objeto";"Com Vítimas Feridas";"Pleno dia";"Crescente";"Céu Claro";"Dupla";"Curva";"Não";3;0;1;1;1;0;2;1;-21,05515;-45,033765;"SPRF-MG";"DEL04-MG";"UOP02-DEL04-MG"
335504;2021-01-20;"quarta-feira";"08:50:00";"DF";70;11,8;"BRASILIA";"Reação tardia ou ineficiente do condutor";"Colisão traseira";"Com Vítimas Feridas";"Pleno dia";"Decrescente";"Céu Claro";"Dupla";"Reta";"Não";3;0;1;0;2;0;1;2;-15,789762;-48,148727;"SPRF-DF";"DEL03-DF";"UOP02-DEL03-DF"
335507;2021-01-20;"quarta-feira";"09:00:00";"PE";101;70,6;"RECIFE";"Entrada inopinada do pedestre";"Atropelamento de Pedestre";"Com Vítimas Feridas";"Pleno dia";"Crescente";"Céu Claro";"Dupla";"Reta";"Sim";3;0;2;0;0;1;2;2;-8,06776119;-34,94265074;"SPRF-PE";"DEL01-PE";"UOP01-DEL01-PE"
335508;2021-01-20;"quarta-feira";"08:30:00";"PB";230;49;"CRUZ DO ESPIRITO SANTO";"Condutor Dormindo";"Capotamento";"Com Vítimas Feridas";"Pleno dia";"Decrescente";"Céu Claro";"Dupla";"Reta";"Não";1;0;1;0;0;0;1;1;-7,188173;-35,059487;"SPRF-PB";"DEL01-PB";"UOP03-DEL01-PB"
335509;2021-01-20;"quarta-feira";"08:15:00";"DF";70;11,5;"BRASILIA";"Manobra de mudança de faixa";"Colisão lateral mesmo sentido";"Com Vítimas Feridas";"Pleno dia";"Decrescente";"Céu Claro";"Dupla";"Reta";"Sim";3;0;2;0;1;0;2;2;-15,789762;-48,148727;"SPRF-DF";"DEL03-DF";"UOP02-DEL03-DF"
335512;2021-01-20;"quarta-feira";"07:10:00";"DF";20;18,8;"BRASILIA";"Ausência de reação do condutor";"Engavetamento";"Com Vítimas Feridas";"Pleno dia";"Decrescente";"Sol";"Dupla";"Reta;Aclive";"Sim";6;0;1;0;5;0;1;3;-15,616901;-47,708927;"SPRF-DF";"DEL02-DF";"UOP01-DEL02-DF"
335514;2021-01-20;"quarta-feira";"08:08:00";"RJ";40;120;"DUQUE DE CAXIAS";"Reação tardia ou ineficiente do condutor";"Colisão transversal";"Com Vítimas Feridas";"Pleno dia";"Crescente";"Céu Claro";"Múltipla";"Reta;Interseção de Vias";"Sim";2;0;0;1;1;0;1;2;-22,77280597;-43,28626763;"SPRF-RJ";"DEL01-RJ";"UOP01-DEL01-RJ"
335517;2021-01-20;"quarta-feira";"09:40:00";"RN";101;85;"NATAL";"Objeto estático sobre o leito carroçável";"Colisão com objeto";"Com Vítimas Feridas";"Pleno dia";"Crescente";"Céu Claro";"Dupla";"Ponte";"Sim";1;0;1;0;0;0;1;1;-5,777664;-35,24937;"SPRF-RN";"DEL02-RN";"UOP01-DEL02-RN"
335518;2021-01-20;"quarta-feira";"08:30:00";"SP";116;274;"TABOAO DA SERRA";"Manobra de mudança de faixa";"Colisão lateral";"Com Vítimas Feridas";"Pleno dia";"Crescente";"Céu Claro";"Dupla";"Reta";"Sim";4;0;2;0;2;0;2;3;-23,618075;-46,805186;"SPRF-SP";"DEL04-SP";"UOP01-DEL04-SP"
335520;2021-01-20;"quarta-feira";"07:50:00";"SP";116;564;"BARRA DO TURVO";"Reação tardia ou ineficiente do condutor";"Colisão com objeto";"Com Vítimas Feridas";"Pleno dia";"Crescente";"Chuva";"Dupla";"Curva";"Não";2;0;1;0;1;0;1;1;-25,03458919;-48,53543877;"SPRF-SP";"DEL05-SP";"UOP02-DEL05-SP"
335521;2021-01-20;"quarta-feira";"09:00:00";"GO";70;321;"JUSSARA";"Velocidade Incompatível";"Colisão traseira";"Com Vítimas Feridas";"Pleno dia";"Crescente";"Céu Claro";"Simples";"Reta";"Sim";3;0;1;0;2;0;1;2;-15,87613829;-50,89525938;"SPRF-GO";"DEL04-GO";"UOP01-DEL04-GO"
335522;2021-01-20;"quarta-feira";"09:45:00";"SC";282;522,7;"XAXIM";"Mal súbito do condutor";"Saída de leito carroçável";"Com Vítimas Feridas";"Pleno dia";"Decrescente";"Nublado";"Dupla";"Rotatória";"Sim";1;0;1;0;0;0;1;1;-26,956238;-52,542637;"SPRF-SC";"DEL07-SC";"UOP01-DEL07-SC"
335524;2021-01-20;"quarta-feira";"10:15:00";"MG";381;844;"SAO SEBASTIAO DA BELA VISTA";"Obras na pista";"Queda de ocupante de veículo";"Com Vítimas Feridas";"Pleno dia";"Crescente";"Céu Claro";"Dupla";"Reta";"Não";1;0;1;0;0;0;1;1;-22,229838;-45,876144;"SPRF-MG";"DEL16-MG";"UOP01-DEL16-MG"
335525;2021-01-20;"quarta-feira";"09:30:00";"RN";110;58,8;"MOSSORO";"Pista esburacada";"Saída de leito carroçável";"Com Vítimas Feridas";"Pleno dia";"Crescente";"Nublado";"Simples";"Reta";"Não";1;0;1;0;0;0;1;1;-5,297876;-37,330691;"SPRF-RN";"DEL04-RN";"UOP01-DEL04-RN"
335528;2021-01-20;"quarta-feira";"07:29:00";"ES";101;134;"SOORETAMA";"Reação tardia ou ineficiente do condutor";"Colisão lateral";"Com Vítimas Feridas";"Pleno dia";"Crescente";"Céu Claro";"Simples";"Reta";"Não";3;0;1;0;2;0;1;2;-19,26602502;-40,08886123;"SPRF-ES";"DEL04-ES";"UOP01-DEL04-ES"
335529;2021-01-20;"quarta-feira";"07:30:00";"SC";280;91,5;"CORUPA";"Chuva";"Capotamento";"Com Vítimas Feridas";"Amanhecer";"Decrescente";"Garoa/Chuvisco";"Simples";"Curva;Declive";"Não";3;0;3;0;0;0;3;1;-26,40198057;-49,29053774;"SPRF-SC";"DEL06-SC";"UOP03-DEL06-SC"
335531;2021-01-20;"quarta-feira";"09:50:00";"GO";251;32;"CRISTALINA";"Acessar a via sem observar a presença dos outros veículos";"Colisão transversal";"Sem Vítimas";"Pleno dia";"Crescente";"Céu Claro";"Simples";"Reta";"Não";3;0;0;0;2;1;0;3;-16,06677565;-47,53166968;"SPRF-DF";"DEL01-DF";"UOP01-DEL01-DF"
335533;2021-01-15;"sexta-feira";"10:00:00";"PE";101;68;"RECIFE";"Condutor deixou de manter distância do veículo da frente";"Colisão traseira";"Com Vítimas Feridas";"Pleno dia";"Crescente";"Sol";"Dupla";"Viaduto";"Sim";6;0;2;0;4;0;2;5;-8,05074296;-34,94580619;"SPRF-PE";"DEL01-PE";"UOP01-DEL01-PE"
335538;2021-01-20;"quarta-feira";"11:20:00";"GO";50;286,4;"CATALAO";"Acumulo de óleo sobre o pavimento";"Tombamento";"Sem Vítimas";"Pleno dia";"Crescente";"Céu Claro";"Simples";"Reta";"Não";1;0;0;0;1;0;0;1;-18,22207526;-47,9727459;"SPRF-GO";"DEL06-GO";"UOP01-DEL06-GO"
335542;2021-01-02;"sábado";"19:40:00";"MS";163;501;"CAMPO GRANDE";"Ausência de reação do condutor";"Saída de leito carroçável";"Com Vítimas Feridas";"Plena Noite";"Decrescente";"Céu Claro";"Simples";"Reta";"Não";5;0;1;0;4;0;1;1;-20,315517;-54,512839;"SPRF-MS";"DEL01-MS";"UOP02-DEL01-MS"
335543;2021-01-20;"quarta-feira";"11:20:00";"ES";101;35;"CONCEICAO DA BARRA";"Reação tardia ou ineficiente do condutor";"Colisão com objeto";"Sem Vítimas";"Pleno dia";"Decrescente";"Céu Claro";"Simples";"Reta";"Não";2;0;0;0;2;0;0;2;-18,45416994;-39,9307555;"SPRF-ES";"DEL04-ES";"UOP02-DEL04-ES"
335544;2021-01-20;"quarta-feira";"11:40:00";"PE";428;189,2;"PETROLINA";"Transitar na contramão";"Colisão transversal";"Com Vítimas Feridas";"Pleno dia";"Crescente";"Céu Claro";"Simples";"Reta";"Sim";2;0;2;0;0;0;2;2;-9,37659059;-40,49708605;"SPRF-PE";"DEL06-PE";"UOP01-DEL06-PE"
335550;2021-01-20;"quarta-feira";"11:10:00";"SC";163;104,2;"SAO JOSE DO CEDRO";"Condutor deixou de manter distância do veículo da frente";"Colisão traseira";"Com Vítimas Feridas";"Pleno dia";"Decrescente";"Chuva";"Simples";"Reta;Declive;Em Obras;Desvio Temporário";"Sim";3;0;1;0;2;0;1;3;-26,45056602;-53,51275206;"SPRF-SC";"DEL07-SC";"UOP03-DEL07-SC"
335551;2021-01-20;"quarta-feira";"13:10:00";"RS";290;107;"ELDORADO DO SUL";"Pista Escorregadia";"Tombamento";"Com Vítimas Feridas";"Pleno dia";"Decrescente";"Nublado";"Dupla";"Rotatória";"Sim";1;0;1;0;0;0;1;1;-30,001852;-51,304264;"SPRF-RS";"DEL02-RS";"UOP01-DEL02-RS"
335553;2021-01-08;"sexta-feira";"20:30:00";"CE";304;98,2;"ARACATI";"Acessar a via sem observar a presença dos outros veículos";"Colisão transversal";"Com Vítimas Feridas";"Plena Noite";"Crescente";"Céu Claro";"Dupla";"Reta";"Sim";3;0;0;3;0;0;3;2;-4,85869222;-37,46088434;"SPRF-CE";"DEL03-CE";"UOP03-DEL03-CE"
335554;2021-01-20;"quarta-feira";"11:00:00";"RO";364;12;"VILHENA";"Desrespeitar a preferência no cruzamento";"Colisão transversal";"Com Vítimas Feridas";"Pleno dia";"Crescente";"Nublado";"Simples";"Interseção de Vias";"Sim";2;0;1;0;1;0;1;2;-12,74370233;-60,12147609;"SPRF-RO";"DEL04-RO";"UOP01-DEL04-RO"
335558;2021-01-12;"terça-feira";"09:50:00";"RN";226;73,6;"SERRA CAIADA";"Reação tardia ou ineficiente do condutor";"Capotamento";"Com Vítimas Feridas";"Pleno dia";"Crescente";"Nublado";"Simples";"Curva";"Não";1;0;1;0;0;0;1;1;-6,13998101;-35,73043398;"SPRF-RN";"DEL03-RN";"UOP02-DEL03-RN"
335559;2021-01-20;"quarta-feira";"13:12:00";"PR";277;730,6;"FOZ DO IGUACU";"Entrada inopinada do pedestre";"Atropelamento de Pedestre";"Com Vítimas Feridas";"Pleno dia";"Crescente";"Nublado";"Dupla";"Curva";"Sim";2;0;0;1;1;0;1;2;-25,50951437;-54,59491611;"SPRF-PR";"DEL05-PR";"UOP03-DEL05-PR"
335561;2021-01-20;"quarta-feira";"14:20:00";"MG";50;72;"UBERLANDIA";"Desrespeitar a preferência no cruzamento";"Colisão transversal";"Com Vítimas Feridas";"Pleno dia";"Crescente";"Céu Claro";"Dupla";"Interseção de Vias";"Sim";2;0;1;0;1;0;1;2;-18,90306891;-48,23570967;"SPRF-MG";"DEL15-MG";"UOP01-DEL15-MG"
335563;2021-01-20;"quarta-feira";"14:20:00";"PR";163;212,1;"CASCAVEL";"Avarias e/ou desgaste excessivo no pneu";"Saída de leito carroçável";"Com Vítimas Feridas";"Pleno dia";"Decrescente";"Garoa/Chuvisco";"Simples";"Reta";"Não";1;0;1;0;0;0;1;1;-24,92573701;-53,53696393;"SPRF-PR";"DEL05-PR";"UOP05-DEL05-PR"
335565;2021-01-20;"quarta-feira";"11:55:00";"PR";376;140;"NOVA ESPERANCA";"Velocidade Incompatível";"Saída de leito carroçável";"Com Vítimas Feridas";"Pleno dia";"Crescente";"Chuva";"Dupla";"Reta";"Não";1;0;1;0;0;0;1;1;-23,23251286;-52,17578888;"SPRF-PR";"DEL09-PR";"UOP02-DEL09-PR"
335566;2021-01-05;"terça-feira";"19:00:00";"TO";235;166,7;"TUPIRAMA";"Velocidade Incompatível";"Capotamento";"Com Vítimas Fatais";"Plena Noite";"Crescente";"Céu Claro";"Simples";"Rotatória;Aclive;Curva";"Não";2;1;1;0;0;0;1;1;-8,98369837;-48,19282129;"SPRF-TO";"DEL02-TO";"UOP02-DEL02-TO"
335568;2021-01-20;"quarta-feira";"14:50:00";"RJ";40;105;"DUQUE DE CAXIAS";"Transitar na contramão";"Colisão frontal";"Com Vítimas Feridas";"Pleno dia";"Decrescente";"Sol";"Múltipla";"Reta";"Sim";3;0;2;0;1;0;2;2;-22,63784806;-43,28428824;"SPRF-RJ";"DEL01-RJ";"UOP01-DEL01-RJ"
335570;2021-01-20;"quarta-feira";"14:20:00";"ES";101;266,7;"SERRA";"Velocidade Incompatível";"Tombamento";"Com Vítimas Feridas";"Pleno dia";"Crescente";"Céu Claro";"Múltipla";"Reta";"Sim";1;0;0;1;0;0;1;1;-20,190199;-40,26828891;"SPRF-ES";"DEL02-ES";"UOP01-DEL02-ES"
335573;2021-01-20;"quarta-feira";"15:20:00";"SP";101;49;"UBATUBA";"Acessar a via sem observar a presença dos outros veículos";"Colisão transversal";"Com Vítimas Feridas";"Pleno dia";"Crescente";"Sol";"Simples";"Reta";"Sim";3;0;0;1;1;1;1;2;-23,44410908;-45,08375708;"SPRF-SP";"DEL06-SP";"UOP01-DEL06-SP"
335575;2021-01-13;"quarta-feira";"19:00:00";"MS";262;560,2;"MIRANDA";"Reação tardia ou ineficiente do condutor";"Saída de leito carroçável";"Com Vítimas Feridas";"Plena Noite";"Decrescente";"Garoa/Chuvisco";"Simples";"Reta";"Não";1;0;1;0;0;0;1;1;-20,229023;-56,394074;"SPRF-MS";"DEL03-MS";"UOP02-DEL03-MS"
335576;2021-01-20;"quarta-feira";"13:24:00";"GO";60;114,3;"TEREZOPOLIS DE GOIAS";"Avarias e/ou desgaste excessivo no pneu";"Saída de leito carroçável";"Com Vítimas Feridas";"Pleno dia";"Crescente";"Céu Claro";"Dupla";"Reta";"Não";1;0;1;0;0;0;1;1;-16,4633;-49,0636;"SPRF-GO";"DEL01-GO";"UOP01-DEL01-GO"
335577;2021-01-20;"quarta-feira";"13:00:00";"MG";40;79;"PARACATU";"Reação tardia ou ineficiente do condutor";"Saída de leito carroçável";"Com Vítimas Feridas";"Pleno dia";"Decrescente";"Céu Claro";"Simples";"Reta";"Não";3;0;2;0;0;1;2;2;-17,45703003;-46,66874501;"SPRF-MG";"DEL14-MG";"UOP01-DEL14-MG"
335578;2021-01-09;"sábado";"19:00:00";"MS";262;356,3;"CAMPO GRANDE";"Acessar a via sem observar a presença dos outros veículos";"Colisão transversal";"Sem Vítimas";"Plena Noite";"Crescente";"Céu Claro";"Simples";"Interseção de Vias";"Sim";3;0;0;0;1;2;0;3;-20,546326;-54,683443;"SPRF-MS";"DEL01-MS";"UOP03-DEL01-MS"
335581;2021-01-17;"domingo";"05:47:00";"MT";70;192;"GENERAL CARNEIRO";"Demais falhas mecânicas ou elétricas";"Incêndio";"Sem Vítimas";"Amanhecer";"Crescente";"Céu Claro";"Simples";"Reta";"Não";2;0;0;0;2;0;0;1;-15,72189421;-53,67694292;"SPRF-MT";"DEL05-MT";"UOP01-DEL05-MT"
335582;2021-01-16;"sábado";"00:30:00";"MG";459;99,6;"POUSO ALEGRE";"Ingestão de álcool pelo condutor";"Colisão com objeto";"Com Vítimas Feridas";"Plena Noite";"Crescente";"Nublado";"Dupla";"Reta";"Não";5;0;2;0;0;3;2;3;-22,20908562;-45,92809981;"SPRF-MG";"DEL16-MG";"UOP01-DEL16-MG"
335584;2021-01-20;"quarta-feira";"15:35:00";"RN";304;34,7;"MOSSORO";"Manobra de mudança de faixa";"Colisão lateral";"Com Vítimas Feridas";"Pleno dia";"Decrescente";"Céu Claro";"Dupla";"Reta";"Sim";3;0;2;0;1;0;2;2;-5,15255798;-37,34873808;"SPRF-RN";"DEL04-RN";"UOP02-DEL04-RN"
335586;2021-01-20;"quarta-feira";"16:00:00";"PR";153;485;"PORTO VITORIA";"Pista Escorregadia";"Colisão frontal";"Com Vítimas Feridas";"Pleno dia";"Crescente";"Chuva";"Simples";"Curva";"Não";2;0;0;1;1;0;1;2;-26,23681;-51,167381;"SPRF-PR";"DEL02-PR";"UOP03-DEL02-PR"
335587;2021-01-20;"quarta-feira";"14:20:00";"MT";158;543,1;"AGUA BOA";"Velocidade Incompatível";"Capotamento";"Com Vítimas Feridas";"Pleno dia";"Decrescente";"Céu Claro";"Simples";"Reta";"Não";1;0;1;0;0;0;1;1;-13,861447;-52,062259;"SPRF-MT";"DEL07-MT";"UOP02-DEL07-MT"
335590;2021-01-20;"quarta-feira";"15:30:00";"PR";116;14;"CAMPINA GRANDE DO SUL";"Pista Escorregadia";"Saída de leito carroçável";"Sem Vítimas";"Pleno dia";"Decrescente";"Garoa/Chuvisco";"Dupla";"Curva";"Não";1;0;0;0;1;0;0;1;-25,09836429;-48,67391969;"SPRF-PR";"DEL01-PR";"UOP02-DEL01-PR"
335592;2021-01-20;"quarta-feira";"16:40:00";"CE";222;0,3;"CAUCAIA";"Pedestre cruzava a pista fora da faixa";"Atropelamento de Pedestre";"Com Vítimas Feridas";"Pleno dia";"Decrescente";"Nublado";"Dupla";"Reta";"Sim";2;0;1;1;0;0;2;2;-3,73687298;-38,64923716;"SPRF-CE";"DEL01-CE";"UOP01-DEL01-CE"
335593;2021-01-20;"quarta-feira";"16:15:00";"AL";101;242;"PORTO REAL DO COLEGIO";"Acumulo de água sobre o pavimento";"Capotamento";"Com Vítimas Feridas";"Pleno dia";"Decrescente";"Chuva";"Dupla";"Reta";"Não";2;0;1;0;1;0;1;1;-10,16106508;-36,81395391;"SPRF-AL";"DEL02-AL";"UOP02-DEL02-AL"
335594;2021-01-20;"quarta-feira";"16:50:00";"SP";116;146;"SAO JOSE DOS CAMPOS";"Manobra de mudança de faixa";"Colisão lateral mesmo sentido";"Com Vítimas Feridas";"Pleno dia";"Decrescente";"Céu Claro";"Dupla";"Reta";"Sim";1;0;1;0;0;0;1;1;-23,19122919;-45,86327591;"SPRF-SP";"DEL02-SP";"UOP01-DEL02-SP"
335597;2021-01-20;"quarta-feira";"15:20:00";"SC";101;233,5;"PALHOCA";"Chuva";"Tombamento";"Com Vítimas Feridas";"Pleno dia";"Crescente";"Chuva";"Dupla";"Curva";"Não";1;0;1;0;0;0;1;1;-27,80376397;-48,63826211;"SPRF-SC";"DEL01-SC";"UOP02-DEL01-SC"
335598;2021-01-20;"quarta-feira";"17:20:00";"PE";101;70;"RECIFE";"Animais na Pista";"Atropelamento de Animal";"Com Vítimas Feridas";"Pleno dia";"Decrescente";"Céu Claro";"Dupla";"Reta";"Sim";1;0;1;0;0;0;1;1;-8,07198849;-34,93850827;"SPRF-PE";"DEL01-PE";"UOP01-DEL01-PE"
335599;2021-01-20;"quarta-feira";"17:20:00";"DF";70;8;"BRASILIA";"Acessar a via sem observar a presença dos outros veículos";"Atropelamento de Pedestre";"Com Vítimas Feridas";"Anoitecer";"Crescente";"Céu Claro";"Dupla";"Reta";"Sim";3;0;2;0;1;0;2;2;-15,784966;-48,122108;"SPRF-DF";"DEL03-DF";"UOP02-DEL03-DF"
335600;2021-01-20;"quarta-feira";"17:15:00";"SC";470;62,9;"INDAIAL";"Desrespeitar a preferência no cruzamento";"Colisão transversal";"Com Vítimas Feridas";"Pleno dia";"Decrescente";"Garoa/Chuvisco";"Simples";"Reta";"Sim";2;0;1;0;1;0;1;2;-26,87211253;-49,19366406;"SPRF-SC";"DEL04-SC";"UOP01-DEL04-SC"
335601;2021-01-20;"quarta-feira";"17:05:00";"BA";324;621,1;"SALVADOR";"Acessar a via sem observar a presença dos outros veículos";"Queda de ocupante de veículo";"Com Vítimas Feridas";"Pleno dia";"Decrescente";"Nublado";"Dupla";"Reta";"Sim";1;0;1;0;0;0;1;1;-12,91233708;-38,45956983;"SPRF-BA";"DEL01-BA";"UOP01-DEL01-BA"
335603;2021-01-20;"quarta-feira";"15:30:00";"MG";262;45,3;"MANHUACU";"Acessar a via sem observar a presença dos outros veículos";"Colisão transversal";"Com Vítimas Feridas";"Pleno dia";"Crescente";"Céu Claro";"Simples";"Reta";"Não";3;0;2;0;1;0;2;2;-20,26268024;-42,10647583;"SPRF-MG";"DEL06-MG";"UOP03-DEL06-MG"
335605;2021-01-20;"quarta-feira";"17:35:00";"PR";469;13,3;"FOZ DO IGUACU";"Chuva";"Saída de leito carroçável";"Sem Vítimas";"Anoitecer";"Decrescente";"Chuva";"Simples";"Reta";"Sim";1;0;0;0;0;1;0;1;-25,5754;-54,5489;"SPRF-PR";"DEL05-PR";"UOP04-DEL05-PR"
335606;2021-01-20;"quarta-feira";"17:40:00";"SP";153;58,5;"SAO JOSE DO RIO PRETO";"Animais na Pista";"Tombamento";"Com Vítimas Feridas";"Pleno dia";"Decrescente";"Céu Claro";"Dupla";"Declive";"Sim";1;0;1;0;0;0;1;1;-20,77838195;-49,35300538;"SPRF-SP";"DEL09-SP";"UOP01-DEL09-SP"
335608;2021-01-20;"quarta-feira";"17:50:00";"MG";381;888;"CAMBUI";"Velocidade Incompatível";"Saída de leito carroçável";"Com Vítimas Feridas";"Pleno dia";"Decrescente";"Céu Claro";"Dupla";"Reta";"Não";1;0;1;0;0;0;1;1;-22,57036508;-46,04169076;"SPRF-MG";"DEL16-MG";"UOP03-DEL16-MG"
335609;2021-01-20;"quarta-feira";"18:00:00";"SC";470;52;"BLUMENAU";"Entrada inopinada do pedestre";"Atropelamento de Pedestre";"Com Vítimas Feridas";"Anoitecer";"Decrescente";"Nublado";"Simples";"Interseção de Vias";"Não";2;0;1;0;1;0;1;2;-26,862286;-49,093903;"SPRF-SC";"DEL04-SC";"UOP01-DEL04-SC"
335611;2021-01-20;"quarta-feira";"18:05:00";"RN";406;171;"SAO GONCALO DO AMARANTE";"Acessar a via sem observar a presença dos outros veículos";"Atropelamento de Pedestre";"Com Vítimas Feridas";"Plena Noite";"Crescente";"Céu Claro";"Dupla";"Reta";"Sim";3;0;1;1;0;1;2;2;-5,76172663;-35,29115323;"SPRF-RN";"DEL02-RN";"UOP01-DEL02-RN"
335618;2021-01-20;"quarta-feira";"19:00:00";"ES";101;266,7;"SERRA";"Pedestre cruzava a pista fora da faixa";"Atropelamento de Pedestre";"Com Vítimas Feridas";"Plena Noite";"Decrescente";"Céu Claro";"Múltipla";"Reta";"Sim";2;0;1;0;1;0;1;2;-20,190199;-40,26828891;"SPRF-ES";"DEL02-ES";"UOP01-DEL02-ES"
335619;2021-01-20;"quarta-feira";"13:30:00";"RO";435;123;"CEREJEIRAS";"Desrespeitar a preferência no cruzamento";"Colisão transversal";"Com Vítimas Feridas";"Pleno dia";"Crescente";"Céu Claro";"Dupla";"Interseção de Vias";"Não";2;0;0;1;1;0;1;2;-13,1890378;-60,8166647;"SPRF-RO";"DEL04-RO";"UOP02-DEL04-RO"
335622;2021-01-20;"quarta-feira";"18:30:00";"SC";101;132,6;"BALNEARIO CAMBORIU";"Trafegar com motocicleta (ou similar) entre as faixas";"Tombamento";"Com Vítimas Feridas";"Pleno dia";"Crescente";"Garoa/Chuvisco";"Dupla";"Reta";"Sim";1;0;1;0;0;0;1;1;-26,99654133;-48,65564711;"SPRF-SC";"DEL04-SC";"UOP03-DEL04-SC"