"id";"data_inversa";"dia_semana";"horario";"uf";"br";"km";"municipio";"causa_acidente";"tipo_acidente";"classificacao_acidente";"fase_dia";"sentido_via";"condicao_metereologica";"tipo_pista";"tracado_via";"uso_solo";"pessoas";"mortos";"feridos_leves";"feridos_graves";"ilesos";"ignorados";"feridos";"veiculos";"latitude";"longitude";"regional";"delegacia";"uop"
335624;2021-01-20;"quarta-feira";"17:55:00";"SC";101;257,1;"PAULO LOPES";"Velocidade Incompatível";"Saída de leito carroçável";"Com Vítimas Feridas";"Anoitecer";"Decrescente";"Chuva";"Simples";"Curva;Declive";"Não";1;0;1;0;0;0;1;1;-27,99927068;-48,68894935;"SPRF-SC";"DEL02-SC";"UOP03-DEL02-SC"
335625;2021-01-20;"quarta-feira";"16:45:00";"RO";364;236,8;"CACOAL";"Acessar a via sem observar a presença dos outros veículos";"Colisão transversal";"Com Vítimas Feridas";"Pleno dia";"Decrescente";"Céu Claro";"Simples";"Reta";"Sim";2;0;1;0;1;0;1;2;-11,4444003;-61,44309998;"SPRF-RO";"DEL02-RO";"UOP02-DEL02-RO"
335627;2021-01-20;"quarta-feira";"18:45:00";"PE";232;252;"ARCOVERDE";"Reação tardia ou ineficiente do condutor";"Tombamento";"Com Vítimas Fatais";"Plena Noite";"Crescente";"Céu Claro";"Simples";"Reta";"Sim";3;1;1;0;1;0;1;2;-8,43086;-37,06536;"SPRF-PE";"DEL03-PE";"UOP02-DEL03-PE"
335628;2021-01-20;"quarta-feira";"17:50:00";"RJ";465;18;"NOVA IGUACU";"Transitar no acostamento";"Atropelamento de Pedestre";"Com Vítimas Feridas";"Plena Noite";"Decrescente";"Céu Claro";"Simples";"Reta";"Sim";2;0;1;0;0;1;1;2;-22,831354;-43,615128;"SPRF-RJ";"DEL03-RJ";"UOP01-DEL03-RJ"
335631;2021-01-20;"quarta-feira";"17:30:00";"RO";364;360;"JI-PARANA";"Pista Escorregadia";"Saída de leito carroçável";"Sem Vítimas";"Pleno dia";"Crescente";"Chuva";"Simples";"Reta";"Não";3;0;0;0;3;0;0;1;-10,78186387;-62,05695492;"SPRF-RO";"DEL02-RO";"UOP01-DEL02-RO"
335632;2021-01-20;"quarta-feira";"16:00:00";"MG";381;642,7;"SANTO ANTONIO DO AMPARO";"Ausência de reação do condutor";"Saída de leito carroçável";"Com Vítimas Feridas";"Pleno dia";"Decrescente";"Céu Claro";"Dupla";"Reta";"Não";5;0;5;0;0;0;5;2;-20,93717503;-44,87533274;"SPRF-MG";"DEL04-MG";"UOP01-DEL04-MG"
335633;2021-01-20;"quarta-feira";"19:50:00";"SP";381;86;"GUARULHOS";"Ausência de reação do condutor";"Colisão lateral";"Com Vítimas Feridas";"Plena Noite";"Crescente";"Nublado";"Múltipla";"Curva";"Sim";3;0;2;0;1;0;2;2;-23,45930499;-46,57161179;"SPRF-SP";"DEL03-SP";"UOP01-DEL03-SP"
335634;2021-01-20;"quarta-feira";"20:00:00";"DF";20;11,6;"BRASILIA";"Acessar a via sem observar a presença dos outros veículos";"Colisão traseira";"Com Vítimas Feridas";"Plena Noite";"Crescente";"Céu Claro";"Dupla";"Reta";"Não";2;0;1;0;1;0;1;2;-15,64654;-47,766422;"SPRF-DF";"DEL02-DF";"UOP01-DEL02-DF"
335635;2021-01-16;"sábado";"13:45:00";"RO";364;15;"VILHENA";"Reação tardia ou ineficiente do condutor";"Saída de leito carroçável";"Com Vítimas Feridas";"Pleno dia";"Crescente";"Céu Claro";"Dupla";"Reta";"Sim";1;0;1;0;0;0;1;1;-12,73672751;-60,14804088;"SPRF-RO";"DEL04-RO";"UOP01-DEL04-RO"
335636;2021-01-20;"quarta-feira";"20:20:00";"SE";235;71,5;"FREI PAULO";"Ausência de reação do condutor";"Colisão traseira";"Com Vítimas Feridas";"Plena Noite";"Crescente";"Céu Claro";"Simples";"Reta";"Não";2;0;0;1;0;1;1;2;-10,558015;-37,5247;"SPRF-SE";"DEL01-SE";"UOP02-DEL01-SE"
335639;2021-01-20;"quarta-feira";"20:15:00";"PI";343;264,2;"CAMPO MAIOR";"Pedestre cruzava a pista fora da faixa";"Atropelamento de Pedestre";"Com Vítimas Feridas";"Plena Noite";"Crescente";"Chuva";"Simples";"Reta";"Sim";2;0;1;0;1;0;1;2;-4,827662;-42,162594;"SPRF-PI";"DEL01-PI";"UOP03-DEL01-PI"
335643;2021-01-20;"quarta-feira";"18:45:00";"SC";282;216,8;"LAGES";"Ingestão de álcool pelo condutor";"Tombamento";"Com Vítimas Feridas";"Anoitecer";"Crescente";"Garoa/Chuvisco";"Simples";"Curva";"Sim";1;0;1;0;0;0;1;1;-27,797292;-50,29068557;"SPRF-SC";"DEL05-SC";"UOP01-DEL05-SC"
335645;2021-01-20;"quarta-feira";"20:00:00";"BA";101;365;"GANDU";"Conversão proibida";"Colisão lateral sentido oposto";"Com Vítimas Feridas";"Plena Noite";"Decrescente";"Céu Claro";"Simples";"Aclive";"Sim";2;0;0;1;1;0;1;2;-13,8723118;-39,49285679;"SPRF-BA";"DEL05-BA";"UOP03-DEL05-BA"
335648;2021-01-20;"quarta-feira";"20:30:00";"PE";101;50,9;"ABREU E LIMA";"Manobra de mudança de faixa";"Colisão lateral mesmo sentido";"Sem Vítimas";"Plena Noite";"Decrescente";"Céu Claro";"Múltipla";"Reta";"Sim";2;0;0;0;2;0;0;2;-7,90938602;-34,90123228;"SPRF-PE";"DEL01-PE";"UOP02-DEL01-PE"
335649;2021-01-20;"quarta-feira";"20:30:00";"MS";262;119,7;"AGUA CLARA";"Acostamento em desnível";"Saída de leito carroçável";"Com Vítimas Feridas";"Plena Noite";"Crescente";"Nublado";"Simples";"Reta;Declive";"Não";4;0;1;0;3;0;1;1;-20,50818534;-52,66356307;"SPRF-MS";"DEL07-MS";"UOP02-DEL07-MS"
335656;2021-01-20;"quarta-feira";"19:00:00";"RJ";101;487;"ANGRA DOS REIS";"Retorno proibido";"Colisão traseira";"Com Vítimas Feridas";"Plena Noite";"Crescente";"Céu Claro";"Dupla";"Reta";"Sim";2;0;1;0;0;1;1;2;-22,96828891;-44,29864663;"SPRF-RJ";"DEL03-RJ";"UOP03-DEL03-RJ"
335657;2021-01-20;"quarta-feira";"20:30:00";"MT";364;204,8;"RONDONOPOLIS";"Acessar a via sem observar a presença dos outros veículos";"Colisão transversal";"Com Vítimas Feridas";"Plena Noite";"Decrescente";"Céu Claro";"Dupla";"Reta";"Sim";2;0;1;1;0;0;2;2;-16,467325;-54,657196;"SPRF-MT";"DEL02-MT";"UOP01-DEL02-MT"
335659;2021-01-20;"quarta-feira";"22:30:00";"RS";116;151,7;"CAXIAS DO SUL";"Acessar a via sem observar a presença dos outros veículos";"Colisão transversal";"Sem Vítimas";"Plena Noite";"Crescente";"Céu Claro";"Dupla";"Reta;Interseção de Vias";"Sim";2;0;0;0;1;1;0;2;-29,17694502;-51,16173896;"SPRF-RS";"DEL05-RS";"UOP01-DEL05-RS"
335660;2021-01-20;"quarta-feira";"22:20:00";"MG";365;636;"UBERLANDIA";"Restrição de visibilidade em curvas verticais";"Colisão traseira";"Com Vítimas Feridas";"Plena Noite";"Decrescente";"Céu Claro";"Dupla";"Aclive";"Não";2;0;1;0;1;0;1;2;-18,89121835;-48,42797405;"SPRF-MG";"DEL15-MG";"UOP01-DEL15-MG"
335661;2021-01-20;"quarta-feira";"22:30:00";"SC";101;196,5;"BIGUACU";"Ingestão de álcool pelo condutor";"Colisão frontal";"Com Vítimas Feridas";"Plena Noite";"Crescente";"Chuva";"Múltipla";"Aclive";"Sim";2;0;0;1;1;0;1;2;-27,51101091;-48,64322292;"SPRF-SC";"DEL01-SC";"UOP01-DEL01-SC"
335663;2021-01-20;"quarta-feira";"23:00:00";"BA";101;876;"TEIXEIRA DE FREITAS";"Animais na Pista";"Atropelamento de Animal";"Com Vítimas Feridas";"Plena Noite";"Crescente";"Céu Claro";"Simples";"Reta";"Não";3;0;2;0;1;0;2;1;-17,53793706;-39,7152681;"SPRF-BA";"DEL09-BA";"UOP02-DEL09-BA"
335669;2021-01-20;"quarta-feira";"22:00:00";"BA";116;60;"MACURURE";"Ingestão de álcool pelo condutor";"Colisão transversal";"Com Vítimas Feridas";"Plena Noite";"Crescente";"Céu Claro";"Simples";"Reta";"Não";2;0;1;0;1;0;1;2;-9,1824306;-39,10274506;"SPRF-PE";"DEL05-PE";"UOP03-DEL05-PE"
335670;2021-01-21;"quinta-feira";"00:29:00";"SC";101;197;"BIGUACU";"Acumulo de água sobre o pavimento";"Tombamento";"Com Vítimas Feridas";"Plena Noite";"Crescente";"Chuva";"Dupla";"Reta";"Sim";1;0;1;0;0;0;1;1;-27,51844497;-48,63848496;"SPRF-SC";"DEL01-SC";"UOP01-DEL01-SC"
335671;2021-01-20;"quarta-feira";"23:40:00";"PR";376;192;"MARIALVA";"Ingestão de álcool pelo condutor";"Saída de leito carroçável";"Sem Vítimas";"Plena Noite";"Decrescente";"Garoa/Chuvisco";"Dupla";"Curva";"Não";1;0;0;0;1;0;0;1;-23,48573281;-51,79744383;"SPRF-PR";"DEL09-PR";"UOP01-DEL09-PR"
335672;2021-01-20;"quarta-feira";"23:50:00";"RJ";116;86,1;"TERESOPOLIS";"Avarias e/ou desgaste excessivo no pneu";"Tombamento";"Com Vítimas Feridas";"Plena Noite";"Decrescente";"Céu Claro";"Simples";"Curva";"Sim";2;0;1;0;0;1;1;1;-22,43671224;-42,94971377;"SPRF-RJ";"DEL04-RJ";"UOP01-DEL04-RJ"
335673;2021-01-21;"quinta-feira";"00:30:00";"SC";101;205;"SAO JOSE";"Ingestão de álcool pelo condutor";"Colisão com objeto";"Sem Vítimas";"Plena Noite";"Crescente";"Garoa/Chuvisco";"Múltipla";"Curva";"Sim";1;0;0;0;0;1;0;1;-27,58313237;-48,61532885;"SPRF-SC";"DEL01-SC";"UOP01-DEL01-SC"
335678;2021-01-20;"quarta-feira";"14:30:00";"RO";435;124;"CEREJEIRAS";"Manobra de mudança de faixa";"Colisão lateral mesmo sentido";"Com Vítimas Feridas";"Pleno dia";"Decrescente";"Céu Claro";"Dupla";"Reta";"Sim";2;0;0;1;1;0;1;2;-13,188876;-60,817287;"SPRF-RO";"DEL04-RO";"UOP02-DEL04-RO"
335681;2021-01-21;"quinta-feira";"05:40:00";"TO";153;140;"ARAGUAINA";"Transitar na contramão";"Colisão frontal";"Com Vítimas Fatais";"Amanhecer";"Decrescente";"Nublado";"Dupla";"Reta";"Sim";2;1;0;0;1;0;0;2;-7,169616;-48,21328;"SPRF-TO";"DEL02-TO";"UOP01-DEL02-TO"
335682;2021-01-21;"quinta-feira";"05:20:00";"PB";101;105,9;"ALHANDRA";"Avarias e/ou desgaste excessivo no pneu";"Capotamento";"Com Vítimas Feridas";"Pleno dia";"Crescente";"Nublado";"Dupla";"Curva";"Não";1;0;1;0;0;0;1;1;-7,31642501;-34,94666379;"SPRF-PB";"DEL01-PB";"UOP02-DEL01-PB"
335683;2021-01-21;"quinta-feira";"05:20:00";"SC";282;507,2;"XANXERE";"Acumulo de areia ou detritos sobre o pavimento";"Tombamento";"Com Vítimas Feridas";"Amanhecer";"Crescente";"Nublado";"Simples";"Reta";"Não";1;0;0;1;0;0;1;1;-26,886171;-52,43911;"SPRF-SC";"DEL07-SC";"UOP01-DEL07-SC"
335684;2021-01-21;"quinta-feira";"05:10:00";"RS";290;41,5;"SANTO ANTONIO DA PATRULHA";"Condutor Dormindo";"Saída de leito carroçável";"Com Vítimas Feridas";"Amanhecer";"Crescente";"Céu Claro";"Dupla";"Reta";"Não";1;0;1;0;0;0;1;1;-29,887197;-50,668839;"SPRF-RS";"DEL03-RS";"UOP01-DEL03-RS"
335686;2021-01-21;"quinta-feira";"06:00:00";"GO";40;12,6;"LUZIANIA";"Manobra de mudança de faixa";"Colisão lateral";"Com Vítimas Feridas";"Pleno dia";"Crescente";"Céu Claro";"Dupla";"Reta";"Sim";3;0;1;1;1;0;2;2;-16,145123;-47,945382;"SPRF-DF";"DEL01-DF";"UOP01-DEL01-DF"
335687;2021-01-21;"quinta-feira";"05:40:00";"PB";230;21,8;"JOAO PESSOA";"Condutor Dormindo";"Colisão com objeto";"Com Vítimas Feridas";"Pleno dia";"Decrescente";"Céu Claro";"Dupla";"Reta";"Não";1;0;0;1;0;0;1;1;-7,1415;-34,8519;"SPRF-PB";"DEL01-PB";"UOP01-DEL01-PB"
335689;2021-01-21;"quinta-feira";"07:00:00";"SC";101;120,8;"ITAJAI";"Acumulo de óleo sobre o pavimento";"Tombamento";"Com Vítimas Feridas";"Amanhecer";"Crescente";"Chuva";"Simples";"Curva;Declive";"Não";3;0;2;0;1;0;2;3;-26,912758;-48,711998;"SPRF-SC";"DEL04-SC";"UOP04-DEL04-SC"
335690;2021-01-21;"quinta-feira";"05:20:00";"PR";373;259,9;"PRUDENTOPOLIS";"Chuva";"Tombamento";"Sem Vítimas";"Pleno dia";"Decrescente";"Chuva";"Simples";"Reta";"Não";1;0;0;0;1;0;0;1;-25,201667;-50,941135;"SPRF-PR";"DEL03-PR";"UOP04-DEL03-PR"
335691;2021-01-21;"quinta-feira";"05:00:00";"MG";262;39,3;"MANHUACU";"Conversão proibida";"Colisão frontal";"Com Vítimas Feridas";"Amanhecer";"Decrescente";"Céu Claro";"Simples";"Reta";"Sim";2;0;0;1;1;0;1;2;-20,27165802;-42,03950458;"SPRF-MG";"DEL06-MG";"UOP03-DEL06-MG"
335692;2021-01-21;"quinta-feira";"06:20:00";"MS";163;728;"COXIM";"Acessar a via sem observar a presença dos outros veículos";"Colisão transversal";"Com Vítimas Feridas";"Pleno dia";"Decrescente";"Céu Claro";"Simples";"Reta";"Sim";2;0;2;0;0;0;2;2;-18,52371469;-54,73959446;"SPRF-MS";"DEL06-MS";"UOP01-DEL06-MS"
335696;2021-01-21;"quinta-feira";"07:01:00";"PE";232;408;"SERRA TALHADA";"Retorno proibido";"Queda de ocupante de veículo";"Com Vítimas Feridas";"Pleno dia";"Crescente";"Céu Claro";"Simples";"Declive";"Sim";3;0;2;0;0;1;2;1;-7,98371447;-38,28047709;"SPRF-PE";"DEL04-PE";"UOP01-DEL04-PE"
335697;2021-01-21;"quinta-feira";"06:30:00";"MG";381;481;"CONTAGEM";"Ausência de reação do condutor";"Colisão traseira";"Sem Vítimas";"Amanhecer";"Crescente";"Céu Claro";"Dupla";"Reta";"Sim";2;0;0;0;1;1;0;2;-19,95931561;-44,08825597;"SPRF-MG";"DEL01-MG";"UOP03-DEL01-MG"
335698;2021-01-21;"quinta-feira";"07:20:00";"SC";101;206;"SAO JOSE";"Manobra de mudança de faixa";"Queda de ocupante de veículo";"Com Vítimas Feridas";"Pleno dia";"Decrescente";"Chuva";"Múltipla";"Reta";"Sim";1;0;1;0;0;0;1;1;-27,59193546;-48,61824557;"SPRF-SC";"DEL01-SC";"UOP01-DEL01-SC"
335700;2021-01-21;"quinta-feira";"04:00:00";"RJ";101;418;"MANGARATIBA";"Ingestão de álcool pelo condutor";"Colisão com objeto";"Sem Vítimas";"Plena Noite";"Decrescente";"Céu Claro";"Simples";"Declive";"Não";1;0;0;0;1;0;0;1;-22,91816926;-43,92096341;"SPRF-RJ";"DEL03-RJ";"UOP03-DEL03-RJ"
335701;2021-01-21;"quinta-feira";"07:15:00";"PR";153;18,5;"JACAREZINHO";"Ausência de reação do condutor";"Tombamento";"Com Vítimas Feridas";"Pleno dia";"Crescente";"Céu Claro";"Simples";"Reta";"Sim";2;0;2;0;0;0;2;1;-23,14321582;-49,94911225;"SPRF-PR";"DEL07-PR";"UOP04-DEL07-PR"
335702;2021-01-20;"quarta-feira";"22:50:00";"RS";158;241,6;"JULIO DE CASTILHOS";"Transitar na contramão";"Colisão frontal";"Sem Vítimas";"Plena Noite";"Decrescente";"Nublado";"Simples";"Curva";"Não";4;0;0;0;4;0;0;2;-29,03756098;-53,64530588;"SPRF-RS";"DEL10-RS";"UOP02-DEL10-RS"
335703;2021-01-21;"quinta-feira";"07:55:00";"RJ";101;324;"NITEROI";"Condutor deixou de manter distância do veículo da frente";"Colisão traseira";"Com Vítimas Feridas";"Pleno dia";"Crescente";"Céu Claro";"Dupla";"Reta";"Não";4;0;2;0;2;0;2;4;-22,87381074;-43,12640997;"SPRF-RJ";"DEL02-RJ";"UOP02-DEL02-RJ"
335705;2021-01-21;"quinta-feira";"07:20:00";"BA";324;543;"AMELIA RODRIGUES";"Afundamento ou ondulação no pavimento";"Queda de ocupante de veículo";"Com Vítimas Feridas";"Pleno dia";"Decrescente";"Nublado";"Dupla";"Rotatória;Curva";"Sim";1;0;0;1;0;0;1;1;-12,39713005;-38,76807002;"SPRF-BA";"DEL01-BA";"UOP03-DEL01-BA"
335707;2021-01-21;"quinta-feira";"08:15:00";"MG";381;479;"CONTAGEM";"Acessar a via sem observar a presença dos outros veículos";"Colisão lateral";"Com Vítimas Feridas";"Pleno dia";"Crescente";"Céu Claro";"Múltipla";"Curva";"Sim";2;0;1;0;1;0;1;2;-19,95889605;-44,069202;"SPRF-MG";"DEL01-MG";"UOP03-DEL01-MG"
335711;2021-01-18;"segunda-feira";"07:30:00";"SC";470;140,6;"RIO DO SUL";"Condutor deixou de manter distância do veículo da frente";"Tombamento";"Com Vítimas Feridas";"Pleno dia";"Decrescente";"Nublado";"Simples";"Reta";"Não";1;0;1;0;0;0;1;1;-27,205;-49,641;"SPRF-SC";"DEL04-SC";"UOP02-DEL04-SC"
335712;2021-01-21;"quinta-feira";"07:55:00";"RS";386;358,8;"ESTRELA";"Condutor Dormindo";"Saída de leito carroçável";"Com Vítimas Feridas";"Pleno dia";"Crescente";"Nublado";"Dupla";"Reta";"Não";2;0;1;0;1;0;1;1;-29,53306;-51,919636;"SPRF-RS";"DEL04-RS";"UOP02-DEL04-RS"
335715;2021-01-21;"quinta-feira";"08:15:00";"BA";101;863;"TEIXEIRA DE FREITAS";"Acostamento em desnível";"Saída de leito carroçável";"Com Vítimas Feridas";"Pleno dia";"Crescente";"Céu Claro";"Simples";"Reta";"Não";4;0;3;0;1;0;3;1;-17,62122718;-39,76605876;"SPRF-BA";"DEL09-BA";"UOP02-DEL09-BA"
335717;2021-01-21;"quinta-feira";"08:45:00";"RN";304;299,9;"MACAIBA";"Reação tardia ou ineficiente do condutor";"Colisão traseira";"Com Vítimas Feridas";"Pleno dia";"Crescente";"Céu Claro";"Múltipla";"Reta";"Não";3;0;0;2;1;0;2;2;-5,87427174;-35,31416958;"SPRF-RN";"DEL01-RN";"UOP02-DEL01-RN"
335720;2021-01-21;"quinta-feira";"07:50:00";"SP";116;101,7;"PINDAMONHANGABA";"Frear bruscamente";"Engavetamento";"Sem Vítimas";"Pleno dia";"Decrescente";"Sol";"Dupla";"Reta";"Não";3;0;0;0;3;0;0;3;-22,99074204;-45,48115098;"SPRF-SP";"DEL08-SP";"UOP01-DEL08-SP"
335721;2021-01-10;"domingo";"19:30:00";"PB";230;22;"JOAO PESSOA";"Reação tardia ou ineficiente do condutor";"Eventos atípicos";"Com Vítimas Feridas";"Plena Noite";"Crescente";"Céu Claro";"Dupla";"Reta";"Sim";2;0;1;0;0;1;1;1;-7,1495;-34,8517;"SPRF-PB";"DEL01-PB";"UOP01-DEL01-PB"
335724;2021-01-21;"quinta-feira";"08:20:00";"MA";135;21;"SAO LUIS";"Condutor deixou de manter distância do veículo da frente";"Colisão traseira";"Sem Vítimas";"Pleno dia";"Crescente";"Céu Claro";"Dupla";"Reta";"Sim";3;0;0;0;2;1;0;2;-2,561669;-44,316085;"SPRF-MA";"DEL01-MA";"UOP01-DEL01-MA"
335727;2021-01-21;"quinta-feira";"09:15:00";"RO";364;183,9;"PIMENTA BUENO";"Chuva";"Colisão traseira";"Com Vítimas Feridas";"Pleno dia";"Decrescente";"Chuva";"Simples";"Curva";"Não";5;0;2;0;3;0;2;2;-11,75593834;-61,09019144;"SPRF-RO";"DEL02-RO";"UOP02-DEL02-RO"
335728;2021-01-21;"quinta-feira";"11:00:00";"RJ";101;308;"SAO GONCALO";"Condutor deixou de manter distância do veículo da frente";"Engavetamento";"Com Vítimas Feridas";"Pleno dia";"Crescente";"Céu Claro";"Dupla";"Reta";"Não";5;0;2;0;3;0;2;4;-22,79309326;-43,02479595;"SPRF-RJ";"DEL02-RJ";"UOP02-DEL02-RJ"
335729;2021-01-05;"terça-feira";"12:30:00";"SC";282;377;"HERVAL DOESTE";"Velocidade Incompatível";"Saída de leito carroçável";"Com Vítimas Feridas";"Pleno dia";"Decrescente";"Chuva";"Simples";"Curva;Declive";"Não";2;0;2;0;0;0;2;1;-27,216974;-51,470055;"SPRF-SC";"DEL07-SC";"UOP05-DEL07-SC"
335730;2021-01-21;"quinta-feira";"11:00:00";"MG";365;752,9;"ITUIUTABA";"Manobra de mudança de faixa";"Colisão frontal";"Com Vítimas Feridas";"Pleno dia";"Crescente";"Sol";"Simples";"Reta;Aclive;Em Obras;Interseção de Vias";"Não";2;0;0;1;1;0;1;2;-18,947495;-49,45934;"SPRF-MG";"DEL15-MG";"UOP03-DEL15-MG"
335732;2021-01-21;"quinta-feira";"11:15:00";"GO";414;429,8;"ANAPOLIS";"Ingestão de álcool pelo condutor";"Saída de leito carroçável";"Com Vítimas Feridas";"Pleno dia";"Crescente";"Céu Claro";"Simples";"Declive;Reta";"Não";4;0;2;2;0;0;4;1;-16,19833991;-48,90904121;"SPRF-GO";"DEL02-GO";"UOP01-DEL02-GO"
335735;2021-01-21;"quinta-feira";"09:30:00";"PE";408;33,5;"ALIANCA";"Acessar a via sem observar a presença dos outros veículos";"Colisão transversal";"Sem Vítimas";"Pleno dia";"Decrescente";"Sol";"Simples";"Reta";"Não";2;0;0;0;2;0;0;2;-7,59938542;-35,24242401;"SPRF-PE";"DEL01-PE";"UOP01-DEL01-PE"
335737;2021-01-21;"quinta-feira";"11:18:00";"SC";101;119;"ITAJAI";"Condutor deixou de manter distância do veículo da frente";"Colisão traseira";"Com Vítimas Feridas";"Pleno dia";"Crescente";"Chuva";"Múltipla";"Reta";"Não";2;0;1;0;1;0;1;2;-26,9043179;-48,71555481;"SPRF-SC";"DEL04-SC";"UOP04-DEL04-SC"
335738;2021-01-21;"quinta-feira";"11:15:00";"RS";116;250;"SAO LEOPOLDO";"Reação tardia ou ineficiente do condutor";"Colisão transversal";"Com Vítimas Feridas";"Pleno dia";"Crescente";"Nublado";"Dupla";"Interseção de Vias";"Sim";3;0;3;0;0;0;3;2;-29,77605895;-51,15508618;"SPRF-RS";"DEL01-RS";"UOP02-DEL01-RS"
335739;2021-01-21;"quinta-feira";"11:00:00";"PR";116;103,1;"SAO JOSE DOS PINHAIS";"Demais falhas mecânicas ou elétricas";"Tombamento";"Com Vítimas Feridas";"Pleno dia";"Decrescente";"Nublado";"Dupla";"Reta";"Sim";1;0;0;1;0;0;1;1;-25,55944814;-49,15099774;"SPRF-PR";"DEL01-PR";"UOP01-DEL01-PR"
335741;2021-01-21;"quinta-feira";"12:20:00";"TO";153;494;"PARAISO DO TOCANTINS";"Acessar a via sem observar a presença dos outros veículos";"Colisão frontal";"Com Vítimas Feridas";"Pleno dia";"Decrescente";"Céu Claro";"Simples";"Interseção de Vias";"Sim";2;0;0;1;1;0;1;2;-10,15679116;-48,88263755;"SPRF-TO";"DEL01-TO";"UOP01-DEL01-TO"
335742;2021-01-09;"sábado";"10:50:00";"MG";262;498;"BETIM";"Condutor deixou de manter distância do veículo da frente";"Colisão traseira";"Com Vítimas Feridas";"Pleno dia";"Crescente";"Céu Claro";"Dupla";"Reta";"Não";2;0;1;0;1;0;1;2;-19,98314167;-44,20191173;"SPRF-MG";"DEL08-MG";"UOP03-DEL08-MG"
335743;2021-01-21;"quinta-feira";"11:20:00";"MG";40;471;"SETE LAGOAS";"Reação tardia ou ineficiente do condutor";"Colisão com objeto";"Sem Vítimas";"Pleno dia";"Crescente";"Céu Claro";"Dupla";"Rotatória;Curva;Viaduto;Declive";"Não";1;0;0;0;1;0;0;1;-19,47543632;-44,29066576;"SPRF-MG";"DEL02-MG";"UOP01-DEL02-MG"
335744;2021-01-21;"quinta-feira";"13:30:00";"GO";153;494,5;"GOIANIA";"Manobra de mudança de faixa";"Colisão lateral mesmo sentido";"Com Vítimas Feridas";"Pleno dia";"Crescente";"Céu Claro";"Dupla";"Reta";"Sim";2;0;1;0;1;0;1;2;-16,6614;-49,2218;"SPRF-GO";"DEL01-GO";"UOP01-DEL01-GO"
335745;2021-01-21;"quinta-feira";"12:10:00";"RS";386;428;"NOVA SANTA RITA";"Sinalização mal posicionada";"Colisão com objeto";"Sem Vítimas";"Pleno dia";"Decrescente";"Nublado";"Dupla";"Reta";"Não";1;0;0;0;1;0;0;1;-29,82469332;-51,3435819;"SPRF-RS";"DEL04-RS";"UOP02-DEL04-RS"
335747;2021-01-21;"quinta-feira";"11:00:00";"MT";364;272,2;"JACIARA";"Acessar a via sem observar a presença dos outros veículos";"Colisão lateral";"Com Vítimas Feridas";"Pleno dia";"Crescente";"Nublado";"Dupla";"Reta";"Sim";2;0;0;1;1;0;1;2;-15,962788;-54,964202;"SPRF-MT";"DEL02-MT";"UOP01-DEL02-MT"
335750;2021-01-21;"quinta-feira";"13:50:00";"RN";226;55;"BOM JESUS";"Condutor deixou de manter distância do veículo da frente";"Colisão traseira";"Com Vítimas Feridas";"Pleno dia";"Decrescente";"Nublado";"Simples";"Reta";"Não";2;0;1;0;1;0;1;2;-6,0128699;-35,63923302;"SPRF-RN";"DEL03-RN";"UOP02-DEL03-RN"
335751;2021-01-09;"sábado";"20:30:00";"MS";163;482;"CAMPO GRANDE";"Ingestão de álcool pelo condutor";"Colisão lateral";"Com Vítimas Feridas";"Plena Noite";"Crescente";"Céu Claro";"Simples";"Reta";"Não";5;0;0;1;4;0;1;2;-20,46271123;-54,55411122;"SPRF-MS";"DEL01-MS";"UOP02-DEL01-MS"
335752;2021-01-21;"quinta-feira";"13:30:00";"PB";230;158,7;"CAMPINA GRANDE";"Acessar a via sem observar a presença dos outros veículos";"Colisão transversal";"Com Vítimas Feridas";"Pleno dia";"Crescente";"Céu Claro";"Simples";"Reta";"Sim";2;0;1;1;0;0;2;2;-7,2582;-35,9267;"SPRF-PB";"DEL02-PB";"UOP01-DEL02-PB"
335753;2021-01-09;"sábado";"07:30:00";"PA";230;661;"ALTAMIRA";"Acumulo de água sobre o pavimento";"Colisão com objeto";"Com Vítimas Feridas";"Pleno dia";"Crescente";"Chuva";"Simples";"Curva";"Não";2;0;1;1;0;0;2;1;-3,24823648;-52,32662896;"SPRF-PA";"DEL04-PA";"UOP01-DEL04-PA"
335754;2021-01-21;"quinta-feira";"14:10:00";"DF";20;11,1;"BRASILIA";"Ingestão de álcool pelo condutor";"Colisão com objeto";"Sem Vítimas";"Pleno dia";"Crescente";"Céu Claro";"Dupla";"Reta";"Sim";1;0;0;0;1;0;0;1;-15,64654;-47,766422;"SPRF-DF";"DEL02-DF";"UOP01-DEL02-DF"
335755;2021-01-21;"quinta-feira";"12:20:00";"RS";285;365,4;"SALDANHA MARINHO";"Acumulo de água sobre o pavimento";"Saída de leito carroçável";"Com Vítimas Feridas";"Pleno dia";"Crescente";"Chuva";"Simples";"Reta";"Não";1;0;1;0;0;0;1;1;-28,387148;-53,020016;"SPRF-RS";"DEL08-RS";"UOP03-DEL08-RS"
335756;2021-01-21;"quinta-feira";"11:50:00";"MT";364;323,9;"CAMPO VERDE";"Acumulo de água sobre o pavimento";"Saída de leito carroçável";"Com Vítimas Feridas";"Pleno dia";"Crescente";"Chuva";"Dupla";"Reta";"Não";2;0;2;0;0;0;2;1;-15,81564806;-55,35031001;"SPRF-MT";"DEL05-MT";"UOP02-DEL05-MT"