"id";"data_inversa";"dia_semana";"horario";"uf";"br";"km";"municipio";"causa_acidente";"tipo_acidente";"classificacao_acidente";"fase_dia";"sentido_via";"condicao_metereologica";"tipo_pista";"tracado_via";"uso_solo";"pessoas";"mortos";"feridos_leves";"feridos_graves";"ilesos";"ignorados";"feridos";"veiculos";"latitude";"longitude";"regional";"delegacia";"uop"
335759;2021-01-21;"quinta-feira";"15:10:00";"PR";277;400,9;"CANDOI";"Avarias e/ou desgaste excessivo no pneu";"Saída de leito carroçável";"Com Vítimas Feridas";"Pleno dia";"Crescente";"Chuva";"Simples";"Curva";"Não";2;0;1;0;1;0;1;1;-25,45014;-51,926777;"SPRF-PR";"DEL04-PR";"UOP02-DEL04-PR"
335762;2021-01-21;"quinta-feira";"06:30:00";"GO";153;516;"APARECIDA DE GOIANIA";"Ausência de reação do condutor";"Saída de leito carroçável";"Sem Vítimas";"Pleno dia";"Crescente";"Céu Claro";"Dupla";"Reta";"Sim";1;0;0;0;0;1;0;1;-16,8504;-49,2473;"SPRF-GO";"DEL01-GO";"UOP03-DEL01-GO"
335763;2021-01-21;"quinta-feira";"15:50:00";"GO";153;699;"ITUMBIARA";"Acessar a via sem observar a presença dos outros veículos";"Colisão traseira";"Com Vítimas Feridas";"Pleno dia";"Decrescente";"Céu Claro";"Dupla";"Reta";"Sim";2;0;1;0;1;0;1;2;-18,3862;-49,2076;"SPRF-GO";"DEL03-GO";"UOP02-DEL03-GO"
335768;2021-01-21;"quinta-feira";"15:20:00";"GO";60;389;"RIO VERDE";"Acessar a via sem observar a presença dos outros veículos";"Colisão lateral";"Com Vítimas Feridas";"Pleno dia";"Crescente";"Céu Claro";"Simples";"Reta";"Sim";1;0;1;0;0;0;1;1;-17,819;-50,943;"SPRF-GO";"DEL04-GO";"UOP01-DEL04-GO"
335769;2021-01-12;"terça-feira";"15:16:00";"PE";232;295;"SERTANIA";"Objeto estático sobre o leito carroçável";"Colisão com objeto";"Sem Vítimas";"Pleno dia";"Crescente";"Céu Claro";"Simples";"Reta";"Não";2;0;0;0;2;0;0;1;-8,26634617;-37,39116735;"SPRF-PE";"DEL03-PE";"UOP02-DEL03-PE"
335771;2021-01-12;"terça-feira";"11:33:00";"AL";316;155,6;"PALMEIRA DOS INDIOS";"Acessar a via sem observar a presença dos outros veículos";"Colisão transversal";"Com Vítimas Feridas";"Pleno dia";"Crescente";"Céu Claro";"Simples";"Curva";"Sim";3;0;0;2;1;0;2;2;-9,42623278;-36,63304512;"SPRF-AL";"DEL03-AL";"UOP01-DEL03-AL"
335773;2021-01-21;"quinta-feira";"16:28:00";"MG";40;514;"RIBEIRAO DAS NEVES";"Reação tardia ou ineficiente do condutor";"Queda de ocupante de veículo";"Com Vítimas Feridas";"Pleno dia";"Decrescente";"Céu Claro";"Dupla";"Reta";"Sim";2;0;1;0;0;1;1;2;-19,80151928;-44,10000333;"SPRF-MG";"DEL01-MG";"UOP02-DEL01-MG"
335774;2021-01-21;"quinta-feira";"16:40:00";"MG";365;566,3;"INDIANOPOLIS";"Ultrapassagem Indevida";"Colisão traseira";"Com Vítimas Feridas";"Pleno dia";"Decrescente";"Sol";"Simples";"Reta";"Não";3;0;2;0;1;0;2;1;-18,917345;-47,81981;"SPRF-MG";"DEL15-MG";"UOP02-DEL15-MG"
335775;2021-01-21;"quinta-feira";"17:00:00";"PE";101;49;"ABREU E LIMA";"Condutor deixou de manter distância do veículo da frente";"Colisão traseira";"Com Vítimas Feridas";"Anoitecer";"Crescente";"Vento";"Dupla";"Reta";"Sim";2;0;0;1;1;0;1;2;-7,9005152;-34,90180641;"SPRF-PE";"DEL01-PE";"UOP02-DEL01-PE"
335776;2021-01-21;"quinta-feira";"17:20:00";"PI";343;16;"PARNAIBA";"Acessar a via sem observar a presença dos outros veículos";"Colisão transversal";"Com Vítimas Feridas";"Anoitecer";"Decrescente";"Nublado";"Simples";"Reta";"Sim";3;0;1;0;2;0;1;2;-2,945431;-41,756462;"SPRF-PI";"DEL05-PI";"UOP01-DEL05-PI"
335777;2021-01-21;"quinta-feira";"11:35:00";"RO";435;122;"CEREJEIRAS";"Acessar a via sem observar a presença dos outros veículos";"Colisão traseira";"Com Vítimas Feridas";"Plena Noite";"Crescente";"Nublado";"Dupla";"Reta";"Sim";3;0;2;0;1;0;2;2;-13,18775891;-60,79986605;"SPRF-RO";"DEL04-RO";"UOP02-DEL04-RO"
335778;2021-01-21;"quinta-feira";"17:00:00";"PE";101;56,8;"PAULISTA";"Velocidade Incompatível";"Saída de leito carroçável";"Sem Vítimas";"Pleno dia";"Crescente";"Céu Claro";"Dupla";"Reta";"Não";1;0;0;0;1;0;0;1;-7,9554509;-34,91140727;"SPRF-PE";"DEL01-PE";"UOP02-DEL01-PE"
335782;2021-01-13;"quarta-feira";"21:30:00";"PR";116;88,3;"SAO JOSE DOS PINHAIS";"Chuva";"Tombamento";"Com Vítimas Feridas";"Plena Noite";"Crescente";"Chuva";"Dupla";"Reta";"Não";1;0;1;0;0;0;1;1;-25,48043655;-49,10287857;"SPRF-PR";"DEL01-PR";"UOP01-DEL01-PR"
335784;2021-01-07;"quinta-feira";"16:30:00";"RS";158;326,8;"SANTA MARIA";"Acessar a via sem observar a presença dos outros veículos";"Colisão transversal";"Com Vítimas Feridas";"Pleno dia";"Decrescente";"Céu Claro";"Simples";"Reta";"Sim";2;0;0;1;1;0;1;2;-29,70975376;-53,80284617;"SPRF-RS";"DEL09-RS";"UOP01-DEL09-RS"
335785;2021-01-21;"quinta-feira";"18:10:00";"SC";101;203,5;"SAO JOSE";"Condutor deixou de manter distância do veículo da frente";"Colisão traseira";"Com Vítimas Feridas";"Pleno dia";"Decrescente";"Chuva";"Dupla";"Reta";"Sim";3;0;1;0;2;0;1;3;-27,5650044;-48,61460082;"SPRF-SC";"DEL01-SC";"UOP01-DEL01-SC"
335786;2021-01-21;"quinta-feira";"09:30:00";"MA";316;182,9;"ZE DOCA";"Manobra de mudança de faixa";"Colisão frontal";"Com Vítimas Fatais";"Pleno dia";"Crescente";"Céu Claro";"Simples";"Reta";"Não";2;1;0;0;1;0;0;2;-3,133747;-45,643867;"SPRF-MA";"DEL02-MA";"UOP02-DEL02-MA"
335788;2021-01-21;"quinta-feira";"18:30:00";"SP";116;35,2;"CACHOEIRA PAULISTA";"Reação tardia ou ineficiente do condutor";"Tombamento";"Com Vítimas Feridas";"Anoitecer";"Crescente";"Céu Claro";"Dupla";"Reta";"Não";2;0;2;0;0;0;2;1;-22,65892521;-44,96708995;"SPRF-SP";"DEL08-SP";"UOP02-DEL08-SP"
335789;2021-01-21;"quinta-feira";"18:20:00";"PB";104;130;"CAMPINA GRANDE";"Acessar a via sem observar a presença dos outros veículos";"Colisão lateral";"Com Vítimas Feridas";"Plena Noite";"Decrescente";"Céu Claro";"Simples";"Retorno Regulamentado;Reta";"Não";2;0;1;0;1;0;1;2;-7,29013399;-35,89029705;"SPRF-PB";"DEL02-PB";"UOP03-DEL02-PB"
335791;2021-01-21;"quinta-feira";"14:10:00";"MG";116;275,9;"TEOFILO OTONI";"Ausência de reação do condutor";"Colisão com objeto";"Com Vítimas Feridas";"Pleno dia";"Decrescente";"Céu Claro";"Simples";"Reta";"Sim";4;0;1;0;3;0;1;2;-17,84997;-41,515053;"SPRF-MG";"DEL11-MG";"UOP01-DEL11-MG"
335792;2021-01-21;"quinta-feira";"18:55:00";"PR";116;120;"CURITIBA";"Condutor deixou de manter distância do veículo da frente";"Colisão traseira";"Sem Vítimas";"Anoitecer";"Crescente";"Nublado";"Dupla";"Aclive";"Sim";2;0;0;0;2;0;0;2;-25,55122256;-49,30503748;"SPRF-PR";"DEL01-PR";"UOP03-DEL01-PR"
335795;2021-01-21;"quinta-feira";"18:10:00";"MG";40;709,1;"BARBACENA";"Demais falhas mecânicas ou elétricas";"Tombamento";"Com Vítimas Feridas";"Anoitecer";"Crescente";"Céu Claro";"Dupla";"Reta";"Não";2;0;1;0;1;0;1;1;-21,24249015;-43,72298753;"SPRF-MG";"DEL05-MG";"UOP02-DEL05-MG"
335796;2021-01-21;"quinta-feira";"19:00:00";"CE";20;204;"BOA VIAGEM";"Acessar a via sem observar a presença dos outros veículos";"Colisão transversal";"Sem Vítimas";"Plena Noite";"Crescente";"Céu Claro";"Simples";"Reta";"Sim";2;0;0;0;1;1;0;2;-5,12155025;-39,73264757;"SPRF-CE";"DEL02-CE";"UOP02-DEL02-CE"
335797;2021-01-21;"quinta-feira";"18:20:00";"RS";470;283;"MONTENEGRO";"Acessar a via sem observar a presença dos outros veículos";"Atropelamento de Pedestre";"Com Vítimas Feridas";"Pleno dia";"Crescente";"Céu Claro";"Dupla";"Reta";"Sim";2;0;0;1;1;0;1;2;-29,617571;-51,474321;"SPRF-RS";"DEL04-RS";"UOP02-DEL04-RS"
335799;2021-01-21;"quinta-feira";"12:30:00";"SC";282;72,1;"RANCHO QUEIMADO";"Velocidade Incompatível";"Colisão transversal";"Com Vítimas Feridas";"Pleno dia";"Decrescente";"Chuva";"Simples";"Curva";"Não";4;0;0;4;0;0;4;2;-27,683439;-49,105259;"SPRF-SC";"DEL01-SC";"UOP03-DEL01-SC"
335800;2021-01-21;"quinta-feira";"18:20:00";"PR";369;146,1;"LONDRINA";"Desrespeitar a preferência no cruzamento";"Colisão transversal";"Com Vítimas Feridas";"Anoitecer";"Crescente";"Chuva";"Dupla";"Retorno Regulamentado";"Sim";2;0;1;0;1;0;1;2;-23,293165;-51,125381;"SPRF-PR";"DEL07-PR";"UOP01-DEL07-PR"
335802;2021-01-21;"quinta-feira";"13:00:00";"PR";153;108;"IBAITI";"Entrada inopinada do pedestre";"Atropelamento de Pedestre";"Com Vítimas Feridas";"Pleno dia";"Decrescente";"Céu Claro";"Simples";"Curva";"Sim";3;0;2;1;0;0;3;2;-23,84104746;-50,19257547;"SPRF-PR";"DEL07-PR";"UOP04-DEL07-PR"
335803;2021-01-21;"quinta-feira";"08:50:00";"PI";316;310;"PICOS";"Conversão proibida";"Colisão transversal";"Com Vítimas Feridas";"Pleno dia";"Decrescente";"Céu Claro";"Simples";"Reta";"Sim";2;0;1;0;1;0;1;2;-7,07639186;-41,47475001;"SPRF-PI";"DEL04-PI";"UOP01-DEL04-PI"
335806;2021-01-21;"quinta-feira";"17:30:00";"RO";364;501;"ARIQUEMES";"Demais falhas mecânicas ou elétricas";"Saída de leito carroçável";"Com Vítimas Feridas";"Anoitecer";"Crescente";"Garoa/Chuvisco";"Simples";"Reta";"Não";1;0;1;0;0;0;1;1;-10,0241952;-62,98814019;"SPRF-RO";"DEL03-RO";"UOP01-DEL03-RO"
335807;2021-01-21;"quinta-feira";"12:25:00";"RS";285;158,1;"MUITOS CAPOES";"Velocidade Incompatível";"Saída de leito carroçável";"Sem Vítimas";"Pleno dia";"Decrescente";"Chuva";"Simples";"Curva";"Não";1;0;0;0;0;1;0;1;-28,323328;-51,207588;"SPRF-RS";"DEL05-RS";"UOP03-DEL05-RS"
335808;2021-01-21;"quinta-feira";"19:15:00";"PE";101;80;"JABOATAO DOS GUARARAPES";"Ausência de reação do condutor";"Colisão traseira";"Com Vítimas Feridas";"Plena Noite";"Decrescente";"Nublado";"Dupla";"Retorno Regulamentado";"Sim";2;0;1;0;1;0;1;2;-8,15112589;-34,9428866;"SPRF-PE";"DEL01-PE";"UOP03-DEL01-PE"
335810;2021-01-21;"quinta-feira";"19:00:00";"MA";135;23,6;"SAO LUIS";"Pedestre cruzava a pista fora da faixa";"Atropelamento de Pedestre";"Com Vítimas Feridas";"Plena Noite";"Crescente";"Céu Claro";"Dupla";"Reta";"Sim";2;0;1;1;0;0;2;2;-2,53073;-44,3068;"SPRF-MA";"DEL01-MA";"UOP01-DEL01-MA"
335811;2021-01-21;"quinta-feira";"20:00:00";"GO";70;310;"ITAPIRAPUA";"Frear bruscamente";"Saída de leito carroçável";"Com Vítimas Feridas";"Plena Noite";"Crescente";"Nublado";"Simples";"Reta";"Não";1;0;1;0;0;0;1;1;-15,89534882;-50,44062194;"SPRF-GO";"DEL04-GO";"UOP01-DEL04-GO"
335812;2021-01-21;"quinta-feira";"20:05:00";"PR";116;10;"COLOMBO";"Ausência de reação do condutor";"Colisão traseira";"Com Vítimas Feridas";"Plena Noite";"Decrescente";"Nublado";"Dupla";"Declive";"Sim";2;0;1;0;1;0;1;2;-25,3716959;-49,13154602;"SPRF-PR";"DEL01-PR";"UOP02-DEL01-PR"
335815;2021-01-21;"quinta-feira";"17:40:00";"SC";282;307,6;"VARGEM";"Velocidade Incompatível";"Saída de leito carroçável";"Com Vítimas Feridas";"Anoitecer";"Crescente";"Chuva";"Simples";"Declive;Curva";"Não";1;0;0;1;0;0;1;1;-27,495266;-50,962605;"SPRF-SC";"DEL07-SC";"UOP06-DEL07-SC"
335816;2021-01-21;"quinta-feira";"20:40:00";"MS";163;308,7;"RIO BRILHANTE";"Ultrapassagem Indevida";"Colisão frontal";"Com Vítimas Feridas";"Plena Noite";"Crescente";"Nublado";"Simples";"Curva";"Não";5;0;2;2;1;0;4;2;-21,9108809;-54,5340003;"SPRF-MS";"DEL02-MS";"UOP02-DEL02-MS"
335817;2021-01-21;"quinta-feira";"17:55:00";"SC";282;307,6;"VARGEM";"Pista Escorregadia";"Saída de leito carroçável";"Com Vítimas Feridas";"Pleno dia";"Crescente";"Chuva";"Simples";"Curva;Declive";"Não";3;0;3;0;0;0;3;1;-27,495266;-50,962605;"SPRF-SC";"DEL07-SC";"UOP06-DEL07-SC"
335818;2021-01-21;"quinta-feira";"21:00:00";"DF";20;13;"BRASILIA";"Ingestão de álcool pelo condutor";"Colisão traseira";"Sem Vítimas";"Plena Noite";"Decrescente";"Céu Claro";"Dupla";"Reta";"Não";2;0;0;0;2;0;0;2;-15,638752;-47,749599;"SPRF-DF";"DEL02-DF";"UOP01-DEL02-DF"
335820;2021-01-21;"quinta-feira";"21:55:00";"SP";116;273,4;"TABOAO DA SERRA";"Velocidade Incompatível";"Capotamento";"Com Vítimas Feridas";"Plena Noite";"Decrescente";"Céu Claro";"Dupla";"Reta";"Sim";3;0;1;0;2;0;1;3;-23,62809795;-46,81870306;"SPRF-SP";"DEL04-SP";"UOP01-DEL04-SP"
335823;2021-01-21;"quinta-feira";"18:40:00";"PR";116;121,5;"CURITIBA";"Ausência de reação do condutor";"Engavetamento";"Com Vítimas Feridas";"Anoitecer";"Crescente";"Nublado";"Dupla";"Declive";"Não";3;0;1;0;2;0;1;3;-25,5599323;-49,30743945;"SPRF-PR";"DEL01-PR";"UOP03-DEL01-PR"
335824;2021-01-21;"quinta-feira";"17:20:00";"MG";262;37,7;"MANHUACU";"Acessar a via sem observar a presença dos outros veículos";"Colisão lateral sentido oposto";"Com Vítimas Feridas";"Pleno dia";"Crescente";"Céu Claro";"Simples";"Curva";"Não";2;0;1;0;1;0;1;2;-20,25748975;-42,03048732;"SPRF-MG";"DEL06-MG";"UOP03-DEL06-MG"
335825;2021-01-21;"quinta-feira";"17:50:00";"MG";262;32;"MANHUACU";"Condutor deixou de manter distância do veículo da frente";"Colisão traseira";"Com Vítimas Feridas";"Anoitecer";"Crescente";"Céu Claro";"Simples";"Reta";"Não";2;0;2;0;0;0;2;2;-20,25556389;-41,99814902;"SPRF-MG";"DEL06-MG";"UOP03-DEL06-MG"
335826;2021-01-21;"quinta-feira";"16:48:00";"RJ";101;332;"RIO DE JANEIRO";"Condutor deixou de manter distância do veículo da frente";"Colisão traseira";"Com Vítimas Feridas";"Pleno dia";"Decrescente";"Céu Claro";"Dupla";"Reta";"Não";2;0;1;0;1;0;1;2;-22,87133305;-43,20407695;"SPRF-RJ";"DEL02-RJ";"UOP02-DEL02-RJ"
335827;2021-01-21;"quinta-feira";"14:52:00";"SC";101;208;"SAO JOSE";"Condutor deixou de manter distância do veículo da frente";"Queda de ocupante de veículo";"Com Vítimas Feridas";"Pleno dia";"Decrescente";"Nublado";"Dupla";"Reta";"Não";1;0;1;0;0;0;1;1;-27,60327979;-48,63201818;"SPRF-SC";"DEL01-SC";"UOP01-DEL01-SC"
335829;2021-01-21;"quinta-feira";"20:10:00";"MG";116;279,3;"TEOFILO OTONI";"Reação tardia ou ineficiente do condutor";"Tombamento";"Com Vítimas Feridas";"Plena Noite";"Crescente";"Céu Claro";"Simples";"Reta";"Não";2;0;0;2;0;0;2;2;-17,878311;-41,521808;"SPRF-MG";"DEL11-MG";"UOP01-DEL11-MG"
335830;2021-01-21;"quinta-feira";"21:45:00";"PR";163;44;"PRANCHITA";"Ingestão de álcool pelo condutor";"Saída de leito carroçável";"Com Vítimas Feridas";"Plena Noite";"Decrescente";"Chuva";"Simples";"Declive;Reta";"Não";2;0;2;0;0;0;2;1;-25,99634;-53,722181;"SPRF-PR";"DEL02-PR";"UOP02-DEL02-PR"
335832;2021-01-21;"quinta-feira";"22:20:00";"SP";381;62;"MAIRIPORA";"Ingestão de álcool pelo condutor";"Colisão traseira";"Com Vítimas Feridas";"Plena Noite";"Crescente";"Céu Claro";"Dupla";"Curva";"Sim";5;0;4;0;1;0;4;2;-23,29437896;-46,57254696;"SPRF-SP";"DEL03-SP";"UOP01-DEL03-SP"
335833;2021-01-21;"quinta-feira";"23:00:00";"SP";116;279,3;"EMBU DAS ARTES";"Ausência de reação do condutor";"Colisão lateral";"Com Vítimas Feridas";"Plena Noite";"Crescente";"Céu Claro";"Dupla";"Reta";"Sim";3;0;2;0;1;0;2;2;-23,66233697;-46,85292907;"SPRF-SP";"DEL04-SP";"UOP01-DEL04-SP"
335835;2021-01-21;"quinta-feira";"21:00:00";"RJ";101;556;"PARATY";"Animais na Pista";"Atropelamento de Animal";"Com Vítimas Feridas";"Plena Noite";"Decrescente";"Céu Claro";"Simples";"Reta";"Não";2;0;2;0;0;0;2;1;-23,08002;-44,69802;"SPRF-RJ";"DEL03-RJ";"UOP04-DEL03-RJ"
335836;2021-01-22;"sexta-feira";"00:11:00";"SP";116;541;"BARRA DO TURVO";"Chuva";"Colisão com objeto";"Com Vítimas Feridas";"Plena Noite";"Crescente";"Chuva";"Dupla";"Curva";"Não";2;0;1;0;1;0;1;1;-24,97245688;-48,39976606;"SPRF-SP";"DEL05-SP";"UOP02-DEL05-SP"
335837;2021-01-22;"sexta-feira";"00:05:00";"PR";277;114;"CAMPO LARGO";"Demais falhas mecânicas ou elétricas";"Saída de leito carroçável";"Com Vítimas Feridas";"Plena Noite";"Decrescente";"Nublado";"Dupla";"Reta";"Sim";1;0;1;0;0;0;1;1;-25,44606705;-49,49372161;"SPRF-PR";"DEL01-PR";"UOP03-DEL03-PR"
335839;2021-01-22;"sexta-feira";"00:40:00";"RS";116;270;"CANOAS";"Ingestão de álcool pelo condutor";"Colisão com objeto";"Com Vítimas Feridas";"Plena Noite";"Crescente";"Ignorado";"Simples";"Reta";"Não";1;0;1;0;0;0;1;1;-29,96839095;-51,17623895;"SPRF-RS";"DEL01-RS";"UOP01-DEL01-RS"
335841;2021-01-22;"sexta-feira";"00:30:00";"MS";163;253,7;"DOURADOS";"Reação tardia ou ineficiente do condutor";"Colisão com objeto";"Sem Vítimas";"Plena Noite";"Decrescente";"Chuva";"Dupla";"Reta";"Não";1;0;0;0;0;1;0;1;-22,27885392;-54,82235352;"SPRF-MS";"DEL04-MS";"UOP01-DEL04-MS"
335842;2021-01-22;"sexta-feira";"02:45:00";"SC";101;124;"ITAJAI";"Ingestão de álcool pelo condutor";"Colisão com objeto";"Sem Vítimas";"Plena Noite";"Decrescente";"Garoa/Chuvisco";"Dupla";"Reta";"Não";1;0;0;0;1;0;0;1;-26,94335064;-48,69198648;"SPRF-SC";"DEL04-SC";"UOP04-DEL04-SC"
335844;2021-01-22;"sexta-feira";"03:05:00";"SC";101;215,4;"PALHOCA";"Velocidade Incompatível";"Colisão com objeto";"Sem Vítimas";"Plena Noite";"Crescente";"Garoa/Chuvisco";"Múltipla";"Curva;Aclive";"Sim";1;0;0;0;1;0;0;1;-27,65443314;-48,67803812;"SPRF-SC";"DEL01-SC";"UOP02-DEL01-SC"
335848;2021-01-22;"sexta-feira";"03:30:00";"MT";364;202;"RONDONOPOLIS";"Velocidade Incompatível";"Queda de ocupante de veículo";"Com Vítimas Feridas";"Plena Noite";"Crescente";"Nevoeiro/Neblina";"Dupla";"Reta";"Sim";1;0;1;0;0;0;1;1;-16,48347324;-54,64970354;"SPRF-MT";"DEL02-MT";"UOP01-DEL02-MT"
335849;2021-01-22;"sexta-feira";"05:00:00";"ES";101;117;"SOORETAMA";"Demais falhas mecânicas ou elétricas";"Incêndio";"Sem Vítimas";"Amanhecer";"Crescente";"Céu Claro";"Simples";"Reta";"Não";1;0;0;0;1;0;0;1;-19,11932808;-40,06302982;"SPRF-ES";"DEL04-ES";"UOP01-DEL04-ES"
335850;2021-01-22;"sexta-feira";"00:00:00";"RO";364;46;"VILHENA";"Pedestre andava na pista";"Colisão lateral";"Com Vítimas Feridas";"Plena Noite";"Crescente";"Céu Claro";"Simples";"Reta";"Não";2;0;1;0;1;0;1;2;-12,58433298;-60,34423392;"SPRF-RO";"DEL04-RO";"UOP01-DEL04-RO"
335853;2021-01-22;"sexta-feira";"05:25:00";"PR";277;691,8;"SAO MIGUEL DO IGUACU";"Reação tardia ou ineficiente do condutor";"Saída de leito carroçável";"Sem Vítimas";"Amanhecer";"Crescente";"Céu Claro";"Dupla";"Reta";"Não";1;0;0;0;1;0;0;1;-25,3630051;-54,25351194;"SPRF-PR";"DEL05-PR";"UOP01-DEL05-PR"
335854;2021-01-22;"sexta-feira";"06:10:00";"CE";222;2,5;"FORTALEZA";"Condutor desrespeitou a iluminação vermelha do semáforo";"Colisão transversal";"Com Vítimas Feridas";"Pleno dia";"Crescente";"Nublado";"Múltipla";"Reta";"Sim";3;0;0;1;2;0;1;3;-3,73911117;-38,58687498;"SPRF-CE";"DEL01-CE";"UOP01-DEL01-CE"
335856;2021-01-22;"sexta-feira";"05:50:00";"AL";101;194,5;"SAO SEBASTIAO";"Ausência de reação do condutor";"Saída de leito carroçável";"Com Vítimas Feridas";"Pleno dia";"Decrescente";"Céu Claro";"Simples";"Curva";"Não";3;0;1;1;1;0;2;1;-9,93595808;-36,49545203;"SPRF-AL";"DEL02-AL";"UOP02-DEL02-AL"
335858;2021-01-22;"sexta-feira";"06:35:00";"DF";40;6,4;"BRASILIA";"Transitar no acostamento";"Colisão lateral mesmo sentido";"Com Vítimas Feridas";"Pleno dia";"Decrescente";"Céu Claro";"Dupla";"Reta";"Não";2;0;1;0;1;0;1;2;-16,033927;-47,978577;"SPRF-DF";"DEL01-DF";"UOP01-DEL01-DF"
335859;2021-01-22;"sexta-feira";"06:30:00";"RS";293;0,9;"PELOTAS";"Desrespeitar a preferência no cruzamento";"Colisão transversal";"Sem Vítimas";"Pleno dia";"Crescente";"Céu Claro";"Múltipla";"Rotatória";"Sim";2;0;0;0;2;0;0;2;-31,760326;-52,356205;"SPRF-RS";"DEL07-RS";"UOP01-DEL07-RS"
335860;2021-01-22;"sexta-feira";"06:45:00";"SP";381;63;"MAIRIPORA";"Condutor Dormindo";"Colisão traseira";"Com Vítimas Feridas";"Pleno dia";"Crescente";"Céu Claro";"Dupla";"Reta";"Não";2;0;1;0;1;0;1;2;-23,302805;-46,572767;"SPRF-SP";"DEL03-SP";"UOP01-DEL03-SP"
335861;2021-01-22;"sexta-feira";"07:00:00";"MG";381;484;"BETIM";"Trafegar com motocicleta (ou similar) entre as faixas";"Tombamento";"Com Vítimas Feridas";"Pleno dia";"Decrescente";"Céu Claro";"Dupla";"Reta";"Sim";1;0;1;0;0;0;1;1;-19,95531717;-44,11722196;"SPRF-MG";"DEL01-MG";"UOP03-DEL01-MG"
335864;2021-01-22;"sexta-feira";"07:20:00";"RN";101;97,1;"NATAL";"Objeto estático sobre o leito carroçável";"Colisão com objeto";"Com Vítimas Feridas";"Pleno dia";"Decrescente";"Nublado";"Múltipla";"Declive";"Sim";1;0;1;0;0;0;1;1;-5,85758898;-35,21271205;"SPRF-RN";"DEL01-RN";"UOP01-DEL01-RN"
335866;2021-01-22;"sexta-feira";"07:50:00";"GO";153;502;"GOIANIA";"Manobra de mudança de faixa";"Colisão lateral";"Com Vítimas Feridas";"Pleno dia";"Decrescente";"Céu Claro";"Dupla";"Reta";"Sim";2;0;1;0;1;0;1;2;-16,7287;-49,2424;"SPRF-GO";"DEL01-GO";"UOP01-DEL01-GO"
335867;2021-01-22;"sexta-feira";"07:35:00";"RN";101;80,9;"SAO GONCALO DO AMARANTE";"Acessar a via sem observar a presença dos outros veículos";"Colisão lateral";"Com Vítimas Feridas";"Pleno dia";"Crescente";"Nublado";"Dupla";"Rotatória";"Sim";2;0;1;0;1;0;1;2;-5,76294105;-35,28722942;"SPRF-RN";"DEL02-RN";"UOP01-DEL02-RN"
335869;2021-01-22;"sexta-feira";"07:55:00";"DF";20;4;"BRASILIA";"Reação tardia ou ineficiente do condutor";"Colisão traseira";"Sem Vítimas";"Pleno dia";"Decrescente";"Céu Claro";"Dupla";"Aclive";"Sim";2;0;0;0;2;0;0;2;-15,67689282;-47,82568574;"SPRF-DF";"DEL02-DF";"UOP01-DEL02-DF"
335870;2021-01-22;"sexta-feira";"07:55:00";"PR";277;112;"CAMPO LARGO";"Frear bruscamente";"Tombamento";"Com Vítimas Feridas";"Pleno dia";"Decrescente";"Nublado";"Dupla";"Reta";"Sim";1;0;1;0;0;0;1;1;-25,44746;-49,476515;"SPRF-PR";"DEL01-PR";"UOP03-DEL03-PR"
335872;2021-01-22;"sexta-feira";"06:55:00";"MG";381;482,1;"BETIM";"Estacionar ou parar em local proibido";"Colisão lateral";"Com Vítimas Feridas";"Amanhecer";"Decrescente";"Céu Claro";"Múltipla";"Interseção de Vias";"Sim";3;0;2;0;1;0;2;2;-19,955532;-44,097209;"SPRF-MG";"DEL01-MG";"UOP03-DEL01-MG"
335874;2021-01-22;"sexta-feira";"08:20:00";"PI";343;340,7;"TERESINA";"Condutor deixou de manter distância do veículo da frente";"Colisão traseira";"Com Vítimas Feridas";"Pleno dia";"Crescente";"Céu Claro";"Dupla";"Curva;Aclive";"Sim";2;0;1;0;1;0;1;2;-5,0776921;-42,74312925;"SPRF-PI";"DEL01-PI";"UOP01-DEL01-PI"
335875;2021-01-22;"sexta-feira";"08:00:00";"BA";324;578;"CANDEIAS";"Avarias e/ou desgaste excessivo no pneu";"Queda de ocupante de veículo";"Com Vítimas Feridas";"Pleno dia";"Crescente";"Nublado";"Dupla";"Reta";"Não";2;0;2;0;0;0;2;1;-12,58896655;-38,52358272;"SPRF-BA";"DEL01-BA";"UOP01-DEL01-BA"
335877;2021-01-22;"sexta-feira";"07:40:00";"PR";116;200,9;"RIO NEGRO";"Reação tardia ou ineficiente do condutor";"Colisão traseira";"Com Vítimas Feridas";"Pleno dia";"Crescente";"Céu Claro";"Simples";"Reta";"Não";2;0;1;0;1;0;1;2;-26,03284086;-49,69000012;"SPRF-SC";"DEL06-SC";"UOP01-DEL06-SC"
335881;2021-01-22;"sexta-feira";"08:00:00";"MG";40;82,6;"PARACATU";"Reação tardia ou ineficiente do condutor";"Saída de leito carroçável";"Com Vítimas Feridas";"Pleno dia";"Crescente";"Céu Claro";"Simples";"Reta";"Não";4;0;0;2;2;0;2;1;-17,46980649;-46,64389174;"SPRF-MG";"DEL14-MG";"UOP01-DEL14-MG"
335882;2021-01-22;"sexta-feira";"09:00:00";"BA";116;414;"FEIRA DE SANTANA";"Desrespeitar a preferência no cruzamento";"Colisão transversal";"Com Vítimas Feridas";"Pleno dia";"Crescente";"Céu Claro";"Simples";"Em Obras;Interseção de Vias;Reta";"Sim";3;0;1;1;1;0;2;2;-12,15091699;-38,96471948;"SPRF-BA";"DEL02-BA";"UOP01-DEL02-BA"