"id";"data_inversa";"dia_semana";"horario";"uf";"br";"km";"municipio";"causa_acidente";"tipo_acidente";"classificacao_acidente";"fase_dia";"sentido_via";"condicao_metereologica";"tipo_pista";"tracado_via";"uso_solo";"pessoas";"mortos";"feridos_leves";"feridos_graves";"ilesos";"ignorados";"feridos";"veiculos";"latitude";"longitude";"regional";"delegacia";"uop"
335884;2021-01-22;"sexta-feira";"07:20:00";"MG";50;72;"UBERLANDIA";"Condutor deixou de manter distância do veículo da frente";"Engavetamento";"Com Vítimas Feridas";"Pleno dia";"Decrescente";"Céu Claro";"Dupla";"Reta";"Sim";4;0;3;0;1;0;3;4;-18,85140204;-48,25345932;"SPRF-MG";"DEL15-MG";"UOP01-DEL15-MG"
335885;2021-01-22;"sexta-feira";"09:00:00";"GO";50;279;"CATALAO";"Ausência de reação do condutor";"Queda de ocupante de veículo";"Com Vítimas Feridas";"Pleno dia";"Crescente";"Céu Claro";"Simples";"Reta";"Sim";1;0;1;0;0;0;1;1;-18,1739;-47,9289;"SPRF-GO";"DEL06-GO";"UOP01-DEL06-GO"
335886;2021-01-14;"quinta-feira";"17:30:00";"MS";376;6;"DOURADOS";"Ausência de reação do condutor";"Colisão traseira";"Com Vítimas Feridas";"Pleno dia";"Decrescente";"Céu Claro";"Simples";"Reta";"Não";2;0;1;0;1;0;1;2;-22,23642697;-54,65583896;"SPRF-MS";"DEL04-MS";"UOP04-DEL04-MS"
335890;2021-01-22;"sexta-feira";"09:30:00";"MG";365;604;"UBERLANDIA";"Velocidade Incompatível";"Saída de leito carroçável";"Com Vítimas Fatais";"Pleno dia";"Crescente";"Céu Claro";"Simples";"Curva";"Sim";1;1;0;0;0;0;0;1;-18,90390519;-48,16353682;"SPRF-MG";"DEL15-MG";"UOP01-DEL15-MG"
335891;2021-01-22;"sexta-feira";"09:30:00";"PE";101;176,5;"JOAQUIM NABUCO";"Velocidade Incompatível";"Saída de leito carroçável";"Com Vítimas Fatais";"Pleno dia";"Crescente";"Sol";"Dupla";"Curva";"Não";13;3;4;4;0;2;8;1;-8,60776887;-35,5426471;"SPRF-PE";"DEL01-PE";"UOP03-DEL01-PE"
335893;2021-01-22;"sexta-feira";"09:50:00";"ES";101;276,8;"SERRA";"Acumulo de água sobre o pavimento";"Capotamento";"Com Vítimas Feridas";"Pleno dia";"Crescente";"Chuva";"Dupla";"Reta";"Não";1;0;1;0;0;0;1;1;-20,20788726;-40,3133509;"SPRF-ES";"DEL02-ES";"UOP01-DEL02-ES"
335895;2021-01-22;"sexta-feira";"09:50:00";"MG";50;67,2;"UBERLANDIA";"Condutor deixou de manter distância do veículo da frente";"Colisão traseira";"Com Vítimas Feridas";"Pleno dia";"Crescente";"Céu Claro";"Dupla";"Reta;Declive";"Sim";5;0;1;0;4;0;1;2;-18,85140204;-48,25345932;"SPRF-MG";"DEL15-MG";"UOP02-DEL15-MG"
335896;2021-01-22;"sexta-feira";"10:10:00";"PE";232;136;"CARUARU";"Acumulo de areia ou detritos sobre o pavimento";"Saída de leito carroçável";"Com Vítimas Feridas";"Pleno dia";"Decrescente";"Céu Claro";"Dupla";"Reta";"Não";1;0;1;0;0;0;1;1;-8,31339932;-36,04175591;"SPRF-PE";"DEL02-PE";"UOP03-DEL02-PE"
335897;2021-01-02;"sábado";"09:15:00";"SP";116;541,6;"BARRA DO TURVO";"Chuva";"Colisão lateral";"Com Vítimas Feridas";"Pleno dia";"Crescente";"Chuva";"Dupla";"Curva";"Não";1;0;1;0;0;0;1;1;-24,97257881;-48,40265036;"SPRF-SP";"DEL05-SP";"UOP02-DEL05-SP"
335898;2021-01-22;"sexta-feira";"10:40:00";"GO";153;418,3;"ANAPOLIS";"Afundamento ou ondulação no pavimento";"Capotamento";"Com Vítimas Feridas";"Pleno dia";"Decrescente";"Céu Claro";"Simples";"Reta";"Não";3;0;2;0;1;0;2;1;-16,159821;-49,04351;"SPRF-GO";"DEL02-GO";"UOP01-DEL02-GO"
335903;2021-01-21;"quinta-feira";"12:50:00";"MT";158;259,8;"SAO FELIX DO ARAGUAIA";"Velocidade Incompatível";"Saída de leito carroçável";"Com Vítimas Feridas";"Pleno dia";"Decrescente";"Céu Claro";"Simples";"Reta";"Não";2;0;1;0;1;0;1;1;-11,607862;-51,699307;"SPRF-MT";"DEL07-MT";"UOP02-DEL07-MT"
335904;2021-01-22;"sexta-feira";"11:50:00";"DF";20;9;"BRASILIA";"Condutor deixou de manter distância do veículo da frente";"Colisão traseira";"Com Vítimas Feridas";"Pleno dia";"Decrescente";"Céu Claro";"Dupla";"Reta";"Sim";2;0;1;0;1;0;1;2;-15,654671;-47,782917;"SPRF-DF";"DEL02-DF";"UOP01-DEL02-DF"
335905;2021-01-22;"sexta-feira";"11:00:00";"MT";364;379,6;"SANTO ANTONIO DO LEVERGER";"Ausência de reação do condutor";"Saída de leito carroçável";"Com Vítimas Feridas";"Pleno dia";"Crescente";"Céu Claro";"Dupla";"Reta";"Não";1;0;0;1;0;0;1;1;-15,70357434;-55,755179;"SPRF-MT";"DEL01-MT";"UOP02-DEL01-MT"
335906;2021-01-22;"sexta-feira";"12:30:00";"RJ";116;172;"BELFORD ROXO";"Condutor deixou de manter distância do veículo da frente";"Colisão traseira";"Com Vítimas Feridas";"Pleno dia";"Crescente";"Céu Claro";"Dupla";"Reta";"Não";2;0;1;0;1;0;1;2;-22,7759;-43,3993;"SPRF-RJ";"DEL01-RJ";"UOP02-DEL01-RJ"
335909;2021-01-22;"sexta-feira";"09:40:00";"MG";365;741;"ITUIUTABA";"Pista Escorregadia";"Saída de leito carroçável";"Com Vítimas Feridas";"Pleno dia";"Decrescente";"Chuva";"Simples";"Reta";"Não";2;0;1;0;1;0;1;1;-18,91363311;-49,38245598;"SPRF-MG";"DEL15-MG";"UOP03-DEL15-MG"
335911;2021-01-22;"sexta-feira";"13:40:00";"ES";101;299;"VIANA";"Condutor deixou de manter distância do veículo da frente";"Colisão traseira";"Com Vítimas Feridas";"Pleno dia";"Crescente";"Sol";"Dupla";"Reta";"Sim";2;0;1;0;1;0;1;2;-20,35860628;-40,42327504;"SPRF-ES";"DEL01-ES";"UOP01-DEL01-ES"
335912;2021-01-22;"sexta-feira";"12:50:00";"GO";40;54,7;"LUZIANIA";"Demais falhas mecânicas ou elétricas";"Incêndio";"Sem Vítimas";"Pleno dia";"Crescente";"Céu Claro";"Dupla";"Reta";"Não";1;0;0;0;1;0;0;1;-16,476451;-47,811164;"SPRF-DF";"DEL01-DF";"UOP02-DEL01-DF"
335913;2021-01-22;"sexta-feira";"10:40:00";"ES";101;446;"MIMOSO DO SUL";"Ultrapassagem Indevida";"Colisão lateral sentido oposto";"Com Vítimas Feridas";"Pleno dia";"Crescente";"Céu Claro";"Simples";"Reta";"Não";2;0;1;0;1;0;1;2;-21,11782572;-41,26862728;"SPRF-ES";"DEL03-ES";"UOP02-DEL03-ES"
335916;2021-01-22;"sexta-feira";"14:50:00";"DF";40;8;"BRASILIA";"Manobra de mudança de faixa";"Colisão lateral";"Com Vítimas Feridas";"Pleno dia";"Crescente";"Céu Claro";"Dupla";"Reta";"Sim";3;0;2;0;0;1;2;2;-16,038666;-47,979691;"SPRF-DF";"DEL01-DF";"UOP01-DEL01-DF"
335917;2021-01-22;"sexta-feira";"11:00:00";"MT";70;99,2;"GENERAL CARNEIRO";"Ausência de reação do condutor";"Capotamento";"Com Vítimas Feridas";"Pleno dia";"Decrescente";"Nublado";"Simples";"Reta";"Não";4;0;4;0;0;0;4;1;-15,56218628;-52,93845991;"SPRF-MT";"DEL07-MT";"UOP01-DEL07-MT"
335920;2021-01-22;"sexta-feira";"15:20:00";"RJ";101;307;"SAO GONCALO";"Acumulo de água sobre o pavimento";"Colisão traseira";"Com Vítimas Feridas";"Pleno dia";"Decrescente";"Chuva";"Dupla";"Reta";"Sim";5;0;2;0;3;0;2;2;-22,79115777;-43,01514205;"SPRF-RJ";"DEL02-RJ";"UOP02-DEL02-RJ"
335922;2021-01-22;"sexta-feira";"14:20:00";"RO";364;433;"JARU";"Ausência de reação do condutor";"Queda de ocupante de veículo";"Com Vítimas Feridas";"Pleno dia";"Crescente";"Céu Claro";"Simples";"Reta";"Não";1;0;1;0;0;0;1;1;-10,39528019;-62,53268714;"SPRF-RO";"DEL03-RO";"UOP02-DEL03-RO"
335925;2021-01-22;"sexta-feira";"14:20:00";"RJ";101;308;"SAO GONCALO";"Chuva";"Colisão com objeto";"Com Vítimas Feridas";"Pleno dia";"Decrescente";"Chuva";"Múltipla";"Reta";"Sim";1;0;1;0;0;0;1;1;-22,79309326;-43,02479595;"SPRF-RJ";"DEL02-RJ";"UOP02-DEL02-RJ"
335926;2021-01-22;"sexta-feira";"10:04:00";"MG";116;216;"CATUJI";"Transitar na contramão";"Colisão frontal";"Com Vítimas Feridas";"Pleno dia";"Decrescente";"Céu Claro";"Simples";"Reta";"Não";3;0;0;2;1;0;2;2;-17,3756538;-41,52881674;"SPRF-MG";"DEL11-MG";"UOP01-DEL11-MG"
335928;2021-01-22;"sexta-feira";"15:55:00";"RS";116;267;"CANOAS";"Ultrapassagem Indevida";"Colisão com objeto";"Com Vítimas Feridas";"Pleno dia";"Decrescente";"Céu Claro";"Dupla";"Reta";"Sim";2;0;1;0;1;0;1;1;-29,94142398;-51,17697062;"SPRF-RS";"DEL01-RS";"UOP01-DEL01-RS"
335930;2021-01-22;"sexta-feira";"16:35:00";"SP";101;51,8;"UBATUBA";"Ingestão de álcool pelo condutor";"Atropelamento de Pedestre";"Com Vítimas Fatais";"Pleno dia";"Decrescente";"Céu Claro";"Simples";"Curva";"Sim";4;1;0;1;1;1;1;2;-23,46523123;-45,06223882;"SPRF-SP";"DEL06-SP";"UOP01-DEL06-SP"
335936;2021-01-22;"sexta-feira";"15:50:00";"MG";381;502,1;"BETIM";"Avarias e/ou desgaste excessivo no pneu";"Tombamento";"Com Vítimas Feridas";"Pleno dia";"Decrescente";"Céu Claro";"Múltipla";"Reta";"Sim";2;0;2;0;0;0;2;1;-20,01956483;-44,22836065;"SPRF-MG";"DEL01-MG";"UOP03-DEL01-MG"
335939;2021-01-22;"sexta-feira";"13:40:00";"SC";101;138,5;"BALNEARIO CAMBORIU";"Reação tardia ou ineficiente do condutor";"Colisão com objeto";"Com Vítimas Feridas";"Pleno dia";"Decrescente";"Chuva";"Dupla";"Curva";"Sim";3;0;3;0;0;0;3;1;-27,02397426;-48,60761649;"SPRF-SC";"DEL04-SC";"UOP03-DEL04-SC"
335941;2021-01-22;"sexta-feira";"17:05:00";"PR";116;125;"FAZENDA RIO GRANDE";"Trafegar com motocicleta (ou similar) entre as faixas";"Colisão lateral mesmo sentido";"Com Vítimas Feridas";"Plena Noite";"Crescente";"Garoa/Chuvisco";"Dupla";"Reta";"Sim";2;0;1;0;1;0;1;2;-25,59505309;-49,31630659;"SPRF-PR";"DEL01-PR";"UOP03-DEL01-PR"
335942;2021-01-22;"sexta-feira";"17:00:00";"MA";135;5,4;"SAO LUIS";"Condutor deixou de manter distância do veículo da frente";"Colisão traseira";"Sem Vítimas";"Anoitecer";"Decrescente";"Nublado";"Dupla";"Reta";"Sim";3;0;0;0;3;0;0;3;-2,62145385;-44,25797421;"SPRF-MA";"DEL01-MA";"UOP01-DEL01-MA"
335943;2021-01-22;"sexta-feira";"17:15:00";"PR";116;99;"SAO JOSE DOS PINHAIS";"Demais falhas mecânicas ou elétricas";"Queda de ocupante de veículo";"Com Vítimas Feridas";"Pleno dia";"Crescente";"Nublado";"Dupla";"Reta";"Não";1;0;0;1;0;0;1;1;-25,56660098;-49,1583252;"SPRF-PR";"DEL01-PR";"UOP01-DEL01-PR"
335944;2021-01-22;"sexta-feira";"13:35:00";"PB";230;480;"MARIZOPOLIS";"Acessar a via sem observar a presença dos outros veículos";"Colisão transversal";"Com Vítimas Feridas";"Pleno dia";"Decrescente";"Nublado";"Simples";"Reta";"Não";5;0;1;3;0;1;4;2;-6,8436;-38,3416;"SPRF-PB";"DEL03-PB";"UOP03-DEL03-PB"
335945;2021-01-22;"sexta-feira";"15:40:00";"RJ";465;20;"NOVA IGUACU";"Ausência de sinalização";"Colisão transversal";"Com Vítimas Feridas";"Pleno dia";"Decrescente";"Céu Claro";"Simples";"Reta";"Não";2;0;0;1;1;0;1;2;-22,846828;-43,605339;"SPRF-RJ";"DEL03-RJ";"UOP01-DEL03-RJ"
335947;2021-01-16;"sábado";"04:40:00";"MA";316;419;"PERITORO";"Condutor Dormindo";"Colisão frontal";"Com Vítimas Feridas";"Plena Noite";"Crescente";"Nublado";"Simples";"Reta";"Sim";2;0;0;1;1;0;1;2;-4,346691;-44,379074;"SPRF-MA";"DEL03-MA";"UOP01-DEL03-MA"
335948;2021-01-22;"sexta-feira";"18:00:00";"SC";101;120,7;"ITAJAI";"Trafegar com motocicleta (ou similar) entre as faixas";"Colisão lateral";"Com Vítimas Feridas";"Pleno dia";"Decrescente";"Chuva";"Múltipla";"Reta";"Sim";2;0;1;0;1;0;1;2;-26,912758;-48,711998;"SPRF-SC";"DEL04-SC";"UOP04-DEL04-SC"
335950;2021-01-22;"sexta-feira";"17:40:00";"PR";376;189,5;"MARIALVA";"Manobra de mudança de faixa";"Colisão lateral";"Com Vítimas Feridas";"Pleno dia";"Decrescente";"Céu Claro";"Dupla";"Reta";"Sim";2;0;1;0;1;0;1;2;-23,469506;-51,822522;"SPRF-PR";"DEL09-PR";"UOP01-DEL09-PR"
335951;2021-01-22;"sexta-feira";"17:20:00";"RN";101;79,9;"SAO GONCALO DO AMARANTE";"Ingestão de álcool pelo condutor";"Colisão transversal";"Com Vítimas Feridas";"Anoitecer";"Crescente";"Céu Claro";"Dupla";"Reta";"Sim";2;0;1;0;1;0;1;2;-5,75348875;-35,28889244;"SPRF-RN";"DEL02-RN";"UOP01-DEL02-RN"
335952;2021-01-22;"sexta-feira";"12:30:00";"ES";482;59,3;"JERONIMO MONTEIRO";"Ultrapassagem Indevida";"Colisão frontal";"Com Vítimas Feridas";"Pleno dia";"Crescente";"Sol";"Simples";"Curva";"Não";3;0;0;1;1;1;1;3;-20,80232;-41,354004;"SPRF-ES";"DEL03-ES";"UOP02-DEL03-ES"
335954;2021-01-22;"sexta-feira";"13:50:00";"PR";277;2,5;"PARANAGUA";"Velocidade Incompatível";"Colisão traseira";"Com Vítimas Feridas";"Pleno dia";"Crescente";"Nublado";"Dupla";"Reta";"Sim";4;0;2;0;2;0;2;3;-25,568198;-48,615292;"SPRF-PR";"DEL01-PR";"UOP05-DEL01-PR"
335955;2021-01-22;"sexta-feira";"18:45:00";"RS";287;267;"SANTA MARIA";"Demais falhas mecânicas ou elétricas";"Saída de leito carroçável";"Com Vítimas Feridas";"Pleno dia";"Crescente";"Céu Claro";"Simples";"Reta";"Não";2;0;2;0;0;0;2;1;-29,67151646;-54,01217104;"SPRF-RS";"DEL09-RS";"UOP01-DEL09-RS"
335957;2021-01-22;"sexta-feira";"18:15:00";"PR";476;130,5;"CURITIBA";"Condutor deixou de manter distância do veículo da frente";"Colisão traseira";"Com Vítimas Feridas";"Anoitecer";"Decrescente";"Nublado";"Simples";"Reta";"Sim";3;0;1;0;2;0;1;2;-25,449564;-49,236427;"SPRF-PR";"DEL01-PR";"UOP03-DEL01-PR"
335958;2021-01-14;"quinta-feira";"09:55:00";"AL";316;160;"PALMEIRA DOS INDIOS";"Desrespeitar a preferência no cruzamento";"Colisão transversal";"Com Vítimas Feridas";"Pleno dia";"Crescente";"Céu Claro";"Simples";"Interseção de Vias";"Não";2;0;0;1;1;0;1;2;-9,44736217;-36,60179321;"SPRF-AL";"DEL03-AL";"UOP01-DEL03-AL"
335959;2021-01-22;"sexta-feira";"18:30:00";"BA";116;13;"VITORIA DA CONQUISTA";"Animais na Pista";"Atropelamento de Animal";"Com Vítimas Feridas";"Anoitecer";"Crescente";"Céu Claro";"Simples";"Reta";"Não";2;0;2;0;0;0;2;1;-14,851;-40,8485;"SPRF-BA";"DEL08-BA";"UOP01-DEL08-BA"
335960;2021-01-22;"sexta-feira";"19:20:00";"PE";101;65;"RECIFE";"Reação tardia ou ineficiente do condutor";"Colisão traseira";"Com Vítimas Feridas";"Plena Noite";"Crescente";"Céu Claro";"Dupla";"Reta";"Sim";2;0;1;0;1;0;1;2;-8,02920346;-34,94308596;"SPRF-PE";"DEL01-PE";"UOP01-DEL01-PE"
335962;2021-01-22;"sexta-feira";"18:25:00";"RO";319;64;"PORTO VELHO";"Condutor deixou de manter distância do veículo da frente";"Colisão traseira";"Com Vítimas Feridas";"Pleno dia";"Decrescente";"Céu Claro";"Dupla";"Reta";"Sim";6;0;1;0;5;0;1;2;-8,766685;-63,884052;"SPRF-RO";"DEL01-RO";"UOP01-DEL01-RO"
335964;2021-01-22;"sexta-feira";"19:00:00";"PR";376;598,5;"CURITIBA";"Trafegar com motocicleta (ou similar) entre as faixas";"Colisão traseira";"Com Vítimas Feridas";"Plena Noite";"Crescente";"Nublado";"Dupla";"Reta";"Não";2;0;1;0;1;0;1;2;-25,5188802;-49,33506947;"SPRF-PR";"DEL01-PR";"UOP01-DEL01-PR"
335965;2021-01-22;"sexta-feira";"19:50:00";"GO";153;502;"GOIANIA";"Acumulo de areia ou detritos sobre o pavimento";"Tombamento";"Com Vítimas Feridas";"Plena Noite";"Crescente";"Céu Claro";"Dupla";"Reta";"Sim";1;0;1;0;0;0;1;1;-16,7287;-49,2424;"SPRF-GO";"DEL01-GO";"UOP01-DEL01-GO"
335967;2021-01-22;"sexta-feira";"19:00:00";"BA";101;896;"CARAVELAS";"Reação tardia ou ineficiente do condutor";"Colisão traseira";"Sem Vítimas";"Plena Noite";"Decrescente";"Céu Claro";"Simples";"Curva";"Não";2;0;0;0;2;0;0;2;-17,73970976;-39,7657603;"SPRF-BA";"DEL09-BA";"UOP02-DEL09-BA"
335968;2021-01-22;"sexta-feira";"19:50:00";"MG";381;326;"NOVA ERA";"Pedestre andava na pista";"Atropelamento de Pedestre";"Com Vítimas Feridas";"Plena Noite";"Decrescente";"Céu Claro";"Dupla";"Reta";"Sim";2;0;1;0;1;0;1;2;-19,76186464;-43,04442797;"SPRF-MG";"DEL03-MG";"UOP02-DEL03-MG"
335969;2021-01-22;"sexta-feira";"15:40:00";"RJ";393;106;"SAPUCAIA";"Acesso irregular";"Colisão lateral";"Com Vítimas Feridas";"Pleno dia";"Crescente";"Céu Claro";"Simples";"Reta";"Não";2;0;1;0;1;0;1;2;-21,99811503;-42,92231799;"SPRF-RJ";"DEL05-RJ";"UOP01-DEL05-RJ"
335971;2021-01-22;"sexta-feira";"19:55:00";"PR";116;120;"CURITIBA";"Manobra de mudança de faixa";"Colisão traseira";"Com Vítimas Feridas";"Plena Noite";"Crescente";"Nublado";"Dupla";"Reta";"Sim";2;0;1;0;1;0;1;2;-25,55122256;-49,30503748;"SPRF-PR";"DEL01-PR";"UOP03-DEL01-PR"
335972;2021-01-22;"sexta-feira";"20:00:00";"RJ";101;491;"ANGRA DOS REIS";"Ingestão de álcool pelo condutor";"Atropelamento de Pedestre";"Com Vítimas Feridas";"Plena Noite";"Decrescente";"Céu Claro";"Simples";"Aclive";"Não";2;0;1;0;1;0;1;2;-22,95442983;-44,32193004;"SPRF-RJ";"DEL03-RJ";"UOP03-DEL03-RJ"
335973;2021-01-22;"sexta-feira";"20:15:00";"RJ";356;174;"SAO JOAO DA BARRA";"Condutor deixou de manter distância do veículo da frente";"Colisão traseira";"Com Vítimas Feridas";"Plena Noite";"Crescente";"Céu Claro";"Simples";"Reta";"Não";2;0;2;0;0;0;2;2;-21,717404;-41,12731934;"SPRF-RJ";"DEL08-RJ";"UOP02-DEL08-RJ"
335975;2021-01-22;"sexta-feira";"20:40:00";"SP";381;90;"GUARULHOS";"Manobra de mudança de faixa";"Colisão lateral mesmo sentido";"Com Vítimas Feridas";"Plena Noite";"Crescente";"Nublado";"Múltipla";"Reta";"Não";2;0;1;0;1;0;1;2;-23,49479479;-46,55959864;"SPRF-SP";"DEL03-SP";"UOP01-DEL03-SP"
335976;2021-01-22;"sexta-feira";"21:00:00";"ES";101;181;"ARACRUZ";"Acessar a via sem observar a presença dos outros veículos";"Colisão transversal";"Com Vítimas Feridas";"Plena Noite";"Decrescente";"Céu Claro";"Simples";"Reta";"Não";5;0;4;0;1;0;4;2;-19,6312501;-40,22615187;"SPRF-ES";"DEL04-ES";"UOP01-DEL04-ES"
335977;2021-01-22;"sexta-feira";"20:00:00";"BA";116;669,3;"JEQUIE";"Velocidade Incompatível";"Capotamento";"Com Vítimas Feridas";"Plena Noite";"Crescente";"Céu Claro";"Simples";"Reta";"Não";4;0;4;0;0;0;4;1;-13,77543794;-40,10191324;"SPRF-BA";"DEL03-BA";"UOP01-DEL03-BA"
335979;2021-01-22;"sexta-feira";"21:00:00";"BA";324;552;"AMELIA RODRIGUES";"Velocidade Incompatível";"Atropelamento de Animal";"Com Vítimas Feridas";"Plena Noite";"Decrescente";"Céu Claro";"Dupla";"Reta";"Não";1;0;1;0;0;0;1;1;-12,44970237;-38,71122627;"SPRF-BA";"DEL01-BA";"UOP03-DEL01-BA"
335980;2021-01-22;"sexta-feira";"22:00:00";"GO";60;460;"JATAI";"Avarias e/ou desgaste excessivo no pneu";"Tombamento";"Com Vítimas Feridas";"Plena Noite";"Crescente";"Nublado";"Dupla";"Reta";"Não";1;0;1;0;0;0;1;1;-17,8715;-51,6163;"SPRF-GO";"DEL05-GO";"UOP01-DEL05-GO"
335981;2021-01-22;"sexta-feira";"22:29:00";"SE";101;0;"PROPRIA";"Reação tardia ou ineficiente do condutor";"Colisão com objeto";"Com Vítimas Feridas";"Plena Noite";"Decrescente";"Céu Claro";"Simples";"Reta";"Não";1;0;0;1;0;0;1;1;-10,207334;-36,820004;"SPRF-SE";"DEL02-SE";"UOP02-DEL02-SE"
335983;2021-01-22;"sexta-feira";"20:20:00";"MT";163;713;"SORRISO";"Acessar a via sem observar a presença dos outros veículos";"Colisão traseira";"Com Vítimas Feridas";"Plena Noite";"Crescente";"Céu Claro";"Simples";"Reta";"Não";2;0;1;0;1;0;1;2;-12,97937504;-55,8785939;"SPRF-MT";"DEL06-MT";"UOP01-DEL06-MT"
335984;2021-01-22;"sexta-feira";"21:00:00";"SC";101;347,2;"TREZE DE MAIO";"Iluminação deficiente";"Colisão traseira";"Com Vítimas Feridas";"Plena Noite";"Crescente";"Céu Claro";"Simples";"Reta";"Não";2;0;0;1;1;0;1;2;-28,56402604;-49,05410532;"SPRF-SC";"DEL02-SC";"UOP01-DEL02-SC"
335985;2021-01-22;"sexta-feira";"21:45:00";"PE";428;183,7;"PETROLINA";"Acessar a via sem observar a presença dos outros veículos";"Colisão transversal";"Com Vítimas Feridas";"Plena Noite";"Decrescente";"Céu Claro";"Simples";"Interseção de Vias";"Sim";2;0;1;0;1;0;1;2;-9,34263648;-40,47149241;"SPRF-PE";"DEL06-PE";"UOP01-DEL06-PE"
335988;2021-01-22;"sexta-feira";"21:50:00";"RS";116;239,1;"NOVO HAMBURGO";"Entrada inopinada do pedestre";"Atropelamento de Pedestre";"Com Vítimas Fatais";"Plena Noite";"Crescente";"Céu Claro";"Dupla";"Reta";"Sim";3;1;0;0;1;1;0;2;-29,6961491;-51,14455767;"SPRF-RS";"DEL01-RS";"UOP02-DEL01-RS"
335990;2021-01-22;"sexta-feira";"22:30:00";"MG";40;449,5;"CAETANOPOLIS";"Demais falhas mecânicas ou elétricas";"Incêndio";"Sem Vítimas";"Plena Noite";"Decrescente";"Céu Claro";"Dupla";"Reta";"Não";1;0;0;0;1;0;0;1;-19,30931885;-44,37278577;"SPRF-MG";"DEL02-MG";"UOP01-DEL02-MG"
335993;2021-01-22;"sexta-feira";"22:50:00";"GO";60;171;"GOIANIA";"Reação tardia ou ineficiente do condutor";"Saída de leito carroçável";"Com Vítimas Feridas";"Plena Noite";"Decrescente";"Nublado";"Dupla";"Reta";"Sim";2;0;1;1;0;0;2;1;-16,7333;-49,3996;"SPRF-GO";"DEL01-GO";"UOP02-DEL01-GO"
335994;2021-01-22;"sexta-feira";"22:30:00";"MG";40;716,1;"BARBACENA";"Transitar na contramão";"Colisão frontal";"Com Vítimas Feridas";"Plena Noite";"Decrescente";"Céu Claro";"Dupla";"Curva";"Não";3;0;3;0;0;0;3;2;-21,25153502;-43,66402206;"SPRF-MG";"DEL05-MG";"UOP01-DEL05-MG"
335995;2021-01-22;"sexta-feira";"23:00:00";"RJ";116;178;"NOVA IGUACU";"Condutor deixou de manter distância do veículo da frente";"Colisão traseira";"Sem Vítimas";"Plena Noite";"Decrescente";"Céu Claro";"Dupla";"Reta";"Sim";2;0;0;0;2;0;0;2;-22,77496393;-43,40081465;"SPRF-RJ";"DEL01-RJ";"UOP02-DEL01-RJ"
335997;2021-01-22;"sexta-feira";"21:35:00";"MA";135;95,2;"ITAPECURU MIRIM";"Manobra de mudança de faixa";"Colisão frontal";"Com Vítimas Fatais";"Plena Noite";"Decrescente";"Céu Claro";"Simples";"Reta";"Sim";2;1;0;0;0;1;0;2;-3,3279719;-44,44236412;"SPRF-MA";"DEL01-MA";"UOP02-DEL01-MA"
335999;2021-01-22;"sexta-feira";"21:10:00";"RS";386;5,1;"IRAI";"Ingestão de álcool pelo condutor";"Saída de leito carroçável";"Sem Vítimas";"Plena Noite";"Crescente";"Nublado";"Simples";"Reta;Declive";"Sim";1;0;0;0;1;0;0;1;-27,190504;-53,265858;"SPRF-RS";"DEL08-RS";"UOP02-DEL08-RS"
336000;2021-01-22;"sexta-feira";"22:20:00";"MS";163;534,6;"JARAGUARI";"Ausência de reação do condutor";"Colisão com objeto";"Com Vítimas Feridas";"Plena Noite";"Decrescente";"Chuva";"Dupla";"Reta";"Não";1;0;1;0;0;0;1;1;-20,04204609;-54,41341279;"SPRF-MS";"DEL01-MS";"UOP02-DEL01-MS"
336001;2021-01-22;"sexta-feira";"22:10:00";"MG";116;277;"TEOFILO OTONI";"Demais falhas mecânicas ou elétricas";"Incêndio";"Sem Vítimas";"Plena Noite";"Decrescente";"Céu Claro";"Dupla";"Reta";"Sim";1;0;0;0;1;0;0;1;-17,859945;-41,515144;"SPRF-MG";"DEL11-MG";"UOP01-DEL11-MG"
336002;2021-01-22;"sexta-feira";"23:20:00";"PR";116;129;"FAZENDA RIO GRANDE";"Manobra de mudança de faixa";"Colisão traseira";"Com Vítimas Feridas";"Plena Noite";"Crescente";"Nublado";"Dupla";"Reta";"Sim";2;0;0;1;1;0;1;2;-25,63027814;-49,31381255;"SPRF-PR";"DEL01-PR";"UOP03-DEL01-PR"
336003;2021-01-22;"sexta-feira";"21:00:00";"RS";116;196;"PICADA CAFE";"Velocidade Incompatível";"Colisão lateral";"Com Vítimas Feridas";"Plena Noite";"Crescente";"Nublado";"Simples";"Reta";"Sim";3;0;3;0;0;0;3;2;-29,46516935;-51,14805283;"SPRF-RS";"DEL05-RS";"UOP02-DEL05-RS"
336004;2021-01-22;"sexta-feira";"23:20:00";"SC";101;134,5;"BALNEARIO CAMBORIU";"Pista Escorregadia";"Tombamento";"Com Vítimas Feridas";"Plena Noite";"Crescente";"Nublado";"Múltipla";"Reta";"Não";1;0;1;0;0;0;1;1;-27,00400229;-48,63128185;"SPRF-SC";"DEL04-SC";"UOP03-DEL04-SC"
336005;2021-01-22;"sexta-feira";"22:15:00";"SP";116;45,4;"CANAS";"Velocidade Incompatível";"Colisão traseira";"Com Vítimas Feridas";"Plena Noite";"Decrescente";"Céu Claro";"Dupla";"Reta";"Não";2;0;1;0;1;0;1;2;-22,70843505;-45,04559397;"SPRF-SP";"DEL08-SP";"UOP02-DEL08-SP"
336006;2021-01-22;"sexta-feira";"22:45:00";"SC";116;212,7;"PONTE ALTA";"Velocidade Incompatível";"Capotamento";"Com Vítimas Feridas";"Pleno dia";"Crescente";"Chuva";"Dupla";"Reta";"Não";2;0;2;0;0;0;2;1;-27,51804376;-50,36466561;"SPRF-SC";"DEL05-SC";"UOP03-DEL05-SC"