"id";"data_inversa";"dia_semana";"horario";"uf";"br";"km";"municipio";"causa_acidente";"tipo_acidente";"classificacao_acidente";"fase_dia";"sentido_via";"condicao_metereologica";"tipo_pista";"tracado_via";"uso_solo";"pessoas";"mortos";"feridos_leves";"feridos_graves";"ilesos";"ignorados";"feridos";"veiculos";"latitude";"longitude";"regional";"delegacia";"uop"
336477;2021-01-25;"segunda-feira";"07:30:00";"ES";101;263,5;"SERRA";"Condutor deixou de manter distância do veículo da frente";"Colisão traseira";"Com Vítimas Feridas";"Pleno dia";"Crescente";"Céu Claro";"Dupla";"Reta";"Sim";2;0;0;1;1;0;1;2;-20,16554736;-40,27301648;"SPRF-ES";"DEL02-ES";"UOP01-DEL02-ES"
336478;2021-01-25;"segunda-feira";"03:30:00";"GO";364;201;"JATAI";"Condutor Dormindo";"Saída de leito carroçável";"Sem Vítimas";"Plena Noite";"Crescente";"Céu Claro";"Dupla";"Curva";"Não";1;0;0;0;1;0;0;1;-17,914806;-51,765602;"SPRF-GO";"DEL05-GO";"UOP01-DEL05-GO"
336480;2021-01-25;"segunda-feira";"08:35:00";"BA";324;610;"SIMOES FILHO";"Condutor deixou de manter distância do veículo da frente";"Queda de ocupante de veículo";"Com Vítimas Feridas";"Pleno dia";"Crescente";"Céu Claro";"Dupla";"Reta";"Sim";2;0;1;0;0;1;1;2;-12,82931703;-38,41113193;"SPRF-BA";"DEL01-BA";"UOP01-DEL01-BA"
336483;2021-01-25;"segunda-feira";"07:20:00";"SC";163;77,9;"SAO MIGUEL DO OESTE";"Manobra de mudança de faixa";"Colisão transversal";"Com Vítimas Feridas";"Pleno dia";"Crescente";"Nublado";"Simples";"Reta";"Sim";2;0;2;0;0;0;2;2;-26,67615498;-53,51669997;"SPRF-SC";"DEL07-SC";"UOP03-DEL07-SC"
336484;2021-01-25;"segunda-feira";"07:30:00";"RS";116;523,2;"PELOTAS";"Demais falhas mecânicas ou elétricas";"Saída de leito carroçável";"Com Vítimas Feridas";"Pleno dia";"Crescente";"Céu Claro";"Múltipla";"Curva";"Não";1;0;1;0;0;0;1;1;-31,72136584;-52,38140629;"SPRF-RS";"DEL07-RS";"UOP01-DEL07-RS"
336485;2021-01-25;"segunda-feira";"09:08:00";"RS";116;0,7;"PORTO ALEGRE";"Condutor deixou de manter distância do veículo da frente";"Colisão traseira";"Com Vítimas Feridas";"Pleno dia";"Crescente";"Céu Claro";"Dupla";"Reta";"Sim";4;0;1;0;3;0;1;3;-30,033535;-51,230453;"SPRF-RS";"DEL01-RS";"UOP01-DEL01-RS"
336486;2021-01-25;"segunda-feira";"08:40:00";"ES";101;277,5;"SERRA";"Acumulo de areia ou detritos sobre o pavimento";"Tombamento";"Com Vítimas Feridas";"Pleno dia";"Decrescente";"Sol";"Dupla";"Curva";"Sim";1;0;1;0;0;0;1;1;-20,21307738;-40,32125972;"SPRF-ES";"DEL02-ES";"UOP01-DEL02-ES"
336488;2021-01-25;"segunda-feira";"08:00:00";"AL";316;268,2;"SATUBA";"Acessar a via sem observar a presença dos outros veículos";"Colisão transversal";"Com Vítimas Feridas";"Pleno dia";"Decrescente";"Céu Claro";"Simples";"Curva";"Não";2;0;1;0;1;0;1;2;-9,57982488;-35,83592176;"SPRF-AL";"DEL02-AL";"UOP01-DEL02-AL"
336489;2021-01-24;"domingo";"23:55:00";"RJ";40;109;"DUQUE DE CAXIAS";"Problema na suspensão";"Queda de ocupante de veículo";"Com Vítimas Feridas";"Plena Noite";"Decrescente";"Céu Claro";"Múltipla";"Reta";"Sim";2;0;2;0;0;0;2;1;-22,67374628;-43,28638368;"SPRF-RJ";"DEL01-RJ";"UOP01-DEL01-RJ"
336491;2021-01-25;"segunda-feira";"09:55:00";"BA";110;105;"ANTAS";"Condutor deixou de manter distância do veículo da frente";"Colisão traseira";"Com Vítimas Feridas";"Pleno dia";"Decrescente";"Nublado";"Simples";"Declive";"Não";5;0;0;2;3;0;2;2;-10,33996991;-38,32193412;"SPRF-BA";"DEL07-BA";"UOP01-DEL07-BA"
336492;2021-01-25;"segunda-feira";"08:50:00";"SP";116;316,8;"JUQUITIBA";"Velocidade Incompatível";"Tombamento";"Com Vítimas Feridas";"Pleno dia";"Crescente";"Céu Claro";"Dupla";"Curva";"Sim";1;0;0;1;0;0;1;1;-23,91054997;-46,99149375;"SPRF-SP";"DEL04-SP";"UOP01-DEL04-SP"
336493;2021-01-25;"segunda-feira";"09:00:00";"RO";364;14;"VILHENA";"Condutor deixou de manter distância do veículo da frente";"Colisão traseira";"Com Vítimas Feridas";"Pleno dia";"Crescente";"Céu Claro";"Dupla";"Rotatória";"Sim";2;0;1;0;1;0;1;2;-12,73898138;-60,13911417;"SPRF-RO";"DEL04-RO";"UOP01-DEL04-RO"
336494;2021-01-25;"segunda-feira";"09:20:00";"RS";472;177,6;"SANTA ROSA";"Acessar a via sem observar a presença dos outros veículos";"Colisão transversal";"Com Vítimas Feridas";"Pleno dia";"Crescente";"Céu Claro";"Simples";"Reta";"Sim";2;0;1;0;1;0;1;2;-27,85432363;-54,52952598;"SPRF-RS";"DEL10-RS";"UOP01-DEL10-RS"
336495;2021-01-25;"segunda-feira";"09:00:00";"MG";116;577,3;"MANHUACU";"Ingestão de álcool pelo condutor";"Saída de leito carroçável";"Com Vítimas Feridas";"Pleno dia";"Crescente";"Céu Claro";"Simples";"Reta";"Não";1;0;0;1;0;0;1;1;-20,161295;-42,189066;"SPRF-MG";"DEL06-MG";"UOP03-DEL06-MG"
336496;2021-01-15;"sexta-feira";"04:00:00";"MA";230;405,5;"BALSAS";"Desrespeitar a preferência no cruzamento";"Colisão transversal";"Com Vítimas Fatais";"Plena Noite";"Crescente";"Céu Claro";"Simples";"Interseção de Vias";"Sim";2;1;0;0;0;1;0;2;-7,52133442;-46,04968976;"SPRF-MA";"DEL05-MA";"UOP01-DEL05-MA"
336498;2021-01-25;"segunda-feira";"10:50:00";"PE";101;68;"RECIFE";"Reação tardia ou ineficiente do condutor";"Queda de ocupante de veículo";"Com Vítimas Feridas";"Plena Noite";"Crescente";"Sol";"Dupla";"Rotatória";"Sim";1;0;1;0;0;0;1;1;-8,05228802;-34,9458307;"SPRF-PE";"DEL01-PE";"UOP01-DEL01-PE"
336499;2021-01-24;"domingo";"11:00:00";"MG";116;327;"CAMPANARIO";"Velocidade Incompatível";"Capotamento";"Com Vítimas Feridas";"Pleno dia";"Decrescente";"Sol";"Simples";"Reta";"Não";1;0;1;0;0;0;1;1;-18,20002383;-41,6747763;"SPRF-MG";"DEL11-MG";"UOP01-DEL11-MG"
336500;2021-01-25;"segunda-feira";"10:40:00";"MG";381;489;"BETIM";"Reação tardia ou ineficiente do condutor";"Capotamento";"Com Vítimas Feridas";"Pleno dia";"Crescente";"Sol";"Dupla";"Declive";"Sim";1;0;0;1;0;0;1;1;-19,96245618;-44,16455495;"SPRF-MG";"DEL01-MG";"UOP03-DEL01-MG"
336501;2021-01-25;"segunda-feira";"10:20:00";"RS";290;145;"ELDORADO DO SUL";"Condutor deixou de manter distância do veículo da frente";"Engavetamento";"Com Vítimas Feridas";"Pleno dia";"Crescente";"Céu Claro";"Simples";"Reta;Interseção de Vias";"Sim";12;0;1;0;11;0;1;3;-30,100563;-51,656773;"SPRF-RS";"DEL02-RS";"UOP01-DEL02-RS"
336505;2021-01-25;"segunda-feira";"11:00:00";"PR";376;140;"PRESIDENTE CASTELO BRANCO";"Velocidade Incompatível";"Saída de leito carroçável";"Com Vítimas Feridas";"Pleno dia";"Decrescente";"Nublado";"Dupla";"Reta";"Não";1;0;1;0;0;0;1;1;-23,240108;-52,171955;"SPRF-PR";"DEL09-PR";"UOP02-DEL09-PR"
336506;2021-01-25;"segunda-feira";"09:20:00";"BA";101;622;"MASCOTE";"Velocidade Incompatível";"Colisão frontal";"Com Vítimas Feridas";"Pleno dia";"Decrescente";"Chuva";"Simples";"Curva";"Não";8;0;7;0;1;0;7;3;-15,858785;-39,520394;"SPRF-BA";"DEL05-BA";"UOP02-DEL05-BA"
336507;2021-01-25;"segunda-feira";"10:45:00";"RS";116;49;"VACARIA";"Velocidade Incompatível";"Colisão transversal";"Com Vítimas Feridas";"Pleno dia";"Crescente";"Chuva";"Simples";"Curva";"Não";6;0;4;0;2;0;4;2;-28,56891356;-51,00387124;"SPRF-RS";"DEL05-RS";"UOP03-DEL05-RS"
336509;2021-01-25;"segunda-feira";"11:40:00";"RJ";101;20;"CAMPOS DOS GOYTACAZES";"Acessar a via sem observar a presença dos outros veículos";"Colisão transversal";"Com Vítimas Feridas";"Pleno dia";"Decrescente";"Céu Claro";"Simples";"Curva";"Sim";2;0;1;0;1;0;1;2;-21,38270215;-41,34132276;"SPRF-RJ";"DEL08-RJ";"UOP01-DEL08-RJ"
336510;2021-01-25;"segunda-feira";"10:45:00";"PB";101;94;"CONDE";"Velocidade Incompatível";"Colisão com objeto";"Com Vítimas Feridas";"Pleno dia";"Decrescente";"Céu Claro";"Dupla";"Curva";"Não";5;0;3;0;2;0;3;2;-7,21483297;-34,9117521;"SPRF-PB";"DEL01-PB";"UOP02-DEL01-PB"
336513;2021-01-25;"segunda-feira";"08:30:00";"PE";232;14;"JABOATAO DOS GUARARAPES";"Curva acentuada";"Tombamento";"Com Vítimas Feridas";"Pleno dia";"Crescente";"Céu Claro";"Dupla";"Curva";"Não";1;0;1;0;0;0;1;1;-8,09025488;-35,02052302;"SPRF-PE";"DEL01-PE";"UOP01-DEL01-PE"
336516;2021-01-25;"segunda-feira";"11:50:00";"PI";343;261,4;"CAMPO MAIOR";"Condutor deixou de manter distância do veículo da frente";"Colisão traseira";"Sem Vítimas";"Pleno dia";"Crescente";"Sol";"Simples";"Reta";"Não";2;0;0;0;2;0;0;2;-4,806726;-42,145878;"SPRF-PI";"DEL01-PI";"UOP03-DEL01-PI"
336519;2021-01-25;"segunda-feira";"12:25:00";"PR";277;662,5;"MATELANDIA";"Reação tardia ou ineficiente do condutor";"Capotamento";"Com Vítimas Feridas";"Pleno dia";"Decrescente";"Nublado";"Dupla";"Reta";"Não";1;0;0;1;0;0;1;1;-25,25121745;-54,00913508;"SPRF-PR";"DEL05-PR";"UOP02-DEL05-PR"
336521;2021-01-25;"segunda-feira";"12:20:00";"SC";101;117;"ITAJAI";"Desrespeitar a preferência no cruzamento";"Colisão transversal";"Sem Vítimas";"Pleno dia";"Crescente";"Nublado";"Dupla";"Viaduto";"Sim";2;0;0;0;2;0;0;2;-26,88747187;-48,72252969;"SPRF-SC";"DEL04-SC";"UOP04-DEL04-SC"
336522;2021-01-18;"segunda-feira";"10:02:00";"PI";343;142;"PIRACURUCA";"Ausência de sinalização";"Colisão transversal";"Com Vítimas Fatais";"Pleno dia";"Crescente";"Céu Claro";"Simples";"Reta";"Sim";2;1;0;0;1;0;0;2;-3,937132;-41,717117;"SPRF-PI";"DEL02-PI";"UOP01-DEL02-PI"
336523;2021-01-25;"segunda-feira";"12:30:00";"RS";153;62,8;"PAULO BENTO";"Transitar na contramão";"Colisão transversal";"Sem Vítimas";"Pleno dia";"Crescente";"Nublado";"Simples";"Reta";"Não";2;0;0;0;2;0;0;2;-27,7537637;-52,33514047;"SPRF-RS";"DEL08-RS";"UOP04-DEL08-RS"
336524;2021-01-25;"segunda-feira";"12:00:00";"RJ";40;81;"PETROPOLIS";"Condutor deixou de manter distância do veículo da frente";"Colisão com objeto";"Com Vítimas Feridas";"Pleno dia";"Decrescente";"Céu Claro";"Simples";"Reta";"Não";1;0;1;0;0;0;1;1;-22,50560003;-43,23186384;"SPRF-RJ";"DEL06-RJ";"UOP01-DEL06-RJ"
336525;2021-01-25;"segunda-feira";"12:20:00";"PR";277;4,5;"FOZ DO IGUACU";"Reação tardia ou ineficiente do condutor";"Atropelamento de Pedestre";"Com Vítimas Feridas";"Pleno dia";"Crescente";"Chuva";"Dupla";"Reta";"Sim";2;0;0;1;1;0;1;2;-25,5469;-54,5882;"SPRF-PR";"DEL05-PR";"UOP03-DEL05-PR"
336527;2021-01-25;"segunda-feira";"13:00:00";"RS";386;362;"BOM RETIRO DO SUL";"Desrespeitar a preferência no cruzamento";"Colisão lateral";"Com Vítimas Feridas";"Pleno dia";"Crescente";"Céu Claro";"Dupla";"Interseção de Vias;Reta";"Não";3;0;1;0;2;0;1;2;-29,558276;-51,889681;"SPRF-RS";"DEL04-RS";"UOP02-DEL04-RS"
336528;2021-01-25;"segunda-feira";"12:20:00";"PR";277;599,3;"CASCAVEL";"Acesso irregular";"Colisão transversal";"Com Vítimas Feridas";"Pleno dia";"Decrescente";"Garoa/Chuvisco";"Dupla";"Reta";"Não";2;0;1;0;1;0;1;2;-24,996818;-53,516253;"SPRF-PR";"DEL04-PR";"UOP01-DEL04-PR"
336530;2021-01-05;"terça-feira";"14:00:00";"CE";20;411,7;"CAUCAIA";"Desvio temporário";"Colisão com objeto";"Com Vítimas Feridas";"Pleno dia";"Decrescente";"Céu Claro";"Simples";"Reta";"Não";2;0;0;2;0;0;2;2;-3,76999035;-38,67006282;"SPRF-CE";"DEL01-CE";"UOP01-DEL01-CE"
336533;2021-01-25;"segunda-feira";"12:45:00";"SC";101;29,9;"JOINVILLE";"Avarias e/ou desgaste excessivo no pneu";"Queda de ocupante de veículo";"Com Vítimas Feridas";"Pleno dia";"Decrescente";"Garoa/Chuvisco";"Dupla";"Reta";"Não";2;0;2;0;0;0;2;1;-26,211903;-48,91589904;"SPRF-SC";"DEL03-SC";"UOP01-DEL03-SC"
336534;2021-01-25;"segunda-feira";"13:25:00";"SC";101;344,1;"TUBARAO";"Desrespeitar a preferência no cruzamento";"Colisão transversal";"Com Vítimas Feridas";"Pleno dia";"Decrescente";"Nublado";"Dupla";"Curva";"Não";3;0;2;0;1;0;2;2;-28,53647889;-49,0531826;"SPRF-SC";"DEL02-SC";"UOP01-DEL02-SC"
336536;2021-01-25;"segunda-feira";"13:55:00";"SC";101;206,2;"SAO JOSE";"Chuva";"Queda de ocupante de veículo";"Com Vítimas Feridas";"Pleno dia";"Decrescente";"Chuva";"Simples";"Reta";"Sim";1;0;1;0;0;0;1;1;-27,59193546;-48,61824557;"SPRF-SC";"DEL01-SC";"UOP01-DEL01-SC"
336538;2021-01-25;"segunda-feira";"11:00:00";"MG";40;586;"ITABIRITO";"Velocidade Incompatível";"Saída de leito carroçável";"Com Vítimas Feridas";"Pleno dia";"Crescente";"Céu Claro";"Simples";"Curva";"Não";1;0;1;0;0;0;1;1;-20,34175518;-43,92038073;"SPRF-MG";"DEL01-MG";"UOP02-DEL01-MG"
336539;2021-01-25;"segunda-feira";"11:30:00";"SC";470;89,8;"ASCURRA";"Ausência de reação do condutor";"Tombamento";"Com Vítimas Feridas";"Pleno dia";"Decrescente";"Nublado";"Simples";"Reta";"Não";1;0;1;0;0;0;1;1;-26,961573;-49,371918;"SPRF-SC";"DEL04-SC";"UOP01-DEL04-SC"
336541;2021-01-25;"segunda-feira";"14:40:00";"SP";116;217;"GUARULHOS";"Reação tardia ou ineficiente do condutor";"Colisão lateral mesmo sentido";"Com Vítimas Feridas";"Pleno dia";"Decrescente";"Sol";"Múltipla";"Reta";"Sim";3;0;0;1;2;0;1;2;-23,45423824;-46,47119028;"SPRF-SP";"DEL01-SP";"UOP01-DEL01-SP"
336542;2021-01-25;"segunda-feira";"10:50:00";"SP";116;146;"SAO JOSE DOS CAMPOS";"Reação tardia ou ineficiente do condutor";"Queda de ocupante de veículo";"Com Vítimas Feridas";"Pleno dia";"Decrescente";"Céu Claro";"Múltipla";"Declive";"Sim";1;0;1;0;0;0;1;1;-23,19122919;-45,86327591;"SPRF-SP";"DEL02-SP";"UOP01-DEL02-SP"
336543;2021-01-25;"segunda-feira";"07:45:00";"RJ";356;168;"SAO JOAO DA BARRA";"Condutor deixou de manter distância do veículo da frente";"Colisão traseira";"Com Vítimas Feridas";"Pleno dia";"Decrescente";"Céu Claro";"Simples";"Reta";"Não";2;0;0;1;1;0;1;2;-21,71915823;-41,12131119;"SPRF-RJ";"DEL08-RJ";"UOP02-DEL08-RJ"
336544;2021-01-25;"segunda-feira";"10:50:00";"PE";408;62,3;"CARPINA";"Acessar a via sem observar a presença dos outros veículos";"Colisão transversal";"Com Vítimas Feridas";"Pleno dia";"Decrescente";"Sol";"Simples";"Curva";"Sim";3;0;0;2;0;1;2;2;-7,83198297;-35,24473969;"SPRF-PE";"DEL01-PE";"UOP01-DEL01-PE"
336545;2021-01-25;"segunda-feira";"09:10:00";"MT";163;623,5;"NOVA MUTUM";"Ausência de reação do condutor";"Saída de leito carroçável";"Com Vítimas Feridas";"Pleno dia";"Decrescente";"Céu Claro";"Simples";"Reta";"Não";2;0;1;0;1;0;1;1;-13,70934406;-56,0416478;"SPRF-MT";"DEL01-MT";"UOP01-DEL01-MT"
336546;2021-01-25;"segunda-feira";"13:45:00";"SP";116;332;"JUQUITIBA";"Reação tardia ou ineficiente do condutor";"Saída de leito carroçável";"Com Vítimas Feridas";"Pleno dia";"Decrescente";"Céu Claro";"Dupla";"Reta";"Não";4;0;4;0;0;0;4;1;-23,95597045;-47,1100868;"SPRF-SP";"DEL04-SP";"UOP01-DEL04-SP"
336547;2021-01-25;"segunda-feira";"10:10:00";"RJ";393;109,5;"SAPUCAIA";"Conversão proibida";"Colisão frontal";"Com Vítimas Feridas";"Pleno dia";"Decrescente";"Céu Claro";"Simples";"Interseção de Vias";"Sim";2;0;0;1;1;0;1;2;-21,99811503;-42,92231799;"SPRF-RJ";"DEL05-RJ";"UOP01-DEL05-RJ"
336554;2021-01-25;"segunda-feira";"11:17:00";"PE";232;323,7;"CUSTODIA";"Mal súbito do condutor";"Tombamento";"Com Vítimas Fatais";"Pleno dia";"Decrescente";"Céu Claro";"Simples";"Interseção de Vias";"Não";21;1;0;0;20;0;0;2;-8,10292403;-37,56281303;"SPRF-PE";"DEL03-PE";"UOP02-DEL03-PE"
336557;2021-01-25;"segunda-feira";"14:00:00";"GO";60;124,9;"GOIANAPOLIS";"Avarias e/ou desgaste excessivo no pneu";"Queda de ocupante de veículo";"Com Vítimas Feridas";"Pleno dia";"Crescente";"Nublado";"Dupla";"Reta";"Não";1;0;1;0;0;0;1;1;-16,5243;-49,1313;"SPRF-GO";"DEL01-GO";"UOP01-DEL01-GO"
336562;2021-01-25;"segunda-feira";"15:50:00";"PB";101;88;"JOAO PESSOA";"Reação tardia ou ineficiente do condutor";"Colisão traseira";"Com Vítimas Feridas";"Pleno dia";"Decrescente";"Céu Claro";"Dupla";"Reta";"Sim";3;0;1;1;0;1;2;2;-7,16470016;-34,89993643;"SPRF-PB";"DEL01-PB";"UOP01-DEL01-PB"
336563;2021-01-25;"segunda-feira";"15:10:00";"SC";101;24,5;"JOINVILLE";"Acessar a via sem observar a presença dos outros veículos";"Colisão transversal";"Com Vítimas Feridas";"Pleno dia";"Decrescente";"Chuva";"Simples";"Reta";"Sim";5;0;0;1;3;1;1;3;-26,17483309;-48,90767978;"SPRF-SC";"DEL03-SC";"UOP01-DEL03-SC"
336564;2021-01-25;"segunda-feira";"10:55:00";"BA";101;837;"ITAMARAJU";"Curva acentuada";"Saída de leito carroçável";"Com Vítimas Fatais";"Pleno dia";"Crescente";"Ignorado";"Simples";"Curva";"Não";1;1;0;0;0;0;0;1;-17,15522507;-39,57447052;"SPRF-BA";"DEL09-BA";"UOP02-DEL09-BA"
336569;2021-01-25;"segunda-feira";"13:00:00";"SC";282;618,5;"IRACEMINHA";"Velocidade Incompatível";"Saída de leito carroçável";"Com Vítimas Feridas";"Pleno dia";"Crescente";"Chuva";"Simples";"Curva;Declive";"Não";1;0;0;1;0;0;1;1;-26,788088;-53,293259;"SPRF-SC";"DEL07-SC";"UOP02-DEL07-SC"
336572;2021-01-25;"segunda-feira";"15:05:00";"CE";222;313,7;"TIANGUA";"Demais falhas na via";"Queda de ocupante de veículo";"Com Vítimas Feridas";"Pleno dia";"Crescente";"Nublado";"Simples";"Reta";"Sim";1;0;1;0;0;0;1;1;-3,7236142;-40,99670064;"SPRF-CE";"DEL04-CE";"UOP02-DEL04-CE"
336573;2021-01-25;"segunda-feira";"16:30:00";"MG";381;482,9;"BETIM";"Demais falhas mecânicas ou elétricas";"Queda de ocupante de veículo";"Com Vítimas Feridas";"Pleno dia";"Crescente";"Céu Claro";"Dupla";"Reta";"Sim";1;0;1;0;0;0;1;1;-19,955532;-44,097209;"SPRF-MG";"DEL01-MG";"UOP03-DEL01-MG"
336574;2021-01-25;"segunda-feira";"16:30:00";"MG";381;483,8;"BETIM";"Condutor deixou de manter distância do veículo da frente";"Engavetamento";"Com Vítimas Feridas";"Pleno dia";"Decrescente";"Céu Claro";"Dupla";"Aclive;Reta";"Sim";6;0;3;0;3;0;3;4;-19,95594491;-44,10721699;"SPRF-MG";"DEL01-MG";"UOP03-DEL01-MG"
336575;2021-01-25;"segunda-feira";"16:50:00";"SP";116;204;"ARUJA";"Velocidade Incompatível";"Colisão traseira";"Com Vítimas Feridas";"Pleno dia";"Crescente";"Céu Claro";"Dupla";"Reta";"Sim";3;0;2;0;1;0;2;2;-23,41236123;-46,35692496;"SPRF-SP";"DEL01-SP";"UOP01-DEL01-SP"
336576;2021-01-25;"segunda-feira";"16:30:00";"AL";104;20,2;"UNIAO DOS PALMARES";"Conversão proibida";"Colisão transversal";"Com Vítimas Feridas";"Pleno dia";"Crescente";"Céu Claro";"Simples";"Reta";"Não";2;0;0;1;1;0;1;2;-9,05832806;-36,03471394;"SPRF-AL";"DEL01-AL";"UOP02-DEL01-AL"
336579;2021-01-25;"segunda-feira";"16:40:00";"RS";116;247,9;"SAO LEOPOLDO";"Condutor deixou de manter distância do veículo da frente";"Engavetamento";"Com Vítimas Feridas";"Pleno dia";"Decrescente";"Sol";"Dupla";"Viaduto";"Sim";4;0;2;0;2;0;2;3;-29,76733091;-51,1535296;"SPRF-RS";"DEL01-RS";"UOP02-DEL01-RS"
336581;2021-01-25;"segunda-feira";"16:15:00";"RS";471;672;"SANTA VITORIA DO PALMAR";"Desrespeitar a preferência no cruzamento";"Colisão transversal";"Sem Vítimas";"Pleno dia";"Crescente";"Sol";"Simples";"Rotatória";"Sim";2;0;0;0;2;0;0;2;-33,56199537;-53,36334229;"SPRF-RS";"DEL07-RS";"UOP04-DEL07-RS"
336583;2021-01-25;"segunda-feira";"16:15:00";"SE";101;106,5;"SAO CRISTOVAO";"Demais falhas mecânicas ou elétricas";"Capotamento";"Com Vítimas Feridas";"Pleno dia";"Decrescente";"Céu Claro";"Dupla";"Reta";"Não";1;0;1;0;0;0;1;1;-10,95841469;-37,24489601;"SPRF-SE";"DEL02-SE";"UOP01-DEL02-SE"
336587;2021-01-25;"segunda-feira";"13:00:00";"SC";282;54,3;"RANCHO QUEIMADO";"Pista Escorregadia";"Colisão com objeto";"Com Vítimas Feridas";"Pleno dia";"Crescente";"Chuva";"Simples";"Curva";"Não";1;0;1;0;0;0;1;1;-27,685799;-48,974514;"SPRF-SC";"DEL01-SC";"UOP03-DEL01-SC"
336593;2021-01-25;"segunda-feira";"15:00:00";"PB";230;154,2;"CAMPINA GRANDE";"Velocidade Incompatível";"Colisão traseira";"Sem Vítimas";"Pleno dia";"Decrescente";"Nublado";"Simples";"Reta";"Sim";2;0;0;0;1;1;0;2;-7,278623;-35,895469;"SPRF-PB";"DEL02-PB";"UOP01-DEL02-PB"
336594;2021-01-25;"segunda-feira";"17:25:00";"RS";470;177,3;"VERANOPOLIS";"Acessar a via sem observar a presença dos outros veículos";"Colisão transversal";"Sem Vítimas";"Pleno dia";"Decrescente";"Nublado";"Simples";"Reta";"Sim";2;0;0;0;2;0;0;2;-28,93896517;-51,54507279;"SPRF-RS";"DEL06-RS";"UOP02-DEL06-RS"
336595;2021-01-25;"segunda-feira";"17:00:00";"BA";410;4;"RIBEIRA DO POMBAL";"Manobra de mudança de faixa";"Saída de leito carroçável";"Com Vítimas Feridas";"Pleno dia";"Decrescente";"Céu Claro";"Simples";"Reta";"Não";1;0;1;0;0;0;1;1;-10,83422975;-38,5604295;"SPRF-BA";"DEL07-BA";"UOP02-DEL07-BA"
336596;2021-01-25;"segunda-feira";"13:15:00";"SC";282;405,7;"CATANDUVAS";"Chuva";"Colisão lateral sentido oposto";"Com Vítimas Feridas";"Pleno dia";"Crescente";"Chuva";"Simples";"Curva";"Não";2;0;0;2;0;0;2;2;-27,098232;-51,651218;"SPRF-SC";"DEL07-SC";"UOP05-DEL07-SC"
336599;2021-01-25;"segunda-feira";"17:20:00";"SP";116;183;"SANTA ISABEL";"Reação tardia ou ineficiente do condutor";"Colisão traseira";"Com Vítimas Feridas";"Pleno dia";"Decrescente";"Céu Claro";"Múltipla";"Reta";"Não";2;0;1;0;1;0;1;2;-23,34888216;-46,17091894;"SPRF-SP";"DEL01-SP";"UOP01-DEL01-SP"
336602;2021-01-25;"segunda-feira";"12:30:00";"RJ";465;19;"NOVA IGUACU";"Demais falhas mecânicas ou elétricas";"Colisão com objeto";"Com Vítimas Feridas";"Pleno dia";"Decrescente";"Céu Claro";"Simples";"Reta";"Sim";2;0;1;0;1;0;1;1;-22,84228525;-43,60856652;"SPRF-RJ";"DEL03-RJ";"UOP01-DEL03-RJ"
336603;2021-01-25;"segunda-feira";"18:15:00";"PE";408;101;"SAO LOURENCO DA MATA";"Avarias e/ou desgaste excessivo no pneu";"Tombamento";"Com Vítimas Feridas";"Plena Noite";"Decrescente";"Céu Claro";"Dupla";"Reta";"Não";1;0;1;0;0;0;1;1;-8,04710272;-35,00887967;"SPRF-PE";"DEL01-PE";"UOP01-DEL01-PE"
336605;2021-01-25;"segunda-feira";"17:50:00";"SP";116;141;"SAO JOSE DOS CAMPOS";"Condutor deixou de manter distância do veículo da frente";"Engavetamento";"Sem Vítimas";"Pleno dia";"Crescente";"Nublado";"Dupla";"Reta";"Sim";3;0;0;0;3;0;0;3;-23,17004717;-45,82091491;"SPRF-SP";"DEL02-SP";"UOP01-DEL02-SP"
336606;2021-01-25;"segunda-feira";"17:30:00";"MG";40;280;"TRES MARIAS";"Afundamento ou ondulação no pavimento";"Saída de leito carroçável";"Com Vítimas Feridas";"Pleno dia";"Decrescente";"Chuva";"Simples";"Reta";"Não";1;0;1;0;0;0;1;1;-18,23500807;-45,21384008;"SPRF-MG";"DEL14-MG";"UOP02-DEL14-MG"
336607;2021-01-25;"segunda-feira";"18:25:00";"PE";232;14,1;"JABOATAO DOS GUARARAPES";"Pedestre andava na pista";"Atropelamento de Pedestre";"Com Vítimas Feridas";"Plena Noite";"Crescente";"Céu Claro";"Dupla";"Curva;Aclive";"Não";2;0;0;1;0;1;1;2;-8,09025488;-35,02052302;"SPRF-PE";"DEL01-PE";"UOP01-DEL01-PE"
336609;2021-01-25;"segunda-feira";"18:30:00";"MG";381;501;"BETIM";"Demais falhas mecânicas ou elétricas";"Queda de ocupante de veículo";"Com Vítimas Feridas";"Anoitecer";"Decrescente";"Céu Claro";"Dupla";"Reta";"Sim";1;0;1;0;0;0;1;1;-20,03146447;-44,2377893;"SPRF-MG";"DEL01-MG";"UOP03-DEL01-MG"
336610;2021-01-25;"segunda-feira";"18:45:00";"RN";101;82;"NATAL";"Demais falhas mecânicas ou elétricas";"Colisão transversal";"Com Vítimas Feridas";"Plena Noite";"Decrescente";"Céu Claro";"Dupla";"Interseção de Vias";"Sim";2;0;1;0;1;0;1;2;-5,76791511;-35,27456305;"SPRF-RN";"DEL02-RN";"UOP01-DEL02-RN"
336613;2021-01-25;"segunda-feira";"19:00:00";"GO";251;32,2;"CRISTALINA";"Reação tardia ou ineficiente do condutor";"Colisão traseira";"Com Vítimas Feridas";"Plena Noite";"Crescente";"Nublado";"Simples";"Reta";"Não";3;0;2;0;1;0;2;2;-16,063473;-47,532895;"SPRF-DF";"DEL01-DF";"UOP01-DEL01-DF"