"id";"data_inversa";"dia_semana";"horario";"uf";"br";"km";"municipio";"causa_acidente";"tipo_acidente";"classificacao_acidente";"fase_dia";"sentido_via";"condicao_metereologica";"tipo_pista";"tracado_via";"uso_solo";"pessoas";"mortos";"feridos_leves";"feridos_graves";"ilesos";"ignorados";"feridos";"veiculos";"latitude";"longitude";"regional";"delegacia";"uop"
336760;2021-01-26;"terça-feira";"17:15:00";"SP";116;155;"SAO JOSE DOS CAMPOS";"Condutor deixou de manter distância do veículo da frente";"Colisão traseira";"Com Vítimas Feridas";"Anoitecer";"Decrescente";"Céu Claro";"Múltipla";"Reta";"Não";2;0;1;0;1;0;1;2;-23,24524337;-45,92772774;"SPRF-SP";"DEL02-SP";"UOP01-DEL02-SP"
336761;2021-01-26;"terça-feira";"17:00:00";"ES";101;302;"VIANA";"Transitar na contramão";"Colisão frontal";"Com Vítimas Feridas";"Pleno dia";"Crescente";"Nublado";"Dupla";"Reta;Viaduto;Retorno Regulamentado;Aclive";"Não";3;0;0;1;1;1;1;3;-20,36278187;-40,4401343;"SPRF-ES";"DEL01-ES";"UOP01-DEL01-ES"
336762;2021-01-18;"segunda-feira";"11:45:00";"ES";262;31;"DOMINGOS MARTINS";"Demais falhas na via";"Queda de ocupante de veículo";"Com Vítimas Feridas";"Pleno dia";"Decrescente";"Sol";"Simples";"Curva";"Não";1;0;0;1;0;0;1;1;-20,3805123;-40,56830627;"SPRF-ES";"DEL01-ES";"UOP01-DEL01-ES"
336763;2021-01-26;"terça-feira";"13:55:00";"SC";101;120;"ITAJAI";"Acumulo de óleo sobre o pavimento";"Tombamento";"Com Vítimas Feridas";"Pleno dia";"Crescente";"Nublado";"Simples";"Curva";"Sim";1;0;1;0;0;0;1;1;-26,912758;-48,711998;"SPRF-SC";"DEL04-SC";"UOP04-DEL04-SC"
336767;2021-01-26;"terça-feira";"13:50:00";"SC";280;125,3;"RIO NEGRINHO";"Acessar a via sem observar a presença dos outros veículos";"Colisão transversal";"Com Vítimas Feridas";"Pleno dia";"Crescente";"Nublado";"Simples";"Aclive";"Sim";2;0;1;0;1;0;1;2;-26,23763684;-49,48434497;"SPRF-SC";"DEL06-SC";"UOP03-DEL06-SC"
336769;2021-01-26;"terça-feira";"17:20:00";"BA";324;606;"SIMOES FILHO";"Pista Escorregadia";"Queda de ocupante de veículo";"Com Vítimas Feridas";"Pleno dia";"Crescente";"Céu Claro";"Dupla";"Reta";"Não";2;0;2;0;0;0;2;1;-12,79340512;-38,40485325;"SPRF-BA";"DEL01-BA";"UOP01-DEL01-BA"
336774;2021-01-26;"terça-feira";"18:30:00";"SP";116;219,7;"GUARULHOS";"Trafegar com motocicleta (ou similar) entre as faixas";"Queda de ocupante de veículo";"Com Vítimas Feridas";"Anoitecer";"Crescente";"Sol";"Múltipla";"Reta";"Sim";1;0;1;0;0;0;1;1;-23,46143954;-46,48885316;"SPRF-SP";"DEL01-SP";"UOP01-DEL01-SP"
336775;2021-01-26;"terça-feira";"18:30:00";"PE";407;124;"PETROLINA";"Desrespeitar a preferência no cruzamento";"Colisão transversal";"Com Vítimas Feridas";"Plena Noite";"Decrescente";"Céu Claro";"Dupla";"Rotatória";"Sim";3;0;2;0;1;0;2;2;-9,36929881;-40,54137139;"SPRF-PE";"DEL06-PE";"UOP01-DEL06-PE"
336776;2021-01-26;"terça-feira";"17:50:00";"BA";101;224;"CRUZ DAS ALMAS";"Ultrapassagem Indevida";"Colisão lateral";"Com Vítimas Feridas";"Anoitecer";"Crescente";"Céu Claro";"Simples";"Aclive";"Não";2;0;1;0;1;0;1;2;-12,70331383;-39,15741997;"SPRF-BA";"DEL01-BA";"UOP02-DEL01-BA"
336777;2021-01-26;"terça-feira";"17:00:00";"PR";369;150;"LONDRINA";"Desrespeitar a preferência no cruzamento";"Colisão transversal";"Com Vítimas Feridas";"Pleno dia";"Crescente";"Céu Claro";"Dupla";"Interseção de Vias;Reta";"Sim";2;0;0;1;1;0;1;2;-23,29275656;-51,16277218;"SPRF-PR";"DEL07-PR";"UOP01-DEL07-PR"
336778;2021-01-26;"terça-feira";"19:00:00";"MG";365;419;"PATOS DE MINAS";"Animais na Pista";"Atropelamento de Animal";"Com Vítimas Feridas";"Plena Noite";"Crescente";"Céu Claro";"Simples";"Reta";"Não";1;0;1;0;0;0;1;1;-18,69581421;-46,59448986;"SPRF-MG";"DEL10-MG";"UOP01-DEL10-MG"
336779;2021-01-26;"terça-feira";"18:15:00";"PA";230;118;"MARABA";"Reação tardia ou ineficiente do condutor";"Colisão lateral mesmo sentido";"Com Vítimas Feridas";"Plena Noite";"Crescente";"Céu Claro";"Dupla";"Reta";"Sim";2;0;0;1;1;0;1;2;-5,35193706;-49,09794103;"SPRF-PA";"DEL03-PA";"UOP01-DEL03-PA"
336781;2021-01-26;"terça-feira";"18:35:00";"MG";381;453;"SABARA";"Transitar no acostamento";"Atropelamento de Pedestre";"Com Vítimas Feridas";"Amanhecer";"Decrescente";"Céu Claro";"Simples";"Reta;Aclive";"Sim";2;0;1;0;0;1;1;2;-19,84339604;-43,88596993;"SPRF-MG";"DEL01-MG";"UOP01-DEL01-MG"
336782;2021-01-26;"terça-feira";"18:55:00";"RJ";101;79;"CAMPOS DOS GOYTACAZES";"Demais falhas mecânicas ou elétricas";"Incêndio";"Sem Vítimas";"Plena Noite";"Decrescente";"Céu Claro";"Simples";"Reta";"Sim";1;0;0;0;1;0;0;1;-21,83685554;-41,42866013;"SPRF-RJ";"DEL08-RJ";"UOP02-DEL08-RJ"
336783;2021-01-26;"terça-feira";"18:40:00";"DF";60;4,5;"BRASILIA";"Chuva";"Tombamento";"Com Vítimas Feridas";"Plena Noite";"Crescente";"Chuva";"Dupla";"Reta";"Sim";1;0;1;0;0;0;1;1;-15,892721;-48,095741;"SPRF-DF";"DEL03-DF";"UOP01-DEL03-DF"
336784;2021-01-26;"terça-feira";"19:00:00";"CE";222;7;"CAUCAIA";"Transitar na contramão";"Colisão frontal";"Com Vítimas Feridas";"Plena Noite";"Decrescente";"Céu Claro";"Simples";"Reta";"Sim";3;0;1;1;0;1;2;2;-3,73359793;-38,69893681;"SPRF-CE";"DEL01-CE";"UOP01-DEL01-CE"
336787;2021-01-26;"terça-feira";"16:00:00";"MG";365;823;"SANTA VITORIA";"Velocidade Incompatível";"Colisão com objeto";"Com Vítimas Feridas";"Pleno dia";"Crescente";"Sol";"Dupla";"Interseção de Vias";"Não";1;0;1;0;0;0;1;1;-18,8765869;-50,12366004;"SPRF-MG";"DEL15-MG";"UOP03-DEL15-MG"
336788;2021-01-26;"terça-feira";"19:35:00";"DF";20;52;"BRASILIA";"Velocidade Incompatível";"Capotamento";"Com Vítimas Feridas";"Plena Noite";"Crescente";"Céu Claro";"Dupla";"Reta";"Não";1;0;1;0;0;0;1;1;-15,580098;-47,403366;"SPRF-DF";"DEL02-DF";"UOP01-DEL02-DF"
336789;2021-01-26;"terça-feira";"19:55:00";"SP";101;49;"UBATUBA";"Acessar a via sem observar a presença dos outros veículos";"Colisão transversal";"Com Vítimas Feridas";"Plena Noite";"Crescente";"Céu Claro";"Simples";"Reta";"Sim";2;0;0;1;0;1;1;2;-23,44410908;-45,08375708;"SPRF-SP";"DEL06-SP";"UOP01-DEL06-SP"
336791;2021-01-26;"terça-feira";"17:30:00";"MT";163;788;"VERA";"Ultrapassagem Indevida";"Colisão frontal";"Com Vítimas Fatais";"Pleno dia";"Crescente";"Céu Claro";"Simples";"Reta";"Não";9;2;0;7;0;0;7;2;-12,276442;-55,558562;"SPRF-MT";"DEL06-MT";"UOP01-DEL06-MT"
336792;2021-01-26;"terça-feira";"19:05:00";"MT";364;522;"VARZEA GRANDE";"Desrespeitar a preferência no cruzamento";"Colisão lateral";"Com Vítimas Feridas";"Plena Noite";"Decrescente";"Chuva";"Simples";"Interseção de Vias";"Sim";2;0;1;0;1;0;1;2;-15,67002756;-56,18049002;"SPRF-MT";"DEL01-MT";"UOP01-DEL01-MT"
336793;2021-01-26;"terça-feira";"20:25:00";"ES";101;255,5;"SERRA";"Desrespeitar a preferência no cruzamento";"Colisão transversal";"Com Vítimas Feridas";"Plena Noite";"Decrescente";"Céu Claro";"Simples";"Interseção de Vias";"Sim";3;0;1;0;0;2;1;3;-20,11487935;-40,31943619;"SPRF-ES";"DEL02-ES";"UOP01-DEL02-ES"
336796;2021-01-06;"quarta-feira";"21:30:00";"GO";60;137;"GOIANIA";"Velocidade Incompatível";"Saída de leito carroçável";"Com Vítimas Feridas";"Plena Noite";"Decrescente";"Céu Claro";"Múltipla";"Curva";"Não";1;0;1;0;0;0;1;1;-16,603;-49,2023;"SPRF-GO";"DEL01-GO";"UOP01-DEL01-GO"
336797;2021-01-26;"terça-feira";"19:00:00";"MS";463;102;"PONTA PORA";"Ausência de reação do condutor";"Colisão traseira";"Com Vítimas Feridas";"Anoitecer";"Crescente";"Nublado";"Simples";"Reta";"Não";2;0;0;2;0;0;2;2;-22,61648914;-55,6330446;"SPRF-MS";"DEL04-MS";"UOP03-DEL04-MS"
336798;2021-01-26;"terça-feira";"19:30:00";"SC";101;322,2;"PESCARIA BRAVA";"Ingestão de álcool pelo condutor";"Colisão traseira";"Sem Vítimas";"Plena Noite";"Decrescente";"Céu Claro";"Dupla";"Declive;Curva";"Sim";2;0;0;0;2;0;0;2;-28,4292622;-48,9172222;"SPRF-SC";"DEL02-SC";"UOP01-DEL02-SC"
336800;2021-01-26;"terça-feira";"20:00:00";"RN";101;102,5;"PARNAMIRIM";"Manobra de mudança de faixa";"Colisão com objeto";"Sem Vítimas";"Plena Noite";"Crescente";"Céu Claro";"Múltipla";"Reta";"Sim";1;0;0;0;1;0;0;1;-5,8888977;-35,24248838;"SPRF-RN";"DEL01-RN";"UOP01-DEL01-RN"
336801;2021-01-26;"terça-feira";"20:30:00";"SP";116;210;"GUARULHOS";"Manobra de mudança de faixa";"Colisão lateral";"Com Vítimas Feridas";"Plena Noite";"Crescente";"Nublado";"Dupla";"Reta";"Sim";2;0;1;0;0;1;1;2;-23,42870023;-46,41085991;"SPRF-SP";"DEL01-SP";"UOP01-DEL01-SP"
336802;2021-01-26;"terça-feira";"19:50:00";"CE";222;2;"FORTALEZA";"Reação tardia ou ineficiente do condutor";"Atropelamento de Pedestre";"Com Vítimas Fatais";"Plena Noite";"Decrescente";"Céu Claro";"Simples";"Reta";"Sim";2;1;0;1;0;0;1;2;-3,73932287;-38,58748376;"SPRF-CE";"DEL01-CE";"UOP01-DEL01-CE"
336804;2021-01-26;"terça-feira";"13:00:00";"MA";230;542,7;"CAROLINA";"Condutor deixou de manter distância do veículo da frente";"Colisão traseira";"Com Vítimas Fatais";"Pleno dia";"Crescente";"Céu Claro";"Simples";"Aclive";"Não";3;1;0;2;0;0;2;2;-7,41367564;-47,19859399;"SPRF-MA";"DEL05-MA";"UOP01-DEL05-MA"
336805;2021-01-26;"terça-feira";"12:50:00";"MS";376;21;"FATIMA DO SUL";"Pedestre andava na pista";"Atropelamento de Pedestre";"Com Vítimas Feridas";"Pleno dia";"Decrescente";"Sol";"Simples";"Reta";"Não";2;0;0;1;1;0;1;2;-22,33650772;-54,56628069;"SPRF-MS";"DEL04-MS";"UOP04-DEL04-MS"
336806;2021-01-26;"terça-feira";"19:00:00";"MS";158;106;"PARANAIBA";"Ingestão de substâncias psicoativas pelo condutor";"Saída de leito carroçável";"Com Vítimas Feridas";"Plena Noite";"Decrescente";"Ignorado";"Simples";"Reta";"Não";1;0;0;1;0;0;1;1;-19,75287202;-51,12588108;"SPRF-MS";"DEL08-MS";"UOP01-DEL08-MS"
336808;2021-01-26;"terça-feira";"20:40:00";"GO";20;181;"SIMOLANDIA";"Acessar a via sem observar a presença dos outros veículos";"Colisão transversal";"Com Vítimas Feridas";"Pleno dia";"Crescente";"Chuva";"Simples";"Interseção de Vias";"Sim";2;0;1;0;0;1;1;2;-14,470801;-46,486183;"SPRF-DF";"DEL02-DF";"UOP03-DEL02-DF"
336809;2021-01-26;"terça-feira";"20:35:00";"MT";70;528,7;"VARZEA GRANDE";"Reação tardia ou ineficiente do condutor";"Colisão transversal";"Com Vítimas Feridas";"Plena Noite";"Crescente";"Chuva";"Simples";"Interseção de Vias";"Não";2;0;1;0;1;0;1;2;-15,65507182;-56,207968;"SPRF-MT";"DEL01-MT";"UOP02-DEL01-MT"
336810;2021-01-26;"terça-feira";"20:15:00";"MG";381;346;"JOAO MONLEVADE";"Velocidade Incompatível";"Saída de leito carroçável";"Com Vítimas Feridas";"Plena Noite";"Crescente";"Céu Claro";"Simples";"Reta";"Não";4;0;1;0;3;0;1;1;-19,85740706;-43,12344309;"SPRF-MG";"DEL03-MG";"UOP01-DEL03-MG"
336812;2021-01-26;"terça-feira";"21:25:00";"PR";373;175;"PONTA GROSSA";"Ingestão de álcool pelo condutor";"Colisão lateral";"Sem Vítimas";"Plena Noite";"Decrescente";"Céu Claro";"Múltipla";"Retorno Regulamentado";"Sim";3;0;0;0;2;1;0;2;-25,06515561;-50,2129707;"SPRF-PR";"DEL03-PR";"UOP04-DEL03-PR"
336813;2021-01-26;"terça-feira";"22:05:00";"SE";235;6;"NOSSA SENHORA DO SOCORRO";"Pedestre andava na pista";"Colisão com objeto";"Com Vítimas Feridas";"Plena Noite";"Crescente";"Céu Claro";"Simples";"Aclive";"Sim";2;0;2;0;0;0;2;2;-10,903851;-37,128677;"SPRF-SE";"DEL01-SE";"UOP01-DEL01-SE"
336816;2021-01-26;"terça-feira";"21:15:00";"SC";470;68;"INDAIAL";"Chuva";"Tombamento";"Com Vítimas Feridas";"Plena Noite";"Decrescente";"Chuva";"Simples";"Aclive;Reta;Em Obras";"Sim";2;0;1;0;1;0;1;2;-26,877615;-49,239231;"SPRF-SC";"DEL04-SC";"UOP01-DEL04-SC"
336820;2021-01-26;"terça-feira";"22:00:00";"MG";354;752;"ITAMONTE";"Desrespeitar a preferência no cruzamento";"Colisão transversal";"Com Vítimas Feridas";"Plena Noite";"Decrescente";"Céu Claro";"Simples";"Reta";"Sim";2;0;1;0;1;0;1;2;-22,29340799;-44,86366398;"SPRF-MG";"DEL17-MG";"UOP01-DEL17-MG"
336821;2021-01-26;"terça-feira";"23:50:00";"RJ";116;180;"NOVA IGUACU";"Velocidade Incompatível";"Colisão traseira";"Com Vítimas Feridas";"Plena Noite";"Crescente";"Céu Claro";"Dupla";"Reta";"Não";2;0;1;0;1;0;1;2;-22,7651616;-43,4154728;"SPRF-RJ";"DEL01-RJ";"UOP02-DEL01-RJ"
336822;2021-01-26;"terça-feira";"21:00:00";"BA";242;420;"SEABRA";"Transitar na contramão";"Colisão frontal";"Com Vítimas Fatais";"Plena Noite";"Crescente";"Céu Claro";"Simples";"Reta";"Não";27;1;0;1;25;0;1;2;-12,42961966;-41,82821274;"SPRF-BA";"DEL06-BA";"UOP01-DEL06-BA"
336823;2021-01-27;"quarta-feira";"00:30:00";"PR";277;592,5;"CASCAVEL";"Transitar na contramão";"Colisão frontal";"Com Vítimas Feridas";"Plena Noite";"Crescente";"Garoa/Chuvisco";"Simples";"Reta;Declive";"Não";3;0;2;0;1;0;2;2;-24,98285697;-53,47319399;"SPRF-PR";"DEL04-PR";"UOP01-DEL04-PR"
336826;2021-01-27;"quarta-feira";"00:30:00";"RS";290;72,5;"GRAVATAI";"Demais falhas mecânicas ou elétricas";"Tombamento";"Sem Vítimas";"Plena Noite";"Crescente";"Nublado";"Dupla";"Reta";"Não";1;0;0;0;1;0;0;1;-29,952784;-50,976074;"SPRF-RS";"DEL03-RS";"UOP01-DEL03-RS"
336827;2021-01-27;"quarta-feira";"00:45:00";"PR";376;2;"SAO JOSE DOS PINHAIS";"Velocidade Incompatível";"Capotamento";"Com Vítimas Feridas";"Plena Noite";"Crescente";"Céu Claro";"Dupla";"Reta";"Sim";3;0;1;0;1;1;1;1;-25,5307;-49,1958;"SPRF-PR";"DEL01-PR";"UOP01-DEL01-PR"
336829;2021-01-27;"quarta-feira";"00:55:00";"MS";163;614;"SAO GABRIEL DO OESTE";"Condutor deixou de manter distância do veículo da frente";"Colisão traseira";"Com Vítimas Feridas";"Plena Noite";"Decrescente";"Céu Claro";"Simples";"Reta";"Sim";2;0;1;0;1;0;1;2;-19,40628803;-54,56100005;"SPRF-MS";"DEL06-MS";"UOP02-DEL06-MS"
336831;2021-01-26;"terça-feira";"20:14:00";"SC";282;464;"PONTE SERRADA";"Ingestão de álcool pelo condutor";"Colisão traseira";"Com Vítimas Feridas";"Pleno dia";"Decrescente";"Céu Claro";"Simples";"Reta";"Não";2;0;0;1;1;0;1;2;-26,852072;-52,068142;"SPRF-SC";"DEL07-SC";"UOP04-DEL07-SC"
336836;2021-01-27;"quarta-feira";"05:30:00";"SP";116;224,7;"GUARULHOS";"Condutor deixou de manter distância do veículo da frente";"Colisão transversal";"Com Vítimas Feridas";"Amanhecer";"Decrescente";"Céu Claro";"Múltipla";"Reta";"Sim";3;0;1;0;2;0;1;2;-23,48071896;-46,53271603;"SPRF-SP";"DEL01-SP";"UOP01-DEL01-SP"
336837;2021-01-27;"quarta-feira";"06:20:00";"DF";70;16;"BRASILIA";"Velocidade Incompatível";"Tombamento";"Com Vítimas Feridas";"Amanhecer";"Decrescente";"Céu Claro";"Dupla";"Reta";"Sim";2;0;1;0;1;0;1;1;-15,796144;-48,194225;"SPRF-DF";"DEL03-DF";"UOP02-DEL03-DF"
336838;2021-01-27;"quarta-feira";"05:35:00";"PE";232;165;"TACAIMBO";"Ultrapassagem Indevida";"Colisão frontal";"Com Vítimas Feridas";"Pleno dia";"Decrescente";"Garoa/Chuvisco";"Simples";"Aclive";"Não";4;0;1;0;3;0;1;2;-8,33670241;-36,29834395;"SPRF-PE";"DEL02-PE";"UOP03-DEL02-PE"
336839;2021-01-27;"quarta-feira";"04:00:00";"MS";163;390;"NOVA ALVORADA DO SUL";"Demais falhas mecânicas ou elétricas";"Incêndio";"Sem Vítimas";"Amanhecer";"Crescente";"Garoa/Chuvisco";"Simples";"Reta";"Não";41;0;0;0;41;0;0;1;-21,25455408;-54,44848227;"SPRF-MS";"DEL02-MS";"UOP01-DEL02-MS"
336840;2021-01-27;"quarta-feira";"05:50:00";"MG";381;382;"SAO GONCALO DO RIO ABAIXO";"Velocidade Incompatível";"Colisão lateral mesmo sentido";"Com Vítimas Feridas";"Pleno dia";"Decrescente";"Céu Claro";"Simples";"Reta";"Não";3;0;1;1;1;0;2;3;-19,8203938;-43,39028183;"SPRF-MG";"DEL01-MG";"UOP01-DEL01-MG"
336841;2021-01-27;"quarta-feira";"05:30:00";"RJ";40;51,9;"PETROPOLIS";"Condutor Dormindo";"Colisão com objeto";"Com Vítimas Feridas";"Amanhecer";"Crescente";"Nublado";"Dupla";"Reta";"Não";1;0;1;0;0;0;1;1;-22,32705315;-43,13253559;"SPRF-RJ";"DEL05-RJ";"UOP02-DEL05-RJ"
336842;2021-01-27;"quarta-feira";"06:48:00";"ES";101;286,2;"CARIACICA";"Condutor deixou de manter distância do veículo da frente";"Colisão lateral mesmo sentido";"Com Vítimas Feridas";"Pleno dia";"Decrescente";"Céu Claro";"Dupla";"Reta;Declive";"Sim";2;0;0;1;1;0;1;2;-20,25902175;-40,37753412;"SPRF-ES";"DEL01-ES";"UOP01-DEL01-ES"
336843;2021-01-27;"quarta-feira";"06:50:00";"MG";50;47;"ARAGUARI";"Velocidade Incompatível";"Tombamento";"Com Vítimas Feridas";"Pleno dia";"Crescente";"Céu Claro";"Dupla";"Curva";"Não";1;0;1;0;0;0;1;1;-18,72799811;-48,20659169;"SPRF-MG";"DEL15-MG";"UOP02-DEL15-MG"
336845;2021-01-27;"quarta-feira";"07:15:00";"PR";116;6;"QUATRO BARRAS";"Reação tardia ou ineficiente do condutor";"Tombamento";"Com Vítimas Feridas";"Pleno dia";"Decrescente";"Céu Claro";"Dupla";"Reta";"Não";2;0;2;0;0;0;2;1;-25,3669;-49,0996;"SPRF-PR";"DEL01-PR";"UOP02-DEL01-PR"
336846;2021-01-27;"quarta-feira";"07:50:00";"PE";101;26;"IGARASSU";"Acumulo de água sobre o pavimento";"Colisão lateral";"Com Vítimas Feridas";"Pleno dia";"Decrescente";"Chuva";"Dupla";"Curva;Declive";"Não";2;0;1;0;1;0;1;2;-7,70826223;-34,92811677;"SPRF-PE";"DEL01-PE";"UOP02-DEL01-PE"
336847;2021-01-27;"quarta-feira";"08:10:00";"MG";40;527;"CONTAGEM";"Condutor deixou de manter distância do veículo da frente";"Colisão lateral mesmo sentido";"Com Vítimas Feridas";"Pleno dia";"Crescente";"Céu Claro";"Dupla";"Reta";"Sim";2;0;0;1;1;0;1;2;-19,90149502;-44,04938939;"SPRF-MG";"DEL01-MG";"UOP02-DEL01-MG"
336848;2021-01-27;"quarta-feira";"07:55:00";"SC";101;36;"JOINVILLE";"Condutor deixou de manter distância do veículo da frente";"Colisão traseira";"Com Vítimas Feridas";"Pleno dia";"Crescente";"Céu Claro";"Simples";"Reta";"Não";3;0;0;1;2;0;1;3;-26,24573198;-48,9101069;"SPRF-SC";"DEL03-SC";"UOP01-DEL03-SC"
336849;2021-01-27;"quarta-feira";"07:30:00";"PB";101;95,9;"CONDE";"Avarias e/ou desgaste excessivo no pneu";"Tombamento";"Com Vítimas Feridas";"Pleno dia";"Crescente";"Sol";"Dupla";"Aclive";"Não";2;0;1;1;0;0;2;1;-7,22379403;-34,91488195;"SPRF-PB";"DEL01-PB";"UOP02-DEL01-PB"
336850;2021-01-27;"quarta-feira";"05:30:00";"DF";70;9;"BRASILIA";"Acumulo de água sobre o pavimento";"Queda de ocupante de veículo";"Com Vítimas Feridas";"Amanhecer";"Crescente";"Nublado";"Dupla";"Retorno Regulamentado";"Sim";1;0;0;1;0;0;1;1;-15,784615;-48,132023;"SPRF-DF";"DEL03-DF";"UOP02-DEL03-DF"
336852;2021-01-27;"quarta-feira";"08:20:00";"SC";101;327,2;"CAPIVARI DE BAIXO";"Desrespeitar a preferência no cruzamento";"Colisão transversal";"Com Vítimas Feridas";"Pleno dia";"Crescente";"Nublado";"Simples";"Rotatória";"Sim";2;0;1;0;1;0;1;2;-28,43917696;-48,96242738;"SPRF-SC";"DEL02-SC";"UOP01-DEL02-SC"
336854;2021-01-27;"quarta-feira";"09:00:00";"SC";101;119;"ITAJAI";"Manobra de mudança de faixa";"Colisão lateral";"Sem Vítimas";"Pleno dia";"Decrescente";"Céu Claro";"Múltipla";"Reta";"Sim";3;0;0;0;3;0;0;2;-26,9043179;-48,71555481;"SPRF-SC";"DEL04-SC";"UOP04-DEL04-SC"
336855;2021-01-27;"quarta-feira";"08:20:00";"GO";20;7;"FORMOSA";"Reação tardia ou ineficiente do condutor";"Colisão transversal";"Com Vítimas Feridas";"Pleno dia";"Crescente";"Céu Claro";"Simples";"Reta";"Não";3;0;2;0;1;0;2;2;-15,547604;-47,291592;"SPRF-DF";"DEL02-DF";"UOP01-DEL02-DF"
336856;2021-01-27;"quarta-feira";"09:00:00";"DF";40;2,5;"BRASILIA";"Manobra de mudança de faixa";"Colisão lateral";"Com Vítimas Feridas";"Pleno dia";"Decrescente";"Céu Claro";"Dupla";"Reta";"Sim";2;0;1;0;1;0;1;2;-15,99435;-47,985947;"SPRF-DF";"DEL01-DF";"UOP01-DEL01-DF"
336861;2021-01-24;"domingo";"06:45:00";"RO";364;340;"JI-PARANA";"Condutor deixou de manter distância do veículo da frente";"Colisão traseira";"Com Vítimas Feridas";"Amanhecer";"Decrescente";"Céu Claro";"Simples";"Reta";"Não";2;0;1;0;1;0;1;2;-10,898802;-61,93046;"SPRF-RO";"DEL02-RO";"UOP01-DEL02-RO"
336862;2021-01-27;"quarta-feira";"05:30:00";"AM";319;19;"CAREIRO DA VARZEA";"Animais na Pista";"Atropelamento de Animal";"Com Vítimas Feridas";"Plena Noite";"Decrescente";"Garoa/Chuvisco";"Simples";"Reta";"Não";1;0;1;0;0;0;1;1;-3,2419802;-59,86526628;"SPRF-AM";"DEL01-AM";"UOP04-DEL01-AM"
336863;2021-01-27;"quarta-feira";"09:25:00";"SP";381;58;"MAIRIPORA";"Condutor deixou de manter distância do veículo da frente";"Colisão traseira";"Com Vítimas Feridas";"Pleno dia";"Crescente";"Céu Claro";"Dupla";"Aclive";"Não";3;0;0;1;2;0;1;2;-23,27438497;-46,58530615;"SPRF-SP";"DEL03-SP";"UOP01-DEL03-SP"
336866;2021-01-27;"quarta-feira";"10:00:00";"MG";381;717;"CARMO DA CACHOEIRA";"Objeto estático sobre o leito carroçável";"Capotamento";"Com Vítimas Feridas";"Pleno dia";"Crescente";"Céu Claro";"Dupla";"Reta";"Não";3;0;0;1;2;0;1;1;-21,43704005;-45,20756491;"SPRF-MG";"DEL04-MG";"UOP02-DEL04-MG"
336867;2021-01-27;"quarta-feira";"09:40:00";"RJ";116;223,7;"PIRAI";"Curva acentuada";"Queda de ocupante de veículo";"Com Vítimas Feridas";"Pleno dia";"Decrescente";"Céu Claro";"Dupla";"Curva";"Não";2;0;2;0;0;0;2;1;-22,67294662;-43,82961273;"SPRF-RJ";"DEL07-RJ";"UOP01-DEL07-RJ"
336871;2021-01-27;"quarta-feira";"07:00:00";"RS";287;417,7;"SANTIAGO";"Acumulo de água sobre o pavimento";"Saída de leito carroçável";"Sem Vítimas";"Pleno dia";"Decrescente";"Chuva";"Simples";"Curva";"Não";2;0;0;0;2;0;0;1;-29,05285028;-54,98405397;"SPRF-RS";"DEL12-RS";"UOP02-DEL12-RS"
336875;2021-01-19;"terça-feira";"17:30:00";"MS";163;466,3;"CAMPO GRANDE";"Chuva";"Saída de leito carroçável";"Com Vítimas Feridas";"Anoitecer";"Decrescente";"Chuva";"Dupla";"Rotatória";"Sim";1;0;1;0;0;0;1;1;-20,5823672;-54,58316987;"SPRF-MS";"DEL01-MS";"UOP01-DEL01-MS"
336878;2021-01-27;"quarta-feira";"08:10:00";"BA";116;219;"EUCLIDES DA CUNHA";"Acumulo de areia ou detritos sobre o pavimento";"Queda de ocupante de veículo";"Com Vítimas Feridas";"Pleno dia";"Crescente";"Céu Claro";"Simples";"Reta";"Sim";2;0;0;1;1;0;1;1;-10,570782;-38,98928893;"SPRF-BA";"DEL07-BA";"UOP02-DEL07-BA"
336881;2021-01-27;"quarta-feira";"06:30:00";"MG";365;152;"PIRAPORA";"Animais na Pista";"Atropelamento de Animal";"Com Vítimas Feridas";"Pleno dia";"Decrescente";"Céu Claro";"Simples";"Reta";"Não";1;0;0;1;0;0;1;1;-17,29807999;-44,89095301;"SPRF-MG";"DEL12-MG";"UOP01-DEL12-MG"
336882;2021-01-27;"quarta-feira";"11:20:00";"GO";40;66,3;"CRISTALINA";"Avarias e/ou desgaste excessivo no pneu";"Saída de leito carroçável";"Com Vítimas Feridas";"Pleno dia";"Crescente";"Céu Claro";"Simples";"Reta;Declive";"Não";4;0;3;0;1;0;3;1;-16,57274;-47,788483;"SPRF-DF";"DEL01-DF";"UOP02-DEL01-DF"
336884;2021-01-27;"quarta-feira";"10:30:00";"BA";110;124;"ANTAS";"Chuva";"Colisão traseira";"Sem Vítimas";"Pleno dia";"Crescente";"Garoa/Chuvisco";"Simples";"Reta";"Não";8;0;0;0;8;0;0;2;-10,48937097;-38,38406144;"SPRF-BA";"DEL07-BA";"UOP02-DEL07-BA"
336887;2021-01-27;"quarta-feira";"12:40:00";"PR";277;78;"SAO JOSE DOS PINHAIS";"Velocidade Incompatível";"Tombamento";"Com Vítimas Feridas";"Pleno dia";"Decrescente";"Nublado";"Dupla";"Reta";"Não";1;0;1;0;0;0;1;1;-25,51327981;-49,12433291;"SPRF-PR";"DEL01-PR";"UOP01-DEL01-PR"