"id";"data_inversa";"dia_semana";"horario";"uf";"br";"km";"municipio";"causa_acidente";"tipo_acidente";"classificacao_acidente";"fase_dia";"sentido_via";"condicao_metereologica";"tipo_pista";"tracado_via";"uso_solo";"pessoas";"mortos";"feridos_leves";"feridos_graves";"ilesos";"ignorados";"feridos";"veiculos";"latitude";"longitude";"regional";"delegacia";"uop"
337008;2021-01-28;"quinta-feira";"08:25:00";"ES";101;303;"VIANA";"Condutor deixou de manter distância do veículo da frente";"Colisão traseira";"Com Vítimas Feridas";"Pleno dia";"Crescente";"Céu Claro";"Dupla";"Reta";"Sim";3;0;2;0;1;0;2;2;-20,37695747;-40,44527144;"SPRF-ES";"DEL01-ES";"UOP01-DEL01-ES"
337009;2021-01-28;"quinta-feira";"08:30:00";"PR";376;598;"CURITIBA";"Condutor deixou de manter distância do veículo da frente";"Colisão lateral";"Com Vítimas Feridas";"Pleno dia";"Decrescente";"Céu Claro";"Dupla";"Reta";"Sim";2;0;1;0;1;0;1;2;-25,5188802;-49,33506947;"SPRF-PR";"DEL01-PR";"UOP01-DEL01-PR"
337010;2021-01-28;"quinta-feira";"05:00:00";"MA";10;291,7;"CIDELANDIA";"Ultrapassagem Indevida";"Colisão frontal";"Com Vítimas Feridas";"Amanhecer";"Decrescente";"Ignorado";"Simples";"Reta";"Não";2;0;2;0;0;0;2;2;-5,189614;-47,522278;"SPRF-MA";"DEL04-MA";"UOP01-DEL04-MA"
337013;2021-01-28;"quinta-feira";"08:35:00";"MG";381;875,3;"ESTIVA";"Ausência de reação do condutor";"Colisão traseira";"Sem Vítimas";"Pleno dia";"Crescente";"Céu Claro";"Dupla";"Aclive;Reta";"Não";3;0;0;0;2;1;0;2;-22,46421508;-46,00859853;"SPRF-MG";"DEL16-MG";"UOP01-DEL16-MG"
337016;2021-01-28;"quinta-feira";"08:20:00";"PA";316;67;"CASTANHAL";"Condutor deixou de manter distância do veículo da frente";"Colisão traseira";"Com Vítimas Feridas";"Pleno dia";"Crescente";"Céu Claro";"Simples";"Reta";"Sim";2;0;0;1;1;0;1;2;-1,2948794;-47,89280703;"SPRF-PA";"DEL01-PA";"UOP01-DEL01-PA"
337017;2021-01-28;"quinta-feira";"08:30:00";"MG";40;628;"CONSELHEIRO LAFAIETE";"Condutor deixou de manter distância do veículo da frente";"Colisão traseira";"Com Vítimas Feridas";"Pleno dia";"Crescente";"Sol";"Dupla";"Reta";"Sim";2;0;1;0;1;0;1;2;-20,647269;-43,809808;"SPRF-MG";"DEL05-MG";"UOP02-DEL05-MG"
337018;2021-01-15;"sexta-feira";"05:55:00";"PR";369;172,5;"ROLANDIA";"Condutor deixou de manter distância do veículo da frente";"Colisão lateral mesmo sentido";"Com Vítimas Feridas";"Amanhecer";"Decrescente";"Ignorado";"Simples";"Reta";"Sim";2;0;1;0;1;0;1;2;-23,30329142;-51,36263262;"SPRF-PR";"DEL07-PR";"UOP01-DEL07-PR"
337019;2021-01-28;"quinta-feira";"08:00:00";"SC";101;117,4;"ITAJAI";"Transitar no acostamento";"Colisão lateral";"Com Vítimas Feridas";"Pleno dia";"Crescente";"Nublado";"Múltipla";"Declive;Reta;Viaduto";"Sim";2;0;1;0;1;0;1;2;-26,88747187;-48,72252969;"SPRF-SC";"DEL04-SC";"UOP04-DEL04-SC"
337023;2021-01-28;"quinta-feira";"07:30:00";"MG";40;512;"RIBEIRAO DAS NEVES";"Demais falhas mecânicas ou elétricas";"Queda de ocupante de veículo";"Com Vítimas Feridas";"Pleno dia";"Crescente";"Céu Claro";"Dupla";"Aclive";"Sim";2;0;1;1;0;0;2;1;-19,7913783333;-44,112205;"SPRF-MG";"DEL01-MG";"UOP02-DEL01-MG"
337026;2021-01-28;"quinta-feira";"08:30:00";"PR";467;81;"CASCAVEL";"Demais falhas mecânicas ou elétricas";"Saída de leito carroçável";"Com Vítimas Feridas";"Pleno dia";"Decrescente";"Nublado";"Dupla";"Curva";"Não";5;0;1;0;4;0;1;1;-24,7961;-53,6747;"SPRF-PR";"DEL04-PR";"UOP01-DEL04-PR"
337027;2021-01-28;"quinta-feira";"09:45:00";"SC";101;260,8;"GAROPABA";"Condutor Dormindo";"Saída de leito carroçável";"Com Vítimas Feridas";"Pleno dia";"Decrescente";"Nublado";"Simples";"Aclive;Curva";"Não";5;0;3;0;2;0;3;1;-28,02722206;-48,70364785;"SPRF-SC";"DEL02-SC";"UOP03-DEL02-SC"
337030;2021-01-28;"quinta-feira";"08:20:00";"RJ";40;97;"DUQUE DE CAXIAS";"Velocidade Incompatível";"Colisão traseira";"Com Vítimas Feridas";"Pleno dia";"Decrescente";"Céu Claro";"Dupla";"Curva";"Sim";2;0;1;0;0;1;1;2;-22,58639393;-43,26521385;"SPRF-RJ";"DEL01-RJ";"UOP01-DEL01-RJ"
337031;2021-01-28;"quinta-feira";"10:30:00";"PR";376;470,1;"PONTA GROSSA";"Demais falhas mecânicas ou elétricas";"Tombamento";"Com Vítimas Feridas";"Pleno dia";"Decrescente";"Nublado";"Dupla";"Curva;Declive";"Não";2;0;2;0;0;0;2;1;-25,01715425;-50,33673235;"SPRF-PR";"DEL03-PR";"UOP04-DEL03-PR"
337034;2021-01-28;"quinta-feira";"10:20:00";"SC";282;210,3;"LAGES";"Reação tardia ou ineficiente do condutor";"Colisão traseira";"Com Vítimas Feridas";"Pleno dia";"Decrescente";"Nublado";"Simples";"Aclive";"Não";4;0;2;0;1;1;2;2;-27,778582;-50,231815;"SPRF-SC";"DEL05-SC";"UOP01-DEL05-SC"
337035;2021-01-28;"quinta-feira";"11:20:00";"SC";101;194,6;"BIGUACU";"Condutor deixou de manter distância do veículo da frente";"Colisão traseira";"Com Vítimas Feridas";"Pleno dia";"Crescente";"Nublado";"Dupla";"Reta";"Sim";2;0;1;0;1;0;1;2;-27,50241989;-48,65283608;"SPRF-SC";"DEL01-SC";"UOP01-DEL01-SC"
337036;2021-01-28;"quinta-feira";"10:50:00";"CE";116;3;"FORTALEZA";"Condutor deixou de manter distância do veículo da frente";"Colisão lateral";"Com Vítimas Feridas";"Pleno dia";"Crescente";"Sol";"Múltipla";"Viaduto";"Sim";2;0;1;0;1;0;1;2;-3,77866493;-38,51490171;"SPRF-CE";"DEL01-CE";"UOP02-DEL01-CE"
337037;2021-01-28;"quinta-feira";"11:30:00";"RS";386;336,4;"MARQUES DE SOUZA";"Pista Escorregadia";"Saída de leito carroçável";"Com Vítimas Feridas";"Pleno dia";"Crescente";"Garoa/Chuvisco";"Simples";"Reta";"Não";1;0;1;0;0;0;1;1;-29,38822;-52,043156;"SPRF-RS";"DEL04-RS";"UOP01-DEL04-RS"
337040;2021-01-28;"quinta-feira";"09:20:00";"DF";70;13,7;"BRASILIA";"Ultrapassagem Indevida";"Capotamento";"Com Vítimas Feridas";"Pleno dia";"Decrescente";"Céu Claro";"Dupla";"Reta";"Não";1;0;1;0;0;0;1;1;-15,794558;-48,166584;"SPRF-DF";"DEL03-DF";"UOP02-DEL03-DF"
337041;2021-01-28;"quinta-feira";"10:05:00";"RO";364;604;"ITAPUA DO OESTE";"Ultrapassagem Indevida";"Colisão lateral mesmo sentido";"Com Vítimas Feridas";"Pleno dia";"Crescente";"Nublado";"Simples";"Reta";"Sim";2;0;1;0;1;0;1;2;-9,19212253;-63,18883452;"SPRF-RO";"DEL01-RO";"UOP04-DEL01-RO"
337042;2021-01-28;"quinta-feira";"10:10:00";"RN";226;5,7;"NATAL";"Condutor deixou de manter distância do veículo da frente";"Colisão lateral mesmo sentido";"Com Vítimas Feridas";"Pleno dia";"Decrescente";"Sol";"Simples";"Reta";"Não";2;0;1;1;0;0;2;2;-5,82090114;-35,26828435;"SPRF-RN";"DEL01-RN";"UOP02-DEL01-RN"
337043;2021-01-28;"quinta-feira";"11:15:00";"MG";116;417;"GOVERNADOR VALADARES";"Condutor deixou de manter distância do veículo da frente";"Colisão traseira";"Com Vítimas Feridas";"Pleno dia";"Decrescente";"Céu Claro";"Simples";"Reta";"Sim";2;0;1;0;1;0;1;2;-18,90130308;-41,94492414;"SPRF-MG";"DEL06-MG";"UOP01-DEL06-MG"
337044;2021-01-28;"quinta-feira";"10:30:00";"GO";60;300,9;"ACREUNA";"Reação tardia ou ineficiente do condutor";"Saída de leito carroçável";"Sem Vítimas";"Pleno dia";"Decrescente";"Céu Claro";"Dupla";"Reta";"Não";1;0;0;0;0;1;0;1;-17,3646;-50,3363;"SPRF-GO";"DEL04-GO";"UOP01-DEL04-GO"
337045;2021-01-28;"quinta-feira";"11:15:00";"RR";174;503;"BOA VISTA";"Condutor deixou de manter distância do veículo da frente";"Colisão traseira";"Com Vítimas Feridas";"Pleno dia";"Crescente";"Céu Claro";"Dupla";"Reta";"Sim";2;0;1;0;1;0;1;2;2,794901;-60,698441;"SPRF-RR";"DEL01-RR";"UOP01-DEL01-RR"
337049;2021-01-28;"quinta-feira";"12:05:00";"GO";364;12;"SAO SIMAO";"Demais falhas mecânicas ou elétricas";"Tombamento";"Com Vítimas Feridas";"Pleno dia";"Crescente";"Céu Claro";"Simples";"Reta";"Não";2;0;2;0;0;0;2;1;-18,980635;-50,589607;"SPRF-GO";"DEL05-GO";"UOP02-DEL05-GO"
337050;2021-01-28;"quinta-feira";"12:20:00";"GO";158;266,4;"JATAI";"Acumulo de areia ou detritos sobre o pavimento";"Colisão com objeto";"Com Vítimas Feridas";"Pleno dia";"Decrescente";"Nublado";"Dupla";"Rotatória";"Sim";2;0;1;0;1;0;1;1;-17,84391508;-51,74180746;"SPRF-GO";"DEL05-GO";"UOP01-DEL05-GO"
337052;2021-01-28;"quinta-feira";"11:50:00";"MG";116;695,2;"MURIAE";"Demais falhas mecânicas ou elétricas";"Tombamento";"Com Vítimas Feridas";"Pleno dia";"Decrescente";"Sol";"Simples";"Reta;Declive";"Não";2;0;2;0;0;0;2;1;-21,04833;-42,36814;"SPRF-MG";"DEL07-MG";"UOP02-DEL07-MG"
337053;2021-01-28;"quinta-feira";"12:40:00";"BA";242;771;"BARREIRAS";"Avarias e/ou desgaste excessivo no pneu";"Capotamento";"Com Vítimas Feridas";"Pleno dia";"Crescente";"Céu Claro";"Simples";"Reta";"Não";4;0;1;2;1;0;3;1;-12,16151341;-44,64157104;"SPRF-BA";"DEL10-BA";"UOP01-DEL10-BA"
337054;2021-01-20;"quarta-feira";"22:56:00";"GO";414;380,5;"CORUMBA DE GOIAS";"Chuva";"Saída de leito carroçável";"Sem Vítimas";"Plena Noite";"Decrescente";"Chuva";"Simples";"Declive;Curva";"Não";1;0;0;0;0;1;0;1;-15,84224601;-48,77036209;"SPRF-GO";"DEL02-GO";"UOP01-DEL02-GO"
337055;2021-01-28;"quinta-feira";"13:20:00";"DF";60;0,7;"BRASILIA";"Transitar na contramão";"Colisão transversal";"Com Vítimas Feridas";"Pleno dia";"Crescente";"Céu Claro";"Dupla";"Reta";"Sim";2;0;1;0;1;0;1;2;-15,882499;-48,060212;"SPRF-DF";"DEL03-DF";"UOP01-DEL03-DF"
337058;2021-01-28;"quinta-feira";"12:00:00";"MG";364;1;"PLANURA";"Pista esburacada";"Saída de leito carroçável";"Com Vítimas Feridas";"Pleno dia";"Decrescente";"Céu Claro";"Simples";"Reta";"Não";1;0;1;0;0;0;1;1;-20,13824;-48,702347;"SPRF-MG";"DEL13-MG";"UOP02-DEL13-MG"
337059;2021-01-28;"quinta-feira";"14:30:00";"MG";40;465,4;"SETE LAGOAS";"Manobra de mudança de faixa";"Colisão lateral mesmo sentido";"Com Vítimas Feridas";"Pleno dia";"Crescente";"Céu Claro";"Dupla";"Reta";"Não";3;0;2;0;1;0;2;3;-19,43835777;-44,33103681;"SPRF-MG";"DEL02-MG";"UOP01-DEL02-MG"
337060;2021-01-28;"quinta-feira";"15:10:00";"GO";60;101;"ANAPOLIS";"Falta de elemento de contenção que evite a saída do leito carroçável";"Saída de leito carroçável";"Com Vítimas Feridas";"Pleno dia";"Crescente";"Céu Claro";"Dupla";"Curva";"Sim";1;0;1;0;0;0;1;1;-16,4022;-48,9745;"SPRF-GO";"DEL02-GO";"UOP01-DEL02-GO"
337061;2021-01-28;"quinta-feira";"14:55:00";"RS";116;248;"SAO LEOPOLDO";"Ausência de reação do condutor";"Colisão traseira";"Com Vítimas Feridas";"Pleno dia";"Decrescente";"Nublado";"Dupla";"Viaduto";"Sim";3;0;1;0;2;0;1;3;-29,77605895;-51,15508618;"SPRF-RS";"DEL01-RS";"UOP02-DEL01-RS"
337062;2021-01-28;"quinta-feira";"14:45:00";"ES";101;265,5;"SERRA";"Condutor deixou de manter distância do veículo da frente";"Colisão traseira";"Com Vítimas Feridas";"Pleno dia";"Crescente";"Sol";"Simples";"Reta";"Sim";2;0;0;1;1;0;1;2;-20,1816849;-40,26536036;"SPRF-ES";"DEL02-ES";"UOP01-DEL02-ES"
337064;2021-01-28;"quinta-feira";"13:40:00";"PR";376;182;"MARINGA";"Acessar a via sem observar a presença dos outros veículos";"Colisão transversal";"Com Vítimas Feridas";"Pleno dia";"Crescente";"Nublado";"Simples";"Rotatória";"Não";3;0;1;0;0;2;1;3;-23,43684112;-51,87880764;"SPRF-PR";"DEL09-PR";"UOP01-DEL09-PR"
337065;2021-01-28;"quinta-feira";"15:20:00";"GO";60;84,5;"ANAPOLIS";"Avarias e/ou desgaste excessivo no pneu";"Queda de ocupante de veículo";"Com Vítimas Feridas";"Pleno dia";"Crescente";"Sol";"Dupla";"Reta";"Não";2;0;2;0;0;0;2;1;-16,3162;-48,8552;"SPRF-GO";"DEL02-GO";"UOP01-DEL02-GO"
337066;2021-01-28;"quinta-feira";"12:50:00";"RJ";101;310;"SAO GONCALO";"Reação tardia ou ineficiente do condutor";"Engavetamento";"Sem Vítimas";"Pleno dia";"Decrescente";"Céu Claro";"Dupla";"Reta";"Não";5;0;0;0;5;0;0;5;-22,79717023;-43,04404993;"SPRF-RJ";"DEL02-RJ";"UOP02-DEL02-RJ"
337067;2021-01-28;"quinta-feira";"15:35:00";"RS";285;192,5;"LAGOA VERMELHA";"Velocidade Incompatível";"Saída de leito carroçável";"Com Vítimas Feridas";"Pleno dia";"Decrescente";"Chuva";"Simples";"Curva";"Não";5;0;3;0;2;0;3;1;-28,257055;-51,488853;"SPRF-RS";"DEL08-RS";"UOP05-DEL08-RS"
337068;2021-01-28;"quinta-feira";"12:45:00";"SP";116;477;"JACUPIRANGA";"Ausência de reação do condutor";"Atropelamento de Pedestre";"Com Vítimas Feridas";"Pleno dia";"Crescente";"Céu Claro";"Simples";"Reta";"Sim";2;0;2;0;0;0;2;2;-24,69842695;-48,00304804;"SPRF-SP";"DEL05-SP";"UOP01-DEL05-SP"
337070;2021-01-12;"terça-feira";"10:25:00";"PR";376;465;"PONTA GROSSA";"Velocidade Incompatível";"Saída de leito carroçável";"Com Vítimas Feridas";"Pleno dia";"Crescente";"Céu Claro";"Dupla";"Reta";"Não";1;0;1;0;0;0;1;1;-25,0269399;-50,31345591;"SPRF-PR";"DEL03-PR";"UOP04-DEL03-PR"
337072;2021-01-28;"quinta-feira";"15:30:00";"SP";116;221,8;"GUARULHOS";"Condutor deixou de manter distância do veículo da frente";"Colisão lateral";"Com Vítimas Feridas";"Pleno dia";"Decrescente";"Céu Claro";"Dupla";"Reta";"Sim";2;0;1;0;1;0;1;2;-23,46802395;-46,50704901;"SPRF-SP";"DEL01-SP";"UOP01-DEL01-SP"
337073;2021-01-28;"quinta-feira";"12:40:00";"MG";40;307;"TRES MARIAS";"Velocidade Incompatível";"Queda de ocupante de veículo";"Com Vítimas Feridas";"Pleno dia";"Decrescente";"Sol";"Simples";"Reta";"Não";1;0;0;1;0;0;1;1;-18,40996889;-45,09106081;"SPRF-MG";"DEL14-MG";"UOP02-DEL14-MG"
337076;2021-01-28;"quinta-feira";"14:45:00";"MT";163;843;"SINOP";"Acostamento em desnível";"Tombamento";"Com Vítimas Feridas";"Pleno dia";"Crescente";"Céu Claro";"Simples";"Reta";"Não";1;0;1;0;0;0;1;1;-11,91612191;-55,50952235;"SPRF-MT";"DEL06-MT";"NPF/DEL06-MT"
337079;2021-01-28;"quinta-feira";"16:30:00";"SC";101;198,2;"BIGUACU";"Ingestão de álcool pelo condutor";"Colisão frontal";"Com Vítimas Feridas";"Pleno dia";"Crescente";"Céu Claro";"Simples";"Reta";"Não";2;0;1;0;1;0;1;2;-27,52658712;-48,63506019;"SPRF-SC";"DEL01-SC";"UOP01-DEL01-SC"
337080;2021-01-28;"quinta-feira";"14:30:00";"GO";153;574;"PROFESSOR JAMIL";"Condutor Dormindo";"Capotamento";"Com Vítimas Feridas";"Pleno dia";"Decrescente";"Nublado";"Dupla";"Curva";"Não";1;0;1;0;0;0;1;1;-17,3387;-49,2399;"SPRF-GO";"DEL03-GO";"UOP01-DEL03-GO"
337082;2021-01-28;"quinta-feira";"15:40:00";"RJ";40;106;"DUQUE DE CAXIAS";"Mal súbito do condutor";"Queda de ocupante de veículo";"Com Vítimas Feridas";"Pleno dia";"Decrescente";"Céu Claro";"Múltipla";"Reta;Aclive";"Sim";1;0;1;0;0;0;1;1;-22,64679;-43,283726;"SPRF-RJ";"DEL01-RJ";"UOP01-DEL01-RJ"
337083;2021-01-28;"quinta-feira";"16:00:00";"DF";20;19,9;"BRASILIA";"Condutor Dormindo";"Saída de leito carroçável";"Com Vítimas Feridas";"Pleno dia";"Crescente";"Céu Claro";"Dupla";"Reta";"Sim";4;0;3;0;1;0;3;1;-15,612175;-47,700928;"SPRF-DF";"DEL02-DF";"UOP01-DEL02-DF"
337084;2021-01-28;"quinta-feira";"16:20:00";"PE";101;69;"RECIFE";"Acesso irregular";"Colisão traseira";"Com Vítimas Feridas";"Pleno dia";"Crescente";"Céu Claro";"Simples";"Retorno Regulamentado";"Sim";2;0;1;0;1;0;1;2;-8,06654391;-34,94577521;"SPRF-PE";"DEL01-PE";"UOP01-DEL01-PE"
337086;2021-01-28;"quinta-feira";"16:30:00";"RJ";101;425;"MANGARATIBA";"Ultrapassagem Indevida";"Colisão transversal";"Com Vítimas Feridas";"Pleno dia";"Decrescente";"Céu Claro";"Simples";"Interseção de Vias";"Sim";2;0;1;0;1;0;1;2;-22,92618815;-43,96323294;"SPRF-RJ";"DEL03-RJ";"UOP03-DEL03-RJ"
337087;2021-01-28;"quinta-feira";"17:00:00";"GO";40;6,7;"VALPARAISO DE GOIAS";"Condutor deixou de manter distância do veículo da frente";"Engavetamento";"Com Vítimas Feridas";"Pleno dia";"Decrescente";"Nublado";"Dupla";"Reta";"Sim";3;0;3;0;0;0;3;3;-16,100814;-47,977351;"SPRF-DF";"DEL01-DF";"UOP01-DEL01-DF"
337089;2021-01-28;"quinta-feira";"17:00:00";"AL";101;187,5;"JUNQUEIRO";"Acessar a via sem observar a presença dos outros veículos";"Colisão traseira";"Com Vítimas Feridas";"Pleno dia";"Decrescente";"Céu Claro";"Dupla";"Curva";"Sim";4;0;2;0;2;0;2;3;-9,89720602;-36,456439;"SPRF-AL";"DEL02-AL";"UOP02-DEL02-AL"
337092;2021-01-28;"quinta-feira";"16:30:00";"SC";101;177,8;"BIGUACU";"Pedestre andava na pista";"Atropelamento de Pedestre";"Com Vítimas Feridas";"Pleno dia";"Crescente";"Sol";"Dupla";"Curva";"Não";2;0;1;0;0;1;1;2;-27,35538202;-48,63241474;"SPRF-SC";"DEL01-SC";"UOP01-DEL01-SC"
337094;2021-01-28;"quinta-feira";"16:50:00";"SE";101;80;"LARANJEIRAS";"Avarias e/ou desgaste excessivo no pneu";"Colisão com objeto";"Com Vítimas Feridas";"Anoitecer";"Decrescente";"Céu Claro";"Dupla";"Reta";"Não";1;0;1;0;0;0;1;1;-10,79993997;-37,14082565;"SPRF-SE";"DEL01-SE";"UOP01-DEL01-SE"
337095;2021-01-28;"quinta-feira";"16:20:00";"BA";324;622;"SALVADOR";"Manobra de mudança de faixa";"Colisão traseira";"Com Vítimas Feridas";"Pleno dia";"Decrescente";"Nublado";"Dupla";"Reta";"Sim";3;0;2;0;1;0;2;2;-12,91888605;-38,46502095;"SPRF-BA";"DEL01-BA";"UOP01-DEL01-BA"
337096;2021-01-28;"quinta-feira";"18:00:00";"ES";101;277,7;"SERRA";"Velocidade Incompatível";"Saída de leito carroçável";"Com Vítimas Feridas";"Anoitecer";"Crescente";"Céu Claro";"Múltipla";"Curva";"Sim";2;0;2;0;0;0;2;1;-20,21307738;-40,32125972;"SPRF-ES";"DEL02-ES";"UOP01-DEL02-ES"
337098;2021-01-28;"quinta-feira";"17:00:00";"PB";230;10;"CABEDELO";"Condutor deixou de manter distância do veículo da frente";"Colisão traseira";"Com Vítimas Feridas";"Anoitecer";"Decrescente";"Céu Claro";"Dupla";"Reta";"Sim";3;0;1;0;2;0;1;2;-7,0514;-34,8499;"SPRF-PB";"DEL01-PB";"UOP01-DEL01-PB"
337099;2021-01-28;"quinta-feira";"16:00:00";"RJ";101;392;"RIO DE JANEIRO";"Reação tardia ou ineficiente do condutor";"Colisão com objeto";"Com Vítimas Feridas";"Pleno dia";"Crescente";"Sol";"Dupla";"Reta";"Não";1;0;1;0;0;0;1;1;-22,89265625;-43,6945091;"SPRF-RJ";"DEL03-RJ";"UOP01-DEL03-RJ"
337102;2021-01-28;"quinta-feira";"12:05:00";"PR";277;590,5;"CASCAVEL";"Pedestre cruzava a pista fora da faixa";"Atropelamento de Pedestre";"Com Vítimas Feridas";"Pleno dia";"Decrescente";"Chuva";"Simples";"Reta";"Sim";2;0;1;0;1;0;1;2;-24,98120697;-53,45591501;"SPRF-PR";"DEL04-PR";"UOP01-DEL04-PR"
337107;2021-01-28;"quinta-feira";"18:50:00";"PR";376;178,5;"MARINGA";"Acumulo de água sobre o pavimento";"Colisão traseira";"Com Vítimas Feridas";"Anoitecer";"Decrescente";"Chuva";"Dupla";"Reta";"Sim";2;0;1;0;1;0;1;2;-23,41808;-51,91649;"SPRF-PR";"DEL09-PR";"UOP01-DEL09-PR"
337108;2021-01-28;"quinta-feira";"19:05:00";"RN";406;150,1;"CEARA-MIRIM";"Acessar a via sem observar a presença dos outros veículos";"Colisão transversal";"Com Vítimas Feridas";"Plena Noite";"Decrescente";"Céu Claro";"Simples";"Reta";"Sim";2;0;1;0;1;0;1;2;-5,64974982;-35,43234997;"SPRF-RN";"DEL02-RN";"UOP01-DEL02-RN"
337109;2021-01-28;"quinta-feira";"18:00:00";"SC";101;327;"CAPIVARI DE BAIXO";"Acumulo de água sobre o pavimento";"Colisão com objeto";"Com Vítimas Feridas";"Anoitecer";"Crescente";"Chuva";"Dupla";"Aclive;Reta";"Sim";1;0;1;0;0;0;1;1;-28,43023306;-48,95205197;"SPRF-SC";"DEL02-SC";"UOP01-DEL02-SC"
337110;2021-01-28;"quinta-feira";"17:20:00";"RJ";393;158,1;"TRES RIOS";"Manobra de mudança de faixa";"Colisão lateral mesmo sentido";"Com Vítimas Feridas";"Pleno dia";"Crescente";"Céu Claro";"Simples";"Reta";"Não";2;0;1;0;1;0;1;2;-22,101529;-43,076443;"SPRF-RJ";"DEL05-RJ";"UOP01-DEL05-RJ"
337115;2021-01-28;"quinta-feira";"18:45:00";"CE";222;63;"SAO GONCALO DO AMARANTE";"Entrada inopinada do pedestre";"Atropelamento de Pedestre";"Com Vítimas Feridas";"Plena Noite";"Crescente";"Céu Claro";"Múltipla";"Reta";"Sim";5;0;1;0;4;0;1;2;-3,6717776;-39,10726798;"SPRF-CE";"DEL01-CE";"UOP03-DEL01-CE"
337116;2021-01-28;"quinta-feira";"18:10:00";"RO";364;343;"JI-PARANA";"Ultrapassagem Indevida";"Colisão traseira";"Com Vítimas Feridas";"Anoitecer";"Crescente";"Céu Claro";"Múltipla";"Interseção de Vias";"Sim";2;0;1;0;1;0;1;2;-10,87878519;-61,94499012;"SPRF-RO";"DEL02-RO";"UOP01-DEL02-RO"
337117;2021-01-28;"quinta-feira";"17:15:00";"AC";364;136;"RIO BRANCO";"Pedestre andava na pista";"Colisão traseira";"Sem Vítimas";"Anoitecer";"Crescente";"Nublado";"Dupla";"Reta";"Não";2;0;0;0;2;0;0;2;-9,977578;-67,8489;"SPRF-AC";"DEL01-AC";"UOP01-DEL01-AC"
337118;2021-01-28;"quinta-feira";"19:30:00";"PB";361;8,9;"PATOS";"Velocidade Incompatível";"Saída de leito carroçável";"Com Vítimas Feridas";"Plena Noite";"Decrescente";"Nublado";"Simples";"Curva";"Não";1;0;0;1;0;0;1;1;-7,04130903;-37,32798299;"SPRF-PB";"DEL03-PB";"UOP01-DEL03-PB"
337119;2021-01-28;"quinta-feira";"20:10:00";"ES";101;285;"CARIACICA";"Avarias e/ou desgaste excessivo no pneu";"Tombamento";"Com Vítimas Feridas";"Plena Noite";"Decrescente";"Céu Claro";"Dupla";"Declive";"Não";1;0;1;0;0;0;1;1;-20,25148171;-40,37270066;"SPRF-ES";"DEL01-ES";"UOP01-DEL01-ES"
337122;2021-01-28;"quinta-feira";"20:40:00";"CE";20;405;"CAUCAIA";"Velocidade Incompatível";"Capotamento";"Sem Vítimas";"Plena Noite";"Crescente";"Céu Claro";"Simples";"Reta";"Sim";1;0;0;0;0;1;0;1;-3,7740804;-38,6780848;"SPRF-CE";"DEL01-CE";"UOP01-DEL01-CE"
337124;2021-01-28;"quinta-feira";"17:50:00";"MA";135;18;"SAO LUIS";"Retorno proibido";"Colisão lateral";"Sem Vítimas";"Anoitecer";"Decrescente";"Chuva";"Simples";"Reta";"Sim";2;0;0;0;0;2;0;2;-2,53073;-44,3068;"SPRF-MA";"DEL01-MA";"UOP01-DEL01-MA"
337125;2021-01-28;"quinta-feira";"18:59:00";"MT";364;522,8;"VARZEA GRANDE";"Condutor deixou de manter distância do veículo da frente";"Colisão traseira";"Com Vítimas Feridas";"Plena Noite";"Decrescente";"Garoa/Chuvisco";"Simples";"Reta";"Não";2;0;1;1;0;0;2;2;-15,64705493;-56,19766831;"SPRF-MT";"DEL01-MT";"UOP01-DEL01-MT"
337126;2021-01-28;"quinta-feira";"20:30:00";"PE";407;127;"PETROLINA";"Conversão proibida";"Colisão transversal";"Sem Vítimas";"Plena Noite";"Crescente";"Céu Claro";"Simples";"Interseção de Vias";"Sim";2;0;0;0;2;0;0;2;-9,3908678;-40,52038627;"SPRF-PE";"DEL06-PE";"UOP01-DEL06-PE"
337129;2021-01-28;"quinta-feira";"20:30:00";"SP";116;133,7;"SAO JOSE DOS CAMPOS";"Condutor deixou de manter distância do veículo da frente";"Colisão lateral";"Com Vítimas Feridas";"Plena Noite";"Crescente";"Céu Claro";"Dupla";"Reta";"Sim";2;0;2;0;0;0;2;2;-23,1359564;-45,7532708;"SPRF-SP";"DEL02-SP";"UOP02-DEL02-SP"
337131;2021-01-28;"quinta-feira";"19:30:00";"MT";163;72;"RONDONOPOLIS";"Condutor Dormindo";"Saída de leito carroçável";"Com Vítimas Feridas";"Plena Noite";"Decrescente";"Nublado";"Dupla";"Reta";"Não";2;0;2;0;0;0;2;1;-16,88524187;-54,71619237;"SPRF-MT";"DEL02-MT";"UOP01-DEL02-MT"
337132;2021-01-28;"quinta-feira";"16:05:00";"SC";116;286,6;"CAPAO ALTO";"Velocidade Incompatível";"Saída de leito carroçável";"Com Vítimas Feridas";"Pleno dia";"Crescente";"Chuva";"Simples";"Reta";"Não";2;0;2;0;0;0;2;1;-28,08569213;-50,59119089;"SPRF-SC";"DEL05-SC";"UOP02-DEL05-SC"
337133;2021-01-28;"quinta-feira";"21:40:00";"BA";116;418;"FEIRA DE SANTANA";"Acessar a via sem observar a presença dos outros veículos";"Colisão transversal";"Com Vítimas Feridas";"Plena Noite";"Crescente";"Céu Claro";"Simples";"Reta";"Sim";2;0;1;1;0;0;2;2;-12,185808;-38,965225;"SPRF-BA";"DEL02-BA";"UOP01-DEL02-BA"