"id";"data_inversa";"dia_semana";"horario";"uf";"br";"km";"municipio";"causa_acidente";"tipo_acidente";"classificacao_acidente";"fase_dia";"sentido_via";"condicao_metereologica";"tipo_pista";"tracado_via";"uso_solo";"pessoas";"mortos";"feridos_leves";"feridos_graves";"ilesos";"ignorados";"feridos";"veiculos";"latitude";"longitude";"regional";"delegacia";"uop"
337134;2021-01-28;"quinta-feira";"20:15:00";"SC";101;377;"ICARA";"Chuva";"Capotamento";"Com Vítimas Feridas";"Plena Noite";"Decrescente";"Chuva";"Dupla";"Reta";"Não";2;0;2;0;0;0;2;1;-28,74524626;-49,25712705;"SPRF-SC";"DEL02-SC";"UOP01-DEL02-SC"
337138;2021-01-28;"quinta-feira";"21:30:00";"SP";153;54;"SAO JOSE DO RIO PRETO";"Animais na Pista";"Atropelamento de Animal";"Com Vítimas Feridas";"Plena Noite";"Crescente";"Nublado";"Dupla";"Reta";"Sim";3;0;1;0;2;0;1;2;-20,74488916;-49,33894564;"SPRF-SP";"DEL09-SP";"UOP01-DEL09-SP"
337141;2021-01-28;"quinta-feira";"22:00:00";"SP";116;214,5;"GUARULHOS";"Demais falhas mecânicas ou elétricas";"Colisão lateral";"Sem Vítimas";"Plena Noite";"Decrescente";"Nublado";"Múltipla";"Reta";"Sim";1;0;0;0;1;0;0;1;-23,44333014;-46,44531294;"SPRF-SP";"DEL01-SP";"UOP01-DEL01-SP"
337142;2021-01-28;"quinta-feira";"19:00:00";"SC";101;263;"GAROPABA";"Chuva";"Saída de leito carroçável";"Com Vítimas Feridas";"Plena Noite";"Crescente";"Chuva";"Dupla";"Reta";"Sim";1;0;0;1;0;0;1;1;-28,046163;-48,714477;"SPRF-SC";"DEL02-SC";"UOP03-DEL02-SC"
337144;2021-01-28;"quinta-feira";"21:30:00";"PR";277;98;"CURITIBA";"Manobra de mudança de faixa";"Saída de leito carroçável";"Com Vítimas Feridas";"Plena Noite";"Crescente";"Chuva";"Dupla";"Reta;Interseção de Vias";"Sim";1;0;1;0;0;0;1;1;-25,43068032;-49,35638885;"SPRF-PR";"DEL01-PR";"UOP01-DEL01-PR"
337146;2021-01-28;"quinta-feira";"22:30:00";"MG";116;277,5;"TEOFILO OTONI";"Condutor deixou de manter distância do veículo da frente";"Colisão traseira";"Com Vítimas Feridas";"Plena Noite";"Decrescente";"Céu Claro";"Múltipla";"Reta";"Sim";3;0;1;0;1;1;1;3;-17,86376751;-41,51512384;"SPRF-MG";"DEL11-MG";"UOP01-DEL11-MG"
337147;2021-01-28;"quinta-feira";"20:30:00";"PR";476;141;"CURITIBA";"Condutor deixou de manter distância do veículo da frente";"Colisão lateral mesmo sentido";"Com Vítimas Feridas";"Plena Noite";"Crescente";"Céu Claro";"Dupla";"Reta";"Sim";2;0;0;1;1;0;1;2;-25,528614;-49,298798;"SPRF-PR";"DEL01-PR";"UOP03-DEL01-PR"
337149;2021-01-28;"quinta-feira";"21:30:00";"SC";280;127,9;"RIO NEGRINHO";"Ingestão de álcool pelo condutor";"Colisão com objeto";"Sem Vítimas";"Plena Noite";"Crescente";"Nublado";"Simples";"Curva";"Não";1;0;0;0;1;0;0;1;-26,23943953;-49,50420708;"SPRF-SC";"DEL06-SC";"UOP03-DEL06-SC"
337151;2021-01-28;"quinta-feira";"22:20:00";"SP";116;279;"EMBU DAS ARTES";"Reação tardia ou ineficiente do condutor";"Colisão traseira";"Com Vítimas Feridas";"Plena Noite";"Crescente";"Nublado";"Dupla";"Reta";"Não";2;0;1;0;1;0;1;2;-23,66233697;-46,85292907;"SPRF-SP";"DEL04-SP";"UOP01-DEL04-SP"
337152;2021-01-28;"quinta-feira";"22:30:00";"SC";101;205;"SAO JOSE";"Acumulo de água sobre o pavimento";"Queda de ocupante de veículo";"Com Vítimas Feridas";"Plena Noite";"Crescente";"Chuva";"Dupla";"Reta";"Sim";1;0;1;0;0;0;1;1;-27,58313237;-48,61532885;"SPRF-SC";"DEL01-SC";"UOP01-DEL01-SC"
337157;2021-01-28;"quinta-feira";"21:30:00";"GO";364;113;"APARECIDA DO RIO DOCE";"Acessar a via sem observar a presença dos outros veículos";"Colisão transversal";"Com Vítimas Feridas";"Plena Noite";"Decrescente";"Nublado";"Simples";"Reta";"Sim";2;0;2;0;0;0;2;2;-18,307617;-51,143929;"SPRF-GO";"DEL05-GO";"UOP02-DEL05-GO"
337158;2021-01-28;"quinta-feira";"23:00:00";"SC";101;281,8;"IMBITUBA";"Ingestão de álcool pelo condutor";"Saída de leito carroçável";"Sem Vítimas";"Plena Noite";"Decrescente";"Chuva";"Dupla";"Reta";"Sim";1;0;0;0;1;0;0;1;-28,21108786;-48,69934559;"SPRF-SC";"DEL02-SC";"UOP03-DEL02-SC"
337159;2021-01-28;"quinta-feira";"23:20:00";"SC";470;32;"GASPAR";"Demais falhas mecânicas ou elétricas";"Saída de leito carroçável";"Com Vítimas Feridas";"Plena Noite";"Crescente";"Chuva";"Dupla";"Reta";"Não";2;0;1;1;0;0;2;1;-26,901793;-48,931812;"SPRF-SC";"DEL04-SC";"UOP01-DEL04-SC"
337160;2021-01-28;"quinta-feira";"23:50:00";"PB";101;91;"JOAO PESSOA";"Animais na Pista";"Atropelamento de Animal";"Com Vítimas Feridas";"Plena Noite";"Decrescente";"Céu Claro";"Dupla";"Reta";"Sim";2;0;1;1;0;0;2;1;-7,19375126;-34,90469723;"SPRF-PB";"DEL01-PB";"UOP02-DEL01-PB"
337162;2021-01-29;"sexta-feira";"00:20:00";"SC";101;329;"TUBARAO";"Ingestão de álcool pelo condutor";"Saída de leito carroçável";"Sem Vítimas";"Plena Noite";"Decrescente";"Chuva";"Dupla";"Reta";"Não";1;0;0;0;0;1;0;1;-28,49351117;-49,04178985;"SPRF-SC";"DEL02-SC";"UOP01-DEL02-SC"
337164;2021-01-29;"sexta-feira";"00:50:00";"SC";480;128,5;"CHAPECO";"Ingestão de álcool pelo condutor";"Colisão frontal";"Com Vítimas Feridas";"Plena Noite";"Decrescente";"Nublado";"Simples";"Reta";"Sim";2;0;1;0;1;0;1;2;-27,03781899;-52,63432603;"SPRF-SC";"DEL07-SC";"UOP01-DEL07-SC"
337167;2021-01-29;"sexta-feira";"01:20:00";"PB";230;17;"JOAO PESSOA";"Ingestão de álcool pelo condutor";"Saída de leito carroçável";"Sem Vítimas";"Plena Noite";"Decrescente";"Céu Claro";"Dupla";"Reta";"Sim";1;0;0;0;0;1;0;1;-7,1121;-34,8426;"SPRF-PB";"DEL01-PB";"UOP01-DEL01-PB"
337171;2021-01-29;"sexta-feira";"04:35:00";"SC";101;105,6;"PENHA";"Condutor Dormindo";"Saída de leito carroçável";"Com Vítimas Feridas";"Plena Noite";"Decrescente";"Céu Claro";"Dupla";"Reta";"Não";3;0;3;0;0;0;3;1;-26,80844433;-48,68076324;"SPRF-SC";"DEL03-SC";"UOP02-DEL03-SC"
337173;2021-01-29;"sexta-feira";"04:45:00";"BA";101;196;"CONCEICAO DA FEIRA";"Animais na Pista";"Atropelamento de Animal";"Com Vítimas Feridas";"Amanhecer";"Decrescente";"Garoa/Chuvisco";"Simples";"Reta";"Sim";1;0;1;0;0;0;1;1;-12,5483645;-38,9784344;"SPRF-BA";"DEL01-BA";"UOP03-DEL01-BA"
337176;2021-01-29;"sexta-feira";"02:15:00";"RO";364;707;"PORTO VELHO";"Reação tardia ou ineficiente do condutor";"Colisão com objeto";"Com Vítimas Feridas";"Plena Noite";"Crescente";"Garoa/Chuvisco";"Dupla";"Interseção de Vias";"Sim";2;0;1;0;1;0;1;1;-8,79406922;-63,84343028;"SPRF-RO";"DEL01-RO";"UOP01-DEL01-RO"
337177;2021-01-29;"sexta-feira";"05:10:00";"PE";428;127;"PETROLINA";"Ingestão de álcool pelo condutor";"Colisão transversal";"Sem Vítimas";"Amanhecer";"Crescente";"Céu Claro";"Simples";"Interseção de Vias";"Sim";2;0;0;0;2;0;0;2;-9,391376;-40,519047;"SPRF-PE";"DEL06-PE";"UOP03-DEL06-PE"
337178;2021-01-29;"sexta-feira";"03:00:00";"SC";282;207;"LAGES";"Velocidade Incompatível";"Capotamento";"Com Vítimas Feridas";"Plena Noite";"Decrescente";"Chuva";"Simples";"Interseção de Vias";"Não";5;0;1;0;3;1;1;2;-27,773464;-50,202095;"SPRF-SC";"DEL05-SC";"UOP01-DEL05-SC"
337179;2021-01-29;"sexta-feira";"05:00:00";"BA";101;893;"CARAVELAS";"Animais na Pista";"Atropelamento de Animal";"Com Vítimas Feridas";"Pleno dia";"Crescente";"Céu Claro";"Simples";"Reta";"Não";1;0;1;0;0;0;1;1;-17,65776274;-39,77222443;"SPRF-BA";"DEL09-BA";"UOP02-DEL09-BA"
337180;2021-01-29;"sexta-feira";"06:15:00";"PR";376;172,8;"MARINGA";"Desrespeitar a preferência no cruzamento";"Colisão transversal";"Com Vítimas Feridas";"Pleno dia";"Crescente";"Nublado";"Dupla";"Rotatória";"Sim";3;0;2;0;1;0;2;2;-23,41880345;-51,97210193;"SPRF-PR";"DEL09-PR";"UOP01-DEL09-PR"
337181;2021-01-29;"sexta-feira";"06:35:00";"DF";40;5,3;"BRASILIA";"Manobra de mudança de faixa";"Colisão traseira";"Com Vítimas Feridas";"Pleno dia";"Decrescente";"Céu Claro";"Dupla";"Curva";"Não";2;0;1;0;1;0;1;2;-16,020903;-47,980541;"SPRF-DF";"DEL01-DF";"UOP01-DEL01-DF"
337182;2021-01-29;"sexta-feira";"06:15:00";"MG";381;483;"BETIM";"Manobra de mudança de faixa";"Colisão com objeto";"Com Vítimas Feridas";"Pleno dia";"Decrescente";"Céu Claro";"Múltipla";"Curva";"Sim";1;0;1;0;0;0;1;1;-19,95818245;-44,07886505;"SPRF-MG";"DEL01-MG";"UOP03-DEL01-MG"
337185;2021-01-29;"sexta-feira";"03:05:00";"PR";153;94,7;"JAPIRA";"Velocidade Incompatível";"Capotamento";"Com Vítimas Feridas";"Plena Noite";"Decrescente";"Nublado";"Simples";"Curva";"Não";2;0;0;2;0;0;2;1;-23,72171405;-50,17633917;"SPRF-PR";"DEL07-PR";"UOP04-DEL07-PR"
337187;2021-01-29;"sexta-feira";"05:30:00";"RS";116;490,5;"PELOTAS";"Ingestão de álcool pelo condutor";"Saída de leito carroçável";"Com Vítimas Feridas";"Amanhecer";"Decrescente";"Céu Claro";"Dupla";"Aclive;Reta";"Sim";1;0;1;0;0;0;1;1;-31,47526724;-52,21275549;"SPRF-RS";"DEL07-RS";"UOP01-DEL07-RS"
337189;2021-01-29;"sexta-feira";"06:40:00";"ES";101;266,1;"SERRA";"Manobra de mudança de faixa";"Colisão lateral";"Com Vítimas Feridas";"Pleno dia";"Crescente";"Céu Claro";"Dupla";"Reta";"Sim";3;0;0;1;2;0;1;2;-20,190199;-40,26828891;"SPRF-ES";"DEL02-ES";"UOP01-DEL02-ES"
337192;2021-01-29;"sexta-feira";"07:30:00";"DF";70;11;"BRASILIA";"Desrespeitar a preferência no cruzamento";"Colisão transversal";"Com Vítimas Feridas";"Pleno dia";"Decrescente";"Céu Claro";"Dupla";"Reta";"Sim";2;0;1;0;1;0;1;2;-15,789762;-48,148727;"SPRF-DF";"DEL03-DF";"UOP02-DEL03-DF"
337194;2021-01-29;"sexta-feira";"06:50:00";"PR";116;125;"CURITIBA";"Condutor deixou de manter distância do veículo da frente";"Colisão lateral mesmo sentido";"Com Vítimas Feridas";"Pleno dia";"Decrescente";"Nublado";"Dupla";"Reta";"Sim";2;0;1;0;1;0;1;2;-25,59505309;-49,31630659;"SPRF-PR";"DEL01-PR";"UOP03-DEL01-PR"
337195;2021-01-29;"sexta-feira";"07:20:00";"MG";381;272;"CORONEL FABRICIANO";"Condutor Dormindo";"Saída de leito carroçável";"Sem Vítimas";"Pleno dia";"Decrescente";"Céu Claro";"Simples";"Curva";"Não";3;0;0;0;3;0;0;1;-19,52686958;-42,66866684;"SPRF-MG";"DEL03-MG";"UOP02-DEL03-MG"
337196;2021-01-29;"sexta-feira";"03:50:00";"PR";376;395;"IMBAU";"Velocidade Incompatível";"Colisão com objeto";"Sem Vítimas";"Plena Noite";"Decrescente";"Garoa/Chuvisco";"Simples";"Curva";"Não";1;0;0;0;0;1;0;1;-24,56243075;-50,68528138;"SPRF-PR";"DEL03-PR";"UOP02-DEL03-PR"
337197;2021-01-29;"sexta-feira";"06:15:00";"GO";40;148,1;"CRISTALINA";"Acostamento em desnível";"Colisão lateral";"Com Vítimas Feridas";"Pleno dia";"Decrescente";"Céu Claro";"Simples";"Reta;Declive";"Não";7;0;4;2;1;0;6;2;-17,002937;-47,227536;"SPRF-DF";"DEL01-DF";"UOP02-DEL01-DF"
337198;2021-01-29;"sexta-feira";"07:35:00";"PB";101;89,8;"JOAO PESSOA";"Manobra de mudança de faixa";"Colisão lateral";"Com Vítimas Feridas";"Pleno dia";"Decrescente";"Sol";"Dupla";"Reta";"Sim";3;0;1;0;1;1;1;2;-7,1710694;-34,89765372;"SPRF-PB";"DEL01-PB";"UOP02-DEL01-PB"
337200;2021-01-29;"sexta-feira";"08:05:00";"CE";222;0,3;"FORTALEZA";"Velocidade Incompatível";"Colisão lateral mesmo sentido";"Com Vítimas Feridas";"Pleno dia";"Decrescente";"Céu Claro";"Dupla";"Reta";"Sim";3;0;1;0;2;0;1;3;-3,7367737;-38,56923;"SPRF-CE";"DEL01-CE";"UOP01-DEL01-CE"
337201;2021-01-29;"sexta-feira";"08:05:00";"ES";101;293;"CARIACICA";"Trafegar com motocicleta (ou similar) entre as faixas";"Colisão lateral";"Com Vítimas Feridas";"Pleno dia";"Decrescente";"Céu Claro";"Dupla";"Reta";"Sim";2;0;0;1;1;0;1;2;-20,31526144;-40,39567044;"SPRF-ES";"DEL01-ES";"UOP01-DEL01-ES"
337202;2021-01-29;"sexta-feira";"08:00:00";"RJ";393;191;"PARAIBA DO SUL";"Demais falhas mecânicas ou elétricas";"Queda de ocupante de veículo";"Com Vítimas Feridas";"Pleno dia";"Crescente";"Céu Claro";"Simples";"Curva";"Não";2;0;1;0;1;0;1;1;-22,19188627;-43,35085284;"SPRF-RJ";"DEL05-RJ";"UOP03-DEL05-RJ"
337204;2021-01-29;"sexta-feira";"08:00:00";"PR";277;1;"FOZ DO IGUACU";"Velocidade Incompatível";"Colisão traseira";"Com Vítimas Feridas";"Pleno dia";"Decrescente";"Nublado";"Dupla";"Reta";"Sim";2;0;0;1;1;0;1;2;-25,50115772;-54,58398342;"SPRF-PR";"DEL01-PR";"UOP05-DEL01-PR"
337205;2021-01-29;"sexta-feira";"07:20:00";"RJ";101;309;"SAO GONCALO";"Avarias e/ou desgaste excessivo no pneu";"Tombamento";"Com Vítimas Feridas";"Pleno dia";"Decrescente";"Céu Claro";"Dupla";"Reta";"Sim";2;0;2;0;0;0;2;1;-22,79498873;-43,03446105;"SPRF-RJ";"DEL02-RJ";"UOP02-DEL02-RJ"
337206;2021-01-29;"sexta-feira";"08:00:00";"PE";101;74,2;"RECIFE";"Acumulo de óleo sobre o pavimento";"Queda de ocupante de veículo";"Com Vítimas Feridas";"Pleno dia";"Crescente";"Céu Claro";"Dupla";"Reta";"Não";2;0;2;0;0;0;2;1;-8,10146485;-34,94901577;"SPRF-PE";"DEL01-PE";"UOP01-DEL01-PE"
337209;2021-01-29;"sexta-feira";"08:30:00";"RS";448;13;"CANOAS";"Ausência de reação do condutor";"Colisão lateral";"Com Vítimas Feridas";"Pleno dia";"Crescente";"Céu Claro";"Simples";"Reta";"Não";2;0;1;0;1;0;1;2;-29,920603;-51,231792;"SPRF-RS";"DEL01-RS";"UOP01-DEL01-RS"
337210;2021-01-29;"sexta-feira";"08:20:00";"RS";116;259;"CANOAS";"Reação tardia ou ineficiente do condutor";"Engavetamento";"Com Vítimas Feridas";"Pleno dia";"Decrescente";"Céu Claro";"Dupla";"Curva";"Sim";3;0;1;0;2;0;1;3;-29,870408;-51,179909;"SPRF-RS";"DEL01-RS";"UOP02-DEL01-RS"
337211;2021-01-29;"sexta-feira";"09:25:00";"RJ";101;311;"SAO GONCALO";"Pedestre cruzava a pista fora da faixa";"Atropelamento de Pedestre";"Com Vítimas Feridas";"Pleno dia";"Crescente";"Céu Claro";"Dupla";"Reta";"Não";2;0;1;0;1;0;1;2;-22,80062246;-43,05318779;"SPRF-RJ";"DEL02-RJ";"UOP02-DEL02-RJ"
337214;2021-01-29;"sexta-feira";"07:30:00";"MT";70;504;"CUIABA";"Condutor deixou de manter distância do veículo da frente";"Colisão traseira";"Com Vítimas Feridas";"Pleno dia";"Crescente";"Céu Claro";"Simples";"Reta";"Não";1;0;1;0;0;0;1;1;-15,66785604;-55,9564296;"SPRF-MT";"DEL01-MT";"UOP02-DEL01-MT"
337221;2021-01-29;"sexta-feira";"08:05:00";"PR";369;194;"ARAPONGAS";"Demais falhas mecânicas ou elétricas";"Saída de leito carroçável";"Com Vítimas Feridas";"Pleno dia";"Decrescente";"Garoa/Chuvisco";"Dupla";"Reta";"Sim";1;0;1;0;0;0;1;1;-23,484204;-51,423841;"SPRF-PR";"DEL07-PR";"UOP03-DEL07-PR"
337223;2021-01-29;"sexta-feira";"09:30:00";"SC";101;405,3;"ARARANGUA";"Reação tardia ou ineficiente do condutor";"Colisão traseira";"Sem Vítimas";"Pleno dia";"Decrescente";"Sol";"Múltipla";"Reta";"Não";2;0;0;0;2;0;0;2;-28,88548916;-49,4630158;"SPRF-SC";"DEL02-SC";"UOP02-DEL02-SC"
337224;2021-01-29;"sexta-feira";"09:30:00";"RJ";101;433;"MANGARATIBA";"Acessar a via sem observar a presença dos outros veículos";"Colisão transversal";"Com Vítimas Feridas";"Plena Noite";"Crescente";"Céu Claro";"Simples";"Retorno Regulamentado";"Sim";2;0;2;0;0;0;2;2;-22,93842518;-44,03644001;"SPRF-RJ";"DEL03-RJ";"UOP03-DEL03-RJ"
337228;2021-01-29;"sexta-feira";"11:25:00";"SC";282;6;"SAO JOSE";"Manobra de mudança de faixa";"Colisão transversal";"Com Vítimas Feridas";"Pleno dia";"Crescente";"Nublado";"Dupla";"Curva";"Não";2;0;1;0;1;0;1;2;-27,591936;-48,618244;"SPRF-SC";"DEL01-SC";"UOP01-DEL01-SC"
337231;2021-01-29;"sexta-feira";"09:40:00";"RO";319;59;"PORTO VELHO";"Reação tardia ou ineficiente do condutor";"Colisão traseira";"Sem Vítimas";"Pleno dia";"Decrescente";"Nublado";"Dupla";"Reta";"Sim";1;0;0;0;1;0;0;1;-8,74296064;-63,90901566;"SPRF-RO";"DEL01-RO";"UOP01-DEL01-RO"
337234;2021-01-29;"sexta-feira";"10:30:00";"PR";369;155,2;"LONDRINA";"Reação tardia ou ineficiente do condutor";"Saída de leito carroçável";"Sem Vítimas";"Pleno dia";"Decrescente";"Nublado";"Dupla";"Reta";"Sim";1;0;0;0;1;0;0;1;-23,29507;-51,210121;"SPRF-PR";"DEL07-PR";"UOP01-DEL07-PR"
337235;2021-01-29;"sexta-feira";"11:15:00";"SC";101;402;"MARACAJA";"Condutor deixou de manter distância do veículo da frente";"Colisão traseira";"Com Vítimas Feridas";"Pleno dia";"Crescente";"Céu Claro";"Dupla";"Reta";"Não";3;0;1;2;0;0;3;2;-28,86330994;-49,44595308;"SPRF-SC";"DEL02-SC";"UOP02-DEL02-SC"
337236;2021-01-29;"sexta-feira";"12:00:00";"RS";470;178;"VERANOPOLIS";"Desrespeitar a preferência no cruzamento";"Colisão transversal";"Com Vítimas Feridas";"Pleno dia";"Decrescente";"Céu Claro";"Simples";"Reta";"Sim";2;0;1;0;1;0;1;2;-28,94753484;-51,55413312;"SPRF-RS";"DEL06-RS";"UOP02-DEL06-RS"
337237;2021-01-29;"sexta-feira";"09:45:00";"PB";412;107;"SUME";"Mal súbito do condutor";"Colisão transversal";"Com Vítimas Feridas";"Pleno dia";"Crescente";"Céu Claro";"Simples";"Interseção de Vias";"Sim";2;0;2;0;0;0;2;2;-7,663134;-36,873344;"SPRF-PB";"DEL02-PB";"UOP02-DEL02-PB"
337238;2021-01-29;"sexta-feira";"11:00:00";"SC";470;120,4;"IBIRAMA";"Condutor deixou de manter distância do veículo da frente";"Colisão traseira";"Com Vítimas Feridas";"Pleno dia";"Crescente";"Nublado";"Simples";"Reta";"Não";3;0;1;0;2;0;1;2;-27,089924;-49,520416;"SPRF-SC";"DEL04-SC";"UOP02-DEL04-SC"
337240;2021-01-29;"sexta-feira";"11:30:00";"SP";116;167;"JACAREI";"Reação tardia ou ineficiente do condutor";"Colisão lateral";"Com Vítimas Feridas";"Pleno dia";"Decrescente";"Céu Claro";"Dupla";"Declive";"Sim";2;0;1;0;1;0;1;2;-23,30254924;-46,02640493;"SPRF-SP";"DEL02-SP";"UOP01-DEL02-SP"
337242;2021-01-29;"sexta-feira";"12:40:00";"PR";277;12,1;"PARANAGUA";"Condutor Dormindo";"Colisão traseira";"Com Vítimas Feridas";"Pleno dia";"Decrescente";"Nublado";"Dupla";"Reta";"Não";3;0;2;0;1;0;2;2;-25,568198;-48,615292;"SPRF-PR";"DEL01-PR";"UOP05-DEL01-PR"
337245;2021-01-18;"segunda-feira";"06:50:00";"RJ";393;223;"VASSOURAS";"Acessar a via sem observar a presença dos outros veículos";"Colisão transversal";"Com Vítimas Feridas";"Pleno dia";"Crescente";"Céu Claro";"Simples";"Reta";"Não";3;0;0;2;1;0;2;2;-22,3314808;-43,54470015;"SPRF-RJ";"DEL05-RJ";"UOP03-DEL05-RJ"
337246;2021-01-29;"sexta-feira";"10:30:00";"BA";110;102;"SITIO DO QUINTO";"Pista esburacada";"Saída de leito carroçável";"Com Vítimas Feridas";"Pleno dia";"Decrescente";"Chuva";"Simples";"Reta";"Não";2;0;1;0;1;0;1;1;-10,316483;-38,3110333;"SPRF-BA";"DEL07-BA";"UOP01-DEL07-BA"
337248;2021-01-29;"sexta-feira";"11:30:00";"MT";70;381;"CAMPO VERDE";"Acessar a via sem observar a presença dos outros veículos";"Colisão transversal";"Com Vítimas Feridas";"Pleno dia";"Crescente";"Céu Claro";"Simples";"Interseção de Vias";"Sim";2;0;1;0;1;0;1;2;-15,54512569;-55,15627027;"SPRF-MT";"DEL05-MT";"UOP02-DEL05-MT"
337249;2021-01-29;"sexta-feira";"07:25:00";"MA";135;89,7;"ITAPECURU MIRIM";"Transitar na contramão";"Colisão frontal";"Sem Vítimas";"Pleno dia";"Crescente";"Chuva";"Simples";"Reta";"Não";2;0;0;0;1;1;0;2;-3,287401;-44,413622;"SPRF-MA";"DEL01-MA";"UOP02-DEL01-MA"
337250;2021-01-29;"sexta-feira";"08:00:00";"MA";135;12,7;"SAO LUIS";"Acessar a via sem observar a presença dos outros veículos";"Tombamento";"Com Vítimas Feridas";"Pleno dia";"Crescente";"Garoa/Chuvisco";"Dupla";"Reta";"Sim";2;0;1;0;1;0;1;2;-2,67223553;-44,29173767;"SPRF-MA";"DEL01-MA";"UOP01-DEL01-MA"
337252;2021-01-29;"sexta-feira";"14:20:00";"GO";40;10,9;"LUZIANIA";"Animais na Pista";"Atropelamento de Animal";"Com Vítimas Feridas";"Pleno dia";"Crescente";"Céu Claro";"Dupla";"Reta";"Sim";1;0;1;0;0;0;1;1;-16,131285;-47,957923;"SPRF-DF";"DEL01-DF";"UOP01-DEL01-DF"
337253;2021-01-29;"sexta-feira";"13:45:00";"RS";290;72;"GRAVATAI";"Manobra de mudança de faixa";"Colisão lateral";"Com Vítimas Feridas";"Pleno dia";"Decrescente";"Céu Claro";"Múltipla";"Reta";"Sim";2;0;1;0;1;0;1;2;-29,952784;-50,976074;"SPRF-RS";"DEL03-RS";"UOP01-DEL03-RS"
337254;2021-01-29;"sexta-feira";"14:00:00";"SE";101;90;"NOSSA SENHORA DO SOCORRO";"Condutor Dormindo";"Saída de leito carroçável";"Com Vítimas Feridas";"Pleno dia";"Decrescente";"Nublado";"Múltipla";"Viaduto;Reta";"Sim";1;0;1;0;0;0;1;1;-10,88958218;-37,13256719;"SPRF-SE";"DEL01-SE";"UOP01-DEL01-SE"
337257;2021-01-21;"quinta-feira";"06:30:00";"MA";135;7,6;"SAO LUIS";"Animais na Pista";"Atropelamento de Animal";"Com Vítimas Feridas";"Pleno dia";"Decrescente";"Céu Claro";"Dupla";"Aclive";"Sim";1;0;1;0;0;0;1;1;-2,53073;-44,3068;"SPRF-MA";"DEL01-MA";"UOP01-DEL01-MA"
337258;2021-01-29;"sexta-feira";"12:40:00";"SC";101;100,6;"BALNEARIO PICARRAS";"Acessar a via sem observar a presença dos outros veículos";"Colisão transversal";"Com Vítimas Feridas";"Pleno dia";"Decrescente";"Garoa/Chuvisco";"Múltipla";"Interseção de Vias";"Sim";3;0;2;0;1;0;2;2;-26,75482787;-48,68993675;"SPRF-SC";"DEL03-SC";"UOP02-DEL03-SC"
337259;2021-01-29;"sexta-feira";"14:30:00";"SC";101;197;"BIGUACU";"Manobra de mudança de faixa";"Colisão lateral";"Com Vítimas Feridas";"Pleno dia";"Crescente";"Nublado";"Dupla";"Reta";"Sim";3;0;1;0;2;0;1;3;-27,51844497;-48,63848496;"SPRF-SC";"DEL01-SC";"UOP01-DEL01-SC"
337261;2021-01-29;"sexta-feira";"13:30:00";"RJ";116;189;"QUEIMADOS";"Manobra de mudança de faixa";"Colisão traseira";"Com Vítimas Feridas";"Pleno dia";"Decrescente";"Céu Claro";"Dupla";"Reta";"Sim";2;0;1;0;1;0;1;2;-22,73765712;-43,49182298;"SPRF-RJ";"DEL01-RJ";"UOP02-DEL01-RJ"
337262;2021-01-29;"sexta-feira";"15:15:00";"RJ";393;230;"VASSOURAS";"Reação tardia ou ineficiente do condutor";"Colisão traseira";"Com Vítimas Feridas";"Pleno dia";"Decrescente";"Sol";"Simples";"Curva";"Não";2;0;1;0;1;0;1;2;-22,35978921;-43,60229587;"SPRF-RJ";"DEL05-RJ";"UOP03-DEL05-RJ"
337265;2021-01-29;"sexta-feira";"14:30:00";"SP";153;68;"SAO JOSE DO RIO PRETO";"Avarias e/ou desgaste excessivo no pneu";"Tombamento";"Com Vítimas Feridas";"Pleno dia";"Decrescente";"Céu Claro";"Dupla";"Declive;Curva";"Sim";1;0;1;0;0;0;1;1;-20,8505829;-49,383795;"SPRF-SP";"DEL09-SP";"UOP01-DEL09-SP"
337267;2021-01-29;"sexta-feira";"12:00:00";"SC";282;395;"JOACABA";"Velocidade Incompatível";"Capotamento";"Com Vítimas Feridas";"Pleno dia";"Decrescente";"Nublado";"Simples";"Reta";"Não";1;0;1;0;0;0;1;1;-27,156887;-51,592079;"SPRF-SC";"DEL07-SC";"UOP05-DEL07-SC"
337268;2021-01-29;"sexta-feira";"15:20:00";"PR";376;595;"CURITIBA";"Manobra de mudança de faixa";"Colisão traseira";"Com Vítimas Feridas";"Pleno dia";"Decrescente";"Nublado";"Dupla";"Reta";"Sim";2;0;0;1;1;0;1;2;-25,49317991;-49,34370776;"SPRF-PR";"DEL01-PR";"UOP01-DEL01-PR"
337271;2021-01-29;"sexta-feira";"13:40:00";"RS";290;71;"GRAVATAI";"Condutor deixou de manter distância do veículo da frente";"Colisão traseira";"Com Vítimas Feridas";"Pleno dia";"Decrescente";"Céu Claro";"Múltipla";"Reta";"Não";3;0;2;0;1;0;2;2;-29,952784;-50,976074;"SPRF-RS";"DEL03-RS";"UOP01-DEL03-RS"
337273;2021-01-29;"sexta-feira";"15:35:00";"RJ";101;120;"CAMPOS DOS GOYTACAZES";"Velocidade Incompatível";"Saída de leito carroçável";"Com Vítimas Feridas";"Pleno dia";"Crescente";"Céu Claro";"Dupla";"Reta";"Não";1;0;1;0;0;0;1;1;-22,02621833;-41,69171397;"SPRF-RJ";"DEL08-RJ";"UOP02-DEL08-RJ"
337274;2021-01-29;"sexta-feira";"11:05:00";"AC";364;124;"RIO BRANCO";"Desrespeitar a preferência no cruzamento";"Colisão transversal";"Com Vítimas Feridas";"Pleno dia";"Crescente";"Céu Claro";"Dupla";"Rotatória";"Sim";2;0;1;0;1;0;1;2;-10,0117317;-67,79852789;"SPRF-AC";"DEL01-AC";"UOP01-DEL01-AC"