"id";"data_inversa";"dia_semana";"horario";"uf";"br";"km";"municipio";"causa_acidente";"tipo_acidente";"classificacao_acidente";"fase_dia";"sentido_via";"condicao_metereologica";"tipo_pista";"tracado_via";"uso_solo";"pessoas";"mortos";"feridos_leves";"feridos_graves";"ilesos";"ignorados";"feridos";"veiculos";"latitude";"longitude";"regional";"delegacia";"uop"
337389;2021-01-30;"sábado";"02:20:00";"PR";376;167;"MARINGA";"Ausência de reação do condutor";"Saída de leito carroçável";"Sem Vítimas";"Plena Noite";"Crescente";"Garoa/Chuvisco";"Dupla";"Reta";"Não";1;0;0;0;1;0;0;1;-23,40324167;-51,99632075;"SPRF-PR";"DEL09-PR";"UOP01-DEL09-PR"
337390;2021-01-30;"sábado";"02:00:00";"RO";364;692;"CANDEIAS DO JAMARI";"Animais na Pista";"Atropelamento de Animal";"Sem Vítimas";"Plena Noite";"Crescente";"Nevoeiro/Neblina";"Dupla";"Reta";"Sim";1;0;0;0;1;0;0;1;-8,79733425;-63,69814797;"SPRF-RO";"DEL01-RO";"UOP01-DEL01-RO"
337391;2021-01-30;"sábado";"04:30:00";"AP";210;3;"MACAPA";"Ingestão de álcool pelo condutor";"Colisão com objeto";"Sem Vítimas";"Amanhecer";"Decrescente";"Chuva";"Dupla";"Reta";"Sim";1;0;0;0;1;0;0;1;0,08723365;-51,08569007;"SPRF-AP";"DEL01-AP";"UOP01-DEL01-AP"
337393;2021-01-30;"sábado";"04:20:00";"RS";392;82;"PELOTAS";"Velocidade Incompatível";"Tombamento";"Com Vítimas Feridas";"Plena Noite";"Crescente";"Céu Claro";"Simples";"Reta";"Não";2;0;1;0;0;1;1;1;-31,66084278;-52,4657217;"SPRF-RS";"DEL07-RS";"UOP01-DEL07-RS"
337395;2021-01-30;"sábado";"03:40:00";"RJ";40;104;"DUQUE DE CAXIAS";"Velocidade Incompatível";"Saída de leito carroçável";"Sem Vítimas";"Amanhecer";"Crescente";"Céu Claro";"Dupla";"Reta";"Não";1;0;0;0;0;1;0;1;-22,62897902;-43,28579508;"SPRF-RJ";"DEL01-RJ";"UOP01-DEL01-RJ"
337398;2021-01-30;"sábado";"05:20:00";"MG";116;275,9;"TEOFILO OTONI";"Ausência de reação do condutor";"Saída de leito carroçável";"Sem Vítimas";"Amanhecer";"Crescente";"Céu Claro";"Simples";"Reta";"Sim";1;0;0;0;0;1;0;1;-17,850257;-41,515068;"SPRF-MG";"DEL11-MG";"UOP01-DEL11-MG"
337399;2021-01-29;"sexta-feira";"18:30:00";"RJ";493;67;"NOVA IGUACU";"Demais falhas mecânicas ou elétricas";"Incêndio";"Sem Vítimas";"Anoitecer";"Decrescente";"Céu Claro";"Dupla";"Reta";"Não";2;0;0;0;2;0;0;1;-22,68719157;-43,50589371;"SPRF-RJ";"DEL01-RJ";"UOP03-DEL01-RJ"
337400;2021-01-30;"sábado";"05:10:00";"SC";101;152;"ITAPEMA";"Velocidade Incompatível";"Colisão com objeto";"Sem Vítimas";"Pleno dia";"Crescente";"Nublado";"Dupla";"Reta";"Sim";1;0;0;0;1;0;0;1;-27,13563503;-48,61004665;"SPRF-SC";"DEL04-SC";"UOP03-DEL04-SC"
337402;2021-01-30;"sábado";"06:00:00";"DF";20;5;"BRASILIA";"Ingestão de álcool pelo condutor";"Capotamento";"Sem Vítimas";"Pleno dia";"Decrescente";"Sol";"Dupla";"Declive";"Não";1;0;0;0;1;0;0;1;-15,670546;-47,816044;"SPRF-DF";"DEL02-DF";"UOP01-DEL02-DF"
337403;2021-01-30;"sábado";"05:11:00";"SC";282;583;"PINHALZINHO";"Velocidade Incompatível";"Saída de leito carroçável";"Com Vítimas Feridas";"Amanhecer";"Crescente";"Nublado";"Simples";"Curva";"Não";1;0;1;0;0;0;1;1;-26,828905;-53,009552;"SPRF-SC";"DEL07-SC";"UOP02-DEL07-SC"
337404;2021-01-30;"sábado";"06:05:00";"RS";290;113,8;"ELDORADO DO SUL";"Condutor deixou de manter distância do veículo da frente";"Colisão traseira";"Com Vítimas Feridas";"Pleno dia";"Crescente";"Nublado";"Simples";"Reta";"Não";2;0;1;0;1;0;1;2;-30,043636;-51,337456;"SPRF-RS";"DEL02-RS";"UOP01-DEL02-RS"
337405;2021-01-30;"sábado";"06:20:00";"MG";40;520;"CONTAGEM";"Trafegar com motocicleta (ou similar) entre as faixas";"Colisão lateral mesmo sentido";"Com Vítimas Feridas";"Amanhecer";"Crescente";"Céu Claro";"Dupla";"Reta";"Sim";2;0;0;1;1;0;1;2;-19,84761911;-44,07276144;"SPRF-MG";"DEL01-MG";"UOP02-DEL01-MG"
337407;2021-01-30;"sábado";"05:45:00";"RS";386;357,4;"ESTRELA";"Velocidade Incompatível";"Saída de leito carroçável";"Sem Vítimas";"Amanhecer";"Decrescente";"Céu Claro";"Dupla";"Reta";"Não";1;0;0;0;1;0;0;1;-29,528872;-51,928249;"SPRF-RS";"DEL04-RS";"UOP02-DEL04-RS"
337410;2021-01-30;"sábado";"06:45:00";"SP";459;27;"LORENA";"Reação tardia ou ineficiente do condutor";"Colisão lateral mesmo sentido";"Com Vítimas Feridas";"Amanhecer";"Decrescente";"Céu Claro";"Simples";"Ponte";"Não";2;0;1;1;0;0;2;2;-22,701632;-45,118095;"SPRF-SP";"DEL08-SP";"UOP02-DEL08-SP"
337411;2021-01-30;"sábado";"05:45:00";"CE";116;87,6;"CASCAVEL";"Transitar na contramão";"Colisão frontal";"Com Vítimas Feridas";"Amanhecer";"Decrescente";"Céu Claro";"Simples";"Reta";"Não";2;0;1;0;1;0;1;2;-4,44352505;-38,38551906;"SPRF-CE";"DEL03-CE";"UOP02-DEL03-CE"
337412;2021-01-30;"sábado";"01:25:00";"SC";101;119;"ITAJAI";"Reação tardia ou ineficiente do condutor";"Saída de leito carroçável";"Sem Vítimas";"Plena Noite";"Decrescente";"Chuva";"Dupla";"Reta";"Não";1;0;0;0;0;1;0;1;-26,9043179;-48,71555481;"SPRF-SC";"DEL04-SC";"UOP04-DEL04-SC"
337413;2021-01-30;"sábado";"07:10:00";"SC";101;142;"BALNEARIO CAMBORIU";"Velocidade Incompatível";"Capotamento";"Sem Vítimas";"Pleno dia";"Crescente";"Nublado";"Dupla";"Curva";"Não";3;0;0;0;3;0;0;3;-27,056089;-48,599449;"SPRF-SC";"DEL04-SC";"UOP03-DEL04-SC"
337414;2021-01-30;"sábado";"02:34:00";"MA";316;197,5;"ZE DOCA";"Ausência de reação do condutor";"Colisão frontal";"Sem Vítimas";"Plena Noite";"Crescente";"Céu Claro";"Simples";"Reta";"Sim";1;0;0;0;0;1;0;1;-3,268695;-45,655586;"SPRF-MA";"DEL02-MA";"UOP01-DEL02-MA"
337415;2021-01-30;"sábado";"06:30:00";"RS";116;254;"SAPUCAIA DO SUL";"Condutor deixou de manter distância do veículo da frente";"Colisão traseira";"Com Vítimas Feridas";"Pleno dia";"Crescente";"Céu Claro";"Dupla";"Reta";"Não";2;0;1;0;1;0;1;2;-29,82654797;-51,17241311;"SPRF-RS";"DEL01-RS";"UOP02-DEL01-RS"
337417;2021-01-01;"sexta-feira";"08:00:00";"PA";10;225;"AURORA DO PARA";"Ausência de reação do condutor";"Colisão traseira";"Com Vítimas Fatais";"Pleno dia";"Decrescente";"Céu Claro";"Simples";"Reta";"Não";2;1;0;0;0;1;0;2;-2,195868;-47,561685;"SPRF-PA";"DEL02-PA";"UOP01-DEL02-PA"
337418;2021-01-30;"sábado";"06:15:00";"ES";259;23;"JOAO NEIVA";"Velocidade Incompatível";"Capotamento";"Sem Vítimas";"Pleno dia";"Crescente";"Céu Claro";"Simples";"Curva";"Não";1;0;0;0;1;0;0;1;-19,62819008;-40,46204347;"SPRF-ES";"DEL02-ES";"UOP01-DEL02-ES"
337419;2021-01-30;"sábado";"06:55:00";"MG";381;488;"BETIM";"Demais falhas mecânicas ou elétricas";"Incêndio";"Sem Vítimas";"Amanhecer";"Crescente";"Céu Claro";"Dupla";"Interseção de Vias";"Sim";1;0;0;0;0;1;0;1;-19,9598656;-44,15489715;"SPRF-MG";"DEL01-MG";"UOP03-DEL01-MG"
337421;2021-01-30;"sábado";"07:10:00";"GO";414;439;"ANAPOLIS";"Velocidade Incompatível";"Colisão traseira";"Sem Vítimas";"Pleno dia";"Decrescente";"Céu Claro";"Simples";"Declive";"Não";2;0;0;0;1;1;0;2;-16,28128823;-48,94258908;"SPRF-GO";"DEL02-GO";"UOP01-DEL02-GO"
337425;2021-01-30;"sábado";"08:00:00";"BA";324;607;"SIMOES FILHO";"Acessar a via sem observar a presença dos outros veículos";"Queda de ocupante de veículo";"Com Vítimas Feridas";"Pleno dia";"Decrescente";"Céu Claro";"Dupla";"Reta";"Não";1;0;1;0;0;0;1;1;-12,80271203;-38,40391318;"SPRF-BA";"DEL01-BA";"UOP01-DEL01-BA"
337429;2021-01-30;"sábado";"06:30:00";"PR";158;511;"CORONEL VIVIDA";"Chuva";"Saída de leito carroçável";"Com Vítimas Feridas";"Amanhecer";"Decrescente";"Chuva";"Simples";"Curva";"Não";1;0;1;0;0;0;1;1;-26,04033533;-52,61093793;"SPRF-PR";"DEL02-PR";"UOP01-DEL02-PR"
337431;2021-01-30;"sábado";"08:54:00";"RS";290;88;"PORTO ALEGRE";"Velocidade Incompatível";"Saída de leito carroçável";"Com Vítimas Fatais";"Pleno dia";"Crescente";"Nublado";"Múltipla";"Reta";"Não";1;1;0;0;0;0;0;1;-29,967531;-51,137264;"SPRF-RS";"DEL01-RS";"UOP01-DEL01-RS"
337432;2021-01-30;"sábado";"09:15:00";"SC";101;15,7;"GARUVA";"Ausência de reação do condutor";"Tombamento";"Com Vítimas Feridas";"Pleno dia";"Decrescente";"Nublado";"Dupla";"Reta";"Sim";1;0;1;0;0;0;1;1;-26,10609917;-48,87224159;"SPRF-SC";"DEL03-SC";"UOP01-DEL03-SC"
337433;2021-01-30;"sábado";"09:00:00";"PR";376;660,3;"TIJUCAS DO SUL";"Manobra de mudança de faixa";"Colisão lateral";"Com Vítimas Feridas";"Pleno dia";"Crescente";"Nublado";"Dupla";"Reta";"Não";5;0;1;0;4;0;1;2;-25,8545443;-48,99410238;"SPRF-PR";"DEL01-PR";"UOP04-DEL01-PR"
337435;2021-01-30;"sábado";"07:00:00";"BA";116;319,9;"ARACI";"Desrespeitar a preferência no cruzamento";"Colisão transversal";"Com Vítimas Feridas";"Pleno dia";"Crescente";"Céu Claro";"Simples";"Reta";"Não";2;0;0;2;0;0;2;2;-11,30682406;-38,94076389;"SPRF-BA";"DEL02-BA";"UOP01-DEL02-BA"
337437;2021-01-30;"sábado";"09:30:00";"SP";116;294;"ITAPECERICA DA SERRA";"Ingestão de álcool pelo condutor";"Colisão transversal";"Sem Vítimas";"Pleno dia";"Crescente";"Sol";"Dupla";"Reta";"Não";3;0;0;0;2;1;0;3;-23,76154691;-46,90483412;"SPRF-SP";"DEL04-SP";"UOP01-DEL04-SP"
337439;2021-01-30;"sábado";"09:40:00";"PR";116;177;"QUITANDINHA";"Velocidade Incompatível";"Saída de leito carroçável";"Com Vítimas Feridas";"Pleno dia";"Crescente";"Chuva";"Simples";"Curva";"Não";1;0;1;0;0;0;1;1;-25,87257323;-49,46295588;"SPRF-PR";"DEL01-PR";"UOP03-DEL01-PR"
337440;2021-01-30;"sábado";"10:10:00";"SP";101;49,9;"UBATUBA";"Reação tardia ou ineficiente do condutor";"Colisão transversal";"Com Vítimas Feridas";"Pleno dia";"Crescente";"Sol";"Simples";"Reta";"Sim";3;0;2;0;1;0;2;2;-23,44410908;-45,08375708;"SPRF-SP";"DEL06-SP";"UOP01-DEL06-SP"
337441;2021-01-30;"sábado";"09:25:00";"ES";262;18;"VIANA";"Condutor Dormindo";"Tombamento";"Com Vítimas Feridas";"Pleno dia";"Crescente";"Céu Claro";"Simples";"Reta";"Sim";1;0;1;0;0;0;1;1;-20,39137228;-40,48080285;"SPRF-ES";"DEL01-ES";"UOP01-DEL01-ES"
337443;2021-01-30;"sábado";"10:40:00";"SC";101;193;"BIGUACU";"Pedestre andava na pista";"Atropelamento de Pedestre";"Com Vítimas Feridas";"Pleno dia";"Crescente";"Nublado";"Dupla";"Reta";"Sim";2;0;0;1;1;0;1;2;-27,489574;-48,655914;"SPRF-SC";"DEL01-SC";"UOP01-DEL01-SC"
337444;2021-01-30;"sábado";"10:20:00";"PB";230;17,3;"JOAO PESSOA";"Reação tardia ou ineficiente do condutor";"Colisão traseira";"Com Vítimas Feridas";"Pleno dia";"Decrescente";"Céu Claro";"Dupla";"Reta";"Sim";3;0;2;0;1;0;2;2;-7,1121;-34,8426;"SPRF-PB";"DEL01-PB";"UOP01-DEL01-PB"
337447;2021-01-30;"sábado";"11:30:00";"BA";116;482;"RAFAEL JAMBEIRO";"Condutor deixou de manter distância do veículo da frente";"Colisão traseira";"Com Vítimas Feridas";"Pleno dia";"Crescente";"Céu Claro";"Simples";"Reta";"Não";3;0;1;0;2;0;1;2;-12,51689581;-39,38445809;"SPRF-BA";"DEL02-BA";"UOP01-DEL02-BA"
337448;2021-01-30;"sábado";"10:45:00";"RS";116;245,9;"SAO LEOPOLDO";"Acessar a via sem observar a presença dos outros veículos";"Colisão frontal";"Sem Vítimas";"Pleno dia";"Crescente";"Nublado";"Simples";"Interseção de Vias";"Sim";2;0;0;0;2;0;0;2;-29,74980902;-51,15125361;"SPRF-RS";"DEL01-RS";"UOP02-DEL01-RS"
337453;2021-01-30;"sábado";"11:00:00";"SP";116;174;"JACAREI";"Condutor usando celular";"Colisão traseira";"Com Vítimas Feridas";"Pleno dia";"Decrescente";"Céu Claro";"Dupla";"Reta";"Não";1;0;1;0;0;0;1;1;-23,32057287;-46,09074403;"SPRF-SP";"DEL02-SP";"UOP01-DEL02-SP"
337454;2021-01-30;"sábado";"11:25:00";"PB";230;17,7;"JOAO PESSOA";"Reação tardia ou ineficiente do condutor";"Colisão traseira";"Com Vítimas Feridas";"Pleno dia";"Decrescente";"Céu Claro";"Dupla";"Reta";"Sim";3;0;0;2;1;0;2;2;-7,1281;-34,8466;"SPRF-PB";"DEL01-PB";"UOP01-DEL01-PB"
337455;2021-01-30;"sábado";"10:50:00";"MG";40;653,1;"CARANDAI";"Reação tardia ou ineficiente do condutor";"Tombamento";"Com Vítimas Feridas";"Pleno dia";"Crescente";"Céu Claro";"Simples";"Curva";"Não";2;0;2;0;0;0;2;1;-20,84938602;-43,79880593;"SPRF-MG";"DEL05-MG";"UOP02-DEL05-MG"
337456;2021-01-30;"sábado";"11:00:00";"RS";287;248;"SANTA MARIA";"Condutor deixou de manter distância do veículo da frente";"Colisão traseira";"Com Vítimas Feridas";"Pleno dia";"Crescente";"Céu Claro";"Simples";"Reta";"Sim";5;0;1;0;3;1;1;3;-29,696018;-53,850956;"SPRF-RS";"DEL09-RS";"UOP01-DEL09-RS"
337457;2021-01-30;"sábado";"09:30:00";"GO";20;44,1;"FORMOSA";"Demais falhas mecânicas ou elétricas";"Incêndio";"Sem Vítimas";"Pleno dia";"Decrescente";"Céu Claro";"Simples";"Reta";"Não";1;0;0;0;1;0;0;1;-15,374446;-47,101234;"SPRF-DF";"DEL02-DF";"UOP01-DEL02-DF"
337462;2021-01-30;"sábado";"12:00:00";"SP";116;272;"TABOAO DA SERRA";"Velocidade Incompatível";"Colisão lateral";"Sem Vítimas";"Pleno dia";"Decrescente";"Sol";"Dupla";"Reta";"Sim";8;0;0;0;8;0;0;5;-23,621691;-46,813288;"SPRF-SP";"DEL04-SP";"UOP01-DEL04-SP"
337463;2021-01-30;"sábado";"11:15:00";"PR";369;172,7;"ROLANDIA";"Ultrapassagem Indevida";"Colisão transversal";"Com Vítimas Feridas";"Pleno dia";"Crescente";"Céu Claro";"Simples";"Interseção de Vias";"Sim";2;0;1;0;1;0;1;2;-23,307563;-51,366722;"SPRF-PR";"DEL07-PR";"UOP01-DEL07-PR"
337465;2021-01-30;"sábado";"12:00:00";"PR";376;668;"GUARATUBA";"Velocidade Incompatível";"Colisão traseira";"Com Vítimas Feridas";"Pleno dia";"Crescente";"Céu Claro";"Múltipla";"Curva;Declive";"Não";9;0;0;2;7;0;2;4;-25,864159;-48,937538;"SPRF-PR";"DEL01-PR";"UOP04-DEL01-PR"
337466;2021-01-30;"sábado";"12:20:00";"PR";373;185;"PONTA GROSSA";"Avarias e/ou desgaste excessivo no pneu";"Colisão frontal";"Com Vítimas Feridas";"Pleno dia";"Decrescente";"Chuva";"Simples";"Curva";"Não";4;0;1;2;0;1;3;3;-25,04886223;-50,29257775;"SPRF-PR";"DEL03-PR";"UOP04-DEL03-PR"
337471;2021-01-30;"sábado";"11:05:00";"SP";101;49,8;"UBATUBA";"Acessar a via sem observar a presença dos outros veículos";"Colisão transversal";"Com Vítimas Feridas";"Pleno dia";"Crescente";"Céu Claro";"Simples";"Reta";"Sim";3;0;1;0;2;0;1;2;-23,44410908;-45,08375708;"SPRF-SP";"DEL06-SP";"UOP01-DEL06-SP"
337472;2021-01-30;"sábado";"12:40:00";"RN";101;97,5;"NATAL";"Manobra de mudança de faixa";"Colisão lateral";"Com Vítimas Feridas";"Pleno dia";"Decrescente";"Sol";"Dupla";"Declive";"Sim";2;0;1;0;0;1;1;2;-5,85758898;-35,21271205;"SPRF-RN";"DEL01-RN";"UOP01-DEL01-RN"
337475;2021-01-30;"sábado";"08:05:00";"SC";280;7;"SAO FRANCISCO DO SUL";"Manobra de mudança de faixa";"Colisão transversal";"Com Vítimas Feridas";"Pleno dia";"Crescente";"Céu Claro";"Simples";"Reta";"Sim";2;0;0;1;1;0;1;2;-26,27127101;-48,64129599;"SPRF-SC";"DEL03-SC";"UOP03-DEL03-SC"
337477;2021-01-30;"sábado";"13:15:00";"SC";101;313;"LAGUNA";"Ausência de reação do condutor";"Saída de leito carroçável";"Com Vítimas Feridas";"Pleno dia";"Decrescente";"Sol";"Múltipla";"Reta";"Sim";3;0;3;0;0;0;3;1;-28,4404376;-48,81403409;"SPRF-SC";"DEL02-SC";"UOP01-DEL02-SC"
337479;2021-01-30;"sábado";"12:50:00";"SP";116;272;"TABOAO DA SERRA";"Reação tardia ou ineficiente do condutor";"Colisão traseira";"Com Vítimas Feridas";"Pleno dia";"Decrescente";"Céu Claro";"Dupla";"Reta";"Sim";3;0;1;0;1;1;1;3;-23,621691;-46,813288;"SPRF-SP";"DEL04-SP";"UOP01-DEL04-SP"
337480;2021-01-30;"sábado";"10:28:00";"PB";230;17,3;"JOAO PESSOA";"Condutor deixou de manter distância do veículo da frente";"Colisão traseira";"Sem Vítimas";"Pleno dia";"Decrescente";"Céu Claro";"Dupla";"Interseção de Vias";"Sim";3;0;0;0;3;0;0;3;-7,1121;-34,8426;"SPRF-PB";"DEL01-PB";"UOP01-DEL01-PB"
337481;2021-01-30;"sábado";"14:00:00";"ES";101;125;"SOORETAMA";"Ingestão de álcool pelo condutor";"Colisão lateral mesmo sentido";"Sem Vítimas";"Pleno dia";"Crescente";"Céu Claro";"Dupla";"Reta";"Sim";2;0;0;0;2;0;0;2;-19,18496498;-40,09429827;"SPRF-ES";"DEL04-ES";"UOP01-DEL04-ES"
337482;2021-01-30;"sábado";"14:00:00";"MG";40;570;"NOVA LIMA";"Conversão proibida";"Colisão transversal";"Com Vítimas Feridas";"Pleno dia";"Crescente";"Céu Claro";"Simples";"Reta";"Sim";2;0;2;0;0;0;2;2;-20,21286706;-43,97263241;"SPRF-MG";"DEL01-MG";"UOP02-DEL01-MG"
337484;2021-01-30;"sábado";"13:00:00";"RS";116;264;"CANOAS";"Manobra de mudança de faixa";"Colisão lateral";"Com Vítimas Feridas";"Pleno dia";"Decrescente";"Sol";"Múltipla";"Rotatória";"Não";2;0;1;0;1;0;1;2;-29,914435;-51,17754495;"SPRF-RS";"DEL01-RS";"UOP01-DEL01-RS"
337485;2021-01-30;"sábado";"11:00:00";"BA";324;521;"FEIRA DE SANTANA";"Demais falhas mecânicas ou elétricas";"Queda de ocupante de veículo";"Com Vítimas Feridas";"Pleno dia";"Decrescente";"Céu Claro";"Dupla";"Reta";"Sim";2;0;2;0;0;0;2;1;-12,27918591;-38,92645693;"SPRF-BA";"DEL01-BA";"UOP03-DEL01-BA"
337487;2021-01-30;"sábado";"14:00:00";"GO";364;54;"CACHOEIRA ALTA";"Ingestão de álcool pelo condutor";"Saída de leito carroçável";"Com Vítimas Feridas";"Pleno dia";"Crescente";"Céu Claro";"Simples";"Rotatória";"Não";2;0;0;1;0;1;1;1;-18,78288799;-50,92031121;"SPRF-GO";"DEL05-GO";"UOP02-DEL05-GO"
337488;2021-01-30;"sábado";"14:00:00";"RJ";116;185,4;"NOVA IGUACU";"Ultrapassagem Indevida";"Colisão lateral mesmo sentido";"Com Vítimas Fatais";"Pleno dia";"Decrescente";"Sol";"Múltipla";"Reta";"Sim";3;1;0;1;0;1;1;2;-22,74364203;-43,51406693;"SPRF-RJ";"DEL01-RJ";"UOP02-DEL01-RJ"
337490;2021-01-30;"sábado";"14:15:00";"ES";262;2,5;"CARIACICA";"Pedestre cruzava a pista fora da faixa";"Atropelamento de Pedestre";"Com Vítimas Feridas";"Pleno dia";"Crescente";"Sol";"Dupla";"Reta";"Sim";4;0;1;0;2;1;1;3;-20,33275688;-40,36077696;"SPRF-ES";"DEL01-ES";"UOP01-DEL01-ES"
337491;2021-01-30;"sábado";"11:00:00";"GO";70;314;"JUSSARA";"Reação tardia ou ineficiente do condutor";"Saída de leito carroçável";"Com Vítimas Feridas";"Pleno dia";"Crescente";"Céu Claro";"Simples";"Reta";"Sim";1;0;1;0;0;0;1;1;-15,87350678;-50,85502625;"SPRF-GO";"DEL04-GO";"UOP01-DEL04-GO"
337494;2021-01-30;"sábado";"09:15:00";"MA";135;70,2;"SANTA RITA";"Acessar a via sem observar a presença dos outros veículos";"Colisão transversal";"Com Vítimas Feridas";"Pleno dia";"Crescente";"Céu Claro";"Simples";"Reta";"Não";2;0;1;1;0;0;2;2;-3,14173789;-44,3255132;"SPRF-MA";"DEL01-MA";"UOP02-DEL01-MA"
337496;2021-01-30;"sábado";"13:25:00";"CE";116;80,7;"CASCAVEL";"Condutor Dormindo";"Colisão frontal";"Com Vítimas Feridas";"Pleno dia";"Decrescente";"Céu Claro";"Simples";"Reta";"Não";3;0;3;0;0;0;3;2;-4,39558323;-38,42673827;"SPRF-CE";"DEL03-CE";"UOP02-DEL03-CE"
337497;2021-01-30;"sábado";"15:25:00";"RS";470;217,6;"BENTO GONCALVES";"Desrespeitar a preferência no cruzamento";"Colisão transversal";"Com Vítimas Feridas";"Pleno dia";"Crescente";"Nublado";"Múltipla";"Rotatória";"Não";5;0;1;0;4;0;1;2;-29,17503555;-51,52294105;"SPRF-RS";"DEL06-RS";"UOP01-DEL06-RS"
337498;2021-01-30;"sábado";"14:15:00";"MT";70;519,8;"VARZEA GRANDE";"Ultrapassagem Indevida";"Colisão transversal";"Com Vítimas Feridas";"Pleno dia";"Crescente";"Sol";"Simples";"Reta";"Sim";2;0;1;0;1;0;1;2;-15,6800864;-56,17408901;"SPRF-MT";"DEL01-MT";"UOP02-DEL01-MT"
337501;2021-01-30;"sábado";"13:55:00";"MG";50;165,9;"UBERABA";"Ingestão de álcool pelo condutor";"Saída de leito carroçável";"Com Vítimas Feridas";"Pleno dia";"Decrescente";"Sol";"Dupla";"Reta";"Não";4;0;1;0;3;0;1;1;-19,69326783;-47,98949154;"SPRF-MG";"DEL13-MG";"UOP01-DEL13-MG"
337502;2021-01-30;"sábado";"15:10:00";"RJ";101;206;"CASIMIRO DE ABREU";"Acessar a via sem observar a presença dos outros veículos";"Colisão transversal";"Com Vítimas Feridas";"Pleno dia";"Crescente";"Céu Claro";"Simples";"Reta";"Sim";5;0;2;0;2;1;2;3;-22,47673341;-42,2017251;"SPRF-RJ";"DEL08-RJ";"UOP04-DEL08-RJ"
337505;2021-01-30;"sábado";"14:55:00";"PR";277;588,2;"CASCAVEL";"Ingestão de álcool pelo condutor";"Saída de leito carroçável";"Sem Vítimas";"Pleno dia";"Decrescente";"Céu Claro";"Simples";"Reta";"Não";1;0;0;0;1;0;0;1;-24,97369293;-53,43816604;"SPRF-PR";"DEL04-PR";"UOP01-DEL04-PR"
337507;2021-01-30;"sábado";"16:10:00";"BA";116;623,5;"JAGUAQUARA";"Velocidade Incompatível";"Capotamento";"Com Vítimas Feridas";"Pleno dia";"Decrescente";"Céu Claro";"Simples";"Reta";"Não";2;0;1;0;1;0;1;1;-13,39180996;-40,0224363;"SPRF-BA";"DEL03-BA";"UOP01-DEL03-BA"
337508;2021-01-30;"sábado";"14:00:00";"PR";376;627;"SAO JOSE DOS PINHAIS";"Chuva";"Capotamento";"Sem Vítimas";"Pleno dia";"Decrescente";"Garoa/Chuvisco";"Dupla";"Reta";"Não";1;0;0;0;0;1;0;1;-25,66963786;-49,15231858;"SPRF-PR";"DEL01-PR";"UOP04-DEL01-PR"
337510;2021-01-30;"sábado";"16:00:00";"PR";373;265;"PRUDENTOPOLIS";"Reação tardia ou ineficiente do condutor";"Saída de leito carroçável";"Com Vítimas Feridas";"Pleno dia";"Decrescente";"Nublado";"Simples";"Reta;Retorno Regulamentado";"Sim";1;0;1;0;0;0;1;1;-25,20466497;-50,9923132;"SPRF-PR";"DEL08-PR";"UOP01-DEL08-PR"
337511;2021-01-30;"sábado";"16:10:00";"PE";232;527;"SALGUEIRO";"Ultrapassagem Indevida";"Saída de leito carroçável";"Com Vítimas Feridas";"Pleno dia";"Crescente";"Céu Claro";"Simples";"Reta";"Não";1;0;1;0;0;0;1;1;-8,07189196;-39,28637601;"SPRF-PE";"DEL05-PE";"UOP01-DEL05-PE"
337512;2021-01-30;"sábado";"14:30:00";"PA";10;267,8;"AURORA DO PARA";"Reação tardia ou ineficiente do condutor";"Saída de leito carroçável";"Com Vítimas Feridas";"Pleno dia";"Decrescente";"Céu Claro";"Simples";"Reta";"Não";1;0;1;0;0;0;1;1;-2,088508;-47,559843;"SPRF-PA";"DEL02-PA";"UOP01-DEL02-PA"
337513;2021-01-30;"sábado";"15:50:00";"SC";470;120;"IBIRAMA";"Reação tardia ou ineficiente do condutor";"Colisão lateral";"Com Vítimas Feridas";"Pleno dia";"Crescente";"Céu Claro";"Simples";"Curva";"Não";2;0;1;0;1;0;1;2;-27,09279055;-49,52379227;"SPRF-SC";"DEL04-SC";"UOP02-DEL04-SC"
337515;2021-01-30;"sábado";"15:31:00";"RJ";101;316;"SAO GONCALO";"Ausência de sinalização";"Tombamento";"Com Vítimas Feridas";"Pleno dia";"Decrescente";"Sol";"Dupla";"Interseção de Vias";"Sim";2;0;1;0;1;0;1;2;-22,8256041;-43,08956981;"SPRF-RJ";"DEL02-RJ";"UOP02-DEL02-RJ"
337517;2021-01-30;"sábado";"16:30:00";"SE";101;151;"ESTANCIA";"Ingestão de álcool pelo condutor";"Colisão transversal";"Com Vítimas Feridas";"Pleno dia";"Crescente";"Nublado";"Simples";"Reta";"Sim";2;0;1;0;1;0;1;2;-11,26151;-37,441227;"SPRF-SE";"DEL02-SE";"UOP01-DEL02-SE"
337518;2021-01-30;"sábado";"16:30:00";"SP";116;145;"SAO JOSE DOS CAMPOS";"Reação tardia ou ineficiente do condutor";"Tombamento";"Com Vítimas Feridas";"Pleno dia";"Decrescente";"Céu Claro";"Múltipla";"Reta";"Não";1;0;1;0;0;0;1;1;-23,1869844;-45,8548078;"SPRF-SP";"DEL02-SP";"UOP01-DEL02-SP"
337521;2021-01-30;"sábado";"16:50:00";"SE";101;18;"SAO FRANCISCO";"Ingestão de álcool pelo condutor";"Colisão frontal";"Com Vítimas Feridas";"Pleno dia";"Decrescente";"Céu Claro";"Simples";"Desvio Temporário";"Não";4;0;1;3;0;0;4;2;-10,34642149;-36,8979388;"SPRF-SE";"DEL02-SE";"UOP02-DEL02-SE"
337522;2021-01-30;"sábado";"17:00:00";"ES";447;12,9;"VILA VELHA";"Ausência de reação do condutor";"Tombamento";"Sem Vítimas";"Pleno dia";"Crescente";"Sol";"Dupla";"Reta";"Sim";1;0;0;0;0;1;0;1;-20,3504225;-40,3335173;"SPRF-ES";"DEL01-ES";"UOP01-DEL01-ES"