"id";"data_inversa";"dia_semana";"horario";"uf";"br";"km";"municipio";"causa_acidente";"tipo_acidente";"classificacao_acidente";"fase_dia";"sentido_via";"condicao_metereologica";"tipo_pista";"tracado_via";"uso_solo";"pessoas";"mortos";"feridos_leves";"feridos_graves";"ilesos";"ignorados";"feridos";"veiculos";"latitude";"longitude";"regional";"delegacia";"uop"
337622;2021-01-31;"domingo";"01:15:00";"PB";230;176,5;"POCINHOS";"Transitar na contramão";"Colisão frontal";"Com Vítimas Fatais";"Plena Noite";"Crescente";"Céu Claro";"Simples";"Reta";"Não";3;1;0;0;2;0;0;2;-7,1733;-36,0333;"SPRF-PB";"DEL02-PB";"UOP02-DEL02-PB"
337623;2021-01-31;"domingo";"01:30:00";"PR";116;126;"FAZENDA RIO GRANDE";"Ingestão de álcool pelo condutor";"Colisão traseira";"Sem Vítimas";"Plena Noite";"Decrescente";"Nublado";"Dupla";"Reta";"Sim";2;0;0;0;2;0;0;2;-25,60389895;-49,31824423;"SPRF-PR";"DEL01-PR";"UOP03-DEL01-PR"
337624;2021-01-30;"sábado";"19:40:00";"PI";316;96;"BARRO DURO";"Desrespeitar a preferência no cruzamento";"Colisão transversal";"Com Vítimas Feridas";"Plena Noite";"Decrescente";"Garoa/Chuvisco";"Simples";"Reta";"Sim";2;0;0;1;1;0;1;2;-5,81557921;-42,51383316;"SPRF-PI";"DEL04-PI";"UOP02-DEL04-PI"
337625;2021-01-31;"domingo";"01:00:00";"RJ";116;178;"NOVA IGUACU";"Ingestão de álcool pelo condutor";"Colisão traseira";"Sem Vítimas";"Plena Noite";"Decrescente";"Céu Claro";"Simples";"Reta";"Sim";4;0;0;0;4;0;0;3;-22,77496393;-43,40081465;"SPRF-RJ";"DEL01-RJ";"UOP02-DEL01-RJ"
337626;2021-01-31;"domingo";"02:00:00";"MG";40;500;"ESMERALDAS";"Animais na Pista";"Atropelamento de Animal";"Com Vítimas Feridas";"Plena Noite";"Decrescente";"Céu Claro";"Dupla";"Reta";"Não";2;0;0;1;0;1;1;2;-19,70073502;-44,17382703;"SPRF-MG";"DEL02-MG";"UOP01-DEL02-MG"
337627;2021-01-31;"domingo";"02:00:00";"ES";101;69;"SAO MATEUS";"Velocidade Incompatível";"Colisão com objeto";"Com Vítimas Feridas";"Plena Noite";"Decrescente";"Nublado";"Simples";"Reta";"Sim";1;0;1;0;0;0;1;1;-18,73556097;-39,86069526;"SPRF-ES";"DEL04-ES";"UOP02-DEL04-ES"
337628;2021-01-31;"domingo";"01:25:00";"PR";277;339;"GUARAPUAVA";"Animais na Pista";"Atropelamento de Animal";"Sem Vítimas";"Plena Noite";"Crescente";"Nublado";"Dupla";"Reta";"Sim";1;0;0;0;1;0;0;1;-25,34632226;-51,38590684;"SPRF-PR";"DEL08-PR";"UOP01-DEL08-PR"
337629;2021-01-31;"domingo";"01:40:00";"PR";277;349;"GUARAPUAVA";"Reação tardia ou ineficiente do condutor";"Saída de leito carroçável";"Sem Vítimas";"Plena Noite";"Crescente";"Nublado";"Simples";"Interseção de Vias;Reta";"Sim";1;0;0;0;1;0;0;1;-25,43202901;-51,65508801;"SPRF-PR";"DEL08-PR";"UOP01-DEL08-PR"
337632;2021-01-30;"sábado";"23:10:00";"PI";407;432,6;"PICOS";"Ingestão de álcool pelo condutor";"Saída de leito carroçável";"Com Vítimas Feridas";"Plena Noite";"Decrescente";"Céu Claro";"Simples";"Reta";"Não";1;0;1;0;0;0;1;1;-7,13935854;-41,37948455;"SPRF-PI";"DEL04-PI";"UOP01-DEL04-PI"
337633;2021-01-31;"domingo";"02:20:00";"CE";304;51,5;"ARACATI";"Velocidade Incompatível";"Saída de leito carroçável";"Sem Vítimas";"Plena Noite";"Decrescente";"Céu Claro";"Simples";"Curva";"Não";1;0;0;0;0;1;0;1;-4,56942301;-37,75341799;"SPRF-CE";"DEL03-CE";"UOP03-DEL03-CE"
337635;2021-01-31;"domingo";"02:15:00";"RJ";116;141;"DUQUE DE CAXIAS";"Ausência de reação do condutor";"Saída de leito carroçável";"Sem Vítimas";"Plena Noite";"Crescente";"Céu Claro";"Dupla";"Reta";"Sim";1;0;0;0;0;1;0;1;-22,64724486;-43,22083001;"SPRF-RJ";"DEL01-RJ";"UOP01-DEL01-RJ"
337638;2021-01-31;"domingo";"00:48:00";"MT";70;735,2;"CACERES";"Ingestão de álcool pelo condutor";"Colisão com objeto";"Com Vítimas Feridas";"Plena Noite";"Decrescente";"Céu Claro";"Simples";"Reta";"Sim";1;0;0;1;0;0;1;1;-16,07414952;-57,70372912;"SPRF-MT";"DEL03-MT";"UOP01-DEL03-MT"
337639;2021-01-31;"domingo";"02:30:00";"PB";230;22,1;"JOAO PESSOA";"Velocidade Incompatível";"Colisão com objeto";"Com Vítimas Fatais";"Plena Noite";"Decrescente";"Céu Claro";"Dupla";"Reta";"Sim";4;1;3;0;0;0;3;1;-7,15306842;-34,85463023;"SPRF-PB";"DEL01-PB";"UOP01-DEL01-PB"
337640;2021-01-31;"domingo";"03:40:00";"SP";116;212,5;"GUARULHOS";"Estacionar ou parar em local proibido";"Atropelamento de Pedestre";"Com Vítimas Fatais";"Plena Noite";"Decrescente";"Nublado";"Múltipla";"Reta";"Sim";6;1;1;1;2;1;2;2;-23,43608315;-46,42805094;"SPRF-SP";"DEL01-SP";"UOP01-DEL01-SP"
337643;2021-01-31;"domingo";"02:00:00";"RJ";40;54;"PETROPOLIS";"Ingestão de álcool pelo condutor";"Colisão com objeto";"Com Vítimas Feridas";"Plena Noite";"Crescente";"Céu Claro";"Dupla";"Declive;Curva";"Não";1;0;1;0;0;0;1;1;-22,352438;-43,121003;"SPRF-RJ";"DEL05-RJ";"UOP02-DEL05-RJ"
337644;2021-01-31;"domingo";"00:30:00";"RS";386;360;"ESTRELA";"Velocidade Incompatível";"Capotamento";"Com Vítimas Feridas";"Plena Noite";"Crescente";"Chuva";"Dupla";"Reta";"Não";1;0;1;0;0;0;1;1;-29,5476;-51,908142;"SPRF-RS";"DEL04-RS";"UOP02-DEL04-RS"
337645;2021-01-31;"domingo";"02:15:00";"SC";470;148,6;"AGRONOMICA";"Ingestão de álcool pelo condutor";"Colisão com objeto";"Com Vítimas Feridas";"Plena Noite";"Crescente";"Nublado";"Simples";"Reta";"Não";1;0;1;0;0;0;1;1;-27,246288;-49,694355;"SPRF-SC";"DEL04-SC";"UOP02-DEL04-SC"
337646;2021-01-31;"domingo";"04:00:00";"SP";381;60;"MAIRIPORA";"Reação tardia ou ineficiente do condutor";"Capotamento";"Sem Vítimas";"Plena Noite";"Crescente";"Céu Claro";"Dupla";"Declive;Curva";"Não";1;0;0;0;1;0;0;1;-23,28957673;-46,58729853;"SPRF-SP";"DEL03-SP";"UOP01-DEL03-SP"
337647;2021-01-31;"domingo";"04:20:00";"CE";222;4;"CAUCAIA";"Ausência de reação do condutor";"Tombamento";"Com Vítimas Feridas";"Amanhecer";"Decrescente";"Céu Claro";"Múltipla";"Reta";"Sim";1;0;1;0;0;0;1;1;-3,74164754;-38,60449792;"SPRF-CE";"DEL01-CE";"UOP01-DEL01-CE"
337648;2021-01-31;"domingo";"04:00:00";"RJ";116;129;"MAGE";"Manobra de mudança de faixa";"Queda de ocupante de veículo";"Com Vítimas Feridas";"Plena Noite";"Decrescente";"Céu Claro";"Dupla";"Reta";"Sim";1;0;1;0;0;0;1;1;-22,66471224;-43,11056004;"SPRF-RJ";"DEL04-RJ";"UOP02-DEL04-RJ"
337649;2021-01-30;"sábado";"13:25:00";"SC";282;2,9;"FLORIANOPOLIS";"Demais falhas mecânicas ou elétricas";"Colisão lateral mesmo sentido";"Com Vítimas Feridas";"Pleno dia";"Decrescente";"Céu Claro";"Múltipla";"Reta";"Sim";3;0;1;0;2;0;1;3;-27,603289;-48,590416;"SPRF-SC";"DEL01-SC";"UOP01-DEL01-SC"
337651;2021-01-31;"domingo";"02:10:00";"RJ";101;293;"ITABORAI";"Acumulo de areia ou detritos sobre o pavimento";"Saída de leito carroçável";"Com Vítimas Feridas";"Plena Noite";"Crescente";"Céu Claro";"Múltipla";"Curva";"Sim";1;0;0;1;0;0;1;1;-22,75498078;-42,89111853;"SPRF-RJ";"DEL02-RJ";"UOP02-DEL02-RJ"
337652;2021-01-31;"domingo";"05:00:00";"ES";101;289;"CARIACICA";"Velocidade Incompatível";"Capotamento";"Com Vítimas Feridas";"Pleno dia";"Crescente";"Céu Claro";"Dupla";"Aclive";"Não";2;0;1;0;1;0;1;1;-20,28029304;-40,39302931;"SPRF-ES";"DEL01-ES";"UOP01-DEL01-ES"
337653;2021-01-31;"domingo";"04:40:00";"SP";116;220;"GUARULHOS";"Condutor deixou de manter distância do veículo da frente";"Colisão traseira";"Com Vítimas Feridas";"Plena Noite";"Crescente";"Ignorado";"Múltipla";"Reta";"Sim";2;0;1;0;1;0;1;2;-23,46472809;-46,49793962;"SPRF-SP";"DEL01-SP";"UOP01-DEL01-SP"
337655;2021-01-31;"domingo";"02:00:00";"SC";480;126,5;"CHAPECO";"Chuva";"Colisão com objeto";"Sem Vítimas";"Plena Noite";"Crescente";"Chuva";"Dupla";"Reta";"Não";1;0;0;0;0;1;0;1;-27,020083;-52,636024;"SPRF-SC";"DEL07-SC";"UOP01-DEL07-SC"
337656;2021-01-31;"domingo";"06:10:00";"PR";376;665;"TIJUCAS DO SUL";"Curva acentuada";"Capotamento";"Com Vítimas Feridas";"Amanhecer";"Crescente";"Nublado";"Múltipla";"Curva;Declive";"Não";1;0;1;0;0;0;1;1;-25,85455838;-48,95670808;"SPRF-PR";"DEL01-PR";"UOP04-DEL01-PR"
337658;2021-01-31;"domingo";"06:05:00";"RS";158;326;"SANTA MARIA";"Velocidade Incompatível";"Colisão com objeto";"Com Vítimas Feridas";"Pleno dia";"Decrescente";"Céu Claro";"Simples";"Viaduto";"Sim";1;0;1;0;0;0;1;1;-29,70975376;-53,80284617;"SPRF-RS";"DEL09-RS";"UOP01-DEL09-RS"
337660;2021-01-31;"domingo";"03:50:00";"RS";470;233,8;"CARLOS BARBOSA";"Ingestão de álcool pelo condutor";"Saída de leito carroçável";"Com Vítimas Feridas";"Plena Noite";"Crescente";"Garoa/Chuvisco";"Simples";"Reta;Declive";"Não";1;0;1;0;0;0;1;1;-29,30632426;-51,48598021;"SPRF-RS";"DEL06-RS";"UOP01-DEL06-RS"
337663;2021-01-31;"domingo";"05:20:00";"RJ";116;180;"NOVA IGUACU";"Condutor deixou de manter distância do veículo da frente";"Colisão traseira";"Com Vítimas Feridas";"Amanhecer";"Crescente";"Céu Claro";"Dupla";"Reta";"Sim";3;0;1;0;0;2;1;2;-22,7651616;-43,4154728;"SPRF-RJ";"DEL01-RJ";"UOP02-DEL01-RJ"
337665;2021-01-30;"sábado";"22:00:00";"GO";153;437;"ANAPOLIS";"Ausência de reação do condutor";"Colisão lateral";"Sem Vítimas";"Plena Noite";"Crescente";"Céu Claro";"Dupla";"Reta";"Sim";1;0;0;0;1;0;0;1;-16,286884;-48,942978;"SPRF-GO";"DEL02-GO";"UOP01-DEL02-GO"
337666;2021-01-30;"sábado";"17:20:00";"MG";381;645;"SANTO ANTONIO DO AMPARO";"Condutor Dormindo";"Saída de leito carroçável";"Com Vítimas Feridas";"Pleno dia";"Crescente";"Céu Claro";"Dupla";"Curva";"Não";3;0;2;1;0;0;3;1;-20,93585876;-44,87535815;"SPRF-MG";"DEL04-MG";"UOP02-DEL04-MG"
337667;2021-01-31;"domingo";"06:20:00";"RJ";101;324;"NITEROI";"Ausência de reação do condutor";"Colisão traseira";"Sem Vítimas";"Pleno dia";"Decrescente";"Céu Claro";"Dupla";"Reta";"Sim";2;0;0;0;2;0;0;2;-22,873052;-43,13421;"SPRF-RJ";"DEL02-RJ";"UOP02-DEL02-RJ"
337668;2021-01-31;"domingo";"06:00:00";"MG";381;936,3;"EXTREMA";"Ingestão de álcool pelo condutor";"Colisão com objeto";"Com Vítimas Feridas";"Pleno dia";"Crescente";"Sol";"Dupla";"Curva;Declive";"Não";3;0;2;0;0;1;2;1;-22,82914914;-46,31469547;"SPRF-MG";"DEL16-MG";"UOP03-DEL16-MG"
337671;2021-01-31;"domingo";"03:00:00";"AP";210;3;"MACAPA";"Transitar na contramão";"Colisão frontal";"Com Vítimas Feridas";"Amanhecer";"Crescente";"Céu Claro";"Dupla";"Reta";"Sim";2;0;1;0;0;1;1;2;0,08723365;-51,08569007;"SPRF-AP";"DEL01-AP";"UOP01-DEL01-AP"
337672;2021-01-31;"domingo";"07:00:00";"MG";262;45;"MANHUACU";"Velocidade Incompatível";"Colisão frontal";"Com Vítimas Feridas";"Pleno dia";"Crescente";"Sol";"Simples";"Curva";"Não";2;0;2;0;0;0;2;2;-20,26145201;-42,09686296;"SPRF-MG";"DEL06-MG";"UOP03-DEL06-MG"
337673;2021-01-19;"terça-feira";"15:50:00";"RS";290;114,6;"ELDORADO DO SUL";"Transitar na contramão";"Colisão frontal";"Com Vítimas Feridas";"Pleno dia";"Crescente";"Céu Claro";"Simples";"Reta";"Não";6;0;2;2;2;0;4;3;-30,044607;-51,347553;"SPRF-RS";"DEL02-RS";"UOP01-DEL02-RS"
337675;2021-01-31;"domingo";"08:15:00";"GO";60;126,8;"GOIANIA";"Avarias e/ou desgaste excessivo no pneu";"Queda de ocupante de veículo";"Com Vítimas Feridas";"Pleno dia";"Crescente";"Sol";"Dupla";"Reta";"Não";2;0;1;0;1;0;1;1;-16,5324;-49,1473;"SPRF-GO";"DEL01-GO";"UOP01-DEL01-GO"
337676;2021-01-31;"domingo";"05:30:00";"MG";116;718,6;"MURIAE";"Condutor Dormindo";"Saída de leito carroçável";"Com Vítimas Fatais";"Amanhecer";"Crescente";"Céu Claro";"Simples";"Curva";"Não";1;1;0;0;0;0;0;1;-21,21860498;-42,39225715;"SPRF-MG";"DEL07-MG";"UOP02-DEL07-MG"
337677;2021-01-31;"domingo";"07:00:00";"CE";222;1,9;"FORTALEZA";"Condutor deixou de manter distância do veículo da frente";"Colisão traseira";"Com Vítimas Feridas";"Pleno dia";"Crescente";"Céu Claro";"Dupla";"Reta";"Sim";3;0;1;0;2;0;1;3;-3,737804;-38,578061;"SPRF-CE";"DEL01-CE";"UOP01-DEL01-CE"
337679;2021-01-28;"quinta-feira";"03:30:00";"PR";153;39,5;"SANTO ANTONIO DA PLATINA";"Velocidade Incompatível";"Saída de leito carroçável";"Com Vítimas Feridas";"Plena Noite";"Crescente";"Chuva";"Simples";"Rotatória";"Não";2;0;2;0;0;0;2;1;-23,27231767;-50,05734289;"SPRF-PR";"DEL07-PR";"UOP04-DEL07-PR"
337680;2021-01-30;"sábado";"23:00:00";"BA";110;383;"CATU";"Condutor Dormindo";"Saída de leito carroçável";"Com Vítimas Fatais";"Plena Noite";"Crescente";"Céu Claro";"Simples";"Curva";"Não";3;2;0;0;0;1;0;1;-12,414;-38,473;"SPRF-BA";"DEL01-BA";"UOP01-DEL01-BA"
337681;2021-01-31;"domingo";"07:00:00";"MG";262;370;"JUATUBA";"Velocidade Incompatível";"Saída de leito carroçável";"Sem Vítimas";"Pleno dia";"Decrescente";"Céu Claro";"Dupla";"Curva";"Não";1;0;0;0;0;1;0;1;-19,97222641;-44,29910985;"SPRF-MG";"DEL01-MG";"UOP03-DEL01-MG"
337682;2021-01-31;"domingo";"09:30:00";"PB";230;70,2;"SOBRADO";"Demais falhas na via";"Capotamento";"Com Vítimas Feridas";"Pleno dia";"Decrescente";"Céu Claro";"Simples";"Reta";"Sim";1;0;1;0;0;0;1;1;-7,1919;-35,2261;"SPRF-PB";"DEL01-PB";"UOP03-DEL01-PB"
337684;2021-01-31;"domingo";"09:20:00";"RJ";116;110;"GUAPIMIRIM";"Velocidade Incompatível";"Colisão traseira";"Com Vítimas Fatais";"Pleno dia";"Decrescente";"Céu Claro";"Dupla";"Reta";"Não";3;1;0;1;1;0;1;2;-22,55073275;-42,98968744;"SPRF-RJ";"DEL04-RJ";"UOP02-DEL04-RJ"
337687;2021-01-31;"domingo";"06:45:00";"RS";290;96,5;"PORTO ALEGRE";"Avarias e/ou desgaste excessivo no pneu";"Saída de leito carroçável";"Sem Vítimas";"Pleno dia";"Decrescente";"Nublado";"Dupla";"Reta";"Sim";1;0;0;0;0;1;0;1;-29,992107;-51,204525;"SPRF-RS";"DEL01-RS";"UOP01-DEL01-RS"
337689;2021-01-31;"domingo";"09:30:00";"CE";116;44;"HORIZONTE";"Acessar a via sem observar a presença dos outros veículos";"Colisão traseira";"Com Vítimas Feridas";"Pleno dia";"Decrescente";"Céu Claro";"Dupla";"Reta";"Sim";4;0;2;0;2;0;2;3;-4,12328084;-38,48614261;"SPRF-CE";"DEL01-CE";"UOP02-DEL01-CE"
337690;2021-01-31;"domingo";"09:25:00";"MS";163;0,9;"MUNDO NOVO";"Ultrapassagem Indevida";"Colisão frontal";"Com Vítimas Fatais";"Pleno dia";"Decrescente";"Chuva";"Simples";"Reta";"Não";2;1;1;0;0;0;1;2;-24,03924443;-54,27975143;"SPRF-MS";"DEL09-MS";"UOP02-DEL09-MS"
337692;2021-01-31;"domingo";"10:10:00";"CE";116;9;"FORTALEZA";"Pedestre cruzava a pista fora da faixa";"Atropelamento de Pedestre";"Com Vítimas Feridas";"Pleno dia";"Decrescente";"Sol";"Múltipla";"Reta";"Sim";2;0;1;1;0;0;2;2;-3,83143005;-38,50465113;"SPRF-CE";"DEL01-CE";"UOP02-DEL01-CE"
337694;2021-01-07;"quinta-feira";"17:50:00";"SC";470;129;"LONTRAS";"Desrespeitar a preferência no cruzamento";"Colisão transversal";"Com Vítimas Feridas";"Pleno dia";"Decrescente";"Céu Claro";"Simples";"Interseção de Vias";"Não";2;0;0;1;0;1;1;2;-27,148499;-49,556137;"SPRF-SC";"DEL04-SC";"UOP02-DEL04-SC"
337695;2021-01-31;"domingo";"11:05:00";"PE";232;7;"RECIFE";"Ausência de reação do condutor";"Colisão com objeto";"Com Vítimas Feridas";"Pleno dia";"Decrescente";"Sol";"Dupla";"Reta";"Sim";3;0;2;0;1;0;2;2;-8,07333497;-34,96184301;"SPRF-PE";"DEL01-PE";"UOP01-DEL01-PE"
337697;2021-01-31;"domingo";"08:20:00";"ES";262;133;"BREJETUBA";"Desrespeitar a preferência no cruzamento";"Colisão transversal";"Com Vítimas Fatais";"Pleno dia";"Crescente";"Sol";"Simples";"Interseção de Vias";"Não";2;1;0;0;1;0;0;2;-20,24395403;-41,31727776;"SPRF-ES";"DEL01-ES";"UOP02-DEL01-ES"
337698;2021-01-31;"domingo";"10:20:00";"RN";101;97;"NATAL";"Condutor deixou de manter distância do veículo da frente";"Colisão traseira";"Sem Vítimas";"Pleno dia";"Crescente";"Céu Claro";"Dupla";"Reta";"Sim";2;0;0;0;2;0;0;2;-5,87;-35,22;"SPRF-RN";"DEL01-RN";"UOP01-DEL01-RN"
337700;2021-01-31;"domingo";"12:15:00";"GO";60;193;"GUAPO";"Condutor Dormindo";"Capotamento";"Com Vítimas Feridas";"Pleno dia";"Decrescente";"Céu Claro";"Dupla";"Reta";"Não";1;0;1;0;0;0;1;1;-16,8479;-49,5584;"SPRF-GO";"DEL01-GO";"UOP02-DEL01-GO"
337704;2021-01-31;"domingo";"11:40:00";"PR";376;502,8;"PONTA GROSSA";"Obstrução na via";"Colisão traseira";"Sem Vítimas";"Pleno dia";"Decrescente";"Nublado";"Dupla";"Reta";"Sim";2;0;0;0;2;0;0;2;-25,171783;-50,106849;"SPRF-PR";"DEL03-PR";"UOP04-DEL03-PR"
337705;2021-01-31;"domingo";"11:45:00";"MT";364;290;"JACIARA";"Pista Escorregadia";"Saída de leito carroçável";"Com Vítimas Feridas";"Pleno dia";"Decrescente";"Nublado";"Dupla";"Curva";"Não";2;0;1;0;1;0;1;1;-15,90475053;-55,09158825;"SPRF-MT";"DEL05-MT";"UOP02-DEL05-MT"
337706;2021-01-31;"domingo";"09:00:00";"PR";476;160;"ARAUCARIA";"Avarias e/ou desgaste excessivo no pneu";"Saída de leito carroçável";"Sem Vítimas";"Pleno dia";"Crescente";"Sol";"Simples";"Reta";"Não";1;0;0;0;1;0;0;1;-25,619013;-49,440125;"SPRF-PR";"DEL01-PR";"UOP03-DEL01-PR"
337707;2021-01-31;"domingo";"12:00:00";"CE";116;3,1;"FORTALEZA";"Objeto estático sobre o leito carroçável";"Colisão lateral";"Com Vítimas Feridas";"Pleno dia";"Crescente";"Sol";"Dupla";"Aclive;Curva;Viaduto";"Sim";3;0;1;0;2;0;1;2;-3,78059044;-38,51557916;"SPRF-CE";"DEL01-CE";"UOP02-DEL01-CE"
337708;2021-01-31;"domingo";"13:30:00";"BA";324;555;"AMELIA RODRIGUES";"Velocidade Incompatível";"Capotamento";"Com Vítimas Feridas";"Pleno dia";"Crescente";"Nublado";"Dupla";"Reta";"Não";2;0;1;0;1;0;1;1;-12,46574407;-38,68963508;"SPRF-BA";"DEL01-BA";"UOP03-DEL01-BA"
337709;2021-01-31;"domingo";"13:40:00";"MG";381;485;"BETIM";"Acessar a via sem observar a presença dos outros veículos";"Colisão lateral mesmo sentido";"Com Vítimas Feridas";"Pleno dia";"Crescente";"Sol";"Múltipla";"Reta;Aclive";"Sim";2;0;1;0;1;0;1;2;-19,95659361;-44,12622893;"SPRF-MG";"DEL01-MG";"UOP03-DEL01-MG"
337710;2021-01-31;"domingo";"13:30:00";"MG";381;485,1;"BETIM";"Condutor deixou de manter distância do veículo da frente";"Colisão traseira";"Com Vítimas Feridas";"Pleno dia";"Crescente";"Céu Claro";"Múltipla";"Reta";"Sim";3;0;1;0;2;0;1;2;-19,95592351;-44,10392761;"SPRF-MG";"DEL01-MG";"UOP03-DEL01-MG"
337712;2021-01-31;"domingo";"13:20:00";"MT";70;556;"NOSSA SENHORA DO LIVRAMENTO";"Demais falhas mecânicas ou elétricas";"Incêndio";"Sem Vítimas";"Pleno dia";"Decrescente";"Céu Claro";"Simples";"Reta";"Não";1;0;0;0;0;1;0;1;-15,68474514;-56,36215991;"SPRF-MT";"DEL03-MT";"UOP02-DEL03-MT"
337713;2021-01-31;"domingo";"14:23:00";"SP";101;41;"UBATUBA";"Reação tardia ou ineficiente do condutor";"Colisão lateral mesmo sentido";"Com Vítimas Feridas";"Pleno dia";"Crescente";"Céu Claro";"Simples";"Reta";"Não";3;0;3;0;0;0;3;2;-23,41971433;-45,0428663;"SPRF-SP";"DEL06-SP";"UOP01-DEL06-SP"
337715;2021-01-31;"domingo";"14:00:00";"MG";262;371,4;"JUATUBA";"Manobra de mudança de faixa";"Colisão lateral mesmo sentido";"Com Vítimas Feridas";"Pleno dia";"Decrescente";"Céu Claro";"Dupla";"Curva";"Não";4;0;1;0;3;0;1;4;-19,97212126;-44,30817896;"SPRF-MG";"DEL01-MG";"UOP03-DEL01-MG"
337718;2021-01-31;"domingo";"12:20:00";"SC";470;43,8;"GASPAR";"Objeto estático sobre o leito carroçável";"Colisão com objeto";"Com Vítimas Feridas";"Pleno dia";"Crescente";"Sol";"Múltipla";"Desvio Temporário;Reta";"Sim";1;0;0;1;0;0;1;1;-26,874519;-49,013454;"SPRF-SC";"DEL04-SC";"UOP01-DEL04-SC"
337719;2021-01-31;"domingo";"14:28:00";"PR";277;715,2;"SANTA TEREZINHA DE ITAIPU";"Ingestão de álcool pelo condutor";"Colisão traseira";"Sem Vítimas";"Pleno dia";"Crescente";"Nublado";"Dupla";"Reta";"Não";2;0;0;0;1;1;0;2;-25,46882758;-54,45810922;"SPRF-PR";"DEL05-PR";"UOP01-DEL05-PR"
337722;2021-01-31;"domingo";"14:45:00";"RN";101;78;"NATAL";"Condutor deixou de manter distância do veículo da frente";"Colisão traseira";"Sem Vítimas";"Pleno dia";"Crescente";"Sol";"Dupla";"Retorno Regulamentado";"Sim";1;0;0;0;1;0;0;1;-5,74659899;-35,28977676;"SPRF-RN";"DEL02-RN";"UOP01-DEL02-RN"
337724;2021-01-31;"domingo";"14:50:00";"MT";158;760,6;"BARRA DO GARCAS";"Condutor Dormindo";"Saída de leito carroçável";"Com Vítimas Feridas";"Pleno dia";"Decrescente";"Céu Claro";"Simples";"Reta";"Não";3;0;3;0;0;0;3;1;-15,579607;-52,20589108;"SPRF-MT";"DEL07-MT";"UOP01-DEL07-MT"
337725;2021-01-31;"domingo";"14:25:00";"RJ";101;264;"RIO BONITO";"Condutor usando celular";"Saída de leito carroçável";"Sem Vítimas";"Pleno dia";"Crescente";"Céu Claro";"Dupla";"Reta";"Não";3;0;0;0;3;0;0;1;-22,71818337;-42,63600702;"SPRF-RJ";"DEL02-RJ";"UOP03-DEL02-RJ"
337726;2021-01-31;"domingo";"14:30:00";"SP";381;36;"ATIBAIA";"Condutor deixou de manter distância do veículo da frente";"Colisão lateral";"Com Vítimas Feridas";"Pleno dia";"Crescente";"Céu Claro";"Dupla";"Declive";"Sim";3;0;1;0;1;1;1;2;-23,09707232;-46,57180706;"SPRF-SP";"DEL03-SP";"UOP01-DEL03-SP"
337727;2021-01-31;"domingo";"15:20:00";"RJ";101;271;"RIO BONITO";"Condutor deixou de manter distância do veículo da frente";"Saída de leito carroçável";"Com Vítimas Feridas";"Pleno dia";"Decrescente";"Céu Claro";"Dupla";"Reta";"Sim";2;0;1;0;1;0;1;1;-22,72443147;-42,69368143;"SPRF-RJ";"DEL02-RJ";"UOP03-DEL02-RJ"
337728;2021-01-06;"quarta-feira";"20:00:00";"PA";308;195,5;"BRAGANCA";"Transitar na contramão";"Colisão frontal";"Com Vítimas Feridas";"Plena Noite";"Crescente";"Céu Claro";"Simples";"Reta";"Não";3;0;1;2;0;0;3;2;-1,06968801;-46,839318;"SPRF-PA";"DEL01-PA";"UOP03-DEL01-PA"
337730;2021-01-31;"domingo";"15:45:00";"PR";277;23;"MORRETES";"Avarias e/ou desgaste excessivo no pneu";"Saída de leito carroçável";"Com Vítimas Feridas";"Pleno dia";"Decrescente";"Céu Claro";"Dupla";"Reta;Retorno Regulamentado";"Não";2;0;1;0;1;0;1;1;-25,528907;-48,733821;"SPRF-PR";"DEL01-PR";"UOP05-DEL01-PR"
337731;2021-01-31;"domingo";"15:30:00";"PE";428;184,3;"PETROLINA";"Ultrapassagem Indevida";"Colisão transversal";"Com Vítimas Feridas";"Pleno dia";"Decrescente";"Céu Claro";"Simples";"Rotatória;Reta";"Sim";5;0;1;1;3;0;2;4;-9,34327647;-40,47187328;"SPRF-PE";"DEL06-PE";"UOP01-DEL06-PE"
337732;2021-01-31;"domingo";"15:39:00";"SC";101;119,3;"ITAJAI";"Condutor deixou de manter distância do veículo da frente";"Colisão traseira";"Com Vítimas Feridas";"Pleno dia";"Decrescente";"Céu Claro";"Múltipla";"Reta";"Não";2;0;1;0;1;0;1;2;-26,9043179;-48,71555481;"SPRF-SC";"DEL04-SC";"UOP04-DEL04-SC"
337733;2021-01-31;"domingo";"15:00:00";"RO";319;62;"PORTO VELHO";"Acessar a via sem observar a presença dos outros veículos";"Colisão lateral mesmo sentido";"Com Vítimas Feridas";"Pleno dia";"Decrescente";"Céu Claro";"Dupla";"Interseção de Vias";"Sim";3;0;0;1;1;1;1;3;-8,74807181;-63,8881588;"SPRF-RO";"DEL01-RO";"UOP01-DEL01-RO"
337736;2021-01-31;"domingo";"15:30:00";"DF";20;17;"BRASILIA";"Acessar a via sem observar a presença dos outros veículos";"Colisão transversal";"Com Vítimas Feridas";"Pleno dia";"Decrescente";"Céu Claro";"Dupla";"Interseção de Vias";"Não";6;0;3;3;0;0;6;2;-15,61559733;-47,70684242;"SPRF-DF";"DEL02-DF";"UOP01-DEL02-DF"
337738;2021-01-31;"domingo";"16:30:00";"MG";40;561;"NOVA LIMA";"Reação tardia ou ineficiente do condutor";"Colisão traseira";"Com Vítimas Feridas";"Pleno dia";"Decrescente";"Nublado";"Dupla";"Reta";"Não";6;0;3;0;3;0;3;4;-20,13588082;-43,96237943;"SPRF-MG";"DEL01-MG";"UOP02-DEL01-MG"