"id";"data_inversa";"dia_semana";"horario";"uf";"br";"km";"municipio";"causa_acidente";"tipo_acidente";"classificacao_acidente";"fase_dia";"sentido_via";"condicao_metereologica";"tipo_pista";"tracado_via";"uso_solo";"pessoas";"mortos";"feridos_leves";"feridos_graves";"ilesos";"ignorados";"feridos";"veiculos";"latitude";"longitude";"regional";"delegacia";"uop"
338296;2021-02-03;"quarta-feira";"08:40:00";"MG";459;103,3;"POUSO ALEGRE";"Velocidade Incompatível";"Tombamento";"Com Vítimas Feridas";"Pleno dia";"Crescente";"Céu Claro";"Dupla";"Curva;Aclive";"Não";3;0;1;0;0;2;1;2;-22,23135785;-45,9004283;"SPRF-MG";"DEL16-MG";"UOP01-DEL16-MG"
338297;2021-02-03;"quarta-feira";"08:20:00";"RJ";116;317;"ITATIAIA";"Transitar na contramão";"Colisão frontal";"Com Vítimas Feridas";"Pleno dia";"Decrescente";"Céu Claro";"Simples";"Reta";"Não";4;0;0;2;2;0;2;2;-22,46708478;-44,50067002;"SPRF-RJ";"DEL07-RJ";"UOP02-DEL07-RJ"
338298;2021-02-03;"quarta-feira";"07:00:00";"GO";414;367,3;"COCALZINHO DE GOIAS";"Acumulo de água sobre o pavimento";"Saída de leito carroçável";"Com Vítimas Feridas";"Pleno dia";"Decrescente";"Nublado";"Simples";"Curva";"Não";2;0;1;0;1;0;1;1;-15,746268;-48,72468901;"SPRF-GO";"DEL02-GO";"UOP01-DEL02-GO"
338299;2021-02-03;"quarta-feira";"11:15:00";"MG";381;747,8;"TRES CORACOES";"Reação tardia ou ineficiente do condutor";"Colisão com objeto";"Com Vítimas Feridas";"Pleno dia";"Crescente";"Céu Claro";"Dupla";"Reta";"Não";4;0;4;0;0;0;4;1;-21,62636894;-45,269279;"SPRF-MG";"DEL16-MG";"UOP02-DEL16-MG"
338302;2021-02-03;"quarta-feira";"10:35:00";"MT";163;953;"NOVA SANTA HELENA";"Demais falhas mecânicas ou elétricas";"Saída de leito carroçável";"Com Vítimas Feridas";"Pleno dia";"Decrescente";"Nublado";"Simples";"Curva";"Não";1;0;1;0;0;0;1;1;-10,869014;-55,195945;"SPRF-MT";"DEL06-MT";"NPF/DEL06-MT"
338305;2021-02-03;"quarta-feira";"09:25:00";"SC";280;30,2;"ARAQUARI";"Acessar a via sem observar a presença dos outros veículos";"Colisão transversal";"Com Vítimas Feridas";"Pleno dia";"Decrescente";"Céu Claro";"Simples";"Reta";"Sim";2;0;1;0;1;0;1;2;-26,414616;-48,763817;"SPRF-SC";"DEL03-SC";"UOP03-DEL03-SC"
338308;2021-02-03;"quarta-feira";"11:50:00";"PE";232;137;"CARUARU";"Manobra de mudança de faixa";"Colisão transversal";"Com Vítimas Fatais";"Pleno dia";"Decrescente";"Céu Claro";"Dupla";"Reta";"Não";3;1;0;1;1;0;1;2;-8,31589863;-36,05040211;"SPRF-PE";"DEL02-PE";"UOP03-DEL02-PE"
338309;2021-02-03;"quarta-feira";"12:10:00";"PB";230;8;"CABEDELO";"Acessar a via sem observar a presença dos outros veículos";"Colisão transversal";"Com Vítimas Feridas";"Pleno dia";"Decrescente";"Céu Claro";"Dupla";"Em Obras";"Sim";2;0;1;0;1;0;1;2;-7,0355;-34,8429;"SPRF-PB";"DEL01-PB";"UOP01-DEL01-PB"
338310;2021-02-03;"quarta-feira";"12:10:00";"PR";369;142,3;"IBIPORA";"Pedestre cruzava a pista fora da faixa";"Atropelamento de Pedestre";"Com Vítimas Feridas";"Pleno dia";"Crescente";"Céu Claro";"Simples";"Reta";"Sim";2;0;0;1;1;0;1;2;-23,28315988;-51,07104063;"SPRF-PR";"DEL07-PR";"UOP01-DEL07-PR"
338311;2021-02-03;"quarta-feira";"12:25:00";"CE";116;3;"FORTALEZA";"Condutor deixou de manter distância do veículo da frente";"Colisão traseira";"Com Vítimas Feridas";"Pleno dia";"Crescente";"Céu Claro";"Dupla";"Reta";"Sim";2;0;0;1;1;0;1;2;-3,77866493;-38,51490171;"SPRF-CE";"DEL01-CE";"UOP02-DEL01-CE"
338313;2021-02-03;"quarta-feira";"13:00:00";"SC";470;71,1;"INDAIAL";"Acesso irregular";"Colisão transversal";"Com Vítimas Feridas";"Pleno dia";"Crescente";"Nublado";"Simples";"Em Obras";"Sim";2;0;1;0;1;0;1;2;-26,895243;-49,262104;"SPRF-SC";"DEL04-SC";"UOP01-DEL04-SC"
338315;2021-02-03;"quarta-feira";"13:30:00";"ES";101;159,2;"LINHARES";"Desrespeitar a preferência no cruzamento";"Colisão transversal";"Com Vítimas Feridas";"Pleno dia";"Crescente";"Céu Claro";"Simples";"Interseção de Vias";"Sim";2;0;0;1;1;0;1;2;-19,4684012;-40,1102557;"SPRF-ES";"DEL04-ES";"UOP01-DEL04-ES"
338316;2021-02-03;"quarta-feira";"13:10:00";"BA";101;280;"LAJE";"Acumulo de água sobre o pavimento";"Capotamento";"Com Vítimas Feridas";"Pleno dia";"Decrescente";"Chuva";"Simples";"Reta";"Não";4;0;3;0;1;0;3;1;-13,0863096;-39,2808858;"SPRF-BA";"DEL01-BA";"UOP02-DEL01-BA"
338317;2021-02-03;"quarta-feira";"13:20:00";"BA";101;277;"LAJE";"Ausência de reação do condutor";"Colisão traseira";"Sem Vítimas";"Pleno dia";"Crescente";"Chuva";"Simples";"Declive";"Sim";2;0;0;0;1;1;0;2;-13,15872508;-39,30239337;"SPRF-BA";"DEL01-BA";"UOP02-DEL01-BA"
338319;2021-02-03;"quarta-feira";"11:55:00";"PR";376;355;"ORTIGUEIRA";"Acessar a via sem observar a presença dos outros veículos";"Colisão transversal";"Com Vítimas Feridas";"Pleno dia";"Crescente";"Sol";"Simples";"Reta";"Não";3;0;1;0;2;0;1;2;-24,278906;-50,885281;"SPRF-PR";"DEL07-PR";"UOP03-DEL07-PR"
338320;2021-02-03;"quarta-feira";"13:09:00";"RN";226;4;"NATAL";"Acessar a via sem observar a presença dos outros veículos";"Colisão transversal";"Com Vítimas Feridas";"Pleno dia";"Decrescente";"Céu Claro";"Simples";"Curva";"Sim";2;0;1;0;1;0;1;2;-5,81922512;-35,26339889;"SPRF-RN";"DEL01-RN";"UOP02-DEL01-RN"
338321;2021-02-03;"quarta-feira";"12:40:00";"MT";364;393;"CUIABA";"Condutor Dormindo";"Saída de leito carroçável";"Com Vítimas Feridas";"Pleno dia";"Crescente";"Céu Claro";"Dupla";"Reta";"Não";2;0;1;1;0;0;2;1;-15,68021428;-55,92742866;"SPRF-MT";"DEL01-MT";"UOP02-DEL01-MT"
338324;2021-02-03;"quarta-feira";"13:40:00";"PR";153;477;"PORTO VITORIA";"Demais falhas mecânicas ou elétricas";"Incêndio";"Sem Vítimas";"Pleno dia";"Crescente";"Céu Claro";"Simples";"Reta";"Não";1;0;0;0;1;0;0;1;-26,16260985;-51,22429937;"SPRF-PR";"DEL02-PR";"UOP03-DEL02-PR"
338325;2021-02-03;"quarta-feira";"13:30:00";"RS";290;448,7;"SAO GABRIEL";"Velocidade Incompatível";"Saída de leito carroçável";"Com Vítimas Feridas";"Pleno dia";"Crescente";"Chuva";"Simples";"Curva";"Não";2;0;2;0;0;0;2;1;-30,246874;-54,597851;"SPRF-RS";"DEL11-RS";"UOP02-DEL11-RS"
338326;2021-02-03;"quarta-feira";"14:20:00";"PR";277;79,2;"CURITIBA";"Condutor deixou de manter distância do veículo da frente";"Colisão traseira";"Com Vítimas Feridas";"Pleno dia";"Crescente";"Céu Claro";"Dupla";"Reta";"Sim";4;0;1;0;2;1;1;3;-25,47148351;-49,21257019;"SPRF-PR";"DEL01-PR";"UOP01-DEL01-PR"
338327;2021-02-03;"quarta-feira";"06:00:00";"MG";40;505,3;"RIBEIRAO DAS NEVES";"Reação tardia ou ineficiente do condutor";"Saída de leito carroçável";"Com Vítimas Feridas";"Amanhecer";"Crescente";"Céu Claro";"Dupla";"Reta";"Não";3;0;3;0;0;0;3;1;-19,73838088;-44,14935661;"SPRF-MG";"DEL02-MG";"UOP01-DEL02-MG"
338328;2021-02-03;"quarta-feira";"11:57:00";"MG";381;510;"SAO JOAQUIM DE BICAS";"Velocidade Incompatível";"Capotamento";"Sem Vítimas";"Pleno dia";"Decrescente";"Céu Claro";"Dupla";"Reta";"Sim";3;0;0;0;0;3;0;2;-20,07738209;-44,30434488;"SPRF-MG";"DEL01-MG";"UOP03-DEL01-MG"
338329;2021-02-03;"quarta-feira";"08:20:00";"ES";262;177;"IBATIBA";"Mal súbito do condutor";"Queda de ocupante de veículo";"Sem Vítimas";"Pleno dia";"Crescente";"Céu Claro";"Simples";"Reta";"Não";1;0;0;0;0;1;0;1;-20,28062181;-41,64687634;"SPRF-ES";"DEL01-ES";"UOP02-DEL01-ES"
338332;2021-02-03;"quarta-feira";"14:10:00";"MT";158;570;"AGUA BOA";"Ingestão de álcool pelo condutor";"Saída de leito carroçável";"Sem Vítimas";"Pleno dia";"Decrescente";"Sol";"Simples";"Curva";"Sim";1;0;0;0;1;0;0;1;-14,07336599;-52,15323316;"SPRF-MT";"DEL07-MT";"UOP02-DEL07-MT"
338333;2021-02-03;"quarta-feira";"12:10:00";"RO";364;345;"JI-PARANA";"Deficiência do Sistema de Iluminação/Sinalização";"Colisão transversal";"Com Vítimas Feridas";"Pleno dia";"Decrescente";"Céu Claro";"Dupla";"Interseção de Vias";"Sim";2;0;1;0;1;0;1;2;-10,87030131;-61,95769787;"SPRF-RO";"DEL02-RO";"UOP01-DEL02-RO"
338334;2021-02-03;"quarta-feira";"09:00:00";"MG";50;176;"UBERABA";"Condutor deixou de manter distância do veículo da frente";"Colisão traseira";"Com Vítimas Feridas";"Pleno dia";"Decrescente";"Céu Claro";"Dupla";"Reta";"Sim";2;0;1;0;1;0;1;2;-19,77919981;-47,960032;"SPRF-MG";"DEL13-MG";"UOP01-DEL13-MG"
338336;2021-02-03;"quarta-feira";"15:15:00";"PR";376;137,9;"NOVA ESPERANCA";"Condutor Dormindo";"Saída de leito carroçável";"Com Vítimas Feridas";"Pleno dia";"Decrescente";"Nublado";"Dupla";"Reta";"Não";2;0;2;0;0;0;2;1;-23,21631106;-52,18536405;"SPRF-PR";"DEL09-PR";"UOP02-DEL09-PR"
338338;2021-02-03;"quarta-feira";"15:00:00";"PI";316;4,1;"TERESINA";"Ingestão de álcool pelo condutor";"Colisão lateral mesmo sentido";"Sem Vítimas";"Pleno dia";"Decrescente";"Céu Claro";"Múltipla";"Curva";"Sim";2;0;0;0;2;0;0;2;-5,13655894;-42,78900388;"SPRF-PI";"DEL01-PI";"UOP02-DEL01-PI"
338340;2021-02-03;"quarta-feira";"14:00:00";"SC";101;76,6;"ARAQUARI";"Reação tardia ou ineficiente do condutor";"Saída de leito carroçável";"Com Vítimas Feridas";"Pleno dia";"Decrescente";"Sol";"Dupla";"Curva";"Não";1;0;1;0;0;0;1;1;-26,55954801;-48,72063404;"SPRF-SC";"DEL03-SC";"UOP02-DEL03-SC"
338342;2021-02-03;"quarta-feira";"14:30:00";"SC";101;318;"LAGUNA";"Obras na pista";"Colisão traseira";"Com Vítimas Feridas";"Pleno dia";"Decrescente";"Céu Claro";"Dupla";"Reta";"Sim";2;0;1;0;1;0;1;2;-28,4266481;-48,86160099;"SPRF-SC";"DEL02-SC";"UOP01-DEL02-SC"
338348;2021-02-03;"quarta-feira";"15:32:00";"RN";101;112,2;"SAO JOSE DE MIPIBU";"Manobra de mudança de faixa";"Colisão lateral";"Com Vítimas Feridas";"Pleno dia";"Crescente";"Céu Claro";"Dupla";"Reta";"Não";3;0;1;1;1;0;2;2;-5,96429;-35,264877;"SPRF-RN";"DEL01-RN";"UOP01-DEL01-RN"
338350;2021-02-03;"quarta-feira";"15:00:00";"SC";101;140;"BALNEARIO CAMBORIU";"Acumulo de óleo sobre o pavimento";"Tombamento";"Com Vítimas Feridas";"Pleno dia";"Crescente";"Céu Claro";"Simples";"Viaduto";"Sim";1;0;1;0;0;0;1;1;-27,03881189;-48,60025148;"SPRF-SC";"DEL04-SC";"UOP03-DEL04-SC"
338352;2021-02-03;"quarta-feira";"15:40:00";"PR";277;584,9;"CASCAVEL";"Acessar a via sem observar a presença dos outros veículos";"Colisão transversal";"Com Vítimas Feridas";"Pleno dia";"Decrescente";"Nublado";"Simples";"Reta";"Sim";2;0;1;0;1;0;1;2;-24,96684176;-53,40258186;"SPRF-PR";"DEL04-PR";"UOP01-DEL04-PR"
338354;2021-02-03;"quarta-feira";"15:30:00";"MS";262;731;"CORUMBA";"Ingestão de álcool pelo condutor";"Saída de leito carroçável";"Com Vítimas Feridas";"Pleno dia";"Decrescente";"Céu Claro";"Simples";"Reta";"Não";5;0;1;1;3;0;2;1;-19,36252172;-57,55156381;"SPRF-MS";"DEL03-MS";"UOP03-DEL03-MS"
338355;2021-02-03;"quarta-feira";"12:40:00";"PB";230;236,1;"JUAZEIRINHO";"Reação tardia ou ineficiente do condutor";"Saída de leito carroçável";"Com Vítimas Feridas";"Pleno dia";"Decrescente";"Céu Claro";"Simples";"Reta";"Não";2;0;1;0;1;0;1;1;-7,0495;-36,5348;"SPRF-PB";"DEL02-PB";"UOP02-DEL02-PB"
338356;2021-02-03;"quarta-feira";"17:10:00";"CE";116;24;"ITAITINGA";"Manobra de mudança de faixa";"Colisão com objeto";"Com Vítimas Feridas";"Pleno dia";"Crescente";"Céu Claro";"Dupla";"Reta";"Sim";2;0;1;0;1;0;1;2;-3,95797982;-38,5131124;"SPRF-CE";"DEL01-CE";"UOP02-DEL01-CE"
338361;2021-02-03;"quarta-feira";"17:15:00";"PR";476;135;"CURITIBA";"Trafegar com motocicleta (ou similar) entre as faixas";"Colisão traseira";"Com Vítimas Feridas";"Pleno dia";"Crescente";"Céu Claro";"Dupla";"Reta";"Sim";2;0;0;1;1;0;1;2;-25,483786;-49,265808;"SPRF-PR";"DEL01-PR";"UOP03-DEL01-PR"
338364;2021-02-03;"quarta-feira";"14:20:00";"RJ";116;228,4;"PIRAI";"Ausência de reação do condutor";"Colisão com objeto";"Sem Vítimas";"Pleno dia";"Crescente";"Céu Claro";"Dupla";"Curva";"Não";1;0;0;0;0;1;0;1;-22,660623;-43,82667;"SPRF-RJ";"DEL07-RJ";"UOP01-DEL07-RJ"
338366;2021-02-03;"quarta-feira";"17:20:00";"DF";70;8;"BRASILIA";"Acessar a via sem observar a presença dos outros veículos";"Colisão traseira";"Com Vítimas Feridas";"Pleno dia";"Decrescente";"Chuva";"Dupla";"Reta";"Sim";2;0;1;0;1;0;1;2;-15,784966;-48,122108;"SPRF-DF";"DEL03-DF";"UOP02-DEL03-DF"
338367;2021-01-23;"sábado";"01:48:00";"PR";116;125;"FAZENDA RIO GRANDE";"Conversão proibida";"Colisão lateral";"Com Vítimas Feridas";"Pleno dia";"Decrescente";"Garoa/Chuvisco";"Dupla";"Reta";"Sim";2;0;1;0;1;0;1;2;-25,59505309;-49,31630659;"SPRF-PR";"DEL01-PR";"UOP03-DEL01-PR"
338368;2021-02-03;"quarta-feira";"17:30:00";"RS";386;435,5;"NOVA SANTA RITA";"Acessar a via sem observar a presença dos outros veículos";"Colisão traseira";"Com Vítimas Feridas";"Pleno dia";"Decrescente";"Nublado";"Dupla";"Reta";"Sim";2;0;1;1;0;0;2;2;-29,84860558;-51,26911825;"SPRF-RS";"DEL04-RS";"UOP02-DEL04-RS"
338369;2021-02-03;"quarta-feira";"17:27:00";"CE";116;6,8;"FORTALEZA";"Velocidade Incompatível";"Tombamento";"Com Vítimas Feridas";"Pleno dia";"Decrescente";"Céu Claro";"Dupla";"Reta";"Sim";1;0;1;0;0;0;1;1;-3,802624;-38,50400499;"SPRF-CE";"DEL01-CE";"UOP02-DEL01-CE"
338371;2021-02-03;"quarta-feira";"17:20:00";"RJ";40;111;"DUQUE DE CAXIAS";"Reação tardia ou ineficiente do condutor";"Colisão lateral mesmo sentido";"Com Vítimas Feridas";"Pleno dia";"Crescente";"Céu Claro";"Múltipla";"Reta";"Sim";2;0;1;0;1;0;1;2;-22,691868;-43,287453;"SPRF-RJ";"DEL01-RJ";"UOP01-DEL01-RJ"
338375;2021-02-03;"quarta-feira";"18:45:00";"GO";153;506,8;"APARECIDA DE GOIANIA";"Trafegar com motocicleta (ou similar) entre as faixas";"Colisão traseira";"Com Vítimas Feridas";"Anoitecer";"Decrescente";"Céu Claro";"Dupla";"Declive";"Sim";2;0;1;0;1;0;1;2;-16,7633;-49,24;"SPRF-GO";"DEL01-GO";"UOP01-DEL01-GO"
338376;2021-02-03;"quarta-feira";"17:55:00";"PR";116;131;"FAZENDA RIO GRANDE";"Animais na Pista";"Atropelamento de Animal";"Com Vítimas Feridas";"Pleno dia";"Crescente";"Nublado";"Dupla";"Reta";"Sim";1;0;1;0;0;0;1;1;-25,648307;-49,31251207;"SPRF-PR";"DEL01-PR";"UOP03-DEL01-PR"
338377;2021-02-03;"quarta-feira";"18:10:00";"SC";101;147;"ITAPEMA";"Trafegar com motocicleta (ou similar) entre as faixas";"Colisão lateral mesmo sentido";"Com Vítimas Feridas";"Pleno dia";"Decrescente";"Céu Claro";"Simples";"Reta";"Sim";2;0;1;0;1;0;1;2;-27,09237407;-48,61730888;"SPRF-SC";"DEL04-SC";"UOP03-DEL04-SC"
338378;2021-02-03;"quarta-feira";"17:00:00";"RJ";101;395;"ITAGUAI";"Ingestão de álcool pelo condutor";"Saída de leito carroçável";"Com Vítimas Feridas";"Pleno dia";"Crescente";"Céu Claro";"Dupla";"Reta";"Sim";1;0;1;0;0;0;1;1;-22,88237391;-43,72205597;"SPRF-RJ";"DEL03-RJ";"UOP01-DEL03-RJ"
338380;2021-02-03;"quarta-feira";"18:50:00";"BA";116;10,5;"VITORIA DA CONQUISTA";"Acessar a via sem observar a presença dos outros veículos";"Colisão transversal";"Com Vítimas Feridas";"Plena Noite";"Decrescente";"Céu Claro";"Simples";"Reta";"Sim";3;0;2;0;1;0;2;2;-14,86412;-40,872855;"SPRF-BA";"DEL08-BA";"UOP01-DEL08-BA"
338381;2021-02-03;"quarta-feira";"18:45:00";"PE";232;7;"RECIFE";"Mal súbito do condutor";"Eventos atípicos";"Com Vítimas Feridas";"Plena Noite";"Crescente";"Céu Claro";"Múltipla";"Reta";"Não";4;0;1;1;1;1;2;4;-8,07333497;-34,96184301;"SPRF-PE";"DEL01-PE";"UOP01-DEL01-PE"
338383;2021-02-03;"quarta-feira";"19:15:00";"MG";50;19;"UBERLANDIA";"Acostamento em desnível";"Queda de ocupante de veículo";"Com Vítimas Feridas";"Plena Noite";"Crescente";"Céu Claro";"Simples";"Reta";"Sim";1;0;0;1;0;0;1;1;-18,92793854;-48,19198317;"SPRF-MG";"DEL15-MG";"UOP01-DEL15-MG"
338385;2021-02-03;"quarta-feira";"19:15:00";"CE";222;314,7;"TIANGUA";"Acessar a via sem observar a presença dos outros veículos";"Colisão transversal";"Com Vítimas Feridas";"Plena Noite";"Decrescente";"Céu Claro";"Simples";"Interseção de Vias";"Sim";2;0;1;0;1;0;1;2;-3,73110045;-41,00095099;"SPRF-CE";"DEL04-CE";"UOP02-DEL04-CE"
338386;2021-02-03;"quarta-feira";"16:40:00";"SC";280;12;"SAO FRANCISCO DO SUL";"Manobra de mudança de faixa";"Colisão traseira";"Com Vítimas Feridas";"Pleno dia";"Decrescente";"Céu Claro";"Simples";"Reta";"Não";2;0;1;0;1;0;1;2;-26,31323107;-48,64449483;"SPRF-SC";"DEL03-SC";"UOP03-DEL03-SC"
338387;2021-02-03;"quarta-feira";"19:20:00";"GO";60;101,4;"ANAPOLIS";"Entrada inopinada do pedestre";"Atropelamento de Pedestre";"Com Vítimas Feridas";"Anoitecer";"Decrescente";"Nublado";"Dupla";"Reta";"Sim";4;0;3;0;0;1;3;2;-16,4022;-48,9745;"SPRF-GO";"DEL02-GO";"UOP01-DEL02-GO"
338389;2021-02-03;"quarta-feira";"19:20:00";"PR";476;165;"ARAUCARIA";"Velocidade Incompatível";"Saída de leito carroçável";"Com Vítimas Feridas";"Plena Noite";"Decrescente";"Céu Claro";"Dupla";"Reta";"Não";1;0;1;0;0;0;1;1;-25,643578;-49,472763;"SPRF-PR";"DEL01-PR";"UOP03-DEL01-PR"
338390;2021-02-03;"quarta-feira";"14:00:00";"SC";101;44,4;"JOINVILLE";"Velocidade Incompatível";"Tombamento";"Com Vítimas Feridas";"Pleno dia";"Crescente";"Céu Claro";"Simples";"Reta";"Sim";1;0;1;0;0;0;1;1;-26,31238996;-48,87458997;"SPRF-SC";"DEL03-SC";"UOP01-DEL03-SC"
338391;2021-02-03;"quarta-feira";"19:40:00";"PR";277;80;"CURITIBA";"Ausência de reação do condutor";"Queda de ocupante de veículo";"Com Vítimas Feridas";"Plena Noite";"Decrescente";"Céu Claro";"Dupla";"Reta";"Sim";1;0;1;0;0;0;1;1;-25,568939;-49,181978;"SPRF-PR";"DEL01-PR";"UOP01-DEL01-PR"
338393;2021-01-19;"terça-feira";"05:38:00";"MS";163;258;"DOURADOS";"Desrespeitar a preferência no cruzamento";"Colisão transversal";"Sem Vítimas";"Pleno dia";"Decrescente";"Garoa/Chuvisco";"Simples";"Rotatória";"Sim";2;0;0;0;1;1;0;2;-22,25859;-54,783592;"SPRF-MS";"DEL04-MS";"UOP01-DEL04-MS"
338394;2021-02-03;"quarta-feira";"13:30:00";"DF";70;11,9;"BRASILIA";"Velocidade Incompatível";"Colisão traseira";"Sem Vítimas";"Pleno dia";"Crescente";"Chuva";"Dupla";"Reta";"Sim";2;0;0;0;1;1;0;2;-15,789762;-48,148727;"SPRF-DF";"DEL03-DF";"UOP02-DEL03-DF"
338398;2021-02-03;"quarta-feira";"19:15:00";"MT";163;697;"LUCAS DO RIO VERDE";"Afundamento ou ondulação no pavimento";"Tombamento";"Com Vítimas Feridas";"Plena Noite";"Crescente";"Nublado";"Simples";"Em Obras";"Não";1;0;1;0;0;0;1;1;-13,00279;-55,887719;"SPRF-MT";"DEL06-MT";"UOP01-DEL06-MT"
338399;2021-02-03;"quarta-feira";"19:50:00";"SE";235;51,5;"ITABAIANA";"Acessar a via sem observar a presença dos outros veículos";"Colisão lateral";"Sem Vítimas";"Plena Noite";"Decrescente";"Céu Claro";"Simples";"Reta";"Sim";2;0;0;0;2;0;0;2;-10,700226;-37,431423;"SPRF-SE";"DEL01-SE";"UOP02-DEL01-SE"
338405;2021-02-03;"quarta-feira";"20:10:00";"MT";364;256;"JUSCIMEIRA";"Reação tardia ou ineficiente do condutor";"Saída de leito carroçável";"Com Vítimas Feridas";"Plena Noite";"Crescente";"Céu Claro";"Dupla";"Retorno Regulamentado";"Não";3;0;2;0;1;0;2;1;-16,07280901;-54,87633602;"SPRF-MT";"DEL02-MT";"UOP01-DEL02-MT"
338408;2021-02-03;"quarta-feira";"22:05:00";"DF";20;21;"BRASILIA";"Condutor deixou de manter distância do veículo da frente";"Colisão traseira";"Com Vítimas Feridas";"Plena Noite";"Decrescente";"Nublado";"Dupla";"Reta";"Sim";3;0;1;0;2;0;1;2;-15,603384;-47,684692;"SPRF-DF";"DEL02-DF";"UOP01-DEL02-DF"
338410;2021-02-03;"quarta-feira";"19:30:00";"RS";116;421,9;"CRISTAL";"Ingestão de álcool pelo condutor";"Saída de leito carroçável";"Sem Vítimas";"Plena Noite";"Crescente";"Chuva";"Simples";"Reta";"Não";1;0;0;0;0;1;0;1;-30,96507399;-51,986572;"SPRF-RS";"DEL02-RS";"UOP02-DEL02-RS"
338411;2021-02-03;"quarta-feira";"20:00:00";"ES";101;94,3;"JAGUARE";"Pedestre cruzava a pista fora da faixa";"Atropelamento de Pedestre";"Com Vítimas Feridas";"Plena Noite";"Crescente";"Céu Claro";"Simples";"Reta";"Sim";2;0;0;1;0;1;1;2;-18,93086484;-39,97180828;"SPRF-ES";"DEL04-ES";"UOP02-DEL04-ES"
338413;2021-02-03;"quarta-feira";"21:30:00";"SC";101;151;"ITAPEMA";"Ausência de reação do condutor";"Colisão com objeto";"Sem Vítimas";"Plena Noite";"Crescente";"Céu Claro";"Dupla";"Reta";"Não";1;0;0;0;0;1;0;1;-27,126536;-48,609642;"SPRF-SC";"DEL04-SC";"UOP03-DEL04-SC"
338414;2021-02-03;"quarta-feira";"22:31:00";"PR";476;127;"CURITIBA";"Reação tardia ou ineficiente do condutor";"Queda de ocupante de veículo";"Com Vítimas Feridas";"Plena Noite";"Crescente";"Céu Claro";"Dupla";"Reta";"Sim";1;0;1;0;0;0;1;1;-25,425167;-49,227158;"SPRF-PR";"DEL01-PR";"UOP03-DEL01-PR"
338415;2021-02-03;"quarta-feira";"22:50:00";"GO";153;439,8;"ANAPOLIS";"Ausência de reação do condutor";"Colisão traseira";"Sem Vítimas";"Plena Noite";"Crescente";"Nublado";"Simples";"Reta";"Sim";3;0;0;0;0;3;0;3;-16,298529;-48,928207;"SPRF-GO";"DEL02-GO";"UOP01-DEL02-GO"
338416;2021-02-03;"quarta-feira";"22:15:00";"PR";376;597,5;"CURITIBA";"Velocidade Incompatível";"Colisão com objeto";"Sem Vítimas";"Plena Noite";"Decrescente";"Céu Claro";"Dupla";"Reta";"Sim";2;0;0;0;1;1;0;1;-25,510571;-49,338848;"SPRF-PR";"DEL01-PR";"UOP01-DEL01-PR"
338417;2021-02-03;"quarta-feira";"13:20:00";"RN";101;104;"PARNAMIRIM";"Condutor deixou de manter distância do veículo da frente";"Colisão traseira";"Com Vítimas Feridas";"Pleno dia";"Decrescente";"Céu Claro";"Dupla";"Reta";"Sim";2;0;1;0;1;0;1;2;-5,892745;-35,257225;"SPRF-RN";"DEL01-RN";"UOP01-DEL01-RN"
338419;2021-02-03;"quarta-feira";"22:50:00";"RS";116;245;"SAO LEOPOLDO";"Transitar na contramão";"Colisão frontal";"Com Vítimas Feridas";"Plena Noite";"Crescente";"Nublado";"Simples";"Reta";"Sim";2;0;0;1;0;1;1;2;-29,74980902;-51,15125361;"SPRF-RS";"DEL01-RS";"UOP02-DEL01-RS"
338420;2021-02-03;"quarta-feira";"23:05:00";"RS";392;71,5;"PELOTAS";"Demais falhas mecânicas ou elétricas";"Incêndio";"Sem Vítimas";"Plena Noite";"Crescente";"Chuva";"Simples";"Reta";"Não";1;0;0;0;1;0;0;1;-31,72790198;-52,38685478;"SPRF-RS";"DEL07-RS";"UOP01-DEL07-RS"
338421;2021-02-03;"quarta-feira";"22:50:00";"SC";101;98,8;"BALNEARIO PICARRAS";"Avarias e/ou desgaste excessivo no pneu";"Queda de ocupante de veículo";"Com Vítimas Feridas";"Plena Noite";"Decrescente";"Céu Claro";"Dupla";"Reta";"Não";1;0;1;0;0;0;1;1;-26,73760897;-48,69918789;"SPRF-SC";"DEL03-SC";"UOP02-DEL03-SC"
338422;2021-02-03;"quarta-feira";"23:20:00";"MG";0;0;"SANTA LUZIA";"Reação tardia ou ineficiente do condutor";"Colisão lateral";"Sem Vítimas";"Plena Noite";"Não Informado";"Céu Claro";"Simples";"Reta;Aclive";"Sim";3;0;0;0;3;0;0;2;-19,84164036;-43,86232683;"SPRF-MG";"DEL01-MG";"UOP01-DEL01-MG"
338425;2021-02-03;"quarta-feira";"18:00:00";"DF";80;18;"BRASILIA";"Ingestão de álcool pelo condutor";"Tombamento";"Com Vítimas Feridas";"Anoitecer";"Crescente";"Céu Claro";"Dupla";"Reta";"Não";1;0;1;0;0;0;1;1;-15,684259;-48,205139;"SPRF-DF";"DEL03-DF";"UOP02-DEL03-DF"
338426;2021-02-03;"quarta-feira";"23:00:00";"SC";101;137,7;"BALNEARIO CAMBORIU";"Ingestão de álcool pelo condutor";"Colisão com objeto";"Sem Vítimas";"Plena Noite";"Crescente";"Céu Claro";"Dupla";"Reta";"Sim";1;0;0;0;0;1;0;1;-27,0157238;-48,61192763;"SPRF-SC";"DEL04-SC";"UOP03-DEL04-SC"