"id";"data_inversa";"dia_semana";"horario";"uf";"br";"km";"municipio";"causa_acidente";"tipo_acidente";"classificacao_acidente";"fase_dia";"sentido_via";"condicao_metereologica";"tipo_pista";"tracado_via";"uso_solo";"pessoas";"mortos";"feridos_leves";"feridos_graves";"ilesos";"ignorados";"feridos";"veiculos";"latitude";"longitude";"regional";"delegacia";"uop"
338427;2021-02-03;"quarta-feira";"23:50:00";"BA";116;442;"FEIRA DE SANTANA";"Reação tardia ou ineficiente do condutor";"Colisão com objeto";"Com Vítimas Fatais";"Plena Noite";"Crescente";"Céu Claro";"Dupla";"Reta";"Não";2;1;1;0;0;0;1;1;-12,33676101;-39,07328599;"SPRF-BA";"DEL02-BA";"UOP01-DEL02-BA"
338429;2021-02-03;"quarta-feira";"21:30:00";"MG";40;646,9;"CRISTIANO OTONI";"Demais falhas mecânicas ou elétricas";"Incêndio";"Sem Vítimas";"Plena Noite";"Decrescente";"Céu Claro";"Simples";"Reta";"Não";1;0;0;0;0;1;0;1;-20,79116504;-43,81052251;"SPRF-MG";"DEL05-MG";"UOP02-DEL05-MG"
338435;2021-01-30;"sábado";"18:10:00";"SP";101;43,8;"UBATUBA";"Mal súbito do condutor";"Tombamento";"Com Vítimas Feridas";"Pleno dia";"Decrescente";"Céu Claro";"Simples";"Reta";"Sim";1;0;1;0;0;0;1;1;-23,41217537;-45,05739148;"SPRF-SP";"DEL06-SP";"UOP01-DEL06-SP"
338439;2021-02-04;"quinta-feira";"04:00:00";"SP";381;43;"ATIBAIA";"Condutor Dormindo";"Saída de leito carroçável";"Com Vítimas Feridas";"Plena Noite";"Decrescente";"Céu Claro";"Dupla";"Reta";"Não";1;0;1;0;0;0;1;1;-23,15597105;-46,5740155;"SPRF-SP";"DEL03-SP";"UOP01-DEL03-SP"
338441;2021-02-04;"quinta-feira";"04:15:00";"GO";20;90;"VILA BOA";"Velocidade Incompatível";"Colisão traseira";"Com Vítimas Fatais";"Amanhecer";"Decrescente";"Sol";"Simples";"Reta";"Não";6;2;2;2;0;0;4;1;-15,02026;-47,046417;"SPRF-DF";"DEL02-DF";"UOP01-DEL02-DF"
338443;2021-02-04;"quinta-feira";"06:00:00";"DF";70;19;"BRASILIA";"Condutor deixou de manter distância do veículo da frente";"Colisão traseira";"Com Vítimas Feridas";"Amanhecer";"Decrescente";"Chuva";"Dupla";"Reta";"Sim";3;0;1;0;2;0;1;2;-15,788868;-48,220242;"SPRF-DF";"DEL03-DF";"UOP02-DEL03-DF"
338445;2021-02-04;"quinta-feira";"07:00:00";"ES";101;146,2;"LINHARES";"Reação tardia ou ineficiente do condutor";"Colisão traseira";"Com Vítimas Feridas";"Pleno dia";"Crescente";"Céu Claro";"Dupla";"Reta";"Sim";2;0;1;0;1;0;1;2;-19,36089598;-40,06464018;"SPRF-ES";"DEL04-ES";"UOP01-DEL04-ES"
338446;2021-01-31;"domingo";"18:45:00";"PB";230;467,2;"SOUSA";"Acessar a via sem observar a presença dos outros veículos";"Colisão transversal";"Com Vítimas Feridas";"Plena Noite";"Decrescente";"Nublado";"Simples";"Reta";"Não";3;0;3;0;0;0;3;2;-6,783728;-38,277157;"SPRF-PB";"DEL03-PB";"UOP03-DEL03-PB"
338447;2021-02-03;"quarta-feira";"18:00:00";"RO";364;514;"ARIQUEMES";"Acostamento em desnível";"Saída de leito carroçável";"Com Vítimas Feridas";"Anoitecer";"Decrescente";"Céu Claro";"Simples";"Reta";"Sim";2;0;1;1;0;0;2;1;-9,930649;-63,055042;"SPRF-RO";"DEL03-RO";"UOP01-DEL03-RO"
338448;2021-02-04;"quinta-feira";"07:20:00";"ES";482;8,3;"CACHOEIRO DE ITAPEMIRIM";"Demais falhas mecânicas ou elétricas";"Colisão com objeto";"Com Vítimas Feridas";"Pleno dia";"Decrescente";"Céu Claro";"Simples";"Reta";"Sim";1;0;0;1;0;0;1;1;-20,86597301;-41,11181303;"SPRF-ES";"DEL03-ES";"UOP02-DEL03-ES"
338449;2021-02-04;"quinta-feira";"06:00:00";"SC";101;149;"ITAPEMA";"Condutor deixou de manter distância do veículo da frente";"Colisão traseira";"Com Vítimas Feridas";"Pleno dia";"Crescente";"Céu Claro";"Simples";"Reta";"Sim";2;0;0;1;1;0;1;2;-27,1089649;-48,61277586;"SPRF-SC";"DEL04-SC";"UOP03-DEL04-SC"
338451;2021-02-04;"quinta-feira";"07:14:00";"GO";70;3;"AGUAS LINDAS DE GOIAS";"Condutor deixou de manter distância do veículo da frente";"Colisão traseira";"Com Vítimas Feridas";"Pleno dia";"Decrescente";"Chuva";"Dupla";"Declive";"Sim";2;0;1;0;1;0;1;2;-15,76177302;-48,2368693;"SPRF-DF";"DEL03-DF";"UOP02-DEL03-DF"
338452;2021-02-04;"quinta-feira";"07:40:00";"PR";476;145;"CURITIBA";"Manobra de mudança de faixa";"Colisão lateral";"Com Vítimas Feridas";"Pleno dia";"Crescente";"Céu Claro";"Dupla";"Reta";"Sim";3;0;0;1;2;0;1;2;-25,547749;-49,32095;"SPRF-PR";"DEL01-PR";"UOP03-DEL01-PR"
338455;2021-02-04;"quinta-feira";"07:25:00";"CE";116;16;"ITAITINGA";"Condutor deixou de manter distância do veículo da frente";"Colisão traseira";"Sem Vítimas";"Pleno dia";"Crescente";"Céu Claro";"Dupla";"Reta";"Sim";2;0;0;0;2;0;0;2;-3,88732794;-38,50185439;"SPRF-CE";"DEL01-CE";"UOP02-DEL01-CE"
338458;2021-02-04;"quinta-feira";"07:20:00";"PI";316;15;"TERESINA";"Condutor deixou de manter distância do veículo da frente";"Colisão traseira";"Sem Vítimas";"Pleno dia";"Decrescente";"Céu Claro";"Simples";"Reta";"Sim";2;0;0;0;2;0;0;2;-5,22618889;-42,75017066;"SPRF-PI";"DEL01-PI";"UOP02-DEL01-PI"
338459;2021-02-04;"quinta-feira";"06:45:00";"MG";354;755,7;"ITAMONTE";"Acessar a via sem observar a presença dos outros veículos";"Colisão lateral";"Com Vítimas Feridas";"Pleno dia";"Crescente";"Céu Claro";"Simples";"Reta";"Não";2;0;1;0;1;0;1;2;-22,30998016;-44,85245881;"SPRF-MG";"DEL17-MG";"UOP01-DEL17-MG"
338461;2021-02-04;"quinta-feira";"05:30:00";"SP";381;82;"SAO PAULO";"Velocidade Incompatível";"Colisão lateral";"Sem Vítimas";"Pleno dia";"Crescente";"Céu Claro";"Dupla";"Reta";"Não";2;0;0;0;1;1;0;2;-23,42399;-46,575112;"SPRF-SP";"DEL03-SP";"UOP01-DEL03-SP"
338463;2021-02-04;"quinta-feira";"08:05:00";"MG";40;572,9;"ITABIRITO";"Reação tardia ou ineficiente do condutor";"Queda de ocupante de veículo";"Com Vítimas Feridas";"Pleno dia";"Crescente";"Céu Claro";"Simples";"Reta";"Não";1;0;0;1;0;0;1;1;-20,23844212;-43,96634102;"SPRF-MG";"DEL01-MG";"UOP02-DEL01-MG"
338464;2021-02-04;"quinta-feira";"07:05:00";"SC";280;57,5;"GUARAMIRIM";"Desrespeitar a preferência no cruzamento";"Colisão transversal";"Com Vítimas Feridas";"Pleno dia";"Decrescente";"Sol";"Simples";"Rotatória";"Sim";2;0;1;0;1;0;1;2;-26,47811421;-49,01259213;"SPRF-SC";"DEL03-SC";"UOP03-DEL03-SC"
338465;2021-02-04;"quinta-feira";"08:35:00";"RS";386;292,4;"POUSO NOVO";"Pista Escorregadia";"Saída de leito carroçável";"Com Vítimas Feridas";"Pleno dia";"Decrescente";"Nublado";"Simples";"Aclive;Curva";"Não";2;0;1;0;1;0;1;1;-29,106226;-52,249058;"SPRF-RS";"DEL04-RS";"UOP01-DEL04-RS"
338467;2021-02-04;"quinta-feira";"08:35:00";"RS";290;83,4;"CACHOEIRINHA";"Avarias e/ou desgaste excessivo no pneu";"Tombamento";"Com Vítimas Feridas";"Pleno dia";"Crescente";"Nublado";"Dupla";"Reta";"Sim";1;0;1;0;0;0;1;1;-29,96232285;-51,09489576;"SPRF-RS";"DEL01-RS";"UOP01-DEL01-RS"
338471;2021-02-04;"quinta-feira";"09:15:00";"PB";230;24;"JOAO PESSOA";"Manobra de mudança de faixa";"Colisão transversal";"Com Vítimas Feridas";"Pleno dia";"Decrescente";"Nublado";"Dupla";"Reta";"Sim";4;0;0;1;2;1;1;4;-7,1637;-34,8618;"SPRF-PB";"DEL01-PB";"UOP01-DEL01-PB"
338472;2021-02-04;"quinta-feira";"09:30:00";"ES";101;101,1;"JAGUARE";"Condutor Dormindo";"Colisão traseira";"Com Vítimas Feridas";"Pleno dia";"Decrescente";"Céu Claro";"Simples";"Aclive";"Não";1;0;0;1;0;0;1;1;-18,98833904;-39,99933491;"SPRF-ES";"DEL04-ES";"UOP02-DEL04-ES"
338473;2021-02-04;"quinta-feira";"06:30:00";"MA";135;5;"SAO LUIS";"Manobra de mudança de faixa";"Colisão lateral";"Com Vítimas Feridas";"Pleno dia";"Crescente";"Céu Claro";"Dupla";"Reta";"Sim";3;0;1;0;2;0;1;2;-2,62145385;-44,25797421;"SPRF-MA";"DEL01-MA";"UOP01-DEL01-MA"
338474;2021-02-03;"quarta-feira";"13:40:00";"BA";135;150;"RIACHAO DAS NEVES";"Velocidade Incompatível";"Saída de leito carroçável";"Com Vítimas Feridas";"Pleno dia";"Crescente";"Céu Claro";"Simples";"Reta";"Não";5;0;5;0;0;0;5;1;-11,93771815;-44,89750167;"SPRF-BA";"DEL10-BA";"UOP01-DEL10-BA"
338476;2021-02-04;"quinta-feira";"10:15:00";"MG";262;397,9;"PARA DE MINAS";"Retorno proibido";"Colisão transversal";"Com Vítimas Feridas";"Pleno dia";"Crescente";"Céu Claro";"Dupla";"Reta";"Não";6;0;5;1;0;0;6;2;-19,90483585;-44,51518191;"SPRF-MG";"DEL01-MG";"UOP03-DEL01-MG"
338477;2021-02-04;"quinta-feira";"10:00:00";"SP";153;62;"SAO JOSE DO RIO PRETO";"Condutor deixou de manter distância do veículo da frente";"Colisão traseira";"Com Vítimas Feridas";"Pleno dia";"Crescente";"Céu Claro";"Dupla";"Reta";"Sim";5;0;1;0;4;0;1;5;-20,81325404;-49,35675563;"SPRF-SP";"DEL09-SP";"UOP01-DEL09-SP"
338480;2021-01-13;"quarta-feira";"05:52:00";"DF";60;28,5;"BRASILIA";"Chuva";"Saída de leito carroçável";"Sem Vítimas";"Pleno dia";"Decrescente";"Chuva";"Dupla";"Reta";"Não";1;0;0;0;1;0;0;1;-16,020638;-48,250832;"SPRF-DF";"DEL03-DF";"UOP01-DEL03-DF"
338482;2021-01-24;"domingo";"09:30:00";"SC";101;123;"ITAJAI";"Desrespeitar a preferência no cruzamento";"Colisão transversal";"Com Vítimas Feridas";"Pleno dia";"Crescente";"Chuva";"Múltipla";"Interseção de Vias";"Não";3;0;2;0;1;0;2;2;-26,93735114;-48,69768798;"SPRF-SC";"DEL04-SC";"UOP04-DEL04-SC"
338483;2021-02-04;"quinta-feira";"10:00:00";"SP";488;1,3;"APARECIDA";"Condutor deixou de manter distância do veículo da frente";"Colisão traseira";"Com Vítimas Feridas";"Pleno dia";"Decrescente";"Céu Claro";"Dupla";"Reta";"Sim";2;0;1;0;0;1;1;2;-22,850164;-45,231808;"SPRF-SP";"DEL08-SP";"UOP01-DEL08-SP"
338484;2021-02-04;"quinta-feira";"08:00:00";"CE";20;423;"MARACANAU";"Ausência de reação do condutor";"Colisão traseira";"Com Vítimas Feridas";"Pleno dia";"Crescente";"Céu Claro";"Dupla";"Reta";"Sim";2;0;1;0;1;0;1;2;-3,76999035;-38,67006282;"SPRF-CE";"DEL01-CE";"UOP02-DEL01-CE"
338486;2021-02-04;"quinta-feira";"09:00:00";"SP";116;125,1;"CACAPAVA";"Reação tardia ou ineficiente do condutor";"Engavetamento";"Sem Vítimas";"Pleno dia";"Crescente";"Céu Claro";"Dupla";"Reta";"Não";3;0;0;0;3;0;0;3;-23,09872598;-45,68608201;"SPRF-SP";"DEL02-SP";"UOP02-DEL02-SP"
338488;2021-02-04;"quinta-feira";"10:45:00";"SC";101;123;"ITAJAI";"Velocidade Incompatível";"Colisão transversal";"Com Vítimas Feridas";"Pleno dia";"Crescente";"Céu Claro";"Múltipla";"Interseção de Vias";"Não";4;0;1;1;1;1;2;3;-26,93668609;-48,69876905;"SPRF-SC";"DEL04-SC";"UOP04-DEL04-SC"
338489;2021-02-04;"quinta-feira";"10:50:00";"DF";80;25,3;"BRASILIA";"Estacionar ou parar em local proibido";"Colisão traseira";"Com Vítimas Feridas";"Pleno dia";"Crescente";"Nublado";"Dupla";"Reta;Declive";"Sim";2;0;1;0;1;0;1;2;-15,616355;-48,198828;"SPRF-DF";"DEL03-DF";"UOP02-DEL03-DF"
338491;2021-02-04;"quinta-feira";"11:30:00";"BA";101;283,5;"LAJE";"Reação tardia ou ineficiente do condutor";"Saída de leito carroçável";"Com Vítimas Feridas";"Pleno dia";"Crescente";"Céu Claro";"Simples";"Curva";"Não";5;0;5;0;0;0;5;1;-13,136667;-39,294176;"SPRF-BA";"DEL01-BA";"UOP02-DEL01-BA"
338493;2021-02-04;"quinta-feira";"11:30:00";"CE";116;26;"ITAITINGA";"Transitar na contramão";"Colisão lateral sentido oposto";"Com Vítimas Feridas";"Pleno dia";"Crescente";"Céu Claro";"Dupla";"Viaduto";"Não";2;0;0;1;1;0;1;2;-3,97892599;-38,51517189;"SPRF-CE";"DEL01-CE";"UOP02-DEL01-CE"
338494;2021-02-04;"quinta-feira";"12:40:00";"PE";101;44,2;"IGARASSU";"Desrespeitar a preferência no cruzamento";"Colisão transversal";"Com Vítimas Feridas";"Pleno dia";"Crescente";"Céu Claro";"Múltipla";"Reta;Retorno Regulamentado";"Sim";2;0;0;1;1;0;1;2;-7,85637001;-34,90842109;"SPRF-PE";"DEL01-PE";"UOP02-DEL01-PE"
338498;2021-02-04;"quinta-feira";"13:20:00";"SP";116;206,3;"GUARULHOS";"Reação tardia ou ineficiente do condutor";"Colisão com objeto";"Com Vítimas Feridas";"Pleno dia";"Crescente";"Céu Claro";"Dupla";"Reta";"Não";1;0;0;1;0;0;1;1;-23,41722629;-46,37510292;"SPRF-SP";"DEL01-SP";"UOP01-DEL01-SP"
338499;2021-02-04;"quinta-feira";"13:30:00";"MG";146;509;"POCOS DE CALDAS";"Manobra de mudança de faixa";"Colisão lateral mesmo sentido";"Com Vítimas Feridas";"Pleno dia";"Decrescente";"Nublado";"Simples";"Reta";"Não";3;0;2;0;1;0;2;2;-21,765601;-46,417712;"SPRF-MG";"DEL09-MG";"UOP01-DEL09-MG"
338500;2021-01-03;"domingo";"07:00:00";"PR";116;211,5;"RIO NEGRO";"Ausência de reação do condutor";"Saída de leito carroçável";"Com Vítimas Fatais";"Pleno dia";"Crescente";"Céu Claro";"Simples";"Curva";"Não";1;1;0;0;0;0;0;1;-26,07980928;-49,76934983;"SPRF-SC";"DEL06-SC";"UOP01-DEL06-SC"
338502;2021-02-04;"quinta-feira";"08:30:00";"PR";467;82;"CASCAVEL";"Condutor deixou de manter distância do veículo da frente";"Engavetamento";"Com Vítimas Feridas";"Pleno dia";"Decrescente";"Céu Claro";"Dupla";"Reta";"Não";4;0;1;0;3;0;1;3;-24,8057;-53,6718;"SPRF-PR";"DEL04-PR";"UOP01-DEL04-PR"
338503;2021-02-04;"quinta-feira";"14:00:00";"PR";277;279;"PRUDENTOPOLIS";"Transitar na contramão";"Saída de leito carroçável";"Com Vítimas Feridas";"Pleno dia";"Crescente";"Sol";"Simples";"Interseção de Vias";"Não";1;0;0;1;0;0;1;1;-25,36455702;-50,91002702;"SPRF-PR";"DEL03-PR";"UOP03-DEL03-PR"
338504;2021-02-04;"quinta-feira";"13:30:00";"CE";116;40,2;"HORIZONTE";"Acessar a via sem observar a presença dos outros veículos";"Colisão transversal";"Com Vítimas Feridas";"Pleno dia";"Decrescente";"Céu Claro";"Dupla";"Reta";"Sim";2;0;0;1;1;0;1;2;-4,09496999;-38,50351984;"SPRF-CE";"DEL01-CE";"UOP02-DEL01-CE"
338506;2021-02-04;"quinta-feira";"13:00:00";"SC";101;131;"BALNEARIO CAMBORIU";"Pista esburacada";"Tombamento";"Com Vítimas Feridas";"Pleno dia";"Crescente";"Céu Claro";"Dupla";"Curva";"Não";1;0;0;1;0;0;1;1;-26,99064209;-48,66310912;"SPRF-SC";"DEL04-SC";"UOP03-DEL04-SC"
338509;2021-02-01;"segunda-feira";"15:50:00";"MA";135;0;"SAO LUIS";"Acesso irregular";"Colisão transversal";"Com Vítimas Feridas";"Pleno dia";"Decrescente";"Céu Claro";"Dupla";"Reta";"Sim";2;0;1;0;1;0;1;2;-2,53073;-44,3068;"SPRF-MA";"DEL01-MA";"UOP01-DEL01-MA"
338510;2021-02-04;"quinta-feira";"13:15:00";"BA";415;25,1;"ILHEUS";"Objeto estático sobre o leito carroçável";"Colisão com objeto";"Com Vítimas Feridas";"Pleno dia";"Decrescente";"Céu Claro";"Simples";"Reta";"Não";3;0;2;0;1;0;2;2;-14,8482;-39,281986;"SPRF-BA";"DEL05-BA";"UOP01-DEL05-BA"
338511;2021-02-04;"quinta-feira";"11:40:00";"MT";364;204;"RONDONOPOLIS";"Condutor deixou de manter distância do veículo da frente";"Colisão traseira";"Sem Vítimas";"Pleno dia";"Decrescente";"Céu Claro";"Dupla";"Retorno Regulamentado";"Não";2;0;0;0;2;0;0;2;-16,467325;-54,657196;"SPRF-MT";"DEL02-MT";"UOP01-DEL02-MT"
338512;2021-02-04;"quinta-feira";"14:30:00";"CE";222;1,9;"FORTALEZA";"Condutor deixou de manter distância do veículo da frente";"Colisão traseira";"Com Vítimas Feridas";"Pleno dia";"Crescente";"Céu Claro";"Múltipla";"Reta";"Sim";2;0;1;0;1;0;1;2;-3,7389;-38,58696;"SPRF-CE";"DEL01-CE";"UOP01-DEL01-CE"
338513;2021-02-04;"quinta-feira";"14:40:00";"RS";448;6,5;"ESTEIO";"Reação tardia ou ineficiente do condutor";"Capotamento";"Sem Vítimas";"Pleno dia";"Decrescente";"Chuva";"Dupla";"Reta";"Não";1;0;0;0;1;0;0;1;-29,85672394;-51,22478485;"SPRF-RS";"DEL01-RS";"UOP02-DEL01-RS"
338515;2021-02-04;"quinta-feira";"14:40:00";"SC";282;0,2;"FLORIANOPOLIS";"Acessar a via sem observar a presença dos outros veículos";"Colisão lateral";"Com Vítimas Feridas";"Pleno dia";"Crescente";"Céu Claro";"Múltipla";"Reta";"Sim";3;0;2;0;1;0;2;2;-27,59845;-48,571995;"SPRF-SC";"DEL01-SC";"UOP01-DEL01-SC"
338516;2021-02-04;"quinta-feira";"14:35:00";"MS";163;475,7;"CAMPO GRANDE";"Acessar a via sem observar a presença dos outros veículos";"Colisão transversal";"Com Vítimas Feridas";"Pleno dia";"Decrescente";"Nublado";"Simples";"Interseção de Vias";"Não";3;0;1;0;2;0;1;2;-20,51838231;-54,56658567;"SPRF-MS";"DEL01-MS";"UOP01-DEL01-MS"
338517;2021-01-30;"sábado";"20:00:00";"RO";364;1059;"PORTO VELHO";"Ausência de reação do condutor";"Atropelamento de Pedestre";"Sem Vítimas";"Plena Noite";"Crescente";"Céu Claro";"Simples";"Reta";"Não";1;0;0;0;0;1;0;1;-9,79150895;-66,54195598;"SPRF-RO";"DEL01-RO";"UOP03-DEL01-RO"
338521;2021-02-04;"quinta-feira";"15:15:00";"MG";381;478,5;"CONTAGEM";"Ausência de reação do condutor";"Colisão com objeto";"Com Vítimas Feridas";"Pleno dia";"Decrescente";"Sol";"Múltipla";"Reta";"Sim";1;0;1;0;0;0;1;1;-19,96237754;-44,03972626;"SPRF-MG";"DEL01-MG";"UOP03-DEL01-MG"
338526;2021-02-04;"quinta-feira";"15:00:00";"SC";282;48;"AGUAS MORNAS";"Ausência de reação do condutor";"Colisão traseira";"Sem Vítimas";"Pleno dia";"Crescente";"Céu Claro";"Múltipla";"Aclive";"Não";2;0;0;0;2;0;0;2;-27,703712;-48,959267;"SPRF-SC";"DEL01-SC";"UOP03-DEL01-SC"
338528;2021-01-22;"sexta-feira";"15:35:00";"PI";0;0;"LUIS CORREIA";"Demais falhas na via";"Colisão com objeto";"Sem Vítimas";"Pleno dia";"Não Informado";"Céu Claro";"Simples";"Reta";"Sim";2;0;0;0;2;0;0;1;-2,88344425;-41,66478222;"SPRF-PI";"DEL05-PI";"N/A"
338531;2021-02-04;"quinta-feira";"16:00:00";"RS";386;352,6;"ESTRELA";"Manobra de mudança de faixa";"Colisão lateral mesmo sentido";"Com Vítimas Feridas";"Pleno dia";"Decrescente";"Céu Claro";"Dupla";"Reta";"Sim";2;0;1;0;1;0;1;2;-29,491436;-51,95174;"SPRF-RS";"DEL04-RS";"UOP02-DEL04-RS"
338533;2021-02-04;"quinta-feira";"15:55:00";"PB";101;89;"JOAO PESSOA";"Acessar a via sem observar a presença dos outros veículos";"Colisão transversal";"Com Vítimas Feridas";"Pleno dia";"Decrescente";"Céu Claro";"Dupla";"Reta";"Sim";2;0;1;0;1;0;1;2;-7,1710694;-34,89765372;"SPRF-PB";"DEL01-PB";"UOP02-DEL01-PB"
338534;2021-02-04;"quinta-feira";"15:15:00";"RJ";116;198;"QUEIMADOS";"Reação tardia ou ineficiente do condutor";"Tombamento";"Com Vítimas Feridas";"Pleno dia";"Decrescente";"Céu Claro";"Dupla";"Reta";"Sim";1;0;1;0;0;0;1;1;-22,72952183;-43,57481597;"SPRF-RJ";"DEL01-RJ";"UOP02-DEL01-RJ"
338535;2021-02-04;"quinta-feira";"16:25:00";"SC";101;397,7;"MARACAJA";"Avarias e/ou desgaste excessivo no pneu";"Tombamento";"Com Vítimas Feridas";"Pleno dia";"Decrescente";"Nublado";"Dupla";"Reta";"Não";2;0;2;0;0;0;2;1;-28,84698549;-49,43339109;"SPRF-SC";"DEL02-SC";"UOP02-DEL02-SC"
338537;2021-02-04;"quinta-feira";"16:00:00";"SP";116;217,5;"GUARULHOS";"Condutor deixou de manter distância do veículo da frente";"Colisão traseira";"Com Vítimas Feridas";"Pleno dia";"Crescente";"Nublado";"Múltipla";"Reta";"Não";3;0;2;0;1;0;2;2;-23,45423824;-46,47119028;"SPRF-SP";"DEL01-SP";"UOP01-DEL01-SP"
338540;2021-02-04;"quinta-feira";"16:50:00";"ES";101;203,9;"JOAO NEIVA";"Pedestre cruzava a pista fora da faixa";"Atropelamento de Pedestre";"Com Vítimas Feridas";"Pleno dia";"Crescente";"Sol";"Simples";"Reta";"Sim";3;0;0;2;1;0;2;3;-19,74448248;-40,37263506;"SPRF-ES";"DEL02-ES";"UOP01-DEL02-ES"
338541;2021-02-04;"quinta-feira";"15:00:00";"PB";230;22,6;"JOAO PESSOA";"Condutor deixou de manter distância do veículo da frente";"Colisão traseira";"Com Vítimas Feridas";"Pleno dia";"Crescente";"Sol";"Dupla";"Reta";"Sim";2;0;0;1;1;0;1;2;-7,1495;-34,8517;"SPRF-PB";"DEL01-PB";"UOP01-DEL01-PB"
338547;2021-02-04;"quinta-feira";"13:50:00";"AL";316;83;"SANTANA DO IPANEMA";"Acessar a via sem observar a presença dos outros veículos";"Colisão lateral";"Com Vítimas Feridas";"Pleno dia";"Decrescente";"Céu Claro";"Simples";"Interseção de Vias";"Sim";2;0;1;0;1;0;1;2;-9,36681348;-37,25183498;"SPRF-AL";"DEL03-AL";"UOP02-DEL03-AL"
338548;2021-02-04;"quinta-feira";"17:40:00";"SC";101;196,9;"BIGUACU";"Ausência de reação do condutor";"Colisão traseira";"Sem Vítimas";"Pleno dia";"Crescente";"Céu Claro";"Múltipla";"Curva";"Não";2;0;0;0;2;0;0;2;-27,51101091;-48,64322292;"SPRF-SC";"DEL01-SC";"UOP01-DEL01-SC"
338549;2021-02-04;"quinta-feira";"16:35:00";"SP";459;16,2;"PIQUETE";"Acessar a via sem observar a presença dos outros veículos";"Colisão transversal";"Com Vítimas Feridas";"Pleno dia";"Crescente";"Nublado";"Simples";"Reta";"Sim";2;0;1;0;1;0;1;2;-22,62031;-45,164268;"SPRF-SP";"DEL08-SP";"UOP02-DEL08-SP"
338550;2021-02-04;"quinta-feira";"17:30:00";"CE";116;17,1;"EUSEBIO";"Acesso irregular";"Colisão transversal";"Com Vítimas Feridas";"Anoitecer";"Crescente";"Céu Claro";"Dupla";"Reta";"Não";5;0;1;0;4;0;1;2;-3,89724756;-38,50319851;"SPRF-CE";"DEL01-CE";"UOP02-DEL01-CE"
338551;2021-02-04;"quinta-feira";"17:00:00";"PR";476;104,6;"COLOMBO";"Pista Escorregadia";"Colisão lateral";"Com Vítimas Feridas";"Pleno dia";"Crescente";"Nublado";"Simples";"Reta";"Não";3;0;2;0;0;1;2;3;-25,271278;-49,140888;"SPRF-PR";"DEL01-PR";"UOP02-DEL01-PR"
338552;2021-02-04;"quinta-feira";"17:40:00";"RJ";40;123,6;"DUQUE DE CAXIAS";"Pedestre andava na pista";"Atropelamento de Pedestre";"Com Vítimas Feridas";"Pleno dia";"Decrescente";"Céu Claro";"Dupla";"Reta";"Sim";2;0;0;1;0;1;1;2;-22,79907687;-43,29015739;"SPRF-RJ";"DEL01-RJ";"UOP01-DEL01-RJ"
338555;2021-02-04;"quinta-feira";"17:20:00";"RN";101;99;"PARNAMIRIM";"Acessar a via sem observar a presença dos outros veículos";"Colisão transversal";"Sem Vítimas";"Anoitecer";"Decrescente";"Céu Claro";"Simples";"Reta";"Sim";2;0;0;0;2;0;0;2;-5,87359183;-35,22063023;"SPRF-RN";"DEL01-RN";"UOP01-DEL01-RN"
338556;2021-02-04;"quinta-feira";"17:20:00";"RJ";116;195;"QUEIMADOS";"Acumulo de água sobre o pavimento";"Capotamento";"Sem Vítimas";"Pleno dia";"Decrescente";"Chuva";"Dupla";"Reta";"Sim";1;0;0;0;1;0;0;1;-22,73573614;-43,54749701;"SPRF-RJ";"DEL01-RJ";"UOP02-DEL01-RJ"
338557;2021-02-04;"quinta-feira";"18:25:00";"SP";116;230;"SAO PAULO";"Manobra de mudança de faixa";"Colisão lateral mesmo sentido";"Com Vítimas Feridas";"Pleno dia";"Crescente";"Nublado";"Múltipla";"Reta";"Sim";2;0;1;0;1;0;1;2;-23,522373;-46,58578;"SPRF-SP";"DEL01-SP";"UOP01-DEL01-SP"
338562;2021-02-04;"quinta-feira";"17:05:00";"PB";230;36,2;"SANTA RITA";"Demais falhas na via";"Tombamento";"Com Vítimas Feridas";"Pleno dia";"Crescente";"Céu Claro";"Dupla";"Curva";"Sim";1;0;1;0;0;0;1;1;-7,1246;-34,9473;"SPRF-PB";"DEL01-PB";"UOP03-DEL01-PB"
338563;2021-02-04;"quinta-feira";"18:10:00";"RS";116;2;"PORTO ALEGRE";"Manobra de mudança de faixa";"Colisão traseira";"Com Vítimas Feridas";"Pleno dia";"Decrescente";"Céu Claro";"Dupla";"Reta";"Sim";2;0;1;0;1;0;1;2;-29,969988;-51,1711294;"SPRF-RS";"DEL05-RS";"UOP03-DEL05-RS"
338565;2021-02-03;"quarta-feira";"20:00:00";"PE";407;23,9;"AFRANIO";"Ausência de reação do condutor";"Capotamento";"Com Vítimas Feridas";"Plena Noite";"Crescente";"Ignorado";"Simples";"Curva";"Não";1;0;0;1;0;0;1;1;-8,62237203;-40,99588613;"SPRF-PE";"DEL06-PE";"UOP02-DEL06-PE"
338566;2021-02-04;"quinta-feira";"18:30:00";"RN";101;81,3;"NATAL";"Reação tardia ou ineficiente do condutor";"Colisão lateral";"Com Vítimas Feridas";"Plena Noite";"Decrescente";"Céu Claro";"Dupla";"Reta";"Sim";2;0;1;0;1;0;1;2;-5,76469466;-35,28295988;"SPRF-RN";"DEL02-RN";"UOP01-DEL02-RN"