"id";"data_inversa";"dia_semana";"horario";"uf";"br";"km";"municipio";"causa_acidente";"tipo_acidente";"classificacao_acidente";"fase_dia";"sentido_via";"condicao_metereologica";"tipo_pista";"tracado_via";"uso_solo";"pessoas";"mortos";"feridos_leves";"feridos_graves";"ilesos";"ignorados";"feridos";"veiculos";"latitude";"longitude";"regional";"delegacia";"uop"
339051;2021-02-06;"sábado";"21:30:00";"MG";381;359,6;"JOAO MONLEVADE";"Sinalização mal posicionada";"Colisão transversal";"Com Vítimas Feridas";"Plena Noite";"Crescente";"Chuva";"Simples";"Curva;Interseção de Vias;Aclive";"Sim";2;0;1;0;1;0;1;2;-19,8551458;-43,22402296;"SPRF-MG";"DEL03-MG";"UOP01-DEL03-MG"
339054;2021-02-06;"sábado";"22:00:00";"ES";101;297;"CARIACICA";"Pedestre cruzava a pista fora da faixa";"Atropelamento de Pedestre";"Com Vítimas Feridas";"Plena Noite";"Decrescente";"Chuva";"Dupla";"Reta";"Sim";2;0;0;1;1;0;1;2;-20,34529844;-40,41026774;"SPRF-ES";"DEL01-ES";"UOP01-DEL01-ES"
339055;2021-02-06;"sábado";"20:45:00";"PR";153;47,5;"SANTO ANTONIO DA PLATINA";"Transitar no acostamento";"Colisão lateral mesmo sentido";"Com Vítimas Feridas";"Plena Noite";"Decrescente";"Céu Claro";"Simples";"Curva";"Não";3;0;1;0;2;0;1;2;-23,33739902;-50,06723975;"SPRF-PR";"DEL07-PR";"UOP04-DEL07-PR"
339057;2021-02-06;"sábado";"22:40:00";"PE";101;49,9;"ABREU E LIMA";"Manobra de mudança de faixa";"Colisão transversal";"Com Vítimas Feridas";"Plena Noite";"Decrescente";"Céu Claro";"Múltipla";"Reta";"Sim";2;0;1;0;1;0;1;2;-7,9005152;-34,90180641;"SPRF-PE";"DEL01-PE";"UOP02-DEL01-PE"
339058;2021-02-06;"sábado";"21:00:00";"GO";153;552,4;"PIRACANJUBA";"Avarias e/ou desgaste excessivo no pneu";"Tombamento";"Com Vítimas Feridas";"Plena Noite";"Crescente";"Chuva";"Dupla";"Curva;Declive";"Não";1;0;0;1;0;0;1;1;-17,1589;-49,2139;"SPRF-GO";"DEL01-GO";"UOP03-DEL01-GO"
339059;2021-02-06;"sábado";"21:30:00";"MG";116;760,9;"LEOPOLDINA";"Acumulo de água sobre o pavimento";"Saída de leito carroçável";"Com Vítimas Feridas";"Plena Noite";"Decrescente";"Chuva";"Simples";"Reta";"Não";1;0;1;0;0;0;1;1;-21,51427716;-42,61283265;"SPRF-MG";"DEL07-MG";"UOP01-DEL07-MG"
339060;2021-02-06;"sábado";"21:30:00";"PR";277;726,5;"FOZ DO IGUACU";"Reação tardia ou ineficiente do condutor";"Saída de leito carroçável";"Com Vítimas Feridas";"Plena Noite";"Decrescente";"Céu Claro";"Dupla";"Curva";"Sim";1;0;0;1;0;0;1;1;-25,510532;-54,559919;"SPRF-PR";"DEL05-PR";"UOP03-DEL05-PR"
339061;2021-02-06;"sábado";"22:50:00";"PE";104;72;"CARUARU";"Velocidade Incompatível";"Saída de leito carroçável";"Com Vítimas Fatais";"Plena Noite";"Decrescente";"Céu Claro";"Simples";"Curva;Declive";"Não";1;1;0;0;0;0;0;1;-8,332917;-35,981609;"SPRF-PE";"DEL02-PE";"UOP01-DEL02-PE"
339062;2021-02-06;"sábado";"22:25:00";"PR";467;91,7;"CASCAVEL";"Ingestão de álcool e/ou substâncias psicoativas pelo pedestre";"Colisão frontal";"Com Vítimas Feridas";"Plena Noite";"Decrescente";"Céu Claro";"Dupla";"Curva";"Não";2;0;1;1;0;0;2;2;-24,8515;-53,6035;"SPRF-PR";"DEL04-PR";"UOP01-DEL04-PR"
339067;2021-02-06;"sábado";"20:35:00";"PR";376;184;"SARANDI";"Condutor deixou de manter distância do veículo da frente";"Colisão traseira";"Com Vítimas Feridas";"Plena Noite";"Decrescente";"Céu Claro";"Dupla";"Aclive;Reta";"Sim";3;0;1;0;1;1;1;3;-23,4465611;-51,86216706;"SPRF-PR";"DEL09-PR";"UOP01-DEL09-PR"
339069;2021-02-06;"sábado";"21:30:00";"BA";324;363;"CAPIM GROSSO";"Trafegar com motocicleta (ou similar) entre as faixas";"Colisão lateral sentido oposto";"Sem Vítimas";"Plena Noite";"Decrescente";"Céu Claro";"Simples";"Reta";"Não";2;0;0;0;1;1;0;2;-11,40454347;-39,9434602;"SPRF-BA";"DEL04-BA";"UOP02-DEL04-BA"
339070;2021-02-06;"sábado";"23:10:00";"SC";101;246;"PAULO LOPES";"Velocidade Incompatível";"Colisão com objeto";"Com Vítimas Feridas";"Plena Noite";"Decrescente";"Céu Claro";"Dupla";"Reta";"Não";5;0;3;0;2;0;3;1;-27,91036709;-48,64998267;"SPRF-SC";"DEL02-SC";"UOP03-DEL02-SC"
339071;2021-02-06;"sábado";"22:15:00";"RO";435;14;"VILHENA";"Demais falhas mecânicas ou elétricas";"Incêndio";"Sem Vítimas";"Plena Noite";"Crescente";"Céu Claro";"Simples";"Reta";"Não";1;0;0;0;1;0;0;1;-12,72859595;-60,268507;"SPRF-RO";"DEL04-RO";"UOP01-DEL04-RO"
339072;2021-02-06;"sábado";"13:10:00";"PR";376;213,2;"MANDAGUARI";"Reação tardia ou ineficiente do condutor";"Saída de leito carroçável";"Com Vítimas Feridas";"Pleno dia";"Decrescente";"Sol";"Dupla";"Curva";"Não";2;0;2;0;0;0;2;1;-23,5808343;-51,65143895;"SPRF-PR";"DEL09-PR";"UOP01-DEL09-PR"
339073;2021-02-06;"sábado";"23:40:00";"SC";282;2,5;"FLORIANOPOLIS";"Reação tardia ou ineficiente do condutor";"Colisão traseira";"Com Vítimas Feridas";"Plena Noite";"Decrescente";"Céu Claro";"Dupla";"Reta";"Sim";2;0;1;0;1;0;1;2;-27,603289;-48,590416;"SPRF-SC";"DEL01-SC";"UOP01-DEL01-SC"
339074;2021-02-06;"sábado";"22:30:00";"MT";163;1018;"TERRA NOVA DO NORTE";"Condutor Dormindo";"Saída de leito carroçável";"Com Vítimas Feridas";"Plena Noite";"Crescente";"Nublado";"Simples";"Reta";"Não";1;0;1;0;0;0;1;1;-10,46618499;-55,06569405;"SPRF-MT";"DEL06-MT";"NPF/DEL06-MT"
339075;2021-02-06;"sábado";"23:45:00";"SC";470;71,7;"INDAIAL";"Desrespeitar a preferência no cruzamento";"Colisão transversal";"Com Vítimas Feridas";"Plena Noite";"Decrescente";"Nublado";"Simples";"Reta";"Sim";2;0;1;0;1;0;1;2;-26,895243;-49,262104;"SPRF-SC";"DEL04-SC";"UOP01-DEL04-SC"
339076;2021-02-07;"domingo";"00:11:00";"SC";470;74,3;"INDAIAL";"Demais Fenômenos da natureza";"Colisão com objeto";"Com Vítimas Feridas";"Plena Noite";"Decrescente";"Céu Claro";"Simples";"Reta";"Não";1;0;0;1;0;0;1;1;-26,916288;-49,280807;"SPRF-SC";"DEL04-SC";"UOP01-DEL04-SC"
339078;2021-02-06;"sábado";"23:30:00";"MG";153;32;"CANAPOLIS";"Velocidade Incompatível";"Saída de leito carroçável";"Com Vítimas Feridas";"Plena Noite";"Decrescente";"Nublado";"Dupla";"Reta";"Não";1;0;1;0;0;0;1;1;-18,69533703;-49,14697105;"SPRF-MG";"DEL15-MG";"UOP03-DEL15-MG"
339079;2021-02-06;"sábado";"22:50:00";"PB";230;157,2;"CAMPINA GRANDE";"Entrada inopinada do pedestre";"Atropelamento de Pedestre";"Com Vítimas Feridas";"Pleno dia";"Crescente";"Céu Claro";"Simples";"Reta";"Não";3;0;1;2;0;0;3;2;-7,2648;-35,9189;"SPRF-PB";"DEL02-PB";"UOP01-DEL02-PB"
339081;2021-02-07;"domingo";"00:45:00";"PR";163;182,4;"SANTA TEREZA DO OESTE";"Animais na Pista";"Atropelamento de Animal";"Com Vítimas Feridas";"Plena Noite";"Crescente";"Céu Claro";"Dupla";"Reta";"Não";1;0;0;1;0;0;1;1;-25,15864601;-53,59746064;"SPRF-PR";"DEL05-PR";"UOP05-DEL05-PR"
339082;2021-02-07;"domingo";"00:25:00";"RS";386;344;"LAJEADO";"Velocidade Incompatível";"Colisão lateral";"Com Vítimas Feridas";"Plena Noite";"Crescente";"Céu Claro";"Simples";"Reta";"Sim";4;0;0;1;3;0;1;2;-29,439268;-51,993633;"SPRF-RS";"DEL04-RS";"UOP01-DEL04-RS"
339083;2021-02-07;"domingo";"00:10:00";"MG";146;501,9;"BANDEIRA DO SUL";"Condutor Dormindo";"Queda de ocupante de veículo";"Com Vítimas Feridas";"Plena Noite";"Crescente";"Nublado";"Simples";"Reta;Declive";"Não";1;0;1;0;0;0;1;1;-21,716286;-46,419693;"SPRF-MG";"DEL09-MG";"UOP01-DEL09-MG"
339084;2021-02-06;"sábado";"18:40:00";"MG";40;751,9;"SANTOS DUMONT";"Velocidade Incompatível";"Saída de leito carroçável";"Com Vítimas Feridas";"Plena Noite";"Decrescente";"Chuva";"Simples";"Curva";"Não";3;0;2;0;1;0;2;1;-21,46537559;-43,56167779;"SPRF-MG";"DEL05-MG";"UOP01-DEL05-MG"
339085;2021-02-06;"sábado";"23:15:00";"CE";222;7,7;"CAUCAIA";"Velocidade Incompatível";"Colisão lateral";"Com Vítimas Fatais";"Plena Noite";"Crescente";"Céu Claro";"Dupla";"Reta";"Sim";4;1;0;2;0;1;2;3;-3,7495132;-38,6299559;"SPRF-CE";"DEL01-CE";"UOP01-DEL01-CE"
339086;2021-02-07;"domingo";"01:30:00";"SP";116;211;"GUARULHOS";"Pedestre andava na pista";"Atropelamento de Pedestre";"Com Vítimas Feridas";"Plena Noite";"Crescente";"Céu Claro";"Dupla";"Reta";"Sim";2;0;0;1;1;0;1;2;-23,4324306;-46,4194352;"SPRF-SP";"DEL01-SP";"UOP01-DEL01-SP"
339087;2021-02-07;"domingo";"01:40:00";"PR";476;126;"CURITIBA";"Ingestão de álcool e/ou substâncias psicoativas pelo pedestre";"Colisão com objeto";"Sem Vítimas";"Plena Noite";"Crescente";"Céu Claro";"Múltipla";"Reta";"Sim";1;0;0;0;1;0;0;1;-25,41926472;-49,22473669;"SPRF-PR";"DEL01-PR";"UOP03-DEL01-PR"
339089;2021-02-07;"domingo";"01:00:00";"RS";158;562;"SANTANA DO LIVRAMENTO";"Ingestão de álcool pelo condutor";"Colisão traseira";"Sem Vítimas";"Plena Noite";"Crescente";"Céu Claro";"Simples";"Curva";"Não";2;0;0;0;2;0;0;2;-30,850815;-55,486874;"SPRF-RS";"DEL11-RS";"UOP01-DEL11-RS"
339091;2021-02-07;"domingo";"01:39:00";"PR";277;123;"CAMPO LARGO";"Ausência de reação do condutor";"Saída de leito carroçável";"Com Vítimas Fatais";"Plena Noite";"Decrescente";"Céu Claro";"Dupla";"Reta";"Não";1;1;0;0;0;0;0;1;-25,44558428;-49,46924586;"SPRF-PR";"DEL01-PR";"UOP03-DEL03-PR"
339093;2021-02-07;"domingo";"02:58:00";"SP";116;228;"SAO PAULO";"Ausência de reação do condutor";"Atropelamento de Pedestre";"Com Vítimas Feridas";"Plena Noite";"Decrescente";"Nublado";"Múltipla";"Reta";"Sim";6;0;2;0;3;1;2;3;-23,50343484;-46,56638712;"SPRF-SP";"DEL01-SP";"UOP01-DEL01-SP"
339094;2021-02-06;"sábado";"23:30:00";"SC";282;277;"SAO JOSE DO CERRITO";"Ingestão de álcool pelo condutor";"Saída de leito carroçável";"Com Vítimas Fatais";"Plena Noite";"Decrescente";"Céu Claro";"Simples";"Declive;Curva";"Não";1;1;0;0;0;0;0;1;-27,593215;-50,736011;"SPRF-SC";"DEL05-SC";"UOP02-DEL05-SC"
339096;2021-02-07;"domingo";"02:20:00";"RJ";101;473;"ANGRA DOS REIS";"Conversão proibida";"Queda de ocupante de veículo";"Com Vítimas Feridas";"Plena Noite";"Decrescente";"Nublado";"Dupla";"Reta";"Sim";2;0;1;1;0;0;2;1;-22,98960623;-44,24168693;"SPRF-RJ";"DEL03-RJ";"UOP03-DEL03-RJ"
339097;2021-02-07;"domingo";"02:00:00";"PR";153;17;"JACAREZINHO";"Condutor deixou de manter distância do veículo da frente";"Colisão traseira";"Com Vítimas Feridas";"Plena Noite";"Crescente";"Céu Claro";"Simples";"Declive";"Sim";2;0;1;0;0;1;1;2;-23,135487;-49,9450358;"SPRF-PR";"DEL07-PR";"UOP04-DEL07-PR"
339098;2021-02-07;"domingo";"03:50:00";"RS";392;352;"SANTA MARIA";"Ingestão de álcool pelo condutor";"Colisão lateral";"Com Vítimas Feridas";"Plena Noite";"Crescente";"Céu Claro";"Simples";"Reta";"Sim";3;0;1;0;2;0;1;2;-29,72265895;-53,80667036;"SPRF-RS";"DEL09-RS";"UOP01-DEL09-RS"
339100;2021-02-07;"domingo";"02:30:00";"BA";101;37,2;"ESPLANADA";"Pedestre andava na pista";"Atropelamento de Pedestre";"Com Vítimas Fatais";"Plena Noite";"Crescente";"Céu Claro";"Simples";"Reta";"Sim";2;1;0;0;0;1;0;2;-11,78931307;-37,95165008;"SPRF-SE";"DEL02-SE";"UOP03-DEL02-SE"
339102;2021-02-07;"domingo";"03:45:00";"PR";476;127;"CURITIBA";"Ingestão de álcool pelo condutor";"Colisão com objeto";"Sem Vítimas";"Plena Noite";"Decrescente";"Céu Claro";"Dupla";"Reta";"Sim";1;0;0;0;0;1;0;1;-25,425167;-49,227158;"SPRF-PR";"DEL01-PR";"UOP03-DEL01-PR"
339104;2021-02-07;"domingo";"03:15:00";"SC";101;353,7;"SANGAO";"Ausência de reação do condutor";"Saída de leito carroçável";"Com Vítimas Feridas";"Plena Noite";"Decrescente";"Céu Claro";"Dupla";"Reta";"Não";1;0;0;1;0;0;1;1;-28,61232036;-49,06197674;"SPRF-SC";"DEL02-SC";"UOP01-DEL02-SC"
339105;2021-02-07;"domingo";"02:50:00";"SC";282;18,3;"PALHOCA";"Acessar a via sem observar a presença dos outros veículos";"Colisão transversal";"Com Vítimas Feridas";"Plena Noite";"Decrescente";"Céu Claro";"Simples";"Reta";"Sim";4;0;4;0;0;0;4;2;-27,67551872;-48,69714618;"SPRF-SC";"DEL01-SC";"UOP02-DEL01-SC"
339108;2021-02-07;"domingo";"01:05:00";"GO";364;49;"CACHOEIRA ALTA";"Ingestão de álcool pelo condutor";"Colisão com objeto";"Sem Vítimas";"Plena Noite";"Decrescente";"Céu Claro";"Simples";"Reta";"Não";1;0;0;0;0;1;0;1;-18,814787;-50,886787;"SPRF-GO";"DEL05-GO";"UOP02-DEL05-GO"
339109;2021-02-06;"sábado";"03:05:00";"BA";116;407,9;"FEIRA DE SANTANA";"Pedestre andava na pista";"Atropelamento de Pedestre";"Com Vítimas Fatais";"Plena Noite";"Crescente";"Céu Claro";"Dupla";"Reta";"Não";2;1;0;0;0;1;0;2;-12,090345;-38,969154;"SPRF-BA";"DEL02-BA";"UOP01-DEL02-BA"
339110;2021-02-07;"domingo";"05:30:00";"DF";40;7,2;"BRASILIA";"Condutor Dormindo";"Colisão traseira";"Com Vítimas Feridas";"Amanhecer";"Crescente";"Céu Claro";"Dupla";"Reta";"Sim";2;0;1;0;1;0;1;2;-16,038666;-47,979691;"SPRF-DF";"DEL01-DF";"UOP01-DEL01-DF"
339111;2021-02-07;"domingo";"04:30:00";"SP";116;148,6;"SAO JOSE DOS CAMPOS";"Demais falhas mecânicas ou elétricas";"Colisão com objeto";"Sem Vítimas";"Plena Noite";"Decrescente";"Céu Claro";"Dupla";"Reta";"Não";2;0;0;0;2;0;0;1;-23,20067421;-45,8795018;"SPRF-SP";"DEL02-SP";"UOP01-DEL02-SP"
339114;2021-02-07;"domingo";"06:00:00";"DF";20;3,2;"BRASILIA";"Pista Escorregadia";"Capotamento";"Com Vítimas Feridas";"Amanhecer";"Crescente";"Garoa/Chuvisco";"Dupla";"Declive;Reta";"Sim";1;0;1;0;0;0;1;1;-15,679851;-47,832211;"SPRF-DF";"DEL02-DF";"UOP01-DEL02-DF"
339115;2021-02-07;"domingo";"04:40:00";"MS";163;643;"SAO GABRIEL DO OESTE";"Condutor Dormindo";"Saída de leito carroçável";"Sem Vítimas";"Amanhecer";"Decrescente";"Céu Claro";"Dupla";"Reta";"Não";1;0;0;0;1;0;0;1;-19,21691851;-54,7345158;"SPRF-MS";"DEL06-MS";"UOP02-DEL06-MS"
339116;2021-02-07;"domingo";"05:50:00";"DF";70;16,5;"BRASILIA";"Ingestão de álcool pelo condutor";"Saída de leito carroçável";"Com Vítimas Feridas";"Amanhecer";"Decrescente";"Nublado";"Dupla";"Reta";"Sim";2;0;1;0;1;0;1;1;-15,79465999;-48,20037961;"SPRF-DF";"DEL03-DF";"UOP02-DEL03-DF"
339118;2021-02-07;"domingo";"05:45:00";"SC";470;147,4;"RIO DO SUL";"Ingestão de álcool pelo condutor";"Colisão com objeto";"Sem Vítimas";"Amanhecer";"Crescente";"Nevoeiro/Neblina";"Simples";"Ponte";"Não";1;0;0;0;1;0;0;1;-27,24425205;-49,69144106;"SPRF-SC";"DEL04-SC";"UOP02-DEL04-SC"
339119;2021-02-07;"domingo";"03:20:00";"RN";101;84,8;"NATAL";"Reação tardia ou ineficiente do condutor";"Colisão com objeto";"Sem Vítimas";"Plena Noite";"Crescente";"Céu Claro";"Dupla";"Reta";"Sim";1;0;0;0;0;1;0;1;-5,774175;-35,2578;"SPRF-RN";"DEL02-RN";"UOP01-DEL02-RN"
339120;2021-02-06;"sábado";"22:30:00";"GO";153;293,8;"RIALMA";"Reação tardia ou ineficiente do condutor";"Colisão lateral sentido oposto";"Com Vítimas Fatais";"Plena Noite";"Decrescente";"Nublado";"Simples";"Curva";"Não";2;1;0;0;0;1;0;2;-15,233546;-49,555389;"SPRF-GO";"DEL02-GO";"UOP02-DEL02-GO"
339121;2021-02-07;"domingo";"05:50:00";"SP";116;52,4;"LORENA";"Transitar no acostamento";"Colisão lateral";"Com Vítimas Feridas";"Pleno dia";"Crescente";"Céu Claro";"Dupla";"Curva";"Não";1;0;1;0;0;0;1;1;-22,74708138;-45,09973038;"SPRF-SP";"DEL08-SP";"UOP02-DEL08-SP"
339123;2021-02-07;"domingo";"03:00:00";"GO";153;516,5;"APARECIDA DE GOIANIA";"Condutor Dormindo";"Saída de leito carroçável";"Com Vítimas Feridas";"Plena Noite";"Decrescente";"Nublado";"Dupla";"Aclive";"Sim";2;0;1;0;1;0;1;1;-16,8504;-49,2473;"SPRF-GO";"DEL01-GO";"UOP03-DEL01-GO"
339124;2021-02-07;"domingo";"06:30:00";"RS";386;185,7;"CARAZINHO";"Condutor Dormindo";"Saída de leito carroçável";"Com Vítimas Feridas";"Amanhecer";"Crescente";"Céu Claro";"Simples";"Curva";"Não";3;0;3;0;0;0;3;1;-28,338871;-52,720222;"SPRF-RS";"DEL08-RS";"UOP01-DEL08-RS"
339125;2021-02-07;"domingo";"06:20:00";"RS";290;95;"PORTO ALEGRE";"Demais Fenômenos da natureza";"Tombamento";"Com Vítimas Feridas";"Pleno dia";"Decrescente";"Céu Claro";"Múltipla";"Reta";"Sim";1;0;1;0;0;0;1;1;-29,982832;-51,201572;"SPRF-RS";"DEL01-RS";"UOP01-DEL01-RS"
339127;2021-02-07;"domingo";"04:30:00";"SP";116;280;"EMBU DAS ARTES";"Condutor deixou de manter distância do veículo da frente";"Colisão traseira";"Com Vítimas Feridas";"Amanhecer";"Crescente";"Céu Claro";"Dupla";"Reta";"Sim";4;0;1;0;3;0;1;3;-23,66996108;-46,85590758;"SPRF-SP";"DEL04-SP";"UOP01-DEL04-SP"
339128;2021-02-07;"domingo";"07:00:00";"MG";116;530,8;"CARATINGA";"Ingestão de álcool pelo condutor";"Colisão frontal";"Com Vítimas Feridas";"Amanhecer";"Decrescente";"Chuva";"Simples";"Reta";"Sim";3;0;1;1;1;0;2;2;-19,81067298;-42,13539446;"SPRF-MG";"DEL06-MG";"UOP02-DEL06-MG"
339129;2021-02-07;"domingo";"06:25:00";"AL";316;202;"MARIBONDO";"Ingestão de álcool pelo condutor";"Colisão transversal";"Com Vítimas Feridas";"Pleno dia";"Crescente";"Céu Claro";"Simples";"Curva";"Sim";2;0;0;1;0;1;1;2;-9,58244852;-36,30927801;"SPRF-AL";"DEL03-AL";"UOP01-DEL03-AL"
339132;2021-02-07;"domingo";"07:14:00";"DF";20;15;"BRASILIA";"Ingestão de álcool pelo condutor";"Saída de leito carroçável";"Com Vítimas Feridas";"Pleno dia";"Decrescente";"Chuva";"Dupla";"Declive";"Sim";5;0;2;0;0;3;2;1;-15,630189;-47,733288;"SPRF-DF";"DEL02-DF";"UOP01-DEL02-DF"
339133;2021-02-07;"domingo";"02:35:00";"SC";163;71,2;"SAO MIGUEL DO OESTE";"Velocidade Incompatível";"Colisão com objeto";"Sem Vítimas";"Plena Noite";"Crescente";"Céu Claro";"Dupla";"Reta";"Sim";1;0;0;0;1;0;0;1;-26,72772401;-53,51281303;"SPRF-SC";"DEL07-SC";"UOP03-DEL07-SC"
339134;2021-02-06;"sábado";"18:40:00";"MG";381;494;"BETIM";"Velocidade Incompatível";"Colisão com objeto";"Com Vítimas Feridas";"Plena Noite";"Decrescente";"Chuva";"Dupla";"Declive;Reta";"Sim";2;0;1;0;1;0;1;1;-19,985563;-44,20318;"SPRF-MG";"DEL01-MG";"UOP03-DEL01-MG"
339136;2021-02-06;"sábado";"20:15:00";"RO";435;71;"COLORADO DO OESTE";"Curva acentuada";"Colisão com objeto";"Sem Vítimas";"Plena Noite";"Crescente";"Nublado";"Simples";"Curva";"Não";1;0;0;0;1;0;0;1;-13,1021662;-60,41098797;"SPRF-RO";"DEL04-RO";"UOP02-DEL04-RO"
339138;2021-02-07;"domingo";"00:30:00";"PR";476;269,9;"SAO MATEUS DO SUL";"Ingestão de álcool pelo condutor";"Colisão frontal";"Com Vítimas Feridas";"Plena Noite";"Crescente";"Nublado";"Simples";"Reta";"Não";3;0;2;0;1;0;2;2;-25,898903;-50,32935;"SPRF-PR";"DEL02-PR";"UOP04-DEL02-PR"
339139;2021-02-06;"sábado";"19:30:00";"RJ";40;91;"PETROPOLIS";"Pista Escorregadia";"Capotamento";"Com Vítimas Feridas";"Plena Noite";"Crescente";"Garoa/Chuvisco";"Simples";"Declive;Curva";"Não";2;0;2;0;0;0;2;1;-22,45304974;-43,20832411;"SPRF-RJ";"DEL06-RJ";"UOP01-DEL06-RJ"
339141;2021-02-07;"domingo";"08:20:00";"RJ";101;475,8;"ANGRA DOS REIS";"Ultrapassagem Indevida";"Colisão frontal";"Com Vítimas Feridas";"Pleno dia";"Crescente";"Céu Claro";"Simples";"Curva";"Não";4;0;3;0;0;1;3;2;-23,00030529;-44,25655988;"SPRF-RJ";"DEL03-RJ";"UOP03-DEL03-RJ"
339142;2021-02-07;"domingo";"05:30:00";"RJ";493;113;"ITAGUAI";"Ausência de reação do condutor";"Saída de leito carroçável";"Sem Vítimas";"Amanhecer";"Decrescente";"Céu Claro";"Dupla";"Reta";"Não";1;0;0;0;0;1;0;1;-22,823384;-43,805992;"SPRF-RJ";"DEL03-RJ";"UOP01-DEL03-RJ"
339146;2021-02-07;"domingo";"09:15:00";"RS";470;251;"SAO PEDRO DA SERRA";"Conversão proibida";"Colisão transversal";"Com Vítimas Feridas";"Pleno dia";"Crescente";"Céu Claro";"Simples";"Reta";"Sim";3;0;1;0;0;2;1;3;-29,42;-51,518;"SPRF-RS";"DEL06-RS";"UOP01-DEL06-RS"
339147;2021-02-07;"domingo";"09:00:00";"PR";277;485,5;"NOVA LARANJEIRAS";"Velocidade Incompatível";"Colisão com objeto";"Com Vítimas Feridas";"Pleno dia";"Decrescente";"Céu Claro";"Simples";"Curva";"Não";1;0;1;0;0;0;1;1;-25,26613423;-52,62116896;"SPRF-PR";"DEL04-PR";"UOP02-DEL04-PR"
339149;2021-02-07;"domingo";"07:30:00";"AL";316;6,8;"MATA GRANDE";"Animais na Pista";"Saída de leito carroçável";"Com Vítimas Fatais";"Pleno dia";"Crescente";"Céu Claro";"Simples";"Aclive";"Não";1;1;0;0;0;0;0;1;-8,97075601;-37,81631202;"SPRF-AL";"DEL03-AL";"UOP02-DEL03-AL"
339150;2021-02-07;"domingo";"09:20:00";"MG";381;446;"SABARA";"Chuva";"Saída de leito carroçável";"Com Vítimas Feridas";"Pleno dia";"Decrescente";"Chuva";"Simples";"Curva";"Não";2;0;2;0;0;0;2;1;-19,82950465;-43,84255613;"SPRF-MG";"DEL01-MG";"UOP01-DEL01-MG"
339152;2021-02-07;"domingo";"09:30:00";"RS";116;344,3;"TAPES";"Reação tardia ou ineficiente do condutor";"Saída de leito carroçável";"Com Vítimas Feridas";"Pleno dia";"Decrescente";"Céu Claro";"Simples";"Reta";"Não";3;0;2;0;0;1;2;2;-30,49030601;-51,48990254;"SPRF-RS";"DEL02-RS";"UOP02-DEL02-RS"
339153;2021-02-07;"domingo";"09:30:00";"MG";365;105,7;"JEQUITAI";"Velocidade Incompatível";"Saída de leito carroçável";"Com Vítimas Feridas";"Pleno dia";"Decrescente";"Chuva";"Simples";"Reta";"Não";2;0;2;0;0;0;2;1;-17,21113105;-44,56924102;"SPRF-MG";"DEL12-MG";"UOP01-DEL12-MG"
339154;2021-02-07;"domingo";"09:20:00";"PR";476;134;"CURITIBA";"Velocidade Incompatível";"Colisão traseira";"Com Vítimas Feridas";"Pleno dia";"Decrescente";"Céu Claro";"Dupla";"Reta";"Sim";4;0;1;0;3;0;1;4;-25,476524;-49,259937;"SPRF-PR";"DEL01-PR";"UOP03-DEL01-PR"
339156;2021-02-07;"domingo";"09:25:00";"MS";163;621;"SAO GABRIEL DO OESTE";"Avarias e/ou desgaste excessivo no pneu";"Tombamento";"Com Vítimas Feridas";"Pleno dia";"Crescente";"Céu Claro";"Dupla";"Reta";"Não";2;0;1;1;0;0;2;1;-19,35200016;-54,59445527;"SPRF-MS";"DEL06-MS";"UOP02-DEL06-MS"
339157;2021-02-07;"domingo";"07:45:00";"RO";364;360;"JI-PARANA";"Reação tardia ou ineficiente do condutor";"Saída de leito carroçável";"Sem Vítimas";"Pleno dia";"Decrescente";"Nublado";"Simples";"Reta";"Não";1;0;0;0;1;0;0;1;-10,78186387;-62,05695492;"SPRF-RO";"DEL02-RO";"UOP01-DEL02-RO"
339159;2021-01-17;"domingo";"15:30:00";"MT";70;683;"CACERES";"Acumulo de areia ou detritos sobre o pavimento";"Saída de leito carroçável";"Com Vítimas Feridas";"Pleno dia";"Crescente";"Garoa/Chuvisco";"Simples";"Curva";"Não";1;0;1;0;0;0;1;1;-16,13978496;-57,33114704;"SPRF-MT";"DEL03-MT";"UOP02-DEL03-MT"
339161;2021-02-07;"domingo";"10:20:00";"SC";101;217;"PALHOCA";"Condutor deixou de manter distância do veículo da frente";"Engavetamento";"Com Vítimas Feridas";"Pleno dia";"Crescente";"Céu Claro";"Dupla";"Reta";"Sim";3;0;2;0;1;0;2;3;-27,66779034;-48,67393586;"SPRF-SC";"DEL01-SC";"UOP02-DEL01-SC"
339162;2021-02-07;"domingo";"10:10:00";"GO";153;200;"URUACU";"Condutor deixou de manter distância do veículo da frente";"Colisão traseira";"Com Vítimas Feridas";"Pleno dia";"Crescente";"Garoa/Chuvisco";"Simples";"Interseção de Vias";"Sim";5;0;1;0;4;0;1;2;-14,513057;-49,149277;"SPRF-GO";"DEL07-GO";"UOP02-DEL07-GO"
339163;2021-02-07;"domingo";"07:00:00";"SC";282;582;"PINHALZINHO";"Condutor Dormindo";"Saída de leito carroçável";"Sem Vítimas";"Pleno dia";"Crescente";"Sol";"Simples";"Reta";"Não";1;0;0;0;0;1;0;1;-26,826683;-53,002621;"SPRF-SC";"DEL07-SC";"UOP02-DEL07-SC"