"id";"data_inversa";"dia_semana";"horario";"uf";"br";"km";"municipio";"causa_acidente";"tipo_acidente";"classificacao_acidente";"fase_dia";"sentido_via";"condicao_metereologica";"tipo_pista";"tracado_via";"uso_solo";"pessoas";"mortos";"feridos_leves";"feridos_graves";"ilesos";"ignorados";"feridos";"veiculos";"latitude";"longitude";"regional";"delegacia";"uop"
339164;2021-02-07;"domingo";"10:55:00";"MA";316;610;"TIMON";"Demais falhas mecânicas ou elétricas";"Tombamento";"Com Vítimas Feridas";"Pleno dia";"Decrescente";"Céu Claro";"Simples";"Reta";"Não";2;0;2;0;0;0;2;1;-5,069847;-42,876633;"SPRF-MA";"DEL03-MA";"UOP02-DEL03-MA"
339165;2021-02-07;"domingo";"07:45:00";"SC";101;252,2;"PAULO LOPES";"Ingestão de álcool pelo condutor";"Capotamento";"Com Vítimas Feridas";"Pleno dia";"Crescente";"Sol";"Dupla";"Curva";"Sim";1;0;1;0;0;0;1;1;-27,9606326;-48,67934704;"SPRF-SC";"DEL02-SC";"UOP03-DEL02-SC"
339166;2021-02-07;"domingo";"06:50:00";"MG";262;878;"CAMPO FLORIDO";"Ausência de reação do condutor";"Saída de leito carroçável";"Sem Vítimas";"Pleno dia";"Decrescente";"Céu Claro";"Simples";"Rotatória";"Não";1;0;0;0;1;0;0;1;-19,78526943;-48,5219719;"SPRF-MG";"DEL13-MG";"UOP02-DEL13-MG"
339167;2021-02-07;"domingo";"09:40:00";"MG";381;533,5;"ITATIAIUCU";"Velocidade Incompatível";"Capotamento";"Com Vítimas Feridas";"Pleno dia";"Decrescente";"Chuva";"Dupla";"Curva";"Não";3;0;1;0;2;0;1;1;-20,19896036;-44,38641307;"SPRF-MG";"DEL04-MG";"UOP03-DEL04-MG"
339168;2021-02-07;"domingo";"00:30:00";"MG";262;107;"RIO CASCA";"Chuva";"Saída de leito carroçável";"Com Vítimas Feridas";"Plena Noite";"Crescente";"Chuva";"Simples";"Curva";"Não";1;0;1;0;0;0;1;1;-20,27440096;-42,56313226;"SPRF-MG";"DEL03-MG";"UOP03-DEL03-MG"
339169;2021-02-07;"domingo";"10:20:00";"MG";262;484;"BETIM";"Velocidade Incompatível";"Colisão com objeto";"Com Vítimas Feridas";"Pleno dia";"Decrescente";"Chuva";"Dupla";"Aclive";"Sim";1;0;1;0;0;0;1;1;-19,95931746;-44,08993989;"SPRF-MG";"DEL08-MG";"UOP03-DEL08-MG"
339172;2021-02-07;"domingo";"08:00:00";"BA";242;260;"BOA VISTA DO TUPIM";"Demais falhas na via";"Saída de leito carroçável";"Com Vítimas Feridas";"Pleno dia";"Crescente";"Nublado";"Simples";"Curva";"Não";5;0;5;0;0;0;5;1;-12,46830983;-40,54758399;"SPRF-BA";"DEL06-BA";"UOP02-DEL06-BA"
339173;2021-02-07;"domingo";"10:40:00";"DF";20;21;"BRASILIA";"Condutor deixou de manter distância do veículo da frente";"Colisão traseira";"Com Vítimas Feridas";"Pleno dia";"Crescente";"Chuva";"Dupla";"Reta";"Sim";2;0;1;0;1;0;1;2;-15,603384;-47,684692;"SPRF-DF";"DEL02-DF";"UOP01-DEL02-DF"
339174;2021-02-07;"domingo";"10:30:00";"MG";116;557,3;"SANTA BARBARA DO LESTE";"Velocidade Incompatível";"Saída de leito carroçável";"Com Vítimas Feridas";"Pleno dia";"Crescente";"Chuva";"Simples";"Curva";"Não";5;0;4;1;0;0;5;1;-20,01056359;-42,15263497;"SPRF-MG";"DEL06-MG";"UOP03-DEL06-MG"
339176;2021-02-07;"domingo";"11:30:00";"SC";101;225;"PALHOCA";"Ausência de reação do condutor";"Tombamento";"Com Vítimas Feridas";"Pleno dia";"Crescente";"Céu Claro";"Dupla";"Reta";"Não";1;0;1;0;0;0;1;1;-27,73292191;-48,6409567;"SPRF-SC";"DEL01-SC";"UOP02-DEL01-SC"
339177;2021-02-07;"domingo";"11:00:00";"GO";20;65;"FORMOSA";"Chuva";"Colisão lateral";"Com Vítimas Feridas";"Pleno dia";"Decrescente";"Chuva";"Simples";"Reta";"Sim";7;0;1;0;6;0;1;2;-15,213036;-47,157516;"SPRF-DF";"DEL02-DF";"UOP01-DEL02-DF"
339178;2021-02-07;"domingo";"09:20:00";"RS";116;358;"TAPES";"Ingestão de álcool pelo condutor";"Saída de leito carroçável";"Com Vítimas Feridas";"Pleno dia";"Decrescente";"Sol";"Dupla";"Reta";"Não";1;0;1;0;0;0;1;1;-30,60712596;-51,54060211;"SPRF-RS";"DEL02-RS";"UOP02-DEL02-RS"
339179;2021-02-07;"domingo";"11:39:00";"SP";116;170;"JACAREI";"Avarias e/ou desgaste excessivo no pneu";"Queda de ocupante de veículo";"Com Vítimas Feridas";"Pleno dia";"Crescente";"Sol";"Dupla";"Aclive";"Não";2;0;2;0;0;0;2;1;-23,30794749;-46,0548351;"SPRF-SP";"DEL02-SP";"UOP01-DEL02-SP"
339180;2021-02-07;"domingo";"10:40:00";"BA";324;5,3;"FEIRA DE SANTANA";"Avarias e/ou desgaste excessivo no pneu";"Tombamento";"Com Vítimas Feridas";"Pleno dia";"Crescente";"Céu Claro";"Dupla";"Reta";"Sim";2;0;0;1;1;0;1;1;-12,2779861;-38,98124191;"SPRF-BA";"DEL02-BA";"UOP01-DEL02-BA"
339183;2021-02-07;"domingo";"12:00:00";"RS";285;421;"PANAMBI";"Velocidade Incompatível";"Saída de leito carroçável";"Com Vítimas Fatais";"Pleno dia";"Crescente";"Céu Claro";"Simples";"Reta";"Não";1;1;0;0;0;0;0;1;-28,338804;-53,561169;"SPRF-RS";"DEL10-RS";"UOP01-DEL10-RS"
339184;2021-02-07;"domingo";"11:45:00";"RS";116;373,8;"TAPES";"Ingestão de álcool pelo condutor";"Saída de leito carroçável";"Sem Vítimas";"Pleno dia";"Decrescente";"Céu Claro";"Dupla";"Reta";"Não";2;0;0;0;2;0;0;1;-30,71899795;-51,60740603;"SPRF-RS";"DEL02-RS";"UOP02-DEL02-RS"
339186;2021-02-07;"domingo";"11:50:00";"PR";467;107;"CASCAVEL";"Ingestão de álcool pelo condutor";"Colisão lateral";"Com Vítimas Feridas";"Pleno dia";"Decrescente";"Céu Claro";"Dupla";"Curva";"Não";1;0;0;1;0;0;1;1;-24,92051534;-53,47601652;"SPRF-PR";"DEL04-PR";"UOP01-DEL04-PR"
339187;2021-02-07;"domingo";"11:12:00";"RN";304;35;"MOSSORO";"Reação tardia ou ineficiente do condutor";"Queda de ocupante de veículo";"Com Vítimas Feridas";"Pleno dia";"Decrescente";"Céu Claro";"Dupla";"Reta";"Sim";1;0;1;0;0;0;1;1;-5,16149497;-37,35068212;"SPRF-RN";"DEL04-RN";"UOP02-DEL04-RN"
339188;2021-02-07;"domingo";"12:20:00";"RS";158;334;"SANTA MARIA";"Desrespeitar a preferência no cruzamento";"Colisão transversal";"Com Vítimas Fatais";"Pleno dia";"Crescente";"Céu Claro";"Simples";"Em Obras";"Sim";3;1;0;0;2;0;0;2;-29,707993;-53,868438;"SPRF-RS";"DEL09-RS";"UOP01-DEL09-RS"
339189;2021-02-07;"domingo";"12:15:00";"GO";40;12;"LUZIANIA";"Acessar a via sem observar a presença dos outros veículos";"Colisão transversal";"Com Vítimas Feridas";"Pleno dia";"Crescente";"Céu Claro";"Dupla";"Reta";"Sim";2;0;1;0;1;0;1;2;-16,145123;-47,945382;"SPRF-DF";"DEL01-DF";"UOP01-DEL01-DF"
339192;2021-02-07;"domingo";"00:50:00";"MA";222;218,4;"ITAPECURU MIRIM";"Ausência de reação do condutor";"Colisão lateral";"Com Vítimas Fatais";"Plena Noite";"Decrescente";"Céu Claro";"Simples";"Curva";"Não";4;2;0;1;1;0;1;4;-3,33284498;-44,43294883;"SPRF-MA";"DEL01-MA";"UOP02-DEL01-MA"
339194;2021-02-07;"domingo";"12:40:00";"ES";101;209;"JOAO NEIVA";"Acumulo de água sobre o pavimento";"Capotamento";"Com Vítimas Feridas";"Pleno dia";"Crescente";"Chuva";"Simples";"Aclive";"Não";1;0;1;0;0;0;1;1;-19,789689;-40,37132;"SPRF-ES";"DEL02-ES";"UOP01-DEL02-ES"
339195;2021-02-07;"domingo";"13:26:00";"RS";392;19,8;"RIO GRANDE";"Reação tardia ou ineficiente do condutor";"Colisão traseira";"Com Vítimas Feridas";"Pleno dia";"Decrescente";"Céu Claro";"Dupla";"Reta";"Não";2;0;1;1;0;0;2;2;-32,0879243;-52,18669807;"SPRF-RS";"DEL07-RS";"UOP02-DEL07-RS"
339197;2021-02-07;"domingo";"11:10:00";"SC";470;107;"APIUNA";"Ausência de reação do condutor";"Colisão com objeto";"Com Vítimas Feridas";"Pleno dia";"Decrescente";"Céu Claro";"Simples";"Curva";"Não";2;0;1;0;1;0;1;1;-27,077623;-49,43145;"SPRF-SC";"DEL04-SC";"UOP02-DEL04-SC"
339199;2021-02-07;"domingo";"14:15:00";"ES";262;0,5;"VITORIA";"Conversão proibida";"Colisão traseira";"Com Vítimas Feridas";"Pleno dia";"Crescente";"Chuva";"Dupla";"Reta;Ponte";"Sim";4;0;4;0;0;0;4;2;-20,32307788;-40,35424232;"SPRF-ES";"DEL01-ES";"UOP01-DEL01-ES"
339202;2021-02-07;"domingo";"14:20:00";"GO";20;169,7;"ALVORADA DO NORTE";"Acumulo de água sobre o pavimento";"Saída de leito carroçável";"Com Vítimas Feridas";"Pleno dia";"Crescente";"Chuva";"Simples";"Reta";"Não";4;0;2;0;2;0;2;1;-14,554133;-46,558285;"SPRF-DF";"DEL02-DF";"UOP03-DEL02-DF"
339203;2021-02-07;"domingo";"10:30:00";"MG";116;59,9;"MEDINA";"Ultrapassagem Indevida";"Saída de leito carroçável";"Com Vítimas Feridas";"Pleno dia";"Crescente";"Nublado";"Simples";"Declive;Curva";"Não";2;0;1;1;0;0;2;1;-16,12689406;-41,42462122;"SPRF-MG";"DEL11-MG";"UOP02-DEL11-MG"
339204;2021-01-31;"domingo";"19:45:00";"PE";104;47;"CARUARU";"Velocidade Incompatível";"Colisão com objeto";"Com Vítimas Feridas";"Plena Noite";"Decrescente";"Céu Claro";"Dupla";"Reta";"Não";1;0;1;0;0;0;1;1;-8,1354;-35,9906;"SPRF-PE";"DEL02-PE";"UOP01-DEL02-PE"
339205;2021-02-07;"domingo";"14:20:00";"GO";60;239,3;"CEZARINA";"Chuva";"Saída de leito carroçável";"Com Vítimas Feridas";"Pleno dia";"Crescente";"Chuva";"Dupla";"Declive";"Não";4;0;3;1;0;0;4;1;-17,0946;-49,8649;"SPRF-GO";"DEL01-GO";"UOP02-DEL01-GO"
339206;2021-02-07;"domingo";"13:20:00";"GO";153;578,9;"PROFESSOR JAMIL";"Velocidade Incompatível";"Saída de leito carroçável";"Sem Vítimas";"Pleno dia";"Crescente";"Chuva";"Dupla";"Reta";"Não";1;0;0;0;1;0;0;1;-17,3706;-49,2442;"SPRF-GO";"DEL03-GO";"UOP01-DEL03-GO"
339208;2021-02-07;"domingo";"08:52:00";"PE";424;1,4;"ARCOVERDE";"Animais na Pista";"Colisão transversal";"Com Vítimas Feridas";"Pleno dia";"Crescente";"Céu Claro";"Simples";"Curva";"Não";3;0;2;0;0;1;2;3;-8,43892793;-37,05827086;"SPRF-PE";"DEL03-PE";"UOP02-DEL03-PE"
339209;2021-02-07;"domingo";"13:00:00";"PB";230;9;"CABEDELO";"Ausência de reação do condutor";"Colisão com objeto";"Sem Vítimas";"Pleno dia";"Crescente";"Céu Claro";"Dupla";"Reta";"Sim";1;0;0;0;1;0;0;1;-7,0433;-34,8466;"SPRF-PB";"DEL01-PB";"UOP01-DEL01-PB"
339210;2021-02-07;"domingo";"14:40:00";"GO";70;0;"AGUAS LINDAS DE GOIAS";"Chuva";"Colisão transversal";"Com Vítimas Feridas";"Pleno dia";"Decrescente";"Chuva";"Dupla";"Curva";"Não";4;0;2;0;2;0;2;2;-15,783543;-48,2326;"SPRF-DF";"DEL03-DF";"UOP02-DEL03-DF"
339212;2021-02-07;"domingo";"15:15:00";"PR";369;524,2;"CASCAVEL";"Ingestão de álcool pelo condutor";"Colisão frontal";"Com Vítimas Feridas";"Pleno dia";"Crescente";"Sol";"Simples";"Curva";"Não";2;0;1;0;1;0;1;2;-24,9604;-53,3989;"SPRF-PR";"DEL04-PR";"UOP01-DEL04-PR"
339213;2021-02-07;"domingo";"15:05:00";"CE";304;55;"ARACATI";"Problema com o freio";"Queda de ocupante de veículo";"Com Vítimas Feridas";"Pleno dia";"Decrescente";"Céu Claro";"Simples";"Reta";"Sim";2;0;0;2;0;0;2;1;-4,58046268;-37,71961988;"SPRF-CE";"DEL03-CE";"UOP03-DEL03-CE"
339214;2021-02-07;"domingo";"14:05:00";"DF";20;54;"BRASILIA";"Velocidade Incompatível";"Colisão traseira";"Com Vítimas Feridas";"Pleno dia";"Decrescente";"Chuva";"Dupla";"Aclive";"Não";5;0;1;1;1;2;2;3;-15,578154;-47,384861;"SPRF-DF";"DEL02-DF";"UOP01-DEL02-DF"
339218;2021-02-07;"domingo";"14:30:00";"PR";163;249,8;"TOLEDO";"Manobra de mudança de faixa";"Colisão lateral mesmo sentido";"Com Vítimas Feridas";"Pleno dia";"Crescente";"Sol";"Dupla";"Reta";"Não";2;0;1;0;1;0;1;2;-24,69102894;-53,74568246;"SPRF-PR";"DEL06-PR";"UOP02-DEL06-PR"
339219;2021-02-07;"domingo";"08:30:00";"MG";116;510,4;"UBAPORANGA";"Reação tardia ou ineficiente do condutor";"Colisão traseira";"Com Vítimas Feridas";"Pleno dia";"Crescente";"Chuva";"Simples";"Reta";"Sim";2;0;1;0;1;0;1;2;-19,64532085;-42,10796743;"SPRF-MG";"DEL06-MG";"UOP02-DEL06-MG"
339225;2021-02-07;"domingo";"10:30:00";"ES";482;64;"JERONIMO MONTEIRO";"Acessar a via sem observar a presença dos outros veículos";"Colisão transversal";"Com Vítimas Feridas";"Pleno dia";"Decrescente";"Chuva";"Simples";"Reta";"Não";2;0;1;0;1;0;1;2;-20,79315184;-41,39670712;"SPRF-ES";"DEL03-ES";"UOP02-DEL03-ES"
339227;2021-02-07;"domingo";"15:50:00";"MG";40;511,5;"RIBEIRAO DAS NEVES";"Reação tardia ou ineficiente do condutor";"Colisão traseira";"Com Vítimas Feridas";"Pleno dia";"Crescente";"Chuva";"Dupla";"Reta";"Sim";3;0;1;0;1;1;1;2;-19,78164295;-44,11733194;"SPRF-MG";"DEL01-MG";"UOP02-DEL01-MG"
339228;2021-02-07;"domingo";"16:35:00";"SP";116;70,1;"APARECIDA";"Ingestão de álcool ou de substâncias psicoativas pelo pedestre";"Atropelamento de Pedestre";"Com Vítimas Feridas";"Pleno dia";"Decrescente";"Garoa/Chuvisco";"Dupla";"Curva;Declive";"Sim";2;0;1;0;1;0;1;2;-22,84852898;-45,22705084;"SPRF-SP";"DEL08-SP";"UOP01-DEL08-SP"
339229;2021-02-07;"domingo";"10:00:00";"RO";435;61;"VILHENA";"Acumulo de areia ou detritos sobre o pavimento";"Queda de ocupante de veículo";"Com Vítimas Feridas";"Pleno dia";"Crescente";"Nublado";"Simples";"Curva";"Não";1;0;0;1;0;0;1;1;-13,06235499;-60,39230398;"SPRF-RO";"DEL04-RO";"UOP02-DEL04-RO"
339230;2021-02-07;"domingo";"16:20:00";"SE";101;102;"SAO CRISTOVAO";"Entrada inopinada do pedestre";"Atropelamento de Pedestre";"Com Vítimas Feridas";"Pleno dia";"Decrescente";"Céu Claro";"Dupla";"Reta";"Não";2;0;0;1;1;0;1;2;-10,94880037;-37,21099182;"SPRF-SE";"DEL02-SE";"UOP01-DEL02-SE"
339231;2021-02-07;"domingo";"16:35:00";"SC";101;214,1;"PALHOCA";"Velocidade Incompatível";"Colisão traseira";"Com Vítimas Feridas";"Pleno dia";"Decrescente";"Chuva";"Múltipla";"Reta";"Sim";3;0;1;0;2;0;1;3;-27,64443;-48,67057;"SPRF-SC";"DEL01-SC";"UOP02-DEL01-SC"
339232;2021-02-07;"domingo";"16:00:00";"PR";369;146,3;"LONDRINA";"Frear bruscamente";"Colisão com objeto";"Com Vítimas Feridas";"Pleno dia";"Decrescente";"Céu Claro";"Dupla";"Aclive";"Sim";2;0;1;0;1;0;1;2;-23,29304272;-51,10970937;"SPRF-PR";"DEL07-PR";"UOP01-DEL07-PR"
339233;2021-02-07;"domingo";"16:15:00";"SP";116;281;"EMBU DAS ARTES";"Ausência de reação do condutor";"Colisão lateral mesmo sentido";"Com Vítimas Feridas";"Pleno dia";"Crescente";"Céu Claro";"Dupla";"Reta";"Sim";2;0;1;0;1;0;1;2;-23,67784787;-46,85769227;"SPRF-SP";"DEL04-SP";"UOP01-DEL04-SP"
339234;2021-02-07;"domingo";"13:20:00";"RJ";40;90;"PETROPOLIS";"Pista Escorregadia";"Saída de leito carroçável";"Com Vítimas Feridas";"Pleno dia";"Decrescente";"Garoa/Chuvisco";"Simples";"Curva";"Sim";3;0;1;0;2;0;1;1;-22,550738;-43,236397;"SPRF-RJ";"DEL06-RJ";"UOP01-DEL06-RJ"
339235;2021-02-07;"domingo";"17:00:00";"MG";40;782,6;"JUIZ DE FORA";"Condutor Dormindo";"Saída de leito carroçável";"Com Vítimas Feridas";"Anoitecer";"Decrescente";"Chuva";"Dupla";"Declive";"Sim";1;0;1;0;0;0;1;1;-21,69593719;-43,44982474;"SPRF-MG";"DEL05-MG";"UOP01-DEL05-MG"
339236;2021-02-07;"domingo";"17:15:00";"MG";40;457;"CAETANOPOLIS";"Acumulo de água sobre o pavimento";"Saída de leito carroçável";"Com Vítimas Feridas";"Pleno dia";"Decrescente";"Chuva";"Dupla";"Reta";"Não";3;0;2;0;1;0;2;1;-19,371466;-44,336132;"SPRF-MG";"DEL02-MG";"UOP01-DEL02-MG"
339237;2021-02-07;"domingo";"14:15:00";"PR";277;123,1;"CAMPO LARGO";"Velocidade Incompatível";"Colisão com objeto";"Com Vítimas Feridas";"Pleno dia";"Crescente";"Sol";"Dupla";"Reta";"Não";2;0;1;1;0;0;2;1;-25,44558428;-49,46924586;"SPRF-PR";"DEL01-PR";"UOP03-DEL03-PR"
339242;2021-02-07;"domingo";"17:50:00";"CE";222;240,9;"SOBRAL";"Ingestão de álcool pelo condutor";"Saída de leito carroçável";"Com Vítimas Feridas";"Anoitecer";"Decrescente";"Céu Claro";"Simples";"Declive;Reta";"Não";3;0;3;0;0;0;3;1;-3,73784;-40,48962;"SPRF-CE";"DEL04-CE";"UOP01-DEL04-CE"
339243;2021-02-07;"domingo";"17:35:00";"PR";467;110,2;"CASCAVEL";"Velocidade Incompatível";"Capotamento";"Com Vítimas Feridas";"Pleno dia";"Decrescente";"Céu Claro";"Dupla";"Reta";"Sim";1;0;1;0;0;0;1;1;-24,9299;-53,4505;"SPRF-PR";"DEL04-PR";"UOP01-DEL04-PR"
339244;2021-02-07;"domingo";"17:50:00";"SC";101;215;"PALHOCA";"Ingestão de álcool pelo condutor";"Colisão traseira";"Com Vítimas Feridas";"Pleno dia";"Crescente";"Céu Claro";"Simples";"Reta";"Sim";4;0;3;0;1;0;3;3;-27,65184843;-48,67604941;"SPRF-SC";"DEL01-SC";"UOP02-DEL01-SC"
339247;2021-02-07;"domingo";"17:30:00";"SP";153;54,7;"SAO JOSE DO RIO PRETO";"Ingestão de álcool pelo condutor";"Saída de leito carroçável";"Com Vítimas Feridas";"Pleno dia";"Decrescente";"Sol";"Dupla";"Reta";"Não";1;0;1;0;0;0;1;1;-20,74488916;-49,33894564;"SPRF-SP";"DEL09-SP";"UOP01-DEL09-SP"
339250;2021-02-07;"domingo";"14:40:00";"MA";135;194;"ALTO ALEGRE DO MARANHAO";"Manobra de mudança de faixa";"Colisão transversal";"Com Vítimas Feridas";"Pleno dia";"Decrescente";"Céu Claro";"Simples";"Declive";"Não";2;0;1;0;1;0;1;2;-4,14554702;-44,47018245;"SPRF-MA";"DEL03-MA";"UOP01-DEL03-MA"
339252;2021-02-07;"domingo";"18:44:00";"RN";101;82,6;"SAO GONCALO DO AMARANTE";"Ingestão de álcool pelo condutor";"Colisão traseira";"Sem Vítimas";"Plena Noite";"Crescente";"Céu Claro";"Dupla";"Reta";"Sim";3;0;0;0;3;0;0;3;-5,76791511;-35,27456305;"SPRF-RN";"DEL02-RN";"UOP01-DEL02-RN"
339253;2021-02-07;"domingo";"18:00:00";"GO";40;5;"VALPARAISO DE GOIAS";"Chuva";"Colisão traseira";"Com Vítimas Feridas";"Anoitecer";"Decrescente";"Garoa/Chuvisco";"Dupla";"Reta";"Sim";4;0;0;1;2;1;1;2;-16,093134;-47,982236;"SPRF-DF";"DEL01-DF";"UOP01-DEL01-DF"
339254;2021-02-07;"domingo";"17:20:00";"GO";60;17,1;"ALEXANIA";"Pista Escorregadia";"Colisão lateral sentido oposto";"Com Vítimas Fatais";"Pleno dia";"Crescente";"Garoa/Chuvisco";"Dupla";"Curva";"Não";26;2;1;0;23;0;1;3;-16,094168;-48,517212;"SPRF-DF";"DEL03-DF";"UOP01-DEL03-DF"
339255;2021-02-07;"domingo";"18:00:00";"PE";101;83;"JABOATAO DOS GUARARAPES";"Acessar a via sem observar a presença dos outros veículos";"Colisão transversal";"Com Vítimas Feridas";"Anoitecer";"Crescente";"Céu Claro";"Múltipla";"Reta";"Sim";3;0;0;1;1;1;1;3;-8,175172;-34,942642;"SPRF-PE";"DEL01-PE";"UOP03-DEL01-PE"
339256;2021-02-07;"domingo";"18:00:00";"PE";101;104;"CABO DE SANTO AGOSTINHO";"Acesso irregular";"Capotamento";"Sem Vítimas";"Plena Noite";"Decrescente";"Céu Claro";"Dupla";"Curva";"Sim";1;0;0;0;1;0;0;1;-8,29739778;-35,06293971;"SPRF-PE";"DEL01-PE";"UOP03-DEL01-PE"
339257;2021-02-07;"domingo";"18:30:00";"BA";116;355,2;"SERRINHA";"Ingestão de álcool pelo condutor";"Saída de leito carroçável";"Com Vítimas Feridas";"Plena Noite";"Crescente";"Céu Claro";"Simples";"Reta;Aclive";"Não";1;0;0;1;0;0;1;1;-11,639262;-38,983972;"SPRF-BA";"DEL02-BA";"UOP01-DEL02-BA"
339259;2021-02-07;"domingo";"18:10:00";"RS";386;273,4;"FONTOURA XAVIER";"Desrespeitar a preferência no cruzamento";"Colisão transversal";"Com Vítimas Feridas";"Pleno dia";"Crescente";"Céu Claro";"Simples";"Declive;Reta";"Não";5;0;1;0;3;1;1;2;-28,994553;-52,359726;"SPRF-RS";"DEL04-RS";"UOP03-DEL04-RS"
339260;2021-02-07;"domingo";"18:40:00";"RS";116;37;"VACARIA";"Desrespeitar a preferência no cruzamento";"Colisão transversal";"Com Vítimas Feridas";"Pleno dia";"Crescente";"Céu Claro";"Simples";"Rotatória";"Sim";4;0;1;0;3;0;1;2;-28,49837743;-50,91743588;"SPRF-RS";"DEL05-RS";"UOP03-DEL05-RS"
339261;2021-02-07;"domingo";"18:20:00";"RN";101;72,4;"EXTREMOZ";"Demais falhas mecânicas ou elétricas";"Colisão com objeto";"Com Vítimas Feridas";"Plena Noite";"Crescente";"Céu Claro";"Simples";"Declive";"Não";1;0;0;1;0;0;1;1;-5,69866248;-35,26316835;"SPRF-RN";"DEL02-RN";"UOP01-DEL02-RN"
339263;2021-02-07;"domingo";"18:20:00";"CE";222;82;"UMIRIM";"Restrição de visibilidade em curvas horizontais";"Colisão frontal";"Com Vítimas Feridas";"Plena Noite";"Crescente";"Céu Claro";"Simples";"Curva";"Não";2;0;1;0;1;0;1;2;-3,6766884;-39,27707004;"SPRF-CE";"DEL04-CE";"UOP03-DEL04-CE"
339265;2021-02-07;"domingo";"19:00:00";"MG";262;113;"RIO CASCA";"Ausência de reação do condutor";"Colisão frontal";"Com Vítimas Feridas";"Plena Noite";"Decrescente";"Chuva";"Simples";"Curva";"Não";6;0;1;0;5;0;1;2;-20,25079502;-42,60286704;"SPRF-MG";"DEL03-MG";"UOP03-DEL03-MG"
339267;2021-02-07;"domingo";"17:20:00";"RJ";40;44;"AREAL";"Velocidade Incompatível";"Colisão com objeto";"Com Vítimas Feridas";"Anoitecer";"Decrescente";"Garoa/Chuvisco";"Dupla";"Curva";"Não";2;0;2;0;0;0;2;1;-22,27275475;-43,10869115;"SPRF-RJ";"DEL05-RJ";"UOP02-DEL05-RJ"
339269;2021-02-07;"domingo";"18:40:00";"PR";467;100;"CASCAVEL";"Velocidade Incompatível";"Capotamento";"Com Vítimas Feridas";"Pleno dia";"Decrescente";"Sol";"Dupla";"Reta";"Não";2;0;1;0;1;0;1;1;-24,8947;-53,5355;"SPRF-PR";"DEL04-PR";"UOP01-DEL04-PR"
339271;2021-02-07;"domingo";"19:45:00";"SC";101;206;"SAO JOSE";"Condutor deixou de manter distância do veículo da frente";"Colisão traseira";"Com Vítimas Feridas";"Plena Noite";"Decrescente";"Céu Claro";"Dupla";"Reta";"Sim";2;0;1;0;1;0;1;2;-27,59193546;-48,61824557;"SPRF-SC";"DEL01-SC";"UOP01-DEL01-SC"
339272;2021-02-07;"domingo";"18:00:00";"MG";262;382;"JUATUBA";"Chuva";"Saída de leito carroçável";"Sem Vítimas";"Anoitecer";"Decrescente";"Chuva";"Dupla";"Curva";"Não";1;0;0;0;1;0;0;1;-19,933956;-44,393574;"SPRF-MG";"DEL01-MG";"UOP03-DEL01-MG"
339273;2021-02-07;"domingo";"20:05:00";"PR";369;147;"LONDRINA";"Velocidade Incompatível";"Queda de ocupante de veículo";"Com Vítimas Feridas";"Plena Noite";"Decrescente";"Céu Claro";"Dupla";"Aclive;Reta";"Sim";3;0;2;1;0;0;3;2;-23,29324928;-51,12938404;"SPRF-PR";"DEL07-PR";"UOP01-DEL07-PR"
339275;2021-02-07;"domingo";"07:15:00";"BA";20;144;"SAO DESIDERIO";"Demais falhas mecânicas ou elétricas";"Saída de leito carroçável";"Com Vítimas Feridas";"Pleno dia";"Decrescente";"Chuva";"Simples";"Curva";"Não";2;0;2;0;0;0;2;1;-12,682456;-45,931694;"SPRF-BA";"DEL10-BA";"UOP01-DEL10-BA"
339277;2021-02-07;"domingo";"19:30:00";"PI";343;347,2;"TERESINA";"Ausência de reação do condutor";"Colisão lateral";"Sem Vítimas";"Plena Noite";"Decrescente";"Chuva";"Dupla";"Ponte";"Sim";1;0;0;0;1;0;0;1;-5,114822;-42,778355;"SPRF-PI";"DEL01-PI";"UOP01-DEL01-PI"
339278;2021-02-07;"domingo";"15:50:00";"MG";50;1,2;"ARAGUARI";"Chuva";"Saída de leito carroçável";"Com Vítimas Feridas";"Pleno dia";"Decrescente";"Chuva";"Dupla";"Declive";"Não";1;0;1;0;0;0;1;1;-18,42982393;-48,06250588;"SPRF-MG";"DEL15-MG";"UOP02-DEL15-MG"
339281;2021-02-07;"domingo";"19:20:00";"RJ";101;140;"CARAPEBUS";"Chuva";"Saída de leito carroçável";"Com Vítimas Feridas";"Plena Noite";"Crescente";"Chuva";"Dupla";"Curva";"Não";4;0;2;0;2;0;2;3;-22,178706;-41,74910424;"SPRF-RJ";"DEL08-RJ";"UOP04-DEL08-RJ"
339282;2021-02-07;"domingo";"19:08:00";"RR";174;498;"BOA VISTA";"Transitar no acostamento";"Atropelamento de Pedestre";"Com Vítimas Feridas";"Plena Noite";"Crescente";"Céu Claro";"Dupla";"Reta";"Não";2;0;1;0;1;0;1;2;2,767734;-60,720005;"SPRF-RR";"DEL01-RR";"UOP01-DEL01-RR"
339283;2021-02-07;"domingo";"20:15:00";"PR";376;183;"SARANDI";"Pista em desnível";"Tombamento";"Com Vítimas Feridas";"Plena Noite";"Crescente";"Céu Claro";"Dupla";"Reta";"Sim";1;0;1;0;0;0;1;1;-23,44159097;-51,87067398;"SPRF-PR";"DEL09-PR";"UOP01-DEL09-PR"
339284;2021-02-07;"domingo";"19:30:00";"SC";470;143,9;"RIO DO SUL";"Condutor deixou de manter distância do veículo da frente";"Colisão traseira";"Com Vítimas Feridas";"Plena Noite";"Decrescente";"Céu Claro";"Simples";"Reta";"Não";3;0;1;0;1;1;1;3;-27,233143;-49,672886;"SPRF-SC";"DEL04-SC";"UOP02-DEL04-SC"
339285;2021-02-07;"domingo";"17:40:00";"GO";50;234;"CATALAO";"Avarias e/ou desgaste excessivo no pneu";"Saída de leito carroçável";"Sem Vítimas";"Pleno dia";"Crescente";"Chuva";"Dupla";"Declive;Reta";"Não";1;0;0;0;0;1;0;1;-17,8361;-47,7727;"SPRF-GO";"DEL06-GO";"UOP01-DEL06-GO"