"id";"data_inversa";"dia_semana";"horario";"uf";"br";"km";"municipio";"causa_acidente";"tipo_acidente";"classificacao_acidente";"fase_dia";"sentido_via";"condicao_metereologica";"tipo_pista";"tracado_via";"uso_solo";"pessoas";"mortos";"feridos_leves";"feridos_graves";"ilesos";"ignorados";"feridos";"veiculos";"latitude";"longitude";"regional";"delegacia";"uop"
339287;2021-02-07;"domingo";"19:40:00";"PR";277;719;"FOZ DO IGUACU";"Ingestão de álcool pelo condutor";"Capotamento";"Com Vítimas Feridas";"Pleno dia";"Crescente";"Céu Claro";"Dupla";"Reta";"Não";1;0;1;0;0;0;1;1;-25,48375622;-54,49425791;"SPRF-PR";"DEL05-PR";"UOP03-DEL05-PR"
339288;2021-02-07;"domingo";"20:00:00";"CE";230;48,6;"LAVRAS DA MANGABEIRA";"Animais na Pista";"Atropelamento de Animal";"Com Vítimas Fatais";"Pleno dia";"Crescente";"Céu Claro";"Simples";"Reta";"Não";2;1;0;1;0;0;1;1;-6,767618;-39,030212;"SPRF-CE";"DEL05-CE";"UOP01-DEL05-CE"
339289;2021-02-07;"domingo";"20:35:00";"RS";153;32,3;"ERECHIM";"Ultrapassagem Indevida";"Saída de leito carroçável";"Com Vítimas Feridas";"Plena Noite";"Crescente";"Céu Claro";"Simples";"Reta";"Não";2;0;2;0;0;0;2;1;-27,53642327;-52,18118652;"SPRF-RS";"DEL08-RS";"UOP04-DEL08-RS"
339290;2021-02-07;"domingo";"19:30:00";"PR";376;629,4;"SAO JOSE DOS PINHAIS";"Ingestão de álcool pelo condutor";"Colisão com objeto";"Sem Vítimas";"Plena Noite";"Decrescente";"Nublado";"Dupla";"Reta";"Sim";1;0;0;0;1;0;0;1;-25,68698314;-49,14684542;"SPRF-PR";"DEL01-PR";"UOP04-DEL01-PR"
339291;2021-02-07;"domingo";"17:52:00";"RO";364;224;"PIMENTA BUENO";"Transitar no acostamento";"Colisão lateral mesmo sentido";"Com Vítimas Feridas";"Pleno dia";"Crescente";"Céu Claro";"Simples";"Reta";"Sim";3;0;1;0;2;0;1;2;-11,51461423;-61,35415792;"SPRF-RO";"DEL02-RO";"UOP02-DEL02-RO"
339292;2021-02-07;"domingo";"20:30:00";"SC";101;207,9;"SAO JOSE";"Trafegar com motocicleta (ou similar) entre as faixas";"Colisão lateral";"Com Vítimas Feridas";"Plena Noite";"Decrescente";"Nublado";"Dupla";"Reta";"Sim";2;0;0;1;1;0;1;2;-27,60001226;-48,6226467;"SPRF-SC";"DEL01-SC";"UOP01-DEL01-SC"
339293;2021-02-07;"domingo";"17:30:00";"SC";282;605,4;"MARAVILHA";"Reação tardia ou ineficiente do condutor";"Colisão com objeto";"Com Vítimas Feridas";"Pleno dia";"Crescente";"Céu Claro";"Simples";"Rotatória;Em Obras;Declive";"Sim";1;0;0;1;0;0;1;1;-26,786951;-53,195248;"SPRF-SC";"DEL07-SC";"UOP02-DEL07-SC"
339296;2021-02-07;"domingo";"20:40:00";"SC";101;116,2;"ITAJAI";"Frear bruscamente";"Colisão com objeto";"Com Vítimas Feridas";"Plena Noite";"Decrescente";"Céu Claro";"Múltipla";"Reta";"Sim";3;0;1;0;2;0;1;2;-26,87905605;-48,72603512;"SPRF-SC";"DEL04-SC";"UOP04-DEL04-SC"
339297;2021-02-07;"domingo";"20:20:00";"MG";381;481,9;"CONTAGEM";"Velocidade Incompatível";"Engavetamento";"Com Vítimas Feridas";"Plena Noite";"Crescente";"Chuva";"Dupla";"Reta;Aclive";"Sim";4;0;1;0;3;0;1;3;-19,95915056;-44,07414436;"SPRF-MG";"DEL01-MG";"UOP03-DEL01-MG"
339298;2021-02-07;"domingo";"21:30:00";"MG";381;482;"CONTAGEM";"Condutor deixou de manter distância do veículo da frente";"Colisão traseira";"Com Vítimas Feridas";"Plena Noite";"Crescente";"Céu Claro";"Múltipla";"Reta";"Sim";4;0;1;0;3;0;1;3;-19,955532;-44,097209;"SPRF-MG";"DEL01-MG";"UOP03-DEL01-MG"
339299;2021-02-07;"domingo";"18:10:00";"GO";153;400,3;"PIRENOPOLIS";"Acumulo de água sobre o pavimento";"Saída de leito carroçável";"Com Vítimas Feridas";"Anoitecer";"Decrescente";"Chuva";"Simples";"Aclive";"Não";1;0;1;0;0;0;1;1;-16,03739962;-49,08245087;"SPRF-GO";"DEL02-GO";"UOP02-DEL02-GO"
339304;2021-02-07;"domingo";"21:30:00";"RS";448;0,3;"SAPUCAIA DO SUL";"Reação tardia ou ineficiente do condutor";"Tombamento";"Com Vítimas Feridas";"Plena Noite";"Crescente";"Céu Claro";"Dupla";"Curva";"Sim";2;0;1;1;0;0;2;1;-29,82701851;-51,17448807;"SPRF-RS";"DEL01-RS";"UOP02-DEL01-RS"
339306;2021-02-07;"domingo";"19:20:00";"MG";40;735,2;"SANTOS DUMONT";"Reação tardia ou ineficiente do condutor";"Colisão transversal";"Sem Vítimas";"Plena Noite";"Decrescente";"Chuva";"Simples";"Reta";"Não";2;0;0;0;2;0;0;2;-21,37012696;-43,57558994;"SPRF-MG";"DEL05-MG";"UOP01-DEL05-MG"
339307;2021-02-07;"domingo";"20:45:00";"PR";277;118;"CAMPO LARGO";"Condutor deixou de manter distância do veículo da frente";"Colisão traseira";"Com Vítimas Feridas";"Plena Noite";"Decrescente";"Céu Claro";"Dupla";"Reta";"Sim";2;0;0;1;0;1;1;2;-25,452655;-49,549641;"SPRF-PR";"DEL01-PR";"UOP03-DEL03-PR"
339308;2021-02-07;"domingo";"21:20:00";"MA";316;258,7;"SANTA INES";"Reação tardia ou ineficiente do condutor";"Incêndio";"Sem Vítimas";"Plena Noite";"Decrescente";"Céu Claro";"Simples";"Reta";"Sim";1;0;0;0;1;0;0;1;-3,657972;-45,407597;"SPRF-MA";"DEL02-MA";"UOP01-DEL02-MA"
339310;2021-02-07;"domingo";"22:15:00";"RS";472;548;"URUGUAIANA";"Velocidade Incompatível";"Capotamento";"Com Vítimas Feridas";"Plena Noite";"Crescente";"Céu Claro";"Simples";"Reta";"Não";1;0;0;1;0;0;1;1;-29,5565333;-56,84791967;"SPRF-RS";"DEL13-RS";"UOP01-DEL13-RS"
339311;2021-02-07;"domingo";"21:20:00";"MG";40;647,4;"CRISTIANO OTONI";"Velocidade Incompatível";"Colisão frontal";"Com Vítimas Feridas";"Plena Noite";"Crescente";"Garoa/Chuvisco";"Simples";"Reta;Aclive";"Não";6;0;5;0;1;0;5;2;-20,80378082;-43,80884171;"SPRF-MG";"DEL05-MG";"UOP02-DEL05-MG"
339313;2021-02-07;"domingo";"21:15:00";"PE";101;192;"PALMARES";"Ausência de reação do condutor";"Queda de ocupante de veículo";"Com Vítimas Feridas";"Plena Noite";"Decrescente";"Céu Claro";"Dupla";"Curva";"Não";1;0;1;0;0;0;1;1;-8,71282291;-35,60955915;"SPRF-PE";"DEL01-PE";"UOP03-DEL01-PE"
339316;2021-02-07;"domingo";"20:46:00";"DF";80;13,9;"BRASILIA";"Ingestão de álcool pelo condutor";"Colisão frontal";"Com Vítimas Feridas";"Anoitecer";"Crescente";"Chuva";"Simples";"Declive";"Não";5;0;2;2;1;0;4;2;-15,728034;-48,193768;"SPRF-DF";"DEL03-DF";"UOP02-DEL03-DF"
339319;2021-02-07;"domingo";"21:07:00";"MT";163;825,9;"SINOP";"Condutor Dormindo";"Saída de leito carroçável";"Com Vítimas Feridas";"Plena Noite";"Decrescente";"Garoa/Chuvisco";"Dupla";"Reta";"Sim";1;0;1;0;0;0;1;1;-11,9409636;-55,51612616;"SPRF-MT";"DEL06-MT";"UOP01-DEL06-MT"
339320;2021-02-07;"domingo";"19:25:00";"AL";423;63,8;"AGUA BRANCA";"Acessar a via sem observar a presença dos outros veículos";"Colisão transversal";"Sem Vítimas";"Plena Noite";"Crescente";"Céu Claro";"Simples";"Reta";"Não";6;0;0;0;6;0;0;2;-9,29390121;-37,83582496;"SPRF-AL";"DEL03-AL";"UOP02-DEL03-AL"
339321;2021-02-07;"domingo";"18:15:00";"BA";330;806;"JEQUIE";"Acessar a via sem observar a presença dos outros veículos";"Colisão transversal";"Com Vítimas Feridas";"Anoitecer";"Crescente";"Ignorado";"Simples";"Aclive";"Não";2;0;1;0;1;0;1;2;-13,98328201;-39,94236501;"SPRF-BA";"DEL03-BA";"UOP01-DEL03-BA"
339323;2021-02-07;"domingo";"21:15:00";"PE";232;99,4;"BEZERROS";"Ingestão de álcool ou de substâncias psicoativas pelo pedestre";"Atropelamento de Pedestre";"Com Vítimas Fatais";"Plena Noite";"Decrescente";"Céu Claro";"Dupla";"Reta";"Sim";3;1;2;0;0;0;2;2;-8,2367277;-35,73401605;"SPRF-PE";"DEL02-PE";"UOP02-DEL02PE"
339326;2021-02-07;"domingo";"23:25:00";"DF";20;5;"BRASILIA";"Velocidade Incompatível";"Saída de leito carroçável";"Sem Vítimas";"Plena Noite";"Crescente";"Chuva";"Dupla";"Declive";"Sim";1;0;0;0;1;0;0;1;-15,670546;-47,816044;"SPRF-DF";"DEL02-DF";"UOP01-DEL02-DF"
339329;2021-02-05;"sexta-feira";"22:00:00";"SC";470;57;"BLUMENAU";"Reação tardia ou ineficiente do condutor";"Tombamento";"Com Vítimas Feridas";"Plena Noite";"Crescente";"Céu Claro";"Simples";"Interseção de Vias";"Sim";1;0;1;0;0;0;1;1;-26,880428;-49,136532;"SPRF-SC";"DEL04-SC";"UOP01-DEL04-SC"
339330;2021-02-08;"segunda-feira";"00:20:00";"SC";101;200,4;"SAO JOSE";"Pedestre cruzava a pista fora da faixa";"Atropelamento de Pedestre";"Com Vítimas Feridas";"Plena Noite";"Crescente";"Céu Claro";"Dupla";"Reta";"Sim";2;0;1;0;1;0;1;2;-27,54442581;-48,6205101;"SPRF-SC";"DEL01-SC";"UOP01-DEL01-SC"
339331;2021-02-07;"domingo";"23:45:00";"PR";116;99;"SAO JOSE DOS PINHAIS";"Velocidade Incompatível";"Saída de leito carroçável";"Sem Vítimas";"Plena Noite";"Decrescente";"Céu Claro";"Dupla";"Reta";"Sim";1;0;0;0;1;0;0;1;-25,52682231;-49,14038767;"SPRF-PR";"DEL01-PR";"UOP01-DEL01-PR"
339332;2021-02-08;"segunda-feira";"00:00:00";"SC";101;363;"SANGAO";"Iluminação deficiente";"Atropelamento de Animal";"Com Vítimas Feridas";"Plena Noite";"Crescente";"Céu Claro";"Dupla";"Declive";"Não";2;0;1;0;1;0;1;1;-28,67634681;-49,12963202;"SPRF-SC";"DEL02-SC";"UOP01-DEL02-SC"
339333;2021-02-08;"segunda-feira";"00:15:00";"SC";470;6,6;"NAVEGANTES";"Animais na Pista";"Atropelamento de Animal";"Com Vítimas Feridas";"Plena Noite";"Decrescente";"Nublado";"Dupla";"Reta";"Não";2;0;1;0;1;0;1;1;-26,852238;-48,709545;"SPRF-SC";"DEL04-SC";"UOP04-DEL04-SC"
339336;2021-02-07;"domingo";"21:50:00";"RO";364;398;"OURO PRETO DO OESTE";"Ausência de reação do condutor";"Queda de ocupante de veículo";"Com Vítimas Feridas";"Plena Noite";"Crescente";"Nublado";"Simples";"Reta";"Não";1;0;1;0;0;0;1;1;-10,61764701;-62,33150501;"SPRF-RO";"DEL03-RO";"UOP02-DEL03-RO"
339338;2021-02-07;"domingo";"21:00:00";"SP";116;63;"GUARATINGUETA";"Pedestre cruzava a pista fora da faixa";"Atropelamento de Pedestre";"Com Vítimas Feridas";"Plena Noite";"Decrescente";"Nublado";"Dupla";"Reta";"Sim";2;0;1;1;0;0;2;2;-22,81269631;-45,1780086;"SPRF-SP";"DEL08-SP";"UOP01-DEL08-SP"
339339;2021-02-07;"domingo";"23:55:00";"MG";262;789,5;"UBERABA";"Animais na Pista";"Atropelamento de Animal";"Com Vítimas Feridas";"Plena Noite";"Crescente";"Céu Claro";"Simples";"Reta";"Não";1;0;1;0;0;0;1;1;-19,76031983;-47,84038303;"SPRF-MG";"DEL13-MG";"UOP01-DEL13-MG"
339340;2021-02-07;"domingo";"23:56:00";"SP";116;102,2;"PINDAMONHANGABA";"Avarias e/ou desgaste excessivo no pneu";"Tombamento";"Com Vítimas Feridas";"Plena Noite";"Decrescente";"Nublado";"Dupla";"Aclive";"Não";1;0;1;0;0;0;1;1;-22,99497994;-45,48951403;"SPRF-SP";"DEL08-SP";"UOP01-DEL08-SP"
339342;2021-02-08;"segunda-feira";"00:01:00";"PR";373;223;"IMBITUVA";"Ingestão de álcool pelo condutor";"Saída de leito carroçável";"Com Vítimas Feridas";"Plena Noite";"Crescente";"Céu Claro";"Simples";"Declive";"Não";5;0;3;1;1;0;4;1;-25,17835987;-50,60094493;"SPRF-PR";"DEL03-PR";"UOP04-DEL03-PR"
339344;2021-02-08;"segunda-feira";"01:15:00";"MT";163;813;"SINOP";"Condutor Dormindo";"Saída de leito carroçável";"Com Vítimas Feridas";"Plena Noite";"Crescente";"Nublado";"Simples";"Reta";"Não";7;0;3;0;4;0;3;1;-12,18052509;-55,52606686;"SPRF-MT";"DEL06-MT";"UOP01-DEL06-MT"
339345;2021-02-08;"segunda-feira";"02:45:00";"GO";20;166,2;"ALVORADA DO NORTE";"Ultrapassagem Indevida";"Saída de leito carroçável";"Com Vítimas Fatais";"Plena Noite";"Crescente";"Chuva";"Simples";"Reta";"Não";5;1;0;1;3;0;1;1;-14,574918;-46,576359;"SPRF-DF";"DEL02-DF";"UOP03-DEL02-DF"
339346;2021-02-08;"segunda-feira";"02:00:00";"PB";230;61,7;"CRUZ DO ESPIRITO SANTO";"Condutor Dormindo";"Saída de leito carroçável";"Com Vítimas Feridas";"Plena Noite";"Decrescente";"Céu Claro";"Dupla";"Reta;Aclive";"Não";1;0;0;1;0;0;1;1;-7,20056543;-35,16122818;"SPRF-PB";"DEL01-PB";"UOP03-DEL01-PB"
339348;2021-02-08;"segunda-feira";"03:00:00";"SP";153;63,9;"SAO JOSE DO RIO PRETO";"Ingestão de álcool pelo condutor";"Saída de leito carroçável";"Com Vítimas Feridas";"Plena Noite";"Decrescente";"Céu Claro";"Simples";"Curva";"Sim";1;0;1;0;0;0;1;1;-20,83009552;-49,36045647;"SPRF-SP";"DEL09-SP";"UOP01-DEL09-SP"
339349;2021-02-08;"segunda-feira";"03:00:00";"SC";101;224;"PALHOCA";"Ingestão de álcool pelo condutor";"Tombamento";"Com Vítimas Feridas";"Plena Noite";"Decrescente";"Céu Claro";"Dupla";"Reta";"Não";1;0;0;1;0;0;1;1;-27,72384789;-48,64386769;"SPRF-SC";"DEL01-SC";"UOP02-DEL01-SC"
339350;2021-02-08;"segunda-feira";"04:40:00";"CE";116;442,2;"BARRO";"Mal súbito do condutor";"Tombamento";"Com Vítimas Feridas";"Amanhecer";"Crescente";"Céu Claro";"Simples";"Reta";"Não";1;0;0;1;0;0;1;1;-7,063959;-38,783943;"SPRF-CE";"DEL05-CE";"UOP03-DEL05-CE"
339355;2021-02-08;"segunda-feira";"04:50:00";"CE";222;76,5;"SAO LUIS DO CURU";"Ultrapassagem Indevida";"Colisão lateral";"Sem Vítimas";"Amanhecer";"Crescente";"Céu Claro";"Simples";"Reta";"Sim";2;0;0;0;2;0;0;2;-3,6711782;-39,22446802;"SPRF-CE";"DEL04-CE";"UOP03-DEL04-CE"
339357;2021-02-08;"segunda-feira";"04:50:00";"RS";285;299,2;"PASSO FUNDO";"Ultrapassagem Indevida";"Colisão frontal";"Sem Vítimas";"Plena Noite";"Decrescente";"Céu Claro";"Simples";"Reta";"Sim";3;0;0;0;1;2;0;3;-28,234184;-52,43314;"SPRF-RS";"DEL08-RS";"UOP03-DEL08-RS"
339358;2021-02-07;"domingo";"20:30:00";"MG";262;913,3;"COMENDADOR GOMES";"Ingestão de álcool pelo condutor";"Saída de leito carroçável";"Com Vítimas Feridas";"Plena Noite";"Crescente";"Céu Claro";"Simples";"Interseção de Vias";"Não";1;0;1;0;0;0;1;1;-19,629816;-48,84921;"SPRF-MG";"DEL13-MG";"UOP02-DEL13-MG"
339359;2021-02-08;"segunda-feira";"06:20:00";"CE";222;63,5;"SAO GONCALO DO AMARANTE";"Retorno proibido";"Colisão transversal";"Com Vítimas Feridas";"Pleno dia";"Decrescente";"Céu Claro";"Dupla";"Interseção de Vias";"Sim";2;0;1;0;1;0;1;2;-3,6717776;-39,10726798;"SPRF-CE";"DEL01-CE";"UOP03-DEL01-CE"
339360;2021-02-08;"segunda-feira";"06:15:00";"PR";116;103;"SAO JOSE DOS PINHAIS";"Ausência de reação do condutor";"Capotamento";"Com Vítimas Feridas";"Amanhecer";"Decrescente";"Nublado";"Dupla";"Reta";"Não";1;0;1;0;0;0;1;1;-25,55944814;-49,15099774;"SPRF-PR";"DEL01-PR";"UOP01-DEL01-PR"
339362;2021-02-08;"segunda-feira";"06:20:00";"PE";232;11,1;"JABOATAO DOS GUARARAPES";"Ausência de reação do condutor";"Colisão lateral";"Com Vítimas Feridas";"Pleno dia";"Decrescente";"Céu Claro";"Dupla";"Reta";"Sim";3;0;1;0;1;1;1;2;-8,08195464;-34,99545022;"SPRF-PE";"DEL01-PE";"UOP01-DEL01-PE"
339365;2021-01-11;"segunda-feira";"07:20:00";"CE";20;426;"FORTALEZA";"Manobra de mudança de faixa";"Colisão transversal";"Com Vítimas Feridas";"Pleno dia";"Crescente";"Céu Claro";"Dupla";"Reta";"Não";2;0;0;1;1;0;1;2;-3,76999035;-38,67006282;"SPRF-CE";"DEL01-CE";"UOP02-DEL01-CE"
339370;2021-02-08;"segunda-feira";"06:00:00";"MG";381;427;"CAETE";"Velocidade Incompatível";"Colisão traseira";"Com Vítimas Feridas";"Pleno dia";"Crescente";"Céu Claro";"Simples";"Reta;Desvio Temporário;Em Obras;Aclive";"Não";2;0;0;1;1;0;1;2;-19,78854826;-43,69815304;"SPRF-MG";"DEL01-MG";"UOP01-DEL01-MG"
339373;2021-02-08;"segunda-feira";"06:30:00";"PR";277;514;"GUARANIACU";"Transitar na contramão";"Colisão lateral";"Sem Vítimas";"Pleno dia";"Decrescente";"Céu Claro";"Simples";"Reta";"Não";2;0;0;0;2;0;0;2;-25,12139149;-52,79564198;"SPRF-PR";"DEL04-PR";"UOP01-DEL04-PR"
339374;2021-02-08;"segunda-feira";"07:40:00";"PR";116;125;"CURITIBA";"Condutor deixou de manter distância do veículo da frente";"Engavetamento";"Com Vítimas Feridas";"Pleno dia";"Crescente";"Sol";"Dupla";"Reta";"Sim";5;0;1;0;4;0;1;3;-25,59505309;-49,31630659;"SPRF-PR";"DEL01-PR";"UOP03-DEL01-PR"
339375;2021-02-08;"segunda-feira";"07:55:00";"DF";40;0,3;"BRASILIA";"Trafegar com motocicleta (ou similar) entre as faixas";"Colisão lateral";"Com Vítimas Feridas";"Pleno dia";"Decrescente";"Nublado";"Dupla";"Reta";"Sim";2;0;1;0;1;0;1;2;-15,976897;-47,990129;"SPRF-DF";"DEL01-DF";"UOP01-DEL01-DF"
339376;2021-02-08;"segunda-feira";"07:20:00";"RS";290;87;"PORTO ALEGRE";"Trafegar com motocicleta (ou similar) entre as faixas";"Queda de ocupante de veículo";"Com Vítimas Feridas";"Pleno dia";"Crescente";"Céu Claro";"Múltipla";"Reta";"Não";2;0;1;0;1;0;1;2;-29,967838;-51,127197;"SPRF-RS";"DEL01-RS";"UOP01-DEL01-RS"
339377;2021-02-08;"segunda-feira";"07:25:00";"SC";163;67,3;"SAO MIGUEL DO OESTE";"Condutor deixou de manter distância do veículo da frente";"Colisão traseira";"Com Vítimas Feridas";"Pleno dia";"Crescente";"Céu Claro";"Dupla";"Reta";"Sim";2;0;1;0;1;0;1;2;-26,75672379;-53,50058556;"SPRF-SC";"DEL07-SC";"UOP03-DEL07-SC"
339379;2021-02-07;"domingo";"20:00:00";"PB";405;6;"UIRAUNA";"Ausência de reação do condutor";"Saída de leito carroçável";"Sem Vítimas";"Plena Noite";"Crescente";"Céu Claro";"Simples";"Reta";"Não";1;0;0;0;0;1;0;1;-6,502092;-38,401814;"SPRF-PB";"DEL03-PB";"UOP03-DEL03-PB"
339380;2021-02-08;"segunda-feira";"06:30:00";"SC";282;190;"LAGES";"Condutor Dormindo";"Saída de leito carroçável";"Com Vítimas Feridas";"Amanhecer";"Crescente";"Céu Claro";"Simples";"Curva";"Não";2;0;2;0;0;0;2;1;-27,736708;-50,036961;"SPRF-SC";"DEL05-SC";"UOP01-DEL05-SC"
339381;2021-01-10;"domingo";"15:26:00";"PE";316;7;"ARARIPINA";"Reação tardia ou ineficiente do condutor";"Capotamento";"Com Vítimas Feridas";"Pleno dia";"Decrescente";"Céu Claro";"Simples";"Reta";"Não";2;0;0;1;0;1;1;1;-7,48071193;-40,61057493;"SPRF-PE";"DEL05-PE";"UOP02-DEL05-PE"
339382;2021-02-08;"segunda-feira";"08:24:00";"SC";101;207,6;"SAO JOSE";"Condutor deixou de manter distância do veículo da frente";"Colisão traseira";"Sem Vítimas";"Pleno dia";"Crescente";"Céu Claro";"Múltipla";"Reta";"Não";2;0;0;0;2;0;0;2;-27,60001226;-48,6226467;"SPRF-SC";"DEL01-SC";"UOP01-DEL01-SC"
339383;2021-02-08;"segunda-feira";"06:50:00";"SC";470;148,9;"RIO DO SUL";"Demais falhas mecânicas ou elétricas";"Colisão transversal";"Com Vítimas Feridas";"Amanhecer";"Crescente";"Nublado";"Simples";"Reta";"Não";2;0;1;0;1;0;1;2;-27,246288;-49,694355;"SPRF-SC";"DEL04-SC";"UOP02-DEL04-SC"
339385;2021-02-08;"segunda-feira";"06:30:00";"RJ";101;146,1;"MACAE";"Condutor Dormindo";"Saída de leito carroçável";"Com Vítimas Feridas";"Amanhecer";"Crescente";"Garoa/Chuvisco";"Simples";"Declive;Curva";"Não";1;0;1;0;0;0;1;1;-22,2247969;-41,76777109;"SPRF-RJ";"DEL08-RJ";"UOP04-DEL08-RJ"
339387;2021-02-08;"segunda-feira";"08:10:00";"PR";476;133;"CURITIBA";"Pedestre andava na pista";"Atropelamento de Pedestre";"Com Vítimas Feridas";"Pleno dia";"Crescente";"Céu Claro";"Múltipla";"Reta";"Sim";2;0;0;1;1;0;1;2;-25,47551282;-49,25943375;"SPRF-PR";"DEL01-PR";"UOP03-DEL01-PR"
339389;2021-02-08;"segunda-feira";"07:50:00";"PE";101;67;"RECIFE";"Reação tardia ou ineficiente do condutor";"Colisão traseira";"Com Vítimas Feridas";"Pleno dia";"Decrescente";"Sol";"Dupla";"Reta";"Sim";3;0;2;0;1;0;2;2;-8,042334;-34,943096;"SPRF-PE";"DEL01-PE";"UOP01-DEL01-PE"
339390;2021-02-08;"segunda-feira";"08:00:00";"RS";101;9,7;"TORRES";"Entrada inopinada do pedestre";"Atropelamento de Pedestre";"Com Vítimas Fatais";"Pleno dia";"Crescente";"Sol";"Múltipla";"Reta";"Sim";2;1;0;0;1;0;0;2;-29,36659463;-49,81498545;"SPRF-RS";"DEL03-RS";"UOP02-DEL03-RS"
339394;2021-02-07;"domingo";"14:00:00";"GO";60;275,1;"JANDAIA";"Velocidade Incompatível";"Saída de leito carroçável";"Com Vítimas Feridas";"Pleno dia";"Crescente";"Céu Claro";"Dupla";"Reta;Declive";"Não";2;0;1;1;0;0;2;1;-17,215;-50,1678;"SPRF-GO";"DEL04-GO";"UOP01-DEL04-GO"
339396;2021-02-08;"segunda-feira";"08:15:00";"RS";290;83;"GRAVATAI";"Reação tardia ou ineficiente do condutor";"Colisão traseira";"Sem Vítimas";"Pleno dia";"Crescente";"Céu Claro";"Dupla";"Reta";"Não";3;0;0;0;2;1;0;3;-29,959141;-51,088791;"SPRF-RS";"DEL01-RS";"UOP01-DEL01-RS"
339397;2021-02-08;"segunda-feira";"08:50:00";"RS";290;81;"GRAVATAI";"Reação tardia ou ineficiente do condutor";"Colisão traseira";"Com Vítimas Feridas";"Pleno dia";"Crescente";"Sol";"Dupla";"Reta";"Sim";2;0;1;0;1;0;1;2;-29,954445;-51,06881;"SPRF-RS";"DEL01-RS";"UOP01-DEL01-RS"
339399;2021-02-07;"domingo";"07:30:00";"BA";407;131;"SENHOR DO BONFIM";"Velocidade Incompatível";"Saída de leito carroçável";"Sem Vítimas";"Pleno dia";"Crescente";"Céu Claro";"Simples";"Reta";"Não";1;0;0;0;0;1;0;1;-10,49567411;-40,16127128;"SPRF-BA";"DEL04-BA";"UOP01-DEL04-BA"
339401;2021-02-08;"segunda-feira";"08:40:00";"SC";101;139;"BALNEARIO CAMBORIU";"Reação tardia ou ineficiente do condutor";"Colisão traseira";"Com Vítimas Feridas";"Pleno dia";"Decrescente";"Céu Claro";"Dupla";"Reta";"Não";2;0;1;0;1;0;1;2;-27,02982303;-48,60115006;"SPRF-SC";"DEL04-SC";"UOP03-DEL04-SC"
339402;2021-02-08;"segunda-feira";"06:15:00";"RS";285;332,8;"CARAZINHO";"Mal súbito do condutor";"Saída de leito carroçável";"Com Vítimas Feridas";"Pleno dia";"Crescente";"Céu Claro";"Simples";"Declive";"Não";4;0;1;0;3;0;1;1;-28,29712582;-52,73523331;"SPRF-RS";"DEL08-RS";"UOP03-DEL08-RS"
339404;2021-02-08;"segunda-feira";"09:00:00";"PE";101;68,8;"RECIFE";"Manobra de mudança de faixa";"Colisão lateral";"Com Vítimas Feridas";"Pleno dia";"Decrescente";"Céu Claro";"Múltipla";"Reta";"Sim";2;0;1;0;1;0;1;2;-8,059673;-34,945543;"SPRF-PE";"DEL01-PE";"UOP01-DEL01-PE"
339405;2021-02-08;"segunda-feira";"09:40:00";"PE";104;12;"TAQUARITINGA DO NORTE";"Ultrapassagem Indevida";"Saída de leito carroçável";"Com Vítimas Feridas";"Pleno dia";"Crescente";"Sol";"Simples";"Reta";"Não";1;0;1;0;0;0;1;1;-7,888657;-36,110435;"SPRF-PE";"DEL02-PE";"UOP01-DEL02-PE"
339406;2021-02-08;"segunda-feira";"09:15:00";"MG";40;717,6;"BARBACENA";"Pista Escorregadia";"Colisão com objeto";"Com Vítimas Feridas";"Pleno dia";"Decrescente";"Chuva";"Múltipla";"Aclive";"Não";3;0;1;0;2;0;1;2;-21,26034802;-43,66189055;"SPRF-MG";"DEL05-MG";"UOP01-DEL05-MG"
339412;2021-02-08;"segunda-feira";"07:00:00";"RS";290;105,1;"ELDORADO DO SUL";"Reação tardia ou ineficiente do condutor";"Saída de leito carroçável";"Sem Vítimas";"Pleno dia";"Crescente";"Céu Claro";"Dupla";"Reta";"Sim";1;0;0;0;0;1;0;1;-29,99608;-51,285023;"SPRF-RS";"DEL02-RS";"UOP01-DEL02-RS"
339413;2021-02-08;"segunda-feira";"09:30:00";"GO";20;242,2;"GUARANI DE GOIAS";"Ultrapassagem Indevida";"Colisão frontal";"Com Vítimas Feridas";"Pleno dia";"Crescente";"Garoa/Chuvisco";"Simples";"Reta";"Não";5;0;4;1;0;0;5;2;-14,028019;-46,240612;"SPRF-DF";"DEL02-DF";"UOP03-DEL02-DF"
339414;2021-02-08;"segunda-feira";"10:00:00";"PR";376;614;"SAO JOSE DOS PINHAIS";"Ausência de reação do condutor";"Engavetamento";"Com Vítimas Feridas";"Pleno dia";"Decrescente";"Céu Claro";"Dupla";"Aclive";"Não";6;0;1;0;5;0;1;3;-25,57084314;-49,19356398;"SPRF-PR";"DEL01-PR";"UOP01-DEL01-PR"
339415;2021-02-08;"segunda-feira";"10:59:00";"PR";376;614;"SAO JOSE DOS PINHAIS";"Ausência de reação do condutor";"Colisão traseira";"Com Vítimas Feridas";"Pleno dia";"Crescente";"Sol";"Dupla";"Reta";"Sim";3;0;2;0;1;0;2;2;-25,57084314;-49,19356398;"SPRF-PR";"DEL01-PR";"UOP01-DEL01-PR"