"id";"data_inversa";"dia_semana";"horario";"uf";"br";"km";"municipio";"causa_acidente";"tipo_acidente";"classificacao_acidente";"fase_dia";"sentido_via";"condicao_metereologica";"tipo_pista";"tracado_via";"uso_solo";"pessoas";"mortos";"feridos_leves";"feridos_graves";"ilesos";"ignorados";"feridos";"veiculos";"latitude";"longitude";"regional";"delegacia";"uop"
339695;2021-02-09;"terça-feira";"20:40:00";"PI";316;306,5;"PICOS";"Ultrapassagem Indevida";"Colisão traseira";"Com Vítimas Feridas";"Plena Noite";"Crescente";"Céu Claro";"Simples";"Curva";"Sim";4;0;0;1;3;0;1;3;-7,07700699;-41,50959795;"SPRF-PI";"DEL04-PI";"UOP01-DEL04-PI"
339697;2021-02-05;"sexta-feira";"14:00:00";"MG";365;132,8;"VARZEA DA PALMA";"Velocidade Incompatível";"Saída de leito carroçável";"Com Vítimas Feridas";"Pleno dia";"Crescente";"Ignorado";"Simples";"Reta";"Não";4;0;4;0;0;0;4;1;-17,16269632;-44,78574367;"SPRF-MG";"DEL12-MG";"UOP01-DEL12-MG"
339699;2021-02-09;"terça-feira";"20:50:00";"SP";116;304;"SAO LOURENCO DA SERRA";"Pedestre cruzava a pista fora da faixa";"Atropelamento de Pedestre";"Com Vítimas Feridas";"Plena Noite";"Crescente";"Céu Claro";"Dupla";"Aclive";"Não";2;0;1;0;1;0;1;2;-23,835151;-46,92964497;"SPRF-SP";"DEL04-SP";"UOP01-DEL04-SP"
339700;2021-02-09;"terça-feira";"21:00:00";"RJ";116;40;"TERESOPOLIS";"Animais na Pista";"Atropelamento de Animal";"Com Vítimas Feridas";"Plena Noite";"Crescente";"Nublado";"Simples";"Reta";"Sim";1;0;0;1;0;0;1;1;-22,133427;-42,779522;"SPRF-RJ";"DEL04-RJ";"UOP01-DEL04-RJ"
339701;2021-02-09;"terça-feira";"19:00:00";"ES";482;105;"GUACUI";"Chuva";"Atropelamento de Pedestre";"Com Vítimas Feridas";"Plena Noite";"Crescente";"Chuva";"Simples";"Reta";"Não";2;0;2;0;0;0;2;2;-20,777433;-41,66744;"SPRF-ES";"DEL03-ES";"UOP02-DEL03-ES"
339702;2021-02-09;"terça-feira";"19:30:00";"GO";153;366;"JARAGUA";"Animais na Pista";"Atropelamento de Animal";"Com Vítimas Feridas";"Plena Noite";"Decrescente";"Céu Claro";"Simples";"Declive";"Não";2;0;1;0;1;0;1;2;-15,799685;-49,300167;"SPRF-GO";"DEL02-GO";"UOP02-DEL02-GO"
339703;2021-02-09;"terça-feira";"20:40:00";"SC";101;199,2;"BIGUACU";"Ingestão de álcool pelo condutor";"Colisão traseira";"Sem Vítimas";"Plena Noite";"Crescente";"Céu Claro";"Simples";"Reta";"Não";2;0;0;0;1;1;0;2;-27,53413705;-48,63003205;"SPRF-SC";"DEL01-SC";"UOP01-DEL01-SC"
339704;2021-02-09;"terça-feira";"19:10:00";"RO";364;353;"JI-PARANA";"Condutor deixou de manter distância do veículo da frente";"Colisão frontal";"Sem Vítimas";"Plena Noite";"Decrescente";"Céu Claro";"Simples";"Declive";"Não";1;0;0;0;1;0;0;1;-10,82470302;-62,01461304;"SPRF-RO";"DEL02-RO";"UOP01-DEL02-RO"
339705;2021-02-09;"terça-feira";"20:10:00";"PI";407;421;"PICOS";"Animais na Pista";"Atropelamento de Animal";"Com Vítimas Feridas";"Plena Noite";"Crescente";"Chuva";"Simples";"Reta";"Sim";1;0;0;1;0;0;1;1;-7,07989702;-41,45059599;"SPRF-PI";"DEL04-PI";"UOP01-DEL04-PI"
339711;2021-02-09;"terça-feira";"21:30:00";"MS";267;115;"NOVA ANDRADINA";"Conversão proibida";"Colisão transversal";"Com Vítimas Feridas";"Plena Noite";"Crescente";"Céu Claro";"Simples";"Aclive";"Não";4;0;2;0;2;0;2;2;-21,78851238;-53,17508621;"SPRF-MS";"DEL02-MS";"UOP03-DEL02-MS"
339715;2021-02-09;"terça-feira";"22:10:00";"MG";40;273,5;"TRES MARIAS";"Condutor deixou de manter distância do veículo da frente";"Colisão traseira";"Com Vítimas Feridas";"Plena Noite";"Decrescente";"Chuva";"Simples";"Aclive";"Sim";5;0;2;0;3;0;2;2;-18,18834859;-45,25219384;"SPRF-MG";"DEL14-MG";"UOP02-DEL14-MG"
339717;2021-01-28;"quinta-feira";"19:30:00";"MG";116;587,4;"MANHUACU";"Acessar a via sem observar a presença dos outros veículos";"Colisão transversal";"Com Vítimas Feridas";"Plena Noite";"Decrescente";"Nublado";"Simples";"Reta";"Sim";3;0;1;0;0;2;1;3;-20,2356604;-42,16636777;"SPRF-MG";"DEL06-MG";"UOP03-DEL06-MG"
339720;2021-02-09;"terça-feira";"18:00:00";"AL";101;46;"FLEXEIRAS";"Velocidade Incompatível";"Colisão com objeto";"Com Vítimas Feridas";"Plena Noite";"Crescente";"Vento";"Dupla";"Curva";"Não";1;0;1;0;0;0;1;1;-9,20881594;-35,78213197;"SPRF-AL";"DEL01-AL";"UOP02-DEL01-AL"
339722;2021-02-09;"terça-feira";"18:30:00";"MT";174;101;"CACERES";"Condutor deixou de manter distância do veículo da frente";"Colisão traseira";"Com Vítimas Fatais";"Anoitecer";"Decrescente";"Céu Claro";"Simples";"Reta";"Não";3;1;0;0;2;0;0;3;-15,83767801;-57,877233;"SPRF-MT";"DEL03-MT";"UOP01-DEL03-MT"
339724;2021-02-05;"sexta-feira";"12:17:00";"MG";381;665,8;"PERDOES";"Obstrução na via";"Saída de leito carroçável";"Com Vítimas Feridas";"Pleno dia";"Crescente";"Nublado";"Dupla";"Reta";"Não";1;0;1;0;0;0;1;1;-21,05493912;-45,03103599;"SPRF-MG";"DEL04-MG";"UOP02-DEL04-MG"
339730;2021-02-10;"quarta-feira";"03:10:00";"RJ";40;80;"PETROPOLIS";"Transitar na contramão";"Atropelamento de Pedestre";"Com Vítimas Feridas";"Plena Noite";"Crescente";"Céu Claro";"Simples";"Curva";"Sim";2;0;1;1;0;0;2;2;-22,49798597;-43,22878703;"SPRF-RJ";"DEL06-RJ";"UOP01-DEL06-RJ"
339731;2021-02-10;"quarta-feira";"04:20:00";"GO";153;443;"ANAPOLIS";"Animais na Pista";"Saída de leito carroçável";"Com Vítimas Feridas";"Plena Noite";"Crescente";"Céu Claro";"Dupla";"Reta";"Sim";1;0;1;0;0;0;1;1;-16,334681;-48,922447;"SPRF-GO";"DEL02-GO";"UOP01-DEL02-GO"
339732;2021-02-10;"quarta-feira";"01:00:00";"MA";10;314,5;"ACAILANDIA";"Velocidade Incompatível";"Saída de leito carroçável";"Com Vítimas Feridas";"Plena Noite";"Crescente";"Ignorado";"Simples";"Reta";"Não";3;0;0;2;0;1;2;2;-4,997943;-47,531734;"SPRF-MA";"DEL04-MA";"UOP03-DEL04-MA"
339735;2021-02-10;"quarta-feira";"05:35:00";"SC";101;350;"JAGUARUNA";"Acessar a via sem observar a presença dos outros veículos";"Atropelamento de Pedestre";"Com Vítimas Feridas";"Amanhecer";"Decrescente";"Céu Claro";"Dupla";"Aclive;Reta";"Sim";2;0;0;1;1;0;1;2;-28,58683929;-49,04736757;"SPRF-SC";"DEL02-SC";"UOP01-DEL02-SC"
339736;2021-02-10;"quarta-feira";"06:25:00";"PR";116;125;"CURITIBA";"Condutor deixou de manter distância do veículo da frente";"Colisão lateral";"Com Vítimas Feridas";"Pleno dia";"Crescente";"Céu Claro";"Dupla";"Reta";"Sim";1;0;1;0;0;0;1;1;-25,57736002;-49,31243589;"SPRF-PR";"DEL01-PR";"UOP03-DEL01-PR"
339737;2021-02-10;"quarta-feira";"04:05:00";"RS";290;194,3;"RIO PARDO";"Demais falhas mecânicas ou elétricas";"Incêndio";"Sem Vítimas";"Pleno dia";"Decrescente";"Céu Claro";"Simples";"Reta";"Não";3;0;0;0;2;1;0;1;-30,163651;-52,15506;"SPRF-RS";"DEL02-RS";"UOP03-DEL02-RS"
339739;2021-02-10;"quarta-feira";"06:50:00";"MG";40;523;"CONTAGEM";"Mal súbito do condutor";"Atropelamento de Pedestre";"Com Vítimas Feridas";"Pleno dia";"Crescente";"Céu Claro";"Dupla";"Reta";"Sim";3;0;2;0;1;0;2;2;-19,86874894;-44,05962197;"SPRF-MG";"DEL01-MG";"UOP02-DEL01-MG"
339741;2021-02-10;"quarta-feira";"07:15:00";"SC";101;215;"PALHOCA";"Trafegar com motocicleta (ou similar) entre as faixas";"Colisão traseira";"Com Vítimas Feridas";"Pleno dia";"Decrescente";"Céu Claro";"Dupla";"Reta";"Sim";2;0;1;1;0;0;2;1;-27,65184843;-48,67604941;"SPRF-SC";"DEL01-SC";"UOP02-DEL01-SC"
339742;2021-02-10;"quarta-feira";"07:17:00";"DF";20;15,3;"BRASILIA";"Manobra de mudança de faixa";"Colisão lateral mesmo sentido";"Com Vítimas Feridas";"Pleno dia";"Decrescente";"Sol";"Múltipla";"Reta";"Não";2;0;0;1;1;0;1;2;-15,630189;-47,733288;"SPRF-DF";"DEL02-DF";"UOP01-DEL02-DF"
339744;2021-02-10;"quarta-feira";"07:35:00";"RS";158;329;"SANTA MARIA";"Desrespeitar a preferência no cruzamento";"Colisão transversal";"Com Vítimas Feridas";"Pleno dia";"Crescente";"Céu Claro";"Simples";"Rotatória";"Sim";2;0;1;0;1;0;1;2;-29,70054656;-53,8405413;"SPRF-RS";"DEL09-RS";"UOP01-DEL09-RS"
339746;2021-02-10;"quarta-feira";"06:50:00";"PE";101;63,4;"RECIFE";"Demais falhas mecânicas ou elétricas";"Saída de leito carroçável";"Sem Vítimas";"Pleno dia";"Decrescente";"Nublado";"Dupla";"Reta";"Sim";1;0;0;0;1;0;0;1;-8,00800604;-34,93756535;"SPRF-PE";"DEL01-PE";"UOP01-DEL01-PE"
339749;2021-01-23;"sábado";"12:05:00";"ES";101;232,5;"FUNDAO";"Ultrapassagem Indevida";"Colisão frontal";"Com Vítimas Fatais";"Pleno dia";"Decrescente";"Nublado";"Simples";"Reta";"Não";8;1;4;3;0;0;7;2;-19,95224103;-40,40879816;"SPRF-ES";"DEL02-ES";"UOP01-DEL02-ES"
339751;2021-02-10;"quarta-feira";"05:30:00";"PR";376;10;"MARINGA";"Velocidade Incompatível";"Capotamento";"Sem Vítimas";"Amanhecer";"Crescente";"Céu Claro";"Dupla";"Reta";"Sim";1;0;0;0;0;1;0;1;-23,4273;-51,9375;"SPRF-PR";"DEL09-PR";"UOP01-DEL09-PR"
339752;2021-02-10;"quarta-feira";"06:50:00";"PR";476;142,3;"CURITIBA";"Manobra de mudança de faixa";"Colisão lateral";"Com Vítimas Feridas";"Amanhecer";"Decrescente";"Céu Claro";"Dupla";"Declive;Reta";"Sim";2;0;2;0;0;0;2;2;-25,537161;-49,301632;"SPRF-PR";"DEL01-PR";"UOP03-DEL01-PR"
339753;2021-02-10;"quarta-feira";"07:30:00";"PR";376;139,1;"NOVA ESPERANCA";"Velocidade Incompatível";"Colisão traseira";"Com Vítimas Feridas";"Pleno dia";"Crescente";"Céu Claro";"Dupla";"Reta";"Não";3;0;0;1;2;0;1;2;-23,2314935;-52,17536125;"SPRF-PR";"DEL09-PR";"UOP02-DEL09-PR"
339755;2021-02-10;"quarta-feira";"07:50:00";"SP";116;145;"SAO JOSE DOS CAMPOS";"Condutor deixou de manter distância do veículo da frente";"Colisão traseira";"Com Vítimas Feridas";"Pleno dia";"Crescente";"Nublado";"Dupla";"Reta";"Não";3;0;1;0;2;0;1;2;-23,1869844;-45,8548078;"SPRF-SP";"DEL02-SP";"UOP01-DEL02-SP"
339756;2021-02-10;"quarta-feira";"05:50:00";"RO";364;451;"JARU";"Ultrapassagem Indevida";"Tombamento";"Com Vítimas Feridas";"Amanhecer";"Crescente";"Chuva";"Simples";"Declive;Reta";"Não";2;0;1;0;1;0;1;1;-10,29426297;-62,66107398;"SPRF-RO";"DEL03-RO";"UOP02-DEL03-RO"
339757;2021-02-10;"quarta-feira";"07:40:00";"SC";101;200;"SAO JOSE";"Trafegar com motocicleta (ou similar) entre as faixas";"Queda de ocupante de veículo";"Com Vítimas Feridas";"Pleno dia";"Crescente";"Céu Claro";"Dupla";"Reta;Aclive";"Não";1;0;1;0;0;0;1;1;-27,54018513;-48,62287714;"SPRF-SC";"DEL01-SC";"UOP01-DEL01-SC"
339758;2021-02-10;"quarta-feira";"07:30:00";"GO";40;1,8;"VALPARAISO DE GOIAS";"Condutor deixou de manter distância do veículo da frente";"Colisão traseira";"Com Vítimas Feridas";"Pleno dia";"Decrescente";"Sol";"Dupla";"Reta";"Sim";4;0;1;0;3;0;1;3;-16,058245;-47,982825;"SPRF-DF";"DEL01-DF";"UOP01-DEL01-DF"
339761;2021-02-10;"quarta-feira";"08:15:00";"ES";101;290,8;"CARIACICA";"Ausência de reação do condutor";"Colisão lateral mesmo sentido";"Com Vítimas Feridas";"Pleno dia";"Decrescente";"Céu Claro";"Múltipla";"Reta";"Sim";2;0;0;1;1;0;1;2;-20,28927747;-40,39181575;"SPRF-ES";"DEL01-ES";"UOP01-DEL01-ES"
339762;2021-02-10;"quarta-feira";"07:20:00";"MT";70;398,3;"CUIABA";"Acessar a via sem observar a presença dos outros veículos";"Colisão lateral";"Com Vítimas Feridas";"Pleno dia";"Decrescente";"Céu Claro";"Simples";"Reta";"Sim";2;0;1;0;1;0;1;2;-15,6627096;-55,9704514;"SPRF-MT";"DEL05-MT";"UOP02-DEL05-MT"
339764;2021-02-10;"quarta-feira";"08:50:00";"GO";414;435,8;"ANAPOLIS";"Reação tardia ou ineficiente do condutor";"Colisão traseira";"Com Vítimas Feridas";"Pleno dia";"Decrescente";"Céu Claro";"Simples";"Reta";"Sim";2;0;1;0;1;0;1;2;-16,24594;-48,93446196;"SPRF-GO";"DEL02-GO";"UOP01-DEL02-GO"
339765;2021-02-10;"quarta-feira";"03:30:00";"SC";282;458,8;"PONTE SERRADA";"Velocidade Incompatível";"Saída de leito carroçável";"Com Vítimas Feridas";"Plena Noite";"Crescente";"Céu Claro";"Simples";"Reta";"Não";1;0;1;0;0;0;1;1;-26,872128;-52,019024;"SPRF-SC";"DEL07-SC";"UOP04-DEL07-SC"
339766;2021-01-23;"sábado";"18:30:00";"RS";116;563,4;"PEDRO OSORIO";"Acessar a via sem observar a presença dos outros veículos";"Colisão transversal";"Com Vítimas Feridas";"Pleno dia";"Crescente";"Céu Claro";"Simples";"Interseção de Vias";"Não";2;0;1;0;1;0;1;2;-31,92668309;-52,72596359;"SPRF-RS";"DEL07-RS";"UOP03-DEL07-RS"
339769;2021-01-17;"domingo";"11:19:00";"PA";222;229;"MARABA";"Ultrapassagem Indevida";"Colisão traseira";"Com Vítimas Feridas";"Pleno dia";"Decrescente";"Céu Claro";"Simples";"Reta";"Sim";2;0;1;0;1;0;1;2;-5,231875;-49,053627;"SPRF-PA";"DEL03-PA";"UOP01-DEL03-PA"
339771;2021-02-10;"quarta-feira";"09:20:00";"PR";373;188,6;"PONTA GROSSA";"Reação tardia ou ineficiente do condutor";"Saída de leito carroçável";"Com Vítimas Feridas";"Pleno dia";"Decrescente";"Sol";"Simples";"Curva";"Sim";1;0;1;0;0;0;1;1;-25,05236629;-50,32007603;"SPRF-PR";"DEL03-PR";"UOP04-DEL03-PR"
339773;2021-02-10;"quarta-feira";"03:30:00";"MA";222;181,7;"ITAPECURU MIRIM";"Curva acentuada";"Saída de leito carroçável";"Com Vítimas Fatais";"Plena Noite";"Crescente";"Nublado";"Simples";"Curva";"Não";10;1;6;2;1;0;8;1;-3,48838106;-44,1686;"SPRF-MA";"DEL01-MA";"UOP02-DEL01-MA"
339777;2021-02-10;"quarta-feira";"09:00:00";"MG";40;530;"CONTAGEM";"Mal súbito do condutor";"Colisão traseira";"Com Vítimas Feridas";"Pleno dia";"Crescente";"Céu Claro";"Dupla";"Curva";"Sim";2;0;1;0;1;0;1;2;-19,92064782;-44,0335681;"SPRF-MG";"DEL01-MG";"UOP02-DEL01-MG"
339778;2021-01-12;"terça-feira";"17:23:00";"MT";163;841;"SINOP";"Condutor deixou de manter distância do veículo da frente";"Colisão traseira";"Com Vítimas Feridas";"Pleno dia";"Decrescente";"Sol";"Simples";"Reta";"Sim";4;0;2;0;2;0;2;2;-11,80977524;-55,48186734;"SPRF-MT";"DEL06-MT";"NPF/DEL06-MT"
339781;2021-02-10;"quarta-feira";"09:00:00";"PR";277;721;"FOZ DO IGUACU";"Acessar a via sem observar a presença dos outros veículos";"Colisão transversal";"Com Vítimas Feridas";"Pleno dia";"Crescente";"Céu Claro";"Dupla";"Reta";"Sim";2;0;1;0;1;0;1;2;-25,4911505;-54,51185421;"SPRF-PR";"DEL05-PR";"UOP03-DEL05-PR"
339782;2021-02-10;"quarta-feira";"09:15:00";"MS";60;410,4;"SIDROLANDIA";"Velocidade Incompatível";"Saída de leito carroçável";"Com Vítimas Feridas";"Pleno dia";"Crescente";"Céu Claro";"Simples";"Reta";"Não";1;0;1;0;0;0;1;1;-20,88358476;-54,82967832;"SPRF-MS";"DEL01-MS";"UOP04-DEL01-MS"
339786;2021-02-10;"quarta-feira";"09:50:00";"SP";153;62,5;"SAO JOSE DO RIO PRETO";"Condutor deixou de manter distância do veículo da frente";"Colisão traseira";"Com Vítimas Feridas";"Pleno dia";"Crescente";"Céu Claro";"Dupla";"Aclive;Reta";"Sim";5;0;1;0;3;1;1;4;-20,81325404;-49,35675563;"SPRF-SP";"DEL09-SP";"UOP01-DEL09-SP"
339787;2021-02-10;"quarta-feira";"10:15:00";"PE";101;77,6;"RECIFE";"Manobra de mudança de faixa";"Colisão lateral mesmo sentido";"Com Vítimas Feridas";"Pleno dia";"Crescente";"Céu Claro";"Dupla";"Reta";"Sim";2;0;1;0;1;0;1;2;-8,126982;-34,94386;"SPRF-PE";"DEL01-PE";"UOP01-DEL01-PE"
339788;2021-01-16;"sábado";"16:30:00";"MT";163;842;"SINOP";"Mal súbito do condutor";"Queda de ocupante de veículo";"Com Vítimas Feridas";"Pleno dia";"Crescente";"Ignorado";"Simples";"Reta";"Sim";1;0;0;1;0;0;1;1;-11,92479503;-55,5117839;"SPRF-MT";"DEL06-MT";"NPF/DEL06-MT"
339789;2021-02-10;"quarta-feira";"09:30:00";"SC";101;327,6;"CAPIVARI DE BAIXO";"Desrespeitar a preferência no cruzamento";"Colisão transversal";"Com Vítimas Feridas";"Pleno dia";"Decrescente";"Céu Claro";"Simples";"Rotatória";"Sim";2;0;1;0;1;0;1;2;-28,43023306;-48,95205197;"SPRF-SC";"DEL02-SC";"UOP01-DEL02-SC"
339791;2021-02-10;"quarta-feira";"10:45:00";"RN";226;16;"MACAIBA";"Condutor Dormindo";"Colisão lateral sentido oposto";"Com Vítimas Feridas";"Pleno dia";"Crescente";"Sol";"Simples";"Reta";"Sim";2;0;1;0;1;0;1;2;-5,862697;-35,34282913;"SPRF-RN";"DEL01-RN";"UOP02-DEL01-RN"
339792;2021-02-10;"quarta-feira";"09:00:00";"AC";364;136;"RIO BRANCO";"Pista Escorregadia";"Colisão transversal";"Com Vítimas Feridas";"Pleno dia";"Decrescente";"Chuva";"Dupla";"Rotatória";"Sim";2;0;1;0;1;0;1;2;-9,977157;-67,84953;"SPRF-AC";"DEL01-AC";"UOP01-DEL01-AC"
339795;2021-02-10;"quarta-feira";"10:00:00";"MS";267;396;"MARACAJU";"Ausência de reação do condutor";"Saída de leito carroçável";"Com Vítimas Feridas";"Pleno dia";"Crescente";"Céu Claro";"Simples";"Rotatória";"Não";2;0;2;0;0;0;2;1;-21,61779428;-55,43220495;"SPRF-MS";"DEL05-MS";"UOP01-DEL05-MS"
339796;2021-02-10;"quarta-feira";"10:30:00";"MG";381;886,4;"ESTIVA";"Reação tardia ou ineficiente do condutor";"Saída de leito carroçável";"Com Vítimas Feridas";"Pleno dia";"Crescente";"Céu Claro";"Dupla";"Reta";"Não";2;0;2;0;0;0;2;1;-22,55262102;-46,03939916;"SPRF-MG";"DEL16-MG";"UOP03-DEL16-MG"
339797;2021-02-10;"quarta-feira";"11:00:00";"PI";343;3,1;"TERESINA";"Condutor deixou de manter distância do veículo da frente";"Engavetamento";"Com Vítimas Feridas";"Pleno dia";"Crescente";"Céu Claro";"Múltipla";"Reta";"Sim";3;0;1;0;2;0;1;3;-5,089569;-42,802288;"SPRF-PI";"DEL01-PI";"UOP01-DEL01-PI"
339798;2021-02-10;"quarta-feira";"11:50:00";"RN";101;95;"NATAL";"Demais falhas mecânicas ou elétricas";"Colisão traseira";"Sem Vítimas";"Pleno dia";"Crescente";"Céu Claro";"Múltipla";"Reta";"Sim";3;0;0;0;3;0;0;3;-5,84076841;-35,21035949;"SPRF-RN";"DEL01-RN";"UOP01-DEL01-RN"
339800;2021-02-02;"terça-feira";"09:15:00";"RR";174;615;"AMAJARI";"Pista esburacada";"Colisão traseira";"Sem Vítimas";"Pleno dia";"Decrescente";"Céu Claro";"Simples";"Reta";"Não";2;0;0;0;2;0;0;2;3,731552;-60,996948;"SPRF-RR";"DEL01-RR";"UOP01-DEL01-RR"
339801;2021-02-10;"quarta-feira";"11:40:00";"PR";376;328;"ORTIGUEIRA";"Pista em desnível";"Capotamento";"Com Vítimas Feridas";"Pleno dia";"Crescente";"Céu Claro";"Simples";"Reta";"Não";1;0;1;0;0;0;1;1;-24,07553;-51,058448;"SPRF-PR";"DEL07-PR";"UOP03-DEL07-PR"
339807;2021-02-10;"quarta-feira";"12:10:00";"RS";287;249;"SANTA MARIA";"Ausência de reação do condutor";"Colisão traseira";"Sem Vítimas";"Pleno dia";"Crescente";"Céu Claro";"Dupla";"Reta";"Sim";2;0;0;0;2;0;0;2;-29,69263411;-53,865282;"SPRF-RS";"DEL09-RS";"UOP01-DEL09-RS"
339809;2021-02-10;"quarta-feira";"12:45:00";"SC";101;219,5;"PALHOCA";"Objeto estático sobre o leito carroçável";"Tombamento";"Com Vítimas Feridas";"Pleno dia";"Crescente";"Céu Claro";"Dupla";"Reta";"Sim";2;0;2;0;0;0;2;1;-27,68392194;-48,66710085;"SPRF-SC";"DEL01-SC";"UOP02-DEL01-SC"
339810;2021-02-10;"quarta-feira";"07:30:00";"PB";412;40;"SAO JOAO DO CARIRI";"Demais falhas mecânicas ou elétricas";"Colisão frontal";"Com Vítimas Feridas";"Pleno dia";"Crescente";"Céu Claro";"Simples";"Reta";"Não";4;0;1;3;0;0;4;2;-7,32829;-36,403881;"SPRF-PB";"DEL02-PB";"UOP02-DEL02-PB"
339814;2021-02-10;"quarta-feira";"13:20:00";"SC";101;215,5;"PALHOCA";"Reação tardia ou ineficiente do condutor";"Queda de ocupante de veículo";"Com Vítimas Feridas";"Pleno dia";"Crescente";"Sol";"Dupla";"Viaduto";"Sim";2;0;1;0;1;0;1;2;-27,65184843;-48,67604941;"SPRF-SC";"DEL01-SC";"UOP02-DEL01-SC"
339816;2021-02-10;"quarta-feira";"13:20:00";"SP";116;136,4;"SAO JOSE DOS CAMPOS";"Avarias e/ou desgaste excessivo no pneu";"Tombamento";"Com Vítimas Feridas";"Pleno dia";"Decrescente";"Nublado";"Dupla";"Reta";"Não";2;0;2;0;0;0;2;1;-23,14874471;-45,77863714;"SPRF-SP";"DEL02-SP";"UOP01-DEL02-SP"
339817;2021-02-10;"quarta-feira";"13:40:00";"GO";153;435,6;"ANAPOLIS";"Acumulo de água sobre o pavimento";"Saída de leito carroçável";"Com Vítimas Feridas";"Pleno dia";"Crescente";"Chuva";"Dupla";"Aclive;Curva";"Sim";2;0;0;2;0;0;2;1;-16,280523;-48,960049;"SPRF-GO";"DEL02-GO";"UOP01-DEL02-GO"
339822;2021-02-10;"quarta-feira";"13:50:00";"ES";262;6;"CARIACICA";"Pedestre cruzava a pista fora da faixa";"Atropelamento de Pedestre";"Com Vítimas Feridas";"Pleno dia";"Decrescente";"Céu Claro";"Múltipla";"Reta";"Sim";2;0;1;0;0;1;1;2;-20,34007493;-40,39451305;"SPRF-ES";"DEL01-ES";"UOP01-DEL01-ES"
339826;2021-02-10;"quarta-feira";"15:10:00";"MT";70;7;"BARRA DO GARCAS";"Conversão proibida";"Colisão frontal";"Com Vítimas Feridas";"Pleno dia";"Crescente";"Céu Claro";"Simples";"Reta";"Sim";2;0;1;0;1;0;1;2;-15,878143;-52,316788;"SPRF-MT";"DEL07-MT";"UOP01-DEL07-MT"
339827;2021-02-10;"quarta-feira";"14:30:00";"PR";376;654;"TIJUCAS DO SUL";"Demais falhas mecânicas ou elétricas";"Incêndio";"Sem Vítimas";"Pleno dia";"Crescente";"Céu Claro";"Dupla";"Curva";"Não";1;0;0;0;1;0;0;1;-25,84325961;-49,05169114;"SPRF-PR";"DEL01-PR";"UOP04-DEL01-PR"
339829;2021-02-10;"quarta-feira";"12:30:00";"PR";376;185;"SARANDI";"Manobra de mudança de faixa";"Capotamento";"Com Vítimas Feridas";"Pleno dia";"Decrescente";"Céu Claro";"Dupla";"Reta";"Sim";1;0;1;0;0;0;1;1;-23,43684112;-51,87880764;"SPRF-PR";"DEL09-PR";"UOP01-DEL09-PR"
339830;2021-02-10;"quarta-feira";"12:00:00";"PR";369;186,5;"ARAPONGAS";"Retorno proibido";"Colisão transversal";"Com Vítimas Feridas";"Pleno dia";"Crescente";"Céu Claro";"Simples";"Reta";"Sim";3;0;1;0;0;2;1;3;-23,42031442;-51,42507485;"SPRF-PR";"DEL07-PR";"UOP03-DEL07-PR"
339831;2021-02-10;"quarta-feira";"14:45:00";"AP";210;3,8;"MACAPA";"Reação tardia ou ineficiente do condutor";"Colisão traseira";"Com Vítimas Feridas";"Pleno dia";"Crescente";"Sol";"Dupla";"Reta";"Sim";2;0;1;0;1;0;1;2;0,08723365;-51,08569007;"SPRF-AP";"DEL01-AP";"UOP01-DEL01-AP"
339833;2021-02-10;"quarta-feira";"15:20:00";"PR";277;31;"MORRETES";"Demais falhas mecânicas ou elétricas";"Queda de ocupante de veículo";"Com Vítimas Feridas";"Pleno dia";"Decrescente";"Sol";"Dupla";"Reta;Declive";"Não";2;0;2;0;0;0;2;1;-25,52874613;-48,73512603;"SPRF-PR";"DEL01-PR";"UOP05-DEL01-PR"
339834;2021-01-27;"quarta-feira";"18:00:00";"PA";155;251;"XINGUARA";"Acessar a via sem observar a presença dos outros veículos";"Colisão transversal";"Com Vítimas Feridas";"Pleno dia";"Decrescente";"Céu Claro";"Simples";"Reta";"Não";1;0;0;1;0;0;1;1;-7,09420659;-49,92964268;"SPRF-PA";"DEL03-PA";"UOP01-DEL03-PA"
339835;2021-01-01;"sexta-feira";"21:30:00";"PE";232;183,4;"BELO JARDIM";"Manobra de mudança de faixa";"Colisão frontal";"Com Vítimas Fatais";"Plena Noite";"Crescente";"Céu Claro";"Simples";"Reta";"Sim";4;1;2;0;1;0;2;2;-8,350358;-36,458278;"SPRF-PE";"DEL02-PE";"UOP03-DEL02-PE"
339837;2021-02-10;"quarta-feira";"11:00:00";"MG";116;705,1;"MURIAE";"Reação tardia ou ineficiente do condutor";"Tombamento";"Com Vítimas Feridas";"Pleno dia";"Decrescente";"Céu Claro";"Simples";"Reta";"Sim";1;0;1;0;0;0;1;1;-21,1404896;-42,38136978;"SPRF-MG";"DEL07-MG";"UOP02-DEL07-MG"
339840;2021-02-10;"quarta-feira";"15:00:00";"PE";101;99,5;"CABO DE SANTO AGOSTINHO";"Ultrapassagem Indevida";"Colisão lateral";"Com Vítimas Feridas";"Pleno dia";"Decrescente";"Céu Claro";"Dupla";"Reta";"Sim";2;0;0;1;1;0;1;2;-8,26025316;-35,04629883;"SPRF-PE";"DEL01-PE";"UOP03-DEL01-PE"