"id";"data_inversa";"dia_semana";"horario";"uf";"br";"km";"municipio";"causa_acidente";"tipo_acidente";"classificacao_acidente";"fase_dia";"sentido_via";"condicao_metereologica";"tipo_pista";"tracado_via";"uso_solo";"pessoas";"mortos";"feridos_leves";"feridos_graves";"ilesos";"ignorados";"feridos";"veiculos";"latitude";"longitude";"regional";"delegacia";"uop"
339844;2021-01-12;"terça-feira";"13:00:00";"PA";316;28;"BENEVIDES";"Chuva";"Capotamento";"Com Vítimas Feridas";"Pleno dia";"Decrescente";"Chuva";"Dupla";"Reta";"Sim";2;0;2;0;0;0;2;1;-1,3102;-48,220507;"SPRF-PA";"DEL01-PA";"UOP01-DEL01-PA"
339845;2021-02-10;"quarta-feira";"14:30:00";"RS";116;185;"NOVA PETROPOLIS";"Velocidade Incompatível";"Tombamento";"Com Vítimas Feridas";"Pleno dia";"Decrescente";"Sol";"Simples";"Curva;Aclive";"Sim";2;0;1;0;0;1;1;2;-29,39221114;-51,12482919;"SPRF-RS";"DEL05-RS";"UOP02-DEL05-RS"
339846;2021-02-10;"quarta-feira";"14:50:00";"RS";392;82;"PELOTAS";"Chuva";"Saída de leito carroçável";"Sem Vítimas";"Pleno dia";"Crescente";"Chuva";"Simples";"Reta";"Não";1;0;0;0;1;0;0;1;-31,66084278;-52,4657217;"SPRF-RS";"DEL07-RS";"UOP01-DEL07-RS"
339848;2021-02-10;"quarta-feira";"15:30:00";"MG";381;511,6;"IGARAPE";"Desrespeitar a preferência no cruzamento";"Colisão lateral";"Com Vítimas Feridas";"Pleno dia";"Decrescente";"Céu Claro";"Dupla";"Reta";"Sim";2;0;1;0;1;0;1;2;-20,06818842;-44,29684738;"SPRF-MG";"DEL01-MG";"UOP03-DEL01-MG"
339849;2021-02-10;"quarta-feira";"15:00:00";"ES";262;3,1;"CARIACICA";"Afundamento ou ondulação no pavimento";"Queda de ocupante de veículo";"Com Vítimas Feridas";"Pleno dia";"Crescente";"Céu Claro";"Múltipla";"Reta";"Sim";1;0;1;0;0;0;1;1;-20,33374432;-40,36910933;"SPRF-ES";"DEL01-ES";"UOP01-DEL01-ES"
339853;2021-01-02;"sábado";"17:30:00";"PA";316;100;"SANTA MARIA DO PARA";"Frear bruscamente";"Engavetamento";"Sem Vítimas";"Pleno dia";"Decrescente";"Nublado";"Simples";"Reta";"Não";3;0;0;0;3;0;0;3;-1,33712074;-47,59483337;"SPRF-PA";"DEL01-PA";"UOP02-DEL01-PA"
339856;2021-02-10;"quarta-feira";"16:10:00";"RJ";116;114;"MAGE";"Condutor deixou de manter distância do veículo da frente";"Colisão traseira";"Com Vítimas Feridas";"Pleno dia";"Crescente";"Céu Claro";"Simples";"Reta;Viaduto";"Não";3;0;1;0;1;1;1;3;-22,58009519;-43,0114958;"SPRF-RJ";"DEL04-RJ";"UOP02-DEL04-RJ"
339861;2021-02-10;"quarta-feira";"17:30:00";"RS";290;92;"PORTO ALEGRE";"Manobra de mudança de faixa";"Colisão traseira";"Com Vítimas Feridas";"Pleno dia";"Crescente";"Céu Claro";"Múltipla";"Reta";"Sim";4;0;1;0;3;0;1;2;-29,971916;-51,176838;"SPRF-RS";"DEL01-RS";"UOP01-DEL01-RS"
339862;2021-02-10;"quarta-feira";"17:40:00";"DF";20;6;"BRASILIA";"Condutor deixou de manter distância do veículo da frente";"Engavetamento";"Com Vítimas Feridas";"Anoitecer";"Crescente";"Céu Claro";"Dupla";"Reta";"Não";6;0;1;0;3;2;1;6;-15,665888;-47,808308;"SPRF-DF";"DEL02-DF";"UOP01-DEL02-DF"
339863;2021-02-10;"quarta-feira";"18:00:00";"DF";40;0;"BRASILIA";"Velocidade Incompatível";"Tombamento";"Com Vítimas Feridas";"Anoitecer";"Decrescente";"Garoa/Chuvisco";"Dupla";"Viaduto";"Não";2;0;1;0;1;0;1;1;-15,976897;-47,990129;"SPRF-DF";"DEL01-DF";"UOP01-DEL01-DF"
339867;2021-02-10;"quarta-feira";"18:20:00";"RS";116;237,8;"NOVO HAMBURGO";"Velocidade Incompatível";"Colisão traseira";"Com Vítimas Feridas";"Anoitecer";"Crescente";"Céu Claro";"Dupla";"Reta";"Sim";4;0;2;0;2;0;2;3;-29,67839398;-51,1422266;"SPRF-RS";"DEL01-RS";"UOP02-DEL01-RS"
339868;2021-02-10;"quarta-feira";"16:50:00";"MS";262;670,9;"CORUMBA";"Ultrapassagem Indevida";"Saída de leito carroçável";"Com Vítimas Feridas";"Pleno dia";"Crescente";"Céu Claro";"Simples";"Reta";"Não";3;0;3;0;0;0;3;1;-19,60335733;-57,11652217;"SPRF-MS";"DEL03-MS";"UOP03-DEL03-MS"
339869;2021-02-10;"quarta-feira";"18:15:00";"TO";153;712,1;"CARIRI DO TOCANTINS";"Ultrapassagem Indevida";"Colisão lateral mesmo sentido";"Sem Vítimas";"Anoitecer";"Crescente";"Nublado";"Simples";"Declive";"Não";3;0;0;0;3;0;0;2;-12,063614;-49,203574;"SPRF-TO";"DEL01-TO";"UOP02-DEL01-TO"
339870;2021-02-10;"quarta-feira";"17:07:00";"RJ";101;319;"NITEROI";"Condutor deixou de manter distância do veículo da frente";"Colisão traseira";"Com Vítimas Feridas";"Anoitecer";"Decrescente";"Céu Claro";"Dupla";"Reta";"Não";5;0;0;1;4;0;1;2;-22,85411774;-43,1018014;"SPRF-RJ";"DEL02-RJ";"UOP02-DEL02-RJ"
339871;2021-02-10;"quarta-feira";"17:05:00";"MS";262;367,4;"CAMPO GRANDE";"Manobra de mudança de faixa";"Colisão transversal";"Com Vítimas Feridas";"Pleno dia";"Crescente";"Céu Claro";"Dupla";"Reta";"Sim";3;0;3;0;0;0;3;2;-20,478181;-54,755788;"SPRF-MS";"DEL01-MS";"UOP03-DEL01-MS"
339872;2021-02-10;"quarta-feira";"18:35:00";"GO";40;4,1;"VALPARAISO DE GOIAS";"Trafegar com motocicleta (ou similar) entre as faixas";"Colisão traseira";"Com Vítimas Feridas";"Anoitecer";"Crescente";"Garoa/Chuvisco";"Dupla";"Reta";"Sim";2;0;1;0;1;0;1;2;-16,086603;-47,986363;"SPRF-DF";"DEL01-DF";"UOP01-DEL01-DF"
339873;2021-02-10;"quarta-feira";"17:45:00";"PR";469;14,2;"FOZ DO IGUACU";"Condutor Dormindo";"Saída de leito carroçável";"Sem Vítimas";"Pleno dia";"Decrescente";"Céu Claro";"Simples";"Reta";"Não";1;0;0;0;1;0;0;1;-25,5781;-54,5411;"SPRF-PR";"DEL05-PR";"UOP04-DEL05-PR"
339874;2021-02-10;"quarta-feira";"18:25:00";"MG";381;491;"BETIM";"Trafegar com motocicleta (ou similar) entre as faixas";"Tombamento";"Com Vítimas Feridas";"Anoitecer";"Crescente";"Céu Claro";"Dupla";"Reta";"Sim";1;0;1;0;0;0;1;1;-19,97018187;-44,18210416;"SPRF-MG";"DEL01-MG";"UOP03-DEL01-MG"
339875;2021-02-10;"quarta-feira";"18:19:00";"PR";116;119;"CURITIBA";"Ausência de reação do condutor";"Queda de ocupante de veículo";"Com Vítimas Feridas";"Pleno dia";"Crescente";"Nublado";"Dupla";"Declive";"Sim";1;0;1;0;0;0;1;1;-25,579838;-49,313012;"SPRF-PR";"DEL01-PR";"UOP01-DEL01-PR"
339876;2021-02-10;"quarta-feira";"16:30:00";"SP";153;23,6;"NOVA GRANADA";"Ingestão de álcool pelo condutor";"Colisão traseira";"Sem Vítimas";"Pleno dia";"Crescente";"Céu Claro";"Simples";"Reta;Em Obras";"Não";2;0;0;0;2;0;0;2;-20,483533;-49,302964;"SPRF-SP";"DEL09-SP";"UOP01-DEL09-SP"
339878;2021-01-17;"domingo";"22:50:00";"CE";222;9;"CAUCAIA";"Animais na Pista";"Atropelamento de Animal";"Com Vítimas Feridas";"Plena Noite";"Decrescente";"Céu Claro";"Simples";"Reta";"Não";1;0;0;1;0;0;1;1;-3,736507;-38,65337;"SPRF-CE";"DEL01-CE";"UOP01-DEL01-CE"
339881;2021-02-10;"quarta-feira";"16:50:00";"MT";364;614;"DIAMANTINO";"Desrespeitar a preferência no cruzamento";"Colisão transversal";"Com Vítimas Feridas";"Pleno dia";"Crescente";"Céu Claro";"Múltipla";"Interseção de Vias";"Não";3;0;2;0;1;0;2;2;-14,42498606;-56,30473537;"SPRF-MT";"DEL01-MT";"UOP01-DEL01-MT"
339883;2021-02-10;"quarta-feira";"19:20:00";"ES";101;265,7;"SERRA";"Manobra de mudança de faixa";"Colisão lateral";"Com Vítimas Feridas";"Plena Noite";"Decrescente";"Nublado";"Múltipla";"Reta";"Sim";2;0;1;0;1;0;1;2;-20,1816849;-40,26536036;"SPRF-ES";"DEL02-ES";"UOP01-DEL02-ES"
339884;2021-02-10;"quarta-feira";"17:30:00";"SC";282;67,5;"SAO MIGUEL DO OESTE";"Acessar a via sem observar a presença dos outros veículos";"Colisão transversal";"Com Vítimas Feridas";"Pleno dia";"Crescente";"Céu Claro";"Dupla";"Reta;Declive";"Sim";2;0;2;0;0;0;2;2;-26,75586158;-53,50054264;"SPRF-SC";"DEL01-SC";"UOP03-DEL01-SC"
339886;2021-02-10;"quarta-feira";"17:15:00";"RO";364;341,5;"JI-PARANA";"Ausência de reação do condutor";"Colisão traseira";"Com Vítimas Feridas";"Pleno dia";"Decrescente";"Nublado";"Múltipla";"Reta";"Sim";2;0;2;0;0;0;2;2;-10,88535734;-61,93536043;"SPRF-RO";"DEL02-RO";"UOP01-DEL02-RO"
339887;2021-02-10;"quarta-feira";"19:45:00";"GO";40;2,2;"VALPARAISO DE GOIAS";"Chuva";"Colisão lateral mesmo sentido";"Com Vítimas Feridas";"Pleno dia";"Decrescente";"Garoa/Chuvisco";"Dupla";"Reta";"Sim";2;0;1;0;1;0;1;2;-16,067129;-47,984235;"SPRF-DF";"DEL01-DF";"UOP01-DEL01-DF"
339890;2021-02-10;"quarta-feira";"16:40:00";"SC";470;66,9;"INDAIAL";"Acumulo de areia ou detritos sobre o pavimento";"Tombamento";"Com Vítimas Feridas";"Pleno dia";"Crescente";"Céu Claro";"Simples";"Reta";"Sim";1;0;1;0;0;0;1;1;-26,870407;-49,221844;"SPRF-SC";"DEL04-SC";"UOP01-DEL04-SC"
339892;2021-02-10;"quarta-feira";"18:50:00";"BA";324;604;"SIMOES FILHO";"Animais na Pista";"Atropelamento de Animal";"Com Vítimas Feridas";"Plena Noite";"Decrescente";"Céu Claro";"Múltipla";"Reta;Declive";"Sim";1;0;1;0;0;0;1;1;-12,77978866;-38,41589628;"SPRF-BA";"DEL01-BA";"UOP01-DEL01-BA"
339893;2021-02-10;"quarta-feira";"20:00:00";"PE";104;68,3;"CARUARU";"Ingestão de álcool pelo condutor";"Colisão transversal";"Sem Vítimas";"Plena Noite";"Decrescente";"Céu Claro";"Dupla";"Reta";"Sim";2;0;0;0;1;1;0;2;-8,3107;-35,9904;"SPRF-PE";"DEL02-PE";"UOP01-DEL02-PE"
339895;2021-02-10;"quarta-feira";"18:00:00";"RJ";40;120;"DUQUE DE CAXIAS";"Frear bruscamente";"Colisão transversal";"Com Vítimas Feridas";"Plena Noite";"Decrescente";"Céu Claro";"Dupla";"Reta";"Sim";3;0;2;0;1;0;2;2;-22,77280597;-43,28626763;"SPRF-RJ";"DEL01-RJ";"UOP01-DEL01-RJ"
339897;2021-01-04;"segunda-feira";"17:30:00";"RS";293;45,8;"CERRITO";"Acessar a via sem observar a presença dos outros veículos";"Colisão transversal";"Com Vítimas Feridas";"Pleno dia";"Decrescente";"Nublado";"Simples";"Aclive";"Não";2;0;1;0;1;0;1;2;-31,74068983;-52,78651714;"SPRF-RS";"DEL07-RS";"UOP01-DEL07-RS"
339898;2021-02-10;"quarta-feira";"18:45:00";"SC";470;63,1;"INDAIAL";"Acessar a via sem observar a presença dos outros veículos";"Colisão transversal";"Com Vítimas Feridas";"Anoitecer";"Crescente";"Nublado";"Simples";"Aclive";"Sim";2;0;1;0;1;0;1;2;-26,872396;-49,19228;"SPRF-SC";"DEL04-SC";"UOP01-DEL04-SC"
339900;2021-02-10;"quarta-feira";"19:15:00";"RJ";465;19;"NOVA IGUACU";"Acesso irregular";"Colisão traseira";"Com Vítimas Feridas";"Plena Noite";"Decrescente";"Céu Claro";"Simples";"Reta";"Sim";3;0;0;1;2;0;1;2;-22,840077;-43,609806;"SPRF-RJ";"DEL03-RJ";"UOP01-DEL03-RJ"
339901;2021-02-10;"quarta-feira";"19:30:00";"BA";116;427;"FEIRA DE SANTANA";"Animais na Pista";"Atropelamento de Animal";"Com Vítimas Feridas";"Plena Noite";"Decrescente";"Céu Claro";"Dupla";"Reta";"Não";1;0;1;0;0;0;1;1;-12,25241793;-38,98887036;"SPRF-BA";"DEL02-BA";"UOP01-DEL02-BA"
339902;2021-02-10;"quarta-feira";"20:55:00";"RJ";101;2;"CAMPOS DOS GOYTACAZES";"Ultrapassagem Indevida";"Saída de leito carroçável";"Sem Vítimas";"Plena Noite";"Decrescente";"Céu Claro";"Simples";"Reta";"Não";1;0;0;0;1;0;0;1;-21,23585411;-41,31995286;"SPRF-RJ";"DEL08-RJ";"UOP01-DEL08-RJ"
339905;2021-02-10;"quarta-feira";"19:45:00";"TO";153;333;"GUARAI";"Transitar no acostamento";"Colisão frontal";"Com Vítimas Feridas";"Plena Noite";"Crescente";"Céu Claro";"Simples";"Reta";"Sim";2;0;0;1;1;0;1;2;-8,826486;-48,51216;"SPRF-TO";"DEL02-TO";"UOP02-DEL02-TO"
339906;2021-02-10;"quarta-feira";"20:30:00";"MA";222;674;"ACAILANDIA";"Ingestão de álcool pelo condutor";"Tombamento";"Com Vítimas Feridas";"Plena Noite";"Crescente";"Céu Claro";"Simples";"Reta";"Sim";1;0;1;0;0;0;1;1;-4,93412557;-47,45359225;"SPRF-MA";"DEL04-MA";"UOP03-DEL04-MA"
339907;2021-02-10;"quarta-feira";"22:00:00";"ES";101;297,5;"VIANA";"Condutor deixou de manter distância do veículo da frente";"Colisão traseira";"Com Vítimas Feridas";"Plena Noite";"Decrescente";"Céu Claro";"Dupla";"Reta";"Não";3;0;0;2;0;1;2;2;-20,34529844;-40,41026774;"SPRF-ES";"DEL01-ES";"UOP01-DEL01-ES"
339908;2021-02-02;"terça-feira";"17:30:00";"SC";280;152,4;"MAFRA";"Condutor Dormindo";"Tombamento";"Com Vítimas Feridas";"Pleno dia";"Crescente";"Nublado";"Simples";"Curva";"Não";2;0;1;0;1;0;1;1;-26,21335897;-49,71897125;"SPRF-SC";"DEL06-SC";"UOP03-DEL06-SC"
339909;2021-02-10;"quarta-feira";"21:00:00";"MS";158;282,5;"TRES LAGOAS";"Obstrução na via";"Colisão com objeto";"Com Vítimas Feridas";"Plena Noite";"Crescente";"Céu Claro";"Simples";"Reta";"Não";2;0;1;0;0;1;1;2;-20,84728;-51,73684;"SPRF-MS";"DEL07-MS";"UOP01-DEL07-MS"
339911;2021-02-10;"quarta-feira";"21:50:00";"PR";376;597,3;"CURITIBA";"Ausência de reação do condutor";"Colisão lateral mesmo sentido";"Com Vítimas Fatais";"Plena Noite";"Crescente";"Céu Claro";"Dupla";"Reta";"Sim";5;1;0;0;4;0;0;4;-25,51210936;-49,33843017;"SPRF-PR";"DEL01-PR";"UOP01-DEL01-PR"
339913;2021-02-10;"quarta-feira";"23:00:00";"BA";324;610;"SIMOES FILHO";"Ingestão de álcool pelo condutor";"Colisão com objeto";"Com Vítimas Feridas";"Plena Noite";"Decrescente";"Céu Claro";"Dupla";"Reta";"Sim";1;0;1;0;0;0;1;1;-12,82931703;-38,41113193;"SPRF-BA";"DEL01-BA";"UOP01-DEL01-BA"
339914;2021-02-10;"quarta-feira";"23:15:00";"RJ";116;198;"QUEIMADOS";"Demais falhas mecânicas ou elétricas";"Incêndio";"Sem Vítimas";"Plena Noite";"Decrescente";"Ignorado";"Dupla";"Reta";"Não";1;0;0;0;1;0;0;1;-22,72952183;-43,57481597;"SPRF-RJ";"DEL01-RJ";"UOP02-DEL01-RJ"
339916;2021-02-10;"quarta-feira";"23:30:00";"RJ";116;118;"MAGE";"Demais falhas mecânicas ou elétricas";"Capotamento";"Com Vítimas Feridas";"Plena Noite";"Crescente";"Céu Claro";"Dupla";"Reta";"Não";2;0;1;0;1;0;1;1;-22,60969336;-43,03076263;"SPRF-RJ";"DEL04-RJ";"UOP02-DEL04-RJ"
339918;2021-02-10;"quarta-feira";"23:50:00";"PB";230;32,3;"BAYEUX";"Condutor Dormindo";"Colisão com objeto";"Sem Vítimas";"Plena Noite";"Crescente";"Céu Claro";"Dupla";"Reta";"Sim";1;0;0;0;1;0;0;1;-7,143;-34,9192;"SPRF-PB";"DEL01-PB";"UOP01-DEL01-PB"
339919;2021-02-11;"quinta-feira";"00:35:00";"SC";101;412;"ARARANGUA";"Ausência de reação do condutor";"Saída de leito carroçável";"Sem Vítimas";"Plena Noite";"Crescente";"Ignorado";"Simples";"Rotatória";"Sim";1;0;0;0;1;0;0;1;-28,939333;-49,497513;"SPRF-SC";"DEL02-SC";"UOP02-DEL02-SC"
339920;2021-02-11;"quinta-feira";"00:30:00";"SC";470;145,8;"RIO DO SUL";"Ingestão de álcool pelo condutor";"Colisão traseira";"Com Vítimas Feridas";"Plena Noite";"Crescente";"Céu Claro";"Simples";"Reta";"Sim";3;0;0;1;1;1;1;3;-27,237301;-49,682217;"SPRF-SC";"DEL04-SC";"UOP02-DEL04-SC"
339921;2021-02-11;"quinta-feira";"00:05:00";"PI";343;166;"BRASILEIRA";"Ausência de reação do condutor";"Atropelamento de Animal";"Com Vítimas Feridas";"Plena Noite";"Crescente";"Chuva";"Simples";"Declive";"Sim";1;0;1;0;0;0;1;1;-4,125414;-41,784042;"SPRF-PI";"DEL02-PI";"UOP01-DEL02-PI"
339922;2021-02-11;"quinta-feira";"01:00:00";"MG";381;359;"JOAO MONLEVADE";"Reação tardia ou ineficiente do condutor";"Queda de ocupante de veículo";"Com Vítimas Feridas";"Plena Noite";"Crescente";"Céu Claro";"Simples";"Reta";"Sim";3;0;1;0;0;2;1;2;-19,83888387;-43,18270868;"SPRF-MG";"DEL03-MG";"UOP01-DEL03-MG"
339923;2021-02-10;"quarta-feira";"18:07:00";"SC";101;197;"BIGUACU";"Velocidade Incompatível";"Queda de ocupante de veículo";"Com Vítimas Feridas";"Anoitecer";"Crescente";"Céu Claro";"Múltipla";"Reta";"Sim";1;0;1;0;0;0;1;1;-27,51844497;-48,63848496;"SPRF-SC";"DEL01-SC";"UOP01-DEL01-SC"
339924;2021-02-11;"quinta-feira";"03:00:00";"PR";476;127,5;"CURITIBA";"Reação tardia ou ineficiente do condutor";"Tombamento";"Com Vítimas Feridas";"Plena Noite";"Crescente";"Nublado";"Dupla";"Reta";"Sim";1;0;0;1;0;0;1;1;-25,425167;-49,227158;"SPRF-PR";"DEL01-PR";"UOP03-DEL01-PR"
339925;2021-02-11;"quinta-feira";"03:15:00";"RJ";116;76;"TERESOPOLIS";"Ausência de reação do condutor";"Queda de ocupante de veículo";"Com Vítimas Feridas";"Plena Noite";"Crescente";"Céu Claro";"Simples";"Reta";"Sim";2;0;1;1;0;0;2;1;-22,36124312;-42,94876288;"SPRF-RJ";"DEL04-RJ";"UOP01-DEL04-RJ"
339926;2021-02-11;"quinta-feira";"04:00:00";"SC";101;435,3;"SOMBRIO";"Ausência de reação do condutor";"Saída de leito carroçável";"Sem Vítimas";"Plena Noite";"Crescente";"Nublado";"Múltipla";"Reta";"Sim";1;0;0;0;1;0;0;1;-29,09949414;-49,63480552;"SPRF-SC";"DEL02-SC";"UOP02-DEL02-SC"
339931;2021-02-11;"quinta-feira";"04:30:00";"RJ";101;438;"MANGARATIBA";"Animais na Pista";"Atropelamento de Animal";"Com Vítimas Feridas";"Amanhecer";"Decrescente";"Nublado";"Simples";"Reta";"Não";1;0;1;0;0;0;1;1;-22,9502606;-44,07417802;"SPRF-RJ";"DEL03-RJ";"UOP03-DEL03-RJ"
339932;2021-02-10;"quarta-feira";"18:15:00";"MG";262;474;"BOM DESPACHO";"Acumulo de areia ou detritos sobre o pavimento";"Queda de ocupante de veículo";"Com Vítimas Feridas";"Anoitecer";"Crescente";"Céu Claro";"Simples";"Reta";"Não";2;0;0;2;0;0;2;1;-19,79064386;-45,19331799;"SPRF-MG";"DEL08-MG";"UOP03-DEL08-MG"
339933;2021-02-11;"quinta-feira";"07:00:00";"DF";70;8;"BRASILIA";"Trafegar com motocicleta (ou similar) entre as faixas";"Atropelamento de Pedestre";"Com Vítimas Feridas";"Pleno dia";"Decrescente";"Céu Claro";"Dupla";"Reta";"Sim";3;0;1;0;2;0;1;3;-15,784966;-48,122108;"SPRF-DF";"DEL03-DF";"UOP02-DEL03-DF"
339934;2021-02-11;"quinta-feira";"05:10:00";"MS";163;48;"ELDORADO";"Velocidade Incompatível";"Atropelamento de Animal";"Sem Vítimas";"Amanhecer";"Decrescente";"Céu Claro";"Simples";"Declive";"Não";1;0;0;0;0;1;0;1;-23,72263698;-54,27323208;"SPRF-MS";"DEL09-MS";"UOP02-DEL09-MS"
339935;2021-02-11;"quinta-feira";"06:30:00";"RJ";116;163;"RIO DE JANEIRO";"Manobra de mudança de faixa";"Colisão lateral";"Com Vítimas Feridas";"Pleno dia";"Decrescente";"Céu Claro";"Múltipla";"Reta";"Sim";3;0;2;0;1;0;2;2;-22,815955;-43,32531;"SPRF-RJ";"DEL01-RJ";"UOP01-DEL01-RJ"
339936;2021-02-11;"quinta-feira";"04:30:00";"MS";267;490,5;"JARDIM";"Reação tardia ou ineficiente do condutor";"Colisão traseira";"Com Vítimas Feridas";"Plena Noite";"Crescente";"Céu Claro";"Simples";"Reta";"Não";3;0;1;0;2;0;1;2;-21,48566487;-56,21959305;"SPRF-MS";"DEL05-MS";"UOP01-DEL05-MS"
339937;2021-02-11;"quinta-feira";"07:20:00";"PB";230;23;"JOAO PESSOA";"Condutor deixou de manter distância do veículo da frente";"Colisão traseira";"Sem Vítimas";"Pleno dia";"Decrescente";"Sol";"Dupla";"Reta";"Sim";3;0;0;0;3;0;0;3;-7,1562;-34,8574;"SPRF-PB";"DEL01-PB";"UOP01-DEL01-PB"
339940;2021-02-11;"quinta-feira";"07:45:00";"SC";101;122;"ITAJAI";"Ausência de reação do condutor";"Colisão lateral";"Com Vítimas Feridas";"Pleno dia";"Crescente";"Céu Claro";"Dupla";"Reta";"Não";2;0;1;0;1;0;1;2;-26,92955916;-48,70499836;"SPRF-SC";"DEL04-SC";"UOP04-DEL04-SC"
339941;2021-02-11;"quinta-feira";"07:30:00";"SC";280;115;"SAO BENTO DO SUL";"Acessar a via sem observar a presença dos outros veículos";"Colisão transversal";"Com Vítimas Feridas";"Pleno dia";"Decrescente";"Céu Claro";"Simples";"Interseção de Vias";"Não";3;0;1;0;2;0;1;2;-26,284761;-49,408313;"SPRF-SC";"DEL06-SC";"UOP03-DEL06-SC"
339942;2021-02-11;"quinta-feira";"08:00:00";"PR";116;118;"CURITIBA";"Condutor deixou de manter distância do veículo da frente";"Colisão traseira";"Com Vítimas Feridas";"Pleno dia";"Decrescente";"Céu Claro";"Dupla";"Reta";"Sim";2;0;1;0;1;0;1;2;-25,54657438;-49,29173608;"SPRF-PR";"DEL01-PR";"UOP01-DEL01-PR"
339943;2021-02-11;"quinta-feira";"07:30:00";"SC";101;206;"SAO JOSE";"Acessar a via sem observar a presença dos outros veículos";"Colisão transversal";"Com Vítimas Feridas";"Pleno dia";"Crescente";"Céu Claro";"Dupla";"Reta";"Sim";2;0;1;0;1;0;1;2;-27,59193546;-48,61824557;"SPRF-SC";"DEL01-SC";"UOP01-DEL01-SC"
339944;2021-02-11;"quinta-feira";"07:10:00";"ES";393;2,4;"CACHOEIRO DE ITAPEMIRIM";"Animais na Pista";"Atropelamento de Animal";"Com Vítimas Feridas";"Pleno dia";"Decrescente";"Céu Claro";"Simples";"Reta";"Não";1;0;1;0;0;0;1;1;-20,83242503;-41,17491003;"SPRF-ES";"DEL03-ES";"UOP02-DEL03-ES"
339947;2021-02-11;"quinta-feira";"07:00:00";"PR";277;596,6;"CASCAVEL";"Reação tardia ou ineficiente do condutor";"Saída de leito carroçável";"Com Vítimas Feridas";"Pleno dia";"Crescente";"Céu Claro";"Dupla";"Reta";"Não";2;0;0;1;1;0;1;2;-24,98837665;-53,50778641;"SPRF-PR";"DEL04-PR";"UOP01-DEL04-PR"
339948;2021-01-12;"terça-feira";"19:50:00";"MG";116;115;"ITAOBIM";"Retorno proibido";"Colisão transversal";"Com Vítimas Feridas";"Plena Noite";"Decrescente";"Nublado";"Múltipla";"Reta";"Sim";2;0;1;0;1;0;1;2;-16,55656498;-41,50192905;"SPRF-MG";"DEL11-MG";"UOP02-DEL11-MG"
339951;2021-02-11;"quinta-feira";"07:00:00";"RJ";40;79,3;"PETROPOLIS";"Demais falhas mecânicas ou elétricas";"Incêndio";"Sem Vítimas";"Pleno dia";"Crescente";"Céu Claro";"Dupla";"Reta";"Não";1;0;0;0;1;0;0;1;-22,495152;-43,225498;"SPRF-RJ";"DEL06-RJ";"UOP01-DEL06-RJ"
339954;2021-02-11;"quinta-feira";"08:10:00";"SP";116;230;"SAO PAULO";"Condutor deixou de manter distância do veículo da frente";"Queda de ocupante de veículo";"Com Vítimas Feridas";"Pleno dia";"Crescente";"Nublado";"Múltipla";"Reta";"Sim";2;0;2;0;0;0;2;2;-23,520016;-46,583806;"SPRF-SP";"DEL01-SP";"UOP01-DEL01-SP"
339957;2021-01-17;"domingo";"20:35:00";"PA";230;121;"MARABA";"Reação tardia ou ineficiente do condutor";"Colisão transversal";"Com Vítimas Feridas";"Plena Noite";"Decrescente";"Nublado";"Dupla";"Retorno Regulamentado";"Sim";3;0;0;2;1;0;2;2;-5,37127464;-49,1323185;"SPRF-PA";"DEL03-PA";"UOP01-DEL03-PA"
339958;2021-02-11;"quinta-feira";"08:50:00";"PE";407;126,3;"PETROLINA";"Manobra de mudança de faixa";"Colisão lateral mesmo sentido";"Com Vítimas Feridas";"Pleno dia";"Crescente";"Sol";"Dupla";"Rotatória";"Sim";3;0;2;0;1;0;2;2;-9,38797393;-40,52579011;"SPRF-PE";"DEL06-PE";"UOP01-DEL06-PE"
339962;2021-02-11;"quinta-feira";"09:30:00";"PR";376;161,2;"MARINGA";"Reação tardia ou ineficiente do condutor";"Colisão traseira";"Com Vítimas Feridas";"Pleno dia";"Crescente";"Nublado";"Dupla";"Reta;Aclive";"Sim";2;0;1;0;1;0;1;2;-23,37281665;-52,05547485;"SPRF-PR";"DEL09-PR";"UOP01-DEL09-PR"
339967;2021-01-18;"segunda-feira";"19:40:00";"PA";316;186;"SANTA LUZIA DO PARA";"Animais na Pista";"Capotamento";"Com Vítimas Feridas";"Plena Noite";"Decrescente";"Nublado";"Simples";"Aclive";"Não";3;0;1;2;0;0;3;1;-1,445423;-46,969482;"SPRF-PA";"DEL01-PA";"UOP03-DEL01-PA"
339968;2021-02-11;"quinta-feira";"10:35:00";"SP";116;288;"ITAPECERICA DA SERRA";"Ausência de reação do condutor";"Tombamento";"Com Vítimas Feridas";"Pleno dia";"Crescente";"Céu Claro";"Dupla";"Reta";"Não";1;0;1;0;0;0;1;1;-23,70151535;-46,87022907;"SPRF-SP";"DEL04-SP";"UOP01-DEL04-SP"
339970;2021-02-11;"quinta-feira";"10:40:00";"SP";116;285,5;"ITAPECERICA DA SERRA";"Animais na Pista";"Atropelamento de Animal";"Com Vítimas Feridas";"Pleno dia";"Crescente";"Céu Claro";"Dupla";"Reta";"Sim";1;0;1;0;0;0;1;1;-23,70407794;-46,87249709;"SPRF-SP";"DEL04-SP";"UOP01-DEL04-SP"
339971;2021-02-11;"quinta-feira";"10:20:00";"PR";476;132;"CURITIBA";"Trafegar com motocicleta (ou similar) entre as faixas";"Colisão lateral";"Com Vítimas Feridas";"Pleno dia";"Decrescente";"Céu Claro";"Dupla";"Reta";"Sim";3;0;1;0;2;0;1;3;-25,460718;-49,250488;"SPRF-PR";"DEL01-PR";"UOP03-DEL01-PR"