"id";"data_inversa";"dia_semana";"horario";"uf";"br";"km";"municipio";"causa_acidente";"tipo_acidente";"classificacao_acidente";"fase_dia";"sentido_via";"condicao_metereologica";"tipo_pista";"tracado_via";"uso_solo";"pessoas";"mortos";"feridos_leves";"feridos_graves";"ilesos";"ignorados";"feridos";"veiculos";"latitude";"longitude";"regional";"delegacia";"uop"
339973;2021-02-11;"quinta-feira";"09:00:00";"RS";472;139,9;"TRES DE MAIO";"Manobra de mudança de faixa";"Saída de leito carroçável";"Sem Vítimas";"Pleno dia";"Crescente";"Chuva";"Simples";"Reta";"Não";1;0;0;0;1;0;0;1;-27,77433212;-54,301426;"SPRF-RS";"DEL10-RS";"UOP01-DEL10-RS"
339974;2021-01-31;"domingo";"17:35:00";"GO";158;265;"JATAI";"Reação tardia ou ineficiente do condutor";"Tombamento";"Com Vítimas Feridas";"Pleno dia";"Crescente";"Céu Claro";"Simples";"Curva";"Não";2;0;0;2;0;0;2;1;-17,83651459;-51,76247069;"SPRF-GO";"DEL05-GO";"UOP01-DEL05-GO"
339975;2021-02-11;"quinta-feira";"07:40:00";"PR";376;374;"ORTIGUEIRA";"Ultrapassagem Indevida";"Saída de leito carroçável";"Com Vítimas Feridas";"Pleno dia";"Decrescente";"Chuva";"Dupla";"Reta";"Não";2;0;0;2;0;0;2;1;-24,408135;-50,78447205;"SPRF-PR";"DEL07-PR";"UOP03-DEL07-PR"
339976;2021-02-11;"quinta-feira";"06:50:00";"PR";369;44;"ANDIRA";"Animais na Pista";"Atropelamento de Animal";"Com Vítimas Feridas";"Pleno dia";"Crescente";"Nublado";"Simples";"Reta;Declive";"Não";2;0;2;0;0;0;2;1;-23,08739074;-50,28197765;"SPRF-PR";"DEL07-PR";"UOP01-DEL07-PR"
339977;2021-02-11;"quinta-feira";"11:00:00";"SP";153;280;"OCAUCU";"Desrespeitar a preferência no cruzamento";"Colisão transversal";"Com Vítimas Feridas";"Pleno dia";"Crescente";"Garoa/Chuvisco";"Simples";"Reta";"Não";4;0;4;0;0;0;4;2;-22,41321412;-49,86091715;"SPRF-SP";"DEL07-SP";"UOP02-DEL07-SP"
339978;2021-02-11;"quinta-feira";"11:10:00";"PR";277;2;"FOZ DO IGUACU";"Reação tardia ou ineficiente do condutor";"Colisão transversal";"Com Vítimas Feridas";"Pleno dia";"Crescente";"Nublado";"Simples";"Reta";"Não";4;0;1;1;2;0;2;2;-25,493778;-54,583262;"SPRF-PR";"DEL05-PR";"UOP03-DEL05-PR"
339980;2021-01-30;"sábado";"13:00:00";"SE";235;49,5;"ITABAIANA";"Desrespeitar a preferência no cruzamento";"Colisão transversal";"Com Vítimas Feridas";"Pleno dia";"Crescente";"Nublado";"Simples";"Declive";"Sim";2;0;0;1;1;0;1;2;-10,716222;-37,421669;"SPRF-SE";"DEL01-SE";"UOP02-DEL01-SE"
339982;2021-02-11;"quinta-feira";"07:30:00";"MS";262;568;"MIRANDA";"Animais na Pista";"Atropelamento de Animal";"Sem Vítimas";"Pleno dia";"Decrescente";"Céu Claro";"Simples";"Reta";"Não";3;0;0;0;3;0;0;1;-20,18958615;-56,45743;"SPRF-MS";"DEL03-MS";"UOP02-DEL03-MS"
339983;2021-02-11;"quinta-feira";"07:00:00";"MG";40;456;"CAETANOPOLIS";"Avarias e/ou desgaste excessivo no pneu";"Queda de ocupante de veículo";"Com Vítimas Feridas";"Pleno dia";"Decrescente";"Nublado";"Dupla";"Curva";"Não";1;0;0;1;0;0;1;1;-19,36312782;-44,33978478;"SPRF-MG";"DEL02-MG";"UOP01-DEL02-MG"
339984;2021-02-11;"quinta-feira";"11:53:00";"RS";158;326;"SANTA MARIA";"Condutor deixou de manter distância do veículo da frente";"Colisão traseira";"Com Vítimas Feridas";"Pleno dia";"Crescente";"Céu Claro";"Dupla";"Interseção de Vias";"Sim";2;0;1;0;1;0;1;2;-29,70975376;-53,80284617;"SPRF-RS";"DEL09-RS";"UOP01-DEL09-RS"
339988;2021-02-11;"quinta-feira";"10:45:00";"AL";101;165,9;"TEOTONIO VILELA";"Velocidade Incompatível";"Queda de ocupante de veículo";"Com Vítimas Feridas";"Pleno dia";"Decrescente";"Nublado";"Dupla";"Reta";"Não";1;0;0;1;0;0;1;1;-9,8996779;-36,283047;"SPRF-AL";"DEL02-AL";"UOP02-DEL02-AL"
339990;2021-02-11;"quinta-feira";"12:00:00";"SC";101;209,2;"SAO JOSE";"Trafegar com motocicleta (ou similar) entre as faixas";"Colisão lateral";"Com Vítimas Feridas";"Pleno dia";"Decrescente";"Céu Claro";"Dupla";"Reta";"Sim";2;0;1;0;1;0;1;2;-27,61000542;-48,63895057;"SPRF-SC";"DEL01-SC";"UOP01-DEL01-SC"
339993;2021-02-11;"quinta-feira";"12:00:00";"MG";40;532,6;"BELO HORIZONTE";"Condutor deixou de manter distância do veículo da frente";"Engavetamento";"Com Vítimas Feridas";"Pleno dia";"Crescente";"Céu Claro";"Dupla";"Reta";"Sim";4;0;2;0;2;0;2;3;-19,92372561;-44,01700789;"SPRF-MG";"DEL01-MG";"UOP02-DEL01-MG"
339995;2021-02-11;"quinta-feira";"09:50:00";"RO";364;15;"VILHENA";"Desrespeitar a preferência no cruzamento";"Colisão transversal";"Sem Vítimas";"Pleno dia";"Decrescente";"Céu Claro";"Simples";"Interseção de Vias";"Sim";1;0;0;0;1;0;0;1;-12,73672751;-60,14804088;"SPRF-RO";"DEL04-RO";"UOP01-DEL04-RO"
339996;2021-02-11;"quinta-feira";"13:25:00";"RS";116;233;"ESTANCIA VELHA";"Condutor deixou de manter distância do veículo da frente";"Colisão traseira";"Sem Vítimas";"Pleno dia";"Crescente";"Sol";"Simples";"Reta";"Sim";2;0;0;0;2;0;0;2;-29,63514492;-51,14267707;"SPRF-RS";"DEL01-RS";"UOP02-DEL01-RS"
339999;2021-02-11;"quinta-feira";"07:33:00";"MG";50;145,9;"UBERABA";"Reação tardia ou ineficiente do condutor";"Saída de leito carroçável";"Sem Vítimas";"Pleno dia";"Decrescente";"Sol";"Dupla";"Reta";"Não";1;0;0;0;0;1;0;1;-19,51997196;-48,03997088;"SPRF-MG";"DEL13-MG";"UOP01-DEL13-MG"
340001;2021-02-11;"quinta-feira";"08:30:00";"MG";50;192;"DELTA";"Condutor deixou de manter distância do veículo da frente";"Colisão traseira";"Com Vítimas Feridas";"Pleno dia";"Crescente";"Chuva";"Dupla";"Aclive";"Não";2;0;1;0;1;0;1;2;-19,87187797;-47,85892196;"SPRF-MG";"DEL13-MG";"UOP01-DEL13-MG"
340003;2021-02-11;"quinta-feira";"12:30:00";"RJ";40;52,5;"PETROPOLIS";"Velocidade Incompatível";"Colisão com objeto";"Com Vítimas Feridas";"Pleno dia";"Decrescente";"Céu Claro";"Dupla";"Curva;Declive";"Não";1;0;1;0;0;0;1;1;-22,33571319;-43,13320403;"SPRF-RJ";"DEL05-RJ";"UOP02-DEL05-RJ"
340004;2021-02-11;"quinta-feira";"12:10:00";"MG";40;666,8;"CARANDAI";"Acessar a via sem observar a presença dos outros veículos";"Colisão transversal";"Com Vítimas Feridas";"Pleno dia";"Crescente";"Chuva";"Dupla";"Rotatória";"Sim";3;0;2;0;1;0;2;2;-20,94471215;-43,8086221;"SPRF-MG";"DEL05-MG";"UOP02-DEL05-MG"
340013;2021-02-11;"quinta-feira";"15:00:00";"RS";287;249;"SANTA MARIA";"Acessar a via sem observar a presença dos outros veículos";"Colisão lateral";"Com Vítimas Feridas";"Pleno dia";"Crescente";"Chuva";"Simples";"Reta";"Sim";2;0;1;0;1;0;1;2;-29,69400654;-53,86100019;"SPRF-RS";"DEL09-RS";"UOP01-DEL09-RS"
340014;2021-01-28;"quinta-feira";"19:20:00";"PA";230;626;"VITORIA DO XINGU";"Condutor deixou de manter distância do veículo da frente";"Colisão lateral mesmo sentido";"Com Vítimas Feridas";"Plena Noite";"Decrescente";"Céu Claro";"Simples";"Reta";"Não";4;0;1;0;3;0;1;4;-3,17127831;-52,12585398;"SPRF-PA";"DEL04-PA";"UOP01-DEL04-PA"
340017;2021-02-11;"quinta-feira";"14:20:00";"PI";343;588;"FLORIANO";"Reação tardia ou ineficiente do condutor";"Colisão com objeto";"Com Vítimas Feridas";"Pleno dia";"Decrescente";"Céu Claro";"Dupla";"Reta";"Sim";1;0;0;1;0;0;1;1;-6,780452;-43,002651;"SPRF-PI";"DEL03-PI";"UOP01-DEL03-PI"
340018;2021-02-11;"quinta-feira";"15:00:00";"SC";101;276,4;"IMBITUBA";"Sinalização mal posicionada";"Colisão com objeto";"Com Vítimas Feridas";"Pleno dia";"Decrescente";"Céu Claro";"Dupla";"Reta;Em Obras";"Sim";2;0;2;0;0;0;2;1;-28,14644701;-48,69204746;"SPRF-SC";"DEL02-SC";"UOP03-DEL02-SC"
340021;2021-02-11;"quinta-feira";"16:00:00";"SC";101;412,5;"ARARANGUA";"Acessar a via sem observar a presença dos outros veículos";"Colisão transversal";"Com Vítimas Feridas";"Pleno dia";"Decrescente";"Nublado";"Simples";"Reta";"Sim";3;0;1;0;1;1;1;3;-28,95858671;-49,51503754;"SPRF-SC";"DEL02-SC";"UOP02-DEL02-SC"
340022;2021-02-11;"quinta-feira";"13:50:00";"MA";230;381;"BALSAS";"Desrespeitar a preferência no cruzamento";"Colisão transversal";"Com Vítimas Fatais";"Pleno dia";"Decrescente";"Nublado";"Simples";"Reta";"Não";3;1;1;1;0;0;2;2;-7,3354982;-45,9561976;"SPRF-MA";"DEL05-MA";"UOP01-DEL05-MA"
340027;2021-01-26;"terça-feira";"15:00:00";"PR";376;176,1;"MARINGA";"Reação tardia ou ineficiente do condutor";"Colisão traseira";"Com Vítimas Feridas";"Pleno dia";"Crescente";"Ignorado";"Dupla";"Reta;Interseção de Vias";"Sim";2;0;1;0;0;1;1;2;-23,41269173;-51,93158327;"SPRF-PR";"DEL09-PR";"UOP01-DEL09-PR"
340029;2021-02-11;"quinta-feira";"12:30:00";"BA";110;137;"CICERO DANTAS";"Acumulo de água sobre o pavimento";"Colisão transversal";"Com Vítimas Feridas";"Pleno dia";"Crescente";"Chuva";"Simples";"Curva";"Não";3;0;1;0;2;0;1;2;-10,58317696;-38,37435277;"SPRF-BA";"DEL07-BA";"UOP02-DEL07-BA"
340032;2021-02-10;"quarta-feira";"22:00:00";"PE";232;241;"ARCOVERDE";"Ingestão de álcool pelo condutor";"Saída de leito carroçável";"Com Vítimas Fatais";"Plena Noite";"Decrescente";"Céu Claro";"Simples";"Aclive";"Não";1;1;0;0;0;0;0;1;-8,41518942;-36,970926;"SPRF-PE";"DEL03-PE";"UOP02-DEL03-PE"
340033;2021-02-11;"quinta-feira";"16:20:00";"SP";116;139;"SAO JOSE DOS CAMPOS";"Ingestão de álcool pelo condutor";"Colisão com objeto";"Sem Vítimas";"Pleno dia";"Decrescente";"Nublado";"Dupla";"Retorno Regulamentado";"Sim";1;0;0;0;1;0;0;1;-23,16153216;-45,80400592;"SPRF-SP";"DEL02-SP";"UOP01-DEL02-SP"
340034;2021-02-11;"quinta-feira";"17:00:00";"PR";163;247,5;"TOLEDO";"Chuva";"Capotamento";"Com Vítimas Feridas";"Pleno dia";"Decrescente";"Chuva";"Dupla";"Reta";"Não";2;0;2;0;0;0;2;1;-24,717822;-53,711597;"SPRF-PR";"DEL06-PR";"UOP02-DEL06-PR"
340035;2021-02-11;"quinta-feira";"16:50:00";"SP";116;429,3;"REGISTRO";"Reação tardia ou ineficiente do condutor";"Colisão com objeto";"Sem Vítimas";"Anoitecer";"Crescente";"Chuva";"Dupla";"Curva";"Não";3;0;0;0;3;0;0;1;-24,40226511;-47,7383829;"SPRF-SP";"DEL05-SP";"UOP01-DEL05-SP"
340036;2021-02-11;"quinta-feira";"14:40:00";"SP";381;76;"SAO PAULO";"Chuva";"Saída de leito carroçável";"Com Vítimas Feridas";"Pleno dia";"Crescente";"Chuva";"Dupla";"Declive";"Não";1;0;1;0;0;0;1;1;-23,38372401;-46,56502116;"SPRF-SP";"DEL03-SP";"UOP01-DEL03-SP"
340038;2021-02-11;"quinta-feira";"17:25:00";"RS";470;223;"GARIBALDI";"Desrespeitar a preferência no cruzamento";"Colisão transversal";"Com Vítimas Feridas";"Pleno dia";"Decrescente";"Nublado";"Simples";"Retorno Regulamentado;Declive;Reta";"Sim";2;0;1;0;1;0;1;2;-29,227299;-51,516199;"SPRF-RS";"DEL06-RS";"UOP01-DEL06-RS"
340039;2021-02-11;"quinta-feira";"17:30:00";"ES";101;278,5;"VITORIA";"Manobra de mudança de faixa";"Colisão transversal";"Com Vítimas Feridas";"Pleno dia";"Crescente";"Céu Claro";"Dupla";"Retorno Regulamentado";"Não";2;0;0;1;1;0;1;2;-20,21692359;-40,32929778;"SPRF-ES";"DEL02-ES";"UOP01-DEL02-ES"
340040;2021-02-11;"quinta-feira";"16:40:00";"SP";116;504;"CAJATI";"Pista Escorregadia";"Colisão com objeto";"Com Vítimas Feridas";"Pleno dia";"Crescente";"Chuva";"Simples";"Curva";"Não";1;0;1;0;0;0;1;1;-24,77956537;-48,2110548;"SPRF-SP";"DEL05-SP";"UOP02-DEL05-SP"
340041;2021-02-11;"quinta-feira";"17:25:00";"SC";101;211,5;"PALHOCA";"Demais falhas mecânicas ou elétricas";"Tombamento";"Com Vítimas Feridas";"Pleno dia";"Crescente";"Nublado";"Múltipla";"Reta";"Sim";2;0;1;1;0;0;2;1;-27,62329313;-48,65245588;"SPRF-SC";"DEL01-SC";"UOP02-DEL01-SC"
340042;2021-01-27;"quarta-feira";"08:20:00";"MT";364;402;"CUIABA";"Velocidade Incompatível";"Colisão com objeto";"Com Vítimas Feridas";"Pleno dia";"Decrescente";"Céu Claro";"Dupla";"Curva";"Sim";1;0;0;1;0;0;1;1;-15,65189334;-55,99535108;"SPRF-MT";"DEL01-MT";"UOP02-DEL01-MT"
340043;2021-02-11;"quinta-feira";"17:40:00";"PE";101;60,3;"RECIFE";"Pedestre cruzava a pista fora da faixa";"Queda de ocupante de veículo";"Com Vítimas Feridas";"Anoitecer";"Decrescente";"Nublado";"Dupla";"Reta";"Sim";3;0;1;0;0;2;1;2;-7,98344307;-34,93176727;"SPRF-PE";"DEL01-PE";"UOP02-DEL01-PE"
340044;2021-02-11;"quinta-feira";"17:00:00";"SP";381;40;"ATIBAIA";"Chuva";"Saída de leito carroçável";"Com Vítimas Feridas";"Pleno dia";"Decrescente";"Chuva";"Dupla";"Reta";"Sim";1;0;1;0;0;0;1;1;-23,12997498;-46,5767598;"SPRF-SP";"DEL03-SP";"UOP01-DEL03-SP"
340047;2021-02-11;"quinta-feira";"16:40:00";"SP";116;96;"PINDAMONHANGABA";"Acumulo de água sobre o pavimento";"Saída de leito carroçável";"Com Vítimas Feridas";"Pleno dia";"Crescente";"Chuva";"Dupla";"Reta";"Sim";5;0;5;0;0;0;5;1;-22,96945055;-45,43869623;"SPRF-SP";"DEL08-SP";"UOP01-DEL08-SP"
340048;2021-02-11;"quinta-feira";"17:50:00";"BA";235;346;"JUAZEIRO";"Condutor deixou de manter distância do veículo da frente";"Colisão lateral";"Com Vítimas Feridas";"Plena Noite";"Crescente";"Nublado";"Simples";"Reta";"Não";2;0;1;0;1;0;1;2;-9,45472;-40,47658;"SPRF-PE";"DEL06-PE";"UOP01-DEL06-PE"
340049;2021-02-11;"quinta-feira";"18:00:00";"PE";101;44,2;"IGARASSU";"Velocidade Incompatível";"Colisão lateral mesmo sentido";"Sem Vítimas";"Plena Noite";"Decrescente";"Céu Claro";"Múltipla";"Reta";"Sim";2;0;0;0;1;1;0;2;-7,85637001;-34,90842109;"SPRF-PE";"DEL01-PE";"UOP02-DEL01-PE"
340050;2021-02-11;"quinta-feira";"18:45:00";"GO";40;2;"VALPARAISO DE GOIAS";"Velocidade Incompatível";"Colisão lateral";"Com Vítimas Feridas";"Anoitecer";"Decrescente";"Garoa/Chuvisco";"Dupla";"Reta";"Sim";2;0;1;0;1;0;1;2;-16,067129;-47,984235;"SPRF-DF";"DEL01-DF";"UOP01-DEL01-DF"
340051;2021-02-11;"quinta-feira";"18:35:00";"MT";70;91,3;"GENERAL CARNEIRO";"Velocidade Incompatível";"Capotamento";"Com Vítimas Feridas";"Anoitecer";"Decrescente";"Nublado";"Simples";"Curva;Declive";"Não";1;0;1;0;0;0;1;1;-15,58345394;-52,87296884;"SPRF-MT";"DEL07-MT";"UOP01-DEL07-MT"
340052;2021-02-11;"quinta-feira";"17:00:00";"RO";319;62;"PORTO VELHO";"Acessar a via sem observar a presença dos outros veículos";"Colisão transversal";"Com Vítimas Feridas";"Pleno dia";"Crescente";"Céu Claro";"Dupla";"Interseção de Vias";"Sim";2;0;1;0;1;0;1;2;-8,766685;-63,884052;"SPRF-RO";"DEL01-RO";"UOP01-DEL01-RO"
340053;2021-02-11;"quinta-feira";"17:50:00";"MG";262;460,8;"ARAUJOS";"Demais falhas mecânicas ou elétricas";"Tombamento";"Com Vítimas Feridas";"Pleno dia";"Crescente";"Céu Claro";"Simples";"Reta;Aclive";"Não";2;0;2;0;0;0;2;1;-19,82719122;-45,07371312;"SPRF-MG";"DEL08-MG";"UOP03-DEL08-MG"
340055;2021-02-11;"quinta-feira";"08:15:00";"RS";386;424,5;"MONTENEGRO";"Frear bruscamente";"Colisão traseira";"Com Vítimas Feridas";"Pleno dia";"Crescente";"Céu Claro";"Dupla";"Rotatória";"Sim";7;0;1;0;6;0;1;2;-29,81839508;-51,37670701;"SPRF-RS";"DEL04-RS";"UOP02-DEL04-RS"
340058;2021-02-11;"quinta-feira";"18:00:00";"PB";230;8;"CABEDELO";"Animais na Pista";"Atropelamento de Animal";"Com Vítimas Feridas";"Anoitecer";"Crescente";"Céu Claro";"Dupla";"Reta";"Sim";1;0;1;0;0;0;1;1;-7,0355;-34,8429;"SPRF-PB";"DEL01-PB";"UOP01-DEL01-PB"
340062;2021-02-11;"quinta-feira";"17:30:00";"SP";116;317;"JUQUITIBA";"Ausência de reação do condutor";"Colisão com objeto";"Com Vítimas Feridas";"Pleno dia";"Crescente";"Chuva";"Dupla";"Reta";"Não";1;0;1;0;0;0;1;1;-23,91799802;-46,98973192;"SPRF-SP";"DEL04-SP";"UOP01-DEL04-SP"
340066;2021-02-11;"quinta-feira";"19:30:00";"SP";116;218;"GUARULHOS";"Condutor deixou de manter distância do veículo da frente";"Queda de ocupante de veículo";"Com Vítimas Feridas";"Plena Noite";"Decrescente";"Céu Claro";"Múltipla";"Reta";"Não";1;0;1;0;0;0;1;1;-23,457972;-46,479927;"SPRF-SP";"DEL01-SP";"UOP01-DEL01-SP"
340069;2021-02-11;"quinta-feira";"19:40:00";"SC";101;215,6;"PALHOCA";"Manobra de mudança de faixa";"Colisão lateral mesmo sentido";"Com Vítimas Feridas";"Plena Noite";"Decrescente";"Chuva";"Dupla";"Curva";"Sim";2;0;1;0;1;0;1;2;-27,65184843;-48,67604941;"SPRF-SC";"DEL01-SC";"UOP02-DEL01-SC"
340074;2021-02-11;"quinta-feira";"20:29:00";"SP";116;216;"GUARULHOS";"Pedestre andava na pista";"Atropelamento de Pedestre";"Com Vítimas Feridas";"Plena Noite";"Decrescente";"Garoa/Chuvisco";"Múltipla";"Reta";"Sim";2;0;0;1;1;0;1;2;-23,45056589;-46,46258105;"SPRF-SP";"DEL01-SP";"UOP01-DEL01-SP"
340075;2021-02-11;"quinta-feira";"18:30:00";"GO";60;2,9;"SANTO ANTONIO DO DESCOBERTO";"Pista Escorregadia";"Capotamento";"Com Vítimas Feridas";"Plena Noite";"Crescente";"Chuva";"Dupla";"Curva";"Não";1;0;1;0;0;0;1;1;-16,06183072;-48,2191658;"SPRF-DF";"DEL03-DF";"UOP01-DEL03-DF"
340077;2021-02-11;"quinta-feira";"20:15:00";"RS";158;198,4;"CRUZ ALTA";"Animais na Pista";"Atropelamento de Animal";"Com Vítimas Feridas";"Plena Noite";"Crescente";"Nublado";"Simples";"Reta";"Não";2;0;1;0;1;0;1;2;-28,66870493;-53,59154373;"SPRF-RS";"DEL10-RS";"UOP02-DEL10-RS"
340079;2021-01-16;"sábado";"05:40:00";"SE";101;69,3;"MARUIM";"Transitar no acostamento";"Colisão com objeto";"Com Vítimas Feridas";"Pleno dia";"Decrescente";"Chuva";"Simples";"Declive;Reta";"Não";2;0;2;0;0;0;2;2;-10,72937357;-37,0810103;"SPRF-SE";"DEL01-SE";"UOP01-DEL01-SE"
340080;2021-02-11;"quinta-feira";"20:40:00";"CE";222;9;"CAUCAIA";"Pedestre cruzava a pista fora da faixa";"Atropelamento de Pedestre";"Com Vítimas Fatais";"Plena Noite";"Crescente";"Céu Claro";"Dupla";"Reta";"Sim";2;1;0;0;1;0;0;2;-3,75774612;-38,64611294;"SPRF-CE";"DEL01-CE";"UOP01-DEL01-CE"
340081;2021-02-11;"quinta-feira";"20:20:00";"SC";470;72;"INDAIAL";"Ingestão de álcool pelo condutor";"Colisão frontal";"Com Vítimas Feridas";"Plena Noite";"Crescente";"Chuva";"Simples";"Reta";"Não";2;0;1;0;1;0;1;2;-26,901979;-49,268745;"SPRF-SC";"DEL04-SC";"UOP01-DEL04-SC"
340083;2021-02-11;"quinta-feira";"20:45:00";"SC";101;205,9;"SAO JOSE";"Manobra de mudança de faixa";"Colisão lateral";"Com Vítimas Feridas";"Plena Noite";"Crescente";"Nublado";"Múltipla";"Reta";"Sim";2;0;1;0;0;1;1;2;-27,58313237;-48,61532885;"SPRF-SC";"DEL01-SC";"UOP01-DEL01-SC"
340085;2021-02-11;"quinta-feira";"19:30:00";"AP";210;1;"MACAPA";"Pedestre cruzava a pista fora da faixa";"Atropelamento de Pedestre";"Com Vítimas Feridas";"Plena Noite";"Crescente";"Nublado";"Simples";"Reta";"Sim";2;0;0;2;0;0;2;2;0;-51;"SPRF-AP";"DEL01-AP";"UOP01-DEL01-AP"
340086;2021-02-11;"quinta-feira";"20:50:00";"MG";262;578;"MANHUACU";"Ingestão de álcool pelo condutor";"Saída de leito carroçável";"Com Vítimas Feridas";"Plena Noite";"Crescente";"Garoa/Chuvisco";"Simples";"Curva";"Não";3;0;3;0;0;0;3;1;-20,16135429;-42,18921661;"SPRF-MG";"DEL08-MG";"UOP02-DEL08-MG"
340088;2021-02-11;"quinta-feira";"19:30:00";"CE";116;369,9;"ICO";"Transitar no acostamento";"Colisão lateral mesmo sentido";"Com Vítimas Feridas";"Plena Noite";"Decrescente";"Nublado";"Simples";"Reta";"Não";2;0;1;1;0;0;2;2;-6,36608196;-38,78671602;"SPRF-CE";"DEL05-CE";"UOP01-DEL05-CE"
340089;2021-02-11;"quinta-feira";"21:20:00";"DF";70;18;"BRASILIA";"Ingestão de álcool pelo condutor";"Colisão traseira";"Sem Vítimas";"Plena Noite";"Crescente";"Garoa/Chuvisco";"Dupla";"Reta";"Não";3;0;0;0;3;0;0;2;-15,791093;-48,21096;"SPRF-DF";"DEL03-DF";"UOP02-DEL03-DF"
340090;2021-02-11;"quinta-feira";"15:30:00";"PI";316;8;"TERESINA";"Frear bruscamente";"Queda de ocupante de veículo";"Com Vítimas Feridas";"Pleno dia";"Decrescente";"Céu Claro";"Simples";"Interseção de Vias";"Sim";1;0;1;0;0;0;1;1;-5,17102388;-42,76702881;"SPRF-PI";"DEL01-PI";"UOP02-DEL01-PI"
340091;2021-02-11;"quinta-feira";"21:20:00";"RJ";116;276;"BARRA MANSA";"Pista Escorregadia";"Colisão traseira";"Com Vítimas Feridas";"Plena Noite";"Decrescente";"Chuva";"Dupla";"Reta";"Sim";2;0;1;0;1;0;1;2;-22,56183393;-44,16588602;"SPRF-RJ";"DEL07-RJ";"UOP02-DEL07-RJ"
340093;2021-01-23;"sábado";"18:00:00";"MG";365;448,2;"PATROCINIO";"Reação tardia ou ineficiente do condutor";"Queda de ocupante de veículo";"Com Vítimas Feridas";"Amanhecer";"Crescente";"Céu Claro";"Simples";"Reta";"Não";1;0;1;0;0;0;1;1;-18,8271;-46,7961;"SPRF-MG";"DEL10-MG";"UOP01-DEL10-MG"
340097;2021-02-11;"quinta-feira";"15:00:00";"SC";280;51,9;"GUARAMIRIM";"Objeto estático sobre o leito carroçável";"Tombamento";"Com Vítimas Feridas";"Pleno dia";"Crescente";"Nublado";"Dupla";"Interseção de Vias";"Não";1;0;1;0;0;0;1;1;-26,46699065;-48,96013141;"SPRF-SC";"DEL03-SC";"UOP03-DEL03-SC"
340099;2021-02-11;"quinta-feira";"22:47:00";"PE";232;508,5;"SALGUEIRO";"Condutor deixou de manter distância do veículo da frente";"Colisão traseira";"Com Vítimas Feridas";"Plena Noite";"Decrescente";"Ignorado";"Simples";"Reta";"Sim";4;0;2;0;2;0;2;2;-8,06223271;-39,12095006;"SPRF-PE";"DEL05-PE";"UOP01-DEL05-PE"
340100;2021-02-11;"quinta-feira";"22:40:00";"MG";381;451;"SABARA";"Chuva";"Colisão frontal";"Com Vítimas Feridas";"Plena Noite";"Crescente";"Chuva";"Simples";"Declive;Reta";"Sim";4;0;3;1;0;0;4;2;-19,83081182;-43,84455605;"SPRF-MG";"DEL01-MG";"UOP01-DEL01-MG"
340103;2021-02-11;"quinta-feira";"20:15:00";"MA";10;375;"ITINGA DO MARANHAO";"Desrespeitar a preferência no cruzamento";"Colisão transversal";"Com Vítimas Feridas";"Plena Noite";"Crescente";"Nublado";"Simples";"Interseção de Vias;Reta";"Sim";3;0;2;0;1;0;2;2;-4,471299;-47,516045;"SPRF-MA";"DEL04-MA";"UOP03-DEL04-MA"
340104;2021-02-11;"quinta-feira";"22:20:00";"MS";262;287;"CAMPO GRANDE";"Velocidade Incompatível";"Saída de leito carroçável";"Com Vítimas Feridas";"Plena Noite";"Decrescente";"Garoa/Chuvisco";"Simples";"Curva";"Não";3;0;2;0;0;1;2;1;-20,4919893;-54,19864655;"SPRF-MS";"DEL01-MS";"UOP01-DEL01-MS"
340111;2021-02-11;"quinta-feira";"23:49:00";"MG";381;858,5;"POUSO ALEGRE";"Ingestão de álcool pelo condutor";"Tombamento";"Com Vítimas Feridas";"Plena Noite";"Decrescente";"Chuva";"Dupla";"Reta";"Não";2;0;1;0;0;1;1;2;-22,31166904;-45,90320706;"SPRF-MG";"DEL16-MG";"UOP01-DEL16-MG"
340114;2021-02-12;"sexta-feira";"00:10:00";"MG";116;413;"GOVERNADOR VALADARES";"Ingestão de álcool e/ou substâncias psicoativas pelo pedestre";"Atropelamento de Pedestre";"Com Vítimas Feridas";"Plena Noite";"Crescente";"Céu Claro";"Dupla";"Viaduto";"Sim";2;0;1;0;1;0;1;2;-18,8725546;-41,96793437;"SPRF-MG";"DEL06-MG";"UOP01-DEL06-MG"
340117;2021-02-11;"quinta-feira";"23:40:00";"RJ";101;115,9;"CAMPOS DOS GOYTACAZES";"Condutor Dormindo";"Tombamento";"Com Vítimas Feridas";"Plena Noite";"Decrescente";"Nublado";"Dupla";"Curva";"Não";1;0;1;0;0;0;1;1;-21,99406996;-41,66375867;"SPRF-RJ";"DEL08-RJ";"UOP02-DEL08-RJ"
340118;2021-01-14;"quinta-feira";"11:00:00";"SP";116;98,5;"PINDAMONHANGABA";"Reação tardia ou ineficiente do condutor";"Colisão traseira";"Com Vítimas Feridas";"Pleno dia";"Crescente";"Sol";"Dupla";"Reta";"Não";6;0;0;1;5;0;1;2;-22,98011547;-45,46047091;"SPRF-SP";"DEL08-SP";"UOP01-DEL08-SP"
340120;2021-02-12;"sexta-feira";"01:30:00";"SC";470;280;"BRUNOPOLIS";"Condutor Dormindo";"Saída de leito carroçável";"Com Vítimas Feridas";"Plena Noite";"Decrescente";"Céu Claro";"Simples";"Reta";"Não";4;0;2;0;2;0;2;1;-27,332188;-50,862553;"SPRF-SC";"DEL07-SC";"UOP06-DEL07-SC"