"id";"data_inversa";"dia_semana";"horario";"uf";"br";"km";"municipio";"causa_acidente";"tipo_acidente";"classificacao_acidente";"fase_dia";"sentido_via";"condicao_metereologica";"tipo_pista";"tracado_via";"uso_solo";"pessoas";"mortos";"feridos_leves";"feridos_graves";"ilesos";"ignorados";"feridos";"veiculos";"latitude";"longitude";"regional";"delegacia";"uop"
340123;2021-02-12;"sexta-feira";"03:25:00";"SC";101;195;"BIGUACU";"Ingestão de álcool pelo condutor";"Saída de leito carroçável";"Com Vítimas Feridas";"Plena Noite";"Decrescente";"Nublado";"Dupla";"Reta";"Sim";1;0;1;0;0;0;1;1;-27,5047092;-48,65010819;"SPRF-SC";"DEL01-SC";"UOP01-DEL01-SC"
340124;2021-02-12;"sexta-feira";"02:30:00";"ES";101;267;"SERRA";"Demais falhas mecânicas ou elétricas";"Colisão com objeto";"Sem Vítimas";"Plena Noite";"Decrescente";"Nublado";"Dupla";"Reta";"Não";1;0;0;0;1;0;0;1;-20,19930999;-40,26884609;"SPRF-ES";"DEL02-ES";"UOP01-DEL02-ES"
340125;2021-02-12;"sexta-feira";"01:50:00";"MG";262;163;"SAO DOMINGOS DO PRATA";"Pista Escorregadia";"Saída de leito carroçável";"Sem Vítimas";"Plena Noite";"Decrescente";"Chuva";"Simples";"Reta";"Não";1;0;0;0;1;0;0;1;-19,95885148;-42,86157307;"SPRF-MG";"DEL03-MG";"UOP03-DEL03-MG"
340128;2021-02-12;"sexta-feira";"04:00:00";"SP";116;269;"TABOAO DA SERRA";"Ingestão de álcool pelo condutor";"Colisão lateral mesmo sentido";"Com Vítimas Feridas";"Plena Noite";"Decrescente";"Céu Claro";"Dupla";"Reta";"Sim";3;0;2;0;1;0;2;2;-23,61593059;-46,78826044;"SPRF-SP";"DEL04-SP";"UOP01-DEL04-SP"
340129;2021-02-12;"sexta-feira";"02:34:00";"RJ";393;200;"RIO DAS FLORES";"Avarias e/ou desgaste excessivo no pneu";"Tombamento";"Com Vítimas Feridas";"Plena Noite";"Decrescente";"Nublado";"Simples";"Reta";"Não";1;0;1;0;0;0;1;1;-22,20969086;-43,39947704;"SPRF-RJ";"DEL05-RJ";"UOP03-DEL05-RJ"
340131;2021-02-12;"sexta-feira";"01:50:00";"ES";101;266;"SERRA";"Ausência de reação do condutor";"Saída de leito carroçável";"Sem Vítimas";"Plena Noite";"Decrescente";"Céu Claro";"Múltipla";"Reta";"Sim";1;0;0;0;0;1;0;1;-20,190199;-40,26828891;"SPRF-ES";"DEL02-ES";"UOP01-DEL02-ES"
340134;2021-02-11;"quinta-feira";"11:45:00";"SC";282;103,9;"ALFREDO WAGNER";"Ingestão de álcool pelo condutor";"Colisão frontal";"Com Vítimas Feridas";"Pleno dia";"Decrescente";"Céu Claro";"Simples";"Reta";"Não";2;0;0;1;1;0;1;2;-27,694868;-49,324345;"SPRF-SC";"DEL01-SC";"UOP03-DEL01-SC"
340135;2021-02-12;"sexta-feira";"05:40:00";"ES";101;147;"LINHARES";"Condutor desrespeitou a iluminação vermelha do semáforo";"Colisão traseira";"Com Vítimas Feridas";"Pleno dia";"Decrescente";"Céu Claro";"Dupla";"Reta";"Sim";2;0;1;0;1;0;1;2;-19,37887202;-40,06657892;"SPRF-ES";"DEL04-ES";"UOP01-DEL04-ES"
340136;2021-02-12;"sexta-feira";"06:10:00";"MG";40;512;"RIBEIRAO DAS NEVES";"Manobra de mudança de faixa";"Colisão lateral";"Com Vítimas Feridas";"Pleno dia";"Crescente";"Chuva";"Dupla";"Reta";"Sim";2;0;0;1;1;0;1;2;-19,78946999;-44,11290699;"SPRF-MG";"DEL01-MG";"UOP02-DEL01-MG"
340137;2021-02-12;"sexta-feira";"06:40:00";"PE";423;78;"JUCATI";"Acessar a via sem observar a presença dos outros veículos";"Colisão transversal";"Sem Vítimas";"Pleno dia";"Decrescente";"Céu Claro";"Simples";"Curva";"Não";2;0;0;0;1;1;0;2;-8,74910298;-36,43120556;"SPRF-PE";"DEL03-PE";"UOP01-DEL03-PE"
340139;2021-02-12;"sexta-feira";"05:40:00";"MS";163;536;"BANDEIRANTES";"Condutor Dormindo";"Saída de leito carroçável";"Com Vítimas Feridas";"Amanhecer";"Decrescente";"Chuva";"Simples";"Reta";"Não";1;0;1;0;0;0;1;1;-20,024682;-54,405484;"SPRF-MS";"DEL01-MS";"UOP02-DEL01-MS"
340140;2021-02-12;"sexta-feira";"07:00:00";"SP";116;162;"JACAREI";"Ausência de reação do condutor";"Queda de ocupante de veículo";"Com Vítimas Feridas";"Pleno dia";"Crescente";"Nublado";"Dupla";"Reta";"Não";1;0;1;0;0;0;1;1;-23,28133317;-45,98394689;"SPRF-SP";"DEL02-SP";"UOP01-DEL02-SP"
340141;2021-02-12;"sexta-feira";"06:40:00";"SC";470;129,4;"LONTRAS";"Velocidade Incompatível";"Tombamento";"Com Vítimas Feridas";"Amanhecer";"Crescente";"Céu Claro";"Simples";"Reta";"Não";1;0;1;0;0;0;1;1;-27,148499;-49,556137;"SPRF-SC";"DEL04-SC";"UOP02-DEL04-SC"
340145;2021-02-12;"sexta-feira";"08:05:00";"PB";101;85;"BAYEUX";"Trafegar com motocicleta (ou similar) entre as faixas";"Colisão traseira";"Com Vítimas Feridas";"Pleno dia";"Crescente";"Nublado";"Dupla";"Reta";"Sim";2;0;0;1;0;1;1;2;-7,14122584;-34,92135471;"SPRF-PB";"DEL01-PB";"UOP01-DEL01-PB"
340146;2021-02-12;"sexta-feira";"07:25:00";"SP";101;48;"UBATUBA";"Reação tardia ou ineficiente do condutor";"Colisão lateral mesmo sentido";"Com Vítimas Feridas";"Pleno dia";"Crescente";"Céu Claro";"Simples";"Reta";"Sim";2;0;1;0;0;1;1;2;-23,43696329;-45,08768768;"SPRF-SP";"DEL06-SP";"UOP01-DEL06-SP"
340147;2021-02-06;"sábado";"19:00:00";"MA";10;243;"IMPERATRIZ";"Condutor deixou de manter distância do veículo da frente";"Colisão traseira";"Com Vítimas Feridas";"Plena Noite";"Decrescente";"Céu Claro";"Simples";"Reta";"Não";2;0;1;0;0;1;1;2;-5,60354;-47,423855;"SPRF-MA";"DEL04-MA";"UOP01-DEL04-MA"
340148;2021-02-12;"sexta-feira";"08:25:00";"RN";110;44,8;"MOSSORO";"Acessar a via sem observar a presença dos outros veículos";"Tombamento";"Com Vítimas Feridas";"Pleno dia";"Decrescente";"Céu Claro";"Simples";"Reta";"Sim";2;0;1;0;1;0;1;2;-5,18717768;-37,30390524;"SPRF-RN";"DEL04-RN";"UOP01-DEL04-RN"
340150;2021-02-12;"sexta-feira";"06:50:00";"MG";40;509;"CONTAGEM";"Reação tardia ou ineficiente do condutor";"Colisão traseira";"Com Vítimas Feridas";"Pleno dia";"Decrescente";"Nublado";"Dupla";"Reta";"Sim";3;0;1;0;2;0;1;2;-19,76728744;-44,12855905;"SPRF-MG";"DEL01-MG";"UOP02-DEL01-MG"
340151;2021-02-12;"sexta-feira";"06:50:00";"GO";153;561;"PROFESSOR JAMIL";"Pista Escorregadia";"Capotamento";"Com Vítimas Feridas";"Amanhecer";"Decrescente";"Chuva";"Dupla";"Curva";"Não";1;0;1;0;0;0;1;1;-17,2262;-49,2294;"SPRF-GO";"DEL03-GO";"UOP01-DEL03-GO"
340152;2021-02-12;"sexta-feira";"08:30:00";"SC";101;122,8;"ITAJAI";"Ausência de reação do condutor";"Engavetamento";"Com Vítimas Feridas";"Pleno dia";"Crescente";"Nublado";"Dupla";"Reta";"Sim";3;0;1;0;2;0;1;3;-26,92955916;-48,70499836;"SPRF-SC";"DEL04-SC";"UOP04-DEL04-SC"
340154;2021-02-12;"sexta-feira";"08:30:00";"PR";376;177,1;"MARINGA";"Ausência de reação do condutor";"Colisão traseira";"Com Vítimas Feridas";"Pleno dia";"Crescente";"Sol";"Dupla";"Reta";"Sim";2;0;1;0;1;0;1;2;-23,41595855;-51,92226484;"SPRF-PR";"DEL09-PR";"UOP01-DEL09-PR"
340155;2021-02-12;"sexta-feira";"08:45:00";"GO";70;0;"AGUAS LINDAS DE GOIAS";"Acumulo de água sobre o pavimento";"Saída de leito carroçável";"Com Vítimas Feridas";"Pleno dia";"Decrescente";"Chuva";"Dupla";"Curva";"Não";4;0;0;3;0;1;3;2;-15,783543;-48,2326;"SPRF-DF";"DEL03-DF";"UOP02-DEL03-DF"
340156;2021-01-28;"quinta-feira";"17:00:00";"PB";101;53,5;"SANTA RITA";"Velocidade Incompatível";"Colisão lateral mesmo sentido";"Sem Vítimas";"Pleno dia";"Crescente";"Céu Claro";"Dupla";"Aclive";"Não";2;0;0;0;1;1;0;2;-6,94606786;-35,09493776;"SPRF-PB";"DEL01-PB";"UOP04-DEL01-PB"
340159;2021-02-12;"sexta-feira";"09:30:00";"MG";40;637,5;"CONSELHEIRO LAFAIETE";"Manobra de mudança de faixa";"Saída de leito carroçável";"Com Vítimas Feridas";"Pleno dia";"Decrescente";"Nublado";"Simples";"Reta";"Não";1;0;1;0;0;0;1;1;-20,7152208;-43,79625842;"SPRF-MG";"DEL05-MG";"UOP02-DEL05-MG"
340161;2021-01-23;"sábado";"20:05:00";"SC";101;198,1;"BIGUACU";"Ausência de reação do condutor";"Colisão traseira";"Com Vítimas Fatais";"Plena Noite";"Decrescente";"Chuva";"Dupla";"Reta";"Sim";2;1;0;0;1;0;0;2;-27,52658712;-48,63506019;"SPRF-SC";"DEL01-SC";"UOP01-DEL01-SC"
340162;2021-02-12;"sexta-feira";"09:20:00";"SC";101;335,3;"TUBARAO";"Desrespeitar a preferência no cruzamento";"Colisão transversal";"Com Vítimas Feridas";"Pleno dia";"Crescente";"Sol";"Simples";"Rotatória";"Sim";2;0;1;0;1;0;1;2;-28,46927473;-49,01557908;"SPRF-SC";"DEL02-SC";"UOP01-DEL02-SC"
340163;2021-02-12;"sexta-feira";"10:00:00";"PE";101;60;"RECIFE";"Acessar a via sem observar a presença dos outros veículos";"Colisão lateral";"Com Vítimas Feridas";"Pleno dia";"Crescente";"Céu Claro";"Simples";"Reta";"Não";2;0;1;0;1;0;1;2;-7,98344307;-34,93176727;"SPRF-PE";"DEL01-PE";"UOP02-DEL01-PE"
340164;2021-02-12;"sexta-feira";"09:00:00";"MG";116;776,3;"LEOPOLDINA";"Velocidade Incompatível";"Colisão com objeto";"Com Vítimas Feridas";"Pleno dia";"Decrescente";"Nublado";"Simples";"Curva";"Não";1;0;1;0;0;0;1;1;-21,59023796;-42,68715187;"SPRF-MG";"DEL07-MG";"UOP01-DEL07-MG"
340170;2021-02-12;"sexta-feira";"10:10:00";"RS";290;92;"PORTO ALEGRE";"Acessar a via sem observar a presença dos outros veículos";"Colisão lateral";"Com Vítimas Feridas";"Pleno dia";"Decrescente";"Nublado";"Dupla";"Reta;Aclive";"Sim";2;0;1;0;1;0;1;2;-29,971916;-51,176838;"SPRF-RS";"DEL01-RS";"UOP01-DEL01-RS"
340171;2021-02-12;"sexta-feira";"09:30:00";"SC";101;354,7;"SANGAO";"Manobra de mudança de faixa";"Colisão lateral";"Com Vítimas Feridas";"Pleno dia";"Decrescente";"Céu Claro";"Simples";"Reta";"Não";2;0;1;0;1;0;1;2;-28,61806302;-49,07013199;"SPRF-SC";"DEL02-SC";"UOP01-DEL02-SC"
340174;2021-02-12;"sexta-feira";"05:15:00";"MG";365;476,2;"PATROCINIO";"Ausência de reação do condutor";"Saída de leito carroçável";"Com Vítimas Feridas";"Amanhecer";"Crescente";"Ignorado";"Simples";"Interseção de Vias";"Não";1;0;1;0;0;0;1;1;-18,92098307;-47,0254755;"SPRF-MG";"DEL10-MG";"UOP01-DEL10-MG"
340175;2021-02-12;"sexta-feira";"10:40:00";"BA";324;567;"SAO SEBASTIAO DO PASSE";"Avarias e/ou desgaste excessivo no pneu";"Saída de leito carroçável";"Com Vítimas Feridas";"Pleno dia";"Decrescente";"Céu Claro";"Dupla";"Reta";"Não";1;0;1;0;0;0;1;1;-12,529901;-38,603207;"SPRF-BA";"DEL01-BA";"UOP01-DEL01-BA"
340178;2021-02-12;"sexta-feira";"11:10:00";"MG";262;359;"BETIM";"Velocidade Incompatível";"Saída de leito carroçável";"Com Vítimas Feridas";"Pleno dia";"Decrescente";"Céu Claro";"Dupla";"Reta";"Sim";2;0;2;0;0;0;2;1;-19,98332234;-44,20214426;"SPRF-MG";"DEL01-MG";"UOP03-DEL01-MG"
340180;2021-02-12;"sexta-feira";"11:20:00";"AP";156;40;"MACAPA";"Acumulo de água sobre o pavimento";"Saída de leito carroçável";"Com Vítimas Feridas";"Pleno dia";"Decrescente";"Chuva";"Simples";"Reta";"Não";2;0;1;0;1;0;1;1;0,36018611;-51,08513832;"SPRF-AP";"DEL01-AP";"UOP01-DEL01-AP"
340185;2021-02-12;"sexta-feira";"10:50:00";"RN";226;326;"MESSIAS TARGINO";"Acessar a via sem observar a presença dos outros veículos";"Colisão transversal";"Com Vítimas Feridas";"Pleno dia";"Crescente";"Céu Claro";"Simples";"Reta";"Sim";2;0;1;0;1;0;1;2;-6,0774229;-37,53711202;"SPRF-RN";"DEL04-RN";"UOP01-DEL04-RN"
340186;2021-01-15;"sexta-feira";"16:00:00";"PE";101;53,8;"PAULISTA";"Pedestre cruzava a pista fora da faixa";"Colisão traseira";"Com Vítimas Feridas";"Pleno dia";"Decrescente";"Céu Claro";"Múltipla";"Reta";"Sim";2;0;1;1;0;0;2;2;-7,93805869;-34,90322482;"SPRF-PE";"DEL01-PE";"UOP02-DEL01-PE"
340187;2021-02-12;"sexta-feira";"11:30:00";"SC";470;172,5;"POUSO REDONDO";"Acesso irregular";"Colisão transversal";"Com Vítimas Feridas";"Pleno dia";"Decrescente";"Céu Claro";"Simples";"Reta";"Não";2;0;1;0;1;0;1;2;-27,257526;-49,909592;"SPRF-SC";"DEL04-SC";"UOP02-DEL04-SC"
340188;2021-02-12;"sexta-feira";"11:40:00";"BA";324;576;"SAO SEBASTIAO DO PASSE";"Ultrapassagem Indevida";"Colisão lateral mesmo sentido";"Com Vítimas Feridas";"Pleno dia";"Decrescente";"Sol";"Dupla";"Reta;Ponte";"Não";2;0;1;0;1;0;1;2;-12,58899416;-38,52347374;"SPRF-BA";"DEL01-BA";"UOP01-DEL01-BA"
340189;2021-02-12;"sexta-feira";"12:00:00";"SC";101;40,8;"JOINVILLE";"Velocidade Incompatível";"Colisão traseira";"Com Vítimas Feridas";"Pleno dia";"Crescente";"Nublado";"Dupla";"Declive";"Sim";2;0;1;0;1;0;1;2;-26,27176094;-48,89468382;"SPRF-SC";"DEL03-SC";"UOP01-DEL03-SC"
340190;2021-02-12;"sexta-feira";"12:10:00";"SE";101;115,5;"ITAPORANGA DAJUDA";"Frear bruscamente";"Saída de leito carroçável";"Sem Vítimas";"Pleno dia";"Decrescente";"Céu Claro";"Dupla";"Curva";"Não";1;0;0;0;1;0;0;1;-11,01146389;-37,31286103;"SPRF-SE";"DEL02-SE";"UOP01-DEL02-SE"
340191;2021-02-12;"sexta-feira";"11:25:00";"MG";262;38,2;"MANHUACU";"Obras na pista";"Colisão traseira";"Com Vítimas Feridas";"Pleno dia";"Decrescente";"Nublado";"Simples";"Reta;Aclive";"Não";2;0;0;1;1;0;1;2;-20,26305859;-42,03684948;"SPRF-MG";"DEL06-MG";"UOP03-DEL06-MG"
340193;2021-02-12;"sexta-feira";"07:30:00";"PI";402;78;"CAJUEIRO DA PRAIA";"Conversão proibida";"Colisão lateral";"Com Vítimas Feridas";"Pleno dia";"Crescente";"Céu Claro";"Simples";"Interseção de Vias";"Não";3;0;1;1;1;0;2;2;-3,0778768;-41,43570003;"SPRF-PI";"DEL05-PI";"UOP01-DEL05-PI"
340195;2021-02-12;"sexta-feira";"11:00:00";"MA";10;257;"IMPERATRIZ";"Conversão proibida";"Colisão transversal";"Com Vítimas Feridas";"Pleno dia";"Crescente";"Céu Claro";"Simples";"Reta";"Sim";3;0;1;1;1;0;2;2;-5,490634;-47,471973;"SPRF-MA";"DEL04-MA";"UOP01-DEL04-MA"
340196;2021-02-12;"sexta-feira";"12:25:00";"CE";20;430;"FORTALEZA";"Condutor deixou de manter distância do veículo da frente";"Colisão traseira";"Com Vítimas Feridas";"Pleno dia";"Crescente";"Nublado";"Dupla";"Viaduto";"Sim";3;0;2;0;1;0;2;2;-3,76999035;-38,67006282;"SPRF-CE";"DEL01-CE";"UOP02-DEL01-CE"
340197;2021-02-12;"sexta-feira";"10:30:00";"GO";40;4,8;"VALPARAISO DE GOIAS";"Ingestão de álcool pelo condutor";"Saída de leito carroçável";"Sem Vítimas";"Pleno dia";"Crescente";"Nublado";"Dupla";"Reta";"Sim";1;0;0;0;1;0;0;1;-16,085241;-47,986752;"SPRF-DF";"DEL01-DF";"UOP01-DEL01-DF"
340198;2021-02-12;"sexta-feira";"12:00:00";"RS";470;287;"MONTENEGRO";"Reação tardia ou ineficiente do condutor";"Colisão traseira";"Com Vítimas Feridas";"Pleno dia";"Crescente";"Céu Claro";"Simples";"Reta";"Não";2;0;0;1;1;0;1;2;-29,64978706;-51,45797809;"SPRF-RS";"DEL04-RS";"UOP02-DEL04-RS"
340201;2021-02-12;"sexta-feira";"12:40:00";"MG";381;804,8;"SAO GONCALO DO SAPUCAI";"Velocidade Incompatível";"Saída de leito carroçável";"Com Vítimas Feridas";"Pleno dia";"Crescente";"Chuva";"Dupla";"Curva";"Não";2;0;2;0;0;0;2;1;-21,996186;-45,6744899;"SPRF-MG";"DEL16-MG";"UOP02-DEL16-MG"
340202;2021-01-11;"segunda-feira";"17:05:00";"PA";222;245;"MARABA";"Acessar a via sem observar a presença dos outros veículos";"Colisão lateral";"Com Vítimas Feridas";"Pleno dia";"Crescente";"Céu Claro";"Simples";"Interseção de Vias;Declive;Curva";"Sim";2;0;1;0;1;0;1;2;-5,355886;-49,079418;"SPRF-PA";"DEL03-PA";"UOP01-DEL03-PA"
340203;2021-02-12;"sexta-feira";"11:10:00";"AC";317;74;"SENADOR GUIOMARD";"Objeto estático sobre o leito carroçável";"Saída de leito carroçável";"Com Vítimas Feridas";"Pleno dia";"Decrescente";"Garoa/Chuvisco";"Simples";"Reta";"Não";4;0;2;0;2;0;2;1;-10,0758401;-67,59040266;"SPRF-AC";"DEL01-AC";"UOP01-DEL01-AC"
340204;2021-02-12;"sexta-feira";"12:30:00";"PR";277;3;"FOZ DO IGUACU";"Desrespeitar a preferência no cruzamento";"Colisão transversal";"Com Vítimas Feridas";"Pleno dia";"Crescente";"Céu Claro";"Dupla";"Reta";"Sim";2;0;1;0;1;0;1;2;-25,5469;-54,5882;"SPRF-PR";"DEL05-PR";"UOP03-DEL05-PR"
340205;2021-02-12;"sexta-feira";"12:12:00";"ES";101;145;"LINHARES";"Trafegar com motocicleta (ou similar) entre as faixas";"Queda de ocupante de veículo";"Com Vítimas Feridas";"Pleno dia";"Crescente";"Céu Claro";"Múltipla";"Reta";"Não";1;0;1;0;0;0;1;1;-19,36089598;-40,06464018;"SPRF-ES";"DEL04-ES";"UOP01-DEL04-ES"
340206;2021-02-12;"sexta-feira";"09:40:00";"RJ";101;512;"ANGRA DOS REIS";"Acesso irregular";"Colisão transversal";"Com Vítimas Feridas";"Pleno dia";"Decrescente";"Sol";"Simples";"Curva";"Sim";2;0;1;0;1;0;1;2;-22,96909;-44,44151;"SPRF-RJ";"DEL03-RJ";"UOP02-DEL03-RJ"
340207;2021-02-12;"sexta-feira";"13:45:00";"CE";116;34,6;"AQUIRAZ";"Demais falhas mecânicas ou elétricas";"Incêndio";"Sem Vítimas";"Pleno dia";"Crescente";"Céu Claro";"Dupla";"Reta";"Não";1;0;0;0;1;0;0;1;-4,04340809;-38,50824339;"SPRF-CE";"DEL01-CE";"UOP02-DEL01-CE"
340209;2021-02-12;"sexta-feira";"07:43:00";"PR";277;586,7;"CASCAVEL";"Acessar a via sem observar a presença dos outros veículos";"Colisão lateral";"Com Vítimas Feridas";"Pleno dia";"Crescente";"Céu Claro";"Simples";"Interseção de Vias";"Não";2;0;1;0;1;0;1;2;-24,9649472;-53,4210459;"SPRF-PR";"DEL04-PR";"UOP01-DEL04-PR"
340210;2021-02-12;"sexta-feira";"13:20:00";"PR";376;614;"SAO JOSE DOS PINHAIS";"Avarias e/ou desgaste excessivo no pneu";"Engavetamento";"Sem Vítimas";"Pleno dia";"Crescente";"Nublado";"Dupla";"Reta";"Não";3;0;0;0;3;0;0;3;-25,57084314;-49,19356398;"SPRF-PR";"DEL01-PR";"UOP01-DEL01-PR"
340212;2021-02-12;"sexta-feira";"13:50:00";"GO";40;52;"LUZIANIA";"Chuva";"Capotamento";"Com Vítimas Feridas";"Pleno dia";"Crescente";"Chuva";"Dupla";"Curva";"Não";1;0;1;0;0;0;1;1;-16,459224;-47,80724;"SPRF-DF";"DEL01-DF";"UOP02-DEL01-DF"
340213;2021-02-12;"sexta-feira";"00:05:00";"PR";376;538,4;"PALMEIRA";"Frear bruscamente";"Colisão traseira";"Sem Vítimas";"Plena Noite";"Decrescente";"Céu Claro";"Dupla";"Reta";"Não";4;0;0;0;4;0;0;2;-25,400283;-49,789084;"SPRF-PR";"DEL01-PR";"UOP03-DEL03-PR"
340216;2021-02-12;"sexta-feira";"14:15:00";"PR";116;14;"CAMPINA GRANDE DO SUL";"Velocidade Incompatível";"Saída de leito carroçável";"Com Vítimas Feridas";"Pleno dia";"Decrescente";"Garoa/Chuvisco";"Dupla";"Curva";"Não";1;0;1;0;0;0;1;1;-25,09836429;-48,67391969;"SPRF-PR";"DEL01-PR";"UOP02-DEL01-PR"
340222;2021-02-12;"sexta-feira";"14:00:00";"SC";101;339,5;"TUBARAO";"Condutor deixou de manter distância do veículo da frente";"Colisão com objeto";"Com Vítimas Feridas";"Pleno dia";"Decrescente";"Céu Claro";"Dupla";"Reta";"Não";1;0;1;0;0;0;1;1;-28,49351117;-49,04178985;"SPRF-SC";"DEL02-SC";"UOP01-DEL02-SC"
340223;2021-02-08;"segunda-feira";"10:00:00";"MG";40;787;"JUIZ DE FORA";"Velocidade Incompatível";"Colisão com objeto";"Com Vítimas Feridas";"Pleno dia";"Crescente";"Nublado";"Dupla";"Curva";"Não";1;0;1;0;0;0;1;1;-21,5995554;-43,458047;"SPRF-MG";"DEL05-MG";"UOP01-DEL05-MG"
340227;2021-02-12;"sexta-feira";"15:30:00";"RN";101;105;"PARNAMIRIM";"Manobra de mudança de faixa";"Colisão traseira";"Sem Vítimas";"Pleno dia";"Decrescente";"Céu Claro";"Dupla";"Reta";"Sim";2;0;0;0;2;0;0;2;-5,90165196;-35,25928517;"SPRF-RN";"DEL01-RN";"UOP01-DEL01-RN"
340228;2021-02-12;"sexta-feira";"16:00:00";"PB";230;22;"JOAO PESSOA";"Ausência de reação do condutor";"Colisão traseira";"Sem Vítimas";"Pleno dia";"Crescente";"Sol";"Dupla";"Reta";"Sim";2;0;0;0;2;0;0;2;-7,1495;-34,8517;"SPRF-PB";"DEL01-PB";"UOP01-DEL01-PB"
340229;2021-02-12;"sexta-feira";"16:05:00";"SP";153;58,9;"SAO JOSE DO RIO PRETO";"Reação tardia ou ineficiente do condutor";"Tombamento";"Com Vítimas Feridas";"Pleno dia";"Decrescente";"Nublado";"Múltipla";"Reta";"Sim";1;0;0;1;0;0;1;1;-20,77838195;-49,35300538;"SPRF-SP";"DEL09-SP";"UOP01-DEL09-SP"
340230;2021-02-12;"sexta-feira";"15:30:00";"TO";153;334;"GUARAI";"Manobra de mudança de faixa";"Colisão lateral";"Com Vítimas Feridas";"Pleno dia";"Crescente";"Céu Claro";"Simples";"Reta";"Sim";2;0;1;0;1;0;1;2;-8,835718;-48,512123;"SPRF-TO";"DEL02-TO";"UOP02-DEL02-TO"
340231;2021-02-12;"sexta-feira";"15:50:00";"PB";230;22;"JOAO PESSOA";"Manobra de mudança de faixa";"Queda de ocupante de veículo";"Com Vítimas Feridas";"Pleno dia";"Decrescente";"Céu Claro";"Dupla";"Reta";"Sim";2;0;2;0;0;0;2;1;-7,1495;-34,8517;"SPRF-PB";"DEL01-PB";"UOP01-DEL01-PB"
340232;2021-02-12;"sexta-feira";"16:20:00";"PR";116;6;"CAMPINA GRANDE DO SUL";"Velocidade Incompatível";"Capotamento";"Com Vítimas Feridas";"Pleno dia";"Decrescente";"Chuva";"Dupla";"Curva";"Não";4;0;2;2;0;0;4;1;-25,08710459;-48,60776389;"SPRF-PR";"DEL01-PR";"UOP02-DEL01-PR"
340233;2021-02-12;"sexta-feira";"16:00:00";"SC";282;3,8;"FLORIANOPOLIS";"Ausência de reação do condutor";"Colisão lateral";"Com Vítimas Feridas";"Pleno dia";"Crescente";"Chuva";"Múltipla";"Reta";"Sim";2;0;1;0;1;0;1;2;-27,600384;-48,599705;"SPRF-SC";"DEL01-SC";"UOP01-DEL01-SC"
340235;2021-02-12;"sexta-feira";"16:20:00";"SP";116;282;"EMBU DAS ARTES";"Manobra de mudança de faixa";"Colisão lateral mesmo sentido";"Com Vítimas Feridas";"Pleno dia";"Crescente";"Sol";"Dupla";"Reta";"Sim";2;0;0;1;1;0;1;2;-23,66234056;-46,85326077;"SPRF-SP";"DEL04-SP";"UOP01-DEL04-SP"
340236;2021-02-12;"sexta-feira";"16:30:00";"GO";20;75;"FORMOSA";"Velocidade Incompatível";"Saída de leito carroçável";"Com Vítimas Fatais";"Pleno dia";"Crescente";"Chuva";"Simples";"Reta";"Não";3;1;0;2;0;0;2;1;-15,128218;-47,126556;"SPRF-DF";"DEL02-DF";"UOP01-DEL02-DF"
340237;2021-02-12;"sexta-feira";"16:00:00";"SC";101;204;"SAO JOSE";"Manobra de mudança de faixa";"Colisão lateral mesmo sentido";"Com Vítimas Feridas";"Pleno dia";"Crescente";"Garoa/Chuvisco";"Múltipla";"Reta";"Sim";2;0;1;0;1;0;1;2;-27,57413014;-48,61363083;"SPRF-SC";"DEL01-SC";"UOP01-DEL01-SC"
340239;2021-02-12;"sexta-feira";"16:00:00";"GO";60;176;"ABADIA DE GOIAS";"Ingestão de álcool pelo condutor";"Colisão com objeto";"Sem Vítimas";"Pleno dia";"Crescente";"Chuva";"Dupla";"Interseção de Vias";"Sim";1;0;0;0;1;0;0;1;-16,7563;-49,4402;"SPRF-GO";"DEL01-GO";"UOP02-DEL01-GO"
340240;2021-02-12;"sexta-feira";"16:40:00";"SC";101;339,3;"TUBARAO";"Condutor deixou de manter distância do veículo da frente";"Tombamento";"Com Vítimas Feridas";"Pleno dia";"Decrescente";"Garoa/Chuvisco";"Dupla";"Reta";"Sim";1;0;1;0;0;0;1;1;-28,5820168;-49,05059372;"SPRF-SC";"DEL02-SC";"UOP01-DEL02-SC"
340241;2021-02-12;"sexta-feira";"16:00:00";"ES";262;163,8;"IBATIBA";"Reação tardia ou ineficiente do condutor";"Colisão com objeto";"Com Vítimas Feridas";"Pleno dia";"Crescente";"Chuva";"Simples";"Curva;Declive";"Não";2;0;1;0;1;0;1;1;-20,23781414;-41,53986149;"SPRF-ES";"DEL01-ES";"UOP02-DEL01-ES"
340242;2021-02-12;"sexta-feira";"15:25:00";"PR";277;587,6;"CASCAVEL";"Acessar a via sem observar a presença dos outros veículos";"Colisão lateral mesmo sentido";"Com Vítimas Feridas";"Pleno dia";"Decrescente";"Sol";"Simples";"Reta";"Não";2;0;1;0;1;0;1;2;-24,96941255;-53,42959722;"SPRF-PR";"DEL04-PR";"UOP01-DEL04-PR"
340246;2021-02-12;"sexta-feira";"16:40:00";"DF";40;2,9;"BRASILIA";"Frear bruscamente";"Saída de leito carroçável";"Sem Vítimas";"Pleno dia";"Crescente";"Chuva";"Dupla";"Viaduto";"Sim";1;0;0;0;1;0;0;1;-16,003145;-47,983944;"SPRF-DF";"DEL01-DF";"UOP01-DEL01-DF"
340247;2021-02-12;"sexta-feira";"17:15:00";"SP";116;488;"CAJATI";"Desrespeitar a preferência no cruzamento";"Colisão transversal";"Com Vítimas Feridas";"Pleno dia";"Crescente";"Nublado";"Dupla";"Interseção de Vias";"Sim";5;0;0;1;4;0;1;2;-24,73097634;-48,09815591;"SPRF-SP";"DEL05-SP";"UOP01-DEL05-SP"