"id";"data_inversa";"dia_semana";"horario";"uf";"br";"km";"municipio";"causa_acidente";"tipo_acidente";"classificacao_acidente";"fase_dia";"sentido_via";"condicao_metereologica";"tipo_pista";"tracado_via";"uso_solo";"pessoas";"mortos";"feridos_leves";"feridos_graves";"ilesos";"ignorados";"feridos";"veiculos";"latitude";"longitude";"regional";"delegacia";"uop"
340248;2021-02-12;"sexta-feira";"16:45:00";"RS";101;9;"TORRES";"Desrespeitar a preferência no cruzamento";"Colisão transversal";"Sem Vítimas";"Pleno dia";"Decrescente";"Garoa/Chuvisco";"Dupla";"Rotatória";"Sim";2;0;0;0;2;0;0;2;-29,36685801;-49,81514399;"SPRF-RS";"DEL03-RS";"UOP02-DEL03-RS"
340249;2021-02-12;"sexta-feira";"16:50:00";"SC";101;341;"TUBARAO";"Condutor deixou de manter distância do veículo da frente";"Colisão traseira";"Com Vítimas Feridas";"Pleno dia";"Decrescente";"Garoa/Chuvisco";"Dupla";"Reta";"Não";9;0;4;0;5;0;4;3;-28,50999405;-49,05070686;"SPRF-SC";"DEL02-SC";"UOP01-DEL02-SC"
340252;2021-02-12;"sexta-feira";"17:55:00";"RS";386;235,7;"SOLEDADE";"Reação tardia ou ineficiente do condutor";"Saída de leito carroçável";"Com Vítimas Feridas";"Pleno dia";"Crescente";"Nublado";"Simples";"Aclive;Curva";"Não";2;0;1;1;0;0;2;1;-28,70459118;-52,58348465;"SPRF-RS";"DEL04-RS";"UOP03-DEL04-RS"
340254;2021-02-12;"sexta-feira";"17:40:00";"PR";476;136;"CURITIBA";"Trafegar com motocicleta (ou similar) entre as faixas";"Colisão traseira";"Com Vítimas Feridas";"Pleno dia";"Crescente";"Nublado";"Dupla";"Reta";"Sim";3;0;1;0;2;0;1;3;-25,491047;-49,271679;"SPRF-PR";"DEL01-PR";"UOP03-DEL01-PR"
340255;2021-02-12;"sexta-feira";"17:20:00";"PR";476;137;"CURITIBA";"Trafegar com motocicleta (ou similar) entre as faixas";"Colisão lateral";"Com Vítimas Feridas";"Pleno dia";"Crescente";"Céu Claro";"Múltipla";"Reta";"Não";4;0;1;0;3;0;1;4;-25,498302;-49,277546;"SPRF-PR";"DEL01-PR";"UOP03-DEL01-PR"
340258;2021-02-12;"sexta-feira";"15:30:00";"PR";376;414,6;"TIBAGI";"Mal súbito do condutor";"Colisão com objeto";"Com Vítimas Feridas";"Pleno dia";"Decrescente";"Sol";"Simples";"Reta";"Não";2;0;1;0;1;0;1;1;-24,64830799;-50,62100887;"SPRF-PR";"DEL03-PR";"UOP02-DEL03-PR"
340259;2021-02-12;"sexta-feira";"18:02:00";"SE";235;50;"ITABAIANA";"Frear bruscamente";"Colisão traseira";"Com Vítimas Feridas";"Plena Noite";"Crescente";"Céu Claro";"Simples";"Reta";"Sim";2;0;1;0;1;0;1;2;-10,707879;-37,42606;"SPRF-SE";"DEL01-SE";"UOP02-DEL01-SE"
340260;2021-02-12;"sexta-feira";"16:30:00";"PE";101;48;"ABREU E LIMA";"Ausência de reação do condutor";"Colisão traseira";"Com Vítimas Feridas";"Anoitecer";"Decrescente";"Chuva";"Múltipla";"Reta";"Sim";3;0;1;0;2;0;1;3;-7,89174705;-34,9033493;"SPRF-PE";"DEL01-PE";"UOP02-DEL01-PE"
340261;2021-02-12;"sexta-feira";"17:35:00";"RJ";116;185;"NOVA IGUACU";"Trafegar com motocicleta (ou similar) entre as faixas";"Queda de ocupante de veículo";"Com Vítimas Feridas";"Pleno dia";"Decrescente";"Nublado";"Dupla";"Reta";"Sim";2;0;1;0;1;0;1;1;-22,74151051;-43,45351823;"SPRF-RJ";"DEL01-RJ";"UOP02-DEL01-RJ"
340262;2021-02-12;"sexta-feira";"17:45:00";"MG";40;726,5;"BARBACENA";"Velocidade Incompatível";"Saída de leito carroçável";"Com Vítimas Feridas";"Pleno dia";"Crescente";"Nublado";"Dupla";"Curva";"Não";2;0;2;0;0;0;2;1;-21,31059847;-43,60380204;"SPRF-MG";"DEL05-MG";"UOP01-DEL05-MG"
340264;2021-02-12;"sexta-feira";"17:40:00";"RJ";101;483;"ANGRA DOS REIS";"Conversão proibida";"Colisão transversal";"Com Vítimas Feridas";"Anoitecer";"Decrescente";"Chuva";"Simples";"Reta";"Sim";2;0;1;0;1;0;1;2;-22,99719001;-44,30136205;"SPRF-RJ";"DEL03-RJ";"UOP03-DEL03-RJ"
340265;2021-02-12;"sexta-feira";"16:20:00";"SC";280;125,6;"RIO NEGRINHO";"Condutor deixou de manter distância do veículo da frente";"Engavetamento";"Com Vítimas Feridas";"Pleno dia";"Crescente";"Céu Claro";"Simples";"Declive";"Sim";4;0;1;0;3;0;1;3;-26,23763684;-49,48434497;"SPRF-SC";"DEL06-SC";"UOP03-DEL06-SC"
340266;2021-02-12;"sexta-feira";"17:30:00";"GO";153;438;"ANAPOLIS";"Reação tardia ou ineficiente do condutor";"Colisão lateral mesmo sentido";"Com Vítimas Feridas";"Pleno dia";"Decrescente";"Chuva";"Dupla";"Reta";"Sim";2;0;1;0;1;0;1;2;-16,291595;-48,934811;"SPRF-GO";"DEL02-GO";"UOP01-DEL02-GO"
340267;2021-02-12;"sexta-feira";"18:10:00";"ES";101;67;"SAO MATEUS";"Ausência de reação do condutor";"Colisão lateral mesmo sentido";"Com Vítimas Feridas";"Pleno dia";"Crescente";"Céu Claro";"Simples";"Curva";"Não";2;0;1;0;1;0;1;2;-18,72054021;-39,8658931;"SPRF-ES";"DEL04-ES";"UOP02-DEL04-ES"
340268;2021-02-12;"sexta-feira";"17:00:00";"ES";101;125,8;"SOORETAMA";"Pista Escorregadia";"Tombamento";"Com Vítimas Feridas";"Pleno dia";"Crescente";"Nublado";"Múltipla";"Reta";"Sim";1;0;1;0;0;0;1;1;-19,18496498;-40,09429827;"SPRF-ES";"DEL04-ES";"UOP01-DEL04-ES"
340269;2021-02-12;"sexta-feira";"18:07:00";"RN";427;52;"JARDIM DO SERIDO";"Ingestão de álcool pelo condutor";"Colisão traseira";"Com Vítimas Feridas";"Anoitecer";"Crescente";"Céu Claro";"Simples";"Reta";"Sim";2;0;1;0;1;0;1;2;-6,57034713;-36,75450881;"SPRF-RN";"DEL03-RN";"UOP01-DEL03-RN"
340270;2021-02-12;"sexta-feira";"16:20:00";"SC";280;125;"RIO NEGRINHO";"Conversão proibida";"Colisão lateral";"Com Vítimas Feridas";"Pleno dia";"Decrescente";"Céu Claro";"Simples";"Reta";"Não";4;0;3;0;1;0;3;2;-26,23763684;-49,48434497;"SPRF-SC";"DEL06-SC";"UOP03-DEL06-SC"
340271;2021-02-12;"sexta-feira";"17:50:00";"PR";376;496,5;"PONTA GROSSA";"Reação tardia ou ineficiente do condutor";"Engavetamento";"Sem Vítimas";"Pleno dia";"Decrescente";"Céu Claro";"Dupla";"Reta";"Sim";3;0;0;0;3;0;0;3;-25,17702586;-50,1005139;"SPRF-PR";"DEL03-PR";"UOP04-DEL03-PR"
340273;2021-02-12;"sexta-feira";"17:00:00";"RJ";101;290;"ITABORAI";"Condutor Dormindo";"Colisão lateral mesmo sentido";"Com Vítimas Feridas";"Anoitecer";"Crescente";"Nublado";"Múltipla";"Reta";"Não";2;0;1;0;1;0;1;2;-22,76708384;-42,86081305;"SPRF-RJ";"DEL02-RJ";"UOP03-DEL02-RJ"
340274;2021-02-12;"sexta-feira";"17:40:00";"MT";163;95,5;"RONDONOPOLIS";"Mal súbito do condutor";"Capotamento";"Com Vítimas Fatais";"Pleno dia";"Decrescente";"Nublado";"Dupla";"Reta";"Sim";1;1;0;0;0;0;0;1;-16,69254292;-54,66450986;"SPRF-MT";"DEL02-MT";"UOP01-DEL02-MT"
340275;2021-02-12;"sexta-feira";"18:35:00";"RS";386;396,6;"TRIUNFO";"Demais falhas mecânicas ou elétricas";"Incêndio";"Sem Vítimas";"Anoitecer";"Decrescente";"Chuva";"Simples";"Reta";"Não";1;0;0;0;1;0;0;1;-29,732574;-51,631935;"SPRF-RS";"DEL04-RS";"UOP02-DEL04-RS"
340276;2021-01-16;"sábado";"07:50:00";"PA";316;48;"CASTANHAL";"Condutor deixou de manter distância do veículo da frente";"Colisão traseira";"Com Vítimas Feridas";"Pleno dia";"Crescente";"Céu Claro";"Dupla";"Reta";"Sim";3;0;1;1;0;1;2;2;-1,29155307;-48,05614099;"SPRF-PA";"DEL01-PA";"UOP01-DEL01-PA"
340277;2021-02-12;"sexta-feira";"14:40:00";"MT";70;259;"PRIMAVERA DO LESTE";"Mal súbito do condutor";"Queda de ocupante de veículo";"Com Vítimas Feridas";"Pleno dia";"Crescente";"Sol";"Simples";"Reta";"Não";1;0;1;0;0;0;1;1;-15,6144831;-54,18670315;"SPRF-MT";"DEL05-MT";"UOP01-DEL05-MT"
340278;2021-02-12;"sexta-feira";"19:15:00";"PR";376;118;"ALTO PARANA";"Animais na Pista";"Atropelamento de Animal";"Com Vítimas Feridas";"Plena Noite";"Decrescente";"Céu Claro";"Dupla";"Reta";"Não";2;0;0;1;1;0;1;1;-23,13246724;-52,29801178;"SPRF-PR";"DEL09-PR";"UOP02-DEL09-PR"
340279;2021-02-12;"sexta-feira";"17:40:00";"SE";101;73;"MARUIM";"Reação tardia ou ineficiente do condutor";"Colisão traseira";"Com Vítimas Feridas";"Pleno dia";"Crescente";"Céu Claro";"Dupla";"Declive";"Não";2;0;1;0;1;0;1;2;-10,75674403;-37,10467696;"SPRF-SE";"DEL01-SE";"UOP01-DEL01-SE"
340281;2021-02-12;"sexta-feira";"18:00:00";"PR";116;101;"SAO JOSE DOS PINHAIS";"Manobra de mudança de faixa";"Queda de ocupante de veículo";"Com Vítimas Feridas";"Anoitecer";"Decrescente";"Céu Claro";"Dupla";"Declive";"Sim";1;0;1;0;0;0;1;1;-25,54167701;-49,1509368;"SPRF-PR";"DEL01-PR";"UOP01-DEL01-PR"
340282;2021-02-12;"sexta-feira";"16:35:00";"RS";116;529;"PELOTAS";"Desrespeitar a preferência no cruzamento";"Colisão transversal";"Com Vítimas Feridas";"Pleno dia";"Decrescente";"Nublado";"Simples";"Interseção de Vias";"Sim";2;0;1;0;1;0;1;2;-31,75446042;-52,42803583;"SPRF-RS";"DEL07-RS";"UOP01-DEL07-RS"
340283;2021-02-12;"sexta-feira";"19:10:00";"GO";414;366;"COCALZINHO DE GOIAS";"Transitar na contramão";"Colisão frontal";"Com Vítimas Fatais";"Plena Noite";"Decrescente";"Chuva";"Simples";"Reta";"Não";4;1;0;0;3;0;0;2;-15,73403922;-48,71578217;"SPRF-GO";"DEL02-GO";"UOP01-DEL02-GO"
340285;2021-02-12;"sexta-feira";"18:45:00";"RS";290;75;"GRAVATAI";"Manobra de mudança de faixa";"Colisão lateral";"Com Vítimas Feridas";"Pleno dia";"Decrescente";"Chuva";"Dupla";"Reta";"Sim";3;0;1;0;2;0;1;3;-29,95521;-51,006855;"SPRF-RS";"DEL01-RS";"UOP01-DEL01-RS"
340286;2021-02-12;"sexta-feira";"19:10:00";"PR";116;2;"CAMPINA GRANDE DO SUL";"Velocidade Incompatível";"Saída de leito carroçável";"Com Vítimas Feridas";"Plena Noite";"Crescente";"Garoa/Chuvisco";"Dupla";"Reta";"Sim";1;0;0;1;0;0;1;1;-25,3562;-49,0677;"SPRF-PR";"DEL01-PR";"UOP02-DEL01-PR"
340287;2021-02-12;"sexta-feira";"19:20:00";"RJ";393;282;"VOLTA REDONDA";"Desrespeitar a preferência no cruzamento";"Colisão frontal";"Com Vítimas Feridas";"Plena Noite";"Crescente";"Céu Claro";"Simples";"Reta";"Sim";2;0;1;0;1;0;1;2;-22,48082784;-44,04047201;"SPRF-RJ";"DEL05-RJ";"UOP04-DEL05-RJ"
340289;2021-02-12;"sexta-feira";"18:35:00";"MS";163;679;"RIO VERDE DE MATO GROSSO";"Acessar a via sem observar a presença dos outros veículos";"Colisão transversal";"Com Vítimas Feridas";"Anoitecer";"Crescente";"Céu Claro";"Simples";"Interseção de Vias";"Sim";3;0;1;1;0;1;2;2;-18,93217701;-54,83111904;"SPRF-MS";"DEL06-MS";"UOP02-DEL06-MS"
340291;2021-02-12;"sexta-feira";"19:10:00";"ES";262;157,3;"IBATIBA";"Ingestão de álcool pelo condutor";"Colisão frontal";"Com Vítimas Feridas";"Plena Noite";"Crescente";"Chuva";"Simples";"Reta";"Sim";3;0;0;2;1;0;2;2;-20,23102878;-41,48810903;"SPRF-ES";"DEL01-ES";"UOP02-DEL01-ES"
340292;2021-01-31;"domingo";"18:00:00";"PA";10;166;"PARAGOMINAS";"Velocidade Incompatível";"Saída de leito carroçável";"Com Vítimas Feridas";"Pleno dia";"Crescente";"Céu Claro";"Simples";"Interseção de Vias";"Sim";1;0;1;0;0;0;1;1;-2,98299179;-47,45475084;"SPRF-PA";"DEL02-PA";"UOP01-DEL02-PA"
340296;2021-02-12;"sexta-feira";"20:08:00";"PB";230;10;"CABEDELO";"Condutor deixou de manter distância do veículo da frente";"Colisão traseira";"Com Vítimas Feridas";"Plena Noite";"Decrescente";"Chuva";"Dupla";"Reta";"Sim";2;0;1;0;1;0;1;2;-7,0514;-34,8499;"SPRF-PB";"DEL01-PB";"UOP01-DEL01-PB"
340297;2021-02-12;"sexta-feira";"20:05:00";"SC";101;204,5;"SAO JOSE";"Manobra de mudança de faixa";"Colisão traseira";"Com Vítimas Feridas";"Plena Noite";"Crescente";"Nublado";"Dupla";"Reta";"Sim";2;0;1;0;1;0;1;2;-27,57413014;-48,61363083;"SPRF-SC";"DEL01-SC";"UOP01-DEL01-SC"
340299;2021-02-12;"sexta-feira";"19:30:00";"RJ";101;406;"ITAGUAI";"Condutor deixou de manter distância do veículo da frente";"Engavetamento";"Com Vítimas Feridas";"Plena Noite";"Decrescente";"Céu Claro";"Dupla";"Reta";"Sim";4;0;1;0;3;0;1;3;-22,87188798;-43,80896322;"SPRF-RJ";"DEL03-RJ";"UOP01-DEL03-RJ"
340300;2021-02-12;"sexta-feira";"19:45:00";"PE";423;39;"CACHOEIRINHA";"Transitar na contramão";"Colisão lateral sentido oposto";"Com Vítimas Feridas";"Plena Noite";"Crescente";"Céu Claro";"Simples";"Reta";"Não";6;0;1;0;4;1;1;2;-8,48957335;-36,23249049;"SPRF-PE";"DEL02-PE";"UOP03-DEL02-PE"
340301;2021-02-12;"sexta-feira";"17:35:00";"RN";101;148;"GOIANINHA";"Ingestão de álcool pelo condutor";"Colisão transversal";"Com Vítimas Feridas";"Anoitecer";"Decrescente";"Céu Claro";"Dupla";"Reta";"Sim";2;0;0;1;1;0;1;2;-6,31241399;-35,10755718;"SPRF-RN";"DEL01-RN";"UOP01-DEL01-RN"
340302;2021-02-12;"sexta-feira";"18:20:00";"ES";482;93,5;"ALEGRE";"Desrespeitar a preferência no cruzamento";"Colisão transversal";"Com Vítimas Feridas";"Anoitecer";"Crescente";"Céu Claro";"Simples";"Rotatória";"Sim";2;0;1;0;0;1;1;2;-20,75715394;-41,57894518;"SPRF-ES";"DEL03-ES";"UOP02-DEL03-ES"
340303;2021-02-12;"sexta-feira";"19:30:00";"MS";163;485;"CAMPO GRANDE";"Ausência de reação do condutor";"Tombamento";"Com Vítimas Feridas";"Plena Noite";"Crescente";"Céu Claro";"Simples";"Interseção de Vias";"Não";1;0;1;0;0;0;1;1;-20,4381625;-54,54281688;"SPRF-MS";"DEL01-MS";"UOP02-DEL01-MS"
340304;2021-02-12;"sexta-feira";"19:30:00";"MG";381;530,5;"ITATIAIUCU";"Velocidade Incompatível";"Saída de leito carroçável";"Sem Vítimas";"Plena Noite";"Decrescente";"Chuva";"Dupla";"Curva";"Não";1;0;0;0;1;0;0;1;-20,17327539;-44,37545454;"SPRF-MG";"DEL04-MG";"UOP03-DEL04-MG"
340305;2021-02-12;"sexta-feira";"20:00:00";"PR";277;36;"MORRETES";"Demais falhas mecânicas ou elétricas";"Capotamento";"Com Vítimas Feridas";"Plena Noite";"Decrescente";"Chuva";"Dupla";"Curva";"Não";2;0;1;0;1;0;1;1;-25,57093678;-48,83841276;"SPRF-PR";"DEL01-PR";"UOP05-DEL01-PR"
340307;2021-02-12;"sexta-feira";"17:20:00";"SC";280;59;"GUARAMIRIM";"Objeto estático sobre o leito carroçável";"Colisão com objeto";"Com Vítimas Feridas";"Pleno dia";"Crescente";"Chuva";"Simples";"Reta";"Sim";1;0;1;0;0;0;1;1;-26,47525778;-49,03098916;"SPRF-SC";"DEL03-SC";"UOP03-DEL03-SC"
340308;2021-02-12;"sexta-feira";"20:00:00";"MS";60;578,6;"GUIA LOPES DA LAGUNA";"Velocidade Incompatível";"Saída de leito carroçável";"Com Vítimas Feridas";"Plena Noite";"Crescente";"Céu Claro";"Simples";"Reta";"Não";3;0;0;3;0;0;3;1;-21,401276;-56,040076;"SPRF-MS";"DEL05-MS";"UOP01-DEL05-MS"
340309;2021-02-12;"sexta-feira";"17:40:00";"BA";101;305,9;"VALENCA";"Desrespeitar a preferência no cruzamento";"Colisão transversal";"Com Vítimas Feridas";"Pleno dia";"Decrescente";"Nublado";"Simples";"Reta";"Não";2;0;1;0;1;0;1;2;-13,29541588;-39,33654785;"SPRF-BA";"DEL05-BA";"UOP03-DEL05-BA"
340310;2021-02-12;"sexta-feira";"16:45:00";"MG";262;431,4;"NOVA SERRANA";"Avarias e/ou desgaste excessivo no pneu";"Tombamento";"Com Vítimas Fatais";"Pleno dia";"Decrescente";"Chuva";"Dupla";"Curva";"Não";2;1;1;0;0;0;1;1;-19,8939514;-44,87709045;"SPRF-MG";"DEL08-MG";"UOP03-DEL08-MG"
340313;2021-02-12;"sexta-feira";"20:55:00";"RJ";101;390,8;"ITAGUAI";"Reação tardia ou ineficiente do condutor";"Colisão lateral mesmo sentido";"Sem Vítimas";"Plena Noite";"Crescente";"Nublado";"Dupla";"Reta";"Sim";2;0;0;0;2;0;0;2;-22,89346927;-43,67542992;"SPRF-RJ";"DEL03-RJ";"UOP01-DEL03-RJ"
340315;2021-02-12;"sexta-feira";"18:25:00";"PR";116;113,5;"CURITIBA";"Reação tardia ou ineficiente do condutor";"Queda de ocupante de veículo";"Com Vítimas Feridas";"Pleno dia";"Crescente";"Céu Claro";"Dupla";"Reta";"Sim";1;0;1;0;0;0;1;1;-25,56513636;-49,24675108;"SPRF-PR";"DEL01-PR";"UOP01-DEL01-PR"
340316;2021-02-12;"sexta-feira";"21:50:00";"ES";101;66;"SAO MATEUS";"Condutor deixou de manter distância do veículo da frente";"Colisão traseira";"Com Vítimas Feridas";"Plena Noite";"Crescente";"Céu Claro";"Dupla";"Reta";"Sim";2;0;0;1;1;0;1;2;-18,7165195;-39,87436378;"SPRF-ES";"DEL04-ES";"UOP02-DEL04-ES"
340318;2021-02-12;"sexta-feira";"22:00:00";"RS";386;417;"MONTENEGRO";"Reação tardia ou ineficiente do condutor";"Capotamento";"Com Vítimas Feridas";"Plena Noite";"Crescente";"Chuva";"Simples";"Curva";"Não";8;0;1;0;7;0;1;1;-29,818958;-51,452934;"SPRF-RS";"DEL04-RS";"UOP02-DEL04-RS"
340319;2021-02-12;"sexta-feira";"22:15:00";"PR";116;107;"CURITIBA";"Chuva";"Capotamento";"Com Vítimas Feridas";"Plena Noite";"Crescente";"Chuva";"Dupla";"Ponte";"Não";1;0;1;0;0;0;1;1;-25,56989668;-49,18778205;"SPRF-PR";"DEL01-PR";"UOP01-DEL01-PR"
340321;2021-02-12;"sexta-feira";"19:20:00";"RJ";101;431;"MANGARATIBA";"Acumulo de água sobre o pavimento";"Saída de leito carroçável";"Sem Vítimas";"Anoitecer";"Decrescente";"Chuva";"Simples";"Curva";"Sim";1;0;0;0;1;0;0;1;-22,93294782;-44,02006891;"SPRF-RJ";"DEL03-RJ";"UOP03-DEL03-RJ"
340323;2021-02-12;"sexta-feira";"22:30:00";"MA";316;553;"CAXIAS";"Animais na Pista";"Atropelamento de Animal";"Com Vítimas Feridas";"Plena Noite";"Decrescente";"Céu Claro";"Simples";"Reta";"Sim";1;0;1;0;0;0;1;1;-4,877648;-43,338158;"SPRF-MA";"DEL03-MA";"UOP02-DEL03-MA"
340325;2021-02-12;"sexta-feira";"22:15:00";"SP";116;481,8;"JACUPIRANGA";"Acessar a via sem observar a presença dos outros veículos";"Colisão frontal";"Com Vítimas Fatais";"Plena Noite";"Decrescente";"Ignorado";"Dupla";"Curva";"Não";3;1;0;0;2;0;0;2;-24,71316904;-48,02690398;"SPRF-SP";"DEL05-SP";"UOP01-DEL05-SP"
340326;2021-02-12;"sexta-feira";"23:00:00";"MG";381;772;"CAMPANHA";"Condutor deixou de manter distância do veículo da frente";"Colisão traseira";"Com Vítimas Feridas";"Plena Noite";"Crescente";"Céu Claro";"Dupla";"Reta";"Não";4;0;4;0;0;0;4;2;-21,79763003;-45,45693799;"SPRF-MG";"DEL16-MG";"UOP02-DEL16-MG"
340327;2021-02-12;"sexta-feira";"22:40:00";"PR";376;162,9;"MARINGA";"Ausência de reação do condutor";"Colisão traseira";"Com Vítimas Feridas";"Plena Noite";"Decrescente";"Céu Claro";"Dupla";"Reta;Retorno Regulamentado";"Não";3;0;1;1;1;0;2;2;-23,37390245;-52,05270767;"SPRF-PR";"DEL09-PR";"UOP01-DEL09-PR"
340330;2021-02-12;"sexta-feira";"22:40:00";"PR";376;4,3;"MARINGA";"Velocidade Incompatível";"Capotamento";"Com Vítimas Feridas";"Plena Noite";"Crescente";"Ignorado";"Dupla";"Curva";"Sim";1;0;1;0;0;0;1;1;-23,39425749;-51,97357178;"SPRF-PR";"DEL09-PR";"UOP01-DEL09-PR"
340331;2021-02-12;"sexta-feira";"23:30:00";"RS";116;531;"CAPAO DO LEAO";"Animais na Pista";"Saída de leito carroçável";"Com Vítimas Feridas";"Plena Noite";"Crescente";"Chuva";"Simples";"Reta";"Não";5;0;5;0;0;0;5;1;-31,76484347;-52,44483238;"SPRF-RS";"DEL07-RS";"UOP01-DEL07-RS"
340332;2021-02-12;"sexta-feira";"22:15:00";"RS";116;351,5;"TAPES";"Chuva";"Saída de leito carroçável";"Sem Vítimas";"Plena Noite";"Decrescente";"Ignorado";"Dupla";"Desvio Temporário";"Não";1;0;0;0;0;1;0;1;-30,54888119;-51,51331864;"SPRF-RS";"DEL02-RS";"UOP02-DEL02-RS"
340333;2021-02-12;"sexta-feira";"23:45:00";"RJ";101;199;"CASIMIRO DE ABREU";"Animais na Pista";"Atropelamento de Animal";"Sem Vítimas";"Plena Noite";"Crescente";"Céu Claro";"Dupla";"Reta";"Não";2;0;0;0;2;0;0;1;-22,48771193;-42,13561096;"SPRF-RJ";"DEL08-RJ";"UOP04-DEL08-RJ"
340334;2021-02-12;"sexta-feira";"23:15:00";"PR";376;177;"MARINGA";"Acessar a via sem observar a presença dos outros veículos";"Colisão lateral mesmo sentido";"Com Vítimas Feridas";"Plena Noite";"Crescente";"Céu Claro";"Dupla";"Retorno Regulamentado";"Sim";4;0;1;0;3;0;1;2;-23,41595855;-51,92226484;"SPRF-PR";"DEL09-PR";"UOP01-DEL09-PR"
340335;2021-02-12;"sexta-feira";"23:30:00";"RJ";101;475;"ANGRA DOS REIS";"Transitar na contramão";"Colisão frontal";"Com Vítimas Feridas";"Plena Noite";"Decrescente";"Chuva";"Simples";"Curva;Aclive";"Sim";2;0;2;0;0;0;2;2;-23,00030529;-44,25655988;"SPRF-RJ";"DEL03-RJ";"UOP03-DEL03-RJ"
340336;2021-02-12;"sexta-feira";"23:50:00";"MG";262;811,3;"UBERABA";"Ausência de reação do condutor";"Saída de leito carroçável";"Sem Vítimas";"Plena Noite";"Crescente";"Nublado";"Dupla";"Reta";"Sim";1;0;0;0;1;0;0;1;-19,76527861;-48,11638905;"SPRF-MG";"DEL13-MG";"UOP01-DEL13-MG"
340337;2021-02-12;"sexta-feira";"23:40:00";"ES";101;302,1;"VIANA";"Condutor Dormindo";"Colisão com objeto";"Sem Vítimas";"Plena Noite";"Decrescente";"Nublado";"Dupla";"Curva";"Sim";1;0;0;0;0;1;0;1;-20,36958283;-40,44384551;"SPRF-ES";"DEL01-ES";"UOP01-DEL01-ES"
340338;2021-02-12;"sexta-feira";"23:25:00";"RS";116;579,2;"PEDRO OSORIO";"Ingestão de álcool ou de substâncias psicoativas pelo pedestre";"Atropelamento de Pedestre";"Com Vítimas Fatais";"Plena Noite";"Crescente";"Nublado";"Simples";"Reta";"Não";3;1;0;0;0;2;0;2;-32,02599226;-52,83891678;"SPRF-RS";"DEL07-RS";"UOP03-DEL07-RS"
340339;2021-02-12;"sexta-feira";"20:20:00";"ES";101;229,5;"FUNDAO";"Ingestão de álcool pelo condutor";"Colisão com objeto";"Com Vítimas Feridas";"Plena Noite";"Decrescente";"Nublado";"Simples";"Declive;Curva";"Sim";2;0;1;0;1;0;1;1;-19,92727879;-40,40587142;"SPRF-ES";"DEL02-ES";"UOP01-DEL02-ES"
340340;2021-02-12;"sexta-feira";"22:50:00";"PR";116;105;"SAO JOSE DOS PINHAIS";"Ingestão de álcool pelo condutor";"Colisão traseira";"Com Vítimas Feridas";"Plena Noite";"Crescente";"Chuva";"Dupla";"Reta";"Não";3;0;1;0;2;0;1;2;-25,56635207;-49,16833598;"SPRF-PR";"DEL01-PR";"UOP01-DEL01-PR"
340341;2021-02-12;"sexta-feira";"13:25:00";"RR";174;510;"BOA VISTA";"Ingestão de álcool pelo condutor";"Colisão com objeto";"Com Vítimas Feridas";"Plena Noite";"Decrescente";"Céu Claro";"Simples";"Ponte";"Não";1;0;1;0;0;0;1;1;2,86998;-60,69699;"SPRF-RR";"DEL01-RR";"UOP01-DEL01-RR"
340342;2021-02-12;"sexta-feira";"23:50:00";"RO";364;241,3;"CACOAL";"Demais falhas na via";"Queda de ocupante de veículo";"Com Vítimas Feridas";"Pleno dia";"Decrescente";"Céu Claro";"Simples";"Reta;Declive";"Sim";1;0;0;1;0;0;1;1;-11,441249;-61,481256;"SPRF-RO";"DEL02-RO";"UOP02-DEL02-RO"
340344;2021-02-13;"sábado";"00:20:00";"PI";316;8;"TERESINA";"Condutor Dormindo";"Queda de ocupante de veículo";"Com Vítimas Feridas";"Plena Noite";"Crescente";"Céu Claro";"Simples";"Reta";"Sim";1;0;0;1;0;0;1;1;-5,16483402;-42,76899508;"SPRF-PI";"DEL01-PI";"UOP02-DEL01-PI"
340345;2021-02-13;"sábado";"01:00:00";"RJ";116;184,6;"NOVA IGUACU";"Acesso irregular";"Atropelamento de Pedestre";"Sem Vítimas";"Plena Noite";"Decrescente";"Garoa/Chuvisco";"Dupla";"Reta";"Sim";1;0;0;0;0;1;0;1;-22,74647215;-43,44594311;"SPRF-RJ";"DEL01-RJ";"UOP02-DEL01-RJ"
340346;2021-02-13;"sábado";"01:11:00";"DF";20;13,4;"BRASILIA";"Ingestão de álcool e/ou substâncias psicoativas pelo pedestre";"Atropelamento de Pedestre";"Com Vítimas Feridas";"Plena Noite";"Crescente";"Nublado";"Dupla";"Reta";"Sim";2;0;1;0;1;0;1;2;-15,638752;-47,749599;"SPRF-DF";"DEL02-DF";"UOP01-DEL02-DF"
340348;2021-02-13;"sábado";"00:30:00";"PR";373;180,5;"PONTA GROSSA";"Reação tardia ou ineficiente do condutor";"Saída de leito carroçável";"Sem Vítimas";"Plena Noite";"Decrescente";"Céu Claro";"Simples";"Curva;Em Obras";"Sim";1;0;0;0;0;1;0;1;-25,03983629;-50,24852895;"SPRF-PR";"DEL03-PR";"UOP04-DEL03-PR"
340350;2021-02-12;"sexta-feira";"10:00:00";"GO";158;156;"CAIAPONIA";"Ausência de sinalização";"Colisão lateral";"Com Vítimas Feridas";"Pleno dia";"Crescente";"Chuva";"Simples";"Interseção de Vias";"Não";4;0;3;0;1;0;3;2;-16,949462;-51,82462593;"SPRF-GO";"DEL05-GO";"UOP01-DEL05-GO"