"id";"data_inversa";"dia_semana";"horario";"uf";"br";"km";"municipio";"causa_acidente";"tipo_acidente";"classificacao_acidente";"fase_dia";"sentido_via";"condicao_metereologica";"tipo_pista";"tracado_via";"uso_solo";"pessoas";"mortos";"feridos_leves";"feridos_graves";"ilesos";"ignorados";"feridos";"veiculos";"latitude";"longitude";"regional";"delegacia";"uop"
340352;2021-02-13;"sábado";"00:50:00";"PI";343;344,2;"TERESINA";"Transitar na contramão";"Colisão frontal";"Com Vítimas Feridas";"Plena Noite";"Crescente";"Garoa/Chuvisco";"Simples";"Reta";"Sim";3;0;1;1;1;0;2;3;-5,094729;-42,762775;"SPRF-PI";"DEL01-PI";"UOP01-DEL01-PI"
340353;2021-02-13;"sábado";"00:50:00";"PI";343;344;"TERESINA";"Ausência de reação do condutor";"Atropelamento de Pedestre";"Com Vítimas Fatais";"Plena Noite";"Decrescente";"Garoa/Chuvisco";"Simples";"Reta";"Sim";2;1;0;0;0;1;0;2;-5,094729;-42,762775;"SPRF-PI";"DEL01-PI";"UOP01-DEL01-PI"
340354;2021-02-13;"sábado";"00:20:00";"SC";153;65;"IRANI";"Acessar a via sem observar a presença dos outros veículos";"Colisão transversal";"Com Vítimas Feridas";"Plena Noite";"Decrescente";"Céu Claro";"Simples";"Reta";"Sim";2;0;1;0;1;0;1;2;-27,011721;-51,876862;"SPRF-SC";"DEL07-SC";"UOP04-DEL07-SC"
340355;2021-02-13;"sábado";"02:15:00";"RS";116;383,7;"CAMAQUA";"Condutor Dormindo";"Saída de leito carroçável";"Com Vítimas Feridas";"Plena Noite";"Decrescente";"Céu Claro";"Dupla";"Retorno Regulamentado;Reta";"Não";3;0;3;0;0;0;3;1;-30,78860988;-51,66840514;"SPRF-RS";"DEL02-RS";"UOP02-DEL02-RS"
340356;2021-02-12;"sexta-feira";"18:30:00";"RO";364;563;"ALTO PARAISO";"Acessar a via sem observar a presença dos outros veículos";"Colisão transversal";"Com Vítimas Feridas";"Anoitecer";"Decrescente";"Nublado";"Simples";"Reta";"Não";3;0;1;0;1;1;1;3;-9,53480399;-63,07678083;"SPRF-RO";"DEL01-RO";"UOP04-DEL01-RO"
340357;2021-02-13;"sábado";"02:50:00";"PR";376;492,9;"PONTA GROSSA";"Velocidade Incompatível";"Saída de leito carroçável";"Com Vítimas Feridas";"Plena Noite";"Decrescente";"Céu Claro";"Dupla";"Curva";"Sim";2;0;1;1;0;0;2;1;-25,15559918;-50,13322909;"SPRF-PR";"DEL03-PR";"UOP04-DEL03-PR"
340358;2021-02-13;"sábado";"02:00:00";"RJ";116;173;"MESQUITA";"Ingestão de álcool pelo condutor";"Colisão traseira";"Com Vítimas Feridas";"Plena Noite";"Decrescente";"Chuva";"Múltipla";"Reta";"Sim";3;0;1;0;2;0;1;2;-22,77605264;-43,3997014;"SPRF-RJ";"DEL01-RJ";"UOP02-DEL01-RJ"
340360;2021-02-13;"sábado";"02:45:00";"SC";101;115,1;"ITAJAI";"Ingestão de álcool e/ou substâncias psicoativas pelo pedestre";"Saída de leito carroçável";"Sem Vítimas";"Plena Noite";"Decrescente";"Chuva";"Múltipla";"Reta";"Não";1;0;0;0;1;0;0;1;-26,87064015;-48,72954134;"SPRF-SC";"DEL04-SC";"UOP04-DEL04-SC"
340362;2021-02-13;"sábado";"04:30:00";"SP";116;228,6;"SAO PAULO";"Reação tardia ou ineficiente do condutor";"Colisão traseira";"Com Vítimas Feridas";"Plena Noite";"Crescente";"Chuva";"Múltipla";"Reta";"Não";3;0;1;0;1;1;1;2;-23,50343484;-46,56638712;"SPRF-SP";"DEL01-SP";"UOP01-DEL01-SP"
340363;2021-02-13;"sábado";"02:00:00";"MS";262;470;"ANASTACIO";"Condutor deixou de manter distância do veículo da frente";"Colisão lateral mesmo sentido";"Sem Vítimas";"Plena Noite";"Crescente";"Céu Claro";"Simples";"Reta";"Não";3;0;0;0;3;0;0;2;-20,51056558;-55,624845;"SPRF-MS";"DEL03-MS";"UOP01-DEL03-MS"
340364;2021-02-13;"sábado";"04:20:00";"RS";386;401;"MONTENEGRO";"Demais falhas mecânicas ou elétricas";"Incêndio";"Sem Vítimas";"Plena Noite";"Crescente";"Garoa/Chuvisco";"Dupla";"Reta";"Não";1;0;0;0;1;0;0;1;-29,758154;-51,594955;"SPRF-RS";"DEL04-RS";"UOP02-DEL04-RS"
340365;2021-02-04;"quinta-feira";"14:50:00";"RN";101;96;"NATAL";"Condutor deixou de manter distância do veículo da frente";"Colisão traseira";"Com Vítimas Feridas";"Pleno dia";"Decrescente";"Céu Claro";"Dupla";"Reta";"Sim";7;0;1;0;6;0;1;6;-5,85053036;-35,20943511;"SPRF-RN";"DEL01-RN";"UOP01-DEL01-RN"
340366;2021-02-12;"sexta-feira";"23:00:00";"MA";316;620,3;"TIMON";"Manobra de mudança de faixa";"Colisão frontal";"Com Vítimas Feridas";"Pleno dia";"Crescente";"Garoa/Chuvisco";"Simples";"Reta";"Sim";6;0;2;1;1;2;3;3;-5,12248998;-42,82337666;"SPRF-MA";"DEL03-MA";"UOP02-DEL03-MA"
340367;2021-02-13;"sábado";"00:40:00";"TO";153;135,8;"ARAGUAINA";"Velocidade Incompatível";"Colisão lateral mesmo sentido";"Com Vítimas Feridas";"Plena Noite";"Crescente";"Garoa/Chuvisco";"Simples";"Reta";"Sim";2;0;0;1;0;1;1;2;-7,13589235;-48,20064967;"SPRF-TO";"DEL02-TO";"UOP01-DEL02-TO"
340368;2021-02-13;"sábado";"03:40:00";"MG";262;45,8;"MANHUACU";"Ingestão de álcool pelo condutor";"Colisão lateral";"Sem Vítimas";"Plena Noite";"Decrescente";"Nublado";"Simples";"Reta";"Não";2;0;0;0;2;0;0;2;-20,26145201;-42,09686296;"SPRF-MG";"DEL06-MG";"UOP03-DEL06-MG"
340369;2021-02-13;"sábado";"05:10:00";"PR";369;195;"ARAPONGAS";"Ingestão de álcool pelo condutor";"Colisão com objeto";"Com Vítimas Feridas";"Amanhecer";"Decrescente";"Nevoeiro/Neblina";"Dupla";"Reta";"Não";1;0;0;1;0;0;1;1;-23,50298086;-51,42458821;"SPRF-PR";"DEL07-PR";"UOP03-DEL07-PR"
340374;2021-02-13;"sábado";"02:30:00";"SC";282;379,6;"HERVAL DOESTE";"Reação tardia ou ineficiente do condutor";"Saída de leito carroçável";"Com Vítimas Feridas";"Plena Noite";"Decrescente";"Nublado";"Simples";"Rotatória";"Não";30;0;17;0;13;0;17;1;-27,214668;-51,489677;"SPRF-SC";"DEL07-SC";"UOP05-DEL07-SC"
340376;2021-02-13;"sábado";"06:30:00";"RS";158;378;"DILERMANDO DE AGUIAR";"Reação tardia ou ineficiente do condutor";"Saída de leito carroçável";"Com Vítimas Feridas";"Pleno dia";"Decrescente";"Céu Claro";"Simples";"Declive";"Não";2;0;2;0;0;0;2;1;-29,86624381;-54,25313708;"SPRF-RS";"DEL09-RS";"UOP01-DEL09-RS"
340377;2021-02-13;"sábado";"06:15:00";"SP";116;272;"TABOAO DA SERRA";"Frear bruscamente";"Colisão traseira";"Com Vítimas Feridas";"Amanhecer";"Decrescente";"Garoa/Chuvisco";"Dupla";"Reta";"Sim";4;0;2;0;2;0;2;3;-23,61353144;-46,78109862;"SPRF-SP";"DEL04-SP";"UOP01-DEL04-SP"
340378;2021-02-13;"sábado";"06:10:00";"SP";116;271;"TABOAO DA SERRA";"Acumulo de água sobre o pavimento";"Colisão com objeto";"Com Vítimas Feridas";"Pleno dia";"Crescente";"Garoa/Chuvisco";"Dupla";"Reta";"Sim";1;0;1;0;0;0;1;1;-23,61809286;-46,80556302;"SPRF-SP";"DEL04-SP";"UOP01-DEL04-SP"
340379;2021-02-13;"sábado";"06:30:00";"MG";40;523;"CONTAGEM";"Demais falhas mecânicas ou elétricas";"Queda de ocupante de veículo";"Com Vítimas Feridas";"Pleno dia";"Crescente";"Nublado";"Dupla";"Reta";"Sim";1;0;1;0;0;0;1;1;-19,86874894;-44,05962197;"SPRF-MG";"DEL01-MG";"UOP02-DEL01-MG"
340381;2021-02-13;"sábado";"06:30:00";"MG";262;356;"BETIM";"Ausência de reação do condutor";"Colisão transversal";"Com Vítimas Feridas";"Pleno dia";"Decrescente";"Nublado";"Múltipla";"Rotatória";"Não";2;0;1;0;1;0;1;2;-19,98016509;-44,21374798;"SPRF-MG";"DEL01-MG";"UOP03-DEL01-MG"
340382;2021-02-13;"sábado";"06:38:00";"MA";135;5;"SAO LUIS";"Reação tardia ou ineficiente do condutor";"Colisão traseira";"Com Vítimas Feridas";"Pleno dia";"Crescente";"Nublado";"Dupla";"Reta";"Sim";2;0;1;0;1;0;1;2;-2,64342093;-44,27374175;"SPRF-MA";"DEL01-MA";"UOP01-DEL01-MA"
340385;2021-02-13;"sábado";"07:10:00";"SP";116;160,9;"JACAREI";"Ingestão de álcool pelo condutor";"Saída de leito carroçável";"Com Vítimas Feridas";"Pleno dia";"Crescente";"Chuva";"Dupla";"Reta";"Sim";2;0;2;0;0;0;2;1;-23,27101606;-45,96787896;"SPRF-SP";"DEL02-SP";"UOP01-DEL02-SP"
340386;2021-02-13;"sábado";"06:30:00";"RJ";116;251,8;"PIRAI";"Reação tardia ou ineficiente do condutor";"Colisão com objeto";"Com Vítimas Feridas";"Pleno dia";"Crescente";"Chuva";"Simples";"Retorno Regulamentado";"Não";1;0;0;1;0;0;1;1;-22,5848222324;-43,9596192126;"SPRF-RJ";"DEL07-RJ";"UOP01-DEL07-RJ"
340390;2021-02-13;"sábado";"07:30:00";"ES";101;254,9;"SERRA";"Reação tardia ou ineficiente do condutor";"Queda de ocupante de veículo";"Com Vítimas Feridas";"Pleno dia";"Decrescente";"Céu Claro";"Simples";"Declive;Reta";"Sim";2;0;2;0;0;0;2;1;-20,1100364;-40,32740141;"SPRF-ES";"DEL02-ES";"UOP01-DEL02-ES"
340391;2021-02-13;"sábado";"07:50:00";"PR";476;154;"ARAUCARIA";"Condutor deixou de manter distância do veículo da frente";"Colisão traseira";"Sem Vítimas";"Pleno dia";"Decrescente";"Chuva";"Dupla";"Reta";"Sim";3;0;0;0;1;2;0;2;-25,584223;-49,401379;"SPRF-PR";"DEL01-PR";"UOP03-DEL01-PR"
340393;2021-02-07;"domingo";"21:10:00";"BA";418;42;"CARAVELAS";"Acumulo de água sobre o pavimento";"Capotamento";"Com Vítimas Feridas";"Anoitecer";"Crescente";"Chuva";"Simples";"Reta";"Não";4;0;0;1;3;0;1;1;-17,69924413;-39,48047892;"SPRF-BA";"DEL09-BA";"UOP02-DEL09-BA"
340394;2021-02-13;"sábado";"07:10:00";"PA";316;39;"SANTA IZABEL DO PARA";"Acessar a via sem observar a presença dos outros veículos";"Colisão transversal";"Com Vítimas Feridas";"Pleno dia";"Decrescente";"Céu Claro";"Dupla";"Reta";"Não";5;0;0;3;2;0;3;2;-1,28141702;-48,131196;"SPRF-PA";"DEL01-PA";"UOP01-DEL01-PA"
340395;2021-02-13;"sábado";"04:30:00";"SC";101;410,9;"ARARANGUA";"Ingestão de álcool pelo condutor";"Colisão transversal";"Sem Vítimas";"Plena Noite";"Crescente";"Céu Claro";"Simples";"Reta";"Sim";2;0;0;0;2;0;0;2;-28,95482317;-49,51083552;"SPRF-SC";"DEL02-SC";"UOP02-DEL02-SC"
340396;2021-02-13;"sábado";"05:15:00";"MA";316;532;"CAXIAS";"Acumulo de água sobre o pavimento";"Saída de leito carroçável";"Com Vítimas Feridas";"Amanhecer";"Crescente";"Chuva";"Simples";"Reta";"Não";2;0;2;0;0;0;2;1;-4,828565;-43,511826;"SPRF-MA";"DEL03-MA";"UOP02-DEL03-MA"
340399;2021-02-13;"sábado";"08:00:00";"PR";163;41,9;"PRANCHITA";"Desrespeitar a preferência no cruzamento";"Colisão transversal";"Com Vítimas Feridas";"Pleno dia";"Crescente";"Céu Claro";"Simples";"Interseção de Vias";"Sim";6;0;4;0;1;1;4;3;-26,06679301;-53,72123694;"SPRF-PR";"DEL02-PR";"UOP02-DEL02-PR"
340401;2021-02-13;"sábado";"08:15:00";"SP";381;57;"MAIRIPORA";"Pista Escorregadia";"Colisão com objeto";"Com Vítimas Feridas";"Pleno dia";"Crescente";"Chuva";"Dupla";"Reta";"Sim";1;0;0;1;0;0;1;1;-23,2658219;-46,5839857;"SPRF-SP";"DEL03-SP";"UOP01-DEL03-SP"
340402;2021-02-13;"sábado";"08:40:00";"ES";101;68,5;"SAO MATEUS";"Manobra de mudança de faixa";"Colisão lateral";"Com Vítimas Feridas";"Pleno dia";"Decrescente";"Garoa/Chuvisco";"Simples";"Declive";"Sim";1;0;1;0;0;0;1;1;-18,726597;-39,85975;"SPRF-ES";"DEL04-ES";"UOP02-DEL04-ES"
340403;2021-02-13;"sábado";"08:20:00";"ES";101;347,7;"GUARAPARI";"Mal súbito do condutor";"Tombamento";"Com Vítimas Feridas";"Pleno dia";"Decrescente";"Nublado";"Simples";"Curva";"Não";1;0;1;0;0;0;1;1;-20,65118768;-40,63191533;"SPRF-ES";"DEL03-ES";"UOP01-DEL03-ES"
340404;2021-02-13;"sábado";"08:45:00";"SC";282;20;"PALHOCA";"Condutor deixou de manter distância do veículo da frente";"Colisão traseira";"Com Vítimas Feridas";"Pleno dia";"Crescente";"Céu Claro";"Simples";"Reta";"Sim";3;0;1;0;2;0;1;2;-27,683958;-48,71006;"SPRF-SC";"DEL01-SC";"UOP02-DEL01-SC"
340405;2021-02-13;"sábado";"08:50:00";"MG";381;908;"CAMBUI";"Chuva";"Colisão com objeto";"Com Vítimas Feridas";"Pleno dia";"Decrescente";"Chuva";"Dupla";"Aclive;Curva";"Não";4;0;2;0;2;0;2;1;-22,71744092;-46,12652111;"SPRF-MG";"DEL16-MG";"UOP03-DEL16-MG"
340406;2021-02-13;"sábado";"07:40:00";"RJ";40;90;"PETROPOLIS";"Velocidade Incompatível";"Saída de leito carroçável";"Com Vítimas Feridas";"Pleno dia";"Crescente";"Céu Claro";"Simples";"Curva";"Não";4;0;4;0;0;0;4;1;-22,550738;-43,236397;"SPRF-RJ";"DEL06-RJ";"UOP01-DEL06-RJ"
340410;2021-02-13;"sábado";"08:00:00";"RJ";101;430,1;"MANGARATIBA";"Velocidade Incompatível";"Colisão transversal";"Com Vítimas Fatais";"Pleno dia";"Crescente";"Nublado";"Simples";"Curva";"Não";5;1;4;0;0;0;4;2;-22,93710123;-44,01083798;"SPRF-RJ";"DEL03-RJ";"UOP03-DEL03-RJ"
340414;2021-02-13;"sábado";"09:33:00";"PE";101;57,8;"PAULISTA";"Acostamento em desnível";"Queda de ocupante de veículo";"Com Vítimas Feridas";"Pleno dia";"Decrescente";"Nublado";"Dupla";"Curva";"Não";2;0;0;1;1;0;1;1;-7,96346213;-34,91513486;"SPRF-PE";"DEL01-PE";"UOP02-DEL01-PE"
340415;2021-02-13;"sábado";"09:30:00";"SC";282;205;"LAGES";"Condutor deixou de manter distância do veículo da frente";"Colisão traseira";"Com Vítimas Feridas";"Pleno dia";"Decrescente";"Céu Claro";"Simples";"Reta";"Não";9;0;3;0;6;0;3;2;-27,770323;-50,182167;"SPRF-SC";"DEL05-SC";"UOP01-DEL05-SC"
340417;2021-02-13;"sábado";"09:30:00";"MG";381;912,8;"CAMANDUCAIA";"Velocidade Incompatível";"Colisão com objeto";"Com Vítimas Feridas";"Pleno dia";"Decrescente";"Chuva";"Dupla";"Curva";"Não";4;0;2;0;2;0;2;1;-22,70778918;-46,12129211;"SPRF-MG";"DEL16-MG";"UOP03-DEL16-MG"
340418;2021-02-13;"sábado";"09:40:00";"MG";381;628,9;"OLIVEIRA";"Velocidade Incompatível";"Colisão com objeto";"Com Vítimas Feridas";"Pleno dia";"Crescente";"Chuva";"Dupla";"Declive;Curva";"Não";4;0;1;3;0;0;4;1;-20,83304688;-44,8250553;"SPRF-MG";"DEL04-MG";"UOP01-DEL04-MG"
340419;2021-02-13;"sábado";"09:00:00";"MS";163;125;"NAVIRAI";"Acessar a via sem observar a presença dos outros veículos";"Atropelamento de Pedestre";"Com Vítimas Feridas";"Pleno dia";"Decrescente";"Céu Claro";"Simples";"Reta";"Não";2;0;1;0;1;0;1;2;-23,07204869;-54,22991246;"SPRF-MS";"DEL09-MS";"UOP01-DEL09-MS"
340420;2021-02-13;"sábado";"09:50:00";"MG";381;686,6;"LAVRAS";"Velocidade Incompatível";"Saída de leito carroçável";"Com Vítimas Feridas";"Pleno dia";"Crescente";"Chuva";"Dupla";"Declive;Curva";"Não";2;0;2;0;0;0;2;1;-21,20030689;-45,11944438;"SPRF-MG";"DEL04-MG";"UOP02-DEL04-MG"
340421;2021-02-13;"sábado";"10:00:00";"PR";376;1,8;"APUCARANA";"Acessar a via sem observar a presença dos outros veículos";"Colisão transversal";"Com Vítimas Feridas";"Pleno dia";"Decrescente";"Nublado";"Simples";"Declive";"Sim";2;0;0;1;1;0;1;2;-23,569226;-51,43066;"SPRF-PR";"DEL07-PR";"UOP03-DEL07-PR"
340423;2021-02-13;"sábado";"08:50:00";"MS";262;64;"TRES LAGOAS";"Demais falhas mecânicas ou elétricas";"Saída de leito carroçável";"Com Vítimas Feridas";"Pleno dia";"Crescente";"Nublado";"Simples";"Declive";"Não";2;0;2;0;0;0;2;1;-20,70081046;-52,18148518;"SPRF-MS";"DEL07-MS";"UOP01-DEL07-MS"
340424;2021-02-13;"sábado";"07:15:00";"SC";470;324,5;"CAMPOS NOVOS";"Mal súbito do condutor";"Saída de leito carroçável";"Com Vítimas Feridas";"Pleno dia";"Crescente";"Céu Claro";"Simples";"Reta";"Não";1;0;1;0;0;0;1;1;-27,446829;-51,24725;"SPRF-SC";"DEL07-SC";"UOP06-DEL07-SC"
340425;2021-02-13;"sábado";"04:30:00";"CE";20;373;"CAUCAIA";"Ausência de reação do condutor";"Saída de leito carroçável";"Sem Vítimas";"Amanhecer";"Decrescente";"Céu Claro";"Simples";"Curva";"Não";1;0;0;0;0;1;0;1;-3,9660818;-38,88868712;"SPRF-CE";"DEL02-CE";"UOP01-DEL02-CE"
340426;2021-02-13;"sábado";"10:15:00";"SC";101;206;"SAO JOSE";"Acessar a via sem observar a presença dos outros veículos";"Colisão lateral";"Com Vítimas Feridas";"Pleno dia";"Crescente";"Céu Claro";"Múltipla";"Reta";"Sim";2;0;0;2;0;0;2;2;-27,59193546;-48,61824557;"SPRF-SC";"DEL01-SC";"UOP01-DEL01-SC"
340427;2021-02-13;"sábado";"10:45:00";"RJ";116;228,2;"PIRAI";"Velocidade Incompatível";"Colisão traseira";"Com Vítimas Feridas";"Pleno dia";"Decrescente";"Garoa/Chuvisco";"Dupla";"Curva";"Não";2;0;1;0;1;0;1;2;-22,660623;-43,82667;"SPRF-RJ";"DEL07-RJ";"UOP01-DEL07-RJ"
340428;2021-02-13;"sábado";"08:30:00";"SC";101;193;"BIGUACU";"Avarias e/ou desgaste excessivo no pneu";"Colisão com objeto";"Sem Vítimas";"Pleno dia";"Decrescente";"Céu Claro";"Simples";"Reta";"Sim";1;0;0;0;0;1;0;1;-27,489574;-48,655914;"SPRF-SC";"DEL01-SC";"UOP01-DEL01-SC"
340429;2021-02-13;"sábado";"10:05:00";"MG";381;732,5;"TRES CORACOES";"Chuva";"Saída de leito carroçável";"Com Vítimas Feridas";"Pleno dia";"Decrescente";"Chuva";"Dupla";"Reta";"Não";3;0;2;0;1;0;2;1;-21,55413799;-45,24499427;"SPRF-MG";"DEL16-MG";"UOP02-DEL16-MG"
340435;2021-02-13;"sábado";"10:50:00";"PR";116;27;"CAMPINA GRANDE DO SUL";"Velocidade Incompatível";"Colisão frontal";"Com Vítimas Feridas";"Pleno dia";"Decrescente";"Sol";"Dupla";"Curva";"Não";3;0;2;0;1;0;2;2;-25,10840189;-48,79505902;"SPRF-PR";"DEL01-PR";"UOP02-DEL01-PR"
340436;2021-02-13;"sábado";"11:00:00";"PR";277;70;"SAO JOSE DOS PINHAIS";"Velocidade Incompatível";"Colisão traseira";"Com Vítimas Feridas";"Pleno dia";"Decrescente";"Nublado";"Dupla";"Reta";"Não";3;0;1;0;2;0;1;2;-25,53317957;-49,07969781;"SPRF-PR";"DEL01-PR";"UOP01-DEL01-PR"
340438;2021-02-13;"sábado";"10:05:00";"BA";324;527;"FEIRA DE SANTANA";"Acessar a via sem observar a presença dos outros veículos";"Saída de leito carroçável";"Com Vítimas Feridas";"Pleno dia";"Decrescente";"Céu Claro";"Dupla";"Reta";"Sim";1;0;0;1;0;0;1;1;-12,31183923;-38,88331817;"SPRF-BA";"DEL01-BA";"UOP03-DEL01-BA"
340439;2021-02-13;"sábado";"09:30:00";"PR";376;652;"TIJUCAS DO SUL";"Transitar no acostamento";"Colisão traseira";"Com Vítimas Feridas";"Pleno dia";"Crescente";"Céu Claro";"Dupla";"Curva";"Não";11;0;2;0;9;0;2;4;-25,8461583;-49,068884;"SPRF-PR";"DEL01-PR";"UOP04-DEL01-PR"
340440;2021-02-13;"sábado";"10:20:00";"RS";470;216,5;"BENTO GONCALVES";"Reação tardia ou ineficiente do condutor";"Colisão traseira";"Com Vítimas Feridas";"Pleno dia";"Decrescente";"Céu Claro";"Simples";"Reta";"Sim";6;0;2;0;3;1;2;2;-29,15887096;-51,53142395;"SPRF-RS";"DEL06-RS";"UOP01-DEL06-RS"
340441;2021-01-24;"domingo";"22:30:00";"MA";10;248;"IMPERATRIZ";"Manobra de mudança de faixa";"Colisão frontal";"Com Vítimas Feridas";"Plena Noite";"Decrescente";"Nublado";"Simples";"Reta";"Sim";3;0;1;2;0;0;3;2;-5,563839;-47,450599;"SPRF-MA";"DEL04-MA";"UOP01-DEL04-MA"
340444;2021-02-13;"sábado";"10:50:00";"PR";158;526;"PATO BRANCO";"Velocidade Incompatível";"Saída de leito carroçável";"Com Vítimas Feridas";"Pleno dia";"Decrescente";"Céu Claro";"Simples";"Curva";"Não";1;0;1;0;0;0;1;1;-26,15962508;-52,66289367;"SPRF-PR";"DEL02-PR";"UOP01-DEL02-PR"
340445;2021-02-13;"sábado";"10:40:00";"MG";365;276,8;"JOAO PINHEIRO";"Conversão proibida";"Colisão frontal";"Com Vítimas Feridas";"Pleno dia";"Decrescente";"Chuva";"Simples";"Reta";"Sim";2;0;0;1;1;0;1;2;-17,988169;-45,615963;"SPRF-MG";"DEL14-MG";"UOP02-DEL14-MG"
340447;2021-02-13;"sábado";"11:35:00";"RN";101;112,6;"SAO JOSE DE MIPIBU";"Demais falhas mecânicas ou elétricas";"Incêndio";"Sem Vítimas";"Pleno dia";"Crescente";"Céu Claro";"Dupla";"Reta";"Sim";1;0;0;0;1;0;0;1;-5,96429;-35,264877;"SPRF-RN";"DEL01-RN";"UOP01-DEL01-RN"
340448;2021-02-13;"sábado";"11:30:00";"PR";116;145;"MANDIRITUBA";"Condutor deixou de manter distância do veículo da frente";"Colisão traseira";"Sem Vítimas";"Pleno dia";"Crescente";"Céu Claro";"Simples";"Reta;Aclive";"Não";3;0;0;0;3;0;0;3;-25,75533595;-49,31864209;"SPRF-PR";"DEL01-PR";"UOP03-DEL01-PR"
340450;2021-02-13;"sábado";"12:10:00";"GO";414;424;"ANAPOLIS";"Chuva";"Saída de leito carroçável";"Com Vítimas Feridas";"Pleno dia";"Crescente";"Chuva";"Simples";"Declive";"Não";2;0;1;0;1;0;1;1;-16,15873679;-48,8884715;"SPRF-GO";"DEL02-GO";"UOP01-DEL02-GO"
340451;2021-02-13;"sábado";"12:25:00";"MG";381;932,7;"EXTREMA";"Velocidade Incompatível";"Capotamento";"Com Vítimas Feridas";"Pleno dia";"Crescente";"Chuva";"Dupla";"Curva";"Não";1;0;1;0;0;0;1;1;-22,79074211;-46,24488831;"SPRF-MG";"DEL16-MG";"UOP03-DEL16-MG"
340453;2021-02-13;"sábado";"11:40:00";"BA";367;83,5;"EUNAPOLIS";"Acessar a via sem observar a presença dos outros veículos";"Colisão transversal";"Com Vítimas Feridas";"Pleno dia";"Crescente";"Céu Claro";"Simples";"Interseção de Vias";"Sim";2;0;0;1;1;0;1;2;-16,37256267;-39,57064408;"SPRF-BA";"DEL09-BA";"UOP01-DEL09-BA"
340454;2021-02-13;"sábado";"11:50:00";"MA";10;128;"ESTREITO";"Transitar no acostamento";"Colisão traseira";"Com Vítimas Feridas";"Pleno dia";"Decrescente";"Céu Claro";"Simples";"Reta";"Sim";2;0;1;0;1;0;1;2;-6,564439;-47,44772;"SPRF-MA";"DEL04-MA";"UOP02-DEL04-MA"
340455;2021-02-13;"sábado";"09:50:00";"RO";174;15;"VILHENA";"Acessar a via sem observar a presença dos outros veículos";"Colisão transversal";"Com Vítimas Feridas";"Pleno dia";"Crescente";"Céu Claro";"Simples";"Interseção de Vias";"Sim";2;0;1;0;1;0;1;2;-12,723321;-60,12801;"SPRF-RO";"DEL04-RO";"UOP01-DEL04-RO"
340456;2021-02-13;"sábado";"12:20:00";"PR";476;95;"BOCAIUVA DO SUL";"Velocidade Incompatível";"Colisão transversal";"Com Vítimas Feridas";"Pleno dia";"Decrescente";"Céu Claro";"Simples";"Reta";"Sim";2;0;0;1;1;0;1;2;-25,225365;-49,115093;"SPRF-PR";"DEL01-PR";"UOP02-DEL01-PR"
340457;2021-02-13;"sábado";"12:30:00";"MG";381;518;"IGARAPE";"Objeto estático sobre o leito carroçável";"Colisão com objeto";"Com Vítimas Feridas";"Pleno dia";"Decrescente";"Céu Claro";"Múltipla";"Curva";"Sim";1;0;1;0;0;0;1;1;-20,12065395;-44,30242562;"SPRF-MG";"DEL04-MG";"UOP03-DEL04-MG"
340458;2021-02-13;"sábado";"12:50:00";"GO";60;12;"SANTO ANTONIO DO DESCOBERTO";"Acumulo de água sobre o pavimento";"Tombamento";"Com Vítimas Feridas";"Pleno dia";"Crescente";"Chuva";"Dupla";"Reta";"Sim";1;0;1;0;0;0;1;1;-16,114262;-48,333251;"SPRF-DF";"DEL03-DF";"UOP01-DEL03-DF"
340459;2021-02-13;"sábado";"09:00:00";"RJ";40;114;"DUQUE DE CAXIAS";"Reação tardia ou ineficiente do condutor";"Colisão traseira";"Com Vítimas Feridas";"Pleno dia";"Crescente";"Nublado";"Dupla";"Reta";"Sim";3;0;3;0;0;0;3;2;-22,73783274;-43,28849182;"SPRF-RJ";"DEL01-RJ";"UOP01-DEL01-RJ"
340461;2021-02-13;"sábado";"13:20:00";"PR";116;17;"ANTONINA";"Frear bruscamente";"Saída de leito carroçável";"Sem Vítimas";"Pleno dia";"Decrescente";"Chuva";"Dupla";"Curva;Declive";"Não";1;0;0;0;1;0;0;1;-25,10338125;-48,70164156;"SPRF-PR";"DEL01-PR";"UOP02-DEL01-PR"
340462;2021-01-31;"domingo";"12:20:00";"PA";230;127;"MARABA";"Ausência de reação do condutor";"Colisão traseira";"Com Vítimas Feridas";"Pleno dia";"Crescente";"Sol";"Simples";"Reta";"Sim";2;0;1;0;1;0;1;2;-5,37452497;-49,159719;"SPRF-PA";"DEL03-PA";"UOP01-DEL03-PA"
340463;2021-02-13;"sábado";"13:40:00";"MG";381;288;"ANTONIO DIAS";"Pista Escorregadia";"Queda de ocupante de veículo";"Com Vítimas Feridas";"Pleno dia";"Crescente";"Nublado";"Simples";"Curva";"Não";2;0;2;0;0;0;2;1;-19,63905081;-42,81290207;"SPRF-MG";"DEL03-MG";"UOP02-DEL03-MG"
340465;2021-02-13;"sábado";"12:20:00";"MG";381;492,8;"BETIM";"Reação tardia ou ineficiente do condutor";"Colisão traseira";"Com Vítimas Feridas";"Pleno dia";"Decrescente";"Nublado";"Múltipla";"Reta";"Sim";2;0;1;0;1;0;1;2;-19,96355739;-44,16801095;"SPRF-MG";"DEL01-MG";"UOP03-DEL01-MG"
340466;2021-02-13;"sábado";"11:00:00";"MG";262;59,2;"MANHUACU";"Chuva";"Saída de leito carroçável";"Com Vítimas Feridas";"Pleno dia";"Decrescente";"Chuva";"Simples";"Reta";"Não";1;0;1;0;0;0;1;1;-20,28276197;-42,20329303;"SPRF-MG";"DEL06-MG";"UOP03-DEL06-MG"