"id";"data_inversa";"dia_semana";"horario";"uf";"br";"km";"municipio";"causa_acidente";"tipo_acidente";"classificacao_acidente";"fase_dia";"sentido_via";"condicao_metereologica";"tipo_pista";"tracado_via";"uso_solo";"pessoas";"mortos";"feridos_leves";"feridos_graves";"ilesos";"ignorados";"feridos";"veiculos";"latitude";"longitude";"regional";"delegacia";"uop"
340694;2021-02-14;"domingo";"12:45:00";"MT";163;15;"ITIQUIRA";"Acumulo de água sobre o pavimento";"Saída de leito carroçável";"Com Vítimas Feridas";"Pleno dia";"Crescente";"Chuva";"Dupla";"Reta";"Não";2;0;2;0;0;0;2;1;-17,38771899;-54,75787119;"SPRF-MT";"DEL02-MT";"UOP01-DEL02-MT"
340695;2021-02-14;"domingo";"15:30:00";"PR";277;659,3;"MATELANDIA";"Velocidade Incompatível";"Colisão com objeto";"Com Vítimas Feridas";"Pleno dia";"Decrescente";"Céu Claro";"Dupla";"Curva";"Não";1;0;1;0;0;0;1;1;-25,24664169;-53,98334832;"SPRF-PR";"DEL05-PR";"UOP02-DEL05-PR"
340696;2021-01-18;"segunda-feira";"07:30:00";"CE";116;16;"EUSEBIO";"Condutor deixou de manter distância do veículo da frente";"Colisão traseira";"Com Vítimas Feridas";"Pleno dia";"Decrescente";"Nublado";"Dupla";"Reta;Aclive";"Sim";3;0;2;0;1;0;2;2;-3,88732794;-38,50185439;"SPRF-CE";"DEL01-CE";"UOP02-DEL01-CE"
340697;2021-01-21;"quinta-feira";"16:00:00";"PA";308;151;"CAPANEMA";"Acessar a via sem observar a presença dos outros veículos";"Colisão frontal";"Com Vítimas Feridas";"Pleno dia";"Crescente";"Céu Claro";"Simples";"Reta";"Sim";4;0;1;1;2;0;2;2;-1,21064;-47,182743;"SPRF-PA";"DEL01-PA";"UOP03-DEL01-PA"
340699;2021-02-14;"domingo";"16:20:00";"PR";116;44,4;"CAMPINA GRANDE DO SUL";"Velocidade Incompatível";"Saída de leito carroçável";"Com Vítimas Feridas";"Pleno dia";"Crescente";"Garoa/Chuvisco";"Dupla";"Declive;Curva";"Não";2;0;2;0;0;0;2;1;-25,1882321;-48,88492529;"SPRF-PR";"DEL01-PR";"UOP02-DEL01-PR"
340702;2021-02-14;"domingo";"15:45:00";"PR";369;200;"APUCARANA";"Transitar na contramão";"Colisão frontal";"Com Vítimas Feridas";"Pleno dia";"Crescente";"Nublado";"Simples";"Reta";"Sim";2;0;0;1;1;0;1;2;-23,53503204;-51,45549774;"SPRF-PR";"DEL07-PR";"UOP03-DEL07-PR"
340704;2021-02-14;"domingo";"16:25:00";"GO";40;9;"VALPARAISO DE GOIAS";"Velocidade Incompatível";"Queda de ocupante de veículo";"Com Vítimas Feridas";"Pleno dia";"Crescente";"Céu Claro";"Dupla";"Reta";"Sim";1;0;0;1;0;0;1;1;-16,131158;-47,957739;"SPRF-DF";"DEL01-DF";"UOP01-DEL01-DF"
340706;2021-02-14;"domingo";"16:40:00";"PB";101;91,5;"JOAO PESSOA";"Manobra de mudança de faixa";"Colisão lateral";"Com Vítimas Feridas";"Pleno dia";"Decrescente";"Céu Claro";"Dupla";"Reta";"Não";3;0;2;0;1;0;2;2;-7,18826412;-34,90308264;"SPRF-PB";"DEL01-PB";"UOP02-DEL01-PB"
340707;2021-02-14;"domingo";"16:50:00";"PR";116;38;"CAMPINA GRANDE DO SUL";"Velocidade Incompatível";"Saída de leito carroçável";"Com Vítimas Feridas";"Pleno dia";"Decrescente";"Chuva";"Dupla";"Curva";"Não";5;0;5;0;0;0;5;1;-25,14802509;-48,85922071;"SPRF-PR";"DEL01-PR";"UOP02-DEL01-PR"
340708;2021-02-14;"domingo";"14:45:00";"RJ";40;76;"PETROPOLIS";"Transitar na contramão";"Colisão frontal";"Com Vítimas Feridas";"Pleno dia";"Crescente";"Nublado";"Simples";"Curva";"Não";3;0;1;1;1;0;2;3;-22,47192899;-43,23779321;"SPRF-RJ";"DEL06-RJ";"UOP01-DEL06-RJ"
340710;2021-02-14;"domingo";"15:35:00";"PR";277;596,7;"CASCAVEL";"Velocidade Incompatível";"Queda de ocupante de veículo";"Com Vítimas Feridas";"Pleno dia";"Decrescente";"Céu Claro";"Simples";"Reta";"Não";1;0;1;0;0;0;1;1;-24,98837665;-53,50778641;"SPRF-PR";"DEL04-PR";"UOP01-DEL04-PR"
340712;2021-02-14;"domingo";"15:30:00";"SC";101;367,1;"ICARA";"Chuva";"Saída de leito carroçável";"Com Vítimas Feridas";"Pleno dia";"Decrescente";"Chuva";"Dupla";"Curva";"Não";7;0;5;1;1;0;6;1;-28,69145778;-49,16484911;"SPRF-SC";"DEL02-SC";"UOP01-DEL02-SC"
340713;2021-02-14;"domingo";"16:00:00";"CE";116;42;"HORIZONTE";"Ingestão de álcool pelo condutor";"Colisão lateral";"Sem Vítimas";"Pleno dia";"Decrescente";"Céu Claro";"Múltipla";"Retorno Regulamentado";"Sim";2;0;0;0;2;0;0;2;-4,10857928;-38,4942173;"SPRF-CE";"DEL01-CE";"UOP02-DEL01-CE"
340714;2021-02-14;"domingo";"17:00:00";"PA";316;28;"BENEVIDES";"Manobra de mudança de faixa";"Saída de leito carroçável";"Com Vítimas Feridas";"Pleno dia";"Decrescente";"Nublado";"Dupla";"Reta";"Não";4;0;2;0;2;0;2;1;-1,31465085;-48,2238258;"SPRF-PA";"DEL01-PA";"UOP01-DEL01-PA"
340715;2021-02-14;"domingo";"14:30:00";"AP";156;460;"TARTARUGALZINHO";"Curva acentuada";"Saída de leito carroçável";"Com Vítimas Fatais";"Pleno dia";"Crescente";"Nublado";"Simples";"Curva";"Não";1;1;0;0;0;0;0;1;1,42054985;-50,91319503;"SPRF-AP";"DEL01-AP";"UOP01-DEL01-AP"
340716;2021-02-14;"domingo";"17:10:00";"SC";101;89,5;"BARRA VELHA";"Velocidade Incompatível";"Colisão lateral";"Com Vítimas Feridas";"Pleno dia";"Decrescente";"Nublado";"Simples";"Reta";"Sim";2;0;0;1;1;0;1;2;-26,66468494;-48,68880451;"SPRF-SC";"DEL03-SC";"UOP02-DEL03-SC"
340720;2021-02-14;"domingo";"17:15:00";"SC";101;257;"PAULO LOPES";"Chuva";"Colisão com objeto";"Com Vítimas Feridas";"Pleno dia";"Crescente";"Chuva";"Dupla";"Reta;Túnel";"Não";2;0;1;0;1;0;1;1;-28,00482282;-48,69190437;"SPRF-SC";"DEL02-SC";"UOP03-DEL02-SC"
340721;2021-02-14;"domingo";"17:00:00";"ES";482;8,4;"CACHOEIRO DE ITAPEMIRIM";"Ingestão de álcool pelo condutor";"Colisão traseira";"Sem Vítimas";"Pleno dia";"Crescente";"Nublado";"Dupla";"Curva";"Sim";2;0;0;0;2;0;0;2;-20,86597301;-41,11181303;"SPRF-ES";"DEL03-ES";"UOP02-DEL03-ES"
340724;2021-02-14;"domingo";"16:50:00";"PR";476;54;"TUNAS DO PARANA";"Reação tardia ou ineficiente do condutor";"Colisão frontal";"Com Vítimas Feridas";"Pleno dia";"Crescente";"Céu Claro";"Simples";"Curva";"Não";3;0;0;2;1;0;2;2;-24,961689;-49,092453;"SPRF-PR";"DEL01-PR";"UOP02-DEL01-PR"
340726;2021-02-14;"domingo";"18:00:00";"PE";232;80;"GRAVATA";"Ausência de reação do condutor";"Colisão traseira";"Com Vítimas Feridas";"Plena Noite";"Crescente";"Céu Claro";"Dupla";"Reta";"Sim";3;0;2;0;0;1;2;2;-8,19579864;-35,56962305;"SPRF-PE";"DEL02-PE";"UOP02-DEL02PE"
340729;2021-02-14;"domingo";"16:50:00";"MG";381;492;"BETIM";"Velocidade Incompatível";"Colisão com objeto";"Com Vítimas Feridas";"Pleno dia";"Decrescente";"Nublado";"Dupla";"Reta";"Sim";2;0;1;0;1;0;1;1;-19,97490091;-44,19004301;"SPRF-MG";"DEL01-MG";"UOP03-DEL01-MG"
340733;2021-02-14;"domingo";"16:15:00";"CE";402;293,8;"UMIRIM";"Ingestão de álcool pelo condutor";"Colisão lateral";"Com Vítimas Feridas";"Pleno dia";"Crescente";"Céu Claro";"Simples";"Reta";"Não";5;0;1;0;2;2;1;2;-3,65649645;-39,42472477;"SPRF-CE";"DEL01-CE";"UOP03-DEL01-CE"
340734;2021-02-14;"domingo";"17:45:00";"SC";101;148;"ITAPEMA";"Ingestão de álcool pelo condutor";"Colisão lateral";"Sem Vítimas";"Pleno dia";"Decrescente";"Céu Claro";"Dupla";"Reta";"Não";1;0;0;0;1;0;0;1;-27,10123686;-48,61807962;"SPRF-SC";"DEL04-SC";"UOP03-DEL04-SC"
340736;2021-02-14;"domingo";"17:36:00";"PB";101;85;"BAYEUX";"Velocidade Incompatível";"Colisão com objeto";"Sem Vítimas";"Anoitecer";"Decrescente";"Céu Claro";"Dupla";"Retorno Regulamentado";"Não";2;0;0;0;2;0;0;1;-7,14538184;-34,91662887;"SPRF-PB";"DEL01-PB";"UOP01-DEL01-PB"
340737;2021-02-14;"domingo";"13:50:00";"SC";282;512,2;"XANXERE";"Condutor deixou de manter distância do veículo da frente";"Colisão traseira";"Com Vítimas Feridas";"Pleno dia";"Crescente";"Sol";"Simples";"Aclive;Reta";"Não";3;0;2;0;1;0;2;2;-26,910799;-52,472099;"SPRF-SC";"DEL07-SC";"UOP01-DEL07-SC"
340740;2021-02-14;"domingo";"17:40:00";"BA";407;107;"JAGUARARI";"Acessar a via sem observar a presença dos outros veículos";"Colisão lateral mesmo sentido";"Com Vítimas Feridas";"Anoitecer";"Crescente";"Nublado";"Simples";"Reta";"Não";4;0;1;0;2;1;1;3;-10,28895105;-40,17156628;"SPRF-BA";"DEL04-BA";"UOP01-DEL04-BA"
340741;2021-02-14;"domingo";"17:00:00";"RS";471;174;"RIO PARDO";"Desrespeitar a preferência no cruzamento";"Colisão transversal";"Com Vítimas Feridas";"Pleno dia";"Crescente";"Chuva";"Simples";"Rotatória";"Sim";2;0;2;0;0;0;2;1;-29,98685072;-52,36837149;"SPRF-RS";"DEL02-RS";"UOP03-DEL02-RS"
340744;2021-02-14;"domingo";"17:40:00";"MT";70;383,6;"CAMPO VERDE";"Ausência de reação do condutor";"Queda de ocupante de veículo";"Com Vítimas Feridas";"Anoitecer";"Decrescente";"Nublado";"Simples";"Reta";"Não";1;0;1;0;0;0;1;1;-15,53350226;-55,13710374;"SPRF-MT";"DEL05-MT";"UOP02-DEL05-MT"
340745;2021-02-14;"domingo";"19:03:00";"BA";324;267;"JACOBINA";"Ingestão de álcool pelo condutor";"Saída de leito carroçável";"Com Vítimas Feridas";"Plena Noite";"Decrescente";"Céu Claro";"Simples";"Reta";"Não";2;0;1;0;1;0;1;1;-11,139059;-40,593475;"SPRF-BA";"DEL04-BA";"UOP02-DEL04-BA"
340746;2021-02-14;"domingo";"19:05:00";"SP";153;18,2;"NOVA GRANADA";"Transitar na contramão";"Colisão frontal";"Com Vítimas Fatais";"Anoitecer";"Crescente";"Nublado";"Simples";"Reta";"Não";3;1;1;0;1;0;1;2;-20,44382107;-49,28091485;"SPRF-SP";"DEL09-SP";"UOP01-DEL09-SP"
340748;2021-02-14;"domingo";"18:50:00";"PE";101;87,1;"JABOATAO DOS GUARARAPES";"Desrespeitar a preferência no cruzamento";"Colisão transversal";"Com Vítimas Feridas";"Plena Noite";"Crescente";"Céu Claro";"Simples";"Reta";"Sim";2;0;1;0;1;0;1;2;-8,19120206;-34,97449985;"SPRF-PE";"DEL01-PE";"UOP03-DEL01-PE"
340749;2021-02-14;"domingo";"17:40:00";"GO";50;295,7;"CATALAO";"Avarias e/ou desgaste excessivo no pneu";"Tombamento";"Com Vítimas Feridas";"Pleno dia";"Crescente";"Nublado";"Dupla";"Aclive;Reta";"Não";2;0;1;1;0;0;2;1;-18,2894;-48,0093;"SPRF-GO";"DEL06-GO";"UOP01-DEL06-GO"
340750;2021-02-14;"domingo";"18:45:00";"BA";116;255;"TUCANO";"Ingestão de álcool pelo condutor";"Colisão traseira";"Sem Vítimas";"Plena Noite";"Crescente";"Céu Claro";"Simples";"Reta";"Não";2;0;0;0;2;0;0;2;-10,81449105;-38,8718131;"SPRF-BA";"DEL07-BA";"UOP02-DEL07-BA"
340751;2021-02-14;"domingo";"18:00:00";"ES";101;234;"FUNDAO";"Ausência de reação do condutor";"Atropelamento de Pedestre";"Sem Vítimas";"Anoitecer";"Decrescente";"Céu Claro";"Simples";"Reta";"Sim";2;0;0;0;1;1;0;2;-19,96973516;-40,40766379;"SPRF-ES";"DEL02-ES";"UOP01-DEL02-ES"
340752;2021-02-14;"domingo";"18:50:00";"PE";101;8,2;"GOIANA";"Ingestão de álcool pelo condutor";"Colisão traseira";"Sem Vítimas";"Plena Noite";"Decrescente";"Céu Claro";"Dupla";"Reta";"Não";2;0;0;0;1;1;0;2;-7,56898134;-34,98959891;"SPRF-PE";"DEL01-PE";"UOP02-DEL01-PE"
340753;2021-02-14;"domingo";"17:30:00";"RS";386;7,9;"IRAI";"Ingestão de álcool pelo condutor";"Saída de leito carroçável";"Sem Vítimas";"Pleno dia";"Crescente";"Sol";"Simples";"Reta";"Não";2;0;0;0;2;0;0;1;-27,196833;-53,284447;"SPRF-RS";"DEL08-RS";"UOP02-DEL08-RS"
340754;2021-02-14;"domingo";"19:30:00";"PR";373;176,5;"PONTA GROSSA";"Entrada inopinada do pedestre";"Atropelamento de Pedestre";"Com Vítimas Feridas";"Plena Noite";"Decrescente";"Céu Claro";"Dupla";"Reta";"Sim";2;0;0;1;1;0;1;2;-25,06082803;-50,21845202;"SPRF-PR";"DEL03-PR";"UOP04-DEL03-PR"
340756;2021-02-14;"domingo";"19:15:00";"RJ";40;105;"DUQUE DE CAXIAS";"Transitar na contramão";"Colisão lateral sentido oposto";"Sem Vítimas";"Anoitecer";"Decrescente";"Céu Claro";"Múltipla";"Viaduto";"Sim";2;0;0;0;2;0;0;2;-22,6394419;-43,28339696;"SPRF-RJ";"DEL01-RJ";"UOP01-DEL01-RJ"
340757;2021-02-14;"domingo";"17:00:00";"PB";230;395,8;"POMBAL";"Frear bruscamente";"Colisão traseira";"Com Vítimas Feridas";"Pleno dia";"Crescente";"Garoa/Chuvisco";"Simples";"Reta";"Não";6;0;1;0;5;0;1;2;-6,8608;-37,7386;"SPRF-PB";"DEL03-PB";"UOP02-DEL03-PB"
340759;2021-02-14;"domingo";"19:40:00";"RJ";101;74;"CAMPOS DOS GOYTACAZES";"Acessar a via sem observar a presença dos outros veículos";"Colisão lateral";"Com Vítimas Feridas";"Plena Noite";"Crescente";"Nublado";"Simples";"Reta";"Sim";4;0;3;0;1;0;3;2;-21,807232;-41,39734312;"SPRF-RJ";"DEL08-RJ";"UOP02-DEL08-RJ"
340762;2021-02-14;"domingo";"17:20:00";"SC";101;410;"ARARANGUA";"Ingestão de álcool pelo condutor";"Colisão transversal";"Com Vítimas Feridas";"Pleno dia";"Decrescente";"Céu Claro";"Simples";"Reta";"Sim";4;0;1;1;2;0;2;2;-28,9225061;-49,4913107;"SPRF-SC";"DEL02-SC";"UOP02-DEL02-SC"
340763;2021-02-14;"domingo";"20:10:00";"MG";40;763,1;"JUIZ DE FORA";"Transitar na contramão";"Colisão frontal";"Com Vítimas Fatais";"Plena Noite";"Decrescente";"Céu Claro";"Simples";"Curva";"Não";3;1;0;1;0;1;1;3;-21,577154;-43,475861;"SPRF-MG";"DEL05-MG";"UOP01-DEL05-MG"
340764;2021-02-14;"domingo";"17:15:00";"MS";163;569,3;"BANDEIRANTES";"Ingestão de álcool pelo condutor";"Saída de leito carroçável";"Sem Vítimas";"Pleno dia";"Decrescente";"Céu Claro";"Simples";"Curva";"Não";2;0;0;0;2;0;0;1;-19,74061712;-54,35393554;"SPRF-MS";"DEL01-MS";"UOP02-DEL01-MS"
340765;2021-02-14;"domingo";"19:15:00";"MG";116;414,1;"GOVERNADOR VALADARES";"Ausência de reação do condutor";"Tombamento";"Com Vítimas Feridas";"Plena Noite";"Decrescente";"Ignorado";"Simples";"Reta";"Sim";2;0;0;2;0;0;2;1;-18,873907;-41,966366;"SPRF-MG";"DEL06-MG";"UOP01-DEL06-MG"
340767;2021-02-14;"domingo";"18:40:00";"PB";230;206;"SOLEDADE";"Ingestão de álcool pelo condutor";"Colisão traseira";"Sem Vítimas";"Plena Noite";"Decrescente";"Céu Claro";"Simples";"Reta";"Não";4;0;0;0;1;3;0;2;-7,09;-36,2887;"SPRF-PB";"DEL02-PB";"UOP02-DEL02-PB"
340768;2021-02-14;"domingo";"20:00:00";"SP";153;64;"SAO JOSE DO RIO PRETO";"Ingestão de álcool pelo condutor";"Colisão frontal";"Sem Vítimas";"Plena Noite";"Decrescente";"Chuva";"Dupla";"Reta";"Não";3;0;0;0;3;0;0;2;-20,82919401;-49,36046325;"SPRF-SP";"DEL09-SP";"UOP01-DEL09-SP"
340769;2021-02-14;"domingo";"20:40:00";"SC";470;4;"NAVEGANTES";"Manobra de mudança de faixa";"Colisão traseira";"Com Vítimas Feridas";"Plena Noite";"Decrescente";"Céu Claro";"Dupla";"Rotatória";"Não";3;0;1;0;2;0;1;2;-26,858473;-48,690788;"SPRF-SC";"DEL04-SC";"UOP04-DEL04-SC"
340772;2021-02-14;"domingo";"20:50:00";"PR";369;136,9;"IBIPORA";"Acessar a via sem observar a presença dos outros veículos";"Colisão transversal";"Com Vítimas Feridas";"Plena Noite";"Decrescente";"Nublado";"Simples";"Curva";"Sim";3;0;0;1;0;2;1;3;-23,272087;-51,04061;"SPRF-PR";"DEL07-PR";"UOP01-DEL07-PR"
340774;2021-02-14;"domingo";"18:30:00";"PB";104;132;"QUEIMADAS";"Reação tardia ou ineficiente do condutor";"Queda de ocupante de veículo";"Com Vítimas Feridas";"Plena Noite";"Decrescente";"Céu Claro";"Simples";"Reta";"Sim";1;0;0;1;0;0;1;1;-7,30787596;-35,89344027;"SPRF-PB";"DEL02-PB";"UOP03-DEL02-PB"
340776;2021-02-14;"domingo";"20:10:00";"BA";116;708;"MANOEL VITORINO";"Velocidade Incompatível";"Saída de leito carroçável";"Com Vítimas Feridas";"Plena Noite";"Crescente";"Céu Claro";"Simples";"Reta";"Não";2;0;2;0;0;0;2;1;-14,09843687;-40,22015629;"SPRF-BA";"DEL03-BA";"UOP01-DEL03-BA"
340778;2021-02-14;"domingo";"21:25:00";"PR";373;176,9;"PONTA GROSSA";"Entrada inopinada do pedestre";"Atropelamento de Pedestre";"Com Vítimas Feridas";"Plena Noite";"Decrescente";"Céu Claro";"Dupla";"Reta";"Sim";2;0;0;1;1;0;1;2;-25,06082803;-50,21845202;"SPRF-PR";"DEL03-PR";"UOP04-DEL03-PR"
340779;2021-02-14;"domingo";"20:00:00";"ES";101;347;"GUARAPARI";"Ausência de reação do condutor";"Colisão traseira";"Com Vítimas Feridas";"Plena Noite";"Crescente";"Céu Claro";"Simples";"Reta";"Não";3;0;0;1;0;2;1;2;-20,6572762;-40,6175371;"SPRF-ES";"DEL03-ES";"UOP01-DEL03-ES"
340781;2021-02-14;"domingo";"20:00:00";"RJ";101;579;"PARATY";"Iluminação deficiente";"Colisão lateral";"Com Vítimas Feridas";"Plena Noite";"Crescente";"Ignorado";"Simples";"Reta";"Não";3;0;2;0;1;0;2;2;-23,23420863;-44,70218304;"SPRF-RJ";"DEL03-RJ";"UOP04-DEL03-RJ"
340782;2021-02-14;"domingo";"16:14:00";"MA";10;321;"ACAILANDIA";"Ingestão de álcool pelo condutor";"Colisão transversal";"Com Vítimas Feridas";"Pleno dia";"Decrescente";"Céu Claro";"Simples";"Reta;Declive";"Não";2;0;1;0;0;1;1;2;-4,943377;-47,503078;"SPRF-MA";"DEL04-MA";"UOP03-DEL04-MA"
340783;2021-02-14;"domingo";"21:30:00";"PB";230;1;"CABEDELO";"Ingestão de álcool pelo condutor";"Saída de leito carroçável";"Com Vítimas Feridas";"Plena Noite";"Decrescente";"Céu Claro";"Simples";"Reta";"Sim";2;0;2;0;0;0;2;1;-6,9753;-34,8318;"SPRF-PB";"DEL01-PB";"UOP01-DEL01-PB"
340785;2021-02-14;"domingo";"21:20:00";"RS";116;561,2;"PEDRO OSORIO";"Ausência de reação do condutor";"Saída de leito carroçável";"Com Vítimas Feridas";"Plena Noite";"Decrescente";"Céu Claro";"Simples";"Reta";"Não";1;0;1;0;0;0;1;1;-31,91776369;-52,69733211;"SPRF-RS";"DEL07-RS";"UOP03-DEL07-RS"
340786;2021-02-14;"domingo";"19:00:00";"SC";158;132,1;"CAIBI";"Velocidade Incompatível";"Saída de leito carroçável";"Sem Vítimas";"Plena Noite";"Crescente";"Céu Claro";"Simples";"Curva";"Não";1;0;0;0;0;1;0;1;-27,03315906;-53,23463028;"SPRF-SC";"DEL07-SC";"UOP02-DEL07-SC"
340787;2021-02-14;"domingo";"20:30:00";"RO";364;731;"PORTO VELHO";"Acessar a via sem observar a presença dos outros veículos";"Colisão transversal";"Com Vítimas Fatais";"Plena Noite";"Decrescente";"Nublado";"Simples";"Reta";"Não";2;1;0;0;1;0;0;2;-8,90726051;-63,9631176;"SPRF-RO";"DEL01-RO";"UOP01-DEL01-RO"
340788;2021-02-14;"domingo";"21:20:00";"RS";158;316;"SANTA MARIA";"Reação tardia ou ineficiente do condutor";"Saída de leito carroçável";"Com Vítimas Feridas";"Plena Noite";"Crescente";"Céu Claro";"Simples";"Curva";"Não";1;0;1;0;0;0;1;1;-29,65231057;-53,76503707;"SPRF-RS";"DEL09-RS";"UOP01-DEL09-RS"
340789;2021-02-14;"domingo";"22:10:00";"ES";101;86,7;"SAO MATEUS";"Avarias e/ou desgaste excessivo no pneu";"Queda de ocupante de veículo";"Com Vítimas Feridas";"Plena Noite";"Crescente";"Céu Claro";"Simples";"Reta";"Não";2;0;0;2;0;0;2;1;-18,86552104;-39,93978995;"SPRF-ES";"DEL04-ES";"UOP02-DEL04-ES"
340790;2021-02-14;"domingo";"20:00:00";"RR";401;2;"BOA VISTA";"Ausência de reação do condutor";"Queda de ocupante de veículo";"Com Vítimas Feridas";"Plena Noite";"Decrescente";"Céu Claro";"Múltipla";"Reta";"Sim";2;0;2;0;0;0;2;2;2,80227819;-60,68228787;"SPRF-RR";"DEL01-RR";"UOP01-DEL01-RR"
340792;2021-02-14;"domingo";"14:20:00";"RJ";116;177;"NOVA IGUACU";"Reação tardia ou ineficiente do condutor";"Tombamento";"Com Vítimas Feridas";"Pleno dia";"Decrescente";"Céu Claro";"Múltipla";"Reta";"Sim";2;0;1;0;1;0;1;1;-22,78055198;-43,39208599;"SPRF-RJ";"DEL01-RJ";"UOP02-DEL01-RJ"
340793;2021-02-14;"domingo";"19:15:00";"RJ";40;104;"DUQUE DE CAXIAS";"Demais falhas mecânicas ou elétricas";"Incêndio";"Sem Vítimas";"Plena Noite";"Crescente";"Céu Claro";"Múltipla";"Declive";"Sim";1;0;0;0;1;0;0;1;-22,62897902;-43,28579508;"SPRF-RJ";"DEL01-RJ";"UOP01-DEL01-RJ"
340794;2021-02-14;"domingo";"20:00:00";"ES";262;116,5;"VENDA NOVA DO IMIGRANTE";"Velocidade Incompatível";"Queda de ocupante de veículo";"Com Vítimas Feridas";"Plena Noite";"Decrescente";"Céu Claro";"Simples";"Reta";"Não";2;0;0;2;0;0;2;1;-20,31763106;-41,22741303;"SPRF-ES";"DEL01-ES";"UOP02-DEL01-ES"
340795;2021-02-14;"domingo";"22:20:00";"SP";116;147,5;"SAO JOSE DOS CAMPOS";"Ingestão de álcool pelo condutor";"Colisão com objeto";"Sem Vítimas";"Plena Noite";"Crescente";"Céu Claro";"Dupla";"Reta";"Sim";1;0;0;0;1;0;0;1;-23,19629344;-45,87400694;"SPRF-SP";"DEL02-SP";"UOP01-DEL02-SP"
340796;2021-02-14;"domingo";"22:50:00";"RN";406;149,9;"CEARA-MIRIM";"Acessar a via sem observar a presença dos outros veículos";"Colisão traseira";"Com Vítimas Feridas";"Plena Noite";"Crescente";"Sol";"Simples";"Reta";"Sim";2;0;0;1;1;0;1;2;-5,6485583;-35,44127004;"SPRF-RN";"DEL02-RN";"UOP01-DEL02-RN"
340798;2021-02-14;"domingo";"22:30:00";"SC";101;213;"PALHOCA";"Acessar a via sem observar a presença dos outros veículos";"Colisão lateral mesmo sentido";"Com Vítimas Feridas";"Plena Noite";"Decrescente";"Nublado";"Múltipla";"Reta";"Sim";2;0;1;0;1;0;1;2;-27,63697369;-48,66514142;"SPRF-SC";"DEL01-SC";"UOP02-DEL01-SC"
340799;2021-02-14;"domingo";"22:59:00";"SP";116;17,3;"LAVRINHAS";"Reação tardia ou ineficiente do condutor";"Colisão com objeto";"Sem Vítimas";"Plena Noite";"Crescente";"Nublado";"Dupla";"Curva";"Não";2;0;0;0;2;0;0;2;-22,55763946;-44,84739708;"SPRF-SP";"DEL08-SP";"UOP02-DEL08-SP"
340801;2021-02-14;"domingo";"19:00:00";"SC";282;380;"HERVAL DOESTE";"Condutor deixou de manter distância do veículo da frente";"Colisão traseira";"Com Vítimas Feridas";"Plena Noite";"Crescente";"Céu Claro";"Simples";"Reta";"Não";3;0;1;1;1;0;2;2;-27,21464026;-51,4881134;"SPRF-SC";"DEL07-SC";"UOP05-DEL07-SC"
340802;2021-02-14;"domingo";"20:10:00";"RJ";465;16,8;"NOVA IGUACU";"Área urbana sem a presença de local apropriado para a travessia de pedestres";"Atropelamento de Pedestre";"Com Vítimas Feridas";"Plena Noite";"Decrescente";"Céu Claro";"Simples";"Reta";"Sim";3;0;2;0;1;0;2;2;-22,815538;-43,624565;"SPRF-RJ";"DEL03-RJ";"UOP01-DEL03-RJ"
340803;2021-02-14;"domingo";"21:10:00";"RJ";116;111;"MAGE";"Velocidade Incompatível";"Colisão traseira";"Com Vítimas Feridas";"Plena Noite";"Decrescente";"Céu Claro";"Simples";"Interseção de Vias";"Não";4;0;0;1;1;2;1;3;-22,55838319;-42,99482067;"SPRF-RJ";"DEL04-RJ";"UOP02-DEL04-RJ"
340804;2021-02-14;"domingo";"23:30:00";"BA";135;138,3;"RIACHAO DAS NEVES";"Condutor Dormindo";"Saída de leito carroçável";"Com Vítimas Feridas";"Plena Noite";"Crescente";"Céu Claro";"Simples";"Reta";"Não";1;0;0;1;0;0;1;1;-11,862521;-44,843269;"SPRF-BA";"DEL10-BA";"UOP01-DEL10-BA"
340805;2021-02-14;"domingo";"23:45:00";"PE";101;70,9;"RECIFE";"Reação tardia ou ineficiente do condutor";"Tombamento";"Com Vítimas Feridas";"Plena Noite";"Crescente";"Nublado";"Dupla";"Reta";"Sim";1;0;1;0;0;0;1;1;-8,06929999;-34,94261742;"SPRF-PE";"DEL01-PE";"UOP01-DEL01-PE"
340807;2021-02-14;"domingo";"23:30:00";"SC";280;50;"GUARAMIRIM";"Falta de elemento de contenção que evite a saída do leito carroçável";"Saída de leito carroçável";"Com Vítimas Feridas";"Plena Noite";"Decrescente";"Nublado";"Simples";"Reta";"Não";2;0;0;2;0;0;2;1;-26,4619489;-48,94618404;"SPRF-SC";"DEL03-SC";"UOP03-DEL03-SC"
340809;2021-02-14;"domingo";"23:20:00";"PR";369;156;"LONDRINA";"Condutor deixou de manter distância do veículo da frente";"Colisão traseira";"Com Vítimas Feridas";"Plena Noite";"Decrescente";"Céu Claro";"Dupla";"Reta;Aclive";"Sim";3;0;1;1;1;0;2;3;-23,2914172;-51,2155256;"SPRF-PR";"DEL07-PR";"UOP01-DEL07-PR"
340810;2021-02-14;"domingo";"23:08:00";"SP";116;46;"LORENA";"Objeto estático sobre o leito carroçável";"Colisão com objeto";"Sem Vítimas";"Plena Noite";"Crescente";"Céu Claro";"Dupla";"Reta";"Sim";2;0;0;0;1;1;0;2;-22,71393589;-45,05335608;"SPRF-SP";"DEL08-SP";"UOP02-DEL08-SP"