"id";"data_inversa";"dia_semana";"horario";"uf";"br";"km";"municipio";"causa_acidente";"tipo_acidente";"classificacao_acidente";"fase_dia";"sentido_via";"condicao_metereologica";"tipo_pista";"tracado_via";"uso_solo";"pessoas";"mortos";"feridos_leves";"feridos_graves";"ilesos";"ignorados";"feridos";"veiculos";"latitude";"longitude";"regional";"delegacia";"uop"
341415;2021-02-18;"quinta-feira";"11:40:00";"SC";280;67;"JARAGUA DO SUL";"Acessar a via sem observar a presença dos outros veículos";"Colisão transversal";"Com Vítimas Feridas";"Pleno dia";"Decrescente";"Céu Claro";"Simples";"Reta";"Sim";1;0;1;0;0;0;1;1;-26,4775146;-49,10363575;"SPRF-SC";"DEL03-SC";"UOP03-DEL03-SC"
341416;2021-02-14;"domingo";"20:15:00";"MG";40;140,3;"JOAO PINHEIRO";"Animais na Pista";"Colisão com objeto";"Com Vítimas Feridas";"Plena Noite";"Decrescente";"Nublado";"Simples";"Declive";"Não";3;0;2;0;1;0;2;1;-17,738873;-46,200024;"SPRF-MG";"DEL14-MG";"UOP01-DEL14-MG"
341417;2021-02-18;"quinta-feira";"10:10:00";"AL";104;43;"BRANQUINHA";"Condutor deixou de manter distância do veículo da frente";"Colisão traseira";"Com Vítimas Feridas";"Pleno dia";"Crescente";"Sol";"Simples";"Reta";"Não";3;0;2;0;1;0;2;2;-9,2223957;-36,03009171;"SPRF-AL";"DEL01-AL";"UOP02-DEL01-AL"
341419;2021-02-18;"quinta-feira";"13:25:00";"BA";116;537;"ITATIM";"Problema na suspensão";"Capotamento";"Com Vítimas Feridas";"Pleno dia";"Crescente";"Nublado";"Simples";"Reta";"Não";2;0;0;2;0;0;2;1;-12,76346895;-39,80607807;"SPRF-BA";"DEL03-BA";"UOP02-DEL03-BA"
341420;2021-02-18;"quinta-feira";"12:15:00";"MS";262;367,7;"CAMPO GRANDE";"Reação tardia ou ineficiente do condutor";"Colisão transversal";"Com Vítimas Feridas";"Pleno dia";"Crescente";"Sol";"Simples";"Reta";"Sim";6;0;1;0;4;1;1;3;-20,47734957;-54,75069718;"SPRF-MS";"DEL01-MS";"UOP03-DEL01-MS"
341421;2021-02-18;"quinta-feira";"09:20:00";"MG";356;265,3;"MURIAE";"Reação tardia ou ineficiente do condutor";"Colisão traseira";"Com Vítimas Feridas";"Pleno dia";"Decrescente";"Sol";"Simples";"Curva";"Não";3;0;1;0;1;1;1;3;-21,12838898;-42,366803;"SPRF-MG";"DEL07-MG";"UOP02-DEL07-MG"
341423;2021-02-18;"quinta-feira";"13:50:00";"RJ";116;303,5;"RESENDE";"Ultrapassagem Indevida";"Colisão lateral mesmo sentido";"Com Vítimas Feridas";"Pleno dia";"Decrescente";"Céu Claro";"Simples";"Reta";"Não";2;0;1;0;1;0;1;2;-22,45434989;-44,37845201;"SPRF-RJ";"DEL07-RJ";"UOP02-DEL07-RJ"
341424;2021-02-18;"quinta-feira";"14:30:00";"PB";101;82;"BAYEUX";"Ausência de reação do condutor";"Colisão traseira";"Com Vítimas Feridas";"Pleno dia";"Crescente";"Céu Claro";"Dupla";"Reta";"Sim";2;0;1;0;1;0;1;2;-7,12911;-34,93714;"SPRF-PB";"DEL01-PB";"UOP01-DEL01-PB"
341425;2021-02-18;"quinta-feira";"11:35:00";"RJ";101;321;"NITEROI";"Ausência de reação do condutor";"Tombamento";"Com Vítimas Feridas";"Pleno dia";"Crescente";"Céu Claro";"Dupla";"Curva";"Sim";1;0;1;0;0;0;1;1;-22,86981096;-43,11046465;"SPRF-RJ";"DEL02-RJ";"UOP02-DEL02-RJ"
341427;2021-02-18;"quinta-feira";"15:25:00";"RJ";40;114;"DUQUE DE CAXIAS";"Sinalização mal posicionada";"Colisão lateral mesmo sentido";"Com Vítimas Feridas";"Pleno dia";"Crescente";"Nublado";"Múltipla";"Declive";"Não";3;0;1;0;2;0;1;3;-22,71853604;-43,28993324;"SPRF-RJ";"DEL01-RJ";"UOP01-DEL01-RJ"
341428;2021-02-18;"quinta-feira";"14:30:00";"SP";116;271;"TABOAO DA SERRA";"Acessar a via sem observar a presença dos outros veículos";"Colisão traseira";"Com Vítimas Feridas";"Pleno dia";"Decrescente";"Céu Claro";"Dupla";"Reta";"Sim";2;0;1;0;1;0;1;2;-23,61809286;-46,80556302;"SPRF-SP";"DEL04-SP";"UOP01-DEL04-SP"
341436;2021-02-18;"quinta-feira";"14:00:00";"MG";116;554,2;"SANTA BARBARA DO LESTE";"Desrespeitar a preferência no cruzamento";"Colisão transversal";"Com Vítimas Feridas";"Pleno dia";"Decrescente";"Nublado";"Simples";"Reta";"Não";2;0;0;1;1;0;1;2;-20,00117809;-42,14034158;"SPRF-MG";"DEL06-MG";"UOP02-DEL06-MG"
341438;2021-02-07;"domingo";"20:00:00";"PA";10;354;"SANTA MARIA DO PARA";"Pedestre cruzava a pista fora da faixa";"Atropelamento de Pedestre";"Com Vítimas Feridas";"Plena Noite";"Crescente";"Céu Claro";"Simples";"Reta";"Sim";2;0;1;1;0;0;2;2;-1,34759789;-47,57735696;"SPRF-PA";"DEL01-PA";"UOP02-DEL01-PA"
341439;2021-02-18;"quinta-feira";"15:00:00";"GO";60;18,7;"ALEXANIA";"Velocidade Incompatível";"Capotamento";"Com Vítimas Feridas";"Pleno dia";"Crescente";"Nublado";"Dupla";"Curva";"Não";1;0;0;1;0;0;1;1;-16,0963;-48,5202;"SPRF-DF";"DEL03-DF";"UOP01-DEL03-DF"
341441;2021-02-18;"quinta-feira";"16:10:00";"RN";101;107;"PARNAMIRIM";"Reação tardia ou ineficiente do condutor";"Colisão traseira";"Com Vítimas Feridas";"Pleno dia";"Decrescente";"Céu Claro";"Dupla";"Reta";"Sim";2;0;1;0;1;0;1;2;-5,91920796;-35,26412409;"SPRF-RN";"DEL01-RN";"UOP01-DEL01-RN"
341443;2021-02-07;"domingo";"19:10:00";"MA";316;84;"MARANHAOZINHO";"Animais na Pista";"Atropelamento de Animal";"Com Vítimas Fatais";"Plena Noite";"Crescente";"Nublado";"Simples";"Reta";"Não";2;1;1;0;0;0;1;1;-2,278262;-45,847191;"SPRF-MA";"DEL02-MA";"UOP02-DEL02-MA"
341444;2021-02-18;"quinta-feira";"16:30:00";"ES";101;145;"LINHARES";"Ausência de reação do condutor";"Colisão traseira";"Com Vítimas Feridas";"Pleno dia";"Crescente";"Chuva";"Dupla";"Reta";"Sim";2;0;0;1;1;0;1;2;-19,36307925;-40,06487153;"SPRF-ES";"DEL04-ES";"UOP01-DEL04-ES"
341445;2021-02-18;"quinta-feira";"15:30:00";"BA";101;280;"LAJE";"Velocidade Incompatível";"Saída de leito carroçável";"Com Vítimas Fatais";"Pleno dia";"Decrescente";"Nublado";"Simples";"Reta";"Não";3;1;1;1;0;0;2;1;-13,22604198;-39,32501409;"SPRF-BA";"DEL01-BA";"UOP02-DEL01-BA"
341446;2021-02-18;"quinta-feira";"14:20:00";"PR";277;78;"CURITIBA";"Demais falhas mecânicas ou elétricas";"Tombamento";"Com Vítimas Feridas";"Pleno dia";"Decrescente";"Sol";"Dupla";"Reta";"Sim";1;0;0;1;0;0;1;1;-25,46953926;-49,21279281;"SPRF-PR";"DEL01-PR";"UOP01-DEL01-PR"
341447;2021-02-18;"quinta-feira";"13:40:00";"SC";116;139;"SANTA CECILIA";"Mal súbito do condutor";"Colisão traseira";"Com Vítimas Feridas";"Pleno dia";"Decrescente";"Céu Claro";"Simples";"Reta";"Sim";3;0;1;1;0;1;2;2;-26,96007677;-50,41626976;"SPRF-SC";"DEL06-SC";"UOP02-DEL06-SC"
341450;2021-02-18;"quinta-feira";"15:00:00";"MG";381;489;"BETIM";"Velocidade Incompatível";"Tombamento";"Com Vítimas Feridas";"Pleno dia";"Crescente";"Céu Claro";"Dupla";"Reta";"Sim";1;0;1;0;0;0;1;1;-19,95586847;-44,14414767;"SPRF-MG";"DEL01-MG";"UOP03-DEL01-MG"
341451;2021-02-18;"quinta-feira";"08:30:00";"RS";116;158;"CAXIAS DO SUL";"Demais falhas mecânicas ou elétricas";"Incêndio";"Sem Vítimas";"Pleno dia";"Decrescente";"Sol";"Dupla";"Reta";"Não";1;0;0;0;1;0;0;1;-29,22015528;-51,16867117;"SPRF-RS";"DEL05-RS";"UOP01-DEL05-RS"
341452;2021-02-18;"quinta-feira";"16:25:00";"PR";277;723,1;"FOZ DO IGUACU";"Reação tardia ou ineficiente do condutor";"Colisão traseira";"Com Vítimas Feridas";"Pleno dia";"Decrescente";"Sol";"Dupla";"Reta";"Sim";2;0;2;0;0;0;2;2;-25,499544;-54,531363;"SPRF-PR";"DEL05-PR";"UOP03-DEL05-PR"
341455;2021-02-18;"quinta-feira";"18:00:00";"GO";414;379,1;"CORUMBA DE GOIAS";"Acessar a via sem observar a presença dos outros veículos";"Colisão transversal";"Com Vítimas Feridas";"Anoitecer";"Decrescente";"Nublado";"Simples";"Reta";"Não";2;0;1;0;1;0;1;2;-15,8369201;-48,77559308;"SPRF-GO";"DEL02-GO";"UOP01-DEL02-GO"
341457;2021-02-18;"quinta-feira";"17:18:00";"SP";116;277,1;"EMBU DAS ARTES";"Demais falhas mecânicas ou elétricas";"Queda de ocupante de veículo";"Com Vítimas Feridas";"Pleno dia";"Decrescente";"Céu Claro";"Dupla";"Reta";"Sim";1;0;1;0;0;0;1;1;-23,64870535;-46,84395469;"SPRF-SP";"DEL04-SP";"UOP01-DEL04-SP"
341458;2021-02-18;"quinta-feira";"16:40:00";"TO";153;676,5;"GURUPI";"Demais falhas na via";"Queda de ocupante de veículo";"Com Vítimas Feridas";"Pleno dia";"Decrescente";"Nublado";"Simples";"Declive";"Não";1;0;1;0;0;0;1;1;-11,76028512;-49,09631084;"SPRF-TO";"DEL01-TO";"UOP02-DEL01-TO"
341460;2021-02-18;"quinta-feira";"17:05:00";"SP";116;292;"ITAPECERICA DA SERRA";"Acumulo de óleo sobre o pavimento";"Tombamento";"Com Vítimas Feridas";"Pleno dia";"Crescente";"Céu Claro";"Simples";"Curva";"Não";1;0;1;0;0;0;1;1;-23,74581995;-46,90003027;"SPRF-SP";"DEL04-SP";"UOP01-DEL04-SP"
341463;2021-01-23;"sábado";"09:00:00";"BA";330;813,4;"JITAUNA";"Desrespeitar a preferência no cruzamento";"Colisão lateral";"Com Vítimas Feridas";"Pleno dia";"Decrescente";"Céu Claro";"Simples";"Curva";"Sim";3;0;0;1;2;0;1;2;-14,00984943;-39,89588438;"SPRF-BA";"DEL03-BA";"UOP01-DEL03-BA"
341468;2021-02-18;"quinta-feira";"18:00:00";"ES";101;393;"RIO NOVO DO SUL";"Desrespeitar a preferência no cruzamento";"Tombamento";"Com Vítimas Feridas";"Anoitecer";"Decrescente";"Chuva";"Simples";"Reta";"Não";1;0;1;0;0;0;1;1;-20,86733567;-40,90426608;"SPRF-ES";"DEL03-ES";"UOP02-DEL03-ES"
341470;2021-02-18;"quinta-feira";"16:00:00";"PR";376;591,6;"CURITIBA";"Reação tardia ou ineficiente do condutor";"Colisão traseira";"Sem Vítimas";"Pleno dia";"Crescente";"Céu Claro";"Dupla";"Reta";"Não";1;0;0;0;0;1;0;1;-25,45999605;-49,35895013;"SPRF-PR";"DEL01-PR";"UOP01-DEL01-PR"
341471;2021-01-18;"segunda-feira";"07:30:00";"BA";324;593;"CANDEIAS";"Condutor deixou de manter distância do veículo da frente";"Colisão traseira";"Sem Vítimas";"Pleno dia";"Decrescente";"Sol";"Dupla";"Reta";"Não";2;0;0;0;2;0;0;2;-12,69890302;-38,46419428;"SPRF-BA";"DEL01-BA";"UOP01-DEL01-BA"
341472;2021-02-18;"quinta-feira";"18:15:00";"SC";101;202,2;"SAO JOSE";"Trafegar com motocicleta (ou similar) entre as faixas";"Colisão lateral";"Com Vítimas Feridas";"Pleno dia";"Crescente";"Céu Claro";"Dupla";"Reta";"Sim";3;0;1;0;2;0;1;3;-27,55711595;-48,61897889;"SPRF-SC";"DEL01-SC";"UOP01-DEL01-SC"
341474;2021-02-18;"quinta-feira";"18:15:00";"RS";116;243;"SAO LEOPOLDO";"Reação tardia ou ineficiente do condutor";"Colisão traseira";"Com Vítimas Feridas";"Pleno dia";"Crescente";"Nublado";"Dupla";"Viaduto;Reta;Declive";"Sim";3;0;2;0;1;0;2;2;-29,73094591;-51,14956498;"SPRF-RS";"DEL01-RS";"UOP02-DEL01-RS"
341475;2021-02-18;"quinta-feira";"17:45:00";"DF";70;7;"BRASILIA";"Área urbana sem a presença de local apropriado para a travessia de pedestres";"Atropelamento de Pedestre";"Com Vítimas Feridas";"Anoitecer";"Crescente";"Nublado";"Dupla";"Reta";"Sim";4;0;1;2;1;0;3;2;-15,787601;-48,114429;"SPRF-DF";"DEL03-DF";"UOP02-DEL03-DF"
341480;2021-02-18;"quinta-feira";"19:00:00";"CE";222;10,1;"CAUCAIA";"Entrada inopinada do pedestre";"Atropelamento de Pedestre";"Com Vítimas Feridas";"Plena Noite";"Decrescente";"Céu Claro";"Múltipla";"Reta";"Sim";2;0;1;1;0;0;2;2;-3,76186908;-38,65413796;"SPRF-CE";"DEL01-CE";"UOP01-DEL01-CE"
341481;2021-02-18;"quinta-feira";"17:00:00";"GO";20;225;"POSSE";"Chuva";"Saída de leito carroçável";"Com Vítimas Feridas";"Pleno dia";"Decrescente";"Chuva";"Simples";"Curva";"Não";9;0;0;1;8;0;1;1;-14,153014;-46,325546;"SPRF-DF";"DEL02-DF";"UOP03-DEL02-DF"
341487;2021-02-18;"quinta-feira";"19:00:00";"BA";324;582;"CANDEIAS";"Condutor Dormindo";"Saída de leito carroçável";"Com Vítimas Feridas";"Plena Noite";"Crescente";"Céu Claro";"Dupla";"Curva";"Não";1;0;1;0;0;0;1;1;-12,60856603;-38,49390902;"SPRF-BA";"DEL01-BA";"UOP01-DEL01-BA"
341488;2021-01-29;"sexta-feira";"14:00:00";"BA";116;249;"TUCANO";"Manobra de mudança de faixa";"Colisão frontal";"Com Vítimas Feridas";"Pleno dia";"Decrescente";"Céu Claro";"Simples";"Reta";"Não";6;0;0;1;4;1;1;3;-10,76756888;-38,89819176;"SPRF-BA";"DEL07-BA";"UOP02-DEL07-BA"
341489;2021-01-14;"quinta-feira";"15:20:00";"BA";116;775,8;"PLANALTO";"Manobra de mudança de faixa";"Colisão lateral sentido oposto";"Com Vítimas Fatais";"Pleno dia";"Decrescente";"Céu Claro";"Simples";"Curva;Aclive";"Não";2;1;1;0;0;0;1;2;-14,664698;-40,463026;"SPRF-BA";"DEL08-BA";"UOP02-DEL08-BA"
341490;2021-02-18;"quinta-feira";"19:28:00";"SC";282;3,7;"FLORIANOPOLIS";"Condutor deixou de manter distância do veículo da frente";"Colisão traseira";"Com Vítimas Feridas";"Plena Noite";"Crescente";"Céu Claro";"Múltipla";"Curva";"Sim";2;0;0;1;1;0;1;2;-27,59953836;-48,6000663;"SPRF-SC";"DEL01-SC";"UOP01-DEL01-SC"
341491;2021-02-18;"quinta-feira";"19:15:00";"RS";101;1,8;"TORRES";"Ausência de reação do condutor";"Saída de leito carroçável";"Com Vítimas Feridas";"Plena Noite";"Decrescente";"Céu Claro";"Dupla";"Reta";"Sim";3;0;2;0;1;0;2;1;-29,315223;-49,773947;"SPRF-RS";"DEL03-RS";"UOP02-DEL03-RS"
341492;2021-02-18;"quinta-feira";"19:45:00";"PR";376;143;"PRESIDENTE CASTELO BRANCO";"Manobra de mudança de faixa";"Saída de leito carroçável";"Com Vítimas Feridas";"Plena Noite";"Decrescente";"Céu Claro";"Dupla";"Reta";"Não";2;0;0;1;1;0;1;1;-23,26518298;-52,16200896;"SPRF-PR";"DEL09-PR";"UOP02-DEL09-PR"
341494;2021-02-18;"quinta-feira";"19:10:00";"MT";163;750;"SORRISO";"Ausência de reação do condutor";"Atropelamento de Pedestre";"Com Vítimas Feridas";"Plena Noite";"Crescente";"Céu Claro";"Dupla";"Reta";"Sim";2;0;0;1;0;1;1;2;-12,67193506;-55,79367178;"SPRF-MT";"DEL06-MT";"UOP01-DEL06-MT"
341495;2021-01-14;"quinta-feira";"14:55:00";"BA";242;787;"BARREIRAS";"Manobra de mudança de faixa";"Colisão frontal";"Sem Vítimas";"Pleno dia";"Crescente";"Céu Claro";"Simples";"Curva";"Não";2;0;0;0;1;1;0;2;-12,13886925;-44,77232202;"SPRF-BA";"DEL10-BA";"UOP01-DEL10-BA"
341497;2021-02-18;"quinta-feira";"19:50:00";"SC";101;153;"PORTO BELO";"Velocidade Incompatível";"Queda de ocupante de veículo";"Com Vítimas Feridas";"Plena Noite";"Crescente";"Céu Claro";"Múltipla";"Reta";"Sim";1;0;1;0;0;0;1;1;-27,144717;-48,61063935;"SPRF-SC";"DEL04-SC";"UOP03-DEL04-SC"
341498;2021-02-18;"quinta-feira";"20:50:00";"GO";153;506,9;"APARECIDA DE GOIANIA";"Ausência de reação do condutor";"Saída de leito carroçável";"Com Vítimas Feridas";"Plena Noite";"Decrescente";"Nublado";"Simples";"Reta;Interseção de Vias;Declive";"Sim";1;0;1;0;0;0;1;1;-16,7633;-49,24;"SPRF-GO";"DEL01-GO";"UOP01-DEL01-GO"
341499;2021-02-18;"quinta-feira";"19:50:00";"SC";101;157,9;"PORTO BELO";"Ausência de reação do condutor";"Colisão lateral";"Com Vítimas Feridas";"Plena Noite";"Crescente";"Céu Claro";"Dupla";"Reta";"Sim";2;0;0;1;1;0;1;2;-27,181625;-48,6121179;"SPRF-SC";"DEL04-SC";"UOP03-DEL04-SC"
341500;2021-02-18;"quinta-feira";"17:50:00";"RS";290;19,9;"SANTO ANTONIO DA PATRULHA";"Mal súbito do condutor";"Saída de leito carroçável";"Com Vítimas Feridas";"Pleno dia";"Decrescente";"Nublado";"Dupla";"Reta";"Não";1;0;1;0;0;0;1;1;-29,884407;-50,444893;"SPRF-RS";"DEL03-RS";"UOP01-DEL03-RS"
341501;2021-02-18;"quinta-feira";"19:00:00";"RS";290;4,5;"OSORIO";"Conversão proibida";"Colisão transversal";"Com Vítimas Feridas";"Anoitecer";"Decrescente";"Céu Claro";"Múltipla";"Reta";"Sim";4;0;2;0;2;0;2;2;-29,898134;-50,31419;"SPRF-RS";"DEL03-RS";"UOP01-DEL03-RS"
341502;2021-02-18;"quinta-feira";"21:20:00";"RN";101;72,6;"EXTREMOZ";"Animais na Pista";"Atropelamento de Animal";"Sem Vítimas";"Plena Noite";"Crescente";"Céu Claro";"Simples";"Aclive";"Não";1;0;0;0;1;0;0;1;-5,69866248;-35,26316835;"SPRF-RN";"DEL02-RN";"UOP01-DEL02-RN"
341503;2021-02-18;"quinta-feira";"21:30:00";"RS";116;268,1;"CANOAS";"Ingestão de álcool pelo condutor";"Colisão traseira";"Sem Vítimas";"Plena Noite";"Crescente";"Céu Claro";"Dupla";"Reta";"Sim";2;0;0;0;2;0;0;2;-29,95042502;-51,17652939;"SPRF-RS";"DEL01-RS";"UOP01-DEL01-RS"
341504;2021-02-18;"quinta-feira";"19:00:00";"RS";471;160,5;"RIO PARDO";"Desrespeitar a preferência no cruzamento";"Colisão transversal";"Com Vítimas Feridas";"Plena Noite";"Crescente";"Nublado";"Simples";"Interseção de Vias";"Não";2;0;2;0;0;0;2;2;-29,8654701;-52,39065528;"SPRF-RS";"DEL02-RS";"UOP03-DEL02-RS"
341506;2021-02-18;"quinta-feira";"21:25:00";"CE";20;420;"MARACANAU";"Transitar na contramão";"Colisão frontal";"Com Vítimas Feridas";"Plena Noite";"Crescente";"Céu Claro";"Múltipla";"Reta";"Não";2;0;1;0;1;0;1;2;-3,76999035;-38,67006282;"SPRF-CE";"DEL01-CE";"UOP02-DEL01-CE"
341507;2021-02-18;"quinta-feira";"20:30:00";"BA";407;222;"CAPIM GROSSO";"Animais na Pista";"Atropelamento de Animal";"Com Vítimas Feridas";"Plena Noite";"Crescente";"Garoa/Chuvisco";"Simples";"Reta";"Não";2;0;2;0;0;0;2;1;-11,28824597;-40,02096672;"SPRF-BA";"DEL04-BA";"UOP02-DEL04-BA"
341508;2021-02-04;"quinta-feira";"09:05:00";"SC";101;145,5;"ITAPEMA";"Condutor deixou de manter distância do veículo da frente";"Colisão traseira";"Com Vítimas Feridas";"Pleno dia";"Decrescente";"Sol";"Dupla";"Reta";"Não";6;0;2;0;4;0;2;4;-27,08139206;-48,60130993;"SPRF-SC";"DEL04-SC";"UOP03-DEL04-SC"
341509;2021-02-18;"quinta-feira";"20:00:00";"SC";116;138,2;"SANTA CECILIA";"Desrespeitar a preferência no cruzamento";"Colisão transversal";"Com Vítimas Feridas";"Plena Noite";"Decrescente";"Céu Claro";"Simples";"Reta";"Não";3;0;3;0;0;0;3;2;-26,95365013;-50,42351412;"SPRF-SC";"DEL06-SC";"UOP02-DEL06-SC"
341510;2021-02-18;"quinta-feira";"16:10:00";"RO";364;14;"VILHENA";"Frear bruscamente";"Tombamento";"Com Vítimas Feridas";"Pleno dia";"Decrescente";"Nublado";"Simples";"Interseção de Vias";"Sim";1;0;1;0;0;0;1;1;-12,73898138;-60,13911417;"SPRF-RO";"DEL04-RO";"UOP01-DEL04-RO"
341512;2021-02-18;"quinta-feira";"18:20:00";"RO";364;340,8;"JI-PARANA";"Condutor desrespeitou a iluminação vermelha do semáforo";"Colisão transversal";"Com Vítimas Feridas";"Anoitecer";"Crescente";"Céu Claro";"Dupla";"Interseção de Vias";"Sim";3;0;1;0;1;1;1;3;-10,89267962;-61,9307363;"SPRF-RO";"DEL02-RO";"UOP01-DEL02-RO"
341514;2021-02-18;"quinta-feira";"22:20:00";"PR";277;75;"SAO JOSE DOS PINHAIS";"Demais falhas mecânicas ou elétricas";"Queda de ocupante de veículo";"Com Vítimas Feridas";"Plena Noite";"Crescente";"Céu Claro";"Dupla";"Reta";"Sim";1;0;1;0;0;0;1;1;-25,51327981;-49,12433291;"SPRF-PR";"DEL01-PR";"UOP01-DEL01-PR"
341515;2021-02-18;"quinta-feira";"23:00:00";"MG";381;491;"BETIM";"Condutor deixou de manter distância do veículo da frente";"Colisão traseira";"Com Vítimas Feridas";"Plena Noite";"Crescente";"Nublado";"Dupla";"Reta";"Sim";2;0;1;0;1;0;1;2;-19,97018187;-44,18210416;"SPRF-MG";"DEL01-MG";"UOP03-DEL01-MG"
341519;2021-02-18;"quinta-feira";"23:12:00";"SC";101;142,7;"ITAPEMA";"Animais na Pista";"Atropelamento de Animal";"Com Vítimas Feridas";"Plena Noite";"Crescente";"Céu Claro";"Múltipla";"Reta";"Sim";1;0;0;1;0;0;1;1;-27,056089;-48,599449;"SPRF-SC";"DEL04-SC";"UOP03-DEL04-SC"
341520;2021-02-18;"quinta-feira";"22:40:00";"SC";163;79,3;"GUARACIABA";"Pista esburacada";"Tombamento";"Com Vítimas Feridas";"Plena Noite";"Decrescente";"Céu Claro";"Simples";"Reta";"Não";1;0;0;1;0;0;1;1;-26,65911819;-53,51816757;"SPRF-SC";"DEL07-SC";"UOP03-DEL07-SC"
341521;2021-02-18;"quinta-feira";"19:40:00";"RJ";40;62;"PETROPOLIS";"Chuva";"Saída de leito carroçável";"Com Vítimas Feridas";"Plena Noite";"Crescente";"Chuva";"Dupla";"Curva";"Não";2;0;1;0;1;0;1;2;-22,40888611;-43,14897537;"SPRF-RJ";"DEL05-RJ";"UOP02-DEL05-RJ"
341522;2021-02-18;"quinta-feira";"23:50:00";"SP";153;43,7;"ONDA VERDE";"Velocidade Incompatível";"Colisão traseira";"Com Vítimas Feridas";"Plena Noite";"Decrescente";"Céu Claro";"Simples";"Reta";"Não";5;0;4;1;0;0;5;2;-20,64603812;-49,34057054;"SPRF-SP";"DEL09-SP";"UOP01-DEL09-SP"
341525;2021-02-18;"quinta-feira";"23:30:00";"PE";232;112;"BEZERROS";"Curva acentuada";"Saída de leito carroçável";"Com Vítimas Feridas";"Plena Noite";"Crescente";"Céu Claro";"Dupla";"Retorno Regulamentado";"Não";1;0;1;0;0;0;1;1;-8,29729696;-35,83146101;"SPRF-PE";"DEL02-PE";"UOP03-DEL02-PE"
341527;2021-02-18;"quinta-feira";"23:10:00";"MS";163;251;"DOURADOS";"Animais na Pista";"Atropelamento de Animal";"Com Vítimas Feridas";"Plena Noite";"Decrescente";"Céu Claro";"Simples";"Reta";"Não";1;0;1;0;0;0;1;1;-22,29688701;-54,82117014;"SPRF-MS";"DEL04-MS";"UOP01-DEL04-MS"
341530;2021-02-18;"quinta-feira";"21:40:00";"RS";470;157;"NOVA PRATA";"Transitar na contramão";"Colisão frontal";"Com Vítimas Fatais";"Plena Noite";"Decrescente";"Céu Claro";"Simples";"Curva";"Não";3;1;0;2;0;0;2;2;-28,79507068;-51,61584453;"SPRF-RS";"DEL06-RS";"UOP02-DEL06-RS"
341534;2021-02-19;"sexta-feira";"01:00:00";"MT";174;290,7;"PONTES E LACERDA";"Ausência de reação do condutor";"Saída de leito carroçável";"Sem Vítimas";"Plena Noite";"Decrescente";"Nublado";"Dupla";"Curva";"Não";1;0;0;0;0;1;0;1;-15,2153550446;-59,320074342;"SPRF-MT";"DEL04-MT";"UOP01-DEL04-MT"
341538;2021-02-18;"quinta-feira";"19:30:00";"MG";381;543,5;"ITATIAIUCU";"Velocidade Incompatível";"Queda de ocupante de veículo";"Com Vítimas Feridas";"Plena Noite";"Crescente";"Ignorado";"Dupla";"Curva";"Não";1;0;1;0;0;0;1;1;-20,27336801;-44,42585498;"SPRF-MG";"DEL04-MG";"UOP03-DEL04-MG"
341539;2021-02-06;"sábado";"16:30:00";"GO";414;331,3;"COCALZINHO DE GOIAS";"Acumulo de água sobre o pavimento";"Saída de leito carroçável";"Com Vítimas Feridas";"Pleno dia";"Decrescente";"Chuva";"Simples";"Curva;Declive";"Não";3;0;3;0;0;0;3;1;-15,580993;-48,628662;"SPRF-GO";"DEL02-GO";"UOP01-DEL02-GO"
341541;2021-02-18;"quinta-feira";"23:25:00";"GO";60;392;"RIO VERDE";"Animais na Pista";"Queda de ocupante de veículo";"Com Vítimas Feridas";"Plena Noite";"Decrescente";"Céu Claro";"Dupla";"Reta;Declive";"Não";1;0;1;0;0;0;1;1;-17,8266;-50,9789;"SPRF-GO";"DEL04-GO";"UOP01-DEL04-GO"
341544;2021-02-19;"sexta-feira";"04:35:00";"PB";230;16,7;"JOAO PESSOA";"Transitar na contramão";"Colisão frontal";"Com Vítimas Fatais";"Amanhecer";"Decrescente";"Céu Claro";"Dupla";"Reta";"Sim";3;1;0;0;1;1;0;3;-7,1039;-34,8458;"SPRF-PB";"DEL01-PB";"UOP01-DEL01-PB"
341546;2021-02-19;"sexta-feira";"03:30:00";"SP";116;507;"CAJATI";"Demais falhas mecânicas ou elétricas";"Incêndio";"Sem Vítimas";"Plena Noite";"Decrescente";"Nevoeiro/Neblina";"Dupla";"Declive";"Não";2;0;0;0;2;0;0;1;-24,805288;-48,214966;"SPRF-SP";"DEL05-SP";"UOP02-DEL05-SP"
341548;2021-02-18;"quinta-feira";"19:00:00";"ES";259;37;"COLATINA";"Ausência de reação do condutor";"Atropelamento de Pedestre";"Com Vítimas Feridas";"Plena Noite";"Decrescente";"Nublado";"Simples";"Reta";"Não";2;0;0;1;0;1;1;2;-19,5560514;-40,51007532;"SPRF-ES";"DEL02-ES";"UOP01-DEL02-ES"
341549;2021-02-19;"sexta-feira";"05:00:00";"AL";101;79,1;"RIO LARGO";"Condutor Dormindo";"Tombamento";"Com Vítimas Feridas";"Pleno dia";"Crescente";"Céu Claro";"Dupla";"Curva";"Não";1;0;1;0;0;0;1;1;-9,440261;-35,836445;"SPRF-AL";"DEL01-AL";"UOP01-DEL01-AL"
341553;2021-02-19;"sexta-feira";"06:00:00";"PR";376;167;"MARINGA";"Animais na Pista";"Colisão com objeto";"Com Vítimas Feridas";"Amanhecer";"Crescente";"Céu Claro";"Dupla";"Reta";"Não";1;0;1;0;0;0;1;1;-23,40324167;-51,99632075;"SPRF-PR";"DEL09-PR";"UOP01-DEL09-PR"