"id";"data_inversa";"dia_semana";"horario";"uf";"br";"km";"municipio";"causa_acidente";"tipo_acidente";"classificacao_acidente";"fase_dia";"sentido_via";"condicao_metereologica";"tipo_pista";"tracado_via";"uso_solo";"pessoas";"mortos";"feridos_leves";"feridos_graves";"ilesos";"ignorados";"feridos";"veiculos";"latitude";"longitude";"regional";"delegacia";"uop"
341556;2021-02-19;"sexta-feira";"06:50:00";"PR";376;177,5;"MARINGA";"Reação tardia ou ineficiente do condutor";"Atropelamento de Pedestre";"Com Vítimas Feridas";"Pleno dia";"Decrescente";"Céu Claro";"Dupla";"Interseção de Vias";"Sim";3;0;1;1;0;1;2;2;-23,41595855;-51,92226484;"SPRF-PR";"DEL09-PR";"UOP01-DEL09-PR"
341558;2021-02-19;"sexta-feira";"06:05:00";"MS";60;430,3;"SIDROLANDIA";"Ausência de reação do condutor";"Colisão traseira";"Com Vítimas Feridas";"Pleno dia";"Crescente";"Céu Claro";"Simples";"Reta";"Não";2;0;0;1;1;0;1;2;-20,96803898;-54,96949997;"SPRF-MS";"DEL01-MS";"UOP04-DEL01-MS"
341562;2021-02-05;"sexta-feira";"21:10:00";"TO";153;190,3;"NOVA OLINDA";"Velocidade Incompatível";"Tombamento";"Com Vítimas Feridas";"Plena Noite";"Decrescente";"Nublado";"Simples";"Reta";"Não";1;0;0;1;0;0;1;1;-7,55957102;-48,42004379;"SPRF-TO";"DEL02-TO";"UOP01-DEL02-TO"
341563;2021-02-02;"terça-feira";"18:10:00";"PR";476;126;"CURITIBA";"Condutor deixou de manter distância do veículo da frente";"Colisão traseira";"Com Vítimas Feridas";"Anoitecer";"Decrescente";"Chuva";"Múltipla";"Em Obras";"Sim";2;0;1;0;1;0;1;2;-25,4083;-49,219658;"SPRF-PR";"DEL01-PR";"UOP03-DEL01-PR"
341566;2021-02-19;"sexta-feira";"07:40:00";"CE";116;20;"EUSEBIO";"Condutor deixou de manter distância do veículo da frente";"Engavetamento";"Com Vítimas Feridas";"Pleno dia";"Decrescente";"Céu Claro";"Dupla";"Reta";"Sim";4;0;1;0;2;1;1;3;-3,92277497;-38,50762327;"SPRF-CE";"DEL01-CE";"UOP02-DEL01-CE"
341568;2021-02-19;"sexta-feira";"07:40:00";"PR";476;144;"CURITIBA";"Ausência de reação do condutor";"Colisão traseira";"Com Vítimas Feridas";"Pleno dia";"Decrescente";"Céu Claro";"Dupla";"Reta";"Sim";2;0;1;0;1;0;1;2;-25,542501;-49,313011;"SPRF-PR";"DEL01-PR";"UOP03-DEL01-PR"
341569;2021-02-18;"quinta-feira";"23:40:00";"MT";70;300;"POXOREO";"Condutor Dormindo";"Saída de leito carroçável";"Com Vítimas Feridas";"Plena Noite";"Crescente";"Nublado";"Simples";"Reta";"Não";1;0;0;1;0;0;1;1;-15,57911988;-54,47201099;"SPRF-MT";"DEL05-MT";"UOP01-DEL05-MT"
341571;2021-02-19;"sexta-feira";"07:50:00";"SC";116;7,2;"MAFRA";"Acessar a via sem observar a presença dos outros veículos";"Colisão transversal";"Com Vítimas Feridas";"Pleno dia";"Crescente";"Nublado";"Simples";"Reta";"Sim";2;0;1;0;1;0;1;2;-26,15308817;-49,83291149;"SPRF-SC";"DEL06-SC";"UOP01-DEL06-SC"
341574;2021-02-19;"sexta-feira";"08:25:00";"PR";369;147,2;"LONDRINA";"Frear bruscamente";"Queda de ocupante de veículo";"Com Vítimas Feridas";"Pleno dia";"Crescente";"Céu Claro";"Dupla";"Reta";"Sim";1;0;1;0;0;0;1;1;-23,29525046;-51,13592669;"SPRF-PR";"DEL07-PR";"UOP01-DEL07-PR"
341576;2021-02-19;"sexta-feira";"08:15:00";"SC";470;81,8;"RODEIO";"Velocidade Incompatível";"Colisão transversal";"Com Vítimas Feridas";"Pleno dia";"Decrescente";"Sol";"Simples";"Aclive;Curva";"Não";2;0;1;0;1;0;1;2;-26,950367;-49,325638;"SPRF-SC";"DEL04-SC";"UOP01-DEL04-SC"
341577;2021-02-19;"sexta-feira";"07:50:00";"PR";376;170,5;"MARINGA";"Ausência de reação do condutor";"Tombamento";"Com Vítimas Feridas";"Pleno dia";"Crescente";"Sol";"Dupla";"Reta";"Sim";1;0;1;0;0;0;1;1;-23,41828166;-51,99022293;"SPRF-PR";"DEL09-PR";"UOP01-DEL09-PR"
341578;2021-02-19;"sexta-feira";"07:12:00";"ES";262;77;"DOMINGOS MARTINS";"Condutor Dormindo";"Colisão com objeto";"Sem Vítimas";"Pleno dia";"Decrescente";"Chuva";"Simples";"Ponte";"Não";1;0;0;0;1;0;0;1;-20,40832649;-40,91604228;"SPRF-ES";"DEL01-ES";"UOP02-DEL01-ES"
341580;2021-02-19;"sexta-feira";"08:12:00";"PE";101;53,3;"PAULISTA";"Condutor Dormindo";"Saída de leito carroçável";"Com Vítimas Feridas";"Pleno dia";"Decrescente";"Céu Claro";"Múltipla";"Curva";"Sim";1;0;0;1;0;0;1;1;-7,93124094;-34,90068606;"SPRF-PE";"DEL01-PE";"UOP02-DEL01-PE"
341581;2021-02-19;"sexta-feira";"06:50:00";"RO";429;55;"PRESIDENTE MEDICI";"Pista esburacada";"Tombamento";"Com Vítimas Feridas";"Amanhecer";"Crescente";"Nublado";"Simples";"Reta";"Não";1;0;1;0;0;0;1;1;-11,20113706;-62,027091;"SPRF-RO";"DEL02-RO";"UOP03-DEL02-RO"
341586;2021-02-19;"sexta-feira";"08:20:00";"PR";369;195,5;"ARAPONGAS";"Demais falhas mecânicas ou elétricas";"Tombamento";"Com Vítimas Feridas";"Pleno dia";"Decrescente";"Céu Claro";"Dupla";"Reta";"Não";1;0;1;0;0;0;1;1;-23,4996357;-51,42367554;"SPRF-PR";"DEL07-PR";"UOP03-DEL07-PR"
341587;2021-02-19;"sexta-feira";"07:40:00";"SP";116;58,2;"GUARATINGUETA";"Velocidade Incompatível";"Colisão frontal";"Com Vítimas Feridas";"Pleno dia";"Decrescente";"Céu Claro";"Dupla";"Curva;Aclive";"Não";4;0;1;0;3;0;1;2;-22,78005511;-45,14572791;"SPRF-SP";"DEL08-SP";"UOP01-DEL08-SP"
341588;2021-01-30;"sábado";"19:40:00";"PR";116;86;"PIRAQUARA";"Pedestre cruzava a pista fora da faixa";"Atropelamento de Pedestre";"Com Vítimas Fatais";"Plena Noite";"Crescente";"Céu Claro";"Dupla";"Reta";"Não";2;1;0;0;1;0;0;2;-25,43479327;-49,08939973;"SPRF-PR";"DEL01-PR";"UOP01-DEL01-PR"
341589;2021-01-29;"sexta-feira";"16:45:00";"SC";470;70,8;"INDAIAL";"Ultrapassagem Indevida";"Colisão transversal";"Com Vítimas Feridas";"Pleno dia";"Crescente";"Chuva";"Simples";"Reta";"Não";3;0;1;1;1;0;2;2;-26,889374;-49,254478;"SPRF-SC";"DEL04-SC";"UOP01-DEL04-SC"
341590;2021-02-19;"sexta-feira";"06:45:00";"RJ";40;115;"DUQUE DE CAXIAS";"Transitar no acostamento";"Colisão traseira";"Com Vítimas Feridas";"Pleno dia";"Crescente";"Nublado";"Dupla";"Reta";"Não";3;0;2;1;0;0;3;2;-22,72756999;-43,2891609;"SPRF-RJ";"DEL01-RJ";"UOP01-DEL01-RJ"
341593;2021-02-19;"sexta-feira";"09:30:00";"MG";40;749,7;"SANTOS DUMONT";"Mal súbito do condutor";"Colisão com objeto";"Com Vítimas Feridas";"Pleno dia";"Decrescente";"Nublado";"Simples";"Curva";"Sim";1;0;0;1;0;0;1;1;-21,447874;-43,55738803;"SPRF-MG";"DEL05-MG";"UOP01-DEL05-MG"
341595;2021-02-19;"sexta-feira";"08:30:00";"GO";40;62;"CRISTALINA";"Chuva";"Queda de ocupante de veículo";"Com Vítimas Feridas";"Pleno dia";"Crescente";"Chuva";"Simples";"Reta";"Não";1;0;1;0;0;0;1;1;-16,541494;-47,794882;"SPRF-DF";"DEL01-DF";"UOP02-DEL01-DF"
341599;2021-01-14;"quinta-feira";"20:00:00";"PE";407;107,1;"PETROLINA";"Ingestão de álcool pelo condutor";"Queda de ocupante de veículo";"Com Vítimas Fatais";"Plena Noite";"Crescente";"Céu Claro";"Simples";"Reta";"Não";1;1;0;0;0;0;0;1;-9,23653808;-40,61900614;"SPRF-PE";"DEL06-PE";"UOP02-DEL06-PE"
341600;2021-02-19;"sexta-feira";"09:25:00";"SC";101;71,2;"ARAQUARI";"Condutor deixou de manter distância do veículo da frente";"Colisão traseira";"Com Vítimas Feridas";"Pleno dia";"Crescente";"Céu Claro";"Dupla";"Reta";"Não";3;0;1;0;2;0;1;3;-26,51864822;-48,71874636;"SPRF-SC";"DEL03-SC";"UOP02-DEL03-SC"
341602;2021-02-19;"sexta-feira";"09:35:00";"PR";116;121;"CURITIBA";"Trafegar com motocicleta (ou similar) entre as faixas";"Queda de ocupante de veículo";"Com Vítimas Feridas";"Pleno dia";"Crescente";"Céu Claro";"Dupla";"Reta";"Sim";1;0;1;0;0;0;1;1;-25,5599323;-49,30743945;"SPRF-PR";"DEL01-PR";"UOP03-DEL01-PR"
341603;2021-02-19;"sexta-feira";"09:45:00";"PB";230;132,9;"MASSARANDUBA";"Avarias e/ou desgaste excessivo no pneu";"Saída de leito carroçável";"Com Vítimas Feridas";"Pleno dia";"Crescente";"Céu Claro";"Dupla";"Curva";"Não";2;0;1;0;1;0;1;1;-7,2774;-35,7367;"SPRF-PB";"DEL02-PB";"UOP01-DEL02-PB"
341606;2021-02-19;"sexta-feira";"09:30:00";"PR";476;131;"CURITIBA";"Ausência de reação do condutor";"Colisão traseira";"Sem Vítimas";"Pleno dia";"Decrescente";"Céu Claro";"Dupla";"Reta";"Sim";3;0;0;0;3;0;0;2;-25,460725;-49,250184;"SPRF-PR";"DEL01-PR";"UOP03-DEL01-PR"
341607;2021-02-19;"sexta-feira";"09:45:00";"CE";222;312,4;"TIANGUA";"Pedestre andava na pista";"Atropelamento de Pedestre";"Com Vítimas Feridas";"Pleno dia";"Decrescente";"Céu Claro";"Simples";"Reta";"Sim";2;0;1;0;1;0;1;2;-3,71699311;-40,9914242;"SPRF-CE";"DEL04-CE";"UOP02-DEL04-CE"
341608;2021-02-19;"sexta-feira";"10:30:00";"PE";232;544;"TERRA NOVA";"Acessar a via sem observar a presença dos outros veículos";"Colisão traseira";"Com Vítimas Feridas";"Pleno dia";"Decrescente";"Céu Claro";"Simples";"Reta";"Não";2;0;0;1;1;0;1;2;-8,0868952;-39,43951012;"SPRF-PE";"DEL05-PE";"UOP01-DEL05-PE"
341609;2021-02-19;"sexta-feira";"09:30:00";"RN";101;85;"NATAL";"Condutor deixou de manter distância do veículo da frente";"Colisão traseira";"Com Vítimas Feridas";"Pleno dia";"Crescente";"Sol";"Dupla";"Ponte";"Sim";2;0;1;0;0;1;1;2;-5,777664;-35,24937;"SPRF-RN";"DEL02-RN";"UOP01-DEL02-RN"
341612;2021-02-18;"quinta-feira";"18:17:00";"PR";277;637;"CEU AZUL";"Desrespeitar a preferência no cruzamento";"Colisão transversal";"Com Vítimas Feridas";"Anoitecer";"Crescente";"Céu Claro";"Simples";"Interseção de Vias";"Sim";2;0;1;0;1;0;1;2;-25,15127997;-53,84435289;"SPRF-PR";"DEL05-PR";"UOP02-DEL05-PR"
341613;2021-02-19;"sexta-feira";"10:45:00";"PR";376;546,7;"PALMEIRA";"Velocidade Incompatível";"Capotamento";"Com Vítimas Feridas";"Pleno dia";"Decrescente";"Céu Claro";"Dupla";"Reta";"Não";2;0;0;2;0;0;2;1;-25,45305085;-49,7368738;"SPRF-PR";"DEL01-PR";"UOP03-DEL03-PR"
341614;2021-02-19;"sexta-feira";"11:05:00";"RS";386;248;"SOLEDADE";"Condutor deixou de manter distância do veículo da frente";"Engavetamento";"Com Vítimas Feridas";"Pleno dia";"Crescente";"Céu Claro";"Simples";"Reta";"Sim";5;0;1;0;4;0;1;5;-28,817902;-52,484734;"SPRF-RS";"DEL04-RS";"UOP03-DEL04-RS"
341615;2021-02-19;"sexta-feira";"11:25:00";"SP";153;73;"SAO JOSE DO RIO PRETO";"Avarias e/ou desgaste excessivo no pneu";"Tombamento";"Com Vítimas Feridas";"Pleno dia";"Crescente";"Céu Claro";"Dupla";"Reta";"Sim";1;0;1;0;0;0;1;1;-20,87627206;-49,42004692;"SPRF-SP";"DEL09-SP";"UOP01-DEL09-SP"
341617;2021-02-19;"sexta-feira";"10:30:00";"RJ";356;63;"ITAPERUNA";"Avarias e/ou desgaste excessivo no pneu";"Saída de leito carroçável";"Com Vítimas Feridas";"Pleno dia";"Decrescente";"Chuva";"Simples";"Curva";"Não";1;0;1;0;0;0;1;1;-21,339923;-41,710355;"SPRF-RJ";"DEL08-RJ";"UOP03-DEL08-RJ"
341618;2021-02-19;"sexta-feira";"09:45:00";"CE";20;202;"BOA VIAGEM";"Reação tardia ou ineficiente do condutor";"Atropelamento de Pedestre";"Com Vítimas Feridas";"Pleno dia";"Decrescente";"Céu Claro";"Simples";"Curva";"Sim";3;0;3;0;0;0;3;2;-5,13728811;-39,73839081;"SPRF-CE";"DEL02-CE";"UOP02-DEL02-CE"
341622;2021-02-19;"sexta-feira";"11:50:00";"MG";381;344;"BELA VISTA DE MINAS";"Velocidade Incompatível";"Saída de leito carroçável";"Com Vítimas Feridas";"Pleno dia";"Crescente";"Chuva";"Simples";"Reta";"Não";3;0;1;2;0;0;3;1;-19,85986781;-43,11280984;"SPRF-MG";"DEL03-MG";"UOP01-DEL03-MG"
341624;2021-02-19;"sexta-feira";"12:20:00";"MG";50;119;"UBERABA";"Velocidade Incompatível";"Saída de leito carroçável";"Com Vítimas Feridas";"Pleno dia";"Decrescente";"Céu Claro";"Dupla";"Reta";"Não";1;0;1;0;0;0;1;1;-19,29969201;-48,11376802;"SPRF-MG";"DEL13-MG";"UOP01-DEL13-MG"
341627;2021-02-19;"sexta-feira";"12:20:00";"RS";285;307;"PASSO FUNDO";"Velocidade Incompatível";"Saída de leito carroçável";"Com Vítimas Feridas";"Pleno dia";"Decrescente";"Céu Claro";"Simples";"Curva";"Não";1;0;1;0;0;0;1;1;-28,226831;-52,506958;"SPRF-RS";"DEL08-RS";"UOP03-DEL08-RS"
341628;2021-02-07;"domingo";"13:45:00";"SC";470;185;"POUSO REDONDO";"Acessar a via sem observar a presença dos outros veículos";"Colisão transversal";"Com Vítimas Feridas";"Pleno dia";"Crescente";"Céu Claro";"Simples";"Curva";"Não";3;0;1;2;0;0;3;2;-27,254034;-50,036575;"SPRF-SC";"DEL04-SC";"UOP02-DEL04-SC"
341631;2021-02-19;"sexta-feira";"12:50:00";"RN";101;176,3;"CANGUARETAMA";"Velocidade Incompatível";"Colisão com objeto";"Com Vítimas Feridas";"Pleno dia";"Crescente";"Céu Claro";"Dupla";"Declive";"Não";1;0;1;0;0;0;1;1;-6,50166475;-35,11200246;"SPRF-RN";"DEL01-RN";"UOP01-DEL01-RN"
341633;2021-02-19;"sexta-feira";"10:20:00";"RO";364;706;"PORTO VELHO";"Acumulo de água sobre o pavimento";"Saída de leito carroçável";"Com Vítimas Feridas";"Pleno dia";"Decrescente";"Chuva";"Dupla";"Curva";"Sim";1;0;1;0;0;0;1;1;-8,80030539;-63,823428;"SPRF-RO";"DEL01-RO";"UOP01-DEL01-RO"
341634;2021-02-18;"quinta-feira";"03:00:00";"MS";262;182;"RIBAS DO RIO PARDO";"Reação tardia ou ineficiente do condutor";"Tombamento";"Com Vítimas Feridas";"Plena Noite";"Decrescente";"Céu Claro";"Simples";"Reta";"Não";1;0;1;0;0;0;1;1;-20,41123522;-53,22613882;"SPRF-MS";"DEL07-MS";"UOP02-DEL07-MS"
341635;2021-02-04;"quinta-feira";"18:01:00";"SC";101;126;"ITAJAI";"Velocidade Incompatível";"Colisão traseira";"Com Vítimas Feridas";"Pleno dia";"Crescente";"Nublado";"Múltipla";"Reta";"Não";2;0;0;1;1;0;1;2;-26,95564404;-48,67978366;"SPRF-SC";"DEL04-SC";"UOP04-DEL04-SC"
341636;2021-02-19;"sexta-feira";"12:30:00";"TO";153;355;"FORTALEZA DO TABOCAO";"Avarias e/ou desgaste excessivo no pneu";"Saída de leito carroçável";"Com Vítimas Feridas";"Pleno dia";"Crescente";"Nublado";"Simples";"Reta";"Não";2;0;1;0;1;0;1;1;-9,02301795;-48,50307549;"SPRF-TO";"DEL02-TO";"UOP02-DEL02-TO"
341638;2021-02-10;"quarta-feira";"14:20:00";"MS";359;523,9;"LADARIO";"Acumulo de água sobre o pavimento";"Colisão frontal";"Com Vítimas Feridas";"Pleno dia";"Decrescente";"Chuva";"Simples";"Curva";"Não";3;0;1;2;0;0;3;2;-19,02177276;-57,61507992;"SPRF-MS";"DEL03-MS";"UOP03-DEL03-MS"
341640;2021-02-19;"sexta-feira";"14:00:00";"PE";101;3,9;"GOIANA";"Velocidade Incompatível";"Saída de leito carroçável";"Com Vítimas Feridas";"Pleno dia";"Decrescente";"Céu Claro";"Dupla";"Curva";"Não";1;0;1;0;0;0;1;1;-7,52387351;-34,99333161;"SPRF-PE";"DEL01-PE";"UOP02-DEL01-PE"
341642;2021-01-30;"sábado";"22:20:00";"BA";324;601;"SIMOES FILHO";"Velocidade Incompatível";"Colisão traseira";"Com Vítimas Feridas";"Plena Noite";"Crescente";"Céu Claro";"Dupla";"Reta";"Não";3;0;2;0;0;1;2;2;-12,75619292;-38,42803587;"SPRF-BA";"DEL01-BA";"UOP01-DEL01-BA"
341645;2021-02-19;"sexta-feira";"13:00:00";"RO";364;698;"PORTO VELHO";"Avarias e/ou desgaste excessivo no pneu";"Queda de ocupante de veículo";"Com Vítimas Feridas";"Pleno dia";"Decrescente";"Chuva";"Dupla";"Reta";"Não";1;0;1;0;0;0;1;1;-8,80051561;-63,75889778;"SPRF-RO";"DEL01-RO";"UOP01-DEL01-RO"
341647;2021-02-19;"sexta-feira";"14:45:00";"RS";287;252;"SANTA MARIA";"Acessar a via sem observar a presença dos outros veículos";"Colisão transversal";"Com Vítimas Feridas";"Pleno dia";"Crescente";"Céu Claro";"Simples";"Interseção de Vias";"Sim";3;0;3;0;0;0;3;2;-29,68894752;-53,89493465;"SPRF-RS";"DEL09-RS";"UOP01-DEL09-RS"
341648;2021-02-19;"sexta-feira";"14:50:00";"SC";101;139;"BALNEARIO CAMBORIU";"Desrespeitar a preferência no cruzamento";"Colisão transversal";"Com Vítimas Feridas";"Pleno dia";"Crescente";"Céu Claro";"Múltipla";"Interseção de Vias";"Sim";2;0;2;0;0;0;2;2;-27,02982303;-48,60115006;"SPRF-SC";"DEL04-SC";"UOP03-DEL04-SC"
341650;2021-02-19;"sexta-feira";"15:00:00";"ES";101;229;"FUNDAO";"Reação tardia ou ineficiente do condutor";"Atropelamento de Pedestre";"Com Vítimas Feridas";"Pleno dia";"Crescente";"Chuva";"Simples";"Reta";"Sim";3;0;2;0;1;0;2;2;-19,92727879;-40,40587142;"SPRF-ES";"DEL02-ES";"UOP01-DEL02-ES"
341651;2021-02-19;"sexta-feira";"13:45:00";"BA";101;717;"EUNAPOLIS";"Condutor desrespeitou a iluminação vermelha do semáforo";"Colisão transversal";"Com Vítimas Feridas";"Pleno dia";"Decrescente";"Nublado";"Simples";"Rotatória";"Sim";2;0;1;0;1;0;1;2;-16,36461542;-39,58107948;"SPRF-BA";"DEL09-BA";"UOP01-DEL09-BA"
341652;2021-02-19;"sexta-feira";"15:30:00";"PE";232;180;"BELO JARDIM";"Desrespeitar a preferência no cruzamento";"Colisão transversal";"Com Vítimas Feridas";"Pleno dia";"Crescente";"Céu Claro";"Simples";"Reta";"Sim";3;0;2;0;1;0;2;2;-8,34449745;-36,4288801;"SPRF-PE";"DEL02-PE";"UOP03-DEL02-PE"
341653;2021-02-19;"sexta-feira";"14:30:00";"SC";282;96,6;"ALFREDO WAGNER";"Condutor Dormindo";"Saída de leito carroçável";"Com Vítimas Feridas";"Pleno dia";"Crescente";"Céu Claro";"Simples";"Curva";"Não";2;0;1;0;1;0;1;1;-27,712412;-49,263622;"SPRF-SC";"DEL01-SC";"UOP03-DEL01-SC"
341654;2021-02-19;"sexta-feira";"14:00:00";"RJ";116;248,5;"PIRAI";"Avarias e/ou desgaste excessivo no pneu";"Capotamento";"Com Vítimas Feridas";"Pleno dia";"Crescente";"Nublado";"Dupla";"Curva";"Não";1;0;1;0;0;0;1;1;-22,59976123;-43,94042912;"SPRF-RJ";"DEL07-RJ";"UOP01-DEL07-RJ"
341655;2021-02-19;"sexta-feira";"15:35:00";"RS";470;214,5;"BENTO GONCALVES";"Reação tardia ou ineficiente do condutor";"Colisão traseira";"Com Vítimas Feridas";"Pleno dia";"Crescente";"Céu Claro";"Simples";"Reta;Aclive";"Sim";2;0;1;0;1;0;1;2;-29,15711354;-51,53093403;"SPRF-RS";"DEL06-RS";"UOP01-DEL06-RS"
341656;2021-02-19;"sexta-feira";"15:28:00";"RS";386;412,5;"MONTENEGRO";"Ingestão de álcool pelo condutor";"Colisão com objeto";"Com Vítimas Feridas";"Pleno dia";"Decrescente";"Céu Claro";"Dupla";"Reta";"Sim";2;0;1;0;1;0;1;1;-29,81128321;-51,49634426;"SPRF-RS";"DEL04-RS";"UOP02-DEL04-RS"
341661;2021-02-19;"sexta-feira";"15:15:00";"SP";116;482;"JACUPIRANGA";"Velocidade Incompatível";"Saída de leito carroçável";"Com Vítimas Feridas";"Pleno dia";"Crescente";"Céu Claro";"Dupla";"Curva";"Não";3;0;1;1;1;0;2;1;-24,72213327;-48,04339385;"SPRF-SP";"DEL05-SP";"UOP01-DEL05-SP"
341662;2021-02-19;"sexta-feira";"15:50:00";"PE";232;57,1;"POMBOS";"Acessar a via sem observar a presença dos outros veículos";"Colisão transversal";"Com Vítimas Feridas";"Pleno dia";"Crescente";"Céu Claro";"Dupla";"Reta;Retorno Regulamentado";"Sim";2;0;0;2;0;0;2;2;-8,1412132;-35,38181492;"SPRF-PE";"DEL02-PE";"UOP02-DEL02PE"
341663;2021-02-19;"sexta-feira";"15:30:00";"SC";101;142,3;"ITAPEMA";"Manobra de mudança de faixa";"Colisão lateral";"Com Vítimas Feridas";"Pleno dia";"Crescente";"Céu Claro";"Dupla";"Declive";"Sim";2;0;1;0;1;0;1;2;-27,056089;-48,599449;"SPRF-SC";"DEL04-SC";"UOP03-DEL04-SC"
341666;2021-02-19;"sexta-feira";"16:25:00";"GO";153;122,5;"ESTRELA DO NORTE";"Avarias e/ou desgaste excessivo no pneu";"Saída de leito carroçável";"Com Vítimas Feridas";"Pleno dia";"Crescente";"Chuva";"Simples";"Reta";"Não";1;0;1;0;0;0;1;1;-13,840469;-49,045723;"SPRF-GO";"DEL07-GO";"UOP01-DEL07-GO"
341667;2021-02-19;"sexta-feira";"15:30:00";"PR";116;63;"CAMPINA GRANDE DO SUL";"Manobra de mudança de faixa";"Colisão com objeto";"Sem Vítimas";"Pleno dia";"Crescente";"Nublado";"Dupla";"Curva";"Sim";1;0;0;0;1;0;0;1;-25,30777688;-48,98320998;"SPRF-PR";"DEL01-PR";"UOP02-DEL01-PR"
341668;2021-01-22;"sexta-feira";"22:40:00";"SP";116;489,8;"CAJATI";"Reação tardia ou ineficiente do condutor";"Colisão traseira";"Com Vítimas Feridas";"Plena Noite";"Decrescente";"Chuva";"Dupla";"Reta";"Sim";2;0;0;2;0;0;2;2;-24,73034183;-48,10760707;"SPRF-SP";"DEL05-SP";"UOP01-DEL05-SP"
341669;2021-02-19;"sexta-feira";"16:15:00";"RS";290;76;"GRAVATAI";"Falta de elemento de contenção que evite a saída do leito carroçável";"Saída de leito carroçável";"Com Vítimas Feridas";"Pleno dia";"Crescente";"Sol";"Dupla";"Reta";"Não";3;0;3;0;0;0;3;1;-29,956612;-51,017124;"SPRF-RS";"DEL01-RS";"UOP01-DEL01-RS"
341672;2021-02-19;"sexta-feira";"16:50:00";"GO";153;511,3;"APARECIDA DE GOIANIA";"Manobra de mudança de faixa";"Colisão lateral mesmo sentido";"Com Vítimas Feridas";"Pleno dia";"Crescente";"Céu Claro";"Múltipla";"Retorno Regulamentado";"Sim";4;0;0;2;2;0;2;3;-16,8067;-49,2394;"SPRF-GO";"DEL01-GO";"UOP03-DEL01-GO"
341673;2021-02-11;"quinta-feira";"16:05:00";"PR";369;95;"CORNELIO PROCOPIO";"Obras na pista";"Colisão com objeto";"Sem Vítimas";"Pleno dia";"Decrescente";"Nublado";"Simples";"Curva;Em Obras";"Não";1;0;0;0;1;0;0;1;-23,2332227;-50,6795454;"SPRF-PR";"DEL07-PR";"UOP01-DEL07-PR"
341674;2021-02-19;"sexta-feira";"16:40:00";"RJ";101;249;"RIO BONITO";"Acumulo de água sobre o pavimento";"Capotamento";"Sem Vítimas";"Pleno dia";"Decrescente";"Garoa/Chuvisco";"Dupla";"Reta";"Não";1;0;0;0;1;0;0;1;-22,66899692;-42,50868109;"SPRF-RJ";"DEL02-RJ";"UOP03-DEL02-RJ"
341678;2021-02-19;"sexta-feira";"16:00:00";"MG";381;490;"BETIM";"Trafegar com motocicleta (ou similar) entre as faixas";"Colisão transversal";"Com Vítimas Feridas";"Pleno dia";"Decrescente";"Céu Claro";"Dupla";"Reta";"Sim";3;0;1;0;2;0;1;2;-19,96502819;-44,17422195;"SPRF-MG";"DEL01-MG";"UOP03-DEL01-MG"
341679;2021-02-19;"sexta-feira";"16:34:00";"SC";101;134;"BALNEARIO CAMBORIU";"Manobra de mudança de faixa";"Colisão lateral mesmo sentido";"Com Vítimas Feridas";"Pleno dia";"Crescente";"Céu Claro";"Múltipla";"Reta";"Sim";2;0;0;1;1;0;1;2;-27,00218;-48,636433;"SPRF-SC";"DEL04-SC";"UOP03-DEL04-SC"
341680;2021-02-19;"sexta-feira";"16:15:00";"PB";101;86;"BAYEUX";"Avarias e/ou desgaste excessivo no pneu";"Queda de ocupante de veículo";"Com Vítimas Feridas";"Pleno dia";"Decrescente";"Céu Claro";"Dupla";"Declive";"Sim";1;0;1;0;0;0;1;1;-7,15118983;-34,91012184;"SPRF-PB";"DEL01-PB";"UOP01-DEL01-PB"
341682;2021-02-19;"sexta-feira";"12:30:00";"RR";174;571;"BOA VISTA";"Manobra de mudança de faixa";"Colisão frontal";"Com Vítimas Fatais";"Pleno dia";"Decrescente";"Céu Claro";"Simples";"Reta";"Não";2;1;0;0;0;1;0;2;3,360663;-60,874676;"SPRF-RR";"DEL01-RR";"UOP01-DEL01-RR"
341683;2021-02-19;"sexta-feira";"13:00:00";"PE";0;0;"SERTANIA";"Animais na Pista";"Colisão traseira";"Sem Vítimas";"Pleno dia";"Não Informado";"Céu Claro";"Simples";"Interseção de Vias";"Não";2;0;0;0;2;0;0;2;-8,08939746;-37,26541042;"SPRF-PE";"DEL03-PE";"UOP01-DEL03-PE"
341686;2021-02-19;"sexta-feira";"16:30:00";"MA";135;5;"SAO LUIS";"Condutor deixou de manter distância do veículo da frente";"Colisão traseira";"Sem Vítimas";"Pleno dia";"Decrescente";"Nublado";"Dupla";"Reta";"Sim";2;0;0;0;2;0;0;2;-2,62145385;-44,25797421;"SPRF-MA";"DEL01-MA";"UOP01-DEL01-MA"
341692;2021-02-19;"sexta-feira";"17:50:00";"SC";101;159,6;"PORTO BELO";"Condutor deixou de manter distância do veículo da frente";"Colisão traseira";"Com Vítimas Feridas";"Pleno dia";"Decrescente";"Céu Claro";"Dupla";"Reta";"Não";2;0;0;1;1;0;1;2;-27,1998778;-48,61534236;"SPRF-SC";"DEL04-SC";"UOP03-DEL04-SC"
341695;2021-02-19;"sexta-feira";"17:50:00";"PR";277;581,8;"CASCAVEL";"Pedestre andava na pista";"Atropelamento de Pedestre";"Com Vítimas Fatais";"Pleno dia";"Crescente";"Céu Claro";"Dupla";"Aclive";"Não";6;1;0;0;5;0;0;2;-24,98125257;-53,37778678;"SPRF-PR";"DEL04-PR";"UOP01-DEL04-PR"