"id";"data_inversa";"dia_semana";"horario";"uf";"br";"km";"municipio";"causa_acidente";"tipo_acidente";"classificacao_acidente";"fase_dia";"sentido_via";"condicao_metereologica";"tipo_pista";"tracado_via";"uso_solo";"pessoas";"mortos";"feridos_leves";"feridos_graves";"ilesos";"ignorados";"feridos";"veiculos";"latitude";"longitude";"regional";"delegacia";"uop"
341697;2021-02-19;"sexta-feira";"17:20:00";"SC";101;105;"PENHA";"Ingestão de álcool pelo condutor";"Colisão traseira";"Sem Vítimas";"Pleno dia";"Crescente";"Céu Claro";"Dupla";"Reta";"Não";2;0;0;0;2;0;0;2;-26,80215497;-48,67891041;"SPRF-SC";"DEL03-SC";"UOP02-DEL03-SC"
341698;2021-02-19;"sexta-feira";"17:10:00";"GO";153;434;"ANAPOLIS";"Acumulo de água sobre o pavimento";"Saída de leito carroçável";"Com Vítimas Feridas";"Pleno dia";"Crescente";"Chuva";"Dupla";"Aclive;Viaduto;Curva";"Sim";2;0;2;0;0;0;2;1;-16,275604;-48,967766;"SPRF-GO";"DEL02-GO";"UOP01-DEL02-GO"
341701;2021-02-19;"sexta-feira";"18:30:00";"PR";116;16,9;"CAMPINA GRANDE DO SUL";"Velocidade Incompatível";"Saída de leito carroçável";"Com Vítimas Feridas";"Pleno dia";"Decrescente";"Sol";"Dupla";"Curva";"Não";1;0;1;0;0;0;1;1;-25,09969807;-48,692225;"SPRF-PR";"DEL01-PR";"UOP02-DEL01-PR"
341702;2021-02-19;"sexta-feira";"18:35:00";"RJ";116;171,4;"SAO JOAO DE MERITI";"Manobra de mudança de faixa";"Colisão traseira";"Sem Vítimas";"Plena Noite";"Crescente";"Céu Claro";"Dupla";"Reta";"Sim";2;0;0;0;2;0;0;2;-22,77992613;-43,39342302;"SPRF-RJ";"DEL01-RJ";"UOP02-DEL01-RJ"
341704;2021-02-19;"sexta-feira";"18:30:00";"PR";376;160;"MARINGA";"Ausência de reação do condutor";"Saída de leito carroçável";"Sem Vítimas";"Anoitecer";"Crescente";"Céu Claro";"Dupla";"Reta;Aclive";"Não";1;0;0;0;1;0;0;1;-23,36838484;-52,06572891;"SPRF-PR";"DEL09-PR";"UOP01-DEL09-PR"
341705;2021-02-19;"sexta-feira";"18:00:00";"RS";392;13;"RIO GRANDE";"Acessar a via sem observar a presença dos outros veículos";"Colisão transversal";"Com Vítimas Feridas";"Pleno dia";"Decrescente";"Sol";"Múltipla";"Curva";"Sim";2;0;0;1;1;0;1;2;-32,12632387;-52,14931396;"SPRF-RS";"DEL07-RS";"UOP02-DEL07-RS"
341706;2021-02-19;"sexta-feira";"19:05:00";"RS";386;272,5;"FONTOURA XAVIER";"Conversão proibida";"Colisão transversal";"Com Vítimas Feridas";"Anoitecer";"Decrescente";"Céu Claro";"Simples";"Aclive;Reta";"Não";3;0;1;1;1;0;2;2;-28,98914;-52,366314;"SPRF-RS";"DEL04-RS";"UOP03-DEL04-RS"
341709;2021-02-19;"sexta-feira";"18:50:00";"PI";343;13,8;"PARNAIBA";"Ingestão de álcool pelo condutor";"Colisão traseira";"Sem Vítimas";"Plena Noite";"Crescente";"Céu Claro";"Dupla";"Reta";"Sim";2;0;0;0;2;0;0;2;-2,919029;-41,754124;"SPRF-PI";"DEL05-PI";"UOP01-DEL05-PI"
341710;2021-02-19;"sexta-feira";"14:10:00";"PR";153;4;"JACAREZINHO";"Ingestão de álcool pelo condutor";"Colisão traseira";"Com Vítimas Feridas";"Pleno dia";"Decrescente";"Céu Claro";"Simples";"Reta";"Não";3;0;1;0;2;0;1;2;-23,02699797;-49,91481404;"SPRF-PR";"DEL07-PR";"UOP04-DEL07-PR"
341712;2021-02-19;"sexta-feira";"17:40:00";"SP";381;32;"ATIBAIA";"Reação tardia ou ineficiente do condutor";"Colisão traseira";"Com Vítimas Feridas";"Pleno dia";"Crescente";"Céu Claro";"Dupla";"Reta";"Sim";2;0;1;0;1;0;1;2;-23,06461405;-46,57048121;"SPRF-SP";"DEL03-SP";"UOP01-DEL03-SP"
341713;2021-02-19;"sexta-feira";"19:30:00";"PR";376;201;"MANDAGUARI";"Avarias e/ou desgaste excessivo no pneu";"Queda de ocupante de veículo";"Com Vítimas Feridas";"Plena Noite";"Crescente";"Céu Claro";"Dupla";"Reta;Aclive";"Não";2;0;2;0;0;0;2;1;-23,50951388;-51,72140497;"SPRF-PR";"DEL09-PR";"UOP01-DEL09-PR"
341714;2021-01-26;"terça-feira";"21:45:00";"SP";116;444,7;"REGISTRO";"Acessar a via sem observar a presença dos outros veículos";"Colisão lateral";"Com Vítimas Feridas";"Plena Noite";"Decrescente";"Céu Claro";"Simples";"Declive";"Sim";2;0;1;0;1;0;1;2;-24,49129421;-47,83614553;"SPRF-SP";"DEL05-SP";"UOP01-DEL05-SP"
341715;2021-02-19;"sexta-feira";"19:15:00";"PB";101;83;"BAYEUX";"Velocidade Incompatível";"Saída de leito carroçável";"Sem Vítimas";"Plena Noite";"Decrescente";"Céu Claro";"Dupla";"Reta";"Sim";2;0;0;0;1;1;0;1;-7,1337703;-34,92963914;"SPRF-PB";"DEL01-PB";"UOP01-DEL01-PB"
341717;2021-02-19;"sexta-feira";"19:00:00";"BA";324;623;"SALVADOR";"Velocidade Incompatível";"Colisão traseira";"Com Vítimas Feridas";"Plena Noite";"Decrescente";"Céu Claro";"Múltipla";"Reta";"Sim";3;0;2;0;0;1;2;2;-12,92628699;-38,46838679;"SPRF-BA";"DEL01-BA";"UOP01-DEL01-BA"
341720;2021-02-19;"sexta-feira";"19:00:00";"RN";110;7,8;"AREIA BRANCA";"Animais na Pista";"Atropelamento de Animal";"Com Vítimas Feridas";"Plena Noite";"Decrescente";"Céu Claro";"Simples";"Reta";"Não";3;0;2;0;1;0;2;1;-4,9755507;-37,08623;"SPRF-RN";"DEL04-RN";"UOP01-DEL04-RN"
341721;2021-02-19;"sexta-feira";"19:10:00";"SC";101;125,7;"ITAJAI";"Trafegar com motocicleta (ou similar) entre as faixas";"Colisão lateral";"Com Vítimas Feridas";"Plena Noite";"Crescente";"Céu Claro";"Múltipla";"Reta;Viaduto";"Não";3;0;2;0;1;0;2;2;-26,94802427;-48,68338515;"SPRF-SC";"DEL04-SC";"UOP04-DEL04-SC"
341722;2021-02-19;"sexta-feira";"16:30:00";"SC";470;103,9;"APIUNA";"Velocidade Incompatível";"Saída de leito carroçável";"Com Vítimas Feridas";"Pleno dia";"Crescente";"Sol";"Simples";"Curva";"Não";1;0;0;1;0;0;1;1;-27,064796;-49,401424;"SPRF-SC";"DEL04-SC";"UOP02-DEL04-SC"
341723;2021-02-19;"sexta-feira";"14:30:00";"MG";40;19;"PARACATU";"Reação tardia ou ineficiente do condutor";"Saída de leito carroçável";"Com Vítimas Feridas";"Pleno dia";"Crescente";"Chuva";"Simples";"Curva";"Não";2;0;2;0;0;0;2;1;-17,10842562;-47,0178787;"SPRF-MG";"DEL14-MG";"UOP01-DEL14-MG"
341724;2021-02-19;"sexta-feira";"19:50:00";"DF";251;23,4;"BRASILIA";"Acumulo de água sobre o pavimento";"Saída de leito carroçável";"Com Vítimas Feridas";"Plena Noite";"Decrescente";"Nublado";"Simples";"Declive";"Não";1;0;1;0;0;0;1;1;-15,961851;-47,663284;"SPRF-DF";"DEL01-DF";"UOP01-DEL01-DF"
341725;2021-02-19;"sexta-feira";"16:45:00";"TO";153;386;"RIO DOS BOIS";"Chuva";"Capotamento";"Com Vítimas Feridas";"Pleno dia";"Crescente";"Chuva";"Simples";"Curva";"Não";1;0;1;0;0;0;1;1;-9,29692089;-48,55327785;"SPRF-TO";"DEL02-TO";"UOP02-DEL02-TO"
341726;2021-02-19;"sexta-feira";"19:50:00";"PR";373;283,5;"PRUDENTOPOLIS";"Conversão proibida";"Colisão transversal";"Com Vítimas Fatais";"Plena Noite";"Decrescente";"Céu Claro";"Simples";"Reta";"Não";2;1;0;0;1;0;0;2;-25,288215;-51,122017;"SPRF-PR";"DEL08-PR";"UOP01-DEL08-PR"
341727;2021-02-19;"sexta-feira";"15:30:00";"MG";153;1;"ARAPORA";"Demais falhas mecânicas ou elétricas";"Incêndio";"Sem Vítimas";"Pleno dia";"Decrescente";"Céu Claro";"Dupla";"Reta";"Sim";1;0;0;0;1;0;0;1;-18,42608911;-49,19359032;"SPRF-MG";"DEL15-MG";"UOP03-DEL15-MG"
341728;2021-02-19;"sexta-feira";"19:30:00";"MG";262;877;"CAMPO FLORIDO";"Desrespeitar a preferência no cruzamento";"Colisão frontal";"Com Vítimas Feridas";"Plena Noite";"Crescente";"Céu Claro";"Simples";"Reta";"Sim";3;0;0;1;2;0;1;2;-19,7835568;-48,51504105;"SPRF-MG";"DEL13-MG";"UOP01-DEL13-MG"
341729;2021-02-19;"sexta-feira";"15:50:00";"MG";40;44;"PARACATU";"Acessar a via sem observar a presença dos outros veículos";"Colisão transversal";"Com Vítimas Feridas";"Pleno dia";"Crescente";"Chuva";"Simples";"Reta";"Sim";3;0;1;0;2;0;1;2;-17,23154203;-46,85337424;"SPRF-MG";"DEL14-MG";"UOP01-DEL14-MG"
341730;2021-02-19;"sexta-feira";"20:10:00";"ES";262;20;"CARIACICA";"Acessar a via sem observar a presença dos outros veículos";"Atropelamento de Pedestre";"Com Vítimas Feridas";"Plena Noite";"Decrescente";"Chuva";"Dupla";"Reta";"Sim";2;0;1;0;1;0;1;2;-20,3919143;-40,49002338;"SPRF-ES";"DEL01-ES";"UOP01-DEL01-ES"
341731;2021-02-19;"sexta-feira";"20:15:00";"MG";40;632,5;"CONSELHEIRO LAFAIETE";"Objeto estático sobre o leito carroçável";"Colisão com objeto";"Com Vítimas Feridas";"Plena Noite";"Decrescente";"Nublado";"Simples";"Reta;Aclive";"Não";3;0;1;0;1;1;1;3;-20,67912491;-43,79407883;"SPRF-MG";"DEL05-MG";"UOP02-DEL05-MG"
341732;2021-02-19;"sexta-feira";"19:00:00";"MT";174;248;"PONTES E LACERDA";"Desvio temporário";"Saída de leito carroçável";"Sem Vítimas";"Plena Noite";"Decrescente";"Céu Claro";"Simples";"Reta";"Não";1;0;0;0;0;1;0;1;-15,48797858;-59,04782395;"SPRF-MT";"DEL04-MT";"UOP01-DEL04-MT"
341733;2021-02-19;"sexta-feira";"20:40:00";"PR";116;85;"PIRAQUARA";"Ausência de reação do condutor";"Colisão traseira";"Sem Vítimas";"Plena Noite";"Crescente";"Céu Claro";"Dupla";"Reta";"Não";2;0;0;0;0;2;0;2;-25,43036239;-49,08349472;"SPRF-PR";"DEL01-PR";"UOP01-DEL01-PR"
341734;2021-02-07;"domingo";"00:25:00";"GO";153;443;"ANAPOLIS";"Ingestão de álcool pelo condutor";"Queda de ocupante de veículo";"Com Vítimas Feridas";"Plena Noite";"Crescente";"Garoa/Chuvisco";"Dupla";"Reta;Aclive";"Sim";4;0;1;1;2;0;2;3;-16,334681;-48,922447;"SPRF-GO";"DEL02-GO";"UOP01-DEL02-GO"
341740;2021-02-19;"sexta-feira";"21:43:00";"MG";381;511;"SAO JOAQUIM DE BICAS";"Reação tardia ou ineficiente do condutor";"Colisão frontal";"Com Vítimas Feridas";"Pleno dia";"Crescente";"Céu Claro";"Múltipla";"Reta";"Sim";2;0;1;0;1;0;1;2;-20,08463223;-44,3099407;"SPRF-MG";"DEL01-MG";"UOP03-DEL01-MG"
341741;2021-02-19;"sexta-feira";"16:20:00";"BA";101;307;"PRESIDENTE TANCREDO NEVES";"Condutor deixou de manter distância do veículo da frente";"Saída de leito carroçável";"Com Vítimas Feridas";"Pleno dia";"Decrescente";"Sol";"Simples";"Reta";"Não";1;0;1;0;0;0;1;1;-13,41294894;-39,41077911;"SPRF-BA";"DEL05-BA";"UOP03-DEL05-BA"
341742;2021-02-19;"sexta-feira";"18:40:00";"SP";488;5,4;"APARECIDA";"Transitar na contramão";"Colisão frontal";"Com Vítimas Feridas";"Plena Noite";"Crescente";"Nublado";"Dupla";"Curva";"Não";2;0;2;0;0;0;2;2;-22,865681;-45,25523;"SPRF-SP";"DEL08-SP";"UOP01-DEL08-SP"
341744;2021-02-19;"sexta-feira";"19:20:00";"CE";222;312,4;"TIANGUA";"Transitar na contramão";"Colisão frontal";"Com Vítimas Feridas";"Plena Noite";"Crescente";"Céu Claro";"Simples";"Reta";"Sim";2;0;0;1;1;0;1;2;-3,71699311;-40,9914242;"SPRF-CE";"DEL04-CE";"UOP02-DEL04-CE"
341746;2021-02-19;"sexta-feira";"20:30:00";"SP";116;210,9;"GUARULHOS";"Ingestão de álcool pelo condutor";"Engavetamento";"Sem Vítimas";"Plena Noite";"Decrescente";"Céu Claro";"Múltipla";"Reta";"Sim";3;0;0;0;3;0;0;3;-23,43243813;-46,41930699;"SPRF-SP";"DEL01-SP";"UOP01-DEL01-SP"
341748;2021-02-19;"sexta-feira";"17:50:00";"MS";60;448,2;"SIDROLANDIA";"Acessar a via sem observar a presença dos outros veículos";"Colisão transversal";"Sem Vítimas";"Anoitecer";"Crescente";"Céu Claro";"Simples";"Curva";"Não";3;0;0;0;3;0;0;2;-21,00228807;-55,12025096;"SPRF-MS";"DEL01-MS";"UOP04-DEL01-MS"
341750;2021-02-19;"sexta-feira";"17:50:00";"AM";174;889;"MANAUS";"Ultrapassagem Indevida";"Colisão frontal";"Com Vítimas Feridas";"Anoitecer";"Decrescente";"Chuva";"Simples";"Reta";"Não";3;0;2;0;1;0;2;2;-2,932778;-60,034575;"SPRF-AM";"DEL01-AM";"UOP01-DEL01-AM"
341751;2021-02-19;"sexta-feira";"22:10:00";"PR";376;596;"CURITIBA";"Iluminação deficiente";"Atropelamento de Pedestre";"Com Vítimas Feridas";"Plena Noite";"Decrescente";"Céu Claro";"Dupla";"Reta";"Sim";2;0;0;1;0;1;1;2;-25,50194708;-49,3415524;"SPRF-PR";"DEL01-PR";"UOP01-DEL01-PR"
341752;2021-01-15;"sexta-feira";"12:15:00";"SC";101;204;"SAO JOSE";"Manobra de mudança de faixa";"Colisão traseira";"Com Vítimas Feridas";"Pleno dia";"Decrescente";"Céu Claro";"Dupla";"Reta";"Sim";2;0;1;0;1;0;1;2;-27,57413014;-48,61363083;"SPRF-SC";"DEL01-SC";"UOP01-DEL01-SC"
341753;2021-02-19;"sexta-feira";"20:45:00";"RS";287;248;"SANTA MARIA";"Área urbana sem a presença de local apropriado para a travessia de pedestres";"Atropelamento de Pedestre";"Com Vítimas Feridas";"Plena Noite";"Decrescente";"Céu Claro";"Dupla";"Em Obras;Reta";"Sim";3;0;1;0;2;0;1;2;-29,69545;-53,854916;"SPRF-RS";"DEL09-RS";"UOP01-DEL09-RS"
341754;2021-02-19;"sexta-feira";"22:20:00";"PR";376;228,6;"APUCARANA";"Velocidade Incompatível";"Colisão traseira";"Com Vítimas Feridas";"Plena Noite";"Decrescente";"Céu Claro";"Dupla";"Aclive;Interseção de Vias";"Não";4;0;1;1;1;1;2;2;-23,56842766;-51,54667139;"SPRF-PR";"DEL07-PR";"UOP03-DEL07-PR"
341756;2021-02-19;"sexta-feira";"22:00:00";"SC";101;339;"TUBARAO";"Ingestão de álcool pelo condutor";"Saída de leito carroçável";"Sem Vítimas";"Plena Noite";"Decrescente";"Céu Claro";"Dupla";"Reta";"Não";1;0;0;0;0;1;0;1;-28,49351117;-49,04178985;"SPRF-SC";"DEL02-SC";"UOP01-DEL02-SC"
341758;2021-02-19;"sexta-feira";"22:00:00";"RJ";493;18,5;"MAGE";"Pedestre cruzava a pista fora da faixa";"Atropelamento de Pedestre";"Com Vítimas Feridas";"Plena Noite";"Crescente";"Garoa/Chuvisco";"Simples";"Reta";"Não";4;0;1;0;1;2;1;2;-22,6687122;-43,01862696;"SPRF-RJ";"DEL04-RJ";"UOP02-DEL04-RJ"
341759;2021-02-19;"sexta-feira";"22:00:00";"PB";230;8;"CABEDELO";"Ausência de reação do condutor";"Colisão traseira";"Sem Vítimas";"Plena Noite";"Decrescente";"Céu Claro";"Dupla";"Reta";"Sim";2;0;0;0;1;1;0;2;-7,0355;-34,8429;"SPRF-PB";"DEL01-PB";"UOP01-DEL01-PB"
341762;2021-02-19;"sexta-feira";"22:15:00";"RJ";116;180;"NOVA IGUACU";"Velocidade Incompatível";"Saída de leito carroçável";"Com Vítimas Feridas";"Plena Noite";"Decrescente";"Nublado";"Dupla";"Reta";"Sim";2;0;1;0;1;0;1;1;-22,7651616;-43,4154728;"SPRF-RJ";"DEL01-RJ";"UOP02-DEL01-RJ"
341764;2021-02-19;"sexta-feira";"19:20:00";"MT";174;289;"PONTES E LACERDA";"Ausência de reação do condutor";"Saída de leito carroçável";"Com Vítimas Feridas";"Plena Noite";"Crescente";"Céu Claro";"Simples";"Reta";"Sim";1;0;0;1;0;0;1;1;-15,22419218;-59,31889821;"SPRF-MT";"DEL04-MT";"UOP01-DEL04-MT"
341765;2021-02-19;"sexta-feira";"20:30:00";"SC";282;571;"NOVA ERECHIM";"Manobra de mudança de faixa";"Colisão lateral sentido oposto";"Com Vítimas Feridas";"Plena Noite";"Decrescente";"Céu Claro";"Simples";"Curva";"Não";2;0;1;0;1;0;1;2;-26,883053;-52,939816;"SPRF-SC";"DEL07-SC";"UOP02-DEL07-SC"
341772;2021-02-19;"sexta-feira";"22:50:00";"PR";116;14;"CAMPINA GRANDE DO SUL";"Reação tardia ou ineficiente do condutor";"Capotamento";"Sem Vítimas";"Plena Noite";"Decrescente";"Garoa/Chuvisco";"Dupla";"Reta";"Não";1;0;0;0;1;0;0;1;-25,09836429;-48,67391969;"SPRF-PR";"DEL01-PR";"UOP02-DEL01-PR"
341773;2021-02-20;"sábado";"02:00:00";"RJ";493;18;"GUAPIMIRIM";"Velocidade Incompatível";"Tombamento";"Com Vítimas Feridas";"Plena Noite";"Crescente";"Céu Claro";"Simples";"Reta";"Sim";1;0;1;0;0;0;1;1;-22,6687122;-43,01862696;"SPRF-RJ";"DEL04-RJ";"UOP02-DEL04-RJ"
341779;2021-02-20;"sábado";"03:00:00";"RS";290;260,8;"CACHOEIRA DO SUL";"Velocidade Incompatível";"Colisão traseira";"Com Vítimas Feridas";"Plena Noite";"Decrescente";"Céu Claro";"Simples";"Reta";"Não";3;0;0;2;0;1;2;2;-30,259363;-52,82523;"SPRF-RS";"DEL02-RS";"UOP03-DEL02-RS"
341780;2021-02-20;"sábado";"01:30:00";"PR";116;163;"QUITANDINHA";"Velocidade Incompatível";"Capotamento";"Sem Vítimas";"Pleno dia";"Crescente";"Nublado";"Simples";"Reta";"Não";1;0;0;0;1;0;0;1;-25,86442035;-49,41795105;"SPRF-PR";"DEL01-PR";"UOP03-DEL01-PR"
341781;2021-02-20;"sábado";"04:20:00";"SC";101;312;"LAGUNA";"Ingestão de álcool pelo condutor";"Colisão lateral mesmo sentido";"Sem Vítimas";"Amanhecer";"Decrescente";"Céu Claro";"Dupla";"Reta";"Não";2;0;0;0;2;0;0;2;-28,433701;-48,806344;"SPRF-SC";"DEL02-SC";"UOP01-DEL02-SC"
341784;2021-02-20;"sábado";"04:50:00";"PR";277;584;"CASCAVEL";"Ingestão de álcool pelo condutor";"Colisão com objeto";"Sem Vítimas";"Amanhecer";"Crescente";"Céu Claro";"Simples";"Rotatória";"Sim";1;0;0;0;1;0;0;1;-24,96684176;-53,40258186;"SPRF-PR";"DEL04-PR";"UOP01-DEL04-PR"
341786;2021-02-19;"sexta-feira";"11:00:00";"PE";428;187,9;"PETROLINA";"Ingestão de álcool pelo condutor";"Colisão com objeto";"Sem Vítimas";"Pleno dia";"Crescente";"Garoa/Chuvisco";"Dupla";"Em Obras";"Sim";1;0;0;0;1;0;0;1;-9,35604301;-40,47854198;"SPRF-PE";"DEL06-PE";"UOP01-DEL06-PE"
341788;2021-02-20;"sábado";"05:15:00";"PR";277;727,2;"FOZ DO IGUACU";"Ingestão de álcool pelo condutor";"Saída de leito carroçável";"Sem Vítimas";"Plena Noite";"Decrescente";"Nublado";"Dupla";"Reta";"Sim";2;0;0;0;2;0;0;1;-25,51017487;-54,56454899;"SPRF-PR";"DEL05-PR";"UOP03-DEL05-PR"
341790;2021-02-20;"sábado";"06:35:00";"SP";116;212;"GUARULHOS";"Avarias e/ou desgaste excessivo no pneu";"Colisão com objeto";"Com Vítimas Feridas";"Pleno dia";"Decrescente";"Nublado";"Múltipla";"Reta";"Sim";1;0;1;0;0;0;1;1;-23,43608315;-46,42805094;"SPRF-SP";"DEL01-SP";"UOP01-DEL01-SP"
341792;2021-02-20;"sábado";"02:15:00";"SC";101;338,5;"TUBARAO";"Ausência de reação do condutor";"Colisão traseira";"Com Vítimas Feridas";"Plena Noite";"Decrescente";"Céu Claro";"Dupla";"Reta";"Sim";2;0;0;2;0;0;2;2;-28,485725;-49,03726;"SPRF-SC";"DEL02-SC";"UOP01-DEL02-SC"
341795;2021-02-20;"sábado";"06:30:00";"PB";104;78,1;"REMIGIO";"Velocidade Incompatível";"Saída de leito carroçável";"Com Vítimas Feridas";"Pleno dia";"Decrescente";"Céu Claro";"Simples";"Curva";"Não";1;0;0;1;0;0;1;1;-6,91407298;-35,85669499;"SPRF-PB";"DEL02-PB";"UOP04-DEL02-PB"
341797;2021-02-20;"sábado";"07:10:00";"PB";230;79,6;"RIACHAO DO POCO";"Conversão proibida";"Colisão transversal";"Com Vítimas Feridas";"Pleno dia";"Crescente";"Céu Claro";"Dupla";"Desvio Temporário";"Não";2;0;0;1;1;0;1;2;-7,1828;-35,3041;"SPRF-PB";"DEL01-PB";"UOP03-DEL01-PB"
341800;2021-02-20;"sábado";"06:45:00";"RS";116;306,9;"GUAIBA";"Acessar a via sem observar a presença dos outros veículos";"Colisão transversal";"Com Vítimas Feridas";"Pleno dia";"Crescente";"Céu Claro";"Simples";"Interseção de Vias";"Sim";3;0;1;0;2;0;1;2;-30,16925677;-51,3836101;"SPRF-RS";"DEL02-RS";"UOP01-DEL02-RS"
341802;2021-02-20;"sábado";"06:40:00";"PR";158;521;"PATO BRANCO";"Condutor Dormindo";"Colisão frontal";"Com Vítimas Feridas";"Pleno dia";"Crescente";"Céu Claro";"Simples";"Curva";"Não";2;0;1;0;1;0;1;2;-26,11888095;-52,64133111;"SPRF-PR";"DEL02-PR";"UOP01-DEL02-PR"
341804;2021-02-20;"sábado";"07:10:00";"MS";163;700;"RIO VERDE DE MATO GROSSO";"Avarias e/ou desgaste excessivo no pneu";"Tombamento";"Com Vítimas Feridas";"Pleno dia";"Crescente";"Céu Claro";"Simples";"Reta";"Não";2;0;1;0;1;0;1;1;-18,75701944;-54,82411039;"SPRF-MS";"DEL06-MS";"UOP01-DEL06-MS"
341805;2021-02-20;"sábado";"08:10:00";"PR";153;352,1;"REBOUCAS";"Ingestão de álcool pelo condutor";"Colisão transversal";"Com Vítimas Feridas";"Pleno dia";"Decrescente";"Céu Claro";"Simples";"Curva";"Sim";3;0;2;1;0;0;3;2;-25,6240101;-50,70976188;"SPRF-PR";"DEL03-PR";"UOP03-DEL03-PR"
341806;2021-02-19;"sexta-feira";"05:10:00";"RJ";116;176;"NOVA IGUACU";"Velocidade Incompatível";"Colisão traseira";"Com Vítimas Feridas";"Amanhecer";"Crescente";"Céu Claro";"Múltipla";"Reta";"Sim";3;0;1;0;0;2;1;2;-22,7839538;-43,38195488;"SPRF-RJ";"DEL01-RJ";"UOP02-DEL01-RJ"
341807;2021-02-20;"sábado";"08:00:00";"SC";101;220;"PALHOCA";"Ingestão de álcool pelo condutor";"Saída de leito carroçável";"Com Vítimas Feridas";"Pleno dia";"Crescente";"Céu Claro";"Simples";"Curva";"Sim";1;0;1;0;0;0;1;1;-27,69198941;-48,66368358;"SPRF-SC";"DEL01-SC";"UOP02-DEL01-SC"
341808;2021-02-20;"sábado";"08:45:00";"CE";116;4,2;"FORTALEZA";"Reação tardia ou ineficiente do condutor";"Tombamento";"Com Vítimas Feridas";"Pleno dia";"Decrescente";"Chuva";"Múltipla";"Reta";"Não";2;0;2;0;0;0;2;1;-3,7867209031;-38,511456796;"SPRF-CE";"DEL01-CE";"UOP02-DEL01-CE"
341809;2021-02-20;"sábado";"08:45:00";"SC";101;214,3;"PALHOCA";"Desrespeitar a preferência no cruzamento";"Colisão transversal";"Com Vítimas Feridas";"Pleno dia";"Decrescente";"Céu Claro";"Múltipla";"Viaduto";"Sim";3;0;2;0;1;0;2;2;-27,64443;-48,67057;"SPRF-SC";"DEL01-SC";"UOP02-DEL01-SC"
341810;2021-02-20;"sábado";"08:00:00";"RJ";101;280;"TANGUA";"Condutor Dormindo";"Colisão com objeto";"Com Vítimas Feridas";"Pleno dia";"Crescente";"Nublado";"Dupla";"Reta";"Sim";4;0;3;0;1;0;3;1;-22,73840017;-42,77718501;"SPRF-RJ";"DEL02-RJ";"UOP03-DEL02-RJ"
341811;2021-02-20;"sábado";"08:00:00";"MS";163;486,7;"CAMPO GRANDE";"Reação tardia ou ineficiente do condutor";"Saída de leito carroçável";"Com Vítimas Feridas";"Pleno dia";"Crescente";"Sol";"Simples";"Reta";"Sim";1;0;0;1;0;0;1;1;-20,4336361;-54,54376745;"SPRF-MS";"DEL01-MS";"UOP02-DEL01-MS"
341812;2021-02-16;"terça-feira";"02:00:00";"RJ";101;299;"ITABORAI";"Demais falhas mecânicas ou elétricas";"Incêndio";"Sem Vítimas";"Plena Noite";"Decrescente";"Chuva";"Dupla";"Reta";"Sim";1;0;0;0;1;0;0;1;-22,77432673;-42,93823207;"SPRF-RJ";"DEL02-RJ";"UOP02-DEL02-RJ"
341813;2021-02-20;"sábado";"08:40:00";"RJ";101;474;"ANGRA DOS REIS";"Manobra de mudança de faixa";"Engavetamento";"Sem Vítimas";"Pleno dia";"Crescente";"Céu Claro";"Simples";"Curva";"Sim";6;0;0;0;6;0;0;6;-22,99498627;-44,24919963;"SPRF-RJ";"DEL03-RJ";"UOP03-DEL03-RJ"
341818;2021-02-20;"sábado";"08:50:00";"GO";153;496,5;"GOIANIA";"Demais falhas mecânicas ou elétricas";"Tombamento";"Com Vítimas Feridas";"Pleno dia";"Crescente";"Nublado";"Dupla";"Reta";"Sim";2;0;2;0;0;0;2;1;-16,6776;-49,2314;"SPRF-GO";"DEL01-GO";"UOP01-DEL01-GO"
341820;2021-02-19;"sexta-feira";"19:30:00";"BA";101;165;"CONCEICAO DO JACUIPE";"Iluminação deficiente";"Atropelamento de Animal";"Com Vítimas Feridas";"Plena Noite";"Crescente";"Céu Claro";"Simples";"Reta";"Não";1;0;1;0;0;0;1;1;-12,35551436;-38,782478;"SPRF-BA";"DEL01-BA";"UOP03-DEL01-BA"
341821;2021-02-20;"sábado";"05:00:00";"MG";40;186;"JOAO PINHEIRO";"Demais falhas mecânicas ou elétricas";"Saída de leito carroçável";"Com Vítimas Feridas";"Amanhecer";"Decrescente";"Chuva";"Simples";"Reta";"Não";2;0;1;0;1;0;1;1;-17,99179584;-45,93440797;"SPRF-MG";"DEL14-MG";"UOP02-DEL14-MG"
341822;2021-02-20;"sábado";"10:00:00";"RS";116;312,2;"BARRA DO RIBEIRO";"Reação tardia ou ineficiente do condutor";"Colisão lateral mesmo sentido";"Com Vítimas Feridas";"Pleno dia";"Decrescente";"Céu Claro";"Simples";"Declive";"Não";3;0;0;1;1;1;1;3;-30,21844198;-51,40424588;"SPRF-RS";"DEL02-RS";"UOP01-DEL02-RS"
341823;2021-02-20;"sábado";"09:20:00";"PR";153;38,3;"SANTO ANTONIO DA PLATINA";"Pista esburacada";"Queda de ocupante de veículo";"Com Vítimas Feridas";"Pleno dia";"Decrescente";"Céu Claro";"Simples";"Aclive";"Não";1;0;1;0;0;0;1;1;-23,26665491;-50,06410039;"SPRF-PR";"DEL07-PR";"UOP04-DEL07-PR"
341827;2021-02-20;"sábado";"10:20:00";"SC";282;42,5;"AGUAS MORNAS";"Conversão proibida";"Colisão transversal";"Com Vítimas Feridas";"Pleno dia";"Crescente";"Céu Claro";"Simples";"Reta";"Não";3;0;2;0;1;0;2;2;-27,72077;-48,887478;"SPRF-SC";"DEL01-SC";"UOP03-DEL01-SC"