"id";"data_inversa";"dia_semana";"horario";"uf";"br";"km";"municipio";"causa_acidente";"tipo_acidente";"classificacao_acidente";"fase_dia";"sentido_via";"condicao_metereologica";"tipo_pista";"tracado_via";"uso_solo";"pessoas";"mortos";"feridos_leves";"feridos_graves";"ilesos";"ignorados";"feridos";"veiculos";"latitude";"longitude";"regional";"delegacia";"uop"
341828;2021-02-20;"sábado";"10:15:00";"RS";116;219;"DOIS IRMAOS";"Reação tardia ou ineficiente do condutor";"Colisão lateral";"Com Vítimas Feridas";"Pleno dia";"Decrescente";"Céu Claro";"Simples";"Curva";"Não";2;0;1;0;1;0;1;2;-29,556364;-51,09063899;"SPRF-RS";"DEL05-RS";"UOP02-DEL05-RS"
341829;2021-02-20;"sábado";"10:40:00";"SP";116;229,5;"SAO PAULO";"Objeto estático sobre o leito carroçável";"Queda de ocupante de veículo";"Com Vítimas Feridas";"Pleno dia";"Crescente";"Céu Claro";"Múltipla";"Reta";"Não";1;0;1;0;0;0;1;1;-23,51291902;-46,57604698;"SPRF-SP";"DEL01-SP";"UOP01-DEL01-SP"
341830;2021-02-20;"sábado";"09:45:00";"MG";116;415,6;"GOVERNADOR VALADARES";"Condutor deixou de manter distância do veículo da frente";"Colisão traseira";"Com Vítimas Feridas";"Pleno dia";"Crescente";"Sol";"Simples";"Ponte;Reta";"Sim";2;0;1;0;1;0;1;2;-18,88401297;-41,94924399;"SPRF-MG";"DEL06-MG";"UOP01-DEL06-MG"
341832;2021-02-20;"sábado";"09:20:00";"MS";163;23;"MUNDO NOVO";"Conversão proibida";"Colisão transversal";"Com Vítimas Feridas";"Pleno dia";"Decrescente";"Céu Claro";"Simples";"Reta";"Não";6;0;2;0;4;0;2;2;-23,9028426;-54,30261081;"SPRF-MS";"DEL09-MS";"UOP02-DEL09-MS"
341833;2021-02-20;"sábado";"11:00:00";"RN";304;290;"MACAIBA";"Condutor deixou de manter distância do veículo da frente";"Colisão traseira";"Com Vítimas Feridas";"Pleno dia";"Decrescente";"Céu Claro";"Simples";"Reta";"Não";3;0;0;1;2;0;1;3;-5,86659018;-35,40283899;"SPRF-RN";"DEL01-RN";"UOP02-DEL01-RN"
341834;2021-02-20;"sábado";"11:50:00";"SC";282;16;"PALHOCA";"Acessar a via sem observar a presença dos outros veículos";"Colisão transversal";"Com Vítimas Feridas";"Pleno dia";"Decrescente";"Céu Claro";"Simples";"Reta";"Sim";2;0;1;1;0;0;2;2;-27,658611;-48,681847;"SPRF-SC";"DEL01-SC";"UOP02-DEL01-SC"
341835;2021-02-20;"sábado";"10:50:00";"PR";476;281,2;"SAO MATEUS DO SUL";"Reação tardia ou ineficiente do condutor";"Saída de leito carroçável";"Com Vítimas Feridas";"Pleno dia";"Crescente";"Sol";"Simples";"Curva";"Sim";1;0;1;0;0;0;1;1;-25,876148;-50,425007;"SPRF-PR";"DEL02-PR";"UOP04-DEL02-PR"
341838;2021-02-20;"sábado";"11:55:00";"SC";101;199;"SAO JOSE";"Velocidade Incompatível";"Queda de ocupante de veículo";"Com Vítimas Feridas";"Pleno dia";"Decrescente";"Sol";"Múltipla";"Reta";"Sim";2;0;2;0;0;0;2;1;-27,53413705;-48,63003205;"SPRF-SC";"DEL01-SC";"UOP01-DEL01-SC"
341840;2021-02-20;"sábado";"11:00:00";"PR";369;233;"JANDAIA DO SUL";"Velocidade Incompatível";"Capotamento";"Com Vítimas Feridas";"Pleno dia";"Crescente";"Céu Claro";"Simples";"Reta";"Não";2;0;2;0;0;0;2;1;-23,61575891;-51,66612625;"SPRF-PR";"DEL09-PR";"UOP01-DEL09-PR"
341841;2021-02-20;"sábado";"11:50:00";"RN";101;84,4;"SAO GONCALO DO AMARANTE";"Pedestre cruzava a pista fora da faixa";"Atropelamento de Pedestre";"Com Vítimas Feridas";"Pleno dia";"Decrescente";"Céu Claro";"Dupla";"Reta";"Sim";5;0;1;1;1;2;2;3;-5,774175;-35,2578;"SPRF-RN";"DEL02-RN";"UOP01-DEL02-RN"
341844;2021-02-20;"sábado";"12:27:00";"RS";116;40;"VACARIA";"Acessar a via sem observar a presença dos outros veículos";"Colisão transversal";"Com Vítimas Feridas";"Pleno dia";"Crescente";"Céu Claro";"Simples";"Reta";"Sim";3;0;1;1;1;0;2;2;-28,51839098;-50,93942202;"SPRF-RS";"DEL05-RS";"UOP03-DEL05-RS"
341846;2021-02-20;"sábado";"12:20:00";"PR";277;206,5;"PALMEIRA";"Velocidade Incompatível";"Saída de leito carroçável";"Com Vítimas Feridas";"Pleno dia";"Crescente";"Céu Claro";"Simples";"Curva";"Não";1;0;0;1;0;0;1;1;-25,46468901;-50,25988;"SPRF-PR";"DEL03-PR";"UOP03-DEL03-PR"
341847;2021-02-20;"sábado";"12:20:00";"DF";60;4,2;"BRASILIA";"Manobra de mudança de faixa";"Colisão lateral mesmo sentido";"Com Vítimas Feridas";"Pleno dia";"Crescente";"Nublado";"Dupla";"Reta";"Sim";2;0;1;0;1;0;1;2;-15,892721;-48,095741;"SPRF-DF";"DEL03-DF";"UOP01-DEL03-DF"
341848;2021-02-20;"sábado";"12:30:00";"SP";116;175,8;"GUARAREMA";"Reação tardia ou ineficiente do condutor";"Capotamento";"Com Vítimas Feridas";"Pleno dia";"Crescente";"Sol";"Dupla";"Reta";"Não";2;0;0;2;0;0;2;1;-23,32173972;-46,100353;"SPRF-SP";"DEL01-SP";"UOP01-DEL01-SP"
341849;2021-02-20;"sábado";"11:30:00";"SC";101;280;"IMBITUBA";"Velocidade Incompatível";"Colisão traseira";"Com Vítimas Feridas";"Pleno dia";"Crescente";"Céu Claro";"Dupla";"Reta";"Sim";3;0;1;0;2;0;1;2;-28,17962805;-48,6956297;"SPRF-SC";"DEL02-SC";"UOP03-DEL02-SC"
341851;2021-02-20;"sábado";"13:00:00";"SE";101;66;"ROSARIO DO CATETE";"Ultrapassagem Indevida";"Colisão frontal";"Com Vítimas Feridas";"Pleno dia";"Crescente";"Céu Claro";"Simples";"Reta";"Não";3;0;0;3;0;0;3;2;-10,71207086;-37,05954216;"SPRF-SE";"DEL02-SE";"UOP02-DEL02-SE"
341853;2021-02-20;"sábado";"08:50:00";"RS";471;179,2;"RIO PARDO";"Demais falhas mecânicas ou elétricas";"Incêndio";"Sem Vítimas";"Pleno dia";"Decrescente";"Céu Claro";"Simples";"Reta";"Não";1;0;0;0;0;1;0;1;-30,067255;-52,366642;"SPRF-RS";"DEL02-RS";"UOP03-DEL02-RS"
341854;2021-02-20;"sábado";"11:40:00";"SC";163;71;"SAO MIGUEL DO OESTE";"Retorno proibido";"Colisão transversal";"Com Vítimas Feridas";"Pleno dia";"Crescente";"Céu Claro";"Dupla";"Reta";"Não";2;0;1;0;1;0;1;2;-26,72772401;-53,51281303;"SPRF-SC";"DEL07-SC";"UOP03-DEL07-SC"
341855;2021-02-20;"sábado";"12:20:00";"MG";40;297;"TRES MARIAS";"Velocidade Incompatível";"Saída de leito carroçável";"Com Vítimas Feridas";"Pleno dia";"Crescente";"Chuva";"Simples";"Curva";"Não";1;0;1;0;0;0;1;1;-18,32760097;-45,10834689;"SPRF-MG";"DEL14-MG";"UOP02-DEL14-MG"
341856;2021-02-20;"sábado";"12:50:00";"BA";116;653,8;"JEQUIE";"Avarias e/ou desgaste excessivo no pneu";"Saída de leito carroçável";"Com Vítimas Feridas";"Pleno dia";"Crescente";"Sol";"Simples";"Declive";"Não";2;0;2;0;0;0;2;1;-13,63748802;-40,09329578;"SPRF-BA";"DEL03-BA";"UOP01-DEL03-BA"
341857;2021-02-20;"sábado";"13:23:00";"SC";101;79,1;"ARAQUARI";"Ingestão de álcool pelo condutor";"Colisão traseira";"Sem Vítimas";"Pleno dia";"Crescente";"Sol";"Múltipla";"Reta";"Sim";3;0;0;0;3;0;0;3;-26,58559601;-48,72192112;"SPRF-SC";"DEL03-SC";"UOP02-DEL03-SC"
341858;2021-02-20;"sábado";"13:00:00";"MG";40;256;"SAO GONCALO DO ABAETE";"Avarias e/ou desgaste excessivo no pneu";"Saída de leito carroçável";"Com Vítimas Feridas";"Pleno dia";"Decrescente";"Chuva";"Simples";"Aclive;Reta";"Não";1;0;1;0;0;0;1;1;-18,13457305;-45,39156601;"SPRF-MG";"DEL14-MG";"UOP02-DEL14-MG"
341859;2021-02-20;"sábado";"11:50:00";"SP";116;562;"BARRA DO TURVO";"Ausência de reação do condutor";"Queda de ocupante de veículo";"Com Vítimas Feridas";"Pleno dia";"Crescente";"Céu Claro";"Dupla";"Curva";"Não";2;0;1;0;0;1;1;2;-25,02464023;-48,52213701;"SPRF-SP";"DEL05-SP";"UOP02-DEL05-SP"
341860;2021-02-20;"sábado";"11:10:00";"SP";116;517;"CAJATI";"Demais falhas mecânicas ou elétricas";"Incêndio";"Sem Vítimas";"Pleno dia";"Crescente";"Céu Claro";"Simples";"Reta";"Não";1;0;0;0;1;0;0;1;-24,8768469;-48,22732309;"SPRF-SP";"DEL05-SP";"UOP02-DEL05-SP"
341863;2021-02-20;"sábado";"14:00:00";"SP";101;47;"UBATUBA";"Acessar a via sem observar a presença dos outros veículos";"Colisão transversal";"Com Vítimas Feridas";"Pleno dia";"Crescente";"Nublado";"Simples";"Reta";"Sim";2;0;0;2;0;0;2;2;-23,429897;-45,082436;"SPRF-SP";"DEL06-SP";"UOP01-DEL06-SP"
341864;2021-02-20;"sábado";"13:50:00";"SC";101;371;"ICARA";"Manobra de mudança de faixa";"Saída de leito carroçável";"Com Vítimas Feridas";"Pleno dia";"Decrescente";"Céu Claro";"Dupla";"Reta";"Não";2;0;1;0;1;0;1;1;-28,70403682;-49,2008731;"SPRF-SC";"DEL02-SC";"UOP01-DEL02-SC"
341865;2021-02-20;"sábado";"13:20:00";"MA";222;656,6;"ACAILANDIA";"Ingestão de álcool pelo condutor";"Saída de leito carroçável";"Sem Vítimas";"Pleno dia";"Crescente";"Nublado";"Simples";"Curva";"Não";5;0;0;0;5;0;0;1;-4,85741265;-47,31514418;"SPRF-MA";"DEL04-MA";"UOP03-DEL04-MA"
341866;2021-02-20;"sábado";"14:10:00";"SC";163;72;"SAO MIGUEL DO OESTE";"Manobra de mudança de faixa";"Colisão lateral";"Com Vítimas Feridas";"Pleno dia";"Crescente";"Céu Claro";"Dupla";"Reta;Interseção de Vias;Aclive";"Sim";2;0;1;0;1;0;1;2;-26,71908804;-53,5157791;"SPRF-SC";"DEL07-SC";"UOP03-DEL07-SC"
341867;2021-02-20;"sábado";"14:50:00";"SC";101;123;"ITAJAI";"Ausência de reação do condutor";"Queda de ocupante de veículo";"Com Vítimas Feridas";"Pleno dia";"Crescente";"Céu Claro";"Dupla";"Reta";"Sim";1;0;1;0;0;0;1;1;-26,93668609;-48,69876905;"SPRF-SC";"DEL04-SC";"UOP04-DEL04-SC"
341868;2021-02-20;"sábado";"15:18:00";"RS";386;273,7;"FONTOURA XAVIER";"Pista em desnível";"Tombamento";"Com Vítimas Feridas";"Pleno dia";"Crescente";"Sol";"Simples";"Curva;Declive";"Não";1;0;1;0;0;0;1;1;-28,994553;-52,359726;"SPRF-RS";"DEL04-RS";"UOP03-DEL04-RS"
341869;2021-02-20;"sábado";"15:00:00";"RN";304;188;"LAJES";"Acessar a via sem observar a presença dos outros veículos";"Colisão lateral mesmo sentido";"Com Vítimas Feridas";"Pleno dia";"Decrescente";"Céu Claro";"Simples";"Reta";"Não";2;0;1;1;0;0;2;2;-5,69597023;-36,2672161;"SPRF-RN";"DEL01-RN";"UOP03-DEL01-RN"
341871;2021-02-20;"sábado";"15:00:00";"GO";60;171;"GOIANIA";"Ingestão de álcool pelo condutor";"Colisão com objeto";"Com Vítimas Fatais";"Pleno dia";"Decrescente";"Céu Claro";"Dupla";"Reta";"Não";2;1;0;0;1;0;0;1;-16,7333;-49,3996;"SPRF-GO";"DEL01-GO";"UOP02-DEL01-GO"
341872;2021-02-20;"sábado";"15:20:00";"ES";262;16,3;"VIANA";"Ausência de reação do condutor";"Queda de ocupante de veículo";"Com Vítimas Feridas";"Pleno dia";"Crescente";"Nublado";"Dupla";"Reta";"Não";2;0;2;0;0;0;2;1;-20,38441093;-40,463078;"SPRF-ES";"DEL01-ES";"UOP01-DEL01-ES"
341874;2021-02-20;"sábado";"15:20:00";"RJ";101;323;"NITEROI";"Avarias e/ou desgaste excessivo no pneu";"Tombamento";"Com Vítimas Feridas";"Pleno dia";"Decrescente";"Céu Claro";"Dupla";"Reta";"Sim";2;0;2;0;0;0;2;1;-22,87684786;-43,11728689;"SPRF-RJ";"DEL02-RJ";"UOP02-DEL02-RJ"
341875;2021-02-20;"sábado";"14:50:00";"MG";381;506;"SAO JOAQUIM DE BICAS";"Condutor deixou de manter distância do veículo da frente";"Colisão traseira";"Com Vítimas Feridas";"Pleno dia";"Crescente";"Céu Claro";"Dupla";"Reta";"Sim";2;0;1;0;1;0;1;2;-20,05039397;-44,27962502;"SPRF-MG";"DEL01-MG";"UOP03-DEL01-MG"
341877;2021-02-20;"sábado";"15:45:00";"MG";365;691;"MONTE ALEGRE DE MINAS";"Demais falhas na via";"Saída de leito carroçável";"Com Vítimas Feridas";"Pleno dia";"Decrescente";"Sol";"Dupla";"Reta";"Não";1;0;1;0;0;0;1;1;-18,87690265;-48,91252701;"SPRF-MG";"DEL15-MG";"UOP03-DEL15-MG"
341880;2021-02-20;"sábado";"15:40:00";"SC";101;414;"ARARANGUA";"Ausência de reação do condutor";"Saída de leito carroçável";"Com Vítimas Feridas";"Pleno dia";"Decrescente";"Céu Claro";"Dupla";"Curva";"Não";1;0;1;0;0;0;1;1;-28,95360392;-49,50985011;"SPRF-SC";"DEL02-SC";"UOP02-DEL02-SC"
341881;2021-02-20;"sábado";"15:40:00";"SP";153;173;"GUAICARA";"Reação tardia ou ineficiente do condutor";"Saída de leito carroçável";"Com Vítimas Feridas";"Pleno dia";"Decrescente";"Céu Claro";"Simples";"Reta";"Não";1;0;1;0;0;0;1;1;-21,62412004;-49,7872237;"SPRF-SP";"DEL07-SP";"UOP01-DEL07-SP"
341882;2021-02-20;"sábado";"16:20:00";"SC";280;73,5;"JARAGUA DO SUL";"Velocidade Incompatível";"Colisão com objeto";"Com Vítimas Feridas";"Pleno dia";"Decrescente";"Sol";"Simples";"Rotatória";"Sim";1;0;0;1;0;0;1;1;-26,45917102;-49,15245;"SPRF-SC";"DEL03-SC";"UOP03-DEL03-SC"
341883;2021-02-20;"sábado";"16:00:00";"MG";262;385;"MATEUS LEME";"Velocidade Incompatível";"Saída de leito carroçável";"Com Vítimas Feridas";"Pleno dia";"Crescente";"Nublado";"Dupla";"Curva";"Não";2;0;1;0;1;0;1;1;-19,91929189;-44,48922157;"SPRF-MG";"DEL01-MG";"UOP03-DEL01-MG"
341884;2021-02-20;"sábado";"16:10:00";"MG";262;385;"MATEUS LEME";"Ausência de reação do condutor";"Saída de leito carroçável";"Com Vítimas Feridas";"Pleno dia";"Crescente";"Nublado";"Dupla";"Curva";"Não";3;0;3;0;0;0;3;1;-19,93325094;-44,42077402;"SPRF-MG";"DEL01-MG";"UOP03-DEL01-MG"
341885;2021-02-20;"sábado";"15:50:00";"MG";381;850,1;"POUSO ALEGRE";"Demais falhas mecânicas ou elétricas";"Queda de ocupante de veículo";"Com Vítimas Feridas";"Pleno dia";"Crescente";"Sol";"Simples";"Curva";"Não";1;0;1;0;0;0;1;1;-22,2786871;-45,89472262;"SPRF-MG";"DEL16-MG";"UOP01-DEL16-MG"
341888;2021-02-20;"sábado";"16:20:00";"SP";381;36;"ATIBAIA";"Condutor deixou de manter distância do veículo da frente";"Colisão traseira";"Com Vítimas Feridas";"Pleno dia";"Crescente";"Céu Claro";"Dupla";"Aclive;Reta";"Sim";2;0;0;1;1;0;1;2;-23,09707232;-46,57180706;"SPRF-SP";"DEL03-SP";"UOP01-DEL03-SP"
341890;2021-02-20;"sábado";"15:15:00";"RN";101;108;"PARNAMIRIM";"Acessar a via sem observar a presença dos outros veículos";"Colisão lateral";"Com Vítimas Feridas";"Pleno dia";"Decrescente";"Sol";"Dupla";"Reta";"Sim";2;0;0;1;1;0;1;2;-5,92825102;-35,26465683;"SPRF-RN";"DEL01-RN";"UOP01-DEL01-RN"
341892;2021-02-20;"sábado";"16:50:00";"MG";381;503,5;"BETIM";"Ausência de reação do condutor";"Atropelamento de Pedestre";"Com Vítimas Feridas";"Pleno dia";"Crescente";"Nublado";"Simples";"Reta";"Não";2;0;1;0;1;0;1;2;-20,03855134;-44,25495493;"SPRF-MG";"DEL01-MG";"UOP03-DEL01-MG"
341893;2021-02-20;"sábado";"15:50:00";"RS";471;529,9;"RIO GRANDE";"Demais falhas mecânicas ou elétricas";"Saída de leito carroçável";"Com Vítimas Feridas";"Pleno dia";"Decrescente";"Céu Claro";"Simples";"Reta";"Não";5;0;3;0;2;0;3;1;-32,634071;-52,581524;"SPRF-RS";"DEL07-RS";"UOP02-DEL07-RS"
341894;2021-02-20;"sábado";"17:25:00";"PB";101;86;"JOAO PESSOA";"Manobra de mudança de faixa";"Queda de ocupante de veículo";"Com Vítimas Feridas";"Pleno dia";"Crescente";"Céu Claro";"Dupla";"Reta";"Sim";2;0;1;0;1;0;1;2;-7,157;-34,906;"SPRF-PB";"DEL01-PB";"UOP01-DEL01-PB"
341895;2021-02-20;"sábado";"16:45:00";"SP";116;142;"SAO JOSE DOS CAMPOS";"Carga excessiva e/ou mal acondicionada";"Colisão traseira";"Com Vítimas Feridas";"Pleno dia";"Decrescente";"Céu Claro";"Dupla";"Aclive";"Sim";3;0;0;1;2;0;1;3;-23,17426078;-45,82940111;"SPRF-SP";"DEL02-SP";"UOP01-DEL02-SP"
341896;2021-02-20;"sábado";"16:30:00";"RJ";116;300;"RESENDE";"Pista esburacada";"Queda de ocupante de veículo";"Com Vítimas Feridas";"Pleno dia";"Decrescente";"Nublado";"Dupla";"Interseção de Vias";"Sim";2;0;2;0;0;0;2;1;-22,45223481;-44,35432502;"SPRF-RJ";"DEL07-RJ";"UOP02-DEL07-RJ"
341898;2021-02-20;"sábado";"16:40:00";"MG";356;270,9;"MURIAE";"Demais falhas mecânicas ou elétricas";"Colisão traseira";"Com Vítimas Feridas";"Pleno dia";"Crescente";"Chuva";"Simples";"Reta;Aclive";"Não";2;0;1;0;1;0;1;2;-21,12696064;-42,32689641;"SPRF-MG";"DEL07-MG";"UOP02-DEL07-MG"
341899;2021-02-20;"sábado";"17:00:00";"MG";381;509;"SAO JOAQUIM DE BICAS";"Chuva";"Colisão transversal";"Com Vítimas Feridas";"Anoitecer";"Decrescente";"Chuva";"Dupla";"Reta";"Não";2;0;1;0;1;0;1;2;-20,07008;-44,298819;"SPRF-MG";"DEL01-MG";"UOP03-DEL01-MG"
341900;2021-02-20;"sábado";"17:15:00";"SP";381;2;"VARGEM";"Curva acentuada";"Queda de ocupante de veículo";"Com Vítimas Feridas";"Pleno dia";"Crescente";"Céu Claro";"Dupla";"Reta";"Não";1;0;0;1;0;0;1;1;-22,88187369;-46,39059388;"SPRF-SP";"DEL03-SP";"UOP01-DEL03-SP"
341901;2021-02-20;"sábado";"16:00:00";"MT";163;759;"SORRISO";"Acumulo de água sobre o pavimento";"Saída de leito carroçável";"Com Vítimas Feridas";"Pleno dia";"Crescente";"Chuva";"Dupla";"Curva";"Sim";2;0;1;1;0;0;2;1;-12,50278326;-55,6895256;"SPRF-MT";"DEL06-MT";"UOP01-DEL06-MT"
341908;2021-02-20;"sábado";"16:40:00";"PI";343;311,7;"ALTOS";"Ultrapassagem Indevida";"Colisão lateral sentido oposto";"Com Vítimas Feridas";"Pleno dia";"Decrescente";"Nublado";"Simples";"Curva";"Não";2;0;0;1;0;1;1;2;-5,040545;-42,500573;"SPRF-PI";"DEL01-PI";"UOP01-DEL01-PI"
341909;2021-02-20;"sábado";"16:25:00";"PR";277;666;"MEDIANEIRA";"Velocidade Incompatível";"Tombamento";"Com Vítimas Feridas";"Pleno dia";"Crescente";"Céu Claro";"Dupla";"Aclive";"Não";1;0;0;1;0;0;1;1;-25,26086511;-54,04611894;"SPRF-PR";"DEL05-PR";"UOP02-DEL05-PR"
341912;2021-02-20;"sábado";"17:30:00";"SC";470;320,8;"CAMPOS NOVOS";"Velocidade Incompatível";"Saída de leito carroçável";"Com Vítimas Feridas";"Pleno dia";"Crescente";"Céu Claro";"Simples";"Reta";"Não";1;0;0;1;0;0;1;1;-27,41375;-51,23394;"SPRF-SC";"DEL07-SC";"UOP06-DEL07-SC"
341917;2021-02-20;"sábado";"18:30:00";"BA";110;354;"ALAGOINHAS";"Desrespeitar a preferência no cruzamento";"Colisão transversal";"Com Vítimas Feridas";"Plena Noite";"Decrescente";"Céu Claro";"Simples";"Reta";"Não";2;0;0;1;1;0;1;2;-12,261761;-38,382936;"SPRF-BA";"DEL01-BA";"UOP04-DEL01-BA"
341918;2021-02-20;"sábado";"19:40:00";"PB";230;26,7;"JOAO PESSOA";"Ingestão de álcool pelo condutor";"Colisão com objeto";"Com Vítimas Feridas";"Plena Noite";"Crescente";"Céu Claro";"Dupla";"Reta";"Sim";2;0;0;2;0;0;2;1;-7,1677;-34,8855;"SPRF-PB";"DEL01-PB";"UOP01-DEL01-PB"
341919;2021-02-20;"sábado";"19:30:00";"SP";116;56,5;"LORENA";"Animais na Pista";"Engavetamento";"Com Vítimas Feridas";"Plena Noite";"Decrescente";"Chuva";"Dupla";"Reta";"Não";8;0;2;2;3;1;4;7;-22,76904403;-45,13040598;"SPRF-SP";"DEL08-SP";"UOP02-DEL08-SP"
341920;2021-02-20;"sábado";"18:40:00";"BA";101;253,5;"CONCEICAO DO ALMEIDA";"Condutor deixou de manter distância do veículo da frente";"Colisão traseira";"Com Vítimas Feridas";"Plena Noite";"Crescente";"Céu Claro";"Simples";"Reta";"Não";2;0;2;0;0;0;2;2;-12,910338;-39,240781;"SPRF-BA";"DEL01-BA";"UOP02-DEL01-BA"
341921;2021-02-20;"sábado";"19:15:00";"SP";101;52;"UBATUBA";"Ingestão de álcool pelo condutor";"Colisão traseira";"Com Vítimas Feridas";"Plena Noite";"Decrescente";"Chuva";"Simples";"Reta";"Sim";2;0;0;1;0;1;1;2;-23,4623355;-45,06476561;"SPRF-SP";"DEL06-SP";"UOP01-DEL06-SP"
341925;2021-02-20;"sábado";"19:40:00";"PE";101;13;"GOIANA";"Ingestão de álcool pelo condutor";"Colisão com objeto";"Sem Vítimas";"Plena Noite";"Decrescente";"Céu Claro";"Múltipla";"Reta";"Não";1;0;0;0;0;1;0;1;-7,61043695;-34,97530291;"SPRF-PE";"DEL01-PE";"UOP02-DEL01-PE"
341926;2021-02-20;"sábado";"17:30:00";"MG";116;402,3;"GOVERNADOR VALADARES";"Velocidade Incompatível";"Capotamento";"Com Vítimas Feridas";"Anoitecer";"Crescente";"Nublado";"Simples";"Curva";"Não";1;0;1;0;0;0;1;1;-18,7960839;-41,98926144;"SPRF-MG";"DEL06-MG";"UOP01-DEL06-MG"
341928;2021-02-20;"sábado";"19:10:00";"MT";364;325,6;"CAMPO VERDE";"Pedestre cruzava a pista fora da faixa";"Atropelamento de Pedestre";"Com Vítimas Fatais";"Plena Noite";"Crescente";"Céu Claro";"Dupla";"Reta";"Não";3;1;0;0;2;0;0;2;-15,8126764;-55,3680389;"SPRF-MT";"DEL05-MT";"UOP02-DEL05-MT"
341929;2021-02-20;"sábado";"19:10:00";"SP";381;56;"MAIRIPORA";"Velocidade Incompatível";"Atropelamento de Pedestre";"Com Vítimas Feridas";"Plena Noite";"Decrescente";"Céu Claro";"Dupla";"Reta";"Sim";3;0;0;1;0;2;1;2;-23,25980477;-46,58881372;"SPRF-SP";"DEL03-SP";"UOP01-DEL03-SP"
341930;2021-02-20;"sábado";"20:20:00";"RS";116;254;"SAPUCAIA DO SUL";"Ausência de reação do condutor";"Tombamento";"Com Vítimas Feridas";"Plena Noite";"Crescente";"Céu Claro";"Dupla";"Reta";"Sim";1;0;1;0;0;0;1;1;-29,82621805;-51,17247105;"SPRF-RS";"DEL01-RS";"UOP02-DEL01-RS"
341931;2021-02-20;"sábado";"17:00:00";"RO";319;52;"PORTO VELHO";"Reação tardia ou ineficiente do condutor";"Saída de leito carroçável";"Sem Vítimas";"Pleno dia";"Crescente";"Sol";"Simples";"Curva";"Não";1;0;0;0;0;1;0;1;-8,727128;-63,976261;"SPRF-RO";"DEL01-RO";"UOP01-DEL01-RO"
341933;2021-02-20;"sábado";"20:15:00";"SC";101;88,5;"BARRA VELHA";"Ingestão de álcool pelo condutor";"Colisão transversal";"Com Vítimas Feridas";"Plena Noite";"Decrescente";"Céu Claro";"Múltipla";"Reta";"Sim";2;0;1;0;1;0;1;2;-26,64253985;-48,68950684;"SPRF-SC";"DEL03-SC";"UOP02-DEL03-SC"
341934;2021-02-20;"sábado";"20:45:00";"PB";230;12;"CABEDELO";"Ausência de reação do condutor";"Tombamento";"Com Vítimas Feridas";"Plena Noite";"Decrescente";"Céu Claro";"Simples";"Reta";"Sim";1;0;0;1;0;0;1;1;-7,068;-34,85;"SPRF-PB";"DEL01-PB";"UOP01-DEL01-PB"
341935;2021-02-20;"sábado";"18:30:00";"BA";235;105;"JEREMOABO";"Ingestão de álcool ou de substâncias psicoativas pelo pedestre";"Atropelamento de Pedestre";"Com Vítimas Fatais";"Anoitecer";"Crescente";"Céu Claro";"Simples";"Reta";"Não";2;1;0;0;0;1;0;2;-10,02537619;-38,53536603;"SPRF-BA";"DEL07-BA";"UOP01-DEL07-BA"
341937;2021-02-20;"sábado";"19:50:00";"PR";376;302,7;"MAUA DA SERRA";"Pista Escorregadia";"Queda de ocupante de veículo";"Com Vítimas Feridas";"Plena Noite";"Decrescente";"Vento";"Dupla";"Aclive;Curva";"Não";1;0;0;1;0;0;1;1;-23,94255214;-51,12285589;"SPRF-PR";"DEL07-PR";"UOP03-DEL07-PR"
341940;2021-02-20;"sábado";"21:00:00";"PR";376;3;"SAO JOSE DOS PINHAIS";"Pedestre cruzava a pista fora da faixa";"Atropelamento de Pedestre";"Com Vítimas Feridas";"Plena Noite";"Crescente";"Céu Claro";"Dupla";"Reta";"Sim";2;0;1;0;1;0;1;2;-25,5307;-49,1958;"SPRF-PR";"DEL01-PR";"UOP01-DEL01-PR"
341941;2021-02-20;"sábado";"20:40:00";"PR";376;167,2;"MARINGA";"Avarias e/ou desgaste excessivo no pneu";"Tombamento";"Com Vítimas Feridas";"Plena Noite";"Decrescente";"Céu Claro";"Dupla";"Reta";"Não";1;0;0;1;0;0;1;1;-23,40324167;-51,99632075;"SPRF-PR";"DEL09-PR";"UOP01-DEL09-PR"
341944;2021-02-20;"sábado";"21:30:00";"RJ";101;484;"ANGRA DOS REIS";"Chuva";"Colisão lateral sentido oposto";"Com Vítimas Feridas";"Plena Noite";"Crescente";"Chuva";"Simples";"Curva";"Não";5;0;0;3;1;1;3;3;-22,99096308;-44,30429882;"SPRF-RJ";"DEL03-RJ";"UOP03-DEL03-RJ"
341945;2021-02-20;"sábado";"19:20:00";"AC";317;175;"CAPIXABA";"Objeto estático sobre o leito carroçável";"Colisão traseira";"Com Vítimas Feridas";"Plena Noite";"Decrescente";"Nublado";"Simples";"Reta";"Não";2;0;2;0;0;0;2;2;-10,59168099;-67,915829;"SPRF-AC";"DEL01-AC";"UOP02-DEL01-AC"
341947;2021-02-20;"sábado";"21:30:00";"RS";116;149,8;"CAXIAS DO SUL";"Condutor desrespeitou a iluminação vermelha do semáforo";"Engavetamento";"Sem Vítimas";"Plena Noite";"Crescente";"Céu Claro";"Dupla";"Declive;Interseção de Vias;Reta";"Sim";4;0;0;0;3;1;0;3;-29,15996905;-51,15645292;"SPRF-RS";"DEL05-RS";"UOP01-DEL05-RS"