"id";"data_inversa";"dia_semana";"horario";"uf";"br";"km";"municipio";"causa_acidente";"tipo_acidente";"classificacao_acidente";"fase_dia";"sentido_via";"condicao_metereologica";"tipo_pista";"tracado_via";"uso_solo";"pessoas";"mortos";"feridos_leves";"feridos_graves";"ilesos";"ignorados";"feridos";"veiculos";"latitude";"longitude";"regional";"delegacia";"uop"
342074;2021-02-21;"domingo";"13:40:00";"MS";163;200;"CAARAPO";"Ingestão de álcool pelo condutor";"Saída de leito carroçável";"Com Vítimas Feridas";"Pleno dia";"Crescente";"Céu Claro";"Dupla";"Reta";"Não";2;0;2;0;0;0;2;1;-22,70355597;-54,78574558;"SPRF-MS";"DEL04-MS";"UOP02-DEL04-MS"
342075;2021-02-21;"domingo";"15:00:00";"PR";116;101;"SAO JOSE DOS PINHAIS";"Demais falhas mecânicas ou elétricas";"Queda de ocupante de veículo";"Com Vítimas Feridas";"Pleno dia";"Crescente";"Céu Claro";"Dupla";"Reta";"Sim";2;0;2;0;0;0;2;1;-25,568563;-49,179359;"SPRF-PR";"DEL01-PR";"UOP01-DEL01-PR"
342076;2021-02-21;"domingo";"15:20:00";"SC";101;226;"PALHOCA";"Demais falhas mecânicas ou elétricas";"Tombamento";"Com Vítimas Feridas";"Pleno dia";"Decrescente";"Céu Claro";"Dupla";"Reta";"Não";2;0;2;0;0;0;2;1;-27,74200001;-48,63806504;"SPRF-SC";"DEL01-SC";"UOP02-DEL01-SC"
342079;2021-02-21;"domingo";"15:40:00";"SC";470;7,2;"NAVEGANTES";"Acesso irregular";"Colisão transversal";"Sem Vítimas";"Pleno dia";"Decrescente";"Nublado";"Simples";"Reta";"Não";2;0;0;0;2;0;0;2;-26,84499;-48,71505;"SPRF-SC";"DEL04-SC";"UOP04-DEL04-SC"
342080;2021-02-21;"domingo";"15:35:00";"PR";376;649;"TIJUCAS DO SUL";"Condutor deixou de manter distância do veículo da frente";"Colisão traseira";"Com Vítimas Feridas";"Pleno dia";"Decrescente";"Céu Claro";"Dupla";"Reta";"Não";12;0;4;0;8;0;4;4;-25,84592132;-49,09776415;"SPRF-PR";"DEL01-PR";"UOP04-DEL01-PR"
342081;2021-02-21;"domingo";"10:00:00";"PE";316;20;"ARARIPINA";"Conversão proibida";"Colisão transversal";"Com Vítimas Feridas";"Pleno dia";"Crescente";"Céu Claro";"Simples";"Reta";"Não";4;0;4;0;0;0;4;2;-7,55997805;-40,53416406;"SPRF-PE";"DEL05-PE";"UOP02-DEL05-PE"
342082;2021-02-21;"domingo";"15:45:00";"GO";60;109,3;"GOIANAPOLIS";"Demais falhas mecânicas ou elétricas";"Saída de leito carroçável";"Sem Vítimas";"Pleno dia";"Crescente";"Chuva";"Dupla";"Reta";"Não";1;0;0;0;1;0;0;1;-16,4478;-49,0224;"SPRF-GO";"DEL01-GO";"UOP01-DEL01-GO"
342084;2021-02-21;"domingo";"16:10:00";"SC";101;195,4;"BIGUACU";"Condutor deixou de manter distância do veículo da frente";"Colisão traseira";"Com Vítimas Feridas";"Pleno dia";"Crescente";"Céu Claro";"Dupla";"Reta";"Não";4;0;2;0;2;0;2;3;-27,5047092;-48,65010819;"SPRF-SC";"DEL01-SC";"UOP01-DEL01-SC"
342085;2021-02-21;"domingo";"15:40:00";"PE";101;74,1;"RECIFE";"Reação tardia ou ineficiente do condutor";"Colisão traseira";"Com Vítimas Feridas";"Pleno dia";"Decrescente";"Sol";"Dupla";"Reta";"Sim";2;0;1;0;1;0;1;2;-8,104577;-34,948583;"SPRF-PE";"DEL01-PE";"UOP01-DEL01-PE"
342087;2021-02-21;"domingo";"12:55:00";"RS";287;394;"SANTIAGO";"Ingestão de álcool pelo condutor";"Saída de leito carroçável";"Sem Vítimas";"Pleno dia";"Decrescente";"Céu Claro";"Simples";"Reta";"Não";1;0;0;0;1;0;0;1;-29,20624137;-54,8477054;"SPRF-RS";"DEL12-RS";"UOP02-DEL12-RS"
342088;2021-02-21;"domingo";"16:45:00";"GO";70;1;"AGUAS LINDAS DE GOIAS";"Reação tardia ou ineficiente do condutor";"Saída de leito carroçável";"Com Vítimas Feridas";"Pleno dia";"Decrescente";"Garoa/Chuvisco";"Dupla";"Reta;Declive";"Não";2;0;0;2;0;0;2;1;-15,77666116;-48,23324241;"SPRF-DF";"DEL03-DF";"UOP02-DEL03-DF"
342089;2021-02-21;"domingo";"08:10:00";"RS";285;585;"BOSSOROCA";"Avarias e/ou desgaste excessivo no pneu";"Capotamento";"Com Vítimas Feridas";"Pleno dia";"Crescente";"Céu Claro";"Simples";"Curva";"Não";2;0;2;0;0;0;2;1;-28,461426;-55,135197;"SPRF-RS";"DEL12-RS";"UOP01-DEL12-RS"
342091;2021-02-21;"domingo";"16:30:00";"GO";50;260,3;"CATALAO";"Acumulo de água sobre o pavimento";"Colisão com objeto";"Com Vítimas Feridas";"Pleno dia";"Decrescente";"Chuva";"Dupla";"Reta;Declive";"Não";3;0;1;0;2;0;1;1;-18,0366;-47,8438;"SPRF-GO";"DEL06-GO";"UOP01-DEL06-GO"
342092;2021-02-21;"domingo";"17:00:00";"SP";116;147,6;"SAO JOSE DOS CAMPOS";"Manobra de mudança de faixa";"Colisão lateral";"Com Vítimas Feridas";"Pleno dia";"Crescente";"Céu Claro";"Múltipla";"Reta";"Sim";3;0;1;0;2;0;1;2;-23,19542994;-45,87176303;"SPRF-SP";"DEL02-SP";"UOP01-DEL02-SP"
342093;2021-02-02;"terça-feira";"13:40:00";"PE";0;0;"GARANHUNS";"Afundamento ou ondulação no pavimento";"Eventos atípicos";"Sem Vítimas";"Pleno dia";"Não Informado";"Céu Claro";"Simples";"Curva";"Não";3;0;0;0;3;0;0;1;-8,8619549;-36,46381174;"SPRF-PE";"DEL03-PE";"UOP01-DEL03-PE"
342094;2021-02-21;"domingo";"16:30:00";"ES";101;172;"ARACRUZ";"Ingestão de álcool pelo condutor";"Colisão traseira";"Sem Vítimas";"Pleno dia";"Crescente";"Céu Claro";"Múltipla";"Reta";"Não";2;0;0;0;2;0;0;2;-19,56471105;-40,17869594;"SPRF-ES";"DEL04-ES";"UOP01-DEL04-ES"
342095;2021-02-21;"domingo";"15:55:00";"CE";20;411,5;"CAUCAIA";"Ingestão de álcool pelo condutor";"Atropelamento de Pedestre";"Com Vítimas Fatais";"Pleno dia";"Crescente";"Céu Claro";"Dupla";"Reta";"Sim";7;1;6;0;0;0;6;2;-3,76999035;-38,67006282;"SPRF-CE";"DEL01-CE";"UOP01-DEL01-CE"
342096;2021-02-21;"domingo";"16:40:00";"RJ";116;275,3;"BARRA MANSA";"Demais falhas mecânicas ou elétricas";"Colisão com objeto";"Sem Vítimas";"Pleno dia";"Decrescente";"Nublado";"Dupla";"Reta";"Não";1;0;0;0;1;0;0;1;-22,53340865;-44,19610977;"SPRF-RJ";"DEL07-RJ";"UOP02-DEL07-RJ"
342099;2021-02-21;"domingo";"12:30:00";"MA";10;213;"RIBAMAR FIQUENE";"Demais falhas mecânicas ou elétricas";"Incêndio";"Sem Vítimas";"Pleno dia";"Crescente";"Nublado";"Simples";"Reta";"Não";1;0;0;0;0;1;0;1;-5,854142;-47,357235;"SPRF-MA";"DEL04-MA";"UOP01-DEL04-MA"
342101;2021-02-21;"domingo";"17:40:00";"ES";262;65,2;"MARECHAL FLORIANO";"Ingestão de álcool pelo condutor";"Colisão lateral";"Com Vítimas Feridas";"Anoitecer";"Crescente";"Céu Claro";"Simples";"Reta;Declive";"Não";3;0;0;1;2;0;1;2;-20,41443354;-40,82302074;"SPRF-ES";"DEL01-ES";"UOP02-DEL01-ES"
342104;2021-02-21;"domingo";"13:45:00";"RS";285;568;"SAO LUIZ GONZAGA";"Conversão proibida";"Colisão transversal";"Com Vítimas Feridas";"Pleno dia";"Crescente";"Céu Claro";"Simples";"Curva";"Sim";3;0;1;0;0;2;1;3;-28,414005;-54,976131;"SPRF-RS";"DEL12-RS";"UOP01-DEL12-RS"
342105;2021-02-21;"domingo";"18:00:00";"SP";381;81;"SAO PAULO";"Condutor deixou de manter distância do veículo da frente";"Queda de ocupante de veículo";"Com Vítimas Feridas";"Pleno dia";"Crescente";"Sol";"Dupla";"Reta";"Sim";1;0;1;0;0;0;1;1;-23,41704481;-46,58022057;"SPRF-SP";"DEL03-SP";"UOP01-DEL03-SP"
342106;2021-02-21;"domingo";"15:30:00";"SC";101;101,1;"BALNEARIO PICARRAS";"Ingestão de álcool pelo condutor";"Colisão com objeto";"Com Vítimas Feridas";"Pleno dia";"Crescente";"Céu Claro";"Dupla";"Reta";"Não";1;0;1;0;0;0;1;1;-26,76404198;-48,68657667;"SPRF-SC";"DEL03-SC";"UOP02-DEL03-SC"
342107;2021-02-21;"domingo";"11:00:00";"MA";135;163;"SAO MATEUS DO MARANHAO";"Reação tardia ou ineficiente do condutor";"Saída de leito carroçável";"Com Vítimas Feridas";"Pleno dia";"Decrescente";"Céu Claro";"Simples";"Reta";"Não";1;0;1;0;0;0;1;1;-3,87175313;-44,49513627;"SPRF-MA";"DEL01-MA";"UOP02-DEL01-MA"
342108;2021-02-21;"domingo";"17:35:00";"RS";386;349,1;"LAJEADO";"Ingestão de álcool pelo condutor";"Colisão traseira";"Com Vítimas Feridas";"Pleno dia";"Decrescente";"Sol";"Dupla";"Viaduto";"Sim";6;0;1;0;5;0;1;2;-29,46646159;-51,95473731;"SPRF-RS";"DEL04-RS";"UOP02-DEL04-RS"
342109;2021-02-21;"domingo";"17:00:00";"PE";408;28,5;"ALIANCA";"Velocidade Incompatível";"Saída de leito carroçável";"Com Vítimas Fatais";"Pleno dia";"Crescente";"Céu Claro";"Simples";"Curva";"Não";1;1;0;0;0;0;0;1;-7,5940327;-35,24470263;"SPRF-PE";"DEL01-PE";"UOP01-DEL01-PE"
342114;2021-02-21;"domingo";"18:00:00";"PR";369;147;"LONDRINA";"Avarias e/ou desgaste excessivo no pneu";"Colisão com objeto";"Com Vítimas Feridas";"Anoitecer";"Decrescente";"Céu Claro";"Dupla";"Reta";"Sim";4;0;4;0;0;0;4;1;-23,29342666;-51,13261342;"SPRF-PR";"DEL07-PR";"UOP01-DEL07-PR"
342115;2021-02-02;"terça-feira";"13:40:00";"PE";0;0;"GARANHUNS";"Afundamento ou ondulação no pavimento";"Eventos atípicos";"Sem Vítimas";"Pleno dia";"Não Informado";"Céu Claro";"Simples";"Curva";"Não";2;0;0;0;2;0;0;1;-8,86035142;-36,46102667;"SPRF-PE";"DEL03-PE";"UOP01-DEL03-PE"
342117;2021-02-21;"domingo";"19:00:00";"SC";101;206;"SAO JOSE";"Condutor deixou de manter distância do veículo da frente";"Colisão traseira";"Com Vítimas Feridas";"Anoitecer";"Decrescente";"Céu Claro";"Dupla";"Reta";"Sim";2;0;1;0;0;1;1;2;-27,59193546;-48,61824557;"SPRF-SC";"DEL01-SC";"UOP01-DEL01-SC"
342118;2021-02-21;"domingo";"18:30:00";"BA";367;42;"EUNAPOLIS";"Ausência de reação do condutor";"Atropelamento de Pedestre";"Com Vítimas Feridas";"Plena Noite";"Crescente";"Céu Claro";"Simples";"Reta";"Sim";3;0;0;1;0;2;1;2;-16,37215063;-39,56876278;"SPRF-BA";"DEL09-BA";"UOP01-DEL09-BA"
342120;2021-02-21;"domingo";"18:10:00";"MG";50;197;"DELTA";"Reação tardia ou ineficiente do condutor";"Colisão traseira";"Sem Vítimas";"Anoitecer";"Decrescente";"Nublado";"Múltipla";"Reta";"Não";3;0;0;0;3;0;0;2;-19,91076436;-47,83254654;"SPRF-MG";"DEL13-MG";"UOP01-DEL13-MG"
342122;2021-02-21;"domingo";"15:20:00";"MG";40;764,2;"JUIZ DE FORA";"Velocidade Incompatível";"Saída de leito carroçável";"Com Vítimas Feridas";"Pleno dia";"Decrescente";"Chuva";"Simples";"Curva";"Sim";2;0;2;0;0;0;2;1;-21,5606587;-43,49865196;"SPRF-MG";"DEL05-MG";"UOP01-DEL05-MG"
342123;2021-02-21;"domingo";"19:00:00";"MG";40;716;"BARBACENA";"Chuva";"Saída de leito carroçável";"Com Vítimas Feridas";"Plena Noite";"Decrescente";"Chuva";"Dupla";"Curva";"Não";3;0;3;0;0;0;3;1;-21,25153502;-43,66402206;"SPRF-MG";"DEL05-MG";"UOP01-DEL05-MG"
342124;2021-02-21;"domingo";"18:00:00";"SP";381;7;"VARGEM";"Condutor deixou de manter distância do veículo da frente";"Colisão traseira";"Sem Vítimas";"Plena Noite";"Crescente";"Chuva";"Dupla";"Reta";"Não";6;0;0;0;6;0;0;3;-22,90533708;-46,42270582;"SPRF-SP";"DEL03-SP";"UOP01-DEL03-SP"
342125;2021-02-21;"domingo";"16:30:00";"AC";317;405;"ASSIS BRASIL";"Acessar a via sem observar a presença dos outros veículos";"Colisão frontal";"Com Vítimas Feridas";"Anoitecer";"Crescente";"Chuva";"Simples";"Curva";"Não";2;0;1;0;1;0;1;2;-10,92981203;-69,55784893;"SPRF-AC";"DEL01-AC";"UOP02-DEL01-AC"
342126;2021-02-21;"domingo";"10:50:00";"SP";116;498,8;"CAJATI";"Ausência de reação do condutor";"Colisão traseira";"Com Vítimas Feridas";"Pleno dia";"Crescente";"Céu Claro";"Simples";"Reta";"Não";2;0;1;0;1;0;1;2;-24,77566399;-48,17082817;"SPRF-SP";"DEL05-SP";"UOP02-DEL05-SP"
342127;2021-02-21;"domingo";"19:30:00";"PE";101;45;"IGARASSU";"Pedestre andava na pista";"Atropelamento de Pedestre";"Com Vítimas Feridas";"Plena Noite";"Decrescente";"Céu Claro";"Dupla";"Reta";"Sim";4;0;1;0;1;2;1;2;-7,86521297;-34,90715176;"SPRF-PE";"DEL01-PE";"UOP02-DEL01-PE"
342128;2021-02-21;"domingo";"18:40:00";"PE";101;41;"IGARASSU";"Ausência de reação do condutor";"Saída de leito carroçável";"Sem Vítimas";"Plena Noite";"Decrescente";"Vento";"Dupla";"Viaduto";"Não";1;0;0;0;0;1;0;1;-7,83038346;-34,91426785;"SPRF-PE";"DEL01-PE";"UOP02-DEL01-PE"
342129;2021-02-21;"domingo";"18:45:00";"SC";282;503,8;"XANXERE";"Acumulo de areia ou detritos sobre o pavimento";"Tombamento";"Com Vítimas Feridas";"Pleno dia";"Decrescente";"Sol";"Dupla";"Curva";"Sim";1;0;1;0;0;0;1;1;-26,88492;-52,399788;"SPRF-SC";"DEL07-SC";"UOP01-DEL07-SC"
342130;2021-02-21;"domingo";"16:00:00";"BA";324;585;"SAO SEBASTIAO DO PASSE";"Falta de elemento de contenção que evite a saída do leito carroçável";"Saída de leito carroçável";"Com Vítimas Feridas";"Pleno dia";"Decrescente";"Céu Claro";"Dupla";"Reta";"Não";1;0;1;0;0;0;1;1;-12,63012705;-38,47968619;"SPRF-BA";"DEL01-BA";"UOP01-DEL01-BA"
342132;2021-02-21;"domingo";"19:20:00";"PR";476;115,5;"COLOMBO";"Desrespeitar a preferência no cruzamento";"Colisão transversal";"Com Vítimas Feridas";"Anoitecer";"Decrescente";"Céu Claro";"Dupla";"Interseção de Vias";"Sim";2;0;1;0;1;0;1;2;-25,344196;-49,159679;"SPRF-PR";"DEL01-PR";"UOP02-DEL01-PR"
342133;2021-02-21;"domingo";"19:30:00";"RN";304;48,3;"MOSSORO";"Acessar a via sem observar a presença dos outros veículos";"Colisão traseira";"Com Vítimas Feridas";"Plena Noite";"Decrescente";"Céu Claro";"Dupla";"Reta";"Sim";3;0;1;1;1;0;2;2;-5,22868577;-37,32203081;"SPRF-RN";"DEL04-RN";"UOP01-DEL04-RN"
342136;2021-02-21;"domingo";"19:00:00";"MT";364;207;"RONDONOPOLIS";"Ausência de reação do condutor";"Colisão com objeto";"Com Vítimas Fatais";"Plena Noite";"Crescente";"Nublado";"Dupla";"Curva";"Sim";2;1;1;0;0;0;1;1;-16,44347006;-54,67236704;"SPRF-MT";"DEL02-MT";"UOP01-DEL02-MT"
342137;2021-02-21;"domingo";"20:05:00";"PA";163;991;"SANTAREM";"Condutor deixou de manter distância do veículo da frente";"Colisão lateral mesmo sentido";"Com Vítimas Feridas";"Plena Noite";"Crescente";"Nublado";"Simples";"Reta";"Não";3;0;1;1;0;1;2;2;-2,547851;-54,72278;"SPRF-PA";"DEL05-PA";"UOP01-DEL05-PA"
342139;2021-02-21;"domingo";"17:00:00";"SC";282;495,2;"FAXINAL DOS GUEDES";"Ingestão de álcool pelo condutor";"Colisão com objeto";"Com Vítimas Feridas";"Pleno dia";"Decrescente";"Sol";"Simples";"Curva";"Não";1;0;1;0;0;0;1;1;-26,875349;-52,327076;"SPRF-SC";"DEL07-SC";"UOP01-DEL07-SC"
342140;2021-02-21;"domingo";"19:20:00";"ES";101;297,6;"CARIACICA";"Condutor desrespeitou a iluminação vermelha do semáforo";"Colisão transversal";"Com Vítimas Feridas";"Plena Noite";"Decrescente";"Céu Claro";"Dupla";"Reta";"Sim";3;0;0;1;1;1;1;3;-20,34529844;-40,41026774;"SPRF-ES";"DEL01-ES";"UOP01-DEL01-ES"
342141;2021-02-21;"domingo";"16:50:00";"RO";364;183,5;"PIMENTA BUENO";"Avarias e/ou desgaste excessivo no pneu";"Queda de ocupante de veículo";"Com Vítimas Feridas";"Pleno dia";"Crescente";"Céu Claro";"Simples";"Reta";"Não";2;0;2;0;0;0;2;1;-11,75593834;-61,09019144;"SPRF-RO";"DEL02-RO";"UOP02-DEL02-RO"
342142;2021-02-21;"domingo";"20:10:00";"RS";290;188,5;"MINAS DO LEAO";"Mal súbito do condutor";"Saída de leito carroçável";"Com Vítimas Feridas";"Plena Noite";"Decrescente";"Céu Claro";"Simples";"Reta";"Não";2;0;1;1;0;0;2;1;-30,153578;-52,093895;"SPRF-RS";"DEL02-RS";"UOP03-DEL02-RS"
342144;2021-02-21;"domingo";"19:30:00";"RJ";101;498,5;"ANGRA DOS REIS";"Chuva";"Atropelamento de Pedestre";"Com Vítimas Feridas";"Plena Noite";"Decrescente";"Chuva";"Simples";"Reta";"Não";5;0;0;1;4;0;1;2;-22,91383999;-44,337147;"SPRF-RJ";"DEL03-RJ";"UOP03-DEL03-RJ"
342146;2021-02-21;"domingo";"17:15:00";"MG";262;620,5;"IBIA";"Demais falhas mecânicas ou elétricas";"Saída de leito carroçável";"Com Vítimas Feridas";"Pleno dia";"Crescente";"Céu Claro";"Simples";"Reta";"Não";2;0;1;1;0;0;2;1;-19,58805771;-46,369539;"SPRF-MG";"DEL08-MG";"UOP02-DEL08-MG"
342147;2021-02-21;"domingo";"20:55:00";"RS";285;293;"PASSO FUNDO";"Entrada inopinada do pedestre";"Atropelamento de Pedestre";"Com Vítimas Feridas";"Plena Noite";"Decrescente";"Céu Claro";"Dupla";"Interseção de Vias";"Sim";3;0;1;0;2;0;1;2;-28,23737725;-52,37318873;"SPRF-RS";"DEL08-RS";"UOP03-DEL08-RS"
342148;2021-02-21;"domingo";"15:58:00";"PR";277;434,6;"VIRMOND";"Velocidade Incompatível";"Saída de leito carroçável";"Com Vítimas Feridas";"Pleno dia";"Crescente";"Chuva";"Simples";"Declive;Curva";"Não";1;0;1;0;0;0;1;1;-25,3784;-52,202767;"SPRF-PR";"DEL04-PR";"UOP02-DEL04-PR"
342149;2021-02-21;"domingo";"20:55:00";"RS";116;428;"CRISTAL";"Ingestão de álcool pelo condutor";"Saída de leito carroçável";"Sem Vítimas";"Plena Noite";"Decrescente";"Nublado";"Simples";"Reta";"Sim";1;0;0;0;1;0;0;1;-30,99599419;-52,04704287;"SPRF-RS";"DEL02-RS";"UOP02-DEL02-RS"
342151;2021-02-21;"domingo";"19:10:00";"PR";163;290;"MARECHAL CANDIDO RONDON";"Ultrapassagem Indevida";"Colisão lateral sentido oposto";"Com Vítimas Feridas";"Plena Noite";"Decrescente";"Céu Claro";"Simples";"Reta";"Não";4;0;4;0;0;0;4;2;-24,53507184;-54,04952168;"SPRF-PR";"DEL06-PR";"UOP02-DEL06-PR"
342153;2021-02-21;"domingo";"20:00:00";"PR";277;76;"SAO JOSE DOS PINHAIS";"Velocidade Incompatível";"Saída de leito carroçável";"Com Vítimas Feridas";"Plena Noite";"Crescente";"Céu Claro";"Dupla";"Reta";"Sim";2;0;0;2;0;0;2;1;-25,51327981;-49,12433291;"SPRF-PR";"DEL01-PR";"UOP01-DEL01-PR"
342154;2021-02-21;"domingo";"20:10:00";"MT";163;840;"SINOP";"Pedestre cruzava a pista fora da faixa";"Atropelamento de Pedestre";"Com Vítimas Feridas";"Plena Noite";"Crescente";"Nublado";"Simples";"Reta";"Sim";3;0;1;0;2;0;1;2;-11,94214306;-55,51630378;"SPRF-MT";"DEL06-MT";"NPF/DEL06-MT"
342155;2021-02-21;"domingo";"20:40:00";"CE";20;391,3;"CAUCAIA";"Reação tardia ou ineficiente do condutor";"Saída de leito carroçável";"Sem Vítimas";"Plena Noite";"Decrescente";"Céu Claro";"Simples";"Interseção de Vias";"Não";1;0;0;0;0;1;0;1;-3,84637801;-38,77592325;"SPRF-CE";"DEL01-CE";"UOP01-DEL01-CE"
342157;2021-02-21;"domingo";"19:29:00";"TO";153;503;"PARAISO DO TOCANTINS";"Ingestão de álcool pelo condutor";"Colisão traseira";"Sem Vítimas";"Plena Noite";"Decrescente";"Céu Claro";"Simples";"Aclive";"Não";2;0;0;0;2;0;0;2;-10,22749198;-48,87609117;"SPRF-TO";"DEL01-TO";"UOP01-DEL01-TO"
342158;2021-02-21;"domingo";"21:35:00";"PB";230;215,6;"SOLEDADE";"Pedestre cruzava a pista fora da faixa";"Queda de ocupante de veículo";"Com Vítimas Feridas";"Plena Noite";"Crescente";"Céu Claro";"Simples";"Reta";"Sim";2;0;1;1;0;0;2;2;-7,0577;-36,3629;"SPRF-PB";"DEL02-PB";"UOP02-DEL02-PB"
342160;2021-02-21;"domingo";"19:30:00";"BA";324;363,7;"CAPIM GROSSO";"Conversão proibida";"Colisão frontal";"Com Vítimas Feridas";"Plena Noite";"Crescente";"Céu Claro";"Simples";"Reta";"Não";2;0;0;1;1;0;1;2;-11,40468614;-39,94332975;"SPRF-BA";"DEL04-BA";"UOP02-DEL04-BA"
342162;2021-02-21;"domingo";"19:45:00";"RJ";116;125,5;"MAGE";"Pedestre cruzava a pista fora da faixa";"Atropelamento de Pedestre";"Com Vítimas Feridas";"Plena Noite";"Crescente";"Céu Claro";"Dupla";"Curva";"Não";2;0;1;0;1;0;1;2;-22,65156898;-43,07769901;"SPRF-RJ";"DEL04-RJ";"UOP02-DEL04-RJ"
342163;2021-02-21;"domingo";"20:00:00";"PI";343;345;"TERESINA";"Ausência de reação do condutor";"Colisão transversal";"Com Vítimas Feridas";"Plena Noite";"Crescente";"Chuva";"Dupla";"Reta";"Sim";2;0;1;0;1;0;1;2;-5,102889;-42,766506;"SPRF-PI";"DEL01-PI";"UOP01-DEL01-PI"
342164;2021-02-21;"domingo";"20:40:00";"AL";101;137;"SAO MIGUEL DOS CAMPOS";"Acessar a via sem observar a presença dos outros veículos";"Colisão transversal";"Com Vítimas Feridas";"Plena Noite";"Crescente";"Céu Claro";"Simples";"Interseção de Vias";"Não";2;0;1;0;0;1;1;2;-9,80260488;-36,11277021;"SPRF-AL";"DEL02-AL";"UOP01-DEL02-AL"
342169;2021-02-21;"domingo";"22:20:00";"SC";101;77;"ARAQUARI";"Ingestão de álcool pelo condutor";"Queda de ocupante de veículo";"Com Vítimas Feridas";"Plena Noite";"Decrescente";"Céu Claro";"Dupla";"Reta";"Não";1;0;1;0;0;0;1;1;-26,56833103;-48,72029393;"SPRF-SC";"DEL03-SC";"UOP02-DEL03-SC"
342170;2021-02-21;"domingo";"21:10:00";"SC";101;63,5;"ARAQUARI";"Ingestão de álcool pelo condutor";"Colisão traseira";"Sem Vítimas";"Plena Noite";"Decrescente";"Céu Claro";"Dupla";"Reta";"Não";6;0;0;0;6;0;0;2;-26,45898367;-48,7584088;"SPRF-SC";"DEL03-SC";"UOP02-DEL03-SC"
342171;2021-02-21;"domingo";"19:41:00";"RO";364;17,8;"VILHENA";"Ingestão de álcool e/ou substâncias psicoativas pelo pedestre";"Colisão traseira";"Com Vítimas Feridas";"Plena Noite";"Decrescente";"Nublado";"Simples";"Reta";"Não";3;0;1;1;0;1;2;3;-12,73207998;-60,16589399;"SPRF-RO";"DEL04-RO";"UOP01-DEL04-RO"
342174;2021-02-21;"domingo";"23:20:00";"RS";116;648,6;"JAGUARAO";"Condutor usando celular";"Saída de leito carroçável";"Sem Vítimas";"Plena Noite";"Crescente";"Nublado";"Simples";"Reta";"Não";1;0;0;0;1;0;0;1;-32,50834645;-53,32915957;"SPRF-RS";"DEL07-RS";"UOP03-DEL07-RS"
342175;2021-02-21;"domingo";"20:20:00";"PR";277;134;"BALSA NOVA";"Ingestão de álcool pelo condutor";"Engavetamento";"Sem Vítimas";"Plena Noite";"Decrescente";"Céu Claro";"Dupla";"Reta";"Sim";5;0;0;0;3;2;0;4;-25,4702341;-49,7247385;"SPRF-PR";"DEL01-PR";"UOP03-DEL03-PR"
342176;2021-02-21;"domingo";"22:40:00";"RJ";101;290;"ITABORAI";"Reação tardia ou ineficiente do condutor";"Colisão com objeto";"Com Vítimas Feridas";"Plena Noite";"Crescente";"Nublado";"Dupla";"Curva";"Não";2;0;1;0;1;0;1;1;-22,76708384;-42,86081305;"SPRF-RJ";"DEL02-RJ";"UOP03-DEL02-RJ"
342177;2021-02-21;"domingo";"20:55:00";"PB";104;129;"CAMPINA GRANDE";"Estacionar ou parar em local proibido";"Colisão traseira";"Sem Vítimas";"Plena Noite";"Crescente";"Céu Claro";"Dupla";"Reta";"Não";3;0;0;0;3;0;0;3;-7,28120589;-35,88915693;"SPRF-PB";"DEL02-PB";"UOP01-DEL02-PB"
342178;2021-02-21;"domingo";"23:15:00";"MG";364;44;"FRUTAL";"Demais falhas na via";"Tombamento";"Com Vítimas Feridas";"Plena Noite";"Decrescente";"Céu Claro";"Simples";"Reta";"Não";1;0;1;0;0;0;1;1;-19,96327251;-48,96163076;"SPRF-MG";"DEL13-MG";"UOP02-DEL13-MG"
342179;2021-02-22;"segunda-feira";"00:10:00";"SE";235;50,6;"ITABAIANA";"Condutor Dormindo";"Colisão com objeto";"Com Vítimas Feridas";"Plena Noite";"Decrescente";"Céu Claro";"Simples";"Rotatória";"Sim";1;0;1;0;0;0;1;1;-10,7038128;-37,4284029;"SPRF-SE";"DEL01-SE";"UOP02-DEL01-SE"
342180;2021-02-21;"domingo";"23:30:00";"RJ";393;172,5;"TRES RIOS";"Ingestão de substâncias psicoativas pelo condutor";"Saída de leito carroçável";"Sem Vítimas";"Plena Noite";"Crescente";"Céu Claro";"Simples";"Curva";"Não";3;0;0;0;3;0;0;1;-22,12463126;-43,17771104;"SPRF-RJ";"DEL05-RJ";"UOP02-DEL05-RJ"
342181;2021-02-21;"domingo";"22:30:00";"MA";135;276,7;"CAPINZAL DO NORTE";"Transitar na contramão";"Colisão lateral sentido oposto";"Com Vítimas Fatais";"Plena Noite";"Crescente";"Nublado";"Simples";"Reta";"Não";3;1;0;1;0;1;1;2;-4,798492;-44,32512207;"SPRF-MA";"DEL03-MA";"UOP01-DEL03-MA"
342182;2021-02-21;"domingo";"23:55:00";"RS";290;30;"SANTO ANTONIO DA PATRULHA";"Demais falhas mecânicas ou elétricas";"Incêndio";"Sem Vítimas";"Plena Noite";"Crescente";"Nublado";"Dupla";"Reta";"Não";1;0;0;0;1;0;0;1;-29,883583;-50,555428;"SPRF-RS";"DEL03-RS";"UOP01-DEL03-RS"
342183;2021-02-22;"segunda-feira";"00:05:00";"PR";277;590,7;"CASCAVEL";"Ingestão de álcool pelo condutor";"Colisão traseira";"Sem Vítimas";"Plena Noite";"Decrescente";"Céu Claro";"Simples";"Reta";"Sim";2;0;0;0;2;0;0;2;-24,98325727;-53,46093178;"SPRF-PR";"DEL04-PR";"UOP01-DEL04-PR"