"id";"data_inversa";"dia_semana";"horario";"uf";"br";"km";"municipio";"causa_acidente";"tipo_acidente";"classificacao_acidente";"fase_dia";"sentido_via";"condicao_metereologica";"tipo_pista";"tracado_via";"uso_solo";"pessoas";"mortos";"feridos_leves";"feridos_graves";"ilesos";"ignorados";"feridos";"veiculos";"latitude";"longitude";"regional";"delegacia";"uop"
342184;2021-02-09;"terça-feira";"18:22:00";"MG";262;814,4;"UBERABA";"Condutor deixou de manter distância do veículo da frente";"Colisão lateral";"Com Vítimas Feridas";"Plena Noite";"Decrescente";"Chuva";"Dupla";"Reta";"Sim";2;0;0;1;1;0;1;2;-19,76506609;-48,12286402;"SPRF-MG";"DEL13-MG";"UOP01-DEL13-MG"
342185;2021-02-22;"segunda-feira";"00:05:00";"MG";381;928,1;"ITAPEVA";"Ingestão de álcool e/ou substâncias psicoativas pelo pedestre";"Colisão lateral";"Com Vítimas Feridas";"Plena Noite";"Crescente";"Céu Claro";"Dupla";"Reta";"Sim";4;0;2;0;2;0;2;2;-22,79586565;-46,25414729;"SPRF-MG";"DEL16-MG";"UOP03-DEL16-MG"
342189;2021-02-21;"domingo";"21:30:00";"RJ";116;65,9;"TERESOPOLIS";"Acessar a via sem observar a presença dos outros veículos";"Colisão frontal";"Com Vítimas Feridas";"Plena Noite";"Decrescente";"Nublado";"Simples";"Reta";"Sim";2;0;0;1;1;0;1;2;-22,27707804;-42,92764378;"SPRF-RJ";"DEL04-RJ";"UOP01-DEL04-RJ"
342191;2021-02-21;"domingo";"17:00:00";"MS";158;195;"SELVIRIA";"Ingestão de álcool pelo condutor";"Colisão com objeto";"Com Vítimas Feridas";"Pleno dia";"Crescente";"Céu Claro";"Simples";"Rotatória";"Sim";1;0;1;0;0;0;1;1;-20,35894395;-51,41475738;"SPRF-MS";"DEL08-MS";"UOP01-DEL08-MS"
342192;2021-02-21;"domingo";"22:45:00";"SC";101;408,7;"ARARANGUA";"Ingestão de álcool pelo condutor";"Saída de leito carroçável";"Sem Vítimas";"Plena Noite";"Decrescente";"Nublado";"Simples";"Reta";"Não";1;0;0;0;1;0;0;1;-28,93274934;-49,49512482;"SPRF-SC";"DEL02-SC";"UOP02-DEL02-SC"
342193;2021-02-22;"segunda-feira";"00:05:00";"PR";163;92;"CAPANEMA";"Condutor Dormindo";"Saída de leito carroçável";"Com Vítimas Feridas";"Plena Noite";"Decrescente";"Céu Claro";"Simples";"Declive;Reta";"Não";1;0;1;0;0;0;1;1;-25,653578;-53,804709;"SPRF-PR";"DEL02-PR";"UOP02-DEL02-PR"
342194;2021-02-21;"domingo";"18:50:00";"DF";20;41;"BRASILIA";"Acessar a via sem observar a presença dos outros veículos";"Colisão traseira";"Sem Vítimas";"Plena Noite";"Crescente";"Chuva";"Dupla";"Reta";"Não";2;0;0;0;2;0;0;2;-15,581073;-47,50346;"SPRF-DF";"DEL02-DF";"UOP01-DEL02-DF"
342195;2021-02-22;"segunda-feira";"01:10:00";"PR";376;325,5;"ORTIGUEIRA";"Velocidade Incompatível";"Saída de leito carroçável";"Com Vítimas Feridas";"Plena Noite";"Crescente";"Céu Claro";"Simples";"Curva";"Não";1;0;1;0;0;0;1;1;-24,056778;-51,062718;"SPRF-PR";"DEL07-PR";"UOP03-DEL07-PR"
342196;2021-02-21;"domingo";"22:44:00";"AC";364;123;"RIO BRANCO";"Pedestre cruzava a pista fora da faixa";"Atropelamento de Pedestre";"Com Vítimas Fatais";"Plena Noite";"Crescente";"Céu Claro";"Dupla";"Reta";"Sim";2;1;0;0;1;0;0;2;-10,0117071;-67,782373;"SPRF-AC";"DEL01-AC";"UOP01-DEL01-AC"
342200;2021-02-22;"segunda-feira";"01:45:00";"SC";280;235;"CANOINHAS";"Ingestão de álcool pelo condutor";"Saída de leito carroçável";"Sem Vítimas";"Plena Noite";"Decrescente";"Céu Claro";"Simples";"Reta";"Sim";1;0;0;0;1;0;0;1;-26,19206283;-50,41295701;"SPRF-SC";"DEL06-SC";"UOP04-DEL06-SC"
342202;2021-02-22;"segunda-feira";"04:25:00";"PE";232;120,9;"CARUARU";"Entrada inopinada do pedestre";"Atropelamento de Pedestre";"Com Vítimas Fatais";"Plena Noite";"Decrescente";"Céu Claro";"Dupla";"Declive;Reta";"Não";4;1;0;0;3;0;0;2;-8,301246;-35,914714;"SPRF-PE";"DEL02-PE";"UOP03-DEL02-PE"
342203;2021-02-22;"segunda-feira";"04:00:00";"BA";242;565;"IBOTIRAMA";"Ingestão de álcool pelo condutor";"Capotamento";"Com Vítimas Feridas";"Plena Noite";"Decrescente";"Céu Claro";"Simples";"Reta";"Não";1;0;0;1;0;0;1;1;-12,061707;-43,100788;"SPRF-BA";"DEL06-BA";"UOP03-DEL06-BA"
342204;2021-02-22;"segunda-feira";"06:40:00";"SC";101;215;"PALHOCA";"Ultrapassagem Indevida";"Colisão traseira";"Com Vítimas Feridas";"Pleno dia";"Decrescente";"Céu Claro";"Dupla";"Reta";"Sim";3;0;2;0;1;0;2;2;-27,65184843;-48,67604941;"SPRF-SC";"DEL01-SC";"UOP02-DEL01-SC"
342205;2021-02-21;"domingo";"20:08:00";"TO";153;146,9;"ARAGUAINA";"Ausência de reação do condutor";"Engavetamento";"Sem Vítimas";"Plena Noite";"Decrescente";"Nublado";"Dupla";"Reta";"Sim";3;0;0;0;2;1;0;3;-7,22052793;-48,24739564;"SPRF-TO";"DEL02-TO";"UOP01-DEL02-TO"
342206;2021-02-22;"segunda-feira";"06:30:00";"PR";116;120;"CURITIBA";"Reação tardia ou ineficiente do condutor";"Colisão traseira";"Sem Vítimas";"Pleno dia";"Decrescente";"Nublado";"Dupla";"Aclive;Reta";"Sim";4;0;0;0;4;0;0;2;-25,55122256;-49,30503748;"SPRF-PR";"DEL01-PR";"UOP03-DEL01-PR"
342207;2021-02-22;"segunda-feira";"06:35:00";"RN";304;295;"MACAIBA";"Condutor deixou de manter distância do veículo da frente";"Colisão traseira";"Com Vítimas Feridas";"Pleno dia";"Crescente";"Céu Claro";"Simples";"Reta";"Sim";3;0;2;0;1;0;2;2;-5,86605927;-35,35822096;"SPRF-RN";"DEL01-RN";"UOP02-DEL01-RN"
342208;2021-02-22;"segunda-feira";"05:40:00";"MG";381;343;"BELA VISTA DE MINAS";"Chuva";"Saída de leito carroçável";"Com Vítimas Feridas";"Amanhecer";"Decrescente";"Chuva";"Simples";"Declive;Curva";"Não";1;0;1;0;0;0;1;1;-19,85663904;-43,10916603;"SPRF-MG";"DEL03-MG";"UOP01-DEL03-MG"
342209;2021-02-22;"segunda-feira";"05:40:00";"PI";316;257,7;"IPIRANGA DO PIAUI";"Animais na Pista";"Atropelamento de Animal";"Com Vítimas Feridas";"Amanhecer";"Crescente";"Nublado";"Simples";"Reta;Aclive";"Não";1;0;0;1;0;0;1;1;-6,80156899;-41,73855674;"SPRF-PI";"DEL04-PI";"UOP02-DEL04-PI"
342210;2021-02-22;"segunda-feira";"06:20:00";"CE";20;294;"CANINDE";"Acessar a via sem observar a presença dos outros veículos";"Colisão transversal";"Com Vítimas Feridas";"Pleno dia";"Crescente";"Céu Claro";"Simples";"Reta";"Sim";2;0;2;0;0;0;2;2;-4,46252597;-39,34931705;"SPRF-CE";"DEL02-CE";"UOP01-DEL02-CE"
342211;2021-02-10;"quarta-feira";"07:45:00";"RS";116;0,1;"PORTO ALEGRE";"Ausência de reação do condutor";"Engavetamento";"Com Vítimas Feridas";"Pleno dia";"Crescente";"Céu Claro";"Dupla";"Reta";"Sim";3;0;1;0;2;0;1;3;-29,9688;-51,1764;"SPRF-RS";"DEL01-RS";"UOP01-DEL01-RS"
342212;2021-02-22;"segunda-feira";"06:25:00";"RJ";101;321;"NITEROI";"Condutor deixou de manter distância do veículo da frente";"Colisão traseira";"Com Vítimas Feridas";"Pleno dia";"Crescente";"Nublado";"Múltipla";"Reta";"Sim";2;0;1;0;1;0;1;2;-22,86981096;-43,11046465;"SPRF-RJ";"DEL02-RJ";"UOP02-DEL02-RJ"
342213;2021-02-22;"segunda-feira";"06:30:00";"PR";476;283,8;"SAO MATEUS DO SUL";"Ausência de reação do condutor";"Atropelamento de Pedestre";"Com Vítimas Feridas";"Pleno dia";"Decrescente";"Céu Claro";"Simples";"Reta";"Não";2;0;2;0;0;0;2;2;-25,891396;-50,435032;"SPRF-PR";"DEL02-PR";"UOP04-DEL02-PR"
342214;2021-02-22;"segunda-feira";"06:30:00";"RS";470;154;"NOVA PRATA";"Conversão proibida";"Saída de leito carroçável";"Com Vítimas Feridas";"Pleno dia";"Decrescente";"Céu Claro";"Simples";"Reta";"Sim";1;0;1;0;0;0;1;1;-28,77711311;-51,61126545;"SPRF-RS";"DEL06-RS";"UOP02-DEL06-RS"
342215;2021-02-22;"segunda-feira";"07:30:00";"BA";324;621;"SALVADOR";"Condutor deixou de manter distância do veículo da frente";"Colisão traseira";"Com Vítimas Feridas";"Pleno dia";"Decrescente";"Céu Claro";"Dupla";"Reta";"Sim";2;0;1;0;1;0;1;2;-12,91233708;-38,45956983;"SPRF-BA";"DEL01-BA";"UOP01-DEL01-BA"
342216;2021-02-22;"segunda-feira";"07:40:00";"SC";470;68,3;"INDAIAL";"Condutor deixou de manter distância do veículo da frente";"Colisão traseira";"Com Vítimas Feridas";"Pleno dia";"Crescente";"Sol";"Dupla";"Reta;Em Obras";"Sim";2;0;0;1;1;0;1;2;-26,88031583;-49,24295425;"SPRF-SC";"DEL04-SC";"UOP01-DEL04-SC"
342217;2021-02-22;"segunda-feira";"06:45:00";"RS";471;172,7;"RIO PARDO";"Ultrapassagem Indevida";"Colisão lateral";"Com Vítimas Feridas";"Pleno dia";"Crescente";"Céu Claro";"Simples";"Reta";"Não";3;0;2;0;1;0;2;2;-29,96939;-52,37015;"SPRF-RS";"DEL02-RS";"UOP03-DEL02-RS"
342218;2021-02-22;"segunda-feira";"08:00:00";"SC";101;214,6;"PALHOCA";"Manobra de mudança de faixa";"Colisão lateral mesmo sentido";"Com Vítimas Feridas";"Pleno dia";"Decrescente";"Sol";"Dupla";"Reta";"Sim";2;0;1;0;1;0;1;2;-27,64443;-48,67057;"SPRF-SC";"DEL01-SC";"UOP02-DEL01-SC"
342220;2021-02-22;"segunda-feira";"08:00:00";"GO";158;0;"ARAGARCAS";"Desrespeitar a preferência no cruzamento";"Colisão lateral";"Com Vítimas Feridas";"Pleno dia";"Decrescente";"Céu Claro";"Dupla";"Rotatória";"Sim";3;0;1;0;1;1;1;3;-15,895746;-52,25162;"SPRF-GO";"DEL04-GO";"UOP01-DEL04-GO"
342221;2021-02-22;"segunda-feira";"07:05:00";"PR";116;126,9;"CURITIBA";"Manobra de mudança de faixa";"Colisão lateral mesmo sentido";"Com Vítimas Feridas";"Pleno dia";"Crescente";"Céu Claro";"Dupla";"Reta";"Sim";2;0;1;0;1;0;1;2;-25,60389895;-49,31824423;"SPRF-PR";"DEL01-PR";"UOP03-DEL01-PR"
342222;2021-02-22;"segunda-feira";"08:00:00";"PR";476;139;"CURITIBA";"Reação tardia ou ineficiente do condutor";"Tombamento";"Com Vítimas Feridas";"Pleno dia";"Decrescente";"Céu Claro";"Dupla";"Declive;Curva";"Sim";2;0;2;0;0;0;2;1;-25,51284;-49,289257;"SPRF-PR";"DEL01-PR";"UOP03-DEL01-PR"
342225;2021-02-22;"segunda-feira";"06:20:00";"PE";101;156;"RIBEIRAO";"Reação tardia ou ineficiente do condutor";"Colisão lateral";"Sem Vítimas";"Pleno dia";"Decrescente";"Céu Claro";"Dupla";"Reta";"Não";2;0;0;0;1;1;0;2;-8,54597711;-35,39140871;"SPRF-PE";"DEL01-PE";"UOP03-DEL01-PE"
342226;2021-02-22;"segunda-feira";"08:00:00";"PR";376;175,7;"MARINGA";"Condutor deixou de manter distância do veículo da frente";"Colisão traseira";"Com Vítimas Feridas";"Pleno dia";"Decrescente";"Sol";"Múltipla";"Reta";"Sim";3;0;2;0;1;0;2;2;-23,4113569;-51,9407767;"SPRF-PR";"DEL09-PR";"UOP01-DEL09-PR"
342231;2021-02-21;"domingo";"21:00:00";"RJ";465;21;"NOVA IGUACU";"Acessar a via sem observar a presença dos outros veículos";"Colisão frontal";"Com Vítimas Feridas";"Plena Noite";"Crescente";"Nublado";"Simples";"Interseção de Vias";"Sim";3;0;1;0;2;0;1;3;-22,854782;-43,601933;"SPRF-RJ";"DEL03-RJ";"UOP01-DEL03-RJ"
342232;2021-02-22;"segunda-feira";"08:15:00";"DF";60;4,3;"BRASILIA";"Transitar na contramão";"Colisão frontal";"Com Vítimas Fatais";"Pleno dia";"Decrescente";"Céu Claro";"Dupla";"Reta;Retorno Regulamentado";"Sim";2;1;0;0;1;0;0;2;-15,893966;-48,098509;"SPRF-DF";"DEL03-DF";"UOP01-DEL03-DF"
342233;2021-02-22;"segunda-feira";"08:00:00";"PR";277;49;"MORRETES";"Conversão proibida";"Colisão transversal";"Sem Vítimas";"Pleno dia";"Crescente";"Sol";"Dupla";"Aclive;Reta";"Não";2;0;0;0;2;0;0;2;-25,59243579;-48,89076291;"SPRF-PR";"DEL01-PR";"UOP05-DEL01-PR"
342234;2021-02-22;"segunda-feira";"00:10:00";"RJ";40;113;"DUQUE DE CAXIAS";"Chuva";"Queda de ocupante de veículo";"Com Vítimas Feridas";"Plena Noite";"Crescente";"Chuva";"Múltipla";"Reta";"Não";1;0;0;1;0;0;1;1;-22,74737224;-43,26622009;"SPRF-RJ";"DEL01-RJ";"UOP01-DEL01-RJ"
342235;2021-02-22;"segunda-feira";"07:00:00";"RJ";40;91;"PETROPOLIS";"Velocidade Incompatível";"Colisão com objeto";"Com Vítimas Feridas";"Pleno dia";"Crescente";"Céu Claro";"Simples";"Curva";"Não";3;0;2;1;0;0;3;1;-22,54903566;-43,24229724;"SPRF-RJ";"DEL06-RJ";"UOP01-DEL06-RJ"
342236;2021-02-22;"segunda-feira";"07:45:00";"PR";369;94,6;"CORNELIO PROCOPIO";"Transitar no acostamento";"Queda de ocupante de veículo";"Com Vítimas Feridas";"Pleno dia";"Crescente";"Céu Claro";"Dupla";"Reta";"Não";1;0;1;0;0;0;1;1;-23,224164;-50,673151;"SPRF-PR";"DEL07-PR";"UOP01-DEL07-PR"
342237;2021-02-22;"segunda-feira";"09:00:00";"SC";282;5;"SAO JOSE";"Trafegar com motocicleta (ou similar) entre as faixas";"Colisão lateral mesmo sentido";"Com Vítimas Feridas";"Pleno dia";"Crescente";"Céu Claro";"Dupla";"Reta";"Sim";3;0;0;2;1;0;2;2;-27,588425;-48,612919;"SPRF-SC";"DEL01-SC";"UOP01-DEL01-SC"
342238;2021-02-22;"segunda-feira";"09:00:00";"SP";116;273;"TABOAO DA SERRA";"Ausência de reação do condutor";"Engavetamento";"Com Vítimas Feridas";"Pleno dia";"Decrescente";"Céu Claro";"Dupla";"Reta";"Sim";3;0;1;0;2;0;1;3;-23,62809795;-46,81870306;"SPRF-SP";"DEL04-SP";"UOP01-DEL04-SP"
342239;2021-02-22;"segunda-feira";"08:50:00";"GO";40;150;"CRISTALINA";"Avarias e/ou desgaste excessivo no pneu";"Capotamento";"Com Vítimas Feridas";"Pleno dia";"Crescente";"Céu Claro";"Simples";"Reta";"Não";3;0;3;0;0;0;3;1;-17,015557;-47,214186;"SPRF-DF";"DEL01-DF";"UOP02-DEL01-DF"
342240;2021-02-22;"segunda-feira";"09:20:00";"PE";101;61,4;"RECIFE";"Ausência de reação do condutor";"Colisão lateral";"Com Vítimas Feridas";"Pleno dia";"Crescente";"Céu Claro";"Dupla";"Reta";"Sim";2;0;1;0;1;0;1;2;-7,99097103;-34,93598295;"SPRF-PE";"DEL01-PE";"UOP02-DEL01-PE"
342241;2021-02-22;"segunda-feira";"08:30:00";"SC";470;54;"BLUMENAU";"Condutor deixou de manter distância do veículo da frente";"Colisão traseira";"Com Vítimas Feridas";"Pleno dia";"Decrescente";"Sol";"Simples";"Reta";"Não";3;0;1;0;2;0;1;3;-26,871065;-49,110374;"SPRF-SC";"DEL04-SC";"UOP01-DEL04-SC"
342242;2021-02-22;"segunda-feira";"07:50:00";"RO";364;338,8;"JI-PARANA";"Retorno proibido";"Colisão transversal";"Com Vítimas Feridas";"Pleno dia";"Decrescente";"Céu Claro";"Simples";"Reta";"Sim";2;0;1;0;1;0;1;2;-10,91683399;-61,9298606;"SPRF-RO";"DEL02-RO";"UOP01-DEL02-RO"
342244;2021-02-22;"segunda-feira";"09:37:00";"MA";135;5;"SAO LUIS";"Afundamento ou ondulação no pavimento";"Queda de ocupante de veículo";"Com Vítimas Feridas";"Pleno dia";"Decrescente";"Chuva";"Dupla";"Reta";"Sim";1;0;0;1;0;0;1;1;-2,62145385;-44,25797421;"SPRF-MA";"DEL01-MA";"UOP01-DEL01-MA"
342246;2021-02-22;"segunda-feira";"09:50:00";"PB";101;85;"BAYEUX";"Velocidade Incompatível";"Saída de leito carroçável";"Sem Vítimas";"Pleno dia";"Crescente";"Céu Claro";"Dupla";"Retorno Regulamentado";"Sim";1;0;0;0;1;0;0;1;-7,14948093;-34,91197586;"SPRF-PB";"DEL01-PB";"UOP01-DEL01-PB"
342248;2021-02-22;"segunda-feira";"09:31:00";"SP";116;225,5;"GUARULHOS";"Reação tardia ou ineficiente do condutor";"Colisão traseira";"Com Vítimas Feridas";"Pleno dia";"Crescente";"Céu Claro";"Múltipla";"Reta";"Sim";4;0;1;0;3;0;1;3;-23,49192201;-46,55094981;"SPRF-SP";"DEL01-SP";"UOP01-DEL01-SP"
342249;2021-02-22;"segunda-feira";"09:30:00";"SP";101;47,5;"UBATUBA";"Condutor deixou de manter distância do veículo da frente";"Colisão traseira";"Com Vítimas Feridas";"Pleno dia";"Crescente";"Céu Claro";"Simples";"Rotatória";"Sim";6;0;1;0;5;0;1;2;-23,43363909;-45,08574486;"SPRF-SP";"DEL06-SP";"UOP01-DEL06-SP"
342252;2021-02-22;"segunda-feira";"08:45:00";"RJ";101;300;"ITABORAI";"Pedestre andava na pista";"Atropelamento de Pedestre";"Com Vítimas Feridas";"Pleno dia";"Crescente";"Nublado";"Dupla";"Reta";"Sim";2;0;1;0;1;0;1;2;-22,77645713;-42,94783697;"SPRF-RJ";"DEL02-RJ";"UOP02-DEL02-RJ"
342254;2021-02-22;"segunda-feira";"08:00:00";"RJ";101;214,9;"SILVA JARDIM";"Demais falhas mecânicas ou elétricas";"Saída de leito carroçável";"Com Vítimas Feridas";"Pleno dia";"Crescente";"Céu Claro";"Dupla";"Reta";"Não";2;0;1;0;1;0;1;1;-22,49876081;-42,26744726;"SPRF-RJ";"DEL02-RJ";"UOP03-DEL02-RJ"
342255;2021-02-22;"segunda-feira";"08:25:00";"SC";282;0,7;"FLORIANOPOLIS";"Reação tardia ou ineficiente do condutor";"Tombamento";"Com Vítimas Feridas";"Pleno dia";"Decrescente";"Sol";"Dupla";"Reta";"Sim";1;0;1;0;0;0;1;1;-27,59845;-48,571995;"SPRF-SC";"DEL01-SC";"UOP01-DEL01-SC"
342257;2021-02-22;"segunda-feira";"11:05:00";"RN";226;16,1;"MACAIBA";"Condutor deixou de manter distância do veículo da frente";"Colisão lateral mesmo sentido";"Com Vítimas Feridas";"Pleno dia";"Decrescente";"Céu Claro";"Dupla";"Reta";"Não";3;0;0;2;1;0;2;2;-5,862697;-35,34282913;"SPRF-RN";"DEL01-RN";"UOP02-DEL01-RN"
342260;2021-02-22;"segunda-feira";"11:20:00";"RN";101;106;"PARNAMIRIM";"Acessar a via sem observar a presença dos outros veículos";"Colisão lateral";"Com Vítimas Feridas";"Pleno dia";"Crescente";"Céu Claro";"Múltipla";"Reta";"Sim";2;0;1;0;1;0;1;2;-5,91056401;-35,26130795;"SPRF-RN";"DEL01-RN";"UOP01-DEL01-RN"
342261;2021-02-22;"segunda-feira";"08:15:00";"SC";101;312,4;"LAGUNA";"Conversão proibida";"Colisão transversal";"Com Vítimas Feridas";"Pleno dia";"Decrescente";"Céu Claro";"Simples";"Reta";"Sim";2;0;1;0;1;0;1;2;-28,433701;-48,806344;"SPRF-SC";"DEL02-SC";"UOP01-DEL02-SC"
342262;2021-02-22;"segunda-feira";"10:00:00";"SP";116;168,5;"JACAREI";"Entrada inopinada do pedestre";"Atropelamento de Pedestre";"Com Vítimas Fatais";"Pleno dia";"Decrescente";"Sol";"Dupla";"Reta";"Sim";2;1;1;0;0;0;1;2;-23,30545902;-46,03567599;"SPRF-SP";"DEL02-SP";"UOP01-DEL02-SP"
342264;2021-02-18;"quinta-feira";"12:55:00";"GO";153;505;"APARECIDA DE GOIANIA";"Manobra de mudança de faixa";"Colisão traseira";"Sem Vítimas";"Pleno dia";"Decrescente";"Nublado";"Múltipla";"Reta";"Sim";2;0;0;0;2;0;0;2;-16,7537;-49,2411;"SPRF-GO";"DEL01-GO";"UOP01-DEL01-GO"
342266;2021-02-22;"segunda-feira";"11:05:00";"SP";153;51,8;"SAO JOSE DO RIO PRETO";"Retorno proibido";"Colisão lateral mesmo sentido";"Com Vítimas Feridas";"Pleno dia";"Decrescente";"Sol";"Simples";"Reta;Declive";"Sim";2;0;1;0;1;0;1;2;-20,71801801;-49,33874223;"SPRF-SP";"DEL09-SP";"UOP01-DEL09-SP"
342267;2021-02-22;"segunda-feira";"10:50:00";"RS";158;565,6;"SANTANA DO LIVRAMENTO";"Acessar a via sem observar a presença dos outros veículos";"Colisão transversal";"Com Vítimas Feridas";"Pleno dia";"Decrescente";"Céu Claro";"Simples";"Reta";"Sim";2;0;2;0;0;0;2;2;-30,87668377;-55,5106924;"SPRF-RS";"DEL11-RS";"UOP01-DEL11-RS"
342268;2021-01-23;"sábado";"17:30:00";"MG";40;513;"RIBEIRAO DAS NEVES";"Condutor deixou de manter distância do veículo da frente";"Colisão traseira";"Com Vítimas Feridas";"Pleno dia";"Crescente";"Céu Claro";"Dupla";"Reta;Declive";"Sim";2;0;1;0;1;0;1;2;-19,7970544;-44,1080512;"SPRF-MG";"DEL01-MG";"UOP02-DEL01-MG"
342269;2021-02-22;"segunda-feira";"12:00:00";"PB";101;97;"CONDE";"Condutor deixou de manter distância do veículo da frente";"Colisão traseira";"Com Vítimas Feridas";"Pleno dia";"Crescente";"Céu Claro";"Dupla";"Reta";"Não";3;0;1;1;0;1;2;2;-7,23846306;-34,9268519;"SPRF-PB";"DEL01-PB";"UOP02-DEL01-PB"
342271;2021-02-22;"segunda-feira";"12:00:00";"PR";116;110;"CURITIBA";"Trafegar com motocicleta (ou similar) entre as faixas";"Saída de leito carroçável";"Com Vítimas Feridas";"Pleno dia";"Decrescente";"Céu Claro";"Dupla";"Reta";"Não";1;0;1;0;0;0;1;1;-25,57012941;-49,21736805;"SPRF-PR";"DEL01-PR";"UOP01-DEL01-PR"
342273;2021-02-22;"segunda-feira";"10:35:00";"RO";364;308,4;"PRESIDENTE MEDICI";"Entrada inopinada do pedestre";"Atropelamento de Pedestre";"Com Vítimas Feridas";"Pleno dia";"Decrescente";"Sol";"Simples";"Reta";"Sim";3;0;2;0;1;0;2;2;-11,17228661;-61,90170407;"SPRF-RO";"DEL02-RO";"UOP01-DEL02-RO"
342275;2021-02-19;"sexta-feira";"13:20:00";"RR";174;506;"BOA VISTA";"Reação tardia ou ineficiente do condutor";"Colisão traseira";"Com Vítimas Feridas";"Pleno dia";"Decrescente";"Céu Claro";"Dupla";"Reta";"Sim";2;0;1;0;1;0;1;2;2,816381;-60,693253;"SPRF-RR";"DEL01-RR";"UOP01-DEL01-RR"
342276;2021-02-22;"segunda-feira";"12:25:00";"SC";116;133;"SANTA CECILIA";"Desrespeitar a preferência no cruzamento";"Colisão traseira";"Com Vítimas Feridas";"Pleno dia";"Crescente";"Céu Claro";"Simples";"Rotatória;Interseção de Vias";"Não";2;0;1;0;1;0;1;2;-26,91588013;-50,44574975;"SPRF-SC";"DEL06-SC";"UOP02-DEL06-SC"
342277;2021-02-22;"segunda-feira";"12:40:00";"SC";282;5;"SAO JOSE";"Reação tardia ou ineficiente do condutor";"Colisão lateral mesmo sentido";"Com Vítimas Feridas";"Pleno dia";"Decrescente";"Sol";"Múltipla";"Reta";"Sim";3;0;2;0;1;0;2;2;-27,588425;-48,612919;"SPRF-SC";"DEL01-SC";"UOP01-DEL01-SC"
342278;2021-02-22;"segunda-feira";"12:00:00";"RS";290;564;"ALEGRETE";"Ausência de reação do condutor";"Saída de leito carroçável";"Com Vítimas Feridas";"Pleno dia";"Crescente";"Céu Claro";"Simples";"Reta";"Não";1;0;1;0;0;0;1;1;-29,864635;-55,628834;"SPRF-RS";"DEL13-RS";"UOP02-DEL13-RS"
342279;2021-02-22;"segunda-feira";"11:30:00";"MS";262;768;"LADARIO";"Transitar no acostamento";"Atropelamento de Pedestre";"Com Vítimas Feridas";"Pleno dia";"Crescente";"Nublado";"Simples";"Interseção de Vias";"Não";4;0;2;0;2;0;2;4;-19,0828569884;-57,6216802465;"SPRF-MS";"DEL03-MS";"UOP03-DEL03-MS"
342280;2021-02-22;"segunda-feira";"12:50:00";"MG";40;699,1;"BARBACENA";"Reação tardia ou ineficiente do condutor";"Tombamento";"Com Vítimas Feridas";"Pleno dia";"Decrescente";"Nublado";"Simples";"Interseção de Vias";"Não";2;0;1;0;0;1;1;2;-21,19776112;-43,74857475;"SPRF-MG";"DEL05-MG";"UOP02-DEL05-MG"
342281;2021-01-01;"sexta-feira";"12:30:00";"PA";10;349,5;"SANTA MARIA DO PARA";"Conversão proibida";"Colisão transversal";"Com Vítimas Feridas";"Pleno dia";"Decrescente";"Céu Claro";"Simples";"Reta";"Não";3;0;0;1;0;2;1;3;-1,38517236;-47,563591;"SPRF-PA";"DEL01-PA";"UOP02-DEL01-PA"
342282;2021-02-22;"segunda-feira";"13:40:00";"GO";60;165;"GOIANIA";"Reação tardia ou ineficiente do condutor";"Saída de leito carroçável";"Com Vítimas Feridas";"Pleno dia";"Crescente";"Nublado";"Dupla";"Aclive";"Sim";1;0;1;0;0;0;1;1;-16,70822908;-49,34994221;"SPRF-GO";"DEL01-GO";"UOP02-DEL01-GO"
342283;2021-02-22;"segunda-feira";"08:10:00";"RJ";101;309;"SAO GONCALO";"Pedestre cruzava a pista fora da faixa";"Atropelamento de Pedestre";"Com Vítimas Feridas";"Pleno dia";"Crescente";"Garoa/Chuvisco";"Dupla";"Reta";"Sim";2;0;1;0;0;1;1;2;-22,79498873;-43,03446105;"SPRF-RJ";"DEL02-RJ";"UOP02-DEL02-RJ"
342284;2021-02-22;"segunda-feira";"13:30:00";"SC";101;177,4;"BIGUACU";"Avarias e/ou desgaste excessivo no pneu";"Queda de ocupante de veículo";"Com Vítimas Feridas";"Pleno dia";"Crescente";"Céu Claro";"Dupla";"Reta";"Não";2;0;2;0;0;0;2;1;-27,35538202;-48,63241474;"SPRF-SC";"DEL01-SC";"UOP01-DEL01-SC"
342286;2021-01-09;"sábado";"19:30:00";"MG";116;207,9;"CATUJI";"Acessar a via sem observar a presença dos outros veículos";"Colisão transversal";"Com Vítimas Feridas";"Plena Noite";"Crescente";"Nublado";"Simples";"Reta";"Sim";2;0;0;1;1;0;1;2;-17,30002412;-41,51688834;"SPRF-MG";"DEL11-MG";"UOP01-DEL11-MG"
342289;2021-01-17;"domingo";"12:40:00";"MG";267;35,3;"ARGIRITA";"Ultrapassagem Indevida";"Colisão frontal";"Com Vítimas Feridas";"Pleno dia";"Crescente";"Céu Claro";"Simples";"Reta";"Não";2;0;0;1;1;0;1;2;-21,65647711;-42,8702409;"SPRF-MG";"DEL07-MG";"UOP01-DEL07-MG"