"id";"data_inversa";"dia_semana";"horario";"uf";"br";"km";"municipio";"causa_acidente";"tipo_acidente";"classificacao_acidente";"fase_dia";"sentido_via";"condicao_metereologica";"tipo_pista";"tracado_via";"uso_solo";"pessoas";"mortos";"feridos_leves";"feridos_graves";"ilesos";"ignorados";"feridos";"veiculos";"latitude";"longitude";"regional";"delegacia";"uop"
342530;2021-02-23;"terça-feira";"17:45:00";"SC";280;97,6;"CORUPA";"Velocidade Incompatível";"Saída de leito carroçável";"Com Vítimas Feridas";"Anoitecer";"Crescente";"Nublado";"Simples";"Curva";"Não";2;0;1;0;1;0;1;1;-26,37833107;-49,31732124;"SPRF-SC";"DEL06-SC";"UOP03-DEL06-SC"
342531;2021-02-23;"terça-feira";"21:00:00";"MT";70;66;"GENERAL CARNEIRO";"Velocidade Incompatível";"Colisão traseira";"Com Vítimas Feridas";"Plena Noite";"Crescente";"Chuva";"Simples";"Reta";"Sim";2;0;1;0;0;1;1;2;-15,70419346;-52,74052031;"SPRF-MT";"DEL07-MT";"UOP01-DEL07-MT"
342534;2021-02-23;"terça-feira";"20:15:00";"RS";116;149,2;"CAXIAS DO SUL";"Condutor desrespeitou a iluminação vermelha do semáforo";"Colisão transversal";"Com Vítimas Feridas";"Plena Noite";"Crescente";"Nublado";"Dupla";"Interseção de Vias";"Sim";3;0;1;0;1;1;1;3;-29,15996905;-51,15645292;"SPRF-RS";"DEL05-RS";"UOP01-DEL05-RS"
342535;2021-02-23;"terça-feira";"21:25:00";"GO";40;16,8;"LUZIANIA";"Velocidade Incompatível";"Atropelamento de Pedestre";"Com Vítimas Fatais";"Plena Noite";"Decrescente";"Céu Claro";"Dupla";"Reta";"Sim";2;1;0;1;0;0;1;2;-16,175176;-47,92964;"SPRF-DF";"DEL01-DF";"UOP01-DEL01-DF"
342536;2021-02-23;"terça-feira";"19:00:00";"MG";381;231;"BELO ORIENTE";"Animais na Pista";"Queda de ocupante de veículo";"Com Vítimas Feridas";"Plena Noite";"Crescente";"Nublado";"Simples";"Reta";"Não";1;0;1;0;0;0;1;1;-19,36330004;-42,44979858;"SPRF-MG";"DEL06-MG";"UOP01-DEL06-MG"
342540;2021-02-23;"terça-feira";"20:30:00";"TO";242;358;"PEIXE";"Reação tardia ou ineficiente do condutor";"Saída de leito carroçável";"Com Vítimas Feridas";"Plena Noite";"Crescente";"Nublado";"Simples";"Curva";"Não";1;0;1;0;0;0;1;1;-11,82827193;-48,90408496;"SPRF-TO";"DEL01-TO";"UOP02-DEL01-TO"
342542;2021-02-23;"terça-feira";"22:30:00";"RJ";116;184;"NOVA IGUACU";"Acessar a via sem observar a presença dos outros veículos";"Colisão traseira";"Com Vítimas Feridas";"Pleno dia";"Crescente";"Céu Claro";"Dupla";"Reta";"Sim";2;0;1;0;1;0;1;2;-22,74647215;-43,44594311;"SPRF-RJ";"DEL01-RJ";"UOP02-DEL01-RJ"
342543;2021-02-23;"terça-feira";"20:20:00";"RJ";116;134;"MAGE";"Entrada inopinada do pedestre";"Atropelamento de Pedestre";"Com Vítimas Feridas";"Plena Noite";"Crescente";"Chuva";"Dupla";"Reta";"Sim";4;0;0;1;1;2;1;2;-22,64674948;-43,19479823;"SPRF-RJ";"DEL04-RJ";"UOP02-DEL04-RJ"
342544;2021-02-23;"terça-feira";"22:40:00";"RS";116;247;"SAO LEOPOLDO";"Falta de elemento de contenção que evite a saída do leito carroçável";"Saída de leito carroçável";"Sem Vítimas";"Plena Noite";"Crescente";"Céu Claro";"Simples";"Curva";"Sim";1;0;0;0;0;1;0;1;-29,76733091;-51,1535296;"SPRF-RS";"DEL01-RS";"UOP02-DEL01-RS"
342545;2021-02-23;"terça-feira";"23:15:00";"PR";369;148;"LONDRINA";"Ingestão de álcool ou de substâncias psicoativas pelo pedestre";"Tombamento";"Com Vítimas Feridas";"Plena Noite";"Crescente";"Nublado";"Dupla";"Reta;Declive";"Sim";1;0;1;0;0;0;1;1;-23,294215;-51,18807077;"SPRF-PR";"DEL07-PR";"UOP01-DEL07-PR"
342547;2021-02-23;"terça-feira";"22:39:00";"MG";381;791;"SAO GONCALO DO SAPUCAI";"Manobra de mudança de faixa";"Colisão lateral";"Sem Vítimas";"Plena Noite";"Crescente";"Céu Claro";"Dupla";"Reta";"Não";3;0;0;0;3;0;0;2;-21,91694596;-45,58909701;"SPRF-MG";"DEL16-MG";"UOP02-DEL16-MG"
342552;2021-02-24;"quarta-feira";"02:30:00";"RS";290;2;"URUGUAIANA";"Ingestão de álcool pelo condutor";"Saída de leito carroçável";"Sem Vítimas";"Plena Noite";"Decrescente";"Nublado";"Simples";"Curva";"Sim";1;0;0;0;0;1;0;1;-29,75518;-57,08882;"SPRF-RS";"DEL13-RS";"UOP01-DEL13-RS"
342556;2021-02-23;"terça-feira";"20:30:00";"RS";116;38;"VACARIA";"Acessar a via sem observar a presença dos outros veículos";"Colisão transversal";"Com Vítimas Feridas";"Plena Noite";"Crescente";"Céu Claro";"Simples";"Reta";"Sim";2;0;1;0;1;0;1;2;-28,50548;-50,92516;"SPRF-RS";"DEL05-RS";"UOP03-DEL05-RS"
342557;2021-02-24;"quarta-feira";"04:00:00";"MG";50;60,7;"UBERLANDIA";"Ausência de reação do condutor";"Saída de leito carroçável";"Sem Vítimas";"Plena Noite";"Crescente";"Céu Claro";"Dupla";"Reta";"Não";1;0;0;0;1;0;0;1;-18,80909682;-48,24439716;"SPRF-MG";"DEL15-MG";"UOP02-DEL15-MG"
342561;2021-02-24;"quarta-feira";"05:30:00";"SC";280;48;"GUARAMIRIM";"Acessar a via sem observar a presença dos outros veículos";"Colisão transversal";"Com Vítimas Feridas";"Pleno dia";"Crescente";"Céu Claro";"Simples";"Reta";"Não";2;0;1;0;1;0;1;2;-26,45506795;-48,92766502;"SPRF-SC";"DEL03-SC";"UOP03-DEL03-SC"
342562;2021-02-24;"quarta-feira";"06:00:00";"PE";101;70;"RECIFE";"Reação tardia ou ineficiente do condutor";"Colisão frontal";"Com Vítimas Feridas";"Pleno dia";"Decrescente";"Céu Claro";"Dupla";"Viaduto";"Sim";2;0;1;0;1;0;1;2;-8,075218;-34,942747;"SPRF-PE";"DEL01-PE";"UOP01-DEL01-PE"
342563;2021-02-23;"terça-feira";"07:40:00";"RN";101;97,5;"NATAL";"Condutor deixou de manter distância do veículo da frente";"Colisão traseira";"Com Vítimas Feridas";"Pleno dia";"Crescente";"Sol";"Múltipla";"Reta";"Sim";2;0;1;0;1;0;1;2;-5,86098916;-35,21434665;"SPRF-RN";"DEL01-RN";"UOP01-DEL01-RN"
342564;2021-02-24;"quarta-feira";"06:00:00";"CE";20;380,1;"CAUCAIA";"Acesso irregular";"Colisão transversal";"Com Vítimas Feridas";"Pleno dia";"Crescente";"Céu Claro";"Simples";"Reta";"Não";2;0;1;0;1;0;1;2;-3,91625499;-38,85098301;"SPRF-CE";"DEL01-CE";"UOP01-DEL01-CE"
342565;2021-02-24;"quarta-feira";"06:00:00";"RS";293;1;"PELOTAS";"Desrespeitar a preferência no cruzamento";"Colisão transversal";"Com Vítimas Feridas";"Pleno dia";"Crescente";"Céu Claro";"Simples";"Curva";"Sim";2;0;1;1;0;0;2;2;-31,75721799;-52,35697746;"SPRF-RS";"DEL07-RS";"UOP01-DEL07-RS"
342567;2021-02-23;"terça-feira";"18:20:00";"MA";10;242,9;"IMPERATRIZ";"Ultrapassagem Indevida";"Colisão frontal";"Com Vítimas Feridas";"Plena Noite";"Decrescente";"Céu Claro";"Simples";"Reta";"Não";4;0;2;2;0;0;4;2;-5,610982;-47,418873;"SPRF-MA";"DEL04-MA";"UOP01-DEL04-MA"
342568;2021-02-24;"quarta-feira";"06:50:00";"GO";153;432;"ANAPOLIS";"Condutor deixou de manter distância do veículo da frente";"Colisão lateral mesmo sentido";"Com Vítimas Feridas";"Pleno dia";"Decrescente";"Céu Claro";"Dupla";"Reta";"Sim";2;0;0;1;1;0;1;2;-16,264801;-48,982357;"SPRF-GO";"DEL02-GO";"UOP01-DEL02-GO"
342569;2021-02-24;"quarta-feira";"03:45:00";"RS";470;228;"GARIBALDI";"Ingestão de álcool pelo condutor";"Colisão com objeto";"Sem Vítimas";"Plena Noite";"Crescente";"Nevoeiro/Neblina";"Simples";"Curva;Aclive";"Sim";1;0;0;0;1;0;0;1;-29,26938542;-51,4990813;"SPRF-RS";"DEL06-RS";"UOP01-DEL06-RS"
342570;2021-02-24;"quarta-feira";"06:10:00";"PR";277;320;"GUARAPUAVA";"Ausência de reação do condutor";"Colisão lateral mesmo sentido";"Com Vítimas Feridas";"Pleno dia";"Decrescente";"Nublado";"Simples";"Aclive;Reta";"Não";5;0;2;0;3;0;2;2;-25,34744404;-51,22120097;"SPRF-PR";"DEL08-PR";"UOP01-DEL08-PR"
342571;2021-02-24;"quarta-feira";"07:05:00";"DF";40;0,2;"BRASILIA";"Manobra de mudança de faixa";"Colisão lateral mesmo sentido";"Com Vítimas Feridas";"Pleno dia";"Crescente";"Nublado";"Dupla";"Reta";"Não";2;0;0;1;1;0;1;2;-15,9808811;-47,98915565;"SPRF-DF";"DEL01-DF";"UOP01-DEL01-DF"
342572;2021-02-24;"quarta-feira";"06:20:00";"PE";101;68,4;"RECIFE";"Condutor deixou de manter distância do veículo da frente";"Colisão traseira";"Com Vítimas Feridas";"Pleno dia";"Decrescente";"Céu Claro";"Dupla";"Reta";"Sim";3;0;1;0;1;1;1;2;-8,05074296;-34,94580619;"SPRF-PE";"DEL01-PE";"UOP01-DEL01-PE"
342573;2021-02-24;"quarta-feira";"07:10:00";"SP";101;51;"UBATUBA";"Acessar a via sem observar a presença dos outros veículos";"Colisão transversal";"Com Vítimas Feridas";"Pleno dia";"Crescente";"Sol";"Simples";"Reta";"Sim";2;0;2;0;0;0;2;2;-23,45627795;-45,07111896;"SPRF-SP";"DEL06-SP";"UOP01-DEL06-SP"
342574;2021-02-24;"quarta-feira";"05:00:00";"MT";163;1036;"MATUPA";"Acessar a via sem observar a presença dos outros veículos";"Colisão traseira";"Com Vítimas Feridas";"Pleno dia";"Crescente";"Chuva";"Simples";"Reta";"Não";2;0;0;1;0;1;1;2;-10,2057994;-54,95944977;"SPRF-MT";"DEL06-MT";"NPF/DEL06-MT"
342575;2021-02-24;"quarta-feira";"06:50:00";"SC";101;141;"BALNEARIO CAMBORIU";"Condutor Dormindo";"Colisão com objeto";"Com Vítimas Feridas";"Pleno dia";"Crescente";"Nublado";"Simples";"Curva;Declive";"Sim";1;0;1;0;0;0;1;1;-27,04761729;-48,59995855;"SPRF-SC";"DEL04-SC";"UOP03-DEL04-SC"
342577;2021-02-24;"quarta-feira";"07:00:00";"MG";50;179,1;"UBERABA";"Reação tardia ou ineficiente do condutor";"Colisão com objeto";"Com Vítimas Feridas";"Pleno dia";"Decrescente";"Céu Claro";"Dupla";"Declive";"Sim";1;0;1;0;0;0;1;1;-19,77827047;-47,93140998;"SPRF-MG";"DEL13-MG";"UOP01-DEL13-MG"
342578;2021-02-24;"quarta-feira";"07:25:00";"RN";101;85;"SAO GONCALO DO AMARANTE";"Manobra de mudança de faixa";"Colisão lateral";"Com Vítimas Feridas";"Pleno dia";"Crescente";"Céu Claro";"Dupla";"Viaduto;Reta";"Sim";2;0;1;0;1;0;1;2;-5,77612369;-35,25240183;"SPRF-RN";"DEL02-RN";"UOP01-DEL02-RN"
342579;2021-01-31;"domingo";"18:50:00";"PE";408;105;"JABOATAO DOS GUARARAPES";"Condutor deixou de manter distância do veículo da frente";"Colisão traseira";"Com Vítimas Feridas";"Plena Noite";"Decrescente";"Céu Claro";"Simples";"Interseção de Vias";"Sim";3;0;1;1;1;0;2;2;-8,0730937;-34,99190714;"SPRF-PE";"DEL01-PE";"UOP01-DEL01-PE"
342580;2021-02-24;"quarta-feira";"07:10:00";"BA";116;4;"VITORIA DA CONQUISTA";"Acumulo de areia ou detritos sobre o pavimento";"Saída de leito carroçável";"Com Vítimas Feridas";"Pleno dia";"Decrescente";"Céu Claro";"Simples";"Curva";"Não";2;0;1;0;1;0;1;1;-14,851;-40,8485;"SPRF-BA";"DEL08-BA";"UOP01-DEL08-BA"
342582;2021-02-24;"quarta-feira";"08:00:00";"DF";20;10;"BRASILIA";"Condutor deixou de manter distância do veículo da frente";"Colisão traseira";"Com Vítimas Feridas";"Pleno dia";"Decrescente";"Céu Claro";"Dupla";"Reta";"Sim";2;0;1;0;1;0;1;2;-15,650243;-47,773872;"SPRF-DF";"DEL02-DF";"UOP01-DEL02-DF"
342584;2021-02-24;"quarta-feira";"08:05:00";"PE";232;6;"RECIFE";"Condutor deixou de manter distância do veículo da frente";"Colisão traseira";"Com Vítimas Feridas";"Pleno dia";"Decrescente";"Céu Claro";"Dupla";"Reta";"Sim";2;0;1;0;1;0;1;2;-8,07079525;-34,9535389;"SPRF-PE";"DEL01-PE";"UOP01-DEL01-PE"
342586;2021-02-24;"quarta-feira";"04:00:00";"RJ";101;403;"ITAGUAI";"Estacionar ou parar em local proibido";"Incêndio";"Sem Vítimas";"Plena Noite";"Decrescente";"Céu Claro";"Dupla";"Reta";"Não";1;0;0;0;0;1;0;1;-22,85924449;-43,79010059;"SPRF-RJ";"DEL03-RJ";"UOP01-DEL03-RJ"
342587;2021-01-14;"quinta-feira";"07:00:00";"MG";40;515;"RIBEIRAO DAS NEVES";"Ausência de reação do condutor";"Colisão traseira";"Com Vítimas Feridas";"Pleno dia";"Crescente";"Céu Claro";"Dupla";"Reta";"Não";2;0;1;0;1;0;1;2;-19,8090079;-44,09493479;"SPRF-MG";"DEL01-MG";"UOP02-DEL01-MG"
342588;2021-02-12;"sexta-feira";"18:30:00";"MG";356;264,5;"MURIAE";"Conversão proibida";"Colisão transversal";"Com Vítimas Feridas";"Anoitecer";"Crescente";"Céu Claro";"Simples";"Reta;Interseção de Vias";"Sim";2;0;1;0;1;0;1;2;-21,12471476;-42,37997624;"SPRF-MG";"DEL07-MG";"UOP02-DEL07-MG"
342589;2021-02-24;"quarta-feira";"07:05:00";"SC";282;577,4;"PINHALZINHO";"Acessar a via sem observar a presença dos outros veículos";"Colisão transversal";"Com Vítimas Feridas";"Pleno dia";"Decrescente";"Nublado";"Simples";"Reta;Aclive";"Sim";5;0;1;0;4;0;1;2;-26,84676;-52,980644;"SPRF-SC";"DEL07-SC";"UOP02-DEL07-SC"
342591;2021-02-24;"quarta-feira";"07:30:00";"SC";470;7;"NAVEGANTES";"Acesso irregular";"Colisão transversal";"Com Vítimas Feridas";"Pleno dia";"Decrescente";"Nublado";"Simples";"Reta";"Não";2;0;1;0;1;0;1;2;-26,84499;-48,71505;"SPRF-SC";"DEL04-SC";"UOP04-DEL04-SC"
342593;2021-02-24;"quarta-feira";"07:15:00";"RO";364;715;"PORTO VELHO";"Acessar a via sem observar a presença dos outros veículos";"Colisão lateral mesmo sentido";"Com Vítimas Feridas";"Pleno dia";"Decrescente";"Céu Claro";"Dupla";"Rotatória";"Sim";2;0;1;0;1;0;1;2;-8,78456907;-63,89657021;"SPRF-RO";"DEL01-RO";"UOP01-DEL01-RO"
342594;2021-02-24;"quarta-feira";"08:15:00";"ES";262;1;"CARIACICA";"Manobra de mudança de faixa";"Colisão lateral";"Com Vítimas Feridas";"Pleno dia";"Decrescente";"Céu Claro";"Múltipla";"Reta";"Sim";2;0;1;0;1;0;1;2;-20,382715;-40,4596025;"SPRF-ES";"DEL01-ES";"UOP01-DEL01-ES"
342595;2021-02-24;"quarta-feira";"08:50:00";"RS";290;145;"ELDORADO DO SUL";"Ultrapassagem Indevida";"Colisão lateral";"Com Vítimas Feridas";"Pleno dia";"Decrescente";"Céu Claro";"Simples";"Reta";"Não";2;0;1;0;1;0;1;2;-30,100563;-51,656773;"SPRF-RS";"DEL02-RS";"UOP01-DEL02-RS"
342596;2021-02-24;"quarta-feira";"08:45:00";"MG";365;622;"UBERLANDIA";"Condutor deixou de manter distância do veículo da frente";"Colisão lateral mesmo sentido";"Com Vítimas Feridas";"Pleno dia";"Decrescente";"Céu Claro";"Múltipla";"Reta";"Sim";2;0;1;0;1;0;1;2;-18,90751667;-48,29937209;"SPRF-MG";"DEL15-MG";"UOP01-DEL15-MG"
342597;2021-02-24;"quarta-feira";"09:09:00";"SP";116;229;"SAO PAULO";"Trafegar com motocicleta (ou similar) entre as faixas";"Colisão lateral mesmo sentido";"Com Vítimas Feridas";"Pleno dia";"Crescente";"Céu Claro";"Múltipla";"Reta";"Sim";4;0;2;0;2;0;2;3;-23,51291902;-46,57604698;"SPRF-SP";"DEL01-SP";"UOP01-DEL01-SP"
342598;2021-02-24;"quarta-feira";"08:50:00";"CE";116;15;"FORTALEZA";"Manobra de mudança de faixa";"Colisão lateral";"Com Vítimas Feridas";"Pleno dia";"Crescente";"Céu Claro";"Dupla";"Reta";"Sim";3;0;1;1;1;0;2;2;-3,87839882;-38,50066893;"SPRF-CE";"DEL01-CE";"UOP02-DEL01-CE"
342599;2021-02-24;"quarta-feira";"08:50:00";"SC";101;327,2;"CAPIVARI DE BAIXO";"Desrespeitar a preferência no cruzamento";"Colisão transversal";"Com Vítimas Feridas";"Pleno dia";"Crescente";"Garoa/Chuvisco";"Simples";"Interseção de Vias";"Não";2;0;1;0;1;0;1;2;-28,43023306;-48,95205197;"SPRF-SC";"DEL02-SC";"UOP01-DEL02-SC"
342604;2021-02-24;"quarta-feira";"09:40:00";"RN";101;104;"PARNAMIRIM";"Demais falhas mecânicas ou elétricas";"Queda de ocupante de veículo";"Com Vítimas Feridas";"Pleno dia";"Crescente";"Céu Claro";"Dupla";"Curva";"Sim";1;0;1;0;0;0;1;1;-5,892745;-35,257225;"SPRF-RN";"DEL01-RN";"UOP01-DEL01-RN"
342605;2021-02-24;"quarta-feira";"09:10:00";"RJ";116;177,5;"NOVA IGUACU";"Afundamento ou ondulação no pavimento";"Tombamento";"Com Vítimas Feridas";"Pleno dia";"Crescente";"Céu Claro";"Dupla";"Reta";"Sim";1;0;1;0;0;0;1;1;-22,7805519832;-43,392085993;"SPRF-RJ";"DEL01-RJ";"UOP02-DEL01-RJ"
342608;2021-02-08;"segunda-feira";"13:45:00";"MG";381;631;"OLIVEIRA";"Avarias e/ou desgaste excessivo no pneu";"Saída de leito carroçável";"Com Vítimas Feridas";"Pleno dia";"Crescente";"Chuva";"Dupla";"Curva";"Não";2;0;2;0;0;0;2;1;-20,85469891;-44,83709639;"SPRF-MG";"DEL04-MG";"UOP01-DEL04-MG"
342610;2021-01-03;"domingo";"15:30:00";"PA";163;10;"NOVO PROGRESSO";"Reação tardia ou ineficiente do condutor";"Capotamento";"Com Vítimas Feridas";"Pleno dia";"Decrescente";"Céu Claro";"Simples";"Reta";"Não";4;0;2;0;2;0;2;1;-9,482998;-54,858757;"SPRF-PA";"DEL05-PA";"UOP01-DEL05-PA"
342612;2021-02-24;"quarta-feira";"10:30:00";"PR";476;122;"CURITIBA";"Obras na pista";"Colisão lateral mesmo sentido";"Com Vítimas Feridas";"Pleno dia";"Decrescente";"Nublado";"Dupla";"Reta";"Sim";3;0;2;0;1;0;2;2;-25,385775;-49,203377;"SPRF-PR";"DEL01-PR";"UOP02-DEL01-PR"
342615;2021-02-24;"quarta-feira";"10:00:00";"PR";376;223;"CAMBIRA";"Reação tardia ou ineficiente do condutor";"Saída de leito carroçável";"Com Vítimas Feridas";"Pleno dia";"Decrescente";"Céu Claro";"Dupla";"Curva";"Não";1;0;1;0;0;0;1;1;-23,59012534;-51,57481471;"SPRF-PR";"DEL07-PR";"UOP03-DEL07-PR"
342616;2021-02-24;"quarta-feira";"10:15:00";"RS";116;116,8;"SAO MARCOS";"Velocidade Incompatível";"Colisão com objeto";"Com Vítimas Feridas";"Pleno dia";"Crescente";"Céu Claro";"Simples";"Reta";"Sim";1;0;1;0;0;0;1;1;-28,98049461;-51,06834769;"SPRF-RS";"DEL05-RS";"UOP01-DEL05-RS"
342617;2021-02-24;"quarta-feira";"10:25:00";"GO";153;491,7;"GOIANIA";"Ausência de reação do condutor";"Colisão traseira";"Com Vítimas Feridas";"Pleno dia";"Crescente";"Céu Claro";"Múltipla";"Curva";"Sim";7;0;2;0;5;0;2;2;-16,639;-49,2063;"SPRF-GO";"DEL01-GO";"UOP01-DEL01-GO"
342618;2021-02-24;"quarta-feira";"10:20:00";"BA";367;84;"EUNAPOLIS";"Acessar a via sem observar a presença dos outros veículos";"Colisão transversal";"Com Vítimas Feridas";"Pleno dia";"Crescente";"Céu Claro";"Simples";"Reta";"Não";3;0;2;0;1;0;2;2;-16,37465;-39,579426;"SPRF-BA";"DEL09-BA";"UOP01-DEL09-BA"
342621;2021-02-24;"quarta-feira";"11:30:00";"SC";470;7;"NAVEGANTES";"Velocidade Incompatível";"Saída de leito carroçável";"Com Vítimas Feridas";"Pleno dia";"Decrescente";"Nublado";"Dupla";"Reta";"Não";1;0;1;0;0;0;1;1;-26,84499;-48,71505;"SPRF-SC";"DEL04-SC";"UOP04-DEL04-SC"
342625;2021-02-13;"sábado";"19:05:00";"MS";376;65,3;"GLORIA DE DOURADOS";"Ingestão de álcool pelo condutor";"Colisão transversal";"Com Vítimas Feridas";"Plena Noite";"Crescente";"Céu Claro";"Simples";"Declive";"Sim";4;0;1;2;1;0;3;2;-22,402161;-54,223851;"SPRF-MS";"DEL04-MS";"UOP04-DEL04-MS"
342626;2021-01-03;"domingo";"10:35:00";"MG";365;659;"MONTE ALEGRE DE MINAS";"Condutor Dormindo";"Saída de leito carroçável";"Com Vítimas Feridas";"Pleno dia";"Decrescente";"Nublado";"Dupla";"Reta";"Não";1;0;0;1;0;0;1;1;-18,889744;-48,6300304;"SPRF-MG";"DEL15-MG";"UOP01-DEL15-MG"
342627;2021-02-24;"quarta-feira";"11:30:00";"PR";476;132;"CURITIBA";"Ausência de reação do condutor";"Colisão traseira";"Com Vítimas Feridas";"Pleno dia";"Crescente";"Céu Claro";"Múltipla";"Reta";"Sim";2;0;1;0;1;0;1;2;-25,449564;-49,236427;"SPRF-PR";"DEL01-PR";"UOP03-DEL01-PR"
342629;2021-02-24;"quarta-feira";"07:20:00";"MS";163;690;"RIO VERDE DE MATO GROSSO";"Manobra de mudança de faixa";"Saída de leito carroçável";"Com Vítimas Feridas";"Pleno dia";"Decrescente";"Céu Claro";"Simples";"Reta";"Não";1;0;1;0;0;0;1;1;-18,84339808;-54,81605383;"SPRF-MS";"DEL06-MS";"UOP01-DEL06-MS"
342632;2021-02-08;"segunda-feira";"14:30:00";"PE";232;7;"RECIFE";"Condutor deixou de manter distância do veículo da frente";"Colisão traseira";"Com Vítimas Feridas";"Pleno dia";"Decrescente";"Céu Claro";"Dupla";"Reta";"Sim";2;0;1;0;1;0;1;2;-8,07333497;-34,96184301;"SPRF-PE";"DEL01-PE";"UOP01-DEL01-PE"
342633;2021-02-24;"quarta-feira";"10:40:00";"GO";153;598;"MORRINHOS";"Avarias e/ou desgaste excessivo no pneu";"Tombamento";"Sem Vítimas";"Pleno dia";"Crescente";"Céu Claro";"Dupla";"Reta";"Não";4;0;0;0;1;3;0;2;-17,5354;-49,2128;"SPRF-GO";"DEL03-GO";"UOP01-DEL03-GO"
342636;2021-02-24;"quarta-feira";"13:30:00";"BA";418;88,2;"NOVA VICOSA";"Ultrapassagem Indevida";"Colisão frontal";"Com Vítimas Feridas";"Pleno dia";"Crescente";"Céu Claro";"Simples";"Reta";"Sim";2;0;1;0;1;0;1;2;-17,88949109;-39,82359738;"SPRF-BA";"DEL09-BA";"UOP02-DEL09-BA"
342637;2021-02-12;"sexta-feira";"17:43:00";"CE";20;348,8;"CARIDADE";"Acessar a via sem observar a presença dos outros veículos";"Colisão transversal";"Com Vítimas Fatais";"Anoitecer";"Decrescente";"Céu Claro";"Simples";"Aclive";"Não";3;1;1;0;0;1;1;3;-4,10360991;-39,05907029;"SPRF-CE";"DEL02-CE";"UOP01-DEL02-CE"
342641;2021-02-24;"quarta-feira";"11:50:00";"RO";364;15,6;"VILHENA";"Desrespeitar a preferência no cruzamento";"Colisão transversal";"Com Vítimas Feridas";"Pleno dia";"Crescente";"Chuva";"Simples";"Rotatória";"Sim";2;0;1;0;1;0;1;2;-12,73672751;-60,14804088;"SPRF-RO";"DEL04-RO";"UOP01-DEL04-RO"
342643;2021-01-27;"quarta-feira";"20:40:00";"MG";267;50,7;"GUARARA";"Velocidade Incompatível";"Colisão frontal";"Com Vítimas Feridas";"Plena Noite";"Crescente";"Céu Claro";"Simples";"Curva";"Não";2;0;0;1;1;0;1;2;-21,72918674;-43,05110693;"SPRF-MG";"DEL07-MG";"UOP01-DEL07-MG"
342645;2021-02-24;"quarta-feira";"11:20:00";"RO";364;308;"PRESIDENTE MEDICI";"Condutor deixou de manter distância do veículo da frente";"Colisão traseira";"Sem Vítimas";"Pleno dia";"Crescente";"Céu Claro";"Simples";"Reta";"Não";2;0;0;0;2;0;0;2;-11,172427;-61,901573;"SPRF-RO";"DEL02-RO";"UOP01-DEL02-RO"
342646;2021-02-11;"quinta-feira";"15:00:00";"PA";308;155,8;"CAPANEMA";"Ingestão de álcool pelo condutor";"Colisão traseira";"Com Vítimas Feridas";"Pleno dia";"Crescente";"Nublado";"Simples";"Declive";"Não";2;0;0;1;1;0;1;2;-1,20989609;-47,14983403;"SPRF-PA";"DEL01-PA";"UOP03-DEL01-PA"
342648;2021-02-23;"terça-feira";"16:50:00";"MT";163;1022;"PEIXOTO DE AZEVEDO";"Ausência de reação do condutor";"Saída de leito carroçável";"Sem Vítimas";"Pleno dia";"Decrescente";"Chuva";"Simples";"Curva";"Não";1;0;0;0;0;1;0;1;-10,27410696;-55,01295569;"SPRF-MT";"DEL06-MT";"NPF/DEL06-MT"
342654;2021-02-24;"quarta-feira";"14:20:00";"MS";163;374;"NOVA ALVORADA DO SUL";"Velocidade Incompatível";"Saída de leito carroçável";"Com Vítimas Feridas";"Pleno dia";"Crescente";"Céu Claro";"Simples";"Aclive";"Não";2;0;1;0;1;0;1;1;-21,39332793;-54,40779977;"SPRF-MS";"DEL02-MS";"UOP01-DEL02-MS"
342655;2021-02-24;"quarta-feira";"12:30:00";"DF";251;32;"BRASILIA";"Conversão proibida";"Colisão transversal";"Sem Vítimas";"Pleno dia";"Decrescente";"Céu Claro";"Simples";"Reta";"Não";2;0;0;0;1;1;0;2;-15,940314;-47,740455;"SPRF-DF";"DEL01-DF";"UOP01-DEL01-DF"
342656;2021-02-24;"quarta-feira";"15:30:00";"SP";153;256;"MARILIA";"Acumulo de óleo sobre o pavimento";"Tombamento";"Com Vítimas Feridas";"Pleno dia";"Crescente";"Sol";"Dupla";"Reta";"Sim";2;0;2;0;0;0;2;1;-22,231552;-49,91968;"SPRF-SP";"DEL07-SP";"UOP02-DEL07-SP"
342657;2021-02-24;"quarta-feira";"15:40:00";"BA";116;420,8;"FEIRA DE SANTANA";"Reação tardia ou ineficiente do condutor";"Colisão lateral";"Com Vítimas Feridas";"Pleno dia";"Decrescente";"Sol";"Dupla";"Reta";"Sim";3;0;1;1;1;0;2;2;-12,20321398;-38,96555531;"SPRF-BA";"DEL02-BA";"UOP01-DEL02-BA"
342658;2021-02-19;"sexta-feira";"02:00:00";"MS";262;60;"TRES LAGOAS";"Animais na Pista";"Atropelamento de Animal";"Com Vítimas Feridas";"Plena Noite";"Crescente";"Céu Claro";"Múltipla";"Reta";"Não";1;0;1;0;0;0;1;1;-20,71528406;-52,14631802;"SPRF-MS";"DEL07-MS";"UOP01-DEL07-MS"