"id";"data_inversa";"dia_semana";"horario";"uf";"br";"km";"municipio";"causa_acidente";"tipo_acidente";"classificacao_acidente";"fase_dia";"sentido_via";"condicao_metereologica";"tipo_pista";"tracado_via";"uso_solo";"pessoas";"mortos";"feridos_leves";"feridos_graves";"ilesos";"ignorados";"feridos";"veiculos";"latitude";"longitude";"regional";"delegacia";"uop"
342808;2021-02-25;"quinta-feira";"10:20:00";"MG";381;908;"CAMBUI";"Velocidade Incompatível";"Saída de leito carroçável";"Com Vítimas Feridas";"Pleno dia";"Decrescente";"Chuva";"Dupla";"Curva";"Não";1;0;1;0;0;0;1;1;-22,71744092;-46,12652111;"SPRF-MG";"DEL16-MG";"UOP03-DEL16-MG"
342809;2021-02-17;"quarta-feira";"18:15:00";"RS";116;2;"PORTO ALEGRE";"Condutor deixou de manter distância do veículo da frente";"Colisão lateral";"Com Vítimas Feridas";"Pleno dia";"Decrescente";"Céu Claro";"Múltipla";"Reta";"Sim";2;0;1;0;1;0;1;2;-29,99070277;-51,18461609;"SPRF-RS";"DEL01-RS";"UOP01-DEL01-RS"
342811;2021-02-25;"quinta-feira";"13:50:00";"RS";392;53;"RIO GRANDE";"Manobra de mudança de faixa";"Colisão lateral";"Com Vítimas Feridas";"Pleno dia";"Crescente";"Céu Claro";"Dupla";"Reta";"Não";2;0;1;0;1;0;1;2;-31,84726997;-52,32688484;"SPRF-RS";"DEL07-RS";"UOP02-DEL07-RS"
342813;2021-02-25;"quinta-feira";"14:10:00";"SP";116;88,1;"PINDAMONHANGABA";"Avarias e/ou desgaste excessivo no pneu";"Tombamento";"Com Vítimas Feridas";"Pleno dia";"Decrescente";"Chuva";"Dupla";"Reta";"Não";2;0;2;0;0;0;2;1;-22,93500994;-45,37019403;"SPRF-SP";"DEL08-SP";"UOP01-DEL08-SP"
342814;2021-02-25;"quinta-feira";"13:30:00";"SC";163;71,4;"SAO MIGUEL DO OESTE";"Acessar a via sem observar a presença dos outros veículos";"Colisão transversal";"Com Vítimas Feridas";"Pleno dia";"Decrescente";"Céu Claro";"Dupla";"Aclive;Interseção de Vias;Reta";"Sim";2;0;1;0;1;0;1;2;-26,72435775;-53,51368546;"SPRF-SC";"DEL07-SC";"UOP03-DEL07-SC"
342815;2021-02-25;"quinta-feira";"13:50:00";"SC";101;132,4;"BALNEARIO CAMBORIU";"Ingestão de álcool pelo condutor";"Colisão traseira";"Com Vítimas Feridas";"Pleno dia";"Crescente";"Chuva";"Dupla";"Reta";"Sim";2;0;1;0;1;0;1;2;-26,99654133;-48,65564711;"SPRF-SC";"DEL04-SC";"UOP03-DEL04-SC"
342817;2021-02-25;"quinta-feira";"12:40:00";"GO";153;395;"PIRENOPOLIS";"Pista esburacada";"Saída de leito carroçável";"Com Vítimas Feridas";"Pleno dia";"Crescente";"Céu Claro";"Simples";"Aclive";"Não";2;0;0;2;0;0;2;1;-16,014783;-49,116785;"SPRF-GO";"DEL02-GO";"UOP02-DEL02-GO"
342819;2021-02-25;"quinta-feira";"14:10:00";"SC";101;205;"SAO JOSE";"Condutor deixou de manter distância do veículo da frente";"Engavetamento";"Sem Vítimas";"Pleno dia";"Crescente";"Céu Claro";"Múltipla";"Reta";"Sim";4;0;0;0;4;0;0;4;-27,58313237;-48,61532885;"SPRF-SC";"DEL01-SC";"UOP01-DEL01-SC"
342822;2021-02-25;"quinta-feira";"14:00:00";"PB";101;71;"SANTA RITA";"Avarias e/ou desgaste excessivo no pneu";"Colisão com objeto";"Com Vítimas Feridas";"Pleno dia";"Decrescente";"Chuva";"Dupla";"Reta";"Não";2;0;2;0;0;0;2;1;-7,06838278;-35,0033079;"SPRF-PB";"DEL01-PB";"UOP04-DEL01-PB"
342824;2021-02-13;"sábado";"21:30:00";"PE";423;72,9;"JUPI";"Transitar na contramão";"Colisão frontal";"Com Vítimas Fatais";"Plena Noite";"Crescente";"Nublado";"Simples";"Reta";"Sim";3;1;1;0;0;1;1;2;-8,70118191;-36,4154612;"SPRF-PE";"DEL03-PE";"UOP01-DEL03-PE"
342826;2021-02-25;"quinta-feira";"14:30:00";"BA";116;818,9;"VITORIA DA CONQUISTA";"Condutor deixou de manter distância do veículo da frente";"Colisão traseira";"Sem Vítimas";"Pleno dia";"Decrescente";"Nublado";"Simples";"Reta";"Não";2;0;0;0;2;0;0;2;-14,827712;-40,826552;"SPRF-BA";"DEL08-BA";"UOP01-DEL08-BA"
342827;2021-02-05;"sexta-feira";"07:10:00";"CE";116;9;"FORTALEZA";"Animais na Pista";"Atropelamento de Animal";"Com Vítimas Feridas";"Pleno dia";"Decrescente";"Sol";"Dupla";"Reta";"Sim";1;0;0;1;0;0;1;1;-3,82779096;-38,50486117;"SPRF-CE";"DEL01-CE";"UOP02-DEL01-CE"
342829;2021-01-08;"sexta-feira";"20:20:00";"PR";476;138;"CURITIBA";"Condutor deixou de manter distância do veículo da frente";"Colisão lateral";"Com Vítimas Feridas";"Plena Noite";"Decrescente";"Céu Claro";"Dupla";"Reta";"Sim";2;0;0;1;1;0;1;2;-25,505564;-49,283417;"SPRF-PR";"DEL01-PR";"UOP03-DEL01-PR"
342830;2021-02-25;"quinta-feira";"13:25:00";"MG";262;169;"SAO DOMINGOS DO PRATA";"Acessar a via sem observar a presença dos outros veículos";"Colisão transversal";"Com Vítimas Feridas";"Pleno dia";"Decrescente";"Sol";"Simples";"Reta";"Não";2;0;1;0;1;0;1;2;-19,96205411;-42,91466698;"SPRF-MG";"DEL03-MG";"UOP01-DEL03-MG"
342833;2021-02-25;"quinta-feira";"09:00:00";"MT";163;837;"SINOP";"Acessar a via sem observar a presença dos outros veículos";"Colisão transversal";"Com Vítimas Feridas";"Pleno dia";"Decrescente";"Nublado";"Simples";"Reta";"Sim";2;0;1;0;0;1;1;2;-11,84117;-55,48995;"SPRF-MT";"DEL06-MT";"NPF/DEL06-MT"
342848;2021-02-19;"sexta-feira";"17:20:00";"MS";262;687,4;"CORUMBA";"Pista esburacada";"Saída de leito carroçável";"Com Vítimas Feridas";"Anoitecer";"Crescente";"Céu Claro";"Simples";"Reta";"Não";4;0;1;0;3;0;1;1;-19,55967667;-57,25999917;"SPRF-MS";"DEL03-MS";"UOP03-DEL03-MS"
342852;2021-02-25;"quinta-feira";"15:45:00";"PB";230;8;"CABEDELO";"Pedestre andava na pista";"Atropelamento de Pedestre";"Com Vítimas Feridas";"Pleno dia";"Decrescente";"Céu Claro";"Dupla";"Reta";"Sim";3;0;0;1;1;1;1;2;-7,0355;-34,8429;"SPRF-PB";"DEL01-PB";"UOP01-DEL01-PB"
342853;2021-02-25;"quinta-feira";"15:00:00";"RS";290;196,4;"RIO PARDO";"Avarias e/ou desgaste excessivo no pneu";"Saída de leito carroçável";"Com Vítimas Feridas";"Pleno dia";"Crescente";"Sol";"Simples";"Reta";"Não";2;0;1;0;1;0;1;1;-30,167259;-52,175415;"SPRF-RS";"DEL02-RS";"UOP03-DEL02-RS"
342855;2021-02-25;"quinta-feira";"12:15:00";"MA";316;191;"ZE DOCA";"Pista esburacada";"Colisão frontal";"Com Vítimas Feridas";"Pleno dia";"Crescente";"Nublado";"Simples";"Reta";"Não";2;0;0;1;1;0;1;2;-3,214699;-45,65094;"SPRF-MA";"DEL02-MA";"UOP02-DEL02-MA"
342857;2021-02-25;"quinta-feira";"16:15:00";"MA";230;404;"BALSAS";"Acessar a via sem observar a presença dos outros veículos";"Colisão lateral";"Com Vítimas Feridas";"Pleno dia";"Crescente";"Nublado";"Simples";"Reta";"Sim";2;0;1;0;1;0;1;2;-7,52339895;-46,04122203;"SPRF-MA";"DEL05-MA";"UOP01-DEL05-MA"
342858;2021-02-25;"quinta-feira";"16:00:00";"SC";470;119,2;"IBIRAMA";"Avarias e/ou desgaste excessivo no pneu";"Saída de leito carroçável";"Com Vítimas Feridas";"Pleno dia";"Crescente";"Chuva";"Simples";"Curva";"Sim";1;0;1;0;0;0;1;1;-27,087709;-49,51915741;"SPRF-SC";"DEL04-SC";"UOP02-DEL04-SC"
342860;2021-02-25;"quinta-feira";"17:23:00";"SP";116;298;"SAO LOURENCO DA SERRA";"Mal súbito do condutor";"Colisão com objeto";"Com Vítimas Feridas";"Pleno dia";"Decrescente";"Nublado";"Múltipla";"Reta";"Não";2;0;2;0;0;0;2;1;-23,78787771;-46,91376686;"SPRF-SP";"DEL04-SP";"UOP01-DEL04-SP"
342861;2021-02-25;"quinta-feira";"16:00:00";"BA";324;622;"SALVADOR";"Manobra de mudança de faixa";"Colisão lateral";"Com Vítimas Feridas";"Pleno dia";"Decrescente";"Céu Claro";"Dupla";"Reta";"Sim";3;0;2;0;1;0;2;2;-12,92122808;-38,46693277;"SPRF-BA";"DEL01-BA";"UOP01-DEL01-BA"
342862;2021-02-25;"quinta-feira";"17:25:00";"BA";407;1;"JUAZEIRO";"Transitar no acostamento";"Atropelamento de Pedestre";"Com Vítimas Feridas";"Pleno dia";"Crescente";"Céu Claro";"Simples";"Reta";"Sim";2;0;2;0;0;0;2;2;-9,41845604;-40,50725978;"SPRF-PE";"DEL06-PE";"UOP01-DEL06-PE"
342863;2021-02-25;"quinta-feira";"17:20:00";"PR";469;15,2;"FOZ DO IGUACU";"Desrespeitar a preferência no cruzamento";"Colisão transversal";"Com Vítimas Feridas";"Pleno dia";"Decrescente";"Sol";"Simples";"Rotatória";"Sim";2;0;1;0;1;0;1;2;-25,5813;-54,5315;"SPRF-PR";"DEL05-PR";"UOP04-DEL05-PR"
342865;2021-02-25;"quinta-feira";"15:25:00";"PR";277;114,8;"CAMPO LARGO";"Demais falhas mecânicas ou elétricas";"Saída de leito carroçável";"Com Vítimas Feridas";"Pleno dia";"Decrescente";"Nublado";"Simples";"Reta";"Sim";1;0;1;0;0;0;1;1;-25,42766575;-49,38724005;"SPRF-PR";"DEL01-PR";"UOP03-DEL03-PR"
342866;2021-02-25;"quinta-feira";"16:50:00";"PB";104;129,5;"CAMPINA GRANDE";"Manobra de mudança de faixa";"Colisão lateral mesmo sentido";"Com Vítimas Feridas";"Pleno dia";"Crescente";"Céu Claro";"Dupla";"Rotatória";"Sim";2;0;1;0;1;0;1;2;-7,28120589;-35,88915693;"SPRF-PB";"DEL02-PB";"UOP01-DEL02-PB"
342868;2021-02-25;"quinta-feira";"16:05:00";"MA";135;53,8;"BACABEIRA";"Manobra de mudança de faixa";"Colisão frontal";"Com Vítimas Feridas";"Pleno dia";"Crescente";"Chuva";"Simples";"Reta";"Sim";2;0;1;0;1;0;1;2;-2,98920503;-44,31246375;"SPRF-MA";"DEL01-MA";"UOP02-DEL01-MA"
342871;2021-02-25;"quinta-feira";"07:30:00";"ES";262;109,9;"VENDA NOVA DO IMIGRANTE";"Afundamento ou ondulação no pavimento";"Queda de ocupante de veículo";"Com Vítimas Feridas";"Pleno dia";"Crescente";"Céu Claro";"Simples";"Reta";"Sim";1;0;1;0;0;0;1;1;-20,33581177;-41,17107062;"SPRF-ES";"DEL01-ES";"UOP02-DEL01-ES"
342872;2021-02-25;"quinta-feira";"18:00:00";"SC";282;223;"LAGES";"Desrespeitar a preferência no cruzamento";"Colisão transversal";"Com Vítimas Feridas";"Pleno dia";"Decrescente";"Céu Claro";"Simples";"Declive";"Sim";2;0;1;0;1;0;1;2;-27,800127;-50,362751;"SPRF-SC";"DEL05-SC";"UOP01-DEL05-SC"
342873;2021-02-25;"quinta-feira";"17:55:00";"BA";116;827;"VITORIA DA CONQUISTA";"Animais na Pista";"Atropelamento de Animal";"Com Vítimas Feridas";"Anoitecer";"Decrescente";"Céu Claro";"Simples";"Reta";"Sim";1;0;1;0;0;0;1;1;-14,888321;-40,86077;"SPRF-BA";"DEL08-BA";"UOP01-DEL08-BA"
342874;2021-02-25;"quinta-feira";"18:00:00";"SP";116;220,5;"GUARULHOS";"Condutor deixou de manter distância do veículo da frente";"Colisão traseira";"Com Vítimas Feridas";"Anoitecer";"Crescente";"Chuva";"Múltipla";"Reta";"Sim";2;0;0;1;1;0;1;2;-23,46678931;-46,50495529;"SPRF-SP";"DEL01-SP";"UOP01-DEL01-SP"
342875;2021-02-25;"quinta-feira";"16:15:00";"MG";262;419,5;"PARA DE MINAS";"Demais falhas mecânicas ou elétricas";"Tombamento";"Com Vítimas Feridas";"Pleno dia";"Decrescente";"Sol";"Dupla";"Reta";"Não";2;0;0;2;0;0;2;1;-19,88394321;-44,76688385;"SPRF-MG";"DEL08-MG";"UOP03-DEL08-MG"
342876;2021-02-25;"quinta-feira";"17:00:00";"SC";101;270,9;"IMBITUBA";"Reação tardia ou ineficiente do condutor";"Colisão com objeto";"Com Vítimas Feridas";"Pleno dia";"Decrescente";"Chuva";"Dupla";"Curva";"Não";3;0;3;0;0;0;3;1;-28,09045764;-48,70960236;"SPRF-SC";"DEL02-SC";"UOP03-DEL02-SC"
342881;2021-01-31;"domingo";"05:20:00";"SP";116;269;"TABOAO DA SERRA";"Ausência de reação do condutor";"Tombamento";"Com Vítimas Feridas";"Amanhecer";"Crescente";"Céu Claro";"Dupla";"Reta";"Sim";1;0;1;0;0;0;1;1;-23,61593059;-46,78826044;"SPRF-SP";"DEL04-SP";"UOP01-DEL04-SP"
342882;2021-02-25;"quinta-feira";"17:15:00";"MA";10;244;"DAVINOPOLIS";"Reação tardia ou ineficiente do condutor";"Colisão traseira";"Com Vítimas Feridas";"Pleno dia";"Crescente";"Céu Claro";"Simples";"Declive";"Sim";2;0;1;1;0;0;2;2;-5,596112;-47,42886;"SPRF-MA";"DEL04-MA";"UOP01-DEL04-MA"
342885;2021-02-20;"sábado";"17:30:00";"AP";156;820;"OIAPOQUE";"Pista esburacada";"Colisão com objeto";"Sem Vítimas";"Anoitecer";"Crescente";"Chuva";"Simples";"Reta";"Sim";1;0;0;0;1;0;0;1;3,83878842;-51,81774523;"SPRF-AP";"DEL01-AP";"UOP03-DEL01-AP"
342887;2021-02-25;"quinta-feira";"18:50:00";"SC";101;218;"PALHOCA";"Reação tardia ou ineficiente do condutor";"Colisão transversal";"Com Vítimas Feridas";"Anoitecer";"Decrescente";"Chuva";"Dupla";"Reta";"Sim";2;0;1;0;1;0;1;2;-27,6758601;-48,67052525;"SPRF-SC";"DEL01-SC";"UOP02-DEL01-SC"
342888;2021-02-25;"quinta-feira";"17:00:00";"SC";282;496,7;"XANXERE";"Ausência de reação do condutor";"Saída de leito carroçável";"Com Vítimas Feridas";"Pleno dia";"Crescente";"Sol";"Simples";"Reta";"Não";2;0;2;0;0;0;2;1;-26,878679;-52,335735;"SPRF-SC";"DEL07-SC";"UOP01-DEL07-SC"
342893;2021-02-01;"segunda-feira";"07:00:00";"MG";262;398,2;"PARA DE MINAS";"Conversão proibida";"Colisão transversal";"Com Vítimas Feridas";"Pleno dia";"Crescente";"Nublado";"Dupla";"Reta";"Sim";2;0;0;1;1;0;1;2;-19,890131;-44,586275;"SPRF-MG";"DEL01-MG";"UOP03-DEL01-MG"
342894;2021-02-25;"quinta-feira";"19:19:00";"SC";101;305;"LAGUNA";"Demais falhas mecânicas ou elétricas";"Incêndio";"Sem Vítimas";"Plena Noite";"Crescente";"Garoa/Chuvisco";"Múltipla";"Reta";"Sim";1;0;0;0;1;0;0;1;-28,4000267;-48,78612041;"SPRF-SC";"DEL02-SC";"UOP03-DEL02-SC"
342895;2021-02-25;"quinta-feira";"19:20:00";"DF";20;19,9;"BRASILIA";"Entrada inopinada do pedestre";"Atropelamento de Pedestre";"Com Vítimas Feridas";"Plena Noite";"Crescente";"Céu Claro";"Dupla";"Reta";"Sim";2;0;0;1;0;1;1;2;-15,612175;-47,700928;"SPRF-DF";"DEL02-DF";"UOP01-DEL02-DF"
342897;2021-02-25;"quinta-feira";"18:00:00";"SC";470;174,4;"POUSO REDONDO";"Transitar no acostamento";"Colisão transversal";"Com Vítimas Feridas";"Pleno dia";"Decrescente";"Chuva";"Simples";"Reta";"Não";2;0;1;0;1;0;1;2;-27,258179;-49,929146;"SPRF-SC";"DEL04-SC";"UOP02-DEL04-SC"
342899;2021-02-25;"quinta-feira";"16:35:00";"MS";163;317;"RIO BRILHANTE";"Velocidade Incompatível";"Saída de leito carroçável";"Com Vítimas Feridas";"Pleno dia";"Decrescente";"Céu Claro";"Simples";"Curva";"Não";1;0;1;0;0;0;1;1;-21,83585641;-54,53938365;"SPRF-MS";"DEL02-MS";"UOP02-DEL02-MS"
342901;2021-02-25;"quinta-feira";"16:20:00";"MG";40;209;"JOAO PINHEIRO";"Chuva";"Saída de leito carroçável";"Com Vítimas Feridas";"Pleno dia";"Crescente";"Chuva";"Simples";"Reta";"Não";5;0;1;0;4;0;1;1;-17,98499357;-45,7381991;"SPRF-MG";"DEL14-MG";"UOP02-DEL14-MG"
342903;2021-02-25;"quinta-feira";"18:40:00";"SC";101;390,4;"ICARA";"Reação tardia ou ineficiente do condutor";"Colisão com objeto";"Com Vítimas Feridas";"Plena Noite";"Decrescente";"Nublado";"Dupla";"Reta";"Não";1;0;1;0;0;0;1;1;-28,79513029;-49,35435084;"SPRF-SC";"DEL02-SC";"UOP02-DEL02-SC"
342904;2021-02-25;"quinta-feira";"18:23:00";"ES";259;56,7;"COLATINA";"Acessar a via sem observar a presença dos outros veículos";"Colisão transversal";"Com Vítimas Feridas";"Plena Noite";"Decrescente";"Nublado";"Dupla";"Reta";"Sim";2;0;1;0;0;1;1;2;-19,50128488;-40,65265414;"SPRF-ES";"DEL02-ES";"UOP01-DEL02-ES"
342906;2021-02-25;"quinta-feira";"17:40:00";"PR";116;17;"ANTONINA";"Velocidade Incompatível";"Colisão traseira";"Com Vítimas Feridas";"Anoitecer";"Decrescente";"Chuva";"Dupla";"Curva";"Não";3;0;1;0;2;0;1;2;-25,10305915;-48,70103892;"SPRF-PR";"DEL01-PR";"UOP02-DEL01-PR"
342910;2021-02-25;"quinta-feira";"16:35:00";"MT";364;242;"JUSCIMEIRA";"Chuva";"Saída de leito carroçável";"Com Vítimas Feridas";"Anoitecer";"Decrescente";"Chuva";"Dupla";"Reta";"Não";2;0;0;2;0;0;2;1;-16,16260605;-54,79546977;"SPRF-MT";"DEL02-MT";"UOP01-DEL02-MT"
342911;2021-02-25;"quinta-feira";"12:00:00";"RS";158;279,9;"JULIO DE CASTILHOS";"Ultrapassagem Indevida";"Colisão frontal";"Com Vítimas Feridas";"Pleno dia";"Crescente";"Céu Claro";"Simples";"Reta";"Não";3;0;0;3;0;0;3;2;-29,37033501;-53,67125511;"SPRF-RS";"DEL09-RS";"UOP01-DEL09-RS"
342915;2021-01-06;"quarta-feira";"14:30:00";"MG";381;442;"SABARA";"Condutor deixou de manter distância do veículo da frente";"Engavetamento";"Com Vítimas Feridas";"Pleno dia";"Decrescente";"Nublado";"Dupla";"Reta";"Não";3;0;1;0;2;0;1;3;-19,80942691;-43,77596855;"SPRF-MG";"DEL01-MG";"UOP01-DEL01-MG"
342916;2021-02-25;"quinta-feira";"20:40:00";"MG";356;265,7;"MURIAE";"Acessar a via sem observar a presença dos outros veículos";"Colisão transversal";"Com Vítimas Feridas";"Plena Noite";"Decrescente";"Nublado";"Simples";"Interseção de Vias";"Sim";2;0;1;0;1;0;1;2;-21,12725446;-42,36905521;"SPRF-MG";"DEL07-MG";"UOP02-DEL07-MG"
342917;2021-02-01;"segunda-feira";"15:20:00";"BA";324;548;"AMELIA RODRIGUES";"Ausência de reação do condutor";"Colisão traseira";"Com Vítimas Feridas";"Pleno dia";"Decrescente";"Céu Claro";"Dupla";"Reta";"Não";2;0;1;0;1;0;1;2;-12,42569708;-38,73745605;"SPRF-BA";"DEL01-BA";"UOP03-DEL01-BA"
342919;2021-02-25;"quinta-feira";"17:55:00";"MG";153;15,5;"CENTRALINA";"Reação tardia ou ineficiente do condutor";"Colisão traseira";"Com Vítimas Feridas";"Pleno dia";"Decrescente";"Nublado";"Dupla";"Reta";"Não";3;0;2;0;1;0;2;2;-18,551305;-49,19396;"SPRF-MG";"DEL15-MG";"UOP03-DEL15-MG"
342920;2021-02-25;"quinta-feira";"22:30:00";"SP";116;110;"TAUBATE";"Chuva";"Colisão com objeto";"Com Vítimas Feridas";"Plena Noite";"Decrescente";"Garoa/Chuvisco";"Dupla";"Reta";"Não";2;0;1;0;1;0;1;1;-23,03412614;-45,5526999;"SPRF-SP";"DEL02-SP";"UOP02-DEL02-SP"
342923;2021-02-25;"quinta-feira";"22:15:00";"SP";116;150,3;"SAO JOSE DOS CAMPOS";"Ingestão de álcool pelo condutor";"Colisão com objeto";"Sem Vítimas";"Plena Noite";"Crescente";"Chuva";"Simples";"Aclive";"Sim";2;0;0;0;2;0;0;2;-23,21335525;-45,8930588;"SPRF-SP";"DEL02-SP";"UOP01-DEL02-SP"
342925;2021-02-25;"quinta-feira";"22:20:00";"SC";101;369;"ICARA";"Reação tardia ou ineficiente do condutor";"Saída de leito carroçável";"Com Vítimas Feridas";"Plena Noite";"Decrescente";"Nublado";"Dupla";"Interseção de Vias";"Não";2;0;1;0;1;0;1;1;-28,70127869;-49,19514656;"SPRF-SC";"DEL02-SC";"UOP01-DEL02-SC"
342926;2021-02-25;"quinta-feira";"22:25:00";"SC";470;56;"BLUMENAU";"Conversão proibida";"Colisão frontal";"Sem Vítimas";"Plena Noite";"Crescente";"Céu Claro";"Simples";"Interseção de Vias";"Não";2;0;0;0;2;0;0;2;-26,87674;-49,127743;"SPRF-SC";"DEL04-SC";"UOP01-DEL04-SC"
342927;2021-02-25;"quinta-feira";"22:15:00";"GO";50;112;"CRISTALINA";"Deficiência do Sistema de Iluminação/Sinalização";"Colisão com objeto";"Com Vítimas Feridas";"Plena Noite";"Crescente";"Nublado";"Dupla";"Reta";"Não";2;0;1;0;1;0;1;2;-16,9309;-47,7117;"SPRF-DF";"DEL01-DF";"UOP02-DEL01-DF"
342928;2021-02-25;"quinta-feira";"19:30:00";"GO";153;328,8;"RIANAPOLIS";"Restrição de visibilidade em curvas horizontais";"Colisão traseira";"Com Vítimas Fatais";"Plena Noite";"Crescente";"Céu Claro";"Simples";"Reta;Declive";"Não";3;2;0;0;1;0;0;2;-15,526209;-49,461736;"SPRF-GO";"DEL02-GO";"UOP02-DEL02-GO"
342929;2021-02-25;"quinta-feira";"22:40:00";"RJ";40;34;"AREAL";"Chuva";"Colisão com objeto";"Com Vítimas Feridas";"Plena Noite";"Decrescente";"Céu Claro";"Dupla";"Curva";"Sim";1;0;1;0;0;0;1;1;-22,20122568;-43,14116761;"SPRF-RJ";"DEL05-RJ";"UOP02-DEL05-RJ"
342933;2021-02-25;"quinta-feira";"18:00:00";"MT";364;143;"PEDRA PRETA";"Ultrapassagem Indevida";"Saída de leito carroçável";"Com Vítimas Feridas";"Anoitecer";"Crescente";"Céu Claro";"Simples";"Curva";"Não";2;0;2;0;0;0;2;1;-16,79988006;-54,17796873;"SPRF-MT";"DEL02-MT";"UOP01-DEL02-MT"
342934;2021-02-25;"quinta-feira";"22:40:00";"RO";364;694;"CANDEIAS DO JAMARI";"Ultrapassagem Indevida";"Colisão lateral mesmo sentido";"Com Vítimas Feridas";"Plena Noite";"Crescente";"Nublado";"Dupla";"Aclive;Reta;Ponte";"Não";1;0;1;0;0;0;1;1;-8,79910795;-63,71742503;"SPRF-RO";"DEL01-RO";"UOP01-DEL01-RO"
342935;2021-02-25;"quinta-feira";"22:50:00";"SC";101;210;"SAO JOSE";"Velocidade Incompatível";"Colisão traseira";"Sem Vítimas";"Plena Noite";"Decrescente";"Céu Claro";"Múltipla";"Reta";"Sim";3;0;0;0;1;2;0;3;-27,6167305;-48,6457265;"SPRF-SC";"DEL01-SC";"UOP01-DEL01-SC"
342940;2021-02-26;"sexta-feira";"02:10:00";"PE";101;69;"RECIFE";"Velocidade Incompatível";"Saída de leito carroçável";"Com Vítimas Feridas";"Plena Noite";"Crescente";"Garoa/Chuvisco";"Dupla";"Reta";"Sim";1;0;1;0;0;0;1;1;-8,06244343;-34,94498916;"SPRF-PE";"DEL01-PE";"UOP01-DEL01-PE"
342941;2021-02-26;"sexta-feira";"02:50:00";"MG";116;757,8;"LEOPOLDINA";"Reação tardia ou ineficiente do condutor";"Queda de ocupante de veículo";"Com Vítimas Fatais";"Plena Noite";"Decrescente";"Céu Claro";"Simples";"Reta";"Não";3;1;0;1;0;1;1;2;-21,49867034;-42,59199078;"SPRF-MG";"DEL07-MG";"UOP01-DEL07-MG"
342942;2021-02-26;"sexta-feira";"01:30:00";"MT";163;116,4;"RONDONOPOLIS";"Reação tardia ou ineficiente do condutor";"Saída de leito carroçável";"Com Vítimas Feridas";"Plena Noite";"Crescente";"Nublado";"Dupla";"Reta";"Não";1;0;0;1;0;0;1;1;-16,53003388;-54,66247426;"SPRF-MT";"DEL02-MT";"UOP01-DEL02-MT"
342946;2021-02-26;"sexta-feira";"04:55:00";"RS";386;346,5;"LAJEADO";"Pedestre andava na pista";"Atropelamento de Pedestre";"Com Vítimas Fatais";"Plena Noite";"Decrescente";"Céu Claro";"Dupla";"Reta";"Não";2;1;0;0;1;0;0;2;-29,44917928;-51,97047651;"SPRF-RS";"DEL04-RS";"UOP01-DEL04-RS"
342949;2021-02-26;"sexta-feira";"05:40:00";"RJ";116;79;"TERESOPOLIS";"Acessar a via sem observar a presença dos outros veículos";"Atropelamento de Pedestre";"Com Vítimas Feridas";"Amanhecer";"Crescente";"Nublado";"Simples";"Reta";"Sim";2;0;1;0;0;1;1;2;-22,381704;-42,954777;"SPRF-RJ";"DEL04-RJ";"UOP01-DEL04-RJ"
342950;2021-01-03;"domingo";"22:50:00";"SE";101;165,8;"SANTA LUZIA DO ITANHY";"Ausência de reação do condutor";"Colisão com objeto";"Sem Vítimas";"Plena Noite";"Decrescente";"Céu Claro";"Simples";"Curva";"Não";1;0;0;0;0;1;0;1;-11,31603984;-37,52504118;"SPRF-SE";"DEL02-SE";"UOP01-DEL02-SE"
342956;2021-02-26;"sexta-feira";"02:45:00";"CE";116;90;"OCARA";"Condutor Dormindo";"Capotamento";"Sem Vítimas";"Amanhecer";"Decrescente";"Chuva";"Simples";"Curva";"Não";1;0;0;0;1;0;0;1;-4,46407774;-38,36786069;"SPRF-CE";"DEL03-CE";"UOP02-DEL03-CE"
342957;2021-02-26;"sexta-feira";"06:10:00";"DF";70;19;"BRASILIA";"Trafegar com motocicleta (ou similar) entre as faixas";"Queda de ocupante de veículo";"Com Vítimas Feridas";"Pleno dia";"Decrescente";"Nublado";"Dupla";"Reta";"Não";2;0;2;0;0;0;2;1;-15,788868;-48,220242;"SPRF-DF";"DEL03-DF";"UOP02-DEL03-DF"
342958;2021-02-26;"sexta-feira";"06:40:00";"DF";40;4;"BRASILIA";"Manobra de mudança de faixa";"Colisão traseira";"Com Vítimas Feridas";"Pleno dia";"Decrescente";"Céu Claro";"Dupla";"Reta";"Sim";2;0;1;0;1;0;1;2;-16,012033;-47,982124;"SPRF-DF";"DEL01-DF";"UOP01-DEL01-DF"
342959;2021-02-26;"sexta-feira";"06:30:00";"RJ";116;185,7;"NOVA IGUACU";"Ingestão de álcool pelo condutor";"Colisão lateral";"Com Vítimas Fatais";"Pleno dia";"Decrescente";"Céu Claro";"Dupla";"Reta";"Não";4;2;0;0;2;0;0;3;-22,74420602;-43,51203918;"SPRF-RJ";"DEL01-RJ";"UOP02-DEL01-RJ"
342960;2021-02-26;"sexta-feira";"05:45:00";"PE";101;101,1;"CABO DE SANTO AGOSTINHO";"Chuva";"Colisão frontal";"Com Vítimas Feridas";"Pleno dia";"Crescente";"Chuva";"Simples";"Reta";"Sim";2;0;1;1;0;0;2;2;-8,291846;-35,047821;"SPRF-PE";"DEL01-PE";"UOP03-DEL01-PE"
342962;2021-02-26;"sexta-feira";"06:30:00";"PI";316;13,2;"TERESINA";"Transitar na contramão";"Colisão transversal";"Sem Vítimas";"Pleno dia";"Crescente";"Nublado";"Dupla";"Reta;Interseção de Vias";"Sim";2;0;0;0;2;0;0;2;-5,2096314;-42,75526995;"SPRF-PI";"DEL01-PI";"UOP02-DEL01-PI"