"id";"data_inversa";"dia_semana";"horario";"uf";"br";"km";"municipio";"causa_acidente";"tipo_acidente";"classificacao_acidente";"fase_dia";"sentido_via";"condicao_metereologica";"tipo_pista";"tracado_via";"uso_solo";"pessoas";"mortos";"feridos_leves";"feridos_graves";"ilesos";"ignorados";"feridos";"veiculos";"latitude";"longitude";"regional";"delegacia";"uop"
342963;2021-02-26;"sexta-feira";"07:00:00";"CE";116;6;"FORTALEZA";"Manobra de mudança de faixa";"Colisão lateral mesmo sentido";"Com Vítimas Feridas";"Pleno dia";"Decrescente";"Céu Claro";"Múltipla";"Reta";"Sim";3;0;1;0;2;0;1;3;-3,802624;-38,50400499;"SPRF-CE";"DEL01-CE";"UOP02-DEL01-CE"
342966;2021-02-26;"sexta-feira";"05:40:00";"MT";163;1033;"MATUPA";"Reação tardia ou ineficiente do condutor";"Queda de ocupante de veículo";"Com Vítimas Feridas";"Amanhecer";"Crescente";"Garoa/Chuvisco";"Simples";"Reta";"Sim";1;0;1;0;0;0;1;1;-10,23040903;-54,97740656;"SPRF-MT";"DEL06-MT";"NPF/DEL06-MT"
342967;2021-02-26;"sexta-feira";"06:55:00";"DF";70;19,1;"BRASILIA";"Ausência de reação do condutor";"Colisão traseira";"Sem Vítimas";"Pleno dia";"Decrescente";"Nublado";"Dupla";"Aclive;Reta";"Não";2;0;0;0;2;0;0;2;-15,788868;-48,220242;"SPRF-DF";"DEL03-DF";"UOP02-DEL03-DF"
342968;2021-02-26;"sexta-feira";"07:50:00";"CE";116;3,1;"FORTALEZA";"Entrada inopinada do pedestre";"Atropelamento de Pedestre";"Com Vítimas Feridas";"Pleno dia";"Decrescente";"Nublado";"Múltipla";"Reta";"Sim";3;0;3;0;0;0;3;2;-3,77866493;-38,51490171;"SPRF-CE";"DEL01-CE";"UOP02-DEL01-CE"
342972;2021-02-26;"sexta-feira";"07:40:00";"PR";277;708,8;"SANTA TEREZINHA DE ITAIPU";"Desrespeitar a preferência no cruzamento";"Colisão transversal";"Com Vítimas Feridas";"Pleno dia";"Crescente";"Céu Claro";"Dupla";"Reta";"Sim";2;0;2;0;0;0;2;2;-25,44290885;-54,39565306;"SPRF-PR";"DEL05-PR";"UOP01-DEL05-PR"
342974;2021-02-26;"sexta-feira";"07:05:00";"PR";376;596;"CURITIBA";"Manobra de mudança de faixa";"Queda de ocupante de veículo";"Com Vítimas Feridas";"Pleno dia";"Crescente";"Garoa/Chuvisco";"Dupla";"Reta";"Sim";1;0;1;0;0;0;1;1;-25,50194708;-49,3415524;"SPRF-PR";"DEL01-PR";"UOP01-DEL01-PR"
342975;2021-02-26;"sexta-feira";"07:20:00";"RJ";116;271,8;"BARRA MANSA";"Ultrapassagem Indevida";"Colisão lateral sentido oposto";"Com Vítimas Feridas";"Amanhecer";"Decrescente";"Nublado";"Dupla";"Reta;Declive";"Sim";2;0;0;1;1;0;1;2;-22,5535666667;-44,1758066667;"SPRF-RJ";"DEL07-RJ";"UOP02-DEL07-RJ"
342976;2021-02-26;"sexta-feira";"08:00:00";"PR";116;16,9;"ANTONINA";"Velocidade Incompatível";"Saída de leito carroçável";"Com Vítimas Feridas";"Pleno dia";"Decrescente";"Chuva";"Dupla";"Curva";"Não";1;0;1;0;0;0;1;1;-25,09969807;-48,692225;"SPRF-PR";"DEL01-PR";"UOP02-DEL01-PR"
342978;2021-02-26;"sexta-feira";"08:45:00";"SC";470;42,4;"GASPAR";"Reação tardia ou ineficiente do condutor";"Colisão traseira";"Com Vítimas Feridas";"Pleno dia";"Decrescente";"Céu Claro";"Simples";"Reta";"Sim";2;0;1;0;1;0;1;2;-26,875719;-49,003746;"SPRF-SC";"DEL04-SC";"UOP01-DEL04-SC"
342979;2021-02-03;"quarta-feira";"17:15:00";"BA";324;346;"CAPIM GROSSO";"Reação tardia ou ineficiente do condutor";"Colisão transversal";"Com Vítimas Feridas";"Pleno dia";"Decrescente";"Céu Claro";"Simples";"Reta";"Não";3;0;1;0;2;0;1;2;-11,354787;-40,075234;"SPRF-BA";"DEL04-BA";"UOP02-DEL04-BA"
342980;2021-02-26;"sexta-feira";"08:20:00";"RJ";116;91;"GUAPIMIRIM";"Velocidade Incompatível";"Queda de ocupante de veículo";"Com Vítimas Feridas";"Pleno dia";"Crescente";"Nublado";"Simples";"Curva";"Não";1;0;1;0;0;0;1;1;-22,45860515;-42,97439809;"SPRF-RJ";"DEL04-RJ";"UOP02-DEL04-RJ"
342982;2021-02-26;"sexta-feira";"09:15:00";"SC";101;142,2;"ITAPEMA";"Acessar a via sem observar a presença dos outros veículos";"Colisão traseira";"Com Vítimas Feridas";"Pleno dia";"Decrescente";"Nublado";"Dupla";"Curva";"Sim";5;0;2;0;3;0;2;4;-27,057905;-48,597552;"SPRF-SC";"DEL04-SC";"UOP03-DEL04-SC"
342983;2021-02-26;"sexta-feira";"08:15:00";"PA";316;97;"SANTA MARIA DO PARA";"Manobra de mudança de faixa";"Saída de leito carroçável";"Com Vítimas Feridas";"Pleno dia";"Crescente";"Céu Claro";"Simples";"Reta;Declive";"Não";1;0;1;0;0;0;1;1;-1,33032929;-47,63036005;"SPRF-PA";"DEL01-PA";"UOP02-DEL01-PA"
342984;2021-01-25;"segunda-feira";"18:30:00";"CE";116;175,5;"RUSSAS";"Animais na Pista";"Atropelamento de Animal";"Com Vítimas Feridas";"Anoitecer";"Crescente";"Nublado";"Simples";"Reta";"Não";1;0;0;1;0;0;1;1;-5,01875184;-38,05602007;"SPRF-CE";"DEL03-CE";"UOP01-DEL03-CE"
342985;2021-02-26;"sexta-feira";"01:28:00";"PA";222;243;"MARABA";"Pista Escorregadia";"Colisão com objeto";"Com Vítimas Fatais";"Plena Noite";"Crescente";"Chuva";"Simples";"Curva";"Não";1;1;0;0;0;0;0;1;-5,339671;-49,08239;"SPRF-PA";"DEL03-PA";"UOP01-DEL03-PA"
342987;2021-02-26;"sexta-feira";"09:00:00";"RS";116;259;"CANOAS";"Avarias e/ou desgaste excessivo no pneu";"Queda de ocupante de veículo";"Com Vítimas Feridas";"Pleno dia";"Decrescente";"Céu Claro";"Simples";"Reta";"Sim";2;0;2;0;0;0;2;1;-29,870408;-51,179909;"SPRF-RS";"DEL01-RS";"UOP02-DEL01-RS"
342989;2021-02-26;"sexta-feira";"07:00:00";"GO";158;167;"CAIAPONIA";"Reação tardia ou ineficiente do condutor";"Saída de leito carroçável";"Com Vítimas Feridas";"Amanhecer";"Crescente";"Chuva";"Simples";"Aclive";"Não";1;0;1;0;0;0;1;1;-17,03968202;-51,85223383;"SPRF-GO";"DEL05-GO";"UOP01-DEL05-GO"
342991;2021-02-26;"sexta-feira";"09:25:00";"MG";381;287;"JAGUARACU";"Demais falhas na via";"Tombamento";"Com Vítimas Feridas";"Pleno dia";"Decrescente";"Nublado";"Simples";"Reta";"Não";1;0;1;0;0;0;1;1;-19,634349;-42,80726132;"SPRF-MG";"DEL03-MG";"UOP02-DEL03-MG"
342993;2021-02-11;"quinta-feira";"05:30:00";"PA";316;239,6;"CACHOEIRA DO PIRIA";"Animais na Pista";"Atropelamento de Animal";"Com Vítimas Feridas";"Pleno dia";"Crescente";"Nublado";"Simples";"Reta";"Não";3;0;1;0;2;0;1;1;-1,73189346;-46,60068477;"SPRF-PA";"DEL01-PA";"UOP04-DEL01-PA"
342995;2021-02-26;"sexta-feira";"10:00:00";"ES";101;269;"SERRA";"Manobra de mudança de faixa";"Colisão lateral mesmo sentido";"Com Vítimas Feridas";"Pleno dia";"Crescente";"Céu Claro";"Dupla";"Reta";"Sim";2;0;0;1;1;0;1;2;-20,21740496;-40,26990578;"SPRF-ES";"DEL02-ES";"UOP01-DEL02-ES"
342998;2021-01-25;"segunda-feira";"17:18:00";"PR";476;159;"ARAUCARIA";"Acessar a via sem observar a presença dos outros veículos";"Colisão transversal";"Com Vítimas Feridas";"Pleno dia";"Crescente";"Nublado";"Simples";"Interseção de Vias";"Sim";2;0;1;0;1;0;1;2;-25,6100086;-49,4227222;"SPRF-PR";"DEL01-PR";"UOP03-DEL01-PR"
342999;2021-02-02;"terça-feira";"17:15:00";"PE";407;127,5;"PETROLINA";"Transitar no acostamento";"Colisão transversal";"Com Vítimas Feridas";"Pleno dia";"Decrescente";"Céu Claro";"Simples";"Reta";"Sim";2;0;0;1;1;0;1;2;-9,3908678;-40,52038627;"SPRF-PE";"DEL06-PE";"UOP01-DEL06-PE"
343000;2021-02-26;"sexta-feira";"10:30:00";"ES";101;294,8;"CARIACICA";"Transitar na contramão";"Colisão frontal";"Sem Vítimas";"Pleno dia";"Crescente";"Sol";"Múltipla";"Reta";"Sim";2;0;0;0;1;1;0;2;-20,32965697;-40,3989644;"SPRF-ES";"DEL01-ES";"UOP01-DEL01-ES"
343002;2021-02-07;"domingo";"13:00:00";"MA";135;286,5;"SANTO ANTONIO DOS LOPES";"Manobra de mudança de faixa";"Colisão frontal";"Com Vítimas Fatais";"Pleno dia";"Crescente";"Sol";"Simples";"Reta";"Sim";2;1;0;0;1;0;0;2;-4,86678417;-44,35505563;"SPRF-MA";"DEL03-MA";"UOP01-DEL03-MA"
343003;2021-02-06;"sábado";"18:40:00";"BA";110;174;"RIBEIRA DO POMBAL";"Ingestão de álcool pelo condutor";"Colisão frontal";"Com Vítimas Feridas";"Plena Noite";"Crescente";"Céu Claro";"Simples";"Reta";"Sim";2;0;0;1;1;0;1;2;-10,87839594;-38,52607058;"SPRF-BA";"DEL07-BA";"UOP02-DEL07-BA"
343004;2021-02-07;"domingo";"20:45:00";"SC";282;215;"LAGES";"Velocidade Incompatível";"Queda de ocupante de veículo";"Com Vítimas Feridas";"Plena Noite";"Decrescente";"Céu Claro";"Dupla";"Reta";"Sim";1;0;1;0;0;0;1;1;-27,793665;-50,281799;"SPRF-SC";"DEL05-SC";"UOP01-DEL05-SC"
343007;2021-02-26;"sexta-feira";"11:10:00";"PB";361;1;"PATOS";"Ingestão de álcool pelo condutor";"Colisão traseira";"Com Vítimas Feridas";"Pleno dia";"Decrescente";"Céu Claro";"Simples";"Reta";"Sim";2;0;1;0;1;0;1;2;-7,02239904;-37,26888498;"SPRF-PB";"DEL03-PB";"UOP01-DEL03-PB"
343008;2021-02-26;"sexta-feira";"09:20:00";"RR";174;504;"BOA VISTA";"Condutor deixou de manter distância do veículo da frente";"Colisão traseira";"Sem Vítimas";"Pleno dia";"Crescente";"Céu Claro";"Dupla";"Reta";"Sim";2;0;0;0;2;0;0;2;2,82208707;-60,69538593;"SPRF-RR";"DEL01-RR";"UOP01-DEL01-RR"
343009;2021-02-26;"sexta-feira";"11:30:00";"SP";381;69;"MAIRIPORA";"Velocidade Incompatível";"Colisão com objeto";"Com Vítimas Feridas";"Pleno dia";"Decrescente";"Chuva";"Dupla";"Curva";"Não";2;0;1;0;1;0;1;1;-23,34553108;-46,56787903;"SPRF-SP";"DEL03-SP";"UOP01-DEL03-SP"
343010;2021-02-26;"sexta-feira";"11:10:00";"MG";116;706,8;"MURIAE";"Transitar no acostamento";"Colisão lateral mesmo sentido";"Com Vítimas Feridas";"Pleno dia";"Crescente";"Nublado";"Simples";"Reta";"Sim";2;0;1;0;1;0;1;2;-21,147048;-42,381522;"SPRF-MG";"DEL07-MG";"UOP02-DEL07-MG"
343011;2021-02-26;"sexta-feira";"06:50:00";"GO";153;568;"PROFESSOR JAMIL";"Acumulo de água sobre o pavimento";"Saída de leito carroçável";"Com Vítimas Feridas";"Amanhecer";"Decrescente";"Chuva";"Dupla";"Declive;Curva";"Não";2;0;1;0;1;0;1;1;-17,2854;-49,2361;"SPRF-GO";"DEL03-GO";"UOP01-DEL03-GO"
343013;2021-02-26;"sexta-feira";"11:40:00";"SP";116;223,5;"GUARULHOS";"Acumulo de água sobre o pavimento";"Tombamento";"Com Vítimas Feridas";"Pleno dia";"Decrescente";"Chuva";"Múltipla";"Reta";"Não";1;0;1;0;0;0;1;1;-23,47559815;-46,5246609;"SPRF-SP";"DEL01-SP";"UOP01-DEL01-SP"
343015;2021-02-26;"sexta-feira";"12:20:00";"ES";101;298,1;"CARIACICA";"Manobra de mudança de faixa";"Colisão transversal";"Com Vítimas Feridas";"Pleno dia";"Decrescente";"Céu Claro";"Dupla";"Retorno Regulamentado";"Sim";3;0;0;2;1;0;2;2;-20,35860628;-40,42327504;"SPRF-ES";"DEL01-ES";"UOP01-DEL01-ES"
343016;2021-02-05;"sexta-feira";"06:15:00";"MG";381;628,8;"OLIVEIRA";"Velocidade Incompatível";"Colisão com objeto";"Com Vítimas Feridas";"Amanhecer";"Crescente";"Nublado";"Dupla";"Curva";"Não";1;0;1;0;0;0;1;1;-20,83304688;-44,8250553;"SPRF-MG";"DEL04-MG";"UOP01-DEL04-MG"
343017;2021-02-26;"sexta-feira";"12:50:00";"SC";101;137;"BALNEARIO CAMBORIU";"Condutor deixou de manter distância do veículo da frente";"Colisão traseira";"Com Vítimas Feridas";"Pleno dia";"Decrescente";"Céu Claro";"Múltipla";"Reta";"Sim";2;0;1;0;1;0;1;2;-27,0157238;-48,61192763;"SPRF-SC";"DEL04-SC";"UOP03-DEL04-SC"
343019;2021-02-26;"sexta-feira";"09:30:00";"MT";163;1062;"GUARANTA DO NORTE";"Conversão proibida";"Colisão lateral mesmo sentido";"Com Vítimas Feridas";"Pleno dia";"Decrescente";"Céu Claro";"Simples";"Reta";"Não";3;0;1;0;1;1;1;2;-9,968979;-54,90524;"SPRF-MT";"DEL06-MT";"NPF/DEL06-MT"
343020;2021-02-26;"sexta-feira";"12:20:00";"PR";376;192;"MARIALVA";"Velocidade Incompatível";"Saída de leito carroçável";"Com Vítimas Feridas";"Pleno dia";"Crescente";"Céu Claro";"Dupla";"Reta;Aclive";"Não";8;0;4;1;3;0;5;3;-23,491713;-51,815155;"SPRF-PR";"DEL09-PR";"UOP01-DEL09-PR"
343021;2021-02-26;"sexta-feira";"12:25:00";"RS";470;217;"BENTO GONCALVES";"Desrespeitar a preferência no cruzamento";"Colisão transversal";"Com Vítimas Feridas";"Pleno dia";"Decrescente";"Céu Claro";"Simples";"Rotatória";"Sim";2;0;1;0;1;0;1;2;-29,16462512;-51,52551964;"SPRF-RS";"DEL06-RS";"UOP01-DEL06-RS"
343022;2021-02-20;"sábado";"19:15:00";"MS";376;41;"VICENTINA";"Ingestão de álcool pelo condutor";"Queda de ocupante de veículo";"Com Vítimas Feridas";"Plena Noite";"Crescente";"Céu Claro";"Simples";"Reta";"Não";1;0;0;1;0;0;1;1;-22,41980235;-54,40802513;"SPRF-MS";"DEL04-MS";"UOP04-DEL04-MS"
343023;2021-02-07;"domingo";"06:30:00";"PE";116;5;"SALGUEIRO";"Transitar na contramão";"Colisão frontal";"Com Vítimas Feridas";"Pleno dia";"Crescente";"Céu Claro";"Simples";"Reta";"Não";2;0;0;1;1;0;1;2;-7,879868;-39,104885;"SPRF-PE";"DEL05-PE";"UOP01-DEL05-PE"
343024;2021-02-08;"segunda-feira";"13:10:00";"PA";230;120;"MARABA";"Manobra de mudança de faixa";"Colisão lateral mesmo sentido";"Com Vítimas Feridas";"Pleno dia";"Crescente";"Céu Claro";"Dupla";"Ponte";"Sim";3;0;2;0;1;0;2;3;-5,35038318;-49,11434;"SPRF-PA";"DEL03-PA";"UOP01-DEL03-PA"
343027;2021-02-26;"sexta-feira";"09:20:00";"RJ";101;290;"ITABORAI";"Reação tardia ou ineficiente do condutor";"Colisão com objeto";"Com Vítimas Feridas";"Pleno dia";"Crescente";"Céu Claro";"Dupla";"Reta";"Sim";3;0;1;0;2;0;1;1;-22,76708384;-42,86081305;"SPRF-RJ";"DEL02-RJ";"UOP03-DEL02-RJ"
343028;2021-02-26;"sexta-feira";"13:20:00";"PR";116;16,5;"ANTONINA";"Velocidade Incompatível";"Saída de leito carroçável";"Com Vítimas Feridas";"Pleno dia";"Decrescente";"Nublado";"Dupla";"Curva";"Não";3;0;1;0;2;0;1;1;-25,09969807;-48,692225;"SPRF-PR";"DEL01-PR";"UOP02-DEL01-PR"
343029;2021-02-26;"sexta-feira";"11:30:00";"BA";324;570;"CANDEIAS";"Manobra de mudança de faixa";"Saída de leito carroçável";"Com Vítimas Feridas";"Pleno dia";"Decrescente";"Céu Claro";"Dupla";"Reta";"Não";2;0;2;0;0;0;2;1;-12,59477403;-38,51600647;"SPRF-BA";"DEL01-BA";"UOP01-DEL01-BA"
343030;2021-02-26;"sexta-feira";"12:30:00";"PR";476;126;"CURITIBA";"Condutor deixou de manter distância do veículo da frente";"Colisão traseira";"Com Vítimas Feridas";"Pleno dia";"Crescente";"Garoa/Chuvisco";"Múltipla";"Ponte";"Sim";3;0;0;1;2;0;1;3;-25,416758;-49,223446;"SPRF-PR";"DEL01-PR";"UOP03-DEL01-PR"
343031;2021-02-26;"sexta-feira";"08:00:00";"RN";101;166,7;"CANGUARETAMA";"Acumulo de água sobre o pavimento";"Colisão com objeto";"Com Vítimas Feridas";"Pleno dia";"Decrescente";"Chuva";"Dupla";"Reta;Declive";"Não";1;0;1;0;0;0;1;1;-6,41690408;-35,12638614;"SPRF-RN";"DEL01-RN";"UOP01-DEL01-RN"
343033;2021-02-14;"domingo";"18:30:00";"MA";135;338,6;"PRESIDENTE DUTRA";"Conversão proibida";"Colisão transversal";"Com Vítimas Feridas";"Anoitecer";"Crescente";"Ignorado";"Simples";"Reta";"Sim";3;0;1;1;1;0;2;2;-5,2723941;-44,48963284;"SPRF-MA";"DEL03-MA";"UOP01-DEL03-MA"
343034;2021-02-26;"sexta-feira";"13:30:00";"SC";280;96,1;"SAO BENTO DO SUL";"Velocidade Incompatível";"Saída de leito carroçável";"Com Vítimas Feridas";"Pleno dia";"Crescente";"Chuva";"Simples";"Curva";"Não";3;0;3;0;0;0;3;1;-26,3833143;-49,31223107;"SPRF-SC";"DEL06-SC";"UOP03-DEL06-SC"
343036;2021-02-26;"sexta-feira";"14:10:00";"PB";101;105;"ALHANDRA";"Velocidade Incompatível";"Colisão com objeto";"Com Vítimas Feridas";"Pleno dia";"Crescente";"Chuva";"Dupla";"Curva";"Não";1;0;1;0;0;0;1;1;-7,30814609;-34,94344185;"SPRF-PB";"DEL01-PB";"UOP02-DEL01-PB"
343037;2021-02-26;"sexta-feira";"13:20:00";"SC";101;378,9;"ICARA";"Condutor Dormindo";"Colisão com objeto";"Com Vítimas Feridas";"Pleno dia";"Crescente";"Nublado";"Dupla";"Reta";"Sim";2;0;2;0;0;0;2;1;-28,75291155;-49,27471161;"SPRF-SC";"DEL02-SC";"UOP02-DEL02-SC"
343038;2021-02-26;"sexta-feira";"13:40:00";"MG";365;405,7;"PATOS DE MINAS";"Desrespeitar a preferência no cruzamento";"Colisão transversal";"Com Vítimas Feridas";"Pleno dia";"Decrescente";"Céu Claro";"Múltipla";"Curva";"Sim";3;0;1;0;2;0;1;2;-18,63548589;-46,48266962;"SPRF-MG";"DEL10-MG";"UOP01-DEL10-MG"
343039;2021-02-26;"sexta-feira";"14:20:00";"MG";40;750;"SANTOS DUMONT";"Chuva";"Saída de leito carroçável";"Com Vítimas Feridas";"Pleno dia";"Decrescente";"Chuva";"Simples";"Curva";"Não";1;0;1;0;0;0;1;1;-21,45724301;-43,55822199;"SPRF-MG";"DEL05-MG";"UOP01-DEL05-MG"
343040;2021-02-16;"terça-feira";"16:00:00";"PA";222;59,5;"DOM ELISEU";"Velocidade Incompatível";"Saída de leito carroçável";"Com Vítimas Feridas";"Pleno dia";"Decrescente";"Nublado";"Simples";"Reta";"Não";3;0;3;0;0;0;3;1;-4,475503;-47,818012;"SPRF-PA";"DEL02-PA";"UOP02-DEL02-PA"
343041;2021-02-26;"sexta-feira";"14:30:00";"RN";405;149,9;"PAU DOS FERROS";"Acessar a via sem observar a presença dos outros veículos";"Colisão transversal";"Com Vítimas Feridas";"Pleno dia";"Decrescente";"Céu Claro";"Simples";"Reta";"Sim";3;0;1;2;0;0;3;2;-6,09699302;-38,2075711;"SPRF-RN";"DEL04-RN";"UOP02-DEL04-RN"
343042;2021-02-26;"sexta-feira";"12:00:00";"RN";101;155;"GOIANINHA";"Acumulo de água sobre o pavimento";"Saída de leito carroçável";"Com Vítimas Feridas";"Pleno dia";"Crescente";"Chuva";"Dupla";"Reta";"Não";1;0;1;0;0;0;1;1;-6,33270015;-35,17448225;"SPRF-RN";"DEL01-RN";"UOP01-DEL01-RN"
343045;2021-02-26;"sexta-feira";"12:40:00";"RO";435;34,6;"VILHENA";"Acumulo de água sobre o pavimento";"Saída de leito carroçável";"Com Vítimas Feridas";"Pleno dia";"Crescente";"Chuva";"Dupla";"Declive";"Não";2;0;2;0;0;0;2;1;-12,83939085;-60,37593022;"SPRF-RO";"DEL04-RO";"UOP02-DEL04-RO"
343048;2021-01-25;"segunda-feira";"11:45:00";"BA";367;40;"EUNAPOLIS";"Acessar a via sem observar a presença dos outros veículos";"Colisão transversal";"Com Vítimas Feridas";"Pleno dia";"Crescente";"Nublado";"Simples";"Interseção de Vias";"Sim";3;0;0;2;1;0;2;2;-16,37465;-39,579426;"SPRF-BA";"DEL09-BA";"UOP01-DEL09-BA"
343049;2021-02-26;"sexta-feira";"14:20:00";"SC";101;63,8;"ARAQUARI";"Objeto estático sobre o leito carroçável";"Colisão com objeto";"Com Vítimas Feridas";"Pleno dia";"Decrescente";"Sol";"Dupla";"Curva";"Sim";1;0;1;0;0;0;1;1;-26,45898367;-48,7584088;"SPRF-SC";"DEL03-SC";"UOP02-DEL03-SC"
343051;2021-02-26;"sexta-feira";"14:00:00";"RO";0;0;"VILHENA";"Desrespeitar a preferência no cruzamento";"Colisão transversal";"Com Vítimas Feridas";"Pleno dia";"Não Informado";"Nublado";"Simples";"Rotatória";"Sim";2;0;1;0;0;1;1;2;-12,73681098;-60,14712095;"SPRF-RO";"DEL04-RO";"UOP01-DEL04-RO"
343052;2021-02-26;"sexta-feira";"15:20:00";"SC";280;89;"CORUPA";"Reação tardia ou ineficiente do condutor";"Saída de leito carroçável";"Sem Vítimas";"Pleno dia";"Decrescente";"Nublado";"Simples";"Reta";"Não";1;0;0;0;1;0;0;1;-26,41222834;-49,27628914;"SPRF-SC";"DEL06-SC";"UOP03-DEL06-SC"
343054;2021-02-26;"sexta-feira";"15:30:00";"MG";50;67,5;"UBERLANDIA";"Ausência de reação do condutor";"Colisão traseira";"Com Vítimas Feridas";"Pleno dia";"Crescente";"Nublado";"Dupla";"Reta";"Sim";2;0;1;0;1;0;1;2;-18,85140204;-48,25345932;"SPRF-MG";"DEL15-MG";"UOP02-DEL15-MG"
343055;2021-02-26;"sexta-feira";"16:00:00";"MG";381;418,6;"CAETE";"Pedestre andava na pista";"Atropelamento de Pedestre";"Com Vítimas Fatais";"Pleno dia";"Crescente";"Nublado";"Dupla";"Curva";"Não";2;1;0;0;1;0;0;2;-19,74841839;-43,6250031;"SPRF-MG";"DEL01-MG";"UOP01-DEL01-MG"
343057;2021-02-26;"sexta-feira";"14:50:00";"MS";163;509,7;"JARAGUARI";"Manobra de mudança de faixa";"Saída de leito carroçável";"Com Vítimas Fatais";"Pleno dia";"Crescente";"Céu Claro";"Dupla";"Reta";"Não";3;1;0;1;0;1;1;2;-20,25417999;-54,48233305;"SPRF-MS";"DEL01-MS";"UOP02-DEL01-MS"
343060;2021-02-26;"sexta-feira";"14:30:00";"PB";230;447,1;"APARECIDA";"Chuva";"Saída de leito carroçável";"Com Vítimas Feridas";"Pleno dia";"Crescente";"Chuva";"Simples";"Reta";"Não";1;0;1;0;0;0;1;1;-6,783883;-38,096152;"SPRF-PB";"DEL03-PB";"UOP03-DEL03-PB"
343061;2021-02-12;"sexta-feira";"17:35:00";"RJ";40;110;"DUQUE DE CAXIAS";"Manobra de mudança de faixa";"Colisão lateral";"Com Vítimas Feridas";"Pleno dia";"Decrescente";"Céu Claro";"Múltipla";"Reta";"Sim";3;0;1;0;2;0;1;2;-22,68289906;-43,28549346;"SPRF-RJ";"DEL01-RJ";"UOP01-DEL01-RJ"
343064;2021-02-26;"sexta-feira";"14:10:00";"RS";392;55;"RIO GRANDE";"Demais falhas mecânicas ou elétricas";"Tombamento";"Com Vítimas Feridas";"Pleno dia";"Crescente";"Céu Claro";"Dupla";"Curva";"Sim";2;0;2;0;0;0;2;1;-31,82930395;-52,32858415;"SPRF-RS";"DEL07-RS";"UOP02-DEL07-RS"
343065;2021-02-26;"sexta-feira";"15:20:00";"SC";282;134,6;"BOM RETIRO";"Manobra de mudança de faixa";"Saída de leito carroçável";"Com Vítimas Feridas";"Pleno dia";"Decrescente";"Céu Claro";"Simples";"Reta";"Não";2;0;1;0;1;0;1;2;-27,813074;-49,540077;"SPRF-SC";"DEL05-SC";"UOP01-DEL05-SC"
343068;2021-02-26;"sexta-feira";"16:30:00";"PB";230;16;"JOAO PESSOA";"Ausência de reação do condutor";"Colisão traseira";"Sem Vítimas";"Anoitecer";"Decrescente";"Nublado";"Dupla";"Reta";"Sim";2;0;0;0;2;0;0;2;-7,1039;-34,8458;"SPRF-PB";"DEL01-PB";"UOP01-DEL01-PB"
343069;2021-02-26;"sexta-feira";"16:20:00";"ES";101;273;"SERRA";"Condutor deixou de manter distância do veículo da frente";"Colisão traseira";"Com Vítimas Feridas";"Pleno dia";"Decrescente";"Sol";"Múltipla";"Reta";"Sim";3;0;2;0;1;0;2;3;-20,22029207;-40,29048811;"SPRF-ES";"DEL02-ES";"UOP01-DEL02-ES"
343070;2021-02-26;"sexta-feira";"15:50:00";"RS";285;151,8;"MUITOS CAPOES";"Ausência de reação do condutor";"Saída de leito carroçável";"Com Vítimas Feridas";"Pleno dia";"Crescente";"Céu Claro";"Simples";"Curva";"Não";1;0;1;0;0;0;1;1;-28,34384;-51,148235;"SPRF-RS";"DEL05-RS";"UOP03-DEL05-RS"
343073;2021-02-26;"sexta-feira";"17:10:00";"SP";153;58,8;"SAO JOSE DO RIO PRETO";"Reação tardia ou ineficiente do condutor";"Colisão transversal";"Com Vítimas Feridas";"Anoitecer";"Decrescente";"Nublado";"Simples";"Declive";"Sim";2;0;1;0;1;0;1;2;-20,77838195;-49,35300538;"SPRF-SP";"DEL09-SP";"UOP01-DEL09-SP"
343074;2021-02-26;"sexta-feira";"17:15:00";"PE";407;118;"PETROLINA";"Acessar a via sem observar a presença dos outros veículos";"Colisão transversal";"Sem Vítimas";"Pleno dia";"Decrescente";"Sol";"Simples";"Retorno Regulamentado";"Sim";4;0;0;0;2;2;0;2;-9,32245397;-40,56878794;"SPRF-PE";"DEL06-PE";"UOP02-DEL06-PE"
343075;2021-02-26;"sexta-feira";"17:15:00";"PE";101;85,8;"JABOATAO DOS GUARARAPES";"Transitar na contramão";"Colisão lateral sentido oposto";"Com Vítimas Feridas";"Pleno dia";"Crescente";"Céu Claro";"Simples";"Reta";"Sim";2;0;0;1;0;1;1;2;-8,18065563;-34,95965322;"SPRF-PE";"DEL01-PE";"UOP03-DEL01-PE"
343079;2021-02-19;"sexta-feira";"08:25:00";"PA";316;101;"SANTA MARIA DO PARA";"Mal súbito do condutor";"Saída de leito carroçável";"Com Vítimas Feridas";"Pleno dia";"Crescente";"Nublado";"Simples";"Reta";"Não";1;0;1;0;0;0;1;1;-1,33653173;-47,59531812;"SPRF-PA";"DEL01-PA";"UOP02-DEL01-PA"
343080;2021-02-26;"sexta-feira";"17:55:00";"PR";116;124,1;"CURITIBA";"Trafegar com motocicleta (ou similar) entre as faixas";"Colisão lateral mesmo sentido";"Com Vítimas Feridas";"Pleno dia";"Crescente";"Nublado";"Dupla";"Reta";"Não";2;0;1;0;1;0;1;2;-25,58620703;-49,31436887;"SPRF-PR";"DEL01-PR";"UOP03-DEL01-PR"