"id";"data_inversa";"dia_semana";"horario";"uf";"br";"km";"municipio";"causa_acidente";"tipo_acidente";"classificacao_acidente";"fase_dia";"sentido_via";"condicao_metereologica";"tipo_pista";"tracado_via";"uso_solo";"pessoas";"mortos";"feridos_leves";"feridos_graves";"ilesos";"ignorados";"feridos";"veiculos";"latitude";"longitude";"regional";"delegacia";"uop"
343214;2021-02-27;"sábado";"08:30:00";"PB";101;93,8;"CONDE";"Manobra de mudança de faixa";"Colisão lateral mesmo sentido";"Com Vítimas Feridas";"Pleno dia";"Crescente";"Chuva";"Dupla";"Reta";"Não";2;0;1;0;0;1;1;2;-7,205825;-34,90879;"SPRF-PB";"DEL01-PB";"UOP02-DEL01-PB"
343215;2021-02-27;"sábado";"07:50:00";"RJ";101;294;"ITABORAI";"Manobra de mudança de faixa";"Colisão lateral mesmo sentido";"Com Vítimas Feridas";"Pleno dia";"Decrescente";"Nublado";"Dupla";"Reta";"Sim";2;0;1;0;0;1;1;2;-22,7584434;-42,89502344;"SPRF-RJ";"DEL02-RJ";"UOP02-DEL02-RJ"
343217;2021-02-27;"sábado";"08:20:00";"SE";235;4,5;"NOSSA SENHORA DO SOCORRO";"Reação tardia ou ineficiente do condutor";"Colisão lateral mesmo sentido";"Com Vítimas Feridas";"Pleno dia";"Crescente";"Céu Claro";"Dupla";"Curva";"Não";2;0;2;0;0;0;2;2;-10,9064;-37,1197;"SPRF-SE";"DEL01-SE";"UOP01-DEL01-SE"
343218;2021-02-27;"sábado";"09:00:00";"GO";60;39;"GOIANIA";"Condutor deixou de manter distância do veículo da frente";"Colisão transversal";"Com Vítimas Feridas";"Pleno dia";"Decrescente";"Chuva";"Dupla";"Reta";"Sim";3;0;2;0;1;0;2;2;-16,6777;-49,2676;"SPRF-GO";"DEL01-GO";"UOP03-DEL01-GO"
343219;2021-02-27;"sábado";"10:10:00";"DF";40;5,9;"BRASILIA";"Acessar a via sem observar a presença dos outros veículos";"Colisão traseira";"Com Vítimas Feridas";"Pleno dia";"Decrescente";"Céu Claro";"Dupla";"Reta";"Não";2;0;1;0;0;1;1;2;-16,020903;-47,980541;"SPRF-DF";"DEL01-DF";"UOP01-DEL01-DF"
343221;2021-02-27;"sábado";"10:10:00";"PE";101;67,2;"RECIFE";"Condutor Dormindo";"Colisão traseira";"Com Vítimas Feridas";"Pleno dia";"Crescente";"Nublado";"Dupla";"Reta";"Sim";4;0;1;0;3;0;1;3;-8,042334;-34,943096;"SPRF-PE";"DEL01-PE";"UOP01-DEL01-PE"
343223;2021-02-27;"sábado";"10:25:00";"SC";470;55,6;"BLUMENAU";"Transitar no acostamento";"Colisão lateral mesmo sentido";"Com Vítimas Feridas";"Pleno dia";"Decrescente";"Nublado";"Simples";"Declive;Reta";"Não";4;0;1;0;3;0;1;2;-26,875601;-49,117992;"SPRF-SC";"DEL04-SC";"UOP01-DEL04-SC"
343224;2021-02-27;"sábado";"07:55:00";"MG";40;572,7;"ITABIRITO";"Conversão proibida";"Colisão transversal";"Com Vítimas Feridas";"Pleno dia";"Crescente";"Nublado";"Simples";"Reta;Declive";"Sim";6;0;4;2;0;0;6;2;-20,23058501;-43,96905104;"SPRF-MG";"DEL01-MG";"UOP02-DEL01-MG"
343225;2021-02-27;"sábado";"10:00:00";"PR";376;142;"NOVA ESPERANCA";"Velocidade Incompatível";"Capotamento";"Com Vítimas Fatais";"Pleno dia";"Crescente";"Céu Claro";"Dupla";"Reta";"Não";1;1;0;0;0;0;0;1;-23,247355;-52,169231;"SPRF-PR";"DEL09-PR";"UOP02-DEL09-PR"
343226;2021-02-27;"sábado";"10:35:00";"SC";101;158,5;"PORTO BELO";"Condutor deixou de manter distância do veículo da frente";"Colisão lateral mesmo sentido";"Com Vítimas Feridas";"Pleno dia";"Decrescente";"Chuva";"Dupla";"Reta";"Não";3;0;1;0;2;0;1;2;-27,19096301;-48,61259017;"SPRF-SC";"DEL04-SC";"UOP03-DEL04-SC"
343229;2021-02-27;"sábado";"11:10:00";"RJ";116;175;"NOVA IGUACU";"Carga excessiva e/ou mal acondicionada";"Colisão com objeto";"Com Vítimas Feridas";"Pleno dia";"Crescente";"Céu Claro";"Múltipla";"Reta";"Sim";6;0;1;0;5;0;1;2;-22,78923555;-43,37275272;"SPRF-RJ";"DEL01-RJ";"UOP02-DEL01-RJ"
343230;2021-02-27;"sábado";"09:50:00";"RS";116;200,7;"PICADA CAFE";"Ausência de reação do condutor";"Tombamento";"Com Vítimas Feridas";"Pleno dia";"Decrescente";"Céu Claro";"Simples";"Curva";"Não";1;0;1;0;0;0;1;1;-29,48890588;-51,13828706;"SPRF-RS";"DEL05-RS";"UOP02-DEL05-RS"
343231;2021-02-27;"sábado";"11:18:00";"SP";153;256,3;"MARILIA";"Animais na Pista";"Queda de ocupante de veículo";"Com Vítimas Feridas";"Pleno dia";"Crescente";"Sol";"Dupla";"Reta";"Sim";1;0;1;0;0;0;1;1;-22,23829965;-49,91953611;"SPRF-SP";"DEL07-SP";"UOP02-DEL07-SP"
343233;2021-02-27;"sábado";"11:30:00";"MG";40;413,5;"CURVELO";"Acessar a via sem observar a presença dos outros veículos";"Colisão transversal";"Com Vítimas Feridas";"Pleno dia";"Crescente";"Céu Claro";"Simples";"Interseção de Vias";"Não";5;0;2;0;3;0;2;2;-19,137384;-44,61582184;"SPRF-MG";"DEL02-MG";"UOP01-DEL02-MG"
343234;2021-02-27;"sábado";"11:00:00";"RJ";40;123;"DUQUE DE CAXIAS";"Reação tardia ou ineficiente do condutor";"Colisão traseira";"Com Vítimas Feridas";"Pleno dia";"Crescente";"Céu Claro";"Múltipla";"Reta";"Sim";2;0;1;0;1;0;1;2;-22,79907687;-43,29015739;"SPRF-RJ";"DEL01-RJ";"UOP01-DEL01-RJ"
343236;2021-02-27;"sábado";"11:10:00";"PR";476;130;"CURITIBA";"Reação tardia ou ineficiente do condutor";"Colisão traseira";"Sem Vítimas";"Pleno dia";"Decrescente";"Nublado";"Dupla";"Reta";"Sim";3;0;0;0;3;0;0;3;-25,452145;-49,2396;"SPRF-PR";"DEL01-PR";"UOP03-DEL01-PR"
343237;2021-02-27;"sábado";"11:30:00";"ES";101;158;"LINHARES";"Demais falhas mecânicas ou elétricas";"Queda de ocupante de veículo";"Com Vítimas Feridas";"Pleno dia";"Crescente";"Nublado";"Simples";"Reta";"Não";2;0;1;0;1;0;1;1;-19,46094508;-40,10491389;"SPRF-ES";"DEL04-ES";"UOP01-DEL04-ES"
343238;2021-02-27;"sábado";"11:50:00";"DF";251;35,6;"BRASILIA";"Reação tardia ou ineficiente do condutor";"Saída de leito carroçável";"Com Vítimas Feridas";"Pleno dia";"Crescente";"Céu Claro";"Simples";"Reta";"Sim";1;0;1;0;0;0;1;1;-15,940731;-47,770015;"SPRF-DF";"DEL01-DF";"UOP01-DEL01-DF"
343240;2021-02-27;"sábado";"11:32:00";"TO";153;146;"ARAGUAINA";"Manobra de mudança de faixa";"Colisão traseira";"Com Vítimas Feridas";"Pleno dia";"Crescente";"Garoa/Chuvisco";"Dupla";"Reta";"Sim";2;0;1;0;1;0;1;2;-7,21337786;-48,24431331;"SPRF-TO";"DEL02-TO";"UOP01-DEL02-TO"
343241;2021-02-27;"sábado";"12:30:00";"SC";101;212,9;"PALHOCA";"Condutor deixou de manter distância do veículo da frente";"Colisão traseira";"Com Vítimas Feridas";"Pleno dia";"Crescente";"Nublado";"Múltipla";"Reta";"Sim";3;0;1;0;2;0;1;3;-27,62996929;-48,65903871;"SPRF-SC";"DEL01-SC";"UOP02-DEL01-SC"
343244;2021-02-26;"sexta-feira";"14:00:00";"SC";470;131;"LONTRAS";"Velocidade Incompatível";"Saída de leito carroçável";"Sem Vítimas";"Pleno dia";"Decrescente";"Sol";"Simples";"Curva";"Sim";1;0;0;0;0;1;0;1;-27,16738248;-49,559412;"SPRF-SC";"DEL04-SC";"UOP02-DEL04-SC"
343245;2021-02-27;"sábado";"12:10:00";"BA";116;16,2;"VITORIA DA CONQUISTA";"Acessar a via sem observar a presença dos outros veículos";"Colisão lateral mesmo sentido";"Com Vítimas Feridas";"Pleno dia";"Decrescente";"Céu Claro";"Simples";"Interseção de Vias";"Sim";3;0;2;0;1;0;2;2;-14,851;-40,8485;"SPRF-BA";"DEL08-BA";"UOP01-DEL08-BA"
343246;2021-02-27;"sábado";"11:30:00";"SC";101;53,1;"JOINVILLE";"Velocidade Incompatível";"Saída de leito carroçável";"Com Vítimas Feridas";"Pleno dia";"Decrescente";"Chuva";"Dupla";"Reta";"Não";1;0;1;0;0;0;1;1;-26,40231201;-48,83969703;"SPRF-SC";"DEL03-SC";"UOP01-DEL03-SC"
343247;2021-02-27;"sábado";"11:50:00";"MS";163;484,3;"CAMPO GRANDE";"Desvio temporário";"Colisão lateral mesmo sentido";"Com Vítimas Feridas";"Pleno dia";"Decrescente";"Céu Claro";"Simples";"Reta";"Sim";3;0;1;0;2;0;1;3;-20,45104898;-54,5403266;"SPRF-MS";"DEL01-MS";"UOP02-DEL01-MS"
343248;2021-02-27;"sábado";"13:20:00";"ES";101;61,7;"SAO MATEUS";"Avarias e/ou desgaste excessivo no pneu";"Tombamento";"Com Vítimas Feridas";"Pleno dia";"Decrescente";"Céu Claro";"Dupla";"Curva";"Não";2;0;2;0;0;0;2;1;-18,68153217;-39,86364755;"SPRF-ES";"DEL04-ES";"UOP02-DEL04-ES"
343249;2021-02-27;"sábado";"12:35:00";"PR";272;369;"CAMPO MOURAO";"Desrespeitar a preferência no cruzamento";"Colisão transversal";"Com Vítimas Feridas";"Pleno dia";"Crescente";"Céu Claro";"Simples";"Interseção de Vias";"Sim";2;0;1;0;1;0;1;2;-24,05873125;-52,41944989;"SPRF-PR";"DEL09-PR";"UOP03-DEL09-PR"
343250;2021-02-27;"sábado";"09:40:00";"RJ";101;322;"NITEROI";"Ausência de reação do condutor";"Queda de ocupante de veículo";"Com Vítimas Feridas";"Pleno dia";"Crescente";"Céu Claro";"Simples";"Reta";"Sim";1;0;1;0;0;0;1;1;-22,878923;-43,110676;"SPRF-RJ";"DEL02-RJ";"UOP02-DEL02-RJ"
343251;2021-02-27;"sábado";"09:00:00";"PI";343;444;"AGUA BRANCA";"Acessar a via sem observar a presença dos outros veículos";"Colisão transversal";"Com Vítimas Feridas";"Pleno dia";"Decrescente";"Céu Claro";"Simples";"Curva";"Sim";2;0;0;1;1;0;1;2;-5,888477;-42,642536;"SPRF-PI";"DEL01-PI";"UOP02-DEL01-PI"
343252;2021-02-27;"sábado";"13:00:00";"PR";376;615;"SAO JOSE DOS PINHAIS";"Condutor deixou de manter distância do veículo da frente";"Colisão traseira";"Sem Vítimas";"Pleno dia";"Crescente";"Chuva";"Dupla";"Reta";"Não";2;0;0;0;2;0;0;2;-25,569237;-49,183735;"SPRF-PR";"DEL01-PR";"UOP01-DEL01-PR"
343253;2021-02-11;"quinta-feira";"12:08:00";"PA";316;62;"CASTANHAL";"Pedestre cruzava a pista fora da faixa";"Atropelamento de Pedestre";"Com Vítimas Feridas";"Pleno dia";"Decrescente";"Nublado";"Dupla";"Reta";"Sim";3;0;3;0;0;0;3;2;-1,29786885;-47,93764104;"SPRF-PA";"DEL01-PA";"UOP01-DEL01-PA"
343254;2021-02-27;"sábado";"12:40:00";"RN";304;305,6;"PARNAMIRIM";"Ingestão de álcool pelo condutor";"Colisão com objeto";"Com Vítimas Feridas";"Pleno dia";"Crescente";"Sol";"Dupla";"Reta";"Sim";4;0;4;0;0;0;4;2;-5,88932459;-35,26683211;"SPRF-RN";"DEL01-RN";"UOP02-DEL01-RN"
343255;2021-02-27;"sábado";"13:00:00";"SC";101;383;"ICARA";"Velocidade Incompatível";"Saída de leito carroçável";"Sem Vítimas";"Pleno dia";"Crescente";"Nublado";"Múltipla";"Reta";"Não";1;0;0;0;0;1;0;1;-28,77578442;-49,31591034;"SPRF-SC";"DEL02-SC";"UOP02-DEL02-SC"
343257;2021-02-27;"sábado";"13:50:00";"MG";459;33,5;"CALDAS";"Velocidade Incompatível";"Saída de leito carroçável";"Com Vítimas Fatais";"Pleno dia";"Decrescente";"Nublado";"Simples";"Reta";"Não";1;1;0;0;0;0;0;1;-21,95260963;-46,34141564;"SPRF-MG";"DEL09-MG";"UOP01-DEL09-MG"
343258;2021-02-27;"sábado";"12:30:00";"MA";316;590,1;"TIMON";"Conversão proibida";"Colisão traseira";"Com Vítimas Feridas";"Pleno dia";"Crescente";"Céu Claro";"Simples";"Reta";"Não";3;0;1;1;1;0;2;2;-4,998977;-43,039589;"SPRF-MA";"DEL03-MA";"UOP02-DEL03-MA"
343259;2021-02-07;"domingo";"15:00:00";"BA";116;465,1;"SANTO ESTEVAO";"Animais na Pista";"Atropelamento de Animal";"Com Vítimas Feridas";"Pleno dia";"Crescente";"Sol";"Simples";"Reta";"Não";2;0;1;1;0;0;2;1;-12,46239763;-39,27496816;"SPRF-BA";"DEL02-BA";"UOP01-DEL02-BA"
343260;2021-02-27;"sábado";"14:17:00";"SC";101;194;"BIGUACU";"Ultrapassagem Indevida";"Colisão traseira";"Com Vítimas Feridas";"Pleno dia";"Decrescente";"Céu Claro";"Dupla";"Reta";"Sim";2;0;0;1;1;0;1;2;-27,49815117;-48,65661236;"SPRF-SC";"DEL01-SC";"UOP01-DEL01-SC"
343261;2021-01-27;"quarta-feira";"18:30:00";"BA";324;540;"AMELIA RODRIGUES";"Acessar a via sem observar a presença dos outros veículos";"Colisão transversal";"Com Vítimas Feridas";"Anoitecer";"Crescente";"Céu Claro";"Dupla";"Reta";"Não";3;0;1;0;2;0;1;2;-12,38543536;-38,79238728;"SPRF-BA";"DEL01-BA";"UOP03-DEL01-BA"
343263;2021-02-27;"sábado";"13:30:00";"SP";116;117;"TAUBATE";"Pedestre andava na pista";"Atropelamento de Pedestre";"Com Vítimas Feridas";"Pleno dia";"Decrescente";"Céu Claro";"Dupla";"Reta";"Não";3;0;1;0;2;0;1;2;-23,0582298;-45,6176951;"SPRF-SP";"DEL02-SP";"UOP02-DEL02-SP"
343264;2021-02-27;"sábado";"13:55:00";"PR";376;644,1;"TIJUCAS DO SUL";"Avarias e/ou desgaste excessivo no pneu";"Colisão com objeto";"Com Vítimas Feridas";"Pleno dia";"Crescente";"Chuva";"Dupla";"Curva;Declive";"Não";5;0;3;0;2;0;3;1;-25,821177;-49,12806;"SPRF-PR";"DEL01-PR";"UOP04-DEL01-PR"
343267;2021-02-27;"sábado";"13:30:00";"MG";116;769;"LEOPOLDINA";"Manobra de mudança de faixa";"Colisão lateral mesmo sentido";"Com Vítimas Feridas";"Pleno dia";"Crescente";"Céu Claro";"Simples";"Curva";"Não";2;0;1;0;1;0;1;2;-21,54856423;-42,66481498;"SPRF-MG";"DEL07-MG";"UOP01-DEL07-MG"
343268;2021-02-27;"sábado";"13:20:00";"MA";10;249;"IMPERATRIZ";"Retorno proibido";"Colisão transversal";"Com Vítimas Feridas";"Pleno dia";"Crescente";"Nublado";"Simples";"Reta";"Sim";2;0;1;0;1;0;1;2;-5,558508;-47,45417;"SPRF-MA";"DEL04-MA";"UOP01-DEL04-MA"
343269;2021-02-15;"segunda-feira";"08:40:00";"SC";101;200,8;"SAO JOSE";"Ausência de reação do condutor";"Colisão traseira";"Com Vítimas Feridas";"Pleno dia";"Crescente";"Sol";"Múltipla";"Reta";"Sim";2;0;1;0;1;0;1;2;-27,54018513;-48,62287714;"SPRF-SC";"DEL01-SC";"UOP01-DEL01-SC"
343270;2021-02-27;"sábado";"14:20:00";"SC";280;118,4;"SAO BENTO DO SUL";"Ultrapassagem Indevida";"Colisão frontal";"Com Vítimas Feridas";"Pleno dia";"Crescente";"Chuva";"Simples";"Aclive";"Não";4;0;3;0;1;0;3;2;-26,26608202;-49,42467403;"SPRF-SC";"DEL06-SC";"UOP03-DEL06-SC"
343271;2021-02-07;"domingo";"11:40:00";"SC";101;88,9;"BARRA VELHA";"Manobra de mudança de faixa";"Colisão traseira";"Com Vítimas Feridas";"Pleno dia";"Crescente";"Céu Claro";"Simples";"Reta";"Sim";2;0;1;0;1;0;1;2;-26,65221487;-48,68737221;"SPRF-SC";"DEL03-SC";"UOP02-DEL03-SC"
343272;2021-02-27;"sábado";"15:30:00";"PR";116;14;"CAMPINA GRANDE DO SUL";"Velocidade Incompatível";"Colisão com objeto";"Com Vítimas Feridas";"Pleno dia";"Crescente";"Chuva";"Dupla";"Curva";"Não";1;0;1;0;0;0;1;1;-25,09836429;-48,67391969;"SPRF-PR";"DEL01-PR";"UOP02-DEL01-PR"
343274;2021-02-27;"sábado";"14:40:00";"RO";319;63,6;"PORTO VELHO";"Ingestão de álcool pelo condutor";"Colisão frontal";"Com Vítimas Feridas";"Pleno dia";"Decrescente";"Nublado";"Dupla";"Interseção de Vias;Reta";"Sim";2;0;1;0;1;0;1;2;-8,766685;-63,884052;"SPRF-RO";"DEL01-RO";"UOP01-DEL01-RO"
343276;2021-02-27;"sábado";"09:32:00";"RJ";40;93;"PETROPOLIS";"Ausência de reação do condutor";"Capotamento";"Com Vítimas Feridas";"Pleno dia";"Crescente";"Céu Claro";"Simples";"Curva";"Não";3;0;2;0;1;0;2;1;-22,5554282;-43,25829998;"SPRF-RJ";"DEL06-RJ";"UOP01-DEL06-RJ"
343281;2021-02-27;"sábado";"14:30:00";"MT";163;770,9;"SORRISO";"Reação tardia ou ineficiente do condutor";"Queda de ocupante de veículo";"Com Vítimas Feridas";"Pleno dia";"Decrescente";"Céu Claro";"Simples";"Reta";"Não";1;0;1;0;0;0;1;1;-12,52146045;-55,700158;"SPRF-MT";"DEL06-MT";"UOP01-DEL06-MT"
343282;2021-02-27;"sábado";"16:10:00";"PR";376;167,4;"MARINGA";"Manobra de mudança de faixa";"Saída de leito carroçável";"Com Vítimas Feridas";"Pleno dia";"Decrescente";"Céu Claro";"Dupla";"Curva";"Não";2;0;0;2;0;0;2;1;-23,40324167;-51,99632075;"SPRF-PR";"DEL09-PR";"UOP01-DEL09-PR"
343285;2021-02-27;"sábado";"15:55:00";"RN";304;45,7;"MOSSORO";"Reação tardia ou ineficiente do condutor";"Colisão com objeto";"Sem Vítimas";"Pleno dia";"Crescente";"Nublado";"Dupla";"Reta";"Sim";2;0;0;0;2;0;0;1;-5,225684;-37,342725;"SPRF-RN";"DEL04-RN";"UOP01-DEL04-RN"
343289;2021-02-27;"sábado";"16:30:00";"PR";277;727,5;"FOZ DO IGUACU";"Velocidade Incompatível";"Colisão traseira";"Com Vítimas Feridas";"Pleno dia";"Decrescente";"Céu Claro";"Dupla";"Interseção de Vias";"Sim";2;0;1;0;1;0;1;2;-25,510058;-54,569452;"SPRF-PR";"DEL05-PR";"UOP03-DEL05-PR"
343290;2021-02-27;"sábado";"16:30:00";"SP";153;61;"SAO JOSE DO RIO PRETO";"Velocidade Incompatível";"Saída de leito carroçável";"Com Vítimas Feridas";"Pleno dia";"Decrescente";"Nublado";"Dupla";"Reta";"Sim";1;0;1;0;0;0;1;1;-20,80502876;-49,35574909;"SPRF-SP";"DEL09-SP";"UOP01-DEL09-SP"
343291;2021-02-27;"sábado";"14:15:00";"SP";116;359;"MIRACATU";"Ausência de reação do condutor";"Colisão com objeto";"Com Vítimas Feridas";"Pleno dia";"Decrescente";"Céu Claro";"Múltipla";"Curva";"Não";2;0;0;2;0;0;2;1;-24,10862227;-47,26589989;"SPRF-SP";"DEL04-SP";"UOP02-DEL04-SP"
343293;2021-02-27;"sábado";"16:30:00";"PR";369;186,5;"ARAPONGAS";"Trafegar com motocicleta (ou similar) entre as faixas";"Colisão lateral mesmo sentido";"Com Vítimas Feridas";"Pleno dia";"Decrescente";"Nublado";"Simples";"Reta;Interseção de Vias";"Sim";3;0;1;1;1;0;2;2;-23,42008791;-51,42523605;"SPRF-PR";"DEL07-PR";"UOP02-DEL07-PR"
343295;2021-02-27;"sábado";"04:00:00";"GO";70;300;"ITAPIRAPUA";"Condutor Dormindo";"Saída de leito carroçável";"Com Vítimas Feridas";"Plena Noite";"Decrescente";"Chuva";"Simples";"Reta";"Não";2;0;1;0;1;0;1;1;-15,89534882;-50,44062194;"SPRF-GO";"DEL04-GO";"UOP01-DEL04-GO"
343296;2021-02-27;"sábado";"16:55:00";"CE";222;12;"CAUCAIA";"Acessar a via sem observar a presença dos outros veículos";"Colisão transversal";"Sem Vítimas";"Pleno dia";"Decrescente";"Céu Claro";"Simples";"Reta";"Sim";2;0;0;0;1;1;0;2;-3,76479979;-38,66897196;"SPRF-CE";"DEL01-CE";"UOP01-DEL01-CE"
343297;2021-02-27;"sábado";"14:30:00";"MG";459;102;"POUSO ALEGRE";"Ingestão de álcool pelo condutor";"Colisão com objeto";"Com Vítimas Feridas";"Pleno dia";"Crescente";"Nublado";"Dupla";"Curva";"Sim";4;0;3;1;0;0;4;1;-22,22601657;-45,91163742;"SPRF-MG";"DEL16-MG";"UOP01-DEL16-MG"
343298;2021-02-27;"sábado";"17:00:00";"PR";116;15;"CAMPINA GRANDE DO SUL";"Chuva";"Saída de leito carroçável";"Com Vítimas Feridas";"Pleno dia";"Crescente";"Garoa/Chuvisco";"Dupla";"Curva";"Não";2;0;2;0;0;0;2;1;-25,09832756;-48,68266005;"SPRF-PR";"DEL01-PR";"UOP02-DEL01-PR"
343299;2021-02-27;"sábado";"16:15:00";"MG";262;907,3;"CAMPO FLORIDO";"Reação tardia ou ineficiente do condutor";"Saída de leito carroçável";"Com Vítimas Feridas";"Pleno dia";"Crescente";"Céu Claro";"Dupla";"Reta";"Não";2;0;1;1;0;0;2;1;-19,629816;-48,84921;"SPRF-MG";"DEL13-MG";"UOP02-DEL13-MG"
343301;2021-02-27;"sábado";"17:00:00";"RJ";40;31,1;"AREAL";"Reação tardia ou ineficiente do condutor";"Queda de ocupante de veículo";"Com Vítimas Feridas";"Pleno dia";"Crescente";"Nublado";"Dupla";"Curva";"Não";1;0;1;0;0;0;1;1;-22,19245612;-43,16023202;"SPRF-RJ";"DEL05-RJ";"UOP02-DEL05-RJ"
343302;2021-02-27;"sábado";"17:40:00";"PR";277;730;"FOZ DO IGUACU";"Reação tardia ou ineficiente do condutor";"Colisão traseira";"Com Vítimas Feridas";"Pleno dia";"Decrescente";"Sol";"Simples";"Reta";"Sim";2;0;1;0;1;0;1;2;-25,50826305;-54,59238593;"SPRF-PR";"DEL05-PR";"UOP03-DEL05-PR"
343303;2021-02-27;"sábado";"15:40:00";"MT";70;513,5;"VARZEA GRANDE";"Condutor deixou de manter distância do veículo da frente";"Engavetamento";"Sem Vítimas";"Pleno dia";"Crescente";"Chuva";"Simples";"Reta";"Não";3;0;0;0;3;0;0;3;-15,70583295;-56,12685621;"SPRF-MT";"DEL01-MT";"UOP02-DEL01-MT"
343304;2021-02-27;"sábado";"16:00:00";"SP";116;59,8;"GUARATINGUETA";"Avarias e/ou desgaste excessivo no pneu";"Tombamento";"Com Vítimas Feridas";"Pleno dia";"Crescente";"Nublado";"Dupla";"Reta";"Não";2;0;1;0;1;0;1;1;-22,78555649;-45,15339465;"SPRF-SP";"DEL08-SP";"UOP01-DEL08-SP"
343306;2021-02-27;"sábado";"18:05:00";"PE";428;190,3;"PETROLINA";"Condutor deixou de manter distância do veículo da frente";"Colisão traseira";"Sem Vítimas";"Plena Noite";"Decrescente";"Céu Claro";"Múltipla";"Reta";"Sim";3;0;0;0;3;0;0;2;-9,37605965;-40,49382106;"SPRF-PE";"DEL06-PE";"UOP01-DEL06-PE"
343307;2021-02-19;"sexta-feira";"20:00:00";"PR";476;138;"CURITIBA";"Ausência de reação do condutor";"Colisão lateral mesmo sentido";"Com Vítimas Feridas";"Plena Noite";"Crescente";"Céu Claro";"Dupla";"Reta";"Sim";2;0;1;0;0;1;1;2;-25,505564;-49,283417;"SPRF-PR";"DEL01-PR";"UOP03-DEL01-PR"
343309;2021-02-27;"sábado";"18:30:00";"PR";277;33,2;"MORRETES";"Chuva";"Saída de leito carroçável";"Com Vítimas Feridas";"Plena Noite";"Crescente";"Chuva";"Dupla";"Aclive;Curva";"Não";1;0;1;0;0;0;1;1;-25,566681;-48,810875;"SPRF-PR";"DEL01-PR";"UOP05-DEL01-PR"
343310;2021-02-27;"sábado";"18:20:00";"SC";101;214,6;"PALHOCA";"Desrespeitar a preferência no cruzamento";"Colisão transversal";"Com Vítimas Feridas";"Pleno dia";"Decrescente";"Nublado";"Múltipla";"Viaduto";"Sim";3;0;2;0;1;0;2;2;-27,64727788;-48,67229819;"SPRF-SC";"DEL01-SC";"UOP02-DEL01-SC"
343312;2021-02-07;"domingo";"17:00:00";"BA";116;289,4;"TUCANO";"Velocidade Incompatível";"Colisão com objeto";"Com Vítimas Fatais";"Pleno dia";"Crescente";"Céu Claro";"Simples";"Ponte;Reta";"Não";1;1;0;0;0;0;0;1;-11,085287;-38,834386;"SPRF-BA";"DEL02-BA";"UOP01-DEL02-BA"
343313;2021-02-27;"sábado";"04:40:00";"MA";10;205;"RIBAMAR FIQUENE";"Condutor Dormindo";"Saída de leito carroçável";"Com Vítimas Feridas";"Amanhecer";"Decrescente";"Garoa/Chuvisco";"Simples";"Reta";"Não";1;0;0;1;0;0;1;1;-5,922068;-47,379395;"SPRF-MA";"DEL04-MA";"UOP01-DEL04-MA"
343314;2021-02-27;"sábado";"18:00:00";"RJ";101;313;"SAO GONCALO";"Ingestão de álcool pelo condutor";"Colisão traseira";"Com Vítimas Feridas";"Anoitecer";"Decrescente";"Nublado";"Múltipla";"Reta";"Sim";2;0;1;0;1;0;1;2;-22,81049093;-43,06983304;"SPRF-RJ";"DEL02-RJ";"UOP02-DEL02-RJ"
343315;2021-02-27;"sábado";"14:30:00";"MT";163;678,6;"LUCAS DO RIO VERDE";"Ausência de reação do condutor";"Saída de leito carroçável";"Com Vítimas Feridas";"Pleno dia";"Crescente";"Nublado";"Simples";"Reta";"Não";2;0;2;0;0;0;2;1;-13,25744216;-56,01897863;"SPRF-MT";"DEL06-MT";"UOP01-DEL06-MT"
343316;2021-02-27;"sábado";"19:00:00";"RS";386;379,5;"TAQUARI";"Acessar a via sem observar a presença dos outros veículos";"Colisão traseira";"Com Vítimas Feridas";"Anoitecer";"Crescente";"Céu Claro";"Dupla";"Rotatória";"Sim";2;0;1;0;1;0;1;2;-29,644915;-51,766876;"SPRF-RS";"DEL04-RS";"UOP02-DEL04-RS"
343318;2021-02-27;"sábado";"19:10:00";"MG";365;1,3;"MONTES CLAROS";"Ingestão de álcool pelo condutor";"Colisão frontal";"Com Vítimas Feridas";"Plena Noite";"Decrescente";"Céu Claro";"Simples";"Reta";"Não";6;0;2;1;3;0;3;2;-16,716154;-43,863327;"SPRF-MG";"DEL12-MG";"UOP01-DEL12-MG"
343319;2021-02-27;"sábado";"18:20:00";"BA";116;410;"FEIRA DE SANTANA";"Ingestão de álcool pelo condutor";"Colisão frontal";"Com Vítimas Feridas";"Anoitecer";"Decrescente";"Céu Claro";"Dupla";"Reta;Interseção de Vias";"Não";2;0;0;1;0;1;1;2;-12,11649901;-38,96846221;"SPRF-BA";"DEL02-BA";"UOP01-DEL02-BA"
343321;2021-02-27;"sábado";"19:40:00";"AL";316;119;"MINADOR DO NEGRAO";"Trafegar com motocicleta (ou similar) entre as faixas";"Colisão frontal";"Com Vítimas Feridas";"Plena Noite";"Decrescente";"Céu Claro";"Simples";"Reta";"Não";3;0;0;3;0;0;3;2;-9,39961082;-36,94812501;"SPRF-AL";"DEL03-AL";"UOP01-DEL03-AL"
343322;2021-02-27;"sábado";"18:30:00";"PE";101;46,5;"ABREU E LIMA";"Manobra de mudança de faixa";"Colisão transversal";"Com Vítimas Feridas";"Plena Noite";"Crescente";"Nublado";"Múltipla";"Reta";"Sim";3;0;1;0;1;1;1;3;-7,87406004;-34,90588126;"SPRF-PE";"DEL01-PE";"UOP02-DEL01-PE"