"id";"data_inversa";"dia_semana";"horario";"uf";"br";"km";"municipio";"causa_acidente";"tipo_acidente";"classificacao_acidente";"fase_dia";"sentido_via";"condicao_metereologica";"tipo_pista";"tracado_via";"uso_solo";"pessoas";"mortos";"feridos_leves";"feridos_graves";"ilesos";"ignorados";"feridos";"veiculos";"latitude";"longitude";"regional";"delegacia";"uop"
343324;2021-02-27;"sábado";"18:48:00";"MS";60;423,5;"SIDROLANDIA";"Reação tardia ou ineficiente do condutor";"Tombamento";"Com Vítimas Feridas";"Plena Noite";"Decrescente";"Céu Claro";"Simples";"Reta";"Não";1;0;1;0;0;0;1;1;-20,91374372;-54,9470444;"SPRF-MS";"DEL01-MS";"UOP04-DEL01-MS"
343326;2021-02-27;"sábado";"17:30:00";"RJ";101;243;"SILVA JARDIM";"Ausência de reação do condutor";"Saída de leito carroçável";"Com Vítimas Feridas";"Pleno dia";"Crescente";"Céu Claro";"Dupla";"Em Obras";"Não";1;0;1;0;0;0;1;1;-22,63851918;-42,46410394;"SPRF-RJ";"DEL02-RJ";"UOP03-DEL02-RJ"
343327;2021-02-27;"sábado";"19:35:00";"RJ";101;283;"ITABORAI";"Ausência de reação do condutor";"Colisão lateral mesmo sentido";"Com Vítimas Feridas";"Plena Noite";"Crescente";"Céu Claro";"Dupla";"Reta";"Não";3;0;1;0;2;0;1;2;-22,73591014;-42,80592689;"SPRF-RJ";"DEL02-RJ";"UOP03-DEL02-RJ"
343328;2021-02-27;"sábado";"19:40:00";"SC";282;38,6;"AGUAS MORNAS";"Transitar na contramão";"Colisão lateral sentido oposto";"Sem Vítimas";"Plena Noite";"Decrescente";"Nublado";"Simples";"Curva";"Não";2;0;0;0;2;0;0;2;-27,709209;-48,852467;"SPRF-SC";"DEL01-SC";"UOP03-DEL01-SC"
343329;2021-02-27;"sábado";"17:20:00";"RJ";493;87;"JAPERI";"Mal súbito do condutor";"Saída de leito carroçável";"Com Vítimas Feridas";"Anoitecer";"Decrescente";"Nublado";"Dupla";"Curva";"Sim";5;0;5;0;0;0;5;1;-22,66249212;-43,62430573;"SPRF-RJ";"DEL01-RJ";"UOP03-DEL01-RJ"
343331;2021-02-27;"sábado";"18:15:00";"RJ";101;482,2;"ANGRA DOS REIS";"Condutor deixou de manter distância do veículo da frente";"Queda de ocupante de veículo";"Com Vítimas Feridas";"Plena Noite";"Crescente";"Garoa/Chuvisco";"Dupla";"Rotatória";"Sim";2;0;1;0;1;0;1;2;-23,00453;-44,29746;"SPRF-RJ";"DEL03-RJ";"UOP03-DEL03-RJ"
343332;2021-02-27;"sábado";"20:40:00";"CE";116;3;"FORTALEZA";"Manobra de mudança de faixa";"Colisão lateral mesmo sentido";"Com Vítimas Feridas";"Plena Noite";"Decrescente";"Céu Claro";"Múltipla";"Reta";"Sim";4;0;0;2;1;1;2;3;-3,77866493;-38,51490171;"SPRF-CE";"DEL01-CE";"UOP02-DEL01-CE"
343333;2021-02-27;"sábado";"19:30:00";"PR";277;584,1;"CASCAVEL";"Transitar na contramão";"Colisão frontal";"Com Vítimas Feridas";"Plena Noite";"Crescente";"Céu Claro";"Simples";"Reta";"Não";2;0;1;0;0;1;1;2;-24,96684176;-53,40258186;"SPRF-PR";"DEL04-PR";"UOP01-DEL04-PR"
343334;2021-02-27;"sábado";"11:20:00";"PE";101;85,5;"CABO DE SANTO AGOSTINHO";"Acumulo de água sobre o pavimento";"Colisão traseira";"Com Vítimas Feridas";"Pleno dia";"Crescente";"Chuva";"Múltipla";"Reta";"Sim";2;0;1;0;1;0;1;2;-8,18065563;-34,95965322;"SPRF-PE";"DEL01-PE";"UOP03-DEL01-PE"
343336;2021-02-27;"sábado";"20:25:00";"GO";153;437;"ANAPOLIS";"Ingestão de álcool pelo condutor";"Tombamento";"Com Vítimas Feridas";"Plena Noite";"Decrescente";"Nublado";"Dupla";"Reta;Aclive";"Sim";1;0;1;0;0;0;1;1;-16,286884;-48,942978;"SPRF-GO";"DEL02-GO";"UOP01-DEL02-GO"
343338;2021-02-27;"sábado";"19:50:00";"MG";116;763;"LEOPOLDINA";"Reação tardia ou ineficiente do condutor";"Colisão transversal";"Com Vítimas Feridas";"Plena Noite";"Decrescente";"Céu Claro";"Simples";"Retorno Regulamentado";"Sim";2;0;0;1;1;0;1;2;-21,52635545;-42,63256914;"SPRF-MG";"DEL07-MG";"UOP01-DEL07-MG"
343339;2021-02-27;"sábado";"20:10:00";"SP";116;453;"REGISTRO";"Pedestre cruzava a pista fora da faixa";"Atropelamento de Pedestre";"Com Vítimas Fatais";"Plena Noite";"Decrescente";"Chuva";"Dupla";"Curva";"Não";2;1;0;0;0;1;0;2;-24,56168114;-47,86752174;"SPRF-SP";"DEL05-SP";"UOP01-DEL05-SP"
343341;2021-02-27;"sábado";"18:35:00";"PR";158;403;"LARANJEIRAS DO SUL";"Velocidade Incompatível";"Saída de leito carroçável";"Com Vítimas Feridas";"Pleno dia";"Crescente";"Céu Claro";"Simples";"Reta";"Não";1;0;1;0;0;0;1;1;-25,37215333;-52,39014863;"SPRF-PR";"DEL04-PR";"UOP02-DEL04-PR"
343342;2021-02-27;"sábado";"21:35:00";"RN";427;97;"CAICO";"Chuva";"Colisão lateral sentido oposto";"Com Vítimas Feridas";"Plena Noite";"Crescente";"Chuva";"Simples";"Reta";"Sim";2;0;0;1;1;0;1;2;-6,47026134;-37,08569175;"SPRF-RN";"DEL03-RN";"UOP01-DEL03-RN"
343344;2021-02-27;"sábado";"18:10:00";"PR";158;403;"LARANJEIRAS DO SUL";"Condutor usando celular";"Saída de leito carroçável";"Com Vítimas Feridas";"Pleno dia";"Crescente";"Céu Claro";"Simples";"Reta";"Não";1;0;1;0;0;0;1;1;-25,35697701;-52,382364;"SPRF-PR";"DEL04-PR";"UOP02-DEL04-PR"
343348;2021-02-27;"sábado";"20:20:00";"RJ";116;165;"RIO DE JANEIRO";"Frear bruscamente";"Colisão traseira";"Sem Vítimas";"Plena Noite";"Crescente";"Céu Claro";"Múltipla";"Reta";"Sim";2;0;0;0;1;1;0;2;-22,81548519;-43,29087405;"SPRF-RJ";"DEL01-RJ";"UOP01-DEL01-RJ"
343352;2021-02-27;"sábado";"20:00:00";"PR";369;72,2;"SANTA MARIANA";"Transitar na contramão";"Colisão frontal";"Com Vítimas Fatais";"Plena Noite";"Decrescente";"Nublado";"Simples";"Curva";"Não";4;1;0;0;3;0;0;2;-23,1559468;-50,50788403;"SPRF-PR";"DEL07-PR";"UOP01-DEL07-PR"
343353;2021-02-27;"sábado";"20:51:00";"GO";70;7;"AGUAS LINDAS DE GOIAS";"Manobra de mudança de faixa";"Colisão transversal";"Com Vítimas Feridas";"Plena Noite";"Decrescente";"Garoa/Chuvisco";"Dupla";"Curva";"Sim";3;0;1;0;2;0;1;2;-15,74375533;-48,26779708;"SPRF-DF";"DEL03-DF";"UOP02-DEL03-DF"
343355;2021-02-27;"sábado";"20:30:00";"SC";282;643,2;"SAO MIGUEL DO OESTE";"Velocidade Incompatível";"Saída de leito carroçável";"Sem Vítimas";"Plena Noite";"Crescente";"Céu Claro";"Simples";"Curva";"Não";1;0;0;0;0;1;0;1;-26,768974;-53,469772;"SPRF-SC";"DEL07-SC";"UOP03-DEL07-SC"
343356;2021-02-27;"sábado";"21:20:00";"SP";381;61;"MAIRIPORA";"Pista Escorregadia";"Colisão com objeto";"Com Vítimas Feridas";"Plena Noite";"Decrescente";"Chuva";"Dupla";"Curva";"Sim";1;0;0;1;0;0;1;1;-23,29011611;-46,5800681;"SPRF-SP";"DEL03-SP";"UOP01-DEL03-SP"
343357;2021-02-27;"sábado";"20:20:00";"MG";153;20;"CENTRALINA";"Condutor deixou de manter distância do veículo da frente";"Colisão traseira";"Com Vítimas Feridas";"Plena Noite";"Decrescente";"Céu Claro";"Dupla";"Reta";"Sim";2;0;1;0;1;0;1;2;-18,596883;-49,19243;"SPRF-MG";"DEL15-MG";"UOP03-DEL15-MG"
343358;2021-02-27;"sábado";"21:00:00";"RJ";101;551,9;"PARATY";"Acessar a via sem observar a presença dos outros veículos";"Colisão transversal";"Com Vítimas Feridas";"Plena Noite";"Decrescente";"Céu Claro";"Simples";"Interseção de Vias";"Sim";2;0;1;0;1;0;1;2;-23,05018104;-44,67370097;"SPRF-RJ";"DEL03-RJ";"UOP04-DEL03-RJ"
343359;2021-02-27;"sábado";"21:40:00";"MS";262;328;"CAMPO GRANDE";"Ausência de reação do condutor";"Saída de leito carroçável";"Com Vítimas Feridas";"Plena Noite";"Decrescente";"Céu Claro";"Dupla";"Curva";"Sim";1;0;1;0;0;0;1;1;-20,46452794;-54,55291421;"SPRF-MS";"DEL01-MS";"UOP01-DEL01-MS"
343362;2021-02-27;"sábado";"22:20:00";"SP";116;224;"GUARULHOS";"Demais falhas mecânicas ou elétricas";"Queda de ocupante de veículo";"Com Vítimas Feridas";"Plena Noite";"Crescente";"Chuva";"Múltipla";"Reta";"Sim";1;0;1;0;0;0;1;1;-23,48071896;-46,53271603;"SPRF-SP";"DEL01-SP";"UOP01-DEL01-SP"
343364;2021-02-27;"sábado";"21:00:00";"RO";429;203;"SERINGUEIRAS";"Reação tardia ou ineficiente do condutor";"Colisão com objeto";"Com Vítimas Feridas";"Plena Noite";"Decrescente";"Nublado";"Simples";"Curva";"Não";1;0;0;1;0;0;1;1;-11,77791967;-63,07775726;"SPRF-RO";"DEL02-RO";"UOP03-DEL02-RO"
343368;2021-02-27;"sábado";"23:23:00";"PE";232;252;"ARCOVERDE";"Retorno proibido";"Colisão transversal";"Com Vítimas Feridas";"Plena Noite";"Crescente";"Céu Claro";"Simples";"Curva";"Sim";3;0;0;2;0;1;2;2;-8,43086;-37,06536;"SPRF-PE";"DEL03-PE";"UOP02-DEL03-PE"
343369;2021-02-27;"sábado";"23:20:00";"RS";116;245;"SAO LEOPOLDO";"Acesso irregular";"Colisão transversal";"Com Vítimas Feridas";"Plena Noite";"Crescente";"Céu Claro";"Simples";"Reta";"Não";2;0;1;0;1;0;1;2;-29,74980902;-51,15125361;"SPRF-RS";"DEL01-RS";"UOP02-DEL01-RS"
343370;2021-02-27;"sábado";"19:40:00";"PR";116;130;"FAZENDA RIO GRANDE";"Condutor deixou de manter distância do veículo da frente";"Colisão traseira";"Sem Vítimas";"Plena Noite";"Crescente";"Nublado";"Dupla";"Reta";"Sim";2;0;0;0;2;0;0;2;-25,63927799;-49,31302988;"SPRF-PR";"DEL01-PR";"UOP03-DEL01-PR"
343371;2021-02-27;"sábado";"20:20:00";"SC";282;408;"CATANDUVAS";"Ingestão de álcool pelo condutor";"Saída de leito carroçável";"Sem Vítimas";"Plena Noite";"Decrescente";"Céu Claro";"Simples";"Curva";"Não";1;0;0;0;1;0;0;1;-27,074812;-51,663269;"SPRF-SC";"DEL07-SC";"UOP05-DEL07-SC"
343372;2021-02-27;"sábado";"20:20:00";"MS";163;36;"ELDORADO";"Velocidade Incompatível";"Saída de leito carroçável";"Com Vítimas Feridas";"Plena Noite";"Crescente";"Ignorado";"Simples";"Reta";"Não";2;0;0;1;0;1;1;1;-23,80607589;-54,31318103;"SPRF-MS";"DEL09-MS";"UOP02-DEL09-MS"
343373;2021-02-27;"sábado";"21:30:00";"SC";101;331;"TUBARAO";"Manobra de mudança de faixa";"Colisão lateral mesmo sentido";"Com Vítimas Feridas";"Plena Noite";"Crescente";"Nublado";"Dupla";"Reta";"Não";4;0;1;0;3;0;1;2;-28,45567521;-48,9812689;"SPRF-SC";"DEL02-SC";"UOP01-DEL02-SC"
343374;2021-02-27;"sábado";"23:30:00";"SC";101;330;"CAPIVARI DE BAIXO";"Ausência de reação do condutor";"Colisão traseira";"Com Vítimas Feridas";"Plena Noite";"Decrescente";"Céu Claro";"Dupla";"Reta";"Não";2;0;1;0;0;1;1;2;-28,45115639;-48,97286879;"SPRF-SC";"DEL02-SC";"UOP01-DEL02-SC"
343375;2021-02-27;"sábado";"22:30:00";"PE";232;410;"SERRA TALHADA";"Manobra de mudança de faixa";"Colisão lateral sentido oposto";"Sem Vítimas";"Anoitecer";"Crescente";"Nublado";"Simples";"Reta";"Sim";2;0;0;0;2;0;0;2;-7,98261841;-38,30039606;"SPRF-PE";"DEL04-PE";"UOP01-DEL04-PE"
343377;2021-02-28;"domingo";"00:05:00";"ES";101;148,9;"LINHARES";"Ingestão de álcool pelo condutor";"Colisão transversal";"Com Vítimas Feridas";"Plena Noite";"Decrescente";"Nublado";"Dupla";"Interseção de Vias";"Sim";2;0;1;0;1;0;1;2;-19,38787399;-40,06752766;"SPRF-ES";"DEL04-ES";"UOP01-DEL04-ES"
343378;2021-02-27;"sábado";"19:45:00";"MA";135;4;"SAO LUIS";"Acessar a via sem observar a presença dos outros veículos";"Colisão traseira";"Com Vítimas Feridas";"Plena Noite";"Decrescente";"Garoa/Chuvisco";"Dupla";"Reta";"Sim";2;0;1;0;1;0;1;2;-2,61424881;-44,25257023;"SPRF-MA";"DEL01-MA";"UOP01-DEL01-MA"
343379;2021-02-27;"sábado";"20:30:00";"BA";101;437,4;"MARAU";"Mal súbito do condutor";"Queda de ocupante de veículo";"Com Vítimas Fatais";"Plena Noite";"Crescente";"Céu Claro";"Simples";"Reta";"Não";1;1;0;0;0;0;0;1;-14,24314;-39,319907;"SPRF-BA";"DEL05-BA";"UOP01-DEL05-BA"
343380;2021-02-27;"sábado";"22:50:00";"MS";376;137;"IVINHEMA";"Ausência de reação do condutor";"Capotamento";"Com Vítimas Feridas";"Plena Noite";"Crescente";"Céu Claro";"Simples";"Reta";"Não";1;0;1;0;0;0;1;1;-22,37851745;-53,67252424;"SPRF-MS";"DEL04-MS";"UOP04-DEL04-MS"
343382;2021-02-27;"sábado";"23:50:00";"PB";230;131,8;"MASSARANDUBA";"Ingestão de substâncias psicoativas pelo condutor";"Saída de leito carroçável";"Sem Vítimas";"Plena Noite";"Decrescente";"Céu Claro";"Dupla";"Reta";"Não";1;0;0;0;0;1;0;1;-7,2746;-35,7269;"SPRF-PB";"DEL02-PB";"UOP01-DEL02-PB"
343383;2021-02-27;"sábado";"23:30:00";"SC";101;38;"JOINVILLE";"Desrespeitar a preferência no cruzamento";"Colisão transversal";"Com Vítimas Fatais";"Plena Noite";"Crescente";"Chuva";"Múltipla";"Interseção de Vias";"Sim";4;1;3;0;0;0;3;2;-26,29672383;-48,88407469;"SPRF-SC";"DEL03-SC";"UOP01-DEL03-SC"
343384;2021-02-28;"domingo";"01:20:00";"GO";40;31;"LUZIANIA";"Ingestão de álcool pelo condutor";"Saída de leito carroçável";"Sem Vítimas";"Plena Noite";"Decrescente";"Chuva";"Dupla";"Reta";"Não";1;0;0;0;1;0;0;1;-16,284329;-47,857156;"SPRF-DF";"DEL01-DF";"UOP01-DEL01-DF"
343385;2021-02-28;"domingo";"02:00:00";"SP";116;136;"SAO JOSE DOS CAMPOS";"Reação tardia ou ineficiente do condutor";"Colisão com objeto";"Com Vítimas Feridas";"Plena Noite";"Crescente";"Nublado";"Dupla";"Retorno Regulamentado";"Sim";1;0;1;0;0;0;1;1;-23,14874471;-45,77863714;"SPRF-SP";"DEL02-SP";"UOP01-DEL02-SP"
343386;2021-02-28;"domingo";"02:29:00";"SC";101;210,1;"SAO JOSE";"Velocidade Incompatível";"Colisão com objeto";"Com Vítimas Feridas";"Plena Noite";"Decrescente";"Chuva";"Dupla";"Reta";"Sim";2;0;1;0;1;0;1;1;-27,6167305;-48,6457265;"SPRF-SC";"DEL01-SC";"UOP01-DEL01-SC"
343387;2021-02-28;"domingo";"01:50:00";"PB";101;88,6;"JOAO PESSOA";"Avarias e/ou desgaste excessivo no pneu";"Colisão com objeto";"Sem Vítimas";"Plena Noite";"Crescente";"Chuva";"Dupla";"Reta";"Sim";1;0;0;0;0;1;0;1;-7,17010064;-34,89745975;"SPRF-PB";"DEL01-PB";"UOP02-DEL01-PB"
343388;2021-02-28;"domingo";"02:40:00";"PE";423;73;"JUPI";"Ingestão de álcool pelo condutor";"Colisão frontal";"Com Vítimas Feridas";"Plena Noite";"Decrescente";"Céu Claro";"Simples";"Declive";"Sim";4;0;1;2;0;1;3;2;-8,709851;-36,41926432;"SPRF-PE";"DEL03-PE";"UOP01-DEL03-PE"
343390;2021-02-28;"domingo";"02:45:00";"SC";282;504;"XANXERE";"Velocidade Incompatível";"Capotamento";"Sem Vítimas";"Plena Noite";"Crescente";"Céu Claro";"Dupla";"Curva";"Sim";3;0;0;0;3;0;0;1;-26,88429672;-52,40851879;"SPRF-SC";"DEL07-SC";"UOP01-DEL07-SC"
343391;2021-02-27;"sábado";"20:00:00";"GO";364;62;"CACHOEIRA ALTA";"Reação tardia ou ineficiente do condutor";"Saída de leito carroçável";"Com Vítimas Fatais";"Anoitecer";"Decrescente";"Céu Claro";"Simples";"Reta";"Não";2;1;0;1;0;0;1;1;-18,71615;-50,958336;"SPRF-GO";"DEL05-GO";"UOP02-DEL05-GO"
343392;2021-02-28;"domingo";"00:50:00";"SP";381;74;"SAO PAULO";"Chuva";"Capotamento";"Com Vítimas Feridas";"Plena Noite";"Crescente";"Nevoeiro/Neblina";"Dupla";"Curva";"Não";2;0;0;1;1;0;1;1;-23,37208014;-46,55700294;"SPRF-SP";"DEL03-SP";"UOP01-DEL03-SP"
343394;2021-02-28;"domingo";"03:40:00";"MS";262;376;"TERENOS";"Ausência de reação do condutor";"Saída de leito carroçável";"Com Vítimas Feridas";"Plena Noite";"Crescente";"Céu Claro";"Simples";"Curva";"Não";1;0;1;0;0;0;1;1;-20,48574084;-54,82946269;"SPRF-MS";"DEL01-MS";"UOP03-DEL01-MS"
343395;2021-02-28;"domingo";"04:50:00";"ES";262;1,8;"CARIACICA";"Ingestão de álcool e/ou substâncias psicoativas pelo pedestre";"Atropelamento de Pedestre";"Com Vítimas Feridas";"Plena Noite";"Decrescente";"Nublado";"Dupla";"Reta";"Sim";2;0;0;1;1;0;1;2;-20,33269774;-40,35742544;"SPRF-ES";"DEL01-ES";"UOP01-DEL01-ES"
343397;2021-02-28;"domingo";"04:00:00";"MG";40;688,6;"ALFREDO VASCONCELOS";"Velocidade Incompatível";"Saída de leito carroçável";"Com Vítimas Feridas";"Amanhecer";"Decrescente";"Garoa/Chuvisco";"Simples";"Curva";"Não";1;0;1;0;0;0;1;1;-21,08759993;-43,77189218;"SPRF-MG";"DEL05-MG";"UOP02-DEL05-MG"
343398;2021-02-28;"domingo";"04:00:00";"MS";163;262;"DOURADOS";"Reação tardia ou ineficiente do condutor";"Tombamento";"Com Vítimas Feridas";"Plena Noite";"Crescente";"Céu Claro";"Dupla";"Reta";"Sim";1;0;0;1;0;0;1;1;-22,23794214;-54,76272583;"SPRF-MS";"DEL04-MS";"UOP01-DEL04-MS"
343399;2021-02-28;"domingo";"05:40:00";"PR";487;162,9;"CAMPO MOURAO";"Deficiência do Sistema de Iluminação/Sinalização";"Colisão traseira";"Com Vítimas Fatais";"Amanhecer";"Crescente";"Céu Claro";"Simples";"Aclive";"Não";4;1;1;1;0;1;2;3;-23,98313502;-52,52941701;"SPRF-PR";"DEL09-PR";"UOP03-DEL09-PR"
343400;2021-02-28;"domingo";"05:50:00";"PE";101;49;"ABREU E LIMA";"Manobra de mudança de faixa";"Colisão com objeto";"Sem Vítimas";"Pleno dia";"Crescente";"Chuva";"Múltipla";"Curva";"Sim";1;0;0;0;1;0;0;1;-7,9005152;-34,90180641;"SPRF-PE";"DEL01-PE";"UOP02-DEL01-PE"
343403;2021-02-28;"domingo";"02:00:00";"MG";365;682;"MONTE ALEGRE DE MINAS";"Condutor Dormindo";"Colisão com objeto";"Sem Vítimas";"Plena Noite";"Decrescente";"Nublado";"Dupla";"Reta";"Não";1;0;0;0;1;0;0;1;-18,85061244;-48,83796296;"SPRF-MG";"DEL15-MG";"UOP01-DEL15-MG"
343407;2021-02-28;"domingo";"06:30:00";"RJ";101;66,9;"CAMPOS DOS GOYTACAZES";"Reação tardia ou ineficiente do condutor";"Tombamento";"Com Vítimas Feridas";"Pleno dia";"Decrescente";"Nublado";"Simples";"Reta";"Sim";3;0;1;2;0;0;3;1;-21,76751094;-41,34876249;"SPRF-RJ";"DEL08-RJ";"UOP02-DEL08-RJ"
343408;2021-02-28;"domingo";"05:50:00";"PR";116;126;"FAZENDA RIO GRANDE";"Ausência de reação do condutor";"Engavetamento";"Com Vítimas Feridas";"Amanhecer";"Decrescente";"Céu Claro";"Dupla";"Reta";"Sim";4;0;1;0;3;0;1;3;-25,637653;-49,313082;"SPRF-PR";"DEL01-PR";"UOP03-DEL01-PR"
343409;2021-02-28;"domingo";"06:45:00";"SP";381;88;"GUARULHOS";"Velocidade Incompatível";"Colisão lateral mesmo sentido";"Com Vítimas Feridas";"Amanhecer";"Decrescente";"Céu Claro";"Dupla";"Reta";"Não";1;0;1;0;0;0;1;1;-23,47469314;-46,56112919;"SPRF-SP";"DEL03-SP";"UOP01-DEL03-SP"
343412;2021-02-28;"domingo";"04:20:00";"MT";70;225;"POXOREO";"Falta de acostamento";"Colisão com objeto";"Com Vítimas Feridas";"Plena Noite";"Crescente";"Garoa/Chuvisco";"Simples";"Curva";"Não";1;0;1;0;0;0;1;1;-15,656784;-53,90401;"SPRF-MT";"DEL05-MT";"UOP01-DEL05-MT"
343413;2021-01-27;"quarta-feira";"01:16:00";"PR";376;616;"SAO JOSE DOS PINHAIS";"Condutor deixou de manter distância do veículo da frente";"Colisão traseira";"Sem Vítimas";"Plena Noite";"Decrescente";"Chuva";"Dupla";"Reta";"Não";2;0;0;0;0;2;0;2;-25,57583659;-49,17953679;"SPRF-PR";"DEL01-PR";"UOP04-DEL01-PR"
343415;2021-02-28;"domingo";"03:00:00";"SP";381;84;"SAO PAULO";"Velocidade Incompatível";"Capotamento";"Com Vítimas Feridas";"Plena Noite";"Crescente";"Céu Claro";"Dupla";"Reta";"Sim";1;0;1;0;0;0;1;1;-23,43937;-46,56807;"SPRF-SP";"DEL03-SP";"UOP01-DEL03-SP"
343416;2021-02-28;"domingo";"06:30:00";"MG";381;154,5;"GOVERNADOR VALADARES";"Animais na Pista";"Atropelamento de Animal";"Com Vítimas Feridas";"Pleno dia";"Crescente";"Nublado";"Simples";"Reta";"Não";2;0;2;0;0;0;2;1;-18,88666107;-42,00230199;"SPRF-MG";"DEL06-MG";"UOP01-DEL06-MG"
343417;2021-02-28;"domingo";"04:30:00";"RJ";101;411;"ITAGUAI";"Animais na Pista";"Atropelamento de Animal";"Sem Vítimas";"Amanhecer";"Crescente";"Céu Claro";"Dupla";"Reta";"Sim";1;0;0;0;1;0;0;1;-22,89484687;-43,84753204;"SPRF-RJ";"DEL03-RJ";"UOP01-DEL03-RJ"
343418;2021-02-28;"domingo";"06:40:00";"ES";101;355;"ANCHIETA";"Desrespeitar a preferência no cruzamento";"Colisão lateral mesmo sentido";"Com Vítimas Feridas";"Amanhecer";"Decrescente";"Nublado";"Simples";"Reta";"Não";2;0;1;0;1;0;1;2;-20,68854312;-40,67978692;"SPRF-ES";"DEL03-ES";"UOP01-DEL03-ES"
343421;2021-02-28;"domingo";"00:15:00";"MG";381;300;"ANTONIO DIAS";"Chuva";"Colisão com objeto";"Com Vítimas Feridas";"Plena Noite";"Crescente";"Chuva";"Dupla";"Reta";"Não";3;0;0;1;2;0;1;1;-19,636885;-42,89911294;"SPRF-MG";"DEL03-MG";"UOP02-DEL03-MG"
343422;2021-02-28;"domingo";"07:40:00";"MG";262;385;"MATEUS LEME";"Velocidade Incompatível";"Saída de leito carroçável";"Com Vítimas Feridas";"Pleno dia";"Crescente";"Nublado";"Dupla";"Curva";"Não";4;0;4;0;0;0;4;1;-19,93407809;-44,42855871;"SPRF-MG";"DEL01-MG";"UOP03-DEL01-MG"
343423;2021-02-28;"domingo";"07:20:00";"MG";381;502,3;"BETIM";"Velocidade Incompatível";"Saída de leito carroçável";"Sem Vítimas";"Pleno dia";"Decrescente";"Nublado";"Dupla";"Curva";"Sim";1;0;0;0;0;1;0;1;-20,03619694;-44,24586303;"SPRF-MG";"DEL01-MG";"UOP03-DEL01-MG"
343424;2021-02-28;"domingo";"05:45:00";"MG";116;539,2;"SANTA RITA DE MINAS";"Ingestão de álcool pelo condutor";"Colisão com objeto";"Com Vítimas Feridas";"Amanhecer";"Decrescente";"Céu Claro";"Simples";"Reta";"Sim";3;0;2;0;1;0;2;1;-19,88240027;-42,13242591;"SPRF-MG";"DEL06-MG";"UOP02-DEL06-MG"
343425;2021-02-28;"domingo";"03:30:00";"SP";101;48,9;"UBATUBA";"Condutor deixou de manter distância do veículo da frente";"Colisão traseira";"Com Vítimas Feridas";"Plena Noite";"Decrescente";"Céu Claro";"Simples";"Reta";"Sim";2;0;1;0;0;1;1;2;-23,43696329;-45,08768768;"SPRF-SP";"DEL06-SP";"UOP01-DEL06-SP"
343426;2021-02-28;"domingo";"07:30:00";"RJ";116;194;"NOVA IGUACU";"Ingestão de álcool pelo condutor";"Saída de leito carroçável";"Com Vítimas Feridas";"Pleno dia";"Crescente";"Céu Claro";"Múltipla";"Reta";"Sim";2;0;1;0;1;0;1;2;-22,73711632;-43,53793909;"SPRF-RJ";"DEL01-RJ";"UOP02-DEL01-RJ"
343427;2021-02-28;"domingo";"08:00:00";"ES";101;265;"SERRA";"Ingestão de álcool e/ou substâncias psicoativas pelo pedestre";"Colisão com objeto";"Com Vítimas Feridas";"Pleno dia";"Decrescente";"Céu Claro";"Múltipla";"Declive";"Sim";2;0;1;0;1;0;1;2;-20,1816849;-40,26536036;"SPRF-ES";"DEL02-ES";"UOP01-DEL02-ES"
343428;2021-02-27;"sábado";"22:50:00";"MG";116;581;"MANHUACU";"Ingestão de álcool pelo condutor";"Colisão frontal";"Com Vítimas Feridas";"Plena Noite";"Decrescente";"Garoa/Chuvisco";"Simples";"Curva";"Não";8;0;3;0;5;0;3;2;-20,19603401;-42,18344405;"SPRF-MG";"DEL06-MG";"UOP03-DEL06-MG"
343430;2021-02-28;"domingo";"09:20:00";"RJ";116;173;"MESQUITA";"Manobra de mudança de faixa";"Queda de ocupante de veículo";"Com Vítimas Feridas";"Pleno dia";"Decrescente";"Céu Claro";"Múltipla";"Reta";"Sim";2;0;2;0;0;0;2;1;-22,79810324;-43,35726614;"SPRF-RJ";"DEL01-RJ";"UOP02-DEL01-RJ"
343431;2021-02-28;"domingo";"09:30:00";"SC";101;79,5;"ARAQUARI";"Acumulo de óleo sobre o pavimento";"Colisão com objeto";"Com Vítimas Feridas";"Pleno dia";"Decrescente";"Garoa/Chuvisco";"Múltipla";"Interseção de Vias";"Sim";2;0;1;0;1;0;1;1;-26,58559601;-48,72192112;"SPRF-SC";"DEL03-SC";"UOP02-DEL03-SC"
343432;2021-02-28;"domingo";"09:30:00";"SC";101;129,1;"CAMBORIU";"Reação tardia ou ineficiente do condutor";"Saída de leito carroçável";"Com Vítimas Feridas";"Pleno dia";"Crescente";"Chuva";"Dupla";"Curva";"Sim";2;0;1;0;1;0;1;1;-26,98064277;-48,6790679;"SPRF-SC";"DEL04-SC";"UOP03-DEL04-SC"
343433;2021-02-28;"domingo";"05:00:00";"RJ";101;287;"ITABORAI";"Ingestão de álcool pelo condutor";"Colisão com objeto";"Com Vítimas Feridas";"Amanhecer";"Decrescente";"Céu Claro";"Dupla";"Declive";"Não";2;0;2;0;0;0;2;1;-22,75517486;-42,83462502;"SPRF-RJ";"DEL02-RJ";"UOP03-DEL02-RJ"
343434;2021-01-24;"domingo";"19:30:00";"CE";222;140;"IRAUCUBA";"Reação tardia ou ineficiente do condutor";"Queda de ocupante de veículo";"Com Vítimas Feridas";"Plena Noite";"Crescente";"Céu Claro";"Simples";"Reta";"Não";2;0;1;1;0;0;2;2;-3,74922845;-39,70828968;"SPRF-CE";"DEL04-CE";"UOP03-DEL04-CE"