"id";"data_inversa";"dia_semana";"horario";"uf";"br";"km";"municipio";"causa_acidente";"tipo_acidente";"classificacao_acidente";"fase_dia";"sentido_via";"condicao_metereologica";"tipo_pista";"tracado_via";"uso_solo";"pessoas";"mortos";"feridos_leves";"feridos_graves";"ilesos";"ignorados";"feridos";"veiculos";"latitude";"longitude";"regional";"delegacia";"uop"
343436;2021-02-27;"sábado";"21:30:00";"MT";163;832;"SINOP";"Iluminação deficiente";"Queda de ocupante de veículo";"Com Vítimas Feridas";"Plena Noite";"Crescente";"Nublado";"Simples";"Reta";"Não";1;0;1;0;0;0;1;1;-11,86889532;-55,49720418;"SPRF-MT";"DEL06-MT";"UOP01-DEL06-MT"
343437;2021-02-28;"domingo";"09:10:00";"MT";364;337,8;"SANTO ANTONIO DO LEVERGER";"Manobra de mudança de faixa";"Colisão lateral mesmo sentido";"Com Vítimas Feridas";"Pleno dia";"Decrescente";"Nublado";"Dupla";"Reta";"Não";2;0;1;0;1;0;1;2;-15,833065;-55,468155;"SPRF-MT";"DEL05-MT";"UOP02-DEL05-MT"
343439;2021-02-28;"domingo";"10:50:00";"MG";262;386,7;"MATEUS LEME";"Velocidade Incompatível";"Saída de leito carroçável";"Com Vítimas Feridas";"Pleno dia";"Decrescente";"Céu Claro";"Dupla";"Reta";"Não";1;0;1;0;0;0;1;1;-19,91818541;-44,48067713;"SPRF-MG";"DEL01-MG";"UOP03-DEL01-MG"
343441;2021-02-28;"domingo";"10:10:00";"SP";116;122;"CACAPAVA";"Avarias e/ou desgaste excessivo no pneu";"Queda de ocupante de veículo";"Com Vítimas Feridas";"Pleno dia";"Crescente";"Nublado";"Dupla";"Reta";"Não";2;0;0;2;0;0;2;1;-23,08192414;-45,66154591;"SPRF-SP";"DEL02-SP";"UOP02-DEL02-SP"
343442;2021-01-25;"segunda-feira";"14:55:00";"MG";50;172,2;"UBERABA";"Reação tardia ou ineficiente do condutor";"Capotamento";"Com Vítimas Feridas";"Pleno dia";"Decrescente";"Céu Claro";"Dupla";"Reta";"Sim";1;0;1;0;0;0;1;1;-19,75402507;-47,98051917;"SPRF-MG";"DEL13-MG";"UOP01-DEL13-MG"
343443;2021-02-28;"domingo";"08:40:00";"BA";101;142;"TEODORO SAMPAIO";"Ultrapassagem Indevida";"Colisão frontal";"Com Vítimas Fatais";"Pleno dia";"Crescente";"Céu Claro";"Simples";"Curva";"Não";8;2;5;1;0;0;6;2;-12,256782;-38,645088;"SPRF-BA";"DEL01-BA";"UOP04-DEL01-BA"
343444;2021-02-28;"domingo";"11:20:00";"PR";116;17;"ANTONINA";"Pista Escorregadia";"Saída de leito carroçável";"Sem Vítimas";"Pleno dia";"Decrescente";"Chuva";"Dupla";"Curva";"Não";2;0;0;0;2;0;0;1;-25,10305915;-48,70103892;"SPRF-PR";"DEL01-PR";"UOP02-DEL01-PR"
343445;2021-02-28;"domingo";"11:40:00";"PE";232;147;"SAO CAITANO";"Velocidade Incompatível";"Queda de ocupante de veículo";"Com Vítimas Feridas";"Pleno dia";"Decrescente";"Sol";"Dupla";"Reta";"Sim";1;0;1;0;0;0;1;1;-8,33331;-36,13883;"SPRF-PE";"DEL02-PE";"UOP03-DEL02-PE"
343449;2021-02-28;"domingo";"11:50:00";"SP";153;108,9;"JOSE BONIFACIO";"Avarias e/ou desgaste excessivo no pneu";"Tombamento";"Com Vítimas Feridas";"Pleno dia";"Decrescente";"Nublado";"Simples";"Reta";"Não";2;0;2;0;0;0;2;1;-21,07208391;-49,66656517;"SPRF-SP";"DEL09-SP";"UOP01-DEL09-SP"
343451;2021-02-28;"domingo";"11:40:00";"SP";116;340;"MIRACATU";"Velocidade Incompatível";"Capotamento";"Com Vítimas Feridas";"Pleno dia";"Decrescente";"Céu Claro";"Dupla";"Reta";"Não";1;0;1;0;0;0;1;1;-24,00328505;-47,15633198;"SPRF-SP";"DEL04-SP";"UOP02-DEL04-SP"
343452;2021-02-28;"domingo";"11:30:00";"PR";369;425;"JURANDA";"Desrespeitar a preferência no cruzamento";"Colisão transversal";"Com Vítimas Feridas";"Pleno dia";"Decrescente";"Céu Claro";"Simples";"Interseção de Vias";"Sim";5;0;4;0;1;0;4;2;-24,4188;-52,8236;"SPRF-PR";"DEL09-PR";"UOP03-DEL09-PR"
343454;2021-02-28;"domingo";"13:10:00";"PE";232;116;"CARUARU";"Animais na Pista";"Saída de leito carroçável";"Com Vítimas Feridas";"Pleno dia";"Crescente";"Sol";"Dupla";"Reta";"Não";1;0;1;0;0;0;1;1;-8,2970005;-35,86666391;"SPRF-PE";"DEL02-PE";"UOP03-DEL02-PE"
343455;2021-02-28;"domingo";"13:10:00";"ES";101;235;"FUNDAO";"Chuva";"Capotamento";"Com Vítimas Feridas";"Pleno dia";"Decrescente";"Chuva";"Simples";"Curva";"Não";4;0;4;0;0;0;4;1;-19,97811606;-40,40780888;"SPRF-ES";"DEL02-ES";"UOP01-DEL02-ES"
343457;2021-02-28;"domingo";"14:00:00";"GO";60;117,8;"TEREZOPOLIS DE GOIAS";"Desrespeitar a preferência no cruzamento";"Colisão transversal";"Com Vítimas Feridas";"Pleno dia";"Crescente";"Céu Claro";"Múltipla";"Interseção de Vias";"Sim";3;0;2;0;1;0;2;2;-16,4789;-49,0864;"SPRF-GO";"DEL01-GO";"UOP01-DEL01-GO"
343458;2021-02-28;"domingo";"12:44:00";"RJ";116;182;"NOVA IGUACU";"Reação tardia ou ineficiente do condutor";"Queda de ocupante de veículo";"Com Vítimas Feridas";"Pleno dia";"Decrescente";"Céu Claro";"Dupla";"Reta";"Sim";2;0;2;0;0;0;2;1;-22,7567755;-43,43107234;"SPRF-RJ";"DEL01-RJ";"UOP02-DEL01-RJ"
343459;2021-02-28;"domingo";"13:55:00";"PR";116;38,5;"CAMPINA GRANDE DO SUL";"Velocidade Incompatível";"Capotamento";"Com Vítimas Feridas";"Pleno dia";"Crescente";"Chuva";"Dupla";"Curva";"Não";2;0;2;0;0;0;2;1;-25,14802509;-48,85922071;"SPRF-PR";"DEL01-PR";"UOP02-DEL01-PR"
343460;2021-02-28;"domingo";"02:00:00";"MG";146;493;"BOTELHOS";"Demais falhas mecânicas ou elétricas";"Capotamento";"Com Vítimas Feridas";"Plena Noite";"Crescente";"Nublado";"Simples";"Curva";"Não";1;0;1;0;0;0;1;1;-21,6405821;-46,40449405;"SPRF-MG";"DEL09-MG";"UOP01-DEL09-MG"
343461;2021-02-28;"domingo";"13:00:00";"GO";20;85;"VILA BOA";"Ingestão de álcool pelo condutor";"Colisão com objeto";"Com Vítimas Feridas";"Pleno dia";"Crescente";"Nublado";"Simples";"Reta";"Não";1;0;1;0;0;0;1;1;-15,057553;-47,072803;"SPRF-DF";"DEL02-DF";"UOP01-DEL02-DF"
343462;2021-02-28;"domingo";"14:20:00";"PE";232;125,6;"CARUARU";"Acessar a via sem observar a presença dos outros veículos";"Colisão transversal";"Com Vítimas Fatais";"Pleno dia";"Crescente";"Céu Claro";"Dupla";"Reta";"Sim";2;1;0;0;1;0;0;2;-8,30807114;-35,94580097;"SPRF-PE";"DEL02-PE";"UOP03-DEL02-PE"
343464;2021-02-28;"domingo";"11:00:00";"RO";364;237,6;"CACOAL";"Desrespeitar a preferência no cruzamento";"Colisão transversal";"Com Vítimas Feridas";"Pleno dia";"Crescente";"Céu Claro";"Simples";"Reta;Retorno Regulamentado";"Sim";3;0;1;0;0;2;1;3;-11,44341056;-61,44672787;"SPRF-RO";"DEL02-RO";"UOP02-DEL02-RO"
343465;2021-02-28;"domingo";"14:20:00";"CE";116;476;"MILAGRES";"Acessar a via sem observar a presença dos outros veículos";"Colisão transversal";"Com Vítimas Feridas";"Pleno dia";"Crescente";"Céu Claro";"Simples";"Reta";"Não";5;0;1;0;4;0;1;2;-7,301886;-38,89382;"SPRF-CE";"DEL05-CE";"UOP03-DEL05-CE"
343469;2021-02-03;"quarta-feira";"08:50:00";"PE";408;55;"NAZARE DA MATA";"Acessar a via sem observar a presença dos outros veículos";"Colisão transversal";"Com Vítimas Feridas";"Pleno dia";"Crescente";"Céu Claro";"Simples";"Interseção de Vias";"Não";7;0;3;1;3;0;4;2;-7,7790936;-35,23879766;"SPRF-PE";"DEL01-PE";"UOP01-DEL01-PE"
343470;2021-02-28;"domingo";"09:35:00";"MG";459;43,9;"SANTA RITA DE CALDAS";"Acessar a via sem observar a presença dos outros veículos";"Colisão traseira";"Com Vítimas Feridas";"Pleno dia";"Decrescente";"Nublado";"Simples";"Reta";"Não";3;0;2;1;0;0;3;2;-22,024902;-46,305658;"SPRF-MG";"DEL09-MG";"UOP01-DEL09-MG"
343471;2021-02-28;"domingo";"15:00:00";"PR";376;654,5;"TIJUCAS DO SUL";"Chuva";"Saída de leito carroçável";"Com Vítimas Feridas";"Pleno dia";"Decrescente";"Chuva";"Dupla";"Curva";"Não";1;0;1;0;0;0;1;1;-25,84325961;-49,05169114;"SPRF-PR";"DEL01-PR";"UOP04-DEL01-PR"
343472;2021-02-28;"domingo";"13:35:00";"GO";153;700;"ITUMBIARA";"Ingestão de álcool pelo condutor";"Colisão frontal";"Com Vítimas Feridas";"Pleno dia";"Crescente";"Céu Claro";"Dupla";"Curva";"Sim";2;0;1;0;1;0;1;1;-18,3945;-49,2051;"SPRF-GO";"DEL03-GO";"UOP02-DEL03-GO"
343473;2021-02-28;"domingo";"14:45:00";"MS";267;25,5;"BATAGUASSU";"Reação tardia ou ineficiente do condutor";"Saída de leito carroçável";"Com Vítimas Feridas";"Pleno dia";"Decrescente";"Sol";"Simples";"Aclive";"Não";2;0;2;0;0;0;2;1;-21,72459772;-52,38438497;"SPRF-MS";"DEL02-MS";"UOP04-DEL02-MS"
343476;2021-02-28;"domingo";"05:00:00";"MG";365;167,3;"BURITIZEIRO";"Reação tardia ou ineficiente do condutor";"Colisão com objeto";"Com Vítimas Feridas";"Plena Noite";"Crescente";"Nublado";"Simples";"Curva";"Não";3;0;3;0;0;0;3;2;-17,38264066;-44,97965606;"SPRF-MG";"DEL12-MG";"UOP01-DEL12-MG"
343477;2021-02-28;"domingo";"15:30:00";"MG";381;490;"BETIM";"Ausência de reação do condutor";"Colisão traseira";"Com Vítimas Feridas";"Pleno dia";"Decrescente";"Céu Claro";"Dupla";"Reta";"Sim";2;0;0;1;1;0;1;2;-19,96502819;-44,17422195;"SPRF-MG";"DEL01-MG";"UOP03-DEL01-MG"
343478;2021-02-28;"domingo";"15:25:00";"TO";153;140;"ARAGUAINA";"Ausência de reação do condutor";"Saída de leito carroçável";"Com Vítimas Feridas";"Pleno dia";"Decrescente";"Céu Claro";"Dupla";"Retorno Regulamentado";"Sim";1;0;0;1;0;0;1;1;-7,27288096;-48,2662611;"SPRF-TO";"DEL02-TO";"UOP01-DEL02-TO"
343479;2021-02-16;"terça-feira";"14:03:00";"MA";316;260,2;"SANTA INES";"Desrespeitar a preferência no cruzamento";"Colisão transversal";"Com Vítimas Feridas";"Pleno dia";"Crescente";"Céu Claro";"Simples";"Rotatória";"Sim";2;0;1;0;1;0;1;2;-3,669811;-45,394978;"SPRF-MA";"DEL02-MA";"UOP01-DEL02-MA"
343480;2021-02-28;"domingo";"15:00:00";"ES";101;367,5;"ANCHIETA";"Ultrapassagem Indevida";"Colisão frontal";"Com Vítimas Feridas";"Pleno dia";"Crescente";"Nublado";"Simples";"Reta";"Não";4;0;0;4;0;0;4;2;-20,74480799;-40,7602114;"SPRF-ES";"DEL03-ES";"UOP01-DEL03-ES"
343482;2021-02-28;"domingo";"15:30:00";"MG";50;145;"UBERABA";"Ausência de reação do condutor";"Saída de leito carroçável";"Com Vítimas Feridas";"Pleno dia";"Crescente";"Garoa/Chuvisco";"Dupla";"Reta";"Não";1;0;1;0;0;0;1;1;-19,51997196;-48,03997088;"SPRF-MG";"DEL13-MG";"UOP01-DEL13-MG"
343483;2021-02-28;"domingo";"15:40:00";"PI";343;130,2;"PIRACURUCA";"Conversão proibida";"Colisão transversal";"Com Vítimas Feridas";"Pleno dia";"Decrescente";"Garoa/Chuvisco";"Simples";"Reta";"Não";2;0;0;1;1;0;1;2;-3,833111;-41,693443;"SPRF-PI";"DEL02-PI";"UOP01-DEL02-PI"
343484;2021-02-28;"domingo";"16:00:00";"SP";381;51;"ATIBAIA";"Condutor deixou de manter distância do veículo da frente";"Colisão traseira";"Sem Vítimas";"Pleno dia";"Crescente";"Nublado";"Dupla";"Reta";"Não";2;0;0;0;2;0;0;2;-23,221911;-46,59644;"SPRF-SP";"DEL03-SP";"UOP01-DEL03-SP"
343485;2021-02-28;"domingo";"16:30:00";"SP";101;37,8;"UBATUBA";"Ausência de reação do condutor";"Colisão traseira";"Com Vítimas Feridas";"Pleno dia";"Decrescente";"Nublado";"Simples";"Reta";"Não";2;0;1;0;1;0;1;2;-23,40235292;-45,01855494;"SPRF-SP";"DEL06-SP";"UOP01-DEL06-SP"
343486;2021-02-28;"domingo";"14:30:00";"SP";116;76,4;"ROSEIRA";"Avarias e/ou desgaste excessivo no pneu";"Tombamento";"Com Vítimas Feridas";"Pleno dia";"Crescente";"Céu Claro";"Dupla";"Aclive";"Não";2;0;2;0;0;0;2;1;-22,87747687;-45,27203908;"SPRF-SP";"DEL08-SP";"UOP01-DEL08-SP"
343488;2021-02-28;"domingo";"17:00:00";"SP";116;308;"SAO LOURENCO DA SERRA";"Ingestão de álcool pelo condutor";"Saída de leito carroçável";"Com Vítimas Feridas";"Anoitecer";"Decrescente";"Garoa/Chuvisco";"Dupla";"Reta";"Não";3;0;1;0;2;0;1;1;-23,86213995;-46,94718508;"SPRF-SP";"DEL04-SP";"UOP01-DEL04-SP"
343492;2021-02-28;"domingo";"17:10:00";"ES";101;266,3;"SERRA";"Trafegar com motocicleta (ou similar) entre as faixas";"Colisão lateral mesmo sentido";"Com Vítimas Feridas";"Pleno dia";"Crescente";"Nublado";"Múltipla";"Reta";"Sim";2;0;0;1;1;0;1;2;-20,190199;-40,26828891;"SPRF-ES";"DEL02-ES";"UOP01-DEL02-ES"
343494;2021-02-28;"domingo";"17:40:00";"RN";304;303;"PARNAMIRIM";"Acessar a via sem observar a presença dos outros veículos";"Colisão traseira";"Com Vítimas Feridas";"Anoitecer";"Crescente";"Céu Claro";"Dupla";"Reta";"Sim";2;0;1;0;1;0;1;2;-5,88217905;-35,28934802;"SPRF-RN";"DEL01-RN";"UOP02-DEL01-RN"
343496;2021-02-28;"domingo";"17:35:00";"RS";101;63;"MAQUINE";"Velocidade Incompatível";"Saída de leito carroçável";"Sem Vítimas";"Pleno dia";"Decrescente";"Chuva";"Simples";"Declive";"Não";1;0;0;0;1;0;0;1;-29,69621105;-50,16781159;"SPRF-RS";"DEL03-RS";"UOP02-DEL03-RS"
343497;2021-02-28;"domingo";"16:30:00";"RJ";493;100;"SEROPEDICA";"Avarias e/ou desgaste excessivo no pneu";"Saída de leito carroçável";"Com Vítimas Feridas";"Pleno dia";"Decrescente";"Céu Claro";"Dupla";"Reta";"Não";3;0;0;2;1;0;2;1;-22,73500918;-43,7196987;"SPRF-RJ";"DEL03-RJ";"UOP01-DEL03-RJ"
343498;2021-02-28;"domingo";"17:00:00";"PE";428;183,7;"PETROLINA";"Conversão proibida";"Colisão lateral mesmo sentido";"Com Vítimas Feridas";"Pleno dia";"Decrescente";"Sol";"Simples";"Reta";"Sim";3;0;2;0;1;0;2;2;-9,34147945;-40,47098381;"SPRF-PE";"DEL06-PE";"UOP01-DEL06-PE"
343499;2021-02-28;"domingo";"16:45:00";"ES";101;259,8;"SERRA";"Área urbana sem a presença de local apropriado para a travessia de pedestres";"Atropelamento de Pedestre";"Com Vítimas Feridas";"Anoitecer";"Crescente";"Nublado";"Dupla";"Reta";"Sim";4;0;0;2;2;0;2;2;-20,138397;-40,292213;"SPRF-ES";"DEL02-ES";"UOP01-DEL02-ES"
343500;2021-02-28;"domingo";"17:50:00";"RS";116;526,5;"PELOTAS";"Reação tardia ou ineficiente do condutor";"Tombamento";"Com Vítimas Feridas";"Pleno dia";"Crescente";"Nublado";"Dupla";"Curva;Aclive";"Não";1;0;1;0;0;0;1;1;-31,74400756;-52,40463495;"SPRF-RS";"DEL07-RS";"UOP01-DEL07-RS"
343501;2021-02-28;"domingo";"17:50:00";"MG";40;522,9;"CONTAGEM";"Demais falhas mecânicas ou elétricas";"Colisão lateral mesmo sentido";"Com Vítimas Feridas";"Pleno dia";"Crescente";"Céu Claro";"Dupla";"Reta";"Não";2;0;0;1;1;0;1;2;-19,8638731;-44,06749809;"SPRF-MG";"DEL01-MG";"UOP02-DEL01-MG"
343502;2021-02-28;"domingo";"16:40:00";"TO";153;128;"WANDERLANDIA";"Demais falhas mecânicas ou elétricas";"Tombamento";"Com Vítimas Feridas";"Pleno dia";"Crescente";"Céu Claro";"Simples";"Reta";"Não";1;0;1;0;0;0;1;1;-7,08522898;-48,15467901;"SPRF-TO";"DEL02-TO";"UOP01-DEL02-TO"
343504;2021-02-28;"domingo";"13:25:00";"MA";316;598,2;"TIMON";"Frear bruscamente";"Colisão traseira";"Com Vítimas Feridas";"Pleno dia";"Decrescente";"Céu Claro";"Simples";"Reta";"Sim";3;0;1;0;2;0;1;2;-5,021882;-42,971935;"SPRF-MA";"DEL03-MA";"UOP02-DEL03-MA"
343505;2021-02-28;"domingo";"15:30:00";"RO";364;423;"JARU";"Condutor deixou de manter distância do veículo da frente";"Colisão traseira";"Com Vítimas Feridas";"Pleno dia";"Crescente";"Céu Claro";"Simples";"Ponte";"Sim";3;0;2;0;1;0;2;2;-10,45220802;-62,46072003;"SPRF-RO";"DEL03-RO";"UOP02-DEL03-RO"
343506;2021-02-28;"domingo";"14:15:00";"MA";135;142,2;"MATOES DO NORTE";"Ultrapassagem Indevida";"Tombamento";"Com Vítimas Fatais";"Pleno dia";"Decrescente";"Nublado";"Simples";"Reta";"Não";2;1;0;0;0;1;0;2;-3,68994413;-44,52351027;"SPRF-MA";"DEL01-MA";"UOP02-DEL01-MA"
343507;2021-02-28;"domingo";"19:00:00";"SC";101;6;"GARUVA";"Chuva";"Saída de leito carroçável";"Com Vítimas Feridas";"Anoitecer";"Crescente";"Chuva";"Dupla";"Curva";"Não";1;0;1;0;0;0;1;1;-26,02692002;-48,86142017;"SPRF-SC";"DEL03-SC";"UOP01-DEL03-SC"
343508;2021-02-28;"domingo";"18:15:00";"SE";235;29;"AREIA BRANCA";"Ingestão de álcool pelo condutor";"Colisão traseira";"Com Vítimas Feridas";"Plena Noite";"Crescente";"Céu Claro";"Simples";"Reta";"Não";4;0;1;1;2;0;2;2;-10,78508192;-37,29171753;"SPRF-SE";"DEL01-SE";"UOP02-DEL01-SE"
343509;2021-02-28;"domingo";"15:00:00";"PR";376;456,5;"TIBAGI";"Reação tardia ou ineficiente do condutor";"Colisão com objeto";"Sem Vítimas";"Pleno dia";"Crescente";"Chuva";"Dupla";"Reta";"Não";1;0;0;0;1;0;0;1;-24,92185806;-50,41068077;"SPRF-PR";"DEL03-PR";"UOP02-DEL03-PR"
343511;2021-02-28;"domingo";"18:00:00";"PR";277;720,7;"FOZ DO IGUACU";"Ingestão de álcool pelo condutor";"Saída de leito carroçável";"Sem Vítimas";"Pleno dia";"Crescente";"Céu Claro";"Dupla";"Reta";"Sim";1;0;0;0;1;0;0;1;-25,48750984;-54,50317706;"SPRF-PR";"DEL05-PR";"UOP03-DEL05-PR"
343512;2021-02-28;"domingo";"19:15:00";"RN";226;1;"NATAL";"Ingestão de álcool pelo condutor";"Colisão lateral mesmo sentido";"Sem Vítimas";"Plena Noite";"Crescente";"Céu Claro";"Dupla";"Desvio Temporário";"Sim";2;0;0;0;2;0;0;2;-5,80642132;-35,24167278;"SPRF-RN";"DEL01-RN";"UOP02-DEL01-RN"
343514;2021-02-28;"domingo";"17:25:00";"RO";364;521;"ARIQUEMES";"Condutor deixou de manter distância do veículo da frente";"Colisão traseira";"Com Vítimas Feridas";"Pleno dia";"Decrescente";"Céu Claro";"Simples";"Reta";"Não";3;0;0;1;2;0;1;2;-9,87052202;-63,05779627;"SPRF-RO";"DEL03-RO";"UOP01-DEL03-RO"
343515;2021-02-28;"domingo";"18:50:00";"RS";470;197;"VERANOPOLIS";"Ingestão de álcool pelo condutor";"Saída de leito carroçável";"Sem Vítimas";"Plena Noite";"Crescente";"Céu Claro";"Simples";"Curva";"Não";1;0;0;0;1;0;0;1;-29,06129202;-51,5815904;"SPRF-RS";"DEL06-RS";"UOP02-DEL06-RS"
343519;2021-02-28;"domingo";"16:20:00";"PR";277;209,4;"TEIXEIRA SOARES";"Ingestão de álcool pelo condutor";"Queda de ocupante de veículo";"Com Vítimas Feridas";"Pleno dia";"Crescente";"Chuva";"Simples";"Reta";"Não";1;0;1;0;0;0;1;1;-25,4653;-50,3549;"SPRF-PR";"DEL03-PR";"UOP03-DEL03-PR"
343520;2021-02-28;"domingo";"18:45:00";"AP";210;3;"MACAPA";"Acessar a via sem observar a presença dos outros veículos";"Colisão transversal";"Com Vítimas Feridas";"Anoitecer";"Decrescente";"Nublado";"Simples";"Reta";"Sim";3;0;1;1;1;0;2;2;0,08723365;-51,08569007;"SPRF-AP";"DEL01-AP";"UOP01-DEL01-AP"
343521;2021-02-07;"domingo";"18:10:00";"SC";101;357;"SANGAO";"Desrespeitar a preferência no cruzamento";"Colisão frontal";"Com Vítimas Feridas";"Pleno dia";"Decrescente";"Céu Claro";"Dupla";"Interseção de Vias";"Não";3;0;2;0;1;0;2;2;-28,64378624;-49,10026073;"SPRF-SC";"DEL02-SC";"UOP01-DEL02-SC"
343522;2021-02-28;"domingo";"16:10:00";"SP";381;76;"SAO PAULO";"Ausência de reação do condutor";"Capotamento";"Com Vítimas Feridas";"Pleno dia";"Crescente";"Nublado";"Múltipla";"Curva";"Não";3;0;3;0;0;0;3;1;-23,38372401;-46,56502116;"SPRF-SP";"DEL03-SP";"UOP01-DEL03-SP"
343525;2021-02-28;"domingo";"19:50:00";"MG";262;801;"UBERABA";"Transitar na contramão";"Colisão frontal";"Com Vítimas Fatais";"Plena Noite";"Crescente";"Nublado";"Dupla";"Reta";"Sim";4;1;0;0;2;1;0;3;-19,77920263;-47,955319;"SPRF-MG";"DEL13-MG";"UOP01-DEL13-MG"
343527;2021-02-28;"domingo";"19:30:00";"PI";343;316,5;"ALTOS";"Ingestão de álcool pelo condutor";"Colisão frontal";"Com Vítimas Feridas";"Plena Noite";"Decrescente";"Chuva";"Simples";"Reta";"Não";2;0;1;0;1;0;1;2;-5,046231;-42,535843;"SPRF-PI";"DEL01-PI";"UOP01-DEL01-PI"
343528;2021-02-28;"domingo";"19:30:00";"GO";153;514;"APARECIDA DE GOIANIA";"Desrespeitar a preferência no cruzamento";"Colisão transversal";"Com Vítimas Feridas";"Plena Noite";"Decrescente";"Nublado";"Dupla";"Reta";"Sim";5;0;3;0;1;1;3;2;-16,78167418;-49,22588243;"SPRF-GO";"DEL01-GO";"UOP03-DEL01-GO"
343529;2021-02-28;"domingo";"19:30:00";"GO";50;148;"CAMPO ALEGRE DE GOIAS";"Animais na Pista";"Saída de leito carroçável";"Com Vítimas Feridas";"Plena Noite";"Decrescente";"Céu Claro";"Dupla";"Reta";"Não";1;0;1;0;0;0;1;1;-17,1572;-47,7225;"SPRF-GO";"DEL06-GO";"UOP01-DEL06-GO"
343530;2021-02-28;"domingo";"17:30:00";"RS";386;160,9;"ALMIRANTE TAMANDARE DO SUL";"Velocidade Incompatível";"Saída de leito carroçável";"Com Vítimas Feridas";"Pleno dia";"Decrescente";"Céu Claro";"Simples";"Reta";"Não";2;0;2;0;0;0;2;1;-28,158697;-52,8442;"SPRF-RS";"DEL08-RS";"UOP01-DEL08-RS"
343531;2021-02-28;"domingo";"18:40:00";"RO";364;710;"PORTO VELHO";"Acessar a via sem observar a presença dos outros veículos";"Colisão transversal";"Com Vítimas Feridas";"Plena Noite";"Decrescente";"Céu Claro";"Dupla";"Reta";"Sim";2;0;0;1;0;1;1;2;-8,78621576;-63,85712687;"SPRF-RO";"DEL01-RO";"UOP01-DEL01-RO"
343533;2021-02-28;"domingo";"18:30:00";"PI";343;213,9;"CAPITAO DE CAMPOS";"Manobra de mudança de faixa";"Colisão transversal";"Com Vítimas Feridas";"Plena Noite";"Crescente";"Nublado";"Dupla";"Reta";"Sim";2;0;0;1;1;0;1;2;-4,454889;-41,937153;"SPRF-PI";"DEL02-PI";"UOP01-DEL02-PI"
343535;2021-02-28;"domingo";"20:15:00";"RJ";116;301,3;"RESENDE";"Ingestão de álcool pelo condutor";"Colisão lateral mesmo sentido";"Sem Vítimas";"Plena Noite";"Decrescente";"Céu Claro";"Dupla";"Reta";"Não";2;0;0;0;2;0;0;2;-22,4529399;-44,36236901;"SPRF-RJ";"DEL07-RJ";"UOP02-DEL07-RJ"
343537;2021-02-28;"domingo";"20:30:00";"PR";277;107,8;"CAMPO LARGO";"Velocidade Incompatível";"Saída de leito carroçável";"Sem Vítimas";"Plena Noite";"Crescente";"Chuva";"Dupla";"Reta";"Não";2;0;0;0;0;2;0;2;-25,43372387;-49,4375347;"SPRF-PR";"DEL01-PR";"UOP03-DEL03-PR"
343538;2021-02-28;"domingo";"20:30:00";"PB";101;79;"SANTA RITA";"Reação tardia ou ineficiente do condutor";"Colisão traseira";"Com Vítimas Feridas";"Plena Noite";"Decrescente";"Chuva";"Simples";"Aclive";"Não";2;0;0;1;0;1;1;2;-7,1147526;-34,95793891;"SPRF-PB";"DEL01-PB";"UOP04-DEL01-PB"
343540;2021-02-28;"domingo";"20:10:00";"SP";116;445;"REGISTRO";"Ingestão de álcool pelo condutor";"Colisão traseira";"Com Vítimas Feridas";"Plena Noite";"Decrescente";"Chuva";"Dupla";"Curva";"Sim";3;0;1;0;2;0;1;1;-24,50467087;-47,84772743;"SPRF-SP";"DEL05-SP";"UOP01-DEL05-SP"
343542;2021-02-28;"domingo";"18:00:00";"PI";343;225;"COCAL DE TELHA";"Ultrapassagem Indevida";"Colisão lateral mesmo sentido";"Com Vítimas Feridas";"Anoitecer";"Decrescente";"Céu Claro";"Simples";"Reta";"Sim";3;0;1;0;0;2;1;2;-4,556586;-41,972683;"SPRF-PI";"DEL01-PI";"UOP03-DEL01-PI"
343543;2021-02-28;"domingo";"22:00:00";"ES";101;265;"SERRA";"Velocidade Incompatível";"Colisão frontal";"Com Vítimas Fatais";"Plena Noite";"Decrescente";"Nublado";"Múltipla";"Reta";"Não";3;1;1;0;1;0;1;2;-20,1816849;-40,26536036;"SPRF-ES";"DEL02-ES";"UOP01-DEL02-ES"
343544;2021-02-28;"domingo";"20:50:00";"TO";242;374,3;"GURUPI";"Transitar na contramão";"Colisão frontal";"Com Vítimas Fatais";"Plena Noite";"Decrescente";"Chuva";"Simples";"Curva";"Não";4;2;0;2;0;0;2;4;-11,73936721;-49,0111011;"SPRF-TO";"DEL01-TO";"UOP02-DEL01-TO"
343545;2021-02-28;"domingo";"18:00:00";"MT";174;117;"MIRASSOL DOESTE";"Avarias e/ou desgaste excessivo no pneu";"Saída de leito carroçável";"Com Vítimas Feridas";"Anoitecer";"Decrescente";"Céu Claro";"Simples";"Reta";"Não";4;0;3;1;0;0;4;1;-15,82213595;-58,023464;"SPRF-MT";"DEL03-MT";"UOP01-DEL03-MT"
343546;2021-02-28;"domingo";"19:40:00";"AC";364;139;"RIO BRANCO";"Acumulo de areia ou detritos sobre o pavimento";"Tombamento";"Com Vítimas Feridas";"Plena Noite";"Decrescente";"Céu Claro";"Dupla";"Curva";"Sim";2;0;2;0;0;0;2;1;-9,95359291;-67,86119892;"SPRF-AC";"DEL01-AC";"UOP01-DEL01-AC"
343547;2021-02-28;"domingo";"21:50:00";"SP";116;227;"SAO PAULO";"Condutor deixou de manter distância do veículo da frente";"Colisão traseira";"Com Vítimas Feridas";"Plena Noite";"Decrescente";"Nublado";"Múltipla";"Reta";"Não";2;0;1;0;0;1;1;2;-23,49659264;-46,55648754;"SPRF-SP";"DEL01-SP";"UOP01-DEL01-SP"