"id";"data_inversa";"dia_semana";"horario";"uf";"br";"km";"municipio";"causa_acidente";"tipo_acidente";"classificacao_acidente";"fase_dia";"sentido_via";"condicao_metereologica";"tipo_pista";"tracado_via";"uso_solo";"pessoas";"mortos";"feridos_leves";"feridos_graves";"ilesos";"ignorados";"feridos";"veiculos";"latitude";"longitude";"regional";"delegacia";"uop"
343809;2021-01-17;"domingo";"10:45:00";"MG";153;25,7;"CANAPOLIS";"Ausência de reação do condutor";"Colisão com objeto";"Com Vítimas Feridas";"Pleno dia";"Crescente";"Chuva";"Dupla";"Reta";"Não";7;0;3;2;2;0;5;3;-18,78383;-49,08164;"SPRF-MG";"DEL15-MG";"UOP03-DEL15-MG"
343811;2021-02-21;"domingo";"20:00:00";"MS";262;767,9;"CORUMBA";"Ingestão de álcool pelo condutor";"Saída de leito carroçável";"Com Vítimas Feridas";"Plena Noite";"Decrescente";"Céu Claro";"Simples";"Rotatória";"Não";3;0;3;0;0;0;3;1;-19,08285699;-57,62168025;"SPRF-MS";"DEL03-MS";"UOP03-DEL03-MS"
343813;2021-02-25;"quinta-feira";"17:30:00";"RO";425;57;"NOVA MAMORE";"Pista esburacada";"Saída de leito carroçável";"Com Vítimas Feridas";"Anoitecer";"Crescente";"Nublado";"Simples";"Reta";"Não";1;0;1;0;0;0;1;1;-10,055507;-65,32122;"SPRF-RO";"DEL01-RO";"UOP03-DEL01-RO"
343814;2021-01-16;"sábado";"15:00:00";"RJ";101;565;"PARATY";"Condutor deixou de manter distância do veículo da frente";"Colisão traseira";"Com Vítimas Feridas";"Pleno dia";"Crescente";"Céu Claro";"Simples";"Reta";"Sim";3;0;0;2;1;0;2;2;-23,151162;-44,69967999;"SPRF-RJ";"DEL03-RJ";"UOP04-DEL03-RJ"
343816;2021-03-02;"terça-feira";"10:10:00";"MT";70;2;"BARRA DO GARCAS";"Conversão proibida";"Colisão frontal";"Com Vítimas Feridas";"Pleno dia";"Crescente";"Céu Claro";"Simples";"Reta";"Sim";2;0;2;0;0;0;2;2;-15,88749699;-52,26810568;"SPRF-MT";"DEL07-MT";"UOP01-DEL07-MT"
343818;2021-03-02;"terça-feira";"07:30:00";"AC";364;150;"RIO BRANCO";"Ausência de reação do condutor";"Colisão frontal";"Com Vítimas Feridas";"Pleno dia";"Crescente";"Nublado";"Simples";"Reta;Declive";"Não";3;0;0;1;1;1;1;2;-9,86908431;-67,9119873;"SPRF-AC";"DEL01-AC";"UOP01-DEL01-AC"
343819;2021-03-02;"terça-feira";"09:55:00";"RS";116;157;"CAXIAS DO SUL";"Ausência de reação do condutor";"Colisão traseira";"Com Vítimas Feridas";"Pleno dia";"Crescente";"Sol";"Simples";"Declive";"Não";2;0;1;0;1;0;1;2;-29,21503981;-51,17675573;"SPRF-RS";"DEL05-RS";"UOP01-DEL05-RS"
343823;2021-01-25;"segunda-feira";"15:45:00";"MG";50;140;"UBERABA";"Manobra de mudança de faixa";"Saída de leito carroçável";"Com Vítimas Feridas";"Pleno dia";"Crescente";"Céu Claro";"Dupla";"Reta";"Não";2;0;1;0;1;0;1;1;-19,47657604;-48,05332612;"SPRF-MG";"DEL13-MG";"UOP01-DEL13-MG"
343824;2021-03-02;"terça-feira";"09:35:00";"AL";101;38,9;"FLEXEIRAS";"Avarias e/ou desgaste excessivo no pneu";"Saída de leito carroçável";"Sem Vítimas";"Pleno dia";"Crescente";"Chuva";"Dupla";"Curva";"Não";1;0;0;0;1;0;0;1;-9,14817905;-35,7687835;"SPRF-AL";"DEL01-AL";"UOP02-DEL01-AL"
343827;2021-03-02;"terça-feira";"11:45:00";"GO";60;187,6;"GUAPO";"Estacionar ou parar em local proibido";"Colisão traseira";"Com Vítimas Feridas";"Pleno dia";"Crescente";"Céu Claro";"Dupla";"Reta";"Sim";2;0;1;0;1;0;1;2;-16,82564149;-49,53597134;"SPRF-GO";"DEL01-GO";"UOP02-DEL01-GO"
343828;2021-03-02;"terça-feira";"12:00:00";"PR";476;130;"CURITIBA";"Avarias e/ou desgaste excessivo no pneu";"Colisão com objeto";"Sem Vítimas";"Pleno dia";"Decrescente";"Chuva";"Múltipla";"Curva";"Sim";1;0;0;0;1;0;0;1;-25,449564;-49,236427;"SPRF-PR";"DEL01-PR";"UOP03-DEL01-PR"
343832;2021-03-02;"terça-feira";"12:20:00";"MG";365;670,4;"MONTE ALEGRE DE MINAS";"Velocidade Incompatível";"Tombamento";"Com Vítimas Feridas";"Pleno dia";"Crescente";"Céu Claro";"Dupla";"Curva";"Não";2;0;1;0;1;0;1;1;-18,88405862;-48,73542988;"SPRF-MG";"DEL15-MG";"UOP01-DEL15-MG"
343833;2021-03-02;"terça-feira";"11:55:00";"MG";50;167;"UBERABA";"Acessar a via sem observar a presença dos outros veículos";"Colisão lateral mesmo sentido";"Com Vítimas Feridas";"Pleno dia";"Crescente";"Céu Claro";"Dupla";"Viaduto";"Sim";1;0;1;0;0;0;1;1;-19,7102529;-47,98304473;"SPRF-MG";"DEL13-MG";"UOP01-DEL13-MG"
343838;2021-03-02;"terça-feira";"13:10:00";"PI";343;323,5;"ALTOS";"Condutor deixou de manter distância do veículo da frente";"Colisão traseira";"Com Vítimas Feridas";"Pleno dia";"Decrescente";"Céu Claro";"Simples";"Reta";"Não";2;0;1;0;1;0;1;2;-5,058037;-42,593838;"SPRF-PI";"DEL01-PI";"UOP01-DEL01-PI"
343839;2021-03-02;"terça-feira";"13:00:00";"SP";116;216;"GUARULHOS";"Problema na suspensão";"Colisão com objeto";"Com Vítimas Feridas";"Pleno dia";"Decrescente";"Céu Claro";"Múltipla";"Reta";"Sim";1;0;1;0;0;0;1;1;-23,44333014;-46,44531294;"SPRF-SP";"DEL01-SP";"UOP01-DEL01-SP"
343841;2021-03-02;"terça-feira";"11:20:00";"RJ";493;19;"MAGE";"Demais falhas mecânicas ou elétricas";"Incêndio";"Sem Vítimas";"Pleno dia";"Crescente";"Céu Claro";"Simples";"Reta";"Sim";1;0;0;0;1;0;0;1;-22,6663848;-43,02770248;"SPRF-RJ";"DEL04-RJ";"UOP02-DEL04-RJ"
343844;2021-03-02;"terça-feira";"08:00:00";"MA";222;279;"ARARI";"Manobra de mudança de faixa";"Colisão lateral sentido oposto";"Com Vítimas Feridas";"Pleno dia";"Crescente";"Céu Claro";"Simples";"Reta";"Não";2;0;1;0;1;0;1;2;-3,4624386;-44,77617568;"SPRF-MA";"DEL02-MA";"UOP01-DEL02-MA"
343846;2021-03-02;"terça-feira";"12:00:00";"AC";364;121;"RIO BRANCO";"Transitar na contramão";"Colisão frontal";"Com Vítimas Fatais";"Pleno dia";"Crescente";"Céu Claro";"Simples";"Reta";"Sim";2;1;0;0;1;0;0;2;-10,01209268;-67,764365;"SPRF-AC";"DEL01-AC";"UOP01-DEL01-AC"
343848;2021-03-02;"terça-feira";"13:30:00";"MS";60;423,6;"SIDROLANDIA";"Ausência de reação do condutor";"Colisão traseira";"Com Vítimas Feridas";"Pleno dia";"Crescente";"Nublado";"Simples";"Reta";"Não";4;0;2;0;2;0;2;2;-20,91374372;-54,9470444;"SPRF-MS";"DEL01-MS";"UOP04-DEL01-MS"
343850;2021-03-02;"terça-feira";"14:30:00";"PR";116;106,4;"SAO JOSE DOS PINHAIS";"Reação tardia ou ineficiente do condutor";"Tombamento";"Com Vítimas Feridas";"Pleno dia";"Decrescente";"Chuva";"Dupla";"Reta";"Não";1;0;1;0;0;0;1;1;-25,56635207;-49,16833598;"SPRF-PR";"DEL01-PR";"UOP01-DEL01-PR"
343851;2021-02-02;"terça-feira";"16:40:00";"GO";60;297,3;"ACREUNA";"Acumulo de água sobre o pavimento";"Saída de leito carroçável";"Com Vítimas Feridas";"Pleno dia";"Decrescente";"Garoa/Chuvisco";"Dupla";"Reta";"Não";2;0;1;1;0;0;2;1;-17,3441;-50,318;"SPRF-GO";"DEL04-GO";"UOP01-DEL04-GO"
343852;2021-03-02;"terça-feira";"14:35:00";"GO";40;16;"LUZIANIA";"Velocidade Incompatível";"Saída de leito carroçável";"Com Vítimas Feridas";"Pleno dia";"Decrescente";"Sol";"Dupla";"Reta";"Sim";1;0;1;0;0;0;1;1;-16,175176;-47,92964;"SPRF-DF";"DEL01-DF";"UOP01-DEL01-DF"
343854;2021-01-08;"sexta-feira";"16:15:00";"RS";386;430,3;"NOVA SANTA RITA";"Retorno proibido";"Colisão transversal";"Com Vítimas Feridas";"Pleno dia";"Crescente";"Céu Claro";"Simples";"Reta";"Não";6;0;5;1;0;0;6;2;-29,828415;-51,322445;"SPRF-RS";"DEL04-RS";"UOP02-DEL04-RS"
343857;2021-03-02;"terça-feira";"14:20:00";"SC";101;333,3;"TUBARAO";"Desrespeitar a preferência no cruzamento";"Colisão transversal";"Com Vítimas Feridas";"Pleno dia";"Decrescente";"Céu Claro";"Simples";"Rotatória";"Sim";2;0;1;0;1;0;1;2;-28,46630107;-48,99653096;"SPRF-SC";"DEL02-SC";"UOP01-DEL02-SC"
343859;2021-03-02;"terça-feira";"16:00:00";"PR";376;363;"ORTIGUEIRA";"Chuva";"Saída de leito carroçável";"Com Vítimas Feridas";"Pleno dia";"Crescente";"Chuva";"Simples";"Reta";"Não";2;0;1;0;1;0;1;1;-24,293148;-50,875984;"SPRF-PR";"DEL07-PR";"UOP03-DEL07-PR"
343860;2021-02-05;"sexta-feira";"19:00:00";"RS";116;247;"SAO LEOPOLDO";"Manobra de mudança de faixa";"Colisão lateral";"Com Vítimas Feridas";"Anoitecer";"Crescente";"Céu Claro";"Simples";"Reta";"Não";2;0;1;0;1;0;1;2;-29,76733091;-51,1535296;"SPRF-RS";"DEL01-RS";"UOP02-DEL01-RS"
343861;2021-03-02;"terça-feira";"16:30:00";"MG";40;576;"ITABIRITO";"Manobra de mudança de faixa";"Colisão com objeto";"Com Vítimas Feridas";"Pleno dia";"Crescente";"Céu Claro";"Múltipla";"Reta";"Não";1;0;0;1;0;0;1;1;-20,26485707;-43,9573481;"SPRF-MG";"DEL01-MG";"UOP02-DEL01-MG"
343862;2021-03-02;"terça-feira";"16:30:00";"ES";262;60;"MARECHAL FLORIANO";"Reação tardia ou ineficiente do condutor";"Colisão traseira";"Com Vítimas Feridas";"Pleno dia";"Decrescente";"Céu Claro";"Simples";"Em Obras";"Não";2;0;1;0;0;1;1;2;-20,42208895;-40,78646507;"SPRF-ES";"DEL01-ES";"UOP02-DEL01-ES"
343863;2021-02-17;"quarta-feira";"12:00:00";"PR";476;108;"COLOMBO";"Curva acentuada";"Queda de ocupante de veículo";"Com Vítimas Feridas";"Pleno dia";"Decrescente";"Ignorado";"Simples";"Curva";"Não";1;0;0;1;0;0;1;1;-25,298958;-49,152153;"SPRF-PR";"DEL01-PR";"UOP02-DEL01-PR"
343864;2021-03-02;"terça-feira";"13:25:00";"RO";364;424;"JARU";"Manobra de mudança de faixa";"Colisão lateral mesmo sentido";"Com Vítimas Feridas";"Pleno dia";"Crescente";"Nublado";"Dupla";"Reta";"Sim";2;0;1;0;1;0;1;2;-10,44457274;-62,46568412;"SPRF-RO";"DEL03-RO";"UOP02-DEL03-RO"
343867;2021-02-18;"quinta-feira";"22:00:00";"MS";158;261,1;"TRES LAGOAS";"Transitar no acostamento";"Saída de leito carroçável";"Sem Vítimas";"Plena Noite";"Crescente";"Céu Claro";"Simples";"Reta";"Não";1;0;0;0;0;1;0;1;-20,72864508;-51,74215513;"SPRF-MS";"DEL07-MS";"UOP01-DEL07-MS"
343869;2021-03-02;"terça-feira";"17:00:00";"PR";116;94;"SAO JOSE DOS PINHAIS";"Chuva";"Saída de leito carroçável";"Com Vítimas Feridas";"Pleno dia";"Crescente";"Chuva";"Dupla";"Reta";"Sim";1;0;1;0;0;0;1;1;-25,48954287;-49,11201617;"SPRF-PR";"DEL01-PR";"UOP01-DEL01-PR"
343870;2021-03-02;"terça-feira";"17:25:00";"SC";101;215,5;"PALHOCA";"Conversão proibida";"Colisão lateral mesmo sentido";"Com Vítimas Feridas";"Pleno dia";"Decrescente";"Sol";"Dupla";"Reta";"Não";2;0;1;0;1;0;1;2;-27,65184843;-48,67604941;"SPRF-SC";"DEL01-SC";"UOP02-DEL01-SC"
343872;2021-03-02;"terça-feira";"17:10:00";"RS";158;195,4;"CRUZ ALTA";"Reação tardia ou ineficiente do condutor";"Engavetamento";"Sem Vítimas";"Pleno dia";"Crescente";"Nublado";"Simples";"Em Obras;Reta";"Não";3;0;0;0;3;0;0;3;-28,6460613;-53,57589779;"SPRF-RS";"DEL10-RS";"UOP02-DEL10-RS"
343873;2021-03-02;"terça-feira";"15:00:00";"PA";316;66;"CASTANHAL";"Acessar a via sem observar a presença dos outros veículos";"Colisão transversal";"Com Vítimas Feridas";"Pleno dia";"Crescente";"Céu Claro";"Dupla";"Reta";"Sim";2;0;1;0;1;0;1;2;-1,294946;-47,894979;"SPRF-PA";"DEL01-PA";"UOP01-DEL01-PA"
343875;2021-03-02;"terça-feira";"18:00:00";"PR";476;133;"CURITIBA";"Semáforo com defeito";"Colisão transversal";"Com Vítimas Feridas";"Anoitecer";"Crescente";"Chuva";"Dupla";"Reta";"Sim";2;0;1;0;1;0;1;2;-25,469219;-49,254143;"SPRF-PR";"DEL01-PR";"UOP03-DEL01-PR"
343877;2021-02-16;"terça-feira";"19:30:00";"DF";60;4;"BRASILIA";"Condutor deixou de manter distância do veículo da frente";"Colisão traseira";"Com Vítimas Feridas";"Plena Noite";"Crescente";"Chuva";"Dupla";"Reta";"Não";3;0;2;0;1;0;2;2;-15,892721;-48,095741;"SPRF-DF";"DEL03-DF";"UOP01-DEL03-DF"
343878;2021-03-02;"terça-feira";"18:20:00";"SP";153;61,5;"SAO JOSE DO RIO PRETO";"Pista Escorregadia";"Tombamento";"Com Vítimas Feridas";"Anoitecer";"Crescente";"Garoa/Chuvisco";"Dupla";"Declive;Reta";"Sim";2;0;2;0;0;0;2;1;-20,80502876;-49,35574909;"SPRF-SP";"DEL09-SP";"UOP01-DEL09-SP"
343879;2021-03-02;"terça-feira";"17:50:00";"RJ";101;49;"CAMPOS DOS GOYTACAZES";"Transitar no acostamento";"Colisão lateral mesmo sentido";"Com Vítimas Feridas";"Anoitecer";"Crescente";"Céu Claro";"Simples";"Reta";"Não";2;0;1;0;1;0;1;2;-21,62508006;-41,31411242;"SPRF-RJ";"DEL08-RJ";"UOP01-DEL08-RJ"
343880;2021-03-02;"terça-feira";"16:00:00";"MG";116;277;"TEOFILO OTONI";"Acessar a via sem observar a presença dos outros veículos";"Tombamento";"Com Vítimas Feridas";"Pleno dia";"Decrescente";"Nublado";"Simples";"Interseção de Vias";"Sim";2;0;1;0;0;1;1;2;-17,859945;-41,515144;"SPRF-MG";"DEL11-MG";"UOP01-DEL11-MG"
343882;2021-03-02;"terça-feira";"18:20:00";"SP";116;218,8;"GUARULHOS";"Reação tardia ou ineficiente do condutor";"Colisão traseira";"Com Vítimas Feridas";"Anoitecer";"Decrescente";"Nublado";"Múltipla";"Reta";"Sim";2;0;1;0;1;0;1;2;-23,45993947;-46,4849782;"SPRF-SP";"DEL01-SP";"UOP01-DEL01-SP"
343885;2021-03-02;"terça-feira";"18:30:00";"RS";386;362,8;"ESTRELA";"Acessar a via sem observar a presença dos outros veículos";"Colisão transversal";"Com Vítimas Feridas";"Pleno dia";"Decrescente";"Céu Claro";"Dupla";"Interseção de Vias";"Sim";2;0;1;0;1;0;1;2;-29,557457;-51,891541;"SPRF-RS";"DEL04-RS";"UOP02-DEL04-RS"
343886;2021-03-02;"terça-feira";"12:00:00";"PB";230;464,4;"SOUSA";"Ausência de reação do condutor";"Colisão traseira";"Com Vítimas Feridas";"Pleno dia";"Crescente";"Céu Claro";"Simples";"Reta";"Sim";3;0;1;1;0;1;2;2;-6,78053472;-38,2506609;"SPRF-PB";"DEL03-PB";"UOP03-DEL03-PB"
343887;2021-03-02;"terça-feira";"18:30:00";"RJ";116;72;"TERESOPOLIS";"Conversão proibida";"Colisão transversal";"Com Vítimas Feridas";"Plena Noite";"Decrescente";"Céu Claro";"Simples";"Curva";"Sim";3;0;0;1;1;1;1;2;-22,336229;-42,938663;"SPRF-RJ";"DEL04-RJ";"UOP01-DEL04-RJ"
343888;2021-03-02;"terça-feira";"18:10:00";"PI";343;1,1;"TERESINA";"Manobra de mudança de faixa";"Colisão transversal";"Com Vítimas Feridas";"Plena Noite";"Decrescente";"Garoa/Chuvisco";"Dupla";"Reta";"Sim";3;0;0;1;2;0;1;2;-5,089569;-42,802288;"SPRF-PI";"DEL01-PI";"UOP01-DEL01-PI"
343890;2021-03-02;"terça-feira";"18:30:00";"RS";116;231;"IVOTI";"Acessar a via sem observar a presença dos outros veículos";"Colisão transversal";"Com Vítimas Feridas";"Pleno dia";"Decrescente";"Céu Claro";"Dupla";"Reta";"Sim";3;0;1;0;2;0;1;2;-29,62743221;-51,13858608;"SPRF-RS";"DEL01-RS";"UOP02-DEL01-RS"
343892;2021-03-02;"terça-feira";"18:00:00";"CE";20;418;"MARACANAU";"Condutor deixou de manter distância do veículo da frente";"Colisão traseira";"Com Vítimas Feridas";"Plena Noite";"Decrescente";"Céu Claro";"Dupla";"Retorno Regulamentado";"Sim";4;0;1;0;3;0;1;4;-3,76999035;-38,67006282;"SPRF-CE";"DEL01-CE";"UOP02-DEL01-CE"
343894;2021-03-02;"terça-feira";"18:50:00";"GO";50;280,6;"CATALAO";"Acessar a via sem observar a presença dos outros veículos";"Colisão transversal";"Com Vítimas Feridas";"Plena Noite";"Crescente";"Céu Claro";"Simples";"Rotatória";"Sim";2;0;1;0;1;0;1;2;-18,18144998;-47,94094563;"SPRF-GO";"DEL06-GO";"UOP01-DEL06-GO"
343897;2021-03-02;"terça-feira";"19:30:00";"SC";280;52;"GUARAMIRIM";"Acessar a via sem observar a presença dos outros veículos";"Colisão transversal";"Com Vítimas Feridas";"Plena Noite";"Crescente";"Garoa/Chuvisco";"Simples";"Reta;Interseção de Vias";"Sim";2;0;1;0;1;0;1;2;-26,47137976;-48,97149324;"SPRF-SC";"DEL03-SC";"UOP03-DEL03-SC"
343900;2021-03-02;"terça-feira";"19:40:00";"PE";101;65;"RECIFE";"Acessar a via sem observar a presença dos outros veículos";"Atropelamento de Pedestre";"Com Vítimas Feridas";"Plena Noite";"Decrescente";"Nublado";"Dupla";"Reta";"Sim";3;0;0;1;1;1;1;2;-8,036318;-34,941384;"SPRF-PE";"DEL01-PE";"UOP01-DEL01-PE"
343902;2021-03-02;"terça-feira";"18:00:00";"GO";70;409;"MONTES CLAROS DE GOIAS";"Reação tardia ou ineficiente do condutor";"Saída de leito carroçável";"Com Vítimas Feridas";"Pleno dia";"Crescente";"Nublado";"Simples";"Curva";"Não";4;0;3;0;1;0;3;1;-15,87185562;-51,67488098;"SPRF-GO";"DEL04-GO";"UOP01-DEL04-GO"
343903;2021-03-02;"terça-feira";"20:20:00";"TO";153;136;"ARAGUAINA";"Condutor deixou de manter distância do veículo da frente";"Colisão traseira";"Com Vítimas Feridas";"Plena Noite";"Decrescente";"Chuva";"Dupla";"Reta";"Sim";3;0;2;0;1;0;2;2;-7,14122;-48,201528;"SPRF-TO";"DEL02-TO";"UOP01-DEL02-TO"
343904;2021-01-12;"terça-feira";"19:00:00";"RJ";493;70;"NOVA IGUACU";"Manobra de mudança de faixa";"Saída de leito carroçável";"Com Vítimas Feridas";"Plena Noite";"Crescente";"Chuva";"Dupla";"Reta";"Não";1;0;0;1;0;0;1;1;-22,68213325;-43,45629215;"SPRF-RJ";"DEL01-RJ";"UOP03-DEL01-RJ"
343905;2021-03-02;"terça-feira";"20:00:00";"PA";163;1003;"SANTAREM";"Transitar na contramão";"Colisão frontal";"Com Vítimas Feridas";"Plena Noite";"Decrescente";"Nublado";"Simples";"Reta";"Sim";4;0;2;0;2;0;2;2;-2,44073747;-54,73207451;"SPRF-PA";"DEL05-PA";"UOP01-DEL05-PA"
343907;2021-03-02;"terça-feira";"14:50:00";"MG";116;283;"TEOFILO OTONI";"Ausência de reação do condutor";"Colisão traseira";"Sem Vítimas";"Pleno dia";"Crescente";"Céu Claro";"Simples";"Declive";"Não";2;0;0;0;2;0;0;2;-17,91016695;-41,52564104;"SPRF-MG";"DEL11-MG";"UOP01-DEL11-MG"
343908;2021-02-02;"terça-feira";"09:00:00";"PA";10;176;"PARAGOMINAS";"Animais na Pista";"Atropelamento de Animal";"Sem Vítimas";"Plena Noite";"Decrescente";"Céu Claro";"Simples";"Reta";"Não";2;0;0;0;2;0;0;1;-2,89433295;-47,4335408;"SPRF-PA";"DEL02-PA";"UOP01-DEL02-PA"
343910;2021-03-02;"terça-feira";"20:40:00";"SP";116;34;"CACHOEIRA PAULISTA";"Curva acentuada";"Capotamento";"Sem Vítimas";"Plena Noite";"Crescente";"Céu Claro";"Simples";"Curva";"Não";1;0;0;0;0;1;0;1;-22,65447396;-44,95940103;"SPRF-SP";"DEL08-SP";"UOP02-DEL08-SP"
343913;2021-03-02;"terça-feira";"19:53:00";"MG";50;176;"UBERABA";"Estacionar ou parar em local proibido";"Colisão traseira";"Sem Vítimas";"Plena Noite";"Decrescente";"Céu Claro";"Dupla";"Reta";"Sim";2;0;0;0;1;1;0;2;-19,77919981;-47,960032;"SPRF-MG";"DEL13-MG";"UOP01-DEL13-MG"
343915;2021-03-02;"terça-feira";"21:40:00";"MG";40;110,9;"LAGOA GRANDE";"Animais na Pista";"Atropelamento de Animal";"Sem Vítimas";"Plena Noite";"Decrescente";"Céu Claro";"Simples";"Reta";"Não";1;0;0;0;1;0;0;1;-17,6346567;-46,45403382;"SPRF-MG";"DEL14-MG";"UOP01-DEL14-MG"
343916;2021-03-02;"terça-feira";"20:22:00";"PR";277;587,8;"CASCAVEL";"Pedestre andava na pista";"Atropelamento de Pedestre";"Com Vítimas Feridas";"Plena Noite";"Crescente";"Nublado";"Simples";"Declive";"Não";3;0;0;1;0;2;1;2;-24,96941255;-53,42959722;"SPRF-PR";"DEL04-PR";"UOP01-DEL04-PR"
343917;2021-02-13;"sábado";"07:25:00";"PA";230;667;"ALTAMIRA";"Avarias e/ou desgaste excessivo no pneu";"Saída de leito carroçável";"Com Vítimas Feridas";"Pleno dia";"Crescente";"Garoa/Chuvisco";"Simples";"Curva";"Não";2;0;1;0;1;0;1;1;-3,26001802;-52,35829399;"SPRF-PA";"DEL04-PA";"UOP01-DEL04-PA"
343919;2021-01-29;"sexta-feira";"19:53:00";"MG";365;3;"MONTES CLAROS";"Acessar a via sem observar a presença dos outros veículos";"Colisão transversal";"Com Vítimas Feridas";"Plena Noite";"Crescente";"Céu Claro";"Simples";"Reta";"Não";3;0;1;1;0;1;2;2;-16,74574399;-43,88392402;"SPRF-MG";"DEL12-MG";"UOP01-DEL12-MG"
343920;2021-03-02;"terça-feira";"22:40:00";"PR";277;105;"CAMPO LARGO";"Reação tardia ou ineficiente do condutor";"Saída de leito carroçável";"Com Vítimas Feridas";"Plena Noite";"Decrescente";"Garoa/Chuvisco";"Dupla";"Curva";"Sim";1;0;1;0;0;0;1;1;-25,48824692;-49,34581481;"SPRF-PR";"DEL01-PR";"UOP01-DEL01-PR"
343921;2021-03-02;"terça-feira";"21:10:00";"MS";163;519;"JARAGUARI";"Acumulo de água sobre o pavimento";"Colisão com objeto";"Com Vítimas Feridas";"Plena Noite";"Crescente";"Chuva";"Dupla";"Reta";"Não";2;0;1;0;1;0;1;1;-20,16993505;-54,4490649;"SPRF-MS";"DEL01-MS";"UOP02-DEL01-MS"
343922;2021-03-02;"terça-feira";"22:00:00";"SC";470;59;"BLUMENAU";"Ausência de reação do condutor";"Colisão transversal";"Sem Vítimas";"Plena Noite";"Crescente";"Nublado";"Simples";"Interseção de Vias";"Não";2;0;0;0;2;0;0;2;-26,882812;-49,1548;"SPRF-SC";"DEL04-SC";"UOP01-DEL04-SC"
343923;2021-03-02;"terça-feira";"19:15:00";"RN";101;45,7;"MAXARANGUAPE";"Animais na Pista";"Atropelamento de Animal";"Com Vítimas Feridas";"Plena Noite";"Decrescente";"Céu Claro";"Simples";"Reta";"Não";1;0;1;0;0;0;1;1;-5,48513925;-35,32443409;"SPRF-RN";"DEL02-RN";"UOP01-DEL02-RN"
343925;2021-03-02;"terça-feira";"21:50:00";"SC";470;71;"INDAIAL";"Obras na pista";"Tombamento";"Com Vítimas Feridas";"Plena Noite";"Crescente";"Nublado";"Simples";"Reta;Em Obras";"Sim";1;0;1;0;0;0;1;1;-26,89860189;-49,26578522;"SPRF-SC";"DEL04-SC";"UOP01-DEL04-SC"
343928;2021-03-02;"terça-feira";"22:40:00";"PE";428;188;"PETROLINA";"Acumulo de óleo sobre o pavimento";"Queda de ocupante de veículo";"Com Vítimas Feridas";"Pleno dia";"Decrescente";"Céu Claro";"Dupla";"Rotatória";"Sim";1;0;1;0;0;0;1;1;-9,36400596;-40,48266808;"SPRF-PE";"DEL06-PE";"UOP01-DEL06-PE"
343929;2021-02-12;"sexta-feira";"10:28:00";"RS";116;148,1;"CAXIAS DO SUL";"Reação tardia ou ineficiente do condutor";"Atropelamento de Pedestre";"Com Vítimas Feridas";"Pleno dia";"Crescente";"Nublado";"Dupla";"Reta";"Sim";2;0;2;0;0;0;2;2;-29,15444539;-51,15101681;"SPRF-RS";"DEL05-RS";"UOP01-DEL05-RS"
343932;2021-03-02;"terça-feira";"18:00:00";"MA";135;43;"BACABEIRA";"Acumulo de água sobre o pavimento";"Saída de leito carroçável";"Com Vítimas Feridas";"Plena Noite";"Crescente";"Chuva";"Dupla";"Reta";"Não";1;0;1;0;0;0;1;1;-2,91264134;-44,35402453;"SPRF-MA";"DEL01-MA";"UOP01-DEL01-MA"
343933;2021-03-02;"terça-feira";"22:26:00";"MS";163;372,9;"NOVA ALVORADA DO SUL";"Chuva";"Saída de leito carroçável";"Sem Vítimas";"Plena Noite";"Crescente";"Chuva";"Dupla";"Aclive";"Não";1;0;0;0;1;0;0;1;-21,40851284;-54,39788682;"SPRF-MS";"DEL02-MS";"UOP01-DEL02-MS"
343934;2021-03-02;"terça-feira";"22:30:00";"PR";476;164;"ARAUCARIA";"Condutor Dormindo";"Saída de leito carroçável";"Sem Vítimas";"Plena Noite";"Decrescente";"Chuva";"Simples";"Reta";"Não";2;0;0;0;2;0;0;1;-25,637207;-49,46769;"SPRF-PR";"DEL01-PR";"UOP03-DEL01-PR"
343935;2021-03-02;"terça-feira";"21:55:00";"PE";101;187,3;"PALMARES";"Velocidade Incompatível";"Colisão com objeto";"Sem Vítimas";"Plena Noite";"Crescente";"Chuva";"Dupla";"Curva";"Sim";1;0;0;0;0;1;0;1;-8,686644;-35,587478;"SPRF-PE";"DEL01-PE";"UOP03-DEL01-PE"
343938;2021-03-02;"terça-feira";"22:00:00";"BA";101;470,2;"URUCUCA";"Objeto estático sobre o leito carroçável";"Colisão com objeto";"Com Vítimas Feridas";"Plena Noite";"Decrescente";"Chuva";"Simples";"Reta";"Não";1;0;1;0;0;0;1;1;-14,527405;-39,334629;"SPRF-BA";"DEL05-BA";"UOP01-DEL05-BA"
343941;2021-03-03;"quarta-feira";"00:15:00";"SC";116;220,7;"CORREIA PINTO";"Acessar a via sem observar a presença dos outros veículos";"Colisão transversal";"Com Vítimas Feridas";"Plena Noite";"Crescente";"Nublado";"Simples";"Rotatória";"Sim";3;0;0;1;2;0;1;2;-27,59106642;-50,36261559;"SPRF-SC";"DEL05-SC";"UOP03-DEL05-SC"
343942;2021-03-03;"quarta-feira";"00:14:00";"MT";364;347;"SANTO ANTONIO DO LEVERGER";"Velocidade Incompatível";"Colisão com objeto";"Com Vítimas Feridas";"Plena Noite";"Crescente";"Ignorado";"Dupla";"Curva";"Não";1;0;1;0;0;0;1;1;-15,79388006;-55,57352727;"SPRF-MT";"DEL05-MT";"UOP02-DEL05-MT"