"id";"data_inversa";"dia_semana";"horario";"uf";"br";"km";"municipio";"causa_acidente";"tipo_acidente";"classificacao_acidente";"fase_dia";"sentido_via";"condicao_metereologica";"tipo_pista";"tracado_via";"uso_solo";"pessoas";"mortos";"feridos_leves";"feridos_graves";"ilesos";"ignorados";"feridos";"veiculos";"latitude";"longitude";"regional";"delegacia";"uop"
343946;2021-03-03;"quarta-feira";"03:40:00";"GO";153;505,1;"APARECIDA DE GOIANIA";"Reação tardia ou ineficiente do condutor";"Saída de leito carroçável";"Com Vítimas Fatais";"Plena Noite";"Decrescente";"Céu Claro";"Dupla";"Reta";"Sim";2;2;0;0;0;0;0;1;-16,7537;-49,2411;"SPRF-GO";"DEL01-GO";"UOP01-DEL01-GO"
343947;2021-03-02;"terça-feira";"16:55:00";"BA";101;717,3;"EUNAPOLIS";"Ultrapassagem Indevida";"Colisão transversal";"Com Vítimas Feridas";"Anoitecer";"Crescente";"Céu Claro";"Simples";"Interseção de Vias";"Sim";2;0;0;1;1;0;1;2;-16,3659387;-39,58196109;"SPRF-BA";"DEL09-BA";"UOP01-DEL09-BA"
343948;2021-03-03;"quarta-feira";"04:50:00";"SP";153;73,8;"SAO JOSE DO RIO PRETO";"Chuva";"Tombamento";"Com Vítimas Feridas";"Plena Noite";"Crescente";"Chuva";"Dupla";"Declive";"Não";1;0;0;1;0;0;1;1;-20,87627206;-49,42004692;"SPRF-SP";"DEL09-SP";"UOP01-DEL09-SP"
343949;2021-03-03;"quarta-feira";"04:40:00";"PE";101;97,2;"CABO DE SANTO AGOSTINHO";"Animais na Pista";"Atropelamento de Animal";"Com Vítimas Feridas";"Amanhecer";"Decrescente";"Céu Claro";"Dupla";"Reta";"Não";7;0;2;0;5;0;2;2;-8,25331064;-35,0296397;"SPRF-PE";"DEL01-PE";"UOP03-DEL01-PE"
343951;2021-03-02;"terça-feira";"16:45:00";"BA";101;716,4;"EUNAPOLIS";"Conversão proibida";"Colisão lateral sentido oposto";"Com Vítimas Feridas";"Pleno dia";"Crescente";"Céu Claro";"Simples";"Reta";"Sim";3;0;1;0;1;1;1;3;-16,35770496;-39,57941878;"SPRF-BA";"DEL09-BA";"UOP01-DEL09-BA"
343952;2021-03-03;"quarta-feira";"05:00:00";"RJ";116;140;"DUQUE DE CAXIAS";"Manobra de mudança de faixa";"Colisão lateral mesmo sentido";"Com Vítimas Feridas";"Amanhecer";"Crescente";"Céu Claro";"Dupla";"Ponte";"Sim";3;0;2;0;0;1;2;2;-22,65966056;-43,2512641;"SPRF-RJ";"DEL01-RJ";"UOP01-DEL01-RJ"
343958;2021-03-03;"quarta-feira";"06:20:00";"MG";116;587,5;"MANHUACU";"Pedestre cruzava a pista fora da faixa";"Atropelamento de Pedestre";"Com Vítimas Feridas";"Amanhecer";"Decrescente";"Nublado";"Simples";"Reta";"Sim";2;0;1;0;1;0;1;2;-20,24173903;-42,15868042;"SPRF-MG";"DEL06-MG";"UOP03-DEL06-MG"
343960;2021-03-03;"quarta-feira";"04:30:00";"PR";376;458,4;"PONTA GROSSA";"Velocidade Incompatível";"Saída de leito carroçável";"Sem Vítimas";"Plena Noite";"Decrescente";"Nublado";"Dupla";"Reta";"Não";1;0;0;0;0;1;0;1;-24,9921312;-50,36419141;"SPRF-PR";"DEL03-PR";"UOP01-DEL03-PR"
343961;2021-03-03;"quarta-feira";"06:05:00";"PE";101;56,9;"RECIFE";"Acessar a via sem observar a presença dos outros veículos";"Colisão frontal";"Com Vítimas Feridas";"Pleno dia";"Crescente";"Céu Claro";"Dupla";"Reta";"Sim";2;0;1;0;1;0;1;2;-7,9554509;-34,91140727;"SPRF-PE";"DEL01-PE";"UOP02-DEL01-PE"
343963;2021-03-02;"terça-feira";"20:30:00";"RJ";116;167,8;"SAO JOAO DE MERITI";"Transitar na contramão";"Colisão frontal";"Com Vítimas Feridas";"Plena Noite";"Decrescente";"Céu Claro";"Múltipla";"Curva";"Sim";2;0;1;0;1;0;1;2;-22,79833834;-43,35823059;"SPRF-RJ";"DEL01-RJ";"UOP01-DEL01-RJ"
343964;2021-03-03;"quarta-feira";"06:53:00";"GO";153;506;"APARECIDA DE GOIANIA";"Obstrução na via";"Queda de ocupante de veículo";"Com Vítimas Feridas";"Amanhecer";"Decrescente";"Céu Claro";"Múltipla";"Reta";"Sim";1;0;1;0;0;0;1;1;-16,7633;-49,24;"SPRF-GO";"DEL01-GO";"UOP01-DEL01-GO"
343965;2021-03-03;"quarta-feira";"07:40:00";"BA";324;572;"SAO SEBASTIAO DO PASSE";"Reação tardia ou ineficiente do condutor";"Saída de leito carroçável";"Sem Vítimas";"Pleno dia";"Decrescente";"Garoa/Chuvisco";"Dupla";"Reta";"Não";1;0;0;0;1;0;0;1;-12,55680911;-38,56690209;"SPRF-BA";"DEL01-BA";"UOP01-DEL01-BA"
343966;2021-03-03;"quarta-feira";"07:40:00";"SC";101;207;"SAO JOSE";"Trafegar com motocicleta (ou similar) entre as faixas";"Queda de ocupante de veículo";"Com Vítimas Feridas";"Pleno dia";"Decrescente";"Céu Claro";"Dupla";"Declive";"Sim";2;0;1;0;1;0;1;2;-27,60001226;-48,6226467;"SPRF-SC";"DEL01-SC";"UOP01-DEL01-SC"
343968;2021-03-03;"quarta-feira";"07:40:00";"ES";262;4,8;"CARIACICA";"Condutor deixou de manter distância do veículo da frente";"Colisão traseira";"Com Vítimas Feridas";"Pleno dia";"Decrescente";"Céu Claro";"Dupla";"Interseção de Vias";"Sim";2;0;1;0;1;0;1;2;-20,33609327;-40,37812784;"SPRF-ES";"DEL01-ES";"UOP01-DEL01-ES"
343969;2021-03-03;"quarta-feira";"07:50:00";"CE";116;2;"FORTALEZA";"Condutor deixou de manter distância do veículo da frente";"Colisão traseira";"Sem Vítimas";"Pleno dia";"Decrescente";"Garoa/Chuvisco";"Múltipla";"Reta";"Sim";2;0;0;0;2;0;0;2;-3,77019802;-38,51724508;"SPRF-CE";"DEL01-CE";"UOP02-DEL01-CE"
343970;2021-03-03;"quarta-feira";"07:00:00";"MG";40;436,9;"PARAOPEBA";"Conversão proibida";"Colisão transversal";"Com Vítimas Fatais";"Pleno dia";"Crescente";"Céu Claro";"Dupla";"Aclive";"Não";3;1;1;0;1;0;1;2;-19,231307;-44,436383;"SPRF-MG";"DEL02-MG";"UOP01-DEL02-MG"
343971;2021-03-03;"quarta-feira";"07:20:00";"MT";70;513,3;"VARZEA GRANDE";"Acessar a via sem observar a presença dos outros veículos";"Colisão frontal";"Com Vítimas Feridas";"Pleno dia";"Crescente";"Céu Claro";"Simples";"Reta";"Não";2;0;0;1;1;0;1;2;-15,70590525;-56,12628758;"SPRF-MT";"DEL01-MT";"UOP02-DEL01-MT"
343972;2021-03-03;"quarta-feira";"08:40:00";"SC";101;149;"ITAPEMA";"Avarias e/ou desgaste excessivo no pneu";"Tombamento";"Com Vítimas Feridas";"Pleno dia";"Crescente";"Nublado";"Dupla";"Reta";"Não";2;0;2;0;0;0;2;1;-27,1089649;-48,61277586;"SPRF-SC";"DEL04-SC";"UOP03-DEL04-SC"
343974;2021-03-03;"quarta-feira";"08:00:00";"PR";376;243,2;"APUCARANA";"Problema na suspensão";"Saída de leito carroçável";"Com Vítimas Feridas";"Pleno dia";"Decrescente";"Nublado";"Dupla";"Curva";"Não";1;0;1;0;0;0;1;1;-23,581665;-51,426316;"SPRF-PR";"DEL07-PR";"UOP03-DEL07-PR"
343978;2021-03-03;"quarta-feira";"07:35:00";"MA";230;400;"BALSAS";"Ausência de reação do condutor";"Queda de ocupante de veículo";"Com Vítimas Feridas";"Pleno dia";"Crescente";"Céu Claro";"Simples";"Reta";"Sim";1;0;1;0;0;0;1;1;-7,49201804;-46,02419491;"SPRF-MA";"DEL05-MA";"UOP01-DEL05-MA"
343979;2021-03-03;"quarta-feira";"09:20:00";"RN";226;2,6;"NATAL";"Acessar a via sem observar a presença dos outros veículos";"Colisão transversal";"Com Vítimas Feridas";"Pleno dia";"Decrescente";"Sol";"Simples";"Reta;Interseção de Vias";"Sim";2;0;1;0;1;0;1;2;-5,81364934;-35,2466547;"SPRF-RN";"DEL01-RN";"UOP02-DEL01-RN"
343983;2021-03-03;"quarta-feira";"09:10:00";"PE";407;129;"PETROLINA";"Manobra de mudança de faixa";"Colisão lateral mesmo sentido";"Com Vítimas Feridas";"Pleno dia";"Decrescente";"Céu Claro";"Dupla";"Ponte";"Sim";2;0;1;0;1;0;1;2;-9,39958299;-40,50459298;"SPRF-PE";"DEL06-PE";"UOP01-DEL06-PE"
343987;2021-03-03;"quarta-feira";"09:30:00";"PR";277;705,5;"SANTA TEREZINHA DE ITAIPU";"Manobra de mudança de faixa";"Colisão traseira";"Com Vítimas Feridas";"Pleno dia";"Decrescente";"Nublado";"Dupla";"Reta";"Não";3;0;1;1;1;0;2;2;-25,43019901;-54,369603;"SPRF-PR";"DEL05-PR";"UOP01-DEL05-PR"
343990;2021-03-03;"quarta-feira";"10:25:00";"ES";101;292;"CARIACICA";"Velocidade Incompatível";"Colisão traseira";"Com Vítimas Feridas";"Pleno dia";"Decrescente";"Céu Claro";"Dupla";"Reta";"Não";2;0;1;0;1;0;1;2;-20,30650512;-40,39488717;"SPRF-ES";"DEL01-ES";"UOP01-DEL01-ES"
343996;2021-03-03;"quarta-feira";"09:05:00";"PE";423;126,1;"PARANATAMA";"Acessar a via sem observar a presença dos outros veículos";"Colisão transversal";"Com Vítimas Feridas";"Pleno dia";"Decrescente";"Céu Claro";"Simples";"Curva;Aclive";"Não";2;0;1;0;1;0;1;2;-8,9520119;-36,72359735;"SPRF-PE";"DEL03-PE";"UOP01-DEL03-PE"
343997;2021-03-03;"quarta-feira";"12:00:00";"ES";101;144;"LINHARES";"Condutor deixou de manter distância do veículo da frente";"Colisão traseira";"Com Vítimas Feridas";"Pleno dia";"Crescente";"Nublado";"Dupla";"Reta";"Não";2;0;0;1;0;1;1;2;-19,35188295;-40,0636685;"SPRF-ES";"DEL04-ES";"UOP01-DEL04-ES"
343999;2021-03-03;"quarta-feira";"12:10:00";"ES";101;266;"SERRA";"Condutor desrespeitou a iluminação vermelha do semáforo";"Colisão transversal";"Com Vítimas Feridas";"Pleno dia";"Crescente";"Céu Claro";"Múltipla";"Interseção de Vias";"Sim";2;0;1;0;1;0;1;2;-20,190199;-40,26828891;"SPRF-ES";"DEL02-ES";"UOP01-DEL02-ES"
344001;2021-03-03;"quarta-feira";"12:30:00";"BA";101;260;"SANTO ANTONIO DE JESUS";"Acessar a via sem observar a presença dos outros veículos";"Colisão lateral mesmo sentido";"Com Vítimas Feridas";"Pleno dia";"Decrescente";"Nublado";"Simples";"Reta";"Sim";2;0;1;0;1;0;1;2;-12,964965;-39,2715107;"SPRF-BA";"DEL01-BA";"UOP02-DEL01-BA"
344002;2021-02-19;"sexta-feira";"13:00:00";"CE";222;4,9;"CAUCAIA";"Condutor desrespeitou a iluminação vermelha do semáforo";"Colisão transversal";"Com Vítimas Feridas";"Pleno dia";"Decrescente";"Céu Claro";"Múltipla";"Reta";"Sim";3;0;1;0;2;0;1;3;-3,74164754;-38,60449792;"SPRF-CE";"DEL01-CE";"UOP01-DEL01-CE"
344003;2021-03-03;"quarta-feira";"12:30:00";"SP";116;26,5;"SILVEIRAS";"Avarias e/ou desgaste excessivo no pneu";"Capotamento";"Sem Vítimas";"Pleno dia";"Crescente";"Céu Claro";"Dupla";"Reta";"Não";1;0;0;0;1;0;0;1;-22,61419397;-44,90005302;"SPRF-SP";"DEL08-SP";"UOP02-DEL08-SP"
344004;2021-03-03;"quarta-feira";"12:20:00";"MS";163;609,9;"SAO GABRIEL DO OESTE";"Avarias e/ou desgaste excessivo no pneu";"Saída de leito carroçável";"Com Vítimas Feridas";"Pleno dia";"Crescente";"Nublado";"Simples";"Reta";"Não";1;0;0;1;0;0;1;1;-19,4409361;-54,53079011;"SPRF-MS";"DEL06-MS";"UOP02-DEL06-MS"
344005;2021-03-03;"quarta-feira";"13:00:00";"SP";153;331;"SALTO GRANDE";"Acessar a via sem observar a presença dos outros veículos";"Colisão transversal";"Com Vítimas Feridas";"Pleno dia";"Decrescente";"Céu Claro";"Simples";"Reta";"Não";2;0;1;1;0;0;2;2;-22,862711;-49,88959271;"SPRF-SP";"DEL07-SP";"UOP03-DEL07-SP"
344007;2021-03-03;"quarta-feira";"13:25:00";"MG";381;334;"NOVA ERA";"Conversão proibida";"Colisão transversal";"Com Vítimas Feridas";"Pleno dia";"Crescente";"Sol";"Simples";"Curva";"Não";2;0;1;0;1;0;1;2;-19,81025584;-43,06303471;"SPRF-MG";"DEL03-MG";"UOP01-DEL03-MG"
344010;2021-03-03;"quarta-feira";"13:15:00";"GO";60;138,2;"GOIANIA";"Ausência de reação do condutor";"Colisão com objeto";"Com Vítimas Feridas";"Pleno dia";"Crescente";"Céu Claro";"Múltipla";"Reta";"Sim";2;0;0;1;1;0;1;2;-16,615156;-49,206159;"SPRF-GO";"DEL01-GO";"UOP01-DEL01-GO"
344013;2021-03-03;"quarta-feira";"14:00:00";"CE";222;11;"CAUCAIA";"Objeto estático sobre o leito carroçável";"Colisão com objeto";"Sem Vítimas";"Pleno dia";"Decrescente";"Céu Claro";"Dupla";"Reta";"Sim";1;0;0;0;1;0;0;1;-3,76597908;-38,66221996;"SPRF-CE";"DEL01-CE";"UOP01-DEL01-CE"
344014;2021-03-03;"quarta-feira";"13:50:00";"SP";116;154;"SAO JOSE DOS CAMPOS";"Reação tardia ou ineficiente do condutor";"Queda de ocupante de veículo";"Com Vítimas Feridas";"Pleno dia";"Crescente";"Céu Claro";"Múltipla";"Reta";"Não";1;0;1;0;0;0;1;1;-23,23903999;-45,92061901;"SPRF-SP";"DEL02-SP";"UOP01-DEL02-SP"
344015;2021-03-03;"quarta-feira";"13:10:00";"RJ";101;490;"ANGRA DOS REIS";"Acessar a via sem observar a presença dos outros veículos";"Colisão transversal";"Com Vítimas Feridas";"Pleno dia";"Decrescente";"Céu Claro";"Simples";"Declive";"Sim";3;0;1;0;1;1;1;2;-22,95640053;-44,31282898;"SPRF-RJ";"DEL03-RJ";"UOP03-DEL03-RJ"
344016;2021-03-03;"quarta-feira";"13:45:00";"MG";40;511,6;"RIBEIRAO DAS NEVES";"Transitar no acostamento";"Colisão traseira";"Com Vítimas Feridas";"Pleno dia";"Decrescente";"Céu Claro";"Dupla";"Reta;Aclive";"Sim";3;0;0;1;1;1;1;3;-19,78164295;-44,11733194;"SPRF-MG";"DEL01-MG";"UOP02-DEL01-MG"
344018;2021-02-13;"sábado";"11:50:00";"MG";153;19,2;"CENTRALINA";"Ausência de reação do condutor";"Capotamento";"Com Vítimas Feridas";"Pleno dia";"Crescente";"Nublado";"Dupla";"Reta";"Sim";2;0;0;2;0;0;2;1;-18,587774;-49,1929339;"SPRF-MG";"DEL15-MG";"UOP03-DEL15-MG"
344019;2021-03-03;"quarta-feira";"14:00:00";"MG";381;429;"CAETE";"Reação tardia ou ineficiente do condutor";"Queda de ocupante de veículo";"Com Vítimas Feridas";"Pleno dia";"Decrescente";"Céu Claro";"Simples";"Reta;Interseção de Vias";"Não";3;0;0;2;1;0;2;3;-19,78663743;-43,71433695;"SPRF-MG";"DEL01-MG";"UOP01-DEL01-MG"
344021;2021-03-03;"quarta-feira";"11:00:00";"BA";101;824;"ITAMARAJU";"Velocidade Incompatível";"Queda de ocupante de veículo";"Com Vítimas Feridas";"Pleno dia";"Crescente";"Céu Claro";"Simples";"Curva";"Não";1;0;1;0;0;0;1;1;-17,143316;-39,568878;"SPRF-BA";"DEL09-BA";"UOP02-DEL09-BA"
344025;2021-03-03;"quarta-feira";"14:00:00";"SP";116;141,5;"SAO JOSE DOS CAMPOS";"Condutor deixou de manter distância do veículo da frente";"Colisão traseira";"Com Vítimas Feridas";"Pleno dia";"Crescente";"Nublado";"Dupla";"Reta";"Não";3;0;1;0;1;1;1;3;-23,17004717;-45,82091491;"SPRF-SP";"DEL02-SP";"UOP01-DEL02-SP"
344026;2021-02-20;"sábado";"20:55:00";"BA";116;24,5;"VITORIA DA CONQUISTA";"Ausência de reação do condutor";"Colisão frontal";"Com Vítimas Feridas";"Plena Noite";"Decrescente";"Nublado";"Simples";"Aclive";"Sim";2;0;1;0;1;0;1;2;-14,86268658;-40,80019176;"SPRF-BA";"DEL08-BA";"UOP01-DEL08-BA"
344029;2021-03-03;"quarta-feira";"14:40:00";"MG";40;522,1;"CONTAGEM";"Manobra de mudança de faixa";"Tombamento";"Com Vítimas Feridas";"Pleno dia";"Crescente";"Sol";"Dupla";"Reta";"Sim";2;0;0;1;0;1;1;2;-19,8638731;-44,06749809;"SPRF-MG";"DEL01-MG";"UOP02-DEL01-MG"
344033;2021-03-02;"terça-feira";"15:39:00";"MG";116;378;"MATHIAS LOBATO";"Ultrapassagem Indevida";"Colisão transversal";"Com Vítimas Feridas";"Pleno dia";"Decrescente";"Céu Claro";"Simples";"Reta";"Sim";3;0;2;0;1;0;2;2;-18,6073651;-41,92702761;"SPRF-MG";"DEL06-MG";"UOP01-DEL06-MG"
344034;2021-02-15;"segunda-feira";"18:40:00";"GO";153;208;"URUACU";"Acumulo de água sobre o pavimento";"Saída de leito carroçável";"Com Vítimas Feridas";"Plena Noite";"Decrescente";"Chuva";"Múltipla";"Declive";"Não";2;0;0;1;1;0;1;1;-14,586481;-49,161167;"SPRF-GO";"DEL07-GO";"UOP02-DEL07-GO"
344035;2021-01-29;"sexta-feira";"19:30:00";"MG";40;705,5;"BARBACENA";"Animais na Pista";"Atropelamento de Animal";"Com Vítimas Feridas";"Plena Noite";"Crescente";"Céu Claro";"Dupla";"Reta";"Não";1;0;1;0;0;0;1;1;-21,2165929;-43,7462589;"SPRF-MG";"DEL05-MG";"UOP02-DEL05-MG"
344036;2021-03-03;"quarta-feira";"17:15:00";"ES";101;269;"SERRA";"Pedestre cruzava a pista fora da faixa";"Atropelamento de Pedestre";"Com Vítimas Feridas";"Pleno dia";"Crescente";"Nublado";"Múltipla";"Curva";"Sim";3;0;2;0;1;0;2;2;-20,21740496;-40,26990578;"SPRF-ES";"DEL02-ES";"UOP01-DEL02-ES"
344039;2021-03-03;"quarta-feira";"16:30:00";"MG";153;231;"FRONTEIRA";"Chuva";"Saída de leito carroçável";"Sem Vítimas";"Pleno dia";"Decrescente";"Chuva";"Simples";"Reta";"Não";2;0;0;0;2;0;0;1;-20,23980467;-49,16101941;"SPRF-MG";"DEL13-MG";"UOP02-DEL13-MG"
344040;2021-03-03;"quarta-feira";"17:25:00";"MG";40;316;"TRES MARIAS";"Ultrapassagem Indevida";"Colisão lateral mesmo sentido";"Com Vítimas Feridas";"Pleno dia";"Crescente";"Céu Claro";"Simples";"Reta";"Não";3;0;1;0;2;0;1;3;-18,48024596;-45,06576905;"SPRF-MG";"DEL14-MG";"UOP02-DEL14-MG"
344041;2021-03-03;"quarta-feira";"15:55:00";"MG";381;359;"SAO GONCALO DO RIO ABAIXO";"Desrespeitar a preferência no cruzamento";"Colisão frontal";"Com Vítimas Feridas";"Pleno dia";"Crescente";"Céu Claro";"Simples";"Reta";"Sim";4;0;1;2;1;0;3;2;-19,8551458;-43,22402296;"SPRF-MG";"DEL03-MG";"UOP01-DEL03-MG"
344042;2021-03-03;"quarta-feira";"17:15:00";"RJ";101;65;"CAMPOS DOS GOYTACAZES";"Conversão proibida";"Colisão transversal";"Com Vítimas Feridas";"Pleno dia";"Decrescente";"Céu Claro";"Simples";"Curva";"Não";3;0;1;0;1;1;1;3;-21,75846888;-41,34817779;"SPRF-RJ";"DEL08-RJ";"UOP02-DEL08-RJ"
344043;2021-03-03;"quarta-feira";"15:10:00";"MT";70;725;"CACERES";"Pista Escorregadia";"Saída de leito carroçável";"Com Vítimas Feridas";"Pleno dia";"Crescente";"Chuva";"Simples";"Reta";"Não";1;0;1;0;0;0;1;1;-16,19497697;-57,6062649;"SPRF-MT";"DEL03-MT";"UOP01-DEL03-MT"
344044;2021-03-03;"quarta-feira";"17:10:00";"PI";343;339;"TERESINA";"Velocidade Incompatível";"Colisão traseira";"Com Vítimas Feridas";"Pleno dia";"Decrescente";"Céu Claro";"Simples";"Curva";"Sim";2;0;0;1;1;0;1;2;-5,067146;-42,730965;"SPRF-PI";"DEL01-PI";"UOP01-DEL01-PI"
344047;2021-03-03;"quarta-feira";"18:26:00";"GO";60;96;"ANAPOLIS";"Condutor deixou de manter distância do veículo da frente";"Colisão lateral mesmo sentido";"Com Vítimas Feridas";"Anoitecer";"Decrescente";"Nublado";"Dupla";"Reta";"Sim";2;0;0;1;1;0;1;2;-16,371;-48,9422;"SPRF-GO";"DEL02-GO";"UOP01-DEL02-GO"
344050;2021-03-03;"quarta-feira";"13:30:00";"RR";174;496;"BOA VISTA";"Reação tardia ou ineficiente do condutor";"Colisão lateral mesmo sentido";"Sem Vítimas";"Pleno dia";"Decrescente";"Sol";"Dupla";"Reta";"Não";2;0;0;0;1;1;0;2;2,758873;-60,73119;"SPRF-RR";"DEL01-RR";"UOP01-DEL01-RR"
344051;2021-03-03;"quarta-feira";"18:20:00";"ES";101;1;"SERRA";"Manobra de mudança de faixa";"Colisão lateral mesmo sentido";"Com Vítimas Feridas";"Plena Noite";"Decrescente";"Nublado";"Dupla";"Reta";"Não";2;0;1;0;1;0;1;2;-20,129093;-40,308125;"SPRF-ES";"DEL02-ES";"UOP01-DEL02-ES"
344054;2021-03-03;"quarta-feira";"18:40:00";"PR";116;115;"CURITIBA";"Velocidade Incompatível";"Colisão lateral mesmo sentido";"Com Vítimas Feridas";"Amanhecer";"Crescente";"Chuva";"Dupla";"Reta";"Sim";3;0;1;0;2;0;1;2;-25,55953326;-49,26560414;"SPRF-PR";"DEL01-PR";"UOP01-DEL01-PR"
344055;2021-03-03;"quarta-feira";"18:00:00";"GO";153;133,9;"MARA ROSA";"Pista esburacada";"Saída de leito carroçável";"Com Vítimas Feridas";"Anoitecer";"Decrescente";"Nublado";"Simples";"Reta";"Não";1;0;1;0;0;0;1;1;-13,934465;-49,075451;"SPRF-GO";"DEL07-GO";"UOP01-DEL07-GO"
344060;2021-03-03;"quarta-feira";"18:30:00";"MG";354;754,3;"ITAMONTE";"Desrespeitar a preferência no cruzamento";"Colisão frontal";"Com Vítimas Feridas";"Plena Noite";"Crescente";"Céu Claro";"Simples";"Reta";"Sim";2;0;1;0;1;0;1;2;-22,28760568;-44,86871302;"SPRF-MG";"DEL17-MG";"UOP01-DEL17-MG"
344062;2021-03-03;"quarta-feira";"19:40:00";"PR";277;588;"CASCAVEL";"Desrespeitar a preferência no cruzamento";"Colisão frontal";"Com Vítimas Feridas";"Plena Noite";"Decrescente";"Céu Claro";"Simples";"Interseção de Vias";"Sim";2;0;0;1;1;0;1;2;-24,97369293;-53,43816604;"SPRF-PR";"DEL04-PR";"UOP01-DEL04-PR"
344067;2021-03-03;"quarta-feira";"20:00:00";"CE";304;43,9;"ARACATI";"Objeto estático sobre o leito carroçável";"Colisão com objeto";"Com Vítimas Feridas";"Plena Noite";"Crescente";"Céu Claro";"Simples";"Reta";"Não";3;0;1;0;2;0;1;1;-4,57911263;-37,82458001;"SPRF-CE";"DEL03-CE";"UOP03-DEL03-CE"
344068;2021-03-03;"quarta-feira";"20:00:00";"BA";116;394;"SANTA BARBARA";"Iluminação deficiente";"Colisão transversal";"Com Vítimas Feridas";"Plena Noite";"Crescente";"Céu Claro";"Dupla";"Reta";"Sim";2;0;1;1;0;0;2;2;-11,97439801;-38,97240143;"SPRF-BA";"DEL02-BA";"UOP01-DEL02-BA"
344070;2021-03-03;"quarta-feira";"18:45:00";"RJ";116;176;"NOVA IGUACU";"Estacionar ou parar em local proibido";"Colisão traseira";"Sem Vítimas";"Plena Noite";"Decrescente";"Céu Claro";"Dupla";"Reta";"Sim";5;0;0;0;5;0;0;2;-22,7839538;-43,38195488;"SPRF-RJ";"DEL01-RJ";"UOP02-DEL01-RJ"
344071;2021-03-03;"quarta-feira";"18:50:00";"RR";174;489;"BOA VISTA";"Reação tardia ou ineficiente do condutor";"Colisão traseira";"Com Vítimas Feridas";"Anoitecer";"Crescente";"Céu Claro";"Simples";"Reta";"Não";5;0;2;0;3;0;2;2;2,732332;-60,782288;"SPRF-RR";"DEL01-RR";"UOP01-DEL01-RR"
344074;2021-03-03;"quarta-feira";"20:10:00";"RS";153;7,1;"CACHOEIRA DO SUL";"Reação tardia ou ineficiente do condutor";"Colisão lateral mesmo sentido";"Com Vítimas Feridas";"Plena Noite";"Crescente";"Céu Claro";"Simples";"Reta";"Sim";4;0;1;0;2;1;1;3;-30,03964;-52,894356;"SPRF-RS";"DEL02-RS";"UOP03-DEL02-RS"
344077;2021-03-03;"quarta-feira";"21:00:00";"GO";153;435;"ANAPOLIS";"Ingestão de álcool pelo condutor";"Saída de leito carroçável";"Com Vítimas Feridas";"Plena Noite";"Crescente";"Chuva";"Dupla";"Reta";"Sim";1;0;1;0;0;0;1;1;-16,280523;-48,960049;"SPRF-GO";"DEL02-GO";"UOP01-DEL02-GO"
344078;2021-03-03;"quarta-feira";"19:15:00";"MG";381;483;"BETIM";"Objeto estático sobre o leito carroçável";"Colisão com objeto";"Com Vítimas Feridas";"Plena Noite";"Decrescente";"Céu Claro";"Dupla";"Reta";"Sim";2;0;0;2;0;0;2;1;-19,95594491;-44,10721699;"SPRF-MG";"DEL01-MG";"UOP03-DEL01-MG"
344079;2021-03-03;"quarta-feira";"21:20:00";"DF";70;17;"BRASILIA";"Avarias e/ou desgaste excessivo no pneu";"Queda de ocupante de veículo";"Com Vítimas Feridas";"Plena Noite";"Crescente";"Céu Claro";"Dupla";"Reta";"Não";2;0;2;0;0;0;2;1;-15,794133;-48,202095;"SPRF-DF";"DEL03-DF";"UOP02-DEL03-DF"
344080;2021-03-03;"quarta-feira";"20:15:00";"SC";101;331;"TUBARAO";"Reação tardia ou ineficiente do condutor";"Colisão com objeto";"Com Vítimas Feridas";"Plena Noite";"Crescente";"Nublado";"Dupla";"Reta";"Não";2;0;2;0;0;0;2;1;-28,45567521;-48,9812689;"SPRF-SC";"DEL02-SC";"UOP01-DEL02-SC"
344081;2021-03-03;"quarta-feira";"15:40:00";"SC";116;129,5;"SANTA CECILIA";"Demais falhas mecânicas ou elétricas";"Saída de leito carroçável";"Com Vítimas Feridas";"Pleno dia";"Crescente";"Chuva";"Simples";"Reta";"Não";2;0;1;0;1;0;1;1;-26,88296297;-50,43000606;"SPRF-SC";"DEL06-SC";"UOP02-DEL06-SC"
344083;2021-03-03;"quarta-feira";"15:40:00";"SC";280;280,2;"IRINEOPOLIS";"Velocidade Incompatível";"Saída de leito carroçável";"Com Vítimas Feridas";"Pleno dia";"Decrescente";"Céu Claro";"Simples";"Reta";"Não";1;0;1;0;0;0;1;1;-26,29669225;-50,82875994;"SPRF-SC";"DEL06-SC";"UOP04-DEL06-SC"
344084;2021-03-03;"quarta-feira";"14:51:00";"SP";488;1,5;"APARECIDA";"Entrada inopinada do pedestre";"Atropelamento de Pedestre";"Com Vítimas Feridas";"Anoitecer";"Crescente";"Nublado";"Dupla";"Curva";"Sim";2;0;2;0;0;0;2;2;-22,850164;-45,231808;"SPRF-SP";"DEL08-SP";"UOP01-DEL08-SP"
344086;2021-03-03;"quarta-feira";"21:50:00";"RJ";40;84;"PETROPOLIS";"Ingestão de álcool pelo condutor";"Capotamento";"Sem Vítimas";"Plena Noite";"Decrescente";"Céu Claro";"Simples";"Curva;Aclive";"Não";1;0;0;0;1;0;0;1;-22,55213233;-43,22920745;"SPRF-RJ";"DEL06-RJ";"UOP01-DEL06-RJ"