"id";"data_inversa";"dia_semana";"horario";"uf";"br";"km";"municipio";"causa_acidente";"tipo_acidente";"classificacao_acidente";"fase_dia";"sentido_via";"condicao_metereologica";"tipo_pista";"tracado_via";"uso_solo";"pessoas";"mortos";"feridos_leves";"feridos_graves";"ilesos";"ignorados";"feridos";"veiculos";"latitude";"longitude";"regional";"delegacia";"uop"
344232;2021-03-04;"quinta-feira";"16:50:00";"MT";158;567;"AGUA BOA";"Condutor Dormindo";"Colisão frontal";"Com Vítimas Feridas";"Pleno dia";"Decrescente";"Nublado";"Simples";"Reta";"Não";4;0;4;0;0;0;4;2;-14,02874999;-52,15679016;"SPRF-MT";"DEL07-MT";"UOP02-DEL07-MT"
344233;2021-03-04;"quinta-feira";"17:00:00";"AL";101;139;"SAO MIGUEL DOS CAMPOS";"Velocidade Incompatível";"Saída de leito carroçável";"Sem Vítimas";"Pleno dia";"Decrescente";"Céu Claro";"Simples";"Interseção de Vias;Rotatória";"Não";1;0;0;0;1;0;0;1;-9,81757382;-36,1216713;"SPRF-AL";"DEL02-AL";"UOP01-DEL02-AL"
344234;2021-03-04;"quinta-feira";"17:20:00";"PI";343;4,8;"TERESINA";"Condutor deixou de manter distância do veículo da frente";"Colisão traseira";"Com Vítimas Feridas";"Anoitecer";"Crescente";"Céu Claro";"Simples";"Ponte";"Sim";2;0;1;0;1;0;1;2;-5,089569;-42,802288;"SPRF-PI";"DEL01-PI";"UOP01-DEL01-PI"
344235;2021-03-04;"quinta-feira";"17:45:00";"PB";101;88;"JOAO PESSOA";"Reação tardia ou ineficiente do condutor";"Colisão traseira";"Com Vítimas Feridas";"Anoitecer";"Decrescente";"Garoa/Chuvisco";"Dupla";"Reta";"Sim";2;0;1;0;1;0;1;2;-7,16470016;-34,89993643;"SPRF-PB";"DEL01-PB";"UOP01-DEL01-PB"
344236;2021-03-04;"quinta-feira";"18:07:00";"RN";101;108;"PARNAMIRIM";"Pedestre cruzava a pista fora da faixa";"Atropelamento de Pedestre";"Com Vítimas Feridas";"Plena Noite";"Crescente";"Céu Claro";"Múltipla";"Reta";"Sim";2;0;0;1;1;0;1;2;-5,92825102;-35,26465683;"SPRF-RN";"DEL01-RN";"UOP01-DEL01-RN"
344237;2021-03-04;"quinta-feira";"17:30:00";"RS";116;35;"VACARIA";"Acessar a via sem observar a presença dos outros veículos";"Colisão transversal";"Sem Vítimas";"Pleno dia";"Crescente";"Chuva";"Simples";"Reta";"Não";2;0;0;0;2;0;0;2;-28,48584707;-50,90345093;"SPRF-RS";"DEL05-RS";"UOP03-DEL05-RS"
344238;2021-03-04;"quinta-feira";"18:00:00";"RS";116;266;"CANOAS";"Manobra de mudança de faixa";"Tombamento";"Com Vítimas Feridas";"Anoitecer";"Decrescente";"Chuva";"Dupla";"Reta";"Sim";1;0;1;0;0;0;1;1;-29,93242399;-51,17742077;"SPRF-RS";"DEL01-RS";"UOP01-DEL01-RS"
344240;2021-03-04;"quinta-feira";"18:10:00";"PR";369;155;"LONDRINA";"Trafegar com motocicleta (ou similar) entre as faixas";"Colisão lateral mesmo sentido";"Com Vítimas Feridas";"Pleno dia";"Decrescente";"Nublado";"Dupla";"Reta";"Sim";2;0;1;0;1;0;1;2;-23,294974;-51,210107;"SPRF-PR";"DEL07-PR";"UOP01-DEL07-PR"
344241;2021-03-04;"quinta-feira";"07:40:00";"PE";232;390;"SERRA TALHADA";"Acumulo de areia ou detritos sobre o pavimento";"Eventos atípicos";"Sem Vítimas";"Pleno dia";"Crescente";"Céu Claro";"Simples";"Reta";"Não";2;0;0;0;2;0;0;1;-8,03127188;-38,13857399;"SPRF-PE";"DEL04-PE";"UOP01-DEL04-PE"
344254;2021-03-04;"quinta-feira";"18:10:00";"ES";101;0,2;"SERRA";"Manobra de mudança de faixa";"Colisão lateral mesmo sentido";"Com Vítimas Feridas";"Plena Noite";"Decrescente";"Céu Claro";"Dupla";"Reta";"Sim";2;0;1;0;0;1;1;2;-20,23523639;-40,27632063;"SPRF-ES";"DEL02-ES";"UOP01-DEL02-ES"
344256;2021-03-04;"quinta-feira";"17:00:00";"PE";232;40,6;"VITORIA DE SANTO ANTAO";"Manobra de mudança de faixa";"Saída de leito carroçável";"Com Vítimas Feridas";"Pleno dia";"Crescente";"Céu Claro";"Dupla";"Reta";"Não";1;0;0;1;0;0;1;1;-8,1162429;-35,23508889;"SPRF-PE";"DEL02-PE";"UOP02-DEL02PE"
344258;2021-03-04;"quinta-feira";"18:20:00";"SP";116;221;"GUARULHOS";"Condutor deixou de manter distância do veículo da frente";"Colisão traseira";"Sem Vítimas";"Anoitecer";"Decrescente";"Nublado";"Múltipla";"Reta";"Sim";2;0;0;0;2;0;0;2;-23,46802395;-46,50704901;"SPRF-SP";"DEL01-SP";"UOP01-DEL01-SP"
344260;2021-03-04;"quinta-feira";"18:40:00";"SC";280;68,4;"JARAGUA DO SUL";"Desrespeitar a preferência no cruzamento";"Colisão transversal";"Com Vítimas Feridas";"Plena Noite";"Decrescente";"Céu Claro";"Simples";"Interseção de Vias";"Sim";4;0;2;0;2;0;2;2;-26,47277719;-49,11098612;"SPRF-SC";"DEL03-SC";"UOP03-DEL03-SC"
344261;2021-03-04;"quinta-feira";"18:50:00";"PE";232;409,6;"SERRA TALHADA";"Animais na Pista";"Tombamento";"Com Vítimas Feridas";"Plena Noite";"Crescente";"Céu Claro";"Simples";"Reta;Aclive";"Sim";2;0;1;1;0;0;2;1;-7,98178148;-38,29226732;"SPRF-PE";"DEL04-PE";"UOP01-DEL04-PE"
344264;2021-03-04;"quinta-feira";"18:10:00";"MS";60;394,7;"SIDROLANDIA";"Ultrapassagem Indevida";"Colisão frontal";"Com Vítimas Fatais";"Anoitecer";"Crescente";"Céu Claro";"Simples";"Reta";"Não";4;1;3;0;0;0;3;2;-20,75566905;-54,78573182;"SPRF-MS";"DEL01-MS";"UOP04-DEL01-MS"
344266;2021-03-04;"quinta-feira";"19:00:00";"RS";386;445;"CANOAS";"Acessar a via sem observar a presença dos outros veículos";"Colisão traseira";"Com Vítimas Feridas";"Plena Noite";"Crescente";"Chuva";"Dupla";"Reta";"Não";2;0;1;0;1;0;1;2;-29,892885;-51,192703;"SPRF-RS";"DEL01-RS";"UOP01-DEL01-RS"
344271;2021-03-04;"quinta-feira";"17:50:00";"RJ";40;104;"DUQUE DE CAXIAS";"Acessar a via sem observar a presença dos outros veículos";"Colisão lateral mesmo sentido";"Com Vítimas Feridas";"Anoitecer";"Decrescente";"Céu Claro";"Múltipla";"Curva";"Sim";2;0;0;1;1;0;1;2;-22,62897902;-43,28579508;"SPRF-RJ";"DEL01-RJ";"UOP01-DEL01-RJ"
344272;2021-03-04;"quinta-feira";"19:30:00";"BA";116;18,9;"VITORIA DA CONQUISTA";"Acessar a via sem observar a presença dos outros veículos";"Colisão transversal";"Com Vítimas Feridas";"Plena Noite";"Crescente";"Nublado";"Simples";"Reta";"Sim";2;0;1;0;1;0;1;2;-14,89652;-40,82721;"SPRF-BA";"DEL08-BA";"UOP01-DEL08-BA"
344274;2021-03-04;"quinta-feira";"18:40:00";"PI";230;174;"SAO JOAO DA VARJOTA";"Condutor Dormindo";"Tombamento";"Com Vítimas Feridas";"Plena Noite";"Crescente";"Céu Claro";"Simples";"Reta";"Não";1;0;1;0;0;0;1;1;-6,9414232;-41,93896897;"SPRF-PI";"DEL04-PI";"UOP01-DEL04-PI"
344277;2021-03-04;"quinta-feira";"18:15:00";"RO";319;63;"PORTO VELHO";"Condutor deixou de manter distância do veículo da frente";"Colisão lateral mesmo sentido";"Com Vítimas Feridas";"Anoitecer";"Decrescente";"Chuva";"Dupla";"Interseção de Vias;Reta";"Sim";4;0;1;0;3;0;1;2;-8,757743;-63,886135;"SPRF-RO";"DEL01-RO";"UOP01-DEL01-RO"
344281;2021-03-04;"quinta-feira";"20:00:00";"PB";230;88,2;"GURINHEM";"Ingestão de álcool pelo condutor";"Saída de leito carroçável";"Sem Vítimas";"Plena Noite";"Decrescente";"Céu Claro";"Dupla";"Reta";"Não";1;0;0;0;1;0;0;1;-7,16944647;-35,37643254;"SPRF-PB";"DEL01-PB";"UOP03-DEL01-PB"
344282;2021-03-04;"quinta-feira";"21:00:00";"RS";116;386,9;"CAMAQUA";"Estacionar ou parar em local proibido";"Colisão traseira";"Sem Vítimas";"Plena Noite";"Decrescente";"Garoa/Chuvisco";"Dupla";"Reta";"Não";3;0;0;0;3;0;0;2;-30,80844437;-51,68820064;"SPRF-RS";"DEL02-RS";"UOP02-DEL02-RS"
344284;2021-03-04;"quinta-feira";"21:35:00";"SE";235;6;"NOSSA SENHORA DO SOCORRO";"Restrição de visibilidade em curvas verticais";"Tombamento";"Com Vítimas Feridas";"Plena Noite";"Crescente";"Ignorado";"Dupla";"Viaduto";"Sim";1;0;1;0;0;0;1;1;-10,903851;-37,128677;"SPRF-SE";"DEL01-SE";"UOP01-DEL01-SE"
344286;2021-03-04;"quinta-feira";"21:35:00";"MG";262;803,3;"UBERABA";"Pista esburacada";"Tombamento";"Com Vítimas Feridas";"Plena Noite";"Decrescente";"Céu Claro";"Dupla";"Reta";"Sim";2;0;2;0;0;0;2;1;-19,775319;-47,918826;"SPRF-MG";"DEL13-MG";"UOP01-DEL13-MG"
344287;2021-03-04;"quinta-feira";"21:30:00";"PB";101;89;"JOAO PESSOA";"Desrespeitar a preferência no cruzamento";"Colisão traseira";"Sem Vítimas";"Plena Noite";"Crescente";"Nublado";"Dupla";"Reta";"Sim";2;0;0;0;2;0;0;2;-7,1710694;-34,89765372;"SPRF-PB";"DEL01-PB";"UOP02-DEL01-PB"
344292;2021-03-04;"quinta-feira";"21:20:00";"MG";116;280,6;"TEOFILO OTONI";"Iluminação deficiente";"Atropelamento de Pedestre";"Com Vítimas Feridas";"Plena Noite";"Decrescente";"Céu Claro";"Simples";"Reta";"Não";3;0;1;1;1;0;2;2;-17,88475805;-41,52257715;"SPRF-MG";"DEL11-MG";"UOP01-DEL11-MG"
344293;2021-03-04;"quinta-feira";"22:10:00";"SC";101;383;"ICARA";"Chuva";"Saída de leito carroçável";"Com Vítimas Feridas";"Plena Noite";"Crescente";"Garoa/Chuvisco";"Dupla";"Reta";"Não";1;0;1;0;0;0;1;1;-28,7644284;-49,29379981;"SPRF-SC";"DEL02-SC";"UOP02-DEL02-SC"
344295;2021-03-04;"quinta-feira";"22:40:00";"SC";470;49,5;"BLUMENAU";"Ingestão de álcool pelo condutor";"Colisão com objeto";"Com Vítimas Feridas";"Plena Noite";"Decrescente";"Nublado";"Dupla";"Curva";"Sim";1;0;1;0;0;0;1;1;-26,86010376;-49,07841957;"SPRF-SC";"DEL04-SC";"UOP01-DEL04-SC"
344296;2021-03-04;"quinta-feira";"22:27:00";"RJ";116;165;"RIO DE JANEIRO";"Ultrapassagem Indevida";"Atropelamento de Pedestre";"Com Vítimas Feridas";"Plena Noite";"Crescente";"Céu Claro";"Simples";"Reta";"Sim";3;0;1;1;0;1;2;2;-22,808421;-43,338175;"SPRF-RJ";"DEL01-RJ";"UOP01-DEL01-RJ"
344298;2021-03-04;"quinta-feira";"21:00:00";"MG";153;143;"PRATA";"Ausência de reação do condutor";"Saída de leito carroçável";"Sem Vítimas";"Plena Noite";"Crescente";"Chuva";"Simples";"Reta";"Não";1;0;0;0;1;0;0;1;-19,59131213;-48,83018771;"SPRF-MG";"DEL15-MG";"UOP03-DEL15-MG"
344299;2021-03-04;"quinta-feira";"21:35:00";"MS";60;374,9;"CAMPO GRANDE";"Reação tardia ou ineficiente do condutor";"Colisão traseira";"Com Vítimas Feridas";"Plena Noite";"Decrescente";"Nublado";"Simples";"Reta";"Não";3;0;2;0;1;0;2;2;-20,58330804;-54,71575096;"SPRF-MS";"DEL01-MS";"UOP04-DEL01-MS"
344300;2021-03-04;"quinta-feira";"23:15:00";"MG";40;621,3;"CONSELHEIRO LAFAIETE";"Velocidade Incompatível";"Colisão com objeto";"Com Vítimas Feridas";"Plena Noite";"Crescente";"Céu Claro";"Simples";"Curva;Aclive";"Sim";1;0;1;0;0;0;1;1;-20,59226249;-43,80435261;"SPRF-MG";"DEL05-MG";"UOP02-DEL05-MG"
344310;2021-03-05;"sexta-feira";"00:05:00";"SP";116;213;"GUARULHOS";"Pista Escorregadia";"Colisão com objeto";"Com Vítimas Feridas";"Plena Noite";"Decrescente";"Nublado";"Múltipla";"Reta";"Não";3;0;1;0;1;1;1;2;-23,4324306;-46,4194352;"SPRF-SP";"DEL01-SP";"UOP01-DEL01-SP"
344312;2021-03-04;"quinta-feira";"23:30:00";"MG";262;398,6;"PARA DE MINAS";"Velocidade Incompatível";"Colisão com objeto";"Com Vítimas Feridas";"Plena Noite";"Decrescente";"Nublado";"Dupla";"Reta";"Sim";2;0;1;0;1;0;1;1;-19,90299685;-44,524329;"SPRF-MG";"DEL01-MG";"UOP03-DEL01-MG"
344314;2021-03-04;"quinta-feira";"23:50:00";"RR";174;502;"BOA VISTA";"Ingestão de álcool pelo condutor";"Saída de leito carroçável";"Com Vítimas Feridas";"Plena Noite";"Crescente";"Céu Claro";"Dupla";"Reta";"Sim";2;0;2;0;0;0;2;1;2,80554172;-60,6905365;"SPRF-RR";"DEL01-RR";"UOP01-DEL01-RR"
344316;2021-03-05;"sexta-feira";"00:55:00";"PR";376;102,3;"PARANAVAI";"Acumulo de água sobre o pavimento";"Saída de leito carroçável";"Com Vítimas Feridas";"Plena Noite";"Crescente";"Chuva";"Dupla";"Curva";"Não";3;0;3;0;0;0;3;1;-23,04207745;-52,47288644;"SPRF-PR";"DEL09-PR";"UOP02-DEL09-PR"
344320;2021-03-05;"sexta-feira";"00:40:00";"PR";277;80;"SAO JOSE DOS PINHAIS";"Velocidade Incompatível";"Colisão com objeto";"Sem Vítimas";"Plena Noite";"Decrescente";"Céu Claro";"Dupla";"Reta";"Sim";2;0;0;0;2;0;0;2;-25,568939;-49,181978;"SPRF-PR";"DEL01-PR";"UOP01-DEL01-PR"
344321;2021-03-05;"sexta-feira";"00:30:00";"MS";163;463;"CAMPO GRANDE";"Demais falhas mecânicas ou elétricas";"Incêndio";"Sem Vítimas";"Plena Noite";"Crescente";"Nublado";"Simples";"Reta";"Não";1;0;0;0;1;0;0;1;-20,6128958509;-54,5761099873;"SPRF-MS";"DEL01-MS";"UOP01-DEL01-MS"
344323;2021-03-05;"sexta-feira";"01:21:00";"MG";262;121;"RIO CASCA";"Mal súbito do condutor";"Atropelamento de Animal";"Sem Vítimas";"Plena Noite";"Crescente";"Céu Claro";"Simples";"Reta";"Sim";1;0;0;0;1;0;0;1;-20,21312389;-42,65721909;"SPRF-MG";"DEL03-MG";"UOP03-DEL03-MG"
344324;2021-03-05;"sexta-feira";"02:30:00";"SC";101;148,7;"ITAPEMA";"Reação tardia ou ineficiente do condutor";"Tombamento";"Com Vítimas Feridas";"Plena Noite";"Decrescente";"Céu Claro";"Múltipla";"Reta";"Sim";1;0;1;0;0;0;1;1;-27,10123686;-48,61807962;"SPRF-SC";"DEL04-SC";"UOP03-DEL04-SC"
344326;2021-03-04;"quinta-feira";"23:00:00";"MT";163;31;"ITIQUIRA";"Ingestão de álcool pelo condutor";"Saída de leito carroçável";"Sem Vítimas";"Plena Noite";"Decrescente";"Nublado";"Dupla";"Reta";"Não";1;0;0;0;1;0;0;1;-17,24455303;-54,76123675;"SPRF-MT";"DEL02-MT";"UOP01-DEL02-MT"
344328;2021-03-05;"sexta-feira";"03:30:00";"ES";101;380;"ICONHA";"Velocidade Incompatível";"Saída de leito carroçável";"Com Vítimas Feridas";"Plena Noite";"Crescente";"Céu Claro";"Simples";"Curva";"Não";2;0;0;2;0;0;2;1;-20,80767317;-40,83488482;"SPRF-ES";"DEL03-ES";"UOP01-DEL03-ES"
344330;2021-03-05;"sexta-feira";"01:10:00";"RJ";493;105;"SEROPEDICA";"Iluminação deficiente";"Saída de leito carroçável";"Com Vítimas Feridas";"Plena Noite";"Crescente";"Céu Claro";"Dupla";"Reta";"Não";1;0;1;0;0;0;1;1;-22,80316488;-43,79133224;"SPRF-RJ";"DEL03-RJ";"UOP01-DEL03-RJ"
344332;2021-02-21;"domingo";"00:30:00";"PA";308;155;"CAPANEMA";"Ultrapassagem Indevida";"Colisão frontal";"Com Vítimas Feridas";"Plena Noite";"Decrescente";"Garoa/Chuvisco";"Simples";"Reta";"Não";3;0;2;1;0;0;3;2;-1,20989609;-47,14983403;"SPRF-PA";"DEL01-PA";"UOP03-DEL01-PA"
344333;2021-03-05;"sexta-feira";"05:45:00";"RS";101;67;"MAQUINE";"Reação tardia ou ineficiente do condutor";"Tombamento";"Com Vítimas Feridas";"Amanhecer";"Crescente";"Nublado";"Dupla";"Reta";"Não";2;0;2;0;0;0;2;1;-29,72504;-50,199377;"SPRF-RS";"DEL03-RS";"UOP02-DEL03-RS"
344335;2021-03-05;"sexta-feira";"06:05:00";"BA";324;604;"SIMOES FILHO";"Transitar na contramão";"Colisão frontal";"Com Vítimas Feridas";"Pleno dia";"Crescente";"Céu Claro";"Simples";"Reta";"Sim";2;0;1;0;1;0;1;2;-12,77978866;-38,41589628;"SPRF-BA";"DEL01-BA";"UOP01-DEL01-BA"
344336;2021-03-05;"sexta-feira";"05:40:00";"SP";381;78;"SAO PAULO";"Pedestre andava na pista";"Atropelamento de Pedestre";"Com Vítimas Feridas";"Amanhecer";"Decrescente";"Nublado";"Dupla";"Curva";"Sim";3;0;1;0;2;0;1;2;-23,39620774;-46,57355227;"SPRF-SP";"DEL03-SP";"UOP01-DEL03-SP"
344340;2021-03-05;"sexta-feira";"05:00:00";"PE";104;56;"CARUARU";"Condutor Dormindo";"Saída de leito carroçável";"Sem Vítimas";"Pleno dia";"Decrescente";"Céu Claro";"Dupla";"Reta";"Não";1;0;0;0;0;1;0;1;-8,20176335;-35,96747875;"SPRF-PE";"DEL02-PE";"UOP01-DEL02-PE"
344341;2021-03-04;"quinta-feira";"21:25:00";"MG";262;34,1;"MANHUACU";"Acessar a via sem observar a presença dos outros veículos";"Colisão transversal";"Com Vítimas Feridas";"Plena Noite";"Crescente";"Nublado";"Simples";"Rotatória";"Não";3;0;1;0;1;1;1;2;-20,25692664;-42,01099203;"SPRF-MG";"DEL06-MG";"UOP03-DEL06-MG"
344342;2021-03-05;"sexta-feira";"06:50:00";"RS";158;333,7;"SANTA MARIA";"Animais na Pista";"Atropelamento de Animal";"Com Vítimas Feridas";"Pleno dia";"Crescente";"Garoa/Chuvisco";"Simples";"Reta;Aclive";"Sim";1;0;1;0;0;0;1;1;-29,70846948;-53,86426102;"SPRF-RS";"DEL09-RS";"UOP01-DEL09-RS"
344343;2021-03-05;"sexta-feira";"07:10:00";"PE";101;68,5;"RECIFE";"Condutor deixou de manter distância do veículo da frente";"Colisão traseira";"Com Vítimas Feridas";"Pleno dia";"Decrescente";"Céu Claro";"Múltipla";"Reta";"Sim";2;0;0;1;0;1;1;2;-8,05074296;-34,94580619;"SPRF-PE";"DEL01-PE";"UOP01-DEL01-PE"
344344;2021-03-05;"sexta-feira";"07:30:00";"DF";20;13,5;"BRASILIA";"Afundamento ou ondulação no pavimento";"Saída de leito carroçável";"Com Vítimas Feridas";"Pleno dia";"Crescente";"Céu Claro";"Dupla";"Reta";"Não";2;0;1;0;1;0;1;1;-15,638752;-47,749599;"SPRF-DF";"DEL02-DF";"UOP01-DEL02-DF"
344347;2021-03-05;"sexta-feira";"07:30:00";"CE";116;305;"JAGUARIBE";"Acumulo de areia ou detritos sobre o pavimento";"Queda de ocupante de veículo";"Com Vítimas Feridas";"Pleno dia";"Crescente";"Céu Claro";"Simples";"Reta";"Sim";1;0;1;0;0;0;1;1;-5,878965;-38,614909;"SPRF-CE";"DEL05-CE";"UOP02-DEL05-CE"
344348;2021-03-05;"sexta-feira";"07:20:00";"SC";101;200;"SAO JOSE";"Condutor deixou de manter distância do veículo da frente";"Colisão traseira";"Com Vítimas Feridas";"Pleno dia";"Crescente";"Sol";"Múltipla";"Reta";"Sim";3;0;2;0;1;0;2;3;-27,54018513;-48,62287714;"SPRF-SC";"DEL01-SC";"UOP01-DEL01-SC"
344349;2021-03-04;"quinta-feira";"22:45:00";"RJ";101;503;"ANGRA DOS REIS";"Acessar a via sem observar a presença dos outros veículos";"Colisão transversal";"Com Vítimas Feridas";"Plena Noite";"Crescente";"Nublado";"Simples";"Reta";"Sim";2;0;1;0;1;0;1;2;-22,92894705;-44,37879998;"SPRF-RJ";"DEL03-RJ";"UOP02-DEL03-RJ"
344351;2021-03-05;"sexta-feira";"07:30:00";"RJ";40;81;"PETROPOLIS";"Mal súbito do condutor";"Saída de leito carroçável";"Com Vítimas Feridas";"Pleno dia";"Decrescente";"Céu Claro";"Simples";"Curva";"Não";1;0;1;0;0;0;1;1;-22,50560003;-43,23186384;"SPRF-RJ";"DEL06-RJ";"UOP01-DEL06-RJ"
344352;2021-03-05;"sexta-feira";"06:00:00";"SC";101;213,2;"PALHOCA";"Animais na Pista";"Tombamento";"Com Vítimas Feridas";"Amanhecer";"Decrescente";"Céu Claro";"Múltipla";"Reta";"Sim";2;0;2;0;0;0;2;2;-27,63697369;-48,66514142;"SPRF-SC";"DEL01-SC";"UOP02-DEL01-SC"
344353;2021-03-05;"sexta-feira";"08:00:00";"SE";235;49,2;"ITABAIANA";"Objeto estático sobre o leito carroçável";"Colisão com objeto";"Com Vítimas Feridas";"Pleno dia";"Decrescente";"Céu Claro";"Simples";"Reta";"Sim";1;0;1;0;0;0;1;1;-10,716222;-37,421669;"SPRF-SE";"DEL01-SE";"UOP02-DEL01-SE"
344354;2021-03-05;"sexta-feira";"07:00:00";"MG";116;411,5;"GOVERNADOR VALADARES";"Velocidade Incompatível";"Colisão transversal";"Com Vítimas Feridas";"Pleno dia";"Decrescente";"Céu Claro";"Múltipla";"Retorno Regulamentado;Reta";"Sim";3;0;2;0;1;0;2;2;-18,86244705;-41,97405237;"SPRF-MG";"DEL06-MG";"UOP01-DEL06-MG"
344356;2021-01-04;"segunda-feira";"08:55:00";"SC";101;134;"BALNEARIO CAMBORIU";"Trafegar com motocicleta (ou similar) entre as faixas";"Engavetamento";"Com Vítimas Feridas";"Pleno dia";"Decrescente";"Sol";"Dupla";"Reta";"Não";5;0;1;0;4;0;1;5;-27,00218;-48,636433;"SPRF-SC";"DEL04-SC";"UOP03-DEL04-SC"
344358;2021-03-05;"sexta-feira";"06:20:00";"MT";70;38,1;"BARRA DO GARCAS";"Ausência de reação do condutor";"Saída de leito carroçável";"Com Vítimas Fatais";"Amanhecer";"Decrescente";"Céu Claro";"Simples";"Curva";"Não";1;1;0;0;0;0;0;1;-15,77690062;-52,54596213;"SPRF-MT";"DEL07-MT";"UOP01-DEL07-MT"
344359;2021-02-07;"domingo";"19:45:00";"TO";153;667,1;"GURUPI";"Manobra de mudança de faixa";"Colisão frontal";"Com Vítimas Fatais";"Plena Noite";"Decrescente";"Nublado";"Simples";"Declive";"Sim";2;1;0;1;0;0;1;2;-11,68331612;-49,06799163;"SPRF-TO";"DEL01-TO";"UOP02-DEL01-TO"
344360;2021-01-09;"sábado";"09:45:00";"TO";153;503;"PARAISO DO TOCANTINS";"Ultrapassagem Indevida";"Colisão lateral mesmo sentido";"Com Vítimas Feridas";"Pleno dia";"Decrescente";"Céu Claro";"Simples";"Reta";"Não";2;0;0;1;1;0;1;2;-10,22749198;-48,87609117;"SPRF-TO";"DEL01-TO";"UOP01-DEL01-TO"
344361;2021-03-05;"sexta-feira";"07:40:00";"RO";364;710;"PORTO VELHO";"Condutor deixou de manter distância do veículo da frente";"Colisão lateral mesmo sentido";"Com Vítimas Feridas";"Pleno dia";"Crescente";"Céu Claro";"Simples";"Reta";"Sim";2;0;1;0;1;0;1;2;-8,78621576;-63,85712687;"SPRF-RO";"DEL01-RO";"UOP01-DEL01-RO"
344362;2021-02-21;"domingo";"18:20:00";"GO";153;626;"MORRINHOS";"Demais falhas mecânicas ou elétricas";"Tombamento";"Com Vítimas Feridas";"Anoitecer";"Crescente";"Garoa/Chuvisco";"Dupla";"Aclive;Reta";"Não";2;0;2;0;0;0;2;1;-17,75180828;-49,16181743;"SPRF-GO";"DEL03-GO";"UOP01-DEL03-GO"
344363;2021-03-05;"sexta-feira";"09:00:00";"RS";392;73,9;"PELOTAS";"Acessar a via sem observar a presença dos outros veículos";"Colisão transversal";"Com Vítimas Feridas";"Pleno dia";"Decrescente";"Céu Claro";"Simples";"Reta";"Não";2;0;1;0;1;0;1;2;-31,71342679;-52,39537975;"SPRF-RS";"DEL07-RS";"UOP01-DEL07-RS"
344369;2021-03-05;"sexta-feira";"09:30:00";"MG";381;720,2;"CARMO DA CACHOEIRA";"Ausência de reação do condutor";"Saída de leito carroçável";"Com Vítimas Feridas";"Pleno dia";"Decrescente";"Céu Claro";"Dupla";"Declive;Reta";"Não";2;0;2;0;0;0;2;1;-21,46061202;-45,20743901;"SPRF-MG";"DEL04-MG";"UOP02-DEL04-MG"
344370;2021-03-05;"sexta-feira";"07:00:00";"SC";280;8,8;"SAO FRANCISCO DO SUL";"Reação tardia ou ineficiente do condutor";"Colisão transversal";"Com Vítimas Feridas";"Pleno dia";"Decrescente";"Nublado";"Simples";"Reta";"Sim";2;0;1;0;1;0;1;2;-26,28509925;-48,64629149;"SPRF-SC";"DEL03-SC";"UOP03-DEL03-SC"
344372;2021-02-13;"sábado";"10:15:00";"TO";230;30;"NAZARE";"Ausência de reação do condutor";"Colisão lateral mesmo sentido";"Com Vítimas Feridas";"Pleno dia";"Decrescente";"Nublado";"Simples";"Reta";"Não";6;0;5;1;0;0;6;2;-6,41014365;-47,61889889;"SPRF-TO";"DEL02-TO";"UOP03-DEL02-TO"
344373;2021-01-16;"sábado";"17:25:00";"PE";101;87;"JABOATAO DOS GUARARAPES";"Acessar a via sem observar a presença dos outros veículos";"Colisão lateral";"Com Vítimas Feridas";"Anoitecer";"Decrescente";"Céu Claro";"Simples";"Reta";"Não";2;0;0;1;1;0;1;2;-8,19416;-34,9571228;"SPRF-PE";"DEL01-PE";"UOP03-DEL01-PE"
344376;2021-03-05;"sexta-feira";"09:40:00";"PE";101;88;"CABO DE SANTO AGOSTINHO";"Avarias e/ou desgaste excessivo no pneu";"Queda de ocupante de veículo";"Com Vítimas Feridas";"Pleno dia";"Decrescente";"Céu Claro";"Dupla";"Reta";"Sim";2;0;2;0;0;0;2;1;-8,19971387;-34,9785382;"SPRF-PE";"DEL01-PE";"UOP03-DEL01-PE"
344377;2021-03-05;"sexta-feira";"09:45:00";"RJ";40;104;"DUQUE DE CAXIAS";"Condutor deixou de manter distância do veículo da frente";"Colisão lateral mesmo sentido";"Com Vítimas Feridas";"Pleno dia";"Crescente";"Sol";"Dupla";"Reta";"Sim";2;0;1;0;1;0;1;2;-22,62897902;-43,28579508;"SPRF-RJ";"DEL01-RJ";"UOP01-DEL01-RJ"
344378;2021-03-05;"sexta-feira";"08:00:00";"RJ";40;108;"DUQUE DE CAXIAS";"Mal súbito do condutor";"Colisão frontal";"Com Vítimas Fatais";"Pleno dia";"Crescente";"Céu Claro";"Múltipla";"Reta";"Sim";2;1;0;0;1;0;0;2;-22,66836298;-43,28546762;"SPRF-RJ";"DEL01-RJ";"UOP01-DEL01-RJ"
344380;2021-02-06;"sábado";"00:05:00";"SC";101;380,9;"ICARA";"Condutor deixou de manter distância do veículo da frente";"Colisão traseira";"Com Vítimas Feridas";"Plena Noite";"Crescente";"Céu Claro";"Simples";"Interseção de Vias";"Não";2;0;1;0;1;0;1;2;-28,75047313;-49,26872594;"SPRF-SC";"DEL02-SC";"UOP02-DEL02-SC"