"id";"data_inversa";"dia_semana";"horario";"uf";"br";"km";"municipio";"causa_acidente";"tipo_acidente";"classificacao_acidente";"fase_dia";"sentido_via";"condicao_metereologica";"tipo_pista";"tracado_via";"uso_solo";"pessoas";"mortos";"feridos_leves";"feridos_graves";"ilesos";"ignorados";"feridos";"veiculos";"latitude";"longitude";"regional";"delegacia";"uop"
344383;2021-03-05;"sexta-feira";"10:00:00";"PR";476;114;"COLOMBO";"Ausência de reação do condutor";"Colisão lateral sentido oposto";"Com Vítimas Feridas";"Pleno dia";"Crescente";"Nublado";"Simples";"Curva";"Sim";3;0;2;0;1;0;2;2;-25,335966;-49,158184;"SPRF-PR";"DEL01-PR";"UOP02-DEL01-PR"
344384;2021-03-05;"sexta-feira";"10:20:00";"MG";381;913;"CAMANDUCAIA";"Chuva";"Colisão com objeto";"Com Vítimas Feridas";"Pleno dia";"Decrescente";"Chuva";"Dupla";"Declive;Curva";"Não";1;0;1;0;0;0;1;1;-22,75390001;-46,146503;"SPRF-MG";"DEL16-MG";"UOP03-DEL16-MG"
344394;2021-03-05;"sexta-feira";"12:35:00";"RS";386;354,5;"ESTRELA";"Condutor Dormindo";"Saída de leito carroçável";"Com Vítimas Feridas";"Pleno dia";"Decrescente";"Nublado";"Dupla";"Reta";"Não";2;0;1;0;1;0;1;1;-29,50798913;-51,94213629;"SPRF-RS";"DEL04-RS";"UOP02-DEL04-RS"
344398;2021-03-05;"sexta-feira";"11:45:00";"MT";163;653;"LUCAS DO RIO VERDE";"Ausência de reação do condutor";"Saída de leito carroçável";"Com Vítimas Feridas";"Pleno dia";"Crescente";"Nublado";"Simples";"Reta";"Não";1;0;1;0;0;0;1;1;-13,16720502;-55,97873211;"SPRF-MT";"DEL06-MT";"UOP01-DEL06-MT"
344399;2021-03-05;"sexta-feira";"11:00:00";"RN";304;48;"MOSSORO";"Acessar a via sem observar a presença dos outros veículos";"Colisão lateral mesmo sentido";"Com Vítimas Feridas";"Pleno dia";"Decrescente";"Céu Claro";"Dupla";"Reta";"Sim";2;0;1;0;1;0;1;2;-5,22868577;-37,32203081;"SPRF-RN";"DEL04-RN";"UOP01-DEL04-RN"
344401;2021-03-05;"sexta-feira";"11:38:00";"PI";135;175;"MANOEL EMIDIO";"Manobra de mudança de faixa";"Colisão lateral mesmo sentido";"Com Vítimas Fatais";"Pleno dia";"Decrescente";"Céu Claro";"Dupla";"Reta";"Sim";2;1;0;0;1;0;0;2;-7,98954006;-43,86771187;"SPRF-PI";"DEL03-PI";"UOP01-DEL03-PI"
344402;2021-03-05;"sexta-feira";"11:50:00";"RJ";101;435;"MANGARATIBA";"Retorno proibido";"Colisão transversal";"Com Vítimas Feridas";"Pleno dia";"Decrescente";"Céu Claro";"Simples";"Curva";"Não";4;0;2;0;2;0;2;2;-22,93945885;-44,0529249;"SPRF-RJ";"DEL03-RJ";"UOP03-DEL03-RJ"
344405;2021-03-05;"sexta-feira";"12:00:00";"MT";163;564;"NOVA MUTUM";"Ultrapassagem Indevida";"Capotamento";"Com Vítimas Feridas";"Pleno dia";"Crescente";"Garoa/Chuvisco";"Simples";"Curva";"Não";1;0;1;0;0;0;1;1;-13,84074679;-56,0824585;"SPRF-MT";"DEL01-MT";"UOP01-DEL01-MT"
344408;2021-03-05;"sexta-feira";"13:00:00";"SC";282;622,2;"IRACEMINHA";"Ausência de reação do condutor";"Saída de leito carroçável";"Com Vítimas Feridas";"Pleno dia";"Decrescente";"Céu Claro";"Simples";"Curva";"Não";1;0;0;1;0;0;1;1;-26,797441;-53,323349;"SPRF-SC";"DEL07-SC";"UOP02-DEL07-SC"
344411;2021-03-05;"sexta-feira";"14:00:00";"DF";70;19;"BRASILIA";"Velocidade Incompatível";"Colisão lateral mesmo sentido";"Com Vítimas Feridas";"Pleno dia";"Crescente";"Céu Claro";"Dupla";"Reta";"Sim";2;0;2;0;0;0;2;2;-15,788868;-48,220242;"SPRF-DF";"DEL03-DF";"UOP02-DEL03-DF"
344414;2021-03-05;"sexta-feira";"13:40:00";"SC";470;146,3;"RIO DO SUL";"Condutor deixou de manter distância do veículo da frente";"Colisão traseira";"Com Vítimas Feridas";"Pleno dia";"Decrescente";"Céu Claro";"Simples";"Retorno Regulamentado";"Não";3;0;1;0;2;0;1;2;-27,240673;-49,685822;"SPRF-SC";"DEL04-SC";"UOP02-DEL04-SC"
344415;2021-03-05;"sexta-feira";"14:15:00";"PE";232;94,9;"SAIRE";"Condutor Dormindo";"Capotamento";"Com Vítimas Feridas";"Pleno dia";"Crescente";"Sol";"Dupla";"Curva";"Não";3;0;0;2;1;0;2;1;-8,22473335;-35,69081624;"SPRF-PE";"DEL02-PE";"UOP02-DEL02PE"
344416;2021-03-05;"sexta-feira";"14:40:00";"MG";40;506;"RIBEIRAO DAS NEVES";"Condutor deixou de manter distância do veículo da frente";"Colisão traseira";"Com Vítimas Feridas";"Pleno dia";"Decrescente";"Céu Claro";"Dupla";"Reta";"Não";3;0;1;0;2;0;1;3;-19,74716686;-44,14731173;"SPRF-MG";"DEL02-MG";"UOP01-DEL02-MG"
344417;2021-02-15;"segunda-feira";"03:40:00";"SC";282;65,9;"RANCHO QUEIMADO";"Velocidade Incompatível";"Colisão frontal";"Com Vítimas Fatais";"Plena Noite";"Crescente";"Garoa/Chuvisco";"Simples";"Reta";"Não";2;1;0;0;1;0;0;2;-27,69817714;-49,06339645;"SPRF-SC";"DEL01-SC";"UOP03-DEL01-SC"
344419;2021-03-05;"sexta-feira";"14:50:00";"MG";267;286,9;"BAEPENDI";"Velocidade Incompatível";"Saída de leito carroçável";"Com Vítimas Feridas";"Pleno dia";"Crescente";"Nublado";"Simples";"Curva";"Não";1;0;1;0;0;0;1;1;-21,92460612;-44,77877599;"SPRF-MG";"DEL17-MG";"UOP01-DEL17-MG"
344421;2021-02-03;"quarta-feira";"19:00:00";"RO";319;62;"PORTO VELHO";"Falta de acostamento";"Colisão traseira";"Com Vítimas Feridas";"Plena Noite";"Crescente";"Céu Claro";"Dupla";"Reta";"Não";2;0;0;1;0;1;1;2;-8,75028324;-63,88794607;"SPRF-RO";"DEL01-RO";"UOP01-DEL01-RO"
344422;2021-03-05;"sexta-feira";"14:55:00";"PE";232;179,7;"BELO JARDIM";"Ausência de reação do condutor";"Colisão traseira";"Com Vítimas Feridas";"Pleno dia";"Decrescente";"Céu Claro";"Simples";"Reta";"Sim";2;0;1;0;1;0;1;2;-8,34353242;-36,4199731;"SPRF-PE";"DEL02-PE";"UOP03-DEL02-PE"
344425;2021-03-05;"sexta-feira";"15:50:00";"CE";222;312;"TIANGUA";"Acessar a via sem observar a presença dos outros veículos";"Colisão transversal";"Com Vítimas Feridas";"Pleno dia";"Decrescente";"Chuva";"Simples";"Interseção de Vias";"Sim";2;0;2;0;0;0;2;2;-3,71699311;-40,9914242;"SPRF-CE";"DEL04-CE";"UOP02-DEL04-CE"
344426;2021-03-05;"sexta-feira";"15:55:00";"SP";116;286,2;"ITAPECERICA DA SERRA";"Mal súbito do condutor";"Colisão traseira";"Com Vítimas Feridas";"Pleno dia";"Crescente";"Céu Claro";"Dupla";"Reta";"Sim";2;0;1;0;1;0;1;2;-23,70925128;-46,87588966;"SPRF-SP";"DEL04-SP";"UOP01-DEL04-SP"
344429;2021-03-05;"sexta-feira";"15:50:00";"PA";222;245;"MARABA";"Ultrapassagem Indevida";"Colisão lateral mesmo sentido";"Com Vítimas Feridas";"Pleno dia";"Crescente";"Sol";"Simples";"Reta";"Sim";2;0;1;0;1;0;1;2;-5,355886;-49,079418;"SPRF-PA";"DEL03-PA";"UOP01-DEL03-PA"
344430;2021-03-05;"sexta-feira";"16:00:00";"PR";116;39;"CAMPINA GRANDE DO SUL";"Chuva";"Saída de leito carroçável";"Sem Vítimas";"Pleno dia";"Crescente";"Chuva";"Dupla";"Curva";"Não";1;0;0;0;1;0;0;1;-25,16072769;-48,86223078;"SPRF-PR";"DEL01-PR";"UOP02-DEL01-PR"
344433;2021-03-05;"sexta-feira";"16:30:00";"MG";262;437,2;"NOVA SERRANA";"Acessar a via sem observar a presença dos outros veículos";"Colisão transversal";"Com Vítimas Feridas";"Pleno dia";"Crescente";"Céu Claro";"Dupla";"Reta";"Não";3;0;2;1;0;0;3;2;-19,89622194;-44,86972815;"SPRF-MG";"DEL08-MG";"UOP03-DEL08-MG"
344435;2021-03-05;"sexta-feira";"16:41:00";"MG";262;812;"UBERABA";"Avarias e/ou desgaste excessivo no pneu";"Queda de ocupante de veículo";"Com Vítimas Feridas";"Pleno dia";"Decrescente";"Nublado";"Dupla";"Reta";"Sim";2;0;1;0;1;0;1;1;-19,76553214;-48,11855299;"SPRF-MG";"DEL13-MG";"UOP01-DEL13-MG"
344437;2021-03-05;"sexta-feira";"17:00:00";"SC";101;206,9;"SAO JOSE";"Trafegar com motocicleta (ou similar) entre as faixas";"Colisão traseira";"Com Vítimas Feridas";"Pleno dia";"Crescente";"Chuva";"Múltipla";"Reta";"Não";2;0;2;0;0;0;2;2;-27,60001226;-48,6226467;"SPRF-SC";"DEL01-SC";"UOP01-DEL01-SC"
344438;2021-03-05;"sexta-feira";"16:00:00";"PE";101;44;"IGARASSU";"Ingestão de álcool pelo condutor";"Colisão transversal";"Com Vítimas Feridas";"Pleno dia";"Decrescente";"Céu Claro";"Múltipla";"Declive";"Sim";2;0;1;0;1;0;1;2;-7,85637001;-34,90842109;"SPRF-PE";"DEL01-PE";"UOP02-DEL01-PE"
344439;2021-03-05;"sexta-feira";"16:45:00";"RN";304;296;"MACAIBA";"Reação tardia ou ineficiente do condutor";"Colisão transversal";"Sem Vítimas";"Pleno dia";"Decrescente";"Céu Claro";"Dupla";"Curva";"Sim";2;0;0;0;2;0;0;2;-5,86484905;-35,34931012;"SPRF-RN";"DEL01-RN";"UOP02-DEL01-RN"
344440;2021-03-05;"sexta-feira";"17:10:00";"SC";282;56,2;"RANCHO QUEIMADO";"Velocidade Incompatível";"Colisão frontal";"Com Vítimas Feridas";"Pleno dia";"Decrescente";"Chuva";"Simples";"Curva";"Não";6;0;4;0;2;0;4;3;-27,691633;-48,991375;"SPRF-SC";"DEL01-SC";"UOP03-DEL01-SC"
344441;2021-03-05;"sexta-feira";"16:25:00";"RJ";101;321;"NITEROI";"Obstrução na via";"Engavetamento";"Com Vítimas Feridas";"Pleno dia";"Crescente";"Céu Claro";"Dupla";"Reta";"Sim";7;0;2;0;5;0;2;3;-22,86981096;-43,11046465;"SPRF-RJ";"DEL02-RJ";"UOP02-DEL02-RJ"
344443;2021-03-05;"sexta-feira";"15:25:00";"AC";364;124;"RIO BRANCO";"Acessar a via sem observar a presença dos outros veículos";"Colisão transversal";"Com Vítimas Feridas";"Pleno dia";"Crescente";"Céu Claro";"Dupla";"Retorno Regulamentado";"Não";2;0;0;1;1;0;1;2;-10,01152469;-67,79140099;"SPRF-AC";"DEL01-AC";"UOP01-DEL01-AC"
344444;2021-03-05;"sexta-feira";"11:00:00";"AM";174;1001;"PRESIDENTE FIGUEIREDO";"Acumulo de água sobre o pavimento";"Colisão frontal";"Com Vítimas Feridas";"Pleno dia";"Crescente";"Chuva";"Simples";"Reta";"Não";3;0;3;0;0;0;3;2;-1,95994527;-60,03606454;"SPRF-AM";"DEL01-AM";"UOP02-DEL01-AM"
344445;2021-03-05;"sexta-feira";"16:40:00";"RJ";116;302;"RESENDE";"Obras na pista";"Engavetamento";"Com Vítimas Feridas";"Pleno dia";"Crescente";"Chuva";"Dupla";"Reta";"Sim";8;0;1;0;7;0;1;7;-22,45364576;-44,37040802;"SPRF-RJ";"DEL07-RJ";"UOP02-DEL07-RJ"
344446;2021-03-05;"sexta-feira";"14:50:00";"RO";364;346;"JI-PARANA";"Retorno proibido";"Colisão traseira";"Com Vítimas Feridas";"Pleno dia";"Crescente";"Nublado";"Dupla";"Reta";"Sim";2;0;1;0;1;0;1;2;-10,865874;-61,968647;"SPRF-RO";"DEL02-RO";"UOP01-DEL02-RO"
344449;2021-03-05;"sexta-feira";"17:45:00";"MG";381;501;"BETIM";"Velocidade Incompatível";"Colisão traseira";"Com Vítimas Feridas";"Pleno dia";"Crescente";"Céu Claro";"Dupla";"Reta";"Sim";2;0;1;0;1;0;1;2;-20,03146447;-44,2377893;"SPRF-MG";"DEL01-MG";"UOP03-DEL01-MG"
344454;2021-03-05;"sexta-feira";"17:00:00";"ES";262;164;"IBATIBA";"Avarias e/ou desgaste excessivo no pneu";"Tombamento";"Com Vítimas Feridas";"Pleno dia";"Crescente";"Céu Claro";"Simples";"Curva";"Não";2;0;2;0;0;0;2;1;-20,24268196;-41,54659319;"SPRF-ES";"DEL01-ES";"UOP02-DEL01-ES"
344455;2021-03-05;"sexta-feira";"16:45:00";"MG";381;920;"CAMANDUCAIA";"Velocidade Incompatível";"Colisão com objeto";"Com Vítimas Feridas";"Pleno dia";"Crescente";"Chuva";"Dupla";"Curva";"Não";1;0;1;0;0;0;1;1;-22,7704869;-46,20021296;"SPRF-MG";"DEL16-MG";"UOP03-DEL16-MG"
344456;2021-03-05;"sexta-feira";"17:17:00";"MG";267;67;"BICAS";"Acesso irregular";"Colisão lateral mesmo sentido";"Com Vítimas Feridas";"Anoitecer";"Crescente";"Céu Claro";"Simples";"Reta";"Sim";2;0;1;0;1;0;1;2;-21,74168329;-43,10661899;"SPRF-MG";"DEL05-MG";"UOP01-DEL05-MG"
344457;2021-03-05;"sexta-feira";"17:05:00";"MG";40;824,7;"SIMAO PEREIRA";"Velocidade Incompatível";"Saída de leito carroçável";"Com Vítimas Feridas";"Pleno dia";"Decrescente";"Nublado";"Dupla";"Curva";"Não";1;0;1;0;0;0;1;1;-21,96689732;-43,29126511;"SPRF-MG";"DEL05-MG";"UOP01-DEL05-MG"
344459;2021-03-05;"sexta-feira";"18:10:00";"RN";110;46,9;"MOSSORO";"Condutor deixou de manter distância do veículo da frente";"Colisão traseira";"Sem Vítimas";"Plena Noite";"Decrescente";"Ignorado";"Simples";"Reta";"Sim";2;0;0;0;1;1;0;2;-5,19797675;-37,31839819;"SPRF-RN";"DEL04-RN";"UOP01-DEL04-RN"
344460;2021-03-05;"sexta-feira";"18:30:00";"SC";470;174,1;"POUSO REDONDO";"Desrespeitar a preferência no cruzamento";"Colisão transversal";"Com Vítimas Feridas";"Pleno dia";"Crescente";"Céu Claro";"Simples";"Reta";"Sim";2;0;1;0;1;0;1;2;-27,258179;-49,929146;"SPRF-SC";"DEL04-SC";"UOP02-DEL04-SC"
344461;2021-03-05;"sexta-feira";"18:25:00";"RN";427;3,5;"CURRAIS NOVOS";"Animais na Pista";"Atropelamento de Animal";"Sem Vítimas";"Plena Noite";"Decrescente";"Céu Claro";"Simples";"Aclive";"Não";1;0;0;0;0;1;0;1;-6,29127902;-36,52389093;"SPRF-RN";"DEL03-RN";"UOP02-DEL03-RN"
344462;2021-03-05;"sexta-feira";"18:50:00";"RS";290;5,1;"OSORIO";"Chuva";"Colisão frontal";"Com Vítimas Feridas";"Anoitecer";"Decrescente";"Chuva";"Dupla";"Reta";"Não";4;0;2;1;1;0;3;2;-29,897158;-50,323845;"SPRF-RS";"DEL03-RS";"UOP01-DEL03-RS"
344465;2021-03-05;"sexta-feira";"17:40:00";"SC";470;3;"NAVEGANTES";"Condutor deixou de manter distância do veículo da frente";"Colisão traseira";"Com Vítimas Feridas";"Anoitecer";"Crescente";"Nublado";"Dupla";"Reta";"Não";2;0;1;0;1;0;1;2;-26,861937;-48,681618;"SPRF-SC";"DEL04-SC";"UOP04-DEL04-SC"
344467;2021-03-05;"sexta-feira";"18:40:00";"PI";343;42,6;"BURITI DOS LOPES";"Ausência de reação do condutor";"Atropelamento de Pedestre";"Com Vítimas Fatais";"Anoitecer";"Decrescente";"Céu Claro";"Simples";"Ponte";"Não";2;1;0;0;0;1;0;2;-3,16296;-41,824819;"SPRF-PI";"DEL05-PI";"UOP01-DEL05-PI"
344470;2021-03-05;"sexta-feira";"19:00:00";"PR";369;137;"IBIPORA";"Retorno proibido";"Colisão transversal";"Com Vítimas Feridas";"Plena Noite";"Crescente";"Nublado";"Simples";"Reta";"Sim";2;0;1;1;0;0;2;2;-23,271955;-51,041059;"SPRF-PR";"DEL07-PR";"UOP01-DEL07-PR"
344474;2021-03-05;"sexta-feira";"19:40:00";"ES";101;266;"SERRA";"Pedestre andava na pista";"Atropelamento de Pedestre";"Com Vítimas Feridas";"Plena Noite";"Crescente";"Nublado";"Simples";"Reta";"Não";2;0;0;1;1;0;1;2;-20,190199;-40,26828891;"SPRF-ES";"DEL02-ES";"UOP01-DEL02-ES"
344476;2021-03-05;"sexta-feira";"19:00:00";"PE";408;23;"TIMBAUBA";"Trafegar com motocicleta (ou similar) entre as faixas";"Colisão frontal";"Com Vítimas Feridas";"Plena Noite";"Crescente";"Nublado";"Simples";"Declive;Reta";"Não";3;0;1;1;1;0;2;2;-7,534758;-35,288164;"SPRF-PE";"DEL01-PE";"UOP01-DEL01-PE"
344477;2021-03-05;"sexta-feira";"19:35:00";"PR";277;1,4;"FOZ DO IGUACU";"Velocidade Incompatível";"Queda de ocupante de veículo";"Com Vítimas Feridas";"Plena Noite";"Crescente";"Céu Claro";"Dupla";"Reta";"Sim";2;0;0;1;0;1;1;2;-25,5469;-54,5882;"SPRF-PR";"DEL05-PR";"UOP03-DEL05-PR"
344478;2021-03-05;"sexta-feira";"19:50:00";"RS";285;120,4;"VACARIA";"Desrespeitar a preferência no cruzamento";"Colisão transversal";"Com Vítimas Feridas";"Plena Noite";"Crescente";"Nublado";"Simples";"Interseção de Vias";"Sim";2;0;0;1;1;0;1;2;-28,506767;-50,926594;"SPRF-RS";"DEL05-RS";"UOP03-DEL05-RS"
344480;2021-03-05;"sexta-feira";"19:50:00";"SC";282;16;"PALHOCA";"Ingestão de álcool pelo condutor";"Colisão frontal";"Com Vítimas Feridas";"Plena Noite";"Crescente";"Céu Claro";"Simples";"Reta";"Não";2;0;1;0;1;0;1;2;-27,658611;-48,681847;"SPRF-SC";"DEL01-SC";"UOP02-DEL01-SC"
344481;2021-03-05;"sexta-feira";"20:20:00";"ES";101;144,6;"LINHARES";"Pedestre cruzava a pista fora da faixa";"Atropelamento de Pedestre";"Com Vítimas Feridas";"Plena Noite";"Crescente";"Céu Claro";"Dupla";"Reta";"Sim";2;0;1;0;1;0;1;2;-19,35188295;-40,0636685;"SPRF-ES";"DEL04-ES";"UOP01-DEL04-ES"
344485;2021-03-05;"sexta-feira";"19:50:00";"SC";470;140,3;"RIO DO SUL";"Velocidade Incompatível";"Colisão traseira";"Com Vítimas Feridas";"Plena Noite";"Decrescente";"Céu Claro";"Simples";"Reta";"Sim";4;0;1;0;3;0;1;3;-27,222485;-49,662827;"SPRF-SC";"DEL04-SC";"UOP02-DEL04-SC"
344486;2021-03-05;"sexta-feira";"19:35:00";"MT";163;852,9;"SINOP";"Pedestre andava na pista";"Atropelamento de Pedestre";"Com Vítimas Feridas";"Plena Noite";"Crescente";"Nublado";"Simples";"Reta";"Sim";2;0;2;0;0;0;2;2;-11,704;-55,454;"SPRF-MT";"DEL06-MT";"NPF/DEL06-MT"
344487;2021-03-05;"sexta-feira";"16:15:00";"MG";262;603;"CAMPOS ALTOS";"Condutor Dormindo";"Saída de leito carroçável";"Com Vítimas Feridas";"Pleno dia";"Decrescente";"Nublado";"Simples";"Reta";"Não";1;0;1;0;0;0;1;1;-19,6468942;-46,24077508;"SPRF-MG";"DEL08-MG";"UOP02-DEL08-MG"
344489;2021-03-05;"sexta-feira";"20:21:00";"TO";153;361;"FORTALEZA DO TABOCAO";"Deficiência do Sistema de Iluminação/Sinalização";"Colisão traseira";"Com Vítimas Feridas";"Plena Noite";"Decrescente";"Nublado";"Simples";"Reta";"Não";3;0;0;2;1;0;2;2;-9,07314401;-48,52213697;"SPRF-TO";"DEL02-TO";"UOP01-DEL02-TO"
344491;2021-03-05;"sexta-feira";"20:40:00";"PE";424;3;"ARCOVERDE";"Animais na Pista";"Atropelamento de Animal";"Com Vítimas Feridas";"Plena Noite";"Decrescente";"Céu Claro";"Simples";"Curva";"Não";1;0;1;0;0;0;1;1;-8,45381694;-37,0485949;"SPRF-PE";"DEL03-PE";"UOP02-DEL03-PE"
344497;2021-03-05;"sexta-feira";"20:50:00";"ES";101;239;"FUNDAO";"Condutor deixou de manter distância do veículo da frente";"Colisão lateral mesmo sentido";"Com Vítimas Feridas";"Plena Noite";"Crescente";"Nublado";"Simples";"Reta";"Não";2;0;1;0;0;1;1;2;-20,00196;-40,41321;"SPRF-ES";"DEL02-ES";"UOP01-DEL02-ES"
344498;2021-03-05;"sexta-feira";"20:30:00";"ES";101;1,6;"SERRA";"Velocidade Incompatível";"Colisão traseira";"Com Vítimas Feridas";"Plena Noite";"Decrescente";"Nublado";"Dupla";"Reta";"Sim";4;0;1;0;3;0;1;4;-20,129093;-40,308125;"SPRF-ES";"DEL02-ES";"UOP01-DEL02-ES"
344499;2021-03-05;"sexta-feira";"20:10:00";"SC";101;124;"ITAJAI";"Ausência de reação do condutor";"Colisão lateral mesmo sentido";"Com Vítimas Feridas";"Plena Noite";"Crescente";"Nublado";"Dupla";"Reta";"Não";2;0;1;0;0;1;1;2;-26,94335064;-48,69198648;"SPRF-SC";"DEL04-SC";"UOP04-DEL04-SC"
344500;2021-03-05;"sexta-feira";"21:20:00";"SC";101;199;"SAO JOSE";"Condutor deixou de manter distância do veículo da frente";"Engavetamento";"Com Vítimas Feridas";"Plena Noite";"Crescente";"Garoa/Chuvisco";"Dupla";"Declive";"Não";4;0;1;0;3;0;1;3;-27,53413705;-48,63003205;"SPRF-SC";"DEL01-SC";"UOP01-DEL01-SC"
344501;2021-03-05;"sexta-feira";"20:00:00";"SP";116;215;"GUARULHOS";"Manobra de mudança de faixa";"Colisão lateral mesmo sentido";"Sem Vítimas";"Plena Noite";"Decrescente";"Céu Claro";"Múltipla";"Reta";"Sim";2;0;0;0;2;0;0;2;-23,44695693;-46,45394103;"SPRF-SP";"DEL01-SP";"UOP01-DEL01-SP"
344502;2021-03-05;"sexta-feira";"21:00:00";"PR";376;619;"SAO JOSE DOS PINHAIS";"Ingestão de álcool pelo condutor";"Saída de leito carroçável";"Sem Vítimas";"Plena Noite";"Decrescente";"Vento";"Dupla";"Reta;Declive";"Sim";2;0;0;0;2;0;0;1;-25,60034699;-49,17355691;"SPRF-PR";"DEL01-PR";"UOP04-DEL01-PR"
344504;2021-03-05;"sexta-feira";"19:00:00";"SC";101;309,9;"LAGUNA";"Ingestão de álcool pelo condutor";"Colisão com objeto";"Com Vítimas Feridas";"Plena Noite";"Decrescente";"Céu Claro";"Dupla";"Reta";"Não";1;0;1;0;0;0;1;1;-28,40755485;-48,79169438;"SPRF-SC";"DEL02-SC";"UOP01-DEL02-SC"
344506;2021-03-05;"sexta-feira";"21:00:00";"CE";222;312;"TIANGUA";"Conversão proibida";"Colisão traseira";"Com Vítimas Feridas";"Plena Noite";"Decrescente";"Céu Claro";"Simples";"Interseção de Vias";"Sim";2;0;1;0;1;0;1;2;-3,71699311;-40,9914242;"SPRF-CE";"DEL04-CE";"UOP02-DEL04-CE"
344507;2021-03-05;"sexta-feira";"22:03:00";"PA";316;54,3;"CASTANHAL";"Acessar a via sem observar a presença dos outros veículos";"Colisão transversal";"Com Vítimas Feridas";"Plena Noite";"Crescente";"Céu Claro";"Dupla";"Reta";"Não";6;0;1;1;4;0;2;2;-1,30608532;-48,00803597;"SPRF-PA";"DEL01-PA";"UOP01-DEL01-PA"
344508;2021-03-05;"sexta-feira";"19:30:00";"MG";262;453,8;"NOVA SERRANA";"Desrespeitar a preferência no cruzamento";"Colisão traseira";"Com Vítimas Feridas";"Plena Noite";"Crescente";"Nublado";"Simples";"Interseção de Vias";"Não";2;0;1;0;1;0;1;2;-19,85207302;-45,05767822;"SPRF-MG";"DEL08-MG";"UOP03-DEL08-MG"
344509;2021-01-31;"domingo";"16:35:00";"CE";20;415;"MARACANAU";"Demais falhas mecânicas ou elétricas";"Saída de leito carroçável";"Com Vítimas Feridas";"Pleno dia";"Crescente";"Céu Claro";"Dupla";"Reta";"Sim";1;0;0;1;0;0;1;1;-3,76999035;-38,67006282;"SPRF-CE";"DEL01-CE";"UOP02-DEL01-CE"
344510;2021-01-25;"segunda-feira";"07:05:00";"PR";376;598;"CURITIBA";"Condutor deixou de manter distância do veículo da frente";"Colisão traseira";"Com Vítimas Feridas";"Pleno dia";"Crescente";"Nublado";"Dupla";"Reta";"Não";2;0;1;0;1;0;1;2;-25,54570852;-49,29445267;"SPRF-PR";"DEL01-PR";"UOP01-DEL01-PR"
344511;2021-03-05;"sexta-feira";"23:00:00";"SC";280;57,6;"GUARAMIRIM";"Acessar a via sem observar a presença dos outros veículos";"Colisão transversal";"Com Vítimas Feridas";"Plena Noite";"Decrescente";"Céu Claro";"Dupla";"Reta";"Sim";2;0;2;0;0;0;2;2;-26,47811421;-49,01259213;"SPRF-SC";"DEL03-SC";"UOP03-DEL03-SC"
344513;2021-03-05;"sexta-feira";"20:10:00";"MG";40;262,3;"SAO GONCALO DO ABAETE";"Ultrapassagem Indevida";"Colisão frontal";"Com Vítimas Feridas";"Plena Noite";"Crescente";"Céu Claro";"Simples";"Declive";"Não";5;0;2;3;0;0;5;2;-18,14060046;-45,33524905;"SPRF-MG";"DEL14-MG";"UOP02-DEL14-MG"
344514;2021-03-05;"sexta-feira";"19:20:00";"MG";365;626;"UBERLANDIA";"Pista Escorregadia";"Saída de leito carroçável";"Sem Vítimas";"Plena Noite";"Crescente";"Chuva";"Dupla";"Reta";"Sim";1;0;0;0;1;0;0;1;-18,9062053;-48,32986593;"SPRF-MG";"DEL15-MG";"UOP01-DEL15-MG"
344516;2021-03-05;"sexta-feira";"22:20:00";"RJ";465;22;"RIO DE JANEIRO";"Transitar na contramão";"Colisão frontal";"Sem Vítimas";"Plena Noite";"Crescente";"Nublado";"Simples";"Reta";"Sim";3;0;0;0;3;0;0;3;-22,863579;-43,601479;"SPRF-RJ";"DEL03-RJ";"UOP01-DEL03-RJ"
344517;2021-03-05;"sexta-feira";"19:45:00";"MT";163;614,2;"NOVA MUTUM";"Acessar a via sem observar a presença dos outros veículos";"Colisão lateral sentido oposto";"Com Vítimas Feridas";"Plena Noite";"Crescente";"Nublado";"Simples";"Reta";"Não";2;0;0;1;1;0;1;2;-13,78646858;-56,06336061;"SPRF-MT";"DEL01-MT";"UOP01-DEL01-MT"
344518;2021-03-05;"sexta-feira";"22:50:00";"PE";428;35,4;"OROCO";"Deficiência do Sistema de Iluminação/Sinalização";"Colisão traseira";"Com Vítimas Fatais";"Plena Noite";"Crescente";"Céu Claro";"Simples";"Reta";"Não";4;1;2;0;1;0;2;2;-8,53655813;-39,51949393;"SPRF-PE";"DEL05-PE";"UOP03-DEL05-PE"
344519;2021-03-05;"sexta-feira";"23:30:00";"GO";70;27,9;"COCALZINHO DE GOIAS";"Velocidade Incompatível";"Saída de leito carroçável";"Com Vítimas Fatais";"Plena Noite";"Crescente";"Céu Claro";"Simples";"Curva;Declive";"Não";3;1;1;0;0;1;1;1;-15,75420612;-48,42821866;"SPRF-DF";"DEL03-DF";"UOP02-DEL03-DF"
344520;2021-03-05;"sexta-feira";"23:30:00";"GO";60;177,4;"ABADIA DE GOIAS";"Velocidade Incompatível";"Queda de ocupante de veículo";"Com Vítimas Feridas";"Plena Noite";"Crescente";"Céu Claro";"Dupla";"Declive";"Não";1;0;0;1;0;0;1;1;-16,76088568;-49,4589901;"SPRF-GO";"DEL01-GO";"UOP02-DEL01-GO"
344525;2021-03-05;"sexta-feira";"23:25:00";"PI";316;7;"TERESINA";"Condutor deixou de manter distância do veículo da frente";"Colisão traseira";"Sem Vítimas";"Plena Noite";"Crescente";"Nublado";"Múltipla";"Reta";"Sim";3;0;0;0;3;0;0;3;-5,15584638;-42,77173332;"SPRF-PI";"DEL01-PI";"UOP02-DEL01-PI"