"id";"data_inversa";"dia_semana";"horario";"uf";"br";"km";"municipio";"causa_acidente";"tipo_acidente";"classificacao_acidente";"fase_dia";"sentido_via";"condicao_metereologica";"tipo_pista";"tracado_via";"uso_solo";"pessoas";"mortos";"feridos_leves";"feridos_graves";"ilesos";"ignorados";"feridos";"veiculos";"latitude";"longitude";"regional";"delegacia";"uop"
344526;2021-03-06;"sábado";"00:05:00";"PE";101;149,5;"RIBEIRAO";"Manobra de mudança de faixa";"Colisão frontal";"Com Vítimas Feridas";"Plena Noite";"Crescente";"Céu Claro";"Simples";"Reta";"Sim";2;0;0;1;0;1;1;2;-8,497293;-35,374311;"SPRF-PE";"DEL01-PE";"UOP03-DEL01-PE"
344527;2021-03-05;"sexta-feira";"12:00:00";"PB";230;39;"SANTA RITA";"Acesso irregular";"Atropelamento de Pedestre";"Com Vítimas Feridas";"Pleno dia";"Crescente";"Céu Claro";"Dupla";"Reta";"Sim";2;0;0;1;0;1;1;2;-7,1381;-34,9707;"SPRF-PB";"DEL01-PB";"UOP03-DEL01-PB"
344528;2021-03-06;"sábado";"00:40:00";"SC";101;386,6;"ICARA";"Animais na Pista";"Atropelamento de Animal";"Sem Vítimas";"Plena Noite";"Decrescente";"Céu Claro";"Dupla";"Aclive";"Não";1;0;0;0;1;0;0;1;-28,77675081;-49,31999808;"SPRF-SC";"DEL02-SC";"UOP02-DEL02-SC"
344529;2021-03-06;"sábado";"00:30:00";"PR";116;126;"FAZENDA RIO GRANDE";"Ingestão de álcool pelo condutor";"Colisão traseira";"Com Vítimas Feridas";"Anoitecer";"Crescente";"Nublado";"Dupla";"Reta";"Não";8;0;7;0;1;0;7;2;-25,60389895;-49,31824423;"SPRF-PR";"DEL01-PR";"UOP03-DEL01-PR"
344533;2021-03-05;"sexta-feira";"21:50:00";"SP";116;326;"JUQUITIBA";"Chuva";"Saída de leito carroçável";"Com Vítimas Feridas";"Plena Noite";"Decrescente";"Chuva";"Dupla";"Reta";"Não";1;0;1;0;0;0;1;1;-23,93901304;-47,06241203;"SPRF-SP";"DEL04-SP";"UOP01-DEL04-SP"
344534;2021-03-06;"sábado";"03:20:00";"SE";101;83,4;"LARANJEIRAS";"Animais na Pista";"Atropelamento de Animal";"Sem Vítimas";"Plena Noite";"Decrescente";"Céu Claro";"Dupla";"Reta";"Não";1;0;0;0;1;0;0;1;-10,835002;-37,13775504;"SPRF-SE";"DEL01-SE";"UOP01-DEL01-SE"
344535;2021-03-06;"sábado";"03:10:00";"PB";101;88;"JOAO PESSOA";"Pedestre cruzava a pista fora da faixa";"Atropelamento de Pedestre";"Com Vítimas Feridas";"Plena Noite";"Decrescente";"Céu Claro";"Dupla";"Interseção de Vias";"Sim";2;0;0;1;1;0;1;2;-7,16470016;-34,89993643;"SPRF-PB";"DEL01-PB";"UOP01-DEL01-PB"
344536;2021-03-06;"sábado";"02:40:00";"RJ";116;173;"MESQUITA";"Acessar a via sem observar a presença dos outros veículos";"Colisão traseira";"Com Vítimas Feridas";"Plena Noite";"Decrescente";"Céu Claro";"Múltipla";"Reta";"Sim";3;0;1;0;0;2;1;2;-22,79810324;-43,35726614;"SPRF-RJ";"DEL01-RJ";"UOP02-DEL01-RJ"
344539;2021-03-06;"sábado";"04:30:00";"SC";470;66,8;"INDAIAL";"Ingestão de álcool pelo condutor";"Saída de leito carroçável";"Com Vítimas Feridas";"Plena Noite";"Decrescente";"Nublado";"Simples";"Curva";"Não";4;0;1;2;0;1;3;1;-26,870407;-49,221844;"SPRF-SC";"DEL04-SC";"UOP01-DEL04-SC"
344540;2021-03-06;"sábado";"04:50:00";"DF";251;34;"BRASILIA";"Transitar no acostamento";"Colisão com objeto";"Com Vítimas Fatais";"Plena Noite";"Crescente";"Céu Claro";"Dupla";"Reta";"Não";1;1;0;0;0;0;0;1;-15,938301;-47,759799;"SPRF-DF";"DEL01-DF";"UOP01-DEL01-DF"
344541;2021-03-06;"sábado";"03:00:00";"MS";60;351;"CAMPO GRANDE";"Animais na Pista";"Atropelamento de Animal";"Com Vítimas Feridas";"Plena Noite";"Crescente";"Nevoeiro/Neblina";"Simples";"Reta";"Não";1;0;0;1;0;0;1;1;-20,477694;-54,749947;"SPRF-MS";"DEL01-MS";"UOP03-DEL01-MS"
344543;2021-03-06;"sábado";"04:30:00";"PI";343;324;"ALTOS";"Ausência de reação do condutor";"Saída de leito carroçável";"Com Vítimas Feridas";"Plena Noite";"Decrescente";"Céu Claro";"Simples";"Reta";"Não";1;0;1;0;0;0;1;1;-5,061587;-42,60183;"SPRF-PI";"DEL01-PI";"UOP01-DEL01-PI"
344545;2021-03-06;"sábado";"05:00:00";"ES";101;1,9;"SERRA";"Condutor Dormindo";"Colisão com objeto";"Sem Vítimas";"Pleno dia";"Decrescente";"Céu Claro";"Múltipla";"Reta";"Não";1;0;0;0;0;1;0;1;-20,2470185;-40,28407574;"SPRF-ES";"DEL02-ES";"UOP01-DEL02-ES"
344546;2021-03-06;"sábado";"05:50:00";"RJ";101;483;"ANGRA DOS REIS";"Velocidade Incompatível";"Saída de leito carroçável";"Com Vítimas Feridas";"Amanhecer";"Decrescente";"Chuva";"Simples";"Curva";"Não";1;0;1;0;0;0;1;1;-22,99719001;-44,30136205;"SPRF-RJ";"DEL03-RJ";"UOP03-DEL03-RJ"
344547;2021-03-06;"sábado";"05:15:00";"SC";101;157;"PORTO BELO";"Ingestão de álcool pelo condutor";"Colisão traseira";"Sem Vítimas";"Amanhecer";"Decrescente";"Sol";"Dupla";"Reta";"Não";2;0;0;0;2;0;0;2;-27,181625;-48,6121179;"SPRF-SC";"DEL04-SC";"UOP03-DEL04-SC"
344549;2021-03-06;"sábado";"06:10:00";"SP";153;206,1;"GUAIMBE";"Ingestão de álcool pelo condutor";"Colisão com objeto";"Sem Vítimas";"Pleno dia";"Crescente";"Nublado";"Simples";"Reta";"Não";1;0;0;0;0;1;0;1;-21,87339896;-49,90747738;"SPRF-SP";"DEL07-SP";"UOP01-DEL07-SP"
344550;2021-01-17;"domingo";"00:30:00";"MG";262;800;"UBERABA";"Ingestão de álcool pelo condutor";"Colisão com objeto";"Com Vítimas Feridas";"Plena Noite";"Crescente";"Nublado";"Simples";"Viaduto";"Sim";1;0;1;0;0;0;1;1;-19,779129;-47,945794;"SPRF-MG";"DEL13-MG";"UOP01-DEL13-MG"
344552;2021-03-06;"sábado";"06:54:00";"RN";101;67,1;"EXTREMOZ";"Condutor Dormindo";"Colisão frontal";"Com Vítimas Feridas";"Pleno dia";"Decrescente";"Sol";"Simples";"Reta";"Não";3;0;2;1;0;0;3;2;-5,65929694;-35,24786694;"SPRF-RN";"DEL02-RN";"UOP01-DEL02-RN"
344553;2021-03-06;"sábado";"05:10:00";"GO";60;389,8;"RIO VERDE";"Condutor Dormindo";"Saída de leito carroçável";"Com Vítimas Feridas";"Amanhecer";"Crescente";"Nublado";"Dupla";"Reta";"Sim";1;0;1;0;0;0;1;1;-17,819;-50,943;"SPRF-GO";"DEL04-GO";"UOP01-DEL04-GO"
344556;2021-03-06;"sábado";"06:20:00";"DF";20;49,9;"BRASILIA";"Condutor Dormindo";"Capotamento";"Com Vítimas Feridas";"Amanhecer";"Crescente";"Céu Claro";"Dupla";"Reta";"Não";5;0;3;2;0;0;5;1;-15,582393;-47,43119;"SPRF-DF";"DEL02-DF";"UOP01-DEL02-DF"
344557;2021-03-06;"sábado";"05:50:00";"PR";376;617,1;"SAO JOSE DOS PINHAIS";"Velocidade Incompatível";"Capotamento";"Sem Vítimas";"Amanhecer";"Crescente";"Nublado";"Dupla";"Curva";"Não";1;0;0;0;0;1;0;1;-25,59178455;-49,1719651;"SPRF-PR";"DEL01-PR";"UOP04-DEL01-PR"
344558;2021-03-06;"sábado";"07:30:00";"MG";381;691,3;"LAVRAS";"Reação tardia ou ineficiente do condutor";"Capotamento";"Com Vítimas Feridas";"Pleno dia";"Decrescente";"Nublado";"Dupla";"Declive;Reta";"Não";6;0;5;1;0;0;6;1;-21,24242696;-45,13576519;"SPRF-MG";"DEL04-MG";"UOP02-DEL04-MG"
344561;2021-03-06;"sábado";"06:50:00";"SC";101;105,6;"PENHA";"Condutor Dormindo";"Saída de leito carroçável";"Com Vítimas Feridas";"Pleno dia";"Decrescente";"Céu Claro";"Dupla";"Reta";"Não";1;0;1;0;0;0;1;1;-26,80215497;-48,67891041;"SPRF-SC";"DEL03-SC";"UOP02-DEL03-SC"
344563;2021-02-18;"quinta-feira";"14:00:00";"PA";316;42,9;"SANTA IZABEL DO PARA";"Acessar a via sem observar a presença dos outros veículos";"Colisão transversal";"Com Vítimas Feridas";"Pleno dia";"Crescente";"Nublado";"Dupla";"Reta";"Não";2;0;2;0;0;0;2;2;-1,27648404;-48,104951;"SPRF-PA";"DEL01-PA";"UOP01-DEL01-PA"
344567;2021-01-30;"sábado";"02:00:00";"MG";365;612;"UBERLANDIA";"Reação tardia ou ineficiente do condutor";"Saída de leito carroçável";"Com Vítimas Feridas";"Plena Noite";"Decrescente";"Céu Claro";"Simples";"Reta";"Sim";1;0;0;1;0;0;1;1;-18,918566;-48,209353;"SPRF-MG";"DEL15-MG";"UOP01-DEL15-MG"
344569;2021-03-06;"sábado";"09:10:00";"SC";470;71;"INDAIAL";"Ausência de reação do condutor";"Colisão transversal";"Com Vítimas Feridas";"Pleno dia";"Decrescente";"Céu Claro";"Simples";"Reta";"Sim";3;0;1;0;2;0;1;2;-26,895243;-49,262104;"SPRF-SC";"DEL04-SC";"UOP01-DEL04-SC"
344570;2021-03-06;"sábado";"07:30:00";"RJ";101;419;"MANGARATIBA";"Pista Escorregadia";"Queda de ocupante de veículo";"Com Vítimas Feridas";"Pleno dia";"Decrescente";"Garoa/Chuvisco";"Simples";"Curva";"Não";1;0;1;0;0;0;1;1;-22,91888477;-43,92900467;"SPRF-RJ";"DEL03-RJ";"UOP03-DEL03-RJ"
344571;2021-03-06;"sábado";"08:40:00";"ES";482;51;"CACHOEIRO DE ITAPEMIRIM";"Ausência de reação do condutor";"Colisão lateral mesmo sentido";"Com Vítimas Feridas";"Pleno dia";"Crescente";"Céu Claro";"Simples";"Reta";"Não";3;0;0;1;2;0;1;2;-20,77258878;-41,2898561;"SPRF-ES";"DEL03-ES";"UOP02-DEL03-ES"
344572;2021-03-06;"sábado";"09:43:00";"GO";40;0,6;"VALPARAISO DE GOIAS";"Condutor deixou de manter distância do veículo da frente";"Tombamento";"Com Vítimas Feridas";"Pleno dia";"Crescente";"Céu Claro";"Dupla";"Reta";"Sim";1;0;1;0;0;0;1;1;-16,058273;-47,982655;"SPRF-DF";"DEL01-DF";"UOP01-DEL01-DF"
344573;2021-01-21;"quinta-feira";"06:20:00";"MG";365;626;"UBERLANDIA";"Pista esburacada";"Tombamento";"Com Vítimas Feridas";"Pleno dia";"Decrescente";"Céu Claro";"Dupla";"Reta";"Sim";1;0;0;1;0;0;1;1;-18,90967657;-48,3080864;"SPRF-MG";"DEL15-MG";"UOP01-DEL15-MG"
344576;2021-03-06;"sábado";"07:30:00";"RO";364;338;"JI-PARANA";"Acessar a via sem observar a presença dos outros veículos";"Colisão transversal";"Com Vítimas Feridas";"Pleno dia";"Decrescente";"Nublado";"Dupla";"Reta";"Sim";3;0;0;1;1;1;1;3;-10,911354;-61,930163;"SPRF-RO";"DEL02-RO";"UOP01-DEL02-RO"
344578;2021-03-06;"sábado";"10:10:00";"ES";101;137;"LINHARES";"Desrespeitar a preferência no cruzamento";"Colisão transversal";"Com Vítimas Feridas";"Pleno dia";"Decrescente";"Céu Claro";"Simples";"Reta";"Não";2;0;0;1;1;0;1;2;-19,20288951;-40,03829956;"SPRF-ES";"DEL04-ES";"UOP01-DEL04-ES"
344580;2021-03-06;"sábado";"07:14:00";"MA";230;404;"BALSAS";"Acessar a via sem observar a presença dos outros veículos";"Colisão transversal";"Com Vítimas Feridas";"Pleno dia";"Crescente";"Céu Claro";"Simples";"Reta";"Sim";2;0;1;0;1;0;1;2;-7,52339895;-46,04122203;"SPRF-MA";"DEL05-MA";"UOP01-DEL05-MA"
344581;2021-03-06;"sábado";"09:50:00";"PB";104;97,8;"ESPERANCA";"Acessar a via sem observar a presença dos outros veículos";"Colisão transversal";"Com Vítimas Feridas";"Pleno dia";"Crescente";"Céu Claro";"Simples";"Aclive";"Sim";2;0;1;0;1;0;1;2;-7,01994564;-35,85788662;"SPRF-PB";"DEL02-PB";"UOP04-DEL02-PB"
344582;2021-03-06;"sábado";"10:35:00";"BA";101;495,2;"ITABUNA";"Acumulo de areia ou detritos sobre o pavimento";"Queda de ocupante de veículo";"Com Vítimas Feridas";"Pleno dia";"Crescente";"Céu Claro";"Simples";"Reta";"Não";1;0;1;0;0;0;1;1;-14,725495;-39,348728;"SPRF-BA";"DEL05-BA";"UOP01-DEL05-BA"
344583;2021-03-06;"sábado";"11:00:00";"RS";290;92;"PORTO ALEGRE";"Reação tardia ou ineficiente do condutor";"Queda de ocupante de veículo";"Com Vítimas Feridas";"Pleno dia";"Crescente";"Céu Claro";"Simples";"Curva";"Não";1;0;1;0;0;0;1;1;-29,971916;-51,176838;"SPRF-RS";"DEL01-RS";"UOP01-DEL01-RS"
344584;2021-03-06;"sábado";"10:00:00";"PR";116;131;"FAZENDA RIO GRANDE";"Ultrapassagem Indevida";"Colisão lateral mesmo sentido";"Com Vítimas Feridas";"Pleno dia";"Decrescente";"Céu Claro";"Dupla";"Curva";"Não";3;0;2;0;1;0;2;2;-25,69016467;-49,31690383;"SPRF-PR";"DEL01-PR";"UOP03-DEL01-PR"
344585;2021-03-06;"sábado";"10:05:00";"SC";280;147,5;"MAFRA";"Desrespeitar a preferência no cruzamento";"Colisão frontal";"Com Vítimas Feridas";"Pleno dia";"Crescente";"Céu Claro";"Simples";"Curva";"Não";3;0;1;0;2;0;1;2;-26,25387109;-49,67124709;"SPRF-SC";"DEL06-SC";"UOP03-DEL06-SC"
344588;2021-01-10;"domingo";"21:00:00";"BA";101;712;"EUNAPOLIS";"Condutor deixou de manter distância do veículo da frente";"Colisão traseira";"Com Vítimas Feridas";"Plena Noite";"Decrescente";"Céu Claro";"Simples";"Curva;Declive";"Não";2;0;2;0;0;0;2;2;-16,37179605;-39,57282985;"SPRF-BA";"DEL09-BA";"UOP01-DEL09-BA"
344589;2021-03-06;"sábado";"10:30:00";"RN";101;108;"PARNAMIRIM";"Manobra de mudança de faixa";"Colisão lateral mesmo sentido";"Com Vítimas Feridas";"Pleno dia";"Decrescente";"Céu Claro";"Simples";"Reta";"Sim";2;0;1;0;1;0;1;2;-5,92443872;-35,26461437;"SPRF-RN";"DEL01-RN";"UOP01-DEL01-RN"
344590;2021-03-06;"sábado";"08:00:00";"MS";463;107;"PONTA PORA";"Condutor deixou de manter distância do veículo da frente";"Colisão traseira";"Com Vítimas Feridas";"Pleno dia";"Crescente";"Céu Claro";"Simples";"Reta";"Não";3;0;2;0;0;1;2;2;-22,59094101;-55,67301101;"SPRF-MS";"DEL04-MS";"UOP03-DEL04-MS"
344595;2021-03-06;"sábado";"09:50:00";"SC";282;377;"JOACABA";"Frear bruscamente";"Colisão traseira";"Sem Vítimas";"Pleno dia";"Decrescente";"Sol";"Simples";"Reta";"Não";3;0;0;0;3;0;0;3;-27,216974;-51,470055;"SPRF-SC";"DEL07-SC";"UOP05-DEL07-SC"
344597;2021-03-06;"sábado";"10:50:00";"SC";101;444,7;"SANTA ROSA DO SUL";"Manobra de mudança de faixa";"Atropelamento de Pedestre";"Com Vítimas Feridas";"Pleno dia";"Decrescente";"Nublado";"Múltipla";"Reta";"Sim";2;0;1;0;1;0;1;2;-29,13479517;-49,70645294;"SPRF-SC";"DEL02-SC";"UOP02-DEL02-SC"
344598;2021-03-06;"sábado";"11:40:00";"BA";242;243;"ITABERABA";"Avarias e/ou desgaste excessivo no pneu";"Saída de leito carroçável";"Sem Vítimas";"Pleno dia";"Crescente";"Sol";"Simples";"Curva";"Não";2;0;0;0;1;1;0;2;-12,50004044;-40,41835121;"SPRF-BA";"DEL06-BA";"UOP02-DEL06-BA"
344599;2021-03-06;"sábado";"11:35:00";"CE";304;49,5;"ARACATI";"Reação tardia ou ineficiente do condutor";"Queda de ocupante de veículo";"Com Vítimas Feridas";"Pleno dia";"Decrescente";"Céu Claro";"Simples";"Reta";"Sim";1;0;1;0;0;0;1;1;-4,57900414;-37,77070889;"SPRF-CE";"DEL03-CE";"UOP03-DEL03-CE"
344603;2021-03-06;"sábado";"11:00:00";"BA";110;297;"INHAMBUPE";"Acessar a via sem observar a presença dos outros veículos";"Colisão transversal";"Com Vítimas Feridas";"Pleno dia";"Decrescente";"Céu Claro";"Simples";"Reta";"Não";3;0;2;0;1;0;2;2;-11,880662;-38,37553696;"SPRF-BA";"DEL01-BA";"UOP04-DEL01-BA"
344604;2021-03-06;"sábado";"12:25:00";"RO";319;62,9;"PORTO VELHO";"Condutor desrespeitou a iluminação vermelha do semáforo";"Colisão transversal";"Com Vítimas Feridas";"Pleno dia";"Crescente";"Céu Claro";"Dupla";"Interseção de Vias";"Sim";3;0;2;0;1;0;2;2;-8,75670339;-63,88662457;"SPRF-RO";"DEL01-RO";"UOP01-DEL01-RO"
344605;2021-03-06;"sábado";"08:25:00";"SC";282;137,3;"BOM RETIRO";"Velocidade Incompatível";"Colisão com objeto";"Com Vítimas Feridas";"Pleno dia";"Decrescente";"Céu Claro";"Simples";"Interseção de Vias";"Não";1;0;0;1;0;0;1;1;-27,82296579;-49,57039833;"SPRF-SC";"DEL05-SC";"UOP01-DEL05-SC"
344608;2021-03-06;"sábado";"13:20:00";"SC";470;145;"RIO DO SUL";"Desrespeitar a preferência no cruzamento";"Colisão transversal";"Com Vítimas Feridas";"Pleno dia";"Decrescente";"Céu Claro";"Simples";"Interseção de Vias";"Sim";2;0;2;0;0;0;2;2;-27,237301;-49,682217;"SPRF-SC";"DEL04-SC";"UOP02-DEL04-SC"
344609;2021-03-06;"sábado";"12:30:00";"PI";316;2,1;"TERESINA";"Ausência de sinalização";"Colisão lateral mesmo sentido";"Com Vítimas Feridas";"Pleno dia";"Crescente";"Céu Claro";"Dupla";"Curva";"Sim";2;0;1;0;1;0;1;2;-5,1242697;-42,79783314;"SPRF-PI";"DEL01-PI";"UOP02-DEL01-PI"
344610;2021-03-06;"sábado";"13:50:00";"SC";280;45,3;"GUARAMIRIM";"Demais falhas mecânicas ou elétricas";"Colisão com objeto";"Sem Vítimas";"Pleno dia";"Crescente";"Céu Claro";"Simples";"Reta";"Não";1;0;0;0;1;0;0;1;-26,45236168;-48,89788602;"SPRF-SC";"DEL03-SC";"UOP03-DEL03-SC"
344613;2021-03-06;"sábado";"13:15:00";"SP";381;54,5;"MAIRIPORA";"Velocidade Incompatível";"Colisão com objeto";"Com Vítimas Feridas";"Pleno dia";"Decrescente";"Garoa/Chuvisco";"Dupla";"Declive";"Não";1;0;1;0;0;0;1;1;-23,2449074;-46,59562343;"SPRF-SP";"DEL03-SP";"UOP01-DEL03-SP"
344614;2021-03-06;"sábado";"13:01:00";"MT";70;633,9;"POCONE";"Chuva";"Colisão transversal";"Sem Vítimas";"Pleno dia";"Decrescente";"Chuva";"Simples";"Reta";"Não";6;0;0;0;6;0;0;2;-15,941584;-57,068089;"SPRF-MT";"DEL03-MT";"UOP02-DEL03-MT"
344615;2021-03-06;"sábado";"14:00:00";"SP";153;36;"ONDA VERDE";"Reação tardia ou ineficiente do condutor";"Colisão traseira";"Com Vítimas Feridas";"Pleno dia";"Crescente";"Nublado";"Simples";"Reta";"Não";3;0;1;0;2;0;1;2;-20,58960326;-49,31813121;"SPRF-SP";"DEL09-SP";"UOP01-DEL09-SP"
344617;2021-03-06;"sábado";"11:45:00";"SP";116;527;"BARRA DO TURVO";"Entrada inopinada do pedestre";"Atropelamento de Pedestre";"Com Vítimas Feridas";"Pleno dia";"Crescente";"Nublado";"Dupla";"Reta";"Não";4;0;0;1;2;1;1;2;-24,93316099;-48,283076;"SPRF-SP";"DEL05-SP";"UOP02-DEL05-SP"
344618;2021-03-06;"sábado";"09:00:00";"BA";242;389;"PALMEIRAS";"Acumulo de areia ou detritos sobre o pavimento";"Saída de leito carroçável";"Com Vítimas Feridas";"Pleno dia";"Crescente";"Céu Claro";"Simples";"Reta";"Não";1;0;1;0;0;0;1;1;-12,4523771;-41,59753398;"SPRF-BA";"DEL06-BA";"UOP01-DEL06-BA"
344619;2021-03-06;"sábado";"14:00:00";"MG";459;10,4;"CALDAS";"Velocidade Incompatível";"Saída de leito carroçável";"Sem Vítimas";"Pleno dia";"Crescente";"Nublado";"Simples";"Reta";"Não";1;0;0;0;1;0;0;1;-21,821666;-46,457206;"SPRF-MG";"DEL09-MG";"UOP01-DEL09-MG"
344621;2021-03-06;"sábado";"14:40:00";"SC";101;148;"ITAPEMA";"Condutor deixou de manter distância do veículo da frente";"Colisão traseira";"Com Vítimas Feridas";"Pleno dia";"Decrescente";"Céu Claro";"Dupla";"Reta";"Não";2;0;1;0;1;0;1;2;-27,10123686;-48,61807962;"SPRF-SC";"DEL04-SC";"UOP03-DEL04-SC"
344623;2021-03-06;"sábado";"14:00:00";"RS";116;464,2;"SAO LOURENCO DO SUL";"Acessar a via sem observar a presença dos outros veículos";"Colisão transversal";"Com Vítimas Feridas";"Pleno dia";"Decrescente";"Céu Claro";"Simples";"Reta";"Não";2;0;1;0;1;0;1;2;-31,31536934;-52,02399357;"SPRF-RS";"DEL02-RS";"UOP02-DEL02-RS"
344624;2021-03-06;"sábado";"14:50:00";"RS";392;708,5;"PORTO XAVIER";"Acessar a via sem observar a presença dos outros veículos";"Colisão traseira";"Sem Vítimas";"Pleno dia";"Crescente";"Sol";"Simples";"Reta";"Não";5;0;0;0;5;0;0;2;-28,00558249;-55,11400618;"SPRF-RS";"DEL10-RS";"UOP01-DEL10-RS"
344625;2021-03-06;"sábado";"14:50:00";"ES";262;18,7;"VIANA";"Ingestão de álcool pelo condutor";"Colisão frontal";"Com Vítimas Feridas";"Pleno dia";"Crescente";"Céu Claro";"Simples";"Reta";"Sim";4;0;1;0;3;0;1;4;-20,39137228;-40,48080285;"SPRF-ES";"DEL01-ES";"UOP01-DEL01-ES"
344627;2021-03-06;"sábado";"13:50:00";"MT";364;546;"ROSARIO OESTE";"Chuva";"Saída de leito carroçável";"Com Vítimas Feridas";"Pleno dia";"Decrescente";"Chuva";"Dupla";"Reta";"Não";3;0;3;0;0;0;3;1;-14,87904388;-56,46132643;"SPRF-MT";"DEL01-MT";"UOP01-DEL01-MT"
344630;2021-03-06;"sábado";"13:45:00";"PR";277;669,5;"MEDIANEIRA";"Ausência de reação do condutor";"Colisão lateral mesmo sentido";"Com Vítimas Feridas";"Pleno dia";"Decrescente";"Céu Claro";"Dupla";"Reta";"Sim";3;0;1;0;1;1;1;3;-25,27562214;-54,0709859;"SPRF-PR";"DEL05-PR";"UOP02-DEL05-PR"
344632;2021-03-06;"sábado";"15:25:00";"PB";230;92;"GURINHEM";"Condutor Dormindo";"Saída de leito carroçável";"Com Vítimas Feridas";"Pleno dia";"Decrescente";"Céu Claro";"Dupla";"Reta;Declive";"Não";2;0;1;0;1;0;1;1;-7,176;-35,4098;"SPRF-PB";"DEL01-PB";"UOP03-DEL01-PB"
344633;2021-03-06;"sábado";"14:40:00";"SP";116;388;"MIRACATU";"Velocidade Incompatível";"Saída de leito carroçável";"Sem Vítimas";"Pleno dia";"Crescente";"Chuva";"Dupla";"Reta";"Não";2;0;0;0;2;0;0;1;-24,26919492;-47,39740603;"SPRF-SP";"DEL04-SP";"UOP02-DEL04-SP"
344634;2021-03-06;"sábado";"14:20:00";"PR";369;202;"APUCARANA";"Condutor deixou de manter distância do veículo da frente";"Colisão traseira";"Com Vítimas Feridas";"Pleno dia";"Decrescente";"Céu Claro";"Simples";"Reta";"Sim";2;0;1;0;1;0;1;2;-23,54069767;-51,45687103;"SPRF-PR";"DEL07-PR";"UOP02-DEL07-PR"
344637;2021-03-06;"sábado";"15:30:00";"SP";116;277;"EMBU DAS ARTES";"Acesso irregular";"Colisão traseira";"Com Vítimas Feridas";"Pleno dia";"Crescente";"Céu Claro";"Dupla";"Reta";"Sim";4;0;1;1;2;0;2;2;-23,64870535;-46,84395469;"SPRF-SP";"DEL04-SP";"UOP01-DEL04-SP"
344641;2021-03-06;"sábado";"14:10:00";"MG";40;215;"JOAO PINHEIRO";"Acostamento em desnível";"Saída de leito carroçável";"Com Vítimas Feridas";"Pleno dia";"Crescente";"Nublado";"Simples";"Reta";"Não";1;0;1;0;0;0;1;1;-17,96152036;-45,69552697;"SPRF-MG";"DEL14-MG";"UOP02-DEL14-MG"
344642;2021-03-06;"sábado";"16:00:00";"PI";343;515;"AMARANTE";"Conversão proibida";"Colisão traseira";"Com Vítimas Feridas";"Pleno dia";"Decrescente";"Nublado";"Simples";"Reta";"Não";2;0;2;0;0;0;2;2;-6,31934;-42,803345;"SPRF-PI";"DEL03-PI";"UOP01-DEL03-PI"
344643;2021-03-06;"sábado";"11:50:00";"PR";277;662,1;"MATELANDIA";"Manobra de mudança de faixa";"Colisão traseira";"Com Vítimas Feridas";"Pleno dia";"Crescente";"Céu Claro";"Dupla";"Reta";"Não";3;0;0;1;2;0;1;3;-25,25121745;-54,00913508;"SPRF-PR";"DEL05-PR";"UOP02-DEL05-PR"
344645;2021-03-06;"sábado";"14:30:00";"GO";153;640;"MORRINHOS";"Ausência de reação do condutor";"Saída de leito carroçável";"Com Vítimas Feridas";"Pleno dia";"Decrescente";"Garoa/Chuvisco";"Dupla";"Declive";"Não";2;0;1;0;1;0;1;1;-17,8799;-49,2301;"SPRF-GO";"DEL03-GO";"UOP01-DEL03-GO"
344648;2021-01-25;"segunda-feira";"18:20:00";"RS";116;267;"CANOAS";"Trafegar com motocicleta (ou similar) entre as faixas";"Colisão traseira";"Com Vítimas Feridas";"Anoitecer";"Decrescente";"Céu Claro";"Múltipla";"Reta";"Sim";2;0;0;1;1;0;1;2;-29,94142398;-51,17697062;"SPRF-RS";"DEL01-RS";"UOP01-DEL01-RS"
344649;2021-03-06;"sábado";"16:20:00";"MA";135;14;"SAO LUIS";"Ausência de reação do condutor";"Atropelamento de Pedestre";"Com Vítimas Feridas";"Pleno dia";"Decrescente";"Nublado";"Dupla";"Reta";"Sim";2;0;1;0;1;0;1;2;-2,68792341;-44,30009651;"SPRF-MA";"DEL01-MA";"UOP01-DEL01-MA"
344654;2021-03-06;"sábado";"15:00:00";"RS";153;48,2;"ERECHIM";"Velocidade Incompatível";"Colisão lateral mesmo sentido";"Com Vítimas Feridas";"Pleno dia";"Crescente";"Sol";"Dupla";"Interseção de Vias";"Sim";9;0;2;1;5;1;3;4;-27,64802;-52,25353;"SPRF-RS";"DEL08-RS";"UOP04-DEL08-RS"
344656;2021-03-06;"sábado";"17:23:00";"SC";101;180;"GOVERNADOR CELSO RAMOS";"Velocidade Incompatível";"Colisão com objeto";"Com Vítimas Feridas";"Pleno dia";"Decrescente";"Chuva";"Simples";"Reta";"Não";3;0;3;0;0;0;3;1;-27,38328564;-48,63097072;"SPRF-SC";"DEL01-SC";"UOP01-DEL01-SC"
344657;2021-03-06;"sábado";"18:50:00";"GO";153;640;"MORRINHOS";"Acumulo de água sobre o pavimento";"Saída de leito carroçável";"Com Vítimas Feridas";"Anoitecer";"Decrescente";"Garoa/Chuvisco";"Dupla";"Reta";"Não";2;0;2;0;0;0;2;1;-17,8799;-49,2301;"SPRF-GO";"DEL03-GO";"UOP01-DEL03-GO"
344658;2021-03-06;"sábado";"17:15:00";"SP";381;55,5;"MAIRIPORA";"Reação tardia ou ineficiente do condutor";"Colisão traseira";"Sem Vítimas";"Pleno dia";"Decrescente";"Chuva";"Dupla";"Reta";"Não";4;0;0;0;4;0;0;3;-23,25207404;-46,59480386;"SPRF-SP";"DEL03-SP";"UOP01-DEL03-SP"