"id";"data_inversa";"dia_semana";"horario";"uf";"br";"km";"municipio";"causa_acidente";"tipo_acidente";"classificacao_acidente";"fase_dia";"sentido_via";"condicao_metereologica";"tipo_pista";"tracado_via";"uso_solo";"pessoas";"mortos";"feridos_leves";"feridos_graves";"ilesos";"ignorados";"feridos";"veiculos";"latitude";"longitude";"regional";"delegacia";"uop"
344659;2021-03-06;"sábado";"17:40:00";"PR";476;135;"CURITIBA";"Condutor deixou de manter distância do veículo da frente";"Colisão traseira";"Com Vítimas Feridas";"Pleno dia";"Decrescente";"Sol";"Dupla";"Curva";"Sim";2;0;0;1;1;0;1;2;-25,483786;-49,265808;"SPRF-PR";"DEL01-PR";"UOP03-DEL01-PR"
344663;2021-03-06;"sábado";"16:04:00";"MG";381;697,5;"LAVRAS";"Velocidade Incompatível";"Saída de leito carroçável";"Com Vítimas Feridas";"Pleno dia";"Crescente";"Chuva";"Dupla";"Curva";"Não";2;0;1;0;1;0;1;1;-21,29043096;-45,14791909;"SPRF-MG";"DEL04-MG";"UOP02-DEL04-MG"
344664;2021-03-06;"sábado";"18:33:00";"RR";174;481;"BOA VISTA";"Animais na Pista";"Atropelamento de Animal";"Sem Vítimas";"Pleno dia";"Decrescente";"Céu Claro";"Simples";"Reta";"Não";1;0;0;0;1;0;0;1;2,705904;-60,846157;"SPRF-RR";"DEL01-RR";"UOP01-DEL01-RR"
344666;2021-03-06;"sábado";"15:10:00";"SC";282;31,4;"SANTO AMARO DA IMPERATRIZ";"Condutor deixou de manter distância do veículo da frente";"Colisão traseira";"Com Vítimas Feridas";"Pleno dia";"Decrescente";"Chuva";"Simples";"Reta";"Não";3;0;2;0;1;0;2;2;-27,70116;-48,800175;"SPRF-SC";"DEL01-SC";"UOP03-DEL01-SC"
344667;2021-03-06;"sábado";"18:40:00";"GO";40;5;"VALPARAISO DE GOIAS";"Condutor deixou de manter distância do veículo da frente";"Colisão traseira";"Sem Vítimas";"Plena Noite";"Decrescente";"Chuva";"Dupla";"Reta";"Sim";2;0;0;0;2;0;0;2;-16,093134;-47,982236;"SPRF-DF";"DEL01-DF";"UOP01-DEL01-DF"
344670;2021-03-06;"sábado";"15:00:00";"RS";153;520,9;"CACAPAVA DO SUL";"Velocidade Incompatível";"Saída de leito carroçável";"Com Vítimas Feridas";"Pleno dia";"Crescente";"Sol";"Simples";"Curva";"Não";1;0;0;1;0;0;1;1;-30,65496505;-53,41151488;"SPRF-RS";"DEL09-RS";"UOP02-DEL09-RS"
344671;2021-03-06;"sábado";"14:00:00";"RJ";101;144;"MACAE";"Velocidade Incompatível";"Colisão com objeto";"Com Vítimas Feridas";"Pleno dia";"Decrescente";"Nublado";"Dupla";"Curva";"Não";1;0;1;0;0;0;1;1;-22,21328005;-41,75426573;"SPRF-RJ";"DEL08-RJ";"UOP04-DEL08-RJ"
344672;2021-03-06;"sábado";"18:40:00";"GO";60;32;"ALEXANIA";"Ingestão de álcool pelo condutor";"Colisão transversal";"Sem Vítimas";"Plena Noite";"Crescente";"Céu Claro";"Dupla";"Reta";"Sim";4;0;0;0;4;0;0;2;-16,0963;-48,5202;"SPRF-DF";"DEL03-DF";"UOP01-DEL03-DF"
344674;2021-03-06;"sábado";"18:00:00";"MT";364;585;"DIAMANTINO";"Acumulo de água sobre o pavimento";"Saída de leito carroçável";"Com Vítimas Feridas";"Pleno dia";"Decrescente";"Chuva";"Dupla";"Reta";"Não";2;0;1;0;1;0;1;1;-14,62259102;-56,26467497;"SPRF-MT";"DEL01-MT";"UOP01-DEL01-MT"
344675;2021-03-06;"sábado";"17:30:00";"AL";416;45,5;"IBATEGUARA";"Velocidade Incompatível";"Saída de leito carroçável";"Com Vítimas Fatais";"Anoitecer";"Crescente";"Céu Claro";"Simples";"Curva";"Não";1;1;0;0;0;0;0;1;-8,96634294;-35,91488998;"SPRF-AL";"DEL01-AL";"UOP02-DEL01-AL"
344677;2021-03-06;"sábado";"17:20:00";"AC";364;118;"RIO BRANCO";"Avarias e/ou desgaste excessivo no pneu";"Tombamento";"Com Vítimas Feridas";"Pleno dia";"Crescente";"Nublado";"Simples";"Reta";"Sim";2;0;2;0;0;0;2;1;-10,0132196;-67,7137692;"SPRF-AC";"DEL01-AC";"UOP01-DEL01-AC"
344681;2021-03-06;"sábado";"19:55:00";"DF";20;21;"BRASILIA";"Velocidade Incompatível";"Capotamento";"Com Vítimas Feridas";"Plena Noite";"Crescente";"Céu Claro";"Dupla";"Reta";"Sim";2;0;1;0;1;0;1;1;-15,603384;-47,684692;"SPRF-DF";"DEL02-DF";"UOP01-DEL02-DF"
344682;2021-03-06;"sábado";"18:20:00";"AL";104;56,1;"MURICI";"Animais na Pista";"Atropelamento de Animal";"Com Vítimas Feridas";"Plena Noite";"Crescente";"Céu Claro";"Simples";"Reta";"Não";1;0;1;0;0;0;1;1;-9,29114793;-35,96070486;"SPRF-AL";"DEL01-AL";"UOP02-DEL01-AL"
344684;2021-03-06;"sábado";"18:10:00";"MG";50;17,3;"ARAGUARI";"Ausência de reação do condutor";"Capotamento";"Com Vítimas Feridas";"Anoitecer";"Crescente";"Chuva";"Dupla";"Curva";"Não";2;0;2;0;0;0;2;1;-18,56358502;-48,05639606;"SPRF-MG";"DEL15-MG";"UOP02-DEL15-MG"
344685;2021-03-06;"sábado";"19:15:00";"MS";163;485;"CAMPO GRANDE";"Reação tardia ou ineficiente do condutor";"Engavetamento";"Sem Vítimas";"Plena Noite";"Crescente";"Céu Claro";"Simples";"Declive";"Sim";7;0;0;0;6;1;0;3;-20,44233707;-54,54201834;"SPRF-MS";"DEL01-MS";"UOP02-DEL01-MS"
344686;2021-03-06;"sábado";"20:00:00";"MG";40;517;"RIBEIRAO DAS NEVES";"Ingestão de álcool pelo condutor";"Colisão frontal";"Com Vítimas Feridas";"Plena Noite";"Crescente";"Chuva";"Dupla";"Reta";"Sim";4;0;1;0;3;0;1;3;-19,82954384;-44,08341777;"SPRF-MG";"DEL01-MG";"UOP02-DEL01-MG"
344687;2021-03-06;"sábado";"18:30:00";"CE";116;499,2;"BREJO SANTO";"Transitar no acostamento";"Colisão frontal";"Com Vítimas Feridas";"Plena Noite";"Crescente";"Céu Claro";"Simples";"Reta";"Não";3;0;2;0;0;1;2;2;-7,43580996;-38,97316442;"SPRF-CE";"DEL05-CE";"UOP03-DEL05-CE"
344688;2021-03-06;"sábado";"17:40:00";"RJ";393;180;"PARAIBA DO SUL";"Ingestão de álcool pelo condutor";"Saída de leito carroçável";"Sem Vítimas";"Anoitecer";"Decrescente";"Chuva";"Simples";"Reta";"Não";1;0;0;0;1;0;0;1;-22,13161004;-43,24326096;"SPRF-RJ";"DEL05-RJ";"UOP03-DEL05-RJ"
344691;2021-03-06;"sábado";"20:01:00";"RN";101;96;"NATAL";"Ausência de reação do condutor";"Colisão com objeto";"Com Vítimas Feridas";"Plena Noite";"Decrescente";"Céu Claro";"Dupla";"Reta";"Sim";2;0;1;0;1;0;1;2;-5,84949622;-35,20890752;"SPRF-RN";"DEL01-RN";"UOP01-DEL01-RN"
344692;2021-03-06;"sábado";"19:00:00";"CE";222;297,5;"TIANGUA";"Chuva";"Tombamento";"Com Vítimas Feridas";"Plena Noite";"Decrescente";"Chuva";"Simples";"Curva;Declive";"Não";2;0;0;2;0;0;2;1;-3,65826065;-40,92482891;"SPRF-CE";"DEL04-CE";"UOP02-DEL04-CE"
344693;2021-03-06;"sábado";"18:45:00";"RJ";101;408,3;"ITAGUAI";"Reação tardia ou ineficiente do condutor";"Capotamento";"Com Vítimas Feridas";"Plena Noite";"Crescente";"Nublado";"Dupla";"Reta";"Sim";1;0;0;1;0;0;1;1;-22,88087914;-43,82441392;"SPRF-RJ";"DEL03-RJ";"UOP01-DEL03-RJ"
344695;2021-03-06;"sábado";"18:26:00";"PB";104;165,3;"BARRA DE SANTANA";"Deficiência do Sistema de Iluminação/Sinalização";"Colisão traseira";"Com Vítimas Fatais";"Plena Noite";"Crescente";"Céu Claro";"Simples";"Reta";"Não";2;1;0;0;1;0;0;2;-7,55360703;-36,0089637;"SPRF-PB";"DEL02-PB";"UOP03-DEL02-PB"
344696;2021-03-06;"sábado";"20:30:00";"PR";277;688;"SAO MIGUEL DO IGUACU";"Velocidade Incompatível";"Colisão com objeto";"Com Vítimas Feridas";"Plena Noite";"Decrescente";"Céu Claro";"Dupla";"Aclive";"Sim";5;0;0;1;4;0;1;2;-25,34525482;-54,23408504;"SPRF-PR";"DEL05-PR";"UOP01-DEL05-PR"
344697;2021-03-06;"sábado";"18:40:00";"PE";232;30;"MORENO";"Ausência de reação do condutor";"Saída de leito carroçável";"Com Vítimas Fatais";"Plena Noite";"Decrescente";"Nublado";"Simples";"Reta";"Não";2;2;0;0;0;0;0;1;-8,11063325;-35,15197001;"SPRF-PE";"DEL02-PE";"UOP02-DEL02PE"
344698;2021-03-06;"sábado";"20:30:00";"RJ";40;109;"DUQUE DE CAXIAS";"Transitar na contramão";"Colisão transversal";"Sem Vítimas";"Plena Noite";"Decrescente";"Garoa/Chuvisco";"Múltipla";"Interseção de Vias";"Sim";2;0;0;0;2;0;0;2;-22,67374628;-43,28638368;"SPRF-RJ";"DEL01-RJ";"UOP01-DEL01-RJ"
344699;2021-03-06;"sábado";"20:00:00";"MS";163;750;"COXIM";"Animais na Pista";"Atropelamento de Animal";"Com Vítimas Feridas";"Plena Noite";"Decrescente";"Céu Claro";"Simples";"Reta";"Não";1;0;0;1;0;0;1;1;-18,347344;-54,66531613;"SPRF-MS";"DEL06-MS";"UOP01-DEL06-MS"
344701;2021-03-06;"sábado";"20:50:00";"PR";277;6;"PARANAGUA";"Iluminação deficiente";"Atropelamento de Pedestre";"Com Vítimas Feridas";"Plena Noite";"Crescente";"Garoa/Chuvisco";"Dupla";"Reta";"Sim";2;0;0;1;0;1;1;2;-25,55947753;-48,57501984;"SPRF-PR";"DEL01-PR";"UOP05-DEL01-PR"
344705;2021-03-06;"sábado";"20:36:00";"SP";116;96;"PINDAMONHANGABA";"Chuva";"Queda de ocupante de veículo";"Com Vítimas Feridas";"Plena Noite";"Crescente";"Chuva";"Dupla";"Reta";"Sim";3;0;2;0;1;0;2;1;-22,96945055;-45,43869623;"SPRF-SP";"DEL08-SP";"UOP01-DEL08-SP"
344706;2021-03-06;"sábado";"18:50:00";"RJ";116;57,8;"TERESOPOLIS";"Chuva";"Atropelamento de Pedestre";"Com Vítimas Fatais";"Plena Noite";"Crescente";"Chuva";"Simples";"Curva";"Não";2;1;0;0;0;1;0;2;-22,21208668;-42,90068849;"SPRF-RJ";"DEL04-RJ";"UOP01-DEL04-RJ"
344707;2021-03-06;"sábado";"21:00:00";"RJ";101;478;"ANGRA DOS REIS";"Pedestre andava na pista";"Atropelamento de Pedestre";"Com Vítimas Feridas";"Plena Noite";"Decrescente";"Chuva";"Simples";"Curva";"Não";2;0;0;1;1;0;1;2;-23,00246527;-44,27270594;"SPRF-RJ";"DEL03-RJ";"UOP03-DEL03-RJ"
344709;2021-02-26;"sexta-feira";"14:30:00";"RN";226;46;"BOM JESUS";"Reação tardia ou ineficiente do condutor";"Colisão frontal";"Com Vítimas Fatais";"Pleno dia";"Crescente";"Chuva";"Simples";"Reta";"Não";3;1;1;1;0;0;2;2;-5,957439;-35,562833;"SPRF-RN";"DEL03-RN";"UOP02-DEL03-RN"
344710;2021-03-06;"sábado";"21:00:00";"CE";116;37,2;"HORIZONTE";"Demais falhas mecânicas ou elétricas";"Incêndio";"Sem Vítimas";"Plena Noite";"Crescente";"Céu Claro";"Dupla";"Reta";"Sim";1;0;0;0;0;1;0;1;-4,07003597;-38,50180289;"SPRF-CE";"DEL01-CE";"UOP02-DEL01-CE"
344711;2021-03-06;"sábado";"21:00:00";"SC";101;408;"ARARANGUA";"Reação tardia ou ineficiente do condutor";"Colisão traseira";"Com Vítimas Feridas";"Plena Noite";"Crescente";"Ignorado";"Simples";"Reta";"Não";3;0;1;0;2;0;1;3;-28,935;-49,495;"SPRF-SC";"DEL02-SC";"UOP02-DEL02-SC"
344712;2021-03-06;"sábado";"17:45:00";"MG";381;569;"ITAGUARA";"Velocidade Incompatível";"Capotamento";"Com Vítimas Feridas";"Anoitecer";"Crescente";"Chuva";"Dupla";"Curva";"Não";2;0;1;0;1;0;1;1;-20,43178144;-44,55193736;"SPRF-MG";"DEL04-MG";"UOP03-DEL04-MG"
344713;2021-03-06;"sábado";"20:40:00";"PE";101;47,8;"ABREU E LIMA";"Acesso irregular";"Colisão com objeto";"Sem Vítimas";"Plena Noite";"Crescente";"Céu Claro";"Múltipla";"Reta";"Sim";1;0;0;0;1;0;0;1;-7,88290701;-34,90461208;"SPRF-PE";"DEL01-PE";"UOP02-DEL01-PE"
344714;2021-03-06;"sábado";"19:30:00";"SC";282;537,9;"CHAPECO";"Ingestão de álcool pelo condutor";"Capotamento";"Sem Vítimas";"Plena Noite";"Crescente";"Céu Claro";"Simples";"Curva";"Não";1;0;0;0;1;0;0;1;-26,999933;-52,663895;"SPRF-SC";"DEL07-SC";"UOP01-DEL07-SC"
344715;2021-03-06;"sábado";"20:20:00";"MS";463;2;"DOURADOS";"Ingestão de álcool pelo condutor";"Tombamento";"Com Vítimas Feridas";"Plena Noite";"Crescente";"Céu Claro";"Simples";"Reta";"Não";1;0;1;0;0;0;1;1;-22,2591541;-54,823354;"SPRF-MS";"DEL04-MS";"UOP01-DEL04-MS"
344717;2021-03-06;"sábado";"20:10:00";"BA";415;29,1;"ILHEUS";"Iluminação deficiente";"Colisão traseira";"Com Vítimas Fatais";"Plena Noite";"Crescente";"Nublado";"Simples";"Curva";"Não";2;1;0;0;1;0;0;2;-14,789255;-39,217463;"SPRF-BA";"DEL05-BA";"UOP01-DEL05-BA"
344718;2021-03-06;"sábado";"21:00:00";"RJ";101;509;"ANGRA DOS REIS";"Transitar na contramão";"Colisão lateral mesmo sentido";"Sem Vítimas";"Plena Noite";"Crescente";"Chuva";"Simples";"Curva";"Não";4;0;0;0;4;0;0;3;-22,94401;-44,42562;"SPRF-RJ";"DEL03-RJ";"UOP02-DEL03-RJ"
344719;2021-03-06;"sábado";"18:15:00";"RJ";101;524,5;"ANGRA DOS REIS";"Chuva";"Saída de leito carroçável";"Com Vítimas Feridas";"Plena Noite";"Decrescente";"Chuva";"Simples";"Declive";"Sim";1;0;1;0;0;0;1;1;-22,99959786;-44,47765217;"SPRF-RJ";"DEL03-RJ";"UOP02-DEL03-RJ"
344720;2021-03-06;"sábado";"20:45:00";"RR";174;503;"BOA VISTA";"Ingestão de álcool pelo condutor";"Colisão lateral mesmo sentido";"Sem Vítimas";"Plena Noite";"Decrescente";"Céu Claro";"Dupla";"Reta";"Sim";2;0;0;0;2;0;0;2;2,794901;-60,698441;"SPRF-RR";"DEL01-RR";"UOP01-DEL01-RR"
344721;2021-03-06;"sábado";"18:20:00";"GO";50;210;"CAMPO ALEGRE DE GOIAS";"Velocidade Incompatível";"Saída de leito carroçável";"Sem Vítimas";"Anoitecer";"Crescente";"Chuva";"Dupla";"Aclive";"Não";1;0;0;0;1;0;0;1;-17,647;-47,757;"SPRF-GO";"DEL06-GO";"UOP01-DEL06-GO"
344722;2021-03-06;"sábado";"17:40:00";"RR";174;367;"CARACARAI";"Ingestão de álcool e/ou substâncias psicoativas pelo pedestre";"Colisão transversal";"Com Vítimas Feridas";"Pleno dia";"Decrescente";"Céu Claro";"Simples";"Reta";"Sim";3;0;1;1;1;0;2;2;1,821677;-61,139236;"SPRF-RR";"DEL01-RR";"UOP01-DEL01-RR"
344723;2021-03-06;"sábado";"21:30:00";"PR";376;181;"MARINGA";"Ingestão de álcool pelo condutor";"Colisão lateral mesmo sentido";"Sem Vítimas";"Plena Noite";"Crescente";"Céu Claro";"Dupla";"Reta";"Sim";2;0;0;0;2;0;0;2;-23,43197477;-51,88671852;"SPRF-PR";"DEL09-PR";"UOP01-DEL09-PR"
344725;2021-03-06;"sábado";"21:30:00";"SC";282;591;"SAUDADES";"Velocidade Incompatível";"Saída de leito carroçável";"Com Vítimas Feridas";"Plena Noite";"Decrescente";"Céu Claro";"Simples";"Curva";"Não";1;0;1;0;0;0;1;1;-26,8275175;-53,07645321;"SPRF-SC";"DEL07-SC";"UOP02-DEL07-SC"
344726;2021-03-06;"sábado";"21:55:00";"PR";369;149;"LONDRINA";"Velocidade Incompatível";"Colisão traseira";"Com Vítimas Feridas";"Plena Noite";"Crescente";"Garoa/Chuvisco";"Dupla";"Interseção de Vias;Reta";"Sim";2;0;0;1;1;0;1;2;-23,29278;-51,154366;"SPRF-PR";"DEL07-PR";"UOP01-DEL07-PR"
344728;2021-03-06;"sábado";"21:10:00";"RN";226;1,1;"NATAL";"Ausência de reação do condutor";"Colisão lateral sentido oposto";"Sem Vítimas";"Plena Noite";"Decrescente";"Céu Claro";"Simples";"Reta";"Sim";2;0;0;0;2;0;0;2;-5,807359;-35,243101;"SPRF-RN";"DEL01-RN";"UOP02-DEL01-RN"
344729;2021-03-06;"sábado";"22:05:00";"PR";277;707,7;"SANTA TEREZINHA DE ITAIPU";"Ingestão de álcool pelo condutor";"Saída de leito carroçável";"Com Vítimas Feridas";"Plena Noite";"Crescente";"Céu Claro";"Dupla";"Reta";"Sim";1;0;1;0;0;0;1;1;-25,4390402;-54,38645591;"SPRF-PR";"DEL05-PR";"UOP01-DEL05-PR"
344730;2021-03-06;"sábado";"22:00:00";"SE";235;16;"NOSSA SENHORA DO SOCORRO";"Ingestão de álcool pelo condutor";"Saída de leito carroçável";"Com Vítimas Feridas";"Plena Noite";"Crescente";"Ignorado";"Simples";"Reta";"Não";1;0;1;0;0;0;1;1;-10,852552;-37,192886;"SPRF-SE";"DEL01-SE";"UOP02-DEL01-SE"
344731;2021-03-06;"sábado";"22:45:00";"CE";116;28,1;"AQUIRAZ";"Animais na Pista";"Atropelamento de Animal";"Com Vítimas Feridas";"Plena Noite";"Decrescente";"Céu Claro";"Dupla";"Reta";"Não";2;0;1;0;1;0;1;1;-3,993072;-38,516277;"SPRF-CE";"DEL01-CE";"UOP02-DEL01-CE"
344732;2021-03-06;"sábado";"20:55:00";"RJ";101;66;"CAMPOS DOS GOYTACAZES";"Ingestão de álcool pelo condutor";"Colisão lateral mesmo sentido";"Sem Vítimas";"Plena Noite";"Decrescente";"Chuva";"Dupla";"Rotatória";"Sim";3;0;0;0;3;0;0;3;-21,766326;-41,345232;"SPRF-RJ";"DEL08-RJ";"UOP02-DEL08-RJ"
344733;2021-03-06;"sábado";"22:20:00";"RJ";116;175;"NOVA IGUACU";"Chuva";"Colisão traseira";"Sem Vítimas";"Plena Noite";"Crescente";"Chuva";"Dupla";"Reta";"Sim";2;0;0;0;1;1;0;2;-22,76187208;-43,42221921;"SPRF-RJ";"DEL01-RJ";"UOP02-DEL01-RJ"
344734;2021-03-06;"sábado";"22:50:00";"SC";470;118,7;"IBIRAMA";"Acessar a via sem observar a presença dos outros veículos";"Colisão transversal";"Com Vítimas Feridas";"Plena Noite";"Crescente";"Céu Claro";"Simples";"Interseção de Vias";"Sim";5;0;4;0;1;0;4;2;-27,082176;-49,511818;"SPRF-SC";"DEL04-SC";"UOP02-DEL04-SC"
344735;2021-03-06;"sábado";"09:00:00";"MA";135;23;"SAO LUIS";"Acessar a via sem observar a presença dos outros veículos";"Colisão lateral mesmo sentido";"Com Vítimas Feridas";"Pleno dia";"Decrescente";"Chuva";"Múltipla";"Reta";"Sim";2;0;1;0;1;0;1;2;-2,53073;-44,3068;"SPRF-MA";"DEL01-MA";"UOP01-DEL01-MA"
344737;2021-03-06;"sábado";"12:45:00";"MA";135;17;"SAO LUIS";"Reação tardia ou ineficiente do condutor";"Saída de leito carroçável";"Sem Vítimas";"Pleno dia";"Decrescente";"Nublado";"Dupla";"Reta";"Sim";1;0;0;0;1;0;0;1;-2,53073;-44,3068;"SPRF-MA";"DEL01-MA";"UOP01-DEL01-MA"
344738;2021-03-06;"sábado";"22:30:00";"SC";101;24,8;"JOINVILLE";"Desrespeitar a preferência no cruzamento";"Colisão transversal";"Com Vítimas Feridas";"Plena Noite";"Crescente";"Nublado";"Simples";"Interseção de Vias";"Sim";2;0;1;0;1;0;1;2;-26,1834739;-48,9105912;"SPRF-SC";"DEL03-SC";"UOP01-DEL03-SC"
344739;2021-03-06;"sábado";"12:30:00";"MA";135;10;"SAO LUIS";"Ingestão de álcool pelo condutor";"Colisão frontal";"Com Vítimas Feridas";"Pleno dia";"Decrescente";"Nublado";"Dupla";"Reta";"Sim";4;0;2;0;1;1;2;2;-2,53073;-44,3068;"SPRF-MA";"DEL01-MA";"UOP01-DEL01-MA"
344740;2021-03-06;"sábado";"20:50:00";"SP";116;275,6;"EMBU DAS ARTES";"Chuva";"Saída de leito carroçável";"Com Vítimas Feridas";"Plena Noite";"Decrescente";"Garoa/Chuvisco";"Dupla";"Reta";"Sim";1;0;1;0;0;0;1;1;-23,63638826;-46,83251584;"SPRF-SP";"DEL04-SP";"UOP01-DEL04-SP"
344742;2021-03-06;"sábado";"22:00:00";"SC";282;504,4;"XANXERE";"Ingestão de álcool pelo condutor";"Colisão frontal";"Com Vítimas Feridas";"Plena Noite";"Crescente";"Céu Claro";"Simples";"Reta";"Sim";3;0;3;0;0;0;3;2;-26,884584;-52,390911;"SPRF-SC";"DEL07-SC";"UOP01-DEL07-SC"
344744;2021-03-06;"sábado";"22:00:00";"MT";364;206;"RONDONOPOLIS";"Pista Escorregadia";"Colisão com objeto";"Com Vítimas Feridas";"Plena Noite";"Crescente";"Chuva";"Dupla";"Reta";"Não";1;0;0;1;0;0;1;1;-16,45124779;-54,66469557;"SPRF-MT";"DEL02-MT";"UOP01-DEL02-MT"
344745;2021-03-06;"sábado";"19:55:00";"BA";101;110;"ALAGOINHAS";"Condutor deixou de manter distância do veículo da frente";"Colisão lateral sentido oposto";"Com Vítimas Feridas";"Plena Noite";"Decrescente";"Nublado";"Simples";"Viaduto";"Não";3;0;2;0;1;0;2;1;-12,1569447;-38,5033589;"SPRF-BA";"DEL01-BA";"UOP04-DEL01-BA"
344746;2021-03-06;"sábado";"23:41:00";"PR";277;591,7;"CASCAVEL";"Velocidade Incompatível";"Colisão frontal";"Com Vítimas Fatais";"Plena Noite";"Decrescente";"Céu Claro";"Simples";"Reta";"Sim";2;1;0;0;1;0;0;2;-24,9840289;-53,4721069;"SPRF-PR";"DEL04-PR";"UOP01-DEL04-PR"
344747;2021-03-06;"sábado";"21:02:00";"MA";10;246;"IMPERATRIZ";"Condutor deixou de manter distância do veículo da frente";"Colisão traseira";"Com Vítimas Fatais";"Plena Noite";"Crescente";"Céu Claro";"Simples";"Reta";"Sim";3;1;0;0;2;0;0;2;-5,581313;-47,438831;"SPRF-MA";"DEL04-MA";"UOP01-DEL04-MA"
344748;2021-03-06;"sábado";"22:00:00";"RJ";40;118;"DUQUE DE CAXIAS";"Acumulo de água sobre o pavimento";"Colisão traseira";"Com Vítimas Feridas";"Plena Noite";"Crescente";"Chuva";"Dupla";"Reta";"Sim";7;0;4;0;3;0;4;2;-22,75470802;-43,28737838;"SPRF-RJ";"DEL01-RJ";"UOP01-DEL01-RJ"
344749;2021-03-06;"sábado";"23:30:00";"SC";470;110,8;"APIUNA";"Velocidade Incompatível";"Colisão com objeto";"Com Vítimas Fatais";"Plena Noite";"Decrescente";"Céu Claro";"Simples";"Curva;Ponte";"Não";1;1;0;0;0;0;0;1;-27,09782933;-49,45833027;"SPRF-SC";"DEL04-SC";"UOP02-DEL04-SC"
344751;2021-03-07;"domingo";"00:00:00";"MG";40;797,2;"JUIZ DE FORA";"Velocidade Incompatível";"Saída de leito carroçável";"Com Vítimas Feridas";"Plena Noite";"Crescente";"Céu Claro";"Dupla";"Curva";"Não";3;0;3;0;0;0;3;1;-21,81520106;-43,38621008;"SPRF-MG";"DEL05-MG";"UOP01-DEL05-MG"
344752;2021-03-06;"sábado";"23:30:00";"SP";116;78,1;"ROSEIRA";"Chuva";"Colisão traseira";"Com Vítimas Feridas";"Plena Noite";"Decrescente";"Chuva";"Dupla";"Reta";"Não";3;0;1;1;1;0;2;2;-22,88827387;-45,28605223;"SPRF-SP";"DEL08-SP";"UOP01-DEL08-SP"
344753;2021-03-06;"sábado";"22:20:00";"BA";242;402;"SEABRA";"Transitar na contramão";"Colisão lateral sentido oposto";"Com Vítimas Feridas";"Plena Noite";"Crescente";"Céu Claro";"Simples";"Curva";"Não";2;0;2;0;0;0;2;2;-12,47110529;-41,70823799;"SPRF-BA";"DEL06-BA";"UOP01-DEL06-BA"
344755;2021-03-07;"domingo";"00:45:00";"RJ";40;119;"DUQUE DE CAXIAS";"Chuva";"Colisão traseira";"Sem Vítimas";"Plena Noite";"Decrescente";"Chuva";"Múltipla";"Reta";"Não";2;0;0;0;0;2;0;2;-22,76375592;-43,28683062;"SPRF-RJ";"DEL01-RJ";"UOP01-DEL01-RJ"
344756;2021-03-07;"domingo";"01:00:00";"SC";101;38,5;"JOINVILLE";"Desrespeitar a preferência no cruzamento";"Colisão transversal";"Com Vítimas Feridas";"Plena Noite";"Crescente";"Nublado";"Dupla";"Rotatória;Interseção de Vias;Viaduto";"Sim";3;0;2;0;1;0;2;2;-26,29628137;-48,88435364;"SPRF-SC";"DEL03-SC";"UOP01-DEL03-SC"
344757;2021-03-06;"sábado";"22:50:00";"MG";354;770,5;"ITAMONTE";"Reação tardia ou ineficiente do condutor";"Saída de leito carroçável";"Com Vítimas Feridas";"Plena Noite";"Decrescente";"Chuva";"Simples";"Curva";"Não";2;0;2;0;0;0;2;1;-22,36143805;-44,77808302;"SPRF-MG";"DEL17-MG";"UOP01-DEL17-MG"
344760;2021-03-06;"sábado";"23:40:00";"RJ";116;137;"DUQUE DE CAXIAS";"Acumulo de água sobre o pavimento";"Tombamento";"Sem Vítimas";"Plena Noite";"Crescente";"Chuva";"Dupla";"Reta";"Sim";1;0;0;0;1;0;0;1;-22,64791994;-43,18200799;"SPRF-RJ";"DEL04-RJ";"UOP02-DEL04-RJ"
344761;2021-03-07;"domingo";"00:45:00";"PR";476;147;"CURITIBA";"Manobra de mudança de faixa";"Colisão traseira";"Com Vítimas Feridas";"Plena Noite";"Decrescente";"Nublado";"Dupla";"Reta";"Não";2;0;0;2;0;0;2;2;-25,555133;-49,34054;"SPRF-PR";"DEL01-PR";"UOP03-DEL01-PR"
344762;2021-03-06;"sábado";"16:30:00";"RJ";40;47;"PETROPOLIS";"Velocidade Incompatível";"Colisão com objeto";"Com Vítimas Feridas";"Pleno dia";"Crescente";"Céu Claro";"Simples";"Reta";"Não";1;0;1;0;0;0;1;1;-22,29169833;-43,1279826;"SPRF-RJ";"DEL05-RJ";"UOP02-DEL05-RJ"
344763;2021-03-07;"domingo";"01:50:00";"SC";101;219,9;"PALHOCA";"Ingestão de álcool pelo condutor";"Saída de leito carroçável";"Com Vítimas Feridas";"Plena Noite";"Crescente";"Nublado";"Simples";"Curva";"Não";1;0;1;0;0;0;1;1;-27,68392194;-48,66710085;"SPRF-SC";"DEL01-SC";"UOP02-DEL01-SC"
344765;2021-03-07;"domingo";"02:15:00";"PR";116;117;"CURITIBA";"Ingestão de álcool pelo condutor";"Colisão com objeto";"Sem Vítimas";"Plena Noite";"Crescente";"Nublado";"Dupla";"Aclive";"Sim";1;0;0;0;0;1;0;1;-25,54988723;-49,28248211;"SPRF-PR";"DEL01-PR";"UOP01-DEL01-PR"
344766;2021-03-06;"sábado";"20:10:00";"ES";259;100,9;"BAIXO GUANDU";"Ausência de reação do condutor";"Colisão lateral mesmo sentido";"Com Vítimas Feridas";"Plena Noite";"Decrescente";"Nublado";"Simples";"Reta";"Sim";2;0;0;1;1;0;1;2;-19,522022;-41,01212;"SPRF-ES";"DEL02-ES";"UOP01-DEL02-ES"
344767;2021-03-07;"domingo";"02:15:00";"MG";40;503,7;"ESMERALDAS";"Ingestão de álcool pelo condutor";"Saída de leito carroçável";"Sem Vítimas";"Plena Noite";"Decrescente";"Garoa/Chuvisco";"Dupla";"Reta;Declive";"Sim";1;0;0;0;1;0;0;1;-19,727;-44,15369;"SPRF-MG";"DEL02-MG";"UOP01-DEL02-MG"