"id";"data_inversa";"dia_semana";"horario";"uf";"br";"km";"municipio";"causa_acidente";"tipo_acidente";"classificacao_acidente";"fase_dia";"sentido_via";"condicao_metereologica";"tipo_pista";"tracado_via";"uso_solo";"pessoas";"mortos";"feridos_leves";"feridos_graves";"ilesos";"ignorados";"feridos";"veiculos";"latitude";"longitude";"regional";"delegacia";"uop"
344768;2021-03-07;"domingo";"02:55:00";"MG";381;440;"SABARA";"Animais na Pista";"Atropelamento de Animal";"Com Vítimas Fatais";"Plena Noite";"Decrescente";"Nevoeiro/Neblina";"Simples";"Reta";"Sim";1;1;0;0;0;0;0;1;-19,81160206;-43,79604396;"SPRF-MG";"DEL01-MG";"UOP01-DEL01-MG"
344769;2021-03-07;"domingo";"02:39:00";"RJ";40;112;"DUQUE DE CAXIAS";"Reação tardia ou ineficiente do condutor";"Colisão traseira";"Sem Vítimas";"Plena Noite";"Crescente";"Chuva";"Dupla";"Reta";"Sim";2;0;0;0;1;1;0;2;-22,7004454;-43,29014851;"SPRF-RJ";"DEL01-RJ";"UOP01-DEL01-RJ"
344770;2021-03-07;"domingo";"02:00:00";"PB";104;102,5;"SAO SEBASTIAO DE LAGOA DE  ROCA";"Manobra de mudança de faixa";"Colisão frontal";"Com Vítimas Feridas";"Pleno dia";"Decrescente";"Céu Claro";"Simples";"Reta";"Não";2;0;2;0;0;0;2;2;-7,06249;-35,85547;"SPRF-PB";"DEL02-PB";"UOP04-DEL02-PB"
344773;2021-03-07;"domingo";"02:55:00";"MG";40;464;"SETE LAGOAS";"Velocidade Incompatível";"Colisão com objeto";"Com Vítimas Feridas";"Plena Noite";"Decrescente";"Nublado";"Dupla";"Reta;Declive";"Não";2;0;0;2;0;0;2;1;-19,43114353;-44,33635712;"SPRF-MG";"DEL02-MG";"UOP01-DEL02-MG"
344774;2021-03-07;"domingo";"02:30:00";"PB";230;15;"JOAO PESSOA";"Velocidade Incompatível";"Colisão com objeto";"Com Vítimas Feridas";"Plena Noite";"Decrescente";"Céu Claro";"Dupla";"Curva;Declive";"Sim";1;0;1;0;0;0;1;1;-7,093;-34,8482;"SPRF-PB";"DEL01-PB";"UOP01-DEL01-PB"
344775;2021-03-07;"domingo";"01:30:00";"BA";367;69;"EUNAPOLIS";"Ingestão de álcool pelo condutor";"Saída de leito carroçável";"Com Vítimas Fatais";"Plena Noite";"Decrescente";"Céu Claro";"Simples";"Reta";"Não";4;1;1;2;0;0;3;1;-16,38921892;-39,45315622;"SPRF-BA";"DEL09-BA";"UOP01-DEL09-BA"
344776;2021-03-07;"domingo";"02:00:00";"PR";376;408,7;"TIBAGI";"Ingestão de álcool pelo condutor";"Saída de leito carroçável";"Sem Vítimas";"Plena Noite";"Crescente";"Céu Claro";"Dupla";"Reta";"Não";1;0;0;0;1;0;0;1;-24,65258258;-50,61839089;"SPRF-PR";"DEL03-PR";"UOP02-DEL03-PR"
344777;2021-03-07;"domingo";"03:30:00";"GO";70;5;"AGUAS LINDAS DE GOIAS";"Condutor Dormindo";"Saída de leito carroçável";"Sem Vítimas";"Plena Noite";"Crescente";"Nublado";"Dupla";"Reta";"Sim";1;0;0;0;0;1;0;1;-15,75434076;-48,25736046;"SPRF-DF";"DEL03-DF";"UOP02-DEL03-DF"
344779;2021-03-07;"domingo";"00:30:00";"MG";40;787,2;"JUIZ DE FORA";"Pedestre cruzava a pista fora da faixa";"Atropelamento de Pedestre";"Com Vítimas Feridas";"Plena Noite";"Decrescente";"Chuva";"Dupla";"Reta";"Não";2;0;1;0;0;1;1;2;-21,73607735;-43,44262787;"SPRF-MG";"DEL05-MG";"UOP01-DEL05-MG"
344780;2021-03-07;"domingo";"02:40:00";"PI";316;21,8;"TERESINA";"Ingestão de álcool pelo condutor";"Saída de leito carroçável";"Com Vítimas Feridas";"Plena Noite";"Decrescente";"Céu Claro";"Simples";"Curva";"Não";1;0;1;0;0;0;1;1;-5,26746306;-42,72741334;"SPRF-PI";"DEL01-PI";"UOP02-DEL01-PI"
344782;2021-03-07;"domingo";"03:10:00";"SC";101;331,5;"TUBARAO";"Ingestão de álcool pelo condutor";"Saída de leito carroçável";"Com Vítimas Feridas";"Plena Noite";"Decrescente";"Céu Claro";"Simples";"Reta";"Sim";1;0;1;0;0;0;1;1;-28,45567521;-48,9812689;"SPRF-SC";"DEL02-SC";"UOP01-DEL02-SC"
344783;2021-03-07;"domingo";"05:00:00";"MG";116;406,7;"GOVERNADOR VALADARES";"Ingestão de álcool pelo condutor";"Saída de leito carroçável";"Com Vítimas Feridas";"Amanhecer";"Decrescente";"Nublado";"Simples";"Interseção de Vias";"Não";1;0;0;1;0;0;1;1;-18,82669347;-41,98753335;"SPRF-MG";"DEL06-MG";"UOP01-DEL06-MG"
344784;2021-02-22;"segunda-feira";"13:30:00";"MG";267;239;"SERITINGA";"Reação tardia ou ineficiente do condutor";"Saída de leito carroçável";"Com Vítimas Feridas";"Pleno dia";"Decrescente";"Ignorado";"Simples";"Curva";"Não";1;0;1;0;0;0;1;1;-21,92455614;-44,39391397;"SPRF-MG";"DEL17-MG";"UOP01-DEL17-MG"
344785;2021-03-07;"domingo";"04:45:00";"SC";101;50,3;"JOINVILLE";"Ingestão de álcool pelo condutor";"Colisão com objeto";"Com Vítimas Feridas";"Plena Noite";"Decrescente";"Céu Claro";"Dupla";"Curva";"Não";1;0;1;0;0;0;1;1;-26,37546719;-48,85479619;"SPRF-SC";"DEL03-SC";"UOP01-DEL03-SC"
344786;2021-03-07;"domingo";"05:00:00";"MG";40;524;"CONTAGEM";"Pedestre andava na pista";"Atropelamento de Pedestre";"Com Vítimas Fatais";"Amanhecer";"Decrescente";"Nublado";"Dupla";"Reta";"Sim";2;1;0;0;1;0;0;2;-19,8754469;-44,05345586;"SPRF-MG";"DEL01-MG";"UOP02-DEL01-MG"
344787;2021-03-07;"domingo";"03:50:00";"GO";50;289;"CATALAO";"Animais na Pista";"Atropelamento de Animal";"Sem Vítimas";"Plena Noite";"Decrescente";"Chuva";"Dupla";"Reta";"Não";4;0;0;0;4;0;0;1;-18,2407;-47,9885;"SPRF-GO";"DEL06-GO";"UOP01-DEL06-GO"
344789;2021-03-07;"domingo";"04:40:00";"MG";381;681,4;"PERDOES";"Condutor Dormindo";"Saída de leito carroçável";"Com Vítimas Feridas";"Plena Noite";"Decrescente";"Ignorado";"Dupla";"Curva";"Não";3;0;3;0;0;0;3;1;-21,16168571;-45,12045619;"SPRF-MG";"DEL04-MG";"UOP02-DEL04-MG"
344790;2021-03-07;"domingo";"06:35:00";"PB";230;54;"CRUZ DO ESPIRITO SANTO";"Condutor Dormindo";"Saída de leito carroçável";"Com Vítimas Feridas";"Pleno dia";"Decrescente";"Céu Claro";"Dupla";"Reta";"Não";2;0;2;0;0;0;2;1;-7,2007;-35,0854;"SPRF-PB";"DEL01-PB";"UOP03-DEL01-PB"
344791;2021-03-07;"domingo";"04:45:00";"SP";116;2,8;"QUELUZ";"Acumulo de água sobre o pavimento";"Colisão lateral mesmo sentido";"Com Vítimas Feridas";"Amanhecer";"Crescente";"Garoa/Chuvisco";"Dupla";"Curva";"Não";2;0;1;0;1;0;1;1;-22,52224482;-44,7168661;"SPRF-SP";"DEL08-SP";"UOP02-DEL08-SP"
344792;2021-03-07;"domingo";"06:00:00";"MS";262;314;"CAMPO GRANDE";"Ingestão de substâncias psicoativas pelo condutor";"Saída de leito carroçável";"Sem Vítimas";"Pleno dia";"Decrescente";"Céu Claro";"Simples";"Reta";"Não";1;0;0;0;0;1;0;1;-20,47232929;-54,41992701;"SPRF-MS";"DEL01-MS";"UOP01-DEL01-MS"
344793;2021-03-07;"domingo";"04:15:00";"ES";101;3;"PEDRO CANARIO";"Condutor usando celular";"Saída de leito carroçável";"Sem Vítimas";"Amanhecer";"Crescente";"Céu Claro";"Simples";"Reta";"Não";1;0;0;0;0;1;0;1;-18,19921203;-39,92892595;"SPRF-ES";"DEL04-ES";"UOP02-DEL04-ES"
344794;2021-03-06;"sábado";"13:00:00";"MT";174;123;"MIRASSOL DOESTE";"Animais na Pista";"Capotamento";"Com Vítimas Feridas";"Pleno dia";"Crescente";"Céu Claro";"Simples";"Reta";"Não";1;0;1;0;0;0;1;1;-15,82660851;-58,07304382;"SPRF-MT";"DEL03-MT";"UOP01-DEL03-MT"
344795;2021-03-07;"domingo";"06:17:00";"MG";381;862,9;"POUSO ALEGRE";"Chuva";"Saída de leito carroçável";"Sem Vítimas";"Pleno dia";"Crescente";"Chuva";"Dupla";"Reta";"Não";1;0;0;0;0;1;0;1;-22,37453071;-45,93949727;"SPRF-MG";"DEL16-MG";"UOP01-DEL16-MG"
344797;2021-03-06;"sábado";"19:40:00";"MG";262;606,7;"CAMPOS ALTOS";"Velocidade Incompatível";"Colisão com objeto";"Com Vítimas Feridas";"Plena Noite";"Decrescente";"Chuva";"Simples";"Curva";"Não";3;0;3;0;0;0;3;1;-19,63074085;-46,26259386;"SPRF-MG";"DEL08-MG";"UOP02-DEL08-MG"
344798;2021-03-07;"domingo";"06:30:00";"SP";116;188;"SANTA ISABEL";"Pista Escorregadia";"Saída de leito carroçável";"Com Vítimas Feridas";"Pleno dia";"Decrescente";"Chuva";"Dupla";"Reta";"Não";5;0;2;0;3;0;2;1;-23,3594352;-46,21675791;"SPRF-SP";"DEL01-SP";"UOP01-DEL01-SP"
344800;2021-01-20;"quarta-feira";"20:30:00";"GO";60;91;"ANAPOLIS";"Acessar a via sem observar a presença dos outros veículos";"Saída de leito carroçável";"Com Vítimas Feridas";"Plena Noite";"Decrescente";"Céu Claro";"Dupla";"Declive";"Não";2;0;1;0;0;1;1;2;-16,3491;-48,9095;"SPRF-GO";"DEL02-GO";"UOP01-DEL02-GO"
344801;2021-03-06;"sábado";"22:08:00";"MT";163;780;"SORRISO";"Acessar a via sem observar a presença dos outros veículos";"Colisão frontal";"Com Vítimas Fatais";"Plena Noite";"Decrescente";"Céu Claro";"Simples";"Reta";"Não";4;1;1;1;1;0;2;2;-12,44381988;-55,65547316;"SPRF-MT";"DEL06-MT";"UOP01-DEL06-MT"
344802;2021-03-06;"sábado";"18:23:00";"MT";163;802;"VERA";"Pista esburacada";"Queda de ocupante de veículo";"Com Vítimas Feridas";"Anoitecer";"Crescente";"Nublado";"Simples";"Curva";"Não";1;0;1;0;0;0;1;1;-12,159507;-55,513489;"SPRF-MT";"DEL06-MT";"UOP01-DEL06-MT"
344804;2021-03-06;"sábado";"18:13:00";"SP";116;323;"JUQUITIBA";"Pista Escorregadia";"Saída de leito carroçável";"Com Vítimas Feridas";"Anoitecer";"Crescente";"Garoa/Chuvisco";"Dupla";"Curva";"Não";2;0;1;0;1;0;1;1;-23,93663197;-47,03568002;"SPRF-SP";"DEL04-SP";"UOP01-DEL04-SP"
344806;2021-01-21;"quinta-feira";"19:50:00";"MG";365;611;"UBERLANDIA";"Transitar na contramão";"Colisão frontal";"Com Vítimas Feridas";"Plena Noite";"Decrescente";"Céu Claro";"Dupla";"Reta";"Sim";2;0;0;1;1;0;1;2;-18,92662589;-48,19588423;"SPRF-MG";"DEL15-MG";"UOP01-DEL15-MG"
344812;2021-02-26;"sexta-feira";"17:50:00";"PA";163;1002;"SANTAREM";"Ingestão de álcool pelo condutor";"Colisão traseira";"Sem Vítimas";"Anoitecer";"Decrescente";"Nublado";"Simples";"Reta";"Sim";2;0;0;0;2;0;0;2;-2,45028856;-54,72987782;"SPRF-PA";"DEL05-PA";"UOP01-DEL05-PA"
344813;2021-03-07;"domingo";"09:00:00";"PE";408;50;"NAZARE DA MATA";"Transitar no acostamento";"Colisão frontal";"Com Vítimas Feridas";"Pleno dia";"Decrescente";"Céu Claro";"Simples";"Curva";"Não";3;0;3;0;0;0;3;2;-7,72936151;-35,23879305;"SPRF-PE";"DEL01-PE";"UOP01-DEL01-PE"
344815;2021-03-07;"domingo";"09:45:00";"PR";376;679,5;"GUARATUBA";"Velocidade Incompatível";"Queda de ocupante de veículo";"Com Vítimas Feridas";"Pleno dia";"Crescente";"Nublado";"Dupla";"Curva";"Não";2;0;0;1;1;0;1;2;-25,95050276;-48,90514477;"SPRF-PR";"DEL01-PR";"UOP04-DEL01-PR"
344816;2021-03-07;"domingo";"10:25:00";"PR";369;156;"LONDRINA";"Condutor desrespeitou a iluminação vermelha do semáforo";"Queda de ocupante de veículo";"Com Vítimas Feridas";"Pleno dia";"Decrescente";"Céu Claro";"Dupla";"Interseção de Vias";"Sim";2;0;0;1;1;0;1;2;-23,28965508;-51,22157961;"SPRF-PR";"DEL07-PR";"UOP01-DEL07-PR"
344817;2021-03-07;"domingo";"09:30:00";"MG";116;172,9;"PADRE PARAISO";"Transitar na contramão";"Colisão frontal";"Com Vítimas Feridas";"Pleno dia";"Crescente";"Céu Claro";"Simples";"Declive;Reta";"Não";2;0;2;0;0;0;2;2;-17,0349218;-41,44693542;"SPRF-MG";"DEL11-MG";"UOP02-DEL11-MG"
344819;2021-03-07;"domingo";"08:20:00";"SC";101;136,2;"BALNEARIO CAMBORIU";"Condutor deixou de manter distância do veículo da frente";"Colisão traseira";"Com Vítimas Feridas";"Pleno dia";"Crescente";"Céu Claro";"Dupla";"Reta";"Sim";7;0;5;1;1;0;6;2;-27,008113;-48,617245;"SPRF-SC";"DEL04-SC";"UOP03-DEL04-SC"
344820;2021-01-18;"segunda-feira";"09:00:00";"MT";70;619,6;"POCONE";"Avarias e/ou desgaste excessivo no pneu";"Saída de leito carroçável";"Com Vítimas Feridas";"Pleno dia";"Decrescente";"Garoa/Chuvisco";"Simples";"Curva";"Não";1;0;0;1;0;0;1;1;-15,88275842;-56,87894288;"SPRF-MT";"DEL03-MT";"UOP02-DEL03-MT"
344821;2021-03-07;"domingo";"09:30:00";"RJ";116;128,9;"MAGE";"Chuva";"Saída de leito carroçável";"Com Vítimas Feridas";"Pleno dia";"Decrescente";"Chuva";"Dupla";"Curva";"Não";1;0;1;0;0;0;1;1;-22,6657139;-43,10092001;"SPRF-RJ";"DEL04-RJ";"UOP02-DEL04-RJ"
344822;2021-03-07;"domingo";"10:55:00";"SP";116;60,4;"GUARATINGUETA";"Reação tardia ou ineficiente do condutor";"Saída de leito carroçável";"Com Vítimas Feridas";"Pleno dia";"Decrescente";"Nublado";"Dupla";"Reta";"Sim";4;0;2;0;2;0;2;1;-22,79361053;-45,16453743;"SPRF-SP";"DEL08-SP";"UOP01-DEL08-SP"
344823;2021-03-07;"domingo";"11:45:00";"SE";235;60,4;"ITABAIANA";"Ausência de reação do condutor";"Colisão frontal";"Com Vítimas Feridas";"Pleno dia";"Decrescente";"Céu Claro";"Simples";"Curva";"Não";7;0;3;4;0;0;7;3;-10,626542;-37,463253;"SPRF-SE";"DEL01-SE";"UOP02-DEL01-SE"
344827;2021-03-07;"domingo";"12:15:00";"GO";60;67,7;"ABADIANIA";"Ausência de reação do condutor";"Saída de leito carroçável";"Com Vítimas Fatais";"Pleno dia";"Decrescente";"Céu Claro";"Dupla";"Reta";"Não";3;1;0;0;2;0;0;1;-16,2217;-48,7502;"SPRF-GO";"DEL02-GO";"UOP01-DEL02-GO"
344828;2021-03-07;"domingo";"11:25:00";"RJ";116;226,5;"PIRAI";"Acumulo de óleo sobre o pavimento";"Queda de ocupante de veículo";"Com Vítimas Feridas";"Pleno dia";"Decrescente";"Chuva";"Simples";"Curva";"Não";1;0;1;0;0;0;1;1;-22,67208078;-43,81789284;"SPRF-RJ";"DEL07-RJ";"UOP01-DEL07-RJ"
344829;2021-03-07;"domingo";"12:20:00";"SC";101;208;"SAO JOSE";"Demais falhas mecânicas ou elétricas";"Tombamento";"Com Vítimas Feridas";"Pleno dia";"Decrescente";"Céu Claro";"Dupla";"Curva";"Sim";2;0;2;0;0;0;2;1;-27,60327979;-48,63201818;"SPRF-SC";"DEL01-SC";"UOP01-DEL01-SC"
344830;2021-03-07;"domingo";"11:29:00";"MG";381;250;"SANTANA DO PARAISO";"Condutor deixou de manter distância do veículo da frente";"Colisão traseira";"Com Vítimas Feridas";"Pleno dia";"Crescente";"Céu Claro";"Simples";"Interseção de Vias";"Sim";3;0;2;0;1;0;2;2;-19,45477879;-42,52238989;"SPRF-MG";"DEL06-MG";"UOP01-DEL06-MG"
344832;2021-03-07;"domingo";"08:50:00";"SP";116;561,7;"BARRA DO TURVO";"Pista Escorregadia";"Colisão com objeto";"Com Vítimas Feridas";"Pleno dia";"Crescente";"Chuva";"Dupla";"Curva";"Não";2;0;1;0;1;0;1;1;-25,02045097;-48,51586004;"SPRF-SP";"DEL05-SP";"UOP02-DEL05-SP"
344833;2021-03-07;"domingo";"08:00:00";"RO";364;353;"JI-PARANA";"Ausência de reação do condutor";"Queda de ocupante de veículo";"Com Vítimas Feridas";"Pleno dia";"Decrescente";"Nublado";"Simples";"Declive";"Não";1;0;0;1;0;0;1;1;-10,82470302;-62,01461304;"SPRF-RO";"DEL02-RO";"UOP01-DEL02-RO"
344835;2021-03-07;"domingo";"11:00:00";"RJ";40;78;"PETROPOLIS";"Avarias e/ou desgaste excessivo no pneu";"Colisão com objeto";"Com Vítimas Feridas";"Pleno dia";"Crescente";"Nublado";"Dupla";"Curva";"Não";4;0;2;0;2;0;2;1;-22,48485874;-43,22843406;"SPRF-RJ";"DEL06-RJ";"UOP01-DEL06-RJ"
344836;2021-03-07;"domingo";"06:30:00";"BA";330;827;"JITAUNA";"Manobra de mudança de faixa";"Saída de leito carroçável";"Com Vítimas Feridas";"Pleno dia";"Crescente";"Céu Claro";"Simples";"Declive";"Não";1;0;1;0;0;0;1;1;-14,05879079;-39,79541964;"SPRF-BA";"DEL03-BA";"UOP01-DEL03-BA"
344837;2021-03-07;"domingo";"13:30:00";"SC";101;192;"BIGUACU";"Ingestão de álcool pelo condutor";"Queda de ocupante de veículo";"Com Vítimas Feridas";"Pleno dia";"Crescente";"Céu Claro";"Simples";"Declive";"Sim";2;0;1;0;1;0;1;2;-27,48443781;-48,64765238;"SPRF-SC";"DEL01-SC";"UOP01-DEL01-SC"
344838;2021-03-07;"domingo";"13:45:00";"PR";369;235;"JANDAIA DO SUL";"Transitar na contramão";"Colisão frontal";"Com Vítimas Feridas";"Pleno dia";"Crescente";"Nublado";"Simples";"Reta";"Não";2;0;0;1;1;0;1;2;-23,63404696;-51,67591095;"SPRF-PR";"DEL09-PR";"UOP01-DEL09-PR"
344843;2021-03-07;"domingo";"13:40:00";"SP";116;269,1;"TABOAO DA SERRA";"Ausência de reação do condutor";"Colisão traseira";"Sem Vítimas";"Pleno dia";"Decrescente";"Nublado";"Dupla";"Reta";"Sim";2;0;0;0;1;1;0;2;-23,61593059;-46,78826044;"SPRF-SP";"DEL04-SP";"UOP01-DEL04-SP"
344844;2021-03-07;"domingo";"13:20:00";"MS";163;727;"COXIM";"Desrespeitar a preferência no cruzamento";"Colisão transversal";"Com Vítimas Feridas";"Pleno dia";"Crescente";"Céu Claro";"Simples";"Reta";"Sim";2;0;1;0;1;0;1;2;-18,53607086;-54,74294349;"SPRF-MS";"DEL06-MS";"UOP01-DEL06-MS"
344845;2021-03-07;"domingo";"13:20:00";"PE";232;408,9;"SERRA TALHADA";"Acessar a via sem observar a presença dos outros veículos";"Colisão transversal";"Sem Vítimas";"Pleno dia";"Decrescente";"Sol";"Simples";"Interseção de Vias";"Sim";9;0;0;0;9;0;0;2;-7,9826846;-38,28640938;"SPRF-PE";"DEL04-PE";"UOP01-DEL04-PE"
344846;2021-03-07;"domingo";"10:00:00";"MT";364;345,5;"SANTO ANTONIO DO LEVERGER";"Velocidade Incompatível";"Saída de leito carroçável";"Com Vítimas Feridas";"Pleno dia";"Decrescente";"Nublado";"Dupla";"Curva";"Não";1;0;0;1;0;0;1;1;-15,81787097;-55,53388099;"SPRF-MT";"DEL05-MT";"UOP02-DEL05-MT"
344847;2021-03-07;"domingo";"14:34:00";"SP";116;192;"SANTA ISABEL";"Velocidade Incompatível";"Saída de leito carroçável";"Sem Vítimas";"Pleno dia";"Decrescente";"Garoa/Chuvisco";"Dupla";"Curva";"Não";2;0;0;0;2;0;0;1;-23,376923;-46,249733;"SPRF-SP";"DEL01-SP";"UOP01-DEL01-SP"
344849;2021-02-05;"sexta-feira";"00:35:00";"SC";282;26,6;"SANTO AMARO DA IMPERATRIZ";"Ingestão de álcool pelo condutor";"Colisão com objeto";"Com Vítimas Fatais";"Plena Noite";"Decrescente";"Céu Claro";"Simples";"Reta";"Sim";5;1;0;1;1;2;1;4;-27,6744009;-48,7690255;"SPRF-SC";"DEL01-SC";"UOP03-DEL01-SC"
344850;2021-03-07;"domingo";"14:00:00";"RJ";40;68;"PETROPOLIS";"Ingestão de álcool pelo condutor";"Colisão com objeto";"Com Vítimas Feridas";"Pleno dia";"Decrescente";"Chuva";"Dupla";"Curva";"Não";2;0;1;0;1;0;1;1;-22,44145519;-43,18734169;"SPRF-RJ";"DEL06-RJ";"UOP01-DEL06-RJ"
344851;2021-03-07;"domingo";"14:30:00";"BA";116;439,8;"FEIRA DE SANTANA";"Condutor Dormindo";"Tombamento";"Sem Vítimas";"Pleno dia";"Crescente";"Céu Claro";"Dupla";"Aclive";"Não";1;0;0;0;1;0;0;1;-12,32191792;-39,05070505;"SPRF-BA";"DEL02-BA";"UOP01-DEL02-BA"
344852;2021-03-07;"domingo";"14:40:00";"DF";70;7,2;"BRASILIA";"Manobra de mudança de faixa";"Colisão lateral mesmo sentido";"Com Vítimas Feridas";"Pleno dia";"Decrescente";"Céu Claro";"Dupla";"Reta";"Não";3;0;2;0;0;1;2;2;-15,787601;-48,114429;"SPRF-DF";"DEL03-DF";"UOP02-DEL03-DF"
344853;2021-03-07;"domingo";"15:00:00";"PR";116;6,9;"CAMPINA GRANDE DO SUL";"Reação tardia ou ineficiente do condutor";"Saída de leito carroçável";"Com Vítimas Feridas";"Pleno dia";"Crescente";"Chuva";"Dupla";"Curva";"Não";1;0;1;0;0;0;1;1;-25,08710459;-48,60776389;"SPRF-PR";"DEL01-PR";"UOP02-DEL01-PR"
344854;2021-03-07;"domingo";"14:10:00";"SE";101;49,2;"JAPARATUBA";"Acessar a via sem observar a presença dos outros veículos";"Colisão traseira";"Sem Vítimas";"Pleno dia";"Crescente";"Céu Claro";"Dupla";"Interseção de Vias;Curva";"Não";4;0;0;0;4;0;0;2;-10,59423;-36,97488;"SPRF-SE";"DEL02-SE";"UOP02-DEL02-SE"
344855;2021-02-15;"segunda-feira";"01:20:00";"PR";116;71;"SAO JOSE DOS PINHAIS";"Ausência de reação do condutor";"Saída de leito carroçável";"Sem Vítimas";"Plena Noite";"Crescente";"Céu Claro";"Dupla";"Curva";"Não";1;0;0;0;1;0;0;1;-25,51030116;-49,13103741;"SPRF-PR";"DEL01-PR";"UOP01-DEL01-PR"
344856;2021-03-07;"domingo";"14:35:00";"PB";101;104,5;"ALHANDRA";"Demais falhas mecânicas ou elétricas";"Colisão com objeto";"Com Vítimas Feridas";"Pleno dia";"Crescente";"Céu Claro";"Dupla";"Reta;Aclive";"Não";1;0;1;0;0;0;1;1;-7,30029088;-34,93888622;"SPRF-PB";"DEL01-PB";"UOP02-DEL01-PB"
344858;2021-03-07;"domingo";"13:30:00";"AL";101;53,6;"FLEXEIRAS";"Manobra de mudança de faixa";"Capotamento";"Com Vítimas Feridas";"Pleno dia";"Crescente";"Céu Claro";"Dupla";"Reta";"Não";2;0;2;0;0;0;2;1;-9,24853718;-35,76615286;"SPRF-AL";"DEL01-AL";"UOP02-DEL01-AL"
344859;2021-03-07;"domingo";"16:00:00";"RJ";40;3;"COMENDADOR LEVY GASPARIAN";"Velocidade Incompatível";"Colisão com objeto";"Com Vítimas Feridas";"Pleno dia";"Decrescente";"Chuva";"Dupla";"Curva";"Não";3;0;1;0;2;0;1;1;-22,00844904;-43,24336605;"SPRF-RJ";"DEL05-RJ";"UOP02-DEL05-RJ"
344860;2021-03-07;"domingo";"15:40:00";"PB";230;23;"JOAO PESSOA";"Avarias e/ou desgaste excessivo no pneu";"Tombamento";"Com Vítimas Feridas";"Pleno dia";"Crescente";"Céu Claro";"Dupla";"Reta";"Sim";2;0;2;0;0;0;2;1;-7,1562;-34,8574;"SPRF-PB";"DEL01-PB";"UOP01-DEL01-PB"
344861;2021-03-07;"domingo";"14:46:00";"MG";381;597;"CARMOPOLIS DE MINAS";"Chuva";"Colisão com objeto";"Com Vítimas Feridas";"Pleno dia";"Decrescente";"Chuva";"Dupla";"Retorno Regulamentado;Reta";"Não";4;0;3;0;1;0;3;2;-20,60569501;-44,72419499;"SPRF-MG";"DEL04-MG";"UOP01-DEL04-MG"
344862;2021-03-07;"domingo";"15:40:00";"MG";262;380;"JUATUBA";"Velocidade Incompatível";"Saída de leito carroçável";"Com Vítimas Feridas";"Pleno dia";"Decrescente";"Chuva";"Dupla";"Curva";"Não";1;0;1;0;0;0;1;1;-19,947864;-44,381226;"SPRF-MG";"DEL01-MG";"UOP03-DEL01-MG"
344866;2021-03-07;"domingo";"15:30:00";"MG";381;484;"BETIM";"Chuva";"Colisão com objeto";"Com Vítimas Feridas";"Pleno dia";"Decrescente";"Chuva";"Dupla";"Aclive;Reta";"Sim";4;0;2;0;2;0;2;3;-19,95531717;-44,11722196;"SPRF-MG";"DEL01-MG";"UOP03-DEL01-MG"
344871;2021-03-07;"domingo";"16:00:00";"RJ";101;91;"CAMPOS DOS GOYTACAZES";"Acumulo de água sobre o pavimento";"Saída de leito carroçável";"Com Vítimas Feridas";"Anoitecer";"Decrescente";"Chuva";"Dupla";"Reta";"Não";4;0;1;0;3;0;1;1;-21,85123688;-41,52047569;"SPRF-RJ";"DEL08-RJ";"UOP02-DEL08-RJ"
344873;2021-03-07;"domingo";"15:55:00";"GO";20;7;"FORMOSA";"Ingestão de álcool pelo condutor";"Colisão traseira";"Sem Vítimas";"Pleno dia";"Crescente";"Sol";"Simples";"Aclive";"Sim";2;0;0;0;2;0;0;2;-15,547604;-47,291592;"SPRF-DF";"DEL02-DF";"UOP01-DEL02-DF"
344874;2021-03-07;"domingo";"14:30:00";"MG";262;68,5;"MATIPO";"Transitar na contramão";"Colisão lateral sentido oposto";"Com Vítimas Feridas";"Pleno dia";"Crescente";"Céu Claro";"Simples";"Curva";"Não";3;0;3;0;0;0;3;2;-20,3067314;-42,27702013;"SPRF-MG";"DEL06-MG";"UOP03-DEL06-MG"
344875;2021-03-07;"domingo";"12:50:00";"GO";364;234;"JATAI";"Reação tardia ou ineficiente do condutor";"Saída de leito carroçável";"Com Vítimas Feridas";"Pleno dia";"Decrescente";"Chuva";"Simples";"Reta";"Não";1;0;1;0;0;0;1;1;-17,809187;-52,036716;"SPRF-GO";"DEL05-GO";"UOP01-DEL05-GO"
344876;2021-03-07;"domingo";"17:05:00";"DF";40;7,2;"BRASILIA";"Reação tardia ou ineficiente do condutor";"Tombamento";"Com Vítimas Feridas";"Pleno dia";"Decrescente";"Nublado";"Dupla";"Reta";"Não";2;0;2;0;0;0;2;1;-16,038666;-47,979691;"SPRF-DF";"DEL01-DF";"UOP01-DEL01-DF"
344878;2021-03-07;"domingo";"16:50:00";"MG";40;639,5;"CONSELHEIRO LAFAIETE";"Velocidade Incompatível";"Saída de leito carroçável";"Com Vítimas Feridas";"Pleno dia";"Decrescente";"Chuva";"Simples";"Curva;Declive";"Não";3;0;2;0;0;1;2;2;-20,73315776;-43,7994647;"SPRF-MG";"DEL05-MG";"UOP02-DEL05-MG"
344879;2021-03-07;"domingo";"16:40:00";"MG";365;624;"UBERLANDIA";"Reação tardia ou ineficiente do condutor";"Colisão traseira";"Com Vítimas Feridas";"Pleno dia";"Decrescente";"Céu Claro";"Dupla";"Reta";"Sim";2;0;1;0;1;0;1;2;-18,90754763;-48,3160669;"SPRF-MG";"DEL15-MG";"UOP01-DEL15-MG"
344882;2021-03-07;"domingo";"16:50:00";"ES";101;277,8;"SERRA";"Velocidade Incompatível";"Colisão com objeto";"Com Vítimas Feridas";"Pleno dia";"Crescente";"Chuva";"Dupla";"Reta";"Não";3;0;3;0;0;0;3;1;-20,21307738;-40,32125972;"SPRF-ES";"DEL02-ES";"UOP01-DEL02-ES"