"id";"data_inversa";"dia_semana";"horario";"uf";"br";"km";"municipio";"causa_acidente";"tipo_acidente";"classificacao_acidente";"fase_dia";"sentido_via";"condicao_metereologica";"tipo_pista";"tracado_via";"uso_solo";"pessoas";"mortos";"feridos_leves";"feridos_graves";"ilesos";"ignorados";"feridos";"veiculos";"latitude";"longitude";"regional";"delegacia";"uop"
344885;2021-03-07;"domingo";"17:00:00";"RS";285;121,7;"VACARIA";"Ausência de reação do condutor";"Tombamento";"Com Vítimas Feridas";"Pleno dia";"Decrescente";"Céu Claro";"Simples";"Reta";"Sim";2;0;1;0;1;0;1;1;-28,510252;-50,935688;"SPRF-RS";"DEL05-RS";"UOP03-DEL05-RS"
344886;2021-03-07;"domingo";"14:15:00";"SP";116;206;"GUARULHOS";"Velocidade Incompatível";"Colisão lateral mesmo sentido";"Com Vítimas Feridas";"Pleno dia";"Decrescente";"Céu Claro";"Múltipla";"Reta";"Não";2;0;1;0;1;0;1;2;-23,41722629;-46,37510292;"SPRF-SP";"DEL01-SP";"UOP01-DEL01-SP"
344887;2021-03-07;"domingo";"15:35:00";"SC";163;70;"SAO MIGUEL DO OESTE";"Velocidade Incompatível";"Saída de leito carroçável";"Com Vítimas Feridas";"Pleno dia";"Crescente";"Céu Claro";"Dupla";"Reta";"Sim";1;0;0;1;0;0;1;1;-26,73461723;-53,50680015;"SPRF-SC";"DEL07-SC";"UOP03-DEL07-SC"
344889;2021-03-07;"domingo";"17:02:00";"SP";116;28,2;"CRUZEIRO";"Velocidade Incompatível";"Colisão com objeto";"Com Vítimas Feridas";"Pleno dia";"Decrescente";"Chuva";"Dupla";"Curva";"Não";1;0;1;0;0;0;1;1;-22,62492006;-44,91571997;"SPRF-SP";"DEL08-SP";"UOP02-DEL08-SP"
344890;2021-03-07;"domingo";"16:30:00";"RR";432;213;"CANTA";"Mal súbito do condutor";"Saída de leito carroçável";"Com Vítimas Fatais";"Pleno dia";"Decrescente";"Céu Claro";"Simples";"Reta";"Não";3;1;0;0;0;2;0;2;2,797924;-60,60949226;"SPRF-RR";"DEL01-RR";"UOP01-DEL01-RR"
344892;2021-03-07;"domingo";"13:00:00";"MG";40;810;"MATIAS BARBOSA";"Ausência de sinalização";"Colisão transversal";"Com Vítimas Feridas";"Pleno dia";"Crescente";"Céu Claro";"Dupla";"Curva";"Sim";2;0;1;0;1;0;1;2;-21,8817106;-43,32932711;"SPRF-MG";"DEL05-MG";"UOP01-DEL05-MG"
344893;2021-03-07;"domingo";"14:30:00";"PA";163;918;"BELTERRA";"Reação tardia ou ineficiente do condutor";"Capotamento";"Com Vítimas Feridas";"Pleno dia";"Decrescente";"Nublado";"Simples";"Reta";"Não";2;0;1;1;0;0;2;1;-3,074603;-54,924446;"SPRF-PA";"DEL05-PA";"UOP01-DEL05-PA"
344895;2021-03-07;"domingo";"15:40:00";"SC";282;225;"LAGES";"Desrespeitar a preferência no cruzamento";"Colisão transversal";"Com Vítimas Feridas";"Pleno dia";"Crescente";"Sol";"Simples";"Rotatória";"Sim";2;0;1;0;1;0;1;2;-27,79975439;-50,36338806;"SPRF-SC";"DEL05-SC";"UOP02-DEL05-SC"
344897;2021-03-07;"domingo";"17:30:00";"MS";60;340;"CAMPO GRANDE";"Acumulo de areia ou detritos sobre o pavimento";"Tombamento";"Com Vítimas Feridas";"Anoitecer";"Crescente";"Céu Claro";"Simples";"Rotatória";"Não";2;0;2;0;0;0;2;1;-20,4109;-54,7284;"SPRF-MS";"DEL01-MS";"UOP02-DEL01-MS"
344898;2021-03-07;"domingo";"17:25:00";"ES";101;289,4;"CARIACICA";"Avarias e/ou desgaste excessivo no pneu";"Saída de leito carroçável";"Com Vítimas Feridas";"Plena Noite";"Decrescente";"Chuva";"Dupla";"Declive";"Não";2;0;2;0;0;0;2;1;-20,28401632;-40,39290905;"SPRF-ES";"DEL01-ES";"UOP01-DEL01-ES"
344899;2021-03-07;"domingo";"16:45:00";"MG";40;532;"BELO HORIZONTE";"Manobra de mudança de faixa";"Colisão lateral mesmo sentido";"Sem Vítimas";"Pleno dia";"Crescente";"Nublado";"Dupla";"Reta;Declive";"Sim";2;0;0;0;2;0;0;2;-19,92372561;-44,01700789;"SPRF-MG";"DEL01-MG";"UOP02-DEL01-MG"
344901;2021-03-07;"domingo";"11:00:00";"GO";60;199;"GUAPO";"Velocidade Incompatível";"Queda de ocupante de veículo";"Com Vítimas Feridas";"Pleno dia";"Decrescente";"Sol";"Dupla";"Reta";"Não";1;0;0;1;0;0;1;1;-16,8669;-49,608;"SPRF-GO";"DEL01-GO";"UOP02-DEL01-GO"
344902;2021-03-07;"domingo";"12:15:00";"SC";101;272,8;"IMBITUBA";"Acumulo de óleo sobre o pavimento";"Tombamento";"Com Vítimas Feridas";"Pleno dia";"Crescente";"Céu Claro";"Simples";"Rotatória";"Sim";1;0;1;0;0;0;1;1;-28,11780197;-48,69928995;"SPRF-SC";"DEL02-SC";"UOP03-DEL02-SC"
344903;2021-03-07;"domingo";"18:15:00";"RJ";116;180,8;"NOVA IGUACU";"Condutor deixou de manter distância do veículo da frente";"Engavetamento";"Sem Vítimas";"Plena Noite";"Decrescente";"Chuva";"Dupla";"Reta";"Sim";3;0;0;0;3;0;0;3;-22,7651616;-43,4154728;"SPRF-RJ";"DEL01-RJ";"UOP02-DEL01-RJ"
344904;2021-03-07;"domingo";"18:25:00";"MG";381;348;"JOAO MONLEVADE";"Transitar na contramão";"Colisão frontal";"Com Vítimas Feridas";"Plena Noite";"Crescente";"Céu Claro";"Simples";"Curva";"Não";3;0;0;1;2;0;1;2;-19,85243846;-43,14084419;"SPRF-MG";"DEL03-MG";"UOP01-DEL03-MG"
344905;2021-03-07;"domingo";"18:30:00";"AL";104;92,5;"RIO LARGO";"Reação tardia ou ineficiente do condutor";"Colisão traseira";"Com Vítimas Feridas";"Plena Noite";"Crescente";"Céu Claro";"Dupla";"Reta";"Sim";3;0;2;0;1;0;2;2;-9,51818474;-35,80329441;"SPRF-AL";"DEL01-AL";"UOP01-DEL01-AL"
344906;2021-03-07;"domingo";"19:10:00";"RN";405;155;"PAU DOS FERROS";"Reação tardia ou ineficiente do condutor";"Colisão traseira";"Com Vítimas Fatais";"Plena Noite";"Decrescente";"Céu Claro";"Simples";"Reta";"Não";4;3;0;0;1;0;0;2;-6,14970137;-38,20583544;"SPRF-RN";"DEL04-RN";"UOP02-DEL04-RN"
344907;2021-03-07;"domingo";"19:10:00";"PE";101;50;"IGARASSU";"Condutor deixou de manter distância do veículo da frente";"Colisão traseira";"Com Vítimas Feridas";"Plena Noite";"Crescente";"Céu Claro";"Múltipla";"Interseção de Vias";"Sim";3;0;1;0;1;1;1;3;-7,90938602;-34,90123228;"SPRF-PE";"DEL01-PE";"UOP02-DEL01-PE"
344909;2021-03-07;"domingo";"19:20:00";"RJ";116;41;"TERESOPOLIS";"Chuva";"Colisão transversal";"Com Vítimas Feridas";"Plena Noite";"Crescente";"Chuva";"Simples";"Interseção de Vias";"Não";5;0;5;0;0;0;5;2;-22,13943547;-42,78660142;"SPRF-RJ";"DEL04-RJ";"UOP01-DEL04-RJ"
344913;2021-02-27;"sábado";"17:40:00";"ES";482;105,4;"GUACUI";"Acessar a via sem observar a presença dos outros veículos";"Colisão transversal";"Com Vítimas Feridas";"Pleno dia";"Decrescente";"Chuva";"Simples";"Declive";"Sim";3;0;0;1;1;1;1;3;-20,777433;-41,66744;"SPRF-ES";"DEL03-ES";"UOP02-DEL03-ES"
344915;2021-03-07;"domingo";"17:40:00";"PR";277;194;"PALMEIRA";"Velocidade Incompatível";"Saída de leito carroçável";"Sem Vítimas";"Pleno dia";"Decrescente";"Céu Claro";"Simples";"Reta";"Não";1;0;0;0;0;1;0;1;-25,43176631;-50,14954706;"SPRF-PR";"DEL03-PR";"UOP03-DEL03-PR"
344918;2021-03-07;"domingo";"18:40:00";"MT";163;1071;"GUARANTA DO NORTE";"Ausência de reação do condutor";"Atropelamento de Pedestre";"Com Vítimas Fatais";"Plena Noite";"Crescente";"Céu Claro";"Simples";"Reta";"Não";7;1;1;1;3;1;2;3;-9,912212;-54,902373;"SPRF-MT";"DEL06-MT";"NPF/DEL06-MT"
344921;2021-03-07;"domingo";"19:30:00";"BA";101;217;"CRUZ DAS ALMAS";"Entrada inopinada do pedestre";"Atropelamento de Pedestre";"Com Vítimas Fatais";"Plena Noite";"Crescente";"Céu Claro";"Simples";"Ponte";"Não";2;1;0;0;1;0;0;2;-12,64393955;-39,10257339;"SPRF-BA";"DEL01-BA";"UOP02-DEL01-BA"
344923;2021-03-07;"domingo";"19:55:00";"PR";116;128;"FAZENDA RIO GRANDE";"Manobra de mudança de faixa";"Colisão traseira";"Com Vítimas Feridas";"Plena Noite";"Decrescente";"Nublado";"Dupla";"Reta";"Sim";4;0;1;0;3;0;1;3;-25,62150831;-49,31621728;"SPRF-PR";"DEL01-PR";"UOP03-DEL01-PR"
344924;2021-03-07;"domingo";"19:00:00";"PI";316;314,9;"PICOS";"Acessar a via sem observar a presença dos outros veículos";"Colisão transversal";"Com Vítimas Feridas";"Plena Noite";"Crescente";"Céu Claro";"Simples";"Interseção de Vias";"Sim";2;0;1;1;0;0;2;2;-7,0776992;-41,44117384;"SPRF-PI";"DEL04-PI";"UOP01-DEL04-PI"
344925;2021-03-07;"domingo";"20:10:00";"SP";116;162;"JACAREI";"Reação tardia ou ineficiente do condutor";"Colisão com objeto";"Sem Vítimas";"Plena Noite";"Crescente";"Céu Claro";"Dupla";"Curva";"Não";1;0;0;0;1;0;0;1;-23,28133317;-45,98394689;"SPRF-SP";"DEL02-SP";"UOP01-DEL02-SP"
344926;2021-03-07;"domingo";"17:30:00";"MA";135;70;"SANTA RITA";"Condutor deixou de manter distância do veículo da frente";"Colisão traseira";"Com Vítimas Feridas";"Plena Noite";"Crescente";"Céu Claro";"Dupla";"Interseção de Vias;Reta";"Sim";2;0;1;0;0;1;1;2;-3,14173789;-44,3255132;"SPRF-MA";"DEL01-MA";"UOP02-DEL01-MA"
344927;2021-03-07;"domingo";"20:00:00";"PI";343;345;"TERESINA";"Ausência de reação do condutor";"Atropelamento de Pedestre";"Com Vítimas Feridas";"Plena Noite";"Decrescente";"Céu Claro";"Simples";"Reta";"Sim";3;0;0;1;1;1;1;2;-5,102889;-42,766506;"SPRF-PI";"DEL01-PI";"UOP01-DEL01-PI"
344930;2021-03-07;"domingo";"16:00:00";"MG";116;176,1;"PADRE PARAISO";"Ingestão de álcool pelo condutor";"Capotamento";"Sem Vítimas";"Pleno dia";"Decrescente";"Nublado";"Simples";"Curva";"Não";1;0;0;0;0;1;0;1;-17,06126897;-41,46810305;"SPRF-MG";"DEL11-MG";"UOP02-DEL11-MG"
344931;2021-03-07;"domingo";"21:15:00";"MG";365;863,3;"SANTA VITORIA";"Transitar na contramão";"Colisão frontal";"Com Vítimas Fatais";"Plena Noite";"Crescente";"Céu Claro";"Simples";"Reta";"Não";3;1;0;2;0;0;2;2;-19,04329336;-50,43842397;"SPRF-MG";"DEL15-MG";"UOP03-DEL15-MG"
344932;2021-03-07;"domingo";"20:30:00";"AL";101;129,9;"SAO MIGUEL DOS CAMPOS";"Ultrapassagem Indevida";"Queda de ocupante de veículo";"Com Vítimas Fatais";"Plena Noite";"Crescente";"Céu Claro";"Simples";"Reta";"Não";1;1;0;0;0;0;0;1;-9,74963266;-36,06531248;"SPRF-AL";"DEL02-AL";"UOP01-DEL02-AL"
344933;2021-03-07;"domingo";"17:05:00";"SC";470;274,9;"BRUNOPOLIS";"Manobra de mudança de faixa";"Colisão lateral mesmo sentido";"Com Vítimas Feridas";"Pleno dia";"Crescente";"Céu Claro";"Simples";"Reta";"Não";5;0;2;0;3;0;2;2;-27,328598;-50,803162;"SPRF-SC";"DEL07-SC";"UOP06-DEL07-SC"
344934;2021-03-07;"domingo";"21:30:00";"ES";101;149;"LINHARES";"Condutor desrespeitou a iluminação vermelha do semáforo";"Colisão transversal";"Com Vítimas Feridas";"Plena Noite";"Decrescente";"Céu Claro";"Dupla";"Reta";"Sim";2;0;1;0;1;0;1;2;-19,39619083;-40,06435871;"SPRF-ES";"DEL04-ES";"UOP01-DEL04-ES"
344935;2021-03-07;"domingo";"20:18:00";"SC";101;327;"CAPIVARI DE BAIXO";"Velocidade Incompatível";"Tombamento";"Com Vítimas Feridas";"Plena Noite";"Decrescente";"Céu Claro";"Simples";"Reta";"Sim";1;0;1;0;0;0;1;1;-28,43023306;-48,95205197;"SPRF-SC";"DEL02-SC";"UOP01-DEL02-SC"
344936;2021-03-07;"domingo";"20:35:00";"RJ";116;175;"NOVA IGUACU";"Ausência de reação do condutor";"Colisão traseira";"Com Vítimas Feridas";"Plena Noite";"Decrescente";"Céu Claro";"Dupla";"Reta";"Sim";2;0;1;0;1;0;1;2;-22,78923555;-43,37275272;"SPRF-RJ";"DEL01-RJ";"UOP02-DEL01-RJ"
344938;2021-03-07;"domingo";"19:30:00";"PR";163;291;"MARECHAL CANDIDO RONDON";"Pista esburacada";"Tombamento";"Com Vítimas Feridas";"Plena Noite";"Decrescente";"Céu Claro";"Simples";"Reta";"Não";1;0;0;1;0;0;1;1;-24,57864514;-53,99236214;"SPRF-PR";"DEL06-PR";"UOP02-DEL06-PR"
344939;2021-03-07;"domingo";"20:30:00";"RJ";101;310;"SAO GONCALO";"Condutor deixou de manter distância do veículo da frente";"Colisão traseira";"Com Vítimas Feridas";"Plena Noite";"Crescente";"Nublado";"Dupla";"Reta";"Sim";4;0;2;0;2;0;2;2;-22,79717023;-43,04404993;"SPRF-RJ";"DEL02-RJ";"UOP02-DEL02-RJ"
344942;2021-03-07;"domingo";"21:50:00";"SP";116;301,2;"SAO LOURENCO DA SERRA";"Ingestão de álcool pelo condutor";"Colisão com objeto";"Com Vítimas Feridas";"Plena Noite";"Crescente";"Céu Claro";"Dupla";"Curva";"Não";4;0;2;2;0;0;4;1;-23,81147602;-46,92298208;"SPRF-SP";"DEL04-SP";"UOP01-DEL04-SP"
344943;2021-03-07;"domingo";"21:55:00";"GO";70;3,7;"AGUAS LINDAS DE GOIAS";"Reação tardia ou ineficiente do condutor";"Queda de ocupante de veículo";"Com Vítimas Feridas";"Plena Noite";"Crescente";"Chuva";"Dupla";"Aclive";"Não";1;0;1;0;0;0;1;1;-15,76177302;-48,2368693;"SPRF-DF";"DEL03-DF";"UOP02-DEL03-DF"
344944;2021-03-07;"domingo";"20:50:00";"RJ";101;509;"ANGRA DOS REIS";"Ingestão de álcool pelo condutor";"Colisão com objeto";"Com Vítimas Feridas";"Plena Noite";"Crescente";"Nublado";"Simples";"Reta";"Não";4;0;2;0;1;1;2;4;-22,944515;-44,431107;"SPRF-RJ";"DEL03-RJ";"UOP02-DEL03-RJ"
344945;2021-03-07;"domingo";"14:40:00";"MS";163;79;"ITAQUIRAI";"Ingestão de álcool pelo condutor";"Saída de leito carroçável";"Com Vítimas Feridas";"Pleno dia";"Decrescente";"Céu Claro";"Simples";"Reta";"Não";2;0;2;0;0;0;2;1;-23,46580118;-54,1909603;"SPRF-MS";"DEL09-MS";"UOP01-DEL09-MS"
344946;2021-03-07;"domingo";"21:45:00";"SP";116;207;"GUARULHOS";"Velocidade Incompatível";"Colisão traseira";"Com Vítimas Feridas";"Plena Noite";"Decrescente";"Garoa/Chuvisco";"Dupla";"Reta";"Sim";6;0;4;0;1;1;4;3;-23,41972188;-46,38419203;"SPRF-SP";"DEL01-SP";"UOP01-DEL01-SP"
344947;2021-03-07;"domingo";"21:10:00";"RJ";40;105;"DUQUE DE CAXIAS";"Ultrapassagem Indevida";"Colisão lateral sentido oposto";"Sem Vítimas";"Plena Noite";"Decrescente";"Nublado";"Simples";"Reta";"Sim";3;0;0;0;3;0;0;2;-22,63784806;-43,28428824;"SPRF-RJ";"DEL01-RJ";"UOP01-DEL01-RJ"
344948;2021-03-07;"domingo";"11:40:00";"MG";262;141;"RIO CASCA";"Afundamento ou ondulação no pavimento";"Saída de leito carroçável";"Com Vítimas Feridas";"Pleno dia";"Decrescente";"Céu Claro";"Simples";"Curva";"Não";2;0;2;0;0;0;2;1;-20,06617491;-42,71832256;"SPRF-MG";"DEL03-MG";"UOP03-DEL03-MG"
344950;2021-03-07;"domingo";"22:10:00";"DF";60;3;"BRASILIA";"Ingestão de álcool e/ou substâncias psicoativas pelo pedestre";"Atropelamento de Pedestre";"Com Vítimas Feridas";"Plena Noite";"Crescente";"Nublado";"Dupla";"Reta";"Não";4;0;1;0;2;1;1;2;-15,890521;-48,086864;"SPRF-DF";"DEL03-DF";"UOP01-DEL03-DF"
344951;2021-03-07;"domingo";"22:00:00";"MG";50;36;"ARAGUARI";"Ingestão de álcool pelo condutor";"Saída de leito carroçável";"Sem Vítimas";"Plena Noite";"Decrescente";"Chuva";"Dupla";"Retorno Regulamentado";"Sim";1;0;0;0;1;0;0;1;-18,65453092;-48,14727203;"SPRF-MG";"DEL15-MG";"UOP02-DEL15-MG"
344952;2021-03-07;"domingo";"16:30:00";"MT";163;642,6;"NOVA MUTUM";"Chuva";"Saída de leito carroçável";"Com Vítimas Feridas";"Pleno dia";"Crescente";"Chuva";"Simples";"Reta";"Não";2;0;2;0;0;0;2;1;-13,539845;-56,026715;"SPRF-MT";"DEL06-MT";"UOP01-DEL06-MT"
344954;2021-03-07;"domingo";"21:25:00";"PR";376;339,8;"ORTIGUEIRA";"Transitar na contramão";"Colisão frontal";"Com Vítimas Fatais";"Plena Noite";"Decrescente";"Céu Claro";"Dupla";"Curva;Aclive";"Não";4;1;0;1;1;1;1;3;-24,16423688;-50,96922472;"SPRF-PR";"DEL07-PR";"UOP02-DEL07-PR"
344956;2021-03-07;"domingo";"21:45:00";"RJ";116;252;"PIRAI";"Ausência de reação do condutor";"Colisão com objeto";"Com Vítimas Feridas";"Plena Noite";"Decrescente";"Garoa/Chuvisco";"Dupla";"Reta";"Sim";1;0;1;0;0;0;1;1;-22,58294737;-43,96879302;"SPRF-RJ";"DEL07-RJ";"UOP02-DEL07-RJ"
344957;2021-03-07;"domingo";"16:50:00";"MT";163;639;"NOVA MUTUM";"Chuva";"Capotamento";"Com Vítimas Feridas";"Pleno dia";"Crescente";"Garoa/Chuvisco";"Simples";"Reta";"Não";2;0;1;0;1;0;1;1;-13,56662999;-56,0289131;"SPRF-MT";"DEL01-MT";"UOP01-DEL01-MT"
344958;2021-03-07;"domingo";"23:30:00";"ES";101;72;"SAO MATEUS";"Ingestão de álcool pelo condutor";"Colisão lateral mesmo sentido";"Com Vítimas Feridas";"Plena Noite";"Crescente";"Chuva";"Simples";"Reta";"Não";2;0;0;1;1;0;1;2;-18,76249002;-39,86354384;"SPRF-ES";"DEL04-ES";"UOP02-DEL04-ES"
344960;2021-03-07;"domingo";"21:45:00";"SC";280;27;"ARAQUARI";"Obras na pista";"Saída de leito carroçável";"Com Vítimas Feridas";"Plena Noite";"Decrescente";"Chuva";"Simples";"Em Obras";"Sim";2;0;1;0;1;0;1;1;-26,39685622;-48,74021969;"SPRF-SC";"DEL03-SC";"UOP03-DEL03-SC"
344961;2021-03-07;"domingo";"23:55:00";"SP";116;283;"EMBU DAS ARTES";"Acessar a via sem observar a presença dos outros veículos";"Colisão traseira";"Com Vítimas Feridas";"Plena Noite";"Decrescente";"Céu Claro";"Dupla";"Reta";"Sim";2;0;1;0;1;0;1;2;-23,69297005;-46,86352786;"SPRF-SP";"DEL04-SP";"UOP01-DEL04-SP"
344962;2021-03-08;"segunda-feira";"00:20:00";"PR";376;658,5;"TIJUCAS DO SUL";"Ingestão de álcool pelo condutor";"Colisão com objeto";"Sem Vítimas";"Plena Noite";"Decrescente";"Garoa/Chuvisco";"Dupla";"Curva";"Não";1;0;0;0;1;0;0;1;-25,85300602;-49,02166198;"SPRF-PR";"DEL01-PR";"UOP04-DEL01-PR"
344963;2021-03-07;"domingo";"22:40:00";"PB";104;161,2;"BARRA DE SANTANA";"Animais na Pista";"Atropelamento de Animal";"Com Vítimas Feridas";"Plena Noite";"Crescente";"Céu Claro";"Simples";"Reta";"Não";1;0;1;0;0;0;1;1;-7,52427984;-35,99274013;"SPRF-PB";"DEL02-PB";"UOP03-DEL02-PB"
344965;2021-03-08;"segunda-feira";"00:42:00";"SP";116;59;"GUARATINGUETA";"Animais na Pista";"Atropelamento de Animal";"Sem Vítimas";"Plena Noite";"Crescente";"Nublado";"Dupla";"Reta";"Sim";1;0;0;0;1;0;0;1;-22,78555649;-45,15339465;"SPRF-SP";"DEL08-SP";"UOP01-DEL08-SP"
344966;2021-03-07;"domingo";"22:00:00";"GO";414;427,8;"ABADIANIA";"Ingestão de álcool pelo condutor";"Saída de leito carroçável";"Com Vítimas Feridas";"Plena Noite";"Crescente";"Chuva";"Simples";"Reta";"Não";4;0;1;0;3;0;1;1;-16,18147601;-48,90219095;"SPRF-GO";"DEL02-GO";"UOP01-DEL02-GO"
344970;2021-03-08;"segunda-feira";"02:00:00";"RJ";493;25;"MAGE";"Chuva";"Saída de leito carroçável";"Com Vítimas Feridas";"Plena Noite";"Decrescente";"Nublado";"Simples";"Reta";"Não";1;0;1;0;0;0;1;1;-22,65788388;-43,079654;"SPRF-RJ";"DEL04-RJ";"UOP02-DEL04-RJ"
344972;2021-03-08;"segunda-feira";"03:30:00";"BA";116;893,2;"CANDIDO SALES";"Pedestre andava na pista";"Atropelamento de Pedestre";"Com Vítimas Fatais";"Plena Noite";"Decrescente";"Céu Claro";"Simples";"Reta";"Não";2;1;0;0;0;1;0;2;-15,379887;-41,198368;"SPRF-BA";"DEL08-BA";"UOP03-DEL08-BA"
344974;2021-03-08;"segunda-feira";"03:40:00";"PB";230;6;"CABEDELO";"Ausência de sinalização";"Atropelamento de Animal";"Sem Vítimas";"Amanhecer";"Crescente";"Céu Claro";"Dupla";"Viaduto;Reta";"Não";1;0;0;0;0;1;0;1;-7,02211315;-34,83683478;"SPRF-PB";"DEL01-PB";"UOP01-DEL01-PB"
344975;2021-03-08;"segunda-feira";"01:20:00";"PI";135;378;"BOM JESUS";"Falta de acostamento";"Saída de leito carroçável";"Com Vítimas Feridas";"Plena Noite";"Crescente";"Nublado";"Simples";"Reta";"Não";5;0;4;1;0;0;5;1;-9,260915;-44,478579;"SPRF-PI";"DEL03-PI";"UOP02-DEL03-PI"
344976;2021-03-08;"segunda-feira";"05:35:00";"RS";116;360;"TAPES";"Acessar a via sem observar a presença dos outros veículos";"Colisão transversal";"Com Vítimas Feridas";"Amanhecer";"Decrescente";"Nublado";"Dupla";"Reta";"Não";2;0;0;1;1;0;1;2;-30,62477189;-51,54634827;"SPRF-RS";"DEL02-RS";"UOP02-DEL02-RS"
344977;2021-03-08;"segunda-feira";"05:40:00";"GO";70;18,2;"COCALZINHO DE GOIAS";"Reação tardia ou ineficiente do condutor";"Colisão lateral mesmo sentido";"Com Vítimas Feridas";"Amanhecer";"Crescente";"Nublado";"Simples";"Curva;Aclive";"Não";2;0;1;0;1;0;1;2;-15,74474129;-48,35593378;"SPRF-DF";"DEL03-DF";"UOP02-DEL03-DF"
344979;2021-03-08;"segunda-feira";"05:25:00";"MS";163;82;"ITAQUIRAI";"Avarias e/ou desgaste excessivo no pneu";"Saída de leito carroçável";"Com Vítimas Feridas";"Amanhecer";"Decrescente";"Céu Claro";"Simples";"Reta";"Não";2;0;1;0;1;0;1;1;-23,439548;-54,203952;"SPRF-MS";"DEL09-MS";"UOP01-DEL09-MS"
344983;2021-03-08;"segunda-feira";"06:47:00";"ES";101;270;"SERRA";"Trafegar com motocicleta (ou similar) entre as faixas";"Atropelamento de Pedestre";"Com Vítimas Feridas";"Pleno dia";"Decrescente";"Nublado";"Múltipla";"Reta";"Sim";4;0;1;2;1;0;3;3;-20,21740496;-40,26990578;"SPRF-ES";"DEL02-ES";"UOP01-DEL02-ES"
344987;2021-03-08;"segunda-feira";"06:40:00";"RJ";116;177;"NOVA IGUACU";"Ingestão de álcool pelo condutor";"Colisão transversal";"Com Vítimas Feridas";"Pleno dia";"Decrescente";"Céu Claro";"Múltipla";"Interseção de Vias";"Sim";3;0;2;0;1;0;2;2;-22,78055198;-43,39208599;"SPRF-RJ";"DEL01-RJ";"UOP02-DEL01-RJ"
344995;2021-03-08;"segunda-feira";"07:30:00";"SC";470;45,3;"GASPAR";"Reação tardia ou ineficiente do condutor";"Colisão traseira";"Com Vítimas Feridas";"Pleno dia";"Crescente";"Céu Claro";"Dupla";"Reta";"Sim";4;0;1;1;2;0;2;3;-26,867064;-49,031109;"SPRF-SC";"DEL04-SC";"UOP01-DEL04-SC"
344996;2021-03-08;"segunda-feira";"07:45:00";"MG";381;877,8;"ESTIVA";"Ausência de reação do condutor";"Tombamento";"Com Vítimas Feridas";"Pleno dia";"Decrescente";"Nublado";"Simples";"Reta";"Não";1;0;0;1;0;0;1;1;-22,48184;-46,010895;"SPRF-MG";"DEL16-MG";"UOP01-DEL16-MG"
344998;2021-03-08;"segunda-feira";"07:20:00";"SC";101;79,5;"ARAQUARI";"Reação tardia ou ineficiente do condutor";"Colisão traseira";"Sem Vítimas";"Pleno dia";"Crescente";"Céu Claro";"Dupla";"Retorno Regulamentado";"Não";2;0;0;0;2;0;0;2;-26,58559601;-48,72192112;"SPRF-SC";"DEL03-SC";"UOP02-DEL03-SC"
344999;2021-03-08;"segunda-feira";"07:30:00";"SC";101;208;"SAO JOSE";"Demais falhas mecânicas ou elétricas";"Queda de ocupante de veículo";"Com Vítimas Feridas";"Pleno dia";"Decrescente";"Céu Claro";"Múltipla";"Reta";"Sim";2;0;2;0;0;0;2;1;-27,60327979;-48,63201818;"SPRF-SC";"DEL01-SC";"UOP01-DEL01-SC"
345000;2021-03-08;"segunda-feira";"08:00:00";"ES";101;267;"SERRA";"Trafegar com motocicleta (ou similar) entre as faixas";"Colisão lateral mesmo sentido";"Com Vítimas Feridas";"Pleno dia";"Crescente";"Nublado";"Múltipla";"Reta";"Sim";2;0;1;0;1;0;1;2;-20,19930999;-40,26884609;"SPRF-ES";"DEL02-ES";"UOP01-DEL02-ES"
345002;2021-01-27;"quarta-feira";"21:20:00";"PR";277;198;"PALMEIRA";"Animais na Pista";"Atropelamento de Animal";"Sem Vítimas";"Plena Noite";"Decrescente";"Céu Claro";"Simples";"Reta";"Não";1;0;0;0;1;0;0;1;-25,42880724;-50,11672354;"SPRF-PR";"DEL03-PR";"UOP03-DEL03-PR"
345003;2021-03-08;"segunda-feira";"06:40:00";"PR";476;142;"CURITIBA";"Reação tardia ou ineficiente do condutor";"Colisão frontal";"Com Vítimas Feridas";"Pleno dia";"Crescente";"Nublado";"Dupla";"Declive";"Sim";2;0;1;0;1;0;1;2;-25,537161;-49,301632;"SPRF-PR";"DEL01-PR";"UOP03-DEL01-PR"
345004;2021-03-08;"segunda-feira";"06:00:00";"MG";262;547;"LUZ";"Reação tardia ou ineficiente do condutor";"Saída de leito carroçável";"Sem Vítimas";"Amanhecer";"Decrescente";"Nublado";"Simples";"Curva";"Não";1;0;0;0;1;0;0;1;-19,74018668;-45,86034892;"SPRF-MG";"DEL08-MG";"UOP02-DEL08-MG"
345005;2021-03-08;"segunda-feira";"08:00:00";"SC";470;54;"BLUMENAU";"Conversão proibida";"Colisão transversal";"Com Vítimas Feridas";"Pleno dia";"Crescente";"Sol";"Simples";"Curva";"Sim";2;0;1;0;1;0;1;2;-26,871065;-49,110374;"SPRF-SC";"DEL04-SC";"UOP01-DEL04-SC"