"id";"data_inversa";"dia_semana";"horario";"uf";"br";"km";"municipio";"causa_acidente";"tipo_acidente";"classificacao_acidente";"fase_dia";"sentido_via";"condicao_metereologica";"tipo_pista";"tracado_via";"uso_solo";"pessoas";"mortos";"feridos_leves";"feridos_graves";"ilesos";"ignorados";"feridos";"veiculos";"latitude";"longitude";"regional";"delegacia";"uop"
345423;2021-01-15;"sexta-feira";"10:55:00";"PA";316;66;"CASTANHAL";"Reação tardia ou ineficiente do condutor";"Colisão traseira";"Com Vítimas Feridas";"Pleno dia";"Decrescente";"Céu Claro";"Dupla";"Reta";"Sim";2;0;1;0;0;1;1;2;-1,29533525;-47,90182499;"SPRF-PA";"DEL01-PA";"UOP01-DEL01-PA"
345424;2021-03-10;"quarta-feira";"10:15:00";"RJ";40;62;"PETROPOLIS";"Conversão proibida";"Colisão transversal";"Com Vítimas Feridas";"Pleno dia";"Decrescente";"Céu Claro";"Simples";"Reta";"Sim";4;0;1;1;2;0;2;2;-22,40542358;-43,14664526;"SPRF-RJ";"DEL05-RJ";"UOP02-DEL05-RJ"
345427;2021-03-10;"quarta-feira";"09:30:00";"PR";277;3;"PARANAGUA";"Acumulo de areia ou detritos sobre o pavimento";"Tombamento";"Com Vítimas Feridas";"Pleno dia";"Decrescente";"Sol";"Simples";"Reta";"Sim";1;0;1;0;0;0;1;1;-25,5205;-48,5095;"SPRF-PR";"DEL01-PR";"UOP05-DEL01-PR"
345430;2021-03-10;"quarta-feira";"10:00:00";"MG";381;848,2;"POUSO ALEGRE";"Reação tardia ou ineficiente do condutor";"Saída de leito carroçável";"Com Vítimas Feridas";"Pleno dia";"Crescente";"Sol";"Dupla";"Reta";"Não";1;0;1;0;0;0;1;1;-22,26114406;-45,89010176;"SPRF-MG";"DEL16-MG";"UOP01-DEL16-MG"
345433;2021-02-15;"segunda-feira";"14:00:00";"PA";316;63;"CASTANHAL";"Condutor deixou de manter distância do veículo da frente";"Colisão traseira";"Com Vítimas Feridas";"Pleno dia";"Crescente";"Nublado";"Dupla";"Reta";"Sim";4;0;3;0;0;1;3;3;-1,29679363;-47,92878096;"SPRF-PA";"DEL01-PA";"UOP01-DEL01-PA"
345434;2021-03-10;"quarta-feira";"10:15:00";"MA";135;26,9;"BACABEIRA";"Avarias e/ou desgaste excessivo no pneu";"Saída de leito carroçável";"Com Vítimas Feridas";"Pleno dia";"Crescente";"Nublado";"Dupla";"Curva";"Não";1;0;1;0;0;0;1;1;-2,77023451;-44,36931635;"SPRF-MA";"DEL01-MA";"UOP01-DEL01-MA"
345438;2021-03-10;"quarta-feira";"10:00:00";"RO";364;713;"PORTO VELHO";"Condutor deixou de manter distância do veículo da frente";"Colisão lateral mesmo sentido";"Com Vítimas Feridas";"Pleno dia";"Decrescente";"Chuva";"Simples";"Reta";"Sim";3;0;1;0;2;0;1;2;-8,77500506;-63,88652802;"SPRF-RO";"DEL01-RO";"UOP01-DEL01-RO"
345439;2021-03-10;"quarta-feira";"12:00:00";"MG";116;413;"GOVERNADOR VALADARES";"Transitar na contramão";"Colisão transversal";"Com Vítimas Feridas";"Pleno dia";"Crescente";"Céu Claro";"Dupla";"Interseção de Vias";"Sim";2;0;2;0;0;0;2;2;-18,873907;-41,966366;"SPRF-MG";"DEL06-MG";"UOP01-DEL06-MG"
345442;2021-03-10;"quarta-feira";"11:50:00";"SC";470;140,1;"RIO DO SUL";"Desrespeitar a preferência no cruzamento";"Colisão lateral mesmo sentido";"Com Vítimas Feridas";"Pleno dia";"Crescente";"Céu Claro";"Simples";"Interseção de Vias";"Sim";2;0;1;0;1;0;1;2;-27,222485;-49,662827;"SPRF-SC";"DEL04-SC";"UOP02-DEL04-SC"
345443;2021-03-10;"quarta-feira";"10:30:00";"ES";262;107,1;"VENDA NOVA DO IMIGRANTE";"Acessar a via sem observar a presença dos outros veículos";"Colisão transversal";"Com Vítimas Feridas";"Pleno dia";"Crescente";"Céu Claro";"Simples";"Interseção de Vias";"Sim";2;0;0;1;1;0;1;2;-20,32991844;-41,15343646;"SPRF-ES";"DEL01-ES";"UOP02-DEL01-ES"
345445;2021-03-10;"quarta-feira";"12:30:00";"BA";116;9;"VITORIA DA CONQUISTA";"Demais falhas mecânicas ou elétricas";"Colisão lateral mesmo sentido";"Sem Vítimas";"Pleno dia";"Crescente";"Céu Claro";"Simples";"Declive;Reta";"Sim";2;0;0;0;2;0;0;2;-14,8522707;-40,881508;"SPRF-BA";"DEL08-BA";"UOP01-DEL08-BA"
345446;2021-03-10;"quarta-feira";"13:30:00";"MT";364;191;"RONDONOPOLIS";"Condutor deixou de manter distância do veículo da frente";"Colisão frontal";"Com Vítimas Feridas";"Pleno dia";"Decrescente";"Céu Claro";"Dupla";"Reta";"Não";2;0;2;0;0;0;2;2;-16,558033;-54,561599;"SPRF-MT";"DEL02-MT";"UOP01-DEL02-MT"
345447;2021-03-10;"quarta-feira";"11:30:00";"MS";158;69;"PARANAIBA";"Frear bruscamente";"Colisão transversal";"Com Vítimas Feridas";"Pleno dia";"Decrescente";"Céu Claro";"Simples";"Declive";"Não";3;0;3;0;0;0;3;1;-19,4809262;-51,29955714;"SPRF-MS";"DEL08-MS";"UOP01-DEL08-MS"
345448;2021-03-10;"quarta-feira";"12:30:00";"TO";153;635,4;"ALIANCA DO TOCANTINS";"Acumulo de areia ou detritos sobre o pavimento";"Incêndio";"Sem Vítimas";"Pleno dia";"Decrescente";"Céu Claro";"Simples";"Reta";"Não";3;0;0;0;3;0;0;1;-11,40423897;-48,97676315;"SPRF-TO";"DEL01-TO";"UOP02-DEL01-TO"
345449;2021-03-10;"quarta-feira";"09:00:00";"MT";163;115,8;"RONDONOPOLIS";"Problema na suspensão";"Saída de leito carroçável";"Com Vítimas Feridas";"Pleno dia";"Crescente";"Céu Claro";"Dupla";"Reta";"Não";1;0;1;0;0;0;1;1;-16,53799506;-54,66666488;"SPRF-MT";"DEL02-MT";"UOP01-DEL02-MT"
345450;2021-03-10;"quarta-feira";"06:30:00";"ES";101;414,6;"ITAPEMIRIM";"Acessar a via sem observar a presença dos outros veículos";"Colisão transversal";"Com Vítimas Feridas";"Amanhecer";"Crescente";"Nublado";"Simples";"Curva";"Não";1;0;1;0;0;0;1;1;-20,92345849;-41,07835562;"SPRF-ES";"DEL03-ES";"UOP02-DEL03-ES"
345452;2021-03-10;"quarta-feira";"12:50:00";"ES";101;295,2;"CARIACICA";"Pedestre cruzava a pista fora da faixa";"Atropelamento de Pedestre";"Com Vítimas Feridas";"Pleno dia";"Decrescente";"Céu Claro";"Múltipla";"Reta";"Sim";2;0;1;0;1;0;1;2;-20,33223667;-40,40004683;"SPRF-ES";"DEL01-ES";"UOP01-DEL01-ES"
345455;2021-03-10;"quarta-feira";"12:10:00";"MS";163;268;"DOURADOS";"Reação tardia ou ineficiente do condutor";"Tombamento";"Com Vítimas Feridas";"Pleno dia";"Crescente";"Sol";"Simples";"Reta";"Sim";1;0;1;0;0;0;1;1;-22,20665524;-54,70785282;"SPRF-MS";"DEL04-MS";"UOP01-DEL04-MS"
345459;2021-02-14;"domingo";"17:00:00";"GO";40;1,2;"VALPARAISO DE GOIAS";"Trafegar com motocicleta (ou similar) entre as faixas";"Colisão traseira";"Com Vítimas Feridas";"Pleno dia";"Crescente";"Nublado";"Dupla";"Reta";"Sim";2;0;0;1;1;0;1;2;-16,058245;-47,982825;"SPRF-DF";"DEL01-DF";"UOP01-DEL01-DF"
345460;2021-03-10;"quarta-feira";"14:00:00";"SC";101;197;"BIGUACU";"Demais falhas mecânicas ou elétricas";"Tombamento";"Com Vítimas Feridas";"Pleno dia";"Crescente";"Sol";"Dupla";"Reta";"Sim";2;0;2;0;0;0;2;1;-27,51844497;-48,63848496;"SPRF-SC";"DEL01-SC";"UOP01-DEL01-SC"
345461;2021-03-10;"quarta-feira";"12:40:00";"RJ";101;276;"TANGUA";"Acessar a via sem observar a presença dos outros veículos";"Colisão lateral mesmo sentido";"Com Vítimas Feridas";"Plena Noite";"Crescente";"Nublado";"Dupla";"Reta";"Não";2;0;1;0;1;0;1;2;-22,7379639345;-42,7387180159;"SPRF-RJ";"DEL02-RJ";"UOP03-DEL02-RJ"
345463;2021-03-10;"quarta-feira";"14:05:00";"SC";101;133,3;"BALNEARIO CAMBORIU";"Trafegar com motocicleta (ou similar) entre as faixas";"Colisão lateral mesmo sentido";"Com Vítimas Feridas";"Pleno dia";"Decrescente";"Céu Claro";"Simples";"Reta";"Sim";2;0;1;0;1;0;1;2;-26,99936;-48,64609;"SPRF-SC";"DEL04-SC";"UOP03-DEL04-SC"
345465;2021-03-10;"quarta-feira";"14:00:00";"SP";153;71,5;"SAO JOSE DO RIO PRETO";"Mal súbito do condutor";"Tombamento";"Com Vítimas Feridas";"Pleno dia";"Decrescente";"Sol";"Dupla";"Aclive;Reta";"Sim";1;0;1;0;0;0;1;1;-20,8580187;-49,40666241;"SPRF-SP";"DEL09-SP";"UOP01-DEL09-SP"
345466;2021-03-10;"quarta-feira";"06:50:00";"MG";116;416;"GOVERNADOR VALADARES";"Frear bruscamente";"Colisão lateral mesmo sentido";"Com Vítimas Feridas";"Amanhecer";"Decrescente";"Nublado";"Simples";"Reta";"Sim";2;0;1;1;0;0;2;2;-18,89215187;-41,94699543;"SPRF-MG";"DEL06-MG";"UOP01-DEL06-MG"
345467;2021-03-10;"quarta-feira";"13:15:00";"SC";470;121,7;"IBIRAMA";"Pista esburacada";"Tombamento";"Com Vítimas Feridas";"Pleno dia";"Decrescente";"Sol";"Simples";"Reta";"Não";1;0;0;1;0;0;1;1;-27,095861;-49,526859;"SPRF-SC";"DEL04-SC";"UOP02-DEL04-SC"
345468;2021-03-10;"quarta-feira";"15:00:00";"SP";153;118,3;"UBARANA";"Reação tardia ou ineficiente do condutor";"Colisão frontal";"Com Vítimas Feridas";"Pleno dia";"Crescente";"Céu Claro";"Simples";"Reta";"Não";2;0;0;2;0;0;2;2;-21,1538981;-49,70707078;"SPRF-SP";"DEL09-SP";"UOP01-DEL09-SP"
345474;2021-02-20;"sábado";"21:10:00";"RS";116;354;"TAPES";"Animais na Pista";"Atropelamento de Animal";"Com Vítimas Feridas";"Plena Noite";"Crescente";"Céu Claro";"Dupla";"Reta";"Não";2;0;2;0;0;0;2;1;-30,57452819;-51,52475652;"SPRF-RS";"DEL02-RS";"UOP02-DEL02-RS"
345476;2021-03-10;"quarta-feira";"12:25:00";"RO";364;237,7;"CACOAL";"Pista esburacada";"Tombamento";"Com Vítimas Feridas";"Pleno dia";"Crescente";"Nublado";"Dupla";"Reta";"Sim";1;0;0;1;0;0;1;1;-11,439358;-61,453538;"SPRF-RO";"DEL02-RO";"UOP02-DEL02-RO"
345479;2021-02-25;"quinta-feira";"21:00:00";"PB";101;89;"JOAO PESSOA";"Entrada inopinada do pedestre";"Atropelamento de Pedestre";"Com Vítimas Fatais";"Plena Noite";"Crescente";"Céu Claro";"Dupla";"Reta";"Sim";2;1;0;0;0;1;0;2;-7,17441764;-34,89871686;"SPRF-PB";"DEL01-PB";"UOP02-DEL01-PB"
345480;2021-03-10;"quarta-feira";"15:00:00";"RJ";40;122;"DUQUE DE CAXIAS";"Ausência de reação do condutor";"Colisão lateral mesmo sentido";"Com Vítimas Feridas";"Pleno dia";"Decrescente";"Nublado";"Múltipla";"Reta";"Sim";2;0;1;0;1;0;1;2;-22,79083113;-43,28611569;"SPRF-RJ";"DEL01-RJ";"UOP01-DEL01-RJ"
345481;2021-02-06;"sábado";"14:46:00";"SC";280;31;"ARAQUARI";"Acessar a via sem observar a presença dos outros veículos";"Colisão transversal";"Sem Vítimas";"Pleno dia";"Crescente";"Céu Claro";"Simples";"Reta";"Sim";2;0;0;0;2;0;0;2;-26,41638376;-48,77142191;"SPRF-SC";"DEL03-SC";"UOP03-DEL03-SC"
345485;2021-03-10;"quarta-feira";"15:20:00";"RJ";101;295;"ITABORAI";"Demais falhas mecânicas ou elétricas";"Queda de ocupante de veículo";"Com Vítimas Feridas";"Pleno dia";"Decrescente";"Nublado";"Dupla";"Reta";"Não";2;0;2;0;0;0;2;1;-22,76365068;-42,90223623;"SPRF-RJ";"DEL02-RJ";"UOP02-DEL02-RJ"
345486;2021-03-10;"quarta-feira";"15:30:00";"MG";381;172;"GOVERNADOR VALADARES";"Acessar a via sem observar a presença dos outros veículos";"Colisão frontal";"Com Vítimas Feridas";"Pleno dia";"Crescente";"Céu Claro";"Simples";"Reta";"Não";3;0;1;0;2;0;1;2;-18,98622096;-42,10906603;"SPRF-MG";"DEL06-MG";"UOP01-DEL06-MG"
345487;2021-03-10;"quarta-feira";"16:45:00";"SP";116;276,3;"EMBU DAS ARTES";"Ausência de reação do condutor";"Colisão lateral sentido oposto";"Com Vítimas Feridas";"Pleno dia";"Decrescente";"Céu Claro";"Dupla";"Curva";"Sim";2;0;1;0;1;0;1;2;-23,64262417;-46,83811382;"SPRF-SP";"DEL04-SP";"UOP01-DEL04-SP"
345490;2021-02-02;"terça-feira";"17:00:00";"RS";392;631,9;"SETE DE SETEMBRO";"Acessar a via sem observar a presença dos outros veículos";"Colisão transversal";"Com Vítimas Feridas";"Pleno dia";"Decrescente";"Céu Claro";"Simples";"Curva";"Não";2;0;1;0;1;0;1;2;-28,16042107;-54,44155477;"SPRF-RS";"DEL10-RS";"UOP01-DEL10-RS"
345492;2021-01-22;"sexta-feira";"07:30:00";"MG";40;531;"BELO HORIZONTE";"Transitar no acostamento";"Atropelamento de Pedestre";"Com Vítimas Feridas";"Pleno dia";"Crescente";"Ignorado";"Dupla";"Reta";"Sim";2;0;1;0;1;0;1;2;-19,9210984;-44,02377248;"SPRF-MG";"DEL01-MG";"UOP02-DEL01-MG"
345496;2021-03-10;"quarta-feira";"17:25:00";"RS";116;268;"CANOAS";"Ausência de sinalização";"Atropelamento de Pedestre";"Com Vítimas Feridas";"Pleno dia";"Crescente";"Céu Claro";"Simples";"Reta";"Sim";3;0;1;2;0;0;3;2;-29,95042502;-51,17652939;"SPRF-RS";"DEL01-RS";"UOP01-DEL01-RS"
345497;2021-03-10;"quarta-feira";"14:00:00";"MS";376;51,4;"JATEI";"Condutor Dormindo";"Atropelamento de Pedestre";"Com Vítimas Feridas";"Pleno dia";"Decrescente";"Céu Claro";"Simples";"Reta";"Não";2;0;0;1;1;0;1;2;-22,45605584;-54,31900893;"SPRF-MS";"DEL04-MS";"UOP04-DEL04-MS"
345498;2021-03-10;"quarta-feira";"13:58:00";"PA";163;840;"PLACAS";"Acumulo de água sobre o pavimento";"Saída de leito carroçável";"Com Vítimas Feridas";"Pleno dia";"Decrescente";"Chuva";"Simples";"Curva";"Não";3;0;1;1;1;0;2;1;-3,71994105;-54,82140952;"SPRF-PA";"DEL05-PA";"UOP01-DEL05-PA"
345499;2021-03-10;"quarta-feira";"18:25:00";"RS";392;351;"SANTA MARIA";"Ausência de reação do condutor";"Colisão transversal";"Com Vítimas Feridas";"Anoitecer";"Decrescente";"Céu Claro";"Simples";"Reta";"Sim";4;0;2;0;1;1;2;3;-29,73124914;-53,80096262;"SPRF-RS";"DEL09-RS";"UOP01-DEL09-RS"
345500;2021-03-10;"quarta-feira";"18:25:00";"RS";386;343;"LAJEADO";"Acessar a via sem observar a presença dos outros veículos";"Colisão transversal";"Com Vítimas Feridas";"Anoitecer";"Decrescente";"Céu Claro";"Simples";"Declive";"Sim";2;0;1;0;1;0;1;2;-29,434835;-52,002365;"SPRF-RS";"DEL04-RS";"UOP01-DEL04-RS"
345501;2021-03-10;"quarta-feira";"18:15:00";"PB";230;158,7;"CAMPINA GRANDE";"Acessar a via sem observar a presença dos outros veículos";"Colisão transversal";"Com Vítimas Feridas";"Plena Noite";"Decrescente";"Céu Claro";"Simples";"Reta";"Sim";5;0;1;0;4;0;1;2;-7,2582;-35,9267;"SPRF-PB";"DEL02-PB";"UOP01-DEL02-PB"
345506;2021-03-10;"quarta-feira";"18:25:00";"PI";135;483,2;"MONTE ALEGRE DO PIAUI";"Pista em desnível";"Saída de leito carroçável";"Sem Vítimas";"Anoitecer";"Decrescente";"Garoa/Chuvisco";"Simples";"Curva";"Não";2;0;0;0;2;0;0;1;-9,69255367;-45,12516521;"SPRF-PI";"DEL03-PI";"UOP02-DEL03-PI"
345509;2021-03-10;"quarta-feira";"18:55:00";"PR";277;74,2;"SAO JOSE DOS PINHAIS";"Velocidade Incompatível";"Colisão lateral mesmo sentido";"Com Vítimas Feridas";"Anoitecer";"Crescente";"Céu Claro";"Múltipla";"Reta";"Não";2;0;1;1;0;0;2;2;-25,51726115;-49,11540707;"SPRF-PR";"DEL01-PR";"UOP01-DEL01-PR"
345511;2021-03-10;"quarta-feira";"17:20:00";"SC";101;110,2;"PENHA";"Demais falhas mecânicas ou elétricas";"Tombamento";"Com Vítimas Feridas";"Pleno dia";"Decrescente";"Sol";"Dupla";"Curva";"Sim";2;0;2;0;0;0;2;1;-26,83477;-48,706151;"SPRF-SC";"DEL03-SC";"UOP02-DEL03-SC"
345512;2021-03-10;"quarta-feira";"18:43:00";"RN";304;307;"PARNAMIRIM";"Ausência de reação do condutor";"Colisão com objeto";"Com Vítimas Feridas";"Plena Noite";"Decrescente";"Céu Claro";"Dupla";"Interseção de Vias";"Sim";1;0;0;1;0;0;1;1;-5,89157688;-35,25507737;"SPRF-RN";"DEL01-RN";"UOP01-DEL01-RN"
345513;2021-03-10;"quarta-feira";"17:15:00";"PR";153;353,5;"REBOUCAS";"Ausência de reação do condutor";"Colisão traseira";"Com Vítimas Feridas";"Pleno dia";"Crescente";"Céu Claro";"Simples";"Reta";"Não";2;0;0;1;1;0;1;2;-25,62594193;-50,719173;"SPRF-PR";"DEL03-PR";"UOP03-DEL03-PR"
345514;2021-03-10;"quarta-feira";"18:50:00";"PB";104;96;"ESPERANCA";"Animais na Pista";"Atropelamento de Animal";"Com Vítimas Feridas";"Plena Noite";"Decrescente";"Vento";"Simples";"Declive";"Sim";1;0;0;1;0;0;1;1;-7,01186036;-35,85589407;"SPRF-PB";"DEL02-PB";"UOP04-DEL02-PB"
345515;2021-03-10;"quarta-feira";"19:30:00";"CE";230;82,8;"VARZEA ALEGRE";"Transitar na contramão";"Colisão frontal";"Com Vítimas Fatais";"Plena Noite";"Crescente";"Céu Claro";"Simples";"Curva";"Sim";3;1;2;0;0;0;2;2;-6,792265;-39,326073;"SPRF-CE";"DEL05-CE";"UOP01-DEL05-CE"
345516;2021-03-10;"quarta-feira";"17:50:00";"SC";470;158,2;"TROMBUDO CENTRAL";"Pedestre cruzava a pista fora da faixa";"Atropelamento de Pedestre";"Com Vítimas Feridas";"Pleno dia";"Crescente";"Céu Claro";"Simples";"Interseção de Vias";"Sim";2;0;1;0;1;0;1;2;-27,2856896;-49,78317261;"SPRF-SC";"DEL04-SC";"UOP02-DEL04-SC"
345518;2021-03-10;"quarta-feira";"14:15:00";"SC";153;85,9;"CONCORDIA";"Velocidade Incompatível";"Saída de leito carroçável";"Com Vítimas Feridas";"Pleno dia";"Crescente";"Céu Claro";"Simples";"Curva";"Não";1;0;1;0;0;0;1;1;-27,142017;-51,913219;"SPRF-SC";"DEL07-SC";"UOP04-DEL07-SC"
345519;2021-03-10;"quarta-feira";"19:45:00";"MG";262;423,9;"IGARATINGA";"Velocidade Incompatível";"Queda de ocupante de veículo";"Com Vítimas Feridas";"Pleno dia";"Crescente";"Céu Claro";"Dupla";"Reta";"Não";1;0;1;0;0;0;1;1;-19,88411644;-44,73943306;"SPRF-MG";"DEL08-MG";"UOP03-DEL08-MG"
345521;2021-03-10;"quarta-feira";"19:30:00";"PE";232;67,3;"GRAVATA";"Demais falhas mecânicas ou elétricas";"Incêndio";"Sem Vítimas";"Plena Noite";"Crescente";"Céu Claro";"Dupla";"Reta";"Não";1;0;0;0;1;0;0;1;-8,16727986;-35,464311;"SPRF-PE";"DEL02-PE";"UOP02-DEL02PE"
345522;2021-03-10;"quarta-feira";"15:00:00";"BA";407;200;"CALDEIRAO GRANDE";"Ingestão de álcool pelo condutor";"Colisão traseira";"Sem Vítimas";"Pleno dia";"Crescente";"Céu Claro";"Simples";"Reta";"Sim";2;0;0;0;2;0;0;2;-11,10941;-40,069273;"SPRF-BA";"DEL04-BA";"UOP02-DEL04-BA"
345523;2021-03-10;"quarta-feira";"19:55:00";"PE";101;80;"JABOATAO DOS GUARARAPES";"Pedestre cruzava a pista fora da faixa";"Atropelamento de Pedestre";"Com Vítimas Feridas";"Plena Noite";"Crescente";"Céu Claro";"Dupla";"Retorno Regulamentado";"Não";2;0;2;0;0;0;2;2;-8,15112589;-34,9428866;"SPRF-PE";"DEL01-PE";"UOP03-DEL01-PE"
345526;2021-02-17;"quarta-feira";"07:00:00";"RS";116;527,2;"PELOTAS";"Conversão proibida";"Colisão transversal";"Com Vítimas Feridas";"Pleno dia";"Crescente";"Céu Claro";"Simples";"Reta";"Não";2;0;1;0;1;0;1;2;-31,7470243;-52,40899728;"SPRF-RS";"DEL07-RS";"UOP01-DEL07-RS"
345527;2021-03-10;"quarta-feira";"06:45:00";"SC";101;86,3;"BARRA VELHA";"Desrespeitar a preferência no cruzamento";"Colisão transversal";"Com Vítimas Feridas";"Pleno dia";"Crescente";"Céu Claro";"Dupla";"Interseção de Vias";"Sim";2;0;1;0;0;1;1;2;-26,63965278;-48,69378805;"SPRF-SC";"DEL03-SC";"UOP02-DEL03-SC"
345528;2021-03-10;"quarta-feira";"18:10:00";"ES";482;107,7;"GUACUI";"Conversão proibida";"Colisão frontal";"Com Vítimas Feridas";"Plena Noite";"Crescente";"Chuva";"Simples";"Reta";"Não";4;0;3;0;1;0;3;2;-20,78769691;-41,6874642;"SPRF-ES";"DEL03-ES";"UOP02-DEL03-ES"
345529;2021-03-10;"quarta-feira";"17:20:00";"SC";282;463;"PONTE SERRADA";"Demais Fenômenos da natureza";"Colisão transversal";"Com Vítimas Feridas";"Pleno dia";"Crescente";"Céu Claro";"Simples";"Reta";"Sim";2;0;2;0;0;0;2;2;-26,8559681;-52,03218341;"SPRF-SC";"DEL07-SC";"UOP04-DEL07-SC"
345530;2021-03-10;"quarta-feira";"20:35:00";"ES";101;297,8;"VIANA";"Objeto estático sobre o leito carroçável";"Tombamento";"Com Vítimas Feridas";"Plena Noite";"Crescente";"Nublado";"Dupla";"Aclive;Reta";"Sim";1;0;1;0;0;0;1;1;-20,34529844;-40,41026774;"SPRF-ES";"DEL01-ES";"UOP01-DEL01-ES"
345532;2021-02-05;"sexta-feira";"20:00:00";"BA";101;79;"ENTRE RIOS";"Reação tardia ou ineficiente do condutor";"Atropelamento de Pedestre";"Com Vítimas Feridas";"Plena Noite";"Decrescente";"Céu Claro";"Simples";"Reta";"Não";2;0;0;2;0;0;2;2;-11,985632;-38,21904;"SPRF-BA";"DEL01-BA";"UOP04-DEL01-BA"
345533;2021-01-09;"sábado";"22:00:00";"BA";101;163;"CONCEICAO DO JACUIPE";"Demais falhas mecânicas ou elétricas";"Incêndio";"Sem Vítimas";"Plena Noite";"Crescente";"Céu Claro";"Simples";"Reta";"Sim";1;0;0;0;1;0;0;1;-12,35551436;-38,782478;"SPRF-BA";"DEL01-BA";"UOP03-DEL01-BA"
345534;2021-03-10;"quarta-feira";"19:30:00";"GO";153;504,4;"APARECIDA DE GOIANIA";"Animais na Pista";"Queda de ocupante de veículo";"Com Vítimas Feridas";"Plena Noite";"Crescente";"Céu Claro";"Dupla";"Reta";"Sim";1;0;0;1;0;0;1;1;-16,7451;-49,2408;"SPRF-GO";"DEL01-GO";"UOP01-DEL01-GO"
345535;2021-02-22;"segunda-feira";"10:20:00";"ES";101;270,5;"SERRA";"Condutor desrespeitou a iluminação vermelha do semáforo";"Colisão traseira";"Com Vítimas Feridas";"Pleno dia";"Decrescente";"Sol";"Múltipla";"Reta";"Sim";2;0;1;0;1;0;1;2;-20,22662056;-40,27075088;"SPRF-ES";"DEL02-ES";"UOP01-DEL02-ES"
345537;2021-03-10;"quarta-feira";"20:20:00";"PR";476;122;"CURITIBA";"Ingestão de álcool pelo condutor";"Saída de leito carroçável";"Sem Vítimas";"Pleno dia";"Crescente";"Céu Claro";"Dupla";"Em Obras";"Sim";1;0;0;0;1;0;0;1;-25,385775;-49,203377;"SPRF-PR";"DEL01-PR";"UOP02-DEL01-PR"
345539;2021-03-10;"quarta-feira";"22:25:00";"GO";60;78;"ANAPOLIS";"Animais na Pista";"Atropelamento de Animal";"Com Vítimas Feridas";"Plena Noite";"Crescente";"Céu Claro";"Dupla";"Ponte;Declive";"Não";3;0;3;0;0;0;3;1;-16,2967;-48,8039;"SPRF-GO";"DEL02-GO";"UOP01-DEL02-GO"
345540;2021-03-10;"quarta-feira";"21:00:00";"MT";364;239,6;"JUSCIMEIRA";"Demais falhas na via";"Saída de leito carroçável";"Com Vítimas Feridas";"Plena Noite";"Decrescente";"Céu Claro";"Dupla";"Reta";"Não";1;0;1;0;0;0;1;1;-16,1876524;-54,78578459;"SPRF-MT";"DEL02-MT";"UOP01-DEL02-MT"
345541;2021-03-10;"quarta-feira";"22:15:00";"PE";428;183,9;"PETROLINA";"Reação tardia ou ineficiente do condutor";"Colisão transversal";"Com Vítimas Feridas";"Plena Noite";"Crescente";"Nublado";"Simples";"Reta";"Sim";2;0;0;1;0;1;1;2;-9,32412987;-40,46211325;"SPRF-PE";"DEL06-PE";"UOP01-DEL06-PE"
345544;2021-01-21;"quinta-feira";"23:20:00";"ES";101;66;"SAO MATEUS";"Condutor desrespeitou a iluminação vermelha do semáforo";"Colisão transversal";"Com Vítimas Feridas";"Plena Noite";"Decrescente";"Céu Claro";"Dupla";"Interseção de Vias";"Sim";4;0;0;1;3;0;1;2;-18,7165195;-39,87436378;"SPRF-ES";"DEL04-ES";"UOP02-DEL04-ES"
345545;2021-03-10;"quarta-feira";"08:48:00";"PR";158;519,8;"PATO BRANCO";"Acesso irregular";"Colisão transversal";"Com Vítimas Feridas";"Pleno dia";"Decrescente";"Sol";"Simples";"Curva";"Não";2;0;0;2;0;0;2;2;-26,10060199;-52,64367598;"SPRF-PR";"DEL02-PR";"UOP01-DEL02-PR"
345546;2021-03-10;"quarta-feira";"11:40:00";"ES";101;197;"JOAO NEIVA";"Acumulo de água sobre o pavimento";"Saída de leito carroçável";"Com Vítimas Feridas";"Plena Noite";"Decrescente";"Chuva";"Simples";"Reta";"Não";5;0;4;1;0;0;5;1;-19,70366692;-40,33122605;"SPRF-ES";"DEL04-ES";"UOP01-DEL04-ES"
345547;2021-03-10;"quarta-feira";"23:30:00";"MA";10;255,5;"IMPERATRIZ";"Reação tardia ou ineficiente do condutor";"Colisão frontal";"Sem Vítimas";"Plena Noite";"Decrescente";"Céu Claro";"Simples";"Reta";"Não";4;0;0;0;4;0;0;2;-5,508798;-47,471718;"SPRF-MA";"DEL04-MA";"UOP01-DEL04-MA"
345548;2021-02-18;"quinta-feira";"15:45:00";"RS";116;264;"CANOAS";"Estacionar ou parar em local proibido";"Colisão traseira";"Com Vítimas Feridas";"Pleno dia";"Decrescente";"Céu Claro";"Simples";"Reta";"Sim";2;0;1;0;1;0;1;2;-29,914435;-51,17754495;"SPRF-RS";"DEL01-RS";"UOP01-DEL01-RS"
345549;2021-03-11;"quinta-feira";"01:00:00";"MG";365;632,8;"UBERLANDIA";"Condutor Dormindo";"Colisão com objeto";"Com Vítimas Feridas";"Pleno dia";"Crescente";"Céu Claro";"Dupla";"Reta";"Não";2;0;1;0;1;0;1;1;-18,895773;-48,395867;"SPRF-MG";"DEL15-MG";"UOP01-DEL15-MG"
345550;2021-03-11;"quinta-feira";"00:10:00";"RJ";116;143;"DUQUE DE CAXIAS";"Manobra de mudança de faixa";"Colisão traseira";"Sem Vítimas";"Plena Noite";"Decrescente";"Céu Claro";"Dupla";"Reta";"Sim";3;0;0;0;3;0;0;2;-22,65237271;-43,23918118;"SPRF-RJ";"DEL01-RJ";"UOP01-DEL01-RJ"