"id";"data_inversa";"dia_semana";"horario";"uf";"br";"km";"municipio";"causa_acidente";"tipo_acidente";"classificacao_acidente";"fase_dia";"sentido_via";"condicao_metereologica";"tipo_pista";"tracado_via";"uso_solo";"pessoas";"mortos";"feridos_leves";"feridos_graves";"ilesos";"ignorados";"feridos";"veiculos";"latitude";"longitude";"regional";"delegacia";"uop"
345939;2021-03-12;"sexta-feira";"22:15:00";"ES";101;147;"LINHARES";"Condutor desrespeitou a iluminação vermelha do semáforo";"Colisão transversal";"Com Vítimas Feridas";"Plena Noite";"Crescente";"Céu Claro";"Simples";"Reta";"Não";3;0;1;0;1;1;1;3;-19,37887202;-40,06657892;"SPRF-ES";"DEL04-ES";"UOP01-DEL04-ES"
345945;2021-03-12;"sexta-feira";"22:45:00";"SC";101;137,1;"BALNEARIO CAMBORIU";"Ausência de reação do condutor";"Saída de leito carroçável";"Com Vítimas Feridas";"Plena Noite";"Decrescente";"Céu Claro";"Múltipla";"Reta";"Não";1;0;1;0;0;0;1;1;-27,0157238;-48,61192763;"SPRF-SC";"DEL04-SC";"UOP03-DEL04-SC"
345946;2021-03-12;"sexta-feira";"22:00:00";"CE";116;473,9;"MILAGRES";"Ingestão de álcool pelo condutor";"Colisão transversal";"Com Vítimas Feridas";"Plena Noite";"Crescente";"Céu Claro";"Simples";"Reta";"Não";3;0;0;2;1;0;2;2;-7,27441097;-38,85292703;"SPRF-CE";"DEL05-CE";"UOP03-DEL05-CE"
345947;2021-03-12;"sexta-feira";"22:30:00";"MG";40;527;"CONTAGEM";"Ingestão de álcool pelo condutor";"Colisão traseira";"Com Vítimas Feridas";"Plena Noite";"Crescente";"Céu Claro";"Dupla";"Curva;Declive";"Não";4;0;1;0;3;0;1;4;-19,90149502;-44,04938939;"SPRF-MG";"DEL01-MG";"UOP02-DEL01-MG"
345949;2021-03-12;"sexta-feira";"23:25:00";"ES";262;6,9;"CARIACICA";"Velocidade Incompatível";"Colisão com objeto";"Com Vítimas Feridas";"Plena Noite";"Crescente";"Céu Claro";"Múltipla";"Interseção de Vias;Viaduto;Curva;Declive";"Sim";1;0;0;1;0;0;1;1;-20,34007493;-40,39451305;"SPRF-ES";"DEL01-ES";"UOP01-DEL01-ES"
345950;2021-03-12;"sexta-feira";"21:30:00";"RJ";101;216;"SILVA JARDIM";"Reação tardia ou ineficiente do condutor";"Colisão lateral sentido oposto";"Com Vítimas Fatais";"Plena Noite";"Crescente";"Céu Claro";"Simples";"Interseção de Vias";"Não";4;1;2;1;0;0;3;2;-22,50804478;-42,28281706;"SPRF-RJ";"DEL02-RJ";"UOP03-DEL02-RJ"
345953;2021-03-12;"sexta-feira";"20:25:00";"MT";163;597;"NOVA MUTUM";"Acessar a via sem observar a presença dos outros veículos";"Colisão transversal";"Com Vítimas Feridas";"Plena Noite";"Decrescente";"Céu Claro";"Dupla";"Reta";"Não";2;0;1;0;1;0;1;2;-13,84126244;-56,08492076;"SPRF-MT";"DEL01-MT";"UOP01-DEL01-MT"
345954;2021-03-12;"sexta-feira";"23:20:00";"MG";116;532;"CARATINGA";"Conversão proibida";"Colisão frontal";"Com Vítimas Feridas";"Plena Noite";"Crescente";"Céu Claro";"Simples";"Reta";"Não";2;0;0;2;0;0;2;2;-19,82505159;-42,13866234;"SPRF-MG";"DEL06-MG";"UOP02-DEL06-MG"
345955;2021-03-12;"sexta-feira";"19:50:00";"SC";101;329,1;"CAPIVARI DE BAIXO";"Demais falhas mecânicas ou elétricas";"Saída de leito carroçável";"Com Vítimas Feridas";"Pleno dia";"Crescente";"Céu Claro";"Dupla";"Reta";"Sim";2;0;1;1;0;0;2;1;-28,45262768;-48,97537775;"SPRF-SC";"DEL02-SC";"UOP01-DEL02-SC"
345957;2021-03-13;"sábado";"01:50:00";"RJ";116;1,6;"SAPUCAIA";"Reação tardia ou ineficiente do condutor";"Colisão com objeto";"Com Vítimas Feridas";"Plena Noite";"Decrescente";"Céu Claro";"Simples";"Curva";"Sim";1;0;1;0;0;0;1;1;-21,87989;-42,681258;"SPRF-RJ";"DEL05-RJ";"UOP01-DEL05-RJ"
345958;2021-03-13;"sábado";"02:50:00";"SC";101;216;"PALHOCA";"Acumulo de água sobre o pavimento";"Tombamento";"Com Vítimas Feridas";"Plena Noite";"Decrescente";"Nublado";"Múltipla";"Retorno Regulamentado";"Sim";2;0;2;0;0;0;2;1;-27,65981409;-48,67747798;"SPRF-SC";"DEL01-SC";"UOP02-DEL01-SC"
345959;2021-03-13;"sábado";"02:00:00";"PE";104;75;"CARUARU";"Condutor Dormindo";"Capotamento";"Com Vítimas Feridas";"Plena Noite";"Crescente";"Céu Claro";"Simples";"Declive";"Não";1;0;0;1;0;0;1;1;-8,358562;-35,985699;"SPRF-PE";"DEL02-PE";"UOP01-DEL02-PE"
345961;2021-03-13;"sábado";"03:30:00";"MG";356;282,1;"EUGENOPOLIS";"Ultrapassagem Indevida";"Colisão lateral mesmo sentido";"Com Vítimas Feridas";"Plena Noite";"Crescente";"Céu Claro";"Simples";"Curva;Aclive";"Não";2;0;1;0;1;0;1;2;-21,12316354;-42,22728881;"SPRF-MG";"DEL07-MG";"UOP02-DEL07-MG"
345962;2021-03-13;"sábado";"03:50:00";"RJ";101;306;"SAO GONCALO";"Transitar na contramão";"Colisão frontal";"Com Vítimas Feridas";"Plena Noite";"Crescente";"Céu Claro";"Dupla";"Ponte";"Não";4;0;2;2;0;0;4;2;-22,78913759;-43,00550909;"SPRF-RJ";"DEL02-RJ";"UOP02-DEL02-RJ"
345964;2021-03-13;"sábado";"03:35:00";"PI";343;343,5;"TERESINA";"Ausência de reação do condutor";"Colisão com objeto";"Com Vítimas Feridas";"Plena Noite";"Crescente";"Céu Claro";"Simples";"Em Obras";"Sim";1;0;1;0;0;0;1;1;-5,087362;-42,757851;"SPRF-PI";"DEL01-PI";"UOP01-DEL01-PI"
345966;2021-03-13;"sábado";"04:35:00";"RS";116;144,2;"CAXIAS DO SUL";"Condutor Dormindo";"Tombamento";"Com Vítimas Feridas";"Plena Noite";"Decrescente";"Céu Claro";"Dupla";"Reta;Declive";"Sim";1;0;1;0;0;0;1;1;-29,1267449;-51,12768983;"SPRF-RS";"DEL05-RS";"UOP01-DEL05-RS"
345967;2021-03-13;"sábado";"04:00:00";"SC";470;33;"GASPAR";"Condutor Dormindo";"Saída de leito carroçável";"Com Vítimas Feridas";"Plena Noite";"Crescente";"Céu Claro";"Dupla";"Reta";"Não";2;0;2;0;0;0;2;1;-26,90619868;-48,94088387;"SPRF-SC";"DEL04-SC";"UOP01-DEL04-SC"
345972;2021-03-13;"sábado";"06:15:00";"SP";153;110;"JOSE BONIFACIO";"Objeto estático sobre o leito carroçável";"Saída de leito carroçável";"Com Vítimas Feridas";"Amanhecer";"Crescente";"Sol";"Simples";"Declive";"Não";1;0;1;0;0;0;1;1;-21,08845219;-49,67466361;"SPRF-SP";"DEL09-SP";"UOP01-DEL09-SP"
345975;2021-03-13;"sábado";"06:25:00";"SC";101;143;"ITAPEMA";"Reação tardia ou ineficiente do condutor";"Tombamento";"Sem Vítimas";"Pleno dia";"Crescente";"Nublado";"Dupla";"Reta";"Sim";1;0;0;0;1;0;0;1;-27,06436;-48,59599405;"SPRF-SC";"DEL04-SC";"UOP03-DEL04-SC"
345979;2021-03-13;"sábado";"06:30:00";"GO";50;109,7;"CRISTALINA";"Avarias e/ou desgaste excessivo no pneu";"Saída de leito carroçável";"Com Vítimas Feridas";"Pleno dia";"Crescente";"Céu Claro";"Dupla";"Reta";"Não";1;0;1;0;0;0;1;1;-16,83589743;-47,67480746;"SPRF-DF";"DEL01-DF";"UOP02-DEL01-DF"
345980;2021-03-13;"sábado";"05:30:00";"MT";163;758;"SORRISO";"Chuva";"Colisão traseira";"Com Vítimas Feridas";"Amanhecer";"Decrescente";"Garoa/Chuvisco";"Dupla";"Rotatória";"Sim";8;0;7;0;1;0;7;2;-12,508322;-55,692776;"SPRF-MT";"DEL06-MT";"UOP01-DEL06-MT"
345983;2021-03-13;"sábado";"07:10:00";"RN";101;97;"NATAL";"Condutor Dormindo";"Colisão com objeto";"Com Vítimas Feridas";"Pleno dia";"Decrescente";"Sol";"Múltipla";"Reta";"Sim";1;0;1;0;0;0;1;1;-5,85758898;-35,21271205;"SPRF-RN";"DEL01-RN";"UOP01-DEL01-RN"
345985;2021-03-13;"sábado";"07:00:00";"PR";373;478,6;"CORONEL VIVIDA";"Desrespeitar a preferência no cruzamento";"Colisão transversal";"Com Vítimas Fatais";"Amanhecer";"Decrescente";"Céu Claro";"Simples";"Interseção de Vias";"Sim";2;1;0;1;0;0;1;2;-25,9897475;-52,55565852;"SPRF-PR";"DEL02-PR";"UOP01-DEL02-PR"
345986;2021-03-13;"sábado";"02:52:00";"SP";116;140,5;"SAO JOSE DOS CAMPOS";"Condutor Dormindo";"Colisão com objeto";"Com Vítimas Feridas";"Plena Noite";"Crescente";"Céu Claro";"Dupla";"Reta";"Não";1;0;1;0;0;0;1;1;-23,16577714;-45,81246193;"SPRF-SP";"DEL02-SP";"UOP01-DEL02-SP"
345988;2021-01-21;"quinta-feira";"18:25:00";"RS";116;400,1;"CAMAQUA";"Acessar a via sem observar a presença dos outros veículos";"Colisão transversal";"Com Vítimas Feridas";"Anoitecer";"Crescente";"Nublado";"Simples";"Reta";"Sim";2;0;0;1;1;0;1;2;-30,87210669;-51,80852516;"SPRF-RS";"DEL02-RS";"UOP02-DEL02-RS"
345990;2021-03-13;"sábado";"07:35:00";"SC";101;205,6;"SAO JOSE";"Manobra de mudança de faixa";"Colisão lateral mesmo sentido";"Com Vítimas Feridas";"Pleno dia";"Decrescente";"Céu Claro";"Múltipla";"Reta";"Sim";3;0;3;0;0;0;3;3;-27,58313237;-48,61532885;"SPRF-SC";"DEL01-SC";"UOP01-DEL01-SC"
345994;2021-03-12;"sexta-feira";"11:25:00";"RO";425;144;"GUAJARA-MIRIM";"Reação tardia ou ineficiente do condutor";"Colisão lateral mesmo sentido";"Com Vítimas Feridas";"Pleno dia";"Crescente";"Sol";"Dupla";"Reta";"Sim";2;0;0;1;1;0;1;2;-10,76723;-65,318954;"SPRF-RO";"DEL01-RO";"UOP03-DEL01-RO"
345996;2021-03-13;"sábado";"08:00:00";"PR";116;105;"SAO JOSE DOS PINHAIS";"Reação tardia ou ineficiente do condutor";"Colisão traseira";"Com Vítimas Feridas";"Pleno dia";"Decrescente";"Céu Claro";"Múltipla";"Reta";"Não";3;0;0;1;2;0;1;2;-25,56635207;-49,16833598;"SPRF-PR";"DEL01-PR";"UOP01-DEL01-PR"
345998;2021-03-13;"sábado";"08:20:00";"BA";324;0;"FEIRA DE SANTANA";"Reação tardia ou ineficiente do condutor";"Saída de leito carroçável";"Com Vítimas Feridas";"Pleno dia";"Decrescente";"Céu Claro";"Dupla";"Reta";"Sim";1;0;1;0;0;0;1;1;-12,2751715;-38,937593;"SPRF-BA";"DEL02-BA";"UOP01-DEL02-BA"
346003;2021-03-06;"sábado";"02:40:00";"MS";163;19;"MUNDO NOVO";"Velocidade Incompatível";"Colisão transversal";"Sem Vítimas";"Plena Noite";"Decrescente";"Garoa/Chuvisco";"Simples";"Reta";"Sim";2;0;0;0;0;2;0;2;-23,93343598;-54,28168073;"SPRF-MS";"DEL09-MS";"UOP02-DEL09-MS"
346005;2021-03-13;"sábado";"09:00:00";"MG";381;654,7;"SANTO ANTONIO DO AMPARO";"Condutor Dormindo";"Saída de leito carroçável";"Com Vítimas Feridas";"Pleno dia";"Decrescente";"Céu Claro";"Dupla";"Curva;Declive";"Não";2;0;1;0;0;1;1;2;-20,97925201;-44,94220376;"SPRF-MG";"DEL04-MG";"UOP02-DEL04-MG"
346007;2021-03-13;"sábado";"09:30:00";"PB";230;82;"CALDAS BRANDAO";"Acessar a via sem observar a presença dos outros veículos";"Colisão transversal";"Com Vítimas Feridas";"Pleno dia";"Decrescente";"Céu Claro";"Dupla";"Reta";"Sim";3;0;0;1;1;1;1;2;-7,1727;-35,3284;"SPRF-PB";"DEL01-PB";"UOP03-DEL01-PB"
346009;2021-03-13;"sábado";"10:05:00";"CE";222;18;"CAUCAIA";"Reação tardia ou ineficiente do condutor";"Capotamento";"Sem Vítimas";"Pleno dia";"Decrescente";"Céu Claro";"Simples";"Reta";"Não";1;0;0;0;0;1;0;1;-3,74923332;-38,71923964;"SPRF-CE";"DEL01-CE";"UOP01-DEL01-CE"
346013;2021-03-13;"sábado";"09:20:00";"SC";101;404;"ARARANGUA";"Pedestre andava na pista";"Atropelamento de Pedestre";"Com Vítimas Feridas";"Pleno dia";"Crescente";"Sol";"Múltipla";"Reta";"Não";2;0;1;0;1;0;1;2;-28,87801417;-49,45745479;"SPRF-SC";"DEL02-SC";"UOP02-DEL02-SC"
346014;2021-03-13;"sábado";"09:05:00";"PR";277;110;"CAMPO LARGO";"Condutor Dormindo";"Colisão lateral mesmo sentido";"Com Vítimas Feridas";"Pleno dia";"Crescente";"Céu Claro";"Dupla";"Reta";"Sim";3;0;1;0;2;0;1;3;-25,44625996;-49,36369775;"SPRF-PR";"DEL01-PR";"UOP03-DEL03-PR"
346015;2021-03-13;"sábado";"06:10:00";"MA";135;56,1;"BACABEIRA";"Condutor Dormindo";"Saída de leito carroçável";"Com Vítimas Fatais";"Amanhecer";"Crescente";"Chuva";"Simples";"Reta";"Sim";1;1;0;0;0;0;0;1;-3,01625804;-44,31502066;"SPRF-MA";"DEL01-MA";"UOP02-DEL01-MA"
346016;2021-03-13;"sábado";"10:00:00";"PR";277;187;"PALMEIRA";"Condutor Dormindo";"Saída de leito carroçável";"Com Vítimas Feridas";"Pleno dia";"Decrescente";"Sol";"Simples";"Reta";"Não";2;0;2;0;0;0;2;1;-25,4207591;-50,083596;"SPRF-PR";"DEL03-PR";"UOP03-DEL03-PR"
346017;2021-03-13;"sábado";"11:02:00";"MG";40;564;"NOVA LIMA";"Retorno proibido";"Colisão lateral mesmo sentido";"Com Vítimas Feridas";"Pleno dia";"Crescente";"Céu Claro";"Dupla";"Reta";"Não";4;0;4;0;0;0;4;2;-20,16086012;-43,96464349;"SPRF-MG";"DEL01-MG";"UOP02-DEL01-MG"
346018;2021-03-13;"sábado";"11:00:00";"PA";230;115;"MARABA";"Condutor deixou de manter distância do veículo da frente";"Colisão traseira";"Com Vítimas Feridas";"Pleno dia";"Decrescente";"Sol";"Simples";"Reta";"Sim";3;0;0;1;2;0;1;2;-5,36241425;-49,07496007;"SPRF-PA";"DEL03-PA";"UOP01-DEL03-PA"
346019;2021-01-21;"quinta-feira";"18:30:00";"MG";381;445,6;"SANTA LUZIA";"Transitar no acostamento";"Colisão transversal";"Com Vítimas Feridas";"Anoitecer";"Crescente";"Céu Claro";"Simples";"Reta";"Não";2;0;1;0;1;0;1;2;-19,82543027;-43,83409786;"SPRF-MG";"DEL01-MG";"UOP01-DEL01-MG"
346020;2021-03-13;"sábado";"11:15:00";"RJ";101;436;"MANGARATIBA";"Velocidade Incompatível";"Saída de leito carroçável";"Com Vítimas Feridas";"Pleno dia";"Crescente";"Céu Claro";"Simples";"Curva";"Não";1;0;0;1;0;0;1;1;-22,94335387;-44,06046308;"SPRF-RJ";"DEL03-RJ";"UOP03-DEL03-RJ"
346021;2021-03-13;"sábado";"12:10:00";"RS";285;457,7;"IJUI";"Acessar a via sem observar a presença dos outros veículos";"Colisão transversal";"Com Vítimas Feridas";"Pleno dia";"Decrescente";"Céu Claro";"Simples";"Reta;Declive";"Não";3;0;1;0;2;0;1;3;-28,392351;-53,894886;"SPRF-RS";"DEL10-RS";"UOP01-DEL10-RS"
346025;2021-03-13;"sábado";"12:40:00";"PE";101;47,8;"ABREU E LIMA";"Reação tardia ou ineficiente do condutor";"Colisão traseira";"Com Vítimas Feridas";"Pleno dia";"Decrescente";"Céu Claro";"Múltipla";"Reta";"Sim";2;0;0;1;1;0;1;2;-7,88290701;-34,90461208;"SPRF-PE";"DEL01-PE";"UOP02-DEL01-PE"
346026;2021-02-19;"sexta-feira";"08:00:00";"SC";101;216,5;"PALHOCA";"Ultrapassagem Indevida";"Colisão lateral";"Com Vítimas Feridas";"Pleno dia";"Decrescente";"Céu Claro";"Dupla";"Reta";"Sim";2;0;2;0;0;0;2;2;-27,65981409;-48,67747798;"SPRF-SC";"DEL01-SC";"UOP02-DEL01-SC"
346027;2021-03-13;"sábado";"13:00:00";"MG";40;512;"RIBEIRAO DAS NEVES";"Condutor deixou de manter distância do veículo da frente";"Colisão traseira";"Com Vítimas Feridas";"Pleno dia";"Decrescente";"Sol";"Dupla";"Reta";"Sim";2;0;0;1;1;0;1;2;-19,78946999;-44,11290699;"SPRF-MG";"DEL01-MG";"UOP02-DEL01-MG"
346030;2021-03-13;"sábado";"13:00:00";"PR";369;131,7;"IBIPORA";"Avarias e/ou desgaste excessivo no pneu";"Queda de ocupante de veículo";"Com Vítimas Feridas";"Pleno dia";"Crescente";"Céu Claro";"Dupla";"Reta";"Não";2;0;2;0;0;0;2;1;-23,260685;-50,998021;"SPRF-PR";"DEL07-PR";"UOP01-DEL07-PR"
346031;2021-03-13;"sábado";"13:51:00";"RN";101;84,5;"NATAL";"Condutor deixou de manter distância do veículo da frente";"Colisão traseira";"Sem Vítimas";"Pleno dia";"Decrescente";"Céu Claro";"Dupla";"Reta";"Sim";2;0;0;0;1;1;0;2;-5,774175;-35,2578;"SPRF-RN";"DEL02-RN";"UOP01-DEL02-RN"
346032;2021-03-13;"sábado";"14:30:00";"RN";110;54;"MOSSORO";"Velocidade Incompatível";"Colisão com objeto";"Sem Vítimas";"Pleno dia";"Crescente";"Céu Claro";"Simples";"Reta";"Não";2;0;0;0;2;0;0;2;-5,253924;-37,331627;"SPRF-RN";"DEL04-RN";"UOP01-DEL04-RN"
346033;2021-03-13;"sábado";"13:50:00";"SP";153;62;"SAO JOSE DO RIO PRETO";"Reação tardia ou ineficiente do condutor";"Colisão lateral mesmo sentido";"Com Vítimas Feridas";"Pleno dia";"Crescente";"Sol";"Simples";"Reta";"Sim";2;0;2;0;0;0;2;2;-20,81325404;-49,35675563;"SPRF-SP";"DEL09-SP";"UOP01-DEL09-SP"
346034;2021-03-13;"sábado";"14:25:00";"SC";470;127,3;"LONTRAS";"Ingestão de álcool pelo condutor";"Colisão lateral sentido oposto";"Sem Vítimas";"Pleno dia";"Crescente";"Céu Claro";"Simples";"Curva";"Não";6;0;0;0;6;0;0;2;-27,136574;-49,543015;"SPRF-SC";"DEL04-SC";"UOP02-DEL04-SC"
346037;2021-03-13;"sábado";"12:00:00";"RJ";101;578;"PARATY";"Manobra de mudança de faixa";"Colisão transversal";"Com Vítimas Feridas";"Pleno dia";"Crescente";"Sol";"Simples";"Reta";"Não";2;0;1;0;1;0;1;2;-23,23539058;-44,71182799;"SPRF-RJ";"DEL03-RJ";"UOP04-DEL03-RJ"
346038;2021-03-13;"sábado";"14:40:00";"PE";232;190;"SANHARO";"Reação tardia ou ineficiente do condutor";"Saída de leito carroçável";"Com Vítimas Feridas";"Pleno dia";"Decrescente";"Céu Claro";"Simples";"Reta";"Não";2;0;1;0;1;0;1;1;-8,35625579;-36,51869702;"SPRF-PE";"DEL02-PE";"UOP03-DEL02-PE"
346041;2021-03-13;"sábado";"15:15:00";"SP";153;111;"JOSE BONIFACIO";"Demais falhas mecânicas ou elétricas";"Incêndio";"Sem Vítimas";"Pleno dia";"Crescente";"Céu Claro";"Simples";"Reta";"Não";1;0;0;0;1;0;0;1;-21,0966259;-49,67870622;"SPRF-SP";"DEL09-SP";"UOP01-DEL09-SP"
346043;2021-03-13;"sábado";"16:09:00";"MG";381;442;"SABARA";"Transitar no acostamento";"Colisão frontal";"Com Vítimas Fatais";"Pleno dia";"Decrescente";"Nublado";"Simples";"Curva";"Não";5;2;0;1;0;2;1;3;-19,809561;-43,772619;"SPRF-MG";"DEL01-MG";"UOP01-DEL01-MG"
346044;2021-03-13;"sábado";"15:45:00";"PR";369;166,8;"CAMBE";"Velocidade Incompatível";"Colisão traseira";"Com Vítimas Feridas";"Pleno dia";"Crescente";"Céu Claro";"Dupla";"Curva";"Não";5;0;2;1;2;0;3;2;-23,295693;-51,313524;"SPRF-PR";"DEL07-PR";"UOP01-DEL07-PR"
346045;2021-03-13;"sábado";"16:10:00";"PE";104;74,3;"CARUARU";"Chuva";"Colisão frontal";"Com Vítimas Fatais";"Pleno dia";"Decrescente";"Chuva";"Simples";"Reta";"Não";3;1;1;1;0;0;2;2;-8,354534;-35,986319;"SPRF-PE";"DEL02-PE";"UOP01-DEL02-PE"
346046;2021-03-13;"sábado";"12:30:00";"SC";101;99;"BALNEARIO PICARRAS";"Avarias e/ou desgaste excessivo no pneu";"Queda de ocupante de veículo";"Com Vítimas Feridas";"Pleno dia";"Decrescente";"Céu Claro";"Dupla";"Reta";"Não";2;0;2;0;0;0;2;1;-26,7471002;-48,69654831;"SPRF-SC";"DEL03-SC";"UOP02-DEL03-SC"
346048;2021-03-13;"sábado";"13:00:00";"ES";0;0;"GUARAPARI";"Acesso irregular";"Queda de ocupante de veículo";"Com Vítimas Feridas";"Pleno dia";"Não Informado";"Sol";"Simples";"Reta";"Não";1;0;1;0;0;0;1;1;-20,65278033;-40,57410974;"SPRF-ES";"DEL03-ES";"UOP01-DEL03-ES"
346049;2021-03-13;"sábado";"15:50:00";"SC";470;2;"NAVEGANTES";"Reação tardia ou ineficiente do condutor";"Eventos atípicos";"Com Vítimas Fatais";"Pleno dia";"Crescente";"Céu Claro";"Dupla";"Reta";"Sim";1;1;0;0;0;0;0;1;-26,868551;-48,674831;"SPRF-SC";"DEL04-SC";"UOP04-DEL04-SC"
346050;2021-03-13;"sábado";"15:45:00";"SC";101;412,2;"ARARANGUA";"Desrespeitar a preferência no cruzamento";"Colisão transversal";"Com Vítimas Feridas";"Pleno dia";"Crescente";"Sol";"Simples";"Rotatória";"Sim";3;0;1;1;1;0;2;2;-28,94947627;-49,50721085;"SPRF-SC";"DEL02-SC";"UOP02-DEL02-SC"
346051;2021-03-13;"sábado";"14:20:00";"SC";101;241;"PALHOCA";"Ingestão de substâncias psicoativas pelo condutor";"Saída de leito carroçável";"Com Vítimas Feridas";"Pleno dia";"Crescente";"Céu Claro";"Dupla";"Reta";"Não";1;0;1;0;0;0;1;1;-27,86671599;-48,64607012;"SPRF-SC";"DEL01-SC";"UOP02-DEL01-SC"
346053;2021-03-13;"sábado";"16:20:00";"RS";470;190;"VERANOPOLIS";"Conversão proibida";"Colisão transversal";"Com Vítimas Feridas";"Pleno dia";"Crescente";"Céu Claro";"Simples";"Curva;Aclive";"Não";3;0;1;0;2;0;1;2;-29,02312304;-51,56485893;"SPRF-RS";"DEL06-RS";"UOP02-DEL06-RS"
346054;2021-03-13;"sábado";"13:15:00";"SE";101;90,5;"NOSSA SENHORA DO SOCORRO";"Velocidade Incompatível";"Saída de leito carroçável";"Com Vítimas Fatais";"Pleno dia";"Decrescente";"Céu Claro";"Simples";"Reta";"Sim";1;1;0;0;0;0;0;1;-10,88958218;-37,13256719;"SPRF-SE";"DEL01-SE";"UOP01-DEL01-SE"
346056;2021-03-13;"sábado";"16:00:00";"PR";163;85;"PLANALTO";"Manobra de mudança de faixa";"Colisão transversal";"Com Vítimas Feridas";"Pleno dia";"Decrescente";"Céu Claro";"Simples";"Declive";"Não";4;0;2;0;2;0;2;2;-25,72429696;-53,77992115;"SPRF-PR";"DEL02-PR";"UOP02-DEL02-PR"
346058;2021-03-13;"sábado";"16:30:00";"RS";153;644;"BAGE";"Mal súbito do condutor";"Saída de leito carroçável";"Com Vítimas Feridas";"Pleno dia";"Crescente";"Céu Claro";"Simples";"Reta";"Não";1;0;0;1;0;0;1;1;-31,43123297;-54,13732826;"SPRF-RS";"DEL11-RS";"UOP03-DEL11-RS"
346061;2021-03-13;"sábado";"15:30:00";"GO";60;379;"RIO VERDE";"Condutor Dormindo";"Saída de leito carroçável";"Com Vítimas Feridas";"Pleno dia";"Decrescente";"Céu Claro";"Dupla";"Reta";"Não";1;0;1;0;0;0;1;1;-17,7564;-50,8793;"SPRF-GO";"DEL04-GO";"UOP01-DEL04-GO"
346062;2021-03-13;"sábado";"17:00:00";"SC";101;16,5;"GARUVA";"Avarias e/ou desgaste excessivo no pneu";"Saída de leito carroçável";"Com Vítimas Feridas";"Pleno dia";"Crescente";"Céu Claro";"Dupla";"Reta";"Não";2;0;2;0;0;0;2;1;-26,11427473;-48,87647034;"SPRF-SC";"DEL03-SC";"UOP01-DEL03-SC"
346063;2021-03-13;"sábado";"16:30:00";"RJ";101;55;"CAMPOS DOS GOYTACAZES";"Acessar a via sem observar a presença dos outros veículos";"Colisão traseira";"Com Vítimas Feridas";"Pleno dia";"Crescente";"Céu Claro";"Simples";"Reta";"Sim";3;0;2;0;0;1;2;2;-21,67827099;-41,31079872;"SPRF-RJ";"DEL08-RJ";"UOP01-DEL08-RJ"
346065;2021-03-13;"sábado";"17:40:00";"RJ";116;195;"QUEIMADOS";"Demais falhas mecânicas ou elétricas";"Incêndio";"Sem Vítimas";"Pleno dia";"Crescente";"Nublado";"Dupla";"Reta";"Sim";1;0;0;0;0;1;0;1;-22,73573614;-43,54749701;"SPRF-RJ";"DEL01-RJ";"UOP02-DEL01-RJ"
346067;2021-03-13;"sábado";"14:15:00";"MG";262;420;"IGARATINGA";"Avarias e/ou desgaste excessivo no pneu";"Capotamento";"Com Vítimas Feridas";"Pleno dia";"Crescente";"Chuva";"Dupla";"Reta";"Não";2;0;2;0;0;0;2;1;-19,88426607;-44,77375031;"SPRF-MG";"DEL08-MG";"UOP03-DEL08-MG"
346068;2021-03-13;"sábado";"18:05:00";"RS";285;299,8;"PASSO FUNDO";"Ingestão de álcool pelo condutor";"Colisão transversal";"Com Vítimas Feridas";"Pleno dia";"Crescente";"Sol";"Simples";"Interseção de Vias";"Sim";2;0;1;0;1;0;1;2;-28,234184;-52,43314;"SPRF-RS";"DEL08-RS";"UOP03-DEL08-RS"
346069;2021-03-13;"sábado";"18:20:00";"RS";290;88;"PORTO ALEGRE";"Demais falhas mecânicas ou elétricas";"Tombamento";"Com Vítimas Feridas";"Pleno dia";"Decrescente";"Céu Claro";"Dupla";"Reta";"Sim";2;0;2;0;0;0;2;1;-29,967531;-51,137264;"SPRF-RS";"DEL01-RS";"UOP01-DEL01-RS"
346075;2021-03-13;"sábado";"15:20:00";"RO";364;343;"JI-PARANA";"Condutor deixou de manter distância do veículo da frente";"Colisão traseira";"Com Vítimas Feridas";"Pleno dia";"Crescente";"Nublado";"Dupla";"Reta";"Sim";2;0;0;1;0;1;1;2;-10,87878519;-61,94499012;"SPRF-RO";"DEL02-RO";"UOP01-DEL02-RO"
346076;2021-03-09;"terça-feira";"18:35:00";"CE";222;1,8;"CAUCAIA";"Condutor deixou de manter distância do veículo da frente";"Colisão traseira";"Com Vítimas Feridas";"Plena Noite";"Decrescente";"Céu Claro";"Dupla";"Ponte;Reta";"Sim";2;0;1;0;1;0;1;2;-3,74117194;-38,63116091;"SPRF-CE";"DEL01-CE";"UOP01-DEL01-CE"
346079;2021-03-13;"sábado";"18:35:00";"MG";381;673,4;"PERDOES";"Ultrapassagem Indevida";"Saída de leito carroçável";"Com Vítimas Feridas";"Plena Noite";"Crescente";"Nublado";"Dupla";"Declive;Reta;Retorno Regulamentado";"Não";1;0;1;0;0;0;1;1;-21,0808926;-45,06146575;"SPRF-MG";"DEL04-MG";"UOP02-DEL04-MG"
346080;2021-02-02;"terça-feira";"13:30:00";"MG";365;654;"UBERLANDIA";"Reação tardia ou ineficiente do condutor";"Colisão traseira";"Com Vítimas Feridas";"Pleno dia";"Decrescente";"Céu Claro";"Dupla";"Curva";"Não";3;0;1;1;1;0;2;2;-18,86451398;-48,58720779;"SPRF-MG";"DEL15-MG";"UOP01-DEL15-MG"