"id";"data_inversa";"dia_semana";"horario";"uf";"br";"km";"municipio";"causa_acidente";"tipo_acidente";"classificacao_acidente";"fase_dia";"sentido_via";"condicao_metereologica";"tipo_pista";"tracado_via";"uso_solo";"pessoas";"mortos";"feridos_leves";"feridos_graves";"ilesos";"ignorados";"feridos";"veiculos";"latitude";"longitude";"regional";"delegacia";"uop"
346219;2021-03-14;"domingo";"14:00:00";"MG";50;145;"UBERABA";"Avarias e/ou desgaste excessivo no pneu";"Saída de leito carroçável";"Com Vítimas Feridas";"Pleno dia";"Crescente";"Chuva";"Dupla";"Reta";"Não";3;0;1;0;2;0;1;1;-19,51997196;-48,03997088;"SPRF-MG";"DEL13-MG";"UOP01-DEL13-MG"
346221;2021-03-14;"domingo";"17:15:00";"SC";101;120;"ITAJAI";"Velocidade Incompatível";"Colisão com objeto";"Com Vítimas Feridas";"Pleno dia";"Crescente";"Céu Claro";"Dupla";"Viaduto";"Não";2;0;2;0;0;0;2;1;-26,91931485;-48,71097565;"SPRF-SC";"DEL04-SC";"UOP04-DEL04-SC"
346224;2021-03-14;"domingo";"17:35:00";"DF";60;13,9;"BRASILIA";"Velocidade Incompatível";"Tombamento";"Com Vítimas Feridas";"Pleno dia";"Decrescente";"Chuva";"Dupla";"Reta";"Não";1;0;1;0;0;0;1;1;-15,926557;-48,166969;"SPRF-DF";"DEL03-DF";"UOP01-DEL03-DF"
346227;2021-03-14;"domingo";"16:00:00";"MG";381;940,9;"EXTREMA";"Curva acentuada";"Capotamento";"Sem Vítimas";"Pleno dia";"Crescente";"Céu Claro";"Dupla";"Curva";"Não";1;0;0;0;0;1;0;1;-22,85421396;-46,33740277;"SPRF-MG";"DEL16-MG";"UOP03-DEL16-MG"
346228;2021-03-14;"domingo";"16:57:00";"SC";101;25;"JOINVILLE";"Mal súbito do condutor";"Queda de ocupante de veículo";"Com Vítimas Feridas";"Pleno dia";"Decrescente";"Nublado";"Dupla";"Reta";"Sim";1;0;1;0;0;0;1;1;-26,1834739;-48,9105912;"SPRF-SC";"DEL03-SC";"UOP01-DEL03-SC"
346229;2021-03-14;"domingo";"13:00:00";"MG";459;89;"CONGONHAL";"Transitar na contramão";"Colisão lateral sentido oposto";"Com Vítimas Feridas";"Pleno dia";"Crescente";"Céu Claro";"Simples";"Reta";"Não";2;0;1;0;1;0;1;2;-22,151484;-46,015442;"SPRF-MG";"DEL09-MG";"UOP01-DEL09-MG"
346231;2021-03-14;"domingo";"16:00:00";"RR";174;2;"BOA VISTA";"Reação tardia ou ineficiente do condutor";"Saída de leito carroçável";"Com Vítimas Fatais";"Pleno dia";"Decrescente";"Sol";"Simples";"Reta";"Não";2;1;0;1;0;0;1;1;2,770145;-60,760749;"SPRF-RR";"DEL01-RR";"UOP01-DEL01-RR"
346233;2021-03-14;"domingo";"17:20:00";"RJ";101;326;"RIO DE JANEIRO";"Estacionar ou parar em local proibido";"Colisão traseira";"Com Vítimas Feridas";"Anoitecer";"Decrescente";"Nublado";"Dupla";"Declive";"Não";2;0;1;0;1;0;1;2;-22,87206203;-43,146105;"SPRF-RJ";"DEL02-RJ";"UOP02-DEL02-RJ"
346234;2021-03-14;"domingo";"14:30:00";"MG";459;96;"POUSO ALEGRE";"Ausência de sinalização";"Colisão traseira";"Sem Vítimas";"Pleno dia";"Crescente";"Nublado";"Simples";"Reta";"Não";2;0;0;0;2;0;0;2;-22,203188;-45,956938;"SPRF-MG";"DEL09-MG";"UOP01-DEL09-MG"
346235;2021-03-14;"domingo";"17:50:00";"SP";381;4;"VARGEM";"Transitar no acostamento";"Colisão traseira";"Com Vítimas Feridas";"Pleno dia";"Decrescente";"Céu Claro";"Dupla";"Reta";"Não";3;0;1;0;2;0;1;2;-22,8826217;-46,40779515;"SPRF-SP";"DEL03-SP";"UOP01-DEL03-SP"
346236;2021-03-14;"domingo";"12:20:00";"MG";262;458,8;"NOVA SERRANA";"Condutor deixou de manter distância do veículo da frente";"Colisão traseira";"Com Vítimas Fatais";"Pleno dia";"Decrescente";"Céu Claro";"Simples";"Reta";"Não";3;1;2;0;0;0;2;2;-19,81322219;-45,10213852;"SPRF-MG";"DEL08-MG";"UOP03-DEL08-MG"
346237;2021-03-14;"domingo";"17:30:00";"RS";101;17;"DOM PEDRO DE ALCANTARA";"Avarias e/ou desgaste excessivo no pneu";"Tombamento";"Com Vítimas Feridas";"Anoitecer";"Crescente";"Nublado";"Dupla";"Reta";"Não";2;0;1;1;0;0;2;1;-29,41830617;-49,85943144;"SPRF-RS";"DEL03-RS";"UOP02-DEL03-RS"
346238;2021-03-14;"domingo";"17:45:00";"MG";381;858,7;"POUSO ALEGRE";"Velocidade Incompatível";"Saída de leito carroçável";"Com Vítimas Feridas";"Pleno dia";"Decrescente";"Chuva";"Dupla";"Reta";"Não";1;0;1;0;0;0;1;1;-22,34205201;-45,92609997;"SPRF-MG";"DEL16-MG";"UOP01-DEL16-MG"
346239;2021-03-13;"sábado";"13:35:00";"SE";235;9,5;"NOSSA SENHORA DO SOCORRO";"Velocidade Incompatível";"Colisão transversal";"Sem Vítimas";"Pleno dia";"Crescente";"Céu Claro";"Simples";"Interseção de Vias";"Não";2;0;0;0;2;0;0;2;-10,883585;-37,13908;"SPRF-SE";"DEL01-SE";"UOP01-DEL01-SE"
346241;2021-03-14;"domingo";"18:18:00";"CE";116;70,1;"CHOROZINHO";"Ingestão de álcool ou de substâncias psicoativas pelo pedestre";"Atropelamento de Pedestre";"Com Vítimas Feridas";"Plena Noite";"Decrescente";"Céu Claro";"Simples";"Reta";"Sim";2;0;1;0;1;0;1;2;-4,32740107;-38,48526908;"SPRF-CE";"DEL03-CE";"UOP02-DEL03-CE"
346242;2021-03-14;"domingo";"18:00:00";"SP";116;173;"JACAREI";"Demais falhas mecânicas ou elétricas";"Saída de leito carroçável";"Sem Vítimas";"Anoitecer";"Decrescente";"Chuva";"Dupla";"Retorno Regulamentado;Curva";"Não";1;0;0;0;1;0;0;1;-23,3164104;-46,0765475;"SPRF-SP";"DEL02-SP";"UOP01-DEL02-SP"
346243;2021-03-14;"domingo";"18:30:00";"BA";101;504;"ITABUNA";"Pedestre andava na pista";"Atropelamento de Pedestre";"Com Vítimas Feridas";"Plena Noite";"Crescente";"Céu Claro";"Simples";"Reta";"Não";2;0;1;0;1;0;1;2;-14,787017;-39,29046;"SPRF-BA";"DEL05-BA";"UOP01-DEL05-BA"
346244;2021-03-14;"domingo";"18:35:00";"MG";50;29,9;"ARAGUARI";"Velocidade Incompatível";"Saída de leito carroçável";"Com Vítimas Feridas";"Plena Noite";"Crescente";"Chuva";"Dupla";"Curva;Aclive";"Não";2;0;2;0;0;0;2;1;-18,61818553;-48,10724258;"SPRF-MG";"DEL15-MG";"UOP02-DEL15-MG"
346247;2021-03-14;"domingo";"18:50:00";"SC";101;223;"PALHOCA";"Velocidade Incompatível";"Engavetamento";"Com Vítimas Feridas";"Plena Noite";"Decrescente";"Chuva";"Dupla";"Aclive;Reta";"Não";4;0;1;0;3;0;1;3;-27,71763493;-48,64745021;"SPRF-SC";"DEL01-SC";"UOP02-DEL01-SC"
346248;2021-03-14;"domingo";"15:00:00";"AM";174;977;"PRESIDENTE FIGUEIREDO";"Manobra de mudança de faixa";"Colisão frontal";"Com Vítimas Fatais";"Pleno dia";"Decrescente";"Céu Claro";"Simples";"Reta";"Não";4;1;2;1;0;0;3;2;-2,1638501;-60,00584867;"SPRF-AM";"DEL01-AM";"UOP02-DEL01-AM"
346249;2021-03-14;"domingo";"18:30:00";"PB";104;144,1;"QUEIMADAS";"Transitar na contramão";"Colisão lateral sentido oposto";"Com Vítimas Feridas";"Plena Noite";"Crescente";"Céu Claro";"Simples";"Aclive;Reta";"Não";4;0;0;2;1;1;2;3;-7,41378301;-35,89590012;"SPRF-PB";"DEL02-PB";"UOP03-DEL02-PB"
346250;2021-03-14;"domingo";"10:20:00";"PE";428;191,4;"PETROLINA";"Velocidade Incompatível";"Atropelamento de Pedestre";"Com Vítimas Feridas";"Pleno dia";"Crescente";"Céu Claro";"Dupla";"Reta";"Sim";2;0;1;0;1;0;1;2;-9,37766429;-40,50269795;"SPRF-PE";"DEL06-PE";"UOP01-DEL06-PE"
346252;2021-03-14;"domingo";"12:40:00";"MG";381;250,5;"SANTANA DO PARAISO";"Desrespeitar a preferência no cruzamento";"Colisão transversal";"Com Vítimas Feridas";"Pleno dia";"Crescente";"Céu Claro";"Simples";"Retorno Regulamentado";"Sim";3;0;2;0;1;0;2;2;-19,48378419;-42,55378491;"SPRF-MG";"DEL06-MG";"UOP01-DEL06-MG"
346253;2021-03-14;"domingo";"18:40:00";"SE";235;54;"ITABAIANA";"Ingestão de álcool e/ou substâncias psicoativas pelo pedestre";"Atropelamento de Pedestre";"Com Vítimas Feridas";"Plena Noite";"Decrescente";"Céu Claro";"Simples";"Reta";"Sim";2;0;1;1;0;0;2;2;-10,676047;-37,443279;"SPRF-SE";"DEL01-SE";"UOP02-DEL01-SE"
346256;2021-03-14;"domingo";"18:35:00";"PR";277;686,7;"SAO MIGUEL DO IGUACU";"Avarias e/ou desgaste excessivo no pneu";"Saída de leito carroçável";"Com Vítimas Feridas";"Anoitecer";"Crescente";"Céu Claro";"Dupla";"Curva";"Não";2;0;1;0;1;0;1;1;-25,33975596;-54,21578002;"SPRF-PR";"DEL05-PR";"UOP01-DEL05-PR"
346257;2021-03-14;"domingo";"18:00:00";"RS";116;191,5;"PICADA CAFE";"Objeto estático sobre o leito carroçável";"Eventos atípicos";"Com Vítimas Feridas";"Anoitecer";"Crescente";"Céu Claro";"Simples";"Curva";"Não";1;0;0;1;0;0;1;1;-29,43001301;-51,13412787;"SPRF-RS";"DEL05-RS";"UOP02-DEL05-RS"
346258;2021-03-14;"domingo";"19:20:00";"RS";158;335;"SANTA MARIA";"Demais falhas mecânicas ou elétricas";"Incêndio";"Sem Vítimas";"Anoitecer";"Decrescente";"Céu Claro";"Simples";"Aclive";"Não";1;0;0;0;1;0;0;1;-29,70851535;-53,88442286;"SPRF-RS";"DEL09-RS";"UOP01-DEL09-RS"
346259;2021-03-14;"domingo";"19:10:00";"PB";427;37,8;"POMBAL";"Reação tardia ou ineficiente do condutor";"Colisão traseira";"Com Vítimas Feridas";"Plena Noite";"Decrescente";"Céu Claro";"Simples";"Reta";"Sim";2;0;1;0;1;0;1;2;-6,76900717;-37,79462099;"SPRF-PB";"DEL03-PB";"UOP02-DEL03-PB"
346260;2021-03-14;"domingo";"19:00:00";"MA";10;247,7;"IMPERATRIZ";"Transitar na contramão";"Colisão frontal";"Com Vítimas Feridas";"Plena Noite";"Decrescente";"Céu Claro";"Simples";"Reta";"Sim";2;0;0;1;1;0;1;2;-5,565834;-47,449284;"SPRF-MA";"DEL04-MA";"UOP01-DEL04-MA"
346261;2021-03-14;"domingo";"19:55:00";"SC";101;41,6;"JOINVILLE";"Demais falhas mecânicas ou elétricas";"Tombamento";"Com Vítimas Feridas";"Plena Noite";"Decrescente";"Céu Claro";"Dupla";"Reta";"Sim";1;0;1;0;0;0;1;1;-26,28215489;-48,88973081;"SPRF-SC";"DEL03-SC";"UOP01-DEL03-SC"
346264;2021-03-14;"domingo";"13:05:00";"RS";285;110;"VACARIA";"Velocidade Incompatível";"Saída de leito carroçável";"Com Vítimas Feridas";"Pleno dia";"Decrescente";"Garoa/Chuvisco";"Simples";"Reta";"Não";1;0;1;0;0;0;1;1;-28,51078504;-50,84893227;"SPRF-RS";"DEL05-RS";"UOP03-DEL05-RS"
346265;2021-03-14;"domingo";"20:30:00";"PB";230;23,5;"JOAO PESSOA";"Acessar a via sem observar a presença dos outros veículos";"Colisão transversal";"Com Vítimas Fatais";"Plena Noite";"Crescente";"Céu Claro";"Dupla";"Interseção de Vias";"Sim";2;1;0;0;1;0;0;2;-7,1562;-34,8574;"SPRF-PB";"DEL01-PB";"UOP01-DEL01-PB"
346266;2021-03-14;"domingo";"19:10:00";"MG";365;673,3;"MONTE ALEGRE DE MINAS";"Acumulo de água sobre o pavimento";"Saída de leito carroçável";"Com Vítimas Feridas";"Plena Noite";"Decrescente";"Chuva";"Dupla";"Reta";"Não";1;0;1;0;0;0;1;1;-18,86846711;-48,75850308;"SPRF-MG";"DEL15-MG";"UOP01-DEL15-MG"
346267;2021-03-14;"domingo";"18:15:00";"SE";235;6;"NOSSA SENHORA DO SOCORRO";"Demais falhas mecânicas ou elétricas";"Saída de leito carroçável";"Sem Vítimas";"Plena Noite";"Decrescente";"Céu Claro";"Dupla";"Reta";"Não";1;0;0;0;0;1;0;1;-10,903851;-37,128677;"SPRF-SE";"DEL01-SE";"UOP01-DEL01-SE"
346268;2021-03-14;"domingo";"19:30:00";"GO";60;101;"ANAPOLIS";"Manobra de mudança de faixa";"Colisão traseira";"Com Vítimas Feridas";"Plena Noite";"Crescente";"Nevoeiro/Neblina";"Dupla";"Reta";"Sim";6;0;4;0;2;0;4;2;-16,4022;-48,9745;"SPRF-GO";"DEL02-GO";"UOP01-DEL02-GO"
346270;2021-03-14;"domingo";"19:00:00";"BA";101;168,1;"FEIRA DE SANTANA";"Acessar a via sem observar a presença dos outros veículos";"Atropelamento de Pedestre";"Com Vítimas Fatais";"Plena Noite";"Crescente";"Céu Claro";"Simples";"Reta";"Não";2;1;0;0;1;0;0;2;-12,359342;-38,838504;"SPRF-BA";"DEL01-BA";"UOP03-DEL01-BA"
346271;2021-03-14;"domingo";"19:35:00";"RR";174;513;"BOA VISTA";"Ingestão de álcool pelo condutor";"Colisão traseira";"Com Vítimas Feridas";"Plena Noite";"Decrescente";"Céu Claro";"Simples";"Reta";"Não";5;0;2;1;2;0;3;3;2,88055;-60,698753;"SPRF-RR";"DEL01-RR";"UOP01-DEL01-RR"
346272;2021-03-14;"domingo";"19:45:00";"MG";365;691;"MONTE ALEGRE DE MINAS";"Ausência de reação do condutor";"Capotamento";"Com Vítimas Feridas";"Plena Noite";"Decrescente";"Ignorado";"Dupla";"Reta";"Não";1;0;1;0;0;0;1;1;-18,87690265;-48,91252701;"SPRF-MG";"DEL15-MG";"UOP03-DEL15-MG"
346274;2021-03-14;"domingo";"19:10:00";"PR";369;163;"CAMBE";"Condutor deixou de manter distância do veículo da frente";"Colisão traseira";"Com Vítimas Feridas";"Plena Noite";"Decrescente";"Céu Claro";"Dupla";"Reta";"Sim";3;0;1;0;2;0;1;2;-23,297524;-51,278133;"SPRF-PR";"DEL07-PR";"UOP01-DEL07-PR"
346275;2021-03-14;"domingo";"19:15:00";"BA";101;168,1;"FEIRA DE SANTANA";"Ultrapassagem Indevida";"Atropelamento de Pedestre";"Com Vítimas Feridas";"Plena Noite";"Crescente";"Céu Claro";"Simples";"Reta";"Não";3;0;1;0;1;1;1;2;-12,359342;-38,838504;"SPRF-BA";"DEL01-BA";"UOP03-DEL01-BA"
346276;2021-03-14;"domingo";"20:15:00";"MG";381;513;"IGARAPE";"Reação tardia ou ineficiente do condutor";"Colisão com objeto";"Com Vítimas Feridas";"Plena Noite";"Decrescente";"Céu Claro";"Múltipla";"Reta";"Não";5;0;4;1;0;0;5;1;-20,099993;-44,318903;"SPRF-MG";"DEL01-MG";"UOP03-DEL01-MG"
346280;2021-03-14;"domingo";"21:00:00";"RJ";101;491;"ANGRA DOS REIS";"Chuva";"Queda de ocupante de veículo";"Com Vítimas Feridas";"Plena Noite";"Crescente";"Chuva";"Simples";"Curva";"Não";3;0;0;2;0;1;2;2;-22,95442983;-44,32193004;"SPRF-RJ";"DEL03-RJ";"UOP03-DEL03-RJ"
346281;2021-03-14;"domingo";"16:40:00";"RJ";40;65;"PETROPOLIS";"Mal súbito do condutor";"Queda de ocupante de veículo";"Com Vítimas Feridas";"Pleno dia";"Decrescente";"Sol";"Simples";"Curva";"Não";1;0;1;0;0;0;1;1;-22,427473;-43,16011;"SPRF-RJ";"DEL06-RJ";"UOP01-DEL06-RJ"
346282;2021-03-14;"domingo";"20:13:00";"PB";230;224,7;"SOLEDADE";"Reação tardia ou ineficiente do condutor";"Atropelamento de Animal";"Com Vítimas Feridas";"Plena Noite";"Crescente";"Céu Claro";"Simples";"Reta";"Não";4;0;1;0;3;0;1;1;-7,0379;-36,4329;"SPRF-PB";"DEL02-PB";"UOP02-DEL02-PB"
346283;2021-03-14;"domingo";"19:15:00";"ES";262;105;"VENDA NOVA DO IMIGRANTE";"Condutor deixou de manter distância do veículo da frente";"Colisão traseira";"Sem Vítimas";"Plena Noite";"Decrescente";"Nublado";"Simples";"Reta";"Não";3;0;0;0;3;0;0;2;-20,32624656;-41,13598921;"SPRF-ES";"DEL01-ES";"UOP02-DEL01-ES"
346288;2021-03-14;"domingo";"21:25:00";"MG";381;453;"SABARA";"Transitar na contramão";"Colisão frontal";"Com Vítimas Feridas";"Plena Noite";"Decrescente";"Céu Claro";"Simples";"Reta";"Não";2;0;0;1;1;0;1;2;-19,85197588;-43,88851019;"SPRF-MG";"DEL01-MG";"UOP01-DEL01-MG"
346289;2021-03-14;"domingo";"20:30:00";"MT";163;687,2;"LUCAS DO RIO VERDE";"Avarias e/ou desgaste excessivo no pneu";"Colisão com objeto";"Sem Vítimas";"Plena Noite";"Decrescente";"Céu Claro";"Dupla";"Reta";"Sim";2;0;0;0;2;0;0;1;-13,18354788;-55,98612126;"SPRF-MT";"DEL06-MT";"UOP01-DEL06-MT"
346290;2021-03-14;"domingo";"19:45:00";"PR";153;47,6;"SANTO ANTONIO DA PLATINA";"Reação tardia ou ineficiente do condutor";"Saída de leito carroçável";"Com Vítimas Feridas";"Plena Noite";"Crescente";"Nublado";"Simples";"Curva";"Não";1;0;0;1;0;0;1;1;-23,33739902;-50,06723975;"SPRF-PR";"DEL07-PR";"UOP04-DEL07-PR"
346293;2021-03-14;"domingo";"21:15:00";"PR";116;120;"CURITIBA";"Ingestão de álcool pelo condutor";"Saída de leito carroçável";"Sem Vítimas";"Plena Noite";"Crescente";"Nublado";"Dupla";"Reta";"Sim";1;0;0;0;1;0;0;1;-25,55122256;-49,30503748;"SPRF-PR";"DEL01-PR";"UOP03-DEL01-PR"
346294;2021-03-14;"domingo";"20:20:00";"BA";101;445,3;"AURELINO LEAL";"Iluminação deficiente";"Colisão traseira";"Com Vítimas Feridas";"Plena Noite";"Decrescente";"Céu Claro";"Simples";"Ponte";"Sim";2;0;1;0;1;0;1;2;-14,316099;-39,314121;"SPRF-BA";"DEL05-BA";"UOP01-DEL05-BA"
346295;2021-03-14;"domingo";"21:50:00";"MG";365;620;"UBERLANDIA";"Manobra de mudança de faixa";"Colisão lateral mesmo sentido";"Com Vítimas Feridas";"Plena Noite";"Decrescente";"Nublado";"Dupla";"Reta";"Sim";2;0;2;0;0;0;2;2;-18,88992;-48,26991;"SPRF-MG";"DEL15-MG";"UOP01-DEL15-MG"
346296;2021-03-14;"domingo";"21:40:00";"PR";476;128,5;"CURITIBA";"Condutor deixou de manter distância do veículo da frente";"Colisão traseira";"Com Vítimas Feridas";"Plena Noite";"Decrescente";"Nublado";"Simples";"Reta";"Sim";2;0;0;1;1;0;1;2;-25,433048;-49,23156;"SPRF-PR";"DEL01-PR";"UOP03-DEL01-PR"
346297;2021-03-14;"domingo";"20:00:00";"RS";392;262;"CACAPAVA DO SUL";"Transitar na contramão";"Colisão frontal";"Com Vítimas Feridas";"Plena Noite";"Crescente";"Céu Claro";"Simples";"Curva";"Não";3;0;2;0;1;0;2;2;-30,45302242;-53,48891996;"SPRF-RS";"DEL09-RS";"UOP02-DEL09-RS"
346298;2021-03-14;"domingo";"19:50:00";"SC";101;251;"PAULO LOPES";"Reação tardia ou ineficiente do condutor";"Saída de leito carroçável";"Com Vítimas Feridas";"Plena Noite";"Decrescente";"Céu Claro";"Dupla";"Curva";"Sim";2;0;2;0;0;0;2;1;-27,9490242;-48,67206568;"SPRF-SC";"DEL02-SC";"UOP03-DEL02-SC"
346299;2021-03-14;"domingo";"21:30:00";"DF";251;22;"BRASILIA";"Condutor Dormindo";"Colisão frontal";"Com Vítimas Feridas";"Plena Noite";"Decrescente";"Chuva";"Simples";"Declive";"Não";2;0;1;0;1;0;1;2;-15,96207178;-47,66276836;"SPRF-DF";"DEL01-DF";"UOP01-DEL01-DF"
346301;2021-03-15;"segunda-feira";"03:40:00";"GO";153;503,7;"GOIANIA";"Condutor Dormindo";"Colisão com objeto";"Sem Vítimas";"Plena Noite";"Decrescente";"Chuva";"Dupla";"Curva";"Sim";1;0;0;0;0;1;0;1;-16,7366;-49,243;"SPRF-GO";"DEL01-GO";"UOP01-DEL01-GO"
346302;2021-03-14;"domingo";"21:40:00";"RJ";101;61;"CAMPOS DOS GOYTACAZES";"Conversão proibida";"Colisão transversal";"Com Vítimas Feridas";"Plena Noite";"Decrescente";"Céu Claro";"Simples";"Reta";"Não";2;0;1;0;1;0;1;2;-21,72655788;-41,32133519;"SPRF-RJ";"DEL08-RJ";"UOP01-DEL08-RJ"
346304;2021-03-14;"domingo";"20:20:00";"RO";364;337;"JI-PARANA";"Ultrapassagem Indevida";"Colisão frontal";"Com Vítimas Feridas";"Plena Noite";"Decrescente";"Nublado";"Simples";"Reta";"Sim";2;0;1;0;1;0;1;2;-10,92585401;-61,9296014;"SPRF-RO";"DEL02-RO";"UOP01-DEL02-RO"
346306;2021-03-14;"domingo";"21:00:00";"MS";60;638,8;"BELA VISTA";"Ausência de reação do condutor";"Colisão traseira";"Com Vítimas Feridas";"Plena Noite";"Crescente";"Nublado";"Simples";"Reta";"Não";2;0;0;1;0;1;1;2;-21,82435095;-56,28022505;"SPRF-MS";"DEL05-MS";"UOP01-DEL05-MS"
346307;2021-03-14;"domingo";"22:30:00";"SC";101;219;"PALHOCA";"Ingestão de álcool pelo condutor";"Tombamento";"Sem Vítimas";"Plena Noite";"Crescente";"Nublado";"Dupla";"Reta";"Sim";2;0;0;0;2;0;0;2;-27,68392194;-48,66710085;"SPRF-SC";"DEL01-SC";"UOP02-DEL01-SC"
346308;2021-03-14;"domingo";"22:40:00";"AL";316;269;"SATUBA";"Acessar a via sem observar a presença dos outros veículos";"Saída de leito carroçável";"Com Vítimas Feridas";"Plena Noite";"Crescente";"Céu Claro";"Simples";"Reta";"Sim";5;0;4;0;0;1;4;2;-9,57589005;-35,83163597;"SPRF-AL";"DEL02-AL";"UOP01-DEL02-AL"
346309;2021-03-14;"domingo";"21:30:00";"SP";101;33;"UBATUBA";"Iluminação deficiente";"Queda de ocupante de veículo";"Com Vítimas Feridas";"Plena Noite";"Crescente";"Céu Claro";"Simples";"Curva";"Não";1;0;1;0;0;0;1;1;-23,38999727;-44,98973691;"SPRF-SP";"DEL06-SP";"UOP01-DEL06-SP"
346310;2021-03-14;"domingo";"21:05:00";"SP";116;158,8;"JACAREI";"Velocidade Incompatível";"Colisão com objeto";"Com Vítimas Feridas";"Plena Noite";"Crescente";"Céu Claro";"Dupla";"Reta";"Sim";4;0;0;1;0;3;1;2;-23,26072137;-45,95179176;"SPRF-SP";"DEL02-SP";"UOP01-DEL02-SP"
346311;2021-03-14;"domingo";"19:30:00";"BA";101;908;"NOVA VICOSA";"Pista esburacada";"Colisão frontal";"Com Vítimas Feridas";"Plena Noite";"Crescente";"Céu Claro";"Simples";"Reta";"Não";2;0;0;1;1;0;1;2;-17,98609603;-39,85969159;"SPRF-BA";"DEL09-BA";"UOP02-DEL09-BA"
346314;2021-03-14;"domingo";"20:20:00";"PE";101;89;"CABO DE SANTO AGOSTINHO";"Acessar a via sem observar a presença dos outros veículos";"Colisão transversal";"Sem Vítimas";"Plena Noite";"Crescente";"Céu Claro";"Simples";"Reta";"Não";2;0;0;0;2;0;0;2;-8,21862612;-34,9646759;"SPRF-PE";"DEL01-PE";"UOP03-DEL01-PE"
346317;2021-03-14;"domingo";"22:10:00";"RJ";116;180;"NOVA IGUACU";"Reação tardia ou ineficiente do condutor";"Colisão com objeto";"Com Vítimas Feridas";"Plena Noite";"Decrescente";"Céu Claro";"Dupla";"Reta";"Sim";1;0;1;0;0;0;1;1;-22,7651616;-43,4154728;"SPRF-RJ";"DEL01-RJ";"UOP02-DEL01-RJ"
346318;2021-03-14;"domingo";"23:30:00";"PR";476;118,4;"COLOMBO";"Condutor desrespeitou a iluminação vermelha do semáforo";"Colisão transversal";"Com Vítimas Feridas";"Plena Noite";"Decrescente";"Nublado";"Dupla";"Interseção de Vias;Aclive";"Sim";2;0;1;0;1;0;1;2;-25,35672182;-49,18084687;"SPRF-PR";"DEL01-PR";"UOP02-DEL01-PR"
346319;2021-03-14;"domingo";"19:20:00";"RJ";40;120;"DUQUE DE CAXIAS";"Reação tardia ou ineficiente do condutor";"Colisão traseira";"Com Vítimas Feridas";"Plena Noite";"Decrescente";"Céu Claro";"Dupla";"Reta";"Sim";3;0;1;0;2;0;1;2;-22,77280597;-43,28626763;"SPRF-RJ";"DEL01-RJ";"UOP01-DEL01-RJ"
346320;2021-03-14;"domingo";"21:25:00";"SC";470;194,4;"POUSO REDONDO";"Frear bruscamente";"Tombamento";"Com Vítimas Feridas";"Plena Noite";"Decrescente";"Nublado";"Simples";"Curva";"Não";2;0;1;0;1;0;1;2;-27,30223169;-50,08460999;"SPRF-SC";"DEL04-SC";"UOP02-DEL04-SC"
346323;2021-03-14;"domingo";"21:30:00";"PR";476;82,1;"BOCAIUVA DO SUL";"Ausência de reação do condutor";"Colisão lateral sentido oposto";"Sem Vítimas";"Plena Noite";"Crescente";"Céu Claro";"Simples";"Curva;Aclive";"Não";2;0;0;0;2;0;0;2;-25,138002;-49,104736;"SPRF-PR";"DEL01-PR";"UOP02-DEL01-PR"
346325;2021-03-14;"domingo";"20:00:00";"MG";116;306;"ITAMBACURI";"Ausência de reação do condutor";"Atropelamento de Pedestre";"Com Vítimas Feridas";"Plena Noite";"Decrescente";"Céu Claro";"Simples";"Declive";"Não";2;0;0;1;1;0;1;2;-18,039639;-41,657013;"SPRF-MG";"DEL11-MG";"UOP01-DEL11-MG"
346326;2021-03-14;"domingo";"21:33:00";"MA";10;166;"PORTO FRANCO";"Reação tardia ou ineficiente do condutor";"Colisão traseira";"Com Vítimas Feridas";"Plena Noite";"Decrescente";"Céu Claro";"Simples";"Reta";"Não";3;0;0;3;0;0;3;2;-6,266378;-47,356293;"SPRF-MA";"DEL04-MA";"UOP02-DEL04-MA"
346328;2021-03-15;"segunda-feira";"00:30:00";"MG";40;525;"CONTAGEM";"Avarias e/ou desgaste excessivo no pneu";"Queda de ocupante de veículo";"Com Vítimas Feridas";"Plena Noite";"Decrescente";"Céu Claro";"Dupla";"Reta";"Sim";1;0;1;0;0;0;1;1;-19,88361702;-44,05039336;"SPRF-MG";"DEL01-MG";"UOP02-DEL01-MG"
346329;2021-03-15;"segunda-feira";"01:10:00";"SP";116;146,5;"SAO JOSE DOS CAMPOS";"Ausência de reação do condutor";"Colisão traseira";"Com Vítimas Feridas";"Plena Noite";"Decrescente";"Nublado";"Dupla";"Declive;Reta";"Sim";2;0;2;0;0;0;2;2;-23,19122919;-45,86327591;"SPRF-SP";"DEL02-SP";"UOP01-DEL02-SP"
346330;2021-03-14;"domingo";"22:30:00";"RJ";116;163;"RIO DE JANEIRO";"Ingestão de álcool pelo condutor";"Saída de leito carroçável";"Sem Vítimas";"Plena Noite";"Decrescente";"Céu Claro";"Dupla";"Reta";"Sim";1;0;0;0;1;0;0;1;-22,802729;-43,290424;"SPRF-RJ";"DEL01-RJ";"UOP01-DEL01-RJ"
346331;2021-03-14;"domingo";"23:40:00";"RO";364;372;"OURO PRETO DO OESTE";"Animais na Pista";"Atropelamento de Animal";"Com Vítimas Feridas";"Plena Noite";"Crescente";"Chuva";"Simples";"Reta";"Não";2;0;1;0;1;0;1;1;-10,75388889;-62,16275296;"SPRF-RO";"DEL02-RO";"UOP01-DEL02-RO"