"id";"data_inversa";"dia_semana";"horario";"uf";"br";"km";"municipio";"causa_acidente";"tipo_acidente";"classificacao_acidente";"fase_dia";"sentido_via";"condicao_metereologica";"tipo_pista";"tracado_via";"uso_solo";"pessoas";"mortos";"feridos_leves";"feridos_graves";"ilesos";"ignorados";"feridos";"veiculos";"latitude";"longitude";"regional";"delegacia";"uop"
346602;2021-03-16;"terça-feira";"13:55:00";"SC";116;177,3;"SAO CRISTOVAO DO SUL";"Reação tardia ou ineficiente do condutor";"Queda de ocupante de veículo";"Com Vítimas Feridas";"Pleno dia";"Crescente";"Céu Claro";"Simples";"Reta";"Não";1;0;1;0;0;0;1;1;-27,24853416;-50,45683421;"SPRF-SC";"DEL05-SC";"UOP03-DEL05-SC"
346604;2021-02-08;"segunda-feira";"17:40:00";"AL";101;246,2;"PORTO REAL DO COLEGIO";"Obras na pista";"Queda de ocupante de veículo";"Com Vítimas Feridas";"Anoitecer";"Decrescente";"Céu Claro";"Simples";"Reta";"Não";2;0;0;1;0;1;1;2;-10,19162376;-36,82542061;"SPRF-AL";"DEL02-AL";"UOP02-DEL02-AL"
346605;2021-03-16;"terça-feira";"19:15:00";"RJ";493;109,5;"SEROPEDICA";"Chuva";"Saída de leito carroçável";"Com Vítimas Feridas";"Plena Noite";"Decrescente";"Garoa/Chuvisco";"Dupla";"Reta";"Não";3;0;1;0;2;0;1;2;-22,8325161;-43,80935669;"SPRF-RJ";"DEL03-RJ";"UOP01-DEL03-RJ"
346606;2021-03-16;"terça-feira";"19:30:00";"SC";101;206;"SAO JOSE";"Manobra de mudança de faixa";"Colisão lateral mesmo sentido";"Com Vítimas Feridas";"Plena Noite";"Crescente";"Nublado";"Múltipla";"Reta";"Sim";2;0;1;0;1;0;1;2;-27,59193546;-48,61824557;"SPRF-SC";"DEL01-SC";"UOP01-DEL01-SC"
346607;2021-03-16;"terça-feira";"10:55:00";"RJ";101;320;"SAO GONCALO";"Reação tardia ou ineficiente do condutor";"Queda de ocupante de veículo";"Com Vítimas Feridas";"Pleno dia";"Decrescente";"Céu Claro";"Dupla";"Curva";"Sim";2;0;1;1;0;0;2;1;-22,86171098;-43,10714015;"SPRF-RJ";"DEL02-RJ";"UOP02-DEL02-RJ"
346608;2021-03-16;"terça-feira";"19:30:00";"RJ";101;274;"TANGUA";"Ausência de sinalização";"Colisão traseira";"Com Vítimas Feridas";"Plena Noite";"Crescente";"Nublado";"Dupla";"Reta";"Sim";2;0;0;1;1;0;1;2;-22,73506292;-42,71948103;"SPRF-RJ";"DEL02-RJ";"UOP03-DEL02-RJ"
346611;2021-03-16;"terça-feira";"16:20:00";"RN";304;36;"MOSSORO";"Entrada inopinada do pedestre";"Atropelamento de Pedestre";"Com Vítimas Fatais";"Pleno dia";"Crescente";"Chuva";"Dupla";"Reta";"Sim";2;1;0;0;0;1;0;2;-5,16853634;-37,35540171;"SPRF-RN";"DEL04-RN";"UOP02-DEL04-RN"
346612;2021-03-16;"terça-feira";"20:10:00";"PE";232;508,5;"SALGUEIRO";"Desrespeitar a preferência no cruzamento";"Colisão transversal";"Com Vítimas Feridas";"Plena Noite";"Crescente";"Céu Claro";"Simples";"Reta";"Sim";4;0;3;1;0;0;4;2;-8,06223271;-39,12095006;"SPRF-PE";"DEL05-PE";"UOP01-DEL05-PE"
346614;2021-03-16;"terça-feira";"18:55:00";"CE";222;313;"TIANGUA";"Pedestre andava na pista";"Atropelamento de Pedestre";"Com Vítimas Feridas";"Plena Noite";"Decrescente";"Céu Claro";"Simples";"Reta";"Sim";2;0;1;0;0;1;1;2;-3,7236142;-40,99670064;"SPRF-CE";"DEL04-CE";"UOP02-DEL04-CE"
346615;2021-03-16;"terça-feira";"19:50:00";"ES";101;298;"VIANA";"Condutor deixou de manter distância do veículo da frente";"Colisão traseira";"Com Vítimas Feridas";"Plena Noite";"Decrescente";"Céu Claro";"Múltipla";"Retorno Regulamentado";"Sim";2;0;1;0;1;0;1;2;-20,35374444;-40,4156433;"SPRF-ES";"DEL01-ES";"UOP01-DEL01-ES"
346616;2021-03-16;"terça-feira";"20:20:00";"PE";408;102;"JABOATAO DOS GUARARAPES";"Manobra de mudança de faixa";"Colisão lateral mesmo sentido";"Sem Vítimas";"Plena Noite";"Crescente";"Céu Claro";"Dupla";"Reta";"Não";2;0;0;0;1;1;0;2;-8,05323195;-35,00247996;"SPRF-PE";"DEL01-PE";"UOP01-DEL01-PE"
346617;2021-02-18;"quinta-feira";"08:50:00";"MT";70;523;"VARZEA GRANDE";"Ultrapassagem Indevida";"Colisão traseira";"Com Vítimas Feridas";"Pleno dia";"Crescente";"Sol";"Simples";"Reta";"Sim";2;0;1;0;1;0;1;2;-15,6505813;-56,19468212;"SPRF-MT";"DEL01-MT";"UOP02-DEL01-MT"
346618;2021-03-16;"terça-feira";"20:33:00";"MG";50;157,4;"UBERABA";"Falta de elemento de contenção que evite a saída do leito carroçável";"Colisão com objeto";"Sem Vítimas";"Plena Noite";"Decrescente";"Céu Claro";"Dupla";"Retorno Regulamentado";"Não";1;0;0;0;1;0;0;1;-19,628291;-48,014565;"SPRF-MG";"DEL13-MG";"UOP01-DEL13-MG"
346619;2021-03-16;"terça-feira";"20:25:00";"RO";364;235,7;"CACOAL";"Conversão proibida";"Colisão transversal";"Com Vítimas Feridas";"Plena Noite";"Crescente";"Céu Claro";"Simples";"Reta";"Sim";2;0;0;1;1;0;1;2;-11,44608278;-61,43612623;"SPRF-RO";"DEL02-RO";"UOP02-DEL02-RO"
346622;2021-03-16;"terça-feira";"18:30:00";"BA";242;231;"ITABERABA";"Animais na Pista";"Atropelamento de Animal";"Com Vítimas Feridas";"Plena Noite";"Crescente";"Céu Claro";"Simples";"Reta";"Sim";1;0;0;1;0;0;1;1;-12,5115;-40,3229;"SPRF-BA";"DEL06-BA";"UOP02-DEL06-BA"
346623;2021-03-16;"terça-feira";"21:45:00";"SC";470;57,5;"BLUMENAU";"Reação tardia ou ineficiente do condutor";"Tombamento";"Com Vítimas Feridas";"Plena Noite";"Crescente";"Céu Claro";"Simples";"Interseção de Vias";"Sim";2;0;2;0;0;0;2;1;-26,8824436;-49,1418944;"SPRF-SC";"DEL04-SC";"UOP01-DEL04-SC"
346624;2021-03-16;"terça-feira";"21:00:00";"PE";104;54;"CARUARU";"Reação tardia ou ineficiente do condutor";"Tombamento";"Sem Vítimas";"Pleno dia";"Crescente";"Nublado";"Dupla";"Reta";"Não";1;0;0;0;0;1;0;1;-8,18818;-35,96709;"SPRF-PE";"DEL02-PE";"UOP01-DEL02-PE"
346626;2021-03-16;"terça-feira";"21:40:00";"PR";376;181,9;"MARINGA";"Reação tardia ou ineficiente do condutor";"Colisão com objeto";"Sem Vítimas";"Plena Noite";"Crescente";"Céu Claro";"Dupla";"Reta";"Sim";1;0;0;0;1;0;0;1;-23,43197477;-51,88671852;"SPRF-PR";"DEL09-PR";"UOP01-DEL09-PR"
346628;2021-03-16;"terça-feira";"22:00:00";"SP";153;174,4;"GUAICARA";"Desrespeitar a preferência no cruzamento";"Colisão transversal";"Com Vítimas Feridas";"Plena Noite";"Crescente";"Céu Claro";"Simples";"Interseção de Vias";"Sim";3;0;0;1;2;0;1;2;-21,633102;-49,787743;"SPRF-SP";"DEL07-SP";"UOP01-DEL07-SP"
346630;2021-03-16;"terça-feira";"23:20:00";"ES";101;69,1;"SAO MATEUS";"Animais na Pista";"Atropelamento de Animal";"Com Vítimas Feridas";"Plena Noite";"Crescente";"Céu Claro";"Simples";"Reta";"Não";2;0;2;0;0;0;2;1;-18,73556097;-39,86069526;"SPRF-ES";"DEL04-ES";"UOP02-DEL04-ES"
346632;2021-03-16;"terça-feira";"18:40:00";"MG";116;406;"GOVERNADOR VALADARES";"Ingestão de álcool pelo condutor";"Colisão com objeto";"Sem Vítimas";"Plena Noite";"Crescente";"Céu Claro";"Simples";"Ponte";"Não";1;0;0;0;1;0;0;1;-18,81891826;-41,98490923;"SPRF-MG";"DEL06-MG";"UOP01-DEL06-MG"
346636;2021-03-17;"quarta-feira";"01:00:00";"PE";232;244;"ARCOVERDE";"Animais na Pista";"Atropelamento de Animal";"Sem Vítimas";"Plena Noite";"Crescente";"Céu Claro";"Simples";"Curva";"Não";2;0;0;0;2;0;0;2;-8,41863444;-36,99827208;"SPRF-PE";"DEL03-PE";"UOP02-DEL03-PE"
346639;2021-03-17;"quarta-feira";"01:30:00";"PE";101;70;"RECIFE";"Desvio temporário";"Colisão com objeto";"Sem Vítimas";"Plena Noite";"Crescente";"Nublado";"Simples";"Reta";"Sim";1;0;0;0;0;1;0;1;-8,06776119;-34,94265074;"SPRF-PE";"DEL01-PE";"UOP01-DEL01-PE"
346640;2021-03-17;"quarta-feira";"01:35:00";"ES";262;28,9;"VIANA";"Velocidade Incompatível";"Saída de leito carroçável";"Sem Vítimas";"Plena Noite";"Crescente";"Nublado";"Simples";"Aclive;Curva";"Não";1;0;0;0;1;0;0;1;-20,38426904;-40,55863435;"SPRF-ES";"DEL01-ES";"UOP01-DEL01-ES"
346642;2021-03-17;"quarta-feira";"02:20:00";"RJ";101;493;"ANGRA DOS REIS";"Velocidade Incompatível";"Colisão com objeto";"Com Vítimas Feridas";"Plena Noite";"Crescente";"Céu Claro";"Simples";"Curva";"Não";2;0;0;1;1;0;1;1;-22,94374503;-44,32522199;"SPRF-RJ";"DEL03-RJ";"UOP03-DEL03-RJ"
346644;2021-03-17;"quarta-feira";"04:10:00";"CE";116;15,2;"FORTALEZA";"Acessar a via sem observar a presença dos outros veículos";"Colisão transversal";"Com Vítimas Feridas";"Plena Noite";"Decrescente";"Chuva";"Dupla";"Reta";"Sim";2;0;0;1;1;0;1;2;-3,87839882;-38,50066893;"SPRF-CE";"DEL01-CE";"UOP02-DEL01-CE"
346647;2021-03-17;"quarta-feira";"06:35:00";"PR";376;179,1;"MARINGA";"Ingestão de álcool pelo condutor";"Colisão com objeto";"Com Vítimas Feridas";"Amanhecer";"Crescente";"Nublado";"Múltipla";"Interseção de Vias";"Sim";1;0;1;0;0;0;1;1;-23,419815;-51,912289;"SPRF-PR";"DEL09-PR";"UOP01-DEL09-PR"
346649;2021-03-17;"quarta-feira";"06:38:00";"RJ";101;309;"SAO GONCALO";"Reação tardia ou ineficiente do condutor";"Engavetamento";"Sem Vítimas";"Pleno dia";"Crescente";"Sol";"Dupla";"Reta";"Não";3;0;0;0;3;0;0;3;-22,79498873;-43,03446105;"SPRF-RJ";"DEL02-RJ";"UOP02-DEL02-RJ"
346650;2021-03-16;"terça-feira";"18:40:00";"MG";40;631,6;"CONSELHEIRO LAFAIETE";"Acessar a via sem observar a presença dos outros veículos";"Colisão transversal";"Com Vítimas Feridas";"Plena Noite";"Crescente";"Céu Claro";"Simples";"Reta";"Sim";2;0;0;1;1;0;1;2;-20,67388154;-43,79670837;"SPRF-MG";"DEL05-MG";"UOP02-DEL05-MG"
346651;2021-03-17;"quarta-feira";"06:00:00";"GO";60;254,9;"INDIARA";"Ausência de reação do condutor";"Saída de leito carroçável";"Com Vítimas Fatais";"Pleno dia";"Crescente";"Céu Claro";"Dupla";"Reta";"Não";1;1;0;0;0;0;0;1;-17,151603;-50,020289;"SPRF-GO";"DEL01-GO";"UOP02-DEL01-GO"
346653;2021-03-17;"quarta-feira";"06:10:00";"MS";60;429;"SIDROLANDIA";"Condutor deixou de manter distância do veículo da frente";"Colisão traseira";"Sem Vítimas";"Pleno dia";"Decrescente";"Céu Claro";"Simples";"Reta";"Sim";4;0;0;0;4;0;0;2;-20,9578453;-54,9737714;"SPRF-MS";"DEL01-MS";"UOP04-DEL01-MS"
346654;2021-03-17;"quarta-feira";"07:20:00";"GO";60;108,8;"GOIANAPOLIS";"Ausência de reação do condutor";"Saída de leito carroçável";"Com Vítimas Feridas";"Pleno dia";"Crescente";"Chuva";"Dupla";"Reta";"Não";1;0;1;0;0;0;1;1;-16,4398;-49,0188;"SPRF-GO";"DEL01-GO";"UOP01-DEL01-GO"
346655;2021-03-17;"quarta-feira";"06:30:00";"ES";101;262;"SERRA";"Condutor deixou de manter distância do veículo da frente";"Colisão traseira";"Com Vítimas Feridas";"Pleno dia";"Crescente";"Céu Claro";"Múltipla";"Reta";"Sim";3;0;1;0;2;0;1;2;-20,1572331;-40,27678329;"SPRF-ES";"DEL02-ES";"UOP01-DEL02-ES"
346657;2021-03-17;"quarta-feira";"07:10:00";"RN";101;102,7;"PARNAMIRIM";"Condutor deixou de manter distância do veículo da frente";"Colisão traseira";"Com Vítimas Feridas";"Pleno dia";"Crescente";"Céu Claro";"Múltipla";"Reta";"Sim";2;0;1;0;1;0;1;2;-5,88858217;-35,24018997;"SPRF-RN";"DEL01-RN";"UOP01-DEL01-RN"
346659;2021-03-17;"quarta-feira";"07:00:00";"PE";101;203,4;"XEXEU";"Transitar na contramão";"Colisão frontal";"Sem Vítimas";"Pleno dia";"Crescente";"Céu Claro";"Dupla";"Curva";"Sim";2;0;0;0;1;1;0;2;-8,79726501;-35,62641334;"SPRF-PE";"DEL01-PE";"UOP03-DEL01-PE"
346660;2021-01-25;"segunda-feira";"00:45:00";"MG";50;74;"UBERLANDIA";"Velocidade Incompatível";"Tombamento";"Com Vítimas Feridas";"Plena Noite";"Crescente";"Céu Claro";"Dupla";"Reta";"Sim";1;0;1;0;0;0;1;1;-18,90299786;-48,23498011;"SPRF-MG";"DEL15-MG";"UOP01-DEL15-MG"
346663;2021-03-17;"quarta-feira";"08:05:00";"SC";101;116,5;"ITAJAI";"Ausência de reação do condutor";"Tombamento";"Com Vítimas Feridas";"Pleno dia";"Decrescente";"Nublado";"Dupla";"Reta";"Sim";1;0;1;0;0;0;1;1;-26,87905605;-48,72603512;"SPRF-SC";"DEL04-SC";"UOP04-DEL04-SC"
346667;2021-03-17;"quarta-feira";"08:30:00";"SC";101;197,2;"BIGUACU";"Desrespeitar a preferência no cruzamento";"Colisão transversal";"Com Vítimas Feridas";"Pleno dia";"Crescente";"Sol";"Múltipla";"Interseção de Vias";"Sim";2;0;1;0;0;1;1;2;-27,51844497;-48,63848496;"SPRF-SC";"DEL01-SC";"UOP01-DEL01-SC"
346668;2021-03-17;"quarta-feira";"06:40:00";"RO";364;421,3;"JARU";"Conversão proibida";"Colisão lateral mesmo sentido";"Com Vítimas Feridas";"Pleno dia";"Decrescente";"Céu Claro";"Simples";"Reta";"Sim";2;0;1;1;0;0;2;2;-10,46729967;-62,45088748;"SPRF-RO";"DEL03-RO";"UOP02-DEL03-RO"
346671;2021-03-17;"quarta-feira";"08:00:00";"BA";324;617;"SALVADOR";"Condutor deixou de manter distância do veículo da frente";"Engavetamento";"Sem Vítimas";"Pleno dia";"Decrescente";"Céu Claro";"Dupla";"Reta";"Sim";4;0;0;0;4;0;0;4;-12,8860325;-38,43806469;"SPRF-BA";"DEL01-BA";"UOP01-DEL01-BA"
346673;2021-03-17;"quarta-feira";"09:00:00";"RS";386;386,3;"TABAI";"Manobra de mudança de faixa";"Colisão lateral mesmo sentido";"Com Vítimas Feridas";"Pleno dia";"Crescente";"Céu Claro";"Dupla";"Retorno Regulamentado";"Não";4;0;2;0;2;0;2;2;-29,688717;-51,717327;"SPRF-RS";"DEL04-RS";"UOP02-DEL04-RS"
346674;2021-03-17;"quarta-feira";"09:50:00";"MG";381;490,8;"BETIM";"Mal súbito do condutor";"Saída de leito carroçável";"Com Vítimas Feridas";"Pleno dia";"Crescente";"Céu Claro";"Dupla";"Reta";"Não";1;0;1;0;0;0;1;1;-19,956956;-44,150677;"SPRF-MG";"DEL01-MG";"UOP03-DEL01-MG"
346676;2021-03-17;"quarta-feira";"09:40:00";"GO";153;510,2;"APARECIDA DE GOIANIA";"Acessar a via sem observar a presença dos outros veículos";"Colisão lateral mesmo sentido";"Com Vítimas Feridas";"Pleno dia";"Crescente";"Nublado";"Simples";"Interseção de Vias";"Sim";2;0;1;0;1;0;1;2;-16,7977;-49,2386;"SPRF-GO";"DEL01-GO";"UOP03-DEL01-GO"
346677;2021-02-09;"terça-feira";"21:35:00";"RO";364;206;"PIMENTA BUENO";"Acumulo de água sobre o pavimento";"Saída de leito carroçável";"Com Vítimas Feridas";"Plena Noite";"Decrescente";"Chuva";"Simples";"Curva";"Não";2;0;1;0;1;0;1;1;-11,60773;-61,222033;"SPRF-RO";"DEL02-RO";"UOP02-DEL02-RO"
346678;2021-03-10;"quarta-feira";"18:30:00";"PB";230;156,5;"CAMPINA GRANDE";"Condutor deixou de manter distância do veículo da frente";"Colisão traseira";"Sem Vítimas";"Plena Noite";"Crescente";"Céu Claro";"Simples";"Aclive;Reta";"Sim";3;0;0;0;1;2;0;3;-7,2693;-35,9138;"SPRF-PB";"DEL02-PB";"UOP01-DEL02-PB"
346679;2021-03-17;"quarta-feira";"10:15:00";"PB";230;16;"JOAO PESSOA";"Condutor deixou de manter distância do veículo da frente";"Queda de ocupante de veículo";"Com Vítimas Feridas";"Pleno dia";"Decrescente";"Céu Claro";"Dupla";"Curva;Declive";"Sim";2;0;2;0;0;0;2;1;-7,1039;-34,8458;"SPRF-PB";"DEL01-PB";"UOP01-DEL01-PB"
346688;2021-03-17;"quarta-feira";"10:40:00";"ES";262;105;"VENDA NOVA DO IMIGRANTE";"Ingestão de álcool pelo condutor";"Colisão traseira";"Com Vítimas Feridas";"Pleno dia";"Crescente";"Céu Claro";"Simples";"Reta";"Sim";2;0;1;0;1;0;1;2;-20,32624656;-41,13598921;"SPRF-ES";"DEL01-ES";"UOP02-DEL01-ES"
346689;2021-03-17;"quarta-feira";"11:00:00";"ES";101;232,6;"FUNDAO";"Reação tardia ou ineficiente do condutor";"Colisão traseira";"Com Vítimas Feridas";"Pleno dia";"Decrescente";"Céu Claro";"Dupla";"Reta";"Não";5;0;1;0;4;0;1;4;-19,95224103;-40,40879816;"SPRF-ES";"DEL02-ES";"UOP01-DEL02-ES"
346691;2021-03-17;"quarta-feira";"08:50:00";"MG";354;743;"POUSO ALTO";"Reação tardia ou ineficiente do condutor";"Colisão traseira";"Com Vítimas Feridas";"Pleno dia";"Crescente";"Céu Claro";"Simples";"Reta";"Não";2;0;1;0;1;0;1;2;-22,2393211;-44,93648355;"SPRF-MG";"DEL17-MG";"UOP01-DEL17-MG"
346694;2021-03-05;"sexta-feira";"14:00:00";"SC";470;143;"RIO DO SUL";"Mal súbito do condutor";"Colisão com objeto";"Com Vítimas Feridas";"Pleno dia";"Decrescente";"Céu Claro";"Simples";"Rotatória";"Não";1;0;1;0;0;0;1;1;-27,233143;-49,672886;"SPRF-SC";"DEL04-SC";"UOP02-DEL04-SC"
346695;2021-03-17;"quarta-feira";"11:30:00";"SC";101;17,6;"JOINVILLE";"Avarias e/ou desgaste excessivo no pneu";"Colisão com objeto";"Com Vítimas Feridas";"Pleno dia";"Crescente";"Nublado";"Dupla";"Reta";"Não";2;0;2;0;0;0;2;1;-26,12671893;-48,88682127;"SPRF-SC";"DEL03-SC";"UOP01-DEL03-SC"
346698;2021-03-17;"quarta-feira";"09:00:00";"SC";282;402,9;"CATANDUVAS";"Velocidade Incompatível";"Capotamento";"Sem Vítimas";"Pleno dia";"Crescente";"Chuva";"Simples";"Curva";"Não";1;0;0;0;1;0;0;1;-27,115656;-51,631065;"SPRF-SC";"DEL07-SC";"UOP05-DEL07-SC"
346700;2021-03-17;"quarta-feira";"12:00:00";"PR";376;177;"MARINGA";"Manobra de mudança de faixa";"Colisão lateral mesmo sentido";"Com Vítimas Feridas";"Pleno dia";"Decrescente";"Chuva";"Dupla";"Reta";"Sim";2;0;1;0;1;0;1;2;-23,41595855;-51,92226484;"SPRF-PR";"DEL09-PR";"UOP01-DEL09-PR"
346709;2021-03-17;"quarta-feira";"11:30:00";"MG";50;41;"ARAGUARI";"Manobra de mudança de faixa";"Tombamento";"Com Vítimas Feridas";"Pleno dia";"Crescente";"Céu Claro";"Dupla";"Reta";"Não";1;0;1;0;0;0;1;1;-18,682136;-48,17887197;"SPRF-MG";"DEL15-MG";"UOP02-DEL15-MG"
346711;2021-03-17;"quarta-feira";"11:00:00";"RJ";356;49;"ITAPERUNA";"Reação tardia ou ineficiente do condutor";"Saída de leito carroçável";"Com Vítimas Feridas";"Pleno dia";"Crescente";"Céu Claro";"Simples";"Curva";"Não";2;0;2;0;0;0;2;1;-21,255627;-41,776888;"SPRF-RJ";"DEL08-RJ";"UOP03-DEL08-RJ"
346713;2021-03-17;"quarta-feira";"12:00:00";"RJ";101;55,8;"CAMPOS DOS GOYTACAZES";"Reação tardia ou ineficiente do condutor";"Queda de ocupante de veículo";"Com Vítimas Feridas";"Pleno dia";"Crescente";"Céu Claro";"Simples";"Reta";"Sim";2;0;2;0;0;0;2;1;-21,68547;-41,311042;"SPRF-RJ";"DEL08-RJ";"UOP01-DEL08-RJ"
346714;2021-03-17;"quarta-feira";"11:10:00";"CE";20;432;"EUSEBIO";"Velocidade Incompatível";"Saída de leito carroçável";"Com Vítimas Feridas";"Pleno dia";"Crescente";"Chuva";"Dupla";"Reta";"Sim";1;0;1;0;0;0;1;1;-3,86782222;-38,47747028;"SPRF-CE";"DEL01-CE";"UOP02-DEL01-CE"
346716;2021-03-17;"quarta-feira";"12:50:00";"RS";386;36,1;"FREDERICO WESTPHALEN";"Acessar a via sem observar a presença dos outros veículos";"Colisão transversal";"Com Vítimas Feridas";"Pleno dia";"Decrescente";"Céu Claro";"Simples";"Rotatória";"Sim";2;0;0;1;1;0;1;2;-27,373381;-53,39772;"SPRF-RS";"DEL08-RS";"UOP02-DEL08-RS"
346717;2021-03-17;"quarta-feira";"12:10:00";"MA";10;249;"IMPERATRIZ";"Conversão proibida";"Colisão transversal";"Com Vítimas Feridas";"Pleno dia";"Crescente";"Céu Claro";"Simples";"Interseção de Vias";"Não";3;0;2;0;1;0;2;2;-5,558508;-47,45417;"SPRF-MA";"DEL04-MA";"UOP01-DEL04-MA"
346718;2021-03-17;"quarta-feira";"12:10:00";"PI";343;192;"PIRIPIRI";"Velocidade Incompatível";"Saída de leito carroçável";"Com Vítimas Feridas";"Pleno dia";"Crescente";"Nublado";"Simples";"Reta";"Não";1;0;1;0;0;0;1;1;-4,333408;-41,794598;"SPRF-PI";"DEL02-PI";"UOP01-DEL02-PI"
346719;2021-03-17;"quarta-feira";"13:45:00";"MG";381;485,7;"BETIM";"Objeto estático sobre o leito carroçável";"Colisão com objeto";"Com Vítimas Feridas";"Pleno dia";"Decrescente";"Sol";"Múltipla";"Reta";"Sim";1;0;1;0;0;0;1;1;-19,95659361;-44,12622893;"SPRF-MG";"DEL01-MG";"UOP03-DEL01-MG"
346720;2021-03-17;"quarta-feira";"12:20:00";"GO";40;58,4;"LUZIANIA";"Desrespeitar a preferência no cruzamento";"Colisão transversal";"Com Vítimas Feridas";"Pleno dia";"Crescente";"Sol";"Simples";"Curva";"Não";2;0;1;0;1;0;1;2;-16,51594853;-47,81099981;"SPRF-DF";"DEL01-DF";"UOP02-DEL01-DF"
346726;2021-03-17;"quarta-feira";"13:20:00";"RO";364;239;"CACOAL";"Condutor deixou de manter distância do veículo da frente";"Colisão transversal";"Com Vítimas Feridas";"Pleno dia";"Decrescente";"Sol";"Simples";"Reta";"Sim";2;0;0;1;1;0;1;2;-11,43425083;-61,46267289;"SPRF-RO";"DEL02-RO";"UOP02-DEL02-RO"
346728;2021-03-17;"quarta-feira";"07:00:00";"MT";163;634;"NOVA MUTUM";"Pista Escorregadia";"Saída de leito carroçável";"Com Vítimas Feridas";"Pleno dia";"Crescente";"Chuva";"Simples";"Reta";"Não";1;0;1;0;0;0;1;1;-13,611275;-56,03256702;"SPRF-MT";"DEL01-MT";"UOP01-DEL01-MT"
346729;2021-02-09;"terça-feira";"12:45:00";"MG";50;190;"UBERABA";"Velocidade Incompatível";"Colisão traseira";"Com Vítimas Feridas";"Pleno dia";"Crescente";"Céu Claro";"Dupla";"Reta";"Não";2;0;1;0;1;0;1;2;-19,85630175;-47,86944462;"SPRF-MG";"DEL13-MG";"UOP01-DEL13-MG"
346733;2021-03-17;"quarta-feira";"14:55:00";"BA";324;543;"AMELIA RODRIGUES";"Manobra de mudança de faixa";"Colisão lateral mesmo sentido";"Com Vítimas Feridas";"Pleno dia";"Decrescente";"Sol";"Múltipla";"Reta";"Sim";2;0;1;0;1;0;1;2;-12,37387412;-38,74328613;"SPRF-BA";"DEL01-BA";"UOP03-DEL01-BA"
346735;2021-03-17;"quarta-feira";"15:10:00";"PR";376;123;"ALTO PARANA";"Manobra de mudança de faixa";"Saída de leito carroçável";"Com Vítimas Feridas";"Pleno dia";"Crescente";"Céu Claro";"Dupla";"Reta";"Não";4;0;2;1;0;1;3;2;-23,135335;-52,293443;"SPRF-PR";"DEL09-PR";"UOP02-DEL09-PR"
346737;2021-03-17;"quarta-feira";"16:00:00";"PE";407;9,7;"AFRANIO";"Acessar a via sem observar a presença dos outros veículos";"Colisão transversal";"Com Vítimas Feridas";"Pleno dia";"Crescente";"Céu Claro";"Simples";"Reta";"Sim";2;0;0;1;1;0;1;2;-8,50036599;-41,00772593;"SPRF-PE";"DEL06-PE";"UOP02-DEL06-PE"
346739;2021-02-16;"terça-feira";"19:20:00";"RS";285;120;"VACARIA";"Acessar a via sem observar a presença dos outros veículos";"Colisão transversal";"Com Vítimas Feridas";"Plena Noite";"Decrescente";"Céu Claro";"Simples";"Reta";"Sim";2;0;1;0;1;0;1;2;-28,506767;-50,926594;"SPRF-RS";"DEL05-RS";"UOP03-DEL05-RS"
346744;2021-01-31;"domingo";"09:30:00";"RJ";116;182;"NOVA IGUACU";"Acessar a via sem observar a presença dos outros veículos";"Atropelamento de Pedestre";"Com Vítimas Fatais";"Pleno dia";"Decrescente";"Sol";"Dupla";"Reta";"Sim";2;1;0;0;1;0;0;2;-22,7567755;-43,43107234;"SPRF-RJ";"DEL01-RJ";"UOP02-DEL01-RJ"
346745;2021-03-17;"quarta-feira";"15:30:00";"MS";163;253,2;"DOURADOS";"Ingestão de substâncias psicoativas pelo condutor";"Colisão lateral mesmo sentido";"Com Vítimas Feridas";"Pleno dia";"Crescente";"Nublado";"Dupla";"Curva";"Sim";5;0;2;0;3;0;2;4;-22,27882139;-54,8222065;"SPRF-MS";"DEL04-MS";"UOP01-DEL04-MS"
346747;2021-01-28;"quinta-feira";"17:50:00";"SC";470;61,7;"BLUMENAU";"Ingestão de álcool pelo condutor";"Colisão transversal";"Com Vítimas Feridas";"Pleno dia";"Decrescente";"Céu Claro";"Simples";"Curva";"Não";2;0;0;1;1;0;1;2;-26,878952;-49,17421;"SPRF-SC";"DEL04-SC";"UOP01-DEL04-SC"
346750;2021-03-17;"quarta-feira";"16:30:00";"MG";50;39;"ARAGUARI";"Transitar na contramão";"Colisão frontal";"Com Vítimas Feridas";"Pleno dia";"Crescente";"Céu Claro";"Dupla";"Reta";"Sim";2;0;1;0;1;0;1;2;-18,64695507;-48,13009097;"SPRF-MG";"DEL15-MG";"UOP02-DEL15-MG"
346752;2021-03-17;"quarta-feira";"17:15:00";"RJ";116;179;"NOVA IGUACU";"Acumulo de areia ou detritos sobre o pavimento";"Queda de ocupante de veículo";"Com Vítimas Feridas";"Pleno dia";"Crescente";"Céu Claro";"Múltipla";"Curva";"Sim";2;0;2;0;0;0;2;1;-22,769902;-43,408036;"SPRF-RJ";"DEL01-RJ";"UOP02-DEL01-RJ"
346753;2021-03-17;"quarta-feira";"15:40:00";"PR";277;475;"NOVA LARANJEIRAS";"Pista em desnível";"Queda de ocupante de veículo";"Com Vítimas Feridas";"Pleno dia";"Decrescente";"Céu Claro";"Simples";"Reta";"Não";1;0;1;0;0;0;1;1;-25,30798916;-52,54687394;"SPRF-PR";"DEL04-PR";"UOP02-DEL04-PR"