"id";"data_inversa";"dia_semana";"horario";"uf";"br";"km";"municipio";"causa_acidente";"tipo_acidente";"classificacao_acidente";"fase_dia";"sentido_via";"condicao_metereologica";"tipo_pista";"tracado_via";"uso_solo";"pessoas";"mortos";"feridos_leves";"feridos_graves";"ilesos";"ignorados";"feridos";"veiculos";"latitude";"longitude";"regional";"delegacia";"uop"
346758;2021-03-17;"quarta-feira";"17:10:00";"MG";40;468,9;"SETE LAGOAS";"Manobra de mudança de faixa";"Colisão traseira";"Com Vítimas Feridas";"Pleno dia";"Decrescente";"Céu Claro";"Dupla";"Reta;Retorno Regulamentado;Aclive";"Não";2;0;0;1;1;0;1;2;-19,45908633;-44,3039453;"SPRF-MG";"DEL02-MG";"UOP01-DEL02-MG"
346760;2021-03-17;"quarta-feira";"17:05:00";"MS";163;654;"RIO VERDE DE MATO GROSSO";"Condutor usando celular";"Saída de leito carroçável";"Com Vítimas Fatais";"Anoitecer";"Crescente";"Chuva";"Simples";"Declive;Curva";"Não";1;1;0;0;0;0;0;1;-19,11378;-54,755662;"SPRF-MS";"DEL06-MS";"UOP02-DEL06-MS"
346762;2021-03-17;"quarta-feira";"17:50:00";"PR";476;139;"CURITIBA";"Ausência de reação do condutor";"Queda de ocupante de veículo";"Com Vítimas Feridas";"Pleno dia";"Decrescente";"Céu Claro";"Múltipla";"Curva";"Sim";1;0;1;0;0;0;1;1;-25,51284;-49,289257;"SPRF-PR";"DEL01-PR";"UOP03-DEL01-PR"
346764;2021-03-17;"quarta-feira";"17:10:00";"TO";153;727;"FIGUEIROPOLIS";"Avarias e/ou desgaste excessivo no pneu";"Tombamento";"Com Vítimas Feridas";"Pleno dia";"Decrescente";"Nublado";"Simples";"Reta";"Não";1;0;1;0;0;0;1;1;-12,19574421;-49,15626526;"SPRF-TO";"DEL01-TO";"UOP02-DEL01-TO"
346766;2021-02-13;"sábado";"11:40:00";"PA";316;56;"CASTANHAL";"Condutor deixou de manter distância do veículo da frente";"Colisão traseira";"Com Vítimas Feridas";"Pleno dia";"Decrescente";"Céu Claro";"Dupla";"Reta";"Sim";3;0;2;0;1;0;2;2;-1,30296976;-47,99063907;"SPRF-PA";"DEL01-PA";"UOP01-DEL01-PA"
346767;2021-03-17;"quarta-feira";"17:25:00";"SC";101;149,2;"ITAPEMA";"Condutor deixou de manter distância do veículo da frente";"Colisão traseira";"Com Vítimas Feridas";"Pleno dia";"Decrescente";"Nublado";"Simples";"Reta";"Sim";3;0;2;0;1;0;2;2;-27,1089649;-48,61277586;"SPRF-SC";"DEL04-SC";"UOP03-DEL04-SC"
346768;2021-03-17;"quarta-feira";"17:40:00";"SC";282;0,4;"FLORIANOPOLIS";"Velocidade Incompatível";"Colisão traseira";"Com Vítimas Feridas";"Pleno dia";"Crescente";"Sol";"Dupla";"Reta";"Sim";2;0;2;0;0;0;2;2;-27,59875439;-48,57444584;"SPRF-SC";"DEL01-SC";"UOP01-DEL01-SC"
346769;2021-03-17;"quarta-feira";"17:30:00";"RJ";116;164;"RIO DE JANEIRO";"Trafegar com motocicleta (ou similar) entre as faixas";"Colisão lateral mesmo sentido";"Com Vítimas Feridas";"Plena Noite";"Crescente";"Céu Claro";"Múltipla";"Reta";"Não";3;0;1;0;2;0;1;3;-22,81074068;-43,28844363;"SPRF-RJ";"DEL01-RJ";"UOP01-DEL01-RJ"
346772;2021-03-17;"quarta-feira";"18:30:00";"PI";343;11,4;"PARNAIBA";"Reação tardia ou ineficiente do condutor";"Tombamento";"Com Vítimas Feridas";"Anoitecer";"Crescente";"Céu Claro";"Dupla";"Reta";"Sim";1;0;1;0;0;0;1;1;-2,903314;-41,750664;"SPRF-PI";"DEL05-PI";"UOP01-DEL05-PI"
346773;2021-03-17;"quarta-feira";"18:40:00";"PE";104;23;"TAQUARITINGA DO NORTE";"Transitar na contramão";"Colisão frontal";"Com Vítimas Fatais";"Plena Noite";"Crescente";"Céu Claro";"Simples";"Reta";"Não";4;1;1;2;0;0;3;2;-7,97182;-36,109932;"SPRF-PE";"DEL02-PE";"UOP01-DEL02-PE"
346774;2021-03-17;"quarta-feira";"18:10:00";"PR";369;147,2;"LONDRINA";"Acessar a via sem observar a presença dos outros veículos";"Colisão lateral mesmo sentido";"Com Vítimas Feridas";"Anoitecer";"Crescente";"Nublado";"Dupla";"Interseção de Vias";"Sim";2;0;1;0;1;0;1;2;-23,29316059;-51,13449097;"SPRF-PR";"DEL07-PR";"UOP01-DEL07-PR"
346778;2021-03-17;"quarta-feira";"09:00:00";"GO";153;529,9;"HIDROLANDIA";"Condutor Dormindo";"Saída de leito carroçável";"Com Vítimas Feridas";"Pleno dia";"Crescente";"Nublado";"Dupla";"Reta";"Não";1;0;1;0;0;0;1;1;-16,9603;-49,2384;"SPRF-GO";"DEL01-GO";"UOP03-DEL01-GO"
346779;2021-03-17;"quarta-feira";"18:19:00";"PE";232;109,6;"BEZERROS";"Demais falhas na via";"Saída de leito carroçável";"Com Vítimas Feridas";"Plena Noite";"Crescente";"Vento";"Dupla";"Curva";"Não";1;0;0;1;0;0;1;1;-8,28036785;-35,81085313;"SPRF-PE";"DEL02-PE";"UOP03-DEL02-PE"
346782;2021-03-17;"quarta-feira";"16:40:00";"MT";364;268;"JACIARA";"Ausência de reação do condutor";"Saída de leito carroçável";"Com Vítimas Feridas";"Pleno dia";"Crescente";"Céu Claro";"Dupla";"Reta";"Sim";1;0;1;0;0;0;1;1;-15,98124307;-54,93240309;"SPRF-MT";"DEL02-MT";"UOP01-DEL02-MT"
346784;2021-03-17;"quarta-feira";"17:20:00";"RN";405;192,9;"LUIS GOMES";"Velocidade Incompatível";"Saída de leito carroçável";"Com Vítimas Fatais";"Anoitecer";"Crescente";"Céu Claro";"Simples";"Reta";"Não";3;1;1;1;0;0;2;1;-6,43658057;-38,34797684;"SPRF-RN";"DEL04-RN";"UOP02-DEL04-RN"
346786;2021-03-17;"quarta-feira";"15:45:00";"RS";116;165,5;"CAXIAS DO SUL";"Condutor Dormindo";"Colisão lateral sentido oposto";"Com Vítimas Feridas";"Pleno dia";"Crescente";"Nublado";"Simples";"Reta";"Não";3;0;1;0;2;0;1;2;-29,2596449;-51,1574433;"SPRF-RS";"DEL05-RS";"UOP02-DEL05-RS"
346787;2021-03-17;"quarta-feira";"18:00:00";"CE";116;504;"BREJO SANTO";"Manobra de mudança de faixa";"Colisão lateral sentido oposto";"Com Vítimas Feridas";"Anoitecer";"Decrescente";"Céu Claro";"Simples";"Reta";"Sim";2;0;2;0;0;0;2;2;-7,4993311;-38,98460867;"SPRF-CE";"DEL05-CE";"UOP03-DEL05-CE"
346791;2021-03-13;"sábado";"00:30:00";"PA";230;116,7;"MARABA";"Acessar a via sem observar a presença dos outros veículos";"Colisão transversal";"Com Vítimas Feridas";"Plena Noite";"Crescente";"Céu Claro";"Dupla";"Interseção de Vias";"Sim";3;0;1;0;2;0;1;2;-5,350309;-49,102208;"SPRF-PA";"DEL03-PA";"UOP01-DEL03-PA"
346794;2021-03-17;"quarta-feira";"19:40:00";"GO";40;144;"CRISTALINA";"Reação tardia ou ineficiente do condutor";"Colisão traseira";"Com Vítimas Fatais";"Plena Noite";"Crescente";"Céu Claro";"Simples";"Aclive";"Não";2;1;0;0;0;1;0;2;-16,979743;-47,256078;"SPRF-DF";"DEL01-DF";"UOP02-DEL01-DF"
346795;2021-03-17;"quarta-feira";"20:15:00";"RS";116;224;"DOIS IRMAOS";"Condutor usando celular";"Saída de leito carroçável";"Sem Vítimas";"Plena Noite";"Decrescente";"Chuva";"Simples";"Retorno Regulamentado";"Sim";1;0;0;0;1;0;0;1;-29,58975513;-51,10781795;"SPRF-RS";"DEL01-RS";"UOP02-DEL01-RS"
346796;2021-03-17;"quarta-feira";"20:40:00";"RJ";356;37;"ITAPERUNA";"Acessar a via sem observar a presença dos outros veículos";"Colisão traseira";"Com Vítimas Feridas";"Plena Noite";"Crescente";"Céu Claro";"Simples";"Aclive";"Sim";3;0;0;2;1;0;2;2;-21,211836;-41,86893;"SPRF-RJ";"DEL08-RJ";"UOP03-DEL08-RJ"
346797;2021-03-17;"quarta-feira";"20:15:00";"GO";40;4,6;"VALPARAISO DE GOIAS";"Ultrapassagem Indevida";"Colisão lateral mesmo sentido";"Sem Vítimas";"Plena Noite";"Decrescente";"Céu Claro";"Dupla";"Reta";"Sim";2;0;0;0;1;1;0;2;-16,085241;-47,986752;"SPRF-DF";"DEL01-DF";"UOP01-DEL01-DF"
346799;2021-03-17;"quarta-feira";"21:15:00";"PE";104;66,2;"CARUARU";"Ingestão de álcool pelo condutor";"Colisão traseira";"Com Vítimas Feridas";"Plena Noite";"Crescente";"Céu Claro";"Dupla";"Reta";"Não";2;0;0;1;1;0;1;2;-8,2937;-35,9864;"SPRF-PE";"DEL02-PE";"UOP01-DEL02-PE"
346801;2021-02-07;"domingo";"12:05:00";"PB";230;292;"SANTA LUZIA";"Acessar a via sem observar a presença dos outros veículos";"Colisão frontal";"Com Vítimas Feridas";"Pleno dia";"Crescente";"Céu Claro";"Simples";"Reta";"Não";2;0;1;0;1;0;1;2;-6,8684;-36,9222;"SPRF-PB";"DEL03-PB";"UOP01-DEL03-PB"
346802;2021-03-17;"quarta-feira";"20:50:00";"SC";101;417;"ARARANGUA";"Velocidade Incompatível";"Saída de leito carroçável";"Sem Vítimas";"Plena Noite";"Crescente";"Céu Claro";"Múltipla";"Curva";"Não";1;0;0;0;1;0;0;1;-28,97376391;-49,53023409;"SPRF-SC";"DEL02-SC";"UOP02-DEL02-SC"
346803;2021-03-17;"quarta-feira";"20:50:00";"PB";230;241,2;"JUAZEIRINHO";"Deficiência do Sistema de Iluminação/Sinalização";"Colisão transversal";"Com Vítimas Feridas";"Plena Noite";"Crescente";"Céu Claro";"Simples";"Reta";"Não";2;0;1;0;1;0;1;2;-7,0688;-36,5739;"SPRF-PB";"DEL02-PB";"UOP02-DEL02-PB"
346806;2021-03-17;"quarta-feira";"19:50:00";"PB";405;29,7;"SAO JOAO DO RIO DO PEIXE";"Transitar na contramão";"Colisão frontal";"Com Vítimas Feridas";"Plena Noite";"Crescente";"Céu Claro";"Simples";"Reta;Declive";"Não";3;0;1;0;1;1;1;2;-6,692524;-38,447159;"SPRF-PB";"DEL03-PB";"UOP03-DEL03-PB"
346809;2021-03-17;"quarta-feira";"20:35:00";"SC";101;416;"ARARANGUA";"Desrespeitar a preferência no cruzamento";"Colisão transversal";"Com Vítimas Feridas";"Plena Noite";"Crescente";"Chuva";"Simples";"Reta;Interseção de Vias";"Sim";2;0;2;0;0;0;2;2;-28,96708874;-49,52338825;"SPRF-SC";"DEL02-SC";"UOP02-DEL02-SC"
346810;2021-02-01;"segunda-feira";"12:25:00";"RO";364;695;"PORTO VELHO";"Reação tardia ou ineficiente do condutor";"Colisão lateral mesmo sentido";"Com Vítimas Feridas";"Pleno dia";"Decrescente";"Céu Claro";"Dupla";"Reta;Interseção de Vias";"Não";5;0;1;1;3;0;2;2;-8,80046896;-63,725947;"SPRF-RO";"DEL01-RO";"UOP01-DEL01-RO"
346811;2021-03-18;"quinta-feira";"01:50:00";"RJ";116;163;"RIO DE JANEIRO";"Reação tardia ou ineficiente do condutor";"Colisão traseira";"Com Vítimas Feridas";"Plena Noite";"Crescente";"Céu Claro";"Dupla";"Reta";"Não";2;0;2;0;0;0;2;2;-22,802729;-43,290424;"SPRF-RJ";"DEL01-RJ";"UOP01-DEL01-RJ"
346812;2021-03-18;"quinta-feira";"01:00:00";"SP";381;88;"GUARULHOS";"Avarias e/ou desgaste excessivo no pneu";"Tombamento";"Com Vítimas Feridas";"Plena Noite";"Decrescente";"Ignorado";"Múltipla";"Reta";"Sim";2;0;2;0;0;0;2;1;-23,47724883;-46,56014811;"SPRF-SP";"DEL03-SP";"UOP01-DEL03-SP"
346813;2021-03-18;"quinta-feira";"01:45:00";"PR";116;6;"CAMPINA GRANDE DO SUL";"Velocidade Incompatível";"Atropelamento de Pedestre";"Com Vítimas Feridas";"Plena Noite";"Crescente";"Nublado";"Dupla";"Reta";"Não";2;0;1;0;0;1;1;2;-25,3669;-49,0996;"SPRF-PR";"DEL01-PR";"UOP02-DEL01-PR"
346814;2021-03-18;"quinta-feira";"01:20:00";"SC";101;158;"PORTO BELO";"Ingestão de álcool pelo condutor";"Colisão traseira";"Sem Vítimas";"Plena Noite";"Decrescente";"Céu Claro";"Dupla";"Reta";"Sim";2;0;0;0;1;1;0;2;-27,19096301;-48,61259017;"SPRF-SC";"DEL04-SC";"UOP03-DEL04-SC"
346815;2021-03-18;"quinta-feira";"01:00:00";"CE";20;425;"FORTALEZA";"Pista Escorregadia";"Colisão com objeto";"Sem Vítimas";"Plena Noite";"Decrescente";"Chuva";"Dupla";"Reta";"Não";1;0;0;0;1;0;0;1;-3,76999035;-38,67006282;"SPRF-CE";"DEL01-CE";"UOP02-DEL01-CE"
346816;2021-03-18;"quinta-feira";"00:21:00";"ES";259;5;"JOAO NEIVA";"Condutor Dormindo";"Capotamento";"Com Vítimas Feridas";"Plena Noite";"Decrescente";"Céu Claro";"Simples";"Reta";"Não";1;0;1;0;0;0;1;1;-19,70483414;-40,3813403;"SPRF-ES";"DEL02-ES";"UOP01-DEL02-ES"
346818;2021-03-17;"quarta-feira";"12:45:00";"PR";153;112;"IBAITI";"Conversão proibida";"Colisão transversal";"Com Vítimas Feridas";"Pleno dia";"Crescente";"Céu Claro";"Simples";"Reta";"Sim";2;0;0;1;1;0;1;2;-23,87002672;-50,20241747;"SPRF-PR";"DEL07-PR";"UOP04-DEL07-PR"
346819;2021-03-18;"quinta-feira";"03:00:00";"MG";262;397;"PARA DE MINAS";"Condutor Dormindo";"Saída de leito carroçável";"Sem Vítimas";"Plena Noite";"Decrescente";"Céu Claro";"Múltipla";"Reta";"Sim";1;0;0;0;1;0;0;1;-19,89879385;-44,56054688;"SPRF-MG";"DEL01-MG";"UOP03-DEL01-MG"
346820;2021-03-18;"quinta-feira";"00:10:00";"RJ";101;134;"CONCEICAO DE MACABU";"Mal súbito do condutor";"Colisão com objeto";"Com Vítimas Feridas";"Plena Noite";"Crescente";"Céu Claro";"Dupla";"Reta";"Não";19;0;1;0;18;0;1;1;-22,13817622;-41,71721171;"SPRF-RJ";"DEL08-RJ";"UOP04-DEL08-RJ"
346823;2021-03-18;"quinta-feira";"04:20:00";"PE";232;158,2;"TACAIMBO";"Condutor deixou de manter distância do veículo da frente";"Colisão traseira";"Sem Vítimas";"Amanhecer";"Decrescente";"Céu Claro";"Simples";"Reta";"Não";5;0;0;0;5;0;0;2;-8,33051268;-36,23532702;"SPRF-PE";"DEL02-PE";"UOP03-DEL02-PE"
346824;2021-03-18;"quinta-feira";"04:00:00";"PR";376;231;"APUCARANA";"Ausência de reação do condutor";"Saída de leito carroçável";"Sem Vítimas";"Plena Noite";"Crescente";"Céu Claro";"Dupla";"Reta";"Não";1;0;0;0;0;1;0;1;-23,568266;-51,512928;"SPRF-PR";"DEL07-PR";"UOP02-DEL07-PR"
346826;2021-03-18;"quinta-feira";"05:30:00";"MT";364;204,3;"RONDONOPOLIS";"Ausência de reação do condutor";"Tombamento";"Com Vítimas Feridas";"Amanhecer";"Decrescente";"Nublado";"Dupla";"Reta";"Não";1;0;1;0;0;0;1;1;-16,467325;-54,657196;"SPRF-MT";"DEL02-MT";"UOP01-DEL02-MT"
346829;2021-03-18;"quinta-feira";"04:20:00";"BA";110;190,1;"RIBEIRA DO AMPARO";"Condutor Dormindo";"Capotamento";"Com Vítimas Fatais";"Plena Noite";"Decrescente";"Céu Claro";"Simples";"Reta";"Não";1;1;0;0;0;0;0;1;-10,97722668;-38,514875;"SPRF-BA";"DEL07-BA";"UOP02-DEL07-BA"
346830;2021-03-17;"quarta-feira";"17:30:00";"SC";280;233,6;"CANOINHAS";"Condutor deixou de manter distância do veículo da frente";"Colisão traseira";"Com Vítimas Feridas";"Plena Noite";"Crescente";"Chuva";"Simples";"Reta";"Sim";2;0;1;0;1;0;1;2;-26,19146187;-50,39215;"SPRF-SC";"DEL06-SC";"UOP04-DEL06-SC"
346831;2021-03-18;"quinta-feira";"07:00:00";"RJ";116;167;"SAO JOAO DE MERITI";"Condutor deixou de manter distância do veículo da frente";"Colisão traseira";"Sem Vítimas";"Pleno dia";"Decrescente";"Céu Claro";"Dupla";"Reta";"Sim";4;0;0;0;4;0;0;3;-22,79928783;-43,35720062;"SPRF-RJ";"DEL01-RJ";"UOP01-DEL01-RJ"
346833;2021-03-18;"quinta-feira";"07:48:00";"BA";324;619;"SALVADOR";"Acumulo de óleo sobre o pavimento";"Tombamento";"Com Vítimas Feridas";"Pleno dia";"Crescente";"Céu Claro";"Dupla";"Reta";"Sim";1;0;1;0;0;0;1;1;-12,89820999;-38,45012202;"SPRF-BA";"DEL01-BA";"UOP01-DEL01-BA"
346834;2021-03-18;"quinta-feira";"07:10:00";"PE";101;78;"JABOATAO DOS GUARARAPES";"Condutor deixou de manter distância do veículo da frente";"Colisão traseira";"Com Vítimas Feridas";"Pleno dia";"Crescente";"Nublado";"Dupla";"Aclive";"Sim";2;0;1;0;1;0;1;2;-8,1349649939;-34,9473861426;"SPRF-PE";"DEL01-PE";"UOP01-DEL01-PE"
346836;2021-03-18;"quinta-feira";"07:30:00";"MG";50;49,3;"ARAGUARI";"Avarias e/ou desgaste excessivo no pneu";"Saída de leito carroçável";"Sem Vítimas";"Pleno dia";"Decrescente";"Céu Claro";"Dupla";"Reta";"Não";3;0;0;0;1;2;0;1;-18,73001552;-48,22061517;"SPRF-MG";"DEL15-MG";"UOP02-DEL15-MG"
346837;2021-03-18;"quinta-feira";"08:00:00";"MG";50;71;"UBERLANDIA";"Ausência de reação do condutor";"Colisão traseira";"Com Vítimas Feridas";"Pleno dia";"Decrescente";"Céu Claro";"Dupla";"Reta";"Sim";3;0;0;2;1;0;2;3;-18,85140204;-48,25345932;"SPRF-MG";"DEL15-MG";"UOP01-DEL15-MG"
346839;2021-03-17;"quarta-feira";"16:59:00";"RN";405;1,6;"MOSSORO";"Condutor deixou de manter distância do veículo da frente";"Tombamento";"Com Vítimas Feridas";"Pleno dia";"Decrescente";"Céu Claro";"Dupla";"Reta";"Sim";1;0;0;1;0;0;1;1;-5,19170196;-37,361471;"SPRF-RN";"DEL04-RN";"UOP02-DEL04-RN"
346841;2021-03-18;"quinta-feira";"07:30:00";"PR";277;433,4;"VIRMOND";"Condutor deixou de manter distância do veículo da frente";"Colisão traseira";"Com Vítimas Feridas";"Amanhecer";"Crescente";"Nevoeiro/Neblina";"Simples";"Reta;Aclive";"Não";2;0;0;1;1;0;1;2;-25,37365407;-52,22316742;"SPRF-PR";"DEL04-PR";"UOP02-DEL04-PR"
346844;2021-03-18;"quinta-feira";"08:30:00";"PB";230;35,8;"SANTA RITA";"Avarias e/ou desgaste excessivo no pneu";"Colisão com objeto";"Com Vítimas Feridas";"Pleno dia";"Crescente";"Chuva";"Dupla";"Curva";"Sim";2;0;1;1;0;0;2;1;-7,1268;-34,9412;"SPRF-PB";"DEL01-PB";"UOP03-DEL01-PB"
346846;2021-03-18;"quinta-feira";"09:30:00";"MG";40;605,7;"CONGONHAS";"Afundamento ou ondulação no pavimento";"Colisão lateral mesmo sentido";"Com Vítimas Feridas";"Pleno dia";"Decrescente";"Céu Claro";"Simples";"Curva";"Não";3;0;2;0;0;1;2;3;-20,45960587;-43,83907941;"SPRF-MG";"DEL05-MG";"UOP02-DEL05-MG"
346847;2021-03-18;"quinta-feira";"08:00:00";"PE";101;76,3;"RECIFE";"Manobra de mudança de faixa";"Colisão lateral mesmo sentido";"Com Vítimas Feridas";"Pleno dia";"Crescente";"Nublado";"Dupla";"Reta";"Sim";2;0;1;0;0;1;1;2;-8,122358;-34,943448;"SPRF-PE";"DEL01-PE";"UOP01-DEL01-PE"
346850;2021-03-18;"quinta-feira";"07:20:00";"RJ";101;313;"SAO GONCALO";"Manobra de mudança de faixa";"Colisão lateral mesmo sentido";"Com Vítimas Feridas";"Pleno dia";"Crescente";"Céu Claro";"Dupla";"Reta";"Não";2;0;1;0;1;0;1;2;-22,81049093;-43,06983304;"SPRF-RJ";"DEL02-RJ";"UOP02-DEL02-RJ"
346851;2021-03-17;"quarta-feira";"21:00:00";"BA";116;375;"SANTA BARBARA";"Demais falhas mecânicas ou elétricas";"Incêndio";"Sem Vítimas";"Plena Noite";"Crescente";"Céu Claro";"Simples";"Reta";"Não";1;0;0;0;1;0;0;1;-11,80572287;-38,98109457;"SPRF-BA";"DEL02-BA";"UOP01-DEL02-BA"
346852;2021-02-06;"sábado";"14:15:00";"MG";50;6;"UBERLANDIA";"Pista Escorregadia";"Tombamento";"Com Vítimas Feridas";"Pleno dia";"Crescente";"Chuva";"Dupla";"Reta";"Não";1;0;0;1;0;0;1;1;-18,9113;-48,2622;"SPRF-MG";"DEL15-MG";"UOP01-DEL15-MG"
346854;2021-03-18;"quinta-feira";"09:10:00";"RJ";101;575;"PARATY";"Desrespeitar a preferência no cruzamento";"Colisão lateral mesmo sentido";"Com Vítimas Feridas";"Pleno dia";"Crescente";"Sol";"Simples";"Rotatória";"Sim";2;0;1;0;1;0;1;2;-23,21978585;-44,73466957;"SPRF-RJ";"DEL03-RJ";"UOP04-DEL03-RJ"
346855;2021-03-18;"quinta-feira";"10:30:00";"RJ";116;143;"DUQUE DE CAXIAS";"Condutor deixou de manter distância do veículo da frente";"Colisão traseira";"Sem Vítimas";"Pleno dia";"Decrescente";"Céu Claro";"Dupla";"Reta";"Sim";2;0;0;0;1;1;0;2;-22,65237271;-43,23918118;"SPRF-RJ";"DEL01-RJ";"UOP01-DEL01-RJ"
346858;2021-03-18;"quinta-feira";"11:40:00";"BA";116;363;"SERRINHA";"Acessar a via sem observar a presença dos outros veículos";"Colisão transversal";"Com Vítimas Feridas";"Pleno dia";"Decrescente";"Céu Claro";"Simples";"Reta";"Não";3;0;2;0;1;0;2;2;-11,69803499;-38,98569408;"SPRF-BA";"DEL02-BA";"UOP01-DEL02-BA"
346861;2021-03-18;"quinta-feira";"10:00:00";"RN";427;13,9;"ACARI";"Velocidade Incompatível";"Saída de leito carroçável";"Com Vítimas Feridas";"Pleno dia";"Decrescente";"Céu Claro";"Simples";"Curva";"Não";1;0;1;0;0;0;1;1;-6,34485755;-36,585616;"SPRF-RN";"DEL03-RN";"UOP02-DEL03-RN"
346863;2021-03-18;"quinta-feira";"11:45:00";"PR";376;182;"MARINGA";"Desrespeitar a preferência no cruzamento";"Colisão lateral mesmo sentido";"Com Vítimas Feridas";"Pleno dia";"Decrescente";"Céu Claro";"Múltipla";"Curva";"Sim";2;0;1;0;1;0;1;2;-23,43684112;-51,87880764;"SPRF-PR";"DEL09-PR";"UOP01-DEL09-PR"
346864;2021-03-18;"quinta-feira";"12:50:00";"SC";470;126,8;"IBIRAMA";"Desrespeitar a preferência no cruzamento";"Colisão transversal";"Com Vítimas Feridas";"Pleno dia";"Decrescente";"Sol";"Simples";"Interseção de Vias";"Sim";2;0;1;0;1;0;1;2;-27,129;-49,538277;"SPRF-SC";"DEL04-SC";"UOP02-DEL04-SC"
346865;2021-03-13;"sábado";"16:26:00";"RS";116;64;"CAMPESTRE DA SERRA";"Reação tardia ou ineficiente do condutor";"Saída de leito carroçável";"Com Vítimas Feridas";"Pleno dia";"Decrescente";"Céu Claro";"Simples";"Curva";"Não";1;0;1;0;0;0;1;1;-28,67070899;-51,06396104;"SPRF-RS";"DEL05-RS";"UOP03-DEL05-RS"
346866;2021-03-18;"quinta-feira";"11:30:00";"RJ";40;85;"PETROPOLIS";"Acumulo de óleo sobre o pavimento";"Tombamento";"Com Vítimas Feridas";"Pleno dia";"Decrescente";"Céu Claro";"Simples";"Curva;Aclive";"Não";2;0;1;0;1;0;1;1;-22,52850694;-43,2349802;"SPRF-RJ";"DEL06-RJ";"UOP01-DEL06-RJ"
346868;2021-03-18;"quinta-feira";"13:00:00";"SP";116;230;"SAO PAULO";"Trafegar com motocicleta (ou similar) entre as faixas";"Colisão lateral mesmo sentido";"Com Vítimas Feridas";"Pleno dia";"Crescente";"Nublado";"Múltipla";"Reta";"Sim";2;0;1;0;1;0;1;2;-23,51504302;-46,57872677;"SPRF-SP";"DEL01-SP";"UOP01-DEL01-SP"
346872;2021-03-18;"quinta-feira";"13:50:00";"RN";101;96;"NATAL";"Acumulo de água sobre o pavimento";"Engavetamento";"Sem Vítimas";"Pleno dia";"Crescente";"Chuva";"Dupla";"Reta";"Sim";3;0;0;0;3;0;0;3;-5,84949622;-35,20890752;"SPRF-RN";"DEL01-RN";"UOP01-DEL01-RN"
346873;2021-03-10;"quarta-feira";"19:45:00";"GO";364;50,7;"CACHOEIRA ALTA";"Animais na Pista";"Atropelamento de Animal";"Sem Vítimas";"Plena Noite";"Decrescente";"Nublado";"Simples";"Reta";"Não";2;0;0;0;0;2;0;2;-18,808384;-50,893456;"SPRF-GO";"DEL05-GO";"UOP02-DEL05-GO"
346874;2021-03-18;"quinta-feira";"12:50:00";"SC";101;150,5;"ITAPEMA";"Velocidade Incompatível";"Tombamento";"Com Vítimas Feridas";"Pleno dia";"Decrescente";"Céu Claro";"Simples";"Reta";"Sim";1;0;0;1;0;0;1;1;-27,11744799;-48,60940987;"SPRF-SC";"DEL04-SC";"UOP03-DEL04-SC"
346875;2021-03-18;"quinta-feira";"14:10:00";"SC";470;125,1;"LONTRAS";"Desrespeitar a preferência no cruzamento";"Colisão transversal";"Com Vítimas Feridas";"Pleno dia";"Crescente";"Sol";"Simples";"Reta";"Não";2;0;1;0;1;0;1;2;-27,120506;-49,534946;"SPRF-SC";"DEL04-SC";"UOP02-DEL04-SC"
346876;2021-03-18;"quinta-feira";"06:20:00";"MG";381;905,7;"CAMBUI";"Chuva";"Capotamento";"Com Vítimas Feridas";"Pleno dia";"Decrescente";"Garoa/Chuvisco";"Dupla";"Curva";"Não";1;0;1;0;0;0;1;1;-22,69514484;-46,1125442;"SPRF-MG";"DEL16-MG";"UOP03-DEL16-MG"
346877;2021-03-06;"sábado";"20:00:00";"SC";280;24;"ARAQUARI";"Desrespeitar a preferência no cruzamento";"Colisão transversal";"Com Vítimas Feridas";"Plena Noite";"Crescente";"Nublado";"Simples";"Reta";"Sim";2;0;1;0;1;0;1;2;-26,37724921;-48,71953282;"SPRF-SC";"DEL03-SC";"UOP03-DEL03-SC"
346878;2021-03-18;"quinta-feira";"12:00:00";"MG";116;682,1;"MIRADOURO";"Condutor deixou de manter distância do veículo da frente";"Colisão traseira";"Sem Vítimas";"Pleno dia";"Decrescente";"Céu Claro";"Simples";"Reta;Aclive";"Não";5;0;0;0;4;1;0;2;-20,95666795;-42,34992689;"SPRF-MG";"DEL07-MG";"UOP02-DEL07-MG"
346879;2021-02-19;"sexta-feira";"16:05:00";"GO";50;270;"CATALAO";"Condutor Dormindo";"Saída de leito carroçável";"Com Vítimas Feridas";"Pleno dia";"Crescente";"Céu Claro";"Dupla";"Declive;Viaduto;Reta";"Não";5;0;2;1;2;0;3;1;-18,1087;-47,8878;"SPRF-GO";"DEL06-GO";"UOP01-DEL06-GO"
346882;2021-03-18;"quinta-feira";"14:20:00";"CE";116;141,5;"RUSSAS";"Velocidade Incompatível";"Saída de leito carroçável";"Com Vítimas Feridas";"Pleno dia";"Crescente";"Céu Claro";"Simples";"Curva";"Não";1;0;1;0;0;0;1;1;-4,7660178;-38,05603378;"SPRF-CE";"DEL03-CE";"UOP01-DEL03-CE"
346884;2021-03-18;"quinta-feira";"10:02:00";"MT";174;275;"PONTES E LACERDA";"Chuva";"Saída de leito carroçável";"Com Vítimas Fatais";"Pleno dia";"Decrescente";"Chuva";"Simples";"Curva";"Não";2;2;0;0;0;0;0;1;-15,32483198;-59,22825699;"SPRF-MT";"DEL04-MT";"UOP01-DEL04-MT"