"id";"data_inversa";"dia_semana";"horario";"uf";"br";"km";"municipio";"causa_acidente";"tipo_acidente";"classificacao_acidente";"fase_dia";"sentido_via";"condicao_metereologica";"tipo_pista";"tracado_via";"uso_solo";"pessoas";"mortos";"feridos_leves";"feridos_graves";"ilesos";"ignorados";"feridos";"veiculos";"latitude";"longitude";"regional";"delegacia";"uop"
346886;2021-03-18;"quinta-feira";"14:28:00";"SC";101;119;"ITAJAI";"Frear bruscamente";"Colisão com objeto";"Com Vítimas Feridas";"Pleno dia";"Decrescente";"Nublado";"Dupla";"Reta";"Não";1;0;1;0;0;0;1;1;-26,9043179;-48,71555481;"SPRF-SC";"DEL04-SC";"UOP04-DEL04-SC"
346888;2021-03-18;"quinta-feira";"13:30:00";"PR";369;447,3;"UBIRATA";"Acessar a via sem observar a presença dos outros veículos";"Colisão transversal";"Com Vítimas Feridas";"Pleno dia";"Crescente";"Sol";"Simples";"Interseção de Vias";"Não";2;0;1;0;1;0;1;2;-24,5548;-52,9686;"SPRF-PR";"DEL09-PR";"UOP03-DEL09-PR"
346890;2021-01-18;"segunda-feira";"16:20:00";"PB";101;36;"MAMANGUAPE";"Acessar a via sem observar a presença dos outros veículos";"Colisão lateral";"Com Vítimas Feridas";"Anoitecer";"Crescente";"Céu Claro";"Dupla";"Reta";"Não";2;0;0;1;1;0;1;2;-6,80268217;-35,13987546;"SPRF-PB";"DEL01-PB";"UOP04-DEL01-PB"
346891;2021-03-18;"quinta-feira";"14:10:00";"PR";277;2;"FOZ DO IGUACU";"Obstrução na via";"Colisão com objeto";"Sem Vítimas";"Pleno dia";"Crescente";"Céu Claro";"Dupla";"Reta";"Sim";2;0;0;0;2;0;0;2;-25,5469;-54,5882;"SPRF-PR";"DEL05-PR";"UOP03-DEL05-PR"
346896;2021-01-17;"domingo";"21:40:00";"PB";361;4;"PATOS";"Reação tardia ou ineficiente do condutor";"Tombamento";"Com Vítimas Feridas";"Plena Noite";"Crescente";"Céu Claro";"Simples";"Reta";"Sim";1;0;0;1;0;0;1;1;-7,03208047;-37,29365088;"SPRF-PB";"DEL03-PB";"UOP01-DEL03-PB"
346897;2021-03-18;"quinta-feira";"15:15:00";"PR";476;263,9;"SAO MATEUS DO SUL";"Transitar na contramão";"Colisão lateral mesmo sentido";"Com Vítimas Feridas";"Pleno dia";"Decrescente";"Sol";"Simples";"Declive";"Não";2;0;2;0;0;0;2;2;-25,893515;-50,272915;"SPRF-PR";"DEL02-PR";"UOP04-DEL02-PR"
346899;2021-03-18;"quinta-feira";"16:00:00";"ES";262;100,5;"DOMINGOS MARTINS";"Transitar na contramão";"Colisão frontal";"Com Vítimas Feridas";"Pleno dia";"Crescente";"Céu Claro";"Simples";"Reta";"Não";2;0;0;1;1;0;1;2;-20,34889991;-41,102073;"SPRF-ES";"DEL01-ES";"UOP02-DEL01-ES"
346904;2021-03-18;"quinta-feira";"15:00:00";"PR";476;133;"CURITIBA";"Condutor desrespeitou a iluminação vermelha do semáforo";"Colisão transversal";"Com Vítimas Feridas";"Pleno dia";"Crescente";"Sol";"Dupla";"Reta";"Sim";2;0;0;2;0;0;2;2;-25,469219;-49,254143;"SPRF-PR";"DEL01-PR";"UOP03-DEL01-PR"
346907;2021-02-11;"quinta-feira";"00:30:00";"BA";101;457;"AURELINO LEAL";"Condutor deixou de manter distância do veículo da frente";"Colisão traseira";"Com Vítimas Feridas";"Plena Noite";"Decrescente";"Céu Claro";"Simples";"Reta";"Não";3;0;1;0;2;0;1;2;-14,40815;-39,325299;"SPRF-BA";"DEL05-BA";"UOP01-DEL05-BA"
346908;2021-03-18;"quinta-feira";"16:30:00";"SC";470;57;"BLUMENAU";"Ausência de reação do condutor";"Colisão lateral mesmo sentido";"Com Vítimas Feridas";"Pleno dia";"Crescente";"Céu Claro";"Simples";"Rotatória";"Não";2;0;1;0;1;0;1;2;-26,880428;-49,136532;"SPRF-SC";"DEL04-SC";"UOP01-DEL04-SC"
346909;2021-03-18;"quinta-feira";"17:09:00";"PR";277;593,3;"CASCAVEL";"Condutor deixou de manter distância do veículo da frente";"Colisão traseira";"Com Vítimas Feridas";"Pleno dia";"Decrescente";"Céu Claro";"Múltipla";"Reta";"Sim";2;0;1;0;1;0;1;2;-24,98082053;-53,48254989;"SPRF-PR";"DEL04-PR";"UOP01-DEL04-PR"
346911;2021-03-18;"quinta-feira";"17:20:00";"RJ";101;68;"CAMPOS DOS GOYTACAZES";"Reação tardia ou ineficiente do condutor";"Colisão lateral mesmo sentido";"Com Vítimas Feridas";"Pleno dia";"Crescente";"Céu Claro";"Dupla";"Reta";"Não";3;0;1;0;2;0;1;2;-21,77186768;-41,35705017;"SPRF-RJ";"DEL08-RJ";"UOP02-DEL08-RJ"
346912;2021-03-18;"quinta-feira";"15:30:00";"MG";40;299,8;"TRES MARIAS";"Velocidade Incompatível";"Saída de leito carroçável";"Com Vítimas Feridas";"Pleno dia";"Decrescente";"Nublado";"Simples";"Curva;Aclive";"Não";3;0;2;0;1;0;2;1;-18,3429839;-45,09908688;"SPRF-MG";"DEL14-MG";"UOP02-DEL14-MG"
346913;2021-03-18;"quinta-feira";"17:10:00";"RJ";101;313;"SAO GONCALO";"Condutor deixou de manter distância do veículo da frente";"Colisão traseira";"Com Vítimas Feridas";"Anoitecer";"Decrescente";"Céu Claro";"Dupla";"Reta";"Sim";2;0;1;0;1;0;1;2;-22,81049093;-43,06983304;"SPRF-RJ";"DEL02-RJ";"UOP02-DEL02-RJ"
346914;2021-03-18;"quinta-feira";"18:00:00";"RS";116;39,6;"VACARIA";"Acessar a via sem observar a presença dos outros veículos";"Colisão transversal";"Com Vítimas Feridas";"Anoitecer";"Crescente";"Céu Claro";"Simples";"Interseção de Vias";"Sim";2;0;1;0;1;0;1;2;-28,5120121;-50,93237991;"SPRF-RS";"DEL05-RS";"UOP03-DEL05-RS"
346915;2021-03-18;"quinta-feira";"17:20:00";"SC";101;119;"ITAJAI";"Acesso irregular";"Colisão lateral mesmo sentido";"Com Vítimas Feridas";"Pleno dia";"Decrescente";"Nublado";"Múltipla";"Reta";"Sim";2;0;1;0;1;0;1;2;-26,9043179;-48,71555481;"SPRF-SC";"DEL04-SC";"UOP04-DEL04-SC"
346920;2021-03-18;"quinta-feira";"17:20:00";"RJ";116;140;"DUQUE DE CAXIAS";"Avarias e/ou desgaste excessivo no pneu";"Eventos atípicos";"Com Vítimas Feridas";"Anoitecer";"Decrescente";"Nublado";"Dupla";"Reta";"Sim";2;0;2;0;0;0;2;1;-22,6466198;-43,21112001;"SPRF-RJ";"DEL01-RJ";"UOP01-DEL01-RJ"
346922;2021-03-18;"quinta-feira";"18:10:00";"SE";101;93;"NOSSA SENHORA DO SOCORRO";"Reação tardia ou ineficiente do condutor";"Colisão com objeto";"Com Vítimas Feridas";"Plena Noite";"Crescente";"Céu Claro";"Dupla";"Reta";"Sim";1;0;1;0;0;0;1;1;-10,90419803;-37,14811742;"SPRF-SE";"DEL01-SE";"UOP01-DEL01-SE"
346924;2021-03-18;"quinta-feira";"17:30:00";"RS";158;334;"SANTA MARIA";"Condutor deixou de manter distância do veículo da frente";"Colisão lateral mesmo sentido";"Com Vítimas Feridas";"Anoitecer";"Crescente";"Céu Claro";"Simples";"Em Obras;Reta;Viaduto";"Sim";2;0;1;0;1;0;1;2;-29,70751182;-53,87442198;"SPRF-RS";"DEL09-RS";"UOP01-DEL09-RS"
346925;2021-03-18;"quinta-feira";"18:35:00";"PR";376;181;"MARINGA";"Condutor deixou de manter distância do veículo da frente";"Colisão traseira";"Com Vítimas Feridas";"Plena Noite";"Crescente";"Céu Claro";"Dupla";"Reta";"Sim";3;0;1;0;2;0;1;3;-23,43197477;-51,88671852;"SPRF-PR";"DEL09-PR";"UOP01-DEL09-PR"
346926;2021-03-18;"quinta-feira";"18:15:00";"MS";60;423,6;"SIDROLANDIA";"Ausência de reação do condutor";"Colisão traseira";"Com Vítimas Feridas";"Plena Noite";"Crescente";"Céu Claro";"Simples";"Reta";"Sim";2;0;1;0;1;0;1;2;-20,91374372;-54,9470444;"SPRF-MS";"DEL01-MS";"UOP04-DEL01-MS"
346928;2021-02-10;"quarta-feira";"15:10:00";"GO";60;20,3;"ALEXANIA";"Condutor Dormindo";"Capotamento";"Com Vítimas Feridas";"Pleno dia";"Decrescente";"Chuva";"Dupla";"Reta";"Sim";1;0;1;0;0;0;1;1;-16,0963;-48,5202;"SPRF-DF";"DEL03-DF";"UOP01-DEL03-DF"
346929;2021-03-18;"quinta-feira";"19:00:00";"DF";20;47;"BRASILIA";"Velocidade Incompatível";"Saída de leito carroçável";"Com Vítimas Feridas";"Plena Noite";"Crescente";"Nublado";"Dupla";"Aclive;Curva";"Sim";1;0;0;1;0;0;1;1;-15,583345;-47,449738;"SPRF-DF";"DEL02-DF";"UOP01-DEL02-DF"
346931;2021-03-18;"quinta-feira";"17:40:00";"PR";487;160;"ARARUNA";"Velocidade Incompatível";"Colisão traseira";"Com Vítimas Feridas";"Anoitecer";"Crescente";"Céu Claro";"Simples";"Aclive;Reta";"Sim";3;0;1;0;2;0;1;3;-23,97223321;-52,55776838;"SPRF-PR";"DEL09-PR";"UOP03-DEL09-PR"
346932;2021-03-18;"quinta-feira";"20:00:00";"SP";116;269;"TABOAO DA SERRA";"Reação tardia ou ineficiente do condutor";"Colisão traseira";"Com Vítimas Feridas";"Plena Noite";"Decrescente";"Garoa/Chuvisco";"Dupla";"Reta";"Sim";2;0;1;0;1;0;1;2;-23,61593059;-46,78826044;"SPRF-SP";"DEL04-SP";"UOP01-DEL04-SP"
346934;2021-03-18;"quinta-feira";"20:20:00";"PB";230;26,8;"JOAO PESSOA";"Acessar a via sem observar a presença dos outros veículos";"Colisão transversal";"Sem Vítimas";"Plena Noite";"Crescente";"Céu Claro";"Dupla";"Reta";"Não";2;0;0;0;1;1;0;2;-7,1693;-34,8782;"SPRF-PB";"DEL01-PB";"UOP01-DEL01-PB"
346936;2021-03-18;"quinta-feira";"16:45:00";"MG";116;411,4;"GOVERNADOR VALADARES";"Acessar a via sem observar a presença dos outros veículos";"Colisão transversal";"Com Vítimas Feridas";"Pleno dia";"Decrescente";"Céu Claro";"Dupla";"Retorno Regulamentado";"Sim";2;0;0;1;1;0;1;2;-18,86350888;-41,97399616;"SPRF-MG";"DEL06-MG";"UOP01-DEL06-MG"
346937;2021-03-18;"quinta-feira";"19:25:00";"PR";277;354;"GUARAPUAVA";"Velocidade Incompatível";"Queda de ocupante de veículo";"Sem Vítimas";"Plena Noite";"Crescente";"Nublado";"Simples";"Curva";"Sim";1;0;0;0;0;1;0;1;-25,390621;-51,521241;"SPRF-PR";"DEL08-PR";"UOP01-DEL08-PR"
346938;2021-03-18;"quinta-feira";"20:45:00";"MG";381;770,8;"CAMPANHA";"Ausência de reação do condutor";"Saída de leito carroçável";"Com Vítimas Feridas";"Plena Noite";"Crescente";"Céu Claro";"Dupla";"Curva";"Não";2;0;1;0;1;0;1;1;-21,78806301;-45,439064;"SPRF-MG";"DEL16-MG";"UOP02-DEL16-MG"
346942;2021-03-18;"quinta-feira";"20:02:00";"PR";277;604,2;"SANTA TEREZA DO OESTE";"Pedestre cruzava a pista fora da faixa";"Atropelamento de Pedestre";"Com Vítimas Fatais";"Plena Noite";"Crescente";"Céu Claro";"Simples";"Reta";"Não";2;1;0;0;1;0;0;2;-25,02905699;-53,569607;"SPRF-PR";"DEL05-PR";"UOP02-DEL05-PR"
346943;2021-03-18;"quinta-feira";"21:30:00";"MG";381;506;"SAO JOAQUIM DE BICAS";"Reação tardia ou ineficiente do condutor";"Colisão com objeto";"Sem Vítimas";"Plena Noite";"Decrescente";"Céu Claro";"Dupla";"Reta";"Não";1;0;0;0;0;1;0;1;-20,05039397;-44,27962502;"SPRF-MG";"DEL01-MG";"UOP03-DEL01-MG"
346946;2021-03-18;"quinta-feira";"19:50:00";"PR";369;174;"ROLANDIA";"Velocidade Incompatível";"Colisão frontal";"Com Vítimas Feridas";"Plena Noite";"Decrescente";"Nublado";"Simples";"Reta";"Sim";2;0;1;0;1;0;1;2;-23,315676;-51,376163;"SPRF-PR";"DEL07-PR";"UOP01-DEL07-PR"
346947;2021-03-18;"quinta-feira";"21:50:00";"PR";376;597;"CURITIBA";"Pedestre cruzava a pista fora da faixa";"Atropelamento de Pedestre";"Com Vítimas Fatais";"Plena Noite";"Decrescente";"Nublado";"Dupla";"Reta";"Sim";2;1;0;0;1;0;0;2;-25,510824;-49,339027;"SPRF-PR";"DEL01-PR";"UOP01-DEL01-PR"
346948;2021-03-18;"quinta-feira";"22:20:00";"RJ";101;314;"SAO GONCALO";"Ingestão de álcool pelo condutor";"Colisão traseira";"Sem Vítimas";"Plena Noite";"Decrescente";"Céu Claro";"Dupla";"Reta";"Sim";2;0;0;0;2;0;0;2;-22,81648739;-43,07728467;"SPRF-RJ";"DEL02-RJ";"UOP02-DEL02-RJ"
346949;2021-03-18;"quinta-feira";"20:50:00";"RS";392;117,1;"CANGUCU";"Ausência de reação do condutor";"Colisão com objeto";"Sem Vítimas";"Plena Noite";"Crescente";"Céu Claro";"Simples";"Rotatória";"Sim";1;0;0;0;1;0;0;1;-31,41369338;-52,67628308;"SPRF-RS";"DEL07-RS";"UOP01-DEL07-RS"
346950;2021-03-18;"quinta-feira";"22:40:00";"BA";20;49;"CORRENTINA";"Pedestre andava na pista";"Atropelamento de Pedestre";"Com Vítimas Fatais";"Plena Noite";"Decrescente";"Garoa/Chuvisco";"Simples";"Reta";"Não";2;1;0;0;0;1;0;2;-13,593;-46,119;"SPRF-BA";"DEL10-BA";"UOP01-DEL10-BA"
346955;2021-03-18;"quinta-feira";"21:20:00";"MA";10;161,4;"PORTO FRANCO";"Reação tardia ou ineficiente do condutor";"Colisão traseira";"Com Vítimas Feridas";"Plena Noite";"Crescente";"Céu Claro";"Simples";"Reta";"Não";3;0;2;0;1;0;2;2;-6,311336;-47,366684;"SPRF-MA";"DEL04-MA";"UOP02-DEL04-MA"
346956;2021-03-18;"quinta-feira";"21:00:00";"MG";40;531;"BELO HORIZONTE";"Velocidade Incompatível";"Saída de leito carroçável";"Com Vítimas Feridas";"Plena Noite";"Crescente";"Céu Claro";"Dupla";"Reta";"Sim";3;0;2;0;1;0;2;1;-19,91962483;-44,02522683;"SPRF-MG";"DEL01-MG";"UOP02-DEL01-MG"
346964;2021-03-18;"quinta-feira";"20:00:00";"MT";174;68;"VILA BELA DA SANTISSIMA TRINDADE";"Pista esburacada";"Colisão traseira";"Com Vítimas Feridas";"Plena Noite";"Crescente";"Nublado";"Simples";"Reta";"Não";4;0;1;2;1;0;3;2;-15,029721;-59,844328;"SPRF-MT";"DEL04-MT";"UOP01-DEL04-MT"
346965;2021-03-19;"sexta-feira";"02:10:00";"SP";116;424;"JUQUIA";"Demais falhas mecânicas ou elétricas";"Incêndio";"Sem Vítimas";"Plena Noite";"Crescente";"Chuva";"Dupla";"Reta";"Não";1;0;0;0;1;0;0;1;-24,3736589;-47,70692922;"SPRF-SP";"DEL05-SP";"UOP01-DEL05-SP"
346966;2021-03-19;"sexta-feira";"02:40:00";"RO";364;342;"JI-PARANA";"Ingestão de álcool pelo condutor";"Colisão com objeto";"Com Vítimas Feridas";"Plena Noite";"Decrescente";"Céu Claro";"Dupla";"Reta";"Sim";1;0;1;0;0;0;1;1;-10,88381227;-61,93741416;"SPRF-RO";"DEL02-RO";"UOP01-DEL02-RO"
346967;2021-03-19;"sexta-feira";"03:25:00";"SC";470;100;"APIUNA";"Trafegar com motocicleta (ou similar) entre as faixas";"Colisão lateral mesmo sentido";"Com Vítimas Feridas";"Plena Noite";"Decrescente";"Nublado";"Simples";"Reta";"Não";2;0;0;1;0;1;1;2;-27,045143;-49,394142;"SPRF-SC";"DEL04-SC";"UOP02-DEL04-SC"
346968;2021-03-19;"sexta-feira";"05:30:00";"SC";470;60,8;"BLUMENAU";"Conversão proibida";"Colisão lateral mesmo sentido";"Com Vítimas Feridas";"Amanhecer";"Decrescente";"Nublado";"Simples";"Reta";"Não";3;0;1;1;0;1;2;2;-26,88138;-49,164543;"SPRF-SC";"DEL04-SC";"UOP01-DEL04-SC"
346971;2021-03-19;"sexta-feira";"03:30:00";"RS";471;168;"RIO PARDO";"Ingestão de álcool pelo condutor";"Saída de leito carroçável";"Sem Vítimas";"Plena Noite";"Crescente";"Céu Claro";"Simples";"Curva";"Não";1;0;0;0;0;1;0;1;-29,93887035;-52,38573074;"SPRF-RS";"DEL02-RS";"UOP03-DEL02-RS"
346972;2021-03-19;"sexta-feira";"05:30:00";"SC";101;364;"SANGAO";"Ausência de reação do condutor";"Saída de leito carroçável";"Com Vítimas Feridas";"Amanhecer";"Crescente";"Chuva";"Dupla";"Reta";"Não";3;0;1;2;0;0;3;1;-28,67821759;-49,13926425;"SPRF-SC";"DEL02-SC";"UOP01-DEL02-SC"
346974;2021-03-19;"sexta-feira";"06:40:00";"BA";324;608;"SIMOES FILHO";"Reação tardia ou ineficiente do condutor";"Queda de ocupante de veículo";"Com Vítimas Feridas";"Pleno dia";"Decrescente";"Céu Claro";"Dupla";"Reta";"Não";1;0;1;0;0;0;1;1;-12,81182914;-38,40478762;"SPRF-BA";"DEL01-BA";"UOP01-DEL01-BA"
346975;2021-03-19;"sexta-feira";"06:50:00";"PB";101;81,3;"SANTA RITA";"Chuva";"Queda de ocupante de veículo";"Com Vítimas Feridas";"Pleno dia";"Decrescente";"Chuva";"Dupla";"Reta";"Sim";1;0;1;0;0;0;1;1;-7,12508575;-34,94513217;"SPRF-PB";"DEL01-PB";"UOP01-DEL01-PB"
346976;2021-03-19;"sexta-feira";"04:30:00";"PR";277;116;"CAMPO LARGO";"Demais falhas mecânicas ou elétricas";"Incêndio";"Sem Vítimas";"Plena Noite";"Crescente";"Céu Claro";"Dupla";"Curva";"Sim";1;0;0;0;1;0;0;1;-25,43342542;-49,40593292;"SPRF-PR";"DEL01-PR";"UOP03-DEL03-PR"
346977;2021-03-19;"sexta-feira";"06:45:00";"SP";116;221;"GUARULHOS";"Condutor deixou de manter distância do veículo da frente";"Colisão traseira";"Com Vítimas Feridas";"Amanhecer";"Crescente";"Céu Claro";"Múltipla";"Reta";"Sim";2;0;1;0;1;0;1;2;-23,46802395;-46,50704901;"SPRF-SP";"DEL01-SP";"UOP01-DEL01-SP"
346978;2021-03-19;"sexta-feira";"06:55:00";"GO";70;9;"AGUAS LINDAS DE GOIAS";"Ausência de reação do condutor";"Atropelamento de Pedestre";"Com Vítimas Feridas";"Pleno dia";"Decrescente";"Céu Claro";"Dupla";"Reta";"Sim";2;0;1;1;0;0;2;2;-15,73576731;-48,28288046;"SPRF-DF";"DEL03-DF";"UOP02-DEL03-DF"
346980;2021-03-19;"sexta-feira";"06:00:00";"PI";135;362;"BOM JESUS";"Animais na Pista";"Atropelamento de Animal";"Sem Vítimas";"Amanhecer";"Crescente";"Nublado";"Simples";"Reta";"Não";2;0;0;0;2;0;0;1;-9,14279879;-44,40496908;"SPRF-PI";"DEL03-PI";"UOP02-DEL03-PI"
346984;2021-03-19;"sexta-feira";"08:00:00";"SC";282;2,4;"FLORIANOPOLIS";"Trafegar com motocicleta (ou similar) entre as faixas";"Colisão lateral mesmo sentido";"Com Vítimas Feridas";"Pleno dia";"Decrescente";"Céu Claro";"Múltipla";"Reta";"Não";2;0;0;1;1;0;1;2;-27,603289;-48,590416;"SPRF-SC";"DEL01-SC";"UOP01-DEL01-SC"
346985;2021-03-19;"sexta-feira";"07:25:00";"MG";50;68;"UBERLANDIA";"Demais falhas mecânicas ou elétricas";"Colisão traseira";"Com Vítimas Feridas";"Pleno dia";"Decrescente";"Céu Claro";"Dupla";"Reta";"Sim";2;0;1;0;1;0;1;2;-18,85140204;-48,25345932;"SPRF-MG";"DEL15-MG";"UOP02-DEL15-MG"
346986;2021-03-19;"sexta-feira";"08:15:00";"SC";470;60,1;"BLUMENAU";"Reação tardia ou ineficiente do condutor";"Colisão traseira";"Com Vítimas Feridas";"Pleno dia";"Decrescente";"Céu Claro";"Simples";"Reta";"Sim";3;0;1;0;2;0;1;3;-26,88138;-49,164543;"SPRF-SC";"DEL04-SC";"UOP01-DEL04-SC"
346988;2021-03-19;"sexta-feira";"08:10:00";"RS";116;259,5;"CANOAS";"Mal súbito do condutor";"Colisão traseira";"Com Vítimas Feridas";"Pleno dia";"Decrescente";"Céu Claro";"Múltipla";"Reta";"Não";3;0;3;0;0;0;3;2;-29,870408;-51,179909;"SPRF-RS";"DEL01-RS";"UOP01-DEL01-RS"
346991;2021-01-12;"terça-feira";"15:30:00";"ES";101;176,7;"LINHARES";"Ultrapassagem Indevida";"Colisão frontal";"Com Vítimas Fatais";"Pleno dia";"Crescente";"Céu Claro";"Simples";"Reta";"Não";2;1;0;0;1;0;0;2;-19,59523801;-40,19835299;"SPRF-ES";"DEL04-ES";"UOP01-DEL04-ES"
346992;2021-03-19;"sexta-feira";"07:00:00";"PI";343;302;"ALTOS";"Animais na Pista";"Atropelamento de Animal";"Com Vítimas Feridas";"Pleno dia";"Crescente";"Céu Claro";"Dupla";"Reta";"Não";1;0;1;0;0;0;1;1;-5,017174;-42,423988;"SPRF-PI";"DEL01-PI";"UOP03-DEL01-PI"
346993;2021-03-19;"sexta-feira";"07:10:00";"PB";104;140,5;"QUEIMADAS";"Acessar a via sem observar a presença dos outros veículos";"Colisão traseira";"Com Vítimas Feridas";"Pleno dia";"Decrescente";"Céu Claro";"Simples";"Reta;Declive";"Não";2;0;0;1;1;0;1;2;-7,37817097;-35,89737088;"SPRF-PB";"DEL02-PB";"UOP03-DEL02-PB"
346996;2021-02-22;"segunda-feira";"15:00:00";"BA";30;290;"PALMAS DE MONTE ALTO";"Mal súbito do condutor";"Saída de leito carroçável";"Com Vítimas Feridas";"Pleno dia";"Decrescente";"Céu Claro";"Simples";"Curva";"Não";1;0;1;0;0;0;1;1;-14,27120476;-43,42556704;"SPRF-BA";"DEL08-BA";"UOP01-DEL08-BA"
346998;2021-03-19;"sexta-feira";"07:50:00";"SP";116;421;"JUQUIA";"Acumulo de água sobre o pavimento";"Saída de leito carroçável";"Com Vítimas Feridas";"Pleno dia";"Decrescente";"Chuva";"Dupla";"Reta";"Não";2;0;1;0;1;0;1;1;-24,35801488;-47,68588212;"SPRF-SP";"DEL05-SP";"UOP01-DEL05-SP"
347000;2021-03-19;"sexta-feira";"08:30:00";"RJ";101;504;"ANGRA DOS REIS";"Reação tardia ou ineficiente do condutor";"Colisão frontal";"Com Vítimas Feridas";"Pleno dia";"Crescente";"Céu Claro";"Simples";"Reta";"Sim";3;0;3;0;0;0;3;2;-22,93155828;-44,38812093;"SPRF-RJ";"DEL03-RJ";"UOP02-DEL03-RJ"
347001;2021-03-19;"sexta-feira";"09:30:00";"PE";101;100;"CABO DE SANTO AGOSTINHO";"Acessar a via sem observar a presença dos outros veículos";"Colisão transversal";"Com Vítimas Feridas";"Pleno dia";"Decrescente";"Céu Claro";"Simples";"Reta";"Sim";3;0;2;0;1;0;2;2;-8,28212055;-35,03389835;"SPRF-PE";"DEL01-PE";"UOP03-DEL01-PE"
347002;2021-03-19;"sexta-feira";"09:04:00";"SP";116;228;"SAO PAULO";"Condutor deixou de manter distância do veículo da frente";"Colisão traseira";"Com Vítimas Feridas";"Pleno dia";"Crescente";"Céu Claro";"Múltipla";"Reta";"Sim";2;0;1;0;1;0;1;2;-23,50343484;-46,56638712;"SPRF-SP";"DEL01-SP";"UOP01-DEL01-SP"
347003;2021-03-19;"sexta-feira";"09:55:00";"PE";101;42,7;"IGARASSU";"Acessar a via sem observar a presença dos outros veículos";"Colisão lateral mesmo sentido";"Com Vítimas Feridas";"Pleno dia";"Crescente";"Nublado";"Múltipla";"Reta";"Sim";2;0;0;1;1;0;1;2;-7,84489457;-34,91079753;"SPRF-PE";"DEL01-PE";"UOP02-DEL01-PE"
347004;2021-03-19;"sexta-feira";"09:40:00";"SP";116;219,8;"GUARULHOS";"Avarias e/ou desgaste excessivo no pneu";"Colisão com objeto";"Com Vítimas Feridas";"Pleno dia";"Decrescente";"Sol";"Dupla";"Reta";"Sim";3;0;1;0;2;0;1;1;-23,46490957;-46,49839997;"SPRF-SP";"DEL01-SP";"UOP01-DEL01-SP"
347006;2021-03-19;"sexta-feira";"07:30:00";"RS";392;85;"PELOTAS";"Reação tardia ou ineficiente do condutor";"Colisão com objeto";"Sem Vítimas";"Pleno dia";"Decrescente";"Céu Claro";"Simples";"Curva";"Não";1;0;0;0;1;0;0;1;-31,64218213;-52,48744409;"SPRF-RS";"DEL07-RS";"UOP01-DEL07-RS"
347007;2021-03-19;"sexta-feira";"10:05:00";"SE";101;1;"PROPRIA";"Ausência de sinalização";"Colisão transversal";"Com Vítimas Feridas";"Pleno dia";"Decrescente";"Céu Claro";"Simples";"Em Obras;Interseção de Vias;Reta";"Sim";2;0;1;0;1;0;1;2;-10,21497574;-36,82283067;"SPRF-SE";"DEL02-SE";"UOP02-DEL02-SE"
347012;2021-03-19;"sexta-feira";"10:00:00";"CE";116;359,7;"ICO";"Pista esburacada";"Saída de leito carroçável";"Com Vítimas Feridas";"Pleno dia";"Crescente";"Céu Claro";"Simples";"Reta";"Não";3;0;3;0;0;0;3;1;-6,30798091;-38,72939426;"SPRF-CE";"DEL05-CE";"UOP02-DEL05-CE"
347014;2021-03-19;"sexta-feira";"11:15:00";"SC";470;68;"INDAIAL";"Conversão proibida";"Colisão transversal";"Com Vítimas Feridas";"Pleno dia";"Crescente";"Céu Claro";"Simples";"Reta";"Sim";2;0;0;1;1;0;1;2;-26,877615;-49,239231;"SPRF-SC";"DEL04-SC";"UOP01-DEL04-SC"
347016;2021-03-19;"sexta-feira";"11:20:00";"SP";381;64,5;"MAIRIPORA";"Demais falhas mecânicas ou elétricas";"Incêndio";"Sem Vítimas";"Pleno dia";"Crescente";"Céu Claro";"Dupla";"Reta";"Sim";1;0;0;0;1;0;0;1;-23,3089645;-46,57924651;"SPRF-SP";"DEL03-SP";"UOP01-DEL03-SP"
347017;2021-03-19;"sexta-feira";"11:50:00";"PR";116;17;"CAMPINA GRANDE DO SUL";"Velocidade Incompatível";"Saída de leito carroçável";"Com Vítimas Feridas";"Pleno dia";"Decrescente";"Chuva";"Dupla";"Curva";"Não";2;0;1;0;1;0;1;1;-25,10305915;-48,70103892;"SPRF-PR";"DEL01-PR";"UOP02-DEL01-PR"
347020;2021-03-19;"sexta-feira";"12:30:00";"AL";104;31;"UNIAO DOS PALMARES";"Acessar a via sem observar a presença dos outros veículos";"Colisão transversal";"Com Vítimas Feridas";"Pleno dia";"Decrescente";"Céu Claro";"Simples";"Reta";"Não";5;0;2;1;1;1;3;3;-9,13236074;-36,02734076;"SPRF-AL";"DEL01-AL";"UOP02-DEL01-AL"
347021;2021-03-19;"sexta-feira";"12:30:00";"RJ";116;318;"ITATIAIA";"Velocidade Incompatível";"Atropelamento de Pedestre";"Com Vítimas Fatais";"Pleno dia";"Crescente";"Céu Claro";"Simples";"Interseção de Vias";"Sim";4;1;2;1;0;0;3;2;-22,46797868;-44,51030403;"SPRF-RJ";"DEL07-RJ";"UOP02-DEL07-RJ"
347022;2021-03-19;"sexta-feira";"10:30:00";"PE";101;83;"JABOATAO DOS GUARARAPES";"Transitar na contramão";"Colisão lateral mesmo sentido";"Sem Vítimas";"Pleno dia";"Decrescente";"Céu Claro";"Dupla";"Reta";"Sim";2;0;0;0;2;0;0;2;-8,175172;-34,942642;"SPRF-PE";"DEL01-PE";"UOP03-DEL01-PE"