"id";"data_inversa";"dia_semana";"horario";"uf";"br";"km";"municipio";"causa_acidente";"tipo_acidente";"classificacao_acidente";"fase_dia";"sentido_via";"condicao_metereologica";"tipo_pista";"tracado_via";"uso_solo";"pessoas";"mortos";"feridos_leves";"feridos_graves";"ilesos";"ignorados";"feridos";"veiculos";"latitude";"longitude";"regional";"delegacia";"uop"
347024;2021-03-19;"sexta-feira";"09:15:00";"AC";0;0;"SENADOR GUIOMARD";"Acumulo de água sobre o pavimento";"Saída de leito carroçável";"Com Vítimas Feridas";"Pleno dia";"Não Informado";"Chuva";"Dupla";"Curva";"Não";1;0;1;0;0;0;1;1;-10,136712;-67,747038;"SPRF-AC";"DEL01-AC";"UOP01-DEL01-AC"
347025;2021-03-19;"sexta-feira";"12:00:00";"TO";153;396,5;"RIO DOS BOIS";"Velocidade Incompatível";"Saída de leito carroçável";"Com Vítimas Feridas";"Pleno dia";"Decrescente";"Nublado";"Simples";"Curva";"Não";5;0;5;0;0;0;5;1;-9,37595898;-48,55800703;"SPRF-TO";"DEL02-TO";"UOP01-DEL02-TO"
347026;2021-03-19;"sexta-feira";"12:20:00";"GO";60;29;"ALEXANIA";"Ausência de reação do condutor";"Saída de leito carroçável";"Com Vítimas Feridas";"Pleno dia";"Decrescente";"Nublado";"Dupla";"Declive";"Não";3;0;3;0;0;0;3;1;-16,0963;-48,5202;"SPRF-DF";"DEL03-DF";"UOP01-DEL03-DF"
347027;2021-01-22;"sexta-feira";"07:50:00";"RS";116;245,8;"SAO LEOPOLDO";"Manobra de mudança de faixa";"Colisão lateral";"Com Vítimas Feridas";"Pleno dia";"Crescente";"Nublado";"Múltipla";"Reta";"Sim";2;0;2;0;0;0;2;2;-29,74980902;-51,15125361;"SPRF-RS";"DEL01-RS";"UOP02-DEL01-RS"
347028;2021-03-19;"sexta-feira";"13:10:00";"GO";50;312;"CUMARI";"Velocidade Incompatível";"Colisão com objeto";"Com Vítimas Feridas";"Pleno dia";"Crescente";"Céu Claro";"Simples";"Curva;Aclive";"Não";2;0;1;1;0;0;2;1;-18,4142;-48,0818;"SPRF-GO";"DEL06-GO";"UOP01-DEL06-GO"
347029;2021-03-19;"sexta-feira";"13:15:00";"SC";101;215;"PALHOCA";"Ausência de reação do condutor";"Colisão com objeto";"Com Vítimas Feridas";"Pleno dia";"Crescente";"Céu Claro";"Múltipla";"Reta";"Sim";1;0;1;0;0;0;1;1;-27,65184843;-48,67604941;"SPRF-SC";"DEL01-SC";"UOP02-DEL01-SC"
347032;2021-03-19;"sexta-feira";"13:38:00";"ES";101;243,8;"SERRA";"Ultrapassagem Indevida";"Colisão frontal";"Com Vítimas Fatais";"Pleno dia";"Crescente";"Céu Claro";"Simples";"Reta";"Não";4;1;2;0;0;1;2;3;-20,04007795;-40,39273658;"SPRF-ES";"DEL02-ES";"UOP01-DEL02-ES"
347033;2021-03-19;"sexta-feira";"12:50:00";"BA";415;22,4;"ILHEUS";"Velocidade Incompatível";"Saída de leito carroçável";"Com Vítimas Feridas";"Pleno dia";"Crescente";"Céu Claro";"Simples";"Curva";"Não";1;0;1;0;0;0;1;1;-14,8482;-39,281986;"SPRF-BA";"DEL05-BA";"UOP01-DEL05-BA"
347036;2021-03-19;"sexta-feira";"13:10:00";"SC";101;127,6;"ITAJAI";"Avarias e/ou desgaste excessivo no pneu";"Tombamento";"Com Vítimas Feridas";"Pleno dia";"Crescente";"Nublado";"Dupla";"Reta";"Não";2;0;2;0;0;0;2;1;-26,9639319;-48,68328024;"SPRF-SC";"DEL04-SC";"UOP04-DEL04-SC"
347039;2021-01-26;"terça-feira";"10:20:00";"RO";319;63;"PORTO VELHO";"Desrespeitar a preferência no cruzamento";"Colisão transversal";"Com Vítimas Feridas";"Pleno dia";"Crescente";"Céu Claro";"Dupla";"Interseção de Vias";"Sim";2;0;1;0;1;0;1;2;-8,76608761;-63,88456464;"SPRF-RO";"DEL01-RO";"UOP01-DEL01-RO"
347041;2021-03-19;"sexta-feira";"13:50:00";"MG";381;289;"JAGUARACU";"Ausência de reação do condutor";"Colisão com objeto";"Sem Vítimas";"Plena Noite";"Crescente";"Céu Claro";"Simples";"Curva";"Não";1;0;0;0;1;0;0;1;-19,61670324;-42,78217977;"SPRF-MG";"DEL03-MG";"UOP02-DEL03-MG"
347042;2021-01-22;"sexta-feira";"19:00:00";"PB";361;4,6;"PATOS";"Ingestão de álcool e/ou substâncias psicoativas pelo pedestre";"Atropelamento de Pedestre";"Com Vítimas Feridas";"Plena Noite";"Crescente";"Ignorado";"Simples";"Reta";"Sim";2;0;1;0;0;1;1;2;-7,03341;-37,298742;"SPRF-PB";"DEL03-PB";"UOP01-DEL03-PB"
347044;2021-03-19;"sexta-feira";"14:45:00";"SC";280;28;"ARAQUARI";"Condutor deixou de manter distância do veículo da frente";"Colisão lateral mesmo sentido";"Com Vítimas Feridas";"Pleno dia";"Decrescente";"Céu Claro";"Simples";"Reta";"Não";2;0;2;0;0;0;2;2;-26,41066264;-48,75295628;"SPRF-SC";"DEL03-SC";"UOP03-DEL03-SC"
347045;2021-03-19;"sexta-feira";"14:15:00";"SP";153;328;"SALTO GRANDE";"Avarias e/ou desgaste excessivo no pneu";"Tombamento";"Com Vítimas Feridas";"Pleno dia";"Crescente";"Nublado";"Simples";"Reta";"Não";2;0;2;0;0;0;2;1;-22,83492;-49,88963342;"SPRF-SP";"DEL07-SP";"UOP03-DEL07-SP"
347047;2021-03-19;"sexta-feira";"12:35:00";"PR";116;195,1;"RIO NEGRO";"Mal súbito do condutor";"Tombamento";"Sem Vítimas";"Pleno dia";"Decrescente";"Céu Claro";"Simples";"Curva";"Não";1;0;0;0;1;0;0;1;-25,99595516;-49,66757935;"SPRF-SC";"DEL06-SC";"UOP01-DEL06-SC"
347049;2021-01-15;"sexta-feira";"21:40:00";"PB";101;93,8;"CONDE";"Pedestre andava na pista";"Atropelamento de Pedestre";"Com Vítimas Feridas";"Plena Noite";"Crescente";"Céu Claro";"Dupla";"Reta";"Não";2;0;1;1;0;0;2;2;-7,21710142;-34,91269654;"SPRF-PB";"DEL01-PB";"UOP02-DEL01-PB"
347050;2021-03-19;"sexta-feira";"15:15:00";"SE";235;49,8;"ITABAIANA";"Ingestão de álcool pelo condutor";"Colisão traseira";"Sem Vítimas";"Pleno dia";"Crescente";"Céu Claro";"Simples";"Reta";"Sim";2;0;0;0;2;0;0;2;-10,716222;-37,421669;"SPRF-SE";"DEL01-SE";"UOP02-DEL01-SE"
347051;2021-03-19;"sexta-feira";"16:10:00";"PE";101;67,1;"RECIFE";"Condutor deixou de manter distância do veículo da frente";"Colisão lateral mesmo sentido";"Sem Vítimas";"Pleno dia";"Decrescente";"Céu Claro";"Múltipla";"Reta";"Não";3;0;0;0;2;1;0;3;-8,042334;-34,943096;"SPRF-PE";"DEL01-PE";"UOP01-DEL01-PE"
347052;2021-03-19;"sexta-feira";"16:20:00";"RJ";116;173;"BELFORD ROXO";"Ausência de reação do condutor";"Colisão traseira";"Com Vítimas Feridas";"Pleno dia";"Crescente";"Céu Claro";"Múltipla";"Reta";"Sim";3;0;1;0;2;0;1;2;-22,76946002;-43,40846485;"SPRF-RJ";"DEL01-RJ";"UOP02-DEL01-RJ"
347053;2021-03-19;"sexta-feira";"16:05:00";"PA";153;114;"MARABA";"Conversão proibida";"Colisão transversal";"Com Vítimas Feridas";"Pleno dia";"Crescente";"Nublado";"Simples";"Reta";"Sim";2;0;0;1;1;0;1;2;-5,36086;-49,07991;"SPRF-PA";"DEL03-PA";"UOP01-DEL03-PA"
347057;2021-03-19;"sexta-feira";"15:00:00";"BA";407;136;"SENHOR DO BONFIM";"Demais falhas mecânicas ou elétricas";"Capotamento";"Sem Vítimas";"Pleno dia";"Crescente";"Céu Claro";"Simples";"Aclive";"Não";2;0;0;0;2;0;0;1;-10,53291198;-40,13849766;"SPRF-BA";"DEL04-BA";"UOP01-DEL04-BA"
347058;2021-03-19;"sexta-feira";"17:15:00";"RJ";101;329;"RIO DE JANEIRO";"Reação tardia ou ineficiente do condutor";"Colisão lateral mesmo sentido";"Com Vítimas Feridas";"Anoitecer";"Decrescente";"Céu Claro";"Múltipla";"Reta";"Sim";2;0;1;0;1;0;1;2;-22,86939305;-43,175642;"SPRF-RJ";"DEL02-RJ";"UOP02-DEL02-RJ"
347059;2021-03-19;"sexta-feira";"15:30:00";"MG";381;625;"OLIVEIRA";"Velocidade Incompatível";"Saída de leito carroçável";"Com Vítimas Feridas";"Pleno dia";"Decrescente";"Céu Claro";"Dupla";"Curva";"Não";3;0;1;0;2;0;1;1;-20,82314205;-44,80113661;"SPRF-MG";"DEL04-MG";"UOP01-DEL04-MG"
347060;2021-03-19;"sexta-feira";"17:00:00";"PR";277;587,5;"CASCAVEL";"Entrada inopinada do pedestre";"Atropelamento de Pedestre";"Com Vítimas Feridas";"Pleno dia";"Crescente";"Sol";"Simples";"Reta";"Não";2;0;1;0;1;0;1;2;-24,96941255;-53,42959722;"SPRF-PR";"DEL04-PR";"UOP01-DEL04-PR"
347061;2021-03-19;"sexta-feira";"16:30:00";"RJ";116;88;"TERESOPOLIS";"Pista Escorregadia";"Colisão com objeto";"Sem Vítimas";"Pleno dia";"Crescente";"Nublado";"Simples";"Curva";"Não";1;0;0;0;1;0;0;1;-22,381704;-42,954777;"SPRF-RJ";"DEL04-RJ";"UOP01-DEL04-RJ"
347063;2021-03-19;"sexta-feira";"14:20:00";"RS";285;112,9;"VACARIA";"Ultrapassagem Indevida";"Saída de leito carroçável";"Com Vítimas Feridas";"Pleno dia";"Crescente";"Sol";"Simples";"Reta";"Não";4;0;2;1;0;1;3;2;-28,512346;-50,858364;"SPRF-RS";"DEL05-RS";"UOP03-DEL05-RS"
347066;2021-03-19;"sexta-feira";"06:58:00";"MG";381;478;"CONTAGEM";"Condutor deixou de manter distância do veículo da frente";"Colisão traseira";"Com Vítimas Feridas";"Pleno dia";"Decrescente";"Céu Claro";"Dupla";"Reta";"Sim";3;0;2;0;0;1;2;2;-19,95826094;-44,05921101;"SPRF-MG";"DEL01-MG";"UOP03-DEL01-MG"
347067;2021-03-19;"sexta-feira";"17:30:00";"BA";324;485;"SANTA BARBARA";"Avarias e/ou desgaste excessivo no pneu";"Tombamento";"Com Vítimas Feridas";"Anoitecer";"Decrescente";"Céu Claro";"Simples";"Reta";"Não";2;0;1;1;0;0;2;1;-12,01880649;-39,04146134;"SPRF-BA";"DEL02-BA";"UOP01-DEL02-BA"
347068;2021-03-19;"sexta-feira";"17:30:00";"RJ";101;84;"CAMPOS DOS GOYTACAZES";"Acessar a via sem observar a presença dos outros veículos";"Colisão com objeto";"Com Vítimas Feridas";"Anoitecer";"Crescente";"Céu Claro";"Simples";"Reta";"Não";3;0;1;0;2;0;1;2;-21,82137091;-41,47023906;"SPRF-RJ";"DEL08-RJ";"UOP02-DEL08-RJ"
347069;2021-03-19;"sexta-feira";"17:40:00";"ES";101;317,5;"VILA VELHA";"Obras na pista";"Tombamento";"Com Vítimas Feridas";"Anoitecer";"Decrescente";"Céu Claro";"Dupla";"Reta";"Não";1;0;1;0;0;0;1;1;-20,48575596;-40,47626411;"SPRF-ES";"DEL01-ES";"UOP01-DEL01-ES"
347070;2021-03-19;"sexta-feira";"15:28:00";"BA";324;543;"AMELIA RODRIGUES";"Velocidade Incompatível";"Saída de leito carroçável";"Com Vítimas Feridas";"Pleno dia";"Decrescente";"Nublado";"Dupla";"Curva";"Sim";1;0;1;0;0;0;1;1;-12,39713005;-38,76807002;"SPRF-BA";"DEL01-BA";"UOP03-DEL01-BA"
347072;2021-03-19;"sexta-feira";"18:05:00";"PE";101;77,5;"RECIFE";"Manobra de mudança de faixa";"Colisão lateral mesmo sentido";"Com Vítimas Feridas";"Plena Noite";"Crescente";"Céu Claro";"Dupla";"Interseção de Vias";"Sim";3;0;3;0;0;0;3;2;-8,132877;-34,946751;"SPRF-PE";"DEL01-PE";"UOP01-DEL01-PE"
347073;2021-03-19;"sexta-feira";"18:10:00";"CE";20;405;"CAUCAIA";"Manobra de mudança de faixa";"Colisão frontal";"Com Vítimas Feridas";"Plena Noite";"Decrescente";"Céu Claro";"Simples";"Reta";"Sim";2;0;1;0;1;0;1;2;-3,7740804;-38,6780848;"SPRF-CE";"DEL01-CE";"UOP01-DEL01-CE"
347074;2021-03-19;"sexta-feira";"17:57:00";"PR";116;81;"PIRAQUARA";"Reação tardia ou ineficiente do condutor";"Saída de leito carroçável";"Com Vítimas Feridas";"Anoitecer";"Decrescente";"Nublado";"Dupla";"Reta";"Não";1;0;1;0;0;0;1;1;-25,40969292;-49,0632661;"SPRF-PR";"DEL01-PR";"UOP01-DEL01-PR"
347075;2021-03-19;"sexta-feira";"17:00:00";"MS";163;467,5;"CAMPO GRANDE";"Reação tardia ou ineficiente do condutor";"Tombamento";"Com Vítimas Feridas";"Pleno dia";"Decrescente";"Céu Claro";"Simples";"Reta";"Não";1;0;1;0;0;0;1;1;-20,58082315;-54,57963628;"SPRF-MS";"DEL01-MS";"UOP01-DEL01-MS"
347077;2021-03-19;"sexta-feira";"18:00:00";"SP";116;538;"BARRA DO TURVO";"Chuva";"Colisão com objeto";"Com Vítimas Feridas";"Anoitecer";"Crescente";"Chuva";"Dupla";"Curva";"Não";3;0;1;0;2;0;1;1;-24,97172153;-48,37309592;"SPRF-SP";"DEL05-SP";"UOP02-DEL05-SP"
347079;2021-03-19;"sexta-feira";"17:20:00";"PI";343;280;"CAMPO MAIOR";"Reação tardia ou ineficiente do condutor";"Saída de leito carroçável";"Com Vítimas Feridas";"Anoitecer";"Decrescente";"Garoa/Chuvisco";"Simples";"Reta";"Não";1;0;1;0;0;0;1;1;-4,919703;-42,261066;"SPRF-PI";"DEL01-PI";"UOP03-DEL01-PI"
347080;2021-03-19;"sexta-feira";"14:50:00";"MT";70;712;"CACERES";"Pista Escorregadia";"Saída de leito carroçável";"Com Vítimas Feridas";"Pleno dia";"Decrescente";"Chuva";"Simples";"Curva";"Não";5;0;1;0;4;0;1;1;-16,24761252;-57,52931089;"SPRF-MT";"DEL03-MT";"UOP01-DEL03-MT"
347083;2021-03-19;"sexta-feira";"17:35:00";"SC";470;4,3;"NAVEGANTES";"Conversão proibida";"Colisão traseira";"Com Vítimas Feridas";"Pleno dia";"Decrescente";"Céu Claro";"Simples";"Reta";"Não";2;0;1;0;1;0;1;2;-26,858473;-48,690788;"SPRF-SC";"DEL04-SC";"UOP04-DEL04-SC"
347085;2021-03-19;"sexta-feira";"18:30:00";"SP";101;51,6;"UBATUBA";"Conversão proibida";"Colisão lateral mesmo sentido";"Com Vítimas Feridas";"Plena Noite";"Crescente";"Céu Claro";"Simples";"Reta";"Sim";2;0;1;0;1;0;1;2;-23,459969;-45,067153;"SPRF-SP";"DEL06-SP";"UOP01-DEL06-SP"
347086;2021-03-19;"sexta-feira";"18:30:00";"PA";163;966;"BELTERRA";"Chuva";"Saída de leito carroçável";"Com Vítimas Feridas";"Anoitecer";"Crescente";"Nublado";"Simples";"Curva";"Não";5;0;0;2;0;3;2;1;-2,68130336;-54,85798798;"SPRF-PA";"DEL05-PA";"UOP01-DEL05-PA"
347087;2021-03-19;"sexta-feira";"18:30:00";"MG";262;473;"BOM DESPACHO";"Ausência de reação do condutor";"Colisão traseira";"Sem Vítimas";"Plena Noite";"Crescente";"Céu Claro";"Simples";"Reta;Aclive";"Não";2;0;0;0;2;0;0;2;-19,79019148;-45,18399783;"SPRF-MG";"DEL08-MG";"UOP03-DEL08-MG"
347088;2021-03-19;"sexta-feira";"19:00:00";"PE";232;6,3;"RECIFE";"Condutor deixou de manter distância do veículo da frente";"Colisão traseira";"Sem Vítimas";"Plena Noite";"Crescente";"Céu Claro";"Dupla";"Reta";"Sim";2;0;0;0;2;0;0;2;-8,07079525;-34,9535389;"SPRF-PE";"DEL01-PE";"UOP01-DEL01-PE"
347089;2021-03-19;"sexta-feira";"18:40:00";"PI";343;6;"PARNAIBA";"Ingestão de álcool pelo condutor";"Colisão traseira";"Com Vítimas Feridas";"Plena Noite";"Crescente";"Céu Claro";"Simples";"Reta";"Sim";3;0;1;0;1;1;1;3;-2,896709;-41,705811;"SPRF-PI";"DEL05-PI";"UOP01-DEL05-PI"
347091;2021-03-19;"sexta-feira";"17:30:00";"ES";101;269;"SERRA";"Pedestre cruzava a pista fora da faixa";"Atropelamento de Pedestre";"Com Vítimas Feridas";"Anoitecer";"Crescente";"Céu Claro";"Dupla";"Reta";"Não";2;0;2;0;0;0;2;2;-20,21740496;-40,26990578;"SPRF-ES";"DEL02-ES";"UOP01-DEL02-ES"
347094;2021-03-19;"sexta-feira";"18:15:00";"PR";277;97;"CURITIBA";"Condutor deixou de manter distância do veículo da frente";"Colisão traseira";"Com Vítimas Feridas";"Anoitecer";"Crescente";"Céu Claro";"Múltipla";"Reta";"Sim";2;0;0;1;1;0;1;2;-25,430359;-49,340738;"SPRF-PR";"DEL01-PR";"UOP01-DEL01-PR"
347097;2021-03-19;"sexta-feira";"19:00:00";"PR";469;14;"FOZ DO IGUACU";"Acessar a via sem observar a presença dos outros veículos";"Colisão transversal";"Com Vítimas Feridas";"Anoitecer";"Decrescente";"Nublado";"Simples";"Reta";"Sim";2;0;1;0;1;0;1;2;-25,5781;-54,5411;"SPRF-PR";"DEL05-PR";"UOP04-DEL05-PR"
347098;2021-03-19;"sexta-feira";"18:00:00";"SC";101;275,9;"IMBITUBA";"Reação tardia ou ineficiente do condutor";"Tombamento";"Com Vítimas Feridas";"Anoitecer";"Crescente";"Nublado";"Múltipla";"Curva";"Sim";1;0;1;0;0;0;1;1;-28,138086;-48,69218292;"SPRF-SC";"DEL02-SC";"UOP03-DEL02-SC"
347099;2021-03-19;"sexta-feira";"19:10:00";"SC";470;2,3;"NAVEGANTES";"Ingestão de álcool pelo condutor";"Colisão transversal";"Com Vítimas Feridas";"Plena Noite";"Decrescente";"Céu Claro";"Dupla";"Reta;Em Obras";"Não";2;0;1;0;1;0;1;2;-26,868551;-48,674831;"SPRF-SC";"DEL04-SC";"UOP04-DEL04-SC"
347100;2021-03-19;"sexta-feira";"06:30:00";"BA";101;501;"ITABUNA";"Velocidade Incompatível";"Saída de leito carroçável";"Com Vítimas Feridas";"Plena Noite";"Crescente";"Céu Claro";"Simples";"Reta";"Não";8;0;1;6;1;0;7;1;-14,91657495;-39,29124615;"SPRF-BA";"DEL05-BA";"UOP01-DEL05-BA"
347101;2021-03-19;"sexta-feira";"19:10:00";"SP";381;43;"ATIBAIA";"Pedestre cruzava a pista fora da faixa";"Atropelamento de Pedestre";"Com Vítimas Feridas";"Plena Noite";"Decrescente";"Céu Claro";"Dupla";"Reta";"Sim";2;0;0;1;1;0;1;2;-23,15597105;-46,5740155;"SPRF-SP";"DEL03-SP";"UOP01-DEL03-SP"
347103;2021-03-19;"sexta-feira";"19:00:00";"SE";101;103,1;"SAO CRISTOVAO";"Ausência de reação do condutor";"Colisão com objeto";"Com Vítimas Fatais";"Plena Noite";"Decrescente";"Céu Claro";"Dupla";"Ponte;Reta";"Não";2;1;1;0;0;0;1;1;-10,95275718;-37,21920991;"SPRF-SE";"DEL02-SE";"UOP01-DEL02-SE"
347104;2021-03-19;"sexta-feira";"18:30:00";"RS";158;140,7;"CONDOR";"Ausência de sinalização";"Saída de leito carroçável";"Com Vítimas Feridas";"Plena Noite";"Crescente";"Céu Claro";"Simples";"Reta";"Não";3;0;2;0;1;0;2;2;-28,20132795;-53,47405277;"SPRF-RS";"DEL10-RS";"UOP02-DEL10-RS"
347105;2021-03-19;"sexta-feira";"18:55:00";"SP";153;108,4;"JOSE BONIFACIO";"Ingestão de álcool pelo condutor";"Engavetamento";"Com Vítimas Feridas";"Plena Noite";"Decrescente";"Nublado";"Simples";"Reta";"Não";3;0;1;0;2;0;1;3;-21,07208391;-49,66656517;"SPRF-SP";"DEL09-SP";"UOP01-DEL09-SP"
347106;2021-03-19;"sexta-feira";"19:40:00";"PR";163;287;"MARECHAL CANDIDO RONDON";"Transitar na contramão";"Colisão frontal";"Com Vítimas Feridas";"Plena Noite";"Crescente";"Céu Claro";"Dupla";"Reta";"Sim";2;0;1;0;1;0;1;2;-24,55962092;-54,03702984;"SPRF-PR";"DEL06-PR";"UOP02-DEL06-PR"
347108;2021-03-19;"sexta-feira";"19:00:00";"RS";471;177,5;"RIO PARDO";"Manobra de mudança de faixa";"Colisão frontal";"Com Vítimas Fatais";"Pleno dia";"Decrescente";"Céu Claro";"Simples";"Curva";"Não";8;1;6;0;1;0;6;3;-30,01106448;-52,36796379;"SPRF-RS";"DEL02-RS";"UOP03-DEL02-RS"
347109;2021-03-19;"sexta-feira";"20:00:00";"ES";101;147;"LINHARES";"Acessar a via sem observar a presença dos outros veículos";"Colisão transversal";"Com Vítimas Feridas";"Plena Noite";"Crescente";"Nublado";"Simples";"Interseção de Vias";"Sim";2;0;0;1;1;0;1;2;-19,37887202;-40,06657892;"SPRF-ES";"DEL04-ES";"UOP01-DEL04-ES"
347111;2021-03-19;"sexta-feira";"19:30:00";"SC";101;420,5;"ARARANGUA";"Reação tardia ou ineficiente do condutor";"Colisão transversal";"Com Vítimas Feridas";"Plena Noite";"Decrescente";"Chuva";"Múltipla";"Reta";"Sim";2;0;2;0;0;0;2;2;-28,99380392;-49,55081408;"SPRF-SC";"DEL02-SC";"UOP02-DEL02-SC"
347112;2021-03-19;"sexta-feira";"17:40:00";"MG";365;661;"MONTE ALEGRE DE MINAS";"Demais falhas mecânicas ou elétricas";"Incêndio";"Sem Vítimas";"Anoitecer";"Decrescente";"Nublado";"Dupla";"Reta";"Não";1;0;0;0;1;0;0;1;-18,89429328;-48,65210897;"SPRF-MG";"DEL15-MG";"UOP01-DEL15-MG"
347113;2021-03-19;"sexta-feira";"20:15:00";"ES";101;261;"SERRA";"Conversão proibida";"Colisão transversal";"Com Vítimas Feridas";"Plena Noite";"Crescente";"Céu Claro";"Múltipla";"Declive";"Não";2;0;1;0;1;0;1;2;-20,1572331;-40,27678329;"SPRF-ES";"DEL02-ES";"UOP01-DEL02-ES"
347115;2021-03-19;"sexta-feira";"18:30:00";"MT";163;1050;"MATUPA";"Reação tardia ou ineficiente do condutor";"Queda de ocupante de veículo";"Com Vítimas Feridas";"Anoitecer";"Decrescente";"Nublado";"Simples";"Reta";"Não";1;0;0;1;0;0;1;1;-10,2066163;-54,96082456;"SPRF-MT";"DEL06-MT";"NPF/DEL06-MT"
347117;2021-03-19;"sexta-feira";"20:50:00";"CE";116;13;"FORTALEZA";"Reação tardia ou ineficiente do condutor";"Atropelamento de Pedestre";"Com Vítimas Fatais";"Plena Noite";"Decrescente";"Céu Claro";"Múltipla";"Reta";"Sim";2;1;1;0;0;0;1;2;-3,86088501;-38,49715296;"SPRF-CE";"DEL01-CE";"UOP02-DEL01-CE"
347118;2021-03-19;"sexta-feira";"17:54:00";"CE";222;273,7;"COREAU";"Demais falhas mecânicas ou elétricas";"Incêndio";"Sem Vítimas";"Plena Noite";"Decrescente";"Nublado";"Simples";"Reta";"Não";1;0;0;0;0;1;0;1;-3,76464585;-40,75687894;"SPRF-CE";"DEL04-CE";"UOP02-DEL04-CE"
347119;2021-03-19;"sexta-feira";"19:00:00";"RR";432;212;"CANTA";"Desrespeitar a preferência no cruzamento";"Colisão transversal";"Com Vítimas Feridas";"Plena Noite";"Crescente";"Céu Claro";"Simples";"Interseção de Vias";"Não";2;0;1;0;1;0;1;2;2,78923;-60,609386;"SPRF-RR";"DEL01-RR";"UOP01-DEL01-RR"
347121;2021-03-19;"sexta-feira";"21:15:00";"SC";470;1;"GASPAR";"Ultrapassagem Indevida";"Colisão lateral mesmo sentido";"Com Vítimas Feridas";"Plena Noite";"Crescente";"Nublado";"Simples";"Reta";"Sim";2;0;1;0;1;0;1;2;-26,91939856;-48,9592275;"SPRF-SC";"DEL04-SC";"UOP01-DEL04-SC"
347122;2021-03-19;"sexta-feira";"18:42:00";"MG";40;784,8;"JUIZ DE FORA";"Objeto estático sobre o leito carroçável";"Colisão com objeto";"Sem Vítimas";"Plena Noite";"Crescente";"Chuva";"Dupla";"Reta";"Sim";1;0;0;0;1;0;0;1;-21,71178893;-43,44743099;"SPRF-MG";"DEL05-MG";"UOP01-DEL05-MG"
347124;2021-03-19;"sexta-feira";"16:30:00";"SP";381;75;"SAO PAULO";"Condutor deixou de manter distância do veículo da frente";"Colisão com objeto";"Sem Vítimas";"Pleno dia";"Crescente";"Chuva";"Dupla";"Reta";"Sim";1;0;0;0;1;0;0;1;-23,37660089;-46,56409613;"SPRF-SP";"DEL03-SP";"UOP01-DEL03-SP"
347125;2021-03-19;"sexta-feira";"21:40:00";"AL";423;29;"CANAPI";"Ingestão de álcool pelo condutor";"Queda de ocupante de veículo";"Com Vítimas Feridas";"Plena Noite";"Decrescente";"Céu Claro";"Simples";"Reta";"Não";1;0;1;0;0;0;1;1;-9,20234178;-37,54045486;"SPRF-AL";"DEL03-AL";"UOP02-DEL03-AL"
347126;2021-03-19;"sexta-feira";"17:45:00";"ES";101;241;"SERRA";"Acesso irregular";"Colisão transversal";"Com Vítimas Feridas";"Anoitecer";"Crescente";"Céu Claro";"Simples";"Reta";"Não";2;0;1;1;0;0;2;2;-20,02389596;-40,39998096;"SPRF-ES";"DEL02-ES";"UOP01-DEL02-ES"
347129;2021-03-19;"sexta-feira";"20:50:00";"RR";174;503;"BOA VISTA";"Acessar a via sem observar a presença dos outros veículos";"Colisão traseira";"Com Vítimas Feridas";"Plena Noite";"Crescente";"Céu Claro";"Simples";"Rotatória";"Sim";2;0;1;0;1;0;1;2;2,794901;-60,698441;"SPRF-RR";"DEL01-RR";"UOP01-DEL01-RR"
347130;2021-03-19;"sexta-feira";"19:55:00";"RJ";101;575;"PARATY";"Ingestão de álcool pelo condutor";"Colisão traseira";"Sem Vítimas";"Plena Noite";"Crescente";"Nublado";"Simples";"Curva";"Sim";2;0;0;0;2;0;0;2;-23,21978585;-44,73466957;"SPRF-RJ";"DEL03-RJ";"UOP04-DEL03-RJ"
347131;2021-03-19;"sexta-feira";"19:45:00";"RS";285;672,5;"SAO BORJA";"Deficiência do Sistema de Iluminação/Sinalização";"Colisão traseira";"Com Vítimas Feridas";"Plena Noite";"Crescente";"Céu Claro";"Simples";"Reta";"Não";2;0;1;0;1;0;1;2;-28,66794;-55,978237;"SPRF-RS";"DEL12-RS";"UOP01-DEL12-RS"
347132;2021-03-19;"sexta-feira";"21:20:00";"PR";376;177,2;"MARINGA";"Mal súbito do condutor";"Queda de ocupante de veículo";"Com Vítimas Feridas";"Plena Noite";"Crescente";"Céu Claro";"Dupla";"Reta";"Sim";1;0;1;0;0;0;1;1;-23,41595855;-51,92226484;"SPRF-PR";"DEL09-PR";"UOP01-DEL09-PR"
347134;2021-03-19;"sexta-feira";"22:00:00";"SC";101;148;"ITAPEMA";"Ausência de reação do condutor";"Colisão traseira";"Com Vítimas Feridas";"Plena Noite";"Crescente";"Céu Claro";"Simples";"Reta";"Sim";2;0;0;1;0;1;1;2;-27,10123686;-48,61807962;"SPRF-SC";"DEL04-SC";"UOP03-DEL04-SC"
347139;2021-03-19;"sexta-feira";"22:00:00";"SP";116;149;"SAO JOSE DOS CAMPOS";"Ausência de reação do condutor";"Saída de leito carroçável";"Sem Vítimas";"Plena Noite";"Decrescente";"Céu Claro";"Dupla";"Reta";"Sim";1;0;0;0;1;0;0;1;-23,20700047;-45,88626861;"SPRF-SP";"DEL02-SP";"UOP01-DEL02-SP"
347140;2021-03-19;"sexta-feira";"22:50:00";"PR";376;599;"CURITIBA";"Velocidade Incompatível";"Capotamento";"Com Vítimas Feridas";"Plena Noite";"Crescente";"Nublado";"Dupla";"Reta";"Sim";1;0;1;0;0;0;1;1;-25,52629711;-49,32958412;"SPRF-PR";"DEL01-PR";"UOP01-DEL01-PR"