"id";"data_inversa";"dia_semana";"horario";"uf";"br";"km";"municipio";"causa_acidente";"tipo_acidente";"classificacao_acidente";"fase_dia";"sentido_via";"condicao_metereologica";"tipo_pista";"tracado_via";"uso_solo";"pessoas";"mortos";"feridos_leves";"feridos_graves";"ilesos";"ignorados";"feridos";"veiculos";"latitude";"longitude";"regional";"delegacia";"uop"
347141;2021-03-19;"sexta-feira";"22:40:00";"GO";40;16,8;"LUZIANIA";"Reação tardia ou ineficiente do condutor";"Saída de leito carroçável";"Com Vítimas Feridas";"Plena Noite";"Crescente";"Nublado";"Dupla";"Reta";"Sim";1;0;0;1;0;0;1;1;-16,175176;-47,92964;"SPRF-DF";"DEL01-DF";"UOP01-DEL01-DF"
347143;2021-03-19;"sexta-feira";"20:50:00";"MG";381;603,1;"OLIVEIRA";"Pedestre andava na pista";"Atropelamento de Pedestre";"Com Vítimas Fatais";"Plena Noite";"Decrescente";"Nublado";"Dupla";"Reta";"Não";2;1;0;0;0;1;0;2;-20,64973798;-44,73551891;"SPRF-MG";"DEL04-MG";"UOP01-DEL04-MG"
347145;2021-03-19;"sexta-feira";"23:45:00";"PR";277;69;"SAO JOSE DOS PINHAIS";"Velocidade Incompatível";"Saída de leito carroçável";"Com Vítimas Feridas";"Plena Noite";"Decrescente";"Garoa/Chuvisco";"Simples";"Curva";"Sim";2;0;2;0;0;0;2;1;-25,53715243;-49,07076619;"SPRF-PR";"DEL01-PR";"UOP01-DEL01-PR"
347151;2021-03-19;"sexta-feira";"19:48:00";"AL";101;139;"SAO MIGUEL DOS CAMPOS";"Velocidade Incompatível";"Saída de leito carroçável";"Com Vítimas Feridas";"Plena Noite";"Decrescente";"Garoa/Chuvisco";"Simples";"Interseção de Vias";"Sim";1;0;1;0;0;0;1;1;-9,81757382;-36,1216713;"SPRF-AL";"DEL02-AL";"UOP01-DEL02-AL"
347152;2021-03-20;"sábado";"00:20:00";"MS";163;489;"CAMPO GRANDE";"Velocidade Incompatível";"Tombamento";"Com Vítimas Feridas";"Plena Noite";"Crescente";"Céu Claro";"Simples";"Reta";"Sim";2;0;1;0;0;1;1;1;-20,40828185;-54,55160067;"SPRF-MS";"DEL01-MS";"UOP02-DEL01-MS"
347153;2021-03-20;"sábado";"00:05:00";"SC";101;99,5;"BALNEARIO PICARRAS";"Ingestão de álcool pelo condutor";"Colisão traseira";"Com Vítimas Fatais";"Plena Noite";"Decrescente";"Nublado";"Dupla";"Em Obras";"Não";2;1;0;0;1;0;0;2;-26,752584;-48,691125;"SPRF-SC";"DEL03-SC";"UOP02-DEL03-SC"
347155;2021-03-20;"sábado";"00:25:00";"RJ";116;132;"MAGE";"Ingestão de álcool pelo condutor";"Saída de leito carroçável";"Com Vítimas Feridas";"Plena Noite";"Crescente";"Céu Claro";"Dupla";"Viaduto";"Sim";1;0;1;0;0;0;1;1;-22,65703272;-43,13458092;"SPRF-RJ";"DEL04-RJ";"UOP02-DEL04-RJ"
347157;2021-03-13;"sábado";"18:00:00";"MG";116;115,4;"ITAOBIM";"Desrespeitar a preferência no cruzamento";"Colisão transversal";"Com Vítimas Fatais";"Anoitecer";"Decrescente";"Céu Claro";"Simples";"Reta;Aclive";"Sim";2;1;1;0;0;0;1;2;-16,55656498;-41,50192905;"SPRF-MG";"DEL11-MG";"UOP02-DEL11-MG"
347158;2021-03-20;"sábado";"02:50:00";"DF";40;4,8;"BRASILIA";"Condutor Dormindo";"Colisão com objeto";"Sem Vítimas";"Plena Noite";"Crescente";"Céu Claro";"Dupla";"Reta";"Sim";3;0;0;0;3;0;0;1;-16,012033;-47,982124;"SPRF-DF";"DEL01-DF";"UOP01-DEL01-DF"
347159;2021-03-20;"sábado";"02:25:00";"RS";116;257;"ESTEIO";"Velocidade Incompatível";"Capotamento";"Com Vítimas Feridas";"Plena Noite";"Crescente";"Nublado";"Múltipla";"Aclive";"Sim";2;0;2;0;0;0;2;1;-29,85262195;-51,17968329;"SPRF-RS";"DEL01-RS";"UOP02-DEL01-RS"
347163;2021-03-20;"sábado";"01:20:00";"MT";163;746,3;"SORRISO";"Velocidade Incompatível";"Saída de leito carroçável";"Com Vítimas Feridas";"Plena Noite";"Crescente";"Nublado";"Dupla";"Reta";"Sim";1;0;1;0;0;0;1;1;-12,7007392;-55,81389079;"SPRF-MT";"DEL06-MT";"UOP01-DEL06-MT"
347164;2021-03-20;"sábado";"03:00:00";"RJ";116;175,7;"NOVA IGUACU";"Reação tardia ou ineficiente do condutor";"Capotamento";"Com Vítimas Feridas";"Plena Noite";"Decrescente";"Céu Claro";"Múltipla";"Reta";"Sim";2;0;1;0;1;0;1;1;-22,7839538;-43,38195488;"SPRF-RJ";"DEL01-RJ";"UOP02-DEL01-RJ"
347166;2021-03-20;"sábado";"04:20:00";"SC";101;146,9;"ITAPEMA";"Ingestão de álcool pelo condutor";"Capotamento";"Com Vítimas Feridas";"Plena Noite";"Crescente";"Céu Claro";"Múltipla";"Declive";"Sim";3;0;2;1;0;0;3;1;-27,08666525;-48,60955587;"SPRF-SC";"DEL04-SC";"UOP03-DEL04-SC"
347167;2021-03-20;"sábado";"04:40:00";"RJ";116;184;"NOVA IGUACU";"Demais falhas mecânicas ou elétricas";"Colisão lateral mesmo sentido";"Com Vítimas Feridas";"Plena Noite";"Decrescente";"Céu Claro";"Dupla";"Reta";"Sim";2;0;0;1;1;0;1;2;-22,74647215;-43,44594311;"SPRF-RJ";"DEL01-RJ";"UOP02-DEL01-RJ"
347169;2021-03-20;"sábado";"05:55:00";"PE";232;5,7;"RECIFE";"Área urbana sem a presença de local apropriado para a travessia de pedestres";"Queda de ocupante de veículo";"Com Vítimas Feridas";"Pleno dia";"Decrescente";"Garoa/Chuvisco";"Dupla";"Reta";"Sim";2;0;1;0;0;1;1;2;-8,070255;-34,951269;"SPRF-PE";"DEL01-PE";"UOP01-DEL01-PE"
347171;2021-03-20;"sábado";"05:15:00";"ES";101;375;"ICONHA";"Condutor usando celular";"Atropelamento de Pedestre";"Com Vítimas Feridas";"Amanhecer";"Crescente";"Céu Claro";"Simples";"Reta";"Não";2;0;1;0;0;1;1;2;-20,78856;-40,795613;"SPRF-ES";"DEL03-ES";"UOP01-DEL03-ES"
347172;2021-03-20;"sábado";"06:30:00";"PR";376;163;"MARINGA";"Avarias e/ou desgaste excessivo no pneu";"Tombamento";"Com Vítimas Feridas";"Amanhecer";"Crescente";"Céu Claro";"Dupla";"Reta";"Não";1;0;1;0;0;0;1;1;-23,37377442;-52,05348015;"SPRF-PR";"DEL09-PR";"UOP01-DEL09-PR"
347173;2021-03-20;"sábado";"04:50:00";"RJ";101;297,8;"ITABORAI";"Acessar a via sem observar a presença dos outros veículos";"Colisão transversal";"Com Vítimas Fatais";"Pleno dia";"Decrescente";"Céu Claro";"Simples";"Curva";"Sim";2;1;0;0;1;0;0;2;-22,77118508;-42,92260675;"SPRF-RJ";"DEL02-RJ";"UOP02-DEL02-RJ"
347174;2021-03-20;"sábado";"06:30:00";"SP";153;65;"SAO JOSE DO RIO PRETO";"Reação tardia ou ineficiente do condutor";"Tombamento";"Com Vítimas Feridas";"Amanhecer";"Crescente";"Céu Claro";"Dupla";"Reta";"Não";2;0;2;0;0;0;2;1;-20,8355877;-49,36570039;"SPRF-SP";"DEL09-SP";"UOP01-DEL09-SP"
347175;2021-03-20;"sábado";"06:00:00";"RJ";393;239;"VASSOURAS";"Velocidade Incompatível";"Colisão lateral mesmo sentido";"Com Vítimas Feridas";"Pleno dia";"Crescente";"Sol";"Simples";"Curva";"Não";3;0;2;0;1;0;2;2;-22,40800571;-43,67023264;"SPRF-RJ";"DEL05-RJ";"UOP04-DEL05-RJ"
347176;2021-03-20;"sábado";"07:00:00";"PR";376;653;"TIJUCAS DO SUL";"Velocidade Incompatível";"Saída de leito carroçável";"Com Vítimas Feridas";"Pleno dia";"Decrescente";"Céu Claro";"Dupla";"Curva;Declive";"Não";1;0;1;0;0;0;1;1;-25,84420191;-49,0604381;"SPRF-PR";"DEL01-PR";"UOP04-DEL01-PR"
347177;2021-03-20;"sábado";"06:55:00";"GO";40;96,1;"CRISTALINA";"Acessar a via sem observar a presença dos outros veículos";"Colisão transversal";"Com Vítimas Feridas";"Pleno dia";"Crescente";"Céu Claro";"Dupla";"Interseção de Vias";"Sim";2;0;0;1;1;0;1;2;-16,75768;-47,601613;"SPRF-DF";"DEL01-DF";"UOP02-DEL01-DF"
347178;2021-03-20;"sábado";"06:45:00";"SC";101;455,8;"SAO JOAO DO SUL";"Ingestão de álcool pelo condutor";"Colisão com objeto";"Sem Vítimas";"Pleno dia";"Crescente";"Céu Claro";"Múltipla";"Interseção de Vias";"Sim";1;0;0;0;1;0;0;1;-29,21440894;-49,75853816;"SPRF-SC";"DEL02-SC";"UOP02-DEL02-SC"
347179;2021-03-08;"segunda-feira";"19:38:00";"PA";222;245;"MARABA";"Acessar a via sem observar a presença dos outros veículos";"Colisão frontal";"Com Vítimas Feridas";"Plena Noite";"Crescente";"Céu Claro";"Simples";"Reta";"Sim";3;0;0;1;2;0;1;3;-5,355886;-49,079418;"SPRF-PA";"DEL03-PA";"UOP01-DEL03-PA"
347180;2021-03-20;"sábado";"07:00:00";"MG";365;600,8;"UBERLANDIA";"Velocidade Incompatível";"Saída de leito carroçável";"Com Vítimas Feridas";"Pleno dia";"Crescente";"Sol";"Simples";"Reta";"Não";1;0;1;0;0;0;1;1;-18,89471474;-48,12996205;"SPRF-MG";"DEL15-MG";"UOP01-DEL15-MG"
347181;2021-03-20;"sábado";"08:00:00";"SP";381;62;"MAIRIPORA";"Demais falhas mecânicas ou elétricas";"Saída de leito carroçável";"Com Vítimas Feridas";"Pleno dia";"Crescente";"Céu Claro";"Dupla";"Curva";"Não";2;0;1;0;1;0;1;1;-23,29437896;-46,57254696;"SPRF-SP";"DEL03-SP";"UOP01-DEL03-SP"
347183;2021-03-20;"sábado";"07:55:00";"RJ";116;176,9;"NOVA IGUACU";"Manobra de mudança de faixa";"Queda de ocupante de veículo";"Com Vítimas Feridas";"Pleno dia";"Crescente";"Céu Claro";"Dupla";"Reta";"Sim";1;0;1;0;0;0;1;1;-22,7839538;-43,38195488;"SPRF-RJ";"DEL01-RJ";"UOP02-DEL01-RJ"
347187;2021-03-20;"sábado";"06:45:00";"AM";319;733;"HUMAITA";"Demais falhas na via";"Saída de leito carroçável";"Com Vítimas Feridas";"Pleno dia";"Decrescente";"Céu Claro";"Simples";"Declive";"Não";1;0;1;0;0;0;1;1;-7,92134973;-63,32230622;"SPRF-AM";"DEL01-AM";"UOP05-DEL01-AM"
347191;2021-02-24;"quarta-feira";"10:30:00";"PR";376;590;"CURITIBA";"Manobra de mudança de faixa";"Colisão lateral mesmo sentido";"Com Vítimas Feridas";"Pleno dia";"Crescente";"Nublado";"Dupla";"Reta";"Sim";4;0;2;0;2;0;2;3;-25,44475691;-49,36421156;"SPRF-PR";"DEL01-PR";"UOP01-DEL01-PR"
347192;2021-01-09;"sábado";"17:15:00";"RS";116;233;"ESTANCIA VELHA";"Ingestão de álcool pelo condutor";"Colisão lateral";"Com Vítimas Feridas";"Pleno dia";"Crescente";"Céu Claro";"Dupla";"Reta";"Sim";3;0;1;1;1;0;2;3;-29,64206007;-51,14268362;"SPRF-RS";"DEL01-RS";"UOP02-DEL01-RS"
347195;2021-03-20;"sábado";"08:40:00";"MS";163;633;"SAO GABRIEL DO OESTE";"Avarias e/ou desgaste excessivo no pneu";"Tombamento";"Com Vítimas Feridas";"Pleno dia";"Crescente";"Céu Claro";"Dupla";"Reta";"Não";2;0;2;0;0;0;2;1;-19,26482891;-54,66041488;"SPRF-MS";"DEL06-MS";"UOP02-DEL06-MS"
347197;2021-03-20;"sábado";"09:00:00";"SC";470;144;"RIO DO SUL";"Acessar a via sem observar a presença dos outros veículos";"Colisão transversal";"Com Vítimas Feridas";"Pleno dia";"Decrescente";"Céu Claro";"Simples";"Reta";"Sim";2;0;0;1;1;0;1;2;-27,235138;-49,677608;"SPRF-SC";"DEL04-SC";"UOP02-DEL04-SC"
347198;2021-03-20;"sábado";"09:45:00";"MG";50;39,6;"ARAGUARI";"Velocidade Incompatível";"Queda de ocupante de veículo";"Com Vítimas Feridas";"Pleno dia";"Decrescente";"Céu Claro";"Dupla";"Retorno Regulamentado";"Sim";1;0;1;0;0;0;1;1;-18,66594982;-48,17302108;"SPRF-MG";"DEL15-MG";"UOP02-DEL15-MG"
347199;2021-03-20;"sábado";"09:30:00";"RN";406;163;"CEARA-MIRIM";"Acessar a via sem observar a presença dos outros veículos";"Colisão transversal";"Com Vítimas Feridas";"Pleno dia";"Crescente";"Céu Claro";"Simples";"Reta";"Não";3;0;2;0;1;0;2;2;-5,73527201;-35,35543901;"SPRF-RN";"DEL02-RN";"UOP01-DEL02-RN"
347206;2021-03-20;"sábado";"10:03:00";"PA";10;230;"IPIXUNA DO PARA";"Conversão proibida";"Queda de ocupante de veículo";"Com Vítimas Feridas";"Pleno dia";"Decrescente";"Sol";"Simples";"Reta";"Sim";1;0;1;0;0;0;1;1;-2,41844282;-47,52147771;"SPRF-PA";"DEL02-PA";"UOP01-DEL02-PA"
347208;2021-03-20;"sábado";"09:00:00";"AP";156;391;"FERREIRA GOMES";"Conversão proibida";"Colisão traseira";"Com Vítimas Feridas";"Pleno dia";"Crescente";"Céu Claro";"Simples";"Reta";"Não";6;0;2;0;3;1;2;2;0,94431209;-51,18372421;"SPRF-AP";"DEL01-AP";"UOP01-DEL01-AP"
347209;2021-03-20;"sábado";"10:20:00";"ES";262;32,1;"DOMINGOS MARTINS";"Demais falhas mecânicas ou elétricas";"Saída de leito carroçável";"Com Vítimas Feridas";"Pleno dia";"Decrescente";"Céu Claro";"Simples";"Curva";"Não";1;0;1;0;0;0;1;1;-20,37885575;-40,577728;"SPRF-ES";"DEL01-ES";"UOP01-DEL01-ES"
347210;2021-03-20;"sábado";"11:00:00";"SC";101;151;"ITAPEMA";"Acessar a via sem observar a presença dos outros veículos";"Colisão transversal";"Com Vítimas Feridas";"Pleno dia";"Decrescente";"Nublado";"Múltipla";"Interseção de Vias";"Não";3;0;1;0;2;0;1;3;-27,126536;-48,609642;"SPRF-SC";"DEL04-SC";"UOP03-DEL04-SC"
347212;2021-03-20;"sábado";"10:15:00";"PI";343;1,8;"TERESINA";"Demais falhas mecânicas ou elétricas";"Colisão transversal";"Com Vítimas Feridas";"Pleno dia";"Crescente";"Nublado";"Dupla";"Interseção de Vias";"Sim";3;0;2;0;1;0;2;2;-5,089569;-42,802288;"SPRF-PI";"DEL01-PI";"UOP01-DEL01-PI"
347213;2021-01-03;"domingo";"17:00:00";"SC";101;120;"ITAJAI";"Pista Escorregadia";"Queda de ocupante de veículo";"Com Vítimas Feridas";"Anoitecer";"Crescente";"Sol";"Dupla";"Viaduto";"Sim";1;0;0;1;0;0;1;1;-26,919614;-48,710243;"SPRF-SC";"DEL04-SC";"UOP04-DEL04-SC"
347214;2021-03-20;"sábado";"11:15:00";"PA";316;45,5;"SANTA IZABEL DO PARA";"Avarias e/ou desgaste excessivo no pneu";"Tombamento";"Com Vítimas Feridas";"Pleno dia";"Decrescente";"Céu Claro";"Dupla";"Curva";"Não";2;0;2;0;0;0;2;1;-1,28001531;-48,06939125;"SPRF-PA";"DEL01-PA";"UOP01-DEL01-PA"
347215;2021-03-20;"sábado";"11:20:00";"GO";70;290,1;"ITAPIRAPUA";"Reação tardia ou ineficiente do condutor";"Tombamento";"Com Vítimas Feridas";"Pleno dia";"Crescente";"Nublado";"Simples";"Reta";"Sim";2;0;1;0;1;0;1;1;-15,8158887;-50,62128246;"SPRF-GO";"DEL04-GO";"UOP01-DEL04-GO"
347217;2021-03-20;"sábado";"12:50:00";"SC";101;196;"BIGUACU";"Ingestão de álcool pelo condutor";"Colisão lateral mesmo sentido";"Com Vítimas Feridas";"Pleno dia";"Decrescente";"Céu Claro";"Dupla";"Reta";"Sim";2;0;1;0;1;0;1;2;-27,51101091;-48,64322292;"SPRF-SC";"DEL01-SC";"UOP01-DEL01-SC"
347219;2021-03-20;"sábado";"12:15:00";"PB";230;98,9;"GURINHEM";"Velocidade Incompatível";"Saída de leito carroçável";"Com Vítimas Feridas";"Pleno dia";"Decrescente";"Nublado";"Dupla";"Curva";"Não";1;0;1;0;0;0;1;1;-7,1889;-35,4624;"SPRF-PB";"DEL01-PB";"UOP03-DEL01-PB"
347222;2021-03-20;"sábado";"11:30:00";"PR";277;84;"CURITIBA";"Ausência de reação do condutor";"Colisão traseira";"Com Vítimas Feridas";"Pleno dia";"Crescente";"Céu Claro";"Dupla";"Curva;Declive;Viaduto";"Sim";3;0;1;0;2;0;1;2;-25,568939;-49,181978;"SPRF-PR";"DEL01-PR";"UOP01-DEL01-PR"
347225;2021-03-20;"sábado";"12:10:00";"RJ";393;281;"VOLTA REDONDA";"Acessar a via sem observar a presença dos outros veículos";"Colisão transversal";"Com Vítimas Feridas";"Pleno dia";"Decrescente";"Céu Claro";"Simples";"Reta";"Sim";2;0;1;0;1;0;1;2;-22,48025569;-44,02974901;"SPRF-RJ";"DEL05-RJ";"UOP04-DEL05-RJ"
347227;2021-03-20;"sábado";"11:40:00";"SC";470;128;"LONTRAS";"Condutor deixou de manter distância do veículo da frente";"Colisão lateral mesmo sentido";"Com Vítimas Feridas";"Pleno dia";"Decrescente";"Céu Claro";"Simples";"Curva;Declive";"Não";2;0;2;0;0;0;2;2;-27,143742;-49,548897;"SPRF-SC";"DEL04-SC";"UOP02-DEL04-SC"
347228;2021-03-20;"sábado";"13:10:00";"ES";262;53;"MARECHAL FLORIANO";"Transitar na contramão";"Colisão lateral sentido oposto";"Com Vítimas Feridas";"Pleno dia";"Decrescente";"Céu Claro";"Simples";"Declive;Curva";"Não";4;0;0;2;2;0;2;2;-20,41400215;-40,73385;"SPRF-ES";"DEL01-ES";"UOP01-DEL01-ES"
347230;2021-03-20;"sábado";"13:15:00";"ES";101;190;"ARACRUZ";"Ingestão de álcool pelo condutor";"Queda de ocupante de veículo";"Com Vítimas Feridas";"Pleno dia";"Crescente";"Céu Claro";"Simples";"Reta";"Não";1;0;1;0;0;0;1;1;-19,68560509;-40,27853793;"SPRF-ES";"DEL04-ES";"UOP01-DEL04-ES"
347233;2021-03-20;"sábado";"12:30:00";"BA";242;418;"SEABRA";"Velocidade Incompatível";"Saída de leito carroçável";"Com Vítimas Feridas";"Pleno dia";"Decrescente";"Céu Claro";"Simples";"Reta";"Não";1;0;1;0;0;0;1;1;-12,43218557;-41,80645406;"SPRF-BA";"DEL06-BA";"UOP01-DEL06-BA"
347234;2021-03-20;"sábado";"13:40:00";"SP";116;181;"GUARAREMA";"Mal súbito do condutor";"Colisão com objeto";"Com Vítimas Feridas";"Pleno dia";"Crescente";"Céu Claro";"Múltipla";"Reta";"Não";1;0;1;0;0;0;1;1;-23,34071022;-46,15361889;"SPRF-SP";"DEL01-SP";"UOP01-DEL01-SP"
347236;2021-03-20;"sábado";"13:40:00";"SC";163;104,2;"SAO JOSE DO CEDRO";"Condutor deixou de manter distância do veículo da frente";"Colisão traseira";"Com Vítimas Feridas";"Pleno dia";"Crescente";"Céu Claro";"Simples";"Desvio Temporário;Em Obras;Reta";"Sim";6;0;2;0;4;0;2;2;-26,45109434;-53,51178646;"SPRF-SC";"DEL07-SC";"UOP03-DEL07-SC"
347237;2021-03-20;"sábado";"14:25:00";"SP";381;46,9;"ATIBAIA";"Reação tardia ou ineficiente do condutor";"Tombamento";"Com Vítimas Feridas";"Pleno dia";"Crescente";"Céu Claro";"Dupla";"Reta";"Não";1;0;1;0;0;0;1;1;-23,180897;-46,580777;"SPRF-SP";"DEL03-SP";"UOP01-DEL03-SP"
347238;2021-03-20;"sábado";"13:20:00";"MG";381;510,7;"SAO JOAQUIM DE BICAS";"Reação tardia ou ineficiente do condutor";"Queda de ocupante de veículo";"Com Vítimas Feridas";"Pleno dia";"Crescente";"Céu Claro";"Dupla";"Reta";"Sim";1;0;1;0;0;0;1;1;-20,07738209;-44,30434488;"SPRF-MG";"DEL01-MG";"UOP03-DEL01-MG"
347239;2021-03-20;"sábado";"12:00:00";"RR";174;500;"BOA VISTA";"Reação tardia ou ineficiente do condutor";"Colisão traseira";"Com Vítimas Feridas";"Pleno dia";"Crescente";"Céu Claro";"Dupla";"Reta";"Sim";3;0;1;0;2;0;1;2;2,787415;-60,69947178;"SPRF-RR";"DEL01-RR";"UOP01-DEL01-RR"
347240;2021-03-20;"sábado";"13:00:00";"BA";110;150;"CICERO DANTAS";"Ingestão de álcool pelo condutor";"Saída de leito carroçável";"Sem Vítimas";"Pleno dia";"Crescente";"Céu Claro";"Simples";"Reta";"Não";1;0;0;0;0;1;0;1;-10,69245302;-38,44478799;"SPRF-BA";"DEL07-BA";"UOP02-DEL07-BA"
347241;2021-03-20;"sábado";"14:15:00";"SC";280;75;"JARAGUA DO SUL";"Animais na Pista";"Queda de ocupante de veículo";"Com Vítimas Feridas";"Pleno dia";"Decrescente";"Céu Claro";"Simples";"Reta";"Não";1;0;1;0;0;0;1;1;-26,458391;-49,170483;"SPRF-SC";"DEL03-SC";"UOP03-DEL03-SC"
347244;2021-03-20;"sábado";"13:15:00";"RJ";101;281;"ITABORAI";"Demais falhas mecânicas ou elétricas";"Tombamento";"Com Vítimas Feridas";"Pleno dia";"Crescente";"Céu Claro";"Dupla";"Reta";"Sim";2;0;1;1;0;0;2;1;-22,73786208;-42,78692501;"SPRF-RJ";"DEL02-RJ";"UOP03-DEL02-RJ"
347246;2021-03-20;"sábado";"09:40:00";"BA";101;189;"CONCEICAO DA FEIRA";"Reação tardia ou ineficiente do condutor";"Colisão lateral sentido oposto";"Com Vítimas Feridas";"Pleno dia";"Crescente";"Sol";"Simples";"Reta";"Não";2;0;2;0;0;0;2;2;-12,585426;-38,98345601;"SPRF-BA";"DEL01-BA";"UOP03-DEL01-BA"
347247;2021-03-20;"sábado";"14:45:00";"RS";116;479;"TURUCU";"Condutor Dormindo";"Saída de leito carroçável";"Com Vítimas Feridas";"Pleno dia";"Crescente";"Céu Claro";"Múltipla";"Reta";"Não";2;0;2;0;0;0;2;1;-31,39171431;-52,1435178;"SPRF-RS";"DEL07-RS";"UOP01-DEL07-RS"
347249;2021-03-20;"sábado";"15:05:00";"ES";101;272,2;"SERRA";"Velocidade Incompatível";"Colisão transversal";"Com Vítimas Feridas";"Pleno dia";"Decrescente";"Céu Claro";"Múltipla";"Reta";"Não";2;0;1;1;0;0;2;2;-20,22724888;-40,28426988;"SPRF-ES";"DEL02-ES";"UOP01-DEL02-ES"
347250;2021-03-20;"sábado";"14:00:00";"MG";381;488,8;"BETIM";"Velocidade Incompatível";"Colisão com objeto";"Com Vítimas Feridas";"Pleno dia";"Decrescente";"Céu Claro";"Múltipla";"Reta";"Sim";2;0;1;0;1;0;1;2;-19,95721434;-44,12452698;"SPRF-MG";"DEL01-MG";"UOP03-DEL01-MG"
347251;2021-03-20;"sábado";"14:30:00";"RJ";40;112;"DUQUE DE CAXIAS";"Demais falhas mecânicas ou elétricas";"Tombamento";"Com Vítimas Feridas";"Pleno dia";"Decrescente";"Céu Claro";"Múltipla";"Reta";"Sim";2;0;2;0;0;0;2;1;-22,70187053;-43,29024196;"SPRF-RJ";"DEL01-RJ";"UOP01-DEL01-RJ"
347252;2021-03-20;"sábado";"14:50:00";"MG";381;477;"CONTAGEM";"Ingestão de álcool pelo condutor";"Colisão com objeto";"Sem Vítimas";"Pleno dia";"Decrescente";"Céu Claro";"Dupla";"Reta";"Sim";2;0;0;0;2;0;0;1;-19,96179268;-44,05041676;"SPRF-MG";"DEL01-MG";"UOP03-DEL01-MG"
347253;2021-03-20;"sábado";"14:50:00";"MG";381;448;"SABARA";"Reação tardia ou ineficiente do condutor";"Colisão traseira";"Com Vítimas Feridas";"Pleno dia";"Crescente";"Céu Claro";"Simples";"Reta";"Não";6;0;1;2;2;1;3;4;-19,83435173;-43,85962899;"SPRF-MG";"DEL01-MG";"UOP01-DEL01-MG"
347254;2021-03-20;"sábado";"15:35:00";"SP";381;80;"SAO PAULO";"Condutor deixou de manter distância do veículo da frente";"Colisão transversal";"Com Vítimas Feridas";"Pleno dia";"Crescente";"Nublado";"Múltipla";"Reta";"Sim";4;0;1;0;3;0;1;3;-23,40889686;-46,58095945;"SPRF-SP";"DEL03-SP";"UOP01-DEL03-SP"
347255;2021-03-20;"sábado";"15:35:00";"RJ";116;166;"SAO JOAO DE MERITI";"Condutor deixou de manter distância do veículo da frente";"Colisão traseira";"Com Vítimas Feridas";"Pleno dia";"Decrescente";"Céu Claro";"Múltipla";"Reta";"Sim";3;0;1;0;2;0;1;3;-22,81560263;-43,30051808;"SPRF-RJ";"DEL01-RJ";"UOP01-DEL01-RJ"
347256;2021-03-20;"sábado";"16:20:00";"SC";280;56,5;"GUARAMIRIM";"Conversão proibida";"Colisão transversal";"Com Vítimas Feridas";"Pleno dia";"Decrescente";"Sol";"Simples";"Curva";"Sim";2;0;1;0;1;0;1;2;-26,47947677;-49,00298702;"SPRF-SC";"DEL03-SC";"UOP03-DEL03-SC"
347257;2021-03-20;"sábado";"15:50:00";"GO";60;185,5;"ABADIA DE GOIAS";"Acumulo de água sobre o pavimento";"Colisão lateral mesmo sentido";"Com Vítimas Feridas";"Pleno dia";"Crescente";"Chuva";"Dupla";"Curva";"Não";3;0;2;0;1;0;2;2;-16,80737576;-49,52593803;"SPRF-GO";"DEL01-GO";"UOP02-DEL01-GO"
347258;2021-03-20;"sábado";"13:00:00";"RJ";101;316;"SAO GONCALO";"Ingestão de álcool pelo condutor";"Colisão com objeto";"Com Vítimas Feridas";"Pleno dia";"Decrescente";"Céu Claro";"Dupla";"Curva";"Sim";1;0;1;0;0;0;1;1;-22,827306;-43,091332;"SPRF-RJ";"DEL02-RJ";"UOP02-DEL02-RJ"
347259;2021-03-20;"sábado";"16:26:00";"PR";277;726;"FOZ DO IGUACU";"Acessar a via sem observar a presença dos outros veículos";"Colisão lateral mesmo sentido";"Com Vítimas Feridas";"Pleno dia";"Crescente";"Céu Claro";"Dupla";"Curva";"Sim";3;0;2;0;0;1;2;2;-25,5106015;-54,55481999;"SPRF-PR";"DEL05-PR";"UOP03-DEL05-PR"
347260;2021-03-20;"sábado";"16:35:00";"ES";101;55;"CONCEICAO DA BARRA";"Ingestão de álcool pelo condutor";"Colisão frontal";"Sem Vítimas";"Anoitecer";"Crescente";"Céu Claro";"Simples";"Reta";"Não";2;0;0;0;2;0;0;2;-18,62936998;-39,87925794;"SPRF-ES";"DEL04-ES";"UOP02-DEL04-ES"
347262;2021-03-20;"sábado";"11:29:00";"MT";163;772;"SORRISO";"Reação tardia ou ineficiente do condutor";"Saída de leito carroçável";"Sem Vítimas";"Pleno dia";"Decrescente";"Céu Claro";"Simples";"Reta;Declive";"Não";1;0;0;0;0;1;0;1;-12,431887;-55,646149;"SPRF-MT";"DEL06-MT";"UOP01-DEL06-MT"
347263;2021-03-20;"sábado";"17:04:00";"RJ";101;537;"PARATY";"Ultrapassagem Indevida";"Colisão frontal";"Com Vítimas Feridas";"Pleno dia";"Decrescente";"Céu Claro";"Simples";"Reta";"Não";6;0;1;2;3;0;3;5;-23,04205934;-44,57003488;"SPRF-RJ";"DEL03-RJ";"UOP02-DEL03-RJ"
347267;2021-03-20;"sábado";"17:43:00";"TO";153;157;"ARAGUAINA";"Acostamento em desnível";"Tombamento";"Com Vítimas Feridas";"Pleno dia";"Decrescente";"Céu Claro";"Simples";"Reta";"Não";1;0;0;1;0;0;1;1;-7,29784108;-48,29177787;"SPRF-TO";"DEL02-TO";"UOP01-DEL02-TO"
347269;2021-03-20;"sábado";"17:50:00";"AL";101;129;"SAO MIGUEL DOS CAMPOS";"Desvio temporário";"Colisão com objeto";"Com Vítimas Feridas";"Amanhecer";"Crescente";"Céu Claro";"Dupla";"Desvio Temporário";"Não";1;0;0;1;0;0;1;1;-9,76108283;-36,07103348;"SPRF-AL";"DEL02-AL";"UOP01-DEL02-AL"