"id";"data_inversa";"dia_semana";"horario";"uf";"br";"km";"municipio";"causa_acidente";"tipo_acidente";"classificacao_acidente";"fase_dia";"sentido_via";"condicao_metereologica";"tipo_pista";"tracado_via";"uso_solo";"pessoas";"mortos";"feridos_leves";"feridos_graves";"ilesos";"ignorados";"feridos";"veiculos";"latitude";"longitude";"regional";"delegacia";"uop"
347390;2021-03-21;"domingo";"12:10:00";"SP";116;561;"BARRA DO TURVO";"Curva acentuada";"Colisão com objeto";"Com Vítimas Feridas";"Pleno dia";"Crescente";"Céu Claro";"Dupla";"Curva";"Não";1;0;1;0;0;0;1;1;-25,02045097;-48,51586004;"SPRF-SP";"DEL05-SP";"UOP02-DEL05-SP"
347392;2021-03-21;"domingo";"12:30:00";"SE";101;93;"NOSSA SENHORA DO SOCORRO";"Acessar a via sem observar a presença dos outros veículos";"Colisão transversal";"Com Vítimas Feridas";"Pleno dia";"Crescente";"Sol";"Dupla";"Reta";"Sim";2;0;1;0;1;0;1;2;-10,90212319;-37,14494787;"SPRF-SE";"DEL01-SE";"UOP01-DEL01-SE"
347395;2021-03-21;"domingo";"13:25:00";"RS";116;153;"CAXIAS DO SUL";"Pista Escorregadia";"Saída de leito carroçável";"Com Vítimas Feridas";"Pleno dia";"Crescente";"Garoa/Chuvisco";"Dupla";"Curva";"Sim";4;0;3;0;1;0;3;1;-29,18579758;-51,17713005;"SPRF-RS";"DEL05-RS";"UOP01-DEL05-RS"
347397;2021-03-21;"domingo";"12:30:00";"PI";316;14,9;"TERESINA";"Manobra de mudança de faixa";"Colisão transversal";"Com Vítimas Feridas";"Pleno dia";"Decrescente";"Nublado";"Simples";"Interseção de Vias";"Não";2;0;2;0;0;0;2;2;-5,21837815;-42,75257727;"SPRF-PI";"DEL01-PI";"UOP02-DEL01-PI"
347398;2021-03-21;"domingo";"13:33:00";"PR";376;666;"GUARATUBA";"Velocidade Incompatível";"Tombamento";"Com Vítimas Feridas";"Pleno dia";"Decrescente";"Céu Claro";"Dupla";"Curva";"Não";2;0;1;1;0;0;2;1;-25,86037408;-48,95087256;"SPRF-PR";"DEL01-PR";"UOP04-DEL01-PR"
347399;2021-03-21;"domingo";"13:00:00";"PR";369;126,9;"JATAIZINHO";"Demais falhas mecânicas ou elétricas";"Incêndio";"Sem Vítimas";"Pleno dia";"Decrescente";"Sol";"Múltipla";"Reta";"Não";2;0;0;0;2;0;0;1;-23,2633779;-50,960499;"SPRF-PR";"DEL07-PR";"UOP01-DEL07-PR"
347400;2021-03-21;"domingo";"11:16:00";"PR";277;162;"PALMEIRA";"Ausência de reação do condutor";"Saída de leito carroçável";"Com Vítimas Feridas";"Pleno dia";"Decrescente";"Céu Claro";"Simples";"Reta";"Não";1;0;1;0;0;0;1;1;-25,47289;-49,895964;"SPRF-PR";"DEL01-PR";"UOP03-DEL03-PR"
347401;2021-03-21;"domingo";"11:30:00";"RJ";101;63;"CAMPOS DOS GOYTACAZES";"Condutor desrespeitou a iluminação vermelha do semáforo";"Colisão transversal";"Sem Vítimas";"Pleno dia";"Decrescente";"Céu Claro";"Simples";"Reta";"Não";2;0;0;0;2;0;0;2;-21,742022;-41,33021;"SPRF-RJ";"DEL08-RJ";"UOP01-DEL08-RJ"
347402;2021-03-21;"domingo";"10:10:00";"SC";282;468,4;"PONTE SERRADA";"Manobra de mudança de faixa";"Colisão traseira";"Com Vítimas Feridas";"Pleno dia";"Crescente";"Céu Claro";"Simples";"Reta;Declive;Interseção de Vias";"Não";8;0;8;0;0;0;8;2;-26,853588;-52,105446;"SPRF-SC";"DEL07-SC";"UOP04-DEL07-SC"
347403;2021-03-21;"domingo";"14:20:00";"GO";414;345,1;"COCALZINHO DE GOIAS";"Reação tardia ou ineficiente do condutor";"Saída de leito carroçável";"Com Vítimas Feridas";"Pleno dia";"Decrescente";"Nublado";"Simples";"Reta";"Não";3;0;1;2;0;0;3;1;-15,59892611;-48,64206382;"SPRF-GO";"DEL02-GO";"UOP01-DEL02-GO"
347404;2021-03-21;"domingo";"13:45:00";"GO";60;115;"TEREZOPOLIS DE GOIAS";"Ausência de reação do condutor";"Colisão lateral sentido oposto";"Sem Vítimas";"Pleno dia";"Crescente";"Céu Claro";"Dupla";"Reta";"Não";2;0;0;0;2;0;0;2;-16,4691;-49,0705;"SPRF-GO";"DEL01-GO";"UOP01-DEL01-GO"
347405;2021-03-21;"domingo";"13:32:00";"RJ";40;120;"DUQUE DE CAXIAS";"Demais falhas mecânicas ou elétricas";"Saída de leito carroçável";"Com Vítimas Feridas";"Pleno dia";"Crescente";"Sol";"Múltipla";"Reta";"Não";2;0;2;0;0;0;2;1;-22,77280597;-43,28626763;"SPRF-RJ";"DEL01-RJ";"UOP01-DEL01-RJ"
347406;2021-03-21;"domingo";"14:40:00";"SC";101;157,4;"PORTO BELO";"Ingestão de álcool pelo condutor";"Engavetamento";"Sem Vítimas";"Pleno dia";"Decrescente";"Nublado";"Dupla";"Reta";"Não";3;0;0;0;3;0;0;3;-27,181625;-48,6121179;"SPRF-SC";"DEL04-SC";"UOP03-DEL04-SC"
347407;2021-03-21;"domingo";"14:35:00";"PR";376;169;"MARINGA";"Ingestão de álcool pelo condutor";"Colisão transversal";"Com Vítimas Feridas";"Pleno dia";"Crescente";"Nublado";"Dupla";"Reta";"Não";2;0;1;0;1;0;1;2;-23,41293401;-51,98354301;"SPRF-PR";"DEL09-PR";"UOP01-DEL09-PR"
347408;2021-03-21;"domingo";"14:15:00";"MT";163;939;"ITAUBA";"Pista Escorregadia";"Saída de leito carroçável";"Com Vítimas Feridas";"Pleno dia";"Decrescente";"Chuva";"Simples";"Declive";"Não";2;0;1;1;0;0;2;1;-10,983188;-55,235041;"SPRF-MT";"DEL06-MT";"NPF/DEL06-MT"
347409;2021-03-21;"domingo";"11:25:00";"BA";407;4;"JUAZEIRO";"Transitar no acostamento";"Colisão transversal";"Sem Vítimas";"Pleno dia";"Crescente";"Céu Claro";"Simples";"Reta";"Sim";2;0;0;0;2;0;0;2;-9,43957495;-40,49433089;"SPRF-PE";"DEL06-PE";"UOP01-DEL06-PE"
347410;2021-03-21;"domingo";"15:10:00";"SC";101;284,5;"IMBITUBA";"Ausência de reação do condutor";"Colisão com objeto";"Com Vítimas Feridas";"Pleno dia";"Decrescente";"Céu Claro";"Múltipla";"Reta";"Não";1;0;1;0;0;0;1;1;-28,24130675;-48,70000072;"SPRF-SC";"DEL02-SC";"UOP03-DEL02-SC"
347412;2021-03-21;"domingo";"11:20:00";"MA";135;75;"SANTA RITA";"Reação tardia ou ineficiente do condutor";"Capotamento";"Com Vítimas Feridas";"Pleno dia";"Crescente";"Garoa/Chuvisco";"Simples";"Reta";"Não";2;0;1;1;0;0;2;1;-3,1813069;-44,34687119;"SPRF-MA";"DEL01-MA";"UOP02-DEL01-MA"
347413;2021-03-21;"domingo";"14:30:00";"RS";470;213;"BENTO GONCALVES";"Conversão proibida";"Colisão traseira";"Com Vítimas Feridas";"Pleno dia";"Crescente";"Nublado";"Simples";"Declive";"Não";2;0;1;0;1;0;1;2;-29,138703;-51,542708;"SPRF-RS";"DEL06-RS";"UOP01-DEL06-RS"
347414;2021-03-21;"domingo";"15:00:00";"SC";282;4;"FLORIANOPOLIS";"Entrada inopinada do pedestre";"Atropelamento de Pedestre";"Com Vítimas Feridas";"Pleno dia";"Crescente";"Céu Claro";"Dupla";"Reta";"Não";2;0;0;2;0;0;2;2;-27,592646;-48,604034;"SPRF-SC";"DEL01-SC";"UOP01-DEL01-SC"
347415;2021-03-21;"domingo";"15:00:00";"PR";116;125,4;"FAZENDA RIO GRANDE";"Entrada inopinada do pedestre";"Atropelamento de Pedestre";"Com Vítimas Fatais";"Pleno dia";"Crescente";"Sol";"Dupla";"Reta";"Sim";2;2;0;0;0;0;0;2;-25,63290017;-49,31344173;"SPRF-PR";"DEL01-PR";"UOP03-DEL01-PR"
347417;2021-03-21;"domingo";"14:25:00";"SC";101;89;"BARRA VELHA";"Velocidade Incompatível";"Tombamento";"Com Vítimas Feridas";"Pleno dia";"Decrescente";"Céu Claro";"Simples";"Reta";"Não";1;0;1;0;0;0;1;1;-26,65175997;-48,68721921;"SPRF-SC";"DEL03-SC";"UOP02-DEL03-SC"
347418;2021-03-21;"domingo";"15:45:00";"SC";101;57,8;"ARAQUARI";"Velocidade Incompatível";"Colisão com objeto";"Com Vítimas Feridas";"Pleno dia";"Crescente";"Nublado";"Dupla";"Aclive;Curva";"Não";1;0;0;1;0;0;1;1;-26,44106556;-48,80126953;"SPRF-SC";"DEL03-SC";"UOP01-DEL03-SC"
347419;2021-03-21;"domingo";"16:00:00";"PR";277;56;"SAO JOSE DOS PINHAIS";"Acumulo de areia ou detritos sobre o pavimento";"Queda de ocupante de veículo";"Com Vítimas Feridas";"Pleno dia";"Crescente";"Céu Claro";"Dupla";"Reta";"Não";1;0;0;1;0;0;1;1;-25,58612344;-48,95485311;"SPRF-PR";"DEL01-PR";"UOP05-DEL01-PR"
347420;2021-03-21;"domingo";"16:00:00";"CE";222;12;"CAUCAIA";"Entrada inopinada do pedestre";"Atropelamento de Pedestre";"Com Vítimas Feridas";"Pleno dia";"Decrescente";"Nublado";"Simples";"Reta";"Sim";2;0;0;1;1;0;1;2;-3,76479979;-38,66897196;"SPRF-CE";"DEL01-CE";"UOP01-DEL01-CE"
347421;2021-03-21;"domingo";"15:40:00";"ES";101;213;"IBIRACU";"Reação tardia ou ineficiente do condutor";"Colisão transversal";"Com Vítimas Feridas";"Pleno dia";"Decrescente";"Nublado";"Simples";"Reta";"Sim";3;0;2;0;1;0;2;2;-19,82352998;-40,36981894;"SPRF-ES";"DEL02-ES";"UOP01-DEL02-ES"
347423;2021-03-21;"domingo";"16:15:00";"GO";40;123;"CRISTALINA";"Ingestão de álcool pelo condutor";"Capotamento";"Com Vítimas Fatais";"Pleno dia";"Crescente";"Céu Claro";"Dupla";"Reta";"Não";1;1;0;0;0;0;0;1;-16,867442;-47,395855;"SPRF-DF";"DEL01-DF";"UOP02-DEL01-DF"
347424;2021-03-21;"domingo";"14:05:00";"SC";101;369;"ICARA";"Ausência de reação do condutor";"Saída de leito carroçável";"Com Vítimas Feridas";"Pleno dia";"Decrescente";"Sol";"Múltipla";"Reta";"Não";1;0;0;1;0;0;1;1;-28,69775604;-49,182934;"SPRF-SC";"DEL02-SC";"UOP01-DEL02-SC"
347425;2021-02-18;"quinta-feira";"15:15:00";"SC";101;213,6;"PALHOCA";"Velocidade Incompatível";"Colisão traseira";"Com Vítimas Feridas";"Pleno dia";"Decrescente";"Céu Claro";"Dupla";"Reta";"Sim";2;0;0;1;1;0;1;2;-27,63697369;-48,66514142;"SPRF-SC";"DEL01-SC";"UOP02-DEL01-SC"
347426;2021-03-21;"domingo";"16:50:00";"GO";40;4,4;"VALPARAISO DE GOIAS";"Manobra de mudança de faixa";"Colisão lateral mesmo sentido";"Com Vítimas Feridas";"Pleno dia";"Crescente";"Céu Claro";"Dupla";"Reta";"Sim";3;0;2;0;0;1;2;2;-16,085241;-47,986752;"SPRF-DF";"DEL01-DF";"UOP01-DEL01-DF"
347427;2021-03-21;"domingo";"14:55:00";"PR";163;246;"TOLEDO";"Acumulo de água sobre o pavimento";"Saída de leito carroçável";"Com Vítimas Feridas";"Pleno dia";"Decrescente";"Chuva";"Simples";"Reta";"Não";2;0;2;0;0;0;2;1;-24,717822;-53,711597;"SPRF-PR";"DEL06-PR";"UOP02-DEL06-PR"
347428;2021-03-21;"domingo";"16:30:00";"SC";101;272;"IMBITUBA";"Condutor deixou de manter distância do veículo da frente";"Colisão traseira";"Com Vítimas Feridas";"Pleno dia";"Decrescente";"Nublado";"Dupla";"Interseção de Vias";"Sim";3;0;2;0;1;0;2;2;-28,11780197;-48,69928995;"SPRF-SC";"DEL02-SC";"UOP03-DEL02-SC"
347429;2021-03-21;"domingo";"17:10:00";"PB";101;79;"SANTA RITA";"Ingestão de álcool pelo condutor";"Colisão com objeto";"Com Vítimas Feridas";"Anoitecer";"Crescente";"Céu Claro";"Dupla";"Curva";"Sim";1;0;0;1;0;0;1;1;-7,1147526;-34,95793891;"SPRF-PB";"DEL01-PB";"UOP04-DEL01-PB"
347430;2021-03-21;"domingo";"16:40:00";"MG";50;52,9;"ARAGUARI";"Acumulo de água sobre o pavimento";"Saída de leito carroçável";"Com Vítimas Feridas";"Pleno dia";"Decrescente";"Chuva";"Dupla";"Aclive;Reta";"Não";4;0;2;0;2;0;2;1;-18,75140135;-48,2369687;"SPRF-MG";"DEL15-MG";"UOP02-DEL15-MG"
347431;2021-03-21;"domingo";"16:30:00";"RJ";40;112;"DUQUE DE CAXIAS";"Demais falhas mecânicas ou elétricas";"Tombamento";"Com Vítimas Feridas";"Pleno dia";"Crescente";"Céu Claro";"Múltipla";"Reta";"Sim";2;0;2;0;0;0;2;1;-22,7004454;-43,29014851;"SPRF-RJ";"DEL01-RJ";"UOP01-DEL01-RJ"
347432;2021-03-21;"domingo";"17:00:00";"SP";153;41,8;"ONDA VERDE";"Desrespeitar a preferência no cruzamento";"Colisão transversal";"Com Vítimas Feridas";"Pleno dia";"Crescente";"Céu Claro";"Simples";"Rotatória;Retorno Regulamentado;Interseção de Vias";"Não";5;0;2;1;2;0;3;2;-20,62848304;-49,33623886;"SPRF-SP";"DEL09-SP";"UOP01-DEL09-SP"
347433;2021-03-21;"domingo";"17:20:00";"SC";470;66,7;"INDAIAL";"Ingestão de álcool pelo condutor";"Colisão com objeto";"Sem Vítimas";"Pleno dia";"Decrescente";"Nublado";"Simples";"Reta;Ponte";"Sim";1;0;0;0;1;0;0;1;-26,87116144;-49,22925966;"SPRF-SC";"DEL04-SC";"UOP01-DEL04-SC"
347434;2021-03-21;"domingo";"16:30:00";"GO";40;9,6;"LUZIANIA";"Condutor deixou de manter distância do veículo da frente";"Colisão traseira";"Sem Vítimas";"Pleno dia";"Crescente";"Sol";"Dupla";"Reta";"Sim";2;0;0;0;2;0;0;2;-16,1285099;-47,95980692;"SPRF-DF";"DEL01-DF";"UOP01-DEL01-DF"
347435;2021-03-21;"domingo";"17:05:00";"MG";40;682,4;"RESSAQUINHA";"Conversão proibida";"Colisão transversal";"Com Vítimas Feridas";"Pleno dia";"Crescente";"Céu Claro";"Simples";"Reta";"Não";2;0;2;0;0;0;2;2;-21,064576;-43,76633;"SPRF-MG";"DEL05-MG";"UOP02-DEL05-MG"
347437;2021-03-21;"domingo";"17:30:00";"RJ";356;82;"ITALVA";"Pista esburacada";"Tombamento";"Com Vítimas Feridas";"Anoitecer";"Crescente";"Céu Claro";"Simples";"Curva;Declive;Em Obras";"Não";7;0;1;0;5;1;1;4;-21,47159367;-41,67334666;"SPRF-RJ";"DEL08-RJ";"UOP03-DEL08-RJ"
347439;2021-03-21;"domingo";"17:35:00";"PB";230;11,8;"CABEDELO";"Acessar a via sem observar a presença dos outros veículos";"Colisão transversal";"Com Vítimas Fatais";"Anoitecer";"Crescente";"Nublado";"Dupla";"Reta";"Sim";2;1;1;0;0;0;1;2;-7,0689;-34,8499;"SPRF-PB";"DEL01-PB";"UOP01-DEL01-PB"
347440;2021-03-21;"domingo";"17:40:00";"BA";116;272;"TUCANO";"Demais falhas mecânicas ou elétricas";"Queda de ocupante de veículo";"Com Vítimas Feridas";"Anoitecer";"Crescente";"Céu Claro";"Simples";"Reta;Declive";"Não";2;0;1;1;0;0;2;1;-10,94688077;-38,80183376;"SPRF-BA";"DEL07-BA";"UOP02-DEL07-BA"
347441;2021-03-21;"domingo";"17:50:00";"MG";50;17;"ARAGUARI";"Ausência de reação do condutor";"Colisão com objeto";"Com Vítimas Feridas";"Anoitecer";"Crescente";"Nublado";"Dupla";"Curva";"Não";1;0;1;0;0;0;1;1;-18,56358502;-48,05639606;"SPRF-MG";"DEL15-MG";"UOP02-DEL15-MG"
347443;2021-03-21;"domingo";"18:30:00";"BA";116;28;"VITORIA DA CONQUISTA";"Ultrapassagem Indevida";"Colisão frontal";"Com Vítimas Fatais";"Plena Noite";"Crescente";"Nublado";"Simples";"Declive";"Não";2;1;0;0;1;0;0;2;-14,84033;-40,81812;"SPRF-BA";"DEL08-BA";"UOP01-DEL08-BA"
347444;2021-03-21;"domingo";"18:50:00";"SE";101;93;"NOSSA SENHORA DO SOCORRO";"Objeto estático sobre o leito carroçável";"Tombamento";"Com Vítimas Feridas";"Plena Noite";"Decrescente";"Céu Claro";"Dupla";"Curva";"Sim";2;0;2;0;0;0;2;1;-10,90212319;-37,14494787;"SPRF-SE";"DEL01-SE";"UOP01-DEL01-SE"
347446;2021-03-21;"domingo";"17:10:00";"SC";282;482,9;"FAXINAL DOS GUEDES";"Ingestão de álcool pelo condutor";"Saída de leito carroçável";"Com Vítimas Feridas";"Pleno dia";"Crescente";"Sol";"Simples";"Reta";"Não";1;0;1;0;0;0;1;1;-26,863995;-52,218864;"SPRF-SC";"DEL07-SC";"UOP01-DEL07-SC"
347447;2021-03-21;"domingo";"17:45:00";"SE";235;31,8;"AREIA BRANCA";"Velocidade Incompatível";"Queda de ocupante de veículo";"Com Vítimas Feridas";"Anoitecer";"Crescente";"Céu Claro";"Simples";"Reta";"Sim";2;0;1;0;1;0;1;1;-10,777317;-37,295372;"SPRF-SE";"DEL01-SE";"UOP02-DEL01-SE"
347449;2021-03-21;"domingo";"17:20:00";"PA";230;49;"SAO DOMINGOS DO ARAGUAIA";"Transitar na contramão";"Colisão frontal";"Com Vítimas Fatais";"Pleno dia";"Decrescente";"Chuva";"Simples";"Curva";"Não";3;1;0;0;2;0;0;2;-5,56404231;-48,54735013;"SPRF-PA";"DEL03-PA";"UOP01-DEL03-PA"
347450;2021-03-21;"domingo";"18:50:00";"PI";343;333,2;"TERESINA";"Ausência de reação do condutor";"Colisão traseira";"Com Vítimas Feridas";"Plena Noite";"Crescente";"Céu Claro";"Dupla";"Reta";"Não";3;0;1;1;0;1;2;2;-5,058209;-42,66679;"SPRF-PI";"DEL01-PI";"UOP01-DEL01-PI"
347454;2021-03-21;"domingo";"17:00:00";"SC";280;126,6;"RIO NEGRINHO";"Ingestão de álcool pelo condutor";"Colisão transversal";"Com Vítimas Feridas";"Pleno dia";"Crescente";"Céu Claro";"Simples";"Reta";"Não";4;0;0;1;3;0;1;2;-26,23779604;-49,49427399;"SPRF-SC";"DEL06-SC";"UOP03-DEL06-SC"
347455;2021-03-10;"quarta-feira";"05:00:00";"GO";153;506;"APARECIDA DE GOIANIA";"Chuva";"Queda de ocupante de veículo";"Com Vítimas Feridas";"Amanhecer";"Crescente";"Garoa/Chuvisco";"Dupla";"Reta";"Sim";1;0;1;0;0;0;1;1;-16,7633;-49,24;"SPRF-GO";"DEL01-GO";"UOP01-DEL01-GO"
347456;2021-03-21;"domingo";"19:22:00";"SP";381;81;"SAO PAULO";"Condutor deixou de manter distância do veículo da frente";"Colisão com objeto";"Com Vítimas Feridas";"Plena Noite";"Crescente";"Céu Claro";"Dupla";"Reta";"Sim";1;0;1;0;0;0;1;1;-23,41704481;-46,58022057;"SPRF-SP";"DEL03-SP";"UOP01-DEL03-SP"
347458;2021-03-09;"terça-feira";"06:40:00";"GO";153;505;"APARECIDA DE GOIANIA";"Estacionar ou parar em local proibido";"Colisão traseira";"Com Vítimas Feridas";"Pleno dia";"Decrescente";"Céu Claro";"Dupla";"Reta";"Sim";2;0;1;0;1;0;1;2;-16,7537;-49,2411;"SPRF-GO";"DEL01-GO";"UOP01-DEL01-GO"
347459;2021-03-21;"domingo";"18:50:00";"RN";406;149,6;"CEARA-MIRIM";"Transitar no acostamento";"Colisão transversal";"Com Vítimas Feridas";"Plena Noite";"Crescente";"Sol";"Simples";"Reta";"Sim";2;0;1;1;0;0;2;2;-5,6485583;-35,44127004;"SPRF-RN";"DEL02-RN";"UOP01-DEL02-RN"
347460;2021-03-21;"domingo";"19:45:00";"PE";101;68,1;"RECIFE";"Manobra de mudança de faixa";"Colisão lateral mesmo sentido";"Com Vítimas Feridas";"Plena Noite";"Crescente";"Céu Claro";"Dupla";"Declive;Viaduto";"Sim";6;0;2;0;4;0;2;2;-8,05074296;-34,94580619;"SPRF-PE";"DEL01-PE";"UOP01-DEL01-PE"
347461;2021-03-21;"domingo";"19:40:00";"SC";470;70,8;"INDAIAL";"Desrespeitar a preferência no cruzamento";"Colisão transversal";"Com Vítimas Feridas";"Plena Noite";"Decrescente";"Nublado";"Simples";"Reta";"Sim";2;0;1;0;1;0;1;2;-26,89463107;-49,26128983;"SPRF-SC";"DEL04-SC";"UOP01-DEL04-SC"
347463;2021-03-21;"domingo";"19:25:00";"RN";406;149,6;"CEARA-MIRIM";"Ausência de reação do condutor";"Colisão traseira";"Com Vítimas Feridas";"Plena Noite";"Decrescente";"Céu Claro";"Simples";"Reta";"Sim";2;0;1;0;1;0;1;2;-5,6485583;-35,44127004;"SPRF-RN";"DEL02-RN";"UOP01-DEL02-RN"
347464;2021-03-21;"domingo";"13:30:00";"SC";163;0,7;"DIONISIO CERQUEIRA";"Problema com o freio";"Saída de leito carroçável";"Com Vítimas Feridas";"Pleno dia";"Crescente";"Nublado";"Simples";"Declive";"Sim";2;0;2;0;0;0;2;1;-26,2613;-53,6206;"SPRF-SC";"DEL07-SC";"UOP03-DEL07-SC"
347466;2021-03-21;"domingo";"19:30:00";"PR";116;16;"CURITIBA";"Condutor deixou de manter distância do veículo da frente";"Colisão traseira";"Com Vítimas Feridas";"Plena Noite";"Crescente";"Nublado";"Dupla";"Reta";"Sim";2;0;1;0;0;1;1;2;-25,3874;-49,1774;"SPRF-PR";"DEL01-PR";"UOP02-DEL01-PR"
347467;2021-03-21;"domingo";"18:40:00";"RJ";116;190;"QUEIMADOS";"Ausência de sinalização";"Colisão traseira";"Com Vítimas Feridas";"Plena Noite";"Decrescente";"Nublado";"Dupla";"Curva";"Sim";6;0;5;0;1;0;5;2;-22,73465744;-43,55513692;"SPRF-RJ";"DEL01-RJ";"UOP02-DEL01-RJ"
347469;2021-03-21;"domingo";"18:45:00";"PR";369;504,4;"CORBELIA";"Acessar a via sem observar a presença dos outros veículos";"Colisão lateral mesmo sentido";"Com Vítimas Feridas";"Amanhecer";"Decrescente";"Céu Claro";"Simples";"Reta";"Sim";1;0;0;1;0;0;1;1;-24,82442431;-53,29757452;"SPRF-PR";"DEL09-PR";"UOP03-DEL09-PR"
347470;2021-03-21;"domingo";"20:05:00";"MG";262;870,2;"CAMPO FLORIDO";"Condutor Dormindo";"Saída de leito carroçável";"Com Vítimas Feridas";"Plena Noite";"Decrescente";"Céu Claro";"Dupla";"Reta";"Não";1;0;1;0;0;0;1;1;-19,77587187;-48,46640595;"SPRF-MG";"DEL13-MG";"UOP01-DEL13-MG"
347471;2021-03-21;"domingo";"20:00:00";"MA";316;420,7;"PERITORO";"Velocidade Incompatível";"Saída de leito carroçável";"Sem Vítimas";"Plena Noite";"Crescente";"Nublado";"Simples";"Reta";"Não";1;0;0;0;0;1;0;1;-4,351473;-44,371437;"SPRF-MA";"DEL03-MA";"UOP01-DEL03-MA"
347472;2021-03-21;"domingo";"20:15:00";"PR";376;3,6;"APUCARANA";"Pedestre cruzava a pista fora da faixa";"Atropelamento de Pedestre";"Com Vítimas Feridas";"Plena Noite";"Crescente";"Céu Claro";"Simples";"Reta";"Sim";2;0;1;0;1;0;1;2;-23,5513;-51,461266;"SPRF-PR";"DEL07-PR";"UOP03-DEL07-PR"
347473;2021-03-21;"domingo";"19:50:00";"RS";153;39,5;"ERECHIM";"Ingestão de álcool pelo condutor";"Colisão transversal";"Com Vítimas Feridas";"Plena Noite";"Crescente";"Nublado";"Simples";"Reta";"Não";2;0;0;1;1;0;1;2;-27,58082872;-52,22808233;"SPRF-RS";"DEL08-RS";"UOP04-DEL08-RS"
347474;2021-03-21;"domingo";"17:40:00";"RJ";101;454;"MANGARATIBA";"Velocidade Incompatível";"Colisão lateral mesmo sentido";"Sem Vítimas";"Amanhecer";"Decrescente";"Céu Claro";"Simples";"Curva";"Não";2;0;0;0;2;0;0;2;-23,0340287;-44,15061917;"SPRF-RJ";"DEL03-RJ";"UOP03-DEL03-RJ"
347475;2021-03-21;"domingo";"20:00:00";"MG";381;492;"BETIM";"Velocidade Incompatível";"Colisão traseira";"Com Vítimas Feridas";"Plena Noite";"Crescente";"Céu Claro";"Dupla";"Reta";"Sim";2;0;1;0;1;0;1;2;-19,97490091;-44,19004301;"SPRF-MG";"DEL01-MG";"UOP03-DEL01-MG"
347476;2021-03-21;"domingo";"18:48:00";"MT";163;687;"LUCAS DO RIO VERDE";"Acessar a via sem observar a presença dos outros veículos";"Colisão transversal";"Com Vítimas Feridas";"Plena Noite";"Decrescente";"Céu Claro";"Simples";"Reta";"Sim";3;0;0;1;2;0;1;2;-13,18354788;-55,98612126;"SPRF-MT";"DEL06-MT";"UOP01-DEL06-MT"
347477;2021-03-21;"domingo";"19:50:00";"DF";70;1;"BRASILIA";"Ingestão de álcool pelo condutor";"Colisão traseira";"Com Vítimas Feridas";"Plena Noite";"Crescente";"Céu Claro";"Dupla";"Reta";"Sim";3;0;1;0;2;0;1;2;-15,795264;-48,063801;"SPRF-DF";"DEL03-DF";"UOP02-DEL03-DF"
347478;2021-03-21;"domingo";"11:04:00";"RJ";101;434;"MANGARATIBA";"Acumulo de areia ou detritos sobre o pavimento";"Tombamento";"Com Vítimas Feridas";"Pleno dia";"Crescente";"Céu Claro";"Simples";"Reta";"Não";1;0;1;0;0;0;1;1;-22,93724723;-44,04629489;"SPRF-RJ";"DEL03-RJ";"UOP03-DEL03-RJ"
347480;2021-03-21;"domingo";"20:50:00";"RJ";356;148,5;"CAMPOS DOS GOYTACAZES";"Acessar a via sem observar a presença dos outros veículos";"Colisão transversal";"Com Vítimas Feridas";"Plena Noite";"Crescente";"Céu Claro";"Simples";"Reta";"Sim";3;0;1;1;1;0;2;2;-21,77876606;-41,29048496;"SPRF-RJ";"DEL08-RJ";"UOP02-DEL08-RJ"
347482;2021-03-21;"domingo";"17:20:00";"MS";163;505;"JARAGUARI";"Chuva";"Colisão com objeto";"Com Vítimas Feridas";"Anoitecer";"Decrescente";"Chuva";"Dupla";"Reta";"Não";2;0;1;0;1;0;1;1;-20,279328;-54,49198;"SPRF-MS";"DEL01-MS";"UOP02-DEL01-MS"
347483;2021-03-21;"domingo";"20:20:00";"PR";0;0;"CASCAVEL";"Reação tardia ou ineficiente do condutor";"Saída de leito carroçável";"Com Vítimas Feridas";"Plena Noite";"Não Informado";"Céu Claro";"Simples";"Curva";"Não";2;0;2;0;0;0;2;1;-24,94066433;-53,39799643;"SPRF-PR";"DEL04-PR";"UOP01-DEL04-PR"
347485;2021-03-21;"domingo";"20:55:00";"MG";40;622;"CONSELHEIRO LAFAIETE";"Condutor deixou de manter distância do veículo da frente";"Colisão traseira";"Sem Vítimas";"Plena Noite";"Decrescente";"Céu Claro";"Simples";"Reta";"Não";2;0;0;0;2;0;0;2;-20,601595;-43,806641;"SPRF-MG";"DEL05-MG";"UOP02-DEL05-MG"
347488;2021-03-21;"domingo";"21:00:00";"PR";277;78;"CURITIBA";"Entrada inopinada do pedestre";"Atropelamento de Pedestre";"Com Vítimas Feridas";"Plena Noite";"Crescente";"Nublado";"Dupla";"Viaduto";"Sim";2;0;0;1;0;1;1;2;-25,48621048;-49,18536186;"SPRF-PR";"DEL01-PR";"UOP01-DEL01-PR"
347489;2021-03-21;"domingo";"21:20:00";"SP";153;51,8;"SAO JOSE DO RIO PRETO";"Ingestão de álcool pelo condutor";"Saída de leito carroçável";"Com Vítimas Feridas";"Plena Noite";"Crescente";"Céu Claro";"Simples";"Reta";"Sim";1;0;1;0;0;0;1;1;-20,71801801;-49,33874223;"SPRF-SP";"DEL09-SP";"UOP01-DEL09-SP"