"id";"data_inversa";"dia_semana";"horario";"uf";"br";"km";"municipio";"causa_acidente";"tipo_acidente";"classificacao_acidente";"fase_dia";"sentido_via";"condicao_metereologica";"tipo_pista";"tracado_via";"uso_solo";"pessoas";"mortos";"feridos_leves";"feridos_graves";"ilesos";"ignorados";"feridos";"veiculos";"latitude";"longitude";"regional";"delegacia";"uop"
347490;2021-03-21;"domingo";"18:50:00";"MG";262;31,3;"REDUTO";"Reação tardia ou ineficiente do condutor";"Colisão traseira";"Com Vítimas Feridas";"Plena Noite";"Crescente";"Nublado";"Simples";"Reta";"Não";2;0;1;0;1;0;1;2;-20,2532742;-41,992629;"SPRF-MG";"DEL06-MG";"UOP03-DEL06-MG"
347493;2021-03-21;"domingo";"18:45:00";"CE";222;102;"UMIRIM";"Trafegar com motocicleta (ou similar) entre as faixas";"Colisão frontal";"Sem Vítimas";"Plena Noite";"Crescente";"Nublado";"Simples";"Reta";"Não";1;0;0;0;0;1;0;1;-3,73848958;-39,43555355;"SPRF-CE";"DEL04-CE";"UOP03-DEL04-CE"
347494;2021-03-21;"domingo";"19:50:00";"RJ";101;412;"ITAGUAI";"Pedestre andava na pista";"Atropelamento de Pedestre";"Com Vítimas Fatais";"Plena Noite";"Decrescente";"Céu Claro";"Dupla";"Reta";"Sim";3;1;0;0;2;0;0;2;-22,89720365;-43,85639217;"SPRF-RJ";"DEL03-RJ";"UOP01-DEL03-RJ"
347495;2021-03-21;"domingo";"22:10:00";"RJ";116;190;"QUEIMADOS";"Ingestão de álcool pelo condutor";"Colisão traseira";"Sem Vítimas";"Plena Noite";"Crescente";"Céu Claro";"Dupla";"Reta";"Sim";3;0;0;0;3;0;0;3;-22,74123776;-43,5007311;"SPRF-RJ";"DEL01-RJ";"UOP02-DEL01-RJ"
347496;2021-03-21;"domingo";"20:30:00";"CE";222;310;"TIANGUA";"Ingestão de álcool pelo condutor";"Colisão transversal";"Sem Vítimas";"Pleno dia";"Decrescente";"Nublado";"Simples";"Reta";"Sim";2;0;0;0;2;0;0;2;-3,70670595;-40,97707006;"SPRF-CE";"DEL04-CE";"UOP02-DEL04-CE"
347497;2021-03-21;"domingo";"21:10:00";"PR";116;10;"COLOMBO";"Condutor deixou de manter distância do veículo da frente";"Colisão traseira";"Com Vítimas Feridas";"Plena Noite";"Crescente";"Nublado";"Dupla";"Reta";"Sim";4;0;1;0;3;0;1;2;-25,3719;-49,134;"SPRF-PR";"DEL01-PR";"UOP02-DEL01-PR"
347498;2021-03-21;"domingo";"19:00:00";"RJ";116;296;"PORTO REAL";"Ausência de reação do condutor";"Tombamento";"Com Vítimas Feridas";"Plena Noite";"Crescente";"Céu Claro";"Dupla";"Reta";"Não";1;0;0;1;0;0;1;1;-22,45228342;-44,36210632;"SPRF-RJ";"DEL07-RJ";"UOP02-DEL07-RJ"
347499;2021-03-21;"domingo";"20:50:00";"PR";376;343;"ORTIGUEIRA";"Ausência de reação do condutor";"Queda de ocupante de veículo";"Sem Vítimas";"Plena Noite";"Crescente";"Céu Claro";"Simples";"Declive";"Não";1;0;0;0;1;0;0;1;-24,19556913;-50,95456314;"SPRF-PR";"DEL07-PR";"UOP02-DEL07-PR"
347504;2021-03-21;"domingo";"19:10:00";"SC";282;553,4;"NOVA ITABERABA";"Ingestão de álcool pelo condutor";"Capotamento";"Com Vítimas Feridas";"Plena Noite";"Crescente";"Céu Claro";"Simples";"Reta";"Não";1;0;1;0;0;0;1;1;-26,93815;-52,791916;"SPRF-SC";"DEL07-SC";"UOP01-DEL07-SC"
347507;2021-03-21;"domingo";"22:30:00";"GO";60;38,3;"GOIANIA";"Transitar na contramão";"Colisão frontal";"Sem Vítimas";"Plena Noite";"Decrescente";"Céu Claro";"Dupla";"Rotatória";"Sim";2;0;0;0;2;0;0;2;-16,74784971;-49,3421353;"SPRF-GO";"DEL01-GO";"UOP02-DEL01-GO"
347509;2021-03-21;"domingo";"23:00:00";"RS";468;3;"PALMEIRA DAS MISSOES";"Ingestão de álcool pelo condutor";"Saída de leito carroçável";"Com Vítimas Feridas";"Plena Noite";"Decrescente";"Céu Claro";"Simples";"Curva";"Não";2;0;2;0;0;0;2;1;-27,86669904;-53,3309412;"SPRF-RS";"DEL08-RS";"UOP01-DEL08-RS"
347513;2021-03-21;"domingo";"20:31:00";"AL";110;9,8;"DELMIRO GOUVEIA";"Condutor Dormindo";"Colisão com objeto";"Com Vítimas Feridas";"Plena Noite";"Decrescente";"Céu Claro";"Simples";"Curva";"Não";1;0;0;1;0;0;1;1;-9,37091;-38,17610798;"SPRF-BA";"DEL07-BA";"UOP01-DEL07-BA"
347514;2021-03-21;"domingo";"16:05:00";"PI";343;266,8;"CAMPO MAIOR";"Reação tardia ou ineficiente do condutor";"Tombamento";"Com Vítimas Feridas";"Pleno dia";"Crescente";"Céu Claro";"Simples";"Aclive";"Sim";1;0;0;1;0;0;1;1;-4,83580254;-42,18015259;"SPRF-PI";"DEL01-PI";"UOP03-DEL01-PI"
347516;2021-03-21;"domingo";"19:10:00";"PI";343;281,1;"CAMPO MAIOR";"Reação tardia ou ineficiente do condutor";"Saída de leito carroçável";"Com Vítimas Feridas";"Plena Noite";"Crescente";"Nublado";"Simples";"Reta";"Não";3;0;3;0;0;0;3;2;-4,921962;-42,269806;"SPRF-PI";"DEL01-PI";"UOP03-DEL01-PI"
347517;2021-03-22;"segunda-feira";"01:50:00";"RJ";116;167;"RIO DE JANEIRO";"Demais falhas mecânicas ou elétricas";"Colisão traseira";"Com Vítimas Feridas";"Plena Noite";"Crescente";"Céu Claro";"Dupla";"Reta";"Sim";2;0;1;0;1;0;1;2;-22,81803977;-43,30787252;"SPRF-RJ";"DEL01-RJ";"UOP01-DEL01-RJ"
347519;2021-03-21;"domingo";"19:13:00";"RO";364;425;"JARU";"Acessar a via sem observar a presença dos outros veículos";"Colisão lateral mesmo sentido";"Com Vítimas Feridas";"Plena Noite";"Crescente";"Céu Claro";"Dupla";"Reta";"Sim";2;0;1;0;1;0;1;2;-10,43752488;-62,47169791;"SPRF-RO";"DEL03-RO";"UOP02-DEL03-RO"
347520;2021-03-22;"segunda-feira";"01:20:00";"PR";376;592;"CURITIBA";"Velocidade Incompatível";"Saída de leito carroçável";"Sem Vítimas";"Plena Noite";"Crescente";"Nublado";"Dupla";"Reta";"Sim";1;0;0;0;0;1;0;1;-25,46833525;-49,35524543;"SPRF-PR";"DEL01-PR";"UOP01-DEL01-PR"
347521;2021-03-22;"segunda-feira";"00:30:00";"MT";163;793;"VERA";"Pista Escorregadia";"Tombamento";"Sem Vítimas";"Plena Noite";"Crescente";"Chuva";"Simples";"Declive";"Não";1;0;0;0;0;1;0;1;-12,34494493;-55,59456215;"SPRF-MT";"DEL06-MT";"UOP01-DEL06-MT"
347524;2021-03-22;"segunda-feira";"05:20:00";"PE";232;116;"CARUARU";"Animais na Pista";"Colisão com objeto";"Com Vítimas Feridas";"Amanhecer";"Decrescente";"Céu Claro";"Dupla";"Reta;Declive";"Sim";4;0;2;0;2;0;2;1;-8,2970005;-35,86666391;"SPRF-PE";"DEL02-PE";"UOP03-DEL02-PE"
347525;2021-03-22;"segunda-feira";"05:15:00";"RJ";116;172;"SAO JOAO DE MERITI";"Frear bruscamente";"Colisão com objeto";"Com Vítimas Feridas";"Pleno dia";"Decrescente";"Céu Claro";"Dupla";"Reta";"Sim";1;0;1;0;0;0;1;1;-22,79359075;-43,36578369;"SPRF-RJ";"DEL01-RJ";"UOP02-DEL01-RJ"
347528;2021-03-22;"segunda-feira";"05:15:00";"RJ";116;140;"DUQUE DE CAXIAS";"Manobra de mudança de faixa";"Saída de leito carroçável";"Com Vítimas Feridas";"Amanhecer";"Crescente";"Céu Claro";"Dupla";"Reta";"Sim";3;0;2;0;0;1;2;2;-22,64782431;-43,2156162;"SPRF-RJ";"DEL01-RJ";"UOP01-DEL01-RJ"
347529;2021-03-21;"domingo";"20:30:00";"BA";101;464,4;"URUCUCA";"Velocidade Incompatível";"Saída de leito carroçável";"Com Vítimas Fatais";"Plena Noite";"Decrescente";"Chuva";"Simples";"Reta";"Não";2;1;1;0;0;0;1;1;-14,66796164;-39,35371399;"SPRF-BA";"DEL05-BA";"UOP01-DEL05-BA"
347530;2021-03-21;"domingo";"20:50:00";"MA";10;321,5;"ACAILANDIA";"Ultrapassagem Indevida";"Colisão lateral sentido oposto";"Com Vítimas Feridas";"Plena Noite";"Decrescente";"Céu Claro";"Simples";"Reta";"Sim";2;0;1;0;0;1;1;2;-4,943377;-47,503078;"SPRF-MA";"DEL04-MA";"UOP03-DEL04-MA"
347534;2021-03-22;"segunda-feira";"07:00:00";"SE";235;6;"NOSSA SENHORA DO SOCORRO";"Chuva";"Colisão traseira";"Com Vítimas Feridas";"Pleno dia";"Decrescente";"Chuva";"Dupla";"Reta";"Sim";4;0;2;0;2;0;2;4;-10,903851;-37,128677;"SPRF-SE";"DEL01-SE";"UOP01-DEL01-SE"
347535;2021-03-21;"domingo";"21:00:00";"BA";407;121;"SENHOR DO BONFIM";"Deficiência do Sistema de Iluminação/Sinalização";"Colisão traseira";"Com Vítimas Feridas";"Plena Noite";"Decrescente";"Céu Claro";"Simples";"Declive";"Não";2;0;0;1;0;1;1;2;-10,41234797;-40,1832681;"SPRF-BA";"DEL04-BA";"UOP01-DEL04-BA"
347536;2021-03-22;"segunda-feira";"06:15:00";"GO";60;97;"ANAPOLIS";"Reação tardia ou ineficiente do condutor";"Tombamento";"Com Vítimas Feridas";"Pleno dia";"Decrescente";"Céu Claro";"Dupla";"Reta";"Sim";1;0;1;0;0;0;1;1;-16,3774;-48,9483;"SPRF-GO";"DEL02-GO";"UOP01-DEL02-GO"
347537;2021-03-22;"segunda-feira";"07:15:00";"PR";153;330,1;"IRATI";"Acessar a via sem observar a presença dos outros veículos";"Colisão transversal";"Com Vítimas Feridas";"Pleno dia";"Decrescente";"Nublado";"Dupla";"Reta";"Sim";2;0;1;0;1;0;1;2;-25,4564038;-50,620304;"SPRF-PR";"DEL03-PR";"UOP03-DEL03-PR"
347538;2021-03-22;"segunda-feira";"07:10:00";"GO";40;7;"VALPARAISO DE GOIAS";"Trafegar com motocicleta (ou similar) entre as faixas";"Colisão traseira";"Com Vítimas Feridas";"Pleno dia";"Decrescente";"Céu Claro";"Dupla";"Reta";"Sim";2;0;1;0;1;0;1;2;-16,108482;-47,972524;"SPRF-DF";"DEL01-DF";"UOP01-DEL01-DF"
347539;2021-03-06;"sábado";"22:30:00";"PR";277;78,9;"CURITIBA";"Ausência de reação do condutor";"Colisão lateral mesmo sentido";"Sem Vítimas";"Plena Noite";"Crescente";"Céu Claro";"Dupla";"Reta";"Sim";3;0;0;0;2;1;0;3;-25,4557498;-49,2511995;"SPRF-PR";"DEL01-PR";"UOP01-DEL01-PR"
347541;2021-03-22;"segunda-feira";"07:31:00";"DF";70;6;"BRASILIA";"Velocidade Incompatível";"Engavetamento";"Sem Vítimas";"Amanhecer";"Decrescente";"Céu Claro";"Dupla";"Reta";"Sim";3;0;0;0;3;0;0;3;-15,791242;-48,105759;"SPRF-DF";"DEL03-DF";"UOP02-DEL03-DF"
347542;2021-03-22;"segunda-feira";"02:40:00";"PI";230;193;"OEIRAS";"Velocidade Incompatível";"Tombamento";"Com Vítimas Fatais";"Plena Noite";"Decrescente";"Chuva";"Simples";"Reta";"Não";1;1;0;0;0;0;0;1;-6,99024993;-42,09712204;"SPRF-PI";"DEL04-PI";"UOP01-DEL04-PI"
347544;2021-01-17;"domingo";"03:10:00";"PB";101;81;"SANTA RITA";"Condutor Dormindo";"Colisão com objeto";"Com Vítimas Feridas";"Pleno dia";"Crescente";"Céu Claro";"Simples";"Curva";"Sim";1;0;0;1;0;0;1;1;-7,12508575;-34,94513217;"SPRF-PB";"DEL01-PB";"UOP01-DEL01-PB"
347546;2021-01-18;"segunda-feira";"17:35:00";"PB";230;292,3;"SANTA LUZIA";"Ausência de reação do condutor";"Colisão lateral";"Com Vítimas Feridas";"Anoitecer";"Crescente";"Sol";"Simples";"Reta";"Sim";2;0;0;1;1;0;1;2;-6,8684;-36,9222;"SPRF-PB";"DEL03-PB";"UOP01-DEL03-PB"
347548;2021-03-22;"segunda-feira";"07:00:00";"ES";101;138;"LINHARES";"Ausência de reação do condutor";"Queda de ocupante de veículo";"Com Vítimas Feridas";"Pleno dia";"Crescente";"Céu Claro";"Dupla";"Reta";"Não";1;0;1;0;0;0;1;1;-19,30186109;-40,08371726;"SPRF-ES";"DEL04-ES";"UOP01-DEL04-ES"
347549;2021-03-22;"segunda-feira";"07:40:00";"RN";101;96;"NATAL";"Condutor deixou de manter distância do veículo da frente";"Colisão traseira";"Com Vítimas Feridas";"Pleno dia";"Decrescente";"Chuva";"Múltipla";"Reta";"Sim";3;0;1;0;2;0;1;2;-5,84949622;-35,20890752;"SPRF-RN";"DEL01-RN";"UOP01-DEL01-RN"
347551;2021-03-22;"segunda-feira";"08:15:00";"SC";101;186;"BIGUACU";"Velocidade Incompatível";"Colisão com objeto";"Com Vítimas Feridas";"Pleno dia";"Crescente";"Garoa/Chuvisco";"Dupla";"Curva";"Não";2;0;1;0;1;0;1;1;-27,4341098;-48,62567129;"SPRF-SC";"DEL01-SC";"UOP01-DEL01-SC"
347553;2021-02-24;"quarta-feira";"19:00:00";"TO";153;245;"COLINAS DO TOCANTINS";"Transitar na contramão";"Colisão frontal";"Com Vítimas Feridas";"Amanhecer";"Decrescente";"Céu Claro";"Simples";"Reta";"Sim";2;0;0;1;1;0;1;2;-8,038621;-48,466015;"SPRF-TO";"DEL02-TO";"UOP02-DEL02-TO"
347554;2021-03-22;"segunda-feira";"08:20:00";"SC";101;210;"SAO JOSE";"Manobra de mudança de faixa";"Queda de ocupante de veículo";"Com Vítimas Feridas";"Pleno dia";"Decrescente";"Céu Claro";"Dupla";"Em Obras";"Sim";1;0;1;0;0;0;1;1;-27,6167305;-48,6457265;"SPRF-SC";"DEL01-SC";"UOP01-DEL01-SC"
347556;2021-03-22;"segunda-feira";"08:40:00";"CE";20;194,9;"BOA VIAGEM";"Acessar a via sem observar a presença dos outros veículos";"Colisão transversal";"Com Vítimas Fatais";"Pleno dia";"Decrescente";"Céu Claro";"Simples";"Declive";"Não";3;2;0;0;1;0;0;2;-5,1934254;-39,78256884;"SPRF-CE";"DEL02-CE";"UOP02-DEL02-CE"
347559;2021-03-22;"segunda-feira";"07:30:00";"ES";482;50;"CACHOEIRO DE ITAPEMIRIM";"Velocidade Incompatível";"Tombamento";"Com Vítimas Feridas";"Pleno dia";"Crescente";"Céu Claro";"Simples";"Curva";"Não";2;0;0;2;0;0;2;1;-20,770369;-41,280642;"SPRF-ES";"DEL03-ES";"UOP02-DEL03-ES"
347560;2021-03-22;"segunda-feira";"07:50:00";"MT";163;30;"ITIQUIRA";"Demais falhas mecânicas ou elétricas";"Saída de leito carroçável";"Com Vítimas Feridas";"Pleno dia";"Crescente";"Céu Claro";"Dupla";"Reta";"Não";2;0;2;0;0;0;2;1;-17,25348997;-54,76218738;"SPRF-MT";"DEL02-MT";"UOP01-DEL02-MT"
347561;2021-03-22;"segunda-feira";"08:45:00";"MS";163;78,8;"ITAQUIRAI";"Condutor deixou de manter distância do veículo da frente";"Colisão lateral mesmo sentido";"Com Vítimas Feridas";"Pleno dia";"Crescente";"Sol";"Simples";"Reta";"Sim";4;0;2;2;0;0;4;2;-23,47441924;-54,18829399;"SPRF-MS";"DEL09-MS";"UOP01-DEL09-MS"
347565;2021-03-22;"segunda-feira";"08:15:00";"RJ";393;252;"BARRA DO PIRAI";"Acessar a via sem observar a presença dos outros veículos";"Colisão transversal";"Com Vítimas Feridas";"Pleno dia";"Crescente";"Céu Claro";"Simples";"Rotatória";"Não";2;0;1;0;1;0;1;2;-22,43422023;-43,77561487;"SPRF-RJ";"DEL05-RJ";"UOP04-DEL05-RJ"
347568;2021-01-26;"terça-feira";"07:56:00";"PR";376;3;"APUCARANA";"Ausência de reação do condutor";"Tombamento";"Com Vítimas Feridas";"Pleno dia";"Crescente";"Sol";"Simples";"Reta";"Sim";1;0;1;0;0;0;1;1;-23,55426057;-51,44542029;"SPRF-PR";"DEL07-PR";"UOP03-DEL07-PR"
347569;2021-03-22;"segunda-feira";"10:15:00";"MG";40;531;"BELO HORIZONTE";"Transitar na contramão";"Colisão frontal";"Com Vítimas Feridas";"Pleno dia";"Decrescente";"Céu Claro";"Dupla";"Reta";"Sim";2;0;1;0;1;0;1;2;-19,91962483;-44,02522683;"SPRF-MG";"DEL01-MG";"UOP02-DEL01-MG"
347570;2021-03-22;"segunda-feira";"10:30:00";"SP";116;74,9;"APARECIDA";"Avarias e/ou desgaste excessivo no pneu";"Tombamento";"Com Vítimas Feridas";"Pleno dia";"Decrescente";"Céu Claro";"Dupla";"Reta";"Não";3;0;2;0;0;1;2;2;-22,87353809;-45,25320023;"SPRF-SP";"DEL08-SP";"UOP01-DEL08-SP"
347573;2021-03-22;"segunda-feira";"06:38:00";"RJ";101;324;"NITEROI";"Condutor deixou de manter distância do veículo da frente";"Colisão lateral mesmo sentido";"Com Vítimas Feridas";"Pleno dia";"Decrescente";"Céu Claro";"Dupla";"Reta";"Não";2;0;0;1;0;1;1;2;-22,87381074;-43,12640997;"SPRF-RJ";"DEL02-RJ";"UOP02-DEL02-RJ"
347574;2021-03-22;"segunda-feira";"11:10:00";"GO";50;115,9;"CRISTALINA";"Condutor Dormindo";"Saída de leito carroçável";"Com Vítimas Feridas";"Pleno dia";"Decrescente";"Sol";"Dupla";"Reta";"Não";2;0;1;0;1;0;1;1;-16,9309;-47,7117;"SPRF-DF";"DEL01-DF";"UOP02-DEL01-DF"
347577;2021-03-22;"segunda-feira";"11:20:00";"ES";101;146;"LINHARES";"Condutor deixou de manter distância do veículo da frente";"Colisão traseira";"Com Vítimas Feridas";"Pleno dia";"Decrescente";"Nublado";"Dupla";"Reta";"Sim";2;0;1;0;1;0;1;2;-19,36990998;-40,06560718;"SPRF-ES";"DEL04-ES";"UOP01-DEL04-ES"
347580;2021-03-22;"segunda-feira";"11:30:00";"SP";381;26,5;"BRAGANCA PAULISTA";"Velocidade Incompatível";"Colisão traseira";"Sem Vítimas";"Pleno dia";"Decrescente";"Céu Claro";"Dupla";"Reta";"Sim";2;0;0;0;2;0;0;2;-23,02691635;-46,53599381;"SPRF-SP";"DEL03-SP";"UOP01-DEL03-SP"
347584;2021-02-06;"sábado";"12:35:00";"GO";40;12;"LUZIANIA";"Acessar a via sem observar a presença dos outros veículos";"Colisão transversal";"Com Vítimas Feridas";"Pleno dia";"Decrescente";"Nublado";"Dupla";"Reta";"Sim";3;0;1;0;1;1;1;3;-16,145123;-47,945382;"SPRF-DF";"DEL01-DF";"UOP01-DEL01-DF"
347585;2021-03-22;"segunda-feira";"11:30:00";"BA";330;813;"JITAUNA";"Demais falhas mecânicas ou elétricas";"Incêndio";"Sem Vítimas";"Pleno dia";"Crescente";"Céu Claro";"Simples";"Reta";"Sim";1;0;0;0;1;0;0;1;-14,00984943;-39,89588438;"SPRF-BA";"DEL03-BA";"UOP01-DEL03-BA"
347586;2021-03-22;"segunda-feira";"10:30:00";"AL";424;107;"MARECHAL DEODORO";"Reação tardia ou ineficiente do condutor";"Saída de leito carroçável";"Com Vítimas Feridas";"Pleno dia";"Crescente";"Céu Claro";"Simples";"Curva";"Não";1;0;1;0;0;0;1;1;-9,6924748;-35,81611633;"SPRF-AL";"DEL02-AL";"UOP01-DEL02-AL"
347587;2021-03-22;"segunda-feira";"12:00:00";"SP";381;81;"SAO PAULO";"Manobra de mudança de faixa";"Colisão com objeto";"Com Vítimas Feridas";"Pleno dia";"Crescente";"Céu Claro";"Dupla";"Curva";"Sim";1;0;1;0;0;0;1;1;-23,42127453;-46,57773972;"SPRF-SP";"DEL03-SP";"UOP01-DEL03-SP"
347588;2021-03-22;"segunda-feira";"12:45:00";"RN";226;0;"NATAL";"Estacionar ou parar em local proibido";"Colisão com objeto";"Com Vítimas Feridas";"Pleno dia";"Crescente";"Nublado";"Simples";"Declive";"Sim";2;0;2;0;0;0;2;2;-5,800019;-35,238174;"SPRF-RN";"DEL01-RN";"UOP02-DEL01-RN"
347591;2021-03-22;"segunda-feira";"12:30:00";"RS";158;386,6;"DILERMANDO DE AGUIAR";"Falta de elemento de contenção que evite a saída do leito carroçável";"Saída de leito carroçável";"Com Vítimas Feridas";"Pleno dia";"Crescente";"Céu Claro";"Simples";"Curva";"Não";1;0;1;0;0;0;1;1;-29,91252896;-54,30863377;"SPRF-RS";"DEL09-RS";"UOP01-DEL09-RS"
347592;2021-02-03;"quarta-feira";"06:40:00";"SC";280;66;"JARAGUA DO SUL";"Acessar a via sem observar a presença dos outros veículos";"Colisão transversal";"Com Vítimas Feridas";"Amanhecer";"Crescente";"Céu Claro";"Simples";"Reta";"Não";2;0;1;0;1;0;1;2;-26,47606607;-49,09568797;"SPRF-SC";"DEL03-SC";"UOP03-DEL03-SC"
347593;2021-03-22;"segunda-feira";"13:05:00";"MS";163;258;"DOURADOS";"Reação tardia ou ineficiente do condutor";"Tombamento";"Com Vítimas Feridas";"Pleno dia";"Crescente";"Céu Claro";"Dupla";"Rotatória";"Sim";1;0;1;0;0;0;1;1;-22,25859;-54,783592;"SPRF-MS";"DEL04-MS";"UOP01-DEL04-MS"
347594;2021-02-10;"quarta-feira";"15:45:00";"RO";364;5;"VILHENA";"Desrespeitar a preferência no cruzamento";"Colisão transversal";"Com Vítimas Feridas";"Pleno dia";"Crescente";"Nublado";"Simples";"Interseção de Vias";"Não";2;0;1;0;1;0;1;2;-12,7863749;-60,0898697;"SPRF-RO";"DEL04-RO";"UOP01-DEL04-RO"
347596;2021-03-22;"segunda-feira";"14:00:00";"RS";116;266,9;"CANOAS";"Condutor deixou de manter distância do veículo da frente";"Colisão traseira";"Com Vítimas Feridas";"Pleno dia";"Decrescente";"Céu Claro";"Simples";"Reta";"Sim";3;0;1;0;2;0;1;2;-29,93242399;-51,17742077;"SPRF-RS";"DEL01-RS";"UOP01-DEL01-RS"
347598;2021-03-22;"segunda-feira";"13:00:00";"MS";376;104,5;"IVINHEMA";"Condutor Dormindo";"Saída de leito carroçável";"Com Vítimas Feridas";"Pleno dia";"Crescente";"Nublado";"Simples";"Reta";"Não";1;0;1;0;0;0;1;1;-22,29840636;-53,97263295;"SPRF-MS";"DEL04-MS";"UOP04-DEL04-MS"
347600;2021-03-22;"segunda-feira";"13:30:00";"GO";60;136,9;"GOIANIA";"Ingestão de álcool pelo condutor";"Saída de leito carroçável";"Sem Vítimas";"Pleno dia";"Crescente";"Nublado";"Dupla";"Curva";"Não";2;0;0;0;2;0;0;2;-16,5959;-49,1965;"SPRF-GO";"DEL01-GO";"UOP01-DEL01-GO"
347601;2021-03-22;"segunda-feira";"12:00:00";"RR";401;1;"BOA VISTA";"Área urbana sem a presença de local apropriado para a travessia de pedestres";"Atropelamento de Pedestre";"Com Vítimas Feridas";"Pleno dia";"Decrescente";"Nublado";"Dupla";"Reta";"Sim";2;0;1;1;0;0;2;2;2,80229396;-60,68243402;"SPRF-RR";"DEL01-RR";"UOP01-DEL01-RR"
347603;2021-03-22;"segunda-feira";"14:20:00";"SC";280;58,4;"GUARAMIRIM";"Conversão proibida";"Colisão traseira";"Com Vítimas Feridas";"Pleno dia";"Crescente";"Céu Claro";"Dupla";"Em Obras";"Sim";2;0;1;0;1;0;1;2;-26,47415593;-49,021211;"SPRF-SC";"DEL03-SC";"UOP03-DEL03-SC"
347604;2021-03-22;"segunda-feira";"14:40:00";"SC";280;58,4;"GUARAMIRIM";"Acessar a via sem observar a presença dos outros veículos";"Atropelamento de Pedestre";"Com Vítimas Feridas";"Pleno dia";"Decrescente";"Céu Claro";"Dupla";"Em Obras";"Sim";2;0;1;0;1;0;1;2;-26,47415593;-49,021211;"SPRF-SC";"DEL03-SC";"UOP03-DEL03-SC"
347605;2021-02-19;"sexta-feira";"19:00:00";"RS";386;253,2;"SOLEDADE";"Condutor deixou de manter distância do veículo da frente";"Engavetamento";"Com Vítimas Feridas";"Anoitecer";"Decrescente";"Céu Claro";"Simples";"Aclive;Reta";"Não";5;0;0;1;4;0;1;4;-28,843369;-52,449715;"SPRF-RS";"DEL04-RS";"UOP03-DEL04-RS"
347606;2021-01-10;"domingo";"18:20:00";"RO";425;132;"GUAJARA-MIRIM";"Animais na Pista";"Queda de ocupante de veículo";"Com Vítimas Feridas";"Pleno dia";"Decrescente";"Céu Claro";"Simples";"Reta";"Não";2;0;2;0;0;0;2;1;-10,65116069;-65,28385162;"SPRF-RO";"DEL01-RO";"UOP03-DEL01-RO"
347607;2021-03-14;"domingo";"13:50:00";"PA";10;233,8;"IPIXUNA DO PARA";"Acessar a via sem observar a presença dos outros veículos";"Colisão transversal";"Com Vítimas Feridas";"Pleno dia";"Decrescente";"Céu Claro";"Simples";"Reta";"Sim";2;0;0;1;1;0;1;2;-2,389734;-47,539987;"SPRF-PA";"DEL02-PA";"UOP01-DEL02-PA"
347609;2021-03-22;"segunda-feira";"14:30:00";"ES";101;298,6;"VIANA";"Velocidade Incompatível";"Colisão traseira";"Com Vítimas Feridas";"Pleno dia";"Crescente";"Céu Claro";"Simples";"Reta";"Sim";3;0;1;0;1;1;1;3;-20,35374444;-40,4156433;"SPRF-ES";"DEL01-ES";"UOP01-DEL01-ES"
347618;2021-03-22;"segunda-feira";"15:40:00";"AL";104;89,1;"RIO LARGO";"Velocidade Incompatível";"Colisão traseira";"Com Vítimas Feridas";"Pleno dia";"Decrescente";"Céu Claro";"Dupla";"Reta";"Sim";4;0;0;1;3;0;1;2;-9,49216808;-35,81471324;"SPRF-AL";"DEL01-AL";"UOP01-DEL01-AL"
347619;2021-03-22;"segunda-feira";"15:00:00";"PB";230;36;"SANTA RITA";"Entrada inopinada do pedestre";"Atropelamento de Pedestre";"Com Vítimas Feridas";"Pleno dia";"Decrescente";"Céu Claro";"Dupla";"Reta";"Sim";2;0;1;0;1;0;1;2;-7,1246;-34,9473;"SPRF-PB";"DEL01-PB";"UOP03-DEL01-PB"
347620;2021-03-22;"segunda-feira";"15:00:00";"PB";230;36;"SANTA RITA";"Reação tardia ou ineficiente do condutor";"Colisão traseira";"Sem Vítimas";"Pleno dia";"Decrescente";"Céu Claro";"Dupla";"Reta";"Sim";2;0;0;0;2;0;0;2;-7,12587766;-34,94865239;"SPRF-PB";"DEL01-PB";"UOP03-DEL01-PB"
347621;2021-02-09;"terça-feira";"19:10:00";"PR";476;353;"UNIAO DA VITORIA";"Demais falhas mecânicas ou elétricas";"Capotamento";"Com Vítimas Feridas";"Anoitecer";"Crescente";"Céu Claro";"Simples";"Reta";"Não";1;0;0;1;0;0;1;1;-26,198172;-51,002659;"SPRF-PR";"DEL02-PR";"UOP03-DEL02-PR"
347625;2021-03-22;"segunda-feira";"15:30:00";"PB";101;81;"BAYEUX";"Problema com o freio";"Saída de leito carroçável";"Com Vítimas Feridas";"Pleno dia";"Decrescente";"Sol";"Dupla";"Reta;Retorno Regulamentado;Declive";"Sim";2;0;1;0;1;0;1;1;-7,12508575;-34,94513217;"SPRF-PB";"DEL01-PB";"UOP01-DEL01-PB"
347626;2021-03-22;"segunda-feira";"07:30:00";"RS";285;200,3;"LAGOA VERMELHA";"Acessar a via sem observar a presença dos outros veículos";"Colisão lateral mesmo sentido";"Com Vítimas Feridas";"Pleno dia";"Crescente";"Sol";"Simples";"Reta";"Sim";3;0;1;1;1;0;2;3;-28,203857;-51,529285;"SPRF-RS";"DEL08-RS";"UOP05-DEL08-RS"
347627;2021-02-14;"domingo";"16:10:00";"SC";282;22;"SANTO AMARO DA IMPERATRIZ";"Acumulo de água sobre o pavimento";"Colisão frontal";"Com Vítimas Feridas";"Pleno dia";"Crescente";"Chuva";"Simples";"Reta";"Sim";4;0;4;0;0;0;4;2;-27,688507;-48,72739;"SPRF-SC";"DEL01-SC";"UOP02-DEL01-SC"