"id";"data_inversa";"dia_semana";"horario";"uf";"br";"km";"municipio";"causa_acidente";"tipo_acidente";"classificacao_acidente";"fase_dia";"sentido_via";"condicao_metereologica";"tipo_pista";"tracado_via";"uso_solo";"pessoas";"mortos";"feridos_leves";"feridos_graves";"ilesos";"ignorados";"feridos";"veiculos";"latitude";"longitude";"regional";"delegacia";"uop"
347628;2021-03-22;"segunda-feira";"16:30:00";"PB";230;84,5;"BAYEUX";"Ausência de reação do condutor";"Engavetamento";"Com Vítimas Feridas";"Anoitecer";"Decrescente";"Céu Claro";"Dupla";"Reta";"Sim";4;0;2;0;2;0;2;4;-7,141887;-34,92048;"SPRF-PB";"DEL01-PB";"UOP03-DEL01-PB"
347631;2021-03-22;"segunda-feira";"15:35:00";"PR";277;668,4;"MEDIANEIRA";"Demais Fenômenos da natureza";"Saída de leito carroçável";"Sem Vítimas";"Pleno dia";"Crescente";"Nublado";"Dupla";"Reta;Aclive";"Sim";1;0;0;0;0;1;0;1;-25,27063805;-54,06252597;"SPRF-PR";"DEL05-PR";"UOP02-DEL05-PR"
347635;2021-03-22;"segunda-feira";"15:50:00";"PR";376;410;"TIBAGI";"Velocidade Incompatível";"Saída de leito carroçável";"Com Vítimas Feridas";"Pleno dia";"Decrescente";"Chuva";"Dupla";"Reta";"Não";1;0;1;0;0;0;1;1;-24,66458786;-50,60469271;"SPRF-PR";"DEL03-PR";"UOP02-DEL03-PR"
347640;2021-03-22;"segunda-feira";"18:10:00";"RS";116;115,7;"SAO MARCOS";"Acessar a via sem observar a presença dos outros veículos";"Colisão transversal";"Com Vítimas Feridas";"Anoitecer";"Crescente";"Nublado";"Simples";"Reta;Interseção de Vias;Declive";"Sim";2;0;0;1;1;0;1;2;-28,9712;-51,072197;"SPRF-RS";"DEL05-RS";"UOP01-DEL05-RS"
347641;2021-03-22;"segunda-feira";"16:10:00";"SC";282;95,1;"ALFREDO WAGNER";"Pista Escorregadia";"Saída de leito carroçável";"Com Vítimas Feridas";"Pleno dia";"Decrescente";"Chuva";"Simples";"Curva";"Não";1;0;1;0;0;0;1;1;-27,71188;-49,255035;"SPRF-SC";"DEL01-SC";"UOP03-DEL01-SC"
347642;2021-03-22;"segunda-feira";"18:00:00";"SC";101;134,9;"BALNEARIO CAMBORIU";"Condutor deixou de manter distância do veículo da frente";"Colisão traseira";"Com Vítimas Feridas";"Anoitecer";"Crescente";"Céu Claro";"Dupla";"Reta";"Sim";2;0;1;0;0;1;1;2;-27,00218;-48,636433;"SPRF-SC";"DEL04-SC";"UOP03-DEL04-SC"
347644;2021-03-22;"segunda-feira";"17:50:00";"BA";324;520;"FEIRA DE SANTANA";"Objeto estático sobre o leito carroçável";"Colisão com objeto";"Com Vítimas Feridas";"Pleno dia";"Decrescente";"Céu Claro";"Dupla";"Reta";"Sim";1;0;1;0;0;0;1;1;-12,283562;-38,920371;"SPRF-BA";"DEL01-BA";"UOP03-DEL01-BA"
347647;2021-03-22;"segunda-feira";"16:00:00";"RJ";116;168;"SAO JOAO DE MERITI";"Trafegar com motocicleta (ou similar) entre as faixas";"Colisão traseira";"Com Vítimas Feridas";"Pleno dia";"Decrescente";"Sol";"Múltipla";"Reta";"Sim";2;0;1;0;0;1;1;2;-22,79707233;-43,35891724;"SPRF-RJ";"DEL01-RJ";"UOP01-DEL01-RJ"
347650;2021-03-22;"segunda-feira";"16:30:00";"SC";282;411,5;"CATANDUVAS";"Velocidade Incompatível";"Colisão com objeto";"Com Vítimas Feridas";"Pleno dia";"Crescente";"Chuva";"Simples";"Curva";"Não";1;0;1;0;0;0;1;1;-27,059202;-51,680046;"SPRF-SC";"DEL07-SC";"UOP05-DEL07-SC"
347651;2021-03-22;"segunda-feira";"16:20:00";"SC";282;521,6;"XAXIM";"Velocidade Incompatível";"Colisão transversal";"Com Vítimas Feridas";"Pleno dia";"Decrescente";"Sol";"Simples";"Interseção de Vias";"Sim";2;0;1;0;1;0;1;2;-26,95315539;-52,53850937;"SPRF-SC";"DEL07-SC";"UOP01-DEL07-SC"
347653;2021-03-22;"segunda-feira";"18:00:00";"SP";116;218,7;"GUARULHOS";"Ausência de reação do condutor";"Colisão lateral mesmo sentido";"Com Vítimas Feridas";"Anoitecer";"Decrescente";"Nublado";"Múltipla";"Reta";"Sim";2;0;1;0;1;0;1;2;-23,457972;-46,479927;"SPRF-SP";"DEL01-SP";"UOP01-DEL01-SP"
347655;2021-03-22;"segunda-feira";"19:00:00";"ES";262;4,8;"CARIACICA";"Animais na Pista";"Queda de ocupante de veículo";"Com Vítimas Feridas";"Plena Noite";"Crescente";"Céu Claro";"Múltipla";"Reta";"Sim";1;0;1;0;0;0;1;1;-20,33609327;-40,37812784;"SPRF-ES";"DEL01-ES";"UOP01-DEL01-ES"
347660;2021-01-25;"segunda-feira";"12:45:00";"SP";101;48,5;"UBATUBA";"Retorno proibido";"Colisão traseira";"Com Vítimas Feridas";"Pleno dia";"Crescente";"Céu Claro";"Simples";"Reta";"Sim";2;0;1;0;1;0;1;2;-23,44410908;-45,08375708;"SPRF-SP";"DEL06-SP";"UOP01-DEL06-SP"
347661;2021-03-22;"segunda-feira";"20:10:00";"SC";101;155;"PORTO BELO";"Ultrapassagem Indevida";"Colisão frontal";"Sem Vítimas";"Plena Noite";"Crescente";"Garoa/Chuvisco";"Simples";"Curva";"Não";2;0;0;0;2;0;0;2;-27,16292;-48,61129;"SPRF-SC";"DEL04-SC";"UOP03-DEL04-SC"
347663;2021-02-07;"domingo";"08:40:00";"SP";101;37,6;"UBATUBA";"Reação tardia ou ineficiente do condutor";"Colisão traseira";"Com Vítimas Feridas";"Pleno dia";"Decrescente";"Céu Claro";"Simples";"Reta";"Sim";2;0;1;0;1;0;1;2;-23,40235292;-45,01855494;"SPRF-SP";"DEL06-SP";"UOP01-DEL06-SP"
347664;2021-03-19;"sexta-feira";"10:30:00";"PE";232;145,5;"SAO CAITANO";"Velocidade Incompatível";"Colisão traseira";"Sem Vítimas";"Pleno dia";"Crescente";"Céu Claro";"Dupla";"Reta";"Sim";2;0;0;0;2;0;0;2;-8,32868;-36,120811;"SPRF-PE";"DEL02-PE";"UOP03-DEL02-PE"
347665;2021-03-22;"segunda-feira";"20:50:00";"SP";153;75;"BADY BASSITT";"Estacionar ou parar em local proibido";"Colisão com objeto";"Com Vítimas Feridas";"Plena Noite";"Decrescente";"Céu Claro";"Dupla";"Aclive;Curva";"Sim";3;0;3;0;0;0;3;2;-20,89418221;-49,43387582;"SPRF-SP";"DEL09-SP";"UOP01-DEL09-SP"
347672;2021-03-22;"segunda-feira";"20:10:00";"PE";232;302,3;"SERTANIA";"Ausência de reação do condutor";"Saída de leito carroçável";"Com Vítimas Feridas";"Plena Noite";"Crescente";"Céu Claro";"Simples";"Reta";"Não";2;0;0;2;0;0;2;1;-8,21293308;-37,42524012;"SPRF-PE";"DEL03-PE";"UOP02-DEL03-PE"
347673;2021-03-22;"segunda-feira";"17:30:00";"ES";482;75;"ALEGRE";"Velocidade Incompatível";"Tombamento";"Com Vítimas Feridas";"Pleno dia";"Crescente";"Céu Claro";"Simples";"Reta";"Não";1;0;1;0;0;0;1;1;-20,74855395;-41,47518797;"SPRF-ES";"DEL03-ES";"UOP02-DEL03-ES"
347674;2021-03-22;"segunda-feira";"21:20:00";"SC";101;84;"BARRA VELHA";"Acessar a via sem observar a presença dos outros veículos";"Colisão transversal";"Com Vítimas Feridas";"Plena Noite";"Crescente";"Garoa/Chuvisco";"Dupla";"Reta";"Não";2;0;1;1;0;0;2;2;-26,62404682;-48,71394986;"SPRF-SC";"DEL03-SC";"UOP02-DEL03-SC"
347675;2021-03-22;"segunda-feira";"21:30:00";"SC";101;104;"PENHA";"Objeto estático sobre o leito carroçável";"Colisão com objeto";"Com Vítimas Feridas";"Plena Noite";"Decrescente";"Céu Claro";"Dupla";"Reta";"Sim";1;0;1;0;0;0;1;1;-26,79281742;-48,68080819;"SPRF-SC";"DEL03-SC";"UOP02-DEL03-SC"
347676;2021-03-16;"terça-feira";"17:20:00";"MA";316;549,1;"CAXIAS";"Acessar a via sem observar a presença dos outros veículos";"Colisão transversal";"Com Vítimas Feridas";"Pleno dia";"Decrescente";"Céu Claro";"Simples";"Reta";"Sim";2;0;0;1;1;0;1;2;-4,887895;-43,371475;"SPRF-MA";"DEL03-MA";"UOP02-DEL03-MA"
347677;2021-03-22;"segunda-feira";"09:30:00";"MG";40;44;"PARACATU";"Ausência de reação do condutor";"Colisão traseira";"Sem Vítimas";"Amanhecer";"Decrescente";"Céu Claro";"Simples";"Interseção de Vias";"Não";2;0;0;0;1;1;0;2;-17,23101648;-46,85390396;"SPRF-MG";"DEL14-MG";"UOP01-DEL14-MG"
347678;2021-03-22;"segunda-feira";"20:08:00";"PR";153;42,2;"SANTO ANTONIO DA PLATINA";"Ingestão de álcool pelo condutor";"Colisão traseira";"Com Vítimas Feridas";"Plena Noite";"Decrescente";"Céu Claro";"Simples";"Curva";"Sim";3;0;1;1;1;0;2;2;-23,2844687;-50,0568355;"SPRF-PR";"DEL07-PR";"UOP04-DEL07-PR"
347680;2021-03-22;"segunda-feira";"20:19:00";"MG";116;530,4;"CARATINGA";"Ingestão de álcool pelo condutor";"Colisão transversal";"Com Vítimas Feridas";"Plena Noite";"Crescente";"Céu Claro";"Simples";"Reta";"Não";3;0;1;0;1;1;1;3;-19,81067298;-42,13539446;"SPRF-MG";"DEL06-MG";"UOP02-DEL06-MG"
347682;2021-03-23;"terça-feira";"00:15:00";"SC";282;6;"SAO JOSE";"Velocidade Incompatível";"Colisão com objeto";"Sem Vítimas";"Plena Noite";"Crescente";"Céu Claro";"Dupla";"Curva;Declive";"Sim";1;0;0;0;0;1;0;1;-27,58499108;-48,61635804;"SPRF-SC";"DEL01-SC";"UOP01-DEL01-SC"
347685;2021-03-23;"terça-feira";"01:36:00";"RJ";101;575;"PARATY";"Obstrução na via";"Colisão transversal";"Sem Vítimas";"Plena Noite";"Crescente";"Céu Claro";"Simples";"Curva";"Não";2;0;0;0;2;0;0;2;-23,21978585;-44,73466957;"SPRF-RJ";"DEL03-RJ";"UOP04-DEL03-RJ"
347686;2021-03-23;"terça-feira";"01:24:00";"SC";101;138,7;"BALNEARIO CAMBORIU";"Reação tardia ou ineficiente do condutor";"Capotamento";"Com Vítimas Feridas";"Plena Noite";"Decrescente";"Céu Claro";"Dupla";"Curva";"Sim";1;0;0;1;0;0;1;1;-27,02397426;-48,60761649;"SPRF-SC";"DEL04-SC";"UOP03-DEL04-SC"
347687;2021-03-23;"terça-feira";"01:40:00";"RJ";101;575;"PARATY";"Objeto estático sobre o leito carroçável";"Queda de ocupante de veículo";"Com Vítimas Feridas";"Plena Noite";"Crescente";"Ignorado";"Simples";"Reta";"Não";1;0;0;1;0;0;1;1;-23,21978585;-44,73466957;"SPRF-RJ";"DEL03-RJ";"UOP04-DEL03-RJ"
347688;2021-03-22;"segunda-feira";"16:55:00";"MA";135;7,5;"SAO LUIS";"Desrespeitar a preferência no cruzamento";"Colisão transversal";"Com Vítimas Feridas";"Pleno dia";"Decrescente";"Céu Claro";"Dupla";"Rotatória";"Sim";3;0;2;0;1;0;2;2;-2,63608835;-44,26848552;"SPRF-MA";"DEL01-MA";"UOP01-DEL01-MA"
347690;2021-03-23;"terça-feira";"01:45:00";"MG";40;510;"RIBEIRAO DAS NEVES";"Animais na Pista";"Atropelamento de Animal";"Com Vítimas Feridas";"Plena Noite";"Decrescente";"Céu Claro";"Dupla";"Reta";"Não";2;0;1;0;1;0;1;2;-19,77463885;-44,12321882;"SPRF-MG";"DEL01-MG";"UOP02-DEL01-MG"
347693;2021-03-23;"terça-feira";"05:25:00";"SP";153;57,4;"SAO JOSE DO RIO PRETO";"Acumulo de óleo sobre o pavimento";"Tombamento";"Com Vítimas Feridas";"Amanhecer";"Crescente";"Céu Claro";"Simples";"Declive";"Sim";2;0;2;0;0;0;2;1;-20,7735293;-49,35165882;"SPRF-SP";"DEL09-SP";"UOP01-DEL09-SP"
347694;2021-03-23;"terça-feira";"05:30:00";"SP";153;57;"SAO JOSE DO RIO PRETO";"Pista Escorregadia";"Tombamento";"Com Vítimas Feridas";"Amanhecer";"Crescente";"Céu Claro";"Dupla";"Declive;Curva";"Sim";1;0;1;0;0;0;1;1;-20,76991095;-49,34982212;"SPRF-SP";"DEL09-SP";"UOP01-DEL09-SP"
347696;2021-03-23;"terça-feira";"05:20:00";"SP";153;57,3;"SAO JOSE DO RIO PRETO";"Acumulo de óleo sobre o pavimento";"Colisão com objeto";"Sem Vítimas";"Amanhecer";"Crescente";"Céu Claro";"Simples";"Curva";"Sim";2;0;0;0;2;0;0;1;-20,77316817;-49,35159445;"SPRF-SP";"DEL09-SP";"UOP01-DEL09-SP"
347697;2021-03-23;"terça-feira";"01:05:00";"RJ";40;104;"DUQUE DE CAXIAS";"Demais falhas mecânicas ou elétricas";"Incêndio";"Sem Vítimas";"Plena Noite";"Decrescente";"Céu Claro";"Simples";"Declive";"Sim";1;0;0;0;0;1;0;1;-22,636607;-43,284315;"SPRF-RJ";"DEL01-RJ";"UOP01-DEL01-RJ"
347699;2021-03-22;"segunda-feira";"10:40:00";"RJ";40;110;"DUQUE DE CAXIAS";"Avarias e/ou desgaste excessivo no pneu";"Tombamento";"Com Vítimas Feridas";"Pleno dia";"Crescente";"Céu Claro";"Dupla";"Reta";"Sim";1;0;1;0;0;0;1;1;-22,68289906;-43,28549346;"SPRF-RJ";"DEL01-RJ";"UOP01-DEL01-RJ"
347700;2021-03-22;"segunda-feira";"17:10:00";"RJ";116;140;"DUQUE DE CAXIAS";"Entrada inopinada do pedestre";"Atropelamento de Pedestre";"Com Vítimas Feridas";"Pleno dia";"Decrescente";"Céu Claro";"Dupla";"Reta";"Sim";2;0;1;0;1;0;1;2;-22,6466198;-43,21112001;"SPRF-RJ";"DEL01-RJ";"UOP01-DEL01-RJ"
347704;2021-01-14;"quinta-feira";"10:15:00";"RS";116;245;"SAO LEOPOLDO";"Condutor deixou de manter distância do veículo da frente";"Colisão traseira";"Com Vítimas Feridas";"Pleno dia";"Crescente";"Nublado";"Simples";"Reta";"Sim";3;0;0;1;2;0;1;2;-29,74792851;-51,15148544;"SPRF-RS";"DEL01-RS";"UOP02-DEL01-RS"
347705;2021-03-23;"terça-feira";"08:00:00";"PE";101;13;"CABO DE SANTO AGOSTINHO";"Condutor deixou de manter distância do veículo da frente";"Colisão traseira";"Com Vítimas Feridas";"Pleno dia";"Crescente";"Nublado";"Dupla";"Reta";"Sim";3;0;2;0;1;0;2;2;-8,266406;-35,019486;"SPRF-PE";"DEL01-PE";"UOP02-DEL01-PE"
347706;2021-03-11;"quinta-feira";"20:00:00";"MG";50;14;"ARAGUARI";"Conversão proibida";"Colisão traseira";"Com Vítimas Feridas";"Plena Noite";"Crescente";"Céu Claro";"Dupla";"Reta";"Não";2;0;1;0;1;0;1;2;-18,53888193;-48,04646111;"SPRF-MG";"DEL15-MG";"UOP02-DEL15-MG"
347707;2021-03-23;"terça-feira";"07:50:00";"GO";40;2,8;"VALPARAISO DE GOIAS";"Acessar a via sem observar a presença dos outros veículos";"Colisão traseira";"Com Vítimas Feridas";"Pleno dia";"Decrescente";"Céu Claro";"Dupla";"Reta";"Sim";2;0;0;1;1;0;1;2;-16,074329;-47,9855;"SPRF-DF";"DEL01-DF";"UOP01-DEL01-DF"
347710;2021-03-23;"terça-feira";"07:30:00";"SC";280;167,6;"MAFRA";"Acessar a via sem observar a presença dos outros veículos";"Colisão transversal";"Com Vítimas Feridas";"Pleno dia";"Decrescente";"Céu Claro";"Simples";"Reta";"Sim";2;0;0;1;1;0;1;2;-26,16857105;-49,81820938;"SPRF-SC";"DEL06-SC";"UOP01-DEL06-SC"
347711;2021-02-22;"segunda-feira";"08:00:00";"SC";101;153;"PORTO BELO";"Condutor deixou de manter distância do veículo da frente";"Colisão traseira";"Com Vítimas Feridas";"Pleno dia";"Crescente";"Céu Claro";"Dupla";"Reta";"Sim";3;0;1;0;2;0;1;3;-27,144717;-48,61063935;"SPRF-SC";"DEL04-SC";"UOP03-DEL04-SC"
347712;2021-03-23;"terça-feira";"08:05:00";"CE";222;222;"SOBRAL";"Acessar a via sem observar a presença dos outros veículos";"Colisão transversal";"Com Vítimas Feridas";"Pleno dia";"Crescente";"Nublado";"Simples";"Retorno Regulamentado;Reta";"Sim";2;0;0;1;1;0;1;2;-3,71676;-40,33461;"SPRF-CE";"DEL04-CE";"UOP01-DEL04-CE"
347713;2021-01-18;"segunda-feira";"11:30:00";"ES";482;65,3;"JERONIMO MONTEIRO";"Acessar a via sem observar a presença dos outros veículos";"Colisão lateral";"Com Vítimas Feridas";"Pleno dia";"Crescente";"Céu Claro";"Simples";"Reta";"Sim";3;0;0;1;2;0;1;2;-20,79537324;-41,40497918;"SPRF-ES";"DEL03-ES";"UOP02-DEL03-ES"
347716;2021-03-23;"terça-feira";"07:50:00";"DF";70;5;"BRASILIA";"Manobra de mudança de faixa";"Colisão traseira";"Com Vítimas Feridas";"Pleno dia";"Decrescente";"Céu Claro";"Dupla";"Desvio Temporário";"Sim";5;0;3;0;1;1;3;3;-15,794656;-48,096779;"SPRF-DF";"DEL03-DF";"UOP02-DEL03-DF"
347717;2021-03-23;"terça-feira";"07:50:00";"MS";163;30;"MUNDO NOVO";"Reação tardia ou ineficiente do condutor";"Saída de leito carroçável";"Com Vítimas Feridas";"Pleno dia";"Crescente";"Céu Claro";"Simples";"Reta";"Não";3;0;1;0;1;1;1;2;-23,85053706;-54,33706349;"SPRF-MS";"DEL09-MS";"UOP02-DEL09-MS"
347718;2021-03-23;"terça-feira";"08:30:00";"RS";386;248,1;"SOLEDADE";"Desrespeitar a preferência no cruzamento";"Colisão transversal";"Com Vítimas Feridas";"Pleno dia";"Decrescente";"Nublado";"Simples";"Reta";"Sim";2;0;2;0;0;0;2;2;-28,817902;-52,484734;"SPRF-RS";"DEL04-RS";"UOP03-DEL04-RS"
347719;2021-03-23;"terça-feira";"09:00:00";"RN";101;94,3;"NATAL";"Manobra de mudança de faixa";"Colisão traseira";"Com Vítimas Feridas";"Pleno dia";"Decrescente";"Sol";"Múltipla";"Reta";"Sim";2;0;1;0;1;0;1;2;-5,83176615;-35,21191342;"SPRF-RN";"DEL01-RN";"UOP01-DEL01-RN"
347720;2021-03-23;"terça-feira";"07:40:00";"RJ";40;123;"DUQUE DE CAXIAS";"Manobra de mudança de faixa";"Colisão lateral mesmo sentido";"Com Vítimas Feridas";"Pleno dia";"Decrescente";"Céu Claro";"Dupla";"Reta";"Sim";3;0;0;1;1;1;1;3;-22,794325;-43,287557;"SPRF-RJ";"DEL01-RJ";"UOP01-DEL01-RJ"
347721;2021-03-23;"terça-feira";"04:20:00";"RO";364;625;"ITAPUA DO OESTE";"Condutor Dormindo";"Saída de leito carroçável";"Com Vítimas Feridas";"Plena Noite";"Decrescente";"Céu Claro";"Simples";"Reta";"Não";3;0;2;0;1;0;2;1;-9,07232733;-63,327805;"SPRF-RO";"DEL01-RO";"UOP04-DEL01-RO"
347722;2021-03-22;"segunda-feira";"12:53:00";"PR";277;126,1;"BALSA NOVA";"Velocidade Incompatível";"Saída de leito carroçável";"Com Vítimas Fatais";"Pleno dia";"Decrescente";"Nublado";"Dupla";"Reta";"Não";1;1;0;0;0;0;0;1;-25,470004;-49,611036;"SPRF-PR";"DEL01-PR";"UOP03-DEL03-PR"
347724;2021-03-07;"domingo";"00:10:00";"RS";0;0;"URUGUAIANA";"Velocidade Incompatível";"Colisão traseira";"Com Vítimas Feridas";"Plena Noite";"Não Informado";"Céu Claro";"Simples";"Interseção de Vias";"Sim";5;0;1;0;4;0;1;2;-29,75705675;-57,091012;"SPRF-RS";"DEL13-RS";"UOP01-DEL13-RS"
347725;2021-03-23;"terça-feira";"08:05:00";"RO";429;114;"ALVORADA DOESTE";"Reação tardia ou ineficiente do condutor";"Saída de leito carroçável";"Com Vítimas Feridas";"Pleno dia";"Crescente";"Céu Claro";"Simples";"Reta";"Não";1;0;1;0;0;0;1;1;-11,49590981;-62,41983413;"SPRF-RO";"DEL02-RO";"UOP03-DEL02-RO"
347726;2021-03-23;"terça-feira";"08:50:00";"RJ";356;151,6;"CAMPOS DOS GOYTACAZES";"Ausência de reação do condutor";"Colisão traseira";"Com Vítimas Feridas";"Pleno dia";"Decrescente";"Céu Claro";"Simples";"Reta";"Não";2;0;1;0;1;0;1;2;-21,76505986;-41,26262708;"SPRF-RJ";"DEL08-RJ";"UOP02-DEL08-RJ"
347731;2021-03-23;"terça-feira";"10:20:00";"CE";222;50,2;"SAO GONCALO DO AMARANTE";"Velocidade Incompatível";"Saída de leito carroçável";"Com Vítimas Feridas";"Pleno dia";"Crescente";"Garoa/Chuvisco";"Simples";"Curva";"Não";3;0;1;0;2;0;1;1;-3,6678089649;-38,9924170174;"SPRF-CE";"DEL01-CE";"UOP03-DEL01-CE"
347732;2021-03-23;"terça-feira";"10:20:00";"PE";101;56;"RECIFE";"Demais falhas mecânicas ou elétricas";"Queda de ocupante de veículo";"Com Vítimas Feridas";"Pleno dia";"Crescente";"Nublado";"Dupla";"Curva";"Sim";2;0;1;0;1;0;1;1;-7,9554509;-34,91140727;"SPRF-PE";"DEL01-PE";"UOP02-DEL01-PE"
347736;2021-03-12;"sexta-feira";"05:01:00";"MS";163;233;"CAARAPO";"Ausência de reação do condutor";"Saída de leito carroçável";"Sem Vítimas";"Pleno dia";"Decrescente";"Céu Claro";"Dupla";"Reta";"Não";1;0;0;0;1;0;0;1;-22,438;-54,822;"SPRF-MS";"DEL04-MS";"UOP02-DEL04-MS"
347738;2021-03-23;"terça-feira";"11:35:00";"CE";116;18;"EUSEBIO";"Acumulo de óleo sobre o pavimento";"Tombamento";"Com Vítimas Feridas";"Pleno dia";"Decrescente";"Garoa/Chuvisco";"Dupla";"Reta";"Sim";1;0;1;0;0;0;1;1;-3,90496605;-38,50518756;"SPRF-CE";"DEL01-CE";"UOP02-DEL01-CE"
347739;2021-02-23;"terça-feira";"17:55:00";"SC";470;125,9;"LONTRAS";"Velocidade Incompatível";"Colisão frontal";"Com Vítimas Fatais";"Pleno dia";"Crescente";"Chuva";"Simples";"Curva";"Sim";5;2;2;0;0;1;2;3;-27,131189;-49,538515;"SPRF-SC";"DEL04-SC";"UOP02-DEL04-SC"
347740;2021-03-23;"terça-feira";"11:00:00";"PR";376;665;"GUARATUBA";"Problema com o freio";"Eventos atípicos";"Sem Vítimas";"Pleno dia";"Decrescente";"Céu Claro";"Múltipla";"Aclive;Curva";"Não";4;0;0;0;4;0;0;2;-25,85455838;-48,95670808;"SPRF-PR";"DEL01-PR";"UOP04-DEL01-PR"
347744;2021-03-16;"terça-feira";"11:44:00";"MS";463;110;"PONTA PORA";"Condutor deixou de manter distância do veículo da frente";"Colisão traseira";"Com Vítimas Feridas";"Pleno dia";"Crescente";"Nublado";"Dupla";"Reta";"Sim";2;0;1;0;1;0;1;2;-22,57302287;-55,69391958;"SPRF-MS";"DEL04-MS";"UOP03-DEL04-MS"
347745;2021-03-23;"terça-feira";"12:40:00";"PR";277;590,1;"CASCAVEL";"Desrespeitar a preferência no cruzamento";"Colisão transversal";"Com Vítimas Feridas";"Pleno dia";"Crescente";"Garoa/Chuvisco";"Simples";"Reta";"Sim";2;0;1;0;1;0;1;2;-24,98120697;-53,45591501;"SPRF-PR";"DEL04-PR";"UOP01-DEL04-PR"
347746;2021-03-15;"segunda-feira";"09:20:00";"MS";158;320;"TRES LAGOAS";"Demais falhas mecânicas ou elétricas";"Colisão frontal";"Com Vítimas Feridas";"Pleno dia";"Crescente";"Céu Claro";"Simples";"Reta";"Não";2;0;2;0;0;0;2;2;-21,10257491;-51,94127933;"SPRF-MS";"DEL07-MS";"UOP01-DEL07-MS"
347747;2021-03-23;"terça-feira";"13:09:00";"PR";116;35;"CAMPINA GRANDE DO SUL";"Manobra de mudança de faixa";"Saída de leito carroçável";"Com Vítimas Feridas";"Pleno dia";"Crescente";"Céu Claro";"Dupla";"Reta";"Não";1;0;1;0;0;0;1;1;-25,12294607;-48,85610579;"SPRF-PR";"DEL01-PR";"UOP02-DEL01-PR"
347748;2021-03-23;"terça-feira";"13:30:00";"MG";381;921,2;"CAMANDUCAIA";"Velocidade Incompatível";"Tombamento";"Com Vítimas Feridas";"Pleno dia";"Crescente";"Sol";"Dupla";"Curva;Declive";"Não";1;0;1;0;0;0;1;1;-22,76293387;-46,17049694;"SPRF-MG";"DEL16-MG";"UOP03-DEL16-MG"
347752;2021-01-12;"terça-feira";"00:00:00";"MG";50;123;"UBERABA";"Condutor Dormindo";"Saída de leito carroçável";"Com Vítimas Feridas";"Pleno dia";"Decrescente";"Nublado";"Dupla";"Reta";"Não";1;0;1;0;0;0;1;1;-19,33326318;-48,09913641;"SPRF-MG";"DEL13-MG";"UOP01-DEL13-MG"
347753;2021-03-23;"terça-feira";"14:00:00";"SC";101;120;"ITAJAI";"Ausência de reação do condutor";"Colisão traseira";"Com Vítimas Feridas";"Pleno dia";"Crescente";"Nublado";"Dupla";"Reta";"Não";2;0;1;0;1;0;1;2;-26,912758;-48,711998;"SPRF-SC";"DEL04-SC";"UOP04-DEL04-SC"
347755;2021-03-23;"terça-feira";"14:15:00";"RN";101;97;"NATAL";"Reação tardia ou ineficiente do condutor";"Colisão lateral mesmo sentido";"Com Vítimas Feridas";"Pleno dia";"Decrescente";"Sol";"Dupla";"Viaduto";"Sim";2;0;1;0;1;0;1;2;-5,85758898;-35,21271205;"SPRF-RN";"DEL01-RN";"UOP01-DEL01-RN"
347757;2021-03-23;"terça-feira";"14:20:00";"SP";116;223;"GUARULHOS";"Avarias e/ou desgaste excessivo no pneu";"Tombamento";"Com Vítimas Feridas";"Pleno dia";"Decrescente";"Céu Claro";"Múltipla";"Reta";"Sim";2;0;1;0;1;0;1;1;-23,47559815;-46,5246609;"SPRF-SP";"DEL01-SP";"UOP01-DEL01-SP"
347759;2021-03-23;"terça-feira";"13:40:00";"CE";20;409;"CAUCAIA";"Condutor deixou de manter distância do veículo da frente";"Saída de leito carroçável";"Com Vítimas Feridas";"Pleno dia";"Decrescente";"Chuva";"Dupla";"Reta";"Não";1;0;1;0;0;0;1;1;-3,76999035;-38,67006282;"SPRF-CE";"DEL01-CE";"UOP01-DEL01-CE"
347766;2021-03-23;"terça-feira";"13:15:00";"RO";364;14,9;"VILHENA";"Desrespeitar a preferência no cruzamento";"Colisão transversal";"Com Vítimas Feridas";"Pleno dia";"Crescente";"Sol";"Simples";"Interseção de Vias";"Sim";2;0;1;0;1;0;1;2;-12,73898138;-60,13911417;"SPRF-RO";"DEL04-RO";"UOP01-DEL04-RO"
347769;2021-03-23;"terça-feira";"14:45:00";"PE";101;68,1;"RECIFE";"Demais falhas mecânicas ou elétricas";"Colisão traseira";"Com Vítimas Feridas";"Pleno dia";"Decrescente";"Céu Claro";"Dupla";"Viaduto";"Sim";2;0;1;0;1;0;1;2;-8,051779;-34,946065;"SPRF-PE";"DEL01-PE";"UOP01-DEL01-PE"
347770;2021-03-23;"terça-feira";"15:15:00";"PE";101;68;"RECIFE";"Condutor deixou de manter distância do veículo da frente";"Colisão traseira";"Com Vítimas Feridas";"Pleno dia";"Crescente";"Sol";"Dupla";"Viaduto;Aclive";"Sim";2;0;1;0;1;0;1;2;-8,05074296;-34,94580619;"SPRF-PE";"DEL01-PE";"UOP01-DEL01-PE"