"id";"data_inversa";"dia_semana";"horario";"uf";"br";"km";"municipio";"causa_acidente";"tipo_acidente";"classificacao_acidente";"fase_dia";"sentido_via";"condicao_metereologica";"tipo_pista";"tracado_via";"uso_solo";"pessoas";"mortos";"feridos_leves";"feridos_graves";"ilesos";"ignorados";"feridos";"veiculos";"latitude";"longitude";"regional";"delegacia";"uop"
348201;2021-03-26;"sexta-feira";"06:59:00";"ES";262;6,5;"CARIACICA";"Transitar na calçada";"Queda de ocupante de veículo";"Com Vítimas Feridas";"Pleno dia";"Decrescente";"Céu Claro";"Múltipla";"Interseção de Vias";"Sim";1;0;1;0;0;0;1;1;-20,34007493;-40,39451305;"SPRF-ES";"DEL01-ES";"UOP01-DEL01-ES"
348204;2021-03-26;"sexta-feira";"07:15:00";"SP";116;340,1;"MIRACATU";"Condutor Dormindo";"Colisão frontal";"Com Vítimas Feridas";"Pleno dia";"Crescente";"Céu Claro";"Simples";"Retorno Regulamentado";"Não";2;0;1;0;1;0;1;2;-24,00328505;-47,15633198;"SPRF-SP";"DEL04-SP";"UOP02-DEL04-SP"
348205;2021-03-26;"sexta-feira";"07:00:00";"PR";277;2;"PARANAGUA";"Velocidade Incompatível";"Colisão traseira";"Com Vítimas Feridas";"Pleno dia";"Crescente";"Céu Claro";"Dupla";"Reta";"Sim";2;0;0;1;1;0;1;2;-25,52286462;-48,52592468;"SPRF-PR";"DEL01-PR";"UOP05-DEL01-PR"
348207;2021-03-26;"sexta-feira";"07:00:00";"PE";101;75;"RECIFE";"Condutor deixou de manter distância do veículo da frente";"Atropelamento de Pedestre";"Com Vítimas Feridas";"Pleno dia";"Crescente";"Céu Claro";"Dupla";"Reta";"Sim";2;0;1;1;0;0;2;2;-8,111423;-34,946135;"SPRF-PE";"DEL01-PE";"UOP01-DEL01-PE"
348211;2021-03-26;"sexta-feira";"07:15:00";"PR";369;143,4;"LONDRINA";"Frear bruscamente";"Tombamento";"Com Vítimas Feridas";"Pleno dia";"Crescente";"Céu Claro";"Dupla";"Reta";"Sim";1;0;1;0;0;0;1;1;-23,292853;-51,097896;"SPRF-PR";"DEL07-PR";"UOP01-DEL07-PR"
348215;2021-03-26;"sexta-feira";"07:10:00";"PR";369;143,5;"LONDRINA";"Condutor deixou de manter distância do veículo da frente";"Colisão traseira";"Com Vítimas Feridas";"Pleno dia";"Crescente";"Céu Claro";"Dupla";"Declive";"Sim";2;0;0;1;1;0;1;2;-23,292853;-51,097896;"SPRF-PR";"DEL07-PR";"UOP01-DEL07-PR"
348217;2021-03-26;"sexta-feira";"08:25:00";"SC";101;216,5;"PALHOCA";"Reação tardia ou ineficiente do condutor";"Colisão traseira";"Com Vítimas Feridas";"Pleno dia";"Decrescente";"Céu Claro";"Múltipla";"Aclive;Reta";"Sim";2;0;1;0;0;1;1;2;-27,66361285;-48,67564559;"SPRF-SC";"DEL01-SC";"UOP02-DEL01-SC"
348218;2021-03-26;"sexta-feira";"08:25:00";"RS";386;348,4;"LAJEADO";"Transitar no acostamento";"Colisão traseira";"Sem Vítimas";"Pleno dia";"Crescente";"Céu Claro";"Dupla";"Reta";"Sim";2;0;0;0;2;0;0;2;-29,456644;-51,957329;"SPRF-RS";"DEL04-RS";"UOP02-DEL04-RS"
348219;2021-03-26;"sexta-feira";"08:20:00";"PR";476;144;"ARAUCARIA";"Demais falhas mecânicas ou elétricas";"Colisão com objeto";"Sem Vítimas";"Pleno dia";"Crescente";"Céu Claro";"Dupla";"Reta";"Não";1;0;0;0;1;0;0;1;-25,54558;-49,316696;"SPRF-PR";"DEL01-PR";"UOP03-DEL01-PR"
348220;2021-03-26;"sexta-feira";"08:15:00";"SC";101;350;"JAGUARUNA";"Velocidade Incompatível";"Colisão com objeto";"Com Vítimas Feridas";"Pleno dia";"Crescente";"Sol";"Simples";"Viaduto;Interseção de Vias";"Sim";1;0;1;0;0;0;1;1;-28,60057409;-49,05215263;"SPRF-SC";"DEL02-SC";"UOP01-DEL02-SC"
348223;2021-03-26;"sexta-feira";"07:45:00";"MS";163;258;"DOURADOS";"Desrespeitar a preferência no cruzamento";"Colisão transversal";"Com Vítimas Feridas";"Pleno dia";"Crescente";"Céu Claro";"Dupla";"Rotatória";"Sim";2;0;0;1;1;0;1;2;-22,25801091;-54,78226304;"SPRF-MS";"DEL04-MS";"UOP01-DEL04-MS"
348232;2021-03-26;"sexta-feira";"09:20:00";"MG";381;664,6;"PERDOES";"Condutor Dormindo";"Saída de leito carroçável";"Com Vítimas Feridas";"Pleno dia";"Decrescente";"Céu Claro";"Dupla";"Aclive;Reta";"Não";1;0;1;0;0;0;1;1;-21,05337253;-45,02126711;"SPRF-MG";"DEL04-MG";"UOP02-DEL04-MG"
348233;2021-03-26;"sexta-feira";"09:00:00";"PE";232;66;"GRAVATA";"Demais falhas mecânicas ou elétricas";"Incêndio";"Sem Vítimas";"Pleno dia";"Crescente";"Nublado";"Dupla";"Reta";"Não";2;0;0;0;2;0;0;1;-8,16799318;-35,46867371;"SPRF-PE";"DEL02-PE";"UOP02-DEL02PE"
348234;2021-03-26;"sexta-feira";"08:20:00";"RO";174;15;"VILHENA";"Reação tardia ou ineficiente do condutor";"Tombamento";"Com Vítimas Feridas";"Pleno dia";"Crescente";"Céu Claro";"Simples";"Reta";"Sim";1;0;1;0;0;0;1;1;-12,723321;-60,12801;"SPRF-RO";"DEL04-RO";"UOP01-DEL04-RO"
348237;2021-03-26;"sexta-feira";"10:00:00";"PR";476;142,8;"CURITIBA";"Ausência de reação do condutor";"Colisão traseira";"Com Vítimas Feridas";"Pleno dia";"Crescente";"Sol";"Dupla";"Reta";"Sim";5;0;1;1;3;0;2;5;-25,537161;-49,301632;"SPRF-PR";"DEL01-PR";"UOP01-DEL01-PR"
348239;2021-03-26;"sexta-feira";"09:30:00";"ES";262;46,3;"MARECHAL FLORIANO";"Acessar a via sem observar a presença dos outros veículos";"Colisão transversal";"Com Vítimas Feridas";"Pleno dia";"Decrescente";"Céu Claro";"Simples";"Reta";"Sim";2;0;1;0;1;0;1;2;-20,40565705;-40,67280081;"SPRF-ES";"DEL01-ES";"UOP01-DEL01-ES"
348240;2021-03-26;"sexta-feira";"10:00:00";"ES";262;4,1;"CARIACICA";"Pedestre andava na pista";"Tombamento";"Com Vítimas Feridas";"Pleno dia";"Decrescente";"Sol";"Dupla";"Reta";"Sim";1;0;1;0;0;0;1;1;-20,33609327;-40,37812784;"SPRF-ES";"DEL01-ES";"UOP01-DEL01-ES"
348242;2021-03-26;"sexta-feira";"10:40:00";"MG";116;702,7;"MURIAE";"Mal súbito do condutor";"Saída de leito carroçável";"Com Vítimas Feridas";"Pleno dia";"Decrescente";"Céu Claro";"Simples";"Curva";"Sim";1;0;1;0;0;0;1;1;-21,11938311;-42,38006362;"SPRF-MG";"DEL07-MG";"UOP02-DEL07-MG"
348245;2021-03-26;"sexta-feira";"10:20:00";"CE";222;202,6;"FORQUILHA";"Chuva";"Capotamento";"Com Vítimas Feridas";"Pleno dia";"Crescente";"Chuva";"Simples";"Curva";"Não";1;0;1;0;0;0;1;1;-3,7810128;-40,22335052;"SPRF-CE";"DEL04-CE";"UOP01-DEL04-CE"
348250;2021-03-26;"sexta-feira";"12:00:00";"ES";101;301;"VIANA";"Reação tardia ou ineficiente do condutor";"Colisão transversal";"Sem Vítimas";"Pleno dia";"Crescente";"Céu Claro";"Múltipla";"Reta";"Sim";2;0;0;0;2;0;0;2;-20,36278187;-40,4401343;"SPRF-ES";"DEL01-ES";"UOP01-DEL01-ES"
348251;2021-03-26;"sexta-feira";"10:55:00";"RN";101;104;"PARNAMIRIM";"Condutor deixou de manter distância do veículo da frente";"Colisão traseira";"Sem Vítimas";"Pleno dia";"Crescente";"Nublado";"Dupla";"Viaduto";"Não";2;0;0;0;1;1;0;2;-5,892745;-35,257225;"SPRF-RN";"DEL01-RN";"UOP01-DEL01-RN"
348252;2021-03-26;"sexta-feira";"10:45:00";"PE";424;14,3;"PEDRA";"Manobra de mudança de faixa";"Capotamento";"Sem Vítimas";"Pleno dia";"Decrescente";"Céu Claro";"Simples";"Declive";"Não";1;0;0;0;1;0;0;1;-8,49873612;-36,97444401;"SPRF-PE";"DEL03-PE";"UOP02-DEL03-PE"
348253;2021-03-26;"sexta-feira";"11:30:00";"RO";364;712;"PORTO VELHO";"Velocidade Incompatível";"Colisão com objeto";"Com Vítimas Feridas";"Pleno dia";"Crescente";"Sol";"Dupla";"Reta";"Não";1;0;0;1;0;0;1;1;-8,774718;-63,877447;"SPRF-RO";"DEL01-RO";"UOP01-DEL01-RO"
348254;2021-03-26;"sexta-feira";"12:45:00";"BA";324;606;"SIMOES FILHO";"Condutor deixou de manter distância do veículo da frente";"Colisão traseira";"Com Vítimas Feridas";"Pleno dia";"Decrescente";"Céu Claro";"Dupla";"Declive";"Não";3;0;1;0;2;0;1;3;-12,79340512;-38,40485325;"SPRF-BA";"DEL01-BA";"UOP01-DEL01-BA"
348255;2021-03-26;"sexta-feira";"09:50:00";"RJ";101;299;"ITABORAI";"Avarias e/ou desgaste excessivo no pneu";"Tombamento";"Com Vítimas Feridas";"Pleno dia";"Crescente";"Céu Claro";"Simples";"Reta";"Sim";2;0;2;0;0;0;2;1;-22,77432673;-42,93823207;"SPRF-RJ";"DEL02-RJ";"UOP02-DEL02-RJ"
348256;2021-03-26;"sexta-feira";"13:00:00";"PR";376;204;"MANDAGUARI";"Ausência de reação do condutor";"Saída de leito carroçável";"Com Vítimas Fatais";"Pleno dia";"Crescente";"Céu Claro";"Dupla";"Reta";"Não";2;1;1;0;0;0;1;1;-23,50951388;-51,72140497;"SPRF-PR";"DEL09-PR";"UOP01-DEL09-PR"
348257;2021-03-26;"sexta-feira";"12:00:00";"SP";116;58,3;"GUARATINGUETA";"Acessar a via sem observar a presença dos outros veículos";"Queda de ocupante de veículo";"Sem Vítimas";"Pleno dia";"Crescente";"Céu Claro";"Simples";"Reta";"Sim";1;0;0;0;1;0;0;1;-22,78005511;-45,14572791;"SPRF-SP";"DEL08-SP";"UOP01-DEL08-SP"
348258;2021-03-26;"sexta-feira";"11:30:00";"PR";376;238,5;"APUCARANA";"Velocidade Incompatível";"Colisão traseira";"Com Vítimas Fatais";"Pleno dia";"Crescente";"Céu Claro";"Dupla";"Declive;Reta";"Não";3;1;0;0;1;1;0;3;-23,5821404;-51,45390599;"SPRF-PR";"DEL07-PR";"UOP02-DEL07-PR"
348260;2021-03-26;"sexta-feira";"08:30:00";"PE";232;107,9;"BEZERROS";"Condutor Dormindo";"Capotamento";"Com Vítimas Feridas";"Pleno dia";"Crescente";"Nublado";"Dupla";"Reta";"Não";1;0;1;0;0;0;1;1;-8,26839017;-35,79746685;"SPRF-PE";"DEL02-PE";"UOP03-DEL02-PE"
348262;2021-03-26;"sexta-feira";"12:40:00";"PE";101;80,9;"JABOATAO DOS GUARARAPES";"Condutor deixou de manter distância do veículo da frente";"Colisão traseira";"Com Vítimas Feridas";"Pleno dia";"Decrescente";"Céu Claro";"Múltipla";"Rotatória";"Sim";2;0;1;0;1;0;1;2;-8,15112589;-34,9428866;"SPRF-PE";"DEL01-PE";"UOP03-DEL01-PE"
348263;2021-03-26;"sexta-feira";"12:48:00";"BA";324;616;"SALVADOR";"Manobra de mudança de faixa";"Colisão lateral mesmo sentido";"Com Vítimas Feridas";"Pleno dia";"Decrescente";"Céu Claro";"Múltipla";"Reta";"Sim";2;0;0;1;1;0;1;2;-12,87957905;-38,43213893;"SPRF-BA";"DEL01-BA";"UOP01-DEL01-BA"
348264;2021-03-21;"domingo";"20:55:00";"RO";364;352;"JI-PARANA";"Animais na Pista";"Atropelamento de Animal";"Com Vítimas Feridas";"Plena Noite";"Decrescente";"Céu Claro";"Simples";"Aclive";"Não";1;0;0;1;0;0;1;1;-10,83322284;-62,01156957;"SPRF-RO";"DEL02-RO";"UOP01-DEL02-RO"
348268;2021-03-26;"sexta-feira";"11:40:00";"RS";392;287;"SAO SEPE";"Chuva";"Saída de leito carroçável";"Sem Vítimas";"Pleno dia";"Decrescente";"Chuva";"Simples";"Curva";"Não";1;0;0;0;1;0;0;1;-30,24573796;-53,54549687;"SPRF-RS";"DEL09-RS";"UOP02-DEL09-RS"
348269;2021-03-26;"sexta-feira";"11:10:00";"GO";153;168;"CAMPINORTE";"Reação tardia ou ineficiente do condutor";"Saída de leito carroçável";"Com Vítimas Feridas";"Pleno dia";"Crescente";"Céu Claro";"Simples";"Reta";"Não";3;0;2;1;0;0;3;1;-14,240199;-49,136623;"SPRF-GO";"DEL07-GO";"UOP02-DEL07-GO"
348270;2021-03-26;"sexta-feira";"13:40:00";"PB";101;66,3;"SANTA RITA";"Reação tardia ou ineficiente do condutor";"Saída de leito carroçável";"Com Vítimas Feridas";"Pleno dia";"Crescente";"Chuva";"Dupla";"Reta";"Não";1;0;1;0;0;0;1;1;-7,04802898;-35,04348899;"SPRF-PB";"DEL01-PB";"UOP04-DEL01-PB"
348273;2021-03-26;"sexta-feira";"13:10:00";"RJ";116;38,8;"TERESOPOLIS";"Reação tardia ou ineficiente do condutor";"Colisão lateral sentido oposto";"Com Vítimas Feridas";"Pleno dia";"Crescente";"Céu Claro";"Simples";"Reta";"Sim";2;0;0;1;1;0;1;2;-22,14401765;-42,79189087;"SPRF-RJ";"DEL04-RJ";"UOP01-DEL04-RJ"
348274;2021-03-26;"sexta-feira";"12:30:00";"SP";116;279;"EMBU DAS ARTES";"Condutor deixou de manter distância do veículo da frente";"Colisão traseira";"Com Vítimas Feridas";"Pleno dia";"Crescente";"Céu Claro";"Dupla";"Reta";"Sim";2;0;1;0;1;0;1;2;-23,66233697;-46,85292907;"SPRF-SP";"DEL04-SP";"UOP01-DEL04-SP"
348275;2021-03-26;"sexta-feira";"07:45:00";"MA";135;3,3;"SAO LUIS";"Animais na Pista";"Atropelamento de Animal";"Com Vítimas Feridas";"Pleno dia";"Crescente";"Céu Claro";"Múltipla";"Aclive;Reta";"Não";1;0;1;0;0;0;1;1;-2,606802;-44,247512;"SPRF-MA";"DEL01-MA";"UOP01-DEL01-MA"
348276;2021-03-04;"quinta-feira";"06:15:00";"BA";116;817,8;"VITORIA DA CONQUISTA";"Desrespeitar a preferência no cruzamento";"Colisão transversal";"Com Vítimas Feridas";"Amanhecer";"Decrescente";"Nublado";"Simples";"Interseção de Vias";"Sim";2;0;2;0;0;0;2;2;-14,78186283;-40,73870709;"SPRF-BA";"DEL08-BA";"UOP01-DEL08-BA"
348277;2021-03-26;"sexta-feira";"11:45:00";"BA";101;244;"CONCEICAO DO ALMEIDA";"Ausência de reação do condutor";"Tombamento";"Com Vítimas Feridas";"Pleno dia";"Crescente";"Céu Claro";"Simples";"Reta";"Não";2;0;2;0;0;0;2;1;-12,78842873;-39,1967082;"SPRF-BA";"DEL01-BA";"UOP02-DEL01-BA"
348278;2021-03-26;"sexta-feira";"14:00:00";"CE";116;146,2;"RUSSAS";"Acumulo de água sobre o pavimento";"Saída de leito carroçável";"Sem Vítimas";"Pleno dia";"Crescente";"Chuva";"Simples";"Curva";"Não";1;0;0;0;1;0;0;1;-4,80514594;-38,06055534;"SPRF-CE";"DEL03-CE";"UOP01-DEL03-CE"
348281;2021-02-11;"quinta-feira";"19:00:00";"PE";104;88,1;"AGRESTINA";"Condutor Dormindo";"Colisão frontal";"Com Vítimas Feridas";"Plena Noite";"Decrescente";"Nublado";"Simples";"Reta";"Não";2;0;1;1;0;0;2;2;-8,461552;-35,94022;"SPRF-PE";"DEL02-PE";"UOP01-DEL02-PE"
348284;2021-03-26;"sexta-feira";"12:30:00";"PI";343;1;"LUIS CORREIA";"Acessar a via sem observar a presença dos outros veículos";"Colisão transversal";"Com Vítimas Feridas";"Pleno dia";"Crescente";"Sol";"Simples";"Reta";"Sim";2;0;0;1;1;0;1;2;-2,881846;-41,665638;"SPRF-PI";"DEL05-PI";"UOP01-DEL05-PI"
348289;2021-03-26;"sexta-feira";"14:35:00";"RJ";101;391;"RIO DE JANEIRO";"Condutor Dormindo";"Colisão com objeto";"Com Vítimas Feridas";"Pleno dia";"Decrescente";"Céu Claro";"Dupla";"Reta";"Não";1;0;1;0;0;0;1;1;-22,894827;-43,68492;"SPRF-RJ";"DEL03-RJ";"UOP01-DEL03-RJ"
348290;2021-03-26;"sexta-feira";"16:00:00";"SC";282;4,9;"SAO JOSE";"Trafegar com motocicleta (ou similar) entre as faixas";"Colisão lateral mesmo sentido";"Com Vítimas Feridas";"Pleno dia";"Crescente";"Sol";"Dupla";"Reta";"Sim";2;0;1;0;1;0;1;2;-27,59065161;-48,60827923;"SPRF-SC";"DEL01-SC";"UOP01-DEL01-SC"
348291;2021-02-07;"domingo";"13:00:00";"ES";262;28,8;"VIANA";"Velocidade Incompatível";"Colisão frontal";"Com Vítimas Feridas";"Pleno dia";"Crescente";"Chuva";"Simples";"Curva";"Não";2;0;0;1;1;0;1;2;-20,38426904;-40,55863435;"SPRF-ES";"DEL01-ES";"UOP01-DEL01-ES"
348292;2021-03-26;"sexta-feira";"13:30:00";"BA";242;752;"BARREIRAS";"Reação tardia ou ineficiente do condutor";"Saída de leito carroçável";"Com Vítimas Feridas";"Pleno dia";"Crescente";"Céu Claro";"Simples";"Reta";"Não";1;0;1;0;0;0;1;1;-12,157;-44,676;"SPRF-BA";"DEL10-BA";"UOP01-DEL10-BA"
348293;2021-03-26;"sexta-feira";"14:10:00";"MA";316;619,4;"TIMON";"Acessar a via sem observar a presença dos outros veículos";"Colisão transversal";"Com Vítimas Feridas";"Pleno dia";"Crescente";"Céu Claro";"Simples";"Reta";"Sim";2;0;1;1;0;0;2;2;-5,11436858;-42,82583356;"SPRF-MA";"DEL03-MA";"UOP02-DEL03-MA"
348294;2021-03-26;"sexta-feira";"16:30:00";"MG";40;728,1;"OLIVEIRA FORTES";"Reação tardia ou ineficiente do condutor";"Tombamento";"Com Vítimas Feridas";"Pleno dia";"Crescente";"Céu Claro";"Dupla";"Declive";"Não";1;0;1;0;0;0;1;1;-21,31842199;-43,58689599;"SPRF-MG";"DEL05-MG";"UOP01-DEL05-MG"
348295;2021-03-26;"sexta-feira";"16:55:00";"SP";116;210;"GUARULHOS";"Condutor deixou de manter distância do veículo da frente";"Colisão lateral mesmo sentido";"Com Vítimas Feridas";"Pleno dia";"Crescente";"Chuva";"Simples";"Reta";"Não";2;0;1;0;1;0;1;2;-23,42870023;-46,41085991;"SPRF-SP";"DEL01-SP";"UOP01-DEL01-SP"
348298;2021-03-26;"sexta-feira";"16:22:00";"SC";282;36,6;"AGUAS MORNAS";"Manobra de mudança de faixa";"Colisão traseira";"Com Vítimas Feridas";"Pleno dia";"Crescente";"Céu Claro";"Simples";"Reta";"Não";3;0;1;0;2;0;1;2;-27,704855;-48,834026;"SPRF-SC";"DEL01-SC";"UOP03-DEL01-SC"
348301;2021-03-26;"sexta-feira";"16:30:00";"PR";277;721,5;"FOZ DO IGUACU";"Desrespeitar a preferência no cruzamento";"Colisão transversal";"Com Vítimas Feridas";"Pleno dia";"Crescente";"Sol";"Dupla";"Reta";"Sim";5;0;2;2;1;0;4;2;-25,493152;-54,516704;"SPRF-PR";"DEL05-PR";"UOP03-DEL05-PR"
348302;2021-03-26;"sexta-feira";"16:30:00";"ES";482;87;"ALEGRE";"Demais falhas mecânicas ou elétricas";"Saída de leito carroçável";"Com Vítimas Feridas";"Pleno dia";"Decrescente";"Céu Claro";"Simples";"Curva";"Não";1;0;0;1;0;0;1;1;-20,75685204;-41,55546602;"SPRF-ES";"DEL03-ES";"UOP02-DEL03-ES"
348304;2021-03-26;"sexta-feira";"14:30:00";"AC";317;99;"SENADOR GUIOMARD";"Reação tardia ou ineficiente do condutor";"Saída de leito carroçável";"Com Vítimas Feridas";"Pleno dia";"Decrescente";"Céu Claro";"Dupla";"Retorno Regulamentado";"Não";4;0;1;0;3;0;1;1;-10,070497;-67,580267;"SPRF-AC";"DEL01-AC";"UOP01-DEL01-AC"
348305;2021-03-26;"sexta-feira";"15:30:00";"GO";50;280,6;"CATALAO";"Acessar a via sem observar a presença dos outros veículos";"Colisão transversal";"Com Vítimas Feridas";"Pleno dia";"Crescente";"Sol";"Simples";"Rotatória";"Sim";2;0;0;1;1;0;1;2;-18,1784;-47,9362;"SPRF-GO";"DEL06-GO";"UOP01-DEL06-GO"
348307;2021-03-26;"sexta-feira";"17:30:00";"SP";116;279;"EMBU DAS ARTES";"Pedestre cruzava a pista fora da faixa";"Atropelamento de Pedestre";"Com Vítimas Feridas";"Pleno dia";"Crescente";"Céu Claro";"Múltipla";"Reta";"Sim";2;0;1;0;1;0;1;2;-23,6623369693;-46,8529290663;"SPRF-SP";"DEL04-SP";"UOP01-DEL04-SP"
348309;2021-03-26;"sexta-feira";"16:20:00";"DF";70;14,6;"BRASILIA";"Reação tardia ou ineficiente do condutor";"Colisão traseira";"Com Vítimas Feridas";"Pleno dia";"Crescente";"Céu Claro";"Dupla";"Reta";"Não";2;0;2;0;0;0;2;1;-15,797312;-48,176056;"SPRF-DF";"DEL03-DF";"UOP02-DEL03-DF"
348310;2021-03-26;"sexta-feira";"17:20:00";"MG";262;362,3;"BETIM";"Ausência de reação do condutor";"Saída de leito carroçável";"Com Vítimas Feridas";"Pleno dia";"Crescente";"Céu Claro";"Dupla";"Reta";"Não";1;0;0;1;0;0;1;1;-19,97302;-44,27649;"SPRF-MG";"DEL01-MG";"UOP03-DEL01-MG"
348311;2021-03-26;"sexta-feira";"17:15:00";"MG";381;510;"IGARAPE";"Demais falhas mecânicas ou elétricas";"Queda de ocupante de veículo";"Com Vítimas Feridas";"Anoitecer";"Decrescente";"Céu Claro";"Dupla";"Reta";"Sim";1;0;1;0;0;0;1;1;-20,07738209;-44,30434488;"SPRF-MG";"DEL01-MG";"UOP03-DEL01-MG"
348312;2021-03-26;"sexta-feira";"16:30:00";"RS";470;213,7;"BENTO GONCALVES";"Conversão proibida";"Colisão traseira";"Com Vítimas Feridas";"Pleno dia";"Crescente";"Nublado";"Simples";"Em Obras";"Sim";3;0;1;0;2;0;1;3;-29,14950022;-51,53025627;"SPRF-RS";"DEL06-RS";"UOP01-DEL06-RS"
348313;2021-03-26;"sexta-feira";"17:30:00";"ES";101;269,9;"SERRA";"Manobra de mudança de faixa";"Tombamento";"Com Vítimas Feridas";"Pleno dia";"Crescente";"Céu Claro";"Múltipla";"Reta";"Sim";1;0;1;0;0;0;1;1;-20,21740496;-40,26990578;"SPRF-ES";"DEL02-ES";"UOP01-DEL02-ES"
348315;2021-03-26;"sexta-feira";"16:00:00";"RJ";101;321;"NITEROI";"Curva acentuada";"Colisão com objeto";"Com Vítimas Feridas";"Pleno dia";"Decrescente";"Céu Claro";"Dupla";"Curva";"Sim";2;0;0;2;0;0;2;1;-22,86981096;-43,11046465;"SPRF-RJ";"DEL02-RJ";"UOP02-DEL02-RJ"
348316;2021-03-26;"sexta-feira";"14:00:00";"PB";230;1;"PATOS";"Acessar a via sem observar a presença dos outros veículos";"Queda de ocupante de veículo";"Com Vítimas Feridas";"Pleno dia";"Crescente";"Céu Claro";"Simples";"Interseção de Vias";"Sim";1;0;1;0;0;0;1;1;-7,024862;-37,280304;"SPRF-PB";"DEL03-PB";"UOP01-DEL03-PB"
348317;2021-03-25;"quinta-feira";"16:30:00";"PE";104;72,2;"CARUARU";"Acumulo de água sobre o pavimento";"Saída de leito carroçável";"Sem Vítimas";"Pleno dia";"Decrescente";"Chuva";"Simples";"Reta";"Não";1;0;0;0;1;0;0;1;-8,332917;-35,981609;"SPRF-PE";"DEL02-PE";"UOP01-DEL02-PE"
348318;2021-03-26;"sexta-feira";"16:20:00";"BA";324;353;"CAPIM GROSSO";"Acessar a via sem observar a presença dos outros veículos";"Colisão lateral mesmo sentido";"Com Vítimas Feridas";"Pleno dia";"Decrescente";"Céu Claro";"Simples";"Curva";"Não";2;0;0;1;0;1;1;2;-11,38070162;-40,00407826;"SPRF-BA";"DEL04-BA";"UOP02-DEL04-BA"
348319;2021-01-13;"quarta-feira";"17:45:00";"BA";116;16,5;"VITORIA DA CONQUISTA";"Acessar a via sem observar a presença dos outros veículos";"Colisão transversal";"Com Vítimas Feridas";"Anoitecer";"Crescente";"Céu Claro";"Simples";"Interseção de Vias";"Sim";2;0;0;1;1;0;1;2;-14,902423;-40,844702;"SPRF-BA";"DEL08-BA";"UOP01-DEL08-BA"
348325;2021-03-26;"sexta-feira";"19:20:00";"SP";116;210;"GUARULHOS";"Reação tardia ou ineficiente do condutor";"Engavetamento";"Com Vítimas Feridas";"Plena Noite";"Decrescente";"Nublado";"Dupla";"Reta";"Sim";5;0;1;0;4;0;1;3;-23,42870023;-46,41085991;"SPRF-SP";"DEL01-SP";"UOP01-DEL01-SP"
348326;2021-03-26;"sexta-feira";"18:20:00";"PE";232;10,6;"JABOATAO DOS GUARARAPES";"Ingestão de álcool pelo condutor";"Saída de leito carroçável";"Com Vítimas Feridas";"Plena Noite";"Crescente";"Céu Claro";"Dupla";"Reta";"Sim";1;0;1;0;0;0;1;1;-8,07917241;-34,98718609;"SPRF-PE";"DEL01-PE";"UOP01-DEL01-PE"
348327;2021-03-26;"sexta-feira";"18:25:00";"MS";262;355,8;"CAMPO GRANDE";"Acessar a via sem observar a presença dos outros veículos";"Colisão transversal";"Com Vítimas Feridas";"Plena Noite";"Crescente";"Céu Claro";"Simples";"Reta";"Não";2;0;1;0;1;0;1;2;-20,55085314;-54,67160768;"SPRF-MS";"DEL01-MS";"UOP03-DEL01-MS"
348328;2021-03-26;"sexta-feira";"19:00:00";"SC";101;213;"PALHOCA";"Ingestão de álcool pelo condutor";"Colisão traseira";"Com Vítimas Feridas";"Anoitecer";"Crescente";"Nublado";"Múltipla";"Reta";"Sim";3;0;0;2;0;1;2;2;-27,63688406;-48,6650455;"SPRF-SC";"DEL01-SC";"UOP02-DEL01-SC"
348329;2021-03-26;"sexta-feira";"18:45:00";"PE";232;81;"GRAVATA";"Animais na Pista";"Atropelamento de Animal";"Com Vítimas Fatais";"Plena Noite";"Crescente";"Céu Claro";"Dupla";"Reta";"Não";1;1;0;0;0;0;0;1;-8,19697746;-35,57850408;"SPRF-PE";"DEL02-PE";"UOP02-DEL02PE"
348330;2021-03-26;"sexta-feira";"16:30:00";"MG";381;214,7;"NAQUE";"Acessar a via sem observar a presença dos outros veículos";"Colisão transversal";"Com Vítimas Feridas";"Pleno dia";"Decrescente";"Céu Claro";"Simples";"Interseção de Vias";"Sim";2;0;1;0;1;0;1;2;-19,26345825;-42,3457167;"SPRF-MG";"DEL06-MG";"UOP01-DEL06-MG"
348331;2021-03-26;"sexta-feira";"17:40:00";"PR";277;523;"GUARANIACU";"Avarias e/ou desgaste excessivo no pneu";"Saída de leito carroçável";"Com Vítimas Feridas";"Anoitecer";"Crescente";"Garoa/Chuvisco";"Simples";"Reta";"Não";1;0;1;0;0;0;1;1;-25,09818361;-52,89956519;"SPRF-PR";"DEL04-PR";"UOP01-DEL04-PR"
348332;2021-03-26;"sexta-feira";"19:20:00";"DF";20;18,1;"BRASILIA";"Acessar a via sem observar a presença dos outros veículos";"Colisão traseira";"Com Vítimas Feridas";"Plena Noite";"Crescente";"Céu Claro";"Dupla";"Reta;Declive";"Não";2;0;0;1;1;0;1;2;-15,616901;-47,708927;"SPRF-DF";"DEL02-DF";"UOP01-DEL02-DF"
348333;2021-03-26;"sexta-feira";"17:56:00";"PA";163;1001;"SANTAREM";"Ultrapassagem Indevida";"Colisão lateral mesmo sentido";"Com Vítimas Feridas";"Pleno dia";"Decrescente";"Céu Claro";"Simples";"Reta";"Sim";2;0;0;1;1;0;1;2;-2,45705124;-54,72826481;"SPRF-PA";"DEL05-PA";"UOP01-DEL05-PA"