"id";"data_inversa";"dia_semana";"horario";"uf";"br";"km";"municipio";"causa_acidente";"tipo_acidente";"classificacao_acidente";"fase_dia";"sentido_via";"condicao_metereologica";"tipo_pista";"tracado_via";"uso_solo";"pessoas";"mortos";"feridos_leves";"feridos_graves";"ilesos";"ignorados";"feridos";"veiculos";"latitude";"longitude";"regional";"delegacia";"uop"
348336;2021-03-26;"sexta-feira";"19:25:00";"PR";376;167;"MARINGA";"Velocidade Incompatível";"Colisão com objeto";"Com Vítimas Feridas";"Plena Noite";"Decrescente";"Céu Claro";"Dupla";"Declive";"Não";2;0;1;0;0;1;1;1;-23,40324167;-51,99632075;"SPRF-PR";"DEL09-PR";"UOP01-DEL09-PR"
348337;2021-03-26;"sexta-feira";"18:30:00";"SC";282;383,8;"HERVAL DOESTE";"Reação tardia ou ineficiente do condutor";"Colisão com objeto";"Com Vítimas Feridas";"Anoitecer";"Decrescente";"Nublado";"Simples";"Curva";"Não";2;0;2;0;0;0;2;1;-27,200508;-51,507919;"SPRF-SC";"DEL07-SC";"UOP05-DEL07-SC"
348338;2021-03-10;"quarta-feira";"11:30:00";"RO";364;15,8;"VILHENA";"Desrespeitar a preferência no cruzamento";"Colisão transversal";"Com Vítimas Feridas";"Pleno dia";"Decrescente";"Nublado";"Simples";"Interseção de Vias";"Sim";2;0;1;0;1;0;1;2;-12,73672751;-60,14804088;"SPRF-RO";"DEL04-RO";"UOP01-DEL04-RO"
348342;2021-03-26;"sexta-feira";"20:10:00";"BA";324;4;"FEIRA DE SANTANA";"Reação tardia ou ineficiente do condutor";"Saída de leito carroçável";"Com Vítimas Feridas";"Plena Noite";"Crescente";"Céu Claro";"Dupla";"Curva";"Não";3;0;2;0;1;0;2;1;-12,2803184;-38,97855543;"SPRF-BA";"DEL02-BA";"UOP01-DEL02-BA"
348343;2021-03-26;"sexta-feira";"18:50:00";"RJ";101;309;"SAO GONCALO";"Condutor deixou de manter distância do veículo da frente";"Engavetamento";"Com Vítimas Feridas";"Plena Noite";"Decrescente";"Céu Claro";"Dupla";"Reta";"Sim";5;0;2;0;2;1;2;4;-22,79498873;-43,03446105;"SPRF-RJ";"DEL02-RJ";"UOP02-DEL02-RJ"
348345;2021-03-26;"sexta-feira";"20:00:00";"BA";110;368;"CATU";"Reação tardia ou ineficiente do condutor";"Colisão lateral sentido oposto";"Com Vítimas Feridas";"Plena Noite";"Crescente";"Céu Claro";"Simples";"Reta";"Não";2;0;1;0;1;0;1;2;-12,40537612;-38,40500399;"SPRF-BA";"DEL01-BA";"UOP04-DEL01-BA"
348346;2021-03-26;"sexta-feira";"19:30:00";"RS";290;285;"CACHOEIRA DO SUL";"Transitar na contramão";"Colisão frontal";"Sem Vítimas";"Plena Noite";"Crescente";"Nublado";"Simples";"Curva";"Sim";6;0;0;0;6;0;0;2;-30,26920068;-53,0962283;"SPRF-RS";"DEL02-RS";"UOP03-DEL02-RS"
348347;2021-03-26;"sexta-feira";"20:20:00";"DF";80;20;"BRASILIA";"Acessar a via sem observar a presença dos outros veículos";"Colisão lateral mesmo sentido";"Com Vítimas Feridas";"Plena Noite";"Crescente";"Céu Claro";"Dupla";"Reta";"Sim";4;0;2;0;2;0;2;2;-15,665005;-48,203583;"SPRF-DF";"DEL03-DF";"UOP02-DEL03-DF"
348349;2021-03-26;"sexta-feira";"20:35:00";"PB";101;87;"JOAO PESSOA";"Avarias e/ou desgaste excessivo no pneu";"Queda de ocupante de veículo";"Com Vítimas Feridas";"Plena Noite";"Decrescente";"Nublado";"Dupla";"Reta";"Sim";2;0;2;0;0;0;2;1;-7,15886802;-34,90628504;"SPRF-PB";"DEL01-PB";"UOP01-DEL01-PB"
348351;2021-03-26;"sexta-feira";"20:15:00";"RS";290;154;"ARROIO DOS RATOS";"Reação tardia ou ineficiente do condutor";"Saída de leito carroçável";"Com Vítimas Feridas";"Plena Noite";"Crescente";"Nublado";"Simples";"Curva";"Não";2;0;2;0;0;0;2;1;-30,107643;-51,747883;"SPRF-RS";"DEL02-RS";"UOP01-DEL02-RS"
348353;2021-03-26;"sexta-feira";"20:00:00";"RJ";101;312;"SAO GONCALO";"Reação tardia ou ineficiente do condutor";"Engavetamento";"Com Vítimas Feridas";"Plena Noite";"Decrescente";"Céu Claro";"Dupla";"Reta";"Sim";4;0;2;0;2;0;2;3;-22,80546555;-43,06156967;"SPRF-RJ";"DEL02-RJ";"UOP02-DEL02-RJ"
348355;2021-03-26;"sexta-feira";"12:00:00";"MA";10;251;"IMPERATRIZ";"Retorno proibido";"Colisão transversal";"Com Vítimas Feridas";"Pleno dia";"Crescente";"Céu Claro";"Simples";"Reta";"Sim";2;0;1;0;0;1;1;2;-5,543249;-47,464447;"SPRF-MA";"DEL04-MA";"UOP01-DEL04-MA"
348356;2021-03-26;"sexta-feira";"19:30:00";"PI";316;261;"IPIRANGA DO PIAUI";"Pedestre cruzava a pista fora da faixa";"Atropelamento de Pedestre";"Com Vítimas Feridas";"Plena Noite";"Crescente";"Céu Claro";"Simples";"Reta";"Sim";3;0;2;0;1;0;2;2;-6,83760703;-41,7377638;"SPRF-PI";"DEL04-PI";"UOP02-DEL04-PI"
348358;2021-03-26;"sexta-feira";"20:05:00";"MG";381;535,9;"ITATIAIUCU";"Reação tardia ou ineficiente do condutor";"Queda de ocupante de veículo";"Com Vítimas Feridas";"Plena Noite";"Crescente";"Ignorado";"Simples";"Reta";"Não";1;0;1;0;0;0;1;1;-20,22443302;-44,39530859;"SPRF-MG";"DEL04-MG";"UOP03-DEL04-MG"
348359;2021-03-26;"sexta-feira";"18:45:00";"MG";381;556;"ITAGUARA";"Velocidade Incompatível";"Capotamento";"Com Vítimas Feridas";"Plena Noite";"Crescente";"Nublado";"Dupla";"Curva";"Não";1;0;1;0;0;0;1;1;-20,36068712;-44,46666568;"SPRF-MG";"DEL04-MG";"UOP03-DEL04-MG"
348361;2021-03-26;"sexta-feira";"20:50:00";"CE";116;31,8;"AQUIRAZ";"Manobra de mudança de faixa";"Colisão traseira";"Com Vítimas Feridas";"Plena Noite";"Crescente";"Nublado";"Dupla";"Curva";"Não";2;0;1;0;1;0;1;2;-4,01989298;-38,51889923;"SPRF-CE";"DEL01-CE";"UOP02-DEL01-CE"
348363;2021-03-26;"sexta-feira";"20:40:00";"RJ";101;263;"RIO BONITO";"Transitar no acostamento";"Atropelamento de Pedestre";"Com Vítimas Feridas";"Plena Noite";"Decrescente";"Céu Claro";"Dupla";"Reta";"Sim";2;0;1;0;1;0;1;2;-22,71887266;-42,62637498;"SPRF-RJ";"DEL02-RJ";"UOP03-DEL02-RJ"
348364;2021-03-26;"sexta-feira";"19:35:00";"BA";242;596;"MUQUEM DE SAO FRANCISCO";"Acessar a via sem observar a presença dos outros veículos";"Colisão traseira";"Com Vítimas Feridas";"Plena Noite";"Decrescente";"Céu Claro";"Simples";"Reta";"Não";4;0;3;0;1;0;3;2;-12,1356963;-43,33083099;"SPRF-BA";"DEL06-BA";"UOP03-DEL06-BA"
348365;2021-03-26;"sexta-feira";"22:00:00";"RS";386;348,4;"LAJEADO";"Reação tardia ou ineficiente do condutor";"Tombamento";"Com Vítimas Feridas";"Plena Noite";"Decrescente";"Nublado";"Dupla";"Aclive";"Sim";3;0;1;0;2;0;1;2;-29,456644;-51,957329;"SPRF-RS";"DEL04-RS";"UOP02-DEL04-RS"
348367;2021-03-26;"sexta-feira";"18:15:00";"MG";40;552;"NOVA LIMA";"Animais na Pista";"Atropelamento de Animal";"Sem Vítimas";"Plena Noite";"Crescente";"Céu Claro";"Simples";"Reta;Interseção de Vias";"Sim";1;0;0;0;1;0;0;1;-20,05943845;-43,97670507;"SPRF-MG";"DEL01-MG";"UOP02-DEL01-MG"
348368;2021-03-26;"sexta-feira";"22:00:00";"SC";470;171,2;"POUSO REDONDO";"Desrespeitar a preferência no cruzamento";"Colisão transversal";"Com Vítimas Feridas";"Plena Noite";"Crescente";"Nublado";"Simples";"Interseção de Vias";"Não";2;0;1;0;1;0;1;2;-27,260828;-49,900455;"SPRF-SC";"DEL04-SC";"UOP02-DEL04-SC"
348369;2021-03-26;"sexta-feira";"22:10:00";"PR";376;164;"MARINGA";"Ingestão de álcool pelo condutor";"Saída de leito carroçável";"Sem Vítimas";"Plena Noite";"Decrescente";"Céu Claro";"Dupla";"Reta";"Não";1;0;0;0;1;0;0;1;-23,38591406;-52,02449602;"SPRF-PR";"DEL09-PR";"UOP01-DEL09-PR"
348374;2021-03-26;"sexta-feira";"22:35:00";"AC";364;126;"RIO BRANCO";"Reação tardia ou ineficiente do condutor";"Tombamento";"Com Vítimas Feridas";"Plena Noite";"Decrescente";"Garoa/Chuvisco";"Simples";"Reta";"Sim";1;0;1;0;0;0;1;1;-10,012822;-67,80875;"SPRF-AC";"DEL01-AC";"UOP01-DEL01-AC"
348376;2021-03-26;"sexta-feira";"22:50:00";"RS";290;91;"PORTO ALEGRE";"Velocidade Incompatível";"Colisão traseira";"Sem Vítimas";"Plena Noite";"Crescente";"Céu Claro";"Simples";"Reta";"Sim";3;0;0;0;2;1;0;2;-29,969055;-51,167439;"SPRF-RS";"DEL01-RS";"UOP01-DEL01-RS"
348377;2021-03-26;"sexta-feira";"19:00:00";"MG";262;133;"RIO CASCA";"Reação tardia ou ineficiente do condutor";"Saída de leito carroçável";"Com Vítimas Feridas";"Plena Noite";"Crescente";"Céu Claro";"Simples";"Reta";"Não";2;0;0;1;1;0;1;1;-20,12927598;-42,69390431;"SPRF-MG";"DEL03-MG";"UOP03-DEL03-MG"
348378;2021-03-27;"sábado";"00:15:00";"SC";101;451;"SAO JOAO DO SUL";"Reação tardia ou ineficiente do condutor";"Saída de leito carroçável";"Com Vítimas Feridas";"Plena Noite";"Decrescente";"Ignorado";"Dupla";"Reta";"Não";1;0;1;0;0;0;1;1;-29,17982211;-49,75464372;"SPRF-SC";"DEL02-SC";"UOP02-DEL02-SC"
348379;2021-03-26;"sexta-feira";"23:20:00";"MG";381;674,5;"PERDOES";"Velocidade Incompatível";"Saída de leito carroçável";"Sem Vítimas";"Plena Noite";"Decrescente";"Chuva";"Dupla";"Curva";"Não";1;0;0;0;1;0;0;1;-21,08836411;-45,06658316;"SPRF-MG";"DEL04-MG";"UOP02-DEL04-MG"
348382;2021-03-27;"sábado";"00:20:00";"PA";230;119;"MARABA";"Transitar na contramão";"Colisão frontal";"Com Vítimas Fatais";"Plena Noite";"Decrescente";"Chuva";"Dupla";"Reta";"Sim";4;1;0;0;2;1;0;3;-5,350407;-49,105981;"SPRF-PA";"DEL03-PA";"UOP01-DEL03-PA"
348383;2021-03-26;"sexta-feira";"20:55:00";"RO";319;62;"PORTO VELHO";"Desrespeitar a preferência no cruzamento";"Colisão transversal";"Com Vítimas Feridas";"Plena Noite";"Decrescente";"Nublado";"Dupla";"Interseção de Vias;Reta";"Sim";2;0;1;0;1;0;1;2;-8,7480458;-63,88811773;"SPRF-RO";"DEL01-RO";"UOP01-DEL01-RO"
348384;2021-03-27;"sábado";"02:30:00";"SP";116;434;"REGISTRO";"Animais na Pista";"Atropelamento de Animal";"Com Vítimas Feridas";"Plena Noite";"Crescente";"Céu Claro";"Dupla";"Reta";"Não";2;0;1;0;1;0;1;1;-24,42368904;-47,77892497;"SPRF-SP";"DEL05-SP";"UOP01-DEL05-SP"
348385;2021-03-27;"sábado";"03:30:00";"MG";262;588,1;"CAMPOS ALTOS";"Pedestre andava na pista";"Atropelamento de Pedestre";"Com Vítimas Fatais";"Plena Noite";"Decrescente";"Nublado";"Simples";"Reta";"Não";2;1;0;0;1;0;0;2;-19,6622537;-46,11856381;"SPRF-MG";"DEL08-MG";"UOP02-DEL08-MG"
348386;2021-03-27;"sábado";"04:20:00";"RS";158;333;"SANTA MARIA";"Ingestão de álcool pelo condutor";"Saída de leito carroçável";"Sem Vítimas";"Plena Noite";"Crescente";"Céu Claro";"Simples";"Aclive;Reta";"Sim";1;0;0;0;1;0;0;1;-29,70846948;-53,86426102;"SPRF-RS";"DEL09-RS";"UOP01-DEL09-RS"
348389;2021-03-27;"sábado";"05:30:00";"MG";381;771;"CAMPANHA";"Condutor Dormindo";"Saída de leito carroçável";"Com Vítimas Feridas";"Amanhecer";"Decrescente";"Céu Claro";"Dupla";"Reta";"Não";1;0;1;0;0;0;1;1;-21,79136317;-45,44895687;"SPRF-MG";"DEL16-MG";"UOP02-DEL16-MG"
348391;2021-03-27;"sábado";"02:00:00";"PR";376;219;"JANDAIA DO SUL";"Ingestão de álcool pelo condutor";"Capotamento";"Sem Vítimas";"Plena Noite";"Decrescente";"Céu Claro";"Simples";"Reta";"Sim";1;0;0;0;1;0;0;1;-23,59805329;-51,60575514;"SPRF-PR";"DEL09-PR";"UOP01-DEL09-PR"
348394;2021-03-27;"sábado";"06:30:00";"SP";101;47,2;"UBATUBA";"Ingestão de álcool pelo condutor";"Colisão com objeto";"Com Vítimas Feridas";"Pleno dia";"Crescente";"Céu Claro";"Simples";"Rotatória";"Sim";1;0;1;0;0;0;1;1;-23,433867;-45,085591;"SPRF-SP";"DEL06-SP";"UOP01-DEL06-SP"
348398;2021-03-27;"sábado";"06:50:00";"SP";116;153,8;"SAO JOSE DOS CAMPOS";"Pista Escorregadia";"Tombamento";"Com Vítimas Feridas";"Pleno dia";"Crescente";"Céu Claro";"Múltipla";"Retorno Regulamentado";"Sim";1;0;1;0;0;0;1;1;-23,23262274;-45,91372624;"SPRF-SP";"DEL02-SP";"UOP01-DEL02-SP"
348399;2021-03-27;"sábado";"07:25:00";"SC";101;206,9;"SAO JOSE";"Desrespeitar a preferência no cruzamento";"Colisão transversal";"Com Vítimas Feridas";"Pleno dia";"Decrescente";"Céu Claro";"Dupla";"Interseção de Vias";"Sim";2;0;1;0;1;0;1;2;-27,59193546;-48,61824557;"SPRF-SC";"DEL01-SC";"UOP01-DEL01-SC"
348400;2021-03-27;"sábado";"05:43:00";"RR";174;501;"BOA VISTA";"Frear bruscamente";"Queda de ocupante de veículo";"Com Vítimas Feridas";"Amanhecer";"Decrescente";"Nublado";"Dupla";"Reta";"Sim";2;0;1;0;1;0;1;2;2,79622071;-60,69837049;"SPRF-RR";"DEL01-RR";"UOP01-DEL01-RR"
348402;2021-01-02;"sábado";"13:20:00";"MG";50;99,9;"UBERLANDIA";"Velocidade Incompatível";"Saída de leito carroçável";"Com Vítimas Feridas";"Pleno dia";"Crescente";"Chuva";"Simples";"Retorno Regulamentado";"Não";2;0;1;0;1;0;1;1;-19,127352;-48,173278;"SPRF-MG";"DEL15-MG";"UOP01-DEL15-MG"
348403;2021-03-27;"sábado";"06:20:00";"MG";153;148;"CAMPO FLORIDO";"Ausência de reação do condutor";"Tombamento";"Com Vítimas Feridas";"Pleno dia";"Decrescente";"Nublado";"Simples";"Reta";"Não";1;0;1;0;0;0;1;1;-19,63284117;-48,85120975;"SPRF-MG";"DEL13-MG";"UOP02-DEL13-MG"
348406;2021-03-27;"sábado";"07:50:00";"BA";235;351,4;"JUAZEIRO";"Acessar a via sem observar a presença dos outros veículos";"Colisão transversal";"Com Vítimas Feridas";"Pleno dia";"Crescente";"Céu Claro";"Simples";"Reta";"Sim";3;0;0;1;1;1;1;3;-9,41740208;-40,50702672;"SPRF-PE";"DEL06-PE";"UOP01-DEL06-PE"
348408;2021-03-27;"sábado";"08:50:00";"RS";290;44;"GLORINHA";"Demais falhas mecânicas ou elétricas";"Incêndio";"Sem Vítimas";"Pleno dia";"Decrescente";"Nublado";"Dupla";"Reta";"Não";1;0;0;0;1;0;0;1;-29,889887;-50,699654;"SPRF-RS";"DEL03-RS";"UOP01-DEL03-RS"
348409;2021-03-27;"sábado";"08:45:00";"RJ";465;4;"SEROPEDICA";"Condutor deixou de manter distância do veículo da frente";"Queda de ocupante de veículo";"Com Vítimas Feridas";"Pleno dia";"Crescente";"Céu Claro";"Simples";"Reta";"Sim";2;0;1;0;1;0;1;2;-22,740971;-43,705597;"SPRF-RJ";"DEL01-RJ";"UOP03-DEL01-RJ"
348413;2021-01-22;"sexta-feira";"17:25:00";"RS";101;1,5;"TORRES";"Condutor Dormindo";"Colisão traseira";"Sem Vítimas";"Pleno dia";"Decrescente";"Sol";"Dupla";"Reta";"Sim";2;0;0;0;2;0;0;2;-29,30762999;-49,77275507;"SPRF-RS";"DEL03-RS";"UOP02-DEL03-RS"
348414;2021-03-27;"sábado";"10:00:00";"GO";153;501,3;"GOIANIA";"Ausência de reação do condutor";"Atropelamento de Pedestre";"Com Vítimas Feridas";"Pleno dia";"Crescente";"Céu Claro";"Múltipla";"Reta";"Sim";2;0;0;2;0;0;2;2;-16,7189;-49,2382;"SPRF-GO";"DEL01-GO";"UOP01-DEL01-GO"
348415;2021-03-27;"sábado";"10:15:00";"ES";101;269;"SERRA";"Manobra de mudança de faixa";"Colisão lateral mesmo sentido";"Com Vítimas Feridas";"Pleno dia";"Decrescente";"Céu Claro";"Múltipla";"Interseção de Vias";"Sim";3;0;2;0;1;0;2;2;-20,2217822;-40,2701534;"SPRF-ES";"DEL02-ES";"UOP01-DEL02-ES"
348417;2021-03-27;"sábado";"08:45:00";"RO";319;63;"PORTO VELHO";"Condutor desrespeitou a iluminação vermelha do semáforo";"Colisão transversal";"Sem Vítimas";"Pleno dia";"Crescente";"Céu Claro";"Dupla";"Interseção de Vias;Reta";"Sim";2;0;0;0;2;0;0;2;-8,766685;-63,884052;"SPRF-RO";"DEL01-RO";"UOP01-DEL01-RO"
348418;2021-03-27;"sábado";"10:30:00";"SP";116;290;"ITAPECERICA DA SERRA";"Animais na Pista";"Atropelamento de Animal";"Com Vítimas Feridas";"Pleno dia";"Decrescente";"Céu Claro";"Dupla";"Curva";"Não";1;0;1;0;0;0;1;1;-23,7303281;-46,89425963;"SPRF-SP";"DEL04-SP";"UOP01-DEL04-SP"
348419;2021-03-27;"sábado";"09:48:00";"MG";116;263;"TEOFILO OTONI";"Pista esburacada";"Queda de ocupante de veículo";"Com Vítimas Feridas";"Pleno dia";"Decrescente";"Céu Claro";"Simples";"Reta";"Não";1;0;1;0;0;0;1;1;-17,74760002;-41,49813083;"SPRF-MG";"DEL11-MG";"UOP01-DEL11-MG"
348420;2021-03-27;"sábado";"10:55:00";"PR";476;114;"COLOMBO";"Desrespeitar a preferência no cruzamento";"Colisão transversal";"Com Vítimas Feridas";"Pleno dia";"Crescente";"Céu Claro";"Simples";"Rotatória";"Sim";2;0;1;0;1;0;1;2;-25,335966;-49,158184;"SPRF-PR";"DEL01-PR";"UOP02-DEL01-PR"
348422;2021-03-27;"sábado";"11:30:00";"PR";116;128;"FAZENDA RIO GRANDE";"Manobra de mudança de faixa";"Colisão traseira";"Com Vítimas Feridas";"Pleno dia";"Crescente";"Céu Claro";"Dupla";"Reta";"Não";3;0;1;1;1;0;2;2;-25,62150831;-49,31621728;"SPRF-PR";"DEL01-PR";"UOP03-DEL01-PR"
348423;2021-01-08;"sexta-feira";"11:00:00";"PE";232;24;"MORENO";"Condutor Dormindo";"Saída de leito carroçável";"Com Vítimas Feridas";"Pleno dia";"Decrescente";"Sol";"Dupla";"Curva";"Não";1;0;0;1;0;0;1;1;-8,10089039;-35,10000944;"SPRF-PE";"DEL02-PE";"UOP02-DEL02PE"
348425;2021-03-27;"sábado";"11:00:00";"PB";405;32;"SAO JOAO DO RIO DO PEIXE";"Condutor deixou de manter distância do veículo da frente";"Colisão traseira";"Com Vítimas Feridas";"Pleno dia";"Decrescente";"Céu Claro";"Simples";"Reta";"Sim";2;0;1;0;1;0;1;2;-6,719008;-38,449127;"SPRF-PB";"DEL03-PB";"UOP03-DEL03-PB"
348429;2021-03-27;"sábado";"11:00:00";"PE";423;58,5;"LAJEDO";"Transitar na contramão";"Colisão frontal";"Com Vítimas Feridas";"Pleno dia";"Decrescente";"Nublado";"Simples";"Reta";"Sim";2;0;1;0;1;0;1;2;-8,6395899;-36,31006213;"SPRF-PE";"DEL03-PE";"UOP01-DEL03-PE"
348430;2021-03-27;"sábado";"12:20:00";"PR";376;217,8;"JANDAIA DO SUL";"Transitar no acostamento";"Colisão transversal";"Com Vítimas Feridas";"Pleno dia";"Crescente";"Céu Claro";"Simples";"Interseção de Vias";"Sim";3;0;2;0;1;0;2;2;-23,59688825;-51,63530231;"SPRF-PR";"DEL09-PR";"UOP01-DEL09-PR"
348433;2021-03-27;"sábado";"12:40:00";"PR";376;631;"SAO JOSE DOS PINHAIS";"Demais falhas mecânicas ou elétricas";"Incêndio";"Sem Vítimas";"Pleno dia";"Crescente";"Céu Claro";"Dupla";"Reta";"Não";1;0;0;0;1;0;0;1;-25,70434399;-49,14198595;"SPRF-PR";"DEL01-PR";"UOP04-DEL01-PR"
348440;2021-03-27;"sábado";"12:45:00";"RJ";101;329,7;"RIO DE JANEIRO";"Reação tardia ou ineficiente do condutor";"Colisão traseira";"Com Vítimas Feridas";"Pleno dia";"Crescente";"Céu Claro";"Dupla";"Reta";"Não";3;0;1;0;2;0;1;3;-22,86939305;-43,175642;"SPRF-RJ";"DEL02-RJ";"UOP02-DEL02-RJ"
348444;2021-03-27;"sábado";"03:30:00";"MT";174;521;"COMODORO";"Acostamento em desnível";"Saída de leito carroçável";"Com Vítimas Feridas";"Plena Noite";"Crescente";"Céu Claro";"Simples";"Reta";"Não";4;0;1;0;3;0;1;1;-13,354328;-59,869476;"SPRF-MT";"DEL04-MT";"UOP01-DEL04-MT"
348445;2021-03-27;"sábado";"13:20:00";"RS";293;25,5;"SANTO ANTONIO DA PATRULHA";"Reação tardia ou ineficiente do condutor";"Saída de leito carroçável";"Com Vítimas Feridas";"Pleno dia";"Decrescente";"Nublado";"Dupla";"Reta";"Não";3;0;3;0;0;0;3;1;-29,88050774;-50,50287768;"SPRF-RS";"DEL07-RS";"UOP01-DEL07-RS"
348447;2021-03-27;"sábado";"08:30:00";"SC";470;138,5;"RIO DO SUL";"Velocidade Incompatível";"Colisão lateral sentido oposto";"Com Vítimas Feridas";"Pleno dia";"Decrescente";"Nublado";"Simples";"Reta";"Não";2;0;0;1;1;0;1;2;-27,207214;-49,648476;"SPRF-SC";"DEL04-SC";"UOP02-DEL04-SC"
348448;2021-03-27;"sábado";"14:05:00";"SC";101;133,1;"BALNEARIO CAMBORIU";"Reação tardia ou ineficiente do condutor";"Colisão traseira";"Com Vítimas Feridas";"Pleno dia";"Decrescente";"Sol";"Dupla";"Reta";"Sim";3;0;1;1;1;0;2;2;-26,99936;-48,64609;"SPRF-SC";"DEL04-SC";"UOP03-DEL04-SC"
348450;2021-03-17;"quarta-feira";"09:20:00";"MG";116;560;"MANHUACU";"Reação tardia ou ineficiente do condutor";"Saída de leito carroçável";"Com Vítimas Fatais";"Pleno dia";"Decrescente";"Sol";"Simples";"Reta";"Não";3;2;0;1;0;0;1;1;-20,03218591;-42,17438624;"SPRF-MG";"DEL06-MG";"UOP03-DEL06-MG"
348452;2021-03-27;"sábado";"13:45:00";"MG";40;278;"TRES MARIAS";"Ausência de reação do condutor";"Saída de leito carroçável";"Com Vítimas Feridas";"Pleno dia";"Crescente";"Céu Claro";"Simples";"Curva";"Sim";2;0;1;1;0;0;2;1;-18,220313;-45,220762;"SPRF-MG";"DEL14-MG";"UOP02-DEL14-MG"
348454;2021-03-27;"sábado";"14:40:00";"PR";277;267;"IRATI";"Mal súbito do condutor";"Saída de leito carroçável";"Com Vítimas Feridas";"Pleno dia";"Crescente";"Sol";"Simples";"Curva";"Não";5;0;2;0;3;0;2;1;-25,39781597;-50,80016994;"SPRF-PR";"DEL03-PR";"UOP03-DEL03-PR"
348456;2021-03-27;"sábado";"13:45:00";"RS";158;248,8;"JULIO DE CASTILHOS";"Pista esburacada";"Saída de leito carroçável";"Com Vítimas Feridas";"Pleno dia";"Crescente";"Chuva";"Simples";"Reta;Declive";"Não";3;0;2;0;1;0;2;1;-29,10065701;-53,65178207;"SPRF-RS";"DEL10-RS";"UOP02-DEL10-RS"
348457;2021-03-27;"sábado";"15:10:00";"SC";101;214,4;"PALHOCA";"Acessar a via sem observar a presença dos outros veículos";"Colisão transversal";"Com Vítimas Feridas";"Pleno dia";"Crescente";"Nublado";"Múltipla";"Reta";"Sim";2;0;0;1;1;0;1;2;-27,64443;-48,67057;"SPRF-SC";"DEL01-SC";"UOP02-DEL01-SC"
348458;2021-03-27;"sábado";"15:10:00";"MG";40;672;"CARANDAI";"Ausência de reação do condutor";"Saída de leito carroçável";"Com Vítimas Feridas";"Pleno dia";"Crescente";"Nublado";"Simples";"Reta";"Não";1;0;1;0;0;0;1;1;-20,97513565;-43,78745209;"SPRF-MG";"DEL05-MG";"UOP02-DEL05-MG"
348459;2021-03-27;"sábado";"13:50:00";"RO";319;63;"PORTO VELHO";"Condutor desrespeitou a iluminação vermelha do semáforo";"Colisão transversal";"Com Vítimas Feridas";"Pleno dia";"Crescente";"Nublado";"Dupla";"Reta;Interseção de Vias";"Sim";2;0;1;0;1;0;1;2;-8,766685;-63,884052;"SPRF-RO";"DEL01-RO";"UOP01-DEL01-RO"
348461;2021-03-27;"sábado";"15:50:00";"PE";408;64;"CARPINA";"Transitar na contramão";"Colisão lateral sentido oposto";"Com Vítimas Feridas";"Pleno dia";"Crescente";"Céu Claro";"Simples";"Curva";"Sim";3;0;2;0;1;0;2;2;-7,846511;-35,24029;"SPRF-PE";"DEL01-PE";"UOP01-DEL01-PE"
348463;2021-03-27;"sábado";"12:20:00";"SC";280;52;"GUARAMIRIM";"Acessar a via sem observar a presença dos outros veículos";"Colisão transversal";"Com Vítimas Feridas";"Pleno dia";"Crescente";"Céu Claro";"Simples";"Reta";"Sim";3;0;2;0;1;0;2;2;-26,468904;-48,96492;"SPRF-SC";"DEL03-SC";"UOP03-DEL03-SC"
348464;2021-03-27;"sábado";"15:00:00";"MT";364;144,7;"PEDRA PRETA";"Condutor Dormindo";"Saída de leito carroçável";"Com Vítimas Feridas";"Pleno dia";"Crescente";"Céu Claro";"Simples";"Reta";"Não";2;0;0;2;0;0;2;1;-16,78287007;-54,16301202;"SPRF-MT";"DEL02-MT";"UOP01-DEL02-MT"
348469;2021-03-27;"sábado";"15:45:00";"SP";116;229;"SAO PAULO";"Ausência de reação do condutor";"Colisão traseira";"Com Vítimas Feridas";"Pleno dia";"Decrescente";"Céu Claro";"Múltipla";"Reta";"Sim";4;0;2;0;2;0;2;2;-23,51291902;-46,57604698;"SPRF-SP";"DEL01-SP";"UOP01-DEL01-SP"
348473;2021-03-27;"sábado";"17:15:00";"RN";304;119,2;"ITAJA";"Acessar a via sem observar a presença dos outros veículos";"Colisão lateral sentido oposto";"Sem Vítimas";"Anoitecer";"Crescente";"Céu Claro";"Simples";"Interseção de Vias";"Não";2;0;0;0;1;1;0;2;-5,62995344;-36,86423021;"SPRF-RN";"DEL04-RN";"UOP01-DEL04-RN"
348474;2021-03-27;"sábado";"17:00:00";"PR";116;117;"CURITIBA";"Trafegar com motocicleta (ou similar) entre as faixas";"Colisão traseira";"Com Vítimas Feridas";"Pleno dia";"Crescente";"Nublado";"Dupla";"Reta";"Sim";2;0;1;0;1;0;1;2;-25,54988723;-49,28248211;"SPRF-PR";"DEL01-PR";"UOP01-DEL01-PR"
348475;2021-03-27;"sábado";"17:10:00";"SC";470;68;"INDAIAL";"Reação tardia ou ineficiente do condutor";"Colisão traseira";"Com Vítimas Feridas";"Anoitecer";"Crescente";"Garoa/Chuvisco";"Simples";"Reta";"Sim";2;0;1;0;1;0;1;2;-26,877615;-49,239231;"SPRF-SC";"DEL04-SC";"UOP01-DEL04-SC"
348476;2021-03-27;"sábado";"13:00:00";"SC";280;113,9;"SAO BENTO DO SUL";"Desrespeitar a preferência no cruzamento";"Colisão transversal";"Com Vítimas Feridas";"Pleno dia";"Crescente";"Sol";"Simples";"Reta";"Não";3;0;2;0;1;0;2;2;-26,29873518;-49,39799743;"SPRF-SC";"DEL06-SC";"UOP03-DEL06-SC"