"id";"data_inversa";"dia_semana";"horario";"uf";"br";"km";"municipio";"causa_acidente";"tipo_acidente";"classificacao_acidente";"fase_dia";"sentido_via";"condicao_metereologica";"tipo_pista";"tracado_via";"uso_solo";"pessoas";"mortos";"feridos_leves";"feridos_graves";"ilesos";"ignorados";"feridos";"veiculos";"latitude";"longitude";"regional";"delegacia";"uop"
348478;2021-03-27;"sábado";"17:20:00";"RJ";116;79;"TERESOPOLIS";"Conversão proibida";"Colisão frontal";"Com Vítimas Feridas";"Pleno dia";"Crescente";"Nublado";"Simples";"Curva";"Sim";7;0;5;2;0;0;7;2;-22,381704;-42,954777;"SPRF-RJ";"DEL04-RJ";"UOP01-DEL04-RJ"
348480;2021-03-27;"sábado";"17:30:00";"MG";354;704;"CAXAMBU";"Ingestão de álcool pelo condutor";"Colisão transversal";"Com Vítimas Feridas";"Pleno dia";"Crescente";"Céu Claro";"Simples";"Curva";"Não";2;0;1;0;1;0;1;2;-21,98404081;-44,92444142;"SPRF-MG";"DEL17-MG";"UOP01-DEL17-MG"
348481;2021-03-27;"sábado";"17:50:00";"PB";101;87;"JOAO PESSOA";"Pedestre cruzava a pista fora da faixa";"Atropelamento de Pedestre";"Com Vítimas Feridas";"Anoitecer";"Crescente";"Céu Claro";"Dupla";"Curva";"Sim";2;0;0;1;0;1;1;2;-7,15886802;-34,90628504;"SPRF-PB";"DEL01-PB";"UOP01-DEL01-PB"
348482;2021-03-27;"sábado";"16:40:00";"SC";101;81,6;"BARRA VELHA";"Ingestão de álcool pelo condutor";"Colisão traseira";"Sem Vítimas";"Pleno dia";"Crescente";"Nublado";"Múltipla";"Reta";"Sim";2;0;0;0;2;0;0;2;-26,60256101;-48,72553524;"SPRF-SC";"DEL03-SC";"UOP02-DEL03-SC"
348485;2021-03-27;"sábado";"18:00:00";"SP";116;270;"TABOAO DA SERRA";"Velocidade Incompatível";"Colisão traseira";"Com Vítimas Feridas";"Anoitecer";"Crescente";"Céu Claro";"Dupla";"Curva";"Sim";3;0;1;0;1;1;1;3;-23,61799728;-46,79677694;"SPRF-SP";"DEL04-SP";"UOP01-DEL04-SP"
348490;2021-03-27;"sábado";"16:35:00";"MG";40;610,4;"CONGONHAS";"Avarias e/ou desgaste excessivo no pneu";"Colisão transversal";"Com Vítimas Fatais";"Pleno dia";"Decrescente";"Chuva";"Simples";"Curva";"Sim";4;1;0;3;0;0;3;2;-20,51043545;-43,84039195;"SPRF-MG";"DEL05-MG";"UOP02-DEL05-MG"
348491;2021-03-27;"sábado";"17:00:00";"MG";40;519;"RIBEIRAO DAS NEVES";"Reação tardia ou ineficiente do condutor";"Saída de leito carroçável";"Com Vítimas Feridas";"Pleno dia";"Decrescente";"Nublado";"Dupla";"Reta";"Sim";3;0;1;1;1;0;2;1;-19,83957589;-44,07684485;"SPRF-MG";"DEL01-MG";"UOP02-DEL01-MG"
348493;2021-03-27;"sábado";"18:30:00";"GO";153;299;"RIALMA";"Ingestão de álcool pelo condutor";"Queda de ocupante de veículo";"Com Vítimas Feridas";"Anoitecer";"Decrescente";"Ignorado";"Simples";"Reta";"Não";2;0;1;0;0;1;1;2;-15,277585;-49,552872;"SPRF-GO";"DEL02-GO";"UOP02-DEL02-GO"
348494;2021-03-27;"sábado";"17:12:00";"RJ";101;313;"SAO GONCALO";"Ausência de reação do condutor";"Colisão lateral mesmo sentido";"Sem Vítimas";"Pleno dia";"Decrescente";"Céu Claro";"Dupla";"Reta";"Sim";3;0;0;0;3;0;0;3;-22,81049093;-43,06983304;"SPRF-RJ";"DEL02-RJ";"UOP02-DEL02-RJ"
348495;2021-03-27;"sábado";"17:45:00";"PR";277;398;"CANDOI";"Desrespeitar a preferência no cruzamento";"Colisão transversal";"Com Vítimas Feridas";"Anoitecer";"Crescente";"Chuva";"Simples";"Reta";"Não";2;0;0;1;1;0;1;2;-25,44778951;-51,90763095;"SPRF-PR";"DEL08-PR";"UOP01-DEL08-PR"
348497;2021-03-27;"sábado";"18:10:00";"MG";40;523;"CONTAGEM";"Avarias e/ou desgaste excessivo no pneu";"Queda de ocupante de veículo";"Com Vítimas Feridas";"Plena Noite";"Crescente";"Céu Claro";"Dupla";"Curva";"Não";2;0;2;0;0;0;2;1;-19,86874894;-44,05962197;"SPRF-MG";"DEL01-MG";"UOP02-DEL01-MG"
348498;2021-03-27;"sábado";"18:00:00";"ES";262;105;"VENDA NOVA DO IMIGRANTE";"Transitar na contramão";"Colisão frontal";"Com Vítimas Feridas";"Anoitecer";"Decrescente";"Céu Claro";"Simples";"Aclive;Reta";"Sim";2;0;0;1;1;0;1;2;-20,32624656;-41,13598921;"SPRF-ES";"DEL01-ES";"UOP02-DEL01-ES"
348500;2021-03-27;"sábado";"17:40:00";"RJ";40;56;"PETROPOLIS";"Velocidade Incompatível";"Saída de leito carroçável";"Com Vítimas Feridas";"Anoitecer";"Crescente";"Céu Claro";"Dupla";"Curva";"Sim";3;0;0;2;1;0;2;1;-22,36179383;-43,12627244;"SPRF-RJ";"DEL05-RJ";"UOP02-DEL05-RJ"
348502;2021-03-27;"sábado";"18:40:00";"SP";381;86;"SAO PAULO";"Velocidade Incompatível";"Saída de leito carroçável";"Com Vítimas Feridas";"Anoitecer";"Crescente";"Céu Claro";"Dupla";"Curva";"Sim";1;0;1;0;0;0;1;1;-23,45930499;-46,57161179;"SPRF-SP";"DEL03-SP";"UOP01-DEL03-SP"
348503;2021-03-27;"sábado";"19:00:00";"PR";469;13;"FOZ DO IGUACU";"Reação tardia ou ineficiente do condutor";"Queda de ocupante de veículo";"Com Vítimas Feridas";"Plena Noite";"Decrescente";"Céu Claro";"Simples";"Reta";"Sim";1;0;1;0;0;0;1;1;-25,5754;-54,5489;"SPRF-PR";"DEL05-PR";"UOP04-DEL05-PR"
348504;2021-03-27;"sábado";"17:00:00";"MG";40;614;"CONGONHAS";"Condutor deixou de manter distância do veículo da frente";"Colisão traseira";"Sem Vítimas";"Pleno dia";"Decrescente";"Chuva";"Simples";"Curva";"Não";2;0;0;0;2;0;0;2;-20,53318846;-43,82261753;"SPRF-MG";"DEL05-MG";"UOP02-DEL05-MG"
348506;2021-03-27;"sábado";"18:50:00";"RJ";116;174;"BELFORD ROXO";"Reação tardia ou ineficiente do condutor";"Capotamento";"Com Vítimas Feridas";"Plena Noite";"Crescente";"Céu Claro";"Múltipla";"Reta";"Sim";5;0;0;2;3;0;2;1;-22,76787919;-43,40975851;"SPRF-RJ";"DEL01-RJ";"UOP02-DEL01-RJ"
348507;2021-03-27;"sábado";"19:00:00";"MG";381;483;"BETIM";"Pista Escorregadia";"Queda de ocupante de veículo";"Com Vítimas Feridas";"Plena Noite";"Crescente";"Céu Claro";"Múltipla";"Reta";"Sim";1;0;1;0;0;0;1;1;-19,95594491;-44,10721699;"SPRF-MG";"DEL01-MG";"UOP03-DEL01-MG"
348508;2021-03-27;"sábado";"13:40:00";"PR";116;46;"CAMPINA GRANDE DO SUL";"Velocidade Incompatível";"Saída de leito carroçável";"Com Vítimas Feridas";"Pleno dia";"Decrescente";"Céu Claro";"Dupla";"Reta";"Não";2;0;2;0;0;0;2;1;-25,20185401;-48,8962139;"SPRF-PR";"DEL01-PR";"UOP02-DEL01-PR"
348509;2021-03-27;"sábado";"19:30:00";"PE";232;35;"MORENO";"Pedestre cruzava a pista fora da faixa";"Atropelamento de Pedestre";"Com Vítimas Feridas";"Plena Noite";"Crescente";"Céu Claro";"Dupla";"Reta";"Sim";3;0;0;1;2;0;1;2;-8,10907341;-35,19256991;"SPRF-PE";"DEL02-PE";"UOP02-DEL02PE"
348511;2021-03-27;"sábado";"18:15:00";"RS";116;521,8;"PELOTAS";"Ingestão de álcool pelo condutor";"Colisão traseira";"Sem Vítimas";"Pleno dia";"Decrescente";"Céu Claro";"Dupla";"Reta";"Sim";2;0;0;0;2;0;0;2;-31,70752405;-52,36800695;"SPRF-RS";"DEL07-RS";"UOP01-DEL07-RS"
348513;2021-03-27;"sábado";"18:40:00";"GO";153;443;"ANAPOLIS";"Ingestão de álcool e/ou substâncias psicoativas pelo pedestre";"Atropelamento de Pedestre";"Com Vítimas Feridas";"Plena Noite";"Crescente";"Céu Claro";"Dupla";"Reta";"Não";2;0;1;0;1;0;1;2;-16,334681;-48,922447;"SPRF-GO";"DEL02-GO";"UOP01-DEL02-GO"
348515;2021-03-27;"sábado";"17:00:00";"RS";116;378,3;"SENTINELA DO SUL";"Acessar a via sem observar a presença dos outros veículos";"Colisão transversal";"Com Vítimas Feridas";"Anoitecer";"Crescente";"Nublado";"Dupla";"Interseção de Vias";"Não";2;0;2;0;0;0;2;2;-30,75375493;-51,63795908;"SPRF-RS";"DEL02-RS";"UOP02-DEL02-RS"
348516;2021-03-27;"sábado";"19:45:00";"SP";153;61,8;"SAO JOSE DO RIO PRETO";"Reação tardia ou ineficiente do condutor";"Tombamento";"Com Vítimas Feridas";"Plena Noite";"Crescente";"Ignorado";"Dupla";"Reta";"Sim";3;0;1;0;2;0;1;3;-20,80502876;-49,35574909;"SPRF-SP";"DEL09-SP";"UOP01-DEL09-SP"
348517;2021-03-27;"sábado";"20:30:00";"PR";277;3,7;"PARANAGUA";"Chuva";"Tombamento";"Sem Vítimas";"Plena Noite";"Decrescente";"Chuva";"Simples";"Reta";"Sim";1;0;0;0;0;1;0;1;-25,547203;-48,560434;"SPRF-PR";"DEL01-PR";"UOP05-DEL01-PR"
348522;2021-03-27;"sábado";"14:10:00";"RO";364;755;"PORTO VELHO";"Acumulo de água sobre o pavimento";"Saída de leito carroçável";"Com Vítimas Feridas";"Pleno dia";"Crescente";"Chuva";"Simples";"Reta";"Não";1;0;1;0;0;0;1;1;-9,07467793;-64,05674403;"SPRF-RO";"DEL01-RO";"UOP02-DEL01-RO"
348523;2021-03-27;"sábado";"21:00:00";"GO";50;280,5;"CATALAO";"Ingestão de álcool pelo condutor";"Colisão transversal";"Sem Vítimas";"Plena Noite";"Decrescente";"Céu Claro";"Simples";"Interseção de Vias";"Sim";3;0;0;0;3;0;0;2;-18,18178174;-47,94134444;"SPRF-GO";"DEL06-GO";"UOP01-DEL06-GO"
348524;2021-03-27;"sábado";"21:30:00";"BA";410;1;"RIBEIRA DO POMBAL";"Reação tardia ou ineficiente do condutor";"Colisão traseira";"Com Vítimas Feridas";"Plena Noite";"Decrescente";"Céu Claro";"Simples";"Reta";"Não";5;0;1;2;2;0;3;2;-10,81977994;-38,53734704;"SPRF-BA";"DEL07-BA";"UOP02-DEL07-BA"
348525;2021-03-27;"sábado";"20:45:00";"PR";158;408;"LARANJEIRAS DO SUL";"Ingestão de álcool pelo condutor";"Colisão traseira";"Sem Vítimas";"Plena Noite";"Crescente";"Nublado";"Simples";"Reta";"Não";2;0;0;0;2;0;0;1;-25,385925;-52,412945;"SPRF-PR";"DEL04-PR";"UOP02-DEL04-PR"
348528;2021-03-27;"sábado";"18:00:00";"ES";482;105;"GUACUI";"Reação tardia ou ineficiente do condutor";"Colisão traseira";"Com Vítimas Feridas";"Plena Noite";"Crescente";"Céu Claro";"Simples";"Reta";"Sim";2;0;1;0;1;0;1;2;-20,777433;-41,66744;"SPRF-ES";"DEL03-ES";"UOP02-DEL03-ES"
348530;2021-03-27;"sábado";"21:30:00";"PI";316;4,1;"TERESINA";"Ausência de reação do condutor";"Saída de leito carroçável";"Com Vítimas Feridas";"Plena Noite";"Decrescente";"Garoa/Chuvisco";"Múltipla";"Curva";"Sim";1;0;1;0;0;0;1;1;-5,13655894;-42,78900388;"SPRF-PI";"DEL01-PI";"UOP02-DEL01-PI"
348531;2021-03-27;"sábado";"21:00:00";"RJ";116;97;"TERESOPOLIS";"Transitar na contramão";"Colisão frontal";"Com Vítimas Feridas";"Plena Noite";"Decrescente";"Nublado";"Simples";"Curva";"Não";5;0;4;0;1;0;4;2;-22,47811419;-42,99603471;"SPRF-RJ";"DEL04-RJ";"UOP02-DEL04-RJ"
348532;2021-03-27;"sábado";"20:00:00";"RJ";116;174;"BELFORD ROXO";"Ingestão de álcool pelo condutor";"Colisão traseira";"Sem Vítimas";"Plena Noite";"Crescente";"Céu Claro";"Dupla";"Reta";"Sim";3;0;0;0;3;0;0;3;-22,79423806;-43,36403759;"SPRF-RJ";"DEL01-RJ";"UOP02-DEL01-RJ"
348533;2021-03-27;"sábado";"16:45:00";"MG";459;88,7;"CONGONHAL";"Acessar a via sem observar a presença dos outros veículos";"Colisão traseira";"Com Vítimas Feridas";"Pleno dia";"Decrescente";"Céu Claro";"Simples";"Reta";"Não";3;0;2;0;1;0;2;2;-22,164391;-46,004518;"SPRF-MG";"DEL09-MG";"UOP01-DEL09-MG"
348534;2021-03-27;"sábado";"21:40:00";"RS";116;252;"SAPUCAIA DO SUL";"Manobra de mudança de faixa";"Colisão traseira";"Sem Vítimas";"Plena Noite";"Crescente";"Nublado";"Dupla";"Reta";"Sim";2;0;0;0;2;0;0;2;-29,80521773;-51,16674185;"SPRF-RS";"DEL01-RS";"UOP02-DEL01-RS"
348535;2021-03-27;"sábado";"19:30:00";"MT";163;691;"LUCAS DO RIO VERDE";"Velocidade Incompatível";"Saída de leito carroçável";"Com Vítimas Feridas";"Plena Noite";"Crescente";"Céu Claro";"Simples";"Reta";"Sim";1;0;1;0;0;0;1;1;-13,15077404;-55,97136391;"SPRF-MT";"DEL06-MT";"UOP01-DEL06-MT"
348536;2021-03-27;"sábado";"21:15:00";"RO";364;245,6;"CACOAL";"Velocidade Incompatível";"Colisão com objeto";"Sem Vítimas";"Plena Noite";"Decrescente";"Nublado";"Simples";"Interseção de Vias";"Não";1;0;0;0;0;1;0;1;-11,439594;-61,518504;"SPRF-RO";"DEL02-RO";"UOP02-DEL02-RO"
348537;2021-03-27;"sábado";"22:10:00";"PR";277;70;"SAO JOSE DOS PINHAIS";"Velocidade Incompatível";"Colisão com objeto";"Com Vítimas Feridas";"Plena Noite";"Decrescente";"Garoa/Chuvisco";"Dupla";"Reta";"Não";1;0;1;0;0;0;1;1;-25,568939;-49,181978;"SPRF-PR";"DEL01-PR";"UOP01-DEL01-PR"
348540;2021-03-27;"sábado";"22:15:00";"SP";116;148;"SAO JOSE DOS CAMPOS";"Pedestre andava na pista";"Atropelamento de Pedestre";"Com Vítimas Feridas";"Plena Noite";"Decrescente";"Céu Claro";"Dupla";"Reta";"Não";2;0;2;0;0;0;2;2;-23,20067421;-45,8795018;"SPRF-SP";"DEL02-SP";"UOP01-DEL02-SP"
348543;2021-02-03;"quarta-feira";"18:25:00";"PR";116;119;"CURITIBA";"Trafegar com motocicleta (ou similar) entre as faixas";"Colisão lateral mesmo sentido";"Com Vítimas Feridas";"Anoitecer";"Crescente";"Chuva";"Dupla";"Reta";"Sim";3;0;1;0;1;1;1;2;-25,54456009;-49,30146002;"SPRF-PR";"DEL01-PR";"UOP01-DEL01-PR"
348545;2021-03-27;"sábado";"10:00:00";"RJ";101;278;"TANGUA";"Velocidade Incompatível";"Saída de leito carroçável";"Sem Vítimas";"Plena Noite";"Crescente";"Céu Claro";"Dupla";"Reta";"Sim";1;0;0;0;0;1;0;1;-22,74024136;-42,75799897;"SPRF-RJ";"DEL02-RJ";"UOP03-DEL02-RJ"
348546;2021-03-27;"sábado";"22:15:00";"MT";70;5;"BARRA DO GARCAS";"Condutor usando celular";"Colisão com objeto";"Com Vítimas Feridas";"Plena Noite";"Crescente";"Céu Claro";"Dupla";"Reta";"Sim";1;0;1;0;0;0;1;1;-15,87814789;-52,296134;"SPRF-MT";"DEL07-MT";"UOP01-DEL07-MT"
348547;2021-03-27;"sábado";"23:30:00";"RN";101;100,2;"PARNAMIRIM";"Avarias e/ou desgaste excessivo no pneu";"Colisão com objeto";"Sem Vítimas";"Plena Noite";"Decrescente";"Nublado";"Dupla";"Reta";"Sim";1;0;0;0;0;1;0;1;-5,87968751;-35,2250433;"SPRF-RN";"DEL01-RN";"UOP01-DEL01-RN"
348548;2021-03-27;"sábado";"22:30:00";"RS";285;341;"CARAZINHO";"Condutor deixou de manter distância do veículo da frente";"Colisão traseira";"Sem Vítimas";"Plena Noite";"Crescente";"Chuva";"Simples";"Reta";"Não";2;0;0;0;1;1;0;2;-28,317753;-52,806843;"SPRF-RS";"DEL08-RS";"UOP03-DEL08-RS"
348549;2021-03-28;"domingo";"00:02:00";"GO";60;107;"GOIANAPOLIS";"Ingestão de álcool pelo condutor";"Colisão com objeto";"Com Vítimas Feridas";"Plena Noite";"Decrescente";"Céu Claro";"Dupla";"Reta";"Não";2;0;0;1;1;0;1;1;-16,431;-49,018;"SPRF-GO";"DEL02-GO";"UOP01-DEL02-GO"
348550;2021-03-27;"sábado";"23:15:00";"SC";101;45;"JOINVILLE";"Ingestão de álcool e/ou substâncias psicoativas pelo pedestre";"Colisão com objeto";"Sem Vítimas";"Plena Noite";"Decrescente";"Garoa/Chuvisco";"Dupla";"Reta";"Sim";1;0;0;0;1;0;0;1;-26,32214492;-48,8689509;"SPRF-SC";"DEL03-SC";"UOP01-DEL03-SC"
348552;2021-03-27;"sábado";"23:40:00";"PR";277;100,1;"CURITIBA";"Frear bruscamente";"Colisão lateral mesmo sentido";"Com Vítimas Feridas";"Plena Noite";"Decrescente";"Nublado";"Dupla";"Reta";"Sim";2;0;0;1;1;0;1;2;-25,52924091;-49,32682192;"SPRF-PR";"DEL01-PR";"UOP01-DEL01-PR"
348556;2021-03-28;"domingo";"00:10:00";"RJ";116;187;"NOVA IGUACU";"Ingestão de álcool pelo condutor";"Colisão traseira";"Sem Vítimas";"Plena Noite";"Decrescente";"Céu Claro";"Dupla";"Reta";"Sim";2;0;0;0;2;0;0;2;-22,73883756;-43,47245197;"SPRF-RJ";"DEL01-RJ";"UOP02-DEL01-RJ"
348557;2021-03-27;"sábado";"23:45:00";"RJ";101;313;"SAO GONCALO";"Ausência de reação do condutor";"Colisão com objeto";"Sem Vítimas";"Plena Noite";"Decrescente";"Céu Claro";"Dupla";"Reta";"Não";1;0;0;0;1;0;0;1;-22,81049093;-43,06983304;"SPRF-RJ";"DEL02-RJ";"UOP02-DEL02-RJ"
348558;2021-03-27;"sábado";"22:45:00";"RJ";393;283;"VOLTA REDONDA";"Conversão proibida";"Colisão frontal";"Com Vítimas Feridas";"Plena Noite";"Crescente";"Céu Claro";"Simples";"Interseção de Vias";"Não";2;0;1;0;1;0;1;2;-22,47606388;-44,04976392;"SPRF-RJ";"DEL05-RJ";"UOP04-DEL05-RJ"
348560;2021-03-28;"domingo";"01:20:00";"PE";408;74;"PAUDALHO";"Chuva";"Colisão traseira";"Sem Vítimas";"Plena Noite";"Crescente";"Chuva";"Múltipla";"Reta";"Sim";2;0;0;0;0;2;0;2;-7,89701706;-35,17300548;"SPRF-PE";"DEL01-PE";"UOP01-DEL01-PE"
348561;2021-03-27;"sábado";"22:50:00";"RO";319;64;"PORTO VELHO";"Condutor desrespeitou a iluminação vermelha do semáforo";"Colisão transversal";"Sem Vítimas";"Plena Noite";"Decrescente";"Céu Claro";"Dupla";"Interseção de Vias;Reta";"Sim";2;0;0;0;2;0;0;2;-8,766685;-63,884052;"SPRF-RO";"DEL01-RO";"UOP01-DEL01-RO"
348562;2021-03-28;"domingo";"00:00:00";"SC";282;525,9;"XAXIM";"Ingestão de álcool pelo condutor";"Colisão com objeto";"Com Vítimas Feridas";"Plena Noite";"Crescente";"Chuva";"Simples";"Reta";"Não";1;0;1;0;0;0;1;1;-26,965441;-52,566383;"SPRF-SC";"DEL07-SC";"UOP01-DEL07-SC"
348563;2021-03-28;"domingo";"01:10:00";"GO";40;11,5;"LUZIANIA";"Condutor Dormindo";"Saída de leito carroçável";"Com Vítimas Feridas";"Plena Noite";"Decrescente";"Céu Claro";"Dupla";"Reta";"Sim";1;0;0;1;0;0;1;1;-16,138336;-47,951644;"SPRF-DF";"DEL01-DF";"UOP01-DEL01-DF"
348564;2021-03-27;"sábado";"19:30:00";"RJ";493;1;"ITABORAI";"Área urbana sem a presença de local apropriado para a travessia de pedestres";"Atropelamento de Pedestre";"Com Vítimas Fatais";"Plena Noite";"Decrescente";"Céu Claro";"Dupla";"Em Obras";"Sim";2;1;0;0;1;0;0;2;-22,76398788;-42,92731895;"SPRF-RJ";"DEL02-RJ";"UOP02-DEL02-RJ"
348569;2021-03-28;"domingo";"00:10:00";"GO";40;137,4;"CRISTALINA";"Condutor Dormindo";"Saída de leito carroçável";"Sem Vítimas";"Plena Noite";"Crescente";"Céu Claro";"Simples";"Curva;Aclive";"Não";1;0;0;0;1;0;0;1;-16,950403;-47,306603;"SPRF-DF";"DEL01-DF";"UOP02-DEL01-DF"
348570;2021-03-28;"domingo";"00:20:00";"SC";470;70;"INDAIAL";"Transitar na contramão";"Capotamento";"Com Vítimas Feridas";"Pleno dia";"Decrescente";"Garoa/Chuvisco";"Dupla";"Reta";"Não";2;0;2;0;0;0;2;1;-26,889374;-49,254478;"SPRF-SC";"DEL04-SC";"UOP01-DEL04-SC"
348571;2021-03-27;"sábado";"21:25:00";"MG";381;862,5;"POUSO ALEGRE";"Ausência de reação do condutor";"Colisão com objeto";"Com Vítimas Feridas";"Plena Noite";"Decrescente";"Céu Claro";"Dupla";"Declive;Reta";"Não";1;0;0;1;0;0;1;1;-22,33780069;-45,92399418;"SPRF-MG";"DEL16-MG";"UOP01-DEL16-MG"
348573;2021-03-27;"sábado";"21:00:00";"PI";407;426;"PICOS";"Reação tardia ou ineficiente do condutor";"Colisão transversal";"Com Vítimas Fatais";"Plena Noite";"Decrescente";"Céu Claro";"Simples";"Reta";"Sim";3;1;0;1;0;1;1;2;-7,10202791;-41,41802488;"SPRF-PI";"DEL04-PI";"UOP01-DEL04-PI"
348574;2021-03-28;"domingo";"02:30:00";"SC";282;560,6;"NOVA ITABERABA";"Ingestão de álcool pelo condutor";"Saída de leito carroçável";"Com Vítimas Feridas";"Plena Noite";"Crescente";"Chuva";"Simples";"Reta";"Não";3;0;2;1;0;0;3;1;-26,927135;-52,856205;"SPRF-SC";"DEL07-SC";"UOP01-DEL07-SC"
348576;2021-03-28;"domingo";"01:30:00";"AM";230;613;"HUMAITA";"Reação tardia ou ineficiente do condutor";"Colisão lateral mesmo sentido";"Com Vítimas Fatais";"Plena Noite";"Decrescente";"Nublado";"Simples";"Reta";"Sim";4;1;0;1;2;0;1;3;-7,51919305;-63,03298473;"SPRF-AM";"DEL01-AM";"UOP05-DEL01-AM"
348577;2021-03-28;"domingo";"04:30:00";"RJ";116;124;"MAGE";"Ausência de reação do condutor";"Queda de ocupante de veículo";"Com Vítimas Fatais";"Plena Noite";"Decrescente";"Céu Claro";"Dupla";"Reta";"Não";1;1;0;0;0;0;0;1;-22,64632807;-43,07016895;"SPRF-RJ";"DEL04-RJ";"UOP02-DEL04-RJ"
348578;2021-03-28;"domingo";"03:00:00";"MT";364;379;"SANTO ANTONIO DO LEVERGER";"Acumulo de água sobre o pavimento";"Queda de ocupante de veículo";"Com Vítimas Feridas";"Plena Noite";"Decrescente";"Garoa/Chuvisco";"Dupla";"Reta";"Não";1;0;1;0;0;0;1;1;-15,702794;-55,798983;"SPRF-MT";"DEL01-MT";"UOP02-DEL01-MT"
348579;2021-03-28;"domingo";"05:40:00";"CE";222;136,7;"IRAUCUBA";"Manobra de mudança de faixa";"Colisão traseira";"Com Vítimas Feridas";"Pleno dia";"Decrescente";"Céu Claro";"Simples";"Reta";"Não";2;0;1;0;1;0;1;2;-3,7362225091;-39,6762234225;"SPRF-CE";"DEL04-CE";"UOP03-DEL04-CE"
348580;2021-03-28;"domingo";"00:40:00";"RS";386;123,8;"SARANDI";"Demais falhas mecânicas ou elétricas";"Incêndio";"Sem Vítimas";"Plena Noite";"Crescente";"Garoa/Chuvisco";"Simples";"Reta";"Não";1;0;0;0;0;1;0;1;-27,891571;-52,982811;"SPRF-RS";"DEL08-RS";"UOP01-DEL08-RS"
348581;2021-03-27;"sábado";"16:20:00";"CE";222;63,5;"SAO GONCALO DO AMARANTE";"Manobra de mudança de faixa";"Colisão traseira";"Sem Vítimas";"Pleno dia";"Crescente";"Céu Claro";"Dupla";"Reta";"Não";2;0;0;0;2;0;0;2;-3,6717776;-39,10726798;"SPRF-CE";"DEL01-CE";"UOP03-DEL01-CE"
348583;2021-03-28;"domingo";"05:30:00";"GO";40;10,5;"LUZIANIA";"Velocidade Incompatível";"Colisão lateral mesmo sentido";"Com Vítimas Feridas";"Amanhecer";"Decrescente";"Céu Claro";"Dupla";"Reta";"Sim";5;0;4;0;1;0;4;2;-16,131285;-47,957923;"SPRF-DF";"DEL01-DF";"UOP01-DEL01-DF"
348584;2021-03-28;"domingo";"04:40:00";"PI";316;69,1;"MONSENHOR GIL";"Transitar na contramão";"Colisão frontal";"Sem Vítimas";"Amanhecer";"Crescente";"Céu Claro";"Simples";"Reta";"Não";2;0;0;0;1;1;0;2;-5,64919099;-42,59145462;"SPRF-PI";"DEL01-PI";"UOP02-DEL01-PI"
348585;2021-03-28;"domingo";"05:00:00";"RN";304;236;"RIACHUELO";"Mal súbito do condutor";"Tombamento";"Com Vítimas Feridas";"Pleno dia";"Crescente";"Céu Claro";"Simples";"Reta";"Não";1;0;0;1;0;0;1;1;-5,771649;-35,85737;"SPRF-RN";"DEL01-RN";"UOP02-DEL01-RN"
348587;2021-03-28;"domingo";"02:50:00";"SC";282;356,8;"CAMPOS NOVOS";"Velocidade Incompatível";"Capotamento";"Com Vítimas Feridas";"Plena Noite";"Decrescente";"Céu Claro";"Simples";"Reta";"Não";2;0;2;0;0;0;2;1;-27,342428;-51,340664;"SPRF-SC";"DEL07-SC";"UOP05-DEL07-SC"
348588;2021-03-28;"domingo";"07:00:00";"RS";116;240,8;"NOVO HAMBURGO";"Acumulo de óleo sobre o pavimento";"Colisão traseira";"Com Vítimas Feridas";"Pleno dia";"Crescente";"Céu Claro";"Dupla";"Reta";"Sim";2;0;1;0;1;0;1;2;-29,70496497;-51,14676523;"SPRF-RS";"DEL01-RS";"UOP02-DEL01-RS"
348590;2021-03-27;"sábado";"20:35:00";"RJ";116;167;"SAO JOAO DE MERITI";"Reação tardia ou ineficiente do condutor";"Colisão com objeto";"Com Vítimas Feridas";"Plena Noite";"Crescente";"Ignorado";"Simples";"Curva";"Sim";2;0;2;0;0;0;2;1;-22,80094944;-43,35162163;"SPRF-RJ";"DEL01-RJ";"UOP01-DEL01-RJ"
348591;2021-03-28;"domingo";"07:25:00";"MS";262;324,4;"CAMPO GRANDE";"Objeto estático sobre o leito carroçável";"Colisão com objeto";"Com Vítimas Feridas";"Pleno dia";"Decrescente";"Sol";"Simples";"Reta";"Não";1;0;0;1;0;0;1;1;-20,468485;-54,518886;"SPRF-MS";"DEL01-MS";"UOP01-DEL01-MS"
348593;2021-03-13;"sábado";"23:30:00";"SC";101;136;"BALNEARIO CAMBORIU";"Pista Escorregadia";"Tombamento";"Com Vítimas Feridas";"Plena Noite";"Crescente";"Céu Claro";"Múltipla";"Reta";"Não";1;0;1;0;0;0;1;1;-27,008113;-48,617245;"SPRF-SC";"DEL04-SC";"UOP03-DEL04-SC"
348595;2021-03-28;"domingo";"07:30:00";"MT";70;521;"VARZEA GRANDE";"Condutor desrespeitou a iluminação vermelha do semáforo";"Colisão transversal";"Com Vítimas Feridas";"Pleno dia";"Decrescente";"Céu Claro";"Simples";"Interseção de Vias";"Sim";4;0;2;0;2;0;2;2;-15,667821;-56,18190277;"SPRF-MT";"DEL01-MT";"UOP02-DEL01-MT"
348598;2021-03-28;"domingo";"08:00:00";"CE";222;211,5;"FORQUILHA";"Velocidade Incompatível";"Saída de leito carroçável";"Com Vítimas Feridas";"Pleno dia";"Decrescente";"Céu Claro";"Simples";"Curva";"Não";1;0;1;0;0;0;1;1;-3,794107;-40,275047;"SPRF-CE";"DEL04-CE";"UOP01-DEL04-CE"