"id";"data_inversa";"dia_semana";"horario";"uf";"br";"km";"municipio";"causa_acidente";"tipo_acidente";"classificacao_acidente";"fase_dia";"sentido_via";"condicao_metereologica";"tipo_pista";"tracado_via";"uso_solo";"pessoas";"mortos";"feridos_leves";"feridos_graves";"ilesos";"ignorados";"feridos";"veiculos";"latitude";"longitude";"regional";"delegacia";"uop"
348599;2021-03-24;"quarta-feira";"12:20:00";"RS";158;139,7;"CONDOR";"Transitar na contramão";"Colisão frontal";"Com Vítimas Feridas";"Pleno dia";"Decrescente";"Céu Claro";"Simples";"Reta";"Não";3;0;2;1;0;0;3;2;-28,19297114;-53,47752228;"SPRF-RS";"DEL08-RS";"UOP02-DEL08-RS"
348600;2021-03-28;"domingo";"09:40:00";"SE";101;8;"CEDRO DE SAO JOAO";"Chuva";"Saída de leito carroçável";"Com Vítimas Feridas";"Pleno dia";"Crescente";"Chuva";"Dupla";"Declive";"Não";4;0;4;0;0;0;4;1;-10,26375274;-36,86557237;"SPRF-SE";"DEL02-SE";"UOP02-DEL02-SE"
348603;2021-03-28;"domingo";"08:40:00";"RS";116;523,5;"PELOTAS";"Ingestão de álcool pelo condutor";"Tombamento";"Com Vítimas Feridas";"Pleno dia";"Decrescente";"Nublado";"Simples";"Aclive;Curva";"Não";2;0;2;0;0;0;2;1;-31,72606827;-52,38323797;"SPRF-RS";"DEL07-RS";"UOP01-DEL07-RS"
348605;2021-03-28;"domingo";"05:00:00";"AC";317;246;"XAPURI";"Animais na Pista";"Saída de leito carroçável";"Sem Vítimas";"Amanhecer";"Decrescente";"Céu Claro";"Simples";"Aclive";"Não";1;0;0;0;1;0;0;1;-10,78472114;-68,45243978;"SPRF-AC";"DEL01-AC";"UOP02-DEL01-AC"
348606;2021-03-28;"domingo";"10:45:00";"ES";262;3,8;"CARIACICA";"Reação tardia ou ineficiente do condutor";"Colisão traseira";"Sem Vítimas";"Pleno dia";"Crescente";"Céu Claro";"Múltipla";"Reta";"Sim";2;0;0;0;2;0;0;2;-20,33634771;-40,37853241;"SPRF-ES";"DEL01-ES";"UOP01-DEL01-ES"
348607;2021-03-08;"segunda-feira";"11:25:00";"RO";174;10;"VILHENA";"Velocidade Incompatível";"Colisão frontal";"Com Vítimas Feridas";"Pleno dia";"Decrescente";"Nublado";"Dupla";"Reta";"Sim";2;0;1;1;0;0;2;2;-12,75194006;-60,10600907;"SPRF-RO";"DEL04-RO";"UOP01-DEL04-RO"
348608;2021-03-28;"domingo";"10:55:00";"SC";470;7,5;"ITAJAI";"Condutor deixou de manter distância do veículo da frente";"Colisão traseira";"Com Vítimas Feridas";"Pleno dia";"Decrescente";"Nublado";"Simples";"Viaduto";"Não";3;0;1;0;2;0;1;2;-26,84499;-48,71505;"SPRF-SC";"DEL04-SC";"UOP04-DEL04-SC"
348610;2021-03-28;"domingo";"10:10:00";"PR";376;623,8;"SAO JOSE DOS PINHAIS";"Estacionar ou parar em local proibido";"Colisão lateral mesmo sentido";"Sem Vítimas";"Pleno dia";"Decrescente";"Sol";"Dupla";"Reta;Aclive";"Não";4;0;0;0;3;1;0;3;-25,63462416;-49,16182135;"SPRF-PR";"DEL01-PR";"UOP04-DEL01-PR"
348612;2021-03-28;"domingo";"10:45:00";"GO";60;57,4;"ABADIANIA";"Demais falhas mecânicas ou elétricas";"Saída de leito carroçável";"Com Vítimas Feridas";"Pleno dia";"Decrescente";"Céu Claro";"Dupla";"Reta";"Não";1;0;1;0;0;0;1;1;-16,1903;-48,679;"SPRF-GO";"DEL02-GO";"UOP01-DEL02-GO"
348614;2021-03-28;"domingo";"11:30:00";"RJ";356;152,2;"CAMPOS DOS GOYTACAZES";"Retorno proibido";"Colisão transversal";"Com Vítimas Feridas";"Pleno dia";"Crescente";"Céu Claro";"Simples";"Curva";"Não";2;0;0;1;1;0;1;2;-21,75886106;-41,25301796;"SPRF-RJ";"DEL08-RJ";"UOP02-DEL08-RJ"
348615;2021-03-28;"domingo";"10:50:00";"PR";376;302,4;"MAUA DA SERRA";"Curva acentuada";"Queda de ocupante de veículo";"Com Vítimas Feridas";"Pleno dia";"Decrescente";"Sol";"Dupla";"Curva;Aclive";"Não";1;0;1;0;0;0;1;1;-23,93877119;-51,14399672;"SPRF-PR";"DEL07-PR";"UOP02-DEL07-PR"
348616;2021-03-28;"domingo";"11:45:00";"SC";470;68,1;"INDAIAL";"Retorno proibido";"Colisão transversal";"Com Vítimas Feridas";"Pleno dia";"Decrescente";"Céu Claro";"Simples";"Reta;Em Obras";"Sim";2;0;1;0;1;0;1;2;-26,87976079;-49,24201012;"SPRF-SC";"DEL04-SC";"UOP01-DEL04-SC"
348620;2021-03-28;"domingo";"09:05:00";"PB";361;110;"ITAPORANGA";"Transitar na contramão";"Colisão frontal";"Com Vítimas Fatais";"Pleno dia";"Decrescente";"Nublado";"Simples";"Reta";"Não";4;3;0;0;1;0;0;2;-7,29695102;-38,11983399;"SPRF-PB";"DEL03-PB";"UOP01-DEL03-PB"
348621;2021-03-28;"domingo";"12:40:00";"SP";116;219;"GUARULHOS";"Velocidade Incompatível";"Queda de ocupante de veículo";"Com Vítimas Feridas";"Pleno dia";"Crescente";"Nublado";"Múltipla";"Reta";"Não";2;0;1;0;0;1;1;2;-23,46143954;-46,48885316;"SPRF-SP";"DEL01-SP";"UOP01-DEL01-SP"
348622;2021-03-28;"domingo";"11:45:00";"TO";153;311;"PRESIDENTE KENNEDY";"Condutor usando celular";"Saída de leito carroçável";"Com Vítimas Feridas";"Pleno dia";"Crescente";"Céu Claro";"Simples";"Reta";"Não";1;0;0;1;0;0;1;1;-8,6315839;-48,48744437;"SPRF-TO";"DEL02-TO";"UOP01-DEL02-TO"
348623;2021-03-28;"domingo";"12:50:00";"SE";101;80,9;"LARANJEIRAS";"Ingestão de álcool pelo condutor";"Colisão traseira";"Com Vítimas Feridas";"Pleno dia";"Crescente";"Céu Claro";"Dupla";"Reta";"Não";3;0;2;0;1;0;2;2;-10,79993997;-37,14082565;"SPRF-SE";"DEL01-SE";"UOP01-DEL01-SE"
348624;2021-03-28;"domingo";"12:40:00";"DF";70;12;"BRASILIA";"Manobra de mudança de faixa";"Saída de leito carroçável";"Com Vítimas Feridas";"Pleno dia";"Crescente";"Céu Claro";"Dupla";"Reta";"Sim";1;0;1;0;0;0;1;1;-15,792243;-48,158543;"SPRF-DF";"DEL03-DF";"UOP02-DEL03-DF"
348625;2021-03-28;"domingo";"13:00:00";"RJ";101;415;"MANGARATIBA";"Ultrapassagem Indevida";"Saída de leito carroçável";"Com Vítimas Feridas";"Pleno dia";"Crescente";"Céu Claro";"Simples";"Curva";"Não";3;0;1;0;2;0;1;1;-22,90433243;-43,88181398;"SPRF-RJ";"DEL03-RJ";"UOP01-DEL03-RJ"
348627;2021-03-28;"domingo";"13:15:00";"RJ";101;323;"NITEROI";"Reação tardia ou ineficiente do condutor";"Colisão lateral mesmo sentido";"Com Vítimas Feridas";"Pleno dia";"Decrescente";"Céu Claro";"Dupla";"Reta";"Sim";4;0;2;0;2;0;2;2;-22,87684786;-43,11728689;"SPRF-RJ";"DEL02-RJ";"UOP02-DEL02-RJ"
348628;2021-03-28;"domingo";"13:00:00";"RS";101;11;"DOM PEDRO DE ALCANTARA";"Acumulo de água sobre o pavimento";"Saída de leito carroçável";"Com Vítimas Feridas";"Pleno dia";"Decrescente";"Chuva";"Dupla";"Reta";"Não";2;0;2;0;0;0;2;1;-29,383152;-49,832479;"SPRF-RS";"DEL03-RS";"UOP02-DEL03-RS"
348630;2021-03-28;"domingo";"12:20:00";"RS";158;108,7;"PALMEIRA DAS MISSOES";"Transitar no acostamento";"Saída de leito carroçável";"Com Vítimas Feridas";"Pleno dia";"Crescente";"Nublado";"Simples";"Curva";"Não";1;0;0;1;0;0;1;1;-27,96563496;-53,32476412;"SPRF-RS";"DEL08-RS";"UOP02-DEL08-RS"
348631;2021-03-28;"domingo";"14:33:00";"SC";470;125;"LONTRAS";"Reação tardia ou ineficiente do condutor";"Colisão traseira";"Com Vítimas Feridas";"Pleno dia";"Crescente";"Céu Claro";"Simples";"Reta";"Sim";2;0;1;0;1;0;1;2;-27,120506;-49,534946;"SPRF-SC";"DEL04-SC";"UOP02-DEL04-SC"
348632;2021-03-28;"domingo";"15:00:00";"RN";101;85;"NATAL";"Estacionar ou parar em local proibido";"Colisão traseira";"Com Vítimas Fatais";"Pleno dia";"Decrescente";"Céu Claro";"Dupla";"Ponte";"Sim";2;1;0;0;1;0;0;2;-5,778719;-35,248826;"SPRF-RN";"DEL02-RN";"UOP01-DEL02-RN"
348634;2021-03-28;"domingo";"14:55:00";"SC";282;1;"FLORIANOPOLIS";"Manobra de mudança de faixa";"Colisão lateral mesmo sentido";"Com Vítimas Feridas";"Pleno dia";"Decrescente";"Nublado";"Dupla";"Reta";"Não";3;0;1;0;1;1;1;2;-27,602955;-48,580509;"SPRF-SC";"DEL01-SC";"UOP01-DEL01-SC"
348635;2021-03-28;"domingo";"10:28:00";"SC";101;278,7;"IMBITUBA";"Mal súbito do condutor";"Queda de ocupante de veículo";"Com Vítimas Feridas";"Pleno dia";"Crescente";"Nublado";"Simples";"Viaduto";"Não";2;0;1;0;1;0;1;1;-28,16300604;-48,6939345;"SPRF-SC";"DEL02-SC";"UOP03-DEL02-SC"
348636;2021-03-28;"domingo";"15:10:00";"RS";116;109,3;"CAXIAS DO SUL";"Velocidade Incompatível";"Colisão transversal";"Com Vítimas Feridas";"Pleno dia";"Crescente";"Céu Claro";"Dupla";"Curva";"Não";3;0;1;2;0;0;3;2;-28,9318049;-51,0959297;"SPRF-RS";"DEL05-RS";"UOP01-DEL05-RS"
348637;2021-03-28;"domingo";"16:15:00";"CE";222;4,5;"CAUCAIA";"Ingestão de álcool pelo condutor";"Colisão traseira";"Sem Vítimas";"Pleno dia";"Decrescente";"Céu Claro";"Dupla";"Reta";"Sim";2;0;0;0;2;0;0;2;-3,742217;-38,60715;"SPRF-CE";"DEL01-CE";"UOP01-DEL01-CE"
348638;2021-03-28;"domingo";"15:10:00";"AL";104;56,3;"MURICI";"Ultrapassagem Indevida";"Saída de leito carroçável";"Com Vítimas Feridas";"Pleno dia";"Decrescente";"Nublado";"Simples";"Reta";"Não";3;0;2;0;1;0;2;3;-9,30324621;-35,94820361;"SPRF-AL";"DEL01-AL";"UOP02-DEL01-AL"
348639;2021-03-28;"domingo";"11:45:00";"PB";104;109,8;"LAGOA SECA";"Ingestão de álcool e/ou substâncias psicoativas pelo pedestre";"Saída de leito carroçável";"Com Vítimas Feridas";"Pleno dia";"Decrescente";"Nublado";"Simples";"Reta";"Não";1;0;1;0;0;0;1;1;-7,11997886;-35,86414665;"SPRF-PB";"DEL02-PB";"UOP04-DEL02-PB"
348640;2021-03-28;"domingo";"16:22:00";"SP";116;213;"GUARULHOS";"Ausência de reação do condutor";"Colisão com objeto";"Com Vítimas Feridas";"Pleno dia";"Decrescente";"Nublado";"Múltipla";"Declive";"Sim";1;0;1;0;0;0;1;1;-23,43971486;-46,43667806;"SPRF-SP";"DEL01-SP";"UOP01-DEL01-SP"
348641;2021-03-28;"domingo";"16:30:00";"MG";262;382;"JUATUBA";"Velocidade Incompatível";"Saída de leito carroçável";"Com Vítimas Feridas";"Pleno dia";"Decrescente";"Nublado";"Dupla";"Aclive;Curva";"Não";1;0;1;0;0;0;1;1;-19,93704396;-44,42965508;"SPRF-MG";"DEL01-MG";"UOP03-DEL01-MG"
348644;2021-03-28;"domingo";"16:45:00";"RS";116;263;"CANOAS";"Desrespeitar a preferência no cruzamento";"Colisão transversal";"Com Vítimas Feridas";"Pleno dia";"Crescente";"Céu Claro";"Múltipla";"Interseção de Vias";"Sim";2;0;1;0;1;0;1;2;-29,90545398;-51,17674031;"SPRF-RS";"DEL01-RS";"UOP01-DEL01-RS"
348645;2021-03-28;"domingo";"17:05:00";"PI";343;85;"CARAUBAS DO PIAUI";"Acumulo de água sobre o pavimento";"Capotamento";"Com Vítimas Feridas";"Pleno dia";"Crescente";"Chuva";"Simples";"Curva";"Não";2;0;1;0;1;0;1;1;-3,451051;-41,745277;"SPRF-PI";"DEL05-PI";"UOP01-DEL05-PI"
348647;2021-03-28;"domingo";"16:50:00";"MG";262;824;"UBERABA";"Reação tardia ou ineficiente do condutor";"Colisão traseira";"Com Vítimas Feridas";"Pleno dia";"Crescente";"Nublado";"Dupla";"Declive;Reta";"Não";2;0;1;0;1;0;1;2;-19,75559016;-48,15903004;"SPRF-MG";"DEL13-MG";"UOP01-DEL13-MG"
348650;2021-03-28;"domingo";"16:40:00";"MT";163;803;"SINOP";"Retorno proibido";"Colisão transversal";"Com Vítimas Feridas";"Pleno dia";"Crescente";"Nublado";"Simples";"Reta";"Não";2;0;1;0;1;0;1;2;-12,143726;-55,514221;"SPRF-MT";"DEL06-MT";"UOP01-DEL06-MT"
348651;2021-03-28;"domingo";"16:45:00";"PE";232;57;"POMBOS";"Chuva";"Queda de ocupante de veículo";"Com Vítimas Feridas";"Anoitecer";"Decrescente";"Chuva";"Dupla";"Reta";"Não";2;0;2;0;0;0;2;1;-8,14404436;-35,38847566;"SPRF-PE";"DEL02-PE";"UOP02-DEL02PE"
348652;2021-03-28;"domingo";"16:00:00";"MG";459;98,1;"POUSO ALEGRE";"Ausência de reação do condutor";"Saída de leito carroçável";"Com Vítimas Feridas";"Pleno dia";"Decrescente";"Nublado";"Dupla";"Reta";"Sim";2;0;0;2;0;0;2;1;-22,202055;-45,960964;"SPRF-MG";"DEL16-MG";"UOP01-DEL16-MG"
348653;2021-03-28;"domingo";"16:40:00";"PE";423;26;"SAO CAITANO";"Reação tardia ou ineficiente do condutor";"Colisão com objeto";"Sem Vítimas";"Pleno dia";"Decrescente";"Chuva";"Simples";"Reta";"Não";1;0;0;0;0;1;0;1;-8,38757696;-36,17648107;"SPRF-PE";"DEL02-PE";"UOP03-DEL02-PE"
348654;2021-03-28;"domingo";"15:30:00";"AL";101;182,9;"JUNQUEIRO";"Acessar a via sem observar a presença dos outros veículos";"Colisão traseira";"Com Vítimas Feridas";"Pleno dia";"Crescente";"Céu Claro";"Simples";"Reta";"Não";2;0;1;0;1;0;1;2;-9,8991741;-36,42042097;"SPRF-AL";"DEL02-AL";"UOP02-DEL02-AL"
348655;2021-03-28;"domingo";"16:35:00";"RN";101;52,3;"CEARA-MIRIM";"Velocidade Incompatível";"Capotamento";"Sem Vítimas";"Pleno dia";"Crescente";"Sol";"Simples";"Reta";"Não";1;0;0;0;0;1;0;1;-5,549142;-35,31103;"SPRF-RN";"DEL02-RN";"UOP01-DEL02-RN"
348656;2021-03-28;"domingo";"14:45:00";"PR";277;503,8;"GUARANIACU";"Reação tardia ou ineficiente do condutor";"Saída de leito carroçável";"Com Vítimas Feridas";"Pleno dia";"Crescente";"Garoa/Chuvisco";"Simples";"Curva";"Não";2;0;1;1;0;0;2;1;-25,14896801;-52,70105018;"SPRF-PR";"DEL04-PR";"UOP01-DEL04-PR"
348657;2021-03-28;"domingo";"17:10:00";"AM";174;886;"MANAUS";"Reação tardia ou ineficiente do condutor";"Colisão lateral mesmo sentido";"Com Vítimas Feridas";"Pleno dia";"Decrescente";"Céu Claro";"Simples";"Reta";"Não";5;0;0;2;2;1;2;4;-2,96448848;-60,02343676;"SPRF-AM";"DEL01-AM";"UOP01-DEL01-AM"
348659;2021-03-28;"domingo";"18:55:00";"PR";373;400;"CANDOI";"Desrespeitar a preferência no cruzamento";"Colisão transversal";"Com Vítimas Feridas";"Anoitecer";"Decrescente";"Céu Claro";"Simples";"Interseção de Vias";"Sim";2;0;1;0;0;1;1;2;-25,56833681;-52,05164526;"SPRF-PR";"DEL08-PR";"UOP01-DEL08-PR"
348660;2021-03-28;"domingo";"17:00:00";"MT";70;517;"VARZEA GRANDE";"Condutor desrespeitou a iluminação vermelha do semáforo";"Colisão transversal";"Com Vítimas Feridas";"Pleno dia";"Decrescente";"Sol";"Simples";"Interseção de Vias";"Sim";2;0;2;0;0;0;2;2;-15,7016207;-56,15937352;"SPRF-MT";"DEL01-MT";"UOP02-DEL01-MT"
348661;2021-03-28;"domingo";"19:00:00";"PB";230;26,7;"JOAO PESSOA";"Pedestre andava na pista";"Atropelamento de Pedestre";"Com Vítimas Feridas";"Plena Noite";"Crescente";"Céu Claro";"Dupla";"Declive";"Sim";2;0;1;0;1;0;1;2;-7,1693;-34,8782;"SPRF-PB";"DEL01-PB";"UOP01-DEL01-PB"
348662;2021-03-28;"domingo";"18:40:00";"MG";381;899,2;"CAMBUI";"Demais falhas mecânicas ou elétricas";"Eventos atípicos";"Com Vítimas Feridas";"Plena Noite";"Decrescente";"Nublado";"Dupla";"Reta";"Sim";1;0;0;1;0;0;1;1;-22,65351405;-46,08907579;"SPRF-MG";"DEL16-MG";"UOP03-DEL16-MG"
348663;2021-02-20;"sábado";"10:40:00";"PR";476;97;"BOCAIUVA DO SUL";"Curva acentuada";"Colisão lateral";"Com Vítimas Feridas";"Pleno dia";"Crescente";"Céu Claro";"Simples";"Curva";"Não";3;0;0;1;2;0;1;3;-25,234463;-49,127838;"SPRF-PR";"DEL01-PR";"UOP02-DEL01-PR"
348664;2021-03-28;"domingo";"17:30:00";"PB";104;146,5;"QUEIMADAS";"Condutor deixou de manter distância do veículo da frente";"Colisão lateral mesmo sentido";"Sem Vítimas";"Anoitecer";"Decrescente";"Garoa/Chuvisco";"Simples";"Reta";"Não";3;0;0;0;2;1;0;2;-7,428815;-35,896326;"SPRF-PB";"DEL02-PB";"UOP03-DEL02-PB"
348665;2021-03-28;"domingo";"18:30:00";"MG";40;810,1;"MATIAS BARBOSA";"Animais na Pista";"Atropelamento de Animal";"Com Vítimas Feridas";"Anoitecer";"Decrescente";"Céu Claro";"Múltipla";"Reta";"Não";4;0;1;0;3;0;1;1;-21,875084;-43,339466;"SPRF-MG";"DEL05-MG";"UOP01-DEL05-MG"
348666;2021-03-28;"domingo";"18:50:00";"PB";230;158;"CAMPINA GRANDE";"Acessar a via sem observar a presença dos outros veículos";"Colisão transversal";"Com Vítimas Feridas";"Plena Noite";"Decrescente";"Chuva";"Simples";"Reta";"Sim";2;0;0;1;1;0;1;2;-7,2582;-35,9267;"SPRF-PB";"DEL02-PB";"UOP01-DEL02-PB"
348667;2021-03-28;"domingo";"17:50:00";"PR";467;95;"CASCAVEL";"Ingestão de álcool pelo condutor";"Saída de leito carroçável";"Com Vítimas Feridas";"Anoitecer";"Decrescente";"Céu Claro";"Dupla";"Curva";"Não";3;0;1;0;2;0;1;1;-24,8675;-53,5694;"SPRF-PR";"DEL04-PR";"UOP01-DEL04-PR"
348669;2021-03-28;"domingo";"17:30:00";"SC";282;518,5;"XANXERE";"Ultrapassagem Indevida";"Colisão com objeto";"Com Vítimas Feridas";"Pleno dia";"Crescente";"Céu Claro";"Simples";"Reta";"Não";3;0;3;0;0;0;3;1;-26,944099;-52,508427;"SPRF-SC";"DEL07-SC";"UOP01-DEL07-SC"
348670;2021-03-28;"domingo";"18:30:00";"BA";116;777;"PLANALTO";"Desrespeitar a preferência no cruzamento";"Colisão transversal";"Com Vítimas Feridas";"Plena Noite";"Crescente";"Céu Claro";"Simples";"Reta";"Sim";2;0;1;0;1;0;1;2;-14,669587;-40,472362;"SPRF-BA";"DEL08-BA";"UOP02-DEL08-BA"
348672;2021-03-28;"domingo";"14:30:00";"ES";101;230;"FUNDAO";"Ingestão de álcool pelo condutor";"Colisão transversal";"Com Vítimas Feridas";"Pleno dia";"Decrescente";"Céu Claro";"Simples";"Reta";"Sim";4;0;2;0;2;0;2;2;-19,93923352;-40,40662419;"SPRF-ES";"DEL02-ES";"UOP01-DEL02-ES"
348673;2021-03-28;"domingo";"18:20:00";"ES";101;218;"IBIRACU";"Iluminação deficiente";"Atropelamento de Pedestre";"Com Vítimas Feridas";"Plena Noite";"Crescente";"Nublado";"Múltipla";"Declive";"Não";2;0;0;1;0;1;1;2;-19,85576305;-40,38259985;"SPRF-ES";"DEL02-ES";"UOP01-DEL02-ES"
348674;2021-03-28;"domingo";"18:45:00";"PI";316;1,9;"TERESINA";"Pedestre cruzava a pista fora da faixa";"Atropelamento de Pedestre";"Com Vítimas Feridas";"Plena Noite";"Decrescente";"Céu Claro";"Dupla";"Reta";"Sim";2;0;2;0;0;0;2;2;-5,12861853;-42,80706778;"SPRF-PI";"DEL01-PI";"UOP02-DEL01-PI"
348676;2021-03-28;"domingo";"18:30:00";"PR";369;393;"MAMBORE";"Ingestão de álcool pelo condutor";"Colisão traseira";"Com Vítimas Feridas";"Plena Noite";"Decrescente";"Céu Claro";"Simples";"Curva";"Não";2;0;0;1;1;0;1;2;-24,2864;-52,5569;"SPRF-PR";"DEL09-PR";"UOP03-DEL09-PR"
348678;2021-03-28;"domingo";"18:55:00";"PI";222;72,7;"PIRIPIRI";"Condutor Dormindo";"Tombamento";"Com Vítimas Feridas";"Plena Noite";"Crescente";"Chuva";"Simples";"Reta";"Sim";1;0;1;0;0;0;1;1;-4,25161291;-41,7467551;"SPRF-PI";"DEL02-PI";"UOP01-DEL02-PI"
348680;2021-03-28;"domingo";"12:00:00";"MT";364;879,7;"CAMPO NOVO DO PARECIS";"Manobra de mudança de faixa";"Colisão lateral sentido oposto";"Com Vítimas Fatais";"Pleno dia";"Crescente";"Céu Claro";"Simples";"Reta";"Sim";3;1;0;2;0;0;2;2;-13,74441402;-57,89579773;"SPRF-MT";"DEL01-MT";"UOP01-DEL01-MT"
348681;2021-03-28;"domingo";"19:20:00";"RS";470;229;"CARLOS BARBOSA";"Ingestão de álcool pelo condutor";"Colisão com objeto";"Sem Vítimas";"Plena Noite";"Crescente";"Céu Claro";"Simples";"Reta";"Sim";2;0;0;0;1;1;0;2;-29,27852466;-51,49262136;"SPRF-RS";"DEL06-RS";"UOP01-DEL06-RS"
348682;2021-03-28;"domingo";"18:40:00";"MS";158;340,6;"BRASILANDIA";"Reação tardia ou ineficiente do condutor";"Tombamento";"Com Vítimas Feridas";"Plena Noite";"Crescente";"Céu Claro";"Simples";"Curva";"Não";1;0;1;0;0;0;1;1;-21,256102;-52,024933;"SPRF-MS";"DEL07-MS";"UOP01-DEL07-MS"
348683;2021-03-28;"domingo";"18:35:00";"AL";316;167,5;"PALMEIRA DOS INDIOS";"Ingestão de álcool pelo condutor";"Colisão transversal";"Com Vítimas Feridas";"Plena Noite";"Decrescente";"Nublado";"Simples";"Reta";"Não";4;0;2;0;2;0;2;2;-9,49638562;-36,56159255;"SPRF-AL";"DEL03-AL";"UOP01-DEL03-AL"
348685;2021-03-28;"domingo";"19:40:00";"PR";116;206,1;"RIO NEGRO";"Ausência de reação do condutor";"Queda de ocupante de veículo";"Com Vítimas Feridas";"Plena Noite";"Decrescente";"Nublado";"Simples";"Reta";"Sim";1;0;1;0;0;0;1;1;-26,06427183;-49,73114671;"SPRF-SC";"DEL06-SC";"UOP01-DEL06-SC"
348686;2021-03-28;"domingo";"18:00:00";"PB";104;133,6;"QUEIMADAS";"Transitar no acostamento";"Atropelamento de Pedestre";"Com Vítimas Feridas";"Plena Noite";"Decrescente";"Nublado";"Simples";"Reta";"Não";2;0;1;1;0;0;2;2;-7,31674795;-35,89500926;"SPRF-PB";"DEL02-PB";"UOP03-DEL02-PB"
348689;2021-03-28;"domingo";"16:20:00";"ES";101;407,9;"ITAPEMIRIM";"Velocidade Incompatível";"Saída de leito carroçável";"Com Vítimas Feridas";"Pleno dia";"Crescente";"Céu Claro";"Simples";"Curva";"Não";2;0;0;2;0;0;2;1;-20,89278975;-41,03049296;"SPRF-ES";"DEL03-ES";"UOP02-DEL03-ES"
348690;2021-03-28;"domingo";"20:30:00";"PE";316;55;"TRINDADE";"Reação tardia ou ineficiente do condutor";"Saída de leito carroçável";"Com Vítimas Feridas";"Plena Noite";"Decrescente";"Céu Claro";"Simples";"Reta";"Não";6;0;3;3;0;0;6;1;-7,74026268;-40,28663631;"SPRF-PE";"DEL05-PE";"UOP02-DEL05-PE"
348691;2021-03-28;"domingo";"20:30:00";"RS";116;263;"CANOAS";"Desrespeitar a preferência no cruzamento";"Colisão transversal";"Com Vítimas Feridas";"Plena Noite";"Crescente";"Céu Claro";"Dupla";"Reta";"Sim";2;0;1;0;1;0;1;2;-29,90545398;-51,17674031;"SPRF-RS";"DEL01-RS";"UOP01-DEL01-RS"
348697;2021-03-28;"domingo";"21:10:00";"RJ";101;74;"CAMPOS DOS GOYTACAZES";"Acessar a via sem observar a presença dos outros veículos";"Atropelamento de Pedestre";"Com Vítimas Feridas";"Plena Noite";"Decrescente";"Céu Claro";"Dupla";"Reta";"Sim";2;0;1;0;1;0;1;2;-21,807232;-41,39734312;"SPRF-RJ";"DEL08-RJ";"UOP02-DEL08-RJ"
348700;2021-03-28;"domingo";"19:50:00";"MG";50;73;"UBERLANDIA";"Ingestão de álcool pelo condutor";"Colisão traseira";"Sem Vítimas";"Anoitecer";"Decrescente";"Céu Claro";"Múltipla";"Reta";"Sim";2;0;0;0;2;0;0;2;-18,85140204;-48,25345932;"SPRF-MG";"DEL15-MG";"UOP01-DEL15-MG"
348703;2021-03-28;"domingo";"19:00:00";"MG";381;533,5;"ITATIAIUCU";"Reação tardia ou ineficiente do condutor";"Colisão lateral mesmo sentido";"Com Vítimas Feridas";"Plena Noite";"Decrescente";"Chuva";"Dupla";"Curva;Declive";"Não";3;0;2;0;0;1;2;2;-20,17289;-44,374914;"SPRF-MG";"DEL04-MG";"UOP03-DEL04-MG"
348704;2021-02-20;"sábado";"06:30:00";"ES";101;259,9;"SERRA";"Acessar a via sem observar a presença dos outros veículos";"Colisão transversal";"Com Vítimas Feridas";"Pleno dia";"Crescente";"Nublado";"Dupla";"Curva";"Sim";2;0;0;1;1;0;1;2;-20,14622815;-40,28863214;"SPRF-ES";"DEL02-ES";"UOP01-DEL02-ES"
348708;2021-03-28;"domingo";"20:45:00";"PB";230;160,2;"CAMPINA GRANDE";"Deficiência do Sistema de Iluminação/Sinalização";"Colisão traseira";"Com Vítimas Feridas";"Plena Noite";"Crescente";"Nublado";"Simples";"Reta";"Sim";2;0;0;1;0;1;1;2;-7,2436;-35,9375;"SPRF-PB";"DEL02-PB";"UOP01-DEL02-PB"
348709;2021-03-28;"domingo";"21:30:00";"RJ";116;175;"NOVA IGUACU";"Reação tardia ou ineficiente do condutor";"Engavetamento";"Sem Vítimas";"Plena Noite";"Decrescente";"Céu Claro";"Múltipla";"Reta";"Sim";4;0;0;0;4;0;0;4;-22,78923555;-43,37275272;"SPRF-RJ";"DEL01-RJ";"UOP02-DEL01-RJ"
348710;2021-03-28;"domingo";"21:20:00";"PB";230;24;"JOAO PESSOA";"Ausência de reação do condutor";"Colisão traseira";"Com Vítimas Feridas";"Plena Noite";"Decrescente";"Nublado";"Dupla";"Reta";"Sim";2;0;2;0;0;0;2;1;-7,1637;-34,8618;"SPRF-PB";"DEL01-PB";"UOP01-DEL01-PB"
348711;2021-03-28;"domingo";"21:40:00";"RJ";101;473;"ANGRA DOS REIS";"Desrespeitar a preferência no cruzamento";"Colisão transversal";"Com Vítimas Feridas";"Plena Noite";"Decrescente";"Céu Claro";"Dupla";"Reta";"Sim";2;0;1;0;1;0;1;2;-22,98960623;-44,24168693;"SPRF-RJ";"DEL03-RJ";"UOP03-DEL03-RJ"
348713;2021-03-28;"domingo";"22:05:00";"SP";116;223;"GUARULHOS";"Velocidade Incompatível";"Capotamento";"Com Vítimas Feridas";"Plena Noite";"Decrescente";"Nublado";"Múltipla";"Reta";"Sim";3;0;3;0;0;0;3;1;-23,47559815;-46,5246609;"SPRF-SP";"DEL01-SP";"UOP01-DEL01-SP"
348715;2021-03-28;"domingo";"22:30:00";"SC";101;193,1;"BIGUACU";"Manobra de mudança de faixa";"Tombamento";"Com Vítimas Feridas";"Plena Noite";"Crescente";"Céu Claro";"Múltipla";"Reta";"Sim";2;0;1;0;1;0;1;2;-27,489574;-48,655914;"SPRF-SC";"DEL01-SC";"UOP01-DEL01-SC"