"id";"data_inversa";"dia_semana";"horario";"uf";"br";"km";"municipio";"causa_acidente";"tipo_acidente";"classificacao_acidente";"fase_dia";"sentido_via";"condicao_metereologica";"tipo_pista";"tracado_via";"uso_solo";"pessoas";"mortos";"feridos_leves";"feridos_graves";"ilesos";"ignorados";"feridos";"veiculos";"latitude";"longitude";"regional";"delegacia";"uop"
348716;2021-03-28;"domingo";"15:00:00";"PI";135;347;"BOM JESUS";"Reação tardia ou ineficiente do condutor";"Colisão lateral mesmo sentido";"Com Vítimas Feridas";"Pleno dia";"Decrescente";"Céu Claro";"Simples";"Reta";"Não";4;0;1;0;3;0;1;2;-9,06013314;-44,31644088;"SPRF-PI";"DEL03-PI";"UOP02-DEL03-PI"
348717;2021-03-28;"domingo";"22:30:00";"PE";101;91,5;"CABO DE SANTO AGOSTINHO";"Pedestre cruzava a pista fora da faixa";"Atropelamento de Pedestre";"Com Vítimas Fatais";"Plena Noite";"Decrescente";"Chuva";"Simples";"Curva";"Sim";2;1;0;0;0;1;0;2;-8,23560365;-34,97997388;"SPRF-PE";"DEL01-PE";"UOP03-DEL01-PE"
348718;2021-03-28;"domingo";"21:30:00";"CE";226;234,2;"PEDRA BRANCA";"Reação tardia ou ineficiente do condutor";"Saída de leito carroçável";"Com Vítimas Fatais";"Plena Noite";"Crescente";"Céu Claro";"Simples";"Curva";"Não";3;1;2;0;0;0;2;1;-5,43636699;-39,82898701;"SPRF-CE";"DEL02-CE";"UOP02-DEL02-CE"
348719;2021-03-28;"domingo";"20:10:00";"MT";158;647,5;"NOVA XAVANTINA";"Ausência de reação do condutor";"Saída de leito carroçável";"Com Vítimas Fatais";"Plena Noite";"Crescente";"Céu Claro";"Simples";"Reta";"Não";1;1;0;0;0;0;0;1;-14,62428901;-52,35695308;"SPRF-MT";"DEL07-MT";"UOP02-DEL07-MT"
348720;2021-03-28;"domingo";"21:25:00";"RJ";101;292;"ITABORAI";"Reação tardia ou ineficiente do condutor";"Colisão traseira";"Com Vítimas Feridas";"Plena Noite";"Crescente";"Céu Claro";"Dupla";"Reta";"Não";3;0;1;0;2;0;1;2;-22,76038215;-42,87856408;"SPRF-RJ";"DEL02-RJ";"UOP03-DEL02-RJ"
348721;2021-03-28;"domingo";"22:00:00";"MT";163;839;"SINOP";"Acumulo de areia ou detritos sobre o pavimento";"Queda de ocupante de veículo";"Com Vítimas Feridas";"Plena Noite";"Decrescente";"Céu Claro";"Dupla";"Rotatória";"Sim";1;0;1;0;0;0;1;1;-11,951051;-55,516876;"SPRF-MT";"DEL06-MT";"NPF/DEL06-MT"
348722;2021-03-28;"domingo";"23:40:00";"PE";428;191,5;"PETROLINA";"Retorno proibido";"Colisão lateral mesmo sentido";"Com Vítimas Feridas";"Plena Noite";"Decrescente";"Céu Claro";"Dupla";"Reta";"Sim";2;0;1;0;1;0;1;2;-9,37766429;-40,50269795;"SPRF-PE";"DEL06-PE";"UOP01-DEL06-PE"
348723;2021-03-28;"domingo";"23:40:00";"ES";101;29;"CONCEICAO DA BARRA";"Velocidade Incompatível";"Colisão lateral mesmo sentido";"Com Vítimas Fatais";"Plena Noite";"Crescente";"Céu Claro";"Múltipla";"Declive";"Não";2;1;0;1;0;0;1;2;-18,39992188;-39,93877968;"SPRF-ES";"DEL04-ES";"UOP02-DEL04-ES"
348726;2021-03-28;"domingo";"22:45:00";"GO";364;164;"JATAI";"Ingestão de álcool pelo condutor";"Colisão traseira";"Sem Vítimas";"Plena Noite";"Crescente";"Céu Claro";"Simples";"Aclive";"Não";2;0;0;0;2;0;0;2;-18,072279;-51,520359;"SPRF-GO";"DEL05-GO";"UOP01-DEL05-GO"
348727;2021-03-28;"domingo";"23:00:00";"RJ";40;117;"DUQUE DE CAXIAS";"Reação tardia ou ineficiente do condutor";"Colisão traseira";"Com Vítimas Feridas";"Plena Noite";"Decrescente";"Céu Claro";"Múltipla";"Reta";"Sim";2;0;1;0;0;1;1;2;-22,745676;-43,2881;"SPRF-RJ";"DEL01-RJ";"UOP01-DEL01-RJ"
348730;2021-03-28;"domingo";"21:03:00";"CE";304;50,7;"ARACATI";"Animais na Pista";"Atropelamento de Animal";"Com Vítimas Feridas";"Plena Noite";"Crescente";"Céu Claro";"Simples";"Reta";"Não";2;0;2;0;0;0;2;1;-4,57352926;-37,76245988;"SPRF-CE";"DEL03-CE";"UOP03-DEL03-CE"
348732;2021-03-28;"domingo";"23:30:00";"SC";101;83,2;"BARRA VELHA";"Reação tardia ou ineficiente do condutor";"Saída de leito carroçável";"Com Vítimas Feridas";"Plena Noite";"Crescente";"Nublado";"Dupla";"Reta";"Sim";1;0;1;0;0;0;1;1;-26,61865655;-48,71834126;"SPRF-SC";"DEL03-SC";"UOP02-DEL03-SC"
348733;2021-03-29;"segunda-feira";"00:30:00";"CE";20;423;"MARACANAU";"Ausência de reação do condutor";"Saída de leito carroçável";"Sem Vítimas";"Plena Noite";"Decrescente";"Nublado";"Dupla";"Curva";"Não";1;0;0;0;0;1;0;1;-3,8576593;-38,5485164;"SPRF-CE";"DEL01-CE";"UOP02-DEL01-CE"
348735;2021-03-28;"domingo";"20:50:00";"RJ";493;16;"GUAPIMIRIM";"Manobra de mudança de faixa";"Colisão frontal";"Com Vítimas Feridas";"Plena Noite";"Decrescente";"Céu Claro";"Simples";"Reta";"Não";2;0;1;1;0;0;2;2;-22,663616;-42,996338;"SPRF-RJ";"DEL04-RJ";"UOP02-DEL04-RJ"
348737;2021-03-28;"domingo";"23:15:00";"PR";376;591;"CURITIBA";"Ausência de reação do condutor";"Tombamento";"Com Vítimas Fatais";"Plena Noite";"Decrescente";"Nublado";"Dupla";"Reta";"Sim";2;1;1;0;0;0;1;1;-25,45999605;-49,35895013;"SPRF-PR";"DEL01-PR";"UOP01-DEL01-PR"
348738;2021-03-28;"domingo";"22:30:00";"MG";116;804;"ALEM PARAIBA";"Reação tardia ou ineficiente do condutor";"Colisão lateral mesmo sentido";"Com Vítimas Feridas";"Plena Noite";"Crescente";"Ignorado";"Simples";"Reta";"Não";1;0;0;1;0;0;1;1;-21,79286161;-42,71488284;"SPRF-MG";"DEL07-MG";"UOP01-DEL07-MG"
348739;2021-03-28;"domingo";"22:10:00";"SC";280;247,9;"CANOINHAS";"Velocidade Incompatível";"Saída de leito carroçável";"Com Vítimas Feridas";"Plena Noite";"Decrescente";"Nublado";"Simples";"Reta";"Não";1;0;1;0;0;0;1;1;-26,24951565;-50,51314906;"SPRF-SC";"DEL06-SC";"UOP04-DEL06-SC"
348742;2021-03-29;"segunda-feira";"01:00:00";"RO";364;711;"PORTO VELHO";"Reação tardia ou ineficiente do condutor";"Tombamento";"Com Vítimas Feridas";"Plena Noite";"Crescente";"Garoa/Chuvisco";"Simples";"Viaduto";"Sim";1;0;0;1;0;0;1;1;-8,77769347;-63,87160605;"SPRF-RO";"DEL01-RO";"UOP01-DEL01-RO"
348743;2021-03-28;"domingo";"19:30:00";"PI";343;525;"AMARANTE";"Reação tardia ou ineficiente do condutor";"Colisão traseira";"Com Vítimas Fatais";"Plena Noite";"Decrescente";"Céu Claro";"Simples";"Reta";"Não";2;1;0;0;1;0;0;2;-6,4053;-42,796158;"SPRF-PI";"DEL03-PI";"UOP01-DEL03-PI"
348744;2021-03-29;"segunda-feira";"02:40:00";"RN";101;144;"GOIANINHA";"Animais na Pista";"Atropelamento de Animal";"Com Vítimas Feridas";"Plena Noite";"Decrescente";"Céu Claro";"Dupla";"Reta";"Sim";1;0;1;0;0;0;1;1;-6,244042;-35,21729;"SPRF-RN";"DEL01-RN";"UOP01-DEL01-RN"
348748;2021-03-28;"domingo";"19:20:00";"TO";153;142;"ARAGUAINA";"Pista esburacada";"Tombamento";"Com Vítimas Feridas";"Plena Noite";"Crescente";"Céu Claro";"Dupla";"Reta";"Sim";1;0;1;0;0;0;1;1;-7,18446625;-48,22837299;"SPRF-TO";"DEL02-TO";"UOP01-DEL02-TO"
348753;2021-03-29;"segunda-feira";"05:30:00";"MS";376;23,5;"FATIMA DO SUL";"Animais na Pista";"Atropelamento de Animal";"Sem Vítimas";"Amanhecer";"Crescente";"Nublado";"Simples";"Reta";"Não";1;0;0;0;1;0;0;1;-22,349833;-54,554311;"SPRF-MS";"DEL04-MS";"UOP04-DEL04-MS"
348757;2021-03-29;"segunda-feira";"03:30:00";"RJ";116;143;"DUQUE DE CAXIAS";"Ingestão de álcool pelo condutor";"Saída de leito carroçável";"Com Vítimas Feridas";"Plena Noite";"Crescente";"Céu Claro";"Dupla";"Reta";"Sim";1;0;0;1;0;0;1;1;-22,65237271;-43,23918118;"SPRF-RJ";"DEL01-RJ";"UOP01-DEL01-RJ"
348758;2021-03-29;"segunda-feira";"06:47:00";"GO";60;95,3;"ANAPOLIS";"Condutor deixou de manter distância do veículo da frente";"Colisão traseira";"Com Vítimas Feridas";"Pleno dia";"Decrescente";"Céu Claro";"Dupla";"Reta";"Sim";2;0;1;0;1;0;1;2;-16,3679;-48,939;"SPRF-GO";"DEL02-GO";"UOP01-DEL02-GO"
348760;2021-03-29;"segunda-feira";"00:10:00";"MG";116;410,9;"GOVERNADOR VALADARES";"Acesso irregular";"Colisão traseira";"Com Vítimas Feridas";"Plena Noite";"Decrescente";"Nublado";"Simples";"Reta";"Sim";2;0;1;0;1;0;1;2;-18,855625;-41,975623;"SPRF-MG";"DEL06-MG";"UOP01-DEL06-MG"
348761;2021-03-29;"segunda-feira";"07:00:00";"PE";101;45,1;"IGARASSU";"Ausência de reação do condutor";"Colisão traseira";"Com Vítimas Feridas";"Pleno dia";"Decrescente";"Nublado";"Dupla";"Reta";"Sim";2;0;1;0;1;0;1;2;-7,86521297;-34,90715176;"SPRF-PE";"DEL01-PE";"UOP02-DEL01-PE"
348763;2021-03-28;"domingo";"21:50:00";"MG";381;188;"PERIQUITO";"Animais na Pista";"Atropelamento de Animal";"Com Vítimas Feridas";"Plena Noite";"Crescente";"Céu Claro";"Simples";"Interseção de Vias";"Não";2;0;0;2;0;0;2;1;-19,07011222;-42,17541263;"SPRF-MG";"DEL06-MG";"UOP01-DEL06-MG"
348764;2021-03-29;"segunda-feira";"05:30:00";"AC";317;275;"EPITACIOLANDIA";"Transitar na contramão";"Colisão frontal";"Com Vítimas Fatais";"Amanhecer";"Crescente";"Ignorado";"Simples";"Reta";"Não";3;1;0;1;0;1;1;2;-10,9694763;-68,61533094;"SPRF-AC";"DEL01-AC";"UOP02-DEL01-AC"
348765;2021-03-29;"segunda-feira";"07:00:00";"PB";104;91,5;"REMIGIO";"Ingestão de álcool pelo condutor";"Colisão frontal";"Sem Vítimas";"Pleno dia";"Crescente";"Nublado";"Simples";"Reta";"Não";2;0;0;0;2;0;0;2;-6,98119588;-35,82415915;"SPRF-PB";"DEL02-PB";"UOP04-DEL02-PB"
348768;2021-02-27;"sábado";"23:15:00";"PR";369;186,5;"ARAPONGAS";"Desrespeitar a preferência no cruzamento";"Colisão transversal";"Com Vítimas Feridas";"Plena Noite";"Crescente";"Céu Claro";"Simples";"Reta";"Sim";2;0;0;1;1;0;1;2;-23,4122;-51,4272;"SPRF-PR";"DEL07-PR";"UOP02-DEL07-PR"
348769;2021-03-29;"segunda-feira";"07:50:00";"PR";277;679,3;"MEDIANEIRA";"Reação tardia ou ineficiente do condutor";"Queda de ocupante de veículo";"Com Vítimas Feridas";"Pleno dia";"Decrescente";"Céu Claro";"Dupla";"Reta";"Não";1;0;1;0;0;0;1;1;-25,31758044;-54,15684223;"SPRF-PR";"DEL05-PR";"UOP01-DEL05-PR"
348771;2021-03-27;"sábado";"03:40:00";"MG";262;445;"NOVA SERRANA";"Animais na Pista";"Atropelamento de Animal";"Com Vítimas Feridas";"Plena Noite";"Crescente";"Céu Claro";"Dupla";"Reta";"Sim";1;0;1;0;0;0;1;1;-19,87799664;-44,94086286;"SPRF-MG";"DEL08-MG";"UOP03-DEL08-MG"
348773;2021-03-29;"segunda-feira";"07:15:00";"MG";381;478,3;"CONTAGEM";"Ausência de reação do condutor";"Engavetamento";"Com Vítimas Feridas";"Pleno dia";"Decrescente";"Céu Claro";"Dupla";"Reta";"Não";6;0;3;0;3;0;3;4;-19,95826094;-44,05921101;"SPRF-MG";"DEL01-MG";"UOP03-DEL01-MG"
348774;2021-03-29;"segunda-feira";"07:40:00";"TO";153;138;"ARAGUAINA";"Reação tardia ou ineficiente do condutor";"Tombamento";"Com Vítimas Feridas";"Pleno dia";"Decrescente";"Sol";"Dupla";"Reta";"Não";2;0;2;0;0;0;2;1;-7,15509994;-48,20416232;"SPRF-TO";"DEL02-TO";"UOP01-DEL02-TO"
348776;2021-03-29;"segunda-feira";"07:50:00";"SC";280;52,3;"GUARAMIRIM";"Reação tardia ou ineficiente do condutor";"Colisão traseira";"Com Vítimas Feridas";"Pleno dia";"Decrescente";"Nublado";"Simples";"Interseção de Vias";"Não";2;0;1;0;1;0;1;2;-26,468904;-48,96492;"SPRF-SC";"DEL03-SC";"UOP03-DEL03-SC"
348780;2021-03-29;"segunda-feira";"08:45:00";"SC";101;153;"ITAPEMA";"Avarias e/ou desgaste excessivo no pneu";"Tombamento";"Com Vítimas Feridas";"Pleno dia";"Crescente";"Céu Claro";"Dupla";"Reta";"Sim";1;0;0;1;0;0;1;1;-27,14462442;-48,61056447;"SPRF-SC";"DEL04-SC";"UOP03-DEL04-SC"
348782;2021-03-29;"segunda-feira";"08:40:00";"BA";116;418,9;"FEIRA DE SANTANA";"Acessar a via sem observar a presença dos outros veículos";"Colisão transversal";"Com Vítimas Feridas";"Pleno dia";"Crescente";"Sol";"Dupla";"Retorno Regulamentado";"Sim";2;0;1;0;1;0;1;2;-12,19890401;-38,96558881;"SPRF-BA";"DEL02-BA";"UOP01-DEL02-BA"
348783;2021-03-29;"segunda-feira";"08:00:00";"MA";316;0,1;"TIMON";"Condutor deixou de manter distância do veículo da frente";"Colisão traseira";"Com Vítimas Feridas";"Pleno dia";"Crescente";"Nublado";"Simples";"Ponte";"Sim";3;0;1;0;0;2;1;2;-5,13095323;-42,81470776;"SPRF-MA";"DEL02-MA";"UOP02-DEL02-MA"
348784;2021-03-29;"segunda-feira";"07:30:00";"RJ";40;105;"DUQUE DE CAXIAS";"Acessar a via sem observar a presença dos outros veículos";"Colisão lateral sentido oposto";"Com Vítimas Feridas";"Pleno dia";"Decrescente";"Céu Claro";"Simples";"Reta";"Sim";2;0;1;0;1;0;1;2;-22,63784806;-43,28428824;"SPRF-RJ";"DEL01-RJ";"UOP01-DEL01-RJ"
348787;2021-03-29;"segunda-feira";"09:40:00";"SC";282;17;"PALHOCA";"Conversão proibida";"Colisão frontal";"Com Vítimas Feridas";"Pleno dia";"Crescente";"Céu Claro";"Simples";"Reta";"Sim";2;0;1;0;1;0;1;2;-27,665707;-48,688065;"SPRF-SC";"DEL01-SC";"UOP02-DEL01-SC"
348788;2021-03-29;"segunda-feira";"08:40:00";"RJ";393;285,3;"VOLTA REDONDA";"Conversão proibida";"Colisão transversal";"Sem Vítimas";"Pleno dia";"Crescente";"Nublado";"Simples";"Reta";"Sim";2;0;0;0;2;0;0;2;-22,481726;-44,06308602;"SPRF-RJ";"DEL05-RJ";"UOP04-DEL05-RJ"
348789;2021-03-21;"domingo";"22:13:00";"MS";262;411;"TERENOS";"Condutor Dormindo";"Saída de leito carroçável";"Com Vítimas Feridas";"Plena Noite";"Crescente";"Céu Claro";"Simples";"Reta";"Não";2;0;2;0;0;0;2;1;-20,4420518;-55,12363104;"SPRF-MS";"DEL01-MS";"UOP03-DEL01-MS"
348791;2021-03-29;"segunda-feira";"09:50:00";"PE";101;68;"RECIFE";"Acessar a via sem observar a presença dos outros veículos";"Colisão lateral mesmo sentido";"Com Vítimas Feridas";"Pleno dia";"Decrescente";"Céu Claro";"Simples";"Rotatória";"Sim";2;0;1;0;1;0;1;2;-8,05074296;-34,94580619;"SPRF-PE";"DEL01-PE";"UOP01-DEL01-PE"
348792;2021-03-29;"segunda-feira";"09:20:00";"MS";267;123;"NOVA ANDRADINA";"Pedestre andava na pista";"Atropelamento de Pedestre";"Com Vítimas Feridas";"Pleno dia";"Crescente";"Sol";"Simples";"Reta";"Não";2;0;1;0;1;0;1;2;-21,7581939;-53,243428;"SPRF-MS";"DEL02-MS";"UOP03-DEL02-MS"
348794;2021-03-29;"segunda-feira";"08:00:00";"RN";427;47,6;"JARDIM DO SERIDO";"Demais falhas mecânicas ou elétricas";"Capotamento";"Com Vítimas Feridas";"Pleno dia";"Crescente";"Céu Claro";"Simples";"Reta";"Não";2;0;1;0;1;0;1;1;-6,56073951;-36,71275617;"SPRF-RN";"DEL03-RN";"UOP01-DEL03-RN"
348795;2021-03-17;"quarta-feira";"11:40:00";"RO";364;11;"VILHENA";"Desrespeitar a preferência no cruzamento";"Colisão transversal";"Com Vítimas Feridas";"Pleno dia";"Crescente";"Garoa/Chuvisco";"Simples";"Rotatória";"Sim";2;0;1;0;1;0;1;2;-12,74605898;-60,11270299;"SPRF-RO";"DEL04-RO";"UOP01-DEL04-RO"
348802;2021-03-29;"segunda-feira";"03:35:00";"SP";116;222,8;"GUARULHOS";"Ausência de reação do condutor";"Colisão com objeto";"Sem Vítimas";"Plena Noite";"Decrescente";"Nublado";"Múltipla";"Reta";"Sim";1;0;0;0;0;1;0;1;-23,48107388;-46,53330272;"SPRF-SP";"DEL01-SP";"UOP01-DEL01-SP"
348804;2021-03-29;"segunda-feira";"12:05:00";"RS";153;48;"ERECHIM";"Trafegar com motocicleta (ou similar) entre as faixas";"Colisão lateral mesmo sentido";"Com Vítimas Feridas";"Pleno dia";"Decrescente";"Nublado";"Múltipla";"Reta";"Sim";2;0;2;0;0;0;2;2;-27,65118001;-52,257248;"SPRF-RS";"DEL08-RS";"UOP04-DEL08-RS"
348805;2021-03-29;"segunda-feira";"11:30:00";"MG";50;33,9;"ARAGUARI";"Ausência de reação do condutor";"Saída de leito carroçável";"Com Vítimas Feridas";"Pleno dia";"Crescente";"Céu Claro";"Dupla";"Reta";"Não";1;0;1;0;0;0;1;1;-18,64031273;-48,12395543;"SPRF-MG";"DEL15-MG";"UOP02-DEL15-MG"
348808;2021-03-29;"segunda-feira";"11:30:00";"RS";386;270;"FONTOURA XAVIER";"Condutor deixou de manter distância do veículo da frente";"Colisão traseira";"Com Vítimas Feridas";"Pleno dia";"Crescente";"Céu Claro";"Simples";"Reta";"Sim";4;0;1;0;3;0;1;2;-28,972395;-52,369072;"SPRF-RS";"DEL04-RS";"UOP03-DEL04-RS"
348809;2021-03-29;"segunda-feira";"12:00:00";"RJ";101;475;"ANGRA DOS REIS";"Reação tardia ou ineficiente do condutor";"Colisão frontal";"Sem Vítimas";"Pleno dia";"Crescente";"Céu Claro";"Simples";"Reta";"Não";2;0;0;0;2;0;0;2;-23,00030529;-44,25655988;"SPRF-RJ";"DEL03-RJ";"UOP03-DEL03-RJ"
348810;2021-03-05;"sexta-feira";"15:30:00";"MG";459;65;"IPUIUNA";"Velocidade Incompatível";"Capotamento";"Com Vítimas Feridas";"Pleno dia";"Decrescente";"Céu Claro";"Simples";"Curva";"Não";1;0;1;0;0;0;1;1;-22,13239737;-46,17622375;"SPRF-MG";"DEL09-MG";"UOP01-DEL09-MG"
348811;2021-03-29;"segunda-feira";"12:40:00";"GO";60;183,3;"ABADIA DE GOIAS";"Avarias e/ou desgaste excessivo no pneu";"Queda de ocupante de veículo";"Com Vítimas Feridas";"Pleno dia";"Crescente";"Céu Claro";"Dupla";"Reta;Declive";"Não";1;0;1;0;0;0;1;1;-16,7848;-49,4946;"SPRF-GO";"DEL01-GO";"UOP02-DEL01-GO"
348814;2021-03-29;"segunda-feira";"13:30:00";"PR";376;679;"GUARATUBA";"Chuva";"Saída de leito carroçável";"Com Vítimas Feridas";"Pleno dia";"Crescente";"Chuva";"Dupla";"Curva";"Não";2;0;2;0;0;0;2;1;-25,95050276;-48,90514477;"SPRF-PR";"DEL01-PR";"UOP04-DEL01-PR"
348815;2021-03-29;"segunda-feira";"08:30:00";"RS";116;360;"TAPES";"Ingestão de álcool pelo condutor";"Colisão com objeto";"Sem Vítimas";"Pleno dia";"Decrescente";"Céu Claro";"Dupla";"Reta";"Não";1;0;0;0;1;0;0;1;-30,62477189;-51,54634827;"SPRF-RS";"DEL02-RS";"UOP02-DEL02-RS"
348817;2021-03-29;"segunda-feira";"08:15:00";"PR";376;4;"MARINGA";"Animais na Pista";"Atropelamento de Animal";"Com Vítimas Feridas";"Pleno dia";"Decrescente";"Céu Claro";"Dupla";"Curva;Aclive";"Sim";1;0;1;0;0;0;1;1;-23,4273;-51,9375;"SPRF-PR";"DEL09-PR";"UOP01-DEL09-PR"
348819;2021-03-29;"segunda-feira";"12:05:00";"MG";40;527,1;"CONTAGEM";"Reação tardia ou ineficiente do condutor";"Colisão lateral mesmo sentido";"Com Vítimas Feridas";"Pleno dia";"Crescente";"Céu Claro";"Dupla";"Em Obras";"Sim";2;0;1;0;0;1;1;2;-19,90149502;-44,04938939;"SPRF-MG";"DEL01-MG";"UOP02-DEL01-MG"
348820;2021-03-29;"segunda-feira";"13:30:00";"MT";163;664;"LUCAS DO RIO VERDE";"Condutor deixou de manter distância do veículo da frente";"Colisão traseira";"Sem Vítimas";"Pleno dia";"Crescente";"Céu Claro";"Dupla";"Reta";"Não";1;0;0;0;1;0;0;1;-13,36939399;-56,07438701;"SPRF-MT";"DEL06-MT";"UOP01-DEL06-MT"
348823;2021-03-29;"segunda-feira";"14:45:00";"SC";101;27,2;"JOINVILLE";"Avarias e/ou desgaste excessivo no pneu";"Colisão com objeto";"Sem Vítimas";"Pleno dia";"Decrescente";"Chuva";"Dupla";"Declive;Reta";"Sim";1;0;0;0;1;0;0;1;-26,20130351;-48,91331794;"SPRF-SC";"DEL03-SC";"UOP01-DEL03-SC"
348824;2021-03-29;"segunda-feira";"14:00:00";"SC";101;136,4;"BALNEARIO CAMBORIU";"Demais falhas mecânicas ou elétricas";"Colisão com objeto";"Com Vítimas Feridas";"Pleno dia";"Decrescente";"Nublado";"Dupla";"Reta";"Sim";2;0;2;0;0;0;2;1;-27,008113;-48,617245;"SPRF-SC";"DEL04-SC";"UOP03-DEL04-SC"
348825;2021-03-22;"segunda-feira";"16:34:00";"PI";316;357;"CAMPO GRANDE DO PIAUI";"Demais falhas mecânicas ou elétricas";"Incêndio";"Sem Vítimas";"Pleno dia";"Crescente";"Sol";"Simples";"Reta";"Sim";2;0;0;0;2;0;0;1;-7,13041376;-41,05606797;"SPRF-PI";"DEL04-PI";"UOP03-DEL04-PI"
348827;2021-03-29;"segunda-feira";"14:45:00";"SC";101;12;"GARUVA";"Manobra de mudança de faixa";"Tombamento";"Com Vítimas Feridas";"Pleno dia";"Crescente";"Chuva";"Dupla";"Reta";"Não";1;0;1;0;0;0;1;1;-26,08104399;-48,86175612;"SPRF-SC";"DEL03-SC";"UOP01-DEL03-SC"
348831;2021-03-29;"segunda-feira";"15:45:00";"RS";116;268;"CANOAS";"Acessar a via sem observar a presença dos outros veículos";"Colisão lateral mesmo sentido";"Com Vítimas Feridas";"Pleno dia";"Decrescente";"Céu Claro";"Múltipla";"Reta";"Sim";3;0;1;0;2;0;1;3;-29,95042502;-51,17652939;"SPRF-RS";"DEL01-RS";"UOP01-DEL01-RS"
348833;2021-03-07;"domingo";"14:30:00";"ES";482;131,1;"DORES DO RIO PRETO";"Ausência de reação do condutor";"Colisão frontal";"Com Vítimas Fatais";"Pleno dia";"Crescente";"Nublado";"Simples";"Reta";"Não";3;2;1;0;0;0;1;2;-20,73074583;-41,83682072;"SPRF-ES";"DEL03-ES";"UOP02-DEL03-ES"
348836;2021-03-29;"segunda-feira";"16:00:00";"MG";40;501;"ESMERALDAS";"Avarias e/ou desgaste excessivo no pneu";"Capotamento";"Com Vítimas Feridas";"Pleno dia";"Decrescente";"Chuva";"Dupla";"Declive";"Não";2;0;0;1;1;0;1;1;-19,70735708;-44,16736508;"SPRF-MG";"DEL02-MG";"UOP01-DEL02-MG"
348837;2021-03-29;"segunda-feira";"15:30:00";"RN";101;120;"SAO JOSE DE MIPIBU";"Ausência de reação do condutor";"Colisão com objeto";"Sem Vítimas";"Pleno dia";"Decrescente";"Chuva";"Dupla";"Reta";"Não";1;0;0;0;1;0;0;1;-6,03418788;-35,24864052;"SPRF-RN";"DEL01-RN";"UOP01-DEL01-RN"
348841;2021-03-29;"segunda-feira";"16:40:00";"PR";277;30;"MORRETES";"Ausência de reação do condutor";"Colisão traseira";"Com Vítimas Feridas";"Pleno dia";"Decrescente";"Céu Claro";"Dupla";"Reta";"Não";2;0;0;1;1;0;1;2;-25,52874613;-48,73512603;"SPRF-PR";"DEL01-PR";"UOP05-DEL01-PR"
348843;2021-03-29;"segunda-feira";"13:30:00";"PR";467;80;"TOLEDO";"Condutor Dormindo";"Colisão com objeto";"Com Vítimas Feridas";"Pleno dia";"Decrescente";"Céu Claro";"Dupla";"Curva";"Não";2;0;1;0;1;0;1;1;-24,7875;-53,6778;"SPRF-PR";"DEL04-PR";"UOP01-DEL04-PR"
348845;2021-03-09;"terça-feira";"20:18:00";"SC";101;204,3;"SAO JOSE";"Transitar na contramão";"Colisão frontal";"Com Vítimas Fatais";"Plena Noite";"Crescente";"Céu Claro";"Múltipla";"Reta";"Sim";5;2;1;0;0;2;1;4;-27,57720185;-48,61361146;"SPRF-SC";"DEL01-SC";"UOP01-DEL01-SC"
348846;2021-03-29;"segunda-feira";"17:20:00";"GO";153;500;"GOIANIA";"Condutor deixou de manter distância do veículo da frente";"Engavetamento";"Sem Vítimas";"Pleno dia";"Crescente";"Céu Claro";"Múltipla";"Reta";"Sim";9;0;0;0;9;0;0;4;-16,7118;-49,2324;"SPRF-GO";"DEL01-GO";"UOP01-DEL01-GO"
348848;2021-03-29;"segunda-feira";"16:20:00";"MT";163;19,9;"ITIQUIRA";"Avarias e/ou desgaste excessivo no pneu";"Tombamento";"Com Vítimas Feridas";"Pleno dia";"Crescente";"Nublado";"Dupla";"Reta";"Não";2;0;1;0;0;1;1;1;-17,35189703;-54,75808329;"SPRF-MT";"DEL02-MT";"UOP01-DEL02-MT"
348849;2021-03-24;"quarta-feira";"09:30:00";"PR";469;15;"FOZ DO IGUACU";"Desrespeitar a preferência no cruzamento";"Colisão transversal";"Com Vítimas Feridas";"Pleno dia";"Decrescente";"Céu Claro";"Simples";"Reta";"Sim";2;0;1;0;1;0;1;2;-25,5844;-54,5245;"SPRF-PR";"DEL05-PR";"UOP04-DEL05-PR"
348850;2021-03-29;"segunda-feira";"17:30:00";"PB";230;16;"JOAO PESSOA";"Animais na Pista";"Atropelamento de Animal";"Com Vítimas Feridas";"Plena Noite";"Decrescente";"Céu Claro";"Dupla";"Reta";"Sim";1;0;1;0;0;0;1;1;-7,1039;-34,8458;"SPRF-PB";"DEL01-PB";"UOP01-DEL01-PB"
348851;2021-03-29;"segunda-feira";"17:40:00";"MG";40;473;"SETE LAGOAS";"Demais falhas mecânicas ou elétricas";"Colisão com objeto";"Com Vítimas Feridas";"Pleno dia";"Crescente";"Céu Claro";"Dupla";"Curva";"Sim";4;0;3;0;1;0;3;1;-19,496351;-44,27992;"SPRF-MG";"DEL02-MG";"UOP01-DEL02-MG"
348852;2021-03-29;"segunda-feira";"17:50:00";"SC";101;117,4;"ITAJAI";"Velocidade Incompatível";"Tombamento";"Com Vítimas Feridas";"Pleno dia";"Decrescente";"Nublado";"Múltipla";"Reta";"Sim";1;0;1;0;0;0;1;1;-26,88747187;-48,72252969;"SPRF-SC";"DEL04-SC";"UOP04-DEL04-SC"