"id";"data_inversa";"dia_semana";"horario";"uf";"br";"km";"municipio";"causa_acidente";"tipo_acidente";"classificacao_acidente";"fase_dia";"sentido_via";"condicao_metereologica";"tipo_pista";"tracado_via";"uso_solo";"pessoas";"mortos";"feridos_leves";"feridos_graves";"ilesos";"ignorados";"feridos";"veiculos";"latitude";"longitude";"regional";"delegacia";"uop"
349499;2021-04-01;"quinta-feira";"20:30:00";"RO";364;710;"PORTO VELHO";"Iluminação deficiente";"Saída de leito carroçável";"Com Vítimas Feridas";"Plena Noite";"Crescente";"Céu Claro";"Múltipla";"Curva";"Sim";1;0;1;0;0;0;1;1;-8,78491897;-63,85924459;"SPRF-RO";"DEL01-RO";"UOP01-DEL01-RO"
349500;2021-04-02;"sexta-feira";"00:15:00";"BA";324;601;"SIMOES FILHO";"Condutor Dormindo";"Saída de leito carroçável";"Com Vítimas Fatais";"Plena Noite";"Crescente";"Céu Claro";"Dupla";"Reta";"Não";1;1;0;0;0;0;0;1;-12,75619292;-38,42803587;"SPRF-BA";"DEL01-BA";"UOP01-DEL01-BA"
349501;2021-04-01;"quinta-feira";"23:30:00";"MG";40;299;"TRES MARIAS";"Avarias e/ou desgaste excessivo no pneu";"Saída de leito carroçável";"Com Vítimas Feridas";"Plena Noite";"Decrescente";"Céu Claro";"Simples";"Curva";"Não";1;0;1;0;0;0;1;1;-18,3429839;-45,09908688;"SPRF-MG";"DEL14-MG";"UOP02-DEL14-MG"
349502;2021-04-01;"quinta-feira";"21:50:00";"BA";235;342,8;"JUAZEIRO";"Ingestão de álcool pelo condutor";"Colisão frontal";"Com Vítimas Feridas";"Plena Noite";"Crescente";"Céu Claro";"Simples";"Reta";"Não";3;0;1;0;1;1;1;2;-9,46087021;-40,44836105;"SPRF-PE";"DEL06-PE";"UOP01-DEL06-PE"
349503;2021-04-02;"sexta-feira";"00:15:00";"GO";70;15,5;"AGUAS LINDAS DE GOIAS";"Ingestão de álcool pelo condutor";"Saída de leito carroçável";"Com Vítimas Feridas";"Plena Noite";"Decrescente";"Céu Claro";"Dupla";"Declive;Reta";"Sim";4;0;3;1;0;0;4;1;-15,75578998;-48,33282786;"SPRF-DF";"DEL03-DF";"UOP02-DEL03-DF"
349504;2021-04-02;"sexta-feira";"00:05:00";"PI";343;348,4;"TERESINA";"Condutor Dormindo";"Colisão com objeto";"Com Vítimas Feridas";"Plena Noite";"Crescente";"Céu Claro";"Dupla";"Interseção de Vias";"Sim";1;0;1;0;0;0;1;1;-5,118706;-42,786411;"SPRF-PI";"DEL01-PI";"UOP01-DEL01-PI"
349505;2021-04-02;"sexta-feira";"00:00:00";"SP";381;75;"SAO PAULO";"Reação tardia ou ineficiente do condutor";"Colisão com objeto";"Com Vítimas Feridas";"Plena Noite";"Decrescente";"Nublado";"Dupla";"Curva";"Não";1;0;1;0;0;0;1;1;-23,37611026;-46,56244588;"SPRF-SP";"DEL03-SP";"UOP01-DEL03-SP"
349506;2021-04-02;"sexta-feira";"01:00:00";"SP";116;211,5;"GUARULHOS";"Ingestão de álcool pelo condutor";"Colisão com objeto";"Sem Vítimas";"Plena Noite";"Decrescente";"Nublado";"Múltipla";"Aclive";"Não";1;0;0;0;1;0;0;1;-23,4324306;-46,4194352;"SPRF-SP";"DEL01-SP";"UOP01-DEL01-SP"
349507;2021-04-02;"sexta-feira";"01:25:00";"SP";153;61,5;"SAO JOSE DO RIO PRETO";"Ingestão de álcool pelo condutor";"Colisão com objeto";"Com Vítimas Feridas";"Plena Noite";"Crescente";"Céu Claro";"Dupla";"Reta;Declive";"Sim";1;0;1;0;0;0;1;1;-20,80502876;-49,35574909;"SPRF-SP";"DEL09-SP";"UOP01-DEL09-SP"
349508;2021-04-02;"sexta-feira";"01:10:00";"SC";282;15,5;"PALHOCA";"Retorno proibido";"Colisão transversal";"Com Vítimas Feridas";"Plena Noite";"Decrescente";"Nublado";"Simples";"Reta";"Sim";2;0;1;0;1;0;1;2;-27,6572508;-48,68058085;"SPRF-SC";"DEL01-SC";"UOP02-DEL01-SC"
349510;2021-04-02;"sexta-feira";"00:30:00";"BA";116;448;"ANTONIO CARDOSO";"Ingestão de álcool pelo condutor";"Saída de leito carroçável";"Com Vítimas Feridas";"Plena Noite";"Crescente";"Céu Claro";"Dupla";"Reta";"Não";2;0;1;0;1;0;1;1;-12,36969389;-39,11399209;"SPRF-BA";"DEL02-BA";"UOP01-DEL02-BA"
349511;2021-04-02;"sexta-feira";"01:15:00";"SP";116;411;"JUQUIA";"Chuva";"Colisão com objeto";"Sem Vítimas";"Plena Noite";"Crescente";"Garoa/Chuvisco";"Dupla";"Reta";"Não";2;0;0;0;2;0;0;1;-24,33308537;-47,60360609;"SPRF-SP";"DEL05-SP";"UOP01-DEL05-SP"
349512;2021-04-02;"sexta-feira";"00:10:00";"BA";110;367,8;"CATU";"Condutor Dormindo";"Saída de leito carroçável";"Com Vítimas Feridas";"Plena Noite";"Decrescente";"Céu Claro";"Simples";"Reta";"Sim";2;0;2;0;0;0;2;1;-12,40823831;-38,39684499;"SPRF-BA";"DEL01-BA";"UOP04-DEL01-BA"
349513;2021-04-02;"sexta-feira";"02:30:00";"PR";376;616;"SAO JOSE DOS PINHAIS";"Ausência de reação do condutor";"Colisão traseira";"Com Vítimas Feridas";"Plena Noite";"Crescente";"Nublado";"Dupla";"Aclive";"Sim";2;0;1;0;0;1;1;2;-25,57583659;-49,17953679;"SPRF-PR";"DEL01-PR";"UOP04-DEL01-PR"
349514;2021-04-01;"quinta-feira";"21:00:00";"SC";101;328;"CAPIVARI DE BAIXO";"Reação tardia ou ineficiente do condutor";"Saída de leito carroçável";"Com Vítimas Feridas";"Plena Noite";"Decrescente";"Céu Claro";"Dupla";"Reta";"Não";1;0;1;0;0;0;1;1;-28,43648094;-48,95989307;"SPRF-SC";"DEL02-SC";"UOP01-DEL02-SC"
349515;2021-04-02;"sexta-feira";"04:10:00";"RJ";116;165;"RIO DE JANEIRO";"Condutor Dormindo";"Colisão com objeto";"Com Vítimas Fatais";"Plena Noite";"Crescente";"Céu Claro";"Múltipla";"Reta";"Sim";1;1;0;0;0;0;0;1;-22,8105531;-43,33522549;"SPRF-RJ";"DEL01-RJ";"UOP01-DEL01-RJ"
349517;2021-04-01;"quinta-feira";"19:20:00";"SC";101;334;"TUBARAO";"Desrespeitar a preferência no cruzamento";"Colisão lateral mesmo sentido";"Com Vítimas Feridas";"Plena Noite";"Decrescente";"Nublado";"Dupla";"Interseção de Vias";"Sim";2;0;1;0;0;1;1;2;-28,46730446;-49,00604302;"SPRF-SC";"DEL02-SC";"UOP01-DEL02-SC"
349518;2021-04-02;"sexta-feira";"04:30:00";"DF";60;1,6;"BRASILIA";"Ingestão de álcool pelo condutor";"Saída de leito carroçável";"Sem Vítimas";"Plena Noite";"Decrescente";"Céu Claro";"Dupla";"Reta";"Sim";1;0;0;0;1;0;0;1;-15,885093;-48,068954;"SPRF-DF";"DEL03-DF";"UOP01-DEL03-DF"
349519;2021-04-02;"sexta-feira";"05:30:00";"SP";381;87;"SAO PAULO";"Ausência de reação do condutor";"Queda de ocupante de veículo";"Com Vítimas Feridas";"Amanhecer";"Crescente";"Céu Claro";"Múltipla";"Reta";"Sim";1;0;1;0;0;0;1;1;-23,46885001;-46,56996601;"SPRF-SP";"DEL03-SP";"UOP01-DEL03-SP"
349520;2021-04-02;"sexta-feira";"05:30:00";"SC";282;26,7;"SANTO AMARO DA IMPERATRIZ";"Desrespeitar a preferência no cruzamento";"Colisão transversal";"Sem Vítimas";"Amanhecer";"Crescente";"Céu Claro";"Simples";"Reta";"Sim";2;0;0;0;2;0;0;2;-27,680267;-48,762482;"SPRF-SC";"DEL01-SC";"UOP03-DEL01-SC"
349521;2021-04-02;"sexta-feira";"02:30:00";"PI";343;526;"AMARANTE";"Condutor Dormindo";"Saída de leito carroçável";"Com Vítimas Feridas";"Plena Noite";"Decrescente";"Céu Claro";"Simples";"Reta";"Não";4;0;1;0;3;0;1;1;-6,414327;-42,796402;"SPRF-PI";"DEL03-PI";"UOP01-DEL03-PI"
349522;2021-04-02;"sexta-feira";"06:15:00";"MG";262;390,5;"FLORESTAL";"Velocidade Incompatível";"Saída de leito carroçável";"Com Vítimas Feridas";"Pleno dia";"Decrescente";"Céu Claro";"Dupla";"Reta";"Não";1;0;1;0;0;0;1;1;-19,93170721;-44,45941636;"SPRF-MG";"DEL01-MG";"UOP03-DEL01-MG"
349523;2021-04-02;"sexta-feira";"07:00:00";"PR";369;164,4;"CAMBE";"Avarias e/ou desgaste excessivo no pneu";"Capotamento";"Com Vítimas Feridas";"Pleno dia";"Crescente";"Céu Claro";"Dupla";"Reta";"Sim";4;0;3;1;0;0;4;1;-23,29518072;-51,2897265;"SPRF-PR";"DEL07-PR";"UOP01-DEL07-PR"
349524;2021-04-02;"sexta-feira";"07:00:00";"MG";146;511,1;"POCOS DE CALDAS";"Condutor usando celular";"Saída de leito carroçável";"Com Vítimas Feridas";"Pleno dia";"Decrescente";"Céu Claro";"Simples";"Declive;Curva";"Não";1;0;1;0;0;0;1;1;-21,775339;-46,431882;"SPRF-MG";"DEL09-MG";"UOP01-DEL09-MG"
349527;2021-04-02;"sexta-feira";"04:30:00";"MG";50;125,7;"UBERABA";"Condutor Dormindo";"Saída de leito carroçável";"Com Vítimas Feridas";"Amanhecer";"Decrescente";"Céu Claro";"Dupla";"Reta";"Não";3;0;2;1;0;0;3;1;-19,35661694;-48,08567397;"SPRF-MG";"DEL13-MG";"UOP01-DEL13-MG"
349528;2021-04-02;"sexta-feira";"07:20:00";"RS";116;151,9;"CAXIAS DO SUL";"Velocidade Incompatível";"Saída de leito carroçável";"Com Vítimas Feridas";"Pleno dia";"Crescente";"Sol";"Dupla";"Curva";"Sim";1;0;1;0;0;0;1;1;-29,17694502;-51,16173896;"SPRF-RS";"DEL05-RS";"UOP01-DEL05-RS"
349529;2021-04-02;"sexta-feira";"06:15:00";"BA";324;577;"CANDEIAS";"Ausência de reação do condutor";"Saída de leito carroçável";"Com Vítimas Feridas";"Amanhecer";"Crescente";"Céu Claro";"Dupla";"Reta";"Não";3;0;2;0;1;0;2;1;-12,58364429;-38,53073221;"SPRF-BA";"DEL01-BA";"UOP01-DEL01-BA"
349530;2021-04-02;"sexta-feira";"05:00:00";"MT";163;54;"ITIQUIRA";"Mal súbito do condutor";"Saída de leito carroçável";"Com Vítimas Feridas";"Amanhecer";"Decrescente";"Céu Claro";"Dupla";"Reta";"Não";4;0;4;0;0;0;4;1;-17,03916393;-54,76387252;"SPRF-MT";"DEL02-MT";"UOP01-DEL02-MT"
349532;2021-02-13;"sábado";"15:00:00";"SE";235;60;"ITABAIANA";"Acessar a via sem observar a presença dos outros veículos";"Colisão lateral";"Com Vítimas Feridas";"Pleno dia";"Crescente";"Céu Claro";"Simples";"Reta";"Não";3;0;1;0;2;0;1;2;-10,626542;-37,463253;"SPRF-SE";"DEL01-SE";"UOP02-DEL01-SE"
349533;2021-04-02;"sexta-feira";"08:30:00";"SC";101;201;"SAO JOSE";"Manobra de mudança de faixa";"Colisão lateral mesmo sentido";"Com Vítimas Feridas";"Pleno dia";"Crescente";"Céu Claro";"Múltipla";"Reta";"Sim";2;0;1;0;1;0;1;2;-27,54836599;-48,61977975;"SPRF-SC";"DEL01-SC";"UOP01-DEL01-SC"
349535;2021-04-02;"sexta-feira";"08:20:00";"SC";101;232;"PALHOCA";"Demais falhas mecânicas ou elétricas";"Colisão traseira";"Com Vítimas Feridas";"Pleno dia";"Crescente";"Céu Claro";"Dupla";"Reta";"Não";3;0;1;0;2;0;1;3;-27,795666;-48,638153;"SPRF-SC";"DEL01-SC";"UOP02-DEL01-SC"
349536;2021-04-02;"sexta-feira";"08:20:00";"RS";158;325,4;"SANTA MARIA";"Pista esburacada";"Tombamento";"Com Vítimas Feridas";"Pleno dia";"Crescente";"Sol";"Dupla";"Declive;Viaduto;Reta";"Sim";1;0;0;1;0;0;1;1;-29,71032631;-53,80365372;"SPRF-RS";"DEL09-RS";"UOP01-DEL09-RS"
349537;2021-04-02;"sexta-feira";"06:40:00";"SP";116;447;"REGISTRO";"Ausência de reação do condutor";"Queda de ocupante de veículo";"Com Vítimas Feridas";"Pleno dia";"Decrescente";"Céu Claro";"Dupla";"Reta";"Sim";1;0;0;1;0;0;1;1;-24,51285376;-47,85054871;"SPRF-SP";"DEL05-SP";"UOP01-DEL05-SP"
349538;2021-04-02;"sexta-feira";"07:40:00";"SC";282;53,7;"AGUAS MORNAS";"Condutor deixou de manter distância do veículo da frente";"Colisão traseira";"Com Vítimas Feridas";"Pleno dia";"Crescente";"Sol";"Simples";"Curva";"Não";5;0;2;0;3;0;2;2;-27,691511;-48,970215;"SPRF-SC";"DEL01-SC";"UOP03-DEL01-SC"
349541;2021-04-02;"sexta-feira";"09:45:00";"MG";356;268,6;"MURIAE";"Conversão proibida";"Colisão transversal";"Com Vítimas Feridas";"Pleno dia";"Crescente";"Céu Claro";"Simples";"Curva";"Não";2;0;0;1;1;0;1;2;-21,12690881;-42,34244401;"SPRF-MG";"DEL07-MG";"UOP02-DEL07-MG"
349542;2021-04-02;"sexta-feira";"06:35:00";"SC";282;601;"CUNHA PORA";"Condutor Dormindo";"Colisão frontal";"Com Vítimas Fatais";"Pleno dia";"Decrescente";"Céu Claro";"Simples";"Reta";"Não";4;1;3;0;0;0;3;2;-26,808609;-53,169883;"SPRF-SC";"DEL07-SC";"UOP02-DEL07-SC"
349543;2021-04-02;"sexta-feira";"04:00:00";"AP";156;427;"TARTARUGALZINHO";"Ausência de reação do condutor";"Saída de leito carroçável";"Com Vítimas Feridas";"Amanhecer";"Decrescente";"Nublado";"Simples";"Reta";"Não";4;0;2;2;0;0;4;1;1,18788216;-51,01798212;"SPRF-AP";"DEL01-AP";"UOP01-DEL01-AP"
349544;2021-04-02;"sexta-feira";"09:30:00";"MG";40;675,8;"CARANDAI";"Manobra de mudança de faixa";"Colisão lateral mesmo sentido";"Com Vítimas Feridas";"Pleno dia";"Decrescente";"Céu Claro";"Simples";"Reta";"Não";3;0;1;0;2;0;1;2;-21,0206933;-43,7829811;"SPRF-MG";"DEL05-MG";"UOP02-DEL05-MG"
349545;2021-04-02;"sexta-feira";"08:50:00";"BA";110;3,8;"PAULO AFONSO";"Desrespeitar a preferência no cruzamento";"Colisão frontal";"Com Vítimas Feridas";"Pleno dia";"Decrescente";"Céu Claro";"Simples";"Interseção de Vias";"Não";2;0;1;0;0;1;1;2;-9,45549639;-38,20186615;"SPRF-BA";"DEL07-BA";"UOP01-DEL07-BA"
349546;2021-04-02;"sexta-feira";"00:00:00";"MG";365;829;"SANTA VITORIA";"Condutor Dormindo";"Saída de leito carroçável";"Sem Vítimas";"Plena Noite";"Decrescente";"Céu Claro";"Simples";"Reta";"Não";1;0;0;0;1;0;0;1;-18,89561374;-50,17694709;"SPRF-MG";"DEL15-MG";"UOP03-DEL15-MG"
349547;2021-04-02;"sexta-feira";"09:00:00";"SC";101;134;"BALNEARIO CAMBORIU";"Desrespeitar a preferência no cruzamento";"Colisão lateral mesmo sentido";"Com Vítimas Feridas";"Pleno dia";"Decrescente";"Céu Claro";"Dupla";"Reta";"Não";2;0;2;0;0;0;2;2;-27,00218;-48,636433;"SPRF-SC";"DEL04-SC";"UOP03-DEL04-SC"
349548;2021-04-02;"sexta-feira";"11:00:00";"RN";101;85;"NATAL";"Sinalização mal posicionada";"Colisão traseira";"Com Vítimas Feridas";"Pleno dia";"Decrescente";"Céu Claro";"Dupla";"Ponte";"Sim";3;0;1;0;2;0;1;2;-5,777664;-35,24937;"SPRF-RN";"DEL02-RN";"UOP01-DEL02-RN"
349549;2021-04-02;"sexta-feira";"10:30:00";"RJ";116;142;"DUQUE DE CAXIAS";"Ausência de reação do condutor";"Colisão traseira";"Com Vítimas Feridas";"Pleno dia";"Crescente";"Céu Claro";"Simples";"Reta";"Não";2;0;1;0;1;0;1;2;-22,64876087;-43,23031638;"SPRF-RJ";"DEL01-RJ";"UOP01-DEL01-RJ"
349551;2021-04-02;"sexta-feira";"11:00:00";"MG";40;478;"SETE LAGOAS";"Demais falhas mecânicas ou elétricas";"Saída de leito carroçável";"Com Vítimas Feridas";"Pleno dia";"Decrescente";"Céu Claro";"Múltipla";"Reta";"Sim";4;0;3;0;1;0;3;1;-19,52848686;-44,25950083;"SPRF-MG";"DEL02-MG";"UOP01-DEL02-MG"
349552;2021-04-02;"sexta-feira";"11:05:00";"MG";381;480,3;"CONTAGEM";"Ausência de reação do condutor";"Colisão traseira";"Com Vítimas Feridas";"Pleno dia";"Decrescente";"Céu Claro";"Dupla";"Reta";"Sim";3;0;1;0;2;0;1;3;-19,95749597;-44,07899901;"SPRF-MG";"DEL01-MG";"UOP03-DEL01-MG"
349553;2021-04-02;"sexta-feira";"11:30:00";"PR";116;103;"SAO JOSE DOS PINHAIS";"Velocidade Incompatível";"Queda de ocupante de veículo";"Com Vítimas Feridas";"Pleno dia";"Decrescente";"Sol";"Simples";"Curva";"Não";1;0;0;1;0;0;1;1;-25,55944814;-49,15099774;"SPRF-PR";"DEL01-PR";"UOP01-DEL01-PR"
349554;2021-04-02;"sexta-feira";"09:00:00";"MG";365;795,8;"GURINHATA";"Demais falhas mecânicas ou elétricas";"Incêndio";"Sem Vítimas";"Pleno dia";"Crescente";"Céu Claro";"Simples";"Reta;Aclive";"Não";1;0;0;0;1;0;0;1;-18,9221326;-49,86351686;"SPRF-MG";"DEL15-MG";"UOP03-DEL15-MG"
349555;2021-04-02;"sexta-feira";"11:35:00";"RJ";116;132;"MAGE";"Condutor deixou de manter distância do veículo da frente";"Engavetamento";"Com Vítimas Feridas";"Pleno dia";"Decrescente";"Céu Claro";"Dupla";"Reta";"Não";4;0;2;0;2;0;2;3;-22,65703272;-43,13458092;"SPRF-RJ";"DEL04-RJ";"UOP02-DEL04-RJ"
349556;2021-04-02;"sexta-feira";"11:40:00";"PE";408;69,5;"PAUDALHO";"Demais falhas mecânicas ou elétricas";"Saída de leito carroçável";"Com Vítimas Feridas";"Pleno dia";"Decrescente";"Céu Claro";"Dupla";"Reta";"Sim";4;0;3;1;0;0;4;1;-7,871062;-35,197928;"SPRF-PE";"DEL01-PE";"UOP01-DEL01-PE"
349557;2021-04-02;"sexta-feira";"12:20:00";"GO";50;296;"CATALAO";"Reação tardia ou ineficiente do condutor";"Saída de leito carroçável";"Com Vítimas Feridas";"Pleno dia";"Decrescente";"Céu Claro";"Dupla";"Curva";"Não";2;0;0;1;1;0;1;1;-18,29810239;-48,01064014;"SPRF-GO";"DEL06-GO";"UOP01-DEL06-GO"
349558;2021-04-02;"sexta-feira";"10:00:00";"RJ";101;283;"ITABORAI";"Ausência de reação do condutor";"Tombamento";"Com Vítimas Feridas";"Pleno dia";"Decrescente";"Nublado";"Dupla";"Viaduto";"Sim";2;0;2;0;0;0;2;1;-22,73591014;-42,80592689;"SPRF-RJ";"DEL02-RJ";"UOP03-DEL02-RJ"
349560;2021-04-02;"sexta-feira";"08:25:00";"SC";280;273,5;"IRINEOPOLIS";"Ultrapassagem Indevida";"Colisão lateral mesmo sentido";"Com Vítimas Feridas";"Pleno dia";"Crescente";"Céu Claro";"Simples";"Reta";"Não";7;0;6;0;1;0;6;3;-26,2799492;-50,76336593;"SPRF-SC";"DEL06-SC";"UOP04-DEL06-SC"
349561;2021-04-02;"sexta-feira";"11:30:00";"MT";364;361;"SANTO ANTONIO DO LEVERGER";"Velocidade Incompatível";"Colisão lateral mesmo sentido";"Com Vítimas Feridas";"Pleno dia";"Crescente";"Céu Claro";"Dupla";"Reta";"Não";3;0;2;0;0;1;2;3;-15,77011798;-55,65433502;"SPRF-MT";"DEL01-MT";"UOP02-DEL01-MT"
349562;2021-04-02;"sexta-feira";"12:35:00";"SP";116;87;"ROSEIRA";"Mal súbito do condutor";"Colisão com objeto";"Com Vítimas Feridas";"Pleno dia";"Decrescente";"Sol";"Dupla";"Reta";"Não";1;0;1;0;0;0;1;1;-22,93065267;-45,36166116;"SPRF-SP";"DEL08-SP";"UOP01-DEL08-SP"
349563;2021-04-02;"sexta-feira";"12:40:00";"RS";101;33,3;"TRES CACHOEIRAS";"Acessar a via sem observar a presença dos outros veículos";"Colisão transversal";"Com Vítimas Feridas";"Pleno dia";"Decrescente";"Chuva";"Dupla";"Reta";"Sim";2;0;0;1;1;0;1;2;-29,50785675;-49,98592723;"SPRF-RS";"DEL03-RS";"UOP02-DEL03-RS"
349564;2021-04-02;"sexta-feira";"11:00:00";"MG";459;96;"POUSO ALEGRE";"Acessar a via sem observar a presença dos outros veículos";"Colisão transversal";"Com Vítimas Feridas";"Pleno dia";"Crescente";"Céu Claro";"Simples";"Reta";"Não";6;0;5;0;1;0;5;2;-22,196163;-45,978573;"SPRF-MG";"DEL09-MG";"UOP01-DEL09-MG"
349566;2021-04-02;"sexta-feira";"12:20:00";"DF";20;18;"BRASILIA";"Velocidade Incompatível";"Saída de leito carroçável";"Com Vítimas Feridas";"Pleno dia";"Crescente";"Nublado";"Dupla";"Aclive";"Não";3;0;1;0;2;0;1;1;-15,616901;-47,708927;"SPRF-DF";"DEL02-DF";"UOP01-DEL02-DF"
349568;2021-04-02;"sexta-feira";"13:00:00";"SC";470;16,7;"ILHOTA";"Ingestão de álcool pelo condutor";"Colisão traseira";"Com Vítimas Feridas";"Pleno dia";"Crescente";"Céu Claro";"Simples";"Ponte";"Não";2;0;1;0;1;0;1;2;-26,843019;-48,794434;"SPRF-SC";"DEL04-SC";"UOP04-DEL04-SC"
349569;2021-04-02;"sexta-feira";"12:40:00";"RJ";40;118;"DUQUE DE CAXIAS";"Demais falhas mecânicas ou elétricas";"Incêndio";"Sem Vítimas";"Pleno dia";"Decrescente";"Céu Claro";"Múltipla";"Reta";"Sim";1;0;0;0;1;0;0;1;-22,76107892;-43,28665689;"SPRF-RJ";"DEL01-RJ";"UOP01-DEL01-RJ"
349571;2021-04-02;"sexta-feira";"10:05:00";"SC";282;280,8;"SAO JOSE DO CERRITO";"Conversão proibida";"Saída de leito carroçável";"Com Vítimas Feridas";"Pleno dia";"Decrescente";"Céu Claro";"Simples";"Curva;Aclive";"Não";3;0;2;0;0;1;2;2;-27,583397;-50,754917;"SPRF-SC";"DEL05-SC";"UOP02-DEL05-SC"
349572;2021-04-02;"sexta-feira";"12:30:00";"BA";116;448;"ANTONIO CARDOSO";"Transitar na contramão";"Colisão frontal";"Sem Vítimas";"Pleno dia";"Crescente";"Sol";"Dupla";"Aclive;Reta";"Não";3;0;0;0;3;0;0;2;-12,36969389;-39,11399209;"SPRF-BA";"DEL02-BA";"UOP01-DEL02-BA"
349573;2021-04-02;"sexta-feira";"11:30:00";"RJ";101;418;"MANGARATIBA";"Reação tardia ou ineficiente do condutor";"Colisão lateral sentido oposto";"Com Vítimas Feridas";"Pleno dia";"Decrescente";"Céu Claro";"Simples";"Curva";"Não";3;0;1;0;2;0;1;2;-22,9178274;-43,90471593;"SPRF-RJ";"DEL03-RJ";"UOP03-DEL03-RJ"
349574;2021-04-02;"sexta-feira";"12:10:00";"RS";290;295,1;"CACHOEIRA DO SUL";"Ausência de reação do condutor";"Saída de leito carroçável";"Com Vítimas Feridas";"Pleno dia";"Crescente";"Sol";"Simples";"Ponte";"Não";2;0;1;1;0;0;2;1;-30,29998216;-53,15116882;"SPRF-RS";"DEL02-RS";"UOP03-DEL02-RS"
349575;2021-04-02;"sexta-feira";"14:00:00";"PR";469;13,6;"FOZ DO IGUACU";"Desrespeitar a preferência no cruzamento";"Colisão transversal";"Com Vítimas Feridas";"Pleno dia";"Crescente";"Sol";"Simples";"Interseção de Vias";"Sim";2;0;0;1;1;0;1;2;-25,57683;-54,54414;"SPRF-PR";"DEL05-PR";"UOP04-DEL05-PR"
349576;2021-04-02;"sexta-feira";"13:36:00";"PI";316;5;"TERESINA";"Condutor desrespeitou a iluminação vermelha do semáforo";"Colisão transversal";"Sem Vítimas";"Pleno dia";"Decrescente";"Céu Claro";"Dupla";"Interseção de Vias";"Sim";2;0;0;0;1;1;0;2;-5,14169858;-42,78157276;"SPRF-PI";"DEL01-PI";"UOP02-DEL01-PI"
349577;2021-04-02;"sexta-feira";"13:50:00";"GO";40;8,2;"LUZIANIA";"Velocidade Incompatível";"Atropelamento de Pedestre";"Com Vítimas Fatais";"Pleno dia";"Crescente";"Céu Claro";"Dupla";"Reta";"Sim";3;1;0;0;1;1;0;2;-16,116158;-47,96761;"SPRF-DF";"DEL01-DF";"UOP01-DEL01-DF"
349578;2021-04-02;"sexta-feira";"14:15:00";"RS";480;72,3;"ERECHIM";"Acessar a via sem observar a presença dos outros veículos";"Colisão transversal";"Com Vítimas Feridas";"Pleno dia";"Crescente";"Sol";"Simples";"Interseção de Vias";"Sim";2;0;1;0;1;0;1;2;-27,6399839;-52,30602492;"SPRF-RS";"DEL08-RS";"UOP04-DEL08-RS"
349580;2021-04-02;"sexta-feira";"14:00:00";"PR";376;679;"GUARATUBA";"Velocidade Incompatível";"Tombamento";"Com Vítimas Feridas";"Pleno dia";"Decrescente";"Céu Claro";"Dupla";"Curva";"Não";1;0;1;0;0;0;1;1;-25,95050276;-48,90514477;"SPRF-PR";"DEL01-PR";"UOP04-DEL01-PR"
349581;2021-04-02;"sexta-feira";"14:30:00";"SC";101;139,4;"BALNEARIO CAMBORIU";"Avarias e/ou desgaste excessivo no pneu";"Tombamento";"Com Vítimas Feridas";"Pleno dia";"Crescente";"Nublado";"Múltipla";"Aclive";"Não";2;0;2;0;0;0;2;1;-27,02982303;-48,60115006;"SPRF-SC";"DEL04-SC";"UOP03-DEL04-SC"
349582;2021-04-02;"sexta-feira";"15:00:00";"CE";116;7;"FORTALEZA";"Acessar a via sem observar a presença dos outros veículos";"Colisão lateral mesmo sentido";"Com Vítimas Feridas";"Pleno dia";"Crescente";"Céu Claro";"Múltipla";"Curva";"Sim";2;0;1;0;1;0;1;2;-3,81073099;-38,50074867;"SPRF-CE";"DEL01-CE";"UOP02-DEL01-CE"
349583;2021-04-02;"sexta-feira";"15:45:00";"PR";116;107;"SAO JOSE DOS PINHAIS";"Demais Fenômenos da natureza";"Incêndio";"Sem Vítimas";"Pleno dia";"Crescente";"Céu Claro";"Simples";"Reta";"Não";1;0;0;0;0;1;0;1;-25,56989668;-49,18778205;"SPRF-PR";"DEL01-PR";"UOP01-DEL01-PR"
349584;2021-04-02;"sexta-feira";"15:30:00";"BA";101;445;"UBAITABA";"Velocidade Incompatível";"Saída de leito carroçável";"Com Vítimas Feridas";"Pleno dia";"Decrescente";"Céu Claro";"Simples";"Curva";"Sim";3;0;1;0;2;0;1;1;-14,31447015;-39,31360424;"SPRF-BA";"DEL05-BA";"UOP01-DEL05-BA"
349586;2021-04-02;"sexta-feira";"11:55:00";"RS";285;23,4;"SAO JOSE DOS AUSENTES";"Acessar a via sem observar a presença dos outros veículos";"Colisão transversal";"Com Vítimas Feridas";"Pleno dia";"Crescente";"Céu Claro";"Simples";"Reta";"Não";6;0;3;0;0;3;3;2;-28,72702304;-50,12683868;"SPRF-RS";"DEL05-RS";"UOP03-DEL05-RS"
349587;2021-04-02;"sexta-feira";"15:15:00";"RJ";101;279;"ITABORAI";"Manobra de mudança de faixa";"Colisão lateral mesmo sentido";"Com Vítimas Feridas";"Pleno dia";"Crescente";"Céu Claro";"Dupla";"Curva";"Sim";4;0;2;0;2;0;2;2;-22,7383655;-42,76745405;"SPRF-RJ";"DEL02-RJ";"UOP03-DEL02-RJ"
349588;2021-04-02;"sexta-feira";"15:30:00";"TO";153;678,2;"GURUPI";"Pista esburacada";"Tombamento";"Com Vítimas Feridas";"Pleno dia";"Decrescente";"Céu Claro";"Simples";"Reta";"Não";1;0;1;0;0;0;1;1;-11,77460203;-49,10744996;"SPRF-TO";"DEL01-TO";"UOP02-DEL01-TO"
349589;2021-04-02;"sexta-feira";"14:20:00";"BA";101;672,5;"EUNAPOLIS";"Reação tardia ou ineficiente do condutor";"Colisão frontal";"Com Vítimas Feridas";"Pleno dia";"Decrescente";"Chuva";"Simples";"Reta";"Não";3;0;2;0;1;0;2;2;-16,20390309;-39,60396515;"SPRF-BA";"DEL09-BA";"UOP01-DEL09-BA"