"id";"data_inversa";"dia_semana";"horario";"uf";"br";"km";"municipio";"causa_acidente";"tipo_acidente";"classificacao_acidente";"fase_dia";"sentido_via";"condicao_metereologica";"tipo_pista";"tracado_via";"uso_solo";"pessoas";"mortos";"feridos_leves";"feridos_graves";"ilesos";"ignorados";"feridos";"veiculos";"latitude";"longitude";"regional";"delegacia";"uop"
349802;2021-04-03;"sábado";"19:50:00";"MS";376;41,3;"VICENTINA";"Transitar na contramão";"Colisão frontal";"Com Vítimas Feridas";"Plena Noite";"Crescente";"Céu Claro";"Simples";"Interseção de Vias";"Não";2;0;1;0;1;0;1;2;-22,42618319;-54,39142227;"SPRF-MS";"DEL04-MS";"UOP04-DEL04-MS"
349803;2021-04-03;"sábado";"23:40:00";"PR";158;383,6;"LARANJEIRAS DO SUL";"Velocidade Incompatível";"Colisão com objeto";"Com Vítimas Fatais";"Plena Noite";"Crescente";"Céu Claro";"Simples";"Curva;Declive";"Não";2;2;0;0;0;0;0;1;-25,314271;-52,33213;"SPRF-PR";"DEL04-PR";"UOP02-DEL04-PR"
349804;2021-04-03;"sábado";"23:30:00";"SC";101;434;"SOMBRIO";"Entrada inopinada do pedestre";"Atropelamento de Pedestre";"Com Vítimas Feridas";"Plena Noite";"Decrescente";"Ignorado";"Dupla";"Reta";"Sim";2;0;1;0;1;0;1;2;-29,09075196;-49,63226114;"SPRF-SC";"DEL02-SC";"UOP02-DEL02-SC"
349807;2021-04-03;"sábado";"22:20:00";"RJ";101;398;"ITAGUAI";"Reação tardia ou ineficiente do condutor";"Colisão com objeto";"Com Vítimas Feridas";"Plena Noite";"Decrescente";"Nublado";"Dupla";"Reta";"Sim";2;0;2;0;0;0;2;2;-22,866968;-43,750005;"SPRF-RJ";"DEL03-RJ";"UOP01-DEL03-RJ"
349809;2021-04-03;"sábado";"20:00:00";"RJ";393;285;"VOLTA REDONDA";"Acessar a via sem observar a presença dos outros veículos";"Colisão transversal";"Com Vítimas Feridas";"Plena Noite";"Decrescente";"Céu Claro";"Simples";"Reta;Interseção de Vias";"Sim";6;0;0;2;0;4;2;3;-22,481726;-44,06308602;"SPRF-RJ";"DEL05-RJ";"UOP04-DEL05-RJ"
349812;2021-04-04;"domingo";"01:40:00";"PR";476;124;"CURITIBA";"Reação tardia ou ineficiente do condutor";"Saída de leito carroçável";"Com Vítimas Feridas";"Plena Noite";"Crescente";"Céu Claro";"Dupla";"Em Obras";"Sim";2;0;2;0;0;0;2;1;-25,399845;-49,215855;"SPRF-PR";"DEL01-PR";"UOP03-DEL01-PR"
349813;2021-04-04;"domingo";"01:30:00";"MS";163;614;"SAO GABRIEL DO OESTE";"Reação tardia ou ineficiente do condutor";"Tombamento";"Com Vítimas Feridas";"Plena Noite";"Crescente";"Céu Claro";"Simples";"Retorno Regulamentado";"Sim";1;0;1;0;0;0;1;1;-19,40628803;-54,56100005;"SPRF-MS";"DEL06-MS";"UOP02-DEL06-MS"
349814;2021-04-04;"domingo";"02:00:00";"PR";277;158;"PORTO AMAZONAS";"Ausência de reação do condutor";"Colisão com objeto";"Com Vítimas Feridas";"Plena Noite";"Crescente";"Céu Claro";"Múltipla";"Reta";"Não";2;0;1;0;1;0;1;1;-25,46933502;-49,90252756;"SPRF-PR";"DEL01-PR";"UOP03-DEL03-PR"
349815;2021-04-04;"domingo";"02:30:00";"BA";116;543;"MILAGRES";"Reação tardia ou ineficiente do condutor";"Saída de leito carroçável";"Com Vítimas Feridas";"Plena Noite";"Crescente";"Céu Claro";"Simples";"Interseção de Vias";"Não";2;0;2;0;0;0;2;1;-12,84761972;-39,8412323;"SPRF-BA";"DEL03-BA";"UOP02-DEL03-BA"
349817;2021-04-04;"domingo";"02:11:00";"DF";251;7;"BRASILIA";"Condutor deixou de manter distância do veículo da frente";"Colisão traseira";"Com Vítimas Feridas";"Plena Noite";"Crescente";"Céu Claro";"Simples";"Reta";"Sim";2;0;1;0;1;0;1;2;-15,998561;-47,565559;"SPRF-DF";"DEL01-DF";"UOP01-DEL01-DF"
349818;2021-04-04;"domingo";"03:30:00";"SP";381;47;"ATIBAIA";"Condutor Dormindo";"Capotamento";"Com Vítimas Feridas";"Plena Noite";"Crescente";"Céu Claro";"Múltipla";"Reta";"Sim";1;0;1;0;0;0;1;1;-23,18904617;-46,58407757;"SPRF-SP";"DEL03-SP";"UOP01-DEL03-SP"
349819;2021-04-04;"domingo";"03:30:00";"PI";316;5,8;"TERESINA";"Ausência de reação do condutor";"Colisão com objeto";"Sem Vítimas";"Plena Noite";"Decrescente";"Céu Claro";"Múltipla";"Curva";"Sim";1;0;0;0;0;1;0;1;-5,145678;-42,775036;"SPRF-PI";"DEL01-PI";"UOP02-DEL01-PI"
349820;2021-04-04;"domingo";"04:00:00";"SC";470;49,2;"BLUMENAU";"Ausência de reação do condutor";"Colisão com objeto";"Sem Vítimas";"Plena Noite";"Crescente";"Nublado";"Dupla";"Reta";"Sim";1;0;0;0;0;1;0;1;-26,860662;-49,065159;"SPRF-SC";"DEL04-SC";"UOP01-DEL04-SC"
349821;2021-04-04;"domingo";"03:10:00";"PR";116;47;"CAMPINA GRANDE DO SUL";"Velocidade Incompatível";"Saída de leito carroçável";"Com Vítimas Feridas";"Plena Noite";"Decrescente";"Garoa/Chuvisco";"Dupla";"Curva";"Não";5;0;4;0;1;0;4;1;-25,21058799;-48,89720903;"SPRF-PR";"DEL01-PR";"UOP02-DEL01-PR"
349822;2021-04-03;"sábado";"22:10:00";"RJ";101;297;"ITABORAI";"Condutor deixou de manter distância do veículo da frente";"Colisão traseira";"Sem Vítimas";"Plena Noite";"Crescente";"Céu Claro";"Simples";"Reta";"Sim";3;0;0;0;3;0;0;2;-22,76698141;-42,9139924;"SPRF-RJ";"DEL02-RJ";"UOP02-DEL02-RJ"
349824;2021-04-04;"domingo";"03:20:00";"GO";60;163,5;"GOIANIA";"Velocidade Incompatível";"Colisão frontal";"Sem Vítimas";"Plena Noite";"Crescente";"Céu Claro";"Dupla";"Reta";"Sim";1;0;0;0;0;1;0;1;-16,7002;-49,3335;"SPRF-GO";"DEL01-GO";"UOP02-DEL01-GO"
349826;2021-04-04;"domingo";"05:30:00";"RN";226;113;"SANTA CRUZ";"Velocidade Incompatível";"Saída de leito carroçável";"Com Vítimas Feridas";"Pleno dia";"Decrescente";"Céu Claro";"Simples";"Curva";"Não";1;0;0;1;0;0;1;1;-6,21120499;-36,01975098;"SPRF-RN";"DEL03-RN";"UOP02-DEL03-RN"
349827;2021-04-04;"domingo";"03:20:00";"SC";101;202;"SAO JOSE";"Ingestão de álcool pelo condutor";"Colisão traseira";"Sem Vítimas";"Plena Noite";"Decrescente";"Céu Claro";"Dupla";"Interseção de Vias";"Sim";2;0;0;0;2;0;0;2;-27,55711595;-48,61897889;"SPRF-SC";"DEL01-SC";"UOP01-DEL01-SC"
349828;2021-04-04;"domingo";"05:15:00";"RJ";116;189,5;"QUEIMADOS";"Reação tardia ou ineficiente do condutor";"Saída de leito carroçável";"Com Vítimas Feridas";"Amanhecer";"Decrescente";"Céu Claro";"Dupla";"Reta";"Sim";1;0;1;0;0;0;1;1;-22,73427693;-43,55572885;"SPRF-RJ";"DEL01-RJ";"UOP02-DEL01-RJ"
349829;2021-04-04;"domingo";"06:35:00";"RJ";393;180;"PARAIBA DO SUL";"Avarias e/ou desgaste excessivo no pneu";"Queda de ocupante de veículo";"Com Vítimas Feridas";"Amanhecer";"Crescente";"Nublado";"Simples";"Declive";"Não";2;0;1;0;1;0;1;1;-22,13161004;-43,24326096;"SPRF-RJ";"DEL05-RJ";"UOP03-DEL05-RJ"
349832;2021-04-04;"domingo";"07:45:00";"AL";104;42;"UNIAO DOS PALMARES";"Velocidade Incompatível";"Colisão frontal";"Com Vítimas Feridas";"Amanhecer";"Crescente";"Chuva";"Simples";"Reta";"Não";2;0;1;0;1;0;1;2;-9,21387899;-36,03220977;"SPRF-AL";"DEL01-AL";"UOP02-DEL01-AL"
349833;2021-04-04;"domingo";"08:25:00";"RN";101;82;"NATAL";"Condutor desrespeitou a iluminação vermelha do semáforo";"Colisão transversal";"Com Vítimas Feridas";"Pleno dia";"Decrescente";"Céu Claro";"Dupla";"Reta";"Sim";2;0;1;0;1;0;1;2;-5,76791511;-35,27456305;"SPRF-RN";"DEL02-RN";"UOP01-DEL02-RN"
349835;2021-04-04;"domingo";"09:00:00";"MG";381;514,5;"IGARAPE";"Manobra de mudança de faixa";"Colisão traseira";"Com Vítimas Feridas";"Pleno dia";"Crescente";"Sol";"Múltipla";"Reta";"Sim";2;0;1;1;0;0;2;2;-20,08463141;-44,31026459;"SPRF-MG";"DEL01-MG";"UOP03-DEL01-MG"
349836;2021-04-04;"domingo";"09:00:00";"PE";101;69,7;"RECIFE";"Velocidade Incompatível";"Saída de leito carroçável";"Com Vítimas Feridas";"Pleno dia";"Crescente";"Chuva";"Simples";"Curva";"Sim";2;0;1;1;0;0;2;1;-8,05951606;-34,94581024;"SPRF-PE";"DEL01-PE";"UOP01-DEL01-PE"
349838;2021-04-04;"domingo";"09:02:00";"MA";10;251,1;"IMPERATRIZ";"Acesso irregular";"Colisão transversal";"Com Vítimas Feridas";"Pleno dia";"Decrescente";"Céu Claro";"Simples";"Reta";"Sim";2;0;0;1;1;0;1;2;-5,537656;-47,468265;"SPRF-MA";"DEL04-MA";"UOP01-DEL04-MA"
349839;2021-04-04;"domingo";"09:00:00";"RJ";101;334;"RIO DE JANEIRO";"Reação tardia ou ineficiente do condutor";"Colisão com objeto";"Com Vítimas Feridas";"Pleno dia";"Decrescente";"Céu Claro";"Dupla";"Curva";"Não";3;0;1;0;2;0;1;2;-22,887965;-43,217613;"SPRF-RJ";"DEL02-RJ";"UOP02-DEL02-RJ"
349840;2021-04-04;"domingo";"07:35:00";"RO";364;515;"ARIQUEMES";"Desrespeitar a preferência no cruzamento";"Colisão transversal";"Com Vítimas Feridas";"Pleno dia";"Crescente";"Sol";"Simples";"Rotatória";"Não";2;0;1;0;1;0;1;2;-9,91607548;-63,05510759;"SPRF-RO";"DEL03-RO";"UOP01-DEL03-RO"
349841;2021-04-04;"domingo";"08:30:00";"BA";324;350;"CAPIM GROSSO";"Demais falhas mecânicas ou elétricas";"Incêndio";"Sem Vítimas";"Pleno dia";"Decrescente";"Céu Claro";"Simples";"Reta";"Não";1;0;0;0;1;0;0;1;-11,36478137;-40,05312145;"SPRF-BA";"DEL04-BA";"UOP02-DEL04-BA"
349842;2021-04-04;"domingo";"09:20:00";"BA";324;607;"SIMOES FILHO";"Demais falhas mecânicas ou elétricas";"Queda de ocupante de veículo";"Com Vítimas Feridas";"Pleno dia";"Decrescente";"Céu Claro";"Dupla";"Declive";"Não";2;0;2;0;0;0;2;1;-12,80271203;-38,40391318;"SPRF-BA";"DEL01-BA";"UOP01-DEL01-BA"
349843;2021-04-04;"domingo";"08:00:00";"MG";365;628;"UBERLANDIA";"Ingestão de álcool pelo condutor";"Saída de leito carroçável";"Com Vítimas Feridas";"Pleno dia";"Crescente";"Céu Claro";"Dupla";"Reta";"Sim";1;0;1;0;0;0;1;1;-18,90175741;-48,35287106;"SPRF-MG";"DEL15-MG";"UOP01-DEL15-MG"
349844;2021-04-04;"domingo";"09:40:00";"RS";116;243;"SAO LEOPOLDO";"Avarias e/ou desgaste excessivo no pneu";"Tombamento";"Com Vítimas Feridas";"Pleno dia";"Crescente";"Céu Claro";"Múltipla";"Reta";"Sim";2;0;2;0;0;0;2;1;-29,73196199;-51,14952004;"SPRF-RS";"DEL01-RS";"UOP02-DEL01-RS"
349845;2021-04-04;"domingo";"10:20:00";"PE";423;94,8;"GARANHUNS";"Chuva";"Colisão lateral sentido oposto";"Sem Vítimas";"Pleno dia";"Crescente";"Chuva";"Simples";"Declive;Curva";"Sim";5;0;0;0;3;2;0;2;-8,874732;-36,46946;"SPRF-PE";"DEL03-PE";"UOP01-DEL03-PE"
349846;2021-04-04;"domingo";"10:40:00";"RN";304;43,8;"MOSSORO";"Reação tardia ou ineficiente do condutor";"Queda de ocupante de veículo";"Com Vítimas Feridas";"Pleno dia";"Crescente";"Céu Claro";"Dupla";"Reta";"Não";1;0;1;0;0;0;1;1;-5,21815835;-37,36500124;"SPRF-RN";"DEL04-RN";"UOP01-DEL04-RN"
349847;2021-04-04;"domingo";"11:05:00";"RN";101;83,3;"NATAL";"Condutor deixou de manter distância do veículo da frente";"Colisão lateral mesmo sentido";"Com Vítimas Feridas";"Pleno dia";"Decrescente";"Céu Claro";"Dupla";"Reta";"Sim";2;0;1;0;1;0;1;2;-5,7710445;-35,26616981;"SPRF-RN";"DEL02-RN";"UOP01-DEL02-RN"
349849;2021-04-04;"domingo";"07:30:00";"PA";230;137;"MARABA";"Animais na Pista";"Atropelamento de Animal";"Sem Vítimas";"Amanhecer";"Decrescente";"Céu Claro";"Simples";"Reta";"Não";1;0;0;0;0;1;0;1;-5,33463838;-49,22233925;"SPRF-PA";"DEL03-PA";"UOP01-DEL03-PA"
349850;2021-04-04;"domingo";"10:00:00";"SP";459;26;"LORENA";"Pista Escorregadia";"Tombamento";"Com Vítimas Feridas";"Pleno dia";"Decrescente";"Céu Claro";"Simples";"Rotatória";"Não";1;0;0;1;0;0;1;1;-22,693863;-45,122944;"SPRF-SP";"DEL08-SP";"UOP02-DEL08-SP"
349851;2021-04-04;"domingo";"12:10:00";"PE";101;201;"XEXEU";"Chuva";"Saída de leito carroçável";"Sem Vítimas";"Pleno dia";"Decrescente";"Céu Claro";"Dupla";"Curva";"Não";1;0;0;0;1;0;0;1;-8,78060203;-35,62140868;"SPRF-PE";"DEL01-PE";"UOP03-DEL01-PE"
349852;2021-04-04;"domingo";"12:24:00";"PE";101;46;"IGARASSU";"Manobra de mudança de faixa";"Colisão lateral mesmo sentido";"Com Vítimas Feridas";"Pleno dia";"Crescente";"Céu Claro";"Múltipla";"Retorno Regulamentado";"Sim";2;0;0;1;1;0;1;2;-7,87406004;-34,90588126;"SPRF-PE";"DEL01-PE";"UOP02-DEL01-PE"
349854;2021-04-04;"domingo";"11:00:00";"AM";174;997;"PRESIDENTE FIGUEIREDO";"Conversão proibida";"Colisão traseira";"Com Vítimas Feridas";"Pleno dia";"Crescente";"Céu Claro";"Simples";"Reta";"Não";4;0;1;0;3;0;1;2;-1,994507;-60,02663;"SPRF-AM";"DEL01-AM";"UOP02-DEL01-AM"
349855;2021-04-04;"domingo";"13:00:00";"PE";232;8,6;"RECIFE";"Manobra de mudança de faixa";"Colisão lateral mesmo sentido";"Com Vítimas Feridas";"Pleno dia";"Crescente";"Céu Claro";"Dupla";"Reta";"Sim";3;0;2;0;0;1;2;2;-8,077378;-34,97687;"SPRF-PE";"DEL01-PE";"UOP01-DEL01-PE"
349858;2021-04-04;"domingo";"10:20:00";"GO";50;266;"CATALAO";"Ausência de reação do condutor";"Tombamento";"Com Vítimas Feridas";"Pleno dia";"Crescente";"Céu Claro";"Dupla";"Reta";"Não";1;0;1;0;0;0;1;1;-18,0787;-47,8671;"SPRF-GO";"DEL06-GO";"UOP01-DEL06-GO"
349859;2021-04-04;"domingo";"13:25:00";"DF";60;4,5;"BRASILIA";"Manobra de mudança de faixa";"Colisão traseira";"Sem Vítimas";"Pleno dia";"Crescente";"Sol";"Dupla";"Retorno Regulamentado";"Sim";2;0;0;0;2;0;0;2;-15,892721;-48,095741;"SPRF-DF";"DEL03-DF";"UOP01-DEL03-DF"
349860;2021-04-04;"domingo";"11:20:00";"RJ";101;299;"ITABORAI";"Manobra de mudança de faixa";"Colisão frontal";"Com Vítimas Feridas";"Pleno dia";"Decrescente";"Céu Claro";"Dupla";"Reta";"Sim";3;0;2;0;1;0;2;2;-22,77432673;-42,93823207;"SPRF-RJ";"DEL02-RJ";"UOP02-DEL02-RJ"
349861;2021-04-04;"domingo";"13:00:00";"SP";116;116;"TAUBATE";"Avarias e/ou desgaste excessivo no pneu";"Queda de ocupante de veículo";"Com Vítimas Feridas";"Pleno dia";"Decrescente";"Céu Claro";"Dupla";"Reta";"Não";2;0;2;0;0;0;2;1;-23,05376319;-45,6088049;"SPRF-SP";"DEL02-SP";"UOP02-DEL02-SP"
349862;2021-04-04;"domingo";"11:15:00";"SC";101;317;"PESCARIA BRAVA";"Ausência de reação do condutor";"Colisão com objeto";"Com Vítimas Feridas";"Pleno dia";"Crescente";"Sol";"Dupla";"Reta";"Não";1;0;1;0;0;0;1;1;-28,42708421;-48,85211624;"SPRF-SC";"DEL02-SC";"UOP01-DEL02-SC"
349864;2021-04-04;"domingo";"14:00:00";"RN";427;102,7;"CAICO";"Pista esburacada";"Saída de leito carroçável";"Com Vítimas Feridas";"Pleno dia";"Crescente";"Sol";"Simples";"Curva";"Não";5;0;1;0;4;0;1;1;-6,4329238;-37,07077146;"SPRF-RN";"DEL03-RN";"UOP01-DEL03-RN"
349866;2021-04-04;"domingo";"10:35:00";"SC";101;134;"BALNEARIO CAMBORIU";"Condutor deixou de manter distância do veículo da frente";"Colisão traseira";"Com Vítimas Feridas";"Pleno dia";"Decrescente";"Céu Claro";"Múltipla";"Reta";"Sim";3;0;2;0;1;0;2;2;-27,00218;-48,636433;"SPRF-SC";"DEL04-SC";"UOP03-DEL04-SC"
349867;2021-04-04;"domingo";"13:45:00";"MG";116;528,8;"CARATINGA";"Acessar a via sem observar a presença dos outros veículos";"Colisão lateral mesmo sentido";"Sem Vítimas";"Pleno dia";"Decrescente";"Nublado";"Simples";"Interseção de Vias;Reta";"Sim";2;0;0;0;2;0;0;2;-19,794033;-42,13731414;"SPRF-MG";"DEL06-MG";"UOP02-DEL06-MG"
349870;2021-04-04;"domingo";"14:45:00";"GO";153;573,1;"PROFESSOR JAMIL";"Ausência de reação do condutor";"Saída de leito carroçável";"Com Vítimas Feridas";"Pleno dia";"Crescente";"Céu Claro";"Dupla";"Aclive";"Não";5;0;4;1;0;0;5;1;-17,3299;-49,2395;"SPRF-GO";"DEL03-GO";"UOP01-DEL03-GO"
349871;2021-04-04;"domingo";"14:45:00";"PR";153;216;"TIBAGI";"Conversão proibida";"Colisão frontal";"Com Vítimas Fatais";"Pleno dia";"Crescente";"Céu Claro";"Simples";"Reta";"Não";5;1;2;2;0;0;4;2;-24,5986995;-50,43780327;"SPRF-PR";"DEL03-PR";"UOP02-DEL03-PR"
349873;2021-04-04;"domingo";"14:00:00";"MS";463;1,2;"DOURADOS";"Retorno proibido";"Colisão transversal";"Com Vítimas Feridas";"Pleno dia";"Crescente";"Céu Claro";"Simples";"Declive";"Sim";2;0;0;1;1;0;1;2;-22,259064;-54,8137;"SPRF-MS";"DEL04-MS";"UOP01-DEL04-MS"
349874;2021-04-04;"domingo";"13:00:00";"SP";381;78;"SAO PAULO";"Frear bruscamente";"Queda de ocupante de veículo";"Com Vítimas Feridas";"Pleno dia";"Crescente";"Céu Claro";"Dupla";"Curva";"Não";1;0;1;0;0;0;1;1;-23,39620774;-46,57355227;"SPRF-SP";"DEL03-SP";"UOP01-DEL03-SP"
349875;2021-04-04;"domingo";"11:20:00";"MA";10;246,3;"IMPERATRIZ";"Transitar na contramão";"Colisão frontal";"Com Vítimas Feridas";"Pleno dia";"Crescente";"Sol";"Simples";"Reta";"Sim";4;0;1;2;1;0;3;4;-5,581313;-47,438831;"SPRF-MA";"DEL04-MA";"UOP01-DEL04-MA"
349877;2021-04-04;"domingo";"15:30:00";"RS";116;251;"SAO LEOPOLDO";"Acessar a via sem observar a presença dos outros veículos";"Colisão traseira";"Com Vítimas Feridas";"Pleno dia";"Decrescente";"Sol";"Dupla";"Reta";"Sim";2;0;1;0;1;0;1;2;-29,79705286;-51,16479993;"SPRF-RS";"DEL01-RS";"UOP02-DEL01-RS"
349880;2021-04-04;"domingo";"14:30:00";"MS";158;261;"TRES LAGOAS";"Manobra de mudança de faixa";"Tombamento";"Com Vítimas Feridas";"Pleno dia";"Decrescente";"Céu Claro";"Simples";"Reta";"Não";2;0;0;1;0;1;1;2;-20,72864508;-51,74215513;"SPRF-MS";"DEL07-MS";"UOP01-DEL07-MS"
349881;2021-04-04;"domingo";"15:38:00";"ES";262;21,9;"VIANA";"Demais falhas mecânicas ou elétricas";"Saída de leito carroçável";"Com Vítimas Feridas";"Pleno dia";"Crescente";"Nublado";"Simples";"Declive;Reta";"Não";3;0;2;0;1;0;2;1;-20,38054389;-40,50497908;"SPRF-ES";"DEL01-ES";"UOP01-DEL01-ES"
349882;2021-04-04;"domingo";"14:37:00";"DF";60;27,5;"BRASILIA";"Pista Escorregadia";"Colisão traseira";"Com Vítimas Feridas";"Pleno dia";"Crescente";"Chuva";"Dupla";"Aclive";"Não";6;0;2;0;4;0;2;2;-16,012222;-48,247662;"SPRF-DF";"DEL03-DF";"UOP01-DEL03-DF"
349884;2021-04-04;"domingo";"16:00:00";"CE";116;22;"AQUIRAZ";"Animais na Pista";"Tombamento";"Com Vítimas Feridas";"Pleno dia";"Decrescente";"Céu Claro";"Dupla";"Reta";"Sim";1;0;1;0;0;0;1;1;-3,94070798;-38,50918633;"SPRF-CE";"DEL01-CE";"UOP02-DEL01-CE"
349887;2021-04-04;"domingo";"14:00:00";"MG";40;509,9;"RIBEIRAO DAS NEVES";"Avarias e/ou desgaste excessivo no pneu";"Colisão lateral mesmo sentido";"Com Vítimas Feridas";"Pleno dia";"Crescente";"Céu Claro";"Dupla";"Reta;Declive";"Não";3;0;2;0;1;0;2;2;-19,76728744;-44,12855905;"SPRF-MG";"DEL01-MG";"UOP02-DEL01-MG"
349888;2021-02-27;"sábado";"01:10:00";"SC";101;135;"BALNEARIO CAMBORIU";"Reação tardia ou ineficiente do condutor";"Colisão com objeto";"Sem Vítimas";"Plena Noite";"Crescente";"Céu Claro";"Múltipla";"Interseção de Vias";"Sim";1;0;0;0;1;0;0;1;-27,0050108;-48,62677494;"SPRF-SC";"DEL04-SC";"UOP03-DEL04-SC"
349890;2021-04-04;"domingo";"16:15:00";"PR";376;679;"GUARATUBA";"Pista Escorregadia";"Saída de leito carroçável";"Com Vítimas Feridas";"Anoitecer";"Crescente";"Chuva";"Dupla";"Curva";"Não";2;0;1;0;1;0;1;1;-25,95050276;-48,90514477;"SPRF-PR";"DEL01-PR";"UOP04-DEL01-PR"
349892;2021-04-04;"domingo";"16:10:00";"RS";290;575;"ALEGRETE";"Acessar a via sem observar a presença dos outros veículos";"Colisão traseira";"Com Vítimas Feridas";"Pleno dia";"Decrescente";"Céu Claro";"Simples";"Reta";"Não";3;0;1;0;2;0;1;2;-29,819159;-55,729084;"SPRF-RS";"DEL13-RS";"UOP02-DEL13-RS"
349894;2021-04-04;"domingo";"16:30:00";"CE";222;98,6;"UMIRIM";"Condutor Dormindo";"Colisão frontal";"Com Vítimas Feridas";"Pleno dia";"Decrescente";"Céu Claro";"Simples";"Reta";"Não";3;0;2;1;0;0;3;2;-3,71746887;-39,40524604;"SPRF-CE";"DEL04-CE";"UOP03-DEL04-CE"
349895;2021-04-04;"domingo";"16:30:00";"MG";40;527,5;"CONTAGEM";"Acumulo de água sobre o pavimento";"Colisão lateral mesmo sentido";"Sem Vítimas";"Pleno dia";"Crescente";"Nublado";"Dupla";"Curva;Em Obras;Aclive";"Sim";2;0;0;0;2;0;0;2;-19,90149502;-44,04938939;"SPRF-MG";"DEL01-MG";"UOP02-DEL01-MG"
349896;2021-04-04;"domingo";"14:20:00";"SC";282;160,3;"BOM RETIRO";"Acessar a via sem observar a presença dos outros veículos";"Colisão lateral mesmo sentido";"Com Vítimas Feridas";"Pleno dia";"Crescente";"Céu Claro";"Simples";"Reta";"Não";2;0;1;0;1;0;1;2;-27,734652;-49,753586;"SPRF-SC";"DEL05-SC";"UOP01-DEL05-SC"
349897;2021-04-04;"domingo";"17:05:00";"SC";101;9;"GARUVA";"Ingestão de álcool pelo condutor";"Colisão transversal";"Com Vítimas Feridas";"Pleno dia";"Crescente";"Garoa/Chuvisco";"Dupla";"Reta";"Não";3;0;3;0;0;0;3;2;-26,053987;-48,859608;"SPRF-SC";"DEL03-SC";"UOP01-DEL03-SC"
349898;2021-04-04;"domingo";"16:15:00";"PE";101;67;"RECIFE";"Desrespeitar a preferência no cruzamento";"Colisão transversal";"Com Vítimas Feridas";"Pleno dia";"Decrescente";"Nublado";"Múltipla";"Interseção de Vias";"Sim";2;0;1;0;1;0;1;2;-8,046229;-34,944656;"SPRF-PE";"DEL01-PE";"UOP01-DEL01-PE"
349899;2021-04-04;"domingo";"16:20:00";"MG";116;719,2;"MURIAE";"Pista Escorregadia";"Tombamento";"Com Vítimas Feridas";"Pleno dia";"Crescente";"Céu Claro";"Simples";"Curva";"Não";1;0;1;0;0;0;1;1;-21,22205675;-42,39406412;"SPRF-MG";"DEL07-MG";"UOP02-DEL07-MG"
349901;2021-04-04;"domingo";"16:45:00";"ES";101;263,9;"SERRA";"Velocidade Incompatível";"Colisão transversal";"Com Vítimas Feridas";"Anoitecer";"Decrescente";"Nublado";"Dupla";"Interseção de Vias";"Sim";2;0;0;1;1;0;1;2;-20,16554736;-40,27301648;"SPRF-ES";"DEL02-ES";"UOP01-DEL02-ES"
349902;2021-04-04;"domingo";"15:38:00";"AM";174;889;"MANAUS";"Condutor deixou de manter distância do veículo da frente";"Colisão traseira";"Sem Vítimas";"Pleno dia";"Crescente";"Chuva";"Simples";"Reta";"Não";3;0;0;0;3;0;0;2;-2,93314499;-60,03449693;"SPRF-AM";"DEL01-AM";"UOP01-DEL01-AM"
349903;2021-04-04;"domingo";"14:30:00";"BA";116;319,4;"ARACI";"Reação tardia ou ineficiente do condutor";"Colisão transversal";"Com Vítimas Feridas";"Pleno dia";"Crescente";"Céu Claro";"Simples";"Reta";"Não";2;0;1;0;1;0;1;2;-11,32295708;-38,94963686;"SPRF-BA";"DEL02-BA";"UOP01-DEL02-BA"
349904;2021-04-04;"domingo";"15:04:00";"SC";280;31,9;"ARAQUARI";"Ultrapassagem Indevida";"Colisão lateral mesmo sentido";"Com Vítimas Feridas";"Pleno dia";"Decrescente";"Nublado";"Simples";"Declive;Curva";"Não";2;0;1;0;1;0;1;2;-26,41994849;-48,77877116;"SPRF-SC";"DEL03-SC";"UOP03-DEL03-SC"
349905;2021-04-04;"domingo";"16:50:00";"PR";158;528,9;"PATO BRANCO";"Desrespeitar a preferência no cruzamento";"Colisão transversal";"Com Vítimas Feridas";"Pleno dia";"Crescente";"Sol";"Simples";"Reta";"Sim";6;0;0;1;5;0;1;2;-26,17852896;-52,66276667;"SPRF-PR";"DEL02-PR";"UOP01-DEL02-PR"
349906;2021-04-04;"domingo";"17:15:00";"RS";386;345,2;"LAJEADO";"Condutor deixou de manter distância do veículo da frente";"Engavetamento";"Com Vítimas Feridas";"Pleno dia";"Crescente";"Céu Claro";"Simples";"Reta";"Sim";5;0;2;0;3;0;2;4;-29,443069;-51,984135;"SPRF-RS";"DEL04-RS";"UOP01-DEL04-RS"
349910;2021-04-04;"domingo";"17:40:00";"RS";290;19;"SANTO ANTONIO DA PATRULHA";"Reação tardia ou ineficiente do condutor";"Tombamento";"Com Vítimas Feridas";"Pleno dia";"Crescente";"Sol";"Dupla";"Reta";"Não";3;0;1;0;2;0;1;2;-29,884407;-50,444893;"SPRF-RS";"DEL03-RS";"UOP01-DEL03-RS"
349911;2021-04-04;"domingo";"17:30:00";"SP";153;110,6;"JOSE BONIFACIO";"Reação tardia ou ineficiente do condutor";"Tombamento";"Com Vítimas Feridas";"Pleno dia";"Decrescente";"Céu Claro";"Simples";"Reta";"Não";1;0;1;0;0;0;1;1;-21,08845219;-49,67466361;"SPRF-SP";"DEL09-SP";"UOP01-DEL09-SP"
349912;2021-04-04;"domingo";"18:00:00";"SC";101;207,5;"SAO JOSE";"Reação tardia ou ineficiente do condutor";"Colisão lateral mesmo sentido";"Com Vítimas Feridas";"Pleno dia";"Decrescente";"Céu Claro";"Dupla";"Reta";"Sim";2;0;1;0;1;0;1;2;-27,60001226;-48,6226467;"SPRF-SC";"DEL01-SC";"UOP01-DEL01-SC"