"id";"data_inversa";"dia_semana";"horario";"uf";"br";"km";"municipio";"causa_acidente";"tipo_acidente";"classificacao_acidente";"fase_dia";"sentido_via";"condicao_metereologica";"tipo_pista";"tracado_via";"uso_solo";"pessoas";"mortos";"feridos_leves";"feridos_graves";"ilesos";"ignorados";"feridos";"veiculos";"latitude";"longitude";"regional";"delegacia";"uop"
349913;2021-04-04;"domingo";"18:00:00";"PR";277;667;"MEDIANEIRA";"Demais falhas mecânicas ou elétricas";"Queda de ocupante de veículo";"Com Vítimas Feridas";"Anoitecer";"Decrescente";"Céu Claro";"Dupla";"Reta";"Sim";2;0;2;0;0;0;2;1;-25,26577498;-54,05432901;"SPRF-PR";"DEL05-PR";"UOP02-DEL05-PR"
349915;2021-04-04;"domingo";"17:57:00";"GO";20;89,7;"VILA BOA";"Acumulo de água sobre o pavimento";"Saída de leito carroçável";"Sem Vítimas";"Anoitecer";"Decrescente";"Chuva";"Simples";"Reta";"Não";2;0;0;0;2;0;0;1;-15,027701;-47,05167;"SPRF-DF";"DEL02-DF";"UOP01-DEL02-DF"
349917;2021-04-04;"domingo";"18:25:00";"GO";40;7;"VALPARAISO DE GOIAS";"Chuva";"Atropelamento de Pedestre";"Com Vítimas Feridas";"Plena Noite";"Decrescente";"Chuva";"Dupla";"Reta";"Sim";2;0;1;0;0;1;1;2;-16,108482;-47,972524;"SPRF-DF";"DEL01-DF";"UOP01-DEL01-DF"
349918;2021-04-04;"domingo";"10:20:00";"PI";343;588;"FLORIANO";"Acessar a via sem observar a presença dos outros veículos";"Colisão transversal";"Com Vítimas Feridas";"Pleno dia";"Crescente";"Céu Claro";"Simples";"Reta";"Sim";2;0;1;0;1;0;1;2;-6,780452;-43,002651;"SPRF-PI";"DEL03-PI";"UOP01-DEL03-PI"
349921;2021-04-04;"domingo";"16:15:00";"BA";101;667;"ITAPEBI";"Condutor deixou de manter distância do veículo da frente";"Colisão traseira";"Com Vítimas Feridas";"Pleno dia";"Crescente";"Chuva";"Simples";"Reta";"Não";2;0;1;0;1;0;1;2;-15,97271675;-39,56279755;"SPRF-BA";"DEL09-BA";"UOP01-DEL09-BA"
349922;2021-04-04;"domingo";"18:30:00";"RN";110;48,1;"MOSSORO";"Ausência de reação do condutor";"Colisão traseira";"Sem Vítimas";"Plena Noite";"Decrescente";"Garoa/Chuvisco";"Dupla";"Interseção de Vias";"Sim";2;0;0;0;2;0;0;2;-5,20955343;-37,33362436;"SPRF-RN";"DEL04-RN";"UOP01-DEL04-RN"
349923;2021-04-04;"domingo";"18:10:00";"PR";369;155;"LONDRINA";"Condutor desrespeitou a iluminação vermelha do semáforo";"Colisão transversal";"Com Vítimas Feridas";"Pleno dia";"Decrescente";"Céu Claro";"Dupla";"Interseção de Vias";"Sim";2;0;1;0;1;0;1;2;-23,2955;-51,208454;"SPRF-PR";"DEL07-PR";"UOP01-DEL07-PR"
349924;2021-04-04;"domingo";"15:44:00";"RS";116;149;"CAXIAS DO SUL";"Ingestão de álcool pelo condutor";"Colisão traseira";"Sem Vítimas";"Pleno dia";"Crescente";"Céu Claro";"Dupla";"Reta";"Sim";3;0;0;0;3;0;0;3;-29,15996905;-51,15645292;"SPRF-RS";"DEL05-RS";"UOP01-DEL05-RS"
349925;2021-04-04;"domingo";"19:00:00";"AL";101;210;"SAO SEBASTIAO";"Ingestão de álcool pelo condutor";"Queda de ocupante de veículo";"Com Vítimas Feridas";"Plena Noite";"Crescente";"Céu Claro";"Simples";"Reta";"Não";1;0;0;1;0;0;1;1;-10,00375906;-36,60785692;"SPRF-AL";"DEL02-AL";"UOP02-DEL02-AL"
349926;2021-04-04;"domingo";"18:45:00";"BA";101;710,2;"EUNAPOLIS";"Ingestão de álcool pelo condutor";"Colisão lateral sentido oposto";"Sem Vítimas";"Plena Noite";"Decrescente";"Céu Claro";"Simples";"Curva";"Não";2;0;0;0;2;0;0;2;-16,32178689;-39,5967865;"SPRF-BA";"DEL09-BA";"UOP01-DEL09-BA"
349927;2021-04-04;"domingo";"18:20:00";"MS";163;313;"RIO BRILHANTE";"Ingestão de álcool pelo condutor";"Colisão traseira";"Sem Vítimas";"Anoitecer";"Crescente";"Céu Claro";"Múltipla";"Reta";"Não";9;0;0;0;9;0;0;2;-21,86897103;-54,52698106;"SPRF-MS";"DEL02-MS";"UOP02-DEL02-MS"
349928;2021-04-04;"domingo";"18:50:00";"MG";50;155,3;"UBERABA";"Demais falhas mecânicas ou elétricas";"Saída de leito carroçável";"Sem Vítimas";"Plena Noite";"Decrescente";"Nublado";"Dupla";"Reta";"Não";2;0;0;0;2;0;0;1;-19,60825703;-48,02198508;"SPRF-MG";"DEL13-MG";"UOP01-DEL13-MG"
349929;2021-04-04;"domingo";"19:20:00";"MG";262;438,3;"NOVA SERRANA";"Ingestão de álcool pelo condutor";"Saída de leito carroçável";"Com Vítimas Feridas";"Plena Noite";"Crescente";"Céu Claro";"Dupla";"Reta";"Não";1;0;1;0;0;0;1;1;-19,88004356;-44,93465991;"SPRF-MG";"DEL08-MG";"UOP03-DEL08-MG"
349930;2021-04-04;"domingo";"19:45:00";"ES";482;106;"GUACUI";"Reação tardia ou ineficiente do condutor";"Queda de ocupante de veículo";"Com Vítimas Feridas";"Plena Noite";"Crescente";"Nublado";"Simples";"Reta";"Sim";1;0;1;0;0;0;1;1;-20,7749648;-41,67600002;"SPRF-ES";"DEL03-ES";"UOP02-DEL03-ES"
349932;2021-04-04;"domingo";"15:16:00";"TO";0;0;"ARAGUAINA";"Ingestão de álcool pelo condutor";"Queda de ocupante de veículo";"Com Vítimas Feridas";"Pleno dia";"Não Informado";"Céu Claro";"Simples";"Curva";"Sim";3;0;1;0;2;0;1;2;-7,175959;-48,219548;"SPRF-TO";"DEL02-TO";"UOP01-DEL02-TO"
349933;2021-04-04;"domingo";"16:15:00";"AM";174;1033;"PRESIDENTE FIGUEIREDO";"Pista esburacada";"Saída de leito carroçável";"Com Vítimas Feridas";"Pleno dia";"Decrescente";"Nublado";"Simples";"Reta";"Não";5;0;1;0;4;0;1;1;-1,71931698;-60,15297642;"SPRF-AM";"DEL01-AM";"UOP02-DEL01-AM"
349934;2021-04-04;"domingo";"19:10:00";"PR";163;12,7;"BARRACAO";"Condutor deixou de manter distância do veículo da frente";"Colisão traseira";"Com Vítimas Feridas";"Plena Noite";"Crescente";"Céu Claro";"Simples";"Reta";"Não";3;0;2;0;1;0;2;2;-26,223897;-53,642431;"SPRF-PR";"DEL02-PR";"UOP02-DEL02-PR"
349935;2021-04-04;"domingo";"19:05:00";"PR";163;12,9;"BARRACAO";"Ingestão de álcool pelo condutor";"Colisão frontal";"Com Vítimas Feridas";"Plena Noite";"Decrescente";"Céu Claro";"Simples";"Reta";"Não";2;0;0;1;0;1;1;2;-26,25066;-53,635523;"SPRF-PR";"DEL02-PR";"UOP02-DEL02-PR"
349936;2021-04-04;"domingo";"18:50:00";"MS";163;423,6;"CAMPO GRANDE";"Avarias e/ou desgaste excessivo no pneu";"Tombamento";"Com Vítimas Feridas";"Plena Noite";"Crescente";"Nublado";"Simples";"Aclive";"Não";2;0;0;2;0;0;2;1;-20,96414607;-54,50314447;"SPRF-MS";"DEL01-MS";"UOP01-DEL01-MS"
349937;2021-04-04;"domingo";"19:50:00";"PI";343;48;"BURITI DOS LOPES";"Ingestão de álcool pelo condutor";"Colisão lateral sentido oposto";"Sem Vítimas";"Plena Noite";"Crescente";"Céu Claro";"Simples";"Reta";"Não";2;0;0;0;1;1;0;2;-3,174765;-41,86887;"SPRF-PI";"DEL05-PI";"UOP01-DEL05-PI"
349938;2021-04-04;"domingo";"19:30:00";"PR";376;658;"TIJUCAS DO SUL";"Velocidade Incompatível";"Saída de leito carroçável";"Com Vítimas Feridas";"Plena Noite";"Crescente";"Nublado";"Dupla";"Curva";"Não";2;0;1;0;1;0;1;1;-25,85300602;-49,02166198;"SPRF-PR";"DEL01-PR";"UOP04-DEL01-PR"
349939;2021-04-04;"domingo";"18:15:00";"RS";470;176,7;"VERANOPOLIS";"Entrada inopinada do pedestre";"Atropelamento de Pedestre";"Com Vítimas Feridas";"Anoitecer";"Decrescente";"Nublado";"Simples";"Curva;Declive";"Sim";3;0;2;1;0;0;3;2;-28,9294441;-51,54286265;"SPRF-RS";"DEL06-RS";"UOP02-DEL06-RS"
349940;2021-04-04;"domingo";"18:50:00";"MS";163;276,5;"DOURADOS";"Ausência de reação do condutor";"Colisão com objeto";"Com Vítimas Fatais";"Plena Noite";"Decrescente";"Céu Claro";"Dupla";"Rotatória";"Não";1;1;0;0;0;0;0;1;-22,15825443;-54,64533091;"SPRF-MS";"DEL04-MS";"UOP01-DEL04-MS"
349941;2021-04-04;"domingo";"15:20:00";"RS";285;336,6;"CARAZINHO";"Condutor deixou de manter distância do veículo da frente";"Colisão traseira";"Com Vítimas Feridas";"Pleno dia";"Decrescente";"Sol";"Simples";"Reta";"Sim";3;0;1;0;2;0;1;2;-28,31442659;-52,78353637;"SPRF-RS";"DEL08-RS";"UOP03-DEL08-RS"
349942;2021-04-04;"domingo";"19:40:00";"SP";116;285;"ITAPECERICA DA SERRA";"Reação tardia ou ineficiente do condutor";"Colisão traseira";"Com Vítimas Feridas";"Plena Noite";"Decrescente";"Céu Claro";"Dupla";"Reta";"Não";4;0;2;0;2;0;2;2;-23,70407794;-46,87249709;"SPRF-SP";"DEL04-SP";"UOP01-DEL04-SP"
349943;2021-04-04;"domingo";"19:55:00";"RS";470;224;"GARIBALDI";"Manobra de mudança de faixa";"Colisão lateral mesmo sentido";"Com Vítimas Feridas";"Plena Noite";"Decrescente";"Céu Claro";"Simples";"Reta;Interseção de Vias";"Sim";8;0;4;0;4;0;4;2;-29,21351804;-51,51780626;"SPRF-RS";"DEL06-RS";"UOP01-DEL06-RS"
349946;2021-04-04;"domingo";"19:30:00";"MS";262;442;"DOIS IRMAOS DO BURITI";"Ausência de reação do condutor";"Colisão com objeto";"Sem Vítimas";"Plena Noite";"Decrescente";"Nublado";"Simples";"Rotatória";"Não";3;0;0;0;3;0;0;1;-20,53346978;-55,41950226;"SPRF-MS";"DEL03-MS";"UOP01-DEL03-MS"
349947;2021-04-04;"domingo";"18:50:00";"SC";153;64;"IRANI";"Ausência de sinalização";"Colisão frontal";"Com Vítimas Feridas";"Plena Noite";"Decrescente";"Céu Claro";"Simples";"Reta";"Sim";5;0;5;0;0;0;5;2;-27,003662;-51,872604;"SPRF-SC";"DEL07-SC";"UOP04-DEL07-SC"
349948;2021-04-04;"domingo";"16:30:00";"SC";101;56;"JOINVILLE";"Reação tardia ou ineficiente do condutor";"Colisão traseira";"Com Vítimas Feridas";"Pleno dia";"Decrescente";"Céu Claro";"Dupla";"Reta";"Não";5;0;1;0;4;0;1;2;-26,43207484;-48,82263984;"SPRF-SC";"DEL03-SC";"UOP01-DEL03-SC"
349949;2021-04-04;"domingo";"20:30:00";"PI";316;5;"TERESINA";"Reação tardia ou ineficiente do condutor";"Colisão com objeto";"Com Vítimas Feridas";"Plena Noite";"Crescente";"Céu Claro";"Dupla";"Reta";"Sim";3;0;1;0;2;0;1;2;-5,14169858;-42,78157276;"SPRF-PI";"DEL01-PI";"UOP02-DEL01-PI"
349950;2021-04-04;"domingo";"18:30:00";"SC";101;28;"JOINVILLE";"Ingestão de álcool e/ou substâncias psicoativas pelo pedestre";"Atropelamento de Pedestre";"Com Vítimas Feridas";"Anoitecer";"Crescente";"Céu Claro";"Dupla";"Reta";"Sim";3;0;1;1;1;0;2;2;-26,20697505;-48,91482635;"SPRF-SC";"DEL03-SC";"UOP01-DEL03-SC"
349951;2021-03-11;"quinta-feira";"12:20:00";"MG";116;407,5;"GOVERNADOR VALADARES";"Acessar a via sem observar a presença dos outros veículos";"Colisão transversal";"Com Vítimas Feridas";"Pleno dia";"Decrescente";"Céu Claro";"Múltipla";"Interseção de Vias";"Sim";3;0;2;1;0;0;3;2;-18,83245933;-41,98944569;"SPRF-MG";"DEL06-MG";"UOP01-DEL06-MG"
349952;2021-04-04;"domingo";"20:10:00";"MG";381;439;"SABARA";"Problema na suspensão";"Saída de leito carroçável";"Com Vítimas Feridas";"Plena Noite";"Decrescente";"Céu Claro";"Simples";"Curva";"Não";1;0;1;0;0;0;1;1;-19,80927691;-43,78706001;"SPRF-MG";"DEL01-MG";"UOP01-DEL01-MG"
349953;2021-04-04;"domingo";"20:40:00";"DF";80;37;"BRASILIA";"Ingestão de álcool pelo condutor";"Colisão frontal";"Com Vítimas Feridas";"Plena Noite";"Crescente";"Chuva";"Simples";"Reta";"Não";2;0;1;0;1;0;1;2;-15,540653;-48,194302;"SPRF-DF";"DEL03-DF";"UOP02-DEL03-DF"
349956;2021-04-04;"domingo";"18:20:00";"GO";153;645,1;"MORRINHOS";"Demais falhas mecânicas ou elétricas";"Queda de ocupante de veículo";"Com Vítimas Feridas";"Plena Noite";"Crescente";"Céu Claro";"Dupla";"Reta";"Não";1;0;1;0;0;0;1;1;-17,91768669;-49,23809409;"SPRF-GO";"DEL03-GO";"UOP01-DEL03-GO"
349957;2021-04-04;"domingo";"21:20:00";"SC";470;21;"ILHOTA";"Condutor deixou de manter distância do veículo da frente";"Colisão traseira";"Com Vítimas Feridas";"Plena Noite";"Crescente";"Céu Claro";"Dupla";"Reta";"Não";4;0;2;0;2;0;2;3;-26,876698;-48,827362;"SPRF-SC";"DEL04-SC";"UOP04-DEL04-SC"
349958;2021-04-04;"domingo";"18:30:00";"MA";230;417;"BALSAS";"Condutor deixou de manter distância do veículo da frente";"Colisão traseira";"Sem Vítimas";"Plena Noite";"Decrescente";"Céu Claro";"Simples";"Reta";"Não";4;0;0;0;4;0;0;2;-7,48862209;-46,15253804;"SPRF-MA";"DEL05-MA";"UOP01-DEL05-MA"
349961;2021-04-04;"domingo";"21:00:00";"RS";158;210,4;"CRUZ ALTA";"Animais na Pista";"Atropelamento de Animal";"Com Vítimas Feridas";"Plena Noite";"Crescente";"Céu Claro";"Simples";"Curva";"Não";1;0;1;0;0;0;1;1;-28,77429107;-53,59701445;"SPRF-RS";"DEL10-RS";"UOP02-DEL10-RS"
349963;2021-04-04;"domingo";"21:30:00";"PR";376;631;"SAO JOSE DOS PINHAIS";"Transitar na contramão";"Atropelamento de Pedestre";"Com Vítimas Feridas";"Plena Noite";"Decrescente";"Nublado";"Simples";"Reta";"Sim";2;0;0;1;0;1;1;2;-25,70434399;-49,14198595;"SPRF-PR";"DEL01-PR";"UOP04-DEL01-PR"
349964;2021-04-04;"domingo";"21:15:00";"PR";116;39,3;"CAMPINA GRANDE DO SUL";"Velocidade Incompatível";"Saída de leito carroçável";"Sem Vítimas";"Plena Noite";"Crescente";"Chuva";"Dupla";"Curva";"Não";1;0;0;0;1;0;0;1;-25,15915182;-48,86221152;"SPRF-PR";"DEL01-PR";"UOP02-DEL01-PR"
349965;2021-04-04;"domingo";"21:45:00";"PE";428;188;"PETROLINA";"Pista Escorregadia";"Tombamento";"Com Vítimas Feridas";"Plena Noite";"Decrescente";"Céu Claro";"Simples";"Rotatória";"Sim";2;0;2;0;0;0;2;1;-9,37535209;-40,48839569;"SPRF-PE";"DEL06-PE";"UOP01-DEL06-PE"
349966;2021-04-04;"domingo";"20:45:00";"MS";262;353;"CAMPO GRANDE";"Acessar a via sem observar a presença dos outros veículos";"Colisão transversal";"Com Vítimas Feridas";"Plena Noite";"Crescente";"Céu Claro";"Simples";"Reta";"Não";2;0;2;0;0;0;2;2;-20,56268466;-54,65741978;"SPRF-MS";"DEL01-MS";"UOP03-DEL01-MS"
349967;2021-04-04;"domingo";"17:30:00";"RJ";101;283;"ITABORAI";"Demais falhas mecânicas ou elétricas";"Incêndio";"Sem Vítimas";"Anoitecer";"Crescente";"Céu Claro";"Dupla";"Reta";"Não";1;0;0;0;1;0;0;1;-22,73591014;-42,80592689;"SPRF-RJ";"DEL02-RJ";"UOP03-DEL02-RJ"
349969;2021-04-04;"domingo";"21:10:00";"RS";392;351;"SANTA MARIA";"Desrespeitar a preferência no cruzamento";"Colisão frontal";"Com Vítimas Feridas";"Plena Noite";"Crescente";"Céu Claro";"Simples";"Reta";"Não";9;0;2;0;6;1;2;3;-29,7284269;-53,80323691;"SPRF-RS";"DEL09-RS";"UOP01-DEL09-RS"
349970;2021-04-04;"domingo";"18:40:00";"PR";373;459,4;"CHOPINZINHO";"Desrespeitar a preferência no cruzamento";"Colisão transversal";"Com Vítimas Feridas";"Anoitecer";"Decrescente";"Céu Claro";"Simples";"Interseção de Vias";"Não";10;0;9;1;0;0;10;2;-25,93747603;-52,40266018;"SPRF-PR";"DEL02-PR";"UOP01-DEL02-PR"
349971;2021-04-04;"domingo";"21:00:00";"PE";104;84,9;"AGRESTINA";"Demais falhas mecânicas ou elétricas";"Colisão lateral mesmo sentido";"Com Vítimas Feridas";"Plena Noite";"Decrescente";"Chuva";"Simples";"Reta";"Não";1;0;0;1;0;0;1;1;-8,430662;-35,959164;"SPRF-PE";"DEL02-PE";"UOP01-DEL02-PE"
349972;2021-04-04;"domingo";"22:30:00";"SC";101;162,4;"TIJUCAS";"Condutor deixou de manter distância do veículo da frente";"Colisão traseira";"Com Vítimas Feridas";"Plena Noite";"Decrescente";"Garoa/Chuvisco";"Múltipla";"Reta";"Sim";3;0;1;0;2;0;1;2;-27,22554009;-48,6279367;"SPRF-SC";"DEL04-SC";"UOP03-DEL04-SC"
349973;2021-04-04;"domingo";"19:17:00";"RJ";101;411;"ITAGUAI";"Reação tardia ou ineficiente do condutor";"Colisão com objeto";"Sem Vítimas";"Plena Noite";"Decrescente";"Nublado";"Dupla";"Reta";"Sim";1;0;0;0;1;0;0;1;-22,89484687;-43,84753204;"SPRF-RJ";"DEL03-RJ";"UOP01-DEL03-RJ"
349974;2021-04-04;"domingo";"20:45:00";"GO";153;520;"HIDROLANDIA";"Ausência de reação do condutor";"Saída de leito carroçável";"Sem Vítimas";"Plena Noite";"Decrescente";"Chuva";"Dupla";"Declive";"Não";1;0;0;0;1;0;0;1;-16,8847;-49,254;"SPRF-GO";"DEL01-GO";"UOP03-DEL01-GO"
349975;2021-04-04;"domingo";"21:30:00";"MG";40;508;"RIBEIRAO DAS NEVES";"Condutor deixou de manter distância do veículo da frente";"Colisão traseira";"Com Vítimas Feridas";"Plena Noite";"Crescente";"Céu Claro";"Dupla";"Reta";"Não";3;0;2;0;1;0;2;2;-19,76061249;-44,1347544;"SPRF-MG";"DEL02-MG";"UOP01-DEL02-MG"
349976;2021-04-04;"domingo";"22:55:00";"PR";116;44,5;"CAMPINA GRANDE DO SUL";"Chuva";"Saída de leito carroçável";"Com Vítimas Feridas";"Plena Noite";"Crescente";"Chuva";"Dupla";"Curva";"Não";2;0;1;0;1;0;1;1;-25,1882321;-48,88492529;"SPRF-PR";"DEL01-PR";"UOP02-DEL01-PR"
349977;2021-04-04;"domingo";"21:50:00";"RS";290;140,1;"ELDORADO DO SUL";"Acessar a via sem observar a presença dos outros veículos";"Colisão transversal";"Com Vítimas Feridas";"Plena Noite";"Crescente";"Céu Claro";"Simples";"Reta";"Não";6;0;2;0;4;0;2;2;-30,082417;-51,609337;"SPRF-RS";"DEL02-RS";"UOP01-DEL02-RS"
349978;2021-04-04;"domingo";"20:20:00";"RJ";493;18,5;"MAGE";"Falta de elemento de contenção que evite a saída do leito carroçável";"Saída de leito carroçável";"Com Vítimas Feridas";"Plena Noite";"Decrescente";"Céu Claro";"Dupla";"Reta";"Sim";1;0;1;0;0;0;1;1;-22,6687122;-43,01862696;"SPRF-RJ";"DEL04-RJ";"UOP02-DEL04-RJ"
349980;2021-04-04;"domingo";"21:00:00";"PR";153;73,5;"CONSELHEIRO MAIRINCK";"Problema com o freio";"Incêndio";"Sem Vítimas";"Plena Noite";"Decrescente";"Céu Claro";"Simples";"Reta";"Não";1;0;0;0;0;1;0;1;-23,54915379;-50,12884831;"SPRF-PR";"DEL07-PR";"UOP04-DEL07-PR"
349981;2021-04-04;"domingo";"20:55:00";"MS";163;614;"SAO GABRIEL DO OESTE";"Desrespeitar a preferência no cruzamento";"Colisão transversal";"Com Vítimas Feridas";"Plena Noite";"Crescente";"Céu Claro";"Simples";"Interseção de Vias";"Sim";3;0;1;0;2;0;1;2;-19,40628803;-54,56100005;"SPRF-MS";"DEL06-MS";"UOP02-DEL06-MS"
349983;2021-04-04;"domingo";"23:10:00";"RJ";116;167,2;"SAO JOAO DE MERITI";"Velocidade Incompatível";"Colisão traseira";"Com Vítimas Feridas";"Plena Noite";"Decrescente";"Céu Claro";"Múltipla";"Reta";"Sim";3;0;3;0;0;0;3;2;-22,79980755;-43,35463827;"SPRF-RJ";"DEL01-RJ";"UOP01-DEL01-RJ"
349984;2021-04-04;"domingo";"23:30:00";"ES";101;109;"SOORETAMA";"Ultrapassagem Indevida";"Colisão com objeto";"Com Vítimas Feridas";"Plena Noite";"Decrescente";"Céu Claro";"Simples";"Reta";"Não";1;0;1;0;0;0;1;1;-19,0539768;-40,0308224;"SPRF-ES";"DEL04-ES";"UOP01-DEL04-ES"
349985;2021-04-04;"domingo";"21:55:00";"SC";101;300,5;"LAGUNA";"Pedestre cruzava a pista fora da faixa";"Atropelamento de Pedestre";"Com Vítimas Fatais";"Plena Noite";"Crescente";"Céu Claro";"Múltipla";"Reta";"Não";2;1;0;0;1;0;0;2;-28,36225584;-48,75049531;"SPRF-SC";"DEL02-SC";"UOP03-DEL02-SC"
349986;2021-04-05;"segunda-feira";"00:00:00";"RJ";116;258;"VOLTA REDONDA";"Condutor Dormindo";"Colisão com objeto";"Com Vítimas Feridas";"Plena Noite";"Decrescente";"Céu Claro";"Simples";"Curva";"Não";1;0;1;0;0;0;1;1;-22,59016007;-44,08444405;"SPRF-RJ";"DEL07-RJ";"UOP02-DEL07-RJ"
349987;2021-04-04;"domingo";"23:40:00";"SP";116;273,5;"TABOAO DA SERRA";"Ausência de reação do condutor";"Colisão com objeto";"Com Vítimas Feridas";"Plena Noite";"Crescente";"Céu Claro";"Dupla";"Reta";"Sim";1;0;1;0;0;0;1;1;-23,62809795;-46,81870306;"SPRF-SP";"DEL04-SP";"UOP01-DEL04-SP"
349988;2021-04-04;"domingo";"22:36:00";"MT";163;682;"LUCAS DO RIO VERDE";"Deficiência do Sistema de Iluminação/Sinalização";"Saída de leito carroçável";"Com Vítimas Feridas";"Plena Noite";"Crescente";"Nublado";"Simples";"Reta";"Não";4;0;1;1;2;0;2;2;-13,121;-55,958;"SPRF-MT";"DEL06-MT";"UOP01-DEL06-MT"
349989;2021-04-04;"domingo";"23:40:00";"GO";158;273;"JATAI";"Ingestão de álcool pelo condutor";"Colisão transversal";"Sem Vítimas";"Plena Noite";"Decrescente";"Céu Claro";"Simples";"Interseção de Vias";"Sim";3;0;0;0;3;0;0;2;-17,88339309;-51,73384666;"SPRF-GO";"DEL05-GO";"UOP01-DEL05-GO"
349991;2021-04-04;"domingo";"23:30:00";"SC";101;369,2;"ICARA";"Reação tardia ou ineficiente do condutor";"Colisão traseira";"Com Vítimas Feridas";"Plena Noite";"Decrescente";"Nublado";"Dupla";"Reta";"Não";2;0;1;1;0;0;2;2;-28,703038;-49,198526;"SPRF-SC";"DEL02-SC";"UOP01-DEL02-SC"
349992;2021-04-05;"segunda-feira";"00:25:00";"PR";277;0,3;"PARANAGUA";"Desrespeitar a preferência no cruzamento";"Colisão transversal";"Com Vítimas Feridas";"Plena Noite";"Decrescente";"Chuva";"Dupla";"Interseção de Vias";"Sim";2;0;1;0;1;0;1;2;-25,5205;-48,5095;"SPRF-PR";"DEL01-PR";"UOP05-DEL01-PR"
349993;2021-04-04;"domingo";"22:40:00";"SP";116;60,4;"GUARATINGUETA";"Deficiência do Sistema de Iluminação/Sinalização";"Colisão traseira";"Com Vítimas Fatais";"Plena Noite";"Decrescente";"Céu Claro";"Dupla";"Curva;Aclive";"Não";2;1;0;0;0;1;0;2;-22,79106843;-45,16105167;"SPRF-SP";"DEL08-SP";"UOP01-DEL08-SP"
349995;2021-04-04;"domingo";"17:30:00";"MG";116;18,5;"CACHOEIRA DE PAJEU";"Acessar a via sem observar a presença dos outros veículos";"Colisão transversal";"Com Vítimas Feridas";"Anoitecer";"Crescente";"Nublado";"Simples";"Curva";"Não";2;0;0;1;1;0;1;2;-15,830886;-41,391328;"SPRF-BA";"DEL08-BA";"UOP03-DEL08-BA"
349998;2021-04-05;"segunda-feira";"02:00:00";"PR";116;21;"CAMPINA GRANDE DO SUL";"Velocidade Incompatível";"Saída de leito carroçável";"Com Vítimas Feridas";"Plena Noite";"Crescente";"Chuva";"Dupla";"Curva";"Não";1;0;1;0;0;0;1;1;-25,10427672;-48,73857029;"SPRF-PR";"DEL01-PR";"UOP02-DEL01-PR"
350000;2021-04-04;"domingo";"18:20:00";"PI";343;525;"AMARANTE";"Animais na Pista";"Atropelamento de Animal";"Sem Vítimas";"Plena Noite";"Decrescente";"Céu Claro";"Simples";"Reta";"Não";3;0;0;0;3;0;0;1;-6,4053;-42,796158;"SPRF-PI";"DEL03-PI";"UOP01-DEL03-PI"
350001;2021-04-05;"segunda-feira";"04:00:00";"CE";20;430,1;"FORTALEZA";"Condutor Dormindo";"Saída de leito carroçável";"Sem Vítimas";"Plena Noite";"Crescente";"Céu Claro";"Dupla";"Curva;Aclive";"Não";3;0;0;0;3;0;0;1;-3,87352591;-38,49125016;"SPRF-CE";"DEL01-CE";"UOP02-DEL01-CE"
350002;2021-01-08;"sexta-feira";"20:30:00";"SE";101;5,3;"PROPRIA";"Animais na Pista";"Atropelamento de Animal";"Com Vítimas Feridas";"Plena Noite";"Crescente";"Céu Claro";"Dupla";"Reta";"Não";1;0;1;0;0;0;1;1;-10,229956;-36,839184;"SPRF-SE";"DEL02-SE";"UOP02-DEL02-SE"
350007;2021-04-05;"segunda-feira";"06:15:00";"DF";40;6,6;"BRASILIA";"Reação tardia ou ineficiente do condutor";"Colisão traseira";"Com Vítimas Feridas";"Amanhecer";"Decrescente";"Céu Claro";"Dupla";"Reta";"Não";2;0;0;1;1;0;1;2;-16,03896693;-47,97969818;"SPRF-DF";"DEL01-DF";"UOP01-DEL01-DF"
350008;2021-04-05;"segunda-feira";"06:15:00";"PB";101;94;"JOAO PESSOA";"Demais falhas mecânicas ou elétricas";"Colisão com objeto";"Sem Vítimas";"Pleno dia";"Decrescente";"Chuva";"Dupla";"Curva";"Sim";2;0;0;0;2;0;0;1;-7,21483297;-34,9117521;"SPRF-PB";"DEL01-PB";"UOP02-DEL01-PB"
350009;2021-02-20;"sábado";"17:15:00";"RS";386;349;"LAJEADO";"Ingestão de álcool pelo condutor";"Colisão traseira";"Sem Vítimas";"Pleno dia";"Crescente";"Céu Claro";"Dupla";"Rotatória";"Não";2;0;0;0;2;0;0;2;-29,465483;-51,95509;"SPRF-RS";"DEL04-RS";"UOP02-DEL04-RS"
350010;2021-04-05;"segunda-feira";"06:30:00";"MG";116;269;"TEOFILO OTONI";"Pista esburacada";"Tombamento";"Com Vítimas Feridas";"Pleno dia";"Decrescente";"Céu Claro";"Simples";"Curva";"Não";2;0;1;0;0;1;1;2;-17,79508603;-41,50201207;"SPRF-MG";"DEL11-MG";"UOP01-DEL11-MG"
350012;2021-04-05;"segunda-feira";"06:05:00";"PA";163;1002,3;"SANTAREM";"Acessar a via sem observar a presença dos outros veículos";"Colisão lateral mesmo sentido";"Com Vítimas Feridas";"Pleno dia";"Crescente";"Nublado";"Simples";"Reta";"Não";3;0;2;1;0;0;3;2;-2,45567004;-54,72854541;"SPRF-PA";"DEL05-PA";"UOP01-DEL05-PA"