"id";"data_inversa";"dia_semana";"horario";"uf";"br";"km";"municipio";"causa_acidente";"tipo_acidente";"classificacao_acidente";"fase_dia";"sentido_via";"condicao_metereologica";"tipo_pista";"tracado_via";"uso_solo";"pessoas";"mortos";"feridos_leves";"feridos_graves";"ilesos";"ignorados";"feridos";"veiculos";"latitude";"longitude";"regional";"delegacia";"uop"
350014;2021-04-05;"segunda-feira";"06:40:00";"GO";153;543;"HIDROLANDIA";"Manobra de mudança de faixa";"Saída de leito carroçável";"Com Vítimas Feridas";"Pleno dia";"Crescente";"Céu Claro";"Dupla";"Curva";"Não";3;0;3;0;0;0;3;1;-17,0814;-49,2246;"SPRF-GO";"DEL01-GO";"UOP03-DEL01-GO"
350015;2021-04-05;"segunda-feira";"06:48:00";"SC";101;212;"PALHOCA";"Trafegar com motocicleta (ou similar) entre as faixas";"Colisão lateral mesmo sentido";"Com Vítimas Feridas";"Pleno dia";"Decrescente";"Céu Claro";"Múltipla";"Reta";"Não";3;0;1;1;1;0;2;2;-27,62996929;-48,65903871;"SPRF-SC";"DEL01-SC";"UOP02-DEL01-SC"
350017;2021-04-04;"domingo";"20:30:00";"RO";364;19,2;"VILHENA";"Iluminação deficiente";"Colisão traseira";"Com Vítimas Fatais";"Plena Noite";"Decrescente";"Chuva";"Simples";"Declive";"Não";2;1;0;0;0;1;0;2;-12,72739955;-60,18370888;"SPRF-RO";"DEL04-RO";"UOP01-DEL04-RO"
350020;2021-04-05;"segunda-feira";"07:00:00";"PR";116;121;"CURITIBA";"Condutor deixou de manter distância do veículo da frente";"Colisão traseira";"Sem Vítimas";"Pleno dia";"Decrescente";"Sol";"Dupla";"Reta";"Sim";2;0;0;0;2;0;0;2;-25,5599323;-49,30743945;"SPRF-PR";"DEL01-PR";"UOP03-DEL01-PR"
350021;2021-04-05;"segunda-feira";"07:45:00";"SC";101;211,4;"PALHOCA";"Trafegar com motocicleta (ou similar) entre as faixas";"Colisão com objeto";"Com Vítimas Feridas";"Pleno dia";"Decrescente";"Sol";"Múltipla";"Reta;Em Obras;Desvio Temporário";"Sim";1;0;1;0;0;0;1;1;-27,6249243;-48,65383655;"SPRF-SC";"DEL01-SC";"UOP02-DEL01-SC"
350022;2021-04-05;"segunda-feira";"07:40:00";"RS";386;143;"SARANDI";"Ausência de reação do condutor";"Saída de leito carroçável";"Com Vítimas Fatais";"Pleno dia";"Crescente";"Céu Claro";"Simples";"Curva";"Não";1;1;0;0;0;0;0;1;-28,048496;-52,874107;"SPRF-RS";"DEL08-RS";"UOP01-DEL08-RS"
350024;2021-04-05;"segunda-feira";"07:00:00";"SC";101;14;"GARUVA";"Acessar a via sem observar a presença dos outros veículos";"Colisão transversal";"Sem Vítimas";"Amanhecer";"Decrescente";"Garoa/Chuvisco";"Dupla";"Retorno Regulamentado";"Não";2;0;0;0;2;0;0;2;-26,09803515;-48,86773972;"SPRF-SC";"DEL03-SC";"UOP01-DEL03-SC"
350025;2021-04-05;"segunda-feira";"07:30:00";"ES";101;265,7;"SERRA";"Condutor desrespeitou a iluminação vermelha do semáforo";"Atropelamento de Pedestre";"Com Vítimas Feridas";"Pleno dia";"Crescente";"Sol";"Múltipla";"Reta";"Sim";3;0;2;0;1;0;2;3;-20,1816849;-40,26536036;"SPRF-ES";"DEL02-ES";"UOP01-DEL02-ES"
350026;2021-04-05;"segunda-feira";"07:50:00";"SC";282;2;"SAO JOSE";"Trafegar com motocicleta (ou similar) entre as faixas";"Queda de ocupante de veículo";"Com Vítimas Feridas";"Pleno dia";"Decrescente";"Céu Claro";"Dupla";"Reta";"Sim";2;0;2;0;0;0;2;1;-27,603289;-48,590416;"SPRF-SC";"DEL01-SC";"UOP01-DEL01-SC"
350027;2021-04-05;"segunda-feira";"07:45:00";"SP";116;145;"SAO JOSE DOS CAMPOS";"Condutor deixou de manter distância do veículo da frente";"Colisão traseira";"Com Vítimas Feridas";"Pleno dia";"Crescente";"Sol";"Múltipla";"Declive";"Não";2;0;1;0;1;0;1;2;-23,1869844;-45,8548078;"SPRF-SP";"DEL02-SP";"UOP01-DEL02-SP"
350028;2021-04-05;"segunda-feira";"07:50:00";"SC";101;208,5;"SAO JOSE";"Condutor deixou de manter distância do veículo da frente";"Colisão traseira";"Com Vítimas Feridas";"Pleno dia";"Crescente";"Céu Claro";"Dupla";"Declive;Curva";"Sim";3;0;1;0;2;0;1;3;-27,60327979;-48,63201818;"SPRF-SC";"DEL01-SC";"UOP01-DEL01-SC"
350029;2021-04-05;"segunda-feira";"08:15:00";"RS";101;81,9;"OSORIO";"Avarias e/ou desgaste excessivo no pneu";"Tombamento";"Com Vítimas Feridas";"Pleno dia";"Crescente";"Céu Claro";"Dupla";"Reta";"Sim";2;0;2;0;0;0;2;1;-29,83475603;-50,24628662;"SPRF-RS";"DEL03-RS";"UOP01-DEL03-RS"
350031;2021-04-05;"segunda-feira";"07:30:00";"RS";116;520,9;"PELOTAS";"Desrespeitar a preferência no cruzamento";"Colisão transversal";"Com Vítimas Feridas";"Pleno dia";"Decrescente";"Céu Claro";"Simples";"Viaduto";"Não";2;0;1;0;1;0;1;2;-31,70060621;-52,36130079;"SPRF-RS";"DEL07-RS";"UOP01-DEL07-RS"
350032;2021-04-05;"segunda-feira";"07:50:00";"RS";116;37,7;"VACARIA";"Acessar a via sem observar a presença dos outros veículos";"Colisão transversal";"Sem Vítimas";"Pleno dia";"Decrescente";"Céu Claro";"Simples";"Interseção de Vias;Reta";"Sim";2;0;0;0;2;0;0;2;-28,49871957;-50,9176864;"SPRF-RS";"DEL05-RS";"UOP03-DEL05-RS"
350033;2021-04-05;"segunda-feira";"07:35:00";"CE";222;6;"CAUCAIA";"Avarias e/ou desgaste excessivo no pneu";"Tombamento";"Com Vítimas Feridas";"Pleno dia";"Crescente";"Céu Claro";"Dupla";"Curva";"Sim";2;0;2;0;0;0;2;1;-3,74463;-38,62078;"SPRF-CE";"DEL01-CE";"UOP01-DEL01-CE"
350034;2021-04-05;"segunda-feira";"08:10:00";"GO";153;434,9;"ANAPOLIS";"Acessar a via sem observar a presença dos outros veículos";"Colisão traseira";"Com Vítimas Feridas";"Pleno dia";"Decrescente";"Céu Claro";"Dupla";"Reta";"Sim";2;0;1;0;1;0;1;2;-16,284521;-48,950296;"SPRF-GO";"DEL02-GO";"UOP01-DEL02-GO"
350035;2021-04-05;"segunda-feira";"08:00:00";"DF";70;14;"BRASILIA";"Acessar a via sem observar a presença dos outros veículos";"Colisão traseira";"Com Vítimas Feridas";"Pleno dia";"Decrescente";"Céu Claro";"Dupla";"Reta";"Sim";3;0;1;0;2;0;1;2;-15,797312;-48,176056;"SPRF-DF";"DEL03-DF";"UOP02-DEL03-DF"
350036;2021-04-05;"segunda-feira";"08:05:00";"SC";101;208;"SAO JOSE";"Condutor deixou de manter distância do veículo da frente";"Colisão traseira";"Sem Vítimas";"Pleno dia";"Crescente";"Céu Claro";"Múltipla";"Reta";"Sim";2;0;0;0;2;0;0;2;-27,60327979;-48,63201818;"SPRF-SC";"DEL01-SC";"UOP01-DEL01-SC"
350038;2021-04-05;"segunda-feira";"07:30:00";"SP";116;140;"SAO JOSE DOS CAMPOS";"Manobra de mudança de faixa";"Colisão traseira";"Com Vítimas Feridas";"Pleno dia";"Crescente";"Sol";"Dupla";"Reta";"Não";3;0;0;2;1;0;2;2;-23,16577714;-45,81246193;"SPRF-SP";"DEL02-SP";"UOP01-DEL02-SP"
350039;2021-04-05;"segunda-feira";"07:50:00";"SC";101;132,5;"BALNEARIO CAMBORIU";"Frear bruscamente";"Colisão lateral mesmo sentido";"Com Vítimas Feridas";"Pleno dia";"Crescente";"Céu Claro";"Múltipla";"Reta";"Não";2;0;1;0;1;0;1;2;-26,99654133;-48,65564711;"SPRF-SC";"DEL04-SC";"UOP03-DEL04-SC"
350042;2021-04-05;"segunda-feira";"08:00:00";"RS";158;329,4;"SANTA MARIA";"Reação tardia ou ineficiente do condutor";"Colisão lateral mesmo sentido";"Com Vítimas Feridas";"Pleno dia";"Decrescente";"Nublado";"Simples";"Reta";"Sim";2;0;0;1;1;0;1;2;-29,70225621;-53,83706331;"SPRF-RS";"DEL09-RS";"UOP01-DEL09-RS"
350043;2021-04-05;"segunda-feira";"08:00:00";"ES";101;270,5;"SERRA";"Trafegar com motocicleta (ou similar) entre as faixas";"Colisão lateral mesmo sentido";"Com Vítimas Feridas";"Pleno dia";"Crescente";"Sol";"Múltipla";"Reta";"Sim";2;0;0;1;0;1;1;2;-20,22662056;-40,27075088;"SPRF-ES";"DEL02-ES";"UOP01-DEL02-ES"
350044;2021-04-05;"segunda-feira";"07:40:00";"PR";277;729;"FOZ DO IGUACU";"Velocidade Incompatível";"Saída de leito carroçável";"Com Vítimas Feridas";"Pleno dia";"Crescente";"Céu Claro";"Simples";"Reta";"Não";1;0;0;1;0;0;1;1;-25,50725823;-54,58332896;"SPRF-PR";"DEL05-PR";"UOP03-DEL05-PR"
350045;2021-04-05;"segunda-feira";"06:50:00";"MG";40;529;"CONTAGEM";"Demais falhas mecânicas ou elétricas";"Queda de ocupante de veículo";"Com Vítimas Feridas";"Pleno dia";"Decrescente";"Céu Claro";"Dupla";"Curva";"Sim";2;0;1;1;0;0;2;1;-19,91635592;-44,03966566;"SPRF-MG";"DEL01-MG";"UOP02-DEL01-MG"
350046;2021-04-05;"segunda-feira";"07:40:00";"SC";280;125;"RIO NEGRINHO";"Conversão proibida";"Colisão transversal";"Com Vítimas Feridas";"Pleno dia";"Crescente";"Nublado";"Simples";"Reta";"Não";2;0;1;0;1;0;1;2;-26,23763684;-49,48434497;"SPRF-SC";"DEL06-SC";"UOP03-DEL06-SC"
350047;2021-04-05;"segunda-feira";"08:50:00";"PR";116;122;"CURITIBA";"Ausência de reação do condutor";"Colisão traseira";"Com Vítimas Feridas";"Pleno dia";"Decrescente";"Céu Claro";"Dupla";"Reta";"Sim";3;0;0;2;1;0;2;2;-25,56857207;-49,31023179;"SPRF-PR";"DEL01-PR";"UOP03-DEL01-PR"
350051;2021-04-05;"segunda-feira";"08:10:00";"RO";364;12;"VILHENA";"Desrespeitar a preferência no cruzamento";"Colisão transversal";"Com Vítimas Feridas";"Pleno dia";"Decrescente";"Céu Claro";"Simples";"Interseção de Vias";"Sim";2;0;1;0;1;0;1;2;-12,74370233;-60,12147609;"SPRF-RO";"DEL04-RO";"UOP01-DEL04-RO"
350052;2021-04-05;"segunda-feira";"09:05:00";"SC";470;54;"BLUMENAU";"Pedestre cruzava a pista fora da faixa";"Atropelamento de Pedestre";"Com Vítimas Feridas";"Pleno dia";"Decrescente";"Sol";"Simples";"Curva";"Sim";2;0;0;1;1;0;1;2;-26,871065;-49,110374;"SPRF-SC";"DEL04-SC";"UOP01-DEL04-SC"
350053;2021-04-05;"segunda-feira";"08:40:00";"PB";101;60,3;"SANTA RITA";"Velocidade Incompatível";"Colisão com objeto";"Com Vítimas Feridas";"Pleno dia";"Crescente";"Chuva";"Dupla";"Declive";"Não";3;0;2;0;1;0;2;1;-7,00141407;-35,06459811;"SPRF-PB";"DEL01-PB";"UOP04-DEL01-PB"
350054;2021-04-05;"segunda-feira";"08:00:00";"CE";222;199,1;"FORQUILHA";"Velocidade Incompatível";"Saída de leito carroçável";"Com Vítimas Feridas";"Pleno dia";"Crescente";"Céu Claro";"Simples";"Curva";"Não";2;0;1;0;1;0;1;1;-3,80233599;-40,191586;"SPRF-CE";"DEL04-CE";"UOP01-DEL04-CE"
350058;2021-04-05;"segunda-feira";"10:20:00";"ES";101;423,5;"ATILIO VIVACQUA";"Chuva";"Queda de ocupante de veículo";"Com Vítimas Feridas";"Pleno dia";"Crescente";"Chuva";"Simples";"Curva";"Não";1;0;1;0;0;0;1;1;-20,988749;-41,11846998;"SPRF-ES";"DEL03-ES";"UOP02-DEL03-ES"
350059;2021-04-05;"segunda-feira";"08:10:00";"BA";101;933;"NOVA VICOSA";"Acessar a via sem observar a presença dos outros veículos";"Colisão transversal";"Com Vítimas Feridas";"Pleno dia";"Crescente";"Céu Claro";"Simples";"Reta";"Não";2;0;1;0;1;0;1;2;-17,98753146;-39,85982202;"SPRF-BA";"DEL09-BA";"UOP02-DEL09-BA"
350063;2021-04-04;"domingo";"04:00:00";"BA";116;21;"VITORIA DA CONQUISTA";"Reação tardia ou ineficiente do condutor";"Tombamento";"Com Vítimas Feridas";"Plena Noite";"Decrescente";"Ignorado";"Simples";"Reta";"Sim";1;0;1;0;0;0;1;1;-14,88928046;-40,81550382;"SPRF-BA";"DEL08-BA";"UOP01-DEL08-BA"
350064;2021-04-05;"segunda-feira";"08:00:00";"MS";487;108,5;"ITAQUIRAI";"Reação tardia ou ineficiente do condutor";"Tombamento";"Com Vítimas Feridas";"Pleno dia";"Crescente";"Céu Claro";"Simples";"Reta";"Não";1;0;1;0;0;0;1;1;-23,24246441;-53,97320512;"SPRF-MS";"DEL09-MS";"UOP01-DEL09-MS"
350065;2021-04-05;"segunda-feira";"11:35:00";"CE";222;4,5;"CAUCAIA";"Manobra de mudança de faixa";"Colisão lateral mesmo sentido";"Com Vítimas Feridas";"Pleno dia";"Decrescente";"Céu Claro";"Múltipla";"Retorno Regulamentado";"Sim";2;0;1;0;1;0;1;2;-3,74164754;-38,60449792;"SPRF-CE";"DEL01-CE";"UOP01-DEL01-CE"
350066;2021-02-27;"sábado";"10:34:00";"SE";235;57,9;"ITABAIANA";"Acessar a via sem observar a presença dos outros veículos";"Colisão transversal";"Com Vítimas Feridas";"Pleno dia";"Crescente";"Nublado";"Simples";"Reta";"Sim";3;0;2;0;1;0;2;2;-10,650009;-37,451248;"SPRF-SE";"DEL01-SE";"UOP02-DEL01-SE"
350067;2021-04-05;"segunda-feira";"11:30:00";"PE";104;63;"CARUARU";"Manobra de mudança de faixa";"Colisão com objeto";"Com Vítimas Feridas";"Pleno dia";"Crescente";"Sol";"Dupla";"Reta";"Sim";1;0;0;1;0;0;1;1;-8,2698;-35,9803;"SPRF-PE";"DEL02-PE";"UOP01-DEL02-PE"
350068;2021-04-05;"segunda-feira";"10:45:00";"MS";463;1,4;"DOURADOS";"Condutor deixou de manter distância do veículo da frente";"Colisão lateral mesmo sentido";"Com Vítimas Feridas";"Pleno dia";"Decrescente";"Céu Claro";"Simples";"Interseção de Vias";"Não";2;0;0;1;1;0;1;2;-22,25912169;-54,8179908;"SPRF-MS";"DEL04-MS";"UOP01-DEL04-MS"
350069;2021-04-05;"segunda-feira";"08:19:00";"SC";282;470,5;"VARGEAO";"Ultrapassagem Indevida";"Capotamento";"Com Vítimas Feridas";"Pleno dia";"Decrescente";"Céu Claro";"Simples";"Reta;Em Obras";"Não";5;0;2;0;2;1;2;3;-26,862293;-52,12109;"SPRF-SC";"DEL07-SC";"UOP01-DEL07-SC"
350070;2021-04-05;"segunda-feira";"12:00:00";"PB";101;82;"BAYEUX";"Avarias e/ou desgaste excessivo no pneu";"Tombamento";"Com Vítimas Feridas";"Pleno dia";"Decrescente";"Céu Claro";"Dupla";"Viaduto";"Sim";1;0;1;0;0;0;1;1;-7,12911;-34,93714;"SPRF-PB";"DEL01-PB";"UOP01-DEL01-PB"
350073;2021-04-05;"segunda-feira";"12:45:00";"PR";277;111;"CAMPO LARGO";"Ausência de reação do condutor";"Queda de ocupante de veículo";"Com Vítimas Feridas";"Pleno dia";"Decrescente";"Sol";"Dupla";"Curva";"Sim";1;0;0;1;0;0;1;1;-25,44617227;-49,47078109;"SPRF-PR";"DEL01-PR";"UOP03-DEL03-PR"
350074;2021-04-05;"segunda-feira";"09:00:00";"MG";365;254;"JOAO PINHEIRO";"Velocidade Incompatível";"Colisão com objeto";"Com Vítimas Feridas";"Pleno dia";"Crescente";"Sol";"Simples";"Curva";"Não";4;0;2;1;1;0;3;1;-17,85528013;-45,47095902;"SPRF-MG";"DEL14-MG";"UOP02-DEL14-MG"
350075;2021-04-05;"segunda-feira";"12:30:00";"PR";469;12,8;"FOZ DO IGUACU";"Reação tardia ou ineficiente do condutor";"Tombamento";"Com Vítimas Feridas";"Pleno dia";"Crescente";"Céu Claro";"Simples";"Rotatória";"Não";2;0;1;0;0;1;1;2;-25,5751563;-54,55179691;"SPRF-PR";"DEL05-PR";"UOP04-DEL05-PR"
350078;2021-04-05;"segunda-feira";"08:00:00";"MA";10;128;"ESTREITO";"Acessar a via sem observar a presença dos outros veículos";"Colisão transversal";"Com Vítimas Feridas";"Pleno dia";"Decrescente";"Ignorado";"Simples";"Interseção de Vias";"Sim";3;0;0;2;1;0;2;2;-6,564439;-47,44772;"SPRF-MA";"DEL04-MA";"UOP02-DEL04-MA"
350079;2021-04-05;"segunda-feira";"12:55:00";"SC";282;22,2;"SANTO AMARO DA IMPERATRIZ";"Acessar a via sem observar a presença dos outros veículos";"Colisão transversal";"Com Vítimas Feridas";"Pleno dia";"Crescente";"Céu Claro";"Simples";"Reta";"Sim";2;0;0;1;1;0;1;2;-27,688507;-48,72739;"SPRF-SC";"DEL01-SC";"UOP02-DEL01-SC"
350080;2021-04-05;"segunda-feira";"08:00:00";"BA";101;187;"SAO GONCALO DOS CAMPOS";"Reação tardia ou ineficiente do condutor";"Saída de leito carroçável";"Com Vítimas Feridas";"Pleno dia";"Decrescente";"Céu Claro";"Simples";"Reta";"Não";4;0;1;3;0;0;4;1;-12,474397;-38,941105;"SPRF-BA";"DEL01-BA";"UOP03-DEL01-BA"
350081;2021-03-26;"sexta-feira";"14:10:00";"CE";116;146,2;"RUSSAS";"Acumulo de água sobre o pavimento";"Saída de leito carroçável";"Com Vítimas Feridas";"Pleno dia";"Crescente";"Chuva";"Simples";"Curva";"Não";6;0;0;1;5;0;1;5;-4,80514594;-38,06055534;"SPRF-CE";"DEL03-CE";"UOP01-DEL03-CE"
350082;2021-04-05;"segunda-feira";"12:40:00";"SC";282;515;"XAXIM";"Condutor usando celular";"Colisão com objeto";"Com Vítimas Feridas";"Pleno dia";"Decrescente";"Sol";"Simples";"Reta";"Não";2;0;1;0;1;0;1;2;-26,922623;-52,496132;"SPRF-SC";"DEL07-SC";"UOP01-DEL07-SC"
350084;2021-04-05;"segunda-feira";"14:40:00";"RJ";116;95;"GUAPIMIRIM";"Avarias e/ou desgaste excessivo no pneu";"Colisão frontal";"Com Vítimas Feridas";"Pleno dia";"Crescente";"Chuva";"Simples";"Curva";"Não";5;0;5;0;0;0;5;2;-22,47374702;-43,00117923;"SPRF-RJ";"DEL04-RJ";"UOP02-DEL04-RJ"
350085;2021-04-05;"segunda-feira";"10:50:00";"SC";116;220,5;"CORREIA PINTO";"Desrespeitar a preferência no cruzamento";"Colisão transversal";"Com Vítimas Feridas";"Pleno dia";"Crescente";"Céu Claro";"Simples";"Rotatória";"Sim";2;0;1;0;1;0;1;2;-27,57771319;-50,36993036;"SPRF-SC";"DEL05-SC";"UOP03-DEL05-SC"
350086;2021-04-05;"segunda-feira";"12:40:00";"AC";364;28;"ACRELANDIA";"Avarias e/ou desgaste excessivo no pneu";"Tombamento";"Com Vítimas Feridas";"Pleno dia";"Decrescente";"Céu Claro";"Simples";"Reta";"Não";1;0;1;0;0;0;1;1;-9,9379664;-66,99269699;"SPRF-AC";"DEL01-AC";"UOP01-DEL01-AC"
350087;2021-04-05;"segunda-feira";"14:45:00";"SC";101;206;"SAO JOSE";"Condutor deixou de manter distância do veículo da frente";"Colisão traseira";"Com Vítimas Feridas";"Pleno dia";"Decrescente";"Céu Claro";"Dupla";"Reta";"Sim";2;0;1;0;1;0;1;2;-27,59193546;-48,61824557;"SPRF-SC";"DEL01-SC";"UOP01-DEL01-SC"
350088;2021-04-05;"segunda-feira";"14:20:00";"RN";101;106,2;"PARNAMIRIM";"Acessar a via sem observar a presença dos outros veículos";"Colisão transversal";"Com Vítimas Feridas";"Pleno dia";"Crescente";"Céu Claro";"Múltipla";"Reta";"Sim";2;0;1;0;1;0;1;2;-5,91056401;-35,26130795;"SPRF-RN";"DEL01-RN";"UOP01-DEL01-RN"
350089;2021-04-05;"segunda-feira";"14:00:00";"MT";163;33;"ITIQUIRA";"Reação tardia ou ineficiente do condutor";"Saída de leito carroçável";"Com Vítimas Feridas";"Pleno dia";"Decrescente";"Céu Claro";"Dupla";"Reta";"Não";1;0;1;0;0;0;1;1;-17,22667198;-54,75934919;"SPRF-MT";"DEL02-MT";"UOP01-DEL02-MT"
350090;2021-01-31;"domingo";"17:20:00";"SE";101;115,4;"ITAPORANGA DAJUDA";"Demais falhas mecânicas ou elétricas";"Colisão com objeto";"Com Vítimas Feridas";"Pleno dia";"Crescente";"Céu Claro";"Dupla";"Curva";"Não";2;0;1;0;1;0;1;2;-11,00451077;-37,30888444;"SPRF-SE";"DEL02-SE";"UOP01-DEL02-SE"
350091;2021-04-05;"segunda-feira";"14:40:00";"SC";116;32,5;"ITAIOPOLIS";"Ausência de reação do condutor";"Saída de leito carroçável";"Com Vítimas Fatais";"Pleno dia";"Crescente";"Sol";"Simples";"Reta";"Não";1;1;0;0;0;0;0;1;-26,32428725;-49,98408079;"SPRF-SC";"DEL06-SC";"UOP01-DEL06-SC"
350092;2021-04-05;"segunda-feira";"13:30:00";"PR";467;109;"CASCAVEL";"Avarias e/ou desgaste excessivo no pneu";"Queda de ocupante de veículo";"Com Vítimas Feridas";"Pleno dia";"Decrescente";"Céu Claro";"Dupla";"Reta";"Não";2;0;2;0;0;0;2;1;-24,9261;-53,4589;"SPRF-PR";"DEL04-PR";"UOP01-DEL04-PR"
350094;2021-04-05;"segunda-feira";"15:20:00";"GO";60;195;"GUAPO";"Reação tardia ou ineficiente do condutor";"Colisão traseira";"Sem Vítimas";"Pleno dia";"Decrescente";"Céu Claro";"Dupla";"Reta";"Não";2;0;0;0;2;0;0;2;-16,8523;-49,5775;"SPRF-GO";"DEL01-GO";"UOP02-DEL01-GO"
350095;2021-04-05;"segunda-feira";"13:00:00";"PI";230;299;"FLORIANO";"Animais na Pista";"Atropelamento de Animal";"Com Vítimas Feridas";"Pleno dia";"Decrescente";"Nublado";"Simples";"Reta";"Não";2;0;0;1;0;1;1;1;-6,81967598;-42,92922299;"SPRF-PI";"DEL03-PI";"UOP01-DEL03-PI"
350096;2021-04-05;"segunda-feira";"11:40:00";"PE";407;126;"PETROLINA";"Transitar no acostamento";"Atropelamento de Pedestre";"Com Vítimas Feridas";"Pleno dia";"Decrescente";"Nublado";"Simples";"Reta";"Sim";2;0;1;0;1;0;1;2;-9,38491309;-40,52809509;"SPRF-PE";"DEL06-PE";"UOP01-DEL06-PE"
350100;2021-04-05;"segunda-feira";"16:35:00";"PR";476;132,8;"CURITIBA";"Condutor deixou de manter distância do veículo da frente";"Engavetamento";"Com Vítimas Feridas";"Pleno dia";"Decrescente";"Céu Claro";"Dupla";"Reta";"Sim";5;0;1;0;4;0;1;4;-25,460718;-49,250488;"SPRF-PR";"DEL01-PR";"UOP03-DEL01-PR"
350101;2021-04-05;"segunda-feira";"16:15:00";"ES";101;146,9;"LINHARES";"Velocidade Incompatível";"Colisão lateral mesmo sentido";"Com Vítimas Feridas";"Anoitecer";"Crescente";"Céu Claro";"Dupla";"Reta";"Não";3;0;1;1;1;0;2;2;-19,36990998;-40,06560718;"SPRF-ES";"DEL04-ES";"UOP01-DEL04-ES"
350103;2021-04-05;"segunda-feira";"16:28:00";"PR";158;503,5;"CORONEL VIVIDA";"Reação tardia ou ineficiente do condutor";"Colisão com objeto";"Com Vítimas Feridas";"Pleno dia";"Decrescente";"Céu Claro";"Simples";"Reta";"Não";5;0;1;0;2;2;1;3;-25,99111233;-52,55704663;"SPRF-PR";"DEL02-PR";"UOP01-DEL02-PR"
350105;2021-04-05;"segunda-feira";"16:00:00";"MG";365;663;"MONTE ALEGRE DE MINAS";"Condutor Dormindo";"Capotamento";"Com Vítimas Feridas";"Pleno dia";"Crescente";"Céu Claro";"Múltipla";"Reta";"Não";1;0;1;0;0;0;1;1;-18,89100473;-48,67040895;"SPRF-MG";"DEL15-MG";"UOP01-DEL15-MG"
350106;2021-04-05;"segunda-feira";"17:08:00";"PR";277;710;"SANTA TEREZINHA DE ITAIPU";"Ausência de reação do condutor";"Saída de leito carroçável";"Sem Vítimas";"Pleno dia";"Decrescente";"Céu Claro";"Dupla";"Reta";"Não";1;0;0;0;1;0;0;1;-25,45042905;-54,41348698;"SPRF-PR";"DEL05-PR";"UOP01-DEL05-PR"
350109;2021-04-05;"segunda-feira";"17:30:00";"SC";163;78,5;"SAO MIGUEL DO OESTE";"Acesso irregular";"Colisão frontal";"Com Vítimas Feridas";"Pleno dia";"Decrescente";"Céu Claro";"Simples";"Curva";"Não";2;0;1;0;1;0;1;2;-26,667838;-53,51978017;"SPRF-SC";"DEL07-SC";"UOP03-DEL07-SC"
350110;2021-04-05;"segunda-feira";"17:30:00";"SC";470;6;"NAVEGANTES";"Trafegar com motocicleta (ou similar) entre as faixas";"Colisão traseira";"Com Vítimas Feridas";"Pleno dia";"Decrescente";"Céu Claro";"Dupla";"Em Obras";"Não";2;0;1;0;1;0;1;2;-26,852238;-48,709545;"SPRF-SC";"DEL04-SC";"UOP04-DEL04-SC"
350112;2021-04-05;"segunda-feira";"17:40:00";"RJ";101;316;"SAO GONCALO";"Reação tardia ou ineficiente do condutor";"Colisão traseira";"Com Vítimas Feridas";"Anoitecer";"Decrescente";"Céu Claro";"Dupla";"Reta";"Sim";3;0;0;1;2;0;1;2;-22,82873877;-43,09231639;"SPRF-RJ";"DEL02-RJ";"UOP02-DEL02-RJ"
350113;2021-04-05;"segunda-feira";"17:55:00";"SP";116;220;"GUARULHOS";"Condutor deixou de manter distância do veículo da frente";"Colisão lateral mesmo sentido";"Com Vítimas Feridas";"Anoitecer";"Decrescente";"Céu Claro";"Simples";"Reta";"Não";3;0;2;0;1;0;2;2;-23,46472809;-46,49793962;"SPRF-SP";"DEL01-SP";"UOP01-DEL01-SP"
350116;2021-03-31;"quarta-feira";"18:10:00";"PA";316;67,4;"CASTANHAL";"Condutor deixou de manter distância do veículo da frente";"Colisão lateral mesmo sentido";"Com Vítimas Feridas";"Plena Noite";"Decrescente";"Chuva";"Simples";"Reta";"Não";3;0;1;0;2;0;1;3;-1,2948794;-47,89280703;"SPRF-PA";"DEL01-PA";"UOP01-DEL01-PA"
350117;2021-04-05;"segunda-feira";"17:20:00";"BA";324;624;"SALVADOR";"Condutor deixou de manter distância do veículo da frente";"Colisão traseira";"Com Vítimas Feridas";"Anoitecer";"Decrescente";"Garoa/Chuvisco";"Dupla";"Reta";"Sim";4;0;2;0;2;0;2;3;-12,933839;-38,47190701;"SPRF-BA";"DEL01-BA";"UOP01-DEL01-BA"
350118;2021-04-05;"segunda-feira";"15:15:00";"PA";155;288,2;"ELDORADO DO CARAJAS";"Reação tardia ou ineficiente do condutor";"Saída de leito carroçável";"Com Vítimas Feridas";"Pleno dia";"Crescente";"Sol";"Simples";"Curva";"Não";1;0;1;0;0;0;1;1;-5,83120071;-49,19677734;"SPRF-PA";"DEL03-PA";"UOP01-DEL03-PA"
350120;2021-04-05;"segunda-feira";"18:10:00";"PR";277;74;"SAO JOSE DOS PINHAIS";"Manobra de mudança de faixa";"Colisão traseira";"Com Vítimas Feridas";"Anoitecer";"Crescente";"Céu Claro";"Dupla";"Interseção de Vias";"Sim";3;0;0;1;1;1;1;3;-25,51726115;-49,11540707;"SPRF-PR";"DEL01-PR";"UOP01-DEL01-PR"