"id";"data_inversa";"dia_semana";"horario";"uf";"br";"km";"municipio";"causa_acidente";"tipo_acidente";"classificacao_acidente";"fase_dia";"sentido_via";"condicao_metereologica";"tipo_pista";"tracado_via";"uso_solo";"pessoas";"mortos";"feridos_leves";"feridos_graves";"ilesos";"ignorados";"feridos";"veiculos";"latitude";"longitude";"regional";"delegacia";"uop"
350122;2021-04-05;"segunda-feira";"18:00:00";"RJ";393;284,8;"VOLTA REDONDA";"Entrada inopinada do pedestre";"Atropelamento de Pedestre";"Com Vítimas Feridas";"Plena Noite";"Crescente";"Céu Claro";"Simples";"Declive";"Sim";2;0;1;0;1;0;1;2;-22,47341979;-44,05990606;"SPRF-RJ";"DEL05-RJ";"UOP04-DEL05-RJ"
350123;2021-04-05;"segunda-feira";"17:25:00";"PR";280;256,9;"MARMELEIRO";"Desrespeitar a preferência no cruzamento";"Colisão transversal";"Com Vítimas Feridas";"Pleno dia";"Crescente";"Céu Claro";"Simples";"Interseção de Vias";"Sim";2;0;1;0;1;0;1;2;-26,16125011;-53,04013794;"SPRF-PR";"DEL02-PR";"UOP01-DEL02-PR"
350124;2021-04-05;"segunda-feira";"15:10:00";"BA";242;571;"IBOTIRAMA";"Velocidade Incompatível";"Capotamento";"Sem Vítimas";"Pleno dia";"Decrescente";"Céu Claro";"Simples";"Curva";"Não";1;0;0;0;0;1;0;1;-12,087399;-43,158122;"SPRF-BA";"DEL06-BA";"UOP03-DEL06-BA"
350126;2021-04-05;"segunda-feira";"18:20:00";"RN";110;48,4;"MOSSORO";"Ausência de reação do condutor";"Colisão traseira";"Com Vítimas Feridas";"Plena Noite";"Crescente";"Céu Claro";"Dupla";"Reta";"Sim";2;0;1;0;1;0;1;2;-5,20881178;-37,33285083;"SPRF-RN";"DEL04-RN";"UOP01-DEL04-RN"
350127;2021-04-05;"segunda-feira";"17:20:00";"MG";146;517,9;"POCOS DE CALDAS";"Acessar a via sem observar a presença dos outros veículos";"Colisão lateral sentido oposto";"Sem Vítimas";"Pleno dia";"Crescente";"Céu Claro";"Simples";"Reta";"Não";4;0;0;0;4;0;0;2;-21,80763956;-46,47325158;"SPRF-MG";"DEL09-MG";"UOP01-DEL09-MG"
350128;2021-04-05;"segunda-feira";"18:03:00";"PR";277;168,6;"PALMEIRA";"Ingestão de álcool pelo condutor";"Colisão transversal";"Sem Vítimas";"Pleno dia";"Crescente";"Céu Claro";"Dupla";"Reta";"Sim";2;0;0;0;2;0;0;2;-25,46413908;-49,91312702;"SPRF-PR";"DEL01-PR";"UOP03-DEL03-PR"
350129;2021-04-05;"segunda-feira";"18:28:00";"PE";232;408,9;"SERRA TALHADA";"Acessar a via sem observar a presença dos outros veículos";"Atropelamento de Pedestre";"Com Vítimas Feridas";"Plena Noite";"Crescente";"Céu Claro";"Simples";"Declive";"Sim";3;0;2;0;1;0;2;2;-7,981944;-38,289467;"SPRF-PE";"DEL04-PE";"UOP01-DEL04-PE"
350130;2021-04-05;"segunda-feira";"17:35:00";"MT";163;831;"SINOP";"Manobra de mudança de faixa";"Colisão lateral mesmo sentido";"Com Vítimas Feridas";"Pleno dia";"Crescente";"Céu Claro";"Dupla";"Interseção de Vias";"Sim";2;0;0;1;1;0;1;2;-12,022768;-55,51723;"SPRF-MT";"DEL06-MT";"UOP01-DEL06-MT"
350131;2021-04-05;"segunda-feira";"18:50:00";"RN";101;84;"NATAL";"Manobra de mudança de faixa";"Colisão lateral mesmo sentido";"Com Vítimas Feridas";"Plena Noite";"Decrescente";"Céu Claro";"Dupla";"Reta";"Sim";2;0;1;0;0;1;1;2;-5,774175;-35,2578;"SPRF-RN";"DEL02-RN";"UOP01-DEL02-RN"
350132;2021-04-05;"segunda-feira";"18:10:00";"RJ";116;109;"DUQUE DE CAXIAS";"Manobra de mudança de faixa";"Colisão traseira";"Com Vítimas Feridas";"Plena Noite";"Crescente";"Céu Claro";"Múltipla";"Reta";"Sim";1;0;1;0;0;0;1;1;-22,67970796;-43,28614354;"SPRF-RJ";"DEL04-RJ";"UOP02-DEL04-RJ"
350134;2021-04-05;"segunda-feira";"18:50:00";"BA";242;830;"BARREIRAS";"Deficiência do Sistema de Iluminação/Sinalização";"Colisão traseira";"Com Vítimas Fatais";"Plena Noite";"Decrescente";"Céu Claro";"Simples";"Reta";"Não";4;1;1;0;2;0;1;2;-12,106471;-45,3096082;"SPRF-BA";"DEL10-BA";"UOP01-DEL10-BA"
350138;2021-04-05;"segunda-feira";"19:30:00";"MG";40;604,4;"CONGONHAS";"Objeto estático sobre o leito carroçável";"Colisão com objeto";"Com Vítimas Feridas";"Plena Noite";"Crescente";"Céu Claro";"Simples";"Reta;Declive";"Não";1;0;1;0;0;0;1;1;-20,45222799;-43,84086796;"SPRF-MG";"DEL05-MG";"UOP02-DEL05-MG"
350139;2021-04-05;"segunda-feira";"18:05:00";"RJ";101;272;"RIO BONITO";"Reação tardia ou ineficiente do condutor";"Queda de ocupante de veículo";"Com Vítimas Feridas";"Plena Noite";"Crescente";"Céu Claro";"Dupla";"Reta";"Não";2;0;0;2;0;0;2;1;-22,72935968;-42,70112512;"SPRF-RJ";"DEL02-RJ";"UOP03-DEL02-RJ"
350140;2021-01-17;"domingo";"15:00:00";"BA";242;737;"CATOLANDIA";"Reação tardia ou ineficiente do condutor";"Saída de leito carroçável";"Com Vítimas Feridas";"Pleno dia";"Crescente";"Céu Claro";"Simples";"Reta";"Não";1;0;0;1;0;0;1;1;-12,176616;-44,535909;"SPRF-BA";"DEL10-BA";"UOP01-DEL10-BA"
350141;2021-04-05;"segunda-feira";"19:30:00";"SP";381;36,2;"ATIBAIA";"Reação tardia ou ineficiente do condutor";"Saída de leito carroçável";"Com Vítimas Feridas";"Plena Noite";"Crescente";"Céu Claro";"Dupla";"Curva";"Não";4;0;2;0;2;0;2;1;-23,09712176;-46,57183886;"SPRF-SP";"DEL03-SP";"UOP01-DEL03-SP"
350142;2021-04-05;"segunda-feira";"18:50:00";"BA";110;218;"NOVA SOURE";"Manobra de mudança de faixa";"Colisão frontal";"Com Vítimas Feridas";"Plena Noite";"Crescente";"Céu Claro";"Simples";"Reta";"Não";2;0;1;1;0;0;2;2;-11,25575578;-38,4622768;"SPRF-BA";"DEL07-BA";"UOP02-DEL07-BA"
350143;2021-04-05;"segunda-feira";"16:50:00";"MG";116;553,9;"SANTA BARBARA DO LESTE";"Ausência de reação do condutor";"Saída de leito carroçável";"Com Vítimas Feridas";"Pleno dia";"Decrescente";"Céu Claro";"Simples";"Reta";"Não";1;0;1;0;0;0;1;1;-19,99361802;-42,14392077;"SPRF-MG";"DEL06-MG";"UOP02-DEL06-MG"
350145;2021-04-05;"segunda-feira";"19:50:00";"SC";101;204;"SAO JOSE";"Ausência de reação do condutor";"Colisão traseira";"Com Vítimas Feridas";"Plena Noite";"Decrescente";"Céu Claro";"Simples";"Reta";"Sim";2;0;1;0;1;0;1;2;-27,57413014;-48,61363083;"SPRF-SC";"DEL01-SC";"UOP01-DEL01-SC"
350147;2021-04-05;"segunda-feira";"17:48:00";"MT";364;224;"RONDONOPOLIS";"Conversão proibida";"Colisão transversal";"Com Vítimas Feridas";"Anoitecer";"Crescente";"Céu Claro";"Dupla";"Reta";"Não";3;0;1;0;2;0;1;2;-16,3154901;-54,75440328;"SPRF-MT";"DEL02-MT";"UOP01-DEL02-MT"
350148;2021-04-05;"segunda-feira";"20:20:00";"PR";272;371;"CAMPO MOURAO";"Acessar a via sem observar a presença dos outros veículos";"Queda de ocupante de veículo";"Com Vítimas Feridas";"Plena Noite";"Crescente";"Céu Claro";"Simples";"Reta";"Não";2;0;0;2;0;0;2;1;-24,06673676;-52,43681411;"SPRF-PR";"DEL09-PR";"UOP03-DEL09-PR"
350149;2021-04-05;"segunda-feira";"20:30:00";"PB";101;96;"ALHANDRA";"Acessar a via sem observar a presença dos outros veículos";"Saída de leito carroçável";"Com Vítimas Feridas";"Plena Noite";"Decrescente";"Céu Claro";"Dupla";"Reta";"Não";2;0;1;0;0;1;1;2;-7,23291206;-34,92221117;"SPRF-PB";"DEL01-PB";"UOP02-DEL01-PB"
350150;2021-04-05;"segunda-feira";"20:30:00";"SC";101;194;"BIGUACU";"Ausência de reação do condutor";"Colisão traseira";"Com Vítimas Feridas";"Plena Noite";"Decrescente";"Chuva";"Dupla";"Reta";"Sim";2;0;1;0;1;0;1;2;-27,49815117;-48,65661236;"SPRF-SC";"DEL01-SC";"UOP01-DEL01-SC"
350151;2021-04-05;"segunda-feira";"13:30:00";"RJ";101;91,8;"CAMPOS DOS GOYTACAZES";"Acumulo de óleo sobre o pavimento";"Colisão com objeto";"Sem Vítimas";"Pleno dia";"Decrescente";"Chuva";"Dupla";"Curva";"Não";2;0;0;0;2;0;0;1;-21,85123688;-41,52047569;"SPRF-RJ";"DEL08-RJ";"UOP02-DEL08-RJ"
350152;2021-04-05;"segunda-feira";"17:00:00";"MG";251;379,4;"GRAO MOGOL";"Velocidade Incompatível";"Colisão com objeto";"Com Vítimas Fatais";"Pleno dia";"Crescente";"Céu Claro";"Simples";"Reta";"Não";1;1;0;0;0;0;0;1;-16,298547;-42,74137;"SPRF-MG";"DEL12-MG";"UOP01-DEL12-MG"
350153;2021-04-05;"segunda-feira";"19:45:00";"RS";285;118,1;"VACARIA";"Reação tardia ou ineficiente do condutor";"Colisão lateral sentido oposto";"Sem Vítimas";"Plena Noite";"Crescente";"Céu Claro";"Simples";"Interseção de Vias;Reta";"Sim";2;0;0;0;2;0;0;2;-28,508183;-50,912724;"SPRF-RS";"DEL05-RS";"UOP03-DEL05-RS"
350158;2021-03-19;"sexta-feira";"21:35:00";"GO";153;63;"PORANGATU";"Transitar na contramão";"Colisão frontal";"Com Vítimas Fatais";"Plena Noite";"Decrescente";"Céu Claro";"Simples";"Reta";"Não";2;1;0;1;0;0;1;2;-13,365372;-49,124993;"SPRF-GO";"DEL07-GO";"UOP01-DEL07-GO"
350159;2021-04-05;"segunda-feira";"19:57:00";"ES";101;112;"LINHARES";"Velocidade Incompatível";"Queda de ocupante de veículo";"Com Vítimas Feridas";"Pleno dia";"Crescente";"Céu Claro";"Simples";"Reta";"Não";2;0;1;0;1;0;1;1;-19,0785052;-40,0428926;"SPRF-ES";"DEL04-ES";"UOP01-DEL04-ES"
350160;2021-04-03;"sábado";"06:15:00";"CE";20;311;"CANINDE";"Condutor Dormindo";"Saída de leito carroçável";"Com Vítimas Feridas";"Pleno dia";"Decrescente";"Céu Claro";"Simples";"Reta";"Não";2;0;2;0;0;0;2;1;-4,32826809;-39,28333588;"SPRF-CE";"DEL02-CE";"UOP01-DEL02-CE"
350161;2021-04-05;"segunda-feira";"17:40:00";"SC";470;137,5;"RIO DO SUL";"Ultrapassagem Indevida";"Colisão lateral sentido oposto";"Com Vítimas Feridas";"Anoitecer";"Decrescente";"Céu Claro";"Simples";"Reta";"Não";3;0;1;0;0;2;1;3;-27,203201;-49,635063;"SPRF-SC";"DEL04-SC";"UOP02-DEL04-SC"
350162;2021-04-05;"segunda-feira";"19:40:00";"SC";470;70,9;"INDAIAL";"Desrespeitar a preferência no cruzamento";"Colisão transversal";"Com Vítimas Feridas";"Plena Noite";"Crescente";"Céu Claro";"Simples";"Interseção de Vias";"Sim";2;0;1;0;1;0;1;2;-26,894687;-49,261394;"SPRF-SC";"DEL04-SC";"UOP01-DEL04-SC"
350166;2021-04-05;"segunda-feira";"22:10:00";"RS";116;256;"ESTEIO";"Objeto estático sobre o leito carroçável";"Colisão com objeto";"Com Vítimas Feridas";"Plena Noite";"Decrescente";"Céu Claro";"Dupla";"Reta";"Sim";2;0;1;0;1;0;1;1;-29,84393699;-51,17728603;"SPRF-RS";"DEL01-RS";"UOP02-DEL01-RS"
350167;2021-04-05;"segunda-feira";"21:40:00";"MA";10;251,5;"IMPERATRIZ";"Desrespeitar a preferência no cruzamento";"Colisão frontal";"Com Vítimas Feridas";"Plena Noite";"Decrescente";"Céu Claro";"Simples";"Reta";"Sim";4;0;3;1;0;0;4;2;-5,543249;-47,464447;"SPRF-MA";"DEL04-MA";"UOP01-DEL04-MA"
350169;2021-04-05;"segunda-feira";"22:55:00";"SC";101;217,8;"PALHOCA";"Conversão proibida";"Colisão transversal";"Com Vítimas Feridas";"Plena Noite";"Crescente";"Nublado";"Múltipla";"Interseção de Vias";"Sim";2;0;1;0;1;0;1;2;-27,67529069;-48,67111802;"SPRF-SC";"DEL01-SC";"UOP02-DEL01-SC"
350173;2021-04-06;"terça-feira";"00:20:00";"CE";20;422;"MARACANAU";"Acessar a via sem observar a presença dos outros veículos";"Atropelamento de Pedestre";"Com Vítimas Feridas";"Plena Noite";"Crescente";"Céu Claro";"Dupla";"Reta";"Sim";2;0;0;1;0;1;1;2;-3,85280078;-38,56050968;"SPRF-CE";"DEL01-CE";"UOP02-DEL01-CE"
350177;2021-04-06;"terça-feira";"06:00:00";"RS";116;247;"SAO LEOPOLDO";"Ausência de reação do condutor";"Tombamento";"Com Vítimas Feridas";"Amanhecer";"Decrescente";"Céu Claro";"Dupla";"Reta";"Sim";1;0;1;0;0;0;1;1;-29,76733091;-51,1535296;"SPRF-RS";"DEL01-RS";"UOP02-DEL01-RS"
350178;2021-04-06;"terça-feira";"06:00:00";"MG";381;485,3;"BETIM";"Condutor deixou de manter distância do veículo da frente";"Engavetamento";"Com Vítimas Feridas";"Pleno dia";"Decrescente";"Céu Claro";"Múltipla";"Declive;Reta";"Sim";5;0;1;0;4;0;1;4;-19,955776;-44,098012;"SPRF-MG";"DEL01-MG";"UOP03-DEL01-MG"
350180;2021-04-05;"segunda-feira";"20:00:00";"BA";116;510;"SANTA TERESINHA";"Pedestre andava na pista";"Atropelamento de Pedestre";"Com Vítimas Feridas";"Plena Noite";"Decrescente";"Nublado";"Simples";"Reta";"Não";2;0;0;1;0;1;1;2;-12,64028919;-39,60205663;"SPRF-BA";"DEL03-BA";"UOP02-DEL03-BA"
350181;2021-04-06;"terça-feira";"06:40:00";"DF";70;16;"BRASILIA";"Chuva";"Queda de ocupante de veículo";"Com Vítimas Feridas";"Amanhecer";"Decrescente";"Chuva";"Dupla";"Reta";"Sim";2;0;1;0;0;1;1;1;-15,796144;-48,194225;"SPRF-DF";"DEL03-DF";"UOP02-DEL03-DF"
350184;2021-04-05;"segunda-feira";"19:00:00";"RR";401;0;"BOA VISTA";"Condutor desrespeitou a iluminação vermelha do semáforo";"Colisão transversal";"Com Vítimas Feridas";"Plena Noite";"Decrescente";"Garoa/Chuvisco";"Múltipla";"Reta";"Sim";3;0;3;0;0;0;3;2;2,80466786;-60,68703001;"SPRF-RR";"DEL01-RR";"UOP01-DEL01-RR"
350187;2021-04-06;"terça-feira";"07:00:00";"PR";476;141;"CURITIBA";"Pedestre cruzava a pista fora da faixa";"Atropelamento de Pedestre";"Com Vítimas Feridas";"Pleno dia";"Decrescente";"Céu Claro";"Dupla";"Reta";"Sim";2;0;1;0;1;0;1;2;-25,528614;-49,298798;"SPRF-PR";"DEL01-PR";"UOP03-DEL01-PR"
350188;2021-01-16;"sábado";"19:50:00";"ES";262;6,5;"CARIACICA";"Velocidade Incompatível";"Engavetamento";"Com Vítimas Feridas";"Plena Noite";"Crescente";"Céu Claro";"Múltipla";"Reta";"Sim";3;0;2;0;1;0;2;3;-20,34007493;-40,39451305;"SPRF-ES";"DEL01-ES";"UOP01-DEL01-ES"
350189;2021-04-06;"terça-feira";"07:00:00";"SC";116;5;"MAFRA";"Acesso irregular";"Colisão transversal";"Com Vítimas Feridas";"Pleno dia";"Crescente";"Céu Claro";"Simples";"Rotatória";"Não";3;0;1;0;2;0;1;2;-26,14094396;-49,81508303;"SPRF-SC";"DEL06-SC";"UOP01-DEL06-SC"
350191;2021-04-06;"terça-feira";"08:10:00";"PE";101;70,8;"RECIFE";"Área urbana sem a presença de local apropriado para a travessia de pedestres";"Colisão traseira";"Com Vítimas Feridas";"Pleno dia";"Decrescente";"Sol";"Dupla";"Reta";"Sim";2;0;1;0;1;0;1;2;-8,075779;-34,942724;"SPRF-PE";"DEL01-PE";"UOP01-DEL01-PE"
350195;2021-04-06;"terça-feira";"07:15:00";"PE";101;64,9;"RECIFE";"Acessar a via sem observar a presença dos outros veículos";"Colisão lateral mesmo sentido";"Com Vítimas Feridas";"Pleno dia";"Crescente";"Céu Claro";"Dupla";"Reta";"Sim";3;0;3;0;0;0;3;2;-8,02521;-34,942982;"SPRF-PE";"DEL01-PE";"UOP01-DEL01-PE"
350196;2021-04-06;"terça-feira";"07:10:00";"CE";222;0;"CAUCAIA";"Velocidade Incompatível";"Colisão traseira";"Com Vítimas Feridas";"Pleno dia";"Decrescente";"Sol";"Dupla";"Rotatória";"Sim";2;0;1;0;1;0;1;2;-3,736507;-38,65337;"SPRF-CE";"DEL01-CE";"UOP01-DEL01-CE"
350200;2021-04-06;"terça-feira";"07:30:00";"SC";101;211;"PALHOCA";"Desvio temporário";"Colisão com objeto";"Com Vítimas Feridas";"Pleno dia";"Decrescente";"Nublado";"Dupla";"Reta";"Sim";2;0;1;0;1;0;1;1;-27,62329313;-48,65245588;"SPRF-SC";"DEL01-SC";"UOP02-DEL01-SC"
350201;2021-04-06;"terça-feira";"08:10:00";"GO";153;507,5;"APARECIDA DE GOIANIA";"Demais falhas mecânicas ou elétricas";"Tombamento";"Com Vítimas Feridas";"Pleno dia";"Crescente";"Nublado";"Dupla";"Reta";"Não";2;0;1;0;0;1;1;2;-16,7715;-49,2387;"SPRF-GO";"DEL01-GO";"UOP03-DEL01-GO"
350202;2021-04-05;"segunda-feira";"20:00:00";"PE";232;109,5;"BEZERROS";"Velocidade Incompatível";"Saída de leito carroçável";"Com Vítimas Feridas";"Plena Noite";"Crescente";"Nublado";"Dupla";"Curva";"Não";1;0;0;1;0;0;1;1;-8,28036785;-35,81085313;"SPRF-PE";"DEL02-PE";"UOP03-DEL02-PE"
350204;2021-04-06;"terça-feira";"07:08:00";"PR";376;653,6;"TIJUCAS DO SUL";"Velocidade Incompatível";"Saída de leito carroçável";"Com Vítimas Feridas";"Pleno dia";"Decrescente";"Garoa/Chuvisco";"Dupla";"Declive;Curva";"Não";1;0;0;1;0;0;1;1;-25,84420191;-49,0604381;"SPRF-PR";"DEL01-PR";"UOP04-DEL01-PR"
350205;2021-01-11;"segunda-feira";"13:20:00";"ES";484;97;"AFONSO CLAUDIO";"Acesso irregular";"Colisão lateral mesmo sentido";"Com Vítimas Feridas";"Pleno dia";"Crescente";"Céu Claro";"Simples";"Reta";"Sim";2;0;2;0;0;0;2;2;-20,00843853;-41,03189416;"SPRF-ES";"DEL01-ES";"UOP02-DEL01-ES"
350206;2021-02-22;"segunda-feira";"09:00:00";"PA";10;353;"SANTA MARIA DO PARA";"Condutor deixou de manter distância do veículo da frente";"Colisão traseira";"Com Vítimas Feridas";"Pleno dia";"Crescente";"Nublado";"Simples";"Reta";"Sim";2;0;1;0;1;0;1;2;-1,35646249;-47,57423141;"SPRF-PA";"DEL01-PA";"UOP02-DEL01-PA"
350207;2021-04-06;"terça-feira";"08:00:00";"RS";293;3,6;"PELOTAS";"Acessar a via sem observar a presença dos outros veículos";"Colisão traseira";"Com Vítimas Feridas";"Pleno dia";"Decrescente";"Céu Claro";"Simples";"Interseção de Vias";"Sim";2;0;1;0;1;0;1;2;-31,74064113;-52,36443631;"SPRF-RS";"DEL07-RS";"UOP01-DEL07-RS"
350210;2021-04-06;"terça-feira";"09:50:00";"ES";101;265,7;"SERRA";"Manobra de mudança de faixa";"Colisão lateral mesmo sentido";"Com Vítimas Feridas";"Pleno dia";"Crescente";"Sol";"Múltipla";"Reta";"Não";2;0;1;0;1;0;1;2;-20,1816849;-40,26536036;"SPRF-ES";"DEL02-ES";"UOP01-DEL02-ES"
350211;2021-04-06;"terça-feira";"09:55:00";"PR";469;12,7;"FOZ DO IGUACU";"Ausência de reação do condutor";"Queda de ocupante de veículo";"Com Vítimas Feridas";"Pleno dia";"Decrescente";"Nublado";"Simples";"Retorno Regulamentado;Aclive;Em Obras";"Sim";1;0;1;0;0;0;1;1;-25,574445;-54,550742;"SPRF-PR";"DEL05-PR";"UOP04-DEL05-PR"
350212;2021-04-06;"terça-feira";"10:00:00";"RS";116;151;"CAXIAS DO SUL";"Avarias e/ou desgaste excessivo no pneu";"Tombamento";"Com Vítimas Feridas";"Pleno dia";"Crescente";"Céu Claro";"Dupla";"Curva";"Sim";2;0;2;0;0;0;2;1;-29,18202975;-51,16626835;"SPRF-RS";"DEL05-RS";"UOP01-DEL05-RS"
350213;2021-03-31;"quarta-feira";"05:10:00";"PA";163;999;"SANTAREM";"Transitar na contramão";"Colisão frontal";"Sem Vítimas";"Plena Noite";"Decrescente";"Céu Claro";"Simples";"Reta";"Sim";2;0;0;0;2;0;0;2;-2,48200297;-54,73142511;"SPRF-PA";"DEL05-PA";"UOP01-DEL05-PA"
350214;2021-04-06;"terça-feira";"10:45:00";"SC";101;209;"SAO JOSE";"Manobra de mudança de faixa";"Colisão lateral mesmo sentido";"Com Vítimas Feridas";"Pleno dia";"Decrescente";"Nublado";"Múltipla";"Reta";"Não";2;0;0;1;1;0;1;2;-27,61000542;-48,63895057;"SPRF-SC";"DEL01-SC";"UOP01-DEL01-SC"
350216;2021-04-06;"terça-feira";"07:40:00";"MG";381;942,7;"EXTREMA";"Pista esburacada";"Tombamento";"Com Vítimas Feridas";"Pleno dia";"Decrescente";"Chuva";"Dupla";"Curva";"Não";1;0;0;1;0;0;1;1;-22,86605937;-46,34940386;"SPRF-MG";"DEL16-MG";"UOP03-DEL16-MG"
350217;2021-04-06;"terça-feira";"10:35:00";"RS";470;243,9;"BARAO";"Conversão proibida";"Colisão transversal";"Com Vítimas Feridas";"Pleno dia";"Crescente";"Céu Claro";"Simples";"Reta";"Sim";2;0;1;0;1;0;1;2;-29,37509783;-51,50086999;"SPRF-RS";"DEL06-RS";"UOP01-DEL06-RS"
350218;2021-04-06;"terça-feira";"09:50:00";"RJ";101;395;"ITAGUAI";"Demais falhas mecânicas ou elétricas";"Capotamento";"Com Vítimas Feridas";"Pleno dia";"Crescente";"Céu Claro";"Dupla";"Reta";"Não";2;0;2;0;0;0;2;1;-22,88237391;-43,72205597;"SPRF-RJ";"DEL03-RJ";"UOP01-DEL03-RJ"
350219;2021-04-06;"terça-feira";"09:00:00";"RJ";116;168;"SAO JOAO DE MERITI";"Condutor deixou de manter distância do veículo da frente";"Colisão traseira";"Com Vítimas Feridas";"Pleno dia";"Decrescente";"Céu Claro";"Dupla";"Reta";"Sim";2;0;1;0;1;0;1;2;-22,79385286;-43,36530089;"SPRF-RJ";"DEL01-RJ";"UOP01-DEL01-RJ"
350220;2021-01-09;"sábado";"17:45:00";"SP";153;274,5;"OCAUCU";"Afundamento ou ondulação no pavimento";"Tombamento";"Com Vítimas Feridas";"Pleno dia";"Decrescente";"Céu Claro";"Simples";"Curva";"Não";2;0;1;0;0;1;1;2;-22,37219533;-49,87033316;"SPRF-SP";"DEL07-SP";"UOP02-DEL07-SP"
350226;2021-04-06;"terça-feira";"10:50:00";"RJ";101;316;"SAO GONCALO";"Ausência de reação do condutor";"Colisão traseira";"Com Vítimas Feridas";"Pleno dia";"Crescente";"Céu Claro";"Dupla";"Reta";"Sim";5;0;1;0;4;0;1;2;-22,82835879;-43,09208739;"SPRF-RJ";"DEL02-RJ";"UOP02-DEL02-RJ"
350228;2021-04-06;"terça-feira";"12:30:00";"PR";277;2;"PARANAGUA";"Acessar a via sem observar a presença dos outros veículos";"Colisão transversal";"Com Vítimas Feridas";"Pleno dia";"Crescente";"Céu Claro";"Dupla";"Reta";"Sim";2;0;1;0;1;0;1;2;-25,568198;-48,615292;"SPRF-PR";"DEL01-PR";"UOP05-DEL01-PR"
350231;2021-04-06;"terça-feira";"12:30:00";"PB";230;7;"CABEDELO";"Ausência de reação do condutor";"Colisão traseira";"Com Vítimas Feridas";"Pleno dia";"Crescente";"Céu Claro";"Dupla";"Reta";"Sim";2;0;0;1;0;1;1;2;-7,026;-34,8385;"SPRF-PB";"DEL01-PB";"UOP01-DEL01-PB"
350232;2021-04-06;"terça-feira";"08:30:00";"ES";262;63,9;"MARECHAL FLORIANO";"Manobra de mudança de faixa";"Colisão lateral mesmo sentido";"Com Vítimas Feridas";"Pleno dia";"Decrescente";"Céu Claro";"Simples";"Curva";"Não";3;0;0;2;0;1;2;2;-20,42077468;-40,80814348;"SPRF-ES";"DEL01-ES";"UOP02-DEL01-ES"
350233;2021-04-06;"terça-feira";"12:53:00";"GO";60;13;"SANTO ANTONIO DO DESCOBERTO";"Condutor deixou de manter distância do veículo da frente";"Colisão traseira";"Com Vítimas Feridas";"Pleno dia";"Decrescente";"Sol";"Dupla";"Reta;Aclive";"Não";3;0;0;1;2;0;1;2;-16,11447874;-48,33620442;"SPRF-DF";"DEL03-DF";"UOP01-DEL03-DF"
350234;2021-03-03;"quarta-feira";"07:40:00";"MG";381;483,4;"BETIM";"Reação tardia ou ineficiente do condutor";"Colisão traseira";"Sem Vítimas";"Pleno dia";"Crescente";"Céu Claro";"Múltipla";"Reta";"Sim";3;0;0;0;2;1;0;3;-19,96044136;-44,0871048;"SPRF-MG";"DEL01-MG";"UOP03-DEL01-MG"
350235;2021-04-06;"terça-feira";"12:00:00";"MA";10;256,7;"IMPERATRIZ";"Condutor deixou de manter distância do veículo da frente";"Colisão lateral mesmo sentido";"Com Vítimas Feridas";"Pleno dia";"Crescente";"Céu Claro";"Simples";"Reta";"Sim";3;0;2;0;1;0;2;3;-5,500105;-47,471885;"SPRF-MA";"DEL04-MA";"UOP01-DEL04-MA"
350239;2021-04-06;"terça-feira";"11:00:00";"MA";135;23,1;"SAO LUIS";"Desrespeitar a preferência no cruzamento";"Colisão transversal";"Com Vítimas Feridas";"Pleno dia";"Decrescente";"Céu Claro";"Dupla";"Rotatória";"Sim";2;0;1;0;1;0;1;2;-2,55111273;-44,30689758;"SPRF-MA";"DEL01-MA";"UOP01-DEL01-MA"
350240;2021-04-06;"terça-feira";"13:20:00";"PR";116;15;"CAMPINA GRANDE DO SUL";"Reação tardia ou ineficiente do condutor";"Saída de leito carroçável";"Com Vítimas Feridas";"Pleno dia";"Crescente";"Garoa/Chuvisco";"Dupla";"Curva";"Não";3;0;1;0;2;0;1;1;-25,09832756;-48,68266005;"SPRF-PR";"DEL01-PR";"UOP02-DEL01-PR"
350242;2021-03-21;"domingo";"19:50:00";"GO";153;440,7;"ANAPOLIS";"Reação tardia ou ineficiente do condutor";"Tombamento";"Com Vítimas Fatais";"Plena Noite";"Crescente";"Céu Claro";"Dupla";"Reta";"Sim";1;1;0;0;0;0;0;1;-16,31974818;-48,92204404;"SPRF-GO";"DEL02-GO";"UOP01-DEL02-GO"
350243;2021-04-06;"terça-feira";"12:55:00";"PR";277;725,3;"FOZ DO IGUACU";"Acumulo de óleo sobre o pavimento";"Colisão com objeto";"Sem Vítimas";"Pleno dia";"Decrescente";"Sol";"Dupla";"Viaduto";"Sim";1;0;0;0;1;0;0;1;-25,50823541;-54,54619865;"SPRF-PR";"DEL05-PR";"UOP03-DEL05-PR"
350244;2021-04-06;"terça-feira";"13:00:00";"PR";277;725,6;"FOZ DO IGUACU";"Acumulo de óleo sobre o pavimento";"Queda de ocupante de veículo";"Com Vítimas Feridas";"Pleno dia";"Decrescente";"Sol";"Dupla";"Viaduto;Curva";"Não";1;0;1;0;0;0;1;1;-25,51111204;-54,55014467;"SPRF-PR";"DEL05-PR";"UOP03-DEL05-PR"