"id";"data_inversa";"dia_semana";"horario";"uf";"br";"km";"municipio";"causa_acidente";"tipo_acidente";"classificacao_acidente";"fase_dia";"sentido_via";"condicao_metereologica";"tipo_pista";"tracado_via";"uso_solo";"pessoas";"mortos";"feridos_leves";"feridos_graves";"ilesos";"ignorados";"feridos";"veiculos";"latitude";"longitude";"regional";"delegacia";"uop"
350246;2021-04-04;"domingo";"17:40:00";"PA";308;171;"TRACUATEUA";"Condutor deixou de manter distância do veículo da frente";"Colisão traseira";"Sem Vítimas";"Anoitecer";"Decrescente";"Nublado";"Simples";"Reta";"Sim";4;0;0;0;2;2;0;3;-1,18459831;-47,00973118;"SPRF-PA";"DEL01-PA";"UOP03-DEL01-PA"
350247;2021-04-06;"terça-feira";"14:00:00";"PE";232;134;"CARUARU";"Acessar a via sem observar a presença dos outros veículos";"Colisão transversal";"Com Vítimas Feridas";"Pleno dia";"Crescente";"Céu Claro";"Dupla";"Reta";"Não";3;0;0;2;1;0;2;2;-8,30853497;-36,02442101;"SPRF-PE";"DEL02-PE";"UOP03-DEL02-PE"
350248;2021-04-06;"terça-feira";"07:30:00";"MT";364;394;"CUIABA";"Avarias e/ou desgaste excessivo no pneu";"Queda de ocupante de veículo";"Com Vítimas Feridas";"Pleno dia";"Decrescente";"Céu Claro";"Dupla";"Reta";"Não";2;0;1;0;0;1;1;1;-15,67933627;-55,93011087;"SPRF-MT";"DEL01-MT";"UOP02-DEL01-MT"
350249;2021-03-05;"sexta-feira";"19:00:00";"PR";277;96;"CURITIBA";"Ultrapassagem Indevida";"Colisão frontal";"Com Vítimas Feridas";"Plena Noite";"Crescente";"Nublado";"Simples";"Aclive";"Sim";2;0;1;0;1;0;1;2;-25,54577186;-49,29537197;"SPRF-PR";"DEL01-PR";"UOP01-DEL01-PR"
350252;2021-04-06;"terça-feira";"12:00:00";"MT";158;568;"AGUA BOA";"Acessar a via sem observar a presença dos outros veículos";"Colisão lateral mesmo sentido";"Com Vítimas Feridas";"Pleno dia";"Decrescente";"Nublado";"Dupla";"Rotatória";"Sim";2;0;1;0;1;0;1;2;-14,05532387;-52,15470871;"SPRF-MT";"DEL07-MT";"UOP02-DEL07-MT"
350253;2021-04-06;"terça-feira";"13:30:00";"SP";116;512;"CAJATI";"Pista Escorregadia";"Colisão com objeto";"Com Vítimas Feridas";"Pleno dia";"Decrescente";"Chuva";"Dupla";"Curva";"Não";3;0;1;0;2;0;1;1;-24,84304306;-48,22027915;"SPRF-SP";"DEL05-SP";"UOP02-DEL05-SP"
350258;2021-04-06;"terça-feira";"14:55:00";"SE";235;6;"NOSSA SENHORA DO SOCORRO";"Condutor deixou de manter distância do veículo da frente";"Colisão traseira";"Com Vítimas Feridas";"Pleno dia";"Crescente";"Céu Claro";"Dupla";"Reta";"Sim";2;0;0;1;1;0;1;2;-10,903851;-37,128677;"SPRF-SE";"DEL01-SE";"UOP01-DEL01-SE"
350259;2021-04-06;"terça-feira";"15:43:00";"SC";101;118,2;"ITAJAI";"Mal súbito do condutor";"Tombamento";"Com Vítimas Feridas";"Pleno dia";"Crescente";"Céu Claro";"Dupla";"Reta";"Sim";1;0;1;0;0;0;1;1;-26,895859;-48,71903;"SPRF-SC";"DEL04-SC";"UOP04-DEL04-SC"
350261;2021-04-06;"terça-feira";"16:30:00";"SP";116;385,2;"MIRACATU";"Acumulo de água sobre o pavimento";"Tombamento";"Com Vítimas Feridas";"Pleno dia";"Decrescente";"Chuva";"Dupla";"Reta";"Não";2;0;1;0;1;0;1;1;-24,25807685;-47,37639427;"SPRF-SP";"DEL04-SP";"UOP02-DEL04-SP"
350262;2021-04-06;"terça-feira";"16:25:00";"ES";101;61,7;"SAO MATEUS";"Acesso irregular";"Colisão lateral mesmo sentido";"Com Vítimas Feridas";"Pleno dia";"Decrescente";"Céu Claro";"Simples";"Curva";"Sim";3;0;1;1;1;0;2;2;-18,68153217;-39,86364755;"SPRF-ES";"DEL04-ES";"UOP02-DEL04-ES"
350263;2021-04-06;"terça-feira";"16:40:00";"SP";381;89;"GUARULHOS";"Manobra de mudança de faixa";"Tombamento";"Com Vítimas Feridas";"Pleno dia";"Crescente";"Céu Claro";"Dupla";"Reta";"Sim";1;0;0;1;0;0;1;1;-23,47741766;-46,56040192;"SPRF-SP";"DEL03-SP";"UOP01-DEL03-SP"
350264;2021-04-06;"terça-feira";"15:45:00";"CE";116;3;"FORTALEZA";"Ausência de reação do condutor";"Colisão lateral mesmo sentido";"Com Vítimas Feridas";"Pleno dia";"Crescente";"Céu Claro";"Múltipla";"Declive;Viaduto;Curva";"Sim";2;0;1;0;1;0;1;2;-3,77866493;-38,51490171;"SPRF-CE";"DEL01-CE";"UOP02-DEL01-CE"
350265;2021-04-06;"terça-feira";"15:50:00";"MG";262;362;"JUATUBA";"Ausência de reação do condutor";"Colisão traseira";"Com Vítimas Feridas";"Pleno dia";"Crescente";"Céu Claro";"Simples";"Curva";"Sim";3;0;2;0;1;0;2;2;-19,97078289;-44,28668328;"SPRF-MG";"DEL01-MG";"UOP03-DEL01-MG"
350266;2021-04-06;"terça-feira";"15:55:00";"MG";116;414;"GOVERNADOR VALADARES";"Condutor deixou de manter distância do veículo da frente";"Colisão lateral mesmo sentido";"Com Vítimas Feridas";"Pleno dia";"Crescente";"Céu Claro";"Simples";"Curva";"Sim";2;0;1;0;1;0;1;2;-18,88102703;-41,95910802;"SPRF-MG";"DEL06-MG";"UOP01-DEL06-MG"
350267;2021-04-06;"terça-feira";"16:40:00";"ES";262;6;"CARIACICA";"Transitar na contramão";"Colisão frontal";"Com Vítimas Feridas";"Pleno dia";"Crescente";"Sol";"Múltipla";"Interseção de Vias";"Sim";2;0;1;0;1;0;1;2;-20,34007493;-40,39451305;"SPRF-ES";"DEL01-ES";"UOP01-DEL01-ES"
350268;2021-04-06;"terça-feira";"15:25:00";"RJ";101;322;"NITEROI";"Manobra de mudança de faixa";"Colisão lateral mesmo sentido";"Com Vítimas Feridas";"Pleno dia";"Decrescente";"Nublado";"Dupla";"Ponte";"Sim";4;0;1;0;3;0;1;2;-22,87752943;-43,11625242;"SPRF-RJ";"DEL02-RJ";"UOP02-DEL02-RJ"
350269;2021-04-06;"terça-feira";"10:30:00";"GO";70;305,3;"ITAPIRAPUA";"Ultrapassagem Indevida";"Saída de leito carroçável";"Com Vítimas Feridas";"Pleno dia";"Crescente";"Céu Claro";"Simples";"Reta";"Não";1;0;1;0;0;0;1;1;-15,86335;-50,783383;"SPRF-GO";"DEL04-GO";"UOP01-DEL04-GO"
350273;2021-04-06;"terça-feira";"16:40:00";"DF";60;30,1;"BRASILIA";"Acessar a via sem observar a presença dos outros veículos";"Colisão transversal";"Com Vítimas Feridas";"Pleno dia";"Crescente";"Nublado";"Dupla";"Aclive;Curva";"Sim";3;0;1;0;2;0;1;2;-16,03854;-48,255955;"SPRF-DF";"DEL03-DF";"UOP01-DEL03-DF"
350276;2021-04-06;"terça-feira";"17:00:00";"AP";210;5;"MACAPA";"Desrespeitar a preferência no cruzamento";"Colisão traseira";"Com Vítimas Feridas";"Pleno dia";"Decrescente";"Céu Claro";"Múltipla";"Interseção de Vias";"Sim";2;0;1;0;1;0;1;2;0,09055062;-51,10349413;"SPRF-AP";"DEL01-AP";"UOP01-DEL01-AP"
350278;2021-03-29;"segunda-feira";"09:30:00";"AL";316;244;"ATALAIA";"Acessar a via sem observar a presença dos outros veículos";"Colisão transversal";"Sem Vítimas";"Pleno dia";"Decrescente";"Céu Claro";"Dupla";"Interseção de Vias";"Sim";2;0;0;0;2;0;0;2;-9,51022028;-36,00471385;"SPRF-AL";"DEL01-AL";"UOP01-DEL01-AL"
350280;2021-02-25;"quinta-feira";"07:25:00";"GO";153;434;"ANAPOLIS";"Velocidade Incompatível";"Queda de ocupante de veículo";"Com Vítimas Feridas";"Pleno dia";"Crescente";"Céu Claro";"Dupla";"Reta";"Sim";1;0;0;1;0;0;1;1;-16,275604;-48,967766;"SPRF-GO";"DEL02-GO";"UOP01-DEL02-GO"
350281;2021-04-06;"terça-feira";"16:15:00";"PR";369;163;"CAMBE";"Manobra de mudança de faixa";"Saída de leito carroçável";"Com Vítimas Feridas";"Anoitecer";"Crescente";"Céu Claro";"Dupla";"Reta";"Não";1;0;1;0;0;0;1;1;-23,29589022;-51,2842977;"SPRF-PR";"DEL07-PR";"UOP01-DEL07-PR"
350282;2021-04-06;"terça-feira";"16:00:00";"GO";60;390,2;"RIO VERDE";"Transitar no acostamento";"Colisão frontal";"Com Vítimas Feridas";"Pleno dia";"Crescente";"Céu Claro";"Dupla";"Curva";"Sim";3;0;0;1;1;1;1;3;-17,82391;-50,953888;"SPRF-GO";"DEL04-GO";"UOP01-DEL04-GO"
350283;2021-04-06;"terça-feira";"16:00:00";"BA";101;906;"CARAVELAS";"Pista esburacada";"Capotamento";"Com Vítimas Feridas";"Pleno dia";"Crescente";"Céu Claro";"Simples";"Reta";"Não";5;0;2;3;0;0;5;1;-17,7558801;-39,76810455;"SPRF-BA";"DEL09-BA";"UOP02-DEL09-BA"
350284;2021-04-06;"terça-feira";"17:28:00";"SC";101;205,2;"SAO JOSE";"Velocidade Incompatível";"Colisão traseira";"Com Vítimas Feridas";"Anoitecer";"Crescente";"Nublado";"Dupla";"Reta";"Sim";2;0;0;1;1;0;1;2;-27,58313237;-48,61532885;"SPRF-SC";"DEL01-SC";"UOP01-DEL01-SC"
350288;2021-04-06;"terça-feira";"17:50:00";"SC";280;74,4;"JARAGUA DO SUL";"Acessar a via sem observar a presença dos outros veículos";"Colisão transversal";"Com Vítimas Feridas";"Pleno dia";"Crescente";"Céu Claro";"Simples";"Rotatória";"Sim";2;0;1;0;1;0;1;2;-26,45877322;-49,16147801;"SPRF-SC";"DEL03-SC";"UOP03-DEL03-SC"
350289;2021-04-06;"terça-feira";"17:25:00";"SC";280;23,9;"ARAQUARI";"Trafegar com motocicleta (ou similar) entre as faixas";"Colisão frontal";"Com Vítimas Feridas";"Pleno dia";"Crescente";"Garoa/Chuvisco";"Simples";"Interseção de Vias;Reta";"Sim";3;0;1;0;2;0;1;2;-26,37146;-48,711887;"SPRF-SC";"DEL03-SC";"UOP03-DEL03-SC"
350291;2021-04-06;"terça-feira";"15:00:00";"SC";101;6;"GARUVA";"Reação tardia ou ineficiente do condutor";"Tombamento";"Com Vítimas Feridas";"Pleno dia";"Crescente";"Nublado";"Simples";"Curva";"Sim";1;0;1;0;0;0;1;1;-26,02692002;-48,86142017;"SPRF-SC";"DEL03-SC";"UOP01-DEL03-SC"
350292;2021-04-06;"terça-feira";"18:00:00";"BA";324;519,7;"FEIRA DE SANTANA";"Pista esburacada";"Queda de ocupante de veículo";"Com Vítimas Feridas";"Anoitecer";"Decrescente";"Céu Claro";"Dupla";"Reta";"Sim";1;0;1;0;0;0;1;1;-12,280692;-38,924123;"SPRF-BA";"DEL01-BA";"UOP03-DEL01-BA"
350294;2021-04-06;"terça-feira";"18:05:00";"PR";116;108;"CURITIBA";"Condutor deixou de manter distância do veículo da frente";"Colisão traseira";"Com Vítimas Feridas";"Pleno dia";"Crescente";"Nublado";"Dupla";"Reta";"Não";2;0;1;0;1;0;1;2;-25,57147018;-49,19760597;"SPRF-PR";"DEL01-PR";"UOP01-DEL01-PR"
350296;2021-04-06;"terça-feira";"18:00:00";"PR";277;702;"SAO MIGUEL DO IGUACU";"Ausência de reação do condutor";"Saída de leito carroçável";"Com Vítimas Feridas";"Pleno dia";"Decrescente";"Céu Claro";"Dupla";"Reta";"Não";1;0;1;0;0;0;1;1;-25,41563081;-54,34484511;"SPRF-PR";"DEL05-PR";"UOP01-DEL05-PR"
350297;2021-04-06;"terça-feira";"18:10:00";"SP";116;225;"GUARULHOS";"Manobra de mudança de faixa";"Tombamento";"Com Vítimas Feridas";"Plena Noite";"Decrescente";"Chuva";"Múltipla";"Reta";"Sim";1;0;1;0;0;0;1;1;-23,48586772;-46,54075317;"SPRF-SP";"DEL01-SP";"UOP01-DEL01-SP"
350298;2021-04-06;"terça-feira";"18:30:00";"SP";116;162;"JACAREI";"Manobra de mudança de faixa";"Colisão lateral mesmo sentido";"Com Vítimas Feridas";"Plena Noite";"Decrescente";"Chuva";"Dupla";"Reta";"Não";1;0;1;0;0;0;1;1;-23,28133317;-45,98394689;"SPRF-SP";"DEL02-SP";"UOP01-DEL02-SP"
350300;2021-04-06;"terça-feira";"18:09:00";"RN";101;75,2;"NATAL";"Animais na Pista";"Atropelamento de Animal";"Com Vítimas Feridas";"Plena Noite";"Decrescente";"Céu Claro";"Dupla";"Curva";"Não";1;0;0;1;0;0;1;1;-5,721906;-35,27672;"SPRF-RN";"DEL02-RN";"UOP01-DEL02-RN"
350304;2021-04-06;"terça-feira";"18:00:00";"RJ";40;7;"COMENDADOR LEVY GASPARIAN";"Desrespeitar a preferência no cruzamento";"Colisão transversal";"Com Vítimas Feridas";"Anoitecer";"Crescente";"Nublado";"Simples";"Reta";"Sim";2;0;0;1;1;0;1;2;-22,03172956;-43,2244336;"SPRF-RJ";"DEL05-RJ";"UOP02-DEL05-RJ"
350305;2021-04-06;"terça-feira";"17:09:00";"PR";376;249,6;"APUCARANA";"Demais falhas mecânicas ou elétricas";"Colisão com objeto";"Com Vítimas Feridas";"Pleno dia";"Crescente";"Céu Claro";"Simples";"Curva";"Não";1;0;1;0;0;0;1;1;-23,62524965;-51,37962593;"SPRF-PR";"DEL07-PR";"UOP02-DEL07-PR"
350307;2021-04-06;"terça-feira";"18:50:00";"RS";158;314;"ITAARA";"Transitar na contramão";"Colisão lateral sentido oposto";"Com Vítimas Feridas";"Plena Noite";"Decrescente";"Céu Claro";"Simples";"Curva;Aclive";"Não";3;0;2;0;1;0;2;2;-29,642699;-53,758895;"SPRF-RS";"DEL09-RS";"UOP01-DEL09-RS"
350309;2021-04-06;"terça-feira";"16:30:00";"RO";0;0;"ARIQUEMES";"Pista esburacada";"Saída de leito carroçável";"Com Vítimas Feridas";"Pleno dia";"Não Informado";"Céu Claro";"Simples";"Reta";"Não";2;0;2;0;0;0;2;1;-9,92497302;-63,05491046;"SPRF-RO";"DEL03-RO";"UOP01-DEL03-RO"
350310;2021-04-06;"terça-feira";"18:40:00";"PR";376;168,2;"MARINGA";"Reação tardia ou ineficiente do condutor";"Colisão traseira";"Com Vítimas Feridas";"Anoitecer";"Decrescente";"Céu Claro";"Dupla";"Reta";"Não";3;0;2;0;1;0;2;2;-23,409788;-51,987453;"SPRF-PR";"DEL09-PR";"UOP01-DEL09-PR"
350311;2021-04-06;"terça-feira";"18:38:00";"RS";470;213;"BENTO GONCALVES";"Acessar a via sem observar a presença dos outros veículos";"Colisão transversal";"Com Vítimas Feridas";"Anoitecer";"Decrescente";"Céu Claro";"Simples";"Reta";"Não";2;0;1;0;1;0;1;2;-29,138703;-51,542708;"SPRF-RS";"DEL06-RS";"UOP01-DEL06-RS"
350312;2021-04-06;"terça-feira";"18:50:00";"BA";324;531,5;"FEIRA DE SANTANA";"Manobra de mudança de faixa";"Colisão com objeto";"Com Vítimas Feridas";"Plena Noite";"Decrescente";"Céu Claro";"Dupla";"Curva";"Sim";1;0;1;0;0;0;1;1;-12,33362408;-38,85454306;"SPRF-BA";"DEL01-BA";"UOP03-DEL01-BA"
350313;2021-04-06;"terça-feira";"18:10:00";"GO";40;1;"VALPARAISO DE GOIAS";"Velocidade Incompatível";"Queda de ocupante de veículo";"Com Vítimas Feridas";"Plena Noite";"Crescente";"Chuva";"Dupla";"Reta";"Sim";4;0;2;0;2;0;2;2;-16,058245;-47,982825;"SPRF-DF";"DEL01-DF";"UOP01-DEL01-DF"
350314;2021-04-06;"terça-feira";"17:10:00";"CE";20;418;"MARACANAU";"Ingestão de álcool pelo condutor";"Colisão traseira";"Sem Vítimas";"Plena Noite";"Decrescente";"Céu Claro";"Dupla";"Reta";"Sim";2;0;0;0;2;0;0;2;-3,76999035;-38,67006282;"SPRF-CE";"DEL01-CE";"UOP02-DEL01-CE"
350318;2021-04-06;"terça-feira";"18:15:00";"SC";101;46;"JOINVILLE";"Demais falhas mecânicas ou elétricas";"Incêndio";"Sem Vítimas";"Plena Noite";"Crescente";"Chuva";"Dupla";"Interseção de Vias";"Sim";1;0;0;0;1;0;0;1;-26,33150083;-48,86187762;"SPRF-SC";"DEL03-SC";"UOP01-DEL03-SC"
350319;2021-04-06;"terça-feira";"19:30:00";"RJ";101;397;"ITAGUAI";"Chuva";"Capotamento";"Com Vítimas Feridas";"Plena Noite";"Decrescente";"Chuva";"Dupla";"Reta";"Não";2;0;2;0;0;0;2;1;-22,87460977;-43,7406698;"SPRF-RJ";"DEL03-RJ";"UOP01-DEL03-RJ"
350321;2021-04-02;"sexta-feira";"19:31:00";"GO";40;3;"VALPARAISO DE GOIAS";"Condutor deixou de manter distância do veículo da frente";"Colisão traseira";"Com Vítimas Feridas";"Plena Noite";"Crescente";"Céu Claro";"Dupla";"Reta";"Sim";7;0;5;0;2;0;5;2;-16,076081;-47,985671;"SPRF-DF";"DEL01-DF";"UOP01-DEL01-DF"
350322;2021-04-06;"terça-feira";"11:00:00";"RJ";101;394,7;"RIO DE JANEIRO";"Condutor deixou de manter distância do veículo da frente";"Colisão traseira";"Sem Vítimas";"Pleno dia";"Crescente";"Céu Claro";"Dupla";"Reta";"Não";2;0;0;0;2;0;0;2;-22,883404;-43,719386;"SPRF-RJ";"DEL03-RJ";"UOP01-DEL03-RJ"
350325;2021-04-06;"terça-feira";"19:40:00";"ES";101;331,5;"GUARAPARI";"Entrada inopinada do pedestre";"Atropelamento de Pedestre";"Com Vítimas Fatais";"Plena Noite";"Decrescente";"Nublado";"Dupla";"Reta";"Não";3;1;0;0;1;1;0;2;-20,59824044;-40,50266504;"SPRF-ES";"DEL03-ES";"UOP01-DEL03-ES"
350327;2021-04-06;"terça-feira";"13:20:00";"MT";163;530;"DIAMANTINO";"Chuva";"Tombamento";"Sem Vítimas";"Plena Noite";"Crescente";"Chuva";"Simples";"Reta";"Não";1;0;0;0;1;0;0;1;-14,45712086;-56,14220112;"SPRF-MT";"DEL01-MT";"UOP01-DEL01-MT"
350328;2021-04-06;"terça-feira";"19:10:00";"ES";101;263,3;"SERRA";"Reação tardia ou ineficiente do condutor";"Colisão traseira";"Com Vítimas Feridas";"Pleno dia";"Decrescente";"Céu Claro";"Múltipla";"Declive;Reta";"Sim";2;0;1;0;0;1;1;2;-20,16554736;-40,27301648;"SPRF-ES";"DEL02-ES";"UOP01-DEL02-ES"
350329;2021-04-06;"terça-feira";"19:50:00";"GO";50;280,6;"CATALAO";"Acessar a via sem observar a presença dos outros veículos";"Colisão transversal";"Com Vítimas Feridas";"Plena Noite";"Crescente";"Chuva";"Simples";"Reta";"Sim";3;0;2;0;1;0;2;2;-18,1784;-47,9362;"SPRF-GO";"DEL06-GO";"UOP01-DEL06-GO"
350330;2021-04-06;"terça-feira";"18:20:00";"RR";174;513;"BOA VISTA";"Iluminação deficiente";"Colisão traseira";"Sem Vítimas";"Plena Noite";"Crescente";"Chuva";"Simples";"Reta";"Não";6;0;0;0;6;0;0;2;2,88055;-60,698753;"SPRF-RR";"DEL01-RR";"UOP01-DEL01-RR"
350331;2021-04-06;"terça-feira";"20:20:00";"MG";381;482,9;"BETIM";"Velocidade Incompatível";"Colisão com objeto";"Com Vítimas Feridas";"Plena Noite";"Decrescente";"Chuva";"Dupla";"Curva;Aclive";"Sim";1;0;0;1;0;0;1;1;-19,9575975;-44,0791739;"SPRF-MG";"DEL01-MG";"UOP03-DEL01-MG"
350332;2021-04-06;"terça-feira";"18:45:00";"GO";153;698;"ITUMBIARA";"Velocidade Incompatível";"Colisão frontal";"Com Vítimas Feridas";"Anoitecer";"Crescente";"Nublado";"Múltipla";"Reta";"Sim";3;0;3;0;0;0;3;2;-18,3777;-49,2106;"SPRF-GO";"DEL03-GO";"UOP02-DEL03-GO"
350334;2021-04-06;"terça-feira";"20:00:00";"PR";277;598,1;"CASCAVEL";"Avarias e/ou desgaste excessivo no pneu";"Saída de leito carroçável";"Com Vítimas Feridas";"Plena Noite";"Decrescente";"Céu Claro";"Dupla";"Reta";"Sim";1;0;1;0;0;0;1;1;-24,99599861;-53,51520034;"SPRF-PR";"DEL04-PR";"UOP01-DEL04-PR"
350335;2021-04-06;"terça-feira";"20:00:00";"MG";40;446;"PARAOPEBA";"Condutor Dormindo";"Saída de leito carroçável";"Com Vítimas Feridas";"Plena Noite";"Decrescente";"Céu Claro";"Dupla";"Curva";"Não";2;0;1;0;1;0;1;1;-19,28815;-44,392;"SPRF-MG";"DEL02-MG";"UOP01-DEL02-MG"
350336;2021-04-06;"terça-feira";"20:00:00";"GO";70;2,9;"AGUAS LINDAS DE GOIAS";"Manobra de mudança de faixa";"Saída de leito carroçável";"Com Vítimas Feridas";"Plena Noite";"Crescente";"Céu Claro";"Dupla";"Reta";"Sim";2;0;0;1;1;0;1;2;-15,76396418;-48,23169708;"SPRF-DF";"DEL03-DF";"UOP02-DEL03-DF"
350338;2021-04-06;"terça-feira";"19:15:00";"MA";135;2;"SAO LUIS";"Demais falhas na via";"Queda de ocupante de veículo";"Com Vítimas Feridas";"Plena Noite";"Crescente";"Céu Claro";"Dupla";"Reta";"Não";2;0;2;0;0;0;2;1;-2,59806699;-44,24573511;"SPRF-MA";"DEL01-MA";"UOP01-DEL01-MA"
350339;2021-04-06;"terça-feira";"18:25:00";"PE";101;58,2;"RECIFE";"Trafegar com motocicleta (ou similar) entre as faixas";"Colisão lateral mesmo sentido";"Com Vítimas Feridas";"Anoitecer";"Decrescente";"Céu Claro";"Dupla";"Reta";"Sim";3;0;2;0;1;0;2;3;-7,97063209;-34,92064675;"SPRF-PE";"DEL01-PE";"UOP02-DEL01-PE"
350340;2021-04-06;"terça-feira";"20:10:00";"MT";163;847,7;"SINOP";"Pedestre andava na pista";"Atropelamento de Pedestre";"Com Vítimas Fatais";"Plena Noite";"Crescente";"Céu Claro";"Simples";"Reta";"Sim";6;1;0;0;5;0;0;2;-11,7704179;-55,471403;"SPRF-MT";"DEL06-MT";"NPF/DEL06-MT"
350341;2021-04-06;"terça-feira";"20:20:00";"GO";153;520;"HIDROLANDIA";"Acessar a via sem observar a presença dos outros veículos";"Colisão traseira";"Com Vítimas Feridas";"Plena Noite";"Decrescente";"Nublado";"Dupla";"Declive";"Não";2;0;1;0;1;0;1;2;-16,8847;-49,254;"SPRF-GO";"DEL01-GO";"UOP03-DEL01-GO"
350342;2021-04-06;"terça-feira";"20:00:00";"MT";163;666;"LUCAS DO RIO VERDE";"Avarias e/ou desgaste excessivo no pneu";"Saída de leito carroçável";"Com Vítimas Feridas";"Plena Noite";"Crescente";"Céu Claro";"Simples";"Reta";"Não";1;0;1;0;0;0;1;1;-13,35614507;-56,06233985;"SPRF-MT";"DEL06-MT";"UOP01-DEL06-MT"
350343;2021-04-06;"terça-feira";"19:30:00";"ES";259;49;"COLATINA";"Acumulo de areia ou detritos sobre o pavimento";"Queda de ocupante de veículo";"Com Vítimas Feridas";"Plena Noite";"Crescente";"Céu Claro";"Simples";"Reta";"Sim";2;0;1;1;0;0;2;1;-19,51873313;-40,60040662;"SPRF-ES";"DEL02-ES";"UOP01-DEL02-ES"
350344;2021-04-06;"terça-feira";"20:30:00";"PI";343;34;"BURITI DOS LOPES";"Animais na Pista";"Atropelamento de Animal";"Com Vítimas Feridas";"Plena Noite";"Decrescente";"Céu Claro";"Simples";"Reta";"Não";1;0;1;0;0;0;1;1;-3,106055;-41,780022;"SPRF-PI";"DEL05-PI";"UOP01-DEL05-PI"
350346;2021-04-06;"terça-feira";"21:45:00";"RS";472;552;"URUGUAIANA";"Demais falhas na via";"Colisão com objeto";"Sem Vítimas";"Plena Noite";"Crescente";"Céu Claro";"Simples";"Ponte";"Não";2;0;0;0;2;0;0;1;-29,654466;-56,892213;"SPRF-RS";"DEL13-RS";"UOP01-DEL13-RS"
350348;2021-04-06;"terça-feira";"21:00:00";"PR";116;58;"CAMPINA GRANDE DO SUL";"Reação tardia ou ineficiente do condutor";"Saída de leito carroçável";"Sem Vítimas";"Plena Noite";"Decrescente";"Garoa/Chuvisco";"Dupla";"Curva";"Não";2;0;0;0;2;0;0;1;-25,29614033;-48,93795675;"SPRF-PR";"DEL01-PR";"UOP02-DEL01-PR"
350350;2021-04-07;"quarta-feira";"00:00:00";"RJ";101;71;"CAMPOS DOS GOYTACAZES";"Animais na Pista";"Atropelamento de Animal";"Com Vítimas Feridas";"Plena Noite";"Decrescente";"Céu Claro";"Simples";"Reta";"Não";1;0;0;1;0;0;1;1;-21,78577807;-41,38139396;"SPRF-RJ";"DEL08-RJ";"UOP02-DEL08-RJ"
350351;2021-04-07;"quarta-feira";"00:10:00";"SP";116;159;"JACAREI";"Ausência de reação do condutor";"Tombamento";"Com Vítimas Fatais";"Plena Noite";"Crescente";"Chuva";"Dupla";"Reta";"Sim";4;1;0;0;3;0;0;4;-23,26585409;-45,95983994;"SPRF-SP";"DEL02-SP";"UOP01-DEL02-SP"
350352;2021-04-07;"quarta-feira";"01:00:00";"CE";222;5;"CAUCAIA";"Ingestão de álcool pelo condutor";"Tombamento";"Com Vítimas Feridas";"Plena Noite";"Decrescente";"Céu Claro";"Dupla";"Reta";"Sim";1;0;0;1;0;0;1;1;-3,74296918;-38,61330997;"SPRF-CE";"DEL01-CE";"UOP01-DEL01-CE"
350357;2021-04-06;"terça-feira";"21:40:00";"RO";364;354;"JI-PARANA";"Ingestão de álcool pelo condutor";"Saída de leito carroçável";"Sem Vítimas";"Plena Noite";"Crescente";"Céu Claro";"Simples";"Reta";"Não";2;0;0;0;1;1;0;2;-10,81618198;-62,01768595;"SPRF-RO";"DEL02-RO";"UOP01-DEL02-RO"
350359;2021-04-07;"quarta-feira";"03:40:00";"RS";448;22;"PORTO ALEGRE";"Ingestão de álcool pelo condutor";"Colisão frontal";"Com Vítimas Feridas";"Plena Noite";"Decrescente";"Céu Claro";"Simples";"Curva;Aclive";"Sim";2;0;1;0;1;0;1;2;-29,97485824;-51,19803971;"SPRF-RS";"DEL01-RS";"UOP01-DEL01-RS"
350362;2021-04-07;"quarta-feira";"04:45:00";"MG";50;181;"UBERABA";"Animais na Pista";"Atropelamento de Animal";"Com Vítimas Feridas";"Plena Noite";"Crescente";"Céu Claro";"Dupla";"Reta";"Não";1;0;0;1;0;0;1;1;-19,785967;-47,916336;"SPRF-MG";"DEL13-MG";"UOP01-DEL13-MG"
350363;2021-04-07;"quarta-feira";"05:25:00";"SC";101;210,8;"SAO JOSE";"Condutor Dormindo";"Colisão com objeto";"Sem Vítimas";"Amanhecer";"Decrescente";"Céu Claro";"Múltipla";"Reta";"Sim";1;0;0;0;1;0;0;1;-27,6167305;-48,6457265;"SPRF-SC";"DEL01-SC";"UOP01-DEL01-SC"
350364;2021-04-07;"quarta-feira";"05:40:00";"SC";470;134,1;"RIO DO SUL";"Velocidade Incompatível";"Queda de ocupante de veículo";"Com Vítimas Feridas";"Amanhecer";"Crescente";"Nublado";"Simples";"Rotatória";"Sim";1;0;1;0;0;0;1;1;-27,181854;-49,600128;"SPRF-SC";"DEL04-SC";"UOP02-DEL04-SC"
350365;2021-04-07;"quarta-feira";"06:00:00";"GO";364;197;"JATAI";"Ingestão de álcool pelo condutor";"Queda de ocupante de veículo";"Com Vítimas Feridas";"Amanhecer";"Crescente";"Céu Claro";"Dupla";"Declive";"Não";1;0;1;0;0;0;1;1;-17,919825;-51,729782;"SPRF-GO";"DEL05-GO";"UOP01-DEL05-GO"
350366;2021-04-07;"quarta-feira";"06:10:00";"SC";282;204;"LAGES";"Velocidade Incompatível";"Colisão lateral mesmo sentido";"Sem Vítimas";"Amanhecer";"Crescente";"Nublado";"Simples";"Reta";"Não";2;0;0;0;2;0;0;2;-27,768663;-50,172195;"SPRF-SC";"DEL05-SC";"UOP01-DEL05-SC"