"id";"data_inversa";"dia_semana";"horario";"uf";"br";"km";"municipio";"causa_acidente";"tipo_acidente";"classificacao_acidente";"fase_dia";"sentido_via";"condicao_metereologica";"tipo_pista";"tracado_via";"uso_solo";"pessoas";"mortos";"feridos_leves";"feridos_graves";"ilesos";"ignorados";"feridos";"veiculos";"latitude";"longitude";"regional";"delegacia";"uop"
350496;2021-04-07;"quarta-feira";"14:15:00";"MG";381;943;"EXTREMA";"Condutor deixou de manter distância do veículo da frente";"Colisão traseira";"Sem Vítimas";"Pleno dia";"Crescente";"Céu Claro";"Dupla";"Reta";"Não";3;0;0;0;1;2;0;3;-22,87018424;-46,3581479;"SPRF-MG";"DEL16-MG";"UOP03-DEL16-MG"
350497;2021-04-07;"quarta-feira";"21:00:00";"PR";476;126,2;"CURITIBA";"Condutor deixou de manter distância do veículo da frente";"Colisão traseira";"Com Vítimas Feridas";"Plena Noite";"Decrescente";"Céu Claro";"Múltipla";"Reta";"Sim";2;0;1;0;1;0;1;2;-25,416758;-49,223446;"SPRF-PR";"DEL01-PR";"UOP03-DEL01-PR"
350498;2021-04-07;"quarta-feira";"21:10:00";"RJ";101;266;"RIO BONITO";"Mal súbito do condutor";"Saída de leito carroçável";"Sem Vítimas";"Plena Noite";"Crescente";"Ignorado";"Dupla";"Curva";"Não";1;0;0;0;1;0;0;1;-22,70861445;-42,65178735;"SPRF-RJ";"DEL02-RJ";"UOP03-DEL02-RJ"
350500;2021-04-07;"quarta-feira";"21:30:00";"PR";116;122;"CURITIBA";"Avarias e/ou desgaste excessivo no pneu";"Capotamento";"Com Vítimas Feridas";"Plena Noite";"Decrescente";"Garoa/Chuvisco";"Dupla";"Curva";"Não";2;0;1;0;1;0;1;1;-25,607945;-49,319086;"SPRF-PR";"DEL01-PR";"UOP03-DEL01-PR"
350501;2021-04-07;"quarta-feira";"20:40:00";"AM";319;20,4;"CAREIRO DA VARZEA";"Pedestre andava na pista";"Atropelamento de Pedestre";"Com Vítimas Fatais";"Plena Noite";"Crescente";"Céu Claro";"Simples";"Em Obras;Reta;Desvio Temporário";"Não";2;1;0;0;0;1;0;2;-3,24921489;-59,86003384;"SPRF-AM";"DEL01-AM";"UOP04-DEL01-AM"
350502;2021-04-07;"quarta-feira";"07:30:00";"PI";135;553;"SAO GONCALO DO GURGUEIA";"Velocidade Incompatível";"Tombamento";"Com Vítimas Feridas";"Pleno dia";"Crescente";"Céu Claro";"Simples";"Aclive;Curva";"Não";2;0;1;0;1;0;1;1;-10,12697426;-45,224383;"SPRF-PI";"DEL03-PI";"UOP02-DEL03-PI"
350503;2021-04-07;"quarta-feira";"20:00:00";"MS";163;459,3;"CAMPO GRANDE";"Animais na Pista";"Atropelamento de Animal";"Com Vítimas Feridas";"Plena Noite";"Crescente";"Céu Claro";"Simples";"Aclive";"Não";1;0;1;0;0;0;1;1;-20,64663492;-54,56591872;"SPRF-MS";"DEL01-MS";"UOP01-DEL01-MS"
350504;2021-04-07;"quarta-feira";"18:45:00";"BA";235;344,2;"JUAZEIRO";"Ultrapassagem Indevida";"Colisão frontal";"Com Vítimas Feridas";"Plena Noite";"Crescente";"Céu Claro";"Simples";"Reta";"Sim";2;0;0;1;1;0;1;2;-9,45703775;-40,46576595;"SPRF-PE";"DEL06-PE";"UOP01-DEL06-PE"
350506;2021-04-07;"quarta-feira";"21:15:00";"RS";116;151,1;"CAXIAS DO SUL";"Animais na Pista";"Atropelamento de Animal";"Com Vítimas Feridas";"Plena Noite";"Crescente";"Céu Claro";"Dupla";"Reta";"Sim";1;0;1;0;0;0;1;1;-29,17694502;-51,16173896;"SPRF-RS";"DEL05-RS";"UOP01-DEL05-RS"
350509;2021-04-07;"quarta-feira";"21:30:00";"PE";408;81;"PAUDALHO";"Obstrução na via";"Eventos atípicos";"Sem Vítimas";"Plena Noite";"Decrescente";"Céu Claro";"Dupla";"Reta";"Sim";1;0;0;0;1;0;0;1;-7,937515;-35,127442;"SPRF-PE";"DEL01-PE";"UOP01-DEL01-PE"
350511;2021-04-07;"quarta-feira";"23:00:00";"SC";101;129;"BALNEARIO CAMBORIU";"Chuva";"Saída de leito carroçável";"Com Vítimas Feridas";"Plena Noite";"Decrescente";"Chuva";"Dupla";"Curva";"Não";1;0;1;0;0;0;1;1;-26,98064277;-48,6790679;"SPRF-SC";"DEL04-SC";"UOP03-DEL04-SC"
350513;2021-04-07;"quarta-feira";"22:10:00";"MG";40;568;"ITABIRITO";"Reação tardia ou ineficiente do condutor";"Atropelamento de Pedestre";"Com Vítimas Feridas";"Plena Noite";"Crescente";"Céu Claro";"Simples";"Reta";"Sim";3;0;0;1;0;2;1;2;-20,19509609;-43,97360482;"SPRF-MG";"DEL01-MG";"UOP02-DEL01-MG"
350516;2021-04-07;"quarta-feira";"20:50:00";"PR";272;550,7;"TERRA ROXA";"Demais falhas mecânicas ou elétricas";"Incêndio";"Sem Vítimas";"Plena Noite";"Decrescente";"Céu Claro";"Simples";"Curva";"Não";1;0;0;0;0;1;0;1;-24,07783483;-54,05928409;"SPRF-PR";"DEL06-PR";"UOP01-DEL06-PR"
350520;2021-04-07;"quarta-feira";"19:10:00";"RO";364;12,1;"VILHENA";"Deficiência do Sistema de Iluminação/Sinalização";"Colisão lateral mesmo sentido";"Com Vítimas Feridas";"Plena Noite";"Decrescente";"Céu Claro";"Simples";"Reta";"Sim";2;0;1;0;1;0;1;2;-12,74370233;-60,12147609;"SPRF-RO";"DEL04-RO";"UOP01-DEL04-RO"
350525;2021-04-08;"quinta-feira";"02:30:00";"MG";50;3,7;"ARAGUARI";"Condutor Dormindo";"Saída de leito carroçável";"Com Vítimas Feridas";"Plena Noite";"Crescente";"Céu Claro";"Dupla";"Retorno Regulamentado";"Não";1;0;0;1;0;0;1;1;-18,43761931;-48,05684924;"SPRF-MG";"DEL15-MG";"UOP02-DEL15-MG"
350526;2021-04-08;"quinta-feira";"02:30:00";"SC";101;117,8;"ITAJAI";"Objeto estático sobre o leito carroçável";"Colisão com objeto";"Com Vítimas Feridas";"Plena Noite";"Decrescente";"Céu Claro";"Dupla";"Aclive";"Não";2;0;0;2;0;0;2;1;-26,88747187;-48,72252969;"SPRF-SC";"DEL04-SC";"UOP04-DEL04-SC"
350529;2021-02-09;"terça-feira";"18:18:00";"MG";153;2;"ARAPORA";"Acessar a via sem observar a presença dos outros veículos";"Colisão traseira";"Com Vítimas Feridas";"Anoitecer";"Crescente";"Nublado";"Dupla";"Retorno Regulamentado";"Sim";4;0;0;1;1;2;1;3;-18,4343521;-49,19082831;"SPRF-MG";"DEL15-MG";"UOP03-DEL15-MG"
350532;2021-04-08;"quinta-feira";"05:00:00";"ES";101;297,8;"VIANA";"Condutor desrespeitou a iluminação vermelha do semáforo";"Colisão transversal";"Com Vítimas Feridas";"Amanhecer";"Decrescente";"Nublado";"Dupla";"Curva";"Sim";2;0;1;0;0;1;1;2;-20,34529844;-40,41026774;"SPRF-ES";"DEL01-ES";"UOP01-DEL01-ES"
350537;2021-04-08;"quinta-feira";"05:30:00";"PR";163;167,7;"LINDOESTE";"Mal súbito do condutor";"Saída de leito carroçável";"Com Vítimas Feridas";"Amanhecer";"Crescente";"Céu Claro";"Simples";"Reta";"Sim";10;0;10;0;0;0;10;1;-25,29248982;-53,57038619;"SPRF-PR";"DEL05-PR";"UOP05-DEL05-PR"
350538;2021-04-08;"quinta-feira";"06:55:00";"BA";101;218;"CRUZ DAS ALMAS";"Condutor deixou de manter distância do veículo da frente";"Colisão lateral mesmo sentido";"Com Vítimas Feridas";"Pleno dia";"Crescente";"Céu Claro";"Simples";"Aclive";"Não";3;0;2;0;1;0;2;2;-12,63866329;-39,09690857;"SPRF-BA";"DEL01-BA";"UOP02-DEL01-BA"
350540;2021-03-07;"domingo";"19:00:00";"PA";222;25;"DOM ELISEU";"Reação tardia ou ineficiente do condutor";"Tombamento";"Com Vítimas Feridas";"Plena Noite";"Crescente";"Céu Claro";"Simples";"Reta";"Não";3;0;2;0;0;1;2;1;-4,311721;-47,617702;"SPRF-PA";"DEL02-PA";"UOP02-DEL02-PA"
350541;2021-04-08;"quinta-feira";"06:30:00";"PE";428;32,9;"OROCO";"Reação tardia ou ineficiente do condutor";"Capotamento";"Com Vítimas Feridas";"Amanhecer";"Crescente";"Céu Claro";"Simples";"Reta";"Não";4;0;1;0;3;0;1;1;-8,52303468;-39,49547817;"SPRF-PE";"DEL05-PE";"UOP03-DEL05-PE"
350543;2021-04-08;"quinta-feira";"07:10:00";"SC";101;118;"ITAJAI";"Restrição de visibilidade em curvas verticais";"Colisão traseira";"Com Vítimas Feridas";"Pleno dia";"Crescente";"Céu Claro";"Dupla";"Viaduto";"Sim";3;0;2;0;1;0;2;2;-26,895859;-48,71903;"SPRF-SC";"DEL04-SC";"UOP04-DEL04-SC"
350544;2021-04-08;"quinta-feira";"06:50:00";"SC";101;142;"ITAPEMA";"Avarias e/ou desgaste excessivo no pneu";"Colisão lateral mesmo sentido";"Com Vítimas Feridas";"Pleno dia";"Crescente";"Céu Claro";"Dupla";"Reta";"Não";2;0;1;1;0;0;2;2;-27,056089;-48,599449;"SPRF-SC";"DEL04-SC";"UOP03-DEL04-SC"
350545;2021-04-08;"quinta-feira";"04:50:00";"PI";135;407;"REDENCAO DO GURGUEIA";"Animais na Pista";"Atropelamento de Animal";"Com Vítimas Feridas";"Amanhecer";"Crescente";"Ignorado";"Simples";"Reta";"Não";2;0;2;0;0;0;2;1;-9,4622821;-44,5978937;"SPRF-PI";"DEL03-PI";"UOP02-DEL03-PI"
350546;2021-04-08;"quinta-feira";"07:40:00";"ES";262;56,6;"MARECHAL FLORIANO";"Conversão proibida";"Colisão frontal";"Com Vítimas Feridas";"Amanhecer";"Crescente";"Céu Claro";"Simples";"Aclive;Reta";"Não";2;0;1;0;1;0;1;2;-20,41088387;-40,75519403;"SPRF-ES";"DEL01-ES";"UOP01-DEL01-ES"
350547;2021-04-08;"quinta-feira";"06:25:00";"PB";230;157,3;"CAMPINA GRANDE";"Transitar no acostamento";"Atropelamento de Pedestre";"Com Vítimas Feridas";"Pleno dia";"Decrescente";"Céu Claro";"Simples";"Reta;Declive";"Não";2;0;0;1;0;1;1;2;-7,264;-35,9199;"SPRF-PB";"DEL02-PB";"UOP01-DEL02-PB"
350549;2021-04-08;"quinta-feira";"06:30:00";"SC";101;235;"PALHOCA";"Chuva";"Colisão com objeto";"Com Vítimas Feridas";"Pleno dia";"Decrescente";"Chuva";"Dupla";"Curva";"Não";2;0;1;0;1;0;1;1;-27,8177775;-48,6315025;"SPRF-SC";"DEL01-SC";"UOP02-DEL01-SC"
350550;2021-02-07;"domingo";"08:00:00";"SE";235;52,1;"ITABAIANA";"Conversão proibida";"Colisão traseira";"Com Vítimas Feridas";"Pleno dia";"Crescente";"Céu Claro";"Simples";"Reta";"Sim";4;0;0;1;1;2;1;3;-10,693279;-37,437557;"SPRF-SE";"DEL01-SE";"UOP02-DEL01-SE"
350551;2021-04-08;"quinta-feira";"07:40:00";"GO";153;624,2;"MORRINHOS";"Condutor Dormindo";"Saída de leito carroçável";"Com Vítimas Feridas";"Pleno dia";"Decrescente";"Céu Claro";"Dupla";"Reta";"Não";2;0;2;0;0;0;2;1;-17,757;-49,1624;"SPRF-GO";"DEL03-GO";"UOP01-DEL03-GO"
350553;2021-04-08;"quinta-feira";"07:10:00";"DF";80;3,8;"BRASILIA";"Ultrapassagem Indevida";"Saída de leito carroçável";"Com Vítimas Feridas";"Pleno dia";"Crescente";"Céu Claro";"Simples";"Reta";"Não";3;0;1;1;0;1;2;2;-15,731544;-48,102749;"SPRF-DF";"DEL03-DF";"UOP02-DEL03-DF"
350554;2021-04-08;"quinta-feira";"08:10:00";"SC";101;210,9;"SAO JOSE";"Reação tardia ou ineficiente do condutor";"Colisão traseira";"Com Vítimas Feridas";"Pleno dia";"Decrescente";"Chuva";"Dupla";"Reta";"Sim";2;0;1;0;1;0;1;2;-27,6167305;-48,6457265;"SPRF-SC";"DEL01-SC";"UOP01-DEL01-SC"
350556;2021-04-08;"quinta-feira";"07:25:00";"ES";101;279,6;"SERRA";"Condutor deixou de manter distância do veículo da frente";"Colisão traseira";"Com Vítimas Feridas";"Pleno dia";"Crescente";"Sol";"Dupla";"Reta";"Não";3;0;1;1;1;0;2;2;-20,218122;-40,339325;"SPRF-ES";"DEL02-ES";"UOP01-DEL02-ES"
350557;2021-04-08;"quinta-feira";"07:45:00";"ES";101;254;"SERRA";"Ausência de reação do condutor";"Tombamento";"Com Vítimas Feridas";"Pleno dia";"Decrescente";"Céu Claro";"Simples";"Reta";"Não";1;0;1;0;0;0;1;1;-20,1100364;-40,32740141;"SPRF-ES";"DEL02-ES";"UOP01-DEL02-ES"
350558;2021-04-07;"quarta-feira";"18:45:00";"RJ";40;82;"PETROPOLIS";"Sinalização mal posicionada";"Colisão traseira";"Sem Vítimas";"Plena Noite";"Crescente";"Céu Claro";"Simples";"Curva";"Sim";2;0;0;0;2;0;0;2;-22,51183137;-43,23076171;"SPRF-RJ";"DEL06-RJ";"UOP01-DEL06-RJ"
350559;2021-04-07;"quarta-feira";"23:20:00";"SP";116;269,4;"TABOAO DA SERRA";"Pedestre cruzava a pista fora da faixa";"Atropelamento de Pedestre";"Com Vítimas Fatais";"Plena Noite";"Decrescente";"Céu Claro";"Múltipla";"Reta";"Sim";3;1;0;0;1;1;0;2;-23,61593059;-46,78826044;"SPRF-SP";"DEL04-SP";"UOP01-DEL04-SP"
350560;2021-04-03;"sábado";"18:00:00";"RJ";116;165,6;"RIO DE JANEIRO";"Ausência de reação do condutor";"Queda de ocupante de veículo";"Com Vítimas Feridas";"Plena Noite";"Crescente";"Céu Claro";"Múltipla";"Reta";"Sim";2;0;1;0;0;1;1;2;-22,81548519;-43,29087405;"SPRF-RJ";"DEL01-RJ";"UOP01-DEL01-RJ"
350562;2021-04-08;"quinta-feira";"08:15:00";"ES";101;280;"SERRA";"Reação tardia ou ineficiente do condutor";"Colisão lateral mesmo sentido";"Com Vítimas Feridas";"Pleno dia";"Crescente";"Céu Claro";"Dupla";"Reta";"Não";5;0;3;0;2;0;3;4;-20,21828666;-40,34895595;"SPRF-ES";"DEL02-ES";"UOP01-DEL02-ES"
350564;2021-04-08;"quinta-feira";"08:00:00";"SC";101;116,3;"ITAJAI";"Condutor deixou de manter distância do veículo da frente";"Colisão traseira";"Com Vítimas Feridas";"Pleno dia";"Crescente";"Chuva";"Dupla";"Reta";"Não";3;0;2;0;1;0;2;2;-26,87905605;-48,72603512;"SPRF-SC";"DEL04-SC";"UOP04-DEL04-SC"
350565;2021-04-08;"quinta-feira";"08:33:00";"PI";343;591,1;"FLORIANO";"Reação tardia ou ineficiente do condutor";"Colisão lateral mesmo sentido";"Com Vítimas Feridas";"Pleno dia";"Crescente";"Céu Claro";"Dupla";"Reta";"Sim";2;0;1;0;1;0;1;2;-6,781361;-43,023224;"SPRF-PI";"DEL03-PI";"UOP01-DEL03-PI"
350566;2021-04-08;"quinta-feira";"08:00:00";"SP";116;195;"ARUJA";"Reação tardia ou ineficiente do condutor";"Colisão traseira";"Sem Vítimas";"Pleno dia";"Decrescente";"Céu Claro";"Dupla";"Reta";"Sim";3;0;0;0;3;0;0;2;-23,3888147;-46,27566213;"SPRF-SP";"DEL01-SP";"UOP01-DEL01-SP"
350567;2021-03-25;"quinta-feira";"09:20:00";"AP";210;3;"MACAPA";"Reação tardia ou ineficiente do condutor";"Colisão frontal";"Com Vítimas Feridas";"Pleno dia";"Decrescente";"Céu Claro";"Múltipla";"Reta";"Sim";2;0;0;1;1;0;1;2;0,08723365;-51,08569007;"SPRF-AP";"DEL01-AP";"UOP01-DEL01-AP"
350568;2021-04-08;"quinta-feira";"09:25:00";"ES";101;145,1;"LINHARES";"Reação tardia ou ineficiente do condutor";"Colisão traseira";"Sem Vítimas";"Pleno dia";"Decrescente";"Céu Claro";"Simples";"Reta";"Sim";3;0;0;0;3;0;0;2;-19,36089598;-40,06464018;"SPRF-ES";"DEL04-ES";"UOP01-DEL04-ES"
350569;2021-04-08;"quinta-feira";"08:30:00";"RS";116;247,5;"SAO LEOPOLDO";"Condutor deixou de manter distância do veículo da frente";"Engavetamento";"Com Vítimas Feridas";"Pleno dia";"Crescente";"Céu Claro";"Dupla";"Em Obras";"Sim";3;0;0;1;2;0;1;3;-29,76733091;-51,1535296;"SPRF-RS";"DEL01-RS";"UOP02-DEL01-RS"
350570;2021-03-21;"domingo";"21:30:00";"MA";135;8;"SAO LUIS";"Acesso irregular";"Colisão transversal";"Com Vítimas Feridas";"Plena Noite";"Crescente";"Chuva";"Dupla";"Reta";"Sim";2;0;1;0;1;0;1;2;-2,64342093;-44,27374175;"SPRF-MA";"DEL01-MA";"UOP01-DEL01-MA"
350574;2021-04-08;"quinta-feira";"06:40:00";"RN";304;282;"MACAIBA";"Acessar a via sem observar a presença dos outros veículos";"Colisão frontal";"Com Vítimas Feridas";"Pleno dia";"Decrescente";"Céu Claro";"Simples";"Reta";"Não";9;0;3;1;3;2;4;2;-5,88438109;-35,47231297;"SPRF-RN";"DEL01-RN";"UOP02-DEL01-RN"
350575;2021-03-31;"quarta-feira";"23:30:00";"SC";101;219;"PALHOCA";"Ausência de reação do condutor";"Tombamento";"Com Vítimas Feridas";"Plena Noite";"Crescente";"Nublado";"Dupla";"Reta";"Sim";1;0;1;0;0;0;1;1;-27,68392194;-48,66710085;"SPRF-SC";"DEL01-SC";"UOP02-DEL01-SC"
350576;2021-04-08;"quinta-feira";"10:20:00";"MG";381;580,3;"CARMOPOLIS DE MINAS";"Condutor Dormindo";"Saída de leito carroçável";"Com Vítimas Feridas";"Pleno dia";"Crescente";"Céu Claro";"Dupla";"Curva";"Não";2;0;1;0;1;0;1;1;-20,50796117;-44,61144676;"SPRF-MG";"DEL04-MG";"UOP01-DEL04-MG"
350577;2021-04-08;"quinta-feira";"10:05:00";"RN";304;37;"MOSSORO";"Condutor deixou de manter distância do veículo da frente";"Colisão traseira";"Com Vítimas Feridas";"Pleno dia";"Crescente";"Céu Claro";"Dupla";"Reta";"Sim";2;0;0;1;1;0;1;2;-5,17455933;-37,36227171;"SPRF-RN";"DEL04-RN";"UOP02-DEL04-RN"
350578;2021-04-07;"quarta-feira";"19:00:00";"RN";110;40,3;"MOSSORO";"Reação tardia ou ineficiente do condutor";"Saída de leito carroçável";"Com Vítimas Feridas";"Plena Noite";"Crescente";"Céu Claro";"Simples";"Interseção de Vias";"Não";1;0;0;1;0;0;1;1;-5,17346354;-37,27076082;"SPRF-RN";"DEL04-RN";"UOP01-DEL04-RN"
350581;2021-04-08;"quinta-feira";"09:10:00";"SC";101;220;"PALHOCA";"Demais falhas mecânicas ou elétricas";"Tombamento";"Com Vítimas Feridas";"Pleno dia";"Decrescente";"Chuva";"Dupla";"Reta";"Não";2;0;0;1;1;0;1;1;-27,69198941;-48,66368358;"SPRF-SC";"DEL01-SC";"UOP02-DEL01-SC"
350585;2021-03-31;"quarta-feira";"08:25:00";"MT";174;5,5;"PONTES E LACERDA";"Acesso irregular";"Colisão lateral mesmo sentido";"Com Vítimas Feridas";"Pleno dia";"Decrescente";"Céu Claro";"Simples";"Reta";"Sim";2;0;1;0;1;0;1;2;-15,23582734;-59,34265137;"SPRF-MT";"DEL04-MT";"UOP01-DEL04-MT"
350590;2021-04-01;"quinta-feira";"19:10:00";"CE";222;4,5;"CAUCAIA";"Ingestão de álcool pelo condutor";"Colisão traseira";"Com Vítimas Feridas";"Plena Noite";"Decrescente";"Céu Claro";"Múltipla";"Reta";"Sim";2;0;1;0;1;0;1;2;-3,74164754;-38,60449792;"SPRF-CE";"DEL01-CE";"UOP01-DEL01-CE"
350594;2021-02-22;"segunda-feira";"08:20:00";"RO";364;712;"PORTO VELHO";"Pista esburacada";"Tombamento";"Com Vítimas Feridas";"Pleno dia";"Crescente";"Nublado";"Dupla";"Reta;Viaduto;Declive";"Sim";1;0;1;0;0;0;1;1;-8,77725874;-63,87285059;"SPRF-RO";"DEL01-RO";"UOP01-DEL01-RO"
350595;2021-04-08;"quinta-feira";"13:30:00";"RJ";116;70,5;"TERESOPOLIS";"Reação tardia ou ineficiente do condutor";"Colisão traseira";"Com Vítimas Feridas";"Pleno dia";"Crescente";"Céu Claro";"Simples";"Curva";"Não";2;0;1;0;1;0;1;2;-22,31879876;-42,9375874;"SPRF-RJ";"DEL04-RJ";"UOP01-DEL04-RJ"
350596;2021-04-08;"quinta-feira";"13:30:00";"SP";153;69,2;"SAO JOSE DO RIO PRETO";"Avarias e/ou desgaste excessivo no pneu";"Tombamento";"Com Vítimas Feridas";"Pleno dia";"Crescente";"Céu Claro";"Dupla";"Reta";"Sim";2;0;2;0;0;0;2;1;-20,85072923;-49,392352;"SPRF-SP";"DEL09-SP";"UOP01-DEL09-SP"
350597;2021-04-08;"quinta-feira";"11:00:00";"SC";101;328;"CAPIVARI DE BAIXO";"Reação tardia ou ineficiente do condutor";"Colisão com objeto";"Com Vítimas Feridas";"Pleno dia";"Decrescente";"Sol";"Dupla";"Reta;Ponte";"Não";5;0;3;1;0;1;4;3;-28,43648094;-48,95989307;"SPRF-SC";"DEL02-SC";"UOP01-DEL02-SC"
350601;2021-04-08;"quinta-feira";"13:50:00";"MT";70;0,3;"BARRA DO GARCAS";"Condutor deixou de manter distância do veículo da frente";"Engavetamento";"Sem Vítimas";"Pleno dia";"Crescente";"Céu Claro";"Simples";"Reta";"Não";3;0;0;0;3;0;0;3;-15,895538;-52,25599;"SPRF-MT";"DEL07-MT";"UOP01-DEL07-MT"
350602;2021-04-08;"quinta-feira";"14:35:00";"RS";116;243;"SAO LEOPOLDO";"Velocidade Incompatível";"Atropelamento de Pedestre";"Com Vítimas Feridas";"Pleno dia";"Decrescente";"Céu Claro";"Múltipla";"Retorno Regulamentado";"Sim";3;0;1;0;2;0;1;2;-29,73196199;-51,14952004;"SPRF-RS";"DEL01-RS";"UOP02-DEL01-RS"
350605;2021-04-08;"quinta-feira";"13:30:00";"MT";163;854;"SINOP";"Desrespeitar a preferência no cruzamento";"Colisão transversal";"Com Vítimas Feridas";"Pleno dia";"Decrescente";"Céu Claro";"Simples";"Rotatória";"Não";5;0;1;3;1;0;4;2;-11,820672;-55,48465698;"SPRF-MT";"DEL06-MT";"NPF/DEL06-MT"
350608;2021-04-08;"quinta-feira";"11:20:00";"SC";101;38,9;"JOINVILLE";"Reação tardia ou ineficiente do condutor";"Colisão com objeto";"Com Vítimas Feridas";"Pleno dia";"Decrescente";"Garoa/Chuvisco";"Dupla";"Interseção de Vias";"Sim";1;0;1;0;0;0;1;1;-26,25472505;-48,90561309;"SPRF-SC";"DEL03-SC";"UOP01-DEL03-SC"
350609;2021-03-19;"sexta-feira";"08:15:00";"MG";40;501,9;"ESMERALDAS";"Demais falhas mecânicas ou elétricas";"Colisão traseira";"Com Vítimas Feridas";"Pleno dia";"Crescente";"Sol";"Dupla";"Reta";"Não";3;0;0;1;2;0;1;3;-19,70735708;-44,16736508;"SPRF-MG";"DEL02-MG";"UOP01-DEL02-MG"
350610;2021-04-08;"quinta-feira";"15:40:00";"SC";101;200;"SAO JOSE";"Ausência de reação do condutor";"Queda de ocupante de veículo";"Com Vítimas Feridas";"Pleno dia";"Crescente";"Céu Claro";"Múltipla";"Reta";"Sim";1;0;1;0;0;0;1;1;-27,54018513;-48,62287714;"SPRF-SC";"DEL01-SC";"UOP01-DEL01-SC"
350611;2021-04-08;"quinta-feira";"14:10:00";"RS";285;566,3;"SAO LUIZ GONZAGA";"Desrespeitar a preferência no cruzamento";"Colisão transversal";"Com Vítimas Feridas";"Pleno dia";"Decrescente";"Sol";"Simples";"Rotatória";"Não";3;0;1;0;2;0;1;2;-28,41867376;-54,96394515;"SPRF-RS";"DEL10-RS";"UOP01-DEL10-RS"
350614;2021-04-08;"quinta-feira";"16:20:00";"CE";222;6;"CAUCAIA";"Acessar a via sem observar a presença dos outros veículos";"Colisão transversal";"Com Vítimas Feridas";"Pleno dia";"Crescente";"Céu Claro";"Simples";"Reta";"Sim";2;0;0;1;1;0;1;2;-3,736507;-38,65337;"SPRF-CE";"DEL01-CE";"UOP01-DEL01-CE"
350619;2021-04-08;"quinta-feira";"16:30:00";"SC";101;135;"BALNEARIO CAMBORIU";"Condutor deixou de manter distância do veículo da frente";"Colisão traseira";"Com Vítimas Feridas";"Pleno dia";"Decrescente";"Céu Claro";"Dupla";"Reta";"Sim";2;0;1;0;1;0;1;2;-27,0050108;-48,62677494;"SPRF-SC";"DEL04-SC";"UOP03-DEL04-SC"
350620;2021-04-08;"quinta-feira";"17:10:00";"MG";381;158;"GOVERNADOR VALADARES";"Acesso irregular";"Colisão frontal";"Com Vítimas Feridas";"Pleno dia";"Crescente";"Céu Claro";"Simples";"Interseção de Vias";"Não";3;0;3;0;0;0;3;2;-18,91795246;-42,01337465;"SPRF-MG";"DEL06-MG";"UOP01-DEL06-MG"
350622;2021-04-08;"quinta-feira";"16:30:00";"MS";163;6;"MUNDO NOVO";"Manobra de mudança de faixa";"Colisão lateral mesmo sentido";"Com Vítimas Feridas";"Pleno dia";"Crescente";"Céu Claro";"Dupla";"Reta";"Não";2;0;0;1;1;0;1;2;-24,00579105;-54,31224233;"SPRF-MS";"DEL09-MS";"UOP02-DEL09-MS"
350624;2021-04-08;"quinta-feira";"17:20:00";"RN";110;0,6;"AREIA BRANCA";"Ingestão de álcool pelo condutor";"Colisão frontal";"Com Vítimas Feridas";"Anoitecer";"Decrescente";"Céu Claro";"Simples";"Reta;Interseção de Vias";"Sim";2;0;0;1;1;0;1;2;-4,949915;-37,12534;"SPRF-RN";"DEL04-RN";"UOP01-DEL04-RN"
350625;2021-04-08;"quinta-feira";"17:25:00";"ES";101;290,5;"CARIACICA";"Acessar a via sem observar a presença dos outros veículos";"Colisão transversal";"Com Vítimas Feridas";"Anoitecer";"Crescente";"Nublado";"Dupla";"Retorno Regulamentado";"Sim";3;0;1;0;0;2;1;3;-20,28927747;-40,39181575;"SPRF-ES";"DEL01-ES";"UOP01-DEL01-ES"
350626;2021-04-08;"quinta-feira";"14:55:00";"BA";242;544;"OLIVEIRA DOS BREJINHOS";"Velocidade Incompatível";"Queda de ocupante de veículo";"Com Vítimas Feridas";"Pleno dia";"Crescente";"Céu Claro";"Simples";"Reta";"Não";1;0;1;0;0;0;1;1;-12,20273909;-42,81087109;"SPRF-BA";"DEL06-BA";"UOP03-DEL06-BA"
350627;2021-04-08;"quinta-feira";"17:30:00";"PR";116;119;"CURITIBA";"Trafegar com motocicleta (ou similar) entre as faixas";"Colisão lateral mesmo sentido";"Com Vítimas Feridas";"Anoitecer";"Crescente";"Céu Claro";"Dupla";"Curva";"Sim";2;0;1;0;1;0;1;2;-25,54456009;-49,30146002;"SPRF-PR";"DEL01-PR";"UOP01-DEL01-PR"
350628;2021-04-08;"quinta-feira";"17:00:00";"SP";116;216;"GUARULHOS";"Demais falhas na via";"Eventos atípicos";"Com Vítimas Feridas";"Pleno dia";"Decrescente";"Céu Claro";"Múltipla";"Reta";"Não";1;0;1;0;0;0;1;1;-23,45056589;-46,46258105;"SPRF-SP";"DEL01-SP";"UOP01-DEL01-SP"
350629;2021-04-08;"quinta-feira";"17:50:00";"RS";386;34,1;"FREDERICO WESTPHALEN";"Desrespeitar a preferência no cruzamento";"Colisão transversal";"Com Vítimas Feridas";"Anoitecer";"Decrescente";"Céu Claro";"Simples";"Reta";"Sim";3;0;1;0;2;0;1;2;-27,358442;-53,388298;"SPRF-RS";"DEL08-RS";"UOP02-DEL08-RS"