"id";"data_inversa";"dia_semana";"horario";"uf";"br";"km";"municipio";"causa_acidente";"tipo_acidente";"classificacao_acidente";"fase_dia";"sentido_via";"condicao_metereologica";"tipo_pista";"tracado_via";"uso_solo";"pessoas";"mortos";"feridos_leves";"feridos_graves";"ilesos";"ignorados";"feridos";"veiculos";"latitude";"longitude";"regional";"delegacia";"uop"
350897;2021-04-09;"sexta-feira";"23:30:00";"BA";116;751;"POCOES";"Velocidade Incompatível";"Colisão traseira";"Com Vítimas Feridas";"Plena Noite";"Decrescente";"Céu Claro";"Simples";"Reta";"Não";3;0;2;0;1;0;2;2;-14,436957;-40,352864;"SPRF-BA";"DEL08-BA";"UOP02-DEL08-BA"
350899;2021-04-10;"sábado";"01:00:00";"MG";40;522;"CONTAGEM";"Ausência de reação do condutor";"Saída de leito carroçável";"Com Vítimas Feridas";"Plena Noite";"Decrescente";"Céu Claro";"Dupla";"Curva";"Não";3;0;3;0;0;0;3;1;-19,8638731;-44,06749809;"SPRF-MG";"DEL01-MG";"UOP02-DEL01-MG"
350900;2021-04-10;"sábado";"01:10:00";"SC";101;193;"BIGUACU";"Ausência de reação do condutor";"Saída de leito carroçável";"Com Vítimas Feridas";"Plena Noite";"Crescente";"Céu Claro";"Múltipla";"Curva";"Sim";1;0;0;1;0;0;1;1;-27,489574;-48,655914;"SPRF-SC";"DEL01-SC";"UOP01-DEL01-SC"
350901;2021-04-10;"sábado";"01:30:00";"SC";101;193;"BIGUACU";"Ausência de reação do condutor";"Colisão com objeto";"Com Vítimas Feridas";"Plena Noite";"Crescente";"Céu Claro";"Múltipla";"Curva";"Sim";1;0;1;0;0;0;1;1;-27,489574;-48,655914;"SPRF-SC";"DEL01-SC";"UOP01-DEL01-SC"
350902;2021-04-10;"sábado";"02:00:00";"RS";116;254,7;"SAPUCAIA DO SUL";"Ingestão de álcool pelo condutor";"Colisão traseira";"Sem Vítimas";"Plena Noite";"Crescente";"Céu Claro";"Dupla";"Reta";"Sim";2;0;0;0;2;0;0;2;-29,82654797;-51,17241311;"SPRF-RS";"DEL01-RS";"UOP02-DEL01-RS"
350904;2021-04-10;"sábado";"00:20:00";"RJ";116;101;"GUAPIMIRIM";"Condutor Dormindo";"Colisão frontal";"Com Vítimas Feridas";"Plena Noite";"Decrescente";"Nevoeiro/Neblina";"Simples";"Curva";"Sim";2;0;2;0;0;0;2;1;-22,49374115;-43,00365418;"SPRF-RJ";"DEL04-RJ";"UOP02-DEL04-RJ"
350905;2021-04-09;"sexta-feira";"23:50:00";"BA";367;65,4;"PORTO SEGURO";"Velocidade Incompatível";"Colisão lateral sentido oposto";"Sem Vítimas";"Plena Noite";"Decrescente";"Nublado";"Simples";"Reta";"Não";2;0;0;0;1;1;0;2;-16,39110057;-39,42665978;"SPRF-BA";"DEL09-BA";"UOP01-DEL09-BA"
350906;2021-04-10;"sábado";"02:30:00";"RJ";101;62;"CAMPOS DOS GOYTACAZES";"Acesso irregular";"Colisão transversal";"Com Vítimas Feridas";"Plena Noite";"Decrescente";"Céu Claro";"Simples";"Reta";"Sim";4;0;1;0;2;1;1;2;-21,74668677;-41,32816315;"SPRF-RJ";"DEL08-RJ";"UOP01-DEL08-RJ"
350908;2021-04-10;"sábado";"03:00:00";"RS";116;246,4;"SAO LEOPOLDO";"Ingestão de álcool pelo condutor";"Colisão com objeto";"Sem Vítimas";"Plena Noite";"Crescente";"Céu Claro";"Dupla";"Reta";"Sim";1;0;0;0;1;0;0;1;-29,758751;-51,15186806;"SPRF-RS";"DEL01-RS";"UOP02-DEL01-RS"
350909;2021-04-10;"sábado";"03:00:00";"ES";101;264;"SERRA";"Velocidade Incompatível";"Colisão lateral mesmo sentido";"Sem Vítimas";"Plena Noite";"Crescente";"Nublado";"Múltipla";"Interseção de Vias";"Não";2;0;0;0;2;0;0;2;-20,17292791;-40,26736384;"SPRF-ES";"DEL02-ES";"UOP01-DEL02-ES"
350911;2021-04-10;"sábado";"02:40:00";"RJ";116;205;"SEROPEDICA";"Ausência de reação do condutor";"Colisão com objeto";"Sem Vítimas";"Plena Noite";"Decrescente";"Céu Claro";"Dupla";"Reta";"Não";1;0;0;0;0;1;0;1;-22,719088;-43,697646;"SPRF-RJ";"DEL01-RJ";"UOP03-DEL01-RJ"
350912;2021-04-09;"sexta-feira";"23:05:00";"SP";381;62;"MAIRIPORA";"Reação tardia ou ineficiente do condutor";"Saída de leito carroçável";"Sem Vítimas";"Plena Noite";"Crescente";"Céu Claro";"Dupla";"Reta";"Não";1;0;0;0;1;0;0;1;-23,29437896;-46,57254696;"SPRF-SP";"DEL03-SP";"UOP01-DEL03-SP"
350913;2021-04-10;"sábado";"00:40:00";"RS";116;114,8;"SAO MARCOS";"Curva acentuada";"Colisão com objeto";"Com Vítimas Feridas";"Plena Noite";"Crescente";"Céu Claro";"Simples";"Curva";"Sim";1;0;1;0;0;0;1;1;-28,968734;-51,07138395;"SPRF-RS";"DEL05-RS";"UOP01-DEL05-RS"
350914;2021-04-10;"sábado";"02:00:00";"SC";101;277;"IMBITUBA";"Desrespeitar a preferência no cruzamento";"Colisão frontal";"Com Vítimas Feridas";"Plena Noite";"Decrescente";"Céu Claro";"Simples";"Reta";"Sim";2;0;1;0;1;0;1;2;-28,15478103;-48,69265474;"SPRF-SC";"DEL02-SC";"UOP03-DEL02-SC"
350915;2021-04-10;"sábado";"03:30:00";"SC";282;2,8;"FLORIANOPOLIS";"Velocidade Incompatível";"Colisão com objeto";"Sem Vítimas";"Plena Noite";"Crescente";"Céu Claro";"Múltipla";"Curva";"Sim";1;0;0;0;1;0;0;1;-27,603289;-48,590416;"SPRF-SC";"DEL01-SC";"UOP01-DEL01-SC"
350916;2021-04-09;"sexta-feira";"21:00:00";"BA";116;702;"JEQUIE";"Velocidade Incompatível";"Saída de leito carroçável";"Com Vítimas Feridas";"Plena Noite";"Decrescente";"Ignorado";"Simples";"Aclive";"Não";2;0;1;0;0;1;1;1;-14,044168;-40,204033;"SPRF-BA";"DEL03-BA";"UOP01-DEL03-BA"
350919;2021-04-10;"sábado";"06:15:00";"RN";101;81,4;"SAO GONCALO DO AMARANTE";"Entrada inopinada do pedestre";"Atropelamento de Pedestre";"Com Vítimas Feridas";"Pleno dia";"Crescente";"Céu Claro";"Dupla";"Reta";"Sim";2;0;0;1;1;0;1;2;-5,76469466;-35,28295988;"SPRF-RN";"DEL02-RN";"UOP01-DEL02-RN"
350920;2021-04-10;"sábado";"05:30:00";"MG";262;467,6;"ARAUJOS";"Ingestão de álcool pelo condutor";"Saída de leito carroçável";"Com Vítimas Feridas";"Amanhecer";"Crescente";"Céu Claro";"Simples";"Reta";"Não";2;0;2;0;0;0;2;1;-19,78628988;-45,17552376;"SPRF-MG";"DEL08-MG";"UOP03-DEL08-MG"
350921;2021-04-10;"sábado";"03:00:00";"SC";470;116,7;"IBIRAMA";"Deficiência do Sistema de Iluminação/Sinalização";"Colisão traseira";"Com Vítimas Fatais";"Plena Noite";"Crescente";"Céu Claro";"Simples";"Reta";"Não";2;1;0;0;1;0;0;2;-27,07756;-49,49448;"SPRF-SC";"DEL04-SC";"UOP02-DEL04-SC"
350923;2021-04-10;"sábado";"05:20:00";"MS";163;308,1;"DOURADINA";"Condutor Dormindo";"Tombamento";"Com Vítimas Feridas";"Amanhecer";"Decrescente";"Céu Claro";"Simples";"Reta";"Não";1;0;1;0;0;0;1;1;-21,9108809;-54,5340003;"SPRF-MS";"DEL02-MS";"UOP02-DEL02-MS"
350926;2021-04-10;"sábado";"02:30:00";"SC";116;242;"LAGES";"Ingestão de álcool pelo condutor";"Saída de leito carroçável";"Com Vítimas Feridas";"Plena Noite";"Decrescente";"Céu Claro";"Simples";"Declive";"Não";3;0;3;0;0;0;3;1;-27,77666295;-50,34027011;"SPRF-SC";"DEL05-SC";"UOP01-DEL05-SC"
350927;2021-04-10;"sábado";"06:20:00";"RS";158;191,5;"CRUZ ALTA";"Ausência de reação do condutor";"Colisão com objeto";"Sem Vítimas";"Amanhecer";"Crescente";"Céu Claro";"Simples";"Interseção de Vias";"Não";2;0;0;0;2;0;0;1;-28,61837421;-53,57152998;"SPRF-RS";"DEL10-RS";"UOP02-DEL10-RS"
350928;2021-04-10;"sábado";"04:50:00";"SP";116;274,5;"TABOAO DA SERRA";"Ausência de reação do condutor";"Colisão com objeto";"Sem Vítimas";"Plena Noite";"Crescente";"Céu Claro";"Dupla";"Reta";"Sim";1;0;0;0;0;1;0;1;-23,63445084;-46,82418514;"SPRF-SP";"DEL04-SP";"UOP01-DEL04-SP"
350931;2021-04-10;"sábado";"05:45:00";"SC";101;329;"TUBARAO";"Reação tardia ou ineficiente do condutor";"Saída de leito carroçável";"Com Vítimas Feridas";"Amanhecer";"Crescente";"Céu Claro";"Dupla";"Reta";"Não";2;0;2;0;0;0;2;1;-28,44404822;-48,96611372;"SPRF-SC";"DEL02-SC";"UOP01-DEL02-SC"
350932;2021-04-10;"sábado";"07:00:00";"MG";116;764;"LEOPOLDINA";"Velocidade Incompatível";"Saída de leito carroçável";"Com Vítimas Feridas";"Pleno dia";"Crescente";"Céu Claro";"Simples";"Reta";"Não";1;0;0;1;0;0;1;1;-21,52171912;-42,64030314;"SPRF-MG";"DEL07-MG";"UOP01-DEL07-MG"
350933;2021-04-10;"sábado";"02:50:00";"RS";116;44,9;"VACARIA";"Transitar no acostamento";"Atropelamento de Pedestre";"Com Vítimas Fatais";"Plena Noite";"Crescente";"Céu Claro";"Simples";"Declive";"Não";4;1;0;0;0;3;0;2;-28,54710586;-50,97549817;"SPRF-RS";"DEL05-RS";"UOP03-DEL05-RS"
350935;2021-04-10;"sábado";"05:20:00";"MG";116;405;"GOVERNADOR VALADARES";"Ingestão de álcool pelo condutor";"Saída de leito carroçável";"Com Vítimas Feridas";"Amanhecer";"Crescente";"Céu Claro";"Simples";"Reta";"Não";1;0;1;0;0;0;1;1;-18,80758916;-41,98483229;"SPRF-MG";"DEL06-MG";"UOP01-DEL06-MG"
350936;2021-04-10;"sábado";"08:00:00";"RJ";116;95;"GUAPIMIRIM";"Pista Escorregadia";"Queda de ocupante de veículo";"Com Vítimas Feridas";"Pleno dia";"Decrescente";"Céu Claro";"Dupla";"Curva";"Não";1;0;1;0;0;0;1;1;-22,47374702;-43,00117923;"SPRF-RJ";"DEL04-RJ";"UOP02-DEL04-RJ"
350939;2021-04-10;"sábado";"07:50:00";"RJ";40;97;"DUQUE DE CAXIAS";"Velocidade Incompatível";"Tombamento";"Com Vítimas Feridas";"Pleno dia";"Decrescente";"Céu Claro";"Dupla";"Curva";"Não";1;0;1;0;0;0;1;1;-22,57356181;-43,27802893;"SPRF-RJ";"DEL01-RJ";"UOP01-DEL01-RJ"
350940;2021-04-10;"sábado";"06:45:00";"SC";101;133;"BALNEARIO CAMBORIU";"Condutor Dormindo";"Engavetamento";"Com Vítimas Feridas";"Pleno dia";"Crescente";"Céu Claro";"Simples";"Reta";"Sim";4;0;1;0;3;0;1;3;-26,99936;-48,64609;"SPRF-SC";"DEL04-SC";"UOP03-DEL04-SC"
350941;2021-04-10;"sábado";"06:50:00";"AP";210;1,9;"MACAPA";"Ingestão de álcool pelo condutor";"Colisão com objeto";"Com Vítimas Feridas";"Pleno dia";"Crescente";"Céu Claro";"Simples";"Reta";"Sim";2;0;0;2;0;0;2;1;0,07816717;-51,06998693;"SPRF-AP";"DEL01-AP";"UOP01-DEL01-AP"
350943;2021-04-10;"sábado";"08:15:00";"GO";20;5,7;"FORMOSA";"Acesso irregular";"Colisão transversal";"Com Vítimas Feridas";"Pleno dia";"Crescente";"Céu Claro";"Simples";"Reta";"Sim";2;0;1;0;1;0;1;2;-15,555275;-47,306908;"SPRF-DF";"DEL02-DF";"UOP01-DEL02-DF"
350944;2021-04-10;"sábado";"07:50:00";"MS";163;609;"SAO GABRIEL DO OESTE";"Ingestão de álcool pelo condutor";"Colisão com objeto";"Sem Vítimas";"Pleno dia";"Crescente";"Céu Claro";"Simples";"Reta";"Não";1;0;0;0;1;0;0;1;-19,4409361;-54,53079011;"SPRF-MS";"DEL06-MS";"UOP02-DEL06-MS"
350947;2021-04-10;"sábado";"09:15:00";"PR";376;176;"MARINGA";"Condutor deixou de manter distância do veículo da frente";"Colisão traseira";"Com Vítimas Feridas";"Pleno dia";"Decrescente";"Céu Claro";"Dupla";"Reta";"Sim";2;0;1;0;1;0;1;2;-23,41269173;-51,93158327;"SPRF-PR";"DEL09-PR";"UOP01-DEL09-PR"
350949;2021-04-10;"sábado";"08:30:00";"ES";101;173,9;"ARACRUZ";"Demais falhas mecânicas ou elétricas";"Incêndio";"Sem Vítimas";"Pleno dia";"Crescente";"Céu Claro";"Dupla";"Reta";"Sim";1;0;0;0;0;1;0;1;-19,57221883;-40,18397327;"SPRF-ES";"DEL04-ES";"UOP01-DEL04-ES"
350950;2021-04-10;"sábado";"08:10:00";"BA";116;10;"VITORIA DA CONQUISTA";"Acessar a via sem observar a presença dos outros veículos";"Colisão transversal";"Com Vítimas Feridas";"Pleno dia";"Crescente";"Nublado";"Simples";"Interseção de Vias";"Sim";2;0;1;0;1;0;1;2;-14,86427385;-40,87285746;"SPRF-BA";"DEL08-BA";"UOP01-DEL08-BA"
350951;2021-04-10;"sábado";"09:10:00";"SC";280;127;"RIO NEGRINHO";"Trafegar com motocicleta (ou similar) entre as faixas";"Colisão lateral mesmo sentido";"Com Vítimas Feridas";"Pleno dia";"Crescente";"Céu Claro";"Simples";"Reta";"Sim";3;0;2;0;1;0;2;2;-26,23943953;-49,50420708;"SPRF-SC";"DEL06-SC";"UOP03-DEL06-SC"
350952;2021-04-10;"sábado";"08:40:00";"PE";232;181,5;"BELO JARDIM";"Animais na Pista";"Atropelamento de Animal";"Com Vítimas Feridas";"Pleno dia";"Crescente";"Céu Claro";"Simples";"Reta";"Sim";2;0;1;1;0;0;2;1;-8,34627974;-36,43776285;"SPRF-PE";"DEL02-PE";"UOP03-DEL02-PE"
350953;2021-04-10;"sábado";"07:30:00";"RJ";465;19;"RIO DE JANEIRO";"Acessar a via sem observar a presença dos outros veículos";"Colisão transversal";"Com Vítimas Feridas";"Pleno dia";"Crescente";"Céu Claro";"Simples";"Reta";"Não";3;0;1;0;2;0;1;2;-22,839184;-43,610451;"SPRF-RJ";"DEL03-RJ";"UOP01-DEL03-RJ"
350954;2021-04-10;"sábado";"09:10:00";"RS";392;351,7;"SANTA MARIA";"Condutor deixou de manter distância do veículo da frente";"Colisão lateral mesmo sentido";"Com Vítimas Feridas";"Pleno dia";"Crescente";"Céu Claro";"Simples";"Reta";"Sim";3;0;1;0;2;0;1;2;-29,72787141;-53,80388975;"SPRF-RS";"DEL09-RS";"UOP01-DEL09-RS"
350955;2021-04-10;"sábado";"09:25:00";"SC";470;150;"AGRONOMICA";"Acesso irregular";"Colisão traseira";"Com Vítimas Feridas";"Pleno dia";"Crescente";"Céu Claro";"Simples";"Reta";"Não";3;0;0;1;2;0;1;2;-27,256508;-49,710876;"SPRF-SC";"DEL04-SC";"UOP02-DEL04-SC"
350957;2021-03-09;"terça-feira";"18:00:00";"MT";70;500;"CUIABA";"Reação tardia ou ineficiente do condutor";"Queda de ocupante de veículo";"Com Vítimas Feridas";"Anoitecer";"Decrescente";"Céu Claro";"Simples";"Reta";"Sim";2;0;1;0;1;0;1;1;-15,68206569;-55,92335686;"SPRF-MT";"DEL01-MT";"UOP02-DEL01-MT"
350958;2021-04-10;"sábado";"09:45:00";"RS";386;295,6;"POUSO NOVO";"Condutor deixou de manter distância do veículo da frente";"Colisão traseira";"Com Vítimas Feridas";"Pleno dia";"Crescente";"Sol";"Simples";"Reta;Declive";"Não";3;0;1;0;2;0;1;2;-29,128876;-52,251305;"SPRF-RS";"DEL04-RS";"UOP01-DEL04-RS"
350959;2021-04-10;"sábado";"09:50:00";"MG";251;487;"FRANCISCO SA";"Velocidade Incompatível";"Colisão traseira";"Com Vítimas Feridas";"Pleno dia";"Crescente";"Sol";"Simples";"Reta;Aclive";"Não";3;0;2;1;0;0;3;1;-16,51784211;-43,55947992;"SPRF-MG";"DEL12-MG";"UOP01-DEL12-MG"
350960;2021-04-10;"sábado";"09:40:00";"BA";242;159;"RAFAEL JAMBEIRO";"Velocidade Incompatível";"Tombamento";"Com Vítimas Fatais";"Pleno dia";"Decrescente";"Chuva";"Simples";"Reta";"Não";1;1;0;0;0;0;0;1;-12,49366592;-39,68045396;"SPRF-BA";"DEL06-BA";"UOP02-DEL06-BA"
350962;2021-04-10;"sábado";"10:20:00";"MG";40;520;"RIBEIRAO DAS NEVES";"Condutor deixou de manter distância do veículo da frente";"Colisão traseira";"Com Vítimas Feridas";"Pleno dia";"Decrescente";"Céu Claro";"Dupla";"Reta";"Não";3;0;1;0;2;0;1;3;-19,84761911;-44,07276144;"SPRF-MG";"DEL01-MG";"UOP02-DEL01-MG"
350963;2021-03-18;"quinta-feira";"17:32:00";"PR";467;109;"CASCAVEL";"Pista Escorregadia";"Queda de ocupante de veículo";"Com Vítimas Feridas";"Pleno dia";"Decrescente";"Sol";"Dupla";"Reta";"Não";1;0;1;0;0;0;1;1;-24,83560099;-53,71191406;"SPRF-PR";"DEL04-PR";"UOP01-DEL04-PR"
350964;2021-04-10;"sábado";"08:40:00";"RS";287;401;"SANTIAGO";"Desrespeitar a preferência no cruzamento";"Colisão transversal";"Com Vítimas Feridas";"Pleno dia";"Crescente";"Céu Claro";"Simples";"Interseção de Vias";"Sim";2;0;1;0;1;0;1;2;-29,16145571;-54,87911224;"SPRF-RS";"DEL12-RS";"UOP02-DEL12-RS"
350965;2021-04-10;"sábado";"08:30:00";"RN";427;98;"CAICO";"Acessar a via sem observar a presença dos outros veículos";"Colisão frontal";"Com Vítimas Feridas";"Pleno dia";"Decrescente";"Céu Claro";"Simples";"Reta";"Sim";3;0;0;1;2;0;1;2;-6,4595159;-37,09870577;"SPRF-RN";"DEL03-RN";"UOP01-DEL03-RN"
350966;2021-04-10;"sábado";"09:20:00";"RO";319;64;"PORTO VELHO";"Acessar a via sem observar a presença dos outros veículos";"Colisão transversal";"Com Vítimas Feridas";"Pleno dia";"Crescente";"Céu Claro";"Dupla";"Interseção de Vias";"Sim";2;0;1;0;1;0;1;2;-8,76615123;-63,88465047;"SPRF-RO";"DEL01-RO";"UOP01-DEL01-RO"
350968;2021-04-10;"sábado";"10:45:00";"SP";116;5;"GUARULHOS";"Ausência de reação do condutor";"Colisão traseira";"Com Vítimas Feridas";"Pleno dia";"Decrescente";"Céu Claro";"Simples";"Reta";"Sim";2;0;1;0;1;0;1;2;-23,46143954;-46,48885316;"SPRF-SP";"DEL08-SP";"UOP02-DEL08-SP"
350969;2021-04-10;"sábado";"11:10:00";"RJ";101;537;"PARATY";"Acessar a via sem observar a presença dos outros veículos";"Colisão transversal";"Com Vítimas Feridas";"Pleno dia";"Crescente";"Céu Claro";"Simples";"Reta";"Sim";2;0;1;1;0;0;2;2;-23,04729312;-44,57716888;"SPRF-RJ";"DEL03-RJ";"UOP02-DEL03-RJ"
350971;2021-04-10;"sábado";"11:00:00";"RS";386;343,2;"LAJEADO";"Acessar a via sem observar a presença dos outros veículos";"Colisão transversal";"Com Vítimas Feridas";"Pleno dia";"Crescente";"Sol";"Simples";"Reta";"Não";2;0;1;0;1;0;1;2;-29,43469022;-52,00446942;"SPRF-RS";"DEL04-RS";"UOP01-DEL04-RS"
350972;2021-04-10;"sábado";"11:05:00";"PR";376;182,1;"MARINGA";"Reação tardia ou ineficiente do condutor";"Colisão lateral mesmo sentido";"Com Vítimas Feridas";"Pleno dia";"Decrescente";"Céu Claro";"Dupla";"Curva";"Sim";3;0;1;0;2;0;1;3;-23,43684112;-51,87880764;"SPRF-PR";"DEL09-PR";"UOP01-DEL09-PR"
350973;2021-03-19;"sexta-feira";"22:45:00";"RS";116;189,6;"PICADA CAFE";"Reação tardia ou ineficiente do condutor";"Saída de leito carroçável";"Com Vítimas Feridas";"Plena Noite";"Crescente";"Céu Claro";"Simples";"Curva";"Não";1;0;1;0;0;0;1;1;-29,41439425;-51,12826171;"SPRF-RS";"DEL05-RS";"UOP02-DEL05-RS"
350974;2021-04-10;"sábado";"10:30:00";"MT";163;740,1;"SORRISO";"Avarias e/ou desgaste excessivo no pneu";"Saída de leito carroçável";"Com Vítimas Feridas";"Pleno dia";"Crescente";"Céu Claro";"Simples";"Reta";"Não";1;0;1;0;0;0;1;1;-12,74982305;-55,83298367;"SPRF-MT";"DEL06-MT";"UOP01-DEL06-MT"
350975;2021-04-10;"sábado";"11:50:00";"SC";101;119,8;"ITAJAI";"Condutor deixou de manter distância do veículo da frente";"Colisão lateral mesmo sentido";"Com Vítimas Feridas";"Pleno dia";"Decrescente";"Sol";"Múltipla";"Reta";"Sim";2;0;1;0;1;0;1;2;-26,9043179;-48,71555481;"SPRF-SC";"DEL04-SC";"UOP04-DEL04-SC"
350977;2021-04-10;"sábado";"11:55:00";"PR";116;119,2;"CURITIBA";"Ausência de reação do condutor";"Colisão traseira";"Com Vítimas Feridas";"Pleno dia";"Decrescente";"Sol";"Dupla";"Reta;Aclive;Interseção de Vias";"Sim";2;0;1;0;1;0;1;2;-25,54456009;-49,30146002;"SPRF-PR";"DEL01-PR";"UOP03-DEL01-PR"
350979;2021-04-10;"sábado";"11:15:00";"SC";101;367;"ICARA";"Pedestre cruzava a pista fora da faixa";"Atropelamento de Pedestre";"Com Vítimas Fatais";"Pleno dia";"Decrescente";"Céu Claro";"Múltipla";"Curva";"Não";4;1;1;0;1;1;1;2;-28,69686501;-49,17580247;"SPRF-SC";"DEL02-SC";"UOP01-DEL02-SC"
350983;2021-04-10;"sábado";"13:10:00";"SC";101;112,8;"ITAJAI";"Condutor deixou de manter distância do veículo da frente";"Colisão lateral mesmo sentido";"Com Vítimas Feridas";"Pleno dia";"Decrescente";"Céu Claro";"Dupla";"Reta";"Não";2;0;1;0;1;0;1;2;-26,84589005;-48,72131295;"SPRF-SC";"DEL04-SC";"UOP04-DEL04-SC"
350984;2021-04-10;"sábado";"07:00:00";"BA";242;501,5;"OLIVEIRA DOS BREJINHOS";"Condutor Dormindo";"Tombamento";"Com Vítimas Feridas";"Pleno dia";"Crescente";"Céu Claro";"Simples";"Reta";"Não";2;0;0;1;0;1;1;2;-12,36443817;-42,45914806;"SPRF-BA";"DEL06-BA";"UOP01-DEL06-BA"
350986;2021-04-10;"sábado";"05:00:00";"SC";282;67;"RANCHO QUEIMADO";"Condutor Dormindo";"Saída de leito carroçável";"Sem Vítimas";"Amanhecer";"Crescente";"Céu Claro";"Simples";"Curva";"Não";1;0;0;0;1;0;0;1;-27,695963;-49,0695;"SPRF-SC";"DEL01-SC";"UOP03-DEL01-SC"
350987;2021-04-10;"sábado";"14:19:00";"RS";116;262;"CANOAS";"Acumulo de óleo sobre o pavimento";"Tombamento";"Com Vítimas Feridas";"Pleno dia";"Decrescente";"Céu Claro";"Dupla";"Curva";"Não";2;0;2;0;0;0;2;1;-29,896475;-51,17593;"SPRF-RS";"DEL01-RS";"UOP01-DEL01-RS"
350990;2021-04-10;"sábado";"12:55:00";"SC";101;164,7;"TIJUCAS";"Demais falhas mecânicas ou elétricas";"Tombamento";"Com Vítimas Feridas";"Pleno dia";"Crescente";"Céu Claro";"Dupla";"Reta";"Sim";2;0;1;0;1;0;1;1;-27,243868;-48,6309;"SPRF-SC";"DEL04-SC";"UOP03-DEL04-SC"
350991;2021-04-10;"sábado";"14:30:00";"SC";101;342,6;"TUBARAO";"Demais falhas mecânicas ou elétricas";"Tombamento";"Com Vítimas Feridas";"Pleno dia";"Decrescente";"Céu Claro";"Múltipla";"Reta";"Não";2;0;1;0;1;0;1;1;-28,53858888;-49,05287683;"SPRF-SC";"DEL02-SC";"UOP01-DEL02-SC"
350992;2021-03-27;"sábado";"20:30:00";"GO";364;12;"SAO SIMAO";"Transitar na contramão";"Colisão frontal";"Com Vítimas Feridas";"Plena Noite";"Crescente";"Ignorado";"Simples";"Reta";"Não";4;0;0;2;2;0;2;2;-18,980635;-50,589607;"SPRF-GO";"DEL05-GO";"UOP02-DEL05-GO"
350993;2021-04-10;"sábado";"14:00:00";"PI";343;320,4;"ALTOS";"Manobra de mudança de faixa";"Colisão transversal";"Com Vítimas Feridas";"Pleno dia";"Decrescente";"Céu Claro";"Simples";"Reta";"Não";8;0;0;3;5;0;3;2;-5,048756;-42,569283;"SPRF-PI";"DEL01-PI";"UOP01-DEL01-PI"
350995;2021-04-10;"sábado";"14:40:00";"RJ";40;119;"DUQUE DE CAXIAS";"Demais falhas mecânicas ou elétricas";"Colisão com objeto";"Com Vítimas Feridas";"Pleno dia";"Decrescente";"Céu Claro";"Múltipla";"Reta";"Não";2;0;1;0;1;0;1;1;-22,76375592;-43,28683062;"SPRF-RJ";"DEL01-RJ";"UOP01-DEL01-RJ"
350997;2021-04-10;"sábado";"14:20:00";"MS";158;4,9;"CASSILANDIA";"Ingestão de álcool pelo condutor";"Colisão traseira";"Com Vítimas Feridas";"Pleno dia";"Decrescente";"Céu Claro";"Simples";"Reta";"Sim";3;0;2;0;1;0;2;2;-19,12172416;-51,72355512;"SPRF-MS";"DEL08-MS";"UOP01-DEL08-MS"
350998;2021-04-10;"sábado";"14:30:00";"RS";386;399,2;"TRIUNFO";"Demais falhas mecânicas ou elétricas";"Saída de leito carroçável";"Com Vítimas Feridas";"Pleno dia";"Crescente";"Sol";"Simples";"Reta";"Não";6;0;2;0;3;1;2;2;-29,749271;-51,609505;"SPRF-RS";"DEL04-RS";"UOP02-DEL04-RS"
351001;2021-04-10;"sábado";"15:00:00";"RN";406;102,9;"JOAO CAMARA";"Ingestão de álcool e/ou substâncias psicoativas pelo pedestre";"Colisão traseira";"Com Vítimas Feridas";"Pleno dia";"Crescente";"Céu Claro";"Simples";"Reta";"Sim";4;0;1;0;3;0;1;3;-5,52900453;-35,8176187;"SPRF-RN";"DEL02-RN";"UOP01-DEL02-RN"
351002;2021-04-10;"sábado";"15:45:00";"PB";230;324;"SAO MAMEDE";"Reação tardia ou ineficiente do condutor";"Saída de leito carroçável";"Com Vítimas Feridas";"Pleno dia";"Crescente";"Nublado";"Simples";"Declive;Reta";"Não";3;0;3;0;0;0;3;1;-6,9868;-37,1796;"SPRF-PB";"DEL03-PB";"UOP01-DEL03-PB"
351003;2021-04-10;"sábado";"15:00:00";"SP";116;322;"JUQUITIBA";"Acessar a via sem observar a presença dos outros veículos";"Colisão transversal";"Com Vítimas Feridas";"Pleno dia";"Crescente";"Céu Claro";"Dupla";"Curva";"Não";2;0;0;1;1;0;1;2;-23,935106;-47,026682;"SPRF-SP";"DEL04-SP";"UOP01-DEL04-SP"
351004;2021-04-10;"sábado";"16:00:00";"MG";262;380;"JUATUBA";"Ausência de reação do condutor";"Colisão com objeto";"Com Vítimas Feridas";"Pleno dia";"Decrescente";"Sol";"Múltipla";"Curva";"Não";1;0;1;0;0;0;1;1;-19,93333233;-44,42390442;"SPRF-MG";"DEL01-MG";"UOP03-DEL01-MG"
351006;2021-04-10;"sábado";"16:10:00";"PB";101;19,4;"MAMANGUAPE";"Avarias e/ou desgaste excessivo no pneu";"Saída de leito carroçável";"Com Vítimas Feridas";"Pleno dia";"Crescente";"Chuva";"Dupla";"Curva;Aclive";"Não";2;0;1;0;1;0;1;1;-6,65604609;-35,11912427;"SPRF-PB";"DEL01-PB";"UOP04-DEL01-PB"
351008;2021-04-10;"sábado";"14:30:00";"SC";101;98,6;"BALNEARIO PICARRAS";"Ausência de reação do condutor";"Saída de leito carroçável";"Com Vítimas Feridas";"Pleno dia";"Crescente";"Céu Claro";"Dupla";"Reta";"Não";1;0;1;0;0;0;1;1;-26,73760897;-48,69918789;"SPRF-SC";"DEL03-SC";"UOP02-DEL03-SC"