"id";"data_inversa";"dia_semana";"horario";"uf";"br";"km";"municipio";"causa_acidente";"tipo_acidente";"classificacao_acidente";"fase_dia";"sentido_via";"condicao_metereologica";"tipo_pista";"tracado_via";"uso_solo";"pessoas";"mortos";"feridos_leves";"feridos_graves";"ilesos";"ignorados";"feridos";"veiculos";"latitude";"longitude";"regional";"delegacia";"uop"
351009;2021-04-10;"sábado";"13:30:00";"SC";101;91;"BARRA VELHA";"Desrespeitar a preferência no cruzamento";"Colisão transversal";"Com Vítimas Feridas";"Pleno dia";"Decrescente";"Céu Claro";"Dupla";"Interseção de Vias;Viaduto";"Sim";3;0;1;0;2;0;1;2;-26,67187033;-48,69022608;"SPRF-SC";"DEL03-SC";"UOP02-DEL03-SC"
351010;2021-04-10;"sábado";"16:45:00";"SE";101;95;"NOSSA SENHORA DO SOCORRO";"Velocidade Incompatível";"Saída de leito carroçável";"Sem Vítimas";"Pleno dia";"Decrescente";"Céu Claro";"Dupla";"Reta";"Não";1;0;0;0;0;1;0;1;-10,91256274;-37,15981218;"SPRF-SE";"DEL02-SE";"UOP01-DEL02-SE"
351011;2021-04-10;"sábado";"15:40:00";"SP";116;125;"CACAPAVA";"Ingestão de álcool pelo condutor";"Saída de leito carroçável";"Sem Vítimas";"Pleno dia";"Decrescente";"Sol";"Simples";"Curva";"Sim";1;0;0;0;1;0;0;1;-23,09872598;-45,68608201;"SPRF-SP";"DEL02-SP";"UOP02-DEL02-SP"
351012;2021-04-10;"sábado";"15:30:00";"PR";153;392,2;"MALLET";"Ausência de reação do condutor";"Colisão traseira";"Com Vítimas Feridas";"Pleno dia";"Decrescente";"Sol";"Simples";"Reta";"Não";2;0;1;0;1;0;1;2;-25,89849495;-50,83374277;"SPRF-PR";"DEL02-PR";"UOP04-DEL02-PR"
351013;2021-04-10;"sábado";"15:19:00";"PR";277;406,2;"CANDOI";"Velocidade Incompatível";"Queda de ocupante de veículo";"Com Vítimas Feridas";"Pleno dia";"Crescente";"Céu Claro";"Simples";"Declive;Curva";"Não";1;0;1;0;0;0;1;1;-25,4448093;-51,97419004;"SPRF-PR";"DEL04-PR";"UOP02-DEL04-PR"
351016;2021-04-10;"sábado";"17:00:00";"PR";277;98,8;"CURITIBA";"Condutor deixou de manter distância do veículo da frente";"Colisão lateral mesmo sentido";"Com Vítimas Feridas";"Anoitecer";"Decrescente";"Céu Claro";"Dupla";"Reta";"Sim";3;0;1;0;1;1;1;2;-25,431342;-49,358848;"SPRF-PR";"DEL01-PR";"UOP01-DEL01-PR"
351017;2021-04-10;"sábado";"17:50:00";"DF";70;14;"BRASILIA";"Trafegar com motocicleta (ou similar) entre as faixas";"Colisão lateral mesmo sentido";"Com Vítimas Feridas";"Pleno dia";"Crescente";"Céu Claro";"Dupla";"Reta";"Não";2;0;1;0;1;0;1;2;-15,798888;-48,185043;"SPRF-DF";"DEL03-DF";"UOP02-DEL03-DF"
351018;2021-04-10;"sábado";"16:20:00";"CE";222;20;"CAUCAIA";"Pista esburacada";"Tombamento";"Com Vítimas Feridas";"Pleno dia";"Decrescente";"Céu Claro";"Dupla";"Rotatória";"Não";1;0;1;0;0;0;1;1;-3,7411838;-38,7350389;"SPRF-CE";"DEL01-CE";"UOP01-DEL01-CE"
351020;2021-04-10;"sábado";"17:30:00";"PR";376;600;"CURITIBA";"Ausência de reação do condutor";"Saída de leito carroçável";"Com Vítimas Feridas";"Pleno dia";"Decrescente";"Céu Claro";"Dupla";"Reta";"Sim";4;0;0;2;2;0;2;3;-25,53195602;-49,32205901;"SPRF-PR";"DEL01-PR";"UOP01-DEL01-PR"
351022;2021-04-10;"sábado";"18:00:00";"DF";60;2,6;"BRASILIA";"Ingestão de álcool pelo condutor";"Colisão lateral mesmo sentido";"Sem Vítimas";"Pleno dia";"Decrescente";"Céu Claro";"Dupla";"Reta";"Sim";4;0;0;0;4;0;0;2;-15,887383;-48,077988;"SPRF-DF";"DEL03-DF";"UOP01-DEL03-DF"
351023;2021-04-10;"sábado";"13:40:00";"MG";40;513;"RIBEIRAO DAS NEVES";"Reação tardia ou ineficiente do condutor";"Saída de leito carroçável";"Com Vítimas Feridas";"Pleno dia";"Crescente";"Céu Claro";"Dupla";"Curva";"Sim";1;0;1;0;0;0;1;1;-19,7970544;-44,1080512;"SPRF-MG";"DEL01-MG";"UOP02-DEL01-MG"
351028;2021-04-10;"sábado";"18:20:00";"ES";101;147,1;"LINHARES";"Desrespeitar a preferência no cruzamento";"Colisão transversal";"Com Vítimas Feridas";"Plena Noite";"Crescente";"Céu Claro";"Simples";"Interseção de Vias";"Sim";2;0;1;0;1;0;1;2;-19,37887202;-40,06657892;"SPRF-ES";"DEL04-ES";"UOP01-DEL04-ES"
351029;2021-04-10;"sábado";"18:35:00";"DF";70;13,3;"BRASILIA";"Ingestão de álcool pelo condutor";"Colisão lateral mesmo sentido";"Sem Vítimas";"Plena Noite";"Crescente";"Céu Claro";"Dupla";"Reta";"Sim";2;0;0;0;2;0;0;2;-15,794558;-48,166584;"SPRF-DF";"DEL03-DF";"UOP02-DEL03-DF"
351030;2021-04-10;"sábado";"19:00:00";"RJ";101;398;"ITAGUAI";"Acessar a via sem observar a presença dos outros veículos";"Atropelamento de Pedestre";"Com Vítimas Fatais";"Plena Noite";"Crescente";"Céu Claro";"Múltipla";"Reta";"Sim";2;1;0;0;0;1;0;2;-22,86787912;-43,74862922;"SPRF-RJ";"DEL03-RJ";"UOP01-DEL03-RJ"
351031;2021-04-10;"sábado";"18:30:00";"MG";50;34,8;"ARAGUARI";"Ingestão de álcool pelo condutor";"Saída de leito carroçável";"Sem Vítimas";"Anoitecer";"Crescente";"Céu Claro";"Dupla";"Reta";"Não";2;0;0;0;1;1;0;2;-18,6485629;-48,13354969;"SPRF-MG";"DEL15-MG";"UOP02-DEL15-MG"
351032;2021-04-10;"sábado";"18:45:00";"RS";158;325;"SANTA MARIA";"Reação tardia ou ineficiente do condutor";"Colisão traseira";"Sem Vítimas";"Plena Noite";"Crescente";"Céu Claro";"Simples";"Interseção de Vias;Rotatória";"Sim";3;0;0;0;2;1;0;2;-29,70833214;-53,80110025;"SPRF-RS";"DEL09-RS";"UOP01-DEL09-RS"
351033;2021-04-10;"sábado";"17:25:00";"MT";364;241,2;"JUSCIMEIRA";"Ingestão de álcool e/ou substâncias psicoativas pelo pedestre";"Colisão lateral mesmo sentido";"Com Vítimas Feridas";"Anoitecer";"Crescente";"Céu Claro";"Dupla";"Reta";"Não";2;0;1;0;1;0;1;2;-16,17086222;-54,79226759;"SPRF-MT";"DEL02-MT";"UOP01-DEL02-MT"
351034;2021-04-10;"sábado";"19:00:00";"GO";60;277,5;"JANDAIA";"Animais na Pista";"Atropelamento de Animal";"Com Vítimas Feridas";"Plena Noite";"Crescente";"Nublado";"Dupla";"Reta";"Não";3;0;2;0;1;0;2;1;-17,2201;-50,1857;"SPRF-GO";"DEL04-GO";"UOP01-DEL04-GO"
351035;2021-04-10;"sábado";"18:45:00";"DF";40;3;"BRASILIA";"Manobra de mudança de faixa";"Colisão traseira";"Com Vítimas Feridas";"Plena Noite";"Decrescente";"Céu Claro";"Dupla";"Reta";"Sim";2;0;1;0;1;0;1;2;-16,003145;-47,983944;"SPRF-DF";"DEL01-DF";"UOP01-DEL01-DF"
351036;2021-04-10;"sábado";"18:20:00";"MS";163;279;"DOURADOS";"Velocidade Incompatível";"Saída de leito carroçável";"Sem Vítimas";"Plena Noite";"Crescente";"Céu Claro";"Dupla";"Reta";"Não";2;0;0;0;2;0;0;1;-22,14370378;-54,62685617;"SPRF-MS";"DEL04-MS";"UOP01-DEL04-MS"
351039;2021-04-10;"sábado";"19:20:00";"MG";40;423,2;"CURVELO";"Pedestre cruzava a pista fora da faixa";"Atropelamento de Pedestre";"Com Vítimas Fatais";"Plena Noite";"Decrescente";"Céu Claro";"Dupla";"Curva";"Sim";2;1;0;0;1;0;0;2;-19,15337404;-44,538155;"SPRF-MG";"DEL02-MG";"UOP01-DEL02-MG"
351040;2021-04-10;"sábado";"19:10:00";"PR";369;185;"ARAPONGAS";"Ingestão de álcool pelo condutor";"Colisão transversal";"Com Vítimas Feridas";"Plena Noite";"Decrescente";"Céu Claro";"Simples";"Reta";"Sim";5;0;0;1;2;2;1;3;-23,413275;-51,427121;"SPRF-PR";"DEL07-PR";"UOP02-DEL07-PR"
351042;2021-04-10;"sábado";"18:30:00";"RN";226;1,2;"NATAL";"Ausência de reação do condutor";"Queda de ocupante de veículo";"Com Vítimas Feridas";"Plena Noite";"Decrescente";"Nublado";"Simples";"Reta";"Sim";1;0;1;0;0;0;1;1;-5,80642132;-35,24167278;"SPRF-RN";"DEL01-RN";"UOP02-DEL01-RN"
351043;2021-04-10;"sábado";"17:25:00";"PE";104;37,2;"CARUARU";"Reação tardia ou ineficiente do condutor";"Capotamento";"Sem Vítimas";"Plena Noite";"Decrescente";"Céu Claro";"Dupla";"Curva";"Não";1;0;0;0;0;1;0;1;-8,026115;-36,053188;"SPRF-PE";"DEL02-PE";"UOP01-DEL02-PE"
351044;2021-04-10;"sábado";"19:55:00";"ES";0;0;"RIO NOVO DO SUL";"Acesso irregular";"Colisão com objeto";"Com Vítimas Feridas";"Plena Noite";"Não Informado";"Céu Claro";"Simples";"Reta";"Não";1;0;1;0;0;0;1;1;-20,82072713;-40,84702482;"SPRF-ES";"DEL03-ES";"UOP01-DEL03-ES"
351045;2021-04-10;"sábado";"16:30:00";"PR";163;193;"SANTA TEREZA DO OESTE";"Ingestão de álcool pelo condutor";"Saída de leito carroçável";"Com Vítimas Feridas";"Pleno dia";"Crescente";"Sol";"Dupla";"Reta";"Não";1;0;1;0;0;0;1;1;-25,08630803;-53,59006897;"SPRF-PR";"DEL05-PR";"UOP05-DEL05-PR"
351046;2021-04-10;"sábado";"19:00:00";"MG";40;507,4;"RIBEIRAO DAS NEVES";"Pedestre andava na pista";"Atropelamento de Pedestre";"Com Vítimas Feridas";"Plena Noite";"Decrescente";"Céu Claro";"Dupla";"Reta";"Sim";3;0;0;2;1;0;2;2;-19,75431705;-44,14152606;"SPRF-MG";"DEL02-MG";"UOP01-DEL02-MG"
351047;2021-04-10;"sábado";"18:45:00";"MS";163;459,2;"CAMPO GRANDE";"Manobra de mudança de faixa";"Colisão frontal";"Com Vítimas Feridas";"Plena Noite";"Decrescente";"Céu Claro";"Simples";"Aclive";"Não";5;0;0;5;0;0;5;2;-20,64663492;-54,56591872;"SPRF-MS";"DEL01-MS";"UOP01-DEL01-MS"
351048;2021-04-10;"sábado";"19:15:00";"DF";40;4;"BRASILIA";"Transitar na contramão";"Colisão frontal";"Com Vítimas Feridas";"Plena Noite";"Crescente";"Céu Claro";"Dupla";"Reta";"Sim";2;0;1;0;1;0;1;2;-16,01678138;-47,98152566;"SPRF-DF";"DEL01-DF";"UOP01-DEL01-DF"
351049;2021-04-10;"sábado";"17:35:00";"RS";470;194,8;"BENTO GONCALVES";"Transitar na contramão";"Saída de leito carroçável";"Com Vítimas Feridas";"Pleno dia";"Decrescente";"Céu Claro";"Simples";"Reta";"Sim";1;0;1;0;0;0;1;1;-29,05030203;-51,57387285;"SPRF-RS";"DEL06-RS";"UOP02-DEL06-RS"
351053;2021-04-10;"sábado";"20:10:00";"GO";158;274,4;"JATAI";"Ingestão de álcool pelo condutor";"Colisão frontal";"Com Vítimas Feridas";"Plena Noite";"Crescente";"Céu Claro";"Simples";"Reta";"Sim";5;0;5;0;0;0;5;2;-17,89704019;-51,7366293;"SPRF-GO";"DEL05-GO";"UOP01-DEL05-GO"
351054;2021-04-10;"sábado";"19:40:00";"PR";476;118;"COLOMBO";"Pedestre cruzava a pista fora da faixa";"Atropelamento de Pedestre";"Com Vítimas Feridas";"Plena Noite";"Decrescente";"Nublado";"Múltipla";"Aclive";"Sim";2;0;0;1;1;0;1;2;-25,35634;-49,180828;"SPRF-PR";"DEL01-PR";"UOP02-DEL01-PR"
351055;2021-04-10;"sábado";"20:00:00";"GO";364;109;"CACHOEIRA ALTA";"Ingestão de álcool pelo condutor";"Saída de leito carroçável";"Com Vítimas Feridas";"Anoitecer";"Decrescente";"Céu Claro";"Simples";"Reta";"Não";1;0;1;0;0;0;1;1;-18,340416;-51,127674;"SPRF-GO";"DEL05-GO";"UOP02-DEL05-GO"
351056;2021-04-01;"quinta-feira";"20:50:00";"MT";364;261;"JUSCIMEIRA";"Pista esburacada";"Saída de leito carroçável";"Com Vítimas Feridas";"Plena Noite";"Decrescente";"Céu Claro";"Dupla";"Curva";"Não";1;0;1;0;0;0;1;1;-16,03146754;-54,89455522;"SPRF-MT";"DEL02-MT";"UOP01-DEL02-MT"
351057;2021-04-10;"sábado";"15:35:00";"RS";470;212;"BENTO GONCALVES";"Velocidade Incompatível";"Tombamento";"Com Vítimas Feridas";"Pleno dia";"Crescente";"Céu Claro";"Simples";"Aclive;Curva";"Não";1;0;1;0;0;0;1;1;-29,1311721;-51,54412793;"SPRF-RS";"DEL06-RS";"UOP01-DEL06-RS"
351059;2021-04-10;"sábado";"18:30:00";"MG";354;747,8;"ITANHANDU";"Trafegar com motocicleta (ou similar) entre as faixas";"Colisão frontal";"Com Vítimas Fatais";"Plena Noite";"Decrescente";"Céu Claro";"Simples";"Reta";"Não";4;1;0;0;3;0;0;2;-22,26578926;-44,9042579;"SPRF-MG";"DEL17-MG";"UOP01-DEL17-MG"
351061;2021-04-10;"sábado";"19:50:00";"PR";277;303;"PRUDENTOPOLIS";"Ultrapassagem Indevida";"Colisão lateral mesmo sentido";"Com Vítimas Feridas";"Plena Noite";"Decrescente";"Céu Claro";"Simples";"Curva";"Não";3;0;3;0;0;0;3;2;-25,312864;-51,17787;"SPRF-PR";"DEL08-PR";"UOP01-DEL08-PR"
351062;2021-04-10;"sábado";"20:15:00";"PI";343;306,7;"ALTOS";"Reação tardia ou ineficiente do condutor";"Colisão com objeto";"Com Vítimas Feridas";"Plena Noite";"Crescente";"Céu Claro";"Simples";"Reta";"Sim";1;0;1;0;0;0;1;1;-5,038756;-42,450893;"SPRF-PI";"DEL01-PI";"UOP01-DEL01-PI"
351063;2021-04-10;"sábado";"19:30:00";"PR";277;668;"MEDIANEIRA";"Ausência de reação do condutor";"Saída de leito carroçável";"Com Vítimas Feridas";"Plena Noite";"Decrescente";"Céu Claro";"Dupla";"Reta";"Sim";2;0;2;0;0;0;2;1;-25,27063805;-54,06252597;"SPRF-PR";"DEL05-PR";"UOP02-DEL05-PR"
351064;2021-04-10;"sábado";"19:00:00";"MG";50;116,7;"UBERABA";"Acumulo de óleo sobre o pavimento";"Queda de ocupante de veículo";"Com Vítimas Feridas";"Plena Noite";"Crescente";"Ignorado";"Dupla";"Reta";"Não";1;0;1;0;0;0;1;1;-19,27451393;-48,12473983;"SPRF-MG";"DEL13-MG";"UOP01-DEL13-MG"
351065;2021-04-10;"sábado";"15:00:00";"PR";153;392,2;"MALLET";"Curva acentuada";"Colisão frontal";"Com Vítimas Feridas";"Pleno dia";"Decrescente";"Céu Claro";"Simples";"Curva";"Não";2;0;1;0;1;0;1;2;-25,89849495;-50,83374277;"SPRF-PR";"DEL02-PR";"UOP04-DEL02-PR"
351066;2021-04-10;"sábado";"20:10:00";"MT";163;746;"SORRISO";"Animais na Pista";"Saída de leito carroçável";"Com Vítimas Feridas";"Plena Noite";"Crescente";"Ignorado";"Simples";"Rotatória";"Sim";1;0;1;0;0;0;1;1;-12,7007392;-55,81389079;"SPRF-MT";"DEL06-MT";"UOP01-DEL06-MT"
351067;2021-04-10;"sábado";"20:20:00";"PR";476;277,6;"SAO MATEUS DO SUL";"Desrespeitar a preferência no cruzamento";"Colisão transversal";"Com Vítimas Feridas";"Plena Noite";"Crescente";"Céu Claro";"Simples";"Reta";"Sim";2;0;1;0;0;1;1;2;-25,875048;-50,390919;"SPRF-PR";"DEL02-PR";"UOP04-DEL02-PR"
351068;2021-04-10;"sábado";"20:17:00";"RJ";116;317;"ITATIAIA";"Desrespeitar a preferência no cruzamento";"Colisão frontal";"Com Vítimas Feridas";"Plena Noite";"Crescente";"Céu Claro";"Simples";"Interseção de Vias";"Não";5;0;3;2;0;0;5;2;-22,4891446;-44,55576181;"SPRF-RJ";"DEL07-RJ";"UOP02-DEL07-RJ"
351069;2021-04-10;"sábado";"21:15:00";"PR";277;722,9;"FOZ DO IGUACU";"Velocidade Incompatível";"Saída de leito carroçável";"Com Vítimas Feridas";"Plena Noite";"Decrescente";"Céu Claro";"Dupla";"Reta";"Sim";1;0;0;1;0;0;1;1;-25,49494908;-54,52095097;"SPRF-PR";"DEL05-PR";"UOP03-DEL05-PR"
351070;2021-04-10;"sábado";"17:35:00";"PR";376;170;"MARINGA";"Velocidade Incompatível";"Capotamento";"Sem Vítimas";"Pleno dia";"Decrescente";"Céu Claro";"Dupla";"Reta";"Não";1;0;0;0;1;0;0;1;-23,41595703;-51,97950402;"SPRF-PR";"DEL09-PR";"UOP01-DEL09-PR"
351071;2021-04-10;"sábado";"21:00:00";"PB";230;141;"CAMPINA GRANDE";"Reação tardia ou ineficiente do condutor";"Saída de leito carroçável";"Com Vítimas Feridas";"Plena Noite";"Decrescente";"Nublado";"Dupla";"Reta";"Não";1;0;1;0;0;0;1;1;-7,2612;-35,8061;"SPRF-PB";"DEL02-PB";"UOP01-DEL02-PB"
351072;2021-04-10;"sábado";"20:40:00";"ES";262;16;"VIANA";"Ingestão de álcool pelo condutor";"Colisão com objeto";"Com Vítimas Feridas";"Plena Noite";"Crescente";"Céu Claro";"Simples";"Curva";"Não";2;0;1;0;0;1;1;2;-20,38441093;-40,463078;"SPRF-ES";"DEL01-ES";"UOP01-DEL01-ES"
351073;2021-04-10;"sábado";"20:30:00";"PR";116;107;"SAO JOSE DOS PINHAIS";"Ingestão de álcool pelo condutor";"Colisão lateral sentido oposto";"Sem Vítimas";"Plena Noite";"Crescente";"Nublado";"Dupla";"Reta";"Não";2;0;0;0;2;0;0;2;-25,56989668;-49,18778205;"SPRF-PR";"DEL01-PR";"UOP01-DEL01-PR"
351074;2021-04-10;"sábado";"18:40:00";"RO";364;424;"JARU";"Acessar a via sem observar a presença dos outros veículos";"Colisão transversal";"Com Vítimas Feridas";"Anoitecer";"Decrescente";"Nublado";"Múltipla";"Interseção de Vias";"Sim";2;0;1;0;1;0;1;2;-10,44457274;-62,46568412;"SPRF-RO";"DEL03-RO";"UOP02-DEL03-RO"
351075;2021-04-10;"sábado";"21:50:00";"ES";101;85,1;"SAO MATEUS";"Pedestre andava na pista";"Atropelamento de Pedestre";"Com Vítimas Feridas";"Plena Noite";"Crescente";"Céu Claro";"Simples";"Reta";"Sim";2;0;0;1;1;0;1;2;-18,8582021;-39,93425387;"SPRF-ES";"DEL04-ES";"UOP02-DEL04-ES"
351076;2021-04-10;"sábado";"22:00:00";"SC";101;237;"PALHOCA";"Ausência de reação do condutor";"Capotamento";"Com Vítimas Feridas";"Plena Noite";"Crescente";"Céu Claro";"Dupla";"Reta";"Não";1;0;1;0;0;0;1;1;-27,83490593;-48,63077716;"SPRF-SC";"DEL01-SC";"UOP02-DEL01-SC"
351077;2021-04-10;"sábado";"21:15:00";"MS";376;19;"FATIMA DO SUL";"Velocidade Incompatível";"Colisão com objeto";"Com Vítimas Feridas";"Pleno dia";"Crescente";"Céu Claro";"Simples";"Reta";"Não";1;0;1;0;0;0;1;1;-22,325104;-54,576341;"SPRF-MS";"DEL04-MS";"UOP04-DEL04-MS"
351079;2021-04-10;"sábado";"20:30:00";"RS";386;2,9;"IRAI";"Ingestão de álcool pelo condutor";"Colisão lateral mesmo sentido";"Com Vítimas Feridas";"Plena Noite";"Crescente";"Céu Claro";"Simples";"Reta";"Não";2;0;1;1;0;0;2;2;-27,178265;-53,243065;"SPRF-RS";"DEL08-RS";"UOP02-DEL08-RS"
351081;2021-04-10;"sábado";"21:15:00";"RJ";116;166,4;"RIO DE JANEIRO";"Demais falhas mecânicas ou elétricas";"Capotamento";"Com Vítimas Feridas";"Plena Noite";"Crescente";"Céu Claro";"Dupla";"Reta";"Sim";2;0;1;0;1;0;1;1;-22,81560263;-43,30051808;"SPRF-RJ";"DEL01-RJ";"UOP01-DEL01-RJ"
351082;2021-04-10;"sábado";"22:15:00";"SP";116;56,8;"LORENA";"Manobra de mudança de faixa";"Saída de leito carroçável";"Sem Vítimas";"Plena Noite";"Crescente";"Céu Claro";"Dupla";"Reta";"Não";1;0;0;0;1;0;0;1;-22,76904403;-45,13040598;"SPRF-SP";"DEL08-SP";"UOP01-DEL08-SP"
351084;2021-04-10;"sábado";"21:00:00";"ES";262;16;"VIANA";"Demais falhas mecânicas ou elétricas";"Colisão traseira";"Sem Vítimas";"Plena Noite";"Crescente";"Céu Claro";"Simples";"Reta";"Não";2;0;0;0;2;0;0;2;-20,38441093;-40,463078;"SPRF-ES";"DEL01-ES";"UOP01-DEL01-ES"
351085;2021-04-10;"sábado";"17:40:00";"RS";471;172;"RIO PARDO";"Desrespeitar a preferência no cruzamento";"Colisão transversal";"Com Vítimas Feridas";"Pleno dia";"Crescente";"Céu Claro";"Simples";"Reta";"Sim";2;0;2;0;0;0;2;2;-29,95607036;-52,37118982;"SPRF-RS";"DEL02-RS";"UOP03-DEL02-RS"
351086;2021-04-10;"sábado";"22:30:00";"AL";104;88,9;"RIO LARGO";"Velocidade Incompatível";"Colisão transversal";"Com Vítimas Feridas";"Plena Noite";"Decrescente";"Chuva";"Dupla";"Reta";"Sim";3;0;1;0;1;1;1;2;-9,49216808;-35,81471324;"SPRF-AL";"DEL01-AL";"UOP01-DEL01-AL"
351088;2021-04-10;"sábado";"06:00:00";"SC";282;490,3;"FAXINAL DOS GUEDES";"Ingestão de álcool pelo condutor";"Saída de leito carroçável";"Sem Vítimas";"Amanhecer";"Crescente";"Céu Claro";"Simples";"Reta";"Não";1;0;0;0;0;1;0;1;-26,874599;-52,282806;"SPRF-SC";"DEL07-SC";"UOP01-DEL07-SC"
351089;2021-04-10;"sábado";"22:30:00";"RJ";393;130;"SAPUCAIA";"Transitar na contramão";"Colisão frontal";"Com Vítimas Feridas";"Plena Noite";"Crescente";"Céu Claro";"Simples";"Aclive;Reta";"Não";2;0;0;1;1;0;1;2;-21,96535716;-42,86837098;"SPRF-RJ";"DEL05-RJ";"UOP01-DEL05-RJ"
351090;2021-04-10;"sábado";"16:40:00";"PB";361;83;"PIANCO";"Manobra de mudança de faixa";"Colisão transversal";"Com Vítimas Feridas";"Anoitecer";"Crescente";"Nublado";"Simples";"Reta";"Sim";2;0;2;0;0;0;2;2;-7,1891707;-37,92068612;"SPRF-PB";"DEL03-PB";"UOP01-DEL03-PB"
351091;2021-04-10;"sábado";"22:10:00";"SC";470;114;"IBIRAMA";"Velocidade Incompatível";"Colisão traseira";"Com Vítimas Feridas";"Plena Noite";"Decrescente";"Céu Claro";"Simples";"Reta";"Sim";2;0;1;0;1;0;1;2;-27,086386;-49,478001;"SPRF-SC";"DEL04-SC";"UOP02-DEL04-SC"
351093;2021-04-10;"sábado";"22:40:00";"PE";101;54,2;"PAULISTA";"Chuva";"Colisão traseira";"Sem Vítimas";"Plena Noite";"Crescente";"Chuva";"Dupla";"Reta";"Não";2;0;0;0;1;1;0;2;-7,93961103;-34,90356584;"SPRF-PE";"DEL01-PE";"UOP02-DEL01-PE"
351094;2021-04-10;"sábado";"20:30:00";"SC";101;12;"GARUVA";"Velocidade Incompatível";"Saída de leito carroçável";"Com Vítimas Fatais";"Plena Noite";"Crescente";"Céu Claro";"Dupla";"Reta";"Não";1;1;0;0;0;0;0;1;-26,08104399;-48,86175612;"SPRF-SC";"DEL03-SC";"UOP01-DEL03-SC"
351095;2021-04-10;"sábado";"23:30:00";"RS";101;35,2;"TRES CACHOEIRAS";"Ingestão de álcool pelo condutor";"Colisão traseira";"Sem Vítimas";"Plena Noite";"Decrescente";"Nublado";"Dupla";"Reta";"Sim";2;0;0;0;2;0;0;2;-29,51719812;-49,99124485;"SPRF-RS";"DEL03-RS";"UOP02-DEL03-RS"
351096;2021-04-10;"sábado";"17:45:00";"SC";101;409;"ARARANGUA";"Frear bruscamente";"Tombamento";"Com Vítimas Feridas";"Anoitecer";"Decrescente";"Céu Claro";"Simples";"Rotatória";"Sim";2;0;2;0;0;0;2;1;-28,93996042;-49,4978714;"SPRF-SC";"DEL02-SC";"UOP02-DEL02-SC"
351097;2021-04-10;"sábado";"22:15:00";"CE";116;35,8;"HORIZONTE";"Velocidade Incompatível";"Colisão com objeto";"Sem Vítimas";"Plena Noite";"Crescente";"Chuva";"Dupla";"Reta;Aclive";"Não";1;0;0;0;0;1;0;1;-4,06027285;-38,50434596;"SPRF-CE";"DEL01-CE";"UOP02-DEL01-CE"
351098;2021-04-10;"sábado";"18:55:00";"SC";101;434;"SOMBRIO";"Ingestão de álcool pelo condutor";"Colisão traseira";"Com Vítimas Feridas";"Plena Noite";"Crescente";"Céu Claro";"Dupla";"Reta";"Sim";4;0;1;0;2;1;1;4;-29,09075196;-49,63226114;"SPRF-SC";"DEL02-SC";"UOP02-DEL02-SC"
351100;2021-04-10;"sábado";"19:05:00";"PB";230;322,4;"SAO MAMEDE";"Ultrapassagem Indevida";"Colisão frontal";"Com Vítimas Feridas";"Plena Noite";"Decrescente";"Chuva";"Simples";"Reta";"Não";3;0;1;2;0;0;3;2;-6,9778;-37,1642;"SPRF-PB";"DEL03-PB";"UOP01-DEL03-PB"
351101;2021-04-10;"sábado";"23:05:00";"RS";290;655;"URUGUAIANA";"Ingestão de álcool pelo condutor";"Saída de leito carroçável";"Com Vítimas Feridas";"Plena Noite";"Crescente";"Céu Claro";"Simples";"Reta";"Não";1;0;1;0;0;0;1;1;-30,005001;-56,468792;"SPRF-RS";"DEL13-RS";"UOP01-DEL13-RS"
351102;2021-04-10;"sábado";"20:20:00";"RJ";101;475;"ANGRA DOS REIS";"Ingestão de álcool pelo condutor";"Saída de leito carroçável";"Sem Vítimas";"Plena Noite";"Crescente";"Céu Claro";"Simples";"Curva";"Não";1;0;0;0;1;0;0;1;-23,00030529;-44,25655988;"SPRF-RJ";"DEL03-RJ";"UOP03-DEL03-RJ"
351104;2021-04-11;"domingo";"00:10:00";"PR";369;163;"CAMBE";"Velocidade Incompatível";"Saída de leito carroçável";"Com Vítimas Feridas";"Plena Noite";"Crescente";"Céu Claro";"Dupla";"Reta";"Sim";2;0;2;0;0;0;2;1;-23,296176;-51,272987;"SPRF-PR";"DEL07-PR";"UOP01-DEL07-PR"
351107;2021-04-10;"sábado";"22:45:00";"MT";364;557,5;"ROSARIO OESTE";"Objeto estático sobre o leito carroçável";"Colisão com objeto";"Com Vítimas Feridas";"Plena Noite";"Decrescente";"Nublado";"Dupla";"Reta";"Não";2;0;2;0;0;0;2;1;-14,80097198;-56,40767703;"SPRF-MT";"DEL01-MT";"UOP01-DEL01-MT"
351108;2021-04-11;"domingo";"00:30:00";"RJ";101;303;"SAO GONCALO";"Condutor Dormindo";"Colisão com objeto";"Com Vítimas Feridas";"Plena Noite";"Crescente";"Céu Claro";"Dupla";"Reta";"Sim";1;0;1;0;0;0;1;1;-22,7828205;-42,9766681;"SPRF-RJ";"DEL02-RJ";"UOP02-DEL02-RJ"
351110;2021-04-10;"sábado";"18:30:00";"MA";402;2;"BACABEIRA";"Transitar na contramão";"Colisão transversal";"Com Vítimas Fatais";"Plena Noite";"Decrescente";"Chuva";"Simples";"Reta";"Não";2;1;0;0;1;0;0;2;-2,95844674;-44,29958046;"SPRF-MA";"DEL01-MA";"UOP01-DEL01-MA"
351111;2021-04-11;"domingo";"00:15:00";"PR";476;141;"CURITIBA";"Velocidade Incompatível";"Capotamento";"Com Vítimas Feridas";"Plena Noite";"Decrescente";"Céu Claro";"Dupla";"Reta";"Sim";1;0;0;1;0;0;1;1;-25,528614;-49,298798;"SPRF-PR";"DEL01-PR";"UOP03-DEL01-PR"
351112;2021-04-11;"domingo";"00:20:00";"RO";319;63;"PORTO VELHO";"Transitar na contramão";"Colisão transversal";"Sem Vítimas";"Plena Noite";"Crescente";"Nublado";"Dupla";"Reta";"Sim";3;0;0;0;0;3;0;3;-8,766685;-63,884052;"SPRF-RO";"DEL01-RO";"UOP01-DEL01-RO"