"id";"data_inversa";"dia_semana";"horario";"uf";"br";"km";"municipio";"causa_acidente";"tipo_acidente";"classificacao_acidente";"fase_dia";"sentido_via";"condicao_metereologica";"tipo_pista";"tracado_via";"uso_solo";"pessoas";"mortos";"feridos_leves";"feridos_graves";"ilesos";"ignorados";"feridos";"veiculos";"latitude";"longitude";"regional";"delegacia";"uop"
351328;2021-04-12;"segunda-feira";"04:30:00";"ES";101;203;"JOAO NEIVA";"Velocidade Incompatível";"Saída de leito carroçável";"Sem Vítimas";"Plena Noite";"Crescente";"Céu Claro";"Simples";"Reta";"Não";1;0;0;0;0;1;0;1;-19,74448248;-40,37263506;"SPRF-ES";"DEL04-ES";"UOP01-DEL04-ES"
351329;2021-04-12;"segunda-feira";"04:30:00";"PE";104;82,7;"AGRESTINA";"Animais na Pista";"Atropelamento de Animal";"Com Vítimas Feridas";"Amanhecer";"Decrescente";"Garoa/Chuvisco";"Simples";"Reta";"Não";1;0;1;0;0;0;1;1;-8,414513;-35,967102;"SPRF-PE";"DEL02-PE";"UOP01-DEL02-PE"
351330;2021-04-12;"segunda-feira";"04:00:00";"BA";116;9;"VITORIA DA CONQUISTA";"Animais na Pista";"Atropelamento de Animal";"Com Vítimas Feridas";"Plena Noite";"Crescente";"Nublado";"Simples";"Reta";"Sim";1;0;0;1;0;0;1;1;-14,85898;-40,87964;"SPRF-BA";"DEL08-BA";"UOP01-DEL08-BA"
351331;2021-04-12;"segunda-feira";"03:05:00";"GO";364;122,5;"APARECIDA DO RIO DOCE";"Ausência de reação do condutor";"Saída de leito carroçável";"Sem Vítimas";"Plena Noite";"Crescente";"Céu Claro";"Simples";"Reta";"Não";1;0;0;0;1;0;0;1;-18,27116;-51,212036;"SPRF-GO";"DEL05-GO";"UOP01-DEL05-GO"
351332;2021-04-12;"segunda-feira";"00:25:00";"RJ";116;40;"TERESOPOLIS";"Ausência de reação do condutor";"Queda de ocupante de veículo";"Com Vítimas Feridas";"Plena Noite";"Crescente";"Céu Claro";"Simples";"Reta";"Não";1;0;1;0;0;0;1;1;-22,133427;-42,779522;"SPRF-RJ";"DEL04-RJ";"UOP01-DEL04-RJ"
351333;2021-04-11;"domingo";"20:55:00";"SC";101;333;"TUBARAO";"Velocidade Incompatível";"Tombamento";"Com Vítimas Feridas";"Plena Noite";"Crescente";"Céu Claro";"Simples";"Rotatória";"Sim";1;0;1;0;0;0;1;1;-28,46630107;-48,99653096;"SPRF-SC";"DEL02-SC";"UOP01-DEL02-SC"
351334;2021-04-12;"segunda-feira";"05:30:00";"SC";101;126;"ITAJAI";"Demais falhas mecânicas ou elétricas";"Tombamento";"Com Vítimas Feridas";"Plena Noite";"Decrescente";"Céu Claro";"Dupla";"Curva";"Não";1;0;1;0;0;0;1;1;-26,95564404;-48,67978366;"SPRF-SC";"DEL04-SC";"UOP04-DEL04-SC"
351335;2021-04-12;"segunda-feira";"05:40:00";"SC";101;264;"GAROPABA";"Velocidade Incompatível";"Saída de leito carroçável";"Com Vítimas Feridas";"Plena Noite";"Crescente";"Garoa/Chuvisco";"Dupla";"Curva";"Não";1;0;1;0;0;0;1;1;-28,05149404;-48,71632789;"SPRF-SC";"DEL02-SC";"UOP03-DEL02-SC"
351336;2021-04-12;"segunda-feira";"03:00:00";"MG";381;538,9;"ITATIAIUCU";"Pedestre andava na pista";"Atropelamento de Pedestre";"Com Vítimas Fatais";"Plena Noite";"Crescente";"Nublado";"Dupla";"Curva";"Não";2;1;0;0;0;1;0;2;-20,23654769;-44,40777735;"SPRF-MG";"DEL04-MG";"UOP03-DEL04-MG"
351337;2021-04-12;"segunda-feira";"06:45:00";"DF";40;3;"BRASILIA";"Condutor deixou de manter distância do veículo da frente";"Colisão traseira";"Com Vítimas Feridas";"Amanhecer";"Decrescente";"Céu Claro";"Dupla";"Reta";"Sim";2;0;1;0;1;0;1;2;-16,003145;-47,983944;"SPRF-DF";"DEL01-DF";"UOP01-DEL01-DF"
351338;2021-04-11;"domingo";"23:00:00";"CE";230;103;"FARIAS BRITO";"Condutor Dormindo";"Saída de leito carroçável";"Com Vítimas Fatais";"Plena Noite";"Decrescente";"Chuva";"Simples";"Aclive";"Não";1;1;0;0;0;0;0;1;-6,870788;-39,496353;"SPRF-CE";"DEL05-CE";"UOP01-DEL05-CE"
351339;2021-04-12;"segunda-feira";"06:20:00";"PR";277;597;"CASCAVEL";"Velocidade Incompatível";"Colisão lateral mesmo sentido";"Com Vítimas Fatais";"Amanhecer";"Crescente";"Nevoeiro/Neblina";"Dupla";"Reta";"Sim";2;1;1;0;0;0;1;2;-24,99513602;-53,51418998;"SPRF-PR";"DEL04-PR";"UOP01-DEL04-PR"
351340;2021-04-11;"domingo";"18:00:00";"PE";101;3,2;"GOIANA";"Chuva";"Saída de leito carroçável";"Com Vítimas Feridas";"Plena Noite";"Crescente";"Chuva";"Dupla";"Curva";"Não";4;0;1;0;3;0;1;1;-7,52387351;-34,99333161;"SPRF-PE";"DEL01-PE";"UOP02-DEL01-PE"
351342;2021-04-12;"segunda-feira";"06:20:00";"DF";70;11,3;"BRASILIA";"Condutor deixou de manter distância do veículo da frente";"Colisão traseira";"Sem Vítimas";"Pleno dia";"Decrescente";"Céu Claro";"Dupla";"Reta";"Não";3;0;0;0;3;0;0;2;-15,789762;-48,148727;"SPRF-DF";"DEL03-DF";"UOP02-DEL03-DF"
351343;2021-04-12;"segunda-feira";"07:30:00";"AP";210;5;"MACAPA";"Acessar a via sem observar a presença dos outros veículos";"Colisão transversal";"Com Vítimas Feridas";"Pleno dia";"Crescente";"Céu Claro";"Dupla";"Interseção de Vias";"Sim";3;0;1;1;1;0;2;2;0,09055062;-51,10349413;"SPRF-AP";"DEL01-AP";"UOP01-DEL01-AP"
351344;2021-04-12;"segunda-feira";"06:30:00";"PE";101;70;"RECIFE";"Ausência de sinalização";"Colisão com objeto";"Com Vítimas Feridas";"Pleno dia";"Crescente";"Chuva";"Dupla";"Reta;Desvio Temporário;Em Obras";"Sim";1;0;1;0;0;0;1;1;-8,06776119;-34,94265074;"SPRF-PE";"DEL01-PE";"UOP01-DEL01-PE"
351346;2021-04-12;"segunda-feira";"07:05:00";"SC";101;117,5;"ITAJAI";"Condutor deixou de manter distância do veículo da frente";"Colisão traseira";"Com Vítimas Feridas";"Pleno dia";"Decrescente";"Céu Claro";"Simples";"Reta";"Sim";2;0;1;0;1;0;1;2;-26,88747187;-48,72252969;"SPRF-SC";"DEL04-SC";"UOP04-DEL04-SC"
351349;2021-04-12;"segunda-feira";"07:45:00";"PR";277;77;"SAO JOSE DOS PINHAIS";"Trafegar com motocicleta (ou similar) entre as faixas";"Colisão traseira";"Com Vítimas Feridas";"Pleno dia";"Crescente";"Céu Claro";"Dupla";"Reta";"Sim";2;0;1;0;1;0;1;2;-25,51327981;-49,12433291;"SPRF-PR";"DEL01-PR";"UOP01-DEL01-PR"
351350;2021-04-12;"segunda-feira";"07:50:00";"RS";386;384,1;"TABAI";"Reação tardia ou ineficiente do condutor";"Saída de leito carroçável";"Com Vítimas Feridas";"Pleno dia";"Crescente";"Sol";"Dupla";"Reta";"Não";1;0;1;0;0;0;1;1;-29,676041;-51,731548;"SPRF-RS";"DEL04-RS";"UOP02-DEL04-RS"
351351;2021-04-12;"segunda-feira";"07:10:00";"MG";381;498;"BETIM";"Velocidade Incompatível";"Queda de ocupante de veículo";"Com Vítimas Feridas";"Pleno dia";"Crescente";"Céu Claro";"Dupla";"Reta";"Sim";1;0;1;0;0;0;1;1;-20,01172662;-44,21976041;"SPRF-MG";"DEL01-MG";"UOP03-DEL01-MG"
351352;2021-04-12;"segunda-feira";"07:00:00";"RJ";40;110;"DUQUE DE CAXIAS";"Acessar a via sem observar a presença dos outros veículos";"Colisão traseira";"Sem Vítimas";"Pleno dia";"Decrescente";"Céu Claro";"Múltipla";"Reta";"Sim";3;0;0;0;3;0;0;3;-22,68289906;-43,28549346;"SPRF-RJ";"DEL01-RJ";"UOP01-DEL01-RJ"
351354;2021-04-12;"segunda-feira";"08:05:00";"RS";290;102;"PORTO ALEGRE";"Manobra de mudança de faixa";"Colisão traseira";"Com Vítimas Feridas";"Pleno dia";"Decrescente";"Nublado";"Dupla";"Ponte";"Não";2;0;1;0;1;0;1;2;-29,99115196;-51,2688407;"SPRF-RS";"DEL01-RS";"UOP01-DEL01-RS"
351355;2021-04-11;"domingo";"22:00:00";"SP";101;39,1;"UBATUBA";"Acesso irregular";"Saída de leito carroçável";"Sem Vítimas";"Plena Noite";"Decrescente";"Céu Claro";"Simples";"Curva";"Não";1;0;0;0;1;0;0;1;-23,41370139;-45,02666492;"SPRF-SP";"DEL06-SP";"UOP01-DEL06-SP"
351356;2021-04-12;"segunda-feira";"07:00:00";"PE";423;176;"AGUAS BELAS";"Conversão proibida";"Colisão lateral sentido oposto";"Com Vítimas Fatais";"Pleno dia";"Decrescente";"Nublado";"Simples";"Reta";"Sim";2;1;0;0;1;0;0;2;-9,12985134;-37,10552899;"SPRF-AL";"DEL03-AL";"UOP02-DEL03-AL"
351357;2021-04-12;"segunda-feira";"07:10:00";"PR";272;562,9;"GUAIRA";"Acessar a via sem observar a presença dos outros veículos";"Colisão transversal";"Com Vítimas Feridas";"Pleno dia";"Decrescente";"Céu Claro";"Simples";"Reta";"Não";3;0;1;0;2;0;1;2;-24,08347738;-54,17145489;"SPRF-PR";"DEL06-PR";"UOP01-DEL06-PR"
351358;2021-04-12;"segunda-feira";"08:30:00";"PR";476;145;"ARAUCARIA";"Condutor deixou de manter distância do veículo da frente";"Colisão traseira";"Com Vítimas Feridas";"Pleno dia";"Decrescente";"Céu Claro";"Dupla";"Reta";"Sim";3;0;2;0;1;0;2;2;-25,547749;-49,32095;"SPRF-PR";"DEL01-PR";"UOP03-DEL01-PR"
351359;2021-04-12;"segunda-feira";"08:35:00";"PR";476;145;"CURITIBA";"Manobra de mudança de faixa";"Colisão traseira";"Sem Vítimas";"Pleno dia";"Crescente";"Céu Claro";"Dupla";"Reta";"Não";2;0;0;0;2;0;0;2;-25,547749;-49,32095;"SPRF-PR";"DEL01-PR";"UOP03-DEL01-PR"
351360;2021-04-12;"segunda-feira";"07:15:00";"RJ";116;266,6;"BARRA MANSA";"Avarias e/ou desgaste excessivo no pneu";"Queda de ocupante de veículo";"Com Vítimas Feridas";"Amanhecer";"Crescente";"Céu Claro";"Dupla";"Reta";"Não";2;0;1;0;1;0;1;1;-22,58856193;-44,09534501;"SPRF-RJ";"DEL07-RJ";"UOP02-DEL07-RJ"
351361;2021-04-08;"quinta-feira";"16:40:00";"GO";0;0;"LUZIANIA";"Demais falhas mecânicas ou elétricas";"Colisão com objeto";"Sem Vítimas";"Pleno dia";"Não Informado";"Céu Claro";"Dupla";"Reta";"Não";1;0;0;0;1;0;0;1;-16,34274;-47,83544;"SPRF-DF";"DEL01-DF";"UOP02-DEL01-DF"
351362;2021-04-12;"segunda-feira";"08:55:00";"DF";60;0,6;"BRASILIA";"Área urbana sem a presença de local apropriado para a travessia de pedestres";"Atropelamento de Pedestre";"Com Vítimas Feridas";"Pleno dia";"Crescente";"Céu Claro";"Dupla";"Reta";"Sim";2;0;1;0;1;0;1;2;-15,88357858;-48,06550741;"SPRF-DF";"DEL03-DF";"UOP01-DEL03-DF"
351363;2021-04-12;"segunda-feira";"07:22:00";"RO";364;11;"VILHENA";"Desrespeitar a preferência no cruzamento";"Colisão transversal";"Com Vítimas Feridas";"Pleno dia";"Decrescente";"Céu Claro";"Simples";"Interseção de Vias";"Sim";2;0;0;1;1;0;1;2;-12,74605898;-60,11270299;"SPRF-RO";"DEL04-RO";"UOP01-DEL04-RO"
351364;2021-03-31;"quarta-feira";"13:00:00";"PI";343;240;"COCAL DE TELHA";"Acessar a via sem observar a presença dos outros veículos";"Colisão transversal";"Com Vítimas Fatais";"Pleno dia";"Crescente";"Céu Claro";"Simples";"Reta";"Não";2;1;0;0;1;0;0;2;-4,654975;-42,053921;"SPRF-PI";"DEL01-PI";"UOP03-DEL01-PI"
351365;2021-04-12;"segunda-feira";"08:20:00";"SC";280;58,6;"GUARAMIRIM";"Reação tardia ou ineficiente do condutor";"Colisão transversal";"Com Vítimas Feridas";"Pleno dia";"Crescente";"Nublado";"Simples";"Interseção de Vias";"Sim";2;0;1;0;1;0;1;2;-26,4754998;-49,03126359;"SPRF-SC";"DEL03-SC";"UOP03-DEL03-SC"
351366;2021-04-12;"segunda-feira";"09:30:00";"SP";116;201;"ARUJA";"Reação tardia ou ineficiente do condutor";"Saída de leito carroçável";"Com Vítimas Feridas";"Pleno dia";"Decrescente";"Céu Claro";"Múltipla";"Curva";"Não";1;0;1;0;0;0;1;1;-23,40362877;-46,33050107;"SPRF-SP";"DEL01-SP";"UOP01-DEL01-SP"
351367;2021-04-12;"segunda-feira";"09:35:00";"PR";277;77;"SAO JOSE DOS PINHAIS";"Reação tardia ou ineficiente do condutor";"Colisão lateral mesmo sentido";"Com Vítimas Feridas";"Pleno dia";"Crescente";"Nublado";"Dupla";"Reta";"Sim";2;0;1;0;1;0;1;2;-25,51327981;-49,12433291;"SPRF-PR";"DEL01-PR";"UOP01-DEL01-PR"
351368;2021-04-12;"segunda-feira";"08:30:00";"RJ";40;105;"DUQUE DE CAXIAS";"Retorno proibido";"Colisão traseira";"Com Vítimas Feridas";"Pleno dia";"Decrescente";"Céu Claro";"Dupla";"Aclive";"Sim";2;0;1;0;1;0;1;2;-22,63784806;-43,28428824;"SPRF-RJ";"DEL01-RJ";"UOP01-DEL01-RJ"
351370;2021-04-12;"segunda-feira";"10:05:00";"SE";235;51,1;"ITABAIANA";"Ausência de reação do condutor";"Queda de ocupante de veículo";"Com Vítimas Feridas";"Pleno dia";"Crescente";"Nublado";"Simples";"Rotatória";"Sim";1;0;1;0;0;0;1;1;-10,70095586;-37,43053794;"SPRF-SE";"DEL01-SE";"UOP02-DEL01-SE"
351371;2021-03-28;"domingo";"03:00:00";"PR";476;81;"BOCAIUVA DO SUL";"Reação tardia ou ineficiente do condutor";"Saída de leito carroçável";"Com Vítimas Feridas";"Plena Noite";"Decrescente";"Ignorado";"Simples";"Curva";"Não";1;0;1;0;0;0;1;1;-25,130367;-49,104187;"SPRF-PR";"DEL01-PR";"UOP02-DEL01-PR"
351372;2021-04-12;"segunda-feira";"09:20:00";"SC";282;104;"ALFREDO WAGNER";"Acessar a via sem observar a presença dos outros veículos";"Colisão traseira";"Com Vítimas Feridas";"Pleno dia";"Crescente";"Céu Claro";"Simples";"Reta";"Sim";3;0;2;0;1;0;2;2;-27,696043;-49,334038;"SPRF-SC";"DEL01-SC";"UOP03-DEL01-SC"
351373;2021-04-12;"segunda-feira";"10:15:00";"SC";101;212,5;"PALHOCA";"Trafegar com motocicleta (ou similar) entre as faixas";"Colisão lateral mesmo sentido";"Com Vítimas Feridas";"Pleno dia";"Decrescente";"Céu Claro";"Múltipla";"Reta";"Sim";3;0;1;0;1;1;1;3;-27,63342904;-48,66224527;"SPRF-SC";"DEL01-SC";"UOP02-DEL01-SC"
351374;2021-03-31;"quarta-feira";"20:00:00";"SC";101;201,1;"SAO JOSE";"Ausência de reação do condutor";"Colisão traseira";"Com Vítimas Feridas";"Plena Noite";"Crescente";"Nublado";"Dupla";"Reta";"Sim";2;0;1;0;1;0;1;2;-27,54836599;-48,61977975;"SPRF-SC";"DEL01-SC";"UOP01-DEL01-SC"
351376;2021-04-12;"segunda-feira";"10:00:00";"RJ";356;157;"CAMPOS DOS GOYTACAZES";"Condutor deixou de manter distância do veículo da frente";"Colisão traseira";"Com Vítimas Feridas";"Pleno dia";"Decrescente";"Céu Claro";"Simples";"Reta";"Não";3;0;2;0;1;0;2;3;-21,7369326;-41,20072511;"SPRF-RJ";"DEL08-RJ";"UOP02-DEL08-RJ"
351378;2021-04-12;"segunda-feira";"10:30:00";"RJ";116;184;"NOVA IGUACU";"Acessar a via sem observar a presença dos outros veículos";"Colisão traseira";"Com Vítimas Feridas";"Pleno dia";"Decrescente";"Céu Claro";"Dupla";"Reta";"Sim";3;0;2;0;0;1;2;2;-22,74647215;-43,44594311;"SPRF-RJ";"DEL01-RJ";"UOP02-DEL01-RJ"
351379;2021-04-12;"segunda-feira";"07:50:00";"SC";101;133,2;"BALNEARIO CAMBORIU";"Trafegar com motocicleta (ou similar) entre as faixas";"Colisão lateral mesmo sentido";"Com Vítimas Feridas";"Pleno dia";"Crescente";"Nublado";"Múltipla";"Reta";"Sim";2;0;1;0;1;0;1;2;-26,99936;-48,64609;"SPRF-SC";"DEL04-SC";"UOP03-DEL04-SC"
351382;2021-04-12;"segunda-feira";"08:15:00";"RS";386;351;"ESTRELA";"Velocidade Incompatível";"Colisão lateral mesmo sentido";"Sem Vítimas";"Pleno dia";"Decrescente";"Sol";"Dupla";"Declive";"Sim";2;0;0;0;2;0;0;2;-29,483124;-51,954472;"SPRF-RS";"DEL04-RS";"UOP02-DEL04-RS"
351383;2021-04-12;"segunda-feira";"09:00:00";"SC";101;211;"PALHOCA";"Manobra de mudança de faixa";"Tombamento";"Com Vítimas Feridas";"Pleno dia";"Decrescente";"Céu Claro";"Dupla";"Desvio Temporário;Em Obras";"Sim";1;0;1;0;0;0;1;1;-27,62329313;-48,65245588;"SPRF-SC";"DEL01-SC";"UOP02-DEL01-SC"
351384;2021-04-12;"segunda-feira";"08:45:00";"MG";116;710,7;"MURIAE";"Condutor Dormindo";"Colisão frontal";"Com Vítimas Feridas";"Pleno dia";"Crescente";"Sol";"Simples";"Reta";"Não";3;0;1;1;0;1;2;3;-21,17559299;-42,37196176;"SPRF-MG";"DEL07-MG";"UOP02-DEL07-MG"
351385;2021-04-12;"segunda-feira";"11:00:00";"MG";40;736,2;"SANTOS DUMONT";"Velocidade Incompatível";"Colisão com objeto";"Com Vítimas Feridas";"Pleno dia";"Crescente";"Céu Claro";"Simples";"Reta";"Não";2;0;1;1;0;0;2;1;-21,37609516;-43,56993701;"SPRF-MG";"DEL05-MG";"UOP01-DEL05-MG"
351387;2021-04-12;"segunda-feira";"09:20:00";"MT";70;327;"DOM AQUINO";"Condutor Dormindo";"Saída de leito carroçável";"Com Vítimas Feridas";"Pleno dia";"Crescente";"Céu Claro";"Simples";"Reta";"Não";1;0;1;0;0;0;1;1;-15,51048988;-54,68037798;"SPRF-MT";"DEL05-MT";"UOP01-DEL05-MT"
351388;2021-04-12;"segunda-feira";"09:00:00";"RN";226;0;"NATAL";"Velocidade Incompatível";"Colisão com objeto";"Sem Vítimas";"Pleno dia";"Decrescente";"Sol";"Simples";"Declive";"Sim";1;0;0;0;0;1;0;1;-5,800019;-35,238174;"SPRF-RN";"DEL01-RN";"UOP02-DEL01-RN"
351389;2021-04-11;"domingo";"05:25:00";"RJ";101;323;"NITEROI";"Ausência de reação do condutor";"Colisão traseira";"Com Vítimas Feridas";"Amanhecer";"Crescente";"Céu Claro";"Dupla";"Reta";"Não";2;0;1;0;1;0;1;2;-22,87684786;-43,11728689;"SPRF-RJ";"DEL02-RJ";"UOP02-DEL02-RJ"
351393;2021-04-12;"segunda-feira";"10:50:00";"RN";101;80,9;"NATAL";"Desrespeitar a preferência no cruzamento";"Colisão transversal";"Sem Vítimas";"Pleno dia";"Crescente";"Céu Claro";"Dupla";"Rotatória";"Sim";2;0;0;0;2;0;0;2;-5,75852229;-35,28806121;"SPRF-RN";"DEL02-RN";"UOP01-DEL02-RN"
351395;2021-04-12;"segunda-feira";"12:10:00";"RJ";40;7;"COMENDADOR LEVY GASPARIAN";"Ausência de reação do condutor";"Colisão transversal";"Com Vítimas Feridas";"Pleno dia";"Decrescente";"Céu Claro";"Simples";"Reta";"Sim";3;0;1;0;2;0;1;2;-22,03172956;-43,2244336;"SPRF-RJ";"DEL05-RJ";"UOP02-DEL05-RJ"
351396;2021-04-12;"segunda-feira";"08:40:00";"PR";277;122,9;"CAMPO LARGO";"Curva acentuada";"Capotamento";"Com Vítimas Feridas";"Pleno dia";"Decrescente";"Céu Claro";"Dupla";"Curva";"Não";1;0;1;0;0;0;1;1;-25,44344167;-49,45985402;"SPRF-PR";"DEL01-PR";"UOP03-DEL03-PR"
351398;2021-04-12;"segunda-feira";"12:00:00";"BA";242;688;"CRISTOPOLIS";"Chuva";"Saída de leito carroçável";"Com Vítimas Feridas";"Pleno dia";"Decrescente";"Chuva";"Simples";"Reta";"Não";2;0;1;0;1;0;1;1;-12,22284833;-44,09571737;"SPRF-BA";"DEL06-BA";"UOP03-DEL06-BA"
351399;2021-04-12;"segunda-feira";"12:00:00";"RJ";356;27;"ITAPERUNA";"Conversão proibida";"Colisão frontal";"Com Vítimas Feridas";"Pleno dia";"Decrescente";"Céu Claro";"Simples";"Aclive;Reta";"Não";4;0;1;1;2;0;2;2;-21,18163338;-41,94541519;"SPRF-RJ";"DEL08-RJ";"UOP03-DEL08-RJ"
351400;2021-04-12;"segunda-feira";"12:30:00";"SP";116;280,2;"EMBU DAS ARTES";"Estacionar ou parar em local proibido";"Colisão traseira";"Com Vítimas Feridas";"Pleno dia";"Decrescente";"Céu Claro";"Dupla";"Reta";"Sim";2;0;1;0;1;0;1;2;-23,66996108;-46,85590758;"SPRF-SP";"DEL04-SP";"UOP01-DEL04-SP"
351402;2021-04-12;"segunda-feira";"12:45:00";"PE";104;66,7;"CARUARU";"Condutor deixou de manter distância do veículo da frente";"Colisão traseira";"Sem Vítimas";"Pleno dia";"Decrescente";"Chuva";"Dupla";"Reta";"Sim";2;0;0;0;2;0;0;2;-8,2937;-35,9864;"SPRF-PE";"DEL02-PE";"UOP01-DEL02-PE"
351403;2021-04-12;"segunda-feira";"12:40:00";"RN";405;35,5;"GOVERNADOR DIX-SEPT ROSADO";"Problema com o freio";"Atropelamento de Pedestre";"Com Vítimas Fatais";"Pleno dia";"Crescente";"Céu Claro";"Simples";"Declive;Reta";"Não";2;1;0;0;1;0;0;2;-5,35032706;-37,59543592;"SPRF-RN";"DEL04-RN";"UOP02-DEL04-RN"
351404;2021-04-12;"segunda-feira";"12:50:00";"DF";40;8;"BRASILIA";"Acessar a via sem observar a presença dos outros veículos";"Queda de ocupante de veículo";"Com Vítimas Feridas";"Pleno dia";"Crescente";"Céu Claro";"Dupla";"Viaduto";"Sim";2;0;0;1;0;1;1;2;-16,038666;-47,979691;"SPRF-DF";"DEL01-DF";"UOP01-DEL01-DF"
351405;2021-04-12;"segunda-feira";"09:40:00";"MG";262;441,3;"NOVA SERRANA";"Ausência de reação do condutor";"Saída de leito carroçável";"Com Vítimas Fatais";"Pleno dia";"Decrescente";"Sol";"Dupla";"Declive;Reta";"Sim";1;1;0;0;0;0;0;1;-19,88296154;-44,90293014;"SPRF-MG";"DEL08-MG";"UOP03-DEL08-MG"
351406;2021-04-12;"segunda-feira";"09:20:00";"MG";153;11,5;"ARAPORA";"Ausência de reação do condutor";"Saída de leito carroçável";"Com Vítimas Feridas";"Pleno dia";"Decrescente";"Céu Claro";"Dupla";"Reta";"Não";2;0;0;1;0;1;1;2;-18,51513597;-49,18936222;"SPRF-MG";"DEL15-MG";"UOP03-DEL15-MG"
351407;2021-04-12;"segunda-feira";"12:13:00";"SC";480;129,5;"CHAPECO";"Ausência de sinalização";"Colisão transversal";"Com Vítimas Feridas";"Pleno dia";"Decrescente";"Sol";"Simples";"Reta;Declive";"Não";4;0;1;0;3;0;1;2;-27,05039792;-52,63539612;"SPRF-SC";"DEL07-SC";"UOP01-DEL07-SC"
351408;2021-04-04;"domingo";"19:42:00";"SC";282;504,7;"XANXERE";"Desrespeitar a preferência no cruzamento";"Colisão transversal";"Com Vítimas Feridas";"Plena Noite";"Decrescente";"Céu Claro";"Simples";"Reta;Interseção de Vias";"Sim";3;0;0;2;1;0;2;2;-26,88513448;-52,41080588;"SPRF-SC";"DEL07-SC";"UOP01-DEL07-SC"
351410;2021-04-12;"segunda-feira";"14:00:00";"ES";101;263,9;"SERRA";"Condutor deixou de manter distância do veículo da frente";"Colisão traseira";"Com Vítimas Feridas";"Pleno dia";"Decrescente";"Céu Claro";"Dupla";"Reta";"Sim";3;0;1;0;2;0;1;2;-20,16554736;-40,27301648;"SPRF-ES";"DEL02-ES";"UOP01-DEL02-ES"
351412;2021-04-12;"segunda-feira";"12:00:00";"MG";381;340;"BELA VISTA DE MINAS";"Conversão proibida";"Colisão frontal";"Com Vítimas Feridas";"Pleno dia";"Crescente";"Céu Claro";"Simples";"Declive";"Sim";3;0;1;2;0;0;3;2;-19,84087497;-43,09635354;"SPRF-MG";"DEL03-MG";"UOP01-DEL03-MG"
351413;2021-04-12;"segunda-feira";"12:30:00";"SC";101;368;"SANGAO";"Velocidade Incompatível";"Colisão com objeto";"Com Vítimas Feridas";"Pleno dia";"Decrescente";"Sol";"Dupla";"Aclive;Curva";"Não";1;0;1;0;0;0;1;1;-28,6957326;-49,17347228;"SPRF-SC";"DEL02-SC";"UOP01-DEL02-SC"
351414;2021-04-12;"segunda-feira";"13:15:00";"GO";153;499;"GOIANIA";"Estacionar ou parar em local proibido";"Colisão traseira";"Com Vítimas Feridas";"Pleno dia";"Crescente";"Céu Claro";"Dupla";"Reta";"Sim";2;0;1;0;1;0;1;2;-16,7033;-49,2311;"SPRF-GO";"DEL01-GO";"UOP01-DEL01-GO"
351415;2021-04-12;"segunda-feira";"14:05:00";"RS";293;4,1;"PELOTAS";"Acumulo de areia ou detritos sobre o pavimento";"Queda de ocupante de veículo";"Com Vítimas Feridas";"Pleno dia";"Decrescente";"Céu Claro";"Simples";"Reta";"Sim";1;0;1;0;0;0;1;1;-31,73357732;-52,37275615;"SPRF-RS";"DEL07-RS";"UOP01-DEL07-RS"
351417;2021-04-03;"sábado";"12:00:00";"GO";153;490;"GOIANIA";"Acessar a via sem observar a presença dos outros veículos";"Colisão traseira";"Com Vítimas Feridas";"Pleno dia";"Decrescente";"Sol";"Simples";"Reta";"Sim";3;0;0;2;0;1;2;2;-16,6298;-49,2056;"SPRF-GO";"DEL01-GO";"UOP01-DEL01-GO"
351418;2021-04-12;"segunda-feira";"13:20:00";"MT";163;834;"SINOP";"Frear bruscamente";"Tombamento";"Com Vítimas Feridas";"Pleno dia";"Crescente";"Céu Claro";"Dupla";"Curva";"Sim";1;0;1;0;0;0;1;1;-11,995863;-55,51709;"SPRF-MT";"DEL06-MT";"UOP01-DEL06-MT"
351420;2021-04-12;"segunda-feira";"14:15:00";"ES";101;275;"SERRA";"Demais falhas mecânicas ou elétricas";"Colisão com objeto";"Com Vítimas Feridas";"Pleno dia";"Crescente";"Sol";"Dupla";"Reta";"Não";2;0;2;0;0;0;2;1;-20,20828089;-40,30388897;"SPRF-ES";"DEL02-ES";"UOP01-DEL02-ES"
351421;2021-04-12;"segunda-feira";"08:05:00";"MG";50;205,6;"DELTA";"Animais na Pista";"Saída de leito carroçável";"Com Vítimas Feridas";"Pleno dia";"Crescente";"Céu Claro";"Dupla";"Curva";"Não";1;0;1;0;0;0;1;1;-19,97320305;-47,79022157;"SPRF-MG";"DEL13-MG";"UOP01-DEL13-MG"
351423;2021-04-12;"segunda-feira";"13:30:00";"SC";101;198,7;"SAO JOSE";"Acessar a via sem observar a presença dos outros veículos";"Colisão traseira";"Com Vítimas Feridas";"Pleno dia";"Crescente";"Sol";"Múltipla";"Reta";"Sim";2;0;1;0;1;0;1;2;-27,52658712;-48,63506019;"SPRF-SC";"DEL01-SC";"UOP01-DEL01-SC"
351425;2021-04-12;"segunda-feira";"09:20:00";"MG";116;416,1;"GOVERNADOR VALADARES";"Condutor deixou de manter distância do veículo da frente";"Colisão traseira";"Com Vítimas Feridas";"Pleno dia";"Decrescente";"Céu Claro";"Múltipla";"Reta";"Sim";2;0;1;0;1;0;1;2;-18,89215187;-41,94699543;"SPRF-MG";"DEL06-MG";"UOP01-DEL06-MG"