"id";"data_inversa";"dia_semana";"horario";"uf";"br";"km";"municipio";"causa_acidente";"tipo_acidente";"classificacao_acidente";"fase_dia";"sentido_via";"condicao_metereologica";"tipo_pista";"tracado_via";"uso_solo";"pessoas";"mortos";"feridos_leves";"feridos_graves";"ilesos";"ignorados";"feridos";"veiculos";"latitude";"longitude";"regional";"delegacia";"uop"
351560;2021-03-20;"sábado";"15:50:00";"PA";316;61;"CASTANHAL";"Manobra de mudança de faixa";"Colisão traseira";"Com Vítimas Feridas";"Pleno dia";"Decrescente";"Sol";"Dupla";"Reta";"Sim";2;0;0;1;1;0;1;2;-1,29686015;-47,94639002;"SPRF-PA";"DEL01-PA";"UOP01-DEL01-PA"
351561;2021-04-13;"terça-feira";"10:40:00";"MG";267;27;"ARGIRITA";"Velocidade Incompatível";"Colisão com objeto";"Com Vítimas Feridas";"Pleno dia";"Crescente";"Chuva";"Simples";"Curva";"Não";2;0;2;0;0;0;2;1;-21,62218533;-42,82361977;"SPRF-MG";"DEL07-MG";"UOP01-DEL07-MG"
351562;2021-02-27;"sábado";"04:50:00";"PA";230;109;"MARABA";"Reação tardia ou ineficiente do condutor";"Colisão lateral sentido oposto";"Com Vítimas Feridas";"Amanhecer";"Crescente";"Nublado";"Simples";"Reta";"Sim";3;0;1;0;2;0;1;3;-5,37318084;-49,03243401;"SPRF-PA";"DEL03-PA";"UOP01-DEL03-PA"
351563;2021-04-13;"terça-feira";"11:15:00";"ES";101;291,9;"CARIACICA";"Reação tardia ou ineficiente do condutor";"Colisão traseira";"Sem Vítimas";"Pleno dia";"Crescente";"Sol";"Dupla";"Retorno Regulamentado";"Não";2;0;0;0;2;0;0;2;-20,30650512;-40,39488717;"SPRF-ES";"DEL01-ES";"UOP01-DEL01-ES"
351564;2021-04-13;"terça-feira";"11:10:00";"MG";40;731,6;"OLIVEIRA FORTES";"Avarias e/ou desgaste excessivo no pneu";"Saída de leito carroçável";"Com Vítimas Feridas";"Pleno dia";"Crescente";"Garoa/Chuvisco";"Dupla";"Curva;Declive";"Não";1;0;0;1;0;0;1;1;-21,36247924;-43,57519146;"SPRF-MG";"DEL05-MG";"UOP01-DEL05-MG"
351565;2021-04-13;"terça-feira";"11:10:00";"MG";381;490,3;"BETIM";"Ausência de reação do condutor";"Tombamento";"Com Vítimas Feridas";"Pleno dia";"Decrescente";"Céu Claro";"Dupla";"Declive;Reta";"Sim";1;0;1;0;0;0;1;1;-19,956248;-44,143794;"SPRF-MG";"DEL01-MG";"UOP03-DEL01-MG"
351566;2021-04-13;"terça-feira";"09:40:00";"RJ";101;419,5;"MANGARATIBA";"Velocidade Incompatível";"Colisão lateral sentido oposto";"Com Vítimas Feridas";"Pleno dia";"Crescente";"Chuva";"Simples";"Curva";"Não";5;0;3;0;2;0;3;3;-22,91808988;-43,91359106;"SPRF-RJ";"DEL03-RJ";"UOP03-DEL03-RJ"
351568;2021-04-13;"terça-feira";"11:10:00";"RS";116;149,1;"CAXIAS DO SUL";"Reação tardia ou ineficiente do condutor";"Colisão frontal";"Sem Vítimas";"Pleno dia";"Crescente";"Sol";"Dupla";"Reta";"Sim";2;0;0;0;2;0;0;2;-29,15996905;-51,15645292;"SPRF-RS";"DEL05-RS";"UOP01-DEL05-RS"
351569;2021-04-13;"terça-feira";"11:30:00";"ES";101;143;"LINHARES";"Pedestre cruzava a pista fora da faixa";"Atropelamento de Pedestre";"Com Vítimas Feridas";"Pleno dia";"Decrescente";"Céu Claro";"Dupla";"Reta";"Sim";2;0;1;1;0;0;2;2;-19,34286596;-40,0638568;"SPRF-ES";"DEL04-ES";"UOP01-DEL04-ES"
351571;2021-04-13;"terça-feira";"11:00:00";"RJ";356;163,2;"SAO JOAO DA BARRA";"Velocidade Incompatível";"Colisão frontal";"Com Vítimas Feridas";"Pleno dia";"Crescente";"Chuva";"Simples";"Curva";"Não";3;0;1;1;1;0;2;3;-21,71242811;-41,15203501;"SPRF-RJ";"DEL08-RJ";"UOP02-DEL08-RJ"
351572;2021-04-13;"terça-feira";"11:40:00";"SP";381;71;"MAIRIPORA";"Velocidade Incompatível";"Saída de leito carroçável";"Com Vítimas Feridas";"Pleno dia";"Decrescente";"Garoa/Chuvisco";"Múltipla";"Curva";"Não";3;0;1;0;2;0;1;1;-23,3527957;-46,55132532;"SPRF-SP";"DEL03-SP";"UOP01-DEL03-SP"
351575;2021-04-13;"terça-feira";"12:02:00";"RS";285;294,7;"PASSO FUNDO";"Desrespeitar a preferência no cruzamento";"Tombamento";"Com Vítimas Feridas";"Pleno dia";"Decrescente";"Céu Claro";"Simples";"Interseção de Vias";"Sim";2;0;1;0;1;0;1;2;-28,234547;-52,384975;"SPRF-RS";"DEL08-RS";"UOP03-DEL08-RS"
351577;2021-04-13;"terça-feira";"12:15:00";"PE";101;103,1;"CABO DE SANTO AGOSTINHO";"Retorno proibido";"Colisão transversal";"Sem Vítimas";"Pleno dia";"Crescente";"Céu Claro";"Simples";"Reta;Declive";"Sim";3;0;0;0;3;0;0;2;-8,294293;-35,054743;"SPRF-PE";"DEL01-PE";"UOP03-DEL01-PE"
351578;2021-04-13;"terça-feira";"07:45:00";"MG";262;446;"NOVA SERRANA";"Desrespeitar a preferência no cruzamento";"Colisão transversal";"Com Vítimas Feridas";"Pleno dia";"Crescente";"Sol";"Dupla";"Interseção de Vias";"Sim";2;0;1;0;1;0;1;2;-19,87514825;-44,95031205;"SPRF-MG";"DEL08-MG";"UOP03-DEL08-MG"
351580;2021-04-13;"terça-feira";"11:00:00";"PI";343;264;"CAMPO MAIOR";"Desrespeitar a preferência no cruzamento";"Colisão transversal";"Com Vítimas Feridas";"Pleno dia";"Crescente";"Céu Claro";"Simples";"Reta";"Sim";2;0;1;0;0;1;1;2;-4,827662;-42,162594;"SPRF-PI";"DEL01-PI";"UOP03-DEL01-PI"
351582;2021-04-13;"terça-feira";"12:15:00";"SC";101;235,5;"PALHOCA";"Demais falhas mecânicas ou elétricas";"Tombamento";"Com Vítimas Feridas";"Pleno dia";"Crescente";"Céu Claro";"Dupla";"Reta";"Sim";2;0;1;1;0;0;2;1;-27,8177775;-48,6315025;"SPRF-SC";"DEL01-SC";"UOP02-DEL01-SC"
351583;2021-04-13;"terça-feira";"11:42:00";"MG";365;852;"SANTA VITORIA";"Ausência de reação do condutor";"Saída de leito carroçável";"Com Vítimas Feridas";"Pleno dia";"Decrescente";"Céu Claro";"Simples";"Aclive";"Não";4;0;2;2;0;0;4;1;-19,02087248;-50,33640186;"SPRF-MG";"DEL15-MG";"UOP03-DEL15-MG"
351585;2021-04-13;"terça-feira";"12:15:00";"SC";101;216,3;"PALHOCA";"Acessar a via sem observar a presença dos outros veículos";"Colisão transversal";"Com Vítimas Feridas";"Pleno dia";"Decrescente";"Sol";"Múltipla";"Reta";"Sim";2;0;0;1;1;0;1;2;-27,65981409;-48,67747798;"SPRF-SC";"DEL01-SC";"UOP02-DEL01-SC"
351588;2021-04-13;"terça-feira";"13:40:00";"RJ";116;166;"RIO DE JANEIRO";"Reação tardia ou ineficiente do condutor";"Colisão lateral mesmo sentido";"Sem Vítimas";"Pleno dia";"Crescente";"Nublado";"Múltipla";"Reta";"Sim";4;0;0;0;4;0;0;4;-22,81560263;-43,30051808;"SPRF-RJ";"DEL01-RJ";"UOP01-DEL01-RJ"
351589;2021-04-13;"terça-feira";"13:00:00";"SP";116;147;"SAO JOSE DOS CAMPOS";"Estacionar ou parar em local proibido";"Colisão traseira";"Com Vítimas Feridas";"Pleno dia";"Crescente";"Céu Claro";"Simples";"Reta";"Sim";2;0;1;0;1;0;1;2;-23,19542994;-45,87176303;"SPRF-SP";"DEL02-SP";"UOP01-DEL02-SP"
351590;2021-04-13;"terça-feira";"13:05:00";"MG";40;631,5;"CONSELHEIRO LAFAIETE";"Manobra de mudança de faixa";"Colisão lateral mesmo sentido";"Com Vítimas Feridas";"Pleno dia";"Decrescente";"Céu Claro";"Simples";"Reta";"Sim";3;0;2;0;1;0;2;2;-20,67354846;-43,79684297;"SPRF-MG";"DEL05-MG";"UOP02-DEL05-MG"
351591;2021-04-13;"terça-feira";"11:00:00";"PE";101;80,5;"JABOATAO DOS GUARARAPES";"Reação tardia ou ineficiente do condutor";"Colisão lateral mesmo sentido";"Com Vítimas Feridas";"Pleno dia";"Decrescente";"Céu Claro";"Dupla";"Reta";"Sim";3;0;1;1;1;0;2;2;-8,15614;-34,941413;"SPRF-PE";"DEL01-PE";"UOP01-DEL01-PE"
351592;2021-04-13;"terça-feira";"13:00:00";"SP";116;218,6;"GUARULHOS";"Acumulo de óleo sobre o pavimento";"Tombamento";"Com Vítimas Feridas";"Pleno dia";"Decrescente";"Nublado";"Múltipla";"Reta";"Não";1;0;1;0;0;0;1;1;-23,457972;-46,479927;"SPRF-SP";"DEL01-SP";"UOP01-DEL01-SP"
351594;2021-04-13;"terça-feira";"13:55:00";"SC";101;212;"PALHOCA";"Manobra de mudança de faixa";"Colisão lateral mesmo sentido";"Com Vítimas Feridas";"Pleno dia";"Decrescente";"Sol";"Múltipla";"Reta";"Não";2;0;1;0;1;0;1;2;-27,62996929;-48,65903871;"SPRF-SC";"DEL01-SC";"UOP02-DEL01-SC"
351596;2021-04-13;"terça-feira";"11:25:00";"MT";163;832;"SINOP";"Velocidade Incompatível";"Queda de ocupante de veículo";"Com Vítimas Feridas";"Pleno dia";"Crescente";"Céu Claro";"Simples";"Retorno Regulamentado";"Sim";1;0;0;1;0;0;1;1;-12,0138;-55,51719;"SPRF-MT";"DEL06-MT";"UOP01-DEL06-MT"
351597;2021-04-13;"terça-feira";"13:06:00";"BA";116;420,6;"FEIRA DE SANTANA";"Condutor deixou de manter distância do veículo da frente";"Colisão traseira";"Com Vítimas Feridas";"Pleno dia";"Decrescente";"Sol";"Dupla";"Reta";"Sim";2;0;0;1;1;0;1;2;-12,20321398;-38,96555531;"SPRF-BA";"DEL02-BA";"UOP01-DEL02-BA"
351598;2021-04-13;"terça-feira";"12:30:00";"MG";40;794,1;"JUIZ DE FORA";"Ausência de reação do condutor";"Saída de leito carroçável";"Com Vítimas Feridas";"Pleno dia";"Crescente";"Garoa/Chuvisco";"Dupla";"Curva";"Não";1;0;1;0;0;0;1;1;-21,79926451;-43,40729012;"SPRF-MG";"DEL05-MG";"UOP01-DEL05-MG"
351602;2021-04-12;"segunda-feira";"11:15:00";"SP";116;219;"GUARULHOS";"Condutor deixou de manter distância do veículo da frente";"Colisão traseira";"Com Vítimas Feridas";"Pleno dia";"Crescente";"Céu Claro";"Simples";"Curva";"Sim";3;0;2;0;0;1;2;2;-23,46143954;-46,48885316;"SPRF-SP";"DEL01-SP";"UOP01-DEL01-SP"
351606;2021-04-13;"terça-feira";"15:30:00";"SC";101;207,1;"SAO JOSE";"Condutor deixou de manter distância do veículo da frente";"Colisão traseira";"Com Vítimas Feridas";"Pleno dia";"Crescente";"Céu Claro";"Múltipla";"Reta";"Sim";2;0;0;1;0;1;1;2;-27,60001226;-48,6226467;"SPRF-SC";"DEL01-SC";"UOP01-DEL01-SC"
351609;2021-04-13;"terça-feira";"11:30:00";"MG";50;16;"UBERLANDIA";"Condutor deixou de manter distância do veículo da frente";"Colisão traseira";"Sem Vítimas";"Pleno dia";"Crescente";"Céu Claro";"Dupla";"Reta";"Não";2;0;0;0;2;0;0;2;-18,91611142;-48,17625046;"SPRF-MG";"DEL15-MG";"UOP01-DEL15-MG"
351610;2021-04-13;"terça-feira";"13:40:00";"SC";101;420;"ARARANGUA";"Pedestre cruzava a pista fora da faixa";"Atropelamento de Pedestre";"Com Vítimas Feridas";"Pleno dia";"Decrescente";"Céu Claro";"Dupla";"Reta";"Sim";3;0;2;0;0;1;2;2;-28,99380392;-49,55081408;"SPRF-SC";"DEL02-SC";"UOP02-DEL02-SC"
351611;2021-04-13;"terça-feira";"15:40:00";"BA";135;49;"FORMOSA DO RIO PRETO";"Condutor Dormindo";"Saída de leito carroçável";"Com Vítimas Feridas";"Pleno dia";"Decrescente";"Céu Claro";"Simples";"Curva";"Não";5;0;1;2;2;0;3;1;-11,17752435;-45,05423512;"SPRF-BA";"DEL10-BA";"UOP01-DEL10-BA"
351612;2021-04-13;"terça-feira";"14:10:00";"PA";230;116;"MARABA";"Ingestão de álcool pelo condutor";"Colisão traseira";"Com Vítimas Feridas";"Pleno dia";"Crescente";"Céu Claro";"Dupla";"Reta";"Sim";2;0;1;0;1;0;1;2;-5,35947454;-49,08301084;"SPRF-PA";"DEL03-PA";"UOP01-DEL03-PA"
351613;2021-03-05;"sexta-feira";"18:30:00";"ES";101;67,3;"SAO MATEUS";"Reação tardia ou ineficiente do condutor";"Engavetamento";"Sem Vítimas";"Plena Noite";"Decrescente";"Céu Claro";"Simples";"Reta";"Sim";3;0;0;0;3;0;0;3;-18,72054021;-39,8658931;"SPRF-ES";"DEL04-ES";"UOP02-DEL04-ES"
351614;2021-01-25;"segunda-feira";"08:30:00";"PR";376;668,7;"GUARATUBA";"Problema com o freio";"Colisão com objeto";"Com Vítimas Fatais";"Pleno dia";"Crescente";"Nublado";"Dupla";"Curva";"Não";54;19;25;8;1;1;33;2;-25,864159;-48,937538;"SPRF-PR";"DEL01-PR";"UOP04-DEL01-PR"
351616;2021-04-13;"terça-feira";"16:15:00";"ES";101;181;"ARACRUZ";"Ausência de reação do condutor";"Colisão transversal";"Com Vítimas Feridas";"Pleno dia";"Crescente";"Céu Claro";"Simples";"Reta";"Não";7;0;4;0;3;0;4;2;-19,6312501;-40,22615187;"SPRF-ES";"DEL04-ES";"UOP01-DEL04-ES"
351617;2021-04-13;"terça-feira";"16:00:00";"PB";104;129,6;"CAMPINA GRANDE";"Desrespeitar a preferência no cruzamento";"Colisão lateral mesmo sentido";"Com Vítimas Feridas";"Pleno dia";"Crescente";"Nublado";"Dupla";"Interseção de Vias;Retorno Regulamentado;Reta";"Sim";2;0;1;0;1;0;1;2;-7,277725;-35,888747;"SPRF-PB";"DEL02-PB";"UOP03-DEL02-PB"
351620;2021-04-07;"quarta-feira";"06:30:00";"SC";282;17,4;"PALHOCA";"Desrespeitar a preferência no cruzamento";"Colisão transversal";"Com Vítimas Feridas";"Pleno dia";"Decrescente";"Garoa/Chuvisco";"Simples";"Reta";"Sim";2;0;1;0;1;0;1;2;-27,658611;-48,681847;"SPRF-SC";"DEL01-SC";"UOP02-DEL01-SC"
351623;2021-01-13;"quarta-feira";"18:34:00";"RS";392;351;"SANTA MARIA";"Transitar no acostamento";"Colisão transversal";"Com Vítimas Feridas";"Anoitecer";"Crescente";"Céu Claro";"Simples";"Reta";"Sim";2;0;2;0;0;0;2;2;-29,7284269;-53,80323691;"SPRF-RS";"DEL09-RS";"UOP01-DEL09-RS"
351624;2021-04-13;"terça-feira";"17:10:00";"RN";110;44,8;"MOSSORO";"Animais na Pista";"Atropelamento de Animal";"Com Vítimas Feridas";"Anoitecer";"Decrescente";"Chuva";"Simples";"Reta";"Sim";2;0;0;2;0;0;2;1;-5,19207;-37,31048;"SPRF-RN";"DEL04-RN";"UOP01-DEL04-RN"
351625;2021-04-13;"terça-feira";"17:20:00";"RS";116;172;"CAXIAS DO SUL";"Desrespeitar a preferência no cruzamento";"Colisão traseira";"Com Vítimas Feridas";"Anoitecer";"Decrescente";"Céu Claro";"Simples";"Interseção de Vias";"Sim";2;0;1;0;1;0;1;2;-29,31663009;-51,16927298;"SPRF-RS";"DEL05-RS";"UOP02-DEL05-RS"
351626;2021-04-13;"terça-feira";"16:55:00";"SP";116;117;"TAUBATE";"Reação tardia ou ineficiente do condutor";"Tombamento";"Com Vítimas Feridas";"Pleno dia";"Decrescente";"Nublado";"Dupla";"Reta";"Não";1;0;1;0;0;0;1;1;-23,0582298;-45,6176951;"SPRF-SP";"DEL02-SP";"UOP02-DEL02-SP"
351635;2021-04-13;"terça-feira";"10:18:00";"PA";230;118;"MARABA";"Reação tardia ou ineficiente do condutor";"Colisão traseira";"Com Vítimas Feridas";"Pleno dia";"Decrescente";"Céu Claro";"Dupla";"Reta";"Sim";2;0;1;0;1;0;1;2;-5,35193706;-49,09794103;"SPRF-PA";"DEL03-PA";"UOP01-DEL03-PA"
351636;2021-04-13;"terça-feira";"18:00:00";"SC";101;38,8;"JOINVILLE";"Manobra de mudança de faixa";"Colisão lateral mesmo sentido";"Com Vítimas Feridas";"Anoitecer";"Crescente";"Nublado";"Dupla";"Reta";"Sim";2;0;1;0;1;0;1;2;-26,25472505;-48,90561309;"SPRF-SC";"DEL03-SC";"UOP01-DEL03-SC"
351637;2021-04-13;"terça-feira";"18:15:00";"PR";116;118;"CURITIBA";"Ausência de reação do condutor";"Colisão traseira";"Com Vítimas Feridas";"Anoitecer";"Crescente";"Nublado";"Dupla";"Reta";"Sim";2;0;1;0;1;0;1;2;-25,54657438;-49,29173608;"SPRF-PR";"DEL01-PR";"UOP01-DEL01-PR"
351639;2021-04-13;"terça-feira";"18:00:00";"PR";476;132;"CURITIBA";"Pedestre cruzava a pista fora da faixa";"Atropelamento de Pedestre";"Com Vítimas Feridas";"Plena Noite";"Decrescente";"Céu Claro";"Múltipla";"Reta";"Sim";3;0;2;0;1;0;2;3;-25,460718;-49,250488;"SPRF-PR";"DEL01-PR";"UOP03-DEL01-PR"
351640;2021-04-13;"terça-feira";"18:20:00";"SC";101;135;"BALNEARIO CAMBORIU";"Trafegar com motocicleta (ou similar) entre as faixas";"Colisão traseira";"Com Vítimas Feridas";"Plena Noite";"Crescente";"Céu Claro";"Múltipla";"Reta";"Sim";3;0;0;1;2;0;1;3;-27,0050108;-48,62677494;"SPRF-SC";"DEL04-SC";"UOP03-DEL04-SC"
351641;2021-04-13;"terça-feira";"14:20:00";"MT";174;280;"PONTES E LACERDA";"Ultrapassagem Indevida";"Colisão frontal";"Com Vítimas Feridas";"Pleno dia";"Crescente";"Céu Claro";"Simples";"Reta";"Não";2;0;0;1;1;0;1;2;-15,29559009;-59,26929706;"SPRF-MT";"DEL04-MT";"UOP01-DEL04-MT"
351642;2021-04-13;"terça-feira";"18:00:00";"PR";476;129;"CURITIBA";"Reação tardia ou ineficiente do condutor";"Colisão com objeto";"Com Vítimas Feridas";"Plena Noite";"Decrescente";"Nublado";"Simples";"Interseção de Vias";"Sim";1;0;1;0;0;0;1;1;-25,440983;-49,233715;"SPRF-PR";"DEL01-PR";"UOP03-DEL01-PR"
351643;2021-04-13;"terça-feira";"18:30:00";"RN";406;109,4;"JOAO CAMARA";"Manobra de mudança de faixa";"Colisão frontal";"Com Vítimas Fatais";"Plena Noite";"Decrescente";"Céu Claro";"Simples";"Reta";"Não";3;1;1;1;0;0;2;2;-5,55410819;-35,76243306;"SPRF-RN";"DEL02-RN";"UOP01-DEL02-RN"
351644;2021-04-13;"terça-feira";"18:40:00";"RS";116;243;"SAO LEOPOLDO";"Condutor deixou de manter distância do veículo da frente";"Engavetamento";"Com Vítimas Feridas";"Anoitecer";"Crescente";"Céu Claro";"Múltipla";"Viaduto";"Sim";4;0;1;0;3;0;1;4;-29,73196199;-51,14952004;"SPRF-RS";"DEL01-RS";"UOP02-DEL01-RS"
351645;2021-04-13;"terça-feira";"18:35:00";"RS";116;244,1;"SAO LEOPOLDO";"Ausência de reação do condutor";"Colisão traseira";"Com Vítimas Feridas";"Plena Noite";"Crescente";"Céu Claro";"Múltipla";"Reta";"Sim";4;0;3;0;1;0;3;3;-29,74088003;-51,15039566;"SPRF-RS";"DEL01-RS";"UOP02-DEL01-RS"
351647;2021-04-13;"terça-feira";"19:30:00";"PB";230;23;"JOAO PESSOA";"Pedestre andava na pista";"Atropelamento de Pedestre";"Com Vítimas Feridas";"Plena Noite";"Decrescente";"Chuva";"Múltipla";"Interseção de Vias";"Sim";2;0;1;0;1;0;1;2;-7,16510814;-34,86245155;"SPRF-PB";"DEL01-PB";"UOP01-DEL01-PB"
351648;2021-04-13;"terça-feira";"17:10:00";"AC";364;139;"RIO BRANCO";"Reação tardia ou ineficiente do condutor";"Colisão frontal";"Com Vítimas Feridas";"Anoitecer";"Crescente";"Nublado";"Dupla";"Reta";"Sim";1;0;1;0;0;0;1;1;-9,95359291;-67,86119892;"SPRF-AC";"DEL01-AC";"UOP01-DEL01-AC"
351649;2021-04-13;"terça-feira";"19:10:00";"RS";386;77,2;"BOA VISTA DAS MISSOES";"Ingestão de álcool pelo condutor";"Colisão frontal";"Com Vítimas Fatais";"Plena Noite";"Crescente";"Céu Claro";"Simples";"Declive;Curva";"Não";7;1;0;5;0;1;5;3;-27,711029;-53,273159;"SPRF-RS";"DEL08-RS";"UOP02-DEL08-RS"
351654;2021-04-13;"terça-feira";"20:00:00";"SC";101;218,2;"PALHOCA";"Demais falhas mecânicas ou elétricas";"Tombamento";"Com Vítimas Feridas";"Plena Noite";"Crescente";"Céu Claro";"Dupla";"Reta";"Sim";2;0;2;0;0;0;2;1;-27,6758601;-48,67052525;"SPRF-SC";"DEL01-SC";"UOP02-DEL01-SC"
351655;2021-04-13;"terça-feira";"18:50:00";"ES";482;105;"GUACUI";"Manobra de mudança de faixa";"Colisão transversal";"Com Vítimas Feridas";"Plena Noite";"Decrescente";"Nublado";"Simples";"Reta";"Não";3;0;2;0;1;0;2;2;-20,777433;-41,66744;"SPRF-ES";"DEL03-ES";"UOP02-DEL03-ES"
351658;2021-04-13;"terça-feira";"17:40:00";"TO";153;145;"ARAGUAINA";"Mal súbito do condutor";"Eventos atípicos";"Com Vítimas Feridas";"Plena Noite";"Crescente";"Céu Claro";"Dupla";"Interseção de Vias";"Sim";1;0;1;0;0;0;1;1;-7,20503614;-48,24035166;"SPRF-TO";"DEL02-TO";"UOP01-DEL02-TO"
351660;2021-04-13;"terça-feira";"19:50:00";"DF";70;7,1;"BRASILIA";"Manobra de mudança de faixa";"Colisão lateral mesmo sentido";"Com Vítimas Feridas";"Plena Noite";"Decrescente";"Nublado";"Dupla";"Reta";"Sim";2;0;1;0;1;0;1;2;-15,787601;-48,114429;"SPRF-DF";"DEL03-DF";"UOP02-DEL03-DF"
351662;2021-04-13;"terça-feira";"20:15:00";"SP";101;45,6;"UBATUBA";"Ingestão de álcool pelo condutor";"Colisão com objeto";"Com Vítimas Feridas";"Plena Noite";"Crescente";"Chuva";"Simples";"Reta";"Sim";3;0;2;0;1;0;2;1;-23,41779396;-45,06788408;"SPRF-SP";"DEL06-SP";"UOP01-DEL06-SP"
351663;2021-03-07;"domingo";"18:15:00";"PR";373;181;"PONTA GROSSA";"Acessar a via sem observar a presença dos outros veículos";"Colisão transversal";"Com Vítimas Feridas";"Plena Noite";"Crescente";"Céu Claro";"Simples";"Reta";"Sim";2;0;0;1;1;0;1;2;-25,04266233;-50,25791089;"SPRF-PR";"DEL03-PR";"UOP01-DEL03-PR"
351666;2021-04-13;"terça-feira";"18:40:00";"SC";280;167;"MAFRA";"Desrespeitar a preferência no cruzamento";"Colisão transversal";"Com Vítimas Feridas";"Plena Noite";"Decrescente";"Céu Claro";"Simples";"Rotatória";"Sim";2;0;1;0;1;0;1;2;-26,16857105;-49,81820938;"SPRF-SC";"DEL06-SC";"UOP01-DEL06-SC"
351668;2021-04-13;"terça-feira";"15:00:00";"SC";282;48;"AGUAS MORNAS";"Velocidade Incompatível";"Saída de leito carroçável";"Com Vítimas Feridas";"Pleno dia";"Decrescente";"Céu Claro";"Simples";"Curva";"Não";1;0;1;0;0;0;1;1;-27,71463926;-48,93790126;"SPRF-SC";"DEL01-SC";"UOP03-DEL01-SC"
351671;2021-04-13;"terça-feira";"22:30:00";"GO";40;3,5;"VALPARAISO DE GOIAS";"Velocidade Incompatível";"Colisão traseira";"Com Vítimas Feridas";"Plena Noite";"Crescente";"Céu Claro";"Dupla";"Declive";"Não";2;0;1;0;0;1;1;2;-16,076081;-47,985671;"SPRF-DF";"DEL01-DF";"UOP01-DEL01-DF"
351672;2021-04-13;"terça-feira";"22:15:00";"GO";50;161,1;"CAMPO ALEGRE DE GOIAS";"Condutor Dormindo";"Saída de leito carroçável";"Com Vítimas Feridas";"Plena Noite";"Decrescente";"Céu Claro";"Dupla";"Reta";"Não";3;0;1;0;2;0;1;1;-17,263;-47,7694;"SPRF-GO";"DEL06-GO";"UOP01-DEL06-GO"
351673;2021-04-13;"terça-feira";"22:45:00";"PR";116;42;"CAMPINA GRANDE DO SUL";"Velocidade Incompatível";"Colisão com objeto";"Sem Vítimas";"Plena Noite";"Crescente";"Garoa/Chuvisco";"Dupla";"Curva";"Não";1;0;0;0;1;0;0;1;-25,17611697;-48,874256;"SPRF-PR";"DEL01-PR";"UOP02-DEL01-PR"
351675;2021-04-08;"quinta-feira";"19:10:00";"SP";116;60,3;"GUARATINGUETA";"Avarias e/ou desgaste excessivo no pneu";"Queda de ocupante de veículo";"Com Vítimas Feridas";"Plena Noite";"Crescente";"Céu Claro";"Dupla";"Curva";"Sim";1;0;0;1;0;0;1;1;-22,79106843;-45,16105167;"SPRF-SP";"DEL08-SP";"UOP01-DEL08-SP"
351676;2021-04-13;"terça-feira";"20:30:00";"AC";364;123;"RIO BRANCO";"Deficiência do Sistema de Iluminação/Sinalização";"Tombamento";"Com Vítimas Feridas";"Plena Noite";"Crescente";"Céu Claro";"Dupla";"Reta";"Sim";1;0;0;1;0;0;1;1;-10,0117071;-67,782373;"SPRF-AC";"DEL01-AC";"UOP01-DEL01-AC"
351679;2021-04-13;"terça-feira";"18:30:00";"PA";230;750;"MEDICILANDIA";"Demais falhas na via";"Eventos atípicos";"Com Vítimas Feridas";"Anoitecer";"Crescente";"Sol";"Simples";"Declive";"Não";3;0;0;1;1;1;1;2;-3,46293657;-52,93686568;"SPRF-PA";"DEL04-PA";"UOP01-DEL04-PA"
351680;2021-04-13;"terça-feira";"22:35:00";"PB";230;157,4;"CAMPINA GRANDE";"Pedestre andava na pista";"Atropelamento de Pedestre";"Com Vítimas Fatais";"Plena Noite";"Crescente";"Garoa/Chuvisco";"Simples";"Reta";"Sim";2;1;0;0;1;0;0;2;-7,263914;-35,920081;"SPRF-PB";"DEL02-PB";"UOP01-DEL02-PB"
351681;2021-04-14;"quarta-feira";"00:15:00";"MG";459;11;"CALDAS";"Manobra de mudança de faixa";"Colisão com objeto";"Com Vítimas Feridas";"Plena Noite";"Crescente";"Céu Claro";"Simples";"Declive;Curva";"Não";2;0;2;0;0;0;2;1;-21,814434;-46,467499;"SPRF-MG";"DEL09-MG";"UOP01-DEL09-MG"
351682;2021-04-13;"terça-feira";"22:00:00";"RO";364;425;"JARU";"Acessar a via sem observar a presença dos outros veículos";"Colisão transversal";"Com Vítimas Feridas";"Plena Noite";"Crescente";"Nublado";"Múltipla";"Reta";"Sim";2;0;2;0;0;0;2;2;-10,43568194;-62,47411966;"SPRF-RO";"DEL03-RO";"UOP02-DEL03-RO"
351683;2021-04-14;"quarta-feira";"00:00:00";"GO";60;65,5;"ABADIANIA";"Avarias e/ou desgaste excessivo no pneu";"Saída de leito carroçável";"Com Vítimas Feridas";"Plena Noite";"Crescente";"Céu Claro";"Dupla";"Reta";"Não";2;0;2;0;0;0;2;1;-16,2058;-48,7409;"SPRF-GO";"DEL02-GO";"UOP01-DEL02-GO"
351684;2021-04-13;"terça-feira";"22:52:00";"MG";365;757;"ITUIUTABA";"Velocidade Incompatível";"Saída de leito carroçável";"Sem Vítimas";"Plena Noite";"Crescente";"Céu Claro";"Simples";"Rotatória";"Não";1;0;0;0;0;1;0;1;-18,96554192;-49,50560689;"SPRF-MG";"DEL15-MG";"UOP03-DEL15-MG"
351685;2021-04-14;"quarta-feira";"01:20:00";"MG";40;731,4;"OLIVEIRA FORTES";"Avarias e/ou desgaste excessivo no pneu";"Colisão com objeto";"Com Vítimas Feridas";"Plena Noite";"Decrescente";"Garoa/Chuvisco";"Dupla";"Curva";"Não";3;0;2;0;1;0;2;1;-21,35763585;-43,58127236;"SPRF-MG";"DEL05-MG";"UOP01-DEL05-MG"