"id";"data_inversa";"dia_semana";"horario";"uf";"br";"km";"municipio";"causa_acidente";"tipo_acidente";"classificacao_acidente";"fase_dia";"sentido_via";"condicao_metereologica";"tipo_pista";"tracado_via";"uso_solo";"pessoas";"mortos";"feridos_leves";"feridos_graves";"ilesos";"ignorados";"feridos";"veiculos";"latitude";"longitude";"regional";"delegacia";"uop"
351936;2021-04-15;"quinta-feira";"15:30:00";"MG";146;444,9;"MUZAMBINHO";"Velocidade Incompatível";"Saída de leito carroçável";"Com Vítimas Feridas";"Pleno dia";"Decrescente";"Céu Claro";"Simples";"Curva";"Não";1;0;0;1;0;0;1;1;-21,33697273;-46,5612676;"SPRF-MG";"DEL09-MG";"UOP01-DEL09-MG"
351937;2021-04-15;"quinta-feira";"15:30:00";"BA";116;10;"VITORIA DA CONQUISTA";"Conversão proibida";"Colisão transversal";"Com Vítimas Feridas";"Pleno dia";"Decrescente";"Céu Claro";"Simples";"Reta";"Sim";2;0;1;0;1;0;1;2;-14,857;-40,8778;"SPRF-BA";"DEL08-BA";"UOP01-DEL08-BA"
351938;2021-03-28;"domingo";"16:49:00";"MT";163;826;"SINOP";"Acessar a via sem observar a presença dos outros veículos";"Colisão traseira";"Com Vítimas Feridas";"Pleno dia";"Crescente";"Nublado";"Dupla";"Rotatória";"Sim";3;0;0;1;2;0;1;2;-12,05864;-55,51743619;"SPRF-MT";"DEL06-MT";"UOP01-DEL06-MT"
351939;2021-02-03;"quarta-feira";"09:45:00";"SE";235;51,5;"ITABAIANA";"Conversão proibida";"Colisão transversal";"Com Vítimas Feridas";"Pleno dia";"Decrescente";"Céu Claro";"Simples";"Reta";"Sim";2;0;0;1;1;0;1;2;-10,700226;-37,431423;"SPRF-SE";"DEL01-SE";"UOP02-DEL01-SE"
351943;2021-04-15;"quinta-feira";"13:00:00";"PR";369;504,4;"CORBELIA";"Acessar a via sem observar a presença dos outros veículos";"Colisão transversal";"Com Vítimas Feridas";"Pleno dia";"Crescente";"Céu Claro";"Simples";"Reta";"Não";2;0;0;1;1;0;1;2;-24,82440095;-53,29755763;"SPRF-PR";"DEL09-PR";"UOP03-DEL09-PR"
351944;2021-04-15;"quinta-feira";"15:43:00";"CE";116;26;"AQUIRAZ";"Pedestre andava na pista";"Atropelamento de Pedestre";"Com Vítimas Feridas";"Pleno dia";"Decrescente";"Nublado";"Dupla";"Reta";"Não";2;0;1;0;1;0;1;2;-3,9752959;-38,51436047;"SPRF-CE";"DEL01-CE";"UOP02-DEL01-CE"
351948;2021-04-15;"quinta-feira";"15:30:00";"GO";60;35;"GOIANIA";"Ausência de reação do condutor";"Colisão traseira";"Sem Vítimas";"Pleno dia";"Decrescente";"Céu Claro";"Dupla";"Reta";"Sim";5;0;0;0;5;0;0;2;-16,6777;-49,2676;"SPRF-GO";"DEL01-GO";"UOP02-DEL01-GO"
351949;2021-04-15;"quinta-feira";"15:10:00";"GO";40;62;"CRISTALINA";"Condutor Dormindo";"Saída de leito carroçável";"Sem Vítimas";"Pleno dia";"Crescente";"Céu Claro";"Simples";"Reta";"Sim";1;0;0;0;0;1;0;1;-16,541494;-47,794882;"SPRF-DF";"DEL01-DF";"UOP02-DEL01-DF"
351951;2021-03-22;"segunda-feira";"11:50:00";"ES";262;141;"MUNIZ FREIRE";"Ultrapassagem Indevida";"Colisão frontal";"Com Vítimas Feridas";"Pleno dia";"Crescente";"Céu Claro";"Simples";"Curva";"Não";3;0;0;1;1;1;1;3;-20,22928738;-41,37705381;"SPRF-ES";"DEL01-ES";"UOP02-DEL01-ES"
351952;2021-04-15;"quinta-feira";"13:10:00";"RS";293;259;"DOM PEDRITO";"Ausência de reação do condutor";"Saída de leito carroçável";"Com Vítimas Feridas";"Pleno dia";"Decrescente";"Céu Claro";"Simples";"Reta";"Não";1;0;1;0;0;0;1;1;-30,9353215;-54,74517219;"SPRF-RS";"DEL11-RS";"UOP01-DEL11-RS"
351953;2021-04-15;"quinta-feira";"16:20:00";"GO";158;2;"ARAGARCAS";"Reação tardia ou ineficiente do condutor";"Colisão lateral mesmo sentido";"Com Vítimas Feridas";"Pleno dia";"Decrescente";"Céu Claro";"Dupla";"Reta";"Sim";2;0;1;0;1;0;1;2;-15,897061;-52,23549;"SPRF-GO";"DEL04-GO";"UOP01-DEL04-GO"
351954;2021-04-15;"quinta-feira";"12:30:00";"MG";381;246;"SANTANA DO PARAISO";"Condutor deixou de manter distância do veículo da frente";"Colisão traseira";"Com Vítimas Fatais";"Pleno dia";"Decrescente";"Céu Claro";"Simples";"Interseção de Vias";"Não";2;1;1;0;0;0;1;2;-19,45740746;-42,52499719;"SPRF-MG";"DEL06-MG";"UOP01-DEL06-MG"
351955;2021-04-15;"quinta-feira";"17:00:00";"BA";116;16,1;"VITORIA DA CONQUISTA";"Retorno proibido";"Colisão frontal";"Com Vítimas Feridas";"Pleno dia";"Decrescente";"Céu Claro";"Simples";"Reta";"Sim";2;0;1;0;1;0;1;2;-14,902356;-40,84881;"SPRF-BA";"DEL08-BA";"UOP01-DEL08-BA"
351957;2021-04-15;"quinta-feira";"17:15:00";"MG";262;443;"NOVA SERRANA";"Acessar a via sem observar a presença dos outros veículos";"Colisão transversal";"Com Vítimas Feridas";"Pleno dia";"Decrescente";"Céu Claro";"Dupla";"Reta";"Sim";3;0;2;0;1;0;2;2;-19,88065393;-44,92197102;"SPRF-MG";"DEL08-MG";"UOP03-DEL08-MG"
351959;2021-04-15;"quinta-feira";"17:40:00";"PI";343;336;"TERESINA";"Demais falhas mecânicas ou elétricas";"Tombamento";"Com Vítimas Feridas";"Anoitecer";"Crescente";"Céu Claro";"Dupla";"Curva";"Sim";2;0;0;2;0;0;2;1;-5,062547;-42,705189;"SPRF-PI";"DEL01-PI";"UOP01-DEL01-PI"
351961;2021-04-15;"quinta-feira";"17:25:00";"RS";116;231;"IVOTI";"Reação tardia ou ineficiente do condutor";"Colisão transversal";"Com Vítimas Feridas";"Pleno dia";"Decrescente";"Nublado";"Simples";"Retorno Regulamentado;Reta";"Sim";2;0;1;0;1;0;1;2;-29,62621078;-51,13735557;"SPRF-RS";"DEL01-RS";"UOP02-DEL01-RS"
351962;2021-04-15;"quinta-feira";"15:50:00";"MT";70;6;"BARRA DO GARCAS";"Ingestão de álcool pelo condutor";"Tombamento";"Com Vítimas Feridas";"Pleno dia";"Decrescente";"Sol";"Dupla";"Declive;Reta";"Sim";1;0;1;0;0;0;1;1;-15,878268;-52,306705;"SPRF-MT";"DEL07-MT";"UOP01-DEL07-MT"
351963;2021-04-15;"quinta-feira";"18:00:00";"CE";116;18;"EUSEBIO";"Acostamento em desnível";"Tombamento";"Com Vítimas Feridas";"Plena Noite";"Decrescente";"Céu Claro";"Dupla";"Reta";"Sim";1;0;1;0;0;0;1;1;-3,90496605;-38,50518756;"SPRF-CE";"DEL01-CE";"UOP02-DEL01-CE"
351964;2021-04-15;"quinta-feira";"15:45:00";"RO";364;425;"JARU";"Acessar a via sem observar a presença dos outros veículos";"Colisão transversal";"Com Vítimas Feridas";"Pleno dia";"Decrescente";"Céu Claro";"Simples";"Interseção de Vias;Reta";"Sim";2;0;1;0;1;0;1;2;-10,43704884;-62,47236198;"SPRF-RO";"DEL03-RO";"UOP02-DEL03-RO"
351966;2021-04-15;"quinta-feira";"17:15:00";"SC";282;135,3;"BOM RETIRO";"Demais falhas mecânicas ou elétricas";"Incêndio";"Sem Vítimas";"Anoitecer";"Decrescente";"Céu Claro";"Simples";"Curva";"Não";1;0;0;0;1;0;0;1;-27,8187485;-49,55024069;"SPRF-SC";"DEL05-SC";"UOP01-DEL05-SC"
351968;2021-04-15;"quinta-feira";"18:00:00";"BA";101;264,9;"SANTO ANTONIO DE JESUS";"Condutor deixou de manter distância do veículo da frente";"Colisão traseira";"Com Vítimas Feridas";"Plena Noite";"Crescente";"Nublado";"Simples";"Curva";"Não";2;0;1;0;1;0;1;2;-13,09857093;-39,28167519;"SPRF-BA";"DEL01-BA";"UOP02-DEL01-BA"
351969;2021-04-15;"quinta-feira";"17:30:00";"PR";277;131;"BALSA NOVA";"Mal súbito do condutor";"Queda de ocupante de veículo";"Com Vítimas Feridas";"Plena Noite";"Decrescente";"Céu Claro";"Simples";"Curva";"Não";1;0;1;0;0;0;1;1;-25,47231348;-49,65736628;"SPRF-PR";"DEL01-PR";"UOP03-DEL03-PR"
351970;2021-04-15;"quinta-feira";"17:00:00";"MA";10;256;"IMPERATRIZ";"Acessar a via sem observar a presença dos outros veículos";"Colisão transversal";"Com Vítimas Feridas";"Anoitecer";"Crescente";"Nublado";"Simples";"Interseção de Vias";"Sim";3;0;0;1;2;0;1;2;-5,60626353;-47,43930817;"SPRF-MA";"DEL04-MA";"UOP01-DEL04-MA"
351972;2021-04-15;"quinta-feira";"17:40:00";"SP";116;273;"TABOAO DA SERRA";"Ausência de reação do condutor";"Colisão traseira";"Com Vítimas Feridas";"Anoitecer";"Decrescente";"Céu Claro";"Dupla";"Reta";"Sim";3;0;2;0;1;0;2;2;-23,62809795;-46,81870306;"SPRF-SP";"DEL04-SP";"UOP01-DEL04-SP"
351973;2021-04-15;"quinta-feira";"18:00:00";"SC";101;209;"SAO JOSE";"Acessar a via sem observar a presença dos outros veículos";"Colisão transversal";"Com Vítimas Feridas";"Plena Noite";"Crescente";"Céu Claro";"Múltipla";"Interseção de Vias";"Sim";2;0;1;0;1;0;1;2;-27,61000542;-48,63895057;"SPRF-SC";"DEL01-SC";"UOP01-DEL01-SC"
351976;2021-04-15;"quinta-feira";"18:25:00";"MG";50;69;"UBERLANDIA";"Manobra de mudança de faixa";"Tombamento";"Com Vítimas Feridas";"Plena Noite";"Crescente";"Céu Claro";"Dupla";"Reta";"Sim";1;0;1;0;0;0;1;1;-18,85140204;-48,25345932;"SPRF-MG";"DEL15-MG";"UOP01-DEL15-MG"
351978;2021-04-15;"quinta-feira";"17:05:00";"PR";376;185;"SARANDI";"Desrespeitar a preferência no cruzamento";"Colisão transversal";"Sem Vítimas";"Anoitecer";"Decrescente";"Céu Claro";"Dupla";"Interseção de Vias";"Sim";2;0;0;0;2;0;0;2;-23,45147413;-51,85361808;"SPRF-PR";"DEL09-PR";"UOP01-DEL09-PR"
351979;2021-04-15;"quinta-feira";"18:35:00";"RS";386;386;"TABAI";"Manobra de mudança de faixa";"Saída de leito carroçável";"Com Vítimas Feridas";"Plena Noite";"Decrescente";"Nublado";"Dupla";"Reta";"Não";1;0;0;1;0;0;1;1;-29,69129624;-51,70706749;"SPRF-RS";"DEL04-RS";"UOP02-DEL04-RS"
351980;2021-04-15;"quinta-feira";"18:13:00";"MT";364;290,8;"JACIARA";"Avarias e/ou desgaste excessivo no pneu";"Queda de ocupante de veículo";"Com Vítimas Feridas";"Plena Noite";"Decrescente";"Céu Claro";"Dupla";"Reta";"Não";2;0;2;0;0;0;2;1;-15,90475053;-55,09158825;"SPRF-MT";"DEL05-MT";"UOP02-DEL05-MT"
351981;2021-04-15;"quinta-feira";"19:20:00";"PR";369;146;"LONDRINA";"Acessar a via sem observar a presença dos outros veículos";"Colisão transversal";"Com Vítimas Feridas";"Anoitecer";"Crescente";"Céu Claro";"Dupla";"Retorno Regulamentado";"Sim";2;0;0;1;1;0;1;2;-23,2931;-51,125238;"SPRF-PR";"DEL07-PR";"UOP01-DEL07-PR"
351982;2021-04-15;"quinta-feira";"18:50:00";"BA";116;819,1;"VITORIA DA CONQUISTA";"Reação tardia ou ineficiente do condutor";"Queda de ocupante de veículo";"Com Vítimas Feridas";"Plena Noite";"Crescente";"Nublado";"Simples";"Curva";"Sim";1;0;1;0;0;0;1;1;-14,82912184;-40,82885385;"SPRF-BA";"DEL08-BA";"UOP01-DEL08-BA"
351984;2021-04-15;"quinta-feira";"16:34:00";"RS";392;21,7;"RIO GRANDE";"Reação tardia ou ineficiente do condutor";"Saída de leito carroçável";"Sem Vítimas";"Pleno dia";"Decrescente";"Chuva";"Dupla";"Curva";"Sim";1;0;0;0;1;0;0;1;-32,08769775;-52,20709106;"SPRF-RS";"DEL07-RS";"UOP02-DEL07-RS"
351985;2021-04-15;"quinta-feira";"19:30:00";"CE";116;15;"FORTALEZA";"Pedestre cruzava a pista fora da faixa";"Atropelamento de Pedestre";"Com Vítimas Feridas";"Plena Noite";"Crescente";"Céu Claro";"Dupla";"Aclive;Reta";"Sim";3;0;3;0;0;0;3;2;-3,87839882;-38,50066893;"SPRF-CE";"DEL01-CE";"UOP02-DEL01-CE"
351987;2021-04-15;"quinta-feira";"19:45:00";"RS";116;480,4;"SAO LOURENCO DO SUL";"Desrespeitar a preferência no cruzamento";"Colisão lateral mesmo sentido";"Com Vítimas Feridas";"Plena Noite";"Crescente";"Nublado";"Dupla";"Retorno Regulamentado;Reta";"Não";3;0;3;0;0;0;3;2;-31,40113972;-52,15870136;"SPRF-RS";"DEL07-RS";"UOP01-DEL07-RS"
351988;2021-04-15;"quinta-feira";"18:50:00";"ES";262;1,7;"CARIACICA";"Condutor deixou de manter distância do veículo da frente";"Colisão traseira";"Com Vítimas Feridas";"Plena Noite";"Crescente";"Nublado";"Dupla";"Reta";"Sim";2;0;1;0;1;0;1;2;-20,32955204;-40,35492602;"SPRF-ES";"DEL01-ES";"UOP01-DEL01-ES"
351989;2021-04-15;"quinta-feira";"19:45:00";"RS";470;227;"GARIBALDI";"Acumulo de areia ou detritos sobre o pavimento";"Colisão com objeto";"Com Vítimas Feridas";"Plena Noite";"Decrescente";"Céu Claro";"Dupla";"Curva";"Sim";2;0;2;0;0;0;2;1;-29,21657705;-51,51722624;"SPRF-RS";"DEL06-RS";"UOP01-DEL06-RS"
351991;2021-04-15;"quinta-feira";"18:00:00";"MT";163;838;"SINOP";"Reação tardia ou ineficiente do condutor";"Queda de ocupante de veículo";"Com Vítimas Feridas";"Anoitecer";"Crescente";"Céu Claro";"Dupla";"Reta";"Sim";1;0;0;1;0;0;1;1;-11,83553551;-55,48848867;"SPRF-MT";"DEL06-MT";"NPF/DEL06-MT"
351992;2021-04-15;"quinta-feira";"19:45:00";"SE";101;20,6;"SAO FRANCISCO";"Ingestão de álcool pelo condutor";"Saída de leito carroçável";"Sem Vítimas";"Plena Noite";"Decrescente";"Nublado";"Simples";"Reta";"Não";1;0;0;0;1;0;0;1;-10,36128499;-36,90821202;"SPRF-SE";"DEL02-SE";"UOP02-DEL02-SE"
351994;2021-04-15;"quinta-feira";"15:00:00";"SC";116;69;"MONTE CASTELO";"Ingestão de álcool pelo condutor";"Capotamento";"Com Vítimas Feridas";"Pleno dia";"Crescente";"Céu Claro";"Simples";"Reta";"Não";1;0;0;1;0;0;1;1;-26,46036818;-50,22889671;"SPRF-SC";"DEL06-SC";"UOP02-DEL06-SC"
351995;2021-04-15;"quinta-feira";"20:20:00";"MT";70;8;"BARRA DO GARCAS";"Velocidade Incompatível";"Colisão lateral mesmo sentido";"Com Vítimas Feridas";"Plena Noite";"Crescente";"Nublado";"Simples";"Reta";"Não";2;0;1;0;1;0;1;2;-15,87825854;-52,325823;"SPRF-MT";"DEL07-MT";"UOP01-DEL07-MT"
351997;2021-04-15;"quinta-feira";"20:15:00";"MG";381;505,6;"BETIM";"Pedestre andava na pista";"Atropelamento de Pedestre";"Com Vítimas Feridas";"Plena Noite";"Decrescente";"Céu Claro";"Dupla";"Curva";"Sim";2;0;1;0;0;1;1;2;-20,04478441;-44,27276484;"SPRF-MG";"DEL01-MG";"UOP03-DEL01-MG"
352000;2021-04-11;"domingo";"18:15:00";"AL";101;74;"MESSIAS";"Iluminação deficiente";"Eventos atípicos";"Com Vítimas Feridas";"Plena Noite";"Decrescente";"Chuva";"Dupla";"Reta";"Não";2;0;0;1;0;1;1;2;-9,38653022;-35,83240271;"SPRF-AL";"DEL01-AL";"UOP01-DEL01-AL"
352005;2021-04-15;"quinta-feira";"21:00:00";"MG";365;687,5;"MONTE ALEGRE DE MINAS";"Pedestre andava na pista";"Atropelamento de Pedestre";"Com Vítimas Fatais";"Plena Noite";"Crescente";"Céu Claro";"Múltipla";"Reta";"Sim";3;1;0;0;1;1;0;2;-18,87591;-48,87553;"SPRF-MG";"DEL15-MG";"UOP03-DEL15-MG"
352007;2021-04-15;"quinta-feira";"20:40:00";"PR";376;4;"MARINGA";"Reação tardia ou ineficiente do condutor";"Saída de leito carroçável";"Com Vítimas Feridas";"Plena Noite";"Decrescente";"Céu Claro";"Dupla";"Reta";"Sim";1;0;1;0;0;0;1;1;-23,3788167;-51,94610596;"SPRF-PR";"DEL09-PR";"UOP01-DEL09-PR"
352009;2021-04-15;"quinta-feira";"19:15:00";"CE";20;312,3;"CANINDE";"Reação tardia ou ineficiente do condutor";"Colisão frontal";"Sem Vítimas";"Plena Noite";"Decrescente";"Céu Claro";"Simples";"Reta";"Não";2;0;0;0;2;0;0;2;-4,32382787;-39,27613204;"SPRF-CE";"DEL02-CE";"UOP01-DEL02-CE"
352010;2021-04-15;"quinta-feira";"19:30:00";"SC";101;277,1;"IMBITUBA";"Ausência de reação do condutor";"Saída de leito carroçável";"Com Vítimas Feridas";"Plena Noite";"Decrescente";"Céu Claro";"Dupla";"Reta";"Sim";2;0;2;0;0;0;2;1;-28,15478103;-48,69265474;"SPRF-SC";"DEL02-SC";"UOP03-DEL02-SC"
352013;2021-04-15;"quinta-feira";"22:11:00";"MG";40;552;"NOVA LIMA";"Animais na Pista";"Colisão com objeto";"Com Vítimas Feridas";"Plena Noite";"Crescente";"Céu Claro";"Simples";"Reta";"Sim";1;0;1;0;0;0;1;1;-20,06084086;-43,97716423;"SPRF-MG";"DEL01-MG";"UOP02-DEL01-MG"
352014;2021-04-15;"quinta-feira";"22:00:00";"MG";381;448;"SANTA LUZIA";"Área urbana sem a presença de local apropriado para a travessia de pedestres";"Atropelamento de Pedestre";"Com Vítimas Fatais";"Plena Noite";"Decrescente";"Céu Claro";"Simples";"Reta";"Sim";2;1;0;0;0;1;0;2;-19,82178144;-43,81193161;"SPRF-MG";"DEL01-MG";"UOP01-DEL01-MG"
352015;2021-04-15;"quinta-feira";"22:00:00";"MG";262;34,5;"MANHUACU";"Conversão proibida";"Colisão transversal";"Com Vítimas Feridas";"Plena Noite";"Crescente";"Céu Claro";"Simples";"Curva";"Não";2;0;1;0;0;1;1;2;-20,25692664;-42,01099203;"SPRF-MG";"DEL06-MG";"UOP03-DEL06-MG"
352016;2021-04-15;"quinta-feira";"21:40:00";"RJ";101;401;"ITAGUAI";"Ingestão de álcool pelo condutor";"Saída de leito carroçável";"Sem Vítimas";"Plena Noite";"Decrescente";"Céu Claro";"Dupla";"Curva";"Sim";1;0;0;0;1;0;0;1;-22,84853075;-43,77998836;"SPRF-RJ";"DEL03-RJ";"UOP01-DEL03-RJ"
352017;2021-04-15;"quinta-feira";"22:00:00";"MT";70;153;"GENERAL CARNEIRO";"Demais falhas mecânicas ou elétricas";"Incêndio";"Sem Vítimas";"Plena Noite";"Crescente";"Céu Claro";"Simples";"Reta";"Não";1;0;0;0;1;0;0;1;-15,57408092;-53,39778497;"SPRF-MT";"DEL07-MT";"UOP01-DEL07-MT"
352019;2021-04-15;"quinta-feira";"22:15:00";"DF";40;5,1;"BRASILIA";"Reação tardia ou ineficiente do condutor";"Colisão com objeto";"Com Vítimas Feridas";"Plena Noite";"Crescente";"Céu Claro";"Dupla";"Reta";"Sim";1;0;1;0;0;0;1;1;-16,020903;-47,980541;"SPRF-DF";"DEL01-DF";"UOP01-DEL01-DF"
352020;2021-01-17;"domingo";"14:20:00";"MG";116;635,1;"DIVINO";"Acessar a via sem observar a presença dos outros veículos";"Colisão lateral sentido oposto";"Com Vítimas Feridas";"Pleno dia";"Crescente";"Céu Claro";"Simples";"Curva";"Não";3;0;2;0;0;1;2;3;-20,6269077;-42,22298361;"SPRF-MG";"DEL07-MG";"UOP03-DEL07-MG"
352022;2021-04-15;"quinta-feira";"19:40:00";"PR";163;2;"BARRACAO";"Ingestão de álcool pelo condutor";"Colisão lateral sentido oposto";"Com Vítimas Feridas";"Plena Noite";"Crescente";"Chuva";"Simples";"Reta";"Não";2;0;2;0;0;0;2;2;-26,26992255;-53,58881414;"SPRF-PR";"DEL02-PR";"UOP02-DEL02-PR"
352024;2021-04-15;"quinta-feira";"22:00:00";"SC";280;31,5;"ARAQUARI";"Conversão proibida";"Colisão transversal";"Com Vítimas Feridas";"Plena Noite";"Crescente";"Garoa/Chuvisco";"Simples";"Reta";"Sim";2;0;1;0;1;0;1;2;-26,41649938;-48,77181215;"SPRF-SC";"DEL03-SC";"UOP03-DEL03-SC"
352025;2021-04-15;"quinta-feira";"22:45:00";"RJ";116;74;"TERESOPOLIS";"Reação tardia ou ineficiente do condutor";"Colisão com objeto";"Com Vítimas Fatais";"Plena Noite";"Decrescente";"Céu Claro";"Simples";"Reta";"Não";2;1;0;1;0;0;1;1;-22,35343905;-42,94244164;"SPRF-RJ";"DEL04-RJ";"UOP01-DEL04-RJ"
352026;2021-04-15;"quinta-feira";"20:55:00";"MS";376;36,7;"VICENTINA";"Pedestre andava na pista";"Atropelamento de Pedestre";"Com Vítimas Feridas";"Plena Noite";"Crescente";"Céu Claro";"Simples";"Reta";"Sim";2;0;1;1;0;0;2;2;-22,411;-54,432;"SPRF-MS";"DEL04-MS";"UOP04-DEL04-MS"
352027;2021-04-15;"quinta-feira";"23:55:00";"SC";280;55;"GUARAMIRIM";"Velocidade Incompatível";"Colisão transversal";"Com Vítimas Feridas";"Plena Noite";"Crescente";"Nublado";"Dupla";"Desvio Temporário;Em Obras";"Sim";3;0;1;0;2;0;1;2;-26,47734369;-48,99713516;"SPRF-SC";"DEL03-SC";"UOP03-DEL03-SC"
352029;2021-04-15;"quinta-feira";"23:00:00";"BA";324;285;"JACOBINA";"Ingestão de álcool pelo condutor";"Colisão frontal";"Sem Vítimas";"Plena Noite";"Crescente";"Céu Claro";"Simples";"Reta";"Não";2;0;0;0;2;0;0;2;-11,14306364;-40,58649079;"SPRF-BA";"DEL04-BA";"UOP02-DEL04-BA"
352030;2021-04-15;"quinta-feira";"23:50:00";"SP";153;324;"SAO PEDRO DO TURVO";"Carga excessiva e/ou mal acondicionada";"Queda de ocupante de veículo";"Com Vítimas Feridas";"Plena Noite";"Crescente";"Céu Claro";"Simples";"Reta";"Não";2;0;1;0;0;1;1;2;-22,79786701;-49,88967352;"SPRF-SP";"DEL07-SP";"UOP03-DEL07-SP"
352033;2021-04-16;"sexta-feira";"01:45:00";"SP";116;146,1;"SAO JOSE DOS CAMPOS";"Avarias e/ou desgaste excessivo no pneu";"Tombamento";"Com Vítimas Feridas";"Plena Noite";"Crescente";"Céu Claro";"Dupla";"Reta;Declive";"Sim";2;0;2;0;0;0;2;1;-23,19122919;-45,86327591;"SPRF-SP";"DEL02-SP";"UOP01-DEL02-SP"
352034;2021-04-16;"sexta-feira";"01:10:00";"RS";116;0,1;"PORTO ALEGRE";"Participar de racha";"Colisão com objeto";"Com Vítimas Feridas";"Plena Noite";"Crescente";"Nublado";"Simples";"Viaduto";"Sim";3;0;0;1;2;0;1;2;-30,033535;-51,230453;"SPRF-RS";"DEL01-RS";"UOP01-DEL01-RS"
352035;2021-04-16;"sexta-feira";"03:00:00";"RS";116;148,2;"CAXIAS DO SUL";"Ingestão de álcool pelo condutor";"Tombamento";"Com Vítimas Feridas";"Plena Noite";"Decrescente";"Nublado";"Dupla";"Curva";"Sim";1;0;1;0;0;0;1;1;-29,15444539;-51,15101681;"SPRF-RS";"DEL05-RS";"UOP01-DEL05-RS"
352036;2021-04-16;"sexta-feira";"02:00:00";"SC";101;233,5;"PALHOCA";"Ingestão de álcool pelo condutor";"Saída de leito carroçável";"Com Vítimas Feridas";"Plena Noite";"Crescente";"Céu Claro";"Dupla";"Declive";"Não";1;0;1;0;0;0;1;1;-27,80376397;-48,63826211;"SPRF-SC";"DEL01-SC";"UOP02-DEL01-SC"
352037;2021-04-16;"sexta-feira";"03:00:00";"MG";365;751;"ITUIUTABA";"Ausência de reação do condutor";"Tombamento";"Com Vítimas Feridas";"Plena Noite";"Crescente";"Céu Claro";"Dupla";"Reta";"Não";1;0;1;0;0;0;1;1;-18,94555;-49,45521;"SPRF-MG";"DEL15-MG";"UOP03-DEL15-MG"
352039;2021-04-16;"sexta-feira";"03:30:00";"PB";101;86;"BAYEUX";"Animais na Pista";"Atropelamento de Animal";"Com Vítimas Feridas";"Plena Noite";"Decrescente";"Céu Claro";"Dupla";"Declive;Curva";"Sim";2;0;1;1;0;0;2;2;-7,15122195;-34,90964955;"SPRF-PB";"DEL01-PB";"UOP01-DEL01-PB"
352040;2021-04-16;"sexta-feira";"03:15:00";"SC";101;213,8;"PALHOCA";"Velocidade Incompatível";"Colisão traseira";"Com Vítimas Feridas";"Plena Noite";"Decrescente";"Céu Claro";"Múltipla";"Reta";"Sim";4;0;1;0;0;3;1;3;-27,64319027;-48,66937995;"SPRF-SC";"DEL01-SC";"UOP02-DEL01-SC"
352044;2021-04-16;"sexta-feira";"05:10:00";"RS";386;417;"MONTENEGRO";"Transitar na contramão";"Colisão frontal";"Com Vítimas Feridas";"Plena Noite";"Crescente";"Nublado";"Dupla";"Rotatória;Declive";"Não";5;0;3;2;0;0;5;2;-29,81949768;-51,4518714;"SPRF-RS";"DEL04-RS";"UOP02-DEL04-RS"
352045;2021-04-16;"sexta-feira";"05:40:00";"BA";116;584;"BREJOES";"Condutor Dormindo";"Saída de leito carroçável";"Sem Vítimas";"Amanhecer";"Crescente";"Nublado";"Múltipla";"Curva;Declive";"Não";1;0;0;0;1;0;0;1;-13,1052027;-39,98209294;"SPRF-BA";"DEL03-BA";"UOP02-DEL03-BA"
352047;2021-04-15;"quinta-feira";"21:08:00";"BA";116;428,8;"FEIRA DE SANTANA";"Demais falhas mecânicas ou elétricas";"Colisão com objeto";"Sem Vítimas";"Plena Noite";"Crescente";"Nublado";"Dupla";"Curva";"Não";1;0;0;0;0;1;0;1;-12,28766625;-39,00377758;"SPRF-BA";"DEL02-BA";"UOP01-DEL02-BA"
352048;2021-03-10;"quarta-feira";"15:25:00";"MT";364;319;"CAMPO VERDE";"Velocidade Incompatível";"Colisão com objeto";"Sem Vítimas";"Pleno dia";"Decrescente";"Chuva";"Dupla";"Reta";"Não";4;0;0;0;4;0;0;1;-15,81640402;-55,31581299;"SPRF-MT";"DEL05-MT";"UOP02-DEL05-MT"
352052;2021-04-16;"sexta-feira";"06:00:00";"PI";343;306;"ALTOS";"Neblina";"Colisão traseira";"Sem Vítimas";"Amanhecer";"Decrescente";"Nevoeiro/Neblina";"Simples";"Curva";"Sim";2;0;0;0;2;0;0;2;-5,038756;-42,450893;"SPRF-PI";"DEL01-PI";"UOP01-DEL01-PI"
352054;2021-04-16;"sexta-feira";"06:35:00";"PE";101;64;"RECIFE";"Trafegar com motocicleta (ou similar) entre as faixas";"Colisão lateral mesmo sentido";"Com Vítimas Feridas";"Pleno dia";"Crescente";"Céu Claro";"Múltipla";"Reta";"Não";2;0;1;0;1;0;1;2;-8,023567;-34,942907;"SPRF-PE";"DEL01-PE";"UOP01-DEL01-PE"
352056;2021-04-16;"sexta-feira";"07:20:00";"DF";70;11;"BRASILIA";"Condutor deixou de manter distância do veículo da frente";"Colisão lateral mesmo sentido";"Sem Vítimas";"Pleno dia";"Decrescente";"Céu Claro";"Dupla";"Reta";"Sim";2;0;0;0;2;0;0;2;-15,789762;-48,148727;"SPRF-DF";"DEL03-DF";"UOP02-DEL03-DF"