"id";"data_inversa";"dia_semana";"horario";"uf";"br";"km";"municipio";"causa_acidente";"tipo_acidente";"classificacao_acidente";"fase_dia";"sentido_via";"condicao_metereologica";"tipo_pista";"tracado_via";"uso_solo";"pessoas";"mortos";"feridos_leves";"feridos_graves";"ilesos";"ignorados";"feridos";"veiculos";"latitude";"longitude";"regional";"delegacia";"uop"
352057;2021-04-16;"sexta-feira";"04:40:00";"MG";40;589;"ITABIRITO";"Demais falhas mecânicas ou elétricas";"Incêndio";"Sem Vítimas";"Plena Noite";"Crescente";"Nublado";"Simples";"Curva";"Sim";1;0;0;0;0;1;0;1;-20,36807799;-43,90982881;"SPRF-MG";"DEL01-MG";"UOP02-DEL01-MG"
352059;2021-04-16;"sexta-feira";"07:35:00";"MG";116;328;"CAMPANARIO";"Condutor Dormindo";"Saída de leito carroçável";"Sem Vítimas";"Pleno dia";"Crescente";"Céu Claro";"Simples";"Reta";"Não";2;0;0;0;1;1;0;2;-18,22394402;-41,71822293;"SPRF-MG";"DEL11-MG";"UOP01-DEL11-MG"
352060;2021-04-16;"sexta-feira";"07:52:00";"RS";285;123,9;"VACARIA";"Acessar a via sem observar a presença dos outros veículos";"Colisão lateral mesmo sentido";"Com Vítimas Feridas";"Pleno dia";"Decrescente";"Céu Claro";"Simples";"Reta";"Sim";3;0;1;0;2;0;1;2;-28,499468;-50,951084;"SPRF-RS";"DEL05-RS";"UOP03-DEL05-RS"
352061;2021-04-16;"sexta-feira";"07:55:00";"SC";101;199;"SAO JOSE";"Reação tardia ou ineficiente do condutor";"Colisão lateral mesmo sentido";"Com Vítimas Feridas";"Pleno dia";"Crescente";"Nublado";"Dupla";"Reta";"Sim";2;0;0;1;0;1;1;2;-27,53413705;-48,63003205;"SPRF-SC";"DEL01-SC";"UOP01-DEL01-SC"
352062;2021-04-16;"sexta-feira";"07:50:00";"SC";101;202,5;"SAO JOSE";"Ausência de reação do condutor";"Colisão traseira";"Com Vítimas Feridas";"Pleno dia";"Crescente";"Nublado";"Dupla";"Reta";"Não";2;0;0;1;1;0;1;2;-27,55711595;-48,61897889;"SPRF-SC";"DEL01-SC";"UOP01-DEL01-SC"
352063;2021-04-16;"sexta-feira";"07:10:00";"SC";282;578,1;"PINHALZINHO";"Desrespeitar a preferência no cruzamento";"Colisão transversal";"Com Vítimas Feridas";"Pleno dia";"Decrescente";"Nublado";"Simples";"Rotatória";"Não";2;0;1;0;1;0;1;2;-26,838364;-52,985279;"SPRF-SC";"DEL07-SC";"UOP02-DEL07-SC"
352064;2021-02-18;"quinta-feira";"07:35:00";"MG";381;486;"BETIM";"Trafegar com motocicleta (ou similar) entre as faixas";"Queda de ocupante de veículo";"Com Vítimas Feridas";"Pleno dia";"Decrescente";"Garoa/Chuvisco";"Dupla";"Reta";"Sim";1;0;0;1;0;0;1;1;-19,95644414;-44,13611598;"SPRF-MG";"DEL01-MG";"UOP03-DEL01-MG"
352066;2021-04-16;"sexta-feira";"08:20:00";"SC";101;117,4;"ITAJAI";"Manobra de mudança de faixa";"Colisão traseira";"Com Vítimas Feridas";"Pleno dia";"Crescente";"Garoa/Chuvisco";"Múltipla";"Reta";"Sim";3;0;1;0;2;0;1;2;-26,89285133;-48,72052431;"SPRF-SC";"DEL04-SC";"UOP04-DEL04-SC"
352067;2021-04-16;"sexta-feira";"08:00:00";"PR";476;147;"CURITIBA";"Condutor deixou de manter distância do veículo da frente";"Colisão traseira";"Com Vítimas Feridas";"Pleno dia";"Decrescente";"Nublado";"Dupla";"Reta";"Sim";2;0;1;0;1;0;1;2;-25,554628;-49,339268;"SPRF-PR";"DEL01-PR";"UOP03-DEL01-PR"
352068;2021-04-16;"sexta-feira";"07:50:00";"RJ";101;332,9;"RIO DE JANEIRO";"Manobra de mudança de faixa";"Colisão lateral mesmo sentido";"Com Vítimas Feridas";"Pleno dia";"Crescente";"Céu Claro";"Dupla";"Reta";"Não";2;0;1;0;1;0;1;2;-22,87133305;-43,20407695;"SPRF-RJ";"DEL02-RJ";"UOP02-DEL02-RJ"
352069;2021-04-16;"sexta-feira";"08:15:00";"SC";101;207;"SAO JOSE";"Manobra de mudança de faixa";"Colisão lateral mesmo sentido";"Com Vítimas Feridas";"Pleno dia";"Crescente";"Céu Claro";"Múltipla";"Reta";"Sim";2;0;1;0;1;0;1;2;-27,60001226;-48,6226467;"SPRF-SC";"DEL01-SC";"UOP01-DEL01-SC"
352070;2021-04-16;"sexta-feira";"08:25:00";"SC";101;209;"SAO JOSE";"Obras na pista";"Queda de ocupante de veículo";"Com Vítimas Feridas";"Pleno dia";"Crescente";"Céu Claro";"Múltipla";"Reta";"Sim";1;0;1;0;0;0;1;1;-27,61000542;-48,63895057;"SPRF-SC";"DEL01-SC";"UOP01-DEL01-SC"
352072;2021-04-16;"sexta-feira";"08:20:00";"MG";116;636,7;"DIVINO";"Velocidade Incompatível";"Capotamento";"Com Vítimas Feridas";"Pleno dia";"Decrescente";"Céu Claro";"Simples";"Curva";"Não";4;0;3;0;1;0;3;1;-20,61653758;-42,22436428;"SPRF-MG";"DEL07-MG";"UOP03-DEL07-MG"
352073;2021-04-16;"sexta-feira";"07:50:00";"RJ";101;456;"MANGARATIBA";"Acessar a via sem observar a presença dos outros veículos";"Colisão frontal";"Com Vítimas Feridas";"Pleno dia";"Decrescente";"Céu Claro";"Dupla";"Reta";"Sim";2;0;1;0;1;0;1;2;-23,03288558;-44,16793391;"SPRF-RJ";"DEL03-RJ";"UOP03-DEL03-RJ"
352077;2021-04-16;"sexta-feira";"08:40:00";"RJ";116;142;"DUQUE DE CAXIAS";"Reação tardia ou ineficiente do condutor";"Colisão com objeto";"Sem Vítimas";"Pleno dia";"Crescente";"Céu Claro";"Dupla";"Reta";"Sim";1;0;0;0;1;0;0;1;-22,64876087;-43,23031638;"SPRF-RJ";"DEL01-RJ";"UOP01-DEL01-RJ"
352080;2021-04-16;"sexta-feira";"09:15:00";"PE";101;69,5;"RECIFE";"Avarias e/ou desgaste excessivo no pneu";"Eventos atípicos";"Com Vítimas Feridas";"Pleno dia";"Crescente";"Céu Claro";"Dupla";"Reta";"Sim";2;0;1;0;1;0;1;2;-8,0635;-34,94476318;"SPRF-PE";"DEL01-PE";"UOP01-DEL01-PE"
352082;2021-04-16;"sexta-feira";"08:30:00";"PR";277;75;"SAO JOSE DOS PINHAIS";"Condutor deixou de manter distância do veículo da frente";"Colisão traseira";"Com Vítimas Feridas";"Pleno dia";"Crescente";"Céu Claro";"Dupla";"Reta";"Sim";5;0;2;0;3;0;2;3;-25,51327981;-49,12433291;"SPRF-PR";"DEL01-PR";"UOP01-DEL01-PR"
352084;2021-04-16;"sexta-feira";"09:30:00";"PR";116;115;"CURITIBA";"Trafegar com motocicleta (ou similar) entre as faixas";"Colisão traseira";"Sem Vítimas";"Pleno dia";"Decrescente";"Sol";"Dupla";"Reta";"Sim";1;0;0;0;1;0;0;1;-25,55953326;-49,26560414;"SPRF-PR";"DEL01-PR";"UOP01-DEL01-PR"
352085;2021-04-16;"sexta-feira";"09:40:00";"MG";381;521;"BRUMADINHO";"Velocidade Incompatível";"Queda de ocupante de veículo";"Com Vítimas Feridas";"Pleno dia";"Crescente";"Céu Claro";"Dupla";"Curva";"Não";1;0;1;0;0;0;1;1;-20,13846621;-44,31715274;"SPRF-MG";"DEL04-MG";"UOP03-DEL04-MG"
352087;2021-04-16;"sexta-feira";"09:45:00";"SC";101;219,2;"PALHOCA";"Entrada inopinada do pedestre";"Colisão lateral mesmo sentido";"Com Vítimas Feridas";"Pleno dia";"Decrescente";"Nublado";"Dupla";"Reta";"Sim";2;0;0;1;1;0;1;2;-27,68392194;-48,66710085;"SPRF-SC";"DEL01-SC";"UOP02-DEL01-SC"
352088;2021-04-16;"sexta-feira";"08:29:00";"PR";277;75;"SAO JOSE DOS PINHAIS";"Avarias e/ou desgaste excessivo no pneu";"Tombamento";"Com Vítimas Feridas";"Pleno dia";"Crescente";"Nublado";"Dupla";"Reta";"Sim";2;0;2;0;0;0;2;1;-25,49472764;-49,16519165;"SPRF-PR";"DEL01-PR";"UOP01-DEL01-PR"
352091;2021-04-16;"sexta-feira";"10:00:00";"SP";116;79,3;"ROSEIRA";"Reação tardia ou ineficiente do condutor";"Colisão traseira";"Com Vítimas Feridas";"Pleno dia";"Crescente";"Sol";"Dupla";"Reta";"Não";2;0;1;0;1;0;1;2;-22,89420903;-45,29471098;"SPRF-SP";"DEL08-SP";"UOP01-DEL08-SP"
352094;2021-04-16;"sexta-feira";"09:20:00";"RR";401;6;"CANTA";"Animais na Pista";"Atropelamento de Animal";"Com Vítimas Feridas";"Pleno dia";"Crescente";"Céu Claro";"Dupla";"Reta";"Não";1;0;1;0;0;0;1;1;2,79051846;-60,64300847;"SPRF-RR";"DEL01-RR";"UOP01-DEL01-RR"
352096;2021-04-16;"sexta-feira";"10:35:00";"MG";40;545,5;"BELO HORIZONTE";"Avarias e/ou desgaste excessivo no pneu";"Queda de ocupante de veículo";"Com Vítimas Feridas";"Pleno dia";"Decrescente";"Céu Claro";"Dupla";"Reta";"Não";2;0;2;0;0;0;2;1;-20,00670404;-43,96418668;"SPRF-MG";"DEL01-MG";"UOP02-DEL01-MG"
352097;2021-04-16;"sexta-feira";"10:55:00";"RJ";101;53;"CAMPOS DOS GOYTACAZES";"Velocidade Incompatível";"Colisão com objeto";"Com Vítimas Feridas";"Pleno dia";"Crescente";"Céu Claro";"Simples";"Reta";"Não";2;0;2;0;0;0;2;1;-21,660484;-41,31128898;"SPRF-RJ";"DEL08-RJ";"UOP01-DEL08-RJ"
352098;2021-04-16;"sexta-feira";"08:40:00";"RS";392;687,2;"ROQUE GONZALES";"Velocidade Incompatível";"Colisão traseira";"Com Vítimas Feridas";"Pleno dia";"Crescente";"Céu Claro";"Simples";"Reta";"Não";3;0;1;1;1;0;2;2;-28,11110836;-54,97772098;"SPRF-RS";"DEL10-RS";"UOP01-DEL10-RS"
352099;2021-04-16;"sexta-feira";"10:30:00";"PR";467;104,1;"CASCAVEL";"Velocidade Incompatível";"Saída de leito carroçável";"Com Vítimas Feridas";"Pleno dia";"Crescente";"Chuva";"Dupla";"Curva";"Não";2;0;1;0;1;0;1;1;-24,9129;-53,5028;"SPRF-PR";"DEL04-PR";"UOP01-DEL04-PR"
352103;2021-04-16;"sexta-feira";"11:30:00";"SE";101;151,3;"ESTANCIA";"Manobra de mudança de faixa";"Colisão transversal";"Com Vítimas Feridas";"Pleno dia";"Decrescente";"Nublado";"Simples";"Reta;Interseção de Vias";"Sim";3;0;1;0;2;0;1;2;-11,27005787;-37,44398301;"SPRF-SE";"DEL02-SE";"UOP01-DEL02-SE"
352107;2021-04-16;"sexta-feira";"11:30:00";"BA";324;623;"SALVADOR";"Pista Escorregadia";"Colisão traseira";"Sem Vítimas";"Pleno dia";"Decrescente";"Chuva";"Múltipla";"Reta";"Sim";2;0;0;0;2;0;0;2;-12,926286992;-38,4683867901;"SPRF-BA";"DEL01-BA";"UOP01-DEL01-BA"
352108;2021-04-16;"sexta-feira";"10:00:00";"SP";116;85,8;"PINDAMONHANGABA";"Acessar a via sem observar a presença dos outros veículos";"Colisão transversal";"Com Vítimas Feridas";"Pleno dia";"Crescente";"Céu Claro";"Dupla";"Interseção de Vias";"Não";2;0;1;0;1;0;1;2;-22,92211829;-45,34450085;"SPRF-SP";"DEL08-SP";"UOP01-DEL08-SP"
352112;2021-04-16;"sexta-feira";"12:20:00";"PI";343;2,4;"TERESINA";"Condutor deixou de manter distância do veículo da frente";"Colisão traseira";"Com Vítimas Feridas";"Pleno dia";"Decrescente";"Céu Claro";"Múltipla";"Reta";"Sim";2;0;1;0;1;0;1;2;-5,089569;-42,802288;"SPRF-PI";"DEL01-PI";"UOP01-DEL01-PI"
352113;2021-02-11;"quinta-feira";"10:45:00";"MG";381;768,7;"CAMPANHA";"Velocidade Incompatível";"Saída de leito carroçável";"Com Vítimas Feridas";"Pleno dia";"Crescente";"Garoa/Chuvisco";"Dupla";"Reta";"Não";4;0;2;0;2;0;2;1;-21,77370307;-45,42761992;"SPRF-MG";"DEL16-MG";"UOP02-DEL16-MG"
352114;2021-04-16;"sexta-feira";"12:35:00";"PR";153;458;"PORTO VITORIA";"Frear bruscamente";"Colisão traseira";"Com Vítimas Feridas";"Pleno dia";"Crescente";"Céu Claro";"Simples";"Ponte";"Não";2;0;0;1;1;0;1;2;-26,3133762;-51,2185095;"SPRF-PR";"DEL02-PR";"UOP03-DEL02-PR"
352117;2021-04-16;"sexta-feira";"13:15:00";"PE";101;47,3;"IGARASSU";"Chuva";"Colisão com objeto";"Com Vítimas Feridas";"Pleno dia";"Crescente";"Chuva";"Múltipla";"Reta";"Sim";2;0;0;1;1;0;1;2;-7,88290701;-34,90461208;"SPRF-PE";"DEL01-PE";"UOP02-DEL01-PE"
352118;2021-04-16;"sexta-feira";"11:40:00";"BA";101;128;"TEODORO SAMPAIO";"Ultrapassagem Indevida";"Saída de leito carroçável";"Com Vítimas Feridas";"Pleno dia";"Crescente";"Nublado";"Simples";"Reta;Em Obras";"Não";2;0;2;0;0;0;2;1;-12,20643979;-38,61527134;"SPRF-BA";"DEL01-BA";"UOP04-DEL01-BA"
352121;2021-04-16;"sexta-feira";"11:55:00";"SC";280;48;"GUARAMIRIM";"Trafegar com motocicleta (ou similar) entre as faixas";"Colisão transversal";"Com Vítimas Feridas";"Pleno dia";"Decrescente";"Céu Claro";"Simples";"Interseção de Vias";"Sim";2;0;0;1;1;0;1;2;-26,45506795;-48,92766502;"SPRF-SC";"DEL03-SC";"UOP03-DEL03-SC"
352123;2021-04-16;"sexta-feira";"10:50:00";"SC";116;106;"SANTA CECILIA";"Velocidade Incompatível";"Queda de ocupante de veículo";"Com Vítimas Feridas";"Pleno dia";"Crescente";"Céu Claro";"Simples";"Curva;Aclive";"Não";1;0;1;0;0;0;1;1;-26,75604307;-50,31916109;"SPRF-SC";"DEL06-SC";"UOP02-DEL06-SC"
352125;2021-02-15;"segunda-feira";"10:15:00";"MG";40;39;"PARACATU";"Reação tardia ou ineficiente do condutor";"Colisão com objeto";"Com Vítimas Feridas";"Pleno dia";"Decrescente";"Nublado";"Simples";"Interseção de Vias";"Sim";1;0;1;0;0;0;1;1;-17,21128483;-46,89011999;"SPRF-MG";"DEL14-MG";"UOP01-DEL14-MG"
352129;2021-03-07;"domingo";"03:00:00";"MG";381;343,6;"BELA VISTA DE MINAS";"Curva acentuada";"Saída de leito carroçável";"Com Vítimas Feridas";"Plena Noite";"Decrescente";"Nevoeiro/Neblina";"Simples";"Curva";"Não";2;0;1;0;1;0;1;1;-19,83457906;-43,09644699;"SPRF-MG";"DEL03-MG";"UOP01-DEL03-MG"
352131;2021-04-16;"sexta-feira";"14:15:00";"MG";262;875;"CAMPO FLORIDO";"Pedestre cruzava a pista fora da faixa";"Atropelamento de Pedestre";"Com Vítimas Feridas";"Pleno dia";"Crescente";"Céu Claro";"Simples";"Reta";"Sim";2;0;1;0;0;1;1;2;-19,76783437;-48,57909679;"SPRF-MG";"DEL13-MG";"UOP01-DEL13-MG"
352133;2021-04-16;"sexta-feira";"14:40:00";"PI";343;87;"CARAUBAS DO PIAUI";"Acessar a via sem observar a presença dos outros veículos";"Colisão transversal";"Com Vítimas Feridas";"Pleno dia";"Decrescente";"Céu Claro";"Simples";"Curva";"Não";2;0;1;0;1;0;1;2;-3,468859;-41,745129;"SPRF-PI";"DEL05-PI";"UOP01-DEL05-PI"
352134;2021-04-16;"sexta-feira";"13:20:00";"SP";0;0;"ITAPECERICA DA SERRA";"Problema com o freio";"Colisão com objeto";"Sem Vítimas";"Pleno dia";"Não Informado";"Céu Claro";"Simples";"Curva";"Sim";2;0;0;0;2;0;0;1;-23,753546;-46,902358;"SPRF-SP";"DEL04-SP";"UOP01-DEL04-SP"
352135;2021-04-16;"sexta-feira";"12:42:00";"AC";317;93;"SENADOR GUIOMARD";"Reação tardia ou ineficiente do condutor";"Colisão traseira";"Com Vítimas Feridas";"Pleno dia";"Crescente";"Céu Claro";"Simples";"Reta";"Não";2;0;1;0;1;0;1;2;-10,1706900834;-67,7213036382;"SPRF-AC";"DEL01-AC";"UOP01-DEL01-AC"
352136;2021-04-16;"sexta-feira";"14:10:00";"AP";156;820;"OIAPOQUE";"Velocidade Incompatível";"Colisão frontal";"Com Vítimas Feridas";"Pleno dia";"Crescente";"Nublado";"Simples";"Reta";"Sim";3;0;2;0;0;1;2;2;3,8413161;-51,8242642;"SPRF-AP";"DEL01-AP";"UOP03-DEL01-AP"
352137;2021-04-16;"sexta-feira";"15:40:00";"PR";369;173;"ROLANDIA";"Acumulo de óleo sobre o pavimento";"Queda de ocupante de veículo";"Com Vítimas Feridas";"Pleno dia";"Decrescente";"Céu Claro";"Simples";"Reta";"Sim";1;0;1;0;0;0;1;1;-23,31666302;-51,37724161;"SPRF-PR";"DEL07-PR";"UOP01-DEL07-PR"
352138;2021-04-16;"sexta-feira";"15:30:00";"RJ";116;303;"RESENDE";"Frear bruscamente";"Colisão com objeto";"Com Vítimas Feridas";"Pleno dia";"Crescente";"Céu Claro";"Dupla";"Reta";"Sim";4;0;3;0;1;0;3;1;-22,45434989;-44,37845201;"SPRF-RJ";"DEL07-RJ";"UOP02-DEL07-RJ"
352140;2021-04-16;"sexta-feira";"16:45:00";"PB";230;13,8;"CABEDELO";"Trafegar com motocicleta (ou similar) entre as faixas";"Tombamento";"Com Vítimas Feridas";"Pleno dia";"Crescente";"Sol";"Dupla";"Retorno Regulamentado";"Sim";1;0;0;1;0;0;1;1;-7,0844;-34,8488;"SPRF-PB";"DEL01-PB";"UOP01-DEL01-PB"
352141;2021-02-19;"sexta-feira";"13:55:00";"MG";116;161,4;"PONTO DOS VOLANTES";"Velocidade Incompatível";"Colisão com objeto";"Com Vítimas Feridas";"Pleno dia";"Decrescente";"Nublado";"Simples";"Ponte";"Não";1;0;0;1;0;0;1;1;-16,94236685;-41,45959948;"SPRF-MG";"DEL11-MG";"UOP02-DEL11-MG"
352142;2021-04-04;"domingo";"11:25:00";"MG";116;276;"TEOFILO OTONI";"Ingestão de álcool pelo condutor";"Saída de leito carroçável";"Sem Vítimas";"Plena Noite";"Decrescente";"Céu Claro";"Simples";"Interseção de Vias";"Sim";1;0;0;0;1;0;0;1;-17,85105696;-41,51454492;"SPRF-MG";"DEL11-MG";"UOP01-DEL11-MG"
352146;2021-04-16;"sexta-feira";"16:10:00";"SP";101;50,1;"UBATUBA";"Acessar a via sem observar a presença dos outros veículos";"Colisão transversal";"Com Vítimas Feridas";"Pleno dia";"Decrescente";"Céu Claro";"Simples";"Reta";"Sim";2;0;0;1;1;0;1;2;-23,453254;-45,074375;"SPRF-SP";"DEL06-SP";"UOP01-DEL06-SP"
352150;2021-04-16;"sexta-feira";"17:10:00";"DF";40;1,5;"BRASILIA";"Manobra de mudança de faixa";"Colisão traseira";"Com Vítimas Feridas";"Pleno dia";"Crescente";"Céu Claro";"Dupla";"Reta";"Sim";3;0;1;0;2;0;1;3;-15,985532;-47,987747;"SPRF-DF";"DEL01-DF";"UOP01-DEL01-DF"
352151;2021-04-16;"sexta-feira";"17:15:00";"SE";235;43,3;"ITABAIANA";"Acesso irregular";"Colisão frontal";"Com Vítimas Feridas";"Anoitecer";"Decrescente";"Nublado";"Simples";"Reta";"Sim";2;0;1;0;1;0;1;2;-10,761437;-37,388721;"SPRF-SE";"DEL01-SE";"UOP02-DEL01-SE"
352153;2021-04-16;"sexta-feira";"17:30:00";"MG";251;506,4;"FRANCISCO SA";"Velocidade Incompatível";"Saída de leito carroçável";"Com Vítimas Feridas";"Anoitecer";"Crescente";"Nublado";"Simples";"Reta;Declive";"Não";2;0;1;0;0;1;1;2;-16,61894941;-43,6887828;"SPRF-MG";"DEL12-MG";"UOP01-DEL12-MG"
352154;2021-04-16;"sexta-feira";"13:40:00";"MT";364;586;"DIAMANTINO";"Acumulo de água sobre o pavimento";"Saída de leito carroçável";"Com Vítimas Feridas";"Pleno dia";"Decrescente";"Garoa/Chuvisco";"Simples";"Declive";"Não";1;0;1;0;0;0;1;1;-14,61648924;-56,25803777;"SPRF-MT";"DEL01-MT";"UOP01-DEL01-MT"
352156;2021-04-16;"sexta-feira";"17:25:00";"PR";369;187,9;"ARAPONGAS";"Ausência de reação do condutor";"Colisão traseira";"Com Vítimas Feridas";"Anoitecer";"Crescente";"Céu Claro";"Simples";"Interseção de Vias;Reta";"Sim";2;0;1;0;1;0;1;2;-23,4313199;-51,4228745;"SPRF-PR";"DEL07-PR";"UOP02-DEL07-PR"
352157;2021-04-16;"sexta-feira";"16:00:00";"BA";101;829,5;"ITAMARAJU";"Avarias e/ou desgaste excessivo no pneu";"Queda de ocupante de veículo";"Com Vítimas Feridas";"Pleno dia";"Crescente";"Céu Claro";"Simples";"Reta";"Não";1;0;0;1;0;0;1;1;-17,172933;-39,579512;"SPRF-BA";"DEL09-BA";"UOP02-DEL09-BA"
352160;2021-04-16;"sexta-feira";"16:30:00";"RR";174;513;"BOA VISTA";"Animais na Pista";"Atropelamento de Animal";"Com Vítimas Feridas";"Pleno dia";"Crescente";"Nublado";"Simples";"Reta";"Não";2;0;2;0;0;0;2;1;2,88055;-60,698753;"SPRF-RR";"DEL01-RR";"UOP01-DEL01-RR"
352161;2021-02-15;"segunda-feira";"16:30:00";"SP";116;568;"BARRA DO TURVO";"Pista Escorregadia";"Colisão com objeto";"Com Vítimas Feridas";"Pleno dia";"Decrescente";"Chuva";"Dupla";"Curva";"Não";3;0;1;0;2;0;1;1;-25,05512309;-48,55236053;"SPRF-SP";"DEL05-SP";"UOP02-DEL05-SP"
352162;2021-04-16;"sexta-feira";"17:25:00";"SC";470;69,7;"INDAIAL";"Ausência de sinalização";"Colisão lateral mesmo sentido";"Com Vítimas Feridas";"Pleno dia";"Crescente";"Céu Claro";"Múltipla";"Interseção de Vias";"Sim";2;0;0;1;1;0;1;2;-26,883745;-49,246704;"SPRF-SC";"DEL04-SC";"UOP01-DEL04-SC"
352163;2021-04-16;"sexta-feira";"18:05:00";"RJ";493;23,5;"MAGE";"Transitar na contramão";"Colisão frontal";"Com Vítimas Feridas";"Plena Noite";"Decrescente";"Céu Claro";"Simples";"Curva";"Não";3;0;1;2;0;0;3;2;-22,65705297;-43,061742;"SPRF-RJ";"DEL04-RJ";"UOP02-DEL04-RJ"
352167;2021-04-16;"sexta-feira";"17:50:00";"RJ";101;474;"ANGRA DOS REIS";"Condutor deixou de manter distância do veículo da frente";"Colisão transversal";"Sem Vítimas";"Anoitecer";"Decrescente";"Céu Claro";"Simples";"Reta";"Não";2;0;0;0;2;0;0;2;-22,99498627;-44,24919963;"SPRF-RJ";"DEL03-RJ";"UOP03-DEL03-RJ"
352170;2021-04-16;"sexta-feira";"16:50:00";"ES";101;39,4;"CONCEICAO DA BARRA";"Avarias e/ou desgaste excessivo no pneu";"Tombamento";"Com Vítimas Feridas";"Pleno dia";"Crescente";"Céu Claro";"Simples";"Reta";"Não";1;0;1;0;0;0;1;1;-18,49121094;-39,92115983;"SPRF-ES";"DEL04-ES";"UOP02-DEL04-ES"
352171;2021-04-16;"sexta-feira";"18:15:00";"PR";376;185,2;"MARIALVA";"Acesso irregular";"Colisão transversal";"Com Vítimas Feridas";"Anoitecer";"Decrescente";"Céu Claro";"Dupla";"Reta";"Sim";2;0;0;2;0;0;2;2;-23,45147413;-51,85361808;"SPRF-PR";"DEL09-PR";"UOP01-DEL09-PR"
352172;2021-04-16;"sexta-feira";"13:50:00";"PB";230;341,9;"PATOS";"Conversão proibida";"Tombamento";"Com Vítimas Feridas";"Pleno dia";"Decrescente";"Céu Claro";"Simples";"Reta";"Não";2;0;1;0;1;0;1;2;-6,9946;-37,3159;"SPRF-PB";"DEL03-PB";"UOP01-DEL03-PB"
352175;2021-04-16;"sexta-feira";"18:20:00";"PR";163;250;"TOLEDO";"Acessar a via sem observar a presença dos outros veículos";"Colisão lateral mesmo sentido";"Com Vítimas Feridas";"Plena Noite";"Decrescente";"Céu Claro";"Dupla";"Reta;Retorno Regulamentado";"Não";7;0;3;0;4;0;3;3;-24,70025541;-53,73357521;"SPRF-PR";"DEL06-PR";"UOP02-DEL06-PR"
352176;2021-04-16;"sexta-feira";"16:50:00";"RJ";493;73,9;"DUQUE DE CAXIAS";"Avarias e/ou desgaste excessivo no pneu";"Saída de leito carroçável";"Com Vítimas Feridas";"Anoitecer";"Crescente";"Céu Claro";"Dupla";"Reta";"Não";2;0;2;0;0;0;2;1;-22,672089;-43,285053;"SPRF-RJ";"DEL01-RJ";"UOP03-DEL01-RJ"
352178;2021-04-16;"sexta-feira";"18:35:00";"RS";386;325,8;"MARQUES DE SOUZA";"Acessar a via sem observar a presença dos outros veículos";"Colisão transversal";"Com Vítimas Feridas";"Plena Noite";"Decrescente";"Nublado";"Simples";"Reta";"Sim";2;0;0;1;1;0;1;2;-29,318314;-52,104053;"SPRF-RS";"DEL04-RS";"UOP01-DEL04-RS"
352179;2021-04-16;"sexta-feira";"18:50:00";"ES";101;122,7;"LINHARES";"Velocidade Incompatível";"Colisão frontal";"Com Vítimas Feridas";"Plena Noite";"Crescente";"Nublado";"Simples";"Declive";"Não";2;0;0;1;1;0;1;2;-19,16016593;-40,08315314;"SPRF-ES";"DEL04-ES";"UOP01-DEL04-ES"
352180;2021-04-16;"sexta-feira";"18:00:00";"GO";50;309;"CUMARI";"Ausência de reação do condutor";"Saída de leito carroçável";"Com Vítimas Feridas";"Anoitecer";"Crescente";"Céu Claro";"Simples";"Em Obras;Reta";"Não";1;0;1;0;0;0;1;1;-18,3914;-48,07;"SPRF-GO";"DEL06-GO";"UOP01-DEL06-GO"
352181;2021-04-16;"sexta-feira";"18:35:00";"PR";369;146,1;"LONDRINA";"Ingestão de álcool pelo condutor";"Colisão traseira";"Com Vítimas Feridas";"Anoitecer";"Decrescente";"Céu Claro";"Dupla";"Retorno Regulamentado";"Sim";3;0;0;1;2;0;1;3;-23,293179;-51,125406;"SPRF-PR";"DEL07-PR";"UOP01-DEL07-PR"
352183;2021-04-16;"sexta-feira";"19:00:00";"MG";262;390;"PARA DE MINAS";"Iluminação deficiente";"Saída de leito carroçável";"Com Vítimas Feridas";"Plena Noite";"Crescente";"Céu Claro";"Dupla";"Reta;Declive";"Não";2;0;2;0;0;0;2;1;-19,91449042;-44,49866295;"SPRF-MG";"DEL01-MG";"UOP03-DEL01-MG"
352184;2021-04-16;"sexta-feira";"18:00:00";"SP";116;323;"JUQUITIBA";"Manobra de mudança de faixa";"Colisão com objeto";"Com Vítimas Feridas";"Plena Noite";"Decrescente";"Céu Claro";"Dupla";"Reta";"Não";1;0;1;0;0;0;1;1;-23,936339;-47,035158;"SPRF-SP";"DEL04-SP";"UOP01-DEL04-SP"
352185;2021-04-16;"sexta-feira";"19:15:00";"PE";428;186;"PETROLINA";"Acessar a via sem observar a presença dos outros veículos";"Colisão transversal";"Com Vítimas Feridas";"Plena Noite";"Decrescente";"Céu Claro";"Simples";"Reta";"Sim";2;0;1;1;0;0;2;2;-9,34807826;-40,47441248;"SPRF-PE";"DEL06-PE";"UOP01-DEL06-PE"
352186;2021-04-16;"sexta-feira";"19:10:00";"GO";50;279;"CATALAO";"Ausência de reação do condutor";"Queda de ocupante de veículo";"Com Vítimas Feridas";"Plena Noite";"Crescente";"Céu Claro";"Simples";"Reta";"Sim";1;0;1;0;0;0;1;1;-18,1739;-47,9289;"SPRF-GO";"DEL06-GO";"UOP01-DEL06-GO"
352187;2021-04-16;"sexta-feira";"17:35:00";"ES";101;137,8;"LINHARES";"Ausência de reação do condutor";"Tombamento";"Com Vítimas Feridas";"Anoitecer";"Crescente";"Céu Claro";"Simples";"Reta";"Não";1;0;1;0;0;0;1;1;-19,29308199;-40,08591691;"SPRF-ES";"DEL04-ES";"UOP01-DEL04-ES"