"id";"data_inversa";"dia_semana";"horario";"uf";"br";"km";"municipio";"causa_acidente";"tipo_acidente";"classificacao_acidente";"fase_dia";"sentido_via";"condicao_metereologica";"tipo_pista";"tracado_via";"uso_solo";"pessoas";"mortos";"feridos_leves";"feridos_graves";"ilesos";"ignorados";"feridos";"veiculos";"latitude";"longitude";"regional";"delegacia";"uop"
352429;2021-04-17;"sábado";"23:15:00";"MG";364;30,5;"FRUTAL";"Afundamento ou ondulação no pavimento";"Atropelamento de Pedestre";"Com Vítimas Feridas";"Plena Noite";"Decrescente";"Garoa/Chuvisco";"Simples";"Reta";"Sim";2;0;0;1;0;1;1;2;-20,025185;-48,94096;"SPRF-MG";"DEL13-MG";"UOP02-DEL13-MG"
352431;2021-04-17;"sábado";"22:50:00";"PR";376;615;"SAO JOSE DOS PINHAIS";"Velocidade Incompatível";"Colisão com objeto";"Sem Vítimas";"Plena Noite";"Decrescente";"Céu Claro";"Dupla";"Reta";"Não";2;0;0;0;1;1;0;2;-25,569237;-49,183735;"SPRF-PR";"DEL01-PR";"UOP01-DEL01-PR"
352432;2021-04-17;"sábado";"20:00:00";"AP";210;103;"PORTO GRANDE";"Reação tardia ou ineficiente do condutor";"Colisão transversal";"Com Vítimas Feridas";"Plena Noite";"Crescente";"Garoa/Chuvisco";"Simples";"Interseção de Vias";"Sim";2;0;1;0;1;0;1;2;0,69607886;-51,38816804;"SPRF-AP";"DEL01-AP";"UOP01-DEL01-AP"
352433;2021-04-17;"sábado";"22:45:00";"PE";424;90,3;"GARANHUNS";"Ingestão de álcool pelo condutor";"Colisão transversal";"Sem Vítimas";"Plena Noite";"Crescente";"Nublado";"Simples";"Curva";"Sim";2;0;0;0;2;0;0;2;-8,899307;-36,502873;"SPRF-PE";"DEL03-PE";"UOP01-DEL03-PE"
352434;2021-04-17;"sábado";"19:35:00";"SC";280;238,1;"CANOINHAS";"Velocidade Incompatível";"Saída de leito carroçável";"Com Vítimas Feridas";"Plena Noite";"Crescente";"Nublado";"Simples";"Curva";"Não";1;0;1;0;0;0;1;1;-26,20536399;-50,438846;"SPRF-SC";"DEL06-SC";"UOP04-DEL06-SC"
352435;2021-04-17;"sábado";"22:40:00";"PR";476;146;"CURITIBA";"Pedestre andava na pista";"Atropelamento de Pedestre";"Com Vítimas Fatais";"Plena Noite";"Decrescente";"Céu Claro";"Dupla";"Reta";"Sim";2;1;0;0;1;0;0;2;-25,551186;-49,330109;"SPRF-PR";"DEL01-PR";"UOP03-DEL01-PR"
352436;2021-04-17;"sábado";"22:00:00";"MG";40;52,9;"PARACATU";"Ultrapassagem Indevida";"Colisão com objeto";"Sem Vítimas";"Plena Noite";"Crescente";"Céu Claro";"Simples";"Curva";"Não";1;0;0;0;0;1;0;1;-17,25177895;-46,78868177;"SPRF-MG";"DEL14-MG";"UOP01-DEL14-MG"
352437;2021-04-17;"sábado";"20:40:00";"RJ";116;180;"NOVA IGUACU";"Condutor deixou de manter distância do veículo da frente";"Colisão traseira";"Com Vítimas Feridas";"Plena Noite";"Decrescente";"Céu Claro";"Dupla";"Reta";"Sim";8;0;4;0;4;0;4;4;-22,74;-43,459;"SPRF-RJ";"DEL01-RJ";"UOP02-DEL01-RJ"
352439;2021-04-17;"sábado";"23:00:00";"PE";428;182;"PETROLINA";"Ingestão de álcool pelo condutor";"Colisão traseira";"Com Vítimas Feridas";"Plena Noite";"Decrescente";"Céu Claro";"Simples";"Reta";"Não";5;0;2;1;2;0;3;2;-9,31614989;-40,45800722;"SPRF-PE";"DEL06-PE";"UOP01-DEL06-PE"
352440;2021-04-17;"sábado";"21:10:00";"MS";376;33,3;"VICENTINA";"Velocidade Incompatível";"Saída de leito carroçável";"Com Vítimas Feridas";"Plena Noite";"Crescente";"Céu Claro";"Simples";"Reta";"Não";1;0;1;0;0;0;1;1;-22,3983217;-54,46357369;"SPRF-MS";"DEL04-MS";"UOP04-DEL04-MS"
352442;2021-04-17;"sábado";"23:55:00";"RS";285;449,6;"IJUI";"Transitar na contramão";"Colisão frontal";"Com Vítimas Feridas";"Plena Noite";"Decrescente";"Céu Claro";"Simples";"Reta";"Não";3;0;3;0;0;0;3;2;-28,369373;-53,821342;"SPRF-RS";"DEL10-RS";"UOP01-DEL10-RS"
352443;2021-04-17;"sábado";"23:50:00";"MG";381;873,9;"ESTIVA";"Velocidade Incompatível";"Capotamento";"Com Vítimas Feridas";"Plena Noite";"Crescente";"Nublado";"Dupla";"Curva";"Não";2;0;2;0;0;0;2;1;-22,450796;-46,000139;"SPRF-MG";"DEL16-MG";"UOP01-DEL16-MG"
352444;2021-04-18;"domingo";"00:40:00";"GO";60;72;"ABADIANIA";"Transitar na contramão";"Colisão frontal";"Com Vítimas Feridas";"Plena Noite";"Crescente";"Céu Claro";"Dupla";"Curva";"Não";2;0;1;0;1;0;1;2;-16,26212019;-48,76353621;"SPRF-GO";"DEL02-GO";"UOP01-DEL02-GO"
352445;2021-04-17;"sábado";"19:30:00";"SC";282;348,9;"CAMPOS NOVOS";"Mal súbito do condutor";"Saída de leito carroçável";"Com Vítimas Feridas";"Plena Noite";"Crescente";"Nublado";"Simples";"Reta";"Não";1;0;1;0;0;0;1;1;-27,361637;-51,273197;"SPRF-SC";"DEL07-SC";"UOP06-DEL07-SC"
352446;2021-04-18;"domingo";"00:10:00";"RJ";101;49;"CAMPOS DOS GOYTACAZES";"Condutor deixou de manter distância do veículo da frente";"Colisão traseira";"Com Vítimas Feridas";"Plena Noite";"Crescente";"Céu Claro";"Simples";"Reta";"Não";3;0;2;0;0;1;2;2;-21,62508006;-41,31411242;"SPRF-RJ";"DEL08-RJ";"UOP01-DEL08-RJ"
352450;2021-04-17;"sábado";"19:30:00";"BA";116;887,6;"CANDIDO SALES";"Manobra de mudança de faixa";"Colisão frontal";"Com Vítimas Fatais";"Plena Noite";"Decrescente";"Céu Claro";"Simples";"Reta";"Não";3;1;2;0;0;0;2;2;-15,26261389;-41,11937518;"SPRF-BA";"DEL08-BA";"UOP03-DEL08-BA"
352451;2021-03-21;"domingo";"18:20:00";"MT";163;1064;"GUARANTA DO NORTE";"Velocidade Incompatível";"Saída de leito carroçável";"Com Vítimas Feridas";"Anoitecer";"Crescente";"Nublado";"Simples";"Reta";"Sim";2;0;2;0;0;0;2;1;-9,957358;-54,903923;"SPRF-MT";"DEL06-MT";"NPF/DEL06-MT"
352454;2021-04-17;"sábado";"22:20:00";"BA";101;870;"TEIXEIRA DE FREITAS";"Ingestão de álcool pelo condutor";"Colisão lateral sentido oposto";"Sem Vítimas";"Plena Noite";"Decrescente";"Céu Claro";"Simples";"Reta";"Não";1;0;0;0;1;0;0;1;-17,50311947;-39,70235825;"SPRF-BA";"DEL09-BA";"UOP02-DEL09-BA"
352455;2021-04-18;"domingo";"01:00:00";"RJ";101;276;"TANGUA";"Condutor deixou de manter distância do veículo da frente";"Colisão traseira";"Com Vítimas Feridas";"Plena Noite";"Crescente";"Ignorado";"Dupla";"Reta";"Sim";4;0;3;1;0;0;4;2;-22,73796393;-42,73871802;"SPRF-RJ";"DEL02-RJ";"UOP03-DEL02-RJ"
352456;2021-04-18;"domingo";"00:30:00";"SC";280;69;"JARAGUA DO SUL";"Reação tardia ou ineficiente do condutor";"Saída de leito carroçável";"Com Vítimas Feridas";"Plena Noite";"Crescente";"Garoa/Chuvisco";"Simples";"Reta";"Sim";2;0;1;0;1;0;1;1;-26,46803296;-49,11833097;"SPRF-SC";"DEL03-SC";"UOP03-DEL03-SC"
352458;2021-04-18;"domingo";"02:30:00";"SC";101;150,7;"ITAPEMA";"Ausência de reação do condutor";"Colisão traseira";"Com Vítimas Feridas";"Plena Noite";"Decrescente";"Chuva";"Múltipla";"Reta";"Sim";4;0;2;0;1;1;2;2;-27,11744799;-48,60940987;"SPRF-SC";"DEL04-SC";"UOP03-DEL04-SC"
352459;2021-04-18;"domingo";"01:30:00";"ES";482;60,3;"JERONIMO MONTEIRO";"Velocidade Incompatível";"Queda de ocupante de veículo";"Com Vítimas Feridas";"Plena Noite";"Crescente";"Céu Claro";"Simples";"Curva";"Sim";1;0;0;1;0;0;1;1;-20,80223079;-41,36324725;"SPRF-ES";"DEL03-ES";"UOP02-DEL03-ES"
352462;2021-04-18;"domingo";"03:50:00";"PR";369;60;"CORNELIO PROCOPIO";"Reação tardia ou ineficiente do condutor";"Saída de leito carroçável";"Com Vítimas Feridas";"Plena Noite";"Crescente";"Céu Claro";"Simples";"Curva";"Não";2;0;0;2;0;0;2;1;-23,243131;-50,709843;"SPRF-PR";"DEL07-PR";"UOP01-DEL07-PR"
352463;2021-04-18;"domingo";"03:00:00";"SP";116;513;"CAJATI";"Velocidade Incompatível";"Colisão com objeto";"Com Vítimas Feridas";"Plena Noite";"Decrescente";"Ignorado";"Simples";"Curva";"Não";4;0;3;0;1;0;3;1;-24,85109616;-48,21802405;"SPRF-SP";"DEL05-SP";"UOP02-DEL05-SP"
352465;2021-04-18;"domingo";"03:35:00";"RJ";101;44;"CAMPOS DOS GOYTACAZES";"Reação tardia ou ineficiente do condutor";"Colisão com objeto";"Com Vítimas Feridas";"Plena Noite";"Crescente";"Céu Claro";"Múltipla";"Reta";"Não";2;0;1;1;0;0;2;1;-21,58105081;-41,32049278;"SPRF-RJ";"DEL08-RJ";"UOP01-DEL08-RJ"
352467;2021-04-18;"domingo";"04:40:00";"RJ";393;233;"VASSOURAS";"Condutor Dormindo";"Capotamento";"Sem Vítimas";"Plena Noite";"Decrescente";"Céu Claro";"Simples";"Aclive";"Não";1;0;0;0;1;0;0;1;-22,37455195;-43,62692403;"SPRF-RJ";"DEL05-RJ";"UOP03-DEL05-RJ"
352468;2021-04-18;"domingo";"02:40:00";"MT";163;668;"LUCAS DO RIO VERDE";"Ingestão de álcool pelo condutor";"Saída de leito carroçável";"Com Vítimas Feridas";"Plena Noite";"Decrescente";"Céu Claro";"Simples";"Reta";"Não";1;0;1;0;0;0;1;1;-13,3396959;-56,05511323;"SPRF-MT";"DEL06-MT";"UOP01-DEL06-MT"
352469;2021-04-18;"domingo";"05:20:00";"BA";324;582;"CANDEIAS";"Condutor Dormindo";"Saída de leito carroçável";"Sem Vítimas";"Amanhecer";"Crescente";"Nublado";"Dupla";"Reta";"Não";1;0;0;0;1;0;0;1;-12,60856603;-38,49390902;"SPRF-BA";"DEL01-BA";"UOP01-DEL01-BA"
352470;2021-04-18;"domingo";"02:00:00";"GO";50;114;"IPAMERI";"Demais falhas mecânicas ou elétricas";"Saída de leito carroçável";"Sem Vítimas";"Plena Noite";"Decrescente";"Céu Claro";"Dupla";"Reta";"Não";1;0;0;0;1;0;0;1;-16,88070082;-47,67943293;"SPRF-DF";"DEL01-DF";"UOP02-DEL01-DF"
352476;2021-04-18;"domingo";"05:00:00";"PR";476;135,5;"CURITIBA";"Ausência de reação do condutor";"Colisão com objeto";"Com Vítimas Feridas";"Plena Noite";"Crescente";"Nublado";"Dupla";"Reta";"Sim";1;0;0;1;0;0;1;1;-25,483786;-49,265808;"SPRF-PR";"DEL01-PR";"UOP03-DEL01-PR"
352477;2021-04-18;"domingo";"05:40:00";"RN";405;153;"PAU DOS FERROS";"Ausência de reação do condutor";"Colisão traseira";"Com Vítimas Feridas";"Pleno dia";"Crescente";"Céu Claro";"Simples";"Reta";"Sim";2;0;1;0;0;1;1;2;-6,13258011;-38,20671315;"SPRF-RN";"DEL04-RN";"UOP02-DEL04-RN"
352478;2021-04-18;"domingo";"05:20:00";"MS";163;70,3;"ITAQUIRAI";"Reação tardia ou ineficiente do condutor";"Saída de leito carroçável";"Com Vítimas Feridas";"Amanhecer";"Decrescente";"Ignorado";"Simples";"Reta";"Não";2;0;2;0;0;0;2;1;-23,54559603;-54,19367364;"SPRF-MS";"DEL09-MS";"UOP02-DEL09-MS"
352480;2021-04-17;"sábado";"19:30:00";"BA";101;537;"MARAU";"Declive acentuado";"Colisão lateral sentido oposto";"Sem Vítimas";"Plena Noite";"Crescente";"Céu Claro";"Simples";"Curva";"Não";2;0;0;0;2;0;0;2;-14,24493;-39,31957;"SPRF-BA";"DEL05-BA";"UOP01-DEL05-BA"
352481;2021-04-17;"sábado";"22:20:00";"RJ";40;103;"DUQUE DE CAXIAS";"Ingestão de álcool pelo condutor";"Tombamento";"Com Vítimas Feridas";"Plena Noite";"Crescente";"Céu Claro";"Dupla";"Reta";"Sim";1;0;1;0;0;0;1;1;-22,62009;-43,286922;"SPRF-RJ";"DEL01-RJ";"UOP01-DEL01-RJ"
352482;2021-04-18;"domingo";"05:40:00";"SP";116;489;"CAJATI";"Problema com o freio";"Colisão com objeto";"Com Vítimas Feridas";"Amanhecer";"Crescente";"Céu Claro";"Dupla";"Rotatória";"Sim";1;0;0;1;0;0;1;1;-24,73034183;-48,10760707;"SPRF-SP";"DEL05-SP";"UOP01-DEL05-SP"
352483;2021-04-18;"domingo";"06:55:00";"RS";116;526;"PELOTAS";"Velocidade Incompatível";"Tombamento";"Com Vítimas Feridas";"Amanhecer";"Decrescente";"Céu Claro";"Simples";"Desvio Temporário";"Não";1;0;1;0;0;0;1;1;-31,74307729;-52,39966642;"SPRF-RS";"DEL07-RS";"UOP01-DEL07-RS"
352484;2021-04-18;"domingo";"06:45:00";"SC";280;51,5;"GUARAMIRIM";"Demais falhas na via";"Colisão traseira";"Com Vítimas Feridas";"Amanhecer";"Crescente";"Nublado";"Dupla";"Reta";"Sim";2;0;0;1;1;0;1;2;-26,46538871;-48,95544449;"SPRF-SC";"DEL03-SC";"UOP03-DEL03-SC"
352487;2021-04-18;"domingo";"05:00:00";"SC";282;671,3;"PARAISO";"Ausência de reação do condutor";"Colisão lateral sentido oposto";"Sem Vítimas";"Plena Noite";"Crescente";"Céu Claro";"Simples";"Curva";"Não";1;0;0;0;0;1;0;1;-26,626854;-53,648888;"SPRF-SC";"DEL07-SC";"UOP03-DEL07-SC"
352489;2021-04-18;"domingo";"06:50:00";"SP";116;548;"BARRA DO TURVO";"Velocidade Incompatível";"Colisão com objeto";"Com Vítimas Feridas";"Amanhecer";"Crescente";"Garoa/Chuvisco";"Dupla";"Reta";"Não";3;0;3;0;0;0;3;1;-24,95393;-48,447268;"SPRF-SP";"DEL05-SP";"UOP02-DEL05-SP"
352490;2021-04-18;"domingo";"07:00:00";"PB";101;105;"ALHANDRA";"Velocidade Incompatível";"Saída de leito carroçável";"Com Vítimas Feridas";"Pleno dia";"Crescente";"Chuva";"Dupla";"Curva";"Não";1;0;1;0;0;0;1;1;-7,30814609;-34,94344185;"SPRF-PB";"DEL01-PB";"UOP02-DEL01-PB"
352491;2021-04-17;"sábado";"20:15:00";"MG";116;529;"CARATINGA";"Velocidade Incompatível";"Atropelamento de Pedestre";"Com Vítimas Feridas";"Plena Noite";"Crescente";"Céu Claro";"Dupla";"Reta";"Sim";2;0;2;0;0;0;2;2;-19,78876949;-42,13621796;"SPRF-MG";"DEL06-MG";"UOP02-DEL06-MG"
352492;2021-04-18;"domingo";"06:00:00";"MA";222;669;"ACAILANDIA";"Ingestão de álcool pelo condutor";"Queda de ocupante de veículo";"Com Vítimas Feridas";"Amanhecer";"Decrescente";"Nublado";"Simples";"Reta";"Sim";1;0;0;1;0;0;1;1;-4,9115858;-47,41511612;"SPRF-MA";"DEL04-MA";"UOP03-DEL04-MA"
352493;2021-04-18;"domingo";"07:50:00";"RS";116;235;"ESTANCIA VELHA";"Objeto estático sobre o leito carroçável";"Colisão com objeto";"Com Vítimas Feridas";"Pleno dia";"Crescente";"Garoa/Chuvisco";"Dupla";"Reta";"Sim";1;0;1;0;0;0;1;1;-29,6635;-51,144;"SPRF-RS";"DEL01-RS";"UOP02-DEL01-RS"
352494;2021-04-18;"domingo";"06:30:00";"ES";393;13,8;"MUQUI";"Ausência de reação do condutor";"Saída de leito carroçável";"Com Vítimas Fatais";"Amanhecer";"Crescente";"Céu Claro";"Simples";"Reta;Declive";"Sim";2;2;0;0;0;0;0;1;-20,86836097;-41,25854402;"SPRF-ES";"DEL03-ES";"UOP02-DEL03-ES"
352496;2021-04-10;"sábado";"08:30:00";"PA";316;76;"CASTANHAL";"Transitar na contramão";"Colisão frontal";"Com Vítimas Feridas";"Pleno dia";"Crescente";"Céu Claro";"Simples";"Reta";"Não";8;0;7;1;0;0;8;2;-1,29862919;-47,81449908;"SPRF-PA";"DEL01-PA";"UOP01-DEL01-PA"
352498;2021-04-11;"domingo";"22:00:00";"BA";242;417;"SEABRA";"Ingestão de álcool pelo condutor";"Colisão com objeto";"Sem Vítimas";"Plena Noite";"Decrescente";"Nublado";"Simples";"Ponte";"Sim";1;0;0;0;1;0;0;1;-12,42908247;-41,77746113;"SPRF-BA";"DEL06-BA";"UOP01-DEL06-BA"
352500;2021-04-18;"domingo";"09:20:00";"SC";282;1,7;"FLORIANOPOLIS";"Velocidade Incompatível";"Saída de leito carroçável";"Com Vítimas Feridas";"Pleno dia";"Decrescente";"Chuva";"Dupla";"Reta";"Sim";2;0;0;2;0;0;2;1;-27,602955;-48,580509;"SPRF-SC";"DEL01-SC";"UOP01-DEL01-SC"
352501;2021-03-28;"domingo";"20:15:00";"PR";376;158,8;"MANDAGUACU";"Manobra de mudança de faixa";"Colisão transversal";"Com Vítimas Feridas";"Plena Noite";"Crescente";"Céu Claro";"Dupla";"Reta";"Não";2;0;1;0;1;0;1;2;-23,36169997;-52,08593395;"SPRF-PR";"DEL09-PR";"UOP01-DEL09-PR"
352502;2021-04-18;"domingo";"10:00:00";"MA";135;5;"SAO LUIS";"Condutor deixou de manter distância do veículo da frente";"Colisão traseira";"Com Vítimas Feridas";"Pleno dia";"Crescente";"Céu Claro";"Dupla";"Reta";"Sim";3;0;1;0;2;0;1;3;-2,62145385;-44,25797421;"SPRF-MA";"DEL01-MA";"UOP01-DEL01-MA"
352505;2021-04-18;"domingo";"08:15:00";"SC";282;88,9;"ALFREDO WAGNER";"Ingestão de álcool pelo condutor";"Colisão lateral sentido oposto";"Sem Vítimas";"Pleno dia";"Decrescente";"Garoa/Chuvisco";"Simples";"Curva;Declive";"Não";2;0;0;0;2;0;0;2;-27,67198;-49,208591;"SPRF-SC";"DEL01-SC";"UOP03-DEL01-SC"
352506;2021-04-18;"domingo";"09:00:00";"BA";415;28;"ITABUNA";"Velocidade Incompatível";"Capotamento";"Com Vítimas Feridas";"Pleno dia";"Crescente";"Céu Claro";"Simples";"Curva";"Não";4;0;2;0;2;0;2;1;-14,8482;-39,281986;"SPRF-BA";"DEL05-BA";"UOP01-DEL05-BA"
352507;2021-02-18;"quinta-feira";"17:00:00";"MG";40;479,9;"SETE LAGOAS";"Chuva";"Saída de leito carroçável";"Com Vítimas Feridas";"Pleno dia";"Decrescente";"Chuva";"Dupla";"Declive;Curva";"Não";3;0;3;0;0;0;3;1;-19,540798;-44,250375;"SPRF-MG";"DEL02-MG";"UOP01-DEL02-MG"
352508;2021-04-18;"domingo";"10:10:00";"RS";386;367,8;"FAZENDA VILANOVA";"Velocidade Incompatível";"Saída de leito carroçável";"Com Vítimas Feridas";"Pleno dia";"Crescente";"Garoa/Chuvisco";"Dupla";"Reta";"Não";2;0;2;0;0;0;2;1;-29,582572;-51,839061;"SPRF-RS";"DEL04-RS";"UOP02-DEL04-RS"
352509;2021-04-18;"domingo";"09:50:00";"GO";60;59;"ABADIANIA";"Velocidade Incompatível";"Tombamento";"Com Vítimas Feridas";"Pleno dia";"Decrescente";"Nublado";"Dupla";"Curva";"Não";1;0;0;1;0;0;1;1;-16,1845;-48,6957;"SPRF-GO";"DEL02-GO";"UOP01-DEL02-GO"
352510;2021-03-29;"segunda-feira";"18:00:00";"PR";476;140,7;"CURITIBA";"Reação tardia ou ineficiente do condutor";"Colisão traseira";"Com Vítimas Feridas";"Anoitecer";"Crescente";"Nublado";"Dupla";"Reta";"Sim";2;0;1;0;1;0;1;2;-25,520693;-49,294121;"SPRF-PR";"DEL01-PR";"UOP03-DEL01-PR"
352511;2021-04-18;"domingo";"10:58:00";"PI";316;416,6;"MARCOLANDIA";"Frear bruscamente";"Tombamento";"Com Vítimas Feridas";"Pleno dia";"Decrescente";"Sol";"Simples";"Reta";"Sim";1;0;1;0;0;0;1;1;-7,43755999;-40,67491699;"SPRF-PI";"DEL04-PI";"UOP03-DEL04-PI"
352513;2021-04-18;"domingo";"05:30:00";"PA";10;264;"AURORA DO PARA";"Manobra de mudança de faixa";"Colisão frontal";"Com Vítimas Fatais";"Amanhecer";"Decrescente";"Nevoeiro/Neblina";"Simples";"Reta";"Não";3;1;0;0;2;0;0;2;-2,12325701;-47,56058366;"SPRF-PA";"DEL02-PA";"UOP01-DEL02-PA"
352514;2021-03-17;"quarta-feira";"18:00:00";"PR";476;130,5;"CURITIBA";"Trafegar com motocicleta (ou similar) entre as faixas";"Colisão lateral mesmo sentido";"Com Vítimas Feridas";"Anoitecer";"Decrescente";"Nublado";"Múltipla";"Reta";"Sim";5;0;1;0;3;1;1;5;-25,449564;-49,236427;"SPRF-PR";"DEL01-PR";"UOP03-DEL01-PR"
352515;2021-04-18;"domingo";"12:00:00";"GO";70;473;"ARAGARCAS";"Acessar a via sem observar a presença dos outros veículos";"Colisão com objeto";"Com Vítimas Feridas";"Pleno dia";"Crescente";"Céu Claro";"Dupla";"Reta";"Sim";3;0;1;0;2;0;1;2;-15,89653908;-52,24428177;"SPRF-GO";"DEL04-GO";"UOP01-DEL04-GO"
352517;2021-04-18;"domingo";"11:00:00";"BA";101;818;"ITAMARAJU";"Velocidade Incompatível";"Saída de leito carroçável";"Com Vítimas Feridas";"Pleno dia";"Crescente";"Sol";"Simples";"Curva";"Não";2;0;2;0;0;0;2;1;-17,08615;-39,57106;"SPRF-BA";"DEL09-BA";"UOP02-DEL09-BA"
352519;2021-04-18;"domingo";"01:00:00";"RS";392;649,9;"GUARANI DAS MISSOES";"Ingestão de álcool pelo condutor";"Saída de leito carroçável";"Com Vítimas Fatais";"Plena Noite";"Decrescente";"Céu Claro";"Simples";"Reta";"Não";2;1;0;0;0;1;0;2;-28,1322471;-54,61033344;"SPRF-RS";"DEL10-RS";"UOP01-DEL10-RS"
352521;2021-04-18;"domingo";"11:40:00";"SC";101;209,5;"SAO JOSE";"Acessar a via sem observar a presença dos outros veículos";"Colisão transversal";"Com Vítimas Feridas";"Pleno dia";"Crescente";"Chuva";"Dupla";"Reta";"Sim";3;0;1;1;1;0;2;2;-27,61000542;-48,63895057;"SPRF-SC";"DEL01-SC";"UOP01-DEL01-SC"
352522;2021-04-18;"domingo";"11:15:00";"ES";482;111,8;"DORES DO RIO PRETO";"Velocidade Incompatível";"Saída de leito carroçável";"Com Vítimas Feridas";"Pleno dia";"Crescente";"Sol";"Simples";"Curva;Aclive";"Não";1;0;0;1;0;0;1;1;-20,77266159;-41,8065834;"SPRF-ES";"DEL03-ES";"UOP02-DEL03-ES"
352524;2021-04-18;"domingo";"12:00:00";"BA";110;165;"RIBEIRA DO POMBAL";"Conversão proibida";"Colisão transversal";"Com Vítimas Feridas";"Pleno dia";"Crescente";"Céu Claro";"Simples";"Reta";"Não";2;0;1;1;0;0;2;2;-10,79869886;-38,52374638;"SPRF-BA";"DEL07-BA";"UOP02-DEL07-BA"
352525;2021-04-18;"domingo";"12:30:00";"PE";101;91,4;"JABOATAO DOS GUARARAPES";"Reação tardia ou ineficiente do condutor";"Saída de leito carroçável";"Com Vítimas Feridas";"Pleno dia";"Crescente";"Chuva";"Dupla";"Reta";"Não";3;0;2;0;1;0;2;3;-8,22399812;-34,99290474;"SPRF-PE";"DEL01-PE";"UOP01-DEL01-PE"
352528;2021-04-18;"domingo";"13:05:00";"SP";116;188,8;"SANTA ISABEL";"Pista Escorregadia";"Colisão com objeto";"Com Vítimas Feridas";"Pleno dia";"Decrescente";"Nublado";"Dupla";"Declive";"Não";2;0;2;0;0;0;2;1;-23,3594352;-46,21675791;"SPRF-SP";"DEL01-SP";"UOP01-DEL01-SP"
352530;2021-04-18;"domingo";"12:00:00";"PE";101;37;"ITAPISSUMA";"Conversão proibida";"Colisão transversal";"Com Vítimas Feridas";"Pleno dia";"Decrescente";"Nublado";"Dupla";"Curva";"Não";2;0;0;1;1;0;1;2;-7,79726705;-34,9274932;"SPRF-PE";"DEL01-PE";"UOP02-DEL01-PE"
352531;2021-04-18;"domingo";"10:20:00";"MT";364;366;"SANTO ANTONIO DO LEVERGER";"Demais falhas mecânicas ou elétricas";"Saída de leito carroçável";"Com Vítimas Feridas";"Pleno dia";"Crescente";"Céu Claro";"Dupla";"Reta";"Não";2;0;2;0;0;0;2;1;-15,74996196;-55,65890994;"SPRF-MT";"DEL01-MT";"UOP02-DEL01-MT"
352533;2021-04-18;"domingo";"13:50:00";"PB";104;129;"CAMPINA GRANDE";"Ingestão de álcool pelo condutor";"Queda de ocupante de veículo";"Com Vítimas Feridas";"Pleno dia";"Crescente";"Céu Claro";"Simples";"Reta";"Não";1;0;1;0;0;0;1;1;-7,28120589;-35,88915693;"SPRF-PB";"DEL02-PB";"UOP01-DEL02-PB"
352534;2021-04-18;"domingo";"14:00:00";"ES";101;179,8;"ARACRUZ";"Avarias e/ou desgaste excessivo no pneu";"Queda de ocupante de veículo";"Com Vítimas Feridas";"Pleno dia";"Crescente";"Céu Claro";"Simples";"Reta";"Não";1;0;1;0;0;0;1;1;-19,61640717;-40,21532077;"SPRF-ES";"DEL04-ES";"UOP01-DEL04-ES"
352535;2021-04-18;"domingo";"12:00:00";"RJ";40;79;"PETROPOLIS";"Reação tardia ou ineficiente do condutor";"Tombamento";"Com Vítimas Feridas";"Pleno dia";"Crescente";"Céu Claro";"Dupla";"Curva;Declive";"Não";1;0;1;0;0;0;1;1;-22,49800647;-43,22870135;"SPRF-RJ";"DEL06-RJ";"UOP01-DEL06-RJ"
352536;2021-04-18;"domingo";"14:10:00";"RJ";40;105,5;"DUQUE DE CAXIAS";"Ingestão de álcool pelo condutor";"Colisão traseira";"Com Vítimas Feridas";"Pleno dia";"Decrescente";"Nublado";"Simples";"Reta";"Sim";6;0;2;0;4;0;2;3;-22,63784806;-43,28428824;"SPRF-RJ";"DEL01-RJ";"UOP01-DEL01-RJ"
352537;2021-04-18;"domingo";"13:45:00";"SP";488;2,6;"APARECIDA";"Animais na Pista";"Atropelamento de Animal";"Sem Vítimas";"Pleno dia";"Crescente";"Céu Claro";"Dupla";"Reta";"Sim";1;0;0;0;1;0;0;1;-22,849216;-45,236801;"SPRF-SP";"DEL08-SP";"UOP01-DEL08-SP"
352538;2021-04-18;"domingo";"14:20:00";"SC";101;158,6;"PORTO BELO";"Manobra de mudança de faixa";"Colisão lateral mesmo sentido";"Com Vítimas Feridas";"Pleno dia";"Crescente";"Céu Claro";"Dupla";"Reta";"Sim";3;0;2;0;1;0;2;2;-27,19096301;-48,61259017;"SPRF-SC";"DEL04-SC";"UOP03-DEL04-SC"
352540;2021-04-18;"domingo";"15:20:00";"PR";376;620;"SAO JOSE DOS PINHAIS";"Avarias e/ou desgaste excessivo no pneu";"Queda de ocupante de veículo";"Com Vítimas Feridas";"Pleno dia";"Decrescente";"Nublado";"Dupla";"Reta";"Não";1;0;1;0;0;0;1;1;-25,60925907;-49,17205834;"SPRF-PR";"DEL01-PR";"UOP04-DEL01-PR"
352547;2021-04-18;"domingo";"16:30:00";"RS";472;130,2;"TRES DE MAIO";"Condutor deixou de manter distância do veículo da frente";"Colisão traseira";"Com Vítimas Fatais";"Pleno dia";"Decrescente";"Sol";"Simples";"Curva;Aclive";"Não";4;1;1;2;0;0;3;3;-27,74498243;-54,21974689;"SPRF-RS";"DEL10-RS";"UOP01-DEL10-RS"
352548;2021-04-18;"domingo";"16:00:00";"BA";101;262;"SANTO ANTONIO DE JESUS";"Ingestão de álcool pelo condutor";"Saída de leito carroçável";"Com Vítimas Feridas";"Pleno dia";"Decrescente";"Céu Claro";"Simples";"Curva";"Sim";1;0;1;0;0;0;1;1;-13,0815032;-39,27559444;"SPRF-BA";"DEL01-BA";"UOP02-DEL01-BA"