"id";"data_inversa";"dia_semana";"horario";"uf";"br";"km";"municipio";"causa_acidente";"tipo_acidente";"classificacao_acidente";"fase_dia";"sentido_via";"condicao_metereologica";"tipo_pista";"tracado_via";"uso_solo";"pessoas";"mortos";"feridos_leves";"feridos_graves";"ilesos";"ignorados";"feridos";"veiculos";"latitude";"longitude";"regional";"delegacia";"uop"
352667;2021-04-19;"segunda-feira";"05:40:00";"SP";116;181;"SANTA ISABEL";"Transitar no acostamento";"Colisão lateral mesmo sentido";"Com Vítimas Feridas";"Amanhecer";"Crescente";"Nublado";"Dupla";"Reta";"Não";1;0;0;1;0;0;1;1;-23,34071022;-46,15361889;"SPRF-SP";"DEL01-SP";"UOP01-DEL01-SP"
352668;2021-04-19;"segunda-feira";"06:40:00";"MG";381;637;"SANTO ANTONIO DO AMPARO";"Velocidade Incompatível";"Saída de leito carroçável";"Com Vítimas Feridas";"Pleno dia";"Decrescente";"Nublado";"Dupla";"Declive;Curva";"Não";3;0;2;0;1;0;2;1;-20,89963404;-44,85537595;"SPRF-MG";"DEL04-MG";"UOP01-DEL04-MG"
352671;2021-04-19;"segunda-feira";"06:40:00";"ES";262;1,9;"CARIACICA";"Reação tardia ou ineficiente do condutor";"Colisão traseira";"Com Vítimas Feridas";"Pleno dia";"Decrescente";"Céu Claro";"Dupla";"Interseção de Vias";"Sim";2;0;0;1;1;0;1;2;-20,33313414;-40,36000956;"SPRF-ES";"DEL01-ES";"UOP01-DEL01-ES"
352673;2021-04-19;"segunda-feira";"07:30:00";"PB";230;14,8;"BAYEUX";"Manobra de mudança de faixa";"Colisão traseira";"Com Vítimas Feridas";"Pleno dia";"Crescente";"Céu Claro";"Dupla";"Viaduto";"Sim";2;0;1;0;1;0;1;2;-7,0844;-34,8488;"SPRF-PB";"DEL01-PB";"UOP01-DEL01-PB"
352674;2021-04-19;"segunda-feira";"07:05:00";"RN";101;84,6;"NATAL";"Condutor deixou de manter distância do veículo da frente";"Colisão traseira";"Sem Vítimas";"Pleno dia";"Crescente";"Céu Claro";"Dupla";"Reta";"Sim";2;0;0;0;2;0;0;2;-5,774175;-35,2578;"SPRF-RN";"DEL02-RN";"UOP01-DEL02-RN"
352675;2021-04-19;"segunda-feira";"06:55:00";"ES";101;412,6;"ITAPEMIRIM";"Curva acentuada";"Colisão com objeto";"Com Vítimas Feridas";"Pleno dia";"Crescente";"Céu Claro";"Simples";"Curva";"Não";1;0;1;0;0;0;1;1;-20,90878197;-41,06944138;"SPRF-ES";"DEL03-ES";"UOP02-DEL03-ES"
352677;2021-04-19;"segunda-feira";"07:00:00";"SP";116;273,5;"TABOAO DA SERRA";"Manobra de mudança de faixa";"Colisão lateral mesmo sentido";"Com Vítimas Feridas";"Pleno dia";"Decrescente";"Sol";"Dupla";"Reta";"Sim";3;0;1;1;1;0;2;2;-23,62809795;-46,81870306;"SPRF-SP";"DEL04-SP";"UOP01-DEL04-SP"
352678;2021-04-19;"segunda-feira";"02:00:00";"PR";116;93,9;"PIRAQUARA";"Pedestre cruzava a pista fora da faixa";"Atropelamento de Pedestre";"Com Vítimas Fatais";"Plena Noite";"Decrescente";"Nublado";"Dupla";"Reta";"Não";2;1;0;0;0;1;0;2;-25,48227693;-49,10588805;"SPRF-PR";"DEL01-PR";"UOP01-DEL01-PR"
352681;2021-04-19;"segunda-feira";"07:40:00";"SP";116;216,8;"GUARULHOS";"Manobra de mudança de faixa";"Colisão lateral mesmo sentido";"Com Vítimas Feridas";"Pleno dia";"Crescente";"Nublado";"Dupla";"Reta";"Sim";3;0;1;0;1;1;1;3;-23,45056589;-46,46258105;"SPRF-SP";"DEL01-SP";"UOP01-DEL01-SP"
352682;2021-04-19;"segunda-feira";"07:35:00";"GO";70;1,9;"AGUAS LINDAS DE GOIAS";"Trafegar com motocicleta (ou similar) entre as faixas";"Colisão lateral mesmo sentido";"Com Vítimas Feridas";"Pleno dia";"Decrescente";"Sol";"Dupla";"Curva";"Não";2;0;1;0;0;1;1;2;-15,77579351;-48,23259001;"SPRF-DF";"DEL03-DF";"UOP02-DEL03-DF"
352683;2021-04-19;"segunda-feira";"07:35:00";"RN";304;297;"MACAIBA";"Condutor deixou de manter distância do veículo da frente";"Engavetamento";"Sem Vítimas";"Pleno dia";"Crescente";"Céu Claro";"Simples";"Reta";"Sim";4;0;0;0;4;0;0;4;-5,86534101;-35,340694;"SPRF-RN";"DEL01-RN";"UOP02-DEL01-RN"
352684;2021-04-19;"segunda-feira";"07:50:00";"RS";101;82,2;"OSORIO";"Avarias e/ou desgaste excessivo no pneu";"Saída de leito carroçável";"Com Vítimas Feridas";"Pleno dia";"Crescente";"Nublado";"Dupla";"Reta";"Sim";2;0;1;0;0;1;1;2;-29,84322488;-50,24558869;"SPRF-RS";"DEL03-RS";"UOP01-DEL03-RS"
352686;2021-04-19;"segunda-feira";"08:05:00";"SC";101;208;"SAO JOSE";"Manobra de mudança de faixa";"Queda de ocupante de veículo";"Com Vítimas Feridas";"Pleno dia";"Decrescente";"Garoa/Chuvisco";"Dupla";"Reta";"Sim";2;0;1;0;0;1;1;2;-27,605128;-48,633819;"SPRF-SC";"DEL01-SC";"UOP01-DEL01-SC"
352687;2021-04-19;"segunda-feira";"07:10:00";"ES";262;1,9;"CARIACICA";"Manobra de mudança de faixa";"Colisão lateral mesmo sentido";"Com Vítimas Feridas";"Pleno dia";"Crescente";"Nublado";"Dupla";"Reta";"Sim";2;0;1;0;1;0;1;2;-20,32955204;-40,35492602;"SPRF-ES";"DEL01-ES";"UOP01-DEL01-ES"
352688;2021-04-19;"segunda-feira";"08:10:00";"ES";262;4,6;"CARIACICA";"Desrespeitar a preferência no cruzamento";"Colisão transversal";"Com Vítimas Feridas";"Pleno dia";"Decrescente";"Nublado";"Múltipla";"Reta";"Sim";2;0;1;0;1;0;1;2;-20,33830169;-40,38460601;"SPRF-ES";"DEL01-ES";"UOP01-DEL01-ES"
352690;2021-04-19;"segunda-feira";"08:15:00";"RS";116;249;"SAO LEOPOLDO";"Manobra de mudança de faixa";"Colisão traseira";"Com Vítimas Feridas";"Pleno dia";"Decrescente";"Céu Claro";"Dupla";"Reta";"Sim";3;0;1;1;1;0;2;2;-29,78324038;-51,16081065;"SPRF-RS";"DEL01-RS";"UOP02-DEL01-RS"
352692;2021-04-19;"segunda-feira";"08:15:00";"PR";116;46,9;"CAMPINA GRANDE DO SUL";"Velocidade Incompatível";"Tombamento";"Com Vítimas Feridas";"Pleno dia";"Decrescente";"Chuva";"Dupla";"Curva";"Não";2;0;1;0;1;0;1;1;-25,20185401;-48,8962139;"SPRF-PR";"DEL01-PR";"UOP02-DEL01-PR"
352693;2021-04-19;"segunda-feira";"07:25:00";"MS";163;478;"CAMPO GRANDE";"Avarias e/ou desgaste excessivo no pneu";"Tombamento";"Com Vítimas Feridas";"Pleno dia";"Decrescente";"Sol";"Simples";"Reta";"Sim";2;0;1;0;1;0;1;1;-20,49629699;-54,55916871;"SPRF-MS";"DEL01-MS";"UOP01-DEL01-MS"
352695;2021-04-19;"segunda-feira";"08:01:00";"RS";290;103;"PORTO ALEGRE";"Trafegar com motocicleta (ou similar) entre as faixas";"Queda de ocupante de veículo";"Com Vítimas Feridas";"Pleno dia";"Decrescente";"Céu Claro";"Dupla";"Declive";"Não";1;0;1;0;0;0;1;1;-29,99017;-51,265766;"SPRF-RS";"DEL01-RS";"UOP01-DEL01-RS"
352697;2021-04-15;"quinta-feira";"07:10:00";"GO";153;499;"GOIANIA";"Condutor deixou de manter distância do veículo da frente";"Colisão traseira";"Com Vítimas Feridas";"Pleno dia";"Crescente";"Céu Claro";"Dupla";"Reta";"Sim";2;0;0;1;1;0;1;2;-16,7033;-49,2311;"SPRF-GO";"DEL01-GO";"UOP01-DEL01-GO"
352698;2021-04-19;"segunda-feira";"07:50:00";"SC";282;590,3;"SAUDADES";"Acessar a via sem observar a presença dos outros veículos";"Colisão transversal";"Sem Vítimas";"Pleno dia";"Decrescente";"Céu Claro";"Simples";"Curva";"Não";2;0;0;0;2;0;0;2;-26,825788;-53,072556;"SPRF-SC";"DEL07-SC";"UOP02-DEL07-SC"
352699;2021-04-19;"segunda-feira";"07:28:00";"MG";40;515;"RIBEIRAO DAS NEVES";"Manobra de mudança de faixa";"Colisão lateral mesmo sentido";"Com Vítimas Feridas";"Pleno dia";"Crescente";"Nublado";"Dupla";"Reta";"Sim";3;0;1;0;2;0;1;3;-19,8090079;-44,09493479;"SPRF-MG";"DEL01-MG";"UOP02-DEL01-MG"
352700;2021-04-19;"segunda-feira";"08:30:00";"SC";101;194;"BIGUACU";"Ausência de reação do condutor";"Colisão traseira";"Com Vítimas Feridas";"Pleno dia";"Decrescente";"Nublado";"Múltipla";"Reta";"Sim";2;0;1;0;1;0;1;2;-27,49815117;-48,65661236;"SPRF-SC";"DEL01-SC";"UOP01-DEL01-SC"
352701;2021-04-19;"segunda-feira";"09:00:00";"PA";163;1003;"SANTAREM";"Desrespeitar a preferência no cruzamento";"Colisão transversal";"Com Vítimas Feridas";"Pleno dia";"Crescente";"Nublado";"Dupla";"Reta";"Sim";2;0;1;0;1;0;1;2;-2,43534515;-54,73343611;"SPRF-PA";"DEL05-PA";"UOP01-DEL05-PA"
352702;2021-04-19;"segunda-feira";"08:30:00";"PR";116;103,6;"SAO JOSE DOS PINHAIS";"Velocidade Incompatível";"Tombamento";"Com Vítimas Feridas";"Pleno dia";"Decrescente";"Garoa/Chuvisco";"Dupla";"Reta";"Não";1;0;1;0;0;0;1;1;-25,55944814;-49,15099774;"SPRF-PR";"DEL01-PR";"UOP01-DEL01-PR"
352703;2021-03-13;"sábado";"19:05:00";"PR";277;683,8;"MEDIANEIRA";"Reação tardia ou ineficiente do condutor";"Saída de leito carroçável";"Com Vítimas Feridas";"Plena Noite";"Decrescente";"Céu Claro";"Dupla";"Aclive";"Não";1;0;1;0;0;0;1;1;-25,33269888;-54,19204103;"SPRF-PR";"DEL05-PR";"UOP01-DEL05-PR"
352705;2021-04-19;"segunda-feira";"08:15:00";"SP";381;75;"SAO PAULO";"Velocidade Incompatível";"Colisão com objeto";"Sem Vítimas";"Pleno dia";"Decrescente";"Nublado";"Múltipla";"Curva";"Não";1;0;0;0;1;0;0;1;-23,37660089;-46,56409613;"SPRF-SP";"DEL03-SP";"UOP01-DEL03-SP"
352706;2021-04-19;"segunda-feira";"09:45:00";"DF";70;13;"BRASILIA";"Reação tardia ou ineficiente do condutor";"Saída de leito carroçável";"Com Vítimas Feridas";"Pleno dia";"Crescente";"Céu Claro";"Dupla";"Reta";"Sim";2;0;1;0;0;1;1;2;-15,794558;-48,166584;"SPRF-DF";"DEL03-DF";"UOP02-DEL03-DF"
352708;2021-04-19;"segunda-feira";"09:00:00";"PR";116;131,8;"FAZENDA RIO GRANDE";"Velocidade Incompatível";"Queda de ocupante de veículo";"Com Vítimas Feridas";"Pleno dia";"Decrescente";"Garoa/Chuvisco";"Simples";"Rotatória";"Sim";1;0;1;0;0;0;1;1;-25,69094134;-49,31618929;"SPRF-PR";"DEL01-PR";"UOP03-DEL01-PR"
352711;2021-04-19;"segunda-feira";"08:40:00";"MG";267;21,8;"ARGIRITA";"Problema na suspensão";"Colisão com objeto";"Sem Vítimas";"Pleno dia";"Crescente";"Garoa/Chuvisco";"Simples";"Curva";"Não";2;0;0;0;2;0;0;1;-21,59274447;-42,78538272;"SPRF-MG";"DEL07-MG";"UOP01-DEL07-MG"
352713;2021-04-19;"segunda-feira";"10:30:00";"RJ";40;105;"DUQUE DE CAXIAS";"Conversão proibida";"Engavetamento";"Com Vítimas Feridas";"Pleno dia";"Decrescente";"Céu Claro";"Simples";"Reta";"Sim";4;0;3;0;1;0;3;3;-22,63784806;-43,28428824;"SPRF-RJ";"DEL01-RJ";"UOP01-DEL01-RJ"
352715;2021-04-19;"segunda-feira";"11:05:00";"PA";230;121;"MARABA";"Acessar a via sem observar a presença dos outros veículos";"Colisão traseira";"Com Vítimas Feridas";"Pleno dia";"Crescente";"Nublado";"Dupla";"Interseção de Vias";"Sim";2;0;1;0;1;0;1;2;-5,36724762;-49,12767291;"SPRF-PA";"DEL03-PA";"UOP01-DEL03-PA"
352716;2021-04-19;"segunda-feira";"10:50:00";"SC";163;70,4;"SAO MIGUEL DO OESTE";"Desrespeitar a preferência no cruzamento";"Colisão transversal";"Com Vítimas Feridas";"Pleno dia";"Decrescente";"Céu Claro";"Dupla";"Interseção de Vias;Curva";"Sim";2;0;1;0;1;0;1;2;-26,73263698;-53,51000547;"SPRF-SC";"DEL07-SC";"UOP03-DEL07-SC"
352717;2021-04-19;"segunda-feira";"09:40:00";"SP";116;322,8;"JUQUITIBA";"Reação tardia ou ineficiente do condutor";"Tombamento";"Com Vítimas Feridas";"Pleno dia";"Crescente";"Céu Claro";"Dupla";"Reta";"Não";1;0;1;0;0;0;1;1;-23,935106;-47,026682;"SPRF-SP";"DEL04-SP";"UOP01-DEL04-SP"
352718;2021-04-19;"segunda-feira";"10:45:00";"GO";60;405;"RIO VERDE";"Reação tardia ou ineficiente do condutor";"Saída de leito carroçável";"Com Vítimas Feridas";"Pleno dia";"Decrescente";"Céu Claro";"Dupla";"Reta";"Não";4;0;0;4;0;0;4;1;-17,8151;-51,099;"SPRF-GO";"DEL04-GO";"UOP01-DEL04-GO"
352720;2021-04-19;"segunda-feira";"07:30:00";"PB";101;4;"MATARACA";"Ausência de reação do condutor";"Capotamento";"Sem Vítimas";"Pleno dia";"Crescente";"Céu Claro";"Dupla";"Reta";"Não";1;0;0;0;0;1;0;1;-6,5406751;-35,11731147;"SPRF-PB";"DEL01-PB";"UOP04-DEL01-PB"
352721;2021-04-19;"segunda-feira";"09:00:00";"PR";376;658;"TIJUCAS DO SUL";"Velocidade Incompatível";"Saída de leito carroçável";"Com Vítimas Feridas";"Pleno dia";"Decrescente";"Garoa/Chuvisco";"Dupla";"Curva";"Não";1;0;1;0;0;0;1;1;-25,85300602;-49,02166198;"SPRF-PR";"DEL01-PR";"UOP04-DEL01-PR"
352722;2021-04-19;"segunda-feira";"11:45:00";"RS";158;194,3;"CRUZ ALTA";"Demais falhas mecânicas ou elétricas";"Incêndio";"Sem Vítimas";"Pleno dia";"Crescente";"Sol";"Simples";"Interseção de Vias";"Sim";1;0;0;0;1;0;0;1;-28,64284112;-53,57178211;"SPRF-RS";"DEL10-RS";"UOP02-DEL10-RS"
352723;2021-04-19;"segunda-feira";"12:00:00";"SP";116;270;"TABOAO DA SERRA";"Ausência de reação do condutor";"Queda de ocupante de veículo";"Com Vítimas Feridas";"Pleno dia";"Crescente";"Céu Claro";"Múltipla";"Reta";"Não";2;0;2;0;0;0;2;1;-23,61799728;-46,79677694;"SPRF-SP";"DEL04-SP";"UOP01-DEL04-SP"
352724;2021-04-19;"segunda-feira";"12:15:00";"PE";101;46,2;"IGARASSU";"Velocidade Incompatível";"Colisão transversal";"Com Vítimas Feridas";"Pleno dia";"Decrescente";"Céu Claro";"Múltipla";"Retorno Regulamentado";"Sim";2;0;1;0;1;0;1;2;-7,87406004;-34,90588126;"SPRF-PE";"DEL01-PE";"UOP02-DEL01-PE"
352728;2021-04-19;"segunda-feira";"11:25:00";"MG";116;38,9;"PEDRA AZUL";"Acessar a via sem observar a presença dos outros veículos";"Colisão transversal";"Com Vítimas Feridas";"Pleno dia";"Decrescente";"Sol";"Simples";"Curva";"Não";2;0;1;0;1;0;1;2;-15,96601299;-41,40367703;"SPRF-MG";"DEL11-MG";"UOP02-DEL11-MG"
352729;2021-04-19;"segunda-feira";"13:00:00";"RS";392;2;"CAPAO DO LEAO";"Acessar a via sem observar a presença dos outros veículos";"Colisão lateral mesmo sentido";"Com Vítimas Feridas";"Pleno dia";"Crescente";"Céu Claro";"Simples";"Reta";"Não";2;0;2;0;0;0;2;2;-31,7602;-52,4381;"SPRF-RS";"DEL07-RS";"UOP01-DEL07-RS"
352732;2021-04-01;"quinta-feira";"07:30:00";"PB";101;97;"CONDE";"Chuva";"Colisão traseira";"Com Vítimas Feridas";"Pleno dia";"Decrescente";"Chuva";"Dupla";"Reta";"Sim";4;0;3;0;1;0;3;2;-7,24692282;-34,93113937;"SPRF-PB";"DEL01-PB";"UOP02-DEL01-PB"
352734;2021-04-03;"sábado";"18:30:00";"PR";369;184;"ARAPONGAS";"Ingestão de álcool pelo condutor";"Colisão transversal";"Com Vítimas Feridas";"Anoitecer";"Crescente";"Céu Claro";"Dupla";"Reta";"Sim";2;0;0;1;0;1;1;2;-23,40152697;-51,42760545;"SPRF-PR";"DEL07-PR";"UOP02-DEL07-PR"
352735;2021-03-22;"segunda-feira";"10:40:00";"PR";116;110,8;"SAO JOSE DOS PINHAIS";"Condutor deixou de manter distância do veículo da frente";"Colisão traseira";"Com Vítimas Feridas";"Pleno dia";"Crescente";"Céu Claro";"Múltipla";"Reta";"Sim";2;0;1;0;1;0;1;2;-25,57012941;-49,21736805;"SPRF-PR";"DEL01-PR";"UOP01-DEL01-PR"
352737;2021-04-19;"segunda-feira";"09:45:00";"RO";364;794;"PORTO VELHO";"Reação tardia ou ineficiente do condutor";"Saída de leito carroçável";"Com Vítimas Feridas";"Pleno dia";"Decrescente";"Sol";"Simples";"Curva";"Não";4;0;1;0;3;0;1;1;-9,235813;-64,349936;"SPRF-RO";"DEL01-RO";"UOP02-DEL01-RO"
352738;2021-04-19;"segunda-feira";"13:45:00";"SC";101;149,5;"ITAPEMA";"Velocidade Incompatível";"Colisão traseira";"Com Vítimas Fatais";"Pleno dia";"Crescente";"Céu Claro";"Dupla";"Aclive";"Sim";2;1;0;0;1;0;0;2;-27,1125946;-48,6108449;"SPRF-SC";"DEL04-SC";"UOP03-DEL04-SC"
352743;2021-04-19;"segunda-feira";"13:50:00";"MG";40;500,6;"ESMERALDAS";"Pedestre andava na pista";"Atropelamento de Pedestre";"Com Vítimas Feridas";"Pleno dia";"Crescente";"Céu Claro";"Dupla";"Aclive;Em Obras;Reta";"Sim";2;0;0;1;1;0;1;2;-19,70348;-44,17139;"SPRF-MG";"DEL02-MG";"UOP01-DEL02-MG"
352744;2021-02-07;"domingo";"01:00:00";"PR";277;504,5;"GUARANIACU";"Ultrapassagem Indevida";"Saída de leito carroçável";"Com Vítimas Feridas";"Plena Noite";"Decrescente";"Céu Claro";"Simples";"Curva";"Não";1;0;0;1;0;0;1;1;-25,13098756;-52,72684336;"SPRF-PR";"DEL04-PR";"UOP01-DEL04-PR"
352745;2021-04-19;"segunda-feira";"13:30:00";"PR";476;142;"CURITIBA";"Manobra de mudança de faixa";"Colisão lateral mesmo sentido";"Com Vítimas Feridas";"Pleno dia";"Crescente";"Céu Claro";"Dupla";"Reta;Declive";"Não";2;0;1;0;1;0;1;2;-25,5298601;-49,29981709;"SPRF-PR";"DEL01-PR";"UOP03-DEL01-PR"
352747;2021-04-19;"segunda-feira";"14:10:00";"DF";20;17;"BRASILIA";"Velocidade Incompatível";"Colisão traseira";"Com Vítimas Feridas";"Pleno dia";"Crescente";"Garoa/Chuvisco";"Simples";"Reta";"Não";2;0;1;0;1;0;1;2;-15,621374;-47,71698;"SPRF-DF";"DEL02-DF";"UOP01-DEL02-DF"
352748;2021-04-19;"segunda-feira";"14:20:00";"SP";116;394;"MIRACATU";"Acumulo de água sobre o pavimento";"Saída de leito carroçável";"Com Vítimas Fatais";"Pleno dia";"Crescente";"Chuva";"Dupla";"Reta";"Sim";4;1;2;1;0;0;3;1;-24,28717454;-47,45143994;"SPRF-SP";"DEL04-SP";"UOP02-DEL04-SP"
352752;2021-04-19;"segunda-feira";"14:30:00";"RN";101;94,3;"NATAL";"Manobra de mudança de faixa";"Colisão lateral mesmo sentido";"Com Vítimas Feridas";"Pleno dia";"Decrescente";"Céu Claro";"Múltipla";"Curva";"Sim";2;0;1;0;0;1;1;2;-5,83176615;-35,21191342;"SPRF-RN";"DEL01-RN";"UOP01-DEL01-RN"
352755;2021-04-19;"segunda-feira";"14:15:00";"CE";116;1;"FORTALEZA";"Reação tardia ou ineficiente do condutor";"Colisão lateral mesmo sentido";"Com Vítimas Feridas";"Pleno dia";"Crescente";"Nublado";"Múltipla";"Aclive;Curva";"Sim";2;0;1;0;1;0;1;2;-3,76159894;-38,51900662;"SPRF-CE";"DEL01-CE";"UOP02-DEL01-CE"
352756;2021-04-19;"segunda-feira";"14:30:00";"RJ";493;19;"MAGE";"Reação tardia ou ineficiente do condutor";"Colisão transversal";"Com Vítimas Feridas";"Pleno dia";"Decrescente";"Nublado";"Simples";"Reta";"Sim";2;0;0;1;1;0;1;2;-22,6663848;-43,02770248;"SPRF-RJ";"DEL04-RJ";"UOP02-DEL04-RJ"
352758;2021-04-19;"segunda-feira";"13:30:00";"ES";101;285,9;"CARIACICA";"Chuva";"Saída de leito carroçável";"Com Vítimas Feridas";"Pleno dia";"Decrescente";"Chuva";"Dupla";"Curva";"Não";1;0;0;1;0;0;1;1;-20,25148171;-40,37270066;"SPRF-ES";"DEL01-ES";"UOP01-DEL01-ES"
352760;2021-04-19;"segunda-feira";"15:00:00";"MG";381;865,3;"POUSO ALEGRE";"Velocidade Incompatível";"Saída de leito carroçável";"Com Vítimas Feridas";"Pleno dia";"Decrescente";"Céu Claro";"Dupla";"Curva;Declive";"Não";1;0;0;1;0;0;1;1;-22,39502394;-45,95810707;"SPRF-MG";"DEL16-MG";"UOP01-DEL16-MG"
352761;2021-04-19;"segunda-feira";"15:15:00";"RJ";101;196;"CASIMIRO DE ABREU";"Ausência de reação do condutor";"Colisão com objeto";"Com Vítimas Feridas";"Pleno dia";"Crescente";"Chuva";"Dupla";"Curva";"Não";1;0;1;0;0;0;1;1;-22,49207101;-42,10926701;"SPRF-RJ";"DEL08-RJ";"UOP04-DEL08-RJ"
352767;2021-04-19;"segunda-feira";"15:20:00";"GO";60;105,2;"GOIANAPOLIS";"Ingestão de álcool pelo condutor";"Capotamento";"Com Vítimas Feridas";"Pleno dia";"Crescente";"Céu Claro";"Dupla";"Declive";"Não";2;0;2;0;0;0;2;1;-16,4156;-49,0087;"SPRF-GO";"DEL02-GO";"UOP01-DEL02-GO"
352769;2021-04-19;"segunda-feira";"08:50:00";"MG";50;19,9;"UBERLANDIA";"Ausência de reação do condutor";"Tombamento";"Com Vítimas Feridas";"Pleno dia";"Crescente";"Céu Claro";"Dupla";"Curva";"Sim";1;0;1;0;0;0;1;1;-18,936451;-48,206203;"SPRF-MG";"DEL15-MG";"UOP01-DEL15-MG"
352771;2021-04-19;"segunda-feira";"14:45:00";"MG";262;399;"PARA DE MINAS";"Velocidade Incompatível";"Saída de leito carroçável";"Com Vítimas Feridas";"Pleno dia";"Crescente";"Céu Claro";"Dupla";"Reta";"Sim";2;0;1;1;0;0;2;1;-19,90311456;-44,534;"SPRF-MG";"DEL01-MG";"UOP03-DEL01-MG"
352773;2021-02-16;"terça-feira";"07:40:00";"RO";319;63;"PORTO VELHO";"Condutor deixou de manter distância do veículo da frente";"Colisão traseira";"Com Vítimas Feridas";"Pleno dia";"Crescente";"Céu Claro";"Dupla";"Reta";"Sim";2;0;1;0;0;1;1;2;-8,75678822;-63,88622761;"SPRF-RO";"DEL01-RO";"UOP01-DEL01-RO"
352774;2021-04-18;"domingo";"05:10:00";"SC";470;204,7;"PONTE ALTA";"Velocidade Incompatível";"Saída de leito carroçável";"Com Vítimas Feridas";"Amanhecer";"Decrescente";"Ignorado";"Simples";"Curva;Declive";"Não";1;0;0;1;0;0;1;1;-27,289373;-50,166328;"SPRF-SC";"DEL05-SC";"UOP03-DEL05-SC"
352777;2021-04-19;"segunda-feira";"16:00:00";"AP";156;372;"FERREIRA GOMES";"Avarias e/ou desgaste excessivo no pneu";"Saída de leito carroçável";"Com Vítimas Feridas";"Pleno dia";"Decrescente";"Chuva";"Simples";"Reta";"Não";1;0;1;0;0;0;1;1;0,79809635;-51,23328324;"SPRF-AP";"DEL01-AP";"UOP01-DEL01-AP"
352779;2021-04-19;"segunda-feira";"16:30:00";"BA";116;427;"FEIRA DE SANTANA";"Manobra de mudança de faixa";"Colisão com objeto";"Com Vítimas Feridas";"Pleno dia";"Crescente";"Nublado";"Dupla";"Reta";"Sim";3;0;1;0;1;1;1;2;-12,27829888;-38,99654215;"SPRF-BA";"DEL02-BA";"UOP01-DEL02-BA"
352781;2021-04-19;"segunda-feira";"16:30:00";"RS";116;148,6;"CAXIAS DO SUL";"Reação tardia ou ineficiente do condutor";"Colisão traseira";"Com Vítimas Feridas";"Pleno dia";"Decrescente";"Sol";"Dupla";"Curva";"Sim";2;0;1;0;1;0;1;2;-29,15444539;-51,15101681;"SPRF-RS";"DEL05-RS";"UOP01-DEL05-RS"
352782;2021-04-19;"segunda-feira";"14:30:00";"GO";153;695,5;"ITUMBIARA";"Demais falhas mecânicas ou elétricas";"Incêndio";"Com Vítimas Feridas";"Pleno dia";"Decrescente";"Sol";"Dupla";"Reta";"Não";1;0;1;0;0;0;1;1;-18,3517;-49,2189;"SPRF-GO";"DEL03-GO";"UOP02-DEL03-GO"
352783;2021-04-19;"segunda-feira";"16:15:00";"BA";116;9,5;"VITORIA DA CONQUISTA";"Acumulo de areia ou detritos sobre o pavimento";"Saída de leito carroçável";"Com Vítimas Feridas";"Pleno dia";"Decrescente";"Nublado";"Simples";"Declive";"Sim";1;0;1;0;0;0;1;1;-14,8559;-40,879;"SPRF-BA";"DEL08-BA";"UOP01-DEL08-BA"
352786;2021-04-19;"segunda-feira";"16:15:00";"ES";101;198,7;"JOAO NEIVA";"Avarias e/ou desgaste excessivo no pneu";"Tombamento";"Com Vítimas Feridas";"Pleno dia";"Decrescente";"Nublado";"Simples";"Curva";"Não";2;0;2;0;0;0;2;1;-19,71699251;-40,34090606;"SPRF-ES";"DEL04-ES";"UOP01-DEL04-ES"
352788;2021-04-19;"segunda-feira";"16:50:00";"CE";222;3,7;"FORTALEZA";"Ausência de reação do condutor";"Colisão traseira";"Com Vítimas Feridas";"Pleno dia";"Decrescente";"Céu Claro";"Múltipla";"Aclive";"Sim";2;0;0;1;1;0;1;2;-3,7403769;-38,59569202;"SPRF-CE";"DEL01-CE";"UOP01-DEL01-CE"
352789;2021-04-19;"segunda-feira";"16:00:00";"SP";381;68;"MAIRIPORA";"Velocidade Incompatível";"Queda de ocupante de veículo";"Com Vítimas Feridas";"Pleno dia";"Decrescente";"Chuva";"Múltipla";"Curva";"Não";1;0;0;1;0;0;1;1;-23,34043796;-46,57433588;"SPRF-SP";"DEL03-SP";"UOP01-DEL03-SP"
352791;2021-04-19;"segunda-feira";"16:45:00";"SP";381;74;"SAO PAULO";"Curva acentuada";"Colisão com objeto";"Com Vítimas Feridas";"Pleno dia";"Decrescente";"Chuva";"Dupla";"Curva";"Não";2;0;2;0;0;0;2;1;-23,37208014;-46,55700294;"SPRF-SP";"DEL03-SP";"UOP01-DEL03-SP"
352793;2021-04-19;"segunda-feira";"08:20:00";"MG";116;504,5;"INHAPIM";"Acessar a via sem observar a presença dos outros veículos";"Colisão transversal";"Com Vítimas Feridas";"Pleno dia";"Crescente";"Céu Claro";"Simples";"Reta";"Não";2;0;1;0;1;0;1;2;-19,584798;-42,112937;"SPRF-MG";"DEL06-MG";"UOP02-DEL06-MG"
352794;2021-04-19;"segunda-feira";"17:20:00";"MG";40;524;"CONTAGEM";"Trafegar com motocicleta (ou similar) entre as faixas";"Colisão lateral mesmo sentido";"Com Vítimas Feridas";"Anoitecer";"Decrescente";"Céu Claro";"Dupla";"Reta";"Não";2;0;1;0;1;0;1;2;-19,8754469;-44,05345586;"SPRF-MG";"DEL01-MG";"UOP02-DEL01-MG"