"id";"data_inversa";"dia_semana";"horario";"uf";"br";"km";"municipio";"causa_acidente";"tipo_acidente";"classificacao_acidente";"fase_dia";"sentido_via";"condicao_metereologica";"tipo_pista";"tracado_via";"uso_solo";"pessoas";"mortos";"feridos_leves";"feridos_graves";"ilesos";"ignorados";"feridos";"veiculos";"latitude";"longitude";"regional";"delegacia";"uop"
352795;2021-04-19;"segunda-feira";"16:25:00";"RO";364;710;"PORTO VELHO";"Ingestão de álcool pelo condutor";"Colisão com objeto";"Sem Vítimas";"Pleno dia";"Decrescente";"Céu Claro";"Dupla";"Reta";"Sim";1;0;0;0;0;1;0;1;-8,78621576;-63,85712687;"SPRF-RO";"DEL01-RO";"UOP01-DEL01-RO"
352796;2021-04-19;"segunda-feira";"16:30:00";"PR";277;522,4;"GUARANIACU";"Desrespeitar a preferência no cruzamento";"Colisão transversal";"Com Vítimas Feridas";"Pleno dia";"Crescente";"Céu Claro";"Simples";"Interseção de Vias";"Não";5;0;3;0;2;0;3;2;-25,11018112;-52,85167802;"SPRF-PR";"DEL04-PR";"UOP01-DEL04-PR"
352797;2021-04-19;"segunda-feira";"17:45:00";"PE";408;94,5;"SAO LOURENCO DA MATA";"Reação tardia ou ineficiente do condutor";"Atropelamento de Pedestre";"Com Vítimas Feridas";"Anoitecer";"Decrescente";"Céu Claro";"Dupla";"Reta";"Sim";2;0;0;2;0;0;2;2;-8,010143;-35,042584;"SPRF-PE";"DEL01-PE";"UOP01-DEL01-PE"
352798;2021-04-19;"segunda-feira";"16:20:00";"MT";70;270;"PRIMAVERA DO LESTE";"Ingestão de álcool pelo condutor";"Saída de leito carroçável";"Sem Vítimas";"Pleno dia";"Decrescente";"Céu Claro";"Simples";"Reta";"Não";1;0;0;0;1;0;0;1;-15,53351955;-54,2209699;"SPRF-MT";"DEL05-MT";"UOP01-DEL05-MT"
352800;2021-04-19;"segunda-feira";"18:00:00";"MG";40;758,5;"EWBANK DA CAMARA";"Condutor deixou de manter distância do veículo da frente";"Tombamento";"Com Vítimas Feridas";"Anoitecer";"Decrescente";"Garoa/Chuvisco";"Simples";"Reta";"Sim";2;0;1;0;1;0;1;2;-21,55351243;-43,50772804;"SPRF-MG";"DEL05-MG";"UOP01-DEL05-MG"
352801;2021-04-19;"segunda-feira";"18:15:00";"SP";116;327;"JUQUITIBA";"Chuva";"Capotamento";"Com Vítimas Feridas";"Anoitecer";"Decrescente";"Chuva";"Dupla";"Curva";"Não";1;0;1;0;0;0;1;1;-23,93596456;-47,07098892;"SPRF-SP";"DEL04-SP";"UOP01-DEL04-SP"
352802;2021-04-19;"segunda-feira";"18:05:00";"DF";40;4,6;"BRASILIA";"Trafegar com motocicleta (ou similar) entre as faixas";"Colisão lateral mesmo sentido";"Com Vítimas Feridas";"Plena Noite";"Decrescente";"Céu Claro";"Dupla";"Reta";"Sim";2;0;0;1;1;0;1;2;-16,018169;-47,981176;"SPRF-DF";"DEL01-DF";"UOP01-DEL01-DF"
352803;2021-04-19;"segunda-feira";"17:45:00";"SP";116;220,5;"GUARULHOS";"Reação tardia ou ineficiente do condutor";"Colisão traseira";"Com Vítimas Feridas";"Anoitecer";"Crescente";"Céu Claro";"Múltipla";"Reta";"Sim";2;0;1;0;1;0;1;2;-23,46472809;-46,49793962;"SPRF-SP";"DEL01-SP";"UOP01-DEL01-SP"
352806;2021-04-19;"segunda-feira";"17:30:00";"BA";324;525;"FEIRA DE SANTANA";"Avarias e/ou desgaste excessivo no pneu";"Tombamento";"Com Vítimas Feridas";"Anoitecer";"Decrescente";"Nublado";"Dupla";"Reta";"Sim";2;0;2;0;0;0;2;1;-12,31150779;-38,88354039;"SPRF-BA";"DEL01-BA";"UOP03-DEL01-BA"
352808;2021-04-19;"segunda-feira";"18:45:00";"PR";376;442,1;"TIBAGI";"Pedestre andava na pista";"Atropelamento de Pedestre";"Com Vítimas Fatais";"Anoitecer";"Crescente";"Céu Claro";"Dupla";"Reta;Declive";"Não";4;1;0;0;3;0;0;2;-24,82163494;-50,48232978;"SPRF-PR";"DEL03-PR";"UOP02-DEL03-PR"
352809;2021-04-19;"segunda-feira";"18:00:00";"SP";153;44,5;"ONDA VERDE";"Acessar a via sem observar a presença dos outros veículos";"Saída de leito carroçável";"Com Vítimas Feridas";"Plena Noite";"Decrescente";"Céu Claro";"Simples";"Reta";"Não";2;0;1;0;0;1;1;2;-20,65497601;-49,34121741;"SPRF-SP";"DEL09-SP";"UOP01-DEL09-SP"
352810;2021-04-19;"segunda-feira";"18:45:00";"ES";101;220;"IBIRACU";"Reação tardia ou ineficiente do condutor";"Queda de ocupante de veículo";"Com Vítimas Feridas";"Plena Noite";"Crescente";"Chuva";"Simples";"Reta";"Não";1;0;1;0;0;0;1;1;-19,86379124;-40,39171492;"SPRF-ES";"DEL02-ES";"UOP01-DEL02-ES"
352811;2021-04-19;"segunda-feira";"17:20:00";"SC";163;92,7;"GUARACIABA";"Acessar a via sem observar a presença dos outros veículos";"Colisão traseira";"Com Vítimas Feridas";"Pleno dia";"Crescente";"Céu Claro";"Simples";"Reta;Em Obras;Declive";"Não";3;0;1;0;2;0;1;2;-26,54327198;-53,5202837;"SPRF-SC";"DEL07-SC";"UOP03-DEL07-SC"
352812;2021-04-19;"segunda-feira";"18:00:00";"MS";158;249;"TRES LAGOAS";"Desrespeitar a preferência no cruzamento";"Colisão transversal";"Com Vítimas Feridas";"Anoitecer";"Crescente";"Céu Claro";"Simples";"Rotatória";"Não";2;0;1;0;1;0;1;2;-20,647018;-51,792359;"SPRF-MS";"DEL07-MS";"UOP01-DEL07-MS"
352814;2021-04-19;"segunda-feira";"18:10:00";"PI";343;258;"CAMPO MAIOR";"Ultrapassagem Indevida";"Colisão frontal";"Com Vítimas Fatais";"Anoitecer";"Crescente";"Chuva";"Simples";"Reta;Aclive";"Não";2;1;0;1;0;0;1;2;-4,788996;-42,126308;"SPRF-PI";"DEL01-PI";"UOP03-DEL01-PI"
352816;2021-04-19;"segunda-feira";"16:25:00";"TO";153;204,5;"NOVA OLINDA";"Ultrapassagem Indevida";"Colisão frontal";"Com Vítimas Feridas";"Pleno dia";"Decrescente";"Nublado";"Simples";"Reta";"Não";3;0;2;1;0;0;3;2;-7,68347701;-48,43106696;"SPRF-TO";"DEL02-TO";"UOP01-DEL02-TO"
352819;2021-04-19;"segunda-feira";"18:40:00";"SC";101;209;"SAO JOSE";"Condutor deixou de manter distância do veículo da frente";"Colisão traseira";"Com Vítimas Feridas";"Plena Noite";"Decrescente";"Chuva";"Múltipla";"Reta";"Sim";2;0;1;0;1;0;1;2;-27,61000542;-48,63895057;"SPRF-SC";"DEL01-SC";"UOP01-DEL01-SC"
352820;2021-04-19;"segunda-feira";"07:50:00";"MG";365;624,2;"UBERLANDIA";"Manobra de mudança de faixa";"Colisão com objeto";"Com Vítimas Feridas";"Pleno dia";"Decrescente";"Céu Claro";"Dupla";"Reta";"Sim";3;0;2;0;1;0;2;3;-18,90754763;-48,3160669;"SPRF-MG";"DEL15-MG";"UOP01-DEL15-MG"
352821;2021-04-19;"segunda-feira";"19:20:00";"ES";101;272,2;"SERRA";"Reação tardia ou ineficiente do condutor";"Colisão com objeto";"Com Vítimas Feridas";"Plena Noite";"Decrescente";"Chuva";"Múltipla";"Reta";"Sim";2;0;1;1;0;0;2;1;-20,22724888;-40,28426988;"SPRF-ES";"DEL02-ES";"UOP01-DEL02-ES"
352824;2021-04-19;"segunda-feira";"17:50:00";"BA";324;620;"SALVADOR";"Reação tardia ou ineficiente do condutor";"Tombamento";"Com Vítimas Feridas";"Anoitecer";"Crescente";"Céu Claro";"Dupla";"Reta";"Sim";1;0;1;0;0;0;1;1;-12,90482172;-38,45556535;"SPRF-BA";"DEL01-BA";"UOP01-DEL01-BA"
352825;2021-04-19;"segunda-feira";"19:00:00";"SP";116;400,3;"MIRACATU";"Velocidade Incompatível";"Saída de leito carroçável";"Com Vítimas Feridas";"Plena Noite";"Decrescente";"Chuva";"Dupla";"Curva;Declive";"Não";3;0;3;0;0;0;3;1;-24,30730934;-47,4965217;"SPRF-SP";"DEL04-SP";"UOP02-DEL04-SP"
352827;2021-04-19;"segunda-feira";"19:00:00";"SC";101;202;"SAO JOSE";"Manobra de mudança de faixa";"Colisão lateral mesmo sentido";"Com Vítimas Feridas";"Plena Noite";"Crescente";"Chuva";"Dupla";"Reta";"Sim";2;0;1;0;0;1;1;2;-27,55711595;-48,61897889;"SPRF-SC";"DEL01-SC";"UOP01-DEL01-SC"
352833;2021-04-19;"segunda-feira";"19:10:00";"SC";116;10;"MAFRA";"Reação tardia ou ineficiente do condutor";"Saída de leito carroçável";"Com Vítimas Feridas";"Plena Noite";"Crescente";"Céu Claro";"Simples";"Declive;Curva";"Não";1;0;1;0;0;0;1;1;-26,17288662;-49,85509872;"SPRF-SC";"DEL06-SC";"UOP01-DEL06-SC"
352834;2021-04-19;"segunda-feira";"19:40:00";"PR";476;160,9;"ARAUCARIA";"Transitar na contramão";"Colisão frontal";"Com Vítimas Fatais";"Plena Noite";"Crescente";"Céu Claro";"Simples";"Reta";"Não";3;2;1;0;0;0;1;3;-25,619013;-49,440125;"SPRF-PR";"DEL01-PR";"UOP03-DEL01-PR"
352835;2021-04-19;"segunda-feira";"19:35:00";"RN";406;171;"SAO GONCALO DO AMARANTE";"Reação tardia ou ineficiente do condutor";"Queda de ocupante de veículo";"Com Vítimas Feridas";"Plena Noite";"Decrescente";"Céu Claro";"Dupla";"Reta";"Sim";1;0;1;0;0;0;1;1;-5,76152097;-35,29151917;"SPRF-RN";"DEL02-RN";"UOP01-DEL02-RN"
352836;2021-04-19;"segunda-feira";"19:40:00";"PR";277;677;"MEDIANEIRA";"Ingestão de álcool pelo condutor";"Saída de leito carroçável";"Com Vítimas Fatais";"Plena Noite";"Decrescente";"Céu Claro";"Dupla";"Reta";"Não";1;1;0;0;0;0;0;1;-25,30758578;-54,14057014;"SPRF-PR";"DEL05-PR";"UOP01-DEL05-PR"
352837;2021-04-19;"segunda-feira";"19:50:00";"PB";230;12,4;"CABEDELO";"Manobra de mudança de faixa";"Colisão lateral mesmo sentido";"Com Vítimas Feridas";"Plena Noite";"Decrescente";"Céu Claro";"Dupla";"Retorno Regulamentado";"Sim";2;0;1;0;1;0;1;2;-7,068;-34,85;"SPRF-PB";"DEL01-PB";"UOP01-DEL01-PB"
352838;2021-04-19;"segunda-feira";"19:45:00";"AP";210;0;"MACAPA";"Reação tardia ou ineficiente do condutor";"Atropelamento de Pedestre";"Com Vítimas Feridas";"Anoitecer";"Decrescente";"Chuva";"Dupla";"Reta";"Sim";2;0;1;0;1;0;1;2;0,07780012;-51,06097;"SPRF-AP";"DEL01-AP";"UOP01-DEL01-AP"
352839;2021-04-19;"segunda-feira";"20:30:00";"GO";60;175,1;"ABADIA DE GOIAS";"Velocidade Incompatível";"Saída de leito carroçável";"Sem Vítimas";"Plena Noite";"Crescente";"Céu Claro";"Dupla";"Retorno Regulamentado";"Não";2;0;0;0;1;1;0;1;-16,7519;-49,4317;"SPRF-GO";"DEL01-GO";"UOP02-DEL01-GO"
352842;2021-04-19;"segunda-feira";"13:00:00";"MG";116;409,9;"GOVERNADOR VALADARES";"Conversão proibida";"Colisão transversal";"Com Vítimas Feridas";"Pleno dia";"Decrescente";"Nublado";"Dupla";"Reta";"Sim";2;0;0;1;1;0;1;2;-18,84936788;-41,97891368;"SPRF-MG";"DEL06-MG";"UOP01-DEL06-MG"
352843;2021-04-19;"segunda-feira";"21:00:00";"DF";20;15;"BRASILIA";"Ausência de reação do condutor";"Tombamento";"Com Vítimas Feridas";"Plena Noite";"Decrescente";"Céu Claro";"Dupla";"Reta";"Não";1;0;0;1;0;0;1;1;-15,630189;-47,733288;"SPRF-DF";"DEL02-DF";"UOP01-DEL02-DF"
352846;2021-04-19;"segunda-feira";"17:40:00";"AC";364;131;"RIO BRANCO";"Avarias e/ou desgaste excessivo no pneu";"Colisão com objeto";"Com Vítimas Feridas";"Anoitecer";"Crescente";"Nublado";"Dupla";"Curva";"Sim";3;0;2;0;1;0;2;2;-10,01594689;-67,84093848;"SPRF-AC";"DEL01-AC";"UOP01-DEL01-AC"
352849;2021-04-19;"segunda-feira";"20:50:00";"RS";287;276;"SAO PEDRO DO SUL";"Ingestão de álcool pelo condutor";"Colisão lateral mesmo sentido";"Sem Vítimas";"Plena Noite";"Crescente";"Céu Claro";"Simples";"Reta";"Não";3;0;0;0;3;0;0;2;-29,659796;-54,13522;"SPRF-RS";"DEL09-RS";"UOP01-DEL09-RS"
352853;2021-04-19;"segunda-feira";"22:10:00";"ES";101;161;"LINHARES";"Iluminação deficiente";"Queda de ocupante de veículo";"Com Vítimas Feridas";"Plena Noite";"Crescente";"Chuva";"Simples";"Reta";"Não";1;0;1;0;0;0;1;1;-19,48358708;-40,11977894;"SPRF-ES";"DEL04-ES";"UOP01-DEL04-ES"
352857;2021-04-19;"segunda-feira";"20:05:00";"MA";222;677;"ACAILANDIA";"Manobra de mudança de faixa";"Colisão lateral mesmo sentido";"Com Vítimas Feridas";"Plena Noite";"Decrescente";"Vento";"Simples";"Reta";"Sim";2;0;0;1;1;0;1;2;-4,94746472;-47,47679017;"SPRF-MA";"DEL04-MA";"UOP03-DEL04-MA"
352858;2021-04-19;"segunda-feira";"23:00:00";"SP";116;328,8;"JUQUITIBA";"Iluminação deficiente";"Atropelamento de Pedestre";"Com Vítimas Fatais";"Plena Noite";"Crescente";"Garoa/Chuvisco";"Dupla";"Reta";"Não";2;1;0;0;0;1;0;2;-23,93652709;-47,08014299;"SPRF-SP";"DEL04-SP";"UOP01-DEL04-SP"
352859;2021-04-16;"sexta-feira";"10:20:00";"PA";316;125;"NOVA TIMBOTEUA";"Demais falhas mecânicas ou elétricas";"Saída de leito carroçável";"Com Vítimas Feridas";"Pleno dia";"Crescente";"Céu Claro";"Simples";"Reta";"Não";1;0;1;0;0;0;1;1;-1,30758413;-47,39115195;"SPRF-PA";"DEL01-PA";"UOP02-DEL01-PA"
352862;2021-04-19;"segunda-feira";"20:15:00";"SC";480;128,3;"CHAPECO";"Desrespeitar a preferência no cruzamento";"Colisão transversal";"Com Vítimas Feridas";"Plena Noite";"Crescente";"Céu Claro";"Simples";"Interseção de Vias";"Sim";2;0;0;1;1;0;1;2;-27,03994407;-52,63526386;"SPRF-SC";"DEL07-SC";"UOP01-DEL07-SC"
352863;2021-04-19;"segunda-feira";"23:20:00";"RJ";116;78;"TERESOPOLIS";"Reação tardia ou ineficiente do condutor";"Queda de ocupante de veículo";"Com Vítimas Feridas";"Plena Noite";"Decrescente";"Nublado";"Simples";"Reta";"Sim";1;0;1;0;0;0;1;1;-22,37408687;-42,95260496;"SPRF-RJ";"DEL04-RJ";"UOP01-DEL04-RJ"
352864;2021-04-19;"segunda-feira";"23:25:00";"SC";280;52,3;"GUARAMIRIM";"Acessar a via sem observar a presença dos outros veículos";"Colisão transversal";"Com Vítimas Feridas";"Plena Noite";"Crescente";"Garoa/Chuvisco";"Simples";"Reta";"Sim";3;0;1;0;2;0;1;2;-26,4757049;-48,98824;"SPRF-SC";"DEL03-SC";"UOP03-DEL03-SC"
352869;2021-04-19;"segunda-feira";"22:55:00";"BA";324;606;"SIMOES FILHO";"Ingestão de álcool pelo condutor";"Capotamento";"Com Vítimas Feridas";"Plena Noite";"Crescente";"Céu Claro";"Dupla";"Reta";"Sim";1;0;1;0;0;0;1;1;-12,79340512;-38,40485325;"SPRF-BA";"DEL01-BA";"UOP01-DEL01-BA"
352874;2021-04-20;"terça-feira";"02:20:00";"BA";20;144;"SAO DESIDERIO";"Chuva";"Colisão com objeto";"Com Vítimas Fatais";"Plena Noite";"Decrescente";"Chuva";"Simples";"Declive;Curva";"Não";24;1;18;1;4;0;19;1;-12,681598;-45,931777;"SPRF-BA";"DEL10-BA";"UOP01-DEL10-BA"
352876;2021-04-20;"terça-feira";"02:50:00";"SC";101;211,6;"PALHOCA";"Manobra de mudança de faixa";"Tombamento";"Sem Vítimas";"Plena Noite";"Decrescente";"Céu Claro";"Múltipla";"Em Obras";"Sim";1;0;0;0;0;1;0;1;-27,6239426;-48,65273952;"SPRF-SC";"DEL01-SC";"UOP02-DEL01-SC"
352886;2021-04-20;"terça-feira";"02:45:00";"PR";277;695,8;"SAO MIGUEL DO IGUACU";"Demais falhas mecânicas ou elétricas";"Incêndio";"Sem Vítimas";"Plena Noite";"Decrescente";"Céu Claro";"Dupla";"Reta;Declive";"Não";1;0;0;0;0;1;0;1;-25,38205385;-54,28673709;"SPRF-PR";"DEL05-PR";"UOP01-DEL05-PR"
352887;2021-04-20;"terça-feira";"06:25:00";"ES";101;270,4;"SERRA";"Manobra de mudança de faixa";"Colisão lateral mesmo sentido";"Com Vítimas Fatais";"Pleno dia";"Crescente";"Nublado";"Dupla";"Reta";"Sim";3;1;0;0;2;0;0;3;-20,22662056;-40,27075088;"SPRF-ES";"DEL02-ES";"UOP01-DEL02-ES"
352889;2021-04-20;"terça-feira";"06:45:00";"MG";40;550;"NOVA LIMA";"Condutor usando celular";"Colisão traseira";"Com Vítimas Feridas";"Pleno dia";"Crescente";"Céu Claro";"Múltipla";"Reta";"Não";2;0;1;0;1;0;1;2;-20,0477638;-43,96439441;"SPRF-MG";"DEL01-MG";"UOP02-DEL01-MG"
352891;2021-02-23;"terça-feira";"07:45:00";"SC";282;26,7;"SANTO AMARO DA IMPERATRIZ";"Acessar a via sem observar a presença dos outros veículos";"Colisão transversal";"Com Vítimas Feridas";"Pleno dia";"Decrescente";"Céu Claro";"Simples";"Reta";"Sim";3;0;1;1;1;0;2;2;-27,680267;-48,762482;"SPRF-SC";"DEL01-SC";"UOP03-DEL01-SC"
352894;2021-04-20;"terça-feira";"08:00:00";"SC";282;2;"FLORIANOPOLIS";"Condutor deixou de manter distância do veículo da frente";"Colisão traseira";"Sem Vítimas";"Pleno dia";"Decrescente";"Céu Claro";"Dupla";"Reta";"Sim";3;0;0;0;3;0;0;3;-27,603289;-48,590416;"SPRF-SC";"DEL01-SC";"UOP01-DEL01-SC"
352895;2021-04-20;"terça-feira";"07:45:00";"PE";101;55,8;"PAULISTA";"Reação tardia ou ineficiente do condutor";"Colisão traseira";"Com Vítimas Feridas";"Pleno dia";"Crescente";"Nublado";"Dupla";"Reta";"Não";2;0;1;0;1;0;1;2;-7,94806621;-34,9062148;"SPRF-PE";"DEL01-PE";"UOP02-DEL01-PE"
352897;2021-04-20;"terça-feira";"06:00:00";"MG";116;816;"ALEM PARAIBA";"Condutor Dormindo";"Saída de leito carroçável";"Com Vítimas Feridas";"Amanhecer";"Crescente";"Céu Claro";"Simples";"Aclive";"Não";3;0;3;0;0;0;3;1;-21,86902523;-42,67084185;"SPRF-MG";"DEL07-MG";"UOP01-DEL07-MG"
352899;2021-04-20;"terça-feira";"06:30:00";"BA";324;520;"FEIRA DE SANTANA";"Transitar no acostamento";"Atropelamento de Pedestre";"Com Vítimas Feridas";"Pleno dia";"Crescente";"Céu Claro";"Dupla";"Reta";"Sim";2;0;1;0;1;0;1;2;-12,27376054;-38,93366564;"SPRF-BA";"DEL01-BA";"UOP03-DEL01-BA"
352900;2021-04-20;"terça-feira";"08:30:00";"RS";470;223;"GARIBALDI";"Desrespeitar a preferência no cruzamento";"Colisão transversal";"Com Vítimas Feridas";"Pleno dia";"Decrescente";"Céu Claro";"Simples";"Declive;Retorno Regulamentado;Curva";"Sim";2;0;1;0;1;0;1;2;-29,22732643;-51,51616931;"SPRF-RS";"DEL06-RS";"UOP01-DEL06-RS"
352903;2021-04-20;"terça-feira";"08:30:00";"ES";101;267;"SERRA";"Entrada inopinada do pedestre";"Atropelamento de Pedestre";"Com Vítimas Feridas";"Pleno dia";"Crescente";"Sol";"Dupla";"Curva";"Não";2;0;2;0;0;0;2;2;-20,19930999;-40,26884609;"SPRF-ES";"DEL02-ES";"UOP01-DEL02-ES"
352906;2021-04-04;"domingo";"16:00:00";"PR";277;5;"FOZ DO IGUACU";"Desrespeitar a preferência no cruzamento";"Colisão transversal";"Com Vítimas Feridas";"Pleno dia";"Crescente";"Céu Claro";"Dupla";"Interseção de Vias";"Sim";2;0;1;0;1;0;1;2;-25,49472279;-54,58343625;"SPRF-PR";"DEL05-PR";"UOP03-DEL05-PR"
352907;2021-04-20;"terça-feira";"08:45:00";"SC";116;131,3;"SANTA CECILIA";"Velocidade Incompatível";"Capotamento";"Com Vítimas Feridas";"Pleno dia";"Crescente";"Céu Claro";"Simples";"Curva";"Não";1;0;1;0;0;0;1;1;-26,89968986;-50,43667825;"SPRF-SC";"DEL06-SC";"UOP02-DEL06-SC"
352909;2021-04-20;"terça-feira";"09:00:00";"RJ";465;0;"SEROPEDICA";"Acessar a via sem observar a presença dos outros veículos";"Incêndio";"Sem Vítimas";"Pleno dia";"Decrescente";"Céu Claro";"Simples";"Curva";"Sim";1;0;0;0;1;0;0;1;-22,71211419;-43,73351455;"SPRF-RJ";"DEL01-RJ";"UOP03-DEL01-RJ"
352910;2021-04-13;"terça-feira";"23:30:00";"RR";174;580;"BOA VISTA";"Pedestre andava na pista";"Atropelamento de Pedestre";"Com Vítimas Fatais";"Plena Noite";"Crescente";"Chuva";"Simples";"Reta";"Não";2;1;0;0;0;1;0;2;3,434722;-60,906258;"SPRF-RR";"DEL01-RR";"UOP01-DEL01-RR"
352913;2021-04-20;"terça-feira";"07:45:00";"RO";364;553;"ALTO PARAISO";"Demais falhas mecânicas ou elétricas";"Queda de ocupante de veículo";"Com Vítimas Feridas";"Pleno dia";"Crescente";"Nublado";"Simples";"Declive";"Não";2;0;1;0;1;0;1;1;-9,623247;-63,0728714;"SPRF-RO";"DEL03-RO";"UOP01-DEL03-RO"
352914;2021-04-20;"terça-feira";"10:20:00";"SP";116;205,3;"ARUJA";"Reação tardia ou ineficiente do condutor";"Engavetamento";"Com Vítimas Feridas";"Pleno dia";"Crescente";"Garoa/Chuvisco";"Múltipla";"Reta";"Sim";4;0;2;0;2;0;2;3;-23,41552501;-46,36865616;"SPRF-SP";"DEL01-SP";"UOP01-DEL01-SP"
352916;2021-04-20;"terça-feira";"10:40:00";"CE";116;19;"EUSEBIO";"Acumulo de areia ou detritos sobre o pavimento";"Tombamento";"Com Vítimas Feridas";"Pleno dia";"Decrescente";"Céu Claro";"Simples";"Retorno Regulamentado";"Não";2;0;2;0;0;0;2;1;-3,91915128;-38,50725401;"SPRF-CE";"DEL01-CE";"UOP02-DEL01-CE"
352917;2021-04-20;"terça-feira";"08:45:00";"MA";402;7;"ROSARIO";"Manobra de mudança de faixa";"Colisão traseira";"Com Vítimas Feridas";"Pleno dia";"Crescente";"Sol";"Simples";"Reta";"Sim";2;0;1;0;1;0;1;2;-2,946087;-44,267559;"SPRF-MA";"DEL01-MA";"UOP01-DEL01-MA"
352918;2021-04-20;"terça-feira";"09:30:00";"PE";101;88;"JABOATAO DOS GUARARAPES";"Chuva";"Colisão transversal";"Com Vítimas Feridas";"Pleno dia";"Crescente";"Chuva";"Dupla";"Reta";"Sim";2;0;1;0;1;0;1;2;-8,19971387;-34,9785382;"SPRF-PE";"DEL01-PE";"UOP01-DEL01-PE"
352920;2021-04-20;"terça-feira";"10:45:00";"MG";262;359;"JUATUBA";"Condutor Dormindo";"Saída de leito carroçável";"Com Vítimas Feridas";"Pleno dia";"Decrescente";"Céu Claro";"Dupla";"Reta";"Não";1;0;1;0;0;0;1;1;-19,97853835;-44,25456619;"SPRF-MG";"DEL01-MG";"UOP03-DEL01-MG"
352924;2021-04-20;"terça-feira";"11:00:00";"RJ";116;175;"NOVA IGUACU";"Demais falhas mecânicas ou elétricas";"Incêndio";"Sem Vítimas";"Pleno dia";"Decrescente";"Céu Claro";"Dupla";"Reta";"Sim";1;0;0;0;1;0;0;1;-22,78923555;-43,37275272;"SPRF-RJ";"DEL01-RJ";"UOP02-DEL01-RJ"
352925;2021-04-20;"terça-feira";"11:57:00";"RJ";465;21;"NOVA IGUACU";"Velocidade Incompatível";"Colisão lateral sentido oposto";"Com Vítimas Feridas";"Pleno dia";"Crescente";"Céu Claro";"Simples";"Reta";"Sim";2;0;1;0;1;0;1;2;-22,854782;-43,601933;"SPRF-RJ";"DEL03-RJ";"UOP01-DEL03-RJ"
352927;2021-04-20;"terça-feira";"12:21:00";"RN";101;99;"NATAL";"Condutor deixou de manter distância do veículo da frente";"Colisão traseira";"Com Vítimas Feridas";"Pleno dia";"Decrescente";"Céu Claro";"Múltipla";"Reta";"Sim";2;0;1;0;1;0;1;2;-5,87359183;-35,22063023;"SPRF-RN";"DEL01-RN";"UOP01-DEL01-RN"
352928;2021-04-20;"terça-feira";"12:25:00";"RS";116;149;"CAXIAS DO SUL";"Pedestre cruzava a pista fora da faixa";"Atropelamento de Pedestre";"Com Vítimas Feridas";"Pleno dia";"Decrescente";"Céu Claro";"Múltipla";"Curva";"Sim";2;0;1;0;1;0;1;2;-29,15996905;-51,15645292;"SPRF-RS";"DEL05-RS";"UOP01-DEL05-RS"
352929;2021-03-31;"quarta-feira";"11:10:00";"PE";104;27;"TORITAMA";"Manobra de mudança de faixa";"Colisão frontal";"Com Vítimas Feridas";"Pleno dia";"Decrescente";"Céu Claro";"Simples";"Reta";"Sim";2;0;0;1;1;0;1;2;-8,0051;-36,0804;"SPRF-PE";"DEL02-PE";"UOP01-DEL02-PE"
352931;2021-04-20;"terça-feira";"11:40:00";"SP";116;299;"SAO LOURENCO DA SERRA";"Pista Escorregadia";"Capotamento";"Com Vítimas Feridas";"Pleno dia";"Decrescente";"Chuva";"Dupla";"Curva";"Não";1;0;1;0;0;0;1;1;-23,79881101;-46,91523899;"SPRF-SP";"DEL04-SP";"UOP01-DEL04-SP"
352933;2021-03-11;"quinta-feira";"07:20:00";"RO";364;13,8;"VILHENA";"Velocidade Incompatível";"Colisão transversal";"Com Vítimas Feridas";"Pleno dia";"Crescente";"Céu Claro";"Simples";"Reta";"Sim";2;0;0;1;1;0;1;2;-12,74140004;-60,13026401;"SPRF-RO";"DEL04-RO";"UOP01-DEL04-RO"
352934;2021-03-27;"sábado";"15:10:00";"SC";101;123;"ITAJAI";"Desrespeitar a preferência no cruzamento";"Colisão transversal";"Com Vítimas Feridas";"Pleno dia";"Crescente";"Céu Claro";"Múltipla";"Rotatória";"Sim";2;0;1;0;1;0;1;2;-26,93668609;-48,69876905;"SPRF-SC";"DEL04-SC";"UOP04-DEL04-SC"
352935;2021-04-04;"domingo";"18:40:00";"SP";381;58;"MAIRIPORA";"Condutor deixou de manter distância do veículo da frente";"Colisão traseira";"Com Vítimas Feridas";"Anoitecer";"Crescente";"Céu Claro";"Dupla";"Curva";"Não";6;0;2;0;4;0;2;2;-23,27438497;-46,58530615;"SPRF-SP";"DEL03-SP";"UOP01-DEL03-SP"
352936;2021-04-20;"terça-feira";"12:50:00";"SC";470;134,3;"RIO DO SUL";"Deficiência do Sistema de Iluminação/Sinalização";"Colisão traseira";"Com Vítimas Feridas";"Pleno dia";"Crescente";"Sol";"Simples";"Ponte";"Sim";2;0;0;1;1;0;1;2;-27,181854;-49,600128;"SPRF-SC";"DEL04-SC";"UOP02-DEL04-SC"
352937;2021-04-20;"terça-feira";"13:20:00";"SC";101;322;"PESCARIA BRAVA";"Ausência de reação do condutor";"Saída de leito carroçável";"Com Vítimas Feridas";"Pleno dia";"Crescente";"Sol";"Dupla";"Reta";"Não";3;0;3;0;0;0;3;1;-28,42491971;-48,90238108;"SPRF-SC";"DEL02-SC";"UOP01-DEL02-SC"
352938;2021-04-20;"terça-feira";"12:55:00";"RS";290;51,9;"GLORINHA";"Manobra de mudança de faixa";"Colisão traseira";"Com Vítimas Feridas";"Pleno dia";"Decrescente";"Nublado";"Dupla";"Reta";"Não";4;0;1;0;3;0;1;2;-29,909935;-50,767315;"SPRF-RS";"DEL03-RS";"UOP01-DEL03-RS"