"id";"data_inversa";"dia_semana";"horario";"uf";"br";"km";"municipio";"causa_acidente";"tipo_acidente";"classificacao_acidente";"fase_dia";"sentido_via";"condicao_metereologica";"tipo_pista";"tracado_via";"uso_solo";"pessoas";"mortos";"feridos_leves";"feridos_graves";"ilesos";"ignorados";"feridos";"veiculos";"latitude";"longitude";"regional";"delegacia";"uop"
353052;2021-04-20;"terça-feira";"23:40:00";"RJ";116;178,2;"BELFORD ROXO";"Pista Escorregadia";"Queda de ocupante de veículo";"Com Vítimas Feridas";"Plena Noite";"Crescente";"Nublado";"Dupla";"Reta";"Sim";2;0;0;1;1;0;1;2;-22,77496393;-43,40081465;"SPRF-RJ";"DEL01-RJ";"UOP02-DEL01-RJ"
353053;2021-04-21;"quarta-feira";"00:15:00";"SP";116;512;"CAJATI";"Acumulo de óleo sobre o pavimento";"Queda de ocupante de veículo";"Com Vítimas Feridas";"Plena Noite";"Decrescente";"Céu Claro";"Simples";"Curva";"Não";1;0;0;1;0;0;1;1;-24,84304306;-48,22027915;"SPRF-SP";"DEL05-SP";"UOP02-DEL05-SP"
353057;2021-04-20;"terça-feira";"19:40:00";"BA";324;596;"SIMOES FILHO";"Chuva";"Atropelamento de Pedestre";"Com Vítimas Feridas";"Plena Noite";"Decrescente";"Chuva";"Dupla";"Reta";"Não";2;0;0;1;0;1;1;2;-12,72003796;-38,45130588;"SPRF-BA";"DEL01-BA";"UOP01-DEL01-BA"
353060;2021-04-21;"quarta-feira";"02:50:00";"RJ";101;332;"RIO DE JANEIRO";"Transitar na contramão";"Colisão lateral sentido oposto";"Com Vítimas Feridas";"Plena Noite";"Decrescente";"Chuva";"Dupla";"Reta";"Sim";2;0;1;0;1;0;1;2;-22,87133305;-43,20407695;"SPRF-RJ";"DEL02-RJ";"UOP02-DEL02-RJ"
353067;2021-04-21;"quarta-feira";"05:00:00";"RO";364;198;"PIMENTA BUENO";"Afundamento ou ondulação no pavimento";"Tombamento";"Com Vítimas Feridas";"Plena Noite";"Crescente";"Céu Claro";"Simples";"Viaduto";"Sim";1;0;1;0;0;0;1;1;-11,667713;-61,191973;"SPRF-RO";"DEL02-RO";"UOP02-DEL02-RO"
353069;2021-04-21;"quarta-feira";"05:00:00";"CE";116;158,7;"RUSSAS";"Condutor deixou de manter distância do veículo da frente";"Colisão traseira";"Com Vítimas Fatais";"Amanhecer";"Crescente";"Chuva";"Simples";"Reta";"Sim";3;1;1;0;1;0;1;2;-4,89917199;-38,00907599;"SPRF-CE";"DEL03-CE";"UOP01-DEL03-CE"
353070;2021-04-21;"quarta-feira";"05:15:00";"PR";277;686;"SAO MIGUEL DO IGUACU";"Ingestão de álcool pelo condutor";"Saída de leito carroçável";"Com Vítimas Feridas";"Amanhecer";"Crescente";"Céu Claro";"Dupla";"Reta";"Não";1;0;1;0;0;0;1;1;-25,33975596;-54,21578002;"SPRF-PR";"DEL05-PR";"UOP01-DEL05-PR"
353073;2021-04-21;"quarta-feira";"06:00:00";"RO";364;8,8;"VILHENA";"Velocidade Incompatível";"Colisão frontal";"Com Vítimas Fatais";"Pleno dia";"Decrescente";"Céu Claro";"Simples";"Curva";"Sim";3;1;0;1;0;1;1;3;-12,76679409;-60,09631128;"SPRF-RO";"DEL04-RO";"UOP01-DEL04-RO"
353074;2021-04-20;"terça-feira";"22:30:00";"SP";116;172;"JACAREI";"Objeto estático sobre o leito carroçável";"Colisão com objeto";"Sem Vítimas";"Plena Noite";"Crescente";"Céu Claro";"Dupla";"Reta";"Não";1;0;0;0;1;0;0;1;-23,31527532;-46,07231796;"SPRF-SP";"DEL02-SP";"UOP01-DEL02-SP"
353076;2021-04-21;"quarta-feira";"06:40:00";"GO";153;513,6;"APARECIDA DE GOIANIA";"Reação tardia ou ineficiente do condutor";"Colisão traseira";"Com Vítimas Feridas";"Pleno dia";"Decrescente";"Céu Claro";"Dupla";"Reta";"Sim";2;0;0;1;1;0;1;2;-16,8244;-49,2421;"SPRF-GO";"DEL01-GO";"UOP03-DEL01-GO"
353080;2021-04-21;"quarta-feira";"08:00:00";"SC";101;179,6;"GOVERNADOR CELSO RAMOS";"Acumulo de água sobre o pavimento";"Tombamento";"Com Vítimas Feridas";"Pleno dia";"Crescente";"Chuva";"Dupla";"Reta";"Não";1;0;1;0;0;0;1;1;-27,37281717;-48,63322708;"SPRF-SC";"DEL01-SC";"UOP01-DEL01-SC"
353082;2021-03-08;"segunda-feira";"15:20:00";"SC";280;48,3;"GUARAMIRIM";"Desrespeitar a preferência no cruzamento";"Colisão transversal";"Com Vítimas Fatais";"Pleno dia";"Decrescente";"Céu Claro";"Simples";"Declive";"Sim";3;1;0;0;2;0;0;2;-26,4560548;-48,9301548;"SPRF-SC";"DEL03-SC";"UOP03-DEL03-SC"
353083;2021-04-21;"quarta-feira";"07:35:00";"SP";116;561,8;"BARRA DO TURVO";"Pista Escorregadia";"Colisão com objeto";"Com Vítimas Feridas";"Pleno dia";"Crescente";"Garoa/Chuvisco";"Dupla";"Curva";"Não";5;0;5;0;0;0;5;1;-25,0244161;-48,51819992;"SPRF-SP";"DEL05-SP";"UOP02-DEL05-SP"
353085;2021-04-21;"quarta-feira";"08:40:00";"PR";277;586,4;"CASCAVEL";"Objeto estático sobre o leito carroçável";"Queda de ocupante de veículo";"Com Vítimas Feridas";"Pleno dia";"Crescente";"Céu Claro";"Simples";"Declive";"Sim";1;0;1;0;0;0;1;1;-24,9649472;-53,4210459;"SPRF-PR";"DEL04-PR";"UOP01-DEL04-PR"
353086;2021-04-21;"quarta-feira";"05:30:00";"RJ";101;288;"ITABORAI";"Iluminação deficiente";"Colisão traseira";"Com Vítimas Feridas";"Amanhecer";"Decrescente";"Chuva";"Dupla";"Reta";"Não";2;0;0;1;1;0;1;2;-22,76274717;-42,8489542;"SPRF-RJ";"DEL02-RJ";"UOP03-DEL02-RJ"
353091;2021-04-21;"quarta-feira";"06:15:00";"SC";280;105;"SAO BENTO DO SUL";"Velocidade Incompatível";"Saída de leito carroçável";"Com Vítimas Fatais";"Amanhecer";"Crescente";"Garoa/Chuvisco";"Simples";"Curva;Aclive";"Não";3;2;1;0;0;0;1;1;-26,344034;-49,3757161;"SPRF-SC";"DEL06-SC";"UOP03-DEL06-SC"
353092;2021-04-21;"quarta-feira";"08:50:00";"RJ";116;95;"GUAPIMIRIM";"Manobra de mudança de faixa";"Colisão frontal";"Com Vítimas Feridas";"Pleno dia";"Crescente";"Nublado";"Simples";"Curva";"Não";3;0;1;0;2;0;1;2;-22,47374702;-43,00117923;"SPRF-RJ";"DEL04-RJ";"UOP02-DEL04-RJ"
353094;2021-04-21;"quarta-feira";"08:40:00";"MG";116;704,8;"MURIAE";"Condutor deixou de manter distância do veículo da frente";"Colisão traseira";"Com Vítimas Feridas";"Pleno dia";"Decrescente";"Céu Claro";"Simples";"Reta";"Sim";2;0;1;0;1;0;1;2;-21,13416858;-42,38722798;"SPRF-MG";"DEL07-MG";"UOP02-DEL07-MG"
353095;2021-04-21;"quarta-feira";"09:33:00";"PR";116;89;"PIRAQUARA";"Condutor Dormindo";"Colisão com objeto";"Com Vítimas Feridas";"Pleno dia";"Crescente";"Nublado";"Dupla";"Reta";"Não";1;0;1;0;0;0;1;1;-25,45428705;-49,08817119;"SPRF-PR";"DEL01-PR";"UOP01-DEL01-PR"
353097;2021-04-21;"quarta-feira";"09:00:00";"GO";153;531,8;"HIDROLANDIA";"Mal súbito do condutor";"Colisão com objeto";"Com Vítimas Feridas";"Pleno dia";"Crescente";"Céu Claro";"Dupla";"Reta";"Não";1;0;0;1;0;0;1;1;-16,9761;-49,2302;"SPRF-GO";"DEL01-GO";"UOP03-DEL01-GO"
353098;2021-02-13;"sábado";"19:10:00";"MT";163;746;"SORRISO";"Iluminação deficiente";"Queda de ocupante de veículo";"Com Vítimas Feridas";"Plena Noite";"Crescente";"Chuva";"Dupla";"Reta";"Sim";1;0;1;0;0;0;1;1;-12,7007392;-55,81389079;"SPRF-MT";"DEL06-MT";"UOP01-DEL06-MT"
353102;2021-04-21;"quarta-feira";"07:39:00";"PR";277;37,5;"MORRETES";"Velocidade Incompatível";"Queda de ocupante de veículo";"Com Vítimas Feridas";"Pleno dia";"Decrescente";"Garoa/Chuvisco";"Dupla";"Curva";"Não";1;0;1;0;0;0;1;1;-25,56011566;-48,81439895;"SPRF-PR";"DEL01-PR";"UOP05-DEL01-PR"
353103;2021-04-21;"quarta-feira";"08:15:00";"PB";412;138,1;"MONTEIRO";"Manobra de mudança de faixa";"Colisão transversal";"Com Vítimas Feridas";"Pleno dia";"Crescente";"Céu Claro";"Simples";"Aclive";"Não";2;0;0;1;1;0;1;2;-7,852162;-37,074505;"SPRF-PB";"DEL02-PB";"UOP02-DEL02-PB"
353105;2021-04-21;"quarta-feira";"10:30:00";"RJ";40;91;"PETROPOLIS";"Chuva";"Saída de leito carroçável";"Com Vítimas Fatais";"Pleno dia";"Crescente";"Chuva";"Simples";"Curva";"Não";2;2;0;0;0;0;0;1;-22,54903566;-43,24229724;"SPRF-RJ";"DEL06-RJ";"UOP01-DEL06-RJ"
353106;2021-04-21;"quarta-feira";"10:35:00";"SC";101;192,7;"BIGUACU";"Pista Escorregadia";"Colisão com objeto";"Com Vítimas Feridas";"Pleno dia";"Decrescente";"Garoa/Chuvisco";"Dupla";"Reta";"Não";1;0;1;0;0;0;1;1;-27,48443781;-48,64765238;"SPRF-SC";"DEL01-SC";"UOP01-DEL01-SC"
353107;2021-04-21;"quarta-feira";"10:30:00";"ES";101;276;"SERRA";"Acessar a via sem observar a presença dos outros veículos";"Colisão transversal";"Sem Vítimas";"Pleno dia";"Crescente";"Céu Claro";"Dupla";"Reta";"Não";2;0;0;0;1;1;0;2;-20,20788726;-40,3133509;"SPRF-ES";"DEL02-ES";"UOP01-DEL02-ES"
353112;2021-04-21;"quarta-feira";"11:15:00";"RS";116;318;"BARRA DO RIBEIRO";"Chuva";"Saída de leito carroçável";"Com Vítimas Feridas";"Pleno dia";"Decrescente";"Garoa/Chuvisco";"Dupla";"Reta";"Não";2;0;1;0;1;0;1;1;-30,27278604;-51,40935988;"SPRF-RS";"DEL02-RS";"UOP01-DEL02-RS"
353113;2021-04-21;"quarta-feira";"10:55:00";"SC";101;323;"LAGUNA";"Acumulo de água sobre o pavimento";"Colisão com objeto";"Com Vítimas Feridas";"Pleno dia";"Decrescente";"Chuva";"Dupla";"Viaduto";"Sim";2;0;2;0;0;0;2;1;-28,42789556;-48,91248313;"SPRF-SC";"DEL02-SC";"UOP01-DEL02-SC"
353115;2021-04-21;"quarta-feira";"12:00:00";"RS";386;376,2;"PAVERAMA";"Condutor deixou de manter distância do veículo da frente";"Colisão traseira";"Com Vítimas Feridas";"Pleno dia";"Decrescente";"Céu Claro";"Simples";"Reta";"Não";3;0;1;0;2;0;1;2;-29,616631;-51,78643;"SPRF-RS";"DEL04-RS";"UOP02-DEL04-RS"
353116;2021-04-21;"quarta-feira";"10:45:00";"RN";101;112;"SAO JOSE DE MIPIBU";"Demais falhas mecânicas ou elétricas";"Tombamento";"Com Vítimas Feridas";"Pleno dia";"Crescente";"Sol";"Dupla";"Aclive";"Sim";2;0;2;0;0;0;2;1;-5,96429;-35,264877;"SPRF-RN";"DEL01-RN";"UOP01-DEL01-RN"
353117;2021-04-21;"quarta-feira";"11:40:00";"PR";476;140;"CURITIBA";"Reação tardia ou ineficiente do condutor";"Colisão lateral mesmo sentido";"Com Vítimas Feridas";"Pleno dia";"Crescente";"Nublado";"Múltipla";"Reta";"Sim";2;0;1;0;1;0;1;2;-25,520693;-49,294121;"SPRF-PR";"DEL01-PR";"UOP03-DEL01-PR"
353118;2021-04-21;"quarta-feira";"11:00:00";"MG";381;801,6;"SAO GONCALO DO SAPUCAI";"Frear bruscamente";"Queda de ocupante de veículo";"Com Vítimas Feridas";"Pleno dia";"Crescente";"Céu Claro";"Dupla";"Curva";"Não";2;0;1;0;0;1;1;2;-21,98436367;-45,64717924;"SPRF-MG";"DEL16-MG";"UOP02-DEL16-MG"
353121;2021-04-15;"quinta-feira";"16:20:00";"MS";267;29,7;"BATAGUASSU";"Velocidade Incompatível";"Tombamento";"Com Vítimas Feridas";"Pleno dia";"Crescente";"Céu Claro";"Dupla";"Retorno Regulamentado";"Sim";1;0;0;1;0;0;1;1;-21,72061343;-52,41605043;"SPRF-MS";"DEL02-MS";"UOP04-DEL02-MS"
353123;2021-04-21;"quarta-feira";"13:00:00";"DF";40;1,5;"BRASILIA";"Velocidade Incompatível";"Queda de ocupante de veículo";"Com Vítimas Feridas";"Pleno dia";"Decrescente";"Céu Claro";"Dupla";"Reta";"Sim";3;0;2;0;1;0;2;2;-15,985532;-47,987747;"SPRF-DF";"DEL01-DF";"UOP01-DEL01-DF"
353126;2021-04-03;"sábado";"15:35:00";"PB";230;507,7;"CAJAZEIRAS";"Transitar na contramão";"Colisão frontal";"Com Vítimas Feridas";"Pleno dia";"Crescente";"Céu Claro";"Simples";"Reta";"Sim";6;0;3;1;0;2;4;3;-6,9001;-38,5703;"SPRF-PB";"DEL03-PB";"UOP03-DEL03-PB"
353127;2021-04-21;"quarta-feira";"11:45:00";"MG";116;304,9;"ITAMBACURI";"Curva acentuada";"Tombamento";"Com Vítimas Fatais";"Pleno dia";"Crescente";"Céu Claro";"Simples";"Curva";"Não";1;1;0;0;0;0;0;1;-18,02424603;-41,64791895;"SPRF-MG";"DEL11-MG";"UOP01-DEL11-MG"
353128;2021-04-21;"quarta-feira";"13:35:00";"RS";290;445,3;"SAO GABRIEL";"Avarias e/ou desgaste excessivo no pneu";"Saída de leito carroçável";"Com Vítimas Feridas";"Pleno dia";"Crescente";"Céu Claro";"Simples";"Reta";"Não";2;0;0;2;0;0;2;1;-30,2613064;-54,5130779;"SPRF-RS";"DEL11-RS";"UOP02-DEL11-RS"
353129;2021-04-21;"quarta-feira";"12:45:00";"MS";376;67;"GLORIA DE DOURADOS";"Velocidade Incompatível";"Tombamento";"Com Vítimas Feridas";"Pleno dia";"Decrescente";"Céu Claro";"Simples";"Reta";"Sim";1;0;0;1;0;0;1;1;-22,40101119;-54,22338257;"SPRF-MS";"DEL04-MS";"UOP04-DEL04-MS"
353133;2021-04-21;"quarta-feira";"14:30:00";"RS";293;11,3;"CAPAO DO LEAO";"Acumulo de areia ou detritos sobre o pavimento";"Tombamento";"Com Vítimas Feridas";"Pleno dia";"Decrescente";"Chuva";"Simples";"Rotatória";"Não";1;0;1;0;0;0;1;1;-31,75557689;-52,43089004;"SPRF-RS";"DEL07-RS";"UOP01-DEL07-RS"
353134;2021-04-21;"quarta-feira";"14:30:00";"PR";116;7,9;"CAMPINA GRANDE DO SUL";"Velocidade Incompatível";"Colisão com objeto";"Com Vítimas Feridas";"Pleno dia";"Crescente";"Chuva";"Dupla";"Curva";"Não";3;0;1;0;2;0;1;1;-25,08235366;-48,61499799;"SPRF-PR";"DEL01-PR";"UOP02-DEL01-PR"
353135;2021-04-21;"quarta-feira";"12:31:00";"SC";101;367;"ICARA";"Velocidade Incompatível";"Colisão com objeto";"Com Vítimas Feridas";"Pleno dia";"Decrescente";"Chuva";"Dupla";"Curva";"Não";1;0;0;1;0;0;1;1;-28,69698735;-49,17617798;"SPRF-SC";"DEL02-SC";"UOP01-DEL02-SC"
353136;2021-04-21;"quarta-feira";"14:30:00";"SC";101;192,3;"BIGUACU";"Pista Escorregadia";"Colisão com objeto";"Com Vítimas Feridas";"Pleno dia";"Crescente";"Nublado";"Múltipla";"Curva";"Não";1;0;1;0;0;0;1;1;-27,48443781;-48,64765238;"SPRF-SC";"DEL01-SC";"UOP01-DEL01-SC"
353137;2021-04-21;"quarta-feira";"15:00:00";"SC";101;192;"BIGUACU";"Demais falhas mecânicas ou elétricas";"Colisão traseira";"Sem Vítimas";"Pleno dia";"Crescente";"Nublado";"Múltipla";"Curva";"Sim";2;0;0;0;2;0;0;2;-27,489574;-48,655914;"SPRF-SC";"DEL01-SC";"UOP01-DEL01-SC"
353139;2021-01-23;"sábado";"18:30:00";"MG";365;753,9;"ITUIUTABA";"Ultrapassagem Indevida";"Colisão frontal";"Com Vítimas Fatais";"Anoitecer";"Decrescente";"Sol";"Simples";"Aclive";"Sim";5;1;0;2;0;2;2;3;-18,96479108;-49,48122025;"SPRF-MG";"DEL15-MG";"UOP03-DEL15-MG"
353143;2021-04-21;"quarta-feira";"14:20:00";"TO";153;735,8;"FIGUEIROPOLIS";"Reação tardia ou ineficiente do condutor";"Colisão lateral mesmo sentido";"Com Vítimas Feridas";"Pleno dia";"Crescente";"Céu Claro";"Simples";"Declive";"Não";4;0;3;0;1;0;3;2;-12,253217;-49,15904193;"SPRF-TO";"DEL01-TO";"UOP02-DEL01-TO"
353145;2021-04-21;"quarta-feira";"15:30:00";"BA";324;556;"AMELIA RODRIGUES";"Reação tardia ou ineficiente do condutor";"Saída de leito carroçável";"Com Vítimas Feridas";"Pleno dia";"Crescente";"Chuva";"Dupla";"Reta";"Não";4;0;2;0;2;0;2;1;-12,47106487;-38,6824229;"SPRF-BA";"DEL01-BA";"UOP03-DEL01-BA"
353147;2021-04-21;"quarta-feira";"16:20:00";"CE";222;0,9;"FORTALEZA";"Condutor deixou de manter distância do veículo da frente";"Colisão traseira";"Com Vítimas Feridas";"Pleno dia";"Crescente";"Céu Claro";"Múltipla";"Interseção de Vias";"Sim";3;0;2;0;1;0;2;2;-3,7367737;-38,56923;"SPRF-CE";"DEL01-CE";"UOP01-DEL01-CE"
353150;2021-04-21;"quarta-feira";"16:55:00";"SP";116;212;"GUARULHOS";"Condutor deixou de manter distância do veículo da frente";"Colisão lateral mesmo sentido";"Com Vítimas Feridas";"Pleno dia";"Decrescente";"Céu Claro";"Simples";"Reta";"Não";2;0;1;0;1;0;1;2;-23,43608315;-46,42805094;"SPRF-SP";"DEL01-SP";"UOP01-DEL01-SP"
353151;2021-04-21;"quarta-feira";"15:53:00";"MG";381;537;"ITATIAIUCU";"Reação tardia ou ineficiente do condutor";"Saída de leito carroçável";"Com Vítimas Feridas";"Pleno dia";"Decrescente";"Céu Claro";"Múltipla";"Reta";"Não";4;0;2;0;2;0;2;1;-20,23206636;-44,39955388;"SPRF-MG";"DEL04-MG";"UOP03-DEL04-MG"
353152;2021-04-21;"quarta-feira";"16:45:00";"RS";116;211,8;"MORRO REUTER";"Ingestão de álcool pelo condutor";"Colisão frontal";"Sem Vítimas";"Pleno dia";"Crescente";"Sol";"Simples";"Curva";"Sim";3;0;0;0;2;1;0;3;-29,51873393;-51,09415299;"SPRF-RS";"DEL05-RS";"UOP02-DEL05-RS"
353153;2021-04-21;"quarta-feira";"14:30:00";"AM";174;901;"MANAUS";"Velocidade Incompatível";"Saída de leito carroçável";"Com Vítimas Feridas";"Pleno dia";"Decrescente";"Sol";"Simples";"Reta";"Não";3;0;0;3;0;0;3;1;-2,8257079806;-60,0347418531;"SPRF-AM";"DEL01-AM";"UOP01-DEL01-AM"
353154;2021-02-19;"sexta-feira";"09:38:00";"RS";386;352,7;"ESTRELA";"Acessar a via sem observar a presença dos outros veículos";"Colisão transversal";"Com Vítimas Feridas";"Pleno dia";"Crescente";"Céu Claro";"Dupla";"Retorno Regulamentado";"Sim";2;0;0;1;1;0;1;2;-29,491436;-51,95174;"SPRF-RS";"DEL04-RS";"UOP02-DEL04-RS"
353155;2021-04-21;"quarta-feira";"17:00:00";"SP";116;228;"SAO PAULO";"Manobra de mudança de faixa";"Colisão lateral mesmo sentido";"Sem Vítimas";"Anoitecer";"Decrescente";"Nublado";"Múltipla";"Reta";"Sim";2;0;0;0;2;0;0;2;-23,50343484;-46,56638712;"SPRF-SP";"DEL01-SP";"UOP01-DEL01-SP"
353156;2021-04-21;"quarta-feira";"17:27:00";"RN";101;112;"SAO JOSE DE MIPIBU";"Acessar a via sem observar a presença dos outros veículos";"Colisão transversal";"Com Vítimas Feridas";"Plena Noite";"Crescente";"Céu Claro";"Dupla";"Reta";"Não";2;0;0;1;1;0;1;2;-5,96429;-35,264877;"SPRF-RN";"DEL01-RN";"UOP01-DEL01-RN"
353157;2021-04-21;"quarta-feira";"17:10:00";"SP";381;90;"GUARULHOS";"Reação tardia ou ineficiente do condutor";"Colisão traseira";"Com Vítimas Feridas";"Anoitecer";"Crescente";"Céu Claro";"Múltipla";"Reta;Interseção de Vias";"Sim";3;0;1;0;2;0;1;2;-23,49479479;-46,55959864;"SPRF-SP";"DEL03-SP";"UOP01-DEL03-SP"
353159;2021-04-21;"quarta-feira";"15:35:00";"RJ";40;122;"DUQUE DE CAXIAS";"Animais na Pista";"Atropelamento de Animal";"Com Vítimas Feridas";"Pleno dia";"Crescente";"Chuva";"Múltipla";"Reta";"Sim";1;0;1;0;0;0;1;1;-22,79083113;-43,28611569;"SPRF-RJ";"DEL01-RJ";"UOP01-DEL01-RJ"
353160;2021-04-21;"quarta-feira";"17:25:00";"SC";101;25;"JOINVILLE";"Manobra de mudança de faixa";"Colisão com objeto";"Com Vítimas Feridas";"Anoitecer";"Decrescente";"Céu Claro";"Dupla";"Curva";"Não";2;0;0;2;0;0;2;1;-26,1834739;-48,9105912;"SPRF-SC";"DEL03-SC";"UOP01-DEL03-SC"
353162;2021-04-21;"quarta-feira";"09:45:00";"RJ";40;91;"PETROPOLIS";"Chuva";"Saída de leito carroçável";"Com Vítimas Feridas";"Pleno dia";"Crescente";"Chuva";"Simples";"Curva";"Não";2;0;2;0;0;0;2;1;-22,54903566;-43,24229724;"SPRF-RJ";"DEL06-RJ";"UOP01-DEL06-RJ"
353163;2021-04-21;"quarta-feira";"17:00:00";"MS";158;99,1;"PARANAIBA";"Acostamento em desnível";"Tombamento";"Com Vítimas Feridas";"Anoitecer";"Decrescente";"Céu Claro";"Simples";"Reta";"Não";1;0;1;0;0;0;1;1;-19,70210533;-51,15879979;"SPRF-MS";"DEL08-MS";"UOP01-DEL08-MS"
353164;2021-04-21;"quarta-feira";"17:25:00";"MG";381;330;"NOVA ERA";"Velocidade Incompatível";"Colisão com objeto";"Com Vítimas Feridas";"Anoitecer";"Crescente";"Céu Claro";"Dupla";"Curva";"Não";2;0;1;0;1;0;1;2;-19,78715144;-43,05117784;"SPRF-MG";"DEL03-MG";"UOP01-DEL03-MG"
353165;2021-04-21;"quarta-feira";"17:20:00";"MG";116;524,5;"CARATINGA";"Ausência de reação do condutor";"Queda de ocupante de veículo";"Com Vítimas Feridas";"Anoitecer";"Crescente";"Nublado";"Simples";"Reta";"Sim";1;0;1;0;0;0;1;1;-19,76027352;-42,13398823;"SPRF-MG";"DEL06-MG";"UOP02-DEL06-MG"
353166;2021-04-21;"quarta-feira";"18:10:00";"SE";101;141;"ESTANCIA";"Chuva";"Atropelamento de Pedestre";"Com Vítimas Feridas";"Plena Noite";"Decrescente";"Chuva";"Dupla";"Reta";"Não";2;0;0;2;0;0;2;2;-11,18123293;-37,40130617;"SPRF-SE";"DEL02-SE";"UOP01-DEL02-SE"
353167;2021-04-21;"quarta-feira";"17:30:00";"SP";116;300;"SAO LOURENCO DA SERRA";"Curva acentuada";"Tombamento";"Com Vítimas Feridas";"Anoitecer";"Decrescente";"Garoa/Chuvisco";"Dupla";"Curva";"Não";1;0;0;1;0;0;1;1;-23,80425272;-46,92143625;"SPRF-SP";"DEL04-SP";"UOP01-DEL04-SP"
353168;2021-04-21;"quarta-feira";"18:30:00";"SE";235;64,4;"ITABAIANA";"Velocidade Incompatível";"Capotamento";"Sem Vítimas";"Plena Noite";"Crescente";"Nublado";"Simples";"Reta;Interseção de Vias";"Não";1;0;0;0;0;1;0;1;-10,59825792;-37,47886062;"SPRF-SE";"DEL01-SE";"UOP02-DEL01-SE"
353169;2021-04-21;"quarta-feira";"17:55:00";"PR";376;4,3;"SAO JOSE DOS PINHAIS";"Ausência de reação do condutor";"Capotamento";"Com Vítimas Feridas";"Anoitecer";"Crescente";"Nublado";"Dupla";"Curva";"Sim";1;0;1;0;0;0;1;1;-25,5307;-49,1958;"SPRF-PR";"DEL01-PR";"UOP01-DEL01-PR"
353172;2021-04-21;"quarta-feira";"18:10:00";"PE";232;408,5;"SERRA TALHADA";"Ausência de reação do condutor";"Tombamento";"Com Vítimas Feridas";"Plena Noite";"Decrescente";"Céu Claro";"Simples";"Interseção de Vias";"Sim";1;0;1;0;0;0;1;1;-7,98371447;-38,28047709;"SPRF-PE";"DEL04-PE";"UOP01-DEL04-PE"
353173;2021-04-21;"quarta-feira";"18:25:00";"AL";316;201,6;"MARIBONDO";"Ingestão de álcool pelo condutor";"Colisão lateral sentido oposto";"Com Vítimas Feridas";"Plena Noite";"Crescente";"Céu Claro";"Simples";"Reta";"Sim";2;0;1;0;1;0;1;2;-9,58405953;-36,3176457;"SPRF-AL";"DEL03-AL";"UOP01-DEL03-AL"
353174;2021-04-21;"quarta-feira";"17:00:00";"RO";364;712;"PORTO VELHO";"Desrespeitar a preferência no cruzamento";"Colisão transversal";"Com Vítimas Feridas";"Pleno dia";"Crescente";"Céu Claro";"Simples";"Rotatória";"Sim";2;0;2;0;0;0;2;2;-8,77636227;-63,87371778;"SPRF-RO";"DEL01-RO";"UOP01-DEL01-RO"
353175;2021-04-14;"quarta-feira";"16:40:00";"MS";163;258;"DOURADOS";"Reação tardia ou ineficiente do condutor";"Tombamento";"Com Vítimas Feridas";"Pleno dia";"Crescente";"Céu Claro";"Dupla";"Rotatória";"Sim";1;0;1;0;0;0;1;1;-22,25803077;-54,78231668;"SPRF-MS";"DEL04-MS";"UOP01-DEL04-MS"
353177;2021-04-21;"quarta-feira";"18:40:00";"RN";304;32;"MOSSORO";"Ingestão de álcool pelo condutor";"Colisão traseira";"Com Vítimas Feridas";"Plena Noite";"Crescente";"Céu Claro";"Dupla";"Declive";"Não";3;0;1;0;2;0;1;2;-5,13471117;-37,34486327;"SPRF-RN";"DEL04-RN";"UOP02-DEL04-RN"
353179;2021-04-21;"quarta-feira";"18:50:00";"RS";392;351,3;"SANTA MARIA";"Animais na Pista";"Atropelamento de Animal";"Com Vítimas Fatais";"Anoitecer";"Decrescente";"Céu Claro";"Simples";"Reta";"Sim";1;1;0;0;0;0;0;1;-29,73024717;-53,80165815;"SPRF-RS";"DEL09-RS";"UOP01-DEL09-RS"
353180;2021-04-21;"quarta-feira";"18:14:00";"RJ";101;473;"ANGRA DOS REIS";"Acessar a via sem observar a presença dos outros veículos";"Atropelamento de Pedestre";"Com Vítimas Feridas";"Anoitecer";"Decrescente";"Nublado";"Múltipla";"Reta";"Sim";2;0;0;1;1;0;1;2;-22,98960623;-44,24168693;"SPRF-RJ";"DEL03-RJ";"UOP03-DEL03-RJ"
353181;2021-04-21;"quarta-feira";"18:50:00";"MG";40;518,9;"RIBEIRAO DAS NEVES";"Avarias e/ou desgaste excessivo no pneu";"Saída de leito carroçável";"Com Vítimas Feridas";"Plena Noite";"Decrescente";"Nublado";"Dupla";"Reta";"Sim";2;0;1;0;1;0;1;2;-19,8321242;-44,08208533;"SPRF-MG";"DEL01-MG";"UOP02-DEL01-MG"
353182;2021-04-21;"quarta-feira";"17:00:00";"MT";174;1;"PONTES E LACERDA";"Desrespeitar a preferência no cruzamento";"Colisão transversal";"Com Vítimas Feridas";"Pleno dia";"Crescente";"Céu Claro";"Simples";"Interseção de Vias";"Sim";2;0;0;1;1;0;1;2;-15,24781;-59,3218;"SPRF-MT";"DEL03-MT";"UOP01-DEL03-MT"
353184;2021-04-21;"quarta-feira";"18:50:00";"MG";262;39,3;"MANHUACU";"Condutor deixou de manter distância do veículo da frente";"Colisão traseira";"Com Vítimas Feridas";"Plena Noite";"Decrescente";"Céu Claro";"Simples";"Reta";"Sim";3;0;1;0;2;0;1;2;-20,27165802;-42,03950458;"SPRF-MG";"DEL06-MG";"UOP03-DEL06-MG"
353185;2021-04-21;"quarta-feira";"18:50:00";"RJ";101;262;"RIO BONITO";"Condutor deixou de manter distância do veículo da frente";"Colisão traseira";"Com Vítimas Feridas";"Plena Noite";"Decrescente";"Garoa/Chuvisco";"Dupla";"Curva";"Sim";2;0;1;0;1;0;1;2;-22,71803781;-42,62220209;"SPRF-RJ";"DEL02-RJ";"UOP03-DEL02-RJ"