"id";"data_inversa";"dia_semana";"horario";"uf";"br";"km";"municipio";"causa_acidente";"tipo_acidente";"classificacao_acidente";"fase_dia";"sentido_via";"condicao_metereologica";"tipo_pista";"tracado_via";"uso_solo";"pessoas";"mortos";"feridos_leves";"feridos_graves";"ilesos";"ignorados";"feridos";"veiculos";"latitude";"longitude";"regional";"delegacia";"uop"
353187;2021-04-21;"quarta-feira";"19:15:00";"RS";386;415,8;"TRIUNFO";"Reação tardia ou ineficiente do condutor";"Tombamento";"Com Vítimas Feridas";"Plena Noite";"Decrescente";"Céu Claro";"Simples";"Reta";"Não";1;0;1;0;0;0;1;1;-29,818958;-51,452934;"SPRF-RS";"DEL04-RS";"UOP02-DEL04-RS"
353188;2021-04-21;"quarta-feira";"19:00:00";"PR";376;505;"PONTA GROSSA";"Velocidade Incompatível";"Saída de leito carroçável";"Com Vítimas Feridas";"Plena Noite";"Decrescente";"Céu Claro";"Dupla";"Reta";"Não";2;0;0;2;0;0;2;1;-25,18550731;-50,088351;"SPRF-PR";"DEL03-PR";"UOP01-DEL03-PR"
353189;2021-04-21;"quarta-feira";"19:10:00";"MG";40;787,6;"JUIZ DE FORA";"Animais na Pista";"Atropelamento de Animal";"Com Vítimas Feridas";"Plena Noite";"Decrescente";"Céu Claro";"Dupla";"Reta";"Não";1;0;1;0;0;0;1;1;-21,73607735;-43,44262787;"SPRF-MG";"DEL05-MG";"UOP01-DEL05-MG"
353191;2021-04-21;"quarta-feira";"20:00:00";"SP";116;97,7;"PINDAMONHANGABA";"Manobra de mudança de faixa";"Colisão com objeto";"Com Vítimas Feridas";"Plena Noite";"Crescente";"Céu Claro";"Dupla";"Reta";"Sim";2;0;2;0;0;0;2;1;-22,97375666;-45,44726115;"SPRF-SP";"DEL08-SP";"UOP01-DEL08-SP"
353194;2021-04-21;"quarta-feira";"19:10:00";"RO";174;15;"VILHENA";"Acessar a via sem observar a presença dos outros veículos";"Colisão transversal";"Com Vítimas Feridas";"Plena Noite";"Decrescente";"Céu Claro";"Simples";"Interseção de Vias";"Sim";3;0;1;0;2;0;1;2;-12,723321;-60,12801;"SPRF-RO";"DEL04-RO";"UOP01-DEL04-RO"
353195;2021-04-21;"quarta-feira";"18:50:00";"RJ";116;143;"DUQUE DE CAXIAS";"Acessar a via sem observar a presença dos outros veículos";"Colisão transversal";"Com Vítimas Feridas";"Plena Noite";"Decrescente";"Nublado";"Dupla";"Curva";"Sim";2;0;0;1;1;0;1;2;-22,65237271;-43,23918118;"SPRF-RJ";"DEL01-RJ";"UOP01-DEL01-RJ"
353196;2021-04-21;"quarta-feira";"20:05:00";"MG";40;678,5;"CARANDAI";"Reação tardia ou ineficiente do condutor";"Colisão frontal";"Com Vítimas Fatais";"Plena Noite";"Crescente";"Céu Claro";"Simples";"Reta";"Não";4;1;1;1;0;1;2;3;-21,037403;-43,7702179;"SPRF-MG";"DEL05-MG";"UOP02-DEL05-MG"
353197;2021-04-21;"quarta-feira";"20:25:00";"BA";407;123;"SENHOR DO BONFIM";"Reação tardia ou ineficiente do condutor";"Saída de leito carroçável";"Com Vítimas Feridas";"Plena Noite";"Crescente";"Nublado";"Simples";"Declive";"Não";1;0;1;0;0;0;1;1;-10,42999697;-40,18666127;"SPRF-BA";"DEL04-BA";"UOP01-DEL04-BA"
353198;2021-04-21;"quarta-feira";"21:00:00";"SP";116;229;"SAO PAULO";"Entrada inopinada do pedestre";"Atropelamento de Pedestre";"Com Vítimas Feridas";"Plena Noite";"Decrescente";"Nublado";"Múltipla";"Reta";"Sim";2;0;0;1;1;0;1;2;-23,51291902;-46,57604698;"SPRF-SP";"DEL01-SP";"UOP01-DEL01-SP"
353199;2021-04-21;"quarta-feira";"20:00:00";"MG";50;70,8;"UBERLANDIA";"Pista esburacada";"Tombamento";"Com Vítimas Feridas";"Plena Noite";"Decrescente";"Céu Claro";"Dupla";"Reta";"Sim";1;0;1;0;0;0;1;1;-18,85140204;-48,25345932;"SPRF-MG";"DEL15-MG";"UOP01-DEL15-MG"
353200;2021-04-21;"quarta-feira";"20:20:00";"DF";60;2,2;"BRASILIA";"Ingestão de álcool pelo condutor";"Colisão lateral mesmo sentido";"Sem Vítimas";"Plena Noite";"Decrescente";"Céu Claro";"Dupla";"Retorno Regulamentado";"Sim";3;0;0;0;3;0;0;2;-15,88184494;-48,05943489;"SPRF-DF";"DEL03-DF";"UOP01-DEL03-DF"
353201;2021-04-21;"quarta-feira";"12:40:00";"ES";262;180,3;"IUNA";"Acumulo de areia ou detritos sobre o pavimento";"Saída de leito carroçável";"Sem Vítimas";"Pleno dia";"Decrescente";"Céu Claro";"Simples";"Reta";"Não";1;0;0;0;0;1;0;1;-20,29210047;-41,66992112;"SPRF-ES";"DEL01-ES";"UOP02-DEL01-ES"
353202;2021-04-21;"quarta-feira";"20:15:00";"RS";116;264;"CANOAS";"Ingestão de álcool pelo condutor";"Colisão com objeto";"Com Vítimas Feridas";"Plena Noite";"Decrescente";"Céu Claro";"Múltipla";"Reta";"Sim";2;0;1;0;1;0;1;1;-29,914435;-51,17754495;"SPRF-RS";"DEL01-RS";"UOP01-DEL01-RS"
353203;2021-04-21;"quarta-feira";"21:00:00";"SP";116;304;"SAO LOURENCO DA SERRA";"Chuva";"Colisão traseira";"Com Vítimas Feridas";"Plena Noite";"Crescente";"Chuva";"Dupla";"Reta";"Não";3;0;2;1;0;0;3;2;-23,835151;-46,92964497;"SPRF-SP";"DEL04-SP";"UOP01-DEL04-SP"
353206;2021-04-21;"quarta-feira";"21:35:00";"SP";116;111;"TAUBATE";"Manobra de mudança de faixa";"Colisão traseira";"Com Vítimas Feridas";"Plena Noite";"Decrescente";"Nublado";"Dupla";"Reta";"Sim";2;0;1;0;1;0;1;2;-23,03887149;-45,56097419;"SPRF-SP";"DEL02-SP";"UOP02-DEL02-SP"
353207;2021-04-21;"quarta-feira";"20:30:00";"SC";282;492,9;"FAXINAL DOS GUEDES";"Ausência de reação do condutor";"Saída de leito carroçável";"Com Vítimas Fatais";"Plena Noite";"Decrescente";"Céu Claro";"Simples";"Rotatória";"Não";1;1;0;0;0;0;0;1;-26,871534;-52,300915;"SPRF-SC";"DEL07-SC";"UOP01-DEL07-SC"
353208;2021-04-21;"quarta-feira";"18:15:00";"AM";319;765;"CANUTAMA";"Ingestão de álcool pelo condutor";"Saída de leito carroçável";"Sem Vítimas";"Plena Noite";"Crescente";"Céu Claro";"Simples";"Reta";"Não";4;0;0;0;3;1;0;2;-8,202499;-63,880764;"SPRF-RO";"DEL01-RO";"UOP01-DEL01-RO"
353210;2021-04-21;"quarta-feira";"19:40:00";"BA";415;22;"ILHEUS";"Transitar no acostamento";"Colisão traseira";"Com Vítimas Feridas";"Plena Noite";"Crescente";"Chuva";"Simples";"Curva";"Não";3;0;0;1;2;0;1;3;-14,79936398;-39,16763306;"SPRF-BA";"DEL05-BA";"UOP01-DEL05-BA"
353211;2021-04-21;"quarta-feira";"21:30:00";"ES";262;5,6;"CARIACICA";"Desrespeitar a preferência no cruzamento";"Colisão transversal";"Com Vítimas Feridas";"Plena Noite";"Crescente";"Nublado";"Múltipla";"Interseção de Vias";"Sim";4;0;2;0;2;0;2;2;-20,33879229;-40,39260864;"SPRF-ES";"DEL01-ES";"UOP01-DEL01-ES"
353212;2021-04-21;"quarta-feira";"21:45:00";"CE";222;33;"CAUCAIA";"Animais na Pista";"Atropelamento de Animal";"Com Vítimas Feridas";"Plena Noite";"Decrescente";"Ignorado";"Simples";"Reta";"Não";2;0;1;1;0;0;2;1;-3,70549973;-38,84675692;"SPRF-CE";"DEL01-CE";"UOP01-DEL01-CE"
353213;2021-04-21;"quarta-feira";"20:30:00";"SC";101;131,1;"BALNEARIO CAMBORIU";"Acumulo de água sobre o pavimento";"Tombamento";"Com Vítimas Feridas";"Plena Noite";"Decrescente";"Chuva";"Simples";"Reta";"Sim";1;0;0;1;0;0;1;1;-26,99064209;-48,66310912;"SPRF-SC";"DEL04-SC";"UOP03-DEL04-SC"
353215;2021-04-21;"quarta-feira";"17:00:00";"PE";316;10;"ARARIPINA";"Ultrapassagem Indevida";"Capotamento";"Com Vítimas Feridas";"Pleno dia";"Crescente";"Céu Claro";"Simples";"Curva";"Não";2;0;1;0;0;1;1;1;-7,49021077;-40,59008002;"SPRF-PE";"DEL05-PE";"UOP02-DEL05-PE"
353216;2021-04-21;"quarta-feira";"21:00:00";"SC";280;26,5;"ARAQUARI";"Acessar a via sem observar a presença dos outros veículos";"Colisão traseira";"Com Vítimas Feridas";"Plena Noite";"Crescente";"Chuva";"Simples";"Reta";"Sim";2;0;2;0;0;0;2;2;-26,38972308;-48,73411593;"SPRF-SC";"DEL03-SC";"UOP03-DEL03-SC"
353217;2021-04-21;"quarta-feira";"18:10:00";"RO";364;425;"JARU";"Manobra de mudança de faixa";"Saída de leito carroçável";"Com Vítimas Feridas";"Plena Noite";"Decrescente";"Céu Claro";"Simples";"Reta;Declive";"Sim";1;0;1;0;0;0;1;1;-10,43752488;-62,47169791;"SPRF-RO";"DEL03-RO";"UOP02-DEL03-RO"
353218;2021-04-21;"quarta-feira";"19:00:00";"MT";364;377,2;"SANTO ANTONIO DO LEVERGER";"Reação tardia ou ineficiente do condutor";"Saída de leito carroçável";"Sem Vítimas";"Plena Noite";"Crescente";"Céu Claro";"Dupla";"Reta";"Não";1;0;0;0;0;1;0;1;-15,70403329;-55,73709401;"SPRF-MT";"DEL01-MT";"UOP02-DEL01-MT"
353219;2021-04-21;"quarta-feira";"22:30:00";"DF";20;19;"BRASILIA";"Ingestão de álcool pelo condutor";"Colisão traseira";"Com Vítimas Feridas";"Plena Noite";"Crescente";"Céu Claro";"Dupla";"Reta";"Sim";3;0;3;0;0;0;3;2;-15,612175;-47,700928;"SPRF-DF";"DEL02-DF";"UOP01-DEL02-DF"
353220;2021-04-21;"quarta-feira";"22:30:00";"PR";277;68;"SAO JOSE DOS PINHAIS";"Transitar na contramão";"Saída de leito carroçável";"Sem Vítimas";"Plena Noite";"Decrescente";"Garoa/Chuvisco";"Simples";"Curva";"Não";1;0;0;0;0;1;0;1;-25,54112281;-49,06183391;"SPRF-PR";"DEL01-PR";"UOP01-DEL01-PR"
353221;2021-04-21;"quarta-feira";"16:40:00";"SC";470;124,8;"IBIRAMA";"Reação tardia ou ineficiente do condutor";"Capotamento";"Com Vítimas Feridas";"Pleno dia";"Decrescente";"Céu Claro";"Simples";"Reta";"Não";2;0;2;0;0;0;2;1;-27,113192;-49,529163;"SPRF-SC";"DEL04-SC";"UOP02-DEL04-SC"
353222;2021-04-21;"quarta-feira";"21:00:00";"PR";158;527,9;"PATO BRANCO";"Ingestão de álcool pelo condutor";"Colisão traseira";"Com Vítimas Feridas";"Plena Noite";"Decrescente";"Céu Claro";"Simples";"Aclive;Curva";"Não";3;0;1;1;1;0;2;2;-26,16899899;-52,66361486;"SPRF-PR";"DEL02-PR";"UOP01-DEL02-PR"
353223;2021-04-21;"quarta-feira";"13:00:00";"RS";470;168;"VILA FLORES";"Acessar a via sem observar a presença dos outros veículos";"Colisão transversal";"Com Vítimas Feridas";"Pleno dia";"Decrescente";"Céu Claro";"Simples";"Interseção de Vias";"Sim";2;0;0;1;1;0;1;2;-28,85711814;-51,55698016;"SPRF-RS";"DEL06-RS";"UOP02-DEL06-RS"
353224;2021-04-21;"quarta-feira";"21:40:00";"RJ";116;179;"NOVA IGUACU";"Condutor Dormindo";"Saída de leito carroçável";"Com Vítimas Feridas";"Plena Noite";"Crescente";"Nublado";"Dupla";"Reta";"Sim";1;0;1;0;0;0;1;1;-22,769902;-43,408036;"SPRF-RJ";"DEL01-RJ";"UOP02-DEL01-RJ"
353225;2021-04-21;"quarta-feira";"23:20:00";"PE";101;82;"JABOATAO DOS GUARARAPES";"Ausência de reação do condutor";"Colisão lateral mesmo sentido";"Com Vítimas Feridas";"Plena Noite";"Crescente";"Céu Claro";"Simples";"Reta";"Sim";2;0;0;2;0;0;2;2;-8,168383;-34,9376;"SPRF-PE";"DEL01-PE";"UOP01-DEL01-PE"
353227;2021-02-20;"sábado";"19:00:00";"SE";101;110,5;"ITAPORANGA DAJUDA";"Objeto estático sobre o leito carroçável";"Colisão com objeto";"Com Vítimas Feridas";"Plena Noite";"Crescente";"Céu Claro";"Dupla";"Reta";"Não";1;0;1;0;0;0;1;1;-10,96959411;-37,27937094;"SPRF-SE";"DEL02-SE";"UOP01-DEL02-SE"
353228;2021-04-21;"quarta-feira";"23:00:00";"MT";364;204;"RONDONOPOLIS";"Reação tardia ou ineficiente do condutor";"Queda de ocupante de veículo";"Com Vítimas Feridas";"Plena Noite";"Decrescente";"Céu Claro";"Dupla";"Declive";"Sim";1;0;1;0;0;0;1;1;-16,467325;-54,657196;"SPRF-MT";"DEL02-MT";"UOP01-DEL02-MT"
353229;2021-04-22;"quinta-feira";"00:30:00";"AL";316;248;"ATALAIA";"Ingestão de álcool pelo condutor";"Colisão traseira";"Com Vítimas Feridas";"Plena Noite";"Crescente";"Ignorado";"Simples";"Reta";"Sim";2;0;1;0;1;0;1;2;-9,54078106;-35,98549809;"SPRF-AL";"DEL01-AL";"UOP01-DEL01-AL"
353231;2021-04-22;"quinta-feira";"00:01:00";"SC";101;41;"JOINVILLE";"Velocidade Incompatível";"Colisão com objeto";"Com Vítimas Feridas";"Plena Noite";"Crescente";"Garoa/Chuvisco";"Dupla";"Curva";"Sim";1;0;1;0;0;0;1;1;-26,28215489;-48,88973081;"SPRF-SC";"DEL03-SC";"UOP01-DEL03-SC"
353233;2021-04-22;"quinta-feira";"02:15:00";"SC";101;218,3;"PALHOCA";"Animais na Pista";"Atropelamento de Animal";"Com Vítimas Feridas";"Plena Noite";"Crescente";"Nublado";"Múltipla";"Declive";"Sim";1;0;1;0;0;0;1;1;-27,67952392;-48,66940677;"SPRF-SC";"DEL01-SC";"UOP02-DEL01-SC"
353238;2021-04-22;"quinta-feira";"02:50:00";"DF";70;19;"BRASILIA";"Ingestão de álcool pelo condutor";"Saída de leito carroçável";"Com Vítimas Feridas";"Plena Noite";"Crescente";"Nublado";"Dupla";"Declive";"Sim";3;0;3;0;0;0;3;1;-15,788868;-48,220242;"SPRF-DF";"DEL03-DF";"UOP02-DEL03-DF"
353240;2021-04-22;"quinta-feira";"03:00:00";"SC";282;132;"BOM RETIRO";"Condutor Dormindo";"Saída de leito carroçável";"Com Vítimas Feridas";"Plena Noite";"Crescente";"Céu Claro";"Simples";"Reta";"Não";2;0;1;0;1;0;1;1;-27,8097;-49,522575;"SPRF-SC";"DEL05-SC";"UOP01-DEL05-SC"
353242;2021-04-22;"quinta-feira";"05:15:00";"SP";381;87;"SAO PAULO";"Velocidade Incompatível";"Colisão com objeto";"Com Vítimas Feridas";"Amanhecer";"Crescente";"Céu Claro";"Múltipla";"Reta";"Sim";2;0;1;0;1;0;1;1;-23,47227908;-46,56402048;"SPRF-SP";"DEL03-SP";"UOP01-DEL03-SP"
353243;2021-04-22;"quinta-feira";"04:00:00";"GO";153;233,2;"SAO LUIZ DO NORTE";"Velocidade Incompatível";"Saída de leito carroçável";"Com Vítimas Feridas";"Plena Noite";"Crescente";"Céu Claro";"Simples";"Reta";"Não";2;0;1;1;0;0;2;1;-14,785928;-49,275658;"SPRF-GO";"DEL07-GO";"UOP02-DEL07-GO"
353247;2021-04-22;"quinta-feira";"05:50:00";"PR";376;617;"SAO JOSE DOS PINHAIS";"Condutor deixou de manter distância do veículo da frente";"Capotamento";"Com Vítimas Feridas";"Amanhecer";"Crescente";"Nublado";"Dupla";"Reta";"Não";1;0;1;0;0;0;1;1;-25,58426494;-49,17618795;"SPRF-PR";"DEL01-PR";"UOP04-DEL01-PR"
353248;2021-04-22;"quinta-feira";"04:25:00";"PR";116;2,9;"CAMPINA GRANDE DO SUL";"Ingestão de álcool pelo condutor";"Capotamento";"Sem Vítimas";"Plena Noite";"Crescente";"Garoa/Chuvisco";"Dupla";"Reta";"Não";1;0;0;0;0;1;0;1;-25,07163889;-48,58564619;"SPRF-PR";"DEL01-PR";"UOP02-DEL01-PR"
353250;2021-04-22;"quinta-feira";"05:40:00";"MG";381;868,9;"POUSO ALEGRE";"Condutor Dormindo";"Saída de leito carroçável";"Com Vítimas Feridas";"Amanhecer";"Crescente";"Chuva";"Dupla";"Reta";"Sim";2;0;1;0;1;0;1;1;-22,42008488;-45,96507626;"SPRF-MG";"DEL16-MG";"UOP01-DEL16-MG"
353252;2021-04-22;"quinta-feira";"05:50:00";"PR";277;643;"CEU AZUL";"Demais falhas mecânicas ou elétricas";"Saída de leito carroçável";"Com Vítimas Feridas";"Plena Noite";"Decrescente";"Nublado";"Simples";"Curva";"Não";3;0;1;0;2;0;1;1;-25,17676379;-53,87753189;"SPRF-PR";"DEL05-PR";"UOP02-DEL05-PR"
353253;2021-04-22;"quinta-feira";"03:00:00";"PR";376;502,6;"PONTA GROSSA";"Velocidade Incompatível";"Atropelamento de Pedestre";"Com Vítimas Fatais";"Amanhecer";"Crescente";"Céu Claro";"Dupla";"Reta";"Não";2;1;0;0;0;1;0;2;-25,21604594;-50,05797693;"SPRF-PR";"DEL03-PR";"UOP01-DEL03-PR"
353254;2021-04-22;"quinta-feira";"06:15:00";"MS";60;413,9;"SIDROLANDIA";"Condutor deixou de manter distância do veículo da frente";"Colisão traseira";"Com Vítimas Feridas";"Pleno dia";"Decrescente";"Sol";"Simples";"Declive;Reta";"Não";2;0;1;0;1;0;1;2;-20,89277606;-54,85654998;"SPRF-MS";"DEL01-MS";"UOP04-DEL01-MS"
353255;2021-04-22;"quinta-feira";"07:05:00";"DF";70;14;"BRASILIA";"Trafegar com motocicleta (ou similar) entre as faixas";"Tombamento";"Com Vítimas Feridas";"Pleno dia";"Decrescente";"Céu Claro";"Dupla";"Reta";"Sim";2;0;1;0;1;0;1;1;-15,797312;-48,176056;"SPRF-DF";"DEL03-DF";"UOP02-DEL03-DF"
353256;2021-04-22;"quinta-feira";"07:20:00";"PR";369;157;"LONDRINA";"Avarias e/ou desgaste excessivo no pneu";"Saída de leito carroçável";"Com Vítimas Feridas";"Pleno dia";"Crescente";"Céu Claro";"Dupla";"Reta";"Sim";2;0;2;0;0;0;2;1;-23,28886;-51,222876;"SPRF-PR";"DEL07-PR";"UOP01-DEL07-PR"
353259;2021-04-22;"quinta-feira";"06:30:00";"SC";282;89;"ALFREDO WAGNER";"Velocidade Incompatível";"Saída de leito carroçável";"Sem Vítimas";"Pleno dia";"Crescente";"Céu Claro";"Simples";"Reta";"Não";2;0;0;0;2;0;0;1;-27,677973;-49,215893;"SPRF-SC";"DEL01-SC";"UOP03-DEL01-SC"
353262;2021-04-21;"quarta-feira";"19:30:00";"BA";101;748;"ITABELA";"Pista esburacada";"Saída de leito carroçável";"Com Vítimas Fatais";"Plena Noite";"Decrescente";"Nublado";"Simples";"Curva;Declive";"Não";2;1;0;0;0;1;0;2;-16,592779;-39,551135;"SPRF-BA";"DEL09-BA";"UOP01-DEL09-BA"
353263;2021-04-22;"quinta-feira";"06:50:00";"GO";153;506;"GOIANIA";"Condutor deixou de manter distância do veículo da frente";"Queda de ocupante de veículo";"Com Vítimas Feridas";"Pleno dia";"Crescente";"Céu Claro";"Dupla";"Reta";"Sim";1;0;1;0;0;0;1;1;-16,7633;-49,24;"SPRF-GO";"DEL01-GO";"UOP01-DEL01-GO"
353264;2021-04-22;"quinta-feira";"07:10:00";"PR";376;501,8;"PONTA GROSSA";"Condutor deixou de manter distância do veículo da frente";"Colisão traseira";"Sem Vítimas";"Amanhecer";"Crescente";"Céu Claro";"Dupla";"Aclive";"Sim";2;0;0;0;2;0;0;2;-25,20894789;-50,06444688;"SPRF-PR";"DEL03-PR";"UOP01-DEL03-PR"
353265;2021-04-22;"quinta-feira";"07:40:00";"MG";40;521;"RIBEIRAO DAS NEVES";"Manobra de mudança de faixa";"Colisão transversal";"Com Vítimas Feridas";"Pleno dia";"Crescente";"Céu Claro";"Dupla";"Reta";"Não";3;0;1;0;2;0;1;2;-19,85651501;-44,07213222;"SPRF-MG";"DEL01-MG";"UOP02-DEL01-MG"
353266;2021-04-22;"quinta-feira";"08:10:00";"SC";101;207,1;"SAO JOSE";"Ausência de reação do condutor";"Colisão traseira";"Com Vítimas Feridas";"Pleno dia";"Decrescente";"Céu Claro";"Dupla";"Reta";"Não";2;0;1;0;1;0;1;2;-27,60001226;-48,6226467;"SPRF-SC";"DEL01-SC";"UOP01-DEL01-SC"
353267;2021-04-22;"quinta-feira";"08:25:00";"PR";116;116;"CURITIBA";"Manobra de mudança de faixa";"Tombamento";"Com Vítimas Feridas";"Pleno dia";"Decrescente";"Sol";"Dupla";"Reta";"Sim";2;0;1;0;0;1;1;2;-25,55216974;-49,30505276;"SPRF-PR";"DEL01-PR";"UOP01-DEL01-PR"
353268;2021-04-22;"quinta-feira";"07:30:00";"PE";101;69,2;"RECIFE";"Acessar a via sem observar a presença dos outros veículos";"Colisão transversal";"Com Vítimas Feridas";"Pleno dia";"Crescente";"Nublado";"Múltipla";"Reta";"Não";2;0;0;2;0;0;2;2;-8,05951606;-34,94581024;"SPRF-PE";"DEL01-PE";"UOP01-DEL01-PE"
353269;2021-04-22;"quinta-feira";"06:50:00";"MG";116;392,1;"GOVERNADOR VALADARES";"Conversão proibida";"Colisão transversal";"Com Vítimas Feridas";"Pleno dia";"Crescente";"Céu Claro";"Simples";"Curva";"Não";4;0;3;0;0;1;3;3;-18,695992;-41,983919;"SPRF-MG";"DEL06-MG";"UOP01-DEL06-MG"
353270;2021-04-22;"quinta-feira";"06:00:00";"RJ";356;16;"ITAPERUNA";"Manobra de mudança de faixa";"Saída de leito carroçável";"Com Vítimas Feridas";"Pleno dia";"Decrescente";"Céu Claro";"Dupla";"Reta";"Não";1;0;1;0;0;0;1;1;-21,17841194;-42,048441;"SPRF-RJ";"DEL08-RJ";"UOP03-DEL08-RJ"
353271;2021-04-22;"quinta-feira";"08:10:00";"DF";70;8,3;"BRASILIA";"Acessar a via sem observar a presença dos outros veículos";"Colisão transversal";"Com Vítimas Feridas";"Pleno dia";"Decrescente";"Céu Claro";"Dupla";"Reta";"Sim";3;0;2;0;1;0;2;3;-15,78414917;-48,1242156;"SPRF-DF";"DEL03-DF";"UOP02-DEL03-DF"
353273;2021-04-22;"quinta-feira";"08:25:00";"ES";101;269,8;"SERRA";"Manobra de mudança de faixa";"Colisão lateral mesmo sentido";"Com Vítimas Feridas";"Pleno dia";"Crescente";"Sol";"Múltipla";"Reta";"Não";2;0;1;0;0;1;1;2;-20,21740496;-40,26990578;"SPRF-ES";"DEL02-ES";"UOP01-DEL02-ES"
353275;2021-04-21;"quarta-feira";"18:45:00";"PA";222;148;"ABEL FIGUEIREDO";"Pista esburacada";"Colisão frontal";"Com Vítimas Feridas";"Plena Noite";"Crescente";"Céu Claro";"Simples";"Reta";"Não";3;0;1;0;2;0;1;2;-4,95408;-48,397583;"SPRF-PA";"DEL03-PA";"UOP01-DEL03-PA"
353276;2021-01-16;"sábado";"16:25:00";"RS";386;395,8;"TRIUNFO";"Velocidade Incompatível";"Saída de leito carroçável";"Com Vítimas Feridas";"Pleno dia";"Decrescente";"Chuva";"Simples";"Reta";"Não";7;0;6;1;0;0;7;1;-29,724592;-51,635849;"SPRF-RS";"DEL04-RS";"UOP02-DEL04-RS"
353278;2021-04-22;"quinta-feira";"08:30:00";"CE";20;427;"FORTALEZA";"Falta de elemento de contenção que evite a saída do leito carroçável";"Saída de leito carroçável";"Com Vítimas Feridas";"Pleno dia";"Decrescente";"Sol";"Dupla";"Declive;Em Obras;Curva";"Não";1;0;1;0;0;0;1;1;-3,86484823;-38,51806868;"SPRF-CE";"DEL01-CE";"UOP02-DEL01-CE"
353279;2021-04-19;"segunda-feira";"17:00:00";"RS";153;50,7;"ERECHIM";"Desrespeitar a preferência no cruzamento";"Colisão transversal";"Com Vítimas Feridas";"Pleno dia";"Crescente";"Sol";"Simples";"Rotatória;Interseção de Vias";"Sim";2;0;1;0;1;0;1;2;-27,6565638;-52,27655;"SPRF-RS";"DEL08-RS";"UOP04-DEL08-RS"
353282;2021-04-02;"sexta-feira";"16:50:00";"PE";101;69;"RECIFE";"Condutor deixou de manter distância do veículo da frente";"Colisão traseira";"Com Vítimas Feridas";"Anoitecer";"Decrescente";"Céu Claro";"Dupla";"Viaduto";"Sim";2;0;1;0;1;0;1;2;-8,05951606;-34,94581024;"SPRF-PE";"DEL01-PE";"UOP01-DEL01-PE"
353286;2021-04-22;"quinta-feira";"11:00:00";"PR";369;57;"BANDEIRANTES";"Desrespeitar a preferência no cruzamento";"Colisão transversal";"Com Vítimas Feridas";"Pleno dia";"Decrescente";"Céu Claro";"Simples";"Reta";"Sim";3;0;1;0;2;0;1;2;-23,10582948;-50,34523487;"SPRF-PR";"DEL07-PR";"UOP01-DEL07-PR"
353288;2021-03-23;"terça-feira";"12:10:00";"RS";153;49;"ERECHIM";"Retorno proibido";"Colisão transversal";"Com Vítimas Feridas";"Pleno dia";"Crescente";"Nublado";"Simples";"Reta";"Sim";4;0;1;0;3;0;1;2;-27,653019;-52,260359;"SPRF-RS";"DEL08-RS";"UOP04-DEL08-RS"
353289;2021-04-22;"quinta-feira";"10:00:00";"PR";153;24,5;"JACAREZINHO";"Acessar a via sem observar a presença dos outros veículos";"Colisão transversal";"Com Vítimas Feridas";"Pleno dia";"Crescente";"Céu Claro";"Simples";"Interseção de Vias";"Sim";4;0;3;0;1;0;3;2;-23,18875396;-49,98584032;"SPRF-PR";"DEL07-PR";"UOP04-DEL07-PR"
353291;2021-04-22;"quinta-feira";"09:30:00";"ES";259;60,4;"COLATINA";"Ausência de reação do condutor";"Queda de ocupante de veículo";"Com Vítimas Feridas";"Pleno dia";"Crescente";"Céu Claro";"Dupla";"Reta";"Não";1;0;0;1;0;0;1;1;-19,52530482;-40,67461308;"SPRF-ES";"DEL02-ES";"UOP01-DEL02-ES"
353292;2021-04-22;"quinta-feira";"10:15:00";"RO";364;718;"PORTO VELHO";"Reação tardia ou ineficiente do condutor";"Colisão traseira";"Sem Vítimas";"Pleno dia";"Crescente";"Céu Claro";"Dupla";"Reta";"Não";4;0;0;0;4;0;0;2;-8,798451;-63,911437;"SPRF-RO";"DEL01-RO";"UOP01-DEL01-RO"
353295;2021-04-22;"quinta-feira";"11:50:00";"MG";381;498,5;"BETIM";"Reação tardia ou ineficiente do condutor";"Saída de leito carroçável";"Com Vítimas Feridas";"Pleno dia";"Crescente";"Céu Claro";"Dupla";"Declive;Curva;Interseção de Vias";"Sim";1;0;0;1;0;0;1;1;-20,01172662;-44,21976041;"SPRF-MG";"DEL01-MG";"UOP03-DEL01-MG"
353296;2021-04-22;"quinta-feira";"12:10:00";"PR";369;96,6;"CORNELIO PROCOPIO";"Condutor deixou de manter distância do veículo da frente";"Colisão traseira";"Com Vítimas Feridas";"Pleno dia";"Decrescente";"Céu Claro";"Dupla";"Reta";"Não";4;0;1;0;3;0;1;2;-23,238061;-50,690848;"SPRF-PR";"DEL07-PR";"UOP01-DEL07-PR"
353297;2021-04-22;"quinta-feira";"11:20:00";"MA";10;253,7;"IMPERATRIZ";"Manobra de mudança de faixa";"Colisão lateral mesmo sentido";"Com Vítimas Feridas";"Pleno dia";"Decrescente";"Céu Claro";"Simples";"Reta";"Sim";2;0;1;0;0;1;1;2;-5,526672;-47,471501;"SPRF-MA";"DEL04-MA";"UOP01-DEL04-MA"