"id";"data_inversa";"dia_semana";"horario";"uf";"br";"km";"municipio";"causa_acidente";"tipo_acidente";"classificacao_acidente";"fase_dia";"sentido_via";"condicao_metereologica";"tipo_pista";"tracado_via";"uso_solo";"pessoas";"mortos";"feridos_leves";"feridos_graves";"ilesos";"ignorados";"feridos";"veiculos";"latitude";"longitude";"regional";"delegacia";"uop"
353298;2021-04-22;"quinta-feira";"12:35:00";"PR";277;110;"CAMPO LARGO";"Ausência de reação do condutor";"Saída de leito carroçável";"Com Vítimas Feridas";"Pleno dia";"Crescente";"Céu Claro";"Dupla";"Reta";"Sim";2;0;0;1;0;1;1;2;-25,44625996;-49,36369775;"SPRF-PR";"DEL01-PR";"UOP03-DEL03-PR"
353299;2021-04-22;"quinta-feira";"12:15:00";"MG";40;532,8;"BELO HORIZONTE";"Reação tardia ou ineficiente do condutor";"Colisão traseira";"Com Vítimas Feridas";"Pleno dia";"Crescente";"Céu Claro";"Dupla";"Aclive;Reta";"Sim";3;0;1;0;2;0;1;3;-19,92372561;-44,01700789;"SPRF-MG";"DEL01-MG";"UOP02-DEL01-MG"
353303;2021-04-01;"quinta-feira";"08:45:00";"GO";40;11;"LUZIANIA";"Animais na Pista";"Atropelamento de Animal";"Com Vítimas Feridas";"Pleno dia";"Decrescente";"Céu Claro";"Dupla";"Reta";"Sim";1;0;1;0;0;0;1;1;-16,138336;-47,951644;"SPRF-DF";"DEL01-DF";"UOP01-DEL01-DF"
353304;2021-04-22;"quinta-feira";"12:30:00";"SP";153;37,5;"ONDA VERDE";"Acessar a via sem observar a presença dos outros veículos";"Colisão transversal";"Sem Vítimas";"Pleno dia";"Decrescente";"Sol";"Simples";"Interseção de Vias";"Não";2;0;0;0;2;0;0;2;-20,59800483;-49,31715452;"SPRF-SP";"DEL09-SP";"UOP01-DEL09-SP"
353306;2021-04-22;"quinta-feira";"12:30:00";"PR";116;9;"COLOMBO";"Manobra de mudança de faixa";"Engavetamento";"Com Vítimas Feridas";"Pleno dia";"Decrescente";"Nublado";"Dupla";"Reta";"Não";7;0;3;0;4;0;3;6;-25,3708;-49,1246;"SPRF-PR";"DEL01-PR";"UOP02-DEL01-PR"
353309;2021-04-22;"quinta-feira";"14:00:00";"MG";116;668,5;"MIRADOURO";"Condutor deixou de manter distância do veículo da frente";"Colisão traseira";"Com Vítimas Feridas";"Pleno dia";"Decrescente";"Sol";"Simples";"Reta;Aclive";"Não";3;0;1;1;1;0;2;2;-20,84235876;-42,32612729;"SPRF-MG";"DEL07-MG";"UOP03-DEL07-MG"
353312;2021-04-22;"quinta-feira";"14:00:00";"PE";407;124,5;"PETROLINA";"Desrespeitar a preferência no cruzamento";"Colisão transversal";"Com Vítimas Feridas";"Pleno dia";"Crescente";"Céu Claro";"Dupla";"Rotatória";"Não";2;0;2;0;0;0;2;2;-9,37759621;-40,53852081;"SPRF-PE";"DEL06-PE";"UOP01-DEL06-PE"
353313;2021-04-22;"quinta-feira";"12:30:00";"PE";101;141,8;"RIBEIRAO";"Acessar a via sem observar a presença dos outros veículos";"Colisão lateral mesmo sentido";"Com Vítimas Feridas";"Pleno dia";"Crescente";"Nublado";"Dupla";"Reta";"Não";2;0;0;1;1;0;1;2;-8,44013935;-35,33528377;"SPRF-PE";"DEL01-PE";"UOP01-DEL01-PE"
353314;2021-04-21;"quarta-feira";"22:00:00";"RN";226;128,5;"LAJES PINTADAS";"Ausência de reação do condutor";"Saída de leito carroçável";"Com Vítimas Feridas";"Plena Noite";"Decrescente";"Ignorado";"Simples";"Reta";"Não";1;0;1;0;0;0;1;1;-6,18380705;-36,13204397;"SPRF-RN";"DEL03-RN";"UOP02-DEL03-RN"
353315;2021-04-22;"quinta-feira";"13:00:00";"RO";364;710;"PORTO VELHO";"Acessar a via sem observar a presença dos outros veículos";"Colisão transversal";"Com Vítimas Feridas";"Pleno dia";"Decrescente";"Céu Claro";"Dupla";"Reta";"Sim";3;0;2;0;0;1;2;2;-8,7862157589;-63,8571268677;"SPRF-RO";"DEL01-RO";"UOP01-DEL01-RO"
353319;2021-04-22;"quinta-feira";"13:45:00";"RS";386;246,5;"SOLEDADE";"Transitar no acostamento";"Colisão frontal";"Com Vítimas Feridas";"Pleno dia";"Crescente";"Céu Claro";"Simples";"Reta";"Sim";2;0;1;0;1;0;1;2;-28,808382;-52,502323;"SPRF-RS";"DEL04-RS";"UOP03-DEL04-RS"
353320;2021-04-22;"quinta-feira";"14:40:00";"GO";153;379,7;"SAO FRANCISCO DE GOIAS";"Avarias e/ou desgaste excessivo no pneu";"Tombamento";"Com Vítimas Feridas";"Pleno dia";"Decrescente";"Céu Claro";"Simples";"Declive";"Não";1;0;1;0;0;0;1;1;-15,899754;-49,233356;"SPRF-GO";"DEL02-GO";"UOP02-DEL02-GO"
353321;2021-04-11;"domingo";"05:50:00";"GO";153;438,8;"ANAPOLIS";"Condutor Dormindo";"Colisão traseira";"Com Vítimas Feridas";"Amanhecer";"Crescente";"Céu Claro";"Dupla";"Reta";"Sim";3;0;2;0;1;0;2;2;-16,291595;-48,934811;"SPRF-GO";"DEL02-GO";"UOP01-DEL02-GO"
353322;2021-04-22;"quinta-feira";"14:40:00";"PE";428;184;"PETROLINA";"Ingestão de álcool pelo condutor";"Colisão com objeto";"Com Vítimas Feridas";"Pleno dia";"Crescente";"Sol";"Simples";"Em Obras";"Sim";1;0;0;1;0;0;1;1;-9,33211208;-40,46621385;"SPRF-PE";"DEL06-PE";"UOP01-DEL06-PE"
353323;2021-04-22;"quinta-feira";"15:10:00";"MG";381;502;"BETIM";"Manobra de mudança de faixa";"Colisão traseira";"Com Vítimas Feridas";"Pleno dia";"Crescente";"Céu Claro";"Múltipla";"Em Obras;Curva";"Sim";2;0;1;0;0;1;1;2;-20,01823419;-44,22675133;"SPRF-MG";"DEL01-MG";"UOP03-DEL01-MG"
353328;2021-04-22;"quinta-feira";"15:00:00";"RJ";101;576,5;"PARATY";"Retorno proibido";"Colisão transversal";"Com Vítimas Feridas";"Pleno dia";"Crescente";"Chuva";"Simples";"Reta";"Não";3;0;3;0;0;0;3;2;-23,22679237;-44,72881647;"SPRF-RJ";"DEL03-RJ";"UOP04-DEL03-RJ"
353329;2021-04-22;"quinta-feira";"15:15:00";"SP";116;154,3;"SAO JOSE DOS CAMPOS";"Condutor deixou de manter distância do veículo da frente";"Colisão traseira";"Com Vítimas Feridas";"Pleno dia";"Crescente";"Céu Claro";"Múltipla";"Declive";"Sim";1;0;1;0;0;0;1;1;-23,23903999;-45,92061901;"SPRF-SP";"DEL02-SP";"UOP01-DEL02-SP"
353330;2021-04-22;"quinta-feira";"14:30:00";"RJ";116;184,5;"NOVA IGUACU";"Pedestre andava na pista";"Atropelamento de Pedestre";"Com Vítimas Feridas";"Pleno dia";"Crescente";"Nublado";"Múltipla";"Reta";"Não";2;0;0;1;0;1;1;2;-22,74647215;-43,44594311;"SPRF-RJ";"DEL01-RJ";"UOP02-DEL01-RJ"
353331;2021-04-22;"quinta-feira";"14:50:00";"SC";101;333,7;"TUBARAO";"Desrespeitar a preferência no cruzamento";"Colisão transversal";"Com Vítimas Feridas";"Pleno dia";"Decrescente";"Céu Claro";"Múltipla";"Interseção de Vias;Viaduto";"Sim";2;0;1;0;1;0;1;2;-28,46630107;-48,99653096;"SPRF-SC";"DEL02-SC";"UOP01-DEL02-SC"
353335;2021-04-22;"quinta-feira";"16:10:00";"MG";50;69;"UBERLANDIA";"Demais falhas na via";"Queda de ocupante de veículo";"Com Vítimas Feridas";"Pleno dia";"Crescente";"Céu Claro";"Dupla";"Reta";"Sim";1;0;1;0;0;0;1;1;-18,85140204;-48,25345932;"SPRF-MG";"DEL15-MG";"UOP01-DEL15-MG"
353336;2021-04-22;"quinta-feira";"16:00:00";"PE";232;42,9;"VITORIA DE SANTO ANTAO";"Velocidade Incompatível";"Colisão com objeto";"Com Vítimas Feridas";"Pleno dia";"Crescente";"Céu Claro";"Dupla";"Curva";"Sim";3;0;1;0;1;1;1;2;-8,117179;-35,260707;"SPRF-PE";"DEL01-PE";"UOP01-DEL01-PE"
353337;2021-04-22;"quinta-feira";"15:30:00";"PR";373;248,5;"GUAMIRANGA";"Velocidade Incompatível";"Saída de leito carroçável";"Com Vítimas Feridas";"Pleno dia";"Decrescente";"Céu Claro";"Simples";"Reta";"Não";1;0;1;0;0;0;1;1;-25,19042059;-50,83313898;"SPRF-PR";"DEL03-PR";"UOP04-DEL03-PR"
353338;2021-04-22;"quinta-feira";"16:40:00";"MG";116;520,1;"UBAPORANGA";"Pedestre cruzava a pista fora da faixa";"Atropelamento de Pedestre";"Com Vítimas Feridas";"Pleno dia";"Decrescente";"Céu Claro";"Simples";"Reta";"Não";2;0;0;1;1;0;1;2;-19,72594839;-42,13212852;"SPRF-MG";"DEL06-MG";"UOP02-DEL06-MG"
353339;2021-04-22;"quinta-feira";"13:20:00";"SC";282;360;"ERVAL VELHO";"Velocidade Incompatível";"Saída de leito carroçável";"Com Vítimas Feridas";"Pleno dia";"Decrescente";"Céu Claro";"Simples";"Reta";"Não";1;0;1;0;0;0;1;1;-27,317354;-51,366764;"SPRF-SC";"DEL07-SC";"UOP05-DEL07-SC"
353340;2021-04-22;"quinta-feira";"09:26:00";"RJ";40;91;"PETROPOLIS";"Velocidade Incompatível";"Saída de leito carroçável";"Com Vítimas Feridas";"Pleno dia";"Decrescente";"Chuva";"Simples";"Curva";"Não";2;0;1;0;1;0;1;1;-22,54903566;-43,24229724;"SPRF-RJ";"DEL06-RJ";"UOP01-DEL06-RJ"
353341;2021-04-22;"quinta-feira";"16:50:00";"MG";381;503;"BETIM";"Desrespeitar a preferência no cruzamento";"Colisão transversal";"Com Vítimas Feridas";"Pleno dia";"Crescente";"Céu Claro";"Simples";"Interseção de Vias";"Sim";2;0;1;0;1;0;1;2;-20,02251841;-44,22926188;"SPRF-MG";"DEL01-MG";"UOP03-DEL01-MG"
353344;2021-04-22;"quinta-feira";"17:10:00";"PB";361;39,5;"CATINGUEIRA";"Conversão proibida";"Tombamento";"Com Vítimas Fatais";"Pleno dia";"Crescente";"Céu Claro";"Simples";"Reta";"Não";1;1;0;0;0;0;0;1;-7,098003;-37,595758;"SPRF-PB";"DEL03-PB";"UOP01-DEL03-PB"
353345;2021-04-22;"quinta-feira";"16:00:00";"RO";364;342;"JI-PARANA";"Condutor deixou de manter distância do veículo da frente";"Colisão traseira";"Com Vítimas Feridas";"Pleno dia";"Decrescente";"Céu Claro";"Dupla";"Reta;Ponte";"Sim";2;0;1;0;1;0;1;2;-10,88381227;-61,93741416;"SPRF-RO";"DEL02-RO";"UOP01-DEL02-RO"
353346;2021-04-22;"quinta-feira";"16:35:00";"ES";101;307;"VIANA";"Chuva";"Queda de ocupante de veículo";"Com Vítimas Feridas";"Pleno dia";"Crescente";"Chuva";"Dupla";"Curva";"Não";2;0;2;0;0;0;2;1;-20,39978524;-40,45604748;"SPRF-ES";"DEL01-ES";"UOP01-DEL01-ES"
353347;2021-04-22;"quinta-feira";"16:00:00";"BA";116;207;"EUCLIDES DA CUNHA";"Condutor deixou de manter distância do veículo da frente";"Colisão traseira";"Com Vítimas Feridas";"Pleno dia";"Decrescente";"Céu Claro";"Simples";"Declive";"Não";2;0;1;0;1;0;1;2;-10,47731204;-39,0206921;"SPRF-BA";"DEL07-BA";"UOP02-DEL07-BA"
353351;2021-04-22;"quinta-feira";"16:45:00";"GO";70;8,2;"AGUAS LINDAS DE GOIAS";"Reação tardia ou ineficiente do condutor";"Colisão traseira";"Com Vítimas Feridas";"Pleno dia";"Crescente";"Céu Claro";"Dupla";"Curva";"Sim";3;0;1;0;2;0;1;3;-15,73581542;-48,27641487;"SPRF-DF";"DEL03-DF";"UOP02-DEL03-DF"
353352;2021-04-22;"quinta-feira";"17:10:00";"SC";282;389,5;"JOACABA";"Acumulo de óleo sobre o pavimento";"Tombamento";"Com Vítimas Feridas";"Anoitecer";"Crescente";"Céu Claro";"Simples";"Reta";"Sim";1;0;1;0;0;0;1;1;-27,179414;-51,539068;"SPRF-SC";"DEL07-SC";"UOP05-DEL07-SC"
353354;2021-04-22;"quinta-feira";"17:00:00";"MG";40;564;"NOVA LIMA";"Manobra de mudança de faixa";"Colisão frontal";"Com Vítimas Fatais";"Pleno dia";"Crescente";"Céu Claro";"Simples";"Reta";"Sim";4;2;0;0;2;0;0;3;-20,16651078;-43,96528959;"SPRF-MG";"DEL01-MG";"UOP02-DEL01-MG"
353355;2021-04-22;"quinta-feira";"14:45:00";"GO";414;319,3;"VILA PROPICIO";"Condutor Dormindo";"Saída de leito carroçável";"Com Vítimas Feridas";"Pleno dia";"Decrescente";"Céu Claro";"Simples";"Curva";"Não";1;0;0;1;0;0;1;1;-15,20091703;-48,70185812;"SPRF-GO";"DEL02-GO";"UOP01-DEL02-GO"
353356;2021-04-22;"quinta-feira";"17:30:00";"ES";101;292;"CARIACICA";"Acessar a via sem observar a presença dos outros veículos";"Colisão lateral mesmo sentido";"Com Vítimas Feridas";"Plena Noite";"Crescente";"Nublado";"Dupla";"Reta";"Sim";3;0;0;1;2;0;1;3;-20,30650512;-40,39488717;"SPRF-ES";"DEL01-ES";"UOP01-DEL01-ES"
353357;2021-04-22;"quinta-feira";"17:00:00";"MG";381;687,7;"LAVRAS";"Reação tardia ou ineficiente do condutor";"Tombamento";"Com Vítimas Feridas";"Pleno dia";"Decrescente";"Céu Claro";"Dupla";"Aclive;Curva";"Não";1;0;1;0;0;0;1;1;-21,20874401;-45,12332598;"SPRF-MG";"DEL04-MG";"UOP02-DEL04-MG"
353358;2021-03-14;"domingo";"21:00:00";"BA";235;347;"JUAZEIRO";"Reação tardia ou ineficiente do condutor";"Colisão traseira";"Com Vítimas Fatais";"Plena Noite";"Crescente";"Ignorado";"Simples";"Reta";"Não";2;1;0;0;1;0;0;2;-9,45663;-40,46762;"SPRF-PE";"DEL06-PE";"UOP01-DEL06-PE"
353360;2021-04-22;"quinta-feira";"18:35:00";"BA";324;604,9;"SIMOES FILHO";"Pedestre cruzava a pista fora da faixa";"Atropelamento de Pedestre";"Com Vítimas Fatais";"Plena Noite";"Decrescente";"Nublado";"Dupla";"Reta";"Sim";3;1;0;0;2;0;0;2;-12,795992;-38,404407;"SPRF-BA";"DEL01-BA";"UOP01-DEL01-BA"
353361;2021-04-22;"quinta-feira";"18:05:00";"TO";153;496;"PARAISO DO TOCANTINS";"Acessar a via sem observar a presença dos outros veículos";"Colisão transversal";"Com Vítimas Feridas";"Anoitecer";"Crescente";"Nublado";"Simples";"Reta";"Sim";3;0;2;0;1;0;2;2;-10,16527794;-48,88094578;"SPRF-TO";"DEL01-TO";"UOP01-DEL01-TO"
353362;2021-04-10;"sábado";"19:45:00";"PA";163;1003;"SANTAREM";"Ultrapassagem Indevida";"Colisão frontal";"Com Vítimas Feridas";"Plena Noite";"Crescente";"Céu Claro";"Simples";"Curva";"Sim";2;0;0;2;0;0;2;2;-2,44688525;-54,73048152;"SPRF-PA";"DEL05-PA";"UOP01-DEL05-PA"
353364;2021-04-22;"quinta-feira";"18:30:00";"PR";476;142;"CURITIBA";"Reação tardia ou ineficiente do condutor";"Colisão lateral mesmo sentido";"Com Vítimas Feridas";"Plena Noite";"Crescente";"Nublado";"Dupla";"Declive";"Sim";4;0;1;0;3;0;1;3;-25,537161;-49,301632;"SPRF-PR";"DEL01-PR";"UOP03-DEL01-PR"
353366;2021-04-22;"quinta-feira";"17:00:00";"ES";101;144;"LINHARES";"Ausência de reação do condutor";"Colisão traseira";"Sem Vítimas";"Pleno dia";"Crescente";"Céu Claro";"Simples";"Reta";"Sim";2;0;0;0;2;0;0;2;-19,35188295;-40,0636685;"SPRF-ES";"DEL04-ES";"UOP01-DEL04-ES"
353368;2021-04-22;"quinta-feira";"18:50:00";"PR";277;585,6;"CASCAVEL";"Ingestão de álcool pelo condutor";"Colisão com objeto";"Com Vítimas Feridas";"Anoitecer";"Crescente";"Nublado";"Simples";"Reta";"Sim";3;0;1;0;2;0;1;3;-24,96400704;-53,41227401;"SPRF-PR";"DEL04-PR";"UOP01-DEL04-PR"
353370;2021-04-22;"quinta-feira";"18:44:00";"SP";381;88;"GUARULHOS";"Acesso irregular";"Atropelamento de Pedestre";"Com Vítimas Feridas";"Plena Noite";"Decrescente";"Céu Claro";"Dupla";"Reta";"Sim";2;0;0;1;0;1;1;2;-23,47469314;-46,56112919;"SPRF-SP";"DEL03-SP";"UOP01-DEL03-SP"
353371;2021-04-22;"quinta-feira";"19:30:00";"RS";285;501,6;"ENTRE-IJUIS";"Ingestão de álcool pelo condutor";"Tombamento";"Com Vítimas Feridas";"Plena Noite";"Crescente";"Céu Claro";"Simples";"Reta;Declive";"Não";2;0;2;0;0;0;2;1;-28,383951;-54,307785;"SPRF-RS";"DEL10-RS";"UOP01-DEL10-RS"
353373;2021-04-22;"quinta-feira";"18:45:00";"CE";116;10,9;"FORTALEZA";"Ausência de reação do condutor";"Colisão traseira";"Com Vítimas Feridas";"Plena Noite";"Crescente";"Céu Claro";"Dupla";"Reta";"Sim";2;0;0;1;1;0;1;2;-3,84263136;-38,49956989;"SPRF-CE";"DEL01-CE";"UOP02-DEL01-CE"
353374;2021-04-22;"quinta-feira";"08:30:00";"BA";101;63;"ENTRE RIOS";"Demais falhas mecânicas ou elétricas";"Colisão frontal";"Com Vítimas Feridas";"Pleno dia";"Decrescente";"Nublado";"Simples";"Reta";"Não";4;0;4;0;0;0;4;2;-11,96668305;-38,135598;"SPRF-BA";"DEL01-BA";"UOP04-DEL01-BA"
353375;2021-04-22;"quinta-feira";"19:45:00";"SP";116;230,5;"SAO PAULO";"Trafegar com motocicleta (ou similar) entre as faixas";"Colisão lateral mesmo sentido";"Com Vítimas Feridas";"Plena Noite";"Decrescente";"Céu Claro";"Múltipla";"Curva";"Sim";3;0;2;0;0;1;2;2;-23,52251783;-46,5855702;"SPRF-SP";"DEL01-SP";"UOP01-DEL01-SP"
353376;2021-04-22;"quinta-feira";"19:05:00";"PE";424;89;"GARANHUNS";"Acessar a via sem observar a presença dos outros veículos";"Colisão transversal";"Com Vítimas Feridas";"Plena Noite";"Crescente";"Céu Claro";"Simples";"Curva";"Sim";2;0;1;0;1;0;1;2;-8,89138375;-36,50571483;"SPRF-PE";"DEL03-PE";"UOP01-DEL03-PE"
353378;2021-04-22;"quinta-feira";"19:40:00";"SP";488;5,1;"APARECIDA";"Manobra de mudança de faixa";"Colisão lateral mesmo sentido";"Com Vítimas Feridas";"Pleno dia";"Decrescente";"Céu Claro";"Dupla";"Reta";"Sim";2;0;1;0;1;0;1;2;-22,86401612;-45,25551796;"SPRF-SP";"DEL08-SP";"UOP01-DEL08-SP"
353380;2021-04-22;"quinta-feira";"18:45:00";"RR";174;503;"BOA VISTA";"Pedestre cruzava a pista fora da faixa";"Atropelamento de Pedestre";"Com Vítimas Fatais";"Plena Noite";"Decrescente";"Céu Claro";"Dupla";"Reta";"Sim";2;1;0;1;0;0;1;2;2,85629147;-60,65174103;"SPRF-RR";"DEL01-RR";"UOP01-DEL01-RR"
353381;2021-04-22;"quinta-feira";"13:20:00";"RR";174;384;"CARACARAI";"Velocidade Incompatível";"Capotamento";"Com Vítimas Feridas";"Pleno dia";"Decrescente";"Céu Claro";"Simples";"Reta";"Não";3;0;2;1;0;0;3;1;1,958092;-61,071106;"SPRF-RR";"DEL01-RR";"UOP01-DEL01-RR"
353384;2021-04-22;"quinta-feira";"18:40:00";"RJ";495;31;"PETROPOLIS";"Desrespeitar a preferência no cruzamento";"Colisão transversal";"Com Vítimas Feridas";"Plena Noite";"Crescente";"Céu Claro";"Simples";"Interseção de Vias";"Sim";3;0;2;0;1;0;2;2;-22,381374;-43,132;"SPRF-RJ";"DEL06-RJ";"UOP01-DEL06-RJ"
353385;2021-04-22;"quinta-feira";"19:10:00";"RS";290;214;"PANTANO GRANDE";"Animais na Pista";"Atropelamento de Animal";"Sem Vítimas";"Plena Noite";"Decrescente";"Céu Claro";"Simples";"Reta";"Sim";2;0;0;0;2;0;0;1;-30,18833383;-52,36498117;"SPRF-RS";"DEL02-RS";"UOP03-DEL02-RS"
353386;2021-04-22;"quinta-feira";"08:10:00";"MG";116;276;"TEOFILO OTONI";"Ausência de reação do condutor";"Queda de ocupante de veículo";"Com Vítimas Feridas";"Pleno dia";"Crescente";"Céu Claro";"Simples";"Reta";"Sim";1;0;1;0;0;0;1;1;-17,85105696;-41,51454492;"SPRF-MG";"DEL11-MG";"UOP01-DEL11-MG"
353387;2021-04-22;"quinta-feira";"21:05:00";"PR";116;139;"MANDIRITUBA";"Animais na Pista";"Saída de leito carroçável";"Com Vítimas Feridas";"Plena Noite";"Crescente";"Céu Claro";"Dupla";"Reta";"Sim";2;0;1;0;1;0;1;2;-25,719412;-49,318027;"SPRF-PR";"DEL01-PR";"UOP03-DEL01-PR"
353388;2021-04-22;"quinta-feira";"11:30:00";"MG";116;193,5;"CARAI";"Ausência de reação do condutor";"Saída de leito carroçável";"Com Vítimas Feridas";"Pleno dia";"Decrescente";"Céu Claro";"Simples";"Reta";"Não";1;0;0;1;0;0;1;1;-17,18459593;-41,48605058;"SPRF-MG";"DEL11-MG";"UOP01-DEL11-MG"
353389;2021-04-22;"quinta-feira";"18:55:00";"SC";282;499,7;"XANXERE";"Estacionar ou parar em local proibido";"Atropelamento de Pedestre";"Com Vítimas Feridas";"Plena Noite";"Crescente";"Céu Claro";"Simples";"Declive";"Não";3;0;0;1;2;0;1;2;-26,881107;-52,365203;"SPRF-SC";"DEL07-SC";"UOP01-DEL07-SC"
353390;2021-04-22;"quinta-feira";"20:20:00";"GO";153;209;"URUACU";"Condutor deixou de manter distância do veículo da frente";"Colisão traseira";"Com Vítimas Feridas";"Plena Noite";"Decrescente";"Céu Claro";"Simples";"Reta";"Não";2;0;2;0;0;0;2;2;-14,596173;-49,163906;"SPRF-GO";"DEL07-GO";"UOP02-DEL07-GO"
353394;2021-04-22;"quinta-feira";"21:05:00";"RS";116;39,2;"VACARIA";"Ultrapassagem Indevida";"Colisão com objeto";"Com Vítimas Feridas";"Plena Noite";"Crescente";"Céu Claro";"Simples";"Rotatória";"Sim";3;0;0;1;0;2;1;2;-28,5120121;-50,93237991;"SPRF-RS";"DEL05-RS";"UOP03-DEL05-RS"
353398;2021-04-22;"quinta-feira";"22:50:00";"RS";116;149,9;"CAXIAS DO SUL";"Ingestão de álcool pelo condutor";"Colisão traseira";"Sem Vítimas";"Plena Noite";"Decrescente";"Céu Claro";"Dupla";"Interseção de Vias";"Sim";2;0;0;0;2;0;0;2;-29,15996905;-51,15645292;"SPRF-RS";"DEL05-RS";"UOP01-DEL05-RS"
353400;2021-04-22;"quinta-feira";"21:10:00";"MG";116;522,5;"CARATINGA";"Velocidade Incompatível";"Saída de leito carroçável";"Com Vítimas Feridas";"Plena Noite";"Decrescente";"Céu Claro";"Simples";"Reta";"Não";1;0;1;0;0;0;1;1;-19,74300101;-42,13231969;"SPRF-MG";"DEL06-MG";"UOP02-DEL06-MG"
353402;2021-04-22;"quinta-feira";"21:00:00";"RO";364;670;"CANDEIAS DO JAMARI";"Demais falhas mecânicas ou elétricas";"Incêndio";"Sem Vítimas";"Plena Noite";"Crescente";"Nublado";"Simples";"Reta";"Não";1;0;0;0;0;1;0;1;-8,7759036;-63,49873105;"SPRF-RO";"DEL01-RO";"UOP01-DEL01-RO"
353403;2021-04-22;"quinta-feira";"23:45:00";"GO";50;263,7;"CATALAO";"Ingestão de álcool pelo condutor";"Saída de leito carroçável";"Com Vítimas Feridas";"Plena Noite";"Crescente";"Céu Claro";"Dupla";"Reta";"Não";2;0;1;0;1;0;1;1;-18,0521;-47,863;"SPRF-GO";"DEL06-GO";"UOP01-DEL06-GO"
353405;2021-04-23;"sexta-feira";"00:20:00";"RS";290;373,3;"VILA NOVA DO SUL";"Manobra de mudança de faixa";"Colisão lateral mesmo sentido";"Com Vítimas Feridas";"Plena Noite";"Crescente";"Céu Claro";"Simples";"Reta";"Sim";4;0;1;1;1;1;2;2;-30,343616;-53,888298;"SPRF-RS";"DEL09-RS";"UOP02-DEL09-RS"
353406;2021-04-23;"sexta-feira";"01:14:00";"SE";101;198;"CRISTINAPOLIS";"Conversão proibida";"Colisão lateral mesmo sentido";"Sem Vítimas";"Plena Noite";"Decrescente";"Garoa/Chuvisco";"Simples";"Reta";"Sim";2;0;0;0;1;1;0;2;-11,47577697;-37,75465701;"SPRF-SE";"DEL02-SE";"UOP03-DEL02-SE"
353410;2021-04-23;"sexta-feira";"01:35:00";"SC";101;128;"CAMBORIU";"Ingestão de álcool pelo condutor";"Colisão com objeto";"Sem Vítimas";"Plena Noite";"Crescente";"Nublado";"Dupla";"Reta";"Não";1;0;0;0;0;1;0;1;-26,97284292;-48,68299451;"SPRF-SC";"DEL04-SC";"UOP03-DEL04-SC"
353413;2021-04-23;"sexta-feira";"03:15:00";"RS";392;1,7;"RIO GRANDE";"Velocidade Incompatível";"Saída de leito carroçável";"Sem Vítimas";"Plena Noite";"Crescente";"Céu Claro";"Simples";"Curva";"Não";1;0;0;0;1;0;0;1;-32,04488513;-52,0855305;"SPRF-RS";"DEL07-RS";"UOP02-DEL07-RS"
353415;2021-04-22;"quinta-feira";"17:00:00";"MG";365;417;"PATOS DE MINAS";"Conversão proibida";"Colisão traseira";"Sem Vítimas";"Pleno dia";"Decrescente";"Céu Claro";"Simples";"Reta";"Não";2;0;0;0;2;0;0;2;-18,686628;-46,578346;"SPRF-MG";"DEL10-MG";"UOP01-DEL10-MG"
353416;2021-01-17;"domingo";"09:45:00";"MG";50;49;"ARAGUARI";"Reação tardia ou ineficiente do condutor";"Tombamento";"Com Vítimas Feridas";"Pleno dia";"Crescente";"Nublado";"Dupla";"Curva";"Não";1;0;0;1;0;0;1;1;-18,73001552;-48,22061517;"SPRF-MG";"DEL15-MG";"UOP02-DEL15-MG"
353417;2021-04-23;"sexta-feira";"06:00:00";"PB";104;132,3;"CAMPINA GRANDE";"Conversão proibida";"Colisão transversal";"Sem Vítimas";"Pleno dia";"Crescente";"Céu Claro";"Simples";"Reta";"Sim";2;0;0;0;1;1;0;2;-7,30787596;-35,89344027;"SPRF-PB";"DEL02-PB";"UOP03-DEL02-PB"
353419;2021-04-23;"sexta-feira";"05:30:00";"MG";262;444,1;"NOVA SERRANA";"Animais na Pista";"Atropelamento de Animal";"Com Vítimas Feridas";"Amanhecer";"Decrescente";"Ignorado";"Simples";"Reta";"Sim";1;0;0;1;0;0;1;1;-19,881131;-44,931502;"SPRF-MG";"DEL08-MG";"UOP03-DEL08-MG"
353423;2021-04-23;"sexta-feira";"06:00:00";"RS";290;132;"ELDORADO DO SUL";"Transitar na contramão";"Colisão frontal";"Com Vítimas Feridas";"Amanhecer";"Decrescente";"Céu Claro";"Simples";"Reta";"Não";2;0;1;0;1;0;1;2;-30,061724;-51,530876;"SPRF-RS";"DEL02-RS";"UOP01-DEL02-RS"
353425;2021-04-23;"sexta-feira";"06:10:00";"PR";116;12;"COLOMBO";"Avarias e/ou desgaste excessivo no pneu";"Saída de leito carroçável";"Sem Vítimas";"Amanhecer";"Crescente";"Nevoeiro/Neblina";"Dupla";"Reta";"Sim";1;0;0;0;1;0;0;1;-25,3755;-49,1496;"SPRF-PR";"DEL01-PR";"UOP02-DEL01-PR"
353426;2021-04-23;"sexta-feira";"06:30:00";"RS";116;153;"CAXIAS DO SUL";"Ingestão de álcool pelo condutor";"Saída de leito carroçável";"Com Vítimas Fatais";"Pleno dia";"Crescente";"Céu Claro";"Simples";"Curva";"Sim";3;1;1;0;0;1;1;2;-29,18579758;-51,17713005;"SPRF-RS";"DEL05-RS";"UOP01-DEL05-RS"