"id";"data_inversa";"dia_semana";"horario";"uf";"br";"km";"municipio";"causa_acidente";"tipo_acidente";"classificacao_acidente";"fase_dia";"sentido_via";"condicao_metereologica";"tipo_pista";"tracado_via";"uso_solo";"pessoas";"mortos";"feridos_leves";"feridos_graves";"ilesos";"ignorados";"feridos";"veiculos";"latitude";"longitude";"regional";"delegacia";"uop"
353427;2021-04-23;"sexta-feira";"06:00:00";"RO";319;60;"PORTO VELHO";"Ingestão de substâncias psicoativas pelo condutor";"Colisão traseira";"Sem Vítimas";"Amanhecer";"Crescente";"Céu Claro";"Dupla";"Reta";"Sim";2;0;0;0;2;0;0;2;-8,76945471;-63,88347214;"SPRF-RO";"DEL01-RO";"UOP01-DEL01-RO"
353430;2021-04-23;"sexta-feira";"07:50:00";"DF";40;3,4;"BRASILIA";"Ausência de reação do condutor";"Colisão transversal";"Com Vítimas Feridas";"Pleno dia";"Decrescente";"Céu Claro";"Dupla";"Reta";"Não";2;0;1;0;1;0;1;2;-16,003145;-47,983944;"SPRF-DF";"DEL01-DF";"UOP01-DEL01-DF"
353431;2021-04-23;"sexta-feira";"06:45:00";"MG";116;517,7;"UBAPORANGA";"Desrespeitar a preferência no cruzamento";"Colisão transversal";"Com Vítimas Feridas";"Amanhecer";"Crescente";"Céu Claro";"Simples";"Reta";"Não";3;0;1;0;1;1;1;3;-19,70492713;-42,11720373;"SPRF-MG";"DEL06-MG";"UOP02-DEL06-MG"
353433;2021-04-23;"sexta-feira";"08:00:00";"MG";365;627,2;"UBERLANDIA";"Manobra de mudança de faixa";"Colisão lateral mesmo sentido";"Com Vítimas Feridas";"Pleno dia";"Decrescente";"Sol";"Múltipla";"Interseção de Vias;Reta;Declive;Em Obras;Desvio Temporário";"Sim";2;0;1;0;1;0;1;2;-18,90359335;-48,34361612;"SPRF-MG";"DEL15-MG";"UOP01-DEL15-MG"
353434;2021-04-23;"sexta-feira";"08:00:00";"RJ";40;87;"PETROPOLIS";"Demais falhas mecânicas ou elétricas";"Incêndio";"Com Vítimas Feridas";"Pleno dia";"Decrescente";"Céu Claro";"Simples";"Aclive;Curva";"Não";1;0;1;0;0;0;1;1;-22,5634914;-43,23183417;"SPRF-RJ";"DEL06-RJ";"UOP01-DEL06-RJ"
353435;2021-04-23;"sexta-feira";"08:25:00";"CE";116;18;"ITAITINGA";"Condutor deixou de manter distância do veículo da frente";"Tombamento";"Com Vítimas Feridas";"Pleno dia";"Decrescente";"Nublado";"Dupla";"Reta";"Sim";1;0;1;0;0;0;1;1;-3,90496605;-38,50518756;"SPRF-CE";"DEL01-CE";"UOP02-DEL01-CE"
353436;2021-04-23;"sexta-feira";"08:20:00";"GO";50;280;"CATALAO";"Condutor usando celular";"Colisão traseira";"Com Vítimas Feridas";"Pleno dia";"Crescente";"Céu Claro";"Dupla";"Reta";"Não";2;0;1;0;1;0;1;2;-18,1784;-47,9362;"SPRF-GO";"DEL06-GO";"UOP01-DEL06-GO"
353437;2021-04-22;"quinta-feira";"22:50:00";"SC";282;490;"FAXINAL DOS GUEDES";"Ingestão de álcool pelo condutor";"Colisão lateral mesmo sentido";"Sem Vítimas";"Plena Noite";"Crescente";"Céu Claro";"Simples";"Interseção de Vias";"Não";3;0;0;0;3;0;0;2;-26,85691569;-52,26078272;"SPRF-SC";"DEL07-SC";"UOP01-DEL07-SC"
353438;2021-01-30;"sábado";"21:30:00";"GO";40;8;"LUZIANIA";"Manobra de mudança de faixa";"Colisão lateral mesmo sentido";"Com Vítimas Feridas";"Plena Noite";"Decrescente";"Céu Claro";"Dupla";"Reta";"Sim";2;0;1;0;1;0;1;2;-16,131158;-47,957739;"SPRF-DF";"DEL01-DF";"UOP01-DEL01-DF"
353440;2021-04-23;"sexta-feira";"09:05:00";"GO";251;28;"CRISTALINA";"Ausência de reação do condutor";"Tombamento";"Com Vítimas Feridas";"Pleno dia";"Crescente";"Céu Claro";"Dupla";"Retorno Regulamentado";"Sim";1;0;0;1;0;0;1;1;-16,09323772;-47,50932455;"SPRF-DF";"DEL01-DF";"UOP01-DEL01-DF"
353441;2021-04-23;"sexta-feira";"09:00:00";"PR";369;128;"JATAIZINHO";"Manobra de mudança de faixa";"Colisão lateral mesmo sentido";"Com Vítimas Feridas";"Pleno dia";"Decrescente";"Céu Claro";"Dupla";"Reta";"Sim";2;0;1;0;1;0;1;2;-23,2677769;-50,9690876;"SPRF-PR";"DEL07-PR";"UOP01-DEL07-PR"
353442;2021-04-07;"quarta-feira";"11:57:00";"PB";104;116;"LAGOA SECA";"Acessar a via sem observar a presença dos outros veículos";"Colisão transversal";"Com Vítimas Feridas";"Pleno dia";"Decrescente";"Céu Claro";"Simples";"Aclive";"Sim";2;0;1;0;1;0;1;2;-7,18022102;-35,86480593;"SPRF-PB";"DEL02-PB";"UOP04-DEL02-PB"
353443;2021-04-09;"sexta-feira";"18:45:00";"PI";343;438,3;"LAGOINHA DO PIAUI";"Transitar na contramão";"Colisão frontal";"Com Vítimas Fatais";"Pleno dia";"Crescente";"Céu Claro";"Simples";"Reta";"Sim";4;1;3;0;0;0;3;2;-5,829276;-42,623116;"SPRF-PI";"DEL01-PI";"UOP02-DEL01-PI"
353445;2021-04-23;"sexta-feira";"09:40:00";"PR";277;70;"SAO JOSE DOS PINHAIS";"Acessar a via sem observar a presença dos outros veículos";"Colisão transversal";"Com Vítimas Feridas";"Pleno dia";"Crescente";"Céu Claro";"Dupla";"Retorno Regulamentado";"Sim";2;0;1;0;1;0;1;2;-25,51347462;-49,12399292;"SPRF-PR";"DEL01-PR";"UOP01-DEL01-PR"
353446;2021-04-23;"sexta-feira";"08:00:00";"MT";163;530;"DIAMANTINO";"Manobra de mudança de faixa";"Saída de leito carroçável";"Com Vítimas Feridas";"Pleno dia";"Crescente";"Céu Claro";"Simples";"Reta";"Não";2;0;1;0;1;0;1;2;-14,45712086;-56,14220112;"SPRF-MT";"DEL01-MT";"UOP01-DEL01-MT"
353447;2021-04-23;"sexta-feira";"06:40:00";"MG";116;111;"ITAOBIM";"Reação tardia ou ineficiente do condutor";"Saída de leito carroçável";"Com Vítimas Feridas";"Amanhecer";"Decrescente";"Céu Claro";"Simples";"Curva";"Não";3;0;2;1;0;0;3;1;-16,525054;-41,504687;"SPRF-MG";"DEL11-MG";"UOP02-DEL11-MG"
353448;2021-04-23;"sexta-feira";"08:20:00";"PR";476;142;"CURITIBA";"Condutor deixou de manter distância do veículo da frente";"Colisão lateral sentido oposto";"Com Vítimas Feridas";"Pleno dia";"Decrescente";"Sol";"Dupla";"Reta";"Sim";2;0;0;1;1;0;1;2;-25,537161;-49,301632;"SPRF-PR";"DEL01-PR";"UOP03-DEL01-PR"
353449;2021-04-23;"sexta-feira";"07:30:00";"PR";277;98;"CURITIBA";"Condutor deixou de manter distância do veículo da frente";"Colisão traseira";"Com Vítimas Feridas";"Pleno dia";"Decrescente";"Céu Claro";"Dupla";"Reta";"Sim";2;0;1;0;1;0;1;2;-25,540113;-49,311317;"SPRF-PR";"DEL01-PR";"UOP01-DEL01-PR"
353451;2021-04-23;"sexta-feira";"10:35:00";"RS";290;83;"PORTO ALEGRE";"Ausência de reação do condutor";"Colisão traseira";"Com Vítimas Feridas";"Pleno dia";"Crescente";"Sol";"Múltipla";"Reta";"Não";2;0;1;0;1;0;1;2;-29,959141;-51,088791;"SPRF-RS";"DEL01-RS";"UOP01-DEL01-RS"
353452;2021-04-23;"sexta-feira";"08:40:00";"MT";163;1036,6;"MATUPA";"Condutor deixou de manter distância do veículo da frente";"Queda de ocupante de veículo";"Com Vítimas Feridas";"Pleno dia";"Decrescente";"Sol";"Simples";"Reta";"Sim";1;0;1;0;0;0;1;1;-10,1862766;-54,94672991;"SPRF-MT";"DEL06-MT";"NPF/DEL06-MT"
353453;2021-04-23;"sexta-feira";"09:45:00";"SC";101;357;"SANGAO";"Reação tardia ou ineficiente do condutor";"Colisão traseira";"Com Vítimas Feridas";"Pleno dia";"Decrescente";"Sol";"Dupla";"Reta";"Não";2;0;1;0;1;0;1;2;-28,635168;-49,09467;"SPRF-SC";"DEL02-SC";"UOP01-DEL02-SC"
353454;2021-04-17;"sábado";"15:00:00";"MT";70;102;"GENERAL CARNEIRO";"Acostamento em desnível";"Saída de leito carroçável";"Com Vítimas Feridas";"Pleno dia";"Crescente";"Céu Claro";"Simples";"Reta";"Não";1;0;1;0;0;0;1;1;-15,56509201;-52,95968056;"SPRF-MT";"DEL07-MT";"UOP01-DEL07-MT"
353458;2021-04-23;"sexta-feira";"11:20:00";"SP";101;48,9;"UBATUBA";"Trafegar com motocicleta (ou similar) entre as faixas";"Eventos atípicos";"Com Vítimas Feridas";"Pleno dia";"Crescente";"Sol";"Simples";"Reta";"Sim";3;0;0;1;2;0;1;2;-23,43696329;-45,08768768;"SPRF-SP";"DEL06-SP";"UOP01-DEL06-SP"
353459;2021-04-23;"sexta-feira";"08:30:00";"RJ";101;314;"SAO GONCALO";"Demais falhas mecânicas ou elétricas";"Queda de ocupante de veículo";"Com Vítimas Feridas";"Pleno dia";"Crescente";"Céu Claro";"Dupla";"Reta";"Sim";2;0;2;0;0;0;2;1;-22,81648739;-43,07728467;"SPRF-RJ";"DEL02-RJ";"UOP02-DEL02-RJ"
353461;2021-04-23;"sexta-feira";"11:30:00";"MG";50;70,3;"UBERLANDIA";"Pista esburacada";"Tombamento";"Com Vítimas Feridas";"Pleno dia";"Decrescente";"Céu Claro";"Dupla";"Reta";"Sim";1;0;1;0;0;0;1;1;-18,892889;-48,252297;"SPRF-MG";"DEL15-MG";"UOP01-DEL15-MG"
353464;2021-04-23;"sexta-feira";"12:40:00";"MG";40;446,2;"PARAOPEBA";"Acumulo de areia ou detritos sobre o pavimento";"Tombamento";"Com Vítimas Feridas";"Pleno dia";"Decrescente";"Céu Claro";"Múltipla";"Viaduto;Aclive;Curva";"Não";1;0;1;0;0;0;1;1;-19,28815;-44,392;"SPRF-MG";"DEL02-MG";"UOP01-DEL02-MG"
353465;2021-04-23;"sexta-feira";"12:51:00";"RS";116;517;"PELOTAS";"Desrespeitar a preferência no cruzamento";"Colisão transversal";"Com Vítimas Feridas";"Pleno dia";"Decrescente";"Céu Claro";"Dupla";"Reta";"Sim";2;0;1;0;1;0;1;2;-31,67908686;-52,34256731;"SPRF-RS";"DEL07-RS";"UOP01-DEL07-RS"
353466;2021-04-23;"sexta-feira";"11:50:00";"RO";364;704;"PORTO VELHO";"Acessar a via sem observar a presença dos outros veículos";"Colisão transversal";"Com Vítimas Feridas";"Pleno dia";"Crescente";"Céu Claro";"Dupla";"Reta";"Não";4;0;1;0;1;2;1;3;-8,80032739;-63,804543;"SPRF-RO";"DEL01-RO";"UOP01-DEL01-RO"
353467;2021-04-23;"sexta-feira";"11:20:00";"SP";116;478;"JACUPIRANGA";"Reação tardia ou ineficiente do condutor";"Colisão com objeto";"Com Vítimas Feridas";"Pleno dia";"Crescente";"Sol";"Múltipla";"Reta";"Não";2;0;1;0;1;0;1;1;-24,70388258;-48,01063531;"SPRF-SP";"DEL05-SP";"UOP01-DEL05-SP"
353469;2021-04-14;"quarta-feira";"05:20:00";"MS";463;1,9;"DOURADOS";"Velocidade Incompatível";"Tombamento";"Com Vítimas Feridas";"Amanhecer";"Decrescente";"Céu Claro";"Simples";"Reta";"Não";1;0;1;0;0;0;1;1;-22,2592177;-54,82442884;"SPRF-MS";"DEL04-MS";"UOP01-DEL04-MS"
353473;2021-04-23;"sexta-feira";"13:20:00";"MG";40;580;"ITABIRITO";"Condutor Dormindo";"Saída de leito carroçável";"Com Vítimas Feridas";"Pleno dia";"Crescente";"Céu Claro";"Dupla";"Reta";"Não";1;0;1;0;0;0;1;1;-20,29439498;-43,93886497;"SPRF-MG";"DEL01-MG";"UOP02-DEL01-MG"
353474;2021-04-23;"sexta-feira";"13:40:00";"RS";116;505;"PELOTAS";"Manobra de mudança de faixa";"Saída de leito carroçável";"Com Vítimas Feridas";"Pleno dia";"Decrescente";"Céu Claro";"Dupla";"Reta";"Não";3;0;0;1;0;2;1;3;-31,58853468;-52,27995231;"SPRF-RS";"DEL07-RS";"UOP01-DEL07-RS"
353476;2021-04-23;"sexta-feira";"13:40:00";"BA";101;267;"SANTO ANTONIO DE JESUS";"Avarias e/ou desgaste excessivo no pneu";"Queda de ocupante de veículo";"Com Vítimas Feridas";"Pleno dia";"Decrescente";"Nublado";"Simples";"Declive";"Não";1;0;1;0;0;0;1;1;-13,002;-39,292;"SPRF-BA";"DEL01-BA";"UOP02-DEL01-BA"
353478;2021-04-18;"domingo";"15:45:00";"PA";163;1001;"SANTAREM";"Acessar a via sem observar a presença dos outros veículos";"Colisão transversal";"Com Vítimas Feridas";"Pleno dia";"Decrescente";"Garoa/Chuvisco";"Simples";"Reta";"Sim";4;0;0;1;3;0;1;2;-2,464507;-54,72745295;"SPRF-PA";"DEL05-PA";"UOP01-DEL05-PA"
353479;2021-04-23;"sexta-feira";"12:38:00";"SC";101;126;"ITAJAI";"Demais falhas mecânicas ou elétricas";"Incêndio";"Sem Vítimas";"Pleno dia";"Decrescente";"Céu Claro";"Dupla";"Reta";"Não";1;0;0;0;1;0;0;1;-26,95564404;-48,67978366;"SPRF-SC";"DEL04-SC";"UOP04-DEL04-SC"
353480;2021-04-23;"sexta-feira";"12:00:00";"BA";324;389;"GAVIAO";"Ultrapassagem Indevida";"Colisão transversal";"Sem Vítimas";"Pleno dia";"Crescente";"Céu Claro";"Simples";"Reta";"Não";2;0;0;0;2;0;0;2;-11,51234936;-39,73008433;"SPRF-BA";"DEL04-BA";"UOP02-DEL04-BA"
353483;2021-04-23;"sexta-feira";"14:15:00";"RN";406;169,9;"SAO GONCALO DO AMARANTE";"Condutor deixou de manter distância do veículo da frente";"Colisão traseira";"Sem Vítimas";"Pleno dia";"Crescente";"Sol";"Dupla";"Reta";"Não";2;0;0;0;2;0;0;2;-5,75570118;-35,30728507;"SPRF-RN";"DEL02-RN";"UOP01-DEL02-RN"
353484;2021-04-23;"sexta-feira";"06:30:00";"SC";101;129,1;"BALNEARIO CAMBORIU";"Ausência de reação do condutor";"Saída de leito carroçável";"Sem Vítimas";"Pleno dia";"Crescente";"Céu Claro";"Dupla";"Reta";"Sim";1;0;0;0;0;1;0;1;-26,98064277;-48,6790679;"SPRF-SC";"DEL04-SC";"UOP03-DEL04-SC"
353485;2021-04-23;"sexta-feira";"14:55:00";"RJ";101;18;"CAMPOS DOS GOYTACAZES";"Mal súbito do condutor";"Colisão frontal";"Com Vítimas Feridas";"Pleno dia";"Decrescente";"Céu Claro";"Simples";"Reta";"Não";3;0;1;0;2;0;1;2;-21,36674798;-41,33782488;"SPRF-RJ";"DEL08-RJ";"UOP01-DEL08-RJ"
353486;2021-04-23;"sexta-feira";"13:30:00";"BA";415;47;"ITABUNA";"Ultrapassagem Indevida";"Colisão transversal";"Com Vítimas Feridas";"Pleno dia";"Decrescente";"Nublado";"Simples";"Reta";"Sim";3;0;1;0;2;0;1;2;-14,816119;-39,299614;"SPRF-BA";"DEL05-BA";"UOP01-DEL05-BA"
353487;2021-04-23;"sexta-feira";"13:40:00";"SC";163;75;"SAO MIGUEL DO OESTE";"Pedestre cruzava a pista fora da faixa";"Atropelamento de Pedestre";"Com Vítimas Feridas";"Pleno dia";"Crescente";"Céu Claro";"Dupla";"Reta";"Sim";2;0;2;0;0;0;2;2;-26,69341396;-53,5158321;"SPRF-SC";"DEL07-SC";"UOP03-DEL07-SC"
353489;2021-04-23;"sexta-feira";"15:06:00";"SC";101;201;"SAO JOSE";"Condutor deixou de manter distância do veículo da frente";"Colisão traseira";"Com Vítimas Feridas";"Pleno dia";"Decrescente";"Céu Claro";"Dupla";"Reta";"Não";3;0;1;0;2;0;1;2;-27,54836599;-48,61977975;"SPRF-SC";"DEL01-SC";"UOP01-DEL01-SC"
353490;2021-04-23;"sexta-feira";"15:15:00";"PR";277;728,8;"FOZ DO IGUACU";"Avarias e/ou desgaste excessivo no pneu";"Queda de ocupante de veículo";"Com Vítimas Feridas";"Pleno dia";"Crescente";"Céu Claro";"Dupla";"Viaduto";"Não";2;0;1;1;0;0;2;1;-25,5097634;-54,57387201;"SPRF-PR";"DEL05-PR";"UOP03-DEL05-PR"
353491;2021-04-23;"sexta-feira";"07:30:00";"SC";163;69,4;"SAO MIGUEL DO OESTE";"Transitar na contramão";"Colisão transversal";"Com Vítimas Feridas";"Pleno dia";"Decrescente";"Céu Claro";"Dupla";"Curva;Declive;Interseção de Vias";"Sim";2;0;1;0;1;0;1;2;-26,74132699;-53,50120591;"SPRF-SC";"DEL07-SC";"UOP03-DEL07-SC"
353492;2021-04-23;"sexta-feira";"15:40:00";"MA";316;3;"BOA VISTA DO GURUPI";"Acessar a via sem observar a presença dos outros veículos";"Colisão transversal";"Com Vítimas Feridas";"Pleno dia";"Crescente";"Céu Claro";"Simples";"Reta";"Não";2;0;0;1;1;0;1;2;-1,8120704;-46,333952;"SPRF-MA";"DEL02-MA";"UOP01-DEL02-MA"
353493;2021-04-23;"sexta-feira";"12:40:00";"GO";158;157,3;"CAIAPONIA";"Condutor deixou de manter distância do veículo da frente";"Saída de leito carroçável";"Sem Vítimas";"Pleno dia";"Decrescente";"Céu Claro";"Simples";"Reta";"Sim";2;0;0;0;2;0;0;2;-16,955186;-51,827915;"SPRF-GO";"DEL05-GO";"UOP01-DEL05-GO"
353494;2021-04-23;"sexta-feira";"16:35:00";"RS";116;244;"SAO LEOPOLDO";"Reação tardia ou ineficiente do condutor";"Colisão lateral mesmo sentido";"Com Vítimas Feridas";"Pleno dia";"Decrescente";"Céu Claro";"Dupla";"Reta";"Sim";2;0;1;0;1;0;1;2;-29,7667;-51,154;"SPRF-RS";"DEL01-RS";"UOP02-DEL01-RS"
353495;2021-04-23;"sexta-feira";"15:00:00";"GO";153;506;"APARECIDA DE GOIANIA";"Reação tardia ou ineficiente do condutor";"Colisão com objeto";"Com Vítimas Feridas";"Pleno dia";"Decrescente";"Céu Claro";"Dupla";"Declive";"Sim";2;0;0;1;1;0;1;2;-16,7633;-49,24;"SPRF-GO";"DEL01-GO";"UOP01-DEL01-GO"
353496;2021-04-23;"sexta-feira";"16:20:00";"SC";101;207,4;"SAO JOSE";"Condutor deixou de manter distância do veículo da frente";"Colisão traseira";"Com Vítimas Feridas";"Pleno dia";"Decrescente";"Sol";"Simples";"Declive";"Sim";2;0;1;0;0;1;1;2;-27,60001226;-48,6226467;"SPRF-SC";"DEL01-SC";"UOP01-DEL01-SC"
353497;2021-04-23;"sexta-feira";"13:50:00";"BA";324;520;"FEIRA DE SANTANA";"Ausência de reação do condutor";"Atropelamento de Pedestre";"Com Vítimas Fatais";"Pleno dia";"Crescente";"Nublado";"Dupla";"Reta";"Não";2;1;0;0;1;0;0;2;-12,27376054;-38,93366564;"SPRF-BA";"DEL01-BA";"UOP03-DEL01-BA"
353498;2021-04-23;"sexta-feira";"15:20:00";"SC";280;82;"CORUPA";"Entrada inopinada do pedestre";"Atropelamento de Pedestre";"Com Vítimas Feridas";"Pleno dia";"Decrescente";"Céu Claro";"Simples";"Rotatória";"Sim";2;0;1;0;1;0;1;2;-26,44009491;-49,22605498;"SPRF-SC";"DEL06-SC";"UOP03-DEL06-SC"
353499;2021-04-23;"sexta-feira";"08:15:00";"RO";319;61;"PORTO VELHO";"Acessar a via sem observar a presença dos outros veículos";"Colisão transversal";"Com Vítimas Feridas";"Pleno dia";"Crescente";"Céu Claro";"Dupla";"Interseção de Vias";"Sim";2;0;1;0;1;0;1;2;-8,766685;-63,884052;"SPRF-RO";"DEL01-RO";"UOP01-DEL01-RO"
353500;2021-04-23;"sexta-feira";"16:45:00";"SP";116;277;"EMBU DAS ARTES";"Condutor usando celular";"Colisão traseira";"Com Vítimas Feridas";"Pleno dia";"Crescente";"Céu Claro";"Dupla";"Reta";"Sim";3;0;0;1;2;0;1;3;-23,64870535;-46,84395469;"SPRF-SP";"DEL04-SP";"UOP01-DEL04-SP"
353502;2021-04-23;"sexta-feira";"15:20:00";"MA";135;23;"SAO LUIS";"Manobra de mudança de faixa";"Colisão lateral mesmo sentido";"Com Vítimas Feridas";"Pleno dia";"Decrescente";"Céu Claro";"Dupla";"Reta;Retorno Regulamentado";"Sim";2;0;0;1;1;0;1;2;-2,53073;-44,3068;"SPRF-MA";"DEL01-MA";"UOP01-DEL01-MA"
353503;2021-04-23;"sexta-feira";"17:20:00";"RS";386;50,8;"SEBERI";"Acessar a via sem observar a presença dos outros veículos";"Colisão transversal";"Sem Vítimas";"Pleno dia";"Decrescente";"Céu Claro";"Simples";"Interseção de Vias";"Sim";2;0;0;0;2;0;0;2;-27,491682;-53,389172;"SPRF-RS";"DEL08-RS";"UOP02-DEL08-RS"
353504;2021-04-23;"sexta-feira";"15:50:00";"PR";476;195;"LAPA";"Acessar a via sem observar a presença dos outros veículos";"Colisão transversal";"Com Vítimas Feridas";"Pleno dia";"Crescente";"Nublado";"Simples";"Reta";"Sim";3;0;1;1;1;0;2;2;-25,746958;-49,718353;"SPRF-PR";"DEL02-PR";"UOP04-DEL02-PR"
353505;2021-04-23;"sexta-feira";"17:15:00";"RS";290;60;"GRAVATAI";"Avarias e/ou desgaste excessivo no pneu";"Saída de leito carroçável";"Com Vítimas Feridas";"Pleno dia";"Decrescente";"Céu Claro";"Dupla";"Reta";"Não";2;0;2;0;0;0;2;1;-29,924509;-50,858528;"SPRF-RS";"DEL03-RS";"UOP01-DEL03-RS"
353506;2021-04-23;"sexta-feira";"17:45:00";"PR";116;15;"COLOMBO";"Manobra de mudança de faixa";"Colisão lateral mesmo sentido";"Com Vítimas Feridas";"Anoitecer";"Crescente";"Céu Claro";"Dupla";"Reta";"Sim";2;0;1;0;1;0;1;2;-25,3848;-49,1711;"SPRF-PR";"DEL01-PR";"UOP02-DEL01-PR"
353507;2021-04-23;"sexta-feira";"08:40:00";"PB";230;12;"CABEDELO";"Reação tardia ou ineficiente do condutor";"Colisão com objeto";"Com Vítimas Feridas";"Pleno dia";"Crescente";"Céu Claro";"Dupla";"Reta";"Sim";2;0;1;0;1;0;1;1;-7,068;-34,85;"SPRF-PB";"DEL01-PB";"UOP01-DEL01-PB"
353508;2021-04-23;"sexta-feira";"16:40:00";"RS";290;100;"PORTO ALEGRE";"Velocidade Incompatível";"Colisão traseira";"Com Vítimas Feridas";"Pleno dia";"Crescente";"Céu Claro";"Dupla";"Reta";"Sim";7;0;1;0;6;0;1;5;-29,988646;-51,236553;"SPRF-RS";"DEL01-RS";"UOP01-DEL01-RS"
353509;2021-04-23;"sexta-feira";"17:20:00";"MG";50;70;"UBERLANDIA";"Ausência de reação do condutor";"Colisão traseira";"Com Vítimas Feridas";"Plena Noite";"Decrescente";"Céu Claro";"Dupla";"Reta";"Sim";3;0;2;0;1;0;2;2;-18,89255;-48,25283;"SPRF-MG";"DEL15-MG";"UOP01-DEL15-MG"
353510;2021-04-23;"sexta-feira";"18:00:00";"MG";40;627,8;"CONSELHEIRO LAFAIETE";"Condutor deixou de manter distância do veículo da frente";"Colisão traseira";"Com Vítimas Feridas";"Anoitecer";"Decrescente";"Céu Claro";"Dupla";"Curva";"Sim";2;0;1;0;1;0;1;2;-20,64595476;-43,81018373;"SPRF-MG";"DEL05-MG";"UOP02-DEL05-MG"
353512;2021-04-23;"sexta-feira";"17:55:00";"GO";60;97;"ANAPOLIS";"Manobra de mudança de faixa";"Colisão lateral mesmo sentido";"Sem Vítimas";"Anoitecer";"Decrescente";"Céu Claro";"Dupla";"Reta";"Sim";4;0;0;0;2;2;0;4;-16,3774;-48,9483;"SPRF-GO";"DEL02-GO";"UOP01-DEL02-GO"
353513;2021-04-23;"sexta-feira";"17:35:00";"GO";153;682;"ITUMBIARA";"Problema na suspensão";"Capotamento";"Com Vítimas Feridas";"Pleno dia";"Decrescente";"Céu Claro";"Dupla";"Declive;Reta";"Não";2;0;2;0;0;0;2;1;-18,2401;-49,2569;"SPRF-GO";"DEL03-GO";"UOP02-DEL03-GO"
353514;2021-04-23;"sexta-feira";"16:40:00";"PR";272;366,6;"CAMPO MOURAO";"Manobra de mudança de faixa";"Tombamento";"Com Vítimas Feridas";"Pleno dia";"Crescente";"Céu Claro";"Dupla";"Reta";"Sim";2;0;1;0;0;1;1;2;-24,04789002;-52,39559239;"SPRF-PR";"DEL09-PR";"UOP03-DEL09-PR"
353516;2021-04-23;"sexta-feira";"17:50:00";"PB";101;88,2;"JOAO PESSOA";"Velocidade Incompatível";"Colisão traseira";"Com Vítimas Feridas";"Anoitecer";"Crescente";"Céu Claro";"Dupla";"Reta";"Não";3;0;1;0;1;1;1;2;-7,16470016;-34,89993643;"SPRF-PB";"DEL01-PB";"UOP01-DEL01-PB"
353517;2021-04-23;"sexta-feira";"18:00:00";"RS";386;406;"TRIUNFO";"Ausência de reação do condutor";"Colisão traseira";"Com Vítimas Feridas";"Plena Noite";"Decrescente";"Céu Claro";"Simples";"Aclive";"Não";4;0;2;1;1;0;3;2;-29,78049005;-51,55232213;"SPRF-RS";"DEL04-RS";"UOP02-DEL04-RS"
353518;2021-04-23;"sexta-feira";"18:00:00";"PB";101;82;"BAYEUX";"Acesso irregular";"Tombamento";"Com Vítimas Feridas";"Anoitecer";"Decrescente";"Céu Claro";"Dupla";"Reta";"Sim";1;0;1;0;0;0;1;1;-7,12911;-34,93714;"SPRF-PB";"DEL01-PB";"UOP01-DEL01-PB"
353519;2021-04-23;"sexta-feira";"16:30:00";"BA";407;222;"CALDEIRAO GRANDE";"Acessar a via sem observar a presença dos outros veículos";"Colisão transversal";"Com Vítimas Feridas";"Anoitecer";"Crescente";"Céu Claro";"Simples";"Reta";"Não";2;0;0;1;1;0;1;2;-11,13951358;-40,06033123;"SPRF-BA";"DEL04-BA";"UOP02-DEL04-BA"
353520;2021-04-23;"sexta-feira";"18:10:00";"SC";101;265,2;"PAULO LOPES";"Animais na Pista";"Tombamento";"Com Vítimas Feridas";"Anoitecer";"Crescente";"Céu Claro";"Simples";"Reta";"Sim";1;0;0;1;0;0;1;1;-28,06001385;-48,71690948;"SPRF-SC";"DEL02-SC";"UOP03-DEL02-SC"
353521;2021-04-23;"sexta-feira";"18:30:00";"GO";153;513;"APARECIDA DE GOIANIA";"Acessar a via sem observar a presença dos outros veículos";"Colisão transversal";"Com Vítimas Feridas";"Anoitecer";"Decrescente";"Céu Claro";"Múltipla";"Reta";"Sim";2;0;1;1;0;0;2;2;-16,8244;-49,2421;"SPRF-GO";"DEL01-GO";"UOP03-DEL01-GO"
353522;2021-04-23;"sexta-feira";"18:20:00";"ES";101;212;"IBIRACU";"Ultrapassagem Indevida";"Colisão transversal";"Com Vítimas Feridas";"Amanhecer";"Decrescente";"Céu Claro";"Simples";"Retorno Regulamentado";"Sim";2;0;1;0;1;0;1;2;-19,81537521;-40,36655964;"SPRF-ES";"DEL02-ES";"UOP01-DEL02-ES"
353523;2021-04-23;"sexta-feira";"17:40:00";"MT";70;210;"GENERAL CARNEIRO";"Velocidade Incompatível";"Colisão traseira";"Com Vítimas Fatais";"Anoitecer";"Crescente";"Céu Claro";"Simples";"Reta";"Não";2;1;1;0;0;0;1;2;-15,72909538;-53,80946731;"SPRF-MT";"DEL05-MT";"UOP01-DEL05-MT"
353524;2021-04-23;"sexta-feira";"19:00:00";"SC";101;214;"PALHOCA";"Condutor deixou de manter distância do veículo da frente";"Colisão traseira";"Com Vítimas Feridas";"Plena Noite";"Crescente";"Céu Claro";"Múltipla";"Reta";"Sim";2;0;1;0;1;0;1;2;-27,64443;-48,67057;"SPRF-SC";"DEL01-SC";"UOP02-DEL01-SC"