"id";"data_inversa";"dia_semana";"horario";"uf";"br";"km";"municipio";"causa_acidente";"tipo_acidente";"classificacao_acidente";"fase_dia";"sentido_via";"condicao_metereologica";"tipo_pista";"tracado_via";"uso_solo";"pessoas";"mortos";"feridos_leves";"feridos_graves";"ilesos";"ignorados";"feridos";"veiculos";"latitude";"longitude";"regional";"delegacia";"uop"
353526;2021-04-23;"sexta-feira";"17:30:00";"SC";470;63;"INDAIAL";"Conversão proibida";"Colisão transversal";"Com Vítimas Feridas";"Pleno dia";"Decrescente";"Nublado";"Simples";"Reta";"Não";2;0;1;0;1;0;1;2;-26,872396;-49,19228;"SPRF-SC";"DEL04-SC";"UOP01-DEL04-SC"
353527;2021-04-23;"sexta-feira";"17:00:00";"RJ";101;65;"CAMPOS DOS GOYTACAZES";"Conversão proibida";"Colisão transversal";"Com Vítimas Feridas";"Pleno dia";"Crescente";"Céu Claro";"Simples";"Reta";"Sim";3;0;1;0;2;0;1;2;-21,75371806;-41,344292;"SPRF-RJ";"DEL08-RJ";"UOP02-DEL08-RJ"
353529;2021-04-23;"sexta-feira";"18:40:00";"RS";285;324,3;"PASSO FUNDO";"Ausência de reação do condutor";"Saída de leito carroçável";"Com Vítimas Feridas";"Anoitecer";"Crescente";"Céu Claro";"Simples";"Reta";"Não";1;0;1;0;0;0;1;1;-28,269268;-52,659126;"SPRF-RS";"DEL08-RS";"UOP03-DEL08-RS"
353530;2021-04-23;"sexta-feira";"19:20:00";"PI";343;24,3;"PARNAIBA";"Ausência de reação do condutor";"Colisão traseira";"Com Vítimas Feridas";"Plena Noite";"Decrescente";"Nublado";"Simples";"Reta";"Não";3;0;1;0;2;0;1;2;-3,01677;-41,768826;"SPRF-PI";"DEL05-PI";"UOP01-DEL05-PI"
353533;2021-04-23;"sexta-feira";"19:35:00";"PB";101;89,3;"BAYEUX";"Acesso irregular";"Colisão lateral mesmo sentido";"Com Vítimas Feridas";"Plena Noite";"Decrescente";"Céu Claro";"Múltipla";"Retorno Regulamentado";"Sim";3;0;2;0;1;0;2;2;-7,1710694;-34,89765372;"SPRF-PB";"DEL01-PB";"UOP02-DEL01-PB"
353534;2021-04-23;"sexta-feira";"18:49:00";"GO";40;12;"LUZIANIA";"Manobra de mudança de faixa";"Colisão traseira";"Com Vítimas Feridas";"Plena Noite";"Crescente";"Céu Claro";"Dupla";"Reta";"Sim";3;0;2;0;1;0;2;2;-16,145123;-47,945382;"SPRF-DF";"DEL01-DF";"UOP01-DEL01-DF"
353536;2021-04-23;"sexta-feira";"18:55:00";"PI";316;312,9;"PICOS";"Acessar a via sem observar a presença dos outros veículos";"Colisão transversal";"Com Vítimas Feridas";"Plena Noite";"Crescente";"Céu Claro";"Simples";"Reta";"Sim";4;0;1;2;1;0;3;2;-7,08092534;-41,4582602;"SPRF-PI";"DEL04-PI";"UOP01-DEL04-PI"
353539;2021-04-23;"sexta-feira";"19:00:00";"AP";210;0,7;"MACAPA";"Reação tardia ou ineficiente do condutor";"Colisão traseira";"Com Vítimas Feridas";"Plena Noite";"Decrescente";"Céu Claro";"Dupla";"Reta";"Sim";4;0;1;0;3;0;1;3;0,07780012;-51,06097;"SPRF-AP";"DEL01-AP";"UOP01-DEL01-AP"
353540;2021-04-23;"sexta-feira";"19:10:00";"RJ";101;264;"RIO BONITO";"Acessar a via sem observar a presença dos outros veículos";"Colisão transversal";"Sem Vítimas";"Plena Noite";"Decrescente";"Céu Claro";"Simples";"Rotatória";"Sim";2;0;0;0;2;0;0;2;-22,71818337;-42,63600702;"SPRF-RJ";"DEL02-RJ";"UOP03-DEL02-RJ"
353541;2021-04-23;"sexta-feira";"19:30:00";"SC";101;193;"BIGUACU";"Avarias e/ou desgaste excessivo no pneu";"Colisão com objeto";"Com Vítimas Feridas";"Plena Noite";"Crescente";"Chuva";"Dupla";"Curva";"Não";1;0;1;0;0;0;1;1;-27,489574;-48,655914;"SPRF-SC";"DEL01-SC";"UOP01-DEL01-SC"
353542;2021-04-23;"sexta-feira";"18:10:00";"MG";50;14,9;"ARAGUARI";"Condutor Dormindo";"Tombamento";"Com Vítimas Feridas";"Plena Noite";"Crescente";"Céu Claro";"Dupla";"Reta";"Não";1;0;1;0;0;0;1;1;-18,53888193;-48,04646111;"SPRF-MG";"DEL15-MG";"UOP02-DEL15-MG"
353543;2021-04-23;"sexta-feira";"19:10:00";"PR";277;81,5;"CURITIBA";"Avarias e/ou desgaste excessivo no pneu";"Queda de ocupante de veículo";"Com Vítimas Feridas";"Anoitecer";"Decrescente";"Céu Claro";"Dupla";"Reta";"Não";1;0;1;0;0;0;1;1;-25,4648339;-49,21686172;"SPRF-PR";"DEL01-PR";"UOP01-DEL01-PR"
353544;2021-04-23;"sexta-feira";"18:50:00";"MS";376;171,9;"NOVA ANDRADINA";"Ausência de reação do condutor";"Colisão com objeto";"Com Vítimas Feridas";"Plena Noite";"Crescente";"Nublado";"Múltipla";"Interseção de Vias";"Sim";1;0;1;0;0;0;1;1;-22,26691009;-53,36366507;"SPRF-MS";"DEL04-MS";"UOP04-DEL04-MS"
353545;2021-04-23;"sexta-feira";"20:00:00";"SC";101;199;"BIGUACU";"Condutor deixou de manter distância do veículo da frente";"Colisão traseira";"Com Vítimas Feridas";"Plena Noite";"Decrescente";"Céu Claro";"Simples";"Reta";"Sim";2;0;1;0;1;0;1;2;-27,53413705;-48,63003205;"SPRF-SC";"DEL01-SC";"UOP01-DEL01-SC"
353546;2021-04-23;"sexta-feira";"19:30:00";"PR";277;116;"CAMPO LARGO";"Acessar a via sem observar a presença dos outros veículos";"Colisão transversal";"Com Vítimas Fatais";"Plena Noite";"Decrescente";"Céu Claro";"Dupla";"Reta;Aclive";"Sim";2;1;0;0;1;0;0;2;-25,44862241;-49,51453328;"SPRF-PR";"DEL01-PR";"UOP03-DEL03-PR"
353547;2021-04-23;"sexta-feira";"19:50:00";"DF";60;6;"BRASILIA";"Velocidade Incompatível";"Saída de leito carroçável";"Com Vítimas Feridas";"Plena Noite";"Crescente";"Céu Claro";"Dupla";"Reta";"Sim";1;0;1;0;0;0;1;1;-15,897939;-48,113056;"SPRF-DF";"DEL03-DF";"UOP01-DEL03-DF"
353549;2021-04-23;"sexta-feira";"20:00:00";"PB";230;78,5;"RIACHAO DO POCO";"Acessar a via sem observar a presença dos outros veículos";"Colisão transversal";"Com Vítimas Feridas";"Plena Noite";"Decrescente";"Céu Claro";"Dupla";"Curva";"Não";2;0;1;0;1;0;1;2;-7,1849;-35,2955;"SPRF-PB";"DEL01-PB";"UOP03-DEL01-PB"
353553;2021-04-23;"sexta-feira";"16:00:00";"MG";262;445,3;"NOVA SERRANA";"Condutor deixou de manter distância do veículo da frente";"Colisão traseira";"Com Vítimas Feridas";"Pleno dia";"Decrescente";"Céu Claro";"Simples";"Reta";"Sim";2;0;1;0;1;0;1;2;-19,87799664;-44,94086286;"SPRF-MG";"DEL08-MG";"UOP03-DEL08-MG"
353556;2021-04-23;"sexta-feira";"18:30:00";"RJ";116;143,5;"DUQUE DE CAXIAS";"Condutor deixou de manter distância do veículo da frente";"Colisão traseira";"Com Vítimas Feridas";"Plena Noite";"Crescente";"Céu Claro";"Dupla";"Reta";"Sim";3;0;0;2;1;0;2;2;-22,67207544;-43,2816267;"SPRF-RJ";"DEL01-RJ";"UOP01-DEL01-RJ"
353557;2021-04-23;"sexta-feira";"16:30:00";"RO";364;422;"JARU";"Reação tardia ou ineficiente do condutor";"Tombamento";"Com Vítimas Feridas";"Pleno dia";"Crescente";"Céu Claro";"Simples";"Declive;Reta";"Sim";1;0;1;0;0;0;1;1;-10,4597532;-62,4558043;"SPRF-RO";"DEL03-RO";"UOP02-DEL03-RO"
353558;2021-04-23;"sexta-feira";"19:00:00";"RJ";101;400;"ITAGUAI";"Acessar a via sem observar a presença dos outros veículos";"Colisão transversal";"Com Vítimas Fatais";"Plena Noite";"Decrescente";"Céu Claro";"Dupla";"Reta";"Sim";2;1;0;0;1;0;0;2;-22,85105;-43,76677;"SPRF-RJ";"DEL03-RJ";"UOP01-DEL03-RJ"
353559;2021-04-23;"sexta-feira";"20:45:00";"RS";116;530,1;"CAPAO DO LEAO";"Reação tardia ou ineficiente do condutor";"Colisão lateral sentido oposto";"Com Vítimas Feridas";"Plena Noite";"Crescente";"Céu Claro";"Simples";"Reta";"Sim";2;0;1;0;1;0;1;2;-31,7590834;-52,43687971;"SPRF-RS";"DEL07-RS";"UOP01-DEL07-RS"
353560;2021-04-23;"sexta-feira";"21:30:00";"MG";365;460,8;"PATROCINIO";"Conversão proibida";"Colisão frontal";"Com Vítimas Feridas";"Plena Noite";"Crescente";"Ignorado";"Simples";"Reta";"Não";9;0;6;3;0;0;9;2;-18,87;-46,902;"SPRF-MG";"DEL10-MG";"UOP01-DEL10-MG"
353561;2021-04-23;"sexta-feira";"22:00:00";"BA";116;12;"VITORIA DA CONQUISTA";"Acessar a via sem observar a presença dos outros veículos";"Colisão transversal";"Com Vítimas Feridas";"Plena Noite";"Crescente";"Céu Claro";"Simples";"Reta;Rotatória;Retorno Regulamentado";"Sim";3;0;1;0;2;0;1;2;-14,872889;-40,871454;"SPRF-BA";"DEL08-BA";"UOP01-DEL08-BA"
353562;2021-04-23;"sexta-feira";"21:40:00";"PB";230;168,3;"CAMPINA GRANDE";"Transitar na contramão";"Colisão frontal";"Com Vítimas Fatais";"Plena Noite";"Crescente";"Céu Claro";"Simples";"Curva;Aclive";"Não";2;1;0;0;1;0;0;2;-7,190529;-35,966483;"SPRF-PB";"DEL02-PB";"UOP02-DEL02-PB"
353565;2021-04-23;"sexta-feira";"21:30:00";"PR";277;692;"SAO MIGUEL DO IGUACU";"Ausência de reação do condutor";"Saída de leito carroçável";"Sem Vítimas";"Plena Noite";"Crescente";"Céu Claro";"Dupla";"Reta";"Não";1;0;0;0;0;1;0;1;-25,36774473;-54,26181715;"SPRF-PR";"DEL05-PR";"UOP01-DEL05-PR"
353567;2021-04-23;"sexta-feira";"18:00:00";"SC";282;670,5;"PARAISO";"Ingestão de álcool pelo condutor";"Colisão frontal";"Com Vítimas Feridas";"Anoitecer";"Crescente";"Céu Claro";"Simples";"Curva;Declive";"Não";3;0;0;1;1;1;1;3;-26,630629;-53,640423;"SPRF-SC";"DEL07-SC";"UOP03-DEL07-SC"
353569;2021-04-23;"sexta-feira";"22:55:00";"SP";116;230,5;"SAO PAULO";"Pedestre cruzava a pista fora da faixa";"Atropelamento de Pedestre";"Com Vítimas Fatais";"Plena Noite";"Decrescente";"Céu Claro";"Múltipla";"Reta";"Sim";2;1;1;0;0;0;1;2;-23,52472313;-46,58694506;"SPRF-SP";"DEL01-SP";"UOP01-DEL01-SP"
353570;2021-04-23;"sexta-feira";"21:30:00";"SC";470;5;"NAVEGANTES";"Iluminação deficiente";"Queda de ocupante de veículo";"Com Vítimas Feridas";"Plena Noite";"Decrescente";"Céu Claro";"Dupla";"Reta";"Sim";2;0;1;1;0;0;2;2;-26,855688;-48,700333;"SPRF-SC";"DEL04-SC";"UOP04-DEL04-SC"
353573;2021-04-23;"sexta-feira";"23:05:00";"PE";101;50,4;"ABREU E LIMA";"Desrespeitar a preferência no cruzamento";"Colisão transversal";"Com Vítimas Feridas";"Plena Noite";"Crescente";"Céu Claro";"Múltipla";"Reta";"Sim";4;0;3;0;1;0;3;3;-7,9169968;-34,89689272;"SPRF-PE";"DEL01-PE";"UOP02-DEL01-PE"
353576;2021-04-24;"sábado";"01:25:00";"BA";116;460,1;"SANTO ESTEVAO";"Chuva";"Queda de ocupante de veículo";"Com Vítimas Fatais";"Plena Noite";"Decrescente";"Chuva";"Dupla";"Reta";"Sim";1;1;0;0;0;0;0;1;-12,42571818;-39,20648189;"SPRF-BA";"DEL02-BA";"UOP01-DEL02-BA"
353578;2021-04-23;"sexta-feira";"14:29:00";"MG";381;492;"BETIM";"Condutor deixou de manter distância do veículo da frente";"Colisão traseira";"Com Vítimas Feridas";"Pleno dia";"Decrescente";"Céu Claro";"Dupla";"Reta";"Sim";2;0;1;0;1;0;1;2;-19,97490091;-44,19004301;"SPRF-MG";"DEL01-MG";"UOP03-DEL01-MG"
353579;2021-04-24;"sábado";"01:10:00";"MG";262;353,7;"BETIM";"Animais na Pista";"Atropelamento de Animal";"Com Vítimas Feridas";"Plena Noite";"Decrescente";"Céu Claro";"Dupla";"Reta";"Não";1;0;1;0;0;0;1;1;-19,95947688;-44,15416308;"SPRF-MG";"DEL01-MG";"UOP03-DEL01-MG"
353580;2021-04-24;"sábado";"01:00:00";"RJ";101;506;"ANGRA DOS REIS";"Acessar a via sem observar a presença dos outros veículos";"Colisão transversal";"Com Vítimas Feridas";"Plena Noite";"Decrescente";"Céu Claro";"Simples";"Reta";"Não";2;0;1;0;1;0;1;2;-22,93493041;-44,40487313;"SPRF-RJ";"DEL03-RJ";"UOP02-DEL03-RJ"
353581;2021-04-24;"sábado";"03:08:00";"SP";153;61,4;"SAO JOSE DO RIO PRETO";"Ausência de reação do condutor";"Colisão traseira";"Com Vítimas Feridas";"Plena Noite";"Crescente";"Céu Claro";"Dupla";"Declive;Curva";"Sim";3;0;1;0;2;0;1;2;-20,80502876;-49,35574909;"SPRF-SP";"DEL09-SP";"UOP01-DEL09-SP"
353582;2021-04-24;"sábado";"01:45:00";"GO";20;142;"ALVORADA DO NORTE";"Acessar a via sem observar a presença dos outros veículos";"Colisão lateral mesmo sentido";"Com Vítimas Feridas";"Plena Noite";"Crescente";"Céu Claro";"Dupla";"Curva";"Não";2;0;1;0;1;0;1;1;-14,759251;-46,671932;"SPRF-DF";"DEL02-DF";"UOP03-DEL02-DF"
353585;2021-04-24;"sábado";"04:30:00";"MT";364;196,7;"RONDONOPOLIS";"Ultrapassagem Indevida";"Colisão frontal";"Com Vítimas Fatais";"Plena Noite";"Crescente";"Céu Claro";"Simples";"Aclive";"Não";3;1;0;2;0;0;2;2;-16,51632055;-54,6074167;"SPRF-MT";"DEL02-MT";"UOP01-DEL02-MT"
353589;2021-04-24;"sábado";"05:30:00";"MG";153;43,5;"CANAPOLIS";"Pedestre andava na pista";"Atropelamento de Pedestre";"Com Vítimas Fatais";"Plena Noite";"Decrescente";"Céu Claro";"Dupla";"Reta";"Não";2;1;0;0;0;1;0;2;-18,76410695;-49,07452386;"SPRF-MG";"DEL15-MG";"UOP03-DEL15-MG"
353593;2021-04-24;"sábado";"06:40:00";"PR";277;686,4;"SAO MIGUEL DO IGUACU";"Velocidade Incompatível";"Saída de leito carroçável";"Com Vítimas Feridas";"Amanhecer";"Crescente";"Nublado";"Dupla";"Reta";"Não";3;0;1;0;0;2;1;1;-25,33975596;-54,21578002;"SPRF-PR";"DEL05-PR";"UOP01-DEL05-PR"
353596;2021-04-24;"sábado";"04:00:00";"CE";222;121,4;"ITAPAJE";"Ultrapassagem Indevida";"Colisão frontal";"Com Vítimas Fatais";"Plena Noite";"Crescente";"Céu Claro";"Simples";"Aclive";"Sim";4;2;0;2;0;0;2;2;-3,71506803;-39,56689605;"SPRF-CE";"DEL04-CE";"UOP03-DEL04-CE"
353597;2021-04-24;"sábado";"07:10:00";"ES";101;260;"SERRA";"Reação tardia ou ineficiente do condutor";"Colisão frontal";"Com Vítimas Feridas";"Pleno dia";"Decrescente";"Sol";"Simples";"Reta";"Não";6;0;4;0;2;0;4;2;-20,14616415;-40,28836206;"SPRF-ES";"DEL02-ES";"UOP01-DEL02-ES"
353599;2021-04-24;"sábado";"06:30:00";"MT";364;551,9;"ROSARIO OESTE";"Avarias e/ou desgaste excessivo no pneu";"Saída de leito carroçável";"Sem Vítimas";"Pleno dia";"Crescente";"Céu Claro";"Dupla";"Reta";"Não";2;0;0;0;2;0;0;1;-14,840096;-56,440548;"SPRF-MT";"DEL01-MT";"UOP01-DEL01-MT"
353606;2021-04-24;"sábado";"08:10:00";"RN";110;48,5;"MOSSORO";"Condutor deixou de manter distância do veículo da frente";"Colisão lateral mesmo sentido";"Sem Vítimas";"Pleno dia";"Decrescente";"Céu Claro";"Dupla";"Rotatória";"Sim";2;0;0;0;1;1;0;2;-5,21228382;-37,33181303;"SPRF-RN";"DEL04-RN";"UOP01-DEL04-RN"
353609;2021-04-23;"sexta-feira";"23:10:00";"SP";116;155;"SAO JOSE DOS CAMPOS";"Ausência de reação do condutor";"Colisão com objeto";"Sem Vítimas";"Plena Noite";"Decrescente";"Céu Claro";"Dupla";"Reta";"Sim";1;0;0;0;1;0;0;1;-23,24801669;-45,93172068;"SPRF-SP";"DEL02-SP";"UOP01-DEL02-SP"
353611;2021-04-24;"sábado";"08:45:00";"MG";40;770,7;"JUIZ DE FORA";"Ausência de reação do condutor";"Tombamento";"Com Vítimas Feridas";"Pleno dia";"Crescente";"Céu Claro";"Simples";"Curva";"Não";1;0;1;0;0;0;1;1;-21,59924304;-43,4579108;"SPRF-MG";"DEL05-MG";"UOP01-DEL05-MG"
353614;2021-04-24;"sábado";"07:20:00";"RJ";101;299;"ITABORAI";"Ausência de reação do condutor";"Saída de leito carroçável";"Com Vítimas Feridas";"Pleno dia";"Decrescente";"Sol";"Dupla";"Reta";"Sim";2;0;1;0;1;0;1;1;-22,77432673;-42,93823207;"SPRF-RJ";"DEL02-RJ";"UOP02-DEL02-RJ"
353615;2021-04-24;"sábado";"07:30:00";"RJ";116;174;"MESQUITA";"Pedestre cruzava a pista fora da faixa";"Atropelamento de Pedestre";"Com Vítimas Feridas";"Pleno dia";"Decrescente";"Céu Claro";"Dupla";"Reta";"Sim";2;0;1;0;1;0;1;2;-22,79423806;-43,36403759;"SPRF-RJ";"DEL01-RJ";"UOP02-DEL01-RJ"
353616;2021-04-24;"sábado";"07:58:00";"MT";364;290;"JACIARA";"Demais falhas mecânicas ou elétricas";"Queda de ocupante de veículo";"Com Vítimas Feridas";"Pleno dia";"Decrescente";"Céu Claro";"Dupla";"Curva";"Não";2;0;2;0;0;0;2;1;-15,90475053;-55,09158825;"SPRF-MT";"DEL05-MT";"UOP02-DEL05-MT"
353618;2021-04-24;"sábado";"08:15:00";"MG";50;17;"UBERLANDIA";"Reação tardia ou ineficiente do condutor";"Queda de ocupante de veículo";"Com Vítimas Feridas";"Pleno dia";"Crescente";"Céu Claro";"Dupla";"Reta";"Sim";2;0;2;0;0;0;2;2;-18,9113;-48,2622;"SPRF-MG";"DEL15-MG";"UOP01-DEL15-MG"
353619;2021-04-24;"sábado";"10:00:00";"SC";101;208,3;"SAO JOSE";"Reação tardia ou ineficiente do condutor";"Engavetamento";"Sem Vítimas";"Pleno dia";"Crescente";"Sol";"Múltipla";"Reta";"Sim";4;0;0;0;4;0;0;4;-27,60327979;-48,63201818;"SPRF-SC";"DEL01-SC";"UOP01-DEL01-SC"
353621;2021-04-24;"sábado";"08:45:00";"MG";251;472,7;"FRANCISCO SA";"Pista Escorregadia";"Tombamento";"Com Vítimas Feridas";"Pleno dia";"Crescente";"Céu Claro";"Simples";"Curva";"Não";1;0;1;0;0;0;1;1;-16,4669101;-43,43947986;"SPRF-MG";"DEL12-MG";"UOP01-DEL12-MG"
353622;2021-04-24;"sábado";"07:40:00";"RS";285;211;"LAGOA VERMELHA";"Ingestão de álcool pelo condutor";"Saída de leito carroçável";"Com Vítimas Feridas";"Pleno dia";"Decrescente";"Céu Claro";"Simples";"Curva";"Não";2;0;2;0;0;0;2;1;-28,231436;-51,629745;"SPRF-RS";"DEL08-RS";"UOP05-DEL08-RS"
353623;2021-04-24;"sábado";"10:00:00";"SC";282;341,6;"CAMPOS NOVOS";"Acessar a via sem observar a presença dos outros veículos";"Colisão transversal";"Com Vítimas Feridas";"Pleno dia";"Crescente";"Céu Claro";"Simples";"Reta";"Sim";2;0;1;0;1;0;1;2;-27,389957;-51,213387;"SPRF-SC";"DEL07-SC";"UOP06-DEL07-SC"
353624;2021-03-19;"sexta-feira";"17:00:00";"BA";407;143;"SENHOR DO BONFIM";"Ausência de reação do condutor";"Queda de ocupante de veículo";"Com Vítimas Feridas";"Pleno dia";"Decrescente";"Céu Claro";"Simples";"Reta";"Não";1;0;0;1;0;0;1;1;-10,62214226;-40,13065338;"SPRF-BA";"DEL04-BA";"UOP01-DEL04-BA"
353625;2021-04-24;"sábado";"10:10:00";"RJ";116;68;"TERESOPOLIS";"Condutor deixou de manter distância do veículo da frente";"Colisão traseira";"Com Vítimas Feridas";"Pleno dia";"Crescente";"Céu Claro";"Simples";"Reta";"Não";4;0;1;0;3;0;1;3;-22,30203301;-42,93608798;"SPRF-RJ";"DEL04-RJ";"UOP01-DEL04-RJ"
353626;2021-04-24;"sábado";"10:00:00";"SP";116;391,6;"MIRACATU";"Ausência de reação do condutor";"Saída de leito carroçável";"Com Vítimas Feridas";"Pleno dia";"Crescente";"Céu Claro";"Dupla";"Curva";"Não";2;0;2;0;0;0;2;1;-24,27988597;-47,42392801;"SPRF-SP";"DEL04-SP";"UOP02-DEL04-SP"
353627;2021-04-24;"sábado";"11:15:00";"SP";116;224;"GUARULHOS";"Ausência de reação do condutor";"Colisão lateral mesmo sentido";"Com Vítimas Feridas";"Pleno dia";"Crescente";"Céu Claro";"Múltipla";"Reta";"Não";2;0;1;0;1;0;1;2;-23,48071896;-46,53271603;"SPRF-SP";"DEL01-SP";"UOP01-DEL01-SP"
353628;2021-04-24;"sábado";"09:30:00";"RS";116;206,7;"PICADA CAFE";"Velocidade Incompatível";"Tombamento";"Com Vítimas Feridas";"Pleno dia";"Decrescente";"Céu Claro";"Simples";"Curva";"Não";1;0;1;0;0;0;1;1;-29,49966726;-51,1306017;"SPRF-RS";"DEL05-RS";"UOP02-DEL05-RS"
353633;2021-04-24;"sábado";"11:17:00";"RJ";101;404;"MANGARATIBA";"Acessar a via sem observar a presença dos outros veículos";"Colisão transversal";"Com Vítimas Feridas";"Pleno dia";"Decrescente";"Céu Claro";"Simples";"Reta";"Não";2;0;1;0;1;0;1;2;-22,914831;-43,901738;"SPRF-RJ";"DEL03-RJ";"UOP01-DEL03-RJ"
353634;2021-04-24;"sábado";"12:00:00";"ES";101;257,7;"SERRA";"Ausência de reação do condutor";"Queda de ocupante de veículo";"Com Vítimas Feridas";"Pleno dia";"Crescente";"Sol";"Dupla";"Reta";"Não";1;0;1;0;0;0;1;1;-20,12455095;-40,30331881;"SPRF-ES";"DEL02-ES";"UOP01-DEL02-ES"
353635;2021-04-24;"sábado";"12:00:00";"RS";386;229,3;"SOLEDADE";"Velocidade Incompatível";"Saída de leito carroçável";"Sem Vítimas";"Pleno dia";"Crescente";"Nublado";"Simples";"Curva;Declive";"Não";1;0;0;0;0;1;0;1;-28,68824;-52,586773;"SPRF-RS";"DEL04-RS";"UOP03-DEL04-RS"
353636;2021-04-24;"sábado";"10:15:00";"PR";163;17,6;"BOM JESUS DO SUL";"Reação tardia ou ineficiente do condutor";"Tombamento";"Com Vítimas Feridas";"Pleno dia";"Decrescente";"Nublado";"Simples";"Declive;Curva";"Não";2;0;2;0;0;0;2;1;-26,189906;-53,655726;"SPRF-PR";"DEL02-PR";"UOP02-DEL02-PR"
353637;2021-04-24;"sábado";"13:30:00";"ES";101;392,9;"RIO NOVO DO SUL";"Acessar a via sem observar a presença dos outros veículos";"Colisão transversal";"Com Vítimas Feridas";"Pleno dia";"Decrescente";"Céu Claro";"Simples";"Interseção de Vias";"Não";2;0;0;1;1;0;1;2;-20,86733567;-40,90426608;"SPRF-ES";"DEL03-ES";"UOP02-DEL03-ES"
353638;2021-04-24;"sábado";"12:40:00";"PR";153;38,4;"SANTO ANTONIO DA PLATINA";"Ausência de reação do condutor";"Saída de leito carroçável";"Sem Vítimas";"Pleno dia";"Crescente";"Céu Claro";"Simples";"Reta";"Não";2;0;0;0;1;1;0;1;-23,26665491;-50,06410039;"SPRF-PR";"DEL07-PR";"UOP04-DEL07-PR"
353640;2021-04-24;"sábado";"14:00:00";"SP";101;51;"UBATUBA";"Reação tardia ou ineficiente do condutor";"Colisão traseira";"Com Vítimas Feridas";"Pleno dia";"Crescente";"Céu Claro";"Simples";"Reta";"Sim";2;0;1;0;1;0;1;2;-23,45627795;-45,07111896;"SPRF-SP";"DEL06-SP";"UOP01-DEL06-SP"
353643;2021-04-24;"sábado";"14:00:00";"MT";70;155;"GENERAL CARNEIRO";"Acessar a via sem observar a presença dos outros veículos";"Colisão transversal";"Com Vítimas Feridas";"Pleno dia";"Decrescente";"Céu Claro";"Simples";"Reta";"Sim";2;0;1;0;1;0;1;2;-15,57168711;-53,41601399;"SPRF-MT";"DEL05-MT";"UOP01-DEL05-MT"
353646;2021-04-24;"sábado";"15:12:00";"PR";376;4;"MARINGA";"Ingestão de álcool pelo condutor";"Colisão traseira";"Com Vítimas Feridas";"Pleno dia";"Decrescente";"Céu Claro";"Dupla";"Reta";"Sim";4;0;0;1;3;0;1;2;-23,4273;-51,9375;"SPRF-PR";"DEL09-PR";"UOP01-DEL09-PR"
353648;2021-04-24;"sábado";"15:00:00";"SP";116;461;"PARIQUERA-ACU";"Ultrapassagem Indevida";"Tombamento";"Com Vítimas Feridas";"Pleno dia";"Crescente";"Céu Claro";"Dupla";"Reta";"Não";2;0;1;0;0;1;1;2;-24,61789616;-47,89079905;"SPRF-SP";"DEL05-SP";"UOP01-DEL05-SP"
353649;2021-04-24;"sábado";"15:50:00";"ES";101;109,3;"SOORETAMA";"Demais falhas mecânicas ou elétricas";"Colisão lateral sentido oposto";"Sem Vítimas";"Pleno dia";"Decrescente";"Céu Claro";"Simples";"Declive";"Não";2;0;0;0;2;0;0;2;-19,0539768;-40,0308224;"SPRF-ES";"DEL04-ES";"UOP01-DEL04-ES"
353651;2021-04-24;"sábado";"15:40:00";"PR";277;602,2;"CASCAVEL";"Manobra de mudança de faixa";"Queda de ocupante de veículo";"Com Vítimas Feridas";"Pleno dia";"Crescente";"Garoa/Chuvisco";"Dupla";"Declive";"Não";1;0;1;0;0;0;1;1;-25,02829499;-53,56186867;"SPRF-PR";"DEL04-PR";"UOP01-DEL04-PR"
353652;2021-03-10;"quarta-feira";"18:10:00";"MG";251;465;"FRANCISCO SA";"Velocidade Incompatível";"Colisão com objeto";"Com Vítimas Feridas";"Anoitecer";"Crescente";"Chuva";"Simples";"Curva";"Não";2;0;1;0;1;0;1;1;-16,45710399;-43,40386502;"SPRF-MG";"DEL12-MG";"UOP01-DEL12-MG"
353653;2021-04-24;"sábado";"15:00:00";"PR";116;2;"CAMPINA GRANDE DO SUL";"Velocidade Incompatível";"Saída de leito carroçável";"Com Vítimas Fatais";"Pleno dia";"Crescente";"Céu Claro";"Dupla";"Curva";"Não";1;1;0;0;0;0;0;1;-25,06602975;-48,57857703;"SPRF-PR";"DEL01-PR";"UOP02-DEL01-PR"
353655;2021-04-24;"sábado";"13:00:00";"RR";401;38;"BONFIM";"Ingestão de álcool pelo condutor";"Saída de leito carroçável";"Sem Vítimas";"Pleno dia";"Decrescente";"Nublado";"Simples";"Reta";"Não";1;0;0;0;1;0;0;1;2,98123291;-60,44090691;"SPRF-RR";"DEL01-RR";"UOP01-DEL01-RR"
353656;2021-04-24;"sábado";"13:10:00";"MG";50;78,1;"UBERLANDIA";"Avarias e/ou desgaste excessivo no pneu";"Queda de ocupante de veículo";"Com Vítimas Feridas";"Pleno dia";"Crescente";"Céu Claro";"Dupla";"Reta";"Não";1;0;1;0;0;0;1;1;-18,986906;-48,211853;"SPRF-MG";"DEL15-MG";"UOP01-DEL15-MG"
353657;2021-04-24;"sábado";"16:30:00";"RS";116;245;"SAO LEOPOLDO";"Ausência de reação do condutor";"Tombamento";"Com Vítimas Feridas";"Pleno dia";"Crescente";"Nublado";"Dupla";"Reta";"Sim";2;0;2;0;0;0;2;1;-29,75416934;-51,15174294;"SPRF-RS";"DEL01-RS";"UOP02-DEL01-RS"