"id";"data_inversa";"dia_semana";"horario";"uf";"br";"km";"municipio";"causa_acidente";"tipo_acidente";"classificacao_acidente";"fase_dia";"sentido_via";"condicao_metereologica";"tipo_pista";"tracado_via";"uso_solo";"pessoas";"mortos";"feridos_leves";"feridos_graves";"ilesos";"ignorados";"feridos";"veiculos";"latitude";"longitude";"regional";"delegacia";"uop"
353659;2021-04-24;"sábado";"16:50:00";"GO";153;515;"APARECIDA DE GOIANIA";"Ausência de reação do condutor";"Colisão lateral mesmo sentido";"Com Vítimas Feridas";"Pleno dia";"Decrescente";"Céu Claro";"Dupla";"Reta";"Sim";2;0;0;1;1;0;1;2;-16,8413;-49,2454;"SPRF-GO";"DEL01-GO";"UOP03-DEL01-GO"
353661;2021-04-24;"sábado";"17:00:00";"MG";459;60,6;"IPUIUNA";"Acessar a via sem observar a presença dos outros veículos";"Colisão frontal";"Com Vítimas Feridas";"Anoitecer";"Decrescente";"Céu Claro";"Simples";"Reta";"Sim";3;0;0;1;0;2;1;3;-22,09985565;-46,1831975;"SPRF-MG";"DEL09-MG";"UOP01-DEL09-MG"
353663;2021-02-27;"sábado";"18:20:00";"MG";40;611,1;"CONGONHAS";"Ultrapassagem Indevida";"Colisão frontal";"Com Vítimas Feridas";"Pleno dia";"Crescente";"Nublado";"Simples";"Reta";"Sim";4;0;2;2;0;0;4;2;-20,51043545;-43,84039195;"SPRF-MG";"DEL05-MG";"UOP02-DEL05-MG"
353664;2021-04-24;"sábado";"16:45:00";"SP";116;490;"CAJATI";"Ingestão de álcool pelo condutor";"Colisão com objeto";"Sem Vítimas";"Anoitecer";"Crescente";"Céu Claro";"Dupla";"Reta";"Sim";1;0;0;0;1;0;0;1;-24,73464809;-48,11602794;"SPRF-SP";"DEL05-SP";"UOP01-DEL05-SP"
353665;2021-04-24;"sábado";"17:00:00";"RJ";101;309;"SAO GONCALO";"Manobra de mudança de faixa";"Colisão traseira";"Com Vítimas Feridas";"Anoitecer";"Decrescente";"Céu Claro";"Múltipla";"Reta";"Sim";2;0;1;0;1;0;1;2;-22,79498873;-43,03446105;"SPRF-RJ";"DEL02-RJ";"UOP02-DEL02-RJ"
353666;2021-04-24;"sábado";"17:20:00";"PI";316;0,5;"TERESINA";"Acesso irregular";"Colisão transversal";"Com Vítimas Feridas";"Pleno dia";"Crescente";"Céu Claro";"Dupla";"Interseção de Vias";"Sim";2;0;1;0;1;0;1;2;-5,131168;-42,81564;"SPRF-PI";"DEL01-PI";"UOP02-DEL01-PI"
353668;2021-04-24;"sábado";"15:20:00";"PB";104;144,7;"QUEIMADAS";"Avarias e/ou desgaste excessivo no pneu";"Saída de leito carroçável";"Com Vítimas Feridas";"Pleno dia";"Decrescente";"Nublado";"Simples";"Reta";"Não";4;0;2;0;2;0;2;1;-7,41378301;-35,89590012;"SPRF-PB";"DEL02-PB";"UOP03-DEL02-PB"
353669;2021-04-24;"sábado";"14:45:00";"MG";262;168;"SAO DOMINGOS DO PRATA";"Manobra de mudança de faixa";"Colisão traseira";"Com Vítimas Feridas";"Pleno dia";"Decrescente";"Céu Claro";"Simples";"Reta";"Não";3;0;0;1;2;0;1;2;-19,95764329;-42,90645393;"SPRF-MG";"DEL03-MG";"UOP03-DEL03-MG"
353670;2021-04-24;"sábado";"17:20:00";"PR";373;438,4;"CHOPINZINHO";"Reação tardia ou ineficiente do condutor";"Colisão com objeto";"Com Vítimas Feridas";"Pleno dia";"Decrescente";"Garoa/Chuvisco";"Simples";"Curva";"Não";3;0;2;0;1;0;2;1;-25,79881412;-52,2748969;"SPRF-PR";"DEL02-PR";"UOP01-DEL02-PR"
353671;2021-04-24;"sábado";"16:30:00";"MT";163;24;"ITIQUIRA";"Velocidade Incompatível";"Saída de leito carroçável";"Com Vítimas Feridas";"Pleno dia";"Crescente";"Sol";"Dupla";"Reta";"Não";2;0;2;0;0;0;2;1;-17,30716398;-54,76245284;"SPRF-MT";"DEL02-MT";"UOP01-DEL02-MT"
353674;2021-04-24;"sábado";"18:15:00";"GO";158;259;"JATAI";"Avarias e/ou desgaste excessivo no pneu";"Saída de leito carroçável";"Com Vítimas Feridas";"Anoitecer";"Crescente";"Céu Claro";"Simples";"Curva";"Não";2;0;2;0;0;0;2;1;-17,79845982;-51,79357965;"SPRF-GO";"DEL05-GO";"UOP01-DEL05-GO"
353676;2021-04-24;"sábado";"18:25:00";"PB";101;30,7;"MAMANGUAPE";"Ausência de sinalização";"Colisão com objeto";"Com Vítimas Feridas";"Plena Noite";"Crescente";"Céu Claro";"Dupla";"Interseção de Vias";"Não";1;0;1;0;0;0;1;1;-6,748999;-35,133778;"SPRF-PB";"DEL01-PB";"UOP04-DEL01-PB"
353677;2021-04-24;"sábado";"18:00:00";"PB";230;11;"CABEDELO";"Ausência de reação do condutor";"Colisão traseira";"Com Vítimas Feridas";"Plena Noite";"Crescente";"Céu Claro";"Dupla";"Reta";"Sim";3;0;1;0;1;1;1;3;-7,07223127;-34,84974861;"SPRF-PB";"DEL01-PB";"UOP01-DEL01-PB"
353678;2021-04-24;"sábado";"19:00:00";"SP";116;227;"SAO PAULO";"Ausência de reação do condutor";"Colisão traseira";"Com Vítimas Feridas";"Plena Noite";"Decrescente";"Céu Claro";"Múltipla";"Reta";"Sim";3;0;0;1;2;0;1;2;-23,49659264;-46,55648754;"SPRF-SP";"DEL01-SP";"UOP01-DEL01-SP"
353679;2021-04-24;"sábado";"19:00:00";"SC";470;60;"BLUMENAU";"Desrespeitar a preferência no cruzamento";"Colisão transversal";"Com Vítimas Feridas";"Plena Noite";"Decrescente";"Céu Claro";"Simples";"Reta";"Sim";4;0;2;0;2;0;2;2;-26,88138;-49,164543;"SPRF-SC";"DEL04-SC";"UOP01-DEL04-SC"
353680;2021-04-24;"sábado";"18:50:00";"BA";324;376,8;"SAO JOSE DO JACUIPE";"Transitar na contramão";"Colisão frontal";"Com Vítimas Fatais";"Plena Noite";"Crescente";"Nublado";"Simples";"Curva";"Não";2;1;0;1;0;0;1;2;-11,44629836;-39,82800212;"SPRF-BA";"DEL04-BA";"UOP02-DEL04-BA"
353681;2021-04-24;"sábado";"19:25:00";"SC";280;45;"GUARAMIRIM";"Ultrapassagem Indevida";"Colisão lateral mesmo sentido";"Com Vítimas Feridas";"Plena Noite";"Crescente";"Céu Claro";"Simples";"Reta";"Não";3;0;0;1;2;0;1;2;-26,45236168;-48,89788602;"SPRF-SC";"DEL03-SC";"UOP03-DEL03-SC"
353682;2021-04-24;"sábado";"18:30:00";"SC";101;18,3;"JOINVILLE";"Reação tardia ou ineficiente do condutor";"Saída de leito carroçável";"Com Vítimas Feridas";"Plena Noite";"Crescente";"Céu Claro";"Dupla";"Declive";"Não";2;0;1;1;0;0;2;1;-26,128553;-48,888776;"SPRF-SC";"DEL03-SC";"UOP01-DEL03-SC"
353683;2021-04-24;"sábado";"19:05:00";"RS";290;14,1;"SANTO ANTONIO DA PATRULHA";"Reação tardia ou ineficiente do condutor";"Saída de leito carroçável";"Com Vítimas Feridas";"Plena Noite";"Crescente";"Nublado";"Dupla";"Curva";"Sim";4;0;4;0;0;0;4;2;-29,867395;-50,401199;"SPRF-RS";"DEL03-RS";"UOP01-DEL03-RS"
353685;2021-04-24;"sábado";"16:15:00";"MG";381;454;"SABARA";"Acumulo de areia ou detritos sobre o pavimento";"Queda de ocupante de veículo";"Com Vítimas Feridas";"Pleno dia";"Crescente";"Céu Claro";"Simples";"Curva";"Não";1;0;0;1;0;0;1;1;-19,85593827;-43,89662047;"SPRF-MG";"DEL01-MG";"UOP01-DEL01-MG"
353686;2021-04-24;"sábado";"19:10:00";"PR";277;591,5;"CASCAVEL";"Desrespeitar a preferência no cruzamento";"Colisão frontal";"Com Vítimas Feridas";"Plena Noite";"Decrescente";"Chuva";"Simples";"Curva";"Sim";2;0;1;0;1;0;1;2;-24,98473242;-53,46501885;"SPRF-PR";"DEL04-PR";"UOP01-DEL04-PR"
353687;2021-04-24;"sábado";"19:25:00";"SC";101;214,3;"PALHOCA";"Manobra de mudança de faixa";"Colisão lateral mesmo sentido";"Com Vítimas Feridas";"Plena Noite";"Decrescente";"Nublado";"Múltipla";"Viaduto";"Sim";3;0;1;1;1;0;2;2;-27,64443;-48,67057;"SPRF-SC";"DEL01-SC";"UOP02-DEL01-SC"
353688;2021-04-24;"sábado";"19:40:00";"SC";101;137;"BALNEARIO CAMBORIU";"Condutor deixou de manter distância do veículo da frente";"Tombamento";"Com Vítimas Feridas";"Plena Noite";"Decrescente";"Nublado";"Dupla";"Reta";"Sim";1;0;1;0;0;0;1;1;-27,0157238;-48,61192763;"SPRF-SC";"DEL04-SC";"UOP03-DEL04-SC"
353691;2021-04-24;"sábado";"19:30:00";"PA";316;84;"SAO FRANCISCO DO PARA";"Manobra de mudança de faixa";"Colisão frontal";"Com Vítimas Feridas";"Plena Noite";"Crescente";"Céu Claro";"Simples";"Reta";"Não";2;0;0;1;1;0;1;2;-1,3101929;-47,74456398;"SPRF-PA";"DEL01-PA";"UOP02-DEL01-PA"
353692;2021-04-24;"sábado";"19:00:00";"BA";415;58;"ITAPE";"Velocidade Incompatível";"Colisão frontal";"Com Vítimas Feridas";"Plena Noite";"Crescente";"Céu Claro";"Simples";"Curva";"Não";3;0;3;0;0;0;3;2;-14,84956309;-39,3825531;"SPRF-BA";"DEL05-BA";"UOP01-DEL05-BA"
353694;2021-04-24;"sábado";"19:35:00";"PE";101;46;"IGARASSU";"Ausência de reação do condutor";"Atropelamento de Pedestre";"Com Vítimas Feridas";"Plena Noite";"Decrescente";"Céu Claro";"Múltipla";"Reta";"Sim";3;0;0;1;1;1;1;2;-7,87502988;-34,90590334;"SPRF-PE";"DEL01-PE";"UOP02-DEL01-PE"
353695;2021-04-24;"sábado";"20:30:00";"RS";386;342,7;"LAJEADO";"Ingestão de álcool pelo condutor";"Colisão com objeto";"Sem Vítimas";"Plena Noite";"Crescente";"Garoa/Chuvisco";"Simples";"Reta";"Sim";1;0;0;0;1;0;0;1;-29,431631;-52,011932;"SPRF-RS";"DEL04-RS";"UOP01-DEL04-RS"
353697;2021-04-24;"sábado";"19:15:00";"MT";364;254;"JUSCIMEIRA";"Velocidade Incompatível";"Saída de leito carroçável";"Com Vítimas Feridas";"Plena Noite";"Decrescente";"Nublado";"Dupla";"Reta";"Não";1;0;0;1;0;0;1;1;-16,08922789;-54,86945773;"SPRF-MT";"DEL02-MT";"UOP01-DEL02-MT"
353698;2021-04-24;"sábado";"18:50:00";"SP";116;410;"JUQUIA";"Velocidade Incompatível";"Colisão traseira";"Com Vítimas Fatais";"Plena Noite";"Crescente";"Céu Claro";"Dupla";"Reta";"Não";6;1;5;0;0;0;5;3;-24,33347002;-47,6009059;"SPRF-SP";"DEL05-SP";"UOP01-DEL05-SP"
353700;2021-04-24;"sábado";"19:10:00";"AL";316;62,7;"MARAVILHA";"Condutor Dormindo";"Saída de leito carroçável";"Com Vítimas Feridas";"Plena Noite";"Decrescente";"Céu Claro";"Simples";"Reta";"Não";1;0;0;1;0;0;1;1;-9,25690179;-37,41529286;"SPRF-AL";"DEL03-AL";"UOP02-DEL03-AL"
353705;2021-04-24;"sábado";"20:00:00";"BA";101;919,4;"NOVA VICOSA";"Condutor deixou de manter distância do veículo da frente";"Colisão traseira";"Com Vítimas Feridas";"Plena Noite";"Crescente";"Nublado";"Simples";"Reta";"Não";2;0;1;0;1;0;1;2;-17,882951;-39,814118;"SPRF-BA";"DEL09-BA";"UOP02-DEL09-BA"
353706;2021-04-24;"sábado";"19:58:00";"GO";70;10;"AGUAS LINDAS DE GOIAS";"Condutor deixou de manter distância do veículo da frente";"Colisão traseira";"Com Vítimas Feridas";"Plena Noite";"Crescente";"Céu Claro";"Dupla";"Reta";"Sim";5;0;3;0;2;0;3;2;-15,73738129;-48,29228118;"SPRF-DF";"DEL03-DF";"UOP02-DEL03-DF"
353707;2021-04-24;"sábado";"19:30:00";"MG";116;250;"TEOFILO OTONI";"Ultrapassagem Indevida";"Colisão com objeto";"Com Vítimas Feridas";"Plena Noite";"Crescente";"Céu Claro";"Simples";"Declive;Ponte";"Não";4;0;2;0;2;0;2;1;-17,643384;-41,496985;"SPRF-MG";"DEL11-MG";"UOP01-DEL11-MG"
353708;2021-04-24;"sábado";"18:45:00";"RJ";116;2;"SAPUCAIA";"Reação tardia ou ineficiente do condutor";"Colisão traseira";"Sem Vítimas";"Plena Noite";"Crescente";"Céu Claro";"Simples";"Reta";"Não";2;0;0;0;1;1;0;2;-21,879488;-42,681053;"SPRF-RJ";"DEL05-RJ";"UOP01-DEL05-RJ"
353709;2021-04-24;"sábado";"21:30:00";"MT";158;720;"BARRA DO GARCAS";"Iluminação deficiente";"Atropelamento de Animal";"Com Vítimas Feridas";"Plena Noite";"Decrescente";"Céu Claro";"Simples";"Reta";"Não";2;0;1;1;0;0;2;1;-15,22635899;-52,1817411;"SPRF-MT";"DEL07-MT";"UOP01-DEL07-MT"
353710;2021-04-24;"sábado";"22:00:00";"MG";40;496,8;"ESMERALDAS";"Pedestre cruzava a pista fora da faixa";"Atropelamento de Pedestre";"Com Vítimas Fatais";"Plena Noite";"Crescente";"Céu Claro";"Dupla";"Reta";"Não";2;1;0;0;1;0;0;2;-19,67088766;-44,19355961;"SPRF-MG";"DEL02-MG";"UOP01-DEL02-MG"
353711;2021-04-24;"sábado";"20:30:00";"SC";470;111;"IBIRAMA";"Ingestão de álcool pelo condutor";"Saída de leito carroçável";"Com Vítimas Feridas";"Plena Noite";"Crescente";"Céu Claro";"Simples";"Curva";"Sim";1;0;1;0;0;0;1;1;-27,0990562;-49,46190834;"SPRF-SC";"DEL04-SC";"UOP02-DEL04-SC"
353713;2021-04-24;"sábado";"22:40:00";"MG";40;773;"JUIZ DE FORA";"Ausência de reação do condutor";"Saída de leito carroçável";"Com Vítimas Feridas";"Plena Noite";"Crescente";"Céu Claro";"Dupla";"Reta";"Não";3;0;3;0;0;0;3;1;-21,62581762;-43,45044987;"SPRF-MG";"DEL05-MG";"UOP01-DEL05-MG"
353714;2021-04-24;"sábado";"23:00:00";"CE";20;405,5;"CAUCAIA";"Transitar na contramão";"Colisão frontal";"Sem Vítimas";"Plena Noite";"Crescente";"Nublado";"Simples";"Reta";"Não";2;0;0;0;2;0;0;2;-3,77217003;-38,67424607;"SPRF-CE";"DEL01-CE";"UOP01-DEL01-CE"
353715;2021-04-24;"sábado";"22:40:00";"RN";110;47,1;"MOSSORO";"Reação tardia ou ineficiente do condutor";"Colisão traseira";"Com Vítimas Feridas";"Plena Noite";"Decrescente";"Céu Claro";"Simples";"Reta";"Sim";2;0;2;0;0;0;2;2;-5,20412568;-37,3260498;"SPRF-RN";"DEL04-RN";"UOP01-DEL04-RN"
353716;2021-04-24;"sábado";"16:30:00";"MT";70;234;"POXOREO";"Acostamento em desnível";"Capotamento";"Com Vítimas Feridas";"Pleno dia";"Decrescente";"Céu Claro";"Simples";"Aclive";"Não";1;0;1;0;0;0;1;1;-15,63183384;-53,97570697;"SPRF-MT";"DEL05-MT";"UOP01-DEL05-MT"
353717;2021-04-24;"sábado";"20:00:00";"MT";70;291;"PRIMAVERA DO LESTE";"Animais na Pista";"Atropelamento de Animal";"Com Vítimas Feridas";"Plena Noite";"Crescente";"Céu Claro";"Simples";"Reta";"Não";1;0;1;0;0;0;1;1;-15,57837833;-54,39533997;"SPRF-MT";"DEL05-MT";"UOP01-DEL05-MT"
353718;2021-04-24;"sábado";"23:15:00";"GO";20;88;"VILA BOA";"Velocidade Incompatível";"Colisão traseira";"Com Vítimas Fatais";"Plena Noite";"Decrescente";"Nublado";"Simples";"Reta";"Não";4;1;3;0;0;0;3;1;-15,035155;-47,056973;"SPRF-DF";"DEL02-DF";"UOP01-DEL02-DF"
353720;2021-04-24;"sábado";"22:30:00";"MG";40;700,3;"BARBACENA";"Transitar na contramão";"Colisão frontal";"Com Vítimas Feridas";"Plena Noite";"Crescente";"Céu Claro";"Simples";"Curva";"Sim";3;0;1;2;0;0;3;2;-21,17760699;-43,75627477;"SPRF-MG";"DEL05-MG";"UOP02-DEL05-MG"
353721;2021-04-24;"sábado";"22:40:00";"RS";116;234,3;"NOVO HAMBURGO";"Manobra de mudança de faixa";"Colisão transversal";"Com Vítimas Feridas";"Plena Noite";"Crescente";"Garoa/Chuvisco";"Simples";"Interseção de Vias";"Sim";2;0;0;1;0;1;1;2;-29,64994327;-51,14418983;"SPRF-RS";"DEL01-RS";"UOP02-DEL01-RS"
353722;2021-04-24;"sábado";"22:40:00";"ES";101;145,9;"LINHARES";"Condutor deixou de manter distância do veículo da frente";"Colisão traseira";"Com Vítimas Feridas";"Plena Noite";"Crescente";"Nublado";"Simples";"Reta";"Sim";4;0;3;0;0;1;3;2;-19,36089598;-40,06464018;"SPRF-ES";"DEL04-ES";"UOP01-DEL04-ES"
353725;2021-04-24;"sábado";"18:15:00";"PR";476;71;"BOCAIUVA DO SUL";"Velocidade Incompatível";"Saída de leito carroçável";"Com Vítimas Feridas";"Anoitecer";"Decrescente";"Céu Claro";"Simples";"Curva";"Não";2;0;2;0;0;0;2;1;-25,079752;-49,085182;"SPRF-PR";"DEL01-PR";"UOP02-DEL01-PR"
353726;2021-04-24;"sábado";"22:20:00";"PB";230;155,4;"CAMPINA GRANDE";"Acessar a via sem observar a presença dos outros veículos";"Colisão traseira";"Com Vítimas Feridas";"Plena Noite";"Crescente";"Céu Claro";"Simples";"Retorno Regulamentado";"Sim";2;0;0;1;0;1;1;2;-7,2748;-35,9058;"SPRF-PB";"DEL02-PB";"UOP01-DEL02-PB"
353727;2021-04-17;"sábado";"19:30:00";"BA";116;900,5;"CANDIDO SALES";"Transitar na contramão";"Colisão frontal";"Com Vítimas Fatais";"Plena Noite";"Decrescente";"Céu Claro";"Simples";"Aclive";"Não";2;1;0;1;0;0;1;2;-15,441576;-41,22421;"SPRF-BA";"DEL08-BA";"UOP03-DEL08-BA"
353728;2021-04-24;"sábado";"19:50:00";"SC";101;354;"SANGAO";"Ingestão de álcool pelo condutor";"Colisão lateral mesmo sentido";"Com Vítimas Feridas";"Plena Noite";"Crescente";"Céu Claro";"Dupla";"Reta";"Não";3;0;1;0;2;0;1;1;-28,61806302;-49,07013199;"SPRF-SC";"DEL02-SC";"UOP01-DEL02-SC"
353731;2021-04-24;"sábado";"21:50:00";"SP";381;62;"MAIRIPORA";"Pedestre andava na pista";"Atropelamento de Pedestre";"Com Vítimas Feridas";"Plena Noite";"Decrescente";"Céu Claro";"Dupla";"Reta";"Não";1;0;1;0;0;0;1;1;-23,29437896;-46,57254696;"SPRF-SP";"DEL03-SP";"UOP01-DEL03-SP"
353732;2021-04-24;"sábado";"22:00:00";"SP";381;48;"ATIBAIA";"Ausência de reação do condutor";"Colisão com objeto";"Sem Vítimas";"Plena Noite";"Crescente";"Céu Claro";"Dupla";"Reta";"Não";1;0;0;0;0;1;0;1;-23,19720018;-46,58736556;"SPRF-SP";"DEL03-SP";"UOP01-DEL03-SP"
353733;2021-04-25;"domingo";"00:20:00";"ES";101;288,5;"CARIACICA";"Velocidade Incompatível";"Colisão com objeto";"Com Vítimas Feridas";"Plena Noite";"Crescente";"Céu Claro";"Dupla";"Curva";"Sim";1;0;0;1;0;0;1;1;-20,27160351;-40,39091743;"SPRF-ES";"DEL01-ES";"UOP01-DEL01-ES"
353737;2021-04-24;"sábado";"23:55:00";"RS";386;339,8;"LAJEADO";"Chuva";"Saída de leito carroçável";"Com Vítimas Feridas";"Plena Noite";"Crescente";"Chuva";"Simples";"Reta";"Não";4;0;1;0;3;0;1;1;-29,410208;-52,029076;"SPRF-RS";"DEL04-RS";"UOP01-DEL04-RS"
353739;2021-04-24;"sábado";"20:20:00";"SC";101;38;"JOINVILLE";"Ausência de reação do condutor";"Colisão traseira";"Com Vítimas Feridas";"Plena Noite";"Decrescente";"Nublado";"Simples";"Declive";"Sim";2;0;2;0;0;0;2;2;-26,25472505;-48,90561309;"SPRF-SC";"DEL03-SC";"UOP01-DEL03-SC"
353740;2021-04-25;"domingo";"00:25:00";"MG";381;533,5;"ITATIAIUCU";"Velocidade Incompatível";"Capotamento";"Com Vítimas Feridas";"Plena Noite";"Decrescente";"Céu Claro";"Dupla";"Curva";"Não";2;0;1;1;0;0;2;1;-20,19896036;-44,38641307;"SPRF-MG";"DEL04-MG";"UOP03-DEL04-MG"
353741;2021-04-25;"domingo";"00:30:00";"RJ";116;175;"NOVA IGUACU";"Velocidade Incompatível";"Colisão traseira";"Com Vítimas Feridas";"Plena Noite";"Crescente";"Céu Claro";"Múltipla";"Reta";"Sim";5;0;2;2;1;0;4;2;-22,78923555;-43,37275272;"SPRF-RJ";"DEL01-RJ";"UOP02-DEL01-RJ"
353742;2021-04-24;"sábado";"23:30:00";"RJ";393;152;"TRES RIOS";"Pedestre andava na pista";"Atropelamento de Pedestre";"Com Vítimas Fatais";"Plena Noite";"Decrescente";"Céu Claro";"Simples";"Curva";"Não";2;1;0;0;0;1;0;2;-22,06816216;-43,03290587;"SPRF-RJ";"DEL05-RJ";"UOP01-DEL05-RJ"
353743;2021-04-25;"domingo";"01:05:00";"MG";381;754;"TRES CORACOES";"Ausência de reação do condutor";"Capotamento";"Com Vítimas Feridas";"Plena Noite";"Decrescente";"Céu Claro";"Dupla";"Reta";"Não";1;0;1;0;0;0;1;1;-21,6667098;-45,31532;"SPRF-MG";"DEL16-MG";"UOP02-DEL16-MG"
353746;2021-04-25;"domingo";"02:00:00";"SP";381;51;"ATIBAIA";"Velocidade Incompatível";"Colisão com objeto";"Sem Vítimas";"Plena Noite";"Decrescente";"Céu Claro";"Simples";"Reta";"Sim";2;0;0;0;2;0;0;2;-23,221911;-46,59644;"SPRF-SP";"DEL03-SP";"UOP01-DEL03-SP"
353747;2021-04-25;"domingo";"01:55:00";"SC";470;142,9;"RIO DO SUL";"Condutor deixou de manter distância do veículo da frente";"Colisão traseira";"Sem Vítimas";"Plena Noite";"Crescente";"Céu Claro";"Simples";"Reta";"Sim";2;0;0;0;1;1;0;2;-27,229801;-49,6693;"SPRF-SC";"DEL04-SC";"UOP02-DEL04-SC"
353748;2021-04-25;"domingo";"02:50:00";"PR";277;686,7;"SAO MIGUEL DO IGUACU";"Avarias e/ou desgaste excessivo no pneu";"Saída de leito carroçável";"Sem Vítimas";"Plena Noite";"Crescente";"Nublado";"Dupla";"Reta";"Sim";2;0;0;0;2;0;0;1;-25,33975596;-54,21578002;"SPRF-PR";"DEL05-PR";"UOP01-DEL05-PR"
353749;2021-04-24;"sábado";"20:30:00";"SP";381;87;"SAO PAULO";"Velocidade Incompatível";"Atropelamento de Pedestre";"Com Vítimas Feridas";"Plena Noite";"Decrescente";"Céu Claro";"Dupla";"Reta";"Não";2;0;0;1;0;1;1;2;-23,46885001;-46,56996601;"SPRF-SP";"DEL03-SP";"UOP01-DEL03-SP"
353750;2021-04-25;"domingo";"03:25:00";"PA";163;1000;"SANTAREM";"Transitar na contramão";"Colisão frontal";"Com Vítimas Feridas";"Plena Noite";"Decrescente";"Céu Claro";"Simples";"Reta";"Sim";2;0;0;1;0;1;1;2;-2,47328397;-54,7293664;"SPRF-PA";"DEL05-PA";"UOP01-DEL05-PA"
353751;2021-04-25;"domingo";"02:10:00";"MT";364;213;"RONDONOPOLIS";"Ingestão de álcool pelo condutor";"Queda de ocupante de veículo";"Com Vítimas Feridas";"Plena Noite";"Crescente";"Céu Claro";"Dupla";"Curva";"Não";1;0;1;0;0;0;1;1;-16,40139601;-54,71543294;"SPRF-MT";"DEL02-MT";"UOP01-DEL02-MT"
353752;2021-04-25;"domingo";"03:00:00";"PR";116;114;"CURITIBA";"Velocidade Incompatível";"Saída de leito carroçável";"Sem Vítimas";"Plena Noite";"Decrescente";"Céu Claro";"Dupla";"Reta";"Sim";1;0;0;0;0;1;0;1;-25,56296907;-49,25643801;"SPRF-PR";"DEL01-PR";"UOP01-DEL01-PR"
353753;2021-04-25;"domingo";"02:00:00";"SP";153;0;"ICEM";"Transitar na contramão";"Colisão frontal";"Com Vítimas Fatais";"Plena Noite";"Crescente";"Céu Claro";"Simples";"Ponte";"Não";1;1;0;0;0;0;0;1;-20,304929;-49,207362;"SPRF-SP";"DEL09-SP";"UOP01-DEL09-SP"
353754;2021-04-25;"domingo";"02:50:00";"MA";135;4;"SAO LUIS";"Ingestão de álcool pelo condutor";"Saída de leito carroçável";"Com Vítimas Feridas";"Plena Noite";"Decrescente";"Céu Claro";"Dupla";"Reta";"Sim";2;0;0;1;0;1;1;1;-2,61424881;-44,25257023;"SPRF-MA";"DEL01-MA";"UOP01-DEL01-MA"
353756;2021-04-25;"domingo";"04:15:00";"CE";116;7;"FORTALEZA";"Condutor deixou de manter distância do veículo da frente";"Colisão traseira";"Com Vítimas Feridas";"Plena Noite";"Decrescente";"Céu Claro";"Dupla";"Reta";"Sim";2;0;1;0;0;1;1;2;-3,81584797;-38,50154854;"SPRF-CE";"DEL01-CE";"UOP02-DEL01-CE"
353757;2021-04-25;"domingo";"04:00:00";"SC";282;18,4;"PALHOCA";"Ausência de reação do condutor";"Atropelamento de Pedestre";"Com Vítimas Feridas";"Plena Noite";"Crescente";"Nublado";"Simples";"Curva";"Não";2;0;1;0;1;0;1;2;-27,672798;-48,694286;"SPRF-SC";"DEL01-SC";"UOP02-DEL01-SC"
353759;2021-04-25;"domingo";"03:45:00";"SC";101;204;"SAO JOSE";"Ingestão de álcool pelo condutor";"Colisão com objeto";"Sem Vítimas";"Plena Noite";"Crescente";"Céu Claro";"Múltipla";"Interseção de Vias";"Sim";1;0;0;0;1;0;0;1;-27,57335978;-48,61387968;"SPRF-SC";"DEL01-SC";"UOP01-DEL01-SC"
353760;2021-04-25;"domingo";"03:40:00";"MT";364;465;"VARZEA GRANDE";"Chuva";"Saída de leito carroçável";"Com Vítimas Feridas";"Plena Noite";"Crescente";"Chuva";"Simples";"Curva";"Não";3;0;1;0;2;0;1;1;-15,48854711;-56,28448709;"SPRF-MT";"DEL01-MT";"UOP02-DEL01-MT"
353761;2021-04-25;"domingo";"06:00:00";"ES";101;270,3;"SERRA";"Pedestre cruzava a pista fora da faixa";"Atropelamento de Pedestre";"Com Vítimas Feridas";"Amanhecer";"Crescente";"Céu Claro";"Dupla";"Reta";"Sim";2;0;0;1;1;0;1;2;-20,22662056;-40,27075088;"SPRF-ES";"DEL02-ES";"UOP01-DEL02-ES"
353762;2021-04-25;"domingo";"05:50:00";"RJ";116;137;"DUQUE DE CAXIAS";"Ingestão de álcool ou de substâncias psicoativas pelo pedestre";"Colisão traseira";"Com Vítimas Feridas";"Pleno dia";"Crescente";"Céu Claro";"Dupla";"Reta";"Não";2;0;1;0;1;0;1;2;-22,64791994;-43,18200799;"SPRF-RJ";"DEL04-RJ";"UOP02-DEL04-RJ"
353763;2021-04-25;"domingo";"06:20:00";"SC";101;216,5;"PALHOCA";"Acesso irregular";"Colisão transversal";"Com Vítimas Feridas";"Pleno dia";"Crescente";"Céu Claro";"Múltipla";"Reta";"Sim";3;0;0;2;1;0;2;2;-27,65981409;-48,67747798;"SPRF-SC";"DEL01-SC";"UOP02-DEL01-SC"
353764;2021-04-25;"domingo";"04:00:00";"PE";407;119,5;"PETROLINA";"Ingestão de álcool e/ou substâncias psicoativas pelo pedestre";"Saída de leito carroçável";"Sem Vítimas";"Plena Noite";"Crescente";"Céu Claro";"Simples";"Reta";"Não";1;0;0;0;1;0;0;1;-9,33026316;-40,56422728;"SPRF-PE";"DEL06-PE";"UOP02-DEL06-PE"
353765;2021-04-25;"domingo";"06:10:00";"ES";101;65;"SAO MATEUS";"Condutor desrespeitou a iluminação vermelha do semáforo";"Colisão transversal";"Com Vítimas Feridas";"Pleno dia";"Decrescente";"Céu Claro";"Múltipla";"Interseção de Vias";"Sim";2;0;1;0;1;0;1;2;-18,70935945;-39,87762087;"SPRF-ES";"DEL04-ES";"UOP02-DEL04-ES"