"id";"data_inversa";"dia_semana";"horario";"uf";"br";"km";"municipio";"causa_acidente";"tipo_acidente";"classificacao_acidente";"fase_dia";"sentido_via";"condicao_metereologica";"tipo_pista";"tracado_via";"uso_solo";"pessoas";"mortos";"feridos_leves";"feridos_graves";"ilesos";"ignorados";"feridos";"veiculos";"latitude";"longitude";"regional";"delegacia";"uop"
354433;2021-04-28;"quarta-feira";"20:05:00";"PB";230;134,5;"CAMPINA GRANDE";"Reação tardia ou ineficiente do condutor";"Colisão com objeto";"Com Vítimas Feridas";"Plena Noite";"Decrescente";"Nublado";"Dupla";"Curva";"Não";3;0;1;0;0;2;1;2;-7,2727;-35,7527;"SPRF-PB";"DEL02-PB";"UOP01-DEL02-PB"
354434;2021-04-28;"quarta-feira";"21:40:00";"BA";101;110;"ALAGOINHAS";"Ingestão de álcool ou de substâncias psicoativas pelo pedestre";"Atropelamento de Pedestre";"Com Vítimas Feridas";"Plena Noite";"Decrescente";"Nublado";"Simples";"Reta";"Sim";3;0;1;0;2;0;1;2;-12,1538827;-38,402855;"SPRF-BA";"DEL01-BA";"UOP04-DEL01-BA"
354436;2021-04-28;"quarta-feira";"21:50:00";"SP";116;107;"TAUBATE";"Ausência de reação do condutor";"Colisão com objeto";"Com Vítimas Feridas";"Plena Noite";"Decrescente";"Céu Claro";"Múltipla";"Retorno Regulamentado";"Sim";1;0;1;0;0;0;1;1;-23,01791287;-45,53009409;"SPRF-SP";"DEL08-SP";"UOP01-DEL08-SP"
354438;2021-04-28;"quarta-feira";"19:30:00";"PR";476;201,7;"LAPA";"Pedestre andava na pista";"Atropelamento de Pedestre";"Com Vítimas Feridas";"Plena Noite";"Crescente";"Céu Claro";"Simples";"Reta";"Não";2;0;0;1;1;0;1;2;-25,7754;-49,764946;"SPRF-PR";"DEL02-PR";"UOP04-DEL02-PR"
354439;2021-04-28;"quarta-feira";"23:29:00";"RJ";101;323;"NITEROI";"Pista Escorregadia";"Colisão com objeto";"Sem Vítimas";"Plena Noite";"Crescente";"Chuva";"Dupla";"Reta";"Não";1;0;0;0;1;0;0;1;-22,877407;-43,115712;"SPRF-RJ";"DEL02-RJ";"UOP02-DEL02-RJ"
354440;2021-04-28;"quarta-feira";"21:00:00";"BA";110;239;"OLINDINA";"Transitar no acostamento";"Colisão frontal";"Com Vítimas Feridas";"Plena Noite";"Crescente";"Céu Claro";"Simples";"Reta";"Não";2;0;1;0;1;0;1;1;-11,356341;-38,334884;"SPRF-BA";"DEL07-BA";"UOP02-DEL07-BA"
354442;2021-04-29;"quinta-feira";"00:20:00";"RS";116;239;"NOVO HAMBURGO";"Condutor deixou de manter distância do veículo da frente";"Colisão traseira";"Sem Vítimas";"Plena Noite";"Decrescente";"Nublado";"Dupla";"Declive";"Sim";2;0;0;0;2;0;0;2;-29,6961491;-51,14455767;"SPRF-RS";"DEL01-RS";"UOP02-DEL01-RS"
354444;2021-03-28;"domingo";"02:00:00";"SP";488;1;"APARECIDA";"Ausência de reação do condutor";"Saída de leito carroçável";"Sem Vítimas";"Plena Noite";"Decrescente";"Céu Claro";"Dupla";"Rotatória";"Sim";1;0;0;0;1;0;0;1;-22,84702125;-45,23191452;"SPRF-SP";"DEL08-SP";"UOP01-DEL08-SP"
354447;2021-04-29;"quinta-feira";"02:00:00";"SC";470;205;"PONTE ALTA";"Desvio temporário";"Capotamento";"Com Vítimas Feridas";"Plena Noite";"Decrescente";"Céu Claro";"Simples";"Curva";"Não";2;0;0;2;0;0;2;1;-27,29212;-50,175362;"SPRF-SC";"DEL05-SC";"UOP03-DEL05-SC"
354450;2021-04-08;"quinta-feira";"16:00:00";"BA";101;662;"ITAPEBI";"Velocidade Incompatível";"Saída de leito carroçável";"Com Vítimas Feridas";"Pleno dia";"Decrescente";"Chuva";"Simples";"Curva";"Não";1;0;1;0;0;0;1;1;-15,9671;-39,56057;"SPRF-BA";"DEL05-BA";"UOP02-DEL05-BA"
354451;2021-04-29;"quinta-feira";"05:30:00";"CE";222;5,4;"CAUCAIA";"Conversão proibida";"Colisão transversal";"Com Vítimas Feridas";"Amanhecer";"Crescente";"Garoa/Chuvisco";"Múltipla";"Interseção de Vias";"Sim";2;0;0;1;1;0;1;2;-3,74374722;-38,61759078;"SPRF-CE";"DEL01-CE";"UOP01-DEL01-CE"
354452;2021-04-29;"quinta-feira";"05:30:00";"SC";101;203,3;"SAO JOSE";"Reação tardia ou ineficiente do condutor";"Colisão traseira";"Com Vítimas Feridas";"Plena Noite";"Decrescente";"Céu Claro";"Múltipla";"Reta";"Sim";2;0;0;1;1;0;1;2;-27,5650044;-48,61460082;"SPRF-SC";"DEL01-SC";"UOP01-DEL01-SC"
354453;2021-04-29;"quinta-feira";"04:30:00";"MA";10;250,9;"IMPERATRIZ";"Ingestão de álcool pelo condutor";"Colisão traseira";"Com Vítimas Feridas";"Pleno dia";"Decrescente";"Nevoeiro/Neblina";"Simples";"Reta";"Sim";2;0;1;0;1;0;1;2;-5,550874;-47,459305;"SPRF-MA";"DEL04-MA";"UOP01-DEL04-MA"
354454;2021-04-29;"quinta-feira";"06:24:00";"DF";20;18;"BRASILIA";"Condutor deixou de manter distância do veículo da frente";"Colisão traseira";"Com Vítimas Feridas";"Pleno dia";"Decrescente";"Garoa/Chuvisco";"Dupla";"Aclive";"Sim";2;0;1;0;1;0;1;2;-15,616901;-47,708927;"SPRF-DF";"DEL02-DF";"UOP01-DEL02-DF"
354456;2021-04-29;"quinta-feira";"06:10:00";"PR";277;690,3;"SAO MIGUEL DO IGUACU";"Reação tardia ou ineficiente do condutor";"Colisão traseira";"Com Vítimas Feridas";"Amanhecer";"Decrescente";"Nevoeiro/Neblina";"Dupla";"Declive";"Não";2;0;1;0;0;1;1;2;-25,3582673;-54,24527283;"SPRF-PR";"DEL05-PR";"UOP01-DEL05-PR"
354458;2021-04-29;"quinta-feira";"06:40:00";"RS";470;257,5;"SALVADOR DO SUL";"Obras na pista";"Colisão frontal";"Com Vítimas Feridas";"Amanhecer";"Crescente";"Céu Claro";"Simples";"Declive;Curva;Em Obras";"Não";2;0;0;1;1;0;1;2;-29,45160832;-51,5008611;"SPRF-RS";"DEL06-RS";"UOP01-DEL06-RS"
354460;2021-04-28;"quarta-feira";"22:59:00";"PR";277;36;"MORRETES";"Ingestão de álcool pelo condutor";"Saída de leito carroçável";"Sem Vítimas";"Plena Noite";"Decrescente";"Céu Claro";"Dupla";"Curva";"Não";1;0;0;0;1;0;0;1;-25,55225338;-48,79892578;"SPRF-PR";"DEL01-PR";"UOP05-DEL01-PR"
354461;2021-04-29;"quinta-feira";"06:40:00";"GO";70;190,3;"ITABERAI";"Condutor deixou de manter distância do veículo da frente";"Colisão traseira";"Com Vítimas Fatais";"Pleno dia";"Crescente";"Céu Claro";"Simples";"Reta";"Sim";2;1;0;0;1;0;0;2;-16,029772;-49,780406;"SPRF-GO";"DEL02-GO";"UOP02-DEL02-GO"
354462;2021-04-29;"quinta-feira";"07:10:00";"SC";280;53,7;"GUARAMIRIM";"Condutor deixou de manter distância do veículo da frente";"Colisão traseira";"Com Vítimas Feridas";"Pleno dia";"Crescente";"Sol";"Múltipla";"Reta";"Sim";2;0;1;0;1;0;1;2;-26,47236756;-48,97426617;"SPRF-SC";"DEL03-SC";"UOP03-DEL03-SC"
354464;2021-04-29;"quinta-feira";"07:30:00";"PB";230;8,5;"CABEDELO";"Acessar a via sem observar a presença dos outros veículos";"Colisão transversal";"Com Vítimas Feridas";"Pleno dia";"Crescente";"Céu Claro";"Simples";"Reta;Retorno Regulamentado";"Sim";2;0;1;0;1;0;1;2;-7,0355;-34,8429;"SPRF-PB";"DEL01-PB";"UOP01-DEL01-PB"
354465;2021-04-29;"quinta-feira";"07:25:00";"PR";476;147;"CURITIBA";"Acessar a via sem observar a presença dos outros veículos";"Colisão transversal";"Com Vítimas Feridas";"Plena Noite";"Decrescente";"Céu Claro";"Dupla";"Reta";"Sim";2;0;1;0;1;0;1;2;-25,554628;-49,339268;"SPRF-PR";"DEL01-PR";"UOP03-DEL01-PR"
354466;2021-04-29;"quinta-feira";"07:30:00";"PR";476;149;"CURITIBA";"Reação tardia ou ineficiente do condutor";"Colisão traseira";"Com Vítimas Feridas";"Pleno dia";"Decrescente";"Nublado";"Dupla";"Reta";"Sim";2;0;1;0;1;0;1;2;-25,557926;-49,358585;"SPRF-PR";"DEL01-PR";"UOP03-DEL01-PR"
354467;2021-04-29;"quinta-feira";"06:55:00";"SP";116;65,1;"GUARATINGUETA";"Ausência de reação do condutor";"Colisão lateral mesmo sentido";"Com Vítimas Feridas";"Pleno dia";"Decrescente";"Nublado";"Dupla";"Curva";"Sim";3;0;1;0;2;0;1;2;-22,82359669;-45,1934731;"SPRF-SP";"DEL08-SP";"UOP01-DEL08-SP"
354468;2021-04-29;"quinta-feira";"07:50:00";"PR";116;16;"CAMPINA GRANDE DO SUL";"Velocidade Incompatível";"Colisão com objeto";"Com Vítimas Feridas";"Pleno dia";"Crescente";"Chuva";"Dupla";"Curva";"Não";2;0;1;0;1;0;1;1;-25,09969807;-48,692225;"SPRF-PR";"DEL01-PR";"UOP02-DEL01-PR"
354470;2021-04-29;"quinta-feira";"05:30:00";"RS";116;71,5;"CAMPESTRE DA SERRA";"Velocidade Incompatível";"Colisão frontal";"Com Vítimas Fatais";"Plena Noite";"Crescente";"Céu Claro";"Simples";"Curva";"Não";3;1;1;1;0;0;2;2;-28,73017478;-51,08904362;"SPRF-RS";"DEL05-RS";"UOP03-DEL05-RS"
354471;2021-04-29;"quinta-feira";"08:00:00";"PE";423;93,6;"GARANHUNS";"Conversão proibida";"Colisão transversal";"Com Vítimas Feridas";"Pleno dia";"Decrescente";"Nublado";"Simples";"Reta";"Sim";2;0;1;0;1;0;1;2;-8,8738566;-36,46928787;"SPRF-PE";"DEL03-PE";"UOP01-DEL03-PE"
354474;2021-04-29;"quinta-feira";"07:30:00";"SP";116;213,2;"GUARULHOS";"Condutor deixou de manter distância do veículo da frente";"Colisão traseira";"Com Vítimas Feridas";"Pleno dia";"Crescente";"Nublado";"Múltipla";"Reta;Aclive";"Não";2;0;1;0;1;0;1;2;-23,43971486;-46,43667806;"SPRF-SP";"DEL01-SP";"UOP01-DEL01-SP"
354475;2021-04-29;"quinta-feira";"07:20:00";"RJ";101;163;"MACAE";"Acumulo de água sobre o pavimento";"Saída de leito carroçável";"Com Vítimas Feridas";"Pleno dia";"Crescente";"Chuva";"Simples";"Reta";"Não";1;0;1;0;0;0;1;1;-22,3087192;-41,88995282;"SPRF-RJ";"DEL08-RJ";"UOP04-DEL08-RJ"
354478;2021-04-29;"quinta-feira";"08:20:00";"MG";153;104,8;"PRATA";"Velocidade Incompatível";"Saída de leito carroçável";"Com Vítimas Feridas";"Pleno dia";"Decrescente";"Céu Claro";"Simples";"Reta";"Não";1;0;1;0;0;0;1;1;-19,26347485;-48,92260343;"SPRF-MG";"DEL15-MG";"UOP03-DEL15-MG"
354483;2021-04-29;"quinta-feira";"08:01:00";"MG";153;43;"MONTE ALEGRE DE MINAS";"Manobra de mudança de faixa";"Colisão frontal";"Com Vítimas Feridas";"Amanhecer";"Crescente";"Céu Claro";"Múltipla";"Reta";"Não";3;0;2;0;1;0;2;2;-18,76410695;-49,07452386;"SPRF-MG";"DEL15-MG";"UOP03-DEL15-MG"
354485;2021-04-29;"quinta-feira";"09:30:00";"MG";381;477,7;"CONTAGEM";"Ultrapassagem Indevida";"Colisão lateral mesmo sentido";"Com Vítimas Feridas";"Pleno dia";"Decrescente";"Sol";"Múltipla";"Reta";"Sim";2;0;0;1;1;0;1;2;-19,959669;-44,033836;"SPRF-MG";"DEL01-MG";"UOP03-DEL01-MG"
354486;2021-04-29;"quinta-feira";"09:45:00";"RS";472;577;"URUGUAIANA";"Ausência de reação do condutor";"Saída de leito carroçável";"Com Vítimas Feridas";"Pleno dia";"Decrescente";"Céu Claro";"Simples";"Interseção de Vias";"Sim";1;0;1;0;0;0;1;1;-29,780313;-57,063788;"SPRF-RS";"DEL13-RS";"UOP01-DEL13-RS"
354488;2021-04-29;"quinta-feira";"09:30:00";"SC";101;197,8;"BIGUACU";"Manobra de mudança de faixa";"Colisão lateral mesmo sentido";"Com Vítimas Feridas";"Pleno dia";"Crescente";"Céu Claro";"Múltipla";"Reta";"Sim";2;0;0;1;1;0;1;2;-27,51844497;-48,63848496;"SPRF-SC";"DEL01-SC";"UOP01-DEL01-SC"
354491;2021-04-19;"segunda-feira";"02:00:00";"GO";153;108;"SANTA TEREZA DE GOIAS";"Pista esburacada";"Eventos atípicos";"Sem Vítimas";"Plena Noite";"Crescente";"Céu Claro";"Simples";"Reta";"Não";1;0;0;0;1;0;0;1;-13,718869;-49,021191;"SPRF-GO";"DEL07-GO";"UOP01-DEL07-GO"
354493;2021-04-29;"quinta-feira";"10:20:00";"SC";101;207;"SAO JOSE";"Acessar a via sem observar a presença dos outros veículos";"Colisão transversal";"Com Vítimas Feridas";"Pleno dia";"Crescente";"Sol";"Dupla";"Interseção de Vias";"Sim";2;0;1;0;1;0;1;2;-27,60001226;-48,6226467;"SPRF-SC";"DEL01-SC";"UOP01-DEL01-SC"
354495;2021-04-29;"quinta-feira";"07:20:00";"SC";282;437;"IRANI";"Desrespeitar a preferência no cruzamento";"Colisão transversal";"Com Vítimas Feridas";"Pleno dia";"Decrescente";"Céu Claro";"Simples";"Interseção de Vias";"Não";2;0;1;0;1;0;1;2;-26,963764;-51,854839;"SPRF-SC";"DEL07-SC";"UOP04-DEL07-SC"
354496;2021-04-29;"quinta-feira";"10:35:00";"PR";376;173,9;"MARINGA";"Condutor deixou de manter distância do veículo da frente";"Colisão traseira";"Com Vítimas Feridas";"Pleno dia";"Crescente";"Céu Claro";"Múltipla";"Interseção de Vias";"Sim";2;0;1;0;1;0;1;2;-23,4172197;-51,9589231;"SPRF-PR";"DEL09-PR";"UOP01-DEL09-PR"
354498;2021-03-29;"segunda-feira";"00:00:00";"SC";101;192;"BIGUACU";"Ausência de reação do condutor";"Queda de ocupante de veículo";"Com Vítimas Feridas";"Plena Noite";"Crescente";"Céu Claro";"Dupla";"Reta";"Sim";1;0;1;0;0;0;1;1;-27,48443781;-48,64765238;"SPRF-SC";"DEL01-SC";"UOP01-DEL01-SC"
354499;2021-04-29;"quinta-feira";"11:15:00";"PR";476;132,4;"CURITIBA";"Reação tardia ou ineficiente do condutor";"Colisão traseira";"Com Vítimas Feridas";"Pleno dia";"Decrescente";"Céu Claro";"Múltipla";"Reta";"Sim";3;0;0;1;2;0;1;3;-25,460718;-49,250488;"SPRF-PR";"DEL01-PR";"UOP03-DEL01-PR"
354501;2021-04-16;"sexta-feira";"05:20:00";"MS";163;792;"COXIM";"Condutor deixou de manter distância do veículo da frente";"Colisão traseira";"Com Vítimas Fatais";"Amanhecer";"Decrescente";"Nublado";"Simples";"Reta";"Não";5;1;1;1;2;0;2;2;-17,98835701;-54,67877459;"SPRF-MS";"DEL06-MS";"UOP01-DEL06-MS"
354503;2021-04-29;"quinta-feira";"10:45:00";"PB";101;87,9;"JOAO PESSOA";"Condutor deixou de manter distância do veículo da frente";"Colisão traseira";"Sem Vítimas";"Pleno dia";"Crescente";"Céu Claro";"Dupla";"Reta";"Sim";2;0;0;0;2;0;0;2;-7,164519;-34,90023;"SPRF-PB";"DEL01-PB";"UOP01-DEL01-PB"
354505;2021-04-17;"sábado";"20:00:00";"MS";163;485,5;"CAMPO GRANDE";"Condutor Dormindo";"Colisão lateral sentido oposto";"Com Vítimas Feridas";"Plena Noite";"Decrescente";"Céu Claro";"Simples";"Reta";"Sim";3;0;1;0;1;1;1;2;-20,44233707;-54,54201834;"SPRF-MS";"DEL01-MS";"UOP02-DEL01-MS"
354506;2021-04-29;"quinta-feira";"11:30:00";"PI";343;38;"PARNAIBA";"Falta de elemento de contenção que evite a saída do leito carroçável";"Capotamento";"Com Vítimas Feridas";"Pleno dia";"Crescente";"Sol";"Simples";"Reta";"Não";2;0;1;0;1;0;1;1;-3,136565;-41,792385;"SPRF-PI";"DEL05-PI";"UOP01-DEL05-PI"
354508;2021-04-29;"quinta-feira";"11:35:00";"SC";101;123;"ITAJAI";"Desrespeitar a preferência no cruzamento";"Colisão transversal";"Com Vítimas Feridas";"Pleno dia";"Crescente";"Céu Claro";"Simples";"Interseção de Vias";"Sim";1;0;1;0;0;0;1;1;-26,93668609;-48,69876905;"SPRF-SC";"DEL04-SC";"UOP04-DEL04-SC"
354509;2021-03-22;"segunda-feira";"10:30:00";"SP";101;45,4;"UBATUBA";"Conversão proibida";"Colisão transversal";"Com Vítimas Feridas";"Pleno dia";"Crescente";"Céu Claro";"Simples";"Reta";"Sim";3;0;1;0;2;0;1;2;-23,420741;-45,070622;"SPRF-SP";"DEL06-SP";"UOP01-DEL06-SP"
354510;2021-04-29;"quinta-feira";"08:20:00";"PR";376;669;"GUARATUBA";"Condutor deixou de manter distância do veículo da frente";"Queda de ocupante de veículo";"Com Vítimas Feridas";"Amanhecer";"Decrescente";"Nublado";"Dupla";"Reta";"Não";1;0;1;0;0;0;1;1;-25,86958174;-48,93464712;"SPRF-PR";"DEL01-PR";"UOP04-DEL01-PR"
354512;2021-04-29;"quinta-feira";"12:00:00";"PR";376;130;"NOVA ESPERANCA";"Demais falhas mecânicas ou elétricas";"Saída de leito carroçável";"Com Vítimas Feridas";"Pleno dia";"Crescente";"Sol";"Dupla";"Reta";"Não";1;0;1;0;0;0;1;1;-23,17504848;-52,23423918;"SPRF-PR";"DEL09-PR";"UOP02-DEL09-PR"
354513;2021-04-29;"quinta-feira";"11:31:00";"SP";116;217;"GUARULHOS";"Condutor deixou de manter distância do veículo da frente";"Colisão traseira";"Com Vítimas Feridas";"Pleno dia";"Decrescente";"Céu Claro";"Múltipla";"Aclive";"Sim";4;0;1;0;3;0;1;3;-23,45423824;-46,47119028;"SPRF-SP";"DEL01-SP";"UOP01-DEL01-SP"
354515;2021-04-29;"quinta-feira";"12:25:00";"SP";116;222;"GUARULHOS";"Condutor deixou de manter distância do veículo da frente";"Colisão traseira";"Com Vítimas Feridas";"Pleno dia";"Crescente";"Nublado";"Múltipla";"Reta";"Sim";3;0;1;0;1;1;1;3;-23,47093408;-46,51631097;"SPRF-SP";"DEL01-SP";"UOP01-DEL01-SP"
354516;2021-04-09;"sexta-feira";"13:50:00";"PR";163;342;"GUAIRA";"Pedestre andava na pista";"Atropelamento de Pedestre";"Com Vítimas Feridas";"Pleno dia";"Crescente";"Céu Claro";"Simples";"Reta";"Não";2;0;0;1;0;1;1;2;-24,2137569917;-54,1995875086;"SPRF-PR";"DEL06-PR";"UOP01-DEL06-PR"
354522;2021-04-29;"quinta-feira";"12:55:00";"PR";376;498,5;"PONTA GROSSA";"Reação tardia ou ineficiente do condutor";"Colisão com objeto";"Sem Vítimas";"Pleno dia";"Crescente";"Céu Claro";"Dupla";"Reta";"Sim";1;0;0;0;0;1;0;1;-25,18839776;-50,0846328;"SPRF-PR";"DEL03-PR";"UOP01-DEL03-PR"
354526;2021-04-29;"quinta-feira";"13:30:00";"ES";101;66;"SAO MATEUS";"Manobra de mudança de faixa";"Colisão lateral mesmo sentido";"Com Vítimas Feridas";"Pleno dia";"Decrescente";"Céu Claro";"Dupla";"Reta";"Sim";2;0;1;0;0;1;1;2;-18,7165195;-39,87436378;"SPRF-ES";"DEL04-ES";"UOP02-DEL04-ES"
354528;2021-04-29;"quinta-feira";"14:30:00";"PR";280;274,7;"FLOR DA SERRA DO SUL";"Manobra de mudança de faixa";"Saída de leito carroçável";"Com Vítimas Feridas";"Pleno dia";"Decrescente";"Céu Claro";"Simples";"Reta";"Não";1;0;1;0;0;0;1;1;-26,22841187;-53,17598499;"SPRF-PR";"DEL02-PR";"UOP01-DEL02-PR"
354529;2021-04-29;"quinta-feira";"14:25:00";"SC";163;99;"SAO JOSE DO CEDRO";"Animais na Pista";"Saída de leito carroçável";"Sem Vítimas";"Pleno dia";"Decrescente";"Céu Claro";"Simples";"Reta";"Não";1;0;0;0;1;0;0;1;-26,49271786;-53,50202322;"SPRF-SC";"DEL07-SC";"UOP03-DEL07-SC"
354530;2021-04-29;"quinta-feira";"14:25:00";"SC";470;66,9;"INDAIAL";"Conversão proibida";"Colisão transversal";"Com Vítimas Feridas";"Pleno dia";"Decrescente";"Sol";"Simples";"Reta;Em Obras";"Sim";3;0;1;0;2;0;1;2;-26,870407;-49,221844;"SPRF-SC";"DEL04-SC";"UOP01-DEL04-SC"
354533;2021-04-29;"quinta-feira";"13:50:00";"RS";116;153,7;"CAXIAS DO SUL";"Reação tardia ou ineficiente do condutor";"Colisão com objeto";"Com Vítimas Feridas";"Pleno dia";"Crescente";"Céu Claro";"Dupla";"Rotatória;Curva";"Sim";3;0;2;0;0;1;2;2;-29,18779784;-51,1819768;"SPRF-RS";"DEL05-RS";"UOP01-DEL05-RS"
354535;2021-04-29;"quinta-feira";"15:05:00";"RN";427;94,2;"CAICO";"Animais na Pista";"Atropelamento de Animal";"Sem Vítimas";"Pleno dia";"Crescente";"Céu Claro";"Simples";"Reta";"Sim";2;0;0;0;1;1;0;2;-6,480672;-37,06532;"SPRF-RN";"DEL03-RN";"UOP01-DEL03-RN"
354536;2021-04-29;"quinta-feira";"10:45:00";"MA";10;343;"ACAILANDIA";"Ultrapassagem Indevida";"Saída de leito carroçável";"Com Vítimas Fatais";"Pleno dia";"Decrescente";"Céu Claro";"Simples";"Reta";"Não";1;1;0;0;0;0;0;1;-4,75423;-47,491013;"SPRF-MA";"DEL04-MA";"UOP03-DEL04-MA"
354537;2021-04-25;"domingo";"09:40:00";"MG";116;719,1;"MURIAE";"Declive acentuado";"Tombamento";"Com Vítimas Feridas";"Pleno dia";"Crescente";"Céu Claro";"Simples";"Curva";"Não";1;0;1;0;0;0;1;1;-21,23756793;-42,39406193;"SPRF-MG";"DEL07-MG";"UOP02-DEL07-MG"
354539;2021-03-01;"segunda-feira";"07:50:00";"SP";381;58;"MAIRIPORA";"Condutor deixou de manter distância do veículo da frente";"Engavetamento";"Com Vítimas Feridas";"Pleno dia";"Crescente";"Sol";"Dupla";"Reta";"Não";8;0;1;0;7;0;1;4;-23,27438497;-46,58530615;"SPRF-SP";"DEL03-SP";"UOP01-DEL03-SP"
354541;2021-04-29;"quinta-feira";"15:20:00";"SC";280;5;"SAO FRANCISCO DO SUL";"Ultrapassagem Indevida";"Colisão transversal";"Com Vítimas Feridas";"Pleno dia";"Decrescente";"Céu Claro";"Simples";"Reta";"Sim";2;0;1;0;1;0;1;2;-26,26011706;-48,62571995;"SPRF-SC";"DEL03-SC";"UOP03-DEL03-SC"
354544;2021-04-29;"quinta-feira";"14:00:00";"MS";163;250,7;"DOURADOS";"Condutor deixou de manter distância do veículo da frente";"Colisão traseira";"Com Vítimas Feridas";"Pleno dia";"Decrescente";"Céu Claro";"Simples";"Reta";"Não";2;0;1;0;0;1;1;2;-22,300948;-54,820911;"SPRF-MS";"DEL04-MS";"UOP01-DEL04-MS"
354545;2021-04-29;"quinta-feira";"16:50:00";"TO";153;677,2;"GURUPI";"Desrespeitar a preferência no cruzamento";"Colisão lateral sentido oposto";"Com Vítimas Feridas";"Pleno dia";"Decrescente";"Chuva";"Simples";"Reta";"Não";2;0;1;0;1;0;1;2;-11,76744485;-49,10187819;"SPRF-TO";"DEL01-TO";"UOP02-DEL01-TO"
354548;2021-04-29;"quinta-feira";"16:45:00";"MG";381;6;"BETIM";"Ausência de reação do condutor";"Colisão com objeto";"Com Vítimas Feridas";"Pleno dia";"Decrescente";"Céu Claro";"Dupla";"Reta";"Não";2;0;1;0;1;0;1;1;-19,98915894;-44,19593811;"SPRF-MG";"DEL01-MG";"UOP03-DEL01-MG"
354549;2021-04-29;"quinta-feira";"16:45:00";"SP";116;46,9;"CANAS";"Reação tardia ou ineficiente do condutor";"Saída de leito carroçável";"Com Vítimas Feridas";"Pleno dia";"Decrescente";"Nublado";"Dupla";"Reta";"Sim";1;0;1;0;0;0;1;1;-22,71393589;-45,05335608;"SPRF-SP";"DEL08-SP";"UOP02-DEL08-SP"
354550;2021-04-29;"quinta-feira";"16:30:00";"MG";40;511;"RIBEIRAO DAS NEVES";"Acessar a via sem observar a presença dos outros veículos";"Colisão traseira";"Sem Vítimas";"Pleno dia";"Crescente";"Céu Claro";"Dupla";"Reta;Retorno Regulamentado";"Não";2;0;0;0;2;0;0;2;-19,78164295;-44,11733194;"SPRF-MG";"DEL01-MG";"UOP02-DEL01-MG"
354551;2021-04-29;"quinta-feira";"16:40:00";"SC";101;433;"SOMBRIO";"Entrada inopinada do pedestre";"Atropelamento de Pedestre";"Com Vítimas Feridas";"Pleno dia";"Decrescente";"Céu Claro";"Múltipla";"Reta";"Sim";2;0;1;0;1;0;1;2;-29,0941;-49,6327748;"SPRF-SC";"DEL02-SC";"UOP02-DEL02-SC"
354553;2021-04-29;"quinta-feira";"17:10:00";"PR";476;135;"CURITIBA";"Ingestão de álcool pelo condutor";"Colisão lateral mesmo sentido";"Sem Vítimas";"Pleno dia";"Decrescente";"Céu Claro";"Múltipla";"Reta";"Sim";3;0;0;0;3;0;0;3;-25,483786;-49,265808;"SPRF-PR";"DEL01-PR";"UOP03-DEL01-PR"
354554;2021-04-29;"quinta-feira";"17:10:00";"SC";101;35,9;"JOINVILLE";"Avarias e/ou desgaste excessivo no pneu";"Tombamento";"Com Vítimas Feridas";"Pleno dia";"Crescente";"Céu Claro";"Dupla";"Reta";"Não";2;0;2;0;0;0;2;1;-26,2411301;-48,91227415;"SPRF-SC";"DEL03-SC";"UOP01-DEL03-SC"
354556;2021-04-22;"quinta-feira";"17:00:00";"BA";101;715;"EUNAPOLIS";"Conversão proibida";"Colisão transversal";"Com Vítimas Feridas";"Pleno dia";"Decrescente";"Sol";"Simples";"Reta";"Sim";2;0;1;0;1;0;1;2;-16,3941588;-39,5836526;"SPRF-BA";"DEL09-BA";"UOP01-DEL09-BA"
354557;2021-04-29;"quinta-feira";"17:15:00";"PR";373;179;"PONTA GROSSA";"Acessar a via sem observar a presença dos outros veículos";"Colisão transversal";"Com Vítimas Feridas";"Anoitecer";"Decrescente";"Nublado";"Simples";"Reta";"Não";4;0;2;0;2;0;2;2;-25,0501856;-50,29414415;"SPRF-PR";"DEL03-PR";"UOP01-DEL03-PR"
354560;2021-04-29;"quinta-feira";"17:45:00";"SP";381;51;"ATIBAIA";"Reação tardia ou ineficiente do condutor";"Queda de ocupante de veículo";"Com Vítimas Feridas";"Anoitecer";"Decrescente";"Céu Claro";"Dupla";"Reta";"Sim";1;0;1;0;0;0;1;1;-23,221911;-46,59644;"SPRF-SP";"DEL03-SP";"UOP01-DEL03-SP"
354561;2021-04-29;"quinta-feira";"18:00:00";"SP";116;110;"TAUBATE";"Manobra de mudança de faixa";"Colisão lateral mesmo sentido";"Com Vítimas Feridas";"Anoitecer";"Crescente";"Céu Claro";"Dupla";"Reta";"Sim";2;0;1;0;1;0;1;2;-23,03412614;-45,5526999;"SPRF-SP";"DEL08-SP";"UOP01-DEL08-SP"
354562;2021-04-29;"quinta-feira";"17:10:00";"ES";101;180,2;"ARACRUZ";"Ultrapassagem Indevida";"Colisão frontal";"Com Vítimas Feridas";"Plena Noite";"Decrescente";"Céu Claro";"Simples";"Reta";"Não";3;0;1;1;0;1;2;3;-19,62382591;-40,22074012;"SPRF-ES";"DEL04-ES";"UOP01-DEL04-ES"