"id";"data_inversa";"dia_semana";"horario";"uf";"br";"km";"municipio";"causa_acidente";"tipo_acidente";"classificacao_acidente";"fase_dia";"sentido_via";"condicao_metereologica";"tipo_pista";"tracado_via";"uso_solo";"pessoas";"mortos";"feridos_leves";"feridos_graves";"ilesos";"ignorados";"feridos";"veiculos";"latitude";"longitude";"regional";"delegacia";"uop"
354563;2021-04-29;"quinta-feira";"17:40:00";"AL";101;138,3;"SAO MIGUEL DOS CAMPOS";"Conversão proibida";"Queda de ocupante de veículo";"Com Vítimas Feridas";"Anoitecer";"Decrescente";"Vento";"Simples";"Reta";"Sim";1;0;1;0;0;0;1;1;-9,80975158;-36,11701903;"SPRF-AL";"DEL02-AL";"UOP01-DEL02-AL"
354564;2021-04-29;"quinta-feira";"16:40:00";"MS";163;256,9;"DOURADOS";"Reação tardia ou ineficiente do condutor";"Colisão traseira";"Sem Vítimas";"Anoitecer";"Crescente";"Céu Claro";"Dupla";"Reta";"Sim";2;0;0;0;2;0;0;2;-22,25898942;-54,79466742;"SPRF-MS";"DEL04-MS";"UOP01-DEL04-MS"
354565;2021-04-29;"quinta-feira";"11:40:00";"PI";135;260;"ALVORADA DO GURGUEIA";"Velocidade Incompatível";"Saída de leito carroçável";"Com Vítimas Feridas";"Pleno dia";"Decrescente";"Céu Claro";"Simples";"Curva";"Não";2;0;1;0;1;0;1;1;-8,44801909;-43,88787282;"SPRF-PI";"DEL03-PI";"UOP02-DEL03-PI"
354566;2021-04-29;"quinta-feira";"18:15:00";"RN";226;8;"NATAL";"Iluminação deficiente";"Atropelamento de Pedestre";"Com Vítimas Feridas";"Plena Noite";"Decrescente";"Céu Claro";"Simples";"Reta";"Sim";2;0;1;0;1;0;1;2;-5,83583319;-35,28030896;"SPRF-RN";"DEL01-RN";"UOP02-DEL01-RN"
354567;2021-04-29;"quinta-feira";"09:30:00";"AC";317;160;"CAPIXABA";"Transitar na contramão";"Colisão frontal";"Com Vítimas Fatais";"Pleno dia";"Crescente";"Céu Claro";"Simples";"Reta";"Não";3;1;0;0;2;0;0;2;-10,60460988;-67,79333806;"SPRF-AC";"DEL01-AC";"UOP02-DEL01-AC"
354568;2021-04-29;"quinta-feira";"18:30:00";"MG";40;547;"NOVA LIMA";"Reação tardia ou ineficiente do condutor";"Colisão lateral mesmo sentido";"Com Vítimas Feridas";"Plena Noite";"Decrescente";"Céu Claro";"Dupla";"Curva;Declive";"Sim";2;0;1;0;1;0;1;2;-20,02252424;-43,97026042;"SPRF-MG";"DEL01-MG";"UOP02-DEL01-MG"
354573;2021-04-29;"quinta-feira";"17:45:00";"SC";280;34;"ARAQUARI";"Acesso irregular";"Colisão traseira";"Com Vítimas Feridas";"Plena Noite";"Decrescente";"Céu Claro";"Simples";"Aclive";"Sim";2;0;1;0;1;0;1;2;-26,42993971;-48,79615614;"SPRF-SC";"DEL03-SC";"UOP03-DEL03-SC"
354577;2021-04-29;"quinta-feira";"17:50:00";"SC";116;108,5;"MONTE CASTELO";"Velocidade Incompatível";"Tombamento";"Com Vítimas Feridas";"Pleno dia";"Crescente";"Céu Claro";"Simples";"Curva";"Não";1;0;1;0;0;0;1;1;-26,7520839;-50,33425198;"SPRF-SC";"DEL06-SC";"UOP02-DEL06-SC"
354581;2021-04-29;"quinta-feira";"19:00:00";"PR";376;13;"MARINGA";"Reação tardia ou ineficiente do condutor";"Colisão traseira";"Com Vítimas Feridas";"Plena Noite";"Crescente";"Céu Claro";"Dupla";"Reta";"Sim";1;0;0;1;0;0;1;1;-23,39362729;-51,88808441;"SPRF-PR";"DEL01-PR";"UOP03-DEL03-PR"
354583;2021-04-29;"quinta-feira";"19:15:00";"PB";230;10,8;"CABEDELO";"Ingestão de álcool pelo condutor";"Colisão traseira";"Sem Vítimas";"Plena Noite";"Crescente";"Chuva";"Dupla";"Reta";"Sim";2;0;0;0;2;0;0;2;-7,0514;-34,8499;"SPRF-PB";"DEL01-PB";"UOP01-DEL01-PB"
354584;2021-04-29;"quinta-feira";"07:20:00";"MG";116;416,3;"GOVERNADOR VALADARES";"Animais na Pista";"Atropelamento de Animal";"Com Vítimas Feridas";"Pleno dia";"Decrescente";"Nublado";"Simples";"Reta";"Sim";2;0;1;1;0;0;2;1;-18,89215187;-41,94699543;"SPRF-MG";"DEL06-MG";"UOP01-DEL06-MG"
354588;2021-04-29;"quinta-feira";"20:00:00";"MG";50;107;"UBERABA";"Pedestre andava na pista";"Atropelamento de Pedestre";"Com Vítimas Fatais";"Plena Noite";"Decrescente";"Céu Claro";"Dupla";"Reta";"Não";2;1;0;0;1;0;0;2;-19,19903;-48,152104;"SPRF-MG";"DEL13-MG";"UOP01-DEL13-MG"
354589;2021-04-29;"quinta-feira";"18:30:00";"RO";364;735;"PORTO VELHO";"Ultrapassagem Indevida";"Capotamento";"Com Vítimas Fatais";"Plena Noite";"Decrescente";"Nublado";"Simples";"Reta";"Não";2;1;0;0;1;0;0;1;-8,93682612;-63,97654472;"SPRF-RO";"DEL01-RO";"UOP02-DEL01-RO"
354591;2021-04-29;"quinta-feira";"19:50:00";"PR";116;46;"CAMPINA GRANDE DO SUL";"Velocidade Incompatível";"Saída de leito carroçável";"Com Vítimas Feridas";"Plena Noite";"Decrescente";"Céu Claro";"Dupla";"Curva";"Não";1;0;0;1;0;0;1;1;-25,20185401;-48,8962139;"SPRF-PR";"DEL01-PR";"UOP02-DEL01-PR"
354594;2021-04-29;"quinta-feira";"18:45:00";"RS";153;530,9;"CACAPAVA DO SUL";"Ausência de reação do condutor";"Colisão traseira";"Com Vítimas Feridas";"Plena Noite";"Decrescente";"Céu Claro";"Simples";"Reta";"Não";2;0;1;0;1;0;1;2;-30,7000284;-53,48572174;"SPRF-RS";"DEL09-RS";"UOP02-DEL09-RS"
354601;2021-04-29;"quinta-feira";"06:45:00";"RJ";393;230;"VASSOURAS";"Reação tardia ou ineficiente do condutor";"Saída de leito carroçável";"Com Vítimas Feridas";"Plena Noite";"Decrescente";"Nublado";"Simples";"Curva";"Não";1;0;1;0;0;0;1;1;-22,35978921;-43,60229587;"SPRF-RJ";"DEL05-RJ";"UOP03-DEL05-RJ"
354604;2021-04-29;"quinta-feira";"19:45:00";"MA";230;479;"RIACHAO";"Ingestão de álcool pelo condutor";"Colisão traseira";"Com Vítimas Feridas";"Pleno dia";"Crescente";"Céu Claro";"Simples";"Reta";"Não";4;0;0;1;3;0;1;2;-7,40929592;-46,65441908;"SPRF-MA";"DEL05-MA";"UOP01-DEL05-MA"
354605;2021-04-29;"quinta-feira";"23:00:00";"SP";153;60,7;"SAO JOSE DO RIO PRETO";"Obras na pista";"Colisão lateral mesmo sentido";"Sem Vítimas";"Plena Noite";"Crescente";"Céu Claro";"Dupla";"Em Obras";"Sim";2;0;0;0;2;0;0;2;-20,79627979;-49,35480206;"SPRF-SP";"DEL09-SP";"UOP01-DEL09-SP"
354606;2021-04-29;"quinta-feira";"22:40:00";"MS";262;345;"CAMPO GRANDE";"Condutor Dormindo";"Saída de leito carroçável";"Com Vítimas Feridas";"Plena Noite";"Crescente";"Céu Claro";"Simples";"Curva";"Não";1;0;1;0;0;0;1;1;-20,57984596;-54,5925049;"SPRF-MS";"DEL01-MS";"UOP03-DEL01-MS"
354609;2021-04-29;"quinta-feira";"22:40:00";"SC";470;68;"INDAIAL";"Conversão proibida";"Colisão transversal";"Com Vítimas Feridas";"Plena Noite";"Decrescente";"Céu Claro";"Simples";"Reta";"Sim";4;0;1;1;2;0;2;2;-26,879568;-49,24193;"SPRF-SC";"DEL04-SC";"UOP01-DEL04-SC"
354610;2021-04-30;"sexta-feira";"00:15:00";"ES";101;296;"CARIACICA";"Velocidade Incompatível";"Colisão com objeto";"Com Vítimas Feridas";"Plena Noite";"Decrescente";"Céu Claro";"Dupla";"Curva";"Não";2;0;0;2;0;0;2;1;-20,34029997;-40,40405712;"SPRF-ES";"DEL01-ES";"UOP01-DEL01-ES"
354612;2021-04-30;"sexta-feira";"00:05:00";"PR";116;117,7;"CURITIBA";"Velocidade Incompatível";"Capotamento";"Sem Vítimas";"Plena Noite";"Decrescente";"Céu Claro";"Dupla";"Curva";"Sim";1;0;0;0;1;0;0;1;-25,54988723;-49,28248211;"SPRF-PR";"DEL01-PR";"UOP01-DEL01-PR"
354614;2021-04-29;"quinta-feira";"23:15:00";"PR";116;106;"SAO JOSE DOS PINHAIS";"Condutor Dormindo";"Saída de leito carroçável";"Sem Vítimas";"Plena Noite";"Decrescente";"Céu Claro";"Dupla";"Reta";"Não";1;0;0;0;1;0;0;1;-25,57217556;-49,19643402;"SPRF-PR";"DEL01-PR";"UOP01-DEL01-PR"
354616;2021-04-30;"sexta-feira";"00:30:00";"SP";116;62,1;"GUARATINGUETA";"Ingestão de álcool pelo condutor";"Colisão traseira";"Com Vítimas Feridas";"Plena Noite";"Decrescente";"Céu Claro";"Dupla";"Reta";"Sim";3;0;1;0;2;0;1;2;-22,80538606;-45,17236692;"SPRF-SP";"DEL08-SP";"UOP01-DEL08-SP"
354617;2021-04-30;"sexta-feira";"02:40:00";"RS";116;251,9;"SAPUCAIA DO SUL";"Ingestão de álcool pelo condutor";"Colisão com objeto";"Sem Vítimas";"Plena Noite";"Decrescente";"Céu Claro";"Múltipla";"Reta";"Sim";1;0;0;0;1;0;0;1;-29,80035406;-51,16550365;"SPRF-RS";"DEL01-RS";"UOP02-DEL01-RS"
354621;2021-04-30;"sexta-feira";"04:35:00";"MG";381;480,9;"CONTAGEM";"Ingestão de álcool pelo condutor";"Saída de leito carroçável";"Sem Vítimas";"Amanhecer";"Crescente";"Céu Claro";"Múltipla";"Retorno Regulamentado";"Sim";1;0;0;0;1;0;0;1;-19,9580211;-44,05712843;"SPRF-MG";"DEL01-MG";"UOP03-DEL01-MG"
354623;2021-04-30;"sexta-feira";"05:20:00";"BA";116;447,8;"ANTONIO CARDOSO";"Velocidade Incompatível";"Atropelamento de Pedestre";"Com Vítimas Fatais";"Amanhecer";"Decrescente";"Nublado";"Dupla";"Reta";"Não";3;1;1;1;0;0;2;2;-12,38638473;-39,13736216;"SPRF-BA";"DEL02-BA";"UOP01-DEL02-BA"
354624;2021-04-30;"sexta-feira";"05:50:00";"RJ";116;163;"RIO DE JANEIRO";"Velocidade Incompatível";"Colisão traseira";"Sem Vítimas";"Pleno dia";"Decrescente";"Céu Claro";"Dupla";"Reta";"Sim";2;0;0;0;2;0;0;2;-22,81052847;-43,33517617;"SPRF-RJ";"DEL01-RJ";"UOP01-DEL01-RJ"
354626;2021-04-29;"quinta-feira";"13:00:00";"BA";349;970;"CORRENTINA";"Reação tardia ou ineficiente do condutor";"Saída de leito carroçável";"Com Vítimas Feridas";"Pleno dia";"Crescente";"Céu Claro";"Simples";"Reta";"Não";3;0;2;1;0;0;3;1;-13,34775335;-44,63734466;"SPRF-BA";"DEL10-BA";"UOP01-DEL10-BA"
354627;2021-04-30;"sexta-feira";"06:00:00";"PR";476;122;"COLOMBO";"Reação tardia ou ineficiente do condutor";"Colisão traseira";"Com Vítimas Feridas";"Pleno dia";"Crescente";"Céu Claro";"Simples";"Reta";"Sim";2;0;1;0;1;0;1;2;-25,385775;-49,203377;"SPRF-PR";"DEL01-PR";"UOP02-DEL01-PR"
354628;2021-04-30;"sexta-feira";"05:55:00";"MG";40;147,7;"JOAO PINHEIRO";"Entrada inopinada do pedestre";"Atropelamento de Pedestre";"Com Vítimas Feridas";"Amanhecer";"Crescente";"Céu Claro";"Simples";"Reta";"Não";5;0;0;1;4;0;1;2;-17,76661664;-46,14857764;"SPRF-MG";"DEL14-MG";"UOP02-DEL14-MG"
354631;2021-02-27;"sábado";"15:45:00";"MG";40;448,8;"CAETANOPOLIS";"Avarias e/ou desgaste excessivo no pneu";"Queda de ocupante de veículo";"Com Vítimas Feridas";"Pleno dia";"Decrescente";"Nublado";"Dupla";"Reta";"Não";1;0;0;1;0;0;1;1;-19,301651;-44,377922;"SPRF-MG";"DEL02-MG";"UOP01-DEL02-MG"
354632;2021-04-30;"sexta-feira";"07:10:00";"MG";50;175;"UBERABA";"Reação tardia ou ineficiente do condutor";"Engavetamento";"Com Vítimas Feridas";"Pleno dia";"Crescente";"Céu Claro";"Dupla";"Reta";"Sim";3;0;1;0;2;0;1;3;-19,77880359;-47,9695118;"SPRF-MG";"DEL13-MG";"UOP01-DEL13-MG"
354633;2021-04-30;"sexta-feira";"06:05:00";"RO";364;704;"PORTO VELHO";"Animais na Pista";"Atropelamento de Animal";"Com Vítimas Feridas";"Amanhecer";"Crescente";"Céu Claro";"Dupla";"Reta";"Sim";1;0;0;1;0;0;1;1;-8,80032739;-63,804543;"SPRF-RO";"DEL01-RO";"UOP01-DEL01-RO"
354636;2021-04-30;"sexta-feira";"07:25:00";"SC";101;119;"ITAJAI";"Condutor deixou de manter distância do veículo da frente";"Colisão traseira";"Com Vítimas Feridas";"Pleno dia";"Crescente";"Céu Claro";"Múltipla";"Interseção de Vias";"Não";2;0;1;0;1;0;1;2;-26,9043179;-48,71555481;"SPRF-SC";"DEL04-SC";"UOP04-DEL04-SC"
354639;2021-04-29;"quinta-feira";"18:45:00";"RJ";40;114;"DUQUE DE CAXIAS";"Reação tardia ou ineficiente do condutor";"Saída de leito carroçável";"Com Vítimas Feridas";"Plena Noite";"Decrescente";"Céu Claro";"Múltipla";"Reta";"Sim";2;0;1;0;1;0;1;1;-22,72646485;-43,28879725;"SPRF-RJ";"DEL01-RJ";"UOP01-DEL01-RJ"
354642;2021-04-30;"sexta-feira";"08:00:00";"PR";369;150;"LONDRINA";"Velocidade Incompatível";"Colisão traseira";"Com Vítimas Feridas";"Pleno dia";"Crescente";"Sol";"Dupla";"Reta";"Sim";2;0;0;1;1;0;1;2;-23,29277811;-51,16142035;"SPRF-PR";"DEL07-PR";"UOP01-DEL07-PR"
354643;2021-04-30;"sexta-feira";"08:00:00";"PE";101;81,5;"JABOATAO DOS GUARARAPES";"Acessar a via sem observar a presença dos outros veículos";"Colisão transversal";"Com Vítimas Feridas";"Pleno dia";"Crescente";"Nublado";"Dupla";"Reta";"Sim";2;0;1;1;0;0;2;2;-8,1597489;-34,94024569;"SPRF-PE";"DEL01-PE";"UOP01-DEL01-PE"
354644;2021-04-30;"sexta-feira";"07:45:00";"SC";101;215;"PALHOCA";"Manobra de mudança de faixa";"Colisão lateral mesmo sentido";"Com Vítimas Feridas";"Pleno dia";"Decrescente";"Céu Claro";"Dupla";"Reta";"Sim";3;0;2;0;1;0;2;2;-27,65184843;-48,67604941;"SPRF-SC";"DEL01-SC";"UOP02-DEL01-SC"
354646;2021-04-30;"sexta-feira";"05:50:00";"MT";70;378,5;"CAMPO VERDE";"Ultrapassagem Indevida";"Colisão lateral mesmo sentido";"Com Vítimas Feridas";"Amanhecer";"Crescente";"Céu Claro";"Simples";"Reta";"Não";2;0;1;0;0;1;1;2;-15,50286015;-55,1046459;"SPRF-MT";"DEL05-MT";"UOP02-DEL05-MT"
354647;2021-04-30;"sexta-feira";"07:32:00";"PE";116;27;"SALGUEIRO";"Transitar no acostamento";"Colisão lateral sentido oposto";"Com Vítimas Feridas";"Pleno dia";"Decrescente";"Céu Claro";"Simples";"Reta";"Sim";2;0;0;1;1;0;1;2;-8,078546;-39,130867;"SPRF-PE";"DEL05-PE";"UOP01-DEL05-PE"
354648;2021-04-30;"sexta-feira";"08:02:00";"GO";40;1,8;"VALPARAISO DE GOIAS";"Manobra de mudança de faixa";"Colisão lateral mesmo sentido";"Com Vítimas Feridas";"Pleno dia";"Crescente";"Céu Claro";"Dupla";"Retorno Regulamentado";"Sim";2;0;1;0;1;0;1;2;-16,058245;-47,982825;"SPRF-DF";"DEL01-DF";"UOP01-DEL01-DF"
354650;2021-04-30;"sexta-feira";"06:55:00";"MS";163;327,5;"RIO BRILHANTE";"Condutor deixou de manter distância do veículo da frente";"Colisão traseira";"Com Vítimas Feridas";"Pleno dia";"Decrescente";"Céu Claro";"Simples";"Reta";"Não";2;0;0;1;0;1;1;2;-21,75078891;-54,51845926;"SPRF-MS";"DEL02-MS";"UOP02-DEL02-MS"
354651;2021-04-30;"sexta-feira";"07:45:00";"MS";163;478;"CAMPO GRANDE";"Reação tardia ou ineficiente do condutor";"Colisão lateral mesmo sentido";"Com Vítimas Feridas";"Pleno dia";"Crescente";"Sol";"Simples";"Curva";"Não";3;0;0;1;2;0;1;2;-20,49629699;-54,55916871;"SPRF-MS";"DEL01-MS";"UOP01-DEL01-MS"
354653;2021-04-30;"sexta-feira";"07:50:00";"PR";476;138;"CURITIBA";"Acessar a via sem observar a presença dos outros veículos";"Colisão transversal";"Com Vítimas Feridas";"Pleno dia";"Decrescente";"Nublado";"Dupla";"Interseção de Vias";"Sim";2;0;1;0;1;0;1;2;-25,505564;-49,283417;"SPRF-PR";"DEL01-PR";"UOP03-DEL01-PR"
354655;2021-04-30;"sexta-feira";"08:35:00";"DF";70;7;"BRASILIA";"Velocidade Incompatível";"Colisão traseira";"Com Vítimas Feridas";"Pleno dia";"Decrescente";"Céu Claro";"Dupla";"Reta";"Sim";3;0;2;0;1;0;2;3;-15,787601;-48,114429;"SPRF-DF";"DEL03-DF";"UOP02-DEL03-DF"
354658;2021-04-30;"sexta-feira";"08:50:00";"PR";153;204,4;"TIBAGI";"Ausência de reação do condutor";"Saída de leito carroçável";"Com Vítimas Feridas";"Pleno dia";"Decrescente";"Céu Claro";"Simples";"Curva";"Não";2;0;2;0;0;0;2;1;-24,51636921;-50,4359616;"SPRF-PR";"DEL03-PR";"UOP02-DEL03-PR"
354660;2021-04-30;"sexta-feira";"09:30:00";"SC";101;211;"PALHOCA";"Ausência de reação do condutor";"Colisão com objeto";"Com Vítimas Feridas";"Pleno dia";"Decrescente";"Céu Claro";"Dupla";"Reta";"Sim";1;0;1;0;0;0;1;1;-27,62329313;-48,65245588;"SPRF-SC";"DEL01-SC";"UOP02-DEL01-SC"
354661;2021-04-30;"sexta-feira";"09:33:00";"SC";101;25;"JOINVILLE";"Ausência de reação do condutor";"Colisão traseira";"Com Vítimas Feridas";"Pleno dia";"Crescente";"Céu Claro";"Dupla";"Reta";"Sim";2;0;1;0;1;0;1;2;-26,19055499;-48,91191602;"SPRF-SC";"DEL03-SC";"UOP01-DEL03-SC"
354663;2021-04-08;"quinta-feira";"10:25:00";"PR";369;475;"CORBELIA";"Velocidade Incompatível";"Colisão traseira";"Com Vítimas Feridas";"Pleno dia";"Decrescente";"Sol";"Simples";"Reta";"Não";2;0;0;1;1;0;1;2;-24,5959;-53,2055;"SPRF-PR";"DEL09-PR";"UOP03-DEL09-PR"
354665;2021-04-30;"sexta-feira";"08:40:00";"GO";20;24,7;"FORMOSA";"Manobra de mudança de faixa";"Colisão lateral mesmo sentido";"Sem Vítimas";"Pleno dia";"Crescente";"Nublado";"Simples";"Curva;Declive";"Não";3;0;0;0;3;0;0;2;-15,54017;-47,142769;"SPRF-DF";"DEL02-DF";"UOP01-DEL02-DF"
354669;2021-04-30;"sexta-feira";"09:45:00";"SC";280;125,8;"RIO NEGRINHO";"Condutor deixou de manter distância do veículo da frente";"Colisão com objeto";"Sem Vítimas";"Pleno dia";"Decrescente";"Sol";"Simples";"Aclive;Reta";"Sim";1;0;0;0;1;0;0;1;-26,24125495;-49,50981259;"SPRF-SC";"DEL06-SC";"UOP03-DEL06-SC"
354672;2021-04-30;"sexta-feira";"07:32:00";"MA";10;243,1;"DAVINOPOLIS";"Pedestre cruzava a pista fora da faixa";"Atropelamento de Pedestre";"Com Vítimas Feridas";"Pleno dia";"Crescente";"Céu Claro";"Simples";"Reta";"Não";3;0;0;1;1;1;1;3;-5,60354;-47,423855;"SPRF-MA";"DEL04-MA";"UOP01-DEL04-MA"
354675;2021-04-30;"sexta-feira";"10:30:00";"RN";427;153,6;"SERRA NEGRA DO NORTE";"Pista esburacada";"Colisão com objeto";"Com Vítimas Feridas";"Pleno dia";"Crescente";"Céu Claro";"Simples";"Curva";"Não";2;0;0;1;1;0;1;1;-6,64414697;-37,45891571;"SPRF-RN";"DEL03-RN";"UOP01-DEL03-RN"
354676;2021-02-04;"quinta-feira";"10:40:00";"SP";116;270;"TABOAO DA SERRA";"Avarias e/ou desgaste excessivo no pneu";"Tombamento";"Com Vítimas Feridas";"Pleno dia";"Decrescente";"Céu Claro";"Múltipla";"Reta";"Sim";2;0;1;0;0;1;1;1;-23,61799728;-46,79677694;"SPRF-SP";"DEL04-SP";"UOP01-DEL04-SP"
354678;2021-04-30;"sexta-feira";"11:15:00";"PE";101;70,4;"RECIFE";"Pedestre andava na pista";"Atropelamento de Pedestre";"Com Vítimas Feridas";"Pleno dia";"Decrescente";"Nublado";"Dupla";"Reta";"Sim";2;0;1;0;0;1;1;2;-8,071416;-34,942406;"SPRF-PE";"DEL01-PE";"UOP01-DEL01-PE"
354681;2021-04-30;"sexta-feira";"10:00:00";"RJ";465;2,5;"SEROPEDICA";"Retorno proibido";"Colisão transversal";"Com Vítimas Feridas";"Pleno dia";"Crescente";"Nublado";"Simples";"Reta";"Não";2;0;1;0;1;0;1;2;-22,73204058;-43,7142474;"SPRF-RJ";"DEL01-RJ";"UOP03-DEL01-RJ"
354685;2021-04-30;"sexta-feira";"11:40:00";"PR";116;117;"CURITIBA";"Ingestão de álcool pelo condutor";"Queda de ocupante de veículo";"Com Vítimas Feridas";"Pleno dia";"Crescente";"Nublado";"Dupla";"Reta";"Não";1;0;1;0;0;0;1;1;-25,54988723;-49,28248211;"SPRF-PR";"DEL01-PR";"UOP01-DEL01-PR"
354687;2021-04-30;"sexta-feira";"12:00:00";"MG";381;357;"JOAO MONLEVADE";"Mal súbito do condutor";"Colisão lateral sentido oposto";"Com Vítimas Feridas";"Pleno dia";"Crescente";"Céu Claro";"Simples";"Reta";"Não";6;0;2;2;2;0;4;3;-19,85175308;-43,213709;"SPRF-MG";"DEL03-MG";"UOP01-DEL03-MG"
354689;2021-04-30;"sexta-feira";"12:14:00";"BA";324;620;"SALVADOR";"Condutor deixou de manter distância do veículo da frente";"Colisão traseira";"Com Vítimas Feridas";"Pleno dia";"Crescente";"Nublado";"Dupla";"Reta";"Sim";2;0;1;0;1;0;1;2;-12,90482172;-38,45556535;"SPRF-BA";"DEL01-BA";"UOP01-DEL01-BA"
354692;2021-03-21;"domingo";"07:50:00";"SP";459;20,9;"LORENA";"Ausência de reação do condutor";"Colisão lateral sentido oposto";"Com Vítimas Feridas";"Pleno dia";"Decrescente";"Céu Claro";"Simples";"Ponte";"Não";1;0;1;0;0;0;1;1;-22,646566;-45,144917;"SPRF-SP";"DEL08-SP";"UOP02-DEL08-SP"
354693;2021-04-30;"sexta-feira";"09:20:00";"RJ";101;320,8;"NITEROI";"Ausência de reação do condutor";"Colisão com objeto";"Com Vítimas Feridas";"Pleno dia";"Decrescente";"Nublado";"Dupla";"Curva";"Sim";1;0;0;1;0;0;1;1;-22,86171098;-43,10714015;"SPRF-RJ";"DEL02-RJ";"UOP02-DEL02-RJ"
354696;2021-04-30;"sexta-feira";"13:10:00";"MG";40;799,3;"JUIZ DE FORA";"Velocidade Incompatível";"Queda de ocupante de veículo";"Com Vítimas Feridas";"Pleno dia";"Decrescente";"Céu Claro";"Múltipla";"Curva";"Não";1;0;0;1;0;0;1;1;-21,82857001;-43,37364401;"SPRF-MG";"DEL05-MG";"UOP01-DEL05-MG"
354697;2021-04-30;"sexta-feira";"12:00:00";"PR";277;164,7;"PALMEIRA";"Condutor deixou de manter distância do veículo da frente";"Colisão traseira";"Com Vítimas Feridas";"Pleno dia";"Crescente";"Céu Claro";"Simples";"Reta";"Não";3;0;1;0;2;0;1;3;-25,47289;-49,895964;"SPRF-PR";"DEL01-PR";"UOP03-DEL03-PR"
354698;2021-04-30;"sexta-feira";"07:10:00";"SC";116;126;"SANTA CECILIA";"Condutor deixou de manter distância do veículo da frente";"Saída de leito carroçável";"Com Vítimas Feridas";"Pleno dia";"Decrescente";"Ignorado";"Simples";"Reta";"Não";1;0;1;0;0;0;1;1;-26,86727993;-50,40768508;"SPRF-SC";"DEL06-SC";"UOP02-DEL06-SC"
354700;2021-04-30;"sexta-feira";"13:20:00";"SC";282;21,5;"SANTO AMARO DA IMPERATRIZ";"Desrespeitar a preferência no cruzamento";"Colisão transversal";"Com Vítimas Feridas";"Pleno dia";"Crescente";"Céu Claro";"Simples";"Reta";"Sim";2;0;0;1;1;0;1;2;-27,68907;-48,717541;"SPRF-SC";"DEL01-SC";"UOP02-DEL01-SC"
354702;2021-04-30;"sexta-feira";"13:00:00";"PR";376;474,5;"PONTA GROSSA";"Velocidade Incompatível";"Saída de leito carroçável";"Com Vítimas Feridas";"Pleno dia";"Crescente";"Sol";"Dupla";"Reta";"Não";2;0;2;0;0;0;2;1;-25,036089;-50,297977;"SPRF-PR";"DEL03-PR";"UOP01-DEL03-PR"
354703;2021-04-30;"sexta-feira";"12:54:00";"MG";381;703,3;"LAVRAS";"Avarias e/ou desgaste excessivo no pneu";"Queda de ocupante de veículo";"Com Vítimas Feridas";"Pleno dia";"Crescente";"Céu Claro";"Dupla";"Declive;Reta";"Não";2;0;2;0;0;0;2;1;-21,33409924;-45,17325694;"SPRF-MG";"DEL04-MG";"UOP02-DEL04-MG"
354706;2021-04-30;"sexta-feira";"13:00:00";"SP";116;147;"SAO JOSE DOS CAMPOS";"Manobra de mudança de faixa";"Queda de ocupante de veículo";"Com Vítimas Feridas";"Pleno dia";"Crescente";"Nublado";"Dupla";"Curva";"Sim";1;0;1;0;0;0;1;1;-23,19542994;-45,87176303;"SPRF-SP";"DEL02-SP";"UOP01-DEL02-SP"
354707;2021-04-30;"sexta-feira";"13:45:00";"SC";470;56,4;"BLUMENAU";"Conversão proibida";"Colisão transversal";"Com Vítimas Feridas";"Pleno dia";"Crescente";"Sol";"Simples";"Reta";"Sim";2;0;1;0;1;0;1;2;-26,87854984;-49,13348241;"SPRF-SC";"DEL04-SC";"UOP01-DEL04-SC"
354710;2021-04-04;"domingo";"08:30:00";"SE";235;101,4;"CARIRA";"Desrespeitar a preferência no cruzamento";"Colisão frontal";"Com Vítimas Fatais";"Pleno dia";"Decrescente";"Céu Claro";"Simples";"Reta;Aclive;Interseção de Vias";"Não";2;1;0;0;0;1;0;2;-10,421773;-37,676183;"SPRF-SE";"DEL01-SE";"UOP02-DEL01-SE"
354711;2021-04-30;"sexta-feira";"11:20:00";"PE";316;25,5;"ARARIPINA";"Desrespeitar a preferência no cruzamento";"Colisão frontal";"Com Vítimas Feridas";"Pleno dia";"Decrescente";"Céu Claro";"Simples";"Retorno Regulamentado";"Sim";4;0;1;0;3;0;1;3;-7,59595686;-40,49329368;"SPRF-PE";"DEL05-PE";"UOP02-DEL05-PE"
354712;2021-04-25;"domingo";"16:20:00";"PE";423;61;"LAJEDO";"Transitar na contramão";"Colisão frontal";"Com Vítimas Feridas";"Pleno dia";"Crescente";"Céu Claro";"Simples";"Reta";"Sim";2;0;0;1;1;0;1;2;-8,65805731;-36,32866993;"SPRF-PE";"DEL03-PE";"UOP01-DEL03-PE"
354713;2021-04-30;"sexta-feira";"14:00:00";"PE";101;69,6;"RECIFE";"Manobra de mudança de faixa";"Colisão lateral mesmo sentido";"Com Vítimas Feridas";"Pleno dia";"Crescente";"Nublado";"Dupla";"Reta";"Sim";2;0;0;1;1;0;1;2;-8,064458;-34,944285;"SPRF-PE";"DEL01-PE";"UOP01-DEL01-PE"
354714;2021-04-30;"sexta-feira";"13:00:00";"PR";280;256,9;"MARMELEIRO";"Desrespeitar a preferência no cruzamento";"Colisão transversal";"Com Vítimas Feridas";"Pleno dia";"Decrescente";"Céu Claro";"Simples";"Interseção de Vias";"Sim";2;0;1;0;1;0;1;2;-26,15873167;-53,03193728;"SPRF-PR";"DEL02-PR";"UOP01-DEL02-PR"