"id";"data_inversa";"dia_semana";"horario";"uf";"br";"km";"municipio";"causa_acidente";"tipo_acidente";"classificacao_acidente";"fase_dia";"sentido_via";"condicao_metereologica";"tipo_pista";"tracado_via";"uso_solo";"pessoas";"mortos";"feridos_leves";"feridos_graves";"ilesos";"ignorados";"feridos";"veiculos";"latitude";"longitude";"regional";"delegacia";"uop"
354715;2021-04-13;"terça-feira";"06:30:00";"PR";277;722;"FOZ DO IGUACU";"Acostamento em desnível";"Tombamento";"Com Vítimas Feridas";"Pleno dia";"Crescente";"Céu Claro";"Dupla";"Reta";"Sim";1;0;1;0;0;0;1;1;-25,49494908;-54,52095097;"SPRF-PR";"DEL05-PR";"UOP03-DEL05-PR"
354719;2021-04-30;"sexta-feira";"13:15:00";"RS";285;121,7;"VACARIA";"Ingestão de álcool pelo condutor";"Engavetamento";"Sem Vítimas";"Pleno dia";"Crescente";"Céu Claro";"Simples";"Reta";"Não";4;0;0;0;4;0;0;4;-28,510252;-50,935688;"SPRF-RS";"DEL05-RS";"UOP03-DEL05-RS"
354720;2021-04-30;"sexta-feira";"12:00:00";"SC";101;38;"JOINVILLE";"Acessar a via sem observar a presença dos outros veículos";"Colisão transversal";"Com Vítimas Feridas";"Pleno dia";"Crescente";"Céu Claro";"Dupla";"Rotatória;Interseção de Vias";"Sim";2;0;1;0;1;0;1;2;-26,29641603;-48,88448238;"SPRF-SC";"DEL03-SC";"UOP01-DEL03-SC"
354722;2021-04-30;"sexta-feira";"13:20:00";"PR";277;727;"FOZ DO IGUACU";"Velocidade Incompatível";"Colisão lateral mesmo sentido";"Com Vítimas Feridas";"Pleno dia";"Decrescente";"Sol";"Dupla";"Reta";"Sim";2;0;0;1;1;0;1;2;-25,51017487;-54,56454899;"SPRF-PR";"DEL05-PR";"UOP03-DEL05-PR"
354723;2021-04-30;"sexta-feira";"13:45:00";"PB";230;16;"CABEDELO";"Condutor deixou de manter distância do veículo da frente";"Colisão traseira";"Com Vítimas Feridas";"Pleno dia";"Decrescente";"Sol";"Dupla";"Aclive;Reta";"Sim";5;0;1;0;4;0;1;2;-7,1039;-34,8458;"SPRF-PB";"DEL01-PB";"UOP01-DEL01-PB"
354724;2021-04-30;"sexta-feira";"13:50:00";"SC";101;417,5;"ARARANGUA";"Reação tardia ou ineficiente do condutor";"Colisão traseira";"Com Vítimas Feridas";"Pleno dia";"Decrescente";"Céu Claro";"Dupla";"Declive";"Não";3;0;0;1;1;1;1;3;-28,97376391;-49,53023409;"SPRF-SC";"DEL02-SC";"UOP02-DEL02-SC"
354727;2021-04-30;"sexta-feira";"14:08:00";"PE";101;67;"RECIFE";"Acessar a via sem observar a presença dos outros veículos";"Colisão lateral mesmo sentido";"Sem Vítimas";"Pleno dia";"Decrescente";"Céu Claro";"Dupla";"Interseção de Vias";"Sim";2;0;0;0;2;0;0;2;-8,042334;-34,943096;"SPRF-PE";"DEL01-PE";"UOP01-DEL01-PE"
354728;2021-04-18;"domingo";"21:00:00";"AC";364;121;"RIO BRANCO";"Ingestão de álcool pelo condutor";"Colisão traseira";"Com Vítimas Feridas";"Plena Noite";"Crescente";"Céu Claro";"Simples";"Reta";"Não";2;0;0;2;0;0;2;2;-10,01209268;-67,764365;"SPRF-AC";"DEL01-AC";"UOP01-DEL01-AC"
354729;2021-04-30;"sexta-feira";"12:35:00";"RJ";101;473;"ANGRA DOS REIS";"Pedestre cruzava a pista fora da faixa";"Atropelamento de Pedestre";"Com Vítimas Fatais";"Pleno dia";"Crescente";"Céu Claro";"Dupla";"Reta";"Sim";2;1;0;0;1;0;0;2;-22,98960623;-44,24168693;"SPRF-RJ";"DEL03-RJ";"UOP03-DEL03-RJ"
354732;2021-04-30;"sexta-feira";"13:20:00";"MS";60;563,8;"NIOAQUE";"Mal súbito do condutor";"Saída de leito carroçável";"Com Vítimas Feridas";"Pleno dia";"Crescente";"Céu Claro";"Simples";"Reta";"Não";2;0;2;0;0;0;2;1;-21,28524215;-55,98332986;"SPRF-MS";"DEL05-MS";"UOP01-DEL05-MS"
354733;2021-04-23;"sexta-feira";"05:30:00";"MS";267;392,7;"MARACAJU";"Animais na Pista";"Atropelamento de Animal";"Com Vítimas Feridas";"Amanhecer";"Crescente";"Céu Claro";"Simples";"Curva";"Não";2;0;1;1;0;0;2;1;-21,61650664;-55,39449793;"SPRF-MS";"DEL05-MS";"UOP01-DEL05-MS"
354736;2021-04-30;"sexta-feira";"15:30:00";"PR";116;167,5;"QUITANDINHA";"Velocidade Incompatível";"Queda de ocupante de veículo";"Com Vítimas Feridas";"Pleno dia";"Crescente";"Céu Claro";"Simples";"Curva";"Não";1;0;1;0;0;0;1;1;-25,86830628;-49,45462385;"SPRF-PR";"DEL01-PR";"UOP03-DEL01-PR"
354739;2021-04-30;"sexta-feira";"13:30:00";"MS";163;500,3;"CAMPO GRANDE";"Ausência de reação do condutor";"Tombamento";"Com Vítimas Feridas";"Pleno dia";"Decrescente";"Céu Claro";"Simples";"Aclive";"Não";1;0;0;1;0;0;1;1;-20,32607304;-54,51856683;"SPRF-MS";"DEL01-MS";"UOP02-DEL01-MS"
354740;2021-04-30;"sexta-feira";"13:00:00";"PR";277;115;"CAMPO LARGO";"Demais falhas mecânicas ou elétricas";"Incêndio";"Sem Vítimas";"Pleno dia";"Decrescente";"Céu Claro";"Dupla";"Reta";"Sim";1;0;0;0;1;0;0;1;-25,43041215;-49,39663893;"SPRF-PR";"DEL01-PR";"UOP03-DEL03-PR"
354742;2021-04-30;"sexta-feira";"15:50:00";"SC";101;223;"PALHOCA";"Desrespeitar a preferência no cruzamento";"Colisão transversal";"Com Vítimas Feridas";"Pleno dia";"Crescente";"Sol";"Dupla";"Interseção de Vias;Retorno Regulamentado;Viaduto";"Sim";2;0;1;0;1;0;1;2;-27,71552634;-48,64881251;"SPRF-SC";"DEL01-SC";"UOP02-DEL01-SC"
354744;2021-04-30;"sexta-feira";"13:50:00";"RO";364;14;"VILHENA";"Condutor deixou de manter distância do veículo da frente";"Colisão lateral mesmo sentido";"Com Vítimas Feridas";"Pleno dia";"Decrescente";"Céu Claro";"Dupla";"Rotatória";"Sim";3;0;1;0;2;0;1;2;-12,73898138;-60,13911417;"SPRF-RO";"DEL04-RO";"UOP01-DEL04-RO"
354747;2021-04-30;"sexta-feira";"14:00:00";"MT";70;523;"VARZEA GRANDE";"Acessar a via sem observar a presença dos outros veículos";"Colisão transversal";"Com Vítimas Feridas";"Pleno dia";"Decrescente";"Céu Claro";"Simples";"Rotatória";"Sim";2;0;1;0;1;0;1;2;-15,65006006;-56,19556373;"SPRF-MT";"DEL01-MT";"UOP02-DEL01-MT"
354748;2021-04-30;"sexta-feira";"15:15:00";"MT";163;824;"SINOP";"Condutor deixou de manter distância do veículo da frente";"Colisão traseira";"Com Vítimas Feridas";"Pleno dia";"Decrescente";"Chuva";"Simples";"Aclive";"Sim";5;0;1;1;3;0;2;3;-11,958;-55,517;"SPRF-MT";"DEL06-MT";"UOP01-DEL06-MT"
354749;2021-04-30;"sexta-feira";"11:35:00";"PB";361;6;"PATOS";"Condutor deixou de manter distância do veículo da frente";"Colisão traseira";"Com Vítimas Feridas";"Pleno dia";"Crescente";"Céu Claro";"Simples";"Reta";"Não";2;0;1;0;1;0;1;2;-7,03594312;-37,31112598;"SPRF-PB";"DEL03-PB";"UOP01-DEL03-PB"
354750;2021-04-30;"sexta-feira";"16:30:00";"RN";406;170,7;"SAO GONCALO DO AMARANTE";"Animais na Pista";"Atropelamento de Animal";"Com Vítimas Feridas";"Pleno dia";"Decrescente";"Céu Claro";"Dupla";"Declive";"Sim";1;0;0;1;0;0;1;1;-5,75872063;-35,29921986;"SPRF-RN";"DEL02-RN";"UOP01-DEL02-RN"
354751;2021-04-30;"sexta-feira";"16:25:00";"GO";153;507,2;"GOIANIA";"Condutor deixou de manter distância do veículo da frente";"Colisão traseira";"Sem Vítimas";"Pleno dia";"Crescente";"Chuva";"Dupla";"Reta";"Sim";6;0;0;0;6;0;0;2;-16,7715;-49,2387;"SPRF-GO";"DEL01-GO";"UOP03-DEL01-GO"
354755;2021-04-30;"sexta-feira";"16:15:00";"DF";60;28;"BRASILIA";"Acumulo de água sobre o pavimento";"Capotamento";"Com Vítimas Feridas";"Pleno dia";"Decrescente";"Chuva";"Dupla";"Curva";"Sim";4;0;1;0;3;0;1;1;-16,020638;-48,250832;"SPRF-DF";"DEL03-DF";"UOP01-DEL03-DF"
354756;2021-04-30;"sexta-feira";"15:33:00";"PR";476;228,5;"LAPA";"Acessar a via sem observar a presença dos outros veículos";"Colisão transversal";"Com Vítimas Fatais";"Pleno dia";"Decrescente";"Céu Claro";"Simples";"Reta";"Não";3;1;0;0;2;0;0;2;-25,86306;-49,973328;"SPRF-PR";"DEL02-PR";"UOP04-DEL02-PR"
354758;2021-04-30;"sexta-feira";"17:00:00";"ES";101;271,3;"SERRA";"Reação tardia ou ineficiente do condutor";"Colisão traseira";"Com Vítimas Feridas";"Pleno dia";"Crescente";"Céu Claro";"Múltipla";"Reta";"Sim";2;0;1;0;1;0;1;2;-20,23267;-40,27658;"SPRF-ES";"DEL02-ES";"UOP01-DEL02-ES"
354759;2021-04-30;"sexta-feira";"15:30:00";"PR";116;150;"MANDIRITUBA";"Velocidade Incompatível";"Colisão traseira";"Com Vítimas Feridas";"Pleno dia";"Crescente";"Céu Claro";"Simples";"Reta";"Não";2;0;0;1;1;0;1;2;-25,81557015;-49,33088979;"SPRF-PR";"DEL01-PR";"UOP03-DEL01-PR"
354760;2021-04-30;"sexta-feira";"16:25:00";"SC";101;126;"ITAJAI";"Trafegar com motocicleta (ou similar) entre as faixas";"Colisão traseira";"Com Vítimas Feridas";"Pleno dia";"Decrescente";"Céu Claro";"Dupla";"Reta";"Não";1;0;0;1;0;0;1;1;-26,95564404;-48,67978366;"SPRF-SC";"DEL04-SC";"UOP04-DEL04-SC"
354762;2021-04-30;"sexta-feira";"14:00:00";"RJ";101;592;"PARATY";"Desrespeitar a preferência no cruzamento";"Colisão transversal";"Com Vítimas Feridas";"Pleno dia";"Crescente";"Céu Claro";"Simples";"Reta";"Sim";3;0;0;1;2;0;1;2;-23,31817395;-44,72195503;"SPRF-RJ";"DEL03-RJ";"UOP04-DEL03-RJ"
354765;2021-04-30;"sexta-feira";"15:50:00";"BA";101;530;"ARATACA";"Desrespeitar a preferência no cruzamento";"Colisão transversal";"Sem Vítimas";"Pleno dia";"Decrescente";"Nublado";"Simples";"Curva";"Não";2;0;0;0;2;0;0;2;-15,13086315;-39,37770958;"SPRF-BA";"DEL05-BA";"UOP01-DEL05-BA"
354766;2021-04-30;"sexta-feira";"16:00:00";"RS";290;617;"ALEGRETE";"Ausência de reação do condutor";"Saída de leito carroçável";"Com Vítimas Feridas";"Pleno dia";"Decrescente";"Sol";"Simples";"Reta";"Não";2;0;0;2;0;0;2;1;-29,9472845;-56,0983602;"SPRF-RS";"DEL13-RS";"UOP02-DEL13-RS"
354767;2021-04-30;"sexta-feira";"16:50:00";"MS";163;262,7;"DOURADOS";"Ingestão de álcool pelo condutor";"Tombamento";"Com Vítimas Feridas";"Pleno dia";"Decrescente";"Sol";"Dupla";"Viaduto";"Sim";1;0;1;0;0;0;1;1;-22,2352256;-54,75663316;"SPRF-MS";"DEL04-MS";"UOP01-DEL04-MS"
354769;2021-04-30;"sexta-feira";"15:10:00";"MT";163;119,2;"RONDONOPOLIS";"Acessar a via sem observar a presença dos outros veículos";"Colisão transversal";"Com Vítimas Feridas";"Pleno dia";"Decrescente";"Nublado";"Dupla";"Retorno Regulamentado";"Sim";3;0;1;1;0;1;2;2;-16,505412;-54,65154;"SPRF-MT";"DEL02-MT";"UOP01-DEL02-MT"
354770;2021-04-30;"sexta-feira";"18:10:00";"SP";116;109;"TAUBATE";"Trafegar com motocicleta (ou similar) entre as faixas";"Colisão lateral mesmo sentido";"Com Vítimas Feridas";"Plena Noite";"Crescente";"Céu Claro";"Dupla";"Reta";"Sim";3;0;1;0;2;0;1;3;-23,02871304;-45,54517097;"SPRF-SP";"DEL08-SP";"UOP01-DEL08-SP"
354771;2021-04-30;"sexta-feira";"17:30:00";"PB";104;139;"QUEIMADAS";"Acessar a via sem observar a presença dos outros veículos";"Colisão transversal";"Com Vítimas Feridas";"Anoitecer";"Crescente";"Céu Claro";"Simples";"Interseção de Vias";"Sim";2;0;1;0;1;0;1;2;-7,36948311;-35,89979635;"SPRF-PB";"DEL02-PB";"UOP03-DEL02-PB"
354774;2021-04-30;"sexta-feira";"18:40:00";"GO";40;7;"VALPARAISO DE GOIAS";"Condutor deixou de manter distância do veículo da frente";"Colisão traseira";"Com Vítimas Feridas";"Plena Noite";"Crescente";"Céu Claro";"Dupla";"Reta";"Sim";3;0;2;1;0;0;3;3;-16,108482;-47,972524;"SPRF-DF";"DEL01-DF";"UOP01-DEL01-DF"
354775;2021-04-30;"sexta-feira";"17:50:00";"PI";230;310;"FLORIANO";"Ausência de reação do condutor";"Tombamento";"Com Vítimas Feridas";"Pleno dia";"Crescente";"Céu Claro";"Simples";"Ponte";"Sim";2;0;2;0;0;0;2;1;-6,76580135;-43,00941327;"SPRF-PI";"DEL03-PI";"UOP01-DEL03-PI"
354776;2021-04-30;"sexta-feira";"18:40:00";"ES";101;414,2;"ITAPEMIRIM";"Ingestão de álcool e/ou substâncias psicoativas pelo pedestre";"Colisão frontal";"Com Vítimas Feridas";"Pleno dia";"Crescente";"Nublado";"Dupla";"Rotatória";"Não";3;0;1;0;2;0;1;2;-20,92345849;-41,07835562;"SPRF-ES";"DEL03-ES";"UOP02-DEL03-ES"
354778;2021-04-30;"sexta-feira";"18:45:00";"BA";135;188;"BARREIRAS";"Ingestão de álcool pelo condutor";"Colisão traseira";"Com Vítimas Feridas";"Plena Noite";"Crescente";"Céu Claro";"Simples";"Reta";"Não";2;0;1;0;1;0;1;2;-12,21946897;-45,01942509;"SPRF-BA";"DEL10-BA";"UOP01-DEL10-BA"
354779;2021-04-30;"sexta-feira";"18:40:00";"AL";316;78,6;"POCO DAS TRINCHEIRAS";"Animais na Pista";"Atropelamento de Animal";"Com Vítimas Feridas";"Plena Noite";"Crescente";"Céu Claro";"Simples";"Reta";"Sim";4;0;2;1;1;0;3;3;-9,33497686;-37,2926359;"SPRF-AL";"DEL03-AL";"UOP02-DEL03-AL"
354783;2021-04-30;"sexta-feira";"17:30:00";"RJ";101;54;"CAMPOS DOS GOYTACAZES";"Pedestre cruzava a pista fora da faixa";"Atropelamento de Pedestre";"Com Vítimas Feridas";"Plena Noite";"Decrescente";"Nublado";"Simples";"Reta;Declive";"Sim";2;0;0;1;1;0;1;2;-21,66937699;-41,31111673;"SPRF-RJ";"DEL08-RJ";"UOP01-DEL08-RJ"
354789;2021-04-30;"sexta-feira";"19:15:00";"SP";116;230;"SAO PAULO";"Reação tardia ou ineficiente do condutor";"Colisão traseira";"Com Vítimas Feridas";"Plena Noite";"Crescente";"Nublado";"Múltipla";"Reta";"Sim";4;0;3;0;1;0;3;2;-23,51680399;-46,58042192;"SPRF-SP";"DEL01-SP";"UOP01-DEL01-SP"
354793;2021-04-30;"sexta-feira";"19:35:00";"PE";232;410;"SERRA TALHADA";"Ingestão de álcool e/ou substâncias psicoativas pelo pedestre";"Atropelamento de Pedestre";"Com Vítimas Fatais";"Plena Noite";"Decrescente";"Céu Claro";"Simples";"Reta";"Sim";2;1;0;1;0;0;1;2;-7,98261841;-38,30039606;"SPRF-PE";"DEL04-PE";"UOP01-DEL04-PE"
354794;2021-04-30;"sexta-feira";"18:40:00";"MS";163;21,9;"MUNDO NOVO";"Acessar a via sem observar a presença dos outros veículos";"Colisão transversal";"Com Vítimas Feridas";"Plena Noite";"Decrescente";"Céu Claro";"Simples";"Reta;Declive";"Não";4;0;4;0;0;0;4;2;-23,911974;-54,294864;"SPRF-MS";"DEL09-MS";"UOP02-DEL09-MS"
354795;2021-04-30;"sexta-feira";"17:00:00";"MT";158;558;"AGUA BOA";"Acostamento em desnível";"Capotamento";"Sem Vítimas";"Anoitecer";"Decrescente";"Chuva";"Simples";"Reta";"Não";1;0;0;0;0;1;0;1;-13,97297931;-52,12824861;"SPRF-MT";"DEL07-MT";"UOP02-DEL07-MT"
354796;2021-04-30;"sexta-feira";"17:10:00";"MG";365;362,5;"VARJAO DE MINAS";"Ingestão de álcool pelo condutor";"Colisão traseira";"Com Vítimas Feridas";"Anoitecer";"Crescente";"Céu Claro";"Simples";"Reta";"Não";2;0;1;0;1;0;1;2;-18,44015791;-46,07395717;"SPRF-MG";"DEL10-MG";"UOP01-DEL10-MG"
354797;2021-04-30;"sexta-feira";"19:50:00";"SP";116;280;"EMBU DAS ARTES";"Condutor deixou de manter distância do veículo da frente";"Colisão traseira";"Com Vítimas Feridas";"Plena Noite";"Crescente";"Nublado";"Dupla";"Reta";"Não";3;0;1;0;2;0;1;3;-23,66996108;-46,85590758;"SPRF-SP";"DEL04-SP";"UOP01-DEL04-SP"
354798;2021-04-30;"sexta-feira";"19:20:00";"PR";373;179,6;"PONTA GROSSA";"Manobra de mudança de faixa";"Colisão traseira";"Sem Vítimas";"Plena Noite";"Decrescente";"Céu Claro";"Simples";"Reta";"Sim";2;0;0;0;2;0;0;2;-25,04143598;-50,24182141;"SPRF-PR";"DEL03-PR";"UOP01-DEL03-PR"
354799;2021-04-30;"sexta-feira";"19:09:00";"RS";116;244;"SAO LEOPOLDO";"Reação tardia ou ineficiente do condutor";"Colisão traseira";"Com Vítimas Feridas";"Plena Noite";"Crescente";"Céu Claro";"Dupla";"Reta";"Sim";2;0;1;0;1;0;1;2;-29,74088003;-51,15039566;"SPRF-RS";"DEL01-RS";"UOP02-DEL01-RS"
354800;2021-04-30;"sexta-feira";"19:15:00";"PR";376;218,6;"JANDAIA DO SUL";"Pedestre cruzava a pista fora da faixa";"Atropelamento de Pedestre";"Com Vítimas Feridas";"Plena Noite";"Crescente";"Céu Claro";"Dupla";"Reta";"Não";2;0;1;0;1;0;1;2;-23,59717604;-51,615043;"SPRF-PR";"DEL09-PR";"UOP01-DEL09-PR"
354802;2021-04-30;"sexta-feira";"17:50:00";"SC";280;190;"MAFRA";"Conversão proibida";"Colisão traseira";"Com Vítimas Feridas";"Plena Noite";"Decrescente";"Nublado";"Simples";"Reta";"Sim";2;0;1;0;1;0;1;2;-26,17943391;-49,97899632;"SPRF-SC";"DEL06-SC";"UOP01-DEL06-SC"
354804;2021-04-30;"sexta-feira";"19:30:00";"ES";101;304;"VIANA";"Reação tardia ou ineficiente do condutor";"Colisão traseira";"Com Vítimas Feridas";"Plena Noite";"Crescente";"Garoa/Chuvisco";"Dupla";"Reta";"Sim";3;0;2;0;1;0;2;2;-20,3800645;-40,45431391;"SPRF-ES";"DEL01-ES";"UOP01-DEL01-ES"
354805;2021-04-30;"sexta-feira";"19:20:00";"RS";285;114,8;"VACARIA";"Reação tardia ou ineficiente do condutor";"Colisão traseira";"Com Vítimas Fatais";"Plena Noite";"Crescente";"Céu Claro";"Simples";"Reta";"Não";4;1;0;0;2;1;0;3;-28,510778;-50,877293;"SPRF-RS";"DEL05-RS";"UOP03-DEL05-RS"
354806;2021-04-30;"sexta-feira";"19:45:00";"SC";101;134;"BALNEARIO CAMBORIU";"Reação tardia ou ineficiente do condutor";"Colisão traseira";"Com Vítimas Feridas";"Plena Noite";"Decrescente";"Céu Claro";"Simples";"Reta;Interseção de Vias";"Sim";2;0;1;0;1;0;1;2;-27,00218;-48,636433;"SPRF-SC";"DEL04-SC";"UOP03-DEL04-SC"
354808;2021-04-30;"sexta-feira";"17:20:00";"GO";60;45;"ALEXANIA";"Velocidade Incompatível";"Saída de leito carroçável";"Com Vítimas Feridas";"Pleno dia";"Decrescente";"Céu Claro";"Dupla";"Reta";"Não";1;0;1;0;0;0;1;1;-16,1324;-48,5977;"SPRF-GO";"DEL02-GO";"UOP01-DEL02-GO"
354809;2021-04-30;"sexta-feira";"19:00:00";"RN";304;300;"MACAIBA";"Ausência de reação do condutor";"Saída de leito carroçável";"Sem Vítimas";"Plena Noite";"Decrescente";"Nublado";"Dupla";"Reta";"Não";2;0;0;0;0;2;0;2;-5,8737673;-35,3150361;"SPRF-RN";"DEL01-RN";"UOP02-DEL01-RN"
354810;2021-04-30;"sexta-feira";"20:00:00";"MG";262;791;"UBERABA";"Reação tardia ou ineficiente do condutor";"Queda de ocupante de veículo";"Com Vítimas Feridas";"Plena Noite";"Crescente";"Céu Claro";"Simples";"Curva";"Não";1;0;0;1;0;0;1;1;-19,76328194;-47,85919501;"SPRF-MG";"DEL13-MG";"UOP01-DEL13-MG"
354812;2021-04-10;"sábado";"18:08:00";"SC";280;301,2;"PORTO UNIAO";"Condutor deixou de manter distância do veículo da frente";"Colisão lateral mesmo sentido";"Com Vítimas Feridas";"Anoitecer";"Crescente";"Céu Claro";"Simples";"Reta";"Não";3;0;1;0;0;2;1;3;-26,28207506;-51,03061202;"SPRF-SC";"DEL06-SC";"UOP04-DEL06-SC"
354813;2021-04-30;"sexta-feira";"20:33:00";"SC";101;203,4;"SAO JOSE";"Ausência de reação do condutor";"Engavetamento";"Com Vítimas Feridas";"Plena Noite";"Decrescente";"Céu Claro";"Dupla";"Reta";"Não";7;0;0;1;6;0;1;3;-27,5650044;-48,61460082;"SPRF-SC";"DEL01-SC";"UOP01-DEL01-SC"
354814;2021-04-30;"sexta-feira";"18:50:00";"SC";101;209;"SAO JOSE";"Condutor deixou de manter distância do veículo da frente";"Colisão traseira";"Com Vítimas Feridas";"Plena Noite";"Crescente";"Céu Claro";"Múltipla";"Reta";"Sim";2;0;1;0;1;0;1;2;-27,61000542;-48,63895057;"SPRF-SC";"DEL01-SC";"UOP01-DEL01-SC"
354815;2021-04-30;"sexta-feira";"19:30:00";"DF";20;7;"BRASILIA";"Condutor deixou de manter distância do veículo da frente";"Colisão traseira";"Sem Vítimas";"Plena Noite";"Crescente";"Nublado";"Dupla";"Aclive";"Sim";2;0;0;0;2;0;0;2;-15,662208;-47,799866;"SPRF-DF";"DEL02-DF";"UOP01-DEL02-DF"
354817;2021-04-30;"sexta-feira";"21:10:00";"SC";101;210,6;"SAO JOSE";"Manobra de mudança de faixa";"Colisão lateral mesmo sentido";"Com Vítimas Feridas";"Plena Noite";"Decrescente";"Nublado";"Múltipla";"Reta";"Sim";2;0;1;0;1;0;1;2;-27,6167305;-48,6457265;"SPRF-SC";"DEL01-SC";"UOP01-DEL01-SC"
354820;2021-04-20;"terça-feira";"23:05:00";"MS";163;670;"RIO VERDE DE MATO GROSSO";"Velocidade Incompatível";"Colisão com objeto";"Com Vítimas Feridas";"Plena Noite";"Crescente";"Céu Claro";"Dupla";"Reta";"Não";2;0;2;0;0;0;2;1;-19,00660074;-54,82879968;"SPRF-MS";"DEL06-MS";"UOP02-DEL06-MS"
354821;2021-04-30;"sexta-feira";"21:20:00";"PR";376;176,9;"MARINGA";"Manobra de mudança de faixa";"Colisão lateral mesmo sentido";"Com Vítimas Fatais";"Plena Noite";"Crescente";"Céu Claro";"Dupla";"Reta";"Sim";3;1;0;0;1;1;0;3;-23,41288645;-51,93163276;"SPRF-PR";"DEL09-PR";"UOP01-DEL09-PR"
354822;2021-04-30;"sexta-feira";"18:45:00";"SC";280;115,8;"SAO BENTO DO SUL";"Desrespeitar a preferência no cruzamento";"Colisão transversal";"Com Vítimas Feridas";"Plena Noite";"Crescente";"Nublado";"Simples";"Interseção de Vias";"Não";4;0;4;0;0;0;4;2;-26,284761;-49,408313;"SPRF-SC";"DEL06-SC";"UOP03-DEL06-SC"
354823;2021-04-30;"sexta-feira";"19:44:00";"SP";153;223,5;"MARILIA";"Ingestão de álcool pelo condutor";"Saída de leito carroçável";"Sem Vítimas";"Plena Noite";"Decrescente";"Céu Claro";"Simples";"Reta";"Não";1;0;0;0;0;1;0;1;-22,02316205;-49,90722425;"SPRF-SP";"DEL07-SP";"UOP02-DEL07-SP"
354824;2021-04-30;"sexta-feira";"18:10:00";"SC";282;456,7;"PONTE SERRADA";"Manobra de mudança de faixa";"Colisão transversal";"Sem Vítimas";"Anoitecer";"Decrescente";"Céu Claro";"Simples";"Aclive";"Não";3;0;0;0;3;0;0;2;-26,885752;-52,004669;"SPRF-SC";"DEL07-SC";"UOP04-DEL07-SC"
354826;2021-04-30;"sexta-feira";"20:50:00";"RS";470;176;"VERANOPOLIS";"Acessar a via sem observar a presença dos outros veículos";"Colisão transversal";"Com Vítimas Feridas";"Plena Noite";"Decrescente";"Céu Claro";"Simples";"Retorno Regulamentado";"Sim";2;0;2;0;0;0;2;2;-28,929109;-51,54315;"SPRF-RS";"DEL06-RS";"UOP02-DEL06-RS"
354827;2021-04-30;"sexta-feira";"21:00:00";"SC";282;6;"SAO JOSE";"Acessar a via sem observar a presença dos outros veículos";"Colisão lateral mesmo sentido";"Com Vítimas Feridas";"Plena Noite";"Decrescente";"Céu Claro";"Dupla";"Curva;Aclive;Viaduto";"Sim";2;0;1;0;1;0;1;2;-27,58439111;-48,6171627;"SPRF-SC";"DEL01-SC";"UOP01-DEL01-SC"
354828;2021-04-30;"sexta-feira";"19:00:00";"RJ";101;488;"ANGRA DOS REIS";"Acessar a via sem observar a presença dos outros veículos";"Colisão transversal";"Com Vítimas Feridas";"Plena Noite";"Crescente";"Céu Claro";"Simples";"Reta";"Não";2;0;1;0;0;1;1;2;-22,96020896;-44,29612622;"SPRF-RJ";"DEL03-RJ";"UOP03-DEL03-RJ"
354829;2021-04-30;"sexta-feira";"19:30:00";"RJ";495;23;"PETROPOLIS";"Ultrapassagem Indevida";"Colisão frontal";"Com Vítimas Feridas";"Plena Noite";"Crescente";"Céu Claro";"Simples";"Curva;Aclive";"Não";6;0;2;0;4;0;2;2;-22,405434;-43,089981;"SPRF-RJ";"DEL06-RJ";"UOP01-DEL06-RJ"
354831;2021-04-30;"sexta-feira";"21:00:00";"ES";101;291;"CARIACICA";"Condutor deixou de manter distância do veículo da frente";"Colisão traseira";"Com Vítimas Feridas";"Plena Noite";"Decrescente";"Chuva";"Dupla";"Aclive";"Sim";2;0;1;0;1;0;1;2;-20,29755744;-40,39445616;"SPRF-ES";"DEL01-ES";"UOP01-DEL01-ES"
354834;2021-04-30;"sexta-feira";"22:15:00";"DF";70;19,7;"BRASILIA";"Ingestão de álcool pelo condutor";"Colisão traseira";"Sem Vítimas";"Plena Noite";"Crescente";"Céu Claro";"Dupla";"Reta;Declive";"Não";2;0;0;0;2;0;0;2;-15,788868;-48,220242;"SPRF-DF";"DEL03-DF";"UOP02-DEL03-DF"
354835;2021-04-30;"sexta-feira";"19:30:00";"PR";376;124;"ALTO PARANA";"Sinalização mal posicionada";"Queda de ocupante de veículo";"Com Vítimas Feridas";"Plena Noite";"Decrescente";"Céu Claro";"Dupla";"Desvio Temporário";"Não";1;0;1;0;0;0;1;1;-23,14400328;-52,2818582;"SPRF-PR";"DEL09-PR";"UOP02-DEL09-PR"
354836;2021-04-27;"terça-feira";"03:00:00";"BA";324;624;"SALVADOR";"Velocidade Incompatível";"Colisão com objeto";"Com Vítimas Feridas";"Plena Noite";"Decrescente";"Nublado";"Múltipla";"Reta";"Sim";1;0;1;0;0;0;1;1;-12,933839;-38,47190701;"SPRF-BA";"DEL01-BA";"UOP01-DEL01-BA"
354837;2021-04-30;"sexta-feira";"21:20:00";"SC";101;100;"BALNEARIO PICARRAS";"Condutor deixou de manter distância do veículo da frente";"Colisão traseira";"Sem Vítimas";"Plena Noite";"Crescente";"Céu Claro";"Dupla";"Reta;Declive";"Não";3;0;0;0;3;0;0;2;-26,75482787;-48,68993675;"SPRF-SC";"DEL03-SC";"UOP02-DEL03-SC"