"id";"data_inversa";"dia_semana";"horario";"uf";"br";"km";"municipio";"causa_acidente";"tipo_acidente";"classificacao_acidente";"fase_dia";"sentido_via";"condicao_metereologica";"tipo_pista";"tracado_via";"uso_solo";"pessoas";"mortos";"feridos_leves";"feridos_graves";"ilesos";"ignorados";"feridos";"veiculos";"latitude";"longitude";"regional";"delegacia";"uop"
354838;2021-04-30;"sexta-feira";"21:20:00";"SC";480;128,9;"CHAPECO";"Ultrapassagem Indevida";"Colisão transversal";"Com Vítimas Feridas";"Plena Noite";"Decrescente";"Céu Claro";"Dupla";"Reta";"Sim";2;0;1;0;0;1;1;2;-27,0463048;-52,63537668;"SPRF-SC";"DEL07-SC";"UOP01-DEL07-SC"
354839;2021-04-30;"sexta-feira";"21:00:00";"MT";364;63;"ALTO GARCAS";"Avarias e/ou desgaste excessivo no pneu";"Saída de leito carroçável";"Com Vítimas Feridas";"Plena Noite";"Crescente";"Céu Claro";"Simples";"Reta";"Não";1;0;1;0;0;0;1;1;-16,9379803;-53,58863706;"SPRF-MT";"DEL02-MT";"UOP02-DEL02-MT"
354840;2021-04-30;"sexta-feira";"21:50:00";"RJ";40;111;"DUQUE DE CAXIAS";"Condutor deixou de manter distância do veículo da frente";"Colisão traseira";"Sem Vítimas";"Pleno dia";"Crescente";"Céu Claro";"Simples";"Reta";"Não";2;0;0;0;2;0;0;2;-22,691868;-43,287453;"SPRF-RJ";"DEL01-RJ";"UOP01-DEL01-RJ"
354841;2021-04-30;"sexta-feira";"21:25:00";"PE";232;94,9;"SAIRE";"Demais falhas mecânicas ou elétricas";"Saída de leito carroçável";"Com Vítimas Feridas";"Pleno dia";"Decrescente";"Céu Claro";"Dupla";"Reta";"Não";1;0;1;0;0;0;1;1;-8,22473335;-35,69081624;"SPRF-PE";"DEL02-PE";"UOP02-DEL02PE"
354842;2021-04-30;"sexta-feira";"22:00:00";"PR";277;120,2;"CAMPO LARGO";"Velocidade Incompatível";"Colisão com objeto";"Com Vítimas Fatais";"Plena Noite";"Crescente";"Nublado";"Dupla";"Reta";"Sim";1;1;0;0;0;0;0;1;-25,43651772;-49,44346612;"SPRF-PR";"DEL01-PR";"UOP03-DEL03-PR"
354845;2021-04-30;"sexta-feira";"22:44:00";"SP";153;256;"MARILIA";"Ingestão de álcool pelo condutor";"Colisão traseira";"Sem Vítimas";"Pleno dia";"Decrescente";"Céu Claro";"Dupla";"Reta";"Sim";1;0;0;0;1;0;0;1;-22,231552;-49,91968;"SPRF-SP";"DEL07-SP";"UOP02-DEL07-SP"
354847;2021-04-30;"sexta-feira";"19:25:00";"RS";470;213;"BENTO GONCALVES";"Pedestre cruzava a pista fora da faixa";"Atropelamento de Pedestre";"Com Vítimas Feridas";"Plena Noite";"Crescente";"Céu Claro";"Simples";"Desvio Temporário";"Sim";2;0;1;1;0;0;2;2;-29,14852149;-51,53089464;"SPRF-RS";"DEL06-RS";"UOP01-DEL06-RS"
354849;2021-04-30;"sexta-feira";"23:00:00";"BA";324;6;"FEIRA DE SANTANA";"Acesso irregular";"Atropelamento de Pedestre";"Com Vítimas Fatais";"Plena Noite";"Crescente";"Chuva";"Dupla";"Reta";"Não";2;1;0;0;1;0;0;2;-12,27848731;-38,98089171;"SPRF-BA";"DEL02-BA";"UOP01-DEL02-BA"
354850;2021-04-30;"sexta-feira";"22:30:00";"PB";230;55,7;"CRUZ DO ESPIRITO SANTO";"Ingestão de álcool pelo condutor";"Saída de leito carroçável";"Com Vítimas Feridas";"Plena Noite";"Crescente";"Céu Claro";"Dupla";"Reta";"Não";1;0;0;1;0;0;1;1;-7,2014;-35,0943;"SPRF-PB";"DEL01-PB";"UOP03-DEL01-PB"
354851;2021-04-30;"sexta-feira";"22:00:00";"SC";282;166,9;"BOCAINA DO SUL";"Velocidade Incompatível";"Saída de leito carroçável";"Sem Vítimas";"Plena Noite";"Decrescente";"Nevoeiro/Neblina";"Simples";"Interseção de Vias";"Não";1;0;0;0;0;1;0;1;-27,74887836;-49,81676644;"SPRF-SC";"DEL05-SC";"UOP01-DEL05-SC"
354853;2021-04-30;"sexta-feira";"22:50:00";"RS";472;553;"URUGUAIANA";"Reação tardia ou ineficiente do condutor";"Saída de leito carroçável";"Com Vítimas Feridas";"Plena Noite";"Decrescente";"Céu Claro";"Simples";"Reta";"Não";5;0;2;0;3;0;2;1;-29,59921095;-56,86448213;"SPRF-RS";"DEL13-RS";"UOP01-DEL13-RS"
354855;2021-04-30;"sexta-feira";"23:05:00";"PB";230;26;"JOAO PESSOA";"Ingestão de álcool pelo condutor";"Colisão com objeto";"Sem Vítimas";"Plena Noite";"Decrescente";"Nublado";"Múltipla";"Reta";"Sim";1;0;0;0;0;1;0;1;-7,1693;-34,8782;"SPRF-PB";"DEL01-PB";"UOP01-DEL01-PB"
354856;2021-04-30;"sexta-feira";"23:10:00";"RS";480;65,5;"BARAO DE COTEGIPE";"Velocidade Incompatível";"Saída de leito carroçável";"Com Vítimas Feridas";"Plena Noite";"Crescente";"Céu Claro";"Simples";"Aclive;Curva";"Não";1;0;1;0;0;0;1;1;-27,62694605;-52,36726105;"SPRF-RS";"DEL08-RS";"UOP04-DEL08-RS"
354857;2021-04-30;"sexta-feira";"21:00:00";"PR";153;120;"IBAITI";"Transitar na contramão";"Colisão frontal";"Com Vítimas Feridas";"Plena Noite";"Crescente";"Céu Claro";"Simples";"Reta";"Não";3;0;0;1;1;1;1;3;-23,9235742;-50,2346818;"SPRF-PR";"DEL07-PR";"UOP04-DEL07-PR"
354858;2021-04-30;"sexta-feira";"23:30:00";"BA";116;325;"ARACI";"Animais na Pista";"Atropelamento de Animal";"Com Vítimas Feridas";"Plena Noite";"Decrescente";"Garoa/Chuvisco";"Simples";"Reta";"Não";4;0;4;0;0;0;4;1;-11,37406601;-38,96457692;"SPRF-BA";"DEL02-BA";"UOP01-DEL02-BA"
354859;2021-05-01;"sábado";"00:35:00";"SC";470;138,2;"RIO DO SUL";"Transitar na contramão";"Colisão frontal";"Com Vítimas Feridas";"Plena Noite";"Crescente";"Céu Claro";"Simples";"Declive;Reta";"Sim";3;0;2;1;0;0;3;2;-27,207214;-49,648476;"SPRF-SC";"DEL04-SC";"UOP02-DEL04-SC"
354861;2021-04-30;"sexta-feira";"23:20:00";"MG";381;225,1;"BELO ORIENTE";"Transitar na contramão";"Colisão transversal";"Com Vítimas Fatais";"Plena Noite";"Crescente";"Nublado";"Simples";"Reta";"Não";10;1;5;0;4;0;5;2;-19,32412065;-42,41550504;"SPRF-MG";"DEL06-MG";"UOP01-DEL06-MG"
354862;2021-05-01;"sábado";"01:00:00";"SC";470;54;"BLUMENAU";"Ausência de reação do condutor";"Colisão com objeto";"Sem Vítimas";"Plena Noite";"Decrescente";"Céu Claro";"Simples";"Reta";"Sim";1;0;0;0;1;0;0;1;-26,87644143;-49,12019491;"SPRF-SC";"DEL04-SC";"UOP01-DEL04-SC"
354863;2021-04-30;"sexta-feira";"22:00:00";"PR";277;367,2;"GUARAPUAVA";"Reação tardia ou ineficiente do condutor";"Colisão traseira";"Com Vítimas Fatais";"Plena Noite";"Crescente";"Céu Claro";"Simples";"Reta";"Não";5;2;0;0;3;0;0;3;-25,439212;-51,625785;"SPRF-PR";"DEL08-PR";"UOP01-DEL08-PR"
354865;2021-04-30;"sexta-feira";"23:50:00";"SC";163;0,3;"DIONISIO CERQUEIRA";"Ingestão de álcool pelo condutor";"Colisão frontal";"Com Vítimas Feridas";"Plena Noite";"Decrescente";"Céu Claro";"Simples";"Interseção de Vias;Reta";"Sim";3;0;0;3;0;0;3;2;-26,2613;-53,6206;"SPRF-SC";"DEL07-SC";"UOP03-DEL07-SC"
354866;2021-05-01;"sábado";"01:30:00";"SP";381;90,3;"GUARULHOS";"Velocidade Incompatível";"Tombamento";"Com Vítimas Feridas";"Plena Noite";"Decrescente";"Ignorado";"Dupla";"Viaduto";"Sim";1;0;1;0;0;0;1;1;-23,49479479;-46,55959864;"SPRF-SP";"DEL03-SP";"UOP01-DEL03-SP"
354867;2021-05-01;"sábado";"01:40:00";"SP";116;62,4;"GUARATINGUETA";"Ausência de reação do condutor";"Colisão com objeto";"Com Vítimas Feridas";"Plena Noite";"Decrescente";"Céu Claro";"Dupla";"Reta";"Não";1;0;1;0;0;0;1;1;-22,80538606;-45,17236692;"SPRF-SP";"DEL08-SP";"UOP01-DEL08-SP"
354869;2021-05-01;"sábado";"01:40:00";"GO";60;96,7;"ANAPOLIS";"Ingestão de álcool pelo condutor";"Saída de leito carroçável";"Sem Vítimas";"Plena Noite";"Crescente";"Céu Claro";"Dupla";"Reta";"Sim";1;0;0;0;1;0;0;1;-16,371;-48,9422;"SPRF-GO";"DEL02-GO";"UOP01-DEL02-GO"
354870;2021-04-30;"sexta-feira";"10:20:00";"SC";101;25;"JOINVILLE";"Ausência de reação do condutor";"Colisão transversal";"Com Vítimas Feridas";"Pleno dia";"Decrescente";"Sol";"Simples";"Reta";"Sim";2;0;2;0;0;0;2;2;-26,1834739;-48,9105912;"SPRF-SC";"DEL03-SC";"UOP01-DEL03-SC"
354871;2021-05-01;"sábado";"02:00:00";"PR";277;102,5;"CURITIBA";"Condutor deixou de manter distância do veículo da frente";"Colisão traseira";"Sem Vítimas";"Plena Noite";"Decrescente";"Céu Claro";"Dupla";"Reta";"Não";2;0;0;0;2;0;0;2;-25,4557498;-49,2511995;"SPRF-PR";"DEL01-PR";"UOP01-DEL01-PR"
354872;2021-04-30;"sexta-feira";"22:30:00";"BA";415;46;"ITABUNA";"Velocidade Incompatível";"Colisão traseira";"Sem Vítimas";"Plena Noite";"Decrescente";"Nublado";"Simples";"Reta";"Sim";4;0;0;0;4;0;0;4;-14,82259394;-39,29232583;"SPRF-BA";"DEL05-BA";"UOP01-DEL05-BA"
354873;2021-05-01;"sábado";"02:35:00";"MG";50;177;"UBERABA";"Avarias e/ou desgaste excessivo no pneu";"Colisão com objeto";"Com Vítimas Feridas";"Plena Noite";"Crescente";"Céu Claro";"Dupla";"Reta";"Sim";1;0;0;1;0;0;1;1;-19,77914852;-47,95047701;"SPRF-MG";"DEL13-MG";"UOP01-DEL13-MG"
354874;2021-04-30;"sexta-feira";"23:30:00";"GO";40;116;"CRISTALINA";"Condutor Dormindo";"Saída de leito carroçável";"Sem Vítimas";"Plena Noite";"Decrescente";"Céu Claro";"Simples";"Reta";"Não";1;0;0;0;1;0;0;1;-16,852003;-47,458389;"SPRF-DF";"DEL01-DF";"UOP02-DEL01-DF"
354876;2021-05-01;"sábado";"01:10:00";"TO";0;0;"PARAISO DO TOCANTINS";"Ingestão de álcool pelo condutor";"Saída de leito carroçável";"Sem Vítimas";"Pleno dia";"Não Informado";"Céu Claro";"Simples";"Reta";"Sim";1;0;0;0;1;0;0;1;-10,18194555;-48,88064682;"SPRF-TO";"DEL01-TO";"UOP01-DEL01-TO"
354878;2021-05-01;"sábado";"02:38:00";"SC";282;654;"SAO MIGUEL DO OESTE";"Ingestão de álcool pelo condutor";"Saída de leito carroçável";"Com Vítimas Feridas";"Pleno dia";"Decrescente";"Céu Claro";"Simples";"Reta";"Não";1;0;0;1;0;0;1;1;-26,76584364;-53,48865509;"SPRF-SC";"DEL07-SC";"UOP03-DEL07-SC"
354879;2021-05-01;"sábado";"05:00:00";"MG";116;589,8;"MANHUACU";"Condutor deixou de manter distância do veículo da frente";"Colisão traseira";"Sem Vítimas";"Amanhecer";"Crescente";"Céu Claro";"Simples";"Curva";"Sim";2;0;0;0;1;1;0;2;-20,247452;-42,1437;"SPRF-MG";"DEL06-MG";"UOP03-DEL06-MG"
354881;2021-05-01;"sábado";"06:00:00";"SC";101;211;"PALHOCA";"Reação tardia ou ineficiente do condutor";"Colisão traseira";"Com Vítimas Feridas";"Amanhecer";"Decrescente";"Céu Claro";"Dupla";"Reta";"Sim";2;0;1;0;1;0;1;2;-27,62329313;-48,65245588;"SPRF-SC";"DEL01-SC";"UOP02-DEL01-SC"
354882;2021-05-01;"sábado";"05:55:00";"SP";381;43;"ATIBAIA";"Reação tardia ou ineficiente do condutor";"Colisão com objeto";"Com Vítimas Feridas";"Amanhecer";"Decrescente";"Céu Claro";"Dupla";"Reta";"Sim";2;0;0;2;0;0;2;1;-23,15597105;-46,5740155;"SPRF-SP";"DEL03-SP";"UOP01-DEL03-SP"
354886;2021-05-01;"sábado";"05:30:00";"BA";116;341;"TEOFILANDIA";"Avarias e/ou desgaste excessivo no pneu";"Capotamento";"Com Vítimas Feridas";"Amanhecer";"Decrescente";"Garoa/Chuvisco";"Simples";"Reta";"Não";2;0;0;2;0;0;2;1;-11,49337432;-38,99704935;"SPRF-BA";"DEL02-BA";"UOP01-DEL02-BA"
354887;2021-04-30;"sexta-feira";"20:45:00";"RO";364;335;"JI-PARANA";"Acessar a via sem observar a presença dos outros veículos";"Colisão transversal";"Com Vítimas Feridas";"Plena Noite";"Crescente";"Céu Claro";"Simples";"Reta";"Não";3;0;2;0;1;0;2;2;-10,94388297;-61,92921188;"SPRF-RO";"DEL02-RO";"UOP01-DEL02-RO"
354891;2021-05-01;"sábado";"06:10:00";"BA";116;3;"VITORIA DA CONQUISTA";"Ingestão de álcool pelo condutor";"Colisão transversal";"Sem Vítimas";"Pleno dia";"Decrescente";"Garoa/Chuvisco";"Simples";"Interseção de Vias";"Não";2;0;0;0;2;0;0;2;-14,82493413;-40,86217988;"SPRF-BA";"DEL08-BA";"UOP01-DEL08-BA"
354892;2021-05-01;"sábado";"06:30:00";"MG";381;481,7;"CONTAGEM";"Ingestão de álcool pelo condutor";"Colisão traseira";"Sem Vítimas";"Amanhecer";"Crescente";"Céu Claro";"Múltipla";"Reta";"Sim";2;0;0;0;2;0;0;2;-19,95931561;-44,08825597;"SPRF-MG";"DEL01-MG";"UOP03-DEL01-MG"
354894;2021-05-01;"sábado";"04:40:00";"RJ";101;402;"ITAGUAI";"Velocidade Incompatível";"Atropelamento de Pedestre";"Com Vítimas Feridas";"Amanhecer";"Crescente";"Céu Claro";"Simples";"Reta";"Não";3;0;0;1;0;2;1;2;-22,854935;-43,785171;"SPRF-RJ";"DEL03-RJ";"UOP01-DEL03-RJ"
354895;2021-05-01;"sábado";"05:40:00";"SC";101;377,5;"ICARA";"Ingestão de álcool pelo condutor";"Capotamento";"Com Vítimas Feridas";"Plena Noite";"Crescente";"Nevoeiro/Neblina";"Dupla";"Reta";"Não";1;0;0;1;0;0;1;1;-28,7345708;-49,24624124;"SPRF-SC";"DEL02-SC";"UOP01-DEL02-SC"
354896;2021-05-01;"sábado";"06:30:00";"MG";40;33,5;"PARACATU";"Demais falhas mecânicas ou elétricas";"Incêndio";"Sem Vítimas";"Pleno dia";"Crescente";"Céu Claro";"Simples";"Reta";"Não";5;0;0;0;5;0;0;1;-17,18057512;-46,92660521;"SPRF-MG";"DEL14-MG";"UOP01-DEL14-MG"
354898;2021-05-01;"sábado";"07:15:00";"RS";116;242;"SAO LEOPOLDO";"Velocidade Incompatível";"Colisão traseira";"Com Vítimas Feridas";"Pleno dia";"Decrescente";"Céu Claro";"Dupla";"Reta";"Sim";3;0;1;0;2;0;1;3;-29,72297087;-51,14858729;"SPRF-RS";"DEL01-RS";"UOP02-DEL01-RS"
354901;2021-05-01;"sábado";"06:00:00";"MG";381;397,5;"BOM JESUS DO AMPARO";"Ingestão de álcool pelo condutor";"Colisão traseira";"Com Vítimas Feridas";"Pleno dia";"Decrescente";"Céu Claro";"Dupla";"Reta";"Não";3;0;1;0;2;0;1;3;-19,744564;-43,496796;"SPRF-MG";"DEL01-MG";"UOP01-DEL01-MG"
354902;2021-05-01;"sábado";"08:25:00";"BA";324;621;"SALVADOR";"Demais falhas mecânicas ou elétricas";"Tombamento";"Com Vítimas Feridas";"Pleno dia";"Decrescente";"Céu Claro";"Dupla";"Reta";"Sim";2;0;1;0;0;1;1;1;-12,91233708;-38,45956983;"SPRF-BA";"DEL01-BA";"UOP01-DEL01-BA"
354904;2021-05-01;"sábado";"08:25:00";"RJ";40;54;"PETROPOLIS";"Condutor Dormindo";"Colisão com objeto";"Com Vítimas Feridas";"Pleno dia";"Crescente";"Céu Claro";"Dupla";"Reta";"Sim";3;0;1;0;2;0;1;1;-22,34627607;-43,12411304;"SPRF-RJ";"DEL05-RJ";"UOP02-DEL05-RJ"
354905;2021-05-01;"sábado";"08:40:00";"RS";472;574;"URUGUAIANA";"Acessar a via sem observar a presença dos outros veículos";"Colisão transversal";"Com Vítimas Feridas";"Pleno dia";"Decrescente";"Céu Claro";"Simples";"Interseção de Vias";"Sim";2;0;1;0;1;0;1;2;-29,76378131;-57,05406189;"SPRF-RS";"DEL13-RS";"UOP01-DEL13-RS"
354907;2021-05-01;"sábado";"07:00:00";"MG";262;45,8;"MANHUACU";"Ausência de reação do condutor";"Saída de leito carroçável";"Com Vítimas Feridas";"Pleno dia";"Decrescente";"Céu Claro";"Simples";"Reta";"Não";2;0;0;1;0;1;1;2;-20,26145201;-42,09686296;"SPRF-MG";"DEL06-MG";"UOP03-DEL06-MG"
354908;2021-05-01;"sábado";"07:29:00";"BA";324;545,8;"AMELIA RODRIGUES";"Condutor deixou de manter distância do veículo da frente";"Colisão traseira";"Com Vítimas Feridas";"Pleno dia";"Decrescente";"Nublado";"Dupla";"Aclive;Reta";"Não";5;0;1;2;2;0;3;2;-12,40647;-38,753143;"SPRF-BA";"DEL01-BA";"UOP03-DEL01-BA"
354909;2021-04-20;"terça-feira";"19:15:00";"MS";163;63;"ELDORADO";"Frear bruscamente";"Colisão traseira";"Sem Vítimas";"Plena Noite";"Crescente";"Céu Claro";"Simples";"Reta;Aclive";"Não";3;0;0;0;3;0;0;2;-23,5994519;-54,21934816;"SPRF-MS";"DEL09-MS";"UOP02-DEL09-MS"
354910;2021-05-01;"sábado";"09:10:00";"PE";101;58;"RECIFE";"Reação tardia ou ineficiente do condutor";"Saída de leito carroçável";"Com Vítimas Feridas";"Pleno dia";"Decrescente";"Céu Claro";"Dupla";"Reta";"Não";3;0;1;0;2;0;1;2;-7,97063209;-34,92064675;"SPRF-PE";"DEL01-PE";"UOP02-DEL01-PE"
354913;2021-05-01;"sábado";"09:00:00";"MG";262;359,5;"BETIM";"Demais falhas mecânicas ou elétricas";"Queda de ocupante de veículo";"Com Vítimas Feridas";"Pleno dia";"Crescente";"Sol";"Dupla";"Reta";"Não";2;0;2;0;0;0;2;1;-19,98332234;-44,20214426;"SPRF-MG";"DEL01-MG";"UOP03-DEL01-MG"
354914;2021-05-01;"sábado";"08:20:00";"MT";70;0;"PONTAL DO ARAGUAIA";"Ingestão de álcool pelo condutor";"Colisão lateral sentido oposto";"Sem Vítimas";"Pleno dia";"Decrescente";"Sol";"Simples";"Ponte";"Sim";3;0;0;0;3;0;0;3;-15,895538;-52,25599;"SPRF-MT";"DEL07-MT";"UOP01-DEL07-MT"
354915;2021-05-01;"sábado";"09:50:00";"PR";277;344,8;"GUARAPUAVA";"Entrada inopinada do pedestre";"Atropelamento de Pedestre";"Com Vítimas Fatais";"Pleno dia";"Decrescente";"Céu Claro";"Dupla";"Interseção de Vias";"Sim";2;1;0;0;1;0;0;2;-25,36576726;-51,48191689;"SPRF-PR";"DEL08-PR";"UOP01-DEL08-PR"
354916;2021-05-01;"sábado";"08:45:00";"PR";116;131,8;"FAZENDA RIO GRANDE";"Velocidade Incompatível";"Capotamento";"Com Vítimas Feridas";"Pleno dia";"Crescente";"Nublado";"Simples";"Curva";"Não";2;0;1;0;1;0;1;1;-25,648307;-49,31251207;"SPRF-PR";"DEL01-PR";"UOP03-DEL01-PR"
354917;2021-05-01;"sábado";"09:05:00";"PB";104;107,4;"SAO SEBASTIAO DE LAGOA DE  ROCA";"Condutor deixou de manter distância do veículo da frente";"Colisão traseira";"Sem Vítimas";"Pleno dia";"Decrescente";"Nublado";"Simples";"Reta";"Sim";2;0;0;0;2;0;0;2;-7,10299395;-35,8661241;"SPRF-PB";"DEL02-PB";"UOP04-DEL02-PB"
354918;2021-05-01;"sábado";"10:20:00";"PR";116;129;"FAZENDA RIO GRANDE";"Avarias e/ou desgaste excessivo no pneu";"Colisão com objeto";"Com Vítimas Feridas";"Pleno dia";"Crescente";"Céu Claro";"Dupla";"Reta";"Não";2;0;1;0;1;0;1;1;-25,666538;-49,314415;"SPRF-PR";"DEL01-PR";"UOP03-DEL01-PR"
354919;2021-01-25;"segunda-feira";"14:10:00";"RS";290;80;"GRAVATAI";"Ausência de reação do condutor";"Colisão traseira";"Com Vítimas Feridas";"Pleno dia";"Decrescente";"Sol";"Dupla";"Reta";"Sim";2;0;0;1;1;0;1;2;-29,95343;-51,058449;"SPRF-RS";"DEL01-RS";"UOP01-DEL01-RS"
354920;2021-04-27;"terça-feira";"12:10:00";"RS";116;1;"PORTO ALEGRE";"Acessar a via sem observar a presença dos outros veículos";"Colisão transversal";"Com Vítimas Feridas";"Pleno dia";"Decrescente";"Sol";"Dupla";"Curva";"Não";2;0;0;1;1;0;1;2;-29,9699468;-51,1712097;"SPRF-RS";"DEL01-RS";"UOP01-DEL01-RS"
354921;2021-05-01;"sábado";"10:00:00";"RS";116;248;"SAO LEOPOLDO";"Manobra de mudança de faixa";"Colisão lateral mesmo sentido";"Com Vítimas Feridas";"Pleno dia";"Decrescente";"Céu Claro";"Dupla";"Reta";"Sim";3;0;2;0;0;1;2;2;-29,77605895;-51,15508618;"SPRF-RS";"DEL01-RS";"UOP02-DEL01-RS"
354922;2021-05-01;"sábado";"10:05:00";"DF";70;19;"BRASILIA";"Reação tardia ou ineficiente do condutor";"Saída de leito carroçável";"Com Vítimas Feridas";"Pleno dia";"Decrescente";"Nublado";"Dupla";"Curva;Aclive";"Não";2;0;1;1;0;0;2;1;-15,788868;-48,220242;"SPRF-DF";"DEL03-DF";"UOP02-DEL03-DF"
354923;2021-05-01;"sábado";"10:15:00";"SC";101;226;"PALHOCA";"Condutor deixou de manter distância do veículo da frente";"Colisão traseira";"Com Vítimas Feridas";"Pleno dia";"Crescente";"Céu Claro";"Dupla";"Reta;Declive";"Não";3;0;1;0;1;1;1;2;-27,74234042;-48,63811612;"SPRF-SC";"DEL01-SC";"UOP02-DEL01-SC"
354924;2021-05-01;"sábado";"08:50:00";"MG";153;232;"FRONTEIRA";"Ausência de reação do condutor";"Queda de ocupante de veículo";"Com Vítimas Feridas";"Pleno dia";"Decrescente";"Céu Claro";"Simples";"Reta";"Não";1;0;1;0;0;0;1;1;-20,24705204;-49,16684895;"SPRF-MG";"DEL13-MG";"UOP02-DEL13-MG"
354926;2021-05-01;"sábado";"10:29:00";"SC";101;226,2;"PALHOCA";"Manobra de mudança de faixa";"Capotamento";"Com Vítimas Feridas";"Pleno dia";"Crescente";"Céu Claro";"Dupla";"Reta";"Não";4;0;1;0;3;0;1;1;-27,74200001;-48,63806504;"SPRF-SC";"DEL01-SC";"UOP02-DEL01-SC"
354927;2021-05-01;"sábado";"09:30:00";"RJ";101;295;"ITABORAI";"Acesso irregular";"Colisão lateral mesmo sentido";"Sem Vítimas";"Pleno dia";"Decrescente";"Céu Claro";"Dupla";"Reta";"Sim";2;0;0;0;2;0;0;2;-22,76365068;-42,90223623;"SPRF-RJ";"DEL02-RJ";"UOP02-DEL02-RJ"
354928;2021-05-01;"sábado";"10:30:00";"MG";381;481,3;"CONTAGEM";"Velocidade Incompatível";"Tombamento";"Com Vítimas Feridas";"Pleno dia";"Decrescente";"Sol";"Dupla";"Reta";"Sim";1;0;1;0;0;0;1;1;-19,95931561;-44,08825597;"SPRF-MG";"DEL01-MG";"UOP03-DEL01-MG"
354929;2021-05-01;"sábado";"11:05:00";"PE";101;43,9;"IGARASSU";"Reação tardia ou ineficiente do condutor";"Colisão com objeto";"Sem Vítimas";"Pleno dia";"Crescente";"Céu Claro";"Múltipla";"Reta";"Sim";1;0;0;0;0;1;0;1;-7,84753808;-34,90977038;"SPRF-PE";"DEL01-PE";"UOP02-DEL01-PE"
354932;2021-05-01;"sábado";"11:45:00";"MG";381;498,5;"BETIM";"Manobra de mudança de faixa";"Colisão lateral mesmo sentido";"Com Vítimas Feridas";"Pleno dia";"Decrescente";"Céu Claro";"Dupla";"Reta";"Não";2;0;1;0;1;0;1;2;-19,99229457;-44,20690566;"SPRF-MG";"DEL01-MG";"UOP03-DEL01-MG"
354933;2021-05-01;"sábado";"11:35:00";"RS";285;121;"VACARIA";"Ingestão de álcool pelo condutor";"Colisão lateral mesmo sentido";"Com Vítimas Feridas";"Pleno dia";"Crescente";"Céu Claro";"Simples";"Reta";"Sim";2;0;1;0;1;0;1;2;-28,50859998;-50,93932856;"SPRF-RS";"DEL05-RS";"UOP03-DEL05-RS"
354934;2021-04-28;"quarta-feira";"18:05:00";"MS";163;311;"RIO BRILHANTE";"Ausência de sinalização";"Colisão traseira";"Com Vítimas Feridas";"Plena Noite";"Decrescente";"Céu Claro";"Dupla";"Reta";"Não";3;0;2;0;1;0;2;2;-21,88168;-54,524489;"SPRF-MS";"DEL02-MS";"UOP02-DEL02-MS"
354935;2021-05-01;"sábado";"11:30:00";"PR";277;649,8;"MATELANDIA";"Reação tardia ou ineficiente do condutor";"Colisão traseira";"Sem Vítimas";"Pleno dia";"Crescente";"Céu Claro";"Simples";"Aclive";"Não";8;0;0;0;8;0;0;3;-25,18405201;-53,93053899;"SPRF-PR";"DEL05-PR";"UOP02-DEL05-PR"
354936;2021-02-18;"quinta-feira";"21:40:00";"SP";381;38,3;"ATIBAIA";"Reação tardia ou ineficiente do condutor";"Colisão traseira";"Com Vítimas Feridas";"Plena Noite";"Crescente";"Nublado";"Dupla";"Reta";"Sim";2;0;1;0;1;0;1;2;-23,1133221;-46,57174974;"SPRF-SP";"DEL03-SP";"UOP01-DEL03-SP"
354937;2021-05-01;"sábado";"09:20:00";"SC";282;553,5;"NOVA ITABERABA";"Reação tardia ou ineficiente do condutor";"Colisão lateral sentido oposto";"Com Vítimas Feridas";"Pleno dia";"Crescente";"Céu Claro";"Simples";"Declive";"Não";6;0;1;1;4;0;2;2;-26,93815;-52,791916;"SPRF-SC";"DEL07-SC";"UOP01-DEL07-SC"
354938;2021-05-01;"sábado";"12:15:00";"SP";116;528;"BARRA DO TURVO";"Avarias e/ou desgaste excessivo no pneu";"Tombamento";"Com Vítimas Feridas";"Pleno dia";"Decrescente";"Céu Claro";"Dupla";"Reta";"Não";2;0;1;0;1;0;1;1;-24,93621048;-48,29215184;"SPRF-SP";"DEL05-SP";"UOP02-DEL05-SP"
354939;2021-05-01;"sábado";"10:30:00";"PR";376;347,1;"ORTIGUEIRA";"Demais falhas mecânicas ou elétricas";"Incêndio";"Sem Vítimas";"Pleno dia";"Decrescente";"Céu Claro";"Simples";"Reta";"Não";2;0;0;0;2;0;0;1;-24,18591;-50,96033;"SPRF-PR";"DEL07-PR";"UOP02-DEL07-PR"
354940;2021-05-01;"sábado";"10:50:00";"MG";116;415,1;"GOVERNADOR VALADARES";"Condutor deixou de manter distância do veículo da frente";"Colisão traseira";"Com Vítimas Feridas";"Pleno dia";"Crescente";"Céu Claro";"Simples";"Reta";"Sim";2;0;0;1;1;0;1;2;-18,88401297;-41,94924399;"SPRF-MG";"DEL06-MG";"UOP01-DEL06-MG"
354943;2021-05-01;"sábado";"10:00:00";"MG";116;584,6;"MANHUACU";"Velocidade Incompatível";"Tombamento";"Com Vítimas Feridas";"Pleno dia";"Crescente";"Céu Claro";"Simples";"Reta";"Não";1;0;1;0;0;0;1;1;-20,22302088;-42,17880872;"SPRF-MG";"DEL06-MG";"UOP03-DEL06-MG"
354944;2021-04-24;"sábado";"18:45:00";"MG";262;435,6;"NOVA SERRANA";"Transitar na contramão";"Colisão frontal";"Com Vítimas Feridas";"Plena Noite";"Decrescente";"Céu Claro";"Dupla";"Reta";"Sim";2;0;0;1;1;0;1;2;-19,8838891;-44,91132421;"SPRF-MG";"DEL08-MG";"UOP03-DEL08-MG"