"id";"data_inversa";"dia_semana";"horario";"uf";"br";"km";"municipio";"causa_acidente";"tipo_acidente";"classificacao_acidente";"fase_dia";"sentido_via";"condicao_metereologica";"tipo_pista";"tracado_via";"uso_solo";"pessoas";"mortos";"feridos_leves";"feridos_graves";"ilesos";"ignorados";"feridos";"veiculos";"latitude";"longitude";"regional";"delegacia";"uop"
354945;2021-05-01;"sábado";"12:05:00";"MG";381;548;"RIO MANSO";"Reação tardia ou ineficiente do condutor";"Saída de leito carroçável";"Com Vítimas Feridas";"Pleno dia";"Decrescente";"Céu Claro";"Dupla";"Reta";"Não";1;0;1;0;0;0;1;1;-20,3102109;-44,44993116;"SPRF-MG";"DEL04-MG";"UOP03-DEL04-MG"
354946;2021-05-01;"sábado";"09:40:00";"MG";116;699,9;"MURIAE";"Condutor Dormindo";"Saída de leito carroçável";"Com Vítimas Feridas";"Pleno dia";"Decrescente";"Sol";"Simples";"Reta;Aclive";"Não";1;0;1;0;0;0;1;1;-21,09470198;-42,37369904;"SPRF-MG";"DEL07-MG";"UOP02-DEL07-MG"
354948;2021-05-01;"sábado";"13:05:00";"CE";20;221;"BOA VIAGEM";"Condutor Dormindo";"Saída de leito carroçável";"Sem Vítimas";"Pleno dia";"Crescente";"Céu Claro";"Simples";"Curva";"Não";1;0;0;0;1;0;0;1;-4,988867;-39,657777;"SPRF-CE";"DEL02-CE";"UOP02-DEL02-CE"
354949;2021-05-01;"sábado";"12:50:00";"MT";163;611;"NOVA MUTUM";"Ultrapassagem Indevida";"Saída de leito carroçável";"Com Vítimas Fatais";"Pleno dia";"Crescente";"Nublado";"Simples";"Reta";"Não";1;1;0;0;0;0;0;1;-13,81150705;-56,07353887;"SPRF-MT";"DEL01-MT";"UOP01-DEL01-MT"
354951;2021-05-01;"sábado";"13:40:00";"ES";482;88;"ALEGRE";"Avarias e/ou desgaste excessivo no pneu";"Tombamento";"Com Vítimas Feridas";"Pleno dia";"Crescente";"Céu Claro";"Simples";"Reta";"Não";2;0;2;0;0;0;2;1;-20,75659774;-41,56189012;"SPRF-ES";"DEL03-ES";"UOP02-DEL03-ES"
354952;2021-05-01;"sábado";"13:15:00";"SP";116;511;"CAJATI";"Curva acentuada";"Saída de leito carroçável";"Com Vítimas Feridas";"Pleno dia";"Decrescente";"Nublado";"Dupla";"Curva";"Não";1;0;0;1;0;0;1;1;-24,83558399;-48,2223738;"SPRF-SP";"DEL05-SP";"UOP02-DEL05-SP"
354953;2021-05-01;"sábado";"15:00:00";"RJ";101;395;"ITAGUAI";"Condutor deixou de manter distância do veículo da frente";"Colisão lateral mesmo sentido";"Com Vítimas Feridas";"Pleno dia";"Crescente";"Nublado";"Dupla";"Reta";"Não";2;0;1;0;1;0;1;2;-22,88237391;-43,72205597;"SPRF-RJ";"DEL03-RJ";"UOP01-DEL03-RJ"
354954;2021-05-01;"sábado";"14:40:00";"PB";230;18;"JOAO PESSOA";"Condutor deixou de manter distância do veículo da frente";"Colisão traseira";"Com Vítimas Feridas";"Pleno dia";"Crescente";"Céu Claro";"Dupla";"Reta;Declive";"Não";3;0;1;1;1;0;2;2;-7,1198;-34,8453;"SPRF-PB";"DEL01-PB";"UOP01-DEL01-PB"
354955;2021-05-01;"sábado";"07:40:00";"MA";316;51,3;"MARACACUME";"Pista esburacada";"Saída de leito carroçável";"Com Vítimas Feridas";"Pleno dia";"Crescente";"Chuva";"Simples";"Reta";"Não";3;0;1;0;2;0;1;1;-2,009009;-45,980263;"SPRF-MA";"DEL02-MA";"UOP02-DEL02-MA"
354956;2021-05-01;"sábado";"14:50:00";"DF";20;16,6;"BRASILIA";"Velocidade Incompatível";"Saída de leito carroçável";"Com Vítimas Feridas";"Pleno dia";"Crescente";"Céu Claro";"Dupla";"Reta;Declive";"Sim";4;0;4;0;0;0;4;1;-15,625675;-47,725159;"SPRF-DF";"DEL02-DF";"UOP01-DEL02-DF"
354957;2021-05-01;"sábado";"12:30:00";"RS";116;40,4;"VACARIA";"Desrespeitar a preferência no cruzamento";"Colisão transversal";"Sem Vítimas";"Pleno dia";"Crescente";"Sol";"Simples";"Interseção de Vias";"Sim";2;0;0;0;2;0;0;2;-28,52119273;-50,94260573;"SPRF-RS";"DEL05-RS";"UOP03-DEL05-RS"
354958;2021-05-01;"sábado";"16:00:00";"MG";40;129,5;"JOAO PINHEIRO";"Reação tardia ou ineficiente do condutor";"Colisão traseira";"Com Vítimas Feridas";"Pleno dia";"Crescente";"Nublado";"Simples";"Reta";"Sim";5;0;1;0;4;0;1;2;-17,70565276;-46,28795385;"SPRF-MG";"DEL14-MG";"UOP01-DEL14-MG"
354959;2021-05-01;"sábado";"15:00:00";"RS";285;467,8;"CORONEL BARROS";"Ausência de reação do condutor";"Colisão traseira";"Com Vítimas Feridas";"Pleno dia";"Crescente";"Céu Claro";"Simples";"Reta";"Não";4;0;2;0;2;0;2;2;-28,393915;-53,97274;"SPRF-RS";"DEL10-RS";"UOP01-DEL10-RS"
354960;2021-05-01;"sábado";"13:10:00";"AM";174;996;"PRESIDENTE FIGUEIREDO";"Ultrapassagem Indevida";"Colisão traseira";"Sem Vítimas";"Pleno dia";"Crescente";"Céu Claro";"Simples";"Reta";"Não";3;0;0;0;3;0;0;2;-2,00354599;-60,02635651;"SPRF-AM";"DEL01-AM";"UOP02-DEL01-AM"
354962;2021-05-01;"sábado";"15:30:00";"GO";50;114,5;"CRISTALINA";"Transitar na contramão";"Saída de leito carroçável";"Com Vítimas Feridas";"Pleno dia";"Crescente";"Nublado";"Dupla";"Reta";"Não";2;0;2;0;0;0;2;1;-16,9309;-47,7117;"SPRF-DF";"DEL01-DF";"UOP02-DEL01-DF"
354963;2021-05-01;"sábado";"16:20:00";"SC";101;165;"TIJUCAS";"Ausência de reação do condutor";"Colisão traseira";"Com Vítimas Feridas";"Pleno dia";"Decrescente";"Nublado";"Dupla";"Reta";"Não";5;0;2;1;2;0;3;2;-27,252663;-48,63154894;"SPRF-SC";"DEL04-SC";"UOP03-DEL04-SC"
354965;2021-05-01;"sábado";"15:30:00";"SC";101;151,6;"ITAPEMA";"Condutor deixou de manter distância do veículo da frente";"Colisão traseira";"Com Vítimas Feridas";"Pleno dia";"Decrescente";"Céu Claro";"Dupla";"Reta";"Sim";2;0;1;0;1;0;1;2;-27,126536;-48,609642;"SPRF-SC";"DEL04-SC";"UOP03-DEL04-SC"
354966;2021-05-01;"sábado";"16:30:00";"SE";235;46,7;"ITABAIANA";"Ausência de reação do condutor";"Saída de leito carroçável";"Com Vítimas Feridas";"Pleno dia";"Decrescente";"Chuva";"Simples";"Reta";"Não";2;0;2;0;0;0;2;1;-10,739394;-37,405602;"SPRF-SE";"DEL01-SE";"UOP02-DEL01-SE"
354969;2021-03-23;"terça-feira";"05:45:00";"PB";230;129;"MASSARANDUBA";"Pedestre andava na pista";"Atropelamento de Pedestre";"Com Vítimas Fatais";"Amanhecer";"Crescente";"Céu Claro";"Dupla";"Reta";"Não";2;1;0;0;0;1;0;2;-7,2627;-35,7149;"SPRF-PB";"DEL02-PB";"UOP01-DEL02-PB"
354970;2021-05-01;"sábado";"16:50:00";"SE";235;57;"ITABAIANA";"Animais na Pista";"Atropelamento de Animal";"Com Vítimas Feridas";"Pleno dia";"Decrescente";"Chuva";"Simples";"Reta";"Sim";2;0;2;0;0;0;2;1;-10,650009;-37,451248;"SPRF-SE";"DEL01-SE";"UOP02-DEL01-SE"
354971;2021-05-01;"sábado";"16:30:00";"SC";101;256;"PAULO LOPES";"Manobra de mudança de faixa";"Colisão traseira";"Com Vítimas Feridas";"Pleno dia";"Decrescente";"Nublado";"Dupla";"Curva";"Sim";2;0;1;0;1;0;1;2;-27,99084416;-48,68056684;"SPRF-SC";"DEL02-SC";"UOP03-DEL02-SC"
354973;2021-05-01;"sábado";"16:50:00";"BA";324;623;"SALVADOR";"Manobra de mudança de faixa";"Colisão lateral mesmo sentido";"Com Vítimas Feridas";"Pleno dia";"Crescente";"Nublado";"Dupla";"Reta";"Sim";1;0;1;0;0;0;1;1;-12,92628699;-38,46838679;"SPRF-BA";"DEL01-BA";"UOP01-DEL01-BA"
354974;2021-04-30;"sexta-feira";"15:35:00";"RJ";116;172,7;"BELFORD ROXO";"Velocidade Incompatível";"Colisão traseira";"Com Vítimas Feridas";"Pleno dia";"Crescente";"Céu Claro";"Dupla";"Reta";"Sim";2;0;1;0;1;0;1;2;-22,77930742;-43,39440823;"SPRF-RJ";"DEL01-RJ";"UOP02-DEL01-RJ"
354975;2021-05-01;"sábado";"16:30:00";"RJ";40;93;"DUQUE DE CAXIAS";"Curva acentuada";"Saída de leito carroçável";"Com Vítimas Feridas";"Pleno dia";"Crescente";"Garoa/Chuvisco";"Simples";"Curva";"Não";3;0;2;0;1;0;2;1;-22,55690269;-43,26255083;"SPRF-RJ";"DEL06-RJ";"UOP01-DEL06-RJ"
354978;2021-05-01;"sábado";"16:50:00";"RS";386;362;"BOM RETIRO DO SUL";"Ingestão de álcool pelo condutor";"Saída de leito carroçável";"Sem Vítimas";"Pleno dia";"Crescente";"Céu Claro";"Dupla";"Reta";"Não";1;0;0;0;1;0;0;1;-29,557457;-51,891541;"SPRF-RS";"DEL04-RS";"UOP02-DEL04-RS"
354979;2021-05-01;"sábado";"17:50:00";"SP";101;49,5;"UBATUBA";"Ingestão de álcool pelo condutor";"Colisão traseira";"Com Vítimas Feridas";"Anoitecer";"Decrescente";"Nublado";"Simples";"Interseção de Vias";"Sim";2;0;1;0;1;0;1;2;-23,44410908;-45,08375708;"SPRF-SP";"DEL06-SP";"UOP01-DEL06-SP"
354981;2021-05-01;"sábado";"17:10:00";"PR";277;599;"CASCAVEL";"Velocidade Incompatível";"Colisão traseira";"Com Vítimas Feridas";"Pleno dia";"Crescente";"Céu Claro";"Dupla";"Reta";"Sim";7;0;1;3;3;0;4;3;-24,996818;-53,516253;"SPRF-PR";"DEL04-PR";"UOP01-DEL04-PR"
354983;2021-05-01;"sábado";"16:40:00";"SC";116;260,5;"CAPAO ALTO";"Animais na Pista";"Atropelamento de Animal";"Com Vítimas Feridas";"Pleno dia";"Crescente";"Céu Claro";"Simples";"Reta";"Sim";2;0;2;0;0;0;2;1;-27,95346816;-50,4801178;"SPRF-SC";"DEL05-SC";"UOP02-DEL05-SC"
354984;2021-05-01;"sábado";"13:20:00";"GO";60;86,2;"ANAPOLIS";"Demais falhas mecânicas ou elétricas";"Queda de ocupante de veículo";"Com Vítimas Feridas";"Pleno dia";"Decrescente";"Nublado";"Dupla";"Curva";"Não";1;0;1;0;0;0;1;1;-16,3212;-48,8728;"SPRF-GO";"DEL02-GO";"UOP01-DEL02-GO"
354986;2021-05-01;"sábado";"17:10:00";"TO";242;452,8;"FORMOSO DO ARAGUAIA";"Ingestão de álcool pelo condutor";"Atropelamento de Pedestre";"Com Vítimas Feridas";"Pleno dia";"Decrescente";"Céu Claro";"Dupla";"Reta";"Não";2;0;2;0;0;0;2;2;-11,81588608;-49,52073804;"SPRF-TO";"DEL01-TO";"UOP02-DEL01-TO"
354987;2021-05-01;"sábado";"18:10:00";"SP";116;210;"GUARULHOS";"Trafegar com motocicleta (ou similar) entre as faixas";"Tombamento";"Com Vítimas Feridas";"Plena Noite";"Crescente";"Nublado";"Dupla";"Aclive";"Sim";1;0;1;0;0;0;1;1;-23,42870023;-46,41085991;"SPRF-SP";"DEL01-SP";"UOP01-DEL01-SP"
354988;2021-05-01;"sábado";"17:45:00";"RS";386;370,4;"FAZENDA VILANOVA";"Acessar a via sem observar a presença dos outros veículos";"Colisão transversal";"Com Vítimas Feridas";"Anoitecer";"Crescente";"Céu Claro";"Múltipla";"Interseção de Vias";"Sim";2;0;1;0;1;0;1;2;-29,591442;-51,822659;"SPRF-RS";"DEL04-RS";"UOP02-DEL04-RS"
354989;2021-05-01;"sábado";"18:00:00";"SP";381;57;"MAIRIPORA";"Velocidade Incompatível";"Colisão frontal";"Com Vítimas Feridas";"Anoitecer";"Decrescente";"Céu Claro";"Dupla";"Curva";"Não";3;0;1;2;0;0;3;2;-23,2658219;-46,5839857;"SPRF-SP";"DEL03-SP";"UOP01-DEL03-SP"
354992;2021-05-01;"sábado";"18:00:00";"CE";20;412;"MARACANAU";"Velocidade Incompatível";"Tombamento";"Com Vítimas Feridas";"Anoitecer";"Decrescente";"Céu Claro";"Simples";"Reta";"Sim";2;0;1;0;1;0;1;1;-3,76999035;-38,67006282;"SPRF-CE";"DEL01-CE";"UOP01-DEL01-CE"
354993;2021-05-01;"sábado";"12:30:00";"MG";116;273;"TEOFILO OTONI";"Reação tardia ou ineficiente do condutor";"Colisão traseira";"Com Vítimas Feridas";"Pleno dia";"Decrescente";"Céu Claro";"Simples";"Reta";"Não";1;0;1;0;0;0;1;1;-17,82616139;-41,50619857;"SPRF-MG";"DEL11-MG";"UOP01-DEL11-MG"
354994;2021-05-01;"sábado";"14:15:00";"RS";386;5,7;"IRAI";"Mal súbito do condutor";"Saída de leito carroçável";"Com Vítimas Feridas";"Pleno dia";"Decrescente";"Céu Claro";"Simples";"Reta";"Não";1;0;1;0;0;0;1;1;-27,190504;-53,265858;"SPRF-RS";"DEL08-RS";"UOP02-DEL08-RS"
354995;2021-05-01;"sábado";"18:30:00";"PE";101;29,1;"ITAPISSUMA";"Reação tardia ou ineficiente do condutor";"Colisão com objeto";"Com Vítimas Feridas";"Plena Noite";"Decrescente";"Nublado";"Dupla";"Reta";"Não";2;0;1;0;1;0;1;1;-7,72939697;-34,94185854;"SPRF-PE";"DEL01-PE";"UOP02-DEL01-PE"
354996;2021-05-01;"sábado";"17:20:00";"MT";70;7;"BARRA DO GARCAS";"Ingestão de álcool pelo condutor";"Saída de leito carroçável";"Sem Vítimas";"Anoitecer";"Crescente";"Garoa/Chuvisco";"Dupla";"Rotatória";"Sim";3;0;0;0;2;1;0;2;-15,878143;-52,316788;"SPRF-MT";"DEL07-MT";"UOP01-DEL07-MT"
354997;2021-05-01;"sábado";"16:40:00";"PI";316;24,5;"TERESINA";"Entrada inopinada do pedestre";"Atropelamento de Pedestre";"Com Vítimas Fatais";"Pleno dia";"Decrescente";"Céu Claro";"Simples";"Reta";"Não";4;1;0;0;3;0;0;2;-5,28895702;-42,71707202;"SPRF-PI";"DEL01-PI";"UOP02-DEL01-PI"
354998;2021-05-01;"sábado";"16:30:00";"RJ";101;549;"PARATY";"Velocidade Incompatível";"Colisão frontal";"Com Vítimas Feridas";"Pleno dia";"Decrescente";"Céu Claro";"Simples";"Curva";"Não";3;0;2;0;0;1;2;2;-23,04642435;-44,65531364;"SPRF-RJ";"DEL03-RJ";"UOP02-DEL03-RJ"
354999;2021-05-01;"sábado";"16:35:00";"MT";163;712,7;"SORRISO";"Avarias e/ou desgaste excessivo no pneu";"Colisão frontal";"Com Vítimas Fatais";"Pleno dia";"Crescente";"Chuva";"Simples";"Reta";"Não";6;2;1;3;0;0;4;2;-12,87307;-55,83736;"SPRF-MT";"DEL06-MT";"UOP01-DEL06-MT"
355000;2021-05-01;"sábado";"19:05:00";"SC";470;58,2;"BLUMENAU";"Pedestre cruzava a pista fora da faixa";"Atropelamento de Pedestre";"Com Vítimas Feridas";"Plena Noite";"Crescente";"Nublado";"Simples";"Reta";"Não";2;0;0;1;1;0;1;2;-26,883879;-49,145622;"SPRF-SC";"DEL04-SC";"UOP01-DEL04-SC"
355001;2021-05-01;"sábado";"18:15:00";"SP";116;219,4;"GUARULHOS";"Frear bruscamente";"Colisão traseira";"Com Vítimas Feridas";"Plena Noite";"Decrescente";"Céu Claro";"Simples";"Reta";"Sim";1;0;1;0;0;0;1;1;-23,46143954;-46,48885316;"SPRF-SP";"DEL01-SP";"UOP01-DEL01-SP"
355002;2021-05-01;"sábado";"18:35:00";"DF";80;19,8;"BRASILIA";"Condutor deixou de manter distância do veículo da frente";"Colisão traseira";"Com Vítimas Feridas";"Plena Noite";"Crescente";"Nublado";"Dupla";"Reta";"Sim";2;0;1;0;1;0;1;2;-15,675205;-48,204636;"SPRF-DF";"DEL03-DF";"UOP02-DEL03-DF"
355003;2021-05-01;"sábado";"16:35:00";"MT";163;722;"SORRISO";"Avarias e/ou desgaste excessivo no pneu";"Saída de leito carroçável";"Com Vítimas Feridas";"Pleno dia";"Crescente";"Chuva";"Simples";"Curva";"Não";3;0;1;0;2;0;1;1;-12,784038;-55,837317;"SPRF-MT";"DEL06-MT";"UOP01-DEL06-MT"
355005;2021-05-01;"sábado";"17:40:00";"PA";163;1002;"SANTAREM";"Desrespeitar a preferência no cruzamento";"Colisão transversal";"Sem Vítimas";"Pleno dia";"Crescente";"Céu Claro";"Simples";"Interseção de Vias";"Sim";7;0;0;0;7;0;0;2;-2,45567004;-54,72854541;"SPRF-PA";"DEL05-PA";"UOP01-DEL05-PA"
355006;2021-05-01;"sábado";"18:35:00";"MG";262;443;"NOVA SERRANA";"Velocidade Incompatível";"Queda de ocupante de veículo";"Com Vítimas Feridas";"Plena Noite";"Crescente";"Céu Claro";"Dupla";"Reta";"Não";1;0;0;1;0;0;1;1;-19,88065393;-44,92197102;"SPRF-MG";"DEL08-MG";"UOP03-DEL08-MG"
355007;2021-05-01;"sábado";"16:05:00";"PR";277;349,7;"GUARAPUAVA";"Acesso irregular";"Saída de leito carroçável";"Sem Vítimas";"Pleno dia";"Decrescente";"Sol";"Dupla";"Reta;Aclive";"Sim";1;0;0;0;0;1;0;1;-25,3903215;-51,52054399;"SPRF-PR";"DEL08-PR";"UOP01-DEL08-PR"
355008;2021-05-01;"sábado";"19:00:00";"SP";116;273,7;"TABOAO DA SERRA";"Manobra de mudança de faixa";"Colisão traseira";"Com Vítimas Feridas";"Plena Noite";"Crescente";"Céu Claro";"Dupla";"Reta";"Sim";1;0;1;0;0;0;1;1;-23,62809795;-46,81870306;"SPRF-SP";"DEL04-SP";"UOP01-DEL04-SP"
355011;2021-05-01;"sábado";"18:24:00";"PE";101;43,9;"IGARASSU";"Acessar a via sem observar a presença dos outros veículos";"Colisão transversal";"Com Vítimas Feridas";"Plena Noite";"Decrescente";"Céu Claro";"Múltipla";"Reta";"Sim";2;0;1;0;1;0;1;2;-7,84753808;-34,90977038;"SPRF-PE";"DEL01-PE";"UOP02-DEL01-PE"
355013;2021-05-01;"sábado";"19:15:00";"PE";101;44;"IGARASSU";"Condutor deixou de manter distância do veículo da frente";"Colisão traseira";"Com Vítimas Feridas";"Plena Noite";"Decrescente";"Céu Claro";"Múltipla";"Reta";"Sim";2;0;1;0;1;0;1;2;-7,85637001;-34,90842109;"SPRF-PE";"DEL01-PE";"UOP02-DEL01-PE"
355014;2021-05-01;"sábado";"18:30:00";"RN";427;0,4;"CURRAIS NOVOS";"Ultrapassagem Indevida";"Colisão frontal";"Com Vítimas Feridas";"Plena Noite";"Decrescente";"Céu Claro";"Simples";"Interseção de Vias";"Sim";3;0;0;1;2;0;1;2;-6,268149;-36,52254;"SPRF-RN";"DEL03-RN";"UOP02-DEL03-RN"
355015;2021-05-01;"sábado";"19:00:00";"PR";277;719,3;"FOZ DO IGUACU";"Ingestão de álcool pelo condutor";"Colisão lateral mesmo sentido";"Sem Vítimas";"Plena Noite";"Crescente";"Céu Claro";"Dupla";"Reta";"Sim";2;0;0;0;2;0;0;2;-25,485094;-54,497474;"SPRF-PR";"DEL05-PR";"UOP03-DEL05-PR"
355016;2021-05-01;"sábado";"18:55:00";"PR";369;193,9;"APUCARANA";"Reação tardia ou ineficiente do condutor";"Tombamento";"Com Vítimas Feridas";"Plena Noite";"Decrescente";"Céu Claro";"Dupla";"Reta";"Não";1;0;1;0;0;0;1;1;-23,48688;-51,42376;"SPRF-PR";"DEL07-PR";"UOP02-DEL07-PR"
355017;2021-05-01;"sábado";"18:20:00";"MS";163;490;"CAMPO GRANDE";"Transitar no acostamento";"Atropelamento de Pedestre";"Com Vítimas Feridas";"Plena Noite";"Crescente";"Céu Claro";"Simples";"Aclive";"Sim";2;0;1;1;0;0;2;2;-20,40017983;-54,55539878;"SPRF-MS";"DEL01-MS";"UOP02-DEL01-MS"
355018;2021-05-01;"sábado";"17:00:00";"PE";101;160,1;"GAMELEIRA";"Velocidade Incompatível";"Saída de leito carroçável";"Com Vítimas Feridas";"Anoitecer";"Decrescente";"Nublado";"Dupla";"Aclive";"Não";3;0;0;3;0;0;3;1;-8,55559186;-35,42237611;"SPRF-PE";"DEL01-PE";"UOP01-DEL01-PE"
355019;2021-05-01;"sábado";"16:30:00";"RS";116;198;"PICADA CAFE";"Acessar a via sem observar a presença dos outros veículos";"Colisão transversal";"Com Vítimas Feridas";"Pleno dia";"Decrescente";"Céu Claro";"Simples";"Reta";"Sim";3;0;2;0;1;0;2;2;-29,47732808;-51,14276201;"SPRF-RS";"DEL05-RS";"UOP02-DEL05-RS"
355020;2021-05-01;"sábado";"19:30:00";"SC";282;15,8;"PALHOCA";"Demais falhas mecânicas ou elétricas";"Colisão traseira";"Com Vítimas Feridas";"Plena Noite";"Crescente";"Nublado";"Simples";"Reta";"Sim";4;0;1;0;3;0;1;3;-27,65746551;-48,68078839;"SPRF-SC";"DEL01-SC";"UOP02-DEL01-SC"
355021;2021-05-01;"sábado";"19:10:00";"SP";153;60;"SAO JOSE DO RIO PRETO";"Reação tardia ou ineficiente do condutor";"Colisão traseira";"Com Vítimas Feridas";"Plena Noite";"Crescente";"Céu Claro";"Dupla";"Em Obras;Reta;Desvio Temporário";"Sim";2;0;1;0;1;0;1;2;-20,79935876;-49,35527444;"SPRF-SP";"DEL09-SP";"UOP01-DEL09-SP"
355024;2021-05-01;"sábado";"19:15:00";"MG";40;524;"CONTAGEM";"Pedestre andava na pista";"Atropelamento de Pedestre";"Com Vítimas Feridas";"Plena Noite";"Crescente";"Nublado";"Dupla";"Reta";"Sim";2;0;0;1;1;0;1;2;-19,8754469;-44,05345586;"SPRF-MG";"DEL01-MG";"UOP02-DEL01-MG"
355027;2021-05-01;"sábado";"19:00:00";"SC";101;148,8;"ITAPEMA";"Acessar a via sem observar a presença dos outros veículos";"Colisão traseira";"Com Vítimas Feridas";"Plena Noite";"Decrescente";"Céu Claro";"Simples";"Reta";"Sim";2;0;1;0;0;1;1;2;-27,10123686;-48,61807962;"SPRF-SC";"DEL04-SC";"UOP03-DEL04-SC"
355028;2021-05-01;"sábado";"18:45:00";"RJ";116;167;"SAO JOAO DE MERITI";"Reação tardia ou ineficiente do condutor";"Colisão traseira";"Com Vítimas Feridas";"Plena Noite";"Crescente";"Céu Claro";"Múltipla";"Reta";"Sim";2;0;0;1;1;0;1;2;-22,800846;-43,352705;"SPRF-RJ";"DEL01-RJ";"UOP01-DEL01-RJ"
355031;2021-05-01;"sábado";"14:00:00";"BA";101;491;"ITAJUIPE";"Reação tardia ou ineficiente do condutor";"Colisão com objeto";"Com Vítimas Feridas";"Pleno dia";"Crescente";"Chuva";"Simples";"Reta";"Não";1;0;1;0;0;0;1;1;-14,69652327;-39,36676025;"SPRF-BA";"DEL05-BA";"UOP01-DEL05-BA"
355032;2021-05-01;"sábado";"18:40:00";"RJ";101;279;"TANGUA";"Reação tardia ou ineficiente do condutor";"Colisão com objeto";"Com Vítimas Feridas";"Plena Noite";"Crescente";"Nublado";"Dupla";"Reta";"Não";3;0;1;0;2;0;1;1;-22,7383655;-42,76745405;"SPRF-RJ";"DEL02-RJ";"UOP03-DEL02-RJ"
355033;2021-05-01;"sábado";"19:45:00";"SP";116;155;"SAO JOSE DOS CAMPOS";"Manobra de mudança de faixa";"Saída de leito carroçável";"Com Vítimas Feridas";"Plena Noite";"Decrescente";"Céu Claro";"Dupla";"Declive";"Sim";2;0;1;0;1;0;1;1;-23,24524337;-45,92772774;"SPRF-SP";"DEL02-SP";"UOP01-DEL02-SP"
355034;2021-05-01;"sábado";"19:35:00";"GO";60;89,6;"ANAPOLIS";"Reação tardia ou ineficiente do condutor";"Tombamento";"Com Vítimas Feridas";"Plena Noite";"Crescente";"Céu Claro";"Dupla";"Retorno Regulamentado";"Sim";1;0;1;0;0;0;1;1;-16,3367;-48,8957;"SPRF-GO";"DEL02-GO";"UOP01-DEL02-GO"
355035;2021-05-01;"sábado";"19:50:00";"GO";60;93,9;"ANAPOLIS";"Reação tardia ou ineficiente do condutor";"Tombamento";"Com Vítimas Feridas";"Plena Noite";"Decrescente";"Céu Claro";"Dupla";"Reta";"Sim";1;0;1;0;0;0;1;1;-16,3538;-48,9268;"SPRF-GO";"DEL02-GO";"UOP01-DEL02-GO"
355036;2021-05-01;"sábado";"20:05:00";"MG";146;511,9;"POCOS DE CALDAS";"Ingestão de álcool pelo condutor";"Colisão com objeto";"Sem Vítimas";"Plena Noite";"Crescente";"Céu Claro";"Simples";"Aclive;Reta";"Não";2;0;0;0;2;0;0;1;-21,78195957;-46,43549681;"SPRF-MG";"DEL09-MG";"UOP01-DEL09-MG"
355037;2021-05-01;"sábado";"19:15:00";"RS";470;245,5;"BARAO";"Falta de elemento de contenção que evite a saída do leito carroçável";"Saída de leito carroçável";"Sem Vítimas";"Plena Noite";"Crescente";"Céu Claro";"Simples";"Curva";"Sim";1;0;0;0;0;1;0;1;-29,38089429;-51,49351001;"SPRF-RS";"DEL06-RS";"UOP01-DEL06-RS"
355039;2021-05-01;"sábado";"20:10:00";"SC";101;25,1;"JOINVILLE";"Reação tardia ou ineficiente do condutor";"Saída de leito carroçável";"Sem Vítimas";"Plena Noite";"Decrescente";"Céu Claro";"Dupla";"Reta";"Sim";1;0;0;0;1;0;0;1;-26,1834739;-48,9105912;"SPRF-SC";"DEL03-SC";"UOP01-DEL03-SC"
355040;2021-05-01;"sábado";"20:20:00";"SC";101;330;"CAPIVARI DE BAIXO";"Manobra de mudança de faixa";"Colisão transversal";"Com Vítimas Feridas";"Plena Noite";"Decrescente";"Céu Claro";"Simples";"Reta";"Sim";2;0;1;0;1;0;1;2;-28,45115639;-48,97286879;"SPRF-SC";"DEL02-SC";"UOP01-DEL02-SC"
355041;2021-05-01;"sábado";"18:40:00";"RR";401;13;"CANTA";"Animais na Pista";"Atropelamento de Animal";"Com Vítimas Feridas";"Plena Noite";"Decrescente";"Nublado";"Simples";"Reta";"Não";4;0;4;0;0;0;4;2;2,827483;-60,591545;"SPRF-RR";"DEL01-RR";"UOP01-DEL01-RR"
355042;2021-05-01;"sábado";"20:55:00";"MG";381;449;"SABARA";"Reação tardia ou ineficiente do condutor";"Tombamento";"Com Vítimas Feridas";"Plena Noite";"Crescente";"Céu Claro";"Simples";"Reta";"Sim";1;0;1;0;0;0;1;1;-19,82598014;-43,83544922;"SPRF-MG";"DEL01-MG";"UOP01-DEL01-MG"
355043;2021-05-01;"sábado";"17:25:00";"RJ";116;135;"MAGE";"Transitar na contramão";"Colisão frontal";"Com Vítimas Feridas";"Anoitecer";"Decrescente";"Nublado";"Dupla";"Interseção de Vias";"Sim";2;0;0;1;0;1;1;2;-22,65225773;-43,16309893;"SPRF-RJ";"DEL04-RJ";"UOP02-DEL04-RJ"
355045;2021-05-01;"sábado";"19:30:00";"GO";70;5;"AGUAS LINDAS DE GOIAS";"Falta de acostamento";"Colisão com objeto";"Sem Vítimas";"Plena Noite";"Crescente";"Céu Claro";"Dupla";"Viaduto";"Sim";2;0;0;0;2;0;0;2;-15,75683677;-48,25464732;"SPRF-DF";"DEL03-DF";"UOP02-DEL03-DF"
355046;2021-05-01;"sábado";"19:30:00";"SC";163;70,5;"SAO MIGUEL DO OESTE";"Ingestão de álcool pelo condutor";"Colisão com objeto";"Sem Vítimas";"Plena Noite";"Decrescente";"Céu Claro";"Dupla";"Curva";"Sim";1;0;0;0;1;0;0;1;-26,73461723;-53,50680015;"SPRF-SC";"DEL07-SC";"UOP03-DEL07-SC"