"id";"data_inversa";"dia_semana";"horario";"uf";"br";"km";"municipio";"causa_acidente";"tipo_acidente";"classificacao_acidente";"fase_dia";"sentido_via";"condicao_metereologica";"tipo_pista";"tracado_via";"uso_solo";"pessoas";"mortos";"feridos_leves";"feridos_graves";"ilesos";"ignorados";"feridos";"veiculos";"latitude";"longitude";"regional";"delegacia";"uop"
355047;2021-05-01;"sábado";"18:50:00";"SC";163;74,1;"SAO MIGUEL DO OESTE";"Reação tardia ou ineficiente do condutor";"Saída de leito carroçável";"Com Vítimas Feridas";"Plena Noite";"Decrescente";"Céu Claro";"Simples";"Curva";"Não";3;0;0;3;0;0;3;1;-26,70200479;-53,51350653;"SPRF-SC";"DEL07-SC";"UOP03-DEL07-SC"
355048;2021-05-01;"sábado";"19:45:00";"PB";230;159,2;"CAMPINA GRANDE";"Velocidade Incompatível";"Capotamento";"Sem Vítimas";"Plena Noite";"Decrescente";"Céu Claro";"Simples";"Reta";"Sim";1;0;0;0;0;1;0;1;-7,25446;-35,930915;"SPRF-PB";"DEL02-PB";"UOP01-DEL02-PB"
355049;2021-05-01;"sábado";"20:20:00";"PR";476;116;"COLOMBO";"Ultrapassagem Indevida";"Colisão frontal";"Com Vítimas Feridas";"Plena Noite";"Crescente";"Nublado";"Simples";"Reta";"Sim";2;0;1;0;1;0;1;2;-25,34996;-49,16642;"SPRF-PR";"DEL01-PR";"UOP02-DEL01-PR"
355050;2021-05-01;"sábado";"19:15:00";"PR";158;526;"PATO BRANCO";"Demais falhas mecânicas ou elétricas";"Saída de leito carroçável";"Com Vítimas Feridas";"Anoitecer";"Decrescente";"Céu Claro";"Simples";"Curva";"Não";2;0;2;0;0;0;2;1;-26,1619093;-52,66365051;"SPRF-PR";"DEL02-PR";"UOP01-DEL02-PR"
355051;2021-05-01;"sábado";"18:10:00";"MS";419;326,8;"NIOAQUE";"Reação tardia ou ineficiente do condutor";"Saída de leito carroçável";"Com Vítimas Feridas";"Plena Noite";"Decrescente";"Céu Claro";"Simples";"Reta";"Não";1;0;0;1;0;0;1;1;-21,11938196;-55,81601523;"SPRF-MS";"DEL03-MS";"UOP01-DEL03-MS"
355052;2021-05-01;"sábado";"20:00:00";"PB";230;159,2;"CAMPINA GRANDE";"Estacionar ou parar em local proibido";"Colisão traseira";"Com Vítimas Feridas";"Plena Noite";"Crescente";"Céu Claro";"Simples";"Reta";"Não";3;0;1;0;2;0;1;2;-7,252;-35,9334;"SPRF-PB";"DEL02-PB";"UOP01-DEL02-PB"
355054;2021-05-01;"sábado";"19:30:00";"RN";226;170;"CURRAIS NOVOS";"Iluminação deficiente";"Colisão traseira";"Com Vítimas Feridas";"Plena Noite";"Crescente";"Céu Claro";"Simples";"Reta";"Não";2;0;1;1;0;0;2;2;-6,24579515;-36,46862087;"SPRF-RN";"DEL03-RN";"UOP02-DEL03-RN"
355055;2021-05-01;"sábado";"20:50:00";"MS";163;528;"JARAGUARI";"Ausência de reação do condutor";"Saída de leito carroçável";"Com Vítimas Feridas";"Plena Noite";"Decrescente";"Céu Claro";"Simples";"Reta";"Não";1;0;1;0;0;0;1;1;-20,09289501;-54,43568097;"SPRF-MS";"DEL01-MS";"UOP02-DEL01-MS"
355056;2021-05-01;"sábado";"20:30:00";"GO";20;236,9;"POSSE";"Pedestre andava na pista";"Atropelamento de Pedestre";"Com Vítimas Fatais";"Plena Noite";"Crescente";"Céu Claro";"Simples";"Reta";"Não";2;1;0;0;0;1;0;2;-14,062828;-46,282063;"SPRF-DF";"DEL02-DF";"UOP03-DEL02-DF"
355057;2021-05-01;"sábado";"19:20:00";"RJ";40;105;"DUQUE DE CAXIAS";"Reação tardia ou ineficiente do condutor";"Colisão com objeto";"Com Vítimas Feridas";"Plena Noite";"Decrescente";"Chuva";"Dupla";"Reta";"Sim";1;0;1;0;0;0;1;1;-22,63784806;-43,28428824;"SPRF-RJ";"DEL01-RJ";"UOP01-DEL01-RJ"
355058;2021-05-01;"sábado";"21:40:00";"MG";50;178;"UBERABA";"Ausência de reação do condutor";"Colisão lateral mesmo sentido";"Com Vítimas Feridas";"Plena Noite";"Decrescente";"Céu Claro";"Dupla";"Em Obras";"Sim";3;0;1;0;2;0;1;2;-19,77896821;-47,94093599;"SPRF-MG";"DEL13-MG";"UOP01-DEL13-MG"
355059;2021-05-01;"sábado";"22:30:00";"GO";153;511,5;"APARECIDA DE GOIANIA";"Velocidade Incompatível";"Colisão com objeto";"Sem Vítimas";"Plena Noite";"Decrescente";"Céu Claro";"Dupla";"Reta;Retorno Regulamentado";"Sim";1;0;0;0;1;0;0;1;-16,8067;-49,2394;"SPRF-GO";"DEL01-GO";"UOP03-DEL01-GO"
355060;2021-05-01;"sábado";"19:30:00";"MS";60;428;"SIDROLANDIA";"Demais falhas mecânicas ou elétricas";"Saída de leito carroçável";"Com Vítimas Feridas";"Plena Noite";"Decrescente";"Céu Claro";"Simples";"Curva";"Não";1;0;1;0;0;0;1;1;-20,95147591;-54,97109059;"SPRF-MS";"DEL01-MS";"UOP04-DEL01-MS"
355061;2021-05-01;"sábado";"21:15:00";"SP";116;219,8;"GUARULHOS";"Ingestão de álcool pelo condutor";"Colisão lateral mesmo sentido";"Sem Vítimas";"Plena Noite";"Crescente";"Céu Claro";"Múltipla";"Reta";"Sim";7;0;0;0;7;0;0;3;-23,46462417;-46,49894714;"SPRF-SP";"DEL01-SP";"UOP01-DEL01-SP"
355062;2021-05-01;"sábado";"22:20:00";"GO";70;6;"AGUAS LINDAS DE GOIAS";"Pedestre cruzava a pista fora da faixa";"Atropelamento de Pedestre";"Com Vítimas Feridas";"Plena Noite";"Crescente";"Nublado";"Dupla";"Reta";"Sim";2;0;1;0;1;0;1;2;-15,75049381;-48,2612381;"SPRF-DF";"DEL03-DF";"UOP02-DEL03-DF"
355063;2021-05-01;"sábado";"16:20:00";"SC";101;312,9;"LAGUNA";"Velocidade Incompatível";"Colisão traseira";"Sem Vítimas";"Pleno dia";"Crescente";"Céu Claro";"Simples";"Rotatória;Interseção de Vias";"Sim";2;0;0;0;2;0;0;2;-28,433701;-48,806344;"SPRF-SC";"DEL02-SC";"UOP01-DEL02-SC"
355064;2021-05-01;"sábado";"18:10:00";"SC";101;295,6;"IMBITUBA";"Animais na Pista";"Colisão lateral sentido oposto";"Sem Vítimas";"Plena Noite";"Crescente";"Céu Claro";"Simples";"Reta";"Sim";2;0;0;0;1;1;0;2;-28,29854333;-48,71633767;"SPRF-SC";"DEL02-SC";"UOP03-DEL02-SC"
355065;2021-05-01;"sábado";"23:00:00";"PB";101;88;"JOAO PESSOA";"Reação tardia ou ineficiente do condutor";"Colisão traseira";"Sem Vítimas";"Plena Noite";"Crescente";"Céu Claro";"Dupla";"Viaduto";"Não";4;0;0;0;4;0;0;2;-7,16562974;-34,89686966;"SPRF-PB";"DEL01-PB";"UOP01-DEL01-PB"
355066;2021-05-01;"sábado";"19:00:00";"PR";277;6,8;"PARANAGUA";"Avarias e/ou desgaste excessivo no pneu";"Tombamento";"Com Vítimas Feridas";"Plena Noite";"Decrescente";"Céu Claro";"Dupla";"Reta";"Não";1;0;0;1;0;0;1;1;-25,568198;-48,615292;"SPRF-PR";"DEL01-PR";"UOP05-DEL01-PR"
355067;2021-05-01;"sábado";"22:55:00";"RS";116;246;"SAO LEOPOLDO";"Condutor deixou de manter distância do veículo da frente";"Colisão lateral mesmo sentido";"Com Vítimas Feridas";"Plena Noite";"Decrescente";"Céu Claro";"Dupla";"Curva";"Sim";3;0;1;0;1;1;1;3;-29,758751;-51,15186806;"SPRF-RS";"DEL01-RS";"UOP02-DEL01-RS"
355068;2021-05-01;"sábado";"21:30:00";"MT";163;1041;"MATUPA";"Acessar a via sem observar a presença dos outros veículos";"Colisão lateral mesmo sentido";"Com Vítimas Feridas";"Plena Noite";"Crescente";"Céu Claro";"Simples";"Rotatória";"Sim";3;0;1;0;1;1;1;2;-10,18487639;-54,94537538;"SPRF-MT";"DEL06-MT";"NPF/DEL06-MT"
355069;2021-05-01;"sábado";"20:42:00";"BA";324;521;"FEIRA DE SANTANA";"Velocidade Incompatível";"Colisão traseira";"Com Vítimas Fatais";"Plena Noite";"Crescente";"Nublado";"Dupla";"Reta";"Sim";2;1;0;0;0;1;0;2;-12,27918591;-38,92645693;"SPRF-BA";"DEL01-BA";"UOP03-DEL01-BA"
355070;2021-05-01;"sábado";"21:15:00";"MS";163;91,3;"ITAQUIRAI";"Condutor deixou de manter distância do veículo da frente";"Colisão traseira";"Sem Vítimas";"Plena Noite";"Crescente";"Céu Claro";"Simples";"Reta;Aclive";"Não";3;0;0;0;2;1;0;2;-23,36116304;-54,2147073;"SPRF-MS";"DEL09-MS";"UOP01-DEL09-MS"
355071;2021-05-01;"sábado";"19:55:00";"RJ";101;0;"NITEROI";"Ausência de reação do condutor";"Colisão com objeto";"Com Vítimas Feridas";"Plena Noite";"Decrescente";"Céu Claro";"Dupla";"Reta";"Sim";1;0;1;0;0;0;1;1;-22,8808;-43,1043;"SPRF-RJ";"DEL02-RJ";"UOP02-DEL02-RJ"
355072;2021-05-01;"sábado";"22:14:00";"MA";135;6,8;"SAO LUIS";"Pedestre cruzava a pista fora da faixa";"Atropelamento de Pedestre";"Com Vítimas Feridas";"Plena Noite";"Crescente";"Nublado";"Dupla";"Aclive";"Sim";2;0;0;2;0;0;2;2;-2,62877986;-44,26321818;"SPRF-MA";"DEL01-MA";"UOP01-DEL01-MA"
355076;2021-05-01;"sábado";"22:30:00";"SC";280;55,9;"GUARAMIRIM";"Ingestão de álcool pelo condutor";"Colisão com objeto";"Com Vítimas Feridas";"Plena Noite";"Crescente";"Céu Claro";"Dupla";"Reta";"Sim";3;0;2;0;1;0;2;1;-26,47948721;-49,00597042;"SPRF-SC";"DEL03-SC";"UOP03-DEL03-SC"
355078;2021-05-01;"sábado";"23:00:00";"RJ";116;107;"GUAPIMIRIM";"Transitar na contramão";"Colisão frontal";"Com Vítimas Feridas";"Plena Noite";"Crescente";"Céu Claro";"Simples";"Reta";"Não";4;0;1;3;0;0;4;2;-22,52826187;-42,99737551;"SPRF-RJ";"DEL04-RJ";"UOP02-DEL04-RJ"
355079;2021-05-01;"sábado";"23:30:00";"RS";290;65,4;"GRAVATAI";"Condutor Dormindo";"Saída de leito carroçável";"Com Vítimas Feridas";"Plena Noite";"Crescente";"Céu Claro";"Dupla";"Reta";"Não";2;0;2;0;0;0;2;2;-29,943002;-50,909981;"SPRF-RS";"DEL03-RS";"UOP01-DEL03-RS"
355080;2021-05-01;"sábado";"22:20:00";"SC";101;128,6;"BALNEARIO CAMBORIU";"Demais falhas mecânicas ou elétricas";"Incêndio";"Sem Vítimas";"Plena Noite";"Decrescente";"Chuva";"Dupla";"Curva";"Não";1;0;0;0;0;1;0;1;-26,97284292;-48,68299451;"SPRF-SC";"DEL04-SC";"UOP03-DEL04-SC"
355081;2021-05-01;"sábado";"23:30:00";"SP";116;226;"GUARULHOS";"Condutor deixou de manter distância do veículo da frente";"Colisão traseira";"Com Vítimas Feridas";"Plena Noite";"Decrescente";"Céu Claro";"Múltipla";"Reta";"Sim";2;0;1;0;0;1;1;2;-23,49102507;-46,54878195;"SPRF-SP";"DEL01-SP";"UOP01-DEL01-SP"
355083;2021-05-01;"sábado";"23:50:00";"PR";376;124,3;"ALTO PARANA";"Ingestão de álcool pelo condutor";"Saída de leito carroçável";"Sem Vítimas";"Plena Noite";"Crescente";"Céu Claro";"Dupla";"Desvio Temporário";"Não";3;0;0;0;3;0;0;1;-23,14400328;-52,2818582;"SPRF-PR";"DEL09-PR";"UOP02-DEL09-PR"
355084;2021-03-31;"quarta-feira";"07:40:00";"PR";277;95;"CURITIBA";"Condutor deixou de manter distância do veículo da frente";"Colisão traseira";"Com Vítimas Feridas";"Pleno dia";"Decrescente";"Sol";"Dupla";"Reta";"Sim";2;0;0;1;1;0;1;2;-25,43113552;-49,32531953;"SPRF-PR";"DEL01-PR";"UOP01-DEL01-PR"
355087;2021-05-01;"sábado";"23:10:00";"RN";101;109;"PARNAMIRIM";"Ingestão de álcool pelo condutor";"Queda de ocupante de veículo";"Com Vítimas Feridas";"Plena Noite";"Crescente";"Chuva";"Múltipla";"Reta";"Sim";2;0;0;1;0;1;1;1;-5,937378;-35,26483;"SPRF-RN";"DEL01-RN";"UOP01-DEL01-RN"
355089;2021-05-01;"sábado";"23:00:00";"RS";293;130;"CANDIOTA";"Ingestão de álcool pelo condutor";"Colisão lateral sentido oposto";"Sem Vítimas";"Plena Noite";"Decrescente";"Céu Claro";"Simples";"Reta";"Não";1;0;0;0;1;0;0;1;-31,49025973;-53,58667558;"SPRF-RS";"DEL11-RS";"UOP03-DEL11-RS"
355092;2021-05-02;"domingo";"00:05:00";"SC";280;69,5;"JARAGUA DO SUL";"Condutor deixou de manter distância do veículo da frente";"Colisão traseira";"Com Vítimas Feridas";"Plena Noite";"Decrescente";"Nublado";"Simples";"Reta";"Não";2;0;1;0;1;0;1;2;-26,46803296;-49,11833097;"SPRF-SC";"DEL03-SC";"UOP03-DEL03-SC"
355093;2021-05-01;"sábado";"19:50:00";"SC";101;86,1;"BARRA VELHA";"Reação tardia ou ineficiente do condutor";"Colisão com objeto";"Sem Vítimas";"Plena Noite";"Decrescente";"Garoa/Chuvisco";"Dupla";"Reta";"Sim";1;0;0;0;1;0;0;1;-26,63277317;-48,70232513;"SPRF-SC";"DEL03-SC";"UOP02-DEL03-SC"
355095;2021-05-01;"sábado";"22:30:00";"GO";60;10;"SANTO ANTONIO DO DESCOBERTO";"Ingestão de álcool pelo condutor";"Capotamento";"Sem Vítimas";"Plena Noite";"Crescente";"Céu Claro";"Dupla";"Reta";"Não";1;0;0;0;1;0;0;1;-16,08177445;-48,27152252;"SPRF-DF";"DEL03-DF";"UOP01-DEL03-DF"
355096;2021-05-02;"domingo";"01:05:00";"PB";101;83;"BAYEUX";"Ausência de reação do condutor";"Colisão traseira";"Com Vítimas Feridas";"Plena Noite";"Crescente";"Garoa/Chuvisco";"Dupla";"Reta";"Sim";2;0;1;0;1;0;1;2;-7,13989996;-34,92294073;"SPRF-PB";"DEL01-PB";"UOP01-DEL01-PB"
355098;2021-05-02;"domingo";"00:25:00";"RJ";393;179;"PARAIBA DO SUL";"Condutor Dormindo";"Colisão transversal";"Sem Vítimas";"Plena Noite";"Decrescente";"Chuva";"Dupla";"Aclive";"Não";3;0;0;0;3;0;0;2;-22,12695355;-43,23512967;"SPRF-RJ";"DEL05-RJ";"UOP03-DEL05-RJ"
355099;2021-05-02;"domingo";"01:30:00";"GO";60;166,2;"GOIANIA";"Curva acentuada";"Capotamento";"Com Vítimas Feridas";"Plena Noite";"Crescente";"Nublado";"Múltipla";"Reta;Interseção de Vias";"Sim";2;0;0;1;0;1;1;2;-16,7129;-49,358;"SPRF-GO";"DEL01-GO";"UOP02-DEL01-GO"
355100;2021-05-02;"domingo";"01:00:00";"SC";101;66;"ARAQUARI";"Acessar a via sem observar a presença dos outros veículos";"Colisão transversal";"Sem Vítimas";"Plena Noite";"Decrescente";"Nublado";"Dupla";"Curva";"Não";2;0;0;0;2;0;0;2;-26,48316416;-48,73514771;"SPRF-SC";"DEL03-SC";"UOP02-DEL03-SC"
355101;2021-05-01;"sábado";"23:50:00";"RO";364;338,6;"JI-PARANA";"Pedestre andava na pista";"Atropelamento de Pedestre";"Com Vítimas Feridas";"Plena Noite";"Crescente";"Céu Claro";"Simples";"Reta";"Sim";4;0;4;0;0;0;4;2;-10,91683399;-61,9298606;"SPRF-RO";"DEL02-RO";"UOP01-DEL02-RO"
355102;2021-05-02;"domingo";"01:55:00";"SP";153;132,2;"UBARANA";"Ausência de reação do condutor";"Colisão lateral mesmo sentido";"Com Vítimas Feridas";"Plena Noite";"Decrescente";"Céu Claro";"Simples";"Reta";"Não";2;0;1;0;0;1;1;2;-21,2663309;-49,76759012;"SPRF-SP";"DEL09-SP";"UOP01-DEL09-SP"
355103;2021-05-02;"domingo";"02:39:00";"SC";101;197,7;"BIGUACU";"Reação tardia ou ineficiente do condutor";"Colisão com objeto";"Com Vítimas Feridas";"Plena Noite";"Crescente";"Garoa/Chuvisco";"Múltipla";"Declive";"Sim";1;0;1;0;0;0;1;1;-27,51844497;-48,63848496;"SPRF-SC";"DEL01-SC";"UOP01-DEL01-SC"
355104;2021-05-02;"domingo";"00:10:00";"RJ";116;179;"NOVA IGUACU";"Ausência de reação do condutor";"Colisão traseira";"Sem Vítimas";"Plena Noite";"Decrescente";"Céu Claro";"Dupla";"Reta";"Sim";3;0;0;0;2;1;0;3;-22,769902;-43,408036;"SPRF-RJ";"DEL01-RJ";"UOP02-DEL01-RJ"
355105;2021-05-02;"domingo";"01:40:00";"MT";364;531;"ROSARIO OESTE";"Reação tardia ou ineficiente do condutor";"Saída de leito carroçável";"Com Vítimas Feridas";"Plena Noite";"Decrescente";"Nublado";"Simples";"Reta";"Não";2;0;1;1;0;0;2;1;-14,99579802;-56,51722316;"SPRF-MT";"DEL01-MT";"UOP01-DEL01-MT"
355109;2021-05-02;"domingo";"04:45:00";"RS";386;347,3;"LAJEADO";"Ingestão de álcool pelo condutor";"Saída de leito carroçável";"Com Vítimas Feridas";"Plena Noite";"Decrescente";"Céu Claro";"Dupla";"Reta";"Sim";5;0;5;0;0;0;5;1;-29,451736;-51,965893;"SPRF-RS";"DEL04-RS";"UOP01-DEL04-RS"
355110;2021-05-01;"sábado";"23:00:00";"MA";135;198;"ALTO ALEGRE DO MARANHAO";"Ausência de reação do condutor";"Saída de leito carroçável";"Com Vítimas Feridas";"Plena Noite";"Crescente";"Céu Claro";"Simples";"Reta";"Não";2;0;1;0;0;1;1;1;-4,181684;-44,4682979;"SPRF-MA";"DEL03-MA";"UOP01-DEL03-MA"
355112;2021-05-02;"domingo";"04:40:00";"ES";262;29;"DOMINGOS MARTINS";"Condutor Dormindo";"Saída de leito carroçável";"Com Vítimas Feridas";"Plena Noite";"Decrescente";"Nublado";"Simples";"Curva";"Não";1;0;1;0;0;0;1;1;-20,3757179;-40,56036472;"SPRF-ES";"DEL01-ES";"UOP01-DEL01-ES"
355113;2021-05-02;"domingo";"05:15:00";"RS";392;72,8;"PELOTAS";"Ausência de reação do condutor";"Saída de leito carroçável";"Com Vítimas Feridas";"Plena Noite";"Crescente";"Céu Claro";"Simples";"Reta";"Não";1;0;1;0;0;0;1;1;-31,721104;-52,389843;"SPRF-RS";"DEL07-RS";"UOP01-DEL07-RS"
355114;2021-05-02;"domingo";"05:58:00";"PR";376;295;"MAUA DA SERRA";"Condutor Dormindo";"Tombamento";"Com Vítimas Feridas";"Amanhecer";"Decrescente";"Céu Claro";"Simples";"Curva";"Não";1;0;0;1;0;0;1;1;-23,906119;-51,193811;"SPRF-PR";"DEL07-PR";"UOP02-DEL07-PR"
355115;2021-05-01;"sábado";"13:30:00";"PE";232;10;"JABOATAO DOS GUARARAPES";"Demais falhas mecânicas ou elétricas";"Saída de leito carroçável";"Sem Vítimas";"Pleno dia";"Crescente";"Chuva";"Dupla";"Aclive";"Sim";1;0;0;0;0;1;0;1;-8,07948694;-34,98849392;"SPRF-PE";"DEL01-PE";"UOP01-DEL01-PE"
355118;2021-05-02;"domingo";"06:15:00";"PR";376;111,9;"PARANAVAI";"Animais na Pista";"Saída de leito carroçável";"Com Vítimas Feridas";"Amanhecer";"Decrescente";"Céu Claro";"Dupla";"Declive";"Sim";1;0;1;0;0;0;1;1;-23,09343108;-52,38419702;"SPRF-PR";"DEL09-PR";"UOP02-DEL09-PR"
355119;2021-05-02;"domingo";"06:19:00";"SP";116;55,7;"LORENA";"Ausência de reação do condutor";"Colisão com objeto";"Sem Vítimas";"Amanhecer";"Crescente";"Céu Claro";"Dupla";"Reta";"Sim";1;0;0;0;0;1;0;1;-22,76356421;-45,12272385;"SPRF-SP";"DEL08-SP";"UOP02-DEL08-SP"
355120;2021-05-02;"domingo";"01:15:00";"SC";282;263,7;"SAO JOSE DO CERRITO";"Reação tardia ou ineficiente do condutor";"Colisão com objeto";"Com Vítimas Fatais";"Plena Noite";"Decrescente";"Céu Claro";"Dupla";"Interseção de Vias";"Não";1;1;0;0;0;0;0;1;-27,62696542;-50,62452793;"SPRF-SC";"DEL05-SC";"UOP02-DEL05-SC"
355121;2021-05-02;"domingo";"07:00:00";"PE";101;63,5;"RECIFE";"Ingestão de álcool pelo condutor";"Colisão lateral mesmo sentido";"Sem Vítimas";"Pleno dia";"Crescente";"Nublado";"Dupla";"Reta";"Sim";2;0;0;0;1;1;0;2;-8,00800604;-34,93756535;"SPRF-PE";"DEL01-PE";"UOP01-DEL01-PE"
355122;2021-05-01;"sábado";"23:00:00";"RS";470;178;"VERANOPOLIS";"Desrespeitar a preferência no cruzamento";"Colisão transversal";"Com Vítimas Feridas";"Plena Noite";"Crescente";"Céu Claro";"Simples";"Reta";"Sim";2;0;2;0;0;0;2;2;-28,94753484;-51,55413312;"SPRF-RS";"DEL06-RS";"UOP02-DEL06-RS"
355124;2021-05-02;"domingo";"07:15:00";"MG";40;566;"NOVA LIMA";"Condutor Dormindo";"Tombamento";"Com Vítimas Feridas";"Pleno dia";"Crescente";"Céu Claro";"Simples";"Declive;Reta";"Sim";2;0;2;0;0;0;2;2;-20,17954224;-43,96651268;"SPRF-MG";"DEL01-MG";"UOP02-DEL01-MG"
355125;2021-05-02;"domingo";"05:30:00";"RN";405;3;"MOSSORO";"Transitar na contramão";"Colisão transversal";"Com Vítimas Feridas";"Amanhecer";"Crescente";"Céu Claro";"Simples";"Reta";"Sim";2;0;1;0;1;0;1;2;-5,19386547;-37,38052995;"SPRF-RN";"DEL04-RN";"UOP02-DEL04-RN"
355127;2021-05-02;"domingo";"05:20:00";"RJ";116;66;"TERESOPOLIS";"Ausência de reação do condutor";"Colisão frontal";"Com Vítimas Feridas";"Amanhecer";"Crescente";"Nublado";"Simples";"Reta";"Sim";7;0;0;5;1;1;5;3;-22,28530513;-42,9306046;"SPRF-RJ";"DEL04-RJ";"UOP01-DEL04-RJ"
355128;2021-05-02;"domingo";"07:20:00";"GO";50;273;"CATALAO";"Mal súbito do condutor";"Tombamento";"Com Vítimas Feridas";"Pleno dia";"Crescente";"Céu Claro";"Dupla";"Reta";"Não";1;0;1;0;0;0;1;1;-18,1302;-47,9047;"SPRF-GO";"DEL06-GO";"UOP01-DEL06-GO"
355129;2021-05-02;"domingo";"06:00:00";"RJ";101;184;"CASIMIRO DE ABREU";"Condutor Dormindo";"Saída de leito carroçável";"Sem Vítimas";"Amanhecer";"Crescente";"Céu Claro";"Simples";"Curva";"Não";1;0;0;0;0;1;0;1;-22,42858628;-42,02598288;"SPRF-RJ";"DEL08-RJ";"UOP04-DEL08-RJ"
355130;2021-04-20;"terça-feira";"11:00:00";"GO";60;163;"GOIANIA";"Ingestão de álcool pelo condutor";"Colisão frontal";"Com Vítimas Feridas";"Pleno dia";"Decrescente";"Céu Claro";"Dupla";"Aclive";"Sim";2;0;0;1;1;0;1;2;-16,7002;-49,3335;"SPRF-GO";"DEL01-GO";"UOP02-DEL01-GO"
355133;2021-05-02;"domingo";"07:45:00";"RS";116;229;"DOIS IRMAOS";"Acessar a via sem observar a presença dos outros veículos";"Colisão lateral mesmo sentido";"Com Vítimas Feridas";"Pleno dia";"Crescente";"Céu Claro";"Simples";"Interseção de Vias;Aclive";"Sim";2;0;1;0;1;0;1;2;-29,61838113;-51,12147984;"SPRF-RS";"DEL01-RS";"UOP02-DEL01-RS"
355134;2021-05-02;"domingo";"07:30:00";"RJ";393;113;"SAPUCAIA";"Condutor Dormindo";"Saída de leito carroçável";"Com Vítimas Feridas";"Pleno dia";"Decrescente";"Céu Claro";"Simples";"Declive";"Não";2;0;1;0;1;0;1;1;-21,90350418;-42,72841194;"SPRF-RJ";"DEL05-RJ";"UOP01-DEL05-RJ"
355135;2021-05-01;"sábado";"22:55:00";"RJ";101;406;"ITAGUAI";"Ingestão de álcool pelo condutor";"Colisão lateral mesmo sentido";"Com Vítimas Feridas";"Plena Noite";"Decrescente";"Nublado";"Simples";"Reta";"Sim";8;0;2;0;6;0;2;2;-22,87188798;-43,80896322;"SPRF-RJ";"DEL03-RJ";"UOP01-DEL03-RJ"
355136;2021-03-26;"sexta-feira";"14:30:00";"BA";30;690;"MARAU";"Pista Escorregadia";"Saída de leito carroçável";"Sem Vítimas";"Pleno dia";"Decrescente";"Céu Claro";"Simples";"Reta";"Não";3;0;0;0;3;0;0;1;-14,28546529;-39,25771563;"SPRF-BA";"DEL08-BA";"UOP01-DEL08-BA"
355137;2021-02-04;"quinta-feira";"15:50:00";"SP";101;43,2;"UBATUBA";"Desrespeitar a preferência no cruzamento";"Colisão transversal";"Com Vítimas Feridas";"Pleno dia";"Decrescente";"Sol";"Simples";"Rotatória";"Não";3;0;1;0;2;0;1;2;-23,41217537;-45,05739148;"SPRF-SP";"DEL06-SP";"UOP01-DEL06-SP"
355138;2021-05-02;"domingo";"08:50:00";"ES";101;274,5;"SERRA";"Chuva";"Saída de leito carroçável";"Com Vítimas Feridas";"Pleno dia";"Crescente";"Chuva";"Dupla";"Curva";"Não";2;0;2;0;0;0;2;1;-20,21288515;-40,29612219;"SPRF-ES";"DEL02-ES";"UOP01-DEL02-ES"
355139;2021-05-02;"domingo";"08:11:00";"DF";251;14,7;"BRASILIA";"Condutor Dormindo";"Colisão frontal";"Com Vítimas Feridas";"Pleno dia";"Crescente";"Céu Claro";"Simples";"Reta";"Não";2;0;0;1;1;0;1;2;-15,94886792;-47,6004982;"SPRF-DF";"DEL01-DF";"UOP01-DEL01-DF"
355140;2021-05-02;"domingo";"07:30:00";"SC";101;319;"PESCARIA BRAVA";"Ingestão de álcool pelo condutor";"Saída de leito carroçável";"Sem Vítimas";"Pleno dia";"Decrescente";"Céu Claro";"Simples";"Interseção de Vias;Viaduto";"Sim";1;0;0;0;1;0;0;1;-28,42978736;-48,87148792;"SPRF-SC";"DEL02-SC";"UOP01-DEL02-SC"
355141;2021-05-01;"sábado";"22:55:00";"RJ";116;165;"RIO DE JANEIRO";"Ingestão de álcool pelo condutor";"Colisão lateral mesmo sentido";"Sem Vítimas";"Plena Noite";"Crescente";"Céu Claro";"Dupla";"Reta";"Sim";1;0;0;0;1;0;0;1;-22,81548519;-43,29087405;"SPRF-RJ";"DEL01-RJ";"UOP01-DEL01-RJ"
355142;2021-05-02;"domingo";"08:55:00";"PR";376;218,6;"JANDAIA DO SUL";"Velocidade Incompatível";"Saída de leito carroçável";"Com Vítimas Feridas";"Pleno dia";"Decrescente";"Céu Claro";"Simples";"Curva";"Sim";1;0;0;1;0;0;1;1;-23,59886534;-51,62568927;"SPRF-PR";"DEL09-PR";"UOP01-DEL09-PR"
355143;2021-05-02;"domingo";"08:50:00";"RJ";101;330;"RIO DE JANEIRO";"Reação tardia ou ineficiente do condutor";"Colisão traseira";"Com Vítimas Feridas";"Pleno dia";"Decrescente";"Céu Claro";"Dupla";"Reta";"Sim";2;0;1;0;1;0;1;2;-22,8684989;-43,18548699;"SPRF-RJ";"DEL02-RJ";"UOP02-DEL02-RJ"
355144;2021-05-02;"domingo";"09:20:00";"SP";116;221;"GUARULHOS";"Demais falhas mecânicas ou elétricas";"Queda de ocupante de veículo";"Com Vítimas Feridas";"Pleno dia";"Decrescente";"Céu Claro";"Múltipla";"Reta";"Sim";2;0;2;0;0;0;2;1;-23,46802395;-46,50704901;"SPRF-SP";"DEL01-SP";"UOP01-DEL01-SP"
355145;2021-05-02;"domingo";"10:00:00";"MG";381;502;"BETIM";"Ausência de reação do condutor";"Colisão com objeto";"Com Vítimas Feridas";"Pleno dia";"Crescente";"Nublado";"Dupla";"Reta";"Sim";1;0;0;1;0;0;1;1;-20,022142;-44,22949;"SPRF-MG";"DEL01-MG";"UOP03-DEL01-MG"
355146;2021-05-02;"domingo";"09:00:00";"MS";163;520,4;"JARAGUARI";"Reação tardia ou ineficiente do condutor";"Tombamento";"Com Vítimas Feridas";"Pleno dia";"Crescente";"Céu Claro";"Dupla";"Reta";"Não";1;0;0;1;0;0;1;1;-20,16179487;-54,44469725;"SPRF-MS";"DEL01-MS";"UOP02-DEL01-MS"