"id";"data_inversa";"dia_semana";"horario";"uf";"br";"km";"municipio";"causa_acidente";"tipo_acidente";"classificacao_acidente";"fase_dia";"sentido_via";"condicao_metereologica";"tipo_pista";"tracado_via";"uso_solo";"pessoas";"mortos";"feridos_leves";"feridos_graves";"ilesos";"ignorados";"feridos";"veiculos";"latitude";"longitude";"regional";"delegacia";"uop"
355151;2021-05-02;"domingo";"09:30:00";"RO";174;13,9;"VILHENA";"Condutor deixou de manter distância do veículo da frente";"Colisão traseira";"Com Vítimas Feridas";"Pleno dia";"Decrescente";"Céu Claro";"Dupla";"Reta";"Sim";3;0;1;0;2;0;1;2;-12,74140004;-60,13026401;"SPRF-RO";"DEL04-RO";"UOP01-DEL04-RO"
355152;2021-05-02;"domingo";"10:40:00";"MG";381;877;"ESTIVA";"Velocidade Incompatível";"Tombamento";"Com Vítimas Feridas";"Pleno dia";"Crescente";"Céu Claro";"Dupla";"Reta";"Não";2;0;1;0;1;0;1;1;-22,48184;-46,010895;"SPRF-MG";"DEL16-MG";"UOP01-DEL16-MG"
355153;2021-05-02;"domingo";"11:30:00";"PE";104;60,1;"CARUARU";"Acessar a via sem observar a presença dos outros veículos";"Colisão transversal";"Sem Vítimas";"Pleno dia";"Decrescente";"Nublado";"Dupla";"Retorno Regulamentado";"Sim";2;0;0;0;2;0;0;2;-8,2438;-35,9752;"SPRF-PE";"DEL02-PE";"UOP01-DEL02-PE"
355155;2021-04-28;"quarta-feira";"21:00:00";"GO";158;91;"PIRANHAS";"Reação tardia ou ineficiente do condutor";"Saída de leito carroçável";"Com Vítimas Fatais";"Plena Noite";"Crescente";"Céu Claro";"Simples";"Curva;Aclive";"Não";1;1;0;0;0;0;0;1;-16,44416102;-51,79356453;"SPRF-GO";"DEL04-GO";"UOP01-DEL04-GO"
355156;2021-05-02;"domingo";"11:15:00";"RS";116;233;"ESTANCIA VELHA";"Condutor deixou de manter distância do veículo da frente";"Colisão lateral mesmo sentido";"Com Vítimas Feridas";"Pleno dia";"Decrescente";"Céu Claro";"Simples";"Reta;Aclive";"Sim";3;0;1;0;2;0;1;2;-29,64206007;-51,14268362;"SPRF-RS";"DEL01-RS";"UOP02-DEL01-RS"
355157;2021-03-03;"quarta-feira";"12:25:00";"ES";101;279,7;"SERRA";"Desrespeitar a preferência no cruzamento";"Colisão transversal";"Com Vítimas Feridas";"Pleno dia";"Decrescente";"Céu Claro";"Dupla";"Reta";"Sim";2;0;0;1;1;0;1;2;-20,218122;-40,339325;"SPRF-ES";"DEL02-ES";"UOP01-DEL02-ES"
355158;2021-05-02;"domingo";"12:38:00";"SC";101;182,7;"BIGUACU";"Condutor deixou de manter distância do veículo da frente";"Colisão lateral mesmo sentido";"Com Vítimas Feridas";"Pleno dia";"Decrescente";"Sol";"Múltipla";"Reta;Aclive";"Não";3;0;0;1;1;1;1;3;-27,39798985;-48,6303592;"SPRF-SC";"DEL01-SC";"UOP01-DEL01-SC"
355159;2021-05-02;"domingo";"08:45:00";"MG";381;331;"NOVA ERA";"Velocidade Incompatível";"Saída de leito carroçável";"Com Vítimas Feridas";"Pleno dia";"Crescente";"Chuva";"Dupla";"Curva";"Não";2;0;1;0;1;0;1;1;-19,76245375;-43,04804217;"SPRF-MG";"DEL03-MG";"UOP01-DEL03-MG"
355160;2021-02-24;"quarta-feira";"20:05:00";"MG";365;376;"PATOS DE MINAS";"Animais na Pista";"Atropelamento de Animal";"Com Vítimas Feridas";"Plena Noite";"Decrescente";"Céu Claro";"Dupla";"Reta";"Não";1;0;0;1;0;0;1;1;-18,54013425;-46,18821401;"SPRF-MG";"DEL10-MG";"UOP01-DEL10-MG"
355162;2021-05-02;"domingo";"10:00:00";"GO";60;82,5;"ANAPOLIS";"Pedestre andava na pista";"Atropelamento de Pedestre";"Com Vítimas Fatais";"Pleno dia";"Decrescente";"Céu Claro";"Dupla";"Reta;Declive";"Não";2;1;0;0;0;1;0;2;-16,3136;-48,8366;"SPRF-GO";"DEL02-GO";"UOP01-DEL02-GO"
355167;2021-05-02;"domingo";"13:30:00";"DF";70;19;"BRASILIA";"Objeto estático sobre o leito carroçável";"Queda de ocupante de veículo";"Com Vítimas Feridas";"Pleno dia";"Crescente";"Céu Claro";"Dupla";"Declive";"Não";1;0;1;0;0;0;1;1;-15,788868;-48,220242;"SPRF-DF";"DEL03-DF";"UOP02-DEL03-DF"
355168;2021-05-02;"domingo";"13:15:00";"SP";116;162;"JACAREI";"Manobra de mudança de faixa";"Tombamento";"Com Vítimas Feridas";"Pleno dia";"Decrescente";"Sol";"Múltipla";"Reta";"Não";1;0;1;0;0;0;1;1;-23,28133317;-45,98394689;"SPRF-SP";"DEL02-SP";"UOP01-DEL02-SP"
355170;2021-05-02;"domingo";"13:45:00";"MG";40;813,2;"MATIAS BARBOSA";"Velocidade Incompatível";"Colisão com objeto";"Com Vítimas Feridas";"Pleno dia";"Decrescente";"Céu Claro";"Dupla";"Curva";"Não";1;0;0;1;0;0;1;1;-21,88425389;-43,32016989;"SPRF-MG";"DEL05-MG";"UOP01-DEL05-MG"
355172;2021-04-09;"sexta-feira";"22:00:00";"PB";104;105,2;"SAO SEBASTIAO DE LAGOA DE  ROCA";"Ausência de reação do condutor";"Colisão com objeto";"Com Vítimas Fatais";"Plena Noite";"Crescente";"Céu Claro";"Simples";"Declive;Curva";"Não";5;2;0;3;0;0;3;1;-7,09569811;-35,86106094;"SPRF-PB";"DEL02-PB";"UOP04-DEL02-PB"
355174;2021-05-02;"domingo";"09:45:00";"RJ";40;100;"DUQUE DE CAXIAS";"Reação tardia ou ineficiente do condutor";"Colisão com objeto";"Com Vítimas Feridas";"Pleno dia";"Decrescente";"Céu Claro";"Simples";"Curva";"Sim";1;0;1;0;0;0;1;1;-22,60200675;-43,28312874;"SPRF-RJ";"DEL01-RJ";"UOP01-DEL01-RJ"
355175;2021-05-02;"domingo";"10:15:00";"SC";470;341,2;"CAMPOS NOVOS";"Ingestão de álcool pelo condutor";"Colisão com objeto";"Com Vítimas Feridas";"Pleno dia";"Crescente";"Céu Claro";"Simples";"Reta";"Não";1;0;0;1;0;0;1;1;-27,527861;-51,380497;"SPRF-SC";"DEL07-SC";"UOP06-DEL07-SC"
355182;2021-05-02;"domingo";"13:30:00";"RJ";493;120;"ITAGUAI";"Condutor Dormindo";"Saída de leito carroçável";"Com Vítimas Feridas";"Pleno dia";"Crescente";"Céu Claro";"Dupla";"Reta";"Sim";1;0;1;0;0;0;1;1;-22,87431406;-43,81952107;"SPRF-RJ";"DEL03-RJ";"UOP01-DEL03-RJ"
355184;2021-05-02;"domingo";"15:15:00";"SC";470;54,5;"BLUMENAU";"Conversão proibida";"Colisão transversal";"Com Vítimas Feridas";"Pleno dia";"Crescente";"Céu Claro";"Simples";"Retorno Regulamentado";"Sim";2;0;1;0;1;0;1;2;-26,871065;-49,110374;"SPRF-SC";"DEL04-SC";"UOP01-DEL04-SC"
355185;2021-05-02;"domingo";"12:10:00";"MG";262;379;"JUATUBA";"Velocidade Incompatível";"Queda de ocupante de veículo";"Com Vítimas Feridas";"Pleno dia";"Decrescente";"Céu Claro";"Dupla";"Curva";"Sim";2;0;2;0;0;0;2;1;-19,95241506;-44,37342001;"SPRF-MG";"DEL01-MG";"UOP03-DEL01-MG"
355186;2021-05-02;"domingo";"15:10:00";"SP";381;38;"ATIBAIA";"Velocidade Incompatível";"Queda de ocupante de veículo";"Com Vítimas Feridas";"Pleno dia";"Decrescente";"Céu Claro";"Dupla";"Reta";"Sim";2;0;2;0;0;0;2;1;-23,1133221;-46,57174974;"SPRF-SP";"DEL03-SP";"UOP01-DEL03-SP"
355187;2021-05-02;"domingo";"14:35:00";"RS";116;170,9;"CAXIAS DO SUL";"Reação tardia ou ineficiente do condutor";"Colisão lateral sentido oposto";"Com Vítimas Feridas";"Pleno dia";"Decrescente";"Sol";"Simples";"Curva";"Não";3;0;1;0;1;1;1;3;-29,30044589;-51,16453405;"SPRF-RS";"DEL05-RS";"UOP02-DEL05-RS"
355189;2021-05-02;"domingo";"15:35:00";"CE";20;418;"MARACANAU";"Frear bruscamente";"Colisão transversal";"Com Vítimas Feridas";"Pleno dia";"Crescente";"Céu Claro";"Dupla";"Reta";"Sim";4;0;1;0;3;0;1;2;-3,85260542;-38,56121939;"SPRF-CE";"DEL01-CE";"UOP02-DEL01-CE"
355190;2021-05-02;"domingo";"15:00:00";"PE";408;48,8;"NAZARE DA MATA";"Ausência de reação do condutor";"Saída de leito carroçável";"Com Vítimas Feridas";"Pleno dia";"Decrescente";"Céu Claro";"Simples";"Reta";"Não";5;0;5;0;0;0;5;1;-7,71258178;-35,23873456;"SPRF-PE";"DEL01-PE";"UOP02-DEL01-PE"
355191;2021-05-02;"domingo";"14:00:00";"SC";101;418,4;"ARARANGUA";"Carga excessiva e/ou mal acondicionada";"Colisão lateral sentido oposto";"Com Vítimas Feridas";"Pleno dia";"Crescente";"Céu Claro";"Múltipla";"Interseção de Vias";"Sim";2;0;1;0;1;0;1;2;-28,98952299;-49,54559326;"SPRF-SC";"DEL02-SC";"UOP02-DEL02-SC"
355192;2021-05-02;"domingo";"15:15:00";"PE";101;59,4;"RECIFE";"Entrada inopinada do pedestre";"Atropelamento de Pedestre";"Com Vítimas Feridas";"Pleno dia";"Crescente";"Céu Claro";"Dupla";"Reta";"Não";3;0;0;1;2;0;1;2;-7,97698963;-34,92621303;"SPRF-PE";"DEL01-PE";"UOP02-DEL01-PE"
355193;2021-05-02;"domingo";"16:00:00";"RN";304;179,5;"ANGICOS";"Ausência de reação do condutor";"Saída de leito carroçável";"Com Vítimas Feridas";"Pleno dia";"Decrescente";"Chuva";"Simples";"Reta;Ponte";"Não";2;0;1;0;1;0;1;1;-5,68991677;-36,34715709;"SPRF-RN";"DEL01-RN";"UOP03-DEL01-RN"
355194;2021-05-02;"domingo";"16:10:00";"MG";40;617,7;"CONGONHAS";"Acessar a via sem observar a presença dos outros veículos";"Colisão transversal";"Com Vítimas Feridas";"Pleno dia";"Crescente";"Nublado";"Simples";"Reta";"Sim";2;0;1;0;1;0;1;2;-20,55295397;-43,81450989;"SPRF-MG";"DEL05-MG";"UOP02-DEL05-MG"
355195;2021-05-02;"domingo";"16:00:00";"SP";116;143;"SAO JOSE DOS CAMPOS";"Ausência de reação do condutor";"Colisão traseira";"Sem Vítimas";"Pleno dia";"Crescente";"Céu Claro";"Múltipla";"Reta";"Não";2;0;0;0;2;0;0;2;-23,17849879;-45,83787411;"SPRF-SP";"DEL02-SP";"UOP01-DEL02-SP"
355196;2021-05-02;"domingo";"11:30:00";"BA";101;536;"SAO JOSE DA VITORIA";"Velocidade Incompatível";"Capotamento";"Com Vítimas Feridas";"Pleno dia";"Decrescente";"Sol";"Simples";"Curva";"Não";1;0;1;0;0;0;1;1;-15,16120642;-39,41897771;"SPRF-BA";"DEL05-BA";"UOP01-DEL05-BA"
355197;2021-05-02;"domingo";"15:45:00";"SP";116;118;"TAUBATE";"Condutor deixou de manter distância do veículo da frente";"Colisão traseira";"Com Vítimas Feridas";"Pleno dia";"Crescente";"Céu Claro";"Dupla";"Reta";"Sim";2;0;2;0;0;0;2;1;-23,06266296;-45,62665044;"SPRF-SP";"DEL02-SP";"UOP02-DEL02-SP"
355198;2021-05-02;"domingo";"16:35:00";"PE";428;177,6;"PETROLINA";"Transitar na contramão";"Colisão frontal";"Com Vítimas Feridas";"Pleno dia";"Decrescente";"Céu Claro";"Simples";"Interseção de Vias;Reta";"Não";2;0;0;1;1;0;1;2;-9,27622623;-40,43753454;"SPRF-PE";"DEL06-PE";"UOP01-DEL06-PE"
355199;2021-05-02;"domingo";"16:40:00";"RJ";116;237;"PIRAI";"Pedestre cruzava a pista fora da faixa";"Atropelamento de Pedestre";"Com Vítimas Fatais";"Pleno dia";"Decrescente";"Céu Claro";"Dupla";"Reta";"Não";2;1;0;0;1;0;0;2;-22,6648253;-43,8735;"SPRF-RJ";"DEL07-RJ";"UOP01-DEL07-RJ"
355200;2021-05-02;"domingo";"16:15:00";"AL";316;130,3;"MINADOR DO NEGRAO";"Manobra de mudança de faixa";"Colisão transversal";"Com Vítimas Feridas";"Pleno dia";"Decrescente";"Chuva";"Simples";"Reta";"Não";2;0;1;0;0;1;1;2;-9,39136;-36,84556;"SPRF-AL";"DEL03-AL";"UOP01-DEL03-AL"
355201;2021-05-02;"domingo";"16:50:00";"BA";116;812,7;"VITORIA DA CONQUISTA";"Conversão proibida";"Colisão traseira";"Com Vítimas Feridas";"Pleno dia";"Decrescente";"Nublado";"Simples";"Reta";"Não";3;0;2;0;1;0;2;2;-14,801248;-40,77585;"SPRF-BA";"DEL08-BA";"UOP01-DEL08-BA"
355202;2021-05-02;"domingo";"16:55:00";"SC";101;120;"ITAJAI";"Condutor deixou de manter distância do veículo da frente";"Colisão traseira";"Com Vítimas Feridas";"Pleno dia";"Decrescente";"Céu Claro";"Dupla";"Reta";"Não";2;0;1;0;1;0;1;2;-26,912758;-48,711998;"SPRF-SC";"DEL04-SC";"UOP04-DEL04-SC"
355203;2021-05-02;"domingo";"16:00:00";"PR";116;211,8;"RIO NEGRO";"Ingestão de álcool pelo condutor";"Colisão traseira";"Sem Vítimas";"Pleno dia";"Decrescente";"Céu Claro";"Simples";"Reta";"Sim";2;0;0;0;2;0;0;2;-26,07980928;-49,76934983;"SPRF-SC";"DEL06-SC";"UOP01-DEL06-SC"
355204;2021-05-02;"domingo";"17:00:00";"MG";40;473;"SETE LAGOAS";"Velocidade Incompatível";"Saída de leito carroçável";"Com Vítimas Feridas";"Pleno dia";"Decrescente";"Céu Claro";"Múltipla";"Reta";"Não";2;0;2;0;0;0;2;1;-19,496351;-44,27992;"SPRF-MG";"DEL02-MG";"UOP01-DEL02-MG"
355206;2021-05-02;"domingo";"16:30:00";"PB";230;314,3;"SAO MAMEDE";"Ingestão de álcool pelo condutor";"Tombamento";"Com Vítimas Feridas";"Pleno dia";"Decrescente";"Céu Claro";"Simples";"Reta";"Não";1;0;1;0;0;0;1;1;-6,9412;-37,1016;"SPRF-PB";"DEL03-PB";"UOP01-DEL03-PB"
355208;2021-05-02;"domingo";"17:00:00";"RJ";356;39;"ITAPERUNA";"Ultrapassagem Indevida";"Capotamento";"Com Vítimas Fatais";"Anoitecer";"Crescente";"Sol";"Simples";"Reta";"Não";5;2;1;2;0;0;3;2;-21,20769425;-41,84761232;"SPRF-RJ";"DEL08-RJ";"UOP03-DEL08-RJ"
355209;2021-05-02;"domingo";"17:35:00";"PR";376;160,3;"MARINGA";"Velocidade Incompatível";"Saída de leito carroçável";"Com Vítimas Feridas";"Anoitecer";"Crescente";"Céu Claro";"Dupla";"Declive;Curva";"Não";4;0;3;1;0;0;4;1;-23,36838484;-52,06572891;"SPRF-PR";"DEL09-PR";"UOP01-DEL09-PR"
355211;2021-05-02;"domingo";"17:40:00";"PE";232;9,6;"RECIFE";"Pedestre cruzava a pista fora da faixa";"Atropelamento de Pedestre";"Com Vítimas Feridas";"Plena Noite";"Crescente";"Nublado";"Dupla";"Reta";"Sim";2;0;1;0;0;1;1;2;-8,07764447;-34,97863609;"SPRF-PE";"DEL01-PE";"UOP01-DEL01-PE"
355213;2021-05-02;"domingo";"16:05:00";"SC";280;139,8;"RIO NEGRINHO";"Desrespeitar a preferência no cruzamento";"Tombamento";"Com Vítimas Feridas";"Pleno dia";"Crescente";"Sol";"Simples";"Aclive;Curva";"Não";3;0;2;0;1;0;2;2;-26,255676;-49,6254;"SPRF-SC";"DEL06-SC";"UOP03-DEL06-SC"
355215;2021-05-02;"domingo";"14:00:00";"MG";365;562,5;"INDIANOPOLIS";"Demais falhas na via";"Tombamento";"Com Vítimas Feridas";"Pleno dia";"Decrescente";"Sol";"Simples";"Reta";"Não";1;0;0;1;0;0;1;1;-18,922308;-47,787039;"SPRF-MG";"DEL15-MG";"UOP02-DEL15-MG"
355216;2021-05-02;"domingo";"17:35:00";"PR";277;167;"PALMEIRA";"Ausência de reação do condutor";"Capotamento";"Com Vítimas Feridas";"Anoitecer";"Decrescente";"Céu Claro";"Simples";"Reta";"Não";1;0;0;1;0;0;1;1;-25,43722899;-49,97768641;"SPRF-PR";"DEL01-PR";"UOP03-DEL03-PR"
355219;2021-05-02;"domingo";"17:55:00";"PR";116;150,2;"MANDIRITUBA";"Acessar a via sem observar a presença dos outros veículos";"Colisão transversal";"Com Vítimas Feridas";"Anoitecer";"Crescente";"Céu Claro";"Simples";"Declive";"Não";2;0;1;0;1;0;1;2;-25,81557015;-49,33088979;"SPRF-PR";"DEL01-PR";"UOP03-DEL01-PR"
355221;2021-05-02;"domingo";"17:40:00";"GO";60;202,6;"GUAPO";"Mal súbito do condutor";"Saída de leito carroçável";"Com Vítimas Feridas";"Pleno dia";"Decrescente";"Céu Claro";"Dupla";"Reta";"Não";2;0;0;2;0;0;2;1;-16,8874;-49,6243;"SPRF-GO";"DEL01-GO";"UOP02-DEL01-GO"
355224;2021-04-21;"quarta-feira";"07:02:00";"GO";153;505;"APARECIDA DE GOIANIA";"Condutor deixou de manter distância do veículo da frente";"Tombamento";"Com Vítimas Feridas";"Pleno dia";"Decrescente";"Ignorado";"Dupla";"Retorno Regulamentado";"Sim";2;0;1;0;1;0;1;2;-16,77448156;-49,23803508;"SPRF-GO";"DEL01-GO";"UOP01-DEL01-GO"
355225;2021-05-02;"domingo";"19:00:00";"RS";468;71;"CAMPO NOVO";"Velocidade Incompatível";"Colisão frontal";"Com Vítimas Fatais";"Plena Noite";"Crescente";"Céu Claro";"Simples";"Reta";"Não";2;1;0;1;0;0;1;2;-27,70373898;-53,84642892;"SPRF-RS";"DEL08-RS";"UOP02-DEL08-RS"
355227;2021-05-02;"domingo";"18:20:00";"BA";235;343,5;"JUAZEIRO";"Transitar na contramão";"Colisão transversal";"Com Vítimas Feridas";"Plena Noite";"Decrescente";"Céu Claro";"Simples";"Reta";"Não";4;0;1;2;1;0;3;2;-9,45896063;-40,45706492;"SPRF-PE";"DEL06-PE";"UOP01-DEL06-PE"
355228;2021-05-02;"domingo";"18:50:00";"PR";476;142;"CURITIBA";"Trafegar com motocicleta (ou similar) entre as faixas";"Colisão lateral mesmo sentido";"Com Vítimas Feridas";"Plena Noite";"Decrescente";"Céu Claro";"Dupla";"Reta";"Sim";2;0;1;0;1;0;1;2;-25,537161;-49,301632;"SPRF-PR";"DEL01-PR";"UOP03-DEL01-PR"
355229;2021-05-02;"domingo";"18:22:00";"RS";392;351;"SANTA MARIA";"Ingestão de álcool pelo condutor";"Saída de leito carroçável";"Com Vítimas Fatais";"Anoitecer";"Decrescente";"Céu Claro";"Simples";"Reta";"Sim";3;1;0;0;0;2;0;2;-29,7306012;-53,80157232;"SPRF-RS";"DEL09-RS";"UOP01-DEL09-RS"
355230;2021-05-02;"domingo";"19:05:00";"MG";365;414,9;"PATOS DE MINAS";"Ingestão de álcool pelo condutor";"Saída de leito carroçável";"Com Vítimas Feridas";"Plena Noite";"Decrescente";"Céu Claro";"Simples";"Reta";"Não";2;0;1;0;1;0;1;1;-18,67542;-46,54618;"SPRF-MG";"DEL10-MG";"UOP01-DEL10-MG"
355231;2021-05-02;"domingo";"19:20:00";"BA";324;1;"FEIRA DE SANTANA";"Ingestão de álcool pelo condutor";"Colisão traseira";"Com Vítimas Feridas";"Plena Noite";"Decrescente";"Céu Claro";"Dupla";"Reta";"Sim";4;0;1;0;3;0;1;3;-12,27881713;-38,94092441;"SPRF-BA";"DEL02-BA";"UOP01-DEL02-BA"
355232;2021-05-02;"domingo";"17:46:00";"GO";50;269;"CATALAO";"Condutor Dormindo";"Saída de leito carroçável";"Com Vítimas Feridas";"Plena Noite";"Crescente";"Céu Claro";"Dupla";"Reta";"Não";1;0;1;0;0;0;1;1;-18,1013;-47,8817;"SPRF-GO";"DEL06-GO";"UOP01-DEL06-GO"
355233;2021-05-02;"domingo";"18:25:00";"PR";376;188;"MARIALVA";"Velocidade Incompatível";"Colisão lateral mesmo sentido";"Com Vítimas Feridas";"Anoitecer";"Crescente";"Céu Claro";"Dupla";"Reta";"Não";2;0;0;1;1;0;1;2;-23,45619618;-51,84595227;"SPRF-PR";"DEL09-PR";"UOP01-DEL09-PR"
355234;2021-05-02;"domingo";"19:10:00";"CE";222;7;"CAUCAIA";"Transitar no acostamento";"Colisão traseira";"Com Vítimas Feridas";"Plena Noite";"Crescente";"Céu Claro";"Dupla";"Retorno Regulamentado";"Sim";3;0;2;0;0;1;2;2;-3,75128;-38,6337;"SPRF-CE";"DEL01-CE";"UOP01-DEL01-CE"
355235;2021-05-02;"domingo";"19:10:00";"PR";476;140;"CURITIBA";"Reação tardia ou ineficiente do condutor";"Colisão traseira";"Sem Vítimas";"Plena Noite";"Crescente";"Nublado";"Dupla";"Reta";"Sim";2;0;0;0;2;0;0;2;-25,520693;-49,294121;"SPRF-PR";"DEL01-PR";"UOP03-DEL01-PR"
355236;2021-05-02;"domingo";"18:35:00";"SC";101;331,4;"TUBARAO";"Condutor deixou de manter distância do veículo da frente";"Colisão traseira";"Com Vítimas Feridas";"Plena Noite";"Crescente";"Céu Claro";"Dupla";"Reta";"Não";3;0;2;0;1;0;2;2;-28,46325862;-48,99524689;"SPRF-SC";"DEL02-SC";"UOP01-DEL02-SC"
355237;2021-05-02;"domingo";"18:50:00";"SP";116;171;"JACAREI";"Avarias e/ou desgaste excessivo no pneu";"Tombamento";"Com Vítimas Feridas";"Plena Noite";"Decrescente";"Céu Claro";"Dupla";"Reta";"Não";2;0;2;0;0;0;2;1;-23,31217395;-46,06330303;"SPRF-SP";"DEL02-SP";"UOP01-DEL02-SP"
355238;2021-05-02;"domingo";"18:45:00";"SP";116;171;"JACAREI";"Condutor deixou de manter distância do veículo da frente";"Colisão traseira";"Sem Vítimas";"Plena Noite";"Decrescente";"Céu Claro";"Dupla";"Reta";"Não";2;0;0;0;2;0;0;2;-23,31217395;-46,06330303;"SPRF-SP";"DEL02-SP";"UOP01-DEL02-SP"
355240;2021-05-02;"domingo";"18:40:00";"PR";277;94;"CURITIBA";"Acessar a via sem observar a presença dos outros veículos";"Atropelamento de Pedestre";"Com Vítimas Feridas";"Plena Noite";"Crescente";"Céu Claro";"Dupla";"Curva";"Sim";2;0;1;1;0;0;2;2;-25,55282988;-49,27722493;"SPRF-PR";"DEL01-PR";"UOP01-DEL01-PR"
355242;2021-05-02;"domingo";"18:50:00";"SC";101;212,7;"PALHOCA";"Manobra de mudança de faixa";"Colisão lateral mesmo sentido";"Com Vítimas Feridas";"Plena Noite";"Decrescente";"Céu Claro";"Dupla";"Reta";"Sim";2;0;0;1;1;0;1;2;-27,62996929;-48,65903871;"SPRF-SC";"DEL01-SC";"UOP02-DEL01-SC"
355244;2021-05-02;"domingo";"19:30:00";"PE";101;44,6;"IGARASSU";"Velocidade Incompatível";"Colisão traseira";"Sem Vítimas";"Plena Noite";"Decrescente";"Céu Claro";"Múltipla";"Reta";"Sim";2;0;0;0;2;0;0;2;-7,85637001;-34,90842109;"SPRF-PE";"DEL01-PE";"UOP02-DEL01-PE"
355245;2021-05-02;"domingo";"19:10:00";"PE";101;65,5;"RECIFE";"Pedestre andava na pista";"Atropelamento de Pedestre";"Com Vítimas Feridas";"Plena Noite";"Crescente";"Céu Claro";"Dupla";"Reta";"Sim";2;0;0;1;0;1;1;2;-8,029385;-34,943252;"SPRF-PE";"DEL01-PE";"UOP01-DEL01-PE"
355248;2021-05-02;"domingo";"17:15:00";"BA";235;90;"JEREMOABO";"Velocidade Incompatível";"Saída de leito carroçável";"Com Vítimas Feridas";"Anoitecer";"Decrescente";"Céu Claro";"Simples";"Curva";"Não";2;0;1;1;0;0;2;1;-10,09949105;-38,43675304;"SPRF-BA";"DEL07-BA";"UOP01-DEL07-BA"
355253;2021-05-02;"domingo";"19:50:00";"PA";230;122;"MARABA";"Condutor deixou de manter distância do veículo da frente";"Colisão traseira";"Com Vítimas Feridas";"Plena Noite";"Decrescente";"Céu Claro";"Simples";"Reta";"Não";2;0;1;0;1;0;1;2;-5,36137537;-49,12376139;"SPRF-PA";"DEL03-PA";"UOP01-DEL03-PA"
355254;2021-05-02;"domingo";"17:20:00";"PR";277;497,2;"GUARANIACU";"Reação tardia ou ineficiente do condutor";"Saída de leito carroçável";"Com Vítimas Feridas";"Anoitecer";"Crescente";"Céu Claro";"Simples";"Reta";"Não";1;0;1;0;0;0;1;1;-25,18600354;-52,66295324;"SPRF-PR";"DEL04-PR";"UOP01-DEL04-PR"
355259;2021-05-02;"domingo";"20:35:00";"PR";376;657,6;"TIJUCAS DO SUL";"Demais falhas mecânicas ou elétricas";"Incêndio";"Sem Vítimas";"Plena Noite";"Decrescente";"Nublado";"Dupla";"Aclive;Curva";"Não";2;0;0;0;2;0;0;1;-25,843793;-49,01423;"SPRF-PR";"DEL01-PR";"UOP04-DEL01-PR"
355260;2021-05-02;"domingo";"21:20:00";"CE";116;2,8;"FORTALEZA";"Pedestre cruzava a pista fora da faixa";"Atropelamento de Pedestre";"Com Vítimas Fatais";"Plena Noite";"Crescente";"Nublado";"Simples";"Reta";"Sim";2;1;0;1;0;0;1;2;-3,777488;-38,51486;"SPRF-CE";"DEL01-CE";"UOP02-DEL01-CE"
355261;2021-05-02;"domingo";"19:10:00";"SP";153;57,4;"SAO JOSE DO RIO PRETO";"Avarias e/ou desgaste excessivo no pneu";"Tombamento";"Com Vítimas Feridas";"Plena Noite";"Decrescente";"Céu Claro";"Simples";"Reta";"Sim";1;0;1;0;0;0;1;1;-20,76991095;-49,34982212;"SPRF-SP";"DEL09-SP";"UOP01-DEL09-SP"
355262;2021-05-02;"domingo";"20:50:00";"RJ";40;105;"DUQUE DE CAXIAS";"Ingestão de álcool pelo condutor";"Colisão transversal";"Com Vítimas Feridas";"Plena Noite";"Crescente";"Céu Claro";"Simples";"Reta";"Sim";5;0;3;0;1;1;3;2;-22,63784806;-43,28428824;"SPRF-RJ";"DEL01-RJ";"UOP01-DEL01-RJ"
355263;2021-05-02;"domingo";"20:20:00";"BA";324;623;"SALVADOR";"Condutor Dormindo";"Colisão com objeto";"Com Vítimas Feridas";"Plena Noite";"Decrescente";"Nublado";"Dupla";"Curva";"Sim";1;0;1;0;0;0;1;1;-12,92628699;-38,46838679;"SPRF-BA";"DEL01-BA";"UOP01-DEL01-BA"
355264;2021-05-02;"domingo";"20:30:00";"RS";470;212;"BENTO GONCALVES";"Ausência de reação do condutor";"Saída de leito carroçável";"Com Vítimas Feridas";"Plena Noite";"Decrescente";"Céu Claro";"Dupla";"Curva;Declive";"Sim";1;0;1;0;0;0;1;1;-29,1311721;-51,54412793;"SPRF-RS";"DEL06-RS";"UOP01-DEL06-RS"
355266;2021-05-02;"domingo";"21:11:00";"PR";116;69;"QUATRO BARRAS";"Objeto estático sobre o leito carroçável";"Capotamento";"Sem Vítimas";"Plena Noite";"Crescente";"Céu Claro";"Dupla";"Reta";"Não";1;0;0;0;1;0;0;1;-25,33112288;-49,03156015;"SPRF-PR";"DEL01-PR";"UOP02-DEL01-PR"
355268;2021-05-02;"domingo";"20:00:00";"SC";101;412,4;"ARARANGUA";"Desrespeitar a preferência no cruzamento";"Colisão transversal";"Com Vítimas Feridas";"Plena Noite";"Decrescente";"Céu Claro";"Simples";"Rotatória";"Sim";2;0;1;0;1;0;1;2;-28,95862778;-49,51427981;"SPRF-SC";"DEL02-SC";"UOP02-DEL02-SC"
355269;2021-05-02;"domingo";"20:00:00";"MT";364;307;"JACIARA";"Ingestão de álcool pelo condutor";"Colisão traseira";"Sem Vítimas";"Plena Noite";"Crescente";"Chuva";"Simples";"Reta";"Não";2;0;0;0;2;0;0;2;-15,82088336;-55,21223409;"SPRF-MT";"DEL05-MT";"UOP02-DEL05-MT"