"id";"data_inversa";"dia_semana";"horario";"uf";"br";"km";"municipio";"causa_acidente";"tipo_acidente";"classificacao_acidente";"fase_dia";"sentido_via";"condicao_metereologica";"tipo_pista";"tracado_via";"uso_solo";"pessoas";"mortos";"feridos_leves";"feridos_graves";"ilesos";"ignorados";"feridos";"veiculos";"latitude";"longitude";"regional";"delegacia";"uop"
355270;2021-05-02;"domingo";"21:35:00";"RJ";116;71;"TERESOPOLIS";"Condutor deixou de manter distância do veículo da frente";"Colisão traseira";"Sem Vítimas";"Plena Noite";"Decrescente";"Céu Claro";"Simples";"Reta";"Não";2;0;0;0;2;0;0;2;-22,327388;-42,93858185;"SPRF-RJ";"DEL04-RJ";"UOP01-DEL04-RJ"
355272;2021-05-02;"domingo";"20:30:00";"RS";386;44,6;"SEBERI";"Demais falhas mecânicas ou elétricas";"Saída de leito carroçável";"Com Vítimas Feridas";"Plena Noite";"Crescente";"Céu Claro";"Simples";"Reta";"Não";2;0;0;1;1;0;1;1;-27,439693;-53,417526;"SPRF-RS";"DEL08-RS";"UOP02-DEL08-RS"
355273;2021-05-02;"domingo";"19:30:00";"MG";50;192;"UBERABA";"Reação tardia ou ineficiente do condutor";"Colisão traseira";"Com Vítimas Feridas";"Plena Noite";"Decrescente";"Céu Claro";"Dupla";"Aclive";"Não";6;0;3;0;1;2;3;4;-19,87187797;-47,85892196;"SPRF-MG";"DEL13-MG";"UOP01-DEL13-MG"
355274;2021-05-02;"domingo";"21:47:00";"SC";101;163;"TIJUCAS";"Reação tardia ou ineficiente do condutor";"Colisão traseira";"Com Vítimas Feridas";"Plena Noite";"Decrescente";"Nublado";"Múltipla";"Reta";"Sim";2;0;1;0;1;0;1;2;-27,23461699;-48,63039809;"SPRF-SC";"DEL04-SC";"UOP03-DEL04-SC"
355275;2021-05-02;"domingo";"22:10:00";"SP";381;70;"MAIRIPORA";"Condutor deixou de manter distância do veículo da frente";"Colisão traseira";"Sem Vítimas";"Plena Noite";"Decrescente";"Céu Claro";"Dupla";"Reta";"Não";2;0;0;0;1;1;0;2;-23,34972978;-46,56070474;"SPRF-SP";"DEL03-SP";"UOP01-DEL03-SP"
355276;2021-05-02;"domingo";"20:45:00";"RO";319;57;"PORTO VELHO";"Trafegar com motocicleta (ou similar) entre as faixas";"Queda de ocupante de veículo";"Com Vítimas Feridas";"Plena Noite";"Crescente";"Céu Claro";"Simples";"Ponte";"Sim";1;0;1;0;0;0;1;1;-8,73747344;-63,91944593;"SPRF-RO";"DEL01-RO";"UOP01-DEL01-RO"
355278;2021-05-02;"domingo";"20:30:00";"MG";116;375,5;"MATHIAS LOBATO";"Acessar a via sem observar a presença dos outros veículos";"Colisão transversal";"Com Vítimas Feridas";"Plena Noite";"Crescente";"Nublado";"Simples";"Reta";"Sim";2;0;1;0;0;1;1;2;-18,61761616;-41,94030762;"SPRF-MG";"DEL06-MG";"UOP01-DEL06-MG"
355279;2021-05-02;"domingo";"22:45:00";"RS";153;678,2;"ACEGUA";"Animais na Pista";"Atropelamento de Animal";"Com Vítimas Feridas";"Plena Noite";"Decrescente";"Céu Claro";"Simples";"Reta";"Não";4;0;4;0;0;0;4;1;-31,73383;-54,15518998;"SPRF-RS";"DEL11-RS";"UOP03-DEL11-RS"
355280;2021-05-02;"domingo";"20:20:00";"RN";226;339;"PATU";"Transitar na contramão";"Colisão frontal";"Com Vítimas Feridas";"Plena Noite";"Crescente";"Nublado";"Simples";"Reta";"Sim";3;0;0;1;2;0;1;2;-6,09890293;-37,64481815;"SPRF-RN";"DEL04-RN";"UOP01-DEL04-RN"
355281;2021-05-02;"domingo";"18:30:00";"PI";230;161;"SAO JOAO DA VARJOTA";"Deficiência do Sistema de Iluminação/Sinalização";"Colisão traseira";"Com Vítimas Feridas";"Plena Noite";"Crescente";"Céu Claro";"Simples";"Reta";"Não";3;0;0;2;1;0;2;2;-6,92834754;-41,82348401;"SPRF-PI";"DEL04-PI";"UOP01-DEL04-PI"
355282;2021-05-02;"domingo";"19:40:00";"RO";364;197,8;"PIMENTA BUENO";"Ingestão de álcool ou de substâncias psicoativas pelo pedestre";"Atropelamento de Pedestre";"Com Vítimas Feridas";"Plena Noite";"Crescente";"Nublado";"Simples";"Reta;Aclive";"Sim";3;0;1;0;0;2;1;2;-11,67880278;-61,1878925;"SPRF-RO";"DEL02-RO";"UOP02-DEL02-RO"
355284;2021-05-02;"domingo";"21:30:00";"PR";163;324;"GUAIRA";"Reação tardia ou ineficiente do condutor";"Colisão com objeto";"Sem Vítimas";"Plena Noite";"Decrescente";"Céu Claro";"Simples";"Reta";"Não";1;0;0;0;1;0;0;1;-24,30956598;-54,1588218;"SPRF-PR";"DEL06-PR";"UOP01-DEL06-PR"
355285;2021-05-02;"domingo";"21:10:00";"PR";277;127,2;"BALSA NOVA";"Entrada inopinada do pedestre";"Atropelamento de Pedestre";"Com Vítimas Fatais";"Plena Noite";"Crescente";"Céu Claro";"Simples";"Reta;Aclive";"Não";2;1;0;0;1;0;0;2;-25,449489;-49,615132;"SPRF-PR";"DEL01-PR";"UOP03-DEL03-PR"
355286;2021-05-02;"domingo";"23:20:00";"SC";101;110;"PENHA";"Velocidade Incompatível";"Capotamento";"Com Vítimas Feridas";"Plena Noite";"Decrescente";"Garoa/Chuvisco";"Dupla";"Curva";"Não";2;0;2;0;0;0;2;1;-26,83477;-48,706151;"SPRF-SC";"DEL03-SC";"UOP02-DEL03-SC"
355287;2021-05-02;"domingo";"23:25:00";"RS";386;345,9;"LAJEADO";"Falta de elemento de contenção que evite a saída do leito carroçável";"Saída de leito carroçável";"Com Vítimas Feridas";"Plena Noite";"Crescente";"Céu Claro";"Dupla";"Reta";"Sim";2;0;0;1;1;0;1;1;-29,44617515;-51,97631836;"SPRF-RS";"DEL04-RS";"UOP01-DEL04-RS"
355288;2021-05-02;"domingo";"22:50:00";"RJ";40;82;"PETROPOLIS";"Animais na Pista";"Queda de ocupante de veículo";"Com Vítimas Feridas";"Plena Noite";"Decrescente";"Céu Claro";"Simples";"Curva";"Não";1;0;1;0;0;0;1;1;-22,51183137;-43,23076171;"SPRF-RJ";"DEL06-RJ";"UOP01-DEL06-RJ"
355289;2021-05-02;"domingo";"21:50:00";"RJ";393;282;"VOLTA REDONDA";"Reação tardia ou ineficiente do condutor";"Colisão transversal";"Com Vítimas Feridas";"Plena Noite";"Decrescente";"Céu Claro";"Simples";"Reta";"Sim";1;0;1;0;0;0;1;1;-22,48082784;-44,04047201;"SPRF-RJ";"DEL05-RJ";"UOP04-DEL05-RJ"
355290;2021-05-02;"domingo";"23:20:00";"PR";116;98;"SAO JOSE DOS PINHAIS";"Reação tardia ou ineficiente do condutor";"Capotamento";"Com Vítimas Feridas";"Plena Noite";"Decrescente";"Nevoeiro/Neblina";"Dupla";"Reta";"Não";2;0;1;0;1;0;1;1;-25,51973222;-49,13431573;"SPRF-PR";"DEL01-PR";"UOP01-DEL01-PR"
355291;2021-05-02;"domingo";"21:00:00";"SP";116;146;"SAO JOSE DOS CAMPOS";"Manobra de mudança de faixa";"Colisão lateral mesmo sentido";"Sem Vítimas";"Plena Noite";"Decrescente";"Céu Claro";"Dupla";"Reta";"Sim";2;0;0;0;1;1;0;2;-23,19122919;-45,86327591;"SPRF-SP";"DEL02-SP";"UOP01-DEL02-SP"
355293;2021-05-02;"domingo";"23:20:00";"GO";40;12,3;"LUZIANIA";"Ingestão de álcool pelo condutor";"Saída de leito carroçável";"Com Vítimas Feridas";"Plena Noite";"Crescente";"Céu Claro";"Dupla";"Reta";"Sim";2;0;0;2;0;0;2;1;-16,145123;-47,945382;"SPRF-DF";"DEL01-DF";"UOP01-DEL01-DF"
355294;2021-05-02;"domingo";"19:00:00";"RO";364;966;"PORTO VELHO";"Ausência de reação do condutor";"Saída de leito carroçável";"Com Vítimas Fatais";"Anoitecer";"Crescente";"Céu Claro";"Simples";"Reta";"Não";7;2;1;4;0;0;5;1;-9,64885488;-65,68900198;"SPRF-RO";"DEL01-RO";"UOP03-DEL01-RO"
355300;2021-05-03;"segunda-feira";"00:10:00";"PR";277;626,3;"CEU AZUL";"Condutor Dormindo";"Saída de leito carroçável";"Com Vítimas Feridas";"Plena Noite";"Crescente";"Céu Claro";"Simples";"Curva";"Não";1;0;1;0;0;0;1;1;-25,10711186;-53,75918799;"SPRF-PR";"DEL05-PR";"UOP02-DEL05-PR"
355301;2021-05-03;"segunda-feira";"01:23:00";"SC";101;208,9;"SAO JOSE";"Ultrapassagem Indevida";"Colisão lateral mesmo sentido";"Com Vítimas Feridas";"Plena Noite";"Decrescente";"Céu Claro";"Múltipla";"Reta";"Sim";3;0;1;0;2;0;1;2;-27,60937436;-48,63783181;"SPRF-SC";"DEL01-SC";"UOP01-DEL01-SC"
355302;2021-05-03;"segunda-feira";"01:30:00";"PR";476;266,9;"SAO MATEUS DO SUL";"Ingestão de álcool pelo condutor";"Saída de leito carroçável";"Com Vítimas Feridas";"Plena Noite";"Decrescente";"Céu Claro";"Simples";"Curva";"Não";1;0;1;0;0;0;1;1;-25,892092;-50,301876;"SPRF-PR";"DEL02-PR";"UOP04-DEL02-PR"
355303;2021-05-03;"segunda-feira";"03:00:00";"SP";116;151;"SAO JOSE DOS CAMPOS";"Ingestão de álcool pelo condutor";"Capotamento";"Sem Vítimas";"Plena Noite";"Decrescente";"Céu Claro";"Dupla";"Reta";"Não";1;0;0;0;1;0;0;1;-23,21980694;-45,89991605;"SPRF-SP";"DEL02-SP";"UOP01-DEL02-SP"
355307;2021-05-03;"segunda-feira";"00:20:00";"MA";316;421,8;"PERITORO";"Manobra de mudança de faixa";"Colisão frontal";"Com Vítimas Fatais";"Plena Noite";"Decrescente";"Céu Claro";"Simples";"Reta";"Não";2;1;0;0;0;1;0;2;-4,35627;-44,363815;"SPRF-MA";"DEL03-MA";"UOP01-DEL03-MA"
355310;2021-05-03;"segunda-feira";"07:00:00";"MG";40;794,3;"JUIZ DE FORA";"Neblina";"Colisão traseira";"Com Vítimas Feridas";"Amanhecer";"Crescente";"Nevoeiro/Neblina";"Dupla";"Aclive";"Sim";3;0;1;0;2;0;1;3;-21,79449311;-43,41425031;"SPRF-MG";"DEL05-MG";"UOP01-DEL05-MG"
355311;2021-05-03;"segunda-feira";"05:40:00";"MG";40;290;"TRES MARIAS";"Ultrapassagem Indevida";"Colisão transversal";"Com Vítimas Feridas";"Amanhecer";"Crescente";"Céu Claro";"Múltipla";"Reta";"Não";5;0;1;1;2;1;2;3;-18,27944872;-45,14476572;"SPRF-MG";"DEL14-MG";"UOP02-DEL14-MG"
355312;2021-05-03;"segunda-feira";"06:45:00";"RJ";40;109;"DUQUE DE CAXIAS";"Avarias e/ou desgaste excessivo no pneu";"Queda de ocupante de veículo";"Com Vítimas Feridas";"Pleno dia";"Crescente";"Céu Claro";"Múltipla";"Reta";"Sim";2;0;2;0;0;0;2;1;-22,67374628;-43,28638368;"SPRF-RJ";"DEL01-RJ";"UOP01-DEL01-RJ"
355313;2021-05-03;"segunda-feira";"07:40:00";"CE";116;23;"ITAITINGA";"Chuva";"Queda de ocupante de veículo";"Com Vítimas Feridas";"Pleno dia";"Decrescente";"Chuva";"Dupla";"Reta";"Sim";2;0;2;0;0;0;2;1;-3,94905489;-38,51212845;"SPRF-CE";"DEL01-CE";"UOP02-DEL01-CE"
355314;2021-05-03;"segunda-feira";"07:50:00";"GO";153;501;"GOIANIA";"Ausência de reação do condutor";"Queda de ocupante de veículo";"Com Vítimas Feridas";"Pleno dia";"Decrescente";"Céu Claro";"Dupla";"Reta";"Sim";2;0;2;0;0;0;2;1;-16,7189;-49,2382;"SPRF-GO";"DEL01-GO";"UOP01-DEL01-GO"
355315;2021-05-03;"segunda-feira";"07:40:00";"SP";153;57,7;"SAO JOSE DO RIO PRETO";"Retorno proibido";"Colisão lateral mesmo sentido";"Com Vítimas Feridas";"Pleno dia";"Crescente";"Céu Claro";"Dupla";"Desvio Temporário";"Sim";2;0;2;0;0;0;2;2;-20,76991095;-49,34982212;"SPRF-SP";"DEL09-SP";"UOP01-DEL09-SP"
355317;2021-05-03;"segunda-feira";"07:30:00";"PE";232;4,4;"RECIFE";"Acessar a via sem observar a presença dos outros veículos";"Colisão lateral mesmo sentido";"Com Vítimas Feridas";"Pleno dia";"Crescente";"Chuva";"Dupla";"Viaduto;Reta";"Sim";2;0;0;2;0;0;2;2;-8,066012;-34,940777;"SPRF-PE";"DEL01-PE";"UOP01-DEL01-PE"
355318;2021-05-03;"segunda-feira";"07:50:00";"DF";70;17;"BRASILIA";"Trafegar com motocicleta (ou similar) entre as faixas";"Colisão traseira";"Com Vítimas Feridas";"Pleno dia";"Decrescente";"Céu Claro";"Dupla";"Reta";"Não";2;0;1;0;1;0;1;2;-15,794133;-48,202095;"SPRF-DF";"DEL03-DF";"UOP02-DEL03-DF"
355319;2021-05-03;"segunda-feira";"07:20:00";"SC";101;329;"CAPIVARI DE BAIXO";"Acessar a via sem observar a presença dos outros veículos";"Colisão lateral mesmo sentido";"Com Vítimas Feridas";"Pleno dia";"Decrescente";"Céu Claro";"Dupla";"Reta";"Não";2;0;1;0;1;0;1;2;-28,44404822;-48,96611372;"SPRF-SC";"DEL02-SC";"UOP01-DEL02-SC"
355321;2021-05-03;"segunda-feira";"06:29:00";"DF";60;3;"BRASILIA";"Condutor deixou de manter distância do veículo da frente";"Colisão traseira";"Com Vítimas Feridas";"Amanhecer";"Decrescente";"Céu Claro";"Dupla";"Reta";"Sim";2;0;1;0;1;0;1;2;-15,890521;-48,086864;"SPRF-DF";"DEL03-DF";"UOP01-DEL03-DF"
355322;2021-05-03;"segunda-feira";"06:40:00";"DF";60;4;"BRASILIA";"Velocidade Incompatível";"Colisão traseira";"Com Vítimas Feridas";"Pleno dia";"Decrescente";"Céu Claro";"Dupla";"Reta";"Sim";4;0;1;0;3;0;1;2;-15,892721;-48,095741;"SPRF-DF";"DEL03-DF";"UOP01-DEL03-DF"
355323;2021-05-03;"segunda-feira";"08:00:00";"SP";116;144,5;"SAO JOSE DOS CAMPOS";"Manobra de mudança de faixa";"Colisão lateral mesmo sentido";"Com Vítimas Feridas";"Pleno dia";"Crescente";"Céu Claro";"Dupla";"Reta";"Sim";3;0;1;0;2;0;1;2;-23,2334002;-45,8968964;"SPRF-SP";"DEL02-SP";"UOP01-DEL02-SP"
355324;2021-05-03;"segunda-feira";"08:20:00";"GO";153;495;"GOIANIA";"Condutor deixou de manter distância do veículo da frente";"Colisão traseira";"Com Vítimas Feridas";"Pleno dia";"Decrescente";"Sol";"Dupla";"Reta";"Sim";2;0;1;0;1;0;1;2;-16,6681;-49,2263;"SPRF-GO";"DEL01-GO";"UOP01-DEL01-GO"
355326;2021-05-03;"segunda-feira";"06:50:00";"RO";364;294;"PRESIDENTE MEDICI";"Ingestão de álcool pelo condutor";"Tombamento";"Com Vítimas Feridas";"Amanhecer";"Crescente";"Nublado";"Simples";"Reta";"Não";1;0;1;0;0;0;1;1;-11,29701584;-61,89403573;"SPRF-RO";"DEL02-RO";"UOP01-DEL02-RO"
355329;2021-05-03;"segunda-feira";"07:50:00";"PR";277;560,1;"CASCAVEL";"Desrespeitar a preferência no cruzamento";"Colisão transversal";"Com Vítimas Feridas";"Pleno dia";"Decrescente";"Sol";"Simples";"Reta";"Sim";2;0;0;1;1;0;1;2;-25,06651619;-53,21572331;"SPRF-PR";"DEL04-PR";"UOP01-DEL04-PR"
355330;2021-05-03;"segunda-feira";"06:30:00";"MG";381;760,3;"TRES CORACOES";"Demais Fenômenos da natureza";"Saída de leito carroçável";"Com Vítimas Feridas";"Amanhecer";"Decrescente";"Sol";"Dupla";"Reta";"Não";7;0;1;1;5;0;2;2;-21,69694465;-45,36432445;"SPRF-MG";"DEL16-MG";"UOP02-DEL16-MG"
355331;2021-05-03;"segunda-feira";"08:30:00";"RN";101;75,1;"EXTREMOZ";"Ultrapassagem Indevida";"Colisão lateral mesmo sentido";"Com Vítimas Feridas";"Pleno dia";"Decrescente";"Nublado";"Simples";"Rotatória";"Não";6;0;2;3;0;1;5;2;-5,721906;-35,27672;"SPRF-RN";"DEL02-RN";"UOP01-DEL02-RN"
355332;2021-05-03;"segunda-feira";"08:50:00";"PR";116;147;"MANDIRITUBA";"Reação tardia ou ineficiente do condutor";"Queda de ocupante de veículo";"Com Vítimas Feridas";"Pleno dia";"Crescente";"Céu Claro";"Simples";"Reta";"Não";1;0;0;1;0;0;1;1;-25,79053901;-49,32743694;"SPRF-PR";"DEL01-PR";"UOP03-DEL01-PR"
355333;2021-05-03;"segunda-feira";"08:30:00";"MG";40;510;"RIBEIRAO DAS NEVES";"Ausência de reação do condutor";"Colisão traseira";"Com Vítimas Feridas";"Pleno dia";"Crescente";"Nublado";"Dupla";"Reta;Aclive";"Não";2;0;1;0;1;0;1;2;-19,77463885;-44,12321882;"SPRF-MG";"DEL01-MG";"UOP02-DEL01-MG"
355334;2021-05-03;"segunda-feira";"08:49:00";"MG";381;891;"CAMBUI";"Velocidade Incompatível";"Colisão com objeto";"Com Vítimas Feridas";"Pleno dia";"Decrescente";"Sol";"Dupla";"Reta";"Sim";4;0;3;1;0;0;4;1;-22,59361712;-46,05563886;"SPRF-MG";"DEL16-MG";"UOP03-DEL16-MG"
355335;2021-04-21;"quarta-feira";"19:15:00";"CE";116;3;"FORTALEZA";"Acessar a via sem observar a presença dos outros veículos";"Colisão lateral mesmo sentido";"Com Vítimas Feridas";"Plena Noite";"Crescente";"Céu Claro";"Múltipla";"Reta";"Sim";2;0;1;1;0;0;2;2;-3,77866493;-38,51490171;"SPRF-CE";"DEL01-CE";"UOP02-DEL01-CE"
355336;2021-05-03;"segunda-feira";"08:22:00";"SP";116;393;"MIRACATU";"Demais falhas mecânicas ou elétricas";"Saída de leito carroçável";"Sem Vítimas";"Pleno dia";"Crescente";"Céu Claro";"Dupla";"Reta";"Não";1;0;0;0;1;0;0;1;-24,28558932;-47,44194093;"SPRF-SP";"DEL04-SP";"UOP02-DEL04-SP"
355338;2021-03-03;"quarta-feira";"20:48:00";"SP";381;90;"SAO PAULO";"Velocidade Incompatível";"Colisão traseira";"Sem Vítimas";"Plena Noite";"Crescente";"Céu Claro";"Dupla";"Reta";"Não";2;0;0;0;1;1;0;2;-23,49479479;-46,55959864;"SPRF-SP";"DEL03-SP";"UOP01-DEL03-SP"
355339;2021-05-03;"segunda-feira";"09:15:00";"GO";153;497;"GOIANIA";"Trafegar com motocicleta (ou similar) entre as faixas";"Colisão traseira";"Com Vítimas Feridas";"Pleno dia";"Decrescente";"Céu Claro";"Dupla";"Reta";"Sim";3;0;0;1;2;0;1;3;-16,6854;-49,2338;"SPRF-GO";"DEL01-GO";"UOP01-DEL01-GO"
355340;2021-05-03;"segunda-feira";"09:15:00";"PR";116;116,5;"CURITIBA";"Ausência de reação do condutor";"Colisão traseira";"Com Vítimas Feridas";"Pleno dia";"Decrescente";"Céu Claro";"Dupla";"Aclive";"Sim";3;0;1;0;2;0;1;2;-25,55468195;-49,27402397;"SPRF-PR";"DEL01-PR";"UOP01-DEL01-PR"
355342;2021-05-03;"segunda-feira";"08:30:00";"RS";285;307,8;"PASSO FUNDO";"Reação tardia ou ineficiente do condutor";"Saída de leito carroçável";"Com Vítimas Feridas";"Pleno dia";"Crescente";"Céu Claro";"Simples";"Reta";"Não";1;0;1;0;0;0;1;1;-28,24542065;-52,57164001;"SPRF-RS";"DEL08-RS";"UOP03-DEL08-RS"
355343;2021-05-03;"segunda-feira";"08:40:00";"GO";60;18,6;"ALEXANIA";"Avarias e/ou desgaste excessivo no pneu";"Saída de leito carroçável";"Com Vítimas Feridas";"Pleno dia";"Crescente";"Céu Claro";"Dupla";"Curva";"Não";2;0;2;0;0;0;2;1;-16,0963;-48,5202;"SPRF-DF";"DEL03-DF";"UOP01-DEL03-DF"
355345;2021-04-14;"quarta-feira";"07:45:00";"BA";101;421;"IBIRAPITANGA";"Velocidade Incompatível";"Saída de leito carroçável";"Sem Vítimas";"Pleno dia";"Crescente";"Céu Claro";"Simples";"Curva";"Não";2;0;0;0;2;0;0;1;-14,13589;-39,358343;"SPRF-BA";"DEL05-BA";"UOP03-DEL05-BA"
355347;2021-05-03;"segunda-feira";"10:20:00";"CE";116;18,9;"ITAITINGA";"Manobra de mudança de faixa";"Colisão lateral mesmo sentido";"Sem Vítimas";"Pleno dia";"Decrescente";"Garoa/Chuvisco";"Dupla";"Reta";"Sim";2;0;0;0;2;0;0;2;-3,90496605;-38,50518756;"SPRF-CE";"DEL01-CE";"UOP02-DEL01-CE"
355349;2021-04-13;"terça-feira";"18:00:00";"RJ";101;95;"CAMPOS DOS GOYTACAZES";"Velocidade Incompatível";"Capotamento";"Com Vítimas Feridas";"Plena Noite";"Crescente";"Céu Claro";"Simples";"Curva";"Não";2;0;2;0;0;0;2;1;-21,83712121;-41,50806427;"SPRF-RJ";"DEL08-RJ";"UOP02-DEL08-RJ"
355351;2021-05-03;"segunda-feira";"10:25:00";"ES";101;225,5;"IBIRACU";"Velocidade Incompatível";"Colisão transversal";"Com Vítimas Feridas";"Pleno dia";"Decrescente";"Sol";"Simples";"Reta";"Não";5;0;4;0;1;0;4;4;-19,89290688;-40,41230369;"SPRF-ES";"DEL02-ES";"UOP01-DEL02-ES"
355352;2021-05-03;"segunda-feira";"10:40:00";"PB";230;290;"SANTA LUZIA";"Condutor Dormindo";"Colisão frontal";"Com Vítimas Feridas";"Pleno dia";"Crescente";"Céu Claro";"Simples";"Reta";"Sim";4;0;3;0;1;0;3;2;-6,8742;-36,9085;"SPRF-PB";"DEL03-PB";"UOP01-DEL03-PB"
355354;2021-05-03;"segunda-feira";"10:00:00";"MG";50;70,5;"UBERLANDIA";"Condutor deixou de manter distância do veículo da frente";"Colisão traseira";"Sem Vítimas";"Pleno dia";"Decrescente";"Céu Claro";"Dupla";"Aclive;Reta";"Sim";2;0;0;0;2;0;0;2;-18,89079221;-48,25583696;"SPRF-MG";"DEL15-MG";"UOP01-DEL15-MG"
355355;2021-05-03;"segunda-feira";"10:05:00";"GO";153;673;"PANAMA";"Reação tardia ou ineficiente do condutor";"Saída de leito carroçável";"Com Vítimas Feridas";"Pleno dia";"Crescente";"Céu Claro";"Dupla";"Aclive";"Não";4;0;2;0;2;0;2;1;-18,168;-49,2891;"SPRF-GO";"DEL03-GO";"UOP02-DEL03-GO"
355356;2021-05-03;"segunda-feira";"10:45:00";"RS";290;27,6;"SANTO ANTONIO DA PATRULHA";"Reação tardia ou ineficiente do condutor";"Saída de leito carroçável";"Com Vítimas Feridas";"Pleno dia";"Crescente";"Céu Claro";"Dupla";"Reta";"Não";4;0;3;1;0;0;4;1;-29,882362;-50,531228;"SPRF-RS";"DEL03-RS";"UOP01-DEL03-RS"
355357;2021-05-03;"segunda-feira";"10:50:00";"PR";376;588;"CURITIBA";"Velocidade Incompatível";"Capotamento";"Com Vítimas Feridas";"Pleno dia";"Decrescente";"Céu Claro";"Dupla";"Viaduto;Reta";"Não";1;0;1;0;0;0;1;1;-25,43381713;-49,36546121;"SPRF-PR";"DEL01-PR";"UOP01-DEL01-PR"
355358;2021-04-09;"sexta-feira";"21:00:00";"GO";60;31;"ALEXANIA";"Acessar a via sem observar a presença dos outros veículos";"Colisão transversal";"Com Vítimas Feridas";"Plena Noite";"Crescente";"Céu Claro";"Dupla";"Reta";"Sim";2;0;1;0;1;0;1;2;-16,0963;-48,5202;"SPRF-DF";"DEL03-DF";"UOP01-DEL03-DF"
355360;2021-01-16;"sábado";"18:45:00";"MA";135;3,6;"SAO LUIS";"Ausência de reação do condutor";"Queda de ocupante de veículo";"Com Vítimas Fatais";"Plena Noite";"Crescente";"Céu Claro";"Dupla";"Aclive";"Sim";2;1;0;0;0;1;0;1;-2,61280229;-44,25032887;"SPRF-MA";"DEL01-MA";"UOP01-DEL01-MA"
355361;2021-04-25;"domingo";"12:20:00";"GO";40;22;"LUZIANIA";"Velocidade Incompatível";"Colisão traseira";"Com Vítimas Feridas";"Pleno dia";"Crescente";"Céu Claro";"Dupla";"Reta";"Sim";3;0;0;2;1;0;2;2;-16,227484;-47,914109;"SPRF-DF";"DEL01-DF";"UOP01-DEL01-DF"
355363;2021-05-03;"segunda-feira";"11:50:00";"SC";101;149;"ITAPEMA";"Velocidade Incompatível";"Tombamento";"Com Vítimas Feridas";"Pleno dia";"Decrescente";"Céu Claro";"Múltipla";"Reta";"Não";2;0;1;0;1;0;1;2;-27,1089649;-48,61277586;"SPRF-SC";"DEL04-SC";"UOP03-DEL04-SC"
355367;2021-05-03;"segunda-feira";"12:40:00";"DF";40;0,5;"BRASILIA";"Acessar a via sem observar a presença dos outros veículos";"Colisão lateral mesmo sentido";"Sem Vítimas";"Pleno dia";"Crescente";"Céu Claro";"Dupla";"Reta";"Sim";2;0;0;0;2;0;0;2;-15,976897;-47,990129;"SPRF-DF";"DEL01-DF";"UOP01-DEL01-DF"
355372;2021-05-03;"segunda-feira";"12:20:00";"ES";101;158;"LINHARES";"Acessar a via sem observar a presença dos outros veículos";"Colisão lateral mesmo sentido";"Com Vítimas Feridas";"Pleno dia";"Decrescente";"Céu Claro";"Simples";"Reta";"Não";3;0;2;0;1;0;2;2;-19,46094508;-40,10491389;"SPRF-ES";"DEL04-ES";"UOP01-DEL04-ES"
355374;2021-02-19;"sexta-feira";"07:20:00";"SP";116;222;"GUARULHOS";"Condutor deixou de manter distância do veículo da frente";"Colisão traseira";"Com Vítimas Feridas";"Pleno dia";"Decrescente";"Céu Claro";"Múltipla";"Reta";"Sim";2;0;0;1;1;0;1;2;-23,47506572;-46,52395606;"SPRF-SP";"DEL01-SP";"UOP01-DEL01-SP"
355376;2021-05-03;"segunda-feira";"12:20:00";"BA";116;418;"FEIRA DE SANTANA";"Afundamento ou ondulação no pavimento";"Queda de ocupante de veículo";"Com Vítimas Feridas";"Pleno dia";"Decrescente";"Céu Claro";"Dupla";"Reta";"Sim";1;0;1;0;0;0;1;1;-12,185808;-38,965225;"SPRF-BA";"DEL02-BA";"UOP01-DEL02-BA"
355379;2021-05-03;"segunda-feira";"13:10:00";"PR";467;109;"CASCAVEL";"Desrespeitar a preferência no cruzamento";"Colisão transversal";"Com Vítimas Feridas";"Pleno dia";"Crescente";"Céu Claro";"Dupla";"Retorno Regulamentado";"Não";2;0;1;0;1;0;1;2;-24,9261;-53,4589;"SPRF-PR";"DEL04-PR";"UOP01-DEL04-PR"
355381;2021-05-03;"segunda-feira";"13:40:00";"RS";101;70,3;"OSORIO";"Reação tardia ou ineficiente do condutor";"Saída de leito carroçável";"Com Vítimas Feridas";"Pleno dia";"Crescente";"Céu Claro";"Dupla";"Reta";"Não";3;0;2;0;1;0;2;1;-29,748863;-50,212245;"SPRF-RS";"DEL03-RS";"UOP01-DEL03-RS"
355384;2021-05-03;"segunda-feira";"12:15:00";"MT";70;513,9;"VARZEA GRANDE";"Condutor desrespeitou a iluminação vermelha do semáforo";"Colisão transversal";"Com Vítimas Feridas";"Pleno dia";"Crescente";"Sol";"Simples";"Rotatória";"Sim";2;0;1;0;1;0;1;2;-15,70617083;-56,13213485;"SPRF-MT";"DEL01-MT";"UOP02-DEL01-MT"
355385;2021-05-03;"segunda-feira";"12:00:00";"PR";476;105;"COLOMBO";"Velocidade Incompatível";"Saída de leito carroçável";"Sem Vítimas";"Pleno dia";"Decrescente";"Céu Claro";"Simples";"Curva";"Não";1;0;0;0;0;1;0;1;-25,279358;-49,140411;"SPRF-PR";"DEL01-PR";"UOP02-DEL01-PR"