"id";"data_inversa";"dia_semana";"horario";"uf";"br";"km";"municipio";"causa_acidente";"tipo_acidente";"classificacao_acidente";"fase_dia";"sentido_via";"condicao_metereologica";"tipo_pista";"tracado_via";"uso_solo";"pessoas";"mortos";"feridos_leves";"feridos_graves";"ilesos";"ignorados";"feridos";"veiculos";"latitude";"longitude";"regional";"delegacia";"uop"
355386;2021-05-03;"segunda-feira";"10:30:00";"GO";40;143;"CRISTALINA";"Acessar a via sem observar a presença dos outros veículos";"Colisão transversal";"Sem Vítimas";"Pleno dia";"Decrescente";"Céu Claro";"Simples";"Reta;Declive";"Não";2;0;0;0;2;0;0;2;-16,973196;-47,262562;"SPRF-DF";"DEL01-DF";"UOP02-DEL01-DF"
355387;2021-05-03;"segunda-feira";"12:50:00";"AC";364;124;"RIO BRANCO";"Reação tardia ou ineficiente do condutor";"Colisão lateral mesmo sentido";"Com Vítimas Feridas";"Pleno dia";"Crescente";"Céu Claro";"Dupla";"Reta";"Sim";2;0;1;0;1;0;1;2;-10,01152469;-67,79140099;"SPRF-AC";"DEL01-AC";"UOP01-DEL01-AC"
355388;2021-05-03;"segunda-feira";"15:15:00";"AL";104;79,4;"RIO LARGO";"Reação tardia ou ineficiente do condutor";"Saída de leito carroçável";"Com Vítimas Feridas";"Pleno dia";"Decrescente";"Nublado";"Dupla";"Aclive";"Não";1;0;1;0;0;0;1;1;-9,40613;-35,840244;"SPRF-AL";"DEL01-AL";"UOP01-DEL01-AL"
355389;2021-05-03;"segunda-feira";"15:13:00";"CE";116;19,5;"FORTALEZA";"Manobra de mudança de faixa";"Tombamento";"Com Vítimas Feridas";"Pleno dia";"Crescente";"Céu Claro";"Dupla";"Reta";"Sim";1;0;1;0;0;0;1;1;-3,92248478;-38,50740194;"SPRF-CE";"DEL01-CE";"UOP02-DEL01-CE"
355390;2021-05-03;"segunda-feira";"15:25:00";"GO";153;502,5;"GOIANIA";"Objeto estático sobre o leito carroçável";"Colisão com objeto";"Com Vítimas Feridas";"Pleno dia";"Crescente";"Sol";"Dupla";"Reta";"Sim";1;0;1;0;0;0;1;1;-16,7287;-49,2424;"SPRF-GO";"DEL01-GO";"UOP01-DEL01-GO"
355391;2021-05-03;"segunda-feira";"14:00:00";"SP";153;79,5;"BADY BASSITT";"Objeto estático sobre o leito carroçável";"Colisão com objeto";"Sem Vítimas";"Pleno dia";"Decrescente";"Céu Claro";"Simples";"Aclive";"Não";1;0;0;0;1;0;0;1;-20,90672129;-49,4709489;"SPRF-SP";"DEL09-SP";"UOP01-DEL09-SP"
355393;2021-02-17;"quarta-feira";"06:00:00";"SE";101;36,9;"JAPARATUBA";"Ultrapassagem Indevida";"Colisão lateral mesmo sentido";"Com Vítimas Feridas";"Pleno dia";"Crescente";"Céu Claro";"Simples";"Reta";"Não";2;0;0;1;1;0;1;2;-10,49230498;-36,94471029;"SPRF-SE";"DEL02-SE";"UOP02-DEL02-SE"
355403;2021-05-03;"segunda-feira";"17:00:00";"PR";116;138;"MANDIRITUBA";"Condutor deixou de manter distância do veículo da frente";"Colisão traseira";"Com Vítimas Feridas";"Pleno dia";"Crescente";"Céu Claro";"Dupla";"Reta";"Sim";2;0;1;0;1;0;1;2;-25,71081086;-49,31995778;"SPRF-PR";"DEL01-PR";"UOP03-DEL01-PR"
355404;2021-05-03;"segunda-feira";"17:00:00";"SP";101;52;"UBATUBA";"Reação tardia ou ineficiente do condutor";"Colisão traseira";"Com Vítimas Feridas";"Pleno dia";"Decrescente";"Céu Claro";"Simples";"Curva";"Sim";3;0;0;1;1;1;1;3;-23,46590357;-45,06211996;"SPRF-SP";"DEL06-SP";"UOP01-DEL06-SP"
355408;2021-05-03;"segunda-feira";"16:45:00";"PR";476;124;"CURITIBA";"Condutor deixou de manter distância do veículo da frente";"Colisão traseira";"Com Vítimas Feridas";"Pleno dia";"Decrescente";"Nublado";"Múltipla";"Reta";"Sim";2;0;0;1;1;0;1;2;-25,399845;-49,215855;"SPRF-PR";"DEL01-PR";"UOP03-DEL01-PR"
355409;2021-04-06;"terça-feira";"16:35:00";"RS";153;36,2;"TRES ARROIOS";"Acessar a via sem observar a presença dos outros veículos";"Colisão transversal";"Com Vítimas Feridas";"Pleno dia";"Decrescente";"Céu Claro";"Simples";"Reta";"Não";2;0;1;0;1;0;1;2;-27,56098123;-52,20915371;"SPRF-RS";"DEL08-RS";"UOP04-DEL08-RS"
355413;2021-05-03;"segunda-feira";"17:40:00";"SE";101;141,3;"ESTANCIA";"Reação tardia ou ineficiente do condutor";"Tombamento";"Com Vítimas Feridas";"Anoitecer";"Decrescente";"Ignorado";"Dupla";"Reta";"Não";1;0;0;1;0;0;1;1;-11,186983;-37,403761;"SPRF-SE";"DEL02-SE";"UOP01-DEL02-SE"
355414;2021-05-03;"segunda-feira";"18:03:00";"SC";280;125,2;"RIO NEGRINHO";"Conversão proibida";"Colisão transversal";"Com Vítimas Feridas";"Plena Noite";"Decrescente";"Céu Claro";"Simples";"Reta";"Não";2;0;0;1;1;0;1;2;-26,23765103;-49,48465347;"SPRF-SC";"DEL06-SC";"UOP03-DEL06-SC"
355415;2021-05-03;"segunda-feira";"17:40:00";"RS";386;438;"CANOAS";"Manobra de mudança de faixa";"Colisão transversal";"Com Vítimas Feridas";"Anoitecer";"Crescente";"Céu Claro";"Múltipla";"Retorno Regulamentado";"Sim";2;0;1;0;1;0;1;2;-29,863266;-51,252903;"SPRF-RS";"DEL04-RS";"UOP02-DEL04-RS"
355416;2021-05-03;"segunda-feira";"16:20:00";"BA";110;8,7;"PAULO AFONSO";"Trafegar com motocicleta (ou similar) entre as faixas";"Colisão traseira";"Com Vítimas Fatais";"Pleno dia";"Decrescente";"Nublado";"Simples";"Reta";"Não";2;1;0;0;1;0;0;2;-9,52339808;-38,21951951;"SPRF-BA";"DEL07-BA";"UOP01-DEL07-BA"
355419;2021-05-03;"segunda-feira";"18:00:00";"SC";280;109,8;"SAO BENTO DO SUL";"Transitar na contramão";"Colisão frontal";"Com Vítimas Feridas";"Pleno dia";"Crescente";"Céu Claro";"Simples";"Interseção de Vias";"Não";3;0;1;0;2;0;1;2;-26,3100351;-49,38766479;"SPRF-SC";"DEL06-SC";"UOP03-DEL06-SC"
355420;2021-05-03;"segunda-feira";"18:18:00";"RS";392;1,2;"CAPAO DO LEAO";"Animais na Pista";"Tombamento";"Com Vítimas Feridas";"Plena Noite";"Decrescente";"Nublado";"Simples";"Reta";"Sim";1;0;1;0;0;0;1;1;-31,76320221;-52,40661275;"SPRF-RS";"DEL07-RS";"UOP01-DEL07-RS"
355423;2021-01-07;"quinta-feira";"11:40:00";"SE";235;52;"ITABAIANA";"Conversão proibida";"Colisão transversal";"Com Vítimas Feridas";"Pleno dia";"Decrescente";"Céu Claro";"Simples";"Reta";"Sim";2;0;1;0;1;0;1;2;-10,693279;-37,437557;"SPRF-SE";"DEL01-SE";"UOP02-DEL01-SE"
355424;2021-05-03;"segunda-feira";"06:50:00";"SP";116;222;"GUARULHOS";"Trafegar com motocicleta (ou similar) entre as faixas";"Colisão traseira";"Com Vítimas Feridas";"Pleno dia";"Crescente";"Nublado";"Dupla";"Reta";"Sim";3;0;1;0;2;0;1;3;-23,47093408;-46,51631097;"SPRF-SP";"DEL01-SP";"UOP01-DEL01-SP"
355425;2021-05-03;"segunda-feira";"18:10:00";"SP";116;218;"GUARULHOS";"Condutor deixou de manter distância do veículo da frente";"Colisão traseira";"Sem Vítimas";"Plena Noite";"Crescente";"Nublado";"Simples";"Reta";"Não";3;0;0;0;3;0;0;3;-23,457972;-46,479927;"SPRF-SP";"DEL01-SP";"UOP01-DEL01-SP"
355426;2021-05-03;"segunda-feira";"18:30:00";"GO";40;24;"LUZIANIA";"Reação tardia ou ineficiente do condutor";"Colisão transversal";"Com Vítimas Feridas";"Plena Noite";"Crescente";"Céu Claro";"Dupla";"Reta";"Sim";2;0;0;1;1;0;1;2;-16,252738;-47,900437;"SPRF-DF";"DEL01-DF";"UOP01-DEL01-DF"
355427;2021-05-03;"segunda-feira";"18:30:00";"SP";116;220,6;"GUARULHOS";"Manobra de mudança de faixa";"Colisão lateral mesmo sentido";"Com Vítimas Feridas";"Anoitecer";"Decrescente";"Nevoeiro/Neblina";"Múltipla";"Reta";"Sim";2;0;1;0;1;0;1;2;-23,46472809;-46,49793962;"SPRF-SP";"DEL01-SP";"UOP01-DEL01-SP"
355429;2021-05-03;"segunda-feira";"17:50:00";"AL";104;36;"UNIAO DOS PALMARES";"Reação tardia ou ineficiente do condutor";"Colisão traseira";"Com Vítimas Feridas";"Plena Noite";"Decrescente";"Céu Claro";"Simples";"Reta";"Não";2;0;1;0;1;0;1;2;-9,16859247;-36,02287647;"SPRF-AL";"DEL01-AL";"UOP02-DEL01-AL"
355431;2021-05-03;"segunda-feira";"18:25:00";"PI";402;34;"PARNAIBA";"Pedestre andava na pista";"Atropelamento de Pedestre";"Com Vítimas Feridas";"Plena Noite";"Decrescente";"Céu Claro";"Simples";"Reta";"Não";2;0;1;0;0;1;1;2;-2,93239061;-41,74947054;"SPRF-PI";"DEL05-PI";"UOP01-DEL05-PI"
355433;2021-05-03;"segunda-feira";"18:30:00";"MG";40;471;"SETE LAGOAS";"Reação tardia ou ineficiente do condutor";"Colisão traseira";"Sem Vítimas";"Plena Noite";"Decrescente";"Céu Claro";"Dupla";"Interseção de Vias";"Não";2;0;0;0;2;0;0;2;-19,47543632;-44,29066576;"SPRF-MG";"DEL02-MG";"UOP01-DEL02-MG"
355435;2021-05-03;"segunda-feira";"16:35:00";"RS";471;183,9;"RIO PARDO";"Reação tardia ou ineficiente do condutor";"Saída de leito carroçável";"Com Vítimas Feridas";"Pleno dia";"Crescente";"Sol";"Simples";"Reta";"Não";3;0;3;0;0;0;3;1;-30,103298;-52,367062;"SPRF-RS";"DEL02-RS";"UOP03-DEL02-RS"
355437;2021-05-03;"segunda-feira";"18:48:00";"RS";116;144,9;"CAXIAS DO SUL";"Condutor deixou de manter distância do veículo da frente";"Colisão traseira";"Com Vítimas Feridas";"Amanhecer";"Decrescente";"Céu Claro";"Dupla";"Declive";"Sim";2;0;1;0;1;0;1;2;-29,1267449;-51,12768983;"SPRF-RS";"DEL05-RS";"UOP01-DEL05-RS"
355438;2021-05-03;"segunda-feira";"19:10:00";"PR";272;366,6;"CAMPO MOURAO";"Pedestre andava na pista";"Atropelamento de Pedestre";"Com Vítimas Feridas";"Plena Noite";"Decrescente";"Céu Claro";"Dupla";"Reta";"Sim";2;0;0;1;1;0;1;2;-24,0484;-52,396626;"SPRF-PR";"DEL09-PR";"UOP03-DEL09-PR"
355444;2021-05-03;"segunda-feira";"19:20:00";"PR";116;17;"CURITIBA";"Entrada inopinada do pedestre";"Atropelamento de Pedestre";"Com Vítimas Feridas";"Plena Noite";"Crescente";"Céu Claro";"Dupla";"Reta;Em Obras;Aclive;Desvio Temporário";"Sim";2;0;0;1;1;0;1;2;-25,389;-49,1867;"SPRF-PR";"DEL01-PR";"UOP02-DEL01-PR"
355445;2021-05-03;"segunda-feira";"15:17:00";"RJ";40;69;"PETROPOLIS";"Avarias e/ou desgaste excessivo no pneu";"Colisão com objeto";"Sem Vítimas";"Pleno dia";"Decrescente";"Céu Claro";"Dupla";"Curva";"Não";1;0;0;0;1;0;0;1;-22,44351715;-43,19229188;"SPRF-RJ";"DEL06-RJ";"UOP01-DEL06-RJ"
355446;2021-04-24;"sábado";"01:30:00";"RS";285;3;"SAO BORJA";"Ausência de reação do condutor";"Colisão com objeto";"Sem Vítimas";"Plena Noite";"Decrescente";"Céu Claro";"Simples";"Rotatória";"Sim";1;0;0;0;0;1;0;1;-28,64156055;-55,98787308;"SPRF-RS";"DEL12-RS";"UOP01-DEL12-RS"
355447;2021-05-03;"segunda-feira";"19:10:00";"PR";277;726;"FOZ DO IGUACU";"Condutor deixou de manter distância do veículo da frente";"Colisão traseira";"Com Vítimas Feridas";"Plena Noite";"Decrescente";"Céu Claro";"Dupla";"Rotatória";"Sim";3;0;2;0;1;0;2;2;-25,5106015;-54,55481999;"SPRF-PR";"DEL05-PR";"UOP03-DEL05-PR"
355449;2021-05-03;"segunda-feira";"19:10:00";"PR";277;477;"NOVA LARANJEIRAS";"Ingestão de álcool e/ou substâncias psicoativas pelo pedestre";"Atropelamento de Pedestre";"Com Vítimas Feridas";"Plena Noite";"Crescente";"Céu Claro";"Simples";"Curva";"Não";2;0;1;0;1;0;1;2;-25,2994712;-52,55864812;"SPRF-PR";"DEL04-PR";"UOP02-DEL04-PR"
355450;2021-05-03;"segunda-feira";"18:10:00";"RJ";116;133;"MAGE";"Pedestre cruzava a pista fora da faixa";"Queda de ocupante de veículo";"Com Vítimas Feridas";"Plena Noite";"Decrescente";"Nublado";"Dupla";"Reta";"Não";1;0;1;0;0;0;1;1;-22,65418284;-43,14382995;"SPRF-RJ";"DEL04-RJ";"UOP02-DEL04-RJ"
355451;2021-05-03;"segunda-feira";"18:45:00";"RS";116;146,5;"CAXIAS DO SUL";"Condutor deixou de manter distância do veículo da frente";"Colisão traseira";"Sem Vítimas";"Plena Noite";"Crescente";"Céu Claro";"Dupla";"Reta";"Sim";2;0;0;0;2;0;0;2;-29,14228897;-51,13622202;"SPRF-RS";"DEL05-RS";"UOP01-DEL05-RS"
355453;2021-05-03;"segunda-feira";"08:15:00";"SC";153;100;"CONCORDIA";"Acesso irregular";"Colisão transversal";"Com Vítimas Feridas";"Pleno dia";"Crescente";"Céu Claro";"Simples";"Reta";"Sim";2;0;2;0;0;0;2;2;-27,242643;-51,95171;"SPRF-SC";"DEL07-SC";"UOP04-DEL07-SC"
355454;2021-05-03;"segunda-feira";"19:45:00";"GO";60;382;"RIO VERDE";"Pedestre andava na pista";"Atropelamento de Pedestre";"Com Vítimas Feridas";"Plena Noite";"Crescente";"Céu Claro";"Dupla";"Reta";"Sim";2;0;1;0;1;0;1;2;-17,779;-50,8933;"SPRF-GO";"DEL04-GO";"UOP01-DEL04-GO"
355455;2021-05-03;"segunda-feira";"18:50:00";"MT";174;91,7;"CACERES";"Velocidade Incompatível";"Saída de leito carroçável";"Com Vítimas Feridas";"Plena Noite";"Decrescente";"Céu Claro";"Simples";"Reta";"Não";3;0;1;1;1;0;2;1;-15,89916998;-57,81388698;"SPRF-MT";"DEL03-MT";"UOP01-DEL03-MT"
355456;2021-04-02;"sexta-feira";"20:50:00";"BA";101;717;"EUNAPOLIS";"Ausência de reação do condutor";"Queda de ocupante de veículo";"Com Vítimas Feridas";"Plena Noite";"Decrescente";"Nublado";"Múltipla";"Reta";"Sim";1;0;0;1;0;0;1;1;-16,35440332;-39,57962036;"SPRF-BA";"DEL09-BA";"UOP01-DEL09-BA"
355457;2021-05-03;"segunda-feira";"20:50:00";"BA";101;710;"EUNAPOLIS";"Velocidade Incompatível";"Tombamento";"Com Vítimas Feridas";"Plena Noite";"Decrescente";"Nublado";"Simples";"Curva;Aclive";"Não";1;0;1;0;0;0;1;1;-16,32417565;-39,58871841;"SPRF-BA";"DEL09-BA";"UOP01-DEL09-BA"
355459;2021-05-03;"segunda-feira";"17:35:00";"RS";287;248,1;"SANTA MARIA";"Ausência de reação do condutor";"Atropelamento de Pedestre";"Com Vítimas Fatais";"Pleno dia";"Crescente";"Sol";"Simples";"Em Obras;Reta";"Sim";2;1;0;0;1;0;0;2;-29,69657134;-53,84838223;"SPRF-RS";"DEL09-RS";"UOP01-DEL09-RS"
355463;2021-05-03;"segunda-feira";"22:10:00";"PR";376;164;"MARINGA";"Demais falhas mecânicas ou elétricas";"Tombamento";"Com Vítimas Feridas";"Plena Noite";"Decrescente";"Céu Claro";"Dupla";"Reta";"Não";2;0;2;0;0;0;2;1;-23,38591406;-52,02449602;"SPRF-PR";"DEL09-PR";"UOP01-DEL09-PR"
355464;2021-05-03;"segunda-feira";"21:50:00";"SC";101;139;"BALNEARIO CAMBORIU";"Ingestão de álcool pelo condutor";"Colisão com objeto";"Sem Vítimas";"Plena Noite";"Crescente";"Céu Claro";"Múltipla";"Curva";"Não";1;0;0;0;1;0;0;1;-27,02982303;-48,60115006;"SPRF-SC";"DEL04-SC";"UOP03-DEL04-SC"
355465;2021-05-03;"segunda-feira";"17:45:00";"MG";251;428;"GRAO MOGOL";"Demais falhas na via";"Tombamento";"Sem Vítimas";"Anoitecer";"Decrescente";"Céu Claro";"Simples";"Curva";"Não";1;0;0;0;1;0;0;1;-16,34305409;-43,14477493;"SPRF-MG";"DEL12-MG";"UOP01-DEL12-MG"
355467;2021-05-03;"segunda-feira";"20:15:00";"MT";163;833;"SINOP";"Pedestre cruzava a pista fora da faixa";"Atropelamento de Pedestre";"Com Vítimas Feridas";"Plena Noite";"Decrescente";"Céu Claro";"Dupla";"Reta";"Sim";2;0;1;0;0;1;1;2;-12,004832;-55,51713;"SPRF-MT";"DEL06-MT";"UOP01-DEL06-MT"
355468;2021-05-03;"segunda-feira";"18:50:00";"RJ";101;398;"ITAGUAI";"Área urbana sem a presença de local apropriado para a travessia de pedestres";"Atropelamento de Pedestre";"Com Vítimas Feridas";"Plena Noite";"Crescente";"Céu Claro";"Dupla";"Reta";"Sim";2;0;0;1;1;0;1;2;-22,86787912;-43,74862922;"SPRF-RJ";"DEL03-RJ";"UOP01-DEL03-RJ"
355469;2021-05-03;"segunda-feira";"18:40:00";"MT";174;277;"PONTES E LACERDA";"Acessar a via sem observar a presença dos outros veículos";"Colisão frontal";"Com Vítimas Feridas";"Plena Noite";"Decrescente";"Céu Claro";"Simples";"Reta";"Não";2;0;0;1;1;0;1;2;-15,31311891;-59,24466094;"SPRF-MT";"DEL04-MT";"UOP01-DEL04-MT"
355471;2021-05-03;"segunda-feira";"20:50:00";"RO";364;696;"PORTO VELHO";"Afundamento ou ondulação no pavimento";"Tombamento";"Com Vítimas Feridas";"Plena Noite";"Crescente";"Céu Claro";"Dupla";"Reta";"Não";1;0;1;0;0;0;1;1;-8,80043079;-63,73984337;"SPRF-RO";"DEL01-RO";"UOP01-DEL01-RO"
355472;2021-05-03;"segunda-feira";"19:00:00";"SC";280;226;"CANOINHAS";"Demais falhas mecânicas ou elétricas";"Saída de leito carroçável";"Com Vítimas Feridas";"Plena Noite";"Crescente";"Céu Claro";"Simples";"Reta";"Não";2;0;1;0;1;0;1;1;-26,18105839;-50,32269294;"SPRF-SC";"DEL06-SC";"UOP04-DEL06-SC"
355473;2021-05-03;"segunda-feira";"16:50:00";"MA";135;8,1;"SAO LUIS";"Demais falhas mecânicas ou elétricas";"Tombamento";"Com Vítimas Feridas";"Pleno dia";"Decrescente";"Céu Claro";"Dupla";"Declive";"Sim";1;0;1;0;0;0;1;1;-2,64342093;-44,27374175;"SPRF-MA";"DEL01-MA";"UOP01-DEL01-MA"
355474;2021-05-03;"segunda-feira";"22:00:00";"SC";101;129,8;"BALNEARIO CAMBORIU";"Velocidade Incompatível";"Saída de leito carroçável";"Com Vítimas Feridas";"Plena Noite";"Crescente";"Céu Claro";"Múltipla";"Reta";"Não";1;0;0;1;0;0;1;1;-26,98064277;-48,6790679;"SPRF-SC";"DEL04-SC";"UOP03-DEL04-SC"
355475;2021-05-04;"terça-feira";"00:00:00";"SP";116;281;"EMBU DAS ARTES";"Ausência de reação do condutor";"Colisão com objeto";"Com Vítimas Feridas";"Pleno dia";"Decrescente";"Nublado";"Dupla";"Declive";"Não";3;0;1;2;0;0;3;1;-23,67784787;-46,85769227;"SPRF-SP";"DEL04-SP";"UOP01-DEL04-SP"
355476;2021-05-03;"segunda-feira";"22:30:00";"MG";116;524,5;"CARATINGA";"Retorno proibido";"Colisão lateral mesmo sentido";"Com Vítimas Feridas";"Plena Noite";"Decrescente";"Nublado";"Simples";"Reta";"Sim";2;0;1;0;1;0;1;2;-19,76027352;-42,13398823;"SPRF-MG";"DEL06-MG";"UOP02-DEL06-MG"
355477;2021-05-03;"segunda-feira";"18:30:00";"RO";435;90,3;"COLORADO DO OESTE";"Condutor deixou de manter distância do veículo da frente";"Colisão lateral mesmo sentido";"Com Vítimas Feridas";"Plena Noite";"Crescente";"Céu Claro";"Simples";"Declive;Reta";"Não";2;0;2;0;0;0;2;2;-13,179459;-60,544975;"SPRF-RO";"DEL04-RO";"UOP02-DEL04-RO"
355478;2021-05-03;"segunda-feira";"20:50:00";"SC";116;251,3;"LAGES";"Velocidade Incompatível";"Colisão com objeto";"Com Vítimas Feridas";"Plena Noite";"Crescente";"Nublado";"Simples";"Curva";"Não";1;0;1;0;0;0;1;1;-27,84598249;-50,37871957;"SPRF-SC";"DEL05-SC";"UOP02-DEL05-SC"
355481;2021-05-04;"terça-feira";"00:00:00";"SP";116;517,9;"CAJATI";"Ingestão de álcool pelo condutor";"Saída de leito carroçável";"Sem Vítimas";"Plena Noite";"Decrescente";"Céu Claro";"Simples";"Curva";"Não";1;0;0;0;1;0;0;1;-24,88049946;-48,22208405;"SPRF-SP";"DEL05-SP";"UOP02-DEL05-SP"
355482;2021-05-03;"segunda-feira";"18:25:00";"RN";406;128;"TAIPU";"Chuva";"Colisão com objeto";"Sem Vítimas";"Anoitecer";"Crescente";"Nublado";"Simples";"Reta";"Não";1;0;0;0;1;0;0;1;-5,61798303;-35,61094912;"SPRF-RN";"DEL02-RN";"UOP01-DEL02-RN"
355485;2021-05-04;"terça-feira";"03:10:00";"PR";376;490,6;"PONTA GROSSA";"Ausência de reação do condutor";"Capotamento";"Sem Vítimas";"Plena Noite";"Decrescente";"Céu Claro";"Dupla";"Aclive;Reta";"Não";1;0;0;0;1;0;0;1;-25,106249;-50,193203;"SPRF-PR";"DEL03-PR";"UOP01-DEL03-PR"
355489;2021-05-04;"terça-feira";"05:50:00";"DF";70;17,7;"BRASILIA";"Condutor deixou de manter distância do veículo da frente";"Colisão lateral mesmo sentido";"Com Vítimas Feridas";"Amanhecer";"Decrescente";"Céu Claro";"Dupla";"Aclive;Reta";"Sim";4;0;2;0;2;0;2;2;-15,794133;-48,202095;"SPRF-DF";"DEL03-DF";"UOP02-DEL03-DF"
355491;2021-05-04;"terça-feira";"05:30:00";"CE";222;6,9;"CAUCAIA";"Objeto estático sobre o leito carroçável";"Tombamento";"Com Vítimas Feridas";"Amanhecer";"Crescente";"Chuva";"Simples";"Reta";"Sim";1;0;0;1;0;0;1;1;-3,736507;-38,65337;"SPRF-CE";"DEL01-CE";"UOP01-DEL01-CE"
355496;2021-05-03;"segunda-feira";"19:30:00";"RO";425;52;"NOVA MAMORE";"Reação tardia ou ineficiente do condutor";"Colisão lateral mesmo sentido";"Sem Vítimas";"Plena Noite";"Crescente";"Céu Claro";"Simples";"Reta";"Não";2;0;0;0;2;0;0;2;-10,01173;-65,314934;"SPRF-RO";"DEL01-RO";"UOP03-DEL01-RO"
355498;2021-05-04;"terça-feira";"06:30:00";"RS";116;257;"ESTEIO";"Acessar a via sem observar a presença dos outros veículos";"Tombamento";"Com Vítimas Feridas";"Pleno dia";"Crescente";"Céu Claro";"Simples";"Rotatória";"Sim";2;0;1;0;1;0;1;2;-29,85262195;-51,17968329;"SPRF-RS";"DEL01-RS";"UOP02-DEL01-RS"
355499;2021-05-04;"terça-feira";"05:50:00";"RJ";101;62;"CAMPOS DOS GOYTACAZES";"Velocidade Incompatível";"Saída de leito carroçável";"Com Vítimas Feridas";"Amanhecer";"Decrescente";"Nevoeiro/Neblina";"Dupla";"Reta";"Sim";4;0;3;0;1;0;3;2;-21,73473386;-41,32504025;"SPRF-RJ";"DEL08-RJ";"UOP01-DEL08-RJ"
355502;2021-05-04;"terça-feira";"05:00:00";"MG";50;114,6;"UBERABA";"Ingestão de álcool pelo condutor";"Saída de leito carroçável";"Com Vítimas Feridas";"Amanhecer";"Crescente";"Céu Claro";"Dupla";"Reta";"Não";1;0;0;1;0;0;1;1;-19,25772707;-48,13205017;"SPRF-MG";"DEL13-MG";"UOP01-DEL13-MG"
355504;2021-05-04;"terça-feira";"07:00:00";"MG";381;330;"NOVA ERA";"Acessar a via sem observar a presença dos outros veículos";"Colisão transversal";"Com Vítimas Feridas";"Pleno dia";"Crescente";"Céu Claro";"Simples";"Interseção de Vias";"Não";2;0;1;0;1;0;1;2;-19,78715144;-43,05117784;"SPRF-MG";"DEL03-MG";"UOP01-DEL03-MG"
355505;2021-05-04;"terça-feira";"07:20:00";"DF";20;12,5;"BRASILIA";"Ausência de reação do condutor";"Colisão traseira";"Com Vítimas Feridas";"Pleno dia";"Crescente";"Céu Claro";"Dupla";"Reta";"Sim";1;0;1;0;0;0;1;1;-15,642812;-47,757786;"SPRF-DF";"DEL02-DF";"UOP01-DEL02-DF"
355509;2021-05-04;"terça-feira";"07:25:00";"PR";277;670,5;"MEDIANEIRA";"Reação tardia ou ineficiente do condutor";"Colisão traseira";"Com Vítimas Feridas";"Pleno dia";"Decrescente";"Céu Claro";"Dupla";"Reta";"Sim";2;0;1;0;1;0;1;2;-25,2803708533;-54,0791110765;"SPRF-PR";"DEL05-PR";"UOP02-DEL05-PR"
355510;2021-05-04;"terça-feira";"06:25:00";"RN";101;95,7;"NATAL";"Condutor deixou de manter distância do veículo da frente";"Colisão traseira";"Com Vítimas Feridas";"Pleno dia";"Decrescente";"Chuva";"Múltipla";"Reta";"Sim";2;0;0;1;1;0;1;2;-5,84076841;-35,21035949;"SPRF-RN";"DEL01-RN";"UOP01-DEL01-RN"
355511;2021-05-04;"terça-feira";"03:20:00";"RJ";101;392;"ITAGUAI";"Animais na Pista";"Atropelamento de Animal";"Com Vítimas Feridas";"Plena Noite";"Decrescente";"Céu Claro";"Dupla";"Reta";"Não";2;0;1;0;1;0;1;1;-22,89265625;-43,6945091;"SPRF-RJ";"DEL03-RJ";"UOP01-DEL03-RJ"
355513;2021-05-04;"terça-feira";"06:55:00";"SP";101;49,1;"UBATUBA";"Ausência de sinalização";"Colisão lateral mesmo sentido";"Com Vítimas Feridas";"Pleno dia";"Decrescente";"Céu Claro";"Simples";"Reta";"Sim";2;0;1;0;0;1;1;2;-23,44517814;-45,08254569;"SPRF-SP";"DEL06-SP";"UOP01-DEL06-SP"
355514;2021-05-04;"terça-feira";"07:45:00";"PR";369;147,6;"LONDRINA";"Condutor deixou de manter distância do veículo da frente";"Colisão traseira";"Com Vítimas Feridas";"Pleno dia";"Crescente";"Céu Claro";"Dupla";"Reta";"Sim";2;0;1;0;1;0;1;2;-23,2930683;-51,1387585;"SPRF-PR";"DEL07-PR";"UOP01-DEL07-PR"
355515;2021-05-04;"terça-feira";"08:00:00";"SP";116;221;"GUARULHOS";"Trafegar com motocicleta (ou similar) entre as faixas";"Colisão com objeto";"Com Vítimas Feridas";"Pleno dia";"Crescente";"Céu Claro";"Múltipla";"Reta";"Sim";3;0;1;0;2;0;1;3;-23,47033219;-46,51572704;"SPRF-SP";"DEL01-SP";"UOP01-DEL01-SP"
355516;2021-05-04;"terça-feira";"08:15:00";"SP";381;49;"ATIBAIA";"Ausência de reação do condutor";"Tombamento";"Com Vítimas Feridas";"Pleno dia";"Decrescente";"Céu Claro";"Dupla";"Reta";"Sim";1;0;0;1;0;0;1;1;-23,20535293;-46,59066516;"SPRF-SP";"DEL03-SP";"UOP01-DEL03-SP"
355519;2021-05-04;"terça-feira";"07:00:00";"DF";60;0,1;"BRASILIA";"Velocidade Incompatível";"Colisão traseira";"Com Vítimas Fatais";"Pleno dia";"Decrescente";"Céu Claro";"Dupla";"Reta";"Sim";2;1;0;0;1;0;0;2;-15,882499;-48,060212;"SPRF-DF";"DEL03-DF";"UOP01-DEL03-DF"