"id";"data_inversa";"dia_semana";"horario";"uf";"br";"km";"municipio";"causa_acidente";"tipo_acidente";"classificacao_acidente";"fase_dia";"sentido_via";"condicao_metereologica";"tipo_pista";"tracado_via";"uso_solo";"pessoas";"mortos";"feridos_leves";"feridos_graves";"ilesos";"ignorados";"feridos";"veiculos";"latitude";"longitude";"regional";"delegacia";"uop"
355520;2021-05-04;"terça-feira";"07:20:00";"MT";174;289;"PONTES E LACERDA";"Reação tardia ou ineficiente do condutor";"Colisão traseira";"Com Vítimas Feridas";"Pleno dia";"Decrescente";"Céu Claro";"Simples";"Reta";"Sim";2;0;1;0;1;0;1;2;-15,22419218;-59,31889821;"SPRF-MT";"DEL04-MT";"UOP01-DEL04-MT"
355522;2021-05-04;"terça-feira";"07:30:00";"CE";20;423;"MARACANAU";"Pista Escorregadia";"Colisão frontal";"Com Vítimas Feridas";"Pleno dia";"Crescente";"Chuva";"Dupla";"Reta";"Sim";3;0;0;2;1;0;2;2;-3,76999035;-38,67006282;"SPRF-CE";"DEL01-CE";"UOP02-DEL01-CE"
355524;2021-05-04;"terça-feira";"08:15:00";"PR";116;117;"CURITIBA";"Reação tardia ou ineficiente do condutor";"Queda de ocupante de veículo";"Com Vítimas Feridas";"Pleno dia";"Decrescente";"Céu Claro";"Dupla";"Curva";"Sim";1;0;1;0;0;0;1;1;-25,55468195;-49,27402397;"SPRF-PR";"DEL01-PR";"UOP01-DEL01-PR"
355525;2021-05-04;"terça-feira";"08:30:00";"RS";290;80;"GRAVATAI";"Demais falhas mecânicas ou elétricas";"Colisão traseira";"Com Vítimas Feridas";"Pleno dia";"Crescente";"Céu Claro";"Dupla";"Reta";"Sim";2;0;1;0;1;0;1;2;-29,95343;-51,058449;"SPRF-RS";"DEL01-RS";"UOP01-DEL01-RS"
355527;2021-05-04;"terça-feira";"08:45:00";"RJ";116;170;"SAO JOAO DE MERITI";"Demais falhas mecânicas ou elétricas";"Tombamento";"Com Vítimas Feridas";"Pleno dia";"Crescente";"Céu Claro";"Múltipla";"Reta";"Sim";2;0;2;0;0;0;2;1;-22,81113183;-43,3336729;"SPRF-RJ";"DEL01-RJ";"UOP02-DEL01-RJ"
355528;2021-05-04;"terça-feira";"08:20:00";"SP";116;31,7;"CRUZEIRO";"Mal súbito do condutor";"Capotamento";"Com Vítimas Feridas";"Pleno dia";"Decrescente";"Sol";"Dupla";"Reta";"Não";1;0;1;0;0;0;1;1;-22,63966194;-44,93868903;"SPRF-SP";"DEL08-SP";"UOP02-DEL08-SP"
355531;2021-05-04;"terça-feira";"08:30:00";"SC";101;212,8;"PALHOCA";"Reação tardia ou ineficiente do condutor";"Tombamento";"Com Vítimas Feridas";"Pleno dia";"Crescente";"Céu Claro";"Múltipla";"Reta";"Sim";2;0;2;0;0;0;2;1;-27,63448409;-48,66337717;"SPRF-SC";"DEL01-SC";"UOP02-DEL01-SC"
355533;2021-05-04;"terça-feira";"07:45:00";"MA";10;248,7;"IMPERATRIZ";"Pedestre cruzava a pista fora da faixa";"Atropelamento de Pedestre";"Com Vítimas Feridas";"Pleno dia";"Decrescente";"Céu Claro";"Simples";"Reta";"Sim";2;0;0;1;1;0;1;2;-5,566143;-47,449028;"SPRF-MA";"DEL04-MA";"UOP01-DEL04-MA"
355534;2021-05-04;"terça-feira";"09:30:00";"MG";365;522;"MONTE CARMELO";"Condutor deixou de manter distância do veículo da frente";"Colisão traseira";"Sem Vítimas";"Pleno dia";"Decrescente";"Céu Claro";"Simples";"Reta";"Sim";2;0;0;0;2;0;0;2;-18,9119351;-47,4243047;"SPRF-MG";"DEL10-MG";"UOP01-DEL10-MG"
355538;2021-05-04;"terça-feira";"07:20:00";"ES";101;67;"SAO MATEUS";"Condutor desrespeitou a iluminação vermelha do semáforo";"Colisão transversal";"Com Vítimas Feridas";"Pleno dia";"Crescente";"Céu Claro";"Múltipla";"Retorno Regulamentado";"Sim";2;0;1;0;1;0;1;2;-18,72054021;-39,8658931;"SPRF-ES";"DEL04-ES";"UOP02-DEL04-ES"
355539;2021-04-04;"domingo";"20:10:00";"MG";40;632;"CONSELHEIRO LAFAIETE";"Ultrapassagem Indevida";"Colisão lateral mesmo sentido";"Com Vítimas Feridas";"Plena Noite";"Decrescente";"Céu Claro";"Simples";"Reta";"Sim";2;0;1;0;1;0;1;2;-20,67348593;-43,7968977;"SPRF-MG";"DEL05-MG";"UOP02-DEL05-MG"
355542;2021-05-04;"terça-feira";"10:30:00";"CE";116;3,5;"FORTALEZA";"Condutor deixou de manter distância do veículo da frente";"Colisão traseira";"Com Vítimas Feridas";"Pleno dia";"Crescente";"Nublado";"Dupla";"Reta";"Sim";2;0;1;0;1;0;1;2;-3,77866493;-38,51490171;"SPRF-CE";"DEL01-CE";"UOP02-DEL01-CE"
355543;2021-05-04;"terça-feira";"10:40:00";"PR";369;202,4;"APUCARANA";"Conversão proibida";"Colisão transversal";"Com Vítimas Feridas";"Pleno dia";"Crescente";"Céu Claro";"Dupla";"Reta";"Sim";2;0;1;1;0;0;2;2;-23,54565274;-51,45298753;"SPRF-PR";"DEL07-PR";"UOP02-DEL07-PR"
355544;2021-05-04;"terça-feira";"10:15:00";"SP";381;42;"ATIBAIA";"Ausência de reação do condutor";"Colisão com objeto";"Com Vítimas Feridas";"Pleno dia";"Crescente";"Céu Claro";"Múltipla";"Reta";"Sim";1;0;1;0;0;0;1;1;-23,147306;-46,57493202;"SPRF-SP";"DEL03-SP";"UOP01-DEL03-SP"
355548;2021-05-04;"terça-feira";"10:50:00";"PR";277;77,8;"SAO JOSE DOS PINHAIS";"Manobra de mudança de faixa";"Queda de ocupante de veículo";"Com Vítimas Feridas";"Pleno dia";"Crescente";"Céu Claro";"Dupla";"Reta";"Não";1;0;1;0;0;0;1;1;-25,51327981;-49,12433291;"SPRF-PR";"DEL01-PR";"UOP01-DEL01-PR"
355549;2021-04-06;"terça-feira";"23:10:00";"PB";412;17;"BOA VISTA";"Sinalização encoberta";"Colisão com objeto";"Com Vítimas Fatais";"Plena Noite";"Crescente";"Céu Claro";"Simples";"Interseção de Vias";"Não";1;1;0;0;0;0;0;1;-7,249509;-36,219105;"SPRF-PB";"DEL02-PB";"UOP02-DEL02-PB"
355550;2021-05-04;"terça-feira";"09:50:00";"RR";174;502;"BOA VISTA";"Acessar a via sem observar a presença dos outros veículos";"Colisão lateral mesmo sentido";"Com Vítimas Feridas";"Pleno dia";"Decrescente";"Nublado";"Dupla";"Reta";"Sim";4;0;3;0;1;0;3;2;2,787376;-60,699524;"SPRF-RR";"DEL01-RR";"UOP01-DEL01-RR"
355553;2021-05-04;"terça-feira";"11:30:00";"CE";304;51,2;"ARACATI";"Acessar a via sem observar a presença dos outros veículos";"Colisão transversal";"Com Vítimas Feridas";"Pleno dia";"Crescente";"Céu Claro";"Dupla";"Interseção de Vias;Curva";"Não";2;0;1;0;0;1;1;2;-4,56855364;-37,7514267;"SPRF-CE";"DEL03-CE";"UOP03-DEL03-CE"
355554;2021-05-04;"terça-feira";"12:00:00";"MG";262;368,5;"JUATUBA";"Velocidade Incompatível";"Colisão com objeto";"Com Vítimas Feridas";"Pleno dia";"Decrescente";"Céu Claro";"Dupla";"Reta";"Sim";1;0;1;0;0;0;1;1;-19,95978588;-44,33844924;"SPRF-MG";"DEL01-MG";"UOP03-DEL01-MG"
355555;2021-05-04;"terça-feira";"11:46:00";"GO";153;434,8;"ANAPOLIS";"Reação tardia ou ineficiente do condutor";"Tombamento";"Com Vítimas Feridas";"Pleno dia";"Decrescente";"Céu Claro";"Dupla";"Reta";"Sim";1;0;1;0;0;0;1;1;-16,28306976;-48,95433266;"SPRF-GO";"DEL02-GO";"UOP01-DEL02-GO"
355556;2021-04-18;"domingo";"11:30:00";"AL";104;34;"UNIAO DOS PALMARES";"Acessar a via sem observar a presença dos outros veículos";"Colisão transversal";"Com Vítimas Feridas";"Pleno dia";"Crescente";"Chuva";"Simples";"Reta";"Não";2;0;0;1;1;0;1;2;-9,15381;-36,01296413;"SPRF-AL";"DEL01-AL";"UOP02-DEL01-AL"
355558;2021-02-21;"domingo";"21:40:00";"TO";153;241,3;"COLINAS DO TOCANTINS";"Ingestão de álcool pelo condutor";"Colisão com objeto";"Com Vítimas Feridas";"Plena Noite";"Crescente";"Céu Claro";"Simples";"Ponte";"Não";1;0;0;1;0;0;1;1;-8,00311201;-48,46495374;"SPRF-TO";"DEL02-TO";"UOP01-DEL02-TO"
355559;2021-05-04;"terça-feira";"10:20:00";"RS";392;19,7;"RIO GRANDE";"Demais falhas mecânicas ou elétricas";"Colisão com objeto";"Sem Vítimas";"Pleno dia";"Decrescente";"Chuva";"Dupla";"Reta";"Não";1;0;0;0;1;0;0;1;-32,0879243;-52,18669807;"SPRF-RS";"DEL07-RS";"UOP02-DEL07-RS"
355561;2021-05-04;"terça-feira";"11:45:00";"RS";116;324;"BARRA DO RIBEIRO";"Reação tardia ou ineficiente do condutor";"Colisão traseira";"Com Vítimas Feridas";"Pleno dia";"Crescente";"Céu Claro";"Dupla";"Interseção de Vias";"Não";7;0;1;0;6;0;1;2;-30,32702593;-51,42171417;"SPRF-RS";"DEL02-RS";"UOP01-DEL02-RS"
355563;2021-02-05;"sexta-feira";"20:55:00";"SP";116;226;"GUARULHOS";"Trafegar com motocicleta (ou similar) entre as faixas";"Colisão lateral mesmo sentido";"Com Vítimas Feridas";"Plena Noite";"Crescente";"Céu Claro";"Múltipla";"Reta";"Sim";1;0;0;1;0;0;1;1;-23,49414574;-46,55400753;"SPRF-SP";"DEL01-SP";"UOP01-DEL01-SP"
355565;2021-05-04;"terça-feira";"12:20:00";"MT";174;22;"PONTES E LACERDA";"Animais na Pista";"Atropelamento de Animal";"Com Vítimas Feridas";"Pleno dia";"Crescente";"Céu Claro";"Simples";"Reta";"Não";1;0;1;0;0;0;1;1;-15,19309101;-59,42367554;"SPRF-MT";"DEL04-MT";"UOP01-DEL04-MT"
355566;2021-05-04;"terça-feira";"12:30:00";"RS";116;450;"SAO LOURENCO DO SUL";"Acumulo de água sobre o pavimento";"Saída de leito carroçável";"Com Vítimas Feridas";"Pleno dia";"Decrescente";"Chuva";"Dupla";"Reta";"Não";5;0;1;2;2;0;3;1;-31,19584196;-52,02180486;"SPRF-RS";"DEL02-RS";"UOP02-DEL02-RS"
355569;2021-05-04;"terça-feira";"12:15:00";"MG";381;776;"CAMPANHA";"Reação tardia ou ineficiente do condutor";"Colisão com objeto";"Com Vítimas Feridas";"Pleno dia";"Crescente";"Céu Claro";"Dupla";"Curva";"Não";3;0;2;0;1;0;2;1;-21,81543894;-45,49238809;"SPRF-MG";"DEL16-MG";"UOP02-DEL16-MG"
355572;2021-05-04;"terça-feira";"13:47:00";"MG";116;124,1;"ITAOBIM";"Condutor Dormindo";"Colisão com objeto";"Sem Vítimas";"Pleno dia";"Decrescente";"Sol";"Dupla";"Declive;Curva";"Não";1;0;0;0;1;0;0;1;-16,63600491;-41,50254588;"SPRF-MG";"DEL11-MG";"UOP02-DEL11-MG"
355573;2021-02-21;"domingo";"20:50:00";"SC";470;68;"INDAIAL";"Condutor deixou de manter distância do veículo da frente";"Colisão traseira";"Sem Vítimas";"Plena Noite";"Decrescente";"Céu Claro";"Simples";"Em Obras;Interseção de Vias";"Não";2;0;0;0;1;1;0;2;-26,877615;-49,239231;"SPRF-SC";"DEL04-SC";"UOP01-DEL04-SC"
355574;2021-05-04;"terça-feira";"14:05:00";"SP";153;69,4;"SAO JOSE DO RIO PRETO";"Demais falhas mecânicas ou elétricas";"Tombamento";"Com Vítimas Feridas";"Pleno dia";"Decrescente";"Céu Claro";"Dupla";"Declive";"Não";2;0;1;1;0;0;2;1;-20,85072923;-49,392352;"SPRF-SP";"DEL09-SP";"UOP01-DEL09-SP"
355577;2021-05-04;"terça-feira";"12:00:00";"BA";116;712,9;"MANOEL VITORINO";"Reação tardia ou ineficiente do condutor";"Saída de leito carroçável";"Com Vítimas Feridas";"Pleno dia";"Decrescente";"Nublado";"Simples";"Reta";"Não";2;0;2;0;0;0;2;1;-14,13266916;-40,23813875;"SPRF-BA";"DEL03-BA";"UOP01-DEL03-BA"
355578;2021-05-04;"terça-feira";"14:00:00";"SP";153;60,1;"SAO JOSE DO RIO PRETO";"Reação tardia ou ineficiente do condutor";"Colisão traseira";"Com Vítimas Feridas";"Pleno dia";"Crescente";"Céu Claro";"Dupla";"Reta";"Sim";2;0;1;0;1;0;1;2;-20,79627979;-49,35480206;"SPRF-SP";"DEL09-SP";"UOP01-DEL09-SP"
355579;2021-05-04;"terça-feira";"14:20:00";"RJ";40;116;"DUQUE DE CAXIAS";"Mal súbito do condutor";"Saída de leito carroçável";"Com Vítimas Feridas";"Pleno dia";"Decrescente";"Céu Claro";"Dupla";"Reta";"Sim";1;0;1;0;0;0;1;1;-22,73662299;-43,28858785;"SPRF-RJ";"DEL01-RJ";"UOP01-DEL01-RJ"
355581;2021-05-04;"terça-feira";"14:35:00";"BA";116;420;"FEIRA DE SANTANA";"Acostamento em desnível";"Queda de ocupante de veículo";"Com Vítimas Feridas";"Pleno dia";"Crescente";"Nublado";"Dupla";"Reta";"Sim";1;0;0;1;0;0;1;1;-12,21133212;-38,96545579;"SPRF-BA";"DEL02-BA";"UOP01-DEL02-BA"
355582;2021-05-04;"terça-feira";"13:40:00";"RS";392;41;"RIO GRANDE";"Velocidade Incompatível";"Capotamento";"Com Vítimas Feridas";"Pleno dia";"Decrescente";"Chuva";"Dupla";"Reta";"Sim";4;0;3;0;1;0;3;1;-31,95483688;-52,30684982;"SPRF-RS";"DEL07-RS";"UOP02-DEL07-RS"
355585;2021-05-04;"terça-feira";"14:45:00";"PR";376;176,1;"MARINGA";"Condutor deixou de manter distância do veículo da frente";"Colisão traseira";"Com Vítimas Feridas";"Pleno dia";"Crescente";"Céu Claro";"Múltipla";"Interseção de Vias";"Sim";2;0;1;0;1;0;1;2;-23,41269173;-51,93158327;"SPRF-PR";"DEL09-PR";"UOP01-DEL09-PR"
355586;2021-05-04;"terça-feira";"14:10:00";"RJ";101;402;"ITAGUAI";"Ausência de reação do condutor";"Colisão traseira";"Com Vítimas Feridas";"Pleno dia";"Decrescente";"Céu Claro";"Dupla";"Reta";"Não";3;0;1;1;1;0;2;2;-22,85924449;-43,79010059;"SPRF-RJ";"DEL03-RJ";"UOP01-DEL03-RJ"
355588;2021-05-04;"terça-feira";"08:20:00";"ES";259;91,1;"BAIXO GUANDU";"Avarias e/ou desgaste excessivo no pneu";"Tombamento";"Com Vítimas Feridas";"Pleno dia";"Crescente";"Céu Claro";"Simples";"Reta";"Não";1;0;1;0;0;0;1;1;-19,50862357;-40,91646598;"SPRF-ES";"DEL02-ES";"UOP01-DEL02-ES"
355590;2021-05-04;"terça-feira";"15:55:00";"BA";116;777,6;"PLANALTO";"Desrespeitar a preferência no cruzamento";"Colisão transversal";"Com Vítimas Feridas";"Pleno dia";"Decrescente";"Sol";"Simples";"Interseção de Vias";"Sim";2;0;0;1;1;0;1;2;-14,67108575;-40,47873974;"SPRF-BA";"DEL08-BA";"UOP02-DEL08-BA"
355592;2021-05-04;"terça-feira";"15:00:00";"AP";210;73;"PORTO GRANDE";"Chuva";"Saída de leito carroçável";"Sem Vítimas";"Pleno dia";"Crescente";"Chuva";"Simples";"Curva";"Não";1;0;0;0;1;0;0;1;0,57009495;-51,16613002;"SPRF-AP";"DEL01-AP";"UOP01-DEL01-AP"
355593;2021-03-21;"domingo";"21:45:00";"SP";116;51;"LORENA";"Velocidade Incompatível";"Colisão com objeto";"Com Vítimas Feridas";"Plena Noite";"Crescente";"Céu Claro";"Dupla";"Reta";"Sim";1;0;0;1;0;0;1;1;-22,74157511;-45,09206392;"SPRF-SP";"DEL08-SP";"UOP02-DEL08-SP"
355594;2021-05-04;"terça-feira";"16:35:00";"RS";116;148,5;"CAXIAS DO SUL";"Transitar no acostamento";"Eventos atípicos";"Com Vítimas Feridas";"Pleno dia";"Decrescente";"Nublado";"Dupla";"Reta";"Sim";3;0;1;0;2;0;1;2;-29,15444539;-51,15101681;"SPRF-RS";"DEL05-RS";"UOP01-DEL05-RS"
355596;2021-04-16;"sexta-feira";"13:00:00";"ES";101;131,2;"LINHARES";"Acesso irregular";"Colisão transversal";"Sem Vítimas";"Pleno dia";"Decrescente";"Céu Claro";"Simples";"Reta";"Não";3;0;0;0;3;0;0;2;-19,22994799;-40,09266892;"SPRF-ES";"DEL04-ES";"UOP01-DEL04-ES"
355597;2021-05-04;"terça-feira";"10:30:00";"MG";50;111,5;"UBERABA";"Velocidade Incompatível";"Saída de leito carroçável";"Com Vítimas Feridas";"Pleno dia";"Decrescente";"Céu Claro";"Dupla";"Reta";"Não";1;0;1;0;0;0;1;1;-19,23226801;-48,14217502;"SPRF-MG";"DEL13-MG";"UOP01-DEL13-MG"
355600;2021-05-04;"terça-feira";"16:15:00";"MT";364;203;"RONDONOPOLIS";"Manobra de mudança de faixa";"Tombamento";"Com Vítimas Feridas";"Pleno dia";"Decrescente";"Céu Claro";"Dupla";"Reta";"Sim";1;0;0;1;0;0;1;1;-16,47555256;-54,65344724;"SPRF-MT";"DEL02-MT";"UOP01-DEL02-MT"
355601;2021-05-04;"terça-feira";"17:25:00";"SC";101;146,5;"ITAPEMA";"Manobra de mudança de faixa";"Colisão lateral mesmo sentido";"Com Vítimas Feridas";"Anoitecer";"Decrescente";"Céu Claro";"Dupla";"Reta";"Sim";2;0;1;1;0;0;2;2;-27,08666525;-48,60955587;"SPRF-SC";"DEL04-SC";"UOP03-DEL04-SC"
355603;2021-05-04;"terça-feira";"17:35:00";"SC";101;209,1;"SAO JOSE";"Manobra de mudança de faixa";"Colisão lateral mesmo sentido";"Sem Vítimas";"Anoitecer";"Decrescente";"Céu Claro";"Dupla";"Reta";"Não";1;0;0;0;1;0;0;1;-27,61000542;-48,63895057;"SPRF-SC";"DEL01-SC";"UOP01-DEL01-SC"
355604;2021-05-04;"terça-feira";"17:20:00";"GO";40;2;"VALPARAISO DE GOIAS";"Condutor deixou de manter distância do veículo da frente";"Colisão lateral mesmo sentido";"Sem Vítimas";"Plena Noite";"Decrescente";"Céu Claro";"Dupla";"Reta";"Sim";2;0;0;0;2;0;0;2;-16,067129;-47,984235;"SPRF-DF";"DEL01-DF";"UOP01-DEL01-DF"
355606;2021-05-04;"terça-feira";"14:40:00";"SC";282;210;"LAGES";"Ausência de reação do condutor";"Saída de leito carroçável";"Com Vítimas Feridas";"Pleno dia";"Crescente";"Céu Claro";"Simples";"Reta";"Não";1;0;1;0;0;0;1;1;-27,778582;-50,231815;"SPRF-SC";"DEL05-SC";"UOP01-DEL05-SC"
355607;2021-05-04;"terça-feira";"17:00:00";"MT";163;742;"SORRISO";"Acostamento em desnível";"Queda de ocupante de veículo";"Com Vítimas Feridas";"Anoitecer";"Crescente";"Nublado";"Simples";"Reta";"Não";1;0;1;0;0;0;1;1;-12,73209396;-55,83052739;"SPRF-MT";"DEL06-MT";"UOP01-DEL06-MT"
355609;2021-05-04;"terça-feira";"17:35:00";"RJ";40;109;"DUQUE DE CAXIAS";"Ultrapassagem Indevida";"Colisão lateral mesmo sentido";"Com Vítimas Feridas";"Amanhecer";"Decrescente";"Céu Claro";"Simples";"Reta";"Sim";4;0;1;0;3;0;1;2;-22,67374628;-43,28638368;"SPRF-RJ";"DEL01-RJ";"UOP01-DEL01-RJ"
355610;2021-05-04;"terça-feira";"17:00:00";"ES";101;314;"VIANA";"Reação tardia ou ineficiente do condutor";"Tombamento";"Com Vítimas Feridas";"Amanhecer";"Crescente";"Nublado";"Dupla";"Reta";"Não";2;0;2;0;0;0;2;1;-20,461157;-40,46533;"SPRF-ES";"DEL01-ES";"UOP01-DEL01-ES"
355612;2021-05-04;"terça-feira";"14:30:00";"PB";230;472,6;"SOUSA";"Acessar a via sem observar a presença dos outros veículos";"Colisão traseira";"Com Vítimas Feridas";"Pleno dia";"Crescente";"Nublado";"Simples";"Reta";"Não";2;0;0;2;0;0;2;2;-6,7994;-38,2987;"SPRF-PB";"DEL03-PB";"UOP03-DEL03-PB"
355613;2021-05-04;"terça-feira";"16:30:00";"GO";153;72;"PORANGATU";"Ausência de reação do condutor";"Colisão traseira";"Com Vítimas Feridas";"Pleno dia";"Decrescente";"Céu Claro";"Simples";"Reta";"Sim";2;0;1;1;0;0;2;2;-13,466893;-49,135838;"SPRF-GO";"DEL07-GO";"UOP01-DEL07-GO"
355614;2021-05-04;"terça-feira";"18:16:00";"PR";369;156;"LONDRINA";"Pedestre cruzava a pista fora da faixa";"Atropelamento de Pedestre";"Com Vítimas Feridas";"Plena Noite";"Decrescente";"Céu Claro";"Dupla";"Reta";"Sim";2;0;1;0;1;0;1;2;-23,293;-51,214;"SPRF-PR";"DEL07-PR";"UOP01-DEL07-PR"
355615;2021-05-04;"terça-feira";"16:00:00";"RJ";116;308,5;"RESENDE";"Reação tardia ou ineficiente do condutor";"Tombamento";"Com Vítimas Feridas";"Pleno dia";"Decrescente";"Sol";"Dupla";"Reta";"Não";1;0;1;0;0;0;1;1;-22,45783299;-44,418685;"SPRF-RJ";"DEL07-RJ";"UOP02-DEL07-RJ"
355616;2021-05-04;"terça-feira";"18:15:00";"ES";101;289;"CARIACICA";"Reação tardia ou ineficiente do condutor";"Colisão traseira";"Com Vítimas Feridas";"Plena Noite";"Crescente";"Céu Claro";"Dupla";"Aclive;Reta";"Sim";3;0;1;0;1;1;1;3;-20,28029304;-40,39302931;"SPRF-ES";"DEL01-ES";"UOP01-DEL01-ES"
355617;2021-05-04;"terça-feira";"17:30:00";"RJ";101;574;"PARATY";"Acessar a via sem observar a presença dos outros veículos";"Colisão transversal";"Com Vítimas Feridas";"Anoitecer";"Decrescente";"Céu Claro";"Simples";"Reta";"Sim";3;0;0;1;1;1;1;3;-23,221786;-44,73426819;"SPRF-RJ";"DEL03-RJ";"UOP04-DEL03-RJ"
355619;2021-05-04;"terça-feira";"14:45:00";"MG";116;505;"INHAPIM";"Acessar a via sem observar a presença dos outros veículos";"Colisão transversal";"Com Vítimas Feridas";"Pleno dia";"Crescente";"Céu Claro";"Simples";"Reta";"Não";2;0;1;0;1;0;1;2;-19,6030931;-42,11376783;"SPRF-MG";"DEL06-MG";"UOP02-DEL06-MG"
355620;2021-05-04;"terça-feira";"18:30:00";"RS";116;248;"SAO LEOPOLDO";"Desrespeitar a preferência no cruzamento";"Colisão transversal";"Com Vítimas Feridas";"Anoitecer";"Crescente";"Chuva";"Simples";"Interseção de Vias";"Sim";2;0;1;0;1;0;1;2;-29,77605895;-51,15508618;"SPRF-RS";"DEL01-RS";"UOP02-DEL01-RS"
355622;2021-05-04;"terça-feira";"18:30:00";"BA";116;345,6;"TEOFILANDIA";"Chuva";"Colisão frontal";"Com Vítimas Feridas";"Plena Noite";"Decrescente";"Chuva";"Simples";"Reta";"Não";2;0;2;0;0;0;2;2;-11,54673796;-38,99080056;"SPRF-BA";"DEL02-BA";"UOP01-DEL02-BA"
355623;2021-05-04;"terça-feira";"17:45:00";"MG";116;526,4;"CARATINGA";"Acessar a via sem observar a presença dos outros veículos";"Colisão transversal";"Com Vítimas Feridas";"Pleno dia";"Decrescente";"Céu Claro";"Simples";"Interseção de Vias";"Sim";3;0;1;0;0;2;1;3;-19,77654011;-42,13327989;"SPRF-MG";"DEL06-MG";"UOP02-DEL06-MG"
355624;2021-05-04;"terça-feira";"19:00:00";"MG";40;496;"ESMERALDAS";"Condutor deixou de manter distância do veículo da frente";"Colisão traseira";"Com Vítimas Feridas";"Plena Noite";"Decrescente";"Céu Claro";"Dupla";"Aclive";"Não";1;0;1;0;0;0;1;1;-19,67088766;-44,19355961;"SPRF-MG";"DEL02-MG";"UOP01-DEL02-MG"
355626;2021-05-04;"terça-feira";"17:00:00";"RS";470;215,4;"BENTO GONCALVES";"Demais falhas mecânicas ou elétricas";"Incêndio";"Sem Vítimas";"Pleno dia";"Crescente";"Nublado";"Simples";"Reta";"Sim";1;0;0;0;1;0;0;1;-29,150635;-51,530241;"SPRF-RS";"DEL06-RS";"UOP01-DEL06-RS"
355627;2021-05-04;"terça-feira";"18:00:00";"RS";470;226,3;"GARIBALDI";"Acessar a via sem observar a presença dos outros veículos";"Colisão transversal";"Com Vítimas Feridas";"Plena Noite";"Decrescente";"Nublado";"Simples";"Interseção de Vias;Aclive;Reta";"Não";3;0;1;0;2;0;1;2;-29,25081111;-51,51373571;"SPRF-RS";"DEL06-RS";"UOP01-DEL06-RS"
355628;2021-05-04;"terça-feira";"16:40:00";"RO";364;518;"ARIQUEMES";"Pista esburacada";"Tombamento";"Com Vítimas Feridas";"Pleno dia";"Decrescente";"Céu Claro";"Dupla";"Reta";"Não";1;0;0;1;0;0;1;1;-9,897787;-63,05624596;"SPRF-RO";"DEL03-RO";"UOP01-DEL03-RO"
355629;2021-05-04;"terça-feira";"17:20:00";"BA";324;522;"FEIRA DE SANTANA";"Condutor deixou de manter distância do veículo da frente";"Colisão traseira";"Com Vítimas Feridas";"Plena Noite";"Decrescente";"Chuva";"Dupla";"Reta";"Sim";3;0;1;0;2;0;1;2;-12,28462524;-38,91926018;"SPRF-BA";"DEL01-BA";"UOP03-DEL01-BA"
355632;2021-05-04;"terça-feira";"18:55:00";"RJ";101;400;"ITAGUAI";"Pedestre andava na pista";"Atropelamento de Pedestre";"Com Vítimas Feridas";"Anoitecer";"Crescente";"Céu Claro";"Dupla";"Reta";"Sim";2;0;1;0;1;0;1;2;-22,8483707;-43,76952338;"SPRF-RJ";"DEL03-RJ";"UOP01-DEL03-RJ"
355634;2021-05-04;"terça-feira";"19:26:00";"MG";381;491,5;"BETIM";"Demais falhas mecânicas ou elétricas";"Tombamento";"Com Vítimas Feridas";"Plena Noite";"Decrescente";"Céu Claro";"Dupla";"Declive;Curva";"Sim";2;0;2;0;0;0;2;1;-19,96159097;-44,15553331;"SPRF-MG";"DEL01-MG";"UOP03-DEL01-MG"
355635;2021-05-04;"terça-feira";"19:45:00";"MG";381;496;"BETIM";"Acessar a via sem observar a presença dos outros veículos";"Colisão traseira";"Com Vítimas Feridas";"Plena Noite";"Decrescente";"Céu Claro";"Dupla";"Viaduto";"Sim";1;0;1;0;0;0;1;1;-19,99676497;-44,20958506;"SPRF-MG";"DEL01-MG";"UOP03-DEL01-MG"
355636;2021-05-04;"terça-feira";"19:40:00";"SP";116;282;"ITAPECERICA DA SERRA";"Condutor deixou de manter distância do veículo da frente";"Colisão traseira";"Com Vítimas Feridas";"Plena Noite";"Decrescente";"Céu Claro";"Dupla";"Reta";"Sim";1;0;1;0;0;0;1;1;-23,65889219;-46,8509388;"SPRF-SP";"DEL04-SP";"UOP01-DEL04-SP"
355637;2021-05-04;"terça-feira";"18:10:00";"MT";163;751;"SORRISO";"Manobra de mudança de faixa";"Colisão lateral mesmo sentido";"Com Vítimas Feridas";"Anoitecer";"Decrescente";"Céu Claro";"Dupla";"Reta";"Sim";4;0;2;0;2;0;2;2;-12,66324288;-55,79151748;"SPRF-MT";"DEL06-MT";"UOP01-DEL06-MT"
355639;2021-05-04;"terça-feira";"19:30:00";"SP";116;207;"GUARULHOS";"Mal súbito do condutor";"Capotamento";"Com Vítimas Feridas";"Plena Noite";"Decrescente";"Céu Claro";"Dupla";"Reta";"Sim";1;0;1;0;0;0;1;1;-23,41972188;-46,38419203;"SPRF-SP";"DEL01-SP";"UOP01-DEL01-SP"
355640;2021-05-04;"terça-feira";"20:00:00";"GO";452;182,2;"ITUMBIARA";"Acessar a via sem observar a presença dos outros veículos";"Colisão transversal";"Com Vítimas Feridas";"Plena Noite";"Decrescente";"Céu Claro";"Simples";"Reta";"Não";2;0;2;0;0;0;2;2;-18,38599547;-49,34161753;"SPRF-GO";"DEL03-GO";"UOP02-DEL03-GO"