"id";"data_inversa";"dia_semana";"horario";"uf";"br";"km";"municipio";"causa_acidente";"tipo_acidente";"classificacao_acidente";"fase_dia";"sentido_via";"condicao_metereologica";"tipo_pista";"tracado_via";"uso_solo";"pessoas";"mortos";"feridos_leves";"feridos_graves";"ilesos";"ignorados";"feridos";"veiculos";"latitude";"longitude";"regional";"delegacia";"uop"
355643;2021-05-04;"terça-feira";"19:58:00";"PE";408;102;"RECIFE";"Pista Escorregadia";"Colisão com objeto";"Sem Vítimas";"Plena Noite";"Decrescente";"Chuva";"Dupla";"Reta";"Não";1;0;0;0;1;0;0;1;-8,05323195;-35,00247996;"SPRF-PE";"DEL01-PE";"UOP01-DEL01-PE"
355644;2021-05-04;"terça-feira";"19:35:00";"RS";290;123,3;"ELDORADO DO SUL";"Transitar na contramão";"Colisão frontal";"Com Vítimas Feridas";"Plena Noite";"Crescente";"Chuva";"Simples";"Reta";"Não";2;0;1;0;1;0;1;2;-30,05328;-51,438354;"SPRF-RS";"DEL02-RS";"UOP01-DEL02-RS"
355645;2021-05-04;"terça-feira";"17:25:00";"PE";101;57,4;"RECIFE";"Manobra de mudança de faixa";"Colisão traseira";"Com Vítimas Feridas";"Anoitecer";"Decrescente";"Nublado";"Dupla";"Reta";"Sim";3;0;0;1;1;1;1;3;-7,96346213;-34,91513486;"SPRF-PE";"DEL01-PE";"UOP02-DEL01-PE"
355648;2021-05-04;"terça-feira";"19:50:00";"TO";242;332,4;"PEIXE";"Pedestre andava na pista";"Atropelamento de Pedestre";"Sem Vítimas";"Plena Noite";"Crescente";"Céu Claro";"Simples";"Reta";"Não";3;0;0;0;1;2;0;2;-11,92408563;-48,70493583;"SPRF-TO";"DEL01-TO";"UOP02-DEL01-TO"
355651;2021-03-29;"segunda-feira";"12:05:00";"PI";343;331;"TERESINA";"Mal súbito do condutor";"Saída de leito carroçável";"Com Vítimas Feridas";"Pleno dia";"Decrescente";"Céu Claro";"Dupla";"Reta";"Não";8;0;8;0;0;0;8;1;-5,059967;-42,658382;"SPRF-PI";"DEL01-PI";"UOP01-DEL01-PI"
355652;2021-05-04;"terça-feira";"21:00:00";"ES";101;212;"IBIRACU";"Condutor deixou de manter distância do veículo da frente";"Colisão traseira";"Com Vítimas Feridas";"Plena Noite";"Decrescente";"Nublado";"Simples";"Reta";"Não";1;0;1;0;0;0;1;1;-19,798437;-40,36982;"SPRF-ES";"DEL02-ES";"UOP01-DEL02-ES"
355655;2021-05-04;"terça-feira";"21:20:00";"RN";304;38;"MOSSORO";"Transitar no acostamento";"Colisão traseira";"Com Vítimas Feridas";"Plena Noite";"Decrescente";"Garoa/Chuvisco";"Dupla";"Reta";"Sim";1;0;0;1;0;0;1;1;-5,18138457;-37,36832252;"SPRF-RN";"DEL04-RN";"UOP02-DEL04-RN"
355656;2021-05-04;"terça-feira";"14:40:00";"SC";101;44;"JOINVILLE";"Ausência de reação do condutor";"Colisão traseira";"Sem Vítimas";"Pleno dia";"Crescente";"Céu Claro";"Dupla";"Curva";"Não";3;0;0;0;3;0;0;2;-26,31238996;-48,87458997;"SPRF-SC";"DEL03-SC";"UOP01-DEL03-SC"
355658;2021-05-04;"terça-feira";"21:30:00";"PR";116;114;"CURITIBA";"Ausência de reação do condutor";"Capotamento";"Com Vítimas Feridas";"Plena Noite";"Decrescente";"Nublado";"Dupla";"Reta";"Não";2;0;2;0;0;0;2;1;-25,56296907;-49,25643801;"SPRF-PR";"DEL01-PR";"UOP01-DEL01-PR"
355659;2021-05-04;"terça-feira";"19:10:00";"MA";10;126,9;"ESTREITO";"Área urbana sem a presença de local apropriado para a travessia de pedestres";"Atropelamento de Pedestre";"Com Vítimas Fatais";"Plena Noite";"Crescente";"Céu Claro";"Simples";"Reta";"Sim";2;1;0;0;0;1;0;2;-6,581329;-47,44136;"SPRF-MA";"DEL04-MA";"UOP02-DEL04-MA"
355660;2021-05-04;"terça-feira";"20:40:00";"SC";101;31,7;"JOINVILLE";"Ingestão de álcool pelo condutor";"Colisão com objeto";"Com Vítimas Feridas";"Plena Noite";"Decrescente";"Céu Claro";"Dupla";"Reta";"Sim";1;0;1;0;0;0;1;1;-26,22195899;-48,91634925;"SPRF-SC";"DEL03-SC";"UOP01-DEL03-SC"
355662;2021-05-04;"terça-feira";"17:00:00";"MG";116;314,4;"ITAMBACURI";"Transitar na contramão";"Colisão lateral sentido oposto";"Sem Vítimas";"Pleno dia";"Decrescente";"Nublado";"Simples";"Declive;Reta";"Não";3;0;0;0;2;1;0;2;-18,107118;-41,691192;"SPRF-MG";"DEL11-MG";"UOP01-DEL11-MG"
355665;2021-05-04;"terça-feira";"23:45:00";"SC";101;120;"ITAJAI";"Acessar a via sem observar a presença dos outros veículos";"Colisão transversal";"Com Vítimas Feridas";"Plena Noite";"Crescente";"Céu Claro";"Dupla";"Reta";"Não";2;0;1;0;1;0;1;2;-26,912758;-48,711998;"SPRF-SC";"DEL04-SC";"UOP04-DEL04-SC"
355668;2021-05-05;"quarta-feira";"00:30:00";"RJ";116;243;"PIRAI";"Ingestão de álcool pelo condutor";"Colisão frontal";"Com Vítimas Feridas";"Plena Noite";"Decrescente";"Céu Claro";"Dupla";"Reta";"Não";3;0;1;0;2;0;1;2;-22,63023454;-43,91033921;"SPRF-RJ";"DEL07-RJ";"UOP01-DEL07-RJ"
355669;2021-05-04;"terça-feira";"22:00:00";"MG";262;427,8;"SAO GONCALO DO PARA";"Velocidade Incompatível";"Saída de leito carroçável";"Sem Vítimas";"Plena Noite";"Crescente";"Vento";"Dupla";"Reta";"Não";2;0;0;0;0;2;0;2;-19,8850241;-44,77734698;"SPRF-MG";"DEL08-MG";"UOP03-DEL08-MG"
355674;2021-05-05;"quarta-feira";"03:30:00";"SC";280;48,1;"GUARAMIRIM";"Pedestre cruzava a pista fora da faixa";"Atropelamento de Pedestre";"Com Vítimas Feridas";"Plena Noite";"Crescente";"Nublado";"Simples";"Reta";"Não";2;0;1;0;0;1;1;2;-26,45506795;-48,92766502;"SPRF-SC";"DEL03-SC";"UOP03-DEL03-SC"
355676;2021-05-05;"quarta-feira";"05:30:00";"PE";101;43,6;"IGARASSU";"Acessar a via sem observar a presença dos outros veículos";"Colisão transversal";"Com Vítimas Feridas";"Amanhecer";"Decrescente";"Chuva";"Múltipla";"Reta";"Sim";2;0;0;1;1;0;1;2;-7,84753808;-34,90977038;"SPRF-PE";"DEL01-PE";"UOP02-DEL01-PE"
355678;2021-05-05;"quarta-feira";"03:00:00";"PR";153;18;"JACAREZINHO";"Condutor Dormindo";"Saída de leito carroçável";"Sem Vítimas";"Plena Noite";"Crescente";"Céu Claro";"Simples";"Reta";"Sim";1;0;0;0;0;1;0;1;-23,14621868;-49,95155662;"SPRF-PR";"DEL07-PR";"UOP04-DEL07-PR"
355681;2021-05-05;"quarta-feira";"06:40:00";"SC";282;2;"FLORIANOPOLIS";"Manobra de mudança de faixa";"Colisão lateral mesmo sentido";"Com Vítimas Feridas";"Pleno dia";"Crescente";"Nublado";"Múltipla";"Reta";"Não";2;0;1;0;1;0;1;2;-27,603289;-48,590416;"SPRF-SC";"DEL01-SC";"UOP01-DEL01-SC"
355686;2021-05-05;"quarta-feira";"05:30:00";"RR";174;500;"BOA VISTA";"Velocidade Incompatível";"Tombamento";"Sem Vítimas";"Amanhecer";"Decrescente";"Chuva";"Simples";"Interseção de Vias";"Sim";1;0;0;0;0;1;0;1;2,776633;-60,708858;"SPRF-RR";"DEL01-RR";"UOP01-DEL01-RR"
355687;2021-05-05;"quarta-feira";"06:50:00";"PE";232;118,4;"CARUARU";"Reação tardia ou ineficiente do condutor";"Saída de leito carroçável";"Com Vítimas Feridas";"Pleno dia";"Crescente";"Chuva";"Dupla";"Reta";"Não";1;0;1;0;0;0;1;1;-8,29431633;-35,88437194;"SPRF-PE";"DEL02-PE";"UOP03-DEL02-PE"
355689;2021-05-05;"quarta-feira";"07:00:00";"ES";101;147,3;"LINHARES";"Animais na Pista";"Atropelamento de Animal";"Com Vítimas Feridas";"Pleno dia";"Crescente";"Céu Claro";"Múltipla";"Reta";"Sim";1;0;1;0;0;0;1;1;-19,38224725;-40,06720304;"SPRF-ES";"DEL04-ES";"UOP01-DEL04-ES"
355690;2021-05-05;"quarta-feira";"06:30:00";"RJ";40;31;"AREAL";"Condutor Dormindo";"Capotamento";"Com Vítimas Feridas";"Amanhecer";"Decrescente";"Céu Claro";"Dupla";"Curva";"Não";2;0;0;1;1;0;1;1;-22,19245612;-43,16023202;"SPRF-RJ";"DEL05-RJ";"UOP02-DEL05-RJ"
355691;2021-05-05;"quarta-feira";"06:30:00";"RJ";116;167;"RIO DE JANEIRO";"Condutor deixou de manter distância do veículo da frente";"Colisão traseira";"Com Vítimas Feridas";"Pleno dia";"Decrescente";"Céu Claro";"Dupla";"Reta";"Sim";3;0;1;0;2;0;1;2;-22,80498468;-43,34655762;"SPRF-RJ";"DEL01-RJ";"UOP01-DEL01-RJ"
355692;2021-05-05;"quarta-feira";"07:05:00";"RN";101;116;"SAO JOSE DE MIPIBU";"Manobra de mudança de faixa";"Colisão lateral mesmo sentido";"Com Vítimas Feridas";"Pleno dia";"Crescente";"Céu Claro";"Dupla";"Reta";"Sim";2;0;2;0;0;0;2;1;-5,99923408;-35,26039018;"SPRF-RN";"DEL01-RN";"UOP01-DEL01-RN"
355695;2021-05-04;"terça-feira";"23:10:00";"MG";116;591,1;"MANHUACU";"Ausência de reação do condutor";"Saída de leito carroçável";"Com Vítimas Feridas";"Plena Noite";"Decrescente";"Nublado";"Simples";"Curva";"Não";1;0;1;0;0;0;1;1;-20,26350393;-42,14180594;"SPRF-MG";"DEL06-MG";"UOP03-DEL06-MG"
355696;2021-05-05;"quarta-feira";"07:45:00";"CE";116;14,8;"FORTALEZA";"Manobra de mudança de faixa";"Colisão lateral mesmo sentido";"Com Vítimas Feridas";"Pleno dia";"Decrescente";"Chuva";"Dupla";"Aclive";"Sim";2;0;1;0;0;1;1;2;-3,88501059;-38,50130637;"SPRF-CE";"DEL01-CE";"UOP02-DEL01-CE"
355697;2021-05-05;"quarta-feira";"02:30:00";"SC";101;116,6;"ITAJAI";"Ingestão de álcool pelo condutor";"Saída de leito carroçável";"Com Vítimas Feridas";"Plena Noite";"Crescente";"Nevoeiro/Neblina";"Múltipla";"Reta";"Sim";1;0;1;0;0;0;1;1;-26,87905605;-48,72603512;"SPRF-SC";"DEL04-SC";"UOP04-DEL04-SC"
355699;2021-04-07;"quarta-feira";"08:10:00";"SC";101;210,1;"SAO JOSE";"Ingestão de substâncias psicoativas pelo condutor";"Colisão lateral mesmo sentido";"Com Vítimas Feridas";"Pleno dia";"Decrescente";"Céu Claro";"Dupla";"Em Obras";"Sim";2;0;1;0;1;0;1;2;-27,6167305;-48,6457265;"SPRF-SC";"DEL01-SC";"UOP01-DEL01-SC"
355700;2021-05-05;"quarta-feira";"08:00:00";"PR";376;182;"MARINGA";"Acessar a via sem observar a presença dos outros veículos";"Colisão transversal";"Com Vítimas Feridas";"Pleno dia";"Crescente";"Sol";"Múltipla";"Rotatória";"Sim";2;0;1;0;1;0;1;2;-23,432184;-51,887633;"SPRF-PR";"DEL09-PR";"UOP01-DEL09-PR"
355701;2021-05-05;"quarta-feira";"07:00:00";"SC";101;378;"ICARA";"Manobra de mudança de faixa";"Colisão frontal";"Com Vítimas Feridas";"Pleno dia";"Crescente";"Céu Claro";"Simples";"Reta";"Não";2;0;1;0;1;0;1;2;-28,741853;-49,251657;"SPRF-SC";"DEL02-SC";"UOP02-DEL02-SC"
355704;2021-05-05;"quarta-feira";"08:15:00";"MG";40;610,1;"CONGONHAS";"Manobra de mudança de faixa";"Colisão lateral mesmo sentido";"Com Vítimas Feridas";"Pleno dia";"Decrescente";"Sol";"Simples";"Reta";"Sim";3;0;1;0;2;0;1;2;-20,506061;-43,838544;"SPRF-MG";"DEL05-MG";"UOP02-DEL05-MG"
355705;2021-05-05;"quarta-feira";"07:30:00";"PR";369;147;"LONDRINA";"Manobra de mudança de faixa";"Colisão lateral mesmo sentido";"Com Vítimas Feridas";"Pleno dia";"Crescente";"Céu Claro";"Dupla";"Reta";"Sim";3;0;2;0;1;0;2;2;-23,292966;-51,132738;"SPRF-PR";"DEL07-PR";"UOP01-DEL07-PR"
355706;2021-05-05;"quarta-feira";"07:30:00";"SP";116;218;"GUARULHOS";"Reação tardia ou ineficiente do condutor";"Colisão traseira";"Com Vítimas Feridas";"Pleno dia";"Crescente";"Céu Claro";"Múltipla";"Reta";"Sim";3;0;1;0;2;0;1;3;-23,457972;-46,479927;"SPRF-SP";"DEL01-SP";"UOP01-DEL01-SP"
355708;2021-05-05;"quarta-feira";"08:30:00";"MG";267;71,6;"JUIZ DE FORA";"Pedestre andava na pista";"Atropelamento de Pedestre";"Com Vítimas Fatais";"Pleno dia";"Crescente";"Céu Claro";"Simples";"Reta";"Não";3;1;0;0;1;1;0;2;-21,74767662;-43,14143092;"SPRF-MG";"DEL05-MG";"UOP01-DEL05-MG"
355712;2021-04-15;"quinta-feira";"17:56:00";"MT";70;523,1;"VARZEA GRANDE";"Transitar no acostamento";"Colisão frontal";"Com Vítimas Feridas";"Anoitecer";"Decrescente";"Céu Claro";"Simples";"Reta";"Sim";2;0;1;0;1;0;1;2;-15,65054135;-56,19487095;"SPRF-MT";"DEL01-MT";"UOP02-DEL01-MT"
355713;2021-05-05;"quarta-feira";"07:50:00";"RR";174;502;"BOA VISTA";"Entrada inopinada do pedestre";"Atropelamento de Pedestre";"Com Vítimas Feridas";"Pleno dia";"Crescente";"Nublado";"Dupla";"Reta";"Sim";2;0;1;0;1;0;1;2;2,787376;-60,699524;"SPRF-RR";"DEL01-RR";"UOP01-DEL01-RR"
355714;2021-05-05;"quarta-feira";"08:00:00";"SP";116;275;"TABOAO DA SERRA";"Ausência de reação do condutor";"Colisão traseira";"Com Vítimas Feridas";"Pleno dia";"Decrescente";"Céu Claro";"Dupla";"Reta";"Sim";2;0;0;1;1;0;1;2;-23,63638826;-46,83251584;"SPRF-SP";"DEL04-SP";"UOP01-DEL04-SP"
355716;2021-05-05;"quarta-feira";"08:30:00";"MG";251;444,5;"GRAO MOGOL";"Pista Escorregadia";"Saída de leito carroçável";"Com Vítimas Feridas";"Pleno dia";"Crescente";"Nublado";"Simples";"Curva";"Não";3;0;3;0;0;0;3;1;-16,41500882;-43,25228005;"SPRF-MG";"DEL12-MG";"UOP01-DEL12-MG"
355717;2021-03-18;"quinta-feira";"18:00:00";"SP";116;218,2;"GUARULHOS";"Condutor deixou de manter distância do veículo da frente";"Colisão traseira";"Com Vítimas Feridas";"Anoitecer";"Decrescente";"Céu Claro";"Múltipla";"Reta";"Sim";3;0;1;0;1;1;1;3;-23,457972;-46,479927;"SPRF-SP";"DEL01-SP";"UOP01-DEL01-SP"
355719;2021-05-05;"quarta-feira";"09:12:00";"RN";304;295;"MACAIBA";"Desrespeitar a preferência no cruzamento";"Colisão lateral sentido oposto";"Sem Vítimas";"Pleno dia";"Decrescente";"Céu Claro";"Simples";"Reta";"Sim";2;0;0;0;2;0;0;2;-5,86605927;-35,35822096;"SPRF-RN";"DEL01-RN";"UOP02-DEL01-RN"
355720;2021-05-05;"quarta-feira";"09:40:00";"RS";158;204,6;"CRUZ ALTA";"Chuva";"Saída de leito carroçável";"Com Vítimas Feridas";"Pleno dia";"Crescente";"Chuva";"Simples";"Reta";"Não";1;0;1;0;0;0;1;1;-28,72078706;-53,59863151;"SPRF-RS";"DEL10-RS";"UOP02-DEL10-RS"
355721;2021-05-05;"quarta-feira";"09:20:00";"GO";153;494;"GOIANIA";"Trafegar com motocicleta (ou similar) entre as faixas";"Tombamento";"Com Vítimas Feridas";"Pleno dia";"Decrescente";"Céu Claro";"Dupla";"Declive;Reta";"Sim";1;0;1;0;0;0;1;1;-16,6614;-49,2218;"SPRF-GO";"DEL01-GO";"UOP01-DEL01-GO"
355722;2021-05-05;"quarta-feira";"10:15:00";"SC";280;37,5;"ARAQUARI";"Conversão proibida";"Colisão transversal";"Com Vítimas Feridas";"Pleno dia";"Decrescente";"Céu Claro";"Simples";"Reta";"Não";2;0;1;0;1;0;1;2;-26,44572892;-48,81862707;"SPRF-SC";"DEL03-SC";"UOP03-DEL03-SC"
355723;2021-05-05;"quarta-feira";"10:50:00";"RJ";116;107;"GUAPIMIRIM";"Ultrapassagem Indevida";"Colisão lateral mesmo sentido";"Com Vítimas Feridas";"Pleno dia";"Crescente";"Céu Claro";"Simples";"Reta";"Sim";2;0;1;0;1;0;1;2;-22,52826187;-42,99737551;"SPRF-RJ";"DEL04-RJ";"UOP02-DEL04-RJ"
355724;2021-05-05;"quarta-feira";"10:00:00";"MS";163;468;"CAMPO GRANDE";"Reação tardia ou ineficiente do condutor";"Saída de leito carroçável";"Com Vítimas Feridas";"Pleno dia";"Crescente";"Céu Claro";"Simples";"Curva";"Não";1;0;1;0;0;0;1;1;-20,570392;-54,563965;"SPRF-MS";"DEL01-MS";"UOP01-DEL01-MS"
355730;2021-05-05;"quarta-feira";"07:00:00";"MA";135;7,9;"SAO LUIS";"Reação tardia ou ineficiente do condutor";"Colisão frontal";"Com Vítimas Feridas";"Pleno dia";"Decrescente";"Sol";"Dupla";"Reta";"Sim";2;0;1;1;0;0;2;2;-2,63608835;-44,26848552;"SPRF-MA";"DEL01-MA";"UOP01-DEL01-MA"
355731;2021-05-04;"terça-feira";"22:30:00";"BA";324;290;"JACOBINA";"Transitar na contramão";"Colisão frontal";"Com Vítimas Feridas";"Plena Noite";"Crescente";"Nublado";"Simples";"Curva";"Sim";2;0;2;0;0;0;2;2;-11,16275159;-40,55135779;"SPRF-BA";"DEL04-BA";"UOP02-DEL04-BA"
355732;2021-05-05;"quarta-feira";"11:30:00";"SP";116;222;"GUARULHOS";"Condutor deixou de manter distância do veículo da frente";"Colisão traseira";"Com Vítimas Feridas";"Pleno dia";"Crescente";"Céu Claro";"Simples";"Reta";"Não";3;0;1;0;2;0;1;3;-23,47093408;-46,51631097;"SPRF-SP";"DEL01-SP";"UOP01-DEL01-SP"
355734;2021-05-05;"quarta-feira";"11:20:00";"SC";101;327;"CAPIVARI DE BAIXO";"Desrespeitar a preferência no cruzamento";"Colisão transversal";"Com Vítimas Feridas";"Pleno dia";"Decrescente";"Garoa/Chuvisco";"Múltipla";"Interseção de Vias";"Sim";3;0;1;0;2;0;1;2;-28,43023306;-48,95205197;"SPRF-SC";"DEL02-SC";"UOP01-DEL02-SC"
355735;2021-05-05;"quarta-feira";"11:40:00";"BA";116;420;"FEIRA DE SANTANA";"Entrada inopinada do pedestre";"Atropelamento de Pedestre";"Com Vítimas Feridas";"Pleno dia";"Decrescente";"Nublado";"Dupla";"Retorno Regulamentado";"Sim";2;0;0;1;1;0;1;2;-12,20321398;-38,96555531;"SPRF-BA";"DEL02-BA";"UOP01-DEL02-BA"
355736;2021-04-16;"sexta-feira";"07:30:00";"DF";40;6,6;"BRASILIA";"Condutor deixou de manter distância do veículo da frente";"Colisão traseira";"Com Vítimas Feridas";"Pleno dia";"Decrescente";"Céu Claro";"Dupla";"Reta";"Sim";2;0;0;1;1;0;1;2;-16,029741;-47,978867;"SPRF-DF";"DEL01-DF";"UOP01-DEL01-DF"
355737;2021-05-05;"quarta-feira";"12:00:00";"ES";101;159;"LINHARES";"Demais falhas mecânicas ou elétricas";"Incêndio";"Sem Vítimas";"Pleno dia";"Decrescente";"Céu Claro";"Simples";"Reta";"Sim";2;0;0;0;2;0;0;1;-19,4684012;-40,1102557;"SPRF-ES";"DEL04-ES";"UOP01-DEL04-ES"
355742;2021-05-05;"quarta-feira";"13:20:00";"DF";40;5;"BRASILIA";"Demais falhas mecânicas ou elétricas";"Eventos atípicos";"Com Vítimas Feridas";"Pleno dia";"Crescente";"Céu Claro";"Dupla";"Reta";"Sim";1;0;1;0;0;0;1;1;-16,020903;-47,980541;"SPRF-DF";"DEL01-DF";"UOP01-DEL01-DF"
355743;2021-04-23;"sexta-feira";"08:15:00";"PR";0;0;"PEROLA";"Animais na Pista";"Atropelamento de Animal";"Sem Vítimas";"Pleno dia";"Não Informado";"Sol";"Simples";"Curva";"Não";1;0;0;0;1;0;0;1;-23,812409;-53,66450256;"SPRF-PR";"DEL06-PR";"UOP03-DEL06-PR"
355745;2021-05-05;"quarta-feira";"13:00:00";"RJ";40;110;"DUQUE DE CAXIAS";"Ausência de reação do condutor";"Colisão traseira";"Com Vítimas Feridas";"Pleno dia";"Decrescente";"Céu Claro";"Dupla";"Reta";"Sim";2;0;1;0;1;0;1;2;-22,680764;-43,285575;"SPRF-RJ";"DEL01-RJ";"UOP01-DEL01-RJ"
355746;2021-05-05;"quarta-feira";"13:15:00";"SC";101;100,9;"BALNEARIO PICARRAS";"Reação tardia ou ineficiente do condutor";"Colisão transversal";"Sem Vítimas";"Pleno dia";"Decrescente";"Nublado";"Simples";"Reta";"Sim";2;0;0;0;2;0;0;2;-26,75482787;-48,68993675;"SPRF-SC";"DEL03-SC";"UOP02-DEL03-SC"
355747;2021-05-05;"quarta-feira";"13:45:00";"GO";40;91,5;"CRISTALINA";"Transitar na contramão";"Colisão frontal";"Com Vítimas Feridas";"Pleno dia";"Crescente";"Céu Claro";"Simples";"Reta";"Não";2;0;1;0;1;0;1;2;-16,72736;-47,634957;"SPRF-DF";"DEL01-DF";"UOP02-DEL01-DF"
355749;2021-03-01;"segunda-feira";"01:35:00";"MA";316;530;"CAXIAS";"Chuva";"Tombamento";"Com Vítimas Feridas";"Pleno dia";"Crescente";"Chuva";"Simples";"Reta";"Não";2;0;0;1;1;0;1;1;-4,822215;-43,528576;"SPRF-MA";"DEL03-MA";"UOP02-DEL03-MA"
355750;2021-05-05;"quarta-feira";"14:10:00";"SC";280;55,6;"GUARAMIRIM";"Condutor deixou de manter distância do veículo da frente";"Colisão traseira";"Com Vítimas Feridas";"Pleno dia";"Decrescente";"Céu Claro";"Simples";"Retorno Regulamentado";"Não";2;0;1;0;1;0;1;2;-26,47951406;-49,00524616;"SPRF-SC";"DEL03-SC";"UOP03-DEL03-SC"
355752;2021-05-05;"quarta-feira";"12:00:00";"PA";163;1003,8;"SANTAREM";"Entrada inopinada do pedestre";"Atropelamento de Pedestre";"Com Vítimas Feridas";"Pleno dia";"Decrescente";"Céu Claro";"Dupla";"Reta";"Sim";2;0;1;1;0;0;2;2;-2,44688525;-54,73048152;"SPRF-PA";"DEL05-PA";"UOP01-DEL05-PA"
355753;2021-04-29;"quinta-feira";"17:30:00";"MS";267;362,1;"MARACAJU";"Transitar na contramão";"Colisão frontal";"Com Vítimas Feridas";"Anoitecer";"Decrescente";"Céu Claro";"Simples";"Reta";"Não";4;0;1;1;2;0;2;2;-21,64323;-55,123962;"SPRF-MS";"DEL02-MS";"UOP02-DEL02-MS"
355754;2021-05-05;"quarta-feira";"12:20:00";"RJ";40;121;"DUQUE DE CAXIAS";"Ausência de reação do condutor";"Engavetamento";"Com Vítimas Feridas";"Pleno dia";"Decrescente";"Céu Claro";"Simples";"Viaduto";"Sim";6;0;1;0;5;0;1;5;-22,78653829;-43,28511357;"SPRF-RJ";"DEL01-RJ";"UOP01-DEL01-RJ"
355755;2021-05-05;"quarta-feira";"15:00:00";"PR";376;602,6;"CURITIBA";"Velocidade Incompatível";"Colisão com objeto";"Com Vítimas Fatais";"Pleno dia";"Decrescente";"Céu Claro";"Múltipla";"Reta";"Sim";1;1;0;0;0;0;0;1;-25,54329052;-49,30719981;"SPRF-PR";"DEL01-PR";"UOP01-DEL01-PR"
355756;2021-05-05;"quarta-feira";"15:05:00";"RS";386;345,2;"LAJEADO";"Ingestão de álcool pelo condutor";"Colisão transversal";"Com Vítimas Feridas";"Pleno dia";"Decrescente";"Chuva";"Simples";"Reta";"Sim";2;0;1;0;1;0;1;2;-29,4441197;-51,98140383;"SPRF-RS";"DEL04-RS";"UOP01-DEL04-RS"
355757;2021-05-05;"quarta-feira";"13:30:00";"RN";101;41,6;"MAXARANGUAPE";"Demais falhas mecânicas ou elétricas";"Queda de ocupante de veículo";"Com Vítimas Feridas";"Pleno dia";"Crescente";"Nublado";"Simples";"Reta";"Não";2;0;1;1;0;0;2;1;-5,45853806;-35,33658028;"SPRF-RN";"DEL02-RN";"UOP01-DEL02-RN"
355758;2021-05-05;"quarta-feira";"15:10:00";"BA";324;618;"SALVADOR";"Demais falhas mecânicas ou elétricas";"Tombamento";"Com Vítimas Feridas";"Pleno dia";"Crescente";"Céu Claro";"Múltipla";"Reta";"Sim";2;0;2;0;0;0;2;1;-12,89929289;-38,45098503;"SPRF-BA";"DEL01-BA";"UOP01-DEL01-BA"
355759;2021-04-18;"domingo";"09:35:00";"MS";163;840;"SONORA";"Reação tardia ou ineficiente do condutor";"Saída de leito carroçável";"Com Vítimas Feridas";"Pleno dia";"Decrescente";"Céu Claro";"Simples";"Reta";"Não";1;0;1;0;0;0;1;1;-17,57335992;-54,74135739;"SPRF-MS";"DEL06-MS";"UOP01-DEL06-MS"
355760;2021-02-05;"sexta-feira";"16:58:00";"MG";40;797,6;"JUIZ DE FORA";"Ausência de reação do condutor";"Colisão traseira";"Com Vítimas Feridas";"Pleno dia";"Decrescente";"Nublado";"Dupla";"Reta";"Sim";4;0;0;1;2;1;1;3;-21,80377629;-43,30522538;"SPRF-MG";"DEL05-MG";"UOP01-DEL05-MG"
355762;2021-05-05;"quarta-feira";"15:30:00";"GO";40;5,5;"VALPARAISO DE GOIAS";"Transitar no acostamento";"Atropelamento de Pedestre";"Com Vítimas Feridas";"Pleno dia";"Crescente";"Céu Claro";"Dupla";"Reta";"Sim";2;0;1;0;0;1;1;2;-16,093134;-47,982236;"SPRF-DF";"DEL01-DF";"UOP01-DEL01-DF"
355764;2021-05-05;"quarta-feira";"14:30:00";"CE";116;40;"HORIZONTE";"Acessar a via sem observar a presença dos outros veículos";"Colisão transversal";"Com Vítimas Feridas";"Pleno dia";"Decrescente";"Céu Claro";"Múltipla";"Retorno Regulamentado";"Sim";3;0;1;1;1;0;2;2;-4,09496999;-38,50351984;"SPRF-CE";"DEL01-CE";"UOP02-DEL01-CE"
355765;2021-05-05;"quarta-feira";"10:20:00";"RN";427;57,5;"JARDIM DO SERIDO";"Acessar a via sem observar a presença dos outros veículos";"Colisão transversal";"Com Vítimas Feridas";"Pleno dia";"Crescente";"Céu Claro";"Simples";"Reta";"Não";2;0;1;0;1;0;1;2;-6,595539;-36,78833;"SPRF-RN";"DEL03-RN";"UOP01-DEL03-RN"
355767;2021-02-14;"domingo";"15:20:00";"MG";116;411,7;"GOVERNADOR VALADARES";"Condutor deixou de manter distância do veículo da frente";"Tombamento";"Com Vítimas Feridas";"Pleno dia";"Crescente";"Céu Claro";"Dupla";"Reta";"Sim";1;0;0;1;0;0;1;1;-18,86244705;-41,97405237;"SPRF-MG";"DEL06-MG";"UOP01-DEL06-MG"
355770;2021-05-05;"quarta-feira";"16:00:00";"PI";316;311,9;"PICOS";"Manobra de mudança de faixa";"Colisão transversal";"Com Vítimas Feridas";"Pleno dia";"Crescente";"Sol";"Simples";"Curva";"Sim";2;0;1;0;1;0;1;2;-7,076331;-41,46596;"SPRF-PI";"DEL04-PI";"UOP01-DEL04-PI"
355773;2021-05-05;"quarta-feira";"16:20:00";"PA";10;351;"SANTA MARIA DO PARA";"Manobra de mudança de faixa";"Colisão frontal";"Com Vítimas Fatais";"Pleno dia";"Crescente";"Nublado";"Simples";"Reta";"Não";3;1;1;1;0;0;2;2;-1,37355006;-47,56819711;"SPRF-PA";"DEL01-PA";"UOP02-DEL01-PA"