"id";"data_inversa";"dia_semana";"horario";"uf";"br";"km";"municipio";"causa_acidente";"tipo_acidente";"classificacao_acidente";"fase_dia";"sentido_via";"condicao_metereologica";"tipo_pista";"tracado_via";"uso_solo";"pessoas";"mortos";"feridos_leves";"feridos_graves";"ilesos";"ignorados";"feridos";"veiculos";"latitude";"longitude";"regional";"delegacia";"uop"
355775;2021-05-05;"quarta-feira";"15:50:00";"MG";381;526;"BRUMADINHO";"Reação tardia ou ineficiente do condutor";"Queda de ocupante de veículo";"Com Vítimas Feridas";"Pleno dia";"Crescente";"Céu Claro";"Dupla";"Curva;Declive";"Não";2;0;1;0;1;0;1;1;-20,16175378;-44,34144636;"SPRF-MG";"DEL04-MG";"UOP03-DEL04-MG"
355776;2021-05-05;"quarta-feira";"16:50:00";"ES";101;144;"LINHARES";"Manobra de mudança de faixa";"Colisão lateral mesmo sentido";"Com Vítimas Feridas";"Anoitecer";"Crescente";"Nublado";"Simples";"Reta";"Sim";4;0;1;0;3;0;1;3;-19,35188295;-40,0636685;"SPRF-ES";"DEL04-ES";"UOP01-DEL04-ES"
355777;2021-05-05;"quarta-feira";"17:30:00";"ES";101;296;"CARIACICA";"Manobra de mudança de faixa";"Colisão lateral mesmo sentido";"Com Vítimas Feridas";"Anoitecer";"Decrescente";"Céu Claro";"Dupla";"Retorno Regulamentado";"Sim";2;0;1;0;1;0;1;2;-20,34029997;-40,40405712;"SPRF-ES";"DEL01-ES";"UOP01-DEL01-ES"
355779;2021-05-05;"quarta-feira";"17:55:00";"SC";101;205;"SAO JOSE";"Ausência de reação do condutor";"Colisão traseira";"Com Vítimas Feridas";"Plena Noite";"Decrescente";"Céu Claro";"Dupla";"Reta";"Sim";2;0;1;0;1;0;1;2;-27,58313237;-48,61532885;"SPRF-SC";"DEL01-SC";"UOP01-DEL01-SC"
355780;2021-05-05;"quarta-feira";"17:50:00";"PB";101;84,1;"BAYEUX";"Condutor deixou de manter distância do veículo da frente";"Colisão traseira";"Com Vítimas Feridas";"Anoitecer";"Decrescente";"Céu Claro";"Dupla";"Reta";"Sim";2;0;1;0;1;0;1;2;-7,13957906;-34,92312806;"SPRF-PB";"DEL01-PB";"UOP01-DEL01-PB"
355782;2021-05-05;"quarta-feira";"18:20:00";"RS";116;243;"SAO LEOPOLDO";"Condutor deixou de manter distância do veículo da frente";"Engavetamento";"Sem Vítimas";"Anoitecer";"Decrescente";"Chuva";"Dupla";"Viaduto";"Sim";3;0;0;0;3;0;0;3;-29,72961873;-51,14930933;"SPRF-RS";"DEL01-RS";"UOP02-DEL01-RS"
355783;2021-05-05;"quarta-feira";"17:00:00";"MT";158;635;"NOVA XAVANTINA";"Transitar na contramão";"Colisão frontal";"Com Vítimas Fatais";"Pleno dia";"Decrescente";"Céu Claro";"Simples";"Reta";"Não";2;1;0;0;1;0;0;2;-14,53513211;-52,34518098;"SPRF-MT";"DEL07-MT";"UOP02-DEL07-MT"
355784;2021-05-05;"quarta-feira";"18:20:00";"PE";101;46,6;"IGARASSU";"Entrada inopinada do pedestre";"Atropelamento de Pedestre";"Com Vítimas Feridas";"Plena Noite";"Crescente";"Céu Claro";"Múltipla";"Reta";"Sim";2;0;1;0;1;0;1;2;-7,87406004;-34,90588126;"SPRF-PE";"DEL01-PE";"UOP02-DEL01-PE"
355785;2021-05-05;"quarta-feira";"18:30:00";"SP";116;166,7;"JACAREI";"Pedestre andava na pista";"Atropelamento de Pedestre";"Com Vítimas Feridas";"Plena Noite";"Crescente";"Céu Claro";"Múltipla";"Reta;Retorno Regulamentado";"Sim";4;0;0;1;2;1;1;2;-23,30055667;-46,01686506;"SPRF-SP";"DEL02-SP";"UOP01-DEL02-SP"
355786;2021-05-05;"quarta-feira";"18:44:00";"SC";101;205,6;"SAO JOSE";"Trafegar com motocicleta (ou similar) entre as faixas";"Colisão traseira";"Com Vítimas Feridas";"Plena Noite";"Crescente";"Céu Claro";"Múltipla";"Reta";"Sim";2;0;1;0;1;0;1;2;-27,58313237;-48,61532885;"SPRF-SC";"DEL01-SC";"UOP01-DEL01-SC"
355789;2021-05-05;"quarta-feira";"18:00:00";"PE";232;8,2;"RECIFE";"Reação tardia ou ineficiente do condutor";"Colisão traseira";"Com Vítimas Feridas";"Plena Noite";"Crescente";"Céu Claro";"Dupla";"Reta";"Sim";2;0;1;0;1;0;1;2;-8,07583727;-34,97015791;"SPRF-PE";"DEL01-PE";"UOP01-DEL01-PE"
355792;2021-05-05;"quarta-feira";"18:30:00";"PR";373;175,9;"PONTA GROSSA";"Pedestre cruzava a pista fora da faixa";"Atropelamento de Pedestre";"Com Vítimas Feridas";"Plena Noite";"Decrescente";"Céu Claro";"Múltipla";"Reta";"Sim";2;0;0;1;1;0;1;2;-25,09855518;-50,35537557;"SPRF-PR";"DEL03-PR";"UOP01-DEL03-PR"
355793;2021-05-05;"quarta-feira";"19:01:00";"PR";373;175,9;"PONTA GROSSA";"Velocidade Incompatível";"Colisão traseira";"Sem Vítimas";"Plena Noite";"Decrescente";"Céu Claro";"Dupla";"Reta";"Sim";2;0;0;0;2;0;0;2;-25,06728094;-50,21211882;"SPRF-PR";"DEL03-PR";"UOP01-DEL03-PR"
355794;2021-05-05;"quarta-feira";"17:20:00";"MG";40;669,8;"CARANDAI";"Conversão proibida";"Colisão transversal";"Com Vítimas Feridas";"Anoitecer";"Crescente";"Céu Claro";"Simples";"Reta";"Não";2;0;1;0;1;0;1;2;-20,95949689;-43,78978984;"SPRF-MG";"DEL05-MG";"UOP02-DEL05-MG"
355795;2021-05-05;"quarta-feira";"19:15:00";"RS";392;351,5;"SANTA MARIA";"Demais falhas na via";"Queda de ocupante de veículo";"Com Vítimas Feridas";"Plena Noite";"Crescente";"Céu Claro";"Simples";"Reta";"Sim";1;0;0;1;0;0;1;1;-29,7284269;-53,80323691;"SPRF-RS";"DEL09-RS";"UOP01-DEL09-RS"
355797;2021-05-05;"quarta-feira";"18:00:00";"PR";373;478,9;"CORONEL VIVIDA";"Manobra de mudança de faixa";"Colisão transversal";"Com Vítimas Feridas";"Anoitecer";"Decrescente";"Céu Claro";"Simples";"Curva";"Sim";3;0;0;2;1;0;2;2;-25,97273123;-52,53404482;"SPRF-PR";"DEL02-PR";"UOP01-DEL02-PR"
355800;2021-05-05;"quarta-feira";"16:15:00";"RO";364;12;"VILHENA";"Desrespeitar a preferência no cruzamento";"Colisão transversal";"Com Vítimas Feridas";"Pleno dia";"Decrescente";"Céu Claro";"Simples";"Interseção de Vias";"Sim";2;0;1;0;1;0;1;2;-12,74370233;-60,12147609;"SPRF-RO";"DEL04-RO";"UOP01-DEL04-RO"
355801;2021-05-05;"quarta-feira";"19:15:00";"RJ";393;280;"BARRA DO PIRAI";"Iluminação deficiente";"Colisão transversal";"Com Vítimas Feridas";"Plena Noite";"Crescente";"Céu Claro";"Simples";"Reta";"Sim";2;0;1;0;1;0;1;2;-22,47750785;-44,01954402;"SPRF-RJ";"DEL05-RJ";"UOP04-DEL05-RJ"
355803;2021-05-05;"quarta-feira";"19:15:00";"SC";101;435;"SOMBRIO";"Ausência de reação do condutor";"Saída de leito carroçável";"Com Vítimas Feridas";"Plena Noite";"Crescente";"Chuva";"Dupla";"Reta";"Sim";2;0;2;0;0;0;2;1;-29,09949414;-49,63480552;"SPRF-SC";"DEL02-SC";"UOP02-DEL02-SC"
355804;2021-05-05;"quarta-feira";"16:30:00";"MG";153;210;"FRUTAL";"Ausência de reação do condutor";"Saída de leito carroçável";"Com Vítimas Feridas";"Pleno dia";"Crescente";"Céu Claro";"Dupla";"Reta";"Não";2;0;2;0;0;0;2;1;-20,07281424;-49,07299961;"SPRF-MG";"DEL13-MG";"UOP02-DEL13-MG"
355806;2021-05-05;"quarta-feira";"19:20:00";"PR";369;162;"CAMBE";"Condutor deixou de manter distância do veículo da frente";"Colisão traseira";"Com Vítimas Feridas";"Plena Noite";"Decrescente";"Céu Claro";"Dupla";"Reta";"Sim";3;0;1;1;1;0;2;2;-23,29642773;-51,27303779;"SPRF-PR";"DEL07-PR";"UOP01-DEL07-PR"
355808;2021-05-05;"quarta-feira";"19:05:00";"RS";116;234;"NOVO HAMBURGO";"Ausência de reação do condutor";"Colisão com objeto";"Com Vítimas Feridas";"Plena Noite";"Crescente";"Chuva";"Simples";"Reta";"Não";1;0;1;0;0;0;1;1;-29,65121313;-51,1444433;"SPRF-RS";"DEL01-RS";"UOP02-DEL01-RS"
355809;2021-05-05;"quarta-feira";"18:30:00";"BA";116;633;"JAGUAQUARA";"Desrespeitar a preferência no cruzamento";"Colisão transversal";"Sem Vítimas";"Plena Noite";"Crescente";"Nublado";"Simples";"Reta";"Sim";2;0;0;0;2;0;0;2;-13,51908001;-40,05883824;"SPRF-BA";"DEL03-BA";"UOP01-DEL03-BA"
355811;2021-05-05;"quarta-feira";"19:25:00";"RJ";393;235;"VASSOURAS";"Retorno proibido";"Colisão transversal";"Com Vítimas Feridas";"Plena Noite";"Decrescente";"Céu Claro";"Simples";"Reta";"Sim";6;0;5;0;1;0;5;2;-22,38370934;-43,64221072;"SPRF-RJ";"DEL05-RJ";"UOP03-DEL05-RJ"
355812;2021-05-05;"quarta-feira";"19:00:00";"RO";364;603;"ITAPUA DO OESTE";"Reação tardia ou ineficiente do condutor";"Saída de leito carroçável";"Com Vítimas Feridas";"Plena Noite";"Decrescente";"Nublado";"Dupla";"Reta";"Não";1;0;1;0;0;0;1;1;-9,19843426;-63,18258226;"SPRF-RO";"DEL01-RO";"UOP04-DEL01-RO"
355813;2021-05-05;"quarta-feira";"20:10:00";"MG";40;570;"ITABIRITO";"Transitar no acostamento";"Atropelamento de Pedestre";"Com Vítimas Feridas";"Plena Noite";"Decrescente";"Nublado";"Simples";"Reta";"Sim";2;0;1;0;0;1;1;2;-20,21286706;-43,97263241;"SPRF-MG";"DEL01-MG";"UOP02-DEL01-MG"
355815;2021-02-07;"domingo";"22:45:00";"SP";116;269,8;"TABOAO DA SERRA";"Condutor desrespeitou a iluminação vermelha do semáforo";"Colisão transversal";"Com Vítimas Feridas";"Plena Noite";"Crescente";"Céu Claro";"Dupla";"Interseção de Vias";"Sim";2;0;1;0;1;0;1;2;-23,61593059;-46,78826044;"SPRF-SP";"DEL04-SP";"UOP01-DEL04-SP"
355817;2021-05-05;"quarta-feira";"11:05:00";"PE";101;46;"IGARASSU";"Entrada inopinada do pedestre";"Colisão transversal";"Sem Vítimas";"Pleno dia";"Decrescente";"Céu Claro";"Múltipla";"Reta";"Sim";2;0;0;0;1;1;0;2;-7,87406004;-34,90588126;"SPRF-PE";"DEL01-PE";"UOP02-DEL01-PE"
355818;2021-05-05;"quarta-feira";"19:00:00";"PR";277;108;"CAMPO LARGO";"Pedestre cruzava a pista fora da faixa";"Atropelamento de Pedestre";"Com Vítimas Feridas";"Plena Noite";"Crescente";"Céu Claro";"Dupla";"Reta";"Sim";2;0;1;1;0;0;2;2;-25,43351905;-49,43684947;"SPRF-PR";"DEL01-PR";"UOP03-DEL03-PR"
355819;2021-05-05;"quarta-feira";"19:30:00";"PR";277;8;"PARANAGUA";"Manobra de mudança de faixa";"Saída de leito carroçável";"Com Vítimas Feridas";"Plena Noite";"Decrescente";"Nublado";"Dupla";"Reta";"Não";1;0;1;0;0;0;1;1;-25,568198;-48,615292;"SPRF-PR";"DEL01-PR";"UOP05-DEL01-PR"
355820;2021-05-05;"quarta-feira";"18:40:00";"SC";282;306;"VARGEM";"Chuva";"Capotamento";"Com Vítimas Feridas";"Plena Noite";"Crescente";"Chuva";"Simples";"Curva";"Não";1;0;1;0;0;0;1;1;-27,495869;-50,952518;"SPRF-SC";"DEL07-SC";"UOP06-DEL07-SC"
355821;2021-05-05;"quarta-feira";"18:40:00";"ES";262;95,2;"DOMINGOS MARTINS";"Desrespeitar a preferência no cruzamento";"Colisão transversal";"Com Vítimas Feridas";"Plena Noite";"Decrescente";"Nublado";"Simples";"Rotatória";"Sim";2;0;2;0;0;0;2;2;-20,3659225;-41,06040133;"SPRF-ES";"DEL01-ES";"UOP02-DEL01-ES"
355822;2021-02-20;"sábado";"11:40:00";"SC";101;197,5;"BIGUACU";"Declive acentuado";"Queda de ocupante de veículo";"Com Vítimas Feridas";"Pleno dia";"Crescente";"Sol";"Múltipla";"Reta";"Sim";1;0;1;0;0;0;1;1;-27,52046578;-48,63777816;"SPRF-SC";"DEL01-SC";"UOP01-DEL01-SC"
355825;2021-05-01;"sábado";"19:50:00";"SC";282;16;"PALHOCA";"Condutor deixou de manter distância do veículo da frente";"Colisão traseira";"Sem Vítimas";"Plena Noite";"Decrescente";"Céu Claro";"Simples";"Interseção de Vias";"Sim";3;0;0;0;1;2;0;3;-27,658611;-48,681847;"SPRF-SC";"DEL01-SC";"UOP02-DEL01-SC"
355828;2021-05-05;"quarta-feira";"18:45:00";"RJ";101;319;"NITEROI";"Trafegar com motocicleta (ou similar) entre as faixas";"Tombamento";"Com Vítimas Feridas";"Anoitecer";"Decrescente";"Céu Claro";"Dupla";"Reta";"Sim";2;0;2;0;0;0;2;1;-22,85411774;-43,1018014;"SPRF-RJ";"DEL02-RJ";"UOP02-DEL02-RJ"
355830;2021-05-05;"quarta-feira";"20:10:00";"RJ";116;189;"QUEIMADOS";"Ausência de reação do condutor";"Colisão traseira";"Com Vítimas Feridas";"Plena Noite";"Crescente";"Céu Claro";"Dupla";"Reta";"Não";2;0;0;1;0;1;1;2;-22,73765712;-43,49182298;"SPRF-RJ";"DEL01-RJ";"UOP02-DEL01-RJ"
355831;2021-05-05;"quarta-feira";"20:50:00";"MA";135;2;"SAO LUIS";"Animais na Pista";"Atropelamento de Animal";"Com Vítimas Feridas";"Plena Noite";"Decrescente";"Nublado";"Dupla";"Em Obras";"Não";1;0;0;1;0;0;1;1;-2,66515816;-44,30083796;"SPRF-MA";"DEL01-MA";"UOP01-DEL01-MA"
355832;2021-05-05;"quarta-feira";"19:20:00";"RO";364;678;"CANDEIAS DO JAMARI";"Pista esburacada";"Tombamento";"Com Vítimas Feridas";"Plena Noite";"Crescente";"Nublado";"Simples";"Reta";"Não";1;0;1;0;0;0;1;1;-8,78372328;-63,57038197;"SPRF-RO";"DEL01-RO";"UOP01-DEL01-RO"
355833;2021-05-05;"quarta-feira";"21:50:00";"SP";381;70;"MAIRIPORA";"Curva acentuada";"Tombamento";"Com Vítimas Feridas";"Plena Noite";"Decrescente";"Céu Claro";"Dupla";"Curva";"Não";1;0;1;0;0;0;1;1;-23,34972978;-46,56070474;"SPRF-SP";"DEL03-SP";"UOP01-DEL03-SP"
355834;2021-05-05;"quarta-feira";"22:00:00";"PR";376;168;"MARINGA";"Ingestão de álcool pelo condutor";"Capotamento";"Com Vítimas Feridas";"Plena Noite";"Crescente";"Céu Claro";"Dupla";"Reta";"Não";2;0;0;2;0;0;2;1;-23,409788;-51,987453;"SPRF-PR";"DEL09-PR";"UOP01-DEL09-PR"
355836;2021-05-02;"domingo";"14:00:00";"PR";369;378,1;"MAMBORE";"Manobra de mudança de faixa";"Colisão transversal";"Com Vítimas Feridas";"Pleno dia";"Crescente";"Céu Claro";"Simples";"Reta";"Não";3;0;2;1;0;0;3;2;-24,1958;-52,5003;"SPRF-PR";"DEL09-PR";"UOP03-DEL09-PR"
355837;2021-05-05;"quarta-feira";"17:30:00";"MG";459;17,2;"CALDAS";"Pista Escorregadia";"Tombamento";"Com Vítimas Feridas";"Pleno dia";"Crescente";"Céu Claro";"Simples";"Curva;Declive";"Não";1;0;1;0;0;0;1;1;-21,863477;-46,421239;"SPRF-MG";"DEL09-MG";"UOP01-DEL09-MG"
355838;2021-05-05;"quarta-feira";"22:50:00";"SP";116;103,6;"TAUBATE";"Objeto estático sobre o leito carroçável";"Tombamento";"Com Vítimas Feridas";"Plena Noite";"Crescente";"Nublado";"Dupla";"Aclive";"Não";1;0;1;0;0;0;1;1;-22,99919465;-45,49788917;"SPRF-SP";"DEL08-SP";"UOP01-DEL08-SP"
355839;2021-05-05;"quarta-feira";"22:20:00";"SC";101;235,1;"PALHOCA";"Chuva";"Colisão com objeto";"Com Vítimas Feridas";"Plena Noite";"Decrescente";"Chuva";"Dupla";"Curva;Aclive";"Não";1;0;0;1;0;0;1;1;-27,81894258;-48,63101363;"SPRF-SC";"DEL01-SC";"UOP02-DEL01-SC"
355840;2021-05-05;"quarta-feira";"19:20:00";"GO";452;1;"RIO VERDE";"Área urbana sem a presença de local apropriado para a travessia de pedestres";"Atropelamento de Pedestre";"Com Vítimas Fatais";"Plena Noite";"Decrescente";"Céu Claro";"Dupla";"Reta";"Não";2;1;0;0;0;1;0;2;-17,79126493;-50,89368296;"SPRF-GO";"DEL04-GO";"UOP01-DEL04-GO"
355841;2021-05-05;"quarta-feira";"23:00:00";"RJ";116;171,5;"SAO JOAO DE MERITI";"Entrada inopinada do pedestre";"Atropelamento de Pedestre";"Com Vítimas Fatais";"Amanhecer";"Crescente";"Nublado";"Múltipla";"Reta";"Sim";2;1;0;0;1;0;0;2;-22,8060415;-43,34289573;"SPRF-RJ";"DEL01-RJ";"UOP02-DEL01-RJ"
355842;2021-05-05;"quarta-feira";"18:20:00";"SP";116;142,8;"SAO JOSE DOS CAMPOS";"Conversão proibida";"Colisão lateral mesmo sentido";"Com Vítimas Feridas";"Plena Noite";"Crescente";"Céu Claro";"Dupla";"Reta";"Sim";2;0;1;0;1;0;1;2;-23,17630558;-45,83432794;"SPRF-SP";"DEL02-SP";"UOP01-DEL02-SP"
355844;2021-05-06;"quinta-feira";"00:10:00";"SE";101;202,1;"CRISTINAPOLIS";"Reação tardia ou ineficiente do condutor";"Saída de leito carroçável";"Com Vítimas Feridas";"Plena Noite";"Crescente";"Nublado";"Simples";"Desvio Temporário";"Não";2;0;1;0;1;0;1;1;-11,4968367;-37,78079941;"SPRF-SE";"DEL02-SE";"UOP03-DEL02-SE"
355845;2021-05-06;"quinta-feira";"00:30:00";"GO";50;214,7;"CAMPO ALEGRE DE GOIAS";"Reação tardia ou ineficiente do condutor";"Colisão traseira";"Com Vítimas Feridas";"Plena Noite";"Crescente";"Céu Claro";"Dupla";"Reta";"Não";1;0;1;0;0;0;1;1;-17,6717;-47,7306;"SPRF-GO";"DEL06-GO";"UOP01-DEL06-GO"
355847;2021-05-06;"quinta-feira";"00:34:00";"SP";116;208;"GUARULHOS";"Velocidade Incompatível";"Colisão com objeto";"Sem Vítimas";"Plena Noite";"Decrescente";"Céu Claro";"Dupla";"Curva";"Sim";1;0;0;0;0;1;0;1;-23,42222263;-46,3932771;"SPRF-SP";"DEL01-SP";"UOP01-DEL01-SP"
355850;2021-05-05;"quarta-feira";"23:30:00";"PR";369;147,2;"LONDRINA";"Condutor desrespeitou a iluminação vermelha do semáforo";"Colisão transversal";"Com Vítimas Feridas";"Plena Noite";"Decrescente";"Céu Claro";"Dupla";"Reta";"Sim";2;0;1;0;1;0;1;2;-23,293016;-51,134377;"SPRF-PR";"DEL07-PR";"UOP01-DEL07-PR"
355851;2021-05-05;"quarta-feira";"22:30:00";"BA";116;797,9;"VITORIA DA CONQUISTA";"Demais falhas mecânicas ou elétricas";"Incêndio";"Sem Vítimas";"Plena Noite";"Crescente";"Nublado";"Simples";"Reta";"Não";1;0;0;0;1;0;0;1;-14,73731;-40,65351;"SPRF-BA";"DEL08-BA";"UOP02-DEL08-BA"
355852;2021-05-06;"quinta-feira";"00:40:00";"PR";476;136;"CURITIBA";"Condutor Dormindo";"Colisão com objeto";"Com Vítimas Feridas";"Plena Noite";"Crescente";"Nublado";"Dupla";"Reta";"Sim";1;0;1;0;0;0;1;1;-25,495159;-49,275359;"SPRF-PR";"DEL01-PR";"UOP03-DEL01-PR"
355856;2021-05-06;"quinta-feira";"00:30:00";"MA";135;13;"SAO LUIS";"Velocidade Incompatível";"Colisão traseira";"Com Vítimas Feridas";"Plena Noite";"Crescente";"Céu Claro";"Dupla";"Reta";"Sim";1;0;1;0;0;0;1;1;-2,68053538;-44,29512283;"SPRF-MA";"DEL01-MA";"UOP01-DEL01-MA"
355857;2021-05-06;"quinta-feira";"00:10:00";"SC";470;269;"BRUNOPOLIS";"Declive acentuado";"Saída de leito carroçável";"Com Vítimas Feridas";"Plena Noite";"Crescente";"Chuva";"Simples";"Curva";"Não";1;0;1;0;0;0;1;1;-27,313988;-50,758327;"SPRF-SC";"DEL07-SC";"UOP06-DEL07-SC"
355858;2021-05-06;"quinta-feira";"04:55:00";"DF";20;45,8;"BRASILIA";"Condutor Dormindo";"Saída de leito carroçável";"Com Vítimas Feridas";"Plena Noite";"Crescente";"Ignorado";"Dupla";"Curva";"Não";1;0;1;0;0;0;1;1;-15,577153;-47,467113;"SPRF-DF";"DEL02-DF";"UOP01-DEL02-DF"
355859;2021-05-06;"quinta-feira";"05:00:00";"SC";470;58,2;"BLUMENAU";"Ausência de reação do condutor";"Colisão lateral mesmo sentido";"Com Vítimas Feridas";"Plena Noite";"Crescente";"Nublado";"Simples";"Reta";"Não";2;0;0;1;1;0;1;2;-26,883879;-49,145622;"SPRF-SC";"DEL04-SC";"UOP01-DEL04-SC"
355860;2021-05-06;"quinta-feira";"02:45:00";"SC";470;145;"RIO DO SUL";"Ingestão de álcool pelo condutor";"Colisão com objeto";"Sem Vítimas";"Plena Noite";"Decrescente";"Chuva";"Simples";"Reta";"Não";1;0;0;0;1;0;0;1;-27,237301;-49,682217;"SPRF-SC";"DEL04-SC";"UOP02-DEL04-SC"
355861;2021-05-06;"quinta-feira";"05:15:00";"SC";280;50;"GUARAMIRIM";"Reação tardia ou ineficiente do condutor";"Saída de leito carroçável";"Com Vítimas Feridas";"Amanhecer";"Decrescente";"Garoa/Chuvisco";"Simples";"Em Obras";"Sim";1;0;1;0;0;0;1;1;-26,4619489;-48,94618404;"SPRF-SC";"DEL03-SC";"UOP03-DEL03-SC"
355864;2021-05-06;"quinta-feira";"06:30:00";"SC";280;48,1;"GUARAMIRIM";"Acessar a via sem observar a presença dos outros veículos";"Colisão transversal";"Com Vítimas Feridas";"Amanhecer";"Decrescente";"Garoa/Chuvisco";"Simples";"Declive";"Não";2;0;0;1;1;0;1;2;-26,45601234;-48,93016577;"SPRF-SC";"DEL03-SC";"UOP03-DEL03-SC"
355865;2021-05-06;"quinta-feira";"06:55:00";"CE";222;31;"CAUCAIA";"Condutor deixou de manter distância do veículo da frente";"Colisão traseira";"Sem Vítimas";"Pleno dia";"Crescente";"Céu Claro";"Simples";"Reta";"Não";2;0;0;0;2;0;0;2;-3,71019947;-38,82872412;"SPRF-CE";"DEL01-CE";"UOP01-DEL01-CE"
355867;2021-05-06;"quinta-feira";"06:15:00";"RJ";116;167;"SAO JOAO DE MERITI";"Trafegar com motocicleta (ou similar) entre as faixas";"Colisão lateral mesmo sentido";"Com Vítimas Feridas";"Pleno dia";"Decrescente";"Nublado";"Dupla";"Reta";"Sim";2;0;1;0;1;0;1;2;-22,81803977;-43,30787252;"SPRF-RJ";"DEL01-RJ";"UOP01-DEL01-RJ"
355869;2021-05-06;"quinta-feira";"04:50:00";"ES";101;228;"FUNDAO";"Ingestão de álcool pelo condutor";"Capotamento";"Com Vítimas Feridas";"Plena Noite";"Crescente";"Céu Claro";"Simples";"Reta";"Não";1;0;1;0;0;0;1;1;-19,91868701;-40,40570613;"SPRF-ES";"DEL02-ES";"UOP01-DEL02-ES"
355870;2021-05-06;"quinta-feira";"06:00:00";"MG";40;587,5;"ITABIRITO";"Condutor Dormindo";"Colisão frontal";"Com Vítimas Feridas";"Pleno dia";"Decrescente";"Céu Claro";"Simples";"Declive;Curva";"Sim";4;0;0;1;3;0;1;2;-20,35149094;-43,91313094;"SPRF-MG";"DEL01-MG";"UOP02-DEL01-MG"
355875;2021-05-06;"quinta-feira";"07:20:00";"SC";101;21;"JOINVILLE";"Velocidade Incompatível";"Colisão com objeto";"Com Vítimas Feridas";"Pleno dia";"Crescente";"Chuva";"Dupla";"Curva";"Sim";1;0;1;0;0;0;1;1;-26,14793022;-48,90894562;"SPRF-SC";"DEL03-SC";"UOP01-DEL03-SC"
355876;2021-05-06;"quinta-feira";"07:20:00";"ES";101;414,1;"ITAPEMIRIM";"Velocidade Incompatível";"Queda de ocupante de veículo";"Com Vítimas Feridas";"Pleno dia";"Crescente";"Céu Claro";"Simples";"Curva";"Não";1;0;1;0;0;0;1;1;-20,92345849;-41,07835562;"SPRF-ES";"DEL03-ES";"UOP02-DEL03-ES"
355877;2021-04-26;"segunda-feira";"08:44:00";"SC";101;131,2;"CAMBORIU";"Acessar a via sem observar a presença dos outros veículos";"Colisão transversal";"Com Vítimas Feridas";"Pleno dia";"Crescente";"Céu Claro";"Simples";"Reta";"Sim";2;0;0;1;1;0;1;2;-26,99382136;-48,66029263;"SPRF-SC";"DEL04-SC";"UOP03-DEL04-SC"
355879;2021-05-06;"quinta-feira";"07:30:00";"PE";104;60;"CARUARU";"Acessar a via sem observar a presença dos outros veículos";"Colisão lateral mesmo sentido";"Com Vítimas Feridas";"Pleno dia";"Decrescente";"Nublado";"Dupla";"Interseção de Vias";"Sim";3;0;2;0;0;1;2;2;-8,2438;-35,9752;"SPRF-PE";"DEL02-PE";"UOP01-DEL02-PE"
355881;2021-05-06;"quinta-feira";"05:30:00";"SC";470;42,8;"GASPAR";"Conversão proibida";"Colisão transversal";"Sem Vítimas";"Plena Noite";"Decrescente";"Nublado";"Simples";"Curva";"Não";2;0;0;0;1;1;0;2;-26,897341;-48,986881;"SPRF-SC";"DEL04-SC";"UOP01-DEL04-SC"
355882;2021-05-06;"quinta-feira";"08:00:00";"PE";101;78,9;"RECIFE";"Retorno proibido";"Colisão transversal";"Com Vítimas Feridas";"Pleno dia";"Decrescente";"Céu Claro";"Dupla";"Reta";"Sim";4;0;2;0;2;0;2;3;-8,13496499;-34,94738614;"SPRF-PE";"DEL01-PE";"UOP01-DEL01-PE"
355883;2021-05-06;"quinta-feira";"08:00:00";"DF";60;3;"BRASILIA";"Acessar a via sem observar a presença dos outros veículos";"Colisão transversal";"Com Vítimas Feridas";"Pleno dia";"Crescente";"Céu Claro";"Dupla";"Reta";"Sim";3;0;3;0;0;0;3;2;-15,8901884;-48,0871743;"SPRF-DF";"DEL03-DF";"UOP01-DEL03-DF"
355885;2021-05-06;"quinta-feira";"07:50:00";"PR";116;102;"SAO JOSE DOS PINHAIS";"Ausência de reação do condutor";"Queda de ocupante de veículo";"Com Vítimas Feridas";"Pleno dia";"Crescente";"Nublado";"Dupla";"Reta";"Não";2;0;1;0;1;0;1;2;-25,550639;-49,15025;"SPRF-PR";"DEL01-PR";"UOP01-DEL01-PR"
355886;2021-05-06;"quinta-feira";"06:50:00";"RJ";101;77;"CAMPOS DOS GOYTACAZES";"Manobra de mudança de faixa";"Colisão lateral sentido oposto";"Com Vítimas Feridas";"Amanhecer";"Crescente";"Sol";"Simples";"Reta";"Não";7;0;4;0;3;0;4;4;-21,82996408;-41,41023594;"SPRF-RJ";"DEL08-RJ";"UOP02-DEL08-RJ"
355889;2021-05-06;"quinta-feira";"07:40:00";"SC";101;119;"ITAJAI";"Condutor deixou de manter distância do veículo da frente";"Colisão traseira";"Com Vítimas Feridas";"Pleno dia";"Crescente";"Céu Claro";"Múltipla";"Reta";"Sim";2;0;1;0;1;0;1;2;-26,9043179;-48,71555481;"SPRF-SC";"DEL04-SC";"UOP04-DEL04-SC"
355890;2021-04-27;"terça-feira";"22:21:00";"GO";364;18;"SAO SIMAO";"Condutor deixou de manter distância do veículo da frente";"Colisão traseira";"Com Vítimas Feridas";"Plena Noite";"Decrescente";"Céu Claro";"Simples";"Reta";"Não";1;0;1;0;0;0;1;1;-18,943693;-50,635265;"SPRF-GO";"DEL05-GO";"UOP02-DEL05-GO"