"id";"data_inversa";"dia_semana";"horario";"uf";"br";"km";"municipio";"causa_acidente";"tipo_acidente";"classificacao_acidente";"fase_dia";"sentido_via";"condicao_metereologica";"tipo_pista";"tracado_via";"uso_solo";"pessoas";"mortos";"feridos_leves";"feridos_graves";"ilesos";"ignorados";"feridos";"veiculos";"latitude";"longitude";"regional";"delegacia";"uop"
356032;2021-05-06;"quinta-feira";"21:15:00";"MS";60;592,9;"JARDIM";"Acessar a via sem observar a presença dos outros veículos";"Colisão transversal";"Com Vítimas Feridas";"Plena Noite";"Decrescente";"Céu Claro";"Simples";"Reta";"Sim";2;0;2;0;0;0;2;2;-21,48196992;-56,14179005;"SPRF-MS";"DEL05-MS";"UOP01-DEL05-MS"
356033;2021-05-06;"quinta-feira";"21:20:00";"SC";282;525,8;"XAXIM";"Ingestão de álcool pelo condutor";"Saída de leito carroçável";"Sem Vítimas";"Plena Noite";"Crescente";"Chuva";"Simples";"Curva";"Não";1;0;0;0;1;0;0;1;-26,965441;-52,566383;"SPRF-SC";"DEL07-SC";"UOP01-DEL07-SC"
356036;2021-05-06;"quinta-feira";"19:00:00";"PI";343;4;"TERESINA";"Ingestão de álcool pelo condutor";"Colisão lateral mesmo sentido";"Sem Vítimas";"Plena Noite";"Decrescente";"Céu Claro";"Dupla";"Reta";"Não";2;0;0;0;2;0;0;2;-5,089569;-42,802288;"SPRF-PI";"DEL01-PI";"UOP01-DEL01-PI"
356037;2021-05-06;"quinta-feira";"19:55:00";"MG";153;152,5;"COMENDADOR GOMES";"Ultrapassagem Indevida";"Capotamento";"Com Vítimas Feridas";"Plena Noite";"Crescente";"Céu Claro";"Simples";"Reta";"Não";2;0;1;0;1;0;1;1;-19,632466;-48,88355;"SPRF-MG";"DEL13-MG";"UOP02-DEL13-MG"
356040;2021-05-06;"quinta-feira";"21:50:00";"MG";262;710,5;"ARAXA";"Demais falhas mecânicas ou elétricas";"Incêndio";"Sem Vítimas";"Plena Noite";"Crescente";"Céu Claro";"Simples";"Curva";"Não";1;0;0;0;1;0;0;1;-19,59763642;-47,14988708;"SPRF-MG";"DEL08-MG";"UOP01-DEL08-MG"
356042;2021-05-06;"quinta-feira";"23:50:00";"PR";272;555,3;"TERRA ROXA";"Reação tardia ou ineficiente do condutor";"Saída de leito carroçável";"Com Vítimas Feridas";"Plena Noite";"Decrescente";"Garoa/Chuvisco";"Simples";"Curva;Aclive";"Não";1;0;1;0;0;0;1;1;-24,08413076;-54,1051081;"SPRF-PR";"DEL06-PR";"UOP01-DEL06-PR"
356044;2021-05-07;"sexta-feira";"00:01:00";"SC";282;504;"XANXERE";"Velocidade Incompatível";"Colisão com objeto";"Com Vítimas Feridas";"Plena Noite";"Decrescente";"Nublado";"Dupla";"Curva";"Sim";2;0;1;0;1;0;1;1;-26,884279;-52,408466;"SPRF-SC";"DEL07-SC";"UOP01-DEL07-SC"
356045;2021-02-14;"domingo";"17:30:00";"MG";365;27,8;"MONTES CLAROS";"Mal súbito do condutor";"Saída de leito carroçável";"Com Vítimas Feridas";"Anoitecer";"Decrescente";"Sol";"Simples";"Reta";"Não";2;0;0;2;0;0;2;1;-16,84711553;-44,07790476;"SPRF-MG";"DEL12-MG";"UOP01-DEL12-MG"
356047;2021-05-07;"sexta-feira";"00:24:00";"MG";262;67,4;"MATIPO";"Ingestão de álcool pelo condutor";"Colisão transversal";"Com Vítimas Feridas";"Plena Noite";"Crescente";"Céu Claro";"Simples";"Curva";"Não";2;0;0;1;1;0;1;2;-20,30577418;-42,26805605;"SPRF-MG";"DEL06-MG";"UOP03-DEL06-MG"
356049;2021-05-06;"quinta-feira";"12:20:00";"ES";101;266,6;"SERRA";"Condutor deixou de manter distância do veículo da frente";"Colisão traseira";"Com Vítimas Feridas";"Pleno dia";"Decrescente";"Céu Claro";"Múltipla";"Reta";"Sim";2;0;1;0;0;1;1;2;-20,190199;-40,26828891;"SPRF-ES";"DEL02-ES";"UOP01-DEL02-ES"
356050;2021-05-06;"quinta-feira";"22:55:00";"RJ";116;173;"MESQUITA";"Demais falhas mecânicas ou elétricas";"Colisão com objeto";"Com Vítimas Feridas";"Plena Noite";"Decrescente";"Céu Claro";"Múltipla";"Reta";"Sim";1;0;0;1;0;0;1;1;-22,77630021;-43,39938641;"SPRF-RJ";"DEL01-RJ";"UOP02-DEL01-RJ"
356051;2021-05-06;"quinta-feira";"21:30:00";"PR";153;203;"TIBAGI";"Ausência de reação do condutor";"Saída de leito carroçável";"Com Vítimas Feridas";"Plena Noite";"Decrescente";"Nublado";"Simples";"Rotatória";"Não";1;0;0;1;0;0;1;1;-24,50043642;-50,44442296;"SPRF-PR";"DEL03-PR";"UOP02-DEL03-PR"
356052;2021-05-06;"quinta-feira";"11:30:00";"PB";230;459;"SOUSA";"Transitar na contramão";"Colisão lateral sentido oposto";"Com Vítimas Feridas";"Plena Noite";"Crescente";"Nublado";"Simples";"Reta";"Não";2;0;0;1;1;0;1;2;-6,7762;-38,1899;"SPRF-PB";"DEL03-PB";"UOP03-DEL03-PB"
356053;2021-05-07;"sexta-feira";"02:00:00";"PE";101;71,7;"RECIFE";"Animais na Pista";"Colisão com objeto";"Sem Vítimas";"Plena Noite";"Decrescente";"Chuva";"Dupla";"Reta";"Sim";1;0;0;0;1;0;0;1;-8,07663102;-34,94277871;"SPRF-PE";"DEL01-PE";"UOP01-DEL01-PE"
356054;2021-05-07;"sexta-feira";"01:30:00";"SC";101;133,5;"BALNEARIO CAMBORIU";"Ingestão de álcool pelo condutor";"Colisão com objeto";"Com Vítimas Feridas";"Plena Noite";"Decrescente";"Nublado";"Dupla";"Reta";"Sim";5;0;2;0;3;0;2;1;-27,00067567;-48,6411202;"SPRF-SC";"DEL04-SC";"UOP03-DEL04-SC"
356055;2021-05-07;"sexta-feira";"01:55:00";"PR";116;5;"CAMPINA GRANDE DO SUL";"Velocidade Incompatível";"Capotamento";"Com Vítimas Feridas";"Plena Noite";"Decrescente";"Chuva";"Dupla";"Curva;Declive";"Não";4;0;1;1;2;0;2;1;-25,08301297;-48,59994703;"SPRF-PR";"DEL01-PR";"UOP02-DEL01-PR"
356057;2021-05-07;"sexta-feira";"03:35:00";"RJ";116;183;"NOVA IGUACU";"Animais na Pista";"Atropelamento de Animal";"Com Vítimas Feridas";"Plena Noite";"Crescente";"Céu Claro";"Dupla";"Curva";"Sim";2;0;0;2;0;0;2;1;-22,7516014;-43,43849831;"SPRF-RJ";"DEL01-RJ";"UOP02-DEL01-RJ"
356059;2021-05-06;"quinta-feira";"08:40:00";"GO";153;646,5;"GOIATUBA";"Velocidade Incompatível";"Capotamento";"Com Vítimas Feridas";"Pleno dia";"Crescente";"Céu Claro";"Dupla";"Reta";"Não";2;0;2;0;0;0;2;1;-17,932;-49,2444;"SPRF-GO";"DEL03-GO";"UOP01-DEL03-GO"
356060;2021-05-07;"sexta-feira";"05:00:00";"PB";230;198;"POCINHOS";"Animais na Pista";"Atropelamento de Animal";"Com Vítimas Feridas";"Pleno dia";"Decrescente";"Céu Claro";"Simples";"Reta";"Não";1;0;0;1;0;0;1;1;-7,1106;-36,22;"SPRF-PB";"DEL02-PB";"UOP02-DEL02-PB"
356061;2021-05-07;"sexta-feira";"04:30:00";"MS";262;240;"RIBAS DO RIO PARDO";"Pedestre andava na pista";"Atropelamento de Pedestre";"Com Vítimas Feridas";"Plena Noite";"Crescente";"Céu Claro";"Simples";"Reta";"Sim";2;0;1;1;0;0;2;2;-20,45766622;-53,76551998;"SPRF-MS";"DEL01-MS";"UOP01-DEL01-MS"
356062;2021-05-07;"sexta-feira";"06:05:00";"PE";101;82;"JABOATAO DOS GUARARAPES";"Condutor deixou de manter distância do veículo da frente";"Colisão traseira";"Sem Vítimas";"Pleno dia";"Crescente";"Céu Claro";"Dupla";"Reta";"Sim";2;0;0;0;2;0;0;2;-8,168383;-34,9376;"SPRF-PE";"DEL01-PE";"UOP01-DEL01-PE"
356063;2021-05-07;"sexta-feira";"00:10:00";"SP";116;270;"TABOAO DA SERRA";"Ausência de reação do condutor";"Colisão traseira";"Com Vítimas Feridas";"Plena Noite";"Crescente";"Céu Claro";"Dupla";"Reta";"Sim";2;0;1;0;1;0;1;2;-23,61799728;-46,79677694;"SPRF-SP";"DEL04-SP";"UOP01-DEL04-SP"
356064;2021-05-07;"sexta-feira";"06:15:00";"PR";369;129,4;"JATAIZINHO";"Conversão proibida";"Colisão frontal";"Com Vítimas Feridas";"Amanhecer";"Decrescente";"Nublado";"Simples";"Reta";"Sim";4;0;1;0;3;0;1;2;-23,258592;-50,981123;"SPRF-PR";"DEL07-PR";"UOP01-DEL07-PR"
356065;2021-05-07;"sexta-feira";"06:40:00";"CE";222;12,5;"CAUCAIA";"Condutor deixou de manter distância do veículo da frente";"Colisão traseira";"Com Vítimas Feridas";"Pleno dia";"Decrescente";"Céu Claro";"Simples";"Reta";"Sim";3;0;0;2;0;1;2;2;-3,76479979;-38,66897196;"SPRF-CE";"DEL01-CE";"UOP01-DEL01-CE"
356066;2021-05-07;"sexta-feira";"06:10:00";"MG";381;482;"BETIM";"Demais falhas mecânicas ou elétricas";"Tombamento";"Com Vítimas Feridas";"Pleno dia";"Decrescente";"Céu Claro";"Dupla";"Reta";"Sim";1;0;1;0;0;0;1;1;-19,955532;-44,097209;"SPRF-MG";"DEL01-MG";"UOP03-DEL01-MG"
356068;2021-05-07;"sexta-feira";"06:40:00";"MG";381;486,5;"BETIM";"Reação tardia ou ineficiente do condutor";"Engavetamento";"Com Vítimas Feridas";"Pleno dia";"Decrescente";"Céu Claro";"Dupla";"Reta";"Sim";5;0;2;0;3;0;2;3;-19,95654203;-44,10967827;"SPRF-MG";"DEL01-MG";"UOP03-DEL01-MG"
356072;2021-05-07;"sexta-feira";"06:00:00";"RR";401;5;"CANTA";"Acesso irregular";"Colisão lateral mesmo sentido";"Com Vítimas Feridas";"Amanhecer";"Crescente";"Nublado";"Dupla";"Retorno Regulamentado";"Não";2;0;0;1;0;1;1;2;2,78623553;-60,65053801;"SPRF-RR";"DEL01-RR";"UOP01-DEL01-RR"
356074;2021-05-06;"quinta-feira";"20:00:00";"MT";364;1232;"COMODORO";"Transitar na contramão";"Colisão frontal";"Com Vítimas Feridas";"Plena Noite";"Crescente";"Chuva";"Simples";"Reta";"Não";3;0;3;0;0;0;3;2;-13,83394291;-59,62075802;"SPRF-MT";"DEL04-MT";"UOP01-DEL04-MT"
356075;2021-05-07;"sexta-feira";"06:40:00";"RS";448;21;"PORTO ALEGRE";"Ausência de reação do condutor";"Colisão traseira";"Com Vítimas Feridas";"Pleno dia";"Crescente";"Céu Claro";"Dupla";"Reta";"Sim";4;0;1;0;3;0;1;3;-29,96574;-51,202034;"SPRF-RS";"DEL01-RS";"UOP01-DEL01-RS"
356077;2021-05-07;"sexta-feira";"07:15:00";"RN";101;96,9;"NATAL";"Condutor deixou de manter distância do veículo da frente";"Colisão traseira";"Com Vítimas Feridas";"Pleno dia";"Decrescente";"Sol";"Dupla";"Reta";"Sim";2;0;1;0;1;0;1;2;-5,84949622;-35,20890752;"SPRF-RN";"DEL01-RN";"UOP01-DEL01-RN"
356079;2021-05-07;"sexta-feira";"07:00:00";"BA";324;615;"SALVADOR";"Velocidade Incompatível";"Tombamento";"Com Vítimas Feridas";"Pleno dia";"Crescente";"Céu Claro";"Dupla";"Reta";"Sim";2;0;2;0;0;0;2;1;-12,87206398;-38,42746403;"SPRF-BA";"DEL01-BA";"UOP01-DEL01-BA"
356080;2021-05-07;"sexta-feira";"06:20:00";"ES";262;1,3;"CARIACICA";"Ausência de reação do condutor";"Queda de ocupante de veículo";"Com Vítimas Feridas";"Amanhecer";"Crescente";"Céu Claro";"Dupla";"Curva";"Sim";1;0;1;0;0;0;1;1;-20,32955204;-40,35492602;"SPRF-ES";"DEL01-ES";"UOP01-DEL01-ES"
356081;2021-05-07;"sexta-feira";"07:40:00";"RS";290;76;"GRAVATAI";"Demais falhas mecânicas ou elétricas";"Colisão com objeto";"Sem Vítimas";"Pleno dia";"Decrescente";"Céu Claro";"Múltipla";"Reta";"Não";1;0;0;0;1;0;0;1;-29,956612;-51,017124;"SPRF-RS";"DEL01-RS";"UOP01-DEL01-RS"
356082;2021-01-11;"segunda-feira";"16:45:00";"CE";222;3,5;"CAUCAIA";"Condutor deixou de manter distância do veículo da frente";"Colisão traseira";"Com Vítimas Feridas";"Pleno dia";"Crescente";"Céu Claro";"Dupla";"Rotatória";"Sim";6;0;3;0;3;0;3;3;-3,736507;-38,65337;"SPRF-CE";"DEL01-CE";"UOP01-DEL01-CE"
356083;2021-05-07;"sexta-feira";"07:30:00";"PR";116;50,7;"CAMPINA GRANDE DO SUL";"Velocidade Incompatível";"Colisão com objeto";"Com Vítimas Feridas";"Pleno dia";"Decrescente";"Chuva";"Dupla";"Curva";"Não";1;0;1;0;0;0;1;1;-25,23481696;-48,90807771;"SPRF-PR";"DEL01-PR";"UOP02-DEL01-PR"
356085;2021-05-07;"sexta-feira";"07:30:00";"RN";101;105,3;"PARNAMIRIM";"Condutor deixou de manter distância do veículo da frente";"Colisão traseira";"Sem Vítimas";"Pleno dia";"Decrescente";"Céu Claro";"Dupla";"Reta";"Sim";2;0;0;0;1;1;0;2;-5,90165196;-35,25928517;"SPRF-RN";"DEL01-RN";"UOP01-DEL01-RN"
356086;2021-05-07;"sexta-feira";"07:40:00";"DF";70;5;"BRASILIA";"Afundamento ou ondulação no pavimento";"Colisão lateral mesmo sentido";"Com Vítimas Feridas";"Pleno dia";"Decrescente";"Céu Claro";"Simples";"Reta";"Sim";2;0;1;0;1;0;1;2;-15,794656;-48,096779;"SPRF-DF";"DEL03-DF";"UOP02-DEL03-DF"
356087;2021-05-07;"sexta-feira";"08:20:00";"SP";116;270;"TABOAO DA SERRA";"Ausência de reação do condutor";"Colisão lateral mesmo sentido";"Com Vítimas Feridas";"Pleno dia";"Decrescente";"Nublado";"Dupla";"Reta";"Sim";2;0;1;0;1;0;1;2;-23,61799728;-46,79677694;"SPRF-SP";"DEL04-SP";"UOP01-DEL04-SP"
356088;2021-05-07;"sexta-feira";"08:20:00";"MG";381;500,9;"BETIM";"Acumulo de areia ou detritos sobre o pavimento";"Tombamento";"Com Vítimas Feridas";"Pleno dia";"Crescente";"Sol";"Múltipla";"Interseção de Vias";"Não";1;0;1;0;0;0;1;1;-20,01109694;-44,21894073;"SPRF-MG";"DEL01-MG";"UOP03-DEL01-MG"
356089;2021-05-06;"quinta-feira";"17:00:00";"SC";282;81,4;"RANCHO QUEIMADO";"Chuva";"Saída de leito carroçável";"Com Vítimas Feridas";"Anoitecer";"Crescente";"Chuva";"Simples";"Declive;Curva";"Não";3;0;1;0;2;0;1;1;-27,662018;-49,168583;"SPRF-SC";"DEL01-SC";"UOP03-DEL01-SC"
356093;2021-05-07;"sexta-feira";"08:20:00";"PA";316;86;"SAO FRANCISCO DO PARA";"Acessar a via sem observar a presença dos outros veículos";"Colisão transversal";"Com Vítimas Fatais";"Pleno dia";"Crescente";"Céu Claro";"Simples";"Reta";"Não";3;1;1;0;0;1;1;3;-1,31324695;-47,72716999;"SPRF-PA";"DEL01-PA";"UOP02-DEL01-PA"
356097;2021-05-07;"sexta-feira";"08:35:00";"SC";101;213,4;"PALHOCA";"Manobra de mudança de faixa";"Colisão lateral mesmo sentido";"Com Vítimas Feridas";"Pleno dia";"Crescente";"Céu Claro";"Múltipla";"Reta";"Sim";1;0;1;0;0;0;1;1;-27,63697369;-48,66514142;"SPRF-SC";"DEL01-SC";"UOP02-DEL01-SC"
356098;2021-05-07;"sexta-feira";"07:30:00";"RJ";40;110;"DUQUE DE CAXIAS";"Condutor deixou de manter distância do veículo da frente";"Colisão traseira";"Com Vítimas Feridas";"Pleno dia";"Crescente";"Céu Claro";"Múltipla";"Reta";"Não";6;0;1;0;5;0;1;4;-22,68289906;-43,28549346;"SPRF-RJ";"DEL01-RJ";"UOP01-DEL01-RJ"
356100;2021-05-07;"sexta-feira";"09:30:00";"BA";101;444;"UBAITABA";"Reação tardia ou ineficiente do condutor";"Colisão traseira";"Com Vítimas Feridas";"Pleno dia";"Crescente";"Céu Claro";"Dupla";"Aclive";"Sim";2;0;0;1;1;0;1;2;-14,30048224;-39,32418823;"SPRF-BA";"DEL05-BA";"UOP01-DEL05-BA"
356101;2021-05-07;"sexta-feira";"06:50:00";"PI";343;1;"TERESINA";"Transitar no acostamento";"Colisão transversal";"Sem Vítimas";"Pleno dia";"Crescente";"Céu Claro";"Dupla";"Reta;Interseção de Vias";"Sim";3;0;0;0;1;2;0;2;-5,089569;-42,802288;"SPRF-PI";"DEL01-PI";"UOP01-DEL01-PI"
356102;2021-05-07;"sexta-feira";"08:15:00";"PR";277;1;"FOZ DO IGUACU";"Condutor deixou de manter distância do veículo da frente";"Colisão traseira";"Com Vítimas Feridas";"Pleno dia";"Decrescente";"Sol";"Dupla";"Reta";"Sim";3;0;1;0;2;0;1;2;-25,500578;-54,583965;"SPRF-PR";"DEL05-PR";"UOP03-DEL05-PR"
356104;2021-05-07;"sexta-feira";"09:00:00";"BA";242;903;"LUIS EDUARDO MAGALHAES";"Reação tardia ou ineficiente do condutor";"Saída de leito carroçável";"Com Vítimas Feridas";"Pleno dia";"Crescente";"Céu Claro";"Simples";"Reta";"Não";2;0;0;2;0;0;2;1;-12,11418709;-45,97126007;"SPRF-BA";"DEL10-BA";"UOP01-DEL10-BA"
356105;2021-05-07;"sexta-feira";"07:20:00";"AC";364;125;"RIO BRANCO";"Manobra de mudança de faixa";"Colisão lateral mesmo sentido";"Com Vítimas Feridas";"Pleno dia";"Crescente";"Céu Claro";"Dupla";"Rotatória";"Não";2;0;0;1;1;0;1;2;-10,01280606;-67,80005697;"SPRF-AC";"DEL01-AC";"UOP01-DEL01-AC"
356106;2021-05-07;"sexta-feira";"09:40:00";"RJ";116;168,1;"SAO JOAO DE MERITI";"Demais falhas mecânicas ou elétricas";"Incêndio";"Sem Vítimas";"Pleno dia";"Crescente";"Chuva";"Múltipla";"Reta";"Sim";1;0;0;0;1;0;0;1;-22,7951125;-43,3623163;"SPRF-RJ";"DEL01-RJ";"UOP02-DEL01-RJ"
356109;2021-02-13;"sábado";"07:45:00";"RJ";40;91;"PETROPOLIS";"Velocidade Incompatível";"Saída de leito carroçável";"Com Vítimas Feridas";"Pleno dia";"Crescente";"Céu Claro";"Simples";"Curva";"Não";2;0;1;0;1;0;1;1;-22,54903566;-43,24229724;"SPRF-RJ";"DEL06-RJ";"UOP01-DEL06-RJ"
356110;2021-05-07;"sexta-feira";"05:30:00";"PE";232;23;"MORENO";"Condutor deixou de manter distância do veículo da frente";"Colisão transversal";"Sem Vítimas";"Pleno dia";"Decrescente";"Sol";"Dupla";"Reta";"Não";1;0;0;0;1;0;0;1;-8,0992185;-35,09713887;"SPRF-PE";"DEL01-PE";"UOP01-DEL01-PE"
356111;2021-05-07;"sexta-feira";"08:20:00";"RS";290;10;"OSORIO";"Ingestão de substâncias psicoativas pelo condutor";"Saída de leito carroçável";"Sem Vítimas";"Pleno dia";"Decrescente";"Céu Claro";"Dupla";"Reta";"Não";1;0;0;0;0;1;0;1;-29,891388;-50,373714;"SPRF-RS";"DEL03-RS";"UOP01-DEL03-RS"
356113;2021-05-07;"sexta-feira";"09:50:00";"MG";116;637,3;"DIVINO";"Acessar a via sem observar a presença dos outros veículos";"Colisão transversal";"Com Vítimas Feridas";"Pleno dia";"Decrescente";"Sol";"Simples";"Reta;Interseção de Vias";"Não";4;0;0;1;3;0;1;2;-20,62306732;-42,2215918;"SPRF-MG";"DEL07-MG";"UOP03-DEL07-MG"
356116;2021-05-07;"sexta-feira";"10:00:00";"MG";40;632,5;"CONSELHEIRO LAFAIETE";"Acessar a via sem observar a presença dos outros veículos";"Colisão transversal";"Com Vítimas Feridas";"Pleno dia";"Crescente";"Céu Claro";"Simples";"Interseção de Vias";"Sim";6;0;4;0;1;1;4;3;-20,68150871;-43,79436543;"SPRF-MG";"DEL05-MG";"UOP02-DEL05-MG"
356119;2021-05-07;"sexta-feira";"10:30:00";"RN";304;98,2;"ACU";"Acessar a via sem observar a presença dos outros veículos";"Colisão transversal";"Com Vítimas Fatais";"Pleno dia";"Crescente";"Céu Claro";"Simples";"Reta";"Não";3;1;1;0;1;0;1;2;-5,56927285;-37,04067393;"SPRF-RN";"DEL04-RN";"UOP01-DEL04-RN"
356121;2021-05-07;"sexta-feira";"09:35:00";"RJ";101;487;"ANGRA DOS REIS";"Velocidade Incompatível";"Colisão lateral sentido oposto";"Sem Vítimas";"Pleno dia";"Crescente";"Chuva";"Simples";"Curva";"Sim";2;0;0;0;2;0;0;2;-22,96828891;-44,29864663;"SPRF-RJ";"DEL03-RJ";"UOP03-DEL03-RJ"
356122;2021-05-07;"sexta-feira";"10:25:00";"PR";376;3;"APUCARANA";"Demais falhas mecânicas ou elétricas";"Colisão lateral mesmo sentido";"Com Vítimas Feridas";"Pleno dia";"Crescente";"Céu Claro";"Simples";"Reta";"Sim";3;0;2;0;1;0;2;2;-23,5513;-51,461266;"SPRF-PR";"DEL07-PR";"UOP03-DEL07-PR"
356123;2021-04-26;"segunda-feira";"12:50:00";"MS";463;74,8;"PONTA PORA";"Ingestão de álcool pelo condutor";"Colisão com objeto";"Com Vítimas Feridas";"Pleno dia";"Decrescente";"Céu Claro";"Simples";"Rotatória";"Não";1;0;1;0;0;0;1;1;-22,49152792;-55,42546007;"SPRF-MS";"DEL04-MS";"UOP03-DEL04-MS"
356124;2021-05-07;"sexta-feira";"09:30:00";"AL";316;269,4;"SATUBA";"Acessar a via sem observar a presença dos outros veículos";"Colisão transversal";"Sem Vítimas";"Pleno dia";"Crescente";"Céu Claro";"Simples";"Reta";"Sim";2;0;0;0;1;1;0;2;-9,58021969;-35,83876014;"SPRF-AL";"DEL02-AL";"UOP01-DEL02-AL"
356126;2021-05-07;"sexta-feira";"10:30:00";"PR";277;699;"SAO MIGUEL DO IGUACU";"Avarias e/ou desgaste excessivo no pneu";"Tombamento";"Com Vítimas Feridas";"Pleno dia";"Crescente";"Céu Claro";"Dupla";"Reta";"Não";2;0;1;1;0;0;2;1;-25,401306;-54,320267;"SPRF-PR";"DEL05-PR";"UOP01-DEL05-PR"
356127;2021-05-07;"sexta-feira";"10:30:00";"SE";101;27,3;"MURIBECA";"Pista Escorregadia";"Saída de leito carroçável";"Com Vítimas Feridas";"Pleno dia";"Decrescente";"Nublado";"Dupla";"Declive;Curva";"Não";3;0;1;0;2;0;1;1;-10,42142406;-36,9250159;"SPRF-SE";"DEL02-SE";"UOP02-DEL02-SE"
356128;2021-04-29;"quinta-feira";"10:20:00";"BA";101;598;"MASCOTE";"Velocidade Incompatível";"Saída de leito carroçável";"Com Vítimas Feridas";"Pleno dia";"Decrescente";"Céu Claro";"Simples";"Curva";"Não";1;0;1;0;0;0;1;1;-15,48813727;-39,43226382;"SPRF-BA";"DEL05-BA";"UOP02-DEL05-BA"
356129;2021-05-07;"sexta-feira";"11:20:00";"MG";40;275,8;"TRES MARIAS";"Ausência de reação do condutor";"Saída de leito carroçável";"Com Vítimas Feridas";"Pleno dia";"Decrescente";"Céu Claro";"Simples";"Declive;Reta";"Sim";1;0;0;1;0;0;1;1;-18,19945877;-45,23770577;"SPRF-MG";"DEL14-MG";"UOP02-DEL14-MG"
356131;2021-05-07;"sexta-feira";"10:00:00";"RO";364;41;"VILHENA";"Reação tardia ou ineficiente do condutor";"Saída de leito carroçável";"Com Vítimas Feridas";"Pleno dia";"Crescente";"Céu Claro";"Simples";"Reta";"Não";2;0;1;1;0;0;2;1;-12,62720995;-60,33444791;"SPRF-RO";"DEL04-RO";"UOP01-DEL04-RO"
356132;2021-01-13;"quarta-feira";"12:15:00";"SC";480;125,6;"CHAPECO";"Mal súbito do condutor";"Saída de leito carroçável";"Com Vítimas Fatais";"Pleno dia";"Crescente";"Sol";"Dupla";"Reta";"Não";1;1;0;0;0;0;0;1;-27,01588191;-52,63788729;"SPRF-SC";"DEL07-SC";"UOP01-DEL07-SC"
356134;2021-05-07;"sexta-feira";"12:00:00";"PR";376;173,5;"MARINGA";"Trafegar com motocicleta (ou similar) entre as faixas";"Colisão lateral mesmo sentido";"Com Vítimas Feridas";"Pleno dia";"Crescente";"Céu Claro";"Dupla";"Aclive";"Sim";2;0;1;0;1;0;1;2;-23,4172197;-51,9589231;"SPRF-PR";"DEL09-PR";"UOP01-DEL09-PR"
356135;2021-05-07;"sexta-feira";"09:59:00";"SC";101;137;"BALNEARIO CAMBORIU";"Manobra de mudança de faixa";"Colisão traseira";"Com Vítimas Feridas";"Pleno dia";"Crescente";"Sol";"Múltipla";"Reta";"Sim";2;0;1;0;0;1;1;2;-27,0157238;-48,61192763;"SPRF-SC";"DEL04-SC";"UOP03-DEL04-SC"
356136;2021-05-07;"sexta-feira";"12:10:00";"MG";262;364;"JUATUBA";"Reação tardia ou ineficiente do condutor";"Colisão com objeto";"Com Vítimas Feridas";"Pleno dia";"Crescente";"Sol";"Dupla";"Reta";"Não";3;0;2;0;1;0;2;2;-19,97472014;-44,32545662;"SPRF-MG";"DEL01-MG";"UOP03-DEL01-MG"
356137;2021-05-07;"sexta-feira";"12:10:00";"GO";153;502,9;"GOIANIA";"Acessar a via sem observar a presença dos outros veículos";"Colisão traseira";"Com Vítimas Feridas";"Pleno dia";"Crescente";"Céu Claro";"Simples";"Interseção de Vias";"Sim";2;0;1;1;0;0;2;2;-16,7287;-49,2424;"SPRF-GO";"DEL01-GO";"UOP01-DEL01-GO"
356140;2021-05-07;"sexta-feira";"12:00:00";"RJ";101;499;"ANGRA DOS REIS";"Velocidade Incompatível";"Queda de ocupante de veículo";"Com Vítimas Feridas";"Pleno dia";"Decrescente";"Chuva";"Simples";"Curva";"Não";1;0;0;1;0;0;1;1;-22,91478203;-44,34596302;"SPRF-RJ";"DEL03-RJ";"UOP03-DEL03-RJ"
356141;2021-05-07;"sexta-feira";"13:00:00";"GO";60;173;"ABADIA DE GOIAS";"Condutor Dormindo";"Capotamento";"Com Vítimas Feridas";"Pleno dia";"Decrescente";"Céu Claro";"Dupla";"Reta";"Não";3;0;3;0;0;0;3;1;-16,7423;-49,415;"SPRF-GO";"DEL01-GO";"UOP02-DEL01-GO"
356142;2021-04-09;"sexta-feira";"17:30:00";"PR";153;336,1;"IRATI";"Transitar na contramão";"Colisão frontal";"Com Vítimas Feridas";"Pleno dia";"Decrescente";"Céu Claro";"Simples";"Reta";"Sim";2;0;0;1;1;0;1;2;-25,49753795;-50,64815515;"SPRF-PR";"DEL03-PR";"UOP03-DEL03-PR"
356143;2021-05-07;"sexta-feira";"11:55:00";"MA";135;15;"SAO LUIS";"Acessar a via sem observar a presença dos outros veículos";"Atropelamento de Pedestre";"Com Vítimas Feridas";"Pleno dia";"Decrescente";"Céu Claro";"Dupla";"Reta";"Sim";2;0;0;1;0;1;1;2;-2,69540095;-44,30511707;"SPRF-MA";"DEL01-MA";"UOP01-DEL01-MA"
356147;2021-05-07;"sexta-feira";"11:20:00";"RO";364;425;"JARU";"Condutor deixou de manter distância do veículo da frente";"Colisão traseira";"Com Vítimas Feridas";"Pleno dia";"Crescente";"Céu Claro";"Múltipla";"Reta";"Sim";2;0;1;0;1;0;1;2;-10,43752488;-62,47169791;"SPRF-RO";"DEL03-RO";"UOP02-DEL03-RO"
356150;2021-05-07;"sexta-feira";"09:57:00";"PE";232;3;"RECIFE";"Retorno proibido";"Eventos atípicos";"Sem Vítimas";"Pleno dia";"Decrescente";"Céu Claro";"Dupla";"Reta";"Sim";1;0;0;0;1;0;0;1;-8,060818;-34,928251;"SPRF-PE";"DEL01-PE";"UOP01-DEL01-PE"