"id";"data_inversa";"dia_semana";"horario";"uf";"br";"km";"municipio";"causa_acidente";"tipo_acidente";"classificacao_acidente";"fase_dia";"sentido_via";"condicao_metereologica";"tipo_pista";"tracado_via";"uso_solo";"pessoas";"mortos";"feridos_leves";"feridos_graves";"ilesos";"ignorados";"feridos";"veiculos";"latitude";"longitude";"regional";"delegacia";"uop"
356152;2021-05-07;"sexta-feira";"13:45:00";"SC";101;287,9;"PAULO LOPES";"Avarias e/ou desgaste excessivo no pneu";"Tombamento";"Com Vítimas Feridas";"Pleno dia";"Crescente";"Céu Claro";"Simples";"Retorno Regulamentado";"Sim";1;0;1;0;0;0;1;1;-28,0771049;-48,712515;"SPRF-SC";"DEL02-SC";"UOP03-DEL02-SC"
356155;2021-05-07;"sexta-feira";"14:25:00";"GO";60;85,3;"ANAPOLIS";"Ingestão de álcool pelo condutor";"Colisão traseira";"Com Vítimas Feridas";"Pleno dia";"Crescente";"Céu Claro";"Dupla";"Reta";"Não";3;0;1;0;2;0;1;2;-16,3179;-48,8643;"SPRF-GO";"DEL02-GO";"UOP01-DEL02-GO"
356158;2021-02-28;"domingo";"22:35:00";"RO";319;60,9;"PORTO VELHO";"Acessar a via sem observar a presença dos outros veículos";"Colisão transversal";"Com Vítimas Feridas";"Plena Noite";"Decrescente";"Nublado";"Simples";"Curva";"Sim";2;0;1;0;1;0;1;2;-8,73976396;-63,88986653;"SPRF-RO";"DEL01-RO";"UOP01-DEL01-RO"
356162;2021-05-07;"sexta-feira";"15:05:00";"RS";386;344,4;"LAJEADO";"Condutor deixou de manter distância do veículo da frente";"Colisão traseira";"Com Vítimas Feridas";"Pleno dia";"Crescente";"Céu Claro";"Simples";"Reta;Aclive";"Sim";3;0;2;0;1;0;2;2;-29,439268;-51,993633;"SPRF-RS";"DEL04-RS";"UOP01-DEL04-RS"
356166;2021-05-07;"sexta-feira";"15:30:00";"SC";101;206;"SAO JOSE";"Condutor deixou de manter distância do veículo da frente";"Colisão traseira";"Com Vítimas Feridas";"Pleno dia";"Crescente";"Céu Claro";"Múltipla";"Reta";"Sim";3;0;2;0;1;0;2;2;-27,59193546;-48,61824557;"SPRF-SC";"DEL01-SC";"UOP01-DEL01-SC"
356167;2021-05-07;"sexta-feira";"15:00:00";"GO";60;51;"ABADIANIA";"Reação tardia ou ineficiente do condutor";"Saída de leito carroçável";"Com Vítimas Feridas";"Pleno dia";"Decrescente";"Céu Claro";"Dupla";"Reta";"Não";1;0;1;0;0;0;1;1;-16,1651;-48,6333;"SPRF-GO";"DEL02-GO";"UOP01-DEL02-GO"
356169;2021-05-07;"sexta-feira";"14:30:00";"RS";290;19;"SANTO ANTONIO DA PATRULHA";"Mal súbito do condutor";"Engavetamento";"Com Vítimas Feridas";"Pleno dia";"Decrescente";"Céu Claro";"Múltipla";"Reta";"Sim";5;0;1;0;4;0;1;3;-29,884407;-50,444893;"SPRF-RS";"DEL03-RS";"UOP01-DEL03-RS"
356170;2021-04-13;"terça-feira";"19:55:00";"PR";369;176;"ROLANDIA";"Transitar na contramão";"Colisão frontal";"Com Vítimas Fatais";"Plena Noite";"Crescente";"Céu Claro";"Simples";"Reta";"Não";4;2;1;1;0;0;2;2;-23,34337881;-51,38696194;"SPRF-PR";"DEL07-PR";"UOP01-DEL07-PR"
356171;2021-05-07;"sexta-feira";"15:50:00";"SP";381;82;"SAO PAULO";"Objeto estático sobre o leito carroçável";"Colisão traseira";"Sem Vítimas";"Pleno dia";"Decrescente";"Nublado";"Múltipla";"Reta";"Não";2;0;0;0;2;0;0;2;-23,42481863;-46,57550812;"SPRF-SP";"DEL03-SP";"UOP01-DEL03-SP"
356173;2021-05-07;"sexta-feira";"15:35:00";"SC";280;123,9;"RIO NEGRINHO";"Reação tardia ou ineficiente do condutor";"Engavetamento";"Com Vítimas Feridas";"Pleno dia";"Crescente";"Céu Claro";"Simples";"Reta";"Sim";6;0;1;0;5;0;1;5;-26,24420169;-49,46557991;"SPRF-SC";"DEL06-SC";"UOP03-DEL06-SC"
356174;2021-05-07;"sexta-feira";"15:20:00";"PB";230;169,9;"CAMPINA GRANDE";"Reação tardia ou ineficiente do condutor";"Colisão traseira";"Sem Vítimas";"Pleno dia";"Crescente";"Céu Claro";"Simples";"Curva";"Sim";3;0;0;0;2;1;0;3;-7,18426883;-35,98095417;"SPRF-PB";"DEL02-PB";"UOP02-DEL02-PB"
356175;2021-05-07;"sexta-feira";"16:00:00";"MG";381;485;"BETIM";"Condutor deixou de manter distância do veículo da frente";"Colisão traseira";"Com Vítimas Feridas";"Pleno dia";"Decrescente";"Céu Claro";"Dupla";"Reta";"Sim";2;0;1;0;1;0;1;2;-19,95659361;-44,12622893;"SPRF-MG";"DEL01-MG";"UOP03-DEL01-MG"
356176;2021-05-03;"segunda-feira";"08:00:00";"AM";174;1056;"PRESIDENTE FIGUEIREDO";"Ausência de reação do condutor";"Saída de leito carroçável";"Com Vítimas Fatais";"Pleno dia";"Decrescente";"Chuva";"Simples";"Reta";"Não";1;1;0;0;0;0;0;1;-1,534;-60,239;"SPRF-AM";"DEL01-AM";"UOP02-DEL01-AM"
356177;2021-05-07;"sexta-feira";"14:30:00";"MG";354;735;"POUSO ALTO";"Reação tardia ou ineficiente do condutor";"Colisão traseira";"Com Vítimas Feridas";"Pleno dia";"Decrescente";"Céu Claro";"Simples";"Reta";"Sim";4;0;1;0;3;0;1;3;-22,19645715;-44,97441512;"SPRF-MG";"DEL17-MG";"UOP01-DEL17-MG"
356181;2021-05-07;"sexta-feira";"15:00:00";"SE";101;46,5;"JAPARATUBA";"Acessar a via sem observar a presença dos outros veículos";"Colisão transversal";"Com Vítimas Feridas";"Pleno dia";"Decrescente";"Nublado";"Dupla";"Declive;Curva";"Não";4;0;2;0;2;0;2;2;-10,57493925;-36,96438074;"SPRF-SE";"DEL02-SE";"UOP02-DEL02-SE"
356182;2021-05-07;"sexta-feira";"16:45:00";"BA";324;610;"SIMOES FILHO";"Ausência de reação do condutor";"Colisão traseira";"Sem Vítimas";"Pleno dia";"Decrescente";"Céu Claro";"Dupla";"Reta";"Não";2;0;0;0;2;0;0;2;-12,82931703;-38,41113193;"SPRF-BA";"DEL01-BA";"UOP01-DEL01-BA"
356183;2021-05-07;"sexta-feira";"16:10:00";"CE";222;222,1;"SOBRAL";"Desrespeitar a preferência no cruzamento";"Colisão transversal";"Sem Vítimas";"Pleno dia";"Crescente";"Céu Claro";"Simples";"Reta";"Sim";4;0;0;0;4;0;0;2;-3,72134641;-40,32871618;"SPRF-CE";"DEL04-CE";"UOP01-DEL04-CE"
356184;2021-05-07;"sexta-feira";"16:25:00";"PR";369;201;"APUCARANA";"Acessar a via sem observar a presença dos outros veículos";"Colisão transversal";"Com Vítimas Feridas";"Pleno dia";"Decrescente";"Céu Claro";"Simples";"Reta";"Sim";2;0;1;0;1;0;1;2;-23,5375;-51,456917;"SPRF-PR";"DEL07-PR";"UOP02-DEL07-PR"
356187;2021-05-07;"sexta-feira";"15:30:00";"GO";153;500,6;"GOIANIA";"Condutor deixou de manter distância do veículo da frente";"Engavetamento";"Com Vítimas Feridas";"Pleno dia";"Crescente";"Céu Claro";"Dupla";"Viaduto";"Não";5;0;1;0;2;2;1;4;-16,70829635;-49,23090762;"SPRF-GO";"DEL01-GO";"UOP01-DEL01-GO"
356188;2021-05-07;"sexta-feira";"17:02:00";"SC";101;123;"ITAJAI";"Condutor deixou de manter distância do veículo da frente";"Colisão traseira";"Com Vítimas Feridas";"Pleno dia";"Decrescente";"Céu Claro";"Dupla";"Viaduto";"Sim";1;0;1;0;0;0;1;1;-26,93668609;-48,69876905;"SPRF-SC";"DEL04-SC";"UOP04-DEL04-SC"
356190;2021-05-07;"sexta-feira";"13:35:00";"MA";226;526,9;"LAJEADO NOVO";"Velocidade Incompatível";"Colisão transversal";"Com Vítimas Fatais";"Pleno dia";"Crescente";"Sol";"Simples";"Reta;Declive";"Sim";2;1;1;0;0;0;1;2;-6,18004631;-47,02347173;"SPRF-MA";"DEL04-MA";"UOP02-DEL04-MA"
356191;2021-05-07;"sexta-feira";"08:00:00";"MA";135;1;"SAO LUIS";"Trafegar com motocicleta (ou similar) entre as faixas";"Colisão lateral mesmo sentido";"Sem Vítimas";"Pleno dia";"Crescente";"Céu Claro";"Dupla";"Reta";"Sim";2;0;0;0;1;1;0;2;-2,58917895;-44,24423719;"SPRF-MA";"DEL01-MA";"UOP01-DEL01-MA"
356192;2021-05-07;"sexta-feira";"17:03:00";"SC";280;52;"GUARAMIRIM";"Trafegar com motocicleta (ou similar) entre as faixas";"Colisão transversal";"Com Vítimas Feridas";"Pleno dia";"Decrescente";"Céu Claro";"Simples";"Interseção de Vias";"Sim";2;0;2;0;0;0;2;2;-26,4712768703;-48,9712472372;"SPRF-SC";"DEL03-SC";"UOP03-DEL03-SC"
356194;2021-05-07;"sexta-feira";"17:00:00";"SP";116;203;"ARUJA";"Condutor deixou de manter distância do veículo da frente";"Colisão traseira";"Com Vítimas Feridas";"Anoitecer";"Decrescente";"Nublado";"Dupla";"Reta";"Não";2;0;1;0;0;1;1;2;-23,41060827;-46,34763895;"SPRF-SP";"DEL01-SP";"UOP01-DEL01-SP"
356195;2021-05-07;"sexta-feira";"17:10:00";"PI";343;305,5;"ALTOS";"Manobra de mudança de faixa";"Colisão frontal";"Com Vítimas Feridas";"Pleno dia";"Decrescente";"Céu Claro";"Dupla";"Reta";"Sim";2;0;0;1;0;1;1;2;-5,03444;-42,443382;"SPRF-PI";"DEL01-PI";"UOP01-DEL01-PI"
356196;2021-05-07;"sexta-feira";"12:00:00";"MA";135;10;"SAO LUIS";"Demais falhas na via";"Tombamento";"Com Vítimas Feridas";"Pleno dia";"Decrescente";"Céu Claro";"Dupla";"Curva";"Sim";1;0;1;0;0;0;1;1;-2,655912;-44,28629098;"SPRF-MA";"DEL01-MA";"UOP01-DEL01-MA"
356197;2021-05-07;"sexta-feira";"14:40:00";"PE";316;21;"ARARIPINA";"Transitar no acostamento";"Queda de ocupante de veículo";"Com Vítimas Feridas";"Pleno dia";"Crescente";"Sol";"Simples";"Curva";"Sim";1;0;1;0;0;0;1;1;-7,56839315;-40,52717307;"SPRF-PE";"DEL05-PE";"UOP02-DEL05-PE"
356199;2021-05-07;"sexta-feira";"16:45:00";"BA";116;12,9;"VITORIA DA CONQUISTA";"Acessar a via sem observar a presença dos outros veículos";"Colisão transversal";"Com Vítimas Feridas";"Anoitecer";"Decrescente";"Céu Claro";"Simples";"Reta";"Sim";6;0;1;0;5;0;1;2;-14,884513;-40,870639;"SPRF-BA";"DEL08-BA";"UOP01-DEL08-BA"
356200;2021-05-07;"sexta-feira";"16:00:00";"SP";116;389,9;"MIRACATU";"Pista Escorregadia";"Colisão com objeto";"Sem Vítimas";"Pleno dia";"Crescente";"Chuva";"Dupla";"Reta";"Não";1;0;0;0;1;0;0;1;-24,27280624;-47,4062269;"SPRF-SP";"DEL04-SP";"UOP02-DEL04-SP"
356201;2021-05-07;"sexta-feira";"17:35:00";"DF";40;1;"BRASILIA";"Condutor deixou de manter distância do veículo da frente";"Colisão traseira";"Com Vítimas Feridas";"Anoitecer";"Crescente";"Céu Claro";"Dupla";"Reta";"Sim";3;0;1;0;2;0;1;2;-15,985532;-47,987747;"SPRF-DF";"DEL01-DF";"UOP01-DEL01-DF"
356202;2021-05-07;"sexta-feira";"15:00:00";"GO";50;207;"CAMPO ALEGRE DE GOIAS";"Demais falhas mecânicas ou elétricas";"Tombamento";"Com Vítimas Feridas";"Pleno dia";"Crescente";"Céu Claro";"Dupla";"Reta";"Sim";2;0;2;0;0;0;2;1;-17,6251;-47,7736;"SPRF-GO";"DEL06-GO";"UOP01-DEL06-GO"
356205;2021-05-07;"sexta-feira";"17:20:00";"MG";40;523;"CONTAGEM";"Reação tardia ou ineficiente do condutor";"Colisão traseira";"Com Vítimas Feridas";"Anoitecer";"Decrescente";"Céu Claro";"Dupla";"Reta";"Não";3;0;1;0;2;0;1;2;-19,86874894;-44,05962197;"SPRF-MG";"DEL01-MG";"UOP02-DEL01-MG"
356207;2021-05-07;"sexta-feira";"17:30:00";"SC";280;50;"GUARAMIRIM";"Acessar a via sem observar a presença dos outros veículos";"Colisão transversal";"Com Vítimas Feridas";"Anoitecer";"Crescente";"Céu Claro";"Simples";"Interseção de Vias;Em Obras";"Sim";2;0;0;1;1;0;1;2;-26,4619489;-48,94618404;"SPRF-SC";"DEL03-SC";"UOP03-DEL03-SC"
356208;2021-05-07;"sexta-feira";"17:15:00";"PE";104;64,8;"CARUARU";"Acessar a via sem observar a presença dos outros veículos";"Colisão lateral mesmo sentido";"Sem Vítimas";"Anoitecer";"Decrescente";"Céu Claro";"Simples";"Interseção de Vias";"Sim";2;0;0;0;2;0;0;2;-8,2783;-35,9815;"SPRF-PE";"DEL02-PE";"UOP01-DEL02-PE"
356209;2021-05-07;"sexta-feira";"17:40:00";"PB";101;88,6;"JOAO PESSOA";"Reação tardia ou ineficiente do condutor";"Colisão traseira";"Com Vítimas Feridas";"Plena Noite";"Decrescente";"Céu Claro";"Dupla";"Reta";"Não";5;0;0;1;4;0;1;2;-7,164485;-34,900172;"SPRF-PB";"DEL01-PB";"UOP02-DEL01-PB"
356210;2021-05-07;"sexta-feira";"17:05:00";"SP";381;11,9;"BRAGANCA PAULISTA";"Ausência de reação do condutor";"Colisão traseira";"Com Vítimas Feridas";"Anoitecer";"Decrescente";"Céu Claro";"Dupla";"Reta";"Não";3;0;1;0;2;0;1;2;-22,92494964;-46,45274015;"SPRF-SP";"DEL03-SP";"UOP01-DEL03-SP"
356211;2021-05-07;"sexta-feira";"18:15:00";"SP";381;85;"SAO PAULO";"Entrada inopinada do pedestre";"Atropelamento de Pedestre";"Com Vítimas Feridas";"Plena Noite";"Decrescente";"Céu Claro";"Múltipla";"Reta";"Sim";2;0;0;1;1;0;1;2;-23,449343;-46,56983501;"SPRF-SP";"DEL03-SP";"UOP01-DEL03-SP"
356212;2021-05-07;"sexta-feira";"16:00:00";"SC";101;155,2;"PORTO BELO";"Avarias e/ou desgaste excessivo no pneu";"Tombamento";"Com Vítimas Feridas";"Pleno dia";"Crescente";"Céu Claro";"Simples";"Curva";"Não";1;0;1;0;0;0;1;1;-27,16292;-48,61129;"SPRF-SC";"DEL04-SC";"UOP03-DEL04-SC"
356214;2021-05-07;"sexta-feira";"17:50:00";"RS";116;244,7;"SAO LEOPOLDO";"Demais falhas mecânicas ou elétricas";"Incêndio";"Sem Vítimas";"Pleno dia";"Crescente";"Céu Claro";"Dupla";"Reta";"Sim";1;0;0;0;1;0;0;1;-29,74088003;-51,15039566;"SPRF-RS";"DEL01-RS";"UOP02-DEL01-RS"
356215;2021-05-07;"sexta-feira";"10:05:00";"AL";0;0;"MACEIO";"Problema com o freio";"Saída de leito carroçável";"Sem Vítimas";"Pleno dia";"Não Informado";"Nublado";"Dupla";"Curva";"Sim";1;0;0;0;1;0;0;1;-9,6637077;-35,71569443;"SPRF-AL";"N/A";"N/A"
356216;2021-05-07;"sexta-feira";"18:00:00";"BA";324;520;"FEIRA DE SANTANA";"Ingestão de álcool pelo condutor";"Queda de ocupante de veículo";"Com Vítimas Feridas";"Plena Noite";"Decrescente";"Céu Claro";"Dupla";"Reta";"Não";1;0;0;1;0;0;1;1;-12,29377671;-38,90831709;"SPRF-BA";"DEL01-BA";"UOP03-DEL01-BA"
356219;2021-05-07;"sexta-feira";"18:40:00";"SC";101;217;"PALHOCA";"Acessar a via sem observar a presença dos outros veículos";"Colisão transversal";"Com Vítimas Feridas";"Plena Noite";"Crescente";"Nublado";"Dupla";"Interseção de Vias";"Sim";2;0;1;0;0;1;1;2;-27,66779034;-48,67393586;"SPRF-SC";"DEL01-SC";"UOP02-DEL01-SC"
356220;2021-05-07;"sexta-feira";"18:00:00";"SC";470;174;"POUSO REDONDO";"Acessar a via sem observar a presença dos outros veículos";"Colisão transversal";"Com Vítimas Feridas";"Plena Noite";"Crescente";"Céu Claro";"Simples";"Reta";"Sim";4;0;0;1;3;0;1;4;-27,258179;-49,929146;"SPRF-SC";"DEL04-SC";"UOP02-DEL04-SC"
356221;2021-05-07;"sexta-feira";"18:30:00";"SC";101;210;"SAO JOSE";"Frear bruscamente";"Queda de ocupante de veículo";"Com Vítimas Feridas";"Plena Noite";"Crescente";"Céu Claro";"Dupla";"Reta";"Sim";1;0;1;0;0;0;1;1;-27,6167305;-48,6457265;"SPRF-SC";"DEL01-SC";"UOP01-DEL01-SC"
356222;2021-05-07;"sexta-feira";"18:20:00";"BA";324;609;"SIMOES FILHO";"Condutor deixou de manter distância do veículo da frente";"Colisão traseira";"Sem Vítimas";"Plena Noite";"Decrescente";"Céu Claro";"Dupla";"Reta";"Sim";2;0;0;0;1;1;0;2;-12,8264315;-38,40984156;"SPRF-BA";"DEL01-BA";"UOP01-DEL01-BA"
356223;2021-05-07;"sexta-feira";"18:45:00";"RS";386;248,3;"SOLEDADE";"Acessar a via sem observar a presença dos outros veículos";"Colisão transversal";"Com Vítimas Feridas";"Plena Noite";"Crescente";"Céu Claro";"Simples";"Interseção de Vias;Reta";"Sim";7;0;1;0;6;0;1;2;-28,817902;-52,484734;"SPRF-RS";"DEL04-RS";"UOP03-DEL04-RS"
356224;2021-05-07;"sexta-feira";"17:40:00";"RJ";101;481;"ANGRA DOS REIS";"Acessar a via sem observar a presença dos outros veículos";"Colisão transversal";"Com Vítimas Feridas";"Anoitecer";"Decrescente";"Chuva";"Simples";"Reta";"Sim";2;0;0;1;1;0;1;2;-23,00976021;-44,29153237;"SPRF-RJ";"DEL03-RJ";"UOP03-DEL03-RJ"
356225;2021-05-07;"sexta-feira";"18:30:00";"RS";116;228,9;"DOIS IRMAOS";"Acessar a via sem observar a presença dos outros veículos";"Colisão traseira";"Com Vítimas Feridas";"Plena Noite";"Crescente";"Céu Claro";"Simples";"Reta";"Não";2;0;1;0;1;0;1;2;-29,61481856;-51,12240493;"SPRF-RS";"DEL01-RS";"UOP02-DEL01-RS"
356226;2021-05-07;"sexta-feira";"18:20:00";"PR";163;284;"MARECHAL CANDIDO RONDON";"Desrespeitar a preferência no cruzamento";"Colisão transversal";"Com Vítimas Feridas";"Anoitecer";"Crescente";"Céu Claro";"Simples";"Rotatória";"Sim";3;0;0;1;2;0;1;2;-24,568102;-54,034168;"SPRF-PR";"DEL06-PR";"UOP02-DEL06-PR"
356227;2021-05-07;"sexta-feira";"18:05:00";"MS";60;526,7;"NIOAQUE";"Entrada inopinada do pedestre";"Atropelamento de Pedestre";"Com Vítimas Fatais";"Plena Noite";"Decrescente";"Céu Claro";"Simples";"Reta";"Não";3;1;0;0;1;1;0;2;-21,13421845;-55,71165513;"SPRF-MS";"DEL05-MS";"UOP01-DEL05-MS"
356228;2021-05-07;"sexta-feira";"15:50:00";"MG";262;37,1;"MANHUACU";"Transitar na contramão";"Colisão frontal";"Com Vítimas Feridas";"Pleno dia";"Decrescente";"Céu Claro";"Simples";"Reta";"Não";2;0;1;0;1;0;1;2;-20,25748975;-42,03048732;"SPRF-MG";"DEL06-MG";"UOP03-DEL06-MG"
356230;2021-05-07;"sexta-feira";"18:00:00";"CE";116;185,1;"LIMOEIRO DO NORTE";"Animais na Pista";"Atropelamento de Animal";"Com Vítimas Feridas";"Plena Noite";"Crescente";"Céu Claro";"Simples";"Declive";"Não";1;0;0;1;0;0;1;1;-5,08196085;-38,11669027;"SPRF-CE";"DEL03-CE";"UOP01-DEL03-CE"
356231;2021-05-04;"terça-feira";"05:50:00";"PR";163;288;"MARECHAL CANDIDO RONDON";"Condutor Dormindo";"Saída de leito carroçável";"Com Vítimas Feridas";"Plena Noite";"Crescente";"Céu Claro";"Múltipla";"Curva;Declive";"Não";1;0;1;0;0;0;1;1;-24,55143816;-54,0412003;"SPRF-PR";"DEL06-PR";"UOP02-DEL06-PR"
356232;2021-05-07;"sexta-feira";"18:20:00";"PR";376;1;"SAO JOSE DOS PINHAIS";"Ausência de reação do condutor";"Colisão traseira";"Com Vítimas Feridas";"Plena Noite";"Crescente";"Céu Claro";"Dupla";"Reta";"Sim";9;0;2;0;7;0;2;3;-25,5307;-49,1958;"SPRF-PR";"DEL01-PR";"UOP01-DEL01-PR"
356233;2021-05-07;"sexta-feira";"06:41:00";"PI";343;507,8;"AMARANTE";"Condutor deixou de manter distância do veículo da frente";"Colisão traseira";"Sem Vítimas";"Pleno dia";"Decrescente";"Céu Claro";"Simples";"Reta";"Não";2;0;0;0;2;0;0;2;-6,264594;-42,832687;"SPRF-PI";"DEL03-PI";"UOP01-DEL03-PI"
356234;2021-05-07;"sexta-feira";"19:40:00";"BA";324;625;"SALVADOR";"Ausência de reação do condutor";"Colisão traseira";"Com Vítimas Feridas";"Plena Noite";"Decrescente";"Céu Claro";"Dupla";"Reta";"Sim";2;0;1;0;0;1;1;2;-12,94194706;-38,47081224;"SPRF-BA";"DEL01-BA";"UOP01-DEL01-BA"
356235;2021-05-07;"sexta-feira";"18:15:00";"MG";381;520,6;"IGARAPE";"Ausência de reação do condutor";"Tombamento";"Sem Vítimas";"Plena Noite";"Crescente";"Céu Claro";"Dupla";"Reta";"Não";1;0;0;0;1;0;0;1;-20,13477036;-44,31280829;"SPRF-MG";"DEL04-MG";"UOP03-DEL04-MG"
356236;2021-05-07;"sexta-feira";"19:15:00";"PR";369;178,2;"ROLANDIA";"Acessar a via sem observar a presença dos outros veículos";"Colisão transversal";"Com Vítimas Feridas";"Plena Noite";"Crescente";"Céu Claro";"Simples";"Curva";"Sim";2;0;1;0;1;0;1;2;-23,347214;-51,386218;"SPRF-PR";"DEL07-PR";"UOP01-DEL07-PR"
356237;2021-05-07;"sexta-feira";"11:20:00";"MG";381;177;"GOVERNADOR VALADARES";"Reação tardia ou ineficiente do condutor";"Saída de leito carroçável";"Com Vítimas Feridas";"Pleno dia";"Decrescente";"Sol";"Simples";"Reta";"Não";3;0;2;0;1;0;2;1;-18,989;-42,112275;"SPRF-MG";"DEL06-MG";"UOP01-DEL06-MG"
356238;2021-05-07;"sexta-feira";"19:30:00";"PE";101;104;"CABO DE SANTO AGOSTINHO";"Entrada inopinada do pedestre";"Atropelamento de Pedestre";"Com Vítimas Fatais";"Plena Noite";"Crescente";"Nublado";"Dupla";"Reta";"Sim";2;1;0;0;0;1;0;2;-8,29747;-35,064029;"SPRF-PE";"DEL01-PE";"UOP01-DEL01-PE"
356239;2021-05-07;"sexta-feira";"19:18:00";"MG";116;420;"ALPERCATA";"Acessar a via sem observar a presença dos outros veículos";"Colisão transversal";"Com Vítimas Feridas";"Plena Noite";"Decrescente";"Céu Claro";"Simples";"Curva";"Não";3;0;0;2;1;0;2;2;-18,928284;-41,939301;"SPRF-MG";"DEL06-MG";"UOP01-DEL06-MG"
356240;2021-05-07;"sexta-feira";"18:15:00";"SC";163;70,4;"SAO MIGUEL DO OESTE";"Desrespeitar a preferência no cruzamento";"Colisão transversal";"Com Vítimas Feridas";"Plena Noite";"Decrescente";"Céu Claro";"Dupla";"Retorno Regulamentado;Interseção de Vias;Curva";"Sim";2;0;1;0;1;0;1;2;-26,73461723;-53,50680015;"SPRF-SC";"DEL07-SC";"UOP03-DEL07-SC"
356241;2021-05-07;"sexta-feira";"19:55:00";"RS";116;243,2;"SAO LEOPOLDO";"Manobra de mudança de faixa";"Colisão traseira";"Com Vítimas Feridas";"Plena Noite";"Crescente";"Céu Claro";"Dupla";"Viaduto";"Sim";3;0;1;0;2;0;1;3;-29,73196199;-51,14952004;"SPRF-RS";"DEL01-RS";"UOP02-DEL01-RS"
356242;2021-05-07;"sexta-feira";"18:30:00";"GO";60;369,1;"RIO VERDE";"Velocidade Incompatível";"Colisão traseira";"Com Vítimas Fatais";"Anoitecer";"Decrescente";"Céu Claro";"Dupla";"Curva";"Não";5;1;0;0;3;1;0;4;-17,681273;-50,831889;"SPRF-GO";"DEL04-GO";"UOP01-DEL04-GO"
356245;2021-05-07;"sexta-feira";"19:20:00";"GO";40;12;"LUZIANIA";"Pedestre cruzava a pista fora da faixa";"Atropelamento de Pedestre";"Com Vítimas Fatais";"Plena Noite";"Crescente";"Céu Claro";"Simples";"Reta";"Sim";3;1;0;0;2;0;0;2;-16,145123;-47,945382;"SPRF-DF";"DEL01-DF";"UOP01-DEL01-DF"
356246;2021-05-07;"sexta-feira";"20:30:00";"PB";230;78,7;"RIACHAO DO POCO";"Ingestão de álcool pelo condutor";"Colisão com objeto";"Com Vítimas Feridas";"Plena Noite";"Crescente";"Céu Claro";"Dupla";"Curva";"Não";1;0;0;1;0;0;1;1;-7,1849;-35,2955;"SPRF-PB";"DEL01-PB";"UOP03-DEL01-PB"
356247;2021-05-07;"sexta-feira";"20:20:00";"RJ";101;403;"ITAGUAI";"Ausência de reação do condutor";"Colisão traseira";"Sem Vítimas";"Plena Noite";"Crescente";"Chuva";"Dupla";"Reta";"Sim";2;0;0;0;1;1;0;2;-22,85924449;-43,79010059;"SPRF-RJ";"DEL03-RJ";"UOP01-DEL03-RJ"
356248;2021-05-07;"sexta-feira";"18:30:00";"RS";290;102;"PORTO ALEGRE";"Condutor deixou de manter distância do veículo da frente";"Colisão traseira";"Com Vítimas Feridas";"Anoitecer";"Crescente";"Céu Claro";"Dupla";"Ponte";"Não";4;0;1;0;3;0;1;3;-29,987228;-51,25613;"SPRF-RS";"DEL01-RS";"UOP01-DEL01-RS"
356249;2021-05-07;"sexta-feira";"20:20:00";"MG";40;696;"ALFREDO VASCONCELOS";"Reação tardia ou ineficiente do condutor";"Capotamento";"Com Vítimas Feridas";"Plena Noite";"Decrescente";"Céu Claro";"Simples";"Curva";"Não";1;0;1;0;0;0;1;1;-21,17218661;-43,75615239;"SPRF-MG";"DEL05-MG";"UOP02-DEL05-MG"
356250;2021-05-07;"sexta-feira";"20:50:00";"MG";381;482;"BETIM";"Reação tardia ou ineficiente do condutor";"Colisão com objeto";"Com Vítimas Feridas";"Plena Noite";"Decrescente";"Céu Claro";"Dupla";"Aclive";"Sim";1;0;1;0;0;0;1;1;-19,95822279;-44,07713771;"SPRF-MG";"DEL01-MG";"UOP03-DEL01-MG"
356253;2021-05-07;"sexta-feira";"19:10:00";"ES";101;126;"SOORETAMA";"Ultrapassagem Indevida";"Colisão lateral mesmo sentido";"Com Vítimas Feridas";"Plena Noite";"Decrescente";"Céu Claro";"Simples";"Reta";"Sim";3;0;2;0;1;0;2;2;-19,193953;-40,0951;"SPRF-ES";"DEL04-ES";"UOP01-DEL04-ES"
356254;2021-05-07;"sexta-feira";"18:50:00";"BA";101;3;"RIO REAL";"Ausência de reação do condutor";"Eventos atípicos";"Com Vítimas Feridas";"Plena Noite";"Decrescente";"Céu Claro";"Simples";"Curva";"Não";1;0;1;0;0;0;1;1;-11,56172915;-37,86857445;"SPRF-SE";"DEL02-SE";"UOP03-DEL02-SE"
356255;2021-05-07;"sexta-feira";"18:45:00";"MT";174;6;"PONTES E LACERDA";"Ingestão de álcool pelo condutor";"Colisão lateral sentido oposto";"Sem Vítimas";"Plena Noite";"Decrescente";"Céu Claro";"Simples";"Ponte";"Sim";2;0;0;0;2;0;0;2;-15,215846;-59,353892;"SPRF-MT";"DEL03-MT";"UOP01-DEL03-MT"
356256;2021-05-07;"sexta-feira";"20:45:00";"RJ";101;431;"MANGARATIBA";"Ausência de reação do condutor";"Colisão frontal";"Com Vítimas Feridas";"Plena Noite";"Decrescente";"Chuva";"Simples";"Curva";"Não";11;0;11;0;0;0;11;2;-22,934955;-44,027667;"SPRF-RJ";"DEL03-RJ";"UOP03-DEL03-RJ"