"id";"data_inversa";"dia_semana";"horario";"uf";"br";"km";"municipio";"causa_acidente";"tipo_acidente";"classificacao_acidente";"fase_dia";"sentido_via";"condicao_metereologica";"tipo_pista";"tracado_via";"uso_solo";"pessoas";"mortos";"feridos_leves";"feridos_graves";"ilesos";"ignorados";"feridos";"veiculos";"latitude";"longitude";"regional";"delegacia";"uop"
356257;2021-05-07;"sexta-feira";"17:30:00";"RO";435;92;"COLORADO DO OESTE";"Ausência de reação do condutor";"Saída de leito carroçável";"Com Vítimas Feridas";"Anoitecer";"Crescente";"Céu Claro";"Simples";"Curva";"Não";3;0;2;1;0;0;3;1;-13,188104;-60,544846;"SPRF-RO";"DEL04-RO";"UOP02-DEL04-RO"
356259;2021-05-07;"sexta-feira";"21:00:00";"RS";101;3,2;"TORRES";"Ausência de reação do condutor";"Colisão traseira";"Com Vítimas Feridas";"Plena Noite";"Crescente";"Céu Claro";"Dupla";"Reta";"Não";2;0;1;0;1;0;1;2;-29,32474865;-49,77922041;"SPRF-RS";"DEL03-RS";"UOP02-DEL03-RS"
356260;2021-05-07;"sexta-feira";"19:50:00";"MT";163;666;"LUCAS DO RIO VERDE";"Reação tardia ou ineficiente do condutor";"Tombamento";"Com Vítimas Feridas";"Plena Noite";"Crescente";"Céu Claro";"Simples";"Reta";"Não";1;0;1;0;0;0;1;1;-13,35614507;-56,06233985;"SPRF-MT";"DEL06-MT";"UOP01-DEL06-MT"
356261;2021-05-07;"sexta-feira";"20:30:00";"RJ";101;293;"ITABORAI";"Condutor deixou de manter distância do veículo da frente";"Colisão traseira";"Com Vítimas Feridas";"Plena Noite";"Decrescente";"Chuva";"Dupla";"Reta";"Sim";3;0;1;0;2;0;1;3;-22,756203;-42,88724;"SPRF-RJ";"DEL02-RJ";"UOP02-DEL02-RJ"
356262;2021-05-07;"sexta-feira";"19:30:00";"RS";101;56;"TERRA DE AREIA";"Ingestão de álcool pelo condutor";"Colisão com objeto";"Sem Vítimas";"Plena Noite";"Decrescente";"Nublado";"Dupla";"Reta";"Não";1;0;0;0;1;0;0;1;-29,65200649;-50,11956673;"SPRF-RS";"DEL03-RS";"UOP02-DEL03-RS"
356263;2021-05-07;"sexta-feira";"21:10:00";"SC";101;148;"ITAPEMA";"Acessar a via sem observar a presença dos outros veículos";"Colisão lateral mesmo sentido";"Com Vítimas Feridas";"Plena Noite";"Crescente";"Nublado";"Dupla";"Reta";"Sim";2;0;2;0;0;0;2;2;-27,10123686;-48,61807962;"SPRF-SC";"DEL04-SC";"UOP03-DEL04-SC"
356265;2021-05-07;"sexta-feira";"21:40:00";"PR";376;162;"MARINGA";"Avarias e/ou desgaste excessivo no pneu";"Queda de ocupante de veículo";"Com Vítimas Feridas";"Plena Noite";"Crescente";"Céu Claro";"Dupla";"Aclive";"Sim";2;0;2;0;0;0;2;1;-23,3700463;-52,0619012;"SPRF-PR";"DEL09-PR";"UOP01-DEL09-PR"
356267;2021-05-07;"sexta-feira";"21:15:00";"RJ";116;225;"PIRAI";"Demais falhas mecânicas ou elétricas";"Incêndio";"Sem Vítimas";"Plena Noite";"Crescente";"Nublado";"Simples";"Reta";"Não";1;0;0;0;1;0;0;1;-22,679905;-43,814217;"SPRF-RJ";"DEL07-RJ";"UOP01-DEL07-RJ"
356268;2021-05-07;"sexta-feira";"20:40:00";"RJ";101;485;"ANGRA DOS REIS";"Acessar a via sem observar a presença dos outros veículos";"Colisão transversal";"Com Vítimas Feridas";"Plena Noite";"Decrescente";"Chuva";"Simples";"Reta";"Sim";2;0;1;0;1;0;1;2;-22,98573526;-44,29709764;"SPRF-RJ";"DEL03-RJ";"UOP03-DEL03-RJ"
356272;2021-05-07;"sexta-feira";"22:03:00";"PR";116;130;"FAZENDA RIO GRANDE";"Ausência de reação do condutor";"Capotamento";"Sem Vítimas";"Plena Noite";"Decrescente";"Céu Claro";"Dupla";"Reta";"Sim";1;0;0;0;1;0;0;1;-25,63927799;-49,31302988;"SPRF-PR";"DEL01-PR";"UOP03-DEL01-PR"
356273;2021-05-07;"sexta-feira";"21:50:00";"TO";153;336,6;"GUARAI";"Ingestão de álcool pelo condutor";"Saída de leito carroçável";"Com Vítimas Feridas";"Plena Noite";"Crescente";"Céu Claro";"Dupla";"Retorno Regulamentado";"Sim";1;0;1;0;0;0;1;1;-8,85386;-48,508884;"SPRF-TO";"DEL02-TO";"UOP01-DEL02-TO"
356274;2021-05-07;"sexta-feira";"21:00:00";"BA";407;126,5;"SENHOR DO BONFIM";"Reação tardia ou ineficiente do condutor";"Colisão frontal";"Sem Vítimas";"Plena Noite";"Crescente";"Céu Claro";"Simples";"Reta";"Sim";2;0;0;0;2;0;0;2;-10,4558193;-40,18119143;"SPRF-BA";"DEL04-BA";"UOP01-DEL04-BA"
356277;2021-05-07;"sexta-feira";"22:00:00";"MA";230;475;"RIACHAO";"Velocidade Incompatível";"Queda de ocupante de veículo";"Com Vítimas Fatais";"Plena Noite";"Crescente";"Céu Claro";"Simples";"Reta";"Não";1;1;0;0;0;0;0;1;-7,37757278;-46,64448228;"SPRF-MA";"DEL05-MA";"UOP01-DEL05-MA"
356278;2021-05-07;"sexta-feira";"22:00:00";"MA";135;11;"SAO LUIS";"Acesso irregular";"Colisão transversal";"Com Vítimas Feridas";"Plena Noite";"Decrescente";"Céu Claro";"Dupla";"Reta";"Sim";2;0;2;0;0;0;2;2;-2,66470782;-44,28673431;"SPRF-MA";"DEL01-MA";"UOP01-DEL01-MA"
356279;2021-05-07;"sexta-feira";"22:30:00";"SC";101;101;"BALNEARIO PICARRAS";"Ingestão de álcool pelo condutor";"Colisão com objeto";"Sem Vítimas";"Plena Noite";"Decrescente";"Céu Claro";"Dupla";"Reta";"Não";1;0;0;0;1;0;0;1;-26,76404198;-48,68657667;"SPRF-SC";"DEL03-SC";"UOP02-DEL03-SC"
356280;2021-05-07;"sexta-feira";"22:30:00";"SP";116;108;"TAUBATE";"Ausência de reação do condutor";"Colisão traseira";"Com Vítimas Feridas";"Plena Noite";"Crescente";"Nublado";"Dupla";"Reta";"Sim";1;0;1;0;0;0;1;1;-23,0233097;-45,53763622;"SPRF-SP";"DEL08-SP";"UOP01-DEL08-SP"
356283;2021-05-07;"sexta-feira";"14:50:00";"SC";470;170;"POUSO REDONDO";"Acesso irregular";"Colisão lateral mesmo sentido";"Com Vítimas Feridas";"Pleno dia";"Crescente";"Céu Claro";"Simples";"Reta";"Não";3;0;2;0;1;0;2;2;-27,265903;-49,892441;"SPRF-SC";"DEL04-SC";"UOP02-DEL04-SC"
356284;2021-05-07;"sexta-feira";"20:18:00";"SC";470;72,3;"INDAIAL";"Acessar a via sem observar a presença dos outros veículos";"Colisão transversal";"Com Vítimas Feridas";"Plena Noite";"Crescente";"Céu Claro";"Simples";"Em Obras;Desvio Temporário";"Sim";2;0;0;1;1;0;1;2;-26,904654;-49,271233;"SPRF-SC";"DEL04-SC";"UOP01-DEL04-SC"
356286;2021-05-07;"sexta-feira";"21:15:00";"MG";381;537,2;"ITATIAIUCU";"Velocidade Incompatível";"Saída de leito carroçável";"Com Vítimas Feridas";"Plena Noite";"Decrescente";"Céu Claro";"Dupla";"Declive;Curva";"Não";2;0;1;1;0;0;2;1;-20,20562;-44,38917;"SPRF-MG";"DEL04-MG";"UOP03-DEL04-MG"
356288;2021-03-20;"sábado";"12:00:00";"RO";364;239,5;"CACOAL";"Condutor deixou de manter distância do veículo da frente";"Colisão lateral mesmo sentido";"Com Vítimas Feridas";"Pleno dia";"Crescente";"Céu Claro";"Simples";"Reta";"Sim";2;0;0;1;1;0;1;2;-11,43400026;-61,46866679;"SPRF-RO";"DEL02-RO";"UOP02-DEL02-RO"
356289;2021-05-07;"sexta-feira";"23:00:00";"SC";280;127,1;"RIO NEGRINHO";"Ingestão de álcool pelo condutor";"Saída de leito carroçável";"Com Vítimas Feridas";"Pleno dia";"Crescente";"Nublado";"Simples";"Declive";"Sim";1;0;1;0;0;0;1;1;-26,23943953;-49,50420708;"SPRF-SC";"DEL06-SC";"UOP03-DEL06-SC"
356290;2021-05-07;"sexta-feira";"22:30:00";"RJ";116;267,6;"BARRA MANSA";"Pedestre andava na pista";"Atropelamento de Pedestre";"Com Vítimas Feridas";"Plena Noite";"Decrescente";"Chuva";"Dupla";"Reta";"Sim";2;0;0;1;1;0;1;2;-22,58964229;-44,10482516;"SPRF-RJ";"DEL07-RJ";"UOP02-DEL07-RJ"
356292;2021-05-07;"sexta-feira";"23:00:00";"BA";324;556;"AMELIA RODRIGUES";"Reação tardia ou ineficiente do condutor";"Saída de leito carroçável";"Com Vítimas Feridas";"Plena Noite";"Crescente";"Céu Claro";"Múltipla";"Reta";"Não";3;0;2;0;0;1;2;1;-12,47106487;-38,6824229;"SPRF-BA";"DEL01-BA";"UOP03-DEL01-BA"
356294;2021-05-07;"sexta-feira";"21:40:00";"ES";262;75;"DOMINGOS MARTINS";"Ingestão de álcool pelo condutor";"Colisão frontal";"Sem Vítimas";"Plena Noite";"Crescente";"Chuva";"Simples";"Reta";"Não";2;0;0;0;2;0;0;2;-20,41504648;-40,90256283;"SPRF-ES";"DEL01-ES";"UOP02-DEL01-ES"
356295;2021-05-07;"sexta-feira";"23:20:00";"MG";262;763,3;"SACRAMENTO";"Condutor Dormindo";"Saída de leito carroçável";"Com Vítimas Feridas";"Plena Noite";"Crescente";"Céu Claro";"Simples";"Reta";"Não";2;0;2;0;0;0;2;1;-19,66199;-47,583246;"SPRF-MG";"DEL13-MG";"UOP01-DEL13-MG"
356296;2021-05-07;"sexta-feira";"23:40:00";"RN";304;47;"MOSSORO";"Avarias e/ou desgaste excessivo no pneu";"Tombamento";"Com Vítimas Feridas";"Plena Noite";"Crescente";"Céu Claro";"Dupla";"Reta";"Sim";2;0;2;0;0;0;2;1;-5,22597224;-37,33086797;"SPRF-RN";"DEL04-RN";"UOP01-DEL04-RN"
356297;2021-05-07;"sexta-feira";"19:20:00";"SC";116;5;"MAFRA";"Ausência de reação do condutor";"Colisão traseira";"Com Vítimas Feridas";"Pleno dia";"Crescente";"Céu Claro";"Simples";"Reta";"Sim";2;0;1;0;1;0;1;2;-26,14094396;-49,81508303;"SPRF-SC";"DEL06-SC";"UOP01-DEL06-SC"
356298;2021-05-07;"sexta-feira";"21:30:00";"BA";110;363;"CATU";"Ingestão de álcool pelo condutor";"Colisão traseira";"Sem Vítimas";"Plena Noite";"Decrescente";"Céu Claro";"Simples";"Reta";"Sim";2;0;0;0;2;0;0;2;-12,39805;-38,373071;"SPRF-BA";"DEL01-BA";"UOP04-DEL01-BA"
356299;2021-05-08;"sábado";"00:20:00";"ES";262;92,3;"DOMINGOS MARTINS";"Velocidade Incompatível";"Colisão frontal";"Com Vítimas Feridas";"Plena Noite";"Crescente";"Chuva";"Simples";"Reta";"Não";4;0;4;0;0;0;4;2;-20,37836085;-41,04241992;"SPRF-ES";"DEL01-ES";"UOP02-DEL01-ES"
356302;2021-05-08;"sábado";"01:25:00";"PR";277;68,9;"SAO JOSE DOS PINHAIS";"Velocidade Incompatível";"Capotamento";"Sem Vítimas";"Plena Noite";"Crescente";"Nublado";"Dupla";"Reta";"Não";1;0;0;0;0;1;0;1;-25,54112281;-49,06183391;"SPRF-PR";"DEL01-PR";"UOP01-DEL01-PR"
356303;2021-05-07;"sexta-feira";"23:00:00";"SC";153;65,1;"IRANI";"Transitar na contramão";"Colisão frontal";"Com Vítimas Feridas";"Plena Noite";"Decrescente";"Céu Claro";"Simples";"Reta";"Sim";2;0;0;2;0;0;2;2;-27,011721;-51,876862;"SPRF-SC";"DEL07-SC";"UOP04-DEL07-SC"
356304;2021-05-07;"sexta-feira";"11:40:00";"PI";135;595;"CORRENTE";"Velocidade Incompatível";"Colisão transversal";"Com Vítimas Fatais";"Pleno dia";"Crescente";"Céu Claro";"Simples";"Aclive";"Não";2;1;0;0;1;0;0;2;-10,47825302;-45,18264796;"SPRF-PI";"DEL03-PI";"UOP02-DEL03-PI"
356305;2021-05-08;"sábado";"02:00:00";"GO";60;164,8;"GOIANIA";"Velocidade Incompatível";"Capotamento";"Com Vítimas Feridas";"Plena Noite";"Decrescente";"Céu Claro";"Dupla";"Reta";"Sim";5;0;0;5;0;0;5;1;-16,7036;-49,342;"SPRF-GO";"DEL01-GO";"UOP02-DEL01-GO"
356307;2021-05-08;"sábado";"02:15:00";"RS";470;273;"MONTENEGRO";"Condutor Dormindo";"Saída de leito carroçável";"Com Vítimas Feridas";"Plena Noite";"Crescente";"Nevoeiro/Neblina";"Simples";"Reta";"Não";3;0;2;0;0;1;2;1;-29,617571;-51,474321;"SPRF-RS";"DEL04-RS";"UOP02-DEL04-RS"
356308;2021-05-07;"sexta-feira";"23:15:00";"RS";470;151;"NOVA PRATA";"Ingestão de álcool pelo condutor";"Saída de leito carroçável";"Com Vítimas Feridas";"Plena Noite";"Decrescente";"Céu Claro";"Simples";"Curva;Declive";"Não";1;0;1;0;0;0;1;1;-28,75410814;-51,62937821;"SPRF-RS";"DEL06-RS";"UOP02-DEL06-RS"
356309;2021-05-08;"sábado";"02:15:00";"RJ";116;75;"TERESOPOLIS";"Demais falhas mecânicas ou elétricas";"Incêndio";"Sem Vítimas";"Plena Noite";"Crescente";"Chuva";"Simples";"Aclive";"Não";1;0;0;0;1;0;0;1;-22,36360094;-42,94362914;"SPRF-RJ";"DEL04-RJ";"UOP01-DEL04-RJ"
356312;2021-05-08;"sábado";"02:55:00";"SP";116;272;"TABOAO DA SERRA";"Chuva";"Colisão com objeto";"Sem Vítimas";"Plena Noite";"Decrescente";"Céu Claro";"Dupla";"Reta";"Não";1;0;0;0;0;1;0;1;-23,621691;-46,813288;"SPRF-SP";"DEL04-SP";"UOP01-DEL04-SP"
356313;2021-05-08;"sábado";"03:20:00";"RJ";493;103;"SEROPEDICA";"Condutor Dormindo";"Saída de leito carroçável";"Com Vítimas Feridas";"Plena Noite";"Decrescente";"Nublado";"Dupla";"Reta";"Não";3;0;0;1;2;0;1;1;-22,8415338;-43,81030083;"SPRF-RJ";"DEL03-RJ";"UOP01-DEL03-RJ"
356314;2021-05-08;"sábado";"03:40:00";"AP";210;7;"MACAPA";"Demais falhas mecânicas ou elétricas";"Tombamento";"Com Vítimas Feridas";"Plena Noite";"Crescente";"Nublado";"Dupla";"Reta";"Não";2;0;2;0;0;0;2;1;0,09828163;-51,11978128;"SPRF-AP";"DEL01-AP";"UOP01-DEL01-AP"
356315;2021-05-08;"sábado";"03:30:00";"SP";116;92,6;"PINDAMONHANGABA";"Pedestre andava na pista";"Atropelamento de Pedestre";"Com Vítimas Fatais";"Plena Noite";"Crescente";"Céu Claro";"Dupla";"Reta";"Sim";2;1;0;0;0;1;0;2;-22,95222732;-45,40443885;"SPRF-SP";"DEL08-SP";"UOP01-DEL08-SP"
356317;2021-05-08;"sábado";"03:45:00";"PR";369;420;"JURANDA";"Condutor Dormindo";"Colisão lateral sentido oposto";"Com Vítimas Feridas";"Plena Noite";"Decrescente";"Céu Claro";"Simples";"Reta";"Não";2;0;1;0;1;0;1;2;-24,3853;-52,7888;"SPRF-PR";"DEL09-PR";"UOP03-DEL09-PR"
356320;2021-05-08;"sábado";"04:50:00";"GO";60;91;"ANAPOLIS";"Condutor Dormindo";"Saída de leito carroçável";"Sem Vítimas";"Plena Noite";"Decrescente";"Céu Claro";"Dupla";"Reta";"Sim";1;0;0;0;1;0;0;1;-16,3491;-48,9095;"SPRF-GO";"DEL02-GO";"UOP01-DEL02-GO"
356321;2021-05-08;"sábado";"01:50:00";"SC";282;347;"CAMPOS NOVOS";"Ingestão de álcool e/ou substâncias psicoativas pelo pedestre";"Saída de leito carroçável";"Sem Vítimas";"Plena Noite";"Crescente";"Céu Claro";"Simples";"Reta";"Sim";1;0;0;0;0;1;0;1;-27,365206;-51,263924;"SPRF-SC";"DEL07-SC";"UOP06-DEL07-SC"
356322;2021-05-08;"sábado";"05:40:00";"AL";316;258,9;"PILAR";"Condutor Dormindo";"Colisão lateral sentido oposto";"Com Vítimas Fatais";"Amanhecer";"Decrescente";"Chuva";"Simples";"Reta";"Não";2;2;0;0;0;0;0;2;-9,59138313;-35,923087;"SPRF-AL";"DEL02-AL";"UOP01-DEL02-AL"
356323;2021-05-08;"sábado";"05:30:00";"CE";20;415,5;"MARACANAU";"Ausência de reação do condutor";"Tombamento";"Com Vítimas Fatais";"Pleno dia";"Crescente";"Chuva";"Dupla";"Ponte";"Sim";1;1;0;0;0;0;0;1;-3,83143005;-38,61786718;"SPRF-CE";"DEL01-CE";"UOP02-DEL01-CE"
356325;2021-05-08;"sábado";"06:25:00";"RJ";393;235;"VASSOURAS";"Reação tardia ou ineficiente do condutor";"Atropelamento de Pedestre";"Com Vítimas Feridas";"Amanhecer";"Crescente";"Céu Claro";"Simples";"Reta";"Sim";2;0;1;0;1;0;1;2;-22,38370934;-43,64221072;"SPRF-RJ";"DEL05-RJ";"UOP03-DEL05-RJ"
356326;2021-05-08;"sábado";"02:50:00";"SC";101;194;"BIGUACU";"Reação tardia ou ineficiente do condutor";"Saída de leito carroçável";"Com Vítimas Feridas";"Plena Noite";"Decrescente";"Céu Claro";"Simples";"Reta";"Não";2;0;1;0;1;0;1;1;-27,49815117;-48,65661236;"SPRF-SC";"DEL01-SC";"UOP01-DEL01-SC"
356327;2021-05-08;"sábado";"06:40:00";"SC";101;46,8;"JOINVILLE";"Velocidade Incompatível";"Colisão traseira";"Com Vítimas Feridas";"Pleno dia";"Crescente";"Céu Claro";"Dupla";"Declive";"Sim";3;0;1;0;2;0;1;2;-26,33150083;-48,86187762;"SPRF-SC";"DEL03-SC";"UOP01-DEL03-SC"
356330;2021-05-08;"sábado";"07:30:00";"PE";101;88;"JABOATAO DOS GUARARAPES";"Acessar a via sem observar a presença dos outros veículos";"Colisão transversal";"Com Vítimas Fatais";"Pleno dia";"Crescente";"Nublado";"Dupla";"Reta";"Não";3;1;0;0;2;0;0;2;-8,19971387;-34,9785382;"SPRF-PE";"DEL01-PE";"UOP01-DEL01-PE"
356331;2021-05-08;"sábado";"04:00:00";"SC";470;203;"PONTE ALTA";"Condutor Dormindo";"Saída de leito carroçável";"Com Vítimas Feridas";"Plena Noite";"Decrescente";"Céu Claro";"Simples";"Curva;Declive";"Não";1;0;1;0;0;0;1;1;-27,287977;-50,163498;"SPRF-SC";"DEL05-SC";"UOP03-DEL05-SC"
356333;2021-05-08;"sábado";"06:10:00";"RS";116;51,2;"VACARIA";"Curva acentuada";"Colisão frontal";"Com Vítimas Fatais";"Amanhecer";"Crescente";"Nevoeiro/Neblina";"Simples";"Curva";"Não";4;1;1;0;2;0;1;2;-28,57740576;-51,01783504;"SPRF-RS";"DEL05-RS";"UOP03-DEL05-RS"
356336;2021-05-07;"sexta-feira";"18:47:00";"RO";364;340;"JI-PARANA";"Condutor desrespeitou a iluminação vermelha do semáforo";"Colisão transversal";"Com Vítimas Feridas";"Plena Noite";"Crescente";"Céu Claro";"Simples";"Interseção de Vias";"Sim";2;0;0;1;1;0;1;2;-10,898802;-61,93046;"SPRF-RO";"DEL02-RO";"UOP01-DEL02-RO"
356337;2021-05-08;"sábado";"05:55:00";"GO";60;390,3;"RIO VERDE";"Ausência de reação do condutor";"Saída de leito carroçável";"Com Vítimas Feridas";"Amanhecer";"Crescente";"Nevoeiro/Neblina";"Dupla";"Reta";"Não";2;0;0;1;0;1;1;2;-17,824237;-50,955689;"SPRF-GO";"DEL04-GO";"UOP01-DEL04-GO"
356340;2021-05-07;"sexta-feira";"18:00:00";"MG";40;819,8;"SIMAO PEREIRA";"Velocidade Incompatível";"Saída de leito carroçável";"Com Vítimas Feridas";"Anoitecer";"Decrescente";"Céu Claro";"Múltipla";"Curva";"Não";1;0;0;1;0;0;1;1;-21,93024704;-43,31535211;"SPRF-MG";"DEL05-MG";"UOP01-DEL05-MG"
356341;2021-05-08;"sábado";"08:20:00";"RN";101;77,7;"NATAL";"Ingestão de álcool pelo condutor";"Colisão transversal";"Com Vítimas Feridas";"Pleno dia";"Decrescente";"Céu Claro";"Dupla";"Reta;Retorno Regulamentado;Interseção de Vias";"Não";3;0;1;1;1;0;2;2;-5,73553831;-35,29076815;"SPRF-RN";"DEL02-RN";"UOP01-DEL02-RN"
356342;2021-05-08;"sábado";"08:30:00";"SC";101;134,2;"BALNEARIO CAMBORIU";"Acessar a via sem observar a presença dos outros veículos";"Colisão transversal";"Com Vítimas Feridas";"Pleno dia";"Crescente";"Céu Claro";"Simples";"Reta;Interseção de Vias";"Sim";2;0;1;0;1;0;1;2;-27,00218;-48,636433;"SPRF-SC";"DEL04-SC";"UOP03-DEL04-SC"
356344;2021-05-08;"sábado";"07:30:00";"CE";20;423;"MARACANAU";"Acumulo de água sobre o pavimento";"Capotamento";"Com Vítimas Feridas";"Pleno dia";"Crescente";"Chuva";"Múltipla";"Reta";"Sim";2;0;0;1;1;0;1;1;-3,85566336;-38,55405718;"SPRF-CE";"DEL01-CE";"UOP02-DEL01-CE"
356345;2021-05-08;"sábado";"07:30:00";"SC";101;360;"SANGAO";"Ingestão de álcool e/ou substâncias psicoativas pelo pedestre";"Saída de leito carroçável";"Sem Vítimas";"Pleno dia";"Crescente";"Sol";"Múltipla";"Reta";"Não";1;0;0;0;1;0;0;1;-28,664474;-49,113218;"SPRF-SC";"DEL02-SC";"UOP01-DEL02-SC"
356347;2021-05-08;"sábado";"08:30:00";"GO";40;11,8;"LUZIANIA";"Pedestre cruzava a pista fora da faixa";"Atropelamento de Pedestre";"Com Vítimas Feridas";"Pleno dia";"Crescente";"Céu Claro";"Dupla";"Reta";"Sim";2;0;2;0;0;0;2;2;-16,138336;-47,951644;"SPRF-DF";"DEL01-DF";"UOP01-DEL01-DF"
356348;2021-05-08;"sábado";"09:00:00";"RS";290;93;"PORTO ALEGRE";"Avarias e/ou desgaste excessivo no pneu";"Tombamento";"Com Vítimas Feridas";"Pleno dia";"Crescente";"Sol";"Dupla";"Reta";"Sim";2;0;2;0;0;0;2;1;-29,97144769;-51,19450613;"SPRF-RS";"DEL01-RS";"UOP01-DEL01-RS"
356349;2021-05-08;"sábado";"08:40:00";"SC";101;298,2;"LAGUNA";"Demais falhas mecânicas ou elétricas";"Incêndio";"Sem Vítimas";"Pleno dia";"Decrescente";"Céu Claro";"Múltipla";"Reta";"Não";1;0;0;0;1;0;0;1;-28,34487788;-48,73414993;"SPRF-SC";"DEL02-SC";"UOP03-DEL02-SC"
356350;2021-05-08;"sábado";"08:00:00";"SC";282;216;"LAGES";"Acessar a via sem observar a presença dos outros veículos";"Colisão transversal";"Com Vítimas Feridas";"Pleno dia";"Decrescente";"Céu Claro";"Simples";"Rotatória";"Sim";3;0;1;0;2;0;1;2;-27,79476903;-50,28390884;"SPRF-SC";"DEL05-SC";"UOP01-DEL05-SC"
356351;2021-05-08;"sábado";"09:30:00";"CE";116;16;"ITAITINGA";"Condutor deixou de manter distância do veículo da frente";"Colisão traseira";"Com Vítimas Feridas";"Pleno dia";"Crescente";"Chuva";"Dupla";"Aclive";"Não";2;0;1;0;1;0;1;2;-3,88732794;-38,50185439;"SPRF-CE";"DEL01-CE";"UOP02-DEL01-CE"
356352;2021-05-08;"sábado";"08:34:00";"SP";116;515;"CAJATI";"Pista Escorregadia";"Colisão com objeto";"Com Vítimas Feridas";"Pleno dia";"Decrescente";"Garoa/Chuvisco";"Dupla";"Curva";"Não";4;0;1;0;3;0;1;1;-24,86704083;-48,21738184;"SPRF-SP";"DEL05-SP";"UOP02-DEL05-SP"
356357;2021-05-08;"sábado";"08:45:00";"RJ";101;198;"CASIMIRO DE ABREU";"Avarias e/ou desgaste excessivo no pneu";"Colisão com objeto";"Com Vítimas Feridas";"Pleno dia";"Crescente";"Chuva";"Dupla";"Curva";"Não";1;0;1;0;0;0;1;1;-22,49053426;-42,13334821;"SPRF-RJ";"DEL08-RJ";"UOP04-DEL08-RJ"
356358;2021-05-08;"sábado";"10:15:00";"PI";343;333;"TERESINA";"Ausência de reação do condutor";"Colisão traseira";"Com Vítimas Feridas";"Pleno dia";"Crescente";"Céu Claro";"Dupla";"Reta";"Não";2;0;1;0;1;0;1;2;-5,056121;-42,678154;"SPRF-PI";"DEL01-PI";"UOP01-DEL01-PI"
356359;2021-05-08;"sábado";"09:15:00";"MA";10;253,7;"IMPERATRIZ";"Problema com o freio";"Colisão lateral mesmo sentido";"Sem Vítimas";"Pleno dia";"Decrescente";"Céu Claro";"Simples";"Reta";"Sim";2;0;0;0;2;0;0;2;-5,526911;-47,471455;"SPRF-MA";"DEL04-MA";"UOP01-DEL04-MA"
356360;2021-05-08;"sábado";"09:30:00";"MG";262;113,2;"RIO CASCA";"Transitar no acostamento";"Colisão lateral mesmo sentido";"Com Vítimas Feridas";"Pleno dia";"Decrescente";"Céu Claro";"Simples";"Reta";"Não";2;0;0;1;1;0;1;2;-20,25079502;-42,60286704;"SPRF-MG";"DEL03-MG";"UOP03-DEL03-MG"
356363;2021-05-08;"sábado";"11:00:00";"SC";101;216;"PALHOCA";"Ausência de reação do condutor";"Colisão traseira";"Sem Vítimas";"Pleno dia";"Crescente";"Céu Claro";"Dupla";"Reta";"Sim";2;0;0;0;2;0;0;2;-27,65981409;-48,67747798;"SPRF-SC";"DEL01-SC";"UOP02-DEL01-SC"
356364;2021-05-08;"sábado";"11:05:00";"PA";163;1001;"SANTAREM";"Desrespeitar a preferência no cruzamento";"Colisão transversal";"Com Vítimas Feridas";"Pleno dia";"Decrescente";"Sol";"Simples";"Rotatória";"Sim";3;0;1;1;1;0;2;3;-2,464507;-54,72745295;"SPRF-PA";"DEL05-PA";"UOP01-DEL05-PA"
356369;2021-05-08;"sábado";"11:30:00";"BA";116;825;"VITORIA DA CONQUISTA";"Reação tardia ou ineficiente do condutor";"Colisão lateral mesmo sentido";"Com Vítimas Feridas";"Pleno dia";"Decrescente";"Sol";"Dupla";"Reta";"Sim";2;0;1;0;1;0;1;2;-14,86788232;-40,85051721;"SPRF-BA";"DEL08-BA";"UOP01-DEL08-BA"
356370;2021-05-08;"sábado";"11:55:00";"PB";230;45,5;"SANTA RITA";"Velocidade Incompatível";"Saída de leito carroçável";"Com Vítimas Feridas";"Pleno dia";"Decrescente";"Chuva";"Dupla";"Retorno Regulamentado;Reta";"Não";4;0;1;0;3;0;1;1;-7,16437185;-35,02539575;"SPRF-PB";"DEL01-PB";"UOP03-DEL01-PB"
356372;2021-05-08;"sábado";"12:10:00";"BA";116;825;"VITORIA DA CONQUISTA";"Acumulo de óleo sobre o pavimento";"Tombamento";"Com Vítimas Feridas";"Pleno dia";"Decrescente";"Céu Claro";"Dupla";"Interseção de Vias";"Sim";1;0;1;0;0;0;1;1;-14,86953013;-40,85070003;"SPRF-BA";"DEL08-BA";"UOP01-DEL08-BA"
356373;2021-05-08;"sábado";"11:15:00";"RS";116;236;"NOVO HAMBURGO";"Acessar a via sem observar a presença dos outros veículos";"Colisão transversal";"Com Vítimas Feridas";"Pleno dia";"Crescente";"Céu Claro";"Múltipla";"Reta";"Sim";2;0;1;0;1;0;1;2;-29,66938502;-51,14304731;"SPRF-RS";"DEL01-RS";"UOP02-DEL01-RS"
356375;2021-05-08;"sábado";"11:45:00";"PR";369;172;"ROLANDIA";"Acessar a via sem observar a presença dos outros veículos";"Colisão transversal";"Com Vítimas Feridas";"Pleno dia";"Crescente";"Sol";"Simples";"Reta";"Sim";3;0;1;0;2;0;1;2;-23,3150866;-51,37556791;"SPRF-PR";"DEL07-PR";"UOP01-DEL07-PR"
356378;2021-05-08;"sábado";"11:15:00";"SC";470;247,4;"CURITIBANOS";"Condutor deixou de manter distância do veículo da frente";"Colisão traseira";"Sem Vítimas";"Pleno dia";"Decrescente";"Nublado";"Simples";"Rotatória";"Sim";2;0;0;0;2;0;0;2;-27,31290885;-50,56148529;"SPRF-SC";"DEL05-SC";"UOP03-DEL05-SC"