"id";"data_inversa";"dia_semana";"horario";"uf";"br";"km";"municipio";"causa_acidente";"tipo_acidente";"classificacao_acidente";"fase_dia";"sentido_via";"condicao_metereologica";"tipo_pista";"tracado_via";"uso_solo";"pessoas";"mortos";"feridos_leves";"feridos_graves";"ilesos";"ignorados";"feridos";"veiculos";"latitude";"longitude";"regional";"delegacia";"uop"
356496;2021-05-08;"sábado";"16:00:00";"SP";116;564,4;"BARRA DO TURVO";"Pista Escorregadia";"Saída de leito carroçável";"Sem Vítimas";"Pleno dia";"Crescente";"Nublado";"Dupla";"Reta";"Não";1;0;0;0;0;1;0;1;-25,03458919;-48,53543877;"SPRF-SP";"DEL05-SP";"UOP02-DEL05-SP"
356497;2021-05-08;"sábado";"23:37:00";"SP";116;219;"GUARULHOS";"Velocidade Incompatível";"Colisão com objeto";"Com Vítimas Feridas";"Plena Noite";"Crescente";"Céu Claro";"Múltipla";"Reta";"Sim";1;0;0;1;0;0;1;1;-23,46143954;-46,48885316;"SPRF-SP";"DEL01-SP";"UOP01-DEL01-SP"
356498;2021-05-09;"domingo";"00:30:00";"GO";60;4;"ALEXANIA";"Ingestão de álcool pelo condutor";"Saída de leito carroçável";"Sem Vítimas";"Plena Noite";"Decrescente";"Céu Claro";"Dupla";"Reta";"Não";1;0;0;0;1;0;0;1;-16,1207283;-48,38207245;"SPRF-DF";"DEL03-DF";"UOP01-DEL03-DF"
356499;2021-05-08;"sábado";"22:43:00";"TO";153;145,5;"ARAGUAINA";"Ingestão de álcool pelo condutor";"Colisão com objeto";"Sem Vítimas";"Plena Noite";"Crescente";"Céu Claro";"Dupla";"Reta";"Sim";1;0;0;0;0;1;0;1;-7,20867143;-48,242181;"SPRF-TO";"DEL02-TO";"UOP01-DEL02-TO"
356501;2021-05-08;"sábado";"22:05:00";"AM";174;893;"MANAUS";"Animais na Pista";"Queda de ocupante de veículo";"Com Vítimas Feridas";"Plena Noite";"Crescente";"Céu Claro";"Simples";"Declive";"Não";1;0;0;1;0;0;1;1;-2,897712;-60,03525801;"SPRF-AM";"DEL01-AM";"UOP01-DEL01-AM"
356502;2021-05-08;"sábado";"23:00:00";"RJ";116;80;"TERESOPOLIS";"Ingestão de álcool pelo condutor";"Colisão com objeto";"Sem Vítimas";"Plena Noite";"Crescente";"Nublado";"Simples";"Declive";"Sim";1;0;0;0;1;0;0;1;-22,39006974;-42,9533628;"SPRF-RJ";"DEL04-RJ";"UOP01-DEL04-RJ"
356505;2021-05-09;"domingo";"00:00:00";"SC";163;74;"SAO MIGUEL DO OESTE";"Ingestão de álcool pelo condutor";"Saída de leito carroçável";"Sem Vítimas";"Plena Noite";"Decrescente";"Céu Claro";"Simples";"Reta";"Não";1;0;0;0;1;0;0;1;-26,70200479;-53,51350653;"SPRF-SC";"DEL07-SC";"UOP03-DEL07-SC"
356506;2021-05-08;"sábado";"22:35:00";"RJ";493;3,5;"ITABORAI";"Manobra de mudança de faixa";"Colisão lateral sentido oposto";"Com Vítimas Feridas";"Plena Noite";"Crescente";"Céu Claro";"Simples";"Reta";"Sim";3;0;0;2;1;0;2;2;-22,7525329;-42,94160092;"SPRF-RJ";"DEL02-RJ";"UOP02-DEL02-RJ"
356507;2021-05-08;"sábado";"23:50:00";"PR";369;187;"ARAPONGAS";"Ultrapassagem Indevida";"Colisão lateral mesmo sentido";"Com Vítimas Feridas";"Plena Noite";"Crescente";"Céu Claro";"Simples";"Reta";"Sim";2;0;1;0;1;0;1;2;-23,41811429;-51,42637968;"SPRF-PR";"DEL07-PR";"UOP02-DEL07-PR"
356508;2021-05-08;"sábado";"19:40:00";"MA";230;434;"RIACHAO";"Reação tardia ou ineficiente do condutor";"Colisão traseira";"Sem Vítimas";"Plena Noite";"Decrescente";"Céu Claro";"Simples";"Reta";"Não";4;0;0;0;3;1;0;2;-7,45175971;-46,30077296;"SPRF-MA";"DEL05-MA";"UOP01-DEL05-MA"
356509;2021-05-09;"domingo";"01:00:00";"AL";104;87;"RIO LARGO";"Animais na Pista";"Atropelamento de Animal";"Com Vítimas Feridas";"Plena Noite";"Decrescente";"Céu Claro";"Dupla";"Reta";"Sim";1;0;1;0;0;0;1;1;-9,47532901;-35,82160002;"SPRF-AL";"DEL01-AL";"UOP01-DEL01-AL"
356511;2021-05-09;"domingo";"01:30:00";"RS";116;244;"SAO LEOPOLDO";"Velocidade Incompatível";"Colisão frontal";"Sem Vítimas";"Plena Noite";"Decrescente";"Céu Claro";"Dupla";"Reta";"Sim";1;0;0;0;1;0;0;1;-29,74088003;-51,15039566;"SPRF-RS";"DEL01-RS";"UOP02-DEL01-RS"
356513;2021-05-08;"sábado";"23:30:00";"DF";80;22;"BRASILIA";"Reação tardia ou ineficiente do condutor";"Colisão lateral sentido oposto";"Sem Vítimas";"Pleno dia";"Crescente";"Céu Claro";"Dupla";"Reta";"Não";3;0;0;0;3;0;0;2;-15,647892;-48,201756;"SPRF-DF";"DEL03-DF";"UOP02-DEL03-DF"
356514;2021-05-08;"sábado";"20:00:00";"SP";381;86;"SAO PAULO";"Entrada inopinada do pedestre";"Atropelamento de Pedestre";"Com Vítimas Feridas";"Anoitecer";"Decrescente";"Céu Claro";"Dupla";"Curva";"Sim";2;0;1;0;0;1;1;2;-23,45930499;-46,57161179;"SPRF-SP";"DEL03-SP";"UOP01-DEL03-SP"
356515;2021-05-08;"sábado";"21:40:00";"SC";280;305;"PORTO UNIAO";"Transitar na contramão";"Colisão frontal";"Com Vítimas Feridas";"Plena Noite";"Crescente";"Nublado";"Simples";"Reta";"Sim";2;0;1;0;1;0;1;2;-26,21753153;-51,06382549;"SPRF-SC";"DEL06-SC";"UOP04-DEL06-SC"
356517;2021-05-09;"domingo";"02:00:00";"MG";262;413,9;"IGARATINGA";"Velocidade Incompatível";"Saída de leito carroçável";"Com Vítimas Feridas";"Plena Noite";"Crescente";"Vento";"Dupla";"Reta";"Não";2;0;1;1;0;0;2;1;-19,89668113;-44,65663188;"SPRF-MG";"DEL08-MG";"UOP03-DEL08-MG"
356518;2021-05-09;"domingo";"01:34:00";"SP";116;228;"SAO PAULO";"Ingestão de álcool pelo condutor";"Colisão traseira";"Com Vítimas Feridas";"Plena Noite";"Crescente";"Céu Claro";"Múltipla";"Reta";"Sim";3;0;0;1;2;0;1;2;-23,50343484;-46,56638712;"SPRF-SP";"DEL01-SP";"UOP01-DEL01-SP"
356519;2021-05-09;"domingo";"02:20:00";"PR";467;100,9;"CASCAVEL";"Velocidade Incompatível";"Colisão com objeto";"Com Vítimas Fatais";"Plena Noite";"Decrescente";"Céu Claro";"Dupla";"Curva";"Não";1;1;0;0;0;0;0;1;-24,89760901;-53,53338696;"SPRF-PR";"DEL04-PR";"UOP01-DEL04-PR"
356520;2021-05-08;"sábado";"16:50:00";"BA";101;716;"ITABELA";"Reação tardia ou ineficiente do condutor";"Queda de ocupante de veículo";"Com Vítimas Feridas";"Anoitecer";"Decrescente";"Garoa/Chuvisco";"Simples";"Reta";"Sim";1;0;1;0;0;0;1;1;-16,53177499;-39,56684478;"SPRF-BA";"DEL09-BA";"UOP01-DEL09-BA"
356522;2021-05-08;"sábado";"11:30:00";"BA";349;1054;"CORRENTINA";"Velocidade Incompatível";"Saída de leito carroçável";"Com Vítimas Fatais";"Pleno dia";"Crescente";"Céu Claro";"Simples";"Reta";"Não";3;1;0;1;1;0;1;1;-13,736255;-45,977146;"SPRF-BA";"DEL10-BA";"UOP01-DEL10-BA"
356523;2021-05-09;"domingo";"01:30:00";"MT";364;203,8;"RONDONOPOLIS";"Reação tardia ou ineficiente do condutor";"Saída de leito carroçável";"Com Vítimas Feridas";"Plena Noite";"Decrescente";"Céu Claro";"Dupla";"Reta";"Sim";1;0;1;0;0;0;1;1;-16,47555256;-54,65344724;"SPRF-MT";"DEL02-MT";"UOP01-DEL02-MT"
356524;2021-05-09;"domingo";"02:02:00";"MT";70;279;"PRIMAVERA DO LESTE";"Acessar a via sem observar a presença dos outros veículos";"Colisão lateral mesmo sentido";"Com Vítimas Feridas";"Plena Noite";"Decrescente";"Céu Claro";"Simples";"Interseção de Vias";"Sim";2;0;1;0;1;0;1;2;-15,5590689;-54,28878402;"SPRF-MT";"DEL05-MT";"UOP01-DEL05-MT"
356525;2021-05-09;"domingo";"03:05:00";"SC";101;24,8;"JOINVILLE";"Ingestão de álcool pelo condutor";"Capotamento";"Com Vítimas Feridas";"Plena Noite";"Crescente";"Chuva";"Dupla";"Reta";"Não";3;0;1;0;2;0;1;1;-26,17483309;-48,90767978;"SPRF-SC";"DEL03-SC";"UOP01-DEL03-SC"
356526;2021-05-09;"domingo";"02:50:00";"SC";101;41;"JOINVILLE";"Ingestão de álcool pelo condutor";"Colisão com objeto";"Com Vítimas Feridas";"Plena Noite";"Decrescente";"Chuva";"Dupla";"Curva";"Sim";2;0;0;1;1;0;1;1;-26,31620932;-48,87343168;"SPRF-SC";"DEL03-SC";"UOP01-DEL03-SC"
356528;2021-05-09;"domingo";"02:08:00";"RJ";101;295;"SAO GONCALO";"Velocidade Incompatível";"Colisão com objeto";"Com Vítimas Feridas";"Plena Noite";"Crescente";"Céu Claro";"Dupla";"Curva";"Sim";1;0;1;0;0;0;1;1;-22,76365068;-42,90223623;"SPRF-RJ";"DEL02-RJ";"UOP02-DEL02-RJ"
356532;2021-05-08;"sábado";"16:55:00";"BA";101;717;"EUNAPOLIS";"Afundamento ou ondulação no pavimento";"Tombamento";"Com Vítimas Feridas";"Anoitecer";"Decrescente";"Céu Claro";"Múltipla";"Interseção de Vias";"Sim";2;0;1;1;0;0;2;1;-16,36691664;-39,58242243;"SPRF-BA";"DEL09-BA";"UOP01-DEL09-BA"
356533;2021-05-09;"domingo";"04:45:00";"ES";101;270,3;"SERRA";"Chuva";"Colisão com objeto";"Com Vítimas Feridas";"Plena Noite";"Crescente";"Chuva";"Múltipla";"Curva";"Sim";3;0;2;0;0;1;2;1;-20,22662056;-40,27075088;"SPRF-ES";"DEL02-ES";"UOP01-DEL02-ES"
356534;2021-05-09;"domingo";"04:20:00";"SC";280;68,8;"JARAGUA DO SUL";"Reação tardia ou ineficiente do condutor";"Saída de leito carroçável";"Com Vítimas Feridas";"Plena Noite";"Decrescente";"Nublado";"Simples";"Reta";"Não";1;0;1;0;0;0;1;1;-26,47277719;-49,11098612;"SPRF-SC";"DEL03-SC";"UOP03-DEL03-SC"
356535;2021-05-09;"domingo";"05:10:00";"MA";135;15;"SAO LUIS";"Ingestão de álcool e/ou substâncias psicoativas pelo pedestre";"Colisão transversal";"Com Vítimas Feridas";"Pleno dia";"Crescente";"Céu Claro";"Dupla";"Reta";"Sim";2;0;1;0;1;0;1;2;-2,69540095;-44,30511707;"SPRF-MA";"DEL01-MA";"UOP01-DEL01-MA"
356536;2021-05-09;"domingo";"03:30:00";"RO";364;10;"VILHENA";"Ausência de reação do condutor";"Saída de leito carroçável";"Sem Vítimas";"Plena Noite";"Decrescente";"Céu Claro";"Simples";"Reta";"Não";1;0;0;0;0;1;0;1;-12,75194006;-60,10600907;"SPRF-RO";"DEL04-RO";"UOP01-DEL04-RO"
356537;2021-05-09;"domingo";"03:45:00";"GO";60;121;"TEREZOPOLIS DE GOIAS";"Condutor Dormindo";"Capotamento";"Com Vítimas Feridas";"Plena Noite";"Crescente";"Céu Claro";"Dupla";"Declive";"Não";1;0;1;0;0;0;1;1;-16,5044;-49,1128;"SPRF-GO";"DEL01-GO";"UOP01-DEL01-GO"
356539;2021-05-09;"domingo";"04:45:00";"SP";116;321;"JUQUITIBA";"Ausência de reação do condutor";"Saída de leito carroçável";"Com Vítimas Feridas";"Plena Noite";"Crescente";"Nublado";"Dupla";"Reta";"Sim";1;0;1;0;0;0;1;1;-23,934612;-47,01729;"SPRF-SP";"DEL04-SP";"UOP01-DEL04-SP"
356540;2021-05-09;"domingo";"04:00:00";"SC";470;194,3;"POUSO REDONDO";"Velocidade Incompatível";"Saída de leito carroçável";"Sem Vítimas";"Pleno dia";"Decrescente";"Nevoeiro/Neblina";"Simples";"Curva;Declive";"Não";1;0;0;0;1;0;0;1;-27,300501;-50,080284;"SPRF-SC";"DEL04-SC";"UOP02-DEL04-SC"
356542;2021-05-09;"domingo";"03:00:00";"AC";317;70;"SENADOR GUIOMARD";"Ingestão de álcool pelo condutor";"Saída de leito carroçável";"Com Vítimas Feridas";"Plena Noite";"Decrescente";"Céu Claro";"Simples";"Retorno Regulamentado";"Não";1;0;1;0;0;0;1;1;-10,0675295;-67,57864082;"SPRF-AC";"DEL01-AC";"UOP01-DEL01-AC"
356544;2021-05-09;"domingo";"05:00:00";"RJ";101;283;"ITABORAI";"Reação tardia ou ineficiente do condutor";"Queda de ocupante de veículo";"Com Vítimas Feridas";"Amanhecer";"Crescente";"Nevoeiro/Neblina";"Dupla";"Reta";"Não";1;0;1;0;0;0;1;1;-22,73591014;-42,80592689;"SPRF-RJ";"DEL02-RJ";"UOP03-DEL02-RJ"
356545;2021-05-09;"domingo";"05:30:00";"PR";277;76;"SAO JOSE DOS PINHAIS";"Ingestão de álcool pelo condutor";"Saída de leito carroçável";"Sem Vítimas";"Amanhecer";"Crescente";"Nublado";"Dupla";"Reta";"Sim";1;0;0;0;1;0;0;1;-25,51327981;-49,12433291;"SPRF-PR";"DEL01-PR";"UOP01-DEL01-PR"
356546;2021-05-09;"domingo";"05:30:00";"MT";163;706;"SORRISO";"Ingestão de álcool pelo condutor";"Saída de leito carroçável";"Sem Vítimas";"Pleno dia";"Crescente";"Céu Claro";"Simples";"Reta";"Não";2;0;0;0;2;0;0;1;-12,92708598;-55,85836194;"SPRF-MT";"DEL06-MT";"UOP01-DEL06-MT"
356548;2021-05-09;"domingo";"06:20:00";"SP";153;210,2;"GUAIMBE";"Ingestão de álcool pelo condutor";"Colisão com objeto";"Com Vítimas Feridas";"Amanhecer";"Decrescente";"Céu Claro";"Simples";"Reta";"Não";1;0;1;0;0;0;1;1;-21,90870092;-49,91399542;"SPRF-SP";"DEL07-SP";"UOP02-DEL07-SP"
356549;2021-05-09;"domingo";"05:30:00";"MG";40;474;"SETE LAGOAS";"Velocidade Incompatível";"Colisão com objeto";"Com Vítimas Feridas";"Amanhecer";"Crescente";"Céu Claro";"Dupla";"Curva";"Não";1;0;0;1;0;0;1;1;-19,49804878;-44,27929974;"SPRF-MG";"DEL02-MG";"UOP01-DEL02-MG"
356552;2021-05-09;"domingo";"07:10:00";"PR";116;128;"FAZENDA RIO GRANDE";"Demais falhas mecânicas ou elétricas";"Colisão com objeto";"Com Vítimas Feridas";"Pleno dia";"Crescente";"Garoa/Chuvisco";"Dupla";"Reta";"Sim";1;0;1;0;0;0;1;1;-25,62150831;-49,31621728;"SPRF-PR";"DEL01-PR";"UOP03-DEL01-PR"
356553;2021-05-09;"domingo";"05:40:00";"PR";467;98,2;"CASCAVEL";"Velocidade Incompatível";"Saída de leito carroçável";"Com Vítimas Feridas";"Plena Noite";"Decrescente";"Céu Claro";"Dupla";"Curva";"Não";1;0;1;0;0;0;1;1;-24,8897;-53,5525;"SPRF-PR";"DEL04-PR";"UOP01-DEL04-PR"
356554;2021-05-09;"domingo";"04:15:00";"MT";364;276,1;"JACIARA";"Velocidade Incompatível";"Saída de leito carroçável";"Com Vítimas Feridas";"Plena Noite";"Decrescente";"Nublado";"Simples";"Reta";"Não";2;0;1;0;1;0;1;1;-15,95344474;-54,99098104;"SPRF-MT";"DEL02-MT";"UOP01-DEL02-MT"
356555;2021-05-09;"domingo";"03:30:00";"SP";116;142;"SAO JOSE DOS CAMPOS";"Ingestão de álcool pelo condutor";"Colisão com objeto";"Sem Vítimas";"Pleno dia";"Crescente";"Céu Claro";"Dupla";"Reta";"Não";1;0;0;0;0;1;0;1;-23,17426078;-45,82940111;"SPRF-SP";"DEL02-SP";"UOP01-DEL02-SP"
356556;2021-05-09;"domingo";"07:05:00";"MA";135;11,1;"SAO LUIS";"Transitar no acostamento";"Colisão frontal";"Com Vítimas Feridas";"Pleno dia";"Crescente";"Céu Claro";"Dupla";"Reta";"Sim";2;0;0;1;0;1;1;2;-2,66470782;-44,28673431;"SPRF-MA";"DEL01-MA";"UOP01-DEL01-MA"
356558;2021-05-08;"sábado";"22:57:00";"MG";381;722;"CARMO DA CACHOEIRA";"Ausência de reação do condutor";"Colisão com objeto";"Sem Vítimas";"Plena Noite";"Crescente";"Ignorado";"Dupla";"Reta;Declive";"Sim";1;0;0;0;0;1;0;1;-21,47729514;-45,20207819;"SPRF-MG";"DEL04-MG";"UOP02-DEL04-MG"
356559;2021-05-09;"domingo";"01:40:00";"PR";277;31;"MORRETES";"Velocidade Incompatível";"Saída de leito carroçável";"Sem Vítimas";"Plena Noite";"Crescente";"Céu Claro";"Dupla";"Reta";"Sim";1;0;0;0;0;1;0;1;-25,52874613;-48,73512603;"SPRF-PR";"DEL01-PR";"UOP05-DEL01-PR"
356561;2021-05-09;"domingo";"07:45:00";"CE";222;3,7;"CAUCAIA";"Acesso irregular";"Colisão transversal";"Com Vítimas Feridas";"Pleno dia";"Decrescente";"Céu Claro";"Dupla";"Rotatória";"Sim";2;0;1;0;1;0;1;2;-3,7403769;-38,59569202;"SPRF-CE";"DEL01-CE";"UOP01-DEL01-CE"
356562;2021-05-09;"domingo";"06:50:00";"MA";10;247;"IMPERATRIZ";"Ultrapassagem Indevida";"Colisão frontal";"Com Vítimas Feridas";"Pleno dia";"Decrescente";"Céu Claro";"Simples";"Reta";"Sim";2;0;1;1;0;0;2;2;-5,573772;-47,443893;"SPRF-MA";"DEL04-MA";"UOP01-DEL04-MA"
356563;2021-05-09;"domingo";"05:30:00";"BA";135;124;"RIACHAO DAS NEVES";"Reação tardia ou ineficiente do condutor";"Colisão traseira";"Com Vítimas Fatais";"Amanhecer";"Crescente";"Céu Claro";"Simples";"Reta";"Não";2;1;0;0;0;1;0;2;-11,73454372;-44,90035795;"SPRF-BA";"DEL10-BA";"UOP01-DEL10-BA"
356564;2021-04-15;"quinta-feira";"12:10:00";"RS";116;254;"SAPUCAIA DO SUL";"Manobra de mudança de faixa";"Colisão traseira";"Com Vítimas Feridas";"Pleno dia";"Decrescente";"Céu Claro";"Dupla";"Reta";"Sim";2;0;1;0;1;0;1;2;-29,82654797;-51,17241311;"SPRF-RS";"DEL01-RS";"UOP02-DEL01-RS"
356570;2021-05-09;"domingo";"08:45:00";"PE";101;18,4;"GOIANA";"Velocidade Incompatível";"Saída de leito carroçável";"Com Vítimas Feridas";"Pleno dia";"Crescente";"Chuva";"Dupla";"Reta";"Não";3;0;1;0;2;0;1;1;-7,64778973;-34,95054569;"SPRF-PE";"DEL01-PE";"UOP02-DEL01-PE"
356571;2021-05-09;"domingo";"06:30:00";"SC";282;629,5;"IRACEMINHA";"Velocidade Incompatível";"Tombamento";"Com Vítimas Feridas";"Pleno dia";"Crescente";"Nevoeiro/Neblina";"Simples";"Curva";"Não";1;0;1;0;0;0;1;1;-26,82048675;-53,38162059;"SPRF-SC";"DEL07-SC";"UOP03-DEL07-SC"
356572;2021-05-09;"domingo";"09:00:00";"CE";116;3;"FORTALEZA";"Manobra de mudança de faixa";"Colisão lateral mesmo sentido";"Com Vítimas Feridas";"Pleno dia";"Decrescente";"Nublado";"Dupla";"Viaduto";"Sim";3;0;2;0;0;1;2;2;-3,77854569;-38,51364797;"SPRF-CE";"DEL01-CE";"UOP02-DEL01-CE"
356573;2021-05-09;"domingo";"08:30:00";"BA";415;51,1;"ITABUNA";"Transitar na contramão";"Colisão frontal";"Com Vítimas Fatais";"Pleno dia";"Crescente";"Céu Claro";"Simples";"Reta";"Sim";3;1;2;0;0;0;2;2;-14,81574494;-39,29612388;"SPRF-BA";"DEL05-BA";"UOP01-DEL05-BA"
356574;2021-05-09;"domingo";"08:00:00";"SP";381;87;"GUARULHOS";"Velocidade Incompatível";"Colisão com objeto";"Sem Vítimas";"Pleno dia";"Decrescente";"Céu Claro";"Múltipla";"Curva";"Sim";1;0;0;0;0;1;0;1;-23,47436702;-46,56100273;"SPRF-SP";"DEL03-SP";"UOP01-DEL03-SP"
356577;2021-05-09;"domingo";"09:15:00";"MG";50;136;"UBERABA";"Objeto estático sobre o leito carroçável";"Colisão com objeto";"Com Vítimas Feridas";"Pleno dia";"Decrescente";"Céu Claro";"Dupla";"Reta";"Não";1;0;0;1;0;0;1;1;-19,44189098;-48,06412595;"SPRF-MG";"DEL13-MG";"UOP01-DEL13-MG"
356578;2021-05-09;"domingo";"06:45:00";"PR";277;165;"PALMEIRA";"Reação tardia ou ineficiente do condutor";"Colisão traseira";"Com Vítimas Feridas";"Amanhecer";"Crescente";"Céu Claro";"Simples";"Reta";"Sim";3;0;2;0;1;0;2;2;-25,47289;-49,895964;"SPRF-PR";"DEL01-PR";"UOP03-DEL03-PR"
356579;2021-05-09;"domingo";"07:30:00";"MT";364;195,8;"RONDONOPOLIS";"Ultrapassagem Indevida";"Colisão traseira";"Com Vítimas Feridas";"Pleno dia";"Decrescente";"Céu Claro";"Simples";"Reta";"Não";7;0;3;3;1;0;6;2;-16,52139597;-54,59966598;"SPRF-MT";"DEL02-MT";"UOP01-DEL02-MT"
356580;2021-05-09;"domingo";"09:00:00";"SP";116;380,8;"MIRACATU";"Reação tardia ou ineficiente do condutor";"Queda de ocupante de veículo";"Com Vítimas Feridas";"Pleno dia";"Crescente";"Sol";"Dupla";"Reta";"Não";1;0;1;0;0;0;1;1;-24,21753686;-47,36651776;"SPRF-SP";"DEL04-SP";"UOP02-DEL04-SP"
356581;2021-05-08;"sábado";"23:40:00";"PB";230;404;"POMBAL";"Deficiência do Sistema de Iluminação/Sinalização";"Colisão transversal";"Com Vítimas Feridas";"Plena Noite";"Decrescente";"Céu Claro";"Simples";"Reta";"Não";4;0;1;1;2;0;2;2;-6,79;-37,79;"SPRF-PB";"DEL03-PB";"UOP02-DEL03-PB"
356582;2021-05-09;"domingo";"06:00:00";"PB";230;400,7;"POMBAL";"Ingestão de álcool pelo condutor";"Saída de leito carroçável";"Com Vítimas Feridas";"Amanhecer";"Decrescente";"Céu Claro";"Simples";"Declive";"Não";1;0;1;0;0;0;1;1;-6,822;-37,762;"SPRF-PB";"DEL03-PB";"UOP02-DEL03-PB"
356583;2021-05-09;"domingo";"09:00:00";"PB";104;112,6;"LAGOA SECA";"Desrespeitar a preferência no cruzamento";"Colisão transversal";"Com Vítimas Feridas";"Pleno dia";"Decrescente";"Céu Claro";"Simples";"Interseção de Vias";"Não";3;0;2;0;1;0;2;2;-7,14830993;-35,8542037;"SPRF-PB";"DEL02-PB";"UOP04-DEL02-PB"
356585;2021-05-09;"domingo";"10:30:00";"RS";116;248;"SAO LEOPOLDO";"Condutor deixou de manter distância do veículo da frente";"Colisão transversal";"Com Vítimas Feridas";"Pleno dia";"Decrescente";"Céu Claro";"Dupla";"Reta";"Sim";3;0;1;0;2;0;1;2;-29,7774;-51,1552;"SPRF-RS";"DEL01-RS";"UOP02-DEL01-RS"
356586;2021-05-09;"domingo";"10:15:00";"AP";156;782,7;"OIAPOQUE";"Pista Escorregadia";"Tombamento";"Com Vítimas Feridas";"Pleno dia";"Crescente";"Chuva";"Simples";"Curva";"Não";10;0;7;0;2;1;7;2;3,53434598;-51,76637543;"SPRF-AP";"DEL01-AP";"UOP03-DEL01-AP"
356587;2021-05-01;"sábado";"14:00:00";"GO";40;24;"LUZIANIA";"Desrespeitar a preferência no cruzamento";"Colisão transversal";"Com Vítimas Feridas";"Pleno dia";"Crescente";"Nublado";"Dupla";"Interseção de Vias";"Sim";2;0;0;1;1;0;1;2;-16,244381;-47,907379;"SPRF-DF";"DEL01-DF";"UOP01-DEL01-DF"
356588;2021-05-09;"domingo";"10:25:00";"SC";280;65,9;"JARAGUA DO SUL";"Desrespeitar a preferência no cruzamento";"Colisão transversal";"Com Vítimas Feridas";"Pleno dia";"Decrescente";"Céu Claro";"Simples";"Rotatória";"Sim";3;0;1;0;2;0;1;2;-26,47771822;-49,10335064;"SPRF-SC";"DEL03-SC";"UOP03-DEL03-SC"
356589;2021-05-09;"domingo";"11:40:00";"PE";101;90;"CABO DE SANTO AGOSTINHO";"Reação tardia ou ineficiente do condutor";"Colisão transversal";"Com Vítimas Feridas";"Pleno dia";"Crescente";"Nublado";"Simples";"Reta";"Sim";2;0;1;0;1;0;1;2;-8,21612792;-34,98772817;"SPRF-PE";"DEL01-PE";"UOP01-DEL01-PE"
356591;2021-05-09;"domingo";"10:20:00";"PE";101;70,1;"RECIFE";"Chuva";"Saída de leito carroçável";"Com Vítimas Feridas";"Pleno dia";"Decrescente";"Chuva";"Dupla";"Reta";"Não";3;0;1;0;2;0;1;1;-8,06776119;-34,94265074;"SPRF-PE";"DEL01-PE";"UOP01-DEL01-PE"
356592;2021-05-09;"domingo";"12:00:00";"PR";116;126;"FAZENDA RIO GRANDE";"Manobra de mudança de faixa";"Colisão traseira";"Com Vítimas Feridas";"Pleno dia";"Decrescente";"Céu Claro";"Dupla";"Reta";"Sim";2;0;0;1;1;0;1;2;-25,60389895;-49,31824423;"SPRF-PR";"DEL01-PR";"UOP03-DEL01-PR"
356593;2021-05-09;"domingo";"10:30:00";"CE";20;370;"MARANGUAPE";"Reação tardia ou ineficiente do condutor";"Saída de leito carroçável";"Com Vítimas Feridas";"Pleno dia";"Decrescente";"Sol";"Simples";"Reta";"Não";1;0;1;0;0;0;1;1;-3,98009832;-38,91178381;"SPRF-CE";"DEL02-CE";"UOP01-DEL02-CE"
356595;2021-05-09;"domingo";"11:55:00";"RS";386;442,8;"CANOAS";"Retorno proibido";"Colisão transversal";"Com Vítimas Feridas";"Pleno dia";"Crescente";"Céu Claro";"Simples";"Reta";"Sim";4;0;4;0;0;0;4;2;-29,885923;-51,223259;"SPRF-RS";"DEL01-RS";"UOP01-DEL01-RS"
356596;2021-05-09;"domingo";"12:00:00";"ES";101;143;"LINHARES";"Ingestão de álcool pelo condutor";"Colisão traseira";"Com Vítimas Fatais";"Pleno dia";"Decrescente";"Céu Claro";"Dupla";"Reta";"Não";8;1;1;3;0;3;4;3;-19,34286596;-40,0638568;"SPRF-ES";"DEL04-ES";"UOP01-DEL04-ES"
356597;2021-05-09;"domingo";"11:15:00";"SC";470;75,9;"INDAIAL";"Acessar a via sem observar a presença dos outros veículos";"Colisão transversal";"Com Vítimas Feridas";"Pleno dia";"Crescente";"Nublado";"Simples";"Reta";"Não";2;0;1;0;1;0;1;2;-26,924833;-49,284004;"SPRF-SC";"DEL04-SC";"UOP01-DEL04-SC"
356598;2021-05-09;"domingo";"12:15:00";"RS";116;244;"SAO LEOPOLDO";"Ausência de reação do condutor";"Colisão traseira";"Com Vítimas Feridas";"Pleno dia";"Crescente";"Céu Claro";"Dupla";"Reta";"Sim";3;0;1;0;2;0;1;2;-29,74088003;-51,15039566;"SPRF-RS";"DEL01-RS";"UOP02-DEL01-RS"
356601;2021-05-09;"domingo";"11:50:00";"SC";470;89;"APIUNA";"Acumulo de areia ou detritos sobre o pavimento";"Colisão traseira";"Com Vítimas Feridas";"Pleno dia";"Crescente";"Céu Claro";"Simples";"Ponte";"Não";3;0;1;0;2;0;1;2;-26,961573;-49,371918;"SPRF-SC";"DEL04-SC";"UOP01-DEL04-SC"
356602;2021-05-09;"domingo";"12:05:00";"SP";116;269;"TABOAO DA SERRA";"Ausência de reação do condutor";"Colisão traseira";"Com Vítimas Feridas";"Pleno dia";"Decrescente";"Céu Claro";"Múltipla";"Reta";"Sim";2;0;1;0;1;0;1;2;-23,61593059;-46,78826044;"SPRF-SP";"DEL04-SP";"UOP01-DEL04-SP"
356603;2021-05-09;"domingo";"12:30:00";"RN";101;77,6;"NATAL";"Desrespeitar a preferência no cruzamento";"Colisão transversal";"Sem Vítimas";"Pleno dia";"Decrescente";"Céu Claro";"Dupla";"Reta";"Sim";2;0;0;0;1;1;0;2;-5,73180495;-35,29112135;"SPRF-RN";"DEL02-RN";"UOP01-DEL02-RN"