"id";"data_inversa";"dia_semana";"horario";"uf";"br";"km";"municipio";"causa_acidente";"tipo_acidente";"classificacao_acidente";"fase_dia";"sentido_via";"condicao_metereologica";"tipo_pista";"tracado_via";"uso_solo";"pessoas";"mortos";"feridos_leves";"feridos_graves";"ilesos";"ignorados";"feridos";"veiculos";"latitude";"longitude";"regional";"delegacia";"uop"
356705;2021-05-09;"domingo";"19:45:00";"MS";163;462;"CAMPO GRANDE";"Reação tardia ou ineficiente do condutor";"Engavetamento";"Com Vítimas Feridas";"Plena Noite";"Crescente";"Céu Claro";"Simples";"Declive";"Não";5;0;2;0;3;0;2;3;-20,621198;-54,574095;"SPRF-MS";"DEL01-MS";"UOP01-DEL01-MS"
356706;2021-05-09;"domingo";"19:00:00";"RJ";40;120;"DUQUE DE CAXIAS";"Manobra de mudança de faixa";"Colisão lateral mesmo sentido";"Com Vítimas Feridas";"Anoitecer";"Crescente";"Céu Claro";"Dupla";"Reta";"Sim";3;0;0;1;2;0;1;3;-22,77280597;-43,28626763;"SPRF-RJ";"DEL01-RJ";"UOP01-DEL01-RJ"
356707;2021-05-09;"domingo";"18:30:00";"MA";316;362,9;"BACABAL";"Condutor deixou de manter distância do veículo da frente";"Colisão traseira";"Com Vítimas Feridas";"Anoitecer";"Decrescente";"Nublado";"Simples";"Reta";"Não";2;0;1;0;0;1;1;2;-4,22385;-44,776382;"SPRF-MA";"DEL03-MA";"UOP01-DEL03-MA"
356708;2021-05-09;"domingo";"18:00:00";"BA";324;559;"TERRA NOVA";"Acessar a via sem observar a presença dos outros veículos";"Colisão transversal";"Com Vítimas Feridas";"Anoitecer";"Decrescente";"Chuva";"Dupla";"Reta";"Não";2;0;1;0;0;1;1;2;-12,48716788;-38,66087791;"SPRF-BA";"DEL01-BA";"UOP03-DEL01-BA"
356709;2021-05-09;"domingo";"19:15:00";"PR";116;156;"MANDIRITUBA";"Ingestão de álcool pelo condutor";"Colisão frontal";"Com Vítimas Feridas";"Plena Noite";"Decrescente";"Céu Claro";"Simples";"Reta";"Não";2;0;0;1;1;0;1;2;-25,8597564;-49,3606332;"SPRF-PR";"DEL01-PR";"UOP03-DEL01-PR"
356710;2021-05-09;"domingo";"20:36:00";"SC";101;41,8;"JOINVILLE";"Ingestão de álcool pelo condutor";"Colisão com objeto";"Com Vítimas Feridas";"Plena Noite";"Crescente";"Chuva";"Dupla";"Reta";"Sim";3;0;1;0;2;0;1;1;-26,32293135;-48,86849642;"SPRF-SC";"DEL03-SC";"UOP01-DEL03-SC"
356711;2021-05-09;"domingo";"21:00:00";"PE";101;103;"CABO DE SANTO AGOSTINHO";"Ingestão de álcool ou de substâncias psicoativas pelo pedestre";"Atropelamento de Pedestre";"Com Vítimas Feridas";"Plena Noite";"Decrescente";"Nublado";"Dupla";"Curva";"Não";2;0;0;1;1;0;1;2;-8,29241321;-35,05598304;"SPRF-PE";"DEL01-PE";"UOP01-DEL01-PE"
356714;2021-05-09;"domingo";"21:10:00";"AL";104;29;"UNIAO DOS PALMARES";"Ingestão de álcool e/ou substâncias psicoativas pelo pedestre";"Queda de ocupante de veículo";"Com Vítimas Feridas";"Plena Noite";"Decrescente";"Garoa/Chuvisco";"Simples";"Reta";"Não";1;0;1;0;0;0;1;1;-9,11969886;-36,04038686;"SPRF-AL";"DEL01-AL";"UOP02-DEL01-AL"
356715;2021-05-09;"domingo";"20:00:00";"SC";101;360,2;"SANGAO";"Reação tardia ou ineficiente do condutor";"Colisão traseira";"Com Vítimas Feridas";"Plena Noite";"Crescente";"Nublado";"Simples";"Interseção de Vias";"Sim";2;0;1;0;1;0;1;2;-28,66765;-49,11775029;"SPRF-SC";"DEL02-SC";"UOP01-DEL02-SC"
356716;2021-05-09;"domingo";"18:20:00";"PB";230;481,1;"MARIZOPOLIS";"Pedestre andava na pista";"Atropelamento de Pedestre";"Com Vítimas Feridas";"Plena Noite";"Crescente";"Nublado";"Simples";"Declive";"Não";2;0;0;2;0;0;2;2;-6,8451;-38,354;"SPRF-PB";"DEL03-PB";"UOP03-DEL03-PB"
356717;2021-05-09;"domingo";"20:20:00";"MS";262;317;"CAMPO GRANDE";"Ingestão de álcool e/ou substâncias psicoativas pelo pedestre";"Saída de leito carroçável";"Com Vítimas Fatais";"Plena Noite";"Crescente";"Céu Claro";"Simples";"Reta";"Não";3;1;1;0;0;1;1;2;-20,471231;-54,448626;"SPRF-MS";"DEL01-MS";"UOP01-DEL01-MS"
356718;2021-05-09;"domingo";"17:38:00";"RS";153;393;"CACHOEIRA DO SUL";"Trafegar com motocicleta (ou similar) entre as faixas";"Colisão traseira";"Com Vítimas Feridas";"Anoitecer";"Crescente";"Céu Claro";"Simples";"Declive";"Não";2;0;1;0;1;0;1;2;-29,95379289;-52,94617279;"SPRF-RS";"DEL02-RS";"UOP03-DEL02-RS"
356719;2021-05-09;"domingo";"21:20:00";"ES";101;312,2;"VILA VELHA";"Acessar a via sem observar a presença dos outros veículos";"Colisão transversal";"Com Vítimas Feridas";"Plena Noite";"Crescente";"Nublado";"Simples";"Reta;Em Obras";"Não";9;0;8;1;0;0;9;2;-20,443811;-40,460402;"SPRF-ES";"DEL01-ES";"UOP01-DEL01-ES"
356720;2021-05-09;"domingo";"20:15:00";"SC";101;185;"BIGUACU";"Pista Escorregadia";"Colisão com objeto";"Sem Vítimas";"Plena Noite";"Crescente";"Chuva";"Dupla";"Reta";"Não";1;0;0;0;1;0;0;1;-27,42536698;-48,62465876;"SPRF-SC";"DEL01-SC";"UOP01-DEL01-SC"
356721;2021-05-09;"domingo";"18:40:00";"PB";230;352,5;"PATOS";"Acessar a via sem observar a presença dos outros veículos";"Colisão transversal";"Sem Vítimas";"Plena Noite";"Crescente";"Céu Claro";"Simples";"Interseção de Vias";"Não";2;0;0;0;2;0;0;2;-6,9461;-37,4033;"SPRF-PB";"DEL03-PB";"UOP01-DEL03-PB"
356722;2021-05-09;"domingo";"15:30:00";"RJ";40;93,7;"DUQUE DE CAXIAS";"Pista esburacada";"Capotamento";"Com Vítimas Feridas";"Pleno dia";"Crescente";"Garoa/Chuvisco";"Simples";"Curva";"Não";3;0;2;0;1;0;2;1;-22,5554282;-43,25829998;"SPRF-RJ";"DEL01-RJ";"UOP01-DEL01-RJ"
356723;2021-05-09;"domingo";"21:00:00";"RS";101;384,5;"SAO JOSE DO NORTE";"Transitar na contramão";"Colisão frontal";"Com Vítimas Fatais";"Plena Noite";"Decrescente";"Nublado";"Simples";"Reta";"Não";6;1;4;0;1;0;4;2;-31,88689445;-51,88869186;"SPRF-RS";"DEL03-RS";"UOP01-DEL03-RS"
356727;2021-05-09;"domingo";"22:00:00";"PR";476;122;"CURITIBA";"Velocidade Incompatível";"Tombamento";"Sem Vítimas";"Pleno dia";"Crescente";"Nublado";"Simples";"Reta";"Sim";1;0;0;0;1;0;0;1;-25,385775;-49,203377;"SPRF-PR";"DEL01-PR";"UOP02-DEL01-PR"
356729;2021-05-09;"domingo";"19:00:00";"RJ";493;56;"DUQUE DE CAXIAS";"Afundamento ou ondulação no pavimento";"Capotamento";"Com Vítimas Feridas";"Plena Noite";"Decrescente";"Nublado";"Dupla";"Reta";"Não";4;0;4;0;0;0;4;1;-22,66964008;-43,3059597;"SPRF-RJ";"DEL01-RJ";"UOP01-DEL01-RJ"
356731;2021-05-09;"domingo";"20:35:00";"AM";230;613,9;"HUMAITA";"Velocidade Incompatível";"Colisão traseira";"Com Vítimas Feridas";"Plena Noite";"Decrescente";"Céu Claro";"Simples";"Reta";"Sim";4;0;1;0;3;0;1;2;-7,52210264;-63,03724593;"SPRF-AM";"DEL01-AM";"UOP05-DEL01-AM"
356732;2021-05-09;"domingo";"22:15:00";"RN";427;55;"JARDIM DO SERIDO";"Conversão proibida";"Colisão lateral mesmo sentido";"Com Vítimas Feridas";"Plena Noite";"Decrescente";"Nublado";"Simples";"Reta";"Sim";2;0;0;1;0;1;1;2;-6,59042026;-36,77155697;"SPRF-RN";"DEL03-RN";"UOP01-DEL03-RN"
356733;2021-05-09;"domingo";"22:00:00";"DF";20;22;"BRASILIA";"Reação tardia ou ineficiente do condutor";"Colisão transversal";"Com Vítimas Feridas";"Plena Noite";"Crescente";"Céu Claro";"Dupla";"Retorno Regulamentado";"Sim";2;0;1;0;1;0;1;2;-15,59834;-47,676186;"SPRF-DF";"DEL02-DF";"UOP01-DEL02-DF"
356734;2021-05-09;"domingo";"18:00:00";"SC";470;175,4;"POUSO REDONDO";"Acessar a via sem observar a presença dos outros veículos";"Colisão traseira";"Com Vítimas Feridas";"Anoitecer";"Crescente";"Nublado";"Simples";"Reta";"Sim";3;0;2;0;1;0;2;2;-27,25617;-49,938969;"SPRF-SC";"DEL04-SC";"UOP02-DEL04-SC"
356735;2021-05-09;"domingo";"22:00:00";"PR";376;144;"PRESIDENTE CASTELO BRANCO";"Ingestão de álcool pelo condutor";"Saída de leito carroçável";"Com Vítimas Feridas";"Plena Noite";"Crescente";"Céu Claro";"Dupla";"Reta";"Não";2;0;1;0;1;0;1;1;-23,27306305;-52,15760929;"SPRF-PR";"DEL09-PR";"UOP02-DEL09-PR"
356736;2021-05-09;"domingo";"21:40:00";"PA";316;64;"CASTANHAL";"Ingestão de álcool pelo condutor";"Colisão transversal";"Com Vítimas Feridas";"Plena Noite";"Decrescente";"Céu Claro";"Dupla";"Reta";"Sim";2;0;0;1;1;0;1;2;-1,29551;-47,907893;"SPRF-PA";"DEL01-PA";"UOP01-DEL01-PA"
356737;2021-05-09;"domingo";"22:10:00";"PR";369;237;"JANDAIA DO SUL";"Deficiência do Sistema de Iluminação/Sinalização";"Queda de ocupante de veículo";"Com Vítimas Feridas";"Plena Noite";"Crescente";"Céu Claro";"Simples";"Reta";"Não";1;0;0;1;0;0;1;1;-23,63344493;-51,67410851;"SPRF-PR";"DEL09-PR";"UOP01-DEL09-PR"
356739;2021-05-09;"domingo";"20:30:00";"GO";153;632;"MORRINHOS";"Avarias e/ou desgaste excessivo no pneu";"Tombamento";"Com Vítimas Feridas";"Plena Noite";"Crescente";"Céu Claro";"Dupla";"Reta";"Não";1;0;1;0;0;0;1;1;-17,8104;-49,2092;"SPRF-GO";"DEL03-GO";"UOP01-DEL03-GO"
356740;2021-05-09;"domingo";"22:00:00";"RJ";101;277;"TANGUA";"Acessar a via sem observar a presença dos outros veículos";"Colisão traseira";"Sem Vítimas";"Plena Noite";"Crescente";"Ignorado";"Dupla";"Reta";"Não";3;0;0;0;3;0;0;2;-22,73943906;-42,748279;"SPRF-RJ";"DEL02-RJ";"UOP03-DEL02-RJ"
356741;2021-05-09;"domingo";"13:45:00";"RJ";101;333;"RIO DE JANEIRO";"Ausência de reação do condutor";"Colisão com objeto";"Com Vítimas Feridas";"Pleno dia";"Decrescente";"Céu Claro";"Dupla";"Aclive";"Não";1;0;1;0;0;0;1;1;-22,87827816;-43,21053578;"SPRF-RJ";"DEL02-RJ";"UOP02-DEL02-RJ"
356742;2021-05-09;"domingo";"19:20:00";"RO";319;56;"PORTO VELHO";"Velocidade Incompatível";"Capotamento";"Com Vítimas Feridas";"Plena Noite";"Crescente";"Nublado";"Simples";"Reta";"Não";3;0;0;2;0;1;2;1;-8,739714;-63,93214024;"SPRF-RO";"DEL01-RO";"UOP01-DEL01-RO"
356743;2021-05-09;"domingo";"21:30:00";"PR";369;152;"LONDRINA";"Ingestão de álcool pelo condutor";"Colisão com objeto";"Sem Vítimas";"Plena Noite";"Decrescente";"Céu Claro";"Dupla";"Reta";"Sim";1;0;0;0;1;0;0;1;-23,2929109;-51,1819144;"SPRF-PR";"DEL07-PR";"UOP01-DEL07-PR"
356745;2021-05-09;"domingo";"21:30:00";"MG";50;180,9;"UBERABA";"Reação tardia ou ineficiente do condutor";"Colisão com objeto";"Sem Vítimas";"Plena Noite";"Decrescente";"Céu Claro";"Dupla";"Reta";"Sim";1;0;0;0;1;0;0;1;-19,77848216;-47,92194709;"SPRF-MG";"DEL13-MG";"UOP01-DEL13-MG"
356746;2021-05-09;"domingo";"21:30:00";"BA";110;2;"PAULO AFONSO";"Ingestão de álcool pelo condutor";"Queda de ocupante de veículo";"Com Vítimas Feridas";"Plena Noite";"Decrescente";"Nublado";"Simples";"Reta";"Não";1;0;1;0;0;0;1;1;-9,47099311;-38,20719886;"SPRF-BA";"DEL07-BA";"UOP01-DEL07-BA"
356747;2021-05-09;"domingo";"22:05:00";"SC";101;42,1;"JOINVILLE";"Velocidade Incompatível";"Colisão lateral mesmo sentido";"Com Vítimas Feridas";"Plena Noite";"Decrescente";"Garoa/Chuvisco";"Dupla";"Reta";"Sim";3;0;1;0;2;0;1;2;-26,32357564;-48,86753082;"SPRF-SC";"DEL03-SC";"UOP01-DEL03-SC"
356748;2021-05-09;"domingo";"20:00:00";"SE";101;127;"ITAPORANGA DAJUDA";"Objeto estático sobre o leito carroçável";"Colisão com objeto";"Com Vítimas Feridas";"Plena Noite";"Crescente";"Garoa/Chuvisco";"Dupla";"Reta";"Não";1;0;1;0;0;0;1;1;-11,07307112;-37,36285266;"SPRF-SE";"DEL02-SE";"UOP01-DEL02-SE"
356750;2021-05-09;"domingo";"22:40:00";"PR";467;108;"CASCAVEL";"Ingestão de álcool pelo condutor";"Saída de leito carroçável";"Sem Vítimas";"Plena Noite";"Decrescente";"Céu Claro";"Dupla";"Reta";"Não";1;0;0;0;1;0;0;1;-24,9237;-53,4676;"SPRF-PR";"DEL04-PR";"UOP01-DEL04-PR"
356753;2021-05-09;"domingo";"22:20:00";"RS";293;19,5;"CAPAO DO LEAO";"Animais na Pista";"Atropelamento de Animal";"Com Vítimas Feridas";"Plena Noite";"Decrescente";"Nublado";"Simples";"Reta";"Não";1;0;1;0;0;0;1;1;-31,74228107;-52,51146001;"SPRF-RS";"DEL07-RS";"UOP01-DEL07-RS"
356754;2021-05-09;"domingo";"22:00:00";"AL";316;264;"SATUBA";"Ingestão de álcool pelo condutor";"Colisão lateral sentido oposto";"Com Vítimas Feridas";"Plena Noite";"Decrescente";"Céu Claro";"Múltipla";"Curva;Aclive";"Não";2;0;1;0;1;0;1;2;-9,58847626;-35,8696781;"SPRF-AL";"DEL02-AL";"UOP01-DEL02-AL"
356755;2021-05-09;"domingo";"22:15:00";"RJ";40;119;"DUQUE DE CAXIAS";"Ausência de reação do condutor";"Colisão lateral mesmo sentido";"Com Vítimas Feridas";"Plena Noite";"Decrescente";"Nublado";"Dupla";"Retorno Regulamentado";"Sim";2;0;0;1;0;1;1;2;-22,76375592;-43,28683062;"SPRF-RJ";"DEL01-RJ";"UOP01-DEL01-RJ"
356757;2021-05-09;"domingo";"22:50:00";"MS";60;147,2;"CAMAPUA";"Animais na Pista";"Atropelamento de Animal";"Com Vítimas Fatais";"Plena Noite";"Crescente";"Céu Claro";"Simples";"Reta";"Não";3;1;1;1;0;0;2;1;-19,39942354;-53,63637583;"SPRF-MS";"DEL06-MS";"UOP02-DEL06-MS"
356758;2021-05-09;"domingo";"23:00:00";"PR";277;637,5;"CEU AZUL";"Ultrapassagem Indevida";"Colisão frontal";"Com Vítimas Feridas";"Plena Noite";"Decrescente";"Céu Claro";"Simples";"Reta";"Sim";10;0;8;0;2;0;8;3;-25,15127997;-53,84435289;"SPRF-PR";"DEL05-PR";"UOP02-DEL05-PR"
356760;2021-05-09;"domingo";"23:50:00";"SP";116;228,9;"SAO PAULO";"Velocidade Incompatível";"Colisão traseira";"Com Vítimas Feridas";"Pleno dia";"Decrescente";"Nublado";"Múltipla";"Reta";"Sim";3;0;1;0;0;2;1;3;-23,51291902;-46,57604698;"SPRF-SP";"DEL01-SP";"UOP01-DEL01-SP"
356761;2021-05-09;"domingo";"20:30:00";"MT";364;3;"ALTO ARAGUAIA";"Velocidade Incompatível";"Saída de leito carroçável";"Com Vítimas Feridas";"Plena Noite";"Decrescente";"Céu Claro";"Simples";"Declive";"Não";3;0;2;1;0;0;3;1;-17,30429599;-53,23345499;"SPRF-MT";"DEL02-MT";"UOP02-DEL02-MT"
356762;2021-05-09;"domingo";"22:15:00";"MG";365;764;"ITUIUTABA";"Reação tardia ou ineficiente do condutor";"Colisão com objeto";"Com Vítimas Feridas";"Plena Noite";"Crescente";"Céu Claro";"Simples";"Reta";"Não";1;0;1;0;0;0;1;1;-18,96385;-49,550877;"SPRF-MG";"DEL15-MG";"UOP03-DEL15-MG"
356763;2021-05-10;"segunda-feira";"00:00:00";"SP";116;271,9;"EMBU DAS ARTES";"Ausência de reação do condutor";"Colisão com objeto";"Com Vítimas Feridas";"Plena Noite";"Decrescente";"Céu Claro";"Dupla";"Reta";"Sim";1;0;1;0;0;0;1;1;-23,61809286;-46,80556302;"SPRF-SP";"DEL04-SP";"UOP01-DEL04-SP"
356764;2021-05-09;"domingo";"23:55:00";"SP";116;118,5;"TAUBATE";"Condutor Dormindo";"Colisão com objeto";"Com Vítimas Feridas";"Plena Noite";"Decrescente";"Céu Claro";"Dupla";"Reta";"Não";3;0;0;1;0;2;1;2;-23,06266296;-45,62665044;"SPRF-SP";"DEL02-SP";"UOP02-DEL02-SP"
356765;2021-05-09;"domingo";"22:50:00";"PR";277;168,8;"PALMEIRA";"Ausência de reação do condutor";"Saída de leito carroçável";"Com Vítimas Feridas";"Plena Noite";"Decrescente";"Céu Claro";"Dupla";"Rotatória";"Não";1;0;0;1;0;0;1;1;-25,4347769;-49,98592168;"SPRF-PR";"DEL01-PR";"UOP03-DEL03-PR"
356766;2021-05-09;"domingo";"22:40:00";"RJ";465;20;"NOVA IGUACU";"Reação tardia ou ineficiente do condutor";"Atropelamento de Pedestre";"Com Vítimas Feridas";"Plena Noite";"Decrescente";"Nublado";"Simples";"Reta";"Sim";2;0;1;0;1;0;1;2;-22,846828;-43,605339;"SPRF-RJ";"DEL03-RJ";"UOP01-DEL03-RJ"
356770;2021-05-09;"domingo";"23:51:00";"PR";369;188,1;"ARAPONGAS";"Ingestão de álcool pelo condutor";"Colisão traseira";"Com Vítimas Feridas";"Plena Noite";"Decrescente";"Nublado";"Simples";"Interseção de Vias";"Sim";4;0;2;1;1;0;3;3;-23,43459172;-51,4220998;"SPRF-PR";"DEL07-PR";"UOP02-DEL07-PR"
356771;2021-05-10;"segunda-feira";"00:30:00";"SC";101;195,1;"BIGUACU";"Ingestão de álcool pelo condutor";"Saída de leito carroçável";"Com Vítimas Feridas";"Plena Noite";"Decrescente";"Chuva";"Múltipla";"Reta";"Sim";1;0;1;0;0;0;1;1;-27,5047092;-48,65010819;"SPRF-SC";"DEL01-SC";"UOP01-DEL01-SC"
356772;2021-05-10;"segunda-feira";"01:00:00";"ES";101;270;"SERRA";"Condutor desrespeitou a iluminação vermelha do semáforo";"Colisão transversal";"Com Vítimas Feridas";"Plena Noite";"Decrescente";"Céu Claro";"Dupla";"Interseção de Vias";"Sim";3;0;0;1;2;0;1;2;-20,22662056;-40,27075088;"SPRF-ES";"DEL02-ES";"UOP01-DEL02-ES"
356773;2021-05-09;"domingo";"23:55:00";"RO";364;710;"PORTO VELHO";"Ingestão de álcool pelo condutor";"Colisão com objeto";"Com Vítimas Feridas";"Plena Noite";"Decrescente";"Céu Claro";"Dupla";"Reta";"Sim";3;0;0;3;0;0;3;1;-8,78518404;-63,85927677;"SPRF-RO";"DEL01-RO";"UOP01-DEL01-RO"
356777;2021-05-10;"segunda-feira";"02:15:00";"RJ";40;109;"DUQUE DE CAXIAS";"Condutor Dormindo";"Queda de ocupante de veículo";"Com Vítimas Feridas";"Plena Noite";"Decrescente";"Céu Claro";"Múltipla";"Reta";"Sim";1;0;0;1;0;0;1;1;-22,67374628;-43,28638368;"SPRF-RJ";"DEL01-RJ";"UOP01-DEL01-RJ"
356778;2021-05-10;"segunda-feira";"02:50:00";"SP";116;276;"EMBU DAS ARTES";"Velocidade Incompatível";"Saída de leito carroçável";"Sem Vítimas";"Plena Noite";"Decrescente";"Céu Claro";"Dupla";"Reta";"Sim";1;0;0;0;0;1;0;1;-23,64262417;-46,83811382;"SPRF-SP";"DEL04-SP";"UOP01-DEL04-SP"
356779;2021-05-10;"segunda-feira";"03:00:00";"PR";277;143;"CURITIBA";"Velocidade Incompatível";"Capotamento";"Com Vítimas Fatais";"Pleno dia";"Decrescente";"Nublado";"Dupla";"Curva";"Sim";4;1;1;2;0;0;3;1;-25,53806954;-49,31088924;"SPRF-PR";"DEL01-PR";"UOP03-DEL03-PR"
356780;2021-05-10;"segunda-feira";"03:40:00";"SC";101;158;"TIJUCAS";"Ausência de reação do condutor";"Colisão lateral mesmo sentido";"Com Vítimas Feridas";"Plena Noite";"Decrescente";"Garoa/Chuvisco";"Dupla";"Reta";"Não";2;0;1;0;0;1;1;2;-27,19096301;-48,61259017;"SPRF-SC";"DEL04-SC";"UOP03-DEL04-SC"
356781;2021-05-10;"segunda-feira";"03:50:00";"SC";101;208,1;"SAO JOSE";"Ingestão de álcool pelo condutor";"Colisão com objeto";"Com Vítimas Feridas";"Plena Noite";"Crescente";"Chuva";"Múltipla";"Curva";"Sim";1;0;1;0;0;0;1;1;-27,60327979;-48,63201818;"SPRF-SC";"DEL01-SC";"UOP01-DEL01-SC"
356782;2021-05-10;"segunda-feira";"02:45:00";"MT";70;506,8;"CUIABA";"Reação tardia ou ineficiente do condutor";"Colisão traseira";"Sem Vítimas";"Plena Noite";"Decrescente";"Céu Claro";"Simples";"Reta";"Sim";3;0;0;0;3;0;0;2;-15,70369671;-56,07095718;"SPRF-MT";"DEL01-MT";"UOP02-DEL01-MT"
356783;2021-05-10;"segunda-feira";"02:50:00";"AC";364;272;"SENA MADUREIRA";"Ausência de reação do condutor";"Colisão com objeto";"Com Vítimas Feridas";"Plena Noite";"Crescente";"Céu Claro";"Simples";"Reta";"Sim";2;0;1;1;0;0;2;1;-9,08147284;-68,65945397;"SPRF-AC";"DEL01-AC";"UOP01-DEL01-AC"
356786;2021-05-10;"segunda-feira";"00:55:00";"PR";163;86,3;"CAPANEMA";"Velocidade Incompatível";"Saída de leito carroçável";"Com Vítimas Fatais";"Plena Noite";"Crescente";"Céu Claro";"Simples";"Declive;Curva";"Sim";1;1;0;0;0;0;0;1;-25,686618;-53,787347;"SPRF-PR";"DEL02-PR";"UOP02-DEL02-PR"
356787;2021-05-10;"segunda-feira";"05:00:00";"RJ";116;214;"PARACAMBI";"Acessar a via sem observar a presença dos outros veículos";"Colisão traseira";"Com Vítimas Feridas";"Amanhecer";"Decrescente";"Céu Claro";"Dupla";"Reta";"Não";2;0;1;0;1;0;1;2;-22,69575366;-43,7688446;"SPRF-RJ";"DEL01-RJ";"UOP03-DEL01-RJ"
356788;2021-05-10;"segunda-feira";"05:30:00";"SP";116;166;"JACAREI";"Demais falhas mecânicas ou elétricas";"Colisão transversal";"Sem Vítimas";"Amanhecer";"Crescente";"Nublado";"Dupla";"Reta";"Não";2;0;0;0;2;0;0;2;-23,30055667;-46,01686506;"SPRF-SP";"DEL02-SP";"UOP01-DEL02-SP"
356789;2021-05-10;"segunda-feira";"04:30:00";"SC";282;0,5;"FLORIANOPOLIS";"Velocidade Incompatível";"Colisão com objeto";"Com Vítimas Feridas";"Plena Noite";"Crescente";"Chuva";"Dupla";"Declive;Curva";"Não";1;0;1;0;0;0;1;1;-27,59845;-48,571995;"SPRF-SC";"DEL01-SC";"UOP01-DEL01-SC"
356790;2021-05-10;"segunda-feira";"06:00:00";"SE";101;102,8;"SAO CRISTOVAO";"Chuva";"Saída de leito carroçável";"Com Vítimas Feridas";"Pleno dia";"Decrescente";"Chuva";"Dupla";"Retorno Regulamentado";"Não";1;0;0;1;0;0;1;1;-10,94880037;-37,21099182;"SPRF-SE";"DEL02-SE";"UOP01-DEL02-SE"
356791;2021-05-10;"segunda-feira";"05:30:00";"MG";381;439,8;"SABARA";"Pista Escorregadia";"Tombamento";"Com Vítimas Feridas";"Plena Noite";"Decrescente";"Nublado";"Simples";"Declive;Reta";"Não";1;0;1;0;0;0;1;1;-19,80927691;-43,78706001;"SPRF-MG";"DEL01-MG";"UOP01-DEL01-MG"
356794;2021-05-10;"segunda-feira";"06:00:00";"SE";101;85;"NOSSA SENHORA DO SOCORRO";"Velocidade Incompatível";"Saída de leito carroçável";"Com Vítimas Feridas";"Pleno dia";"Crescente";"Nublado";"Simples";"Rotatória";"Não";2;0;1;0;1;0;1;1;-10,84356101;-37,13696712;"SPRF-SE";"DEL01-SE";"UOP01-DEL01-SE"
356796;2021-05-10;"segunda-feira";"06:00:00";"RS";116;43;"VACARIA";"Velocidade Incompatível";"Capotamento";"Com Vítimas Feridas";"Pleno dia";"Crescente";"Céu Claro";"Simples";"Curva";"Não";2;0;1;1;0;0;2;1;-28,53520735;-50,96223698;"SPRF-RS";"DEL05-RS";"UOP03-DEL05-RS"
356798;2021-05-10;"segunda-feira";"06:40:00";"PR";376;590,8;"CURITIBA";"Acessar a via sem observar a presença dos outros veículos";"Colisão traseira";"Com Vítimas Feridas";"Pleno dia";"Crescente";"Nublado";"Múltipla";"Reta";"Sim";2;0;1;0;1;0;1;2;-25,45155592;-49,36237578;"SPRF-PR";"DEL01-PR";"UOP01-DEL01-PR"
356800;2021-05-10;"segunda-feira";"07:00:00";"PE";101;80;"JABOATAO DOS GUARARAPES";"Condutor deixou de manter distância do veículo da frente";"Colisão traseira";"Sem Vítimas";"Pleno dia";"Crescente";"Nublado";"Dupla";"Reta";"Sim";2;0;0;0;2;0;0;2;-8,15112589;-34,9428866;"SPRF-PE";"DEL01-PE";"UOP01-DEL01-PE"
356801;2021-04-26;"segunda-feira";"08:00:00";"PA";316;33;"SANTA IZABEL DO PARA";"Manobra de mudança de faixa";"Colisão lateral mesmo sentido";"Sem Vítimas";"Pleno dia";"Crescente";"Céu Claro";"Dupla";"Reta";"Sim";7;0;0;0;7;0;0;2;-1,29877612;-48,18005497;"SPRF-PA";"DEL01-PA";"UOP01-DEL01-PA"
356802;2021-05-09;"domingo";"10:30:00";"BA";116;522;"ITATIM";"Ultrapassagem Indevida";"Saída de leito carroçável";"Sem Vítimas";"Pleno dia";"Crescente";"Céu Claro";"Simples";"Reta";"Sim";1;0;0;0;1;0;0;1;-12,69238361;-39,69577419;"SPRF-BA";"DEL03-BA";"UOP02-DEL03-BA"
356803;2021-05-10;"segunda-feira";"07:20:00";"RS";290;105,7;"ELDORADO DO SUL";"Reação tardia ou ineficiente do condutor";"Tombamento";"Com Vítimas Feridas";"Pleno dia";"Decrescente";"Céu Claro";"Dupla";"Reta";"Não";1;0;1;0;0;0;1;1;-29,99608;-51,285023;"SPRF-RS";"DEL02-RS";"UOP01-DEL02-RS"
356805;2021-05-09;"domingo";"19:40:00";"RJ";116;188;"QUEIMADOS";"Condutor deixou de manter distância do veículo da frente";"Colisão traseira";"Com Vítimas Feridas";"Plena Noite";"Decrescente";"Nublado";"Dupla";"Reta";"Não";3;0;1;0;2;0;1;2;-22,7374488;-43,53753459;"SPRF-RJ";"DEL01-RJ";"UOP02-DEL01-RJ"
356806;2021-05-10;"segunda-feira";"07:40:00";"GO";153;494,5;"GOIANIA";"Condutor deixou de manter distância do veículo da frente";"Engavetamento";"Com Vítimas Feridas";"Pleno dia";"Crescente";"Sol";"Dupla";"Aclive;Reta";"Sim";4;0;1;0;3;0;1;4;-16,6681;-49,2263;"SPRF-GO";"DEL01-GO";"UOP01-DEL01-GO"
356807;2021-05-10;"segunda-feira";"06:30:00";"PB";230;133;"RIACHAO DO BACAMARTE";"Velocidade Incompatível";"Saída de leito carroçável";"Com Vítimas Feridas";"Pleno dia";"Decrescente";"Chuva";"Dupla";"Curva";"Não";1;0;1;0;0;0;1;1;-7,2774;-35,7367;"SPRF-PB";"DEL02-PB";"UOP01-DEL02-PB"