"id";"data_inversa";"dia_semana";"horario";"uf";"br";"km";"municipio";"causa_acidente";"tipo_acidente";"classificacao_acidente";"fase_dia";"sentido_via";"condicao_metereologica";"tipo_pista";"tracado_via";"uso_solo";"pessoas";"mortos";"feridos_leves";"feridos_graves";"ilesos";"ignorados";"feridos";"veiculos";"latitude";"longitude";"regional";"delegacia";"uop"
357185;2021-05-11;"terça-feira";"22:15:00";"TO";153;428,5;"MIRACEMA DO TOCANTINS";"Velocidade Incompatível";"Colisão traseira";"Com Vítimas Fatais";"Plena Noite";"Crescente";"Céu Claro";"Simples";"Reta";"Não";5;1;2;2;0;0;4;2;-9,64808107;-48,64099377;"SPRF-TO";"DEL01-TO";"UOP01-DEL01-TO"
357186;2021-05-12;"quarta-feira";"00:40:00";"AL";104;94;"RIO LARGO";"Velocidade Incompatível";"Colisão frontal";"Com Vítimas Fatais";"Plena Noite";"Decrescente";"Chuva";"Dupla";"Reta";"Sim";2;1;0;0;1;0;0;2;-9,53745244;-35,79314875;"SPRF-AL";"DEL01-AL";"UOP01-DEL01-AL"
357188;2021-05-12;"quarta-feira";"01:00:00";"RJ";101;298;"ITABORAI";"Reação tardia ou ineficiente do condutor";"Queda de ocupante de veículo";"Com Vítimas Feridas";"Plena Noite";"Decrescente";"Céu Claro";"Dupla";"Reta";"Sim";2;0;2;0;0;0;2;1;-22,7714;-42,92896;"SPRF-RJ";"DEL02-RJ";"UOP02-DEL02-RJ"
357189;2021-05-12;"quarta-feira";"01:40:00";"SC";280;100;"SAO BENTO DO SUL";"Chuva";"Capotamento";"Com Vítimas Feridas";"Plena Noite";"Crescente";"Chuva";"Simples";"Curva";"Não";2;0;1;0;1;0;1;1;-26,36441848;-49,34069395;"SPRF-SC";"DEL06-SC";"UOP03-DEL06-SC"
357190;2021-05-12;"quarta-feira";"04:40:00";"DF";70;19;"BRASILIA";"Animais na Pista";"Atropelamento de Animal";"Com Vítimas Feridas";"Plena Noite";"Decrescente";"Céu Claro";"Dupla";"Aclive";"Sim";2;0;2;0;0;0;2;1;-15,788868;-48,220242;"SPRF-DF";"DEL03-DF";"UOP02-DEL03-DF"
357196;2021-05-12;"quarta-feira";"05:45:00";"MG";116;261,6;"TEOFILO OTONI";"Acessar a via sem observar a presença dos outros veículos";"Atropelamento de Animal";"Com Vítimas Feridas";"Amanhecer";"Decrescente";"Nublado";"Simples";"Reta";"Não";2;0;0;1;1;0;1;2;-17,73058702;-41,49843294;"SPRF-MG";"DEL11-MG";"UOP01-DEL11-MG"
357198;2021-05-12;"quarta-feira";"07:00:00";"DF";40;3,8;"BRASILIA";"Trafegar com motocicleta (ou similar) entre as faixas";"Colisão traseira";"Com Vítimas Feridas";"Pleno dia";"Decrescente";"Céu Claro";"Dupla";"Reta";"Sim";3;0;1;0;2;0;1;3;-16,0096713;-47,9826077;"SPRF-DF";"DEL01-DF";"UOP01-DEL01-DF"
357201;2021-05-12;"quarta-feira";"07:30:00";"RJ";116;1;"SAPUCAIA";"Acessar a via sem observar a presença dos outros veículos";"Colisão transversal";"Com Vítimas Feridas";"Amanhecer";"Decrescente";"Céu Claro";"Simples";"Reta";"Sim";2;0;1;0;1;0;1;2;-21,87743576;-42,67292698;"SPRF-RJ";"DEL05-RJ";"UOP01-DEL05-RJ"
357202;2021-05-12;"quarta-feira";"07:50:00";"RN";101;85;"NATAL";"Manobra de mudança de faixa";"Colisão lateral mesmo sentido";"Com Vítimas Feridas";"Pleno dia";"Crescente";"Céu Claro";"Dupla";"Declive";"Sim";4;0;3;0;1;0;3;3;-5,777664;-35,24937;"SPRF-RN";"DEL02-RN";"UOP01-DEL02-RN"
357204;2021-05-12;"quarta-feira";"07:40:00";"PR";467;92;"CASCAVEL";"Avarias e/ou desgaste excessivo no pneu";"Saída de leito carroçável";"Com Vítimas Feridas";"Pleno dia";"Crescente";"Chuva";"Dupla";"Curva";"Não";2;0;2;0;0;0;2;1;-24,8543;-53,5952;"SPRF-PR";"DEL04-PR";"UOP01-DEL04-PR"
357205;2021-05-12;"quarta-feira";"06:30:00";"MG";40;509;"RIBEIRAO DAS NEVES";"Falta de elemento de contenção que evite a saída do leito carroçável";"Saída de leito carroçável";"Sem Vítimas";"Pleno dia";"Crescente";"Céu Claro";"Dupla";"Reta";"Não";1;0;0;0;1;0;0;1;-19,76728744;-44,12855905;"SPRF-MG";"DEL01-MG";"UOP02-DEL01-MG"
357206;2021-05-12;"quarta-feira";"07:15:00";"RJ";116;168;"SAO JOAO DE MERITI";"Condutor deixou de manter distância do veículo da frente";"Colisão traseira";"Com Vítimas Feridas";"Pleno dia";"Decrescente";"Céu Claro";"Dupla";"Reta";"Sim";3;0;1;0;2;0;1;3;-22,819969;-43,31499997;"SPRF-RJ";"DEL01-RJ";"UOP01-DEL01-RJ"
357207;2021-05-12;"quarta-feira";"07:33:00";"SC";101;334,6;"TUBARAO";"Velocidade Incompatível";"Saída de leito carroçável";"Com Vítimas Feridas";"Pleno dia";"Crescente";"Nublado";"Múltipla";"Reta";"Sim";2;0;1;0;1;0;1;1;-28,46730446;-49,00604302;"SPRF-SC";"DEL02-SC";"UOP01-DEL02-SC"
357208;2021-05-12;"quarta-feira";"07:45:00";"GO";40;5;"VALPARAISO DE GOIAS";"Trafegar com motocicleta (ou similar) entre as faixas";"Colisão lateral mesmo sentido";"Com Vítimas Feridas";"Pleno dia";"Crescente";"Céu Claro";"Dupla";"Reta";"Sim";2;0;1;0;1;0;1;2;-16,093134;-47,982236;"SPRF-DF";"DEL01-DF";"UOP01-DEL01-DF"
357209;2021-05-12;"quarta-feira";"06:00:00";"MT";163;677;"LUCAS DO RIO VERDE";"Ausência de reação do condutor";"Saída de leito carroçável";"Com Vítimas Feridas";"Amanhecer";"Crescente";"Céu Claro";"Simples";"Reta";"Não";2;0;2;0;0;0;2;1;-13,26564582;-56,02264541;"SPRF-MT";"DEL06-MT";"UOP01-DEL06-MT"
357211;2021-05-12;"quarta-feira";"07:50:00";"MT";70;2;"BARRA DO GARCAS";"Ausência de reação do condutor";"Colisão traseira";"Com Vítimas Feridas";"Pleno dia";"Decrescente";"Céu Claro";"Simples";"Reta";"Sim";2;0;1;0;1;0;1;2;-15,88749699;-52,26810568;"SPRF-MT";"DEL07-MT";"UOP01-DEL07-MT"
357212;2021-05-12;"quarta-feira";"07:00:00";"RO";174;14;"VILHENA";"Condutor deixou de manter distância do veículo da frente";"Colisão transversal";"Com Vítimas Feridas";"Pleno dia";"Decrescente";"Céu Claro";"Simples";"Interseção de Vias";"Sim";2;0;1;0;1;0;1;2;-12,73306632;-60,12981255;"SPRF-RO";"DEL04-RO";"UOP01-DEL04-RO"
357213;2021-05-12;"quarta-feira";"07:10:00";"PR";277;727,6;"FOZ DO IGUACU";"Entrada inopinada do pedestre";"Atropelamento de Pedestre";"Com Vítimas Feridas";"Pleno dia";"Crescente";"Garoa/Chuvisco";"Dupla";"Reta";"Sim";2;0;1;0;1;0;1;2;-25,51017487;-54,56454899;"SPRF-PR";"DEL05-PR";"UOP03-DEL05-PR"
357214;2021-05-12;"quarta-feira";"06:42:00";"RJ";101;271;"TANGUA";"Reação tardia ou ineficiente do condutor";"Colisão lateral mesmo sentido";"Com Vítimas Feridas";"Amanhecer";"Crescente";"Céu Claro";"Dupla";"Reta";"Sim";2;0;1;0;1;0;1;2;-22,72443147;-42,69368143;"SPRF-RJ";"DEL02-RJ";"UOP03-DEL02-RJ"
357215;2021-05-12;"quarta-feira";"07:15:00";"SP";116;59,6;"GUARATINGUETA";"Acumulo de areia ou detritos sobre o pavimento";"Tombamento";"Com Vítimas Feridas";"Pleno dia";"Decrescente";"Nublado";"Simples";"Aclive";"Não";1;0;1;0;0;0;1;1;-22,78898147;-45,15774608;"SPRF-SP";"DEL08-SP";"UOP01-DEL08-SP"
357219;2021-05-12;"quarta-feira";"08:45:00";"PR";153;242,4;"TIBAGI";"Velocidade Incompatível";"Saída de leito carroçável";"Com Vítimas Feridas";"Pleno dia";"Crescente";"Chuva";"Simples";"Reta";"Não";2;0;2;0;0;0;2;1;-24,80789262;-50,47438189;"SPRF-PR";"DEL03-PR";"UOP02-DEL03-PR"
357220;2021-05-12;"quarta-feira";"07:45:00";"RO";364;14;"VILHENA";"Desrespeitar a preferência no cruzamento";"Colisão transversal";"Com Vítimas Feridas";"Pleno dia";"Crescente";"Céu Claro";"Simples";"Reta";"Sim";3;0;0;1;2;0;1;2;-12,73898138;-60,13911417;"SPRF-RO";"DEL04-RO";"UOP01-DEL04-RO"
357221;2021-05-03;"segunda-feira";"18:10:00";"PA";10;198;"IPIXUNA DO PARA";"Animais na Pista";"Atropelamento de Animal";"Com Vítimas Feridas";"Anoitecer";"Crescente";"Céu Claro";"Simples";"Reta";"Sim";4;0;4;0;0;0;4;1;-2,698803;-47,468802;"SPRF-PA";"DEL02-PA";"UOP01-DEL02-PA"
357223;2021-05-12;"quarta-feira";"07:45:00";"SP";116;446;"REGISTRO";"Reação tardia ou ineficiente do condutor";"Queda de ocupante de veículo";"Com Vítimas Feridas";"Pleno dia";"Crescente";"Chuva";"Dupla";"Curva;Aclive";"Sim";2;0;2;0;0;0;2;1;-24,50467087;-47,84772743;"SPRF-SP";"DEL05-SP";"UOP01-DEL05-SP"
357225;2021-05-12;"quarta-feira";"07:00:00";"MG";50;68;"UBERLANDIA";"Velocidade Incompatível";"Colisão traseira";"Com Vítimas Feridas";"Pleno dia";"Crescente";"Céu Claro";"Dupla";"Reta";"Sim";3;0;1;0;0;2;1;3;-18,87753919;-48,2609868;"SPRF-MG";"DEL15-MG";"UOP02-DEL15-MG"
357228;2021-05-08;"sábado";"19:40:00";"MG";381;451,5;"SABARA";"Conversão proibida";"Colisão lateral mesmo sentido";"Sem Vítimas";"Plena Noite";"Crescente";"Céu Claro";"Simples";"Aclive;Curva";"Sim";2;0;0;0;2;0;0;2;-19,83443777;-43,85139227;"SPRF-MG";"DEL01-MG";"UOP01-DEL01-MG"
357230;2021-05-12;"quarta-feira";"08:15:00";"PB";230;160;"CAMPINA GRANDE";"Desrespeitar a preferência no cruzamento";"Colisão transversal";"Com Vítimas Feridas";"Pleno dia";"Decrescente";"Céu Claro";"Simples";"Interseção de Vias";"Sim";2;0;1;0;1;0;1;2;-7,2436;-35,9375;"SPRF-PB";"DEL02-PB";"UOP01-DEL02-PB"
357232;2021-05-12;"quarta-feira";"08:30:00";"RO";364;343,5;"JI-PARANA";"Acessar a via sem observar a presença dos outros veículos";"Colisão lateral mesmo sentido";"Com Vítimas Feridas";"Pleno dia";"Decrescente";"Céu Claro";"Múltipla";"Reta";"Sim";2;0;0;1;1;0;1;2;-10,87878519;-61,94499012;"SPRF-RO";"DEL02-RO";"UOP01-DEL02-RO"
357235;2021-05-12;"quarta-feira";"10:15:00";"MG";116;413,1;"GOVERNADOR VALADARES";"Manobra de mudança de faixa";"Colisão transversal";"Com Vítimas Feridas";"Pleno dia";"Crescente";"Sol";"Simples";"Reta";"Sim";2;0;1;0;1;0;1;2;-18,873907;-41,966366;"SPRF-MG";"DEL06-MG";"UOP01-DEL06-MG"
357237;2021-05-12;"quarta-feira";"10:10:00";"RS";386;343,1;"LAJEADO";"Acessar a via sem observar a presença dos outros veículos";"Colisão transversal";"Com Vítimas Feridas";"Pleno dia";"Decrescente";"Céu Claro";"Simples";"Reta";"Sim";2;0;0;1;1;0;1;2;-29,434835;-52,002365;"SPRF-RS";"DEL04-RS";"UOP01-DEL04-RS"
357238;2021-05-12;"quarta-feira";"07:00:00";"ES";101;66;"SAO MATEUS";"Condutor desrespeitou a iluminação vermelha do semáforo";"Colisão transversal";"Com Vítimas Feridas";"Pleno dia";"Decrescente";"Sol";"Múltipla";"Interseção de Vias";"Sim";2;0;1;0;1;0;1;2;-18,7165195;-39,87436378;"SPRF-ES";"DEL04-ES";"UOP02-DEL04-ES"
357240;2021-05-12;"quarta-feira";"07:00:00";"PE";424;76,4;"CAETES";"Manobra de mudança de faixa";"Colisão lateral mesmo sentido";"Com Vítimas Feridas";"Pleno dia";"Crescente";"Céu Claro";"Simples";"Aclive";"Não";5;0;4;1;0;0;5;2;-8,80996529;-36,5762862;"SPRF-PE";"DEL03-PE";"UOP01-DEL03-PE"
357241;2021-05-12;"quarta-feira";"10:00:00";"PR";116;47;"CAMPINA GRANDE DO SUL";"Ausência de reação do condutor";"Tombamento";"Com Vítimas Feridas";"Pleno dia";"Crescente";"Chuva";"Dupla";"Curva";"Não";1;0;0;1;0;0;1;1;-25,21058799;-48,89720903;"SPRF-PR";"DEL01-PR";"UOP02-DEL01-PR"
357242;2021-05-12;"quarta-feira";"10:30:00";"ES";101;156;"LINHARES";"Demais falhas mecânicas ou elétricas";"Queda de ocupante de veículo";"Com Vítimas Feridas";"Pleno dia";"Decrescente";"Sol";"Simples";"Reta";"Não";1;0;1;0;0;0;1;1;-19,44596035;-40,09435048;"SPRF-ES";"DEL04-ES";"UOP01-DEL04-ES"
357248;2021-05-12;"quarta-feira";"11:10:00";"RN";304;42,3;"MOSSORO";"Ausência de reação do condutor";"Colisão transversal";"Com Vítimas Feridas";"Pleno dia";"Crescente";"Céu Claro";"Dupla";"Reta";"Sim";2;0;1;0;1;0;1;2;-5,21278093;-37,37221494;"SPRF-RN";"DEL04-RN";"UOP01-DEL04-RN"
357249;2021-05-04;"terça-feira";"18:15:00";"MS";163;268;"DOURADOS";"Reação tardia ou ineficiente do condutor";"Saída de leito carroçável";"Com Vítimas Feridas";"Plena Noite";"Crescente";"Céu Claro";"Dupla";"Rotatória";"Sim";1;0;0;1;0;0;1;1;-22,20745662;-54,70843976;"SPRF-MS";"DEL04-MS";"UOP01-DEL04-MS"
357251;2021-05-12;"quarta-feira";"10:20:00";"PR";476;155;"ARAUCARIA";"Condutor desrespeitou a iluminação vermelha do semáforo";"Colisão transversal";"Sem Vítimas";"Pleno dia";"Crescente";"Chuva";"Dupla";"Interseção de Vias;Declive";"Sim";2;0;0;0;2;0;0;2;-25,590897;-49,410622;"SPRF-PR";"DEL01-PR";"UOP03-DEL01-PR"
357252;2021-04-15;"quinta-feira";"08:19:00";"SC";101;200;"SAO JOSE";"Manobra de mudança de faixa";"Queda de ocupante de veículo";"Com Vítimas Feridas";"Pleno dia";"Crescente";"Ignorado";"Múltipla";"Reta";"Sim";1;0;1;0;0;0;1;1;-27,54112052;-48,62207836;"SPRF-SC";"DEL01-SC";"UOP01-DEL01-SC"
357254;2021-05-12;"quarta-feira";"09:25:00";"PE";408;82;"PAUDALHO";"Reação tardia ou ineficiente do condutor";"Colisão lateral mesmo sentido";"Com Vítimas Feridas";"Pleno dia";"Decrescente";"Nublado";"Dupla";"Reta";"Sim";3;0;2;1;0;0;3;3;-7,94114095;-35,12370495;"SPRF-PE";"DEL01-PE";"UOP01-DEL01-PE"
357257;2021-05-12;"quarta-feira";"11:20:00";"SP";116;144;"SAO JOSE DOS CAMPOS";"Manobra de mudança de faixa";"Colisão lateral mesmo sentido";"Com Vítimas Feridas";"Pleno dia";"Crescente";"Sol";"Dupla";"Reta";"Sim";3;0;2;0;1;0;2;2;-23,18274416;-45,84633592;"SPRF-SP";"DEL02-SP";"UOP01-DEL02-SP"
357260;2021-05-12;"quarta-feira";"12:10:00";"RS";287;250;"SANTA MARIA";"Acesso irregular";"Colisão transversal";"Com Vítimas Feridas";"Pleno dia";"Crescente";"Céu Claro";"Dupla";"Em Obras;Reta";"Sim";2;0;0;1;1;0;1;2;-29,69077137;-53,87064812;"SPRF-RS";"DEL09-RS";"UOP01-DEL09-RS"
357261;2021-03-27;"sábado";"22:30:00";"SC";282;573,5;"PINHALZINHO";"Transitar na contramão";"Colisão frontal";"Com Vítimas Fatais";"Plena Noite";"Decrescente";"Nublado";"Simples";"Reta";"Não";5;2;1;0;0;2;1;3;-26,879327;-52,949459;"SPRF-SC";"DEL07-SC";"UOP02-DEL07-SC"
357262;2021-05-12;"quarta-feira";"10:50:00";"RJ";40;119;"DUQUE DE CAXIAS";"Transitar na contramão";"Colisão frontal";"Com Vítimas Feridas";"Pleno dia";"Decrescente";"Céu Claro";"Múltipla";"Retorno Regulamentado;Viaduto";"Sim";2;0;0;1;1;0;1;2;-22,76375592;-43,28683062;"SPRF-RJ";"DEL01-RJ";"UOP01-DEL01-RJ"
357263;2021-05-12;"quarta-feira";"10:00:00";"SC";101;71;"ARAQUARI";"Velocidade Incompatível";"Colisão lateral mesmo sentido";"Com Vítimas Feridas";"Pleno dia";"Decrescente";"Chuva";"Dupla";"Reta";"Sim";2;0;0;1;1;0;1;2;-26,51864822;-48,71874636;"SPRF-SC";"DEL03-SC";"UOP02-DEL03-SC"
357264;2021-05-12;"quarta-feira";"11:30:00";"SC";101;71,9;"ARAQUARI";"Acesso irregular";"Colisão traseira";"Sem Vítimas";"Pleno dia";"Decrescente";"Chuva";"Dupla";"Reta";"Sim";2;0;0;0;2;0;0;2;-26,51864822;-48,71874636;"SPRF-SC";"DEL03-SC";"UOP02-DEL03-SC"
357268;2021-05-12;"quarta-feira";"11:40:00";"RN";304;38;"MOSSORO";"Acessar a via sem observar a presença dos outros veículos";"Colisão transversal";"Com Vítimas Feridas";"Pleno dia";"Crescente";"Sol";"Dupla";"Reta";"Sim";2;0;1;0;1;0;1;2;-5,18138457;-37,36832252;"SPRF-RN";"DEL04-RN";"UOP02-DEL04-RN"
357273;2021-05-12;"quarta-feira";"12:00:00";"BA";367;26,7;"PORTO SEGURO";"Acessar a via sem observar a presença dos outros veículos";"Colisão lateral mesmo sentido";"Com Vítimas Feridas";"Pleno dia";"Decrescente";"Céu Claro";"Simples";"Reta";"Sim";2;0;1;0;1;0;1;2;-16,42413298;-39,1017062;"SPRF-BA";"DEL09-BA";"UOP01-DEL09-BA"
357274;2021-05-12;"quarta-feira";"14:05:00";"PE";232;8,5;"RECIFE";"Manobra de mudança de faixa";"Colisão lateral mesmo sentido";"Com Vítimas Feridas";"Pleno dia";"Crescente";"Nublado";"Dupla";"Reta";"Sim";2;0;2;0;0;0;2;2;-8,07583727;-34,97015791;"SPRF-PE";"DEL01-PE";"UOP01-DEL01-PE"
357276;2021-05-12;"quarta-feira";"14:10:00";"RN";110;47;"MOSSORO";"Condutor deixou de manter distância do veículo da frente";"Colisão traseira";"Com Vítimas Feridas";"Pleno dia";"Crescente";"Nublado";"Simples";"Reta";"Sim";2;0;1;0;1;0;1;2;-5,20681819;-37,33021259;"SPRF-RN";"DEL04-RN";"UOP01-DEL04-RN"
357277;2021-05-12;"quarta-feira";"13:00:00";"RO";319;58;"PORTO VELHO";"Manobra de mudança de faixa";"Colisão lateral mesmo sentido";"Sem Vítimas";"Pleno dia";"Decrescente";"Sol";"Dupla";"Reta";"Sim";2;0;0;0;2;0;0;2;-8,7430437;-63,90958607;"SPRF-RO";"DEL01-RO";"UOP01-DEL01-RO"
357278;2021-05-12;"quarta-feira";"13:00:00";"MS";267;482,9;"JARDIM";"Acessar a via sem observar a presença dos outros veículos";"Colisão transversal";"Com Vítimas Feridas";"Pleno dia";"Crescente";"Garoa/Chuvisco";"Simples";"Reta";"Sim";2;0;1;0;1;0;1;2;-21,48046405;-56,1577973;"SPRF-MS";"DEL05-MS";"UOP01-DEL05-MS"
357280;2021-05-12;"quarta-feira";"14:20:00";"ES";262;45;"MARECHAL FLORIANO";"Conversão proibida";"Colisão transversal";"Com Vítimas Feridas";"Pleno dia";"Crescente";"Céu Claro";"Simples";"Reta";"Sim";2;0;1;0;1;0;1;2;-20,39769215;-40,67180229;"SPRF-ES";"DEL01-ES";"UOP01-DEL01-ES"
357282;2021-04-19;"segunda-feira";"04:00:00";"SC";101;378,3;"ICARA";"Desrespeitar a preferência no cruzamento";"Colisão transversal";"Com Vítimas Feridas";"Plena Noite";"Crescente";"Nublado";"Simples";"Interseção de Vias";"Não";2;0;1;0;0;1;1;2;-28,741853;-49,251657;"SPRF-SC";"DEL02-SC";"UOP02-DEL02-SC"
357283;2021-05-12;"quarta-feira";"13:30:00";"MT";174;21;"PONTES E LACERDA";"Ingestão de álcool e/ou substâncias psicoativas pelo pedestre";"Saída de leito carroçável";"Com Vítimas Feridas";"Pleno dia";"Decrescente";"Nublado";"Simples";"Reta";"Não";1;0;1;0;0;0;1;1;-15,22853958;-59,33612823;"SPRF-MT";"DEL04-MT";"UOP01-DEL04-MT"
357285;2021-02-10;"quarta-feira";"20:00:00";"BA";116;17;"VITORIA DA CONQUISTA";"Acessar a via sem observar a presença dos outros veículos";"Colisão lateral sentido oposto";"Com Vítimas Feridas";"Plena Noite";"Crescente";"Ignorado";"Simples";"Curva";"Não";3;0;2;0;1;0;2;2;-14,90215114;-40,84039311;"SPRF-BA";"DEL08-BA";"UOP01-DEL08-BA"
357287;2021-05-12;"quarta-feira";"15:20:00";"SP";381;61;"MAIRIPORA";"Ausência de reação do condutor";"Colisão frontal";"Com Vítimas Feridas";"Pleno dia";"Crescente";"Nublado";"Dupla";"Reta";"Não";3;0;1;0;2;0;1;3;-23,29011611;-46,5800681;"SPRF-SP";"DEL03-SP";"UOP01-DEL03-SP"
357288;2021-05-12;"quarta-feira";"13:40:00";"RJ";101;503,6;"ANGRA DOS REIS";"Acessar a via sem observar a presença dos outros veículos";"Colisão transversal";"Com Vítimas Feridas";"Pleno dia";"Crescente";"Céu Claro";"Simples";"Reta";"Sim";3;0;2;0;1;0;2;2;-22,9303415;-44,38119024;"SPRF-RJ";"DEL03-RJ";"UOP02-DEL03-RJ"
357289;2021-05-12;"quarta-feira";"14:10:00";"RO";319;63;"PORTO VELHO";"Condutor deixou de manter distância do veículo da frente";"Colisão traseira";"Com Vítimas Feridas";"Pleno dia";"Decrescente";"Céu Claro";"Dupla";"Interseção de Vias";"Sim";2;0;1;0;1;0;1;2;-8,766685;-63,884052;"SPRF-RO";"DEL01-RO";"UOP01-DEL01-RO"
357290;2021-03-24;"quarta-feira";"10:20:00";"MT";70;525;"VARZEA GRANDE";"Acessar a via sem observar a presença dos outros veículos";"Colisão traseira";"Com Vítimas Feridas";"Pleno dia";"Crescente";"Sol";"Simples";"Interseção de Vias";"Sim";2;0;1;0;0;1;1;2;-15,652246;-56,201359;"SPRF-MT";"DEL01-MT";"UOP02-DEL01-MT"
357292;2021-05-12;"quarta-feira";"15:54:00";"MG";262;12,5;"MARTINS SOARES";"Ausência de reação do condutor";"Saída de leito carroçável";"Com Vítimas Feridas";"Pleno dia";"Decrescente";"Céu Claro";"Simples";"Reta";"Não";1;0;1;0;0;0;1;1;-20,246508;-41,846962;"SPRF-MG";"DEL06-MG";"UOP03-DEL06-MG"
357294;2021-05-12;"quarta-feira";"16:00:00";"RJ";101;66;"CAMPOS DOS GOYTACAZES";"Conversão proibida";"Colisão transversal";"Com Vítimas Feridas";"Pleno dia";"Crescente";"Nublado";"Simples";"Reta";"Não";2;0;1;0;1;0;1;2;-21,762154;-41,347319;"SPRF-RJ";"DEL08-RJ";"UOP02-DEL08-RJ"
357295;2021-02-10;"quarta-feira";"07:50:00";"DF";60;0,5;"BRASILIA";"Condutor deixou de manter distância do veículo da frente";"Engavetamento";"Com Vítimas Feridas";"Pleno dia";"Decrescente";"Céu Claro";"Dupla";"Reta";"Sim";6;0;5;0;1;0;5;3;-15,882499;-48,060212;"SPRF-DF";"DEL03-DF";"UOP01-DEL03-DF"
357297;2021-02-17;"quarta-feira";"16:45:00";"MG";40;603,4;"CONGONHAS";"Conversão proibida";"Colisão transversal";"Com Vítimas Fatais";"Pleno dia";"Crescente";"Céu Claro";"Simples";"Reta";"Não";6;1;2;2;1;0;4;2;-20,450586;-43,840873;"SPRF-MG";"DEL05-MG";"UOP02-DEL05-MG"
357302;2021-05-12;"quarta-feira";"16:20:00";"CE";116;18;"EUSEBIO";"Pedestre cruzava a pista fora da faixa";"Atropelamento de Pedestre";"Com Vítimas Feridas";"Pleno dia";"Decrescente";"Chuva";"Dupla";"Reta";"Sim";2;0;2;0;0;0;2;2;-3,90496605;-38,50518756;"SPRF-CE";"DEL01-CE";"UOP02-DEL01-CE"
357303;2021-05-12;"quarta-feira";"16:20:00";"RJ";40;105;"DUQUE DE CAXIAS";"Transitar na contramão";"Colisão lateral sentido oposto";"Com Vítimas Feridas";"Pleno dia";"Crescente";"Céu Claro";"Simples";"Reta";"Não";2;0;0;1;1;0;1;2;-22,63784806;-43,28428824;"SPRF-RJ";"DEL01-RJ";"UOP01-DEL01-RJ"
357304;2021-04-23;"sexta-feira";"11:30:00";"SE";0;0;"ARACAJU";"Reação tardia ou ineficiente do condutor";"Colisão traseira";"Sem Vítimas";"Pleno dia";"Não Informado";"Sol";"Dupla";"Reta";"Sim";3;0;0;0;3;0;0;2;-10,9171948;-37,0866251;"SPRF-SE";"N/A";"N/A"
357305;2021-05-12;"quarta-feira";"14:00:00";"PR";376;241,5;"APUCARANA";"Chuva";"Saída de leito carroçável";"Sem Vítimas";"Pleno dia";"Crescente";"Chuva";"Dupla";"Reta";"Não";1;0;0;0;1;0;0;1;-23,581712;-51,44265;"SPRF-PR";"DEL07-PR";"UOP02-DEL07-PR"
357310;2021-05-12;"quarta-feira";"16:40:00";"RS";386;34,7;"FREDERICO WESTPHALEN";"Demais falhas mecânicas ou elétricas";"Queda de ocupante de veículo";"Com Vítimas Feridas";"Pleno dia";"Crescente";"Sol";"Simples";"Reta";"Sim";2;0;2;0;0;0;2;1;-27,358442;-53,388298;"SPRF-RS";"DEL08-RS";"UOP02-DEL08-RS"
357311;2021-05-12;"quarta-feira";"14:20:00";"MT";163;835;"SINOP";"Reação tardia ou ineficiente do condutor";"Colisão traseira";"Sem Vítimas";"Pleno dia";"Crescente";"Céu Claro";"Dupla";"Reta";"Sim";4;0;0;0;3;1;0;2;-11,86096713;-55,49509764;"SPRF-MT";"DEL06-MT";"UOP01-DEL06-MT"
357312;2021-05-12;"quarta-feira";"17:15:00";"ES";101;335,5;"GUARAPARI";"Acessar a via sem observar a presença dos outros veículos";"Colisão transversal";"Com Vítimas Feridas";"Anoitecer";"Crescente";"Céu Claro";"Simples";"Reta";"Não";2;0;1;0;1;0;1;2;-20,62807605;-40,53150784;"SPRF-ES";"DEL03-ES";"UOP01-DEL03-ES"
357314;2021-05-12;"quarta-feira";"15:10:00";"MG";116;751,7;"LEOPOLDINA";"Transitar na contramão";"Colisão lateral sentido oposto";"Com Vítimas Feridas";"Pleno dia";"Crescente";"Céu Claro";"Simples";"Aclive;Curva";"Não";2;0;1;1;0;0;2;2;-21,46220391;-42,55638215;"SPRF-MG";"DEL07-MG";"UOP01-DEL07-MG"
357316;2021-04-26;"segunda-feira";"16:00:00";"ES";262;167,8;"IBATIBA";"Reação tardia ou ineficiente do condutor";"Colisão traseira";"Com Vítimas Feridas";"Pleno dia";"Decrescente";"Céu Claro";"Simples";"Reta";"Não";2;0;1;0;1;0;1;2;-20,2531047;-41,56633803;"SPRF-ES";"DEL01-ES";"UOP02-DEL01-ES"
357317;2021-05-12;"quarta-feira";"18:00:00";"SP";116;206;"GUARULHOS";"Chuva";"Queda de ocupante de veículo";"Com Vítimas Feridas";"Anoitecer";"Crescente";"Nublado";"Simples";"Reta";"Não";1;0;0;1;0;0;1;1;-23,41722629;-46,37510292;"SPRF-SP";"DEL01-SP";"UOP01-DEL01-SP"
357319;2021-02-09;"terça-feira";"16:30:00";"MG";364;33;"FRUTAL";"Animais na Pista";"Tombamento";"Com Vítimas Feridas";"Pleno dia";"Decrescente";"Céu Claro";"Simples";"Aclive";"Não";1;0;0;1;0;0;1;1;-20,01715651;-48,91110767;"SPRF-MG";"DEL13-MG";"UOP02-DEL13-MG"