"id";"data_inversa";"dia_semana";"horario";"uf";"br";"km";"municipio";"causa_acidente";"tipo_acidente";"classificacao_acidente";"fase_dia";"sentido_via";"condicao_metereologica";"tipo_pista";"tracado_via";"uso_solo";"pessoas";"mortos";"feridos_leves";"feridos_graves";"ilesos";"ignorados";"feridos";"veiculos";"latitude";"longitude";"regional";"delegacia";"uop"
357449;2021-04-30;"sexta-feira";"18:30:00";"PE";101;37,2;"ITAPISSUMA";"Desrespeitar a preferência no cruzamento";"Colisão transversal";"Com Vítimas Feridas";"Plena Noite";"Decrescente";"Nublado";"Dupla";"Aclive";"Não";4;0;0;3;1;0;3;2;-7,79726705;-34,9274932;"SPRF-PE";"DEL01-PE";"UOP02-DEL01-PE"
357450;2021-05-13;"quinta-feira";"10:20:00";"RJ";40;27,4;"TRES RIOS";"Ausência de reação do condutor";"Saída de leito carroçável";"Com Vítimas Feridas";"Pleno dia";"Decrescente";"Chuva";"Dupla";"Curva";"Não";3;0;2;0;1;0;2;1;-22,16436914;-43,15707045;"SPRF-RJ";"DEL05-RJ";"UOP02-DEL05-RJ"
357451;2021-04-27;"terça-feira";"17:00:00";"GO";153;100;"SANTA TEREZA DE GOIAS";"Acumulo de água sobre o pavimento";"Capotamento";"Com Vítimas Feridas";"Pleno dia";"Crescente";"Garoa/Chuvisco";"Simples";"Reta";"Não";3;0;2;0;1;0;2;1;-13,654414;-49,036861;"SPRF-GO";"DEL07-GO";"UOP01-DEL07-GO"
357452;2021-05-13;"quinta-feira";"11:40:00";"SP";116;67;"GUARATINGUETA";"Ingestão de álcool pelo condutor";"Saída de leito carroçável";"Com Vítimas Feridas";"Pleno dia";"Crescente";"Nublado";"Múltipla";"Reta";"Sim";1;0;1;0;0;0;1;1;-22,82867578;-45,2088941;"SPRF-SP";"DEL08-SP";"UOP01-DEL08-SP"
357453;2021-05-13;"quinta-feira";"11:25:00";"PE";232;46;"VITORIA DE SANTO ANTAO";"Acumulo de água sobre o pavimento";"Saída de leito carroçável";"Com Vítimas Feridas";"Pleno dia";"Crescente";"Chuva";"Dupla";"Reta";"Não";1;0;1;0;0;0;1;1;-8,13346726;-35,28918683;"SPRF-PE";"DEL01-PE";"UOP01-DEL01-PE"
357455;2021-02-25;"quinta-feira";"07:30:00";"RO";319;62;"PORTO VELHO";"Manobra de mudança de faixa";"Colisão lateral mesmo sentido";"Com Vítimas Feridas";"Pleno dia";"Decrescente";"Nublado";"Dupla";"Reta";"Sim";2;0;1;0;0;1;1;2;-8,766685;-63,884052;"SPRF-RO";"DEL01-RO";"UOP01-DEL01-RO"
357456;2021-05-13;"quinta-feira";"11:30:00";"RJ";101;192;"CASIMIRO DE ABREU";"Condutor Dormindo";"Colisão traseira";"Sem Vítimas";"Pleno dia";"Crescente";"Nublado";"Múltipla";"Reta";"Sim";3;0;0;0;3;0;0;3;-22,47314393;-42,08206801;"SPRF-RJ";"DEL08-RJ";"UOP04-DEL08-RJ"
357457;2021-05-13;"quinta-feira";"06:30:00";"PI";316;71,8;"MONSENHOR GIL";"Ausência de reação do condutor";"Colisão com objeto";"Com Vítimas Feridas";"Amanhecer";"Decrescente";"Céu Claro";"Simples";"Curva";"Não";1;0;1;0;0;0;1;1;-5,677068;-42,596649;"SPRF-PI";"DEL01-PI";"UOP02-DEL01-PI"
357460;2021-05-13;"quinta-feira";"10:10:00";"TO";242;371,8;"GURUPI";"Acessar a via sem observar a presença dos outros veículos";"Colisão transversal";"Com Vítimas Feridas";"Pleno dia";"Crescente";"Céu Claro";"Simples";"Interseção de Vias";"Não";3;0;0;1;1;1;1;3;-11,76044999;-48,99379898;"SPRF-TO";"DEL01-TO";"UOP02-DEL01-TO"
357461;2021-01-03;"domingo";"01:40:00";"PI";407;433,8;"GEMINIANO";"Animais na Pista";"Atropelamento de Animal";"Com Vítimas Feridas";"Plena Noite";"Decrescente";"Céu Claro";"Simples";"Reta";"Não";3;0;2;0;1;0;2;1;-7,14650997;-41,37410696;"SPRF-PI";"DEL04-PI";"UOP01-DEL04-PI"
357462;2021-05-13;"quinta-feira";"13:00:00";"MG";40;730;"OLIVEIRA FORTES";"Velocidade Incompatível";"Colisão com objeto";"Com Vítimas Feridas";"Pleno dia";"Crescente";"Garoa/Chuvisco";"Dupla";"Curva";"Não";1;0;1;0;0;0;1;1;-21,33378994;-43,5866212;"SPRF-MG";"DEL05-MG";"UOP01-DEL05-MG"
357467;2021-05-13;"quinta-feira";"12:10:00";"PR";467;82,6;"CASCAVEL";"Velocidade Incompatível";"Capotamento";"Com Vítimas Feridas";"Pleno dia";"Decrescente";"Sol";"Dupla";"Curva;Declive";"Não";1;0;0;1;0;0;1;1;-24,8057;-53,6718;"SPRF-PR";"DEL04-PR";"UOP01-DEL04-PR"
357468;2021-05-13;"quinta-feira";"13:30:00";"ES";262;24,9;"VIANA";"Reação tardia ou ineficiente do condutor";"Colisão traseira";"Sem Vítimas";"Pleno dia";"Crescente";"Céu Claro";"Simples";"Reta";"Não";2;0;0;0;2;0;0;2;-20,37917648;-40,52624613;"SPRF-ES";"DEL01-ES";"UOP01-DEL01-ES"
357469;2021-05-13;"quinta-feira";"11:00:00";"PR";277;26;"MORRETES";"Avarias e/ou desgaste excessivo no pneu";"Saída de leito carroçável";"Com Vítimas Feridas";"Pleno dia";"Decrescente";"Céu Claro";"Dupla";"Reta";"Não";1;0;1;0;0;0;1;1;-25,53270001;-48,716296;"SPRF-PR";"DEL01-PR";"UOP05-DEL01-PR"
357470;2021-05-13;"quinta-feira";"13:35:00";"SC";280;67,9;"JARAGUA DO SUL";"Ausência de reação do condutor";"Colisão traseira";"Com Vítimas Feridas";"Pleno dia";"Decrescente";"Céu Claro";"Simples";"Reta";"Sim";2;0;1;0;1;0;1;2;-26,47215768;-49,11208391;"SPRF-SC";"DEL03-SC";"UOP03-DEL03-SC"
357473;2021-04-03;"sábado";"09:00:00";"SC";280;99;"CORUPA";"Reação tardia ou ineficiente do condutor";"Colisão traseira";"Sem Vítimas";"Pleno dia";"Crescente";"Ignorado";"Simples";"Reta";"Não";1;0;0;0;0;1;0;1;-26,36957088;-49,33444977;"SPRF-SC";"DEL06-SC";"UOP03-DEL06-SC"
357477;2021-05-06;"quinta-feira";"16:00:00";"PA";10;354,3;"SANTA MARIA DO PARA";"Reação tardia ou ineficiente do condutor";"Colisão lateral mesmo sentido";"Com Vítimas Feridas";"Pleno dia";"Decrescente";"Céu Claro";"Simples";"Reta";"Sim";2;0;1;0;1;0;1;2;-1,34759789;-47,57735696;"SPRF-PA";"DEL01-PA";"UOP02-DEL01-PA"
357480;2021-05-13;"quinta-feira";"12:00:00";"AM";319;28;"CAREIRO DA VARZEA";"Acumulo de água sobre o pavimento";"Saída de leito carroçável";"Com Vítimas Feridas";"Pleno dia";"Decrescente";"Nublado";"Simples";"Reta";"Não";3;0;1;0;2;0;1;1;-3,30721998;-59,87819975;"SPRF-AM";"DEL01-AM";"UOP04-DEL01-AM"
357481;2021-05-13;"quinta-feira";"15:50:00";"SC";101;203;"SAO JOSE";"Condutor deixou de manter distância do veículo da frente";"Colisão traseira";"Sem Vítimas";"Pleno dia";"Decrescente";"Céu Claro";"Dupla";"Reta";"Não";2;0;0;0;2;0;0;2;-27,5650044;-48,61460082;"SPRF-SC";"DEL01-SC";"UOP01-DEL01-SC"
357482;2021-03-12;"sexta-feira";"11:10:00";"RO";364;235,1;"CACOAL";"Desrespeitar a preferência no cruzamento";"Colisão transversal";"Com Vítimas Feridas";"Pleno dia";"Crescente";"Chuva";"Simples";"Reta;Declive;Interseção de Vias";"Sim";4;0;0;2;2;0;2;3;-11,4506169;-61,4302469;"SPRF-RO";"DEL02-RO";"UOP02-DEL02-RO"
357483;2021-04-03;"sábado";"05:00:00";"RS";472;466;"ITAQUI";"Ausência de reação do condutor";"Saída de leito carroçável";"Sem Vítimas";"Amanhecer";"Decrescente";"Céu Claro";"Simples";"Curva";"Não";1;0;0;0;0;1;0;1;-29,11996591;-56,30158007;"SPRF-RS";"DEL12-RS";"UOP01-DEL12-RS"
357484;2021-05-13;"quinta-feira";"16:10:00";"SC";470;70;"INDAIAL";"Ausência de reação do condutor";"Colisão transversal";"Com Vítimas Feridas";"Pleno dia";"Crescente";"Céu Claro";"Simples";"Reta";"Não";2;0;0;1;1;0;1;2;-26,889374;-49,254478;"SPRF-SC";"DEL04-SC";"UOP01-DEL04-SC"
357485;2021-05-13;"quinta-feira";"16:10:00";"SC";282;4;"SAO JOSE";"Condutor deixou de manter distância do veículo da frente";"Colisão traseira";"Com Vítimas Feridas";"Pleno dia";"Crescente";"Céu Claro";"Dupla";"Reta";"Sim";3;0;2;0;1;0;2;3;-27,592646;-48,604034;"SPRF-SC";"DEL01-SC";"UOP01-DEL01-SC"
357487;2021-05-13;"quinta-feira";"16:10:00";"SC";101;397;"MARACAJA";"Reação tardia ou ineficiente do condutor";"Colisão com objeto";"Com Vítimas Feridas";"Pleno dia";"Crescente";"Céu Claro";"Múltipla";"Declive;Curva";"Sim";1;0;1;0;0;0;1;1;-28,83036461;-49,41244828;"SPRF-SC";"DEL02-SC";"UOP02-DEL02-SC"
357488;2021-05-13;"quinta-feira";"15:40:00";"MG";381;419;"CAETE";"Velocidade Incompatível";"Colisão com objeto";"Com Vítimas Feridas";"Pleno dia";"Decrescente";"Céu Claro";"Simples";"Curva";"Não";1;0;0;1;0;0;1;1;-19,77066812;-43,64873289;"SPRF-MG";"DEL01-MG";"UOP01-DEL01-MG"
357489;2021-04-26;"segunda-feira";"10:15:00";"RS";386;51;"SEBERI";"Acessar a via sem observar a presença dos outros veículos";"Colisão transversal";"Com Vítimas Feridas";"Pleno dia";"Decrescente";"Sol";"Simples";"Curva;Interseção de Vias";"Sim";2;0;1;0;1;0;1;2;-27,500874;-53,388092;"SPRF-RS";"DEL08-RS";"UOP02-DEL08-RS"
357490;2021-05-13;"quinta-feira";"15:00:00";"MG";459;22,5;"CALDAS";"Avarias e/ou desgaste excessivo no pneu";"Saída de leito carroçável";"Com Vítimas Feridas";"Pleno dia";"Decrescente";"Chuva";"Simples";"Curva";"Não";3;0;3;0;0;0;3;2;-21,882125;-46,383067;"SPRF-MG";"DEL09-MG";"UOP01-DEL09-MG"
357491;2021-05-13;"quinta-feira";"17:05:00";"SC";101;100,7;"BALNEARIO PICARRAS";"Desrespeitar a preferência no cruzamento";"Colisão transversal";"Com Vítimas Feridas";"Pleno dia";"Crescente";"Céu Claro";"Simples";"Viaduto";"Não";3;0;0;1;1;1;1;3;-26,75482787;-48,68993675;"SPRF-SC";"DEL03-SC";"UOP02-DEL03-SC"
357492;2021-05-13;"quinta-feira";"17:00:00";"BA";324;614;"SIMOES FILHO";"Acessar a via sem observar a presença dos outros veículos";"Colisão frontal";"Com Vítimas Feridas";"Anoitecer";"Decrescente";"Céu Claro";"Dupla";"Reta";"Sim";3;0;1;0;1;1;1;2;-12,8639793;-38,42370126;"SPRF-BA";"DEL01-BA";"UOP01-DEL01-BA"
357495;2021-05-13;"quinta-feira";"17:40:00";"SP";153;62,1;"SAO JOSE DO RIO PRETO";"Ausência de reação do condutor";"Colisão lateral mesmo sentido";"Com Vítimas Feridas";"Anoitecer";"Decrescente";"Nublado";"Dupla";"Declive";"Sim";2;0;1;0;0;1;1;2;-20,81325404;-49,35675563;"SPRF-SP";"DEL09-SP";"UOP01-DEL09-SP"
357497;2021-05-13;"quinta-feira";"17:45:00";"GO";153;501,8;"GOIANIA";"Condutor deixou de manter distância do veículo da frente";"Colisão traseira";"Com Vítimas Feridas";"Anoitecer";"Crescente";"Céu Claro";"Simples";"Reta";"Sim";2;0;1;0;1;0;1;2;-16,71528847;-49,23570156;"SPRF-GO";"DEL01-GO";"UOP01-DEL01-GO"
357498;2021-05-06;"quinta-feira";"06:18:00";"GO";40;24;"LUZIANIA";"Acessar a via sem observar a presença dos outros veículos";"Colisão transversal";"Com Vítimas Feridas";"Amanhecer";"Crescente";"Céu Claro";"Dupla";"Interseção de Vias";"Sim";3;0;0;2;1;0;2;2;-16,252738;-47,900437;"SPRF-DF";"DEL01-DF";"UOP01-DEL01-DF"
357499;2021-05-13;"quinta-feira";"16:40:00";"MS";163;758;"COXIM";"Manobra de mudança de faixa";"Saída de leito carroçável";"Com Vítimas Feridas";"Anoitecer";"Crescente";"Céu Claro";"Simples";"Reta";"Não";2;0;2;0;0;0;2;1;-18,275234;-54,66694409;"SPRF-MS";"DEL06-MS";"UOP01-DEL06-MS"
357501;2021-05-13;"quinta-feira";"17:45:00";"SP";116;220,2;"GUARULHOS";"Trafegar com motocicleta (ou similar) entre as faixas";"Colisão lateral mesmo sentido";"Com Vítimas Feridas";"Anoitecer";"Decrescente";"Nublado";"Múltipla";"Reta";"Sim";2;0;1;0;1;0;1;2;-23,46472809;-46,49793962;"SPRF-SP";"DEL01-SP";"UOP01-DEL01-SP"
357502;2021-05-13;"quinta-feira";"18:15:00";"PR";373;183;"PONTA GROSSA";"Acessar a via sem observar a presença dos outros veículos";"Colisão traseira";"Sem Vítimas";"Plena Noite";"Crescente";"Nublado";"Simples";"Reta";"Sim";3;0;0;0;3;0;0;3;-25,03935712;-50,2767641;"SPRF-PR";"DEL03-PR";"UOP01-DEL03-PR"
357504;2021-05-13;"quinta-feira";"15:30:00";"PR";163;86,9;"CAPANEMA";"Condutor deixou de manter distância do veículo da frente";"Colisão traseira";"Com Vítimas Feridas";"Pleno dia";"Decrescente";"Céu Claro";"Simples";"Reta";"Sim";3;0;1;0;2;0;1;2;-25,684717;-53,794001;"SPRF-PR";"DEL02-PR";"UOP02-DEL02-PR"
357508;2021-05-13;"quinta-feira";"19:03:00";"SP";116;227;"GUARULHOS";"Condutor deixou de manter distância do veículo da frente";"Colisão traseira";"Com Vítimas Feridas";"Plena Noite";"Decrescente";"Nublado";"Múltipla";"Reta";"Não";3;0;1;0;2;0;1;2;-23,49659264;-46,55648754;"SPRF-SP";"DEL01-SP";"UOP01-DEL01-SP"
357510;2021-05-13;"quinta-feira";"18:55:00";"RN";101;98,3;"NATAL";"Condutor deixou de manter distância do veículo da frente";"Colisão traseira";"Com Vítimas Feridas";"Plena Noite";"Decrescente";"Nublado";"Múltipla";"Reta";"Sim";3;0;0;1;1;1;1;3;-5,86567888;-35,21651625;"SPRF-RN";"DEL01-RN";"UOP01-DEL01-RN"
357513;2021-05-13;"quinta-feira";"19:15:00";"PR";277;687,5;"SAO MIGUEL DO IGUACU";"Desrespeitar a preferência no cruzamento";"Colisão transversal";"Com Vítimas Feridas";"Plena Noite";"Crescente";"Céu Claro";"Dupla";"Reta;Aclive;Interseção de Vias";"Sim";2;0;1;1;0;0;2;2;-25,34377452;-54,22446208;"SPRF-PR";"DEL05-PR";"UOP01-DEL05-PR"
357516;2021-05-13;"quinta-feira";"19:20:00";"RN";427;99,2;"CAICO";"Pedestre andava na pista";"Atropelamento de Pedestre";"Com Vítimas Feridas";"Plena Noite";"Crescente";"Nublado";"Simples";"Reta";"Sim";2;0;0;1;0;1;1;2;-6,45929918;-37,09847983;"SPRF-RN";"DEL03-RN";"UOP01-DEL03-RN"
357517;2021-05-13;"quinta-feira";"15:40:00";"PE";104;72;"CARUARU";"Acostamento em desnível";"Tombamento";"Com Vítimas Feridas";"Pleno dia";"Crescente";"Garoa/Chuvisco";"Simples";"Curva";"Sim";2;0;0;2;0;0;2;1;-8,33588106;-35,98043919;"SPRF-PE";"DEL02-PE";"UOP01-DEL02-PE"
357519;2021-05-13;"quinta-feira";"14:15:00";"PE";101;73;"RECIFE";"Acumulo de água sobre o pavimento";"Saída de leito carroçável";"Com Vítimas Feridas";"Pleno dia";"Decrescente";"Chuva";"Dupla";"Reta";"Não";2;0;2;0;0;0;2;1;-8,093369;-34,947464;"SPRF-PE";"DEL01-PE";"UOP01-DEL01-PE"
357520;2021-05-13;"quinta-feira";"17:45:00";"RR";174;498;"BOA VISTA";"Reação tardia ou ineficiente do condutor";"Saída de leito carroçável";"Com Vítimas Feridas";"Pleno dia";"Crescente";"Céu Claro";"Dupla";"Reta";"Não";1;0;1;0;0;0;1;1;2,767734;-60,720005;"SPRF-RR";"DEL01-RR";"UOP01-DEL01-RR"
357521;2021-05-13;"quinta-feira";"17:30:00";"MA";135;21;"SAO LUIS";"Ausência de reação do condutor";"Engavetamento";"Sem Vítimas";"Plena Noite";"Decrescente";"Céu Claro";"Dupla";"Reta";"Sim";4;0;0;0;3;1;0;4;-2,53073;-44,3068;"SPRF-MA";"DEL01-MA";"UOP01-DEL01-MA"
357523;2021-05-13;"quinta-feira";"19:35:00";"RS";386;435,3;"NOVA SANTA RITA";"Acessar a via sem observar a presença dos outros veículos";"Colisão transversal";"Sem Vítimas";"Plena Noite";"Crescente";"Céu Claro";"Simples";"Rotatória";"Não";3;0;0;0;3;0;0;2;-29,846369;-51,275738;"SPRF-RS";"DEL04-RS";"UOP02-DEL04-RS"
357526;2021-05-13;"quinta-feira";"10:25:00";"SC";101;56,7;"JOINVILLE";"Manobra de mudança de faixa";"Saída de leito carroçável";"Com Vítimas Feridas";"Pleno dia";"Decrescente";"Céu Claro";"Dupla";"Reta";"Sim";3;0;3;0;0;0;3;1;-26,43207484;-48,82263984;"SPRF-SC";"DEL03-SC";"UOP01-DEL03-SC"
357528;2021-05-13;"quinta-feira";"18:50:00";"RS";101;24,5;"TRES CACHOEIRAS";"Acessar a via sem observar a presença dos outros veículos";"Colisão transversal";"Com Vítimas Feridas";"Plena Noite";"Decrescente";"Céu Claro";"Dupla";"Reta";"Sim";2;0;1;0;0;1;1;2;-29,45065153;-49,91714085;"SPRF-RS";"DEL03-RS";"UOP02-DEL03-RS"
357531;2021-05-13;"quinta-feira";"20:25:00";"SP";116;163;"JACAREI";"Ausência de reação do condutor";"Queda de ocupante de veículo";"Com Vítimas Feridas";"Plena Noite";"Decrescente";"Céu Claro";"Dupla";"Reta";"Não";1;0;1;0;0;0;1;1;-23,28649584;-45,9919851;"SPRF-SP";"DEL02-SP";"UOP01-DEL02-SP"
357532;2021-05-13;"quinta-feira";"19:50:00";"RJ";116;57;"TERESOPOLIS";"Acessar a via sem observar a presença dos outros veículos";"Capotamento";"Sem Vítimas";"Plena Noite";"Crescente";"Nublado";"Simples";"Reta";"Não";2;0;0;0;2;0;0;2;-22,2120866849;-42,9006884932;"SPRF-RJ";"DEL04-RJ";"UOP01-DEL04-RJ"
357533;2021-05-13;"quinta-feira";"19:35:00";"RJ";101;482;"ANGRA DOS REIS";"Pedestre andava na pista";"Atropelamento de Pedestre";"Com Vítimas Feridas";"Plena Noite";"Crescente";"Chuva";"Simples";"Curva";"Sim";2;0;0;1;1;0;1;2;-23,00093672;-44,29816701;"SPRF-RJ";"DEL03-RJ";"UOP03-DEL03-RJ"
357536;2021-05-13;"quinta-feira";"19:10:00";"SC";101;295,3;"IMBITUBA";"Deficiência do Sistema de Iluminação/Sinalização";"Colisão traseira";"Com Vítimas Feridas";"Plena Noite";"Decrescente";"Céu Claro";"Simples";"Reta";"Não";2;0;0;2;0;0;2;2;-28,29854333;-48,71633767;"SPRF-SC";"DEL02-SC";"UOP03-DEL02-SC"
357537;2021-05-13;"quinta-feira";"21:20:00";"GO";40;24;"LUZIANIA";"Desrespeitar a preferência no cruzamento";"Colisão transversal";"Com Vítimas Feridas";"Plena Noite";"Crescente";"Céu Claro";"Dupla";"Interseção de Vias";"Sim";2;0;0;1;1;0;1;2;-16,245024;-47,906792;"SPRF-DF";"DEL01-DF";"UOP01-DEL01-DF"
357539;2021-05-13;"quinta-feira";"18:40:00";"MG";116;700,7;"MURIAE";"Ingestão de álcool ou de substâncias psicoativas pelo pedestre";"Atropelamento de Pedestre";"Com Vítimas Feridas";"Plena Noite";"Crescente";"Céu Claro";"Simples";"Reta;Declive";"Não";2;0;2;0;0;0;2;2;-21,10258681;-42,37840131;"SPRF-MG";"DEL07-MG";"UOP02-DEL07-MG"
357541;2021-05-13;"quinta-feira";"18:30:00";"PB";412;128,8;"MONTEIRO";"Ingestão de álcool pelo condutor";"Colisão transversal";"Com Vítimas Feridas";"Anoitecer";"Crescente";"Chuva";"Simples";"Interseção de Vias";"Não";4;0;0;2;1;1;2;3;-7,793972;-37,018809;"SPRF-PB";"DEL02-PB";"UOP02-DEL02-PB"
357544;2021-05-13;"quinta-feira";"20:05:00";"SC";101;86,1;"BARRA VELHA";"Manobra de mudança de faixa";"Colisão lateral mesmo sentido";"Sem Vítimas";"Plena Noite";"Crescente";"Nublado";"Dupla";"Reta";"Não";2;0;0;0;2;0;0;2;-26,63277317;-48,70232513;"SPRF-SC";"DEL03-SC";"UOP02-DEL03-SC"
357546;2021-05-13;"quinta-feira";"22:30:00";"SC";101;197;"BIGUACU";"Ausência de reação do condutor";"Colisão lateral mesmo sentido";"Com Vítimas Feridas";"Plena Noite";"Decrescente";"Céu Claro";"Múltipla";"Curva";"Sim";3;0;1;0;2;0;1;2;-27,51844497;-48,63848496;"SPRF-SC";"DEL01-SC";"UOP01-DEL01-SC"
357547;2021-05-13;"quinta-feira";"20:50:00";"PR";163;143,3;"CAPITAO LEONIDAS MARQUES";"Acesso irregular";"Atropelamento de Pedestre";"Com Vítimas Feridas";"Plena Noite";"Crescente";"Céu Claro";"Dupla";"Reta";"Não";2;0;0;1;0;1;1;2;-25,47546601;-53,58833898;"SPRF-PR";"DEL05-PR";"UOP05-DEL05-PR"
357550;2021-05-13;"quinta-feira";"19:00:00";"RJ";40;102;"DUQUE DE CAXIAS";"Reação tardia ou ineficiente do condutor";"Queda de ocupante de veículo";"Com Vítimas Feridas";"Plena Noite";"Crescente";"Garoa/Chuvisco";"Dupla";"Reta";"Não";1;0;1;0;0;0;1;1;-22,61089297;-43,28656077;"SPRF-RJ";"DEL01-RJ";"UOP01-DEL01-RJ"
357555;2021-05-13;"quinta-feira";"23:50:00";"SC";101;28;"JOINVILLE";"Ingestão de álcool pelo condutor";"Colisão com objeto";"Sem Vítimas";"Plena Noite";"Decrescente";"Céu Claro";"Dupla";"Reta";"Sim";1;0;0;0;0;1;0;1;-26,20697505;-48,91482635;"SPRF-SC";"DEL03-SC";"UOP01-DEL03-SC"
357558;2021-05-14;"sexta-feira";"01:30:00";"GO";60;93;"ANAPOLIS";"Ingestão de álcool pelo condutor";"Colisão com objeto";"Com Vítimas Feridas";"Plena Noite";"Crescente";"Céu Claro";"Dupla";"Reta;Interseção de Vias";"Sim";2;0;2;0;0;0;2;1;-16,3538;-48,9268;"SPRF-GO";"DEL02-GO";"UOP01-DEL02-GO"
357560;2021-05-14;"sexta-feira";"00:40:00";"PI";316;29,5;"DEMERVAL LOBAO";"Acumulo de água sobre o pavimento";"Saída de leito carroçável";"Sem Vítimas";"Plena Noite";"Decrescente";"Garoa/Chuvisco";"Simples";"Curva";"Não";2;0;0;0;2;0;0;1;-5,32499108;-42,69866153;"SPRF-PI";"DEL01-PI";"UOP02-DEL01-PI"
357564;2021-05-14;"sexta-feira";"04:00:00";"RJ";116;91;"TERESOPOLIS";"Ausência de reação do condutor";"Saída de leito carroçável";"Sem Vítimas";"Amanhecer";"Crescente";"Chuva";"Simples";"Reta";"Sim";1;0;0;0;1;0;0;1;-22,45860515;-42,97439809;"SPRF-RJ";"DEL04-RJ";"UOP02-DEL04-RJ"
357567;2021-05-14;"sexta-feira";"05:00:00";"SC";470;98,7;"APIUNA";"Conversão proibida";"Colisão lateral mesmo sentido";"Com Vítimas Feridas";"Plena Noite";"Decrescente";"Nublado";"Simples";"Reta";"Não";3;0;2;0;1;0;2;2;-27,032537;-49,385468;"SPRF-SC";"DEL04-SC";"UOP01-DEL04-SC"
357569;2021-05-14;"sexta-feira";"05:20:00";"PR";369;92;"CORNELIO PROCOPIO";"Condutor Dormindo";"Saída de leito carroçável";"Com Vítimas Feridas";"Plena Noite";"Decrescente";"Céu Claro";"Dupla";"Reta";"Não";2;0;2;0;0;0;2;1;-23,207919;-50,660502;"SPRF-PR";"DEL07-PR";"UOP01-DEL07-PR"
357572;2021-05-14;"sexta-feira";"07:00:00";"RN";304;43,7;"MOSSORO";"Condutor deixou de manter distância do veículo da frente";"Colisão lateral mesmo sentido";"Com Vítimas Feridas";"Pleno dia";"Decrescente";"Nublado";"Dupla";"Retorno Regulamentado";"Não";2;0;1;0;0;1;1;2;-5,22185704;-37,35997623;"SPRF-RN";"DEL04-RN";"UOP01-DEL04-RN"
357576;2021-05-14;"sexta-feira";"06:50:00";"ES";262;1;"CARIACICA";"Pedestre cruzava a pista fora da faixa";"Atropelamento de Pedestre";"Com Vítimas Feridas";"Pleno dia";"Decrescente";"Céu Claro";"Dupla";"Reta";"Sim";2;0;1;0;1;0;1;2;-20,32902882;-40,3542155;"SPRF-ES";"DEL01-ES";"UOP01-DEL01-ES"
357578;2021-04-18;"domingo";"22:48:00";"MA";222;519;"BURITICUPU";"Transitar na contramão";"Colisão lateral sentido oposto";"Com Vítimas Feridas";"Plena Noite";"Crescente";"Nublado";"Simples";"Aclive";"Sim";3;0;2;0;1;0;2;2;-4,3492158;-46,39916298;"SPRF-MA";"DEL02-MA";"UOP01-DEL02-MA"
357580;2021-05-14;"sexta-feira";"07:30:00";"SC";101;213,3;"PALHOCA";"Condutor deixou de manter distância do veículo da frente";"Colisão traseira";"Com Vítimas Feridas";"Pleno dia";"Decrescente";"Céu Claro";"Dupla";"Reta";"Sim";3;0;1;0;1;1;1;3;-27,63697369;-48,66514142;"SPRF-SC";"DEL01-SC";"UOP02-DEL01-SC"
357581;2021-05-14;"sexta-feira";"06:30:00";"PB";230;99;"GURINHEM";"Acumulo de água sobre o pavimento";"Saída de leito carroçável";"Com Vítimas Feridas";"Pleno dia";"Decrescente";"Chuva";"Simples";"Reta";"Não";2;0;1;0;1;0;1;1;-7,1911;-35,4716;"SPRF-PB";"DEL01-PB";"UOP03-DEL01-PB"
357582;2021-05-06;"quinta-feira";"09:10:00";"PE";101;71;"RECIFE";"Trafegar com motocicleta (ou similar) entre as faixas";"Colisão lateral mesmo sentido";"Com Vítimas Feridas";"Pleno dia";"Decrescente";"Chuva";"Múltipla";"Reta";"Sim";3;0;1;0;1;1;1;3;-8,07663102;-34,94277871;"SPRF-PE";"DEL01-PE";"UOP01-DEL01-PE"
357584;2021-05-14;"sexta-feira";"08:00:00";"PR";376;229,9;"APUCARANA";"Condutor deixou de manter distância do veículo da frente";"Colisão traseira";"Com Vítimas Feridas";"Pleno dia";"Crescente";"Sol";"Dupla";"Reta";"Não";5;0;3;0;2;0;3;2;-23,564299;-51,540607;"SPRF-PR";"DEL07-PR";"UOP02-DEL07-PR"
357585;2021-05-14;"sexta-feira";"07:15:00";"ES";101;262,2;"SERRA";"Acumulo de óleo sobre o pavimento";"Tombamento";"Com Vítimas Feridas";"Pleno dia";"Crescente";"Céu Claro";"Dupla";"Retorno Regulamentado";"Sim";1;0;1;0;0;0;1;1;-20,1572331;-40,27678329;"SPRF-ES";"DEL02-ES";"UOP01-DEL02-ES"
357587;2021-05-14;"sexta-feira";"07:50:00";"SC";280;33;"ARAQUARI";"Acessar a via sem observar a presença dos outros veículos";"Colisão transversal";"Com Vítimas Feridas";"Pleno dia";"Decrescente";"Céu Claro";"Simples";"Interseção de Vias";"Não";2;0;1;1;0;0;2;2;-26,42576441;-48,78741376;"SPRF-SC";"DEL03-SC";"UOP03-DEL03-SC"
357588;2021-03-21;"domingo";"15:30:00";"PR";153;515;"GENERAL CARNEIRO";"Pista Escorregadia";"Queda de ocupante de veículo";"Com Vítimas Feridas";"Pleno dia";"Decrescente";"Céu Claro";"Simples";"Curva";"Não";1;0;0;1;0;0;1;1;-26,59589525;-51,46133423;"SPRF-PR";"DEL02-PR";"UOP03-DEL02-PR"