"id";"data_inversa";"dia_semana";"horario";"uf";"br";"km";"municipio";"causa_acidente";"tipo_acidente";"classificacao_acidente";"fase_dia";"sentido_via";"condicao_metereologica";"tipo_pista";"tracado_via";"uso_solo";"pessoas";"mortos";"feridos_leves";"feridos_graves";"ilesos";"ignorados";"feridos";"veiculos";"latitude";"longitude";"regional";"delegacia";"uop"
357589;2021-05-14;"sexta-feira";"07:10:00";"GO";60;27;"ALEXANIA";"Avarias e/ou desgaste excessivo no pneu";"Saída de leito carroçável";"Sem Vítimas";"Pleno dia";"Crescente";"Céu Claro";"Dupla";"Aclive;Curva";"Não";1;0;0;0;1;0;0;1;-16,0963;-48,5202;"SPRF-DF";"DEL03-DF";"UOP01-DEL03-DF"
357590;2021-05-14;"sexta-feira";"08:00:00";"RN";101;116;"SAO JOSE DE MIPIBU";"Ingestão de álcool pelo condutor";"Tombamento";"Com Vítimas Feridas";"Pleno dia";"Decrescente";"Nublado";"Dupla";"Reta";"Não";1;0;0;1;0;0;1;1;-5,99813838;-35,2605021;"SPRF-RN";"DEL01-RN";"UOP01-DEL01-RN"
357591;2021-05-14;"sexta-feira";"06:45:00";"AC";364;136;"RIO BRANCO";"Ausência de reação do condutor";"Colisão lateral mesmo sentido";"Com Vítimas Feridas";"Pleno dia";"Crescente";"Céu Claro";"Dupla";"Rotatória";"Sim";2;0;1;0;0;1;1;2;-9,97732511;-67,84892321;"SPRF-AC";"DEL01-AC";"UOP01-DEL01-AC"
357592;2021-05-10;"segunda-feira";"19:20:00";"MG";381;427;"CAETE";"Desvio temporário";"Colisão com objeto";"Com Vítimas Feridas";"Plena Noite";"Decrescente";"Céu Claro";"Simples";"Desvio Temporário";"Não";2;0;1;0;0;1;1;2;-19,78854826;-43,69815304;"SPRF-MG";"DEL01-MG";"UOP01-DEL01-MG"
357594;2021-05-14;"sexta-feira";"09:05:00";"SE";235;1,8;"ARACAJU";"Ausência de reação do condutor";"Colisão traseira";"Com Vítimas Feridas";"Pleno dia";"Crescente";"Nublado";"Dupla";"Viaduto";"Sim";3;0;0;1;2;0;1;3;-10,90765024;-37,09156036;"SPRF-SE";"DEL01-SE";"UOP01-DEL01-SE"
357595;2021-04-30;"sexta-feira";"16:30:00";"SC";101;125,7;"ITAJAI";"Trafegar com motocicleta (ou similar) entre as faixas";"Colisão traseira";"Com Vítimas Feridas";"Pleno dia";"Crescente";"Céu Claro";"Dupla";"Reta";"Não";1;0;0;1;0;0;1;1;-26,94802427;-48,68338515;"SPRF-SC";"DEL04-SC";"UOP04-DEL04-SC"
357596;2021-05-14;"sexta-feira";"07:20:00";"MG";40;522;"CONTAGEM";"Manobra de mudança de faixa";"Colisão transversal";"Com Vítimas Feridas";"Pleno dia";"Crescente";"Céu Claro";"Dupla";"Reta";"Não";2;0;1;0;0;1;1;2;-19,8638731;-44,06749809;"SPRF-MG";"DEL01-MG";"UOP02-DEL01-MG"
357598;2021-04-18;"domingo";"22:00:00";"MT";70;513;"VARZEA GRANDE";"Acessar a via sem observar a presença dos outros veículos";"Colisão lateral sentido oposto";"Com Vítimas Feridas";"Plena Noite";"Decrescente";"Céu Claro";"Simples";"Reta";"Não";3;0;1;0;2;0;1;2;-15,70589664;-56,12624288;"SPRF-MT";"DEL01-MT";"UOP02-DEL01-MT"
357599;2021-05-14;"sexta-feira";"08:58:00";"SC";101;28;"JOINVILLE";"Objeto estático sobre o leito carroçável";"Colisão traseira";"Sem Vítimas";"Pleno dia";"Crescente";"Céu Claro";"Dupla";"Reta";"Não";8;0;0;0;8;0;0;3;-26,20697505;-48,91482635;"SPRF-SC";"DEL03-SC";"UOP01-DEL03-SC"
357600;2021-03-07;"domingo";"23:50:00";"MG";40;728,5;"OLIVEIRA FORTES";"Acumulo de água sobre o pavimento";"Colisão traseira";"Com Vítimas Feridas";"Plena Noite";"Crescente";"Céu Claro";"Dupla";"Curva";"Não";5;0;1;4;0;0;5;1;-21,31842199;-43,58689599;"SPRF-MG";"DEL05-MG";"UOP01-DEL05-MG"
357601;2021-05-14;"sexta-feira";"08:55:00";"MG";116;703,4;"MURIAE";"Transitar na contramão";"Colisão frontal";"Com Vítimas Feridas";"Pleno dia";"Crescente";"Céu Claro";"Simples";"Reta";"Sim";2;0;1;0;1;0;1;2;-21,12672859;-42,38337636;"SPRF-MG";"DEL07-MG";"UOP02-DEL07-MG"
357602;2021-05-14;"sexta-feira";"09:18:00";"MG";381;634;"OLIVEIRA";"Condutor Dormindo";"Saída de leito carroçável";"Com Vítimas Feridas";"Pleno dia";"Crescente";"Céu Claro";"Dupla";"Reta;Retorno Regulamentado;Declive";"Não";1;0;1;0;0;0;1;1;-20,85086999;-44,83519515;"SPRF-MG";"DEL04-MG";"UOP01-DEL04-MG"
357604;2021-04-04;"domingo";"16:03:00";"PI";135;513;"GILBUES";"Acessar a via sem observar a presença dos outros veículos";"Colisão transversal";"Com Vítimas Feridas";"Pleno dia";"Crescente";"Céu Claro";"Simples";"Reta";"Sim";2;0;0;1;1;0;1;2;-9,81824505;-45,33105184;"SPRF-PI";"DEL03-PI";"UOP02-DEL03-PI"
357607;2021-05-14;"sexta-feira";"08:30:00";"MG";50;104,9;"UBERABA";"Reação tardia ou ineficiente do condutor";"Colisão traseira";"Com Vítimas Feridas";"Pleno dia";"Decrescente";"Céu Claro";"Dupla";"Reta";"Não";4;0;1;0;2;1;1;3;-19,17105604;-48,16028013;"SPRF-MG";"DEL13-MG";"UOP01-DEL13-MG"
357609;2021-05-14;"sexta-feira";"09:00:00";"MG";381;349;"JOAO MONLEVADE";"Velocidade Incompatível";"Saída de leito carroçável";"Com Vítimas Feridas";"Pleno dia";"Crescente";"Ignorado";"Dupla";"Curva";"Não";2;0;1;0;1;0;1;2;-19,8499239;-43,14868105;"SPRF-MG";"DEL03-MG";"UOP01-DEL03-MG"
357612;2021-05-14;"sexta-feira";"09:45:00";"SC";101;208,5;"SAO JOSE";"Reação tardia ou ineficiente do condutor";"Colisão traseira";"Com Vítimas Feridas";"Pleno dia";"Decrescente";"Sol";"Múltipla";"Reta";"Sim";3;0;1;0;1;1;1;2;-27,60327979;-48,63201818;"SPRF-SC";"DEL01-SC";"UOP01-DEL01-SC"
357614;2021-04-29;"quinta-feira";"18:20:00";"MT";174;128,1;"MIRASSOL DOESTE";"Reação tardia ou ineficiente do condutor";"Colisão frontal";"Com Vítimas Feridas";"Plena Noite";"Crescente";"Céu Claro";"Simples";"Reta;Declive";"Não";3;0;0;1;2;0;1;2;-15,83449696;-58,10377909;"SPRF-MT";"DEL03-MT";"UOP01-DEL03-MT"
357615;2021-05-14;"sexta-feira";"10:40:00";"MG";381;512;"IGARAPE";"Frear bruscamente";"Colisão traseira";"Com Vítimas Feridas";"Pleno dia";"Decrescente";"Céu Claro";"Simples";"Reta";"Sim";3;0;2;0;0;1;2;2;-20,09239724;-44,31458341;"SPRF-MG";"DEL01-MG";"UOP03-DEL01-MG"
357618;2021-05-14;"sexta-feira";"10:30:00";"GO";153;11;"PORANGATU";"Reação tardia ou ineficiente do condutor";"Saída de leito carroçável";"Com Vítimas Feridas";"Pleno dia";"Crescente";"Céu Claro";"Simples";"Reta";"Não";1;0;0;1;0;0;1;1;-12,929356;-49,127274;"SPRF-GO";"DEL07-GO";"UOP01-DEL07-GO"
357619;2021-05-14;"sexta-feira";"11:20:00";"PE";232;27,1;"MORENO";"Chuva";"Colisão com objeto";"Com Vítimas Feridas";"Pleno dia";"Decrescente";"Chuva";"Dupla";"Reta;Aclive";"Não";1;0;1;0;0;0;1;1;-8,11418416;-35,12568999;"SPRF-PE";"DEL01-PE";"UOP01-DEL01-PE"
357620;2021-05-14;"sexta-feira";"11:05:00";"SE";235;52,1;"ITABAIANA";"Acesso irregular";"Colisão transversal";"Com Vítimas Feridas";"Pleno dia";"Decrescente";"Céu Claro";"Simples";"Reta";"Sim";3;0;2;0;1;0;2;2;-10,693279;-37,437557;"SPRF-SE";"DEL01-SE";"UOP02-DEL01-SE"
357621;2021-05-14;"sexta-feira";"10:20:00";"PR";277;561,5;"CASCAVEL";"Objeto estático sobre o leito carroçável";"Queda de ocupante de veículo";"Com Vítimas Feridas";"Pleno dia";"Crescente";"Céu Claro";"Simples";"Reta";"Não";2;0;2;0;0;0;2;1;-25,06595585;-53,21720792;"SPRF-PR";"DEL04-PR";"UOP01-DEL04-PR"
357622;2021-05-03;"segunda-feira";"16:00:00";"MT";364;440;"VARZEA GRANDE";"Chuva";"Saída de leito carroçável";"Com Vítimas Feridas";"Pleno dia";"Crescente";"Chuva";"Simples";"Curva";"Não";4;0;2;0;2;0;2;1;-15,60466146;-56,20363355;"SPRF-MT";"DEL01-MT";"UOP02-DEL01-MT"
357624;2021-05-14;"sexta-feira";"11:40:00";"RJ";116;78;"TERESOPOLIS";"Reação tardia ou ineficiente do condutor";"Colisão traseira";"Com Vítimas Feridas";"Pleno dia";"Decrescente";"Céu Claro";"Simples";"Reta";"Sim";2;0;1;0;1;0;1;2;-22,37408687;-42,95260496;"SPRF-RJ";"DEL04-RJ";"UOP01-DEL04-RJ"
357630;2021-05-14;"sexta-feira";"11:20:00";"PR";376;419;"TIBAGI";"Condutor Dormindo";"Colisão com objeto";"Com Vítimas Feridas";"Pleno dia";"Crescente";"Céu Claro";"Simples";"Em Obras;Reta";"Não";1;0;0;1;0;0;1;1;-24,71397693;-50,54954795;"SPRF-PR";"DEL03-PR";"UOP02-DEL03-PR"
357631;2021-05-14;"sexta-feira";"12:15:00";"PI";343;14;"PARNAIBA";"Ultrapassagem Indevida";"Colisão transversal";"Com Vítimas Feridas";"Pleno dia";"Crescente";"Céu Claro";"Dupla";"Reta";"Sim";2;0;1;0;0;1;1;2;-2,93659;-41,754936;"SPRF-PI";"DEL05-PI";"UOP01-DEL05-PI"
357635;2021-05-14;"sexta-feira";"14:50:00";"MG";40;38,8;"PARACATU";"Acessar a via sem observar a presença dos outros veículos";"Colisão transversal";"Com Vítimas Feridas";"Pleno dia";"Crescente";"Céu Claro";"Simples";"Reta";"Sim";3;0;1;0;2;0;1;2;-17,21050388;-46,89942099;"SPRF-MG";"DEL14-MG";"UOP01-DEL14-MG"
357636;2021-05-14;"sexta-feira";"07:40:00";"RJ";101;436;"MANGARATIBA";"Reação tardia ou ineficiente do condutor";"Saída de leito carroçável";"Com Vítimas Feridas";"Pleno dia";"Decrescente";"Garoa/Chuvisco";"Dupla";"Aclive";"Não";2;0;2;0;0;0;2;1;-22,947416;-44,062037;"SPRF-RJ";"DEL03-RJ";"UOP03-DEL03-RJ"
357637;2021-05-14;"sexta-feira";"12:30:00";"RJ";116;163;"RIO DE JANEIRO";"Condutor deixou de manter distância do veículo da frente";"Colisão traseira";"Com Vítimas Feridas";"Pleno dia";"Crescente";"Céu Claro";"Múltipla";"Reta";"Sim";2;0;1;0;1;0;1;2;-22,802729;-43,290424;"SPRF-RJ";"DEL01-RJ";"UOP01-DEL01-RJ"
357638;2021-05-14;"sexta-feira";"15:10:00";"SP";101;40;"UBATUBA";"Acessar a via sem observar a presença dos outros veículos";"Colisão transversal";"Com Vítimas Feridas";"Pleno dia";"Crescente";"Céu Claro";"Simples";"Reta";"Não";5;0;1;0;4;0;1;2;-23,41495528;-45,03516778;"SPRF-SP";"DEL06-SP";"UOP01-DEL06-SP"
357641;2021-05-14;"sexta-feira";"13:40:00";"SP";153;83;"BADY BASSITT";"Velocidade Incompatível";"Saída de leito carroçável";"Com Vítimas Feridas";"Pleno dia";"Decrescente";"Nublado";"Simples";"Declive";"Não";2;0;2;0;0;0;2;1;-20,92266511;-49,50450592;"SPRF-SP";"DEL09-SP";"UOP01-DEL09-SP"
357642;2021-05-14;"sexta-feira";"13:00:00";"MG";40;590,2;"ITABIRITO";"Avarias e/ou desgaste excessivo no pneu";"Tombamento";"Com Vítimas Feridas";"Pleno dia";"Decrescente";"Nublado";"Dupla";"Curva;Declive";"Não";1;0;0;1;0;0;1;1;-20,36807799;-43,90982881;"SPRF-MG";"DEL01-MG";"UOP02-DEL01-MG"
357644;2021-05-14;"sexta-feira";"12:56:00";"MG";40;515,1;"RIBEIRAO DAS NEVES";"Condutor deixou de manter distância do veículo da frente";"Colisão traseira";"Com Vítimas Feridas";"Pleno dia";"Crescente";"Céu Claro";"Dupla";"Reta";"Sim";2;0;0;1;1;0;1;2;-19,8090079;-44,09493479;"SPRF-MG";"DEL01-MG";"UOP02-DEL01-MG"
357646;2021-05-14;"sexta-feira";"14:30:00";"RS";116;412,9;"CAMAQUA";"Transitar na contramão";"Colisão frontal";"Com Vítimas Feridas";"Pleno dia";"Crescente";"Céu Claro";"Simples";"Reta";"Não";2;0;1;1;0;0;2;2;-30,92659213;-51,90929593;"SPRF-RS";"DEL02-RS";"UOP02-DEL02-RS"
357647;2021-05-14;"sexta-feira";"15:15:00";"SP";116;208;"GUARULHOS";"Acessar a via sem observar a presença dos outros veículos";"Atropelamento de Pedestre";"Com Vítimas Feridas";"Pleno dia";"Crescente";"Céu Claro";"Múltipla";"Reta";"Não";2;0;1;0;0;1;1;2;-23,42222263;-46,3932771;"SPRF-SP";"DEL01-SP";"UOP01-DEL01-SP"
357649;2021-05-14;"sexta-feira";"12:10:00";"SC";280;28;"ARAQUARI";"Acessar a via sem observar a presença dos outros veículos";"Colisão transversal";"Com Vítimas Feridas";"Pleno dia";"Decrescente";"Céu Claro";"Simples";"Reta";"Sim";2;0;0;1;1;0;1;2;-26,40450077;-48,74561031;"SPRF-SC";"DEL03-SC";"UOP03-DEL03-SC"
357651;2021-05-14;"sexta-feira";"12:00:00";"PA";316;64;"CASTANHAL";"Ausência de reação do condutor";"Colisão traseira";"Com Vítimas Feridas";"Pleno dia";"Decrescente";"Céu Claro";"Dupla";"Reta";"Sim";3;0;0;1;1;1;1;3;-1,29629557;-47,91983997;"SPRF-PA";"DEL01-PA";"UOP01-DEL01-PA"
357652;2021-05-14;"sexta-feira";"12:15:00";"MA";316;419,5;"PERITORO";"Entrada inopinada do pedestre";"Atropelamento de Pedestre";"Com Vítimas Feridas";"Pleno dia";"Crescente";"Céu Claro";"Simples";"Reta";"Sim";3;0;1;0;1;1;1;2;-4,346691;-44,379074;"SPRF-MA";"DEL03-MA";"UOP01-DEL03-MA"
357653;2021-05-14;"sexta-feira";"15:30:00";"RJ";40;77;"PETROPOLIS";"Velocidade Incompatível";"Colisão com objeto";"Com Vítimas Feridas";"Pleno dia";"Crescente";"Nublado";"Simples";"Curva";"Não";1;0;1;0;0;0;1;1;-22,48005592;-43,23543994;"SPRF-RJ";"DEL06-RJ";"UOP01-DEL06-RJ"
357654;2021-05-14;"sexta-feira";"15:45:00";"RS";285;464,7;"IJUI";"Desrespeitar a preferência no cruzamento";"Colisão transversal";"Com Vítimas Feridas";"Pleno dia";"Decrescente";"Sol";"Simples";"Interseção de Vias";"Não";6;0;5;0;1;0;5;2;-28,40101764;-53,95550966;"SPRF-RS";"DEL10-RS";"UOP01-DEL10-RS"
357655;2021-05-14;"sexta-feira";"11:10:00";"RO";364;238,1;"CACOAL";"Desrespeitar a preferência no cruzamento";"Colisão transversal";"Com Vítimas Feridas";"Pleno dia";"Decrescente";"Céu Claro";"Simples";"Reta;Interseção de Vias;Retorno Regulamentado";"Sim";2;0;0;1;1;0;1;2;-11,4388578;-61,45471289;"SPRF-RO";"DEL02-RO";"UOP02-DEL02-RO"
357659;2021-05-14;"sexta-feira";"16:45:00";"CE";20;403;"CAUCAIA";"Pista Escorregadia";"Tombamento";"Com Vítimas Feridas";"Pleno dia";"Crescente";"Céu Claro";"Simples";"Reta";"Sim";1;0;0;1;0;0;1;1;-3,78330069;-38,69351522;"SPRF-CE";"DEL01-CE";"UOP01-DEL01-CE"
357660;2021-05-14;"sexta-feira";"16:30:00";"GO";153;652,6;"GOIATUBA";"Velocidade Incompatível";"Saída de leito carroçável";"Com Vítimas Feridas";"Pleno dia";"Decrescente";"Céu Claro";"Dupla";"Reta";"Não";3;0;3;0;0;0;3;1;-17,984;-49,2579;"SPRF-GO";"DEL03-GO";"UOP01-DEL03-GO"
357661;2021-05-14;"sexta-feira";"16:15:00";"PB";230;27;"JOAO PESSOA";"Ultrapassagem Indevida";"Colisão lateral mesmo sentido";"Com Vítimas Feridas";"Pleno dia";"Decrescente";"Nublado";"Simples";"Curva";"Sim";3;0;2;0;0;1;2;2;-7,16716363;-34,89736687;"SPRF-PB";"DEL01-PB";"UOP01-DEL01-PB"
357662;2021-05-14;"sexta-feira";"15:34:00";"MG";381;779,9;"CAMPANHA";"Ausência de reação do condutor";"Colisão com objeto";"Com Vítimas Feridas";"Pleno dia";"Crescente";"Céu Claro";"Dupla";"Retorno Regulamentado";"Não";1;0;1;0;0;0;1;1;-21,83682863;-45,50981014;"SPRF-MG";"DEL16-MG";"UOP02-DEL16-MG"
357663;2021-05-14;"sexta-feira";"16:40:00";"RJ";40;123;"DUQUE DE CAXIAS";"Reação tardia ou ineficiente do condutor";"Colisão lateral mesmo sentido";"Com Vítimas Feridas";"Pleno dia";"Crescente";"Céu Claro";"Múltipla";"Reta";"Sim";3;0;1;0;2;0;1;2;-22,79907687;-43,29015739;"SPRF-RJ";"DEL01-RJ";"UOP01-DEL01-RJ"
357665;2021-05-14;"sexta-feira";"15:30:00";"GO";60;264;"INDIARA";"Velocidade Incompatível";"Colisão traseira";"Com Vítimas Feridas";"Pleno dia";"Decrescente";"Céu Claro";"Dupla";"Reta";"Sim";2;0;2;0;0;0;2;2;-17,1868;-50,0729;"SPRF-GO";"DEL01-GO";"UOP02-DEL01-GO"
357667;2021-05-13;"quinta-feira";"04:50:00";"MG";354;731,6;"POUSO ALTO";"Chuva";"Saída de leito carroçável";"Sem Vítimas";"Amanhecer";"Crescente";"Chuva";"Simples";"Reta";"Não";1;0;0;0;0;1;0;1;-22,17071402;-44,96390985;"SPRF-MG";"DEL17-MG";"UOP01-DEL17-MG"
357670;2021-03-12;"sexta-feira";"12:00:00";"RO";364;143,6;"PIMENTA BUENO";"Velocidade Incompatível";"Saída de leito carroçável";"Com Vítimas Feridas";"Pleno dia";"Decrescente";"Chuva";"Simples";"Reta";"Não";1;0;0;1;0;0;1;1;-12,01222649;-60,87319479;"SPRF-RO";"DEL02-RO";"UOP02-DEL02-RO"
357671;2021-05-14;"sexta-feira";"17:15:00";"RS";293;2;"PELOTAS";"Condutor deixou de manter distância do veículo da frente";"Colisão traseira";"Sem Vítimas";"Pleno dia";"Crescente";"Céu Claro";"Simples";"Reta";"Sim";2;0;0;0;2;0;0;2;-31,750426;-52,35999499;"SPRF-RS";"DEL07-RS";"UOP01-DEL07-RS"
357673;2021-05-14;"sexta-feira";"15:15:00";"MA";135;5,6;"SAO LUIS";"Ultrapassagem Indevida";"Colisão lateral mesmo sentido";"Com Vítimas Feridas";"Pleno dia";"Decrescente";"Céu Claro";"Dupla";"Reta";"Sim";2;0;0;1;1;0;1;2;-2,62145385;-44,25797421;"SPRF-MA";"DEL01-MA";"UOP01-DEL01-MA"
357674;2021-05-14;"sexta-feira";"17:00:00";"GO";364;159,7;"JATAI";"Desrespeitar a preferência no cruzamento";"Colisão transversal";"Com Vítimas Feridas";"Pleno dia";"Decrescente";"Céu Claro";"Simples";"Reta";"Sim";2;0;0;1;1;0;1;2;-18,104782;-51,486927;"SPRF-GO";"DEL05-GO";"UOP01-DEL05-GO"
357675;2021-01-18;"segunda-feira";"08:20:00";"SP";116;220,2;"GUARULHOS";"Velocidade Incompatível";"Colisão traseira";"Com Vítimas Feridas";"Pleno dia";"Crescente";"Céu Claro";"Múltipla";"Reta";"Não";2;0;1;0;1;0;1;2;-23,46472809;-46,49793962;"SPRF-SP";"DEL01-SP";"UOP01-DEL01-SP"
357676;2021-05-14;"sexta-feira";"17:45:00";"SP";116;230;"SAO PAULO";"Trafegar com motocicleta (ou similar) entre as faixas";"Colisão traseira";"Com Vítimas Feridas";"Anoitecer";"Crescente";"Nublado";"Simples";"Reta";"Não";2;0;1;0;1;0;1;2;-23,52251783;-46,5855702;"SPRF-SP";"DEL01-SP";"UOP01-DEL01-SP"
357677;2021-05-14;"sexta-feira";"07:15:00";"RJ";101;323;"NITEROI";"Demais falhas mecânicas ou elétricas";"Queda de ocupante de veículo";"Com Vítimas Feridas";"Pleno dia";"Crescente";"Nublado";"Dupla";"Reta";"Sim";2;0;2;0;0;0;2;1;-22,87684786;-43,11728689;"SPRF-RJ";"DEL02-RJ";"UOP02-DEL02-RJ"
357678;2021-05-14;"sexta-feira";"17:35:00";"RN";101;101,5;"PARNAMIRIM";"Condutor deixou de manter distância do veículo da frente";"Engavetamento";"Com Vítimas Feridas";"Plena Noite";"Decrescente";"Chuva";"Múltipla";"Reta";"Sim";3;0;1;0;2;0;1;3;-5,88681084;-35,23143404;"SPRF-RN";"DEL01-RN";"UOP01-DEL01-RN"
357683;2021-05-14;"sexta-feira";"18:10:00";"MG";381;883,3;"ESTIVA";"Entrada inopinada do pedestre";"Atropelamento de Pedestre";"Com Vítimas Fatais";"Plena Noite";"Crescente";"Céu Claro";"Dupla";"Reta";"Não";2;1;1;0;0;0;1;2;-22,48626044;-46,01094489;"SPRF-MG";"DEL16-MG";"UOP03-DEL16-MG"
357685;2021-05-14;"sexta-feira";"12:30:00";"GO";60;93;"ANAPOLIS";"Condutor deixou de manter distância do veículo da frente";"Colisão lateral mesmo sentido";"Com Vítimas Feridas";"Pleno dia";"Crescente";"Céu Claro";"Simples";"Rotatória";"Sim";3;0;2;0;1;0;2;2;-16,3538;-48,9268;"SPRF-GO";"DEL02-GO";"UOP01-DEL02-GO"
357686;2021-05-02;"domingo";"23:00:00";"RJ";116;271;"BARRA MANSA";"Ausência de reação do condutor";"Colisão com objeto";"Com Vítimas Feridas";"Plena Noite";"Decrescente";"Nublado";"Múltipla";"Reta";"Sim";1;0;1;0;0;0;1;1;-22,560883;-44,12224;"SPRF-RJ";"DEL07-RJ";"UOP02-DEL07-RJ"
357688;2021-05-14;"sexta-feira";"18:34:00";"RS";158;327;"SANTA MARIA";"Ingestão de álcool pelo condutor";"Colisão transversal";"Com Vítimas Feridas";"Plena Noite";"Crescente";"Céu Claro";"Simples";"Interseção de Vias;Reta;Em Obras";"Sim";3;0;0;1;1;1;1;3;-29,7092691;-53,82316059;"SPRF-RS";"DEL09-RS";"UOP01-DEL09-RS"
357689;2021-05-14;"sexta-feira";"16:30:00";"GO";60;45,1;"ALEXANIA";"Velocidade Incompatível";"Saída de leito carroçável";"Com Vítimas Feridas";"Pleno dia";"Decrescente";"Céu Claro";"Dupla";"Aclive";"Não";1;0;1;0;0;0;1;1;-16,1324;-48,5977;"SPRF-GO";"DEL02-GO";"UOP01-DEL02-GO"
357690;2021-05-14;"sexta-feira";"17:25:00";"RN";427;99,9;"CAICO";"Acessar a via sem observar a presença dos outros veículos";"Colisão transversal";"Com Vítimas Feridas";"Plena Noite";"Crescente";"Nublado";"Simples";"Reta";"Sim";2;0;1;0;1;0;1;2;-6,46071878;-37,10723698;"SPRF-RN";"DEL03-RN";"UOP01-DEL03-RN"
357691;2021-05-14;"sexta-feira";"18:10:00";"MG";40;447;"CAETANOPOLIS";"Ausência de reação do condutor";"Colisão traseira";"Com Vítimas Fatais";"Anoitecer";"Decrescente";"Céu Claro";"Múltipla";"Reta";"Não";2;1;0;0;1;0;0;2;-19,294373;-44,382458;"SPRF-MG";"DEL02-MG";"UOP01-DEL02-MG"
357692;2021-05-14;"sexta-feira";"18:05:00";"RJ";116;179;"NOVA IGUACU";"Condutor deixou de manter distância do veículo da frente";"Engavetamento";"Com Vítimas Feridas";"Plena Noite";"Decrescente";"Céu Claro";"Dupla";"Reta";"Sim";5;0;1;0;4;0;1;4;-22,769902;-43,408036;"SPRF-RJ";"DEL01-RJ";"UOP02-DEL01-RJ"
357694;2021-05-14;"sexta-feira";"18:45:00";"RS";116;257;"ESTEIO";"Condutor deixou de manter distância do veículo da frente";"Colisão traseira";"Com Vítimas Feridas";"Plena Noite";"Crescente";"Céu Claro";"Dupla";"Viaduto";"Sim";3;0;2;0;1;0;2;2;-29,85262195;-51,17968329;"SPRF-RS";"DEL01-RS";"UOP02-DEL01-RS"
357695;2021-05-14;"sexta-feira";"18:25:00";"PR";376;175,8;"MARINGA";"Condutor deixou de manter distância do veículo da frente";"Engavetamento";"Com Vítimas Feridas";"Pleno dia";"Crescente";"Céu Claro";"Múltipla";"Reta";"Sim";4;0;1;0;3;0;1;3;-23,4113569;-51,9407767;"SPRF-PR";"DEL09-PR";"UOP01-DEL09-PR"
357696;2021-05-14;"sexta-feira";"19:00:00";"SP";116;212;"GUARULHOS";"Reação tardia ou ineficiente do condutor";"Colisão traseira";"Com Vítimas Feridas";"Plena Noite";"Decrescente";"Nublado";"Múltipla";"Reta";"Sim";3;0;1;0;2;0;1;3;-23,43909252;-46,43528223;"SPRF-SP";"DEL01-SP";"UOP01-DEL01-SP"
357698;2021-05-14;"sexta-feira";"13:00:00";"ES";393;16,1;"MUQUI";"Ausência de reação do condutor";"Tombamento";"Com Vítimas Feridas";"Pleno dia";"Decrescente";"Nublado";"Simples";"Reta";"Não";2;0;2;0;0;0;2;1;-20,889292;-41,280143;"SPRF-ES";"DEL03-ES";"UOP02-DEL03-ES"
357700;2021-05-14;"sexta-feira";"18:45:00";"SC";101;179,9;"GOVERNADOR CELSO RAMOS";"Ausência de sinalização";"Colisão lateral sentido oposto";"Com Vítimas Feridas";"Plena Noite";"Decrescente";"Nublado";"Múltipla";"Reta";"Sim";2;0;0;1;1;0;1;2;-27,37281717;-48,63322708;"SPRF-SC";"DEL01-SC";"UOP01-DEL01-SC"
357701;2021-05-14;"sexta-feira";"17:40:00";"GO";153;138;"MARA ROSA";"Afundamento ou ondulação no pavimento";"Queda de ocupante de veículo";"Com Vítimas Feridas";"Pleno dia";"Decrescente";"Céu Claro";"Simples";"Aclive";"Não";2;0;1;0;0;1;1;2;-13,976104;-49,090424;"SPRF-GO";"DEL07-GO";"UOP01-DEL07-GO"
357702;2021-05-14;"sexta-feira";"19:00:00";"PB";427;10;"VISTA SERRANA";"Animais na Pista";"Atropelamento de Animal";"Com Vítimas Feridas";"Plena Noite";"Crescente";"Céu Claro";"Simples";"Reta";"Não";2;0;2;0;0;0;2;1;-6,67565495;-37,57460506;"SPRF-PB";"DEL03-PB";"UOP02-DEL03-PB"
357704;2021-05-14;"sexta-feira";"19:00:00";"PR";476;132;"CURITIBA";"Trafegar com motocicleta (ou similar) entre as faixas";"Colisão traseira";"Com Vítimas Feridas";"Plena Noite";"Crescente";"Céu Claro";"Múltipla";"Reta";"Sim";2;0;0;1;1;0;1;2;-25,460718;-49,250488;"SPRF-PR";"DEL01-PR";"UOP03-DEL01-PR"
357705;2021-05-14;"sexta-feira";"17:15:00";"MG";40;556,2;"NOVA LIMA";"Condutor deixou de manter distância do veículo da frente";"Engavetamento";"Com Vítimas Feridas";"Anoitecer";"Decrescente";"Céu Claro";"Dupla";"Reta";"Não";4;0;1;0;3;0;1;3;-20,09356202;-43,97554136;"SPRF-MG";"DEL01-MG";"UOP02-DEL01-MG"
357706;2021-05-14;"sexta-feira";"17:40:00";"CE";116;498,6;"BREJO SANTO";"Condutor deixou de manter distância do veículo da frente";"Colisão traseira";"Com Vítimas Feridas";"Anoitecer";"Decrescente";"Chuva";"Simples";"Aclive;Reta";"Não";2;0;0;2;0;0;2;1;-7,42733609;-38,9699468;"SPRF-CE";"DEL05-CE";"UOP03-DEL05-CE"