"id";"data_inversa";"dia_semana";"horario";"uf";"br";"km";"municipio";"causa_acidente";"tipo_acidente";"classificacao_acidente";"fase_dia";"sentido_via";"condicao_metereologica";"tipo_pista";"tracado_via";"uso_solo";"pessoas";"mortos";"feridos_leves";"feridos_graves";"ilesos";"ignorados";"feridos";"veiculos";"latitude";"longitude";"regional";"delegacia";"uop"
357933;2021-05-15;"sábado";"18:35:00";"PI";316;1,5;"TERESINA";"Ausência de reação do condutor";"Saída de leito carroçável";"Com Vítimas Feridas";"Anoitecer";"Crescente";"Céu Claro";"Dupla";"Curva";"Sim";1;0;1;0;0;0;1;1;-5,12861853;-42,80706778;"SPRF-PI";"DEL01-PI";"UOP02-DEL01-PI"
357934;2021-05-15;"sábado";"18:00:00";"SC";101;275;"IMBITUBA";"Velocidade Incompatível";"Saída de leito carroçável";"Com Vítimas Feridas";"Pleno dia";"Crescente";"Nublado";"Simples";"Retorno Regulamentado";"Sim";1;0;1;0;0;0;1;1;-28,1662888;-48,69369686;"SPRF-SC";"DEL02-SC";"UOP03-DEL02-SC"
357935;2021-05-15;"sábado";"19:00:00";"TO";242;373,4;"GURUPI";"Pedestre andava na pista";"Atropelamento de Pedestre";"Com Vítimas Feridas";"Plena Noite";"Crescente";"Céu Claro";"Simples";"Curva";"Não";2;0;1;0;1;0;1;2;-11,74610494;-49,00505392;"SPRF-TO";"DEL01-TO";"UOP02-DEL01-TO"
357936;2021-05-15;"sábado";"20:00:00";"GO";70;24,3;"COCALZINHO DE GOIAS";"Estacionar ou parar em local proibido";"Colisão traseira";"Com Vítimas Feridas";"Plena Noite";"Decrescente";"Céu Claro";"Dupla";"Reta;Declive";"Sim";3;0;1;1;1;0;2;2;-15,74284878;-48,41012836;"SPRF-DF";"DEL03-DF";"UOP02-DEL03-DF"
357937;2021-05-15;"sábado";"17:15:00";"MG";262;37,3;"MANHUACU";"Transitar na contramão";"Colisão transversal";"Com Vítimas Feridas";"Pleno dia";"Decrescente";"Nublado";"Simples";"Reta";"Sim";2;0;1;0;1;0;1;2;-20,2503198;-42,1424412;"SPRF-MG";"DEL06-MG";"UOP03-DEL06-MG"
357938;2021-05-15;"sábado";"18:45:00";"SC";282;508,8;"XANXERE";"Mal súbito do condutor";"Colisão traseira";"Com Vítimas Feridas";"Plena Noite";"Crescente";"Céu Claro";"Simples";"Reta";"Não";2;0;1;0;1;0;1;2;-26,887014;-52,448372;"SPRF-SC";"DEL07-SC";"UOP01-DEL07-SC"
357940;2021-05-15;"sábado";"19:30:00";"RN";101;105;"PARNAMIRIM";"Condutor deixou de manter distância do veículo da frente";"Colisão traseira";"Com Vítimas Feridas";"Plena Noite";"Crescente";"Céu Claro";"Dupla";"Reta";"Sim";2;0;1;0;1;0;1;2;-5,90165196;-35,25928517;"SPRF-RN";"DEL01-RN";"UOP01-DEL01-RN"
357943;2021-05-15;"sábado";"19:00:00";"MT";364;203,9;"RONDONOPOLIS";"Ingestão de álcool pelo condutor";"Colisão com objeto";"Sem Vítimas";"Plena Noite";"Crescente";"Céu Claro";"Dupla";"Aclive";"Sim";1;0;0;0;1;0;0;1;-16,47555256;-54,65344724;"SPRF-MT";"DEL02-MT";"UOP01-DEL02-MT"
357944;2021-05-15;"sábado";"20:40:00";"SP";116;60,3;"GUARATINGUETA";"Velocidade Incompatível";"Colisão com objeto";"Com Vítimas Feridas";"Plena Noite";"Crescente";"Nublado";"Dupla";"Aclive;Reta";"Sim";2;0;1;0;1;0;1;1;-22,79264121;-45,16393661;"SPRF-SP";"DEL08-SP";"UOP01-DEL08-SP"
357945;2021-05-15;"sábado";"19:10:00";"RN";101;15,2;"TOUROS";"Animais na Pista";"Atropelamento de Animal";"Sem Vítimas";"Plena Noite";"Crescente";"Céu Claro";"Simples";"Reta";"Não";1;0;0;0;1;0;0;1;-5,27237595;-35,46723292;"SPRF-RN";"DEL02-RN";"UOP01-DEL02-RN"
357946;2021-05-15;"sábado";"20:00:00";"RJ";40;105;"DUQUE DE CAXIAS";"Mal súbito do condutor";"Tombamento";"Com Vítimas Feridas";"Plena Noite";"Decrescente";"Céu Claro";"Dupla";"Reta";"Sim";1;0;0;1;0;0;1;1;-22,63784806;-43,28428824;"SPRF-RJ";"DEL01-RJ";"UOP01-DEL01-RJ"
357948;2021-05-15;"sábado";"20:30:00";"ES";101;279;"SERRA";"Velocidade Incompatível";"Queda de ocupante de veículo";"Com Vítimas Feridas";"Plena Noite";"Decrescente";"Céu Claro";"Dupla";"Reta";"Não";1;0;1;0;0;0;1;1;-20,218122;-40,339325;"SPRF-ES";"DEL02-ES";"UOP01-DEL02-ES"
357949;2021-05-15;"sábado";"20:00:00";"MS";376;112,2;"IVINHEMA";"Pedestre andava na pista";"Atropelamento de Pedestre";"Com Vítimas Feridas";"Plena Noite";"Crescente";"Céu Claro";"Simples";"Reta";"Não";3;0;1;1;1;0;2;2;-22,29359307;-53,898203;"SPRF-MS";"DEL04-MS";"UOP04-DEL04-MS"
357955;2021-05-15;"sábado";"21:15:00";"GO";153;500,8;"GOIANIA";"Reação tardia ou ineficiente do condutor";"Queda de ocupante de veículo";"Com Vítimas Feridas";"Plena Noite";"Crescente";"Vento";"Dupla";"Reta";"Sim";1;0;1;0;0;0;1;1;-16,7118;-49,2324;"SPRF-GO";"DEL01-GO";"UOP01-DEL01-GO"
357956;2021-05-15;"sábado";"21:07:00";"PR";476;194,9;"LAPA";"Animais na Pista";"Atropelamento de Animal";"Com Vítimas Feridas";"Plena Noite";"Decrescente";"Céu Claro";"Simples";"Reta";"Sim";3;0;3;0;0;0;3;1;-25,74048;-49,710938;"SPRF-PR";"DEL02-PR";"UOP04-DEL02-PR"
357957;2021-05-15;"sábado";"17:30:00";"SC";282;97;"ALFREDO WAGNER";"Velocidade Incompatível";"Saída de leito carroçável";"Sem Vítimas";"Anoitecer";"Decrescente";"Céu Claro";"Simples";"Curva";"Não";1;0;0;0;1;0;0;1;-27,707966;-49,272182;"SPRF-SC";"DEL01-SC";"UOP03-DEL01-SC"
357958;2021-05-15;"sábado";"21:15:00";"PR";376;188,5;"MARIALVA";"Velocidade Incompatível";"Colisão traseira";"Com Vítimas Feridas";"Pleno dia";"Crescente";"Céu Claro";"Dupla";"Reta";"Sim";5;0;1;2;2;0;3;2;-23,46634923;-51,82808011;"SPRF-PR";"DEL09-PR";"UOP01-DEL09-PR"
357959;2021-05-15;"sábado";"21:50:00";"GO";70;180;"ITABERAI";"Transitar na contramão";"Colisão frontal";"Com Vítimas Feridas";"Plena Noite";"Crescente";"Céu Claro";"Simples";"Reta";"Não";2;0;0;1;1;0;1;2;-15,98516102;-49,699768;"SPRF-GO";"DEL02-GO";"UOP02-DEL02-GO"
357961;2021-05-15;"sábado";"17:30:00";"SC";282;461,6;"PONTE SERRADA";"Desrespeitar a preferência no cruzamento";"Colisão transversal";"Com Vítimas Feridas";"Pleno dia";"Decrescente";"Céu Claro";"Simples";"Reta;Interseção de Vias;Rotatória";"Sim";2;0;1;0;1;0;1;2;-26,856403;-52,041328;"SPRF-SC";"DEL07-SC";"UOP04-DEL07-SC"
357962;2021-05-15;"sábado";"19:10:00";"RO";319;60;"PORTO VELHO";"Acessar a via sem observar a presença dos outros veículos";"Colisão traseira";"Com Vítimas Feridas";"Plena Noite";"Decrescente";"Céu Claro";"Dupla";"Rotatória";"Sim";2;0;1;0;1;0;1;2;-8,73967333;-63,88987541;"SPRF-RO";"DEL01-RO";"UOP01-DEL01-RO"
357963;2021-05-15;"sábado";"19:00:00";"SP";381;41;"ATIBAIA";"Demais falhas na via";"Colisão com objeto";"Com Vítimas Feridas";"Plena Noite";"Crescente";"Céu Claro";"Dupla";"Reta";"Sim";1;0;1;0;0;0;1;1;-23,13863999;-46,57584088;"SPRF-SP";"DEL03-SP";"UOP01-DEL03-SP"
357964;2021-05-15;"sábado";"22:00:00";"GO";70;5,6;"AGUAS LINDAS DE GOIAS";"Ingestão de álcool pelo condutor";"Colisão traseira";"Sem Vítimas";"Plena Noite";"Decrescente";"Céu Claro";"Múltipla";"Reta";"Sim";4;0;0;0;4;0;0;2;-15,75683677;-48,25464732;"SPRF-DF";"DEL03-DF";"UOP02-DEL03-DF"
357966;2021-05-15;"sábado";"17:15:00";"BA";324;5;"FEIRA DE SANTANA";"Ingestão de substâncias psicoativas pelo condutor";"Colisão traseira";"Com Vítimas Feridas";"Anoitecer";"Crescente";"Nublado";"Dupla";"Reta";"Sim";2;0;0;1;0;1;1;2;-12,267113;-38,966988;"SPRF-BA";"DEL02-BA";"UOP01-DEL02-BA"
357967;2021-05-15;"sábado";"21:50:00";"SC";282;645,8;"SAO MIGUEL DO OESTE";"Ingestão de álcool e/ou substâncias psicoativas pelo pedestre";"Colisão lateral sentido oposto";"Sem Vítimas";"Plena Noite";"Decrescente";"Céu Claro";"Simples";"Reta";"Não";2;0;0;0;2;0;0;2;-26,765184;-53,487823;"SPRF-SC";"DEL07-SC";"UOP03-DEL07-SC"
357968;2021-05-15;"sábado";"19:45:00";"PR";369;423,9;"JURANDA";"Pedestre andava na pista";"Atropelamento de Pedestre";"Com Vítimas Fatais";"Plena Noite";"Decrescente";"Céu Claro";"Simples";"Reta";"Não";2;1;0;0;0;1;0;2;-24,4024;-52,8123;"SPRF-PR";"DEL04-PR";"UOP03-DEL04-PR"
357969;2021-05-15;"sábado";"23:10:00";"BA";101;444;"UBAITABA";"Acessar a via sem observar a presença dos outros veículos";"Colisão transversal";"Com Vítimas Feridas";"Plena Noite";"Decrescente";"Céu Claro";"Dupla";"Declive";"Sim";2;0;0;1;1;0;1;2;-14,30681875;-39,32253063;"SPRF-BA";"DEL05-BA";"UOP01-DEL05-BA"
357971;2021-05-15;"sábado";"23:45:00";"MG";40;499,5;"ESMERALDAS";"Animais na Pista";"Atropelamento de Animal";"Com Vítimas Feridas";"Plena Noite";"Decrescente";"Céu Claro";"Dupla";"Reta";"Sim";4;0;1;1;1;1;2;2;-19,69292612;-44,17828038;"SPRF-MG";"DEL02-MG";"UOP01-DEL02-MG"
357972;2021-05-15;"sábado";"23:15:00";"RJ";101;27;"CAMPOS DOS GOYTACAZES";"Ingestão de álcool pelo condutor";"Colisão com objeto";"Sem Vítimas";"Plena Noite";"Decrescente";"Céu Claro";"Simples";"Reta";"Não";1;0;0;0;1;0;0;1;-21,44032904;-41,34283239;"SPRF-RJ";"DEL08-RJ";"UOP01-DEL08-RJ"
357973;2021-05-15;"sábado";"23:30:00";"RJ";40;104;"DUQUE DE CAXIAS";"Conversão proibida";"Colisão lateral mesmo sentido";"Com Vítimas Feridas";"Plena Noite";"Decrescente";"Chuva";"Dupla";"Reta";"Não";2;0;1;0;1;0;1;2;-22,62897902;-43,28579508;"SPRF-RJ";"DEL01-RJ";"UOP01-DEL01-RJ"
357974;2021-05-15;"sábado";"22:00:00";"RR";174;512;"BOA VISTA";"Ingestão de álcool pelo condutor";"Colisão traseira";"Sem Vítimas";"Plena Noite";"Decrescente";"Garoa/Chuvisco";"Simples";"Reta";"Não";2;0;0;0;2;0;0;2;2,87721867;-60,69826126;"SPRF-RR";"DEL01-RR";"UOP01-DEL01-RR"
357976;2021-05-16;"domingo";"00:00:00";"ES";101;138,8;"LINHARES";"Reação tardia ou ineficiente do condutor";"Saída de leito carroçável";"Com Vítimas Feridas";"Plena Noite";"Crescente";"Céu Claro";"Múltipla";"Reta";"Não";1;0;1;0;0;0;1;1;-19,30186109;-40,08371726;"SPRF-ES";"DEL04-ES";"UOP01-DEL04-ES"
357979;2021-05-16;"domingo";"00:30:00";"PR";277;116,8;"CAMPO LARGO";"Ingestão de álcool pelo condutor";"Saída de leito carroçável";"Com Vítimas Feridas";"Plena Noite";"Decrescente";"Nevoeiro/Neblina";"Dupla";"Reta";"Sim";3;0;3;0;0;0;3;1;-25,43342542;-49,40593292;"SPRF-PR";"DEL01-PR";"UOP03-DEL03-PR"
357980;2021-05-16;"domingo";"01:00:00";"RS";392;681,5;"SAO PEDRO DO BUTIA";"Velocidade Incompatível";"Colisão traseira";"Com Vítimas Feridas";"Plena Noite";"Crescente";"Céu Claro";"Simples";"Reta";"Não";2;0;0;1;1;0;1;2;-28,12607812;-54,92196321;"SPRF-RS";"DEL10-RS";"UOP01-DEL10-RS"
357982;2021-05-15;"sábado";"21:10:00";"ES";262;111,5;"VENDA NOVA DO IMIGRANTE";"Condutor deixou de manter distância do veículo da frente";"Colisão transversal";"Com Vítimas Feridas";"Plena Noite";"Decrescente";"Céu Claro";"Simples";"Reta";"Não";3;0;2;0;0;1;2;2;-20,33710625;-41,19042567;"SPRF-ES";"DEL01-ES";"UOP02-DEL01-ES"
357983;2021-05-16;"domingo";"01:15:00";"SP";153;106;"JOSE BONIFACIO";"Animais na Pista";"Atropelamento de Animal";"Com Vítimas Feridas";"Plena Noite";"Decrescente";"Céu Claro";"Simples";"Reta";"Não";1;0;1;0;0;0;1;1;-21,05570394;-49,65851012;"SPRF-SP";"DEL09-SP";"UOP01-DEL09-SP"
357984;2021-05-15;"sábado";"22:30:00";"MA";135;4,3;"SAO LUIS";"Acessar a via sem observar a presença dos outros veículos";"Colisão transversal";"Com Vítimas Feridas";"Plena Noite";"Decrescente";"Ignorado";"Dupla";"Retorno Regulamentado";"Sim";3;0;1;0;2;0;1;2;-2,61680776;-44,25438344;"SPRF-MA";"DEL01-MA";"UOP01-DEL01-MA"
357989;2021-05-16;"domingo";"00:20:00";"BA";324;620;"SALVADOR";"Obras na pista";"Atropelamento de Pedestre";"Com Vítimas Feridas";"Plena Noite";"Crescente";"Céu Claro";"Dupla";"Reta";"Sim";2;0;1;0;0;1;1;2;-12,90482172;-38,45556535;"SPRF-BA";"DEL01-BA";"UOP01-DEL01-BA"
357990;2021-05-15;"sábado";"18:40:00";"GO";153;441;"ANAPOLIS";"Condutor deixou de manter distância do veículo da frente";"Colisão traseira";"Com Vítimas Feridas";"Anoitecer";"Crescente";"Nublado";"Dupla";"Reta";"Sim";3;0;1;0;0;2;1;2;-16,32995744;-48,92247504;"SPRF-GO";"DEL02-GO";"UOP01-DEL02-GO"
357993;2021-05-16;"domingo";"02:30:00";"RS";287;249;"SANTA MARIA";"Ausência de reação do condutor";"Saída de leito carroçável";"Com Vítimas Feridas";"Plena Noite";"Decrescente";"Nevoeiro/Neblina";"Simples";"Curva;Em Obras";"Sim";1;0;1;0;0;0;1;1;-29,69629175;-53,85095716;"SPRF-RS";"DEL09-RS";"UOP01-DEL09-RS"
357995;2021-05-16;"domingo";"03:10:00";"PE";104;57;"CARUARU";"Afundamento ou ondulação no pavimento";"Tombamento";"Com Vítimas Feridas";"Plena Noite";"Crescente";"Céu Claro";"Dupla";"Reta";"Não";1;0;1;0;0;0;1;1;-8,2181;-35,9747;"SPRF-PE";"DEL02-PE";"UOP01-DEL02-PE"
357996;2021-05-16;"domingo";"02:55:00";"PI";316;11;"TERESINA";"Ausência de reação do condutor";"Queda de ocupante de veículo";"Com Vítimas Feridas";"Plena Noite";"Crescente";"Céu Claro";"Simples";"Reta";"Sim";1;0;0;1;0;0;1;1;-5,191739;-42,76076102;"SPRF-PI";"DEL01-PI";"UOP02-DEL01-PI"
357997;2021-05-16;"domingo";"03:55:00";"RN";101;79;"SAO GONCALO DO AMARANTE";"Ingestão de álcool e/ou substâncias psicoativas pelo pedestre";"Colisão lateral mesmo sentido";"Com Vítimas Feridas";"Amanhecer";"Crescente";"Céu Claro";"Dupla";"Reta";"Sim";4;0;3;0;1;0;3;2;-5,74962896;-35,28918369;"SPRF-RN";"DEL02-RN";"UOP01-DEL02-RN"
357999;2021-05-16;"domingo";"01:00:00";"SC";282;630;"DESCANSO";"Transitar na contramão";"Colisão frontal";"Com Vítimas Fatais";"Plena Noite";"Crescente";"Nevoeiro/Neblina";"Simples";"Reta";"Não";3;1;0;0;1;1;0;2;-26,822149;-53,384697;"SPRF-SC";"DEL07-SC";"UOP03-DEL07-SC"
358000;2021-05-16;"domingo";"03:45:00";"MG";381;317,4;"NOVA ERA";"Velocidade Incompatível";"Saída de leito carroçável";"Com Vítimas Fatais";"Plena Noite";"Decrescente";"Nevoeiro/Neblina";"Simples";"Aclive;Curva";"Não";15;1;9;1;4;0;10;1;-19,67655527;-42,97920227;"SPRF-MG";"DEL03-MG";"UOP02-DEL03-MG"
358001;2021-05-16;"domingo";"04:40:00";"SP";116;215,2;"GUARULHOS";"Reação tardia ou ineficiente do condutor";"Colisão com objeto";"Com Vítimas Feridas";"Amanhecer";"Crescente";"Nublado";"Múltipla";"Reta";"Sim";3;0;0;1;2;0;1;2;-23,44695693;-46,45394103;"SPRF-SP";"DEL01-SP";"UOP01-DEL01-SP"
358002;2021-05-16;"domingo";"03:58:00";"SC";101;40,8;"JOINVILLE";"Condutor Dormindo";"Colisão com objeto";"Com Vítimas Feridas";"Plena Noite";"Decrescente";"Céu Claro";"Dupla";"Curva";"Sim";1;0;1;0;0;0;1;1;-26,27176094;-48,89468382;"SPRF-SC";"DEL03-SC";"UOP01-DEL03-SC"
358003;2021-05-16;"domingo";"02:45:00";"SP";116;212,2;"GUARULHOS";"Ausência de reação do condutor";"Colisão traseira";"Com Vítimas Fatais";"Plena Noite";"Decrescente";"Nublado";"Múltipla";"Reta";"Sim";3;1;0;0;0;2;0;3;-23,43608315;-46,42805094;"SPRF-SP";"DEL01-SP";"UOP01-DEL01-SP"
358004;2021-05-16;"domingo";"03:00:00";"GO";153;580;"PIRACANJUBA";"Ingestão de álcool pelo condutor";"Saída de leito carroçável";"Sem Vítimas";"Plena Noite";"Crescente";"Céu Claro";"Dupla";"Curva";"Não";1;0;0;0;1;0;0;1;-17,3851;-49,2343;"SPRF-GO";"DEL03-GO";"UOP01-DEL03-GO"
358005;2021-05-16;"domingo";"03:10:00";"SE";235;2;"ARACAJU";"Chuva";"Saída de leito carroçável";"Sem Vítimas";"Plena Noite";"Decrescente";"Chuva";"Dupla";"Reta";"Sim";1;0;0;0;0;1;0;1;-10,9062;-37,1034;"SPRF-SE";"DEL01-SE";"UOP01-DEL01-SE"
358006;2021-05-16;"domingo";"00:01:00";"BA";324;530;"FEIRA DE SANTANA";"Reação tardia ou ineficiente do condutor";"Capotamento";"Com Vítimas Feridas";"Plena Noite";"Decrescente";"Nublado";"Dupla";"Reta";"Sim";1;0;1;0;0;0;1;1;-12,32818491;-38,86174193;"SPRF-BA";"DEL01-BA";"UOP03-DEL01-BA"
358007;2021-05-16;"domingo";"04:00:00";"MT";364;440;"VARZEA GRANDE";"Condutor Dormindo";"Saída de leito carroçável";"Com Vítimas Feridas";"Plena Noite";"Crescente";"Céu Claro";"Simples";"Reta";"Não";3;0;2;0;1;0;2;1;-15,64328612;-56,18077095;"SPRF-MT";"DEL01-MT";"UOP02-DEL01-MT"
358008;2021-05-16;"domingo";"04:45:00";"PR";476;137;"CURITIBA";"Reação tardia ou ineficiente do condutor";"Colisão com objeto";"Com Vítimas Feridas";"Amanhecer";"Crescente";"Nublado";"Múltipla";"Reta";"Sim";1;0;0;1;0;0;1;1;-25,498302;-49,277546;"SPRF-PR";"DEL01-PR";"UOP03-DEL01-PR"
358009;2021-05-16;"domingo";"05:30:00";"PE";423;104;"GARANHUNS";"Ingestão de álcool pelo condutor";"Colisão com objeto";"Com Vítimas Feridas";"Amanhecer";"Crescente";"Nublado";"Simples";"Reta";"Não";3;0;2;0;0;1;2;1;-8,878088;-36,55892;"SPRF-PE";"DEL03-PE";"UOP01-DEL03-PE"
358011;2021-05-16;"domingo";"05:20:00";"RS";386;349,1;"ESTRELA";"Ausência de reação do condutor";"Tombamento";"Com Vítimas Feridas";"Plena Noite";"Decrescente";"Céu Claro";"Dupla";"Viaduto";"Sim";1;0;1;0;0;0;1;1;-29,4743;-51,952923;"SPRF-RS";"DEL04-RS";"UOP02-DEL04-RS"
358012;2021-05-16;"domingo";"05:02:00";"ES";101;266,2;"SERRA";"Ausência de reação do condutor";"Colisão traseira";"Com Vítimas Feridas";"Amanhecer";"Decrescente";"Nublado";"Dupla";"Reta;Interseção de Vias";"Sim";6;0;2;0;4;0;2;2;-20,1937361;-40,26856368;"SPRF-ES";"DEL02-ES";"UOP01-DEL02-ES"
358013;2021-05-15;"sábado";"09:30:00";"PA";153;50;"SAO DOMINGOS DO ARAGUAIA";"Manobra de mudança de faixa";"Colisão frontal";"Com Vítimas Fatais";"Pleno dia";"Crescente";"Céu Claro";"Simples";"Reta";"Sim";3;1;1;0;1;0;1;2;-5,5608;-48,730881;"SPRF-PA";"DEL03-PA";"UOP01-DEL03-PA"
358014;2021-05-16;"domingo";"05:25:00";"RS";158;329;"SANTA MARIA";"Ingestão de álcool e/ou substâncias psicoativas pelo pedestre";"Colisão com objeto";"Com Vítimas Feridas";"Plena Noite";"Crescente";"Nevoeiro/Neblina";"Simples";"Ponte";"Sim";3;0;1;2;0;0;3;1;-29,70656383;-53,82849988;"SPRF-RS";"DEL09-RS";"UOP01-DEL09-RS"
358015;2021-05-16;"domingo";"06:00:00";"PR";277;636,6;"CEU AZUL";"Ultrapassagem Indevida";"Tombamento";"Com Vítimas Feridas";"Amanhecer";"Decrescente";"Céu Claro";"Simples";"Declive";"Sim";1;0;0;1;0;0;1;1;-25,14493869;-53,83748189;"SPRF-PR";"DEL05-PR";"UOP02-DEL05-PR"
358016;2021-05-16;"domingo";"06:10:00";"MG";0;0;"UBERLANDIA";"Ingestão de álcool pelo condutor";"Colisão transversal";"Com Vítimas Feridas";"Amanhecer";"Não Informado";"Céu Claro";"Simples";"Interseção de Vias";"Sim";2;0;1;0;1;0;1;2;-18,88168105;-48,26448441;"SPRF-MG";"DEL15-MG";"UOP02-DEL15-MG"
358017;2021-05-16;"domingo";"04:30:00";"SC";116;74,2;"MONTE CASTELO";"Velocidade Incompatível";"Colisão com objeto";"Com Vítimas Feridas";"Plena Noite";"Crescente";"Nublado";"Simples";"Reta;Declive";"Não";1;0;0;1;0;0;1;1;-26,50510886;-50,23328349;"SPRF-SC";"DEL06-SC";"UOP02-DEL06-SC"
358025;2021-05-16;"domingo";"07:50:00";"SP";116;8,2;"QUELUZ";"Ingestão de álcool pelo condutor";"Colisão com objeto";"Com Vítimas Feridas";"Pleno dia";"Crescente";"Nublado";"Dupla";"Curva";"Não";1;0;1;0;0;0;1;1;-22,536327;-44,7714;"SPRF-SP";"DEL08-SP";"UOP02-DEL08-SP"
358026;2021-05-16;"domingo";"07:45:00";"ES";262;62;"MARECHAL FLORIANO";"Condutor deixou de manter distância do veículo da frente";"Queda de ocupante de veículo";"Com Vítimas Feridas";"Pleno dia";"Crescente";"Nublado";"Simples";"Curva";"Não";1;0;1;0;0;0;1;1;-20,423743;-40,798775;"SPRF-ES";"DEL01-ES";"UOP02-DEL01-ES"
358030;2021-01-02;"sábado";"22:20:00";"SC";101;151;"ITAPEMA";"Condutor deixou de manter distância do veículo da frente";"Colisão lateral";"Com Vítimas Feridas";"Plena Noite";"Crescente";"Céu Claro";"Dupla";"Reta";"Sim";3;0;2;0;1;0;2;2;-27,126536;-48,609642;"SPRF-SC";"DEL04-SC";"UOP03-DEL04-SC"
358033;2021-05-16;"domingo";"07:20:00";"MG";40;790,8;"JUIZ DE FORA";"Velocidade Incompatível";"Capotamento";"Com Vítimas Feridas";"Amanhecer";"Crescente";"Nublado";"Múltipla";"Curva";"Não";1;0;1;0;0;0;1;1;-21,77130707;-43,43618608;"SPRF-MG";"DEL05-MG";"UOP01-DEL05-MG"
358035;2021-05-16;"domingo";"01:55:00";"RJ";116;172;"SAO JOAO DE MERITI";"Ingestão de álcool pelo condutor";"Colisão com objeto";"Sem Vítimas";"Plena Noite";"Decrescente";"Nublado";"Múltipla";"Reta";"Sim";1;0;0;0;1;0;0;1;-22,80188151;-43,35043673;"SPRF-RJ";"DEL01-RJ";"UOP02-DEL01-RJ"
358037;2021-05-16;"domingo";"07:00:00";"GO";50;237,4;"CATALAO";"Ingestão de álcool pelo condutor";"Tombamento";"Com Vítimas Feridas";"Pleno dia";"Decrescente";"Céu Claro";"Dupla";"Reta";"Não";2;0;1;0;0;1;1;2;-17,8595;-47,7813;"SPRF-GO";"DEL06-GO";"UOP01-DEL06-GO"
358038;2021-05-16;"domingo";"06:30:00";"MS";419;245,9;"ANASTACIO";"Ausência de reação do condutor";"Queda de ocupante de veículo";"Com Vítimas Feridas";"Pleno dia";"Crescente";"Céu Claro";"Simples";"Reta";"Não";1;0;1;0;0;0;1;1;-20,50863004;-55,8171109;"SPRF-MS";"DEL03-MS";"UOP01-DEL03-MS"
358039;2021-05-16;"domingo";"02:00:00";"MT";70;507;"CUIABA";"Condutor Dormindo";"Saída de leito carroçável";"Com Vítimas Feridas";"Plena Noite";"Crescente";"Céu Claro";"Simples";"Reta";"Não";1;0;1;0;0;0;1;1;-15,65737737;-55,98146613;"SPRF-MT";"DEL01-MT";"UOP02-DEL01-MT"
358040;2021-05-16;"domingo";"06:30:00";"SC";470;84;"ASCURRA";"Demais falhas mecânicas ou elétricas";"Saída de leito carroçável";"Com Vítimas Feridas";"Amanhecer";"Decrescente";"Céu Claro";"Simples";"Reta";"Não";2;0;2;0;0;0;2;1;-26,96137;-49,342415;"SPRF-SC";"DEL04-SC";"UOP01-DEL04-SC"
358041;2021-04-03;"sábado";"14:20:00";"MG";40;563;"NOVA LIMA";"Acumulo de areia ou detritos sobre o pavimento";"Queda de ocupante de veículo";"Com Vítimas Feridas";"Pleno dia";"Decrescente";"Céu Claro";"Simples";"Curva";"Não";1;0;0;1;0;0;1;1;-20,15241986;-43,96263156;"SPRF-MG";"DEL01-MG";"UOP02-DEL01-MG"
358042;2021-05-16;"domingo";"06:50:00";"SP";116;202,4;"ARUJA";"Ingestão de álcool pelo condutor";"Saída de leito carroçável";"Com Vítimas Feridas";"Pleno dia";"Decrescente";"Nublado";"Dupla";"Reta";"Não";1;0;1;0;0;0;1;1;-23,40809408;-46,33859597;"SPRF-SP";"DEL01-SP";"UOP01-DEL01-SP"
358045;2021-05-16;"domingo";"09:50:00";"PE";104;45;"CARUARU";"Demais falhas mecânicas ou elétricas";"Saída de leito carroçável";"Com Vítimas Feridas";"Pleno dia";"Decrescente";"Céu Claro";"Dupla";"Curva";"Não";1;0;1;0;0;0;1;1;-8,1203;-35,999;"SPRF-PE";"DEL02-PE";"UOP01-DEL02-PE"
358046;2021-05-16;"domingo";"02:30:00";"BA";407;197;"PONTO NOVO";"Velocidade Incompatível";"Saída de leito carroçável";"Com Vítimas Fatais";"Plena Noite";"Crescente";"Chuva";"Simples";"Interseção de Vias";"Não";3;1;0;2;0;0;2;1;-11,07897793;-40,07998382;"SPRF-BA";"DEL04-BA";"UOP02-DEL04-BA"
358049;2021-05-16;"domingo";"10:34:00";"BA";116;462,8;"SANTO ESTEVAO";"Velocidade Incompatível";"Colisão com objeto";"Com Vítimas Feridas";"Pleno dia";"Crescente";"Nublado";"Dupla";"Curva";"Sim";1;0;1;0;0;0;1;1;-12,435528;-39,221752;"SPRF-BA";"DEL02-BA";"UOP01-DEL02-BA"
358050;2021-05-16;"domingo";"09:40:00";"BA";101;867;"TEIXEIRA DE FREITAS";"Condutor deixou de manter distância do veículo da frente";"Tombamento";"Com Vítimas Feridas";"Pleno dia";"Decrescente";"Céu Claro";"Simples";"Reta";"Não";6;0;3;0;3;0;3;5;-17,455297;-39,698425;"SPRF-BA";"DEL09-BA";"UOP02-DEL09-BA"
358052;2021-05-08;"sábado";"23:58:00";"MS";163;222,4;"CAARAPO";"Reação tardia ou ineficiente do condutor";"Colisão lateral mesmo sentido";"Com Vítimas Feridas";"Plena Noite";"Decrescente";"Céu Claro";"Simples";"Declive";"Não";2;0;0;1;1;0;1;2;-22,52211107;-54,85808372;"SPRF-MS";"DEL04-MS";"UOP02-DEL04-MS"