"id";"data_inversa";"dia_semana";"horario";"uf";"br";"km";"municipio";"causa_acidente";"tipo_acidente";"classificacao_acidente";"fase_dia";"sentido_via";"condicao_metereologica";"tipo_pista";"tracado_via";"uso_solo";"pessoas";"mortos";"feridos_leves";"feridos_graves";"ilesos";"ignorados";"feridos";"veiculos";"latitude";"longitude";"regional";"delegacia";"uop"
358158;2021-05-16;"domingo";"19:40:00";"PR";476;138;"CURITIBA";"Condutor desrespeitou a iluminação vermelha do semáforo";"Colisão transversal";"Com Vítimas Feridas";"Plena Noite";"Decrescente";"Céu Claro";"Múltipla";"Reta";"Sim";4;0;1;2;1;0;3;2;-25,50751967;-49,28458214;"SPRF-PR";"DEL01-PR";"UOP03-DEL01-PR"
358159;2021-05-16;"domingo";"19:55:00";"SE";235;12,9;"NOSSA SENHORA DO SOCORRO";"Ingestão de álcool pelo condutor";"Capotamento";"Com Vítimas Fatais";"Plena Noite";"Crescente";"Nublado";"Simples";"Reta";"Não";6;1;2;3;0;0;5;1;-10,872643;-37,163246;"SPRF-SE";"DEL01-SE";"UOP01-DEL01-SE"
358160;2021-05-16;"domingo";"17:30:00";"PR";467;85;"CASCAVEL";"Condutor deixou de manter distância do veículo da frente";"Colisão traseira";"Com Vítimas Feridas";"Anoitecer";"Decrescente";"Céu Claro";"Dupla";"Reta";"Sim";2;0;1;0;1;0;1;2;-24,8238;-53,6499;"SPRF-PR";"DEL04-PR";"UOP01-DEL04-PR"
358161;2021-05-16;"domingo";"19:00:00";"PR";277;123;"CAMPO LARGO";"Manobra de mudança de faixa";"Colisão traseira";"Com Vítimas Feridas";"Plena Noite";"Decrescente";"Céu Claro";"Simples";"Reta";"Sim";2;0;1;0;1;0;1;2;-25,46708761;-49,59390747;"SPRF-PR";"DEL01-PR";"UOP03-DEL03-PR"
358166;2021-05-16;"domingo";"20:20:00";"MG";381;501;"BETIM";"Demais falhas mecânicas ou elétricas";"Tombamento";"Com Vítimas Feridas";"Plena Noite";"Decrescente";"Céu Claro";"Dupla";"Reta";"Sim";2;0;2;0;0;0;2;1;-20,03146447;-44,2377893;"SPRF-MG";"DEL01-MG";"UOP03-DEL01-MG"
358167;2021-05-16;"domingo";"20:10:00";"RS";116;518,7;"PELOTAS";"Velocidade Incompatível";"Colisão com objeto";"Com Vítimas Feridas";"Plena Noite";"Decrescente";"Céu Claro";"Dupla";"Reta";"Sim";1;0;1;0;0;0;1;1;-31,68674126;-52,34793373;"SPRF-RS";"DEL07-RS";"UOP01-DEL07-RS"
358168;2021-05-16;"domingo";"20:50:00";"SC";470;175,5;"POUSO REDONDO";"Ultrapassagem Indevida";"Colisão frontal";"Com Vítimas Feridas";"Plena Noite";"Crescente";"Céu Claro";"Simples";"Reta";"Sim";8;0;4;4;0;0;8;3;-27,25617;-49,938969;"SPRF-SC";"DEL04-SC";"UOP02-DEL04-SC"
358170;2021-05-16;"domingo";"20:50:00";"GO";70;45,2;"COCALZINHO DE GOIAS";"Reação tardia ou ineficiente do condutor";"Colisão com objeto";"Sem Vítimas";"Pleno dia";"Crescente";"Céu Claro";"Simples";"Declive";"Não";2;0;0;0;2;0;0;2;-15,7616878;-48,57376636;"SPRF-DF";"DEL03-DF";"UOP02-DEL03-DF"
358171;2021-05-16;"domingo";"19:50:00";"PR";116;159;"QUITANDINHA";"Ingestão de álcool pelo condutor";"Colisão lateral sentido oposto";"Com Vítimas Feridas";"Plena Noite";"Decrescente";"Céu Claro";"Simples";"Reta;Declive";"Não";2;0;0;1;1;0;1;2;-25,86569317;-49,38243407;"SPRF-PR";"DEL01-PR";"UOP03-DEL01-PR"
358172;2021-05-16;"domingo";"19:45:00";"MG";381;158;"GOVERNADOR VALADARES";"Retorno proibido";"Colisão transversal";"Com Vítimas Feridas";"Plena Noite";"Decrescente";"Céu Claro";"Simples";"Reta";"Não";3;0;1;1;0;1;2;2;-18,91795246;-42,01337465;"SPRF-MG";"DEL06-MG";"UOP01-DEL06-MG"
358173;2021-05-16;"domingo";"19:15:00";"SP";116;107,6;"TAUBATE";"Manobra de mudança de faixa";"Capotamento";"Com Vítimas Feridas";"Plena Noite";"Decrescente";"Nublado";"Múltipla";"Reta";"Sim";3;0;2;1;0;0;3;2;-23,01791287;-45,53009409;"SPRF-SP";"DEL08-SP";"UOP01-DEL08-SP"
358175;2021-05-16;"domingo";"19:55:00";"RJ";101;494;"ANGRA DOS REIS";"Iluminação deficiente";"Colisão frontal";"Sem Vítimas";"Plena Noite";"Decrescente";"Céu Claro";"Simples";"Curva";"Não";3;0;0;0;3;0;0;3;-22,93752781;-44,3185162;"SPRF-RJ";"DEL03-RJ";"UOP03-DEL03-RJ"
358177;2021-05-16;"domingo";"18:40:00";"MG";267;131,5;"JUIZ DE FORA";"Ingestão de álcool pelo condutor";"Saída de leito carroçável";"Com Vítimas Feridas";"Plena Noite";"Decrescente";"Nublado";"Simples";"Curva";"Não";3;0;2;1;0;0;3;1;-21,75477582;-43,59129015;"SPRF-MG";"DEL05-MG";"UOP01-DEL05-MG"
358178;2021-05-16;"domingo";"19:25:00";"SC";470;249,1;"CURITIBANOS";"Acumulo de areia ou detritos sobre o pavimento";"Tombamento";"Com Vítimas Feridas";"Plena Noite";"Decrescente";"Céu Claro";"Simples";"Rotatória";"Sim";1;0;1;0;0;0;1;1;-27,312902;-50,559643;"SPRF-SC";"DEL05-SC";"UOP03-DEL05-SC"
358179;2021-05-16;"domingo";"20:07:00";"BA";101;158;"CONCEICAO DO JACUIPE";"Deficiência do Sistema de Iluminação/Sinalização";"Saída de leito carroçável";"Com Vítimas Feridas";"Plena Noite";"Decrescente";"Nublado";"Dupla";"Em Obras;Reta";"Não";3;0;3;0;0;0;3;1;-12,35551436;-38,782478;"SPRF-BA";"DEL01-BA";"UOP03-DEL01-BA"
358181;2021-05-16;"domingo";"18:50:00";"RN";110;48;"MOSSORO";"Iluminação deficiente";"Atropelamento de Pedestre";"Com Vítimas Fatais";"Plena Noite";"Crescente";"Céu Claro";"Simples";"Reta";"Sim";4;1;0;0;1;2;0;2;-5,20786;-37,33171;"SPRF-RN";"DEL04-RN";"UOP01-DEL04-RN"
358182;2021-05-16;"domingo";"21:20:00";"PR";373;217,3;"IMBITUVA";"Ingestão de álcool pelo condutor";"Saída de leito carroçável";"Sem Vítimas";"Plena Noite";"Crescente";"Céu Claro";"Simples";"Reta";"Não";1;0;0;0;1;0;0;1;-25,15751;-50,54661;"SPRF-PR";"DEL03-PR";"UOP04-DEL03-PR"
358183;2021-05-16;"domingo";"21:00:00";"PR";467;107,8;"CASCAVEL";"Acessar a via sem observar a presença dos outros veículos";"Colisão transversal";"Com Vítimas Feridas";"Plena Noite";"Decrescente";"Céu Claro";"Dupla";"Curva;Interseção de Vias;Declive";"Não";5;0;3;0;2;0;3;2;-24,9209;-53,4764;"SPRF-PR";"DEL04-PR";"UOP01-DEL04-PR"
358184;2021-05-16;"domingo";"20:45:00";"RN";304;303,6;"MACAIBA";"Ingestão de álcool pelo condutor";"Colisão com objeto";"Sem Vítimas";"Plena Noite";"Decrescente";"Céu Claro";"Dupla";"Reta";"Não";1;0;0;0;1;0;0;1;-5,88217905;-35,28934802;"SPRF-RN";"DEL01-RN";"UOP02-DEL01-RN"
358185;2021-05-16;"domingo";"17:00:00";"PR";280;267;"MARMELEIRO";"Velocidade Incompatível";"Saída de leito carroçável";"Com Vítimas Feridas";"Pleno dia";"Decrescente";"Céu Claro";"Simples";"Reta";"Não";4;0;4;0;0;0;4;1;-26,20997077;-53,10490608;"SPRF-PR";"DEL02-PR";"UOP01-DEL02-PR"
358187;2021-05-16;"domingo";"21:45:00";"SC";280;29;"ARAQUARI";"Acessar a via sem observar a presença dos outros veículos";"Colisão transversal";"Com Vítimas Feridas";"Plena Noite";"Crescente";"Nublado";"Simples";"Reta";"Sim";2;0;2;0;0;0;2;2;-26,41066264;-48,75295628;"SPRF-SC";"DEL03-SC";"UOP03-DEL03-SC"
358188;2021-05-16;"domingo";"19:50:00";"AC";364;111;"RIO BRANCO";"Ingestão de álcool pelo condutor";"Colisão traseira";"Com Vítimas Feridas";"Plena Noite";"Crescente";"Céu Claro";"Simples";"Reta";"Sim";6;0;1;0;5;0;1;2;-10,01385354;-67,67411099;"SPRF-AC";"DEL01-AC";"UOP01-DEL01-AC"
358189;2021-05-16;"domingo";"21:20:00";"PR";369;153;"LONDRINA";"Acessar a via sem observar a presença dos outros veículos";"Colisão transversal";"Com Vítimas Feridas";"Plena Noite";"Decrescente";"Céu Claro";"Dupla";"Interseção de Vias";"Sim";3;0;2;1;0;0;3;2;-23,29794526;-51,19756764;"SPRF-PR";"DEL07-PR";"UOP01-DEL07-PR"
358190;2021-05-16;"domingo";"20:20:00";"RN";304;43,7;"MOSSORO";"Deficiência do Sistema de Iluminação/Sinalização";"Colisão lateral mesmo sentido";"Com Vítimas Fatais";"Plena Noite";"Decrescente";"Ignorado";"Dupla";"Retorno Regulamentado";"Não";2;1;0;0;0;1;0;2;-5,21815835;-37,36500124;"SPRF-RN";"DEL04-RN";"UOP01-DEL04-RN"
358192;2021-05-16;"domingo";"15:00:00";"AM";319;783;"CANUTAMA";"Acessar a via sem observar a presença dos outros veículos";"Colisão transversal";"Com Vítimas Feridas";"Pleno dia";"Decrescente";"Céu Claro";"Simples";"Reta";"Não";3;0;0;1;2;0;1;2;-8,28451398;-63,93962907;"SPRF-RO";"DEL01-RO";"UOP01-DEL01-RO"
358194;2021-05-16;"domingo";"22:20:00";"MG";381;362,8;"SAO GONCALO DO RIO ABAIXO";"Velocidade Incompatível";"Saída de leito carroçável";"Com Vítimas Feridas";"Plena Noite";"Decrescente";"Chuva";"Simples";"Reta";"Não";1;0;1;0;0;0;1;1;-19,85643939;-43,24280693;"SPRF-MG";"DEL03-MG";"UOP01-DEL03-MG"
358195;2021-05-16;"domingo";"22:00:00";"MG";267;160,4;"LIMA DUARTE";"Ingestão de álcool pelo condutor";"Colisão frontal";"Com Vítimas Feridas";"Plena Noite";"Decrescente";"Garoa/Chuvisco";"Simples";"Curva";"Não";2;0;2;0;0;0;2;2;-21,84706253;-43,79196225;"SPRF-MG";"DEL05-MG";"UOP01-DEL05-MG"
358196;2021-05-16;"domingo";"18:30:00";"MT";163;754;"SORRISO";"Ausência de reação do condutor";"Saída de leito carroçável";"Com Vítimas Feridas";"Plena Noite";"Crescente";"Céu Claro";"Dupla";"Reta;Declive";"Sim";1;0;1;0;0;0;1;1;-12,5403208;-55,70682049;"SPRF-MT";"DEL06-MT";"UOP01-DEL06-MT"
358197;2021-05-16;"domingo";"19:50:00";"PB";230;333,2;"PATOS";"Acesso irregular";"Colisão frontal";"Com Vítimas Feridas";"Plena Noite";"Decrescente";"Céu Claro";"Simples";"Reta";"Não";6;0;5;1;0;0;6;2;-7,0193;-37,2493;"SPRF-PB";"DEL03-PB";"UOP01-DEL03-PB"
358198;2021-05-16;"domingo";"21:45:00";"AL";101;65;"MESSIAS";"Reação tardia ou ineficiente do condutor";"Saída de leito carroçável";"Com Vítimas Feridas";"Plena Noite";"Decrescente";"Nublado";"Dupla";"Curva";"Não";2;0;2;0;0;0;2;1;-9,32413414;-35,82956829;"SPRF-AL";"DEL01-AL";"UOP02-DEL01-AL"
358199;2021-05-16;"domingo";"22:20:00";"SC";101;201;"SAO JOSE";"Velocidade Incompatível";"Colisão traseira";"Sem Vítimas";"Plena Noite";"Crescente";"Nublado";"Múltipla";"Reta";"Sim";2;0;0;0;2;0;0;2;-27,54836599;-48,61977975;"SPRF-SC";"DEL01-SC";"UOP01-DEL01-SC"
358200;2021-05-16;"domingo";"18:30:00";"MA";135;19,3;"SAO LUIS";"Ingestão de álcool pelo condutor";"Colisão traseira";"Sem Vítimas";"Plena Noite";"Crescente";"Céu Claro";"Dupla";"Reta";"Sim";2;0;0;0;2;0;0;2;-2,56536786;-44,33384841;"SPRF-MA";"DEL01-MA";"UOP01-DEL01-MA"
358201;2021-05-16;"domingo";"19:50:00";"SC";282;520,1;"XAXIM";"Transitar na contramão";"Colisão frontal";"Com Vítimas Feridas";"Plena Noite";"Decrescente";"Céu Claro";"Simples";"Curva";"Sim";3;0;1;0;2;0;1;2;-26,950415;-52,526096;"SPRF-SC";"DEL07-SC";"UOP01-DEL07-SC"
358203;2021-05-16;"domingo";"21:40:00";"PB";101;89;"JOAO PESSOA";"Acessar a via sem observar a presença dos outros veículos";"Colisão transversal";"Com Vítimas Feridas";"Plena Noite";"Crescente";"Céu Claro";"Dupla";"Reta";"Sim";2;0;1;0;1;0;1;2;-7,1710694;-34,89765372;"SPRF-PB";"DEL01-PB";"UOP02-DEL01-PB"
358204;2021-05-16;"domingo";"22:45:00";"SC";101;118,4;"ITAJAI";"Velocidade Incompatível";"Colisão traseira";"Sem Vítimas";"Plena Noite";"Decrescente";"Nublado";"Dupla";"Reta";"Não";2;0;0;0;1;1;0;2;-26,895859;-48,71903;"SPRF-SC";"DEL04-SC";"UOP04-DEL04-SC"
358205;2021-05-16;"domingo";"23:00:00";"PR";277;593,7;"CASCAVEL";"Ingestão de álcool pelo condutor";"Colisão com objeto";"Com Vítimas Feridas";"Plena Noite";"Decrescente";"Céu Claro";"Simples";"Reta;Declive";"Sim";2;0;1;1;0;0;2;1;-24,97979514;-53,48873371;"SPRF-PR";"DEL04-PR";"UOP01-DEL04-PR"
358206;2021-05-16;"domingo";"22:30:00";"GO";40;20;"LUZIANIA";"Ingestão de álcool pelo condutor";"Saída de leito carroçável";"Com Vítimas Feridas";"Plena Noite";"Decrescente";"Céu Claro";"Dupla";"Reta";"Sim";1;0;1;0;0;0;1;1;-16,21849;-47,915478;"SPRF-DF";"DEL01-DF";"UOP01-DEL01-DF"
358207;2021-05-16;"domingo";"19:30:00";"PA";153;75;"SAO DOMINGOS DO ARAGUAIA";"Animais na Pista";"Atropelamento de Animal";"Com Vítimas Fatais";"Plena Noite";"Decrescente";"Céu Claro";"Simples";"Reta";"Não";1;1;0;0;0;0;0;1;-5,772652;-48,668179;"SPRF-PA";"DEL03-PA";"UOP01-DEL03-PA"
358208;2021-05-16;"domingo";"21:50:00";"RO";319;60;"PORTO VELHO";"Conversão proibida";"Colisão transversal";"Com Vítimas Feridas";"Plena Noite";"Crescente";"Céu Claro";"Dupla";"Retorno Regulamentado";"Sim";3;0;2;0;1;0;2;2;-8,74146368;-63,88984501;"SPRF-RO";"DEL01-RO";"UOP01-DEL01-RO"
358209;2021-05-16;"domingo";"22:00:00";"PR";116;8;"QUATRO BARRAS";"Velocidade Incompatível";"Colisão com objeto";"Sem Vítimas";"Plena Noite";"Decrescente";"Nublado";"Dupla";"Reta";"Sim";2;0;0;0;0;2;0;2;-25,3697;-49,113121;"SPRF-PR";"DEL01-PR";"UOP02-DEL01-PR"
358210;2021-05-16;"domingo";"23:00:00";"RS";285;489,6;"ENTRE-IJUIS";"Velocidade Incompatível";"Saída de leito carroçável";"Com Vítimas Feridas";"Plena Noite";"Crescente";"Céu Claro";"Simples";"Curva";"Não";1;0;1;0;0;0;1;1;-28,374619;-54,187763;"SPRF-RS";"DEL10-RS";"UOP01-DEL10-RS"
358211;2021-05-16;"domingo";"19:45:00";"SC";101;327,7;"CAPIVARI DE BAIXO";"Condutor deixou de manter distância do veículo da frente";"Colisão traseira";"Com Vítimas Feridas";"Plena Noite";"Crescente";"Ignorado";"Dupla";"Aclive";"Sim";2;0;1;0;1;0;1;2;-28,44001571;-48,96357536;"SPRF-SC";"DEL02-SC";"UOP01-DEL02-SC"
358213;2021-05-16;"domingo";"17:40:00";"CE";222;63,4;"SAO GONCALO DO AMARANTE";"Manobra de mudança de faixa";"Colisão lateral mesmo sentido";"Sem Vítimas";"Plena Noite";"Crescente";"Céu Claro";"Dupla";"Reta";"Sim";3;0;0;0;3;0;0;2;-3,6717776;-39,10726798;"SPRF-CE";"DEL01-CE";"UOP03-DEL01-CE"
358215;2021-05-16;"domingo";"21:30:00";"RO";364;16;"VILHENA";"Ingestão de álcool pelo condutor";"Colisão com objeto";"Com Vítimas Feridas";"Plena Noite";"Decrescente";"Céu Claro";"Dupla";"Reta";"Sim";2;0;0;2;0;0;2;1;-12,73437947;-60,15696986;"SPRF-RO";"DEL04-RO";"UOP01-DEL04-RO"
358216;2021-05-16;"domingo";"23:30:00";"MG";381;495,3;"BETIM";"Reação tardia ou ineficiente do condutor";"Capotamento";"Com Vítimas Feridas";"Plena Noite";"Decrescente";"Nublado";"Múltipla";"Reta;Declive";"Sim";1;0;1;0;0;0;1;1;-19,97275386;-44,18401837;"SPRF-MG";"DEL01-MG";"UOP03-DEL01-MG"
358217;2021-05-16;"domingo";"22:00:00";"PR";376;176;"MARINGA";"Ausência de reação do condutor";"Colisão traseira";"Com Vítimas Feridas";"Plena Noite";"Crescente";"Céu Claro";"Múltipla";"Aclive";"Sim";2;0;1;0;1;0;1;2;-23,41269173;-51,93158327;"SPRF-PR";"DEL09-PR";"UOP01-DEL09-PR"
358219;2021-05-16;"domingo";"23:55:00";"SC";280;24,8;"ARAQUARI";"Acesso irregular";"Colisão lateral mesmo sentido";"Com Vítimas Feridas";"Plena Noite";"Decrescente";"Nublado";"Simples";"Reta";"Sim";2;0;2;0;0;0;2;2;-26,37724921;-48,71953282;"SPRF-SC";"DEL03-SC";"UOP03-DEL03-SC"
358221;2021-05-16;"domingo";"23:00:00";"RR";174;506,9;"BOA VISTA";"Ingestão de álcool ou de substâncias psicoativas pelo pedestre";"Colisão transversal";"Com Vítimas Feridas";"Plena Noite";"Crescente";"Nublado";"Dupla";"Interseção de Vias";"Sim";3;0;1;0;2;0;1;2;2,816381;-60,693253;"SPRF-RR";"DEL01-RR";"UOP01-DEL01-RR"
358222;2021-05-16;"domingo";"11:15:00";"CE";20;128,8;"TAUA";"Animais na Pista";"Atropelamento de Animal";"Com Vítimas Feridas";"Plena Noite";"Decrescente";"Céu Claro";"Simples";"Reta";"Não";2;0;1;0;1;0;1;1;-5,649455;-40,120481;"SPRF-CE";"DEL02-CE";"UOP02-DEL02-CE"
358223;2021-05-17;"segunda-feira";"00:05:00";"PE";408;85,4;"SAO LOURENCO DA MATA";"Velocidade Incompatível";"Saída de leito carroçável";"Sem Vítimas";"Plena Noite";"Decrescente";"Céu Claro";"Dupla";"Aclive";"Não";1;0;0;0;0;1;0;1;-7,956086;-35,10007;"SPRF-PE";"DEL01-PE";"UOP01-DEL01-PE"
358224;2021-05-16;"domingo";"23:40:00";"MA";222;674;"ACAILANDIA";"Transitar na contramão";"Colisão frontal";"Com Vítimas Feridas";"Plena Noite";"Decrescente";"Nublado";"Simples";"Reta";"Sim";2;0;1;0;0;1;1;2;-4,955128;-47,490254;"SPRF-MA";"DEL04-MA";"UOP03-DEL04-MA"
358225;2021-05-16;"domingo";"23:30:00";"SC";282;577;"PINHALZINHO";"Ingestão de álcool pelo condutor";"Saída de leito carroçável";"Sem Vítimas";"Plena Noite";"Decrescente";"Céu Claro";"Simples";"Curva";"Não";1;0;0;0;1;0;0;1;-26,84676;-52,980644;"SPRF-SC";"DEL07-SC";"UOP02-DEL07-SC"
358227;2021-05-16;"domingo";"20:40:00";"PB";405;2,5;"UIRAUNA";"Manobra de mudança de faixa";"Colisão frontal";"Com Vítimas Feridas";"Plena Noite";"Decrescente";"Céu Claro";"Simples";"Reta";"Não";2;0;0;1;1;0;1;2;-6,471163;-38,382954;"SPRF-PB";"DEL03-PB";"UOP03-DEL03-PB"
358231;2021-05-17;"segunda-feira";"00:30:00";"MT";70;283;"PRIMAVERA DO LESTE";"Ingestão de álcool e/ou substâncias psicoativas pelo pedestre";"Atropelamento de Pedestre";"Com Vítimas Feridas";"Amanhecer";"Decrescente";"Nublado";"Simples";"Reta";"Não";2;0;0;1;0;1;1;2;-15,57372265;-54,32193602;"SPRF-MT";"DEL05-MT";"UOP01-DEL05-MT"
358232;2021-05-17;"segunda-feira";"02:10:00";"MG";40;426,8;"PARAOPEBA";"Velocidade Incompatível";"Saída de leito carroçável";"Com Vítimas Feridas";"Plena Noite";"Crescente";"Céu Claro";"Dupla";"Reta;Aclive";"Não";3;0;3;0;0;0;3;1;-19,16811528;-44,51542722;"SPRF-MG";"DEL02-MG";"UOP01-DEL02-MG"
358234;2021-05-17;"segunda-feira";"03:15:00";"TO";153;483,7;"PARAISO DO TOCANTINS";"Ingestão de álcool pelo condutor";"Colisão com objeto";"Sem Vítimas";"Plena Noite";"Decrescente";"Céu Claro";"Simples";"Curva";"Não";1;0;0;0;0;1;0;1;-10,08018699;-48,85514975;"SPRF-TO";"DEL01-TO";"UOP01-DEL01-TO"
358235;2021-05-17;"segunda-feira";"02:35:00";"SC";280;127;"RIO NEGRINHO";"Condutor Dormindo";"Colisão com objeto";"Sem Vítimas";"Plena Noite";"Crescente";"Céu Claro";"Simples";"Rotatória";"Sim";1;0;0;0;1;0;0;1;-26,23943953;-49,50420708;"SPRF-SC";"DEL06-SC";"UOP03-DEL06-SC"
358236;2021-05-16;"domingo";"23:30:00";"MG";365;604;"UBERLANDIA";"Ingestão de álcool pelo condutor";"Colisão com objeto";"Sem Vítimas";"Plena Noite";"Decrescente";"Céu Claro";"Simples";"Reta";"Não";2;0;0;0;2;0;0;1;-18,90390519;-48,16353682;"SPRF-MG";"DEL15-MG";"UOP01-DEL15-MG"
358237;2021-05-17;"segunda-feira";"04:20:00";"RJ";101;311,9;"SAO GONCALO";"Reação tardia ou ineficiente do condutor";"Saída de leito carroçável";"Sem Vítimas";"Plena Noite";"Decrescente";"Nublado";"Dupla";"Reta";"Não";1;0;0;0;0;1;0;1;-22,80062246;-43,05318779;"SPRF-RJ";"DEL02-RJ";"UOP02-DEL02-RJ"
358238;2021-05-17;"segunda-feira";"05:30:00";"PI";343;14;"PARNAIBA";"Ausência de reação do condutor";"Colisão com objeto";"Sem Vítimas";"Amanhecer";"Decrescente";"Céu Claro";"Dupla";"Reta";"Sim";1;0;0;0;0;1;0;1;-2,927902;-41,753502;"SPRF-PI";"DEL05-PI";"UOP01-DEL05-PI"
358240;2021-05-17;"segunda-feira";"05:50:00";"RN";406;158,1;"CEARA-MIRIM";"Pista Escorregadia";"Queda de ocupante de veículo";"Com Vítimas Feridas";"Amanhecer";"Crescente";"Céu Claro";"Simples";"Declive;Reta";"Não";2;0;2;0;0;0;2;1;-5,69942776;-35,38322468;"SPRF-RN";"DEL02-RN";"UOP01-DEL02-RN"
358241;2021-05-17;"segunda-feira";"05:45:00";"GO";153;559,7;"PROFESSOR JAMIL";"Condutor Dormindo";"Capotamento";"Com Vítimas Feridas";"Plena Noite";"Decrescente";"Céu Claro";"Dupla";"Aclive;Reta";"Não";1;0;1;0;0;0;1;1;-17,2115;-49,2226;"SPRF-GO";"DEL03-GO";"UOP01-DEL03-GO"
358242;2021-05-17;"segunda-feira";"06:00:00";"SP";116;225;"GUARULHOS";"Trafegar com motocicleta (ou similar) entre as faixas";"Colisão lateral mesmo sentido";"Com Vítimas Feridas";"Pleno dia";"Crescente";"Céu Claro";"Múltipla";"Reta";"Sim";2;0;1;0;1;0;1;2;-23,48586772;-46,54075317;"SPRF-SP";"DEL01-SP";"UOP01-DEL01-SP"
358244;2021-05-17;"segunda-feira";"05:45:00";"MG";381;434,1;"SABARA";"Velocidade Incompatível";"Colisão frontal";"Com Vítimas Feridas";"Amanhecer";"Decrescente";"Nublado";"Simples";"Reta";"Não";3;0;2;1;0;0;3;2;-19,78770323;-43,72764587;"SPRF-MG";"DEL01-MG";"UOP01-DEL01-MG"
358245;2021-05-17;"segunda-feira";"06:00:00";"MG";381;2;"BETIM";"Pista Escorregadia";"Tombamento";"Com Vítimas Feridas";"Pleno dia";"Decrescente";"Nevoeiro/Neblina";"Dupla";"Curva";"Sim";1;0;1;0;0;0;1;1;-19,97985346;-44,16099429;"SPRF-MG";"DEL01-MG";"UOP03-DEL01-MG"
358246;2021-05-17;"segunda-feira";"06:20:00";"ES";101;267;"SERRA";"Reação tardia ou ineficiente do condutor";"Queda de ocupante de veículo";"Com Vítimas Feridas";"Pleno dia";"Decrescente";"Céu Claro";"Múltipla";"Reta";"Não";1;0;0;1;0;0;1;1;-20,19930999;-40,26884609;"SPRF-ES";"DEL02-ES";"UOP01-DEL02-ES"
358248;2021-05-17;"segunda-feira";"06:00:00";"RS";386;177,5;"CARAZINHO";"Transitar na contramão";"Saída de leito carroçável";"Com Vítimas Feridas";"Plena Noite";"Crescente";"Céu Claro";"Simples";"Reta";"Sim";6;0;4;2;0;0;6;2;-28,281309;-52,765053;"SPRF-RS";"DEL08-RS";"UOP01-DEL08-RS"
358249;2021-05-17;"segunda-feira";"06:50:00";"GO";153;442;"ANAPOLIS";"Condutor Dormindo";"Colisão transversal";"Com Vítimas Feridas";"Plena Noite";"Decrescente";"Céu Claro";"Dupla";"Reta;Interseção de Vias";"Sim";2;0;0;1;1;0;1;2;-16,325272;-48,922024;"SPRF-GO";"DEL02-GO";"UOP01-DEL02-GO"
358250;2021-05-17;"segunda-feira";"06:50:00";"RS";116;105,9;"SAO MARCOS";"Demais falhas mecânicas ou elétricas";"Saída de leito carroçável";"Sem Vítimas";"Amanhecer";"Crescente";"Nublado";"Simples";"Curva";"Não";1;0;0;0;1;0;0;1;-28,91254612;-51,11046562;"SPRF-RS";"DEL05-RS";"UOP01-DEL05-RS"
358253;2021-05-17;"segunda-feira";"04:50:00";"BA";101;884;"TEIXEIRA DE FREITAS";"Ausência de reação do condutor";"Colisão com objeto";"Sem Vítimas";"Amanhecer";"Decrescente";"Céu Claro";"Simples";"Curva";"Não";2;0;0;0;2;0;0;2;-17,595508;-39,749108;"SPRF-BA";"DEL09-BA";"UOP02-DEL09-BA"
358256;2021-05-17;"segunda-feira";"07:00:00";"PR";476;124;"CURITIBA";"Velocidade Incompatível";"Colisão com objeto";"Com Vítimas Feridas";"Pleno dia";"Decrescente";"Céu Claro";"Dupla";"Reta";"Sim";2;0;2;0;0;0;2;1;-25,399845;-49,215855;"SPRF-PR";"DEL01-PR";"UOP03-DEL01-PR"
358257;2021-05-17;"segunda-feira";"07:20:00";"CE";116;5,1;"FORTALEZA";"Condutor deixou de manter distância do veículo da frente";"Engavetamento";"Com Vítimas Feridas";"Pleno dia";"Decrescente";"Céu Claro";"Múltipla";"Reta";"Sim";8;0;2;0;6;0;2;6;-3,79467116;-38,50772734;"SPRF-CE";"DEL01-CE";"UOP02-DEL01-CE"
358258;2021-05-17;"segunda-feira";"07:40:00";"PR";277;41;"MORRETES";"Reação tardia ou ineficiente do condutor";"Queda de ocupante de veículo";"Com Vítimas Feridas";"Pleno dia";"Decrescente";"Nublado";"Dupla";"Curva";"Não";2;0;2;0;0;0;2;2;-25,57183811;-48,83586205;"SPRF-PR";"DEL01-PR";"UOP05-DEL01-PR"
358260;2021-05-17;"segunda-feira";"07:30:00";"DF";70;18,5;"BRASILIA";"Condutor deixou de manter distância do veículo da frente";"Colisão traseira";"Com Vítimas Feridas";"Pleno dia";"Decrescente";"Céu Claro";"Dupla";"Reta;Aclive";"Não";3;0;1;0;2;0;1;3;-15,791093;-48,21096;"SPRF-DF";"DEL03-DF";"UOP02-DEL03-DF"
358262;2021-05-17;"segunda-feira";"07:50:00";"SP";116;205;"GUARULHOS";"Manobra de mudança de faixa";"Colisão lateral mesmo sentido";"Com Vítimas Feridas";"Pleno dia";"Crescente";"Nublado";"Múltipla";"Reta";"Sim";3;0;1;0;2;0;1;3;-23,41475243;-46,36600788;"SPRF-SP";"DEL01-SP";"UOP01-DEL01-SP"