"id";"data_inversa";"dia_semana";"horario";"uf";"br";"km";"municipio";"causa_acidente";"tipo_acidente";"classificacao_acidente";"fase_dia";"sentido_via";"condicao_metereologica";"tipo_pista";"tracado_via";"uso_solo";"pessoas";"mortos";"feridos_leves";"feridos_graves";"ilesos";"ignorados";"feridos";"veiculos";"latitude";"longitude";"regional";"delegacia";"uop"
358263;2021-05-16;"domingo";"21:45:00";"RJ";101;19;"CAMPOS DOS GOYTACAZES";"Transitar no acostamento";"Atropelamento de Pedestre";"Com Vítimas Feridas";"Plena Noite";"Decrescente";"Céu Claro";"Simples";"Reta";"Não";2;0;1;0;0;1;1;2;-21,37421125;-41,34253394;"SPRF-RJ";"DEL08-RJ";"UOP01-DEL08-RJ"
358264;2021-05-17;"segunda-feira";"07:50:00";"CE";116;103,5;"MORADA NOVA";"Pista esburacada";"Saída de leito carroçável";"Com Vítimas Feridas";"Pleno dia";"Decrescente";"Céu Claro";"Simples";"Reta";"Não";2;0;2;0;0;0;2;1;-4,53988787;-38,29878793;"SPRF-CE";"DEL03-CE";"UOP02-DEL03-CE"
358265;2021-05-17;"segunda-feira";"08:00:00";"RS";448;0,3;"SAPUCAIA DO SUL";"Condutor deixou de manter distância do veículo da frente";"Colisão traseira";"Com Vítimas Feridas";"Pleno dia";"Crescente";"Nublado";"Dupla";"Aclive";"Sim";2;0;1;0;1;0;1;2;-29,8269524;-51,17526855;"SPRF-RS";"DEL01-RS";"UOP02-DEL01-RS"
358266;2021-05-17;"segunda-feira";"06:55:00";"PI";135;351;"BOM JESUS";"Acessar a via sem observar a presença dos outros veículos";"Colisão frontal";"Com Vítimas Feridas";"Pleno dia";"Crescente";"Céu Claro";"Simples";"Declive";"Sim";2;0;0;1;1;0;1;2;-9,07627817;-44,34586005;"SPRF-PI";"DEL03-PI";"UOP02-DEL03-PI"
358269;2021-05-17;"segunda-feira";"08:30:00";"MT";70;76;"GENERAL CARNEIRO";"Curva acentuada";"Queda de ocupante de veículo";"Com Vítimas Feridas";"Pleno dia";"Crescente";"Céu Claro";"Simples";"Curva";"Não";1;0;1;0;0;0;1;1;-15,67421693;-52,81408803;"SPRF-MT";"DEL07-MT";"UOP01-DEL07-MT"
358272;2021-05-17;"segunda-feira";"08:45:00";"SC";101;439;"SOMBRIO";"Ausência de reação do condutor";"Saída de leito carroçável";"Com Vítimas Feridas";"Pleno dia";"Decrescente";"Céu Claro";"Dupla";"Reta";"Sim";2;0;2;0;0;0;2;1;-29,12536952;-49,67175364;"SPRF-SC";"DEL02-SC";"UOP02-DEL02-SC"
358275;2021-04-23;"sexta-feira";"17:23:00";"PB";230;12,5;"CABEDELO";"Ausência de reação do condutor";"Engavetamento";"Com Vítimas Feridas";"Anoitecer";"Decrescente";"Céu Claro";"Dupla";"Reta";"Não";4;0;1;0;1;2;1;3;-7,07740579;-34,84923363;"SPRF-PB";"DEL01-PB";"UOP01-DEL01-PB"
358276;2021-05-17;"segunda-feira";"09:10:00";"PB";230;147,9;"CAMPINA GRANDE";"Acumulo de areia ou detritos sobre o pavimento";"Tombamento";"Com Vítimas Feridas";"Pleno dia";"Crescente";"Céu Claro";"Dupla";"Rotatória";"Sim";1;0;1;0;0;0;1;1;-7,23713268;-35,86780971;"SPRF-PB";"DEL02-PB";"UOP01-DEL02-PB"
358277;2021-05-17;"segunda-feira";"07:40:00";"MT";70;521;"VARZEA GRANDE";"Desrespeitar a preferência no cruzamento";"Colisão transversal";"Com Vítimas Feridas";"Pleno dia";"Crescente";"Céu Claro";"Simples";"Interseção de Vias";"Sim";2;0;1;0;0;1;1;2;-15,66759327;-56,18187994;"SPRF-MT";"DEL01-MT";"UOP02-DEL01-MT"
358278;2021-05-17;"segunda-feira";"09:49:00";"RN";101;104;"PARNAMIRIM";"Manobra de mudança de faixa";"Colisão lateral mesmo sentido";"Com Vítimas Feridas";"Pleno dia";"Crescente";"Céu Claro";"Dupla";"Reta";"Sim";2;0;1;0;1;0;1;2;-5,892745;-35,257225;"SPRF-RN";"DEL01-RN";"UOP01-DEL01-RN"
358280;2021-05-17;"segunda-feira";"09:30:00";"PR";376;504,6;"PONTA GROSSA";"Ingestão de álcool pelo condutor";"Saída de leito carroçável";"Sem Vítimas";"Pleno dia";"Crescente";"Céu Claro";"Dupla";"Declive";"Sim";1;0;0;0;1;0;0;1;-25,23024416;-50,04503118;"SPRF-PR";"DEL03-PR";"UOP01-DEL03-PR"
358281;2021-05-17;"segunda-feira";"10:10:00";"MG";381;406;"BOM JESUS DO AMPARO";"Condutor Dormindo";"Saída de leito carroçável";"Com Vítimas Feridas";"Pleno dia";"Decrescente";"Sol";"Dupla";"Curva;Declive";"Não";2;0;0;1;0;1;1;2;-19,754646;-43,529969;"SPRF-MG";"DEL01-MG";"UOP01-DEL01-MG"
358282;2021-05-17;"segunda-feira";"10:40:00";"SC";101;207;"SAO JOSE";"Condutor deixou de manter distância do veículo da frente";"Colisão traseira";"Com Vítimas Feridas";"Pleno dia";"Decrescente";"Sol";"Dupla";"Reta";"Sim";2;0;1;0;1;0;1;2;-27,60001226;-48,6226467;"SPRF-SC";"DEL01-SC";"UOP01-DEL01-SC"
358284;2021-05-17;"segunda-feira";"03:00:00";"RO";364;703;"PORTO VELHO";"Reação tardia ou ineficiente do condutor";"Saída de leito carroçável";"Sem Vítimas";"Pleno dia";"Crescente";"Céu Claro";"Dupla";"Reta";"Sim";1;0;0;0;0;1;0;1;-8,80043238;-63,786732;"SPRF-RO";"DEL01-RO";"UOP01-DEL01-RO"
358288;2021-05-17;"segunda-feira";"10:30:00";"MG";381;159,7;"GOVERNADOR VALADARES";"Condutor deixou de manter distância do veículo da frente";"Colisão traseira";"Com Vítimas Feridas";"Pleno dia";"Decrescente";"Céu Claro";"Simples";"Interseção de Vias";"Não";2;0;0;1;1;0;1;2;-18,89130996;-42,00470394;"SPRF-MG";"DEL06-MG";"UOP01-DEL06-MG"
358289;2021-05-17;"segunda-feira";"09:00:00";"BA";116;550;"MILAGRES";"Reação tardia ou ineficiente do condutor";"Tombamento";"Com Vítimas Feridas";"Pleno dia";"Decrescente";"Céu Claro";"Simples";"Curva";"Não";1;0;1;0;0;0;1;1;-12,86744895;-39,85551617;"SPRF-BA";"DEL03-BA";"UOP02-DEL03-BA"
358291;2021-05-17;"segunda-feira";"07:00:00";"RS";116;560,5;"PEDRO OSORIO";"Transitar na contramão";"Colisão frontal";"Com Vítimas Fatais";"Amanhecer";"Crescente";"Nevoeiro/Neblina";"Simples";"Reta";"Não";4;1;0;0;3;0;0;2;-31,91431118;-52,68770194;"SPRF-RS";"DEL07-RS";"UOP03-DEL07-RS"
358292;2021-05-17;"segunda-feira";"11:30:00";"MG";40;563;"NOVA LIMA";"Demais falhas mecânicas ou elétricas";"Incêndio";"Sem Vítimas";"Pleno dia";"Decrescente";"Céu Claro";"Dupla";"Curva";"Não";1;0;0;0;0;1;0;1;-20,15241986;-43,96263156;"SPRF-MG";"DEL01-MG";"UOP02-DEL01-MG"
358296;2021-05-17;"segunda-feira";"12:20:00";"SP";153;66,7;"SAO JOSE DO RIO PRETO";"Demais falhas mecânicas ou elétricas";"Tombamento";"Com Vítimas Feridas";"Pleno dia";"Decrescente";"Sol";"Dupla";"Curva";"Sim";2;0;2;0;0;0;2;1;-20,84208514;-49,37074279;"SPRF-SP";"DEL09-SP";"UOP01-DEL09-SP"
358297;2021-05-17;"segunda-feira";"12:15:00";"SC";101;201;"SAO JOSE";"Manobra de mudança de faixa";"Colisão lateral mesmo sentido";"Com Vítimas Feridas";"Pleno dia";"Decrescente";"Céu Claro";"Dupla";"Reta";"Sim";3;0;1;0;2;0;1;2;-27,54836599;-48,61977975;"SPRF-SC";"DEL01-SC";"UOP01-DEL01-SC"
358299;2021-05-17;"segunda-feira";"12:10:00";"PE";232;9;"RECIFE";"Condutor deixou de manter distância do veículo da frente";"Colisão traseira";"Com Vítimas Feridas";"Pleno dia";"Decrescente";"Sol";"Dupla";"Reta";"Sim";2;0;1;0;1;0;1;2;-8,07764447;-34,97863609;"SPRF-PE";"DEL01-PE";"UOP01-DEL01-PE"
358300;2021-02-06;"sábado";"18:25:00";"SC";470;3;"NAVEGANTES";"Velocidade Incompatível";"Colisão transversal";"Com Vítimas Feridas";"Anoitecer";"Decrescente";"Ignorado";"Dupla";"Reta";"Não";2;0;0;1;1;0;1;2;-26,86687929;-48,67677212;"SPRF-SC";"DEL04-SC";"UOP04-DEL04-SC"
358302;2021-05-17;"segunda-feira";"09:00:00";"RO";364;342,8;"JI-PARANA";"Condutor deixou de manter distância do veículo da frente";"Tombamento";"Com Vítimas Feridas";"Pleno dia";"Crescente";"Céu Claro";"Dupla";"Aclive;Reta";"Sim";3;0;2;0;1;0;2;2;-10,87901472;-61,94469452;"SPRF-RO";"DEL02-RO";"UOP01-DEL02-RO"
358303;2021-05-17;"segunda-feira";"12:50:00";"SC";282;2;"FLORIANOPOLIS";"Demais falhas mecânicas ou elétricas";"Tombamento";"Com Vítimas Feridas";"Pleno dia";"Crescente";"Sol";"Simples";"Reta";"Não";1;0;1;0;0;0;1;1;-27,603289;-48,590416;"SPRF-SC";"DEL01-SC";"UOP01-DEL01-SC"
358304;2021-05-17;"segunda-feira";"12:30:00";"RJ";356;151;"CAMPOS DOS GOYTACAZES";"Ausência de reação do condutor";"Colisão traseira";"Sem Vítimas";"Pleno dia";"Crescente";"Sol";"Simples";"Reta";"Não";3;0;0;0;3;0;0;2;-21,76505986;-41,26262708;"SPRF-RJ";"DEL08-RJ";"UOP02-DEL08-RJ"
358305;2021-04-30;"sexta-feira";"09:10:00";"PE";408;96,1;"SAO LOURENCO DA MATA";"Ausência de reação do condutor";"Colisão traseira";"Com Vítimas Feridas";"Pleno dia";"Crescente";"Nublado";"Dupla";"Declive";"Não";2;0;2;0;0;0;2;2;-8,02062;-35,041045;"SPRF-PE";"DEL01-PE";"UOP01-DEL01-PE"
358308;2021-05-17;"segunda-feira";"13:30:00";"RS";290;94;"PORTO ALEGRE";"Objeto estático sobre o leito carroçável";"Colisão com objeto";"Com Vítimas Feridas";"Pleno dia";"Decrescente";"Céu Claro";"Múltipla";"Reta";"Sim";1;0;1;0;0;0;1;1;-29,973856;-51,197853;"SPRF-RS";"DEL01-RS";"UOP01-DEL01-RS"
358309;2021-05-17;"segunda-feira";"12:20:00";"MS";163;610,2;"SAO GABRIEL DO OESTE";"Avarias e/ou desgaste excessivo no pneu";"Tombamento";"Com Vítimas Feridas";"Pleno dia";"Decrescente";"Céu Claro";"Simples";"Reta;Declive";"Não";2;0;2;0;0;0;2;1;-19,4341589601;-54,5370619575;"SPRF-MS";"DEL06-MS";"UOP02-DEL06-MS"
358310;2021-05-17;"segunda-feira";"11:20:00";"MG";40;145,4;"JOAO PINHEIRO";"Reação tardia ou ineficiente do condutor";"Saída de leito carroçável";"Com Vítimas Feridas";"Pleno dia";"Decrescente";"Céu Claro";"Simples";"Reta";"Não";1;0;1;0;0;0;1;1;-17,75747407;-46,15910053;"SPRF-MG";"DEL14-MG";"UOP02-DEL14-MG"
358311;2021-05-17;"segunda-feira";"10:00:00";"PR";277;569,9;"CASCAVEL";"Demais falhas mecânicas ou elétricas";"Tombamento";"Com Vítimas Feridas";"Pleno dia";"Decrescente";"Céu Claro";"Simples";"Reta";"Não";1;0;0;1;0;0;1;1;-25,02498709;-53,27677113;"SPRF-PR";"DEL04-PR";"UOP01-DEL04-PR"
358316;2021-05-17;"segunda-feira";"13:50:00";"SC";101;194;"BIGUACU";"Demais falhas mecânicas ou elétricas";"Queda de ocupante de veículo";"Com Vítimas Feridas";"Pleno dia";"Crescente";"Céu Claro";"Dupla";"Curva";"Sim";2;0;2;0;0;0;2;1;-27,49815117;-48,65661236;"SPRF-SC";"DEL01-SC";"UOP01-DEL01-SC"
358317;2021-05-15;"sábado";"19:10:00";"MG";40;552;"NOVA LIMA";"Reação tardia ou ineficiente do condutor";"Colisão lateral mesmo sentido";"Sem Vítimas";"Plena Noite";"Decrescente";"Céu Claro";"Dupla";"Reta";"Sim";2;0;0;0;2;0;0;2;-20,06084086;-43,97716423;"SPRF-MG";"DEL01-MG";"UOP02-DEL01-MG"
358320;2021-05-17;"segunda-feira";"15:00:00";"SC";470;70;"INDAIAL";"Conversão proibida";"Colisão transversal";"Com Vítimas Feridas";"Pleno dia";"Crescente";"Céu Claro";"Simples";"Reta";"Não";2;0;0;1;1;0;1;2;-26,889374;-49,254478;"SPRF-SC";"DEL04-SC";"UOP01-DEL04-SC"
358323;2021-05-05;"quarta-feira";"22:20:00";"GO";70;0,8;"AGUAS LINDAS DE GOIAS";"Ingestão de álcool pelo condutor";"Saída de leito carroçável";"Sem Vítimas";"Plena Noite";"Crescente";"Céu Claro";"Dupla";"Reta";"Não";1;0;0;0;0;1;0;1;-15,783543;-48,2326;"SPRF-DF";"DEL03-DF";"UOP02-DEL03-DF"
358325;2021-05-17;"segunda-feira";"15:15:00";"AP";210;1,9;"MACAPA";"Acessar a via sem observar a presença dos outros veículos";"Colisão lateral mesmo sentido";"Com Vítimas Feridas";"Pleno dia";"Decrescente";"Nublado";"Simples";"Reta";"Sim";2;0;1;0;1;0;1;2;0,08392579;-51,08021563;"SPRF-AP";"DEL01-AP";"UOP01-DEL01-AP"
358329;2021-05-17;"segunda-feira";"14:50:00";"SC";101;209;"SAO JOSE";"Condutor deixou de manter distância do veículo da frente";"Colisão traseira";"Com Vítimas Feridas";"Pleno dia";"Decrescente";"Céu Claro";"Simples";"Reta";"Sim";2;0;1;0;1;0;1;2;-27,61000542;-48,63895057;"SPRF-SC";"DEL01-SC";"UOP01-DEL01-SC"
358330;2021-05-17;"segunda-feira";"13:40:00";"GO";60;66,5;"ABADIANIA";"Ingestão de álcool pelo condutor";"Capotamento";"Com Vítimas Feridas";"Pleno dia";"Crescente";"Céu Claro";"Dupla";"Curva";"Não";1;0;1;0;0;0;1;1;-16,2138;-48,7457;"SPRF-GO";"DEL02-GO";"UOP01-DEL02-GO"
358332;2021-05-17;"segunda-feira";"15:00:00";"PR";376;143;"PRESIDENTE CASTELO BRANCO";"Objeto estático sobre o leito carroçável";"Capotamento";"Com Vítimas Feridas";"Pleno dia";"Crescente";"Céu Claro";"Dupla";"Reta";"Não";1;0;1;0;0;0;1;1;-23,26518298;-52,16200896;"SPRF-PR";"DEL09-PR";"UOP02-DEL09-PR"
358333;2021-05-17;"segunda-feira";"15:30:00";"PR";277;101;"CURITIBA";"Manobra de mudança de faixa";"Colisão lateral mesmo sentido";"Com Vítimas Feridas";"Pleno dia";"Decrescente";"Céu Claro";"Dupla";"Reta";"Não";2;0;0;1;1;0;1;2;-25,429308;-49,378834;"SPRF-PR";"DEL01-PR";"UOP01-DEL01-PR"
358334;2021-03-28;"domingo";"16:50:00";"RS";116;325,5;"BARRA DO RIBEIRO";"Retorno proibido";"Colisão transversal";"Com Vítimas Feridas";"Pleno dia";"Crescente";"Céu Claro";"Dupla";"Em Obras;Reta";"Não";5;0;2;0;3;0;2;2;-30,33576406;-51,42550986;"SPRF-RS";"DEL02-RS";"UOP01-DEL02-RS"
358336;2021-05-17;"segunda-feira";"15:59:00";"PE";428;186,9;"PETROLINA";"Reação tardia ou ineficiente do condutor";"Colisão traseira";"Com Vítimas Feridas";"Pleno dia";"Crescente";"Nublado";"Simples";"Reta";"Sim";2;0;1;0;1;0;1;2;-9,34807826;-40,47441248;"SPRF-PE";"DEL06-PE";"UOP01-DEL06-PE"
358338;2021-05-17;"segunda-feira";"15:00:00";"PR";369;506,9;"CORBELIA";"Ausência de reação do condutor";"Saída de leito carroçável";"Com Vítimas Feridas";"Pleno dia";"Decrescente";"Céu Claro";"Simples";"Reta";"Não";1;0;1;0;0;0;1;1;-24,83203878;-53,29966664;"SPRF-PR";"DEL04-PR";"UOP03-DEL04-PR"
358339;2021-05-17;"segunda-feira";"13:00:00";"SC";101;415;"ARARANGUA";"Avarias e/ou desgaste excessivo no pneu";"Saída de leito carroçável";"Com Vítimas Feridas";"Pleno dia";"Decrescente";"Céu Claro";"Simples";"Reta";"Não";2;0;2;0;0;0;2;1;-28,96040535;-49,51653267;"SPRF-SC";"DEL02-SC";"UOP02-DEL02-SC"
358341;2021-05-17;"segunda-feira";"15:30:00";"RS";116;113,7;"SAO MARCOS";"Conversão proibida";"Colisão transversal";"Com Vítimas Feridas";"Pleno dia";"Decrescente";"Sol";"Simples";"Curva";"Não";3;0;0;1;2;0;1;2;-28,95667906;-51,08016019;"SPRF-RS";"DEL05-RS";"UOP01-DEL05-RS"
358342;2021-05-01;"sábado";"19:30:00";"PE";408;60,6;"TRACUNHAEM";"Transitar na contramão";"Colisão frontal";"Com Vítimas Feridas";"Plena Noite";"Crescente";"Chuva";"Simples";"Curva";"Não";6;0;3;1;1;1;4;3;-7,81426694;-35,24460015;"SPRF-PE";"DEL01-PE";"UOP01-DEL01-PE"
358344;2021-05-13;"quinta-feira";"21:30:00";"BA";101;884;"TEIXEIRA DE FREITAS";"Reação tardia ou ineficiente do condutor";"Atropelamento de Pedestre";"Com Vítimas Feridas";"Plena Noite";"Decrescente";"Céu Claro";"Simples";"Curva";"Não";3;0;1;0;2;0;1;2;-17,600188;-39,748637;"SPRF-BA";"DEL09-BA";"UOP02-DEL09-BA"
358347;2021-05-17;"segunda-feira";"10:50:00";"MG";262;467;"BOM DESPACHO";"Avarias e/ou desgaste excessivo no pneu";"Tombamento";"Com Vítimas Feridas";"Pleno dia";"Crescente";"Céu Claro";"Simples";"Reta";"Não";2;0;1;0;1;0;1;1;-19,80324093;-45,13352097;"SPRF-MG";"DEL08-MG";"UOP03-DEL08-MG"
358350;2021-05-15;"sábado";"23:50:00";"PA";163;996;"SANTAREM";"Reação tardia ou ineficiente do condutor";"Colisão com objeto";"Com Vítimas Feridas";"Plena Noite";"Crescente";"Chuva";"Simples";"Reta";"Não";1;0;1;0;0;0;1;1;-2,50389971;-54,72751963;"SPRF-PA";"DEL05-PA";"UOP01-DEL05-PA"
358351;2021-05-17;"segunda-feira";"17:10:00";"BA";242;798;"BARREIRAS";"Ausência de reação do condutor";"Tombamento";"Com Vítimas Feridas";"Pleno dia";"Decrescente";"Céu Claro";"Simples";"Reta";"Não";2;0;1;1;0;0;2;1;-12,1206947;-45,03863856;"SPRF-BA";"DEL10-BA";"UOP01-DEL10-BA"
358352;2021-05-02;"domingo";"06:15:00";"SP";116;112,3;"TAUBATE";"Reação tardia ou ineficiente do condutor";"Colisão traseira";"Com Vítimas Feridas";"Amanhecer";"Crescente";"Céu Claro";"Dupla";"Reta";"Sim";3;0;2;0;1;0;2;2;-23,04159343;-45,57065616;"SPRF-SP";"DEL02-SP";"UOP02-DEL02-SP"
358353;2021-05-17;"segunda-feira";"16:15:00";"PE";232;176;"BELO JARDIM";"Acessar a via sem observar a presença dos outros veículos";"Colisão frontal";"Com Vítimas Feridas";"Pleno dia";"Crescente";"Nublado";"Simples";"Reta";"Não";2;0;0;1;1;0;1;2;-8,34573608;-36,39481995;"SPRF-PE";"DEL02-PE";"UOP03-DEL02-PE"
358354;2021-05-17;"segunda-feira";"17:30:00";"CE";222;6,6;"CAUCAIA";"Entrada inopinada do pedestre";"Atropelamento de Pedestre";"Com Vítimas Feridas";"Anoitecer";"Decrescente";"Céu Claro";"Dupla";"Reta";"Sim";2;0;0;1;1;0;1;2;-3,74539216;-38,62188041;"SPRF-CE";"DEL01-CE";"UOP01-DEL01-CE"
358355;2021-05-17;"segunda-feira";"17:30:00";"SC";101;118;"ITAJAI";"Acessar a via sem observar a presença dos outros veículos";"Colisão transversal";"Com Vítimas Feridas";"Anoitecer";"Crescente";"Céu Claro";"Dupla";"Interseção de Vias";"Sim";2;0;1;0;1;0;1;2;-26,895859;-48,71903;"SPRF-SC";"DEL04-SC";"UOP04-DEL04-SC"
358356;2021-05-17;"segunda-feira";"17:45:00";"ES";101;278,3;"SERRA";"Acumulo de areia ou detritos sobre o pavimento";"Queda de ocupante de veículo";"Com Vítimas Feridas";"Anoitecer";"Decrescente";"Céu Claro";"Múltipla";"Curva";"Sim";1;0;1;0;0;0;1;1;-20,21698365;-40,32974606;"SPRF-ES";"DEL02-ES";"UOP01-DEL02-ES"
358357;2021-05-17;"segunda-feira";"17:50:00";"PE";101;72;"RECIFE";"Transitar no acostamento";"Colisão transversal";"Com Vítimas Feridas";"Anoitecer";"Decrescente";"Nublado";"Dupla";"Reta";"Sim";2;0;1;0;1;0;1;2;-8,08493106;-34,9450639;"SPRF-PE";"DEL01-PE";"UOP01-DEL01-PE"
358358;2021-05-17;"segunda-feira";"17:15:00";"RS";293;342,5;"SANTANA DO LIVRAMENTO";"Acessar a via sem observar a presença dos outros veículos";"Colisão transversal";"Com Vítimas Feridas";"Pleno dia";"Crescente";"Céu Claro";"Simples";"Reta";"Não";3;0;2;0;1;0;2;2;-30,85404772;-55,54661751;"SPRF-RS";"DEL11-RS";"UOP01-DEL11-RS"
358359;2021-05-17;"segunda-feira";"17:40:00";"ES";101;147;"LINHARES";"Acessar a via sem observar a presença dos outros veículos";"Colisão transversal";"Sem Vítimas";"Anoitecer";"Crescente";"Céu Claro";"Dupla";"Interseção de Vias";"Sim";3;0;0;0;2;1;0;3;-19,37887202;-40,06657892;"SPRF-ES";"DEL04-ES";"UOP01-DEL04-ES"
358362;2021-05-17;"segunda-feira";"18:00:00";"SP";116;216;"GUARULHOS";"Reação tardia ou ineficiente do condutor";"Colisão lateral mesmo sentido";"Com Vítimas Feridas";"Anoitecer";"Crescente";"Nublado";"Simples";"Reta";"Não";3;0;1;0;2;0;1;3;-23,45056589;-46,46258105;"SPRF-SP";"DEL01-SP";"UOP01-DEL01-SP"
358364;2021-05-17;"segunda-feira";"18:00:00";"AP";210;2;"MACAPA";"Acessar a via sem observar a presença dos outros veículos";"Colisão frontal";"Com Vítimas Feridas";"Anoitecer";"Crescente";"Chuva";"Simples";"Reta";"Sim";3;0;1;1;1;0;2;2;0,08677479;-51,08462334;"SPRF-AP";"DEL01-AP";"UOP01-DEL01-AP"
358365;2021-05-17;"segunda-feira";"17:40:00";"MG";40;526;"CONTAGEM";"Animais na Pista";"Atropelamento de Animal";"Com Vítimas Feridas";"Plena Noite";"Decrescente";"Céu Claro";"Dupla";"Reta";"Sim";1;0;1;0;0;0;1;1;-19,89255399;-44,04985478;"SPRF-MG";"DEL01-MG";"UOP02-DEL01-MG"
358368;2021-05-17;"segunda-feira";"18:15:00";"RN";101;103;"PARNAMIRIM";"Manobra de mudança de faixa";"Colisão lateral mesmo sentido";"Com Vítimas Feridas";"Plena Noite";"Crescente";"Céu Claro";"Dupla";"Reta";"Sim";2;0;1;0;1;0;1;2;-5,89034022;-35,24894996;"SPRF-RN";"DEL01-RN";"UOP01-DEL01-RN"
358369;2021-05-17;"segunda-feira";"17:05:00";"RJ";101;294;"ITABORAI";"Condutor deixou de manter distância do veículo da frente";"Colisão traseira";"Com Vítimas Feridas";"Anoitecer";"Crescente";"Céu Claro";"Múltipla";"Reta";"Sim";3;0;1;0;2;0;1;3;-22,7584434;-42,89502344;"SPRF-RJ";"DEL02-RJ";"UOP02-DEL02-RJ"
358370;2021-05-17;"segunda-feira";"15:55:00";"PB";104;132,2;"QUEIMADAS";"Condutor deixou de manter distância do veículo da frente";"Colisão traseira";"Sem Vítimas";"Pleno dia";"Crescente";"Céu Claro";"Simples";"Reta";"Sim";2;0;0;0;2;0;0;2;-7,30787596;-35,89344027;"SPRF-PB";"DEL02-PB";"UOP03-DEL02-PB"
358371;2021-05-17;"segunda-feira";"17:30:00";"GO";60;100,3;"ANAPOLIS";"Reação tardia ou ineficiente do condutor";"Saída de leito carroçável";"Com Vítimas Feridas";"Anoitecer";"Decrescente";"Céu Claro";"Dupla";"Declive";"Sim";1;0;1;0;0;0;1;1;-16,3979;-48,9664;"SPRF-GO";"DEL02-GO";"UOP01-DEL02-GO"
358372;2021-05-17;"segunda-feira";"18:20:00";"RS";116;146,8;"CAXIAS DO SUL";"Acessar a via sem observar a presença dos outros veículos";"Colisão transversal";"Com Vítimas Feridas";"Plena Noite";"Crescente";"Céu Claro";"Dupla";"Reta;Interseção de Vias;Declive";"Sim";2;0;0;1;1;0;1;2;-29,14228897;-51,13622202;"SPRF-RS";"DEL05-RS";"UOP01-DEL05-RS"
358373;2021-05-17;"segunda-feira";"18:20:00";"PR";116;126;"FAZENDA RIO GRANDE";"Condutor deixou de manter distância do veículo da frente";"Colisão traseira";"Com Vítimas Feridas";"Plena Noite";"Decrescente";"Ignorado";"Dupla";"Reta";"Não";2;0;1;0;1;0;1;2;-25,60389895;-49,31824423;"SPRF-PR";"DEL01-PR";"UOP03-DEL01-PR"
358375;2021-05-17;"segunda-feira";"18:00:00";"PR";369;38,1;"ANDIRA";"Reação tardia ou ineficiente do condutor";"Atropelamento de Pedestre";"Com Vítimas Fatais";"Anoitecer";"Decrescente";"Céu Claro";"Simples";"Reta";"Sim";3;1;0;1;0;1;1;3;-23,05062438;-50,23837566;"SPRF-PR";"DEL07-PR";"UOP01-DEL07-PR"
358378;2021-05-17;"segunda-feira";"19:00:00";"RS";392;714;"PORTO XAVIER";"Acessar a via sem observar a presença dos outros veículos";"Colisão transversal";"Com Vítimas Feridas";"Plena Noite";"Crescente";"Céu Claro";"Simples";"Reta";"Não";2;0;1;1;0;0;2;2;-27,92566058;-55,13396502;"SPRF-RS";"DEL10-RS";"UOP01-DEL10-RS"
358379;2021-05-17;"segunda-feira";"19:00:00";"PA";163;988;"SANTAREM";"Acessar a via sem observar a presença dos outros veículos";"Colisão transversal";"Com Vítimas Feridas";"Plena Noite";"Decrescente";"Céu Claro";"Simples";"Reta";"Não";2;0;1;0;1;0;1;2;-2,574782;-54,720886;"SPRF-PA";"DEL05-PA";"UOP01-DEL05-PA"
358380;2021-05-17;"segunda-feira";"18:40:00";"MG";40;413,6;"CURVELO";"Conversão proibida";"Colisão traseira";"Com Vítimas Feridas";"Plena Noite";"Decrescente";"Céu Claro";"Dupla";"Interseção de Vias";"Não";2;0;0;1;1;0;1;2;-19,13696;-44,6166;"SPRF-MG";"DEL02-MG";"UOP01-DEL02-MG"
358381;2021-05-17;"segunda-feira";"18:10:00";"SC";101;158,9;"PORTO BELO";"Mal súbito do condutor";"Colisão frontal";"Com Vítimas Feridas";"Anoitecer";"Decrescente";"Céu Claro";"Dupla";"Reta";"Sim";2;0;1;1;0;0;2;2;-27,19096301;-48,61259017;"SPRF-SC";"DEL04-SC";"UOP03-DEL04-SC"
358382;2021-05-17;"segunda-feira";"17:25:00";"SC";163;66,9;"SAO MIGUEL DO OESTE";"Manobra de mudança de faixa";"Colisão lateral mesmo sentido";"Sem Vítimas";"Pleno dia";"Crescente";"Sol";"Dupla";"Reta";"Sim";2;0;0;0;2;0;0;2;-26,76829633;-53,50019222;"SPRF-SC";"DEL07-SC";"UOP03-DEL07-SC"
358384;2021-05-17;"segunda-feira";"18:35:00";"MG";116;411,5;"GOVERNADOR VALADARES";"Pedestre cruzava a pista fora da faixa";"Atropelamento de Pedestre";"Com Vítimas Feridas";"Plena Noite";"Crescente";"Céu Claro";"Dupla";"Reta";"Sim";2;0;0;1;0;1;1;2;-18,86244705;-41,97405237;"SPRF-MG";"DEL06-MG";"UOP01-DEL06-MG"
358385;2021-05-17;"segunda-feira";"19:00:00";"ES";262;6,6;"CARIACICA";"Condutor deixou de manter distância do veículo da frente";"Colisão traseira";"Com Vítimas Feridas";"Plena Noite";"Decrescente";"Céu Claro";"Dupla";"Reta";"Sim";2;0;1;0;1;0;1;2;-20,34086462;-40,39511383;"SPRF-ES";"DEL01-ES";"UOP01-DEL01-ES"