"id";"data_inversa";"dia_semana";"horario";"uf";"br";"km";"municipio";"causa_acidente";"tipo_acidente";"classificacao_acidente";"fase_dia";"sentido_via";"condicao_metereologica";"tipo_pista";"tracado_via";"uso_solo";"pessoas";"mortos";"feridos_leves";"feridos_graves";"ilesos";"ignorados";"feridos";"veiculos";"latitude";"longitude";"regional";"delegacia";"uop"
359440;2021-05-22;"sábado";"23:40:00";"SC";470;90,8;"ASCURRA";"Condutor Dormindo";"Colisão frontal";"Com Vítimas Feridas";"Plena Noite";"Decrescente";"Céu Claro";"Simples";"Reta";"Sim";4;0;2;0;0;2;2;3;-26,969337;-49,367718;"SPRF-SC";"DEL04-SC";"UOP01-DEL04-SC"
359447;2021-05-23;"domingo";"03:50:00";"PA";10;352;"SANTA MARIA DO PARA";"Transitar na contramão";"Colisão frontal";"Com Vítimas Fatais";"Plena Noite";"Crescente";"Ignorado";"Simples";"Reta";"Sim";2;1;0;0;0;1;0;2;-1,36499997;-47,57120291;"SPRF-PA";"DEL01-PA";"UOP02-DEL01-PA"
359448;2021-05-23;"domingo";"05:30:00";"BA";116;820,9;"VITORIA DA CONQUISTA";"Ingestão de álcool pelo condutor";"Saída de leito carroçável";"Sem Vítimas";"Amanhecer";"Crescente";"Céu Claro";"Simples";"Reta;Declive";"Não";2;0;0;0;2;0;0;1;-14,83349292;-40,83909143;"SPRF-BA";"DEL08-BA";"UOP01-DEL08-BA"
359450;2021-05-23;"domingo";"05:48:00";"RJ";101;480;"ANGRA DOS REIS";"Reação tardia ou ineficiente do condutor";"Queda de ocupante de veículo";"Com Vítimas Feridas";"Amanhecer";"Crescente";"Céu Claro";"Simples";"Curva";"Não";2;0;1;1;0;0;2;1;-23,01331268;-44,28361913;"SPRF-RJ";"DEL03-RJ";"UOP03-DEL03-RJ"
359452;2021-05-23;"domingo";"05:30:00";"RS";101;59,5;"MAQUINE";"Pedestre andava na pista";"Atropelamento de Pedestre";"Com Vítimas Fatais";"Plena Noite";"Crescente";"Nublado";"Dupla";"Reta";"Não";2;1;0;0;0;1;0;2;-29,676002;-50,142523;"SPRF-RS";"DEL03-RS";"UOP02-DEL03-RS"
359453;2021-05-23;"domingo";"05:10:00";"RJ";465;19;"NOVA IGUACU";"Ingestão de álcool pelo condutor";"Colisão traseira";"Com Vítimas Feridas";"Amanhecer";"Decrescente";"Céu Claro";"Simples";"Reta";"Sim";3;0;1;0;2;0;1;2;-22,839184;-43,610451;"SPRF-RJ";"DEL03-RJ";"UOP01-DEL03-RJ"
359455;2021-05-23;"domingo";"03:05:00";"PI";316;11,5;"TERESINA";"Ausência de reação do condutor";"Saída de leito carroçável";"Com Vítimas Feridas";"Plena Noite";"Decrescente";"Céu Claro";"Dupla";"Reta";"Não";1;0;0;1;0;0;1;1;-5,202485;-42,757236;"SPRF-PI";"DEL01-PI";"UOP02-DEL01-PI"
359456;2021-05-23;"domingo";"04:00:00";"SP";116;149;"SAO JOSE DOS CAMPOS";"Condutor deixou de manter distância do veículo da frente";"Colisão traseira";"Sem Vítimas";"Plena Noite";"Crescente";"Nevoeiro/Neblina";"Dupla";"Reta";"Não";2;0;0;0;0;2;0;2;-23,20700047;-45,88626861;"SPRF-SP";"DEL02-SP";"UOP01-DEL02-SP"
359458;2021-05-23;"domingo";"05:30:00";"GO";60;127,7;"GOIANAPOLIS";"Condutor Dormindo";"Saída de leito carroçável";"Com Vítimas Feridas";"Amanhecer";"Decrescente";"Nublado";"Dupla";"Curva";"Não";1;0;1;0;0;0;1;1;-16,5412;-49,1495;"SPRF-GO";"DEL01-GO";"UOP01-DEL01-GO"
359459;2021-05-23;"domingo";"07:30:00";"GO";40;11,5;"LUZIANIA";"Ausência de reação do condutor";"Saída de leito carroçável";"Com Vítimas Feridas";"Pleno dia";"Decrescente";"Céu Claro";"Dupla";"Reta";"Sim";5;0;3;2;0;0;5;1;-16,141166;-47,948408;"SPRF-DF";"DEL01-DF";"UOP01-DEL01-DF"
359460;2021-05-23;"domingo";"04:50:00";"RO";364;515;"ARIQUEMES";"Condutor usando celular";"Atropelamento de Pedestre";"Com Vítimas Feridas";"Amanhecer";"Crescente";"Nublado";"Simples";"Reta";"Não";3;0;2;0;1;0;2;2;-9,91939399;-63,06105137;"SPRF-RO";"DEL03-RO";"UOP01-DEL03-RO"
359461;2021-05-23;"domingo";"07:10:00";"RR";401;4;"CANTA";"Condutor Dormindo";"Saída de leito carroçável";"Com Vítimas Feridas";"Pleno dia";"Decrescente";"Nublado";"Dupla";"Reta";"Sim";4;0;2;1;1;0;3;1;2,78964195;-60,65873803;"SPRF-RR";"DEL01-RR";"UOP01-DEL01-RR"
359463;2021-05-23;"domingo";"07:10:00";"MG";251;513,1;"FRANCISCO SA";"Mal súbito do condutor";"Colisão com objeto";"Com Vítimas Feridas";"Pleno dia";"Decrescente";"Céu Claro";"Simples";"Reta";"Não";1;0;1;0;0;0;1;1;-16,6575132;-43,72704597;"SPRF-MG";"DEL12-MG";"UOP01-DEL12-MG"
359464;2021-05-23;"domingo";"06:50:00";"MT";364;440;"VARZEA GRANDE";"Acumulo de água sobre o pavimento";"Saída de leito carroçável";"Com Vítimas Feridas";"Pleno dia";"Crescente";"Chuva";"Simples";"Curva";"Não";1;0;0;1;0;0;1;1;-15,60028539;-56,2066555;"SPRF-MT";"DEL01-MT";"UOP02-DEL01-MT"
359465;2021-05-23;"domingo";"08:10:00";"RJ";116;292;"PORTO REAL";"Neblina";"Capotamento";"Com Vítimas Feridas";"Pleno dia";"Crescente";"Nevoeiro/Neblina";"Dupla";"Aclive;Reta";"Não";1;0;1;0;0;0;1;1;-22,46511993;-44,28491095;"SPRF-RJ";"DEL07-RJ";"UOP02-DEL07-RJ"
359466;2021-05-23;"domingo";"07:20:00";"CE";20;409;"CAUCAIA";"Pista esburacada";"Saída de leito carroçável";"Com Vítimas Feridas";"Pleno dia";"Decrescente";"Céu Claro";"Dupla";"Reta";"Não";1;0;1;0;0;0;1;1;-3,76999035;-38,67006282;"SPRF-CE";"DEL01-CE";"UOP01-DEL01-CE"
359469;2021-05-23;"domingo";"08:20:00";"SP";153;61,9;"SAO JOSE DO RIO PRETO";"Chuva";"Saída de leito carroçável";"Com Vítimas Feridas";"Pleno dia";"Crescente";"Chuva";"Dupla";"Viaduto;Reta;Declive";"Sim";2;0;1;0;1;0;1;1;-20,80502876;-49,35574909;"SPRF-SP";"DEL09-SP";"UOP01-DEL09-SP"
359470;2021-05-23;"domingo";"08:20:00";"MG";381;519,4;"IGARAPE";"Velocidade Incompatível";"Colisão com objeto";"Com Vítimas Feridas";"Pleno dia";"Crescente";"Céu Claro";"Dupla";"Curva";"Não";1;0;1;0;0;0;1;1;-20,1144748;-44,30608034;"SPRF-MG";"DEL04-MG";"UOP03-DEL04-MG"
359471;2021-05-23;"domingo";"08:20:00";"BA";101;200;"GOVERNADOR MANGABEIRA";"Ultrapassagem Indevida";"Colisão traseira";"Com Vítimas Feridas";"Pleno dia";"Crescente";"Céu Claro";"Simples";"Reta";"Não";3;0;1;0;2;0;1;3;-12,5930119;-38,9842509;"SPRF-BA";"DEL01-BA";"UOP03-DEL01-BA"
359472;2021-05-23;"domingo";"07:30:00";"GO";70;1,4;"AGUAS LINDAS DE GOIAS";"Reação tardia ou ineficiente do condutor";"Queda de ocupante de veículo";"Com Vítimas Feridas";"Pleno dia";"Decrescente";"Céu Claro";"Dupla";"Declive";"Não";1;0;1;0;0;0;1;1;-15,77579351;-48,23259001;"SPRF-DF";"DEL03-DF";"UOP02-DEL03-DF"
359473;2021-05-23;"domingo";"07:20:00";"MT";163;107,1;"RONDONOPOLIS";"Condutor Dormindo";"Saída de leito carroçável";"Com Vítimas Feridas";"Pleno dia";"Decrescente";"Nublado";"Simples";"Curva;Aclive";"Não";1;0;1;0;0;0;1;1;-16,60299611;-54,69717573;"SPRF-MT";"DEL02-MT";"UOP01-DEL02-MT"
359474;2021-05-22;"sábado";"20:30:00";"SC";116;141,9;"SANTA CECILIA";"Ingestão de álcool pelo condutor";"Colisão frontal";"Sem Vítimas";"Plena Noite";"Crescente";"Nublado";"Simples";"Curva;Aclive";"Não";2;0;0;0;2;0;0;2;-26,97282394;-50,40309796;"SPRF-SC";"DEL06-SC";"UOP02-DEL06-SC"
359476;2021-05-23;"domingo";"08:05:00";"PE";101;112;"IPOJUCA";"Demais falhas mecânicas ou elétricas";"Colisão com objeto";"Com Vítimas Feridas";"Pleno dia";"Decrescente";"Sol";"Dupla";"Reta";"Não";1;0;1;0;0;0;1;1;-8,331422;-35,125286;"SPRF-PE";"DEL01-PE";"UOP01-DEL01-PE"
359478;2021-05-23;"domingo";"06:20:00";"MG";381;389,5;"BARAO DE COCAIS";"Reação tardia ou ineficiente do condutor";"Colisão com objeto";"Com Vítimas Feridas";"Pleno dia";"Decrescente";"Céu Claro";"Dupla";"Reta";"Sim";2;0;1;0;1;0;1;1;-19,8025303;-43,41074556;"SPRF-MG";"DEL01-MG";"UOP01-DEL01-MG"
359481;2021-05-23;"domingo";"09:15:00";"MG";262;357,9;"BETIM";"Velocidade Incompatível";"Saída de leito carroçável";"Com Vítimas Feridas";"Pleno dia";"Crescente";"Nublado";"Dupla";"Curva";"Não";1;0;1;0;0;0;1;1;-19,97470835;-44,18804897;"SPRF-MG";"DEL01-MG";"UOP03-DEL01-MG"
359482;2021-05-23;"domingo";"09:00:00";"CE";222;21,9;"CAUCAIA";"Acessar a via sem observar a presença dos outros veículos";"Colisão transversal";"Com Vítimas Feridas";"Pleno dia";"Decrescente";"Céu Claro";"Simples";"Reta";"Sim";3;0;1;0;2;0;1;2;-3,73305092;-38,74980927;"SPRF-CE";"DEL01-CE";"UOP01-DEL01-CE"
359483;2021-05-22;"sábado";"23:00:00";"MG";381;619,7;"OLIVEIRA";"Pista esburacada";"Colisão com objeto";"Sem Vítimas";"Plena Noite";"Crescente";"Nevoeiro/Neblina";"Dupla";"Reta";"Não";1;0;0;0;1;0;0;1;-20,75199046;-44,7746408;"SPRF-MG";"DEL04-MG";"UOP01-DEL04-MG"
359484;2021-05-22;"sábado";"20:00:00";"MS";60;388,1;"SIDROLANDIA";"Reação tardia ou ineficiente do condutor";"Saída de leito carroçável";"Sem Vítimas";"Plena Noite";"Crescente";"Nublado";"Simples";"Reta";"Não";1;0;0;0;0;1;0;1;-20,69472307;-54,76838483;"SPRF-MS";"DEL01-MS";"UOP04-DEL01-MS"
359486;2021-05-23;"domingo";"10:00:00";"MG";381;520,5;"IGARAPE";"Ausência de reação do condutor";"Colisão com objeto";"Com Vítimas Feridas";"Pleno dia";"Crescente";"Céu Claro";"Dupla";"Curva;Aclive";"Não";2;0;2;0;0;0;2;1;-20,11558298;-44,30477142;"SPRF-MG";"DEL04-MG";"UOP03-DEL04-MG"
359489;2021-05-23;"domingo";"10:30:00";"MG";262;394,2;"PARA DE MINAS";"Velocidade Incompatível";"Tombamento";"Com Vítimas Feridas";"Pleno dia";"Crescente";"Sol";"Dupla";"Reta";"Não";3;0;3;0;0;0;3;2;-19,91870373;-44,49079292;"SPRF-MG";"DEL01-MG";"UOP03-DEL01-MG"
359490;2021-05-23;"domingo";"10:35:00";"BA";101;921;"NOVA VICOSA";"Demais falhas na via";"Capotamento";"Com Vítimas Feridas";"Pleno dia";"Decrescente";"Céu Claro";"Simples";"Reta";"Não";5;0;2;3;0;0;5;1;-17,89515405;-39,81911423;"SPRF-BA";"DEL09-BA";"UOP02-DEL09-BA"
359493;2021-05-23;"domingo";"10:30:00";"PA";316;54;"CASTANHAL";"Reação tardia ou ineficiente do condutor";"Colisão traseira";"Sem Vítimas";"Pleno dia";"Decrescente";"Céu Claro";"Dupla";"Reta";"Não";2;0;0;0;2;0;0;2;-1,30608532;-48,00803597;"SPRF-PA";"DEL01-PA";"UOP01-DEL01-PA"
359496;2021-05-23;"domingo";"09:34:00";"MT";163;80,2;"RONDONOPOLIS";"Acumulo de água sobre o pavimento";"Tombamento";"Com Vítimas Feridas";"Pleno dia";"Crescente";"Chuva";"Dupla";"Reta";"Não";4;0;1;0;3;0;1;1;-16,81816699;-54,69093901;"SPRF-MT";"DEL02-MT";"UOP01-DEL02-MT"
359497;2021-05-23;"domingo";"11:10:00";"RJ";101;524;"ANGRA DOS REIS";"Velocidade Incompatível";"Saída de leito carroçável";"Com Vítimas Feridas";"Pleno dia";"Crescente";"Céu Claro";"Simples";"Curva";"Não";2;0;2;0;0;0;2;1;-22,99959786;-44,47765217;"SPRF-RJ";"DEL03-RJ";"UOP02-DEL03-RJ"
359498;2021-05-23;"domingo";"08:20:00";"MG";116;277,8;"TEOFILO OTONI";"Ingestão de álcool pelo condutor";"Colisão com objeto";"Com Vítimas Feridas";"Pleno dia";"Decrescente";"Céu Claro";"Simples";"Reta";"Sim";1;0;1;0;0;0;1;1;-17,859945;-41,515144;"SPRF-MG";"DEL11-MG";"UOP01-DEL11-MG"
359499;2021-05-23;"domingo";"11:36:00";"GO";50;311;"CUMARI";"Acumulo de areia ou detritos sobre o pavimento";"Tombamento";"Com Vítimas Feridas";"Pleno dia";"Crescente";"Nublado";"Simples";"Curva;Aclive";"Não";1;0;1;0;0;0;1;1;-18,4065;-48,08;"SPRF-GO";"DEL06-GO";"UOP01-DEL06-GO"
359501;2021-05-23;"domingo";"12:15:00";"SC";101;104;"BALNEARIO PICARRAS";"Acessar a via sem observar a presença dos outros veículos";"Colisão lateral mesmo sentido";"Com Vítimas Feridas";"Pleno dia";"Decrescente";"Sol";"Dupla";"Reta";"Não";2;0;2;0;0;0;2;2;-26,79281742;-48,68080819;"SPRF-SC";"DEL03-SC";"UOP02-DEL03-SC"
359502;2021-05-23;"domingo";"12:30:00";"GO";153;510;"APARECIDA DE GOIANIA";"Demais falhas mecânicas ou elétricas";"Queda de ocupante de veículo";"Com Vítimas Feridas";"Pleno dia";"Decrescente";"Céu Claro";"Múltipla";"Reta";"Sim";1;0;1;0;0;0;1;1;-16,7977;-49,2386;"SPRF-GO";"DEL01-GO";"UOP03-DEL01-GO"
359503;2021-05-23;"domingo";"09:50:00";"GO";153;94;"SANTA TEREZA DE GOIAS";"Ultrapassagem Indevida";"Colisão frontal";"Com Vítimas Feridas";"Pleno dia";"Crescente";"Céu Claro";"Simples";"Reta";"Não";2;0;0;1;1;0;1;2;-13,604548;-49,042053;"SPRF-GO";"DEL07-GO";"UOP01-DEL07-GO"
359504;2021-05-23;"domingo";"12:30:00";"ES";101;285;"CARIACICA";"Demais falhas mecânicas ou elétricas";"Incêndio";"Sem Vítimas";"Pleno dia";"Crescente";"Céu Claro";"Dupla";"Declive";"Sim";1;0;0;0;1;0;0;1;-20,25148171;-40,37270066;"SPRF-ES";"DEL01-ES";"UOP01-DEL01-ES"
359505;2021-05-23;"domingo";"12:20:00";"RN";406;78,7;"JOAO CAMARA";"Reação tardia ou ineficiente do condutor";"Saída de leito carroçável";"Com Vítimas Feridas";"Pleno dia";"Crescente";"Céu Claro";"Simples";"Curva";"Não";3;0;3;0;0;0;3;1;-5,41582898;-35,99843999;"SPRF-RN";"DEL02-RN";"UOP01-DEL02-RN"
359506;2021-05-23;"domingo";"11:38:00";"MT";364;339,8;"SANTO ANTONIO DO LEVERGER";"Acumulo de água sobre o pavimento";"Saída de leito carroçável";"Com Vítimas Feridas";"Pleno dia";"Crescente";"Chuva";"Dupla";"Reta";"Não";2;0;1;0;1;0;1;1;-15,81159442;-55,39106548;"SPRF-MT";"DEL05-MT";"UOP02-DEL05-MT"
359507;2021-05-23;"domingo";"13:00:00";"RS";101;87;"OSORIO";"Demais falhas mecânicas ou elétricas";"Incêndio";"Sem Vítimas";"Pleno dia";"Crescente";"Céu Claro";"Simples";"Reta";"Sim";1;0;0;0;1;0;0;1;-29,88149021;-50,26433789;"SPRF-RS";"DEL03-RS";"UOP01-DEL03-RS"
359508;2021-05-23;"domingo";"05:20:00";"SC";282;305,5;"VARGEM";"Reação tardia ou ineficiente do condutor";"Saída de leito carroçável";"Com Vítimas Feridas";"Plena Noite";"Crescente";"Céu Claro";"Simples";"Curva";"Não";4;0;4;0;0;0;4;1;-27,49662336;-50,95064163;"SPRF-SC";"DEL07-SC";"UOP06-DEL07-SC"
359509;2021-05-23;"domingo";"12:45:00";"PR";277;677,9;"MEDIANEIRA";"Reação tardia ou ineficiente do condutor";"Colisão traseira";"Sem Vítimas";"Pleno dia";"Crescente";"Céu Claro";"Dupla";"Reta";"Não";2;0;0;0;1;1;0;2;-25,30758578;-54,14057014;"SPRF-PR";"DEL05-PR";"UOP01-DEL05-PR"
359511;2021-05-23;"domingo";"13:20:00";"SC";101;125;"ITAJAI";"Manobra de mudança de faixa";"Colisão lateral mesmo sentido";"Com Vítimas Feridas";"Pleno dia";"Decrescente";"Céu Claro";"Dupla";"Reta";"Sim";5;0;1;1;3;0;2;2;-26,94802427;-48,68338515;"SPRF-SC";"DEL04-SC";"UOP04-DEL04-SC"
359512;2021-05-23;"domingo";"13:45:00";"RS";386;136,5;"SARANDI";"Acessar a via sem observar a presença dos outros veículos";"Colisão transversal";"Com Vítimas Feridas";"Pleno dia";"Crescente";"Céu Claro";"Dupla";"Reta";"Sim";4;0;3;0;1;0;3;2;-27,96036;-52,91103;"SPRF-RS";"DEL08-RS";"UOP01-DEL08-RS"
359513;2021-05-23;"domingo";"12:55:00";"MG";262;441,9;"NOVA SERRANA";"Velocidade Incompatível";"Tombamento";"Com Vítimas Feridas";"Pleno dia";"Decrescente";"Céu Claro";"Múltipla";"Declive";"Sim";1;0;1;0;0;0;1;1;-19,88296154;-44,90293014;"SPRF-MG";"DEL08-MG";"UOP03-DEL08-MG"
359514;2021-05-23;"domingo";"13:40:00";"SC";280;23,8;"ARAQUARI";"Acessar a via sem observar a presença dos outros veículos";"Colisão transversal";"Com Vítimas Feridas";"Pleno dia";"Decrescente";"Céu Claro";"Simples";"Reta";"Não";2;0;1;0;1;0;1;2;-26,37146;-48,711887;"SPRF-SC";"DEL03-SC";"UOP03-DEL03-SC"
359516;2021-05-23;"domingo";"08:30:00";"MA";135;8,1;"SAO LUIS";"Retorno proibido";"Colisão transversal";"Com Vítimas Feridas";"Pleno dia";"Decrescente";"Céu Claro";"Dupla";"Reta";"Não";2;0;0;1;0;1;1;2;-2,64342093;-44,27374175;"SPRF-MA";"DEL01-MA";"UOP01-DEL01-MA"
359519;2021-05-23;"domingo";"14:30:00";"SC";282;46,7;"AGUAS MORNAS";"Ultrapassagem Indevida";"Colisão lateral sentido oposto";"Com Vítimas Feridas";"Pleno dia";"Crescente";"Céu Claro";"Simples";"Curva";"Não";2;0;0;1;0;1;1;2;-27,721041;-48,925152;"SPRF-SC";"DEL01-SC";"UOP03-DEL01-SC"
359520;2021-05-23;"domingo";"14:30:00";"PR";277;107;"CAMPO LARGO";"Reação tardia ou ineficiente do condutor";"Saída de leito carroçável";"Com Vítimas Feridas";"Pleno dia";"Crescente";"Céu Claro";"Dupla";"Aclive";"Não";2;0;2;0;0;0;2;1;-25,43352299;-49,43761826;"SPRF-PR";"DEL01-PR";"UOP03-DEL03-PR"
359521;2021-05-23;"domingo";"12:15:00";"PR";373;229;"IMBITUVA";"Reação tardia ou ineficiente do condutor";"Queda de ocupante de veículo";"Com Vítimas Feridas";"Pleno dia";"Decrescente";"Céu Claro";"Simples";"Rotatória";"Não";1;0;1;0;0;0;1;1;-25,17897128;-50,6584799;"SPRF-PR";"DEL03-PR";"UOP04-DEL03-PR"
359522;2021-01-12;"terça-feira";"12:54:00";"PE";232;168;"TACAIMBO";"Reação tardia ou ineficiente do condutor";"Tombamento";"Com Vítimas Feridas";"Pleno dia";"Decrescente";"Ignorado";"Simples";"Reta";"Não";1;0;0;1;0;0;1;1;-8,34025462;-36,32320404;"SPRF-PE";"DEL02-PE";"UOP03-DEL02-PE"
359523;2021-05-23;"domingo";"14:50:00";"RN";101;50,6;"CEARA-MIRIM";"Reação tardia ou ineficiente do condutor";"Saída de leito carroçável";"Com Vítimas Feridas";"Pleno dia";"Decrescente";"Céu Claro";"Simples";"Reta";"Não";4;0;3;0;1;0;3;1;-5,52988904;-35,31767528;"SPRF-RN";"DEL02-RN";"UOP01-DEL02-RN"
359524;2021-05-23;"domingo";"11:30:00";"AL";316;204,4;"MARIBONDO";"Ausência de reação do condutor";"Colisão lateral sentido oposto";"Com Vítimas Feridas";"Pleno dia";"Crescente";"Céu Claro";"Simples";"Reta";"Sim";2;0;1;0;1;0;1;2;-9,57189615;-36,29419392;"SPRF-AL";"DEL03-AL";"UOP01-DEL03-AL"
359525;2021-05-23;"domingo";"13:20:00";"SP";381;75;"SAO PAULO";"Condutor deixou de manter distância do veículo da frente";"Colisão lateral mesmo sentido";"Com Vítimas Feridas";"Pleno dia";"Decrescente";"Chuva";"Múltipla";"Curva";"Não";3;0;1;0;1;1;1;3;-23,37660089;-46,56409613;"SPRF-SP";"DEL03-SP";"UOP01-DEL03-SP"
359526;2021-05-23;"domingo";"13:50:00";"BA";324;545;"AMELIA RODRIGUES";"Reação tardia ou ineficiente do condutor";"Saída de leito carroçável";"Com Vítimas Feridas";"Pleno dia";"Decrescente";"Céu Claro";"Dupla";"Reta";"Sim";3;0;2;1;0;0;3;2;-12,40647;-38,753143;"SPRF-BA";"DEL01-BA";"UOP03-DEL01-BA"
359527;2021-05-23;"domingo";"15:00:00";"SP";381;70;"SAO PAULO";"Chuva";"Colisão com objeto";"Sem Vítimas";"Pleno dia";"Crescente";"Garoa/Chuvisco";"Dupla";"Curva";"Não";1;0;0;0;1;0;0;1;-23,34972978;-46,56070474;"SPRF-SP";"DEL03-SP";"UOP01-DEL03-SP"
359528;2021-05-23;"domingo";"14:30:00";"BA";324;619;"SALVADOR";"Ausência de reação do condutor";"Tombamento";"Com Vítimas Feridas";"Pleno dia";"Decrescente";"Céu Claro";"Múltipla";"Reta";"Sim";3;0;3;0;0;0;3;1;-12,89820999;-38,45012202;"SPRF-BA";"DEL01-BA";"UOP01-DEL01-BA"
359530;2021-05-23;"domingo";"15:30:00";"GO";153;554;"PROFESSOR JAMIL";"Manobra de mudança de faixa";"Colisão traseira";"Com Vítimas Feridas";"Pleno dia";"Decrescente";"Céu Claro";"Dupla";"Reta";"Não";8;0;2;0;6;0;2;2;-17,1765;-49,2104;"SPRF-GO";"DEL03-GO";"UOP01-DEL03-GO"
359533;2021-05-23;"domingo";"16:00:00";"SC";101;112,2;"ITAJAI";"Demais falhas mecânicas ou elétricas";"Queda de ocupante de veículo";"Com Vítimas Feridas";"Anoitecer";"Crescente";"Céu Claro";"Múltipla";"Reta";"Não";2;0;2;0;0;0;2;1;-26,84589005;-48,72131295;"SPRF-SC";"DEL04-SC";"UOP04-DEL04-SC"
359535;2021-05-23;"domingo";"10:30:00";"MG";381;159,4;"GOVERNADOR VALADARES";"Conversão proibida";"Colisão transversal";"Com Vítimas Feridas";"Pleno dia";"Crescente";"Céu Claro";"Simples";"Curva";"Não";2;0;0;1;1;0;1;2;-18,92455594;-42,01932801;"SPRF-MG";"DEL06-MG";"UOP01-DEL06-MG"
359536;2021-05-23;"domingo";"15:40:00";"RJ";465;1;"SEROPEDICA";"Transitar no acostamento";"Atropelamento de Pedestre";"Com Vítimas Fatais";"Pleno dia";"Decrescente";"Céu Claro";"Simples";"Reta";"Sim";2;1;0;0;0;1;0;2;-22,719835;-43,725739;"SPRF-RJ";"DEL01-RJ";"UOP03-DEL01-RJ"
359537;2021-05-23;"domingo";"16:45:00";"BA";324;619;"SALVADOR";"Reação tardia ou ineficiente do condutor";"Colisão com objeto";"Com Vítimas Feridas";"Pleno dia";"Decrescente";"Céu Claro";"Múltipla";"Reta";"Sim";3;0;1;0;2;0;1;1;-12,89820999;-38,45012202;"SPRF-BA";"DEL01-BA";"UOP01-DEL01-BA"
359539;2021-04-13;"terça-feira";"16:00:00";"GO";70;13,3;"AGUAS LINDAS DE GOIAS";"Animais na Pista";"Saída de leito carroçável";"Com Vítimas Feridas";"Pleno dia";"Crescente";"Céu Claro";"Dupla";"Reta;Declive";"Sim";1;0;1;0;0;0;1;1;-15,746755;-48,320204;"SPRF-DF";"DEL03-DF";"UOP02-DEL03-DF"
359540;2021-05-23;"domingo";"16:50:00";"ES";101;255;"SERRA";"Transitar no acostamento";"Atropelamento de Pedestre";"Com Vítimas Feridas";"Anoitecer";"Crescente";"Nublado";"Simples";"Aclive";"Sim";4;0;1;1;0;2;2;2;-20,11487935;-40,31943619;"SPRF-ES";"DEL02-ES";"UOP01-DEL02-ES"
359543;2021-05-23;"domingo";"15:00:00";"MG";381;444;"SABARA";"Retorno proibido";"Colisão transversal";"Com Vítimas Feridas";"Pleno dia";"Crescente";"Céu Claro";"Simples";"Reta";"Sim";2;0;0;1;1;0;1;2;-19,82360393;-43,82539293;"SPRF-MG";"DEL01-MG";"UOP01-DEL01-MG"
359544;2021-05-23;"domingo";"16:45:00";"SC";101;210;"SAO JOSE";"Ingestão de álcool pelo condutor";"Saída de leito carroçável";"Sem Vítimas";"Pleno dia";"Crescente";"Céu Claro";"Múltipla";"Reta";"Sim";1;0;0;0;1;0;0;1;-27,6167305;-48,6457265;"SPRF-SC";"DEL01-SC";"UOP01-DEL01-SC"
359546;2021-05-23;"domingo";"17:30:00";"GO";40;3;"VALPARAISO DE GOIAS";"Ingestão de álcool pelo condutor";"Colisão traseira";"Sem Vítimas";"Anoitecer";"Decrescente";"Céu Claro";"Dupla";"Reta";"Sim";4;0;0;0;4;0;0;2;-16,08154299;-47,98640907;"SPRF-DF";"DEL01-DF";"UOP01-DEL01-DF"
359548;2021-05-23;"domingo";"17:30:00";"SP";381;71;"SAO PAULO";"Avarias e/ou desgaste excessivo no pneu";"Capotamento";"Com Vítimas Feridas";"Anoitecer";"Decrescente";"Chuva";"Múltipla";"Curva";"Não";2;0;1;0;1;0;1;1;-23,35047979;-46,55267274;"SPRF-SP";"DEL03-SP";"UOP01-DEL03-SP"
359549;2021-03-12;"sexta-feira";"22:30:00";"SP";101;46;"UBATUBA";"Conversão proibida";"Colisão frontal";"Com Vítimas Feridas";"Plena Noite";"Crescente";"Nublado";"Simples";"Reta";"Sim";2;0;1;0;1;0;1;2;-23,42564557;-45,07699013;"SPRF-SP";"DEL06-SP";"UOP01-DEL06-SP"
359551;2021-05-23;"domingo";"17:10:00";"RJ";40;101;"DUQUE DE CAXIAS";"Acessar a via sem observar a presença dos outros veículos";"Colisão transversal";"Com Vítimas Feridas";"Anoitecer";"Decrescente";"Céu Claro";"Simples";"Retorno Regulamentado";"Não";3;0;0;1;2;0;1;2;-22,60246485;-43,28380739;"SPRF-RJ";"DEL01-RJ";"UOP01-DEL01-RJ"
359553;2021-05-23;"domingo";"18:00:00";"SC";280;48;"GUARAMIRIM";"Ingestão de álcool pelo condutor";"Colisão traseira";"Sem Vítimas";"Anoitecer";"Crescente";"Céu Claro";"Simples";"Aclive;Reta";"Não";2;0;0;0;2;0;0;2;-26,45506795;-48,92766502;"SPRF-SC";"DEL03-SC";"UOP03-DEL03-SC"
359555;2021-05-23;"domingo";"18:00:00";"BA";324;537;"CONCEICAO DO JACUIPE";"Acessar a via sem observar a presença dos outros veículos";"Colisão traseira";"Com Vítimas Feridas";"Plena Noite";"Crescente";"Céu Claro";"Dupla";"Reta";"Não";3;0;1;0;1;1;1;2;-12,36902201;-38,81384601;"SPRF-BA";"DEL01-BA";"UOP03-DEL01-BA"
359556;2021-05-23;"domingo";"17:30:00";"SP";381;78;"SAO PAULO";"Chuva";"Queda de ocupante de veículo";"Com Vítimas Feridas";"Anoitecer";"Crescente";"Chuva";"Múltipla";"Curva";"Não";2;0;2;0;0;0;2;1;-23,39620774;-46,57355227;"SPRF-SP";"DEL03-SP";"UOP01-DEL03-SP"