"id";"data_inversa";"dia_semana";"horario";"uf";"br";"km";"municipio";"causa_acidente";"tipo_acidente";"classificacao_acidente";"fase_dia";"sentido_via";"condicao_metereologica";"tipo_pista";"tracado_via";"uso_solo";"pessoas";"mortos";"feridos_leves";"feridos_graves";"ilesos";"ignorados";"feridos";"veiculos";"latitude";"longitude";"regional";"delegacia";"uop"
359558;2021-05-23;"domingo";"08:50:00";"MG";153;37;"CANAPOLIS";"Transitar no acostamento";"Colisão traseira";"Com Vítimas Fatais";"Pleno dia";"Decrescente";"Céu Claro";"Dupla";"Aclive";"Não";5;1;0;0;1;3;0;3;-18,72745629;-49,11459223;"SPRF-MG";"DEL15-MG";"UOP03-DEL15-MG"
359559;2021-05-23;"domingo";"17:50:00";"SC";101;381,4;"ICARA";"Reação tardia ou ineficiente do condutor";"Saída de leito carroçável";"Com Vítimas Feridas";"Anoitecer";"Decrescente";"Céu Claro";"Múltipla";"Aclive;Reta";"Sim";1;0;1;0;0;0;1;1;-28,75478409;-49,27732095;"SPRF-SC";"DEL02-SC";"UOP02-DEL02-SC"
359560;2021-05-23;"domingo";"16:30:00";"SC";282;535,2;"CHAPECO";"Desrespeitar a preferência no cruzamento";"Colisão transversal";"Sem Vítimas";"Pleno dia";"Decrescente";"Sol";"Simples";"Interseção de Vias";"Sim";2;0;0;0;2;0;0;2;-26,998245;-52,643768;"SPRF-SC";"DEL07-SC";"UOP01-DEL07-SC"
359561;2021-05-23;"domingo";"17:50:00";"PR";376;158;"MANDAGUACU";"Reação tardia ou ineficiente do condutor";"Saída de leito carroçável";"Com Vítimas Feridas";"Plena Noite";"Decrescente";"Céu Claro";"Dupla";"Reta";"Não";2;0;2;0;0;0;2;1;-23,36169997;-52,08593395;"SPRF-PR";"DEL09-PR";"UOP01-DEL09-PR"
359562;2021-05-23;"domingo";"18:45:00";"SC";101;215,3;"PALHOCA";"Manobra de mudança de faixa";"Colisão lateral mesmo sentido";"Com Vítimas Feridas";"Plena Noite";"Decrescente";"Céu Claro";"Dupla";"Reta";"Sim";2;0;0;1;1;0;1;2;-27,65184843;-48,67604941;"SPRF-SC";"DEL01-SC";"UOP02-DEL01-SC"
359563;2021-05-23;"domingo";"16:40:00";"SC";101;337,8;"TUBARAO";"Objeto estático sobre o leito carroçável";"Colisão com objeto";"Com Vítimas Feridas";"Pleno dia";"Decrescente";"Céu Claro";"Dupla";"Aclive";"Sim";1;0;1;0;0;0;1;1;-28,47801624;-49,03246283;"SPRF-SC";"DEL02-SC";"UOP01-DEL02-SC"
359565;2021-05-23;"domingo";"18:00:00";"SC";101;140,5;"BALNEARIO CAMBORIU";"Condutor deixou de manter distância do veículo da frente";"Colisão traseira";"Com Vítimas Feridas";"Plena Noite";"Decrescente";"Céu Claro";"Simples";"Túnel";"Não";3;0;2;0;1;0;2;2;-27,03881189;-48,60025148;"SPRF-SC";"DEL04-SC";"UOP03-DEL04-SC"
359566;2021-05-23;"domingo";"18:30:00";"ES";101;309,5;"VIANA";"Acessar a via sem observar a presença dos outros veículos";"Colisão transversal";"Sem Vítimas";"Plena Noite";"Crescente";"Céu Claro";"Simples";"Reta;Em Obras";"Sim";2;0;0;0;1;1;0;2;-20,417;-40,45984911;"SPRF-ES";"DEL01-ES";"UOP01-DEL01-ES"
359567;2021-05-23;"domingo";"18:30:00";"MG";116;584,1;"MANHUACU";"Ausência de reação do condutor";"Atropelamento de Pedestre";"Com Vítimas Fatais";"Plena Noite";"Decrescente";"Céu Claro";"Simples";"Reta";"Não";2;1;1;0;0;0;1;2;-20,22302088;-42,17880872;"SPRF-MG";"DEL06-MG";"UOP03-DEL06-MG"
359568;2021-05-23;"domingo";"17:00:00";"PR";277;388,1;"CANDOI";"Problema com o freio";"Atropelamento de Pedestre";"Com Vítimas Feridas";"Pleno dia";"Decrescente";"Céu Claro";"Múltipla";"Reta";"Sim";2;0;1;0;1;0;1;2;-25,4345774;-51,80956591;"SPRF-PR";"DEL08-PR";"UOP01-DEL08-PR"
359570;2021-05-23;"domingo";"19:20:00";"SP";116;221;"GUARULHOS";"Ultrapassagem Indevida";"Colisão com objeto";"Com Vítimas Feridas";"Plena Noite";"Decrescente";"Nublado";"Múltipla";"Reta";"Não";3;0;3;0;0;0;3;1;-23,46802395;-46,50704901;"SPRF-SP";"DEL01-SP";"UOP01-DEL01-SP"
359571;2021-05-23;"domingo";"19:00:00";"SC";282;22,6;"SANTO AMARO DA IMPERATRIZ";"Trafegar com motocicleta (ou similar) entre as faixas";"Colisão transversal";"Com Vítimas Feridas";"Plena Noite";"Crescente";"Nublado";"Simples";"Interseção de Vias";"Sim";2;0;1;0;1;0;1;2;-27,68913809;-48,73496532;"SPRF-SC";"DEL01-SC";"UOP02-DEL01-SC"
359572;2021-02-13;"sábado";"15:55:00";"PB";230;133;"CAMPINA GRANDE";"Reação tardia ou ineficiente do condutor";"Saída de leito carroçável";"Com Vítimas Feridas";"Pleno dia";"Crescente";"Chuva";"Dupla";"Curva";"Não";2;0;1;1;0;0;2;1;-7,2767;-35,7464;"SPRF-PB";"DEL02-PB";"UOP01-DEL02-PB"
359574;2021-05-23;"domingo";"17:40:00";"RR";401;1;"BOA VISTA";"Condutor desrespeitou a iluminação vermelha do semáforo";"Colisão lateral mesmo sentido";"Com Vítimas Feridas";"Anoitecer";"Decrescente";"Nublado";"Múltipla";"Interseção de Vias";"Sim";2;0;1;0;1;0;1;2;2,80229396;-60,68243402;"SPRF-RR";"DEL01-RR";"UOP01-DEL01-RR"
359575;2021-05-23;"domingo";"19:20:00";"SP";116;76,7;"ROSEIRA";"Condutor deixou de manter distância do veículo da frente";"Colisão traseira";"Com Vítimas Feridas";"Plena Noite";"Decrescente";"Nublado";"Dupla";"Reta";"Não";4;0;2;0;2;0;2;2;-22,87747687;-45,27203908;"SPRF-SP";"DEL08-SP";"UOP01-DEL08-SP"
359576;2021-05-23;"domingo";"18:50:00";"BA";324;2,3;"FEIRA DE SANTANA";"Ingestão de álcool pelo condutor";"Colisão lateral mesmo sentido";"Sem Vítimas";"Plena Noite";"Decrescente";"Céu Claro";"Dupla";"Reta";"Sim";2;0;0;0;2;0;0;2;-12,28563466;-38,95319273;"SPRF-BA";"DEL02-BA";"UOP01-DEL02-BA"
359577;2021-05-23;"domingo";"18:00:00";"PR";376;615;"SAO JOSE DOS PINHAIS";"Ausência de reação do condutor";"Colisão traseira";"Sem Vítimas";"Plena Noite";"Decrescente";"Céu Claro";"Dupla";"Interseção de Vias";"Não";6;0;0;0;6;0;0;2;-25,569237;-49,183735;"SPRF-PR";"DEL01-PR";"UOP01-DEL01-PR"
359578;2021-05-12;"quarta-feira";"23:45:00";"MS";163;265;"DOURADOS";"Reação tardia ou ineficiente do condutor";"Colisão com objeto";"Sem Vítimas";"Plena Noite";"Crescente";"Céu Claro";"Dupla";"Rotatória";"Sim";1;0;0;0;0;1;0;1;-22,222698;-54,73128;"SPRF-MS";"DEL04-MS";"UOP01-DEL04-MS"
359579;2021-05-23;"domingo";"14:00:00";"MA";135;113,8;"MIRANDA DO NORTE";"Reação tardia ou ineficiente do condutor";"Saída de leito carroçável";"Com Vítimas Feridas";"Pleno dia";"Crescente";"Céu Claro";"Simples";"Reta";"Não";1;0;0;1;0;0;1;1;-3,46081702;-44,52958795;"SPRF-MA";"DEL01-MA";"UOP02-DEL01-MA"
359580;2021-05-23;"domingo";"18:20:00";"SC";101;129,1;"CAMBORIU";"Ausência de reação do condutor";"Colisão traseira";"Sem Vítimas";"Anoitecer";"Crescente";"Céu Claro";"Dupla";"Reta";"Sim";2;0;0;0;2;0;0;2;-26,98064277;-48,6790679;"SPRF-SC";"DEL04-SC";"UOP03-DEL04-SC"
359581;2021-05-23;"domingo";"17:30:00";"SC";282;113,3;"ALFREDO WAGNER";"Ultrapassagem Indevida";"Colisão frontal";"Com Vítimas Fatais";"Anoitecer";"Crescente";"Céu Claro";"Simples";"Reta";"Não";7;1;0;6;0;0;6;2;-27,743142;-49,3862693;"SPRF-SC";"DEL01-SC";"UOP03-DEL01-SC"
359582;2021-05-23;"domingo";"19:00:00";"RS";101;75,6;"OSORIO";"Ingestão de álcool pelo condutor";"Saída de leito carroçável";"Sem Vítimas";"Plena Noite";"Decrescente";"Céu Claro";"Dupla";"Curva";"Não";2;0;0;0;2;0;0;1;-29,793781;-50,230806;"SPRF-RS";"DEL03-RS";"UOP01-DEL03-RS"
359583;2021-05-23;"domingo";"16:25:00";"MT";174;1;"PONTES E LACERDA";"Ingestão de álcool pelo condutor";"Tombamento";"Com Vítimas Feridas";"Pleno dia";"Decrescente";"Nublado";"Simples";"Reta";"Sim";1;0;1;0;0;0;1;1;-15,24466754;-59,31620479;"SPRF-MT";"DEL03-MT";"UOP01-DEL03-MT"
359584;2021-05-23;"domingo";"18:30:00";"SC";470;176;"POUSO REDONDO";"Velocidade Incompatível";"Colisão traseira";"Com Vítimas Feridas";"Plena Noite";"Decrescente";"Céu Claro";"Simples";"Reta";"Sim";3;0;0;1;1;1;1;3;-27,254238;-49,948658;"SPRF-SC";"DEL04-SC";"UOP02-DEL04-SC"
359585;2021-05-23;"domingo";"20:00:00";"PE";232;123;"CARUARU";"Ingestão de álcool pelo condutor";"Colisão transversal";"Sem Vítimas";"Plena Noite";"Decrescente";"Céu Claro";"Dupla";"Reta";"Não";2;0;0;0;2;0;0;2;-8,30562575;-35,93336105;"SPRF-PE";"DEL02-PE";"UOP03-DEL02-PE"
359586;2021-05-15;"sábado";"21:10:00";"DF";40;3;"BRASILIA";"Manobra de mudança de faixa";"Colisão com objeto";"Com Vítimas Feridas";"Plena Noite";"Crescente";"Céu Claro";"Dupla";"Reta";"Sim";2;0;1;1;0;0;2;1;-16,01292106;-47,9821229;"SPRF-DF";"DEL01-DF";"UOP01-DEL01-DF"
359588;2021-05-23;"domingo";"17:30:00";"CE";116;164,5;"RUSSAS";"Acessar a via sem observar a presença dos outros veículos";"Atropelamento de Pedestre";"Com Vítimas Fatais";"Pleno dia";"Decrescente";"Céu Claro";"Simples";"Reta";"Sim";3;1;0;1;1;0;1;2;-4,94719055;-37,9919925;"SPRF-CE";"DEL03-CE";"UOP01-DEL03-CE"
359590;2021-05-23;"domingo";"18:40:00";"RJ";465;18;"NOVA IGUACU";"Ingestão de álcool pelo condutor";"Colisão traseira";"Com Vítimas Feridas";"Plena Noite";"Crescente";"Céu Claro";"Simples";"Reta";"Sim";4;0;4;0;0;0;4;3;-22,831354;-43,615128;"SPRF-RJ";"DEL03-RJ";"UOP01-DEL03-RJ"
359591;2021-05-23;"domingo";"20:00:00";"SP";381;36;"ATIBAIA";"Ausência de reação do condutor";"Capotamento";"Sem Vítimas";"Plena Noite";"Decrescente";"Céu Claro";"Dupla";"Curva";"Sim";2;0;0;0;2;0;0;2;-23,09707232;-46,57180706;"SPRF-SP";"DEL03-SP";"UOP01-DEL03-SP"
359593;2021-05-23;"domingo";"06:40:00";"ES";482;96;"ALEGRE";"Velocidade Incompatível";"Saída de leito carroçável";"Com Vítimas Feridas";"Pleno dia";"Decrescente";"Céu Claro";"Simples";"Curva";"Não";2;0;0;2;0;0;2;1;-20,76917066;-41,59862516;"SPRF-ES";"DEL03-ES";"UOP02-DEL03-ES"
359594;2021-05-23;"domingo";"05:10:00";"RJ";101;295;"ITABORAI";"Curva acentuada";"Tombamento";"Com Vítimas Feridas";"Amanhecer";"Crescente";"Céu Claro";"Dupla";"Reta";"Sim";1;0;1;0;0;0;1;1;-22,76365068;-42,90223623;"SPRF-RJ";"DEL02-RJ";"UOP02-DEL02-RJ"
359595;2021-05-23;"domingo";"19:30:00";"SP";153;225;"MARILIA";"Ingestão de substâncias psicoativas pelo condutor";"Colisão com objeto";"Sem Vítimas";"Plena Noite";"Crescente";"Céu Claro";"Simples";"Declive";"Não";1;0;0;0;1;0;0;1;-22,04080298;-49,90366676;"SPRF-SP";"DEL07-SP";"UOP02-DEL07-SP"
359596;2021-05-23;"domingo";"20:10:00";"MG";381;477,5;"CONTAGEM";"Pedestre andava na pista";"Atropelamento de Pedestre";"Com Vítimas Feridas";"Plena Noite";"Crescente";"Céu Claro";"Dupla";"Aclive;Reta";"Sim";2;0;1;0;1;0;1;2;-19,95773873;-44,03005958;"SPRF-MG";"DEL01-MG";"UOP03-DEL01-MG"
359597;2021-05-23;"domingo";"17:20:00";"RN";405;165;"RAFAEL FERNANDES";"Acessar a via sem observar a presença dos outros veículos";"Colisão transversal";"Sem Vítimas";"Pleno dia";"Crescente";"Céu Claro";"Simples";"Reta";"Não";2;0;0;0;1;1;0;2;-6,22874202;-38,24350596;"SPRF-RN";"DEL04-RN";"UOP02-DEL04-RN"
359598;2021-05-23;"domingo";"20:40:00";"SC";282;16,2;"PALHOCA";"Acessar a via sem observar a presença dos outros veículos";"Colisão transversal";"Com Vítimas Feridas";"Plena Noite";"Decrescente";"Céu Claro";"Simples";"Reta";"Sim";2;0;0;1;1;0;1;2;-27,658611;-48,681847;"SPRF-SC";"DEL01-SC";"UOP02-DEL01-SC"
359599;2021-05-23;"domingo";"19:30:00";"MS";163;258;"DOURADOS";"Iluminação deficiente";"Tombamento";"Com Vítimas Feridas";"Plena Noite";"Decrescente";"Céu Claro";"Dupla";"Reta";"Sim";2;0;0;1;1;0;1;2;-22,25859;-54,783592;"SPRF-MS";"DEL04-MS";"UOP01-DEL04-MS"
359601;2021-05-23;"domingo";"21:00:00";"RJ";116;167;"RIO DE JANEIRO";"Frear bruscamente";"Colisão com objeto";"Com Vítimas Feridas";"Plena Noite";"Crescente";"Céu Claro";"Múltipla";"Reta";"Sim";2;0;1;0;1;0;1;1;-22,94774994;-43,26141357;"SPRF-RJ";"DEL01-RJ";"UOP01-DEL01-RJ"
359603;2021-05-23;"domingo";"19:30:00";"PR";376;425;"TIBAGI";"Condutor deixou de manter distância do veículo da frente";"Colisão traseira";"Sem Vítimas";"Plena Noite";"Crescente";"Céu Claro";"Simples";"Curva";"Não";2;0;0;0;2;0;0;2;-24,7589837;-50,53031553;"SPRF-PR";"DEL03-PR";"UOP02-DEL03-PR"
359604;2021-05-23;"domingo";"18:00:00";"MT";163;843;"SINOP";"Falta de acostamento";"Colisão lateral mesmo sentido";"Com Vítimas Feridas";"Anoitecer";"Decrescente";"Céu Claro";"Simples";"Reta";"Sim";9;0;1;0;8;0;1;2;-11,79039958;-55,47683716;"SPRF-MT";"DEL06-MT";"NPF/DEL06-MT"
359606;2021-05-23;"domingo";"19:30:00";"RJ";465;3;"SEROPEDICA";"Conversão proibida";"Colisão transversal";"Com Vítimas Feridas";"Plena Noite";"Decrescente";"Céu Claro";"Simples";"Reta";"Não";2;0;1;0;1;0;1;2;-22,73427;-43,711994;"SPRF-RJ";"DEL01-RJ";"UOP03-DEL01-RJ"
359607;2021-05-23;"domingo";"21:45:00";"SC";282;16,3;"PALHOCA";"Reação tardia ou ineficiente do condutor";"Colisão traseira";"Com Vítimas Feridas";"Plena Noite";"Crescente";"Nublado";"Simples";"Interseção de Vias";"Sim";2;0;0;1;1;0;1;2;-27,66169335;-48,68453979;"SPRF-SC";"DEL01-SC";"UOP02-DEL01-SC"
359608;2021-05-23;"domingo";"20:50:00";"GO";20;92;"VILA BOA";"Acostamento em desnível";"Capotamento";"Com Vítimas Feridas";"Plena Noite";"Crescente";"Céu Claro";"Simples";"Reta";"Não";1;0;0;1;0;0;1;1;-15,005429;-47,035912;"SPRF-DF";"DEL02-DF";"UOP01-DEL02-DF"
359609;2021-05-23;"domingo";"21:50:00";"GO";40;3;"VALPARAISO DE GOIAS";"Velocidade Incompatível";"Saída de leito carroçável";"Com Vítimas Feridas";"Plena Noite";"Decrescente";"Céu Claro";"Dupla";"Reta";"Sim";1;0;1;0;0;0;1;1;-16,076081;-47,985671;"SPRF-DF";"DEL01-DF";"UOP01-DEL01-DF"
359610;2021-05-23;"domingo";"21:00:00";"BA";101;557,3;"ARATACA";"Velocidade Incompatível";"Colisão frontal";"Com Vítimas Fatais";"Plena Noite";"Crescente";"Céu Claro";"Simples";"Curva";"Não";4;2;1;1;0;0;2;2;-15,32682898;-39,50061866;"SPRF-BA";"DEL05-BA";"UOP02-DEL05-BA"
359611;2021-05-23;"domingo";"15:30:00";"SC";158;140,9;"PALMITOS";"Acessar a via sem observar a presença dos outros veículos";"Colisão transversal";"Com Vítimas Feridas";"Pleno dia";"Crescente";"Céu Claro";"Simples";"Reta;Declive";"Não";4;0;1;0;3;0;1;2;-27,12575601;-53,21242903;"SPRF-SC";"DEL07-SC";"UOP02-DEL07-SC"
359612;2021-05-23;"domingo";"18:50:00";"BA";116;802,3;"VITORIA DA CONQUISTA";"Ausência de reação do condutor";"Saída de leito carroçável";"Com Vítimas Feridas";"Plena Noite";"Crescente";"Nublado";"Simples";"Reta";"Não";1;0;1;0;0;0;1;1;-14,71788729;-40,61626384;"SPRF-BA";"DEL08-BA";"UOP02-DEL08-BA"
359614;2021-05-23;"domingo";"22:00:00";"PR";376;591;"CURITIBA";"Ingestão de álcool pelo condutor";"Saída de leito carroçável";"Sem Vítimas";"Plena Noite";"Crescente";"Nublado";"Dupla";"Reta";"Sim";1;0;0;0;1;0;0;1;-25,45999605;-49,35895013;"SPRF-PR";"DEL01-PR";"UOP01-DEL01-PR"
359615;2021-05-23;"domingo";"21:45:00";"SP";116;490;"CAJATI";"Ausência de reação do condutor";"Saída de leito carroçável";"Com Vítimas Feridas";"Plena Noite";"Crescente";"Céu Claro";"Dupla";"Reta";"Não";1;0;1;0;0;0;1;1;-24,73464809;-48,11602794;"SPRF-SP";"DEL05-SP";"UOP01-DEL05-SP"
359619;2021-05-23;"domingo";"20:45:00";"RN";304;242;"RIACHUELO";"Ingestão de álcool e/ou substâncias psicoativas pelo pedestre";"Atropelamento de Pedestre";"Com Vítimas Feridas";"Plena Noite";"Decrescente";"Céu Claro";"Simples";"Reta";"Sim";2;0;1;0;0;1;1;2;-5,81157;-35,821495;"SPRF-RN";"DEL01-RN";"UOP02-DEL01-RN"
359621;2021-05-23;"domingo";"19:50:00";"MT";174;5;"PONTES E LACERDA";"Ingestão de álcool pelo condutor";"Colisão frontal";"Com Vítimas Feridas";"Plena Noite";"Decrescente";"Nublado";"Simples";"Reta";"Sim";5;0;5;0;0;0;5;2;-15,23089047;-59,34770465;"SPRF-MT";"DEL03-MT";"UOP01-DEL03-MT"
359622;2021-05-23;"domingo";"17:00:00";"PR";369;148;"LONDRINA";"Ultrapassagem Indevida";"Colisão lateral mesmo sentido";"Com Vítimas Feridas";"Pleno dia";"Crescente";"Céu Claro";"Dupla";"Reta";"Sim";3;0;2;0;1;0;2;2;-23,29281122;-51,14636242;"SPRF-PR";"DEL07-PR";"UOP01-DEL07-PR"
359624;2021-05-23;"domingo";"22:30:00";"AP";210;4;"MACAPA";"Transitar na contramão";"Colisão transversal";"Com Vítimas Feridas";"Plena Noite";"Crescente";"Céu Claro";"Simples";"Interseção de Vias";"Sim";2;0;0;1;1;0;1;2;0,08824228;-51,09472897;"SPRF-AP";"DEL01-AP";"UOP01-DEL01-AP"
359625;2021-05-23;"domingo";"22:50:00";"SP";116;115;"TAUBATE";"Ausência de reação do condutor";"Colisão com objeto";"Com Vítimas Feridas";"Plena Noite";"Crescente";"Céu Claro";"Dupla";"Reta";"Não";1;0;0;1;0;0;1;1;-23,0496047;-45,59973712;"SPRF-SP";"DEL02-SP";"UOP02-DEL02-SP"
359626;2021-05-23;"domingo";"22:45:00";"SP";116;155,8;"SAO JOSE DOS CAMPOS";"Ingestão de álcool pelo condutor";"Colisão com objeto";"Sem Vítimas";"Plena Noite";"Decrescente";"Céu Claro";"Dupla";"Reta";"Sim";1;0;0;0;1;0;0;1;-23,24766598;-45,93126666;"SPRF-SP";"DEL02-SP";"UOP01-DEL02-SP"
359627;2021-05-23;"domingo";"22:15:00";"PR";163;289;"MARECHAL CANDIDO RONDON";"Mal súbito do condutor";"Saída de leito carroçável";"Com Vítimas Feridas";"Plena Noite";"Crescente";"Céu Claro";"Simples";"Curva";"Não";1;0;1;0;0;0;1;1;-24,52350744;-54,05832812;"SPRF-PR";"DEL06-PR";"UOP02-DEL06-PR"
359630;2021-05-23;"domingo";"21:08:00";"PR";277;43,6;"MORRETES";"Ingestão de álcool pelo condutor";"Colisão lateral mesmo sentido";"Sem Vítimas";"Plena Noite";"Decrescente";"Céu Claro";"Dupla";"Curva";"Não";2;0;0;0;2;0;0;2;-25,57437908;-48,85418905;"SPRF-PR";"DEL01-PR";"UOP05-DEL01-PR"
359632;2021-05-23;"domingo";"21:20:00";"BA";116;855;"VITORIA DA CONQUISTA";"Conversão proibida";"Colisão com objeto";"Com Vítimas Feridas";"Plena Noite";"Crescente";"Céu Claro";"Simples";"Reta";"Não";1;0;1;0;0;0;1;1;-15,02658192;-40,95520409;"SPRF-BA";"DEL08-BA";"UOP01-DEL08-BA"
359635;2021-05-23;"domingo";"23:10:00";"SC";101;376,4;"ICARA";"Condutor Dormindo";"Saída de leito carroçável";"Com Vítimas Feridas";"Plena Noite";"Crescente";"Céu Claro";"Dupla";"Curva";"Não";2;0;2;0;0;0;2;1;-28,74294424;-49,25321102;"SPRF-SC";"DEL02-SC";"UOP01-DEL02-SC"
359636;2021-05-23;"domingo";"23:50:00";"PR";476;139,7;"CURITIBA";"Velocidade Incompatível";"Colisão com objeto";"Com Vítimas Feridas";"Plena Noite";"Decrescente";"Nublado";"Múltipla";"Reta";"Sim";1;0;0;1;0;0;1;1;-25,51284;-49,289257;"SPRF-PR";"DEL01-PR";"UOP03-DEL01-PR"
359637;2021-05-23;"domingo";"23:55:00";"SP";116;200;"ARUJA";"Obstrução na via";"Colisão traseira";"Sem Vítimas";"Plena Noite";"Crescente";"Nublado";"Múltipla";"Reta";"Não";2;0;0;0;2;0;0;2;-23,40281294;-46,3211;"SPRF-SP";"DEL01-SP";"UOP01-DEL01-SP"
359638;2021-05-23;"domingo";"20:25:00";"SC";470;129;"LONTRAS";"Reação tardia ou ineficiente do condutor";"Saída de leito carroçável";"Sem Vítimas";"Plena Noite";"Decrescente";"Céu Claro";"Simples";"Reta";"Não";1;0;0;0;1;0;0;1;-27,148499;-49,556137;"SPRF-SC";"DEL04-SC";"UOP02-DEL04-SC"
359639;2021-05-23;"domingo";"23:40:00";"PE";428;176,9;"PETROLINA";"Pedestre andava na pista";"Atropelamento de Pedestre";"Com Vítimas Fatais";"Plena Noite";"Decrescente";"Céu Claro";"Simples";"Reta";"Não";2;1;0;0;0;1;0;2;-9,26824308;-40,43343586;"SPRF-PE";"DEL06-PE";"UOP01-DEL06-PE"
359644;2021-05-24;"segunda-feira";"00:29:00";"MA";222;388;"SANTA INES";"Transitar na contramão";"Colisão frontal";"Com Vítimas Feridas";"Plena Noite";"Crescente";"Céu Claro";"Simples";"Reta";"Não";2;0;0;1;1;0;1;2;-3,853267;-45,52951;"SPRF-MA";"DEL02-MA";"UOP01-DEL02-MA"
359646;2021-05-24;"segunda-feira";"03:20:00";"SP";116;449,5;"REGISTRO";"Ausência de reação do condutor";"Tombamento";"Com Vítimas Feridas";"Plena Noite";"Crescente";"Céu Claro";"Múltipla";"Reta";"Sim";1;0;1;0;0;0;1;1;-24,52913591;-47,85619324;"SPRF-SP";"DEL05-SP";"UOP01-DEL05-SP"
359648;2021-05-24;"segunda-feira";"02:00:00";"SP";116;274;"TABOAO DA SERRA";"Mal súbito do condutor";"Colisão com objeto";"Com Vítimas Feridas";"Plena Noite";"Decrescente";"Céu Claro";"Dupla";"Curva";"Sim";1;0;1;0;0;0;1;1;-23,63445084;-46,82418514;"SPRF-SP";"DEL04-SP";"UOP01-DEL04-SP"
359649;2021-05-24;"segunda-feira";"02:45:00";"RJ";116;306,3;"RESENDE";"Condutor deixou de manter distância do veículo da frente";"Colisão traseira";"Sem Vítimas";"Plena Noite";"Crescente";"Céu Claro";"Dupla";"Reta";"Sim";3;0;0;0;3;0;0;2;-22,45645538;-44,40259093;"SPRF-RJ";"DEL07-RJ";"UOP02-DEL07-RJ"
359650;2021-05-08;"sábado";"08:20:00";"PA";10;352;"SANTA MARIA DO PARA";"Acessar a via sem observar a presença dos outros veículos";"Colisão traseira";"Com Vítimas Feridas";"Pleno dia";"Crescente";"Céu Claro";"Simples";"Aclive;Reta";"Não";3;0;0;2;1;0;2;2;-1,36499997;-47,57120291;"SPRF-PA";"DEL01-PA";"UOP02-DEL01-PA"
359653;2021-05-23;"domingo";"18:00:00";"SC";470;33,4;"GASPAR";"Desvio temporário";"Saída de leito carroçável";"Com Vítimas Feridas";"Anoitecer";"Crescente";"Céu Claro";"Dupla";"Interseção de Vias;Reta";"Não";2;0;1;0;1;0;1;1;-26,90835;-48,94395;"SPRF-SC";"DEL04-SC";"UOP01-DEL04-SC"
359654;2021-05-23;"domingo";"19:00:00";"SC";470;56;"BLUMENAU";"Trafegar com motocicleta (ou similar) entre as faixas";"Colisão frontal";"Com Vítimas Feridas";"Plena Noite";"Crescente";"Nublado";"Simples";"Reta";"Não";2;0;2;0;0;0;2;2;-26,87674;-49,127743;"SPRF-SC";"DEL04-SC";"UOP01-DEL04-SC"
359656;2021-05-23;"domingo";"18:30:00";"BA";101;352;"WENCESLAU GUIMARAES";"Transitar na contramão";"Colisão frontal";"Com Vítimas Feridas";"Plena Noite";"Decrescente";"Céu Claro";"Simples";"Reta";"Não";3;0;1;0;2;0;1;2;-13,64064865;-39,48898315;"SPRF-BA";"DEL05-BA";"UOP03-DEL05-BA"
359658;2021-05-23;"domingo";"18:00:00";"RS";116;138,7;"CAXIAS DO SUL";"Velocidade Incompatível";"Colisão frontal";"Com Vítimas Fatais";"Pleno dia";"Crescente";"Chuva";"Simples";"Curva";"Não";2;1;0;0;1;0;0;2;-29,08970102;-51,11289119;"SPRF-RS";"DEL05-RS";"UOP01-DEL05-RS"
359659;2021-05-24;"segunda-feira";"06:50:00";"ES";101;296,6;"CARIACICA";"Demais falhas mecânicas ou elétricas";"Queda de ocupante de veículo";"Com Vítimas Feridas";"Pleno dia";"Decrescente";"Céu Claro";"Dupla";"Viaduto";"Não";1;0;1;0;0;0;1;1;-20,34029997;-40,40405712;"SPRF-ES";"DEL01-ES";"UOP01-DEL01-ES"
359660;2021-05-23;"domingo";"23:10:00";"SP";116;149,7;"SAO JOSE DOS CAMPOS";"Acessar a via sem observar a presença dos outros veículos";"Colisão traseira";"Com Vítimas Feridas";"Plena Noite";"Decrescente";"Céu Claro";"Múltipla";"Curva";"Sim";6;0;3;0;3;0;3;2;-23,20974683;-45,88893771;"SPRF-SP";"DEL02-SP";"UOP01-DEL02-SP"
359662;2021-05-20;"quinta-feira";"09:25:00";"RJ";493;67;"NOVA IGUACU";"Reação tardia ou ineficiente do condutor";"Capotamento";"Com Vítimas Feridas";"Pleno dia";"Crescente";"Céu Claro";"Dupla";"Reta";"Sim";1;0;1;0;0;0;1;1;-22,68230246;-43,457991;"SPRF-RJ";"DEL01-RJ";"UOP03-DEL01-RJ"
359664;2021-02-05;"sexta-feira";"11:28:00";"RN";101;97;"NATAL";"Condutor deixou de manter distância do veículo da frente";"Colisão traseira";"Sem Vítimas";"Pleno dia";"Decrescente";"Céu Claro";"Dupla";"Reta";"Sim";3;0;0;0;2;1;0;3;-5,85539381;-35,21171312;"SPRF-RN";"DEL01-RN";"UOP01-DEL01-RN"
359669;2021-05-24;"segunda-feira";"08:05:00";"RN";101;81;"NATAL";"Ausência de reação do condutor";"Colisão traseira";"Sem Vítimas";"Pleno dia";"Decrescente";"Sol";"Dupla";"Reta";"Sim";2;0;0;0;1;1;0;2;-5,76421097;-35,28430939;"SPRF-RN";"DEL02-RN";"UOP01-DEL02-RN"