"id";"data_inversa";"dia_semana";"horario";"uf";"br";"km";"municipio";"causa_acidente";"tipo_acidente";"classificacao_acidente";"fase_dia";"sentido_via";"condicao_metereologica";"tipo_pista";"tracado_via";"uso_solo";"pessoas";"mortos";"feridos_leves";"feridos_graves";"ilesos";"ignorados";"feridos";"veiculos";"latitude";"longitude";"regional";"delegacia";"uop"
359671;2021-05-24;"segunda-feira";"08:00:00";"SP";381;58;"ATIBAIA";"Reação tardia ou ineficiente do condutor";"Colisão traseira";"Com Vítimas Feridas";"Pleno dia";"Crescente";"Céu Claro";"Dupla";"Reta";"Não";3;0;3;0;0;0;3;2;-23,27438497;-46,58530615;"SPRF-SP";"DEL03-SP";"UOP01-DEL03-SP"
359675;2021-05-24;"segunda-feira";"08:20:00";"ES";101;298;"VIANA";"Ausência de reação do condutor";"Colisão traseira";"Com Vítimas Feridas";"Pleno dia";"Crescente";"Céu Claro";"Simples";"Viaduto";"Sim";2;0;0;1;1;0;1;2;-20,35374444;-40,4156433;"SPRF-ES";"DEL01-ES";"UOP01-DEL01-ES"
359678;2021-05-23;"domingo";"20:30:00";"MT";70;540;"NOSSA SENHORA DO LIVRAMENTO";"Manobra de mudança de faixa";"Colisão frontal";"Sem Vítimas";"Plena Noite";"Decrescente";"Céu Claro";"Simples";"Reta";"Não";9;0;0;0;8;1;0;3;-15,679203;-56,300734;"SPRF-MT";"DEL03-MT";"UOP02-DEL03-MT"
359679;2021-05-24;"segunda-feira";"08:20:00";"ES";101;272,5;"SERRA";"Reação tardia ou ineficiente do condutor";"Queda de ocupante de veículo";"Com Vítimas Feridas";"Pleno dia";"Decrescente";"Céu Claro";"Múltipla";"Reta";"Sim";1;0;0;1;0;0;1;1;-20,22724888;-40,28426988;"SPRF-ES";"DEL02-ES";"UOP01-DEL02-ES"
359684;2021-05-24;"segunda-feira";"08:45:00";"MG";381;484,3;"BETIM";"Reação tardia ou ineficiente do condutor";"Colisão com objeto";"Com Vítimas Feridas";"Pleno dia";"Decrescente";"Céu Claro";"Múltipla";"Reta";"Sim";2;0;1;0;1;0;1;2;-19,95592351;-44,09706116;"SPRF-MG";"DEL01-MG";"UOP03-DEL01-MG"
359685;2021-05-24;"segunda-feira";"08:30:00";"BA";324;521;"FEIRA DE SANTANA";"Condutor deixou de manter distância do veículo da frente";"Colisão lateral mesmo sentido";"Com Vítimas Feridas";"Pleno dia";"Crescente";"Céu Claro";"Dupla";"Reta";"Não";2;0;0;1;0;1;1;2;-12,2913626;-38,9119542;"SPRF-BA";"DEL01-BA";"UOP03-DEL01-BA"
359687;2021-05-24;"segunda-feira";"08:00:00";"SP";381;78;"SAO PAULO";"Condutor deixou de manter distância do veículo da frente";"Colisão traseira";"Com Vítimas Feridas";"Pleno dia";"Crescente";"Céu Claro";"Dupla";"Reta";"Não";1;0;1;0;0;0;1;1;-23,39620774;-46,57355227;"SPRF-SP";"DEL03-SP";"UOP01-DEL03-SP"
359688;2021-05-24;"segunda-feira";"08:30:00";"RJ";101;499,1;"ANGRA DOS REIS";"Velocidade Incompatível";"Colisão frontal";"Com Vítimas Fatais";"Pleno dia";"Decrescente";"Céu Claro";"Simples";"Curva";"Não";3;1;1;0;1;0;1;2;-22,91610465;-44,34270859;"SPRF-RJ";"DEL03-RJ";"UOP03-DEL03-RJ"
359691;2021-05-24;"segunda-feira";"08:00:00";"SC";470;140;"RIO DO SUL";"Conversão proibida";"Colisão transversal";"Com Vítimas Feridas";"Pleno dia";"Decrescente";"Céu Claro";"Simples";"Reta";"Não";2;0;1;0;1;0;1;2;-27,222485;-49,662827;"SPRF-SC";"DEL04-SC";"UOP02-DEL04-SC"
359692;2021-05-24;"segunda-feira";"07:45:00";"RJ";101;169;"MACAE";"Condutor deixou de manter distância do veículo da frente";"Colisão traseira";"Com Vítimas Feridas";"Pleno dia";"Crescente";"Nublado";"Simples";"Curva";"Não";3;0;1;0;2;0;1;2;-22,35125958;-41,9221205;"SPRF-RJ";"DEL08-RJ";"UOP04-DEL08-RJ"
359696;2021-05-24;"segunda-feira";"09:15:00";"MT";163;840;"SINOP";"Demais falhas mecânicas ou elétricas";"Queda de ocupante de veículo";"Com Vítimas Feridas";"Pleno dia";"Crescente";"Céu Claro";"Simples";"Reta";"Sim";1;0;1;0;0;0;1;1;-11,79968755;-55,47916934;"SPRF-MT";"DEL06-MT";"NPF/DEL06-MT"
359698;2021-05-24;"segunda-feira";"07:40:00";"PR";158;522;"PATO BRANCO";"Conversão proibida";"Colisão transversal";"Com Vítimas Feridas";"Pleno dia";"Decrescente";"Céu Claro";"Simples";"Reta";"Não";2;0;1;0;1;0;1;2;-26,12673003;-52,64724298;"SPRF-PR";"DEL02-PR";"UOP01-DEL02-PR"
359699;2021-05-24;"segunda-feira";"08:40:00";"PB";230;234,8;"JUAZEIRINHO";"Acessar a via sem observar a presença dos outros veículos";"Colisão transversal";"Sem Vítimas";"Pleno dia";"Decrescente";"Céu Claro";"Simples";"Reta";"Não";3;0;0;0;3;0;0;2;-7,0416;-36,5166;"SPRF-PB";"DEL02-PB";"UOP02-DEL02-PB"
359700;2021-05-24;"segunda-feira";"10:25:00";"MG";381;456;"BELO HORIZONTE";"Acessar a via sem observar a presença dos outros veículos";"Colisão transversal";"Com Vítimas Feridas";"Pleno dia";"Decrescente";"Céu Claro";"Dupla";"Reta;Interseção de Vias";"Sim";2;0;1;0;1;0;1;2;-19,84475184;-43,88645411;"SPRF-MG";"DEL01-MG";"UOP01-DEL01-MG"
359701;2021-05-24;"segunda-feira";"10:40:00";"RJ";116;141;"DUQUE DE CAXIAS";"Acessar a via sem observar a presença dos outros veículos";"Atropelamento de Pedestre";"Com Vítimas Feridas";"Pleno dia";"Crescente";"Nublado";"Múltipla";"Retorno Regulamentado";"Sim";3;0;1;0;1;1;1;3;-22,64724486;-43,22083001;"SPRF-RJ";"DEL01-RJ";"UOP01-DEL01-RJ"
359703;2021-05-24;"segunda-feira";"09:50:00";"PE";232;66,5;"GRAVATA";"Reação tardia ou ineficiente do condutor";"Saída de leito carroçável";"Com Vítimas Feridas";"Pleno dia";"Decrescente";"Sol";"Dupla";"Declive;Curva";"Não";1;0;1;0;0;0;1;1;-8,16707371;-35,45583389;"SPRF-PE";"DEL02-PE";"UOP02-DEL02PE"
359704;2021-05-24;"segunda-feira";"10:00:00";"MS";262;0;"TRES LAGOAS";"Reação tardia ou ineficiente do condutor";"Colisão traseira";"Com Vítimas Feridas";"Pleno dia";"Decrescente";"Céu Claro";"Simples";"Reta";"Não";2;0;1;0;1;0;1;2;-20,782074;-51,65705;"SPRF-MS";"DEL07-MS";"UOP01-DEL07-MS"
359705;2021-05-24;"segunda-feira";"10:40:00";"GO";153;675;"PANAMA";"Velocidade Incompatível";"Saída de leito carroçável";"Com Vítimas Feridas";"Pleno dia";"Decrescente";"Céu Claro";"Dupla";"Curva";"Não";2;0;2;0;0;0;2;1;-18,1855;-49,2895;"SPRF-GO";"DEL03-GO";"UOP02-DEL03-GO"
359706;2021-05-24;"segunda-feira";"08:18:00";"PE";101;7;"GOIANA";"Manobra de mudança de faixa";"Saída de leito carroçável";"Com Vítimas Feridas";"Pleno dia";"Decrescente";"Sol";"Dupla";"Curva";"Não";3;0;2;0;0;1;2;2;-7,55997111;-34,99072674;"SPRF-PE";"DEL01-PE";"UOP02-DEL01-PE"
359707;2021-05-24;"segunda-feira";"11:40:00";"RJ";116;180;"NOVA IGUACU";"Velocidade Incompatível";"Saída de leito carroçável";"Com Vítimas Feridas";"Pleno dia";"Decrescente";"Céu Claro";"Dupla";"Reta";"Sim";2;0;2;0;0;0;2;1;-22,7651616;-43,4154728;"SPRF-RJ";"DEL01-RJ";"UOP02-DEL01-RJ"
359710;2021-05-24;"segunda-feira";"12:25:00";"SP";116;273;"TABOAO DA SERRA";"Reação tardia ou ineficiente do condutor";"Colisão traseira";"Sem Vítimas";"Pleno dia";"Crescente";"Céu Claro";"Simples";"Reta";"Sim";2;0;0;0;2;0;0;2;-23,62809795;-46,81870306;"SPRF-SP";"DEL04-SP";"UOP01-DEL04-SP"
359711;2021-04-03;"sábado";"16:15:00";"MG";381;502,5;"BETIM";"Velocidade Incompatível";"Queda de ocupante de veículo";"Com Vítimas Feridas";"Pleno dia";"Crescente";"Sol";"Dupla";"Curva";"Sim";1;0;0;1;0;0;1;1;-20,03619694;-44,24586303;"SPRF-MG";"DEL01-MG";"UOP03-DEL01-MG"
359713;2021-05-24;"segunda-feira";"13:00:00";"SE";235;1,5;"ARACAJU";"Condutor deixou de manter distância do veículo da frente";"Colisão traseira";"Com Vítimas Feridas";"Pleno dia";"Crescente";"Céu Claro";"Dupla";"Reta";"Sim";2;0;1;0;1;0;1;2;-10,9073;-37,0947;"SPRF-SE";"DEL01-SE";"UOP01-DEL01-SE"
359715;2021-05-24;"segunda-feira";"11:00:00";"RJ";101;256;"RIO BONITO";"Reação tardia ou ineficiente do condutor";"Capotamento";"Com Vítimas Feridas";"Pleno dia";"Decrescente";"Nublado";"Dupla";"Reta";"Sim";1;0;1;0;0;0;1;1;-22,69621133;-42,56854493;"SPRF-RJ";"DEL02-RJ";"UOP03-DEL02-RJ"
359716;2021-05-24;"segunda-feira";"13:30:00";"SC";101;214;"PALHOCA";"Pedestre andava na pista";"Atropelamento de Pedestre";"Com Vítimas Feridas";"Pleno dia";"Crescente";"Céu Claro";"Dupla";"Reta";"Sim";3;0;1;0;2;0;1;3;-27,64443;-48,67057;"SPRF-SC";"DEL01-SC";"UOP02-DEL01-SC"
359718;2021-05-24;"segunda-feira";"13:10:00";"PE";101;44,8;"IGARASSU";"Condutor deixou de manter distância do veículo da frente";"Colisão traseira";"Com Vítimas Feridas";"Pleno dia";"Decrescente";"Sol";"Múltipla";"Reta";"Sim";3;0;0;1;2;0;1;2;-7,85637001;-34,90842109;"SPRF-PE";"DEL01-PE";"UOP02-DEL01-PE"
359719;2021-05-24;"segunda-feira";"13:16:00";"MG";40;510;"RIBEIRAO DAS NEVES";"Avarias e/ou desgaste excessivo no pneu";"Queda de ocupante de veículo";"Com Vítimas Feridas";"Pleno dia";"Decrescente";"Céu Claro";"Dupla";"Reta";"Não";3;0;2;0;0;1;2;2;-19,77463885;-44,12321882;"SPRF-MG";"DEL01-MG";"UOP02-DEL01-MG"
359720;2021-05-24;"segunda-feira";"13:49:00";"PE";407;126,3;"PETROLINA";"Retorno proibido";"Colisão transversal";"Com Vítimas Feridas";"Pleno dia";"Crescente";"Sol";"Simples";"Reta";"Sim";2;0;1;0;1;0;1;2;-9,38491309;-40,52809509;"SPRF-PE";"DEL06-PE";"UOP01-DEL06-PE"
359721;2021-05-24;"segunda-feira";"08:25:00";"SC";101;113,4;"ITAJAI";"Condutor deixou de manter distância do veículo da frente";"Colisão traseira";"Com Vítimas Feridas";"Pleno dia";"Crescente";"Sol";"Múltipla";"Reta";"Sim";2;0;1;0;1;0;1;2;-26,85311393;-48,72689927;"SPRF-SC";"DEL04-SC";"UOP04-DEL04-SC"
359722;2021-05-24;"segunda-feira";"11:50:00";"PB";230;355,6;"PATOS";"Avarias e/ou desgaste excessivo no pneu";"Colisão com objeto";"Com Vítimas Feridas";"Pleno dia";"Crescente";"Céu Claro";"Simples";"Declive";"Não";1;0;1;0;0;0;1;1;-6,93;-37,4207;"SPRF-PB";"DEL03-PB";"UOP02-DEL03-PB"
359723;2021-05-24;"segunda-feira";"13:50:00";"PR";163;286;"MARECHAL CANDIDO RONDON";"Mal súbito do condutor";"Colisão com objeto";"Com Vítimas Feridas";"Pleno dia";"Crescente";"Céu Claro";"Dupla";"Reta";"Sim";1;0;1;0;0;0;1;1;-24,568102;-54,034168;"SPRF-PR";"DEL06-PR";"UOP02-DEL06-PR"
359724;2021-04-27;"terça-feira";"11:00:00";"PR";376;164;"MARINGA";"Manobra de mudança de faixa";"Colisão lateral mesmo sentido";"Com Vítimas Feridas";"Pleno dia";"Decrescente";"Sol";"Dupla";"Reta";"Não";3;0;1;0;2;0;1;2;-23,38591406;-52,02449602;"SPRF-PR";"DEL09-PR";"UOP01-DEL09-PR"
359726;2021-05-24;"segunda-feira";"14:00:00";"PA";163;985;"SANTAREM";"Acessar a via sem observar a presença dos outros veículos";"Colisão transversal";"Com Vítimas Feridas";"Pleno dia";"Decrescente";"Céu Claro";"Simples";"Interseção de Vias";"Não";2;0;0;1;1;0;1;2;-2,59622971;-54,71964955;"SPRF-PA";"DEL05-PA";"UOP01-DEL05-PA"
359727;2021-05-24;"segunda-feira";"14:20:00";"ES";101;147;"LINHARES";"Ausência de reação do condutor";"Colisão traseira";"Com Vítimas Feridas";"Pleno dia";"Decrescente";"Céu Claro";"Dupla";"Reta";"Sim";2;0;2;0;0;0;2;2;-19,37887202;-40,06657892;"SPRF-ES";"DEL04-ES";"UOP01-DEL04-ES"
359729;2021-05-24;"segunda-feira";"14:00:00";"MG";381;454;"BELO HORIZONTE";"Reação tardia ou ineficiente do condutor";"Engavetamento";"Com Vítimas Feridas";"Pleno dia";"Decrescente";"Céu Claro";"Simples";"Viaduto;Reta";"Sim";4;0;1;0;3;0;1;3;-19,8415931;-43,86813998;"SPRF-MG";"DEL01-MG";"UOP01-DEL01-MG"
359730;2021-05-24;"segunda-feira";"14:50:00";"SC";470;60,1;"BLUMENAU";"Reação tardia ou ineficiente do condutor";"Colisão transversal";"Com Vítimas Feridas";"Pleno dia";"Decrescente";"Céu Claro";"Simples";"Interseção de Vias";"Não";2;0;1;0;1;0;1;2;-26,88138;-49,164543;"SPRF-SC";"DEL04-SC";"UOP01-DEL04-SC"
359731;2021-05-24;"segunda-feira";"13:20:00";"MT";163;835;"SINOP";"Ausência de reação do condutor";"Queda de ocupante de veículo";"Com Vítimas Feridas";"Pleno dia";"Crescente";"Céu Claro";"Simples";"Viaduto";"Sim";1;0;1;0;0;0;1;1;-11,85886717;-55,49451828;"SPRF-MT";"DEL06-MT";"UOP01-DEL06-MT"
359732;2021-04-25;"domingo";"18:20:00";"BA";324;613;"SALVADOR";"Transitar na contramão";"Saída de leito carroçável";"Com Vítimas Feridas";"Plena Noite";"Decrescente";"Céu Claro";"Simples";"Reta";"Não";1;0;0;1;0;0;1;1;-12,85531601;-38,42055197;"SPRF-BA";"DEL01-BA";"UOP01-DEL01-BA"
359733;2021-05-24;"segunda-feira";"14:00:00";"RJ";101;421;"MANGARATIBA";"Transitar na contramão";"Colisão lateral sentido oposto";"Com Vítimas Feridas";"Pleno dia";"Decrescente";"Nublado";"Simples";"Reta";"Não";4;0;1;0;3;0;1;2;-22,9189815;-43,92318002;"SPRF-RJ";"DEL03-RJ";"UOP03-DEL03-RJ"
359736;2021-05-24;"segunda-feira";"14:50:00";"PI";316;4,4;"TERESINA";"Objeto estático sobre o leito carroçável";"Colisão com objeto";"Com Vítimas Feridas";"Pleno dia";"Decrescente";"Sol";"Múltipla";"Reta";"Sim";1;0;1;0;0;0;1;1;-5,13655894;-42,78900388;"SPRF-PI";"DEL01-PI";"UOP02-DEL01-PI"
359739;2021-05-24;"segunda-feira";"14:55:00";"MG";262;358,8;"BETIM";"Demais falhas mecânicas ou elétricas";"Saída de leito carroçável";"Com Vítimas Feridas";"Pleno dia";"Crescente";"Sol";"Dupla";"Reta";"Não";2;0;2;0;0;0;2;1;-19,97562699;-44,197751;"SPRF-MG";"DEL01-MG";"UOP03-DEL01-MG"
359740;2021-05-24;"segunda-feira";"15:40:00";"SC";101;357;"SANGAO";"Desrespeitar a preferência no cruzamento";"Colisão transversal";"Com Vítimas Feridas";"Pleno dia";"Crescente";"Céu Claro";"Simples";"Declive;Interseção de Vias";"Não";3;0;1;0;2;0;1;2;-28,6434352;-49,09949899;"SPRF-SC";"DEL02-SC";"UOP01-DEL02-SC"
359741;2021-05-24;"segunda-feira";"15:30:00";"SC";163;70,8;"SAO MIGUEL DO OESTE";"Acessar a via sem observar a presença dos outros veículos";"Colisão transversal";"Com Vítimas Feridas";"Pleno dia";"Decrescente";"Céu Claro";"Simples";"Reta;Interseção de Vias";"Sim";2;0;1;1;0;0;2;2;-26,72965691;-53,51157188;"SPRF-SC";"DEL07-SC";"UOP03-DEL07-SC"
359742;2021-05-24;"segunda-feira";"16:15:00";"MG";40;574;"ITABIRITO";"Condutor deixou de manter distância do veículo da frente";"Colisão lateral mesmo sentido";"Sem Vítimas";"Pleno dia";"Crescente";"Céu Claro";"Simples";"Reta";"Sim";2;0;0;0;2;0;0;2;-20,24791897;-43,96366791;"SPRF-MG";"DEL01-MG";"UOP02-DEL01-MG"
359743;2021-05-24;"segunda-feira";"16:30:00";"SC";101;212,5;"PALHOCA";"Velocidade Incompatível";"Colisão traseira";"Com Vítimas Feridas";"Pleno dia";"Decrescente";"Céu Claro";"Dupla";"Reta";"Sim";3;0;2;0;1;0;2;2;-27,63487379;-48,66351128;"SPRF-SC";"DEL01-SC";"UOP02-DEL01-SC"
359744;2021-05-24;"segunda-feira";"16:30:00";"PR";369;176,6;"ROLANDIA";"Velocidade Incompatível";"Colisão traseira";"Com Vítimas Feridas";"Pleno dia";"Decrescente";"Sol";"Simples";"Reta";"Sim";2;0;1;1;0;0;2;2;-23,3360408;-51,38841033;"SPRF-PR";"DEL07-PR";"UOP01-DEL07-PR"
359745;2021-05-24;"segunda-feira";"15:50:00";"PB";101;81;"BAYEUX";"Condutor deixou de manter distância do veículo da frente";"Colisão traseira";"Com Vítimas Feridas";"Pleno dia";"Decrescente";"Sol";"Dupla";"Reta";"Sim";2;0;1;0;1;0;1;2;-7,12508575;-34,94513217;"SPRF-PB";"DEL01-PB";"UOP01-DEL01-PB"
359747;2021-05-24;"segunda-feira";"15:15:00";"BA";116;425,9;"FEIRA DE SANTANA";"Condutor deixou de manter distância do veículo da frente";"Colisão traseira";"Sem Vítimas";"Pleno dia";"Decrescente";"Céu Claro";"Simples";"Reta;Aclive";"Sim";2;0;0;0;1;1;0;2;-12,26863205;-38,98800994;"SPRF-BA";"DEL02-BA";"UOP01-DEL02-BA"
359750;2021-05-24;"segunda-feira";"17:00:00";"MG";381;926,2;"ITAPEVA";"Velocidade Incompatível";"Capotamento";"Com Vítimas Feridas";"Anoitecer";"Crescente";"Nublado";"Dupla";"Reta";"Não";2;0;1;0;0;1;1;2;-22,76763434;-46,21673584;"SPRF-MG";"DEL16-MG";"UOP03-DEL16-MG"
359751;2021-05-24;"segunda-feira";"17:10:00";"ES";101;282;"CARIACICA";"Acumulo de óleo sobre o pavimento";"Queda de ocupante de veículo";"Com Vítimas Feridas";"Anoitecer";"Crescente";"Céu Claro";"Simples";"Reta";"Não";1;0;1;0;0;0;1;1;-20,22694;-40,36458;"SPRF-ES";"DEL01-ES";"UOP01-DEL01-ES"
359752;2021-05-24;"segunda-feira";"16:30:00";"RS";116;250,5;"SAO LEOPOLDO";"Entrada inopinada do pedestre";"Atropelamento de Pedestre";"Com Vítimas Fatais";"Pleno dia";"Crescente";"Céu Claro";"Dupla";"Aclive;Reta";"Sim";3;1;0;0;2;0;0;3;-29,79148798;-51,16399615;"SPRF-RS";"DEL01-RS";"UOP02-DEL01-RS"
359754;2021-05-24;"segunda-feira";"15:30:00";"MG";262;126;"RIO CASCA";"Velocidade Incompatível";"Saída de leito carroçável";"Com Vítimas Feridas";"Pleno dia";"Crescente";"Céu Claro";"Simples";"Reta";"Não";1;0;1;0;0;0;1;1;-20,18799924;-42,69190926;"SPRF-MG";"DEL03-MG";"UOP03-DEL03-MG"
359755;2021-04-05;"segunda-feira";"19:00:00";"RO";364;513,9;"ARIQUEMES";"Estacionar ou parar em local proibido";"Colisão traseira";"Com Vítimas Feridas";"Plena Noite";"Crescente";"Céu Claro";"Simples";"Declive";"Não";4;0;0;1;1;2;1;4;-9,93338633;-63,05530071;"SPRF-RO";"DEL03-RO";"UOP01-DEL03-RO"
359756;2021-05-24;"segunda-feira";"15:10:00";"RJ";116;316,8;"ITATIAIA";"Velocidade Incompatível";"Colisão com objeto";"Com Vítimas Feridas";"Pleno dia";"Crescente";"Céu Claro";"Simples";"Curva";"Sim";1;0;1;0;0;0;1;1;-22,48726113;-44,55195308;"SPRF-RJ";"DEL07-RJ";"UOP02-DEL07-RJ"
359757;2021-05-24;"segunda-feira";"17:40:00";"SC";101;282,5;"IMBITUBA";"Desrespeitar a preferência no cruzamento";"Colisão transversal";"Com Vítimas Feridas";"Anoitecer";"Crescente";"Céu Claro";"Dupla";"Rotatória";"Sim";2;0;0;1;1;0;1;2;-28,21495035;-48,70016282;"SPRF-SC";"DEL02-SC";"UOP03-DEL02-SC"
359759;2021-05-24;"segunda-feira";"16:55:00";"PE";101;78,2;"RECIFE";"Manobra de mudança de faixa";"Colisão lateral mesmo sentido";"Com Vítimas Feridas";"Anoitecer";"Decrescente";"Céu Claro";"Dupla";"Reta";"Sim";4;0;1;0;3;0;1;2;-8,137335;-34,947342;"SPRF-PE";"DEL01-PE";"UOP01-DEL01-PE"
359761;2021-05-24;"segunda-feira";"18:05:00";"PR";277;723,4;"FOZ DO IGUACU";"Reação tardia ou ineficiente do condutor";"Colisão transversal";"Com Vítimas Feridas";"Anoitecer";"Decrescente";"Céu Claro";"Dupla";"Reta";"Sim";2;0;0;2;0;0;2;2;-25,49878215;-54,52985294;"SPRF-PR";"DEL05-PR";"UOP03-DEL05-PR"
359762;2021-05-24;"segunda-feira";"18:00:00";"RJ";116;213;"SEROPEDICA";"Animais na Pista";"Atropelamento de Animal";"Sem Vítimas";"Plena Noite";"Decrescente";"Céu Claro";"Dupla";"Reta";"Não";1;0;0;0;1;0;0;1;-22,713438;-43,734085;"SPRF-RJ";"DEL01-RJ";"UOP03-DEL01-RJ"
359764;2021-05-24;"segunda-feira";"18:00:00";"PA";163;1002,3;"SANTAREM";"Entrada inopinada do pedestre";"Atropelamento de Pedestre";"Com Vítimas Feridas";"Anoitecer";"Decrescente";"Céu Claro";"Simples";"Reta";"Sim";2;0;1;0;1;0;1;2;-2,45567004;-54,72854541;"SPRF-PA";"DEL05-PA";"UOP01-DEL05-PA"
359766;2021-05-24;"segunda-feira";"18:30:00";"SP";153;59,2;"SAO JOSE DO RIO PRETO";"Acesso irregular";"Queda de ocupante de veículo";"Com Vítimas Feridas";"Plena Noite";"Decrescente";"Céu Claro";"Dupla";"Em Obras";"Sim";1;0;1;0;0;0;1;1;-20,78733103;-49,35399276;"SPRF-SP";"DEL09-SP";"UOP01-DEL09-SP"
359767;2021-04-22;"quinta-feira";"10:25:00";"AC";364;156;"BUJARI";"Desrespeitar a preferência no cruzamento";"Colisão transversal";"Com Vítimas Feridas";"Pleno dia";"Crescente";"Céu Claro";"Simples";"Rotatória";"Sim";2;0;0;1;1;0;1;2;-9,8341481;-67,94788206;"SPRF-AC";"DEL01-AC";"UOP01-DEL01-AC"
359771;2021-05-24;"segunda-feira";"19:00:00";"RJ";40;111;"DUQUE DE CAXIAS";"Condutor deixou de manter distância do veículo da frente";"Colisão traseira";"Com Vítimas Feridas";"Anoitecer";"Decrescente";"Nublado";"Dupla";"Reta";"Não";4;0;2;0;2;0;2;3;-22,691868;-43,287453;"SPRF-RJ";"DEL01-RJ";"UOP01-DEL01-RJ"
359772;2021-05-24;"segunda-feira";"18:05:00";"RO";364;427;"JARU";"Velocidade Incompatível";"Tombamento";"Com Vítimas Feridas";"Anoitecer";"Crescente";"Nublado";"Simples";"Declive;Reta";"Não";1;0;1;0;0;0;1;1;-10,42731312;-62,48745208;"SPRF-RO";"DEL03-RO";"UOP02-DEL03-RO"
359773;2021-05-24;"segunda-feira";"17:50:00";"RJ";101;296;"ITABORAI";"Ausência de reação do condutor";"Tombamento";"Com Vítimas Feridas";"Plena Noite";"Decrescente";"Nublado";"Dupla";"Reta";"Sim";1;0;1;0;0;0;1;1;-22,7670498;-42,91019601;"SPRF-RJ";"DEL02-RJ";"UOP02-DEL02-RJ"
359775;2021-05-24;"segunda-feira";"19:10:00";"PR";277;83;"CURITIBA";"Velocidade Incompatível";"Colisão lateral mesmo sentido";"Com Vítimas Feridas";"Plena Noite";"Decrescente";"Nublado";"Dupla";"Reta";"Não";2;0;1;0;1;0;1;2;-25,568939;-49,181978;"SPRF-PR";"DEL01-PR";"UOP01-DEL01-PR"
359776;2021-05-24;"segunda-feira";"19:40:00";"PE";428;189;"PETROLINA";"Acessar a via sem observar a presença dos outros veículos";"Colisão transversal";"Com Vítimas Feridas";"Plena Noite";"Crescente";"Céu Claro";"Dupla";"Reta";"Sim";2;0;2;0;0;0;2;2;-9,37197508;-40,48679585;"SPRF-PE";"DEL06-PE";"UOP01-DEL06-PE"
359778;2021-05-24;"segunda-feira";"19:40:00";"CE";20;419;"MARACANAU";"Pedestre cruzava a pista fora da faixa";"Colisão transversal";"Com Vítimas Feridas";"Plena Noite";"Crescente";"Céu Claro";"Dupla";"Reta";"Não";2;0;1;1;0;0;2;2;-3,76999035;-38,67006282;"SPRF-CE";"DEL01-CE";"UOP02-DEL01-CE"
359779;2021-05-24;"segunda-feira";"20:10:00";"SP";116;207;"GUARULHOS";"Avarias e/ou desgaste excessivo no pneu";"Colisão com objeto";"Com Vítimas Feridas";"Plena Noite";"Crescente";"Vento";"Dupla";"Reta";"Sim";1;0;1;0;0;0;1;1;-23,41972188;-46,38419203;"SPRF-SP";"DEL01-SP";"UOP01-DEL01-SP"
359780;2021-05-24;"segunda-feira";"17:20:00";"MG";40;632;"CONSELHEIRO LAFAIETE";"Conversão proibida";"Colisão transversal";"Com Vítimas Feridas";"Pleno dia";"Crescente";"Céu Claro";"Simples";"Curva";"Não";4;0;4;0;0;0;4;2;-20,681388;-43,794277;"SPRF-MG";"DEL05-MG";"UOP02-DEL05-MG"
359781;2021-05-24;"segunda-feira";"19:00:00";"RO";364;1046;"PORTO VELHO";"Animais na Pista";"Atropelamento de Animal";"Com Vítimas Feridas";"Plena Noite";"Decrescente";"Céu Claro";"Simples";"Reta";"Não";4;0;1;0;3;0;1;1;-9,78041659;-66,41524707;"SPRF-RO";"DEL01-RO";"UOP03-DEL01-RO"
359782;2021-05-24;"segunda-feira";"20:20:00";"PR";116;67;"CAMPINA GRANDE DO SUL";"Velocidade Incompatível";"Saída de leito carroçável";"Com Vítimas Feridas";"Plena Noite";"Decrescente";"Nublado";"Dupla";"Curva";"Não";2;0;1;0;0;1;1;1;-25,31679789;-49,01854527;"SPRF-PR";"DEL01-PR";"UOP02-DEL01-PR"
359784;2021-05-24;"segunda-feira";"18:55:00";"MT";163;118,2;"RONDONOPOLIS";"Ingestão de álcool pelo condutor";"Tombamento";"Sem Vítimas";"Plena Noite";"Decrescente";"Nublado";"Dupla";"Reta";"Sim";1;0;0;0;1;0;0;1;-16,51361392;-54,65519619;"SPRF-MT";"DEL02-MT";"UOP01-DEL02-MT"
359787;2021-05-24;"segunda-feira";"21:15:00";"MG";40;506;"RIBEIRAO DAS NEVES";"Desrespeitar a preferência no cruzamento";"Colisão lateral mesmo sentido";"Com Vítimas Feridas";"Plena Noite";"Crescente";"Céu Claro";"Dupla";"Declive;Retorno Regulamentado;Curva;Em Obras";"Sim";1;0;0;1;0;0;1;1;-19,74716686;-44,14731173;"SPRF-MG";"DEL02-MG";"UOP01-DEL02-MG"
359789;2021-05-24;"segunda-feira";"20:40:00";"GO";153;505,7;"APARECIDA DE GOIANIA";"Manobra de mudança de faixa";"Colisão lateral mesmo sentido";"Com Vítimas Feridas";"Plena Noite";"Crescente";"Vento";"Dupla";"Reta";"Sim";2;0;1;0;0;1;1;2;-16,7537;-49,2411;"SPRF-GO";"DEL01-GO";"UOP01-DEL01-GO"