"id";"data_inversa";"dia_semana";"horario";"uf";"br";"km";"municipio";"causa_acidente";"tipo_acidente";"classificacao_acidente";"fase_dia";"sentido_via";"condicao_metereologica";"tipo_pista";"tracado_via";"uso_solo";"pessoas";"mortos";"feridos_leves";"feridos_graves";"ilesos";"ignorados";"feridos";"veiculos";"latitude";"longitude";"regional";"delegacia";"uop"
359927;2021-05-25;"terça-feira";"18:25:00";"PE";232;5,3;"RECIFE";"Condutor deixou de manter distância do veículo da frente";"Colisão traseira";"Com Vítimas Feridas";"Plena Noite";"Decrescente";"Nublado";"Dupla";"Reta";"Sim";3;0;1;0;2;0;1;3;-8,06795766;-34,94535414;"SPRF-PE";"DEL01-PE";"UOP01-DEL01-PE"
359928;2021-05-25;"terça-feira";"19:00:00";"ES";101;287;"CARIACICA";"Iluminação deficiente";"Colisão com objeto";"Com Vítimas Feridas";"Plena Noite";"Crescente";"Céu Claro";"Dupla";"Reta";"Não";1;0;1;0;0;0;1;1;-20,26493528;-40,38471702;"SPRF-ES";"DEL01-ES";"UOP01-DEL01-ES"
359929;2021-05-25;"terça-feira";"11:30:00";"BA";420;345,8;"JAGUAQUARA";"Acumulo de areia ou detritos sobre o pavimento";"Saída de leito carroçável";"Com Vítimas Feridas";"Pleno dia";"Decrescente";"Sol";"Simples";"Reta";"Não";4;0;2;1;0;1;3;2;-13,51070625;-40,0030379;"SPRF-BA";"DEL03-BA";"UOP01-DEL03-BA"
359930;2021-05-25;"terça-feira";"18:05:00";"RO";174;15,7;"VILHENA";"Acessar a via sem observar a presença dos outros veículos";"Colisão transversal";"Com Vítimas Feridas";"Anoitecer";"Decrescente";"Céu Claro";"Simples";"Interseção de Vias";"Sim";4;0;1;1;2;0;2;2;-12,723321;-60,12801;"SPRF-RO";"DEL04-RO";"UOP01-DEL04-RO"
359933;2021-05-25;"terça-feira";"19:45:00";"RS";158;328;"SANTA MARIA";"Condutor deixou de manter distância do veículo da frente";"Colisão lateral mesmo sentido";"Com Vítimas Feridas";"Plena Noite";"Decrescente";"Céu Claro";"Dupla";"Viaduto;Reta";"Sim";3;0;0;1;1;1;1;3;-29,70050418;-53,84070039;"SPRF-RS";"DEL09-RS";"UOP01-DEL09-RS"
359936;2021-05-25;"terça-feira";"17:55:00";"RJ";40;64;"PETROPOLIS";"Demais Fenômenos da natureza";"Colisão com objeto";"Com Vítimas Feridas";"Anoitecer";"Crescente";"Céu Claro";"Simples";"Reta";"Não";2;0;2;0;0;0;2;2;-22,420418;-43,155285;"SPRF-RJ";"DEL06-RJ";"UOP01-DEL06-RJ"
359940;2021-05-25;"terça-feira";"20:00:00";"SC";101;206;"SAO JOSE";"Manobra de mudança de faixa";"Colisão lateral mesmo sentido";"Com Vítimas Feridas";"Plena Noite";"Decrescente";"Céu Claro";"Dupla";"Reta";"Não";2;0;1;0;1;0;1;2;-27,59193546;-48,61824557;"SPRF-SC";"DEL01-SC";"UOP01-DEL01-SC"
359942;2021-05-25;"terça-feira";"18:40:00";"MG";381;484;"BETIM";"Velocidade Incompatível";"Colisão lateral mesmo sentido";"Com Vítimas Feridas";"Plena Noite";"Crescente";"Céu Claro";"Dupla";"Reta";"Sim";3;0;1;0;2;0;1;2;-19,95531717;-44,11722196;"SPRF-MG";"DEL01-MG";"UOP03-DEL01-MG"
359943;2021-05-25;"terça-feira";"19:00:00";"MG";116;408,6;"GOVERNADOR VALADARES";"Acessar a via sem observar a presença dos outros veículos";"Colisão transversal";"Com Vítimas Feridas";"Plena Noite";"Crescente";"Ignorado";"Dupla";"Interseção de Vias";"Não";2;0;0;1;1;0;1;2;-18,83862855;-41,98767358;"SPRF-MG";"DEL06-MG";"UOP01-DEL06-MG"
359944;2021-05-25;"terça-feira";"19:10:00";"BA";367;82,9;"EUNAPOLIS";"Pedestre andava na pista";"Atropelamento de Pedestre";"Com Vítimas Feridas";"Plena Noite";"Decrescente";"Céu Claro";"Simples";"Reta";"Sim";2;0;1;0;1;0;1;2;-16,37256267;-39,57064408;"SPRF-BA";"DEL09-BA";"UOP01-DEL09-BA"
359945;2021-05-25;"terça-feira";"19:00:00";"MT";163;1037;"MATUPA";"Ausência de reação do condutor";"Queda de ocupante de veículo";"Com Vítimas Feridas";"Plena Noite";"Decrescente";"Céu Claro";"Simples";"Reta";"Sim";1;0;0;1;0;0;1;1;-10,19568562;-54,95332025;"SPRF-MT";"DEL06-MT";"NPF/DEL06-MT"
359947;2021-05-25;"terça-feira";"17:50:00";"MT";364;203;"RONDONOPOLIS";"Reação tardia ou ineficiente do condutor";"Tombamento";"Com Vítimas Feridas";"Anoitecer";"Crescente";"Céu Claro";"Dupla";"Reta";"Não";1;0;0;1;0;0;1;1;-16,47555256;-54,65344724;"SPRF-MT";"DEL02-MT";"UOP01-DEL02-MT"
359949;2021-05-25;"terça-feira";"19:15:00";"PR";116;209,4;"RIO NEGRO";"Acessar a via sem observar a presença dos outros veículos";"Colisão transversal";"Com Vítimas Feridas";"Plena Noite";"Crescente";"Ignorado";"Simples";"Interseção de Vias";"Sim";2;0;1;0;1;0;1;2;-26,07620916;-49,75230908;"SPRF-SC";"DEL06-SC";"UOP01-DEL06-SC"
359950;2021-05-25;"terça-feira";"19:30:00";"SP";116;415;"JUQUIA";"Acessar a via sem observar a presença dos outros veículos";"Colisão transversal";"Com Vítimas Feridas";"Plena Noite";"Crescente";"Céu Claro";"Simples";"Reta";"Sim";3;0;1;0;2;0;1;2;-24,334489;-47,641203;"SPRF-SP";"DEL05-SP";"UOP01-DEL05-SP"
359952;2021-05-25;"terça-feira";"17:20:00";"AC";364;130;"RIO BRANCO";"Acesso irregular";"Colisão transversal";"Com Vítimas Feridas";"Plena Noite";"Decrescente";"Céu Claro";"Simples";"Reta";"Não";2;0;0;1;1;0;1;2;-10,0240943;-67,8369574;"SPRF-AC";"DEL01-AC";"UOP01-DEL01-AC"
359956;2021-05-25;"terça-feira";"21:30:00";"MG";365;679,6;"MONTE ALEGRE DE MINAS";"Reação tardia ou ineficiente do condutor";"Colisão traseira";"Com Vítimas Fatais";"Plena Noite";"Crescente";"Céu Claro";"Dupla";"Reta";"Não";2;1;1;0;0;0;1;2;-18,8500284;-48,80973604;"SPRF-MG";"DEL15-MG";"UOP01-DEL15-MG"
359962;2021-05-25;"terça-feira";"19:35:00";"MG";40;620,1;"CONGONHAS";"Área urbana sem a presença de local apropriado para a travessia de pedestres";"Atropelamento de Pedestre";"Com Vítimas Feridas";"Plena Noite";"Crescente";"Céu Claro";"Simples";"Aclive;Curva";"Sim";2;0;0;1;0;1;1;2;-20,57784016;-43,80982006;"SPRF-MG";"DEL05-MG";"UOP02-DEL05-MG"
359963;2021-05-25;"terça-feira";"18:00:00";"MG";381;267;"TIMOTEO";"Reação tardia ou ineficiente do condutor";"Saída de leito carroçável";"Com Vítimas Feridas";"Plena Noite";"Crescente";"Céu Claro";"Simples";"Reta";"Não";2;0;2;0;0;0;2;1;-19,53743297;-42,67521503;"SPRF-MG";"DEL03-MG";"UOP02-DEL03-MG"
359964;2021-05-25;"terça-feira";"18:00:00";"AL";316;88,6;"SANTANA DO IPANEMA";"Condutor deixou de manter distância do veículo da frente";"Colisão traseira";"Com Vítimas Feridas";"Anoitecer";"Decrescente";"Céu Claro";"Simples";"Declive";"Sim";2;0;0;1;1;0;1;2;-9,38256709;-37,2204121;"SPRF-AL";"DEL03-AL";"UOP02-DEL03-AL"
359966;2021-05-25;"terça-feira";"20:15:00";"RS";290;69,5;"GRAVATAI";"Pedestre andava na pista";"Atropelamento de Pedestre";"Com Vítimas Feridas";"Plena Noite";"Crescente";"Céu Claro";"Múltipla";"Reta";"Sim";2;0;0;1;1;0;1;2;-29,944933;-50,946438;"SPRF-RS";"DEL03-RS";"UOP01-DEL03-RS"
359967;2021-05-25;"terça-feira";"18:00:00";"AP";156;569;"CALCOENE";"Acumulo de água sobre o pavimento";"Saída de leito carroçável";"Com Vítimas Feridas";"Anoitecer";"Crescente";"Chuva";"Simples";"Curva";"Não";5;0;5;0;0;0;5;1;2,21892377;-50,92108215;"SPRF-AP";"DEL01-AP";"UOP01-DEL01-AP"
359971;2021-05-25;"terça-feira";"23:00:00";"BA";324;576,7;"CANDEIAS";"Velocidade Incompatível";"Saída de leito carroçável";"Com Vítimas Feridas";"Plena Noite";"Decrescente";"Céu Claro";"Dupla";"Reta;Ponte";"Não";1;0;1;0;0;0;1;1;-12,58658584;-38,52622032;"SPRF-BA";"DEL01-BA";"UOP01-DEL01-BA"
359972;2021-05-25;"terça-feira";"21:30:00";"BA";324;581;"CANDEIAS";"Condutor Dormindo";"Saída de leito carroçável";"Com Vítimas Feridas";"Plena Noite";"Decrescente";"Céu Claro";"Dupla";"Reta";"Não";1;0;1;0;0;0;1;1;-12,60312907;-38,50096504;"SPRF-BA";"DEL01-BA";"UOP01-DEL01-BA"
359974;2021-05-25;"terça-feira";"22:45:00";"RS";290;700;"URUGUAIANA";"Acessar a via sem observar a presença dos outros veículos";"Colisão transversal";"Sem Vítimas";"Plena Noite";"Crescente";"Céu Claro";"Simples";"Reta";"Não";6;0;0;0;6;0;0;2;-29,864613;-56,885594;"SPRF-RS";"DEL13-RS";"UOP01-DEL13-RS"
359975;2021-05-25;"terça-feira";"18:30:00";"MT";163;838;"SINOP";"Avarias e/ou desgaste excessivo no pneu";"Tombamento";"Com Vítimas Feridas";"Anoitecer";"Crescente";"Céu Claro";"Dupla";"Reta";"Sim";2;0;2;0;0;0;2;1;-11,960007;-55,516914;"SPRF-MT";"DEL06-MT";"NPF/DEL06-MT"
359978;2021-05-26;"quarta-feira";"00:45:00";"RS";285;291;"PASSO FUNDO";"Animais na Pista";"Atropelamento de Animal";"Com Vítimas Feridas";"Plena Noite";"Crescente";"Céu Claro";"Dupla";"Reta";"Sim";1;0;1;0;0;0;1;1;-28,238224;-52,355236;"SPRF-RS";"DEL08-RS";"UOP03-DEL08-RS"
359979;2021-05-26;"quarta-feira";"01:00:00";"MG";40;523,9;"CONTAGEM";"Ausência de reação do condutor";"Saída de leito carroçável";"Sem Vítimas";"Plena Noite";"Decrescente";"Nublado";"Dupla";"Reta";"Sim";1;0;0;0;0;1;0;1;-19,86874894;-44,05962197;"SPRF-MG";"DEL01-MG";"UOP02-DEL01-MG"
359980;2021-05-26;"quarta-feira";"01:30:00";"MG";40;524;"CONTAGEM";"Acessar a via sem observar a presença dos outros veículos";"Atropelamento de Pedestre";"Com Vítimas Fatais";"Plena Noite";"Crescente";"Céu Claro";"Dupla";"Reta";"Sim";2;1;0;0;0;1;0;2;-19,8754469;-44,05345586;"SPRF-MG";"DEL01-MG";"UOP02-DEL01-MG"
359981;2021-05-26;"quarta-feira";"01:35:00";"RJ";40;119;"DUQUE DE CAXIAS";"Ausência de reação do condutor";"Atropelamento de Pedestre";"Com Vítimas Fatais";"Plena Noite";"Crescente";"Nublado";"Dupla";"Reta";"Sim";3;1;0;1;1;0;1;2;-22,76375592;-43,28683062;"SPRF-RJ";"DEL01-RJ";"UOP01-DEL01-RJ"
359982;2021-05-26;"quarta-feira";"02:50:00";"ES";101;150;"LINHARES";"Velocidade Incompatível";"Saída de leito carroçável";"Com Vítimas Feridas";"Plena Noite";"Crescente";"Céu Claro";"Simples";"Curva";"Sim";1;0;1;0;0;0;1;1;-19,40436634;-40,06078896;"SPRF-ES";"DEL04-ES";"UOP01-DEL04-ES"
359983;2021-05-26;"quarta-feira";"02:00:00";"SP";459;20,5;"PIQUETE";"Ausência de reação do condutor";"Saída de leito carroçável";"Sem Vítimas";"Plena Noite";"Crescente";"Céu Claro";"Simples";"Curva";"Não";1;0;0;0;0;1;0;1;-22,646566;-45,144917;"SPRF-SP";"DEL08-SP";"UOP02-DEL08-SP"
359984;2021-05-26;"quarta-feira";"03:15:00";"PR";277;597;"CURITIBA";"Reação tardia ou ineficiente do condutor";"Saída de leito carroçável";"Com Vítimas Feridas";"Plena Noite";"Crescente";"Céu Claro";"Dupla";"Interseção de Vias";"Sim";1;0;1;0;0;0;1;1;-25,46598175;-49,3570447;"SPRF-PR";"DEL04-PR";"UOP01-DEL04-PR"
359986;2021-05-26;"quarta-feira";"04:00:00";"SC";101;84;"BARRA VELHA";"Reação tardia ou ineficiente do condutor";"Colisão com objeto";"Com Vítimas Feridas";"Plena Noite";"Crescente";"Nublado";"Múltipla";"Reta";"Sim";1;0;1;0;0;0;1;1;-26,62404682;-48,71394986;"SPRF-SC";"DEL03-SC";"UOP02-DEL03-SC"
359992;2021-05-26;"quarta-feira";"05:45:00";"RN";101;75;"NATAL";"Manobra de mudança de faixa";"Saída de leito carroçável";"Com Vítimas Feridas";"Pleno dia";"Decrescente";"Céu Claro";"Dupla";"Curva";"Sim";2;0;2;0;0;0;2;1;-5,721906;-35,27672;"SPRF-RN";"DEL02-RN";"UOP01-DEL02-RN"
359993;2021-05-26;"quarta-feira";"05:15:00";"MS";163;266,9;"DOURADOS";"Reação tardia ou ineficiente do condutor";"Colisão com objeto";"Com Vítimas Feridas";"Plena Noite";"Crescente";"Céu Claro";"Dupla";"Rotatória";"Sim";1;0;1;0;0;0;1;1;-22,21821026;-54,72287079;"SPRF-MS";"DEL04-MS";"UOP01-DEL04-MS"
359994;2021-05-26;"quarta-feira";"05:50:00";"DF";20;20,9;"BRASILIA";"Ingestão de álcool pelo condutor";"Saída de leito carroçável";"Sem Vítimas";"Amanhecer";"Crescente";"Céu Claro";"Dupla";"Reta;Aclive";"Sim";1;0;0;0;0;1;0;1;-15,607905;-47,692791;"SPRF-DF";"DEL02-DF";"UOP01-DEL02-DF"
359995;2021-05-26;"quarta-feira";"06:00:00";"PR";277;118;"CAMPO LARGO";"Condutor deixou de manter distância do veículo da frente";"Colisão traseira";"Com Vítimas Feridas";"Amanhecer";"Crescente";"Céu Claro";"Dupla";"Reta";"Sim";2;0;1;0;1;0;1;2;-25,43511243;-49,52922642;"SPRF-PR";"DEL01-PR";"UOP03-DEL03-PR"
359996;2021-05-26;"quarta-feira";"05:40:00";"RN";405;103,7;"ITAU";"Pista esburacada";"Saída de leito carroçável";"Com Vítimas Feridas";"Pleno dia";"Crescente";"Céu Claro";"Simples";"Reta";"Não";1;0;1;0;0;0;1;1;-5,80928799;-37,94427101;"SPRF-RN";"DEL04-RN";"UOP02-DEL04-RN"
359997;2021-05-26;"quarta-feira";"07:00:00";"PR";476;141;"CURITIBA";"Ausência de reação do condutor";"Colisão lateral mesmo sentido";"Com Vítimas Feridas";"Pleno dia";"Decrescente";"Céu Claro";"Dupla";"Reta";"Sim";2;0;1;0;1;0;1;2;-25,528614;-49,298798;"SPRF-PR";"DEL01-PR";"UOP03-DEL01-PR"
359998;2021-05-26;"quarta-feira";"07:15:00";"SC";101;191;"BIGUACU";"Condutor deixou de manter distância do veículo da frente";"Colisão traseira";"Com Vítimas Feridas";"Pleno dia";"Decrescente";"Céu Claro";"Dupla";"Reta";"Sim";2;0;1;0;1;0;1;2;-27,47730273;-48,64127329;"SPRF-SC";"DEL01-SC";"UOP01-DEL01-SC"
359999;2021-05-26;"quarta-feira";"07:10:00";"PB";230;18;"JOAO PESSOA";"Manobra de mudança de faixa";"Colisão lateral mesmo sentido";"Com Vítimas Feridas";"Amanhecer";"Crescente";"Céu Claro";"Dupla";"Reta";"Sim";2;0;1;0;0;1;1;2;-7,12620946;-34,84541416;"SPRF-PB";"DEL01-PB";"UOP01-DEL01-PB"
360001;2021-05-26;"quarta-feira";"07:29:00";"DF";70;5,6;"BRASILIA";"Condutor deixou de manter distância do veículo da frente";"Queda de ocupante de veículo";"Com Vítimas Feridas";"Pleno dia";"Crescente";"Céu Claro";"Dupla";"Reta";"Sim";3;0;2;0;1;0;2;2;-15,794656;-48,096779;"SPRF-DF";"DEL03-DF";"UOP02-DEL03-DF"
360003;2021-04-14;"quarta-feira";"11:00:00";"MG";381;381;"SAO GONCALO DO RIO ABAIXO";"Desrespeitar a preferência no cruzamento";"Colisão transversal";"Com Vítimas Feridas";"Pleno dia";"Decrescente";"Céu Claro";"Simples";"Rotatória";"Sim";2;0;0;1;1;0;1;2;-19,93666741;-43,44474792;"SPRF-MG";"DEL01-MG";"UOP01-DEL01-MG"
360005;2021-05-26;"quarta-feira";"07:45:00";"SP";116;278;"EMBU DAS ARTES";"Velocidade Incompatível";"Colisão traseira";"Com Vítimas Feridas";"Pleno dia";"Decrescente";"Céu Claro";"Dupla";"Curva";"Sim";2;0;1;0;1;0;1;2;-23,65508497;-46,84918605;"SPRF-SP";"DEL04-SP";"UOP01-DEL04-SP"
360007;2021-05-26;"quarta-feira";"07:30:00";"CE";402;274,8;"ITAPIPOCA";"Acessar a via sem observar a presença dos outros veículos";"Colisão transversal";"Com Vítimas Feridas";"Pleno dia";"Crescente";"Sol";"Simples";"Curva";"Sim";3;0;0;1;1;1;1;3;-3,50576209;-39,50025816;"SPRF-CE";"DEL01-CE";"UOP03-DEL01-CE"
360008;2021-05-26;"quarta-feira";"05:50:00";"RS";468;84,3;"HUMAITA";"Velocidade Incompatível";"Colisão lateral mesmo sentido";"Com Vítimas Feridas";"Amanhecer";"Crescente";"Céu Claro";"Simples";"Reta";"Não";2;0;0;1;1;0;1;2;-27,59201797;-53,87237438;"SPRF-RS";"DEL08-RS";"UOP02-DEL08-RS"
360009;2021-05-26;"quarta-feira";"07:30:00";"RJ";116;181;"NOVA IGUACU";"Trafegar com motocicleta (ou similar) entre as faixas";"Colisão lateral mesmo sentido";"Com Vítimas Feridas";"Pleno dia";"Decrescente";"Céu Claro";"Múltipla";"Reta";"Sim";2;0;1;0;1;0;1;2;-22,761312;-43,423492;"SPRF-RJ";"DEL01-RJ";"UOP02-DEL01-RJ"
360010;2021-03-23;"terça-feira";"11:05:00";"SP";116;209;"GUARULHOS";"Velocidade Incompatível";"Colisão lateral mesmo sentido";"Com Vítimas Feridas";"Pleno dia";"Decrescente";"Céu Claro";"Dupla";"Declive";"Sim";2;0;1;0;1;0;1;2;-23,42511799;-46,40221101;"SPRF-SP";"DEL01-SP";"UOP01-DEL01-SP"
360013;2021-01-15;"sexta-feira";"17:00:00";"PI";343;593;"FLORIANO";"Pedestre cruzava a pista fora da faixa";"Atropelamento de Pedestre";"Com Vítimas Feridas";"Anoitecer";"Decrescente";"Sol";"Simples";"Reta";"Sim";2;0;0;1;1;0;1;2;-6,781913;-43,038273;"SPRF-PI";"DEL03-PI";"UOP01-DEL03-PI"
360014;2021-05-26;"quarta-feira";"08:15:00";"SP";116;2;"GUARULHOS";"Condutor deixou de manter distância do veículo da frente";"Colisão lateral mesmo sentido";"Com Vítimas Feridas";"Pleno dia";"Decrescente";"Céu Claro";"Simples";"Aclive";"Não";2;0;1;0;1;0;1;2;-23,450201;-46,491186;"SPRF-SP";"DEL04-SP";"UOP02-DEL04-SP"
360015;2021-05-26;"quarta-feira";"08:25:00";"SP";116;218,6;"GUARULHOS";"Trafegar com motocicleta (ou similar) entre as faixas";"Colisão traseira";"Com Vítimas Feridas";"Pleno dia";"Crescente";"Céu Claro";"Múltipla";"Reta";"Sim";2;0;1;0;1;0;1;2;-23,45716236;-46,47920787;"SPRF-SP";"DEL01-SP";"UOP01-DEL01-SP"
360016;2021-05-26;"quarta-feira";"07:45:00";"MG";40;531,1;"BELO HORIZONTE";"Trafegar com motocicleta (ou similar) entre as faixas";"Tombamento";"Com Vítimas Feridas";"Pleno dia";"Crescente";"Céu Claro";"Dupla";"Reta";"Sim";2;0;0;1;0;1;1;2;-19,91962483;-44,02522683;"SPRF-MG";"DEL01-MG";"UOP02-DEL01-MG"
360018;2021-05-26;"quarta-feira";"08:30:00";"MG";40;139,3;"JOAO PINHEIRO";"Manobra de mudança de faixa";"Colisão lateral mesmo sentido";"Sem Vítimas";"Pleno dia";"Crescente";"Céu Claro";"Simples";"Reta";"Não";2;0;0;0;2;0;0;1;-17,73570757;-46,21099068;"SPRF-MG";"DEL14-MG";"UOP01-DEL14-MG"
360019;2021-05-26;"quarta-feira";"08:25:00";"PE";232;127;"CARUARU";"Acessar a via sem observar a presença dos outros veículos";"Colisão lateral mesmo sentido";"Com Vítimas Feridas";"Pleno dia";"Crescente";"Céu Claro";"Simples";"Viaduto";"Sim";2;0;1;0;1;0;1;2;-8,30610303;-35,96342301;"SPRF-PE";"DEL02-PE";"UOP03-DEL02-PE"
360022;2021-05-26;"quarta-feira";"08:30:00";"RJ";116;170;"SAO JOAO DE MERITI";"Reação tardia ou ineficiente do condutor";"Engavetamento";"Com Vítimas Feridas";"Pleno dia";"Decrescente";"Céu Claro";"Múltipla";"Reta";"Sim";4;0;1;0;3;0;1;3;-22,7862977;-43,37824214;"SPRF-RJ";"DEL01-RJ";"UOP02-DEL01-RJ"
360023;2021-05-26;"quarta-feira";"09:02:00";"MG";381;841,1;"SAO SEBASTIAO DA BELA VISTA";"Demais falhas mecânicas ou elétricas";"Tombamento";"Com Vítimas Feridas";"Pleno dia";"Crescente";"Sol";"Dupla";"Reta";"Não";2;0;1;0;0;1;1;2;-22,17403;-45,83929;"SPRF-MG";"DEL16-MG";"UOP01-DEL16-MG"
360024;2021-05-26;"quarta-feira";"07:40:00";"GO";60;36;"GOIANIA";"Velocidade Incompatível";"Colisão transversal";"Sem Vítimas";"Pleno dia";"Crescente";"Céu Claro";"Dupla";"Reta";"Sim";3;0;0;0;3;0;0;3;-16,7287322;-49,35054302;"SPRF-GO";"DEL01-GO";"UOP02-DEL01-GO"
360032;2021-02-11;"quinta-feira";"12:22:00";"MG";381;686,7;"LAVRAS";"Curva acentuada";"Saída de leito carroçável";"Com Vítimas Fatais";"Pleno dia";"Crescente";"Garoa/Chuvisco";"Dupla";"Curva";"Não";3;1;2;0;0;0;2;1;-21,20030689;-45,11944438;"SPRF-MG";"DEL04-MG";"UOP02-DEL04-MG"
360034;2021-05-26;"quarta-feira";"10:45:00";"RJ";101;325;"NITEROI";"Avarias e/ou desgaste excessivo no pneu";"Queda de ocupante de veículo";"Com Vítimas Feridas";"Pleno dia";"Decrescente";"Céu Claro";"Dupla";"Reta";"Não";2;0;1;0;1;0;1;1;-22,87292569;-43,13625699;"SPRF-RJ";"DEL02-RJ";"UOP02-DEL02-RJ"
360038;2021-05-26;"quarta-feira";"12:00:00";"RS";386;34,7;"FREDERICO WESTPHALEN";"Desrespeitar a preferência no cruzamento";"Colisão transversal";"Com Vítimas Feridas";"Pleno dia";"Crescente";"Céu Claro";"Simples";"Interseção de Vias";"Sim";2;0;2;0;0;0;2;2;-27,36460227;-53,39346886;"SPRF-RS";"DEL08-RS";"UOP02-DEL08-RS"
360039;2021-05-26;"quarta-feira";"08:20:00";"GO";60;287;"ACREUNA";"Reação tardia ou ineficiente do condutor";"Saída de leito carroçável";"Com Vítimas Feridas";"Pleno dia";"Decrescente";"Céu Claro";"Dupla";"Reta";"Não";3;0;2;0;0;1;2;2;-17,2747;-50,2455;"SPRF-GO";"DEL04-GO";"UOP01-DEL04-GO"
360042;2021-04-03;"sábado";"01:30:00";"MG";365;510;"MONTE CARMELO";"Ausência de reação do condutor";"Colisão traseira";"Com Vítimas Feridas";"Plena Noite";"Crescente";"Céu Claro";"Simples";"Reta";"Não";3;0;0;2;1;0;2;2;-18,93549895;-47,31753098;"SPRF-MG";"DEL10-MG";"UOP01-DEL10-MG"
360043;2021-05-26;"quarta-feira";"12:30:00";"PR";277;653,7;"MATELANDIA";"Manobra de mudança de faixa";"Colisão traseira";"Com Vítimas Feridas";"Pleno dia";"Crescente";"Céu Claro";"Simples";"Declive;Reta";"Não";2;0;1;0;1;0;1;2;-25,213354;-53,95143726;"SPRF-PR";"DEL05-PR";"UOP02-DEL05-PR"
360044;2021-05-26;"quarta-feira";"13:00:00";"AL";316;266,3;"SATUBA";"Condutor Dormindo";"Colisão frontal";"Com Vítimas Feridas";"Pleno dia";"Crescente";"Céu Claro";"Simples";"Curva";"Não";3;0;3;0;0;0;3;2;-9,586574;-35,847365;"SPRF-AL";"DEL02-AL";"UOP01-DEL02-AL"
360050;2021-01-20;"quarta-feira";"15:10:00";"RJ";101;324;"NITEROI";"Ultrapassagem Indevida";"Colisão lateral mesmo sentido";"Com Vítimas Feridas";"Pleno dia";"Decrescente";"Céu Claro";"Dupla";"Ponte";"Não";3;0;1;1;0;1;2;2;-22,87381074;-43,12640997;"SPRF-RJ";"DEL02-RJ";"UOP02-DEL02-RJ"
360052;2021-05-26;"quarta-feira";"10:15:00";"PR";376;75;"GUAIRACA";"Desrespeitar a preferência no cruzamento";"Colisão transversal";"Com Vítimas Feridas";"Pleno dia";"Crescente";"Céu Claro";"Simples";"Interseção de Vias";"Não";3;0;3;0;0;0;3;2;-22,95601934;-52,69687272;"SPRF-PR";"DEL09-PR";"UOP02-DEL09-PR"
360053;2021-05-26;"quarta-feira";"12:50:00";"PI";343;181;"PIRIPIRI";"Acessar a via sem observar a presença dos outros veículos";"Colisão transversal";"Com Vítimas Feridas";"Pleno dia";"Crescente";"Céu Claro";"Simples";"Reta";"Sim";2;0;0;1;1;0;1;2;-4,249616;-41,764942;"SPRF-PI";"DEL02-PI";"UOP01-DEL02-PI"
360054;2021-05-26;"quarta-feira";"13:00:00";"GO";40;5,5;"VALPARAISO DE GOIAS";"Manobra de mudança de faixa";"Colisão traseira";"Com Vítimas Feridas";"Pleno dia";"Decrescente";"Céu Claro";"Dupla";"Reta";"Sim";2;0;1;0;0;1;1;2;-16,104192;-47,974915;"SPRF-DF";"DEL01-DF";"UOP01-DEL01-DF"
360055;2021-04-28;"quarta-feira";"16:25:00";"BA";407;130;"SENHOR DO BONFIM";"Condutor deixou de manter distância do veículo da frente";"Colisão traseira";"Com Vítimas Feridas";"Pleno dia";"Decrescente";"Céu Claro";"Simples";"Reta";"Não";3;0;2;0;1;0;2;2;-10,48728548;-40,16471871;"SPRF-BA";"DEL04-BA";"UOP01-DEL04-BA"
360057;2021-05-26;"quarta-feira";"13:30:00";"RS";153;47;"ERECHIM";"Ingestão de álcool pelo condutor";"Colisão traseira";"Sem Vítimas";"Pleno dia";"Decrescente";"Céu Claro";"Simples";"Rotatória";"Não";2;0;0;0;2;0;0;2;-27,64530366;-52,24998023;"SPRF-RS";"DEL08-RS";"UOP04-DEL08-RS"
360058;2021-05-06;"quinta-feira";"09:55:00";"SC";101;114;"ITAJAI";"Manobra de mudança de faixa";"Colisão traseira";"Com Vítimas Feridas";"Pleno dia";"Decrescente";"Nublado";"Múltipla";"Reta";"Não";2;0;1;0;1;0;1;2;-26,86192886;-48,7286704;"SPRF-SC";"DEL04-SC";"UOP04-DEL04-SC"
360063;2021-05-17;"segunda-feira";"01:10:00";"MS";60;452;"DOIS IRMAOS DO BURITI";"Reação tardia ou ineficiente do condutor";"Saída de leito carroçável";"Com Vítimas Feridas";"Plena Noite";"Crescente";"Céu Claro";"Simples";"Curva";"Não";1;0;1;0;0;0;1;1;-21,00435406;-55,20071983;"SPRF-MS";"DEL01-MS";"UOP04-DEL01-MS"
360064;2021-05-26;"quarta-feira";"10:50:00";"PR";163;10,7;"BARRACAO";"Manobra de mudança de faixa";"Colisão frontal";"Com Vítimas Feridas";"Pleno dia";"Crescente";"Sol";"Simples";"Declive";"Sim";2;0;0;1;1;0;1;2;-26,244105;-53,634058;"SPRF-PR";"DEL02-PR";"UOP02-DEL02-PR"
360065;2021-03-01;"segunda-feira";"07:34:00";"PR";376;182;"MARINGA";"Manobra de mudança de faixa";"Colisão lateral mesmo sentido";"Com Vítimas Feridas";"Pleno dia";"Decrescente";"Céu Claro";"Dupla";"Reta";"Sim";1;0;1;0;0;0;1;1;-23,43684112;-51,87880764;"SPRF-PR";"DEL09-PR";"UOP01-DEL09-PR"