"id";"data_inversa";"dia_semana";"horario";"uf";"br";"km";"municipio";"causa_acidente";"tipo_acidente";"classificacao_acidente";"fase_dia";"sentido_via";"condicao_metereologica";"tipo_pista";"tracado_via";"uso_solo";"pessoas";"mortos";"feridos_leves";"feridos_graves";"ilesos";"ignorados";"feridos";"veiculos";"latitude";"longitude";"regional";"delegacia";"uop"
360066;2021-04-05;"segunda-feira";"19:55:00";"RO";319;63;"PORTO VELHO";"Condutor desrespeitou a iluminação vermelha do semáforo";"Colisão transversal";"Com Vítimas Feridas";"Plena Noite";"Crescente";"Céu Claro";"Dupla";"Interseção de Vias";"Sim";3;0;2;0;1;0;2;2;-8,75774123;-63,88632417;"SPRF-RO";"DEL01-RO";"UOP01-DEL01-RO"
360067;2021-05-26;"quarta-feira";"13:06:00";"RO";364;198;"PIMENTA BUENO";"Manobra de mudança de faixa";"Colisão lateral mesmo sentido";"Com Vítimas Feridas";"Pleno dia";"Crescente";"Céu Claro";"Simples";"Retorno Regulamentado;Reta";"Sim";2;0;1;0;1;0;1;2;-11,67049488;-61,19146173;"SPRF-RO";"DEL02-RO";"UOP02-DEL02-RO"
360069;2021-05-26;"quarta-feira";"13:55:00";"MS";262;239,5;"RIBAS DO RIO PARDO";"Acessar a via sem observar a presença dos outros veículos";"Colisão transversal";"Com Vítimas Feridas";"Pleno dia";"Crescente";"Sol";"Simples";"Reta";"Sim";3;0;1;0;2;0;1;2;-20,45684563;-53,75597803;"SPRF-MS";"DEL01-MS";"UOP01-DEL01-MS"
360074;2021-05-26;"quarta-feira";"15:15:00";"RS";116;558,2;"PEDRO OSORIO";"Avarias e/ou desgaste excessivo no pneu";"Colisão com objeto";"Com Vítimas Feridas";"Pleno dia";"Crescente";"Céu Claro";"Simples";"Reta";"Não";2;0;0;2;0;0;2;1;-31,90718631;-52,6685788;"SPRF-RS";"DEL07-RS";"UOP03-DEL07-RS"
360075;2021-05-23;"domingo";"05:35:00";"MG";262;450,7;"NOVA SERRANA";"Ingestão de álcool pelo condutor";"Saída de leito carroçável";"Sem Vítimas";"Plena Noite";"Crescente";"Céu Claro";"Simples";"Reta";"Não";2;0;0;0;2;0;0;1;-19,86755552;-44,9889018;"SPRF-MG";"DEL08-MG";"UOP03-DEL08-MG"
360076;2021-05-26;"quarta-feira";"14:00:00";"SC";280;195;"MAFRA";"Demais falhas mecânicas ou elétricas";"Incêndio";"Sem Vítimas";"Pleno dia";"Decrescente";"Céu Claro";"Simples";"Curva";"Não";1;0;0;0;1;0;0;1;-26,17921779;-50,02536489;"SPRF-SC";"DEL06-SC";"UOP01-DEL06-SC"
360078;2021-05-26;"quarta-feira";"11:15:00";"PA";230;1454,5;"JACAREACANGA";"Pista esburacada";"Capotamento";"Sem Vítimas";"Pleno dia";"Crescente";"Sol";"Simples";"Declive;Reta";"Não";2;0;0;0;2;0;0;1;-5,69727307;-57,49913496;"SPRF-PA";"DEL05-PA";"UOP01-DEL05-PA"
360080;2021-05-26;"quarta-feira";"15:55:00";"SP";116;221;"GUARULHOS";"Acesso irregular";"Saída de leito carroçável";"Com Vítimas Feridas";"Pleno dia";"Crescente";"Céu Claro";"Múltipla";"Reta";"Sim";1;0;1;0;0;0;1;1;-23,46802395;-46,50704901;"SPRF-SP";"DEL01-SP";"UOP01-DEL01-SP"
360081;2021-05-26;"quarta-feira";"14:45:00";"PR";116;113;"CURITIBA";"Velocidade Incompatível";"Colisão traseira";"Com Vítimas Feridas";"Pleno dia";"Decrescente";"Nublado";"Dupla";"Reta";"Sim";2;0;1;0;1;0;1;2;-25,56513636;-49,24675108;"SPRF-PR";"DEL01-PR";"UOP01-DEL01-PR"
360082;2021-05-26;"quarta-feira";"16:20:00";"PB";101;107,9;"ALHANDRA";"Ausência de reação do condutor";"Colisão com objeto";"Sem Vítimas";"Pleno dia";"Decrescente";"Céu Claro";"Dupla";"Reta";"Não";1;0;0;0;1;0;0;1;-7,32549201;-34,94709877;"SPRF-PB";"DEL01-PB";"UOP02-DEL01-PB"
360083;2021-05-26;"quarta-feira";"14:20:00";"RN";405;1;"MOSSORO";"Ingestão de álcool pelo condutor";"Eventos atípicos";"Com Vítimas Feridas";"Pleno dia";"Decrescente";"Céu Claro";"Simples";"Curva";"Sim";2;0;1;0;1;0;1;2;-5,1909621;-37,35494256;"SPRF-RN";"DEL04-RN";"UOP02-DEL04-RN"
360087;2021-04-14;"quarta-feira";"17:39:00";"RO";425;127;"GUAJARA-MIRIM";"Condutor deixou de manter distância do veículo da frente";"Colisão traseira";"Com Vítimas Feridas";"Anoitecer";"Decrescente";"Céu Claro";"Simples";"Reta";"Não";5;0;1;1;3;0;2;2;-10,638787;-65,29612;"SPRF-RO";"DEL01-RO";"UOP03-DEL01-RO"
360090;2021-05-26;"quarta-feira";"13:30:00";"SC";163;72,2;"SAO MIGUEL DO OESTE";"Acessar a via sem observar a presença dos outros veículos";"Colisão transversal";"Com Vítimas Feridas";"Pleno dia";"Crescente";"Céu Claro";"Dupla";"Interseção de Vias;Aclive;Reta";"Sim";4;0;0;1;2;1;1;3;-26,71815752;-53,51604581;"SPRF-SC";"DEL07-SC";"UOP03-DEL07-SC"
360091;2021-05-26;"quarta-feira";"14:10:00";"RS";480;66,6;"BARAO DE COTEGIPE";"Curva acentuada";"Saída de leito carroçável";"Com Vítimas Feridas";"Pleno dia";"Crescente";"Sol";"Simples";"Curva";"Não";1;0;1;0;0;0;1;1;-27,63150868;-52,36002465;"SPRF-RS";"DEL08-RS";"UOP04-DEL08-RS"
360094;2021-05-26;"quarta-feira";"17:00:00";"MG";262;876;"CAMPO FLORIDO";"Desrespeitar a preferência no cruzamento";"Colisão transversal";"Com Vítimas Feridas";"Pleno dia";"Decrescente";"Sol";"Simples";"Rotatória";"Sim";3;0;1;1;0;1;2;3;-19,78185033;-48,50810792;"SPRF-MG";"DEL13-MG";"UOP01-DEL13-MG"
360095;2021-04-09;"sexta-feira";"15:00:00";"RO";425;97;"NOVA MAMORE";"Condutor deixou de manter distância do veículo da frente";"Colisão traseira";"Com Vítimas Feridas";"Pleno dia";"Decrescente";"Céu Claro";"Simples";"Reta";"Sim";2;0;0;1;1;0;1;2;-10,42704025;-65,33843994;"SPRF-RO";"DEL01-RO";"UOP03-DEL01-RO"
360098;2021-05-26;"quarta-feira";"17:00:00";"MG";153;191;"FRUTAL";"Ausência de reação do condutor";"Saída de leito carroçável";"Com Vítimas Feridas";"Pleno dia";"Crescente";"Céu Claro";"Simples";"Declive";"Não";1;0;1;0;0;0;1;1;-19,89734113;-48,97104263;"SPRF-MG";"DEL13-MG";"UOP02-DEL13-MG"
360100;2021-05-26;"quarta-feira";"17:00:00";"SC";101;204,1;"SAO JOSE";"Acessar a via sem observar a presença dos outros veículos";"Colisão transversal";"Com Vítimas Feridas";"Pleno dia";"Decrescente";"Sol";"Múltipla";"Reta;Declive";"Sim";2;0;1;0;0;1;1;2;-27,57606066;-48,61309648;"SPRF-SC";"DEL01-SC";"UOP01-DEL01-SC"
360101;2021-05-26;"quarta-feira";"17:20:00";"SC";101;112,4;"ITAJAI";"Avarias e/ou desgaste excessivo no pneu";"Tombamento";"Com Vítimas Feridas";"Pleno dia";"Crescente";"Céu Claro";"Múltipla";"Reta";"Sim";2;0;1;0;1;0;1;1;-26,84589005;-48,72131295;"SPRF-SC";"DEL04-SC";"UOP04-DEL04-SC"
360103;2021-05-26;"quarta-feira";"17:30:00";"ES";101;297,9;"VIANA";"Velocidade Incompatível";"Engavetamento";"Com Vítimas Feridas";"Plena Noite";"Decrescente";"Céu Claro";"Dupla";"Ponte";"Sim";5;0;1;0;4;0;1;4;-20,34529844;-40,41026774;"SPRF-ES";"DEL01-ES";"UOP01-DEL01-ES"
360104;2021-05-26;"quarta-feira";"17:20:00";"ES";262;103;"VENDA NOVA DO IMIGRANTE";"Condutor deixou de manter distância do veículo da frente";"Colisão traseira";"Sem Vítimas";"Anoitecer";"Crescente";"Nublado";"Simples";"Reta";"Sim";2;0;0;0;2;0;0;2;-20,33657022;-41,12201819;"SPRF-ES";"DEL01-ES";"UOP02-DEL01-ES"
360106;2021-05-26;"quarta-feira";"17:50:00";"GO";153;435,4;"ANAPOLIS";"Reação tardia ou ineficiente do condutor";"Colisão com objeto";"Com Vítimas Feridas";"Plena Noite";"Crescente";"Céu Claro";"Dupla";"Viaduto";"Sim";1;0;0;1;0;0;1;1;-16,280523;-48,960049;"SPRF-GO";"DEL02-GO";"UOP01-DEL02-GO"
360107;2021-05-26;"quarta-feira";"18:15:00";"PR";277;710,6;"SANTA TEREZINHA DE ITAIPU";"Acessar a via sem observar a presença dos outros veículos";"Colisão frontal";"Com Vítimas Feridas";"Anoitecer";"Decrescente";"Céu Claro";"Dupla";"Reta";"Sim";2;0;1;0;1;0;1;2;-25,45042905;-54,41348698;"SPRF-PR";"DEL05-PR";"UOP01-DEL05-PR"
360110;2021-05-26;"quarta-feira";"18:15:00";"SC";101;22;"JOINVILLE";"Ultrapassagem Indevida";"Colisão lateral mesmo sentido";"Com Vítimas Feridas";"Plena Noite";"Decrescente";"Céu Claro";"Simples";"Reta";"Sim";2;0;1;0;1;0;1;2;-26,15679993;-48,90786269;"SPRF-SC";"DEL03-SC";"UOP01-DEL03-SC"
360112;2021-05-26;"quarta-feira";"14:55:00";"RO";364;287,2;"PRESIDENTE MEDICI";"Reação tardia ou ineficiente do condutor";"Capotamento";"Com Vítimas Feridas";"Pleno dia";"Decrescente";"Céu Claro";"Simples";"Reta";"Não";5;0;1;2;0;2;3;2;-11,34919223;-61,85808927;"SPRF-RO";"DEL02-RO";"UOP01-DEL02-RO"
360113;2021-05-26;"quarta-feira";"18:05:00";"RS";116;514;"PELOTAS";"Ausência de reação do condutor";"Queda de ocupante de veículo";"Com Vítimas Feridas";"Plena Noite";"Crescente";"Céu Claro";"Simples";"Reta";"Não";1;0;1;0;0;0;1;1;-31,65213506;-52,33684672;"SPRF-RS";"DEL07-RS";"UOP01-DEL07-RS"
360115;2021-05-26;"quarta-feira";"18:40:00";"SC";101;202,5;"SAO JOSE";"Reação tardia ou ineficiente do condutor";"Colisão lateral mesmo sentido";"Com Vítimas Feridas";"Plena Noite";"Crescente";"Céu Claro";"Múltipla";"Reta";"Sim";2;0;1;0;1;0;1;2;-27,55711595;-48,61897889;"SPRF-SC";"DEL01-SC";"UOP01-DEL01-SC"
360118;2021-05-26;"quarta-feira";"17:45:00";"RR";174;506;"BOA VISTA";"Condutor desrespeitou a iluminação vermelha do semáforo";"Colisão transversal";"Com Vítimas Feridas";"Pleno dia";"Crescente";"Céu Claro";"Dupla";"Interseção de Vias";"Não";2;0;2;0;0;0;2;2;2,816381;-60,693253;"SPRF-RR";"DEL01-RR";"UOP01-DEL01-RR"
360120;2021-05-26;"quarta-feira";"17:50:00";"MT";158;783,5;"BARRA DO GARCAS";"Ultrapassagem Indevida";"Colisão frontal";"Com Vítimas Feridas";"Anoitecer";"Crescente";"Céu Claro";"Simples";"Reta;Declive";"Não";9;0;7;1;0;1;8;3;-15,76779598;-52,28110106;"SPRF-MT";"DEL07-MT";"UOP01-DEL07-MT"
360121;2021-05-26;"quarta-feira";"18:10:00";"SC";116;1,1;"MAFRA";"Desrespeitar a preferência no cruzamento";"Colisão transversal";"Com Vítimas Feridas";"Anoitecer";"Crescente";"Céu Claro";"Simples";"Interseção de Vias";"Sim";2;0;1;0;0;1;1;2;-26,11852913;-49,78842974;"SPRF-SC";"DEL06-SC";"UOP01-DEL06-SC"
360122;2021-05-26;"quarta-feira";"19:00:00";"DF";70;9;"BRASILIA";"Condutor deixou de manter distância do veículo da frente";"Colisão traseira";"Com Vítimas Feridas";"Anoitecer";"Crescente";"Céu Claro";"Dupla";"Reta";"Sim";2;0;1;0;1;0;1;2;-15,784615;-48,132023;"SPRF-DF";"DEL03-DF";"UOP02-DEL03-DF"
360123;2021-05-26;"quarta-feira";"18:50:00";"SC";101;373;"ICARA";"Condutor deixou de manter distância do veículo da frente";"Colisão traseira";"Com Vítimas Feridas";"Plena Noite";"Crescente";"Céu Claro";"Dupla";"Curva";"Não";4;0;1;0;1;2;1;3;-28,7132671;-49,21763596;"SPRF-SC";"DEL02-SC";"UOP01-DEL02-SC"
360125;2021-05-26;"quarta-feira";"19:15:00";"PR";277;351;"GUARAPUAVA";"Acessar a via sem observar a presença dos outros veículos";"Colisão frontal";"Com Vítimas Feridas";"Plena Noite";"Crescente";"Céu Claro";"Simples";"Reta";"Sim";2;0;0;1;1;0;1;2;-25,399576;-51,538652;"SPRF-PR";"DEL08-PR";"UOP01-DEL08-PR"
360127;2021-05-26;"quarta-feira";"19:30:00";"RJ";356;152;"CAMPOS DOS GOYTACAZES";"Transitar no acostamento";"Colisão lateral mesmo sentido";"Com Vítimas Feridas";"Plena Noite";"Decrescente";"Céu Claro";"Simples";"Reta";"Não";2;0;0;2;0;0;2;2;-21,75886106;-41,25301796;"SPRF-RJ";"DEL08-RJ";"UOP02-DEL08-RJ"
360128;2021-05-26;"quarta-feira";"18:25:00";"SP";116;41,2;"CACHOEIRA PAULISTA";"Entrada inopinada do pedestre";"Atropelamento de Pedestre";"Com Vítimas Fatais";"Plena Noite";"Crescente";"Céu Claro";"Dupla";"Aclive;Reta";"Não";2;1;0;0;1;0;0;2;-22,687695;-45,016436;"SPRF-SP";"DEL08-SP";"UOP02-DEL08-SP"
360129;2021-05-26;"quarta-feira";"19:15:00";"GO";153;504,4;"APARECIDA DE GOIANIA";"Desrespeitar a preferência no cruzamento";"Tombamento";"Com Vítimas Feridas";"Plena Noite";"Decrescente";"Céu Claro";"Múltipla";"Interseção de Vias;Aclive";"Sim";2;0;2;0;0;0;2;1;-16,7451;-49,2408;"SPRF-GO";"DEL01-GO";"UOP01-DEL01-GO"
360131;2021-05-26;"quarta-feira";"19:10:00";"SP";116;150;"SAO JOSE DOS CAMPOS";"Ausência de reação do condutor";"Colisão traseira";"Sem Vítimas";"Plena Noite";"Decrescente";"Céu Claro";"Dupla";"Reta";"Sim";2;0;0;0;2;0;0;2;-23,21335525;-45,8930588;"SPRF-SP";"DEL02-SP";"UOP01-DEL02-SP"
360133;2021-05-26;"quarta-feira";"17:15:00";"MG";116;554,2;"SANTA BARBARA DO LESTE";"Desrespeitar a preferência no cruzamento";"Colisão transversal";"Com Vítimas Feridas";"Anoitecer";"Crescente";"Céu Claro";"Simples";"Reta";"Não";3;0;0;2;1;0;2;2;-20,00117809;-42,14034158;"SPRF-MG";"DEL06-MG";"UOP02-DEL06-MG"
360134;2021-05-26;"quarta-feira";"19:40:00";"SC";101;199,6;"SAO JOSE";"Acessar a via sem observar a presença dos outros veículos";"Colisão lateral mesmo sentido";"Com Vítimas Feridas";"Plena Noite";"Crescente";"Céu Claro";"Simples";"Reta";"Sim";2;0;1;0;1;0;1;2;-27,53413705;-48,63003205;"SPRF-SC";"DEL01-SC";"UOP01-DEL01-SC"
360136;2021-05-26;"quarta-feira";"18:40:00";"GO";20;29,4;"FORMOSA";"Velocidade Incompatível";"Saída de leito carroçável";"Com Vítimas Feridas";"Plena Noite";"Decrescente";"Céu Claro";"Dupla";"Retorno Regulamentado";"Não";4;0;1;0;3;0;1;1;-15,49801746;-47,10980415;"SPRF-DF";"DEL02-DF";"UOP01-DEL02-DF"
360140;2021-05-26;"quarta-feira";"19:40:00";"RS";293;14;"CAPAO DO LEAO";"Acessar a via sem observar a presença dos outros veículos";"Colisão traseira";"Com Vítimas Feridas";"Plena Noite";"Crescente";"Céu Claro";"Simples";"Reta";"Sim";2;0;1;0;1;0;1;2;-31,75233352;-52,4609969;"SPRF-RS";"DEL07-RS";"UOP01-DEL07-RS"
360143;2021-05-26;"quarta-feira";"18:10:00";"SP";116;274;"TABOAO DA SERRA";"Ausência de reação do condutor";"Engavetamento";"Com Vítimas Feridas";"Plena Noite";"Decrescente";"Nublado";"Dupla";"Reta";"Sim";3;0;1;0;2;0;1;3;-23,63445084;-46,82418514;"SPRF-SP";"DEL04-SP";"UOP01-DEL04-SP"
360145;2021-05-26;"quarta-feira";"20:25:00";"RN";101;158,1;"GOIANINHA";"Demais falhas mecânicas ou elétricas";"Incêndio";"Sem Vítimas";"Pleno dia";"Decrescente";"Nublado";"Dupla";"Reta";"Sim";1;0;0;0;0;1;0;1;-6,3555248;-35,16147965;"SPRF-RN";"DEL01-RN";"UOP01-DEL01-RN"
360146;2021-05-26;"quarta-feira";"19:25:00";"SC";163;71,2;"SAO MIGUEL DO OESTE";"Reação tardia ou ineficiente do condutor";"Colisão transversal";"Com Vítimas Feridas";"Plena Noite";"Decrescente";"Céu Claro";"Dupla";"Curva";"Sim";2;0;1;0;1;0;1;2;-26,72772401;-53,51281303;"SPRF-SC";"DEL07-SC";"UOP03-DEL07-SC"
360148;2021-05-26;"quarta-feira";"19:30:00";"RO";319;63;"PORTO VELHO";"Condutor desrespeitou a iluminação vermelha do semáforo";"Colisão transversal";"Com Vítimas Feridas";"Plena Noite";"Decrescente";"Céu Claro";"Dupla";"Interseção de Vias;Reta";"Sim";2;0;1;0;1;0;1;2;-8,766685;-63,884052;"SPRF-RO";"DEL01-RO";"UOP01-DEL01-RO"
360149;2021-05-26;"quarta-feira";"16:00:00";"TO";230;80;"CACHOEIRINHA";"Condutor Dormindo";"Saída de leito carroçável";"Sem Vítimas";"Pleno dia";"Decrescente";"Céu Claro";"Simples";"Declive";"Não";1;0;0;0;0;1;0;1;-6,10419709;-47,8850681;"SPRF-TO";"DEL02-TO";"UOP03-DEL02-TO"
360150;2021-04-24;"sábado";"09:22:00";"RN";101;81,9;"SAO GONCALO DO AMARANTE";"Ultrapassagem Indevida";"Colisão transversal";"Com Vítimas Feridas";"Pleno dia";"Crescente";"Sol";"Dupla";"Reta";"Sim";4;0;0;1;2;1;1;4;-5,766282;-35,27935;"SPRF-RN";"DEL02-RN";"UOP01-DEL02-RN"
360153;2021-04-18;"domingo";"01:00:00";"BA";101;940,1;"MUCURI";"Velocidade Incompatível";"Queda de ocupante de veículo";"Com Vítimas Feridas";"Plena Noite";"Decrescente";"Céu Claro";"Simples";"Reta";"Não";1;0;0;1;0;0;1;1;-18,16840196;-39,91873914;"SPRF-BA";"DEL09-BA";"UOP02-DEL09-BA"
360155;2021-05-26;"quarta-feira";"21:00:00";"RS";116;243,5;"SAO LEOPOLDO";"Velocidade Incompatível";"Colisão lateral mesmo sentido";"Com Vítimas Feridas";"Plena Noite";"Decrescente";"Céu Claro";"Dupla";"Reta";"Sim";2;0;1;0;1;0;1;2;-29,73376456;-51,14956683;"SPRF-RS";"DEL01-RS";"UOP02-DEL01-RS"
360158;2021-05-26;"quarta-feira";"21:00:00";"MG";381;281,9;"JAGUARACU";"Animais na Pista";"Atropelamento de Animal";"Com Vítimas Feridas";"Plena Noite";"Crescente";"Céu Claro";"Simples";"Reta";"Não";2;0;1;1;0;0;2;1;-19,61293798;-42,76905001;"SPRF-MG";"DEL03-MG";"UOP02-DEL03-MG"
360159;2021-05-26;"quarta-feira";"22:00:00";"SP";116;282;"EMBU DAS ARTES";"Ultrapassagem Indevida";"Colisão lateral mesmo sentido";"Com Vítimas Feridas";"Plena Noite";"Decrescente";"Céu Claro";"Dupla";"Reta";"Sim";3;0;1;0;2;0;1;2;-23,68570216;-46,85970975;"SPRF-SP";"DEL04-SP";"UOP01-DEL04-SP"
360160;2021-05-26;"quarta-feira";"22:00:00";"SC";282;2;"FLORIANOPOLIS";"Ingestão de álcool pelo condutor";"Colisão traseira";"Sem Vítimas";"Plena Noite";"Crescente";"Céu Claro";"Múltipla";"Reta";"Sim";3;0;0;0;3;0;0;3;-27,603289;-48,590416;"SPRF-SC";"DEL01-SC";"UOP01-DEL01-SC"
360163;2021-05-26;"quarta-feira";"21:10:00";"SP";153;39,5;"ONDA VERDE";"Velocidade Incompatível";"Saída de leito carroçável";"Sem Vítimas";"Plena Noite";"Decrescente";"Céu Claro";"Simples";"Curva";"Não";1;0;0;0;0;1;0;1;-20,61635683;-49,33226109;"SPRF-SP";"DEL09-SP";"UOP01-DEL09-SP"
360166;2021-05-26;"quarta-feira";"21:28:00";"SP";381;36;"ATIBAIA";"Velocidade Incompatível";"Colisão traseira";"Com Vítimas Feridas";"Plena Noite";"Decrescente";"Céu Claro";"Dupla";"Declive;Reta";"Sim";2;0;2;0;0;0;2;2;-23,09707232;-46,57180706;"SPRF-SP";"DEL03-SP";"UOP01-DEL03-SP"
360168;2021-05-26;"quarta-feira";"22:35:00";"RS";392;5;"RIO GRANDE";"Velocidade Incompatível";"Saída de leito carroçável";"Com Vítimas Feridas";"Plena Noite";"Crescente";"Céu Claro";"Simples";"Reta";"Sim";1;0;1;0;0;0;1;1;-32,081655;-52,104779;"SPRF-RS";"DEL07-RS";"UOP02-DEL07-RS"
360169;2021-05-26;"quarta-feira";"21:30:00";"RN";110;48,9;"MOSSORO";"Acesso irregular";"Colisão transversal";"Com Vítimas Feridas";"Plena Noite";"Decrescente";"Céu Claro";"Dupla";"Reta";"Sim";3;0;0;2;0;1;2;2;-5,20881178;-37,33285083;"SPRF-RN";"DEL04-RN";"UOP01-DEL04-RN"
360171;2021-05-26;"quarta-feira";"22:20:00";"SC";282;38,6;"AGUAS MORNAS";"Velocidade Incompatível";"Saída de leito carroçável";"Com Vítimas Feridas";"Plena Noite";"Decrescente";"Céu Claro";"Simples";"Curva";"Não";1;0;1;0;0;0;1;1;-27,712921;-48,85729551;"SPRF-SC";"DEL01-SC";"UOP03-DEL01-SC"
360174;2021-05-26;"quarta-feira";"23:00:00";"ES";393;4,1;"CACHOEIRO DE ITAPEMIRIM";"Animais na Pista";"Atropelamento de Animal";"Com Vítimas Feridas";"Plena Noite";"Crescente";"Céu Claro";"Simples";"Curva";"Não";1;0;1;0;0;0;1;1;-20,82689705;-41,19267505;"SPRF-ES";"DEL03-ES";"UOP02-DEL03-ES"
360178;2021-05-27;"quinta-feira";"01:52:00";"PR";369;129,7;"JATAIZINHO";"Ingestão de álcool pelo condutor";"Saída de leito carroçável";"Sem Vítimas";"Plena Noite";"Decrescente";"Nublado";"Simples";"Reta;Aclive";"Sim";2;0;0;0;1;1;0;2;-23,259242;-50,980648;"SPRF-PR";"DEL07-PR";"UOP01-DEL07-PR"
360179;2021-05-27;"quinta-feira";"01:00:00";"SC";282;5;"SAO JOSE";"Reação tardia ou ineficiente do condutor";"Colisão com objeto";"Com Vítimas Feridas";"Pleno dia";"Crescente";"Céu Claro";"Múltipla";"Reta";"Sim";1;0;0;1;0;0;1;1;-27,588425;-48,612919;"SPRF-SC";"DEL01-SC";"UOP01-DEL01-SC"
360180;2021-05-27;"quinta-feira";"01:50:00";"PI";343;348,3;"TERESINA";"Ausência de reação do condutor";"Colisão com objeto";"Com Vítimas Feridas";"Plena Noite";"Crescente";"Céu Claro";"Simples";"Reta";"Sim";1;0;1;0;0;0;1;1;-5,118706;-42,786411;"SPRF-PI";"DEL01-PI";"UOP01-DEL01-PI"
360181;2021-05-27;"quinta-feira";"01:50:00";"RS";448;19;"CANOAS";"Demais falhas mecânicas ou elétricas";"Incêndio";"Sem Vítimas";"Plena Noite";"Crescente";"Céu Claro";"Dupla";"Reta";"Não";1;0;0;0;0;1;0;1;-29,951647;-51,203125;"SPRF-RS";"DEL01-RS";"UOP01-DEL01-RS"
360182;2021-05-27;"quinta-feira";"01:30:00";"PR";376;591;"CURITIBA";"Condutor Dormindo";"Saída de leito carroçável";"Com Vítimas Feridas";"Plena Noite";"Crescente";"Céu Claro";"Dupla";"Reta";"Sim";1;0;0;1;0;0;1;1;-25,45999605;-49,35895013;"SPRF-PR";"DEL01-PR";"UOP01-DEL01-PR"
360186;2021-05-27;"quinta-feira";"02:20:00";"MA";10;253;"IMPERATRIZ";"Condutor Dormindo";"Colisão com objeto";"Com Vítimas Feridas";"Plena Noite";"Crescente";"Céu Claro";"Simples";"Reta";"Sim";1;0;0;1;0;0;1;1;-5,52829842;-47,47124295;"SPRF-MA";"DEL04-MA";"UOP01-DEL04-MA"
360187;2021-05-27;"quinta-feira";"03:20:00";"PI";343;14;"PARNAIBA";"Ingestão de álcool pelo condutor";"Engavetamento";"Com Vítimas Feridas";"Plena Noite";"Crescente";"Céu Claro";"Dupla";"Reta";"Sim";3;0;1;0;1;1;1;3;-2,92831884;-41,75375462;"SPRF-PI";"DEL05-PI";"UOP01-DEL05-PI"
360188;2021-05-27;"quinta-feira";"04:05:00";"PR";369;151;"LONDRINA";"Ingestão de álcool e/ou substâncias psicoativas pelo pedestre";"Colisão com objeto";"Sem Vítimas";"Plena Noite";"Crescente";"Céu Claro";"Dupla";"Reta";"Sim";1;0;0;0;1;0;0;1;-23,29286496;-51,17147717;"SPRF-PR";"DEL07-PR";"UOP01-DEL07-PR"
360189;2021-05-27;"quinta-feira";"04:20:00";"RJ";101;67;"CAMPOS DOS GOYTACAZES";"Animais na Pista";"Atropelamento de Animal";"Com Vítimas Feridas";"Amanhecer";"Decrescente";"Nublado";"Simples";"Reta";"Não";1;0;1;0;0;0;1;1;-21,76751094;-41,34876249;"SPRF-RJ";"DEL08-RJ";"UOP02-DEL08-RJ"
360191;2021-05-27;"quinta-feira";"06:00:00";"PB";230;154,3;"CAMPINA GRANDE";"Avarias e/ou desgaste excessivo no pneu";"Tombamento";"Com Vítimas Feridas";"Amanhecer";"Decrescente";"Nublado";"Simples";"Reta";"Sim";2;0;2;0;0;0;2;1;-7,2777;-35,8985;"SPRF-PB";"DEL02-PB";"UOP01-DEL02-PB"
360192;2021-05-27;"quinta-feira";"06:40:00";"MG";381;505;"BETIM";"Reação tardia ou ineficiente do condutor";"Colisão com objeto";"Com Vítimas Feridas";"Pleno dia";"Decrescente";"Céu Claro";"Dupla";"Interseção de Vias;Reta";"Não";1;0;1;0;0;0;1;1;-20,03591653;-44,24428225;"SPRF-MG";"DEL01-MG";"UOP03-DEL01-MG"
360193;2021-05-27;"quinta-feira";"03:00:00";"RJ";116;175;"NOVA IGUACU";"Ingestão de álcool pelo condutor";"Colisão traseira";"Com Vítimas Feridas";"Plena Noite";"Decrescente";"Céu Claro";"Múltipla";"Reta";"Sim";7;0;1;0;5;1;1;3;-22,78923555;-43,37275272;"SPRF-RJ";"DEL01-RJ";"UOP02-DEL01-RJ"
360194;2021-05-14;"sexta-feira";"22:45:00";"PE";316;58;"TRINDADE";"Transitar na contramão";"Colisão frontal";"Com Vítimas Feridas";"Plena Noite";"Decrescente";"Chuva";"Simples";"Aclive";"Sim";2;0;0;1;0;1;1;2;-7,75370631;-40,26496546;"SPRF-PE";"DEL05-PE";"UOP02-DEL05-PE"
360195;2021-05-27;"quinta-feira";"07:00:00";"ES";101;269,5;"SERRA";"Ausência de reação do condutor";"Colisão traseira";"Com Vítimas Feridas";"Pleno dia";"Crescente";"Céu Claro";"Múltipla";"Reta";"Sim";2;0;1;0;1;0;1;2;-20,21740496;-40,26990578;"SPRF-ES";"DEL02-ES";"UOP01-DEL02-ES"
360198;2021-05-27;"quinta-feira";"07:30:00";"DF";70;13;"BRASILIA";"Condutor deixou de manter distância do veículo da frente";"Engavetamento";"Sem Vítimas";"Pleno dia";"Decrescente";"Céu Claro";"Dupla";"Reta";"Sim";3;0;0;0;3;0;0;3;-15,794558;-48,166584;"SPRF-DF";"DEL03-DF";"UOP02-DEL03-DF"
360199;2021-05-27;"quinta-feira";"07:20:00";"DF";60;3;"BRASILIA";"Avarias e/ou desgaste excessivo no pneu";"Tombamento";"Com Vítimas Feridas";"Pleno dia";"Decrescente";"Sol";"Dupla";"Reta";"Não";1;0;1;0;0;0;1;1;-15,890521;-48,086864;"SPRF-DF";"DEL03-DF";"UOP01-DEL03-DF"