"id";"data_inversa";"dia_semana";"horario";"uf";"br";"km";"municipio";"causa_acidente";"tipo_acidente";"classificacao_acidente";"fase_dia";"sentido_via";"condicao_metereologica";"tipo_pista";"tracado_via";"uso_solo";"pessoas";"mortos";"feridos_leves";"feridos_graves";"ilesos";"ignorados";"feridos";"veiculos";"latitude";"longitude";"regional";"delegacia";"uop"
360200;2021-05-27;"quinta-feira";"07:20:00";"SP";381;38;"ATIBAIA";"Condutor deixou de manter distância do veículo da frente";"Saída de leito carroçável";"Com Vítimas Feridas";"Pleno dia";"Crescente";"Céu Claro";"Dupla";"Reta";"Não";2;0;1;0;1;0;1;2;-23,1133221;-46,57174974;"SPRF-SP";"DEL03-SP";"UOP01-DEL03-SP"
360201;2021-05-27;"quinta-feira";"07:30:00";"PR";376;601;"CURITIBA";"Pedestre cruzava a pista fora da faixa";"Atropelamento de Pedestre";"Com Vítimas Feridas";"Pleno dia";"Crescente";"Céu Claro";"Dupla";"Reta";"Sim";2;0;1;0;1;0;1;2;-25,537054;-49,31404;"SPRF-PR";"DEL01-PR";"UOP01-DEL01-PR"
360202;2021-03-13;"sábado";"03:30:00";"CE";20;426,7;"FORTALEZA";"Ausência de sinalização";"Colisão com objeto";"Com Vítimas Fatais";"Plena Noite";"Crescente";"Céu Claro";"Dupla";"Em Obras";"Não";1;1;0;0;0;0;0;1;-3,86409338;-38,52121572;"SPRF-CE";"DEL01-CE";"UOP02-DEL01-CE"
360203;2021-05-27;"quinta-feira";"07:00:00";"PR";116;119;"CURITIBA";"Reação tardia ou ineficiente do condutor";"Colisão lateral mesmo sentido";"Com Vítimas Feridas";"Pleno dia";"Decrescente";"Céu Claro";"Múltipla";"Reta";"Não";1;0;0;1;0;0;1;1;-25,54456009;-49,30146002;"SPRF-PR";"DEL01-PR";"UOP01-DEL01-PR"
360204;2021-05-14;"sexta-feira";"15:30:00";"CE";116;504,6;"BREJO SANTO";"Afundamento ou ondulação no pavimento";"Colisão traseira";"Sem Vítimas";"Pleno dia";"Decrescente";"Nublado";"Simples";"Reta";"Não";2;0;0;0;2;0;0;2;-7,47977281;-38,9815676;"SPRF-CE";"DEL05-CE";"UOP03-DEL05-CE"
360206;2021-05-19;"quarta-feira";"13:50:00";"SC";101;185;"BIGUACU";"Demais falhas na via";"Eventos atípicos";"Sem Vítimas";"Pleno dia";"Decrescente";"Sol";"Múltipla";"Reta";"Sim";1;0;0;0;1;0;0;1;-27,42536698;-48,62465876;"SPRF-SC";"DEL01-SC";"UOP01-DEL01-SC"
360207;2021-05-03;"segunda-feira";"19:40:00";"SC";101;215,5;"PALHOCA";"Condutor deixou de manter distância do veículo da frente";"Colisão traseira";"Com Vítimas Feridas";"Plena Noite";"Decrescente";"Céu Claro";"Dupla";"Reta";"Sim";2;0;0;1;1;0;1;2;-27,65184843;-48,67604941;"SPRF-SC";"DEL01-SC";"UOP02-DEL01-SC"
360208;2021-05-27;"quinta-feira";"07:33:00";"RS";116;151,7;"CAXIAS DO SUL";"Acessar a via sem observar a presença dos outros veículos";"Colisão transversal";"Com Vítimas Feridas";"Pleno dia";"Decrescente";"Céu Claro";"Dupla";"Interseção de Vias";"Sim";2;0;1;0;1;0;1;2;-29,18199553;-51,16621798;"SPRF-RS";"DEL05-RS";"UOP01-DEL05-RS"
360209;2021-05-27;"quinta-feira";"07:40:00";"SC";101;133;"BALNEARIO CAMBORIU";"Velocidade Incompatível";"Colisão traseira";"Com Vítimas Feridas";"Pleno dia";"Decrescente";"Sol";"Múltipla";"Reta";"Sim";3;0;1;0;2;0;1;3;-26,99936;-48,64609;"SPRF-SC";"DEL04-SC";"UOP03-DEL04-SC"
360210;2021-05-27;"quinta-feira";"07:50:00";"RS";116;250;"SAO LEOPOLDO";"Acesso irregular";"Colisão transversal";"Com Vítimas Feridas";"Pleno dia";"Crescente";"Céu Claro";"Dupla";"Reta";"Sim";5;0;2;0;3;0;2;3;-29,79148798;-51,16399615;"SPRF-RS";"DEL01-RS";"UOP02-DEL01-RS"
360211;2021-05-12;"quarta-feira";"17:55:00";"PR";373;174,5;"PONTA GROSSA";"Acessar a via sem observar a presença dos outros veículos";"Colisão transversal";"Com Vítimas Feridas";"Anoitecer";"Crescente";"Garoa/Chuvisco";"Dupla";"Reta";"Sim";3;0;1;2;0;0;3;2;-25,07594908;-50,20995715;"SPRF-PR";"DEL03-PR";"UOP01-DEL03-PR"
360212;2021-05-27;"quinta-feira";"08:20:00";"PB";230;26;"JOAO PESSOA";"Velocidade Incompatível";"Colisão traseira";"Sem Vítimas";"Pleno dia";"Crescente";"Garoa/Chuvisco";"Dupla";"Aclive;Reta";"Sim";3;0;0;0;3;0;0;3;-7,1693;-34,8782;"SPRF-PB";"DEL01-PB";"UOP01-DEL01-PB"
360213;2021-05-27;"quinta-feira";"08:10:00";"MG";381;489,5;"BETIM";"Avarias e/ou desgaste excessivo no pneu";"Tombamento";"Com Vítimas Feridas";"Pleno dia";"Crescente";"Céu Claro";"Múltipla";"Curva";"Sim";1;0;0;1;0;0;1;1;-19,96245618;-44,16455495;"SPRF-MG";"DEL01-MG";"UOP03-DEL01-MG"
360214;2021-05-19;"quarta-feira";"15:50:00";"MS";463;3;"DOURADOS";"Transitar no acostamento";"Colisão lateral mesmo sentido";"Com Vítimas Feridas";"Pleno dia";"Crescente";"Céu Claro";"Simples";"Reta";"Não";2;0;0;1;1;0;1;2;-22,25924224;-54,833011;"SPRF-MS";"DEL04-MS";"UOP01-DEL04-MS"
360217;2021-05-27;"quinta-feira";"08:20:00";"SC";101;119;"ITAJAI";"Manobra de mudança de faixa";"Colisão traseira";"Com Vítimas Feridas";"Pleno dia";"Crescente";"Céu Claro";"Múltipla";"Reta";"Sim";3;0;2;0;1;0;2;2;-26,9043179;-48,71555481;"SPRF-SC";"DEL04-SC";"UOP04-DEL04-SC"
360223;2021-05-27;"quinta-feira";"08:20:00";"PB";230;22;"JOAO PESSOA";"Trafegar com motocicleta (ou similar) entre as faixas";"Queda de ocupante de veículo";"Com Vítimas Feridas";"Pleno dia";"Decrescente";"Céu Claro";"Dupla";"Reta";"Sim";2;0;2;0;0;0;2;1;-7,1495;-34,8517;"SPRF-PB";"DEL01-PB";"UOP01-DEL01-PB"
360224;2021-05-27;"quinta-feira";"08:45:00";"DF";40;7;"BRASILIA";"Trafegar com motocicleta (ou similar) entre as faixas";"Colisão traseira";"Com Vítimas Feridas";"Pleno dia";"Decrescente";"Céu Claro";"Dupla";"Aclive";"Sim";3;0;1;0;2;0;1;2;-16,038666;-47,979691;"SPRF-DF";"DEL01-DF";"UOP01-DEL01-DF"
360225;2021-05-19;"quarta-feira";"11:45:00";"MS";376;117,6;"IVINHEMA";"Ausência de reação do condutor";"Colisão lateral mesmo sentido";"Com Vítimas Feridas";"Pleno dia";"Decrescente";"Sol";"Simples";"Reta";"Sim";2;0;0;1;1;0;1;2;-22,30511421;-53,85355307;"SPRF-MS";"DEL04-MS";"UOP04-DEL04-MS"
360226;2021-05-27;"quinta-feira";"09:00:00";"SP";116;226,2;"GUARULHOS";"Mal súbito do condutor";"Colisão traseira";"Com Vítimas Feridas";"Pleno dia";"Crescente";"Sol";"Múltipla";"Reta";"Sim";2;0;1;0;1;0;1;2;-23,49102507;-46,54878195;"SPRF-SP";"DEL01-SP";"UOP01-DEL01-SP"
360227;2021-05-27;"quinta-feira";"09:00:00";"SP";116;226,4;"GUARULHOS";"Manobra de mudança de faixa";"Colisão lateral mesmo sentido";"Com Vítimas Feridas";"Pleno dia";"Crescente";"Céu Claro";"Múltipla";"Reta";"Sim";2;0;0;1;1;0;1;2;-23,49102507;-46,54878195;"SPRF-SP";"DEL01-SP";"UOP01-DEL01-SP"
360228;2021-05-27;"quinta-feira";"09:00:00";"RN";101;82,8;"SAO GONCALO DO AMARANTE";"Mal súbito do condutor";"Colisão com objeto";"Com Vítimas Feridas";"Pleno dia";"Crescente";"Sol";"Dupla";"Reta";"Sim";1;0;1;0;0;0;1;1;-5,769075;-35,271687;"SPRF-RN";"DEL02-RN";"UOP01-DEL02-RN"
360229;2021-05-27;"quinta-feira";"08:20:00";"PR";476;123;"CURITIBA";"Condutor deixou de manter distância do veículo da frente";"Colisão traseira";"Com Vítimas Feridas";"Pleno dia";"Crescente";"Céu Claro";"Dupla";"Declive;Reta;Em Obras";"Sim";2;0;1;0;1;0;1;2;-25,392904;-49,209557;"SPRF-PR";"DEL01-PR";"UOP03-DEL01-PR"
360232;2021-05-27;"quinta-feira";"09:10:00";"CE";116;11;"FORTALEZA";"Manobra de mudança de faixa";"Colisão traseira";"Com Vítimas Feridas";"Pleno dia";"Crescente";"Nublado";"Dupla";"Reta";"Sim";2;0;1;0;1;0;1;2;-3,84394724;-38,49891546;"SPRF-CE";"DEL01-CE";"UOP02-DEL01-CE"
360235;2021-05-27;"quinta-feira";"09:35:00";"DF";70;16,2;"BRASILIA";"Reação tardia ou ineficiente do condutor";"Colisão com objeto";"Com Vítimas Fatais";"Pleno dia";"Crescente";"Céu Claro";"Dupla";"Rotatória";"Sim";2;1;0;1;0;0;1;1;-15,795398;-48,195924;"SPRF-DF";"DEL03-DF";"UOP02-DEL03-DF"
360238;2021-05-27;"quinta-feira";"09:00:00";"SC";280;231,9;"CANOINHAS";"Condutor deixou de manter distância do veículo da frente";"Colisão traseira";"Com Vítimas Feridas";"Pleno dia";"Decrescente";"Céu Claro";"Simples";"Reta";"Não";2;0;1;0;1;0;1;2;-26,19002459;-50,38022161;"SPRF-SC";"DEL06-SC";"UOP04-DEL06-SC"
360240;2021-05-27;"quinta-feira";"10:10:00";"SC";101;207;"SAO JOSE";"Condutor deixou de manter distância do veículo da frente";"Colisão traseira";"Com Vítimas Feridas";"Pleno dia";"Crescente";"Sol";"Múltipla";"Reta";"Sim";3;0;0;1;2;0;1;3;-27,60001226;-48,6226467;"SPRF-SC";"DEL01-SC";"UOP01-DEL01-SC"
360244;2021-05-27;"quinta-feira";"10:00:00";"PR";369;151;"LONDRINA";"Condutor deixou de manter distância do veículo da frente";"Colisão traseira";"Com Vítimas Feridas";"Pleno dia";"Decrescente";"Sol";"Dupla";"Reta";"Sim";2;0;1;0;1;0;1;2;-23,29288802;-51,17085447;"SPRF-PR";"DEL07-PR";"UOP01-DEL07-PR"
360246;2021-05-27;"quinta-feira";"07:30:00";"PR";277;108,5;"CAMPO LARGO";"Condutor deixou de manter distância do veículo da frente";"Colisão traseira";"Sem Vítimas";"Pleno dia";"Decrescente";"Sol";"Dupla";"Reta";"Sim";1;0;0;0;1;0;0;1;-25,46337891;-49,35755379;"SPRF-PR";"DEL01-PR";"UOP03-DEL03-PR"
360250;2021-05-27;"quinta-feira";"12:00:00";"BA";324;564;"SAO SEBASTIAO DO PASSE";"Demais falhas mecânicas ou elétricas";"Queda de ocupante de veículo";"Com Vítimas Feridas";"Pleno dia";"Crescente";"Céu Claro";"Dupla";"Reta";"Não";1;0;1;0;0;0;1;1;-12,5138723;-38,62480322;"SPRF-BA";"DEL01-BA";"UOP01-DEL01-BA"
360251;2021-05-27;"quinta-feira";"11:10:00";"ES";101;435;"MIMOSO DO SUL";"Reação tardia ou ineficiente do condutor";"Saída de leito carroçável";"Com Vítimas Feridas";"Pleno dia";"Crescente";"Céu Claro";"Simples";"Curva";"Não";1;0;1;0;0;0;1;1;-21,05500952;-41,19609059;"SPRF-ES";"DEL03-ES";"UOP02-DEL03-ES"
360252;2021-05-27;"quinta-feira";"11:50:00";"SC";101;434,1;"SOMBRIO";"Transitar na contramão";"Colisão transversal";"Com Vítimas Feridas";"Pleno dia";"Decrescente";"Céu Claro";"Simples";"Reta";"Sim";2;0;1;0;1;0;1;2;-29,09075196;-49,63226114;"SPRF-SC";"DEL02-SC";"UOP02-DEL02-SC"
360253;2021-05-27;"quinta-feira";"12:25:00";"RJ";354;18,2;"RESENDE";"Velocidade Incompatível";"Colisão frontal";"Com Vítimas Feridas";"Pleno dia";"Crescente";"Céu Claro";"Simples";"Declive;Curva";"Não";3;0;1;0;2;0;1;3;-22,465595;-44,716988;"SPRF-RJ";"DEL07-RJ";"UOP02-DEL07-RJ"
360255;2021-05-15;"sábado";"10:10:00";"PA";163;1000;"SANTAREM";"Entrada inopinada do pedestre";"Atropelamento de Pedestre";"Com Vítimas Feridas";"Pleno dia";"Decrescente";"Céu Claro";"Simples";"Reta";"Sim";2;0;0;1;1;0;1;2;-2,47328397;-54,7293664;"SPRF-PA";"DEL05-PA";"UOP01-DEL05-PA"
360256;2021-05-05;"quarta-feira";"07:15:00";"PR";476;141;"CURITIBA";"Manobra de mudança de faixa";"Colisão lateral mesmo sentido";"Com Vítimas Feridas";"Pleno dia";"Decrescente";"Céu Claro";"Dupla";"Reta";"Sim";2;0;1;0;1;0;1;2;-25,528614;-49,298798;"SPRF-PR";"DEL01-PR";"UOP03-DEL01-PR"
360258;2021-05-27;"quinta-feira";"12:15:00";"SC";282;217;"LAGES";"Condutor deixou de manter distância do veículo da frente";"Colisão traseira";"Com Vítimas Feridas";"Pleno dia";"Decrescente";"Céu Claro";"Dupla";"Reta";"Não";2;0;1;0;1;0;1;2;-27,797916;-50,302944;"SPRF-SC";"DEL05-SC";"UOP01-DEL05-SC"
360259;2021-05-27;"quinta-feira";"12:10:00";"ES";101;146,7;"LINHARES";"Acumulo de areia ou detritos sobre o pavimento";"Tombamento";"Com Vítimas Feridas";"Pleno dia";"Crescente";"Nublado";"Múltipla";"Reta";"Sim";1;0;1;0;0;0;1;1;-19,3757045;-40,06608909;"SPRF-ES";"DEL04-ES";"UOP01-DEL04-ES"
360262;2021-05-27;"quinta-feira";"13:07:00";"PB";230;117,3;"INGA";"Velocidade Incompatível";"Colisão com objeto";"Com Vítimas Feridas";"Pleno dia";"Decrescente";"Garoa/Chuvisco";"Dupla";"Reta";"Não";3;0;3;0;0;0;3;1;-7,2393;-35,6128;"SPRF-PB";"DEL02-PB";"UOP01-DEL02-PB"
360264;2021-05-27;"quinta-feira";"08:20:00";"PI";316;314;"PICOS";"Velocidade Incompatível";"Tombamento";"Com Vítimas Feridas";"Pleno dia";"Decrescente";"Sol";"Simples";"Reta";"Sim";1;0;1;0;0;0;1;1;-7,0776992;-41,44117384;"SPRF-PI";"DEL04-PI";"UOP01-DEL04-PI"
360265;2021-05-27;"quinta-feira";"12:15:00";"MA";226;118,7;"SAO JOAO DO SOTER";"Manobra de mudança de faixa";"Colisão frontal";"Com Vítimas Fatais";"Pleno dia";"Crescente";"Céu Claro";"Simples";"Reta";"Não";2;1;0;0;1;0;0;2;-5,261774;-43,80931;"SPRF-MA";"DEL03-MA";"UOP02-DEL03-MA"
360266;2021-05-27;"quinta-feira";"12:25:00";"PR";476;141,6;"CURITIBA";"Ausência de reação do condutor";"Queda de ocupante de veículo";"Com Vítimas Feridas";"Pleno dia";"Decrescente";"Céu Claro";"Dupla";"Reta";"Sim";1;0;1;0;0;0;1;1;-25,528614;-49,298798;"SPRF-PR";"DEL01-PR";"UOP03-DEL01-PR"
360268;2021-05-10;"segunda-feira";"05:30:00";"MG";40;506;"RIBEIRAO DAS NEVES";"Acessar a via sem observar a presença dos outros veículos";"Colisão transversal";"Com Vítimas Feridas";"Plena Noite";"Crescente";"Céu Claro";"Dupla";"Reta";"Sim";2;0;1;1;0;0;2;2;-19,74778;-44,147676;"SPRF-MG";"DEL02-MG";"UOP01-DEL02-MG"
360270;2021-05-24;"segunda-feira";"07:25:00";"MS";262;352,4;"CAMPO GRANDE";"Animais na Pista";"Tombamento";"Com Vítimas Feridas";"Pleno dia";"Crescente";"Céu Claro";"Simples";"Reta";"Não";1;0;1;0;0;0;1;1;-20,56780935;-54,64946423;"SPRF-MS";"DEL01-MS";"UOP03-DEL01-MS"
360272;2021-05-27;"quinta-feira";"13:30:00";"ES";101;373,5;"ICONHA";"Ingestão de álcool pelo condutor";"Saída de leito carroçável";"Com Vítimas Feridas";"Pleno dia";"Decrescente";"Céu Claro";"Simples";"Reta";"Não";1;0;1;0;0;0;1;1;-20,78076895;-40,78058417;"SPRF-ES";"DEL03-ES";"UOP01-DEL03-ES"
360274;2021-05-27;"quinta-feira";"14:30:00";"GO";158;142;"CAIAPONIA";"Conversão proibida";"Colisão transversal";"Com Vítimas Feridas";"Pleno dia";"Crescente";"Céu Claro";"Simples";"Curva";"Não";2;0;1;0;1;0;1;2;-16,82529795;-51,76573005;"SPRF-GO";"DEL04-GO";"UOP01-DEL04-GO"
360276;2021-05-27;"quinta-feira";"11:50:00";"MG";267;45,1;"MARIPA DE MINAS";"Reação tardia ou ineficiente do condutor";"Colisão transversal";"Com Vítimas Feridas";"Pleno dia";"Decrescente";"Céu Claro";"Simples";"Curva";"Não";2;0;0;1;1;0;1;2;-21,68357945;-42,9466561;"SPRF-MG";"DEL07-MG";"UOP01-DEL07-MG"
360277;2021-05-27;"quinta-feira";"09:30:00";"MG";116;762,9;"LEOPOLDINA";"Reação tardia ou ineficiente do condutor";"Colisão transversal";"Com Vítimas Feridas";"Pleno dia";"Crescente";"Céu Claro";"Simples";"Reta";"Sim";3;0;2;0;1;0;2;2;-21,52887723;-42,62360898;"SPRF-MG";"DEL07-MG";"UOP01-DEL07-MG"
360278;2021-05-27;"quinta-feira";"15:15:00";"RS";101;0,5;"OSORIO";"Condutor Dormindo";"Saída de leito carroçável";"Com Vítimas Feridas";"Pleno dia";"Decrescente";"Céu Claro";"Dupla";"Reta";"Sim";1;0;1;0;0;0;1;1;-29,89157883;-50,28118556;"SPRF-RS";"DEL03-RS";"UOP02-DEL03-RS"
360281;2021-05-27;"quinta-feira";"13:10:00";"MG";364;30,1;"FRUTAL";"Acessar a via sem observar a presença dos outros veículos";"Colisão transversal";"Com Vítimas Feridas";"Pleno dia";"Crescente";"Céu Claro";"Simples";"Reta";"Sim";2;0;1;0;0;1;1;2;-20,015179;-48,916181;"SPRF-MG";"DEL13-MG";"UOP02-DEL13-MG"
360282;2021-05-23;"domingo";"19:00:00";"PE";424;43,9;"VENTUROSA";"Falta de acostamento";"Colisão traseira";"Com Vítimas Feridas";"Plena Noite";"Crescente";"Nevoeiro/Neblina";"Simples";"Aclive";"Não";3;0;0;2;1;0;2;2;-8,674274;-36,808548;"SPRF-PE";"DEL03-PE";"UOP01-DEL03-PE"
360283;2021-03-28;"domingo";"15:50:00";"MG";116;263;"TEOFILO OTONI";"Demais falhas na via";"Tombamento";"Com Vítimas Feridas";"Pleno dia";"Decrescente";"Céu Claro";"Simples";"Reta";"Não";1;0;0;1;0;0;1;1;-17,871984;-41,519988;"SPRF-MG";"DEL11-MG";"UOP01-DEL11-MG"
360289;2021-05-27;"quinta-feira";"16:25:00";"SC";280;31;"ARAQUARI";"Condutor deixou de manter distância do veículo da frente";"Colisão traseira";"Com Vítimas Feridas";"Pleno dia";"Decrescente";"Céu Claro";"Simples";"Aclive";"Sim";2;0;1;0;1;0;1;2;-26,41649938;-48,77181215;"SPRF-SC";"DEL03-SC";"UOP03-DEL03-SC"
360290;2021-05-15;"sábado";"22:07:00";"PA";163;1003;"SANTAREM";"Condutor deixou de manter distância do veículo da frente";"Colisão lateral mesmo sentido";"Com Vítimas Feridas";"Plena Noite";"Decrescente";"Chuva";"Dupla";"Reta";"Sim";2;0;2;0;0;0;2;2;-2,44688525;-54,73048152;"SPRF-PA";"DEL05-PA";"UOP01-DEL05-PA"
360291;2021-05-27;"quinta-feira";"16:56:00";"DF";20;40,8;"BRASILIA";"Condutor deixou de manter distância do veículo da frente";"Colisão traseira";"Com Vítimas Feridas";"Pleno dia";"Crescente";"Céu Claro";"Dupla";"Declive";"Não";2;0;0;1;1;0;1;2;-15,581853;-47,512711;"SPRF-DF";"DEL02-DF";"UOP01-DEL02-DF"
360292;2021-05-27;"quinta-feira";"16:50:00";"AL";104;87;"RIO LARGO";"Velocidade Incompatível";"Colisão transversal";"Sem Vítimas";"Anoitecer";"Decrescente";"Nublado";"Dupla";"Reta";"Sim";2;0;0;0;2;0;0;2;-9,47532901;-35,82160002;"SPRF-AL";"DEL01-AL";"UOP01-DEL01-AL"
360298;2021-05-27;"quinta-feira";"16:40:00";"MS";376;32;"FATIMA DO SUL";"Ultrapassagem Indevida";"Colisão lateral mesmo sentido";"Com Vítimas Feridas";"Pleno dia";"Decrescente";"Céu Claro";"Simples";"Reta";"Não";2;0;0;1;1;0;1;2;-22,38920803;-54,48517701;"SPRF-MS";"DEL04-MS";"UOP04-DEL04-MS"
360299;2021-05-27;"quinta-feira";"17:35:00";"RS";285;564;"SAO LUIZ GONZAGA";"Desrespeitar a preferência no cruzamento";"Colisão transversal";"Com Vítimas Feridas";"Pleno dia";"Crescente";"Sol";"Simples";"Interseção de Vias";"Sim";2;0;0;1;1;0;1;2;-28,4169564;-54,93833542;"SPRF-RS";"DEL10-RS";"UOP01-DEL10-RS"
360300;2021-05-27;"quinta-feira";"16:45:00";"GO";70;7;"AGUAS LINDAS DE GOIAS";"Estacionar ou parar em local proibido";"Colisão traseira";"Com Vítimas Feridas";"Pleno dia";"Crescente";"Céu Claro";"Múltipla";"Reta";"Sim";3;0;2;0;1;0;2;2;-15,74375533;-48,26779708;"SPRF-DF";"DEL03-DF";"UOP02-DEL03-DF"
360301;2021-02-13;"sábado";"02:45:00";"MG";50;179;"UBERABA";"Afundamento ou ondulação no pavimento";"Colisão com objeto";"Com Vítimas Feridas";"Plena Noite";"Crescente";"Nublado";"Dupla";"Em Obras;Declive;Curva;Desvio Temporário";"Sim";1;0;0;1;0;0;1;1;-19,77827047;-47,93140998;"SPRF-MG";"DEL13-MG";"UOP01-DEL13-MG"
360302;2021-05-27;"quinta-feira";"17:50:00";"RS";472;574;"URUGUAIANA";"Ausência de reação do condutor";"Colisão traseira";"Com Vítimas Feridas";"Anoitecer";"Crescente";"Céu Claro";"Simples";"Reta";"Sim";2;0;1;0;1;0;1;2;-29,74636679;-56,98678119;"SPRF-RS";"DEL13-RS";"UOP01-DEL13-RS"
360303;2021-05-27;"quinta-feira";"17:35:00";"ES";101;270,5;"SERRA";"Velocidade Incompatível";"Saída de leito carroçável";"Com Vítimas Feridas";"Plena Noite";"Crescente";"Nublado";"Múltipla";"Curva";"Sim";2;0;2;0;0;0;2;1;-20,22662056;-40,27075088;"SPRF-ES";"DEL02-ES";"UOP01-DEL02-ES"
360304;2021-05-06;"quinta-feira";"06:25:00";"PR";116;17;"CURITIBA";"Reação tardia ou ineficiente do condutor";"Colisão traseira";"Com Vítimas Feridas";"Pleno dia";"Crescente";"Céu Claro";"Dupla";"Desvio Temporário";"Sim";2;0;1;0;1;0;1;2;-25,389;-49,1867;"SPRF-PR";"DEL01-PR";"UOP02-DEL01-PR"
360305;2021-05-27;"quinta-feira";"17:55:00";"CE";222;5,5;"CAUCAIA";"Trafegar com motocicleta (ou similar) entre as faixas";"Tombamento";"Com Vítimas Feridas";"Plena Noite";"Crescente";"Céu Claro";"Múltipla";"Curva";"Sim";1;0;1;0;0;0;1;1;-3,74296918;-38,61330997;"SPRF-CE";"DEL01-CE";"UOP01-DEL01-CE"
360306;2021-05-27;"quinta-feira";"17:20:00";"MG";40;553;"NOVA LIMA";"Acesso irregular";"Colisão transversal";"Com Vítimas Feridas";"Pleno dia";"Crescente";"Céu Claro";"Simples";"Declive;Reta";"Sim";2;0;1;0;1;0;1;2;-20,06863326;-43,98194759;"SPRF-MG";"DEL01-MG";"UOP02-DEL01-MG"
360307;2021-05-27;"quinta-feira";"12:30:00";"BA";101;583,8;"CAMACAN";"Acessar a via sem observar a presença dos outros veículos";"Colisão transversal";"Com Vítimas Fatais";"Pleno dia";"Decrescente";"Sol";"Simples";"Interseção de Vias";"Não";4;2;1;1;0;0;2;2;-15,386;-39,484;"SPRF-BA";"DEL05-BA";"UOP02-DEL05-BA"
360308;2021-05-27;"quinta-feira";"17:50:00";"ES";259;57,8;"COLATINA";"Acessar a via sem observar a presença dos outros veículos";"Colisão transversal";"Com Vítimas Feridas";"Anoitecer";"Crescente";"Céu Claro";"Simples";"Retorno Regulamentado";"Sim";2;0;1;0;1;0;1;2;-19,50865703;-40,65581416;"SPRF-ES";"DEL02-ES";"UOP01-DEL02-ES"
360309;2021-05-27;"quinta-feira";"17:35:00";"MG";50;59,3;"UBERLANDIA";"Avarias e/ou desgaste excessivo no pneu";"Tombamento";"Com Vítimas Feridas";"Anoitecer";"Decrescente";"Nublado";"Dupla";"Declive;Reta";"Não";1;0;1;0;0;0;1;1;-18,8020439;-48,23892832;"SPRF-MG";"DEL15-MG";"UOP02-DEL15-MG"
360310;2021-05-27;"quinta-feira";"17:30:00";"PE";407;121,4;"PETROLINA";"Demais falhas mecânicas ou elétricas";"Tombamento";"Com Vítimas Feridas";"Anoitecer";"Crescente";"Céu Claro";"Simples";"Reta";"Não";3;0;2;0;1;0;2;1;-9,34588493;-40,55509788;"SPRF-PE";"DEL06-PE";"UOP01-DEL06-PE"
360311;2021-05-27;"quinta-feira";"18:11:00";"SC";470;60;"BLUMENAU";"Trafegar com motocicleta (ou similar) entre as faixas";"Colisão transversal";"Com Vítimas Feridas";"Anoitecer";"Decrescente";"Céu Claro";"Simples";"Retorno Regulamentado";"Sim";2;0;1;0;1;0;1;2;-26,88069861;-49,16707993;"SPRF-SC";"DEL04-SC";"UOP01-DEL04-SC"
360313;2021-05-27;"quinta-feira";"17:15:00";"MT";364;278,3;"JACIARA";"Reação tardia ou ineficiente do condutor";"Queda de ocupante de veículo";"Com Vítimas Feridas";"Anoitecer";"Decrescente";"Céu Claro";"Dupla";"Curva";"Não";1;0;0;1;0;0;1;1;-15,94550399;-55,00613199;"SPRF-MT";"DEL05-MT";"UOP02-DEL05-MT"
360314;2021-05-27;"quinta-feira";"17:00:00";"DF";20;19;"BRASILIA";"Demais falhas mecânicas ou elétricas";"Incêndio";"Sem Vítimas";"Anoitecer";"Crescente";"Céu Claro";"Dupla";"Aclive";"Sim";1;0;0;0;1;0;0;1;-15,612175;-47,700928;"SPRF-DF";"DEL02-DF";"UOP01-DEL02-DF"
360315;2021-05-27;"quinta-feira";"18:30:00";"SC";101;208;"SAO JOSE";"Condutor deixou de manter distância do veículo da frente";"Colisão traseira";"Com Vítimas Feridas";"Anoitecer";"Crescente";"Céu Claro";"Múltipla";"Reta";"Sim";2;0;1;1;0;0;2;2;-27,60327979;-48,63201818;"SPRF-SC";"DEL01-SC";"UOP01-DEL01-SC"
360317;2021-05-27;"quinta-feira";"18:10:00";"GO";60;117,4;"TEREZOPOLIS DE GOIAS";"Transitar na contramão";"Colisão frontal";"Com Vítimas Feridas";"Anoitecer";"Crescente";"Céu Claro";"Dupla";"Reta";"Sim";2;0;0;1;1;0;1;2;-16,4789;-49,0864;"SPRF-GO";"DEL01-GO";"UOP01-DEL01-GO"
360320;2021-05-27;"quinta-feira";"18:00:00";"SC";101;215;"PALHOCA";"Ausência de reação do condutor";"Colisão traseira";"Com Vítimas Feridas";"Plena Noite";"Crescente";"Céu Claro";"Múltipla";"Reta";"Sim";2;0;1;0;1;0;1;2;-27,65184843;-48,67604941;"SPRF-SC";"DEL01-SC";"UOP02-DEL01-SC"
360321;2021-05-27;"quinta-feira";"18:20:00";"SC";101;122;"ITAJAI";"Ausência de reação do condutor";"Colisão traseira";"Com Vítimas Feridas";"Anoitecer";"Decrescente";"Céu Claro";"Múltipla";"Reta";"Sim";2;0;1;1;0;0;2;2;-26,92955916;-48,70499836;"SPRF-SC";"DEL04-SC";"UOP04-DEL04-SC"