"id";"data_inversa";"dia_semana";"horario";"uf";"br";"km";"municipio";"causa_acidente";"tipo_acidente";"classificacao_acidente";"fase_dia";"sentido_via";"condicao_metereologica";"tipo_pista";"tracado_via";"uso_solo";"pessoas";"mortos";"feridos_leves";"feridos_graves";"ilesos";"ignorados";"feridos";"veiculos";"latitude";"longitude";"regional";"delegacia";"uop"
360680;2021-05-29;"sábado";"10:45:00";"SP";381;41,3;"ATIBAIA";"Condutor deixou de manter distância do veículo da frente";"Colisão traseira";"Com Vítimas Feridas";"Pleno dia";"Decrescente";"Céu Claro";"Múltipla";"Reta";"Sim";2;0;0;1;1;0;1;2;-23,141643;-46,575263;"SPRF-SP";"DEL03-SP";"UOP01-DEL03-SP"
360682;2021-05-29;"sábado";"11:15:00";"SC";470;55,5;"BLUMENAU";"Ausência de reação do condutor";"Colisão transversal";"Com Vítimas Feridas";"Pleno dia";"Crescente";"Céu Claro";"Simples";"Reta";"Não";2;0;1;0;1;0;1;2;-26,87634003;-49,12333125;"SPRF-SC";"DEL04-SC";"UOP01-DEL04-SC"
360683;2021-05-29;"sábado";"10:30:00";"MG";40;619,4;"CONGONHAS";"Velocidade Incompatível";"Saída de leito carroçável";"Com Vítimas Feridas";"Pleno dia";"Decrescente";"Sol";"Simples";"Curva";"Sim";1;0;0;1;0;0;1;1;-20,57827925;-43,80875772;"SPRF-MG";"DEL05-MG";"UOP02-DEL05-MG"
360684;2021-05-29;"sábado";"10:00:00";"PR";277;618,7;"CEU AZUL";"Desrespeitar a preferência no cruzamento";"Colisão transversal";"Sem Vítimas";"Pleno dia";"Decrescente";"Céu Claro";"Simples";"Reta";"Não";4;0;0;0;4;0;0;2;-25,07577788;-53,69271805;"SPRF-PR";"DEL05-PR";"UOP02-DEL05-PR"
360686;2021-05-29;"sábado";"11:35:00";"RS";116;248;"SAO LEOPOLDO";"Acessar a via sem observar a presença dos outros veículos";"Engavetamento";"Com Vítimas Feridas";"Pleno dia";"Decrescente";"Céu Claro";"Simples";"Reta";"Sim";3;0;1;0;2;0;1;3;-29,7718;-51,1537;"SPRF-RS";"DEL01-RS";"UOP02-DEL01-RS"
360708;2021-05-29;"sábado";"12:00:00";"SC";282;3;"FLORIANOPOLIS";"Condutor deixou de manter distância do veículo da frente";"Colisão traseira";"Com Vítimas Feridas";"Pleno dia";"Decrescente";"Céu Claro";"Múltipla";"Em Obras";"Não";3;0;2;0;1;0;2;2;-27,600384;-48,599705;"SPRF-SC";"DEL01-SC";"UOP01-DEL01-SC"
360709;2021-05-29;"sábado";"11:40:00";"SP";381;38,2;"ATIBAIA";"Reação tardia ou ineficiente do condutor";"Colisão traseira";"Com Vítimas Feridas";"Pleno dia";"Decrescente";"Nublado";"Dupla";"Reta";"Sim";3;0;1;0;2;0;1;2;-23,10506237;-46,56881577;"SPRF-SP";"DEL03-SP";"UOP01-DEL03-SP"
360710;2021-05-29;"sábado";"10:45:00";"PR";277;452,2;"LARANJEIRAS DO SUL";"Desrespeitar a preferência no cruzamento";"Colisão transversal";"Com Vítimas Feridas";"Pleno dia";"Decrescente";"Céu Claro";"Simples";"Reta;Interseção de Vias";"Sim";5;0;3;1;1;0;4;2;-25,37059917;-52,36924101;"SPRF-PR";"DEL04-PR";"UOP02-DEL04-PR"
360711;2021-05-29;"sábado";"12:30:00";"SP";116;160,6;"JACAREI";"Condutor deixou de manter distância do veículo da frente";"Colisão traseira";"Com Vítimas Feridas";"Pleno dia";"Decrescente";"Nublado";"Múltipla";"Reta";"Sim";2;0;1;0;1;0;1;2;-23,272571;-45,970183;"SPRF-SP";"DEL02-SP";"UOP01-DEL02-SP"
360712;2021-05-29;"sábado";"12:30:00";"SC";101;209;"SAO JOSE";"Condutor deixou de manter distância do veículo da frente";"Colisão traseira";"Com Vítimas Feridas";"Pleno dia";"Decrescente";"Céu Claro";"Múltipla";"Reta";"Sim";3;0;1;0;2;0;1;2;-27,61000542;-48,63895057;"SPRF-SC";"DEL01-SC";"UOP01-DEL01-SC"
360713;2021-05-29;"sábado";"10:50:00";"PR";277;455,5;"LARANJEIRAS DO SUL";"Ingestão de álcool pelo condutor";"Saída de leito carroçável";"Com Vítimas Feridas";"Pleno dia";"Decrescente";"Céu Claro";"Simples";"Aclive;Reta";"Não";1;0;1;0;0;0;1;1;-25,36980336;-52,37913399;"SPRF-PR";"DEL04-PR";"UOP02-DEL04-PR"
360714;2021-05-29;"sábado";"05:00:00";"RS";293;217;"DOM PEDRITO";"Ausência de sinalização";"Saída de leito carroçável";"Sem Vítimas";"Plena Noite";"Decrescente";"Nevoeiro/Neblina";"Simples";"Interseção de Vias";"Não";1;0;0;0;0;1;0;1;-31,13552679;-54,37924575;"SPRF-RS";"DEL11-RS";"UOP03-DEL11-RS"
360717;2021-05-29;"sábado";"12:30:00";"RJ";116;212,8;"PARACAMBI";"Demais falhas mecânicas ou elétricas";"Incêndio";"Sem Vítimas";"Pleno dia";"Decrescente";"Céu Claro";"Múltipla";"Curva";"Não";1;0;0;0;1;0;0;1;-22,70016984;-43,76229617;"SPRF-RJ";"DEL01-RJ";"UOP03-DEL01-RJ"
360718;2021-05-29;"sábado";"11:50:00";"PE";101;67;"RECIFE";"Condutor deixou de manter distância do veículo da frente";"Colisão com objeto";"Sem Vítimas";"Pleno dia";"Crescente";"Sol";"Dupla";"Reta";"Sim";1;0;0;0;1;0;0;1;-8,042334;-34,943096;"SPRF-PE";"DEL01-PE";"UOP01-DEL01-PE"
360720;2021-05-22;"sábado";"01:33:00";"PR";277;587;"CASCAVEL";"Animais na Pista";"Atropelamento de Animal";"Com Vítimas Feridas";"Plena Noite";"Decrescente";"Céu Claro";"Simples";"Reta";"Sim";1;0;1;0;0;0;1;1;-24,96941255;-53,42959722;"SPRF-PR";"DEL04-PR";"UOP01-DEL04-PR"
360721;2021-05-29;"sábado";"12:00:00";"PR";277;726,2;"FOZ DO IGUACU";"Reação tardia ou ineficiente do condutor";"Queda de ocupante de veículo";"Com Vítimas Feridas";"Pleno dia";"Decrescente";"Sol";"Dupla";"Reta";"Sim";1;0;1;0;0;0;1;1;-25,510547;-54,557628;"SPRF-PR";"DEL05-PR";"UOP03-DEL05-PR"
360722;2021-05-29;"sábado";"13:15:00";"PE";101;77,8;"RECIFE";"Condutor deixou de manter distância do veículo da frente";"Colisão lateral mesmo sentido";"Com Vítimas Feridas";"Pleno dia";"Decrescente";"Céu Claro";"Dupla";"Curva";"Não";3;0;1;0;1;1;1;3;-8,126982;-34,94386;"SPRF-PE";"DEL01-PE";"UOP01-DEL01-PE"
360724;2021-05-29;"sábado";"13:50:00";"PR";369;183;"ARAPONGAS";"Ingestão de álcool pelo condutor";"Colisão lateral mesmo sentido";"Com Vítimas Feridas";"Pleno dia";"Decrescente";"Céu Claro";"Dupla";"Reta";"Sim";6;0;3;0;3;0;3;3;-23,3959015;-51,4248202;"SPRF-PR";"DEL07-PR";"UOP02-DEL07-PR"
360726;2021-05-29;"sábado";"09:45:00";"RJ";40;87;"PETROPOLIS";"Demais Fenômenos da natureza";"Eventos atípicos";"Com Vítimas Feridas";"Pleno dia";"Decrescente";"Céu Claro";"Simples";"Curva";"Não";1;0;1;0;0;0;1;1;-22,54413793;-43,23287799;"SPRF-RJ";"DEL06-RJ";"UOP01-DEL06-RJ"
360727;2021-05-29;"sábado";"12:20:00";"RS";116;264;"CANOAS";"Manobra de mudança de faixa";"Colisão traseira";"Com Vítimas Feridas";"Pleno dia";"Decrescente";"Céu Claro";"Simples";"Reta";"Sim";2;0;1;0;1;0;1;2;-29,914435;-51,17754495;"SPRF-RS";"DEL01-RS";"UOP01-DEL01-RS"
360728;2021-05-29;"sábado";"13:50:00";"GO";414;439,3;"ANAPOLIS";"Reação tardia ou ineficiente do condutor";"Colisão traseira";"Com Vítimas Feridas";"Pleno dia";"Decrescente";"Céu Claro";"Simples";"Declive";"Sim";3;0;1;0;2;0;1;2;-16,28128823;-48,94258908;"SPRF-GO";"DEL02-GO";"UOP01-DEL02-GO"
360729;2021-05-29;"sábado";"12:15:00";"DF";20;18;"BRASILIA";"Ingestão de álcool pelo condutor";"Saída de leito carroçável";"Com Vítimas Fatais";"Pleno dia";"Decrescente";"Céu Claro";"Dupla";"Reta";"Sim";2;1;1;0;0;0;1;1;-15,616901;-47,708927;"SPRF-DF";"DEL02-DF";"UOP01-DEL02-DF"
360732;2021-05-19;"quarta-feira";"14:10:00";"SP";116;304;"SAO LOURENCO DA SERRA";"Velocidade Incompatível";"Saída de leito carroçável";"Com Vítimas Feridas";"Pleno dia";"Decrescente";"Chuva";"Múltipla";"Curva";"Não";3;0;1;0;2;0;1;1;-23,835151;-46,92964497;"SPRF-SP";"DEL04-SP";"UOP01-DEL04-SP"
360733;2021-05-29;"sábado";"12:45:00";"SP";116;544;"BARRA DO TURVO";"Ausência de reação do condutor";"Capotamento";"Sem Vítimas";"Pleno dia";"Decrescente";"Sol";"Dupla";"Reta";"Não";1;0;0;0;0;1;0;1;-24,95781406;-48,42123049;"SPRF-SP";"DEL05-SP";"UOP02-DEL05-SP"
360735;2021-05-29;"sábado";"15:00:00";"MG";381;491,3;"BETIM";"Manobra de mudança de faixa";"Colisão lateral mesmo sentido";"Com Vítimas Feridas";"Pleno dia";"Decrescente";"Céu Claro";"Dupla";"Reta";"Sim";3;0;1;0;0;2;1;2;-19,96184859;-44,15775234;"SPRF-MG";"DEL01-MG";"UOP03-DEL01-MG"
360736;2021-05-29;"sábado";"15:10:00";"MG";116;624,7;"ORIZANIA";"Ingestão de álcool pelo condutor";"Saída de leito carroçável";"Com Vítimas Fatais";"Pleno dia";"Crescente";"Sol";"Simples";"Curva";"Não";5;1;0;0;1;3;0;2;-20,53111007;-42,20163271;"SPRF-MG";"DEL07-MG";"UOP03-DEL07-MG"
360739;2021-05-29;"sábado";"15:15:00";"RS";392;123,4;"CANGUCU";"Desrespeitar a preferência no cruzamento";"Colisão transversal";"Com Vítimas Feridas";"Plena Noite";"Crescente";"Céu Claro";"Simples";"Reta";"Não";4;0;1;0;3;0;1;2;-31,37916505;-52,71298806;"SPRF-RS";"DEL07-RS";"UOP01-DEL07-RS"
360740;2021-05-29;"sábado";"15:10:00";"SP";116;269;"TABOAO DA SERRA";"Ausência de reação do condutor";"Queda de ocupante de veículo";"Com Vítimas Feridas";"Pleno dia";"Decrescente";"Céu Claro";"Dupla";"Reta";"Sim";1;0;1;0;0;0;1;1;-23,61593059;-46,78826044;"SPRF-SP";"DEL04-SP";"UOP01-DEL04-SP"
360750;2021-05-29;"sábado";"15:25:00";"SP";116;230;"SAO PAULO";"Ingestão de álcool pelo condutor";"Saída de leito carroçável";"Sem Vítimas";"Pleno dia";"Decrescente";"Céu Claro";"Múltipla";"Reta";"Sim";1;0;0;0;1;0;0;1;-23,52251783;-46,5855702;"SPRF-SP";"DEL01-SP";"UOP01-DEL01-SP"
360757;2021-05-29;"sábado";"13:30:00";"MA";222;623;"ACAILANDIA";"Velocidade Incompatível";"Capotamento";"Com Vítimas Feridas";"Pleno dia";"Decrescente";"Céu Claro";"Simples";"Reta";"Não";1;0;1;0;0;0;1;1;-4,76489336;-47,05419172;"SPRF-MA";"DEL04-MA";"UOP03-DEL04-MA"
360758;2021-05-15;"sábado";"23:15:00";"PA";230;115;"MARABA";"Acessar a via sem observar a presença dos outros veículos";"Colisão lateral mesmo sentido";"Com Vítimas Feridas";"Plena Noite";"Decrescente";"Céu Claro";"Dupla";"Reta";"Sim";2;0;1;0;0;1;1;2;-5,36241425;-49,07496007;"SPRF-PA";"DEL03-PA";"UOP01-DEL03-PA"
360759;2021-05-29;"sábado";"16:15:00";"RS";290;60,1;"GRAVATAI";"Reação tardia ou ineficiente do condutor";"Colisão traseira";"Sem Vítimas";"Pleno dia";"Decrescente";"Céu Claro";"Múltipla";"Reta";"Sim";7;0;0;0;7;0;0;2;-29,925335;-50,859321;"SPRF-RS";"DEL03-RS";"UOP01-DEL03-RS"
360761;2021-05-29;"sábado";"14:30:00";"PR";163;290;"MARECHAL CANDIDO RONDON";"Velocidade Incompatível";"Saída de leito carroçável";"Com Vítimas Feridas";"Pleno dia";"Decrescente";"Céu Claro";"Simples";"Curva";"Não";5;0;2;3;0;0;5;1;-24,53507184;-54,04952168;"SPRF-PR";"DEL06-PR";"UOP02-DEL06-PR"
360763;2021-05-29;"sábado";"14:00:00";"RS";153;8,3;"MARCELINO RAMOS";"Ultrapassagem Indevida";"Colisão lateral mesmo sentido";"Com Vítimas Feridas";"Pleno dia";"Crescente";"Sol";"Simples";"Interseção de Vias";"Não";2;0;1;0;1;0;1;2;-27,42579874;-52,02885343;"SPRF-RS";"DEL08-RS";"UOP04-DEL08-RS"
360764;2021-05-29;"sábado";"16:22:00";"TO";153;163,5;"ARAGUAINA";"Ultrapassagem Indevida";"Capotamento";"Com Vítimas Feridas";"Pleno dia";"Crescente";"Céu Claro";"Simples";"Reta";"Não";4;0;2;2;0;0;4;1;-7,34312206;-48,32116893;"SPRF-TO";"DEL02-TO";"UOP01-DEL02-TO"
360765;2021-05-29;"sábado";"15:55:00";"PR";376;186;"MARIALVA";"Reação tardia ou ineficiente do condutor";"Saída de leito carroçável";"Com Vítimas Feridas";"Pleno dia";"Crescente";"Sol";"Dupla";"Declive";"Não";2;0;2;0;0;0;2;1;-23,45643624;-51,84510713;"SPRF-PR";"DEL09-PR";"UOP01-DEL09-PR"
360770;2021-05-29;"sábado";"14:50:00";"RJ";465;22;"NOVA IGUACU";"Acessar a via sem observar a presença dos outros veículos";"Colisão frontal";"Com Vítimas Feridas";"Pleno dia";"Crescente";"Nublado";"Simples";"Reta";"Sim";3;0;2;0;1;0;2;2;-22,863579;-43,601479;"SPRF-RJ";"DEL03-RJ";"UOP01-DEL03-RJ"
360771;2021-05-29;"sábado";"16:15:00";"CE";222;7,6;"CAUCAIA";"Pista esburacada";"Tombamento";"Com Vítimas Fatais";"Pleno dia";"Crescente";"Céu Claro";"Dupla";"Reta";"Sim";3;1;0;0;0;2;0;2;-3,75120823;-38,63373399;"SPRF-CE";"DEL01-CE";"UOP01-DEL01-CE"
360775;2021-05-29;"sábado";"17:20:00";"MG";365;627,1;"UBERLANDIA";"Velocidade Incompatível";"Colisão com objeto";"Com Vítimas Feridas";"Anoitecer";"Crescente";"Céu Claro";"Dupla";"Retorno Regulamentado";"Sim";2;0;1;0;0;1;1;1;-18,90390123;-48,34274054;"SPRF-MG";"DEL15-MG";"UOP01-DEL15-MG"
360776;2021-05-29;"sábado";"16:00:00";"SC";470;136,3;"RIO DO SUL";"Ingestão de álcool pelo condutor";"Colisão transversal";"Sem Vítimas";"Pleno dia";"Crescente";"Sol";"Simples";"Interseção de Vias";"Sim";2;0;0;0;2;0;0;2;-27,194323;-49,624554;"SPRF-SC";"DEL04-SC";"UOP02-DEL04-SC"
360777;2021-05-29;"sábado";"16:50:00";"PR";116;141;"MANDIRITUBA";"Acessar a via sem observar a presença dos outros veículos";"Colisão transversal";"Com Vítimas Feridas";"Pleno dia";"Crescente";"Nublado";"Dupla";"Rotatória";"Sim";4;0;3;0;1;0;3;2;-25,777515;-49,324561;"SPRF-PR";"DEL01-PR";"UOP03-DEL01-PR"
360779;2021-05-29;"sábado";"16:40:00";"SP";381;37;"ATIBAIA";"Avarias e/ou desgaste excessivo no pneu";"Capotamento";"Com Vítimas Feridas";"Pleno dia";"Crescente";"Chuva";"Dupla";"Reta";"Não";1;0;1;0;0;0;1;1;-23,10506237;-46,56881577;"SPRF-SP";"DEL03-SP";"UOP01-DEL03-SP"
360780;2021-05-29;"sábado";"17:20:00";"RJ";116;178;"NOVA IGUACU";"Condutor Dormindo";"Colisão lateral mesmo sentido";"Com Vítimas Feridas";"Anoitecer";"Decrescente";"Céu Claro";"Dupla";"Reta";"Sim";3;0;0;1;2;0;1;3;-22,77496393;-43,40081465;"SPRF-RJ";"DEL01-RJ";"UOP02-DEL01-RJ"
360781;2021-05-29;"sábado";"17:30:00";"PE";104;77;"AGRESTINA";"Ingestão de álcool pelo condutor";"Colisão traseira";"Com Vítimas Feridas";"Anoitecer";"Decrescente";"Céu Claro";"Simples";"Reta";"Não";4;0;2;0;0;2;2;2;-8,375978;-35,983662;"SPRF-PE";"DEL02-PE";"UOP01-DEL02-PE"
360784;2021-05-29;"sábado";"17:00:00";"CE";20;412,3;"MARACANAU";"Ingestão de álcool pelo condutor";"Saída de leito carroçável";"Com Vítimas Feridas";"Anoitecer";"Crescente";"Céu Claro";"Dupla";"Reta";"Sim";3;0;1;0;2;0;1;1;-3,78854943;-38,65333557;"SPRF-CE";"DEL01-CE";"UOP01-DEL01-CE"
360787;2021-05-29;"sábado";"16:40:00";"PR";153;352;"REBOUCAS";"Ingestão de álcool pelo condutor";"Saída de leito carroçável";"Com Vítimas Feridas";"Pleno dia";"Decrescente";"Céu Claro";"Simples";"Curva";"Não";5;0;3;0;2;0;3;1;-25,6240101;-50,70976188;"SPRF-PR";"DEL03-PR";"UOP03-DEL03-PR"
360788;2021-05-29;"sábado";"17:57:00";"RN";406;151,4;"CEARA-MIRIM";"Acessar a via sem observar a presença dos outros veículos";"Colisão transversal";"Com Vítimas Feridas";"Plena Noite";"Crescente";"Nublado";"Simples";"Curva";"Sim";3;0;2;0;1;0;2;2;-5,65094554;-35,42341594;"SPRF-RN";"DEL02-RN";"UOP01-DEL02-RN"
360790;2021-05-29;"sábado";"17:50:00";"ES";101;199,4;"JOAO NEIVA";"Ultrapassagem Indevida";"Colisão lateral mesmo sentido";"Sem Vítimas";"Anoitecer";"Crescente";"Céu Claro";"Simples";"Reta";"Não";2;0;0;0;2;0;0;2;-19,7194628;-40,34959416;"SPRF-ES";"DEL04-ES";"UOP01-DEL04-ES"
360791;2021-05-29;"sábado";"17:30:00";"PE";104;77,7;"CARUARU";"Animais na Pista";"Atropelamento de Animal";"Com Vítimas Feridas";"Anoitecer";"Decrescente";"Céu Claro";"Simples";"Reta";"Não";1;0;1;0;0;0;1;1;-8,375978;-35,983662;"SPRF-PE";"DEL02-PE";"UOP01-DEL02-PE"
360793;2021-05-29;"sábado";"16:00:00";"SP";116;52,7;"LORENA";"Avarias e/ou desgaste excessivo no pneu";"Saída de leito carroçável";"Com Vítimas Feridas";"Pleno dia";"Crescente";"Céu Claro";"Simples";"Retorno Regulamentado";"Sim";1;0;1;0;0;0;1;1;-22,75041967;-45,10555029;"SPRF-SP";"DEL08-SP";"UOP02-DEL08-SP"
360794;2021-05-29;"sábado";"18:30:00";"CE";116;487,3;"MILAGRES";"Pista esburacada";"Tombamento";"Com Vítimas Feridas";"Plena Noite";"Decrescente";"Céu Claro";"Simples";"Reta";"Não";1;0;1;0;0;0;1;1;-7,335577;-38,93697408;"SPRF-CE";"DEL05-CE";"UOP03-DEL05-CE"
360795;2021-05-29;"sábado";"18:23:00";"RS";386;247,9;"SOLEDADE";"Ingestão de álcool pelo condutor";"Saída de leito carroçável";"Sem Vítimas";"Plena Noite";"Decrescente";"Céu Claro";"Simples";"Reta";"Sim";1;0;0;0;0;1;0;1;-28,813179;-52,493595;"SPRF-RS";"DEL04-RS";"UOP03-DEL04-RS"
360796;2021-05-29;"sábado";"16:00:00";"SC";101;353,8;"JAGUARUNA";"Condutor Dormindo";"Saída de leito carroçável";"Com Vítimas Feridas";"Pleno dia";"Decrescente";"Céu Claro";"Dupla";"Reta";"Não";2;0;2;0;0;0;2;1;-28,62122;-49,07455444;"SPRF-SC";"DEL02-SC";"UOP01-DEL02-SC"
360798;2021-05-29;"sábado";"18:25:00";"GO";60;100,3;"ANAPOLIS";"Ausência de reação do condutor";"Colisão traseira";"Sem Vítimas";"Plena Noite";"Crescente";"Céu Claro";"Dupla";"Declive;Reta";"Sim";4;0;0;0;4;0;0;2;-16,3979;-48,9664;"SPRF-GO";"DEL02-GO";"UOP01-DEL02-GO"
360800;2021-05-29;"sábado";"17:45:00";"RJ";101;197;"CASIMIRO DE ABREU";"Condutor deixou de manter distância do veículo da frente";"Colisão traseira";"Com Vítimas Feridas";"Plena Noite";"Crescente";"Nublado";"Dupla";"Reta";"Não";2;0;2;0;0;0;2;1;-22,49157051;-42,11796332;"SPRF-RJ";"DEL08-RJ";"UOP04-DEL08-RJ"
360801;2021-05-29;"sábado";"19:30:00";"MG";262;10;"MARTINS SOARES";"Ingestão de álcool pelo condutor";"Colisão com objeto";"Com Vítimas Fatais";"Plena Noite";"Crescente";"Céu Claro";"Simples";"Curva";"Não";1;1;0;0;0;0;0;1;-20,243893;-41,838654;"SPRF-MG";"DEL06-MG";"UOP03-DEL06-MG"
360802;2021-05-29;"sábado";"17:30:00";"MS";463;1,5;"DOURADOS";"Ingestão de álcool pelo condutor";"Colisão transversal";"Com Vítimas Feridas";"Plena Noite";"Decrescente";"Céu Claro";"Simples";"Interseção de Vias";"Sim";2;0;0;1;1;0;1;2;-22,25909321;-54,81787205;"SPRF-MS";"DEL04-MS";"UOP01-DEL04-MS"
360805;2021-05-29;"sábado";"19:30:00";"MG";381;456;"BELO HORIZONTE";"Ausência de reação do condutor";"Saída de leito carroçável";"Com Vítimas Feridas";"Plena Noite";"Crescente";"Céu Claro";"Dupla";"Reta";"Sim";2;0;1;0;1;0;1;1;-19,85862954;-43,91292495;"SPRF-MG";"DEL01-MG";"UOP01-DEL01-MG"
360806;2021-05-29;"sábado";"17:30:00";"SC";101;378,5;"ICARA";"Ingestão de álcool pelo condutor";"Saída de leito carroçável";"Com Vítimas Feridas";"Plena Noite";"Crescente";"Céu Claro";"Dupla";"Reta";"Sim";1;0;1;0;0;0;1;1;-28,741853;-49,251657;"SPRF-SC";"DEL02-SC";"UOP02-DEL02-SC"
360807;2021-05-29;"sábado";"18:50:00";"PR";376;642;"TIJUCAS DO SUL";"Reação tardia ou ineficiente do condutor";"Colisão com objeto";"Sem Vítimas";"Plena Noite";"Crescente";"Nublado";"Dupla";"Curva";"Não";1;0;0;0;1;0;0;1;-25,74996549;-49,12905298;"SPRF-PR";"DEL01-PR";"UOP04-DEL01-PR"
360809;2021-05-29;"sábado";"18:30:00";"MT";163;973;"TERRA NOVA DO NORTE";"Animais na Pista";"Atropelamento de Animal";"Com Vítimas Feridas";"Plena Noite";"Decrescente";"Céu Claro";"Simples";"Curva";"Não";4;0;0;1;3;0;1;2;-10,698102;-55,1192682;"SPRF-MT";"DEL06-MT";"NPF/DEL06-MT"
360810;2021-05-29;"sábado";"19:20:00";"BA";116;359;"SERRINHA";"Reação tardia ou ineficiente do condutor";"Colisão lateral mesmo sentido";"Com Vítimas Feridas";"Plena Noite";"Crescente";"Céu Claro";"Dupla";"Curva";"Sim";2;0;2;0;0;0;2;2;-11,66618301;-39,00086165;"SPRF-BA";"DEL02-BA";"UOP01-DEL02-BA"
360811;2021-05-29;"sábado";"18:00:00";"PR";476;115;"COLOMBO";"Acessar a via sem observar a presença dos outros veículos";"Colisão transversal";"Com Vítimas Feridas";"Plena Noite";"Decrescente";"Nublado";"Simples";"Retorno Regulamentado";"Sim";3;0;2;0;1;0;2;2;-25,344196;-49,159679;"SPRF-PR";"DEL01-PR";"UOP02-DEL01-PR"
360812;2021-05-29;"sábado";"19:30:00";"RS";116;225;"DOIS IRMAOS";"Ausência de reação do condutor";"Colisão lateral sentido oposto";"Com Vítimas Feridas";"Plena Noite";"Decrescente";"Céu Claro";"Simples";"Curva";"Não";4;0;2;0;1;1;2;2;-29,5975;-51,1094;"SPRF-RS";"DEL01-RS";"UOP02-DEL01-RS"
360818;2021-05-29;"sábado";"20:10:00";"RJ";493;97;"SEROPEDICA";"Reação tardia ou ineficiente do condutor";"Colisão traseira";"Sem Vítimas";"Plena Noite";"Crescente";"Céu Claro";"Múltipla";"Reta";"Não";3;0;0;0;3;0;0;2;-22,719618;-43,708828;"SPRF-RJ";"DEL03-RJ";"UOP01-DEL03-RJ"
360819;2021-05-29;"sábado";"20:00:00";"RS";116;142;"CAXIAS DO SUL";"Condutor desrespeitou a iluminação vermelha do semáforo";"Colisão transversal";"Com Vítimas Feridas";"Plena Noite";"Decrescente";"Céu Claro";"Dupla";"Interseção de Vias;Reta";"Sim";3;0;1;0;1;1;1;3;-29,11858379;-51,11671329;"SPRF-RS";"DEL05-RS";"UOP01-DEL05-RS"
360820;2021-05-29;"sábado";"20:00:00";"SP";116;190,1;"SANTA ISABEL";"Reação tardia ou ineficiente do condutor";"Colisão traseira";"Sem Vítimas";"Plena Noite";"Decrescente";"Céu Claro";"Dupla";"Reta";"Não";3;0;0;0;2;1;0;3;-23,36821879;-46,23367409;"SPRF-SP";"DEL01-SP";"UOP01-DEL01-SP"
360821;2021-05-29;"sábado";"20:50:00";"ES";101;124;"LINHARES";"Avarias e/ou desgaste excessivo no pneu";"Queda de ocupante de veículo";"Com Vítimas Feridas";"Plena Noite";"Crescente";"Céu Claro";"Simples";"Reta";"Não";2;0;1;0;1;0;1;1;-19,17652792;-40,09118118;"SPRF-ES";"DEL04-ES";"UOP01-DEL04-ES"
360822;2021-05-29;"sábado";"18:50:00";"RJ";465;20;"NOVA IGUACU";"Transitar na contramão";"Colisão lateral sentido oposto";"Sem Vítimas";"Plena Noite";"Crescente";"Céu Claro";"Simples";"Reta";"Não";2;0;0;0;2;0;0;2;-22,846828;-43,605339;"SPRF-RJ";"DEL03-RJ";"UOP01-DEL03-RJ"
360824;2021-05-29;"sábado";"15:10:00";"MT";70;753;"CACERES";"Fumaça";"Colisão traseira";"Com Vítimas Feridas";"Pleno dia";"Crescente";"Céu Claro";"Simples";"Reta";"Não";7;0;1;5;1;0;6;2;-16,07608381;-57,85015871;"SPRF-MT";"DEL03-MT";"UOP01-DEL03-MT"
360825;2021-05-29;"sábado";"20:10:00";"RO";364;704;"PORTO VELHO";"Iluminação deficiente";"Atropelamento de Pedestre";"Com Vítimas Feridas";"Plena Noite";"Crescente";"Céu Claro";"Dupla";"Reta";"Sim";2;0;1;0;1;0;1;2;-8,80032739;-63,804543;"SPRF-RO";"DEL01-RO";"UOP01-DEL01-RO"
360826;2021-05-29;"sábado";"20:00:00";"PR";277;592,5;"CASCAVEL";"Ingestão de álcool pelo condutor";"Colisão lateral sentido oposto";"Sem Vítimas";"Plena Noite";"Crescente";"Céu Claro";"Simples";"Reta";"Sim";2;0;0;0;2;0;0;2;-24,98285697;-53,47319399;"SPRF-PR";"DEL04-PR";"UOP01-DEL04-PR"
360828;2021-05-29;"sábado";"20:35:00";"SC";280;18,5;"SAO FRANCISCO DO SUL";"Mal súbito do condutor";"Saída de leito carroçável";"Com Vítimas Feridas";"Plena Noite";"Crescente";"Nublado";"Simples";"Curva";"Não";1;0;1;0;0;0;1;1;-26,36432495;-48,66444809;"SPRF-SC";"DEL03-SC";"UOP03-DEL03-SC"
360829;2021-01-16;"sábado";"12:10:00";"PI";407;463,5;"JAICOS";"Acessar a via sem observar a presença dos outros veículos";"Colisão transversal";"Com Vítimas Fatais";"Pleno dia";"Crescente";"Sol";"Simples";"Reta";"Não";2;1;0;0;1;0;0;2;-7,31544499;-41,16176298;"SPRF-PI";"DEL04-PI";"UOP01-DEL04-PI"
360830;2021-05-29;"sábado";"19:40:00";"MG";262;853,7;"CAMPO FLORIDO";"Acessar a via sem observar a presença dos outros veículos";"Colisão transversal";"Com Vítimas Fatais";"Plena Noite";"Crescente";"Céu Claro";"Dupla";"Reta";"Não";6;1;3;1;0;1;4;2;-19,78253434;-48,51150513;"SPRF-MG";"DEL13-MG";"UOP01-DEL13-MG"
360833;2021-05-29;"sábado";"19:40:00";"PR";467;85,8;"CASCAVEL";"Velocidade Incompatível";"Atropelamento de Pedestre";"Com Vítimas Fatais";"Plena Noite";"Crescente";"Céu Claro";"Dupla";"Reta";"Sim";2;1;0;0;1;0;0;2;-24,82501829;-53,64851475;"SPRF-PR";"DEL04-PR";"UOP01-DEL04-PR"