"id";"data_inversa";"dia_semana";"horario";"uf";"br";"km";"municipio";"causa_acidente";"tipo_acidente";"classificacao_acidente";"fase_dia";"sentido_via";"condicao_metereologica";"tipo_pista";"tracado_via";"uso_solo";"pessoas";"mortos";"feridos_leves";"feridos_graves";"ilesos";"ignorados";"feridos";"veiculos";"latitude";"longitude";"regional";"delegacia";"uop"
360953;2021-05-30;"domingo";"11:30:00";"MG";459;84,3;"CONGONHAL";"Acesso irregular";"Colisão lateral mesmo sentido";"Com Vítimas Feridas";"Pleno dia";"Decrescente";"Céu Claro";"Simples";"Reta";"Sim";3;0;1;0;2;0;1;3;-22,153194;-46,06242;"SPRF-MG";"DEL09-MG";"UOP01-DEL09-MG"
360957;2021-05-30;"domingo";"08:50:00";"SP";116;2;"GUARULHOS";"Reação tardia ou ineficiente do condutor";"Queda de ocupante de veículo";"Com Vítimas Feridas";"Pleno dia";"Crescente";"Céu Claro";"Dupla";"Reta";"Não";1;0;1;0;0;0;1;1;-23,463257;-46,53373;"SPRF-SP";"DEL04-SP";"UOP02-DEL04-SP"
360958;2021-05-30;"domingo";"11:40:00";"GO";40;16,3;"LUZIANIA";"Ingestão de álcool pelo condutor";"Colisão traseira";"Sem Vítimas";"Pleno dia";"Crescente";"Sol";"Dupla";"Reta";"Sim";2;0;0;0;2;0;0;2;-16,175176;-47,92964;"SPRF-DF";"DEL01-DF";"UOP01-DEL01-DF"
360960;2021-05-30;"domingo";"12:20:00";"BA";101;875;"TEIXEIRA DE FREITAS";"Ingestão de álcool pelo condutor";"Colisão transversal";"Sem Vítimas";"Pleno dia";"Crescente";"Sol";"Dupla";"Interseção de Vias";"Sim";2;0;0;0;2;0;0;2;-17,524546;-39,708232;"SPRF-BA";"DEL09-BA";"UOP02-DEL09-BA"
360961;2021-05-30;"domingo";"12:20:00";"SP";116;348;"MIRACATU";"Chuva";"Saída de leito carroçável";"Com Vítimas Fatais";"Pleno dia";"Decrescente";"Chuva";"Dupla";"Curva";"Não";3;1;2;0;0;0;2;1;-24,05143375;-47,20399492;"SPRF-SP";"DEL04-SP";"UOP02-DEL04-SP"
360962;2021-05-19;"quarta-feira";"11:00:00";"MA";135;289,6;"SANTO ANTONIO DOS LOPES";"Reação tardia ou ineficiente do condutor";"Saída de leito carroçável";"Com Vítimas Feridas";"Pleno dia";"Decrescente";"Céu Claro";"Simples";"Reta";"Não";1;0;0;1;0;0;1;1;-4,89245;-44,357956;"SPRF-MA";"DEL03-MA";"UOP01-DEL03-MA"
360965;2021-05-30;"domingo";"12:30:00";"ES";101;11,5;"PEDRO CANARIO";"Declive acentuado";"Colisão com objeto";"Com Vítimas Feridas";"Pleno dia";"Crescente";"Céu Claro";"Simples";"Declive";"Não";1;0;0;1;0;0;1;1;-18,24759307;-39,95363496;"SPRF-ES";"DEL04-ES";"UOP02-DEL04-ES"
360966;2021-05-02;"domingo";"18:35:00";"RN";427;54,9;"JARDIM DO SERIDO";"Acessar a via sem observar a presença dos outros veículos";"Colisão traseira";"Com Vítimas Feridas";"Plena Noite";"Crescente";"Garoa/Chuvisco";"Simples";"Interseção de Vias";"Sim";3;0;2;0;0;1;2;2;-6,59062771;-36,77253507;"SPRF-RN";"DEL03-RN";"UOP01-DEL03-RN"
360967;2021-05-30;"domingo";"06:00:00";"SP";116;52,8;"LORENA";"Velocidade Incompatível";"Saída de leito carroçável";"Sem Vítimas";"Amanhecer";"Crescente";"Céu Claro";"Simples";"Curva";"Sim";1;0;0;0;1;0;0;1;-22,74708138;-45,09973038;"SPRF-SP";"DEL08-SP";"UOP02-DEL08-SP"
360968;2021-05-30;"domingo";"13:30:00";"RJ";116;140;"DUQUE DE CAXIAS";"Avarias e/ou desgaste excessivo no pneu";"Queda de ocupante de veículo";"Com Vítimas Feridas";"Pleno dia";"Crescente";"Nublado";"Dupla";"Reta";"Sim";2;0;2;0;0;0;2;1;-22,6466198;-43,21112001;"SPRF-RJ";"DEL01-RJ";"UOP01-DEL01-RJ"
360969;2021-05-30;"domingo";"13:45:00";"RN";101;48,3;"CEARA-MIRIM";"Demais falhas mecânicas ou elétricas";"Capotamento";"Com Vítimas Feridas";"Pleno dia";"Decrescente";"Céu Claro";"Simples";"Reta";"Não";2;0;1;1;0;0;2;1;-5,51198605;-35,32036421;"SPRF-RN";"DEL02-RN";"UOP01-DEL02-RN"
360971;2021-05-30;"domingo";"12:30:00";"SC";101;39;"JOINVILLE";"Velocidade Incompatível";"Colisão com objeto";"Com Vítimas Feridas";"Pleno dia";"Crescente";"Chuva";"Simples";"Interseção de Vias";"Sim";3;0;1;0;2;0;1;2;-26,2628107;-48,90192257;"SPRF-SC";"DEL03-SC";"UOP01-DEL03-SC"
360975;2021-05-10;"segunda-feira";"13:20:00";"SE";235;49,9;"ITABAIANA";"Reação tardia ou ineficiente do condutor";"Engavetamento";"Sem Vítimas";"Pleno dia";"Decrescente";"Céu Claro";"Simples";"Reta";"Sim";3;0;0;0;3;0;0;3;-10,716222;-37,421669;"SPRF-SE";"DEL01-SE";"UOP02-DEL01-SE"
360977;2021-05-30;"domingo";"08:20:00";"RJ";101;520;"ANGRA DOS REIS";"Condutor Dormindo";"Capotamento";"Com Vítimas Feridas";"Pleno dia";"Crescente";"Céu Claro";"Simples";"Curva";"Não";1;0;0;1;0;0;1;1;-23,00313345;-44,4598209;"SPRF-RJ";"DEL03-RJ";"UOP02-DEL03-RJ"
360978;2021-05-30;"domingo";"15:00:00";"SP";116;327,7;"JUQUITIBA";"Chuva";"Saída de leito carroçável";"Com Vítimas Feridas";"Pleno dia";"Decrescente";"Céu Claro";"Dupla";"Reta";"Não";2;0;1;0;1;0;1;1;-23,93596456;-47,07098892;"SPRF-SP";"DEL04-SP";"UOP01-DEL04-SP"
360979;2021-05-30;"domingo";"14:00:00";"RR";401;6;"BOA VISTA";"Ingestão de álcool pelo condutor";"Queda de ocupante de veículo";"Com Vítimas Feridas";"Pleno dia";"Decrescente";"Nublado";"Dupla";"Reta";"Não";1;0;0;1;0;0;1;1;2,79051846;-60,64300847;"SPRF-RR";"DEL01-RR";"UOP01-DEL01-RR"
360983;2021-05-30;"domingo";"15:40:00";"SC";280;50;"GUARAMIRIM";"Acessar a via sem observar a presença dos outros veículos";"Colisão transversal";"Com Vítimas Feridas";"Pleno dia";"Crescente";"Chuva";"Simples";"Em Obras";"Sim";4;0;0;1;3;0;1;2;-26,4619489;-48,94618404;"SPRF-SC";"DEL03-SC";"UOP03-DEL03-SC"
360984;2021-05-30;"domingo";"14:50:00";"RJ";354;18;"RESENDE";"Curva acentuada";"Saída de leito carroçável";"Com Vítimas Feridas";"Pleno dia";"Crescente";"Céu Claro";"Simples";"Aclive;Curva";"Não";1;0;1;0;0;0;1;1;-22,465595;-44,716988;"SPRF-RJ";"DEL07-RJ";"UOP02-DEL07-RJ"
360985;2021-05-30;"domingo";"15:00:00";"MG";40;787;"JUIZ DE FORA";"Reação tardia ou ineficiente do condutor";"Colisão com objeto";"Sem Vítimas";"Pleno dia";"Decrescente";"Chuva";"Dupla";"Curva";"Não";1;0;0;0;1;0;0;1;-21,73607735;-43,44262787;"SPRF-MG";"DEL05-MG";"UOP01-DEL05-MG"
360986;2021-05-30;"domingo";"16:15:00";"RN";101;35;"MAXARANGUAPE";"Problema na suspensão";"Tombamento";"Com Vítimas Feridas";"Pleno dia";"Decrescente";"Sol";"Simples";"Reta";"Não";2;0;2;0;0;0;2;1;-5,408551;-35,35684;"SPRF-RN";"DEL02-RN";"UOP01-DEL02-RN"
360988;2021-05-30;"domingo";"15:00:00";"GO";60;195;"GUAPO";"Velocidade Incompatível";"Saída de leito carroçável";"Com Vítimas Feridas";"Pleno dia";"Crescente";"Céu Claro";"Dupla";"Reta";"Não";2;0;2;0;0;0;2;1;-16,8523;-49,5775;"SPRF-GO";"DEL01-GO";"UOP02-DEL01-GO"
360989;2021-05-30;"domingo";"15:50:00";"MG";381;686,1;"LAVRAS";"Chuva";"Saída de leito carroçável";"Com Vítimas Feridas";"Pleno dia";"Crescente";"Chuva";"Dupla";"Curva";"Não";2;0;1;0;1;0;1;1;-21,17199589;-45,12626271;"SPRF-MG";"DEL04-MG";"UOP02-DEL04-MG"
360990;2021-05-30;"domingo";"13:30:00";"MG";381;631,7;"OLIVEIRA";"Chuva";"Capotamento";"Com Vítimas Feridas";"Pleno dia";"Crescente";"Chuva";"Dupla";"Declive;Curva";"Não";2;0;2;0;0;0;2;1;-20,85469891;-44,83709639;"SPRF-MG";"DEL04-MG";"UOP01-DEL04-MG"
360991;2021-05-30;"domingo";"15:00:00";"MG";40;520,9;"CONTAGEM";"Reação tardia ou ineficiente do condutor";"Saída de leito carroçável";"Com Vítimas Feridas";"Pleno dia";"Crescente";"Céu Claro";"Dupla";"Reta";"Não";1;0;1;0;0;0;1;1;-19,84761911;-44,07276144;"SPRF-MG";"DEL01-MG";"UOP02-DEL01-MG"
360992;2021-05-30;"domingo";"16:35:00";"SC";116;251,6;"LAGES";"Transitar na contramão";"Colisão lateral mesmo sentido";"Com Vítimas Feridas";"Pleno dia";"Crescente";"Céu Claro";"Simples";"Reta";"Não";2;0;1;0;1;0;1;2;-27,84976152;-50,38066422;"SPRF-SC";"DEL05-SC";"UOP02-DEL05-SC"
360993;2021-05-30;"domingo";"14:55:00";"RJ";116;299;"RESENDE";"Ingestão de álcool pelo condutor";"Colisão com objeto";"Sem Vítimas";"Pleno dia";"Decrescente";"Nublado";"Dupla";"Interseção de Vias";"Sim";2;0;0;0;2;0;0;2;-22,45153554;-44,34627905;"SPRF-RJ";"DEL07-RJ";"UOP02-DEL07-RJ"
360995;2021-05-30;"domingo";"16:30:00";"RS";116;243;"SAO LEOPOLDO";"Condutor deixou de manter distância do veículo da frente";"Engavetamento";"Com Vítimas Feridas";"Pleno dia";"Crescente";"Céu Claro";"Múltipla";"Aclive;Viaduto";"Sim";5;0;1;0;3;1;1;4;-29,73196199;-51,14952004;"SPRF-RS";"DEL01-RS";"UOP02-DEL01-RS"
360998;2021-05-30;"domingo";"16:20:00";"SC";470;158;"TROMBUDO CENTRAL";"Acessar a via sem observar a presença dos outros veículos";"Colisão transversal";"Sem Vítimas";"Pleno dia";"Crescente";"Nublado";"Simples";"Retorno Regulamentado";"Sim";2;0;0;0;2;0;0;2;-27,28616317;-49,78325844;"SPRF-SC";"DEL04-SC";"UOP02-DEL04-SC"
360999;2021-05-30;"domingo";"16:15:00";"MG";40;695,2;"ALFREDO VASCONCELOS";"Velocidade Incompatível";"Colisão frontal";"Com Vítimas Feridas";"Pleno dia";"Crescente";"Nublado";"Simples";"Curva;Declive";"Não";5;0;3;1;1;0;4;4;-21,16648386;-43,75785828;"SPRF-MG";"DEL05-MG";"UOP02-DEL05-MG"
361001;2021-05-30;"domingo";"16:25:00";"PR";153;338;"IRATI";"Ingestão de álcool pelo condutor";"Colisão traseira";"Com Vítimas Feridas";"Pleno dia";"Crescente";"Nublado";"Simples";"Reta";"Não";3;0;0;1;2;0;1;2;-25,51485498;-50,65402607;"SPRF-PR";"DEL03-PR";"UOP03-DEL03-PR"
361002;2021-05-30;"domingo";"16:45:00";"MT";174;6;"PONTES E LACERDA";"Ausência de reação do condutor";"Colisão traseira";"Sem Vítimas";"Pleno dia";"Crescente";"Céu Claro";"Simples";"Reta";"Sim";2;0;0;0;2;0;0;2;-15,226537;-59,335728;"SPRF-MT";"DEL04-MT";"UOP01-DEL04-MT"
361003;2021-05-30;"domingo";"15:40:00";"RR";174;515;"BOA VISTA";"Ultrapassagem Indevida";"Colisão lateral mesmo sentido";"Sem Vítimas";"Pleno dia";"Decrescente";"Céu Claro";"Simples";"Reta";"Não";2;0;0;0;2;0;0;2;2,897176;-60,703735;"SPRF-RR";"DEL01-RR";"UOP01-DEL01-RR"
361005;2021-05-30;"domingo";"17:56:00";"SC";101;81;"BARRA VELHA";"Ingestão de álcool pelo condutor";"Colisão traseira";"Sem Vítimas";"Plena Noite";"Decrescente";"Chuva";"Dupla";"Reta";"Não";3;0;0;0;3;0;0;2;-26,61039548;-48,72201025;"SPRF-SC";"DEL03-SC";"UOP02-DEL03-SC"
361008;2021-05-30;"domingo";"18:20:00";"SC";101;342;"TUBARAO";"Ausência de reação do condutor";"Tombamento";"Com Vítimas Feridas";"Plena Noite";"Decrescente";"Nublado";"Dupla";"Reta";"Sim";2;0;2;0;0;0;2;1;-28,53538852;-49,05340791;"SPRF-SC";"DEL02-SC";"UOP01-DEL02-SC"
361009;2021-05-30;"domingo";"18:25:00";"PR";369;150;"LONDRINA";"Condutor deixou de manter distância do veículo da frente";"Colisão traseira";"Com Vítimas Feridas";"Anoitecer";"Decrescente";"Chuva";"Dupla";"Interseção de Vias";"Sim";4;0;1;0;3;0;1;2;-23,29294379;-51,1628902;"SPRF-PR";"DEL07-PR";"UOP01-DEL07-PR"
361010;2021-05-30;"domingo";"18:15:00";"MG";381;341,2;"BELA VISTA DE MINAS";"Animais na Pista";"Atropelamento de Animal";"Com Vítimas Feridas";"Plena Noite";"Decrescente";"Céu Claro";"Simples";"Reta";"Não";2;0;1;0;1;0;1;1;-19,82384043;-43,07928085;"SPRF-MG";"DEL03-MG";"UOP01-DEL03-MG"
361011;2021-05-30;"domingo";"18:00:00";"SC";101;259,5;"GAROPABA";"Ingestão de álcool e/ou substâncias psicoativas pelo pedestre";"Atropelamento de Pedestre";"Com Vítimas Feridas";"Plena Noite";"Crescente";"Céu Claro";"Dupla";"Curva;Declive";"Não";3;0;1;0;2;0;1;2;-28,013062;-48,695152;"SPRF-SC";"DEL02-SC";"UOP03-DEL02-SC"
361012;2021-05-30;"domingo";"18:30:00";"SP";153;60,3;"SAO JOSE DO RIO PRETO";"Ingestão de álcool pelo condutor";"Saída de leito carroçável";"Sem Vítimas";"Plena Noite";"Decrescente";"Céu Claro";"Dupla";"Desvio Temporário";"Sim";1;0;0;0;1;0;0;1;-20,80007613;-49,35531373;"SPRF-SP";"DEL09-SP";"UOP01-DEL09-SP"
361013;2021-05-30;"domingo";"18:00:00";"RJ";116;184;"NOVA IGUACU";"Acumulo de água sobre o pavimento";"Engavetamento";"Com Vítimas Feridas";"Plena Noite";"Decrescente";"Chuva";"Dupla";"Reta";"Sim";4;0;1;0;3;0;1;3;-22,74647215;-43,44594311;"SPRF-RJ";"DEL01-RJ";"UOP02-DEL01-RJ"
361014;2021-05-30;"domingo";"18:35:00";"MG";364;34;"FRUTAL";"Velocidade Incompatível";"Saída de leito carroçável";"Sem Vítimas";"Plena Noite";"Crescente";"Céu Claro";"Simples";"Interseção de Vias";"Não";4;0;0;0;4;0;0;1;-19,999117;-48,952573;"SPRF-MG";"DEL13-MG";"UOP02-DEL13-MG"
361016;2021-05-30;"domingo";"18:30:00";"BA";116;17;"VITORIA DA CONQUISTA";"Acessar a via sem observar a presença dos outros veículos";"Colisão transversal";"Com Vítimas Feridas";"Plena Noite";"Crescente";"Céu Claro";"Simples";"Interseção de Vias";"Não";2;0;1;0;1;0;1;2;-14,851;-40,8485;"SPRF-BA";"DEL08-BA";"UOP01-DEL08-BA"
361017;2021-05-30;"domingo";"18:00:00";"SC";470;86;"RODEIO";"Ingestão de álcool pelo condutor";"Colisão traseira";"Sem Vítimas";"Plena Noite";"Crescente";"Céu Claro";"Simples";"Reta";"Não";2;0;0;0;2;0;0;2;-26,949951;-49,357296;"SPRF-SC";"DEL04-SC";"UOP01-DEL04-SC"
361018;2021-05-30;"domingo";"18:00:00";"GO";153;574;"PROFESSOR JAMIL";"Acessar a via sem observar a presença dos outros veículos";"Colisão traseira";"Com Vítimas Feridas";"Anoitecer";"Decrescente";"Céu Claro";"Dupla";"Retorno Regulamentado";"Não";3;0;2;0;1;0;2;2;-17,3387;-49,2399;"SPRF-GO";"DEL03-GO";"UOP01-DEL03-GO"
361019;2021-05-30;"domingo";"16:10:00";"PR";280;302,3;"FLOR DA SERRA DO SUL";"Reação tardia ou ineficiente do condutor";"Colisão lateral mesmo sentido";"Com Vítimas Feridas";"Pleno dia";"Crescente";"Sol";"Simples";"Reta";"Não";3;0;2;0;1;0;2;2;-26,271047;-53,414499;"SPRF-PR";"DEL02-PR";"UOP01-DEL02-PR"
361020;2021-05-30;"domingo";"18:30:00";"RS";158;316;"SANTA MARIA";"Pista Escorregadia";"Tombamento";"Com Vítimas Feridas";"Plena Noite";"Decrescente";"Céu Claro";"Dupla";"Curva";"Não";1;0;1;0;0;0;1;1;-29,65231057;-53,76503707;"SPRF-RS";"DEL09-RS";"UOP01-DEL09-RS"
361021;2021-05-30;"domingo";"16:45:00";"RS";116;262;"CANOAS";"Reação tardia ou ineficiente do condutor";"Colisão com objeto";"Com Vítimas Feridas";"Pleno dia";"Decrescente";"Sol";"Dupla";"Reta";"Sim";2;0;1;0;1;0;1;1;-29,896475;-51,17593;"SPRF-RS";"DEL01-RS";"UOP01-DEL01-RS"
361023;2021-05-30;"domingo";"18:56:00";"AL";424;107;"MARECHAL DEODORO";"Reação tardia ou ineficiente do condutor";"Saída de leito carroçável";"Sem Vítimas";"Plena Noite";"Crescente";"Chuva";"Simples";"Reta";"Não";3;0;0;0;3;0;0;1;-9,69606528;-35,81499852;"SPRF-AL";"DEL02-AL";"UOP01-DEL02-AL"
361024;2021-05-30;"domingo";"19:10:00";"PB";101;73,5;"SANTA RITA";"Acessar a via sem observar a presença dos outros veículos";"Colisão lateral mesmo sentido";"Com Vítimas Feridas";"Plena Noite";"Crescente";"Céu Claro";"Múltipla";"Reta";"Não";2;0;1;0;0;1;1;2;-7,08339163;-34,98076176;"SPRF-PB";"DEL01-PB";"UOP04-DEL01-PB"
361025;2021-05-30;"domingo";"18:40:00";"RJ";101;527;"ANGRA DOS REIS";"Acumulo de água sobre o pavimento";"Colisão com objeto";"Com Vítimas Feridas";"Plena Noite";"Decrescente";"Chuva";"Simples";"Curva";"Não";1;0;1;0;0;0;1;1;-23,01862784;-44,49246402;"SPRF-RJ";"DEL03-RJ";"UOP02-DEL03-RJ"
361026;2021-05-30;"domingo";"15:50:00";"MG";50;22;"ARAGUARI";"Acumulo de areia ou detritos sobre o pavimento";"Colisão lateral mesmo sentido";"Com Vítimas Feridas";"Pleno dia";"Crescente";"Céu Claro";"Dupla";"Retorno Regulamentado";"Não";4;0;2;0;2;0;2;2;-18,60474;-48,051437;"SPRF-MG";"DEL15-MG";"UOP02-DEL15-MG"
361027;2021-05-30;"domingo";"19:10:00";"PR";369;177;"ROLANDIA";"Condutor desrespeitou a iluminação vermelha do semáforo";"Colisão transversal";"Com Vítimas Feridas";"Plena Noite";"Crescente";"Chuva";"Simples";"Reta;Interseção de Vias";"Sim";2;0;1;0;1;0;1;2;-23,336827;-51,388323;"SPRF-PR";"DEL07-PR";"UOP01-DEL07-PR"
361028;2021-05-30;"domingo";"17:45:00";"SP";116;209;"GUARULHOS";"Acesso irregular";"Colisão transversal";"Com Vítimas Feridas";"Plena Noite";"Crescente";"Nublado";"Dupla";"Reta";"Sim";2;0;1;0;1;0;1;2;-23,42511799;-46,40221101;"SPRF-SP";"DEL01-SP";"UOP01-DEL01-SP"
361029;2021-05-30;"domingo";"13:30:00";"BA";324;199;"OUROLANDIA";"Ausência de sinalização";"Saída de leito carroçável";"Com Vítimas Feridas";"Pleno dia";"Crescente";"Sol";"Simples";"Reta";"Não";2;0;1;0;0;1;1;2;-10,80401;-41,22462;"SPRF-BA";"DEL04-BA";"UOP02-DEL04-BA"
361031;2021-01-22;"sexta-feira";"10:35:00";"PI";230;302;"FLORIANO";"Condutor deixou de manter distância do veículo da frente";"Colisão lateral";"Sem Vítimas";"Pleno dia";"Decrescente";"Céu Claro";"Simples";"Reta";"Não";3;0;0;0;3;0;0;2;-6,80935231;-42,95446185;"SPRF-PI";"DEL03-PI";"UOP01-DEL03-PI"
361032;2021-05-30;"domingo";"19:15:00";"RJ";101;490;"ANGRA DOS REIS";"Ingestão de álcool e/ou substâncias psicoativas pelo pedestre";"Colisão frontal";"Com Vítimas Feridas";"Plena Noite";"Crescente";"Chuva";"Simples";"Curva";"Não";3;0;2;1;0;0;3;2;-22,95640053;-44,31282898;"SPRF-RJ";"DEL03-RJ";"UOP03-DEL03-RJ"
361034;2021-05-30;"domingo";"17:45:00";"MG";116;510;"UBAPORANGA";"Ingestão de álcool pelo condutor";"Colisão frontal";"Com Vítimas Feridas";"Plena Noite";"Crescente";"Céu Claro";"Simples";"Curva";"Sim";4;0;2;1;1;0;3;2;-19,64532085;-42,10796743;"SPRF-MG";"DEL06-MG";"UOP02-DEL06-MG"
361035;2021-05-30;"domingo";"19:10:00";"BA";101;223;"CRUZ DAS ALMAS";"Desrespeitar a preferência no cruzamento";"Colisão transversal";"Com Vítimas Feridas";"Plena Noite";"Crescente";"Céu Claro";"Simples";"Retorno Regulamentado";"Sim";4;0;2;0;2;0;2;2;-12,6795408;-39,1383379;"SPRF-BA";"DEL01-BA";"UOP02-DEL01-BA"
361036;2021-05-30;"domingo";"19:20:00";"SP";116;225;"GUARULHOS";"Chuva";"Tombamento";"Com Vítimas Feridas";"Plena Noite";"Decrescente";"Nublado";"Múltipla";"Reta";"Sim";1;0;1;0;0;0;1;1;-23,48586772;-46,54075317;"SPRF-SP";"DEL01-SP";"UOP01-DEL01-SP"
361037;2021-05-30;"domingo";"20:20:00";"CE";116;35;"AQUIRAZ";"Deixar de acionar o farol da motocicleta (ou similar)";"Atropelamento de Pedestre";"Com Vítimas Feridas";"Plena Noite";"Crescente";"Céu Claro";"Dupla";"Reta";"Não";3;0;2;1;0;0;3;2;-4,05218058;-38,50627716;"SPRF-CE";"DEL01-CE";"UOP02-DEL01-CE"
361038;2021-05-30;"domingo";"19:00:00";"MA";135;2,7;"SAO LUIS";"Pista esburacada";"Tombamento";"Com Vítimas Feridas";"Plena Noite";"Decrescente";"Céu Claro";"Dupla";"Reta";"Sim";1;0;1;0;0;0;1;1;-2,59806699;-44,24573511;"SPRF-MA";"DEL01-MA";"UOP01-DEL01-MA"
361039;2021-05-30;"domingo";"19:50:00";"SP";116;165;"JACAREI";"Reação tardia ou ineficiente do condutor";"Engavetamento";"Sem Vítimas";"Plena Noite";"Decrescente";"Céu Claro";"Dupla";"Reta";"Não";4;0;0;0;4;0;0;4;-23,29691791;-46,00798704;"SPRF-SP";"DEL02-SP";"UOP01-DEL02-SP"
361041;2021-05-30;"domingo";"19:10:00";"SC";153;79,6;"IRANI";"Acessar a via sem observar a presença dos outros veículos";"Colisão transversal";"Sem Vítimas";"Plena Noite";"Decrescente";"Céu Claro";"Simples";"Aclive";"Não";2;0;0;0;2;0;0;2;-27,110668;-51,90889;"SPRF-SC";"DEL07-SC";"UOP04-DEL07-SC"
361042;2021-05-30;"domingo";"19:56:00";"DF";20;6;"BRASILIA";"Acessar a via sem observar a presença dos outros veículos";"Colisão transversal";"Com Vítimas Feridas";"Plena Noite";"Crescente";"Céu Claro";"Dupla";"Aclive";"Sim";2;0;1;0;1;0;1;2;-15,665888;-47,808308;"SPRF-DF";"DEL02-DF";"UOP01-DEL02-DF"
361044;2021-05-30;"domingo";"20:00:00";"SP";381;70;"MAIRIPORA";"Reação tardia ou ineficiente do condutor";"Colisão traseira";"Com Vítimas Feridas";"Plena Noite";"Crescente";"Nublado";"Dupla";"Curva";"Não";3;0;1;1;1;0;2;2;-23,34972978;-46,56070474;"SPRF-SP";"DEL03-SP";"UOP01-DEL03-SP"
361045;2021-05-30;"domingo";"20:00:00";"BA";324;624;"SALVADOR";"Ausência de reação do condutor";"Colisão traseira";"Com Vítimas Feridas";"Plena Noite";"Decrescente";"Nublado";"Dupla";"Declive";"Sim";4;0;2;0;2;0;2;2;-12,933839;-38,47190701;"SPRF-BA";"DEL01-BA";"UOP01-DEL01-BA"
361046;2021-05-30;"domingo";"20:05:00";"MG";116;697,7;"MURIAE";"Ausência de reação do condutor";"Saída de leito carroçável";"Com Vítimas Feridas";"Plena Noite";"Decrescente";"Nublado";"Simples";"Reta";"Não";1;0;1;0;0;0;1;1;-21,09475053;-42,37358093;"SPRF-MG";"DEL07-MG";"UOP02-DEL07-MG"
361047;2021-05-30;"domingo";"17:35:00";"MG";381;834,3;"SAO SEBASTIAO DA BELA VISTA";"Velocidade Incompatível";"Colisão com objeto";"Com Vítimas Feridas";"Anoitecer";"Crescente";"Garoa/Chuvisco";"Dupla";"Declive;Reta";"Não";4;0;4;0;0;0;4;1;-22,16461802;-45,83245298;"SPRF-MG";"DEL16-MG";"UOP01-DEL16-MG"
361050;2021-05-30;"domingo";"20:00:00";"DF";80;23;"BRASILIA";"Deficiência do Sistema de Iluminação/Sinalização";"Colisão traseira";"Com Vítimas Feridas";"Pleno dia";"Decrescente";"Céu Claro";"Simples";"Reta";"Não";4;0;1;0;2;1;1;4;-15,638944;-48,20079;"SPRF-DF";"DEL03-DF";"UOP02-DEL03-DF"
361053;2021-05-30;"domingo";"19:20:00";"PI";316;31,9;"DEMERVAL LOBAO";"Acessar a via sem observar a presença dos outros veículos";"Colisão transversal";"Sem Vítimas";"Plena Noite";"Decrescente";"Céu Claro";"Simples";"Curva";"Sim";2;0;0;0;2;0;0;2;-5,35346895;-42,67768275;"SPRF-PI";"DEL01-PI";"UOP02-DEL01-PI"
361054;2021-05-30;"domingo";"20:30:00";"DF";80;23;"BRASILIA";"Ingestão de álcool pelo condutor";"Colisão traseira";"Sem Vítimas";"Plena Noite";"Decrescente";"Céu Claro";"Simples";"Reta";"Não";2;0;0;0;2;0;0;2;-15,638944;-48,20079;"SPRF-DF";"DEL03-DF";"UOP02-DEL03-DF"
361056;2021-05-30;"domingo";"20:20:00";"RN";427;98,9;"CAICO";"Ingestão de álcool pelo condutor";"Colisão frontal";"Sem Vítimas";"Plena Noite";"Decrescente";"Céu Claro";"Simples";"Reta";"Sim";3;0;0;0;3;0;0;2;-6,45929918;-37,09847983;"SPRF-RN";"DEL03-RN";"UOP01-DEL03-RN"
361057;2021-05-30;"domingo";"21:20:00";"GO";153;580;"PROFESSOR JAMIL";"Condutor Dormindo";"Saída de leito carroçável";"Com Vítimas Feridas";"Plena Noite";"Decrescente";"Céu Claro";"Dupla";"Curva";"Não";1;0;1;0;0;0;1;1;-17,3851;-49,2343;"SPRF-GO";"DEL03-GO";"UOP01-DEL03-GO"
361058;2021-05-30;"domingo";"17:20:00";"MG";116;418,2;"GOVERNADOR VALADARES";"Acessar a via sem observar a presença dos outros veículos";"Atropelamento de Pedestre";"Com Vítimas Feridas";"Anoitecer";"Crescente";"Céu Claro";"Simples";"Reta";"Não";2;0;0;1;1;0;1;2;-18,91059296;-41,94156567;"SPRF-MG";"DEL06-MG";"UOP01-DEL06-MG"
361060;2021-05-30;"domingo";"18:30:00";"RJ";101;299;"SAO GONCALO";"Ausência de reação do condutor";"Colisão com objeto";"Com Vítimas Feridas";"Anoitecer";"Crescente";"Garoa/Chuvisco";"Múltipla";"Reta";"Sim";1;0;1;0;0;0;1;1;-22,77432673;-42,93823207;"SPRF-RJ";"DEL02-RJ";"UOP02-DEL02-RJ"
361061;2021-05-30;"domingo";"19:00:00";"SC";280;300,3;"PORTO UNIAO";"Transitar na contramão";"Colisão frontal";"Com Vítimas Fatais";"Plena Noite";"Decrescente";"Nublado";"Simples";"Curva";"Não";6;1;0;4;0;1;4;3;-26,285695;-51,018643;"SPRF-SC";"DEL06-SC";"UOP04-DEL06-SC"
361062;2021-05-30;"domingo";"21:20:00";"MG";40;567;"NOVA LIMA";"Avarias e/ou desgaste excessivo no pneu";"Saída de leito carroçável";"Com Vítimas Feridas";"Plena Noite";"Decrescente";"Nublado";"Simples";"Reta";"Não";1;0;1;0;0;0;1;1;-20,18749199;-43,96845002;"SPRF-MG";"DEL01-MG";"UOP02-DEL01-MG"