"id";"data_inversa";"dia_semana";"horario";"uf";"br";"km";"municipio";"causa_acidente";"tipo_acidente";"classificacao_acidente";"fase_dia";"sentido_via";"condicao_metereologica";"tipo_pista";"tracado_via";"uso_solo";"pessoas";"mortos";"feridos_leves";"feridos_graves";"ilesos";"ignorados";"feridos";"veiculos";"latitude";"longitude";"regional";"delegacia";"uop"
361947;2021-06-04;"sexta-feira";"10:20:00";"SP";116;464,4;"PARIQUERA-ACU";"Reação tardia ou ineficiente do condutor";"Colisão traseira";"Com Vítimas Fatais";"Pleno dia";"Crescente";"Céu Claro";"Dupla";"Reta";"Não";3;1;0;0;2;0;0;2;-24,63517676;-47,90877722;"SPRF-SP";"DEL05-SP";"UOP01-DEL05-SP"
361949;2021-06-04;"sexta-feira";"09:40:00";"PI";343;265,5;"CAMPO MAIOR";"Demais falhas mecânicas ou elétricas";"Colisão com objeto";"Com Vítimas Feridas";"Pleno dia";"Crescente";"Céu Claro";"Simples";"Reta";"Sim";1;0;1;0;0;0;1;1;-4,834697;-42,167046;"SPRF-PI";"DEL01-PI";"UOP03-DEL01-PI"
361950;2021-06-04;"sexta-feira";"10:50:00";"ES";482;106,5;"GUACUI";"Acessar a via sem observar a presença dos outros veículos";"Colisão transversal";"Com Vítimas Feridas";"Pleno dia";"Decrescente";"Céu Claro";"Simples";"Reta";"Sim";2;0;0;1;1;0;1;2;-20,7749648;-41,67600002;"SPRF-ES";"DEL03-ES";"UOP02-DEL03-ES"
361951;2021-06-04;"sexta-feira";"11:45:00";"SP";381;44;"ATIBAIA";"Objeto estático sobre o leito carroçável";"Incêndio";"Sem Vítimas";"Pleno dia";"Decrescente";"Céu Claro";"Múltipla";"Reta";"Sim";2;0;0;0;2;0;0;1;-23,16458615;-46,57418959;"SPRF-SP";"DEL03-SP";"UOP01-DEL03-SP"
361952;2021-06-04;"sexta-feira";"11:40:00";"SP";116;364,9;"MIRACATU";"Velocidade Incompatível";"Saída de leito carroçável";"Com Vítimas Feridas";"Pleno dia";"Crescente";"Sol";"Dupla";"Curva";"Não";1;0;1;0;0;0;1;1;-24,14503053;-47,27665901;"SPRF-SP";"DEL04-SP";"UOP02-DEL04-SP"
361953;2021-06-04;"sexta-feira";"11:30:00";"GO";20;5;"FORMOSA";"Acessar a via sem observar a presença dos outros veículos";"Colisão traseira";"Sem Vítimas";"Pleno dia";"Decrescente";"Céu Claro";"Simples";"Reta";"Sim";2;0;0;0;2;0;0;2;-15,555275;-47,306908;"SPRF-DF";"DEL02-DF";"UOP01-DEL02-DF"
361957;2021-06-04;"sexta-feira";"07:50:00";"RS";386;46,2;"SEBERI";"Chuva";"Saída de leito carroçável";"Sem Vítimas";"Pleno dia";"Decrescente";"Céu Claro";"Simples";"Reta";"Não";1;0;0;0;1;0;0;1;-27,457483;-53,409458;"SPRF-RS";"DEL08-RS";"UOP02-DEL08-RS"
361958;2021-06-04;"sexta-feira";"10:45:00";"MG";40;632,3;"CONSELHEIRO LAFAIETE";"Transitar na contramão";"Colisão frontal";"Com Vítimas Feridas";"Pleno dia";"Decrescente";"Céu Claro";"Dupla";"Declive";"Sim";2;0;1;0;1;0;1;2;-20,67815675;-43,79420942;"SPRF-MG";"DEL05-MG";"UOP02-DEL05-MG"
361959;2021-06-04;"sexta-feira";"12:15:00";"SP";116;285;"ITAPECERICA DA SERRA";"Manobra de mudança de faixa";"Colisão lateral mesmo sentido";"Sem Vítimas";"Pleno dia";"Crescente";"Céu Claro";"Dupla";"Reta";"Sim";2;0;0;0;2;0;0;2;-23,70407794;-46,87249709;"SPRF-SP";"DEL04-SP";"UOP01-DEL04-SP"
361961;2021-06-04;"sexta-feira";"12:00:00";"CE";222;4;"CAUCAIA";"Demais falhas mecânicas ou elétricas";"Capotamento";"Com Vítimas Feridas";"Pleno dia";"Decrescente";"Céu Claro";"Múltipla";"Reta";"Sim";2;0;2;0;0;0;2;1;-3,74262795;-38,60998219;"SPRF-CE";"DEL01-CE";"UOP01-DEL01-CE"
361962;2021-06-04;"sexta-feira";"12:30:00";"PE";428;94,8;"SANTA MARIA DA BOA VISTA";"Reação tardia ou ineficiente do condutor";"Colisão transversal";"Com Vítimas Feridas";"Pleno dia";"Decrescente";"Céu Claro";"Simples";"Interseção de Vias";"Não";4;0;1;1;2;0;2;3;-8,81058587;-39,91203508;"SPRF-PE";"DEL06-PE";"UOP03-DEL06-PE"
361965;2021-06-04;"sexta-feira";"13:50:00";"RS";116;212,5;"MORRO REUTER";"Ingestão de álcool pelo condutor";"Colisão frontal";"Com Vítimas Feridas";"Pleno dia";"Crescente";"Céu Claro";"Simples";"Curva";"Não";3;0;3;0;0;0;3;2;-29,51873393;-51,09415299;"SPRF-RS";"DEL05-RS";"UOP02-DEL05-RS"
361966;2021-06-04;"sexta-feira";"12:30:00";"RO";364;706;"PORTO VELHO";"Manobra de mudança de faixa";"Colisão lateral mesmo sentido";"Com Vítimas Feridas";"Pleno dia";"Crescente";"Céu Claro";"Dupla";"Curva";"Não";3;0;0;2;1;0;2;2;-8,800763;-63,8271;"SPRF-RO";"DEL01-RO";"UOP01-DEL01-RO"
361968;2021-06-04;"sexta-feira";"13:30:00";"SC";282;35;"AGUAS MORNAS";"Reação tardia ou ineficiente do condutor";"Saída de leito carroçável";"Com Vítimas Feridas";"Pleno dia";"Crescente";"Céu Claro";"Simples";"Declive";"Não";1;0;1;0;0;0;1;1;-27,702084;-48,826664;"SPRF-SC";"DEL01-SC";"UOP03-DEL01-SC"
361970;2021-06-04;"sexta-feira";"13:00:00";"RJ";101;320;"NITEROI";"Manobra de mudança de faixa";"Colisão lateral mesmo sentido";"Com Vítimas Feridas";"Pleno dia";"Decrescente";"Céu Claro";"Múltipla";"Curva";"Sim";3;0;1;0;1;1;1;2;-22,86171098;-43,10714015;"SPRF-RJ";"DEL02-RJ";"UOP02-DEL02-RJ"
361971;2021-06-04;"sexta-feira";"14:05:00";"MG";381;518,5;"IGARAPE";"Reação tardia ou ineficiente do condutor";"Colisão lateral mesmo sentido";"Com Vítimas Feridas";"Pleno dia";"Crescente";"Sol";"Dupla";"Curva;Aclive";"Não";2;0;1;0;1;0;1;2;-20,10881285;-44,31489944;"SPRF-MG";"DEL04-MG";"UOP03-DEL04-MG"
361975;2021-06-04;"sexta-feira";"12:00:00";"GO";20;33,1;"FORMOSA";"Ingestão de álcool pelo condutor";"Colisão traseira";"Com Vítimas Feridas";"Pleno dia";"Crescente";"Céu Claro";"Dupla";"Reta";"Sim";3;0;1;1;1;0;2;3;-15,473233;-47,100567;"SPRF-DF";"DEL02-DF";"UOP01-DEL02-DF"
361976;2021-06-04;"sexta-feira";"11:30:00";"MG";381;382;"SAO GONCALO DO RIO ABAIXO";"Manobra de mudança de faixa";"Colisão lateral mesmo sentido";"Com Vítimas Feridas";"Pleno dia";"Decrescente";"Céu Claro";"Simples";"Reta";"Não";2;0;0;1;1;0;1;2;-19,8203938;-43,39028183;"SPRF-MG";"DEL01-MG";"UOP01-DEL01-MG"
361977;2021-06-04;"sexta-feira";"15:00:00";"MG";262;369,2;"JUATUBA";"Velocidade Incompatível";"Tombamento";"Com Vítimas Feridas";"Pleno dia";"Crescente";"Céu Claro";"Dupla";"Reta";"Não";1;0;1;0;0;0;1;1;-19,94662521;-44,3818903;"SPRF-MG";"DEL01-MG";"UOP03-DEL01-MG"
361978;2021-06-04;"sexta-feira";"14:20:00";"PR";467;91,1;"CASCAVEL";"Retorno proibido";"Colisão lateral mesmo sentido";"Com Vítimas Feridas";"Pleno dia";"Decrescente";"Céu Claro";"Dupla";"Reta";"Não";3;0;1;0;2;0;1;2;-24,8515;-53,6035;"SPRF-PR";"DEL04-PR";"UOP01-DEL04-PR"
361979;2021-06-04;"sexta-feira";"14:30:00";"MG";381;504,4;"BETIM";"Pedestre cruzava a pista fora da faixa";"Saída de leito carroçável";"Com Vítimas Feridas";"Pleno dia";"Decrescente";"Céu Claro";"Dupla";"Reta";"Sim";1;0;1;0;0;0;1;1;-20,04164508;-44,26386697;"SPRF-MG";"DEL01-MG";"UOP03-DEL01-MG"
361981;2021-06-04;"sexta-feira";"15:23:00";"BA";101;488;"ITAJUIPE";"Velocidade Incompatível";"Saída de leito carroçável";"Com Vítimas Feridas";"Pleno dia";"Decrescente";"Chuva";"Simples";"Curva";"Não";2;0;2;0;0;0;2;1;-14,6553402;-39,34890747;"SPRF-BA";"DEL05-BA";"UOP01-DEL05-BA"
361982;2021-06-04;"sexta-feira";"15:20:00";"SP";153;62,7;"SAO JOSE DO RIO PRETO";"Manobra de mudança de faixa";"Colisão lateral mesmo sentido";"Com Vítimas Feridas";"Pleno dia";"Crescente";"Céu Claro";"Dupla";"Reta;Aclive";"Sim";2;0;1;0;1;0;1;2;-20,81325404;-49,35675563;"SPRF-SP";"DEL09-SP";"UOP01-DEL09-SP"
361983;2021-06-04;"sexta-feira";"00:00:00";"PR";476;132;"CURITIBA";"Conversão proibida";"Colisão lateral mesmo sentido";"Com Vítimas Feridas";"Pleno dia";"Crescente";"Ignorado";"Múltipla";"Reta";"Sim";2;0;1;0;1;0;1;2;-25,460718;-49,250488;"SPRF-PR";"DEL01-PR";"UOP03-DEL01-PR"
361984;2021-06-01;"terça-feira";"06:30:00";"MG";50;56,9;"UBERLANDIA";"Ausência de reação do condutor";"Capotamento";"Com Vítimas Feridas";"Amanhecer";"Decrescente";"Céu Claro";"Dupla";"Curva";"Não";4;0;2;2;0;0;4;1;-18,79143021;-48,23204041;"SPRF-MG";"DEL15-MG";"UOP02-DEL15-MG"
361985;2021-06-04;"sexta-feira";"15:00:00";"SC";101;195;"BIGUACU";"Avarias e/ou desgaste excessivo no pneu";"Tombamento";"Com Vítimas Feridas";"Pleno dia";"Decrescente";"Céu Claro";"Múltipla";"Reta";"Não";2;0;2;0;0;0;2;1;-27,5047092;-48,65010819;"SPRF-SC";"DEL01-SC";"UOP01-DEL01-SC"
361986;2021-06-04;"sexta-feira";"15:30:00";"MG";356;276,7;"EUGENOPOLIS";"Velocidade Incompatível";"Colisão frontal";"Com Vítimas Feridas";"Pleno dia";"Decrescente";"Sol";"Simples";"Curva";"Não";5;0;2;1;0;2;3;3;-21,12795021;-42,27502799;"SPRF-MG";"DEL07-MG";"UOP02-DEL07-MG"
361988;2021-05-24;"segunda-feira";"23:00:00";"MS";262;444;"DOIS IRMAOS DO BURITI";"Faróis desregulados";"Saída de leito carroçável";"Com Vítimas Feridas";"Plena Noite";"Decrescente";"Nublado";"Simples";"Reta";"Não";3;0;1;0;2;0;1;1;-20,52699281;-55,40120011;"SPRF-MS";"DEL03-MS";"UOP01-DEL03-MS"
361989;2021-06-04;"sexta-feira";"15:30:00";"PR";376;177;"MARINGA";"Reação tardia ou ineficiente do condutor";"Colisão lateral mesmo sentido";"Com Vítimas Feridas";"Pleno dia";"Crescente";"Céu Claro";"Múltipla";"Reta";"Sim";2;0;1;0;1;0;1;2;-23,41595855;-51,92226484;"SPRF-PR";"DEL09-PR";"UOP01-DEL09-PR"
361990;2021-06-04;"sexta-feira";"16:30:00";"MT";70;4;"BARRA DO GARCAS";"Ausência de reação do condutor";"Colisão traseira";"Com Vítimas Feridas";"Pleno dia";"Crescente";"Céu Claro";"Dupla";"Declive;Reta";"Sim";3;0;0;1;2;0;1;2;-15,87907036;-52,28563311;"SPRF-MT";"DEL07-MT";"UOP01-DEL07-MT"
361991;2021-06-04;"sexta-feira";"16:00:00";"GO";40;97,3;"CRISTALINA";"Velocidade Incompatível";"Saída de leito carroçável";"Com Vítimas Feridas";"Pleno dia";"Decrescente";"Céu Claro";"Simples";"Reta;Aclive";"Não";1;0;0;1;0;0;1;1;-16,764631;-47,595763;"SPRF-DF";"DEL01-DF";"UOP02-DEL01-DF"
361992;2021-06-04;"sexta-feira";"09:15:00";"BA";101;543;"ARATACA";"Velocidade Incompatível";"Saída de leito carroçável";"Com Vítimas Feridas";"Pleno dia";"Decrescente";"Nublado";"Simples";"Curva";"Não";2;0;2;0;0;0;2;1;-15,1892468;-39,43917822;"SPRF-BA";"DEL05-BA";"UOP02-DEL05-BA"
361994;2021-06-04;"sexta-feira";"16:15:00";"BA";324;472;"TANQUINHO";"Velocidade Incompatível";"Capotamento";"Com Vítimas Feridas";"Pleno dia";"Crescente";"Nublado";"Simples";"Reta";"Não";2;0;2;0;0;0;2;1;-11,97218784;-39,12780092;"SPRF-BA";"DEL02-BA";"UOP01-DEL02-BA"
361995;2021-06-04;"sexta-feira";"16:30:00";"SP";116;373;"MIRACATU";"Demais Fenômenos da natureza";"Incêndio";"Com Vítimas Feridas";"Pleno dia";"Decrescente";"Sol";"Dupla";"Em Obras";"Não";1;0;1;0;0;0;1;1;-24,17118519;-47,33990085;"SPRF-SP";"DEL04-SP";"UOP02-DEL04-SP"
361996;2021-06-04;"sexta-feira";"15:15:00";"RO";0;0;"ARIQUEMES";"Acessar a via sem observar a presença dos outros veículos";"Colisão lateral mesmo sentido";"Sem Vítimas";"Pleno dia";"Não Informado";"Céu Claro";"Simples";"Reta";"Sim";5;0;0;0;5;0;0;2;-9,92084187;-63,06367993;"SPRF-RO";"DEL03-RO";"UOP01-DEL03-RO"
361998;2021-06-04;"sexta-feira";"17:30:00";"ES";262;34,3;"DOMINGOS MARTINS";"Velocidade Incompatível";"Queda de ocupante de veículo";"Com Vítimas Feridas";"Anoitecer";"Decrescente";"Nublado";"Simples";"Curva;Declive";"Não";1;0;1;0;0;0;1;1;-20,37309781;-40,5917608;"SPRF-ES";"DEL01-ES";"UOP01-DEL01-ES"
361999;2021-06-04;"sexta-feira";"17:00:00";"CE";20;430,3;"FORTALEZA";"Transitar na contramão";"Colisão transversal";"Com Vítimas Feridas";"Anoitecer";"Crescente";"Céu Claro";"Dupla";"Reta";"Sim";2;0;1;0;1;0;1;2;-3,76999035;-38,67006282;"SPRF-CE";"DEL01-CE";"UOP02-DEL01-CE"
362000;2021-06-04;"sexta-feira";"16:30:00";"PR";476;116;"COLOMBO";"Ingestão de álcool pelo condutor";"Colisão lateral mesmo sentido";"Com Vítimas Feridas";"Pleno dia";"Decrescente";"Céu Claro";"Simples";"Reta";"Sim";3;0;1;0;1;1;1;3;-25,34996;-49,16642;"SPRF-PR";"DEL01-PR";"UOP02-DEL01-PR"
362003;2021-06-04;"sexta-feira";"17:07:00";"BA";116;648,5;"JAGUAQUARA";"Manobra de mudança de faixa";"Colisão lateral mesmo sentido";"Com Vítimas Feridas";"Anoitecer";"Crescente";"Ignorado";"Simples";"Reta";"Não";2;0;2;0;0;0;2;2;-13,59465798;-40,08477213;"SPRF-BA";"DEL03-BA";"UOP01-DEL03-BA"
362004;2021-06-04;"sexta-feira";"17:50:00";"MG";364;31;"FRUTAL";"Pista esburacada";"Queda de ocupante de veículo";"Com Vítimas Feridas";"Anoitecer";"Decrescente";"Céu Claro";"Simples";"Interseção de Vias;Reta";"Não";1;0;1;0;0;0;1;1;-20,025185;-48,94096;"SPRF-MG";"DEL13-MG";"UOP02-DEL13-MG"
362005;2021-06-04;"sexta-feira";"16:10:00";"GO";60;67,6;"ABADIANIA";"Demais falhas mecânicas ou elétricas";"Queda de ocupante de veículo";"Com Vítimas Feridas";"Pleno dia";"Crescente";"Céu Claro";"Dupla";"Reta";"Não";2;0;2;0;0;0;2;1;-16,2217;-48,7502;"SPRF-GO";"DEL02-GO";"UOP01-DEL02-GO"
362008;2021-06-04;"sexta-feira";"17:49:00";"PA";163;1004;"SANTAREM";"Ingestão de álcool pelo condutor";"Colisão traseira";"Com Vítimas Feridas";"Pleno dia";"Crescente";"Céu Claro";"Dupla";"Reta";"Sim";2;0;1;0;1;0;1;2;-2,43824523;-54,73276577;"SPRF-PA";"DEL05-PA";"UOP01-DEL05-PA"
362009;2021-06-04;"sexta-feira";"17:15:00";"PA";316;66;"CASTANHAL";"Manobra de mudança de faixa";"Colisão lateral mesmo sentido";"Sem Vítimas";"Pleno dia";"Crescente";"Céu Claro";"Dupla";"Reta";"Sim";2;0;0;0;1;1;0;2;-1,29533525;-47,90182499;"SPRF-PA";"DEL01-PA";"UOP01-DEL01-PA"
362011;2021-06-04;"sexta-feira";"18:20:00";"DF";40;1;"BRASILIA";"Reação tardia ou ineficiente do condutor";"Tombamento";"Com Vítimas Feridas";"Plena Noite";"Decrescente";"Céu Claro";"Dupla";"Reta";"Sim";1;0;1;0;0;0;1;1;-15,985532;-47,987747;"SPRF-DF";"DEL01-DF";"UOP01-DEL01-DF"
362014;2021-06-04;"sexta-feira";"18:25:00";"SC";101;162;"TIJUCAS";"Ausência de reação do condutor";"Colisão traseira";"Com Vítimas Feridas";"Plena Noite";"Crescente";"Nublado";"Múltipla";"Reta";"Sim";3;0;1;0;2;0;1;2;-27,22554009;-48,6279367;"SPRF-SC";"DEL04-SC";"UOP03-DEL04-SC"
362015;2021-06-04;"sexta-feira";"18:30:00";"SP";116;215,3;"GUARULHOS";"Manobra de mudança de faixa";"Colisão lateral mesmo sentido";"Com Vítimas Feridas";"Plena Noite";"Decrescente";"Céu Claro";"Múltipla";"Reta";"Não";2;0;1;0;1;0;1;2;-23,44695693;-46,45394103;"SPRF-SP";"DEL01-SP";"UOP01-DEL01-SP"
362016;2021-06-04;"sexta-feira";"19:00:00";"ES";101;75,4;"SAO MATEUS";"Ausência de reação do condutor";"Colisão lateral mesmo sentido";"Com Vítimas Feridas";"Plena Noite";"Crescente";"Céu Claro";"Simples";"Declive;Reta";"Não";3;0;1;0;2;0;1;2;-18,78487912;-39,87911084;"SPRF-ES";"DEL04-ES";"UOP02-DEL04-ES"
362017;2021-06-04;"sexta-feira";"18:08:00";"RO";364;237,8;"CACOAL";"Condutor desrespeitou a iluminação vermelha do semáforo";"Colisão transversal";"Com Vítimas Feridas";"Plena Noite";"Crescente";"Céu Claro";"Simples";"Reta";"Sim";3;0;1;1;1;0;2;2;-11,44341056;-61,44672787;"SPRF-RO";"DEL02-RO";"UOP02-DEL02-RO"
362018;2021-06-04;"sexta-feira";"18:50:00";"RS";480;65,5;"BARAO DE COTEGIPE";"Curva acentuada";"Saída de leito carroçável";"Com Vítimas Feridas";"Plena Noite";"Crescente";"Céu Claro";"Dupla";"Curva";"Não";1;0;1;0;0;0;1;1;-27,62694605;-52,36726105;"SPRF-RS";"DEL08-RS";"UOP04-DEL08-RS"
362020;2021-06-04;"sexta-feira";"19:10:00";"SC";101;180;"BIGUACU";"Entrada inopinada do pedestre";"Atropelamento de Pedestre";"Com Vítimas Feridas";"Plena Noite";"Crescente";"Nublado";"Múltipla";"Reta";"Sim";2;0;1;1;0;0;2;2;-27,3811238;-48,63090648;"SPRF-SC";"DEL01-SC";"UOP01-DEL01-SC"
362023;2021-06-04;"sexta-feira";"19:26:00";"SP";153;60;"SAO JOSE DO RIO PRETO";"Ingestão de álcool pelo condutor";"Colisão lateral mesmo sentido";"Com Vítimas Feridas";"Plena Noite";"Decrescente";"Céu Claro";"Dupla";"Em Obras;Reta";"Sim";5;0;1;0;4;0;1;2;-20,79627979;-49,35480206;"SPRF-SP";"DEL09-SP";"UOP01-DEL09-SP"
362024;2021-06-04;"sexta-feira";"18:05:00";"RJ";116;192;"QUEIMADOS";"Ausência de reação do condutor";"Colisão lateral mesmo sentido";"Com Vítimas Feridas";"Plena Noite";"Decrescente";"Céu Claro";"Dupla";"Reta";"Não";2;0;1;0;1;0;1;2;-22,74207737;-43,5192401;"SPRF-RJ";"DEL01-RJ";"UOP02-DEL01-RJ"
362025;2021-06-04;"sexta-feira";"18:20:00";"PE";428;186,7;"PETROLINA";"Condutor deixou de manter distância do veículo da frente";"Colisão traseira";"Sem Vítimas";"Plena Noite";"Decrescente";"Céu Claro";"Simples";"Reta";"Sim";2;0;0;0;2;0;0;2;-9,34807826;-40,47441248;"SPRF-PE";"DEL06-PE";"UOP01-DEL06-PE"
362027;2021-06-04;"sexta-feira";"18:22:00";"MS";163;75;"ITAQUIRAI";"Reação tardia ou ineficiente do condutor";"Colisão traseira";"Com Vítimas Feridas";"Anoitecer";"Crescente";"Céu Claro";"Simples";"Declive";"Não";5;0;1;2;2;0;3;2;-23,49800274;-54,18667316;"SPRF-MS";"DEL09-MS";"UOP02-DEL09-MS"
362028;2021-06-04;"sexta-feira";"18:00:00";"RN";110;47;"MOSSORO";"Acessar a via sem observar a presença dos outros veículos";"Colisão transversal";"Sem Vítimas";"Anoitecer";"Crescente";"Céu Claro";"Simples";"Reta";"Sim";2;0;0;0;2;0;0;2;-5,20338376;-37,32563418;"SPRF-RN";"DEL04-RN";"UOP01-DEL04-RN"
362029;2021-06-04;"sexta-feira";"19:15:00";"SC";101;207;"SAO JOSE";"Ausência de reação do condutor";"Colisão traseira";"Com Vítimas Feridas";"Plena Noite";"Crescente";"Céu Claro";"Múltipla";"Reta";"Sim";2;0;1;0;1;0;1;2;-27,60001226;-48,6226467;"SPRF-SC";"DEL01-SC";"UOP01-DEL01-SC"
362030;2021-06-04;"sexta-feira";"19:00:00";"MG";365;162,6;"PIRAPORA";"Acessar a via sem observar a presença dos outros veículos";"Colisão transversal";"Com Vítimas Feridas";"Plena Noite";"Crescente";"Céu Claro";"Simples";"Reta";"Não";3;0;0;1;2;0;1;2;-17,366379;-44,93767;"SPRF-MG";"DEL12-MG";"UOP01-DEL12-MG"
362031;2021-06-04;"sexta-feira";"19:20:00";"MG";381;507;"SAO JOAQUIM DE BICAS";"Condutor deixou de manter distância do veículo da frente";"Colisão traseira";"Com Vítimas Feridas";"Plena Noite";"Crescente";"Céu Claro";"Múltipla";"Reta";"Sim";3;0;2;0;1;0;2;2;-20,04303061;-44,26717758;"SPRF-MG";"DEL01-MG";"UOP03-DEL01-MG"
362034;2021-06-04;"sexta-feira";"18:20:00";"PB";230;312,1;"SAO MAMEDE";"Ingestão de álcool pelo condutor";"Colisão lateral mesmo sentido";"Sem Vítimas";"Plena Noite";"Crescente";"Céu Claro";"Simples";"Curva";"Não";2;0;0;0;2;0;0;2;-6,9321;-37,0867;"SPRF-PB";"DEL03-PB";"UOP01-DEL03-PB"
362035;2021-06-04;"sexta-feira";"19:55:00";"PR";277;683,2;"SAO MIGUEL DO IGUACU";"Pedestre cruzava a pista fora da faixa";"Atropelamento de Pedestre";"Com Vítimas Feridas";"Plena Noite";"Decrescente";"Céu Claro";"Dupla";"Curva";"Não";6;0;0;1;4;1;1;2;-25,33269888;-54,19204103;"SPRF-PR";"DEL05-PR";"UOP01-DEL05-PR"
362036;2021-06-04;"sexta-feira";"18:40:00";"MT";163;845;"SINOP";"Acessar a via sem observar a presença dos outros veículos";"Colisão transversal";"Com Vítimas Feridas";"Plena Noite";"Crescente";"Céu Claro";"Simples";"Reta";"Não";2;0;0;1;1;0;1;2;-11,77825845;-55,47370434;"SPRF-MT";"DEL06-MT";"NPF/DEL06-MT"
362037;2021-06-04;"sexta-feira";"19:20:00";"RJ";40;51;"PETROPOLIS";"Velocidade Incompatível";"Saída de leito carroçável";"Sem Vítimas";"Plena Noite";"Crescente";"Céu Claro";"Dupla";"Reta";"Não";1;0;0;0;1;0;0;1;-22,32705315;-43,13253559;"SPRF-RJ";"DEL05-RJ";"UOP02-DEL05-RJ"
362039;2021-06-04;"sexta-feira";"15:20:00";"PR";153;474;"PORTO VITORIA";"Reação tardia ou ineficiente do condutor";"Saída de leito carroçável";"Com Vítimas Feridas";"Pleno dia";"Decrescente";"Céu Claro";"Simples";"Curva";"Não";1;0;1;0;0;0;1;1;-26,29002914;-51,20075226;"SPRF-PR";"DEL02-PR";"UOP03-DEL02-PR"
362041;2021-06-04;"sexta-feira";"20:00:00";"MG";40;446,5;"PARAOPEBA";"Reação tardia ou ineficiente do condutor";"Tombamento";"Com Vítimas Feridas";"Plena Noite";"Decrescente";"Céu Claro";"Dupla";"Reta";"Não";2;0;1;0;1;0;1;1;-19,28815;-44,392;"SPRF-MG";"DEL02-MG";"UOP01-DEL02-MG"
362042;2021-06-04;"sexta-feira";"20:30:00";"RS";386;405,5;"TRIUNFO";"Velocidade Incompatível";"Capotamento";"Com Vítimas Feridas";"Plena Noite";"Crescente";"Céu Claro";"Simples";"Interseção de Vias";"Não";1;0;1;0;0;0;1;1;-29,75990683;-51,5921402;"SPRF-RS";"DEL04-RS";"UOP02-DEL04-RS"
362043;2021-06-04;"sexta-feira";"20:10:00";"GO";60;201;"GUAPO";"Animais na Pista";"Atropelamento de Animal";"Com Vítimas Feridas";"Plena Noite";"Decrescente";"Céu Claro";"Dupla";"Reta";"Não";1;0;1;0;0;0;1;1;-16,8815;-49,6179;"SPRF-GO";"DEL01-GO";"UOP02-DEL01-GO"
362044;2021-06-04;"sexta-feira";"21:00:00";"RJ";393;285,5;"VOLTA REDONDA";"Desrespeitar a preferência no cruzamento";"Colisão transversal";"Com Vítimas Feridas";"Plena Noite";"Decrescente";"Céu Claro";"Dupla";"Rotatória";"Sim";2;0;1;0;1;0;1;2;-22,481726;-44,06308602;"SPRF-RJ";"DEL05-RJ";"UOP04-DEL05-RJ"
362045;2021-06-04;"sexta-feira";"17:36:00";"MS";419;244,8;"ANASTACIO";"Pedestre andava na pista";"Atropelamento de Pedestre";"Com Vítimas Feridas";"Anoitecer";"Decrescente";"Céu Claro";"Simples";"Reta";"Não";2;0;2;0;0;0;2;2;-20,50648249;-55,81587575;"SPRF-MS";"DEL03-MS";"UOP01-DEL03-MS"
362046;2021-06-04;"sexta-feira";"20:50:00";"SP";116;146,8;"SAO JOSE DOS CAMPOS";"Afundamento ou ondulação no pavimento";"Tombamento";"Com Vítimas Feridas";"Plena Noite";"Crescente";"Nublado";"Múltipla";"Interseção de Vias";"Sim";1;0;0;1;0;0;1;1;-23,19457061;-45,87100983;"SPRF-SP";"DEL02-SP";"UOP01-DEL02-SP"
362048;2021-06-04;"sexta-feira";"20:15:00";"SC";470;54,5;"BLUMENAU";"Ausência de reação do condutor";"Tombamento";"Com Vítimas Feridas";"Plena Noite";"Crescente";"Nublado";"Simples";"Curva";"Não";1;0;1;0;0;0;1;1;-26,871065;-49,110374;"SPRF-SC";"DEL04-SC";"UOP01-DEL04-SC"
362050;2021-06-04;"sexta-feira";"21:15:00";"SP";116;282,9;"EMBU DAS ARTES";"Demais falhas mecânicas ou elétricas";"Incêndio";"Sem Vítimas";"Plena Noite";"Crescente";"Nublado";"Dupla";"Reta";"Sim";1;0;0;0;1;0;0;1;-23,670465;-46,856204;"SPRF-SP";"DEL04-SP";"UOP01-DEL04-SP"
362051;2021-06-04;"sexta-feira";"19:30:00";"RS";290;70;"GRAVATAI";"Demais falhas mecânicas ou elétricas";"Saída de leito carroçável";"Sem Vítimas";"Plena Noite";"Crescente";"Céu Claro";"Dupla";"Reta";"Sim";2;0;0;0;2;0;0;1;-29,948053;-50,956192;"SPRF-RS";"DEL03-RS";"UOP01-DEL03-RS"
362052;2021-06-04;"sexta-feira";"19:01:00";"RO";364;358;"JI-PARANA";"Ausência de reação do condutor";"Colisão traseira";"Com Vítimas Fatais";"Plena Noite";"Decrescente";"Céu Claro";"Simples";"Reta;Declive";"Não";2;1;0;0;1;0;0;2;-10,79098663;-62,04115379;"SPRF-RO";"DEL02-RO";"UOP01-DEL02-RO"
362054;2021-06-04;"sexta-feira";"20:30:00";"MG";262;35,5;"MANHUACU";"Reação tardia ou ineficiente do condutor";"Colisão lateral mesmo sentido";"Com Vítimas Feridas";"Plena Noite";"Decrescente";"Céu Claro";"Simples";"Aclive;Reta";"Sim";2;0;1;0;1;0;1;2;-20,2592562;-42,01698194;"SPRF-MG";"DEL06-MG";"UOP03-DEL06-MG"
362055;2021-06-04;"sexta-feira";"22:00:00";"PR";373;183;"PONTA GROSSA";"Desrespeitar a preferência no cruzamento";"Colisão transversal";"Com Vítimas Feridas";"Plena Noite";"Decrescente";"Nublado";"Simples";"Rotatória;Interseção de Vias";"Não";2;0;1;0;1;0;1;2;-25,03935712;-50,2767641;"SPRF-PR";"DEL03-PR";"UOP01-DEL03-PR"