"id";"data_inversa";"dia_semana";"horario";"uf";"br";"km";"municipio";"causa_acidente";"tipo_acidente";"classificacao_acidente";"fase_dia";"sentido_via";"condicao_metereologica";"tipo_pista";"tracado_via";"uso_solo";"pessoas";"mortos";"feridos_leves";"feridos_graves";"ilesos";"ignorados";"feridos";"veiculos";"latitude";"longitude";"regional";"delegacia";"uop"
362057;2021-06-04;"sexta-feira";"21:15:00";"RS";116;187;"PICADA CAFE";"Ingestão de álcool pelo condutor";"Saída de leito carroçável";"Sem Vítimas";"Plena Noite";"Crescente";"Céu Claro";"Simples";"Reta";"Não";1;0;0;0;1;0;0;1;-29,40515985;-51,12600998;"SPRF-RS";"DEL05-RS";"UOP02-DEL05-RS"
362060;2021-06-04;"sexta-feira";"19:25:00";"PR";0;0;"CASCAVEL";"Acessar a via sem observar a presença dos outros veículos";"Colisão transversal";"Com Vítimas Feridas";"Plena Noite";"Não Informado";"Céu Claro";"Simples";"Reta";"Sim";2;0;1;0;1;0;1;2;-24,86961742;-53,34205627;"SPRF-PR";"DEL04-PR";"UOP01-DEL04-PR"
362062;2021-06-04;"sexta-feira";"21:30:00";"PR";376;179;"MARINGA";"Reação tardia ou ineficiente do condutor";"Colisão traseira";"Com Vítimas Feridas";"Plena Noite";"Crescente";"Céu Claro";"Dupla";"Retorno Regulamentado;Reta";"Sim";3;0;1;0;0;2;1;3;-23,41942907;-51,91288412;"SPRF-PR";"DEL09-PR";"UOP01-DEL09-PR"
362063;2021-06-04;"sexta-feira";"20:46:00";"PR";369;489;"CORBELIA";"Acessar a via sem observar a presença dos outros veículos";"Colisão frontal";"Com Vítimas Feridas";"Plena Noite";"Decrescente";"Céu Claro";"Simples";"Reta";"Não";2;0;1;0;1;0;1;2;-24,7076;-53,2396;"SPRF-PR";"DEL04-PR";"UOP03-DEL04-PR"
362067;2021-06-04;"sexta-feira";"23:00:00";"MG";40;507;"RIBEIRAO DAS NEVES";"Ingestão de álcool pelo condutor";"Saída de leito carroçável";"Com Vítimas Feridas";"Plena Noite";"Crescente";"Céu Claro";"Dupla";"Reta";"Sim";4;0;3;0;1;0;3;1;-19,75431705;-44,14152606;"SPRF-MG";"DEL02-MG";"UOP01-DEL02-MG"
362069;2021-06-04;"sexta-feira";"00:50:00";"SC";470;5;"NAVEGANTES";"Ausência de reação do condutor";"Colisão com objeto";"Com Vítimas Feridas";"Plena Noite";"Decrescente";"Céu Claro";"Múltipla";"Em Obras";"Sim";1;0;1;0;0;0;1;1;-26,85702098;-48,69552612;"SPRF-SC";"DEL04-SC";"UOP04-DEL04-SC"
362070;2021-06-04;"sexta-feira";"23:50:00";"SC";101;132;"BALNEARIO CAMBORIU";"Ausência de reação do condutor";"Tombamento";"Com Vítimas Feridas";"Plena Noite";"Decrescente";"Nublado";"Múltipla";"Reta";"Sim";1;0;1;0;0;0;1;1;-26,99795643;-48,65138954;"SPRF-SC";"DEL04-SC";"UOP03-DEL04-SC"
362071;2021-06-04;"sexta-feira";"23:00:00";"RJ";493;61;"NOVA IGUACU";"Ingestão de álcool e/ou substâncias psicoativas pelo pedestre";"Atropelamento de Pedestre";"Com Vítimas Feridas";"Plena Noite";"Crescente";"Céu Claro";"Dupla";"Reta";"Não";1;0;1;0;0;0;1;1;-22,67738162;-43,40114594;"SPRF-RJ";"DEL01-RJ";"UOP03-DEL01-RJ"
362072;2021-06-04;"sexta-feira";"21:10:00";"RJ";116;167;"SAO JOAO DE MERITI";"Condutor deixou de manter distância do veículo da frente";"Tombamento";"Com Vítimas Feridas";"Plena Noite";"Crescente";"Céu Claro";"Múltipla";"Reta";"Sim";2;0;1;0;1;0;1;1;-22,81803977;-43,30787252;"SPRF-RJ";"DEL01-RJ";"UOP01-DEL01-RJ"
362075;2021-06-05;"sábado";"00:05:00";"SC";282;599;"CUNHA PORA";"Ingestão de álcool pelo condutor";"Saída de leito carroçável";"Com Vítimas Feridas";"Plena Noite";"Decrescente";"Céu Claro";"Simples";"Curva";"Não";1;0;1;0;0;0;1;1;-26,820206;-53,155052;"SPRF-SC";"DEL07-SC";"UOP02-DEL07-SC"
362077;2021-06-05;"sábado";"01:00:00";"PR";376;217;"JANDAIA DO SUL";"Afundamento ou ondulação no pavimento";"Tombamento";"Com Vítimas Feridas";"Plena Noite";"Crescente";"Céu Claro";"Simples";"Reta";"Sim";1;0;1;0;0;0;1;1;-23,59513819;-51,64093494;"SPRF-PR";"DEL09-PR";"UOP01-DEL09-PR"
362079;2021-06-05;"sábado";"00:15:00";"PR";476;131;"CURITIBA";"Reação tardia ou ineficiente do condutor";"Queda de ocupante de veículo";"Com Vítimas Feridas";"Plena Noite";"Decrescente";"Nublado";"Múltipla";"Reta";"Sim";1;0;0;1;0;0;1;1;-25,453636;-49,245155;"SPRF-PR";"DEL01-PR";"UOP03-DEL01-PR"
362080;2021-06-05;"sábado";"01:00:00";"RJ";116;170;"SAO JOAO DE MERITI";"Condutor deixou de manter distância do veículo da frente";"Colisão traseira";"Com Vítimas Feridas";"Plena Noite";"Crescente";"Céu Claro";"Dupla";"Reta";"Não";2;0;0;1;1;0;1;2;-22,81113183;-43,3336729;"SPRF-RJ";"DEL01-RJ";"UOP02-DEL01-RJ"
362081;2021-06-04;"sexta-feira";"23:20:00";"CE";116;68;"CHOROZINHO";"Condutor deixou de manter distância do veículo da frente";"Colisão traseira";"Sem Vítimas";"Plena Noite";"Decrescente";"Céu Claro";"Simples";"Reta";"Sim";2;0;0;0;2;0;0;2;-4,3140702;-38,49723925;"SPRF-CE";"DEL03-CE";"UOP02-DEL03-CE"
362082;2021-06-05;"sábado";"01:00:00";"RS";386;223,9;"SOLEDADE";"Ingestão de substâncias psicoativas pelo condutor";"Saída de leito carroçável";"Sem Vítimas";"Plena Noite";"Crescente";"Céu Claro";"Simples";"Reta";"Não";1;0;0;0;1;0;0;1;-28,644985;-52,614906;"SPRF-RS";"DEL04-RS";"UOP03-DEL04-RS"
362083;2021-06-05;"sábado";"00:49:00";"MG";50;18,2;"UBERLANDIA";"Entrada inopinada do pedestre";"Atropelamento de Pedestre";"Com Vítimas Fatais";"Plena Noite";"Crescente";"Céu Claro";"Dupla";"Viaduto";"Sim";2;1;0;0;0;1;0;2;-18,92816849;-48,19251537;"SPRF-MG";"DEL15-MG";"UOP01-DEL15-MG"
362085;2021-06-05;"sábado";"01:30:00";"MG";381;491,9;"BETIM";"Animais na Pista";"Tombamento";"Com Vítimas Feridas";"Plena Noite";"Crescente";"Céu Claro";"Dupla";"Reta";"Sim";1;0;1;0;0;0;1;1;-19,97018187;-44,18210416;"SPRF-MG";"DEL01-MG";"UOP03-DEL01-MG"
362087;2021-06-05;"sábado";"01:30:00";"BA";235;345,9;"JUAZEIRO";"Manobra de mudança de faixa";"Colisão transversal";"Com Vítimas Feridas";"Plena Noite";"Crescente";"Céu Claro";"Simples";"Reta";"Não";2;0;1;1;0;0;2;2;-9,45896063;-40,45706492;"SPRF-PE";"DEL06-PE";"UOP01-DEL06-PE"
362089;2021-06-05;"sábado";"01:50:00";"SC";101;368,5;"ICARA";"Reação tardia ou ineficiente do condutor";"Saída de leito carroçável";"Com Vítimas Feridas";"Plena Noite";"Decrescente";"Céu Claro";"Múltipla";"Curva";"Sim";2;0;2;0;0;0;2;1;-28,6957326;-49,17347228;"SPRF-SC";"DEL02-SC";"UOP01-DEL02-SC"
362090;2021-06-04;"sexta-feira";"16:30:00";"RO";174;35,8;"VILHENA";"Velocidade Incompatível";"Saída de leito carroçável";"Com Vítimas Feridas";"Anoitecer";"Crescente";"Nublado";"Simples";"Reta";"Não";1;0;1;0;0;0;1;1;-12,55543204;-60,07123395;"SPRF-RO";"DEL04-RO";"UOP01-DEL04-RO"
362092;2021-06-05;"sábado";"02:45:00";"SC";470;130,4;"LONTRAS";"Reação tardia ou ineficiente do condutor";"Saída de leito carroçável";"Sem Vítimas";"Plena Noite";"Crescente";"Céu Claro";"Simples";"Curva";"Sim";1;0;0;0;0;1;0;1;-27,16295342;-49,55692291;"SPRF-SC";"DEL04-SC";"UOP02-DEL04-SC"
362093;2021-06-05;"sábado";"00:00:00";"PA";316;31,4;"SANTA IZABEL DO PARA";"Ausência de reação do condutor";"Colisão traseira";"Com Vítimas Fatais";"Plena Noite";"Decrescente";"Céu Claro";"Dupla";"Reta";"Não";3;1;0;1;1;0;1;2;-1,3025866;-48,1965672;"SPRF-PA";"DEL01-PA";"UOP01-DEL01-PA"
362096;2021-06-05;"sábado";"02:00:00";"CE";116;56,5;"PACAJUS";"Pista esburacada";"Colisão com objeto";"Com Vítimas Feridas";"Pleno dia";"Crescente";"Céu Claro";"Simples";"Reta";"Não";2;0;2;0;0;0;2;1;-4,21228207;-38,47322379;"SPRF-CE";"DEL03-CE";"UOP02-DEL03-CE"
362100;2021-06-05;"sábado";"04:15:00";"SP";101;47;"UBATUBA";"Retorno proibido";"Colisão transversal";"Com Vítimas Feridas";"Plena Noite";"Crescente";"Céu Claro";"Simples";"Reta";"Sim";2;0;0;1;1;0;1;2;-23,429897;-45,082436;"SPRF-SP";"DEL06-SP";"UOP01-DEL06-SP"
362101;2021-06-05;"sábado";"01:30:00";"BA";324;595;"CANDEIAS";"Velocidade Incompatível";"Saída de leito carroçável";"Com Vítimas Feridas";"Plena Noite";"Decrescente";"Chuva";"Dupla";"Curva";"Não";4;0;4;0;0;0;4;1;-12,71235341;-38,45524557;"SPRF-BA";"DEL01-BA";"UOP01-DEL01-BA"
362102;2021-06-04;"sexta-feira";"21:10:00";"GO";158;270,1;"JATAI";"Condutor desrespeitou a iluminação vermelha do semáforo";"Colisão frontal";"Com Vítimas Feridas";"Plena Noite";"Crescente";"Céu Claro";"Simples";"Reta;Interseção de Vias";"Sim";2;0;1;0;1;0;1;2;-17,86380007;-51,72967528;"SPRF-GO";"DEL05-GO";"UOP01-DEL05-GO"
362104;2021-04-17;"sábado";"20:20:00";"SE";101;89;"NOSSA SENHORA DO SOCORRO";"Velocidade Incompatível";"Colisão com objeto";"Sem Vítimas";"Plena Noite";"Decrescente";"Céu Claro";"Dupla";"Reta";"Não";1;0;0;0;0;1;0;1;-10,88051024;-37,13355535;"SPRF-SE";"DEL01-SE";"UOP01-DEL01-SE"
362105;2021-06-05;"sábado";"03:15:00";"SC";280;49;"GUARAMIRIM";"Ingestão de álcool pelo condutor";"Capotamento";"Com Vítimas Feridas";"Plena Noite";"Crescente";"Nublado";"Simples";"Curva";"Sim";1;0;1;0;0;0;1;1;-26,45850039;-48,93692786;"SPRF-SC";"DEL03-SC";"UOP03-DEL03-SC"
362107;2021-06-05;"sábado";"05:20:00";"RS";392;350,8;"SANTA MARIA";"Ingestão de álcool pelo condutor";"Colisão frontal";"Com Vítimas Feridas";"Plena Noite";"Decrescente";"Céu Claro";"Simples";"Reta";"Não";4;0;3;1;0;0;4;2;-29,73516621;-53,79854679;"SPRF-RS";"DEL09-RS";"UOP01-DEL09-RS"
362109;2021-06-05;"sábado";"06:05:00";"SP";153;71,6;"SAO JOSE DO RIO PRETO";"Condutor Dormindo";"Saída de leito carroçável";"Com Vítimas Feridas";"Amanhecer";"Crescente";"Céu Claro";"Dupla";"Reta";"Sim";1;0;1;0;0;0;1;1;-20,8580187;-49,40666241;"SPRF-SP";"DEL09-SP";"UOP01-DEL09-SP"
362112;2021-06-05;"sábado";"06:00:00";"SP";381;83,7;"SAO PAULO";"Velocidade Incompatível";"Saída de leito carroçável";"Com Vítimas Feridas";"Amanhecer";"Crescente";"Céu Claro";"Múltipla";"Reta";"Sim";2;0;1;0;1;0;1;1;-23,4309671;-46,56998022;"SPRF-SP";"DEL03-SP";"UOP01-DEL03-SP"
362113;2021-06-05;"sábado";"06:05:00";"SC";101;110,9;"ITAJAI";"Demais falhas mecânicas ou elétricas";"Queda de ocupante de veículo";"Com Vítimas Feridas";"Amanhecer";"Crescente";"Céu Claro";"Dupla";"Reta";"Não";2;0;2;0;0;0;2;1;-26,83477;-48,706151;"SPRF-SC";"DEL04-SC";"UOP04-DEL04-SC"
362114;2021-06-04;"sexta-feira";"05:00:00";"AP";156;71;"LARANJAL DO JARI";"Acostamento em desnível";"Tombamento";"Com Vítimas Feridas";"Amanhecer";"Decrescente";"Céu Claro";"Simples";"Reta";"Não";1;0;1;0;0;0;1;1;-0,70663419;-52,3819837;"SPRF-AP";"DEL01-AP";"UOP01-DEL01-AP"
362115;2021-06-05;"sábado";"07:15:00";"PR";376;86;"PARANAVAI";"Ingestão de álcool pelo condutor";"Saída de leito carroçável";"Com Vítimas Feridas";"Pleno dia";"Crescente";"Céu Claro";"Simples";"Reta";"Não";3;0;3;0;0;0;3;1;-22,982305;-52,602947;"SPRF-PR";"DEL09-PR";"UOP02-DEL09-PR"
362117;2021-06-05;"sábado";"07:15:00";"SC";101;259,7;"PAULO LOPES";"Velocidade Incompatível";"Tombamento";"Com Vítimas Feridas";"Amanhecer";"Crescente";"Céu Claro";"Dupla";"Curva";"Não";1;0;1;0;0;0;1;1;-28,02019982;-48,69860714;"SPRF-SC";"DEL02-SC";"UOP03-DEL02-SC"
362118;2021-06-05;"sábado";"06:20:00";"SC";282;371,8;"ERVAL VELHO";"Reação tardia ou ineficiente do condutor";"Colisão traseira";"Com Vítimas Feridas";"Amanhecer";"Crescente";"Nublado";"Simples";"Curva";"Não";2;0;1;0;1;0;1;2;-27,259993;-51,442684;"SPRF-SC";"DEL07-SC";"UOP05-DEL07-SC"
362119;2021-05-02;"domingo";"17:45:00";"PB";230;11;"CABEDELO";"Ingestão de álcool pelo condutor";"Colisão traseira";"Com Vítimas Feridas";"Anoitecer";"Decrescente";"Céu Claro";"Dupla";"Reta";"Sim";3;0;1;1;1;0;2;2;-7,0686538;-34,8498559;"SPRF-PB";"DEL01-PB";"UOP01-DEL01-PB"
362120;2021-06-05;"sábado";"06:20:00";"MS";463;74;"PONTA PORA";"Ausência de reação do condutor";"Colisão com objeto";"Com Vítimas Feridas";"Amanhecer";"Crescente";"Sol";"Dupla";"Rotatória";"Não";2;0;1;1;0;0;2;1;-22,49753431;-55,43273774;"SPRF-MS";"DEL04-MS";"UOP03-DEL04-MS"
362122;2021-06-05;"sábado";"07:40:00";"ES";101;262,4;"SERRA";"Chuva";"Queda de ocupante de veículo";"Com Vítimas Feridas";"Pleno dia";"Decrescente";"Chuva";"Simples";"Declive;Reta";"Sim";1;0;1;0;0;0;1;1;-20,1572331;-40,27678329;"SPRF-ES";"DEL02-ES";"UOP01-DEL02-ES"
362123;2021-06-05;"sábado";"07:45:00";"ES";101;297,8;"VIANA";"Reação tardia ou ineficiente do condutor";"Colisão traseira";"Com Vítimas Feridas";"Pleno dia";"Decrescente";"Nublado";"Dupla";"Reta";"Sim";3;0;2;0;1;0;2;2;-20,34529844;-40,41026774;"SPRF-ES";"DEL01-ES";"UOP01-DEL01-ES"
362124;2021-06-05;"sábado";"06:00:00";"PE";407;121,8;"PETROLINA";"Transitar na contramão";"Colisão frontal";"Com Vítimas Fatais";"Pleno dia";"Crescente";"Céu Claro";"Simples";"Reta";"Sim";2;2;0;0;0;0;0;2;-9,35445;-40,55006;"SPRF-PE";"DEL06-PE";"UOP01-DEL06-PE"
362125;2021-06-05;"sábado";"07:30:00";"ES";447;13;"VILA VELHA";"Chuva";"Tombamento";"Com Vítimas Feridas";"Pleno dia";"Decrescente";"Chuva";"Dupla";"Reta";"Sim";1;0;1;0;0;0;1;1;-20,35784325;-40,3328294;"SPRF-ES";"DEL01-ES";"UOP01-DEL01-ES"
362129;2021-06-05;"sábado";"04:15:00";"SC";282;507,7;"XANXERE";"Pedestre andava na pista";"Atropelamento de Pedestre";"Com Vítimas Fatais";"Plena Noite";"Decrescente";"Céu Claro";"Simples";"Reta";"Não";2;1;0;0;0;1;0;2;-26,886171;-52,43911;"SPRF-SC";"DEL07-SC";"UOP01-DEL07-SC"
362130;2021-06-05;"sábado";"07:20:00";"MS";163;519;"JARAGUARI";"Ausência de reação do condutor";"Tombamento";"Com Vítimas Feridas";"Pleno dia";"Crescente";"Céu Claro";"Dupla";"Reta";"Não";1;0;1;0;0;0;1;1;-20,16993505;-54,4490649;"SPRF-MS";"DEL01-MS";"UOP02-DEL01-MS"
362131;2021-06-05;"sábado";"07:50:00";"RJ";101;436;"MANGARATIBA";"Demais falhas na via";"Queda de ocupante de veículo";"Com Vítimas Feridas";"Pleno dia";"Decrescente";"Céu Claro";"Simples";"Curva";"Não";1;0;1;0;0;0;1;1;-22,94335387;-44,06046308;"SPRF-RJ";"DEL03-RJ";"UOP03-DEL03-RJ"
362132;2021-06-05;"sábado";"06:10:00";"MG";40;41,5;"PARACATU";"Acessar a via sem observar a presença dos outros veículos";"Colisão transversal";"Com Vítimas Feridas";"Pleno dia";"Decrescente";"Céu Claro";"Simples";"Interseção de Vias";"Sim";2;0;1;0;1;0;1;2;-17,21271307;-46,87295209;"SPRF-MG";"DEL14-MG";"UOP01-DEL14-MG"
362134;2021-06-05;"sábado";"06:00:00";"PR";277;529;"GUARANIACU";"Reação tardia ou ineficiente do condutor";"Saída de leito carroçável";"Com Vítimas Feridas";"Amanhecer";"Decrescente";"Céu Claro";"Simples";"Curva";"Não";2;0;2;0;0;0;2;1;-25,091649;-52,949265;"SPRF-PR";"DEL04-PR";"UOP01-DEL04-PR"
362135;2021-06-05;"sábado";"08:20:00";"PE";101;69,8;"RECIFE";"Acessar a via sem observar a presença dos outros veículos";"Colisão transversal";"Com Vítimas Feridas";"Pleno dia";"Decrescente";"Nublado";"Dupla";"Reta";"Não";2;0;1;0;1;0;1;2;-8,05951606;-34,94581024;"SPRF-PE";"DEL01-PE";"UOP01-DEL01-PE"
362136;2021-05-08;"sábado";"07:50:00";"SC";282;45;"AGUAS MORNAS";"Condutor deixou de manter distância do veículo da frente";"Colisão traseira";"Com Vítimas Feridas";"Pleno dia";"Crescente";"Sol";"Simples";"Reta";"Não";3;0;0;1;2;0;1;2;-27,719851;-48,916126;"SPRF-SC";"DEL01-SC";"UOP03-DEL01-SC"
362140;2021-06-05;"sábado";"09:19:00";"ES";101;292;"CARIACICA";"Ingestão de álcool pelo condutor";"Colisão traseira";"Com Vítimas Feridas";"Pleno dia";"Decrescente";"Chuva";"Dupla";"Reta";"Não";2;0;2;0;0;0;2;2;-20,30650512;-40,39488717;"SPRF-ES";"DEL01-ES";"UOP01-DEL01-ES"
362141;2021-06-05;"sábado";"06:50:00";"RO";364;719;"PORTO VELHO";"Ingestão de álcool pelo condutor";"Saída de leito carroçável";"Sem Vítimas";"Pleno dia";"Crescente";"Céu Claro";"Simples";"Reta";"Não";1;0;0;0;1;0;0;1;-8,80642932;-63,9158146;"SPRF-RO";"DEL01-RO";"UOP01-DEL01-RO"
362143;2021-06-05;"sábado";"07:10:00";"MS";262;674,6;"CORUMBA";"Manobra de mudança de faixa";"Colisão frontal";"Com Vítimas Fatais";"Pleno dia";"Decrescente";"Céu Claro";"Simples";"Reta";"Não";4;3;0;1;0;0;1;2;-19,58677;-57,149217;"SPRF-MS";"DEL03-MS";"UOP03-DEL03-MS"
362144;2021-06-05;"sábado";"07:05:00";"SC";101;378;"ICARA";"Reação tardia ou ineficiente do condutor";"Capotamento";"Com Vítimas Feridas";"Pleno dia";"Decrescente";"Céu Claro";"Dupla";"Reta";"Não";1;0;0;1;0;0;1;1;-28,741853;-49,251657;"SPRF-SC";"DEL02-SC";"UOP02-DEL02-SC"
362145;2021-05-08;"sábado";"23:30:00";"RS";116;656,5;"JAGUARAO";"Ausência de reação do condutor";"Colisão traseira";"Com Vítimas Fatais";"Plena Noite";"Decrescente";"Céu Claro";"Simples";"Reta";"Não";5;1;1;1;0;2;2;4;-32,56067023;-53,38439839;"SPRF-RS";"DEL07-RS";"UOP03-DEL07-RS"
362146;2021-06-05;"sábado";"08:50:00";"DF";70;2,5;"BRASILIA";"Reação tardia ou ineficiente do condutor";"Colisão traseira";"Com Vítimas Feridas";"Pleno dia";"Decrescente";"Céu Claro";"Dupla";"Reta";"Sim";2;0;1;0;1;0;1;2;-15,798048;-48,073235;"SPRF-DF";"DEL03-DF";"UOP02-DEL03-DF"
362147;2021-06-05;"sábado";"08:40:00";"MG";262;461,1;"NOVA SERRANA";"Ingestão de álcool pelo condutor";"Colisão lateral sentido oposto";"Com Vítimas Feridas";"Pleno dia";"Decrescente";"Vento";"Simples";"Reta";"Não";3;0;2;1;0;0;3;2;-19,82283349;-45,08196173;"SPRF-MG";"DEL08-MG";"UOP03-DEL08-MG"
362148;2021-04-18;"domingo";"11:04:00";"MG";50;29;"ARAGUARI";"Velocidade Incompatível";"Colisão com objeto";"Com Vítimas Feridas";"Pleno dia";"Decrescente";"Céu Claro";"Dupla";"Curva";"Não";1;0;1;0;0;0;1;1;-18,61530179;-48,11558291;"SPRF-MG";"DEL15-MG";"UOP02-DEL15-MG"
362149;2021-06-05;"sábado";"06:50:00";"RN";304;24;"MOSSORO";"Ausência de reação do condutor";"Saída de leito carroçável";"Sem Vítimas";"Pleno dia";"Crescente";"Céu Claro";"Dupla";"Curva";"Não";1;0;0;0;0;1;0;1;-5,06488233;-37,33287055;"SPRF-RN";"DEL04-RN";"UOP02-DEL04-RN"
362150;2021-05-31;"segunda-feira";"07:50:00";"PR";163;344;"GUAIRA";"Velocidade Incompatível";"Colisão lateral mesmo sentido";"Sem Vítimas";"Pleno dia";"Decrescente";"Céu Claro";"Simples";"Reta";"Não";3;0;0;0;2;1;0;2;-24,12732862;-54,24053192;"SPRF-PR";"DEL06-PR";"UOP01-DEL06-PR"
362154;2021-06-05;"sábado";"10:20:00";"MG";356;266,1;"MURIAE";"Retorno proibido";"Colisão traseira";"Com Vítimas Feridas";"Pleno dia";"Crescente";"Céu Claro";"Simples";"Reta";"Sim";2;0;1;0;1;0;1;2;-21,12823134;-42,35802453;"SPRF-MG";"DEL07-MG";"UOP02-DEL07-MG"
362155;2021-06-05;"sábado";"10:30:00";"ES";101;281,9;"SERRA";"Velocidade Incompatível";"Colisão com objeto";"Com Vítimas Feridas";"Pleno dia";"Crescente";"Chuva";"Dupla";"Ponte";"Não";2;0;1;0;1;0;1;1;-20,22112792;-40,35720552;"SPRF-ES";"DEL02-ES";"UOP01-DEL02-ES"
362156;2021-06-01;"terça-feira";"15:00:00";"RO";364;803;"PORTO VELHO";"Obras na pista";"Saída de leito carroçável";"Com Vítimas Feridas";"Pleno dia";"Crescente";"Céu Claro";"Simples";"Reta";"Sim";3;0;1;0;2;0;1;1;-9,26003549;-64,43687439;"SPRF-RO";"DEL01-RO";"UOP02-DEL01-RO"
362158;2021-06-05;"sábado";"10:45:00";"SC";470;140,5;"RIO DO SUL";"Condutor deixou de manter distância do veículo da frente";"Engavetamento";"Com Vítimas Feridas";"Pleno dia";"Crescente";"Sol";"Simples";"Reta;Aclive";"Sim";4;0;1;0;3;0;1;4;-27,20524183;-49,64311838;"SPRF-SC";"DEL04-SC";"UOP02-DEL04-SC"
362159;2021-06-05;"sábado";"10:10:00";"SC";101;197,8;"BIGUACU";"Mal súbito do condutor";"Queda de ocupante de veículo";"Com Vítimas Feridas";"Pleno dia";"Crescente";"Céu Claro";"Simples";"Reta";"Não";2;0;2;0;0;0;2;1;-27,52658712;-48,63506019;"SPRF-SC";"DEL01-SC";"UOP01-DEL01-SC"
362162;2021-06-05;"sábado";"09:50:00";"GO";60;180;"ABADIA DE GOIAS";"Demais falhas mecânicas ou elétricas";"Queda de ocupante de veículo";"Com Vítimas Feridas";"Pleno dia";"Crescente";"Céu Claro";"Dupla";"Aclive";"Não";1;0;1;0;0;0;1;1;-16,7666;-49,4751;"SPRF-GO";"DEL01-GO";"UOP02-DEL01-GO"
362163;2021-06-05;"sábado";"10:55:00";"DF";80;21,5;"BRASILIA";"Mal súbito do condutor";"Colisão traseira";"Com Vítimas Feridas";"Pleno dia";"Crescente";"Sol";"Dupla";"Reta";"Não";2;0;1;0;1;0;1;2;-15,658299;-48,20282;"SPRF-DF";"DEL03-DF";"UOP02-DEL03-DF"
362164;2021-06-05;"sábado";"11:30:00";"DF";20;10,1;"BRASILIA";"Manobra de mudança de faixa";"Colisão transversal";"Com Vítimas Feridas";"Pleno dia";"Decrescente";"Céu Claro";"Dupla";"Declive;Retorno Regulamentado;Reta";"Sim";2;0;0;1;1;0;1;2;-15,650243;-47,773872;"SPRF-DF";"DEL02-DF";"UOP01-DEL02-DF"
362166;2021-06-05;"sábado";"12:10:00";"SC";470;106,1;"APIUNA";"Acessar a via sem observar a presença dos outros veículos";"Colisão transversal";"Com Vítimas Feridas";"Pleno dia";"Decrescente";"Sol";"Simples";"Reta";"Não";2;0;1;0;1;0;1;2;-27,073105;-49,422935;"SPRF-SC";"DEL04-SC";"UOP02-DEL04-SC"
362167;2021-06-05;"sábado";"10:20:00";"MG";146;506;"BANDEIRA DO SUL";"Acessar a via sem observar a presença dos outros veículos";"Colisão transversal";"Com Vítimas Feridas";"Pleno dia";"Crescente";"Céu Claro";"Simples";"Interseção de Vias";"Não";6;0;5;0;1;0;5;2;-21,76109402;-46,40899658;"SPRF-MG";"DEL09-MG";"UOP01-DEL09-MG"
362168;2021-06-05;"sábado";"12:15:00";"AL";104;33,8;"UNIAO DOS PALMARES";"Acessar a via sem observar a presença dos outros veículos";"Colisão frontal";"Com Vítimas Feridas";"Pleno dia";"Crescente";"Nublado";"Simples";"Reta";"Não";2;0;0;1;1;0;1;2;-9,1512483;-36,01318359;"SPRF-AL";"DEL01-AL";"UOP02-DEL01-AL"
362169;2021-06-05;"sábado";"12:20:00";"RN";101;94;"NATAL";"Condutor deixou de manter distância do veículo da frente";"Colisão traseira";"Com Vítimas Feridas";"Pleno dia";"Decrescente";"Céu Claro";"Múltipla";"Interseção de Vias";"Sim";1;0;1;0;0;0;1;1;-5,828957;-35,210853;"SPRF-RN";"DEL01-RN";"UOP01-DEL01-RN"
362173;2021-06-05;"sábado";"12:45:00";"SC";101;212,8;"PALHOCA";"Mal súbito do condutor";"Tombamento";"Com Vítimas Feridas";"Pleno dia";"Decrescente";"Céu Claro";"Dupla";"Reta";"Sim";1;0;1;0;0;0;1;1;-27,62996929;-48,65903871;"SPRF-SC";"DEL01-SC";"UOP02-DEL01-SC"
362174;2021-06-05;"sábado";"12:00:00";"SP";116;51;"LORENA";"Velocidade Incompatível";"Colisão lateral sentido oposto";"Com Vítimas Feridas";"Pleno dia";"Crescente";"Sol";"Simples";"Curva";"Sim";3;0;1;1;1;0;2;2;-22,74157511;-45,09206392;"SPRF-SP";"DEL08-SP";"UOP02-DEL08-SP"
362176;2021-06-05;"sábado";"11:40:00";"CE";20;430;"FORTALEZA";"Condutor deixou de manter distância do veículo da frente";"Colisão traseira";"Com Vítimas Feridas";"Pleno dia";"Crescente";"Céu Claro";"Dupla";"Reta";"Não";4;0;2;0;2;0;2;2;-3,87314126;-38,49386953;"SPRF-CE";"DEL01-CE";"UOP02-DEL01-CE"
362177;2021-06-05;"sábado";"12:40:00";"SC";280;66,5;"JARAGUA DO SUL";"Reação tardia ou ineficiente do condutor";"Colisão transversal";"Com Vítimas Feridas";"Pleno dia";"Crescente";"Céu Claro";"Simples";"Reta";"Não";2;0;1;0;1;0;1;2;-26,47606607;-49,09568797;"SPRF-SC";"DEL03-SC";"UOP03-DEL03-SC"
362180;2021-06-05;"sábado";"11:45:00";"SC";280;305;"PORTO UNIAO";"Acessar a via sem observar a presença dos outros veículos";"Colisão transversal";"Com Vítimas Feridas";"Pleno dia";"Crescente";"Céu Claro";"Simples";"Rotatória";"Sim";2;0;1;0;1;0;1;2;-26,26625102;-51,05981502;"SPRF-SC";"DEL06-SC";"UOP04-DEL06-SC"