"id";"data_inversa";"dia_semana";"horario";"uf";"br";"km";"municipio";"causa_acidente";"tipo_acidente";"classificacao_acidente";"fase_dia";"sentido_via";"condicao_metereologica";"tipo_pista";"tracado_via";"uso_solo";"pessoas";"mortos";"feridos_leves";"feridos_graves";"ilesos";"ignorados";"feridos";"veiculos";"latitude";"longitude";"regional";"delegacia";"uop"
362181;2021-06-05;"sábado";"07:50:00";"MG";116;282,4;"TEOFILO OTONI";"Velocidade Incompatível";"Saída de leito carroçável";"Com Vítimas Feridas";"Pleno dia";"Decrescente";"Garoa/Chuvisco";"Simples";"Curva";"Não";1;0;1;0;0;0;1;1;-17,902369;-41,522926;"SPRF-MG";"DEL11-MG";"UOP01-DEL11-MG"
362182;2021-06-05;"sábado";"11:00:00";"MG";116;276,2;"TEOFILO OTONI";"Acessar a via sem observar a presença dos outros veículos";"Colisão traseira";"Com Vítimas Feridas";"Pleno dia";"Crescente";"Nublado";"Múltipla";"Reta";"Sim";2;0;1;0;1;0;1;2;-17,852376;-41,514498;"SPRF-MG";"DEL11-MG";"UOP01-DEL11-MG"
362183;2021-06-05;"sábado";"13:40:00";"SP";116;219;"GUARULHOS";"Mal súbito do condutor";"Colisão com objeto";"Com Vítimas Feridas";"Pleno dia";"Crescente";"Sol";"Múltipla";"Reta";"Sim";1;0;1;0;0;0;1;1;-23,46143954;-46,48885316;"SPRF-SP";"DEL01-SP";"UOP01-DEL01-SP"
362184;2021-06-05;"sábado";"13:00:00";"PR";277;128;"CAMPO LARGO";"Objeto estático sobre o leito carroçável";"Eventos atípicos";"Com Vítimas Feridas";"Pleno dia";"Decrescente";"Céu Claro";"Dupla";"Declive";"Não";1;0;0;1;0;0;1;1;-25,44518045;-49,4985659;"SPRF-PR";"DEL01-PR";"UOP03-DEL03-PR"
362185;2021-06-05;"sábado";"04:30:00";"MA";10;34;"CAROLINA";"Reação tardia ou ineficiente do condutor";"Colisão frontal";"Com Vítimas Fatais";"Plena Noite";"Crescente";"Ignorado";"Simples";"Rotatória";"Sim";3;1;0;1;1;0;1;2;-7,33905;-47,453197;"SPRF-MA";"DEL04-MA";"UOP02-DEL04-MA"
362186;2021-06-05;"sábado";"13:00:00";"ES";482;18,8;"CACHOEIRO DE ITAPEMIRIM";"Ausência de reação do condutor";"Colisão transversal";"Com Vítimas Feridas";"Pleno dia";"Crescente";"Nublado";"Simples";"Curva";"Não";4;0;4;0;0;0;4;2;-20,8323342;-41,08891628;"SPRF-ES";"DEL03-ES";"UOP02-DEL03-ES"
362187;2021-06-05;"sábado";"10:30:00";"RJ";101;224;"SILVA JARDIM";"Avarias e/ou desgaste excessivo no pneu";"Queda de ocupante de veículo";"Com Vítimas Feridas";"Pleno dia";"Crescente";"Sol";"Dupla";"Reta";"Não";2;0;2;0;0;0;2;1;-22,53147198;-42,34340586;"SPRF-RJ";"DEL02-RJ";"UOP03-DEL02-RJ"
362189;2021-06-05;"sábado";"13:00:00";"RJ";393;182;"PARAIBA DO SUL";"Condutor Dormindo";"Tombamento";"Com Vítimas Feridas";"Pleno dia";"Decrescente";"Céu Claro";"Simples";"Reta";"Não";2;0;1;0;1;0;1;1;-22,15468812;-43,31248652;"SPRF-RJ";"DEL05-RJ";"UOP03-DEL05-RJ"
362190;2021-06-05;"sábado";"12:50:00";"RJ";356;132;"CAMPOS DOS GOYTACAZES";"Velocidade Incompatível";"Saída de leito carroçável";"Com Vítimas Feridas";"Pleno dia";"Crescente";"Céu Claro";"Simples";"Curva";"Não";1;0;0;1;0;0;1;1;-21,71335697;-41,35923796;"SPRF-RJ";"DEL08-RJ";"UOP01-DEL08-RJ"
362193;2021-06-05;"sábado";"14:55:00";"RS";471;175,3;"RIO PARDO";"Ausência de reação do condutor";"Colisão transversal";"Com Vítimas Feridas";"Pleno dia";"Crescente";"Céu Claro";"Simples";"Interseção de Vias";"Sim";4;0;1;0;3;0;1;2;-30,031555;-52,371674;"SPRF-RS";"DEL02-RS";"UOP03-DEL02-RS"
362195;2021-06-05;"sábado";"14:40:00";"SC";101;4,1;"GARUVA";"Manobra de mudança de faixa";"Colisão com objeto";"Sem Vítimas";"Pleno dia";"Decrescente";"Céu Claro";"Dupla";"Reta";"Não";2;0;0;0;2;0;0;1;-26,00908719;-48,86448735;"SPRF-SC";"DEL03-SC";"UOP01-DEL03-SC"
362196;2021-06-05;"sábado";"15:20:00";"RJ";40;117;"DUQUE DE CAXIAS";"Demais falhas mecânicas ou elétricas";"Incêndio";"Sem Vítimas";"Pleno dia";"Crescente";"Céu Claro";"Dupla";"Reta";"Sim";2;0;0;0;2;0;0;1;-22,74103972;-43,28819275;"SPRF-RJ";"DEL01-RJ";"UOP01-DEL01-RJ"
362197;2021-06-05;"sábado";"12:30:00";"PA";10;266;"AURORA DO PARA";"Manobra de mudança de faixa";"Colisão frontal";"Com Vítimas Fatais";"Pleno dia";"Crescente";"Céu Claro";"Simples";"Reta";"Não";2;2;0;0;0;0;0;2;-2,105196;-47,56019;"SPRF-PA";"DEL02-PA";"UOP01-DEL02-PA"
362198;2021-06-05;"sábado";"15:10:00";"GO";60;381,2;"RIO VERDE";"Ausência de reação do condutor";"Saída de leito carroçável";"Com Vítimas Feridas";"Pleno dia";"Decrescente";"Céu Claro";"Dupla";"Curva";"Não";1;0;1;0;0;0;1;1;-17,774413;-50,887746;"SPRF-GO";"DEL04-GO";"UOP01-DEL04-GO"
362199;2021-06-05;"sábado";"14:40:00";"MT";163;708;"SORRISO";"Condutor deixou de manter distância do veículo da frente";"Colisão traseira";"Sem Vítimas";"Pleno dia";"Crescente";"Nublado";"Simples";"Reta";"Não";2;0;0;0;1;1;0;2;-13,02116175;-55,8948646;"SPRF-MT";"DEL06-MT";"UOP01-DEL06-MT"
362200;2021-06-05;"sábado";"15:45:00";"PR";116;119;"CURITIBA";"Velocidade Incompatível";"Saída de leito carroçável";"Sem Vítimas";"Pleno dia";"Decrescente";"Céu Claro";"Dupla";"Reta";"Não";1;0;0;0;1;0;0;1;-25,54456009;-49,30146002;"SPRF-PR";"DEL01-PR";"UOP01-DEL01-PR"
362201;2021-06-05;"sábado";"16:00:00";"SC";101;148,8;"ITAPEMA";"Ausência de reação do condutor";"Colisão lateral mesmo sentido";"Com Vítimas Feridas";"Pleno dia";"Crescente";"Céu Claro";"Múltipla";"Reta";"Não";2;0;1;0;0;1;1;2;-27,10123686;-48,61807962;"SPRF-SC";"DEL04-SC";"UOP03-DEL04-SC"
362202;2021-06-05;"sábado";"13:30:00";"RO";364;410,3;"JARU";"Ingestão de álcool pelo condutor";"Colisão traseira";"Sem Vítimas";"Pleno dia";"Crescente";"Sol";"Simples";"Reta";"Não";3;0;0;0;3;0;0;2;-10,52497711;-62,39404366;"SPRF-RO";"DEL03-RO";"UOP02-DEL03-RO"
362203;2021-06-05;"sábado";"12:30:00";"SC";282;377,5;"HERVAL DOESTE";"Manobra de mudança de faixa";"Colisão lateral mesmo sentido";"Com Vítimas Feridas";"Pleno dia";"Crescente";"Céu Claro";"Simples";"Curva";"Não";2;0;1;0;1;0;1;2;-27,216974;-51,470055;"SPRF-SC";"DEL07-SC";"UOP05-DEL07-SC"
362204;2021-06-05;"sábado";"15:25:00";"RJ";116;116;"NOVA IGUACU";"Demais falhas mecânicas ou elétricas";"Incêndio";"Sem Vítimas";"Pleno dia";"Decrescente";"Céu Claro";"Dupla";"Reta";"Sim";1;0;0;0;1;0;0;1;-22,74601764;-43,4469403;"SPRF-RJ";"DEL04-RJ";"UOP02-DEL04-RJ"
362205;2021-06-05;"sábado";"14:10:00";"MG";116;624,7;"ORIZANIA";"Ultrapassagem Indevida";"Colisão lateral sentido oposto";"Com Vítimas Feridas";"Pleno dia";"Crescente";"Céu Claro";"Simples";"Reta";"Sim";5;0;2;0;3;0;2;2;-20,5225458;-42,19944212;"SPRF-MG";"DEL07-MG";"UOP03-DEL07-MG"
362206;2021-06-05;"sábado";"15:40:00";"MG";262;364;"JUATUBA";"Condutor deixou de manter distância do veículo da frente";"Colisão traseira";"Sem Vítimas";"Pleno dia";"Decrescente";"Céu Claro";"Dupla";"Reta";"Sim";2;0;0;0;2;0;0;2;-19,98290644;-44,24492623;"SPRF-MG";"DEL01-MG";"UOP03-DEL01-MG"
362207;2021-06-05;"sábado";"16:35:00";"PR";476;123;"CURITIBA";"Condutor deixou de manter distância do veículo da frente";"Colisão traseira";"Sem Vítimas";"Anoitecer";"Decrescente";"Céu Claro";"Dupla";"Aclive";"Sim";2;0;0;0;1;1;0;2;-25,392904;-49,209557;"SPRF-PR";"DEL01-PR";"UOP03-DEL01-PR"
362208;2021-06-05;"sábado";"16:30:00";"RS";290;99,6;"PORTO ALEGRE";"Demais falhas mecânicas ou elétricas";"Colisão traseira";"Com Vítimas Feridas";"Pleno dia";"Crescente";"Céu Claro";"Dupla";"Reta;Ponte";"Não";5;0;5;0;0;0;5;2;-29,98783364;-51,23792323;"SPRF-RS";"DEL01-RS";"UOP01-DEL01-RS"
362209;2021-06-05;"sábado";"16:50:00";"SC";282;20;"PALHOCA";"Ingestão de álcool pelo condutor";"Colisão lateral sentido oposto";"Sem Vítimas";"Pleno dia";"Crescente";"Céu Claro";"Múltipla";"Curva";"Sim";4;0;0;0;4;0;0;4;-27,683958;-48,71006;"SPRF-SC";"DEL01-SC";"UOP02-DEL01-SC"
362210;2021-06-05;"sábado";"16:20:00";"MG";262;354;"BETIM";"Ausência de reação do condutor";"Tombamento";"Com Vítimas Feridas";"Pleno dia";"Crescente";"Céu Claro";"Dupla";"Reta";"Sim";1;0;1;0;0;0;1;1;-19,96216513;-44,16346396;"SPRF-MG";"DEL01-MG";"UOP03-DEL01-MG"
362211;2021-06-04;"sexta-feira";"08:25:00";"RN";110;48,5;"MOSSORO";"Condutor deixou de manter distância do veículo da frente";"Colisão traseira";"Sem Vítimas";"Pleno dia";"Decrescente";"Sol";"Dupla";"Reta";"Sim";2;0;0;0;2;0;0;2;-5,20881178;-37,33285083;"SPRF-RN";"DEL04-RN";"UOP01-DEL04-RN"
362213;2021-06-05;"sábado";"16:40:00";"MG";381;478,5;"CONTAGEM";"Reação tardia ou ineficiente do condutor";"Colisão traseira";"Com Vítimas Feridas";"Anoitecer";"Decrescente";"Céu Claro";"Múltipla";"Reta";"Sim";2;0;1;0;1;0;1;2;-19,96399101;-44,04384613;"SPRF-MG";"DEL01-MG";"UOP03-DEL01-MG"
362214;2021-06-05;"sábado";"16:14:00";"RS";116;206;"PICADA CAFE";"Acumulo de areia ou detritos sobre o pavimento";"Tombamento";"Com Vítimas Feridas";"Pleno dia";"Decrescente";"Sol";"Simples";"Curva";"Não";2;0;2;0;0;0;2;1;-29,49966726;-51,1306017;"SPRF-RS";"DEL05-RS";"UOP02-DEL05-RS"
362215;2021-06-05;"sábado";"17:00:00";"SP";116;127;"CACAPAVA";"Manobra de mudança de faixa";"Colisão lateral mesmo sentido";"Com Vítimas Feridas";"Pleno dia";"Crescente";"Céu Claro";"Dupla";"Reta";"Sim";2;0;1;0;0;1;1;2;-23,10991026;-45,70246044;"SPRF-SP";"DEL02-SP";"UOP02-DEL02-SP"
362217;2021-06-05;"sábado";"16:00:00";"RJ";101;424;"MANGARATIBA";"Retorno proibido";"Colisão transversal";"Com Vítimas Feridas";"Pleno dia";"Crescente";"Céu Claro";"Simples";"Curva";"Não";5;0;4;0;1;0;4;2;-22,92127842;-43,95599173;"SPRF-RJ";"DEL03-RJ";"UOP03-DEL03-RJ"
362218;2021-06-05;"sábado";"17:00:00";"RJ";40;115;"DUQUE DE CAXIAS";"Manobra de mudança de faixa";"Tombamento";"Com Vítimas Feridas";"Anoitecer";"Crescente";"Céu Claro";"Múltipla";"Reta";"Não";1;0;1;0;0;0;1;1;-22,72756999;-43,2891609;"SPRF-RJ";"DEL01-RJ";"UOP01-DEL01-RJ"
362219;2021-06-05;"sábado";"17:30:00";"SC";101;216;"PALHOCA";"Ingestão de álcool pelo condutor";"Tombamento";"Com Vítimas Feridas";"Plena Noite";"Crescente";"Céu Claro";"Dupla";"Reta";"Sim";1;0;1;0;0;0;1;1;-27,65981409;-48,67747798;"SPRF-SC";"DEL01-SC";"UOP02-DEL01-SC"
362221;2021-06-03;"quinta-feira";"16:30:00";"BA";242;233;"ITABERABA";"Pista esburacada";"Saída de leito carroçável";"Com Vítimas Feridas";"Pleno dia";"Crescente";"Céu Claro";"Simples";"Reta";"Não";2;0;1;0;1;0;1;1;-12,52760117;-40,36245525;"SPRF-BA";"DEL06-BA";"UOP02-DEL06-BA"
362222;2021-06-05;"sábado";"15:10:00";"CE";20;386,2;"CAUCAIA";"Ultrapassagem Indevida";"Colisão lateral mesmo sentido";"Com Vítimas Feridas";"Pleno dia";"Decrescente";"Céu Claro";"Simples";"Reta";"Não";2;0;0;1;1;0;1;2;-3,87729628;-38,81430378;"SPRF-CE";"DEL01-CE";"UOP01-DEL01-CE"
362224;2021-06-05;"sábado";"17:15:00";"SC";282;508,6;"XANXERE";"Ingestão de álcool pelo condutor";"Saída de leito carroçável";"Sem Vítimas";"Pleno dia";"Crescente";"Céu Claro";"Simples";"Aclive";"Não";1;0;0;0;1;0;0;1;-26,887014;-52,448372;"SPRF-SC";"DEL07-SC";"UOP01-DEL07-SC"
362225;2021-06-05;"sábado";"14:40:00";"PR";376;222,6;"CAMBIRA";"Conversão proibida";"Colisão transversal";"Com Vítimas Feridas";"Pleno dia";"Decrescente";"Céu Claro";"Dupla";"Retorno Regulamentado";"Não";5;0;0;1;2;2;1;3;-23,59676737;-51,58132214;"SPRF-PR";"DEL07-PR";"UOP02-DEL07-PR"
362226;2021-06-05;"sábado";"17:55:00";"SP";116;217,3;"GUARULHOS";"Manobra de mudança de faixa";"Colisão traseira";"Com Vítimas Feridas";"Anoitecer";"Decrescente";"Céu Claro";"Múltipla";"Aclive";"Sim";2;0;1;0;1;0;1;2;-23,45423824;-46,47119028;"SPRF-SP";"DEL01-SP";"UOP01-DEL01-SP"
362227;2021-06-05;"sábado";"17:35:00";"RN";101;112;"SAO JOSE DE MIPIBU";"Frear bruscamente";"Colisão com objeto";"Com Vítimas Feridas";"Anoitecer";"Decrescente";"Céu Claro";"Dupla";"Reta";"Não";1;0;1;0;0;0;1;1;-5,960435;-35,264702;"SPRF-RN";"DEL01-RN";"UOP01-DEL01-RN"
362228;2021-06-05;"sábado";"17:50:00";"PR";369;177;"ROLANDIA";"Ausência de reação do condutor";"Colisão com objeto";"Com Vítimas Fatais";"Anoitecer";"Decrescente";"Céu Claro";"Simples";"Viaduto;Curva;Túnel";"Sim";1;1;0;0;0;0;0;1;-23,34913147;-51,38559937;"SPRF-PR";"DEL07-PR";"UOP01-DEL07-PR"
362229;2021-06-05;"sábado";"18:00:00";"PR";373;247,2;"GUAMIRANGA";"Pedestre cruzava a pista fora da faixa";"Atropelamento de Pedestre";"Com Vítimas Feridas";"Plena Noite";"Decrescente";"Céu Claro";"Simples";"Retorno Regulamentado";"Sim";2;0;1;0;1;0;1;2;-25,18814189;-50,81230586;"SPRF-PR";"DEL03-PR";"UOP04-DEL03-PR"
362230;2021-06-05;"sábado";"17:55:00";"RJ";40;109;"DUQUE DE CAXIAS";"Acessar a via sem observar a presença dos outros veículos";"Atropelamento de Pedestre";"Com Vítimas Feridas";"Anoitecer";"Decrescente";"Céu Claro";"Múltipla";"Reta";"Sim";2;0;1;0;0;1;1;2;-22,67374628;-43,28638368;"SPRF-RJ";"DEL01-RJ";"UOP01-DEL01-RJ"
362231;2021-06-05;"sábado";"18:00:00";"SC";101;211,1;"PALHOCA";"Condutor deixou de manter distância do veículo da frente";"Colisão traseira";"Com Vítimas Feridas";"Plena Noite";"Decrescente";"Céu Claro";"Dupla";"Em Obras;Reta";"Sim";2;0;1;0;1;0;1;2;-27,62329313;-48,65245588;"SPRF-SC";"DEL01-SC";"UOP02-DEL01-SC"
362232;2021-06-05;"sábado";"17:55:00";"PB";101;40,1;"MAMANGUAPE";"Pedestre andava na pista";"Atropelamento de Pedestre";"Com Vítimas Feridas";"Anoitecer";"Crescente";"Céu Claro";"Dupla";"Reta";"Sim";3;0;1;0;1;1;1;2;-6,838737;-35,13633;"SPRF-PB";"DEL01-PB";"UOP04-DEL01-PB"
362235;2021-06-05;"sábado";"17:10:00";"RS";290;81;"GRAVATAI";"Reação tardia ou ineficiente do condutor";"Saída de leito carroçável";"Sem Vítimas";"Anoitecer";"Decrescente";"Céu Claro";"Dupla";"Rotatória;Curva";"Sim";1;0;0;0;0;1;0;1;-29,954445;-51,06881;"SPRF-RS";"DEL01-RS";"UOP01-DEL01-RS"
362237;2021-06-05;"sábado";"18:00:00";"MA";135;4,3;"SAO LUIS";"Acessar a via sem observar a presença dos outros veículos";"Colisão transversal";"Com Vítimas Feridas";"Plena Noite";"Crescente";"Céu Claro";"Dupla";"Reta";"Sim";2;0;1;0;1;0;1;2;-2,61424881;-44,25257023;"SPRF-MA";"DEL01-MA";"UOP01-DEL01-MA"
362239;2021-06-05;"sábado";"17:20:00";"ES";101;399,9;"RIO NOVO DO SUL";"Chuva";"Queda de ocupante de veículo";"Com Vítimas Feridas";"Anoitecer";"Crescente";"Nublado";"Simples";"Reta";"Não";1;0;1;0;0;0;1;1;-20,87819123;-40,96568078;"SPRF-ES";"DEL03-ES";"UOP02-DEL03-ES"
362240;2021-06-05;"sábado";"18:15:00";"SP";116;150;"SAO JOSE DOS CAMPOS";"Reação tardia ou ineficiente do condutor";"Colisão traseira";"Sem Vítimas";"Plena Noite";"Crescente";"Céu Claro";"Múltipla";"Reta";"Sim";7;0;0;0;7;0;0;3;-23,21335525;-45,8930588;"SPRF-SP";"DEL02-SP";"UOP01-DEL02-SP"
362242;2021-06-05;"sábado";"18:20:00";"RJ";116;171;"SAO JOAO DE MERITI";"Ingestão de álcool pelo condutor";"Colisão lateral mesmo sentido";"Sem Vítimas";"Plena Noite";"Crescente";"Céu Claro";"Múltipla";"Reta";"Não";2;0;0;0;2;0;0;2;-22,8060415;-43,34289573;"SPRF-RJ";"DEL01-RJ";"UOP02-DEL01-RJ"
362244;2021-06-05;"sábado";"17:50:00";"MT";163;831;"SINOP";"Ausência de reação do condutor";"Queda de ocupante de veículo";"Com Vítimas Feridas";"Plena Noite";"Decrescente";"Céu Claro";"Simples";"Rotatória";"Sim";1;0;1;0;0;0;1;1;-12,022768;-55,51723;"SPRF-MT";"DEL06-MT";"UOP01-DEL06-MT"
362246;2021-06-05;"sábado";"18:30:00";"SE";101;93;"NOSSA SENHORA DO SOCORRO";"Ingestão de álcool pelo condutor";"Colisão traseira";"Sem Vítimas";"Plena Noite";"Decrescente";"Céu Claro";"Dupla";"Retorno Regulamentado";"Sim";2;0;0;0;2;0;0;2;-10,90522718;-37,14906693;"SPRF-SE";"DEL01-SE";"UOP01-DEL01-SE"
362248;2021-06-05;"sábado";"19:00:00";"MG";50;70;"UBERLANDIA";"Ingestão de álcool pelo condutor";"Colisão traseira";"Com Vítimas Feridas";"Plena Noite";"Decrescente";"Céu Claro";"Dupla";"Reta";"Sim";3;0;1;0;1;1;1;3;-18,8896498;-48,25770378;"SPRF-MG";"DEL15-MG";"UOP01-DEL15-MG"
362249;2021-06-05;"sábado";"18:40:00";"RS";101;72;"OSORIO";"Ingestão de álcool pelo condutor";"Colisão transversal";"Com Vítimas Feridas";"Plena Noite";"Crescente";"Céu Claro";"Dupla";"Reta";"Não";2;0;0;1;1;0;1;2;-29,7653103;-50,21740458;"SPRF-RS";"DEL03-RS";"UOP01-DEL03-RS"
362250;2021-06-05;"sábado";"12:30:00";"RJ";101;217;"SILVA JARDIM";"Ausência de reação do condutor";"Colisão transversal";"Com Vítimas Feridas";"Pleno dia";"Decrescente";"Céu Claro";"Simples";"Reta";"Não";4;0;2;0;2;0;2;2;-22,50769291;-42,29165293;"SPRF-RJ";"DEL02-RJ";"UOP03-DEL02-RJ"
362251;2021-06-05;"sábado";"18:30:00";"MG";354;751,2;"ITAMONTE";"Manobra de mudança de faixa";"Colisão transversal";"Com Vítimas Feridas";"Plena Noite";"Crescente";"Céu Claro";"Simples";"Reta;Aclive";"Sim";3;0;2;0;1;0;2;2;-22,28761498;-44,86860589;"SPRF-MG";"DEL17-MG";"UOP01-DEL17-MG"
362252;2021-06-05;"sábado";"19:10:00";"PI";343;1,8;"PARNAIBA";"Ingestão de álcool pelo condutor";"Colisão com objeto";"Com Vítimas Fatais";"Plena Noite";"Decrescente";"Céu Claro";"Simples";"Reta;Ponte";"Não";4;1;2;0;1;0;2;1;-2,89569171;-41,67217255;"SPRF-PI";"DEL05-PI";"UOP01-DEL05-PI"
362253;2021-06-05;"sábado";"19:20:00";"SC";101;217,4;"PALHOCA";"Ingestão de álcool pelo condutor";"Colisão traseira";"Com Vítimas Feridas";"Plena Noite";"Decrescente";"Céu Claro";"Dupla";"Reta";"Não";3;0;1;0;2;0;1;3;-27,66779034;-48,67393586;"SPRF-SC";"DEL01-SC";"UOP02-DEL01-SC"
362254;2021-06-05;"sábado";"19:00:00";"MA";316;607,2;"TIMON";"Condutor deixou de manter distância do veículo da frente";"Colisão traseira";"Com Vítimas Feridas";"Plena Noite";"Crescente";"Céu Claro";"Simples";"Reta";"Não";3;0;1;0;2;0;1;3;-5,056476;-42,900112;"SPRF-MA";"DEL03-MA";"UOP02-DEL03-MA"
362255;2021-06-05;"sábado";"19:15:00";"ES";101;146,5;"LINHARES";"Condutor deixou de manter distância do veículo da frente";"Engavetamento";"Com Vítimas Feridas";"Plena Noite";"Decrescente";"Nublado";"Dupla";"Reta";"Sim";4;0;1;0;3;0;1;3;-19,36990998;-40,06560718;"SPRF-ES";"DEL04-ES";"UOP01-DEL04-ES"
362257;2021-06-05;"sábado";"19:00:00";"GO";251;32;"CRISTALINA";"Reação tardia ou ineficiente do condutor";"Colisão lateral mesmo sentido";"Com Vítimas Feridas";"Pleno dia";"Crescente";"Céu Claro";"Simples";"Reta";"Sim";2;0;0;1;1;0;1;2;-16,06677565;-47,53166968;"SPRF-DF";"DEL01-DF";"UOP01-DEL01-DF"
362259;2021-06-05;"sábado";"20:00:00";"RN";101;94,6;"NATAL";"Manobra de mudança de faixa";"Colisão com objeto";"Com Vítimas Feridas";"Plena Noite";"Crescente";"Vento";"Múltipla";"Reta";"Sim";2;0;0;2;0;0;2;1;-5,83176615;-35,21191342;"SPRF-RN";"DEL01-RN";"UOP01-DEL01-RN"
362260;2021-06-05;"sábado";"19:25:00";"MG";40;532;"BELO HORIZONTE";"Ausência de reação do condutor";"Colisão lateral mesmo sentido";"Com Vítimas Feridas";"Plena Noite";"Decrescente";"Céu Claro";"Dupla";"Aclive";"Sim";4;0;1;0;3;0;1;2;-19,92372561;-44,01700789;"SPRF-MG";"DEL01-MG";"UOP02-DEL01-MG"
362261;2021-06-05;"sábado";"18:40:00";"MG";40;43,2;"PARACATU";"Acessar a via sem observar a presença dos outros veículos";"Colisão transversal";"Com Vítimas Feridas";"Anoitecer";"Crescente";"Céu Claro";"Simples";"Reta;Interseção de Vias";"Sim";3;0;1;0;1;1;1;3;-17,226881;-46,860409;"SPRF-MG";"DEL14-MG";"UOP01-DEL14-MG"
362262;2021-06-05;"sábado";"19:30:00";"RJ";40;104;"DUQUE DE CAXIAS";"Transitar na contramão";"Colisão frontal";"Com Vítimas Feridas";"Plena Noite";"Decrescente";"Céu Claro";"Simples";"Reta";"Sim";2;0;1;0;0;1;1;2;-22,62897902;-43,28579508;"SPRF-RJ";"DEL01-RJ";"UOP01-DEL01-RJ"
362263;2021-06-05;"sábado";"19:30:00";"RJ";116;274;"BARRA MANSA";"Demais falhas mecânicas ou elétricas";"Incêndio";"Sem Vítimas";"Plena Noite";"Crescente";"Céu Claro";"Simples";"Reta";"Sim";1;0;0;0;0;1;0;1;-22,56163574;-44,14771584;"SPRF-RJ";"DEL07-RJ";"UOP02-DEL07-RJ"
362264;2021-06-05;"sábado";"15:00:00";"MG";40;700,1;"BARBACENA";"Velocidade Incompatível";"Saída de leito carroçável";"Com Vítimas Feridas";"Pleno dia";"Crescente";"Sol";"Simples";"Curva";"Sim";1;0;0;1;0;0;1;1;-21,20856;-43,749959;"SPRF-MG";"DEL05-MG";"UOP02-DEL05-MG"
362265;2021-06-05;"sábado";"18:28:00";"SP";116;230;"SAO PAULO";"Condutor deixou de manter distância do veículo da frente";"Colisão traseira";"Com Vítimas Feridas";"Plena Noite";"Crescente";"Ignorado";"Dupla";"Reta";"Sim";2;0;1;0;1;0;1;2;-23,52251783;-46,5855702;"SPRF-SP";"DEL01-SP";"UOP01-DEL01-SP"
362266;2021-06-05;"sábado";"17:30:00";"RS";101;34;"TRES CACHOEIRAS";"Condutor deixou de manter distância do veículo da frente";"Colisão traseira";"Com Vítimas Feridas";"Anoitecer";"Decrescente";"Céu Claro";"Dupla";"Reta";"Não";2;0;2;0;0;0;2;2;-29,50900276;-49,98702728;"SPRF-RS";"DEL03-RS";"UOP02-DEL03-RS"
362267;2021-06-05;"sábado";"20:15:00";"ES";393;2;"CACHOEIRO DE ITAPEMIRIM";"Acesso irregular";"Colisão transversal";"Com Vítimas Feridas";"Plena Noite";"Crescente";"Céu Claro";"Simples";"Reta";"Sim";2;0;1;0;0;1;1;2;-20,83242503;-41,17491003;"SPRF-ES";"DEL03-ES";"UOP02-DEL03-ES"
362268;2021-06-05;"sábado";"18:15:00";"PR";476;275,9;"SAO MATEUS DO SUL";"Ingestão de álcool pelo condutor";"Colisão com objeto";"Sem Vítimas";"Plena Noite";"Crescente";"Céu Claro";"Simples";"Curva";"Sim";1;0;0;0;1;0;0;1;-25,88582;-50,38245;"SPRF-PR";"DEL02-PR";"UOP04-DEL02-PR"
362270;2021-06-05;"sábado";"19:20:00";"PI";343;348,2;"TERESINA";"Ausência de reação do condutor";"Colisão com objeto";"Com Vítimas Feridas";"Plena Noite";"Decrescente";"Céu Claro";"Simples";"Viaduto";"Sim";1;0;1;0;0;0;1;1;-5,118706;-42,786411;"SPRF-PI";"DEL01-PI";"UOP01-DEL01-PI"
362272;2021-06-05;"sábado";"19:50:00";"PB";101;91,1;"JOAO PESSOA";"Ausência de reação do condutor";"Colisão traseira";"Com Vítimas Feridas";"Plena Noite";"Crescente";"Céu Claro";"Dupla";"Reta";"Sim";2;0;1;0;0;1;1;2;-7,18826412;-34,90308264;"SPRF-PB";"DEL01-PB";"UOP02-DEL01-PB"
362273;2021-06-05;"sábado";"19:40:00";"RJ";356;11;"ITAPERUNA";"Pedestre andava na pista";"Colisão traseira";"Com Vítimas Feridas";"Plena Noite";"Crescente";"Nublado";"Simples";"Reta";"Não";2;0;1;1;0;0;2;2;-21,17029506;-42,08941398;"SPRF-RJ";"DEL08-RJ";"UOP03-DEL08-RJ"
362275;2021-06-05;"sábado";"19:50:00";"RS";116;332,4;"BARRA DO RIBEIRO";"Chuva";"Colisão frontal";"Com Vítimas Feridas";"Plena Noite";"Decrescente";"Chuva";"Simples";"Curva";"Não";2;0;0;1;1;0;1;2;-30,39620212;-51,44091884;"SPRF-RS";"DEL02-RS";"UOP02-DEL02-RS"
362277;2021-06-05;"sábado";"19:17:00";"RJ";101;60;"CAMPOS DOS GOYTACAZES";"Velocidade Incompatível";"Queda de ocupante de veículo";"Com Vítimas Feridas";"Plena Noite";"Crescente";"Céu Claro";"Simples";"Reta";"Sim";2;0;1;1;0;0;2;2;-21,72048414;-41,31448591;"SPRF-RJ";"DEL08-RJ";"UOP01-DEL08-RJ"
362281;2021-06-05;"sábado";"17:10:00";"SC";280;80,7;"CORUPA";"Ingestão de álcool pelo condutor";"Colisão frontal";"Com Vítimas Feridas";"Anoitecer";"Crescente";"Céu Claro";"Simples";"Reta";"Sim";5;0;1;4;0;0;5;2;-26,44412189;-49,20975187;"SPRF-SC";"DEL06-SC";"UOP03-DEL06-SC"
362284;2021-06-05;"sábado";"21:35:00";"MG";40;437,5;"PARAOPEBA";"Ingestão de álcool pelo condutor";"Colisão com objeto";"Com Vítimas Feridas";"Plena Noite";"Crescente";"Céu Claro";"Dupla";"Interseção de Vias;Reta";"Não";4;0;1;0;0;3;1;2;-19,23042565;-44,43697214;"SPRF-MG";"DEL02-MG";"UOP01-DEL02-MG"