"id";"data_inversa";"dia_semana";"horario";"uf";"br";"km";"municipio";"causa_acidente";"tipo_acidente";"classificacao_acidente";"fase_dia";"sentido_via";"condicao_metereologica";"tipo_pista";"tracado_via";"uso_solo";"pessoas";"mortos";"feridos_leves";"feridos_graves";"ilesos";"ignorados";"feridos";"veiculos";"latitude";"longitude";"regional";"delegacia";"uop"
362285;2021-06-05;"sábado";"20:00:00";"PR";376;597,7;"CURITIBA";"Iluminação deficiente";"Atropelamento de Pedestre";"Com Vítimas Feridas";"Plena Noite";"Decrescente";"Céu Claro";"Dupla";"Reta";"Sim";2;0;0;1;0;1;1;2;-25,51156274;-49,33836764;"SPRF-PR";"DEL01-PR";"UOP01-DEL01-PR"
362287;2021-06-05;"sábado";"21:30:00";"SC";101;193;"BIGUACU";"Ingestão de álcool pelo condutor";"Saída de leito carroçável";"Sem Vítimas";"Plena Noite";"Crescente";"Céu Claro";"Múltipla";"Reta";"Sim";1;0;0;0;0;1;0;1;-27,489574;-48,655914;"SPRF-SC";"DEL01-SC";"UOP01-DEL01-SC"
362289;2021-06-05;"sábado";"20:20:00";"MG";381;913;"CAMANDUCAIA";"Ingestão de álcool pelo condutor";"Colisão lateral mesmo sentido";"Sem Vítimas";"Plena Noite";"Decrescente";"Céu Claro";"Dupla";"Declive;Curva";"Não";2;0;0;0;2;0;0;2;-22,71380655;-46,12300873;"SPRF-MG";"DEL16-MG";"UOP03-DEL16-MG"
362291;2021-06-05;"sábado";"20:00:00";"RR";174;465;"BOA VISTA";"Ausência de reação do condutor";"Colisão traseira";"Com Vítimas Feridas";"Plena Noite";"Crescente";"Nublado";"Simples";"Reta";"Não";4;0;0;2;0;2;2;3;2,572336;-60,876968;"SPRF-RR";"DEL01-RR";"UOP01-DEL01-RR"
362292;2021-06-05;"sábado";"21:00:00";"RS";101;24;"TRES CACHOEIRAS";"Acessar a via sem observar a presença dos outros veículos";"Colisão transversal";"Com Vítimas Feridas";"Plena Noite";"Decrescente";"Nublado";"Simples";"Retorno Regulamentado";"Sim";3;0;2;0;1;0;2;2;-29,45530462;-49,92587608;"SPRF-RS";"DEL03-RS";"UOP02-DEL03-RS"
362293;2021-06-05;"sábado";"21:50:00";"SC";101;210,6;"SAO JOSE";"Ausência de reação do condutor";"Colisão com objeto";"Com Vítimas Feridas";"Plena Noite";"Crescente";"Céu Claro";"Dupla";"Reta";"Sim";1;0;1;0;0;0;1;1;-27,6167305;-48,6457265;"SPRF-SC";"DEL01-SC";"UOP01-DEL01-SC"
362295;2021-06-05;"sábado";"22:00:00";"PR";376;385;"IMBAU";"Ausência de reação do condutor";"Saída de leito carroçável";"Com Vítimas Feridas";"Plena Noite";"Crescente";"Ignorado";"Dupla";"Reta";"Sim";1;0;1;0;0;0;1;1;-24,48914095;-50,7327429;"SPRF-PR";"DEL03-PR";"UOP02-DEL03-PR"
362296;2021-06-05;"sábado";"22:15:00";"RJ";101;507,1;"ANGRA DOS REIS";"Manobra de mudança de faixa";"Colisão com objeto";"Com Vítimas Feridas";"Plena Noite";"Crescente";"Céu Claro";"Simples";"Curva";"Não";3;0;2;1;0;0;3;2;-22,93729016;-44,41008568;"SPRF-RJ";"DEL03-RJ";"UOP02-DEL03-RJ"
362297;2021-06-05;"sábado";"22:20:00";"PR";116;141;"MANDIRITUBA";"Ausência de reação do condutor";"Colisão traseira";"Com Vítimas Feridas";"Plena Noite";"Decrescente";"Nublado";"Simples";"Reta";"Não";2;0;1;0;1;0;1;2;-25,73749;-49,31762782;"SPRF-PR";"DEL01-PR";"UOP03-DEL01-PR"
362298;2021-06-05;"sábado";"22:35:00";"SP";153;263;"MARILIA";"Velocidade Incompatível";"Saída de leito carroçável";"Com Vítimas Feridas";"Plena Noite";"Crescente";"Céu Claro";"Simples";"Declive";"Não";1;0;1;0;0;0;1;1;-22,29139897;-49,91452691;"SPRF-SP";"DEL07-SP";"UOP02-DEL07-SP"
362299;2021-06-05;"sábado";"23:15:00";"PE";101;126;"ESCADA";"Reação tardia ou ineficiente do condutor";"Saída de leito carroçável";"Sem Vítimas";"Plena Noite";"Decrescente";"Garoa/Chuvisco";"Dupla";"Desvio Temporário";"Sim";1;0;0;0;0;1;0;1;-8,36958202;-35,22919699;"SPRF-PE";"DEL01-PE";"UOP01-DEL01-PE"
362300;2021-06-05;"sábado";"23:00:00";"PR";376;629;"SAO JOSE DOS PINHAIS";"Ausência de reação do condutor";"Saída de leito carroçável";"Com Vítimas Feridas";"Plena Noite";"Decrescente";"Céu Claro";"Dupla";"Curva";"Não";2;0;1;0;1;0;1;1;-25,68698314;-49,14684542;"SPRF-PR";"DEL01-PR";"UOP04-DEL01-PR"
362301;2021-06-05;"sábado";"22:10:00";"SC";101;289,8;"IMBITUBA";"Pedestre andava na pista";"Saída de leito carroçável";"Com Vítimas Feridas";"Plena Noite";"Decrescente";"Céu Claro";"Dupla";"Reta;Declive";"Não";1;0;1;0;0;0;1;1;-28,279544;-48,700837;"SPRF-SC";"DEL02-SC";"UOP03-DEL02-SC"
362302;2021-06-05;"sábado";"22:40:00";"SP";116;208;"GUARULHOS";"Ingestão de álcool pelo condutor";"Colisão com objeto";"Sem Vítimas";"Plena Noite";"Decrescente";"Céu Claro";"Dupla";"Curva";"Sim";1;0;0;0;1;0;0;1;-23,42397199;-46,39885783;"SPRF-SP";"DEL01-SP";"UOP01-DEL01-SP"
362304;2021-06-05;"sábado";"18:10:00";"PR";277;434,1;"VIRMOND";"Ultrapassagem Indevida";"Colisão frontal";"Com Vítimas Fatais";"Plena Noite";"Decrescente";"Céu Claro";"Simples";"Reta";"Não";9;1;1;6;1;0;7;2;-25,3777;-52,2357;"SPRF-PR";"DEL04-PR";"UOP02-DEL04-PR"
362305;2021-06-05;"sábado";"22:00:00";"RJ";101;292;"ITABORAI";"Objeto estático sobre o leito carroçável";"Capotamento";"Com Vítimas Feridas";"Plena Noite";"Crescente";"Céu Claro";"Dupla";"Reta";"Sim";5;0;2;0;3;0;2;2;-22,76038215;-42,87856408;"SPRF-RJ";"DEL02-RJ";"UOP03-DEL02-RJ"
362306;2021-06-05;"sábado";"23:15:00";"SP";381;76;"SAO PAULO";"Ingestão de álcool pelo condutor";"Saída de leito carroçável";"Com Vítimas Feridas";"Plena Noite";"Decrescente";"Céu Claro";"Dupla";"Aclive";"Sim";2;0;1;0;1;0;1;1;-23,38372401;-46,56502116;"SPRF-SP";"DEL03-SP";"UOP01-DEL03-SP"
362307;2021-06-06;"domingo";"00:00:00";"RN";101;96;"NATAL";"Demais falhas mecânicas ou elétricas";"Queda de ocupante de veículo";"Com Vítimas Feridas";"Plena Noite";"Decrescente";"Céu Claro";"Dupla";"Reta";"Sim";1;0;1;0;0;0;1;1;-5,84949622;-35,20890752;"SPRF-RN";"DEL01-RN";"UOP01-DEL01-RN"
362308;2021-06-05;"sábado";"21:50:00";"PI";343;1,1;"TERESINA";"Condutor deixou de manter distância do veículo da frente";"Colisão traseira";"Com Vítimas Feridas";"Plena Noite";"Crescente";"Céu Claro";"Dupla";"Reta";"Sim";2;0;0;1;1;0;1;2;-5,089569;-42,802288;"SPRF-PI";"DEL01-PI";"UOP01-DEL01-PI"
362310;2021-06-05;"sábado";"23:05:00";"SC";282;31,2;"SANTO AMARO DA IMPERATRIZ";"Ingestão de álcool pelo condutor";"Colisão frontal";"Com Vítimas Feridas";"Plena Noite";"Crescente";"Céu Claro";"Simples";"Reta";"Não";3;0;1;0;2;0;1;2;-27,695198;-48,793308;"SPRF-SC";"DEL01-SC";"UOP03-DEL01-SC"
362312;2021-06-05;"sábado";"23:50:00";"DF";70;18,6;"BRASILIA";"Ingestão de álcool pelo condutor";"Queda de ocupante de veículo";"Com Vítimas Feridas";"Plena Noite";"Decrescente";"Céu Claro";"Dupla";"Reta";"Não";1;0;1;0;0;0;1;1;-15,78985003;-48,21746981;"SPRF-DF";"DEL03-DF";"UOP02-DEL03-DF"
362313;2021-06-06;"domingo";"00:20:00";"RJ";116;83;"TERESOPOLIS";"Trafegar com motocicleta (ou similar) entre as faixas";"Colisão com objeto";"Com Vítimas Fatais";"Plena Noite";"Crescente";"Nublado";"Simples";"Curva";"Sim";2;1;1;0;0;0;1;1;-22,41517488;-42,95011324;"SPRF-RJ";"DEL04-RJ";"UOP01-DEL04-RJ"
362314;2021-06-06;"domingo";"00:30:00";"GO";40;0;"VALPARAISO DE GOIAS";"Acessar a via sem observar a presença dos outros veículos";"Colisão traseira";"Com Vítimas Feridas";"Plena Noite";"Crescente";"Céu Claro";"Dupla";"Viaduto";"Sim";2;0;1;0;1;0;1;2;-16,058273;-47,982655;"SPRF-DF";"DEL01-DF";"UOP01-DEL01-DF"
362315;2021-06-05;"sábado";"23:10:00";"MT";70;287;"PRIMAVERA DO LESTE";"Ingestão de álcool pelo condutor";"Colisão traseira";"Sem Vítimas";"Plena Noite";"Crescente";"Céu Claro";"Simples";"Reta";"Não";4;0;0;0;4;0;0;2;-15,57789971;-54,38760281;"SPRF-MT";"DEL05-MT";"UOP01-DEL05-MT"
362316;2021-06-05;"sábado";"20:50:00";"MG";40;339,9;"FELIXLANDIA";"Ausência de reação do condutor";"Colisão traseira";"Com Vítimas Feridas";"Plena Noite";"Decrescente";"Céu Claro";"Simples";"Reta";"Não";2;0;1;1;0;0;2;2;-18,65103007;-44,99950834;"SPRF-MG";"DEL02-MG";"UOP01-DEL02-MG"
362318;2021-06-06;"domingo";"01:00:00";"RN";101;2;"TOUROS";"Animais na Pista";"Atropelamento de Animal";"Com Vítimas Feridas";"Plena Noite";"Decrescente";"Céu Claro";"Simples";"Reta";"Não";2;0;0;2;0;0;2;1;-5,17337555;-35,50747185;"SPRF-RN";"DEL02-RN";"UOP01-DEL02-RN"
362319;2021-06-06;"domingo";"01:15:00";"SP";116;281;"EMBU DAS ARTES";"Pedestre andava na pista";"Atropelamento de Pedestre";"Com Vítimas Fatais";"Plena Noite";"Decrescente";"Céu Claro";"Dupla";"Declive";"Não";2;1;0;0;0;1;0;2;-23,67784787;-46,85769227;"SPRF-SP";"DEL04-SP";"UOP01-DEL04-SP"
362320;2021-06-06;"domingo";"01:00:00";"SC";101;208,6;"SAO JOSE";"Condutor deixou de manter distância do veículo da frente";"Colisão traseira";"Com Vítimas Feridas";"Plena Noite";"Decrescente";"Céu Claro";"Dupla";"Em Obras";"Não";2;0;1;0;1;0;1;2;-27,60327979;-48,63201818;"SPRF-SC";"DEL01-SC";"UOP01-DEL01-SC"
362321;2021-06-06;"domingo";"00:35:00";"MG";267;283,2;"BAEPENDI";"Velocidade Incompatível";"Colisão com objeto";"Com Vítimas Feridas";"Plena Noite";"Crescente";"Ignorado";"Simples";"Reta";"Não";1;0;1;0;0;0;1;1;-21,9199932;-44,75339599;"SPRF-MG";"DEL17-MG";"UOP01-DEL17-MG"
362322;2021-06-06;"domingo";"01:40:00";"SP";381;70;"MAIRIPORA";"Reação tardia ou ineficiente do condutor";"Colisão traseira";"Com Vítimas Feridas";"Plena Noite";"Crescente";"Céu Claro";"Múltipla";"Reta";"Não";2;0;2;0;0;0;2;2;-23,34972978;-46,56070474;"SPRF-SP";"DEL03-SP";"UOP01-DEL03-SP"
362323;2021-06-05;"sábado";"23:20:00";"SC";470;111,1;"IBIRAMA";"Velocidade Incompatível";"Saída de leito carroçável";"Com Vítimas Feridas";"Plena Noite";"Crescente";"Nublado";"Simples";"Curva";"Não";2;0;2;0;0;0;2;1;-27,09974387;-49,46126461;"SPRF-SC";"DEL04-SC";"UOP02-DEL04-SC"
362325;2021-06-06;"domingo";"02:00:00";"GO";70;8,2;"AGUAS LINDAS DE GOIAS";"Ingestão de álcool pelo condutor";"Colisão transversal";"Sem Vítimas";"Plena Noite";"Crescente";"Céu Claro";"Dupla";"Reta";"Sim";2;0;0;0;2;0;0;2;-15,73733681;-48,27407468;"SPRF-DF";"DEL03-DF";"UOP02-DEL03-DF"
362326;2021-06-05;"sábado";"23:30:00";"MG";262;58,5;"MANHUACU";"Velocidade Incompatível";"Saída de leito carroçável";"Com Vítimas Feridas";"Plena Noite";"Decrescente";"Nublado";"Simples";"Curva";"Não";1;0;1;0;0;0;1;1;-20,276939;-42,20040411;"SPRF-MG";"DEL06-MG";"UOP03-DEL06-MG"
362327;2021-06-06;"domingo";"02:00:00";"SP";116;212;"GUARULHOS";"Reação tardia ou ineficiente do condutor";"Colisão lateral mesmo sentido";"Com Vítimas Feridas";"Plena Noite";"Crescente";"Céu Claro";"Múltipla";"Reta";"Sim";3;0;2;0;1;0;2;2;-23,43608315;-46,42805094;"SPRF-SP";"DEL01-SP";"UOP01-DEL01-SP"
362328;2021-06-06;"domingo";"02:30:00";"BA";101;945;"MUCURI";"Velocidade Incompatível";"Capotamento";"Com Vítimas Feridas";"Plena Noite";"Crescente";"Nublado";"Simples";"Reta";"Não";2;0;2;0;0;0;2;1;-18,16840196;-39,91873914;"SPRF-BA";"DEL09-BA";"UOP02-DEL09-BA"
362329;2021-06-06;"domingo";"01:20:00";"RS";116;151,2;"CAXIAS DO SUL";"Velocidade Incompatível";"Saída de leito carroçável";"Com Vítimas Feridas";"Plena Noite";"Decrescente";"Chuva";"Dupla";"Curva";"Sim";4;0;1;0;3;0;1;1;-29,17694502;-51,16173896;"SPRF-RS";"DEL05-RS";"UOP01-DEL05-RS"
362330;2021-06-06;"domingo";"00:40:00";"SC";116;48,9;"PAPANDUVA";"Velocidade Incompatível";"Saída de leito carroçável";"Com Vítimas Fatais";"Plena Noite";"Decrescente";"Nublado";"Simples";"Reta";"Não";4;2;0;2;0;0;2;1;-26,36355729;-50,11956966;"SPRF-SC";"DEL06-SC";"UOP01-DEL06-SC"
362331;2021-06-06;"domingo";"00:01:00";"RJ";101;297;"ITABORAI";"Condutor Dormindo";"Saída de leito carroçável";"Com Vítimas Feridas";"Plena Noite";"Crescente";"Céu Claro";"Dupla";"Reta";"Sim";1;0;0;1;0;0;1;1;-22,76942037;-42,91873581;"SPRF-RJ";"DEL02-RJ";"UOP02-DEL02-RJ"
362332;2021-06-06;"domingo";"01:00:00";"RJ";116;295;"PORTO REAL";"Condutor Dormindo";"Saída de leito carroçável";"Sem Vítimas";"Plena Noite";"Decrescente";"Nublado";"Dupla";"Reta";"Não";1;0;0;0;1;0;0;1;-22,45013044;-44,3107408;"SPRF-RJ";"DEL07-RJ";"UOP02-DEL07-RJ"
362334;2021-06-06;"domingo";"02:30:00";"MG";40;498;"ESMERALDAS";"Pedestre andava na pista";"Atropelamento de Pedestre";"Com Vítimas Fatais";"Plena Noite";"Crescente";"Céu Claro";"Dupla";"Reta";"Não";2;1;0;0;0;1;0;2;-19,68467685;-44,18191183;"SPRF-MG";"DEL02-MG";"UOP01-DEL02-MG"
362335;2021-06-06;"domingo";"02:00:00";"PR";369;31;"CAMBARA";"Ausência de reação do condutor";"Colisão traseira";"Com Vítimas Feridas";"Plena Noite";"Crescente";"Céu Claro";"Simples";"Reta";"Não";2;0;1;0;0;1;1;2;-23,0412519;-50,1861284;"SPRF-PR";"DEL07-PR";"UOP01-DEL07-PR"
362336;2021-05-14;"sexta-feira";"10:30:00";"PB";230;137;"CAMPINA GRANDE";"Velocidade Incompatível";"Saída de leito carroçável";"Sem Vítimas";"Pleno dia";"Decrescente";"Chuva";"Dupla";"Curva";"Não";1;0;0;0;1;0;0;1;-7,2766;-35,7739;"SPRF-PB";"DEL02-PB";"UOP01-DEL02-PB"
362337;2021-06-06;"domingo";"01:20:00";"RJ";101;51;"CAMPOS DOS GOYTACAZES";"Reação tardia ou ineficiente do condutor";"Colisão traseira";"Com Vítimas Feridas";"Plena Noite";"Crescente";"Nublado";"Simples";"Declive";"Sim";2;0;1;0;0;1;1;2;-21,64273198;-41,31170082;"SPRF-RJ";"DEL08-RJ";"UOP01-DEL08-RJ"
362338;2021-06-06;"domingo";"03:10:00";"SC";101;138,4;"BALNEARIO CAMBORIU";"Condutor deixou de manter distância do veículo da frente";"Colisão traseira";"Sem Vítimas";"Plena Noite";"Decrescente";"Nublado";"Dupla";"Curva";"Sim";2;0;0;0;2;0;0;2;-27,02397426;-48,60761649;"SPRF-SC";"DEL04-SC";"UOP03-DEL04-SC"
362339;2021-06-04;"sexta-feira";"07:25:00";"GO";40;6,9;"VALPARAISO DE GOIAS";"Condutor deixou de manter distância do veículo da frente";"Tombamento";"Com Vítimas Feridas";"Pleno dia";"Decrescente";"Céu Claro";"Dupla";"Aclive;Reta";"Sim";2;0;1;1;0;0;2;1;-16,100814;-47,977351;"SPRF-DF";"DEL01-DF";"UOP01-DEL01-DF"
362340;2021-06-06;"domingo";"04:00:00";"RS";386;265;"CANOAS";"Ingestão de álcool pelo condutor";"Colisão com objeto";"Sem Vítimas";"Plena Noite";"Decrescente";"Chuva";"Dupla";"Reta;Aclive";"Sim";1;0;0;0;1;0;0;1;-29,918333;-51,177776;"SPRF-RS";"DEL04-RS";"UOP03-DEL04-RS"
362341;2021-06-06;"domingo";"04:30:00";"RS";470;222;"GARIBALDI";"Ingestão de álcool pelo condutor";"Saída de leito carroçável";"Sem Vítimas";"Plena Noite";"Decrescente";"Chuva";"Simples";"Reta";"Não";1;0;0;0;0;1;0;1;-29,20372835;-51,51786908;"SPRF-RS";"DEL06-RS";"UOP01-DEL06-RS"
362342;2021-06-06;"domingo";"04:05:00";"MG";381;484,7;"BETIM";"Condutor Dormindo";"Colisão traseira";"Com Vítimas Feridas";"Plena Noite";"Crescente";"Céu Claro";"Dupla";"Reta";"Sim";3;0;1;0;1;1;1;3;-19,95531717;-44,11722196;"SPRF-MG";"DEL01-MG";"UOP03-DEL01-MG"
362343;2021-06-06;"domingo";"04:20:00";"GO";60;90;"ANAPOLIS";"Condutor Dormindo";"Colisão com objeto";"Sem Vítimas";"Plena Noite";"Crescente";"Céu Claro";"Dupla";"Reta";"Sim";1;0;0;0;1;0;0;1;-16,3427;-48,9019;"SPRF-GO";"DEL02-GO";"UOP01-DEL02-GO"
362344;2021-06-06;"domingo";"04:45:00";"RS";153;48,1;"ERECHIM";"Velocidade Incompatível";"Saída de leito carroçável";"Sem Vítimas";"Plena Noite";"Decrescente";"Garoa/Chuvisco";"Múltipla";"Reta";"Não";4;0;0;0;4;0;0;1;-27,65118001;-52,257248;"SPRF-RS";"DEL08-RS";"UOP04-DEL08-RS"
362345;2021-06-06;"domingo";"04:45:00";"SC";101;87,5;"BARRA VELHA";"Velocidade Incompatível";"Capotamento";"Com Vítimas Feridas";"Plena Noite";"Decrescente";"Nublado";"Dupla";"Declive;Curva";"Sim";2;0;1;0;1;0;1;1;-26,63713377;-48,69651057;"SPRF-SC";"DEL03-SC";"UOP02-DEL03-SC"
362346;2021-06-06;"domingo";"05:30:00";"PE";232;6,5;"RECIFE";"Ausência de reação do condutor";"Saída de leito carroçável";"Sem Vítimas";"Amanhecer";"Crescente";"Chuva";"Dupla";"Reta";"Não";1;0;0;0;0;1;0;1;-8,07079525;-34,9535389;"SPRF-PE";"DEL01-PE";"UOP01-DEL01-PE"
362348;2021-06-06;"domingo";"04:10:00";"SC";282;386,5;"JOACABA";"Ingestão de álcool pelo condutor";"Saída de leito carroçável";"Com Vítimas Feridas";"Amanhecer";"Decrescente";"Chuva";"Simples";"Reta";"Não";4;0;3;0;1;0;3;1;-27,189054;-51,517829;"SPRF-SC";"DEL07-SC";"UOP05-DEL07-SC"
362349;2021-06-06;"domingo";"04:50:00";"MS";163;108;"ITAQUIRAI";"Condutor Dormindo";"Saída de leito carroçável";"Sem Vítimas";"Amanhecer";"Crescente";"Nublado";"Dupla";"Aclive";"Não";1;0;0;0;1;0;0;1;-23,21257812;-54,21061485;"SPRF-MS";"DEL09-MS";"UOP01-DEL09-MS"
362350;2021-06-06;"domingo";"05:45:00";"SP";116;278;"EMBU DAS ARTES";"Ausência de reação do condutor";"Saída de leito carroçável";"Com Vítimas Fatais";"Amanhecer";"Crescente";"Céu Claro";"Dupla";"Curva";"Sim";2;2;0;0;0;0;0;1;-23,65508497;-46,84918605;"SPRF-SP";"DEL04-SP";"UOP01-DEL04-SP"
362352;2021-06-06;"domingo";"05:40:00";"RS";386;328,5;"MARQUES DE SOUZA";"Transitar na contramão";"Colisão frontal";"Com Vítimas Feridas";"Plena Noite";"Decrescente";"Nublado";"Simples";"Curva";"Não";6;0;5;0;0;1;5;3;-29,337532;-52,081271;"SPRF-RS";"DEL04-RS";"UOP01-DEL04-RS"
362353;2021-06-06;"domingo";"06:30:00";"SC";101;216;"PALHOCA";"Reação tardia ou ineficiente do condutor";"Tombamento";"Com Vítimas Feridas";"Pleno dia";"Decrescente";"Céu Claro";"Dupla";"Curva;Declive";"Sim";1;0;1;0;0;0;1;1;-27,65981409;-48,67747798;"SPRF-SC";"DEL01-SC";"UOP02-DEL01-SC"
362354;2021-06-06;"domingo";"06:00:00";"GO";40;6,4;"VALPARAISO DE GOIAS";"Condutor Dormindo";"Saída de leito carroçável";"Com Vítimas Feridas";"Amanhecer";"Crescente";"Céu Claro";"Dupla";"Reta";"Sim";1;0;1;0;0;0;1;1;-16,100814;-47,977351;"SPRF-DF";"DEL01-DF";"UOP01-DEL01-DF"
362356;2021-06-06;"domingo";"05:30:00";"SC";282;127;"BOM RETIRO";"Animais na Pista";"Atropelamento de Animal";"Com Vítimas Feridas";"Amanhecer";"Crescente";"Céu Claro";"Simples";"Curva";"Sim";1;0;1;0;0;0;1;1;-27,800486;-49,478535;"SPRF-SC";"DEL05-SC";"UOP01-DEL05-SC"
362357;2021-06-06;"domingo";"06:35:00";"SC";101;379;"ICARA";"Acessar a via sem observar a presença dos outros veículos";"Colisão transversal";"Com Vítimas Feridas";"Amanhecer";"Crescente";"Nublado";"Dupla";"Declive";"Sim";2;0;1;0;1;0;1;2;-28,75530579;-49,27865446;"SPRF-SC";"DEL02-SC";"UOP02-DEL02-SC"
362359;2021-06-06;"domingo";"07:20:00";"GO";414;437;"ANAPOLIS";"Ingestão de álcool pelo condutor";"Capotamento";"Com Vítimas Feridas";"Pleno dia";"Decrescente";"Céu Claro";"Simples";"Reta";"Sim";1;0;1;0;0;0;1;1;-16,26365299;-48,93824303;"SPRF-GO";"DEL02-GO";"UOP01-DEL02-GO"
362361;2021-06-06;"domingo";"04:30:00";"RS";158;186,5;"CRUZ ALTA";"Ingestão de álcool pelo condutor";"Saída de leito carroçável";"Sem Vítimas";"Plena Noite";"Decrescente";"Garoa/Chuvisco";"Simples";"Curva";"Não";1;0;0;0;0;1;0;1;-28,5700499;-53,56567808;"SPRF-RS";"DEL10-RS";"UOP02-DEL10-RS"
362362;2021-06-06;"domingo";"07:40:00";"PA";163;1000;"SANTAREM";"Ausência de reação do condutor";"Tombamento";"Com Vítimas Feridas";"Pleno dia";"Decrescente";"Céu Claro";"Simples";"Reta";"Sim";2;0;2;0;0;0;2;1;-2,461246;-54,727556;"SPRF-PA";"DEL05-PA";"UOP01-DEL05-PA"
362363;2021-06-06;"domingo";"07:10:00";"DF";80;7,8;"BRASILIA";"Condutor Dormindo";"Saída de leito carroçável";"Com Vítimas Feridas";"Amanhecer";"Crescente";"Sol";"Simples";"Reta";"Não";1;0;1;0;0;0;1;1;-15,731315;-48,139267;"SPRF-DF";"DEL03-DF";"UOP02-DEL03-DF"
362364;2021-06-06;"domingo";"07:40:00";"CE";116;193,7;"LIMOEIRO DO NORTE";"Animais na Pista";"Atropelamento de Animal";"Sem Vítimas";"Pleno dia";"Decrescente";"Céu Claro";"Simples";"Reta";"Sim";3;0;0;0;3;0;0;1;-5,1394461;-38,15730688;"SPRF-CE";"DEL03-CE";"UOP01-DEL03-CE"
362366;2021-06-06;"domingo";"04:40:00";"RJ";40;121;"DUQUE DE CAXIAS";"Ingestão de álcool pelo condutor";"Saída de leito carroçável";"Com Vítimas Feridas";"Plena Noite";"Crescente";"Nublado";"Simples";"Retorno Regulamentado";"Sim";1;0;0;1;0;0;1;1;-22,78185499;-43,28571273;"SPRF-RJ";"DEL01-RJ";"UOP01-DEL01-RJ"
362367;2021-06-06;"domingo";"05:30:00";"RJ";40;112;"DUQUE DE CAXIAS";"Reação tardia ou ineficiente do condutor";"Colisão com objeto";"Sem Vítimas";"Plena Noite";"Decrescente";"Céu Claro";"Dupla";"Reta";"Sim";1;0;0;0;0;1;0;1;-22,7004454;-43,29014851;"SPRF-RJ";"DEL01-RJ";"UOP01-DEL01-RJ"
362368;2021-06-06;"domingo";"03:00:00";"MT";364;332;"CAMPO VERDE";"Condutor Dormindo";"Saída de leito carroçável";"Sem Vítimas";"Plena Noite";"Crescente";"Céu Claro";"Dupla";"Reta";"Não";1;0;0;0;1;0;0;1;-15,82506773;-55,42827212;"SPRF-MT";"DEL05-MT";"UOP02-DEL05-MT"
362369;2021-06-05;"sábado";"18:25:00";"BA";101;715,7;"EUNAPOLIS";"Velocidade Incompatível";"Colisão com objeto";"Com Vítimas Feridas";"Plena Noite";"Crescente";"Céu Claro";"Múltipla";"Interseção de Vias";"Não";2;0;0;2;0;0;2;1;-16,36203791;-39,58067292;"SPRF-BA";"DEL09-BA";"UOP01-DEL09-BA"
362370;2021-06-06;"domingo";"07:00:00";"PR";277;594,5;"CASCAVEL";"Reação tardia ou ineficiente do condutor";"Saída de leito carroçável";"Sem Vítimas";"Pleno dia";"Decrescente";"Nublado";"Simples";"Reta";"Sim";1;0;0;0;0;1;0;1;-24,9794792;-53,49232599;"SPRF-PR";"DEL04-PR";"UOP01-DEL04-PR"
362371;2021-06-06;"domingo";"06:15:00";"RR";174;512;"BOA VISTA";"Acessar a via sem observar a presença dos outros veículos";"Colisão traseira";"Sem Vítimas";"Pleno dia";"Crescente";"Nublado";"Simples";"Interseção de Vias";"Sim";2;0;0;0;0;2;0;2;2,871991;-60,697308;"SPRF-RR";"DEL01-RR";"UOP01-DEL01-RR"
362372;2021-06-06;"domingo";"08:00:00";"PR";376;666;"GUARATUBA";"Curva acentuada";"Colisão com objeto";"Com Vítimas Feridas";"Amanhecer";"Decrescente";"Nublado";"Dupla";"Curva";"Não";1;0;1;0;0;0;1;1;-25,86037408;-48,95087256;"SPRF-PR";"DEL01-PR";"UOP04-DEL01-PR"
362373;2021-05-17;"segunda-feira";"22:30:00";"GO";153;443,2;"ANAPOLIS";"Acessar a via sem observar a presença dos outros veículos";"Colisão transversal";"Com Vítimas Feridas";"Plena Noite";"Crescente";"Céu Claro";"Dupla";"Declive;Reta";"Sim";3;0;1;2;0;0;3;2;-16,334681;-48,922447;"SPRF-GO";"DEL02-GO";"UOP01-DEL02-GO"
362374;2021-06-06;"domingo";"05:00:00";"PE";428;180,2;"PETROLINA";"Condutor Dormindo";"Saída de leito carroçável";"Sem Vítimas";"Amanhecer";"Crescente";"Nublado";"Simples";"Reta";"Não";1;0;0;0;0;1;0;1;-9,3001832;-40,44980961;"SPRF-PE";"DEL06-PE";"UOP01-DEL06-PE"
362375;2021-06-06;"domingo";"06:30:00";"AC";364;109;"RIO BRANCO";"Pista esburacada";"Saída de leito carroçável";"Sem Vítimas";"Pleno dia";"Crescente";"Céu Claro";"Simples";"Reta";"Não";1;0;0;0;1;0;0;1;-10,01587901;-67,65647501;"SPRF-AC";"DEL01-AC";"UOP01-DEL01-AC"
362378;2021-06-06;"domingo";"07:00:00";"MG";116;770;"LEOPOLDINA";"Velocidade Incompatível";"Saída de leito carroçável";"Sem Vítimas";"Pleno dia";"Decrescente";"Céu Claro";"Simples";"Curva";"Não";1;0;0;0;0;1;0;1;-21,55054675;-42,67361103;"SPRF-MG";"DEL07-MG";"UOP01-DEL07-MG"