"id";"data_inversa";"dia_semana";"horario";"uf";"br";"km";"municipio";"causa_acidente";"tipo_acidente";"classificacao_acidente";"fase_dia";"sentido_via";"condicao_metereologica";"tipo_pista";"tracado_via";"uso_solo";"pessoas";"mortos";"feridos_leves";"feridos_graves";"ilesos";"ignorados";"feridos";"veiculos";"latitude";"longitude";"regional";"delegacia";"uop"
362488;2021-06-06;"domingo";"14:15:00";"SC";153;35,1;"PONTE SERRADA";"Velocidade Incompatível";"Colisão com objeto";"Com Vítimas Feridas";"Pleno dia";"Crescente";"Chuva";"Simples";"Curva";"Não";5;0;3;0;2;0;3;1;-26,82129667;-51,72088667;"SPRF-SC";"DEL07-SC";"UOP05-DEL07-SC"
362489;2021-06-06;"domingo";"17:55:00";"BA";330;843;"IPIAU";"Acessar a via sem observar a presença dos outros veículos";"Colisão lateral mesmo sentido";"Com Vítimas Fatais";"Plena Noite";"Crescente";"Chuva";"Simples";"Reta;Aclive";"Não";4;1;1;0;0;2;1;3;-14,147469;-39,704022;"SPRF-BA";"DEL03-BA";"UOP01-DEL03-BA"
362490;2021-06-06;"domingo";"20:25:00";"DF";40;6,9;"BRASILIA";"Ingestão de álcool pelo condutor";"Colisão traseira";"Sem Vítimas";"Plena Noite";"Crescente";"Céu Claro";"Dupla";"Reta";"Sim";4;0;0;0;3;1;0;3;-16,029741;-47,978867;"SPRF-DF";"DEL01-DF";"UOP01-DEL01-DF"
362493;2021-06-06;"domingo";"19:00:00";"SC";101;325;"CAPIVARI DE BAIXO";"Ingestão de álcool pelo condutor";"Tombamento";"Com Vítimas Feridas";"Plena Noite";"Crescente";"Chuva";"Simples";"Reta";"Não";1;0;1;0;0;0;1;1;-28,42516271;-48,93259193;"SPRF-SC";"DEL02-SC";"UOP01-DEL02-SC"
362494;2021-06-06;"domingo";"19:40:00";"RJ";101;568;"PARATY";"Ausência de reação do condutor";"Colisão frontal";"Com Vítimas Fatais";"Plena Noite";"Crescente";"Garoa/Chuvisco";"Simples";"Reta";"Sim";2;1;0;0;1;0;0;2;-23,17023697;-44,71037687;"SPRF-RJ";"DEL03-RJ";"UOP04-DEL03-RJ"
362497;2021-06-06;"domingo";"21:15:00";"ES";262;17,5;"VIANA";"Acessar a via sem observar a presença dos outros veículos";"Colisão transversal";"Sem Vítimas";"Plena Noite";"Crescente";"Nevoeiro/Neblina";"Dupla";"Reta;Interseção de Vias";"Sim";2;0;0;0;2;0;0;2;-20,38635961;-40,47272969;"SPRF-ES";"DEL01-ES";"UOP01-DEL01-ES"
362499;2021-06-06;"domingo";"18:30:00";"SC";282;27,4;"SANTO AMARO DA IMPERATRIZ";"Condutor deixou de manter distância do veículo da frente";"Colisão traseira";"Sem Vítimas";"Plena Noite";"Decrescente";"Chuva";"Simples";"Reta";"Sim";2;0;0;0;2;0;0;2;-27,673981;-48,769676;"SPRF-SC";"DEL01-SC";"UOP03-DEL01-SC"
362502;2021-06-06;"domingo";"20:15:00";"PR";277;42;"MORRETES";"Demais falhas mecânicas ou elétricas";"Incêndio";"Sem Vítimas";"Plena Noite";"Crescente";"Garoa/Chuvisco";"Dupla";"Curva";"Não";1;0;0;0;1;0;0;1;-25,57361239;-48,84469597;"SPRF-PR";"DEL01-PR";"UOP05-DEL01-PR"
362503;2021-06-06;"domingo";"20:50:00";"PR";376;219;"CAMBIRA";"Velocidade Incompatível";"Saída de leito carroçável";"Com Vítimas Feridas";"Plena Noite";"Crescente";"Chuva";"Simples";"Reta";"Não";4;0;1;0;3;0;1;1;-23,59805329;-51,60575514;"SPRF-PR";"DEL09-PR";"UOP01-DEL09-PR"
362504;2021-06-06;"domingo";"21:00:00";"PR";376;651;"TIJUCAS DO SUL";"Pista Escorregadia";"Tombamento";"Com Vítimas Feridas";"Plena Noite";"Decrescente";"Chuva";"Dupla";"Curva";"Não";2;0;2;0;0;0;2;1;-25,845243;-49,078578;"SPRF-PR";"DEL01-PR";"UOP04-DEL01-PR"
362505;2021-06-06;"domingo";"21:20:00";"ES";101;229;"FUNDAO";"Conversão proibida";"Colisão transversal";"Com Vítimas Feridas";"Plena Noite";"Decrescente";"Céu Claro";"Dupla";"Reta";"Sim";2;0;1;0;1;0;1;2;-19,92727879;-40,40587142;"SPRF-ES";"DEL02-ES";"UOP01-DEL02-ES"
362506;2021-06-06;"domingo";"20:08:00";"PE";316;26;"ARARIPINA";"Transitar na contramão";"Colisão frontal";"Com Vítimas Fatais";"Plena Noite";"Crescente";"Céu Claro";"Simples";"Reta";"Sim";4;3;0;0;0;1;0;2;-7,60390506;-40,48995414;"SPRF-PE";"DEL05-PE";"UOP02-DEL05-PE"
362507;2021-06-06;"domingo";"21:15:00";"MS";262;328;"CAMPO GRANDE";"Acessar a via sem observar a presença dos outros veículos";"Colisão lateral mesmo sentido";"Com Vítimas Feridas";"Plena Noite";"Decrescente";"Céu Claro";"Múltipla";"Reta";"Sim";2;0;1;0;1;0;1;2;-20,46851582;-54,52514592;"SPRF-MS";"DEL01-MS";"UOP01-DEL01-MS"
362508;2021-06-06;"domingo";"21:45:00";"SP";101;49,9;"UBATUBA";"Acessar a via sem observar a presença dos outros veículos";"Colisão transversal";"Com Vítimas Feridas";"Plena Noite";"Crescente";"Céu Claro";"Simples";"Reta";"Sim";2;0;1;0;1;0;1;2;-23,44410908;-45,08375708;"SPRF-SP";"DEL06-SP";"UOP01-DEL06-SP"
362509;2021-06-06;"domingo";"18:40:00";"PR";277;477,3;"NOVA LARANJEIRAS";"Ingestão de álcool ou de substâncias psicoativas pelo pedestre";"Atropelamento de Pedestre";"Com Vítimas Feridas";"Plena Noite";"Crescente";"Garoa/Chuvisco";"Simples";"Curva";"Não";2;0;1;0;1;0;1;2;-25,2994712;-52,55864812;"SPRF-PR";"DEL04-PR";"UOP02-DEL04-PR"
362510;2021-06-06;"domingo";"21:45:00";"MG";381;422,4;"CAETE";"Velocidade Incompatível";"Colisão traseira";"Com Vítimas Feridas";"Plena Noite";"Crescente";"Céu Claro";"Dupla";"Reta;Aclive";"Não";4;0;1;2;1;0;3;3;-19,770258;-43,648303;"SPRF-MG";"DEL01-MG";"UOP01-DEL01-MG"
362511;2021-06-06;"domingo";"22:10:00";"ES";101;299,7;"VIANA";"Acessar a via sem observar a presença dos outros veículos";"Colisão transversal";"Com Vítimas Feridas";"Plena Noite";"Crescente";"Céu Claro";"Dupla";"Reta";"Sim";2;0;1;0;1;0;1;2;-20,35860628;-40,42327504;"SPRF-ES";"DEL01-ES";"UOP01-DEL01-ES"
362512;2021-06-06;"domingo";"21:30:00";"SE";101;181;"UMBAUBA";"Ingestão de álcool pelo condutor";"Queda de ocupante de veículo";"Com Vítimas Feridas";"Plena Noite";"Decrescente";"Nublado";"Múltipla";"Reta;Desvio Temporário";"Sim";1;0;1;0;0;0;1;1;-11,36892188;-37,64792008;"SPRF-SE";"DEL02-SE";"UOP03-DEL02-SE"
362513;2021-06-06;"domingo";"21:55:00";"RS";285;266,2;"MATO CASTELHANO";"Manobra de mudança de faixa";"Capotamento";"Com Vítimas Feridas";"Plena Noite";"Crescente";"Garoa/Chuvisco";"Simples";"Reta";"Não";2;0;1;0;1;0;1;1;-28,30424;-52,13254;"SPRF-RS";"DEL08-RS";"UOP03-DEL08-RS"
362514;2021-06-06;"domingo";"21:25:00";"SC";101;125,4;"ITAJAI";"Chuva";"Eventos atípicos";"Com Vítimas Feridas";"Plena Noite";"Crescente";"Chuva";"Dupla";"Reta";"Não";2;0;0;1;1;0;1;2;-26,94802427;-48,68338515;"SPRF-SC";"DEL04-SC";"UOP04-DEL04-SC"
362515;2021-06-06;"domingo";"22:00:00";"SC";101;214,3;"PALHOCA";"Falta de elemento de contenção que evite a saída do leito carroçável";"Capotamento";"Sem Vítimas";"Plena Noite";"Decrescente";"Chuva";"Dupla";"Reta";"Sim";1;0;0;0;1;0;0;1;-27,64443;-48,67057;"SPRF-SC";"DEL01-SC";"UOP02-DEL01-SC"
362516;2021-06-06;"domingo";"22:50:00";"RN";101;74,6;"EXTREMOZ";"Animais na Pista";"Atropelamento de Animal";"Com Vítimas Feridas";"Plena Noite";"Crescente";"Céu Claro";"Simples";"Reta";"Não";3;0;2;1;0;0;3;1;-5,71406254;-35,27232767;"SPRF-RN";"DEL02-RN";"UOP01-DEL02-RN"
362521;2021-06-06;"domingo";"21:30:00";"PR";277;587,7;"CASCAVEL";"Chuva";"Saída de leito carroçável";"Com Vítimas Feridas";"Plena Noite";"Decrescente";"Chuva";"Simples";"Reta";"Sim";2;0;1;1;0;0;2;1;-24,96941255;-53,42959722;"SPRF-PR";"DEL04-PR";"UOP01-DEL04-PR"
362523;2021-06-06;"domingo";"23:40:00";"MT";364;545;"ROSARIO OESTE";"Ingestão de álcool ou de substâncias psicoativas pelo pedestre";"Atropelamento de Pedestre";"Com Vítimas Feridas";"Plena Noite";"Decrescente";"Céu Claro";"Dupla";"Reta";"Sim";2;0;1;0;1;0;1;2;-14,88773405;-56,46355582;"SPRF-MT";"DEL01-MT";"UOP01-DEL01-MT"
362524;2021-06-07;"segunda-feira";"00:00:00";"CE";222;2;"FORTALEZA";"Ingestão de álcool pelo condutor";"Colisão transversal";"Com Vítimas Feridas";"Plena Noite";"Decrescente";"Céu Claro";"Simples";"Reta";"Sim";2;0;0;1;1;0;1;2;-3,73911117;-38,58687498;"SPRF-CE";"DEL01-CE";"UOP01-DEL01-CE"
362525;2021-06-06;"domingo";"19:40:00";"MA";226;0,6;"TIMON";"Objeto estático sobre o leito carroçável";"Colisão com objeto";"Com Vítimas Fatais";"Plena Noite";"Decrescente";"Céu Claro";"Dupla";"Reta";"Sim";2;1;1;0;0;0;1;2;-5,13297285;-42,82284021;"SPRF-MA";"DEL03-MA";"UOP02-DEL03-MA"
362526;2021-06-07;"segunda-feira";"00:00:00";"GO";20;244,8;"GUARANI DE GOIAS";"Ingestão de álcool pelo condutor";"Colisão frontal";"Com Vítimas Fatais";"Plena Noite";"Crescente";"Céu Claro";"Simples";"Reta";"Não";4;1;2;1;0;0;3;2;-14,018147;-46,224957;"SPRF-DF";"DEL02-DF";"UOP03-DEL02-DF"
362527;2021-06-07;"segunda-feira";"00:15:00";"SP";116;209;"GUARULHOS";"Pedestre andava na pista";"Atropelamento de Pedestre";"Com Vítimas Feridas";"Plena Noite";"Decrescente";"Céu Claro";"Dupla";"Reta";"Sim";2;0;0;1;1;0;1;2;-23,42511799;-46,40221101;"SPRF-SP";"DEL01-SP";"UOP01-DEL01-SP"
362528;2021-06-06;"domingo";"23:40:00";"SC";470;4;"NAVEGANTES";"Transitar na contramão";"Colisão lateral sentido oposto";"Com Vítimas Feridas";"Plena Noite";"Decrescente";"Chuva";"Simples";"Reta";"Não";2;0;0;1;1;0;1;2;-26,858473;-48,690788;"SPRF-SC";"DEL04-SC";"UOP04-DEL04-SC"
362529;2021-06-06;"domingo";"23:30:00";"SC";101;444;"SANTA ROSA DO SUL";"Reação tardia ou ineficiente do condutor";"Saída de leito carroçável";"Com Vítimas Feridas";"Plena Noite";"Decrescente";"Ignorado";"Dupla";"Reta";"Não";1;0;1;0;0;0;1;1;-29,13479517;-49,70645294;"SPRF-SC";"DEL02-SC";"UOP02-DEL02-SC"
362530;2021-06-06;"domingo";"23:30:00";"MT";163;689;"LUCAS DO RIO VERDE";"Pedestre cruzava a pista fora da faixa";"Atropelamento de Pedestre";"Com Vítimas Feridas";"Plena Noite";"Crescente";"Céu Claro";"Simples";"Reta";"Não";2;0;1;1;0;0;2;2;-13,06710458;-55,9245944;"SPRF-MT";"DEL06-MT";"UOP01-DEL06-MT"
362531;2021-06-06;"domingo";"22:40:00";"BA";101;664;"ITAPEBI";"Chuva";"Capotamento";"Sem Vítimas";"Plena Noite";"Decrescente";"Chuva";"Simples";"Curva";"Não";2;0;0;0;2;0;0;1;-15,968582;-39,561595;"SPRF-BA";"DEL09-BA";"UOP01-DEL09-BA"
362532;2021-06-06;"domingo";"20:45:00";"MT";174;6;"PONTES E LACERDA";"Ingestão de álcool pelo condutor";"Colisão com objeto";"Sem Vítimas";"Plena Noite";"Crescente";"Céu Claro";"Simples";"Reta";"Sim";2;0;0;0;2;0;0;2;-15,22873627;-59,34853077;"SPRF-MT";"DEL03-MT";"UOP01-DEL03-MT"
362533;2021-06-07;"segunda-feira";"00:35:00";"GO";60;136,2;"GOIANIA";"Reação tardia ou ineficiente do condutor";"Saída de leito carroçável";"Sem Vítimas";"Plena Noite";"Crescente";"Ignorado";"Simples";"Reta";"Sim";1;0;0;0;1;0;0;1;-16,5959;-49,1965;"SPRF-GO";"DEL01-GO";"UOP01-DEL01-GO"
362535;2021-06-06;"domingo";"18:45:00";"SP";116;415;"JUQUIA";"Reação tardia ou ineficiente do condutor";"Engavetamento";"Com Vítimas Feridas";"Plena Noite";"Decrescente";"Nublado";"Dupla";"Reta";"Não";4;0;2;0;2;0;2;3;-24,334489;-47,641203;"SPRF-SP";"DEL05-SP";"UOP01-DEL05-SP"
362536;2021-06-07;"segunda-feira";"00:50:00";"SC";101;138;"BALNEARIO CAMBORIU";"Ingestão de álcool pelo condutor";"Saída de leito carroçável";"Sem Vítimas";"Plena Noite";"Decrescente";"Chuva";"Dupla";"Curva";"Não";1;0;0;0;1;0;0;1;-27,02397426;-48,60761649;"SPRF-SC";"DEL04-SC";"UOP03-DEL04-SC"
362538;2021-06-06;"domingo";"21:30:00";"SC";101;306;"LAGUNA";"Ingestão de álcool pelo condutor";"Saída de leito carroçável";"Sem Vítimas";"Plena Noite";"Crescente";"Chuva";"Simples";"Interseção de Vias";"Não";1;0;0;0;1;0;0;1;-28,38437001;-48,77113299;"SPRF-SC";"DEL02-SC";"UOP03-DEL02-SC"
362540;2021-06-07;"segunda-feira";"03:40:00";"GO";60;38,6;"GOIANIA";"Ingestão de álcool pelo condutor";"Saída de leito carroçável";"Sem Vítimas";"Plena Noite";"Crescente";"Céu Claro";"Dupla";"Reta";"Sim";1;0;0;0;0;1;0;1;-16,750916;-49,34069;"SPRF-GO";"DEL01-GO";"UOP02-DEL01-GO"
362541;2021-06-07;"segunda-feira";"05:00:00";"PR";369;161;"CAMBE";"Condutor desrespeitou a iluminação vermelha do semáforo";"Colisão transversal";"Com Vítimas Feridas";"Plena Noite";"Decrescente";"Chuva";"Dupla";"Interseção de Vias";"Sim";4;0;0;1;3;0;1;3;-23,28883445;-51,26188517;"SPRF-PR";"DEL07-PR";"UOP01-DEL07-PR"
362542;2021-06-07;"segunda-feira";"04:50:00";"SC";101;210,5;"SAO JOSE";"Condutor Dormindo";"Saída de leito carroçável";"Sem Vítimas";"Plena Noite";"Crescente";"Céu Claro";"Múltipla";"Reta";"Sim";1;0;0;0;0;1;0;1;-27,6167305;-48,6457265;"SPRF-SC";"DEL01-SC";"UOP01-DEL01-SC"
362545;2021-06-07;"segunda-feira";"07:15:00";"TO";153;646;"ALIANCA DO TOCANTINS";"Manobra de mudança de faixa";"Colisão traseira";"Com Vítimas Feridas";"Pleno dia";"Crescente";"Céu Claro";"Simples";"Reta";"Não";2;0;1;0;1;0;1;2;-11,50048609;-49,00682672;"SPRF-TO";"DEL01-TO";"UOP02-DEL01-TO"
362546;2021-06-07;"segunda-feira";"06:50:00";"DF";70;15;"BRASILIA";"Ausência de reação do condutor";"Colisão lateral mesmo sentido";"Sem Vítimas";"Pleno dia";"Crescente";"Céu Claro";"Dupla";"Curva";"Sim";2;0;0;0;2;0;0;2;-15,798888;-48,185043;"SPRF-DF";"DEL03-DF";"UOP02-DEL03-DF"
362547;2021-06-07;"segunda-feira";"06:30:00";"BA";324;614;"SALVADOR";"Condutor deixou de manter distância do veículo da frente";"Queda de ocupante de veículo";"Com Vítimas Feridas";"Pleno dia";"Crescente";"Céu Claro";"Dupla";"Reta";"Sim";3;0;2;0;1;0;2;2;-12,8639793;-38,42370126;"SPRF-BA";"DEL01-BA";"UOP01-DEL01-BA"
362548;2021-06-07;"segunda-feira";"06:10:00";"RS";290;128,5;"ELDORADO DO SUL";"Ultrapassagem Indevida";"Colisão lateral sentido oposto";"Sem Vítimas";"Amanhecer";"Crescente";"Céu Claro";"Simples";"Reta";"Não";2;0;0;0;1;1;0;2;-30,057104;-51,490009;"SPRF-RS";"DEL02-RS";"UOP01-DEL02-RS"
362551;2021-06-07;"segunda-feira";"06:20:00";"RS";290;46,8;"GLORINHA";"Demais falhas mecânicas ou elétricas";"Tombamento";"Com Vítimas Feridas";"Amanhecer";"Crescente";"Céu Claro";"Dupla";"Reta";"Não";1;0;1;0;0;0;1;1;-29,891537;-50,720207;"SPRF-RS";"DEL03-RS";"UOP01-DEL03-RS"
362553;2021-06-07;"segunda-feira";"06:30:00";"PA";316;50;"SANTA IZABEL DO PARA";"Avarias e/ou desgaste excessivo no pneu";"Saída de leito carroçável";"Com Vítimas Feridas";"Pleno dia";"Decrescente";"Céu Claro";"Dupla";"Reta";"Não";3;0;3;0;0;0;3;1;-1,306975;-48,033715;"SPRF-PA";"DEL01-PA";"UOP01-DEL01-PA"
362554;2021-06-07;"segunda-feira";"07:10:00";"ES";101;299,1;"VIANA";"Condutor deixou de manter distância do veículo da frente";"Colisão lateral mesmo sentido";"Com Vítimas Feridas";"Pleno dia";"Decrescente";"Céu Claro";"Dupla";"Reta";"Sim";2;0;0;1;1;0;1;2;-20,35374444;-40,4156433;"SPRF-ES";"DEL01-ES";"UOP01-DEL01-ES"
362558;2021-06-07;"segunda-feira";"07:30:00";"SC";101;197,9;"BIGUACU";"Condutor deixou de manter distância do veículo da frente";"Colisão traseira";"Com Vítimas Feridas";"Pleno dia";"Crescente";"Chuva";"Dupla";"Reta";"Sim";4;0;1;0;3;0;1;4;-27,51844497;-48,63848496;"SPRF-SC";"DEL01-SC";"UOP01-DEL01-SC"
362560;2021-06-07;"segunda-feira";"05:00:00";"MG";116;328,8;"CAMPANARIO";"Condutor Dormindo";"Saída de leito carroçável";"Com Vítimas Feridas";"Amanhecer";"Decrescente";"Nublado";"Simples";"Reta";"Não";5;0;5;0;0;0;5;1;-18,23039;-41,721602;"SPRF-MG";"DEL11-MG";"UOP01-DEL11-MG"
362561;2021-06-07;"segunda-feira";"07:00:00";"PR";376;164;"MARINGA";"Chuva";"Queda de ocupante de veículo";"Com Vítimas Feridas";"Pleno dia";"Crescente";"Chuva";"Dupla";"Reta";"Não";1;0;1;0;0;0;1;1;-23,38591406;-52,02449602;"SPRF-PR";"DEL09-PR";"UOP01-DEL09-PR"
362563;2021-06-07;"segunda-feira";"07:15:00";"SC";470;135,8;"RIO DO SUL";"Trafegar com motocicleta (ou similar) entre as faixas";"Colisão transversal";"Com Vítimas Feridas";"Pleno dia";"Crescente";"Chuva";"Simples";"Interseção de Vias";"Sim";2;0;1;0;1;0;1;2;-27,188492;-49,61232;"SPRF-SC";"DEL04-SC";"UOP02-DEL04-SC"
362564;2021-06-06;"domingo";"22:20:00";"MG";381;684,2;"RIBEIRAO VERMELHO";"Ingestão de álcool pelo condutor";"Capotamento";"Com Vítimas Feridas";"Plena Noite";"Decrescente";"Ignorado";"Dupla";"Retorno Regulamentado";"Não";1;0;1;0;0;0;1;1;-21,183794;-45,119785;"SPRF-MG";"DEL04-MG";"UOP02-DEL04-MG"
362565;2021-06-07;"segunda-feira";"06:50:00";"MT";174;7;"PONTES E LACERDA";"Curva acentuada";"Saída de leito carroçável";"Com Vítimas Feridas";"Pleno dia";"Crescente";"Céu Claro";"Simples";"Curva";"Não";2;0;0;2;0;0;2;1;-15,226537;-59,335728;"SPRF-MT";"DEL04-MT";"UOP01-DEL04-MT"
362568;2021-06-07;"segunda-feira";"07:10:00";"RO";364;711;"PORTO VELHO";"Manobra de mudança de faixa";"Colisão lateral mesmo sentido";"Com Vítimas Feridas";"Pleno dia";"Crescente";"Céu Claro";"Múltipla";"Interseção de Vias";"Sim";2;0;2;0;0;0;2;2;-8,78070956;-63,86641145;"SPRF-RO";"DEL01-RO";"UOP01-DEL01-RO"
362569;2021-05-10;"segunda-feira";"18:20:00";"RS";468;123,4;"TIRADENTES DO SUL";"Retorno proibido";"Colisão transversal";"Com Vítimas Feridas";"Plena Noite";"Crescente";"Céu Claro";"Simples";"Reta";"Não";2;0;1;0;1;0;1;2;-27,40042593;-54,05754535;"SPRF-RS";"DEL08-RS";"UOP02-DEL08-RS"
362571;2021-06-07;"segunda-feira";"08:30:00";"ES";262;3,6;"VIANA";"Pedestre cruzava a pista fora da faixa";"Atropelamento de Pedestre";"Com Vítimas Feridas";"Pleno dia";"Crescente";"Céu Claro";"Dupla";"Reta";"Sim";2;0;1;0;1;0;1;2;-20,33374432;-40,36910933;"SPRF-ES";"DEL01-ES";"UOP01-DEL01-ES"
362574;2021-06-07;"segunda-feira";"08:00:00";"PB";230;13;"CABEDELO";"Manobra de mudança de faixa";"Colisão lateral mesmo sentido";"Com Vítimas Feridas";"Pleno dia";"Decrescente";"Nublado";"Dupla";"Reta";"Sim";2;0;1;0;1;0;1;2;-7,0772;-34,8494;"SPRF-PB";"DEL01-PB";"UOP01-DEL01-PB"
362575;2021-06-07;"segunda-feira";"07:40:00";"SP";116;225,3;"GUARULHOS";"Trafegar com motocicleta (ou similar) entre as faixas";"Colisão traseira";"Com Vítimas Feridas";"Pleno dia";"Crescente";"Nublado";"Múltipla";"Reta";"Sim";2;0;1;0;1;0;1;2;-23,4889332;-46,5465148;"SPRF-SP";"DEL01-SP";"UOP01-DEL01-SP"
362576;2021-06-07;"segunda-feira";"08:40:00";"ES";101;146,6;"LINHARES";"Trafegar com motocicleta (ou similar) entre as faixas";"Colisão lateral mesmo sentido";"Com Vítimas Feridas";"Pleno dia";"Crescente";"Céu Claro";"Dupla";"Reta";"Não";2;0;0;1;1;0;1;2;-19,36990998;-40,06560718;"SPRF-ES";"DEL04-ES";"UOP01-DEL04-ES"
362577;2021-06-07;"segunda-feira";"07:30:00";"MT";70;520;"VARZEA GRANDE";"Transitar no acostamento";"Colisão transversal";"Com Vítimas Feridas";"Pleno dia";"Crescente";"Céu Claro";"Simples";"Reta";"Não";2;0;1;0;1;0;1;2;-15,65576742;-56,19060516;"SPRF-MT";"DEL01-MT";"UOP02-DEL01-MT"
362578;2021-06-06;"domingo";"20:30:00";"BA";407;22;"JUAZEIRO";"Conversão proibida";"Colisão transversal";"Com Vítimas Feridas";"Plena Noite";"Crescente";"Céu Claro";"Simples";"Reta";"Sim";3;0;1;0;0;2;1;2;-9,58537093;-40,42466184;"SPRF-BA";"DEL04-BA";"UOP01-DEL04-BA"
362579;2021-06-07;"segunda-feira";"06:20:00";"PR";277;13,3;"PARANAGUA";"Avarias e/ou desgaste excessivo no pneu";"Saída de leito carroçável";"Com Vítimas Fatais";"Amanhecer";"Decrescente";"Chuva";"Dupla";"Reta";"Não";1;1;0;0;0;0;0;1;-25,559708;-48,649223;"SPRF-PR";"DEL01-PR";"UOP05-DEL01-PR"
362581;2021-06-07;"segunda-feira";"08:15:00";"SC";101;257,3;"PAULO LOPES";"Manobra de mudança de faixa";"Saída de leito carroçável";"Com Vítimas Feridas";"Pleno dia";"Decrescente";"Chuva";"Dupla";"Reta";"Não";1;0;1;0;0;0;1;1;-28,00482282;-48,69190437;"SPRF-SC";"DEL02-SC";"UOP03-DEL02-SC"
362582;2021-06-07;"segunda-feira";"07:30:00";"RN";226;68,9;"SERRA CAIADA";"Condutor deixou de manter distância do veículo da frente";"Colisão traseira";"Sem Vítimas";"Pleno dia";"Decrescente";"Céu Claro";"Simples";"Reta";"Sim";2;0;0;0;2;0;0;2;-6,10868583;-35,7099778;"SPRF-RN";"DEL03-RN";"UOP02-DEL03-RN"
362583;2021-05-18;"terça-feira";"07:40:00";"SC";101;215,7;"PALHOCA";"Acessar a via sem observar a presença dos outros veículos";"Colisão transversal";"Com Vítimas Feridas";"Pleno dia";"Decrescente";"Céu Claro";"Simples";"Curva";"Sim";2;0;0;1;1;0;1;2;-27,65184843;-48,67604941;"SPRF-SC";"DEL01-SC";"UOP02-DEL01-SC"
362584;2021-06-07;"segunda-feira";"09:05:00";"PR";153;22,4;"JACAREZINHO";"Velocidade Incompatível";"Colisão frontal";"Com Vítimas Feridas";"Pleno dia";"Crescente";"Chuva";"Simples";"Curva;Declive";"Não";9;0;5;1;3;0;6;2;-23,17225028;-49,96840286;"SPRF-PR";"DEL07-PR";"UOP04-DEL07-PR"
362585;2021-06-07;"segunda-feira";"07:15:00";"BA";101;675;"ITAPEBI";"Curva acentuada";"Saída de leito carroçável";"Com Vítimas Feridas";"Plena Noite";"Decrescente";"Chuva";"Simples";"Curva;Declive";"Não";4;0;0;2;2;0;2;1;-15,94086265;-39,55936432;"SPRF-BA";"DEL09-BA";"UOP01-DEL09-BA"
362586;2021-06-07;"segunda-feira";"09:10:00";"SC";101;189,7;"BIGUACU";"Velocidade Incompatível";"Saída de leito carroçável";"Com Vítimas Feridas";"Pleno dia";"Crescente";"Garoa/Chuvisco";"Dupla";"Curva";"Sim";1;0;1;0;0;0;1;1;-27,459393;-48,638914;"SPRF-SC";"DEL01-SC";"UOP01-DEL01-SC"
362587;2021-06-07;"segunda-feira";"08:45:00";"ES";101;297;"CARIACICA";"Manobra de mudança de faixa";"Colisão lateral mesmo sentido";"Com Vítimas Feridas";"Pleno dia";"Decrescente";"Céu Claro";"Dupla";"Reta";"Sim";3;0;0;1;1;1;1;3;-20,34529844;-40,41026774;"SPRF-ES";"DEL01-ES";"UOP01-DEL01-ES"
362588;2021-05-21;"sexta-feira";"18:30:00";"ES";262;3,6;"CARIACICA";"Reação tardia ou ineficiente do condutor";"Atropelamento de Pedestre";"Com Vítimas Feridas";"Plena Noite";"Crescente";"Céu Claro";"Dupla";"Reta";"Sim";3;0;0;1;1;1;1;2;-20,33374432;-40,36910933;"SPRF-ES";"DEL01-ES";"UOP01-DEL01-ES"
362589;2021-06-07;"segunda-feira";"07:30:00";"BA";324;526;"FEIRA DE SANTANA";"Ausência de reação do condutor";"Queda de ocupante de veículo";"Com Vítimas Feridas";"Pleno dia";"Decrescente";"Céu Claro";"Dupla";"Reta";"Não";1;0;1;0;0;0;1;1;-12,30639712;-38,89051509;"SPRF-BA";"DEL01-BA";"UOP03-DEL01-BA"
362590;2021-06-07;"segunda-feira";"07:50:00";"RJ";101;309;"SAO GONCALO";"Acessar a via sem observar a presença dos outros veículos";"Colisão lateral mesmo sentido";"Com Vítimas Feridas";"Pleno dia";"Crescente";"Céu Claro";"Dupla";"Reta";"Sim";2;0;1;0;1;0;1;2;-22,79498873;-43,03446105;"SPRF-RJ";"DEL02-RJ";"UOP02-DEL02-RJ"
362592;2021-02-07;"domingo";"19:50:00";"DF";60;3;"BRASILIA";"Acessar a via sem observar a presença dos outros veículos";"Colisão traseira";"Sem Vítimas";"Plena Noite";"Crescente";"Chuva";"Dupla";"Reta";"Sim";2;0;0;0;1;1;0;2;-15,890521;-48,086864;"SPRF-DF";"DEL03-DF";"UOP01-DEL03-DF"
362595;2021-06-07;"segunda-feira";"05:55:00";"MA";10;179,1;"CAMPESTRE DO MARANHAO";"Acessar a via sem observar a presença dos outros veículos";"Colisão transversal";"Com Vítimas Fatais";"Amanhecer";"Crescente";"Céu Claro";"Simples";"Reta";"Não";4;1;3;0;0;0;3;2;-6,150099;-47,369556;"SPRF-MA";"DEL04-MA";"UOP02-DEL04-MA"
362597;2021-06-07;"segunda-feira";"07:20:00";"RJ";101;318;"SAO GONCALO";"Ausência de reação do condutor";"Colisão traseira";"Com Vítimas Feridas";"Pleno dia";"Crescente";"Céu Claro";"Dupla";"Reta";"Sim";2;0;1;0;1;0;1;2;-22,84562994;-43,09841211;"SPRF-RJ";"DEL02-RJ";"UOP02-DEL02-RJ"