"id";"data_inversa";"dia_semana";"horario";"uf";"br";"km";"municipio";"causa_acidente";"tipo_acidente";"classificacao_acidente";"fase_dia";"sentido_via";"condicao_metereologica";"tipo_pista";"tracado_via";"uso_solo";"pessoas";"mortos";"feridos_leves";"feridos_graves";"ilesos";"ignorados";"feridos";"veiculos";"latitude";"longitude";"regional";"delegacia";"uop"
362598;2021-06-07;"segunda-feira";"10:30:00";"RN";101;107,4;"PARNAMIRIM";"Condutor deixou de manter distância do veículo da frente";"Colisão lateral mesmo sentido";"Com Vítimas Feridas";"Pleno dia";"Crescente";"Sol";"Múltipla";"Reta;Interseção de Vias";"Sim";3;0;1;0;2;0;1;2;-5,91920796;-35,26412409;"SPRF-RN";"DEL01-RN";"UOP01-DEL01-RN"
362601;2021-01-06;"quarta-feira";"19:20:00";"CE";222;10;"CAUCAIA";"Retorno proibido";"Colisão lateral";"Com Vítimas Fatais";"Plena Noite";"Decrescente";"Céu Claro";"Simples";"Reta";"Não";3;1;2;0;0;0;2;2;-3,736507;-38,65337;"SPRF-CE";"DEL01-CE";"UOP01-DEL01-CE"
362602;2021-06-07;"segunda-feira";"07:50:00";"GO";60;103,2;"GOIANAPOLIS";"Velocidade Incompatível";"Saída de leito carroçável";"Com Vítimas Feridas";"Pleno dia";"Decrescente";"Céu Claro";"Dupla";"Reta";"Não";1;0;0;1;0;0;1;1;-16,4098;-48,9913;"SPRF-GO";"DEL02-GO";"UOP01-DEL02-GO"
362603;2021-06-07;"segunda-feira";"10:40:00";"SP";488;5,1;"APARECIDA";"Velocidade Incompatível";"Colisão transversal";"Com Vítimas Feridas";"Pleno dia";"Crescente";"Nublado";"Dupla";"Reta";"Sim";3;0;1;0;2;0;1;2;-22,86731796;-45,25603294;"SPRF-SP";"DEL08-SP";"UOP01-DEL08-SP"
362604;2021-06-07;"segunda-feira";"07:30:00";"PR";369;186;"ARAPONGAS";"Acessar a via sem observar a presença dos outros veículos";"Colisão transversal";"Com Vítimas Feridas";"Pleno dia";"Decrescente";"Chuva";"Simples";"Reta";"Sim";2;0;1;0;1;0;1;2;-23,423145;-51,423843;"SPRF-PR";"DEL07-PR";"UOP02-DEL07-PR"
362607;2021-06-07;"segunda-feira";"11:00:00";"CE";116;11,8;"FORTALEZA";"Reação tardia ou ineficiente do condutor";"Colisão lateral sentido oposto";"Sem Vítimas";"Pleno dia";"Crescente";"Sol";"Simples";"Viaduto";"Sim";3;0;0;0;3;0;0;3;-3,84986772;-38,49506378;"SPRF-CE";"DEL01-CE";"UOP02-DEL01-CE"
362608;2021-05-11;"terça-feira";"18:15:00";"BA";324;537;"AMELIA RODRIGUES";"Ausência de reação do condutor";"Colisão traseira";"Com Vítimas Feridas";"Plena Noite";"Crescente";"Céu Claro";"Dupla";"Reta";"Sim";3;0;1;0;2;0;1;2;-12,36902201;-38,81384601;"SPRF-BA";"DEL01-BA";"UOP03-DEL01-BA"
362609;2021-06-07;"segunda-feira";"10:50:00";"PA";316;18;"BENEVIDES";"Avarias e/ou desgaste excessivo no pneu";"Tombamento";"Com Vítimas Feridas";"Pleno dia";"Decrescente";"Céu Claro";"Dupla";"Reta";"Não";2;0;1;1;0;0;2;1;-1,36485638;-48,29643999;"SPRF-PA";"DEL01-PA";"UOP01-DEL01-PA"
362610;2021-06-07;"segunda-feira";"12:08:00";"MG";50;12,3;"ARAGUARI";"Velocidade Incompatível";"Saída de leito carroçável";"Com Vítimas Feridas";"Pleno dia";"Crescente";"Céu Claro";"Dupla";"Reta;Declive";"Não";1;0;1;0;0;0;1;1;-18,52177385;-48,04049838;"SPRF-MG";"DEL15-MG";"UOP02-DEL15-MG"
362613;2021-06-07;"segunda-feira";"11:50:00";"ES";101;283,9;"CARIACICA";"Mal súbito do condutor";"Colisão com objeto";"Com Vítimas Feridas";"Pleno dia";"Crescente";"Céu Claro";"Dupla";"Reta";"Não";1;0;1;0;0;0;1;1;-20,23438373;-40,3693577;"SPRF-ES";"DEL01-ES";"UOP01-DEL01-ES"
362614;2021-05-25;"terça-feira";"18:25:00";"RO";364;712;"PORTO VELHO";"Acessar a via sem observar a presença dos outros veículos";"Colisão transversal";"Com Vítimas Feridas";"Plena Noite";"Decrescente";"Nublado";"Múltipla";"Reta";"Sim";2;0;0;1;1;0;1;2;-8,775016;-63,87725;"SPRF-RO";"DEL01-RO";"UOP01-DEL01-RO"
362615;2021-06-07;"segunda-feira";"12:15:00";"PR";116;139;"MANDIRITUBA";"Velocidade Incompatível";"Colisão lateral sentido oposto";"Com Vítimas Feridas";"Pleno dia";"Decrescente";"Chuva";"Dupla";"Curva";"Sim";6;0;4;1;1;0;5;3;-25,719412;-49,318027;"SPRF-PR";"DEL01-PR";"UOP03-DEL01-PR"
362617;2021-06-04;"sexta-feira";"05:58:00";"PR";277;10,2;"PARANAGUA";"Velocidade Incompatível";"Saída de leito carroçável";"Sem Vítimas";"Plena Noite";"Decrescente";"Céu Claro";"Dupla";"Reta";"Não";1;0;0;0;1;0;0;1;-25,568198;-48,615292;"SPRF-PR";"DEL01-PR";"UOP05-DEL01-PR"
362618;2021-06-07;"segunda-feira";"12:40:00";"SP";116;113;"TAUBATE";"Mal súbito do condutor";"Queda de ocupante de veículo";"Com Vítimas Feridas";"Pleno dia";"Decrescente";"Nublado";"Dupla";"Reta";"Sim";1;0;0;1;0;0;1;1;-23,0440828;-45,58041405;"SPRF-SP";"DEL02-SP";"UOP02-DEL02-SP"
362619;2021-06-07;"segunda-feira";"12:38:00";"PR";116;5;"CAMPINA GRANDE DO SUL";"Chuva";"Capotamento";"Com Vítimas Feridas";"Pleno dia";"Decrescente";"Chuva";"Dupla";"Curva";"Não";3;0;1;0;2;0;1;2;-25,08301297;-48,59994703;"SPRF-PR";"DEL01-PR";"UOP02-DEL01-PR"
362621;2021-06-07;"segunda-feira";"13:00:00";"SC";101;154,9;"PORTO BELO";"Velocidade Incompatível";"Saída de leito carroçável";"Com Vítimas Feridas";"Pleno dia";"Decrescente";"Nublado";"Simples";"Curva";"Sim";1;0;1;0;0;0;1;1;-27,153819;-48,61086393;"SPRF-SC";"DEL04-SC";"UOP03-DEL04-SC"
362622;2021-06-07;"segunda-feira";"12:17:00";"RS";290;35;"SANTO ANTONIO DA PATRULHA";"Condutor deixou de manter distância do veículo da frente";"Colisão traseira";"Com Vítimas Feridas";"Pleno dia";"Crescente";"Nublado";"Dupla";"Reta";"Não";3;0;1;0;2;0;1;2;-29,883583;-50,555428;"SPRF-RS";"DEL03-RS";"UOP01-DEL03-RS"
362623;2021-06-07;"segunda-feira";"11:30:00";"MT";364;224,1;"RONDONOPOLIS";"Ausência de reação do condutor";"Queda de ocupante de veículo";"Com Vítimas Feridas";"Pleno dia";"Decrescente";"Céu Claro";"Dupla";"Reta";"Não";1;0;1;0;0;0;1;1;-16,3154901;-54,75440328;"SPRF-MT";"DEL02-MT";"UOP01-DEL02-MT"
362625;2021-06-07;"segunda-feira";"13:07:00";"PR";476;124;"CURITIBA";"Ausência de reação do condutor";"Queda de ocupante de veículo";"Com Vítimas Feridas";"Pleno dia";"Crescente";"Chuva";"Dupla";"Reta";"Não";1;0;1;0;0;0;1;1;-25,399845;-49,215855;"SPRF-PR";"DEL01-PR";"UOP03-DEL01-PR"
362626;2021-06-07;"segunda-feira";"13:50:00";"GO";60;17,4;"ALEXANIA";"Retorno proibido";"Eventos atípicos";"Com Vítimas Feridas";"Pleno dia";"Decrescente";"Céu Claro";"Dupla";"Reta";"Não";6;0;3;0;1;2;3;3;-16,094168;-48,517212;"SPRF-DF";"DEL03-DF";"UOP01-DEL03-DF"
362627;2021-06-07;"segunda-feira";"09:30:00";"RJ";493;6;"ITABORAI";"Acessar a via sem observar a presença dos outros veículos";"Colisão lateral mesmo sentido";"Com Vítimas Feridas";"Pleno dia";"Decrescente";"Céu Claro";"Simples";"Reta";"Sim";2;0;1;0;1;0;1;2;-22,73124198;-42,95145305;"SPRF-RJ";"DEL02-RJ";"UOP02-DEL02-RJ"
362628;2021-06-07;"segunda-feira";"13:10:00";"PR";376;652;"TIJUCAS DO SUL";"Velocidade Incompatível";"Saída de leito carroçável";"Com Vítimas Feridas";"Pleno dia";"Decrescente";"Chuva";"Dupla";"Curva";"Não";4;0;3;0;1;0;3;2;-25,8461583;-49,068884;"SPRF-PR";"DEL01-PR";"UOP04-DEL01-PR"
362630;2021-06-07;"segunda-feira";"13:45:00";"RJ";40;109;"DUQUE DE CAXIAS";"Pista esburacada";"Queda de ocupante de veículo";"Com Vítimas Feridas";"Pleno dia";"Decrescente";"Nublado";"Múltipla";"Curva";"Sim";1;0;1;0;0;0;1;1;-22,67374628;-43,28638368;"SPRF-RJ";"DEL01-RJ";"UOP01-DEL01-RJ"
362631;2021-06-07;"segunda-feira";"12:30:00";"MT";163;831;"SINOP";"Condutor deixou de manter distância do veículo da frente";"Colisão traseira";"Com Vítimas Feridas";"Pleno dia";"Decrescente";"Céu Claro";"Dupla";"Retorno Regulamentado";"Sim";2;0;1;0;1;0;1;2;-11,89280581;-55,50354123;"SPRF-MT";"DEL06-MT";"UOP01-DEL06-MT"
362634;2021-06-07;"segunda-feira";"14:00:00";"PR";376;159;"MARINGA";"Manobra de mudança de faixa";"Queda de ocupante de veículo";"Com Vítimas Feridas";"Pleno dia";"Decrescente";"Chuva";"Dupla";"Retorno Regulamentado";"Não";1;0;1;0;0;0;1;1;-23,36498136;-52,07632098;"SPRF-PR";"DEL09-PR";"UOP01-DEL09-PR"
362635;2021-06-07;"segunda-feira";"13:30:00";"RN";101;105,7;"PARNAMIRIM";"Desrespeitar a preferência no cruzamento";"Colisão transversal";"Com Vítimas Feridas";"Pleno dia";"Decrescente";"Nublado";"Dupla";"Interseção de Vias";"Sim";2;0;1;0;1;0;1;2;-5,90621844;-35,26011586;"SPRF-RN";"DEL01-RN";"UOP01-DEL01-RN"
362637;2021-05-07;"sexta-feira";"20:20:00";"PR";277;73;"SAO JOSE DOS PINHAIS";"Reação tardia ou ineficiente do condutor";"Colisão traseira";"Com Vítimas Feridas";"Plena Noite";"Crescente";"Nublado";"Dupla";"Reta";"Sim";2;0;0;1;1;0;1;2;-25,52124342;-49,10648119;"SPRF-PR";"DEL01-PR";"UOP01-DEL01-PR"
362638;2021-06-07;"segunda-feira";"14:40:00";"SC";101;213;"PALHOCA";"Manobra de mudança de faixa";"Colisão lateral mesmo sentido";"Com Vítimas Feridas";"Pleno dia";"Decrescente";"Nublado";"Dupla";"Reta";"Sim";3;0;1;0;2;0;1;3;-27,63697369;-48,66514142;"SPRF-SC";"DEL01-SC";"UOP02-DEL01-SC"
362640;2021-05-06;"quinta-feira";"18:40:00";"RS";285;455,5;"IJUI";"Acessar a via sem observar a presença dos outros veículos";"Colisão transversal";"Com Vítimas Feridas";"Plena Noite";"Crescente";"Céu Claro";"Simples";"Reta";"Sim";3;0;1;0;2;0;1;3;-28,38623318;-53,88967216;"SPRF-RS";"DEL10-RS";"UOP01-DEL10-RS"
362641;2021-06-07;"segunda-feira";"13:50:00";"RJ";40;117;"DUQUE DE CAXIAS";"Acessar a via sem observar a presença dos outros veículos";"Queda de ocupante de veículo";"Com Vítimas Feridas";"Pleno dia";"Decrescente";"Nublado";"Dupla";"Reta";"Não";2;0;1;0;1;0;1;2;-22,745676;-43,2881;"SPRF-RJ";"DEL01-RJ";"UOP01-DEL01-RJ"
362642;2021-05-13;"quinta-feira";"19:30:00";"GO";153;136;"GOIANIA";"Manobra de mudança de faixa";"Saída de leito carroçável";"Com Vítimas Feridas";"Plena Noite";"Crescente";"Céu Claro";"Dupla";"Curva";"Sim";1;0;1;0;0;0;1;1;-16,59755204;-49,19751948;"SPRF-GO";"DEL07-GO";"UOP01-DEL07-GO"
362643;2021-06-06;"domingo";"00:30:00";"RJ";101;411;"ITAGUAI";"Velocidade Incompatível";"Colisão com objeto";"Sem Vítimas";"Plena Noite";"Decrescente";"Nublado";"Dupla";"Reta";"Não";2;0;0;0;1;1;0;1;-22,896222;-43,853452;"SPRF-RJ";"DEL03-RJ";"UOP01-DEL03-RJ"
362644;2021-06-07;"segunda-feira";"13:00:00";"ES";101;139;"LINHARES";"Frear bruscamente";"Queda de ocupante de veículo";"Com Vítimas Feridas";"Pleno dia";"Decrescente";"Céu Claro";"Múltipla";"Reta";"Sim";1;0;1;0;0;0;1;1;-19,3101728;-40,0799666;"SPRF-ES";"DEL04-ES";"UOP01-DEL04-ES"
362645;2021-06-07;"segunda-feira";"14:05:00";"RS";470;155;"NOVA PRATA";"Desrespeitar a preferência no cruzamento";"Tombamento";"Com Vítimas Feridas";"Pleno dia";"Decrescente";"Nublado";"Simples";"Declive;Rotatória";"Sim";2;0;1;0;1;0;1;2;-28,78243906;-51,61511825;"SPRF-RS";"DEL06-RS";"UOP02-DEL06-RS"
362646;2021-06-07;"segunda-feira";"15:10:00";"PE";101;68,3;"RECIFE";"Reação tardia ou ineficiente do condutor";"Atropelamento de Pedestre";"Com Vítimas Feridas";"Pleno dia";"Decrescente";"Nublado";"Dupla";"Reta";"Sim";3;0;0;1;2;0;1;2;-8,053872;-34,946139;"SPRF-PE";"DEL01-PE";"UOP01-DEL01-PE"
362647;2021-06-07;"segunda-feira";"13:25:00";"PE";101;147,7;"RIBEIRAO";"Pista Escorregadia";"Saída de leito carroçável";"Com Vítimas Feridas";"Pleno dia";"Crescente";"Chuva";"Dupla";"Curva";"Não";1;0;1;0;0;0;1;1;-8,47458903;-35,37134167;"SPRF-PE";"DEL01-PE";"UOP01-DEL01-PE"
362648;2021-06-07;"segunda-feira";"14:00:00";"SC";101;257,3;"PAULO LOPES";"Velocidade Incompatível";"Saída de leito carroçável";"Com Vítimas Feridas";"Pleno dia";"Decrescente";"Chuva";"Dupla";"Declive;Reta";"Não";1;0;1;0;0;0;1;1;-27,99701205;-48,68755194;"SPRF-SC";"DEL02-SC";"UOP03-DEL02-SC"
362649;2021-06-07;"segunda-feira";"11:00:00";"RS";470;34,4;"BARRACAO";"Demais falhas mecânicas ou elétricas";"Incêndio";"Sem Vítimas";"Pleno dia";"Crescente";"Céu Claro";"Simples";"Reta";"Não";1;0;0;0;1;0;0;1;-27,92360647;-51,45830333;"SPRF-RS";"DEL08-RS";"UOP05-DEL08-RS"
362652;2021-06-07;"segunda-feira";"15:30:00";"SP";116;560;"BARRA DO TURVO";"Reação tardia ou ineficiente do condutor";"Colisão com objeto";"Com Vítimas Feridas";"Pleno dia";"Crescente";"Garoa/Chuvisco";"Dupla";"Curva";"Não";2;0;1;0;1;0;1;1;-25,01886488;-48,51219177;"SPRF-SP";"DEL05-SP";"UOP02-DEL05-SP"
362655;2021-06-07;"segunda-feira";"15:40:00";"RJ";40;105;"DUQUE DE CAXIAS";"Entrada inopinada do pedestre";"Atropelamento de Pedestre";"Com Vítimas Feridas";"Pleno dia";"Decrescente";"Nublado";"Simples";"Reta";"Sim";2;0;1;0;1;0;1;2;-22,63784806;-43,28428824;"SPRF-RJ";"DEL01-RJ";"UOP01-DEL01-RJ"
362656;2021-06-07;"segunda-feira";"16:10:00";"SC";470;140,4;"RIO DO SUL";"Acessar a via sem observar a presença dos outros veículos";"Colisão transversal";"Com Vítimas Feridas";"Pleno dia";"Decrescente";"Nublado";"Simples";"Reta";"Não";3;0;1;0;2;0;1;2;-27,222485;-49,662827;"SPRF-SC";"DEL04-SC";"UOP02-DEL04-SC"
362659;2021-06-07;"segunda-feira";"15:05:00";"PR";277;40,6;"MORRETES";"Velocidade Incompatível";"Colisão com objeto";"Com Vítimas Feridas";"Pleno dia";"Decrescente";"Chuva";"Dupla";"Curva;Declive";"Não";7;0;3;1;3;0;4;3;-25,580039;-48,872806;"SPRF-PR";"DEL01-PR";"UOP05-DEL01-PR"
362660;2021-02-03;"quarta-feira";"18:40:00";"DF";20;42;"BRASILIA";"Acumulo de água sobre o pavimento";"Saída de leito carroçável";"Com Vítimas Feridas";"Anoitecer";"Crescente";"Chuva";"Dupla";"Reta";"Não";2;0;2;0;0;0;2;1;-15,579221;-47,494339;"SPRF-DF";"DEL02-DF";"UOP01-DEL02-DF"
362662;2021-02-24;"quarta-feira";"18:20:00";"BA";415;47,6;"ITABUNA";"Acessar a via sem observar a presença dos outros veículos";"Colisão transversal";"Com Vítimas Feridas";"Anoitecer";"Crescente";"Céu Claro";"Simples";"Reta";"Sim";2;0;1;0;1;0;1;2;-14,81574494;-39,29612388;"SPRF-BA";"DEL05-BA";"UOP01-DEL05-BA"
362664;2021-06-07;"segunda-feira";"15:30:00";"PI";316;8,9;"TERESINA";"Reação tardia ou ineficiente do condutor";"Colisão com objeto";"Com Vítimas Feridas";"Pleno dia";"Crescente";"Céu Claro";"Simples";"Reta";"Sim";5;0;1;2;2;0;3;2;-5,16483402;-42,76899508;"SPRF-PI";"DEL01-PI";"UOP02-DEL01-PI"
362665;2021-06-07;"segunda-feira";"11:00:00";"MA";135;16;"SAO LUIS";"Reação tardia ou ineficiente do condutor";"Engavetamento";"Sem Vítimas";"Pleno dia";"Decrescente";"Nublado";"Simples";"Aclive";"Não";6;0;0;0;5;1;0;3;-2,70264079;-44,31049629;"SPRF-MA";"DEL01-MA";"UOP01-DEL01-MA"
362666;2021-06-07;"segunda-feira";"16:20:00";"ES";262;18,5;"VIANA";"Desrespeitar a preferência no cruzamento";"Colisão transversal";"Com Vítimas Feridas";"Pleno dia";"Crescente";"Nublado";"Simples";"Reta";"Sim";3;0;2;0;1;0;2;2;-20,39137228;-40,48080285;"SPRF-ES";"DEL01-ES";"UOP01-DEL01-ES"
362667;2021-06-07;"segunda-feira";"16:00:00";"BA";324;616;"SALVADOR";"Velocidade Incompatível";"Saída de leito carroçável";"Com Vítimas Feridas";"Pleno dia";"Crescente";"Céu Claro";"Dupla";"Reta";"Sim";3;0;2;0;1;0;2;1;-12,87957905;-38,43213893;"SPRF-BA";"DEL01-BA";"UOP01-DEL01-BA"
362669;2021-06-07;"segunda-feira";"15:30:00";"SC";101;132,2;"BALNEARIO CAMBORIU";"Trafegar com motocicleta (ou similar) entre as faixas";"Colisão lateral mesmo sentido";"Com Vítimas Feridas";"Pleno dia";"Decrescente";"Garoa/Chuvisco";"Múltipla";"Reta";"Sim";2;0;1;0;1;0;1;2;-26,99654133;-48,65564711;"SPRF-SC";"DEL04-SC";"UOP03-DEL04-SC"
362670;2021-06-07;"segunda-feira";"16:55:00";"GO";50;200;"CAMPO ALEGRE DE GOIAS";"Condutor Dormindo";"Capotamento";"Com Vítimas Feridas";"Pleno dia";"Crescente";"Céu Claro";"Dupla";"Reta";"Não";3;0;3;0;0;0;3;1;-17,5796;-47,8193;"SPRF-GO";"DEL06-GO";"UOP01-DEL06-GO"
362672;2021-06-07;"segunda-feira";"17:00:00";"MG";365;164;"PIRAPORA";"Demais falhas mecânicas ou elétricas";"Saída de leito carroçável";"Com Vítimas Fatais";"Pleno dia";"Decrescente";"Céu Claro";"Simples";"Reta";"Sim";3;1;1;1;0;0;2;1;-17,37659084;-44,95293512;"SPRF-MG";"DEL12-MG";"UOP01-DEL12-MG"
362675;2021-06-07;"segunda-feira";"15:30:00";"SP";116;509,5;"CAJATI";"Velocidade Incompatível";"Saída de leito carroçável";"Sem Vítimas";"Pleno dia";"Decrescente";"Chuva";"Dupla";"Curva";"Não";5;0;0;0;5;0;0;1;-24,82178987;-48,21419034;"SPRF-SP";"DEL05-SP";"UOP02-DEL05-SP"
362676;2021-06-07;"segunda-feira";"17:15:00";"RJ";101;474;"ANGRA DOS REIS";"Acessar a via sem observar a presença dos outros veículos";"Colisão frontal";"Com Vítimas Feridas";"Plena Noite";"Decrescente";"Nublado";"Simples";"Reta";"Não";2;0;0;1;1;0;1;2;-22,99716818;-44,25194448;"SPRF-RJ";"DEL03-RJ";"UOP03-DEL03-RJ"
362678;2021-06-07;"segunda-feira";"15:20:00";"SC";470;1,3;"NAVEGANTES";"Conversão proibida";"Colisão transversal";"Com Vítimas Feridas";"Pleno dia";"Crescente";"Nublado";"Dupla";"Reta";"Não";2;0;1;0;1;0;1;2;-26,875383;-48,668285;"SPRF-SC";"DEL04-SC";"UOP04-DEL04-SC"
362681;2021-06-07;"segunda-feira";"17:20:00";"SP";116;221,5;"GUARULHOS";"Condutor deixou de manter distância do veículo da frente";"Tombamento";"Com Vítimas Feridas";"Anoitecer";"Decrescente";"Nublado";"Múltipla";"Reta";"Sim";1;0;1;0;0;0;1;1;-23,46802395;-46,50704901;"SPRF-SP";"DEL01-SP";"UOP01-DEL01-SP"
362682;2021-06-07;"segunda-feira";"17:45:00";"DF";40;0;"BRASILIA";"Curva acentuada";"Saída de leito carroçável";"Com Vítimas Feridas";"Anoitecer";"Decrescente";"Céu Claro";"Dupla";"Curva";"Sim";1;0;1;0;0;0;1;1;-15,976897;-47,990129;"SPRF-DF";"DEL01-DF";"UOP01-DEL01-DF"
362683;2021-06-07;"segunda-feira";"16:50:00";"RS";470;249,5;"BARAO";"Velocidade Incompatível";"Saída de leito carroçável";"Com Vítimas Feridas";"Pleno dia";"Decrescente";"Chuva";"Simples";"Curva;Declive";"Não";3;0;2;0;1;0;2;1;-29,385815;-51,49171;"SPRF-RS";"DEL06-RS";"UOP01-DEL06-RS"
362684;2021-06-07;"segunda-feira";"17:45:00";"ES";101;141,8;"LINHARES";"Condutor deixou de manter distância do veículo da frente";"Colisão traseira";"Com Vítimas Feridas";"Plena Noite";"Decrescente";"Céu Claro";"Simples";"Reta";"Sim";2;0;1;0;1;0;1;2;-19,32655693;-40,07192387;"SPRF-ES";"DEL04-ES";"UOP01-DEL04-ES"
362685;2021-06-07;"segunda-feira";"17:30:00";"MG";116;707,8;"MURIAE";"Pedestre andava na pista";"Atropelamento de Pedestre";"Com Vítimas Feridas";"Anoitecer";"Decrescente";"Céu Claro";"Simples";"Curva";"Não";2;0;1;0;1;0;1;2;-21,15538281;-42,38264744;"SPRF-MG";"DEL07-MG";"UOP02-DEL07-MG"
362686;2021-06-07;"segunda-feira";"16:00:00";"PI";407;512,4;"PATOS DO PIAUI";"Transitar na contramão";"Colisão lateral sentido oposto";"Com Vítimas Feridas";"Pleno dia";"Crescente";"Céu Claro";"Simples";"Reta";"Não";2;0;1;0;1;0;1;2;-7,66228001;-41,24737712;"SPRF-PI";"DEL04-PI";"UOP01-DEL04-PI"
362688;2021-06-07;"segunda-feira";"15:45:00";"MG";116;413,5;"GOVERNADOR VALADARES";"Desrespeitar a preferência no cruzamento";"Colisão transversal";"Com Vítimas Feridas";"Pleno dia";"Crescente";"Céu Claro";"Simples";"Interseção de Vias";"Sim";2;0;1;0;1;0;1;2;-18,873907;-41,966366;"SPRF-MG";"DEL06-MG";"UOP01-DEL06-MG"
362690;2021-06-07;"segunda-feira";"16:35:00";"SP";116;341;"MIRACATU";"Ausência de reação do condutor";"Saída de leito carroçável";"Com Vítimas Feridas";"Pleno dia";"Decrescente";"Nublado";"Dupla";"Curva";"Não";3;0;1;0;2;0;1;1;-24,00990014;-47,16199395;"SPRF-SP";"DEL04-SP";"UOP02-DEL04-SP"
362691;2021-06-07;"segunda-feira";"15:50:00";"SP";116;541;"BARRA DO TURVO";"Chuva";"Colisão com objeto";"Com Vítimas Feridas";"Pleno dia";"Crescente";"Garoa/Chuvisco";"Simples";"Curva";"Não";1;0;1;0;0;0;1;1;-24,97245688;-48,39976606;"SPRF-SP";"DEL05-SP";"UOP02-DEL05-SP"
362693;2021-06-07;"segunda-feira";"18:00:00";"RJ";116;170;"SAO JOAO DE MERITI";"Conversão proibida";"Colisão transversal";"Com Vítimas Feridas";"Plena Noite";"Crescente";"Céu Claro";"Dupla";"Reta";"Sim";1;0;1;0;0;0;1;1;-22,81113183;-43,3336729;"SPRF-RJ";"DEL01-RJ";"UOP02-DEL01-RJ"
362694;2021-05-18;"terça-feira";"09:59:00";"AL";316;245;"ATALAIA";"Acesso irregular";"Colisão lateral mesmo sentido";"Com Vítimas Feridas";"Pleno dia";"Crescente";"Nublado";"Simples";"Reta";"Sim";3;0;2;0;1;0;2;2;-9,51787134;-35,99989354;"SPRF-AL";"DEL01-AL";"UOP01-DEL01-AL"
362697;2021-06-07;"segunda-feira";"18:20:00";"CE";116;14;"FORTALEZA";"Condutor usando celular";"Colisão traseira";"Com Vítimas Feridas";"Plena Noite";"Crescente";"Céu Claro";"Múltipla";"Viaduto";"Não";2;0;1;0;1;0;1;2;-3,86973356;-38,49827361;"SPRF-CE";"DEL01-CE";"UOP02-DEL01-CE"
362698;2021-06-07;"segunda-feira";"17:30:00";"MG";381;936,4;"EXTREMA";"Velocidade Incompatível";"Colisão com objeto";"Com Vítimas Feridas";"Anoitecer";"Decrescente";"Nublado";"Dupla";"Aclive;Curva";"Não";2;0;1;0;1;0;1;2;-22,82914914;-46,31469547;"SPRF-MG";"DEL16-MG";"UOP03-DEL16-MG"
362700;2021-06-07;"segunda-feira";"18:15:00";"PR";376;134;"NOVA ESPERANCA";"Velocidade Incompatível";"Saída de leito carroçável";"Com Vítimas Feridas";"Plena Noite";"Crescente";"Nublado";"Dupla";"Aclive";"Sim";2;0;2;0;0;0;2;1;-23,19499451;-52,20268041;"SPRF-PR";"DEL09-PR";"UOP02-DEL09-PR"
362701;2021-06-07;"segunda-feira";"18:25:00";"RS";290;86,5;"PORTO ALEGRE";"Manobra de mudança de faixa";"Colisão lateral mesmo sentido";"Com Vítimas Feridas";"Plena Noite";"Decrescente";"Chuva";"Múltipla";"Reta";"Não";2;0;1;0;1;0;1;2;-29,968412;-51,117138;"SPRF-RS";"DEL01-RS";"UOP01-DEL01-RS"
362703;2021-06-07;"segunda-feira";"17:20:00";"RO";174;15,1;"VILHENA";"Acesso irregular";"Colisão transversal";"Com Vítimas Feridas";"Pleno dia";"Decrescente";"Sol";"Simples";"Reta";"Sim";2;0;0;1;1;0;1;2;-12,723321;-60,12801;"SPRF-RO";"DEL04-RO";"UOP01-DEL04-RO"
362704;2021-06-07;"segunda-feira";"18:50:00";"MG";40;423;"CURVELO";"Animais na Pista";"Atropelamento de Animal";"Com Vítimas Feridas";"Anoitecer";"Decrescente";"Céu Claro";"Simples";"Reta";"Não";1;0;1;0;0;0;1;1;-19,15337404;-44,538155;"SPRF-MG";"DEL02-MG";"UOP01-DEL02-MG"
362706;2021-06-07;"segunda-feira";"18:15:00";"BA";116;419,3;"FEIRA DE SANTANA";"Condutor deixou de manter distância do veículo da frente";"Colisão traseira";"Sem Vítimas";"Anoitecer";"Decrescente";"Céu Claro";"Dupla";"Reta";"Sim";2;0;0;0;2;0;0;2;-12,194529;-38,965336;"SPRF-BA";"DEL02-BA";"UOP01-DEL02-BA"
362707;2021-06-07;"segunda-feira";"18:15:00";"PE";101;83;"JABOATAO DOS GUARARAPES";"Reação tardia ou ineficiente do condutor";"Colisão transversal";"Com Vítimas Feridas";"Plena Noite";"Crescente";"Nublado";"Simples";"Reta";"Sim";2;0;1;0;0;1;1;2;-8,188932;-34,95443;"SPRF-PE";"DEL01-PE";"UOP01-DEL01-PE"
362708;2021-06-07;"segunda-feira";"19:00:00";"SC";101;374,4;"ICARA";"Frear bruscamente";"Tombamento";"Com Vítimas Feridas";"Plena Noite";"Decrescente";"Chuva";"Dupla";"Reta";"Não";1;0;1;0;0;0;1;1;-28,71534412;-49,22723198;"SPRF-SC";"DEL02-SC";"UOP01-DEL02-SC"
362709;2021-06-07;"segunda-feira";"18:50:00";"MG";381;683,9;"RIBEIRAO VERMELHO";"Transitar no acostamento";"Colisão frontal";"Com Vítimas Fatais";"Plena Noite";"Decrescente";"Céu Claro";"Dupla";"Curva";"Não";2;1;0;0;0;1;0;2;-21,15719391;-45,11660421;"SPRF-MG";"DEL04-MG";"UOP02-DEL04-MG"