"id";"data_inversa";"dia_semana";"horario";"uf";"br";"km";"municipio";"causa_acidente";"tipo_acidente";"classificacao_acidente";"fase_dia";"sentido_via";"condicao_metereologica";"tipo_pista";"tracado_via";"uso_solo";"pessoas";"mortos";"feridos_leves";"feridos_graves";"ilesos";"ignorados";"feridos";"veiculos";"latitude";"longitude";"regional";"delegacia";"uop"
363205;2021-06-10;"quinta-feira";"09:30:00";"ES";101;272,5;"SERRA";"Objeto estático sobre o leito carroçável";"Saída de leito carroçável";"Com Vítimas Feridas";"Pleno dia";"Decrescente";"Chuva";"Múltipla";"Reta";"Sim";1;0;1;0;0;0;1;1;-20,22376454;-40,28791666;"SPRF-ES";"DEL02-ES";"UOP01-DEL02-ES"
363212;2021-06-10;"quinta-feira";"09:00:00";"RJ";101;297;"ITABORAI";"Condutor deixou de manter distância do veículo da frente";"Engavetamento";"Com Vítimas Feridas";"Pleno dia";"Crescente";"Céu Claro";"Dupla";"Reta";"Sim";5;0;1;0;4;0;1;4;-22,76942037;-42,91873581;"SPRF-RJ";"DEL02-RJ";"UOP02-DEL02-RJ"
363213;2021-06-10;"quinta-feira";"08:00:00";"MT";364;273;"JACIARA";"Ausência de reação do condutor";"Tombamento";"Com Vítimas Feridas";"Pleno dia";"Decrescente";"Sol";"Dupla";"Reta";"Sim";1;0;0;1;0;0;1;1;-15,96077957;-54,96772983;"SPRF-MT";"DEL02-MT";"UOP01-DEL02-MT"
363215;2021-06-10;"quinta-feira";"09:10:00";"PR";277;67,8;"SAO JOSE DOS PINHAIS";"Manobra de mudança de faixa";"Colisão lateral mesmo sentido";"Com Vítimas Feridas";"Pleno dia";"Crescente";"Céu Claro";"Simples";"Reta";"Sim";2;0;2;0;0;0;2;2;-25,54511074;-49,05291088;"SPRF-PR";"DEL01-PR";"UOP01-DEL01-PR"
363217;2021-05-21;"sexta-feira";"08:00:00";"PR";116;101;"SAO JOSE DOS PINHAIS";"Condutor deixou de manter distância do veículo da frente";"Colisão traseira";"Com Vítimas Feridas";"Pleno dia";"Crescente";"Céu Claro";"Dupla";"Reta";"Sim";2;0;1;0;1;0;1;2;-25,54167701;-49,1509368;"SPRF-PR";"DEL01-PR";"UOP01-DEL01-PR"
363220;2021-06-10;"quinta-feira";"09:50:00";"PR";476;141;"CURITIBA";"Transitar na contramão";"Colisão frontal";"Com Vítimas Fatais";"Pleno dia";"Crescente";"Nublado";"Simples";"Interseção de Vias";"Sim";2;1;0;0;1;0;0;2;-25,534745;-49,301301;"SPRF-PR";"DEL01-PR";"UOP03-DEL01-PR"
363225;2021-06-10;"quinta-feira";"10:45:00";"RN";304;220,7;"CAICARA DO RIO DO VENTO";"Manobra de mudança de faixa";"Colisão lateral mesmo sentido";"Com Vítimas Feridas";"Pleno dia";"Decrescente";"Céu Claro";"Simples";"Reta";"Não";2;0;1;0;1;0;1;2;-5,757041;-35,98889;"SPRF-RN";"DEL01-RN";"UOP03-DEL01-RN"
363226;2021-06-10;"quinta-feira";"11:13:00";"GO";40;24;"LUZIANIA";"Acessar a via sem observar a presença dos outros veículos";"Colisão lateral sentido oposto";"Com Vítimas Feridas";"Pleno dia";"Crescente";"Céu Claro";"Dupla";"Interseção de Vias";"Sim";2;0;0;1;1;0;1;2;-16,252738;-47,900437;"SPRF-DF";"DEL01-DF";"UOP01-DEL01-DF"
363229;2021-06-10;"quinta-feira";"09:30:00";"MS";163;373,1;"NOVA ALVORADA DO SUL";"Velocidade Incompatível";"Saída de leito carroçável";"Com Vítimas Feridas";"Pleno dia";"Crescente";"Chuva";"Dupla";"Curva";"Não";1;0;1;0;0;0;1;1;-21,401789;-54,40332592;"SPRF-MS";"DEL02-MS";"UOP01-DEL02-MS"
363231;2021-06-10;"quinta-feira";"10:00:00";"PR";476;138;"CURITIBA";"Desrespeitar a preferência no cruzamento";"Colisão transversal";"Com Vítimas Feridas";"Pleno dia";"Decrescente";"Céu Claro";"Simples";"Reta;Interseção de Vias;Declive";"Sim";2;0;1;0;1;0;1;2;-25,505564;-49,283417;"SPRF-PR";"DEL01-PR";"UOP03-DEL01-PR"
363232;2021-06-10;"quinta-feira";"07:20:00";"RJ";101;315;"RIO DE JANEIRO";"Acessar a via sem observar a presença dos outros veículos";"Colisão transversal";"Com Vítimas Feridas";"Pleno dia";"Crescente";"Céu Claro";"Dupla";"Reta";"Não";2;0;0;1;0;1;1;2;-22,80546555;-43,06156967;"SPRF-RJ";"DEL02-RJ";"UOP02-DEL02-RJ"
363233;2021-05-25;"terça-feira";"19:35:00";"ES";101;64,9;"SAO MATEUS";"Reação tardia ou ineficiente do condutor";"Colisão traseira";"Com Vítimas Feridas";"Plena Noite";"Decrescente";"Céu Claro";"Simples";"Ponte";"Não";2;0;0;2;0;0;2;2;-18,7081632;-39,87693787;"SPRF-ES";"DEL04-ES";"UOP02-DEL04-ES"
363234;2021-06-10;"quinta-feira";"10:30:00";"SC";116;192,5;"PONTE ALTA";"Velocidade Incompatível";"Colisão frontal";"Com Vítimas Feridas";"Pleno dia";"Decrescente";"Chuva";"Simples";"Curva";"Não";3;0;0;2;1;0;2;2;-27,36303564;-50,43355252;"SPRF-SC";"DEL05-SC";"UOP03-DEL05-SC"
363236;2021-06-10;"quinta-feira";"12:30:00";"MG";50;39,5;"ARAGUARI";"Manobra de mudança de faixa";"Colisão traseira";"Com Vítimas Feridas";"Pleno dia";"Crescente";"Sol";"Dupla";"Retorno Regulamentado";"Sim";2;0;1;0;1;0;1;2;-18,66594982;-48,17302108;"SPRF-MG";"DEL15-MG";"UOP02-DEL15-MG"
363239;2021-06-10;"quinta-feira";"12:45:00";"SP";116;71;"APARECIDA";"Demais falhas mecânicas ou elétricas";"Tombamento";"Com Vítimas Feridas";"Pleno dia";"Decrescente";"Céu Claro";"Dupla";"Interseção de Vias";"Sim";1;0;1;0;0;0;1;1;-22,85950809;-45,23356676;"SPRF-SP";"DEL08-SP";"UOP01-DEL08-SP"
363242;2021-06-07;"segunda-feira";"00:01:00";"PI";343;616;"FLORIANO";"Reação tardia ou ineficiente do condutor";"Saída de leito carroçável";"Com Vítimas Feridas";"Pleno dia";"Crescente";"Sol";"Simples";"Reta";"Não";1;0;1;0;0;0;1;1;-6,924098;-43,179699;"SPRF-PI";"DEL03-PI";"UOP01-DEL03-PI"
363243;2021-06-10;"quinta-feira";"13:50:00";"ES";101;165;"LINHARES";"Acessar a via sem observar a presença dos outros veículos";"Colisão transversal";"Com Vítimas Feridas";"Pleno dia";"Crescente";"Nublado";"Dupla";"Interseção de Vias";"Sim";4;0;2;0;2;0;2;2;-19,51360307;-40,1399459;"SPRF-ES";"DEL04-ES";"UOP01-DEL04-ES"
363244;2021-06-10;"quinta-feira";"10:40:00";"MG";262;841,8;"CONCEICAO DAS ALAGOAS";"Demais falhas mecânicas ou elétricas";"Saída de leito carroçável";"Sem Vítimas";"Pleno dia";"Crescente";"Céu Claro";"Dupla";"Reta";"Não";1;0;0;0;1;0;0;1;-19,7562812;-48,27329301;"SPRF-MG";"DEL13-MG";"UOP01-DEL13-MG"
363245;2021-04-07;"quarta-feira";"22:20:00";"MG";40;310;"TRES MARIAS";"Demais falhas mecânicas ou elétricas";"Incêndio";"Sem Vítimas";"Plena Noite";"Crescente";"Nublado";"Simples";"Reta";"Não";2;0;0;0;2;0;0;1;-18,43298573;-45,07651058;"SPRF-MG";"DEL14-MG";"UOP02-DEL14-MG"
363246;2021-06-01;"terça-feira";"19:30:00";"GO";153;675,1;"PANAMA";"Velocidade Incompatível";"Saída de leito carroçável";"Com Vítimas Feridas";"Plena Noite";"Crescente";"Céu Claro";"Dupla";"Curva";"Não";1;0;1;0;0;0;1;1;-18,1855;-49,2895;"SPRF-GO";"DEL03-GO";"UOP02-DEL03-GO"
363249;2021-05-21;"sexta-feira";"16:45:00";"PR";487;159;"CAMPO MOURAO";"Reação tardia ou ineficiente do condutor";"Colisão traseira";"Com Vítimas Feridas";"Pleno dia";"Decrescente";"Céu Claro";"Simples";"Reta";"Sim";2;0;0;1;1;0;1;2;-23,971848;-52,559008;"SPRF-PR";"DEL09-PR";"UOP03-DEL09-PR"
363252;2021-03-28;"domingo";"21:29:00";"DF";20;9,2;"BRASILIA";"Condutor deixou de manter distância do veículo da frente";"Colisão traseira";"Com Vítimas Feridas";"Plena Noite";"Decrescente";"Céu Claro";"Dupla";"Reta";"Sim";2;0;0;1;1;0;1;2;-15,654671;-47,782917;"SPRF-DF";"DEL02-DF";"UOP01-DEL02-DF"
363257;2021-02-20;"sábado";"09:30:00";"DF";20;15,6;"BRASILIA";"Condutor deixou de manter distância do veículo da frente";"Colisão traseira";"Com Vítimas Feridas";"Pleno dia";"Decrescente";"Céu Claro";"Dupla";"Reta";"Sim";2;0;1;0;1;0;1;2;-15,630189;-47,733288;"SPRF-DF";"DEL02-DF";"UOP01-DEL02-DF"
363259;2021-06-10;"quinta-feira";"14:40:00";"PR";376;3;"SAO JOSE DOS PINHAIS";"Demais falhas mecânicas ou elétricas";"Tombamento";"Com Vítimas Feridas";"Pleno dia";"Decrescente";"Nublado";"Dupla";"Reta";"Sim";1;0;1;0;0;0;1;1;-25,5307;-49,1958;"SPRF-PR";"DEL01-PR";"UOP01-DEL01-PR"
363261;2021-06-10;"quinta-feira";"15:30:00";"GO";153;417,4;"ANAPOLIS";"Manobra de mudança de faixa";"Saída de leito carroçável";"Com Vítimas Fatais";"Pleno dia";"Decrescente";"Céu Claro";"Simples";"Reta";"Não";2;1;0;1;0;0;1;1;-16,150995;-49,044746;"SPRF-GO";"DEL02-GO";"UOP01-DEL02-GO"
363262;2021-06-10;"quinta-feira";"15:40:00";"PR";373;180,2;"PONTA GROSSA";"Transitar na contramão";"Colisão frontal";"Com Vítimas Feridas";"Pleno dia";"Crescente";"Nublado";"Simples";"Desvio Temporário";"Sim";2;0;1;0;1;0;1;2;-25,04003786;-50,25011301;"SPRF-PR";"DEL03-PR";"UOP01-DEL03-PR"
363264;2021-05-17;"segunda-feira";"07:55:00";"ES";262;1,8;"CARIACICA";"Entrada inopinada do pedestre";"Atropelamento de Pedestre";"Com Vítimas Feridas";"Pleno dia";"Decrescente";"Céu Claro";"Dupla";"Interseção de Vias";"Sim";3;0;0;1;1;1;1;2;-20,33310927;-40,35956752;"SPRF-ES";"DEL01-ES";"UOP01-DEL01-ES"
363265;2021-03-25;"quinta-feira";"06:30:00";"MG";116;89,7;"MEDINA";"Velocidade Incompatível";"Colisão com objeto";"Com Vítimas Feridas";"Pleno dia";"Crescente";"Céu Claro";"Simples";"Curva;Declive";"Não";2;0;2;0;0;0;2;1;-16,342478;-41,476151;"SPRF-MG";"DEL11-MG";"UOP02-DEL11-MG"
363266;2021-05-08;"sábado";"18:20:00";"MT";163;1013;"TERRA NOVA DO NORTE";"Reação tardia ou ineficiente do condutor";"Queda de ocupante de veículo";"Com Vítimas Feridas";"Plena Noite";"Crescente";"Céu Claro";"Simples";"Aclive";"Não";2;0;1;1;0;0;2;1;-10,51022501;-55,07439093;"SPRF-MT";"DEL06-MT";"NPF/DEL06-MT"
363270;2021-06-10;"quinta-feira";"15:40:00";"CE";20;223,5;"BOA VIAGEM";"Pista esburacada";"Saída de leito carroçável";"Com Vítimas Feridas";"Pleno dia";"Crescente";"Sol";"Simples";"Declive";"Não";2;0;1;1;0;0;2;1;-4,97322097;-39,64887005;"SPRF-CE";"DEL02-CE";"UOP02-DEL02-CE"
363272;2021-06-10;"quinta-feira";"15:05:00";"MT";70;219;"POXOREO";"Condutor Dormindo";"Saída de leito carroçável";"Sem Vítimas";"Pleno dia";"Decrescente";"Céu Claro";"Simples";"Reta";"Não";3;0;0;0;2;1;0;1;-15,67185519;-53,85622016;"SPRF-MT";"DEL05-MT";"UOP01-DEL05-MT"
363273;2021-06-10;"quinta-feira";"16:20:00";"GO";40;2,2;"VALPARAISO DE GOIAS";"Manobra de mudança de faixa";"Colisão lateral mesmo sentido";"Com Vítimas Feridas";"Anoitecer";"Crescente";"Céu Claro";"Dupla";"Reta";"Sim";4;0;1;0;3;0;1;3;-16,067129;-47,984235;"SPRF-DF";"DEL01-DF";"UOP01-DEL01-DF"
363274;2021-06-10;"quinta-feira";"12:30:00";"AM";174;953;"MANAUS";"Reação tardia ou ineficiente do condutor";"Colisão com objeto";"Com Vítimas Feridas";"Pleno dia";"Crescente";"Céu Claro";"Simples";"Reta";"Não";1;0;1;0;0;0;1;1;-2,37283298;-60,04118464;"SPRF-AM";"DEL01-AM";"UOP01-DEL01-AM"
363275;2021-06-10;"quinta-feira";"16:20:00";"PE";101;63;"RECIFE";"Manobra de mudança de faixa";"Colisão lateral mesmo sentido";"Com Vítimas Feridas";"Pleno dia";"Decrescente";"Céu Claro";"Dupla";"Reta";"Sim";2;0;1;0;1;0;1;2;-8,00800604;-34,93756535;"SPRF-PE";"DEL01-PE";"UOP01-DEL01-PE"
363276;2021-06-10;"quinta-feira";"12:30:00";"PE";110;221,5;"PETROLANDIA";"Ultrapassagem Indevida";"Colisão lateral mesmo sentido";"Com Vítimas Feridas";"Pleno dia";"Crescente";"Céu Claro";"Simples";"Reta";"Não";5;0;1;1;1;2;2;3;-9,00936293;-38,22421706;"SPRF-BA";"DEL07-BA";"UOP01-DEL07-BA"
363282;2021-06-10;"quinta-feira";"16:28:00";"RJ";101;308;"SAO GONCALO";"Frear bruscamente";"Colisão traseira";"Sem Vítimas";"Pleno dia";"Decrescente";"Céu Claro";"Dupla";"Reta";"Sim";2;0;0;0;2;0;0;2;-22,79309326;-43,02479595;"SPRF-RJ";"DEL02-RJ";"UOP02-DEL02-RJ"
363283;2021-06-10;"quinta-feira";"16:50:00";"PI";343;189,3;"PIRIPIRI";"Manobra de mudança de faixa";"Colisão lateral mesmo sentido";"Sem Vítimas";"Pleno dia";"Crescente";"Céu Claro";"Dupla";"Interseção de Vias";"Sim";3;0;0;0;3;0;0;3;-4,31367;-41,776325;"SPRF-PI";"DEL02-PI";"UOP01-DEL02-PI"
363285;2021-06-10;"quinta-feira";"15:00:00";"BA";330;807;"JEQUIE";"Velocidade Incompatível";"Saída de leito carroçável";"Sem Vítimas";"Pleno dia";"Crescente";"Garoa/Chuvisco";"Simples";"Curva";"Não";1;0;0;0;1;0;0;1;-13,98868384;-39,93740488;"SPRF-BA";"DEL03-BA";"UOP01-DEL03-BA"
363287;2021-06-10;"quinta-feira";"15:35:00";"RN";101;112;"SAO JOSE DE MIPIBU";"Ausência de sinalização";"Tombamento";"Com Vítimas Feridas";"Pleno dia";"Crescente";"Sol";"Dupla";"Reta";"Não";1;0;1;0;0;0;1;1;-5,96429;-35,264877;"SPRF-RN";"DEL01-RN";"UOP01-DEL01-RN"
363289;2021-06-10;"quinta-feira";"18:30:00";"ES";262;5,7;"CARIACICA";"Condutor desrespeitou a iluminação vermelha do semáforo";"Colisão transversal";"Com Vítimas Feridas";"Plena Noite";"Decrescente";"Chuva";"Múltipla";"Interseção de Vias";"Sim";2;0;1;0;1;0;1;2;-20,33856091;-40,39205074;"SPRF-ES";"DEL01-ES";"UOP01-DEL01-ES"
363291;2021-06-10;"quinta-feira";"17:20:00";"SP";116;340,3;"JUQUITIBA";"Velocidade Incompatível";"Saída de leito carroçável";"Com Vítimas Feridas";"Plena Noite";"Decrescente";"Chuva";"Dupla";"Curva";"Não";1;0;1;0;0;0;1;1;-24,00328505;-47,15633198;"SPRF-SP";"DEL04-SP";"UOP02-DEL04-SP"
363292;2021-06-10;"quinta-feira";"18:00:00";"PR";116;114;"CURITIBA";"Reação tardia ou ineficiente do condutor";"Colisão traseira";"Com Vítimas Feridas";"Anoitecer";"Decrescente";"Céu Claro";"Dupla";"Reta";"Sim";3;0;1;0;2;0;1;2;-25,54801717;-49,2956543;"SPRF-PR";"DEL01-PR";"UOP01-DEL01-PR"
363293;2021-06-10;"quinta-feira";"17:00:00";"RJ";393;171;"TRES RIOS";"Conversão proibida";"Colisão transversal";"Com Vítimas Feridas";"Anoitecer";"Decrescente";"Céu Claro";"Simples";"Interseção de Vias";"Não";2;0;1;0;1;0;1;2;-22,12420798;-43,19715858;"SPRF-RJ";"DEL05-RJ";"UOP02-DEL05-RJ"
363294;2021-06-10;"quinta-feira";"11:30:00";"SC";163;1,2;"DIONISIO CERQUEIRA";"Desrespeitar a preferência no cruzamento";"Colisão transversal";"Com Vítimas Feridas";"Pleno dia";"Decrescente";"Céu Claro";"Múltipla";"Rotatória";"Sim";2;0;1;0;1;0;1;2;-26,2613;-53,6206;"SPRF-SC";"DEL07-SC";"UOP03-DEL07-SC"
363295;2021-03-15;"segunda-feira";"18:00:00";"MG";251;361,5;"PADRE CARVALHO";"Acessar a via sem observar a presença dos outros veículos";"Colisão transversal";"Com Vítimas Feridas";"Anoitecer";"Decrescente";"Céu Claro";"Simples";"Interseção de Vias";"Não";5;0;0;1;3;1;1;3;-16,26006695;-42,61699396;"SPRF-MG";"DEL12-MG";"UOP01-DEL12-MG"
363296;2021-06-10;"quinta-feira";"18:00:00";"RS";116;248,7;"SAO LEOPOLDO";"Condutor deixou de manter distância do veículo da frente";"Colisão traseira";"Com Vítimas Feridas";"Plena Noite";"Decrescente";"Nublado";"Dupla";"Reta";"Sim";4;0;2;0;2;0;2;4;-29,77605895;-51,15508618;"SPRF-RS";"DEL01-RS";"UOP02-DEL01-RS"
363299;2021-06-10;"quinta-feira";"16:25:00";"BA";116;520;"ITATIM";"Animais na Pista";"Atropelamento de Animal";"Com Vítimas Feridas";"Anoitecer";"Decrescente";"Nublado";"Simples";"Reta";"Sim";2;0;2;0;0;0;2;1;-12,68454112;-39,67935494;"SPRF-BA";"DEL03-BA";"UOP02-DEL03-BA"
363300;2021-06-10;"quinta-feira";"18:39:00";"SP";116;156,5;"SAO JOSE DOS CAMPOS";"Trafegar com motocicleta (ou similar) entre as faixas";"Colisão lateral mesmo sentido";"Com Vítimas Feridas";"Plena Noite";"Crescente";"Chuva";"Dupla";"Reta";"Sim";2;0;1;0;0;1;1;2;-23,25044084;-45,93572909;"SPRF-SP";"DEL02-SP";"UOP01-DEL02-SP"
363304;2021-06-10;"quinta-feira";"18:25:00";"PR";277;4;"FOZ DO IGUACU";"Manobra de mudança de faixa";"Colisão transversal";"Com Vítimas Feridas";"Plena Noite";"Crescente";"Céu Claro";"Dupla";"Reta";"Sim";3;0;2;0;1;0;2;2;-25,47136728;-54,58527088;"SPRF-PR";"DEL05-PR";"UOP03-DEL05-PR"
363305;2021-06-10;"quinta-feira";"18:05:00";"SP";116;269,8;"TABOAO DA SERRA";"Manobra de mudança de faixa";"Queda de ocupante de veículo";"Com Vítimas Feridas";"Plena Noite";"Crescente";"Garoa/Chuvisco";"Dupla";"Reta";"Sim";1;0;1;0;0;0;1;1;-23,61593059;-46,78826044;"SPRF-SP";"DEL04-SP";"UOP01-DEL04-SP"
363307;2021-06-10;"quinta-feira";"18:30:00";"DF";70;18,3;"BRASILIA";"Manobra de mudança de faixa";"Colisão lateral mesmo sentido";"Com Vítimas Feridas";"Plena Noite";"Crescente";"Céu Claro";"Dupla";"Reta";"Não";2;0;1;0;1;0;1;2;-15,791093;-48,21096;"SPRF-DF";"DEL03-DF";"UOP02-DEL03-DF"
363308;2021-06-10;"quinta-feira";"17:50:00";"RO";364;713;"PORTO VELHO";"Reação tardia ou ineficiente do condutor";"Colisão traseira";"Sem Vítimas";"Anoitecer";"Decrescente";"Nublado";"Dupla";"Curva;Aclive;Viaduto";"Sim";2;0;0;0;2;0;0;2;-8,77090257;-63,88337743;"SPRF-RO";"DEL01-RO";"UOP01-DEL01-RO"
363309;2021-06-10;"quinta-feira";"18:50:00";"MG";40;39,9;"PARACATU";"Acessar a via sem observar a presença dos outros veículos";"Colisão transversal";"Com Vítimas Feridas";"Plena Noite";"Decrescente";"Céu Claro";"Simples";"Interseção de Vias";"Sim";4;0;1;0;3;0;1;2;-17,21128483;-46,89011999;"SPRF-MG";"DEL14-MG";"UOP01-DEL14-MG"
363310;2021-06-10;"quinta-feira";"19:10:00";"PR";376;601;"CURITIBA";"Iluminação deficiente";"Saída de leito carroçável";"Com Vítimas Feridas";"Plena Noite";"Crescente";"Nublado";"Dupla";"Reta";"Não";1;0;1;0;0;0;1;1;-25,53407743;-49,31900024;"SPRF-PR";"DEL01-PR";"UOP01-DEL01-PR"
363311;2021-06-10;"quinta-feira";"19:30:00";"ES";101;162;"LINHARES";"Acessar a via sem observar a presença dos outros veículos";"Colisão transversal";"Com Vítimas Feridas";"Anoitecer";"Decrescente";"Nublado";"Simples";"Reta";"Não";5;0;3;0;2;0;3;2;-19,49015283;-40,12624024;"SPRF-ES";"DEL04-ES";"UOP01-DEL04-ES"
363312;2021-06-10;"quinta-feira";"19:15:00";"RJ";116;139;"DUQUE DE CAXIAS";"Acessar a via sem observar a presença dos outros veículos";"Colisão transversal";"Com Vítimas Feridas";"Plena Noite";"Crescente";"Nublado";"Dupla";"Reta";"Não";2;0;0;1;1;0;1;2;-22,64655224;-43,20138601;"SPRF-RJ";"DEL01-RJ";"UOP01-DEL01-RJ"
363313;2021-06-10;"quinta-feira";"18:20:00";"SC";280;125;"RIO NEGRINHO";"Conversão proibida";"Colisão lateral sentido oposto";"Com Vítimas Feridas";"Plena Noite";"Decrescente";"Garoa/Chuvisco";"Simples";"Reta";"Não";2;0;1;0;1;0;1;2;-26,23763684;-49,48434497;"SPRF-SC";"DEL06-SC";"UOP03-DEL06-SC"
363316;2021-06-10;"quinta-feira";"20:05:00";"SC";101;214,9;"PALHOCA";"Reação tardia ou ineficiente do condutor";"Saída de leito carroçável";"Com Vítimas Feridas";"Plena Noite";"Decrescente";"Chuva";"Dupla";"Reta";"Sim";1;0;1;0;0;0;1;1;-27,64443;-48,67057;"SPRF-SC";"DEL01-SC";"UOP02-DEL01-SC"
363317;2021-06-10;"quinta-feira";"18:25:00";"RO";364;342,6;"JI-PARANA";"Condutor deixou de manter distância do veículo da frente";"Colisão traseira";"Com Vítimas Feridas";"Anoitecer";"Crescente";"Céu Claro";"Dupla";"Ponte;Reta";"Sim";2;0;1;0;1;0;1;2;-10,88122728;-61,94134712;"SPRF-RO";"DEL02-RO";"UOP01-DEL02-RO"
363319;2021-06-10;"quinta-feira";"19:45:00";"SP";116;311;"SAO LOURENCO DA SERRA";"Entrada inopinada do pedestre";"Atropelamento de Pedestre";"Com Vítimas Fatais";"Plena Noite";"Decrescente";"Chuva";"Dupla";"Reta";"Sim";2;1;1;0;0;0;1;2;-23,88342825;-46,97368879;"SPRF-SP";"DEL04-SP";"UOP01-DEL04-SP"
363322;2021-06-10;"quinta-feira";"20:00:00";"ES";101;285,5;"CARIACICA";"Condutor deixou de manter distância do veículo da frente";"Colisão lateral mesmo sentido";"Sem Vítimas";"Plena Noite";"Crescente";"Chuva";"Dupla";"Curva";"Sim";3;0;0;0;3;0;0;3;-20,25148171;-40,37270066;"SPRF-ES";"DEL01-ES";"UOP01-DEL01-ES"
363323;2021-06-07;"segunda-feira";"14:35:00";"PR";376;516,5;"PONTA GROSSA";"Velocidade Incompatível";"Saída de leito carroçável";"Com Vítimas Feridas";"Pleno dia";"Crescente";"Chuva";"Dupla";"Curva";"Não";2;0;0;1;1;0;1;1;-25,26959897;-49,94568598;"SPRF-PR";"DEL03-PR";"UOP01-DEL03-PR"
363327;2021-06-10;"quinta-feira";"18:50:00";"PA";316;170;"SANTA LUZIA DO PARA";"Ultrapassagem Indevida";"Colisão lateral sentido oposto";"Com Vítimas Feridas";"Plena Noite";"Crescente";"Garoa/Chuvisco";"Simples";"Reta";"Não";2;0;1;0;1;0;1;2;-1,33799956;-47,06576046;"SPRF-PA";"DEL01-PA";"UOP03-DEL01-PA"
363328;2021-06-10;"quinta-feira";"20:00:00";"SP";116;201;"ARUJA";"Pedestre andava na pista";"Atropelamento de Pedestre";"Com Vítimas Feridas";"Plena Noite";"Crescente";"Céu Claro";"Dupla";"Reta";"Não";2;0;1;0;0;1;1;2;-23,40362877;-46,33050107;"SPRF-SP";"DEL01-SP";"UOP01-DEL01-SP"
363330;2021-06-10;"quinta-feira";"18:10:00";"GO";70;123,7;"JARAGUA";"Ausência de reação do condutor";"Colisão frontal";"Com Vítimas Feridas";"Plena Noite";"Crescente";"Céu Claro";"Simples";"Reta";"Não";2;0;1;1;0;0;2;2;-15,81986473;-49,2189111;"SPRF-GO";"DEL02-GO";"UOP02-DEL02-GO"
363334;2021-06-10;"quinta-feira";"19:00:00";"PE";104;71,6;"CARUARU";"Transitar na contramão";"Colisão frontal";"Com Vítimas Feridas";"Plena Noite";"Decrescente";"Céu Claro";"Dupla";"Retorno Regulamentado";"Não";3;0;0;2;0;1;2;2;-8,3333;-35,9814;"SPRF-PE";"DEL02-PE";"UOP01-DEL02-PE"
363336;2021-05-26;"quarta-feira";"19:40:00";"GO";50;210;"CAMPO ALEGRE DE GOIAS";"Demais Fenômenos da natureza";"Incêndio";"Sem Vítimas";"Plena Noite";"Decrescente";"Céu Claro";"Dupla";"Reta";"Não";2;0;0;0;2;0;0;1;-17,647;-47,757;"SPRF-GO";"DEL06-GO";"UOP01-DEL06-GO"
363337;2021-05-14;"sexta-feira";"06:58:00";"SP";116;219,9;"GUARULHOS";"Acessar a via sem observar a presença dos outros veículos";"Colisão lateral mesmo sentido";"Com Vítimas Feridas";"Pleno dia";"Crescente";"Nublado";"Múltipla";"Reta";"Sim";3;0;0;2;1;0;2;2;-23,46472809;-46,49793962;"SPRF-SP";"DEL01-SP";"UOP01-DEL01-SP"
363338;2021-06-10;"quinta-feira";"21:20:00";"MG";40;755,5;"EWBANK DA CAMARA";"Demais falhas mecânicas ou elétricas";"Incêndio";"Sem Vítimas";"Plena Noite";"Crescente";"Céu Claro";"Simples";"Curva";"Não";1;0;0;0;1;0;0;1;-21,486045;-43,53483;"SPRF-MG";"DEL05-MG";"UOP01-DEL05-MG"
363339;2021-05-01;"sábado";"07:30:00";"ES";259;94;"BAIXO GUANDU";"Reação tardia ou ineficiente do condutor";"Capotamento";"Com Vítimas Feridas";"Pleno dia";"Crescente";"Sol";"Simples";"Reta";"Não";4;0;0;4;0;0;4;1;-19,50330121;-40,94324306;"SPRF-ES";"DEL02-ES";"UOP01-DEL02-ES"
363340;2021-04-30;"sexta-feira";"16:45:00";"BA";110;115;"ANTAS";"Demais falhas mecânicas ou elétricas";"Eventos atípicos";"Sem Vítimas";"Anoitecer";"Decrescente";"Ignorado";"Simples";"Reta";"Não";2;0;0;0;2;0;0;1;-10,41738218;-38,36439487;"SPRF-BA";"DEL07-BA";"UOP01-DEL07-BA"
363341;2021-06-10;"quinta-feira";"21:29:00";"RN";101;134;"SAO JOSE DE MIPIBU";"Ausência de reação do condutor";"Colisão traseira";"Com Vítimas Feridas";"Plena Noite";"Decrescente";"Céu Claro";"Dupla";"Reta";"Não";3;0;1;1;1;0;2;2;-6,15559697;-35,22641868;"SPRF-RN";"DEL01-RN";"UOP01-DEL01-RN"
363342;2021-06-10;"quinta-feira";"20:50:00";"AL";0;0;"PALMEIRA DOS INDIOS";"Velocidade Incompatível";"Colisão frontal";"Sem Vítimas";"Plena Noite";"Não Informado";"Nublado";"Simples";"Reta";"Não";4;0;0;0;4;0;0;2;-9,399642;-36,664005;"SPRF-AL";"DEL03-AL";"UOP02-DEL03-AL"
363345;2021-06-10;"quinta-feira";"21:20:00";"PR";277;669;"MEDIANEIRA";"Acessar a via sem observar a presença dos outros veículos";"Colisão transversal";"Com Vítimas Feridas";"Plena Noite";"Crescente";"Céu Claro";"Dupla";"Reta";"Não";2;0;0;1;1;0;1;2;-25,27562214;-54,0709859;"SPRF-PR";"DEL05-PR";"UOP02-DEL05-PR"