"id";"data_inversa";"dia_semana";"horario";"uf";"br";"km";"municipio";"causa_acidente";"tipo_acidente";"classificacao_acidente";"fase_dia";"sentido_via";"condicao_metereologica";"tipo_pista";"tracado_via";"uso_solo";"pessoas";"mortos";"feridos_leves";"feridos_graves";"ilesos";"ignorados";"feridos";"veiculos";"latitude";"longitude";"regional";"delegacia";"uop"
363472;2021-06-11;"sexta-feira";"14:00:00";"MG";50;17;"ARAGUARI";"Velocidade Incompatível";"Colisão com objeto";"Com Vítimas Feridas";"Pleno dia";"Decrescente";"Garoa/Chuvisco";"Dupla";"Curva";"Não";2;0;2;0;0;0;2;1;-18,56423911;-48,05618405;"SPRF-MG";"DEL15-MG";"UOP02-DEL15-MG"
363475;2021-06-11;"sexta-feira";"14:15:00";"PR";476;139;"CURITIBA";"Ausência de reação do condutor";"Colisão traseira";"Com Vítimas Feridas";"Pleno dia";"Crescente";"Céu Claro";"Múltipla";"Reta";"Sim";1;0;1;0;0;0;1;1;-25,51284;-49,289257;"SPRF-PR";"DEL01-PR";"UOP03-DEL01-PR"
363476;2021-06-11;"sexta-feira";"14:50:00";"SP";116;228;"SAO PAULO";"Condutor deixou de manter distância do veículo da frente";"Colisão lateral mesmo sentido";"Com Vítimas Feridas";"Pleno dia";"Decrescente";"Nublado";"Simples";"Reta";"Não";2;0;1;0;1;0;1;2;-23,50343484;-46,56638712;"SPRF-SP";"DEL01-SP";"UOP01-DEL01-SP"
363477;2021-02-01;"segunda-feira";"06:15:00";"PI";343;345,5;"TERESINA";"Condutor desrespeitou a iluminação vermelha do semáforo";"Colisão transversal";"Com Vítimas Feridas";"Pleno dia";"Decrescente";"Sol";"Simples";"Interseção de Vias";"Sim";2;0;1;0;1;0;1;2;-5,102889;-42,766506;"SPRF-PI";"DEL01-PI";"UOP01-DEL01-PI"
363479;2021-06-11;"sexta-feira";"14:15:00";"PB";230;88;"JOAO PESSOA";"Velocidade Incompatível";"Colisão com objeto";"Com Vítimas Feridas";"Pleno dia";"Decrescente";"Céu Claro";"Simples";"Curva";"Sim";2;0;0;2;0;0;2;1;-7,16629772;-34,89481442;"SPRF-PB";"DEL01-PB";"UOP03-DEL01-PB"
363481;2021-06-11;"sexta-feira";"13:15:00";"MG";0;0;"ITAOBIM";"Acesso irregular";"Colisão lateral sentido oposto";"Sem Vítimas";"Pleno dia";"Não Informado";"Céu Claro";"Simples";"Interseção de Vias";"Sim";3;0;0;0;3;0;0;2;-16,56210173;-41,50831288;"SPRF-MG";"DEL11-MG";"UOP02-DEL11-MG"
363482;2021-06-11;"sexta-feira";"16:15:00";"SC";282;4,9;"SAO JOSE";"Trafegar com motocicleta (ou similar) entre as faixas";"Colisão traseira";"Com Vítimas Feridas";"Pleno dia";"Crescente";"Sol";"Dupla";"Reta";"Sim";2;0;1;0;1;0;1;2;-27,58930819;-48,6106503;"SPRF-SC";"DEL01-SC";"UOP01-DEL01-SC"
363483;2021-06-11;"sexta-feira";"16:10:00";"PB";230;85;"BAYEUX";"Ausência de reação do condutor";"Colisão traseira";"Sem Vítimas";"Pleno dia";"Decrescente";"Céu Claro";"Dupla";"Túnel";"Sim";2;0;0;0;2;0;0;2;-7,14998482;-34,91104352;"SPRF-PB";"DEL01-PB";"UOP03-DEL01-PB"
363485;2021-06-09;"quarta-feira";"11:10:00";"MS";262;47,8;"TRES LAGOAS";"Objeto estático sobre o leito carroçável";"Colisão com objeto";"Com Vítimas Feridas";"Pleno dia";"Crescente";"Nublado";"Simples";"Declive";"Não";1;0;1;0;0;0;1;1;-20,75888048;-52,03298313;"SPRF-MS";"DEL07-MS";"UOP01-DEL07-MS"
363487;2021-06-11;"sexta-feira";"16:45:00";"PE";101;73;"RECIFE";"Desrespeitar a preferência no cruzamento";"Colisão transversal";"Com Vítimas Feridas";"Pleno dia";"Decrescente";"Céu Claro";"Dupla";"Reta";"Sim";3;0;0;1;1;1;1;3;-8,093369;-34,947464;"SPRF-PE";"DEL01-PE";"UOP01-DEL01-PE"
363489;2021-06-11;"sexta-feira";"16:40:00";"ES";101;292;"CARIACICA";"Reação tardia ou ineficiente do condutor";"Saída de leito carroçável";"Com Vítimas Feridas";"Pleno dia";"Decrescente";"Nublado";"Dupla";"Reta";"Sim";1;0;1;0;0;0;1;1;-20,30650512;-40,39488717;"SPRF-ES";"DEL01-ES";"UOP01-DEL01-ES"
363490;2021-06-11;"sexta-feira";"16:25:00";"RJ";493;1;"ITABORAI";"Transitar no acostamento";"Colisão transversal";"Com Vítimas Feridas";"Anoitecer";"Crescente";"Chuva";"Simples";"Reta";"Sim";2;0;1;0;1;0;1;2;-22,76398788;-42,92731895;"SPRF-RJ";"DEL02-RJ";"UOP02-DEL02-RJ"
363491;2021-06-11;"sexta-feira";"16:00:00";"SC";101;72;"ARAQUARI";"Demais falhas mecânicas ou elétricas";"Tombamento";"Com Vítimas Feridas";"Pleno dia";"Crescente";"Sol";"Dupla";"Reta";"Não";1;0;1;0;0;0;1;1;-26,52700004;-48,71551117;"SPRF-SC";"DEL03-SC";"UOP02-DEL03-SC"
363493;2021-06-11;"sexta-feira";"16:30:00";"RJ";40;120;"DUQUE DE CAXIAS";"Reação tardia ou ineficiente do condutor";"Colisão lateral mesmo sentido";"Sem Vítimas";"Pleno dia";"Decrescente";"Céu Claro";"Múltipla";"Reta";"Sim";2;0;0;0;2;0;0;2;-22,77280597;-43,28626763;"SPRF-RJ";"DEL01-RJ";"UOP01-DEL01-RJ"
363494;2021-06-11;"sexta-feira";"16:40:00";"CE";20;310,2;"CANINDE";"Condutor deixou de manter distância do veículo da frente";"Engavetamento";"Sem Vítimas";"Pleno dia";"Decrescente";"Céu Claro";"Simples";"Reta;Declive";"Não";4;0;0;0;4;0;0;4;-4,33526699;-39,28862702;"SPRF-CE";"DEL02-CE";"UOP01-DEL02-CE"
363495;2021-06-11;"sexta-feira";"16:30:00";"RS";470;285,9;"MONTENEGRO";"Ingestão de álcool pelo condutor";"Saída de leito carroçável";"Sem Vítimas";"Pleno dia";"Decrescente";"Céu Claro";"Simples";"Curva";"Não";1;0;0;0;1;0;0;1;-29,63478984;-51,46930678;"SPRF-RS";"DEL04-RS";"UOP02-DEL04-RS"
363496;2021-06-11;"sexta-feira";"13:00:00";"RJ";101;518;"ANGRA DOS REIS";"Demais falhas mecânicas ou elétricas";"Colisão com objeto";"Sem Vítimas";"Pleno dia";"Decrescente";"Nublado";"Simples";"Reta";"Não";1;0;0;0;1;0;0;1;-23,00098271;-44,44227202;"SPRF-RJ";"DEL03-RJ";"UOP02-DEL03-RJ"
363500;2021-06-11;"sexta-feira";"18:00:00";"MG";381;501;"BETIM";"Condutor deixou de manter distância do veículo da frente";"Colisão traseira";"Com Vítimas Feridas";"Plena Noite";"Decrescente";"Céu Claro";"Múltipla";"Reta";"Sim";2;0;1;0;1;0;1;2;-20,00593533;-44,21413422;"SPRF-MG";"DEL01-MG";"UOP03-DEL01-MG"
363504;2021-06-11;"sexta-feira";"17:50:00";"SC";282;19,2;"PALHOCA";"Pedestre cruzava a pista fora da faixa";"Atropelamento de Pedestre";"Com Vítimas Feridas";"Anoitecer";"Crescente";"Céu Claro";"Simples";"Aclive";"Não";2;0;0;1;1;0;1;2;-27,678635;-48,70192;"SPRF-SC";"DEL01-SC";"UOP02-DEL01-SC"
363505;2021-06-11;"sexta-feira";"18:00:00";"SP";116;273;"TABOAO DA SERRA";"Ausência de reação do condutor";"Tombamento";"Com Vítimas Feridas";"Plena Noite";"Crescente";"Ignorado";"Dupla";"Reta";"Sim";2;0;1;0;0;1;1;2;-23,62809795;-46,81870306;"SPRF-SP";"DEL04-SP";"UOP01-DEL04-SP"
363508;2021-06-11;"sexta-feira";"18:00:00";"RS";386;251,3;"SOLEDADE";"Transitar na contramão";"Colisão lateral sentido oposto";"Com Vítimas Feridas";"Plena Noite";"Decrescente";"Céu Claro";"Dupla";"Interseção de Vias;Reta;Aclive";"Não";2;0;1;0;0;1;1;2;-28,83463643;-52,45422363;"SPRF-RS";"DEL04-RS";"UOP03-DEL04-RS"
363509;2021-06-11;"sexta-feira";"18:25:00";"RJ";493;19,8;"MAGE";"Acessar a via sem observar a presença dos outros veículos";"Colisão transversal";"Com Vítimas Feridas";"Plena Noite";"Decrescente";"Chuva";"Simples";"Interseção de Vias";"Não";2;0;1;0;1;0;1;2;-22,6663848;-43,02770248;"SPRF-RJ";"DEL04-RJ";"UOP02-DEL04-RJ"
363510;2021-06-11;"sexta-feira";"17:20:00";"SC";480;130;"CHAPECO";"Desrespeitar a preferência no cruzamento";"Colisão transversal";"Com Vítimas Feridas";"Pleno dia";"Decrescente";"Céu Claro";"Simples";"Interseção de Vias";"Não";2;0;0;1;1;0;1;2;-27,05534739;-52,63627237;"SPRF-SC";"DEL07-SC";"UOP01-DEL07-SC"
363511;2021-06-11;"sexta-feira";"18:10:00";"SP";116;139,5;"SAO JOSE DOS CAMPOS";"Ausência de reação do condutor";"Colisão traseira";"Com Vítimas Feridas";"Plena Noite";"Crescente";"Nublado";"Dupla";"Reta";"Não";2;0;1;0;1;0;1;2;-23,16153216;-45,80400592;"SPRF-SP";"DEL02-SP";"UOP01-DEL02-SP"
363512;2021-06-11;"sexta-feira";"17:30:00";"PR";469;13,5;"FOZ DO IGUACU";"Manobra de mudança de faixa";"Colisão lateral mesmo sentido";"Com Vítimas Feridas";"Pleno dia";"Crescente";"Céu Claro";"Simples";"Reta";"Sim";2;0;0;1;1;0;1;2;-25,5754;-54,5489;"SPRF-PR";"DEL05-PR";"UOP04-DEL05-PR"
363513;2021-06-11;"sexta-feira";"18:50:00";"RN";110;48,7;"MOSSORO";"Avarias e/ou desgaste excessivo no pneu";"Colisão com objeto";"Com Vítimas Feridas";"Anoitecer";"Crescente";"Céu Claro";"Dupla";"Reta";"Sim";2;0;2;0;0;0;2;1;-5,214308;-37,330664;"SPRF-RN";"DEL04-RN";"UOP01-DEL04-RN"
363517;2021-06-11;"sexta-feira";"11:55:00";"MS";163;834;"SONORA";"Ausência de reação do condutor";"Colisão traseira";"Com Vítimas Feridas";"Pleno dia";"Crescente";"Céu Claro";"Simples";"Reta";"Não";2;0;1;0;0;1;1;2;-17,62739003;-54,74525081;"SPRF-MS";"DEL06-MS";"UOP01-DEL06-MS"
363518;2021-06-11;"sexta-feira";"17:33:00";"MG";40;526;"CONTAGEM";"Condutor deixou de manter distância do veículo da frente";"Colisão traseira";"Com Vítimas Feridas";"Plena Noite";"Decrescente";"Céu Claro";"Dupla";"Reta";"Sim";1;0;1;0;0;0;1;1;-19,89255399;-44,04985478;"SPRF-MG";"DEL01-MG";"UOP02-DEL01-MG"
363519;2021-06-11;"sexta-feira";"18:55:00";"PR";116;123;"CURITIBA";"Velocidade Incompatível";"Queda de ocupante de veículo";"Com Vítimas Feridas";"Plena Noite";"Crescente";"Nublado";"Dupla";"Reta";"Não";1;0;1;0;0;0;1;1;-25,57736002;-49,31243589;"SPRF-PR";"DEL01-PR";"UOP03-DEL01-PR"
363520;2021-06-11;"sexta-feira";"19:00:00";"DF";60;3;"BRASILIA";"Condutor deixou de manter distância do veículo da frente";"Colisão traseira";"Com Vítimas Feridas";"Plena Noite";"Crescente";"Céu Claro";"Dupla";"Reta";"Não";5;0;1;0;4;0;1;2;-15,890521;-48,086864;"SPRF-DF";"DEL03-DF";"UOP01-DEL03-DF"
363521;2021-06-11;"sexta-feira";"17:30:00";"MS";163;464;"CAMPO GRANDE";"Transitar no acostamento";"Atropelamento de Pedestre";"Com Vítimas Feridas";"Plena Noite";"Decrescente";"Nublado";"Simples";"Reta";"Não";3;0;2;0;1;0;2;2;-20,60305192;-54,57852768;"SPRF-MS";"DEL01-MS";"UOP01-DEL01-MS"
363522;2021-06-11;"sexta-feira";"18:15:00";"SP";116;146;"SAO JOSE DOS CAMPOS";"Condutor deixou de manter distância do veículo da frente";"Colisão traseira";"Com Vítimas Feridas";"Plena Noite";"Crescente";"Nublado";"Dupla";"Aclive;Reta";"Sim";4;0;1;0;2;1;1;3;-23,19122919;-45,86327591;"SPRF-SP";"DEL02-SP";"UOP01-DEL02-SP"
363523;2021-06-11;"sexta-feira";"13:15:00";"MG";381;520,5;"IGARAPE";"Velocidade Incompatível";"Tombamento";"Com Vítimas Feridas";"Pleno dia";"Crescente";"Céu Claro";"Dupla";"Aclive;Curva";"Não";1;0;1;0;0;0;1;1;-20,13363702;-44,309515;"SPRF-MG";"DEL04-MG";"UOP03-DEL04-MG"
363525;2021-06-11;"sexta-feira";"17:35:00";"BA";324;623;"SALVADOR";"Condutor deixou de manter distância do veículo da frente";"Colisão traseira";"Com Vítimas Feridas";"Anoitecer";"Decrescente";"Nublado";"Dupla";"Reta";"Sim";5;0;1;0;4;0;1;4;-12,92628699;-38,46838679;"SPRF-BA";"DEL01-BA";"UOP01-DEL01-BA"
363526;2021-06-11;"sexta-feira";"19:00:00";"PR";116;115;"CURITIBA";"Manobra de mudança de faixa";"Colisão traseira";"Com Vítimas Feridas";"Plena Noite";"Crescente";"Céu Claro";"Dupla";"Reta";"Sim";2;0;1;0;1;0;1;2;-25,55953326;-49,26560414;"SPRF-PR";"DEL01-PR";"UOP01-DEL01-PR"
363527;2021-06-11;"sexta-feira";"15:45:00";"MG";365;687,7;"MONTE ALEGRE DE MINAS";"Ausência de reação do condutor";"Colisão com objeto";"Com Vítimas Feridas";"Pleno dia";"Crescente";"Céu Claro";"Dupla";"Curva";"Sim";2;0;0;1;1;0;1;1;-18,87548498;-48,87468901;"SPRF-MG";"DEL15-MG";"UOP03-DEL15-MG"
363532;2021-06-11;"sexta-feira";"19:20:00";"RS";153;51,1;"ERECHIM";"Carga excessiva e/ou mal acondicionada";"Colisão traseira";"Com Vítimas Feridas";"Plena Noite";"Crescente";"Céu Claro";"Simples";"Reta";"Sim";2;0;1;0;1;0;1;2;-27,6602489805;-52,2841410629;"SPRF-RS";"DEL08-RS";"UOP04-DEL08-RS"
363533;2021-06-11;"sexta-feira";"19:52:00";"SC";101;215,1;"PALHOCA";"Frear bruscamente";"Queda de ocupante de veículo";"Com Vítimas Feridas";"Pleno dia";"Decrescente";"Céu Claro";"Simples";"Retorno Regulamentado";"Sim";2;0;1;0;1;0;1;1;-27,65184843;-48,67604941;"SPRF-SC";"DEL01-SC";"UOP02-DEL01-SC"
363534;2021-06-11;"sexta-feira";"17:20:00";"SC";101;141;"BALNEARIO CAMBORIU";"Ausência de reação do condutor";"Tombamento";"Com Vítimas Feridas";"Anoitecer";"Crescente";"Céu Claro";"Dupla";"Declive";"Não";1;0;0;1;0;0;1;1;-27,05385878;-48,60045522;"SPRF-SC";"DEL04-SC";"UOP03-DEL04-SC"
363535;2021-06-11;"sexta-feira";"19:40:00";"DF";60;4,4;"BRASILIA";"Condutor deixou de manter distância do veículo da frente";"Engavetamento";"Com Vítimas Feridas";"Plena Noite";"Crescente";"Céu Claro";"Dupla";"Reta";"Sim";9;0;1;0;8;0;1;4;-15,892721;-48,095741;"SPRF-DF";"DEL03-DF";"UOP01-DEL03-DF"
363536;2021-06-11;"sexta-feira";"19:20:00";"MG";262;356;"BETIM";"Velocidade Incompatível";"Tombamento";"Com Vítimas Feridas";"Plena Noite";"Crescente";"Céu Claro";"Dupla";"Reta;Aclive";"Não";1;0;1;0;0;0;1;1;-19,96890716;-44,18104581;"SPRF-MG";"DEL01-MG";"UOP03-DEL01-MG"
363537;2021-06-11;"sexta-feira";"19:15:00";"SP";153;61;"SAO JOSE DO RIO PRETO";"Ingestão de álcool pelo condutor";"Colisão traseira";"Sem Vítimas";"Plena Noite";"Decrescente";"Céu Claro";"Dupla";"Reta";"Sim";2;0;0;0;2;0;0;2;-20,80502876;-49,35574909;"SPRF-SP";"DEL09-SP";"UOP01-DEL09-SP"
363538;2021-06-11;"sexta-feira";"19:30:00";"RS";472;538;"URUGUAIANA";"Acessar a via sem observar a presença dos outros veículos";"Colisão transversal";"Com Vítimas Feridas";"Plena Noite";"Crescente";"Céu Claro";"Simples";"Reta";"Sim";3;0;2;0;1;0;2;2;-29,542559;-56,812155;"SPRF-RS";"DEL13-RS";"UOP01-DEL13-RS"
363541;2021-06-11;"sexta-feira";"20:30:00";"CE";116;35;"HORIZONTE";"Pedestre cruzava a pista fora da faixa";"Atropelamento de Pedestre";"Com Vítimas Feridas";"Plena Noite";"Crescente";"Céu Claro";"Simples";"Reta";"Não";2;0;0;2;0;0;2;2;-4,05218058;-38,50627716;"SPRF-CE";"DEL01-CE";"UOP02-DEL01-CE"
363542;2021-06-11;"sexta-feira";"20:03:00";"PR";376;5,8;"MANDAGUARI";"Transitar no acostamento";"Colisão traseira";"Com Vítimas Feridas";"Plena Noite";"Decrescente";"Nublado";"Simples";"Reta";"Sim";4;0;1;2;1;0;3;4;-23,547966;-51,671265;"SPRF-PR";"DEL09-PR";"UOP01-DEL09-PR"
363543;2021-06-11;"sexta-feira";"09:15:00";"MA";222;569,2;"BOM JESUS DAS SELVAS";"Demais falhas mecânicas ou elétricas";"Colisão frontal";"Com Vítimas Fatais";"Pleno dia";"Decrescente";"Céu Claro";"Simples";"Reta;Declive";"Não";8;1;4;3;0;0;7;2;-4,422814;-46,762975;"SPRF-MA";"DEL04-MA";"UOP03-DEL04-MA"
363544;2021-06-11;"sexta-feira";"20:00:00";"GO";60;242,5;"INDIARA";"Reação tardia ou ineficiente do condutor";"Colisão traseira";"Com Vítimas Feridas";"Plena Noite";"Decrescente";"Céu Claro";"Dupla";"Reta";"Não";5;0;1;2;2;0;3;2;-17,09856664;-49,8733592;"SPRF-GO";"DEL01-GO";"UOP02-DEL01-GO"
363545;2021-06-11;"sexta-feira";"20:40:00";"SC";101;113,6;"ITAJAI";"Ausência de reação do condutor";"Tombamento";"Com Vítimas Feridas";"Plena Noite";"Decrescente";"Céu Claro";"Múltipla";"Reta";"Sim";1;0;1;0;0;0;1;1;-26,91383312;-48,71800907;"SPRF-SC";"DEL04-SC";"UOP04-DEL04-SC"
363547;2021-06-11;"sexta-feira";"15:30:00";"RN";101;176,1;"CANGUARETAMA";"Reação tardia ou ineficiente do condutor";"Saída de leito carroçável";"Com Vítimas Feridas";"Pleno dia";"Decrescente";"Nublado";"Dupla";"Curva";"Não";1;0;1;0;0;0;1;1;-6,50166475;-35,11200246;"SPRF-RN";"DEL01-RN";"UOP01-DEL01-RN"
363548;2021-06-11;"sexta-feira";"20:05:00";"PR";369;434;"UBIRATA";"Deficiência do Sistema de Iluminação/Sinalização";"Colisão traseira";"Com Vítimas Fatais";"Plena Noite";"Crescente";"Céu Claro";"Simples";"Reta";"Sim";6;1;0;1;4;0;1;2;-24,4788;-52,8799;"SPRF-PR";"DEL04-PR";"UOP03-DEL04-PR"
363549;2021-06-11;"sexta-feira";"20:55:00";"PR";376;157,1;"MANDAGUACU";"Demais falhas mecânicas ou elétricas";"Queda de ocupante de veículo";"Com Vítimas Feridas";"Plena Noite";"Decrescente";"Nublado";"Dupla";"Aclive";"Não";2;0;2;0;0;0;2;1;-23,35251601;-52,09127007;"SPRF-PR";"DEL09-PR";"UOP01-DEL09-PR"
363554;2021-06-11;"sexta-feira";"21:45:00";"RS";116;241;"NOVO HAMBURGO";"Trafegar com motocicleta (ou similar) entre as faixas";"Tombamento";"Com Vítimas Feridas";"Plena Noite";"Crescente";"Nublado";"Dupla";"Reta";"Não";1;0;1;0;0;0;1;1;-29,71396796;-51,1476744;"SPRF-RS";"DEL01-RS";"UOP02-DEL01-RS"
363555;2021-06-11;"sexta-feira";"09:22:00";"RJ";116;132,5;"MAGE";"Demais falhas mecânicas ou elétricas";"Incêndio";"Sem Vítimas";"Plena Noite";"Decrescente";"Garoa/Chuvisco";"Dupla";"Reta";"Não";1;0;0;0;1;0;0;1;-22,65703272;-43,13458092;"SPRF-RJ";"DEL04-RJ";"UOP02-DEL04-RJ"
363557;2021-06-11;"sexta-feira";"21:05:00";"PR";476;140;"CURITIBA";"Acessar a via sem observar a presença dos outros veículos";"Colisão transversal";"Com Vítimas Feridas";"Plena Noite";"Decrescente";"Nublado";"Dupla";"Reta";"Sim";2;0;1;0;0;1;1;2;-25,520693;-49,294121;"SPRF-PR";"DEL01-PR";"UOP03-DEL01-PR"
363558;2021-06-11;"sexta-feira";"20:15:00";"SC";101;400,5;"MARACAJA";"Pedestre cruzava a pista fora da faixa";"Atropelamento de Pedestre";"Com Vítimas Feridas";"Plena Noite";"Crescente";"Céu Claro";"Múltipla";"Reta";"Sim";2;0;0;1;1;0;1;2;-28,86824049;-49,44946289;"SPRF-SC";"DEL02-SC";"UOP02-DEL02-SC"
363559;2021-06-11;"sexta-feira";"19:40:00";"MG";116;659,2;"SAO FRANCISCO DO GLORIA";"Desrespeitar a preferência no cruzamento";"Colisão transversal";"Com Vítimas Feridas";"Plena Noite";"Decrescente";"Chuva";"Simples";"Interseção de Vias";"Não";4;0;4;0;0;0;4;2;-20,78539999;-42,29883835;"SPRF-MG";"DEL07-MG";"UOP03-DEL07-MG"
363561;2021-06-11;"sexta-feira";"21:30:00";"ES";393;14,6;"MUQUI";"Mal súbito do condutor";"Capotamento";"Com Vítimas Feridas";"Plena Noite";"Crescente";"Garoa/Chuvisco";"Simples";"Reta";"Não";2;0;2;0;0;0;2;1;-20,8762707;-41,2655823;"SPRF-ES";"DEL03-ES";"UOP02-DEL03-ES"
363562;2021-06-11;"sexta-feira";"23:00:00";"ES";101;159,1;"LINHARES";"Acessar a via sem observar a presença dos outros veículos";"Colisão transversal";"Com Vítimas Feridas";"Plena Noite";"Crescente";"Céu Claro";"Simples";"Interseção de Vias";"Sim";2;0;1;0;1;0;1;2;-19,4684012;-40,1102557;"SPRF-ES";"DEL04-ES";"UOP01-DEL04-ES"
363563;2021-06-11;"sexta-feira";"22:41:00";"PR";277;69,8;"SAO JOSE DOS PINHAIS";"Ausência de reação do condutor";"Colisão traseira";"Com Vítimas Feridas";"Plena Noite";"Decrescente";"Céu Claro";"Dupla";"Reta";"Sim";3;0;1;0;1;1;1;3;-25,53715243;-49,07076619;"SPRF-PR";"DEL01-PR";"UOP01-DEL01-PR"
363564;2021-06-11;"sexta-feira";"22:45:00";"RS";392;675,2;"SAO PEDRO DO BUTIA";"Velocidade Incompatível";"Saída de leito carroçável";"Com Vítimas Feridas";"Plena Noite";"Crescente";"Céu Claro";"Simples";"Curva";"Não";1;0;0;1;0;0;1;1;-28,13164157;-54,87155914;"SPRF-RS";"DEL10-RS";"UOP01-DEL10-RS"
363565;2021-06-11;"sexta-feira";"20:25:00";"SC";101;61,8;"ARAQUARI";"Deficiência do Sistema de Iluminação/Sinalização";"Colisão traseira";"Com Vítimas Feridas";"Plena Noite";"Crescente";"Céu Claro";"Simples";"Reta";"Não";4;0;0;2;0;2;2;3;-26,45484575;-48,77107322;"SPRF-SC";"DEL03-SC";"UOP02-DEL03-SC"
363566;2021-06-11;"sexta-feira";"23:50:00";"PB";230;20;"JOAO PESSOA";"Ingestão de álcool pelo condutor";"Colisão com objeto";"Com Vítimas Feridas";"Plena Noite";"Decrescente";"Céu Claro";"Dupla";"Viaduto";"Sim";1;0;1;0;0;0;1;1;-7,1337;-34,8544;"SPRF-PB";"DEL01-PB";"UOP01-DEL01-PB"
363568;2021-06-11;"sexta-feira";"23:00:00";"RN";101;84,5;"NATAL";"Pedestre cruzava a pista fora da faixa";"Atropelamento de Pedestre";"Com Vítimas Feridas";"Plena Noite";"Decrescente";"Céu Claro";"Dupla";"Reta";"Sim";2;0;0;1;0;1;1;2;-5,774175;-35,2578;"SPRF-RN";"DEL02-RN";"UOP01-DEL02-RN"
363569;2021-06-11;"sexta-feira";"18:00:00";"PE";232;550,3;"PARNAMIRIM";"Ultrapassagem Indevida";"Colisão frontal";"Com Vítimas Fatais";"Anoitecer";"Crescente";"Céu Claro";"Simples";"Reta";"Não";3;2;0;0;1;0;0;2;-8,08446269;-39,49064311;"SPRF-PE";"DEL05-PE";"UOP01-DEL05-PE"
363570;2021-06-12;"sábado";"00:10:00";"DF";20;14;"BRASILIA";"Pedestre andava na pista";"Atropelamento de Pedestre";"Com Vítimas Feridas";"Plena Noite";"Decrescente";"Céu Claro";"Dupla";"Reta";"Não";2;0;1;0;1;0;1;2;-15,634938;-47,741241;"SPRF-DF";"DEL02-DF";"UOP01-DEL02-DF"
363571;2021-06-11;"sexta-feira";"23:30:00";"PR";277;594;"CASCAVEL";"Ingestão de álcool pelo condutor";"Colisão traseira";"Sem Vítimas";"Plena Noite";"Crescente";"Nublado";"Simples";"Reta";"Sim";2;0;0;0;2;0;0;2;-24,9794792;-53,49232599;"SPRF-PR";"DEL04-PR";"UOP01-DEL04-PR"
363573;2021-06-11;"sexta-feira";"23:45:00";"PR";116;209,6;"RIO NEGRO";"Velocidade Incompatível";"Colisão lateral mesmo sentido";"Com Vítimas Feridas";"Plena Noite";"Crescente";"Céu Claro";"Simples";"Reta";"Sim";2;0;2;0;0;0;2;2;-26,08726065;-49,78020608;"SPRF-SC";"DEL06-SC";"UOP01-DEL06-SC"
363574;2021-06-11;"sexta-feira";"22:46:00";"SC";116;141,9;"SANTA CECILIA";"Transitar na contramão";"Colisão frontal";"Sem Vítimas";"Plena Noite";"Crescente";"Céu Claro";"Simples";"Curva";"Sim";2;0;0;0;1;1;0;2;-26,97282394;-50,40309796;"SPRF-SC";"DEL06-SC";"UOP02-DEL06-SC"
363575;2021-06-11;"sexta-feira";"20:00:00";"MG";153;110,6;"PRATA";"Ausência de reação do condutor";"Saída de leito carroçável";"Com Vítimas Feridas";"Plena Noite";"Decrescente";"Nublado";"Simples";"Reta";"Não";2;0;2;0;0;0;2;1;-19,31459402;-48,90674734;"SPRF-MG";"DEL15-MG";"UOP03-DEL15-MG"
363576;2021-06-12;"sábado";"01:00:00";"RJ";393;172,2;"TRES RIOS";"Reação tardia ou ineficiente do condutor";"Saída de leito carroçável";"Com Vítimas Feridas";"Plena Noite";"Decrescente";"Céu Claro";"Simples";"Reta";"Não";2;0;1;0;1;0;1;1;-22,12463126;-43,17771104;"SPRF-RJ";"DEL05-RJ";"UOP02-DEL05-RJ"
363577;2021-06-12;"sábado";"00:45:00";"GO";60;96;"ANAPOLIS";"Ingestão de álcool pelo condutor";"Colisão com objeto";"Sem Vítimas";"Plena Noite";"Decrescente";"Céu Claro";"Dupla";"Reta";"Sim";1;0;0;0;1;0;0;1;-16,371;-48,9422;"SPRF-GO";"DEL02-GO";"UOP01-DEL02-GO"
363578;2021-06-12;"sábado";"00:50:00";"DF";20;40;"BRASILIA";"Condutor Dormindo";"Saída de leito carroçável";"Com Vítimas Feridas";"Plena Noite";"Decrescente";"Nublado";"Dupla";"Declive";"Não";1;0;1;0;0;0;1;1;-15,581853;-47,512711;"SPRF-DF";"DEL02-DF";"UOP01-DEL02-DF"
363580;2021-06-12;"sábado";"00:20:00";"RS";386;30,1;"FREDERICO WESTPHALEN";"Ingestão de álcool pelo condutor";"Saída de leito carroçável";"Com Vítimas Feridas";"Plena Noite";"Decrescente";"Céu Claro";"Simples";"Curva";"Não";1;0;1;0;0;0;1;1;-27,327456;-53,376171;"SPRF-RS";"DEL08-RS";"UOP02-DEL08-RS"
363581;2021-06-11;"sexta-feira";"22:30:00";"BA";324;519;"FEIRA DE SANTANA";"Ingestão de álcool pelo condutor";"Colisão transversal";"Sem Vítimas";"Plena Noite";"Crescente";"Céu Claro";"Dupla";"Reta";"Sim";2;0;0;0;2;0;0;2;-12,26687642;-38,93349875;"SPRF-BA";"DEL02-BA";"UOP01-DEL02-BA"