"id";"data_inversa";"dia_semana";"horario";"uf";"br";"km";"municipio";"causa_acidente";"tipo_acidente";"classificacao_acidente";"fase_dia";"sentido_via";"condicao_metereologica";"tipo_pista";"tracado_via";"uso_solo";"pessoas";"mortos";"feridos_leves";"feridos_graves";"ilesos";"ignorados";"feridos";"veiculos";"latitude";"longitude";"regional";"delegacia";"uop"
363723;2021-06-12;"sábado";"08:30:00";"MG";381;240;"SANTANA DO PARAISO";"Acostamento em desnível";"Tombamento";"Com Vítimas Feridas";"Pleno dia";"Decrescente";"Céu Claro";"Simples";"Reta";"Não";2;0;0;1;0;1;1;2;-19,382331;-42,467056;"SPRF-MG";"DEL06-MG";"UOP01-DEL06-MG"
363724;2021-06-12;"sábado";"17:45:00";"CE";222;0,2;"CAUCAIA";"Acessar a via sem observar a presença dos outros veículos";"Colisão transversal";"Sem Vítimas";"Plena Noite";"Crescente";"Céu Claro";"Múltipla";"Interseção de Vias";"Sim";2;0;0;0;1;1;0;2;-3,7431681;-38,62111688;"SPRF-CE";"DEL01-CE";"UOP01-DEL01-CE"
363725;2021-06-12;"sábado";"17:45:00";"RS";116;2;"PORTO ALEGRE";"Demais falhas mecânicas ou elétricas";"Queda de ocupante de veículo";"Com Vítimas Feridas";"Anoitecer";"Crescente";"Céu Claro";"Múltipla";"Reta";"Sim";1;0;0;1;0;0;1;1;-29,98379586;-51,18055308;"SPRF-RS";"DEL05-RS";"UOP03-DEL05-RS"
363727;2021-06-12;"sábado";"18:00:00";"RJ";101;73;"CAMPOS DOS GOYTACAZES";"Acessar a via sem observar a presença dos outros veículos";"Colisão traseira";"Com Vítimas Fatais";"Plena Noite";"Crescente";"Céu Claro";"Simples";"Reta";"Não";2;1;0;0;1;0;0;2;-21,798874;-41,393955;"SPRF-RJ";"DEL08-RJ";"UOP02-DEL08-RJ"
363729;2021-06-12;"sábado";"16:40:00";"GO";60;384;"RIO VERDE";"Pedestre andava na pista";"Atropelamento de Pedestre";"Com Vítimas Feridas";"Pleno dia";"Crescente";"Céu Claro";"Dupla";"Reta";"Sim";2;0;1;0;1;0;1;2;-17,7906;-50,9071;"SPRF-GO";"DEL04-GO";"UOP01-DEL04-GO"
363730;2021-04-05;"segunda-feira";"16:00:00";"RJ";465;21;"SEROPEDICA";"Trafegar com motocicleta (ou similar) entre as faixas";"Colisão frontal";"Com Vítimas Feridas";"Pleno dia";"Crescente";"Céu Claro";"Simples";"Reta";"Sim";2;0;1;0;1;0;1;2;-22,854782;-43,601933;"SPRF-RJ";"DEL03-RJ";"UOP01-DEL03-RJ"
363731;2021-06-12;"sábado";"18:15:00";"RS";116;38;"VACARIA";"Desrespeitar a preferência no cruzamento";"Colisão transversal";"Sem Vítimas";"Plena Noite";"Decrescente";"Céu Claro";"Simples";"Reta";"Sim";4;0;0;0;2;2;0;3;-28,50548;-50,92516;"SPRF-RS";"DEL05-RS";"UOP03-DEL05-RS"
363733;2021-06-12;"sábado";"18:50:00";"RN";304;293;"MACAIBA";"Condutor deixou de manter distância do veículo da frente";"Colisão traseira";"Sem Vítimas";"Plena Noite";"Decrescente";"Céu Claro";"Simples";"Reta";"Não";2;0;0;0;2;0;0;2;-5,86846237;-35,37602795;"SPRF-RN";"DEL01-RN";"UOP02-DEL01-RN"
363734;2021-06-12;"sábado";"17:40:00";"MS";163;263;"DOURADOS";"Velocidade Incompatível";"Tombamento";"Com Vítimas Feridas";"Plena Noite";"Decrescente";"Céu Claro";"Dupla";"Rotatória";"Sim";1;0;1;0;0;0;1;1;-22,23176243;-54,74773765;"SPRF-MS";"DEL04-MS";"UOP01-DEL04-MS"
363737;2021-06-12;"sábado";"19:00:00";"PR";116;17;"COLOMBO";"Manobra de mudança de faixa";"Colisão lateral mesmo sentido";"Com Vítimas Feridas";"Plena Noite";"Decrescente";"Nublado";"Dupla";"Curva";"Sim";3;0;3;0;0;0;3;2;-25,389;-49,1867;"SPRF-PR";"DEL01-PR";"UOP02-DEL01-PR"
363738;2021-06-12;"sábado";"18:10:00";"SC";280;75;"JARAGUA DO SUL";"Acessar a via sem observar a presença dos outros veículos";"Colisão transversal";"Com Vítimas Feridas";"Plena Noite";"Crescente";"Céu Claro";"Simples";"Reta";"Sim";2;0;2;0;0;0;2;1;-26,458391;-49,170483;"SPRF-SC";"DEL03-SC";"UOP03-DEL03-SC"
363739;2021-06-12;"sábado";"19:03:00";"SE";235;52;"ITABAIANA";"Retorno proibido";"Colisão transversal";"Com Vítimas Feridas";"Plena Noite";"Crescente";"Ignorado";"Simples";"Reta";"Não";2;0;1;0;0;1;1;2;-10,693279;-37,437557;"SPRF-SE";"DEL01-SE";"UOP02-DEL01-SE"
363740;2021-06-12;"sábado";"17:50:00";"RJ";101;297;"ITABORAI";"Acessar a via sem observar a presença dos outros veículos";"Colisão traseira";"Sem Vítimas";"Plena Noite";"Crescente";"Nublado";"Dupla";"Reta";"Sim";2;0;0;0;2;0;0;2;-22,76942037;-42,91873581;"SPRF-RJ";"DEL02-RJ";"UOP02-DEL02-RJ"
363741;2021-06-12;"sábado";"18:00:00";"PR";467;99,1;"CASCAVEL";"Ingestão de álcool pelo condutor";"Saída de leito carroçável";"Com Vítimas Feridas";"Anoitecer";"Decrescente";"Céu Claro";"Dupla";"Curva";"Não";1;0;1;0;0;0;1;1;-24,8931;-53,5442;"SPRF-PR";"DEL04-PR";"UOP01-DEL04-PR"
363742;2021-06-12;"sábado";"18:00:00";"PR";376;618;"SAO JOSE DOS PINHAIS";"Ingestão de álcool pelo condutor";"Colisão com objeto";"Sem Vítimas";"Plena Noite";"Decrescente";"Céu Claro";"Simples";"Reta";"Sim";1;0;0;0;1;0;0;1;-25,60034699;-49,17355691;"SPRF-PR";"DEL01-PR";"UOP04-DEL01-PR"
363743;2021-06-12;"sábado";"18:55:00";"SC";101;147,5;"ITAPEMA";"Condutor deixou de manter distância do veículo da frente";"Colisão traseira";"Com Vítimas Feridas";"Plena Noite";"Decrescente";"Nublado";"Múltipla";"Reta";"Sim";2;0;1;0;1;0;1;2;-27,09237407;-48,61730888;"SPRF-SC";"DEL04-SC";"UOP03-DEL04-SC"
363744;2021-06-12;"sábado";"19:20:00";"RS";386;367,4;"FAZENDA VILANOVA";"Acessar a via sem observar a presença dos outros veículos";"Colisão transversal";"Com Vítimas Feridas";"Plena Noite";"Decrescente";"Céu Claro";"Dupla";"Retorno Regulamentado";"Não";5;0;1;0;4;0;1;2;-29,572111;-51,855782;"SPRF-RS";"DEL04-RS";"UOP02-DEL04-RS"
363747;2021-06-12;"sábado";"19:40:00";"MG";116;704;"MURIAE";"Transitar na contramão";"Colisão frontal";"Com Vítimas Feridas";"Plena Noite";"Decrescente";"Nublado";"Simples";"Interseção de Vias";"Sim";3;0;2;0;1;0;2;2;-21,1224862;-42,37991463;"SPRF-MG";"DEL07-MG";"UOP02-DEL07-MG"
363748;2021-06-12;"sábado";"17:25:00";"ES";101;151,7;"LINHARES";"Acessar a via sem observar a presença dos outros veículos";"Colisão transversal";"Sem Vítimas";"Anoitecer";"Crescente";"Céu Claro";"Simples";"Curva";"Sim";2;0;0;0;1;1;0;2;-19,41156656;-40,06592463;"SPRF-ES";"DEL04-ES";"UOP01-DEL04-ES"
363749;2021-06-12;"sábado";"18:50:00";"MA";222;667;"ACAILANDIA";"Animais na Pista";"Atropelamento de Animal";"Com Vítimas Feridas";"Plena Noite";"Crescente";"Chuva";"Simples";"Reta";"Não";1;0;0;1;0;0;1;1;-4,90264174;-47,39968016;"SPRF-MA";"DEL04-MA";"UOP03-DEL04-MA"
363750;2021-06-12;"sábado";"06:00:00";"AM";174;1021;"PRESIDENTE FIGUEIREDO";"Condutor Dormindo";"Colisão com objeto";"Com Vítimas Feridas";"Pleno dia";"Decrescente";"Céu Claro";"Simples";"Curva";"Não";1;0;0;1;0;0;1;1;-1,82204531;-60,14011026;"SPRF-AM";"DEL01-AM";"UOP02-DEL01-AM"
363751;2021-06-12;"sábado";"19:55:00";"PR";116;126;"FAZENDA RIO GRANDE";"Ausência de reação do condutor";"Engavetamento";"Sem Vítimas";"Plena Noite";"Decrescente";"Céu Claro";"Dupla";"Reta";"Sim";3;0;0;0;3;0;0;3;-25,60389895;-49,31824423;"SPRF-PR";"DEL01-PR";"UOP03-DEL01-PR"
363752;2021-06-12;"sábado";"19:55:00";"SP";116;205,5;"ARUJA";"Manobra de mudança de faixa";"Capotamento";"Com Vítimas Feridas";"Plena Noite";"Decrescente";"Nublado";"Múltipla";"Reta";"Não";3;0;2;0;0;1;2;2;-23,41475243;-46,36600788;"SPRF-SP";"DEL01-SP";"UOP01-DEL01-SP"
363754;2021-06-12;"sábado";"19:25:00";"PE";101;43;"IGARASSU";"Animais na Pista";"Atropelamento de Animal";"Com Vítimas Feridas";"Plena Noite";"Crescente";"Céu Claro";"Múltipla";"Reta";"Sim";2;0;0;1;1;0;1;2;-7,84753808;-34,90977038;"SPRF-PE";"DEL01-PE";"UOP02-DEL01-PE"
363756;2021-06-12;"sábado";"19:10:00";"MT";163;115;"RONDONOPOLIS";"Ausência de reação do condutor";"Colisão traseira";"Com Vítimas Feridas";"Plena Noite";"Decrescente";"Céu Claro";"Dupla";"Declive";"Sim";3;0;2;0;1;0;2;2;-16,53799506;-54,66666488;"SPRF-MT";"DEL02-MT";"UOP01-DEL02-MT"
363757;2021-06-12;"sábado";"19:20:00";"MG";381;547,6;"RIO MANSO";"Demais falhas mecânicas ou elétricas";"Incêndio";"Sem Vítimas";"Plena Noite";"Decrescente";"Nublado";"Dupla";"Curva";"Não";1;0;0;0;1;0;0;1;-20,283318;-44,42984;"SPRF-MG";"DEL04-MG";"UOP03-DEL04-MG"
363758;2021-06-12;"sábado";"20:15:00";"SP";153;60;"SAO JOSE DO RIO PRETO";"Sinalização mal posicionada";"Colisão traseira";"Com Vítimas Feridas";"Plena Noite";"Decrescente";"Céu Claro";"Dupla";"Em Obras";"Sim";3;0;1;0;2;0;1;2;-20,79627979;-49,35480206;"SPRF-SP";"DEL09-SP";"UOP01-DEL09-SP"
363761;2021-06-12;"sábado";"19:30:00";"RS";290;718;"URUGUAIANA";"Animais na Pista";"Atropelamento de Animal";"Com Vítimas Feridas";"Plena Noite";"Crescente";"Céu Claro";"Simples";"Reta";"Sim";1;0;1;0;0;0;1;1;-29,774612;-57,04377;"SPRF-RS";"DEL13-RS";"UOP01-DEL13-RS"
363762;2021-06-12;"sábado";"20:00:00";"SC";282;502,4;"XANXERE";"Desrespeitar a preferência no cruzamento";"Colisão transversal";"Com Vítimas Feridas";"Plena Noite";"Decrescente";"Nublado";"Simples";"Interseção de Vias";"Sim";2;0;1;0;1;0;1;2;-26,88282483;-52,38124609;"SPRF-SC";"DEL07-SC";"UOP01-DEL07-SC"
363763;2021-06-12;"sábado";"17:00:00";"RO";364;339;"JI-PARANA";"Reação tardia ou ineficiente do condutor";"Queda de ocupante de veículo";"Com Vítimas Fatais";"Pleno dia";"Crescente";"Céu Claro";"Simples";"Reta";"Sim";1;1;0;0;0;0;0;1;-10,907816;-61,93017402;"SPRF-RO";"DEL02-RO";"UOP01-DEL02-RO"
363764;2021-06-12;"sábado";"17:50:00";"MG";116;76,2;"MEDINA";"Velocidade Incompatível";"Colisão lateral sentido oposto";"Com Vítimas Feridas";"Anoitecer";"Decrescente";"Nublado";"Simples";"Curva";"Não";2;0;0;1;1;0;1;2;-16,25247313;-41,47027228;"SPRF-MG";"DEL11-MG";"UOP02-DEL11-MG"
363766;2021-06-12;"sábado";"20:30:00";"RJ";393;235;"VASSOURAS";"Pedestre cruzava a pista fora da faixa";"Atropelamento de Pedestre";"Com Vítimas Feridas";"Plena Noite";"Decrescente";"Céu Claro";"Simples";"Reta";"Sim";2;0;1;0;1;0;1;2;-22,38370934;-43,64221072;"SPRF-RJ";"DEL05-RJ";"UOP03-DEL05-RJ"
363768;2021-06-12;"sábado";"19:15:00";"RJ";40;123;"DUQUE DE CAXIAS";"Condutor deixou de manter distância do veículo da frente";"Engavetamento";"Com Vítimas Feridas";"Plena Noite";"Decrescente";"Nublado";"Dupla";"Reta";"Sim";3;0;1;0;2;0;1;3;-22,79907687;-43,29015739;"SPRF-RJ";"DEL01-RJ";"UOP01-DEL01-RJ"
363769;2021-06-12;"sábado";"19:00:00";"RS";472;154,5;"SANTA ROSA";"Velocidade Incompatível";"Saída de leito carroçável";"Com Vítimas Feridas";"Anoitecer";"Decrescente";"Nublado";"Simples";"Curva";"Não";2;0;1;1;0;0;2;1;-27,8241044;-54,41511154;"SPRF-RS";"DEL10-RS";"UOP01-DEL10-RS"
363770;2021-06-12;"sábado";"20:00:00";"RO";364;709;"PORTO VELHO";"Velocidade Incompatível";"Saída de leito carroçável";"Sem Vítimas";"Plena Noite";"Decrescente";"Céu Claro";"Dupla";"Reta";"Sim";2;0;0;0;0;2;0;2;-8,7909383;-63,84895617;"SPRF-RO";"DEL01-RO";"UOP01-DEL01-RO"
363772;2021-06-12;"sábado";"18:45:00";"PR";369;146,6;"LONDRINA";"Reação tardia ou ineficiente do condutor";"Engavetamento";"Com Vítimas Feridas";"Anoitecer";"Decrescente";"Vento";"Dupla";"Aclive;Reta";"Não";5;0;0;1;4;0;1;5;-23,29320986;-51,12974882;"SPRF-PR";"DEL07-PR";"UOP01-DEL07-PR"
363773;2021-06-12;"sábado";"19:30:00";"PR";476;137;"CURITIBA";"Ingestão de álcool pelo condutor";"Colisão traseira";"Com Vítimas Feridas";"Plena Noite";"Crescente";"Céu Claro";"Múltipla";"Declive;Reta";"Sim";3;0;1;0;2;0;1;3;-25,498302;-49,277546;"SPRF-PR";"DEL01-PR";"UOP03-DEL01-PR"
363774;2021-06-12;"sábado";"21:00:00";"SP";381;60,9;"MAIRIPORA";"Ausência de reação do condutor";"Queda de ocupante de veículo";"Com Vítimas Feridas";"Plena Noite";"Decrescente";"Céu Claro";"Dupla";"Curva";"Não";1;0;1;0;0;0;1;1;-23,28944097;-46,58055604;"SPRF-SP";"DEL03-SP";"UOP01-DEL03-SP"
363776;2021-06-12;"sábado";"20:30:00";"CE";116;1;"FORTALEZA";"Acessar a via sem observar a presença dos outros veículos";"Colisão frontal";"Sem Vítimas";"Plena Noite";"Decrescente";"Céu Claro";"Dupla";"Reta";"Sim";2;0;0;0;1;1;0;2;-3,76274906;-38,51860285;"SPRF-CE";"DEL01-CE";"UOP02-DEL01-CE"
363777;2021-06-12;"sábado";"20:20:00";"MG";381;454;"SABARA";"Velocidade Incompatível";"Colisão traseira";"Com Vítimas Feridas";"Plena Noite";"Crescente";"Céu Claro";"Simples";"Reta";"Sim";2;0;2;0;0;0;2;2;-19,85593827;-43,89662047;"SPRF-MG";"DEL01-MG";"UOP01-DEL01-MG"
363779;2021-06-12;"sábado";"19:01:00";"RS";290;720;"URUGUAIANA";"Ultrapassagem Indevida";"Colisão frontal";"Com Vítimas Feridas";"Plena Noite";"Decrescente";"Céu Claro";"Múltipla";"Reta";"Sim";6;0;5;0;1;0;5;2;-29,76750664;-57,05813885;"SPRF-RS";"DEL13-RS";"UOP01-DEL13-RS"
363780;2021-06-12;"sábado";"21:15:00";"SP";153;54,5;"SAO JOSE DO RIO PRETO";"Condutor Dormindo";"Saída de leito carroçável";"Com Vítimas Feridas";"Plena Noite";"Crescente";"Céu Claro";"Dupla";"Declive;Reta";"Não";2;0;2;0;0;0;2;1;-20,74488916;-49,33894564;"SPRF-SP";"DEL09-SP";"UOP01-DEL09-SP"
363781;2021-06-12;"sábado";"21:35:00";"MG";262;775,3;"UBERABA";"Ausência de reação do condutor";"Saída de leito carroçável";"Sem Vítimas";"Plena Noite";"Crescente";"Céu Claro";"Simples";"Reta";"Não";1;0;0;0;1;0;0;1;-19,72796894;-47,71860704;"SPRF-MG";"DEL13-MG";"UOP01-DEL13-MG"
363782;2021-06-12;"sábado";"20:36:00";"PR";369;2,7;"JACAREZINHO";"Animais na Pista";"Colisão traseira";"Com Vítimas Feridas";"Plena Noite";"Decrescente";"Céu Claro";"Dupla";"Declive;Reta";"Não";4;0;1;0;3;0;1;2;-23,00421966;-49,91709329;"SPRF-PR";"DEL07-PR";"UOP01-DEL07-PR"
363783;2021-06-12;"sábado";"19:53:00";"MT";163;599,6;"CUIABA";"Pedestre andava na pista";"Atropelamento de Pedestre";"Com Vítimas Feridas";"Plena Noite";"Decrescente";"Nublado";"Simples";"Aclive";"Sim";2;0;1;0;1;0;1;2;-15,66971181;-56,01005137;"SPRF-MT";"DEL01-MT";"UOP01-DEL01-MT"
363784;2021-06-12;"sábado";"21:00:00";"RJ";101;310;"SAO GONCALO";"Ausência de reação do condutor";"Engavetamento";"Com Vítimas Feridas";"Plena Noite";"Crescente";"Céu Claro";"Dupla";"Reta";"Sim";5;0;2;0;3;0;2;3;-22,79709211;-43,04459453;"SPRF-RJ";"DEL02-RJ";"UOP02-DEL02-RJ"
363785;2021-06-12;"sábado";"22:00:00";"DF";20;11;"BRASILIA";"Pista Escorregadia";"Tombamento";"Com Vítimas Feridas";"Plena Noite";"Decrescente";"Céu Claro";"Simples";"Reta";"Sim";2;0;1;0;1;0;1;2;-15,64654;-47,766422;"SPRF-DF";"DEL02-DF";"UOP01-DEL02-DF"
363786;2021-06-12;"sábado";"21:10:00";"SC";101;326,8;"CAPIVARI DE BAIXO";"Ingestão de álcool pelo condutor";"Saída de leito carroçável";"Com Vítimas Feridas";"Plena Noite";"Decrescente";"Céu Claro";"Dupla";"Aclive";"Não";2;0;2;0;0;0;2;1;-28,43583045;-48,95924091;"SPRF-SC";"DEL02-SC";"UOP01-DEL02-SC"
363787;2021-06-12;"sábado";"12:00:00";"RO";364;973;"PORTO VELHO";"Reação tardia ou ineficiente do condutor";"Atropelamento de Pedestre";"Com Vítimas Feridas";"Pleno dia";"Crescente";"Céu Claro";"Simples";"Reta";"Sim";2;0;1;0;1;0;1;2;-9,60973631;-65,72061718;"SPRF-RO";"DEL01-RO";"UOP03-DEL01-RO"
363789;2021-06-12;"sábado";"22:30:00";"GO";20;195;"ALVORADA DO NORTE";"Transitar na contramão";"Colisão lateral sentido oposto";"Sem Vítimas";"Plena Noite";"Crescente";"Céu Claro";"Simples";"Reta";"Não";4;0;0;0;4;0;0;2;-14,5138824;-46,5235363;"SPRF-DF";"DEL02-DF";"UOP03-DEL02-DF"
363791;2021-06-12;"sábado";"19:30:00";"GO";153;532;"HIDROLANDIA";"Participar de racha";"Colisão traseira";"Com Vítimas Feridas";"Plena Noite";"Decrescente";"Nublado";"Dupla";"Reta";"Não";2;0;0;1;1;0;1;2;-16,9852;-49,2297;"SPRF-GO";"DEL01-GO";"UOP03-DEL01-GO"
363792;2021-06-12;"sábado";"22:50:00";"MG";381;828,1;"SAO SEBASTIAO DA BELA VISTA";"Acessar a via sem observar a presença dos outros veículos";"Colisão traseira";"Sem Vítimas";"Plena Noite";"Crescente";"Céu Claro";"Dupla";"Reta";"Não";2;0;0;0;2;0;0;2;-22,12802668;-45,80183626;"SPRF-MG";"DEL16-MG";"UOP01-DEL16-MG"
363795;2021-06-12;"sábado";"20:20:00";"SC";101;403;"MARACAJA";"Ingestão de álcool pelo condutor";"Saída de leito carroçável";"Sem Vítimas";"Plena Noite";"Decrescente";"Céu Claro";"Dupla";"Reta";"Não";1;0;0;0;1;0;0;1;-28,87065022;-49,45169172;"SPRF-SC";"DEL02-SC";"UOP02-DEL02-SC"
363796;2021-06-12;"sábado";"21:00:00";"MG";365;744;"ITUIUTABA";"Condutor Dormindo";"Saída de leito carroçável";"Com Vítimas Feridas";"Plena Noite";"Decrescente";"Céu Claro";"Simples";"Reta";"Não";1;0;1;0;0;0;1;1;-18,91745432;-49,41063799;"SPRF-MG";"DEL15-MG";"UOP03-DEL15-MG"
363797;2021-06-12;"sábado";"23:30:00";"MG";50;65;"UBERLANDIA";"Velocidade Incompatível";"Colisão traseira";"Com Vítimas Feridas";"Plena Noite";"Decrescente";"Céu Claro";"Dupla";"Declive";"Não";6;0;2;0;3;1;2;3;-18,85140204;-48,25345932;"SPRF-MG";"DEL15-MG";"UOP02-DEL15-MG"
363798;2021-06-12;"sábado";"21:20:00";"PR";277;503,7;"GUARANIACU";"Pedestre cruzava a pista fora da faixa";"Atropelamento de Pedestre";"Com Vítimas Fatais";"Plena Noite";"Decrescente";"Céu Claro";"Simples";"Reta;Declive";"Não";2;1;0;0;1;0;0;2;-25,14896801;-52,70105018;"SPRF-PR";"DEL04-PR";"UOP01-DEL04-PR"
363799;2021-06-12;"sábado";"18:40:00";"RS";290;720;"URUGUAIANA";"Ingestão de álcool pelo condutor";"Colisão com objeto";"Sem Vítimas";"Anoitecer";"Crescente";"Céu Claro";"Simples";"Ponte";"Sim";1;0;0;0;1;0;0;1;-29,766502;-57,058228;"SPRF-RS";"DEL13-RS";"UOP01-DEL13-RS"
363801;2021-06-12;"sábado";"22:10:00";"RJ";465;18;"NOVA IGUACU";"Transitar na contramão";"Colisão frontal";"Sem Vítimas";"Plena Noite";"Decrescente";"Céu Claro";"Simples";"Interseção de Vias";"Sim";2;0;0;0;1;1;0;2;-22,831354;-43,615128;"SPRF-RJ";"DEL03-RJ";"UOP01-DEL03-RJ"
363802;2021-06-12;"sábado";"23:00:00";"RJ";116;183,7;"NOVA IGUACU";"Entrada inopinada do pedestre";"Atropelamento de Pedestre";"Com Vítimas Fatais";"Plena Noite";"Crescente";"Céu Claro";"Dupla";"Reta";"Sim";2;1;0;0;0;1;0;2;-22,7386866;-43,49503063;"SPRF-RJ";"DEL01-RJ";"UOP02-DEL01-RJ"
363803;2021-06-12;"sábado";"23:45:00";"SC";101;148,5;"ITAPEMA";"Ausência de reação do condutor";"Tombamento";"Com Vítimas Feridas";"Plena Noite";"Decrescente";"Céu Claro";"Múltipla";"Reta";"Sim";1;0;1;0;0;0;1;1;-27,10123686;-48,61807962;"SPRF-SC";"DEL04-SC";"UOP03-DEL04-SC"
363804;2021-06-13;"domingo";"00:15:00";"SP";116;37,9;"CACHOEIRA PAULISTA";"Ausência de reação do condutor";"Saída de leito carroçável";"Sem Vítimas";"Plena Noite";"Decrescente";"Nublado";"Dupla";"Declive";"Não";1;0;0;0;0;1;0;1;-22,66497021;-44,98430985;"SPRF-SP";"DEL08-SP";"UOP02-DEL08-SP"
363805;2021-06-12;"sábado";"23:55:00";"SC";101;208;"SAO JOSE";"Condutor deixou de manter distância do veículo da frente";"Colisão traseira";"Sem Vítimas";"Plena Noite";"Decrescente";"Nublado";"Dupla";"Reta";"Não";2;0;0;0;2;0;0;2;-27,60327979;-48,63201818;"SPRF-SC";"DEL01-SC";"UOP01-DEL01-SC"
363806;2021-06-13;"domingo";"01:00:00";"MG";381;510;"SAO JOAQUIM DE BICAS";"Animais na Pista";"Atropelamento de Animal";"Com Vítimas Feridas";"Plena Noite";"Crescente";"Céu Claro";"Dupla";"Reta";"Sim";1;0;1;0;0;0;1;1;-20,07738209;-44,30434488;"SPRF-MG";"DEL01-MG";"UOP03-DEL01-MG"
363807;2021-06-13;"domingo";"01:15:00";"SP";381;62;"MAIRIPORA";"Ausência de reação do condutor";"Saída de leito carroçável";"Com Vítimas Fatais";"Plena Noite";"Crescente";"Céu Claro";"Dupla";"Curva";"Sim";3;1;0;1;1;0;1;1;-23,29437896;-46,57254696;"SPRF-SP";"DEL03-SP";"UOP01-DEL03-SP"
363809;2021-06-12;"sábado";"22:30:00";"SC";163;1,4;"DIONISIO CERQUEIRA";"Ausência de reação do condutor";"Saída de leito carroçável";"Sem Vítimas";"Plena Noite";"Crescente";"Céu Claro";"Simples";"Declive;Reta";"Sim";1;0;0;0;0;1;0;1;-26,2613;-53,6206;"SPRF-SC";"DEL07-SC";"UOP03-DEL07-SC"
363810;2021-06-13;"domingo";"00:05:00";"RS";285;672;"SAO BORJA";"Ingestão de álcool pelo condutor";"Saída de leito carroçável";"Com Vítimas Feridas";"Plena Noite";"Crescente";"Céu Claro";"Simples";"Reta";"Sim";1;0;1;0;0;0;1;1;-28,66794;-55,978237;"SPRF-RS";"DEL12-RS";"UOP01-DEL12-RS"
363811;2021-06-13;"domingo";"01:15:00";"RO";364;195,8;"PIMENTA BUENO";"Ingestão de álcool pelo condutor";"Saída de leito carroçável";"Com Vítimas Feridas";"Plena Noite";"Decrescente";"Céu Claro";"Simples";"Curva;Rotatória";"Sim";1;0;0;1;0;0;1;1;-11,6932879;-61,17742991;"SPRF-RO";"DEL02-RO";"UOP02-DEL02-RO"
363812;2021-06-13;"domingo";"00:45:00";"RR";401;7;"CANTA";"Ingestão de álcool pelo condutor";"Saída de leito carroçável";"Com Vítimas Feridas";"Plena Noite";"Crescente";"Céu Claro";"Dupla";"Curva";"Sim";1;0;0;1;0;0;1;1;2,796781;-60,636566;"SPRF-RR";"DEL01-RR";"UOP01-DEL01-RR"
363813;2021-06-13;"domingo";"01:45:00";"SC";101;214;"PALHOCA";"Ingestão de álcool pelo condutor";"Colisão com objeto";"Sem Vítimas";"Plena Noite";"Decrescente";"Céu Claro";"Dupla";"Reta";"Não";1;0;0;0;1;0;0;1;-27,64443;-48,67057;"SPRF-SC";"DEL01-SC";"UOP02-DEL01-SC"
363815;2021-06-13;"domingo";"01:49:00";"RS";116;241,2;"NOVO HAMBURGO";"Velocidade Incompatível";"Colisão traseira";"Com Vítimas Feridas";"Plena Noite";"Crescente";"Céu Claro";"Dupla";"Reta";"Sim";3;0;1;0;2;0;1;3;-29,71396796;-51,1476744;"SPRF-RS";"DEL01-RS";"UOP02-DEL01-RS"
363816;2021-06-13;"domingo";"01:40:00";"RJ";116;177;"NOVA IGUACU";"Ingestão de álcool pelo condutor";"Colisão traseira";"Com Vítimas Feridas";"Plena Noite";"Crescente";"Nublado";"Dupla";"Reta";"Sim";3;0;1;0;2;0;1;2;-22,78055198;-43,39208599;"SPRF-RJ";"DEL01-RJ";"UOP02-DEL01-RJ"
363817;2021-06-13;"domingo";"02:40:00";"TO";153;341,5;"GUARAI";"Pedestre andava na pista";"Atropelamento de Pedestre";"Com Vítimas Fatais";"Plena Noite";"Crescente";"Céu Claro";"Simples";"Reta";"Não";2;1;1;0;0;0;1;2;-8,89955402;-48,50907659;"SPRF-TO";"DEL02-TO";"UOP01-DEL02-TO"
363819;2021-06-13;"domingo";"02:00:00";"SC";282;106;"ALFREDO WAGNER";"Ingestão de álcool pelo condutor";"Colisão lateral sentido oposto";"Com Vítimas Feridas";"Plena Noite";"Crescente";"Céu Claro";"Simples";"Curva";"Não";3;0;2;0;1;0;2;3;-27,697609;-49,344734;"SPRF-SC";"DEL01-SC";"UOP03-DEL01-SC"
363820;2021-06-13;"domingo";"02:15:00";"RJ";116;306;"RESENDE";"Velocidade Incompatível";"Capotamento";"Sem Vítimas";"Plena Noite";"Crescente";"Nublado";"Múltipla";"Reta";"Não";1;0;0;0;1;0;0;1;-22,45645538;-44,40259093;"SPRF-RJ";"DEL07-RJ";"UOP02-DEL07-RJ"
363821;2021-06-13;"domingo";"03:01:00";"RJ";101;54;"CAMPOS DOS GOYTACAZES";"Condutor deixou de manter distância do veículo da frente";"Colisão lateral mesmo sentido";"Com Vítimas Feridas";"Plena Noite";"Crescente";"Céu Claro";"Simples";"Reta";"Não";3;0;3;0;0;0;3;2;-21,66937699;-41,31111673;"SPRF-RJ";"DEL08-RJ";"UOP01-DEL08-RJ"
363823;2021-06-12;"sábado";"22:00:00";"MA";135;246;"CAPINZAL DO NORTE";"Acessar a via sem observar a presença dos outros veículos";"Colisão transversal";"Com Vítimas Fatais";"Plena Noite";"Decrescente";"Ignorado";"Simples";"Reta";"Não";2;1;0;0;0;1;0;2;-4,539254;-44,351513;"SPRF-MA";"DEL03-MA";"UOP01-DEL03-MA"
363824;2021-06-13;"domingo";"02:00:00";"PE";408;73;"PAUDALHO";"Frear bruscamente";"Capotamento";"Com Vítimas Feridas";"Plena Noite";"Decrescente";"Céu Claro";"Dupla";"Ponte";"Sim";1;0;1;0;0;0;1;1;-7,89069683;-35,17793383;"SPRF-PE";"DEL01-PE";"UOP01-DEL01-PE"