"id";"data_inversa";"dia_semana";"horario";"uf";"br";"km";"municipio";"causa_acidente";"tipo_acidente";"classificacao_acidente";"fase_dia";"sentido_via";"condicao_metereologica";"tipo_pista";"tracado_via";"uso_solo";"pessoas";"mortos";"feridos_leves";"feridos_graves";"ilesos";"ignorados";"feridos";"veiculos";"latitude";"longitude";"regional";"delegacia";"uop"
363825;2021-06-13;"domingo";"04:15:00";"SC";101;204,4;"SAO JOSE";"Demais falhas mecânicas ou elétricas";"Colisão com objeto";"Sem Vítimas";"Plena Noite";"Crescente";"Céu Claro";"Dupla";"Reta";"Sim";2;0;0;0;2;0;0;1;-27,57413014;-48,61363083;"SPRF-SC";"DEL01-SC";"UOP01-DEL01-SC"
363826;2021-06-12;"sábado";"23:40:00";"MA";135;5;"SAO LUIS";"Mal súbito do condutor";"Saída de leito carroçável";"Sem Vítimas";"Plena Noite";"Crescente";"Nublado";"Dupla";"Reta";"Não";1;0;0;0;0;1;0;1;-2,62145385;-44,25797421;"SPRF-MA";"DEL01-MA";"UOP01-DEL01-MA"
363827;2021-06-13;"domingo";"03:20:00";"PR";116;115;"CURITIBA";"Ingestão de álcool pelo condutor";"Saída de leito carroçável";"Sem Vítimas";"Plena Noite";"Decrescente";"Céu Claro";"Dupla";"Reta";"Sim";1;0;0;0;1;0;0;1;-25,55953326;-49,26560414;"SPRF-PR";"DEL01-PR";"UOP01-DEL01-PR"
363830;2021-06-13;"domingo";"00:50:00";"MG";365;90,9;"JEQUITAI";"Demais falhas mecânicas ou elétricas";"Colisão com objeto";"Com Vítimas Fatais";"Plena Noite";"Crescente";"Céu Claro";"Simples";"Reta";"Não";1;1;0;0;0;0;0;1;-17,2046899;-44,44052917;"SPRF-MG";"DEL12-MG";"UOP01-DEL12-MG"
363831;2021-06-13;"domingo";"05:21:00";"RN";304;205,8;"LAJES";"Animais na Pista";"Atropelamento de Animal";"Com Vítimas Feridas";"Amanhecer";"Decrescente";"Céu Claro";"Simples";"Reta";"Não";3;0;2;0;1;0;2;1;-5,73614918;-36,12156203;"SPRF-RN";"DEL01-RN";"UOP03-DEL01-RN"
363832;2021-06-09;"quarta-feira";"14:19:00";"PB";230;11,5;"CABEDELO";"Condutor deixou de manter distância do veículo da frente";"Colisão traseira";"Com Vítimas Feridas";"Pleno dia";"Decrescente";"Sol";"Dupla";"Reta";"Sim";2;0;1;0;1;0;1;2;-7,0596;-34,8506;"SPRF-PB";"DEL01-PB";"UOP01-DEL01-PB"
363834;2021-06-13;"domingo";"04:20:00";"RS";116;249,5;"SAO LEOPOLDO";"Ingestão de álcool pelo condutor";"Colisão com objeto";"Com Vítimas Feridas";"Plena Noite";"Decrescente";"Céu Claro";"Dupla";"Curva";"Não";1;0;1;0;0;0;1;1;-29,7831804;-51,16099063;"SPRF-RS";"DEL01-RS";"UOP02-DEL01-RS"
363836;2021-06-13;"domingo";"03:20:00";"SC";116;59,9;"PAPANDUVA";"Ausência de reação do condutor";"Colisão com objeto";"Com Vítimas Feridas";"Plena Noite";"Crescente";"Nevoeiro/Neblina";"Simples";"Interseção de Vias";"Não";2;0;1;0;1;0;1;1;-26,38233554;-50,21575928;"SPRF-SC";"DEL06-SC";"UOP02-DEL06-SC"
363837;2021-06-13;"domingo";"06:50:00";"PE";232;70;"GRAVATA";"Ausência de reação do condutor";"Queda de ocupante de veículo";"Com Vítimas Feridas";"Pleno dia";"Decrescente";"Céu Claro";"Dupla";"Aclive";"Não";1;0;1;0;0;0;1;1;-8,17698676;-35,48742522;"SPRF-PE";"DEL02-PE";"UOP02-DEL02PE"
363838;2021-06-13;"domingo";"05:40:00";"ES";101;144,6;"LINHARES";"Velocidade Incompatível";"Saída de leito carroçável";"Sem Vítimas";"Amanhecer";"Crescente";"Nublado";"Simples";"Reta";"Sim";1;0;0;0;0;1;0;1;-19,35188295;-40,0636685;"SPRF-ES";"DEL04-ES";"UOP01-DEL04-ES"
363839;2021-05-16;"domingo";"18:00:00";"CE";402;256,6;"ITAPIPOCA";"Transitar na contramão";"Colisão frontal";"Com Vítimas Feridas";"Plena Noite";"Crescente";"Céu Claro";"Dupla";"Reta";"Sim";6;0;1;1;4;0;2;2;-3,47521884;-39,63335992;"SPRF-CE";"DEL01-CE";"UOP03-DEL01-CE"
363841;2021-06-13;"domingo";"07:20:00";"PE";232;8,5;"RECIFE";"Acessar a via sem observar a presença dos outros veículos";"Colisão transversal";"Com Vítimas Feridas";"Pleno dia";"Crescente";"Sol";"Dupla";"Reta";"Sim";3;0;1;1;1;0;2;3;-8,07583727;-34,97015791;"SPRF-PE";"DEL01-PE";"UOP01-DEL01-PE"
363842;2021-06-13;"domingo";"06:50:00";"RN";101;93,6;"NATAL";"Trafegar com motocicleta (ou similar) entre as faixas";"Colisão lateral mesmo sentido";"Com Vítimas Feridas";"Pleno dia";"Decrescente";"Céu Claro";"Dupla";"Curva;Aclive";"Sim";3;0;1;1;1;0;2;2;-5,82309126;-35,20879637;"SPRF-RN";"DEL01-RN";"UOP01-DEL01-RN"
363843;2021-06-13;"domingo";"07:20:00";"RN";101;123;"SAO JOSE DE MIPIBU";"Condutor deixou de manter distância do veículo da frente";"Colisão traseira";"Com Vítimas Feridas";"Pleno dia";"Crescente";"Sol";"Dupla";"Reta";"Não";3;0;0;1;1;1;1;3;-6,06166101;-35,24094602;"SPRF-RN";"DEL01-RN";"UOP01-DEL01-RN"
363845;2021-06-13;"domingo";"07:30:00";"SC";282;516,4;"XAXIM";"Ultrapassagem Indevida";"Colisão lateral sentido oposto";"Sem Vítimas";"Amanhecer";"Crescente";"Céu Claro";"Dupla";"Aclive";"Não";3;0;0;0;3;0;0;1;-26,930862;-52,499157;"SPRF-SC";"DEL07-SC";"UOP01-DEL07-SC"
363846;2021-06-13;"domingo";"07:25:00";"PR";373;175,5;"PONTA GROSSA";"Ingestão de álcool pelo condutor";"Saída de leito carroçável";"Sem Vítimas";"Pleno dia";"Crescente";"Céu Claro";"Dupla";"Curva";"Sim";1;0;0;0;0;1;0;1;-25,06728094;-50,21211882;"SPRF-PR";"DEL03-PR";"UOP01-DEL03-PR"
363849;2021-06-12;"sábado";"18:30:00";"MA";10;128;"ESTREITO";"Entrada inopinada do pedestre";"Atropelamento de Pedestre";"Com Vítimas Feridas";"Anoitecer";"Crescente";"Céu Claro";"Simples";"Reta";"Sim";2;0;0;1;0;1;1;2;-6,564439;-47,44772;"SPRF-MA";"DEL04-MA";"UOP02-DEL04-MA"
363850;2021-06-13;"domingo";"07:30:00";"RO";364;708;"PORTO VELHO";"Reação tardia ou ineficiente do condutor";"Colisão lateral mesmo sentido";"Sem Vítimas";"Pleno dia";"Decrescente";"Céu Claro";"Dupla";"Rotatória;Interseção de Vias";"Sim";2;0;0;0;2;0;0;2;-8,79554083;-63,84072487;"SPRF-RO";"DEL01-RO";"UOP01-DEL01-RO"
363851;2021-06-13;"domingo";"06:40:00";"MG";381;666,6;"PERDOES";"Objeto estático sobre o leito carroçável";"Colisão com objeto";"Sem Vítimas";"Amanhecer";"Decrescente";"Céu Claro";"Dupla";"Curva";"Não";3;0;0;0;3;0;0;1;-21,053023;-45,011139;"SPRF-MG";"DEL04-MG";"UOP02-DEL04-MG"
363853;2021-06-13;"domingo";"07:50:00";"PR";277;122;"CAMPO LARGO";"Velocidade Incompatível";"Colisão com objeto";"Com Vítimas Fatais";"Pleno dia";"Crescente";"Céu Claro";"Dupla";"Curva";"Não";1;1;0;0;0;0;0;1;-25,44344167;-49,45985402;"SPRF-PR";"DEL01-PR";"UOP03-DEL03-PR"
363855;2021-06-12;"sábado";"23:30:00";"MT";163;593;"NOVA MUTUM";"Demais falhas na via";"Queda de ocupante de veículo";"Com Vítimas Feridas";"Plena Noite";"Crescente";"Céu Claro";"Simples";"Reta";"Não";1;0;0;1;0;0;1;1;-13,96991203;-56,0983846;"SPRF-MT";"DEL01-MT";"UOP01-DEL01-MT"
363856;2021-06-13;"domingo";"07:30:00";"MA";222;339;"IGARAPE DO MEIO";"Reação tardia ou ineficiente do condutor";"Colisão traseira";"Com Vítimas Feridas";"Pleno dia";"Crescente";"Céu Claro";"Simples";"Reta";"Sim";5;0;1;0;4;0;1;2;-3,64870509;-45,20075695;"SPRF-MA";"DEL02-MA";"UOP01-DEL02-MA"
363857;2021-06-13;"domingo";"09:00:00";"MG";40;547,5;"NOVA LIMA";"Velocidade Incompatível";"Queda de ocupante de veículo";"Com Vítimas Feridas";"Pleno dia";"Decrescente";"Céu Claro";"Dupla";"Declive";"Sim";1;0;0;1;0;0;1;1;-20,02252424;-43,97026042;"SPRF-MG";"DEL01-MG";"UOP02-DEL01-MG"
363858;2021-06-13;"domingo";"08:20:00";"MG";50;114;"UBERABA";"Avarias e/ou desgaste excessivo no pneu";"Saída de leito carroçável";"Sem Vítimas";"Pleno dia";"Decrescente";"Céu Claro";"Dupla";"Curva";"Não";1;0;0;0;1;0;0;1;-19,25772707;-48,13205017;"SPRF-MG";"DEL13-MG";"UOP01-DEL13-MG"
363859;2021-06-13;"domingo";"01:00:00";"PR";153;17;"JACAREZINHO";"Ingestão de álcool pelo condutor";"Colisão com objeto";"Sem Vítimas";"Plena Noite";"Decrescente";"Céu Claro";"Simples";"Curva";"Não";1;0;0;0;1;0;0;1;-23,135487;-49,9450358;"SPRF-PR";"DEL07-PR";"UOP04-DEL07-PR"
363861;2021-06-13;"domingo";"09:40:00";"ES";262;4,5;"CARIACICA";"Acessar a via sem observar a presença dos outros veículos";"Colisão lateral mesmo sentido";"Com Vítimas Feridas";"Pleno dia";"Crescente";"Céu Claro";"Dupla";"Aclive";"Sim";2;0;1;0;0;1;1;2;-20,33609327;-40,37812784;"SPRF-ES";"DEL01-ES";"UOP01-DEL01-ES"
363863;2021-06-13;"domingo";"02:59:00";"GO";70;371;"COCALZINHO DE GOIAS";"Pista em desnível";"Colisão com objeto";"Sem Vítimas";"Plena Noite";"Crescente";"Céu Claro";"Simples";"Declive";"Não";2;0;0;0;2;0;0;1;-15,76879637;-48,7396431;"SPRF-GO";"DEL04-GO";"UOP01-DEL04-GO"
363867;2021-06-13;"domingo";"10:30:00";"ES";101;142,8;"LINHARES";"Condutor deixou de manter distância do veículo da frente";"Colisão traseira";"Com Vítimas Feridas";"Pleno dia";"Decrescente";"Céu Claro";"Múltipla";"Reta";"Não";3;0;1;1;1;0;2;2;-19,34099524;-40,06418288;"SPRF-ES";"DEL04-ES";"UOP01-DEL04-ES"
363868;2021-06-13;"domingo";"10:35:00";"MG";381;499;"BETIM";"Velocidade Incompatível";"Colisão traseira";"Com Vítimas Feridas";"Pleno dia";"Crescente";"Sol";"Dupla";"Reta";"Sim";3;0;1;0;2;0;1;2;-20,01792651;-44,2261448;"SPRF-MG";"DEL01-MG";"UOP03-DEL01-MG"
363869;2021-06-13;"domingo";"09:30:00";"PE";428;189,9;"PETROLINA";"Ausência de reação do condutor";"Colisão lateral mesmo sentido";"Sem Vítimas";"Pleno dia";"Decrescente";"Sol";"Dupla";"Reta";"Sim";2;0;0;0;1;1;0;2;-9,37197508;-40,48679585;"SPRF-PE";"DEL06-PE";"UOP01-DEL06-PE"
363870;2021-06-13;"domingo";"10:50:00";"SP";153;75,3;"BADY BASSITT";"Reação tardia ou ineficiente do condutor";"Colisão lateral mesmo sentido";"Com Vítimas Feridas";"Pleno dia";"Decrescente";"Céu Claro";"Dupla";"Reta";"Sim";9;0;1;0;8;0;1;2;-20,89418221;-49,43387582;"SPRF-SP";"DEL09-SP";"UOP01-DEL09-SP"
363871;2021-06-13;"domingo";"06:50:00";"BA";324;556;"SAO SEBASTIAO DO PASSE";"Ausência de reação do condutor";"Saída de leito carroçável";"Com Vítimas Feridas";"Pleno dia";"Crescente";"Nublado";"Dupla";"Reta";"Não";2;0;2;0;0;0;2;1;-12,47106487;-38,6824229;"SPRF-BA";"DEL01-BA";"UOP03-DEL01-BA"
363872;2021-06-13;"domingo";"07:45:00";"RJ";101;295;"ITABORAI";"Avarias e/ou desgaste excessivo no pneu";"Colisão com objeto";"Com Vítimas Feridas";"Pleno dia";"Decrescente";"Chuva";"Dupla";"Curva";"Sim";4;0;1;0;3;0;1;2;-22,76365068;-42,90223623;"SPRF-RJ";"DEL02-RJ";"UOP02-DEL02-RJ"
363877;2021-06-13;"domingo";"11:00:00";"RJ";393;274;"BARRA DO PIRAI";"Velocidade Incompatível";"Saída de leito carroçável";"Com Vítimas Feridas";"Pleno dia";"Crescente";"Chuva";"Simples";"Curva";"Não";1;0;1;0;0;0;1;1;-22,48328327;-43,96042792;"SPRF-RJ";"DEL05-RJ";"UOP04-DEL05-RJ"
363878;2021-06-13;"domingo";"11:18:00";"SC";101;127,9;"BALNEARIO CAMBORIU";"Ausência de reação do condutor";"Engavetamento";"Com Vítimas Feridas";"Pleno dia";"Decrescente";"Céu Claro";"Dupla";"Reta";"Não";5;0;3;0;2;0;3;3;-26,9639319;-48,68328024;"SPRF-SC";"DEL04-SC";"UOP04-DEL04-SC"
363880;2021-06-13;"domingo";"08:30:00";"BA";101;78,9;"ENTRE RIOS";"Reação tardia ou ineficiente do condutor";"Capotamento";"Com Vítimas Feridas";"Pleno dia";"Crescente";"Nublado";"Dupla";"Em Obras";"Não";5;0;5;0;0;0;5;1;-12,00611883;-38,26182514;"SPRF-BA";"DEL01-BA";"UOP04-DEL01-BA"
363881;2021-06-13;"domingo";"08:30:00";"PR";476;353,9;"UNIAO DA VITORIA";"Velocidade Incompatível";"Capotamento";"Com Vítimas Feridas";"Pleno dia";"Decrescente";"Nevoeiro/Neblina";"Simples";"Aclive;Reta";"Não";1;0;1;0;0;0;1;1;-26,198172;-51,002659;"SPRF-PR";"DEL02-PR";"UOP03-DEL02-PR"
363882;2021-06-13;"domingo";"12:30:00";"BA";101;812;"ITAMARAJU";"Condutor deixou de manter distância do veículo da frente";"Colisão traseira";"Com Vítimas Feridas";"Pleno dia";"Crescente";"Céu Claro";"Simples";"Reta";"Sim";4;0;1;0;3;0;1;4;-17,04797227;-39,5483505;"SPRF-BA";"DEL09-BA";"UOP02-DEL09-BA"
363883;2021-06-13;"domingo";"12:12:00";"SP";381;63,5;"MAIRIPORA";"Trafegar com motocicleta (ou similar) entre as faixas";"Colisão lateral mesmo sentido";"Com Vítimas Feridas";"Pleno dia";"Crescente";"Céu Claro";"Dupla";"Reta";"Sim";7;0;1;0;6;0;1;3;-23,302805;-46,572767;"SPRF-SP";"DEL03-SP";"UOP01-DEL03-SP"
363884;2021-06-13;"domingo";"11:43:00";"SP";116;219;"GUARULHOS";"Avarias e/ou desgaste excessivo no pneu";"Queda de ocupante de veículo";"Com Vítimas Feridas";"Pleno dia";"Decrescente";"Céu Claro";"Múltipla";"Reta";"Sim";2;0;2;0;0;0;2;1;-23,46143954;-46,48885316;"SPRF-SP";"DEL01-SP";"UOP01-DEL01-SP"
363885;2021-06-13;"domingo";"07:45:00";"PR";277;225;"FERNANDES PINHEIRO";"Acesso irregular";"Saída de leito carroçável";"Com Vítimas Feridas";"Amanhecer";"Decrescente";"Céu Claro";"Simples";"Curva";"Não";2;0;2;0;0;0;2;1;-25,46149805;-50,42455302;"SPRF-PR";"DEL03-PR";"UOP03-DEL03-PR"
363886;2021-06-13;"domingo";"12:00:00";"MG";146;515,5;"POCOS DE CALDAS";"Velocidade Incompatível";"Saída de leito carroçável";"Com Vítimas Feridas";"Pleno dia";"Crescente";"Céu Claro";"Simples";"Curva";"Não";2;0;1;0;1;0;1;1;-21,80285819;-46,45362854;"SPRF-MG";"DEL09-MG";"UOP01-DEL09-MG"
363888;2021-06-13;"domingo";"12:30:00";"MG";40;552;"NOVA LIMA";"Ausência de reação do condutor";"Colisão traseira";"Com Vítimas Feridas";"Pleno dia";"Crescente";"Céu Claro";"Múltipla";"Reta";"Sim";3;0;2;0;1;0;2;2;-20,06084086;-43,97716423;"SPRF-MG";"DEL01-MG";"UOP02-DEL01-MG"
363889;2021-06-13;"domingo";"10:40:00";"PR";116;151;"MANDIRITUBA";"Ausência de reação do condutor";"Queda de ocupante de veículo";"Com Vítimas Feridas";"Pleno dia";"Crescente";"Céu Claro";"Simples";"Reta";"Não";1;0;1;0;0;0;1;1;-25,82348404;-49,33547684;"SPRF-PR";"DEL01-PR";"UOP03-DEL01-PR"
363890;2021-06-13;"domingo";"04:00:00";"GO";153;500;"GOIANIA";"Condutor Dormindo";"Saída de leito carroçável";"Sem Vítimas";"Plena Noite";"Decrescente";"Céu Claro";"Dupla";"Reta";"Sim";2;0;0;0;1;1;0;1;-16,7118;-49,2324;"SPRF-GO";"DEL01-GO";"UOP01-DEL01-GO"
363891;2021-06-13;"domingo";"12:15:00";"GO";60;405;"RIO VERDE";"Avarias e/ou desgaste excessivo no pneu";"Queda de ocupante de veículo";"Com Vítimas Feridas";"Pleno dia";"Decrescente";"Céu Claro";"Dupla";"Reta";"Não";2;0;2;0;0;0;2;1;-17,8151;-51,099;"SPRF-GO";"DEL04-GO";"UOP01-DEL04-GO"
363892;2021-06-12;"sábado";"12:00:00";"MT";174;323,8;"PONTES E LACERDA";"Afundamento ou ondulação no pavimento";"Saída de leito carroçável";"Com Vítimas Fatais";"Pleno dia";"Crescente";"Céu Claro";"Simples";"Declive";"Não";1;1;0;0;0;0;0;1;-14,94026301;-59,29148406;"SPRF-MT";"DEL04-MT";"UOP01-DEL04-MT"
363896;2021-06-13;"domingo";"11:50:00";"RJ";101;430;"MANGARATIBA";"Curva acentuada";"Colisão com objeto";"Com Vítimas Feridas";"Pleno dia";"Decrescente";"Nublado";"Dupla";"Curva";"Não";4;0;4;0;0;0;4;1;-22,93710123;-44,01083798;"SPRF-RJ";"DEL03-RJ";"UOP03-DEL03-RJ"
363897;2021-06-13;"domingo";"09:00:00";"SC";282;137,6;"BOM RETIRO";"Reação tardia ou ineficiente do condutor";"Colisão com objeto";"Com Vítimas Feridas";"Pleno dia";"Decrescente";"Céu Claro";"Simples";"Rotatória";"Sim";2;0;1;0;1;0;1;2;-27,82497259;-49,56590831;"SPRF-SC";"DEL05-SC";"UOP01-DEL05-SC"
363898;2021-06-13;"domingo";"13:20:00";"DF";20;19;"BRASILIA";"Falta de elemento de contenção que evite a saída do leito carroçável";"Saída de leito carroçável";"Com Vítimas Feridas";"Pleno dia";"Crescente";"Céu Claro";"Dupla";"Reta";"Sim";1;0;0;1;0;0;1;1;-15,612175;-47,700928;"SPRF-DF";"DEL02-DF";"UOP01-DEL02-DF"
363900;2021-06-13;"domingo";"13:45:00";"PA";163;1001;"SANTAREM";"Acessar a via sem observar a presença dos outros veículos";"Colisão transversal";"Sem Vítimas";"Pleno dia";"Crescente";"Sol";"Simples";"Reta";"Sim";3;0;0;0;3;0;0;2;-2,464507;-54,72745295;"SPRF-PA";"DEL05-PA";"UOP01-DEL05-PA"
363901;2021-06-13;"domingo";"13:50:00";"MG";50;178;"UBERABA";"Ingestão de álcool pelo condutor";"Saída de leito carroçável";"Com Vítimas Feridas";"Pleno dia";"Decrescente";"Céu Claro";"Dupla";"Em Obras;Aclive;Desvio Temporário;Curva";"Sim";1;0;0;1;0;0;1;1;-19,77896821;-47,94093599;"SPRF-MG";"DEL13-MG";"UOP01-DEL13-MG"
363902;2021-06-13;"domingo";"10:50:00";"SC";470;190,3;"POUSO REDONDO";"Afundamento ou ondulação no pavimento";"Tombamento";"Com Vítimas Feridas";"Pleno dia";"Crescente";"Céu Claro";"Simples";"Aclive;Curva";"Não";2;0;2;0;0;0;2;1;-27,281504;-50,069775;"SPRF-SC";"DEL04-SC";"UOP02-DEL04-SC"
363903;2021-06-13;"domingo";"14:05:00";"PB";104;130,9;"CAMPINA GRANDE";"Velocidade Incompatível";"Queda de ocupante de veículo";"Com Vítimas Feridas";"Pleno dia";"Decrescente";"Céu Claro";"Dupla";"Reta";"Sim";2;0;1;0;1;0;1;1;-7,29013399;-35,89029705;"SPRF-PB";"DEL02-PB";"UOP03-DEL02-PB"
363904;2021-06-13;"domingo";"14:09:00";"SC";282;5,8;"SAO JOSE";"Reação tardia ou ineficiente do condutor";"Colisão com objeto";"Com Vítimas Feridas";"Pleno dia";"Decrescente";"Céu Claro";"Dupla";"Curva";"Sim";2;0;1;1;0;0;2;2;-27,588425;-48,612919;"SPRF-SC";"DEL01-SC";"UOP01-DEL01-SC"
363906;2021-06-13;"domingo";"13:40:00";"MS";60;529,2;"NIOAQUE";"Ausência de reação do condutor";"Saída de leito carroçável";"Com Vítimas Feridas";"Pleno dia";"Crescente";"Sol";"Simples";"Reta";"Não";1;0;1;0;0;0;1;1;-21,126456;-55,739399;"SPRF-MS";"DEL05-MS";"UOP01-DEL05-MS"
363909;2021-06-13;"domingo";"14:00:00";"MG";365;123;"VARZEA DA PALMA";"Ingestão de álcool pelo condutor";"Queda de ocupante de veículo";"Com Vítimas Feridas";"Pleno dia";"Decrescente";"Sol";"Simples";"Reta";"Não";2;0;1;0;0;1;1;2;-17,13931542;-44,71322907;"SPRF-MG";"DEL12-MG";"UOP01-DEL12-MG"
363910;2021-06-13;"domingo";"14:27:00";"BA";324;530;"FEIRA DE SANTANA";"Pista Escorregadia";"Colisão com objeto";"Com Vítimas Feridas";"Pleno dia";"Decrescente";"Chuva";"Dupla";"Reta";"Sim";2;0;1;0;1;0;1;1;-12,32818491;-38,86174193;"SPRF-BA";"DEL01-BA";"UOP03-DEL01-BA"
363911;2021-06-13;"domingo";"14:50:00";"RS";290;102,6;"PORTO ALEGRE";"Manobra de mudança de faixa";"Colisão com objeto";"Com Vítimas Feridas";"Pleno dia";"Crescente";"Céu Claro";"Dupla";"Reta";"Sim";1;0;1;0;0;0;1;1;-29,987228;-51,25613;"SPRF-RS";"DEL01-RS";"UOP01-DEL01-RS"
363912;2021-06-13;"domingo";"15:10:00";"GO";0;0;"LUZIANIA";"Problema com o freio";"Colisão com objeto";"Sem Vítimas";"Pleno dia";"Não Informado";"Céu Claro";"Dupla";"Reta";"Sim";2;0;0;0;2;0;0;1;-16,20960124;-47,92796558;"SPRF-DF";"DEL01-DF";"UOP01-DEL01-DF"
363913;2021-06-13;"domingo";"15:15:00";"RS";392;140,2;"CANGUCU";"Conversão proibida";"Colisão transversal";"Com Vítimas Feridas";"Pleno dia";"Decrescente";"Céu Claro";"Simples";"Retorno Regulamentado";"Não";3;0;1;1;1;0;2;2;-31,24787;-52,797107;"SPRF-RS";"DEL07-RS";"UOP01-DEL07-RS"
363914;2021-06-13;"domingo";"10:50:00";"BA";110;179;"RIBEIRA DO POMBAL";"Conversão proibida";"Colisão transversal";"Com Vítimas Feridas";"Pleno dia";"Decrescente";"Céu Claro";"Simples";"Reta";"Não";3;0;1;1;0;1;2;2;-10,92316105;-38,51972332;"SPRF-BA";"DEL07-BA";"UOP02-DEL07-BA"
363915;2021-06-13;"domingo";"14:00:00";"RJ";40;85;"PETROPOLIS";"Velocidade Incompatível";"Tombamento";"Com Vítimas Feridas";"Pleno dia";"Decrescente";"Nublado";"Simples";"Curva;Aclive";"Não";2;0;2;0;0;0;2;1;-22,55115589;-43,22557926;"SPRF-RJ";"DEL06-RJ";"UOP01-DEL06-RJ"
363917;2021-06-13;"domingo";"15:55:00";"GO";40;12,9;"LUZIANIA";"Acessar a via sem observar a presença dos outros veículos";"Colisão transversal";"Com Vítimas Feridas";"Pleno dia";"Decrescente";"Céu Claro";"Simples";"Retorno Regulamentado";"Sim";3;0;2;0;1;0;2;2;-16,145123;-47,945382;"SPRF-DF";"DEL01-DF";"UOP01-DEL01-DF"
363918;2021-06-13;"domingo";"15:10:00";"SC";280;105,3;"SAO BENTO DO SUL";"Acessar a via sem observar a presença dos outros veículos";"Colisão traseira";"Com Vítimas Feridas";"Pleno dia";"Crescente";"Céu Claro";"Simples";"Reta";"Não";3;0;3;0;0;0;3;2;-26,35641481;-49,36407482;"SPRF-SC";"DEL06-SC";"UOP03-DEL06-SC"
363919;2021-06-13;"domingo";"14:30:00";"DF";251;25;"BRASILIA";"Ingestão de álcool pelo condutor";"Saída de leito carroçável";"Sem Vítimas";"Pleno dia";"Crescente";"Céu Claro";"Simples";"Reta";"Não";1;0;0;0;0;1;0;1;-15,949403;-47,675789;"SPRF-DF";"DEL01-DF";"UOP01-DEL01-DF"
363920;2021-06-13;"domingo";"16:15:00";"MG";381;500,2;"BETIM";"Condutor deixou de manter distância do veículo da frente";"Colisão traseira";"Com Vítimas Feridas";"Pleno dia";"Decrescente";"Céu Claro";"Múltipla";"Reta";"Sim";3;0;2;0;1;0;2;2;-20,0251349349;-44,231127091;"SPRF-MG";"DEL01-MG";"UOP03-DEL01-MG"
363922;2021-06-13;"domingo";"15:15:00";"RS";116;162;"CAXIAS DO SUL";"Ausência de reação do condutor";"Queda de ocupante de veículo";"Com Vítimas Feridas";"Pleno dia";"Decrescente";"Céu Claro";"Simples";"Reta";"Não";2;0;1;0;1;0;1;2;-29,24754637;-51,15737756;"SPRF-RS";"DEL05-RS";"UOP02-DEL05-RS"
363923;2021-06-13;"domingo";"16:20:00";"SC";101;111,5;"NAVEGANTES";"Velocidade Incompatível";"Tombamento";"Com Vítimas Feridas";"Pleno dia";"Decrescente";"Céu Claro";"Simples";"Curva";"Sim";1;0;1;0;0;0;1;1;-26,83955734;-48,71418074;"SPRF-SC";"DEL04-SC";"UOP04-DEL04-SC"
363926;2021-05-04;"terça-feira";"08:10:00";"ES";101;269;"SERRA";"Manobra de mudança de faixa";"Colisão traseira";"Com Vítimas Feridas";"Pleno dia";"Crescente";"Céu Claro";"Múltipla";"Reta";"Sim";2;0;0;1;1;0;1;2;-20,21740496;-40,26990578;"SPRF-ES";"DEL02-ES";"UOP01-DEL02-ES"
363927;2021-06-13;"domingo";"16:30:00";"PB";230;85,8;"GURINHEM";"Afundamento ou ondulação no pavimento";"Saída de leito carroçável";"Com Vítimas Feridas";"Pleno dia";"Decrescente";"Céu Claro";"Dupla";"Reta";"Não";2;0;1;0;1;0;1;1;-7,16750149;-35,36544621;"SPRF-PB";"DEL01-PB";"UOP03-DEL01-PB"
363929;2021-06-13;"domingo";"17:15:00";"SP";381;22;"BRAGANCA PAULISTA";"Reação tardia ou ineficiente do condutor";"Colisão traseira";"Com Vítimas Feridas";"Pleno dia";"Crescente";"Céu Claro";"Dupla";"Retorno Regulamentado";"Não";3;0;2;0;1;0;2;2;-22,99697186;-46,5163051;"SPRF-SP";"DEL03-SP";"UOP01-DEL03-SP"
363930;2021-06-13;"domingo";"16:25:00";"MG";381;943,5;"EXTREMA";"Ingestão de álcool pelo condutor";"Capotamento";"Com Vítimas Feridas";"Pleno dia";"Decrescente";"Céu Claro";"Dupla";"Reta;Aclive";"Não";2;0;2;0;0;0;2;1;-22,8416129;-46,32962465;"SPRF-MG";"DEL16-MG";"UOP03-DEL16-MG"
363931;2021-06-13;"domingo";"17:00:00";"BA";324;603;"SIMOES FILHO";"Condutor deixou de manter distância do veículo da frente";"Colisão traseira";"Sem Vítimas";"Anoitecer";"Decrescente";"Garoa/Chuvisco";"Dupla";"Curva";"Não";3;0;0;0;2;1;0;3;-12,7866418;-38,407256;"SPRF-BA";"DEL01-BA";"UOP01-DEL01-BA"
363936;2021-06-13;"domingo";"14:30:00";"BA";110;352,2;"CATU";"Velocidade Incompatível";"Saída de leito carroçável";"Com Vítimas Feridas";"Pleno dia";"Crescente";"Céu Claro";"Simples";"Reta";"Não";1;0;1;0;0;0;1;1;-12,30118694;-38,37162468;"SPRF-BA";"DEL01-BA";"UOP04-DEL01-BA"