"id";"data_inversa";"dia_semana";"horario";"uf";"br";"km";"municipio";"causa_acidente";"tipo_acidente";"classificacao_acidente";"fase_dia";"sentido_via";"condicao_metereologica";"tipo_pista";"tracado_via";"uso_solo";"pessoas";"mortos";"feridos_leves";"feridos_graves";"ilesos";"ignorados";"feridos";"veiculos";"latitude";"longitude";"regional";"delegacia";"uop"
363937;2021-06-13;"domingo";"13:15:00";"RS";392;296,2;"SAO SEPE";"Ausência de reação do condutor";"Saída de leito carroçável";"Com Vítimas Feridas";"Pleno dia";"Decrescente";"Céu Claro";"Simples";"Curva";"Não";3;0;3;0;0;0;3;1;-30,172483;-53,5782;"SPRF-RS";"DEL09-RS";"UOP01-DEL09-RS"
363938;2021-02-13;"sábado";"23:40:00";"MG";40;520,5;"CONTAGEM";"Velocidade Incompatível";"Saída de leito carroçável";"Com Vítimas Feridas";"Plena Noite";"Decrescente";"Chuva";"Dupla";"Reta";"Não";3;0;1;1;1;0;2;2;-19,84761911;-44,07276144;"SPRF-MG";"DEL01-MG";"UOP02-DEL01-MG"
363939;2021-06-13;"domingo";"12:30:00";"GO";60;409;"RIO VERDE";"Manobra de mudança de faixa";"Saída de leito carroçável";"Sem Vítimas";"Pleno dia";"Decrescente";"Sol";"Dupla";"Aclive";"Não";1;0;0;0;0;1;0;1;-17,8169;-51,1376;"SPRF-GO";"DEL04-GO";"UOP01-DEL04-GO"
363940;2021-06-13;"domingo";"13:30:00";"BA";110;202;"CIPO";"Acessar a via sem observar a presença dos outros veículos";"Colisão lateral mesmo sentido";"Com Vítimas Feridas";"Pleno dia";"Decrescente";"Céu Claro";"Simples";"Reta";"Não";3;0;1;1;1;0;2;2;-11,12487209;-38,51807035;"SPRF-BA";"DEL07-BA";"UOP02-DEL07-BA"
363941;2021-06-13;"domingo";"15:00:00";"SC";470;257,8;"CURITIBANOS";"Falta de elemento de contenção que evite a saída do leito carroçável";"Saída de leito carroçável";"Com Vítimas Feridas";"Pleno dia";"Crescente";"Céu Claro";"Simples";"Declive";"Não";2;0;1;0;1;0;1;1;-27,308815;-50,641468;"SPRF-SC";"DEL05-SC";"UOP03-DEL05-SC"
363942;2021-06-13;"domingo";"17:40:00";"RS";116;227;"DOIS IRMAOS";"Acessar a via sem observar a presença dos outros veículos";"Colisão transversal";"Com Vítimas Feridas";"Anoitecer";"Decrescente";"Céu Claro";"Simples";"Reta";"Sim";3;0;2;0;1;0;2;2;-29,60482402;-51,12527692;"SPRF-RS";"DEL01-RS";"UOP02-DEL01-RS"
363943;2021-06-13;"domingo";"18:00:00";"PE";428;172,8;"PETROLINA";"Acessar a via sem observar a presença dos outros veículos";"Colisão frontal";"Com Vítimas Feridas";"Plena Noite";"Decrescente";"Céu Claro";"Simples";"Reta";"Não";3;0;2;0;1;0;2;2;-9,23632318;-40,41701564;"SPRF-PE";"DEL06-PE";"UOP01-DEL06-PE"
363944;2021-06-13;"domingo";"18:00:00";"RJ";393;137;"SAPUCAIA";"Demais falhas mecânicas ou elétricas";"Incêndio";"Sem Vítimas";"Plena Noite";"Decrescente";"Céu Claro";"Simples";"Reta";"Não";1;0;0;0;1;0;0;1;-21,99811503;-42,92231799;"SPRF-RJ";"DEL05-RJ";"UOP01-DEL05-RJ"
363945;2021-06-13;"domingo";"18:00:00";"SE";101;22,5;"SAO FRANCISCO";"Acumulo de areia ou detritos sobre o pavimento";"Queda de ocupante de veículo";"Com Vítimas Feridas";"Plena Noite";"Decrescente";"Céu Claro";"Simples";"Curva";"Não";1;0;1;0;0;0;1;1;-10,37817499;-36,91419305;"SPRF-SE";"DEL02-SE";"UOP02-DEL02-SE"
363946;2021-06-13;"domingo";"14:55:00";"AL";101;191;"JUNQUEIRO";"Demais falhas mecânicas ou elétricas";"Incêndio";"Sem Vítimas";"Pleno dia";"Crescente";"Céu Claro";"Simples";"Reta";"Sim";1;0;0;0;1;0;0;1;-9,93330214;-36,47155881;"SPRF-AL";"DEL02-AL";"UOP02-DEL02-AL"
363947;2021-06-13;"domingo";"17:56:00";"PB";101;82;"BAYEUX";"Ausência de reação do condutor";"Colisão traseira";"Com Vítimas Feridas";"Anoitecer";"Crescente";"Céu Claro";"Dupla";"Reta";"Sim";3;0;1;0;2;0;1;2;-7,15081164;-34,91044592;"SPRF-PB";"DEL01-PB";"UOP01-DEL01-PB"
363948;2021-06-13;"domingo";"17:43:00";"AP";210;1;"MACAPA";"Acesso irregular";"Colisão frontal";"Com Vítimas Feridas";"Pleno dia";"Crescente";"Céu Claro";"Múltipla";"Reta";"Sim";3;0;0;2;1;0;2;2;0,07816717;-51,06998693;"SPRF-AP";"DEL01-AP";"UOP01-DEL01-AP"
363949;2021-06-13;"domingo";"18:20:00";"SC";101;276,7;"IMBITUBA";"Acessar a via sem observar a presença dos outros veículos";"Colisão transversal";"Sem Vítimas";"Plena Noite";"Crescente";"Céu Claro";"Múltipla";"Interseção de Vias";"Não";6;0;0;0;5;1;0;2;-28,16472299;-48,69386315;"SPRF-SC";"DEL02-SC";"UOP03-DEL02-SC"
363950;2021-06-13;"domingo";"18:40:00";"PR";277;688;"SAO MIGUEL DO IGUACU";"Animais na Pista";"Atropelamento de Animal";"Sem Vítimas";"Anoitecer";"Crescente";"Céu Claro";"Dupla";"Curva";"Sim";2;0;0;0;2;0;0;2;-25,34525482;-54,23408504;"SPRF-PR";"DEL05-PR";"UOP01-DEL05-PR"
363951;2021-06-13;"domingo";"17:50:00";"SE";235;41;"AREIA BRANCA";"Acessar a via sem observar a presença dos outros veículos";"Colisão frontal";"Com Vítimas Feridas";"Plena Noite";"Crescente";"Céu Claro";"Simples";"Reta";"Não";4;0;1;0;3;0;1;2;-10,761437;-37,388721;"SPRF-SE";"DEL01-SE";"UOP02-DEL01-SE"
363953;2021-06-13;"domingo";"16:45:00";"SC";282;466,1;"PASSOS MAIA";"Ultrapassagem Indevida";"Colisão frontal";"Com Vítimas Fatais";"Pleno dia";"Crescente";"Céu Claro";"Simples";"Reta";"Não";2;1;0;0;1;0;0;2;-26,8540096;-52,0615531;"SPRF-SC";"DEL07-SC";"UOP04-DEL07-SC"
363954;2021-06-13;"domingo";"18:15:00";"MS";163;695;"RIO VERDE DE MATO GROSSO";"Animais na Pista";"Atropelamento de Animal";"Com Vítimas Feridas";"Plena Noite";"Crescente";"Céu Claro";"Dupla";"Reta";"Não";1;0;0;1;0;0;1;1;-18,80016194;-54,8235928;"SPRF-MS";"DEL06-MS";"UOP01-DEL06-MS"
363957;2021-06-13;"domingo";"19:00:00";"MG";262;368;"JUATUBA";"Reação tardia ou ineficiente do condutor";"Capotamento";"Com Vítimas Feridas";"Plena Noite";"Crescente";"Céu Claro";"Dupla";"Reta";"Sim";1;0;1;0;0;0;1;1;-19,97076739;-44,33120728;"SPRF-MG";"DEL01-MG";"UOP03-DEL01-MG"
363958;2021-06-13;"domingo";"19:05:00";"MG";365;626;"UBERLANDIA";"Afundamento ou ondulação no pavimento";"Tombamento";"Com Vítimas Feridas";"Plena Noite";"Crescente";"Céu Claro";"Dupla";"Em Obras;Reta";"Sim";3;0;2;0;0;1;2;2;-18,90575869;-48,32066059;"SPRF-MG";"DEL15-MG";"UOP01-DEL15-MG"
363959;2021-06-13;"domingo";"18:55:00";"PR";116;126;"FAZENDA RIO GRANDE";"Demais falhas mecânicas ou elétricas";"Colisão traseira";"Sem Vítimas";"Plena Noite";"Decrescente";"Céu Claro";"Dupla";"Reta";"Sim";3;0;0;0;3;0;0;3;-25,64288048;-49,31282043;"SPRF-PR";"DEL01-PR";"UOP03-DEL01-PR"
363960;2021-06-13;"domingo";"19:00:00";"MG";116;766;"LEOPOLDINA";"Animais na Pista";"Atropelamento de Animal";"Com Vítimas Feridas";"Plena Noite";"Decrescente";"Céu Claro";"Simples";"Reta";"Sim";2;0;2;0;0;0;2;1;-21,5258358;-42,65221249;"SPRF-MG";"DEL07-MG";"UOP01-DEL07-MG"
363962;2021-06-13;"domingo";"18:20:00";"PR";277;589,2;"CASCAVEL";"Ingestão de álcool pelo condutor";"Saída de leito carroçável";"Sem Vítimas";"Anoitecer";"Crescente";"Céu Claro";"Simples";"Reta";"Sim";1;0;0;0;0;1;0;1;-24,97777319;-53,44688591;"SPRF-PR";"DEL04-PR";"UOP01-DEL04-PR"
363963;2021-06-13;"domingo";"19:20:00";"BA";242;848,9;"BARREIRAS";"Ausência de reação do condutor";"Capotamento";"Com Vítimas Feridas";"Plena Noite";"Decrescente";"Céu Claro";"Simples";"Reta";"Não";1;0;1;0;0;0;1;1;-12,11105085;-45,27935098;"SPRF-BA";"DEL10-BA";"UOP01-DEL10-BA"
363965;2021-06-13;"domingo";"18:50:00";"SC";280;56,8;"GUARAMIRIM";"Transitar na contramão";"Colisão frontal";"Com Vítimas Fatais";"Plena Noite";"Decrescente";"Nublado";"Simples";"Ponte";"Sim";2;1;1;0;0;0;1;2;-26,477008;-49,014567;"SPRF-SC";"DEL03-SC";"UOP03-DEL03-SC"
363967;2021-06-13;"domingo";"19:30:00";"MG";381;490;"BETIM";"Ausência de reação do condutor";"Colisão com objeto";"Com Vítimas Feridas";"Plena Noite";"Crescente";"Céu Claro";"Múltipla";"Reta";"Sim";1;0;0;1;0;0;1;1;-19,96502819;-44,17422195;"SPRF-MG";"DEL01-MG";"UOP03-DEL01-MG"
363968;2021-06-12;"sábado";"21:00:00";"RO";364;975;"PORTO VELHO";"Ausência de reação do condutor";"Saída de leito carroçável";"Com Vítimas Fatais";"Plena Noite";"Crescente";"Céu Claro";"Simples";"Reta";"Não";1;1;0;0;0;0;0;1;-9,66100008;-65,7542038;"SPRF-RO";"DEL01-RO";"UOP03-DEL01-RO"
363969;2021-06-13;"domingo";"19:20:00";"BA";324;356;"CAPIM GROSSO";"Acessar a via sem observar a presença dos outros veículos";"Colisão frontal";"Com Vítimas Fatais";"Plena Noite";"Decrescente";"Nublado";"Simples";"Aclive";"Não";2;1;1;0;0;0;1;2;-11,389429;-39,98394;"SPRF-BA";"DEL04-BA";"UOP02-DEL04-BA"
363970;2021-06-13;"domingo";"19:30:00";"AL";316;271;"SATUBA";"Ultrapassagem Indevida";"Colisão frontal";"Com Vítimas Feridas";"Plena Noite";"Crescente";"Céu Claro";"Simples";"Reta";"Sim";2;0;0;1;0;1;1;2;-9,57122709;-35,81523795;"SPRF-AL";"DEL02-AL";"UOP01-DEL02-AL"
363971;2021-06-13;"domingo";"04:00:00";"AC";364;34;"ACRELANDIA";"Velocidade Incompatível";"Capotamento";"Com Vítimas Feridas";"Plena Noite";"Crescente";"Céu Claro";"Simples";"Reta";"Não";1;0;1;0;0;0;1;1;-9,93938587;-67,04162805;"SPRF-AC";"DEL01-AC";"UOP01-DEL01-AC"
363972;2021-06-13;"domingo";"19:00:00";"SC";101;144,1;"ITAPEMA";"Velocidade Incompatível";"Colisão traseira";"Com Vítimas Feridas";"Plena Noite";"Decrescente";"Céu Claro";"Dupla";"Reta";"Não";2;0;1;0;1;0;1;2;-27,0732659;-48,59672716;"SPRF-SC";"DEL04-SC";"UOP03-DEL04-SC"
363973;2021-06-13;"domingo";"19:35:00";"SC";282;17,2;"PALHOCA";"Ingestão de álcool pelo condutor";"Colisão transversal";"Com Vítimas Feridas";"Plena Noite";"Decrescente";"Céu Claro";"Simples";"Reta";"Sim";2;0;1;0;1;0;1;2;-27,665707;-48,688065;"SPRF-SC";"DEL01-SC";"UOP02-DEL01-SC"
363974;2021-06-13;"domingo";"11:30:00";"RS";116;208;"PICADA CAFE";"Curva acentuada";"Saída de leito carroçável";"Com Vítimas Feridas";"Pleno dia";"Crescente";"Céu Claro";"Simples";"Curva";"Sim";1;0;1;0;0;0;1;1;-29,50493622;-51,1171341;"SPRF-RS";"DEL05-RS";"UOP02-DEL05-RS"
363976;2021-06-13;"domingo";"16:25:00";"RS";116;208;"PICADA CAFE";"Curva acentuada";"Saída de leito carroçável";"Com Vítimas Feridas";"Pleno dia";"Decrescente";"Céu Claro";"Simples";"Curva";"Não";1;0;1;0;0;0;1;1;-29,50493622;-51,1171341;"SPRF-RS";"DEL05-RS";"UOP02-DEL05-RS"
363978;2021-06-13;"domingo";"18:00:00";"ES";262;64,1;"MARECHAL FLORIANO";"Condutor deixou de manter distância do veículo da frente";"Colisão traseira";"Sem Vítimas";"Plena Noite";"Decrescente";"Nublado";"Simples";"Aclive";"Não";2;0;0;0;2;0;0;2;-20,41797008;-40,81618087;"SPRF-ES";"DEL01-ES";"UOP02-DEL01-ES"
363979;2021-06-13;"domingo";"18:20:00";"RJ";356;85;"CARDOSO MOREIRA";"Ingestão de álcool pelo condutor";"Saída de leito carroçável";"Com Vítimas Fatais";"Plena Noite";"Crescente";"Nublado";"Simples";"Curva";"Não";1;1;0;0;0;0;0;1;-21,48337624;-41,64795307;"SPRF-RJ";"DEL08-RJ";"UOP03-DEL08-RJ"
363980;2021-06-13;"domingo";"17:10:00";"SC";470;7,4;"NAVEGANTES";"Restrição de visibilidade em curvas horizontais";"Colisão traseira";"Com Vítimas Feridas";"Anoitecer";"Crescente";"Céu Claro";"Simples";"Curva";"Não";2;0;1;0;1;0;1;2;-26,84499;-48,71505;"SPRF-SC";"DEL04-SC";"UOP04-DEL04-SC"
363981;2021-06-13;"domingo";"19:10:00";"BA";407;124;"SENHOR DO BONFIM";"Ultrapassagem Indevida";"Colisão frontal";"Com Vítimas Feridas";"Plena Noite";"Decrescente";"Céu Claro";"Simples";"Reta";"Sim";3;0;1;0;2;0;1;2;-10,43896901;-40,18718133;"SPRF-BA";"DEL04-BA";"UOP01-DEL04-BA"
363984;2021-06-13;"domingo";"20:25:00";"PA";316;102;"SANTA MARIA DO PARA";"Ingestão de álcool pelo condutor";"Tombamento";"Com Vítimas Feridas";"Plena Noite";"Crescente";"Céu Claro";"Simples";"Reta";"Não";1;0;1;0;0;0;1;1;-1,33808348;-47,58656009;"SPRF-PA";"DEL01-PA";"UOP02-DEL01-PA"
363985;2021-06-13;"domingo";"19:15:00";"RS";158;384;"DILERMANDO DE AGUIAR";"Ingestão de álcool pelo condutor";"Colisão traseira";"Com Vítimas Feridas";"Plena Noite";"Decrescente";"Céu Claro";"Simples";"Curva";"Não";3;0;1;0;2;0;1;2;-29,90124314;-54,29664093;"SPRF-RS";"DEL09-RS";"UOP01-DEL09-RS"
363986;2021-06-13;"domingo";"19:05:00";"SC";470;20;"ILHOTA";"Ingestão de álcool pelo condutor";"Saída de leito carroçável";"Sem Vítimas";"Plena Noite";"Decrescente";"Nublado";"Simples";"Reta";"Não";1;0;0;0;1;0;0;1;-26,870115;-48,820484;"SPRF-SC";"DEL04-SC";"UOP04-DEL04-SC"
363987;2021-06-13;"domingo";"18:15:00";"DF";60;27;"BRASILIA";"Ingestão de álcool pelo condutor";"Saída de leito carroçável";"Sem Vítimas";"Anoitecer";"Crescente";"Céu Claro";"Dupla";"Reta";"Não";1;0;0;0;1;0;0;1;-16,012222;-48,247662;"SPRF-DF";"DEL03-DF";"UOP01-DEL03-DF"
363990;2021-06-13;"domingo";"19:00:00";"MG";50;39;"ARAGUARI";"Ingestão de álcool pelo condutor";"Colisão com objeto";"Sem Vítimas";"Plena Noite";"Decrescente";"Céu Claro";"Dupla";"Reta";"Sim";1;0;0;0;1;0;0;1;-18,66572148;-48,17174435;"SPRF-MG";"DEL15-MG";"UOP02-DEL15-MG"
363991;2021-06-13;"domingo";"20:40:00";"RN";304;94,4;"NATAL";"Manobra de mudança de faixa";"Colisão transversal";"Com Vítimas Feridas";"Plena Noite";"Crescente";"Céu Claro";"Múltipla";"Reta";"Sim";2;0;1;0;1;0;1;2;-5,83646022;-35,21210524;"SPRF-RN";"DEL04-RN";"UOP01-DEL04-RN"
363993;2021-06-13;"domingo";"20:00:00";"SC";101;406;"ARARANGUA";"Manobra de mudança de faixa";"Colisão transversal";"Com Vítimas Feridas";"Plena Noite";"Decrescente";"Céu Claro";"Dupla";"Reta";"Não";4;0;4;0;0;0;4;2;-28,91387936;-49,48547423;"SPRF-SC";"DEL02-SC";"UOP02-DEL02-SC"
363995;2021-06-13;"domingo";"21:30:00";"GO";153;500,3;"GOIANIA";"Ausência de reação do condutor";"Queda de ocupante de veículo";"Sem Vítimas";"Plena Noite";"Decrescente";"Vento";"Simples";"Reta";"Sim";1;0;0;0;1;0;0;1;-16,7118;-49,2324;"SPRF-GO";"DEL01-GO";"UOP01-DEL01-GO"
363997;2021-06-13;"domingo";"21:00:00";"PA";230;117;"MARABA";"Acessar a via sem observar a presença dos outros veículos";"Colisão transversal";"Sem Vítimas";"Plena Noite";"Crescente";"Chuva";"Dupla";"Interseção de Vias";"Sim";2;0;0;0;2;0;0;2;-5,35569904;-49,09047302;"SPRF-PA";"DEL03-PA";"UOP01-DEL03-PA"
363998;2021-06-13;"domingo";"21:30:00";"PR";277;703;"SANTA TEREZINHA DE ITAIPU";"Demais falhas mecânicas ou elétricas";"Queda de ocupante de veículo";"Com Vítimas Feridas";"Plena Noite";"Decrescente";"Céu Claro";"Dupla";"Reta";"Não";2;0;1;0;1;0;1;1;-25,420575;-54,353229;"SPRF-PR";"DEL05-PR";"UOP01-DEL05-PR"
364000;2021-06-13;"domingo";"21:00:00";"SP";116;148,5;"SAO JOSE DOS CAMPOS";"Ausência de reação do condutor";"Colisão traseira";"Sem Vítimas";"Plena Noite";"Crescente";"Céu Claro";"Dupla";"Reta";"Sim";2;0;0;0;2;0;0;2;-23,20245253;-45,8817074;"SPRF-SP";"DEL02-SP";"UOP01-DEL02-SP"
364001;2021-06-13;"domingo";"21:20:00";"PI";316;2,4;"TERESINA";"Acumulo de óleo sobre o pavimento";"Tombamento";"Com Vítimas Feridas";"Plena Noite";"Crescente";"Nublado";"Dupla";"Rotatória";"Sim";2;0;2;0;0;0;2;1;-5,12477477;-42,79848465;"SPRF-PI";"DEL01-PI";"UOP02-DEL01-PI"
364002;2021-06-13;"domingo";"18:50:00";"MG";40;614;"CONGONHAS";"Pedestre andava na pista";"Atropelamento de Pedestre";"Com Vítimas Feridas";"Plena Noite";"Decrescente";"Nublado";"Simples";"Curva";"Sim";2;0;0;1;0;1;1;2;-20,52977973;-43,82351464;"SPRF-MG";"DEL05-MG";"UOP02-DEL05-MG"
364004;2021-06-13;"domingo";"21:45:00";"PE";316;78;"OURICURI";"Ingestão de álcool pelo condutor";"Colisão frontal";"Com Vítimas Feridas";"Plena Noite";"Decrescente";"Céu Claro";"Simples";"Reta";"Não";2;0;0;1;0;1;1;2;-7,85014392;-40,12241694;"SPRF-PE";"DEL05-PE";"UOP02-DEL05-PE"
364005;2021-06-13;"domingo";"22:00:00";"PR";116;144;"MANDIRITUBA";"Ausência de reação do condutor";"Colisão traseira";"Com Vítimas Feridas";"Plena Noite";"Crescente";"Céu Claro";"Simples";"Reta";"Não";2;0;0;1;1;0;1;2;-25,76405694;-49,32116324;"SPRF-PR";"DEL01-PR";"UOP03-DEL01-PR"
364006;2021-06-13;"domingo";"21:15:00";"MS";163;260;"DOURADOS";"Pedestre andava na pista";"Atropelamento de Pedestre";"Com Vítimas Fatais";"Plena Noite";"Crescente";"Céu Claro";"Simples";"Reta";"Sim";2;1;0;0;0;1;0;2;-22,24489388;-54,77203018;"SPRF-MS";"DEL04-MS";"UOP01-DEL04-MS"
364010;2021-06-13;"domingo";"22:00:00";"MG";381;489,1;"BETIM";"Velocidade Incompatível";"Saída de leito carroçável";"Com Vítimas Feridas";"Plena Noite";"Crescente";"Céu Claro";"Múltipla";"Reta;Declive";"Sim";1;0;1;0;0;0;1;1;-19,9561958;-44,13482666;"SPRF-MG";"DEL01-MG";"UOP03-DEL01-MG"
364011;2021-05-03;"segunda-feira";"06:20:00";"SC";470;242,7;"CURITIBANOS";"Velocidade Incompatível";"Capotamento";"Com Vítimas Feridas";"Amanhecer";"Decrescente";"Nevoeiro/Neblina";"Simples";"Rotatória";"Não";1;0;1;0;0;0;1;1;-27,311794;-50,498703;"SPRF-SC";"DEL05-SC";"UOP03-DEL05-SC"
364013;2021-06-13;"domingo";"21:20:00";"GO";40;5;"VALPARAISO DE GOIAS";"Frear bruscamente";"Saída de leito carroçável";"Com Vítimas Feridas";"Plena Noite";"Decrescente";"Céu Claro";"Dupla";"Reta";"Sim";2;0;1;0;1;0;1;1;-16,09323772;-47,98186541;"SPRF-DF";"DEL01-DF";"UOP01-DEL01-DF"
364014;2021-06-13;"domingo";"21:55:00";"RS";290;23,4;"SANTO ANTONIO DA PATRULHA";"Ingestão de álcool pelo condutor";"Colisão traseira";"Sem Vítimas";"Plena Noite";"Decrescente";"Céu Claro";"Dupla";"Reta";"Não";2;0;0;0;2;0;0;2;-29,885357;-50,484364;"SPRF-RS";"DEL03-RS";"UOP01-DEL03-RS"
364015;2021-06-13;"domingo";"22:20:00";"PR";373;176,4;"PONTA GROSSA";"Velocidade Incompatível";"Colisão traseira";"Com Vítimas Feridas";"Plena Noite";"Decrescente";"Céu Claro";"Dupla";"Reta";"Sim";2;0;1;0;0;1;1;2;-25,06082803;-50,21845202;"SPRF-PR";"DEL03-PR";"UOP01-DEL03-PR"
364016;2021-04-30;"sexta-feira";"07:00:00";"SC";470;67,4;"INDAIAL";"Acessar a via sem observar a presença dos outros veículos";"Colisão transversal";"Com Vítimas Feridas";"Pleno dia";"Decrescente";"Sol";"Simples";"Reta";"Sim";2;0;1;0;1;0;1;2;-26,872158;-49,23127;"SPRF-SC";"DEL04-SC";"UOP01-DEL04-SC"
364017;2021-06-13;"domingo";"21:20:00";"RR";401;1;"BOA VISTA";"Trafegar com motocicleta (ou similar) entre as faixas";"Colisão lateral mesmo sentido";"Sem Vítimas";"Plena Noite";"Decrescente";"Nublado";"Múltipla";"Reta";"Sim";3;0;0;0;1;2;0;2;2,80229396;-60,68243402;"SPRF-RR";"DEL01-RR";"UOP01-DEL01-RR"
364019;2021-04-30;"sexta-feira";"17:47:00";"SC";470;60,8;"BLUMENAU";"Ultrapassagem Indevida";"Colisão transversal";"Com Vítimas Feridas";"Anoitecer";"Crescente";"Céu Claro";"Simples";"Reta";"Sim";3;0;0;1;1;1;1;3;-26,88138;-49,164543;"SPRF-SC";"DEL04-SC";"UOP01-DEL04-SC"
364020;2021-06-13;"domingo";"22:30:00";"RJ";116;174,8;"NOVA IGUACU";"Ingestão de álcool pelo condutor";"Colisão com objeto";"Com Vítimas Feridas";"Plena Noite";"Decrescente";"Céu Claro";"Dupla";"Reta";"Sim";5;0;3;0;1;1;3;3;-22,76381811;-43,41862589;"SPRF-RJ";"DEL01-RJ";"UOP02-DEL01-RJ"
364021;2021-06-13;"domingo";"15:45:00";"RO";435;93,1;"COLORADO DO OESTE";"Ingestão de álcool pelo condutor";"Saída de leito carroçável";"Sem Vítimas";"Pleno dia";"Decrescente";"Céu Claro";"Simples";"Aclive";"Não";4;0;0;0;4;0;0;1;-13,19090219;-60,55097544;"SPRF-RO";"DEL04-RO";"UOP02-DEL04-RO"
364023;2021-06-13;"domingo";"19:05:00";"RO";0;0;"ARIQUEMES";"Condutor deixou de manter distância do veículo da frente";"Colisão traseira";"Sem Vítimas";"Plena Noite";"Não Informado";"Céu Claro";"Simples";"Reta";"Sim";4;0;0;0;3;1;0;2;-9,91888671;-63,06061685;"SPRF-RO";"DEL03-RO";"UOP01-DEL03-RO"
364024;2021-06-13;"domingo";"19:30:00";"MG";40;336,5;"FELIXLANDIA";"Reação tardia ou ineficiente do condutor";"Saída de leito carroçável";"Com Vítimas Feridas";"Plena Noite";"Decrescente";"Céu Claro";"Simples";"Reta";"Não";1;0;1;0;0;0;1;1;-18,62463711;-45,00568645;"SPRF-MG";"DEL14-MG";"UOP02-DEL14-MG"
364026;2021-04-19;"segunda-feira";"06:50:00";"SC";470;57,3;"BLUMENAU";"Conversão proibida";"Colisão lateral mesmo sentido";"Com Vítimas Feridas";"Pleno dia";"Decrescente";"Sol";"Simples";"Reta";"Sim";2;0;0;1;1;0;1;2;-26,880428;-49,136532;"SPRF-SC";"DEL04-SC";"UOP01-DEL04-SC"
364027;2021-06-13;"domingo";"23:05:00";"PA";163;1001;"SANTAREM";"Manobra de mudança de faixa";"Colisão frontal";"Com Vítimas Feridas";"Pleno dia";"Decrescente";"Nublado";"Simples";"Rotatória";"Sim";3;0;1;1;0;1;2;3;-2,464507;-54,72745295;"SPRF-PA";"DEL05-PA";"UOP01-DEL05-PA"
364029;2021-06-13;"domingo";"20:38:00";"RO";0;0;"ARIQUEMES";"Transitar na contramão";"Colisão lateral sentido oposto";"Com Vítimas Feridas";"Plena Noite";"Não Informado";"Céu Claro";"Simples";"Reta";"Sim";4;0;1;1;2;0;2;2;-9,8812355;-63,0570759;"SPRF-RO";"DEL03-RO";"UOP01-DEL03-RO"
364031;2021-06-13;"domingo";"18:20:00";"MS";267;190,1;"NOVA ALVORADA DO SUL";"Animais na Pista";"Atropelamento de Animal";"Com Vítimas Feridas";"Plena Noite";"Crescente";"Céu Claro";"Simples";"Reta";"Não";3;0;1;0;2;0;1;1;-21,60009247;-53,85547004;"SPRF-MS";"DEL02-MS";"UOP03-DEL02-MS"
364033;2021-06-13;"domingo";"23:40:00";"SC";470;38,8;"GASPAR";"Iluminação deficiente";"Queda de ocupante de veículo";"Com Vítimas Feridas";"Plena Noite";"Crescente";"Nublado";"Simples";"Curva";"Não";1;0;0;1;0;0;1;1;-26,904108;-48,980164;"SPRF-SC";"DEL04-SC";"UOP01-DEL04-SC"
364034;2021-06-13;"domingo";"22:40:00";"GO";153;583,1;"PROFESSOR JAMIL";"Animais na Pista";"Atropelamento de Animal";"Sem Vítimas";"Plena Noite";"Decrescente";"Céu Claro";"Dupla";"Curva";"Não";1;0;0;0;1;0;0;1;-17,39814882;-49,2232427;"SPRF-GO";"DEL03-GO";"UOP01-DEL03-GO"
364035;2021-06-13;"domingo";"20:00:00";"AC";317;280;"EPITACIOLANDIA";"Deficiência do Sistema de Iluminação/Sinalização";"Colisão traseira";"Com Vítimas Feridas";"Plena Noite";"Crescente";"Céu Claro";"Simples";"Reta";"Não";4;0;0;2;2;0;2;2;-10,9954281;-68,64267787;"SPRF-AC";"DEL01-AC";"UOP02-DEL01-AC"
364036;2021-05-04;"terça-feira";"23:00:00";"RO";364;605;"ITAPUA DO OESTE";"Ausência de sinalização";"Tombamento";"Com Vítimas Feridas";"Plena Noite";"Decrescente";"Chuva";"Simples";"Reta";"Não";2;0;1;0;0;1;1;2;-9,18666712;-63,194561;"SPRF-RO";"DEL01-RO";"UOP04-DEL01-RO"
364037;2021-06-13;"domingo";"23:30:00";"RJ";40;111;"DUQUE DE CAXIAS";"Velocidade Incompatível";"Colisão traseira";"Com Vítimas Feridas";"Plena Noite";"Crescente";"Céu Claro";"Dupla";"Reta";"Não";2;0;1;0;1;0;1;2;-22,691868;-43,287453;"SPRF-RJ";"DEL01-RJ";"UOP01-DEL01-RJ"
364038;2021-06-13;"domingo";"22:50:00";"GO";40;8,5;"VALPARAISO DE GOIAS";"Velocidade Incompatível";"Colisão lateral sentido oposto";"Com Vítimas Feridas";"Plena Noite";"Decrescente";"Céu Claro";"Dupla";"Reta";"Sim";3;0;1;0;2;0;1;2;-16,12084731;-47,96429342;"SPRF-DF";"DEL01-DF";"UOP01-DEL01-DF"
364039;2021-06-14;"segunda-feira";"00:35:00";"GO";70;36,7;"COCALZINHO DE GOIAS";"Condutor deixou de manter distância do veículo da frente";"Colisão traseira";"Com Vítimas Feridas";"Plena Noite";"Crescente";"Céu Claro";"Simples";"Reta";"Não";4;0;3;0;1;0;3;2;-15,7779625;-48,49866335;"SPRF-DF";"DEL03-DF";"UOP02-DEL03-DF"
364041;2021-06-13;"domingo";"23:05:00";"PR";163;148,2;"SANTA LUCIA";"Velocidade Incompatível";"Saída de leito carroçável";"Com Vítimas Feridas";"Plena Noite";"Crescente";"Céu Claro";"Simples";"Desvio Temporário";"Sim";1;0;0;1;0;0;1;1;-25,41195809;-53,57242584;"SPRF-PR";"DEL05-PR";"UOP05-DEL05-PR"