"id";"data_inversa";"dia_semana";"horario";"uf";"br";"km";"municipio";"causa_acidente";"tipo_acidente";"classificacao_acidente";"fase_dia";"sentido_via";"condicao_metereologica";"tipo_pista";"tracado_via";"uso_solo";"pessoas";"mortos";"feridos_leves";"feridos_graves";"ilesos";"ignorados";"feridos";"veiculos";"latitude";"longitude";"regional";"delegacia";"uop"
364042;2021-06-13;"domingo";"23:15:00";"MS";463;2;"DOURADOS";"Ausência de reação do condutor";"Tombamento";"Com Vítimas Feridas";"Plena Noite";"Decrescente";"Céu Claro";"Simples";"Reta";"Sim";1;0;1;0;0;0;1;1;-22,2591541;-54,823354;"SPRF-MS";"DEL04-MS";"UOP01-DEL04-MS"
364044;2021-06-13;"domingo";"23:00:00";"MG";40;507,4;"RIBEIRAO DAS NEVES";"Ausência de reação do condutor";"Colisão traseira";"Com Vítimas Feridas";"Plena Noite";"Crescente";"Céu Claro";"Múltipla";"Interseção de Vias";"Sim";3;0;1;1;1;0;2;2;-19,75431705;-44,14152606;"SPRF-MG";"DEL02-MG";"UOP01-DEL02-MG"
364045;2021-06-13;"domingo";"23:45:00";"DF";20;6,9;"BRASILIA";"Ingestão de álcool pelo condutor";"Capotamento";"Sem Vítimas";"Plena Noite";"Crescente";"Céu Claro";"Dupla";"Aclive;Reta";"Sim";2;0;0;0;0;2;0;2;-15,66326745;-47,8021574;"SPRF-DF";"DEL02-DF";"UOP01-DEL02-DF"
364046;2021-06-13;"domingo";"23:50:00";"RO";319;63;"PORTO VELHO";"Condutor desrespeitou a iluminação vermelha do semáforo";"Colisão transversal";"Com Vítimas Feridas";"Plena Noite";"Crescente";"Céu Claro";"Dupla";"Reta";"Sim";3;0;1;0;2;0;1;2;-8,75782739;-63,88634562;"SPRF-RO";"DEL01-RO";"UOP01-DEL01-RO"
364047;2021-06-13;"domingo";"21:50:00";"RO";435;86,3;"COLORADO DO OESTE";"Transitar no acostamento";"Colisão traseira";"Sem Vítimas";"Plena Noite";"Decrescente";"Ignorado";"Simples";"Reta";"Sim";2;0;0;0;2;0;0;2;-13,130882;-60,543518;"SPRF-RO";"DEL04-RO";"UOP02-DEL04-RO"
364049;2021-05-20;"quinta-feira";"16:00:00";"RO";364;201,6;"PIMENTA BUENO";"Retorno proibido";"Colisão transversal";"Com Vítimas Feridas";"Pleno dia";"Decrescente";"Sol";"Simples";"Reta";"Sim";3;0;3;0;0;0;3;2;-11,64002615;-61,19779587;"SPRF-RO";"DEL02-RO";"UOP02-DEL02-RO"
364050;2021-06-14;"segunda-feira";"02:00:00";"PR";116;101;"SAO JOSE DOS PINHAIS";"Condutor Dormindo";"Colisão traseira";"Sem Vítimas";"Plena Noite";"Decrescente";"Nublado";"Dupla";"Reta";"Sim";2;0;0;0;2;0;0;2;-25,54167701;-49,1509368;"SPRF-PR";"DEL01-PR";"UOP01-DEL01-PR"
364054;2021-06-14;"segunda-feira";"02:00:00";"GO";40;124;"CRISTALINA";"Animais na Pista";"Saída de leito carroçável";"Com Vítimas Feridas";"Plena Noite";"Crescente";"Céu Claro";"Dupla";"Reta";"Não";2;0;2;0;0;0;2;1;-16,868898;-47,386498;"SPRF-DF";"DEL01-DF";"UOP02-DEL01-DF"
364055;2021-06-14;"segunda-feira";"03:30:00";"PA";163;961;"BELTERRA";"Ingestão de álcool ou de substâncias psicoativas pelo pedestre";"Atropelamento de Pedestre";"Com Vítimas Fatais";"Plena Noite";"Decrescente";"Ignorado";"Simples";"Reta";"Não";2;1;0;0;1;0;0;2;-2,70553458;-54,8954743;"SPRF-PA";"DEL05-PA";"UOP01-DEL05-PA"
364057;2021-06-14;"segunda-feira";"03:10:00";"PB";230;8;"CABEDELO";"Condutor Dormindo";"Colisão com objeto";"Sem Vítimas";"Plena Noite";"Decrescente";"Céu Claro";"Dupla";"Reta";"Sim";1;0;0;0;1;0;0;1;-7,0355;-34,8429;"SPRF-PB";"DEL01-PB";"UOP01-DEL01-PB"
364059;2021-06-14;"segunda-feira";"02:46:00";"MG";50;5;"ARAGUARI";"Obras na pista";"Colisão com objeto";"Com Vítimas Feridas";"Plena Noite";"Crescente";"Céu Claro";"Dupla";"Reta";"Não";3;0;2;0;1;0;2;1;-18,46213663;-48,0493927;"SPRF-MG";"DEL15-MG";"UOP02-DEL15-MG"
364060;2021-06-14;"segunda-feira";"05:30:00";"MG";40;458;"SETE LAGOAS";"Velocidade Incompatível";"Saída de leito carroçável";"Sem Vítimas";"Amanhecer";"Decrescente";"Céu Claro";"Dupla";"Curva;Aclive";"Não";1;0;0;0;0;1;0;1;-19,380294;-44,33825395;"SPRF-MG";"DEL02-MG";"UOP01-DEL02-MG"
364063;2021-06-14;"segunda-feira";"04:00:00";"MG";40;446;"PARAOPEBA";"Demais falhas mecânicas ou elétricas";"Tombamento";"Com Vítimas Feridas";"Plena Noite";"Decrescente";"Céu Claro";"Dupla";"Reta";"Sim";1;0;1;0;0;0;1;1;-19,28815;-44,392;"SPRF-MG";"DEL02-MG";"UOP01-DEL02-MG"
364064;2021-06-14;"segunda-feira";"06:00:00";"SC";101;191,2;"BIGUACU";"Velocidade Incompatível";"Colisão traseira";"Com Vítimas Feridas";"Amanhecer";"Crescente";"Nublado";"Dupla";"Curva";"Sim";1;0;0;1;0;0;1;1;-27,47730273;-48,64127329;"SPRF-SC";"DEL01-SC";"UOP01-DEL01-SC"
364066;2021-06-14;"segunda-feira";"06:20:00";"RS";392;77,5;"PELOTAS";"Ausência de reação do condutor";"Saída de leito carroçável";"Com Vítimas Feridas";"Amanhecer";"Decrescente";"Céu Claro";"Simples";"Reta";"Não";1;0;1;0;0;0;1;1;-31,69231175;-52,42949285;"SPRF-RS";"DEL07-RS";"UOP01-DEL07-RS"
364067;2021-06-14;"segunda-feira";"04:40:00";"RO";319;62,8;"PORTO VELHO";"Condutor desrespeitou a iluminação vermelha do semáforo";"Colisão transversal";"Com Vítimas Feridas";"Plena Noite";"Crescente";"Ignorado";"Dupla";"Interseção de Vias";"Sim";2;0;0;1;1;0;1;2;-8,766685;-63,884052;"SPRF-RO";"DEL01-RO";"UOP01-DEL01-RO"
364069;2021-06-14;"segunda-feira";"06:20:00";"RS";386;352,7;"ESTRELA";"Desrespeitar a preferência no cruzamento";"Colisão transversal";"Com Vítimas Feridas";"Amanhecer";"Crescente";"Céu Claro";"Dupla";"Reta;Retorno Regulamentado";"Sim";2;0;0;1;1;0;1;2;-29,491436;-51,95174;"SPRF-RS";"DEL04-RS";"UOP02-DEL04-RS"
364071;2021-06-14;"segunda-feira";"06:00:00";"TO";153;149,9;"ARAGUAINA";"Acessar a via sem observar a presença dos outros veículos";"Colisão traseira";"Com Vítimas Feridas";"Amanhecer";"Crescente";"Nublado";"Simples";"Curva";"Não";2;0;2;0;0;0;2;2;-7,239191;-48,254288;"SPRF-TO";"DEL02-TO";"UOP01-DEL02-TO"
364072;2021-06-14;"segunda-feira";"06:40:00";"PR";277;157;"PALMEIRA";"Velocidade Incompatível";"Queda de ocupante de veículo";"Com Vítimas Feridas";"Amanhecer";"Crescente";"Nevoeiro/Neblina";"Dupla";"Curva";"Não";1;0;1;0;0;0;1;1;-25,47289;-49,895964;"SPRF-PR";"DEL01-PR";"UOP03-DEL03-PR"
364073;2021-06-13;"domingo";"19:00:00";"SC";116;43,7;"ITAIOPOLIS";"Ingestão de álcool pelo condutor";"Colisão transversal";"Com Vítimas Feridas";"Plena Noite";"Decrescente";"Céu Claro";"Simples";"Declive;Curva";"Não";2;0;1;0;1;0;1;2;-26,33660064;-50,08635342;"SPRF-SC";"DEL06-SC";"UOP01-DEL06-SC"
364075;2021-06-14;"segunda-feira";"05:55:00";"RO";364;343;"JI-PARANA";"Acessar a via sem observar a presença dos outros veículos";"Colisão transversal";"Com Vítimas Feridas";"Amanhecer";"Decrescente";"Céu Claro";"Simples";"Interseção de Vias";"Sim";2;0;1;0;1;0;1;2;-10,87878519;-61,94499012;"SPRF-RO";"DEL02-RO";"UOP01-DEL02-RO"
364080;2021-06-14;"segunda-feira";"06:30:00";"MG";354;704,3;"CAXAMBU";"Neblina";"Saída de leito carroçável";"Com Vítimas Feridas";"Amanhecer";"Crescente";"Nevoeiro/Neblina";"Simples";"Curva";"Sim";1;0;0;1;0;0;1;1;-21,98404081;-44,92444142;"SPRF-MG";"DEL17-MG";"UOP01-DEL17-MG"
364083;2021-06-13;"domingo";"21:20:00";"SP";116;148,5;"SAO JOSE DOS CAMPOS";"Obstrução na via";"Colisão traseira";"Sem Vítimas";"Plena Noite";"Crescente";"Nublado";"Dupla";"Reta";"Sim";3;0;0;0;3;0;0;2;-23,20067421;-45,8795018;"SPRF-SP";"DEL02-SP";"UOP01-DEL02-SP"
364084;2021-06-10;"quinta-feira";"16:00:00";"AC";317;149;"CAPIXABA";"Afundamento ou ondulação no pavimento";"Saída de leito carroçável";"Com Vítimas Feridas";"Pleno dia";"Crescente";"Céu Claro";"Simples";"Declive";"Não";3;0;2;0;1;0;2;1;-10,58559098;-67,69914902;"SPRF-AC";"DEL01-AC";"UOP02-DEL01-AC"
364085;2021-05-29;"sábado";"00:43:00";"SP";116;212,5;"GUARULHOS";"Reação tardia ou ineficiente do condutor";"Colisão com objeto";"Com Vítimas Feridas";"Plena Noite";"Crescente";"Céu Claro";"Múltipla";"Reta";"Sim";1;0;1;0;0;0;1;1;-23,43871846;-46,43553972;"SPRF-SP";"DEL01-SP";"UOP01-DEL01-SP"
364088;2021-06-14;"segunda-feira";"07:40:00";"RS";116;230;"DOIS IRMAOS";"Ausência de reação do condutor";"Colisão traseira";"Com Vítimas Feridas";"Pleno dia";"Crescente";"Céu Claro";"Simples";"Reta;Declive";"Sim";3;0;2;0;1;0;2;2;-29,62222179;-51,13039371;"SPRF-RS";"DEL01-RS";"UOP02-DEL01-RS"
364089;2021-06-14;"segunda-feira";"08:20:00";"SE";101;40;"CAPELA";"Chuva";"Colisão traseira";"Com Vítimas Feridas";"Pleno dia";"Crescente";"Chuva";"Dupla";"Declive";"Não";4;0;3;1;0;0;4;2;-10,52530719;-36,95530873;"SPRF-SE";"DEL02-SE";"UOP02-DEL02-SE"
364091;2021-06-14;"segunda-feira";"07:40:00";"RJ";116;168;"SAO JOAO DE MERITI";"Trafegar com motocicleta (ou similar) entre as faixas";"Colisão lateral mesmo sentido";"Com Vítimas Feridas";"Pleno dia";"Decrescente";"Céu Claro";"Múltipla";"Reta";"Não";3;0;1;0;2;0;1;3;-22,819969;-43,31499997;"SPRF-RJ";"DEL01-RJ";"UOP01-DEL01-RJ"
364092;2021-06-14;"segunda-feira";"08:20:00";"MG";262;437;"NOVA SERRANA";"Acessar a via sem observar a presença dos outros veículos";"Colisão traseira";"Com Vítimas Feridas";"Pleno dia";"Crescente";"Céu Claro";"Dupla";"Reta";"Não";3;0;1;0;2;0;1;2;-19,89622194;-44,86972815;"SPRF-MG";"DEL08-MG";"UOP03-DEL08-MG"
364093;2021-06-14;"segunda-feira";"07:10:00";"PI";343;4;"TERESINA";"Ingestão de álcool pelo condutor";"Colisão traseira";"Sem Vítimas";"Pleno dia";"Crescente";"Céu Claro";"Múltipla";"Reta";"Sim";3;0;0;0;3;0;0;3;-5,089569;-42,802288;"SPRF-PI";"DEL01-PI";"UOP01-DEL01-PI"
364094;2021-06-14;"segunda-feira";"07:30:00";"SC";470;67;"INDAIAL";"Conversão proibida";"Colisão transversal";"Com Vítimas Feridas";"Pleno dia";"Decrescente";"Céu Claro";"Simples";"Desvio Temporário";"Sim";2;0;0;1;1;0;1;2;-26,872158;-49,23127;"SPRF-SC";"DEL04-SC";"UOP01-DEL04-SC"
364095;2021-06-14;"segunda-feira";"01:50:00";"RJ";116;144;"DUQUE DE CAXIAS";"Velocidade Incompatível";"Capotamento";"Com Vítimas Feridas";"Plena Noite";"Crescente";"Nublado";"Dupla";"Reta";"Sim";3;0;1;1;0;1;2;1;-22,67203956;-43,28434512;"SPRF-RJ";"DEL01-RJ";"UOP01-DEL01-RJ"
364096;2021-06-14;"segunda-feira";"08:00:00";"PB";230;62;"CRUZ DO ESPIRITO SANTO";"Ausência de reação do condutor";"Colisão traseira";"Sem Vítimas";"Pleno dia";"Crescente";"Céu Claro";"Dupla";"Reta";"Sim";3;0;0;0;3;0;0;2;-7,202;-35,1574;"SPRF-PB";"DEL01-PB";"UOP03-DEL01-PB"
364097;2021-06-14;"segunda-feira";"08:00:00";"BA";101;713,9;"EUNAPOLIS";"Acessar a via sem observar a presença dos outros veículos";"Colisão transversal";"Com Vítimas Feridas";"Pleno dia";"Decrescente";"Céu Claro";"Simples";"Reta";"Sim";2;0;1;0;1;0;1;2;-16,3462433;-39,580427;"SPRF-BA";"DEL09-BA";"UOP01-DEL09-BA"
364098;2021-06-14;"segunda-feira";"08:00:00";"PA";316;111;"SANTA MARIA DO PARA";"Acessar a via sem observar a presença dos outros veículos";"Colisão transversal";"Com Vítimas Feridas";"Pleno dia";"Crescente";"Céu Claro";"Simples";"Interseção de Vias;Aclive;Curva";"Não";2;0;0;1;1;0;1;2;-1,31708992;-47,51316503;"SPRF-PA";"DEL01-PA";"UOP02-DEL01-PA"
364099;2021-06-14;"segunda-feira";"08:40:00";"DF";70;7,3;"BRASILIA";"Acessar a via sem observar a presença dos outros veículos";"Colisão traseira";"Com Vítimas Feridas";"Pleno dia";"Decrescente";"Céu Claro";"Dupla";"Reta";"Sim";2;0;1;0;1;0;1;2;-15,787601;-48,114429;"SPRF-DF";"DEL03-DF";"UOP02-DEL03-DF"
364101;2021-06-14;"segunda-feira";"07:45:00";"PR";277;678;"MEDIANEIRA";"Reação tardia ou ineficiente do condutor";"Saída de leito carroçável";"Sem Vítimas";"Pleno dia";"Crescente";"Céu Claro";"Dupla";"Aclive";"Não";2;0;0;0;2;0;0;1;-25,31261205;-54,14871997;"SPRF-PR";"DEL05-PR";"UOP01-DEL05-PR"
364104;2021-06-14;"segunda-feira";"07:30:00";"SP";116;206;"GUARULHOS";"Manobra de mudança de faixa";"Colisão lateral mesmo sentido";"Com Vítimas Feridas";"Pleno dia";"Crescente";"Céu Claro";"Dupla";"Reta";"Sim";3;0;0;1;2;0;1;3;-23,41722629;-46,37510292;"SPRF-SP";"DEL01-SP";"UOP01-DEL01-SP"
364106;2021-06-14;"segunda-feira";"08:40:00";"SP";116;229;"SAO PAULO";"Acessar a via sem observar a presença dos outros veículos";"Queda de ocupante de veículo";"Com Vítimas Feridas";"Pleno dia";"Crescente";"Céu Claro";"Múltipla";"Reta";"Não";2;0;1;0;0;1;1;2;-23,51291902;-46,57604698;"SPRF-SP";"DEL01-SP";"UOP01-DEL01-SP"
364108;2021-06-14;"segunda-feira";"09:40:00";"MG";40;448,5;"PARAOPEBA";"Acumulo de areia ou detritos sobre o pavimento";"Saída de leito carroçável";"Com Vítimas Feridas";"Pleno dia";"Decrescente";"Céu Claro";"Dupla";"Reta";"Não";3;0;2;1;0;0;3;1;-19,301651;-44,377922;"SPRF-MG";"DEL02-MG";"UOP01-DEL02-MG"
364109;2021-05-16;"domingo";"19:50:00";"MA";10;316,6;"ACAILANDIA";"Ingestão de álcool pelo condutor";"Colisão frontal";"Com Vítimas Feridas";"Plena Noite";"Crescente";"Céu Claro";"Simples";"Reta";"Não";10;0;2;0;8;0;2;3;-4,982702;-47,522224;"SPRF-MA";"DEL04-MA";"UOP03-DEL04-MA"
364110;2021-06-14;"segunda-feira";"08:15:00";"MG";40;544,7;"BELO HORIZONTE";"Entrada inopinada do pedestre";"Atropelamento de Pedestre";"Com Vítimas Feridas";"Pleno dia";"Crescente";"Céu Claro";"Dupla";"Reta";"Sim";2;0;1;0;1;0;1;2;-19,99848032;-43,96256558;"SPRF-MG";"DEL01-MG";"UOP02-DEL01-MG"
364112;2021-05-29;"sábado";"21:25:00";"RS";293;13;"CAPAO DO LEAO";"Ausência de reação do condutor";"Queda de ocupante de veículo";"Com Vítimas Feridas";"Plena Noite";"Crescente";"Céu Claro";"Simples";"Reta";"Não";1;0;1;0;0;0;1;1;-31,7543548;-52,45089496;"SPRF-RS";"DEL07-RS";"UOP01-DEL07-RS"
364113;2021-06-14;"segunda-feira";"09:00:00";"DF";40;7,8;"BRASILIA";"Acostamento em desnível";"Tombamento";"Com Vítimas Feridas";"Pleno dia";"Decrescente";"Céu Claro";"Dupla";"Reta";"Sim";1;0;0;1;0;0;1;1;-16,04628775;-47,98061013;"SPRF-DF";"DEL01-DF";"UOP01-DEL01-DF"
364118;2021-06-14;"segunda-feira";"09:15:00";"RJ";116;243,3;"PIRAI";"Mal súbito do condutor";"Saída de leito carroçável";"Com Vítimas Feridas";"Pleno dia";"Crescente";"Céu Claro";"Dupla";"Reta";"Não";1;0;0;1;0;0;1;1;-22,63023454;-43,91033921;"SPRF-RJ";"DEL07-RJ";"UOP01-DEL07-RJ"
364120;2021-06-14;"segunda-feira";"09:00:00";"GO";60;96,5;"ANAPOLIS";"Condutor deixou de manter distância do veículo da frente";"Colisão traseira";"Com Vítimas Feridas";"Pleno dia";"Crescente";"Céu Claro";"Dupla";"Reta";"Sim";2;0;1;0;1;0;1;2;-16,371;-48,9422;"SPRF-GO";"DEL02-GO";"UOP01-DEL02-GO"
364121;2021-06-14;"segunda-feira";"07:10:00";"MT";163;542;"DIAMANTINO";"Reação tardia ou ineficiente do condutor";"Saída de leito carroçável";"Com Vítimas Fatais";"Pleno dia";"Decrescente";"Céu Claro";"Simples";"Curva";"Não";3;1;2;0;0;0;2;1;-14,37039023;-56,13386022;"SPRF-MT";"DEL01-MT";"UOP01-DEL01-MT"
364122;2021-06-14;"segunda-feira";"09:30:00";"PB";101;83;"BAYEUX";"Condutor deixou de manter distância do veículo da frente";"Engavetamento";"Sem Vítimas";"Pleno dia";"Decrescente";"Céu Claro";"Dupla";"Aclive";"Sim";4;0;0;0;4;0;0;4;-7,1337703;-34,92963914;"SPRF-PB";"DEL01-PB";"UOP01-DEL01-PB"
364124;2021-05-22;"sábado";"18:00:00";"RJ";101;443;"MANGARATIBA";"Reação tardia ou ineficiente do condutor";"Colisão frontal";"Com Vítimas Feridas";"Anoitecer";"Decrescente";"Céu Claro";"Simples";"Curva";"Não";7;0;3;2;2;0;5;2;-22,98107919;-44,08441596;"SPRF-RJ";"DEL03-RJ";"UOP03-DEL03-RJ"
364125;2021-06-14;"segunda-feira";"05:50:00";"MG";365;252;"BURITIZEIRO";"Conversão proibida";"Colisão transversal";"Com Vítimas Feridas";"Pleno dia";"Crescente";"Céu Claro";"Simples";"Reta";"Não";3;0;1;0;2;0;1;2;-17,84423813;-45,45869087;"SPRF-MG";"DEL14-MG";"UOP02-DEL14-MG"
364126;2021-06-14;"segunda-feira";"07:40:00";"RJ";101;311;"SAO GONCALO";"Condutor deixou de manter distância do veículo da frente";"Colisão traseira";"Sem Vítimas";"Pleno dia";"Decrescente";"Céu Claro";"Dupla";"Reta";"Sim";2;0;0;0;2;0;0;2;-22,80062246;-43,05318779;"SPRF-RJ";"DEL02-RJ";"UOP02-DEL02-RJ"
364127;2021-06-14;"segunda-feira";"10:20:00";"BA";242;800;"BARREIRAS";"Reação tardia ou ineficiente do condutor";"Colisão traseira";"Sem Vítimas";"Pleno dia";"Decrescente";"Sol";"Simples";"Reta";"Sim";3;0;0;0;3;0;0;2;-12,11842499;-45,05720615;"SPRF-BA";"DEL10-BA";"UOP01-DEL10-BA"
364128;2021-06-14;"segunda-feira";"10:30:00";"MG";40;572;"ITABIRITO";"Manobra de mudança de faixa";"Colisão frontal";"Com Vítimas Feridas";"Pleno dia";"Crescente";"Céu Claro";"Simples";"Reta";"Não";6;0;0;3;3;0;3;4;-20,23058501;-43,96905104;"SPRF-MG";"DEL01-MG";"UOP02-DEL01-MG"
364130;2021-06-14;"segunda-feira";"09:30:00";"SC";101;36,8;"JOINVILLE";"Pista Escorregadia";"Tombamento";"Com Vítimas Feridas";"Pleno dia";"Decrescente";"Sol";"Dupla";"Interseção de Vias";"Sim";1;0;1;0;0;0;1;1;-26,24573198;-48,9101069;"SPRF-SC";"DEL03-SC";"UOP01-DEL03-SC"
364132;2021-03-22;"segunda-feira";"18:00:00";"MG";381;275;"TIMOTEO";"Reação tardia ou ineficiente do condutor";"Saída de leito carroçável";"Com Vítimas Feridas";"Anoitecer";"Crescente";"Céu Claro";"Simples";"Curva";"Não";2;0;0;2;0;0;2;1;-19,58019666;-42,72533823;"SPRF-MG";"DEL03-MG";"UOP02-DEL03-MG"
364133;2021-06-14;"segunda-feira";"08:50:00";"GO";153;490;"GOIANIA";"Condutor deixou de manter distância do veículo da frente";"Colisão traseira";"Com Vítimas Feridas";"Pleno dia";"Crescente";"Céu Claro";"Dupla";"Reta";"Sim";2;0;1;0;1;0;1;2;-16,6298;-49,2056;"SPRF-GO";"DEL01-GO";"UOP01-DEL01-GO"
364134;2021-06-14;"segunda-feira";"10:30:00";"DF";40;2,2;"BRASILIA";"Manobra de mudança de faixa";"Colisão com objeto";"Sem Vítimas";"Pleno dia";"Crescente";"Céu Claro";"Dupla";"Reta";"Não";2;0;0;0;2;0;0;1;-15,99435;-47,985947;"SPRF-DF";"DEL01-DF";"UOP01-DEL01-DF"
364135;2021-06-13;"domingo";"22:45:00";"RJ";101;312;"SAO GONCALO";"Ingestão de álcool pelo condutor";"Colisão lateral mesmo sentido";"Sem Vítimas";"Plena Noite";"Decrescente";"Nublado";"Dupla";"Reta";"Não";3;0;0;0;3;0;0;2;-22,80546555;-43,06156967;"SPRF-RJ";"DEL02-RJ";"UOP02-DEL02-RJ"
364136;2021-06-14;"segunda-feira";"09:30:00";"BA";20;159;"SAO DESIDERIO";"Ausência de reação do condutor";"Capotamento";"Com Vítimas Fatais";"Pleno dia";"Decrescente";"Sol";"Simples";"Reta";"Não";1;1;0;0;0;0;0;1;-12,5510228;-45,9011781;"SPRF-BA";"DEL10-BA";"UOP01-DEL10-BA"
364138;2021-06-14;"segunda-feira";"09:20:00";"RJ";116;182;"NOVA IGUACU";"Ausência de reação do condutor";"Engavetamento";"Com Vítimas Feridas";"Pleno dia";"Decrescente";"Céu Claro";"Dupla";"Reta";"Sim";3;0;1;0;2;0;1;3;-22,7567755;-43,43107234;"SPRF-RJ";"DEL01-RJ";"UOP02-DEL01-RJ"
364139;2021-06-14;"segunda-feira";"11:05:00";"SC";101;207,3;"SAO JOSE";"Reação tardia ou ineficiente do condutor";"Colisão traseira";"Com Vítimas Feridas";"Pleno dia";"Crescente";"Céu Claro";"Múltipla";"Reta";"Sim";2;0;1;0;1;0;1;2;-27,60001226;-48,6226467;"SPRF-SC";"DEL01-SC";"UOP01-DEL01-SC"
364142;2021-06-14;"segunda-feira";"12:30:00";"DF";20;9,9;"BRASILIA";"Velocidade Incompatível";"Colisão com objeto";"Com Vítimas Feridas";"Pleno dia";"Decrescente";"Nublado";"Dupla";"Reta;Declive";"Sim";3;0;1;1;1;0;2;1;-15,654671;-47,782917;"SPRF-DF";"DEL02-DF";"UOP01-DEL02-DF"
364143;2021-06-14;"segunda-feira";"10:40:00";"RR";174;502;"BOA VISTA";"Reação tardia ou ineficiente do condutor";"Colisão traseira";"Com Vítimas Feridas";"Pleno dia";"Decrescente";"Céu Claro";"Dupla";"Reta";"Sim";2;0;1;0;1;0;1;2;2,787376;-60,699524;"SPRF-RR";"DEL01-RR";"UOP01-DEL01-RR"
364145;2021-06-14;"segunda-feira";"11:25:00";"RS";285;311,1;"PASSO FUNDO";"Ultrapassagem Indevida";"Colisão lateral mesmo sentido";"Com Vítimas Feridas";"Pleno dia";"Crescente";"Céu Claro";"Dupla";"Em Obras";"Não";5;0;1;0;3;1;1;5;-28,240654;-52,54298;"SPRF-RS";"DEL08-RS";"UOP03-DEL08-RS"
364146;2021-06-14;"segunda-feira";"07:40:00";"RS";471;598,9;"SANTA VITORIA DO PALMAR";"Ausência de reação do condutor";"Colisão frontal";"Com Vítimas Fatais";"Pleno dia";"Decrescente";"Céu Claro";"Simples";"Reta";"Não";4;3;0;0;1;0;0;2;-33,160721;-52,98621;"SPRF-RS";"DEL07-RS";"UOP04-DEL07-RS"
364147;2021-04-06;"terça-feira";"06:30:00";"MG";381;486;"BETIM";"Trafegar com motocicleta (ou similar) entre as faixas";"Colisão traseira";"Com Vítimas Feridas";"Pleno dia";"Decrescente";"Céu Claro";"Dupla";"Reta;Declive";"Sim";3;0;2;0;1;0;2;2;-19,95648825;-44,10341263;"SPRF-MG";"DEL01-MG";"UOP03-DEL01-MG"
364148;2021-06-14;"segunda-feira";"12:00:00";"PR";369;420,8;"JURANDA";"Reação tardia ou ineficiente do condutor";"Tombamento";"Com Vítimas Feridas";"Pleno dia";"Crescente";"Céu Claro";"Simples";"Reta";"Não";2;0;1;0;0;1;1;2;-24,3853;-52,7888;"SPRF-PR";"DEL04-PR";"UOP03-DEL04-PR"
364150;2021-06-14;"segunda-feira";"11:30:00";"RS";116;333;"BARRA DO RIBEIRO";"Objeto estático sobre o leito carroçável";"Colisão com objeto";"Com Vítimas Feridas";"Pleno dia";"Decrescente";"Sol";"Simples";"Reta";"Não";2;0;1;0;1;0;1;1;-30,40262929;-51,44811873;"SPRF-RS";"DEL02-RS";"UOP02-DEL02-RS"
364151;2021-06-10;"quinta-feira";"08:00:00";"AM";319;29;"CAREIRO DA VARZEA";"Acumulo de água sobre o pavimento";"Saída de leito carroçável";"Sem Vítimas";"Pleno dia";"Decrescente";"Céu Claro";"Simples";"Reta";"Não";2;0;0;0;2;0;0;1;-3,31606802;-59,87815776;"SPRF-AM";"DEL01-AM";"UOP04-DEL01-AM"
364152;2021-06-14;"segunda-feira";"12:50:00";"MG";381;859,5;"POUSO ALEGRE";"Ausência de reação do condutor";"Saída de leito carroçável";"Com Vítimas Feridas";"Pleno dia";"Crescente";"Sol";"Dupla";"Reta";"Não";1;0;0;1;0;0;1;1;-22,35094091;-45,92749223;"SPRF-MG";"DEL16-MG";"UOP01-DEL16-MG"
364158;2021-06-14;"segunda-feira";"12:45:00";"SP";101;45;"UBATUBA";"Conversão proibida";"Colisão transversal";"Com Vítimas Feridas";"Pleno dia";"Crescente";"Céu Claro";"Simples";"Reta";"Sim";3;0;1;0;2;0;1;2;-23,42099887;-45,07068157;"SPRF-SP";"DEL06-SP";"UOP01-DEL06-SP"
364159;2021-06-14;"segunda-feira";"13:30:00";"SC";101;194;"BIGUACU";"Reação tardia ou ineficiente do condutor";"Colisão transversal";"Com Vítimas Feridas";"Pleno dia";"Decrescente";"Sol";"Simples";"Viaduto";"Sim";3;0;2;0;1;0;2;2;-27,49815117;-48,65661236;"SPRF-SC";"DEL01-SC";"UOP01-DEL01-SC"
364160;2021-06-14;"segunda-feira";"12:20:00";"MT";70;520,9;"VARZEA GRANDE";"Transitar na contramão";"Queda de ocupante de veículo";"Com Vítimas Feridas";"Pleno dia";"Crescente";"Sol";"Simples";"Reta";"Não";2;0;2;0;0;0;2;1;-15,67734474;-56,17518514;"SPRF-MT";"DEL01-MT";"UOP02-DEL01-MT"
364161;2021-06-14;"segunda-feira";"10:30:00";"MG";262;589;"CAMPOS ALTOS";"Velocidade Incompatível";"Saída de leito carroçável";"Com Vítimas Feridas";"Pleno dia";"Decrescente";"Céu Claro";"Simples";"Reta";"Não";1;0;1;0;0;0;1;1;-19,65792178;-46,126369;"SPRF-MG";"DEL08-MG";"UOP02-DEL08-MG"
364162;2021-06-14;"segunda-feira";"12:20:00";"MA";230;405,4;"BALSAS";"Acessar a via sem observar a presença dos outros veículos";"Colisão transversal";"Com Vítimas Feridas";"Pleno dia";"Crescente";"Céu Claro";"Simples";"Interseção de Vias";"Sim";3;0;2;0;1;0;2;2;-7,52133442;-46,04968976;"SPRF-MA";"DEL05-MA";"UOP01-DEL05-MA"