"id";"data_inversa";"dia_semana";"horario";"uf";"br";"km";"municipio";"causa_acidente";"tipo_acidente";"classificacao_acidente";"fase_dia";"sentido_via";"condicao_metereologica";"tipo_pista";"tracado_via";"uso_solo";"pessoas";"mortos";"feridos_leves";"feridos_graves";"ilesos";"ignorados";"feridos";"veiculos";"latitude";"longitude";"regional";"delegacia";"uop"
364163;2021-06-14;"segunda-feira";"13:30:00";"RN";101;83,9;"NATAL";"Reação tardia ou ineficiente do condutor";"Colisão traseira";"Com Vítimas Feridas";"Pleno dia";"Decrescente";"Céu Claro";"Dupla";"Reta";"Sim";3;0;2;0;1;0;2;2;-5,7710445;-35,26616981;"SPRF-RN";"DEL02-RN";"UOP01-DEL02-RN"
364164;2021-06-14;"segunda-feira";"13:00:00";"PR";376;93;"PARANAVAI";"Reação tardia ou ineficiente do condutor";"Saída de leito carroçável";"Com Vítimas Feridas";"Pleno dia";"Decrescente";"Sol";"Simples";"Reta";"Não";2;0;1;0;1;0;1;1;-23,008203;-52,542839;"SPRF-PR";"DEL09-PR";"UOP02-DEL09-PR"
364166;2021-05-29;"sábado";"19:40:00";"PB";104;145;"QUEIMADAS";"Ingestão de álcool pelo condutor";"Atropelamento de Pedestre";"Com Vítimas Feridas";"Plena Noite";"Crescente";"Céu Claro";"Simples";"Reta";"Não";7;0;2;1;2;2;3;3;-7,4581348;-35,91876984;"SPRF-PB";"DEL02-PB";"UOP03-DEL02-PB"
364169;2021-06-14;"segunda-feira";"14:40:00";"RS";290;91,9;"PORTO ALEGRE";"Condutor deixou de manter distância do veículo da frente";"Colisão traseira";"Com Vítimas Feridas";"Pleno dia";"Decrescente";"Céu Claro";"Dupla";"Viaduto";"Sim";4;0;2;0;2;0;2;2;-29,971916;-51,176838;"SPRF-RS";"DEL01-RS";"UOP01-DEL01-RS"
364171;2021-06-14;"segunda-feira";"15:00:00";"PE";232;10;"JABOATAO DOS GUARARAPES";"Velocidade Incompatível";"Colisão traseira";"Com Vítimas Feridas";"Pleno dia";"Decrescente";"Céu Claro";"Dupla";"Reta";"Sim";2;0;1;0;1;0;1;2;-8,07917241;-34,98718609;"SPRF-PE";"DEL01-PE";"UOP01-DEL01-PE"
364172;2021-06-14;"segunda-feira";"14:40:00";"PR";369;435,2;"UBIRATA";"Desrespeitar a preferência no cruzamento";"Colisão transversal";"Com Vítimas Feridas";"Pleno dia";"Crescente";"Sol";"Simples";"Declive;Interseção de Vias";"Não";2;0;1;0;1;0;1;2;-24,48857407;-52,89378405;"SPRF-PR";"DEL04-PR";"UOP03-DEL04-PR"
364174;2021-06-14;"segunda-feira";"15:00:00";"SC";101;203;"SAO JOSE";"Condutor deixou de manter distância do veículo da frente";"Colisão traseira";"Com Vítimas Feridas";"Pleno dia";"Decrescente";"Céu Claro";"Múltipla";"Reta";"Sim";2;0;1;0;1;0;1;2;-27,5650044;-48,61460082;"SPRF-SC";"DEL01-SC";"UOP01-DEL01-SC"
364175;2021-06-14;"segunda-feira";"15:08:00";"PE";101;52,7;"PAULISTA";"Condutor Dormindo";"Colisão com objeto";"Com Vítimas Feridas";"Plena Noite";"Decrescente";"Chuva";"Simples";"Curva;Viaduto";"Sim";3;0;1;1;0;1;2;3;-7,92358799;-34,89607201;"SPRF-PE";"DEL01-PE";"UOP02-DEL01-PE"
364176;2021-06-14;"segunda-feira";"15:00:00";"MG";381;498;"BETIM";"Acessar a via sem observar a presença dos outros veículos";"Colisão lateral mesmo sentido";"Com Vítimas Feridas";"Pleno dia";"Decrescente";"Sol";"Dupla";"Reta";"Sim";2;0;1;0;1;0;1;2;-20,01172662;-44,21976041;"SPRF-MG";"DEL01-MG";"UOP03-DEL01-MG"
364180;2021-06-14;"segunda-feira";"15:20:00";"PR";277;7;"PARANAGUA";"Velocidade Incompatível";"Saída de leito carroçável";"Com Vítimas Feridas";"Pleno dia";"Decrescente";"Sol";"Simples";"Curva;Declive";"Sim";1;0;1;0;0;0;1;1;-25,56076481;-48,58131766;"SPRF-PR";"DEL01-PR";"UOP05-DEL01-PR"
364182;2021-06-14;"segunda-feira";"12:45:00";"PR";369;45,8;"BANDEIRANTES";"Reação tardia ou ineficiente do condutor";"Saída de leito carroçável";"Com Vítimas Feridas";"Pleno dia";"Crescente";"Céu Claro";"Simples";"Reta";"Não";1;0;1;0;0;0;1;1;-23,0903121;-50,29626846;"SPRF-PR";"DEL07-PR";"UOP01-DEL07-PR"
364183;2021-06-10;"quinta-feira";"17:31:00";"SP";116;288;"ITAPECERICA DA SERRA";"Pista Escorregadia";"Colisão lateral mesmo sentido";"Sem Vítimas";"Anoitecer";"Decrescente";"Chuva";"Simples";"Reta";"Não";2;0;0;0;2;0;0;2;-23,70941329;-46,87241793;"SPRF-SP";"DEL04-SP";"UOP01-DEL04-SP"
364185;2021-06-14;"segunda-feira";"12:40:00";"AL";101;229,5;"PORTO REAL DO COLEGIO";"Chuva";"Saída de leito carroçável";"Com Vítimas Feridas";"Pleno dia";"Crescente";"Chuva";"Dupla";"Reta";"Não";2;0;1;0;1;0;1;1;-10,11561279;-36,72638117;"SPRF-AL";"DEL02-AL";"UOP02-DEL02-AL"
364187;2021-06-14;"segunda-feira";"16:00:00";"RS";386;138;"SARANDI";"Afundamento ou ondulação no pavimento";"Queda de ocupante de veículo";"Com Vítimas Feridas";"Pleno dia";"Crescente";"Sol";"Simples";"Reta";"Sim";1;0;1;0;0;0;1;1;-27,984795;-52,90134;"SPRF-RS";"DEL08-RS";"UOP01-DEL08-RS"
364191;2021-06-14;"segunda-feira";"15:30:00";"RN";101;171;"CANGUARETAMA";"Condutor Dormindo";"Saída de leito carroçável";"Com Vítimas Feridas";"Pleno dia";"Decrescente";"Sol";"Dupla";"Reta";"Não";4;0;4;0;0;0;4;1;-6,45751198;-35,11047927;"SPRF-RN";"DEL01-RN";"UOP01-DEL01-RN"
364194;2021-06-14;"segunda-feira";"16:45:00";"SC";101;47,5;"JOINVILLE";"Reação tardia ou ineficiente do condutor";"Colisão traseira";"Com Vítimas Feridas";"Pleno dia";"Crescente";"Céu Claro";"Simples";"Reta";"Não";2;0;1;0;1;0;1;2;-26,34234997;-48,85840089;"SPRF-SC";"DEL03-SC";"UOP01-DEL03-SC"
364195;2021-06-14;"segunda-feira";"12:15:00";"CE";116;22;"ITAITINGA";"Acumulo de óleo sobre o pavimento";"Queda de ocupante de veículo";"Com Vítimas Feridas";"Pleno dia";"Decrescente";"Céu Claro";"Dupla";"Reta";"Não";2;0;2;0;0;0;2;1;-3,94070798;-38,50918633;"SPRF-CE";"DEL01-CE";"UOP02-DEL01-CE"
364197;2021-06-14;"segunda-feira";"17:15:00";"RJ";101;262,2;"RIO BONITO";"Curva acentuada";"Queda de ocupante de veículo";"Com Vítimas Feridas";"Anoitecer";"Decrescente";"Céu Claro";"Dupla";"Curva";"Sim";1;0;1;0;0;0;1;1;-22,71367506;-42,62052996;"SPRF-RJ";"DEL02-RJ";"UOP03-DEL02-RJ"
364198;2021-06-14;"segunda-feira";"17:30:00";"GO";251;30;"CRISTALINA";"Acessar a via sem observar a presença dos outros veículos";"Colisão traseira";"Com Vítimas Feridas";"Anoitecer";"Crescente";"Garoa/Chuvisco";"Simples";"Reta";"Sim";2;0;1;0;1;0;1;2;-16,0820873;-47,52264448;"SPRF-DF";"DEL01-DF";"UOP01-DEL01-DF"
364200;2021-06-14;"segunda-feira";"17:15:00";"RN";101;106;"PARNAMIRIM";"Manobra de mudança de faixa";"Colisão transversal";"Com Vítimas Feridas";"Pleno dia";"Crescente";"Céu Claro";"Múltipla";"Reta";"Sim";2;0;1;0;1;0;1;2;-5,91056401;-35,26130795;"SPRF-RN";"DEL01-RN";"UOP01-DEL01-RN"
364201;2021-06-14;"segunda-feira";"17:30:00";"MG";116;565,9;"MANHUACU";"Condutor Dormindo";"Colisão com objeto";"Com Vítimas Feridas";"Anoitecer";"Crescente";"Céu Claro";"Simples";"Curva";"Não";1;0;0;1;0;0;1;1;-20,06874641;-42,17752394;"SPRF-MG";"DEL06-MG";"UOP03-DEL06-MG"
364202;2021-04-12;"segunda-feira";"06:00:00";"RJ";116;165;"RIO DE JANEIRO";"Pedestre andava na pista";"Atropelamento de Pedestre";"Com Vítimas Feridas";"Pleno dia";"Decrescente";"Céu Claro";"Múltipla";"Reta";"Não";2;0;1;0;0;1;1;2;-22,81548519;-43,29087405;"SPRF-RJ";"DEL01-RJ";"UOP01-DEL01-RJ"
364205;2021-06-14;"segunda-feira";"15:45:00";"SC";116;0,6;"MAFRA";"Condutor deixou de manter distância do veículo da frente";"Colisão traseira";"Com Vítimas Feridas";"Pleno dia";"Decrescente";"Sol";"Simples";"Declive;Reta";"Sim";2;0;1;0;1;0;1;2;-26,108942;-49,784187;"SPRF-SC";"DEL06-SC";"UOP01-DEL06-SC"
364207;2021-06-14;"segunda-feira";"17:15:00";"GO";153;432,3;"ANAPOLIS";"Manobra de mudança de faixa";"Colisão traseira";"Com Vítimas Feridas";"Pleno dia";"Crescente";"Chuva";"Dupla";"Reta";"Sim";3;0;1;0;2;0;1;2;-16,32063369;-48,86993408;"SPRF-GO";"DEL02-GO";"UOP01-DEL02-GO"
364209;2021-06-14;"segunda-feira";"18:05:00";"BA";116;311,6;"ARACI";"Iluminação deficiente";"Colisão com objeto";"Com Vítimas Feridas";"Plena Noite";"Crescente";"Nublado";"Simples";"Reta";"Não";3;0;2;0;0;1;2;2;-11,25857477;-38,91401585;"SPRF-BA";"DEL02-BA";"UOP01-DEL02-BA"
364210;2021-05-20;"quinta-feira";"15:30:00";"PB";101;81,3;"BAYEUX";"Velocidade Incompatível";"Capotamento";"Com Vítimas Feridas";"Pleno dia";"Crescente";"Sol";"Dupla";"Retorno Regulamentado";"Sim";6;0;4;2;0;0;6;1;-7,12674318;-34,94201352;"SPRF-PB";"DEL01-PB";"UOP01-DEL01-PB"
364211;2021-06-14;"segunda-feira";"18:15:00";"CE";116;17;"FORTALEZA";"Acumulo de óleo sobre o pavimento";"Queda de ocupante de veículo";"Com Vítimas Feridas";"Anoitecer";"Decrescente";"Céu Claro";"Dupla";"Reta";"Sim";1;0;1;0;0;0;1;1;-3,89617918;-38,50336042;"SPRF-CE";"DEL01-CE";"UOP02-DEL01-CE"
364212;2021-06-14;"segunda-feira";"17:00:00";"BA";324;623;"SALVADOR";"Trafegar com motocicleta (ou similar) entre as faixas";"Colisão lateral mesmo sentido";"Com Vítimas Feridas";"Anoitecer";"Decrescente";"Nublado";"Dupla";"Reta";"Sim";2;0;1;0;1;0;1;1;-12,92628699;-38,46838679;"SPRF-BA";"DEL01-BA";"UOP01-DEL01-BA"
364213;2021-06-14;"segunda-feira";"18:30:00";"RS";386;353,2;"ESTRELA";"Entrada inopinada do pedestre";"Atropelamento de Pedestre";"Com Vítimas Fatais";"Plena Noite";"Crescente";"Céu Claro";"Dupla";"Curva;Declive";"Sim";2;1;0;0;1;0;0;2;-29,50202163;-51,94761168;"SPRF-RS";"DEL04-RS";"UOP02-DEL04-RS"
364214;2021-06-14;"segunda-feira";"18:30:00";"SC";470;135,7;"RIO DO SUL";"Desrespeitar a preferência no cruzamento";"Colisão transversal";"Com Vítimas Feridas";"Plena Noite";"Crescente";"Céu Claro";"Simples";"Interseção de Vias";"Sim";2;0;1;0;1;0;1;2;-27,188492;-49,61232;"SPRF-SC";"DEL04-SC";"UOP02-DEL04-SC"
364215;2021-06-14;"segunda-feira";"18:00:00";"SC";470;35;"GASPAR";"Ausência de reação do condutor";"Colisão transversal";"Com Vítimas Feridas";"Anoitecer";"Decrescente";"Céu Claro";"Simples";"Interseção de Vias";"Não";6;0;1;3;2;0;4;4;-26,912857;-48,958965;"SPRF-SC";"DEL04-SC";"UOP01-DEL04-SC"
364216;2021-06-14;"segunda-feira";"16:45:00";"RO";435;51;"VILHENA";"Reação tardia ou ineficiente do condutor";"Queda de ocupante de veículo";"Com Vítimas Feridas";"Pleno dia";"Crescente";"Céu Claro";"Simples";"Reta";"Não";1;0;1;0;0;0;1;1;-12,97774406;-60,40232884;"SPRF-RO";"DEL04-RO";"UOP02-DEL04-RO"
364217;2021-06-14;"segunda-feira";"18:30:00";"RS";116;234,4;"ESTANCIA VELHA";"Pedestre andava na pista";"Atropelamento de Pedestre";"Com Vítimas Feridas";"Plena Noite";"Crescente";"Céu Claro";"Simples";"Reta;Aclive";"Sim";2;0;0;1;1;0;1;2;-29,65121313;-51,1444433;"SPRF-RS";"DEL01-RS";"UOP02-DEL01-RS"
364225;2021-06-14;"segunda-feira";"19:10:00";"ES";101;414;"ITAPEMIRIM";"Velocidade Incompatível";"Queda de ocupante de veículo";"Com Vítimas Feridas";"Plena Noite";"Crescente";"Céu Claro";"Simples";"Reta";"Sim";1;0;1;0;0;0;1;1;-20,92345849;-41,07835562;"SPRF-ES";"DEL03-ES";"UOP02-DEL03-ES"
364226;2021-06-14;"segunda-feira";"18:45:00";"PE";423;90,1;"SAO JOAO";"Animais na Pista";"Colisão traseira";"Com Vítimas Feridas";"Plena Noite";"Decrescente";"Nublado";"Simples";"Reta";"Não";2;0;2;0;0;0;2;2;-8,84566879;-36,4596095;"SPRF-PE";"DEL03-PE";"UOP01-DEL03-PE"
364227;2021-06-14;"segunda-feira";"19:40:00";"RJ";116;258;"VOLTA REDONDA";"Reação tardia ou ineficiente do condutor";"Colisão com objeto";"Com Vítimas Feridas";"Plena Noite";"Crescente";"Nublado";"Simples";"Curva";"Não";1;0;0;1;0;0;1;1;-22,58263154;-44,0328598;"SPRF-RJ";"DEL07-RJ";"UOP02-DEL07-RJ"
364228;2021-06-14;"segunda-feira";"20:05:00";"RJ";356;184;"SAO JOAO DA BARRA";"Condutor desrespeitou a iluminação vermelha do semáforo";"Colisão frontal";"Com Vítimas Feridas";"Plena Noite";"Decrescente";"Nublado";"Simples";"Interseção de Vias";"Sim";2;0;0;1;1;0;1;2;-21,63488097;-41,04439616;"SPRF-RJ";"DEL08-RJ";"UOP02-DEL08-RJ"
364229;2021-06-14;"segunda-feira";"20:00:00";"DF";70;10;"BRASILIA";"Trafegar com motocicleta (ou similar) entre as faixas";"Colisão lateral mesmo sentido";"Com Vítimas Feridas";"Plena Noite";"Crescente";"Nublado";"Dupla";"Reta";"Sim";3;0;1;0;2;0;1;2;-15,787066;-48,140709;"SPRF-DF";"DEL03-DF";"UOP02-DEL03-DF"
364231;2021-06-14;"segunda-feira";"20:26:00";"RN";101;94;"NATAL";"Acessar a via sem observar a presença dos outros veículos";"Atropelamento de Pedestre";"Com Vítimas Feridas";"Plena Noite";"Decrescente";"Céu Claro";"Dupla";"Reta";"Sim";2;0;0;1;1;0;1;2;-5,83176615;-35,21191342;"SPRF-RN";"DEL01-RN";"UOP01-DEL01-RN"
364232;2021-06-14;"segunda-feira";"19:15:00";"RJ";116;187;"NOVA IGUACU";"Trafegar com motocicleta (ou similar) entre as faixas";"Colisão traseira";"Com Vítimas Feridas";"Plena Noite";"Crescente";"Céu Claro";"Dupla";"Reta";"Não";3;0;0;1;2;0;1;3;-22,73883756;-43,47245197;"SPRF-RJ";"DEL01-RJ";"UOP02-DEL01-RJ"
364234;2021-06-14;"segunda-feira";"16:00:00";"BA";367;29;"PORTO SEGURO";"Acessar a via sem observar a presença dos outros veículos";"Colisão transversal";"Com Vítimas Feridas";"Anoitecer";"Crescente";"Céu Claro";"Simples";"Retorno Regulamentado";"Não";2;0;1;0;1;0;1;2;-16,41635076;-39,11793376;"SPRF-BA";"DEL09-BA";"UOP01-DEL09-BA"
364236;2021-06-14;"segunda-feira";"20:00:00";"SP";153;39,3;"ONDA VERDE";"Animais na Pista";"Atropelamento de Animal";"Com Vítimas Feridas";"Plena Noite";"Decrescente";"Céu Claro";"Simples";"Curva";"Não";3;0;1;0;2;0;1;1;-20,61196908;-49,32942891;"SPRF-SP";"DEL09-SP";"UOP01-DEL09-SP"
364237;2021-05-14;"sexta-feira";"21:00:00";"MG";40;555;"NOVA LIMA";"Demais falhas mecânicas ou elétricas";"Saída de leito carroçável";"Com Vítimas Feridas";"Plena Noite";"Decrescente";"Céu Claro";"Dupla";"Reta";"Sim";1;0;1;0;0;0;1;1;-20,09181319;-43,97612572;"SPRF-MG";"DEL01-MG";"UOP02-DEL01-MG"
364239;2021-06-14;"segunda-feira";"19:35:00";"PR";376;230;"APUCARANA";"Reação tardia ou ineficiente do condutor";"Colisão com objeto";"Com Vítimas Fatais";"Plena Noite";"Decrescente";"Céu Claro";"Dupla";"Declive";"Não";2;1;0;0;1;0;0;2;-23,5641226;-51,5307476;"SPRF-PR";"DEL07-PR";"UOP02-DEL07-PR"
364240;2021-06-14;"segunda-feira";"21:20:00";"AP";210;1,2;"MACAPA";"Condutor deixou de manter distância do veículo da frente";"Colisão traseira";"Com Vítimas Feridas";"Plena Noite";"Decrescente";"Céu Claro";"Dupla";"Reta";"Sim";3;0;3;0;0;0;3;3;0,0802624;-51,07391596;"SPRF-AP";"DEL01-AP";"UOP01-DEL01-AP"
364242;2021-06-01;"terça-feira";"17:10:00";"MS";163;473;"CAMPO GRANDE";"Avarias e/ou desgaste excessivo no pneu";"Tombamento";"Com Vítimas Feridas";"Plena Noite";"Crescente";"Céu Claro";"Simples";"Reta";"Não";2;0;2;0;0;0;2;1;-20,53459008;-54,56411122;"SPRF-MS";"DEL01-MS";"UOP01-DEL01-MS"
364246;2021-06-14;"segunda-feira";"19:50:00";"MG";50;178,9;"UBERABA";"Ausência de reação do condutor";"Colisão com objeto";"Sem Vítimas";"Plena Noite";"Decrescente";"Céu Claro";"Dupla";"Desvio Temporário";"Sim";1;0;0;0;0;1;0;1;-19,778299;-47,93199;"SPRF-MG";"DEL13-MG";"UOP01-DEL13-MG"
364249;2021-06-14;"segunda-feira";"21:15:00";"BA";324;619;"SALVADOR";"Objeto estático sobre o leito carroçável";"Queda de ocupante de veículo";"Com Vítimas Feridas";"Plena Noite";"Decrescente";"Chuva";"Dupla";"Reta";"Sim";1;0;1;0;0;0;1;1;-12,89820999;-38,45012202;"SPRF-BA";"DEL01-BA";"UOP01-DEL01-BA"
364250;2021-06-14;"segunda-feira";"20:15:00";"RS";116;121,1;"SAO MARCOS";"Condutor Dormindo";"Colisão frontal";"Com Vítimas Feridas";"Plena Noite";"Crescente";"Céu Claro";"Simples";"Curva";"Não";2;0;2;0;0;0;2;2;-29,00573128;-51,06932906;"SPRF-RS";"DEL05-RS";"UOP01-DEL05-RS"
364251;2021-06-14;"segunda-feira";"20:25:00";"MG";50;90,9;"UBERLANDIA";"Velocidade Incompatível";"Saída de leito carroçável";"Com Vítimas Feridas";"Plena Noite";"Crescente";"Céu Claro";"Dupla";"Reta";"Não";1;0;1;0;0;0;1;1;-19,04871805;-48,19677417;"SPRF-MG";"DEL15-MG";"UOP01-DEL15-MG"
364252;2021-06-14;"segunda-feira";"20:27:00";"RO";364;723;"PORTO VELHO";"Velocidade Incompatível";"Colisão com objeto";"Com Vítimas Feridas";"Plena Noite";"Decrescente";"Nublado";"Dupla";"Retorno Regulamentado";"Sim";4;0;4;0;0;0;4;1;-8,83339101;-63,93790261;"SPRF-RO";"DEL01-RO";"UOP01-DEL01-RO"
364255;2021-06-14;"segunda-feira";"20:00:00";"SC";101;51;"JOINVILLE";"Reação tardia ou ineficiente do condutor";"Saída de leito carroçável";"Com Vítimas Feridas";"Plena Noite";"Decrescente";"Céu Claro";"Dupla";"Reta";"Não";1;0;1;0;0;0;1;1;-26,38506771;-48,84917582;"SPRF-SC";"DEL03-SC";"UOP01-DEL03-SC"
364256;2021-06-14;"segunda-feira";"18:50:00";"PR";272;540;"TERRA ROXA";"Demais falhas mecânicas ou elétricas";"Saída de leito carroçável";"Sem Vítimas";"Plena Noite";"Crescente";"Céu Claro";"Simples";"Curva";"Não";1;0;0;0;0;1;0;1;-24,07549218;-53,96573202;"SPRF-PR";"DEL06-PR";"UOP01-DEL06-PR"
364257;2021-06-14;"segunda-feira";"22:30:00";"SP";381;75;"SAO PAULO";"Velocidade Incompatível";"Capotamento";"Com Vítimas Feridas";"Plena Noite";"Decrescente";"Nublado";"Dupla";"Curva";"Não";3;0;3;0;0;0;3;1;-23,37660089;-46,56409613;"SPRF-SP";"DEL03-SP";"UOP01-DEL03-SP"
364260;2021-04-14;"quarta-feira";"17:20:00";"BA";101;503;"ITABUNA";"Ausência de reação do condutor";"Queda de ocupante de veículo";"Com Vítimas Feridas";"Anoitecer";"Decrescente";"Céu Claro";"Simples";"Reta";"Não";1;0;1;0;0;0;1;1;-14,93204115;-39,30057969;"SPRF-BA";"DEL05-BA";"UOP01-DEL05-BA"
364264;2021-06-15;"terça-feira";"00:15:00";"RS";116;151,7;"CAXIAS DO SUL";"Ingestão de álcool pelo condutor";"Saída de leito carroçável";"Sem Vítimas";"Plena Noite";"Crescente";"Céu Claro";"Dupla";"Curva";"Sim";1;0;0;0;1;0;0;1;-29,17694502;-51,16173896;"SPRF-RS";"DEL05-RS";"UOP01-DEL05-RS"
364266;2021-05-06;"quinta-feira";"06:50:00";"GO";40;7;"LUZIANIA";"Pedestre cruzava a pista fora da faixa";"Atropelamento de Pedestre";"Com Vítimas Feridas";"Amanhecer";"Crescente";"Ignorado";"Dupla";"Reta";"Sim";2;0;1;0;1;0;1;2;-16,108482;-47,972524;"SPRF-DF";"DEL01-DF";"UOP01-DEL01-DF"
364267;2021-06-15;"terça-feira";"01:20:00";"SC";101;215;"PALHOCA";"Ingestão de álcool pelo condutor";"Colisão com objeto";"Com Vítimas Feridas";"Plena Noite";"Decrescente";"Céu Claro";"Múltipla";"Reta";"Sim";2;0;0;1;1;0;1;1;-27,65253248;-48,67623568;"SPRF-SC";"DEL01-SC";"UOP02-DEL01-SC"
364268;2021-06-14;"segunda-feira";"21:50:00";"RS";285;569,2;"SAO LUIZ GONZAGA";"Transitar na contramão";"Colisão frontal";"Com Vítimas Fatais";"Pleno dia";"Decrescente";"Céu Claro";"Simples";"Reta";"Sim";4;1;0;0;3;0;0;2;-28,413052;-54,985699;"SPRF-RS";"DEL12-RS";"UOP01-DEL12-RS"
364272;2021-06-15;"terça-feira";"03:50:00";"PA";316;35;"SANTA IZABEL DO PARA";"Ingestão de álcool pelo condutor";"Saída de leito carroçável";"Com Vítimas Feridas";"Plena Noite";"Crescente";"Céu Claro";"Dupla";"Reta";"Sim";1;0;1;0;0;0;1;1;-1,29146197;-48,164561;"SPRF-PA";"DEL01-PA";"UOP01-DEL01-PA"
364274;2021-06-15;"terça-feira";"03:40:00";"PR";277;83;"CURITIBA";"Velocidade Incompatível";"Capotamento";"Sem Vítimas";"Plena Noite";"Crescente";"Nevoeiro/Neblina";"Dupla";"Reta";"Sim";3;0;0;0;1;2;0;1;-25,45195498;-49,22767639;"SPRF-PR";"DEL01-PR";"UOP01-DEL01-PR"
364275;2021-06-15;"terça-feira";"04:40:00";"BA";324;585;"CANDEIAS";"Ausência de reação do condutor";"Saída de leito carroçável";"Com Vítimas Feridas";"Amanhecer";"Crescente";"Nublado";"Dupla";"Reta";"Não";6;0;2;0;4;0;2;1;-12,63012705;-38,47968619;"SPRF-BA";"DEL01-BA";"UOP01-DEL01-BA"
364276;2021-06-15;"terça-feira";"05:05:00";"MG";381;494;"BETIM";"Reação tardia ou ineficiente do condutor";"Colisão traseira";"Com Vítimas Feridas";"Amanhecer";"Decrescente";"Céu Claro";"Dupla";"Reta";"Sim";2;0;1;0;1;0;1;2;-19,98890883;-44,20522016;"SPRF-MG";"DEL01-MG";"UOP03-DEL01-MG"
364277;2021-06-15;"terça-feira";"06:00:00";"CE";222;9;"CAUCAIA";"Acumulo de água sobre o pavimento";"Saída de leito carroçável";"Com Vítimas Feridas";"Pleno dia";"Decrescente";"Chuva";"Dupla";"Reta";"Sim";2;0;1;0;1;0;1;1;-3,75774612;-38,64611294;"SPRF-CE";"DEL01-CE";"UOP01-DEL01-CE"
364279;2021-06-12;"sábado";"00:01:00";"BA";101;222;"CRUZ DAS ALMAS";"Animais na Pista";"Saída de leito carroçável";"Com Vítimas Feridas";"Plena Noite";"Crescente";"Céu Claro";"Simples";"Reta";"Sim";1;0;1;0;0;0;1;1;-12,67182652;-39,13295746;"SPRF-BA";"DEL01-BA";"UOP02-DEL01-BA"
364280;2021-06-15;"terça-feira";"06:40:00";"ES";262;106,7;"VENDA NOVA DO IMIGRANTE";"Reação tardia ou ineficiente do condutor";"Saída de leito carroçável";"Com Vítimas Feridas";"Amanhecer";"Decrescente";"Céu Claro";"Simples";"Reta";"Sim";1;0;1;0;0;0;1;1;-20,32620639;-41,14442285;"SPRF-ES";"DEL01-ES";"UOP02-DEL01-ES"
364281;2021-06-15;"terça-feira";"07:00:00";"MG";40;522;"CONTAGEM";"Velocidade Incompatível";"Queda de ocupante de veículo";"Com Vítimas Feridas";"Pleno dia";"Crescente";"Céu Claro";"Dupla";"Reta";"Sim";2;0;1;0;1;0;1;2;-19,8638731;-44,06749809;"SPRF-MG";"DEL01-MG";"UOP02-DEL01-MG"
364282;2021-06-15;"terça-feira";"07:05:00";"SC";101;213,8;"PALHOCA";"Ausência de reação do condutor";"Colisão traseira";"Com Vítimas Feridas";"Pleno dia";"Decrescente";"Céu Claro";"Múltipla";"Reta";"Sim";2;0;0;1;1;0;1;2;-27,63697369;-48,66514142;"SPRF-SC";"DEL01-SC";"UOP02-DEL01-SC"
364283;2021-06-15;"terça-feira";"06:40:00";"SP";116;149,6;"SAO JOSE DOS CAMPOS";"Reação tardia ou ineficiente do condutor";"Atropelamento de Pedestre";"Com Vítimas Feridas";"Amanhecer";"Decrescente";"Nevoeiro/Neblina";"Dupla";"Aclive";"Sim";2;0;0;1;1;0;1;2;-23,20700047;-45,88626861;"SPRF-SP";"DEL02-SP";"UOP01-DEL02-SP"
364285;2021-06-15;"terça-feira";"06:55:00";"RN";304;39;"MOSSORO";"Acessar a via sem observar a presença dos outros veículos";"Colisão lateral mesmo sentido";"Com Vítimas Feridas";"Pleno dia";"Crescente";"Céu Claro";"Dupla";"Reta";"Sim";2;0;1;0;1;0;1;2;-5,18846685;-37,37410298;"SPRF-RN";"DEL04-RN";"UOP02-DEL04-RN"
364286;2021-06-15;"terça-feira";"07:30:00";"SC";101;215,5;"PALHOCA";"Desrespeitar a preferência no cruzamento";"Colisão transversal";"Com Vítimas Feridas";"Pleno dia";"Crescente";"Céu Claro";"Simples";"Rotatória";"Não";2;0;1;0;1;0;1;2;-27,65184843;-48,67604941;"SPRF-SC";"DEL01-SC";"UOP02-DEL01-SC"
364287;2021-06-15;"terça-feira";"07:30:00";"RJ";116;165,5;"RIO DE JANEIRO";"Trafegar com motocicleta (ou similar) entre as faixas";"Colisão lateral mesmo sentido";"Com Vítimas Feridas";"Pleno dia";"Decrescente";"Céu Claro";"Múltipla";"Reta";"Sim";2;0;1;0;1;0;1;2;-22,81131424;-43,33591461;"SPRF-RJ";"DEL01-RJ";"UOP01-DEL01-RJ"
364288;2021-06-15;"terça-feira";"06:50:00";"MG";251;381,6;"GRAO MOGOL";"Condutor Dormindo";"Colisão com objeto";"Com Vítimas Feridas";"Pleno dia";"Crescente";"Céu Claro";"Simples";"Reta";"Não";5;0;3;1;1;0;4;1;-16,29386277;-42,78356689;"SPRF-MG";"DEL12-MG";"UOP01-DEL12-MG"
364289;2021-06-15;"terça-feira";"07:25:00";"PR";163;273,5;"TOLEDO";"Pista em desnível";"Queda de ocupante de veículo";"Com Vítimas Feridas";"Pleno dia";"Decrescente";"Céu Claro";"Dupla";"Reta";"Não";1;0;1;0;0;0;1;1;-24,61424382;-53,93732613;"SPRF-PR";"DEL06-PR";"UOP02-DEL06-PR"