"id";"data_inversa";"dia_semana";"horario";"uf";"br";"km";"municipio";"causa_acidente";"tipo_acidente";"classificacao_acidente";"fase_dia";"sentido_via";"condicao_metereologica";"tipo_pista";"tracado_via";"uso_solo";"pessoas";"mortos";"feridos_leves";"feridos_graves";"ilesos";"ignorados";"feridos";"veiculos";"latitude";"longitude";"regional";"delegacia";"uop"
364290;2021-06-15;"terça-feira";"06:40:00";"RS";153;399,9;"CACHOEIRA DO SUL";"Animais na Pista";"Atropelamento de Animal";"Com Vítimas Fatais";"Plena Noite";"Crescente";"Nevoeiro/Neblina";"Simples";"Declive";"Não";2;1;0;0;1;0;0;2;-29,96712971;-52,93762207;"SPRF-RS";"DEL02-RS";"UOP03-DEL02-RS"
364291;2021-06-15;"terça-feira";"07:25:00";"RS";116;481,3;"TURUCU";"Condutor Dormindo";"Saída de leito carroçável";"Com Vítimas Feridas";"Pleno dia";"Crescente";"Céu Claro";"Dupla";"Reta";"Não";2;0;0;1;1;0;1;1;-31,40182103;-52,15990798;"SPRF-RS";"DEL07-RS";"UOP01-DEL07-RS"
364293;2021-06-15;"terça-feira";"07:45:00";"RS";116;235;"ESTANCIA VELHA";"Ausência de reação do condutor";"Tombamento";"Com Vítimas Feridas";"Pleno dia";"Crescente";"Nublado";"Dupla";"Curva";"Sim";1;0;1;0;0;0;1;1;-29,65650485;-51,14492798;"SPRF-RS";"DEL01-RS";"UOP02-DEL01-RS"
364294;2021-06-15;"terça-feira";"08:15:00";"PR";277;78;"CURITIBA";"Manobra de mudança de faixa";"Colisão lateral mesmo sentido";"Com Vítimas Feridas";"Pleno dia";"Crescente";"Nublado";"Dupla";"Reta";"Sim";3;0;2;0;1;0;2;2;-25,4807817;-49,19574738;"SPRF-PR";"DEL01-PR";"UOP01-DEL01-PR"
364295;2021-05-22;"sábado";"11:00:00";"RO";364;711;"PORTO VELHO";"Frear bruscamente";"Colisão traseira";"Com Vítimas Feridas";"Pleno dia";"Decrescente";"Céu Claro";"Dupla";"Reta";"Sim";2;0;1;0;1;0;1;2;-8,7825815;-63,86441773;"SPRF-RO";"DEL01-RO";"UOP01-DEL01-RO"
364296;2021-06-15;"terça-feira";"08:45:00";"CE";116;12;"FORTALEZA";"Frear bruscamente";"Colisão lateral mesmo sentido";"Com Vítimas Feridas";"Pleno dia";"Decrescente";"Nublado";"Múltipla";"Reta";"Sim";4;0;1;1;1;1;2;3;-3,852077;-38,495525;"SPRF-CE";"DEL01-CE";"UOP02-DEL01-CE"
364297;2021-06-15;"terça-feira";"08:40:00";"ES";101;268,9;"SERRA";"Acessar a via sem observar a presença dos outros veículos";"Colisão transversal";"Com Vítimas Feridas";"Pleno dia";"Decrescente";"Céu Claro";"Dupla";"Reta";"Sim";3;0;3;0;0;0;3;2;-20,20842;-40,269405;"SPRF-ES";"DEL02-ES";"UOP01-DEL02-ES"
364300;2021-01-31;"domingo";"01:00:00";"PI";343;12,4;"PARNAIBA";"Ingestão de álcool pelo condutor";"Engavetamento";"Sem Vítimas";"Plena Noite";"Decrescente";"Céu Claro";"Dupla";"Reta";"Sim";3;0;0;0;2;1;0;3;-2,910035;-41,753662;"SPRF-PI";"DEL05-PI";"UOP01-DEL05-PI"
364302;2021-06-15;"terça-feira";"09:00:00";"GO";40;7;"VALPARAISO DE GOIAS";"Acessar a via sem observar a presença dos outros veículos";"Colisão lateral mesmo sentido";"Com Vítimas Feridas";"Pleno dia";"Decrescente";"Céu Claro";"Dupla";"Reta";"Sim";2;0;1;0;1;0;1;2;-16,108482;-47,972524;"SPRF-DF";"DEL01-DF";"UOP01-DEL01-DF"
364303;2021-06-15;"terça-feira";"08:50:00";"PE";232;6;"RECIFE";"Condutor deixou de manter distância do veículo da frente";"Colisão traseira";"Com Vítimas Feridas";"Pleno dia";"Decrescente";"Céu Claro";"Dupla";"Reta";"Sim";2;0;1;0;1;0;1;2;-8,070582;-34,952213;"SPRF-PE";"DEL01-PE";"UOP01-DEL01-PE"
364305;2021-06-15;"terça-feira";"07:40:00";"RJ";116;176;"NOVA IGUACU";"Trafegar com motocicleta (ou similar) entre as faixas";"Colisão traseira";"Com Vítimas Feridas";"Pleno dia";"Decrescente";"Céu Claro";"Dupla";"Reta";"Sim";3;0;1;0;2;0;1;3;-22,75723036;-43,43154475;"SPRF-RJ";"DEL01-RJ";"UOP02-DEL01-RJ"
364306;2021-06-15;"terça-feira";"09:15:00";"SC";101;215,8;"PALHOCA";"Condutor deixou de manter distância do veículo da frente";"Colisão traseira";"Com Vítimas Feridas";"Pleno dia";"Crescente";"Céu Claro";"Dupla";"Reta";"Sim";3;0;1;0;2;0;1;2;-27,65184843;-48,67604941;"SPRF-SC";"DEL01-SC";"UOP02-DEL01-SC"
364312;2021-06-15;"terça-feira";"06:40:00";"SC";280;71,9;"JARAGUA DO SUL";"Reação tardia ou ineficiente do condutor";"Colisão lateral mesmo sentido";"Com Vítimas Feridas";"Amanhecer";"Crescente";"Nublado";"Simples";"Reta;Aclive";"Não";3;0;0;1;2;0;1;3;-26,45918204;-49,15212393;"SPRF-SC";"DEL03-SC";"UOP03-DEL03-SC"
364315;2021-06-15;"terça-feira";"09:30:00";"PR";376;175,4;"MARINGA";"Demais falhas mecânicas ou elétricas";"Saída de leito carroçável";"Sem Vítimas";"Pleno dia";"Crescente";"Céu Claro";"Múltipla";"Reta;Declive";"Sim";2;0;0;0;2;0;0;2;-23,4113569;-51,9407767;"SPRF-PR";"DEL09-PR";"UOP01-DEL09-PR"
364318;2021-05-29;"sábado";"20:29:00";"PE";232;100;"BEZERROS";"Acessar a via sem observar a presença dos outros veículos";"Colisão frontal";"Com Vítimas Feridas";"Plena Noite";"Crescente";"Céu Claro";"Simples";"Declive";"Sim";3;0;0;2;0;1;2;2;-8,23791176;-35,74297705;"SPRF-PE";"DEL02-PE";"UOP02-DEL02PE"
364319;2021-06-15;"terça-feira";"09:56:00";"RJ";101;398;"ITAGUAI";"Pista Escorregadia";"Saída de leito carroçável";"Com Vítimas Feridas";"Pleno dia";"Crescente";"Céu Claro";"Dupla";"Reta";"Não";1;0;1;0;0;0;1;1;-22,86787912;-43,74862922;"SPRF-RJ";"DEL03-RJ";"UOP01-DEL03-RJ"
364323;2021-04-30;"sexta-feira";"06:00:00";"PE";232;39,1;"VITORIA DE SANTO ANTAO";"Manobra de mudança de faixa";"Colisão traseira";"Sem Vítimas";"Pleno dia";"Crescente";"Chuva";"Dupla";"Reta";"Não";2;0;0;0;2;0;0;2;-8,117253;-35,227247;"SPRF-PE";"DEL01-PE";"UOP01-DEL01-PE"
364324;2021-06-15;"terça-feira";"10:30:00";"MG";381;480,8;"CONTAGEM";"Condutor deixou de manter distância do veículo da frente";"Colisão traseira";"Com Vítimas Feridas";"Pleno dia";"Crescente";"Céu Claro";"Dupla";"Reta";"Sim";4;0;0;1;2;1;1;3;-19,95749597;-44,07899901;"SPRF-MG";"DEL01-MG";"UOP03-DEL01-MG"
364326;2021-03-07;"domingo";"18:20:00";"BA";101;375;"IBIRAPITANGA";"Transitar na contramão";"Colisão lateral sentido oposto";"Com Vítimas Feridas";"Plena Noite";"Decrescente";"Céu Claro";"Simples";"Curva";"Não";2;0;1;0;1;0;1;2;-13,88541195;-39,48417664;"SPRF-BA";"DEL05-BA";"UOP03-DEL05-BA"
364328;2021-06-15;"terça-feira";"07:08:00";"SC";101;333,7;"TUBARAO";"Entrada inopinada do pedestre";"Atropelamento de Pedestre";"Com Vítimas Feridas";"Pleno dia";"Crescente";"Céu Claro";"Simples";"Viaduto";"Não";2;0;0;1;0;1;1;2;-28,4689931;-49,01721954;"SPRF-SC";"DEL02-SC";"UOP01-DEL02-SC"
364329;2021-06-15;"terça-feira";"10:30:00";"RJ";101;485;"ANGRA DOS REIS";"Ausência de reação do condutor";"Colisão traseira";"Com Vítimas Feridas";"Pleno dia";"Decrescente";"Sol";"Simples";"Reta";"Sim";4;0;1;0;3;0;1;2;-22,98573526;-44,29709764;"SPRF-RJ";"DEL03-RJ";"UOP03-DEL03-RJ"
364331;2021-06-15;"terça-feira";"11:50:00";"RJ";116;166;"RIO DE JANEIRO";"Condutor deixou de manter distância do veículo da frente";"Engavetamento";"Sem Vítimas";"Pleno dia";"Crescente";"Céu Claro";"Múltipla";"Reta";"Sim";4;0;0;0;4;0;0;3;-22,81560263;-43,30051808;"SPRF-RJ";"DEL01-RJ";"UOP01-DEL01-RJ"
364332;2021-06-15;"terça-feira";"11:20:00";"MG";116;277,7;"TEOFILO OTONI";"Condutor deixou de manter distância do veículo da frente";"Colisão traseira";"Com Vítimas Feridas";"Pleno dia";"Crescente";"Nublado";"Múltipla";"Reta";"Sim";2;0;1;0;0;1;1;2;-17,859945;-41,515144;"SPRF-MG";"DEL11-MG";"UOP01-DEL11-MG"
364334;2021-06-15;"terça-feira";"11:30:00";"MG";116;276,6;"TEOFILO OTONI";"Ausência de reação do condutor";"Atropelamento de Pedestre";"Com Vítimas Feridas";"Pleno dia";"Crescente";"Nublado";"Múltipla";"Reta";"Sim";2;0;2;0;0;0;2;2;-17,855798;-41,514574;"SPRF-MG";"DEL11-MG";"UOP01-DEL11-MG"
364336;2021-05-22;"sábado";"17:30:00";"MA";402;9;"ROSARIO";"Condutor deixou de manter distância do veículo da frente";"Colisão traseira";"Com Vítimas Feridas";"Plena Noite";"Crescente";"Céu Claro";"Simples";"Reta";"Não";5;0;1;2;1;1;3;3;-2,93986;-44,252968;"SPRF-MA";"DEL01-MA";"UOP01-DEL01-MA"
364337;2021-06-15;"terça-feira";"12:10:00";"SC";280;113;"SAO BENTO DO SUL";"Condutor deixou de manter distância do veículo da frente";"Colisão traseira";"Com Vítimas Feridas";"Pleno dia";"Decrescente";"Céu Claro";"Simples";"Interseção de Vias";"Não";7;0;0;2;4;1;2;4;-26,28245867;-49,4137466;"SPRF-SC";"DEL06-SC";"UOP03-DEL06-SC"
364338;2021-05-16;"domingo";"07:30:00";"MA";135;27,1;"BACABEIRA";"Ausência de reação do condutor";"Saída de leito carroçável";"Com Vítimas Feridas";"Pleno dia";"Crescente";"Sol";"Dupla";"Curva";"Não";2;0;1;1;0;0;2;1;-2,77671539;-44,37533713;"SPRF-MA";"DEL01-MA";"UOP01-DEL01-MA"
364339;2021-06-15;"terça-feira";"11:30:00";"RJ";0;0;"ITAGUAI";"Desrespeitar a preferência no cruzamento";"Colisão frontal";"Com Vítimas Feridas";"Pleno dia";"Não Informado";"Céu Claro";"Simples";"Reta";"Sim";2;0;1;0;1;0;1;2;-22,87666944;-43,81927382;"SPRF-RJ";"DEL03-RJ";"UOP01-DEL03-RJ"
364341;2021-06-15;"terça-feira";"02:30:00";"GO";20;59;"FORMOSA";"Velocidade Incompatível";"Saída de leito carroçável";"Sem Vítimas";"Plena Noite";"Decrescente";"Céu Claro";"Simples";"Curva";"Não";1;0;0;0;0;1;0;1;-15,25577;-47,165115;"SPRF-DF";"DEL02-DF";"UOP01-DEL02-DF"
364342;2021-06-15;"terça-feira";"13:45:00";"SP";101;48,3;"UBATUBA";"Ausência de reação do condutor";"Colisão traseira";"Com Vítimas Feridas";"Pleno dia";"Crescente";"Céu Claro";"Simples";"Curva";"Sim";2;0;1;0;1;0;1;2;-23,43696329;-45,08768768;"SPRF-SP";"DEL06-SP";"UOP01-DEL06-SP"
364344;2021-06-15;"terça-feira";"12:45:00";"SC";101;87;"BARRA VELHA";"Reação tardia ou ineficiente do condutor";"Colisão frontal";"Com Vítimas Feridas";"Pleno dia";"Crescente";"Sol";"Dupla";"Interseção de Vias";"Sim";2;0;0;1;1;0;1;2;-26,63713377;-48,69651057;"SPRF-SC";"DEL03-SC";"UOP02-DEL03-SC"
364348;2021-05-20;"quinta-feira";"18:50:00";"MT";364;237;"RONDONOPOLIS";"Acessar a via sem observar a presença dos outros veículos";"Colisão traseira";"Com Vítimas Feridas";"Plena Noite";"Decrescente";"Ignorado";"Dupla";"Reta";"Sim";2;0;1;0;1;0;1;2;-16,20503606;-54,78106026;"SPRF-MT";"DEL02-MT";"UOP01-DEL02-MT"
364349;2021-05-12;"quarta-feira";"20:30:00";"MT";364;401;"CUIABA";"Acesso irregular";"Colisão transversal";"Com Vítimas Feridas";"Plena Noite";"Crescente";"Céu Claro";"Dupla";"Reta";"Sim";2;0;2;0;0;0;2;2;-15,6594152;-55,97770536;"SPRF-MT";"DEL01-MT";"UOP02-DEL01-MT"
364350;2021-06-15;"terça-feira";"14:05:00";"SC";101;202,7;"SAO JOSE";"Transitar na contramão";"Colisão lateral sentido oposto";"Com Vítimas Feridas";"Pleno dia";"Crescente";"Céu Claro";"Dupla";"Reta";"Sim";2;0;0;1;1;0;1;2;-27,55711595;-48,61897889;"SPRF-SC";"DEL01-SC";"UOP01-DEL01-SC"
364351;2021-06-15;"terça-feira";"14:00:00";"ES";262;1;"CARIACICA";"Reação tardia ou ineficiente do condutor";"Colisão traseira";"Com Vítimas Feridas";"Pleno dia";"Decrescente";"Sol";"Dupla";"Reta;Ponte";"Não";2;0;1;0;0;1;1;2;-20,32955204;-40,35492602;"SPRF-ES";"DEL01-ES";"UOP01-DEL01-ES"
364353;2021-06-15;"terça-feira";"14:00:00";"GO";153;434,5;"ANAPOLIS";"Animais na Pista";"Colisão com objeto";"Com Vítimas Feridas";"Pleno dia";"Crescente";"Céu Claro";"Dupla";"Reta";"Sim";1;0;0;1;0;0;1;1;-16,28345824;-48,9543133;"SPRF-GO";"DEL02-GO";"UOP01-DEL02-GO"
364355;2021-06-15;"terça-feira";"14:45:00";"SC";280;22;"ARAQUARI";"Reação tardia ou ineficiente do condutor";"Colisão transversal";"Com Vítimas Feridas";"Pleno dia";"Crescente";"Céu Claro";"Simples";"Reta";"Sim";2;0;0;1;1;0;1;2;-26,37092616;-48,70204099;"SPRF-SC";"DEL03-SC";"UOP03-DEL03-SC"
364356;2021-06-15;"terça-feira";"13:40:00";"MT";70;514;"VARZEA GRANDE";"Condutor desrespeitou a iluminação vermelha do semáforo";"Colisão transversal";"Com Vítimas Feridas";"Pleno dia";"Decrescente";"Céu Claro";"Simples";"Interseção de Vias";"Sim";3;0;1;0;2;0;1;2;-15,70607786;-56,13220811;"SPRF-MT";"DEL01-MT";"UOP02-DEL01-MT"
364362;2021-06-15;"terça-feira";"15:10:00";"SP";101;48,2;"UBATUBA";"Ingestão de álcool pelo condutor";"Colisão transversal";"Sem Vítimas";"Pleno dia";"Crescente";"Céu Claro";"Simples";"Curva";"Sim";2;0;0;0;2;0;0;2;-23,43696329;-45,08768768;"SPRF-SP";"DEL06-SP";"UOP01-DEL06-SP"
364363;2021-05-22;"sábado";"11:35:00";"ES";482;8,7;"CACHOEIRO DE ITAPEMIRIM";"Condutor desrespeitou a iluminação vermelha do semáforo";"Colisão transversal";"Com Vítimas Feridas";"Pleno dia";"Crescente";"Céu Claro";"Dupla";"Reta";"Sim";2;0;0;1;1;0;1;2;-20,86597301;-41,11181303;"SPRF-ES";"DEL03-ES";"UOP02-DEL03-ES"
364364;2021-06-15;"terça-feira";"15:25:00";"PR";277;722;"FOZ DO IGUACU";"Avarias e/ou desgaste excessivo no pneu";"Tombamento";"Com Vítimas Feridas";"Pleno dia";"Crescente";"Céu Claro";"Dupla";"Reta";"Não";1;0;1;0;0;0;1;1;-25,49494908;-54,52095097;"SPRF-PR";"DEL05-PR";"UOP03-DEL05-PR"
364365;2021-06-15;"terça-feira";"13:30:00";"PR";277;471,5;"NOVA LARANJEIRAS";"Desrespeitar a preferência no cruzamento";"Colisão transversal";"Com Vítimas Feridas";"Pleno dia";"Crescente";"Sol";"Simples";"Interseção de Vias";"Sim";5;0;4;0;1;0;4;2;-25,32473426;-52,51501412;"SPRF-PR";"DEL04-PR";"UOP02-DEL04-PR"
364368;2021-06-15;"terça-feira";"15:39:00";"SC";101;208,7;"SAO JOSE";"Velocidade Incompatível";"Colisão lateral mesmo sentido";"Com Vítimas Feridas";"Pleno dia";"Decrescente";"Céu Claro";"Múltipla";"Reta";"Sim";2;0;1;0;0;1;1;2;-27,60327979;-48,63201818;"SPRF-SC";"DEL01-SC";"UOP01-DEL01-SC"
364369;2021-06-15;"terça-feira";"13:20:00";"MT";70;278;"PRIMAVERA DO LESTE";"Reação tardia ou ineficiente do condutor";"Colisão traseira";"Com Vítimas Feridas";"Pleno dia";"Decrescente";"Céu Claro";"Dupla";"Reta";"Sim";3;0;1;0;1;1;1;3;-15,55739918;-54,27981896;"SPRF-MT";"DEL05-MT";"UOP01-DEL05-MT"
364371;2021-06-15;"terça-feira";"15:30:00";"PB";230;24;"JOAO PESSOA";"Condutor deixou de manter distância do veículo da frente";"Colisão lateral mesmo sentido";"Com Vítimas Feridas";"Pleno dia";"Decrescente";"Sol";"Dupla";"Reta;Viaduto;Aclive";"Sim";2;0;1;0;1;0;1;2;-7,16635368;-34,86321593;"SPRF-PB";"DEL01-PB";"UOP01-DEL01-PB"
364372;2021-05-14;"sexta-feira";"20:35:00";"PR";277;671;"MEDIANEIRA";"Velocidade Incompatível";"Colisão traseira";"Com Vítimas Feridas";"Plena Noite";"Crescente";"Céu Claro";"Dupla";"Reta";"Sim";2;0;0;1;1;0;1;2;-25,28490106;-54,08744898;"SPRF-PR";"DEL05-PR";"UOP02-DEL05-PR"
364373;2021-06-15;"terça-feira";"15:05:00";"PR";277;10;"CAMPO LARGO";"Desrespeitar a preferência no cruzamento";"Colisão transversal";"Com Vítimas Feridas";"Pleno dia";"Decrescente";"Céu Claro";"Dupla";"Interseção de Vias;Reta";"Sim";2;0;1;0;1;0;1;2;-25,459087;-49,52876;"SPRF-PR";"DEL01-PR";"UOP03-DEL03-PR"
364374;2021-06-15;"terça-feira";"16:00:00";"PR";376;164,4;"MARINGA";"Velocidade Incompatível";"Saída de leito carroçável";"Com Vítimas Feridas";"Pleno dia";"Decrescente";"Céu Claro";"Dupla";"Reta";"Não";1;0;1;0;0;0;1;1;-23,38591406;-52,02449602;"SPRF-PR";"DEL09-PR";"UOP01-DEL09-PR"
364375;2021-05-31;"segunda-feira";"06:10:00";"MS";163;492,1;"CAMPO GRANDE";"Ausência de reação do condutor";"Queda de ocupante de veículo";"Com Vítimas Feridas";"Amanhecer";"Crescente";"Céu Claro";"Dupla";"Reta";"Sim";1;0;1;0;0;0;1;1;-20,36949987;-54,5320492;"SPRF-MS";"DEL01-MS";"UOP02-DEL01-MS"
364376;2021-06-15;"terça-feira";"13:35:00";"SC";470;149;"AGRONOMICA";"Retorno proibido";"Colisão lateral mesmo sentido";"Com Vítimas Feridas";"Pleno dia";"Crescente";"Sol";"Simples";"Reta";"Sim";4;0;2;0;2;0;2;2;-27,25371395;-49,70369339;"SPRF-SC";"DEL04-SC";"UOP02-DEL04-SC"
364380;2021-06-15;"terça-feira";"16:28:00";"PI";343;13;"PARNAIBA";"Reação tardia ou ineficiente do condutor";"Queda de ocupante de veículo";"Com Vítimas Feridas";"Pleno dia";"Decrescente";"Céu Claro";"Dupla";"Reta";"Não";1;0;1;0;0;0;1;1;-2,91943621;-41,75428033;"SPRF-PI";"DEL05-PI";"UOP01-DEL05-PI"
364381;2021-04-12;"segunda-feira";"07:40:00";"PR";476;90;"BOCAIUVA DO SUL";"Frear bruscamente";"Colisão traseira";"Com Vítimas Feridas";"Pleno dia";"Crescente";"Céu Claro";"Simples";"Reta";"Não";1;0;1;0;0;0;1;1;-25,190464;-49,110397;"SPRF-PR";"DEL01-PR";"UOP02-DEL01-PR"
364382;2021-05-01;"sábado";"18:10:00";"PI";135;209;"ELISEU MARTINS";"Reação tardia ou ineficiente do condutor";"Tombamento";"Com Vítimas Fatais";"Plena Noite";"Crescente";"Céu Claro";"Simples";"Reta";"Não";2;1;0;0;0;1;0;2;-8,09228665;-43,67176917;"SPRF-PI";"DEL03-PI";"UOP01-DEL03-PI"
364384;2021-06-15;"terça-feira";"15:20:00";"PR";277;110;"CAMPO LARGO";"Reação tardia ou ineficiente do condutor";"Colisão traseira";"Com Vítimas Feridas";"Pleno dia";"Decrescente";"Céu Claro";"Dupla";"Aclive;Reta";"Sim";2;0;1;0;1;0;1;2;-25,44625996;-49,36369775;"SPRF-PR";"DEL01-PR";"UOP03-DEL03-PR"
364387;2021-06-15;"terça-feira";"16:57:00";"RJ";101;474;"ANGRA DOS REIS";"Condutor deixou de manter distância do veículo da frente";"Colisão traseira";"Com Vítimas Feridas";"Pleno dia";"Decrescente";"Céu Claro";"Simples";"Declive";"Sim";3;0;1;1;1;0;2;2;-22,993739;-44,248086;"SPRF-RJ";"DEL03-RJ";"UOP03-DEL03-RJ"
364388;2021-06-15;"terça-feira";"17:00:00";"PB";230;18;"JOAO PESSOA";"Reação tardia ou ineficiente do condutor";"Colisão traseira";"Com Vítimas Feridas";"Pleno dia";"Decrescente";"Céu Claro";"Dupla";"Reta";"Sim";2;0;0;1;1;0;1;2;-7,1198;-34,8453;"SPRF-PB";"DEL01-PB";"UOP01-DEL01-PB"
364389;2021-06-15;"terça-feira";"16:20:00";"SC";282;207;"LAGES";"Velocidade Incompatível";"Colisão com objeto";"Com Vítimas Feridas";"Pleno dia";"Decrescente";"Céu Claro";"Simples";"Interseção de Vias;Rotatória";"Não";2;0;1;0;0;1;1;2;-27,77373769;-50,20227313;"SPRF-SC";"DEL05-SC";"UOP01-DEL05-SC"
364390;2021-06-15;"terça-feira";"15:55:00";"RO";319;64;"PORTO VELHO";"Desrespeitar a preferência no cruzamento";"Colisão transversal";"Com Vítimas Feridas";"Pleno dia";"Crescente";"Céu Claro";"Múltipla";"Interseção de Vias";"Sim";2;0;1;0;1;0;1;2;-8,76609822;-63,88455391;"SPRF-RO";"DEL01-RO";"UOP01-DEL01-RO"
364394;2021-06-15;"terça-feira";"16:30:00";"RJ";101;109,7;"CAMPOS DOS GOYTACAZES";"Velocidade Incompatível";"Colisão com objeto";"Sem Vítimas";"Plena Noite";"Crescente";"Céu Claro";"Dupla";"Curva;Declive";"Não";1;0;0;0;1;0;0;1;-21,94807706;-41,63725396;"SPRF-RJ";"DEL08-RJ";"UOP02-DEL08-RJ"
364395;2021-06-15;"terça-feira";"15:55:00";"SP";116;297;"ITAPECERICA DA SERRA";"Problema com o freio";"Colisão com objeto";"Sem Vítimas";"Pleno dia";"Decrescente";"Céu Claro";"Simples";"Retorno Regulamentado";"Não";2;0;0;0;2;0;0;1;-23,78323219;-46,91437053;"SPRF-SP";"DEL04-SP";"UOP01-DEL04-SP"
364396;2021-06-15;"terça-feira";"17:55:00";"RS";158;264;"JULIO DE CASTILHOS";"Acesso irregular";"Colisão transversal";"Com Vítimas Fatais";"Anoitecer";"Crescente";"Nublado";"Simples";"Reta";"Sim";2;1;0;0;1;0;0;2;-29,238945;-53,66561;"SPRF-RS";"DEL10-RS";"UOP02-DEL10-RS"
364397;2021-06-15;"terça-feira";"18:15:00";"MG";381;268;"TIMOTEO";"Transitar no acostamento";"Eventos atípicos";"Com Vítimas Fatais";"Plena Noite";"Decrescente";"Céu Claro";"Simples";"Reta";"Sim";3;1;0;0;0;2;0;3;-19,53877668;-42,68374715;"SPRF-MG";"DEL03-MG";"UOP02-DEL03-MG"
364398;2021-06-15;"terça-feira";"18:05:00";"MG";381;316;"ANTONIO DIAS";"Animais na Pista";"Atropelamento de Animal";"Com Vítimas Feridas";"Anoitecer";"Crescente";"Céu Claro";"Simples";"Curva";"Não";1;0;1;0;0;0;1;1;-19,69896406;-42,99486928;"SPRF-MG";"DEL03-MG";"UOP02-DEL03-MG"
364399;2021-06-15;"terça-feira";"18:00:00";"BA";116;819,3;"VITORIA DA CONQUISTA";"Transitar na contramão";"Colisão frontal";"Com Vítimas Feridas";"Anoitecer";"Crescente";"Céu Claro";"Simples";"Aclive;Retorno Regulamentado";"Não";2;0;0;1;0;1;1;2;-14,82987849;-40,8310624;"SPRF-BA";"DEL08-BA";"UOP01-DEL08-BA"
364400;2021-06-15;"terça-feira";"18:10:00";"SC";101;275,6;"IMBITUBA";"Ingestão de álcool pelo condutor";"Saída de leito carroçável";"Com Vítimas Feridas";"Plena Noite";"Crescente";"Nublado";"Múltipla";"Reta";"Sim";1;0;1;0;0;0;1;1;-28,138086;-48,69218292;"SPRF-SC";"DEL02-SC";"UOP03-DEL02-SC"
364401;2021-06-15;"terça-feira";"18:25:00";"RS";116;263;"CANOAS";"Trafegar com motocicleta (ou similar) entre as faixas";"Colisão lateral mesmo sentido";"Com Vítimas Feridas";"Plena Noite";"Crescente";"Céu Claro";"Dupla";"Reta";"Sim";2;0;1;0;1;0;1;2;-29,90242388;-51,17674649;"SPRF-RS";"DEL01-RS";"UOP01-DEL01-RS"
364402;2021-06-15;"terça-feira";"17:40:00";"RJ";101;484;"ANGRA DOS REIS";"Pista Escorregadia";"Tombamento";"Com Vítimas Feridas";"Anoitecer";"Decrescente";"Céu Claro";"Simples";"Curva";"Não";2;0;2;0;0;0;2;1;-22,99096308;-44,30429882;"SPRF-RJ";"DEL03-RJ";"UOP03-DEL03-RJ"
364404;2021-06-15;"terça-feira";"18:40:00";"GO";60;96,5;"ANAPOLIS";"Acessar a via sem observar a presença dos outros veículos";"Colisão transversal";"Com Vítimas Fatais";"Plena Noite";"Decrescente";"Nublado";"Dupla";"Reta";"Sim";4;1;1;1;1;0;2;3;-16,374367;-48,94524;"SPRF-GO";"DEL02-GO";"UOP01-DEL02-GO"
364406;2021-06-15;"terça-feira";"15:02:00";"SC";282;642,5;"SAO MIGUEL DO OESTE";"Ausência de reação do condutor";"Saída de leito carroçável";"Com Vítimas Feridas";"Pleno dia";"Crescente";"Céu Claro";"Simples";"Curva";"Não";1;0;1;0;0;0;1;1;-26,772327;-53,461613;"SPRF-SC";"DEL07-SC";"UOP03-DEL07-SC"
364407;2021-06-15;"terça-feira";"18:45:00";"RJ";40;120;"DUQUE DE CAXIAS";"Trafegar com motocicleta (ou similar) entre as faixas";"Colisão lateral mesmo sentido";"Sem Vítimas";"Plena Noite";"Decrescente";"Nublado";"Múltipla";"Reta";"Não";2;0;0;0;2;0;0;2;-22,77280597;-43,28626763;"SPRF-RJ";"DEL01-RJ";"UOP01-DEL01-RJ"
364409;2021-06-15;"terça-feira";"19:00:00";"PR";277;644,3;"CEU AZUL";"Desrespeitar a preferência no cruzamento";"Colisão transversal";"Com Vítimas Feridas";"Anoitecer";"Decrescente";"Céu Claro";"Simples";"Reta";"Não";3;0;1;0;2;0;1;2;-25,17363131;-53,88603272;"SPRF-PR";"DEL05-PR";"UOP02-DEL05-PR"
364411;2021-06-15;"terça-feira";"18:50:00";"SP";116;220;"GUARULHOS";"Trafegar com motocicleta (ou similar) entre as faixas";"Tombamento";"Com Vítimas Feridas";"Plena Noite";"Decrescente";"Céu Claro";"Múltipla";"Reta";"Sim";1;0;0;1;0;0;1;1;-23,46472809;-46,49793962;"SPRF-SP";"DEL01-SP";"UOP01-DEL01-SP"
364412;2021-06-15;"terça-feira";"18:55:00";"CE";116;15;"FORTALEZA";"Ingestão de álcool pelo condutor";"Colisão traseira";"Com Vítimas Feridas";"Plena Noite";"Crescente";"Céu Claro";"Dupla";"Aclive;Reta";"Sim";2;0;1;0;1;0;1;2;-3,87839882;-38,50066893;"SPRF-CE";"DEL01-CE";"UOP02-DEL01-CE"
364413;2021-06-15;"terça-feira";"18:30:00";"PR";376;112,9;"PARANAVAI";"Ingestão de álcool pelo condutor";"Colisão lateral mesmo sentido";"Com Vítimas Feridas";"Plena Noite";"Decrescente";"Céu Claro";"Dupla";"Reta";"Não";2;0;2;0;0;0;2;2;-23,09343108;-52,38419702;"SPRF-PR";"DEL09-PR";"UOP02-DEL09-PR"