"id";"data_inversa";"dia_semana";"horario";"uf";"br";"km";"municipio";"causa_acidente";"tipo_acidente";"classificacao_acidente";"fase_dia";"sentido_via";"condicao_metereologica";"tipo_pista";"tracado_via";"uso_solo";"pessoas";"mortos";"feridos_leves";"feridos_graves";"ilesos";"ignorados";"feridos";"veiculos";"latitude";"longitude";"regional";"delegacia";"uop"
364414;2021-06-15;"terça-feira";"15:02:00";"SC";280;167,7;"MAFRA";"Ausência de reação do condutor";"Colisão traseira";"Com Vítimas Feridas";"Pleno dia";"Crescente";"Sol";"Simples";"Reta";"Sim";2;0;0;1;1;0;1;2;-26,16857105;-49,81820938;"SPRF-SC";"DEL06-SC";"UOP01-DEL06-SC"
364417;2021-05-26;"quarta-feira";"18:05:00";"ES";101;302;"VIANA";"Reação tardia ou ineficiente do condutor";"Tombamento";"Com Vítimas Feridas";"Plena Noite";"Crescente";"Céu Claro";"Dupla";"Curva";"Sim";1;0;0;1;0;0;1;1;-20,36958283;-40,44384551;"SPRF-ES";"DEL01-ES";"UOP01-DEL01-ES"
364419;2021-06-15;"terça-feira";"12:20:00";"SC";282;51;"RANCHO QUEIMADO";"Mal súbito do condutor";"Saída de leito carroçável";"Com Vítimas Feridas";"Pleno dia";"Decrescente";"Chuva";"Simples";"Declive";"Não";1;0;1;0;0;0;1;1;-27,703712;-48,959267;"SPRF-SC";"DEL01-SC";"UOP03-DEL01-SC"
364420;2021-06-15;"terça-feira";"18:00:00";"RR";174;499;"BOA VISTA";"Ausência de reação do condutor";"Queda de ocupante de veículo";"Com Vítimas Feridas";"Plena Noite";"Decrescente";"Céu Claro";"Dupla";"Reta";"Sim";1;0;0;1;0;0;1;1;2,772157;-60,714409;"SPRF-RR";"DEL01-RR";"UOP01-DEL01-RR"
364421;2021-06-15;"terça-feira";"17:00:00";"MG";262;757,9;"SACRAMENTO";"Ingestão de álcool pelo condutor";"Colisão traseira";"Sem Vítimas";"Pleno dia";"Crescente";"Céu Claro";"Simples";"Reta";"Não";3;0;0;0;3;0;0;2;-19,65905332;-47,5734149;"SPRF-MG";"DEL13-MG";"UOP01-DEL13-MG"
364423;2021-06-15;"terça-feira";"18:10:00";"BA";101;223,9;"CRUZ DAS ALMAS";"Ingestão de álcool ou de substâncias psicoativas pelo pedestre";"Atropelamento de Pedestre";"Com Vítimas Feridas";"Anoitecer";"Decrescente";"Céu Claro";"Simples";"Reta";"Não";2;0;1;0;0;1;1;2;-12,681919;-39,141511;"SPRF-BA";"DEL01-BA";"UOP02-DEL01-BA"
364424;2021-06-15;"terça-feira";"19:52:00";"BA";242;781,9;"BARREIRAS";"Área urbana sem a presença de local apropriado para a travessia de pedestres";"Atropelamento de Pedestre";"Com Vítimas Feridas";"Plena Noite";"Crescente";"Céu Claro";"Simples";"Reta";"Sim";2;0;0;1;0;1;1;2;-12,1394562;-44,9100688;"SPRF-BA";"DEL10-BA";"UOP01-DEL10-BA"
364425;2021-06-15;"terça-feira";"20:15:00";"PR";277;3,6;"PARANAGUA";"Acessar a via sem observar a presença dos outros veículos";"Colisão transversal";"Com Vítimas Feridas";"Plena Noite";"Decrescente";"Céu Claro";"Simples";"Interseção de Vias";"Sim";2;0;1;0;1;0;1;2;-25,54616;-48,560168;"SPRF-PR";"DEL01-PR";"UOP05-DEL01-PR"
364427;2021-06-15;"terça-feira";"18:05:00";"RO";364;344;"JI-PARANA";"Condutor desrespeitou a iluminação vermelha do semáforo";"Colisão transversal";"Com Vítimas Feridas";"Pleno dia";"Crescente";"Céu Claro";"Dupla";"Interseção de Vias";"Sim";3;0;0;1;1;1;1;3;-10,87376391;-61,95256893;"SPRF-RO";"DEL02-RO";"UOP01-DEL02-RO"
364428;2021-06-15;"terça-feira";"16:00:00";"SC";470;199;"PONTE ALTA";"Acessar a via sem observar a presença dos outros veículos";"Colisão transversal";"Com Vítimas Feridas";"Pleno dia";"Decrescente";"Céu Claro";"Simples";"Interseção de Vias";"Não";2;0;0;1;1;0;1;2;-27,30924823;-50,13336182;"SPRF-SC";"DEL05-SC";"UOP03-DEL05-SC"
364429;2021-06-15;"terça-feira";"19:20:00";"MT";70;324;"DOM AQUINO";"Reação tardia ou ineficiente do condutor";"Saída de leito carroçável";"Com Vítimas Feridas";"Plena Noite";"Crescente";"Céu Claro";"Simples";"Reta";"Não";4;0;4;0;0;0;4;1;-15,51069712;-54,65364598;"SPRF-MT";"DEL05-MT";"UOP01-DEL05-MT"
364431;2021-06-15;"terça-feira";"21:00:00";"MT";163;714;"SORRISO";"Acumulo de água sobre o pavimento";"Saída de leito carroçável";"Com Vítimas Feridas";"Pleno dia";"Crescente";"Chuva";"Simples";"Reta";"Não";2;0;1;0;1;0;1;1;-12,97101806;-55,87533885;"SPRF-MT";"DEL06-MT";"UOP01-DEL06-MT"
364433;2021-06-15;"terça-feira";"22:45:00";"CE";116;8;"FORTALEZA";"Acessar a via sem observar a presença dos outros veículos";"Colisão lateral mesmo sentido";"Com Vítimas Feridas";"Plena Noite";"Crescente";"Céu Claro";"Múltipla";"Reta";"Sim";2;0;1;0;0;1;1;2;-3,8192799;-38,50268337;"SPRF-CE";"DEL01-CE";"UOP02-DEL01-CE"
364434;2021-06-15;"terça-feira";"20:10:00";"MT";158;642;"NOVA XAVANTINA";"Ingestão de álcool pelo condutor";"Colisão transversal";"Com Vítimas Feridas";"Plena Noite";"Decrescente";"Céu Claro";"Simples";"Aclive;Reta";"Não";4;0;2;0;2;0;2;2;-14,57856201;-52,36195191;"SPRF-MT";"DEL07-MT";"UOP02-DEL07-MT"
364435;2021-06-15;"terça-feira";"21:10:00";"RJ";493;22;"MAGE";"Ingestão de álcool pelo condutor";"Saída de leito carroçável";"Sem Vítimas";"Plena Noite";"Crescente";"Vento";"Simples";"Reta";"Não";1;0;0;0;1;0;0;1;-22,659311;-43,053303;"SPRF-RJ";"DEL04-RJ";"UOP02-DEL04-RJ"
364436;2021-06-15;"terça-feira";"17:45:00";"SC";116;139;"SANTA CECILIA";"Acessar a via sem observar a presença dos outros veículos";"Colisão transversal";"Sem Vítimas";"Anoitecer";"Decrescente";"Céu Claro";"Simples";"Aclive";"Não";2;0;0;0;2;0;0;2;-26,96007677;-50,41626976;"SPRF-SC";"DEL06-SC";"UOP02-DEL06-SC"
364437;2021-06-15;"terça-feira";"22:00:00";"SP";116;221;"GUARULHOS";"Reação tardia ou ineficiente do condutor";"Colisão traseira";"Sem Vítimas";"Plena Noite";"Decrescente";"Nublado";"Múltipla";"Reta";"Sim";4;0;0;0;4;0;0;2;-23,46802395;-46,50704901;"SPRF-SP";"DEL01-SP";"UOP01-DEL01-SP"
364438;2021-06-15;"terça-feira";"22:35:00";"PI";343;19,2;"PARNAIBA";"Animais na Pista";"Tombamento";"Com Vítimas Feridas";"Plena Noite";"Decrescente";"Nublado";"Simples";"Reta";"Não";1;0;1;0;0;0;1;1;-2,972207;-41,760967;"SPRF-PI";"DEL05-PI";"UOP01-DEL05-PI"
364440;2021-06-15;"terça-feira";"21:45:00";"GO";153;493,4;"GOIANIA";"Desrespeitar a preferência no cruzamento";"Colisão traseira";"Sem Vítimas";"Plena Noite";"Crescente";"Céu Claro";"Múltipla";"Ponte;Retorno Regulamentado;Reta;Declive";"Sim";2;0;0;0;2;0;0;2;-16,64721145;-49,21219468;"SPRF-GO";"DEL01-GO";"UOP01-DEL01-GO"
364444;2021-06-15;"terça-feira";"19:30:00";"SC";282;589,9;"SAUDADES";"Ingestão de álcool pelo condutor";"Saída de leito carroçável";"Com Vítimas Feridas";"Plena Noite";"Crescente";"Céu Claro";"Simples";"Reta";"Não";1;0;1;0;0;0;1;1;-26,82596;-53,062588;"SPRF-SC";"DEL07-SC";"UOP02-DEL07-SC"
364447;2021-06-16;"quarta-feira";"01:45:00";"PR";369;131,5;"IBIPORA";"Ultrapassagem Indevida";"Colisão lateral mesmo sentido";"Com Vítimas Feridas";"Plena Noite";"Crescente";"Céu Claro";"Dupla";"Reta";"Não";3;0;2;1;0;0;3;2;-23,26158468;-50,99612921;"SPRF-PR";"DEL07-PR";"UOP01-DEL07-PR"
364448;2021-06-15;"terça-feira";"19:00:00";"MG";262;810;"UBERABA";"Transitar na contramão";"Colisão lateral sentido oposto";"Com Vítimas Feridas";"Plena Noite";"Crescente";"Céu Claro";"Dupla";"Reta";"Sim";2;0;1;0;1;0;1;2;-19,76051836;-48,04440502;"SPRF-MG";"DEL13-MG";"UOP01-DEL13-MG"
364453;2021-06-16;"quarta-feira";"03:45:00";"PR";277;122;"CAMPO LARGO";"Velocidade Incompatível";"Saída de leito carroçável";"Com Vítimas Feridas";"Plena Noite";"Decrescente";"Céu Claro";"Dupla";"Curva";"Não";1;0;1;0;0;0;1;1;-25,44344167;-49,45985402;"SPRF-PR";"DEL01-PR";"UOP03-DEL03-PR"
364456;2021-06-16;"quarta-feira";"04:15:00";"RO";364;19,1;"VILHENA";"Pedestre andava na pista";"Atropelamento de Pedestre";"Com Vítimas Fatais";"Plena Noite";"Crescente";"Céu Claro";"Simples";"Reta";"Não";2;1;0;0;1;0;0;2;-12,72739955;-60,18370888;"SPRF-RO";"DEL04-RO";"UOP01-DEL04-RO"
364459;2021-06-15;"terça-feira";"19:33:00";"RJ";493;25;"MAGE";"Condutor deixou de manter distância do veículo da frente";"Colisão traseira";"Sem Vítimas";"Plena Noite";"Crescente";"Ignorado";"Simples";"Reta";"Não";2;0;0;0;2;0;0;2;-22,65788388;-43,079654;"SPRF-RJ";"DEL04-RJ";"UOP02-DEL04-RJ"
364460;2021-06-16;"quarta-feira";"05:30:00";"PB";101;99,7;"CONDE";"Velocidade Incompatível";"Saída de leito carroçável";"Com Vítimas Feridas";"Amanhecer";"Decrescente";"Céu Claro";"Dupla";"Reta";"Não";1;0;1;0;0;0;1;1;-7,26186135;-34,93615866;"SPRF-PB";"DEL01-PB";"UOP02-DEL01-PB"
364461;2021-06-16;"quarta-feira";"05:30:00";"RJ";40;85;"PETROPOLIS";"Demais falhas mecânicas ou elétricas";"Incêndio";"Sem Vítimas";"Plena Noite";"Decrescente";"Nublado";"Simples";"Aclive";"Não";2;0;0;0;0;2;0;1;-22,52850694;-43,2349802;"SPRF-RJ";"DEL06-RJ";"UOP01-DEL06-RJ"
364463;2021-06-16;"quarta-feira";"05:40:00";"ES";482;59,5;"JERONIMO MONTEIRO";"Ausência de reação do condutor";"Saída de leito carroçável";"Com Vítimas Feridas";"Amanhecer";"Decrescente";"Céu Claro";"Simples";"Reta";"Não";1;0;1;0;0;0;1;1;-20,80232;-41,354004;"SPRF-ES";"DEL03-ES";"UOP02-DEL03-ES"
364465;2021-06-16;"quarta-feira";"00:10:00";"MS";262;327,8;"CAMPO GRANDE";"Ingestão de álcool pelo condutor";"Colisão com objeto";"Sem Vítimas";"Plena Noite";"Crescente";"Nublado";"Dupla";"Curva";"Sim";2;0;0;0;2;0;0;1;-20,46513354;-54,54941511;"SPRF-MS";"DEL01-MS";"UOP01-DEL01-MS"
364467;2021-06-16;"quarta-feira";"06:50:00";"MG";40;528,2;"CONTAGEM";"Ausência de reação do condutor";"Colisão lateral mesmo sentido";"Com Vítimas Feridas";"Pleno dia";"Crescente";"Céu Claro";"Dupla";"Reta;Aclive";"Sim";3;0;2;0;0;1;2;2;-19,90883179;-44,04436577;"SPRF-MG";"DEL01-MG";"UOP02-DEL01-MG"
364468;2021-06-16;"quarta-feira";"07:05:00";"BA";101;714;"EUNAPOLIS";"Ausência de reação do condutor";"Colisão lateral mesmo sentido";"Com Vítimas Feridas";"Pleno dia";"Decrescente";"Céu Claro";"Simples";"Reta";"Sim";3;0;1;0;2;0;1;2;-16,51577516;-39,57427325;"SPRF-BA";"DEL09-BA";"UOP01-DEL09-BA"
364469;2021-06-16;"quarta-feira";"07:30:00";"DF";40;3,1;"BRASILIA";"Acessar a via sem observar a presença dos outros veículos";"Colisão transversal";"Com Vítimas Feridas";"Pleno dia";"Decrescente";"Céu Claro";"Dupla";"Reta";"Sim";2;0;0;1;1;0;1;2;-16,00366952;-47,9838717;"SPRF-DF";"DEL01-DF";"UOP01-DEL01-DF"
364470;2021-06-16;"quarta-feira";"07:30:00";"PR";476;127;"CURITIBA";"Condutor deixou de manter distância do veículo da frente";"Colisão traseira";"Com Vítimas Feridas";"Pleno dia";"Crescente";"Nublado";"Dupla";"Viaduto;Reta;Aclive";"Sim";2;0;1;0;1;0;1;2;-25,425167;-49,227158;"SPRF-PR";"DEL01-PR";"UOP03-DEL01-PR"
364471;2021-06-16;"quarta-feira";"08:00:00";"SC";282;0;"FLORIANOPOLIS";"Condutor deixou de manter distância do veículo da frente";"Colisão traseira";"Com Vítimas Feridas";"Pleno dia";"Decrescente";"Céu Claro";"Dupla";"Reta";"Sim";1;0;1;0;0;0;1;1;-27,59845;-48,571995;"SPRF-SC";"DEL01-SC";"UOP01-DEL01-SC"
364472;2021-05-14;"sexta-feira";"19:10:00";"SC";282;496;"XANXERE";"Acessar a via sem observar a presença dos outros veículos";"Colisão transversal";"Com Vítimas Feridas";"Plena Noite";"Crescente";"Céu Claro";"Simples";"Reta;Interseção de Vias";"Não";2;0;1;0;1;0;1;2;-26,87723437;-52,33226895;"SPRF-SC";"DEL07-SC";"UOP01-DEL07-SC"
364473;2021-06-16;"quarta-feira";"06:15:00";"MG";262;400;"PARA DE MINAS";"Acessar a via sem observar a presença dos outros veículos";"Colisão transversal";"Com Vítimas Feridas";"Pleno dia";"Crescente";"Céu Claro";"Dupla";"Reta;Retorno Regulamentado";"Sim";2;0;1;0;1;0;1;2;-19,90293517;-44,54364505;"SPRF-MG";"DEL01-MG";"UOP03-DEL01-MG"
364474;2021-06-16;"quarta-feira";"08:15:00";"SC";101;210;"SAO JOSE";"Acessar a via sem observar a presença dos outros veículos";"Colisão transversal";"Com Vítimas Feridas";"Pleno dia";"Decrescente";"Nublado";"Múltipla";"Interseção de Vias";"Sim";2;0;1;0;1;0;1;2;-27,6167305;-48,6457265;"SPRF-SC";"DEL01-SC";"UOP01-DEL01-SC"
364475;2021-06-16;"quarta-feira";"08:40:00";"ES";101;264;"SERRA";"Manobra de mudança de faixa";"Colisão lateral mesmo sentido";"Com Vítimas Feridas";"Pleno dia";"Decrescente";"Céu Claro";"Múltipla";"Reta";"Sim";2;0;1;0;1;0;1;2;-20,17292791;-40,26736384;"SPRF-ES";"DEL02-ES";"UOP01-DEL02-ES"
364477;2021-05-24;"segunda-feira";"23:40:00";"PR";376;210;"MANDAGUARI";"Obras na pista";"Tombamento";"Com Vítimas Feridas";"Plena Noite";"Crescente";"Céu Claro";"Dupla";"Reta;Em Obras";"Não";1;0;1;0;0;0;1;1;-23,561134;-51,66161;"SPRF-PR";"DEL09-PR";"UOP01-DEL09-PR"
364478;2021-06-16;"quarta-feira";"05:45:00";"GO";153;321,9;"RIANAPOLIS";"Neblina";"Colisão com objeto";"Com Vítimas Feridas";"Amanhecer";"Decrescente";"Nevoeiro/Neblina";"Simples";"Interseção de Vias";"Não";4;0;3;1;0;0;4;1;-15,456578;-49,502522;"SPRF-GO";"DEL02-GO";"UOP02-DEL02-GO"
364479;2021-06-16;"quarta-feira";"07:45:00";"MG";262;45,5;"MANHUACU";"Reação tardia ou ineficiente do condutor";"Colisão lateral mesmo sentido";"Com Vítimas Feridas";"Pleno dia";"Decrescente";"Sol";"Simples";"Declive";"Não";2;0;0;1;1;0;1;2;-20,26145201;-42,09686296;"SPRF-MG";"DEL06-MG";"UOP03-DEL06-MG"
364480;2021-06-16;"quarta-feira";"07:30:00";"MG";116;758,3;"LEOPOLDINA";"Manobra de mudança de faixa";"Colisão transversal";"Com Vítimas Feridas";"Amanhecer";"Crescente";"Céu Claro";"Simples";"Reta";"Não";3;0;2;0;1;0;2;2;-21,50243487;-42,60067703;"SPRF-MG";"DEL07-MG";"UOP01-DEL07-MG"
364481;2021-05-16;"domingo";"19:00:00";"RN";101;82,8;"SAO GONCALO DO AMARANTE";"Ingestão de álcool ou de substâncias psicoativas pelo pedestre";"Colisão transversal";"Com Vítimas Feridas";"Plena Noite";"Crescente";"Céu Claro";"Dupla";"Reta";"Sim";2;0;1;1;0;0;2;2;-5,76791511;-35,27456305;"SPRF-RN";"DEL02-RN";"UOP01-DEL02-RN"
364482;2021-06-16;"quarta-feira";"07:50:00";"RR";174;500;"BOA VISTA";"Pedestre cruzava a pista fora da faixa";"Atropelamento de Pedestre";"Com Vítimas Feridas";"Pleno dia";"Crescente";"Garoa/Chuvisco";"Dupla";"Reta";"Sim";2;0;2;0;0;0;2;2;2,80130304;-60,69480842;"SPRF-RR";"DEL01-RR";"UOP01-DEL01-RR"
364487;2021-06-16;"quarta-feira";"10:00:00";"PE";428;97,9;"SANTA MARIA DA BOA VISTA";"Velocidade Incompatível";"Capotamento";"Com Vítimas Feridas";"Pleno dia";"Decrescente";"Sol";"Simples";"Reta";"Não";1;0;1;0;0;0;1;1;-8,82401066;-39,9348392;"SPRF-PE";"DEL06-PE";"UOP03-DEL06-PE"
364488;2021-06-16;"quarta-feira";"05:40:00";"SC";101;214;"PALHOCA";"Acessar a via sem observar a presença dos outros veículos";"Colisão lateral mesmo sentido";"Sem Vítimas";"Amanhecer";"Decrescente";"Céu Claro";"Múltipla";"Reta";"Sim";3;0;0;0;1;2;0;2;-27,6423634;-48,66875768;"SPRF-SC";"DEL01-SC";"UOP02-DEL01-SC"
364490;2021-06-16;"quarta-feira";"10:30:00";"MG";116;276,6;"TEOFILO OTONI";"Pedestre cruzava a pista fora da faixa";"Atropelamento de Pedestre";"Com Vítimas Feridas";"Pleno dia";"Crescente";"Céu Claro";"Simples";"Reta";"Não";2;0;0;1;1;0;1;2;-17,859945;-41,515144;"SPRF-MG";"DEL11-MG";"UOP01-DEL11-MG"
364492;2021-06-16;"quarta-feira";"11:30:00";"GO";153;663;"GOIATUBA";"Velocidade Incompatível";"Saída de leito carroçável";"Com Vítimas Feridas";"Pleno dia";"Crescente";"Céu Claro";"Dupla";"Curva";"Não";1;0;0;1;0;0;1;1;-18,0812;-49,271;"SPRF-GO";"DEL03-GO";"UOP02-DEL03-GO"
364493;2021-06-16;"quarta-feira";"11:20:00";"CE";222;222,1;"SOBRAL";"Acessar a via sem observar a presença dos outros veículos";"Colisão lateral mesmo sentido";"Com Vítimas Feridas";"Pleno dia";"Decrescente";"Sol";"Simples";"Interseção de Vias";"Sim";3;0;0;2;1;0;2;2;-3,72134641;-40,32871618;"SPRF-CE";"DEL04-CE";"UOP01-DEL04-CE"
364494;2021-06-16;"quarta-feira";"12:05:00";"SC";101;194;"BIGUACU";"Condutor deixou de manter distância do veículo da frente";"Colisão traseira";"Com Vítimas Feridas";"Pleno dia";"Decrescente";"Céu Claro";"Dupla";"Reta";"Sim";2;0;1;0;1;0;1;2;-27,49815117;-48,65661236;"SPRF-SC";"DEL01-SC";"UOP01-DEL01-SC"
364497;2021-06-16;"quarta-feira";"10:00:00";"MG";50;24,5;"ARAGUARI";"Reação tardia ou ineficiente do condutor";"Tombamento";"Com Vítimas Feridas";"Pleno dia";"Crescente";"Sol";"Dupla";"Declive;Reta";"Não";1;0;1;0;0;0;1;1;-18,61024882;-48,06820499;"SPRF-MG";"DEL15-MG";"UOP02-DEL15-MG"
364498;2021-06-16;"quarta-feira";"12:50:00";"PR";369;182;"ARAPONGAS";"Acessar a via sem observar a presença dos outros veículos";"Colisão transversal";"Com Vítimas Feridas";"Pleno dia";"Decrescente";"Céu Claro";"Dupla";"Reta";"Sim";3;0;1;1;1;0;2;2;-23,384485;-51,41921;"SPRF-PR";"DEL07-PR";"UOP02-DEL07-PR"
364499;2021-06-06;"domingo";"17:00:00";"MS";60;395;"SIDROLANDIA";"Ausência de reação do condutor";"Saída de leito carroçável";"Com Vítimas Feridas";"Anoitecer";"Decrescente";"Nublado";"Simples";"Reta";"Não";2;0;2;0;0;0;2;1;-20,75566905;-54,78573182;"SPRF-MS";"DEL01-MS";"UOP04-DEL01-MS"
364501;2021-06-16;"quarta-feira";"10:20:00";"RJ";101;252;"RIO BONITO";"Problema com o freio";"Colisão traseira";"Com Vítimas Feridas";"Pleno dia";"Decrescente";"Céu Claro";"Dupla";"Reta";"Não";2;0;1;0;1;0;1;2;-22,68214756;-42,53377419;"SPRF-RJ";"DEL02-RJ";"UOP03-DEL02-RJ"
364503;2021-06-16;"quarta-feira";"13:00:00";"SC";101;140,8;"BALNEARIO CAMBORIU";"Ausência de reação do condutor";"Tombamento";"Com Vítimas Feridas";"Pleno dia";"Crescente";"Nublado";"Dupla";"Declive";"Não";1;0;0;1;0;0;1;1;-27,03881189;-48,60025148;"SPRF-SC";"DEL04-SC";"UOP03-DEL04-SC"
364504;2021-06-06;"domingo";"19:20:00";"PA";316;61;"CASTANHAL";"Reação tardia ou ineficiente do condutor";"Saída de leito carroçável";"Com Vítimas Feridas";"Plena Noite";"Crescente";"Chuva";"Simples";"Reta";"Sim";3;0;2;0;0;1;2;1;-1,29686015;-47,94639002;"SPRF-PA";"DEL01-PA";"UOP01-DEL01-PA"
364506;2021-06-16;"quarta-feira";"10:40:00";"PR";277;672,5;"MEDIANEIRA";"Avarias e/ou desgaste excessivo no pneu";"Tombamento";"Com Vítimas Feridas";"Pleno dia";"Decrescente";"Sol";"Dupla";"Reta";"Sim";2;0;2;0;0;0;2;1;-25,28740438;-54,09701091;"SPRF-PR";"DEL05-PR";"UOP01-DEL05-PR"
364507;2021-06-16;"quarta-feira";"14:10:00";"SP";116;475,1;"JACUPIRANGA";"Reação tardia ou ineficiente do condutor";"Queda de ocupante de veículo";"Com Vítimas Feridas";"Pleno dia";"Decrescente";"Sol";"Dupla";"Reta";"Não";1;0;1;0;0;0;1;1;-24,68648001;-47,98910399;"SPRF-SP";"DEL05-SP";"UOP01-DEL05-SP"
364509;2021-05-07;"sexta-feira";"18:45:00";"PR";277;476,7;"NOVA LARANJEIRAS";"Pedestre andava na pista";"Atropelamento de Pedestre";"Com Vítimas Fatais";"Plena Noite";"Decrescente";"Nublado";"Simples";"Interseção de Vias";"Não";2;1;0;0;1;0;0;2;-25,30570383;-52,55588296;"SPRF-PR";"DEL04-PR";"UOP02-DEL04-PR"
364511;2021-06-13;"domingo";"04:03:00";"RJ";393;132;"SAPUCAIA";"Velocidade Incompatível";"Colisão com objeto";"Sem Vítimas";"Plena Noite";"Decrescente";"Céu Claro";"Simples";"Reta";"Sim";1;0;0;0;0;1;0;1;-21,97476198;-42,88418674;"SPRF-RJ";"DEL05-RJ";"UOP01-DEL05-RJ"
364512;2021-06-16;"quarta-feira";"15:20:00";"SP";116;127;"CACAPAVA";"Ausência de reação do condutor";"Colisão traseira";"Com Vítimas Feridas";"Pleno dia";"Decrescente";"Nublado";"Dupla";"Reta";"Sim";2;0;1;0;1;0;1;2;-23,10991026;-45,70246044;"SPRF-SP";"DEL02-SP";"UOP02-DEL02-SP"
364513;2021-06-16;"quarta-feira";"15:43:00";"RS";116;149,2;"CAXIAS DO SUL";"Condutor desrespeitou a iluminação vermelha do semáforo";"Colisão transversal";"Com Vítimas Feridas";"Pleno dia";"Decrescente";"Céu Claro";"Dupla";"Retorno Regulamentado";"Sim";3;0;1;0;1;1;1;3;-29,15996905;-51,15645292;"SPRF-RS";"DEL05-RS";"UOP01-DEL05-RS"
364514;2021-06-16;"quarta-feira";"15:35:00";"BA";324;626;"SALVADOR";"Condutor deixou de manter distância do veículo da frente";"Colisão traseira";"Com Vítimas Feridas";"Pleno dia";"Crescente";"Céu Claro";"Dupla";"Reta";"Sim";2;0;1;0;1;0;1;2;-12,95020997;-38,47073108;"SPRF-BA";"DEL01-BA";"UOP01-DEL01-BA"
364517;2021-06-16;"quarta-feira";"15:50:00";"DF";20;6;"BRASILIA";"Ingestão de álcool pelo condutor";"Saída de leito carroçável";"Com Vítimas Feridas";"Pleno dia";"Crescente";"Céu Claro";"Dupla";"Reta";"Sim";1;0;1;0;0;0;1;1;-15,665888;-47,808308;"SPRF-DF";"DEL02-DF";"UOP01-DEL02-DF"
364519;2021-06-16;"quarta-feira";"13:39:00";"SP";116;513,5;"CAJATI";"Reação tardia ou ineficiente do condutor";"Colisão com objeto";"Com Vítimas Feridas";"Pleno dia";"Decrescente";"Garoa/Chuvisco";"Simples";"Curva";"Não";1;0;1;0;0;0;1;1;-24,85748836;-48,21240664;"SPRF-SP";"DEL05-SP";"UOP02-DEL05-SP"
364522;2021-06-16;"quarta-feira";"16:20:00";"PE";101;72;"RECIFE";"Condutor deixou de manter distância do veículo da frente";"Colisão traseira";"Com Vítimas Feridas";"Pleno dia";"Decrescente";"Céu Claro";"Dupla";"Reta";"Sim";2;0;1;0;1;0;1;2;-8,09351881;-34,94762778;"SPRF-PE";"DEL01-PE";"UOP01-DEL01-PE"
364523;2021-06-16;"quarta-feira";"14:30:00";"MG";116;286,6;"TEOFILO OTONI";"Velocidade Incompatível";"Colisão traseira";"Com Vítimas Feridas";"Pleno dia";"Crescente";"Céu Claro";"Simples";"Reta";"Não";2;0;1;1;0;0;2;2;-17,93577075;-41,52783055;"SPRF-MG";"DEL11-MG";"UOP01-DEL11-MG"
364528;2021-06-16;"quarta-feira";"16:45:00";"PR";277;723,3;"FOZ DO IGUACU";"Condutor deixou de manter distância do veículo da frente";"Colisão traseira";"Com Vítimas Feridas";"Pleno dia";"Decrescente";"Céu Claro";"Dupla";"Reta";"Sim";2;0;1;0;1;0;1;2;-25,49993758;-54,53260303;"SPRF-PR";"DEL05-PR";"UOP03-DEL05-PR"
364529;2021-06-16;"quarta-feira";"14:50:00";"MG";40;375,8;"FELIXLANDIA";"Transitar na contramão";"Colisão frontal";"Com Vítimas Feridas";"Pleno dia";"Crescente";"Céu Claro";"Simples";"Ponte";"Não";4;0;2;0;1;1;2;3;-18,85512261;-44,75263596;"SPRF-MG";"DEL02-MG";"UOP01-DEL02-MG"
364530;2021-06-16;"quarta-feira";"17:45:00";"PR";116;119;"CURITIBA";"Condutor deixou de manter distância do veículo da frente";"Colisão traseira";"Sem Vítimas";"Anoitecer";"Crescente";"Nublado";"Dupla";"Reta";"Sim";2;0;0;0;2;0;0;2;-25,54456009;-49,30146002;"SPRF-PR";"DEL01-PR";"UOP01-DEL01-PR"
364531;2021-06-16;"quarta-feira";"17:40:00";"PE";423;96,7;"GARANHUNS";"Acesso irregular";"Colisão transversal";"Com Vítimas Feridas";"Anoitecer";"Crescente";"Céu Claro";"Simples";"Reta";"Sim";2;0;1;0;1;0;1;2;-8,88021822;-36,48651678;"SPRF-PE";"DEL03-PE";"UOP01-DEL03-PE"
364532;2021-06-16;"quarta-feira";"17:40:00";"MG";40;136;"JOAO PINHEIRO";"Manobra de mudança de faixa";"Colisão lateral mesmo sentido";"Com Vítimas Feridas";"Anoitecer";"Crescente";"Céu Claro";"Simples";"Reta";"Não";2;0;1;0;1;0;1;2;-17,7219829;-46,23179198;"SPRF-MG";"DEL14-MG";"UOP01-DEL14-MG"
364533;2021-06-16;"quarta-feira";"18:15:00";"AL";101;139;"SAO MIGUEL DOS CAMPOS";"Velocidade Incompatível";"Saída de leito carroçável";"Sem Vítimas";"Plena Noite";"Decrescente";"Vento";"Simples";"Interseção de Vias";"Não";4;0;0;0;4;0;0;1;-9,81757382;-36,1216713;"SPRF-AL";"DEL02-AL";"UOP01-DEL02-AL"