"id";"data_inversa";"dia_semana";"horario";"uf";"br";"km";"municipio";"causa_acidente";"tipo_acidente";"classificacao_acidente";"fase_dia";"sentido_via";"condicao_metereologica";"tipo_pista";"tracado_via";"uso_solo";"pessoas";"mortos";"feridos_leves";"feridos_graves";"ilesos";"ignorados";"feridos";"veiculos";"latitude";"longitude";"regional";"delegacia";"uop"
364535;2021-06-16;"quarta-feira";"15:25:00";"PR";376;246,2;"APUCARANA";"Transitar na contramão";"Colisão frontal";"Com Vítimas Feridas";"Pleno dia";"Crescente";"Sol";"Simples";"Retorno Regulamentado";"Não";2;0;1;0;1;0;1;2;-23,5919133;-51,41071558;"SPRF-PR";"DEL07-PR";"UOP02-DEL07-PR"
364538;2021-06-16;"quarta-feira";"19:00:00";"BA";101;817,9;"VEREDA";"Velocidade Incompatível";"Colisão frontal";"Com Vítimas Feridas";"Plena Noite";"Crescente";"Céu Claro";"Simples";"Curva";"Não";4;0;0;3;1;0;3;2;-17,25428798;-39,63099022;"SPRF-BA";"DEL09-BA";"UOP02-DEL09-BA"
364541;2021-06-16;"quarta-feira";"19:00:00";"AL";316;104;"DOIS RIACHOS";"Transitar na contramão";"Colisão frontal";"Com Vítimas Fatais";"Plena Noite";"Decrescente";"Céu Claro";"Simples";"Reta";"Não";3;1;2;0;0;0;2;2;-9,38681017;-37,07999795;"SPRF-AL";"DEL03-AL";"UOP01-DEL03-AL"
364542;2021-06-16;"quarta-feira";"17:00:00";"RJ";116;40;"TERESOPOLIS";"Acessar a via sem observar a presença dos outros veículos";"Colisão frontal";"Com Vítimas Feridas";"Anoitecer";"Decrescente";"Céu Claro";"Simples";"Reta";"Sim";2;0;1;0;1;0;1;2;-22,133427;-42,779522;"SPRF-RJ";"DEL04-RJ";"UOP01-DEL04-RJ"
364543;2021-06-16;"quarta-feira";"12:00:00";"MA";316;539;"CAXIAS";"Demais falhas mecânicas ou elétricas";"Queda de ocupante de veículo";"Com Vítimas Feridas";"Pleno dia";"Crescente";"Céu Claro";"Simples";"Reta";"Não";1;0;1;0;0;0;1;1;-4,849081;-43,452652;"SPRF-MA";"DEL03-MA";"UOP02-DEL03-MA"
364545;2021-06-16;"quarta-feira";"18:50:00";"GO";70;3;"AGUAS LINDAS DE GOIAS";"Pedestre cruzava a pista fora da faixa";"Atropelamento de Pedestre";"Com Vítimas Fatais";"Plena Noite";"Crescente";"Céu Claro";"Dupla";"Reta";"Sim";2;1;0;0;1;0;0;2;-15,76177302;-48,2368693;"SPRF-DF";"DEL03-DF";"UOP02-DEL03-DF"
364546;2021-06-16;"quarta-feira";"19:40:00";"GO";414;375;"COCALZINHO DE GOIAS";"Conversão proibida";"Colisão transversal";"Com Vítimas Feridas";"Plena Noite";"Decrescente";"Céu Claro";"Dupla";"Reta";"Sim";10;0;2;0;3;5;2;2;-15,80962599;-48,78235438;"SPRF-GO";"DEL02-GO";"UOP01-DEL02-GO"
364547;2021-06-16;"quarta-feira";"16:45:00";"RN";101;107;"PARNAMIRIM";"Ingestão de álcool pelo condutor";"Colisão traseira";"Sem Vítimas";"Pleno dia";"Crescente";"Céu Claro";"Dupla";"Reta";"Sim";2;0;0;0;2;0;0;2;-5,91920796;-35,26412409;"SPRF-RN";"DEL01-RN";"UOP01-DEL01-RN"
364548;2021-05-31;"segunda-feira";"20:30:00";"PB";101;35;"MAMANGUAPE";"Ausência de reação do condutor";"Tombamento";"Com Vítimas Feridas";"Plena Noite";"Crescente";"Céu Claro";"Dupla";"Reta";"Não";3;0;1;1;0;1;2;2;-6,79401305;-35,13707183;"SPRF-PB";"DEL01-PB";"UOP04-DEL01-PB"
364549;2021-06-16;"quarta-feira";"19:15:00";"RJ";116;179;"NOVA IGUACU";"Condutor deixou de manter distância do veículo da frente";"Colisão lateral mesmo sentido";"Com Vítimas Feridas";"Plena Noite";"Decrescente";"Céu Claro";"Dupla";"Reta";"Sim";2;0;2;0;0;0;2;2;-22,769902;-43,408036;"SPRF-RJ";"DEL01-RJ";"UOP02-DEL01-RJ"
364550;2021-06-16;"quarta-feira";"19:15:00";"PR";376;98;"PARANAVAI";"Reação tardia ou ineficiente do condutor";"Saída de leito carroçável";"Com Vítimas Feridas";"Plena Noite";"Crescente";"Céu Claro";"Simples";"Reta";"Não";2;0;2;0;0;0;2;1;-23,02280298;-52,49397599;"SPRF-PR";"DEL09-PR";"UOP02-DEL09-PR"
364551;2021-06-16;"quarta-feira";"18:50:00";"AL";423;26;"CANAPI";"Transitar na contramão";"Queda de ocupante de veículo";"Com Vítimas Feridas";"Plena Noite";"Decrescente";"Ignorado";"Simples";"Rotatória";"Sim";1;0;0;1;0;0;1;1;-9,193462;-37,514824;"SPRF-AL";"DEL03-AL";"UOP02-DEL03-AL"
364558;2021-06-16;"quarta-feira";"19:30:00";"PR";277;589,9;"CASCAVEL";"Ingestão de álcool pelo condutor";"Tombamento";"Com Vítimas Feridas";"Plena Noite";"Decrescente";"Nublado";"Simples";"Reta";"Sim";1;0;1;0;0;0;1;1;-24,97777319;-53,44688591;"SPRF-PR";"DEL04-PR";"UOP01-DEL04-PR"
364559;2021-06-16;"quarta-feira";"20:20:00";"PR";369;88,1;"CORNELIO PROCOPIO";"Pista em desnível";"Queda de ocupante de veículo";"Com Vítimas Feridas";"Pleno dia";"Decrescente";"Vento";"Dupla";"Curva;Declive";"Não";2;0;2;0;0;0;2;1;-23,18285445;-50,63811064;"SPRF-PR";"DEL07-PR";"UOP01-DEL07-PR"
364561;2021-06-16;"quarta-feira";"18:25:00";"MG";116;491,5;"INHAPIM";"Ingestão de álcool e/ou substâncias psicoativas pelo pedestre";"Capotamento";"Com Vítimas Feridas";"Plena Noite";"Crescente";"Céu Claro";"Simples";"Reta;Aclive";"Não";5;0;1;0;4;0;1;1;-19,48334;-42,12988723;"SPRF-MG";"DEL06-MG";"UOP02-DEL06-MG"
364563;2021-06-16;"quarta-feira";"19:00:00";"RS";471;514,5;"RIO GRANDE";"Demais falhas mecânicas ou elétricas";"Incêndio";"Sem Vítimas";"Plena Noite";"Crescente";"Céu Claro";"Simples";"Reta";"Não";1;0;0;0;0;1;0;1;-32,502491;-52,572571;"SPRF-RS";"DEL07-RS";"UOP02-DEL07-RS"
364564;2021-05-20;"quinta-feira";"07:40:00";"MT";163;838;"SINOP";"Acesso irregular";"Colisão transversal";"Com Vítimas Feridas";"Pleno dia";"Crescente";"Céu Claro";"Dupla";"Interseção de Vias";"Sim";2;0;1;0;1;0;1;2;-11,960007;-55,516914;"SPRF-MT";"DEL06-MT";"NPF/DEL06-MT"
364566;2021-06-16;"quarta-feira";"22:05:00";"SP";153;62,1;"SAO JOSE DO RIO PRETO";"Objeto estático sobre o leito carroçável";"Tombamento";"Com Vítimas Feridas";"Plena Noite";"Crescente";"Céu Claro";"Dupla";"Reta";"Sim";3;0;1;0;2;0;1;2;-20,81325404;-49,35675563;"SPRF-SP";"DEL09-SP";"UOP01-DEL09-SP"
364567;2021-06-16;"quarta-feira";"19:00:00";"PR";116;152;"MANDIRITUBA";"Ausência de reação do condutor";"Colisão frontal";"Sem Vítimas";"Plena Noite";"Crescente";"Nublado";"Simples";"Reta";"Não";2;0;0;0;1;1;0;2;-25,83236296;-49,33609707;"SPRF-PR";"DEL01-PR";"UOP03-DEL01-PR"
364569;2021-06-16;"quarta-feira";"21:00:00";"SC";101;362,9;"SANGAO";"Manobra de mudança de faixa";"Colisão traseira";"Sem Vítimas";"Plena Noite";"Decrescente";"Nublado";"Dupla";"Aclive";"Não";2;0;0;0;1;1;0;2;-28,67136197;-49,12225505;"SPRF-SC";"DEL02-SC";"UOP01-DEL02-SC"
364571;2021-06-16;"quarta-feira";"22:00:00";"RJ";101;478;"ANGRA DOS REIS";"Ingestão de álcool e/ou substâncias psicoativas pelo pedestre";"Atropelamento de Pedestre";"Com Vítimas Feridas";"Plena Noite";"Crescente";"Chuva";"Simples";"Reta";"Sim";2;0;1;0;0;1;1;2;-23,00246527;-44,27270594;"SPRF-RJ";"DEL03-RJ";"UOP03-DEL03-RJ"
364574;2021-06-16;"quarta-feira";"22:00:00";"GO";153;504,2;"APARECIDA DE GOIANIA";"Acesso irregular";"Queda de ocupante de veículo";"Com Vítimas Feridas";"Plena Noite";"Crescente";"Céu Claro";"Simples";"Declive";"Sim";2;0;1;0;0;1;1;2;-16,7451;-49,2408;"SPRF-GO";"DEL01-GO";"UOP01-DEL01-GO"
364575;2021-05-21;"sexta-feira";"19:10:00";"RJ";40;121;"DUQUE DE CAXIAS";"Curva acentuada";"Colisão transversal";"Com Vítimas Feridas";"Plena Noite";"Crescente";"Céu Claro";"Múltipla";"Viaduto";"Sim";4;0;0;1;3;0;1;2;-22,78503478;-43,28563929;"SPRF-RJ";"DEL01-RJ";"UOP01-DEL01-RJ"
364576;2021-06-16;"quarta-feira";"23:05:00";"SE";101;87;"NOSSA SENHORA DO SOCORRO";"Ingestão de álcool pelo condutor";"Queda de ocupante de veículo";"Com Vítimas Feridas";"Plena Noite";"Decrescente";"Céu Claro";"Dupla";"Reta";"Não";1;0;1;0;0;0;1;1;-10,86174498;-37,13526579;"SPRF-SE";"DEL01-SE";"UOP01-DEL01-SE"
364578;2021-06-16;"quarta-feira";"10:30:00";"PA";10;343;"SANTA MARIA DO PARA";"Reação tardia ou ineficiente do condutor";"Queda de ocupante de veículo";"Com Vítimas Feridas";"Pleno dia";"Crescente";"Céu Claro";"Dupla";"Reta";"Não";2;0;2;0;0;0;2;1;-1,44169305;-47,54344611;"SPRF-PA";"DEL01-PA";"UOP02-DEL01-PA"
364582;2021-06-16;"quarta-feira";"23:55:00";"PR";277;72;"SAO JOSE DOS PINHAIS";"Ingestão de álcool pelo condutor";"Saída de leito carroçável";"Com Vítimas Feridas";"Plena Noite";"Decrescente";"Céu Claro";"Dupla";"Reta";"Sim";1;0;1;0;0;0;1;1;-25,52522628;-49,09755612;"SPRF-PR";"DEL01-PR";"UOP01-DEL01-PR"
364584;2021-06-17;"quinta-feira";"00:40:00";"SC";101;162,5;"TIJUCAS";"Desrespeitar a preferência no cruzamento";"Colisão transversal";"Com Vítimas Feridas";"Plena Noite";"Decrescente";"Nublado";"Múltipla";"Interseção de Vias";"Sim";2;0;1;0;1;0;1;2;-27,240303;-48,630445;"SPRF-SC";"DEL04-SC";"UOP03-DEL04-SC"
364585;2021-06-17;"quinta-feira";"00:20:00";"SC";282;480;"VARGEAO";"Reação tardia ou ineficiente do condutor";"Colisão traseira";"Sem Vítimas";"Plena Noite";"Crescente";"Céu Claro";"Simples";"Rotatória";"Não";2;0;0;0;2;0;0;2;-26,87790426;-52,18977928;"SPRF-SC";"DEL07-SC";"UOP01-DEL07-SC"
364586;2021-06-17;"quinta-feira";"01:03:00";"MG";153;239;"FRONTEIRA";"Pedestre andava na pista";"Atropelamento de Pedestre";"Com Vítimas Fatais";"Plena Noite";"Decrescente";"Céu Claro";"Simples";"Reta";"Não";2;1;0;0;0;1;0;2;-20,29847332;-49,20614844;"SPRF-MG";"DEL13-MG";"UOP02-DEL13-MG"
364587;2021-06-17;"quinta-feira";"01:50:00";"PR";277;588;"CASCAVEL";"Conversão proibida";"Colisão traseira";"Com Vítimas Feridas";"Plena Noite";"Crescente";"Céu Claro";"Simples";"Aclive";"Sim";2;0;2;0;0;0;2;2;-24,97369293;-53,43816604;"SPRF-PR";"DEL04-PR";"UOP01-DEL04-PR"
364590;2021-06-16;"quarta-feira";"16:35:00";"GO";60;169;"GOIANIA";"Condutor deixou de manter distância do veículo da frente";"Colisão traseira";"Sem Vítimas";"Pleno dia";"Decrescente";"Céu Claro";"Dupla";"Reta";"Sim";2;0;0;0;2;0;0;2;-16,7269;-49,3822;"SPRF-GO";"DEL01-GO";"UOP02-DEL01-GO"
364591;2021-06-17;"quinta-feira";"04:00:00";"BA";242;862;"BARREIRAS";"Ingestão de álcool pelo condutor";"Colisão frontal";"Com Vítimas Feridas";"Plena Noite";"Crescente";"Céu Claro";"Simples";"Reta";"Não";2;0;2;0;0;0;2;2;-12,09319938;-45,39731506;"SPRF-BA";"DEL10-BA";"UOP01-DEL10-BA"
364592;2021-06-16;"quarta-feira";"18:00:00";"RJ";40;113;"DUQUE DE CAXIAS";"Trafegar com motocicleta (ou similar) entre as faixas";"Tombamento";"Com Vítimas Feridas";"Plena Noite";"Decrescente";"Nublado";"Múltipla";"Reta";"Sim";1;0;1;0;0;0;1;1;-22,70948502;-43,29040354;"SPRF-RJ";"DEL01-RJ";"UOP01-DEL01-RJ"
364597;2021-06-17;"quinta-feira";"05:10:00";"RJ";40;29,7;"TRES RIOS";"Velocidade Incompatível";"Capotamento";"Com Vítimas Feridas";"Amanhecer";"Decrescente";"Nublado";"Dupla";"Curva";"Não";1;0;1;0;0;0;1;1;-22,17756692;-43,16802216;"SPRF-RJ";"DEL05-RJ";"UOP02-DEL05-RJ"
364598;2021-06-17;"quinta-feira";"06:25:00";"PE";101;42,8;"IGARASSU";"Frear bruscamente";"Capotamento";"Com Vítimas Feridas";"Amanhecer";"Decrescente";"Céu Claro";"Múltipla";"Reta";"Sim";2;0;1;0;1;0;1;2;-7,83887431;-34,91196739;"SPRF-PE";"DEL01-PE";"UOP02-DEL01-PE"
364599;2021-05-12;"quarta-feira";"11:15:00";"SC";101;194,9;"BIGUACU";"Condutor deixou de manter distância do veículo da frente";"Colisão traseira";"Com Vítimas Feridas";"Pleno dia";"Crescente";"Chuva";"Múltipla";"Reta";"Sim";2;0;1;0;1;0;1;2;-27,49815117;-48,65661236;"SPRF-SC";"DEL01-SC";"UOP01-DEL01-SC"
364600;2021-06-17;"quinta-feira";"06:50:00";"SC";101;151,4;"ITAPEMA";"Reação tardia ou ineficiente do condutor";"Colisão traseira";"Com Vítimas Feridas";"Pleno dia";"Crescente";"Garoa/Chuvisco";"Múltipla";"Reta";"Não";4;0;0;1;3;0;1;2;-27,126536;-48,609642;"SPRF-SC";"DEL04-SC";"UOP03-DEL04-SC"
364601;2021-06-17;"quinta-feira";"05:35:00";"MG";40;431;"PARAOPEBA";"Neblina";"Colisão traseira";"Com Vítimas Feridas";"Amanhecer";"Crescente";"Nevoeiro/Neblina";"Dupla";"Reta";"Não";2;0;0;1;1;0;1;2;-19,19728375;-44,47966179;"SPRF-MG";"DEL02-MG";"UOP01-DEL02-MG"
364603;2021-06-17;"quinta-feira";"07:12:00";"SC";101;208,1;"SAO JOSE";"Manobra de mudança de faixa";"Queda de ocupante de veículo";"Com Vítimas Feridas";"Pleno dia";"Decrescente";"Garoa/Chuvisco";"Múltipla";"Reta";"Sim";1;0;1;0;0;0;1;1;-27,60327979;-48,63201818;"SPRF-SC";"DEL01-SC";"UOP01-DEL01-SC"
364604;2021-06-17;"quinta-feira";"06:58:00";"BA";324;616;"SALVADOR";"Condutor deixou de manter distância do veículo da frente";"Colisão traseira";"Com Vítimas Feridas";"Pleno dia";"Decrescente";"Céu Claro";"Múltipla";"Reta";"Não";3;0;2;0;1;0;2;2;-12,87957905;-38,43213893;"SPRF-BA";"DEL01-BA";"UOP01-DEL01-BA"
364606;2021-06-17;"quinta-feira";"07:15:00";"GO";153;443,2;"ANAPOLIS";"Ausência de reação do condutor";"Colisão com objeto";"Com Vítimas Feridas";"Pleno dia";"Crescente";"Céu Claro";"Dupla";"Declive;Reta";"Sim";2;0;1;0;1;0;1;1;-16,345173;-48,925297;"SPRF-GO";"DEL02-GO";"UOP01-DEL02-GO"
364609;2021-06-16;"quarta-feira";"23:30:00";"MG";381;713,3;"CARMO DA CACHOEIRA";"Velocidade Incompatível";"Tombamento";"Sem Vítimas";"Plena Noite";"Crescente";"Céu Claro";"Dupla";"Curva";"Não";2;0;0;0;2;0;0;1;-21,40375992;-45,21090213;"SPRF-MG";"DEL04-MG";"UOP02-DEL04-MG"
364610;2021-06-17;"quinta-feira";"06:55:00";"PI";316;33,1;"DEMERVAL LOBAO";"Condutor deixou de manter distância do veículo da frente";"Colisão traseira";"Sem Vítimas";"Pleno dia";"Decrescente";"Nublado";"Simples";"Interseção de Vias";"Sim";3;0;0;0;3;0;0;2;-5,36335459;-42,6743657;"SPRF-PI";"DEL01-PI";"UOP02-DEL01-PI"
364611;2021-06-17;"quinta-feira";"07:40:00";"SP";116;286;"EMBU DAS ARTES";"Trafegar com motocicleta (ou similar) entre as faixas";"Colisão lateral mesmo sentido";"Com Vítimas Feridas";"Pleno dia";"Decrescente";"Garoa/Chuvisco";"Dupla";"Reta";"Sim";3;0;1;0;2;0;1;2;-23,70925128;-46,87588966;"SPRF-SP";"DEL04-SP";"UOP01-DEL04-SP"
364613;2021-06-17;"quinta-feira";"07:00:00";"SP";116;52,7;"LORENA";"Pista Escorregadia";"Tombamento";"Com Vítimas Feridas";"Pleno dia";"Decrescente";"Céu Claro";"Dupla";"Curva";"Não";2;0;1;0;1;0;1;1;-22,74708138;-45,09973038;"SPRF-SP";"DEL08-SP";"UOP02-DEL08-SP"
364614;2021-06-17;"quinta-feira";"08:00:00";"RJ";101;61;"CAMPOS DOS GOYTACAZES";"Acessar a via sem observar a presença dos outros veículos";"Colisão transversal";"Com Vítimas Feridas";"Pleno dia";"Crescente";"Céu Claro";"Simples";"Retorno Regulamentado";"Sim";2;0;1;1;0;0;2;2;-21,72655788;-41,32133519;"SPRF-RJ";"DEL08-RJ";"UOP01-DEL08-RJ"
364616;2021-06-17;"quinta-feira";"08:05:00";"SC";101;208,9;"SAO JOSE";"Reação tardia ou ineficiente do condutor";"Tombamento";"Com Vítimas Feridas";"Pleno dia";"Crescente";"Nublado";"Múltipla";"Reta";"Sim";1;0;1;0;0;0;1;1;-27,60327979;-48,63201818;"SPRF-SC";"DEL01-SC";"UOP01-DEL01-SC"
364617;2021-06-17;"quinta-feira";"08:00:00";"MG";381;361;"JOAO MONLEVADE";"Acessar a via sem observar a presença dos outros veículos";"Colisão transversal";"Com Vítimas Feridas";"Pleno dia";"Decrescente";"Céu Claro";"Simples";"Reta;Aclive";"Sim";2;0;1;0;1;0;1;2;-19,85881293;-43,234108;"SPRF-MG";"DEL03-MG";"UOP01-DEL03-MG"
364619;2021-05-15;"sábado";"14:00:00";"PR";476;141;"CURITIBA";"Acessar a via sem observar a presença dos outros veículos";"Colisão transversal";"Com Vítimas Feridas";"Pleno dia";"Crescente";"Céu Claro";"Dupla";"Interseção de Vias";"Sim";5;0;4;0;1;0;4;2;-25,528614;-49,298798;"SPRF-PR";"DEL01-PR";"UOP03-DEL01-PR"
364620;2021-06-17;"quinta-feira";"08:20:00";"RN";405;50,2;"GOVERNADOR DIX-SEPT ROSADO";"Desrespeitar a preferência no cruzamento";"Colisão transversal";"Com Vítimas Fatais";"Pleno dia";"Crescente";"Céu Claro";"Simples";"Reta";"Não";4;1;0;0;2;1;0;3;-5,45989385;-37,67511621;"SPRF-RN";"DEL04-RN";"UOP02-DEL04-RN"
364622;2021-06-17;"quinta-feira";"08:00:00";"ES";101;268,5;"SERRA";"Trafegar com motocicleta (ou similar) entre as faixas";"Colisão lateral mesmo sentido";"Com Vítimas Feridas";"Pleno dia";"Crescente";"Céu Claro";"Simples";"Reta";"Sim";2;0;1;0;1;0;1;2;-20,20842;-40,269405;"SPRF-ES";"DEL02-ES";"UOP01-DEL02-ES"
364625;2021-06-17;"quinta-feira";"07:20:00";"RO";364;235,7;"CACOAL";"Desrespeitar a preferência no cruzamento";"Colisão transversal";"Com Vítimas Feridas";"Pleno dia";"Crescente";"Céu Claro";"Simples";"Interseção de Vias";"Sim";2;0;1;0;1;0;1;2;-11,4506169;-61,4302469;"SPRF-RO";"DEL02-RO";"UOP02-DEL02-RO"
364628;2021-06-17;"quinta-feira";"09:30:00";"RN";101;93,6;"NATAL";"Condutor deixou de manter distância do veículo da frente";"Colisão traseira";"Sem Vítimas";"Pleno dia";"Decrescente";"Céu Claro";"Dupla";"Reta";"Sim";2;0;0;0;2;0;0;2;-5,82309126;-35,20879637;"SPRF-RN";"DEL01-RN";"UOP01-DEL01-RN"
364629;2021-05-09;"domingo";"17:17:00";"MT";70;316;"DOM AQUINO";"Acostamento em desnível";"Colisão frontal";"Com Vítimas Feridas";"Anoitecer";"Crescente";"Céu Claro";"Simples";"Reta";"Não";7;0;0;7;0;0;7;2;-15,52249813;-54,62093353;"SPRF-MT";"DEL05-MT";"UOP01-DEL05-MT"
364632;2021-05-31;"segunda-feira";"06:20:00";"SC";280;37;"GUARAMIRIM";"Condutor Dormindo";"Colisão transversal";"Com Vítimas Feridas";"Pleno dia";"Crescente";"Céu Claro";"Simples";"Curva";"Não";2;0;0;2;0;0;2;2;-26,44572892;-48,81862707;"SPRF-SC";"DEL03-SC";"UOP03-DEL03-SC"
364634;2021-06-17;"quinta-feira";"09:45:00";"PR";277;84;"CURITIBA";"Reação tardia ou ineficiente do condutor";"Colisão lateral mesmo sentido";"Sem Vítimas";"Pleno dia";"Crescente";"Céu Claro";"Dupla";"Viaduto;Curva";"Sim";2;0;0;0;1;1;0;2;-25,568939;-49,181978;"SPRF-PR";"DEL01-PR";"UOP01-DEL01-PR"
364636;2021-06-17;"quinta-feira";"08:40:00";"GO";60;28,4;"ALEXANIA";"Falta de elemento de contenção que evite a saída do leito carroçável";"Saída de leito carroçável";"Com Vítimas Feridas";"Pleno dia";"Decrescente";"Céu Claro";"Dupla";"Reta;Declive";"Não";1;0;1;0;0;0;1;1;-16,0963;-48,5202;"SPRF-DF";"DEL03-DF";"UOP01-DEL03-DF"
364637;2021-06-17;"quinta-feira";"09:45:00";"PB";101;72,9;"SANTA RITA";"Avarias e/ou desgaste excessivo no pneu";"Tombamento";"Com Vítimas Feridas";"Pleno dia";"Crescente";"Céu Claro";"Dupla";"Reta";"Não";2;0;2;0;0;0;2;1;-7,07320663;-34,99569975;"SPRF-PB";"DEL01-PB";"UOP04-DEL01-PB"
364639;2021-05-20;"quinta-feira";"14:15:00";"PR";476;196;"LAPA";"Acessar a via sem observar a presença dos outros veículos";"Colisão transversal";"Com Vítimas Feridas";"Pleno dia";"Decrescente";"Sol";"Simples";"Reta";"Sim";2;0;0;1;1;0;1;2;-25,753437;-49,725754;"SPRF-PR";"DEL02-PR";"UOP04-DEL02-PR"
364641;2021-06-17;"quinta-feira";"10:25:00";"MG";40;718,2;"BARBACENA";"Velocidade Incompatível";"Colisão com objeto";"Com Vítimas Feridas";"Pleno dia";"Decrescente";"Céu Claro";"Dupla";"Curva";"Não";1;0;1;0;0;0;1;1;-21,28875643;-43,64192247;"SPRF-MG";"DEL05-MG";"UOP01-DEL05-MG"
364643;2021-03-21;"domingo";"09:20:00";"MT";364;345;"SANTO ANTONIO DO LEVERGER";"Velocidade Incompatível";"Queda de ocupante de veículo";"Com Vítimas Feridas";"Pleno dia";"Decrescente";"Sol";"Dupla";"Curva";"Não";1;0;1;0;0;0;1;1;-15,81787097;-55,53388099;"SPRF-MT";"DEL05-MT";"UOP02-DEL05-MT"
364644;2021-06-17;"quinta-feira";"11:10:00";"RN";101;96,8;"NATAL";"Acessar a via sem observar a presença dos outros veículos";"Colisão traseira";"Com Vítimas Feridas";"Pleno dia";"Crescente";"Céu Claro";"Múltipla";"Reta";"Sim";2;0;1;0;1;0;1;2;-5,8534328;-35,21123528;"SPRF-RN";"DEL01-RN";"UOP01-DEL01-RN"
364645;2021-05-04;"terça-feira";"08:30:00";"BA";101;243;"CONCEICAO DO ALMEIDA";"Pista Escorregadia";"Colisão traseira";"Com Vítimas Feridas";"Pleno dia";"Crescente";"Chuva";"Simples";"Reta";"Não";5;0;3;0;2;0;3;2;-12,79897;-39,19305;"SPRF-BA";"DEL01-BA";"UOP02-DEL01-BA"
364646;2021-06-17;"quinta-feira";"10:00:00";"RO";364;12,2;"VILHENA";"Desrespeitar a preferência no cruzamento";"Colisão transversal";"Com Vítimas Feridas";"Pleno dia";"Decrescente";"Céu Claro";"Simples";"Interseção de Vias";"Sim";3;0;1;0;2;0;1;3;-12,74400022;-60,12366772;"SPRF-RO";"DEL04-RO";"UOP01-DEL04-RO"
364647;2021-06-17;"quinta-feira";"11:20:00";"SC";282;5,5;"SAO JOSE";"Reação tardia ou ineficiente do condutor";"Colisão lateral mesmo sentido";"Com Vítimas Feridas";"Pleno dia";"Decrescente";"Nublado";"Múltipla";"Reta";"Sim";2;0;1;0;1;0;1;2;-27,588425;-48,612919;"SPRF-SC";"DEL01-SC";"UOP01-DEL01-SC"
364652;2021-06-17;"quinta-feira";"12:30:00";"RS";470;186;"VERANOPOLIS";"Acessar a via sem observar a presença dos outros veículos";"Colisão transversal";"Com Vítimas Feridas";"Pleno dia";"Decrescente";"Nublado";"Dupla";"Reta";"Não";3;0;1;0;2;0;1;2;-29,00634714;-51,54974121;"SPRF-RS";"DEL06-RS";"UOP02-DEL06-RS"
364653;2021-06-17;"quinta-feira";"07:50:00";"MA";222;668;"ACAILANDIA";"Condutor Dormindo";"Saída de leito carroçável";"Com Vítimas Feridas";"Pleno dia";"Decrescente";"Céu Claro";"Simples";"Declive";"Sim";2;0;2;0;0;0;2;1;-4,90710878;-47,40740013;"SPRF-MA";"DEL04-MA";"UOP03-DEL04-MA"
364658;2021-06-17;"quinta-feira";"13:10:00";"SC";101;213;"PALHOCA";"Acessar a via sem observar a presença dos outros veículos";"Colisão transversal";"Com Vítimas Feridas";"Pleno dia";"Crescente";"Nublado";"Dupla";"Viaduto";"Sim";2;0;1;0;1;0;1;2;-27,63697369;-48,66514142;"SPRF-SC";"DEL01-SC";"UOP02-DEL01-SC"
364659;2021-06-17;"quinta-feira";"07:58:00";"MS";262;356,1;"CAMPO GRANDE";"Problema com o freio";"Colisão transversal";"Com Vítimas Feridas";"Pleno dia";"Decrescente";"Nublado";"Simples";"Rotatória";"Não";2;0;1;0;1;0;1;2;-20,54745913;-54,68046404;"SPRF-MS";"DEL01-MS";"UOP03-DEL01-MS"
364662;2021-06-17;"quinta-feira";"13:05:00";"ES";101;67,5;"SAO MATEUS";"Condutor deixou de manter distância do veículo da frente";"Colisão traseira";"Com Vítimas Feridas";"Pleno dia";"Crescente";"Céu Claro";"Dupla";"Reta";"Sim";2;0;1;0;1;0;1;2;-18,72054021;-39,8658931;"SPRF-ES";"DEL04-ES";"UOP02-DEL04-ES"
364663;2021-06-17;"quinta-feira";"13:25:00";"SP";116;209,9;"GUARULHOS";"Ultrapassagem Indevida";"Colisão lateral mesmo sentido";"Com Vítimas Feridas";"Pleno dia";"Crescente";"Céu Claro";"Dupla";"Reta";"Sim";2;0;1;0;1;0;1;2;-23,42511799;-46,40221101;"SPRF-SP";"DEL01-SP";"UOP01-DEL01-SP"
364664;2021-06-17;"quinta-feira";"13:40:00";"PR";277;452;"LARANJEIRAS DO SUL";"Acessar a via sem observar a presença dos outros veículos";"Colisão transversal";"Sem Vítimas";"Pleno dia";"Crescente";"Céu Claro";"Simples";"Interseção de Vias;Reta";"Sim";2;0;0;0;2;0;0;2;-25,37059917;-52,36924101;"SPRF-PR";"DEL04-PR";"UOP02-DEL04-PR"
364666;2021-02-08;"segunda-feira";"15:20:00";"MG";365;615;"UBERLANDIA";"Ausência de reação do condutor";"Colisão traseira";"Com Vítimas Feridas";"Pleno dia";"Decrescente";"Céu Claro";"Simples";"Curva";"Sim";2;0;0;1;1;0;1;2;-18,90965167;-48,22447842;"SPRF-MG";"DEL15-MG";"UOP01-DEL15-MG"
364667;2021-06-17;"quinta-feira";"11:50:00";"AC";364;136;"RIO BRANCO";"Reação tardia ou ineficiente do condutor";"Colisão traseira";"Com Vítimas Feridas";"Pleno dia";"Crescente";"Céu Claro";"Dupla";"Rotatória";"Sim";2;0;1;0;1;0;1;2;-9,977578;-67,8489;"SPRF-AC";"DEL01-AC";"UOP01-DEL01-AC"