"id";"data_inversa";"dia_semana";"horario";"uf";"br";"km";"municipio";"causa_acidente";"tipo_acidente";"classificacao_acidente";"fase_dia";"sentido_via";"condicao_metereologica";"tipo_pista";"tracado_via";"uso_solo";"pessoas";"mortos";"feridos_leves";"feridos_graves";"ilesos";"ignorados";"feridos";"veiculos";"latitude";"longitude";"regional";"delegacia";"uop"
364669;2021-06-17;"quinta-feira";"13:15:00";"RS";470;153;"NOVA PRATA";"Acessar a via sem observar a presença dos outros veículos";"Colisão transversal";"Sem Vítimas";"Pleno dia";"Decrescente";"Céu Claro";"Simples";"Interseção de Vias;Reta";"Não";2;0;0;0;2;0;0;2;-28,77133;-51,61788;"SPRF-RS";"DEL06-RS";"UOP02-DEL06-RS"
364670;2021-06-01;"terça-feira";"16:40:00";"MG";116;531,5;"CARATINGA";"Velocidade Incompatível";"Colisão traseira";"Com Vítimas Feridas";"Pleno dia";"Decrescente";"Nublado";"Simples";"Reta";"Não";3;0;3;0;0;0;3;2;-19,81937899;-42,13692704;"SPRF-MG";"DEL06-MG";"UOP02-DEL06-MG"
364671;2021-06-17;"quinta-feira";"13:50:00";"AP";210;0;"MACAPA";"Acessar a via sem observar a presença dos outros veículos";"Colisão transversal";"Com Vítimas Feridas";"Pleno dia";"Crescente";"Céu Claro";"Dupla";"Reta";"Sim";2;0;1;0;1;0;1;2;0,07780012;-51,06097;"SPRF-AP";"DEL01-AP";"UOP01-DEL01-AP"
364673;2021-06-17;"quinta-feira";"14:15:00";"GO";40;9,8;"LUZIANIA";"Condutor deixou de manter distância do veículo da frente";"Colisão traseira";"Com Vítimas Feridas";"Pleno dia";"Crescente";"Céu Claro";"Dupla";"Reta";"Sim";2;0;1;0;0;1;1;2;-16,131158;-47,957739;"SPRF-DF";"DEL01-DF";"UOP01-DEL01-DF"
364675;2021-06-09;"quarta-feira";"07:40:00";"GO";153;500;"GOIANIA";"Condutor deixou de manter distância do veículo da frente";"Colisão traseira";"Com Vítimas Feridas";"Pleno dia";"Crescente";"Céu Claro";"Dupla";"Reta";"Sim";4;0;1;0;3;0;1;4;-16,7118;-49,2324;"SPRF-GO";"DEL01-GO";"UOP01-DEL01-GO"
364677;2021-06-17;"quinta-feira";"14:15:00";"RS";158;327;"SANTA MARIA";"Reação tardia ou ineficiente do condutor";"Colisão transversal";"Com Vítimas Feridas";"Pleno dia";"Decrescente";"Céu Claro";"Simples";"Reta";"Sim";2;0;0;1;1;0;1;2;-29,71041527;-53,82092899;"SPRF-RS";"DEL09-RS";"UOP01-DEL09-RS"
364678;2021-06-17;"quinta-feira";"12:30:00";"MG";40;524;"CONTAGEM";"Ingestão de álcool pelo condutor";"Colisão com objeto";"Sem Vítimas";"Pleno dia";"Decrescente";"Céu Claro";"Dupla";"Curva";"Sim";1;0;0;0;1;0;0;1;-19,877964;-44,051661;"SPRF-MG";"DEL01-MG";"UOP02-DEL01-MG"
364679;2021-06-17;"quinta-feira";"13:05:00";"RR";174;502;"BOA VISTA";"Velocidade Incompatível";"Colisão traseira";"Com Vítimas Feridas";"Pleno dia";"Crescente";"Céu Claro";"Dupla";"Reta";"Sim";3;0;1;0;2;0;1;3;2,787376;-60,699524;"SPRF-RR";"DEL01-RR";"UOP01-DEL01-RR"
364680;2021-06-16;"quarta-feira";"09:25:00";"SC";470;43;"BLUMENAU";"Velocidade Incompatível";"Engavetamento";"Sem Vítimas";"Pleno dia";"Decrescente";"Nublado";"Simples";"Aclive";"Não";4;0;0;0;4;0;0;4;-26,874519;-49,013454;"SPRF-SC";"DEL04-SC";"UOP01-DEL04-SC"
364681;2021-06-17;"quinta-feira";"14:10:00";"SP";116;146;"SAO JOSE DOS CAMPOS";"Ausência de reação do condutor";"Tombamento";"Com Vítimas Feridas";"Pleno dia";"Crescente";"Sol";"Múltipla";"Declive";"Sim";2;0;1;0;0;1;1;2;-23,19122919;-45,86327591;"SPRF-SP";"DEL02-SP";"UOP01-DEL02-SP"
364682;2021-06-17;"quinta-feira";"13:00:00";"GO";60;131;"GOIANIA";"Condutor usando celular";"Colisão frontal";"Com Vítimas Feridas";"Pleno dia";"Crescente";"Céu Claro";"Dupla";"Aclive";"Não";2;0;1;0;1;0;1;1;-16,5754;-49,1602;"SPRF-GO";"DEL01-GO";"UOP01-DEL01-GO"
364683;2021-06-17;"quinta-feira";"14:45:00";"BA";101;217;"CRUZ DAS ALMAS";"Acessar a via sem observar a presença dos outros veículos";"Colisão transversal";"Com Vítimas Fatais";"Pleno dia";"Decrescente";"Sol";"Simples";"Interseção de Vias";"Não";3;1;0;0;2;0;0;2;-12,64932234;-39,11815904;"SPRF-BA";"DEL01-BA";"UOP02-DEL01-BA"
364684;2021-06-17;"quinta-feira";"14:40:00";"PB";412;16,9;"BOA VISTA";"Reação tardia ou ineficiente do condutor";"Saída de leito carroçável";"Com Vítimas Feridas";"Pleno dia";"Decrescente";"Sol";"Simples";"Reta";"Não";1;0;1;0;0;0;1;1;-7,24804681;-36,21437073;"SPRF-PB";"DEL02-PB";"UOP02-DEL02-PB"
364685;2021-06-17;"quinta-feira";"13:45:00";"AC";364;31;"ACRELANDIA";"Acessar a via sem observar a presença dos outros veículos";"Colisão transversal";"Com Vítimas Fatais";"Pleno dia";"Crescente";"Céu Claro";"Simples";"Declive";"Não";2;1;0;0;1;0;0;2;-9,93817553;-67,01453399;"SPRF-AC";"DEL01-AC";"UOP01-DEL01-AC"
364687;2021-06-17;"quinta-feira";"13:30:00";"RS";468;12;"PALMEIRA DAS MISSOES";"Problema com o freio";"Saída de leito carroçável";"Com Vítimas Feridas";"Pleno dia";"Crescente";"Céu Claro";"Simples";"Reta";"Não";1;0;1;0;0;0;1;1;-27,83356465;-53,4092468;"SPRF-RS";"DEL08-RS";"UOP01-DEL08-RS"
364688;2021-06-17;"quinta-feira";"15:00:00";"MG";116;527,8;"CARATINGA";"Mal súbito do condutor";"Queda de ocupante de veículo";"Com Vítimas Feridas";"Pleno dia";"Decrescente";"Céu Claro";"Dupla";"Retorno Regulamentado";"Não";1;0;1;0;0;0;1;1;-19,78510701;-42,13445297;"SPRF-MG";"DEL06-MG";"UOP02-DEL06-MG"
364691;2021-06-17;"quinta-feira";"15:45:00";"SP";153;9,6;"ICEM";"Demais falhas mecânicas ou elétricas";"Tombamento";"Com Vítimas Feridas";"Pleno dia";"Crescente";"Céu Claro";"Simples";"Reta";"Não";2;0;2;0;0;0;2;1;-20,38030491;-49,23107915;"SPRF-SP";"DEL09-SP";"UOP01-DEL09-SP"
364692;2021-06-17;"quinta-feira";"15:25:00";"RS";470;224;"GARIBALDI";"Acessar a via sem observar a presença dos outros veículos";"Colisão transversal";"Com Vítimas Feridas";"Pleno dia";"Crescente";"Céu Claro";"Simples";"Retorno Regulamentado;Reta";"Não";3;0;0;1;2;0;1;2;-29,21351804;-51,51780626;"SPRF-RS";"DEL06-RS";"UOP01-DEL06-RS"
364695;2021-06-17;"quinta-feira";"15:30:00";"SC";101;216;"PALHOCA";"Ingestão de álcool pelo condutor";"Colisão traseira";"Com Vítimas Feridas";"Pleno dia";"Crescente";"Nublado";"Dupla";"Reta";"Sim";2;0;1;0;1;0;1;2;-27,65981409;-48,67747798;"SPRF-SC";"DEL01-SC";"UOP02-DEL01-SC"
364697;2021-06-17;"quinta-feira";"15:50:00";"PR";373;175,6;"PONTA GROSSA";"Velocidade Incompatível";"Colisão lateral mesmo sentido";"Com Vítimas Feridas";"Pleno dia";"Crescente";"Sol";"Dupla";"Curva";"Sim";5;0;2;0;3;0;2;3;-25,06728094;-50,21211882;"SPRF-PR";"DEL03-PR";"UOP01-DEL03-PR"
364698;2021-06-17;"quinta-feira";"16:30:00";"PE";232;7,5;"RECIFE";"Manobra de mudança de faixa";"Colisão lateral mesmo sentido";"Com Vítimas Feridas";"Pleno dia";"Decrescente";"Nublado";"Dupla";"Reta";"Sim";2;0;1;1;0;0;2;2;-8,074924;-34,966386;"SPRF-PE";"DEL01-PE";"UOP01-DEL01-PE"
364699;2021-06-17;"quinta-feira";"17:00:00";"RJ";101;66;"CAMPOS DOS GOYTACAZES";"Acessar a via sem observar a presença dos outros veículos";"Colisão transversal";"Com Vítimas Feridas";"Anoitecer";"Decrescente";"Chuva";"Simples";"Reta";"Sim";2;0;2;0;0;0;2;2;-21,76090387;-41,34788959;"SPRF-RJ";"DEL08-RJ";"UOP02-DEL08-RJ"
364700;2021-06-17;"quinta-feira";"17:20:00";"MG";381;509;"SAO JOAQUIM DE BICAS";"Demais falhas mecânicas ou elétricas";"Queda de ocupante de veículo";"Com Vítimas Feridas";"Plena Noite";"Crescente";"Céu Claro";"Múltipla";"Reta";"Sim";1;0;1;0;0;0;1;1;-19,9965583;-44,2090462;"SPRF-MG";"DEL01-MG";"UOP03-DEL01-MG"
364701;2021-06-17;"quinta-feira";"16:10:00";"MT";174;1;"PONTES E LACERDA";"Reação tardia ou ineficiente do condutor";"Colisão lateral mesmo sentido";"Com Vítimas Feridas";"Pleno dia";"Decrescente";"Céu Claro";"Simples";"Reta";"Sim";3;0;1;0;2;0;1;2;-15,24475035;-59,31629062;"SPRF-MT";"DEL04-MT";"UOP01-DEL04-MT"
364703;2021-06-17;"quinta-feira";"07:50:00";"RJ";101;296;"ITABORAI";"Ingestão de álcool pelo condutor";"Saída de leito carroçável";"Sem Vítimas";"Pleno dia";"Decrescente";"Chuva";"Dupla";"Curva";"Sim";1;0;0;0;1;0;0;1;-22,7670498;-42,91019601;"SPRF-RJ";"DEL02-RJ";"UOP02-DEL02-RJ"
364705;2021-06-17;"quinta-feira";"17:00:00";"SC";101;204;"SAO JOSE";"Manobra de mudança de faixa";"Colisão traseira";"Com Vítimas Feridas";"Anoitecer";"Decrescente";"Garoa/Chuvisco";"Múltipla";"Reta";"Sim";3;0;1;1;1;0;2;2;-27,57413014;-48,61363083;"SPRF-SC";"DEL01-SC";"UOP01-DEL01-SC"
364710;2021-06-17;"quinta-feira";"18:05:00";"MG";116;704,1;"MURIAE";"Manobra de mudança de faixa";"Colisão frontal";"Com Vítimas Feridas";"Anoitecer";"Crescente";"Céu Claro";"Simples";"Curva";"Sim";3;0;1;1;1;0;2;3;-21,12247525;-42,37990022;"SPRF-MG";"DEL07-MG";"UOP02-DEL07-MG"
364711;2021-06-17;"quinta-feira";"17:45:00";"SC";101;149;"ITAPEMA";"Ingestão de álcool pelo condutor";"Tombamento";"Com Vítimas Feridas";"Anoitecer";"Crescente";"Nublado";"Múltipla";"Interseção de Vias";"Sim";2;0;1;0;1;0;1;2;-27,1089649;-48,61277586;"SPRF-SC";"DEL04-SC";"UOP03-DEL04-SC"
364714;2021-06-13;"domingo";"09:00:00";"CE";222;11,5;"CAUCAIA";"Transitar na contramão";"Colisão frontal";"Com Vítimas Feridas";"Pleno dia";"Crescente";"Céu Claro";"Dupla";"Curva";"Não";3;0;2;0;1;0;2;2;-3,76497584;-38,66800189;"SPRF-CE";"DEL01-CE";"UOP01-DEL01-CE"
364719;2021-06-17;"quinta-feira";"18:25:00";"PE";408;100,1;"SAO LOURENCO DA MATA";"Reação tardia ou ineficiente do condutor";"Saída de leito carroçável";"Com Vítimas Feridas";"Plena Noite";"Decrescente";"Nublado";"Dupla";"Reta;Declive";"Sim";1;0;0;1;0;0;1;1;-8,04364056;-35,01674995;"SPRF-PE";"DEL01-PE";"UOP01-DEL01-PE"
364721;2021-06-17;"quinta-feira";"18:10:00";"RS";290;94;"PORTO ALEGRE";"Pedestre andava na pista";"Atropelamento de Pedestre";"Com Vítimas Fatais";"Plena Noite";"Crescente";"Nublado";"Múltipla";"Reta";"Sim";2;1;0;0;1;0;0;2;-29,973856;-51,197853;"SPRF-RS";"DEL01-RS";"UOP01-DEL01-RS"
364723;2021-06-17;"quinta-feira";"17:26:00";"RO";364;10,3;"VILHENA";"Desrespeitar a preferência no cruzamento";"Colisão transversal";"Com Vítimas Feridas";"Anoitecer";"Crescente";"Céu Claro";"Simples";"Interseção de Vias";"Sim";2;0;0;1;1;0;1;2;-12,75224614;-60,1061368;"SPRF-RO";"DEL04-RO";"UOP01-DEL04-RO"
364724;2021-06-17;"quinta-feira";"17:20:00";"MT";174;396,4;"NOVA LACERDA";"Reação tardia ou ineficiente do condutor";"Colisão traseira";"Sem Vítimas";"Anoitecer";"Decrescente";"Céu Claro";"Simples";"Reta";"Não";2;0;0;0;2;0;0;2;-14,4180929;-59,60775682;"SPRF-MT";"DEL04-MT";"UOP01-DEL04-MT"
364725;2021-06-17;"quinta-feira";"18:50:00";"PI";316;288;"DOM EXPEDITO LOPES";"Animais na Pista";"Atropelamento de Animal";"Com Vítimas Feridas";"Plena Noite";"Decrescente";"Céu Claro";"Simples";"Reta";"Não";1;0;1;0;0;0;1;1;-6,98459811;-41,63276312;"SPRF-PI";"DEL04-PI";"UOP01-DEL04-PI"
364727;2021-06-17;"quinta-feira";"19:00:00";"SP";381;10;"VARGEM";"Animais na Pista";"Tombamento";"Com Vítimas Feridas";"Plena Noite";"Decrescente";"Céu Claro";"Dupla";"Reta";"Não";1;0;1;0;0;0;1;1;-22,92240388;-46,44345503;"SPRF-SP";"DEL03-SP";"UOP01-DEL03-SP"
364728;2021-06-17;"quinta-feira";"18:50:00";"SP";116;312;"SAO LOURENCO DA SERRA";"Ingestão de álcool pelo condutor";"Colisão com objeto";"Sem Vítimas";"Plena Noite";"Crescente";"Nublado";"Dupla";"Reta";"Sim";1;0;0;0;0;1;0;1;-23,88342825;-46,97368879;"SPRF-SP";"DEL04-SP";"UOP01-DEL04-SP"
364730;2021-06-17;"quinta-feira";"19:00:00";"SP";116;270;"TABOAO DA SERRA";"Ausência de reação do condutor";"Queda de ocupante de veículo";"Com Vítimas Feridas";"Plena Noite";"Crescente";"Garoa/Chuvisco";"Múltipla";"Reta";"Não";1;0;1;0;0;0;1;1;-23,61799728;-46,79677694;"SPRF-SP";"DEL04-SP";"UOP01-DEL04-SP"
364732;2021-06-17;"quinta-feira";"19:20:00";"PR";369;140;"IBIPORA";"Ausência de reação do condutor";"Colisão com objeto";"Com Vítimas Feridas";"Plena Noite";"Crescente";"Céu Claro";"Dupla";"Em Obras;Declive;Reta";"Sim";1;0;1;0;0;0;1;1;-23,28512457;-51,07380331;"SPRF-PR";"DEL07-PR";"UOP01-DEL07-PR"
364734;2021-06-16;"quarta-feira";"08:00:00";"PI";316;310;"PICOS";"Reação tardia ou ineficiente do condutor";"Colisão com objeto";"Sem Vítimas";"Pleno dia";"Crescente";"Céu Claro";"Simples";"Reta";"Sim";1;0;0;0;1;0;0;1;-7,07639186;-41,47475001;"SPRF-PI";"DEL04-PI";"UOP01-DEL04-PI"
364736;2021-06-17;"quinta-feira";"19:40:00";"SP";116;279,8;"EMBU DAS ARTES";"Reação tardia ou ineficiente do condutor";"Queda de ocupante de veículo";"Com Vítimas Feridas";"Plena Noite";"Crescente";"Nublado";"Dupla";"Reta";"Sim";1;0;1;0;0;0;1;1;-23,66233697;-46,85292907;"SPRF-SP";"DEL04-SP";"UOP01-DEL04-SP"
364738;2021-06-13;"domingo";"15:20:00";"MG";381;367,9;"SAO GONCALO DO RIO ABAIXO";"Transitar na contramão";"Tombamento";"Com Vítimas Feridas";"Pleno dia";"Decrescente";"Nublado";"Simples";"Curva";"Não";1;0;0;1;0;0;1;1;-19,84959351;-43,27455396;"SPRF-MG";"DEL03-MG";"UOP01-DEL03-MG"
364739;2021-06-17;"quinta-feira";"19:00:00";"AL";316;256;"PILAR";"Falta de elemento de contenção que evite a saída do leito carroçável";"Colisão com objeto";"Com Vítimas Feridas";"Plena Noite";"Crescente";"Céu Claro";"Simples";"Reta";"Não";1;0;1;0;0;0;1;1;-9,59085179;-35,94104899;"SPRF-AL";"DEL02-AL";"UOP01-DEL02-AL"
364740;2021-06-17;"quinta-feira";"20:15:00";"RJ";493;52;"DUQUE DE CAXIAS";"Acumulo de água sobre o pavimento";"Colisão com objeto";"Com Vítimas Feridas";"Plena Noite";"Crescente";"Chuva";"Dupla";"Reta";"Não";2;0;1;0;1;0;1;1;-22,672089;-43,285053;"SPRF-RJ";"DEL01-RJ";"UOP01-DEL01-RJ"
364741;2021-06-17;"quinta-feira";"20:40:00";"RJ";493;52;"DUQUE DE CAXIAS";"Ingestão de álcool pelo condutor";"Colisão transversal";"Com Vítimas Feridas";"Plena Noite";"Crescente";"Chuva";"Dupla";"Reta";"Não";2;0;1;0;1;0;1;2;-22,66822979;-43,31433004;"SPRF-RJ";"DEL01-RJ";"UOP01-DEL01-RJ"
364746;2021-06-17;"quinta-feira";"21:45:00";"PE";232;78,8;"GRAVATA";"Ausência de reação do condutor";"Colisão lateral mesmo sentido";"Com Vítimas Feridas";"Plena Noite";"Decrescente";"Céu Claro";"Simples";"Reta";"Sim";2;0;0;1;1;0;1;2;-8,19343658;-35,55186505;"SPRF-PE";"DEL02-PE";"UOP02-DEL02PE"
364748;2021-05-26;"quarta-feira";"13:00:00";"RJ";116;177;"NOVA IGUACU";"Manobra de mudança de faixa";"Colisão lateral mesmo sentido";"Com Vítimas Feridas";"Pleno dia";"Crescente";"Céu Claro";"Múltipla";"Reta";"Sim";3;0;1;0;1;1;1;3;-22,7805519832;-43,392085993;"SPRF-RJ";"DEL01-RJ";"UOP02-DEL01-RJ"
364753;2021-06-17;"quinta-feira";"17:30:00";"MS";163;28;"MUNDO NOVO";"Reação tardia ou ineficiente do condutor";"Colisão com objeto";"Com Vítimas Feridas";"Plena Noite";"Decrescente";"Céu Claro";"Simples";"Reta";"Não";1;0;1;0;0;0;1;1;-23,86525154;-54,32992638;"SPRF-MS";"DEL09-MS";"UOP02-DEL09-MS"
364754;2021-06-17;"quinta-feira";"21:50:00";"ES";101;66;"SAO MATEUS";"Condutor deixou de manter distância do veículo da frente";"Colisão lateral mesmo sentido";"Com Vítimas Feridas";"Plena Noite";"Decrescente";"Céu Claro";"Dupla";"Reta";"Sim";2;0;0;1;0;1;1;2;-18,7165195;-39,87436378;"SPRF-ES";"DEL04-ES";"UOP02-DEL04-ES"
364756;2021-06-17;"quinta-feira";"22:20:00";"GO";60;172,3;"GOIANIA";"Velocidade Incompatível";"Capotamento";"Sem Vítimas";"Plena Noite";"Decrescente";"Céu Claro";"Dupla";"Reta";"Não";1;0;0;0;1;0;0;1;-16,738;-49,4076;"SPRF-GO";"DEL01-GO";"UOP02-DEL01-GO"
364757;2021-06-17;"quinta-feira";"22:13:00";"RN";304;36;"MOSSORO";"Demais falhas mecânicas ou elétricas";"Incêndio";"Sem Vítimas";"Plena Noite";"Crescente";"Céu Claro";"Simples";"Reta";"Sim";1;0;0;0;1;0;0;1;-5,16853634;-37,35540171;"SPRF-RN";"DEL04-RN";"UOP02-DEL04-RN"
364759;2021-05-21;"sexta-feira";"21:25:00";"PE";101;84;"CABO DE SANTO AGOSTINHO";"Animais na Pista";"Atropelamento de Animal";"Com Vítimas Feridas";"Plena Noite";"Crescente";"Nublado";"Dupla";"Ponte";"Sim";1;0;1;0;0;0;1;1;-8,17778559;-34,95087297;"SPRF-PE";"DEL01-PE";"UOP01-DEL01-PE"
364760;2021-06-17;"quinta-feira";"22:40:00";"PR";116;129,3;"FAZENDA RIO GRANDE";"Pedestre andava na pista";"Atropelamento de Pedestre";"Com Vítimas Feridas";"Plena Noite";"Crescente";"Nublado";"Dupla";"Reta";"Não";2;0;1;1;0;0;2;2;-25,63027814;-49,31381255;"SPRF-PR";"DEL01-PR";"UOP03-DEL01-PR"
364762;2021-06-17;"quinta-feira";"22:40:00";"PE";101;42,2;"IGARASSU";"Manobra de mudança de faixa";"Saída de leito carroçável";"Com Vítimas Feridas";"Plena Noite";"Decrescente";"Garoa/Chuvisco";"Múltipla";"Declive";"Sim";4;0;2;0;0;2;2;2;-7,84004824;-34,91167239;"SPRF-PE";"DEL01-PE";"UOP02-DEL01-PE"
364763;2021-06-17;"quinta-feira";"18:15:00";"PR";476;124;"CURITIBA";"Ausência de reação do condutor";"Colisão traseira";"Sem Vítimas";"Plena Noite";"Decrescente";"Céu Claro";"Dupla";"Curva";"Sim";2;0;0;0;1;1;0;2;-25,399845;-49,215855;"SPRF-PR";"DEL01-PR";"UOP03-DEL01-PR"
364765;2021-06-18;"sexta-feira";"00:05:00";"SC";280;78,6;"CORUPA";"Pista Escorregadia";"Queda de ocupante de veículo";"Com Vítimas Feridas";"Pleno dia";"Decrescente";"Nublado";"Simples";"Reta";"Não";1;0;0;1;0;0;1;1;-26,44312314;-49,21044588;"SPRF-SC";"DEL06-SC";"UOP03-DEL06-SC"
364768;2021-06-17;"quinta-feira";"23:15:00";"SC";280;35;"ARAQUARI";"Condutor deixou de manter distância do veículo da frente";"Colisão traseira";"Com Vítimas Feridas";"Plena Noite";"Decrescente";"Nublado";"Simples";"Reta";"Não";3;0;2;0;1;0;2;2;-26,43447549;-48,80453914;"SPRF-SC";"DEL03-SC";"UOP03-DEL03-SC"
364769;2021-06-17;"quinta-feira";"20:00:00";"RO";435;123,6;"CEREJEIRAS";"Acessar a via sem observar a presença dos outros veículos";"Colisão transversal";"Com Vítimas Feridas";"Plena Noite";"Decrescente";"Céu Claro";"Dupla";"Interseção de Vias";"Sim";2;0;1;0;1;0;1;2;-13,18889171;-60,808424;"SPRF-RO";"DEL04-RO";"UOP02-DEL04-RO"
364772;2021-06-18;"sexta-feira";"01:14:00";"SP";381;44;"ATIBAIA";"Reação tardia ou ineficiente do condutor";"Colisão com objeto";"Com Vítimas Feridas";"Plena Noite";"Crescente";"Céu Claro";"Dupla";"Reta";"Sim";1;0;1;0;0;0;1;1;-23,16458615;-46,57418959;"SPRF-SP";"DEL03-SP";"UOP01-DEL03-SP"
364776;2021-06-18;"sexta-feira";"00:03:00";"PI";316;27,4;"DEMERVAL LOBAO";"Animais na Pista";"Atropelamento de Animal";"Com Vítimas Feridas";"Plena Noite";"Crescente";"Céu Claro";"Simples";"Reta";"Não";2;0;2;0;0;0;2;1;-5,30982304;-42,70451509;"SPRF-PI";"DEL01-PI";"UOP02-DEL01-PI"
364778;2021-06-18;"sexta-feira";"02:30:00";"SP";488;3;"APARECIDA";"Ausência de reação do condutor";"Colisão traseira";"Com Vítimas Feridas";"Plena Noite";"Crescente";"Céu Claro";"Dupla";"Curva";"Sim";4;0;1;0;1;2;1;2;-22,855059;-45,243423;"SPRF-SP";"DEL08-SP";"UOP01-DEL08-SP"
364779;2021-06-18;"sexta-feira";"01:00:00";"GO";60;409;"RIO VERDE";"Condutor Dormindo";"Saída de leito carroçável";"Com Vítimas Feridas";"Plena Noite";"Decrescente";"Céu Claro";"Dupla";"Reta";"Não";2;0;1;1;0;0;2;1;-17,8169;-51,1376;"SPRF-GO";"DEL04-GO";"UOP01-DEL04-GO"
364781;2021-06-18;"sexta-feira";"03:00:00";"CE";116;501;"BREJO SANTO";"Afundamento ou ondulação no pavimento";"Colisão com objeto";"Com Vítimas Fatais";"Plena Noite";"Decrescente";"Céu Claro";"Simples";"Reta";"Sim";2;1;0;0;0;1;0;2;-7,45382915;-38,97311755;"SPRF-CE";"DEL05-CE";"UOP03-DEL05-CE"
364782;2021-06-18;"sexta-feira";"03:30:00";"PE";104;45,9;"CARUARU";"Demais falhas mecânicas ou elétricas";"Incêndio";"Sem Vítimas";"Plena Noite";"Decrescente";"Nublado";"Dupla";"Reta";"Não";1;0;0;0;1;0;0;1;-8,1203;-35,999;"SPRF-PE";"DEL02-PE";"UOP01-DEL02-PE"
364784;2021-06-18;"sexta-feira";"05:00:00";"RJ";101;424;"MANGARATIBA";"Deficiência do Sistema de Iluminação/Sinalização";"Colisão com objeto";"Com Vítimas Feridas";"Amanhecer";"Decrescente";"Nublado";"Simples";"Reta";"Não";2;0;1;0;1;0;1;1;-22,9270955594;-43,9715096354;"SPRF-RJ";"DEL03-RJ";"UOP03-DEL03-RJ"
364785;2021-06-18;"sexta-feira";"05:30:00";"BA";235;340,6;"JUAZEIRO";"Avarias e/ou desgaste excessivo no pneu";"Atropelamento de Pedestre";"Com Vítimas Fatais";"Amanhecer";"Decrescente";"Céu Claro";"Simples";"Reta";"Não";3;2;0;1;0;0;1;2;-9,45423436;-40,40774435;"SPRF-PE";"DEL06-PE";"UOP01-DEL06-PE"
364786;2021-06-18;"sexta-feira";"06:35:00";"DF";70;16,4;"BRASILIA";"Ingestão de álcool pelo condutor";"Colisão frontal";"Com Vítimas Feridas";"Amanhecer";"Decrescente";"Céu Claro";"Dupla";"Curva;Rotatória";"Não";3;0;2;0;1;0;2;2;-15,79609055;-48,19718393;"SPRF-DF";"DEL03-DF";"UOP02-DEL03-DF"
364787;2021-06-18;"sexta-feira";"07:00:00";"SP";116;209,9;"GUARULHOS";"Trafegar com motocicleta (ou similar) entre as faixas";"Tombamento";"Com Vítimas Feridas";"Pleno dia";"Crescente";"Nublado";"Dupla";"Aclive";"Sim";3;0;1;0;1;1;1;3;-23,42511799;-46,40221101;"SPRF-SP";"DEL01-SP";"UOP01-DEL01-SP"
364789;2021-06-18;"sexta-feira";"06:50:00";"SC";470;125;"LONTRAS";"Conversão proibida";"Colisão transversal";"Com Vítimas Feridas";"Pleno dia";"Crescente";"Nublado";"Simples";"Reta";"Não";2;0;1;0;1;0;1;2;-27,120506;-49,534946;"SPRF-SC";"DEL04-SC";"UOP02-DEL04-SC"
364790;2021-05-12;"quarta-feira";"19:00:00";"PA";316;253;"CACHOEIRA DO PIRIA";"Animais na Pista";"Atropelamento de Animal";"Sem Vítimas";"Plena Noite";"Decrescente";"Céu Claro";"Simples";"Reta";"Não";1;0;0;0;1;0;0;1;-1,79090343;-46,49073217;"SPRF-PA";"DEL01-PA";"UOP04-DEL01-PA"
364791;2021-06-18;"sexta-feira";"07:00:00";"RS";116;259;"CANOAS";"Manobra de mudança de faixa";"Colisão lateral mesmo sentido";"Com Vítimas Feridas";"Pleno dia";"Crescente";"Garoa/Chuvisco";"Simples";"Reta";"Sim";3;0;2;0;1;0;2;2;-29,870408;-51,179909;"SPRF-RS";"DEL01-RS";"UOP02-DEL01-RS"
364794;2021-06-18;"sexta-feira";"07:40:00";"RN";101;104;"PARNAMIRIM";"Frear bruscamente";"Queda de ocupante de veículo";"Com Vítimas Feridas";"Pleno dia";"Decrescente";"Céu Claro";"Dupla";"Reta";"Sim";1;0;1;0;0;0;1;1;-5,892745;-35,257225;"SPRF-RN";"DEL01-RN";"UOP01-DEL01-RN"
364795;2021-06-18;"sexta-feira";"08:15:00";"SC";280;52,3;"GUARAMIRIM";"Acessar a via sem observar a presença dos outros veículos";"Colisão transversal";"Com Vítimas Feridas";"Pleno dia";"Crescente";"Nublado";"Simples";"Interseção de Vias";"Sim";2;0;1;0;1;0;1;2;-26,468904;-48,96492;"SPRF-SC";"DEL03-SC";"UOP03-DEL03-SC"
364797;2021-06-18;"sexta-feira";"07:50:00";"CE";222;31,2;"CAUCAIA";"Condutor deixou de manter distância do veículo da frente";"Colisão traseira";"Com Vítimas Feridas";"Pleno dia";"Decrescente";"Chuva";"Simples";"Reta";"Não";3;0;2;0;1;0;2;2;-3,71019947;-38,82872412;"SPRF-CE";"DEL01-CE";"UOP01-DEL01-CE"
364799;2021-06-18;"sexta-feira";"08:10:00";"MG";262;35,5;"MANHUACU";"Conversão proibida";"Colisão lateral mesmo sentido";"Com Vítimas Feridas";"Pleno dia";"Decrescente";"Céu Claro";"Simples";"Curva";"Sim";2;0;1;0;1;0;1;2;-20,2592562;-42,01698194;"SPRF-MG";"DEL06-MG";"UOP03-DEL06-MG"
364802;2021-01-14;"quinta-feira";"22:30:00";"BA";116;12,2;"VITORIA DA CONQUISTA";"Reação tardia ou ineficiente do condutor";"Colisão frontal";"Com Vítimas Feridas";"Plena Noite";"Decrescente";"Céu Claro";"Simples";"Reta";"Sim";2;0;0;1;1;0;1;2;-14,87610998;-40,87120056;"SPRF-BA";"DEL08-BA";"UOP01-DEL08-BA"