"id";"data_inversa";"dia_semana";"horario";"uf";"br";"km";"municipio";"causa_acidente";"tipo_acidente";"classificacao_acidente";"fase_dia";"sentido_via";"condicao_metereologica";"tipo_pista";"tracado_via";"uso_solo";"pessoas";"mortos";"feridos_leves";"feridos_graves";"ilesos";"ignorados";"feridos";"veiculos";"latitude";"longitude";"regional";"delegacia";"uop"
365046;2021-06-19;"sábado";"07:10:00";"ES";101;126;"LINHARES";"Ingestão de álcool pelo condutor";"Queda de ocupante de veículo";"Com Vítimas Feridas";"Amanhecer";"Crescente";"Céu Claro";"Simples";"Reta";"Sim";1;0;1;0;0;0;1;1;-19,193953;-40,0951;"SPRF-ES";"DEL04-ES";"UOP01-DEL04-ES"
365047;2021-06-19;"sábado";"07:15:00";"PR";116;106;"SAO JOSE DOS PINHAIS";"Chuva";"Saída de leito carroçável";"Com Vítimas Feridas";"Pleno dia";"Crescente";"Chuva";"Dupla";"Reta";"Sim";1;0;1;0;0;0;1;1;-25,56830653;-49,17799791;"SPRF-PR";"DEL01-PR";"UOP01-DEL01-PR"
365048;2021-06-19;"sábado";"02:30:00";"AC";364;144;"RIO BRANCO";"Ingestão de álcool pelo condutor";"Colisão traseira";"Com Vítimas Feridas";"Plena Noite";"Decrescente";"Vento";"Dupla";"Reta";"Não";5;0;2;0;3;0;2;2;-9,91988701;-67,88789905;"SPRF-AC";"DEL01-AC";"UOP01-DEL01-AC"
365049;2021-06-19;"sábado";"06:55:00";"RS";285;325;"CARAZINHO";"Chuva";"Saída de leito carroçável";"Com Vítimas Feridas";"Pleno dia";"Crescente";"Chuva";"Simples";"Reta";"Não";4;0;2;0;2;0;2;1;-28,268545;-52,669102;"SPRF-RS";"DEL08-RS";"UOP03-DEL08-RS"
365050;2021-06-19;"sábado";"04:00:00";"CE";0;0;"CAUCAIA";"Conversão proibida";"Saída de leito carroçável";"Sem Vítimas";"Plena Noite";"Não Informado";"Céu Claro";"Dupla";"Curva";"Sim";2;0;0;0;0;2;0;1;-3,70363443;-38,63441225;"SPRF-CE";"DEL01-CE";"UOP01-DEL01-CE"
365051;2021-06-19;"sábado";"06:40:00";"SC";163;74;"SAO MIGUEL DO OESTE";"Neblina";"Saída de leito carroçável";"Com Vítimas Feridas";"Amanhecer";"Crescente";"Nevoeiro/Neblina";"Simples";"Reta";"Não";1;0;1;0;0;0;1;1;-26,70200479;-53,51350653;"SPRF-SC";"DEL07-SC";"UOP03-DEL07-SC"
365053;2021-06-19;"sábado";"07:00:00";"SP";116;290;"ITAPECERICA DA SERRA";"Velocidade Incompatível";"Saída de leito carroçável";"Com Vítimas Feridas";"Pleno dia";"Decrescente";"Nublado";"Dupla";"Curva";"Não";1;0;0;1;0;0;1;1;-23,7303281;-46,89425963;"SPRF-SP";"DEL04-SP";"UOP01-DEL04-SP"
365054;2021-06-19;"sábado";"05:40:00";"MG";381;627;"OLIVEIRA";"Mal súbito do condutor";"Saída de leito carroçável";"Com Vítimas Feridas";"Amanhecer";"Decrescente";"Ignorado";"Dupla";"Curva";"Não";1;0;1;0;0;0;1;1;-20,84106606;-44,82613492;"SPRF-MG";"DEL04-MG";"UOP01-DEL04-MG"
365056;2021-06-19;"sábado";"08:00:00";"MA";135;6,7;"SAO LUIS";"Retorno proibido";"Colisão traseira";"Com Vítimas Feridas";"Pleno dia";"Crescente";"Céu Claro";"Dupla";"Reta";"Sim";2;0;2;0;0;0;2;2;-2,62877986;-44,26321818;"SPRF-MA";"DEL01-MA";"UOP01-DEL01-MA"
365057;2021-06-19;"sábado";"08:43:00";"DF";20;21;"BRASILIA";"Condutor deixou de manter distância do veículo da frente";"Colisão lateral mesmo sentido";"Com Vítimas Feridas";"Pleno dia";"Crescente";"Céu Claro";"Dupla";"Aclive";"Sim";2;0;1;0;1;0;1;2;-15,603384;-47,684692;"SPRF-DF";"DEL02-DF";"UOP01-DEL02-DF"
365059;2021-06-19;"sábado";"08:50:00";"MG";381;356;"JOAO MONLEVADE";"Ultrapassagem Indevida";"Colisão transversal";"Com Vítimas Feridas";"Pleno dia";"Decrescente";"Céu Claro";"Simples";"Reta";"Sim";2;0;1;0;1;0;1;2;-19,84765404;-43,20566395;"SPRF-MG";"DEL03-MG";"UOP01-DEL03-MG"
365061;2021-06-19;"sábado";"03:40:00";"RS";468;93,9;"TRES PASSOS";"Ingestão de álcool pelo condutor";"Tombamento";"Com Vítimas Feridas";"Pleno dia";"Crescente";"Chuva";"Simples";"Reta";"Não";1;0;1;0;0;0;1;1;-27,517914;-53,87512801;"SPRF-RS";"DEL08-RS";"UOP02-DEL08-RS"
365063;2021-06-19;"sábado";"06:45:00";"MG";40;517;"CONTAGEM";"Ausência de reação do condutor";"Colisão traseira";"Com Vítimas Feridas";"Pleno dia";"Decrescente";"Céu Claro";"Dupla";"Reta";"Sim";2;0;0;1;1;0;1;2;-19,82351202;-44,08438913;"SPRF-MG";"DEL01-MG";"UOP02-DEL01-MG"
365064;2021-06-19;"sábado";"05:00:00";"BA";324;397;"NOVA FATIMA";"Demais falhas mecânicas ou elétricas";"Colisão traseira";"Sem Vítimas";"Plena Noite";"Decrescente";"Nublado";"Simples";"Reta;Ponte";"Não";2;0;0;0;1;1;0;2;-11,56200712;-39,67802311;"SPRF-BA";"DEL04-BA";"UOP02-DEL04-BA"
365065;2021-06-13;"domingo";"01:20:00";"SC";101;31;"JOINVILLE";"Velocidade Incompatível";"Capotamento";"Sem Vítimas";"Plena Noite";"Crescente";"Céu Claro";"Dupla";"Reta";"Não";1;0;0;0;1;0;0;1;-26,22195899;-48,91634925;"SPRF-SC";"DEL03-SC";"UOP01-DEL03-SC"
365068;2021-06-19;"sábado";"08:40:00";"RS";470;194,1;"BENTO GONCALVES";"Velocidade Incompatível";"Colisão frontal";"Com Vítimas Feridas";"Pleno dia";"Decrescente";"Chuva";"Simples";"Curva;Aclive";"Não";7;0;2;0;5;0;2;2;-29,05030203;-51,57387285;"SPRF-RS";"DEL06-RS";"UOP02-DEL06-RS"
365069;2021-06-19;"sábado";"08:10:00";"MT";163;821;"SINOP";"Animais na Pista";"Atropelamento de Animal";"Com Vítimas Feridas";"Pleno dia";"Decrescente";"Céu Claro";"Simples";"Reta";"Não";1;0;0;1;0;0;1;1;-12,112411;-55,51673304;"SPRF-MT";"DEL06-MT";"UOP01-DEL06-MT"
365071;2021-06-19;"sábado";"09:50:00";"PR";376;216,9;"JANDAIA DO SUL";"Desrespeitar a preferência no cruzamento";"Colisão transversal";"Com Vítimas Feridas";"Pleno dia";"Decrescente";"Chuva";"Simples";"Declive";"Sim";2;0;1;0;1;0;1;2;-23,59767281;-51,63339596;"SPRF-PR";"DEL09-PR";"UOP01-DEL09-PR"
365072;2021-06-19;"sábado";"09:40:00";"MA";222;675,2;"ACAILANDIA";"Ultrapassagem Indevida";"Colisão lateral sentido oposto";"Com Vítimas Feridas";"Pleno dia";"Crescente";"Céu Claro";"Dupla";"Reta";"Sim";3;0;0;1;2;0;1;3;-4,955551;-47,498599;"SPRF-MA";"DEL04-MA";"UOP03-DEL04-MA"
365073;2021-06-19;"sábado";"05:40:00";"SC";280;99,9;"SAO BENTO DO SUL";"Chuva";"Saída de leito carroçável";"Sem Vítimas";"Amanhecer";"Crescente";"Nevoeiro/Neblina";"Simples";"Reta";"Não";1;0;0;0;0;1;0;1;-26,37158361;-49,33137101;"SPRF-SC";"DEL06-SC";"UOP03-DEL06-SC"
365074;2021-06-19;"sábado";"09:20:00";"MG";381;279;"JAGUARACU";"Avarias e/ou desgaste excessivo no pneu";"Tombamento";"Com Vítimas Feridas";"Pleno dia";"Crescente";"Céu Claro";"Simples";"Reta";"Sim";2;0;2;0;0;0;2;1;-19,56555256;-42,71132469;"SPRF-MG";"DEL03-MG";"UOP02-DEL03-MG"
365076;2021-06-19;"sábado";"04:55:00";"MT";364;30,6;"ALTO ARAGUAIA";"Ultrapassagem Indevida";"Colisão lateral mesmo sentido";"Sem Vítimas";"Amanhecer";"Decrescente";"Nublado";"Simples";"Curva";"Não";2;0;0;0;2;0;0;2;-17,15737292;-53,41441087;"SPRF-MT";"DEL02-MT";"UOP02-DEL02-MT"
365077;2021-06-19;"sábado";"09:25:00";"GO";153;360,4;"JARAGUA";"Reação tardia ou ineficiente do condutor";"Colisão traseira";"Com Vítimas Feridas";"Pleno dia";"Crescente";"Céu Claro";"Simples";"Reta";"Não";3;0;1;0;2;0;1;2;-15,750625;-49,316742;"SPRF-GO";"DEL02-GO";"UOP02-DEL02-GO"
365078;2021-06-19;"sábado";"10:49:00";"CE";402;285;"TURURU";"Frear bruscamente";"Tombamento";"Com Vítimas Feridas";"Pleno dia";"Crescente";"Céu Claro";"Simples";"Reta";"Sim";2;0;2;0;0;0;2;1;-3,58924836;-39,44431537;"SPRF-CE";"DEL01-CE";"UOP03-DEL01-CE"
365084;2021-06-19;"sábado";"11:10:00";"PE";101;50;"ABREU E LIMA";"Desrespeitar a preferência no cruzamento";"Colisão transversal";"Sem Vítimas";"Pleno dia";"Crescente";"Chuva";"Múltipla";"Reta";"Sim";2;0;0;0;1;1;0;2;-7,90938602;-34,90123228;"SPRF-PE";"DEL01-PE";"UOP02-DEL01-PE"
365085;2021-06-19;"sábado";"01:59:00";"AP";210;8;"MACAPA";"Ingestão de álcool pelo condutor";"Queda de ocupante de veículo";"Com Vítimas Feridas";"Plena Noite";"Crescente";"Céu Claro";"Simples";"Reta";"Sim";1;0;1;0;0;0;1;1;0,1045;-51,126076;"SPRF-AP";"DEL01-AP";"UOP01-DEL01-AP"
365086;2021-06-19;"sábado";"09:15:00";"RS";293;13;"CAPAO DO LEAO";"Ausência de reação do condutor";"Colisão transversal";"Com Vítimas Feridas";"Pleno dia";"Crescente";"Céu Claro";"Simples";"Reta";"Não";2;0;1;0;1;0;1;2;-31,7543548;-52,45089496;"SPRF-RS";"DEL07-RS";"UOP01-DEL07-RS"
365088;2021-05-22;"sábado";"06:55:00";"SC";101;180,4;"GOVERNADOR CELSO RAMOS";"Velocidade Incompatível";"Colisão com objeto";"Com Vítimas Fatais";"Pleno dia";"Decrescente";"Nublado";"Múltipla";"Declive;Curva";"Sim";1;1;0;0;0;0;0;1;-27,38399537;-48,63100827;"SPRF-SC";"DEL01-SC";"UOP01-DEL01-SC"
365094;2021-06-19;"sábado";"08:10:00";"RO";364;873;"PORTO VELHO";"Reação tardia ou ineficiente do condutor";"Colisão traseira";"Sem Vítimas";"Pleno dia";"Crescente";"Céu Claro";"Simples";"Reta";"Não";4;0;0;0;4;0;0;2;-9,60271291;-64,90457202;"SPRF-RO";"DEL01-RO";"UOP02-DEL01-RO"
365095;2021-06-19;"sábado";"13:15:00";"SP";116;230;"SAO PAULO";"Ausência de reação do condutor";"Tombamento";"Com Vítimas Feridas";"Pleno dia";"Decrescente";"Sol";"Múltipla";"Reta";"Sim";1;0;1;0;0;0;1;1;-23,50942522;-46,57276104;"SPRF-SP";"DEL01-SP";"UOP01-DEL01-SP"
365096;2021-06-19;"sábado";"13:20:00";"SC";101;197,8;"BIGUACU";"Velocidade Incompatível";"Colisão com objeto";"Com Vítimas Feridas";"Pleno dia";"Crescente";"Chuva";"Múltipla";"Interseção de Vias";"Sim";2;0;2;0;0;0;2;1;-27,51844497;-48,63848496;"SPRF-SC";"DEL01-SC";"UOP01-DEL01-SC"
365097;2021-06-19;"sábado";"11:50:00";"SC";101;97,2;"BALNEARIO PICARRAS";"Velocidade Incompatível";"Saída de leito carroçável";"Com Vítimas Feridas";"Pleno dia";"Crescente";"Chuva";"Simples";"Curva";"Não";1;0;1;0;0;0;1;1;-26,73140178;-48,70148063;"SPRF-SC";"DEL03-SC";"UOP02-DEL03-SC"
365098;2021-06-19;"sábado";"10:55:00";"SP";116;36,8;"CACHOEIRA PAULISTA";"Velocidade Incompatível";"Tombamento";"Com Vítimas Feridas";"Pleno dia";"Crescente";"Sol";"Dupla";"Curva";"Não";1;0;0;1;0;0;1;1;-22,66104604;-44,97604019;"SPRF-SP";"DEL08-SP";"UOP02-DEL08-SP"
365099;2021-06-19;"sábado";"13:20:00";"RJ";40;114;"DUQUE DE CAXIAS";"Reação tardia ou ineficiente do condutor";"Queda de ocupante de veículo";"Com Vítimas Feridas";"Pleno dia";"Crescente";"Céu Claro";"Simples";"Curva";"Sim";2;0;2;0;0;0;2;1;-22,71853604;-43,28993324;"SPRF-RJ";"DEL01-RJ";"UOP01-DEL01-RJ"
365101;2021-06-19;"sábado";"12:00:00";"SC";116;53;"PAPANDUVA";"Acessar a via sem observar a presença dos outros veículos";"Colisão transversal";"Com Vítimas Feridas";"Pleno dia";"Crescente";"Chuva";"Simples";"Reta";"Não";4;0;3;0;1;0;3;2;-26,3932492;-50,15515026;"SPRF-SC";"DEL06-SC";"UOP01-DEL06-SC"
365103;2021-06-19;"sábado";"13:40:00";"SE";235;3,5;"NOSSA SENHORA DO SOCORRO";"Reação tardia ou ineficiente do condutor";"Colisão traseira";"Com Vítimas Feridas";"Pleno dia";"Crescente";"Céu Claro";"Dupla";"Declive;Reta";"Sim";2;0;1;0;1;0;1;2;-10,9059;-37,111;"SPRF-SE";"DEL01-SE";"UOP01-DEL01-SE"
365104;2021-06-19;"sábado";"09:20:00";"BA";324;590,7;"CANDEIAS";"Ausência de reação do condutor";"Atropelamento de Pedestre";"Com Vítimas Fatais";"Pleno dia";"Crescente";"Céu Claro";"Dupla";"Reta";"Não";2;1;0;0;1;0;0;2;-12,67291202;-38,46908411;"SPRF-BA";"DEL01-BA";"UOP01-DEL01-BA"
365106;2021-06-19;"sábado";"13:00:00";"RN";110;46;"MOSSORO";"Acessar a via sem observar a presença dos outros veículos";"Colisão transversal";"Sem Vítimas";"Pleno dia";"Decrescente";"Nublado";"Dupla";"Reta";"Sim";2;0;0;0;2;0;0;2;-5,19797675;-37,31839819;"SPRF-RN";"DEL04-RN";"UOP01-DEL04-RN"
365108;2021-06-19;"sábado";"11:40:00";"MT";0;0;"NOVA LACERDA";"Afundamento ou ondulação no pavimento";"Tombamento";"Sem Vítimas";"Pleno dia";"Não Informado";"Céu Claro";"Simples";"Reta";"Não";1;0;0;0;1;0;0;1;-14,37282944;-59,53268789;"SPRF-MT";"DEL04-MT";"UOP01-DEL04-MT"
365110;2021-06-19;"sábado";"14:20:00";"SE";235;53,5;"ITABAIANA";"Retorno proibido";"Colisão transversal";"Com Vítimas Feridas";"Pleno dia";"Decrescente";"Céu Claro";"Simples";"Aclive";"Sim";3;0;2;0;1;0;2;2;-10,684707;-37,440544;"SPRF-SE";"DEL01-SE";"UOP02-DEL01-SE"
365111;2021-06-19;"sábado";"14:00:00";"MG";365;628;"UBERLANDIA";"Pista Escorregadia";"Tombamento";"Com Vítimas Feridas";"Pleno dia";"Crescente";"Sol";"Simples";"Aclive;Interseção de Vias;Curva;Viaduto";"Sim";2;0;2;0;0;0;2;1;-18,90599451;-48,33001841;"SPRF-MG";"DEL15-MG";"UOP01-DEL15-MG"
365112;2021-06-19;"sábado";"14:35:00";"PR";277;365;"GUARAPUAVA";"Ausência de reação do condutor";"Saída de leito carroçável";"Com Vítimas Feridas";"Pleno dia";"Decrescente";"Chuva";"Simples";"Reta;Declive";"Não";5;0;1;2;2;0;3;1;-25,42865;-51,658958;"SPRF-PR";"DEL08-PR";"UOP01-DEL08-PR"
365113;2021-06-19;"sábado";"12:15:00";"RO";319;55;"PORTO VELHO";"Ausência de reação do condutor";"Queda de ocupante de veículo";"Com Vítimas Feridas";"Pleno dia";"Decrescente";"Céu Claro";"Simples";"Reta";"Não";2;0;1;0;0;1;1;2;-8,74176246;-63,94074113;"SPRF-RO";"DEL01-RO";"UOP01-DEL01-RO"
365114;2021-06-19;"sábado";"14:45:00";"ES";101;267;"SERRA";"Acessar a via sem observar a presença dos outros veículos";"Colisão transversal";"Com Vítimas Feridas";"Pleno dia";"Decrescente";"Nublado";"Múltipla";"Reta";"Sim";2;0;1;0;1;0;1;2;-20,19930999;-40,26884609;"SPRF-ES";"DEL02-ES";"UOP01-DEL02-ES"
365116;2021-06-19;"sábado";"14:45:00";"SP";116;339;"JUQUITIBA";"Ausência de reação do condutor";"Saída de leito carroçável";"Sem Vítimas";"Pleno dia";"Decrescente";"Garoa/Chuvisco";"Dupla";"Curva";"Não";1;0;0;0;1;0;0;1;-23,9983939;-47,14927316;"SPRF-SP";"DEL04-SP";"UOP01-DEL04-SP"
365120;2021-06-19;"sábado";"14:45:00";"PA";222;245;"MARABA";"Ingestão de álcool pelo condutor";"Colisão transversal";"Com Vítimas Feridas";"Pleno dia";"Decrescente";"Céu Claro";"Simples";"Interseção de Vias";"Sim";3;0;2;0;1;0;2;2;-5,355886;-49,079418;"SPRF-PA";"DEL03-PA";"UOP01-DEL03-PA"
365121;2021-06-12;"sábado";"07:00:00";"RJ";101;107;"CAMPOS DOS GOYTACAZES";"Condutor Dormindo";"Saída de leito carroçável";"Sem Vítimas";"Pleno dia";"Crescente";"Céu Claro";"Dupla";"Reta";"Não";1;0;0;0;1;0;0;1;-21,86238244;-41,5341863;"SPRF-RJ";"DEL08-RJ";"UOP02-DEL08-RJ"
365123;2021-06-19;"sábado";"15:45:00";"SP";116;561;"BARRA DO TURVO";"Chuva";"Colisão com objeto";"Com Vítimas Feridas";"Pleno dia";"Crescente";"Chuva";"Simples";"Curva";"Não";2;0;1;0;1;0;1;1;-25,02045097;-48,51586004;"SPRF-SP";"DEL05-SP";"UOP02-DEL05-SP"
365125;2021-06-19;"sábado";"15:10:00";"PR";277;106;"CAMPO LARGO";"Avarias e/ou desgaste excessivo no pneu";"Saída de leito carroçável";"Com Vítimas Feridas";"Pleno dia";"Decrescente";"Chuva";"Dupla";"Curva";"Sim";2;0;1;0;1;0;1;1;-25,43090737;-49,42500299;"SPRF-PR";"DEL01-PR";"UOP03-DEL03-PR"
365126;2021-06-19;"sábado";"14:40:00";"PR";163;142,6;"CAPITAO LEONIDAS MARQUES";"Transitar na contramão";"Colisão frontal";"Com Vítimas Feridas";"Pleno dia";"Crescente";"Garoa/Chuvisco";"Simples";"Curva";"Não";4;0;4;0;0;0;4;2;-25,48284277;-53,59229524;"SPRF-PR";"DEL05-PR";"UOP05-DEL05-PR"
365127;2021-06-19;"sábado";"15:10:00";"MG";262;367,4;"JUATUBA";"Manobra de mudança de faixa";"Tombamento";"Com Vítimas Feridas";"Pleno dia";"Crescente";"Céu Claro";"Dupla";"Reta";"Não";2;0;2;0;0;0;2;1;-19,97391261;-44,27096197;"SPRF-MG";"DEL01-MG";"UOP03-DEL01-MG"
365128;2021-06-19;"sábado";"15:40:00";"PR";277;705,3;"SANTA TEREZINHA DE ITAIPU";"Avarias e/ou desgaste excessivo no pneu";"Saída de leito carroçável";"Sem Vítimas";"Pleno dia";"Crescente";"Garoa/Chuvisco";"Dupla";"Reta";"Não";1;0;0;0;1;0;0;1;-25,43019901;-54,369603;"SPRF-PR";"DEL05-PR";"UOP01-DEL05-PR"
365131;2021-06-19;"sábado";"14:10:00";"SC";101;257;"PAULO LOPES";"Chuva";"Colisão traseira";"Com Vítimas Fatais";"Pleno dia";"Decrescente";"Chuva";"Dupla";"Declive;Reta";"Não";3;1;1;0;0;1;1;2;-27,99701205;-48,68755194;"SPRF-SC";"DEL02-SC";"UOP03-DEL02-SC"
365132;2021-06-19;"sábado";"16:00:00";"SP";116;108;"TAUBATE";"Reação tardia ou ineficiente do condutor";"Colisão traseira";"Com Vítimas Feridas";"Pleno dia";"Crescente";"Céu Claro";"Dupla";"Reta";"Sim";2;0;1;0;1;0;1;2;-23,0233097;-45,53763622;"SPRF-SP";"DEL08-SP";"UOP01-DEL08-SP"
365133;2021-06-19;"sábado";"15:30:00";"MG";267;145,6;"LIMA DUARTE";"Ultrapassagem Indevida";"Colisão frontal";"Sem Vítimas";"Pleno dia";"Decrescente";"Céu Claro";"Simples";"Reta;Declive";"Não";4;0;0;0;4;0;0;4;-21,785962;-43,662427;"SPRF-MG";"DEL05-MG";"UOP01-DEL05-MG"
365135;2021-06-19;"sábado";"16:10:00";"RJ";101;320;"NITEROI";"Ausência de reação do condutor";"Colisão com objeto";"Com Vítimas Feridas";"Pleno dia";"Decrescente";"Céu Claro";"Simples";"Curva";"Sim";2;0;2;0;0;0;2;1;-22,86171098;-43,10714015;"SPRF-RJ";"DEL02-RJ";"UOP02-DEL02-RJ"
365136;2021-06-19;"sábado";"14:35:00";"ES";393;2,3;"CACHOEIRO DE ITAPEMIRIM";"Acumulo de areia ou detritos sobre o pavimento";"Queda de ocupante de veículo";"Com Vítimas Feridas";"Pleno dia";"Decrescente";"Céu Claro";"Simples";"Interseção de Vias";"Sim";2;0;1;0;0;1;1;1;-20,83242503;-41,17491003;"SPRF-ES";"DEL03-ES";"UOP02-DEL03-ES"
365137;2021-06-19;"sábado";"15:50:00";"ES";101;253;"SERRA";"Avarias e/ou desgaste excessivo no pneu";"Saída de leito carroçável";"Com Vítimas Feridas";"Pleno dia";"Crescente";"Garoa/Chuvisco";"Simples";"Interseção de Vias";"Não";2;0;2;0;0;0;2;2;-20,10336754;-40,33383553;"SPRF-ES";"DEL02-ES";"UOP01-DEL02-ES"
365138;2021-06-19;"sábado";"15:40:00";"SC";101;316,4;"PESCARIA BRAVA";"Acumulo de água sobre o pavimento";"Saída de leito carroçável";"Com Vítimas Feridas";"Pleno dia";"Decrescente";"Chuva";"Dupla";"Curva";"Sim";2;0;1;0;1;0;1;1;-28,42904239;-48,84257464;"SPRF-SC";"DEL02-SC";"UOP01-DEL02-SC"
365139;2021-06-19;"sábado";"13:15:00";"BA";367;26;"PORTO SEGURO";"Transitar na contramão";"Colisão frontal";"Com Vítimas Feridas";"Pleno dia";"Decrescente";"Garoa/Chuvisco";"Simples";"Reta";"Sim";2;0;1;0;1;0;1;2;-16,43071712;-39,09561713;"SPRF-BA";"DEL09-BA";"UOP01-DEL09-BA"
365140;2021-06-19;"sábado";"16:45:00";"SE";235;1,5;"ARACAJU";"Ingestão de álcool pelo condutor";"Colisão transversal";"Com Vítimas Feridas";"Pleno dia";"Decrescente";"Nublado";"Dupla";"Reta";"Sim";2;0;1;0;1;0;1;2;-10,9073;-37,0947;"SPRF-SE";"DEL01-SE";"UOP01-DEL01-SE"
365143;2021-06-19;"sábado";"15:00:00";"SC";101;61,2;"ARAQUARI";"Chuva";"Capotamento";"Sem Vítimas";"Pleno dia";"Crescente";"Chuva";"Dupla";"Reta";"Não";1;0;0;0;1;0;0;1;-26,45474174;-48,77699195;"SPRF-SC";"DEL03-SC";"UOP02-DEL03-SC"
365144;2021-06-19;"sábado";"13:30:00";"SC";282;30,1;"SANTO AMARO DA IMPERATRIZ";"Transitar na contramão";"Colisão frontal";"Com Vítimas Feridas";"Pleno dia";"Crescente";"Chuva";"Simples";"Curva";"Não";3;0;1;1;1;0;2;2;-27,687376;-48,79071;"SPRF-SC";"DEL01-SC";"UOP03-DEL01-SC"
365145;2021-06-19;"sábado";"16:10:00";"BA";101;248;"CONCEICAO DO ALMEIDA";"Reação tardia ou ineficiente do condutor";"Saída de leito carroçável";"Com Vítimas Feridas";"Pleno dia";"Decrescente";"Céu Claro";"Simples";"Declive";"Não";3;0;1;0;2;0;1;1;-12,87821194;-39,21907821;"SPRF-BA";"DEL01-BA";"UOP02-DEL01-BA"
365146;2021-06-19;"sábado";"17:15:00";"PR";376;159;"MANDAGUACU";"Ingestão de álcool pelo condutor";"Colisão frontal";"Com Vítimas Feridas";"Anoitecer";"Crescente";"Nublado";"Dupla";"Curva";"Não";3;0;2;0;1;0;2;2;-23,36498136;-52,07632098;"SPRF-PR";"DEL09-PR";"UOP01-DEL09-PR"
365149;2021-06-19;"sábado";"17:20:00";"BA";324;608;"SIMOES FILHO";"Ausência de reação do condutor";"Capotamento";"Com Vítimas Feridas";"Anoitecer";"Decrescente";"Céu Claro";"Dupla";"Reta";"Não";1;0;1;0;0;0;1;1;-12,82190483;-38,40797803;"SPRF-BA";"DEL01-BA";"UOP01-DEL01-BA"
365151;2021-06-19;"sábado";"17:55:00";"RN";304;295,8;"MACAIBA";"Condutor deixou de manter distância do veículo da frente";"Colisão traseira";"Com Vítimas Feridas";"Anoitecer";"Crescente";"Nublado";"Simples";"Declive";"Sim";2;0;1;0;0;1;1;2;-5,86484905;-35,34931012;"SPRF-RN";"DEL01-RN";"UOP02-DEL01-RN"
365152;2021-06-19;"sábado";"17:50:00";"RN";101;33,4;"RIO DO FOGO";"Condutor deixou de manter distância do veículo da frente";"Colisão traseira";"Com Vítimas Fatais";"Plena Noite";"Decrescente";"Céu Claro";"Simples";"Reta";"Não";2;1;0;0;1;0;0;2;-5,39329091;-35,36541357;"SPRF-RN";"DEL02-RN";"UOP01-DEL02-RN"
365153;2021-06-19;"sábado";"17:30:00";"BA";101;514;"ITABUNA";"Chuva";"Colisão frontal";"Com Vítimas Feridas";"Pleno dia";"Decrescente";"Chuva";"Simples";"Curva";"Não";4;0;1;3;0;0;4;2;-15,014705;-39,32914101;"SPRF-BA";"DEL05-BA";"UOP01-DEL05-BA"
365154;2021-06-19;"sábado";"18:10:00";"SE";101;181,3;"UMBAUBA";"Acessar a via sem observar a presença dos outros veículos";"Colisão transversal";"Com Vítimas Feridas";"Plena Noite";"Decrescente";"Céu Claro";"Simples";"Reta";"Sim";2;0;1;0;0;1;1;2;-11,36892188;-37,64792008;"SPRF-SE";"DEL02-SE";"UOP03-DEL02-SE"
365155;2021-06-19;"sábado";"16:35:00";"MS";163;475,7;"CAMPO GRANDE";"Acumulo de areia ou detritos sobre o pavimento";"Tombamento";"Com Vítimas Feridas";"Anoitecer";"Crescente";"Nublado";"Simples";"Rotatória";"Sim";1;0;1;0;0;0;1;1;-20,51838231;-54,56658567;"SPRF-MS";"DEL01-MS";"UOP01-DEL01-MS"
365156;2021-06-19;"sábado";"18:00:00";"SC";101;119,6;"ITAJAI";"Ausência de reação do condutor";"Tombamento";"Com Vítimas Feridas";"Plena Noite";"Decrescente";"Chuva";"Dupla";"Reta";"Não";1;0;1;0;0;0;1;1;-26,9043179;-48,71555481;"SPRF-SC";"DEL04-SC";"UOP04-DEL04-SC"
365157;2021-06-19;"sábado";"18:20:00";"RJ";101;53;"CAMPOS DOS GOYTACAZES";"Transitar no acostamento";"Colisão traseira";"Com Vítimas Feridas";"Plena Noite";"Crescente";"Nublado";"Simples";"Reta";"Não";2;0;1;0;1;0;1;2;-21,660484;-41,31128898;"SPRF-RJ";"DEL08-RJ";"UOP01-DEL08-RJ"
365162;2021-06-19;"sábado";"17:45:00";"RS";101;61,7;"MAQUINE";"Velocidade Incompatível";"Saída de leito carroçável";"Com Vítimas Feridas";"Anoitecer";"Decrescente";"Chuva";"Dupla";"Curva";"Não";1;0;0;1;0;0;1;1;-29,686133;-50,150704;"SPRF-RS";"DEL03-RS";"UOP02-DEL03-RS"
365163;2021-06-19;"sábado";"16:30:00";"RJ";40;39;"AREAL";"Ingestão de álcool pelo condutor";"Capotamento";"Com Vítimas Feridas";"Pleno dia";"Decrescente";"Céu Claro";"Dupla";"Curva";"Sim";1;0;1;0;0;0;1;1;-22,23332;-43,114136;"SPRF-RJ";"DEL05-RJ";"UOP02-DEL05-RJ"
365164;2021-06-19;"sábado";"14:40:00";"RJ";40;119;"DUQUE DE CAXIAS";"Manobra de mudança de faixa";"Colisão lateral mesmo sentido";"Com Vítimas Feridas";"Pleno dia";"Crescente";"Céu Claro";"Múltipla";"Interseção de Vias";"Sim";3;0;2;0;1;0;2;2;-22,76375592;-43,28683062;"SPRF-RJ";"DEL01-RJ";"UOP01-DEL01-RJ"
365166;2021-06-19;"sábado";"16:00:00";"MG";116;407,7;"GOVERNADOR VALADARES";"Acesso irregular";"Colisão transversal";"Com Vítimas Feridas";"Pleno dia";"Crescente";"Céu Claro";"Simples";"Reta";"Sim";2;0;1;0;0;1;1;2;-18,835552;-41,98926799;"SPRF-MG";"DEL06-MG";"UOP01-DEL06-MG"