"id";"data_inversa";"dia_semana";"horario";"uf";"br";"km";"municipio";"causa_acidente";"tipo_acidente";"classificacao_acidente";"fase_dia";"sentido_via";"condicao_metereologica";"tipo_pista";"tracado_via";"uso_solo";"pessoas";"mortos";"feridos_leves";"feridos_graves";"ilesos";"ignorados";"feridos";"veiculos";"latitude";"longitude";"regional";"delegacia";"uop"
365167;2021-06-19;"sábado";"18:30:00";"AC";364;150;"RIO BRANCO";"Acessar a via sem observar a presença dos outros veículos";"Colisão lateral mesmo sentido";"Com Vítimas Feridas";"Plena Noite";"Crescente";"Céu Claro";"Dupla";"Reta";"Não";3;0;0;1;1;1;1;3;-9,871933;-67,91003;"SPRF-AC";"DEL01-AC";"UOP01-DEL01-AC"
365168;2021-06-19;"sábado";"17:50:00";"SC";101;323,9;"CAPIVARI DE BAIXO";"Reação tardia ou ineficiente do condutor";"Colisão lateral mesmo sentido";"Sem Vítimas";"Anoitecer";"Decrescente";"Chuva";"Dupla";"Reta";"Não";2;0;0;0;1;1;0;2;-28,42582596;-48,93104553;"SPRF-SC";"DEL02-SC";"UOP01-DEL02-SC"
365169;2021-06-19;"sábado";"17:50:00";"SC";282;524,8;"XAXIM";"Ingestão de álcool pelo condutor";"Colisão lateral mesmo sentido";"Sem Vítimas";"Pleno dia";"Decrescente";"Chuva";"Simples";"Curva";"Não";2;0;0;0;2;0;0;2;-26,965002;-52,557384;"SPRF-SC";"DEL07-SC";"UOP01-DEL07-SC"
365170;2021-06-19;"sábado";"18:20:00";"RJ";101;211;"CASIMIRO DE ABREU";"Ausência de reação do condutor";"Colisão com objeto";"Com Vítimas Feridas";"Plena Noite";"Crescente";"Nublado";"Dupla";"Curva";"Não";4;0;1;0;3;0;1;1;-22,48161708;-42,24613798;"SPRF-RJ";"DEL08-RJ";"UOP04-DEL08-RJ"
365171;2021-06-19;"sábado";"18:20:00";"MG";40;606;"CONGONHAS";"Reação tardia ou ineficiente do condutor";"Colisão frontal";"Com Vítimas Fatais";"Plena Noite";"Crescente";"Céu Claro";"Simples";"Curva";"Não";3;1;0;2;0;0;2;2;-20,46834617;-43,84095284;"SPRF-MG";"DEL05-MG";"UOP02-DEL05-MG"
365173;2021-06-19;"sábado";"19:10:00";"PR";369;136,9;"IBIPORA";"Ingestão de álcool pelo condutor";"Saída de leito carroçável";"Com Vítimas Feridas";"Plena Noite";"Decrescente";"Nublado";"Simples";"Curva";"Sim";1;0;1;0;0;0;1;1;-23,2717502;-51,0397013;"SPRF-PR";"DEL07-PR";"UOP01-DEL07-PR"
365174;2021-06-19;"sábado";"19:10:00";"PR";277;2;"FOZ DO IGUACU";"Ingestão de álcool pelo condutor";"Colisão traseira";"Sem Vítimas";"Plena Noite";"Crescente";"Garoa/Chuvisco";"Dupla";"Reta";"Não";2;0;0;0;2;0;0;2;-25,5469;-54,5882;"SPRF-PR";"DEL05-PR";"UOP03-DEL05-PR"
365175;2021-06-19;"sábado";"18:45:00";"PR";476;353;"UNIAO DA VITORIA";"Ingestão de álcool pelo condutor";"Colisão frontal";"Sem Vítimas";"Plena Noite";"Decrescente";"Chuva";"Simples";"Reta";"Não";2;0;0;0;2;0;0;2;-26,198172;-51,002659;"SPRF-PR";"DEL02-PR";"UOP03-DEL02-PR"
365176;2021-06-19;"sábado";"18:00:00";"RN";101;33,4;"RIO DO FOGO";"Objeto estático sobre o leito carroçável";"Colisão com objeto";"Sem Vítimas";"Plena Noite";"Crescente";"Céu Claro";"Simples";"Reta";"Não";2;0;0;0;1;1;0;2;-5,39329091;-35,36541357;"SPRF-RN";"DEL02-RN";"UOP01-DEL02-RN"
365177;2021-06-19;"sábado";"14:25:00";"SC";470;219;"SAO CRISTOVAO DO SUL";"Acumulo de água sobre o pavimento";"Saída de leito carroçável";"Com Vítimas Feridas";"Pleno dia";"Decrescente";"Chuva";"Simples";"Reta";"Não";2;0;2;0;0;0;2;1;-27,302975;-50,303108;"SPRF-SC";"DEL05-SC";"UOP03-DEL05-SC"
365178;2021-06-19;"sábado";"19:40:00";"RJ";101;65;"CAMPOS DOS GOYTACAZES";"Acessar a via sem observar a presença dos outros veículos";"Colisão transversal";"Com Vítimas Feridas";"Plena Noite";"Decrescente";"Céu Claro";"Simples";"Reta";"Não";5;0;3;0;2;0;3;2;-21,75371806;-41,344292;"SPRF-RJ";"DEL08-RJ";"UOP02-DEL08-RJ"
365179;2021-06-19;"sábado";"16:00:00";"MG";116;255,1;"TEOFILO OTONI";"Acessar a via sem observar a presença dos outros veículos";"Colisão frontal";"Com Vítimas Fatais";"Pleno dia";"Decrescente";"Nublado";"Simples";"Interseção de Vias";"Não";2;1;0;0;1;0;0;2;-17,68311;-41,48491;"SPRF-MG";"DEL11-MG";"UOP01-DEL11-MG"
365181;2021-06-19;"sábado";"18:45:00";"PR";376;232,8;"APUCARANA";"Ingestão de álcool e/ou substâncias psicoativas pelo pedestre";"Saída de leito carroçável";"Com Vítimas Feridas";"Plena Noite";"Crescente";"Chuva";"Dupla";"Curva";"Não";1;0;1;0;0;0;1;1;-23,57126885;-51,50557362;"SPRF-PR";"DEL07-PR";"UOP02-DEL07-PR"
365182;2021-06-19;"sábado";"19:40:00";"GO";153;503;"GOIANIA";"Acessar a via sem observar a presença dos outros veículos";"Colisão traseira";"Com Vítimas Feridas";"Plena Noite";"Crescente";"Céu Claro";"Múltipla";"Viaduto";"Sim";4;0;1;0;3;0;1;2;-16,7366;-49,243;"SPRF-GO";"DEL01-GO";"UOP01-DEL01-GO"
365183;2021-06-19;"sábado";"18:00:00";"MG";40;279;"TRES MARIAS";"Manobra de mudança de faixa";"Colisão lateral sentido oposto";"Com Vítimas Feridas";"Anoitecer";"Crescente";"Céu Claro";"Simples";"Reta";"Não";3;0;1;0;1;1;1;2;-18,22833211;-45,2202001;"SPRF-MG";"DEL14-MG";"UOP02-DEL14-MG"
365184;2021-06-19;"sábado";"19:30:00";"MG";116;758,5;"LEOPOLDINA";"Objeto estático sobre o leito carroçável";"Saída de leito carroçável";"Com Vítimas Feridas";"Plena Noite";"Crescente";"Nublado";"Simples";"Reta";"Não";2;0;1;1;0;0;2;1;-21,50243487;-42,60067703;"SPRF-MG";"DEL07-MG";"UOP01-DEL07-MG"
365185;2021-06-19;"sábado";"18:10:00";"BA";324;620;"SALVADOR";"Pedestre andava na pista";"Atropelamento de Pedestre";"Com Vítimas Feridas";"Plena Noite";"Decrescente";"Céu Claro";"Simples";"Reta";"Sim";2;0;0;1;1;0;1;2;-12,90482172;-38,45556535;"SPRF-BA";"DEL01-BA";"UOP01-DEL01-BA"
365193;2021-06-19;"sábado";"20:40:00";"ES";262;112;"VENDA NOVA DO IMIGRANTE";"Manobra de mudança de faixa";"Colisão frontal";"Com Vítimas Feridas";"Plena Noite";"Decrescente";"Nublado";"Simples";"Reta";"Não";2;0;2;0;0;0;2;2;-20,33756085;-41,19989497;"SPRF-ES";"DEL01-ES";"UOP02-DEL01-ES"
365194;2021-06-19;"sábado";"20:00:00";"RN";101;96,4;"NATAL";"Velocidade Incompatível";"Capotamento";"Com Vítimas Feridas";"Plena Noite";"Crescente";"Céu Claro";"Dupla";"Reta";"Sim";3;0;1;1;1;0;2;1;-5,84949622;-35,20890752;"SPRF-RN";"DEL01-RN";"UOP01-DEL01-RN"
365195;2021-06-19;"sábado";"21:00:00";"BA";116;757;"POCOES";"Ausência de reação do condutor";"Atropelamento de Pedestre";"Com Vítimas Feridas";"Plena Noite";"Crescente";"Céu Claro";"Simples";"Reta";"Sim";3;0;0;2;1;0;2;2;-14,47565506;-40,33469583;"SPRF-BA";"DEL08-BA";"UOP02-DEL08-BA"
365196;2021-06-19;"sábado";"20:00:00";"SE";101;25;"MURIBECA";"Reação tardia ou ineficiente do condutor";"Saída de leito carroçável";"Sem Vítimas";"Plena Noite";"Decrescente";"Céu Claro";"Dupla";"Retorno Regulamentado";"Não";2;0;0;0;2;0;0;1;-10,4049654;-36,91875769;"SPRF-SE";"DEL02-SE";"UOP02-DEL02-SE"
365200;2021-06-19;"sábado";"21:40:00";"SP";116;219;"GUARULHOS";"Manobra de mudança de faixa";"Colisão traseira";"Com Vítimas Feridas";"Plena Noite";"Decrescente";"Nevoeiro/Neblina";"Múltipla";"Reta";"Sim";3;0;1;0;2;0;1;2;-23,46143954;-46,48885316;"SPRF-SP";"DEL01-SP";"UOP01-DEL01-SP"
365201;2021-06-19;"sábado";"21:00:00";"RO";364;11,7;"VILHENA";"Acessar a via sem observar a presença dos outros veículos";"Colisão transversal";"Sem Vítimas";"Plena Noite";"Crescente";"Céu Claro";"Dupla";"Interseção de Vias";"Sim";3;0;0;0;3;0;0;2;-12,74605898;-60,11270299;"SPRF-RO";"DEL04-RO";"UOP01-DEL04-RO"
365203;2021-06-19;"sábado";"20:50:00";"GO";153;546;"PIRACANJUBA";"Ingestão de álcool pelo condutor";"Saída de leito carroçável";"Sem Vítimas";"Plena Noite";"Crescente";"Céu Claro";"Dupla";"Reta";"Não";1;0;0;0;1;0;0;1;-17,1069;-49,2174;"SPRF-GO";"DEL01-GO";"UOP03-DEL01-GO"
365206;2021-06-19;"sábado";"20:50:00";"PR";277;592,4;"CASCAVEL";"Condutor usando celular";"Saída de leito carroçável";"Sem Vítimas";"Plena Noite";"Decrescente";"Chuva";"Simples";"Reta";"Sim";1;0;0;0;1;0;0;1;-24,98285697;-53,47319399;"SPRF-PR";"DEL04-PR";"UOP01-DEL04-PR"
365207;2021-06-19;"sábado";"20:40:00";"SC";280;104;"SAO BENTO DO SUL";"Chuva";"Saída de leito carroçável";"Com Vítimas Feridas";"Plena Noite";"Crescente";"Garoa/Chuvisco";"Simples";"Declive";"Não";4;0;1;0;3;0;1;1;-26,317575;-49,388607;"SPRF-SC";"DEL06-SC";"UOP03-DEL06-SC"
365208;2021-06-19;"sábado";"20:40:00";"PR";116;188,7;"CAMPO DO TENENTE";"Velocidade Incompatível";"Saída de leito carroçável";"Com Vítimas Fatais";"Plena Noite";"Crescente";"Chuva";"Simples";"Curva";"Não";1;1;0;0;0;0;0;1;-25,939325;-49,6380209;"SPRF-PR";"DEL01-PR";"UOP03-DEL01-PR"
365209;2021-06-19;"sábado";"21:30:00";"PR";369;26,8;"CAMBARA";"Ingestão de álcool pelo condutor";"Saída de leito carroçável";"Com Vítimas Feridas";"Plena Noite";"Crescente";"Nublado";"Simples";"Curva";"Não";2;0;1;0;1;0;1;1;-23,03316088;-50,14187716;"SPRF-PR";"DEL07-PR";"UOP01-DEL07-PR"
365210;2021-06-19;"sábado";"20:00:00";"RS";480;65,8;"BARAO DE COTEGIPE";"Velocidade Incompatível";"Colisão traseira";"Sem Vítimas";"Plena Noite";"Crescente";"Chuva";"Simples";"Curva";"Não";2;0;0;0;2;0;0;2;-27,62694605;-52,36726105;"SPRF-RS";"DEL08-RS";"UOP04-DEL08-RS"
365211;2021-06-19;"sábado";"21:30:00";"BA";116;848,5;"VITORIA DA CONQUISTA";"Ultrapassagem Indevida";"Saída de leito carroçável";"Com Vítimas Feridas";"Plena Noite";"Decrescente";"Nevoeiro/Neblina";"Simples";"Reta";"Não";3;0;2;0;1;0;2;1;-14,9766721;-40,91649388;"SPRF-BA";"DEL08-BA";"UOP01-DEL08-BA"
365213;2021-06-19;"sábado";"21:50:00";"PR";369;152;"LONDRINA";"Pedestre cruzava a pista fora da faixa";"Atropelamento de Pedestre";"Com Vítimas Feridas";"Plena Noite";"Crescente";"Nublado";"Dupla";"Declive";"Sim";2;0;0;1;1;0;1;2;-23,29368287;-51,18735194;"SPRF-PR";"DEL07-PR";"UOP01-DEL07-PR"
365214;2021-06-19;"sábado";"20:15:00";"GO";60;377,5;"RIO VERDE";"Ausência de reação do condutor";"Saída de leito carroçável";"Sem Vítimas";"Plena Noite";"Decrescente";"Céu Claro";"Dupla";"Curva";"Sim";1;0;0;0;1;0;0;1;-17,739;-50,8729;"SPRF-GO";"DEL04-GO";"UOP01-DEL04-GO"
365215;2021-06-19;"sábado";"22:55:00";"SP";116;125;"CACAPAVA";"Velocidade Incompatível";"Saída de leito carroçável";"Com Vítimas Feridas";"Plena Noite";"Crescente";"Céu Claro";"Dupla";"Curva";"Sim";4;0;2;0;2;0;2;1;-23,09872598;-45,68608201;"SPRF-SP";"DEL02-SP";"UOP02-DEL02-SP"
365216;2021-06-19;"sábado";"21:30:00";"RR";174;514;"BOA VISTA";"Ingestão de álcool pelo condutor";"Colisão traseira";"Com Vítimas Feridas";"Plena Noite";"Decrescente";"Céu Claro";"Simples";"Reta";"Não";2;0;1;1;0;0;2;2;2,888931;-60,700974;"SPRF-RR";"DEL01-RR";"UOP01-DEL01-RR"
365217;2021-06-19;"sábado";"22:35:00";"PI";402;32,8;"PARNAIBA";"Ingestão de álcool pelo condutor";"Colisão lateral sentido oposto";"Sem Vítimas";"Plena Noite";"Decrescente";"Nublado";"Simples";"Interseção de Vias";"Sim";3;0;0;0;3;0;0;2;-2,93027479;-41,75202912;"SPRF-PI";"DEL05-PI";"UOP01-DEL05-PI"
365218;2021-06-19;"sábado";"19:49:00";"GO";70;474;"ARAGARCAS";"Acessar a via sem observar a presença dos outros veículos";"Colisão transversal";"Com Vítimas Feridas";"Plena Noite";"Decrescente";"Céu Claro";"Dupla";"Rotatória";"Sim";2;0;1;0;1;0;1;2;-15,89594625;-52,2514612;"SPRF-GO";"DEL04-GO";"UOP01-DEL04-GO"
365220;2021-06-19;"sábado";"22:30:00";"RJ";116;138;"DUQUE DE CAXIAS";"Reação tardia ou ineficiente do condutor";"Colisão lateral mesmo sentido";"Com Vítimas Feridas";"Plena Noite";"Decrescente";"Céu Claro";"Múltipla";"Reta";"Sim";4;0;1;1;2;0;2;3;-22,64697319;-43,19165101;"SPRF-RJ";"DEL04-RJ";"UOP02-DEL04-RJ"
365221;2021-06-19;"sábado";"23:25:00";"RS";285;459,2;"IJUI";"Ingestão de álcool pelo condutor";"Saída de leito carroçável";"Sem Vítimas";"Plena Noite";"Decrescente";"Nublado";"Simples";"Reta";"Não";1;0;0;0;1;0;0;1;-28,409056;-53,902336;"SPRF-RS";"DEL10-RS";"UOP01-DEL10-RS"
365222;2021-06-19;"sábado";"23:30:00";"SP";116;209;"GUARULHOS";"Ausência de reação do condutor";"Colisão com objeto";"Sem Vítimas";"Plena Noite";"Decrescente";"Nublado";"Múltipla";"Declive";"Sim";1;0;0;0;0;1;0;1;-23,42511799;-46,40221101;"SPRF-SP";"DEL01-SP";"UOP01-DEL01-SP"
365223;2021-06-19;"sábado";"18:10:00";"SC";470;53,5;"BLUMENAU";"Reação tardia ou ineficiente do condutor";"Colisão lateral mesmo sentido";"Sem Vítimas";"Plena Noite";"Decrescente";"Chuva";"Simples";"Reta";"Não";2;0;0;0;2;0;0;2;-26,867121;-49,102066;"SPRF-SC";"DEL04-SC";"UOP01-DEL04-SC"
365224;2021-06-19;"sábado";"23:20:00";"RS";290;104;"ELDORADO DO SUL";"Reação tardia ou ineficiente do condutor";"Saída de leito carroçável";"Com Vítimas Feridas";"Plena Noite";"Decrescente";"Garoa/Chuvisco";"Simples";"Retorno Regulamentado;Curva";"Sim";3;0;1;0;2;0;1;1;-29,993122;-51,275398;"SPRF-RS";"DEL02-RS";"UOP01-DEL02-RS"
365225;2021-06-19;"sábado";"22:50:00";"SC";470;1,4;"NAVEGANTES";"Manobra de mudança de faixa";"Colisão lateral mesmo sentido";"Com Vítimas Feridas";"Plena Noite";"Decrescente";"Chuva";"Múltipla";"Reta;Em Obras";"Sim";3;0;2;0;1;0;2;2;-26,875383;-48,668285;"SPRF-SC";"DEL04-SC";"UOP04-DEL04-SC"
365226;2021-06-19;"sábado";"23:00:00";"PB";104;108;"SAO SEBASTIAO DE LAGOA DE  ROCA";"Reação tardia ou ineficiente do condutor";"Colisão traseira";"Com Vítimas Feridas";"Plena Noite";"Crescente";"Vento";"Simples";"Reta";"Sim";2;0;1;0;0;1;1;2;-7,11161678;-35,86768356;"SPRF-PB";"DEL02-PB";"UOP04-DEL02-PB"
365229;2021-06-19;"sábado";"23:40:00";"SC";101;203,2;"SAO JOSE";"Ingestão de álcool pelo condutor";"Capotamento";"Sem Vítimas";"Plena Noite";"Crescente";"Chuva";"Dupla";"Curva";"Sim";1;0;0;0;1;0;0;1;-27,5650044;-48,61460082;"SPRF-SC";"DEL01-SC";"UOP01-DEL01-SC"
365230;2021-06-19;"sábado";"23:15:00";"PR";376;621;"SAO JOSE DOS PINHAIS";"Ingestão de álcool pelo condutor";"Colisão com objeto";"Com Vítimas Feridas";"Plena Noite";"Crescente";"Garoa/Chuvisco";"Dupla";"Declive;Reta";"Não";3;0;1;0;2;0;1;1;-25,62446;-49,166291;"SPRF-PR";"DEL01-PR";"UOP04-DEL01-PR"
365231;2021-06-19;"sábado";"23:30:00";"SC";470;127,7;"LONTRAS";"Velocidade Incompatível";"Saída de leito carroçável";"Com Vítimas Feridas";"Plena Noite";"Decrescente";"Chuva";"Simples";"Curva";"Sim";1;0;1;0;0;0;1;1;-27,13102847;-49,53872681;"SPRF-SC";"DEL04-SC";"UOP02-DEL04-SC"
365232;2021-06-19;"sábado";"23:45:00";"RS";470;226;"GARIBALDI";"Ingestão de álcool pelo condutor";"Colisão com objeto";"Sem Vítimas";"Plena Noite";"Decrescente";"Nevoeiro/Neblina";"Simples";"Curva";"Sim";3;0;0;0;3;0;0;1;-29,25458456;-51,51153445;"SPRF-RS";"DEL06-RS";"UOP01-DEL06-RS"
365233;2021-06-19;"sábado";"17:30:00";"RJ";40;101;"DUQUE DE CAXIAS";"Velocidade Incompatível";"Tombamento";"Com Vítimas Feridas";"Plena Noite";"Decrescente";"Nublado";"Simples";"Rotatória";"Não";1;0;1;0;0;0;1;1;-22,60246485;-43,28380739;"SPRF-RJ";"DEL01-RJ";"UOP01-DEL01-RJ"
365234;2021-06-19;"sábado";"19:50:00";"BA";324;586;"CANDEIAS";"Animais na Pista";"Atropelamento de Animal";"Com Vítimas Fatais";"Plena Noite";"Crescente";"Nublado";"Dupla";"Reta";"Não";5;1;2;0;2;0;2;3;-12,63864013;-38,47736247;"SPRF-BA";"DEL01-BA";"UOP01-DEL01-BA"
365236;2021-06-20;"domingo";"00:20:00";"BA";116;814;"VITORIA DA CONQUISTA";"Condutor deixou de manter distância do veículo da frente";"Colisão traseira";"Sem Vítimas";"Plena Noite";"Crescente";"Garoa/Chuvisco";"Simples";"Reta";"Sim";5;0;0;0;4;1;0;2;-14,80722677;-40,78726262;"SPRF-BA";"DEL08-BA";"UOP01-DEL08-BA"
365237;2021-06-20;"domingo";"00:45:00";"PR";376;642;"TIJUCAS DO SUL";"Avarias e/ou desgaste excessivo no pneu";"Saída de leito carroçável";"Com Vítimas Feridas";"Plena Noite";"Crescente";"Chuva";"Dupla";"Reta";"Não";4;0;1;0;3;0;1;1;-25,80184115;-49,13000965;"SPRF-PR";"DEL01-PR";"UOP04-DEL01-PR"
365238;2021-06-19;"sábado";"19:00:00";"BA";324;304;"CAEM";"Manobra de mudança de faixa";"Colisão frontal";"Com Vítimas Fatais";"Pleno dia";"Crescente";"Nublado";"Simples";"Aclive;Reta";"Não";2;1;1;0;0;0;1;2;-11,20858684;-40,47002792;"SPRF-BA";"DEL04-BA";"UOP02-DEL04-BA"
365239;2021-06-19;"sábado";"23:52:00";"AP";156;820;"OIAPOQUE";"Iluminação deficiente";"Colisão traseira";"Com Vítimas Fatais";"Plena Noite";"Crescente";"Ignorado";"Simples";"Reta";"Sim";2;1;0;0;1;0;0;2;3,83878842;-51,81774523;"SPRF-AP";"DEL01-AP";"UOP03-DEL01-AP"
365240;2021-06-20;"domingo";"01:30:00";"RJ";101;49;"CAMPOS DOS GOYTACAZES";"Demais falhas mecânicas ou elétricas";"Colisão com objeto";"Sem Vítimas";"Plena Noite";"Crescente";"Nublado";"Simples";"Reta";"Não";1;0;0;0;0;1;0;1;-21,62508006;-41,31411242;"SPRF-RJ";"DEL08-RJ";"UOP01-DEL08-RJ"
365241;2021-06-20;"domingo";"00:20:00";"MG";262;443,2;"NOVA SERRANA";"Velocidade Incompatível";"Capotamento";"Com Vítimas Feridas";"Plena Noite";"Crescente";"Sol";"Dupla";"Reta";"Sim";1;0;1;0;0;0;1;1;-19,87097803;-44,97586012;"SPRF-MG";"DEL08-MG";"UOP03-DEL08-MG"
365242;2021-06-19;"sábado";"13:20:00";"SC";280;73,7;"JARAGUA DO SUL";"Reação tardia ou ineficiente do condutor";"Saída de leito carroçável";"Com Vítimas Feridas";"Pleno dia";"Decrescente";"Chuva";"Simples";"Curva";"Não";1;0;0;1;0;0;1;1;-26,45850969;-49,17209029;"SPRF-SC";"DEL03-SC";"UOP03-DEL03-SC"
365243;2021-06-20;"domingo";"00:00:00";"MG";116;74;"MEDINA";"Reação tardia ou ineficiente do condutor";"Tombamento";"Com Vítimas Feridas";"Plena Noite";"Decrescente";"Garoa/Chuvisco";"Simples";"Reta";"Não";1;0;0;1;0;0;1;1;-16,23556;-41,47365;"SPRF-MG";"DEL11-MG";"UOP02-DEL11-MG"
365244;2021-06-20;"domingo";"01:30:00";"DF";60;1;"BRASILIA";"Acessar a via sem observar a presença dos outros veículos";"Colisão transversal";"Sem Vítimas";"Plena Noite";"Crescente";"Céu Claro";"Dupla";"Reta";"Não";5;0;0;0;5;0;0;2;-15,885093;-48,068954;"SPRF-DF";"DEL03-DF";"UOP01-DEL03-DF"
365245;2021-06-20;"domingo";"02:30:00";"AC";317;266;"EPITACIOLANDIA";"Demais falhas na via";"Saída de leito carroçável";"Com Vítimas Feridas";"Plena Noite";"Crescente";"Nublado";"Simples";"Em Obras";"Não";4;0;4;0;0;0;4;1;-10,91030889;-68,56648211;"SPRF-AC";"DEL01-AC";"UOP02-DEL01-AC"
365246;2021-06-20;"domingo";"00:30:00";"SC";101;85,1;"BARRA VELHA";"Deficiência do Sistema de Iluminação/Sinalização";"Colisão lateral mesmo sentido";"Com Vítimas Feridas";"Plena Noite";"Decrescente";"Chuva";"Dupla";"Reta";"Sim";2;0;1;0;1;0;1;2;-26,63218725;-48,70280564;"SPRF-SC";"DEL03-SC";"UOP02-DEL03-SC"
365247;2021-06-20;"domingo";"01:50:00";"PR";476;136,9;"CURITIBA";"Condutor desrespeitou a iluminação vermelha do semáforo";"Colisão transversal";"Com Vítimas Feridas";"Plena Noite";"Crescente";"Céu Claro";"Dupla";"Interseção de Vias";"Sim";2;0;0;1;1;0;1;2;-25,491047;-49,271679;"SPRF-PR";"DEL01-PR";"UOP03-DEL01-PR"
365248;2021-06-20;"domingo";"02:05:00";"RJ";101;484;"ANGRA DOS REIS";"Acessar a via sem observar a presença dos outros veículos";"Colisão transversal";"Com Vítimas Feridas";"Plena Noite";"Crescente";"Nublado";"Dupla";"Reta";"Sim";2;0;1;0;1;0;1;2;-22,983739;-44,296219;"SPRF-RJ";"DEL03-RJ";"UOP03-DEL03-RJ"
365251;2021-06-20;"domingo";"00:20:00";"MT";163;835;"SINOP";"Reação tardia ou ineficiente do condutor";"Queda de ocupante de veículo";"Com Vítimas Feridas";"Plena Noite";"Decrescente";"Céu Claro";"Simples";"Retorno Regulamentado";"Sim";1;0;1;0;0;0;1;1;-11,866509;-55,496839;"SPRF-MT";"DEL06-MT";"UOP01-DEL06-MT"
365252;2021-06-20;"domingo";"01:30:00";"MA";10;235;"GOVERNADOR EDISON LOBAO";"Ingestão de álcool pelo condutor";"Colisão traseira";"Com Vítimas Feridas";"Plena Noite";"Crescente";"Céu Claro";"Simples";"Reta";"Sim";4;0;2;0;1;1;2;2;-5,663064;-47,384014;"SPRF-MA";"DEL04-MA";"UOP01-DEL04-MA"
365253;2021-06-19;"sábado";"16:00:00";"PI";135;601;"CORRENTE";"Ingestão de álcool pelo condutor";"Queda de ocupante de veículo";"Com Vítimas Feridas";"Pleno dia";"Decrescente";"Céu Claro";"Simples";"Reta";"Não";1;0;0;1;0;0;1;1;-10,52371977;-45,19292143;"SPRF-PI";"DEL03-PI";"UOP02-DEL03-PI"
365254;2021-06-20;"domingo";"03:30:00";"RS";392;344;"SANTA MARIA";"Pedestre andava na pista";"Atropelamento de Pedestre";"Com Vítimas Feridas";"Pleno dia";"Decrescente";"Céu Claro";"Simples";"Reta";"Sim";3;0;0;1;2;0;1;2;-29,7877691;-53,78226228;"SPRF-RS";"DEL09-RS";"UOP01-DEL09-RS"
365256;2021-06-20;"domingo";"02:10:00";"ES";101;441;"MIMOSO DO SUL";"Mal súbito do condutor";"Queda de ocupante de veículo";"Com Vítimas Feridas";"Plena Noite";"Decrescente";"Nublado";"Simples";"Reta";"Não";1;0;1;0;0;0;1;1;-21,08329589;-41,24202612;"SPRF-ES";"DEL03-ES";"UOP02-DEL03-ES"
365259;2021-06-20;"domingo";"02:50:00";"MG";262;59,2;"MANHUACU";"Animais na Pista";"Atropelamento de Animal";"Com Vítimas Feridas";"Plena Noite";"Crescente";"Céu Claro";"Simples";"Reta";"Não";1;0;1;0;0;0;1;1;-20,28276197;-42,20329303;"SPRF-MG";"DEL06-MG";"UOP03-DEL06-MG"
365260;2021-06-20;"domingo";"04:30:00";"RJ";116;121;"MAGE";"Condutor Dormindo";"Saída de leito carroçável";"Com Vítimas Feridas";"Plena Noite";"Crescente";"Nublado";"Dupla";"Reta";"Não";1;0;1;0;0;0;1;1;-22,62881711;-43,04922889;"SPRF-RJ";"DEL04-RJ";"UOP02-DEL04-RJ"
365261;2021-06-20;"domingo";"04:25:00";"PE";101;70,4;"RECIFE";"Pedestre cruzava a pista fora da faixa";"Atropelamento de Pedestre";"Com Vítimas Fatais";"Amanhecer";"Crescente";"Nublado";"Dupla";"Reta";"Sim";2;1;0;0;0;1;0;2;-8,06776119;-34,94265074;"SPRF-PE";"DEL01-PE";"UOP01-DEL01-PE"
365262;2021-06-20;"domingo";"04:30:00";"RJ";101;296;"SAO GONCALO";"Reação tardia ou ineficiente do condutor";"Tombamento";"Com Vítimas Feridas";"Plena Noite";"Crescente";"Garoa/Chuvisco";"Múltipla";"Reta";"Sim";2;0;1;0;0;1;1;1;-22,7670498;-42,91019601;"SPRF-RJ";"DEL02-RJ";"UOP02-DEL02-RJ"
365263;2021-06-20;"domingo";"05:30:00";"RJ";101;56,2;"CAMPOS DOS GOYTACAZES";"Condutor deixou de manter distância do veículo da frente";"Colisão traseira";"Com Vítimas Feridas";"Amanhecer";"Decrescente";"Céu Claro";"Simples";"Reta";"Não";2;0;1;0;0;1;1;2;-21,68714199;-41,31063697;"SPRF-RJ";"DEL08-RJ";"UOP01-DEL08-RJ"
365265;2021-06-19;"sábado";"13:30:00";"SC";470;75;"INDAIAL";"Chuva";"Saída de leito carroçável";"Com Vítimas Feridas";"Pleno dia";"Crescente";"Chuva";"Simples";"Reta";"Sim";2;0;1;1;0;0;2;1;-26,924833;-49,284004;"SPRF-SC";"DEL04-SC";"UOP01-DEL04-SC"
365267;2021-06-20;"domingo";"05:45:00";"PB";230;23;"JOAO PESSOA";"Ingestão de álcool pelo condutor";"Tombamento";"Com Vítimas Feridas";"Amanhecer";"Crescente";"Céu Claro";"Dupla";"Reta";"Sim";1;0;1;0;0;0;1;1;-7,1562;-34,8574;"SPRF-PB";"DEL01-PB";"UOP01-DEL01-PB"
365268;2021-06-20;"domingo";"03:25:00";"RO";364;423,7;"JARU";"Ingestão de álcool pelo condutor";"Colisão com objeto";"Sem Vítimas";"Plena Noite";"Crescente";"Céu Claro";"Simples";"Ponte";"Sim";1;0;0;0;1;0;0;1;-10,45220802;-62,46072003;"SPRF-RO";"DEL03-RO";"UOP02-DEL03-RO"
365269;2021-06-20;"domingo";"04:30:00";"SC";280;52,3;"GUARAMIRIM";"Obras na pista";"Colisão com objeto";"Com Vítimas Feridas";"Plena Noite";"Decrescente";"Chuva";"Simples";"Em Obras";"Sim";3;0;0;2;1;0;2;2;-26,468904;-48,96492;"SPRF-SC";"DEL03-SC";"UOP03-DEL03-SC"