"id";"data_inversa";"dia_semana";"horario";"uf";"br";"km";"municipio";"causa_acidente";"tipo_acidente";"classificacao_acidente";"fase_dia";"sentido_via";"condicao_metereologica";"tipo_pista";"tracado_via";"uso_solo";"pessoas";"mortos";"feridos_leves";"feridos_graves";"ilesos";"ignorados";"feridos";"veiculos";"latitude";"longitude";"regional";"delegacia";"uop"
365270;2021-06-20;"domingo";"05:55:00";"DF";70;8;"BRASILIA";"Transitar no acostamento";"Colisão traseira";"Com Vítimas Feridas";"Amanhecer";"Decrescente";"Céu Claro";"Dupla";"Reta";"Sim";3;0;0;1;0;2;1;3;-15,784966;-48,122108;"SPRF-DF";"DEL03-DF";"UOP02-DEL03-DF"
365271;2021-06-20;"domingo";"06:15:00";"GO";60;380;"RIO VERDE";"Reação tardia ou ineficiente do condutor";"Saída de leito carroçável";"Com Vítimas Feridas";"Amanhecer";"Decrescente";"Céu Claro";"Dupla";"Reta";"Sim";1;0;1;0;0;0;1;1;-17,7646;-50,8822;"SPRF-GO";"DEL04-GO";"UOP01-DEL04-GO"
365272;2021-06-20;"domingo";"06:30:00";"RN";101;116,6;"SAO JOSE DE MIPIBU";"Demais falhas mecânicas ou elétricas";"Incêndio";"Sem Vítimas";"Pleno dia";"Decrescente";"Nublado";"Dupla";"Retorno Regulamentado";"Sim";1;0;0;0;0;1;0;1;-5,99923408;-35,26039018;"SPRF-RN";"DEL01-RN";"UOP01-DEL01-RN"
365273;2021-06-20;"domingo";"05:50:00";"GO";60;48;"ABADIANIA";"Condutor Dormindo";"Saída de leito carroçável";"Com Vítimas Feridas";"Amanhecer";"Decrescente";"Céu Claro";"Dupla";"Declive";"Não";1;0;1;0;0;0;1;1;-16,1529;-48,6109;"SPRF-GO";"DEL02-GO";"UOP01-DEL02-GO"
365278;2021-06-20;"domingo";"05:30:00";"MS";163;509,9;"JARAGUARI";"Avarias e/ou desgaste excessivo no pneu";"Tombamento";"Com Vítimas Feridas";"Amanhecer";"Decrescente";"Nublado";"Dupla";"Reta";"Não";2;0;2;0;0;0;2;1;-20,25417999;-54,48233305;"SPRF-MS";"DEL01-MS";"UOP02-DEL01-MS"
365279;2021-06-20;"domingo";"06:00:00";"PR";476;119,5;"COLOMBO";"Condutor Dormindo";"Colisão com objeto";"Sem Vítimas";"Amanhecer";"Decrescente";"Chuva";"Dupla";"Reta";"Sim";1;0;0;0;1;0;0;1;-25,364202;-49,185825;"SPRF-PR";"DEL01-PR";"UOP02-DEL01-PR"
365281;2021-06-20;"domingo";"04:30:00";"MT";174;556;"COMODORO";"Velocidade Incompatível";"Saída de leito carroçável";"Com Vítimas Fatais";"Plena Noite";"Crescente";"Nevoeiro/Neblina";"Simples";"Curva";"Não";2;1;0;0;1;0;0;1;-13,08219702;-59,89304209;"SPRF-RO";"DEL04-RO";"UOP01-DEL04-RO"
365282;2021-06-20;"domingo";"05:50:00";"RJ";101;327;"RIO DE JANEIRO";"Ingestão de álcool e/ou substâncias psicoativas pelo pedestre";"Colisão traseira";"Com Vítimas Feridas";"Amanhecer";"Crescente";"Céu Claro";"Dupla";"Declive";"Sim";5;0;1;0;4;0;1;3;-22,87099536;-43,15594912;"SPRF-RJ";"DEL02-RJ";"UOP02-DEL02-RJ"
365283;2021-06-20;"domingo";"03:40:00";"PR";116;64;"CAMPINA GRANDE DO SUL";"Chuva";"Colisão com objeto";"Com Vítimas Feridas";"Plena Noite";"Crescente";"Garoa/Chuvisco";"Dupla";"Reta";"Não";1;0;1;0;0;0;1;1;-25,30617192;-48,99337399;"SPRF-PR";"DEL01-PR";"UOP02-DEL01-PR"
365284;2021-05-30;"domingo";"17:30:00";"MG";365;568;"INDIANOPOLIS";"Reação tardia ou ineficiente do condutor";"Colisão lateral mesmo sentido";"Com Vítimas Feridas";"Anoitecer";"Decrescente";"Ignorado";"Simples";"Reta";"Não";4;0;3;0;0;1;3;2;-18,91011047;-47,87552923;"SPRF-MG";"DEL15-MG";"UOP02-DEL15-MG"
365285;2021-06-20;"domingo";"07:30:00";"MG";40;42,2;"PARACATU";"Acessar a via sem observar a presença dos outros veículos";"Colisão transversal";"Com Vítimas Feridas";"Pleno dia";"Crescente";"Céu Claro";"Simples";"Rotatória;Curva;Interseção de Vias";"Sim";2;0;1;0;1;0;1;2;-17,22222702;-46,86602354;"SPRF-MG";"DEL14-MG";"UOP01-DEL14-MG"
365286;2021-05-31;"segunda-feira";"00:36:00";"PE";428;187;"PETROLINA";"Acumulo de areia ou detritos sobre o pavimento";"Queda de ocupante de veículo";"Com Vítimas Feridas";"Plena Noite";"Crescente";"Céu Claro";"Simples";"Reta";"Sim";1;0;0;1;0;0;1;1;-9,361863;-40,481571;"SPRF-PE";"DEL06-PE";"UOP01-DEL06-PE"
365288;2021-06-20;"domingo";"07:30:00";"RN";101;80,8;"SAO GONCALO DO AMARANTE";"Ingestão de álcool pelo condutor";"Colisão traseira";"Sem Vítimas";"Pleno dia";"Decrescente";"Sol";"Dupla";"Reta";"Sim";2;0;0;0;2;0;0;2;-5,75852229;-35,28806121;"SPRF-RN";"DEL02-RN";"UOP01-DEL02-RN"
365289;2021-06-20;"domingo";"00:30:00";"SP";381;86;"SAO PAULO";"Velocidade Incompatível";"Colisão com objeto";"Sem Vítimas";"Plena Noite";"Decrescente";"Nublado";"Dupla";"Reta";"Não";1;0;0;0;0;1;0;1;-23,45930499;-46,57161179;"SPRF-SP";"DEL03-SP";"UOP01-DEL03-SP"
365290;2021-06-20;"domingo";"08:00:00";"GO";60;48;"ABADIANIA";"Velocidade Incompatível";"Saída de leito carroçável";"Com Vítimas Fatais";"Pleno dia";"Crescente";"Céu Claro";"Dupla";"Reta";"Não";1;1;0;0;0;0;0;1;-16,1529;-48,6109;"SPRF-GO";"DEL02-GO";"UOP01-DEL02-GO"
365291;2021-06-19;"sábado";"21:25:00";"MG";381;499;"BETIM";"Demais falhas mecânicas ou elétricas";"Incêndio";"Sem Vítimas";"Plena Noite";"Decrescente";"Céu Claro";"Simples";"Reta";"Não";1;0;0;0;0;1;0;1;-20,01792651;-44,2261448;"SPRF-MG";"DEL01-MG";"UOP03-DEL01-MG"
365292;2021-06-20;"domingo";"01:10:00";"MA";135;184,7;"SAO MATEUS DO MARANHAO";"Ingestão de álcool pelo condutor";"Colisão lateral sentido oposto";"Com Vítimas Feridas";"Plena Noite";"Decrescente";"Céu Claro";"Simples";"Reta";"Não";3;0;2;0;0;1;2;2;-4,05539603;-44,47297391;"SPRF-MA";"DEL03-MA";"UOP01-DEL03-MA"
365293;2021-06-20;"domingo";"07:30:00";"PR";272;553;"TERRA ROXA";"Condutor Dormindo";"Saída de leito carroçável";"Com Vítimas Feridas";"Pleno dia";"Crescente";"Nublado";"Simples";"Curva";"Não";2;0;0;1;1;0;1;1;-24,08395803;-54,08657001;"SPRF-PR";"DEL06-PR";"UOP01-DEL06-PR"
365294;2021-06-20;"domingo";"07:55:00";"SC";101;191;"BIGUACU";"Pista Escorregadia";"Colisão com objeto";"Com Vítimas Feridas";"Pleno dia";"Decrescente";"Nublado";"Dupla";"Curva";"Não";4;0;3;1;0;0;4;1;-27,47730273;-48,64127329;"SPRF-SC";"DEL01-SC";"UOP01-DEL01-SC"
365295;2021-06-20;"domingo";"05:30:00";"PR";476;141;"CURITIBA";"Reação tardia ou ineficiente do condutor";"Colisão com objeto";"Com Vítimas Feridas";"Amanhecer";"Decrescente";"Nublado";"Simples";"Reta";"Sim";1;0;1;0;0;0;1;1;-25,528614;-49,298798;"SPRF-PR";"DEL01-PR";"UOP03-DEL01-PR"
365296;2021-06-20;"domingo";"02:00:00";"RR";401;107;"BONFIM";"Demais falhas na via";"Saída de leito carroçável";"Com Vítimas Feridas";"Plena Noite";"Crescente";"Céu Claro";"Simples";"Rotatória";"Não";1;0;1;0;0;0;1;1;3,31070573;-59,94586945;"SPRF-RR";"DEL01-RR";"UOP01-DEL01-RR"
365300;2021-06-20;"domingo";"08:20:00";"SC";101;186;"BIGUACU";"Reação tardia ou ineficiente do condutor";"Colisão com objeto";"Com Vítimas Feridas";"Pleno dia";"Crescente";"Nublado";"Múltipla";"Curva";"Sim";2;0;2;0;0;0;2;1;-27,4341098;-48,62567129;"SPRF-SC";"DEL01-SC";"UOP01-DEL01-SC"
365301;2021-06-20;"domingo";"02:30:00";"MG";116;402,4;"GOVERNADOR VALADARES";"Frear bruscamente";"Saída de leito carroçável";"Com Vítimas Feridas";"Plena Noite";"Crescente";"Céu Claro";"Simples";"Curva";"Não";2;0;0;2;0;0;2;1;-18,7960839;-41,98926144;"SPRF-MG";"DEL06-MG";"UOP01-DEL06-MG"
365302;2021-06-20;"domingo";"08:20:00";"PE";101;70;"RECIFE";"Velocidade Incompatível";"Saída de leito carroçável";"Com Vítimas Feridas";"Pleno dia";"Crescente";"Céu Claro";"Dupla";"Reta";"Sim";1;0;1;0;0;0;1;1;-8,06776119;-34,94265074;"SPRF-PE";"DEL01-PE";"UOP01-DEL01-PE"
365303;2021-06-20;"domingo";"08:05:00";"SC";470;55,5;"BLUMENAU";"Ingestão de álcool pelo condutor";"Colisão transversal";"Com Vítimas Feridas";"Pleno dia";"Decrescente";"Nublado";"Simples";"Reta";"Sim";7;0;2;3;2;0;5;4;-26,875601;-49,117992;"SPRF-SC";"DEL04-SC";"UOP01-DEL04-SC"
365304;2021-06-20;"domingo";"07:30:00";"PI";343;314,1;"ALTOS";"Condutor deixou de manter distância do veículo da frente";"Colisão traseira";"Com Vítimas Feridas";"Pleno dia";"Decrescente";"Céu Claro";"Simples";"Reta";"Sim";2;0;1;0;1;0;1;2;-5,047346;-42,518414;"SPRF-PI";"DEL01-PI";"UOP01-DEL01-PI"
365305;2021-06-20;"domingo";"06:30:00";"RJ";101;283;"ITABORAI";"Ausência de reação do condutor";"Queda de ocupante de veículo";"Com Vítimas Feridas";"Amanhecer";"Crescente";"Nublado";"Dupla";"Curva";"Sim";2;0;1;0;1;0;1;1;-22,73591014;-42,80592689;"SPRF-RJ";"DEL02-RJ";"UOP03-DEL02-RJ"
365306;2021-06-20;"domingo";"07:45:00";"ES";101;149;"LINHARES";"Ingestão de álcool pelo condutor";"Colisão com objeto";"Sem Vítimas";"Pleno dia";"Decrescente";"Céu Claro";"Dupla";"Reta";"Sim";1;0;0;0;1;0;0;1;-19,39619083;-40,06435871;"SPRF-ES";"DEL04-ES";"UOP01-DEL04-ES"
365307;2021-06-20;"domingo";"00:00:00";"AC";317;266;"EPITACIOLANDIA";"Sinalização mal posicionada";"Saída de leito carroçável";"Com Vítimas Feridas";"Plena Noite";"Crescente";"Nevoeiro/Neblina";"Simples";"Em Obras";"Não";3;0;3;0;0;0;3;1;-10,91030889;-68,56648211;"SPRF-AC";"DEL01-AC";"UOP02-DEL01-AC"
365308;2021-06-20;"domingo";"09:30:00";"DF";60;0,1;"BRASILIA";"Condutor deixou de manter distância do veículo da frente";"Colisão traseira";"Com Vítimas Feridas";"Pleno dia";"Decrescente";"Céu Claro";"Dupla";"Reta";"Não";3;0;2;0;1;0;2;2;-15,882499;-48,060212;"SPRF-DF";"DEL03-DF";"UOP01-DEL03-DF"
365311;2021-06-20;"domingo";"10:25:00";"MG";381;487,9;"BETIM";"Avarias e/ou desgaste excessivo no pneu";"Tombamento";"Com Vítimas Feridas";"Pleno dia";"Crescente";"Céu Claro";"Dupla";"Curva";"Sim";2;0;2;0;0;0;2;1;-19,95586853;-44,14609501;"SPRF-MG";"DEL01-MG";"UOP03-DEL01-MG"
365314;2021-06-20;"domingo";"05:35:00";"SP";381;30;"ATIBAIA";"Condutor Dormindo";"Saída de leito carroçável";"Sem Vítimas";"Plena Noite";"Decrescente";"Nublado";"Dupla";"Reta";"Não";1;0;0;0;0;1;0;1;-23,04885102;-46,56482797;"SPRF-SP";"DEL03-SP";"UOP01-DEL03-SP"
365315;2021-06-20;"domingo";"10:10:00";"BA";324;570,5;"SAO SEBASTIAO DO PASSE";"Reação tardia ou ineficiente do condutor";"Saída de leito carroçável";"Com Vítimas Feridas";"Pleno dia";"Decrescente";"Nublado";"Múltipla";"Reta";"Não";2;0;2;0;0;0;2;1;-12,54603889;-38,58142792;"SPRF-BA";"DEL01-BA";"UOP01-DEL01-BA"
365317;2021-06-20;"domingo";"10:54:00";"PB";101;82;"BAYEUX";"Velocidade Incompatível";"Colisão com objeto";"Com Vítimas Feridas";"Pleno dia";"Decrescente";"Céu Claro";"Simples";"Reta";"Sim";2;0;2;0;0;0;2;1;-7,12911;-34,93714;"SPRF-PB";"DEL01-PB";"UOP01-DEL01-PB"
365318;2021-06-20;"domingo";"10:30:00";"CE";116;441,4;"BARRO";"Condutor deixou de manter distância do veículo da frente";"Colisão traseira";"Com Vítimas Feridas";"Pleno dia";"Decrescente";"Céu Claro";"Simples";"Curva";"Sim";5;0;0;1;4;0;1;2;-7,03653685;-38,77400221;"SPRF-CE";"DEL05-CE";"UOP03-DEL05-CE"
365321;2021-06-20;"domingo";"05:00:00";"SP";153;161,2;"PROMISSAO";"Ingestão de álcool pelo condutor";"Saída de leito carroçável";"Sem Vítimas";"Plena Noite";"Crescente";"Nublado";"Simples";"Interseção de Vias";"Não";2;0;0;0;2;0;0;1;-21,51633598;-49,78087709;"SPRF-SP";"DEL07-SP";"UOP01-DEL07-SP"
365323;2021-06-20;"domingo";"09:10:00";"MT";163;1041;"MATUPA";"Transitar na contramão";"Colisão transversal";"Com Vítimas Feridas";"Pleno dia";"Crescente";"Céu Claro";"Simples";"Reta";"Sim";2;0;1;0;1;0;1;2;-10,161507;-54,935246;"SPRF-MT";"DEL06-MT";"NPF/DEL06-MT"
365326;2021-06-20;"domingo";"11:53:00";"RN";304;97;"NATAL";"Condutor deixou de manter distância do veículo da frente";"Colisão traseira";"Com Vítimas Feridas";"Pleno dia";"Decrescente";"Céu Claro";"Múltipla";"Reta";"Sim";2;0;1;0;1;0;1;2;-5,85477758;-35,2114284;"SPRF-RN";"DEL04-RN";"UOP01-DEL04-RN"
365327;2021-06-20;"domingo";"12:00:00";"MG";262;363;"JUATUBA";"Condutor deixou de manter distância do veículo da frente";"Colisão traseira";"Com Vítimas Feridas";"Pleno dia";"Crescente";"Céu Claro";"Dupla";"Túnel";"Sim";2;0;1;0;1;0;1;2;-19,98332997;-44,23572401;"SPRF-MG";"DEL01-MG";"UOP03-DEL01-MG"
365333;2021-06-20;"domingo";"10:23:00";"RR";401;4;"CANTA";"Estacionar ou parar em local proibido";"Colisão traseira";"Com Vítimas Feridas";"Pleno dia";"Decrescente";"Céu Claro";"Dupla";"Reta";"Sim";3;0;0;1;2;0;1;2;2,79803465;-60,63470548;"SPRF-RR";"DEL01-RR";"UOP01-DEL01-RR"
365335;2021-06-20;"domingo";"12:45:00";"SC";101;223;"PALHOCA";"Trafegar com motocicleta (ou similar) entre as faixas";"Atropelamento de Pedestre";"Com Vítimas Feridas";"Pleno dia";"Crescente";"Céu Claro";"Dupla";"Reta";"Não";2;0;0;1;1;0;1;2;-27,71552634;-48,64881251;"SPRF-SC";"DEL01-SC";"UOP02-DEL01-SC"
365336;2021-06-20;"domingo";"10:35:00";"MG";116;541,5;"SANTA RITA DE MINAS";"Condutor deixou de manter distância do veículo da frente";"Colisão traseira";"Com Vítimas Feridas";"Pleno dia";"Crescente";"Céu Claro";"Simples";"Reta";"Não";3;0;2;0;0;1;2;2;-19,89438795;-42,13395072;"SPRF-MG";"DEL06-MG";"UOP02-DEL06-MG"
365337;2021-06-20;"domingo";"12:15:00";"PR";376;665;"GUARATUBA";"Pista Escorregadia";"Saída de leito carroçável";"Com Vítimas Feridas";"Pleno dia";"Crescente";"Chuva";"Múltipla";"Curva";"Não";3;0;1;0;2;0;1;1;-25,85455838;-48,95670808;"SPRF-PR";"DEL01-PR";"UOP04-DEL01-PR"
365338;2021-06-20;"domingo";"12:25:00";"RJ";40;100;"DUQUE DE CAXIAS";"Acesso irregular";"Colisão transversal";"Com Vítimas Feridas";"Pleno dia";"Decrescente";"Céu Claro";"Simples";"Curva";"Não";2;0;0;1;1;0;1;2;-22,59404803;-43,28079889;"SPRF-RJ";"DEL01-RJ";"UOP01-DEL01-RJ"
365339;2021-06-20;"domingo";"13:00:00";"SP";116;114;"TAUBATE";"Ausência de reação do condutor";"Colisão traseira";"Com Vítimas Feridas";"Pleno dia";"Crescente";"Céu Claro";"Dupla";"Reta";"Sim";2;0;1;0;1;0;1;2;-23,04654177;-45,59018006;"SPRF-SP";"DEL02-SP";"UOP02-DEL02-SP"
365340;2021-06-20;"domingo";"13:31:00";"ES";101;53,7;"CONCEICAO DA BARRA";"Ingestão de álcool pelo condutor";"Colisão traseira";"Sem Vítimas";"Pleno dia";"Decrescente";"Céu Claro";"Simples";"Aclive";"Não";6;0;0;0;4;2;0;3;-18,61198007;-39,88449824;"SPRF-ES";"DEL04-ES";"UOP02-DEL04-ES"
365341;2021-06-20;"domingo";"12:00:00";"ES";482;62,4;"JERONIMO MONTEIRO";"Retorno proibido";"Colisão frontal";"Com Vítimas Feridas";"Pleno dia";"Crescente";"Sol";"Simples";"Aclive";"Sim";2;0;1;0;0;1;1;2;-20,79349282;-41,37909587;"SPRF-ES";"DEL03-ES";"UOP02-DEL03-ES"
365342;2021-06-20;"domingo";"12:50:00";"MG";267;130,1;"JUIZ DE FORA";"Acumulo de areia ou detritos sobre o pavimento";"Queda de ocupante de veículo";"Com Vítimas Feridas";"Pleno dia";"Decrescente";"Nublado";"Simples";"Curva";"Não";1;0;1;0;0;0;1;1;-21,75025131;-43,57819387;"SPRF-MG";"DEL05-MG";"UOP01-DEL05-MG"
365343;2021-06-20;"domingo";"14:30:00";"SC";280;25,3;"ARAQUARI";"Acesso irregular";"Colisão traseira";"Com Vítimas Feridas";"Pleno dia";"Decrescente";"Nublado";"Simples";"Reta";"Sim";2;0;1;0;1;0;1;2;-26,38352781;-48,72677516;"SPRF-SC";"DEL03-SC";"UOP03-DEL03-SC"
365344;2021-06-20;"domingo";"13:10:00";"MG";40;805,8;"MATIAS BARBOSA";"Velocidade Incompatível";"Colisão traseira";"Com Vítimas Feridas";"Pleno dia";"Crescente";"Céu Claro";"Dupla";"Declive;Reta";"Não";3;0;1;0;1;1;1;2;-21,86534291;-43,36765294;"SPRF-MG";"DEL05-MG";"UOP01-DEL05-MG"
365346;2021-06-20;"domingo";"02:00:00";"SC";282;115,6;"ALFREDO WAGNER";"Velocidade Incompatível";"Saída de leito carroçável";"Sem Vítimas";"Plena Noite";"Decrescente";"Chuva";"Simples";"Curva";"Não";2;0;0;0;1;1;0;2;-27,755424;-49,39444;"SPRF-SC";"DEL01-SC";"UOP03-DEL01-SC"
365347;2021-06-20;"domingo";"13:45:00";"CE";20;405;"CAUCAIA";"Acessar a via sem observar a presença dos outros veículos";"Colisão transversal";"Com Vítimas Feridas";"Pleno dia";"Crescente";"Céu Claro";"Simples";"Reta";"Não";2;0;1;0;1;0;1;2;-3,7740804;-38,6780848;"SPRF-CE";"DEL01-CE";"UOP01-DEL01-CE"
365348;2021-06-20;"domingo";"12:45:00";"PE";232;181,1;"BELO JARDIM";"Ingestão de álcool pelo condutor";"Colisão frontal";"Com Vítimas Feridas";"Pleno dia";"Crescente";"Sol";"Simples";"Reta";"Sim";5;0;3;0;1;1;3;2;-8,34627974;-36,43776285;"SPRF-PE";"DEL02-PE";"UOP03-DEL02-PE"
365349;2021-06-20;"domingo";"14:40:00";"MG";381;497;"BETIM";"Ausência de reação do condutor";"Colisão lateral mesmo sentido";"Sem Vítimas";"Pleno dia";"Crescente";"Céu Claro";"Dupla";"Reta";"Sim";2;0;0;0;2;0;0;2;-20,00483625;-44,21367172;"SPRF-MG";"DEL01-MG";"UOP03-DEL01-MG"
365350;2021-06-20;"domingo";"15:10:00";"MG";267;178;"OLARIA";"Condutor deixou de manter distância do veículo da frente";"Colisão traseira";"Sem Vítimas";"Pleno dia";"Crescente";"Céu Claro";"Simples";"Reta";"Não";2;0;0;0;2;0;0;2;-21,87732794;-43,93694405;"SPRF-MG";"DEL05-MG";"UOP01-DEL05-MG"
365351;2021-01-11;"segunda-feira";"11:15:00";"RJ";493;70;"DUQUE DE CAXIAS";"Condutor Dormindo";"Saída de leito carroçável";"Com Vítimas Feridas";"Pleno dia";"Decrescente";"Céu Claro";"Dupla";"Reta";"Não";1;0;0;1;0;0;1;1;-22,672089;-43,285053;"SPRF-RJ";"DEL01-RJ";"UOP03-DEL01-RJ"
365352;2021-06-20;"domingo";"14:45:00";"SP";116;275,3;"TABOAO DA SERRA";"Ultrapassagem Indevida";"Colisão lateral mesmo sentido";"Com Vítimas Feridas";"Pleno dia";"Decrescente";"Céu Claro";"Dupla";"Reta";"Sim";2;0;1;0;1;0;1;2;-23,63638826;-46,83251584;"SPRF-SP";"DEL04-SP";"UOP01-DEL04-SP"
365353;2021-06-20;"domingo";"05:00:00";"MG";365;7,6;"MONTES CLAROS";"Velocidade Incompatível";"Saída de leito carroçável";"Com Vítimas Feridas";"Amanhecer";"Decrescente";"Ignorado";"Simples";"Curva";"Não";1;0;0;1;0;0;1;1;-16,82885665;-43,92602929;"SPRF-MG";"DEL12-MG";"UOP01-DEL12-MG"
365355;2021-06-20;"domingo";"15:35:00";"SP";116;145;"SAO JOSE DOS CAMPOS";"Velocidade Incompatível";"Queda de ocupante de veículo";"Com Vítimas Feridas";"Pleno dia";"Decrescente";"Céu Claro";"Dupla";"Aclive";"Sim";1;0;0;1;0;0;1;1;-23,1869844;-45,8548078;"SPRF-SP";"DEL02-SP";"UOP01-DEL02-SP"
365356;2021-06-20;"domingo";"16:00:00";"DF";40;5;"BRASILIA";"Velocidade Incompatível";"Colisão traseira";"Sem Vítimas";"Pleno dia";"Decrescente";"Céu Claro";"Dupla";"Reta";"Não";2;0;0;0;2;0;0;2;-16,020903;-47,980541;"SPRF-DF";"DEL01-DF";"UOP01-DEL01-DF"
365358;2021-06-20;"domingo";"15:30:00";"MG";40;671,1;"CARANDAI";"Manobra de mudança de faixa";"Colisão com objeto";"Com Vítimas Feridas";"Pleno dia";"Decrescente";"Sol";"Simples";"Reta;Aclive";"Não";1;0;1;0;0;0;1;1;-20,98352925;-43,78098349;"SPRF-MG";"DEL05-MG";"UOP02-DEL05-MG"
365359;2021-06-20;"domingo";"15:40:00";"GO";153;646;"MORRINHOS";"Demais falhas mecânicas ou elétricas";"Saída de leito carroçável";"Com Vítimas Feridas";"Pleno dia";"Crescente";"Céu Claro";"Dupla";"Reta";"Não";2;0;1;0;1;0;1;1;-17,932;-49,2444;"SPRF-GO";"DEL03-GO";"UOP01-DEL03-GO"
365360;2021-06-20;"domingo";"15:40:00";"SP";153;2,8;"ICEM";"Desrespeitar a preferência no cruzamento";"Colisão transversal";"Sem Vítimas";"Pleno dia";"Decrescente";"Céu Claro";"Simples";"Reta";"Não";3;0;0;0;3;0;0;2;-20,32199868;-49,21108763;"SPRF-SP";"DEL09-SP";"UOP01-DEL09-SP"
365361;2021-06-20;"domingo";"15:20:00";"MS";163;506,5;"CAMPO GRANDE";"Demais falhas mecânicas ou elétricas";"Saída de leito carroçável";"Com Vítimas Feridas";"Pleno dia";"Decrescente";"Céu Claro";"Simples";"Reta";"Não";2;0;2;0;0;0;2;1;-20,27898388;-54,49191222;"SPRF-MS";"DEL01-MS";"UOP02-DEL01-MS"
365363;2021-06-20;"domingo";"16:40:00";"PB";230;27,8;"JOAO PESSOA";"Ingestão de álcool pelo condutor";"Tombamento";"Com Vítimas Feridas";"Pleno dia";"Crescente";"Céu Claro";"Simples";"Interseção de Vias";"Sim";1;0;1;0;0;0;1;1;-7,1677;-34,8855;"SPRF-PB";"DEL01-PB";"UOP01-DEL01-PB"
365365;2021-06-20;"domingo";"16:55:00";"PB";101;81;"BAYEUX";"Manobra de mudança de faixa";"Colisão traseira";"Com Vítimas Feridas";"Pleno dia";"Decrescente";"Céu Claro";"Dupla";"Reta";"Sim";2;0;1;0;1;0;1;2;-7,12508575;-34,94513217;"SPRF-PB";"DEL01-PB";"UOP01-DEL01-PB"
365366;2021-06-20;"domingo";"15:40:00";"ES";482;125,4;"DORES DO RIO PRETO";"Reação tardia ou ineficiente do condutor";"Queda de ocupante de veículo";"Com Vítimas Feridas";"Pleno dia";"Crescente";"Sol";"Simples";"Reta";"Não";1;0;1;0;0;0;1;1;-20,77236603;-41,80634301;"SPRF-ES";"DEL03-ES";"UOP02-DEL03-ES"
365367;2021-06-20;"domingo";"16:30:00";"PR";116;126;"FAZENDA RIO GRANDE";"Ausência de reação do condutor";"Colisão traseira";"Com Vítimas Feridas";"Pleno dia";"Decrescente";"Nublado";"Dupla";"Reta";"Sim";2;0;1;0;1;0;1;2;-25,60389895;-49,31824423;"SPRF-PR";"DEL01-PR";"UOP03-DEL01-PR"
365368;2021-06-20;"domingo";"15:45:00";"MG";381;391;"BARAO DE COCAIS";"Retorno proibido";"Colisão lateral mesmo sentido";"Com Vítimas Feridas";"Pleno dia";"Crescente";"Céu Claro";"Dupla";"Reta";"Sim";2;0;0;1;1;0;1;2;-19,76956291;-43,45039195;"SPRF-MG";"DEL01-MG";"UOP01-DEL01-MG"
365369;2021-06-20;"domingo";"16:50:00";"SE";101;77;"LARANJEIRAS";"Ingestão de álcool pelo condutor";"Capotamento";"Com Vítimas Feridas";"Anoitecer";"Crescente";"Nublado";"Dupla";"Rotatória";"Não";2;0;1;0;0;1;1;1;-10,776609;-37,13439;"SPRF-SE";"DEL01-SE";"UOP01-DEL01-SE"
365370;2021-06-20;"domingo";"16:40:00";"MG";40;765,7;"JUIZ DE FORA";"Condutor Dormindo";"Saída de leito carroçável";"Com Vítimas Feridas";"Pleno dia";"Crescente";"Céu Claro";"Simples";"Reta";"Não";3;0;2;0;1;0;2;1;-21,56418921;-43,4884611;"SPRF-MG";"DEL05-MG";"UOP01-DEL05-MG"
365371;2021-06-20;"domingo";"14:40:00";"RJ";116;138,2;"DUQUE DE CAXIAS";"Acessar a via sem observar a presença dos outros veículos";"Colisão lateral mesmo sentido";"Com Vítimas Feridas";"Pleno dia";"Crescente";"Nublado";"Simples";"Reta";"Sim";2;0;1;0;1;0;1;2;-22,64697319;-43,19165101;"SPRF-RJ";"DEL04-RJ";"UOP02-DEL04-RJ"
365372;2021-06-20;"domingo";"17:00:00";"SP";381;57;"MAIRIPORA";"Manobra de mudança de faixa";"Colisão lateral mesmo sentido";"Com Vítimas Feridas";"Pleno dia";"Crescente";"Céu Claro";"Múltipla";"Reta";"Sim";3;0;1;0;2;0;1;3;-23,2658219;-46,5839857;"SPRF-SP";"DEL03-SP";"UOP01-DEL03-SP"
365373;2021-06-20;"domingo";"16:00:00";"MS";163;498,7;"CAMPO GRANDE";"Ausência de reação do condutor";"Saída de leito carroçável";"Com Vítimas Feridas";"Pleno dia";"Crescente";"Céu Claro";"Simples";"Reta";"Não";1;0;1;0;0;0;1;1;-20,343867;-54,518513;"SPRF-MS";"DEL01-MS";"UOP02-DEL01-MS"
365375;2021-06-20;"domingo";"17:30:00";"RS";158;149,8;"PANAMBI";"Ingestão de álcool pelo condutor";"Saída de leito carroçável";"Com Vítimas Feridas";"Anoitecer";"Decrescente";"Nublado";"Simples";"Rotatória";"Sim";3;0;3;0;0;0;3;1;-28,27819285;-53,4860909;"SPRF-RS";"DEL10-RS";"UOP02-DEL10-RS"
365377;2021-06-20;"domingo";"16:30:00";"PB";230;443,3;"APARECIDA";"Velocidade Incompatível";"Saída de leito carroçável";"Com Vítimas Feridas";"Pleno dia";"Crescente";"Céu Claro";"Simples";"Aclive";"Não";2;0;0;2;0;0;2;1;-6,7778;-38,0488;"SPRF-PB";"DEL03-PB";"UOP02-DEL03-PB"