"id";"data_inversa";"dia_semana";"horario";"uf";"br";"km";"municipio";"causa_acidente";"tipo_acidente";"classificacao_acidente";"fase_dia";"sentido_via";"condicao_metereologica";"tipo_pista";"tracado_via";"uso_solo";"pessoas";"mortos";"feridos_leves";"feridos_graves";"ilesos";"ignorados";"feridos";"veiculos";"latitude";"longitude";"regional";"delegacia";"uop"
365493;2021-06-21;"segunda-feira";"07:25:00";"RS";116;264;"CANOAS";"Manobra de mudança de faixa";"Colisão lateral mesmo sentido";"Com Vítimas Feridas";"Pleno dia";"Crescente";"Nublado";"Dupla";"Reta";"Sim";2;0;1;0;1;0;1;2;-29,914435;-51,17754495;"SPRF-RS";"DEL01-RS";"UOP01-DEL01-RS"
365494;2021-06-21;"segunda-feira";"07:30:00";"GO";60;115,4;"TEREZOPOLIS DE GOIAS";"Reação tardia ou ineficiente do condutor";"Engavetamento";"Com Vítimas Feridas";"Pleno dia";"Decrescente";"Sol";"Dupla";"Reta";"Não";6;0;1;0;5;0;1;6;-16,4691;-49,0705;"SPRF-GO";"DEL01-GO";"UOP01-DEL01-GO"
365495;2021-06-21;"segunda-feira";"07:40:00";"PR";116;124;"FAZENDA RIO GRANDE";"Condutor deixou de manter distância do veículo da frente";"Colisão lateral mesmo sentido";"Com Vítimas Feridas";"Pleno dia";"Decrescente";"Céu Claro";"Dupla";"Reta";"Não";2;0;1;0;1;0;1;2;-25,58620703;-49,31436887;"SPRF-PR";"DEL01-PR";"UOP03-DEL01-PR"
365497;2021-06-21;"segunda-feira";"07:30:00";"SP";116;139,1;"SAO JOSE DOS CAMPOS";"Ausência de reação do condutor";"Tombamento";"Com Vítimas Feridas";"Pleno dia";"Crescente";"Nublado";"Dupla";"Reta";"Sim";1;0;1;0;0;0;1;1;-23,16153216;-45,80400592;"SPRF-SP";"DEL02-SP";"UOP01-DEL02-SP"
365498;2021-06-21;"segunda-feira";"07:00:00";"GO";153;507,7;"APARECIDA DE GOIANIA";"Condutor deixou de manter distância do veículo da frente";"Engavetamento";"Com Vítimas Feridas";"Pleno dia";"Decrescente";"Sol";"Dupla";"Aclive";"Sim";3;0;1;0;2;0;1;3;-16,7715;-49,2387;"SPRF-GO";"DEL01-GO";"UOP03-DEL01-GO"
365500;2021-06-21;"segunda-feira";"06:45:00";"PE";101;88,3;"JABOATAO DOS GUARARAPES";"Frear bruscamente";"Colisão traseira";"Com Vítimas Feridas";"Pleno dia";"Decrescente";"Sol";"Dupla";"Reta";"Não";2;0;2;0;0;0;2;1;-8,19971387;-34,9785382;"SPRF-PE";"DEL01-PE";"UOP01-DEL01-PE"
365501;2021-06-21;"segunda-feira";"07:50:00";"PR";369;140;"IBIPORA";"Ausência de sinalização";"Colisão lateral mesmo sentido";"Com Vítimas Feridas";"Pleno dia";"Crescente";"Nublado";"Simples";"Reta";"Sim";2;0;1;0;1;0;1;2;-23,27976336;-51,06775224;"SPRF-PR";"DEL07-PR";"UOP01-DEL07-PR"
365502;2021-06-05;"sábado";"18:00:00";"RS";116;231;"IVOTI";"Acesso irregular";"Colisão transversal";"Com Vítimas Feridas";"Anoitecer";"Decrescente";"Céu Claro";"Dupla";"Reta";"Não";2;0;1;0;1;0;1;2;-29,62743221;-51,13858608;"SPRF-RS";"DEL01-RS";"UOP02-DEL01-RS"
365503;2021-06-21;"segunda-feira";"07:20:00";"MS";163;485;"CAMPO GRANDE";"Ausência de reação do condutor";"Colisão traseira";"Com Vítimas Feridas";"Pleno dia";"Crescente";"Céu Claro";"Simples";"Reta";"Sim";3;0;1;0;2;0;1;2;-20,44233707;-54,54201834;"SPRF-MS";"DEL01-MS";"UOP02-DEL01-MS"
365505;2021-06-21;"segunda-feira";"08:15:00";"SE";235;2,9;"ARACAJU";"Condutor Dormindo";"Colisão traseira";"Com Vítimas Feridas";"Pleno dia";"Decrescente";"Garoa/Chuvisco";"Dupla";"Reta";"Sim";3;0;1;2;0;0;3;2;-10,9062;-37,1034;"SPRF-SE";"DEL01-SE";"UOP01-DEL01-SE"
365506;2021-06-21;"segunda-feira";"08:00:00";"RN";101;94;"NATAL";"Condutor deixou de manter distância do veículo da frente";"Colisão traseira";"Com Vítimas Feridas";"Pleno dia";"Crescente";"Céu Claro";"Múltipla";"Reta";"Sim";2;0;1;0;1;0;1;2;-5,83244282;-35,21222636;"SPRF-RN";"DEL01-RN";"UOP01-DEL01-RN"
365507;2021-06-21;"segunda-feira";"07:50:00";"SP";116;219,9;"GUARULHOS";"Manobra de mudança de faixa";"Colisão lateral mesmo sentido";"Com Vítimas Feridas";"Pleno dia";"Crescente";"Garoa/Chuvisco";"Múltipla";"Reta";"Sim";2;0;1;0;1;0;1;2;-23,46309871;-46,49461269;"SPRF-SP";"DEL01-SP";"UOP01-DEL01-SP"
365508;2021-06-21;"segunda-feira";"07:45:00";"PI";230;307;"FLORIANO";"Ausência de reação do condutor";"Tombamento";"Com Vítimas Feridas";"Pleno dia";"Crescente";"Céu Claro";"Dupla";"Reta";"Sim";1;0;1;0;0;0;1;1;-6,78667452;-42,99358035;"SPRF-PI";"DEL03-PI";"UOP01-DEL03-PI"
365512;2021-06-21;"segunda-feira";"08:10:00";"PI";316;5,7;"TERESINA";"Manobra de mudança de faixa";"Colisão lateral mesmo sentido";"Com Vítimas Feridas";"Pleno dia";"Crescente";"Sol";"Múltipla";"Reta";"Sim";3;0;1;0;2;0;1;3;-5,14169858;-42,78157276;"SPRF-PI";"DEL01-PI";"UOP02-DEL01-PI"
365514;2021-06-21;"segunda-feira";"06:50:00";"MG";381;431;"SABARA";"Condutor deixou de manter distância do veículo da frente";"Tombamento";"Com Vítimas Feridas";"Amanhecer";"Crescente";"Céu Claro";"Simples";"Declive;Curva";"Não";1;0;1;0;0;0;1;1;-19,78831547;-43,73175712;"SPRF-MG";"DEL01-MG";"UOP01-DEL01-MG"
365515;2021-06-20;"domingo";"13:35:00";"SC";470;59;"BLUMENAU";"Desrespeitar a preferência no cruzamento";"Colisão transversal";"Sem Vítimas";"Pleno dia";"Crescente";"Céu Claro";"Simples";"Interseção de Vias";"Não";2;0;0;0;2;0;0;2;-26,882812;-49,1548;"SPRF-SC";"DEL04-SC";"UOP01-DEL04-SC"
365516;2021-06-05;"sábado";"12:51:00";"RJ";116;223,5;"PARACAMBI";"Curva acentuada";"Queda de ocupante de veículo";"Com Vítimas Fatais";"Pleno dia";"Crescente";"Céu Claro";"Simples";"Curva";"Não";1;1;0;0;0;0;0;1;-22,66445143;-43,82305531;"SPRF-RJ";"DEL07-RJ";"UOP01-DEL07-RJ"
365517;2021-06-21;"segunda-feira";"04:00:00";"MG";381;263;"CORONEL FABRICIANO";"Condutor Dormindo";"Saída de leito carroçável";"Com Vítimas Feridas";"Plena Noite";"Crescente";"Céu Claro";"Simples";"Curva";"Não";3;0;2;0;1;0;2;1;-19,52523097;-42,645528;"SPRF-MG";"DEL03-MG";"UOP02-DEL03-MG"
365518;2021-06-21;"segunda-feira";"08:40:00";"PB";230;25;"JOAO PESSOA";"Reação tardia ou ineficiente do condutor";"Colisão traseira";"Com Vítimas Feridas";"Pleno dia";"Decrescente";"Sol";"Dupla";"Reta";"Sim";2;0;1;0;1;0;1;2;-7,1707;-34,8684;"SPRF-PB";"DEL01-PB";"UOP01-DEL01-PB"
365519;2021-06-21;"segunda-feira";"07:15:00";"RJ";101;317;"SAO GONCALO";"Reação tardia ou ineficiente do condutor";"Colisão traseira";"Com Vítimas Feridas";"Pleno dia";"Crescente";"Céu Claro";"Dupla";"Reta";"Sim";5;0;1;0;4;0;1;2;-22,83707798;-43,09492006;"SPRF-RJ";"DEL02-RJ";"UOP02-DEL02-RJ"
365522;2021-06-21;"segunda-feira";"08:30:00";"RJ";40;110;"DUQUE DE CAXIAS";"Reação tardia ou ineficiente do condutor";"Colisão traseira";"Com Vítimas Feridas";"Pleno dia";"Decrescente";"Céu Claro";"Múltipla";"Reta";"Sim";2;0;1;0;1;0;1;2;-22,68289906;-43,28549346;"SPRF-RJ";"DEL01-RJ";"UOP01-DEL01-RJ"
365524;2021-06-21;"segunda-feira";"09:05:00";"SC";101;375;"ICARA";"Condutor Dormindo";"Saída de leito carroçável";"Com Vítimas Feridas";"Pleno dia";"Crescente";"Céu Claro";"Dupla";"Reta";"Não";1;0;1;0;0;0;1;1;-28,72014713;-49,23508784;"SPRF-SC";"DEL02-SC";"UOP01-DEL02-SC"
365525;2021-06-21;"segunda-feira";"08:45:00";"GO";153;502,1;"GOIANIA";"Manobra de mudança de faixa";"Colisão lateral mesmo sentido";"Com Vítimas Feridas";"Pleno dia";"Crescente";"Sol";"Simples";"Reta";"Sim";2;0;1;0;1;0;1;2;-16,7287;-49,2424;"SPRF-GO";"DEL01-GO";"UOP01-DEL01-GO"
365526;2021-06-21;"segunda-feira";"08:20:00";"MA";135;10,6;"SAO LUIS";"Ausência de reação do condutor";"Colisão transversal";"Com Vítimas Feridas";"Pleno dia";"Decrescente";"Sol";"Dupla";"Reta;Retorno Regulamentado";"Sim";3;0;2;0;1;0;2;2;-2,66460689;-44,28639869;"SPRF-MA";"DEL01-MA";"UOP01-DEL01-MA"
365530;2021-06-21;"segunda-feira";"09:55:00";"SC";101;118,6;"ITAJAI";"Acessar a via sem observar a presença dos outros veículos";"Colisão transversal";"Com Vítimas Feridas";"Pleno dia";"Decrescente";"Nublado";"Múltipla";"Interseção de Vias";"Sim";2;0;1;0;1;0;1;2;-26,895859;-48,71903;"SPRF-SC";"DEL04-SC";"UOP04-DEL04-SC"
365533;2021-06-21;"segunda-feira";"10:50:00";"RN";427;96,9;"CAICO";"Acessar a via sem observar a presença dos outros veículos";"Colisão frontal";"Com Vítimas Feridas";"Pleno dia";"Decrescente";"Céu Claro";"Simples";"Interseção de Vias";"Sim";2;0;1;1;0;0;2;2;-6,47045368;-37,0853591;"SPRF-RN";"DEL03-RN";"UOP01-DEL03-RN"
365537;2021-06-21;"segunda-feira";"10:00:00";"BA";324;616;"SALVADOR";"Chuva";"Saída de leito carroçável";"Sem Vítimas";"Pleno dia";"Decrescente";"Chuva";"Dupla";"Reta";"Sim";1;0;0;0;1;0;0;1;-12,87957905;-38,43213893;"SPRF-BA";"DEL01-BA";"UOP01-DEL01-BA"
365539;2021-06-21;"segunda-feira";"10:00:00";"RO";319;63;"PORTO VELHO";"Condutor desrespeitou a iluminação vermelha do semáforo";"Colisão transversal";"Sem Vítimas";"Pleno dia";"Decrescente";"Céu Claro";"Múltipla";"Reta;Interseção de Vias";"Sim";2;0;0;0;1;1;0;2;-8,75572784;-63,88665676;"SPRF-RO";"DEL01-RO";"UOP01-DEL01-RO"
365543;2021-05-04;"terça-feira";"17:42:00";"ES";259;83;"COLATINA";"Ultrapassagem Indevida";"Colisão lateral mesmo sentido";"Com Vítimas Feridas";"Plena Noite";"Decrescente";"Céu Claro";"Dupla";"Curva";"Não";2;0;0;1;1;0;1;2;-19,51149932;-40,85998524;"SPRF-ES";"DEL02-ES";"UOP01-DEL02-ES"
365544;2021-06-21;"segunda-feira";"11:35:00";"RJ";101;422;"MANGARATIBA";"Transitar na contramão";"Colisão frontal";"Com Vítimas Feridas";"Pleno dia";"Crescente";"Nublado";"Simples";"Reta";"Não";3;0;3;0;0;0;3;2;-22,91608393;-43,94022903;"SPRF-RJ";"DEL03-RJ";"UOP03-DEL03-RJ"
365545;2021-06-21;"segunda-feira";"11:45:00";"SC";101;134;"BALNEARIO CAMBORIU";"Reação tardia ou ineficiente do condutor";"Colisão traseira";"Com Vítimas Feridas";"Pleno dia";"Decrescente";"Céu Claro";"Dupla";"Reta";"Sim";2;0;1;0;1;0;1;2;-27,00218;-48,636433;"SPRF-SC";"DEL04-SC";"UOP03-DEL04-SC"
365547;2021-06-21;"segunda-feira";"13:15:00";"ES";101;213,4;"IBIRACU";"Reação tardia ou ineficiente do condutor";"Queda de ocupante de veículo";"Com Vítimas Feridas";"Pleno dia";"Decrescente";"Nublado";"Simples";"Reta";"Sim";2;0;1;0;1;0;1;1;-19,82352998;-40,36981894;"SPRF-ES";"DEL02-ES";"UOP01-DEL02-ES"
365549;2021-06-21;"segunda-feira";"12:20:00";"MG";116;771,5;"LEOPOLDINA";"Reação tardia ou ineficiente do condutor";"Saída de leito carroçável";"Com Vítimas Feridas";"Pleno dia";"Crescente";"Sol";"Simples";"Curva";"Não";2;0;2;0;0;0;2;1;-21,55638202;-42,67583002;"SPRF-MG";"DEL07-MG";"UOP01-DEL07-MG"
365550;2021-06-03;"quinta-feira";"16:15:00";"RS";116;160,8;"CAXIAS DO SUL";"Velocidade Incompatível";"Colisão frontal";"Com Vítimas Feridas";"Pleno dia";"Decrescente";"Céu Claro";"Simples";"Curva";"Sim";3;0;0;1;2;0;1;3;-29,23348323;-51,1574333;"SPRF-RS";"DEL05-RS";"UOP01-DEL05-RS"
365552;2021-06-21;"segunda-feira";"09:50:00";"MT";364;578;"NOBRES";"Manobra de mudança de faixa";"Colisão traseira";"Com Vítimas Feridas";"Pleno dia";"Crescente";"Céu Claro";"Dupla";"Aclive";"Não";2;0;1;0;1;0;1;2;-14,67119997;-56,29964997;"SPRF-MT";"DEL01-MT";"UOP01-DEL01-MT"
365553;2021-06-21;"segunda-feira";"12:35:00";"RS";448;20,8;"PORTO ALEGRE";"Reação tardia ou ineficiente do condutor";"Colisão lateral mesmo sentido";"Com Vítimas Feridas";"Pleno dia";"Crescente";"Nublado";"Múltipla";"Reta";"Não";5;0;0;1;3;1;1;3;-29,958729;-51,202465;"SPRF-RS";"DEL01-RS";"UOP01-DEL01-RS"
365554;2021-06-07;"segunda-feira";"07:20:00";"RS";116;530,9;"CAPAO DO LEAO";"Desrespeitar a preferência no cruzamento";"Colisão transversal";"Com Vítimas Feridas";"Pleno dia";"Decrescente";"Céu Claro";"Simples";"Interseção de Vias";"Sim";2;0;0;1;1;0;1;2;-31,7590834;-52,43687971;"SPRF-RS";"DEL07-RS";"UOP01-DEL07-RS"
365555;2021-06-21;"segunda-feira";"14:00:00";"SE";101;13;"CEDRO DE SAO JOAO";"Acumulo de água sobre o pavimento";"Saída de leito carroçável";"Com Vítimas Feridas";"Pleno dia";"Decrescente";"Chuva";"Dupla";"Reta";"Não";1;0;1;0;0;0;1;1;-10,30352286;-36,88758029;"SPRF-SE";"DEL02-SE";"UOP02-DEL02-SE"
365556;2021-05-14;"sexta-feira";"16:05:00";"RO";364;795;"PORTO VELHO";"Pedestre andava na pista";"Capotamento";"Com Vítimas Feridas";"Pleno dia";"Crescente";"Céu Claro";"Simples";"Reta";"Não";4;0;0;4;0;0;4;1;-9,23914483;-64,35578909;"SPRF-RO";"DEL01-RO";"UOP02-DEL01-RO"
365557;2021-06-21;"segunda-feira";"09:20:00";"BA";116;828,8;"VITORIA DA CONQUISTA";"Reação tardia ou ineficiente do condutor";"Colisão traseira";"Com Vítimas Feridas";"Pleno dia";"Decrescente";"Céu Claro";"Simples";"Reta;Aclive";"Não";5;0;1;0;4;0;1;4;-14,90082883;-40,86845398;"SPRF-BA";"DEL08-BA";"UOP01-DEL08-BA"
365558;2021-06-21;"segunda-feira";"13:40:00";"MG";40;522;"CONTAGEM";"Objeto estático sobre o leito carroçável";"Queda de ocupante de veículo";"Com Vítimas Feridas";"Pleno dia";"Crescente";"Sol";"Dupla";"Curva";"Sim";1;0;0;1;0;0;1;1;-19,8638731;-44,06749809;"SPRF-MG";"DEL01-MG";"UOP02-DEL01-MG"
365560;2021-06-21;"segunda-feira";"13:50:00";"PR";376;674;"GUARATUBA";"Demais falhas mecânicas ou elétricas";"Incêndio";"Com Vítimas Feridas";"Pleno dia";"Crescente";"Nublado";"Dupla";"Reta";"Não";1;0;1;0;0;0;1;1;-25,90851198;-48,92070682;"SPRF-PR";"DEL01-PR";"UOP04-DEL01-PR"
365561;2021-06-21;"segunda-feira";"14:10:00";"RS";116;0,8;"PORTO ALEGRE";"Mal súbito do condutor";"Tombamento";"Com Vítimas Feridas";"Pleno dia";"Decrescente";"Céu Claro";"Dupla";"Reta";"Não";1;0;1;0;0;0;1;1;-29,97893813;-51,17917841;"SPRF-RS";"DEL01-RS";"UOP01-DEL01-RS"
365564;2021-06-21;"segunda-feira";"13:40:00";"DF";40;0,6;"BRASILIA";"Demais falhas mecânicas ou elétricas";"Tombamento";"Com Vítimas Feridas";"Pleno dia";"Decrescente";"Céu Claro";"Dupla";"Reta";"Sim";1;0;1;0;0;0;1;1;-15,976897;-47,990129;"SPRF-DF";"DEL01-DF";"UOP01-DEL01-DF"
365565;2021-06-21;"segunda-feira";"14:50:00";"PE";101;70;"RECIFE";"Demais falhas mecânicas ou elétricas";"Queda de ocupante de veículo";"Com Vítimas Feridas";"Pleno dia";"Crescente";"Céu Claro";"Dupla";"Reta";"Sim";2;0;1;0;1;0;1;2;-8,06776119;-34,94265074;"SPRF-PE";"DEL01-PE";"UOP01-DEL01-PE"
365566;2021-06-21;"segunda-feira";"14:00:00";"SC";101;151,1;"ITAPEMA";"Acessar a via sem observar a presença dos outros veículos";"Colisão transversal";"Com Vítimas Feridas";"Pleno dia";"Decrescente";"Nublado";"Simples";"Reta";"Sim";2;0;1;0;1;0;1;2;-27,126536;-48,609642;"SPRF-SC";"DEL04-SC";"UOP03-DEL04-SC"
365568;2021-06-21;"segunda-feira";"13:10:00";"AC";364;132,7;"RIO BRANCO";"Reação tardia ou ineficiente do condutor";"Tombamento";"Com Vítimas Feridas";"Pleno dia";"Crescente";"Nublado";"Dupla";"Reta";"Sim";1;0;1;0;0;0;1;1;-10,01005063;-67,84552927;"SPRF-AC";"DEL01-AC";"UOP01-DEL01-AC"
365570;2021-04-29;"quinta-feira";"19:00:00";"SC";282;506,7;"XANXERE";"Transitar na contramão";"Colisão frontal";"Com Vítimas Feridas";"Plena Noite";"Crescente";"Céu Claro";"Simples";"Reta";"Sim";3;0;0;1;2;0;1;3;-26,88514928;-52,43227612;"SPRF-SC";"DEL07-SC";"UOP01-DEL07-SC"
365572;2021-06-21;"segunda-feira";"14:00:00";"PR";376;2;"SAO JOSE DOS PINHAIS";"Animais na Pista";"Colisão traseira";"Sem Vítimas";"Pleno dia";"Crescente";"Nublado";"Dupla";"Reta";"Sim";2;0;0;0;2;0;0;2;-25,5307;-49,1958;"SPRF-PR";"DEL01-PR";"UOP01-DEL01-PR"
365573;2021-06-21;"segunda-feira";"15:25:00";"RJ";116;104;"GUAPIMIRIM";"Acessar a via sem observar a presença dos outros veículos";"Colisão transversal";"Com Vítimas Feridas";"Pleno dia";"Decrescente";"Céu Claro";"Dupla";"Reta";"Sim";2;0;1;0;1;0;1;2;-22,50841847;-42,99821493;"SPRF-RJ";"DEL04-RJ";"UOP02-DEL04-RJ"
365576;2021-05-06;"quinta-feira";"19:15:00";"ES";259;25,2;"COLATINA";"Velocidade Incompatível";"Colisão frontal";"Com Vítimas Feridas";"Plena Noite";"Decrescente";"Céu Claro";"Simples";"Curva";"Não";4;0;1;2;1;0;3;2;-19,61948318;-40,47748416;"SPRF-ES";"DEL02-ES";"UOP01-DEL02-ES"
365578;2021-06-21;"segunda-feira";"12:50:00";"MG";356;267,3;"MURIAE";"Desrespeitar a preferência no cruzamento";"Colisão transversal";"Com Vítimas Feridas";"Pleno dia";"Decrescente";"Céu Claro";"Simples";"Interseção de Vias";"Sim";2;0;0;1;1;0;1;2;-21,12556863;-42,35313546;"SPRF-MG";"DEL07-MG";"UOP02-DEL07-MG"
365581;2021-05-26;"quarta-feira";"18:10:00";"ES";101;257;"SERRA";"Entrada inopinada do pedestre";"Atropelamento de Pedestre";"Com Vítimas Feridas";"Plena Noite";"Crescente";"Céu Claro";"Dupla";"Reta";"Não";3;0;0;1;1;1;1;2;-20,12455095;-40,30331881;"SPRF-ES";"DEL02-ES";"UOP01-DEL02-ES"
365582;2021-05-19;"quarta-feira";"17:00:00";"RS";153;517;"CACAPAVA DO SUL";"Ingestão de álcool pelo condutor";"Saída de leito carroçável";"Com Vítimas Fatais";"Pleno dia";"Decrescente";"Céu Claro";"Simples";"Reta";"Não";2;1;0;1;0;0;1;1;-30,63369097;-53,39533204;"SPRF-RS";"DEL09-RS";"UOP02-DEL09-RS"
365583;2021-06-21;"segunda-feira";"15:50:00";"BA";116;369,5;"LAMARAO";"Ultrapassagem Indevida";"Capotamento";"Com Vítimas Feridas";"Pleno dia";"Crescente";"Nublado";"Simples";"Declive";"Não";4;0;3;0;1;0;3;1;-11,752316;-38,986057;"SPRF-BA";"DEL02-BA";"UOP01-DEL02-BA"
365584;2021-06-14;"segunda-feira";"06:40:00";"MS";163;196,9;"CAARAPO";"Condutor deixou de manter distância do veículo da frente";"Colisão traseira";"Com Vítimas Feridas";"Pleno dia";"Crescente";"Céu Claro";"Dupla";"Reta";"Não";2;0;1;0;1;0;1;2;-22,73933508;-54,78989146;"SPRF-MS";"DEL04-MS";"UOP02-DEL04-MS"
365585;2021-06-21;"segunda-feira";"14:30:00";"BA";101;51;"ENTRE RIOS";"Chuva";"Capotamento";"Com Vítimas Feridas";"Plena Noite";"Decrescente";"Chuva";"Dupla";"Reta";"Não";2;0;1;0;1;0;1;1;-11,92234992;-38,04889234;"SPRF-BA";"DEL01-BA";"UOP04-DEL01-BA"
365587;2021-06-21;"segunda-feira";"16:15:00";"PB";104;130,8;"CAMPINA GRANDE";"Reação tardia ou ineficiente do condutor";"Colisão traseira";"Com Vítimas Feridas";"Pleno dia";"Crescente";"Céu Claro";"Simples";"Reta";"Sim";2;0;1;0;1;0;1;2;-7,28978225;-35,89034792;"SPRF-PB";"DEL02-PB";"UOP03-DEL02-PB"
365588;2021-06-21;"segunda-feira";"14:00:00";"MG";262;772;"UBERABA";"Demais falhas mecânicas ou elétricas";"Incêndio";"Sem Vítimas";"Pleno dia";"Decrescente";"Céu Claro";"Simples";"Reta";"Não";1;0;0;0;1;0;0;1;-19,70754792;-47,70151607;"SPRF-MG";"DEL13-MG";"UOP01-DEL13-MG"
365589;2021-06-21;"segunda-feira";"17:20:00";"PR";376;615;"SAO JOSE DOS PINHAIS";"Chuva";"Queda de ocupante de veículo";"Com Vítimas Feridas";"Anoitecer";"Crescente";"Garoa/Chuvisco";"Dupla";"Reta";"Sim";1;0;1;0;0;0;1;1;-25,569237;-49,183735;"SPRF-PR";"DEL01-PR";"UOP01-DEL01-PR"
365590;2021-06-21;"segunda-feira";"17:00:00";"SP";116;209,9;"GUARULHOS";"Ausência de reação do condutor";"Tombamento";"Com Vítimas Feridas";"Plena Noite";"Decrescente";"Nublado";"Múltipla";"Reta";"Sim";3;0;1;0;0;2;1;3;-23,42511799;-46,40221101;"SPRF-SP";"DEL01-SP";"UOP01-DEL01-SP"
365591;2021-06-21;"segunda-feira";"17:00:00";"SC";101;228;"PALHOCA";"Pista em desnível";"Tombamento";"Com Vítimas Feridas";"Plena Noite";"Crescente";"Nublado";"Dupla";"Curva";"Sim";1;0;1;0;0;0;1;1;-27,7597249;-48,63078869;"SPRF-SC";"DEL01-SC";"UOP02-DEL01-SC"
365592;2021-06-21;"segunda-feira";"17:00:00";"RS";290;75,1;"GRAVATAI";"Ultrapassagem Indevida";"Colisão lateral mesmo sentido";"Com Vítimas Feridas";"Anoitecer";"Crescente";"Nublado";"Múltipla";"Aclive;Curva";"Não";2;0;1;0;1;0;1;2;-29,95521;-51,006855;"SPRF-RS";"DEL01-RS";"UOP01-DEL01-RS"
365593;2021-06-21;"segunda-feira";"17:20:00";"GO";452;183,2;"ITUMBIARA";"Restrição de visibilidade em curvas horizontais";"Eventos atípicos";"Com Vítimas Feridas";"Pleno dia";"Crescente";"Sol";"Simples";"Reta";"Não";2;0;1;0;1;0;1;2;-18,39182893;-49,33487393;"SPRF-GO";"DEL03-GO";"UOP02-DEL03-GO"
365594;2021-06-21;"segunda-feira";"16:45:00";"PR";277;521;"GUARANIACU";"Velocidade Incompatível";"Saída de leito carroçável";"Com Vítimas Feridas";"Pleno dia";"Crescente";"Nevoeiro/Neblina";"Simples";"Reta;Declive";"Não";1;0;0;1;0;0;1;1;-25,11018112;-52,85167802;"SPRF-PR";"DEL04-PR";"UOP01-DEL04-PR"
365595;2021-06-21;"segunda-feira";"16:20:00";"SC";101;180;"BIGUACU";"Ingestão de álcool pelo condutor";"Colisão lateral mesmo sentido";"Sem Vítimas";"Pleno dia";"Decrescente";"Céu Claro";"Dupla";"Reta";"Não";2;0;0;0;2;0;0;2;-27,45123421;-48,63370766;"SPRF-SC";"DEL01-SC";"UOP01-DEL01-SC"
365596;2021-06-21;"segunda-feira";"17:00:00";"PB";101;46;"MAMANGUAPE";"Demais falhas mecânicas ou elétricas";"Colisão com objeto";"Com Vítimas Feridas";"Anoitecer";"Decrescente";"Céu Claro";"Dupla";"Reta";"Não";3;0;1;0;1;1;1;1;-6,89108414;-35,12591625;"SPRF-PB";"DEL01-PB";"UOP04-DEL01-PB"
365598;2021-05-16;"domingo";"06:00:00";"PA";230;103;"SAO JOAO DO ARAGUAIA";"Ausência de reação do condutor";"Colisão traseira";"Sem Vítimas";"Amanhecer";"Crescente";"Nublado";"Simples";"Reta";"Não";2;0;0;0;1;1;0;2;-5,38994413;-48,97045504;"SPRF-PA";"DEL03-PA";"UOP01-DEL03-PA"
365599;2021-06-21;"segunda-feira";"17:30:00";"SP";116;279;"EMBU DAS ARTES";"Acessar a via sem observar a presença dos outros veículos";"Colisão traseira";"Com Vítimas Feridas";"Anoitecer";"Crescente";"Garoa/Chuvisco";"Dupla";"Reta";"Sim";3;0;1;0;2;0;1;3;-23,66233697;-46,85292907;"SPRF-SP";"DEL04-SP";"UOP01-DEL04-SP"
365600;2021-06-04;"sexta-feira";"06:30:00";"RJ";116;73;"TERESOPOLIS";"Condutor Dormindo";"Colisão com objeto";"Com Vítimas Fatais";"Amanhecer";"Crescente";"Nevoeiro/Neblina";"Simples";"Curva";"Não";2;1;0;0;1;0;0;1;-22,3608525;-42,9482516;"SPRF-RJ";"DEL04-RJ";"UOP01-DEL04-RJ"
365601;2021-06-21;"segunda-feira";"18:00:00";"ES";101;176,4;"ARACRUZ";"Transitar na contramão";"Colisão frontal";"Com Vítimas Feridas";"Plena Noite";"Crescente";"Céu Claro";"Simples";"Interseção de Vias";"Não";3;0;1;0;0;2;1;2;-19,59759141;-40,2007395;"SPRF-ES";"DEL04-ES";"UOP01-DEL04-ES"
365602;2021-06-18;"sexta-feira";"13:22:00";"AL";101;11,4;"NOVO LINO";"Conversão proibida";"Colisão transversal";"Com Vítimas Fatais";"Pleno dia";"Crescente";"Céu Claro";"Dupla";"Reta";"Não";3;1;0;1;1;0;1;2;-8,956187;-35,66989;"SPRF-AL";"DEL01-AL";"UOP02-DEL01-AL"
365604;2021-06-21;"segunda-feira";"17:00:00";"PR";116;44;"CAMPINA GRANDE DO SUL";"Pista Escorregadia";"Colisão com objeto";"Com Vítimas Feridas";"Plena Noite";"Crescente";"Chuva";"Dupla";"Reta";"Não";2;0;2;0;0;0;2;1;-25,1882321;-48,88492529;"SPRF-PR";"DEL01-PR";"UOP02-DEL01-PR"
365606;2021-06-21;"segunda-feira";"15:45:00";"GO";452;32;"SANTA HELENA DE GOIAS";"Acessar a via sem observar a presença dos outros veículos";"Colisão transversal";"Com Vítimas Feridas";"Pleno dia";"Decrescente";"Sol";"Simples";"Interseção de Vias";"Não";2;0;1;0;1;0;1;2;-17,90785488;-50,62796394;"SPRF-GO";"DEL04-GO";"UOP01-DEL04-GO"
365607;2021-06-21;"segunda-feira";"18:20:00";"SC";101;215;"PALHOCA";"Ausência de reação do condutor";"Queda de ocupante de veículo";"Com Vítimas Feridas";"Plena Noite";"Crescente";"Nublado";"Dupla";"Reta";"Sim";1;0;0;1;0;0;1;1;-27,65184843;-48,67604941;"SPRF-SC";"DEL01-SC";"UOP02-DEL01-SC"