"id";"data_inversa";"dia_semana";"horario";"uf";"br";"km";"municipio";"causa_acidente";"tipo_acidente";"classificacao_acidente";"fase_dia";"sentido_via";"condicao_metereologica";"tipo_pista";"tracado_via";"uso_solo";"pessoas";"mortos";"feridos_leves";"feridos_graves";"ilesos";"ignorados";"feridos";"veiculos";"latitude";"longitude";"regional";"delegacia";"uop"
365743;2021-06-22;"terça-feira";"12:20:00";"PB";230;16;"JOAO PESSOA";"Condutor deixou de manter distância do veículo da frente";"Colisão traseira";"Com Vítimas Feridas";"Pleno dia";"Decrescente";"Céu Claro";"Dupla";"Declive;Reta";"Sim";3;0;1;0;0;2;1;3;-7,1039;-34,8458;"SPRF-PB";"DEL01-PB";"UOP01-DEL01-PB"
365745;2021-06-22;"terça-feira";"11:30:00";"MS";262;15,8;"TRES LAGOAS";"Avarias e/ou desgaste excessivo no pneu";"Saída de leito carroçável";"Com Vítimas Feridas";"Pleno dia";"Crescente";"Sol";"Simples";"Reta";"Não";1;0;0;1;0;0;1;1;-20,81325288;-51,73650801;"SPRF-MS";"DEL07-MS";"UOP01-DEL07-MS"
365747;2021-06-22;"terça-feira";"13:30:00";"PR";277;726;"FOZ DO IGUACU";"Manobra de mudança de faixa";"Colisão lateral mesmo sentido";"Com Vítimas Feridas";"Pleno dia";"Crescente";"Nublado";"Dupla";"Rotatória";"Sim";2;0;1;0;1;0;1;2;-25,51029868;-54,55857754;"SPRF-PR";"DEL05-PR";"UOP03-DEL05-PR"
365748;2021-06-22;"terça-feira";"13:52:00";"PB";230;16,3;"JOAO PESSOA";"Ausência de reação do condutor";"Colisão traseira";"Com Vítimas Feridas";"Pleno dia";"Decrescente";"Sol";"Dupla";"Reta";"Sim";2;0;0;1;1;0;1;2;-7,1039;-34,8458;"SPRF-PB";"DEL01-PB";"UOP01-DEL01-PB"
365751;2021-06-22;"terça-feira";"13:10:00";"RJ";40;72,4;"PETROPOLIS";"Pista Escorregadia";"Capotamento";"Com Vítimas Feridas";"Pleno dia";"Decrescente";"Chuva";"Dupla";"Curva";"Não";2;0;2;0;0;0;2;1;-22,4585308;-43,21600514;"SPRF-RJ";"DEL06-RJ";"UOP01-DEL06-RJ"
365752;2021-06-22;"terça-feira";"13:30:00";"CE";20;325,2;"CARIDADE";"Condutor Dormindo";"Colisão frontal";"Com Vítimas Feridas";"Pleno dia";"Crescente";"Céu Claro";"Simples";"Reta";"Sim";2;0;2;0;0;0;2;2;-4,2581478;-39,20906782;"SPRF-CE";"DEL02-CE";"UOP01-DEL02-CE"
365753;2021-06-22;"terça-feira";"10:40:00";"GO";60;304;"ACREUNA";"Acessar a via sem observar a presença dos outros veículos";"Colisão transversal";"Com Vítimas Fatais";"Pleno dia";"Decrescente";"Céu Claro";"Dupla";"Reta";"Sim";2;1;0;0;1;0;0;2;-17,3839;-50,3725;"SPRF-GO";"DEL04-GO";"UOP01-DEL04-GO"
365754;2021-06-22;"terça-feira";"09:30:00";"RO";435;122;"CEREJEIRAS";"Desrespeitar a preferência no cruzamento";"Colisão transversal";"Sem Vítimas";"Pleno dia";"Decrescente";"Céu Claro";"Simples";"Interseção de Vias";"Sim";3;0;0;0;1;2;0;2;-13,18775891;-60,79986605;"SPRF-RO";"DEL04-RO";"UOP02-DEL04-RO"
365755;2021-06-22;"terça-feira";"12:40:00";"MG";116;276,3;"TEOFILO OTONI";"Acessar a via sem observar a presença dos outros veículos";"Tombamento";"Com Vítimas Feridas";"Pleno dia";"Decrescente";"Céu Claro";"Simples";"Curva";"Sim";1;0;1;0;0;0;1;1;-17,85105696;-41,51454492;"SPRF-MG";"DEL11-MG";"UOP01-DEL11-MG"
365757;2021-06-22;"terça-feira";"14:23:00";"MG";381;690,9;"LAVRAS";"Chuva";"Queda de ocupante de veículo";"Com Vítimas Feridas";"Pleno dia";"Decrescente";"Chuva";"Dupla";"Reta";"Não";1;0;1;0;0;0;1;1;-21,23347701;-45,13482496;"SPRF-MG";"DEL04-MG";"UOP02-DEL04-MG"
365758;2021-06-22;"terça-feira";"13:25:00";"MT";174;292;"PONTES E LACERDA";"Ausência de reação do condutor";"Saída de leito carroçável";"Com Vítimas Feridas";"Pleno dia";"Decrescente";"Céu Claro";"Simples";"Reta";"Não";1;0;1;0;0;0;1;1;-15,19768202;-59,32244014;"SPRF-MT";"DEL04-MT";"UOP01-DEL04-MT"
365759;2021-06-22;"terça-feira";"07:30:00";"RJ";101;481;"ANGRA DOS REIS";"Chuva";"Saída de leito carroçável";"Sem Vítimas";"Amanhecer";"Crescente";"Chuva";"Simples";"Curva";"Não";1;0;0;0;1;0;0;1;-23,00976021;-44,29153237;"SPRF-RJ";"DEL03-RJ";"UOP03-DEL03-RJ"
365760;2021-06-22;"terça-feira";"12:45:00";"RJ";40;59;"PETROPOLIS";"Velocidade Incompatível";"Colisão com objeto";"Com Vítimas Feridas";"Pleno dia";"Crescente";"Nublado";"Dupla";"Curva";"Não";2;0;1;0;1;0;1;1;-22,38628773;-43,13543464;"SPRF-RJ";"DEL05-RJ";"UOP02-DEL05-RJ"
365761;2021-06-22;"terça-feira";"12:20:00";"MT";364;203;"RONDONOPOLIS";"Ausência de reação do condutor";"Queda de ocupante de veículo";"Com Vítimas Feridas";"Pleno dia";"Decrescente";"Céu Claro";"Dupla";"Reta;Declive";"Sim";1;0;1;0;0;0;1;1;-16,47555256;-54,65344724;"SPRF-MT";"DEL02-MT";"UOP01-DEL02-MT"
365762;2021-06-22;"terça-feira";"15:00:00";"SP";381;22;"BRAGANCA PAULISTA";"Manobra de mudança de faixa";"Tombamento";"Com Vítimas Feridas";"Pleno dia";"Decrescente";"Nublado";"Dupla";"Declive;Rotatória;Curva";"Sim";2;0;1;0;1;0;1;1;-22,99697186;-46,5163051;"SPRF-SP";"DEL03-SP";"UOP01-DEL03-SP"
365764;2021-06-22;"terça-feira";"15:20:00";"SP";116;51;"LORENA";"Velocidade Incompatível";"Saída de leito carroçável";"Com Vítimas Feridas";"Pleno dia";"Decrescente";"Nublado";"Dupla";"Viaduto";"Não";1;0;1;0;0;0;1;1;-22,74157511;-45,09206392;"SPRF-SP";"DEL08-SP";"UOP02-DEL08-SP"
365765;2021-04-23;"sexta-feira";"18:00:00";"BA";116;0,4;"VITORIA DA CONQUISTA";"Iluminação deficiente";"Colisão lateral mesmo sentido";"Com Vítimas Feridas";"Plena Noite";"Crescente";"Nublado";"Simples";"Reta";"Sim";2;0;1;0;1;0;1;2;-14,82576145;-40,83294153;"SPRF-BA";"DEL08-BA";"UOP01-DEL08-BA"
365766;2021-05-07;"sexta-feira";"21:40:00";"RS";285;574;"SAO LUIZ GONZAGA";"Manobra de mudança de faixa";"Queda de ocupante de veículo";"Com Vítimas Feridas";"Plena Noite";"Crescente";"Céu Claro";"Simples";"Reta";"Não";1;0;0;1;0;0;1;1;-28,418922;-55,036533;"SPRF-RS";"DEL12-RS";"UOP01-DEL12-RS"
365767;2021-06-22;"terça-feira";"16:30:00";"RN";427;95,5;"CAICO";"Ultrapassagem Indevida";"Colisão lateral mesmo sentido";"Com Vítimas Feridas";"Pleno dia";"Decrescente";"Céu Claro";"Simples";"Reta";"Sim";3;0;1;0;0;2;1;3;-6,47760033;-37,07046539;"SPRF-RN";"DEL03-RN";"UOP01-DEL03-RN"
365770;2021-05-17;"segunda-feira";"14:15:00";"MG";365;614;"UBERLANDIA";"Conversão proibida";"Colisão traseira";"Com Vítimas Feridas";"Pleno dia";"Crescente";"Sol";"Simples";"Reta;Declive";"Sim";3;0;2;0;0;1;2;2;-18,91195566;-48,22017616;"SPRF-MG";"DEL15-MG";"UOP01-DEL15-MG"
365771;2021-06-05;"sábado";"09:00:00";"MS";262;116;"AGUA CLARA";"Ingestão de álcool pelo condutor";"Saída de leito carroçável";"Com Vítimas Feridas";"Plena Noite";"Decrescente";"Céu Claro";"Simples";"Reta";"Não";2;0;1;0;1;0;1;1;-20,51347043;-52,63527308;"SPRF-MS";"DEL07-MS";"UOP02-DEL07-MS"
365772;2021-06-22;"terça-feira";"16:40:00";"MG";365;55,1;"CLARO DOS POCOES";"Velocidade Incompatível";"Colisão transversal";"Com Vítimas Feridas";"Pleno dia";"Crescente";"Céu Claro";"Simples";"Curva";"Não";4;0;2;0;2;0;2;2;-16,97517712;-44,26784362;"SPRF-MG";"DEL12-MG";"UOP01-DEL12-MG"
365773;2021-06-22;"terça-feira";"17:00:00";"PR";277;124;"CAMPO LARGO";"Ingestão de álcool pelo condutor";"Saída de leito carroçável";"Sem Vítimas";"Pleno dia";"Decrescente";"Nublado";"Dupla";"Aclive";"Não";1;0;0;0;1;0;0;1;-25,4472505;-49,47885404;"SPRF-PR";"DEL01-PR";"UOP03-DEL03-PR"
365775;2021-06-22;"terça-feira";"17:00:00";"ES";259;60;"COLATINA";"Reação tardia ou ineficiente do condutor";"Colisão lateral mesmo sentido";"Com Vítimas Feridas";"Anoitecer";"Crescente";"Céu Claro";"Simples";"Interseção de Vias";"Sim";2;0;1;0;1;0;1;2;-19,51449231;-40,66058278;"SPRF-ES";"DEL02-ES";"UOP01-DEL02-ES"
365777;2021-06-22;"terça-feira";"17:50:00";"RS";392;118;"CANGUCU";"Acessar a via sem observar a presença dos outros veículos";"Colisão transversal";"Com Vítimas Feridas";"Plena Noite";"Crescente";"Garoa/Chuvisco";"Simples";"Aclive;Curva;Interseção de Vias";"Sim";2;0;1;0;0;1;1;2;-31,40899653;-52,68154621;"SPRF-RS";"DEL07-RS";"UOP01-DEL07-RS"
365778;2021-06-22;"terça-feira";"17:55:00";"SC";470;65,9;"INDAIAL";"Entrada inopinada do pedestre";"Atropelamento de Pedestre";"Com Vítimas Feridas";"Anoitecer";"Crescente";"Nublado";"Simples";"Reta";"Não";2;0;0;1;1;0;1;2;-26,870411;-49,211864;"SPRF-SC";"DEL04-SC";"UOP01-DEL04-SC"
365779;2021-06-22;"terça-feira";"17:40:00";"BA";101;263;"SANTO ANTONIO DE JESUS";"Ausência de reação do condutor";"Colisão traseira";"Com Vítimas Feridas";"Plena Noite";"Crescente";"Nublado";"Simples";"Reta";"Não";2;0;1;0;1;0;1;2;-13,09003799;-39,27863203;"SPRF-BA";"DEL01-BA";"UOP02-DEL01-BA"
365780;2021-06-22;"terça-feira";"18:00:00";"RJ";101;38;"CAMPOS DOS GOYTACAZES";"Conversão proibida";"Colisão transversal";"Sem Vítimas";"Plena Noite";"Crescente";"Céu Claro";"Simples";"Reta";"Não";2;0;0;0;2;0;0;2;-21,53334973;-41,3404255;"SPRF-RJ";"DEL08-RJ";"UOP01-DEL08-RJ"
365782;2021-06-22;"terça-feira";"17:30:00";"PB";230;154;"CAMPINA GRANDE";"Desrespeitar a preferência no cruzamento";"Colisão transversal";"Com Vítimas Feridas";"Anoitecer";"Crescente";"Céu Claro";"Simples";"Retorno Regulamentado;Reta";"Sim";2;0;1;0;1;0;1;2;-7,2777;-35,8985;"SPRF-PB";"DEL02-PB";"UOP01-DEL02-PB"
365783;2021-06-22;"terça-feira";"18:00:00";"SP";153;75,6;"BADY BASSITT";"Demais falhas mecânicas ou elétricas";"Incêndio";"Sem Vítimas";"Anoitecer";"Crescente";"Céu Claro";"Dupla";"Rotatória";"Sim";1;0;0;0;1;0;0;1;-20,89839797;-49,43958163;"SPRF-SP";"DEL09-SP";"UOP01-DEL09-SP"
365784;2021-06-22;"terça-feira";"18:00:00";"CE";116;10;"FORTALEZA";"Manobra de mudança de faixa";"Colisão lateral mesmo sentido";"Com Vítimas Feridas";"Plena Noite";"Decrescente";"Céu Claro";"Múltipla";"Reta";"Sim";2;0;1;0;1;0;1;2;-3,83603805;-38,5027281;"SPRF-CE";"DEL01-CE";"UOP02-DEL01-CE"
365785;2021-06-22;"terça-feira";"18:20:00";"RN";101;82,4;"NATAL";"Condutor deixou de manter distância do veículo da frente";"Colisão traseira";"Com Vítimas Feridas";"Plena Noite";"Decrescente";"Céu Claro";"Dupla";"Reta";"Sim";2;0;1;0;1;0;1;2;-5,76791511;-35,27456305;"SPRF-RN";"DEL02-RN";"UOP01-DEL02-RN"
365786;2021-06-22;"terça-feira";"17:45:00";"SC";280;30;"ARAQUARI";"Condutor deixou de manter distância do veículo da frente";"Colisão lateral mesmo sentido";"Com Vítimas Feridas";"Plena Noite";"Decrescente";"Céu Claro";"Simples";"Reta";"Sim";2;0;1;0;1;0;1;2;-26,41474;-48,764369;"SPRF-SC";"DEL03-SC";"UOP03-DEL03-SC"
365789;2021-06-22;"terça-feira";"15:25:00";"BA";116;761,1;"POCOES";"Transitar na contramão";"Colisão frontal";"Com Vítimas Feridas";"Pleno dia";"Decrescente";"Céu Claro";"Simples";"Reta";"Não";2;0;1;1;0;0;2;2;-14,5484;-40,4008;"SPRF-BA";"DEL08-BA";"UOP02-DEL08-BA"
365790;2021-06-22;"terça-feira";"18:40:00";"PR";277;70,2;"SAO JOSE DOS PINHAIS";"Transitar na contramão";"Colisão frontal";"Com Vítimas Feridas";"Plena Noite";"Crescente";"Garoa/Chuvisco";"Simples";"Curva;Aclive";"Não";2;0;0;1;1;0;1;2;-25,51211905;-49,12523746;"SPRF-PR";"DEL01-PR";"UOP01-DEL01-PR"
365791;2021-06-22;"terça-feira";"18:15:00";"SC";101;202;"SAO JOSE";"Manobra de mudança de faixa";"Colisão lateral mesmo sentido";"Com Vítimas Feridas";"Plena Noite";"Decrescente";"Céu Claro";"Dupla";"Reta";"Sim";2;0;1;0;1;0;1;2;-27,55711595;-48,61897889;"SPRF-SC";"DEL01-SC";"UOP01-DEL01-SC"
365796;2021-06-22;"terça-feira";"17:00:00";"PR";369;185,7;"ARAPONGAS";"Ultrapassagem Indevida";"Colisão transversal";"Com Vítimas Feridas";"Pleno dia";"Crescente";"Céu Claro";"Simples";"Reta";"Sim";2;0;1;0;0;1;1;2;-23,413396;-51,427072;"SPRF-PR";"DEL07-PR";"UOP02-DEL07-PR"
365797;2021-05-19;"quarta-feira";"15:20:00";"RJ";40;122;"DUQUE DE CAXIAS";"Acumulo de óleo sobre o pavimento";"Capotamento";"Com Vítimas Feridas";"Pleno dia";"Decrescente";"Céu Claro";"Simples";"Viaduto";"Não";1;0;1;0;0;0;1;1;-22,78665251;-43,2849223;"SPRF-RJ";"DEL01-RJ";"UOP01-DEL01-RJ"
365798;2021-06-22;"terça-feira";"18:20:00";"MS";163;483,8;"CAMPO GRANDE";"Ausência de reação do condutor";"Tombamento";"Com Vítimas Feridas";"Plena Noite";"Crescente";"Céu Claro";"Simples";"Reta";"Sim";1;0;0;1;0;0;1;1;-20,45726263;-54,54671829;"SPRF-MS";"DEL01-MS";"UOP02-DEL01-MS"
365799;2021-05-05;"quarta-feira";"06:50:00";"GO";153;501;"GOIANIA";"Condutor Dormindo";"Queda de ocupante de veículo";"Com Vítimas Feridas";"Pleno dia";"Crescente";"Céu Claro";"Dupla";"Reta";"Sim";1;0;0;1;0;0;1;1;-16,7189;-49,2382;"SPRF-GO";"DEL01-GO";"UOP01-DEL01-GO"
365800;2021-06-22;"terça-feira";"19:10:00";"MG";262;442;"NOVA SERRANA";"Desrespeitar a preferência no cruzamento";"Colisão transversal";"Com Vítimas Feridas";"Plena Noite";"Decrescente";"Céu Claro";"Dupla";"Reta";"Sim";2;0;2;0;0;0;2;2;-19,8806236;-44,91232265;"SPRF-MG";"DEL08-MG";"UOP03-DEL08-MG"
365801;2021-06-22;"terça-feira";"18:00:00";"BA";135;72;"SANTA RITA DE CASSIA";"Ingestão de álcool pelo condutor";"Atropelamento de Pedestre";"Com Vítimas Feridas";"Anoitecer";"Decrescente";"Ignorado";"Simples";"Curva";"Não";3;0;0;2;0;1;2;2;-11,33263666;-44,94626279;"SPRF-BA";"DEL10-BA";"UOP01-DEL10-BA"
365802;2021-06-22;"terça-feira";"19:00:00";"DF";70;8;"BRASILIA";"Trafegar com motocicleta (ou similar) entre as faixas";"Colisão lateral mesmo sentido";"Com Vítimas Feridas";"Plena Noite";"Crescente";"Céu Claro";"Dupla";"Reta";"Sim";4;0;2;0;2;0;2;3;-15,784966;-48,122108;"SPRF-DF";"DEL03-DF";"UOP02-DEL03-DF"
365803;2021-06-22;"terça-feira";"18:30:00";"RJ";101;319;"NITEROI";"Trafegar com motocicleta (ou similar) entre as faixas";"Colisão lateral mesmo sentido";"Com Vítimas Feridas";"Plena Noite";"Decrescente";"Nublado";"Dupla";"Reta";"Sim";3;0;1;0;2;0;1;2;-22,85411774;-43,1018014;"SPRF-RJ";"DEL02-RJ";"UOP02-DEL02-RJ"
365804;2021-06-22;"terça-feira";"17:00:00";"MG";40;631,3;"CONSELHEIRO LAFAIETE";"Ausência de reação do condutor";"Colisão lateral mesmo sentido";"Com Vítimas Feridas";"Anoitecer";"Decrescente";"Céu Claro";"Simples";"Reta";"Não";2;0;1;0;1;0;1;2;-20,66692199;-43,80314095;"SPRF-MG";"DEL05-MG";"UOP02-DEL05-MG"
365805;2021-06-22;"terça-feira";"19:40:00";"GO";40;9,3;"LUZIANIA";"Animais na Pista";"Atropelamento de Animal";"Com Vítimas Feridas";"Plena Noite";"Decrescente";"Céu Claro";"Dupla";"Reta";"Sim";1;0;0;1;0;0;1;1;-16,131158;-47,957739;"SPRF-DF";"DEL01-DF";"UOP01-DEL01-DF"
365806;2021-06-22;"terça-feira";"18:50:00";"BA";367;71;"EUNAPOLIS";"Animais na Pista";"Atropelamento de Animal";"Com Vítimas Feridas";"Plena Noite";"Decrescente";"Céu Claro";"Simples";"Reta";"Não";1;0;1;0;0;0;1;1;-16,392728;-39,468717;"SPRF-BA";"DEL09-BA";"UOP01-DEL09-BA"
365808;2021-06-22;"terça-feira";"18:30:00";"PR";277;5;"PARANAGUA";"Desrespeitar a preferência no cruzamento";"Colisão transversal";"Com Vítimas Feridas";"Plena Noite";"Crescente";"Céu Claro";"Dupla";"Reta";"Não";2;0;1;0;1;0;1;2;-25,568198;-48,615292;"SPRF-PR";"DEL01-PR";"UOP05-DEL01-PR"
365810;2021-05-13;"quinta-feira";"17:40:00";"ES";101;4;"ICONHA";"Ausência de reação do condutor";"Colisão lateral mesmo sentido";"Com Vítimas Feridas";"Anoitecer";"Decrescente";"Céu Claro";"Dupla";"Reta";"Não";5;0;1;1;3;0;2;2;-20,79354;-40,811462;"SPRF-ES";"DEL03-ES";"UOP01-DEL03-ES"
365811;2021-06-22;"terça-feira";"19:50:00";"PB";230;4;"CABEDELO";"Reação tardia ou ineficiente do condutor";"Colisão traseira";"Com Vítimas Feridas";"Plena Noite";"Decrescente";"Céu Claro";"Dupla";"Reta;Em Obras;Viaduto";"Sim";2;0;0;1;1;0;1;2;-7,0004;-34,8284;"SPRF-PB";"DEL01-PB";"UOP01-DEL01-PB"
365813;2021-06-22;"terça-feira";"16:00:00";"SC";282;658;"SAO MIGUEL DO OESTE";"Ausência de reação do condutor";"Saída de leito carroçável";"Com Vítimas Feridas";"Pleno dia";"Crescente";"Céu Claro";"Simples";"Declive;Reta";"Não";1;0;0;1;0;0;1;1;-26,684761;-53,549438;"SPRF-SC";"DEL07-SC";"UOP03-DEL07-SC"
365814;2021-06-22;"terça-feira";"12:45:00";"SC";282;616,7;"IRACEMINHA";"Acessar a via sem observar a presença dos outros veículos";"Colisão transversal";"Sem Vítimas";"Pleno dia";"Decrescente";"Céu Claro";"Simples";"Rotatória;Em Obras";"Não";2;0;0;0;2;0;0;2;-26,78312336;-53,28382015;"SPRF-SC";"DEL07-SC";"UOP02-DEL07-SC"
365815;2021-05-10;"segunda-feira";"07:00:00";"PA";230;510;"ANAPU";"Demais falhas na via";"Saída de leito carroçável";"Com Vítimas Feridas";"Amanhecer";"Decrescente";"Sol";"Simples";"Reta";"Não";4;0;4;0;0;0;4;1;-3,39585732;-51,29067824;"SPRF-PA";"DEL04-PA";"UOP01-DEL04-PA"
365816;2021-04-11;"domingo";"20:15:00";"ES";101;77;"SAO MATEUS";"Velocidade Incompatível";"Colisão traseira";"Com Vítimas Feridas";"Plena Noite";"Crescente";"Nublado";"Simples";"Reta";"Não";4;0;2;0;2;0;2;2;-18,79952506;-39,89017092;"SPRF-ES";"DEL04-ES";"UOP02-DEL04-ES"
365817;2021-06-02;"quarta-feira";"18:10:00";"PR";277;722,7;"FOZ DO IGUACU";"Acessar a via sem observar a presença dos outros veículos";"Colisão transversal";"Com Vítimas Feridas";"Plena Noite";"Decrescente";"Nublado";"Dupla";"Reta";"Sim";3;0;1;1;1;0;2;3;-25,49494908;-54,52095097;"SPRF-PR";"DEL05-PR";"UOP03-DEL05-PR"
365818;2021-06-03;"quinta-feira";"17:30:00";"RS";386;374,7;"PAVERAMA";"Desrespeitar a preferência no cruzamento";"Colisão transversal";"Com Vítimas Feridas";"Pleno dia";"Decrescente";"Céu Claro";"Dupla";"Rotatória";"Não";4;0;1;1;2;0;2;2;-29,615551;-51,796562;"SPRF-RS";"DEL04-RS";"UOP02-DEL04-RS"
365821;2021-06-22;"terça-feira";"19:00:00";"BA";116;25,5;"VITORIA DA CONQUISTA";"Mal súbito do condutor";"Queda de ocupante de veículo";"Com Vítimas Fatais";"Plena Noite";"Crescente";"Nublado";"Simples";"Aclive";"Sim";1;1;0;0;0;0;0;1;-14,852861;-40,800422;"SPRF-BA";"DEL08-BA";"UOP01-DEL08-BA"
365825;2021-06-22;"terça-feira";"18:50:00";"MT";70;528,5;"VARZEA GRANDE";"Acessar a via sem observar a presença dos outros veículos";"Colisão transversal";"Com Vítimas Feridas";"Plena Noite";"Crescente";"Céu Claro";"Simples";"Reta";"Sim";2;0;1;0;1;0;1;2;-15,65229625;-56,20141983;"SPRF-MT";"DEL01-MT";"UOP02-DEL01-MT"
365826;2021-06-22;"terça-feira";"20:15:00";"RO";429;342,9;"JI-PARANA";"Animais na Pista";"Atropelamento de Animal";"Com Vítimas Feridas";"Plena Noite";"Decrescente";"Céu Claro";"Dupla";"Reta";"Sim";1;0;0;1;0;0;1;1;-10,87983653;-61,94332123;"SPRF-RO";"DEL02-RO";"UOP03-DEL02-RO"
365827;2021-06-22;"terça-feira";"18:00:00";"MG";262;31,4;"REDUTO";"Falta de acostamento";"Colisão traseira";"Com Vítimas Feridas";"Anoitecer";"Decrescente";"Céu Claro";"Simples";"Reta";"Não";2;0;1;1;0;0;2;2;-20,2532742;-41,992629;"SPRF-MG";"DEL06-MG";"UOP03-DEL06-MG"
365828;2021-06-22;"terça-feira";"06:20:00";"RJ";101;323;"NITEROI";"Chuva";"Colisão traseira";"Com Vítimas Feridas";"Amanhecer";"Crescente";"Chuva";"Dupla";"Reta";"Não";2;0;1;0;1;0;1;2;-22,87684786;-43,11728689;"SPRF-RJ";"DEL02-RJ";"UOP02-DEL02-RJ"
365830;2021-04-02;"sexta-feira";"16:55:00";"SC";101;198;"BIGUACU";"Ingestão de álcool pelo condutor";"Colisão com objeto";"Com Vítimas Fatais";"Pleno dia";"Crescente";"Céu Claro";"Múltipla";"Reta";"Sim";1;1;0;0;0;0;0;1;-27,52658712;-48,63506019;"SPRF-SC";"DEL01-SC";"UOP01-DEL01-SC"
365831;2021-06-08;"terça-feira";"10:00:00";"GO";70;316;"JUSSARA";"Desrespeitar a preferência no cruzamento";"Colisão lateral sentido oposto";"Com Vítimas Feridas";"Pleno dia";"Crescente";"Céu Claro";"Dupla";"Reta";"Sim";3;0;2;0;1;0;2;2;-15,875516;-50,866629;"SPRF-GO";"DEL04-GO";"UOP01-DEL04-GO"
365835;2021-06-22;"terça-feira";"23:30:00";"SC";101;137;"BALNEARIO CAMBORIU";"Entrada inopinada do pedestre";"Atropelamento de Pedestre";"Com Vítimas Fatais";"Plena Noite";"Decrescente";"Céu Claro";"Múltipla";"Reta";"Sim";2;1;0;0;1;0;0;2;-27,0157238;-48,61192763;"SPRF-SC";"DEL04-SC";"UOP03-DEL04-SC"
365838;2021-06-22;"terça-feira";"23:00:00";"SC";470;250,8;"CURITIBANOS";"Animais na Pista";"Atropelamento de Animal";"Sem Vítimas";"Plena Noite";"Decrescente";"Nublado";"Simples";"Reta;Declive";"Não";2;0;0;0;1;1;0;2;-27,31196858;-50,60462911;"SPRF-SC";"DEL05-SC";"UOP03-DEL05-SC"
365839;2021-06-22;"terça-feira";"23:00:00";"SC";470;250,3;"CURITIBANOS";"Animais na Pista";"Atropelamento de Animal";"Sem Vítimas";"Plena Noite";"Crescente";"Nublado";"Simples";"Reta";"Sim";2;0;0;0;1;1;0;2;-27,314182;-50,569588;"SPRF-SC";"DEL05-SC";"UOP03-DEL05-SC"
365840;2021-06-22;"terça-feira";"23:50:00";"PE";101;83,7;"JABOATAO DOS GUARARAPES";"Condutor deixou de manter distância do veículo da frente";"Colisão traseira";"Com Vítimas Feridas";"Plena Noite";"Decrescente";"Céu Claro";"Dupla";"Reta";"Não";3;0;1;0;2;0;1;2;-8,175172;-34,942642;"SPRF-PE";"DEL01-PE";"UOP01-DEL01-PE"
365841;2021-05-25;"terça-feira";"22:50:00";"SC";101;208;"SAO JOSE";"Estacionar ou parar em local proibido";"Colisão traseira";"Com Vítimas Feridas";"Plena Noite";"Decrescente";"Céu Claro";"Múltipla";"Reta";"Sim";2;0;0;1;1;0;1;2;-27,60327979;-48,63201818;"SPRF-SC";"DEL01-SC";"UOP01-DEL01-SC"
365844;2021-06-23;"quarta-feira";"01:10:00";"AC";364;89;"SENADOR GUIOMARD";"Animais na Pista";"Atropelamento de Animal";"Sem Vítimas";"Plena Noite";"Decrescente";"Nevoeiro/Neblina";"Simples";"Reta";"Não";2;0;0;0;2;0;0;1;-10,09943355;-67,50059479;"SPRF-AC";"DEL01-AC";"UOP01-DEL01-AC"
365848;2021-06-23;"quarta-feira";"06:30:00";"MG";40;515;"RIBEIRAO DAS NEVES";"Demais falhas mecânicas ou elétricas";"Queda de ocupante de veículo";"Com Vítimas Feridas";"Pleno dia";"Crescente";"Céu Claro";"Dupla";"Reta";"Sim";2;0;2;0;0;0;2;1;-19,8090079;-44,09493479;"SPRF-MG";"DEL01-MG";"UOP02-DEL01-MG"
365849;2021-06-23;"quarta-feira";"06:30:00";"SE";101;51,5;"CARMOPOLIS";"Desrespeitar a preferência no cruzamento";"Colisão transversal";"Com Vítimas Feridas";"Pleno dia";"Decrescente";"Céu Claro";"Simples";"Reta";"Não";2;0;1;0;1;0;1;2;-10,61153091;-36,97737715;"SPRF-SE";"DEL02-SE";"UOP02-DEL02-SE"
365850;2021-06-23;"quarta-feira";"06:20:00";"PR";158;531,6;"PATO BRANCO";"Desrespeitar a preferência no cruzamento";"Colisão frontal";"Com Vítimas Feridas";"Amanhecer";"Crescente";"Céu Claro";"Simples";"Reta;Aclive;Interseção de Vias";"Sim";3;0;1;1;1;0;2;2;-26,2071119;-52,68070936;"SPRF-PR";"DEL02-PR";"UOP01-DEL02-PR"
365852;2021-06-23;"quarta-feira";"06:15:00";"PR";277;730,5;"FOZ DO IGUACU";"Velocidade Incompatível";"Colisão frontal";"Com Vítimas Feridas";"Amanhecer";"Decrescente";"Céu Claro";"Simples";"Ponte";"Sim";2;0;0;1;0;1;1;2;-25,50948532;-54,60063457;"SPRF-PR";"DEL05-PR";"UOP03-DEL05-PR"
365854;2021-06-23;"quarta-feira";"06:25:00";"CE";222;1,1;"FORTALEZA";"Condutor deixou de manter distância do veículo da frente";"Colisão traseira";"Com Vítimas Feridas";"Pleno dia";"Decrescente";"Céu Claro";"Múltipla";"Reta";"Sim";2;0;1;0;1;0;1;2;-3,737804;-38,578061;"SPRF-CE";"DEL01-CE";"UOP01-DEL01-CE"
365856;2021-06-23;"quarta-feira";"07:35:00";"SC";101;198,5;"BIGUACU";"Trafegar com motocicleta (ou similar) entre as faixas";"Colisão lateral mesmo sentido";"Com Vítimas Feridas";"Pleno dia";"Crescente";"Céu Claro";"Dupla";"Reta";"Sim";2;0;1;0;1;0;1;2;-27,52658712;-48,63506019;"SPRF-SC";"DEL01-SC";"UOP01-DEL01-SC"