"id";"data_inversa";"dia_semana";"horario";"uf";"br";"km";"municipio";"causa_acidente";"tipo_acidente";"classificacao_acidente";"fase_dia";"sentido_via";"condicao_metereologica";"tipo_pista";"tracado_via";"uso_solo";"pessoas";"mortos";"feridos_leves";"feridos_graves";"ilesos";"ignorados";"feridos";"veiculos";"latitude";"longitude";"regional";"delegacia";"uop"
365857;2021-06-23;"quarta-feira";"07:35:00";"DF";20;16;"BRASILIA";"Condutor deixou de manter distância do veículo da frente";"Colisão traseira";"Com Vítimas Feridas";"Pleno dia";"Decrescente";"Sol";"Dupla";"Reta";"Sim";1;0;1;0;0;0;1;1;-15,625675;-47,725159;"SPRF-DF";"DEL02-DF";"UOP01-DEL02-DF"
365858;2021-06-18;"sexta-feira";"15:20:00";"GO";153;497;"GOIANIA";"Condutor deixou de manter distância do veículo da frente";"Engavetamento";"Sem Vítimas";"Pleno dia";"Crescente";"Céu Claro";"Dupla";"Reta";"Sim";8;0;0;0;8;0;0;5;-16,67553871;-49,23012257;"SPRF-GO";"DEL01-GO";"UOP01-DEL01-GO"
365860;2021-06-22;"terça-feira";"17:45:00";"MG";262;56,9;"MANHUACU";"Ausência de reação do condutor";"Atropelamento de Pedestre";"Com Vítimas Feridas";"Anoitecer";"Crescente";"Céu Claro";"Simples";"Reta";"Sim";3;0;0;1;1;1;1;2;-20,26638115;-42,18214384;"SPRF-MG";"DEL06-MG";"UOP03-DEL06-MG"
365861;2021-06-23;"quarta-feira";"07:30:00";"DF";70;8,5;"BRASILIA";"Condutor deixou de manter distância do veículo da frente";"Colisão traseira";"Com Vítimas Feridas";"Pleno dia";"Decrescente";"Céu Claro";"Dupla";"Reta";"Sim";3;0;0;2;0;1;2;2;-15,78572361;-48,12006891;"SPRF-DF";"DEL03-DF";"UOP02-DEL03-DF"
365863;2021-06-23;"quarta-feira";"07:00:00";"PI";316;19;"TERESINA";"Frear bruscamente";"Saída de leito carroçável";"Com Vítimas Feridas";"Pleno dia";"Crescente";"Céu Claro";"Simples";"Reta";"Não";1;0;1;0;0;0;1;1;-5,25133097;-42,73007082;"SPRF-PI";"DEL01-PI";"UOP02-DEL01-PI"
365864;2021-06-23;"quarta-feira";"06:00:00";"CE";222;253;"SOBRAL";"Ausência de reação do condutor";"Colisão traseira";"Com Vítimas Feridas";"Amanhecer";"Crescente";"Céu Claro";"Simples";"Reta";"Não";3;0;0;2;1;0;2;3;-3,75413988;-40,58599699;"SPRF-CE";"DEL04-CE";"UOP02-DEL04-CE"
365865;2021-06-23;"quarta-feira";"05:05:00";"MG";365;156,3;"PIRAPORA";"Animais na Pista";"Atropelamento de Animal";"Com Vítimas Feridas";"Pleno dia";"Decrescente";"Céu Claro";"Simples";"Reta";"Sim";1;0;1;0;0;0;1;1;-17,33324402;-44,89769078;"SPRF-MG";"DEL12-MG";"UOP01-DEL12-MG"
365866;2021-06-23;"quarta-feira";"08:10:00";"CE";20;408;"CAUCAIA";"Demais falhas mecânicas ou elétricas";"Tombamento";"Com Vítimas Feridas";"Pleno dia";"Crescente";"Céu Claro";"Dupla";"Reta";"Sim";1;0;1;0;0;0;1;1;-3,76999035;-38,67006282;"SPRF-CE";"DEL01-CE";"UOP01-DEL01-CE"
365867;2021-06-23;"quarta-feira";"08:25:00";"SP";116;217,5;"GUARULHOS";"Manobra de mudança de faixa";"Colisão lateral mesmo sentido";"Com Vítimas Feridas";"Pleno dia";"Crescente";"Nublado";"Múltipla";"Aclive;Reta";"Sim";3;0;2;0;1;0;2;2;-23,45423824;-46,47119028;"SPRF-SP";"DEL01-SP";"UOP01-DEL01-SP"
365868;2021-06-23;"quarta-feira";"08:00:00";"MG";381;498;"BETIM";"Reação tardia ou ineficiente do condutor";"Tombamento";"Com Vítimas Feridas";"Pleno dia";"Decrescente";"Céu Claro";"Múltipla";"Interseção de Vias";"Sim";1;0;1;0;0;0;1;1;-20,01172662;-44,21976041;"SPRF-MG";"DEL01-MG";"UOP03-DEL01-MG"
365869;2021-05-25;"terça-feira";"08:50:00";"RS";158;309,9;"ITAARA";"Acessar a via sem observar a presença dos outros veículos";"Colisão transversal";"Com Vítimas Feridas";"Pleno dia";"Crescente";"Céu Claro";"Simples";"Reta";"Sim";2;0;0;1;1;0;1;2;-29,60389692;-53,76635275;"SPRF-RS";"DEL09-RS";"UOP01-DEL09-RS"
365870;2021-06-23;"quarta-feira";"08:15:00";"PA";230;117;"MARABA";"Ausência de reação do condutor";"Colisão traseira";"Com Vítimas Feridas";"Pleno dia";"Crescente";"Céu Claro";"Dupla";"Interseção de Vias";"Sim";2;0;1;0;1;0;1;2;-5,35044492;-49,10159111;"SPRF-PA";"DEL03-PA";"UOP01-DEL03-PA"
365871;2021-06-23;"quarta-feira";"08:00:00";"MT";70;497,1;"CUIABA";"Pista Escorregadia";"Saída de leito carroçável";"Com Vítimas Feridas";"Pleno dia";"Crescente";"Céu Claro";"Dupla";"Desvio Temporário";"Sim";1;0;1;0;0;0;1;1;-15,66061816;-56,00530928;"SPRF-MT";"DEL01-MT";"UOP02-DEL01-MT"
365872;2021-06-23;"quarta-feira";"09:00:00";"CE";222;0;"CAUCAIA";"Manobra de mudança de faixa";"Colisão lateral mesmo sentido";"Sem Vítimas";"Pleno dia";"Crescente";"Sol";"Dupla";"Retorno Regulamentado";"Sim";2;0;0;0;2;0;0;2;-3,74370925;-38,62052863;"SPRF-CE";"DEL01-CE";"UOP01-DEL01-CE"
365873;2021-06-23;"quarta-feira";"08:44:00";"SP";153;60,8;"SAO JOSE DO RIO PRETO";"Ausência de sinalização";"Colisão lateral mesmo sentido";"Com Vítimas Feridas";"Pleno dia";"Crescente";"Céu Claro";"Dupla";"Em Obras";"Sim";3;0;1;1;1;0;2;2;-20,79627979;-49,35480206;"SPRF-SP";"DEL09-SP";"UOP01-DEL09-SP"
365876;2021-06-23;"quarta-feira";"08:50:00";"DF";40;2,7;"BRASILIA";"Reação tardia ou ineficiente do condutor";"Colisão traseira";"Com Vítimas Feridas";"Pleno dia";"Decrescente";"Céu Claro";"Dupla";"Reta";"Sim";3;0;1;0;1;1;1;3;-16,00006927;-47,98459053;"SPRF-DF";"DEL01-DF";"UOP01-DEL01-DF"
365877;2021-06-23;"quarta-feira";"08:30:00";"BA";116;823;"VITORIA DA CONQUISTA";"Manobra de mudança de faixa";"Colisão lateral mesmo sentido";"Sem Vítimas";"Pleno dia";"Crescente";"Céu Claro";"Dupla";"Retorno Regulamentado";"Sim";2;0;0;0;2;0;0;2;-14,8079923;-40,78877284;"SPRF-BA";"DEL08-BA";"UOP01-DEL08-BA"
365878;2021-06-23;"quarta-feira";"09:00:00";"MG";381;673,7;"PERDOES";"Avarias e/ou desgaste excessivo no pneu";"Saída de leito carroçável";"Com Vítimas Feridas";"Pleno dia";"Decrescente";"Nublado";"Dupla";"Aclive";"Não";2;0;1;0;1;0;1;1;-21,09966091;-45,08510908;"SPRF-MG";"DEL04-MG";"UOP02-DEL04-MG"
365879;2021-05-09;"domingo";"00:20:00";"BA";116;229,1;"EUCLIDES DA CUNHA";"Animais na Pista";"Atropelamento de Animal";"Com Vítimas Feridas";"Plena Noite";"Decrescente";"Nublado";"Simples";"Reta";"Não";4;0;1;3;0;0;4;2;-10,61954388;-38,96573072;"SPRF-BA";"DEL07-BA";"UOP02-DEL07-BA"
365881;2021-06-23;"quarta-feira";"09:10:00";"RS";386;145,9;"SARANDI";"Desrespeitar a preferência no cruzamento";"Colisão transversal";"Com Vítimas Feridas";"Pleno dia";"Decrescente";"Nublado";"Simples";"Curva";"Não";4;0;3;0;1;0;3;2;-28,04065054;-52,87287354;"SPRF-RS";"DEL08-RS";"UOP01-DEL08-RS"
365883;2021-06-23;"quarta-feira";"08:32:00";"PR";476;123;"CURITIBA";"Ausência de reação do condutor";"Colisão traseira";"Com Vítimas Feridas";"Pleno dia";"Crescente";"Céu Claro";"Dupla";"Reta";"Sim";2;0;1;0;1;0;1;2;-25,392904;-49,209557;"SPRF-PR";"DEL01-PR";"UOP03-DEL01-PR"
365887;2021-05-14;"sexta-feira";"23:20:00";"ES";101;186,3;"ARACRUZ";"Falta de acostamento";"Colisão traseira";"Com Vítimas Feridas";"Plena Noite";"Decrescente";"Nublado";"Dupla";"Aclive;Reta";"Não";2;0;0;1;0;1;1;2;-19,66488404;-40,24929498;"SPRF-ES";"DEL04-ES";"UOP01-DEL04-ES"
365888;2021-06-23;"quarta-feira";"06:45:00";"RO";364;725,9;"PORTO VELHO";"Ultrapassagem Indevida";"Colisão frontal";"Com Vítimas Fatais";"Amanhecer";"Decrescente";"Nevoeiro/Neblina";"Simples";"Reta";"Não";3;1;0;0;2;0;0;3;-8,85112482;-63,93965083;"SPRF-RO";"DEL01-RO";"UOP01-DEL01-RO"
365889;2021-05-09;"domingo";"14:00:00";"MG";365;626;"UBERLANDIA";"Ausência de reação do condutor";"Saída de leito carroçável";"Com Vítimas Feridas";"Pleno dia";"Crescente";"Céu Claro";"Dupla";"Reta";"Sim";1;0;1;0;0;0;1;1;-18,90659356;-48,33469405;"SPRF-MG";"DEL15-MG";"UOP01-DEL15-MG"
365890;2021-06-23;"quarta-feira";"10:15:00";"SC";101;210,5;"SAO JOSE";"Avarias e/ou desgaste excessivo no pneu";"Tombamento";"Com Vítimas Feridas";"Pleno dia";"Crescente";"Sol";"Múltipla";"Reta";"Sim";2;0;2;0;0;0;2;1;-27,6204738;-48,64972472;"SPRF-SC";"DEL01-SC";"UOP01-DEL01-SC"
365892;2021-06-23;"quarta-feira";"09:25:00";"PR";116;26,7;"CAMPINA GRANDE DO SUL";"Reação tardia ou ineficiente do condutor";"Saída de leito carroçável";"Com Vítimas Feridas";"Pleno dia";"Decrescente";"Garoa/Chuvisco";"Dupla";"Curva";"Não";5;0;1;0;4;0;1;1;-25,10816995;-48,78748298;"SPRF-PR";"DEL01-PR";"UOP02-DEL01-PR"
365893;2021-06-23;"quarta-feira";"07:30:00";"SC";101;119,7;"ITAJAI";"Condutor deixou de manter distância do veículo da frente";"Colisão traseira";"Com Vítimas Feridas";"Pleno dia";"Decrescente";"Céu Claro";"Múltipla";"Reta;Interseção de Vias";"Sim";3;0;1;0;1;1;1;3;-26,90078545;-48,71677888;"SPRF-SC";"DEL04-SC";"UOP04-DEL04-SC"
365895;2021-06-23;"quarta-feira";"10:10:00";"SC";101;115,9;"ITAJAI";"Condutor deixou de manter distância do veículo da frente";"Colisão traseira";"Com Vítimas Feridas";"Pleno dia";"Crescente";"Céu Claro";"Dupla";"Reta";"Sim";2;0;0;1;1;0;1;2;-26,87064015;-48,72954134;"SPRF-SC";"DEL04-SC";"UOP04-DEL04-SC"
365897;2021-06-23;"quarta-feira";"08:00:00";"MS";262;772,8;"CORUMBA";"Acessar a via sem observar a presença dos outros veículos";"Tombamento";"Com Vítimas Feridas";"Pleno dia";"Crescente";"Céu Claro";"Simples";"Reta";"Sim";2;0;0;1;1;0;1;2;-19,04008107;-57,64237761;"SPRF-MS";"DEL03-MS";"UOP03-DEL03-MS"
365898;2021-06-23;"quarta-feira";"09:45:00";"RS";153;59,8;"PAULO BENTO";"Velocidade Incompatível";"Tombamento";"Com Vítimas Feridas";"Pleno dia";"Decrescente";"Céu Claro";"Simples";"Reta";"Não";1;0;1;0;0;0;1;1;-27,72088102;-52,3204069;"SPRF-RS";"DEL08-RS";"UOP04-DEL08-RS"
365899;2021-05-28;"sexta-feira";"18:15:00";"PR";153;490;"GENERAL CARNEIRO";"Velocidade Incompatível";"Colisão frontal";"Com Vítimas Feridas";"Plena Noite";"Crescente";"Nublado";"Múltipla";"Curva;Interseção de Vias";"Sim";2;0;1;0;1;0;1;2;-26,42861123;-51,31328206;"SPRF-PR";"DEL02-PR";"UOP03-DEL02-PR"
365901;2021-06-23;"quarta-feira";"09:40:00";"MT";364;265;"SAO PEDRO DA CIPA";"Conversão proibida";"Colisão lateral mesmo sentido";"Com Vítimas Feridas";"Pleno dia";"Decrescente";"Sol";"Dupla";"Reta";"Não";2;0;1;0;1;0;1;2;-16,00324572;-54,91687775;"SPRF-MT";"DEL02-MT";"UOP01-DEL02-MT"
365902;2021-06-23;"quarta-feira";"08:00:00";"SC";101;95;"BARRA VELHA";"Velocidade Incompatível";"Saída de leito carroçável";"Com Vítimas Feridas";"Pleno dia";"Decrescente";"Céu Claro";"Simples";"Curva";"Sim";1;0;0;1;0;0;1;1;-26,70876413;-48,70221065;"SPRF-SC";"DEL03-SC";"UOP02-DEL03-SC"
365905;2021-06-07;"segunda-feira";"19:30:00";"CE";20;410,5;"CAUCAIA";"Acessar a via sem observar a presença dos outros veículos";"Colisão lateral mesmo sentido";"Com Vítimas Feridas";"Plena Noite";"Crescente";"Céu Claro";"Dupla";"Reta";"Sim";2;0;0;1;0;1;1;2;-3,76999035;-38,67006282;"SPRF-CE";"DEL01-CE";"UOP01-DEL01-CE"
365906;2021-06-23;"quarta-feira";"08:50:00";"PE";423;106;"GARANHUNS";"Frear bruscamente";"Queda de ocupante de veículo";"Com Vítimas Feridas";"Pleno dia";"Decrescente";"Nevoeiro/Neblina";"Simples";"Aclive";"Não";1;0;1;0;0;0;1;1;-8,88171776;-36,57279606;"SPRF-PE";"DEL03-PE";"UOP01-DEL03-PE"
365907;2021-06-23;"quarta-feira";"09:30:00";"MA";10;257;"IMPERATRIZ";"Ultrapassagem Indevida";"Colisão lateral mesmo sentido";"Com Vítimas Fatais";"Pleno dia";"Decrescente";"Céu Claro";"Simples";"Reta";"Não";2;1;0;0;0;1;0;2;-5,490634;-47,471973;"SPRF-MA";"DEL04-MA";"UOP01-DEL04-MA"
365909;2021-06-23;"quarta-feira";"11:40:00";"RJ";101;70;"CAMPOS DOS GOYTACAZES";"Pedestre cruzava a pista fora da faixa";"Atropelamento de Pedestre";"Com Vítimas Feridas";"Pleno dia";"Crescente";"Chuva";"Simples";"Reta";"Não";3;0;1;0;2;0;1;2;-21,781011;-41,373363;"SPRF-RJ";"DEL08-RJ";"UOP02-DEL08-RJ"
365910;2021-06-23;"quarta-feira";"12:00:00";"GO";60;117,9;"TEREZOPOLIS DE GOIAS";"Desrespeitar a preferência no cruzamento";"Colisão transversal";"Com Vítimas Feridas";"Pleno dia";"Decrescente";"Sol";"Dupla";"Interseção de Vias;Reta;Declive";"Sim";5;0;1;0;4;0;1;2;-16,48418625;-49,09292798;"SPRF-GO";"DEL01-GO";"UOP01-DEL01-GO"
365911;2021-06-23;"quarta-feira";"12:30:00";"RJ";356;169,8;"SAO JOAO DA BARRA";"Ausência de reação do condutor";"Saída de leito carroçável";"Com Vítimas Feridas";"Pleno dia";"Crescente";"Céu Claro";"Simples";"Reta";"Não";1;0;1;0;0;0;1;1;-21,7186;-41,085501;"SPRF-RJ";"DEL08-RJ";"UOP02-DEL08-RJ"
365912;2021-05-18;"terça-feira";"12:30:00";"PR";277;7,5;"PARANAGUA";"Acessar a via sem observar a presença dos outros veículos";"Colisão transversal";"Com Vítimas Feridas";"Pleno dia";"Decrescente";"Céu Claro";"Simples";"Interseção de Vias";"Sim";2;0;1;0;1;0;1;2;-25,509432;-48,518454;"SPRF-PR";"DEL01-PR";"UOP05-DEL01-PR"
365913;2021-06-23;"quarta-feira";"12:15:00";"PE";232;4,2;"RECIFE";"Ultrapassagem Indevida";"Colisão lateral mesmo sentido";"Sem Vítimas";"Pleno dia";"Crescente";"Céu Claro";"Dupla";"Reta";"Sim";2;0;0;0;2;0;0;2;-8,064473;-34,936928;"SPRF-PE";"DEL01-PE";"UOP01-DEL01-PE"
365915;2021-06-23;"quarta-feira";"08:10:00";"GO";452;20;"RIO VERDE";"Demais falhas mecânicas ou elétricas";"Colisão com objeto";"Com Vítimas Feridas";"Pleno dia";"Decrescente";"Sol";"Simples";"Reta";"Não";2;0;0;1;1;0;1;1;-17,8687406;-50,73337771;"SPRF-GO";"DEL04-GO";"UOP01-DEL04-GO"
365922;2021-06-23;"quarta-feira";"13:15:00";"SP";116;144;"SAO JOSE DOS CAMPOS";"Reação tardia ou ineficiente do condutor";"Queda de ocupante de veículo";"Com Vítimas Feridas";"Pleno dia";"Crescente";"Céu Claro";"Dupla";"Reta";"Sim";1;0;1;0;0;0;1;1;-23,18274416;-45,84633592;"SPRF-SP";"DEL02-SP";"UOP01-DEL02-SP"
365925;2021-06-23;"quarta-feira";"13:00:00";"MT";70;2,7;"BARRA DO GARCAS";"Manobra de mudança de faixa";"Colisão transversal";"Com Vítimas Feridas";"Pleno dia";"Decrescente";"Sol";"Dupla";"Declive;Reta";"Sim";3;0;2;0;1;0;2;2;-15,88749699;-52,26810568;"SPRF-MT";"DEL07-MT";"UOP01-DEL07-MT"
365926;2021-06-23;"quarta-feira";"10:30:00";"MA";10;256,5;"IMPERATRIZ";"Conversão proibida";"Colisão transversal";"Com Vítimas Feridas";"Pleno dia";"Crescente";"Céu Claro";"Simples";"Reta";"Não";3;0;2;0;1;0;2;2;-5,499715;-47,471836;"SPRF-MA";"DEL04-MA";"UOP01-DEL04-MA"
365927;2021-05-17;"segunda-feira";"15:20:00";"MG";50;47,9;"ARAGUARI";"Demais falhas mecânicas ou elétricas";"Tombamento";"Com Vítimas Feridas";"Pleno dia";"Decrescente";"Céu Claro";"Dupla";"Curva;Aclive";"Não";2;0;2;0;0;0;2;1;-18,72799811;-48,20659169;"SPRF-MG";"DEL15-MG";"UOP02-DEL15-MG"
365928;2021-06-23;"quarta-feira";"09:00:00";"AC";364;693,7;"CRUZEIRO DO SUL";"Manobra de mudança de faixa";"Saída de leito carroçável";"Com Vítimas Feridas";"Pleno dia";"Decrescente";"Céu Claro";"Simples";"Declive";"Não";4;0;0;4;0;0;4;1;-7,78319758;-72,11938008;"SPRF-AC";"DEL01-AC";"UOP01-DEL01-AC"
365930;2021-06-23;"quarta-feira";"13:05:00";"MG";40;511,2;"RIBEIRAO DAS NEVES";"Reação tardia ou ineficiente do condutor";"Saída de leito carroçável";"Com Vítimas Feridas";"Pleno dia";"Decrescente";"Céu Claro";"Dupla";"Reta;Interseção de Vias";"Sim";1;0;0;1;0;0;1;1;-19,78164295;-44,11733194;"SPRF-MG";"DEL01-MG";"UOP02-DEL01-MG"
365931;2021-03-16;"terça-feira";"11:50:00";"BA";324;277;"JACOBINA";"Reação tardia ou ineficiente do condutor";"Saída de leito carroçável";"Com Vítimas Feridas";"Pleno dia";"Crescente";"Céu Claro";"Simples";"Curva";"Não";1;0;0;1;0;0;1;1;-11,10210648;-40,64350475;"SPRF-BA";"DEL04-BA";"UOP02-DEL04-BA"
365932;2021-06-23;"quarta-feira";"14:05:00";"RS";116;263;"CANOAS";"Acessar a via sem observar a presença dos outros veículos";"Colisão transversal";"Com Vítimas Feridas";"Pleno dia";"Decrescente";"Nublado";"Múltipla";"Reta";"Sim";2;0;1;0;1;0;1;2;-29,90171704;-51,17622077;"SPRF-RS";"DEL01-RS";"UOP01-DEL01-RS"
365933;2021-06-23;"quarta-feira";"09:40:00";"MA";230;2;"BARAO DE GRAJAU";"Acessar a via sem observar a presença dos outros veículos";"Colisão lateral sentido oposto";"Sem Vítimas";"Pleno dia";"Crescente";"Sol";"Simples";"Reta";"Sim";3;0;0;0;2;1;0;3;-6,75451474;-43,02540492;"SPRF-PI";"DEL03-PI";"UOP01-DEL03-PI"
365934;2021-06-23;"quarta-feira";"14:15:00";"SP";381;25;"BRAGANCA PAULISTA";"Reação tardia ou ineficiente do condutor";"Colisão traseira";"Com Vítimas Feridas";"Pleno dia";"Crescente";"Céu Claro";"Dupla";"Curva";"Não";2;0;1;0;1;0;1;2;-23,02018004;-46,52966596;"SPRF-SP";"DEL03-SP";"UOP01-DEL03-SP"
365938;2021-06-23;"quarta-feira";"14:40:00";"SC";280;57;"GUARAMIRIM";"Conversão proibida";"Colisão transversal";"Com Vítimas Feridas";"Pleno dia";"Decrescente";"Garoa/Chuvisco";"Simples";"Reta";"Não";4;0;0;1;2;1;1;3;-26,47811421;-49,01259213;"SPRF-SC";"DEL03-SC";"UOP03-DEL03-SC"
365939;2021-06-23;"quarta-feira";"14:40:00";"PE";101;88;"CABO DE SANTO AGOSTINHO";"Manobra de mudança de faixa";"Saída de leito carroçável";"Com Vítimas Feridas";"Pleno dia";"Crescente";"Céu Claro";"Múltipla";"Reta";"Sim";3;0;3;0;0;0;3;1;-8,19971387;-34,9785382;"SPRF-PE";"DEL01-PE";"UOP01-DEL01-PE"
365941;2021-06-23;"quarta-feira";"14:50:00";"BA";324;568;"SAO SEBASTIAO DO PASSE";"Condutor deixou de manter distância do veículo da frente";"Colisão traseira";"Com Vítimas Feridas";"Pleno dia";"Decrescente";"Céu Claro";"Dupla";"Declive;Reta";"Não";2;0;1;0;1;0;1;2;-12,53527699;-38,59595575;"SPRF-BA";"DEL01-BA";"UOP01-DEL01-BA"
365942;2021-06-23;"quarta-feira";"10:35:00";"RJ";40;30;"TRES RIOS";"Acumulo de areia ou detritos sobre o pavimento";"Tombamento";"Com Vítimas Feridas";"Pleno dia";"Crescente";"Céu Claro";"Dupla";"Curva";"Não";1;0;1;0;0;0;1;1;-22,18633705;-43,16660309;"SPRF-RJ";"DEL05-RJ";"UOP02-DEL05-RJ"
365946;2021-06-20;"domingo";"05:40:00";"SC";101;40,8;"JOINVILLE";"Velocidade Incompatível";"Colisão transversal";"Com Vítimas Feridas";"Plena Noite";"Crescente";"Garoa/Chuvisco";"Dupla";"Curva";"Sim";3;0;2;0;1;0;2;2;-26,31344142;-48,87356043;"SPRF-SC";"DEL03-SC";"UOP01-DEL03-SC"
365948;2021-06-23;"quarta-feira";"08:35:00";"RJ";101;262;"RIO BONITO";"Conversão proibida";"Colisão frontal";"Com Vítimas Feridas";"Pleno dia";"Crescente";"Céu Claro";"Dupla";"Rotatória";"Sim";3;0;2;0;1;0;2;2;-22,71367506;-42,62052996;"SPRF-RJ";"DEL02-RJ";"UOP03-DEL02-RJ"
365949;2021-05-25;"terça-feira";"02:00:00";"MA";316;9;"BOA VISTA DO GURUPI";"Deficiência do Sistema de Iluminação/Sinalização";"Colisão traseira";"Com Vítimas Fatais";"Plena Noite";"Crescente";"Ignorado";"Simples";"Reta";"Não";2;1;0;0;0;1;0;2;-1,782038;-46,245014;"SPRF-MA";"DEL02-MA";"UOP02-DEL02-MA"
365952;2021-06-20;"domingo";"03:00:00";"MG";262;59,2;"MANHUACU";"Animais na Pista";"Atropelamento de Animal";"Sem Vítimas";"Plena Noite";"Decrescente";"Céu Claro";"Simples";"Reta";"Não";1;0;0;0;1;0;0;1;-20,28276197;-42,20329303;"SPRF-MG";"DEL06-MG";"UOP03-DEL06-MG"
365953;2021-06-20;"domingo";"21:30:00";"RS";116;39;"VACARIA";"Mal súbito do condutor";"Colisão com objeto";"Sem Vítimas";"Plena Noite";"Crescente";"Nublado";"Simples";"Reta";"Sim";3;0;0;0;3;0;0;1;-28,5120121;-50,93237991;"SPRF-RS";"DEL05-RS";"UOP03-DEL05-RS"
365954;2021-06-23;"quarta-feira";"07:50:00";"MA";10;236;"IMPERATRIZ";"Reação tardia ou ineficiente do condutor";"Colisão traseira";"Com Vítimas Feridas";"Pleno dia";"Crescente";"Céu Claro";"Simples";"Reta";"Não";2;0;1;0;1;0;1;2;-5,655617;-47,388985;"SPRF-MA";"DEL04-MA";"UOP01-DEL04-MA"
365955;2021-06-23;"quarta-feira";"11:50:00";"SC";470;56;"BLUMENAU";"Desrespeitar a preferência no cruzamento";"Colisão transversal";"Com Vítimas Feridas";"Pleno dia";"Decrescente";"Chuva";"Simples";"Reta";"Sim";2;0;1;0;1;0;1;2;-26,87743534;-49,12999034;"SPRF-SC";"DEL04-SC";"UOP01-DEL04-SC"
365958;2021-06-23;"quarta-feira";"11:00:00";"BA";116;491;"RAFAEL JAMBEIRO";"Reação tardia ou ineficiente do condutor";"Saída de leito carroçável";"Com Vítimas Feridas";"Pleno dia";"Crescente";"Céu Claro";"Dupla";"Reta";"Não";4;0;3;1;0;0;4;1;-12,55311941;-39,4579268;"SPRF-BA";"DEL02-BA";"UOP01-DEL02-BA"
365959;2021-06-23;"quarta-feira";"16:00:00";"MG";354;752,7;"ITAMONTE";"Ingestão de álcool pelo condutor";"Colisão traseira";"Com Vítimas Feridas";"Pleno dia";"Crescente";"Céu Claro";"Simples";"Reta";"Sim";2;0;1;0;1;0;1;2;-22,29340799;-44,86366398;"SPRF-MG";"DEL17-MG";"UOP01-DEL17-MG"
365960;2021-06-23;"quarta-feira";"16:50:00";"SP";116;212;"GUARULHOS";"Reação tardia ou ineficiente do condutor";"Colisão com objeto";"Com Vítimas Feridas";"Pleno dia";"Crescente";"Céu Claro";"Simples";"Reta";"Não";2;0;1;0;1;0;1;1;-23,43608315;-46,42805094;"SPRF-SP";"DEL01-SP";"UOP01-DEL01-SP"
365965;2021-06-23;"quarta-feira";"16:40:00";"SC";101;164,1;"TIJUCAS";"Ausência de reação do condutor";"Colisão traseira";"Com Vítimas Feridas";"Pleno dia";"Crescente";"Céu Claro";"Dupla";"Ponte";"Não";2;0;0;1;1;0;1;2;-27,243868;-48,6309;"SPRF-SC";"DEL04-SC";"UOP03-DEL04-SC"
365966;2021-06-23;"quarta-feira";"15:40:00";"MT";163;770;"SORRISO";"Avarias e/ou desgaste excessivo no pneu";"Queda de ocupante de veículo";"Com Vítimas Feridas";"Pleno dia";"Crescente";"Céu Claro";"Simples";"Declive;Reta";"Não";2;0;2;0;0;0;2;1;-12,41763328;-55,6355381;"SPRF-MT";"DEL06-MT";"UOP01-DEL06-MT"
365968;2021-06-23;"quarta-feira";"15:20:00";"ES";262;139,1;"MUNIZ FREIRE";"Ingestão de álcool e/ou substâncias psicoativas pelo pedestre";"Colisão com objeto";"Com Vítimas Feridas";"Pleno dia";"Decrescente";"Céu Claro";"Simples";"Interseção de Vias;Rotatória;Reta;Aclive;Retorno Regulamentado";"Não";1;0;0;1;0;0;1;1;-20,23135279;-41,36098834;"SPRF-ES";"DEL01-ES";"UOP02-DEL01-ES"
365971;2021-06-23;"quarta-feira";"17:40:00";"ES";101;124;"LINHARES";"Transitar no acostamento";"Colisão traseira";"Com Vítimas Feridas";"Anoitecer";"Crescente";"Céu Claro";"Simples";"Reta";"Não";2;0;1;0;1;0;1;2;-19,17652792;-40,09118118;"SPRF-ES";"DEL04-ES";"UOP01-DEL04-ES"
365973;2021-06-23;"quarta-feira";"18:00:00";"GO";40;10,9;"LUZIANIA";"Pedestre andava na pista";"Atropelamento de Pedestre";"Com Vítimas Feridas";"Plena Noite";"Crescente";"Céu Claro";"Dupla";"Reta";"Sim";2;0;1;0;1;0;1;2;-16,131285;-47,957923;"SPRF-DF";"DEL01-DF";"UOP01-DEL01-DF"
365975;2021-06-23;"quarta-feira";"18:00:00";"BA";324;619;"SALVADOR";"Reação tardia ou ineficiente do condutor";"Queda de ocupante de veículo";"Com Vítimas Feridas";"Plena Noite";"Decrescente";"Nublado";"Múltipla";"Reta";"Sim";1;0;1;0;0;0;1;1;-12,89820999;-38,45012202;"SPRF-BA";"DEL01-BA";"UOP01-DEL01-BA"
365976;2021-06-23;"quarta-feira";"18:00:00";"GO";40;3,1;"VALPARAISO DE GOIAS";"Trafegar com motocicleta (ou similar) entre as faixas";"Colisão lateral mesmo sentido";"Com Vítimas Feridas";"Plena Noite";"Crescente";"Céu Claro";"Dupla";"Reta";"Sim";2;0;0;1;0;1;1;2;-16,076081;-47,985671;"SPRF-DF";"DEL01-DF";"UOP01-DEL01-DF"