"id";"data_inversa";"dia_semana";"horario";"uf";"br";"km";"municipio";"causa_acidente";"tipo_acidente";"classificacao_acidente";"fase_dia";"sentido_via";"condicao_metereologica";"tipo_pista";"tracado_via";"uso_solo";"pessoas";"mortos";"feridos_leves";"feridos_graves";"ilesos";"ignorados";"feridos";"veiculos";"latitude";"longitude";"regional";"delegacia";"uop"
366111;2021-06-24;"quinta-feira";"08:00:00";"MG";262;179;"SAO DOMINGOS DO PRATA";"Ultrapassagem Indevida";"Colisão transversal";"Com Vítimas Feridas";"Pleno dia";"Decrescente";"Céu Claro";"Simples";"Reta";"Não";3;0;3;0;0;0;3;2;-19,92881848;-42,99046914;"SPRF-MG";"DEL03-MG";"UOP01-DEL03-MG"
366112;2021-06-24;"quinta-feira";"11:23:00";"RN";101;83;"SAO GONCALO DO AMARANTE";"Pedestre cruzava a pista fora da faixa";"Atropelamento de Pedestre";"Com Vítimas Feridas";"Pleno dia";"Crescente";"Céu Claro";"Dupla";"Curva";"Sim";2;0;1;0;1;0;1;2;-5,77089906;-35,2675206;"SPRF-RN";"DEL02-RN";"UOP01-DEL02-RN"
366114;2021-06-24;"quinta-feira";"11:00:00";"RS";116;516,7;"PELOTAS";"Reação tardia ou ineficiente do condutor";"Colisão traseira";"Com Vítimas Feridas";"Pleno dia";"Decrescente";"Garoa/Chuvisco";"Múltipla";"Reta";"Sim";2;0;1;0;1;0;1;2;-31,67625624;-52,34149927;"SPRF-RS";"DEL07-RS";"UOP01-DEL07-RS"
366115;2021-06-24;"quinta-feira";"11:00:00";"ES";259;58,6;"COLATINA";"Condutor deixou de manter distância do veículo da frente";"Colisão traseira";"Com Vítimas Feridas";"Pleno dia";"Crescente";"Sol";"Simples";"Retorno Regulamentado";"Sim";3;0;2;0;1;0;2;2;-19,514467;-40,660786;"SPRF-ES";"DEL02-ES";"UOP01-DEL02-ES"
366116;2021-06-24;"quinta-feira";"09:00:00";"PI";343;3,4;"PARNAIBA";"Desrespeitar a preferência no cruzamento";"Colisão transversal";"Com Vítimas Feridas";"Pleno dia";"Decrescente";"Sol";"Simples";"Interseção de Vias";"Não";2;0;1;0;1;0;1;2;-2,900253;-41,689171;"SPRF-PI";"DEL05-PI";"UOP01-DEL05-PI"
366117;2021-06-24;"quinta-feira";"10:40:00";"PR";272;566;"GUAIRA";"Condutor usando celular";"Capotamento";"Sem Vítimas";"Pleno dia";"Decrescente";"Céu Claro";"Simples";"Reta";"Não";1;0;0;0;0;1;0;1;-24,09647349;-54,20729189;"SPRF-PR";"DEL06-PR";"UOP01-DEL06-PR"
366118;2021-06-04;"sexta-feira";"11:35:00";"ES";482;105,5;"GUACUI";"Acessar a via sem observar a presença dos outros veículos";"Colisão transversal";"Com Vítimas Feridas";"Pleno dia";"Crescente";"Céu Claro";"Simples";"Reta";"Sim";2;0;0;2;0;0;2;2;-20,777433;-41,66744;"SPRF-ES";"DEL03-ES";"UOP02-DEL03-ES"
366120;2021-06-24;"quinta-feira";"10:10:00";"PE";232;21,3;"MORENO";"Acumulo de água sobre o pavimento";"Colisão lateral mesmo sentido";"Com Vítimas Feridas";"Pleno dia";"Decrescente";"Chuva";"Dupla";"Curva";"Sim";2;0;1;0;0;1;1;2;-8,09580234;-35,08012588;"SPRF-PE";"DEL01-PE";"UOP01-DEL01-PE"
366123;2021-06-24;"quinta-feira";"11:07:00";"SC";101;211;"SAO JOSE";"Ausência de reação do condutor";"Colisão traseira";"Com Vítimas Feridas";"Pleno dia";"Decrescente";"Nublado";"Múltipla";"Ponte";"Sim";3;0;1;0;2;0;1;2;-27,62329313;-48,65245588;"SPRF-SC";"DEL01-SC";"UOP02-DEL01-SC"
366124;2021-06-24;"quinta-feira";"11:10:00";"GO";60;177,6;"ABADIA DE GOIAS";"Velocidade Incompatível";"Saída de leito carroçável";"Com Vítimas Fatais";"Pleno dia";"Crescente";"Céu Claro";"Dupla";"Reta";"Não";1;1;0;0;0;0;0;1;-16,7562;-49,4492;"SPRF-GO";"DEL01-GO";"UOP02-DEL01-GO"
366125;2021-06-24;"quinta-feira";"10:21:00";"RJ";40;65;"PETROPOLIS";"Trafegar com motocicleta (ou similar) entre as faixas";"Colisão transversal";"Com Vítimas Feridas";"Pleno dia";"Crescente";"Céu Claro";"Dupla";"Reta";"Não";4;0;0;1;3;0;1;2;-22,427473;-43,16011;"SPRF-RJ";"DEL06-RJ";"UOP01-DEL06-RJ"
366126;2021-06-24;"quinta-feira";"09:30:00";"MT";364;195;"RONDONOPOLIS";"Ausência de reação do condutor";"Queda de ocupante de veículo";"Sem Vítimas";"Pleno dia";"Crescente";"Céu Claro";"Simples";"Reta";"Não";1;0;0;0;0;1;0;1;-16,52139597;-54,59966598;"SPRF-MT";"DEL02-MT";"UOP01-DEL02-MT"
366127;2021-06-24;"quinta-feira";"12:00:00";"MG";40;577;"ITABIRITO";"Condutor deixou de manter distância do veículo da frente";"Colisão traseira";"Sem Vítimas";"Pleno dia";"Decrescente";"Céu Claro";"Simples";"Reta";"Não";2;0;0;0;2;0;0;2;-20,27233504;-43,95198504;"SPRF-MG";"DEL01-MG";"UOP02-DEL01-MG"
366129;2021-06-24;"quinta-feira";"09:50:00";"AC";364;124;"RIO BRANCO";"Desrespeitar a preferência no cruzamento";"Colisão transversal";"Com Vítimas Feridas";"Pleno dia";"Decrescente";"Céu Claro";"Simples";"Rotatória";"Sim";3;0;1;0;2;0;1;2;-10,01216703;-67,79834211;"SPRF-AC";"DEL01-AC";"UOP01-DEL01-AC"
366130;2021-06-24;"quinta-feira";"12:15:00";"AL";316;241,9;"ATALAIA";"Ausência de reação do condutor";"Colisão traseira";"Com Vítimas Feridas";"Pleno dia";"Decrescente";"Chuva";"Simples";"Reta";"Sim";2;0;1;0;1;0;1;2;-9,5015368;-36,0262847;"SPRF-AL";"DEL01-AL";"UOP01-DEL01-AL"
366132;2021-06-24;"quinta-feira";"12:10:00";"SC";101;335,3;"TUBARAO";"Ausência de reação do condutor";"Colisão traseira";"Com Vítimas Feridas";"Pleno dia";"Decrescente";"Nublado";"Múltipla";"Reta";"Sim";3;0;0;1;1;1;1;3;-28,46927473;-49,01557908;"SPRF-SC";"DEL02-SC";"UOP01-DEL02-SC"
366134;2021-06-24;"quinta-feira";"12:55:00";"PB";230;97;"GURINHEM";"Velocidade Incompatível";"Saída de leito carroçável";"Com Vítimas Feridas";"Pleno dia";"Decrescente";"Chuva";"Dupla";"Reta";"Não";3;0;1;0;2;0;1;1;-7,1867;-35,4537;"SPRF-PB";"DEL01-PB";"UOP03-DEL01-PB"
366136;2021-06-24;"quinta-feira";"12:45:00";"ES";101;268,4;"SERRA";"Velocidade Incompatível";"Colisão com objeto";"Com Vítimas Feridas";"Pleno dia";"Crescente";"Nublado";"Múltipla";"Reta";"Sim";3;0;2;0;1;0;2;1;-20,20842;-40,269405;"SPRF-ES";"DEL02-ES";"UOP01-DEL02-ES"
366138;2021-06-24;"quinta-feira";"12:10:00";"PR";277;452;"LARANJEIRAS DO SUL";"Desrespeitar a preferência no cruzamento";"Colisão transversal";"Com Vítimas Feridas";"Pleno dia";"Decrescente";"Céu Claro";"Simples";"Reta";"Não";2;0;1;0;1;0;1;2;-25,37059917;-52,36924101;"SPRF-PR";"DEL04-PR";"UOP02-DEL04-PR"
366140;2021-06-24;"quinta-feira";"12:40:00";"MG";262;50,6;"MANHUACU";"Velocidade Incompatível";"Colisão com objeto";"Com Vítimas Feridas";"Pleno dia";"Decrescente";"Sol";"Dupla";"Reta";"Sim";1;0;1;0;0;0;1;1;-20,2428055;-42,13652397;"SPRF-MG";"DEL06-MG";"UOP03-DEL06-MG"
366145;2021-06-24;"quinta-feira";"13:45:00";"SC";101;211;"PALHOCA";"Ausência de reação do condutor";"Queda de ocupante de veículo";"Com Vítimas Feridas";"Pleno dia";"Decrescente";"Nublado";"Dupla";"Reta";"Sim";1;0;1;0;0;0;1;1;-27,62329313;-48,65245588;"SPRF-SC";"DEL01-SC";"UOP02-DEL01-SC"
366146;2021-06-24;"quinta-feira";"13:35:00";"PB";101;100,5;"ALHANDRA";"Velocidade Incompatível";"Colisão com objeto";"Com Vítimas Feridas";"Pleno dia";"Crescente";"Garoa/Chuvisco";"Dupla";"Reta";"Não";1;0;1;0;0;0;1;1;-7,26469806;-34,93677965;"SPRF-PB";"DEL01-PB";"UOP02-DEL01-PB"
366147;2021-06-24;"quinta-feira";"13:09:00";"SC";101;142;"ITAPEMA";"Condutor deixou de manter distância do veículo da frente";"Colisão traseira";"Com Vítimas Feridas";"Pleno dia";"Decrescente";"Nublado";"Dupla";"Curva";"Sim";2;0;1;0;1;0;1;2;-27,056089;-48,599449;"SPRF-SC";"DEL04-SC";"UOP03-DEL04-SC"
366148;2021-03-05;"sexta-feira";"04:50:00";"MG";40;530;"CONTAGEM";"Ausência de sinalização";"Colisão lateral mesmo sentido";"Com Vítimas Feridas";"Plena Noite";"Decrescente";"Ignorado";"Dupla";"Reta";"Sim";2;0;1;0;0;1;1;2;-19,92111;-44,034515;"SPRF-MG";"DEL01-MG";"UOP02-DEL01-MG"
366150;2021-06-24;"quinta-feira";"12:35:00";"MT";364;348;"SANTO ANTONIO DO LEVERGER";"Condutor deixou de manter distância do veículo da frente";"Colisão traseira";"Com Vítimas Feridas";"Pleno dia";"Crescente";"Céu Claro";"Dupla";"Curva";"Não";2;0;1;0;0;1;1;2;-15,80416834;-55,55429598;"SPRF-MT";"DEL05-MT";"UOP02-DEL05-MT"
366152;2021-06-24;"quinta-feira";"14:25:00";"SC";101;213;"PALHOCA";"Ausência de reação do condutor";"Colisão traseira";"Com Vítimas Feridas";"Pleno dia";"Decrescente";"Nublado";"Múltipla";"Reta";"Sim";2;0;0;1;1;0;1;2;-27,63697369;-48,66514142;"SPRF-SC";"DEL01-SC";"UOP02-DEL01-SC"
366153;2021-06-24;"quinta-feira";"13:40:00";"GO";60;53,9;"ABADIANIA";"Frear bruscamente";"Colisão com objeto";"Com Vítimas Feridas";"Pleno dia";"Decrescente";"Céu Claro";"Dupla";"Reta";"Não";1;0;1;0;0;0;1;1;-16,1737;-48,6483;"SPRF-GO";"DEL02-GO";"UOP01-DEL02-GO"
366155;2021-06-24;"quinta-feira";"13:50:00";"MS";163;255,9;"DOURADOS";"Manobra de mudança de faixa";"Tombamento";"Com Vítimas Feridas";"Pleno dia";"Decrescente";"Céu Claro";"Dupla";"Curva";"Não";1;0;1;0;0;0;1;1;-22,25986707;-54,80399041;"SPRF-MS";"DEL04-MS";"UOP01-DEL04-MS"
366157;2021-02-04;"quinta-feira";"00:00:00";"DF";20;6;"BRASILIA";"Acessar a via sem observar a presença dos outros veículos";"Colisão traseira";"Com Vítimas Feridas";"Plena Noite";"Crescente";"Nublado";"Dupla";"Declive";"Sim";2;0;1;0;1;0;1;2;-15,665888;-47,808308;"SPRF-DF";"DEL02-DF";"UOP01-DEL02-DF"
366161;2021-06-24;"quinta-feira";"15:38:00";"SC";280;70,2;"JARAGUA DO SUL";"Conversão proibida";"Colisão transversal";"Com Vítimas Feridas";"Pleno dia";"Crescente";"Céu Claro";"Simples";"Reta";"Sim";3;0;1;0;2;0;1;2;-26,462549;-49,13252419;"SPRF-SC";"DEL03-SC";"UOP03-DEL03-SC"
366162;2021-06-24;"quinta-feira";"15:00:00";"PR";158;534;"PATO BRANCO";"Condutor deixou de manter distância do veículo da frente";"Engavetamento";"Sem Vítimas";"Pleno dia";"Decrescente";"Chuva";"Simples";"Reta";"Sim";5;0;0;0;5;0;0;3;-26,22652612;-52,68914074;"SPRF-PR";"DEL02-PR";"UOP01-DEL02-PR"
366163;2021-06-24;"quinta-feira";"14:00:00";"PE";408;96,6;"SAO LOURENCO DA MATA";"Ausência de reação do condutor";"Saída de leito carroçável";"Sem Vítimas";"Pleno dia";"Decrescente";"Nublado";"Dupla";"Reta";"Não";1;0;0;0;0;1;0;1;-8,025731;-35,038444;"SPRF-PE";"DEL01-PE";"UOP01-DEL01-PE"
366164;2021-06-24;"quinta-feira";"15:20:00";"SC";470;124;"IBIRAMA";"Mal súbito do condutor";"Colisão frontal";"Com Vítimas Feridas";"Pleno dia";"Decrescente";"Nublado";"Simples";"Reta";"Não";2;0;1;0;1;0;1;2;-27,113192;-49,529163;"SPRF-SC";"DEL04-SC";"UOP02-DEL04-SC"
366165;2021-05-07;"sexta-feira";"13:50:00";"ES";101;357,5;"ANCHIETA";"Obras na pista";"Eventos atípicos";"Com Vítimas Feridas";"Pleno dia";"Crescente";"Nublado";"Simples";"Aclive";"Não";1;0;0;1;0;0;1;1;-20,69768274;-40,71161014;"SPRF-ES";"DEL03-ES";"UOP01-DEL03-ES"
366166;2021-06-02;"quarta-feira";"10:30:00";"RS";158;343,1;"SANTA MARIA";"Acessar a via sem observar a presença dos outros veículos";"Colisão traseira";"Com Vítimas Feridas";"Pleno dia";"Decrescente";"Céu Claro";"Simples";"Curva";"Não";3;0;0;3;0;0;3;2;-29,74258694;-53,95118801;"SPRF-RS";"DEL09-RS";"UOP01-DEL09-RS"
366168;2021-06-24;"quinta-feira";"15:45:00";"PE";101;49,3;"ABREU E LIMA";"Condutor deixou de manter distância do veículo da frente";"Colisão traseira";"Sem Vítimas";"Pleno dia";"Crescente";"Nublado";"Múltipla";"Reta";"Sim";2;0;0;0;2;0;0;2;-7,9005152;-34,90180641;"SPRF-PE";"DEL01-PE";"UOP02-DEL01-PE"
366170;2021-06-24;"quinta-feira";"16:20:00";"SC";101;272,9;"IMBITUBA";"Pedestre cruzava a pista fora da faixa";"Atropelamento de Pedestre";"Com Vítimas Fatais";"Pleno dia";"Decrescente";"Nublado";"Múltipla";"Viaduto;Reta";"Não";4;1;0;0;1;2;0;2;-28,1298396;-48,6929745;"SPRF-SC";"DEL02-SC";"UOP03-DEL02-SC"
366171;2021-06-24;"quinta-feira";"14:00:00";"CE";116;278,8;"JAGUARIBARA";"Pista esburacada";"Saída de leito carroçável";"Com Vítimas Feridas";"Pleno dia";"Crescente";"Céu Claro";"Simples";"Reta";"Não";1;0;1;0;0;0;1;1;-5,67729017;-38,46920188;"SPRF-CE";"DEL05-CE";"UOP02-DEL05-CE"
366176;2021-06-24;"quinta-feira";"16:29:00";"SC";101;123;"ITAJAI";"Acessar a via sem observar a presença dos outros veículos";"Colisão transversal";"Com Vítimas Feridas";"Pleno dia";"Decrescente";"Nublado";"Múltipla";"Rotatória";"Sim";2;0;1;0;1;0;1;2;-26,93668609;-48,69876905;"SPRF-SC";"DEL04-SC";"UOP04-DEL04-SC"
366177;2021-05-09;"domingo";"23:30:00";"MS";376;17,2;"FATIMA DO SUL";"Reação tardia ou ineficiente do condutor";"Tombamento";"Com Vítimas Feridas";"Plena Noite";"Crescente";"Céu Claro";"Simples";"Reta";"Não";1;0;1;0;0;0;1;1;-22,3128;-54,5874;"SPRF-MS";"DEL04-MS";"UOP04-DEL04-MS"
366180;2021-06-24;"quinta-feira";"17:40:00";"RJ";116;78;"TERESOPOLIS";"Acessar a via sem observar a presença dos outros veículos";"Colisão transversal";"Sem Vítimas";"Anoitecer";"Crescente";"Céu Claro";"Simples";"Reta";"Sim";2;0;0;0;2;0;0;2;-22,37408687;-42,95260496;"SPRF-RJ";"DEL04-RJ";"UOP01-DEL04-RJ"
366183;2021-06-24;"quinta-feira";"17:53:00";"MG";40;546,3;"NOVA LIMA";"Ausência de reação do condutor";"Colisão traseira";"Com Vítimas Feridas";"Plena Noite";"Crescente";"Céu Claro";"Dupla";"Reta";"Não";2;0;0;1;1;0;1;2;-20,01444685;-43,96893823;"SPRF-MG";"DEL01-MG";"UOP02-DEL01-MG"
366184;2021-06-24;"quinta-feira";"18:00:00";"SP";381;52;"ATIBAIA";"Manobra de mudança de faixa";"Atropelamento de Pedestre";"Com Vítimas Feridas";"Anoitecer";"Crescente";"Céu Claro";"Múltipla";"Reta";"Não";2;0;1;0;1;0;1;2;-23,2300622;-46,59963076;"SPRF-SP";"DEL03-SP";"UOP01-DEL03-SP"
366185;2021-06-24;"quinta-feira";"17:30:00";"PE";424;87,1;"GARANHUNS";"Ingestão de álcool pelo condutor";"Colisão transversal";"Com Vítimas Feridas";"Anoitecer";"Decrescente";"Nublado";"Simples";"Declive";"Sim";2;0;1;0;1;0;1;2;-8,879749;-36,506967;"SPRF-PE";"DEL03-PE";"UOP01-DEL03-PE"
366186;2021-06-24;"quinta-feira";"17:15:00";"DF";80;18,6;"BRASILIA";"Condutor deixou de manter distância do veículo da frente";"Colisão traseira";"Com Vítimas Feridas";"Pleno dia";"Decrescente";"Céu Claro";"Dupla";"Reta";"Sim";2;0;1;0;1;0;1;2;-15,9287018;-48,1678215;"SPRF-DF";"DEL03-DF";"UOP02-DEL03-DF"
366187;2021-05-14;"sexta-feira";"19:10:00";"ES";482;125,4;"DORES DO RIO PRETO";"Ausência de reação do condutor";"Capotamento";"Com Vítimas Feridas";"Plena Noite";"Decrescente";"Ignorado";"Simples";"Curva";"Não";1;0;0;1;0;0;1;1;-20,77236603;-41,80634301;"SPRF-ES";"DEL03-ES";"UOP02-DEL03-ES"
366192;2021-06-20;"domingo";"18:42:00";"SP";116;375,2;"MIRACATU";"Afundamento ou ondulação no pavimento";"Eventos atípicos";"Sem Vítimas";"Plena Noite";"Decrescente";"Garoa/Chuvisco";"Dupla";"Reta";"Não";2;0;0;0;2;0;0;1;-24,18239098;-47,35448801;"SPRF-SP";"DEL04-SP";"UOP02-DEL04-SP"
366194;2021-06-24;"quinta-feira";"18:30:00";"RS";116;234,9;"ESTANCIA VELHA";"Ingestão de álcool e/ou substâncias psicoativas pelo pedestre";"Atropelamento de Pedestre";"Com Vítimas Feridas";"Plena Noite";"Crescente";"Nublado";"Dupla";"Reta";"Não";2;0;1;0;0;1;1;2;-29,65121313;-51,1444433;"SPRF-RS";"DEL01-RS";"UOP02-DEL01-RS"
366196;2021-06-24;"quinta-feira";"18:45:00";"BA";324;614;"SALVADOR";"Acessar a via sem observar a presença dos outros veículos";"Colisão transversal";"Com Vítimas Feridas";"Plena Noite";"Crescente";"Céu Claro";"Simples";"Interseção de Vias";"Sim";2;0;1;0;1;0;1;2;-12,8639793;-38,42370126;"SPRF-BA";"DEL01-BA";"UOP01-DEL01-BA"
366198;2021-06-24;"quinta-feira";"16:40:00";"BA";420;256;"MUTUIPE";"Ultrapassagem Indevida";"Colisão lateral mesmo sentido";"Com Vítimas Fatais";"Anoitecer";"Crescente";"Céu Claro";"Simples";"Declive";"Sim";3;1;1;0;1;0;1;2;-13,22728171;-39,51451414;"SPRF-BA";"DEL01-BA";"UOP02-DEL01-BA"
366199;2021-06-24;"quinta-feira";"17:40:00";"CE";222;67,5;"SAO GONCALO DO AMARANTE";"Ingestão de álcool pelo condutor";"Colisão lateral sentido oposto";"Com Vítimas Feridas";"Anoitecer";"Decrescente";"Céu Claro";"Simples";"Reta";"Não";2;0;1;0;1;0;1;2;-3,670898;-39,143053;"SPRF-CE";"DEL01-CE";"UOP03-DEL01-CE"
366200;2021-06-24;"quinta-feira";"19:00:00";"BA";324;566;"SAO SEBASTIAO DO PASSE";"Demais falhas mecânicas ou elétricas";"Tombamento";"Com Vítimas Feridas";"Plena Noite";"Crescente";"Céu Claro";"Dupla";"Reta";"Não";2;0;2;0;0;0;2;1;-12,52455997;-38,61040198;"SPRF-BA";"DEL01-BA";"UOP01-DEL01-BA"
366201;2021-06-24;"quinta-feira";"18:40:00";"SC";280;50;"GUARAMIRIM";"Transitar na contramão";"Colisão transversal";"Com Vítimas Feridas";"Plena Noite";"Crescente";"Nublado";"Simples";"Desvio Temporário";"Sim";6;0;1;0;5;0;1;2;-26,4619489;-48,94618404;"SPRF-SC";"DEL03-SC";"UOP03-DEL03-SC"
366202;2021-06-24;"quinta-feira";"18:40:00";"MS";163;451,2;"CAMPO GRANDE";"Pedestre andava na pista";"Atropelamento de Pedestre";"Com Vítimas Feridas";"Plena Noite";"Crescente";"Céu Claro";"Simples";"Reta";"Não";2;0;0;1;0;1;1;2;-20,71604308;-54,54432725;"SPRF-MS";"DEL01-MS";"UOP01-DEL01-MS"
366204;2021-06-24;"quinta-feira";"19:20:00";"MG";40;529;"CONTAGEM";"Reação tardia ou ineficiente do condutor";"Tombamento";"Com Vítimas Feridas";"Plena Noite";"Crescente";"Céu Claro";"Dupla";"Curva";"Sim";1;0;1;0;0;0;1;1;-19,91635592;-44,03966566;"SPRF-MG";"DEL01-MG";"UOP02-DEL01-MG"
366205;2021-06-24;"quinta-feira";"18:50:00";"BA";367;39,4;"PORTO SEGURO";"Ultrapassagem Indevida";"Colisão lateral sentido oposto";"Com Vítimas Feridas";"Plena Noite";"Decrescente";"Nublado";"Simples";"Curva";"Não";3;0;1;1;0;1;2;2;-16,39129187;-39,20169694;"SPRF-BA";"DEL09-BA";"UOP01-DEL09-BA"
366208;2021-06-24;"quinta-feira";"19:30:00";"PR";277;80;"CURITIBA";"Velocidade Incompatível";"Saída de leito carroçável";"Com Vítimas Fatais";"Plena Noite";"Decrescente";"Céu Claro";"Dupla";"Reta";"Sim";1;1;0;0;0;0;0;1;-25,568939;-49,181978;"SPRF-PR";"DEL01-PR";"UOP01-DEL01-PR"
366209;2021-06-24;"quinta-feira";"19:20:00";"PR";277;597;"CASCAVEL";"Manobra de mudança de faixa";"Saída de leito carroçável";"Com Vítimas Feridas";"Plena Noite";"Decrescente";"Céu Claro";"Dupla";"Reta";"Sim";1;0;1;0;0;0;1;1;-24,99513602;-53,51418998;"SPRF-PR";"DEL04-PR";"UOP01-DEL04-PR"
366212;2021-06-24;"quinta-feira";"20:00:00";"AL";101;175,2;"TEOTONIO VILELA";"Transitar na contramão";"Colisão frontal";"Com Vítimas Feridas";"Plena Noite";"Crescente";"Céu Claro";"Simples";"Reta";"Sim";2;0;0;1;1;0;1;2;-9,89834517;-36,3666691;"SPRF-AL";"DEL02-AL";"UOP02-DEL02-AL"
366213;2021-06-24;"quinta-feira";"19:50:00";"PR";116;120,6;"CURITIBA";"Ausência de reação do condutor";"Colisão traseira";"Sem Vítimas";"Plena Noite";"Crescente";"Nublado";"Dupla";"Reta";"Sim";2;0;0;0;2;0;0;2;-25,55122256;-49,30503748;"SPRF-PR";"DEL01-PR";"UOP03-DEL01-PR"
366214;2021-06-24;"quinta-feira";"18:40:00";"RR";174;511;"BOA VISTA";"Entrada inopinada do pedestre";"Atropelamento de Pedestre";"Com Vítimas Feridas";"Plena Noite";"Crescente";"Nublado";"Simples";"Reta";"Não";3;0;2;1;0;0;3;2;2,861408;-60,69804;"SPRF-RR";"DEL01-RR";"UOP01-DEL01-RR"
366215;2021-06-24;"quinta-feira";"18:10:00";"RJ";101;571;"PARATY";"Acessar a via sem observar a presença dos outros veículos";"Colisão transversal";"Com Vítimas Feridas";"Plena Noite";"Crescente";"Céu Claro";"Simples";"Reta";"Não";2;0;1;0;1;0;1;2;-23,18579921;-44,72424085;"SPRF-RJ";"DEL03-RJ";"UOP04-DEL03-RJ"
366216;2021-06-24;"quinta-feira";"19:45:00";"PE";232;79,8;"GRAVATA";"Acesso irregular";"Colisão frontal";"Com Vítimas Feridas";"Plena Noite";"Decrescente";"Chuva";"Múltipla";"Curva";"Não";2;0;2;0;0;0;2;2;-8,19460572;-35,56074803;"SPRF-PE";"DEL02-PE";"UOP02-DEL02PE"
366217;2021-06-24;"quinta-feira";"19:50:00";"TO";153;133;"ARAGUAINA";"Animais na Pista";"Atropelamento de Animal";"Com Vítimas Feridas";"Plena Noite";"Decrescente";"Céu Claro";"Simples";"Reta";"Não";1;0;0;1;0;0;1;1;-7,11461109;-48,18743388;"SPRF-TO";"DEL02-TO";"UOP01-DEL02-TO"
366218;2021-06-24;"quinta-feira";"15:30:00";"RO";435;123;"CEREJEIRAS";"Condutor deixou de manter distância do veículo da frente";"Colisão lateral mesmo sentido";"Com Vítimas Feridas";"Pleno dia";"Decrescente";"Céu Claro";"Dupla";"Reta";"Sim";2;0;1;0;1;0;1;2;-13,18889171;-60,808424;"SPRF-RO";"DEL04-RO";"UOP02-DEL04-RO"
366223;2021-06-24;"quinta-feira";"20:25:00";"MS";262;373,3;"TERENOS";"Reação tardia ou ineficiente do condutor";"Tombamento";"Com Vítimas Feridas";"Plena Noite";"Decrescente";"Céu Claro";"Simples";"Curva";"Não";1;0;1;0;0;0;1;1;-20,4910245;-54,8090744;"SPRF-MS";"DEL01-MS";"UOP03-DEL01-MS"
366224;2021-06-24;"quinta-feira";"19:30:00";"PE";316;41;"ARARIPINA";"Pedestre cruzava a pista fora da faixa";"Atropelamento de Pedestre";"Com Vítimas Fatais";"Plena Noite";"Crescente";"Céu Claro";"Simples";"Reta";"Não";2;1;0;0;0;1;0;2;-7,67084567;-40,38459884;"SPRF-PE";"DEL05-PE";"UOP02-DEL05-PE"
366226;2021-05-06;"quinta-feira";"22:50:00";"ES";262;170;"IBATIBA";"Acesso irregular";"Queda de ocupante de veículo";"Com Vítimas Fatais";"Plena Noite";"Crescente";"Céu Claro";"Simples";"Rotatória;Reta";"Não";1;1;0;0;0;0;0;1;-20,2647513;-41,58453796;"SPRF-ES";"DEL01-ES";"UOP02-DEL01-ES"
366227;2021-06-24;"quinta-feira";"20:50:00";"SE";101;74,8;"MARUIM";"Reação tardia ou ineficiente do condutor";"Colisão com objeto";"Com Vítimas Feridas";"Plena Noite";"Crescente";"Céu Claro";"Dupla";"Reta";"Não";2;0;0;1;1;0;1;1;-10,76273662;-37,11145231;"SPRF-SE";"DEL01-SE";"UOP01-DEL01-SE"
366230;2021-06-24;"quinta-feira";"21:40:00";"GO";153;440;"ANAPOLIS";"Ausência de reação do condutor";"Queda de ocupante de veículo";"Com Vítimas Feridas";"Plena Noite";"Crescente";"Céu Claro";"Dupla";"Reta";"Não";1;0;1;0;0;0;1;1;-16,306765;-48,923847;"SPRF-GO";"DEL02-GO";"UOP01-DEL02-GO"
366233;2021-06-24;"quinta-feira";"21:45:00";"GO";40;14;"LUZIANIA";"Velocidade Incompatível";"Capotamento";"Sem Vítimas";"Plena Noite";"Decrescente";"Céu Claro";"Dupla";"Reta";"Sim";1;0;0;0;0;1;0;1;-16,158753;-47,933136;"SPRF-DF";"DEL01-DF";"UOP01-DEL01-DF"
366234;2021-06-24;"quinta-feira";"20:30:00";"AL";424;102,7;"MARECHAL DEODORO";"Ingestão de álcool pelo condutor";"Colisão com objeto";"Com Vítimas Feridas";"Plena Noite";"Crescente";"Chuva";"Simples";"Rotatória";"Não";1;0;1;0;0;0;1;1;-9,66670281;-35,84489382;"SPRF-AL";"DEL02-AL";"UOP01-DEL02-AL"
366235;2021-06-24;"quinta-feira";"22:10:00";"PR";277;10;"PARANAGUA";"Mal súbito do condutor";"Saída de leito carroçável";"Sem Vítimas";"Plena Noite";"Crescente";"Nublado";"Dupla";"Reta";"Não";1;0;0;0;1;0;0;1;-25,568198;-48,615292;"SPRF-PR";"DEL01-PR";"UOP05-DEL01-PR"
366236;2021-06-24;"quinta-feira";"21:55:00";"PR";476;124;"CURITIBA";"Condutor deixou de manter distância do veículo da frente";"Colisão traseira";"Sem Vítimas";"Plena Noite";"Decrescente";"Céu Claro";"Múltipla";"Reta";"Sim";3;0;0;0;3;0;0;2;-25,4083;-49,219658;"SPRF-PR";"DEL01-PR";"UOP03-DEL01-PR"
366238;2021-03-21;"domingo";"00:15:00";"MG";40;554;"NOVA LIMA";"Ausência de reação do condutor";"Colisão traseira";"Com Vítimas Feridas";"Plena Noite";"Decrescente";"Céu Claro";"Dupla";"Reta";"Sim";3;0;1;0;2;0;1;2;-20,07715896;-43,98213593;"SPRF-MG";"DEL01-MG";"UOP02-DEL01-MG"