"id";"data_inversa";"dia_semana";"horario";"uf";"br";"km";"municipio";"causa_acidente";"tipo_acidente";"classificacao_acidente";"fase_dia";"sentido_via";"condicao_metereologica";"tipo_pista";"tracado_via";"uso_solo";"pessoas";"mortos";"feridos_leves";"feridos_graves";"ilesos";"ignorados";"feridos";"veiculos";"latitude";"longitude";"regional";"delegacia";"uop"
366240;2021-06-08;"terça-feira";"16:20:00";"ES";101;266,6;"SERRA";"Condutor desrespeitou a iluminação vermelha do semáforo";"Colisão transversal";"Com Vítimas Feridas";"Pleno dia";"Crescente";"Sol";"Múltipla";"Retorno Regulamentado";"Sim";2;0;0;1;1;0;1;2;-20,190199;-40,26828891;"SPRF-ES";"DEL02-ES";"UOP01-DEL02-ES"
366241;2021-06-24;"quinta-feira";"23:40:00";"RJ";101;297;"ITABORAI";"Pedestre cruzava a pista fora da faixa";"Atropelamento de Pedestre";"Com Vítimas Fatais";"Plena Noite";"Decrescente";"Céu Claro";"Simples";"Reta";"Não";3;1;0;0;2;0;0;2;-22,76942037;-42,91873581;"SPRF-RJ";"DEL02-RJ";"UOP02-DEL02-RJ"
366242;2021-05-07;"sexta-feira";"09:05:00";"ES";101;270,5;"SERRA";"Acessar a via sem observar a presença dos outros veículos";"Colisão transversal";"Com Vítimas Feridas";"Pleno dia";"Crescente";"Sol";"Múltipla";"Reta";"Sim";2;0;0;1;1;0;1;2;-20,22662056;-40,27075088;"SPRF-ES";"DEL02-ES";"UOP01-DEL02-ES"
366243;2021-06-24;"quinta-feira";"21:10:00";"RJ";493;117;"ITAGUAI";"Pedestre cruzava a pista fora da faixa";"Atropelamento de Pedestre";"Com Vítimas Fatais";"Plena Noite";"Crescente";"Céu Claro";"Dupla";"Reta";"Não";3;1;0;2;0;0;2;2;-22,83093398;-43,8079834;"SPRF-RJ";"DEL03-RJ";"UOP01-DEL03-RJ"
366244;2021-06-25;"sexta-feira";"01:00:00";"SP";116;282;"ITAPECERICA DA SERRA";"Frear bruscamente";"Capotamento";"Com Vítimas Feridas";"Plena Noite";"Crescente";"Céu Claro";"Dupla";"Reta";"Não";2;0;0;1;1;0;1;1;-23,68570216;-46,85970975;"SPRF-SP";"DEL04-SP";"UOP01-DEL04-SP"
366245;2021-06-25;"sexta-feira";"00:20:00";"SC";101;90;"BARRA VELHA";"Velocidade Incompatível";"Saída de leito carroçável";"Com Vítimas Feridas";"Plena Noite";"Decrescente";"Nublado";"Simples";"Reta";"Não";1;0;1;0;0;0;1;1;-26,66148503;-48,68866176;"SPRF-SC";"DEL03-SC";"UOP02-DEL03-SC"
366246;2021-06-20;"domingo";"22:00:00";"PR";116;114;"CURITIBA";"Ausência de reação do condutor";"Saída de leito carroçável";"Sem Vítimas";"Plena Noite";"Crescente";"Céu Claro";"Dupla";"Reta";"Sim";1;0;0;0;0;1;0;1;-25,54612354;-49,29446742;"SPRF-PR";"DEL01-PR";"UOP01-DEL01-PR"
366247;2021-06-25;"sexta-feira";"01:00:00";"BA";116;10;"VITORIA DA CONQUISTA";"Ingestão de substâncias psicoativas pelo condutor";"Tombamento";"Com Vítimas Feridas";"Plena Noite";"Crescente";"Nublado";"Simples";"Reta";"Não";1;0;1;0;0;0;1;1;-14,861216;-40,87407;"SPRF-BA";"DEL08-BA";"UOP01-DEL08-BA"
366248;2021-06-25;"sexta-feira";"01:50:00";"SP";116;216;"GUARULHOS";"Mal súbito do condutor";"Colisão com objeto";"Com Vítimas Feridas";"Plena Noite";"Crescente";"Nublado";"Múltipla";"Reta";"Não";1;0;1;0;0;0;1;1;-23,45056589;-46,46258105;"SPRF-SP";"DEL01-SP";"UOP01-DEL01-SP"
366249;2021-06-25;"sexta-feira";"01:20:00";"PR";376;331;"ORTIGUEIRA";"Ingestão de álcool pelo condutor";"Saída de leito carroçável";"Com Vítimas Feridas";"Plena Noite";"Crescente";"Céu Claro";"Simples";"Desvio Temporário";"Não";3;0;2;0;1;0;2;1;-24,1238469;-51,0184822;"SPRF-PR";"DEL07-PR";"UOP02-DEL07-PR"
366250;2021-06-25;"sexta-feira";"01:40:00";"CE";20;424;"FORTALEZA";"Deficiência do Sistema de Iluminação/Sinalização";"Capotamento";"Com Vítimas Feridas";"Plena Noite";"Crescente";"Nublado";"Dupla";"Aclive";"Não";1;0;1;0;0;0;1;1;-3,76999035;-38,67006282;"SPRF-CE";"DEL01-CE";"UOP02-DEL01-CE"
366251;2021-06-25;"sexta-feira";"02:00:00";"RS";116;239,4;"NOVO HAMBURGO";"Ingestão de álcool pelo condutor";"Colisão traseira";"Sem Vítimas";"Plena Noite";"Decrescente";"Céu Claro";"Dupla";"Curva";"Sim";2;0;0;0;2;0;0;2;-29,6961491;-51,14455767;"SPRF-RS";"DEL01-RS";"UOP02-DEL01-RS"
366252;2021-06-25;"sexta-feira";"02:00:00";"SP";116;216,6;"GUARULHOS";"Ingestão de álcool pelo condutor";"Colisão com objeto";"Com Vítimas Feridas";"Plena Noite";"Decrescente";"Céu Claro";"Múltipla";"Reta";"Não";1;0;1;0;0;0;1;1;-23,45056589;-46,46258105;"SPRF-SP";"DEL01-SP";"UOP01-DEL01-SP"
366255;2021-06-25;"sexta-feira";"03:20:00";"DF";40;5;"BRASILIA";"Reação tardia ou ineficiente do condutor";"Queda de ocupante de veículo";"Com Vítimas Feridas";"Plena Noite";"Crescente";"Céu Claro";"Dupla";"Reta";"Sim";1;0;0;1;0;0;1;1;-16,02669155;-47,97941387;"SPRF-DF";"DEL01-DF";"UOP01-DEL01-DF"
366256;2021-06-25;"sexta-feira";"03:00:00";"RS";285;117,5;"VACARIA";"Ingestão de álcool pelo condutor";"Colisão com objeto";"Sem Vítimas";"Plena Noite";"Decrescente";"Garoa/Chuvisco";"Simples";"Interseção de Vias";"Sim";1;0;0;0;1;0;0;1;-28,514254;-50,906414;"SPRF-RS";"DEL05-RS";"UOP03-DEL05-RS"
366257;2021-06-25;"sexta-feira";"04:00:00";"RJ";116;175;"NOVA IGUACU";"Reação tardia ou ineficiente do condutor";"Capotamento";"Com Vítimas Feridas";"Plena Noite";"Decrescente";"Céu Claro";"Múltipla";"Reta";"Sim";2;0;1;0;0;1;1;2;-22,78923555;-43,37275272;"SPRF-RJ";"DEL01-RJ";"UOP02-DEL01-RJ"
366258;2021-06-25;"sexta-feira";"01:00:00";"GO";153;630,8;"MORRINHOS";"Reação tardia ou ineficiente do condutor";"Saída de leito carroçável";"Com Vítimas Feridas";"Plena Noite";"Crescente";"Céu Claro";"Dupla";"Reta";"Não";32;0;7;0;25;0;7;1;-17,7942;-49,2016;"SPRF-GO";"DEL03-GO";"UOP01-DEL03-GO"
366260;2021-06-25;"sexta-feira";"02:55:00";"PR";116;122,3;"CURITIBA";"Ausência de reação do condutor";"Saída de leito carroçável";"Sem Vítimas";"Plena Noite";"Decrescente";"Nublado";"Dupla";"Reta";"Sim";1;0;0;0;1;0;0;1;-25,56857207;-49,31023179;"SPRF-PR";"DEL01-PR";"UOP03-DEL01-PR"
366263;2021-06-25;"sexta-feira";"05:50:00";"RS";290;580;"ALEGRETE";"Ingestão de álcool pelo condutor";"Colisão frontal";"Com Vítimas Feridas";"Amanhecer";"Crescente";"Nevoeiro/Neblina";"Simples";"Curva";"Não";4;0;3;1;0;0;4;2;-29,804993;-55,777481;"SPRF-RS";"DEL13-RS";"UOP02-DEL13-RS"
366265;2021-06-25;"sexta-feira";"05:40:00";"BA";116;827;"VITORIA DA CONQUISTA";"Animais na Pista";"Tombamento";"Com Vítimas Feridas";"Amanhecer";"Decrescente";"Nublado";"Simples";"Reta";"Sim";1;0;1;0;0;0;1;1;-14,912348;-40,875588;"SPRF-BA";"DEL08-BA";"UOP01-DEL08-BA"
366266;2021-06-01;"terça-feira";"15:00:00";"ES";259;54;"COLATINA";"Ingestão de álcool pelo condutor";"Colisão transversal";"Com Vítimas Feridas";"Pleno dia";"Crescente";"Nublado";"Dupla";"Reta";"Sim";2;0;0;1;1;0;1;2;-19,49717055;-40,63711495;"SPRF-ES";"DEL02-ES";"UOP01-DEL02-ES"
366267;2021-06-25;"sexta-feira";"05:40:00";"RJ";101;64;"CAMPOS DOS GOYTACAZES";"Condutor deixou de manter distância do veículo da frente";"Colisão lateral mesmo sentido";"Com Vítimas Feridas";"Amanhecer";"Crescente";"Céu Claro";"Simples";"Reta";"Sim";2;0;1;0;0;1;1;2;-21,74908605;-41,33632461;"SPRF-RJ";"DEL08-RJ";"UOP02-DEL08-RJ"
366268;2021-06-25;"sexta-feira";"06:45:00";"MG";116;276,1;"TEOFILO OTONI";"Condutor deixou de manter distância do veículo da frente";"Colisão traseira";"Com Vítimas Feridas";"Pleno dia";"Crescente";"Nublado";"Dupla";"Reta";"Sim";2;0;1;0;1;0;1;2;-17,85105696;-41,51454492;"SPRF-MG";"DEL11-MG";"UOP01-DEL11-MG"
366269;2021-06-25;"sexta-feira";"06:00:00";"PR";376;190;"MARIALVA";"Reação tardia ou ineficiente do condutor";"Tombamento";"Com Vítimas Feridas";"Amanhecer";"Decrescente";"Céu Claro";"Dupla";"Curva";"Não";1;0;1;0;0;0;1;1;-23,47560277;-51,81167587;"SPRF-PR";"DEL09-PR";"UOP01-DEL09-PR"
366271;2021-06-25;"sexta-feira";"07:00:00";"SE";235;4;"NOSSA SENHORA DO SOCORRO";"Condutor deixou de manter distância do veículo da frente";"Colisão traseira";"Com Vítimas Feridas";"Pleno dia";"Decrescente";"Nublado";"Dupla";"Reta";"Sim";3;0;2;0;1;0;2;2;-10,9064;-37,1197;"SPRF-SE";"DEL01-SE";"UOP01-DEL01-SE"
366272;2021-06-25;"sexta-feira";"06:20:00";"BA";101;871;"CARAVELAS";"Demais falhas mecânicas ou elétricas";"Queda de ocupante de veículo";"Com Vítimas Feridas";"Amanhecer";"Decrescente";"Céu Claro";"Simples";"Curva";"Não";1;0;1;0;0;0;1;1;-17,692428;-39,77459101;"SPRF-BA";"DEL09-BA";"UOP02-DEL09-BA"
366273;2021-06-25;"sexta-feira";"06:40:00";"MG";50;178,6;"UBERABA";"Desvio temporário";"Tombamento";"Com Vítimas Feridas";"Pleno dia";"Decrescente";"Céu Claro";"Dupla";"Desvio Temporário";"Não";1;0;0;1;0;0;1;1;-19,778436;-47,935553;"SPRF-MG";"DEL13-MG";"UOP01-DEL13-MG"
366275;2021-06-25;"sexta-feira";"07:00:00";"RN";226;174,5;"CURRAIS NOVOS";"Acessar a via sem observar a presença dos outros veículos";"Colisão frontal";"Com Vítimas Feridas";"Pleno dia";"Crescente";"Sol";"Simples";"Reta";"Sim";3;0;2;0;1;0;2;2;-6,2581793;-36,50117297;"SPRF-RN";"DEL03-RN";"UOP02-DEL03-RN"
366277;2021-06-26;"sábado";"03:20:00";"PR";476;104;"COLOMBO";"Ausência de reação do condutor";"Capotamento";"Com Vítimas Feridas";"Plena Noite";"Crescente";"Garoa/Chuvisco";"Simples";"Curva";"Não";1;0;1;0;0;0;1;1;-25,271278;-49,140888;"SPRF-PR";"DEL01-PR";"UOP02-DEL01-PR"
366278;2021-06-25;"sexta-feira";"05:00:00";"BA";20;82;"SAO DESIDERIO";"Pedestre andava na pista";"Atropelamento de Pedestre";"Com Vítimas Fatais";"Amanhecer";"Decrescente";"Céu Claro";"Simples";"Reta";"Não";5;1;0;0;4;0;0;2;-13;-46;"SPRF-BA";"DEL10-BA";"UOP01-DEL10-BA"
366279;2021-06-25;"sexta-feira";"06:00:00";"PR";376;174;"MARINGA";"Pedestre andava na pista";"Atropelamento de Pedestre";"Com Vítimas Feridas";"Amanhecer";"Crescente";"Nublado";"Múltipla";"Interseção de Vias";"Sim";2;0;0;1;1;0;1;2;-23,41430102;-51,94984299;"SPRF-PR";"DEL09-PR";"UOP01-DEL09-PR"
366280;2021-06-24;"quinta-feira";"09:25:00";"SC";101;124;"ITAJAI";"Demais falhas na via";"Colisão traseira";"Sem Vítimas";"Pleno dia";"Decrescente";"Céu Claro";"Dupla";"Declive";"Não";2;0;0;0;2;0;0;2;-26,94335064;-48,69198648;"SPRF-SC";"DEL04-SC";"UOP04-DEL04-SC"
366283;2021-05-02;"domingo";"00:45:00";"SC";101;412;"ARARANGUA";"Ausência de reação do condutor";"Saída de leito carroçável";"Com Vítimas Feridas";"Plena Noite";"Crescente";"Ignorado";"Simples";"Rotatória";"Sim";2;0;0;2;0;0;2;1;-28,939333;-49,497513;"SPRF-SC";"DEL02-SC";"UOP02-DEL02-SC"
366287;2021-06-25;"sexta-feira";"07:20:00";"PB";230;14,7;"JOAO PESSOA";"Condutor deixou de manter distância do veículo da frente";"Colisão traseira";"Com Vítimas Feridas";"Pleno dia";"Crescente";"Céu Claro";"Simples";"Interseção de Vias";"Sim";3;0;1;1;1;0;2;2;-7,0844;-34,8488;"SPRF-PB";"DEL01-PB";"UOP01-DEL01-PB"
366288;2021-05-11;"terça-feira";"18:50:00";"DF";40;3;"BRASILIA";"Velocidade Incompatível";"Colisão lateral mesmo sentido";"Com Vítimas Feridas";"Plena Noite";"Crescente";"Céu Claro";"Dupla";"Aclive;Reta";"Sim";3;0;0;1;2;0;1;3;-16,003145;-47,983944;"SPRF-DF";"DEL01-DF";"UOP01-DEL01-DF"
366289;2021-06-25;"sexta-feira";"06:45:00";"RO";364;11;"VILHENA";"Reação tardia ou ineficiente do condutor";"Saída de leito carroçável";"Com Vítimas Feridas";"Pleno dia";"Crescente";"Céu Claro";"Simples";"Curva";"Não";1;0;1;0;0;0;1;1;-12,74605898;-60,11270299;"SPRF-RO";"DEL04-RO";"UOP01-DEL04-RO"
366290;2021-06-25;"sexta-feira";"03:40:00";"RJ";465;21;"NOVA IGUACU";"Conversão proibida";"Colisão frontal";"Com Vítimas Feridas";"Plena Noite";"Crescente";"Céu Claro";"Simples";"Reta";"Sim";2;0;1;1;0;0;2;2;-22,854782;-43,601933;"SPRF-RJ";"DEL03-RJ";"UOP01-DEL03-RJ"
366292;2021-06-25;"sexta-feira";"07:50:00";"GO";153;501;"GOIANIA";"Velocidade Incompatível";"Colisão traseira";"Com Vítimas Feridas";"Pleno dia";"Crescente";"Céu Claro";"Múltipla";"Reta;Aclive";"Sim";2;0;1;0;1;0;1;2;-16,7189;-49,2382;"SPRF-GO";"DEL01-GO";"UOP01-DEL01-GO"
366295;2021-06-25;"sexta-feira";"08:30:00";"SP";381;87;"SAO PAULO";"Condutor deixou de manter distância do veículo da frente";"Tombamento";"Sem Vítimas";"Pleno dia";"Decrescente";"Céu Claro";"Múltipla";"Reta";"Sim";1;0;0;0;0;1;0;1;-23,46885001;-46,56996601;"SPRF-SP";"DEL03-SP";"UOP01-DEL03-SP"
366296;2021-06-09;"quarta-feira";"09:00:00";"SC";101;207;"SAO JOSE";"Desrespeitar a preferência no cruzamento";"Colisão transversal";"Com Vítimas Feridas";"Pleno dia";"Crescente";"Chuva";"Múltipla";"Viaduto";"Sim";3;0;3;0;0;0;3;2;-27,60001226;-48,6226467;"SPRF-SC";"DEL01-SC";"UOP01-DEL01-SC"
366298;2021-05-01;"sábado";"05:30:00";"MG";365;607,6;"UBERLANDIA";"Acessar a via sem observar a presença dos outros veículos";"Colisão transversal";"Com Vítimas Fatais";"Plena Noite";"Decrescente";"Céu Claro";"Simples";"Reta";"Não";3;1;0;0;2;0;0;2;-18,91091484;-48,17060709;"SPRF-MG";"DEL15-MG";"UOP01-DEL15-MG"
366299;2021-06-25;"sexta-feira";"07:00:00";"SC";282;62;"RANCHO QUEIMADO";"Demais falhas mecânicas ou elétricas";"Incêndio";"Com Vítimas Feridas";"Amanhecer";"Decrescente";"Céu Claro";"Simples";"Reta";"Não";1;0;1;0;0;0;1;1;-27,688046;-49,037033;"SPRF-SC";"DEL01-SC";"UOP03-DEL01-SC"
366301;2021-05-08;"sábado";"18:20:00";"MG";50;51,7;"ARAGUARI";"Estacionar ou parar em local proibido";"Colisão traseira";"Com Vítimas Feridas";"Anoitecer";"Decrescente";"Céu Claro";"Dupla";"Reta";"Não";5;0;3;0;2;0;3;2;-18,75042157;-48,23611736;"SPRF-MG";"DEL15-MG";"UOP02-DEL15-MG"
366302;2021-06-25;"sexta-feira";"05:30:00";"BA";324;486;"SANTA BARBARA";"Velocidade Incompatível";"Capotamento";"Com Vítimas Feridas";"Amanhecer";"Crescente";"Nublado";"Simples";"Curva";"Não";1;0;1;0;0;0;1;1;-12,03219783;-39,0242809;"SPRF-BA";"DEL02-BA";"UOP01-DEL02-BA"
366304;2021-06-25;"sexta-feira";"06:40:00";"SC";280;74;"JARAGUA DO SUL";"Acessar a via sem observar a presença dos outros veículos";"Colisão transversal";"Com Vítimas Feridas";"Pleno dia";"Decrescente";"Nevoeiro/Neblina";"Simples";"Declive";"Sim";4;0;4;0;0;0;4;2;-26,45877322;-49,16147801;"SPRF-SC";"DEL03-SC";"UOP03-DEL03-SC"
366305;2021-06-25;"sexta-feira";"08:40:00";"SP";116;59,2;"GUARATINGUETA";"Condutor deixou de manter distância do veículo da frente";"Colisão traseira";"Com Vítimas Feridas";"Pleno dia";"Decrescente";"Céu Claro";"Dupla";"Reta";"Não";2;0;1;0;1;0;1;2;-22,78555649;-45,15339465;"SPRF-SP";"DEL08-SP";"UOP01-DEL08-SP"
366306;2021-06-25;"sexta-feira";"08:30:00";"RS";116;252;"SAPUCAIA DO SUL";"Demais falhas mecânicas ou elétricas";"Tombamento";"Com Vítimas Feridas";"Pleno dia";"Decrescente";"Céu Claro";"Dupla";"Reta";"Sim";2;0;2;0;0;0;2;1;-29,80913395;-51,1675292;"SPRF-RS";"DEL01-RS";"UOP02-DEL01-RS"
366308;2021-06-25;"sexta-feira";"08:30:00";"RS";448;18;"CANOAS";"Animais na Pista";"Colisão traseira";"Com Vítimas Feridas";"Pleno dia";"Crescente";"Céu Claro";"Dupla";"Reta";"Sim";3;0;1;0;2;0;1;3;-29,944614;-51,204464;"SPRF-RS";"DEL01-RS";"UOP01-DEL01-RS"
366312;2021-06-25;"sexta-feira";"08:30:00";"PB";230;23,8;"JOAO PESSOA";"Condutor deixou de manter distância do veículo da frente";"Colisão traseira";"Com Vítimas Feridas";"Pleno dia";"Crescente";"Sol";"Dupla";"Reta;Viaduto;Declive";"Não";3;0;1;0;1;1;1;2;-7,1562;-34,8574;"SPRF-PB";"DEL01-PB";"UOP01-DEL01-PB"
366313;2021-06-17;"quinta-feira";"21:00:00";"SP";0;0;"SAO LOURENCO DA SERRA";"Frear bruscamente";"Colisão traseira";"Sem Vítimas";"Plena Noite";"Não Informado";"Nublado";"Dupla";"Reta";"Sim";2;0;0;0;2;0;0;2;-23,86213995;-46,94718508;"SPRF-SP";"DEL04-SP";"UOP01-DEL04-SP"
366314;2021-06-11;"sexta-feira";"17:50:00";"GO";153;512;"APARECIDA DE GOIANIA";"Manobra de mudança de faixa";"Colisão lateral mesmo sentido";"Com Vítimas Feridas";"Anoitecer";"Decrescente";"Nublado";"Múltipla";"Retorno Regulamentado";"Sim";2;0;1;0;1;0;1;2;-16,80142904;-49,2386198;"SPRF-GO";"DEL01-GO";"UOP03-DEL01-GO"
366318;2021-05-23;"domingo";"20:10:00";"ES";262;151;"IBATIBA";"Velocidade Incompatível";"Tombamento";"Com Vítimas Feridas";"Plena Noite";"Crescente";"Céu Claro";"Simples";"Curva";"Não";1;0;0;1;0;0;1;1;-20,2148829;-41,44925529;"SPRF-ES";"DEL01-ES";"UOP02-DEL01-ES"
366319;2021-06-25;"sexta-feira";"08:10:00";"MT";70;380;"CAMPO VERDE";"Condutor deixou de manter distância do veículo da frente";"Colisão traseira";"Sem Vítimas";"Pleno dia";"Crescente";"Céu Claro";"Simples";"Reta";"Sim";6;0;0;0;6;0;0;3;-15,51448159;-55,11820542;"SPRF-MT";"DEL05-MT";"UOP02-DEL05-MT"
366325;2021-06-25;"sexta-feira";"09:30:00";"RJ";101;574;"PARATY";"Reação tardia ou ineficiente do condutor";"Colisão traseira";"Com Vítimas Feridas";"Pleno dia";"Crescente";"Nublado";"Simples";"Reta";"Sim";2;0;0;1;1;0;1;2;-23,21106418;-44,73373262;"SPRF-RJ";"DEL03-RJ";"UOP04-DEL03-RJ"
366327;2021-06-25;"sexta-feira";"11:00:00";"RJ";101;400;"ITAGUAI";"Reação tardia ou ineficiente do condutor";"Capotamento";"Sem Vítimas";"Pleno dia";"Crescente";"Céu Claro";"Dupla";"Reta";"Sim";4;0;0;0;4;0;0;1;-22,8483707;-43,76952338;"SPRF-RJ";"DEL03-RJ";"UOP01-DEL03-RJ"
366329;2021-06-25;"sexta-feira";"11:35:00";"MG";381;500;"BETIM";"Ausência de reação do condutor";"Colisão lateral mesmo sentido";"Com Vítimas Feridas";"Pleno dia";"Crescente";"Céu Claro";"Dupla";"Reta";"Sim";2;0;1;0;1;0;1;2;-20,02513493;-44,23112709;"SPRF-MG";"DEL01-MG";"UOP03-DEL01-MG"
366331;2021-06-25;"sexta-feira";"11:30:00";"CE";116;29;"ITAITINGA";"Manobra de mudança de faixa";"Colisão traseira";"Sem Vítimas";"Pleno dia";"Crescente";"Sol";"Dupla";"Reta";"Sim";3;0;0;0;2;1;0;3;-4,00202799;-38,51692006;"SPRF-CE";"DEL01-CE";"UOP02-DEL01-CE"
366333;2021-06-25;"sexta-feira";"11:50:00";"RN";405;2,1;"MOSSORO";"Ausência de reação do condutor";"Colisão traseira";"Com Vítimas Feridas";"Pleno dia";"Decrescente";"Céu Claro";"Dupla";"Reta";"Não";2;0;0;1;1;0;1;2;-5,19282682;-37,37112402;"SPRF-RN";"DEL04-RN";"UOP02-DEL04-RN"
366334;2021-06-25;"sexta-feira";"07:15:00";"SC";282;550,6;"NOVA ITABERABA";"Condutor deixou de manter distância do veículo da frente";"Colisão traseira";"Sem Vítimas";"Pleno dia";"Decrescente";"Sol";"Simples";"Reta";"Não";2;0;0;0;2;0;0;2;-26,958057;-52,771416;"SPRF-SC";"DEL07-SC";"UOP01-DEL07-SC"
366335;2021-06-21;"segunda-feira";"08:10:00";"PB";230;68,7;"SOBRADO";"Ausência de reação do condutor";"Colisão traseira";"Com Vítimas Fatais";"Pleno dia";"Decrescente";"Sol";"Dupla";"Reta";"Não";2;1;0;0;1;0;0;2;-7,1873;-35,2065;"SPRF-PB";"DEL01-PB";"UOP03-DEL01-PB"
366336;2021-06-25;"sexta-feira";"12:50:00";"SC";282;5;"SAO JOSE";"Reação tardia ou ineficiente do condutor";"Queda de ocupante de veículo";"Com Vítimas Feridas";"Pleno dia";"Decrescente";"Céu Claro";"Simples";"Curva";"Sim";2;0;1;0;1;0;1;2;-27,58468679;-48,61785304;"SPRF-SC";"DEL01-SC";"UOP01-DEL01-SC"
366337;2021-06-25;"sexta-feira";"09:20:00";"SC";101;106,3;"PENHA";"Carga excessiva e/ou mal acondicionada";"Colisão com objeto";"Com Vítimas Feridas";"Pleno dia";"Decrescente";"Céu Claro";"Dupla";"Reta";"Não";3;0;1;0;2;0;1;2;-26,81031601;-48,68293896;"SPRF-SC";"DEL03-SC";"UOP02-DEL03-SC"
366338;2021-06-25;"sexta-feira";"10:00:00";"RO";425;141;"GUAJARA-MIRIM";"Ingestão de álcool pelo condutor";"Atropelamento de Pedestre";"Com Vítimas Feridas";"Pleno dia";"Crescente";"Céu Claro";"Dupla";"Reta";"Não";4;0;2;0;2;0;2;3;-10,747904;-65,29937;"SPRF-RO";"DEL01-RO";"UOP03-DEL01-RO"
366339;2021-06-25;"sexta-feira";"07:00:00";"RS";158;325;"SANTA MARIA";"Avarias e/ou desgaste excessivo no pneu";"Queda de ocupante de veículo";"Com Vítimas Feridas";"Pleno dia";"Crescente";"Céu Claro";"Simples";"Declive";"Sim";2;0;1;0;1;0;1;1;-29,7037466;-53,79524635;"SPRF-RS";"DEL09-RS";"UOP01-DEL09-RS"
366344;2021-05-12;"quarta-feira";"14:30:00";"MG";50;34;"ARAGUARI";"Acessar a via sem observar a presença dos outros veículos";"Colisão traseira";"Com Vítimas Feridas";"Pleno dia";"Crescente";"Céu Claro";"Dupla";"Reta";"Não";5;0;1;0;4;0;1;2;-18,64695507;-48,13009097;"SPRF-MG";"DEL15-MG";"UOP02-DEL15-MG"
366347;2021-06-25;"sexta-feira";"13:30:00";"PR";277;720,7;"FOZ DO IGUACU";"Acessar a via sem observar a presença dos outros veículos";"Atropelamento de Pedestre";"Com Vítimas Fatais";"Pleno dia";"Crescente";"Céu Claro";"Dupla";"Reta";"Sim";2;1;1;0;0;0;1;2;-25,48750984;-54,50317706;"SPRF-PR";"DEL05-PR";"UOP03-DEL05-PR"
366349;2021-06-25;"sexta-feira";"13:00:00";"MG";40;472,9;"SETE LAGOAS";"Manobra de mudança de faixa";"Tombamento";"Com Vítimas Feridas";"Pleno dia";"Crescente";"Céu Claro";"Dupla";"Reta";"Sim";1;0;1;0;0;0;1;1;-19,47543632;-44,29066576;"SPRF-MG";"DEL02-MG";"UOP01-DEL02-MG"
366350;2021-06-25;"sexta-feira";"13:30:00";"MG";262;36,5;"MANHUACU";"Manobra de mudança de faixa";"Colisão transversal";"Com Vítimas Feridas";"Pleno dia";"Decrescente";"Céu Claro";"Simples";"Reta";"Sim";2;0;1;0;1;0;1;2;-20,25932046;-42,02298331;"SPRF-MG";"DEL06-MG";"UOP03-DEL06-MG"
366352;2021-06-25;"sexta-feira";"13:40:00";"MG";354;705,9;"CAXAMBU";"Acessar a via sem observar a presença dos outros veículos";"Colisão transversal";"Com Vítimas Feridas";"Pleno dia";"Crescente";"Céu Claro";"Simples";"Rotatória";"Sim";3;0;2;1;0;0;3;2;-21,99205276;-44,9251702;"SPRF-MG";"DEL17-MG";"UOP01-DEL17-MG"
366353;2021-06-25;"sexta-feira";"10:40:00";"RJ";493;19,2;"MAGE";"Ultrapassagem Indevida";"Colisão transversal";"Com Vítimas Feridas";"Pleno dia";"Decrescente";"Sol";"Simples";"Reta";"Sim";2;0;1;0;1;0;1;2;-22,6663848;-43,02770248;"SPRF-RJ";"DEL04-RJ";"UOP02-DEL04-RJ"
366355;2021-05-25;"terça-feira";"02:00:00";"MG";365;625;"UBERLANDIA";"Demais falhas mecânicas ou elétricas";"Incêndio";"Sem Vítimas";"Plena Noite";"Decrescente";"Céu Claro";"Múltipla";"Curva";"Sim";2;0;0;0;0;2;0;2;-18,908712;-48,302333;"SPRF-MG";"DEL15-MG";"UOP01-DEL15-MG"
366356;2021-06-25;"sexta-feira";"14:20:00";"GO";40;1;"VALPARAISO DE GOIAS";"Ingestão de álcool pelo condutor";"Saída de leito carroçável";"Com Vítimas Feridas";"Pleno dia";"Crescente";"Céu Claro";"Dupla";"Reta";"Sim";3;0;3;0;0;0;3;1;-16,058245;-47,982825;"SPRF-DF";"DEL01-DF";"UOP01-DEL01-DF"
366357;2021-06-25;"sexta-feira";"12:00:00";"MG";262;851,4;"CONCEICAO DAS ALAGOAS";"Ausência de reação do condutor";"Saída de leito carroçável";"Com Vítimas Feridas";"Pleno dia";"Crescente";"Céu Claro";"Simples";"Curva";"Não";1;0;0;1;0;0;1;1;-19,76007812;-48,34156687;"SPRF-MG";"DEL13-MG";"UOP01-DEL13-MG"
366358;2021-06-25;"sexta-feira";"12:50:00";"MA";10;254,3;"IMPERATRIZ";"Ausência de sinalização";"Tombamento";"Com Vítimas Feridas";"Pleno dia";"Decrescente";"Céu Claro";"Simples";"Reta";"Sim";1;0;1;0;0;0;1;1;-5,51779946;-47,47190237;"SPRF-MA";"DEL04-MA";"UOP01-DEL04-MA"
366360;2021-06-25;"sexta-feira";"14:00:00";"PE";104;34,5;"CARUARU";"Manobra de mudança de faixa";"Colisão lateral mesmo sentido";"Com Vítimas Feridas";"Pleno dia";"Crescente";"Nublado";"Dupla";"Reta";"Não";1;0;1;0;0;0;1;1;-8,04105448;-36,05138194;"SPRF-PE";"DEL02-PE";"UOP01-DEL02-PE"