"id";"data_inversa";"dia_semana";"horario";"uf";"br";"km";"municipio";"causa_acidente";"tipo_acidente";"classificacao_acidente";"fase_dia";"sentido_via";"condicao_metereologica";"tipo_pista";"tracado_via";"uso_solo";"pessoas";"mortos";"feridos_leves";"feridos_graves";"ilesos";"ignorados";"feridos";"veiculos";"latitude";"longitude";"regional";"delegacia";"uop"
366362;2021-06-25;"sexta-feira";"11:13:00";"RS";290;686;"URUGUAIANA";"Ausência de reação do condutor";"Saída de leito carroçável";"Com Vítimas Feridas";"Pleno dia";"Decrescente";"Céu Claro";"Simples";"Reta";"Não";1;0;1;0;0;0;1;1;-29,884907;-56,752247;"SPRF-RS";"DEL13-RS";"UOP01-DEL13-RS"
366363;2021-06-25;"sexta-feira";"10:20:00";"SP";116;305;"SAO LOURENCO DA SERRA";"Manobra de mudança de faixa";"Colisão com objeto";"Com Vítimas Feridas";"Pleno dia";"Decrescente";"Céu Claro";"Dupla";"Curva";"Não";1;0;1;0;0;0;1;1;-23,84287313;-46,93238591;"SPRF-SP";"DEL04-SP";"UOP01-DEL04-SP"
366364;2021-06-25;"sexta-feira";"13:30:00";"MT";364;204;"RONDONOPOLIS";"Acessar a via sem observar a presença dos outros veículos";"Colisão traseira";"Sem Vítimas";"Pleno dia";"Decrescente";"Céu Claro";"Dupla";"Retorno Regulamentado;Reta;Declive";"Sim";2;0;0;0;2;0;0;2;-16,467325;-54,657196;"SPRF-MT";"DEL02-MT";"UOP01-DEL02-MT"
366366;2021-06-25;"sexta-feira";"15:10:00";"SC";101;206,1;"SAO JOSE";"Velocidade Incompatível";"Colisão traseira";"Com Vítimas Feridas";"Pleno dia";"Decrescente";"Céu Claro";"Múltipla";"Reta";"Sim";2;0;0;1;0;1;1;2;-27,59193546;-48,61824557;"SPRF-SC";"DEL01-SC";"UOP01-DEL01-SC"
366367;2021-06-05;"sábado";"22:50:00";"SC";101;390;"CRICIUMA";"Reação tardia ou ineficiente do condutor";"Saída de leito carroçável";"Com Vítimas Feridas";"Plena Noite";"Crescente";"Vento";"Dupla";"Aclive";"Não";1;0;1;0;0;0;1;1;-28,80853406;-49,37836289;"SPRF-SC";"DEL02-SC";"UOP02-DEL02-SC"
366368;2021-06-25;"sexta-feira";"15:30:00";"SP";116;222;"GUARULHOS";"Mal súbito do condutor";"Queda de ocupante de veículo";"Com Vítimas Feridas";"Pleno dia";"Decrescente";"Céu Claro";"Múltipla";"Reta";"Sim";1;0;1;0;0;0;1;1;-23,47093408;-46,51631097;"SPRF-SP";"DEL01-SP";"UOP01-DEL01-SP"
366369;2021-06-18;"sexta-feira";"11:55:00";"SC";101;119;"ITAJAI";"Condutor deixou de manter distância do veículo da frente";"Colisão traseira";"Com Vítimas Feridas";"Pleno dia";"Crescente";"Nublado";"Dupla";"Reta";"Não";2;0;1;0;1;0;1;2;-26,9043179;-48,71555481;"SPRF-SC";"DEL04-SC";"UOP04-DEL04-SC"
366370;2021-06-25;"sexta-feira";"12:25:00";"RJ";101;286;"CASIMIRO DE ABREU";"Acessar a via sem observar a presença dos outros veículos";"Colisão lateral mesmo sentido";"Com Vítimas Feridas";"Pleno dia";"Crescente";"Céu Claro";"Simples";"Curva";"Não";2;0;1;0;1;0;1;2;-22,439096;-42,044258;"SPRF-RJ";"DEL02-RJ";"UOP03-DEL02-RJ"
366371;2021-06-25;"sexta-feira";"15:40:00";"MG";50;71;"UBERLANDIA";"Ausência de reação do condutor";"Saída de leito carroçável";"Com Vítimas Feridas";"Pleno dia";"Decrescente";"Céu Claro";"Dupla";"Reta";"Sim";2;0;1;0;0;1;1;2;-18,89514141;-48,24853063;"SPRF-MG";"DEL15-MG";"UOP01-DEL15-MG"
366372;2021-06-25;"sexta-feira";"14:55:00";"MG";381;887,4;"CAMBUI";"Condutor Dormindo";"Capotamento";"Com Vítimas Feridas";"Pleno dia";"Crescente";"Céu Claro";"Dupla";"Curva";"Não";2;0;1;0;1;0;1;1;-22,56149195;-46,0408143;"SPRF-MG";"DEL16-MG";"UOP03-DEL16-MG"
366373;2021-06-25;"sexta-feira";"15:40:00";"ES";101;158;"LINHARES";"Ausência de reação do condutor";"Colisão transversal";"Com Vítimas Feridas";"Pleno dia";"Crescente";"Sol";"Simples";"Reta";"Sim";3;0;2;0;1;0;2;2;-19,46094508;-40,10491389;"SPRF-ES";"DEL04-ES";"UOP01-DEL04-ES"
366376;2021-06-25;"sexta-feira";"15:40:00";"MA";230;405;"BALSAS";"Acessar a via sem observar a presença dos outros veículos";"Colisão transversal";"Com Vítimas Feridas";"Pleno dia";"Crescente";"Céu Claro";"Simples";"Reta";"Sim";2;0;1;0;1;0;1;2;-7,52133442;-46,04968976;"SPRF-MA";"DEL05-MA";"UOP01-DEL05-MA"
366377;2021-06-25;"sexta-feira";"13:45:00";"RO";364;20;"VILHENA";"Frear bruscamente";"Colisão traseira";"Com Vítimas Feridas";"Pleno dia";"Decrescente";"Céu Claro";"Simples";"Reta";"Não";3;0;3;0;0;0;3;2;-12,72595705;-60,192765;"SPRF-RO";"DEL04-RO";"UOP01-DEL04-RO"
366378;2021-06-25;"sexta-feira";"15:45:00";"SC";101;139;"BALNEARIO CAMBORIU";"Desrespeitar a preferência no cruzamento";"Colisão transversal";"Com Vítimas Feridas";"Pleno dia";"Crescente";"Nublado";"Simples";"Interseção de Vias";"Sim";2;0;1;0;1;0;1;2;-27,02982303;-48,60115006;"SPRF-SC";"DEL04-SC";"UOP03-DEL04-SC"
366379;2021-06-25;"sexta-feira";"15:56:00";"PA";163;1003;"SANTAREM";"Acessar a via sem observar a presença dos outros veículos";"Colisão transversal";"Com Vítimas Feridas";"Pleno dia";"Decrescente";"Céu Claro";"Dupla";"Reta";"Sim";3;0;2;0;1;0;2;3;-2,44688525;-54,73048152;"SPRF-PA";"DEL05-PA";"UOP01-DEL05-PA"
366380;2021-06-25;"sexta-feira";"16:20:00";"PR";369;156;"LONDRINA";"Condutor deixou de manter distância do veículo da frente";"Colisão traseira";"Com Vítimas Feridas";"Pleno dia";"Crescente";"Sol";"Dupla";"Reta";"Sim";2;0;1;0;1;0;1;2;-23,29105266;-51,21810079;"SPRF-PR";"DEL07-PR";"UOP01-DEL07-PR"
366381;2021-06-25;"sexta-feira";"16:10:00";"PR";476;142;"CURITIBA";"Ultrapassagem Indevida";"Colisão lateral mesmo sentido";"Com Vítimas Feridas";"Pleno dia";"Crescente";"Céu Claro";"Dupla";"Reta";"Sim";3;0;0;1;1;1;1;3;-25,537161;-49,301632;"SPRF-PR";"DEL01-PR";"UOP03-DEL01-PR"
366383;2021-06-25;"sexta-feira";"16:40:00";"PR";376;489,1;"PONTA GROSSA";"Frear bruscamente";"Queda de ocupante de veículo";"Com Vítimas Feridas";"Pleno dia";"Decrescente";"Sol";"Dupla";"Curva";"Sim";1;0;1;0;0;0;1;1;-25,10213585;-50,19697309;"SPRF-PR";"DEL03-PR";"UOP01-DEL03-PR"
366384;2021-06-25;"sexta-feira";"16:50:00";"PR";116;134;"MANDIRITUBA";"Reação tardia ou ineficiente do condutor";"Colisão transversal";"Com Vítimas Feridas";"Anoitecer";"Decrescente";"Céu Claro";"Simples";"Reta";"Não";2;0;1;0;1;0;1;2;-25,67510803;-49,3157007;"SPRF-PR";"DEL01-PR";"UOP03-DEL01-PR"
366386;2021-06-25;"sexta-feira";"15:35:00";"SC";116;180;"SAO CRISTOVAO DO SUL";"Desrespeitar a preferência no cruzamento";"Colisão transversal";"Com Vítimas Feridas";"Pleno dia";"Crescente";"Céu Claro";"Simples";"Reta";"Sim";3;0;1;0;2;0;1;2;-27,27041426;-50,44097161;"SPRF-SC";"DEL05-SC";"UOP03-DEL05-SC"
366387;2021-06-25;"sexta-feira";"16:30:00";"SC";101;215,5;"PALHOCA";"Manobra de mudança de faixa";"Tombamento";"Com Vítimas Feridas";"Pleno dia";"Decrescente";"Nublado";"Múltipla";"Em Obras;Curva;Aclive";"Sim";1;0;1;0;0;0;1;1;-27,65312689;-48,67687404;"SPRF-SC";"DEL01-SC";"UOP02-DEL01-SC"
366388;2021-06-24;"quinta-feira";"23:00:00";"MG";459;102;"POUSO ALEGRE";"Ausência de reação do condutor";"Saída de leito carroçável";"Com Vítimas Feridas";"Plena Noite";"Crescente";"Céu Claro";"Dupla";"Reta";"Sim";1;0;1;0;0;0;1;1;-22,211775;-45,924671;"SPRF-MG";"DEL16-MG";"UOP01-DEL16-MG"
366389;2021-06-25;"sexta-feira";"14:00:00";"RJ";0;0;"TANGUA";"Reação tardia ou ineficiente do condutor";"Colisão transversal";"Com Vítimas Feridas";"Pleno dia";"Não Informado";"Sol";"Simples";"Reta";"Sim";2;0;0;1;1;0;1;2;-22,735125;-42,719902;"SPRF-RJ";"DEL02-RJ";"UOP03-DEL02-RJ"
366392;2021-06-25;"sexta-feira";"17:10:00";"RS";386;443;"CANOAS";"Ausência de reação do condutor";"Colisão traseira";"Com Vítimas Feridas";"Anoitecer";"Crescente";"Céu Claro";"Dupla";"Reta";"Não";3;0;3;0;0;0;3;3;-29,889194;-51,213398;"SPRF-RS";"DEL01-RS";"UOP01-DEL01-RS"
366397;2021-06-13;"domingo";"16:01:00";"PR";277;653,1;"MATELANDIA";"Ultrapassagem Indevida";"Colisão lateral mesmo sentido";"Com Vítimas Feridas";"Pleno dia";"Crescente";"Céu Claro";"Simples";"Reta";"Não";6;0;2;0;0;4;2;3;-25,213354;-53,95143726;"SPRF-PR";"DEL05-PR";"UOP02-DEL05-PR"
366398;2021-06-25;"sexta-feira";"11:10:00";"MG";116;274,8;"TEOFILO OTONI";"Desrespeitar a preferência no cruzamento";"Colisão transversal";"Com Vítimas Feridas";"Pleno dia";"Crescente";"Nublado";"Dupla";"Reta;Interseção de Vias";"Sim";2;0;1;0;0;1;1;2;-17,839723;-41,513149;"SPRF-MG";"DEL11-MG";"UOP01-DEL11-MG"
366399;2021-06-25;"sexta-feira";"18:04:00";"CE";116;4,8;"FORTALEZA";"Demais falhas mecânicas ou elétricas";"Queda de ocupante de veículo";"Com Vítimas Feridas";"Plena Noite";"Decrescente";"Céu Claro";"Múltipla";"Reta";"Sim";2;0;1;1;0;0;2;1;-3,7867209;-38,5114568;"SPRF-CE";"DEL01-CE";"UOP02-DEL01-CE"
366401;2021-06-25;"sexta-feira";"18:00:00";"PR";116;121,9;"CURITIBA";"Condutor deixou de manter distância do veículo da frente";"Colisão traseira";"Com Vítimas Feridas";"Anoitecer";"Crescente";"Céu Claro";"Dupla";"Reta";"Sim";3;0;2;0;1;0;2;2;-25,5599323;-49,30743945;"SPRF-PR";"DEL01-PR";"UOP03-DEL01-PR"
366407;2021-06-25;"sexta-feira";"15:40:00";"RO";364;763;"PORTO VELHO";"Demais falhas mecânicas ou elétricas";"Saída de leito carroçável";"Com Vítimas Feridas";"Pleno dia";"Crescente";"Céu Claro";"Simples";"Reta";"Não";2;0;2;0;0;0;2;1;-9,11536439;-64,11490778;"SPRF-RO";"DEL01-RO";"UOP02-DEL01-RO"
366410;2021-06-25;"sexta-feira";"18:00:00";"MG";116;529,5;"CARATINGA";"Condutor deixou de manter distância do veículo da frente";"Colisão traseira";"Com Vítimas Feridas";"Plena Noite";"Crescente";"Céu Claro";"Simples";"Reta";"Não";2;0;1;0;1;0;1;2;-19,80209596;-42,13678193;"SPRF-MG";"DEL06-MG";"UOP02-DEL06-MG"
366411;2021-06-25;"sexta-feira";"18:30:00";"SP";101;45,5;"UBATUBA";"Transitar na contramão";"Colisão lateral sentido oposto";"Com Vítimas Feridas";"Plena Noite";"Decrescente";"Céu Claro";"Simples";"Reta";"Sim";2;0;1;0;1;0;1;2;-23,41779396;-45,06788408;"SPRF-SP";"DEL06-SP";"UOP01-DEL06-SP"
366412;2021-06-25;"sexta-feira";"18:35:00";"SP";153;61;"SAO JOSE DO RIO PRETO";"Ingestão de álcool pelo condutor";"Colisão traseira";"Sem Vítimas";"Plena Noite";"Decrescente";"Céu Claro";"Dupla";"Aclive";"Sim";2;0;0;0;2;0;0;2;-20,80502876;-49,35574909;"SPRF-SP";"DEL09-SP";"UOP01-DEL09-SP"
366413;2021-06-25;"sexta-feira";"18:30:00";"PR";476;196,9;"LAPA";"Ingestão de álcool pelo condutor";"Atropelamento de Pedestre";"Com Vítimas Fatais";"Plena Noite";"Crescente";"Céu Claro";"Simples";"Reta";"Não";2;1;0;0;1;0;0;2;-25,753437;-49,725754;"SPRF-PR";"DEL02-PR";"UOP04-DEL02-PR"
366414;2021-06-25;"sexta-feira";"17:30:00";"MG";381;907,4;"CAMBUI";"Ausência de reação do condutor";"Queda de ocupante de veículo";"Com Vítimas Feridas";"Anoitecer";"Crescente";"Céu Claro";"Dupla";"Curva";"Não";1;0;1;0;0;0;1;1;-22,71022398;-46,12178305;"SPRF-MG";"DEL16-MG";"UOP03-DEL16-MG"
366415;2021-06-25;"sexta-feira";"18:00:00";"MS";267;188,8;"NOVA ALVORADA DO SUL";"Reação tardia ou ineficiente do condutor";"Colisão traseira";"Com Vítimas Feridas";"Anoitecer";"Crescente";"Céu Claro";"Simples";"Reta";"Não";2;0;0;1;1;0;1;2;-21,600931;-53,84591;"SPRF-MS";"DEL02-MS";"UOP03-DEL02-MS"
366416;2021-06-25;"sexta-feira";"18:15:00";"RO";364;233;"CACOAL";"Reação tardia ou ineficiente do condutor";"Tombamento";"Com Vítimas Feridas";"Plena Noite";"Crescente";"Céu Claro";"Simples";"Reta";"Não";1;0;0;1;0;0;1;1;-11,46104613;-61,41546107;"SPRF-RO";"DEL02-RO";"UOP02-DEL02-RO"
366419;2021-05-13;"quinta-feira";"04:15:00";"ES";482;70,9;"JERONIMO MONTEIRO";"Animais na Pista";"Atropelamento de Animal";"Com Vítimas Feridas";"Plena Noite";"Decrescente";"Nublado";"Simples";"Reta";"Não";1;0;0;1;0;0;1;1;-20,76872936;-41,43804901;"SPRF-ES";"DEL03-ES";"UOP02-DEL03-ES"
366420;2021-06-25;"sexta-feira";"18:20:00";"MS";262;355,6;"CAMPO GRANDE";"Conversão proibida";"Tombamento";"Com Vítimas Feridas";"Plena Noite";"Decrescente";"Ignorado";"Simples";"Reta";"Sim";1;0;0;1;0;0;1;1;-20,55085314;-54,67160768;"SPRF-MS";"DEL01-MS";"UOP03-DEL01-MS"
366421;2021-06-25;"sexta-feira";"18:20:00";"PR";277;723,2;"FOZ DO IGUACU";"Manobra de mudança de faixa";"Colisão traseira";"Sem Vítimas";"Plena Noite";"Decrescente";"Céu Claro";"Dupla";"Reta";"Sim";6;0;0;0;6;0;0;3;-25,49878215;-54,52985294;"SPRF-PR";"DEL05-PR";"UOP03-DEL05-PR"
366423;2021-06-25;"sexta-feira";"18:50:00";"PR";277;109,6;"CASCAVEL";"Acessar a via sem observar a presença dos outros veículos";"Colisão lateral mesmo sentido";"Com Vítimas Feridas";"Plena Noite";"Crescente";"Chuva";"Dupla";"Reta";"Sim";3;0;1;0;2;0;1;2;-24,92865459;-53,45419591;"SPRF-PR";"DEL01-PR";"UOP03-DEL03-PR"
366424;2021-06-25;"sexta-feira";"20:15:00";"PR";373;229,9;"IMBITUVA";"Acessar a via sem observar a presença dos outros veículos";"Colisão traseira";"Com Vítimas Feridas";"Plena Noite";"Crescente";"Céu Claro";"Simples";"Reta";"Sim";2;0;0;1;0;1;1;2;-25,17897128;-50,6584799;"SPRF-PR";"DEL03-PR";"UOP04-DEL03-PR"
366425;2021-06-25;"sexta-feira";"19:15:00";"PR";116;115;"CURITIBA";"Condutor deixou de manter distância do veículo da frente";"Colisão traseira";"Com Vítimas Feridas";"Plena Noite";"Decrescente";"Céu Claro";"Dupla";"Aclive;Reta";"Sim";2;0;0;1;1;0;1;2;-25,55953326;-49,26560414;"SPRF-PR";"DEL01-PR";"UOP01-DEL01-PR"
366426;2021-06-25;"sexta-feira";"19:00:00";"BA";116;10;"VITORIA DA CONQUISTA";"Animais na Pista";"Atropelamento de Animal";"Com Vítimas Feridas";"Plena Noite";"Crescente";"Céu Claro";"Simples";"Reta";"Sim";1;0;1;0;0;0;1;1;-14,86976391;-40,87171555;"SPRF-BA";"DEL08-BA";"UOP01-DEL08-BA"
366428;2021-06-25;"sexta-feira";"20:00:00";"SC";101;410,3;"ARARANGUA";"Condutor deixou de manter distância do veículo da frente";"Colisão traseira";"Com Vítimas Feridas";"Plena Noite";"Crescente";"Céu Claro";"Simples";"Reta";"Não";3;0;1;0;2;0;1;2;-28,9225061;-49,4913107;"SPRF-SC";"DEL02-SC";"UOP02-DEL02-SC"
366432;2021-06-25;"sexta-feira";"18:40:00";"SC";280;54,8;"GUARAMIRIM";"Pedestre cruzava a pista fora da faixa";"Atropelamento de Pedestre";"Com Vítimas Feridas";"Plena Noite";"Crescente";"Céu Claro";"Dupla";"Reta";"Sim";3;0;1;0;1;1;1;2;-26,47539893;-48,983748;"SPRF-SC";"DEL03-SC";"UOP03-DEL03-SC"
366433;2021-06-25;"sexta-feira";"19:30:00";"SP";116;217;"GUARULHOS";"Trafegar com motocicleta (ou similar) entre as faixas";"Colisão lateral mesmo sentido";"Com Vítimas Feridas";"Plena Noite";"Decrescente";"Céu Claro";"Múltipla";"Reta";"Sim";2;0;1;0;1;0;1;2;-23,45828155;-46,48141807;"SPRF-SP";"DEL01-SP";"UOP01-DEL01-SP"
366434;2021-06-25;"sexta-feira";"18:50:00";"PI";230;308;"FLORIANO";"Acessar a via sem observar a presença dos outros veículos";"Colisão transversal";"Com Vítimas Feridas";"Plena Noite";"Crescente";"Céu Claro";"Simples";"Interseção de Vias";"Sim";2;0;0;1;1;0;1;2;-6,78159309;-43,00121707;"SPRF-PI";"DEL03-PI";"UOP01-DEL03-PI"
366435;2021-06-25;"sexta-feira";"19:50:00";"RJ";116;273;"BARRA MANSA";"Acessar a via sem observar a presença dos outros veículos";"Colisão transversal";"Com Vítimas Feridas";"Plena Noite";"Decrescente";"Nublado";"Simples";"Interseção de Vias;Rotatória";"Sim";2;0;1;0;1;0;1;2;-22,54880756;-44,18363214;"SPRF-RJ";"DEL07-RJ";"UOP02-DEL07-RJ"
366436;2021-06-25;"sexta-feira";"19:15:00";"PB";230;182,8;"POCINHOS";"Ultrapassagem Indevida";"Colisão lateral sentido oposto";"Com Vítimas Fatais";"Plena Noite";"Crescente";"Céu Claro";"Simples";"Declive";"Não";2;1;0;0;1;0;0;2;-7,1584;-36,0837;"SPRF-PB";"DEL02-PB";"UOP02-DEL02-PB"
366437;2021-06-09;"quarta-feira";"19:20:00";"ES";101;66;"SAO MATEUS";"Retorno proibido";"Colisão transversal";"Com Vítimas Feridas";"Plena Noite";"Decrescente";"Céu Claro";"Múltipla";"Retorno Regulamentado";"Sim";2;0;1;0;1;0;1;2;-18,7165195;-39,87436378;"SPRF-ES";"DEL04-ES";"UOP02-DEL04-ES"
366441;2021-06-25;"sexta-feira";"18:35:00";"GO";153;311,8;"RIALMA";"Pedestre andava na pista";"Atropelamento de Pedestre";"Com Vítimas Fatais";"Anoitecer";"Decrescente";"Ignorado";"Simples";"Reta";"Não";2;1;0;0;1;0;0;2;-15,375852;-49,55616;"SPRF-GO";"DEL02-GO";"UOP02-DEL02-GO"
366442;2021-06-25;"sexta-feira";"20:10:00";"ES";262;138,4;"MUNIZ FREIRE";"Ultrapassagem Indevida";"Colisão lateral sentido oposto";"Com Vítimas Feridas";"Plena Noite";"Decrescente";"Céu Claro";"Simples";"Aclive;Curva";"Não";2;0;0;1;1;0;1;2;-20,23406291;-41,35253988;"SPRF-ES";"DEL01-ES";"UOP02-DEL01-ES"
366443;2021-06-25;"sexta-feira";"20:00:00";"GO";153;700,2;"ITUMBIARA";"Ultrapassagem Indevida";"Colisão frontal";"Com Vítimas Fatais";"Plena Noite";"Crescente";"Céu Claro";"Simples";"Reta";"Sim";3;1;1;0;1;0;1;2;-18,3945;-49,2051;"SPRF-GO";"DEL03-GO";"UOP02-DEL03-GO"
366447;2021-06-25;"sexta-feira";"20:30:00";"MG";262;439,7;"NOVA SERRANA";"Ingestão de álcool pelo condutor";"Tombamento";"Sem Vítimas";"Plena Noite";"Decrescente";"Vento";"Dupla";"Reta";"Sim";1;0;0;0;1;0;0;1;-19,89197285;-44,88685183;"SPRF-MG";"DEL08-MG";"UOP03-DEL08-MG"
366448;2021-06-25;"sexta-feira";"20:40:00";"MG";116;681,9;"MIRADOURO";"Condutor Dormindo";"Colisão frontal";"Com Vítimas Feridas";"Plena Noite";"Crescente";"Céu Claro";"Simples";"Curva";"Não";2;0;0;1;1;0;1;2;-20,94105995;-42,34390497;"SPRF-MG";"DEL07-MG";"UOP02-DEL07-MG"
366450;2021-06-25;"sexta-feira";"20:00:00";"PE";101;13;"GOIANA";"Manobra de mudança de faixa";"Colisão lateral mesmo sentido";"Sem Vítimas";"Plena Noite";"Crescente";"Vento";"Dupla";"Reta";"Não";2;0;0;0;1;1;0;2;-7,61043695;-34,97530291;"SPRF-PE";"DEL01-PE";"UOP02-DEL01-PE"
366451;2021-06-25;"sexta-feira";"13:35:00";"SC";480;130,8;"CHAPECO";"Conversão proibida";"Colisão transversal";"Com Vítimas Feridas";"Pleno dia";"Decrescente";"Sol";"Simples";"Reta";"Sim";2;0;1;0;1;0;1;2;-27,05534298;-52,63652069;"SPRF-SC";"DEL07-SC";"UOP01-DEL07-SC"
366453;2021-06-25;"sexta-feira";"20:30:00";"RJ";465;3;"SEROPEDICA";"Condutor deixou de manter distância do veículo da frente";"Colisão traseira";"Com Vítimas Feridas";"Plena Noite";"Crescente";"Céu Claro";"Simples";"Reta";"Não";2;0;1;0;1;0;1;2;-22,76367713;-43,6857605;"SPRF-RJ";"DEL01-RJ";"UOP03-DEL01-RJ"
366454;2021-06-25;"sexta-feira";"19:15:00";"RJ";116;167;"SAO JOAO DE MERITI";"Trafegar com motocicleta (ou similar) entre as faixas";"Colisão traseira";"Com Vítimas Feridas";"Plena Noite";"Crescente";"Céu Claro";"Dupla";"Reta";"Sim";2;0;1;0;1;0;1;2;-22,80118681;-43,35342407;"SPRF-RJ";"DEL01-RJ";"UOP01-DEL01-RJ"
366456;2021-06-25;"sexta-feira";"21:50:00";"MG";381;568;"ITAGUARA";"Animais na Pista";"Atropelamento de Animal";"Com Vítimas Feridas";"Plena Noite";"Crescente";"Céu Claro";"Dupla";"Reta";"Não";7;0;3;1;3;0;4;4;-20,42649228;-44,54458383;"SPRF-MG";"DEL04-MG";"UOP03-DEL04-MG"
366458;2021-06-25;"sexta-feira";"22:15:00";"SP";116;127,8;"CACAPAVA";"Objeto estático sobre o leito carroçável";"Colisão com objeto";"Com Vítimas Feridas";"Plena Noite";"Crescente";"Céu Claro";"Dupla";"Reta";"Sim";1;0;1;0;0;0;1;1;-23,10991026;-45,70246044;"SPRF-SP";"DEL02-SP";"UOP02-DEL02-SP"
366461;2021-06-25;"sexta-feira";"22:00:00";"RS";448;19;"CANOAS";"Ausência de reação do condutor";"Colisão traseira";"Com Vítimas Feridas";"Plena Noite";"Decrescente";"Céu Claro";"Múltipla";"Reta";"Não";5;0;0;1;4;0;1;2;-29,951647;-51,203125;"SPRF-RS";"DEL01-RS";"UOP01-DEL01-RS"
366462;2021-06-25;"sexta-feira";"21:45:00";"TO";153;753;"ALVORADA";"Ingestão de álcool pelo condutor";"Colisão transversal";"Com Vítimas Fatais";"Plena Noite";"Crescente";"Céu Claro";"Simples";"Reta";"Não";2;1;0;0;0;1;0;2;-12,40945398;-49,1275429;"SPRF-TO";"DEL01-TO";"UOP02-DEL01-TO"
366464;2021-06-25;"sexta-feira";"22:15:00";"MG";116;800,7;"ALEM PARAIBA";"Ingestão de álcool pelo condutor";"Colisão com objeto";"Com Vítimas Feridas";"Plena Noite";"Decrescente";"Céu Claro";"Simples";"Reta;Ponte";"Não";1;0;1;0;0;0;1;1;-21,762259;-42,73448298;"SPRF-MG";"DEL07-MG";"UOP01-DEL07-MG"
366465;2021-06-25;"sexta-feira";"18:30:00";"SC";163;69,3;"SAO MIGUEL DO OESTE";"Conversão proibida";"Colisão transversal";"Com Vítimas Feridas";"Plena Noite";"Crescente";"Céu Claro";"Dupla";"Curva";"Sim";2;0;0;1;1;0;1;2;-26,74132699;-53,50120591;"SPRF-SC";"DEL07-SC";"UOP03-DEL07-SC"
366467;2021-06-25;"sexta-feira";"22:05:00";"MT";364;299,8;"JACIARA";"Velocidade Incompatível";"Capotamento";"Com Vítimas Feridas";"Anoitecer";"Decrescente";"Céu Claro";"Dupla";"Curva";"Não";5;0;5;0;0;0;5;1;-15,84691555;-55,14590671;"SPRF-MT";"DEL05-MT";"UOP02-DEL05-MT"
366471;2021-06-25;"sexta-feira";"23:15:00";"SC";470;68,9;"INDAIAL";"Ausência de reação do condutor";"Colisão com objeto";"Sem Vítimas";"Plena Noite";"Decrescente";"Céu Claro";"Dupla";"Reta";"Sim";1;0;0;0;1;0;0;1;-26,88391753;-49,24700305;"SPRF-SC";"DEL04-SC";"UOP01-DEL04-SC"
366473;2021-06-25;"sexta-feira";"23:46:00";"MG";116;530,9;"CARATINGA";"Pedestre cruzava a pista fora da faixa";"Atropelamento de Pedestre";"Com Vítimas Feridas";"Plena Noite";"Decrescente";"Céu Claro";"Simples";"Reta";"Não";3;0;0;1;1;1;1;2;-19,804824;-42,13634491;"SPRF-MG";"DEL06-MG";"UOP02-DEL06-MG"
366474;2021-06-26;"sábado";"00:40:00";"RS";290;99,6;"PORTO ALEGRE";"Avarias e/ou desgaste excessivo no pneu";"Tombamento";"Com Vítimas Feridas";"Plena Noite";"Crescente";"Céu Claro";"Dupla";"Ponte;Reta";"Não";2;0;2;0;0;0;2;1;-29,991756;-51,22699;"SPRF-RS";"DEL01-RS";"UOP01-DEL01-RS"
366477;2021-06-25;"sexta-feira";"23:15:00";"SC";280;146;"MAFRA";"Iluminação deficiente";"Queda de ocupante de veículo";"Com Vítimas Feridas";"Plena Noite";"Decrescente";"Nevoeiro/Neblina";"Simples";"Reta";"Não";1;0;0;1;0;0;1;1;-26,25518456;-49,6620649;"SPRF-SC";"DEL06-SC";"UOP03-DEL06-SC"
366478;2021-06-25;"sexta-feira";"22:45:00";"MS";163;173;"JUTI";"Ingestão de álcool pelo condutor";"Saída de leito carroçável";"Sem Vítimas";"Plena Noite";"Crescente";"Nublado";"Simples";"Interseção de Vias";"Sim";1;0;0;0;1;0;0;1;-22,865635;-54,611537;"SPRF-MS";"DEL09-MS";"UOP01-DEL09-MS"
366480;2021-06-26;"sábado";"00:30:00";"RJ";101;296;"ITABORAI";"Ausência de reação do condutor";"Colisão com objeto";"Sem Vítimas";"Plena Noite";"Decrescente";"Céu Claro";"Dupla";"Curva";"Sim";1;0;0;0;0;1;0;1;-22,7670498;-42,91019601;"SPRF-RJ";"DEL02-RJ";"UOP02-DEL02-RJ"
366481;2021-06-25;"sexta-feira";"22:40:00";"MT";174;87,7;"CACERES";"Animais na Pista";"Atropelamento de Animal";"Sem Vítimas";"Plena Noite";"Crescente";"Céu Claro";"Simples";"Reta";"Não";1;0;0;0;0;1;0;1;-15,92386;-57,79745;"SPRF-MT";"DEL03-MT";"UOP01-DEL03-MT"
366482;2021-06-26;"sábado";"02:00:00";"SC";470;67,9;"INDAIAL";"Ausência de reação do condutor";"Saída de leito carroçável";"Sem Vítimas";"Plena Noite";"Decrescente";"Garoa/Chuvisco";"Simples";"Em Obras;Desvio Temporário";"Sim";1;0;0;0;1;0;0;1;-26,87771776;-49,23899812;"SPRF-SC";"DEL04-SC";"UOP01-DEL04-SC"
366485;2021-06-26;"sábado";"01:15:00";"SC";101;307;"LAGUNA";"Transitar na contramão";"Colisão frontal";"Sem Vítimas";"Plena Noite";"Crescente";"Céu Claro";"Dupla";"Reta";"Sim";3;0;0;0;3;0;0;2;-28,39211769;-48,77822399;"SPRF-SC";"DEL02-SC";"UOP03-DEL02-SC"