"id";"data_inversa";"dia_semana";"horario";"uf";"br";"km";"municipio";"causa_acidente";"tipo_acidente";"classificacao_acidente";"fase_dia";"sentido_via";"condicao_metereologica";"tipo_pista";"tracado_via";"uso_solo";"pessoas";"mortos";"feridos_leves";"feridos_graves";"ilesos";"ignorados";"feridos";"veiculos";"latitude";"longitude";"regional";"delegacia";"uop"
366486;2021-06-26;"sábado";"02:15:00";"MS";463;2;"DOURADOS";"Manobra de mudança de faixa";"Colisão lateral mesmo sentido";"Com Vítimas Feridas";"Plena Noite";"Crescente";"Céu Claro";"Simples";"Reta";"Sim";2;0;0;1;1;0;1;2;-22,2591541;-54,823354;"SPRF-MS";"DEL04-MS";"UOP01-DEL04-MS"
366487;2021-05-09;"domingo";"05:20:00";"BA";101;535,9;"SAO JOSE DA VITORIA";"Velocidade Incompatível";"Tombamento";"Com Vítimas Feridas";"Pleno dia";"Decrescente";"Céu Claro";"Simples";"Curva";"Não";2;0;0;2;0;0;2;1;-15,15775202;-39,41074199;"SPRF-BA";"DEL05-BA";"UOP01-DEL05-BA"
366489;2021-06-26;"sábado";"02:15:00";"SC";101;373,8;"ICARA";"Ingestão de álcool pelo condutor";"Colisão com objeto";"Com Vítimas Feridas";"Plena Noite";"Decrescente";"Ignorado";"Dupla";"Reta";"Não";1;0;1;0;0;0;1;1;-28,71016196;-49,21016693;"SPRF-SC";"DEL02-SC";"UOP01-DEL02-SC"
366490;2021-06-26;"sábado";"02:00:00";"RS";290;678;"URUGUAIANA";"Ingestão de álcool pelo condutor";"Colisão com objeto";"Com Vítimas Feridas";"Plena Noite";"Decrescente";"Nublado";"Simples";"Reta";"Não";1;0;1;0;0;0;1;1;-29,91028;-56,674816;"SPRF-RS";"DEL13-RS";"UOP01-DEL13-RS"
366491;2021-06-26;"sábado";"03:45:00";"SC";101;266;"PAULO LOPES";"Ingestão de álcool pelo condutor";"Colisão com objeto";"Com Vítimas Feridas";"Plena Noite";"Decrescente";"Céu Claro";"Dupla";"Reta";"Sim";1;0;1;0;0;0;1;1;-28,07721335;-48,71223682;"SPRF-SC";"DEL02-SC";"UOP03-DEL02-SC"
366492;2021-06-26;"sábado";"02:30:00";"PR";116;46;"CAMPINA GRANDE DO SUL";"Ausência de reação do condutor";"Colisão com objeto";"Com Vítimas Feridas";"Plena Noite";"Crescente";"Nevoeiro/Neblina";"Dupla";"Reta";"Não";2;0;1;0;1;0;1;1;-25,20185401;-48,8962139;"SPRF-PR";"DEL01-PR";"UOP02-DEL01-PR"
366493;2021-06-26;"sábado";"04:14:00";"PR";277;7;"PARANAGUA";"Velocidade Incompatível";"Colisão com objeto";"Com Vítimas Feridas";"Plena Noite";"Crescente";"Céu Claro";"Simples";"Reta";"Não";1;0;0;1;0;0;1;1;-25,568198;-48,615292;"SPRF-PR";"DEL01-PR";"UOP05-DEL01-PR"
366494;2021-06-26;"sábado";"04:00:00";"SC";101;83,8;"BARRA VELHA";"Mal súbito do condutor";"Tombamento";"Com Vítimas Feridas";"Plena Noite";"Decrescente";"Chuva";"Dupla";"Reta";"Não";1;0;0;1;0;0;1;1;-26,61865655;-48,71834126;"SPRF-SC";"DEL03-SC";"UOP02-DEL03-SC"
366495;2021-06-26;"sábado";"04:47:00";"RJ";40;106;"DUQUE DE CAXIAS";"Velocidade Incompatível";"Saída de leito carroçável";"Com Vítimas Feridas";"Plena Noite";"Crescente";"Nublado";"Dupla";"Reta";"Sim";5;0;3;2;0;0;5;1;-22,64679;-43,283726;"SPRF-RJ";"DEL01-RJ";"UOP01-DEL01-RJ"
366496;2021-06-26;"sábado";"03:30:00";"GO";153;633;"MORRINHOS";"Condutor Dormindo";"Saída de leito carroçável";"Sem Vítimas";"Plena Noite";"Decrescente";"Céu Claro";"Dupla";"Reta";"Não";1;0;0;0;1;0;0;1;-17,8191;-49,2117;"SPRF-GO";"DEL03-GO";"UOP01-DEL03-GO"
366497;2021-06-25;"sexta-feira";"18:00:00";"ES";101;262,6;"SERRA";"Condutor deixou de manter distância do veículo da frente";"Colisão traseira";"Sem Vítimas";"Anoitecer";"Decrescente";"Nublado";"Dupla";"Reta";"Sim";2;0;0;0;2;0;0;2;-20,1572331;-40,27678329;"SPRF-ES";"DEL02-ES";"UOP01-DEL02-ES"
366498;2021-06-26;"sábado";"05:50:00";"RN";226;0;"NATAL";"Ingestão de álcool pelo condutor";"Colisão traseira";"Sem Vítimas";"Amanhecer";"Crescente";"Céu Claro";"Simples";"Reta";"Sim";3;0;0;0;3;0;0;2;-5,800019;-35,238174;"SPRF-RN";"DEL01-RN";"UOP02-DEL01-RN"
366499;2021-06-26;"sábado";"04:50:00";"RS";472;183,9;"SANTO CRISTO";"Ingestão de álcool e/ou substâncias psicoativas pelo pedestre";"Saída de leito carroçável";"Com Vítimas Feridas";"Plena Noite";"Decrescente";"Chuva";"Simples";"Reta";"Não";1;0;1;0;0;0;1;1;-27,83998265;-54,58295594;"SPRF-RS";"DEL10-RS";"UOP01-DEL10-RS"
366501;2021-06-26;"sábado";"06:05:00";"ES";262;162,1;"IBATIBA";"Condutor Dormindo";"Colisão lateral sentido oposto";"Com Vítimas Feridas";"Pleno dia";"Crescente";"Céu Claro";"Simples";"Aclive;Reta";"Não";4;0;1;0;3;0;1;3;-20,23593228;-41,53109078;"SPRF-ES";"DEL01-ES";"UOP02-DEL01-ES"
366502;2021-06-26;"sábado";"05:30:00";"MG";381;191,2;"PERIQUITO";"Animais na Pista";"Atropelamento de Animal";"Com Vítimas Feridas";"Amanhecer";"Decrescente";"Nevoeiro/Neblina";"Simples";"Reta";"Não";2;0;1;0;1;0;1;1;-19,11352521;-42,20478692;"SPRF-MG";"DEL06-MG";"UOP01-DEL06-MG"
366503;2021-06-26;"sábado";"04:40:00";"RS";470;228;"GARIBALDI";"Ingestão de álcool pelo condutor";"Colisão lateral mesmo sentido";"Sem Vítimas";"Plena Noite";"Crescente";"Nublado";"Simples";"Reta";"Não";2;0;0;0;1;1;0;2;-29,26689593;-51,50000095;"SPRF-RS";"DEL06-RS";"UOP01-DEL06-RS"
366504;2021-06-26;"sábado";"03:00:00";"MG";381;7;"BETIM";"Ausência de reação do condutor";"Saída de leito carroçável";"Com Vítimas Feridas";"Plena Noite";"Crescente";"Nevoeiro/Neblina";"Dupla";"Reta";"Sim";1;0;1;0;0;0;1;1;-19,96825;-44,198708;"SPRF-MG";"DEL01-MG";"UOP03-DEL01-MG"
366505;2021-06-26;"sábado";"04:50:00";"RJ";101;548;"PARATY";"Velocidade Incompatível";"Colisão com objeto";"Com Vítimas Feridas";"Plena Noite";"Decrescente";"Céu Claro";"Simples";"Curva";"Não";3;0;3;0;0;0;3;1;-23,04505073;-44,64600895;"SPRF-RJ";"DEL03-RJ";"UOP02-DEL03-RJ"
366506;2021-06-26;"sábado";"02:20:00";"MG";381;855;"POUSO ALEGRE";"Ausência de reação do condutor";"Saída de leito carroçável";"Sem Vítimas";"Plena Noite";"Decrescente";"Céu Claro";"Dupla";"Reta";"Não";1;0;0;0;1;0;0;1;-22,32218405;-45,90735795;"SPRF-MG";"DEL16-MG";"UOP01-DEL16-MG"
366510;2021-06-26;"sábado";"07:15:00";"RS";116;252,2;"SAPUCAIA DO SUL";"Ingestão de álcool pelo condutor";"Colisão traseira";"Sem Vítimas";"Pleno dia";"Crescente";"Garoa/Chuvisco";"Dupla";"Reta";"Sim";2;0;0;0;2;0;0;2;-29,80913395;-51,1675292;"SPRF-RS";"DEL01-RS";"UOP02-DEL01-RS"
366511;2021-06-25;"sexta-feira";"20:00:00";"BA";324;430;"RIACHAO DO JACUIPE";"Acessar a via sem observar a presença dos outros veículos";"Colisão lateral sentido oposto";"Com Vítimas Feridas";"Plena Noite";"Crescente";"Nublado";"Simples";"Reta";"Não";2;0;0;1;1;0;1;2;-11,774083;-39,451038;"SPRF-BA";"DEL04-BA";"UOP02-DEL04-BA"
366512;2021-06-26;"sábado";"05:25:00";"RJ";101;310;"SAO GONCALO";"Ausência de reação do condutor";"Saída de leito carroçável";"Com Vítimas Fatais";"Plena Noite";"Crescente";"Céu Claro";"Dupla";"Reta";"Sim";2;1;0;0;0;1;0;2;-22,79717023;-43,04404993;"SPRF-RJ";"DEL02-RJ";"UOP02-DEL02-RJ"
366513;2021-06-26;"sábado";"03:50:00";"PR";369;201;"APUCARANA";"Acessar a via sem observar a presença dos outros veículos";"Queda de ocupante de veículo";"Com Vítimas Feridas";"Plena Noite";"Crescente";"Céu Claro";"Simples";"Reta";"Sim";1;0;1;0;0;0;1;1;-23,54849489;-51,45077705;"SPRF-PR";"DEL07-PR";"UOP02-DEL07-PR"
366516;2021-06-11;"sexta-feira";"12:31:00";"PR";373;181,9;"PONTA GROSSA";"Ingestão de álcool pelo condutor";"Colisão traseira";"Com Vítimas Feridas";"Pleno dia";"Decrescente";"Sol";"Simples";"Reta";"Sim";2;0;1;0;1;0;1;2;-25,04266233;-50,25791089;"SPRF-PR";"DEL03-PR";"UOP01-DEL03-PR"
366517;2021-06-26;"sábado";"07:30:00";"PE";116;28;"SALGUEIRO";"Manobra de mudança de faixa";"Queda de ocupante de veículo";"Com Vítimas Feridas";"Pleno dia";"Crescente";"Céu Claro";"Simples";"Aclive";"Não";1;0;0;1;0;0;1;1;-8,086088;-39,126305;"SPRF-PE";"DEL05-PE";"UOP01-DEL05-PE"
366518;2021-06-22;"terça-feira";"13:00:00";"MG";116;415,5;"GOVERNADOR VALADARES";"Condutor deixou de manter distância do veículo da frente";"Colisão traseira";"Com Vítimas Feridas";"Pleno dia";"Decrescente";"Céu Claro";"Simples";"Reta";"Sim";2;0;1;0;1;0;1;2;-18,88401297;-41,94924399;"SPRF-MG";"DEL06-MG";"UOP01-DEL06-MG"
366519;2021-06-26;"sábado";"07:00:00";"MT";364;330;"CAMPO VERDE";"Demais falhas mecânicas ou elétricas";"Queda de ocupante de veículo";"Com Vítimas Feridas";"Pleno dia";"Decrescente";"Céu Claro";"Dupla";"Curva";"Não";1;0;0;1;0;0;1;1;-15,8126764;-55,3680389;"SPRF-MT";"DEL05-MT";"UOP02-DEL05-MT"
366520;2021-05-26;"quarta-feira";"05:20:00";"MG";50;85,2;"UBERLANDIA";"Condutor Dormindo";"Capotamento";"Com Vítimas Feridas";"Plena Noite";"Decrescente";"Céu Claro";"Dupla";"Reta";"Não";1;0;0;1;0;0;1;1;-19,009569;-48,208355;"SPRF-MG";"DEL15-MG";"UOP01-DEL15-MG"
366521;2021-06-26;"sábado";"06:00:00";"PR";116;112,6;"CURITIBA";"Condutor Dormindo";"Saída de leito carroçável";"Com Vítimas Feridas";"Plena Noite";"Crescente";"Nublado";"Dupla";"Reta";"Sim";1;0;1;0;0;0;1;1;-25,56730763;-49,23706792;"SPRF-PR";"DEL01-PR";"UOP01-DEL01-PR"
366522;2021-06-26;"sábado";"08:10:00";"DF";20;6;"BRASILIA";"Transitar na contramão";"Colisão transversal";"Com Vítimas Feridas";"Pleno dia";"Decrescente";"Céu Claro";"Simples";"Reta";"Não";2;0;1;0;1;0;1;2;-15,665888;-47,808308;"SPRF-DF";"DEL02-DF";"UOP01-DEL02-DF"
366523;2021-06-26;"sábado";"07:50:00";"MG";365;643,6;"UBERLANDIA";"Reação tardia ou ineficiente do condutor";"Tombamento";"Com Vítimas Feridas";"Pleno dia";"Crescente";"Sol";"Dupla";"Aclive;Reta";"Não";2;0;2;0;0;0;2;1;-18,8808611;-48,49354102;"SPRF-MG";"DEL15-MG";"UOP01-DEL15-MG"
366525;2021-06-26;"sábado";"07:00:00";"SC";470;44,7;"BLUMENAU";"Condutor Dormindo";"Saída de leito carroçável";"Com Vítimas Feridas";"Pleno dia";"Crescente";"Garoa/Chuvisco";"Simples";"Reta";"Não";1;0;1;0;0;0;1;1;-26,870665;-49,021896;"SPRF-SC";"DEL04-SC";"UOP01-DEL04-SC"
366527;2021-05-06;"quinta-feira";"06:20:00";"MG";50;78,8;"UBERLANDIA";"Demais falhas mecânicas ou elétricas";"Saída de leito carroçável";"Com Vítimas Feridas";"Pleno dia";"Crescente";"Céu Claro";"Dupla";"Reta";"Sim";2;0;2;0;0;0;2;1;-18,953471;-48,217115;"SPRF-MG";"DEL15-MG";"UOP01-DEL15-MG"
366528;2021-06-26;"sábado";"07:15:00";"MT";364;194;"RONDONOPOLIS";"Objeto estático sobre o leito carroçável";"Colisão com objeto";"Com Vítimas Feridas";"Pleno dia";"Decrescente";"Céu Claro";"Simples";"Reta";"Não";1;0;1;0;0;0;1;1;-16,52647302;-54,59191501;"SPRF-MT";"DEL02-MT";"UOP01-DEL02-MT"
366529;2021-06-26;"sábado";"09:20:00";"MG";262;195;"JOAO MONLEVADE";"Demais falhas mecânicas ou elétricas";"Queda de ocupante de veículo";"Com Vítimas Feridas";"Pleno dia";"Decrescente";"Céu Claro";"Simples";"Curva";"Não";2;0;2;0;0;0;2;1;-19,86097658;-43,10750503;"SPRF-MG";"DEL03-MG";"UOP01-DEL03-MG"
366533;2021-06-26;"sábado";"07:45:00";"PI";135;409;"REDENCAO DO GURGUEIA";"Ausência de reação do condutor";"Colisão lateral mesmo sentido";"Com Vítimas Feridas";"Pleno dia";"Decrescente";"Céu Claro";"Simples";"Em Obras;Reta";"Não";2;0;1;0;1;0;1;2;-9,47476445;-44,6087761;"SPRF-PI";"DEL03-PI";"UOP02-DEL03-PI"
366534;2021-06-26;"sábado";"09:20:00";"SP";116;213;"GUARULHOS";"Manobra de mudança de faixa";"Colisão com objeto";"Com Vítimas Feridas";"Pleno dia";"Crescente";"Céu Claro";"Múltipla";"Reta";"Sim";2;0;1;0;1;0;1;1;-23,43971486;-46,43667806;"SPRF-SP";"DEL01-SP";"UOP01-DEL01-SP"
366536;2021-06-26;"sábado";"10:00:00";"RS";290;94;"PORTO ALEGRE";"Ausência de reação do condutor";"Colisão traseira";"Com Vítimas Feridas";"Pleno dia";"Crescente";"Chuva";"Simples";"Reta";"Sim";6;0;4;0;2;0;4;2;-29,973856;-51,197853;"SPRF-RS";"DEL01-RS";"UOP01-DEL01-RS"
366539;2021-06-26;"sábado";"10:40:00";"CE";222;3,7;"CAUCAIA";"Condutor deixou de manter distância do veículo da frente";"Colisão lateral mesmo sentido";"Com Vítimas Feridas";"Pleno dia";"Crescente";"Céu Claro";"Simples";"Reta";"Sim";2;0;1;0;0;1;1;2;-3,7403769;-38,59569202;"SPRF-CE";"DEL01-CE";"UOP01-DEL01-CE"
366540;2021-06-26;"sábado";"10:15:00";"MG";40;561;"NOVA LIMA";"Condutor deixou de manter distância do veículo da frente";"Colisão traseira";"Com Vítimas Feridas";"Pleno dia";"Crescente";"Céu Claro";"Dupla";"Reta";"Não";2;0;1;0;1;0;1;2;-20,13588082;-43,96237943;"SPRF-MG";"DEL01-MG";"UOP02-DEL01-MG"
366541;2021-06-26;"sábado";"08:40:00";"RR";174;499;"BOA VISTA";"Frear bruscamente";"Colisão traseira";"Com Vítimas Feridas";"Pleno dia";"Decrescente";"Nublado";"Dupla";"Reta";"Sim";2;0;1;0;1;0;1;2;2,772157;-60,714409;"SPRF-RR";"DEL01-RR";"UOP01-DEL01-RR"
366542;2021-06-26;"sábado";"11:00:00";"RN";101;78,7;"NATAL";"Desrespeitar a preferência no cruzamento";"Colisão transversal";"Com Vítimas Feridas";"Pleno dia";"Crescente";"Céu Claro";"Dupla";"Retorno Regulamentado";"Sim";2;0;1;0;0;1;1;2;-5,74071896;-35,29021064;"SPRF-RN";"DEL02-RN";"UOP01-DEL02-RN"
366543;2021-06-26;"sábado";"10:15:00";"RN";101;30,3;"RIO DO FOGO";"Acessar a via sem observar a presença dos outros veículos";"Colisão transversal";"Com Vítimas Feridas";"Pleno dia";"Decrescente";"Céu Claro";"Simples";"Reta";"Não";2;0;0;1;1;0;1;2;-5,36915407;-35,37742011;"SPRF-RN";"DEL02-RN";"UOP01-DEL02-RN"
366545;2021-06-26;"sábado";"09:00:00";"RS";290;66;"GRAVATAI";"Velocidade Incompatível";"Saída de leito carroçável";"Com Vítimas Feridas";"Pleno dia";"Crescente";"Chuva";"Dupla";"Reta";"Não";2;0;1;0;1;0;1;1;-29,942627;-50,915585;"SPRF-RS";"DEL03-RS";"UOP01-DEL03-RS"
366548;2021-06-26;"sábado";"08:56:00";"AC";364;133;"RIO BRANCO";"Frear bruscamente";"Queda de ocupante de veículo";"Com Vítimas Feridas";"Pleno dia";"Crescente";"Sol";"Dupla";"Reta";"Sim";2;0;1;0;1;0;1;1;-10,002488;-67,84954;"SPRF-AC";"DEL01-AC";"UOP01-DEL01-AC"
366550;2021-06-26;"sábado";"10:45:00";"MG";40;617,8;"CONGONHAS";"Reação tardia ou ineficiente do condutor";"Colisão traseira";"Com Vítimas Feridas";"Pleno dia";"Crescente";"Sol";"Simples";"Reta";"Sim";2;0;1;0;1;0;1;2;-20,56169497;-43,81235922;"SPRF-MG";"DEL05-MG";"UOP02-DEL05-MG"
366551;2021-06-26;"sábado";"11:20:00";"PB";101;106;"ALHANDRA";"Avarias e/ou desgaste excessivo no pneu";"Tombamento";"Com Vítimas Feridas";"Pleno dia";"Crescente";"Céu Claro";"Dupla";"Curva";"Não";2;0;2;0;0;0;2;1;-7,3338254;-34,9476486;"SPRF-PB";"DEL01-PB";"UOP02-DEL01-PB"
366552;2021-06-26;"sábado";"10:50:00";"SC";101;255,3;"PAULO LOPES";"Velocidade Incompatível";"Saída de leito carroçável";"Com Vítimas Feridas";"Pleno dia";"Decrescente";"Nublado";"Dupla";"Curva;Declive";"Não";1;0;1;0;0;0;1;1;-27,98242299;-48,67898469;"SPRF-SC";"DEL02-SC";"UOP03-DEL02-SC"
366554;2021-06-26;"sábado";"11:35:00";"RJ";495;0;"TERESOPOLIS";"Ausência de reação do condutor";"Colisão transversal";"Com Vítimas Feridas";"Pleno dia";"Crescente";"Sol";"Simples";"Reta";"Sim";2;0;0;1;1;0;1;2;-22,40473;-42,966854;"SPRF-RJ";"DEL04-RJ";"UOP01-DEL04-RJ"
366555;2021-06-26;"sábado";"11:45:00";"SC";282;528;"CORDILHEIRA ALTA";"Avarias e/ou desgaste excessivo no pneu";"Tombamento";"Com Vítimas Feridas";"Pleno dia";"Crescente";"Céu Claro";"Simples";"Curva";"Não";2;0;0;1;1;0;1;2;-26,978798;-52,588566;"SPRF-SC";"DEL07-SC";"UOP01-DEL07-SC"
366556;2021-06-26;"sábado";"09:50:00";"MG";116;415,1;"GOVERNADOR VALADARES";"Condutor deixou de manter distância do veículo da frente";"Colisão traseira";"Com Vítimas Feridas";"Pleno dia";"Decrescente";"Céu Claro";"Simples";"Reta";"Não";3;0;2;0;1;0;2;2;-18,88401297;-41,94924399;"SPRF-MG";"DEL06-MG";"UOP01-DEL06-MG"
366557;2021-06-26;"sábado";"11:50:00";"PI";316;2,6;"TERESINA";"Ausência de reação do condutor";"Colisão traseira";"Com Vítimas Feridas";"Pleno dia";"Decrescente";"Céu Claro";"Simples";"Em Obras;Reta";"Sim";2;0;1;0;1;0;1;2;-5,1257101;-42,79399495;"SPRF-PI";"DEL01-PI";"UOP02-DEL01-PI"
366560;2021-06-26;"sábado";"12:40:00";"RS";386;67;"BOA VISTA DAS MISSOES";"Condutor Dormindo";"Saída de leito carroçável";"Com Vítimas Feridas";"Pleno dia";"Decrescente";"Sol";"Simples";"Curva";"Não";1;0;1;0;0;0;1;1;-27,643206;-53,327473;"SPRF-RS";"DEL08-RS";"UOP02-DEL08-RS"
366561;2021-06-26;"sábado";"12:40:00";"SC";101;135;"BALNEARIO CAMBORIU";"Reação tardia ou ineficiente do condutor";"Colisão lateral mesmo sentido";"Com Vítimas Feridas";"Pleno dia";"Crescente";"Nublado";"Dupla";"Reta";"Sim";2;0;0;1;1;0;1;2;-27,0050108;-48,62677494;"SPRF-SC";"DEL04-SC";"UOP03-DEL04-SC"
366563;2021-06-26;"sábado";"12:10:00";"RJ";116;327;"RESENDE";"Velocidade Incompatível";"Colisão com objeto";"Com Vítimas Feridas";"Pleno dia";"Decrescente";"Céu Claro";"Dupla";"Reta";"Não";1;0;1;0;0;0;1;1;-22,49890811;-44,57917891;"SPRF-RJ";"DEL07-RJ";"UOP02-DEL07-RJ"
366564;2021-06-26;"sábado";"09:30:00";"GO";153;269;"NOVA GLORIA";"Ausência de reação do condutor";"Colisão traseira";"Com Vítimas Feridas";"Pleno dia";"Crescente";"Céu Claro";"Simples";"Aclive;Em Obras;Reta";"Não";3;0;1;0;2;0;1;3;-15,061783;-49,45174;"SPRF-GO";"DEL07-GO";"UOP02-DEL07-GO"
366566;2021-06-26;"sábado";"12:45:00";"SC";101;213,2;"PALHOCA";"Acumulo de óleo sobre o pavimento";"Tombamento";"Com Vítimas Feridas";"Pleno dia";"Crescente";"Nublado";"Múltipla";"Reta";"Não";1;0;1;0;0;0;1;1;-27,63697369;-48,66514142;"SPRF-SC";"DEL01-SC";"UOP02-DEL01-SC"
366567;2021-06-26;"sábado";"13:10:00";"RJ";393;178;"PARAIBA DO SUL";"Acessar a via sem observar a presença dos outros veículos";"Colisão transversal";"Com Vítimas Feridas";"Pleno dia";"Decrescente";"Sol";"Simples";"Reta";"Sim";2;0;1;0;1;0;1;2;-22,12634272;-43,22811953;"SPRF-RJ";"DEL05-RJ";"UOP03-DEL05-RJ"
366568;2021-06-26;"sábado";"10:05:00";"MS";163;744,2;"COXIM";"Avarias e/ou desgaste excessivo no pneu";"Tombamento";"Com Vítimas Feridas";"Pleno dia";"Crescente";"Céu Claro";"Simples";"Reta;Aclive";"Não";2;0;1;0;1;0;1;1;-18,40063993;-54,67229416;"SPRF-MS";"DEL06-MS";"UOP01-DEL06-MS"
366569;2021-06-26;"sábado";"11:40:00";"MG";40;626,9;"CONSELHEIRO LAFAIETE";"Acessar a via sem observar a presença dos outros veículos";"Colisão transversal";"Com Vítimas Feridas";"Pleno dia";"Crescente";"Céu Claro";"Simples";"Curva";"Não";2;0;1;0;1;0;1;2;-20,62801922;-43,80896769;"SPRF-MG";"DEL05-MG";"UOP02-DEL05-MG"
366572;2021-06-26;"sábado";"12:55:00";"PI";343;313;"ALTOS";"Condutor deixou de manter distância do veículo da frente";"Engavetamento";"Com Vítimas Feridas";"Pleno dia";"Crescente";"Sol";"Simples";"Aclive";"Não";4;0;1;0;3;0;1;3;-5,046057;-42,509869;"SPRF-PI";"DEL01-PI";"UOP01-DEL01-PI"
366573;2021-06-26;"sábado";"13:45:00";"PR";467;107,4;"CASCAVEL";"Velocidade Incompatível";"Tombamento";"Com Vítimas Feridas";"Pleno dia";"Decrescente";"Sol";"Dupla";"Viaduto;Rotatória;Reta;Declive";"Sim";1;0;1;0;0;0;1;1;-24,9209;-53,4764;"SPRF-PR";"DEL04-PR";"UOP01-DEL04-PR"
366576;2021-06-26;"sábado";"13:45:00";"DF";60;2;"BRASILIA";"Reação tardia ou ineficiente do condutor";"Queda de ocupante de veículo";"Com Vítimas Feridas";"Pleno dia";"Crescente";"Céu Claro";"Dupla";"Reta";"Sim";1;0;0;1;0;0;1;1;-15,887383;-48,077988;"SPRF-DF";"DEL03-DF";"UOP01-DEL03-DF"
366577;2021-06-26;"sábado";"12:15:00";"RN";110;47;"MOSSORO";"Acesso irregular";"Colisão lateral sentido oposto";"Com Vítimas Feridas";"Pleno dia";"Decrescente";"Céu Claro";"Simples";"Reta";"Sim";2;0;1;0;1;0;1;2;-5,20338376;-37,32563418;"SPRF-RN";"DEL04-RN";"UOP01-DEL04-RN"
366578;2021-06-26;"sábado";"12:09:00";"RJ";101;323;"NITEROI";"Reação tardia ou ineficiente do condutor";"Colisão traseira";"Com Vítimas Feridas";"Pleno dia";"Decrescente";"Céu Claro";"Dupla";"Reta";"Não";2;0;1;0;1;0;1;2;-22,87684786;-43,11728689;"SPRF-RJ";"DEL02-RJ";"UOP02-DEL02-RJ"
366579;2021-06-26;"sábado";"13:30:00";"PR";369;147,2;"LONDRINA";"Condutor desrespeitou a iluminação vermelha do semáforo";"Colisão transversal";"Com Vítimas Feridas";"Pleno dia";"Crescente";"Céu Claro";"Dupla";"Interseção de Vias";"Sim";5;0;1;0;4;0;1;2;-23,29306;-51,13467;"SPRF-PR";"DEL07-PR";"UOP01-DEL07-PR"
366582;2021-06-26;"sábado";"14:00:00";"SC";101;242,4;"PALHOCA";"Reação tardia ou ineficiente do condutor";"Saída de leito carroçável";"Com Vítimas Feridas";"Pleno dia";"Crescente";"Céu Claro";"Dupla";"Reta";"Não";2;0;2;0;0;0;2;1;-27,88248042;-48,64731073;"SPRF-SC";"DEL01-SC";"UOP02-DEL01-SC"
366583;2021-06-26;"sábado";"07:32:00";"SC";480;125,8;"CHAPECO";"Ingestão de álcool pelo condutor";"Colisão com objeto";"Com Vítimas Feridas";"Pleno dia";"Crescente";"Céu Claro";"Dupla";"Reta";"Sim";2;0;0;1;1;0;1;1;-27,00882521;-52,64176553;"SPRF-SC";"DEL07-SC";"UOP01-DEL07-SC"
366584;2021-06-26;"sábado";"11:15:00";"SC";280;101,2;"SAO BENTO DO SUL";"Manobra de mudança de faixa";"Colisão com objeto";"Com Vítimas Feridas";"Pleno dia";"Crescente";"Céu Claro";"Simples";"Curva";"Não";2;0;1;0;1;0;1;2;-26,3647522;-49,33526222;"SPRF-SC";"DEL06-SC";"UOP03-DEL06-SC"
366585;2021-06-26;"sábado";"13:25:00";"RO";364;17;"VILHENA";"Condutor deixou de manter distância do veículo da frente";"Colisão traseira";"Com Vítimas Feridas";"Pleno dia";"Decrescente";"Céu Claro";"Simples";"Reta";"Não";5;0;2;0;3;0;2;2;-12,73207998;-60,16589399;"SPRF-RO";"DEL04-RO";"UOP01-DEL04-RO"
366586;2021-06-26;"sábado";"12:55:00";"SC";101;275,2;"IMBITUBA";"Condutor deixou de manter distância do veículo da frente";"Colisão lateral mesmo sentido";"Com Vítimas Feridas";"Pleno dia";"Decrescente";"Céu Claro";"Dupla";"Reta";"Sim";3;0;1;0;2;0;1;3;-28,138086;-48,69218292;"SPRF-SC";"DEL02-SC";"UOP03-DEL02-SC"
366588;2021-06-26;"sábado";"13:40:00";"RJ";116;81;"TERESOPOLIS";"Condutor deixou de manter distância do veículo da frente";"Colisão lateral mesmo sentido";"Com Vítimas Feridas";"Pleno dia";"Decrescente";"Céu Claro";"Simples";"Curva";"Não";2;0;1;0;1;0;1;2;-22,39843405;-42,95507553;"SPRF-RJ";"DEL04-RJ";"UOP01-DEL04-RJ"
366591;2021-06-15;"terça-feira";"15:00:00";"PR";277;675,3;"MEDIANEIRA";"Acessar a via sem observar a presença dos outros veículos";"Colisão traseira";"Com Vítimas Feridas";"Pleno dia";"Decrescente";"Céu Claro";"Dupla";"Reta";"Não";2;0;1;0;1;0;1;2;-25,29891949;-54,12338731;"SPRF-PR";"DEL05-PR";"UOP01-DEL05-PR"
366592;2021-06-26;"sábado";"13:00:00";"MG";40;632,1;"CONSELHEIRO LAFAIETE";"Velocidade Incompatível";"Colisão transversal";"Com Vítimas Feridas";"Pleno dia";"Decrescente";"Sol";"Dupla";"Reta;Interseção de Vias;Aclive";"Sim";2;0;1;1;0;0;2;2;-20,67755145;-43,7943616;"SPRF-MG";"DEL05-MG";"UOP02-DEL05-MG"
366593;2021-06-26;"sábado";"14:25:00";"MG";116;705,5;"MURIAE";"Acessar a via sem observar a presença dos outros veículos";"Colisão transversal";"Com Vítimas Feridas";"Pleno dia";"Crescente";"Sol";"Simples";"Reta;Interseção de Vias;Aclive";"Sim";2;0;1;0;1;0;1;2;-21,13064429;-42,38640281;"SPRF-MG";"DEL07-MG";"UOP02-DEL07-MG"