"id";"data_inversa";"dia_semana";"horario";"uf";"br";"km";"municipio";"causa_acidente";"tipo_acidente";"classificacao_acidente";"fase_dia";"sentido_via";"condicao_metereologica";"tipo_pista";"tracado_via";"uso_solo";"pessoas";"mortos";"feridos_leves";"feridos_graves";"ilesos";"ignorados";"feridos";"veiculos";"latitude";"longitude";"regional";"delegacia";"uop"
366701;2021-06-26;"sábado";"22:40:00";"PR";277;314;"GUARAPUAVA";"Velocidade Incompatível";"Colisão traseira";"Com Vítimas Feridas";"Plena Noite";"Crescente";"Céu Claro";"Simples";"Reta";"Não";3;0;2;1;0;0;3;2;-25,31360701;-51,202085;"SPRF-PR";"DEL08-PR";"UOP01-DEL08-PR"
366702;2021-06-26;"sábado";"21:00:00";"SC";280;290;"PORTO UNIAO";"Demais falhas mecânicas ou elétricas";"Incêndio";"Sem Vítimas";"Plena Noite";"Crescente";"Céu Claro";"Simples";"Reta";"Não";1;0;0;0;1;0;0;1;-26,29600191;-50,92527803;"SPRF-SC";"DEL06-SC";"UOP04-DEL06-SC"
366703;2021-06-27;"domingo";"00:40:00";"AL";316;264;"SATUBA";"Chuva";"Colisão lateral sentido oposto";"Com Vítimas Feridas";"Plena Noite";"Crescente";"Chuva";"Simples";"Curva";"Não";2;0;0;1;1;0;1;2;-9,58847626;-35,8696781;"SPRF-AL";"DEL02-AL";"UOP01-DEL02-AL"
366704;2021-06-26;"sábado";"21:30:00";"SC";163;69,4;"SAO MIGUEL DO OESTE";"Desrespeitar a preferência no cruzamento";"Colisão transversal";"Com Vítimas Feridas";"Plena Noite";"Decrescente";"Céu Claro";"Dupla";"Declive";"Sim";2;0;1;0;1;0;1;2;-26,74027364;-53,5011971;"SPRF-SC";"DEL07-SC";"UOP03-DEL07-SC"
366706;2021-06-26;"sábado";"23:35:00";"SC";282;223;"LAGES";"Velocidade Incompatível";"Colisão com objeto";"Com Vítimas Feridas";"Plena Noite";"Decrescente";"Garoa/Chuvisco";"Simples";"Curva";"Não";1;0;1;0;0;0;1;1;-27,800127;-50,362751;"SPRF-SC";"DEL05-SC";"UOP01-DEL05-SC"
366709;2021-06-26;"sábado";"20:15:00";"SC";158;125,9;"CAIBI";"Ultrapassagem Indevida";"Colisão frontal";"Com Vítimas Feridas";"Plena Noite";"Decrescente";"Céu Claro";"Simples";"Curva";"Não";9;0;6;2;1;0;8;2;-26,95689224;-53,20372671;"SPRF-SC";"DEL07-SC";"UOP02-DEL07-SC"
366710;2021-06-27;"domingo";"01:59:00";"SP";116;220;"GUARULHOS";"Ausência de reação do condutor";"Capotamento";"Com Vítimas Feridas";"Plena Noite";"Crescente";"Céu Claro";"Dupla";"Reta";"Sim";2;0;2;0;0;0;2;1;-23,46472809;-46,49793962;"SPRF-SP";"DEL01-SP";"UOP01-DEL01-SP"
366711;2021-06-27;"domingo";"00:45:00";"RS";386;287,2;"SAO JOSE DO HERVAL";"Reação tardia ou ineficiente do condutor";"Colisão frontal";"Com Vítimas Fatais";"Plena Noite";"Decrescente";"Chuva";"Simples";"Reta";"Não";2;1;0;0;1;0;0;2;-29,074862;-52,278538;"SPRF-RS";"DEL04-RS";"UOP03-DEL04-RS"
366712;2021-06-27;"domingo";"02:40:00";"ES";101;135,9;"LINHARES";"Velocidade Incompatível";"Capotamento";"Com Vítimas Fatais";"Plena Noite";"Crescente";"Céu Claro";"Simples";"Reta";"Não";2;1;0;0;0;1;0;2;-19,27504305;-40,08788043;"SPRF-ES";"DEL04-ES";"UOP01-DEL04-ES"
366713;2021-06-27;"domingo";"02:00:00";"SP";116;217;"GUARULHOS";"Ausência de reação do condutor";"Colisão traseira";"Sem Vítimas";"Plena Noite";"Decrescente";"Céu Claro";"Múltipla";"Reta";"Sim";2;0;0;0;2;0;0;2;-23,45423824;-46,47119028;"SPRF-SP";"DEL01-SP";"UOP01-DEL01-SP"
366714;2021-06-27;"domingo";"02:40:00";"RJ";101;297;"ITABORAI";"Manobra de mudança de faixa";"Capotamento";"Com Vítimas Feridas";"Plena Noite";"Crescente";"Céu Claro";"Dupla";"Reta";"Sim";2;0;1;0;1;0;1;1;-22,76942037;-42,91873581;"SPRF-RJ";"DEL02-RJ";"UOP02-DEL02-RJ"
366715;2021-06-27;"domingo";"02:00:00";"PR";116;121;"CURITIBA";"Ingestão de álcool pelo condutor";"Capotamento";"Com Vítimas Feridas";"Pleno dia";"Crescente";"Nublado";"Dupla";"Reta";"Sim";1;0;1;0;0;0;1;1;-25,60171624;-49,31775302;"SPRF-PR";"DEL01-PR";"UOP03-DEL01-PR"
366717;2021-06-27;"domingo";"03:30:00";"SC";101;338;"TUBARAO";"Conversão proibida";"Colisão transversal";"Com Vítimas Fatais";"Plena Noite";"Crescente";"Nublado";"Dupla";"Reta";"Não";3;1;0;0;2;0;0;2;-28,485725;-49,03726;"SPRF-SC";"DEL02-SC";"UOP01-DEL02-SC"
366718;2021-06-27;"domingo";"02:50:00";"MT";163;814,8;"SINOP";"Reação tardia ou ineficiente do condutor";"Saída de leito carroçável";"Com Vítimas Feridas";"Plena Noite";"Crescente";"Céu Claro";"Simples";"Reta";"Não";5;0;5;0;0;0;5;1;-12,1729091;-55,52125386;"SPRF-MT";"DEL06-MT";"UOP01-DEL06-MT"
366719;2021-06-27;"domingo";"02:50:00";"RS";116;240,7;"NOVO HAMBURGO";"Velocidade Incompatível";"Saída de leito carroçável";"Com Vítimas Feridas";"Plena Noite";"Crescente";"Chuva";"Dupla";"Reta;Declive";"Sim";3;0;1;0;2;0;1;1;-29,70496497;-51,14676523;"SPRF-RS";"DEL01-RS";"UOP02-DEL01-RS"
366720;2021-06-27;"domingo";"03:50:00";"RS";470;222,2;"BENTO GONCALVES";"Reação tardia ou ineficiente do condutor";"Saída de leito carroçável";"Sem Vítimas";"Plena Noite";"Decrescente";"Chuva";"Simples";"Rotatória;Interseção de Vias";"Não";1;0;0;0;0;1;0;1;-29,22153841;-51,51619613;"SPRF-RS";"DEL06-RS";"UOP01-DEL06-RS"
366723;2021-06-18;"sexta-feira";"09:15:00";"MS";463;34,2;"PONTA PORA";"Reação tardia ou ineficiente do condutor";"Saída de leito carroçável";"Com Vítimas Feridas";"Pleno dia";"Decrescente";"Nublado";"Simples";"Reta";"Não";2;0;2;0;0;0;2;1;-22,30229762;-55,10449808;"SPRF-MS";"DEL04-MS";"UOP03-DEL04-MS"
366724;2021-06-27;"domingo";"05:00:00";"SP";116;225;"GUARULHOS";"Pedestre cruzava a pista fora da faixa";"Atropelamento de Pedestre";"Com Vítimas Feridas";"Amanhecer";"Decrescente";"Céu Claro";"Múltipla";"Reta";"Sim";3;0;0;1;2;0;1;3;-23,48586772;-46,54075317;"SPRF-SP";"DEL01-SP";"UOP01-DEL01-SP"
366726;2021-06-27;"domingo";"05:00:00";"RJ";116;189;"QUEIMADOS";"Reação tardia ou ineficiente do condutor";"Queda de ocupante de veículo";"Com Vítimas Feridas";"Amanhecer";"Decrescente";"Céu Claro";"Dupla";"Reta";"Sim";3;0;0;1;2;0;1;2;-22,7359735;-43,55049133;"SPRF-RJ";"DEL01-RJ";"UOP02-DEL01-RJ"
366727;2021-06-27;"domingo";"05:10:00";"SC";101;205,5;"SAO JOSE";"Ingestão de álcool pelo condutor";"Colisão com objeto";"Sem Vítimas";"Plena Noite";"Decrescente";"Nublado";"Dupla";"Em Obras";"Não";1;0;0;0;1;0;0;1;-27,58313237;-48,61532885;"SPRF-SC";"DEL01-SC";"UOP01-DEL01-SC"
366728;2021-06-27;"domingo";"02:00:00";"SC";470;125,1;"LONTRAS";"Ingestão de álcool pelo condutor";"Colisão lateral sentido oposto";"Com Vítimas Feridas";"Plena Noite";"Decrescente";"Nublado";"Simples";"Reta";"Sim";2;0;1;0;1;0;1;2;-27,120506;-49,534946;"SPRF-SC";"DEL04-SC";"UOP02-DEL04-SC"
366730;2021-06-18;"sexta-feira";"18:35:00";"PR";277;585;"CASCAVEL";"Condutor deixou de manter distância do veículo da frente";"Colisão traseira";"Com Vítimas Feridas";"Plena Noite";"Decrescente";"Chuva";"Simples";"Em Obras;Reta;Aclive";"Sim";2;0;1;0;1;0;1;2;-24,96400704;-53,41227401;"SPRF-PR";"DEL04-PR";"UOP01-DEL04-PR"
366731;2021-06-27;"domingo";"05:00:00";"AL";101;192;"JUNQUEIRO";"Ingestão de álcool pelo condutor";"Saída de leito carroçável";"Com Vítimas Feridas";"Amanhecer";"Crescente";"Chuva";"Simples";"Curva;Declive";"Sim";1;0;0;1;0;0;1;1;-9,93368223;-36,475811;"SPRF-AL";"DEL02-AL";"UOP02-DEL02-AL"
366732;2021-06-27;"domingo";"06:10:00";"SP";116;387;"MIRACATU";"Condutor Dormindo";"Colisão com objeto";"Com Vítimas Feridas";"Amanhecer";"Decrescente";"Nublado";"Dupla";"Reta";"Não";1;0;1;0;0;0;1;1;-24,26558971;-47,38858809;"SPRF-SP";"DEL04-SP";"UOP02-DEL04-SP"
366733;2021-06-27;"domingo";"01:30:00";"SC";101;111;"NAVEGANTES";"Velocidade Incompatível";"Saída de leito carroçável";"Sem Vítimas";"Plena Noite";"Crescente";"Céu Claro";"Dupla";"Curva";"Não";1;0;0;0;0;1;0;1;-26,83955734;-48,71418074;"SPRF-SC";"DEL04-SC";"UOP04-DEL04-SC"
366735;2021-06-27;"domingo";"07:10:00";"BA";324;607;"SIMOES FILHO";"Acumulo de areia ou detritos sobre o pavimento";"Queda de ocupante de veículo";"Com Vítimas Feridas";"Pleno dia";"Crescente";"Céu Claro";"Simples";"Curva";"Não";2;0;1;0;1;0;1;1;-12,80271203;-38,40391318;"SPRF-BA";"DEL01-BA";"UOP01-DEL01-BA"
366736;2021-06-27;"domingo";"05:40:00";"SC";101;290,4;"IMBITUBA";"Reação tardia ou ineficiente do condutor";"Colisão traseira";"Com Vítimas Feridas";"Amanhecer";"Crescente";"Céu Claro";"Dupla";"Reta";"Sim";2;0;2;0;0;0;2;2;-28,26980586;-48,70081551;"SPRF-SC";"DEL02-SC";"UOP03-DEL02-SC"
366740;2021-06-27;"domingo";"06:40:00";"BA";101;482;"ILHEUS";"Velocidade Incompatível";"Saída de leito carroçável";"Com Vítimas Feridas";"Pleno dia";"Decrescente";"Céu Claro";"Simples";"Curva";"Não";1;0;1;0;0;0;1;1;-14,76004883;-39,30561086;"SPRF-BA";"DEL05-BA";"UOP01-DEL05-BA"
366742;2021-06-27;"domingo";"03:30:00";"PR";153;459,5;"UNIAO DA VITORIA";"Ingestão de álcool pelo condutor";"Saída de leito carroçável";"Com Vítimas Feridas";"Plena Noite";"Crescente";"Nublado";"Simples";"Aclive";"Não";1;0;1;0;0;0;1;1;-26,22660282;-51,13689423;"SPRF-PR";"DEL02-PR";"UOP03-DEL02-PR"
366745;2021-06-27;"domingo";"06:50:00";"MG";116;685;"MIRADOURO";"Ausência de reação do condutor";"Colisão com objeto";"Com Vítimas Feridas";"Amanhecer";"Decrescente";"Nublado";"Simples";"Curva";"Não";2;0;1;0;0;1;1;2;-20,98224297;-42,35482631;"SPRF-MG";"DEL07-MG";"UOP02-DEL07-MG"
366746;2021-06-27;"domingo";"07:30:00";"SP";116;158;"JACAREI";"Acumulo de areia ou detritos sobre o pavimento";"Tombamento";"Com Vítimas Feridas";"Amanhecer";"Crescente";"Sol";"Simples";"Retorno Regulamentado;Curva;Declive";"Sim";1;0;1;0;0;0;1;1;-23,25893197;-45,94993114;"SPRF-SP";"DEL02-SP";"UOP01-DEL02-SP"
366747;2021-06-27;"domingo";"06:30:00";"MG";50;69;"UBERLANDIA";"Reação tardia ou ineficiente do condutor";"Colisão com objeto";"Com Vítimas Feridas";"Pleno dia";"Decrescente";"Céu Claro";"Dupla";"Viaduto;Reta";"Sim";3;0;2;0;1;0;2;2;-18,85140204;-48,25345932;"SPRF-MG";"DEL15-MG";"UOP01-DEL15-MG"
366749;2021-06-27;"domingo";"06:00:00";"MG";40;44,7;"PARACATU";"Acessar a via sem observar a presença dos outros veículos";"Colisão transversal";"Com Vítimas Feridas";"Amanhecer";"Crescente";"Céu Claro";"Simples";"Interseção de Vias";"Sim";3;0;2;0;1;0;2;2;-17,23101648;-46,85390396;"SPRF-MG";"DEL14-MG";"UOP01-DEL14-MG"
366751;2021-06-26;"sábado";"17:30:00";"CE";222;149;"IRAUCUBA";"Velocidade Incompatível";"Colisão transversal";"Sem Vítimas";"Pleno dia";"Crescente";"Céu Claro";"Simples";"Reta";"Sim";2;0;0;0;0;2;0;2;-3,7500811;-39,78191501;"SPRF-CE";"DEL04-CE";"UOP03-DEL04-CE"
366753;2021-06-27;"domingo";"04:50:00";"BA";101;370;"GANDU";"Velocidade Incompatível";"Capotamento";"Com Vítimas Feridas";"Plena Noite";"Crescente";"Nevoeiro/Neblina";"Simples";"Curva";"Não";1;0;1;0;0;0;1;1;-13,91011604;-39,48155587;"SPRF-BA";"DEL05-BA";"UOP03-DEL05-BA"
366754;2021-06-26;"sábado";"21:30:00";"GO";70;473;"ARAGARCAS";"Ausência de reação do condutor";"Colisão lateral mesmo sentido";"Com Vítimas Feridas";"Plena Noite";"Crescente";"Céu Claro";"Dupla";"Reta";"Sim";2;0;2;0;0;0;2;2;-15,89662163;-52,24140644;"SPRF-GO";"DEL04-GO";"UOP01-DEL04-GO"
366755;2021-06-26;"sábado";"18:20:00";"PR";163;33,4;"SANTO ANTONIO DO SUDOESTE";"Velocidade Incompatível";"Colisão traseira";"Com Vítimas Feridas";"Plena Noite";"Decrescente";"Nublado";"Simples";"Declive;Reta";"Não";4;0;1;1;0;2;2;3;-26,079011;-53,717735;"SPRF-PR";"DEL02-PR";"UOP02-DEL02-PR"
366757;2021-06-27;"domingo";"03:00:00";"MG";459;22,5;"CALDAS";"Condutor Dormindo";"Saída de leito carroçável";"Com Vítimas Feridas";"Plena Noite";"Decrescente";"Céu Claro";"Simples";"Curva";"Não";1;0;1;0;0;0;1;1;-21,869846;-46,401051;"SPRF-MG";"DEL09-MG";"UOP01-DEL09-MG"
366758;2021-06-27;"domingo";"07:40:00";"CE";222;5,3;"CAUCAIA";"Reação tardia ou ineficiente do condutor";"Colisão transversal";"Sem Vítimas";"Pleno dia";"Decrescente";"Céu Claro";"Dupla";"Reta";"Sim";2;0;0;0;1;1;0;2;-3,74296918;-38,61330997;"SPRF-CE";"DEL01-CE";"UOP01-DEL01-CE"
366760;2021-06-27;"domingo";"07:30:00";"MG";40;545,6;"NOVA LIMA";"Ingestão de álcool pelo condutor";"Colisão com objeto";"Com Vítimas Feridas";"Pleno dia";"Crescente";"Céu Claro";"Dupla";"Reta";"Não";7;0;0;1;6;0;1;1;-20,00670404;-43,96418668;"SPRF-MG";"DEL01-MG";"UOP02-DEL01-MG"
366761;2021-06-27;"domingo";"07:30:00";"MT";163;95;"RONDONOPOLIS";"Pista Escorregadia";"Queda de ocupante de veículo";"Com Vítimas Feridas";"Pleno dia";"Decrescente";"Céu Claro";"Dupla";"Reta";"Não";1;0;1;0;0;0;1;1;-16,70045809;-54,66027317;"SPRF-MT";"DEL02-MT";"UOP01-DEL02-MT"
366762;2021-05-01;"sábado";"17:45:00";"MG";365;603;"UBERLANDIA";"Ausência de reação do condutor";"Saída de leito carroçável";"Com Vítimas Feridas";"Anoitecer";"Crescente";"Céu Claro";"Simples";"Rotatória";"Não";2;0;1;0;1;0;1;1;-18,89734796;-48,15671403;"SPRF-MG";"DEL15-MG";"UOP01-DEL15-MG"
366763;2021-05-10;"segunda-feira";"22:30:00";"ES";262;5,3;"CARIACICA";"Condutor desrespeitou a iluminação vermelha do semáforo";"Colisão transversal";"Com Vítimas Feridas";"Plena Noite";"Decrescente";"Céu Claro";"Múltipla";"Reta";"Sim";2;0;1;0;1;0;1;2;-20,33707281;-40,38649924;"SPRF-ES";"DEL01-ES";"UOP01-DEL01-ES"
366764;2021-06-27;"domingo";"08:30:00";"RJ";101;169;"MACAE";"Acesso irregular";"Colisão lateral sentido oposto";"Com Vítimas Feridas";"Pleno dia";"Crescente";"Nublado";"Simples";"Interseção de Vias";"Não";2;0;0;1;1;0;1;2;-22,35125958;-41,9221205;"SPRF-RJ";"DEL08-RJ";"UOP04-DEL08-RJ"
366765;2021-06-27;"domingo";"08:09:00";"SP";0;0;"EMBU DAS ARTES";"Reação tardia ou ineficiente do condutor";"Colisão com objeto";"Sem Vítimas";"Pleno dia";"Não Informado";"Céu Claro";"Simples";"Reta";"Sim";2;0;0;0;2;0;0;1;-23,65651401;-46,85200095;"SPRF-SP";"DEL04-SP";"N/A"
366766;2021-06-19;"sábado";"07:40:00";"PR";476;115;"COLOMBO";"Acessar a via sem observar a presença dos outros veículos";"Colisão transversal";"Com Vítimas Feridas";"Pleno dia";"Crescente";"Ignorado";"Simples";"Interseção de Vias";"Sim";2;0;1;0;1;0;1;2;-25,34835229;-49,16223787;"SPRF-PR";"DEL01-PR";"UOP02-DEL01-PR"
366767;2021-06-27;"domingo";"07:45:00";"RS";290;126,6;"ELDORADO DO SUL";"Ingestão de álcool pelo condutor";"Saída de leito carroçável";"Com Vítimas Feridas";"Pleno dia";"Decrescente";"Céu Claro";"Simples";"Reta";"Não";1;0;1;0;0;0;1;1;-30,055727;-51,46933;"SPRF-RS";"DEL02-RS";"UOP01-DEL02-RS"
366768;2021-06-27;"domingo";"08:30:00";"PB";230;147,2;"CAMPINA GRANDE";"Acumulo de areia ou detritos sobre o pavimento";"Queda de ocupante de veículo";"Com Vítimas Feridas";"Pleno dia";"Decrescente";"Céu Claro";"Dupla";"Reta";"Sim";2;0;2;0;0;0;2;2;-7,2425;-35,8567;"SPRF-PB";"DEL02-PB";"UOP01-DEL02-PB"
366770;2021-06-27;"domingo";"07:50:00";"SC";163;121;"DIONISIO CERQUEIRA";"Ausência de reação do condutor";"Saída de leito carroçável";"Sem Vítimas";"Pleno dia";"Crescente";"Chuva";"Simples";"Reta";"Não";1;0;0;0;0;1;0;1;-26,320844;-53,550503;"SPRF-SC";"DEL07-SC";"UOP03-DEL07-SC"
366774;2021-06-27;"domingo";"09:15:00";"MG";381;537,3;"ITATIAIUCU";"Velocidade Incompatível";"Colisão traseira";"Com Vítimas Feridas";"Pleno dia";"Crescente";"Céu Claro";"Dupla";"Reta";"Não";2;0;0;1;1;0;1;2;-20,23206636;-44,39955388;"SPRF-MG";"DEL04-MG";"UOP03-DEL04-MG"
366776;2021-06-16;"quarta-feira";"04:38:00";"SC";280;57,5;"GUARAMIRIM";"Manobra de mudança de faixa";"Queda de ocupante de veículo";"Com Vítimas Feridas";"Plena Noite";"Decrescente";"Céu Claro";"Dupla";"Rotatória";"Sim";1;0;0;1;0;0;1;1;-26,4742051;-49,02024508;"SPRF-SC";"DEL03-SC";"UOP03-DEL03-SC"
366779;2021-06-27;"domingo";"10:45:00";"PR";277;123;"CAMPO LARGO";"Reação tardia ou ineficiente do condutor";"Colisão lateral mesmo sentido";"Sem Vítimas";"Pleno dia";"Decrescente";"Céu Claro";"Dupla";"Reta";"Sim";2;0;0;0;2;0;0;2;-25,47179876;-49,66642326;"SPRF-PR";"DEL01-PR";"UOP03-DEL03-PR"
366780;2021-06-27;"domingo";"10:30:00";"SC";163;68,9;"SAO MIGUEL DO OESTE";"Reação tardia ou ineficiente do condutor";"Colisão com objeto";"Com Vítimas Feridas";"Pleno dia";"Crescente";"Chuva";"Dupla";"Reta;Declive";"Sim";1;0;1;0;0;0;1;1;-26,74287018;-53,5010505;"SPRF-SC";"DEL07-SC";"UOP03-DEL07-SC"
366781;2021-06-27;"domingo";"10:35:00";"RS";392;73;"PELOTAS";"Transitar na contramão";"Colisão frontal";"Com Vítimas Feridas";"Pleno dia";"Crescente";"Céu Claro";"Simples";"Reta";"Não";2;0;0;1;1;0;1;2;-31,71342679;-52,39537975;"SPRF-RS";"DEL07-RS";"UOP01-DEL07-RS"
366782;2021-06-27;"domingo";"10:35:00";"MS";163;595;"SAO GABRIEL DO OESTE";"Reação tardia ou ineficiente do condutor";"Saída de leito carroçável";"Com Vítimas Feridas";"Pleno dia";"Crescente";"Sol";"Dupla";"Reta";"Não";1;0;1;0;0;0;1;1;-19,53793591;-54,44797094;"SPRF-MS";"DEL06-MS";"UOP02-DEL06-MS"
366785;2021-06-27;"domingo";"11:00:00";"SP";116;2;"GUARULHOS";"Manobra de mudança de faixa";"Colisão transversal";"Com Vítimas Feridas";"Pleno dia";"Crescente";"Sol";"Dupla";"Reta";"Sim";2;0;1;0;1;0;1;2;-23,43394099;-46,49340551;"SPRF-SP";"DEL04-SP";"UOP02-DEL04-SP"
366786;2021-06-27;"domingo";"08:00:00";"PI";343;429,5;"LAGOINHA DO PIAUI";"Acumulo de areia ou detritos sobre o pavimento";"Saída de leito carroçável";"Com Vítimas Feridas";"Pleno dia";"Crescente";"Sol";"Simples";"Interseção de Vias";"Não";1;0;0;1;0;0;1;1;-5,76487935;-42,61121849;"SPRF-PI";"DEL01-PI";"UOP02-DEL01-PI"
366788;2021-06-27;"domingo";"07:30:00";"SC";101;376;"ICARA";"Chuva";"Saída de leito carroçável";"Com Vítimas Feridas";"Pleno dia";"Crescente";"Nublado";"Dupla";"Curva";"Não";5;0;2;3;0;0;5;1;-28,72736111;-49,24066084;"SPRF-SC";"DEL02-SC";"UOP01-DEL02-SC"
366789;2021-06-27;"domingo";"11:10:00";"RS";158;518,5;"SANTANA DO LIVRAMENTO";"Manobra de mudança de faixa";"Capotamento";"Com Vítimas Feridas";"Pleno dia";"Crescente";"Nublado";"Simples";"Reta;Declive";"Não";2;0;2;0;0;0;2;1;-30,6858323;-55,1294788;"SPRF-RS";"DEL11-RS";"UOP01-DEL11-RS"
366790;2021-06-19;"sábado";"21:30:00";"SP";116;145;"SAO JOSE DOS CAMPOS";"Ausência de reação do condutor";"Saída de leito carroçável";"Com Vítimas Feridas";"Plena Noite";"Crescente";"Garoa/Chuvisco";"Dupla";"Reta";"Não";2;0;1;0;1;0;1;1;-23,1869844;-45,8548078;"SPRF-SP";"DEL02-SP";"UOP01-DEL02-SP"
366791;2021-06-27;"domingo";"11:35:00";"PR";369;150;"LONDRINA";"Animais na Pista";"Atropelamento de Animal";"Com Vítimas Feridas";"Pleno dia";"Decrescente";"Céu Claro";"Dupla";"Reta;Interseção de Vias;Declive";"Sim";1;0;0;1;0;0;1;1;-23,29310762;-51,16456456;"SPRF-PR";"DEL07-PR";"UOP01-DEL07-PR"
366792;2021-06-27;"domingo";"11:10:00";"MG";50;6,5;"ARAGUARI";"Ingestão de álcool pelo condutor";"Saída de leito carroçável";"Sem Vítimas";"Pleno dia";"Crescente";"Sol";"Dupla";"Em Obras;Reta";"Não";1;0;0;0;1;0;0;1;-18,47678021;-48,04961801;"SPRF-MG";"DEL15-MG";"UOP02-DEL15-MG"
366793;2021-06-27;"domingo";"12:30:00";"DF";60;4;"BRASILIA";"Acessar a via sem observar a presença dos outros veículos";"Queda de ocupante de veículo";"Com Vítimas Feridas";"Pleno dia";"Crescente";"Céu Claro";"Dupla";"Reta";"Sim";3;0;1;0;2;0;1;2;-15,892721;-48,095741;"SPRF-DF";"DEL03-DF";"UOP01-DEL03-DF"
366794;2021-06-27;"domingo";"13:00:00";"DF";60;0,7;"BRASILIA";"Manobra de mudança de faixa";"Colisão traseira";"Com Vítimas Feridas";"Pleno dia";"Decrescente";"Céu Claro";"Dupla";"Reta";"Sim";2;0;1;0;1;0;1;2;-15,882499;-48,060212;"SPRF-DF";"DEL03-DF";"UOP01-DEL03-DF"
366798;2021-06-27;"domingo";"09:00:00";"AM";230;502;"HUMAITA";"Acumulo de areia ou detritos sobre o pavimento";"Saída de leito carroçável";"Com Vítimas Feridas";"Pleno dia";"Decrescente";"Céu Claro";"Simples";"Reta";"Não";1;0;1;0;0;0;1;1;-7,89672015;-62,17640311;"SPRF-AM";"DEL01-AM";"UOP05-DEL01-AM"
366799;2021-06-27;"domingo";"13:50:00";"MG";50;62,8;"UBERLANDIA";"Ausência de reação do condutor";"Saída de leito carroçável";"Com Vítimas Feridas";"Pleno dia";"Decrescente";"Céu Claro";"Dupla";"Curva";"Não";1;0;0;1;0;0;1;1;-18,82501599;-48,24975071;"SPRF-MG";"DEL15-MG";"UOP02-DEL15-MG"
366800;2021-06-27;"domingo";"13:25:00";"RS";386;416,7;"MONTENEGRO";"Manobra de mudança de faixa";"Colisão lateral mesmo sentido";"Com Vítimas Feridas";"Pleno dia";"Crescente";"Nublado";"Simples";"Curva;Declive";"Sim";4;0;1;0;3;0;1;2;-29,817648;-51,463001;"SPRF-RS";"DEL04-RS";"UOP02-DEL04-RS"
366801;2021-06-27;"domingo";"14:00:00";"GO";40;5;"VALPARAISO DE GOIAS";"Acessar a via sem observar a presença dos outros veículos";"Colisão lateral mesmo sentido";"Com Vítimas Feridas";"Pleno dia";"Decrescente";"Céu Claro";"Dupla";"Reta";"Sim";2;0;1;0;1;0;1;2;-16,093134;-47,982236;"SPRF-DF";"DEL01-DF";"UOP01-DEL01-DF"
366803;2021-06-27;"domingo";"12:00:00";"SC";116;127,3;"SANTA CECILIA";"Acessar a via sem observar a presença dos outros veículos";"Colisão transversal";"Com Vítimas Feridas";"Pleno dia";"Decrescente";"Nublado";"Simples";"Interseção de Vias";"Não";3;0;3;0;0;0;3;2;-26,87270031;-50,41550285;"SPRF-SC";"DEL06-SC";"UOP02-DEL06-SC"
366804;2021-06-27;"domingo";"10:00:00";"GO";153;116,1;"ESTRELA DO NORTE";"Falta de elemento de contenção que evite a saída do leito carroçável";"Saída de leito carroçável";"Com Vítimas Feridas";"Pleno dia";"Crescente";"Céu Claro";"Simples";"Reta";"Não";1;0;1;0;0;0;1;1;-13,78845;-49,03426;"SPRF-GO";"DEL07-GO";"UOP01-DEL07-GO"
366805;2021-06-27;"domingo";"15:00:00";"CE";20;296,1;"CANINDE";"Ingestão de álcool pelo condutor";"Saída de leito carroçável";"Com Vítimas Fatais";"Pleno dia";"Crescente";"Céu Claro";"Simples";"Reta";"Não";2;1;0;0;0;1;0;2;-4,44744398;-39,33936102;"SPRF-CE";"DEL02-CE";"UOP01-DEL02-CE"
366806;2021-06-27;"domingo";"13:30:00";"MG";40;180;"JOAO PINHEIRO";"Velocidade Incompatível";"Saída de leito carroçável";"Com Vítimas Feridas";"Pleno dia";"Decrescente";"Céu Claro";"Simples";"Declive;Reta";"Não";1;0;1;0;0;0;1;1;-17,9694458;-45,98046692;"SPRF-MG";"DEL14-MG";"UOP02-DEL14-MG"
366807;2021-06-27;"domingo";"14:45:00";"PE";101;41;"IGARASSU";"Chuva";"Colisão traseira";"Com Vítimas Feridas";"Pleno dia";"Crescente";"Chuva";"Simples";"Interseção de Vias";"Sim";2;0;1;0;0;1;1;2;-7,83038346;-34,91426785;"SPRF-PE";"DEL01-PE";"UOP02-DEL01-PE"
366808;2021-06-27;"domingo";"10:50:00";"SC";282;209;"LAGES";"Frear bruscamente";"Saída de leito carroçável";"Com Vítimas Feridas";"Pleno dia";"Crescente";"Céu Claro";"Simples";"Aclive;Reta";"Não";5;0;2;0;3;0;2;1;-27,776926;-50,221893;"SPRF-SC";"DEL05-SC";"UOP01-DEL05-SC"
366809;2021-06-27;"domingo";"15:00:00";"CE";116;3;"FORTALEZA";"Pista Escorregadia";"Tombamento";"Com Vítimas Feridas";"Pleno dia";"Decrescente";"Céu Claro";"Dupla";"Viaduto";"Sim";2;0;1;1;0;0;2;1;-3,77866493;-38,51490171;"SPRF-CE";"DEL01-CE";"UOP02-DEL01-CE"
366810;2021-06-27;"domingo";"14:40:00";"PA";163;999;"SANTAREM";"Pedestre cruzava a pista fora da faixa";"Atropelamento de Pedestre";"Com Vítimas Feridas";"Pleno dia";"Crescente";"Sol";"Simples";"Reta";"Sim";2;0;2;0;0;0;2;2;-2,48200297;-54,73142511;"SPRF-PA";"DEL05-PA";"UOP01-DEL05-PA"