"id";"data_inversa";"dia_semana";"horario";"uf";"br";"km";"municipio";"causa_acidente";"tipo_acidente";"classificacao_acidente";"fase_dia";"sentido_via";"condicao_metereologica";"tipo_pista";"tracado_via";"uso_solo";"pessoas";"mortos";"feridos_leves";"feridos_graves";"ilesos";"ignorados";"feridos";"veiculos";"latitude";"longitude";"regional";"delegacia";"uop"
367184;2021-06-29;"terça-feira";"10:35:00";"PE";408;74,3;"PAUDALHO";"Entrada inopinada do pedestre";"Atropelamento de Pedestre";"Com Vítimas Feridas";"Pleno dia";"Decrescente";"Céu Claro";"Múltipla";"Reta";"Sim";2;0;2;0;0;0;2;2;-7,899888;-35,173244;"SPRF-PE";"DEL01-PE";"UOP01-DEL01-PE"
367186;2021-06-29;"terça-feira";"10:00:00";"SP";116;307,3;"SAO LOURENCO DA SERRA";"Ausência de reação do condutor";"Saída de leito carroçável";"Com Vítimas Feridas";"Pleno dia";"Decrescente";"Garoa/Chuvisco";"Dupla";"Curva";"Sim";1;0;1;0;0;0;1;1;-23,85630016;-46,94096988;"SPRF-SP";"DEL04-SP";"UOP01-DEL04-SP"
367187;2021-06-29;"terça-feira";"10:20:00";"BA";116;416;"FEIRA DE SANTANA";"Pedestre cruzava a pista fora da faixa";"Atropelamento de Pedestre";"Com Vítimas Feridas";"Pleno dia";"Crescente";"Céu Claro";"Simples";"Reta";"Não";2;0;0;1;1;0;1;2;-12,168362;-38,964993;"SPRF-BA";"DEL02-BA";"UOP01-DEL02-BA"
367188;2021-06-29;"terça-feira";"07:20:00";"PR";0;0;"FOZ DO IGUACU";"Neblina";"Colisão com objeto";"Sem Vítimas";"Amanhecer";"Não Informado";"Nevoeiro/Neblina";"Simples";"Curva";"Sim";1;0;0;0;1;0;0;1;-25,50982809;-54,59753461;"SPRF-PR";"DEL05-PR";"UOP03-DEL05-PR"
367191;2021-06-29;"terça-feira";"08:45:00";"SP";116;390;"MIRACATU";"Obstrução na via";"Colisão lateral mesmo sentido";"Sem Vítimas";"Pleno dia";"Decrescente";"Nublado";"Dupla";"Reta";"Não";2;0;0;0;2;0;0;2;-24,27643929;-47,41504088;"SPRF-SP";"DEL04-SP";"UOP02-DEL04-SP"
367192;2021-06-29;"terça-feira";"10:35:00";"SC";101;434,2;"SOMBRIO";"Desrespeitar a preferência no cruzamento";"Colisão transversal";"Com Vítimas Feridas";"Pleno dia";"Decrescente";"Sol";"Simples";"Interseção de Vias";"Sim";2;0;1;0;1;0;1;2;-29,09075196;-49,63226114;"SPRF-SC";"DEL02-SC";"UOP02-DEL02-SC"
367193;2021-06-29;"terça-feira";"11:25:00";"RS";116;149;"CAXIAS DO SUL";"Frear bruscamente";"Colisão traseira";"Com Vítimas Feridas";"Pleno dia";"Crescente";"Nublado";"Múltipla";"Declive;Reta";"Sim";2;0;1;0;1;0;1;2;-29,15996905;-51,15645292;"SPRF-RS";"DEL05-RS";"UOP01-DEL05-RS"
367194;2021-06-29;"terça-feira";"10:25:00";"PE";101;70;"RECIFE";"Mal súbito do condutor";"Colisão com objeto";"Com Vítimas Feridas";"Pleno dia";"Decrescente";"Céu Claro";"Dupla";"Reta";"Sim";1;0;1;0;0;0;1;1;-8,06776119;-34,94265074;"SPRF-PE";"DEL01-PE";"UOP01-DEL01-PE"
367195;2021-06-29;"terça-feira";"11:15:00";"GO";40;65,3;"CRISTALINA";"Acesso irregular";"Colisão lateral mesmo sentido";"Com Vítimas Feridas";"Pleno dia";"Decrescente";"Céu Claro";"Simples";"Curva";"Não";2;0;1;0;1;0;1;2;-16,564254;-47,791422;"SPRF-DF";"DEL01-DF";"UOP02-DEL01-DF"
367199;2021-05-20;"quinta-feira";"16:00:00";"PR";277;584,2;"CASCAVEL";"Condutor deixou de manter distância do veículo da frente";"Colisão traseira";"Com Vítimas Feridas";"Pleno dia";"Crescente";"Céu Claro";"Dupla";"Reta";"Não";16;0;11;0;5;0;11;4;-24,96684176;-53,40258186;"SPRF-PR";"DEL04-PR";"UOP01-DEL04-PR"
367201;2021-06-29;"terça-feira";"11:15:00";"PR";116;17;"CURITIBA";"Reação tardia ou ineficiente do condutor";"Tombamento";"Com Vítimas Feridas";"Pleno dia";"Decrescente";"Céu Claro";"Dupla";"Reta";"Sim";1;0;1;0;0;0;1;1;-25,389;-49,1867;"SPRF-PR";"DEL01-PR";"UOP02-DEL01-PR"
367202;2021-06-29;"terça-feira";"11:30:00";"MG";381;671,2;"PERDOES";"Condutor Dormindo";"Saída de leito carroçável";"Com Vítimas Feridas";"Pleno dia";"Crescente";"Céu Claro";"Dupla";"Reta;Declive";"Não";2;0;2;0;0;0;2;1;-21,08945416;-45,06864195;"SPRF-MG";"DEL04-MG";"UOP02-DEL04-MG"
367203;2021-06-29;"terça-feira";"12:05:00";"RO";364;237,8;"CACOAL";"Condutor deixou de manter distância do veículo da frente";"Colisão traseira";"Com Vítimas Feridas";"Pleno dia";"Crescente";"Céu Claro";"Simples";"Reta";"Sim";2;0;1;0;1;0;1;2;-11,44341056;-61,44672787;"SPRF-RO";"DEL02-RO";"UOP02-DEL02-RO"
367204;2021-06-29;"terça-feira";"12:15:00";"MG";153;22;"CENTRALINA";"Condutor Dormindo";"Saída de leito carroçável";"Com Vítimas Feridas";"Pleno dia";"Decrescente";"Céu Claro";"Dupla";"Reta";"Não";4;0;3;1;0;0;4;1;-18,61511099;-49,19148491;"SPRF-MG";"DEL15-MG";"UOP03-DEL15-MG"
367205;2021-06-29;"terça-feira";"13:00:00";"GO";153;556,5;"PROFESSOR JAMIL";"Reação tardia ou ineficiente do condutor";"Colisão traseira";"Com Vítimas Feridas";"Pleno dia";"Decrescente";"Sol";"Dupla";"Reta;Aclive";"Não";1;0;1;0;0;0;1;1;-17,1923;-49,2091;"SPRF-GO";"DEL03-GO";"UOP01-DEL03-GO"
367207;2021-06-29;"terça-feira";"10:50:00";"MG";40;560,5;"NOVA LIMA";"Ausência de reação do condutor";"Queda de ocupante de veículo";"Com Vítimas Feridas";"Pleno dia";"Crescente";"Céu Claro";"Dupla";"Reta";"Sim";3;0;1;0;2;0;1;3;-20,13675791;-43,96227479;"SPRF-MG";"DEL01-MG";"UOP02-DEL01-MG"
367212;2021-05-23;"domingo";"16:50:00";"RN";101;78,9;"SAO GONCALO DO AMARANTE";"Ingestão de álcool pelo condutor";"Colisão lateral mesmo sentido";"Com Vítimas Feridas";"Pleno dia";"Crescente";"Céu Claro";"Dupla";"Reta";"Sim";3;0;3;0;0;0;3;2;-5,74071896;-35,29021064;"SPRF-RN";"DEL02-RN";"UOP01-DEL02-RN"
367217;2021-06-29;"terça-feira";"13:17:00";"SC";101;25,1;"JOINVILLE";"Desrespeitar a preferência no cruzamento";"Colisão transversal";"Com Vítimas Feridas";"Pleno dia";"Decrescente";"Céu Claro";"Dupla";"Interseção de Vias";"Sim";2;0;1;0;1;0;1;2;-26,18464277;-48,91078949;"SPRF-SC";"DEL03-SC";"UOP01-DEL03-SC"
367218;2021-06-29;"terça-feira";"13:30:00";"MG";381;871,6;"POUSO ALEGRE";"Velocidade Incompatível";"Tombamento";"Com Vítimas Feridas";"Pleno dia";"Decrescente";"Céu Claro";"Dupla";"Reta";"Não";2;0;2;0;0;0;2;1;-22,40135763;-45,96149683;"SPRF-MG";"DEL16-MG";"UOP01-DEL16-MG"
367220;2021-06-29;"terça-feira";"13:20:00";"MT";174;490;"COMODORO";"Reação tardia ou ineficiente do condutor";"Saída de leito carroçável";"Com Vítimas Feridas";"Pleno dia";"Decrescente";"Céu Claro";"Simples";"Reta";"Não";1;0;1;0;0;0;1;1;-13,62108199;-59,80159676;"SPRF-MT";"DEL04-MT";"UOP01-DEL04-MT"
367221;2021-06-29;"terça-feira";"13:50:00";"DF";20;8,7;"BRASILIA";"Acessar a via sem observar a presença dos outros veículos";"Colisão transversal";"Sem Vítimas";"Pleno dia";"Crescente";"Sol";"Dupla";"Reta;Aclive;Retorno Regulamentado";"Sim";2;0;0;0;2;0;0;2;-15,658386;-47,791534;"SPRF-DF";"DEL02-DF";"UOP01-DEL02-DF"
367222;2021-06-29;"terça-feira";"13:45:00";"GO";153;518,6;"HIDROLANDIA";"Reação tardia ou ineficiente do condutor";"Saída de leito carroçável";"Com Vítimas Feridas";"Pleno dia";"Crescente";"Sol";"Dupla";"Aclive";"Sim";2;0;1;1;0;0;2;1;-16,867;-49,2505;"SPRF-GO";"DEL01-GO";"UOP03-DEL01-GO"
367223;2021-06-29;"terça-feira";"13:00:00";"MS";163;141;"NAVIRAI";"Demais falhas mecânicas ou elétricas";"Incêndio";"Sem Vítimas";"Pleno dia";"Decrescente";"Céu Claro";"Simples";"Reta";"Não";1;0;0;0;1;0;0;1;-23,00435114;-54,35701703;"SPRF-MS";"DEL09-MS";"UOP01-DEL09-MS"
367224;2021-06-29;"terça-feira";"13:30:00";"ES";262;4,8;"CARIACICA";"Trafegar com motocicleta (ou similar) entre as faixas";"Colisão lateral mesmo sentido";"Com Vítimas Feridas";"Pleno dia";"Crescente";"Sol";"Múltipla";"Reta";"Sim";4;0;2;0;2;0;2;4;-20,33609327;-40,37812784;"SPRF-ES";"DEL01-ES";"UOP01-DEL01-ES"
367225;2021-06-29;"terça-feira";"13:25:00";"RO";364;238;"CACOAL";"Acessar a via sem observar a presença dos outros veículos";"Colisão transversal";"Com Vítimas Feridas";"Pleno dia";"Decrescente";"Céu Claro";"Simples";"Retorno Regulamentado";"Sim";2;0;1;0;1;0;1;2;-11,43805461;-61,45613015;"SPRF-RO";"DEL02-RO";"UOP02-DEL02-RO"
367226;2021-06-29;"terça-feira";"14:00:00";"PE";232;5,1;"RECIFE";"Ausência de reação do condutor";"Saída de leito carroçável";"Com Vítimas Feridas";"Pleno dia";"Crescente";"Sol";"Simples";"Curva";"Não";2;0;1;0;1;0;1;1;-8,06769597;-34,94598627;"SPRF-PE";"DEL01-PE";"UOP01-DEL01-PE"
367228;2021-06-29;"terça-feira";"14:20:00";"MG";381;386;"SAO GONCALO DO RIO ABAIXO";"Ultrapassagem Indevida";"Saída de leito carroçável";"Com Vítimas Feridas";"Pleno dia";"Decrescente";"Céu Claro";"Simples";"Reta";"Não";3;0;2;0;1;0;2;1;-19,79738383;-43,41740299;"SPRF-MG";"DEL01-MG";"UOP01-DEL01-MG"
367231;2021-06-29;"terça-feira";"14:45:00";"RJ";101;66;"CAMPOS DOS GOYTACAZES";"Acessar a via sem observar a presença dos outros veículos";"Colisão frontal";"Com Vítimas Feridas";"Pleno dia";"Crescente";"Céu Claro";"Simples";"Reta";"Sim";2;0;1;0;1;0;1;2;-21,76090387;-41,34788959;"SPRF-RJ";"DEL08-RJ";"UOP02-DEL08-RJ"
367234;2021-06-29;"terça-feira";"16:40:00";"MT";364;295;"JACIARA";"Manobra de mudança de faixa";"Colisão lateral mesmo sentido";"Com Vítimas Feridas";"Pleno dia";"Decrescente";"Céu Claro";"Dupla";"Reta";"Não";5;0;1;0;4;0;1;2;-15,87116802;-55,12035603;"SPRF-MT";"DEL05-MT";"UOP02-DEL05-MT"
367235;2021-06-29;"terça-feira";"15:50:00";"SC";101;336;"TUBARAO";"Velocidade Incompatível";"Queda de ocupante de veículo";"Com Vítimas Feridas";"Pleno dia";"Decrescente";"Céu Claro";"Simples";"Curva;Viaduto;Aclive;Interseção de Vias;Retorno Regulamentado";"Sim";1;0;0;1;0;0;1;1;-28,47311347;-49,02437375;"SPRF-SC";"DEL02-SC";"UOP01-DEL02-SC"
367236;2021-06-29;"terça-feira";"17:00:00";"GO";40;12;"LUZIANIA";"Velocidade Incompatível";"Atropelamento de Pedestre";"Com Vítimas Feridas";"Pleno dia";"Decrescente";"Céu Claro";"Dupla";"Reta";"Sim";3;0;0;2;1;0;2;3;-16,145123;-47,945382;"SPRF-DF";"DEL01-DF";"UOP01-DEL01-DF"
367238;2021-06-29;"terça-feira";"17:15:00";"CE";116;4;"FORTALEZA";"Área urbana sem a presença de local apropriado para a travessia de pedestres";"Atropelamento de Pedestre";"Com Vítimas Feridas";"Anoitecer";"Crescente";"Céu Claro";"Dupla";"Reta";"Sim";2;0;0;1;0;1;1;2;-3,7749401;-38,5163793;"SPRF-CE";"DEL01-CE";"UOP02-DEL01-CE"
367239;2021-06-29;"terça-feira";"17:30:00";"SC";101;201,7;"SAO JOSE";"Condutor deixou de manter distância do veículo da frente";"Colisão lateral mesmo sentido";"Com Vítimas Feridas";"Anoitecer";"Decrescente";"Céu Claro";"Múltipla";"Reta";"Sim";2;0;0;1;0;1;1;2;-27,54836599;-48,61977975;"SPRF-SC";"DEL01-SC";"UOP01-DEL01-SC"
367242;2021-06-29;"terça-feira";"13:45:00";"PB";104;130;"CAMPINA GRANDE";"Ultrapassagem Indevida";"Colisão frontal";"Com Vítimas Feridas";"Pleno dia";"Decrescente";"Céu Claro";"Dupla";"Reta";"Sim";3;0;2;0;1;0;2;3;-7,29013399;-35,89029705;"SPRF-PB";"DEL02-PB";"UOP03-DEL02-PB"
367243;2021-06-29;"terça-feira";"17:45:00";"SC";101;194;"BIGUACU";"Acessar a via sem observar a presença dos outros veículos";"Colisão transversal";"Com Vítimas Feridas";"Plena Noite";"Decrescente";"Céu Claro";"Dupla";"Interseção de Vias";"Sim";2;0;1;0;1;0;1;2;-27,49815117;-48,65661236;"SPRF-SC";"DEL01-SC";"UOP01-DEL01-SC"
367244;2021-06-29;"terça-feira";"18:15:00";"MG";381;504;"BETIM";"Acessar a via sem observar a presença dos outros veículos";"Colisão traseira";"Com Vítimas Feridas";"Plena Noite";"Crescente";"Céu Claro";"Dupla";"Reta";"Sim";2;0;0;1;1;0;1;2;-20,04164508;-44,26386697;"SPRF-MG";"DEL01-MG";"UOP03-DEL01-MG"
367245;2021-06-29;"terça-feira";"18:15:00";"RN";427;99,9;"CAICO";"Acessar a via sem observar a presença dos outros veículos";"Colisão transversal";"Com Vítimas Feridas";"Plena Noite";"Crescente";"Céu Claro";"Simples";"Reta";"Sim";2;0;1;0;1;0;1;2;-6,45929918;-37,09847983;"SPRF-RN";"DEL03-RN";"UOP01-DEL03-RN"
367246;2021-05-01;"sábado";"03:30:00";"MT";364;133,2;"PEDRA PRETA";"Avarias e/ou desgaste excessivo no pneu";"Capotamento";"Com Vítimas Feridas";"Plena Noite";"Crescente";"Céu Claro";"Simples";"Curva";"Não";2;0;2;0;0;0;2;1;-16,82757525;-54,04924505;"SPRF-MT";"DEL02-MT";"UOP01-DEL02-MT"
367248;2021-06-29;"terça-feira";"18:10:00";"CE";116;2;"FORTALEZA";"Ausência de reação do condutor";"Colisão traseira";"Com Vítimas Feridas";"Plena Noite";"Crescente";"Céu Claro";"Múltipla";"Reta";"Sim";2;0;1;0;1;0;1;2;-3,77019802;-38,51724508;"SPRF-CE";"DEL01-CE";"UOP02-DEL01-CE"
367251;2021-06-29;"terça-feira";"17:50:00";"BA";101;506;"ITABUNA";"Área urbana sem a presença de local apropriado para a travessia de pedestres";"Atropelamento de Pedestre";"Com Vítimas Feridas";"Anoitecer";"Decrescente";"Céu Claro";"Simples";"Reta";"Sim";3;0;2;1;0;0;3;2;-14,957696;-39,306865;"SPRF-BA";"DEL05-BA";"UOP01-DEL05-BA"
367254;2021-06-29;"terça-feira";"18:50:00";"ES";101;270,4;"SERRA";"Ingestão de álcool e/ou substâncias psicoativas pelo pedestre";"Eventos atípicos";"Com Vítimas Feridas";"Plena Noite";"Decrescente";"Céu Claro";"Dupla";"Reta";"Sim";2;0;0;1;1;0;1;2;-20,22662056;-40,27075088;"SPRF-ES";"DEL02-ES";"UOP01-DEL02-ES"
367255;2021-06-29;"terça-feira";"19:00:00";"PR";277;10;"PARANAGUA";"Ausência de reação do condutor";"Saída de leito carroçável";"Com Vítimas Feridas";"Plena Noite";"Crescente";"Céu Claro";"Dupla";"Reta";"Não";2;0;1;0;1;0;1;1;-25,568198;-48,615292;"SPRF-PR";"DEL01-PR";"UOP05-DEL01-PR"
367256;2021-06-29;"terça-feira";"19:10:00";"PR";376;494;"PONTA GROSSA";"Ausência de reação do condutor";"Engavetamento";"Sem Vítimas";"Plena Noite";"Crescente";"Céu Claro";"Dupla";"Reta";"Sim";3;0;0;0;2;1;0;3;-25,16566955;-50,11640967;"SPRF-PR";"DEL03-PR";"UOP01-DEL03-PR"
367257;2021-06-29;"terça-feira";"18:30:00";"MA";222;672,4;"ACAILANDIA";"Acessar a via sem observar a presença dos outros veículos";"Colisão transversal";"Com Vítimas Feridas";"Plena Noite";"Crescente";"Nublado";"Simples";"Reta";"Sim";2;0;1;0;1;0;1;2;-4,92508085;-47,43821808;"SPRF-MA";"DEL04-MA";"UOP03-DEL04-MA"
367258;2021-06-29;"terça-feira";"16:10:00";"MG";262;813;"UBERABA";"Acumulo de areia ou detritos sobre o pavimento";"Tombamento";"Com Vítimas Feridas";"Pleno dia";"Crescente";"Nublado";"Simples";"Curva";"Não";3;0;2;0;0;1;2;2;-19,76009757;-48,07322705;"SPRF-MG";"DEL13-MG";"UOP01-DEL13-MG"
367259;2021-06-29;"terça-feira";"19:10:00";"RS";158;352;"SANTA MARIA";"Desrespeitar a preferência no cruzamento";"Colisão transversal";"Com Vítimas Feridas";"Plena Noite";"Crescente";"Céu Claro";"Dupla";"Interseção de Vias;Reta;Em Obras";"Sim";2;0;2;0;0;0;2;2;-29,71783669;-53,80861044;"SPRF-RS";"DEL09-RS";"UOP01-DEL09-RS"
367260;2021-06-29;"terça-feira";"16:00:00";"MG";40;129,8;"JOAO PINHEIRO";"Acessar a via sem observar a presença dos outros veículos";"Colisão transversal";"Sem Vítimas";"Pleno dia";"Decrescente";"Céu Claro";"Simples";"Retorno Regulamentado;Reta;Interseção de Vias";"Sim";6;0;0;0;6;0;0;2;-17,70574474;-46,2874496;"SPRF-MG";"DEL14-MG";"UOP01-DEL14-MG"
367261;2021-06-29;"terça-feira";"17:30:00";"CE";20;429;"FORTALEZA";"Manobra de mudança de faixa";"Tombamento";"Com Vítimas Feridas";"Plena Noite";"Decrescente";"Céu Claro";"Dupla";"Declive;Reta";"Não";1;0;1;0;0;0;1;1;-3,76999035;-38,67006282;"SPRF-CE";"DEL01-CE";"UOP02-DEL01-CE"
367262;2021-06-29;"terça-feira";"19:30:00";"SP";116;385;"MIRACATU";"Demais falhas mecânicas ou elétricas";"Capotamento";"Sem Vítimas";"Plena Noite";"Decrescente";"Nublado";"Dupla";"Reta";"Não";1;0;0;0;1;0;0;1;-24,254993;-47,375412;"SPRF-SP";"DEL04-SP";"UOP02-DEL04-SP"
367263;2021-06-29;"terça-feira";"19:50:00";"SC";101;216,3;"PALHOCA";"Acessar a via sem observar a presença dos outros veículos";"Colisão transversal";"Com Vítimas Feridas";"Plena Noite";"Crescente";"Céu Claro";"Simples";"Viaduto";"Sim";2;0;1;0;1;0;1;2;-27,65981409;-48,67747798;"SPRF-SC";"DEL01-SC";"UOP02-DEL01-SC"
367265;2021-06-29;"terça-feira";"19:50:00";"RJ";40;105;"DUQUE DE CAXIAS";"Condutor deixou de manter distância do veículo da frente";"Colisão traseira";"Com Vítimas Feridas";"Plena Noite";"Crescente";"Chuva";"Simples";"Aclive";"Sim";5;0;1;0;4;0;1;3;-22,63784806;-43,28428824;"SPRF-RJ";"DEL01-RJ";"UOP01-DEL01-RJ"
367268;2021-06-29;"terça-feira";"20:15:00";"MG";50;79;"UBERLANDIA";"Condutor deixou de manter distância do veículo da frente";"Colisão traseira";"Com Vítimas Feridas";"Plena Noite";"Decrescente";"Céu Claro";"Dupla";"Reta";"Sim";3;0;1;0;1;1;1;2;-18,986906;-48,211853;"SPRF-MG";"DEL15-MG";"UOP01-DEL15-MG"
367270;2021-06-29;"terça-feira";"20:40:00";"SP";116;63,4;"GUARATINGUETA";"Demais falhas mecânicas ou elétricas";"Tombamento";"Com Vítimas Feridas";"Plena Noite";"Crescente";"Nublado";"Dupla";"Reta";"Não";2;0;1;0;1;0;1;1;-22,81269631;-45,1780086;"SPRF-SP";"DEL08-SP";"UOP01-DEL08-SP"
367272;2021-06-29;"terça-feira";"20:10:00";"RS";116;526,8;"PELOTAS";"Manobra de mudança de faixa";"Colisão lateral mesmo sentido";"Com Vítimas Feridas";"Plena Noite";"Decrescente";"Céu Claro";"Dupla";"Reta";"Não";2;0;1;0;0;1;1;2;-31,74307729;-52,39966642;"SPRF-RS";"DEL07-RS";"UOP01-DEL07-RS"
367274;2021-06-29;"terça-feira";"16:30:00";"PR";153;382,4;"MALLET";"Ausência de reação do condutor";"Saída de leito carroçável";"Com Vítimas Feridas";"Pleno dia";"Crescente";"Sol";"Simples";"Reta";"Não";1;0;0;1;0;0;1;1;-25,77532966;-50,84650218;"SPRF-PR";"DEL02-PR";"UOP04-DEL02-PR"
367276;2021-06-29;"terça-feira";"21:40:00";"PR";277;592;"CASCAVEL";"Condutor deixou de manter distância do veículo da frente";"Colisão traseira";"Com Vítimas Feridas";"Plena Noite";"Decrescente";"Céu Claro";"Simples";"Curva;Viaduto";"Sim";5;0;3;0;2;0;3;3;-24,98285697;-53,47319399;"SPRF-PR";"DEL04-PR";"UOP01-DEL04-PR"
367277;2021-06-29;"terça-feira";"17:55:00";"SC";101;138,2;"BALNEARIO CAMBORIU";"Reação tardia ou ineficiente do condutor";"Tombamento";"Com Vítimas Feridas";"Anoitecer";"Decrescente";"Céu Claro";"Dupla";"Reta";"Sim";2;0;1;0;0;1;1;2;-27,02397426;-48,60761649;"SPRF-SC";"DEL04-SC";"UOP03-DEL04-SC"
367278;2021-06-29;"terça-feira";"18:05:00";"PR";376;617,2;"SAO JOSE DOS PINHAIS";"Ausência de reação do condutor";"Tombamento";"Com Vítimas Feridas";"Anoitecer";"Decrescente";"Céu Claro";"Dupla";"Reta;Aclive";"Não";1;0;1;0;0;0;1;1;-25,59283293;-49,17200068;"SPRF-PR";"DEL01-PR";"UOP04-DEL01-PR"
367283;2021-04-24;"sábado";"22:30:00";"RO";319;57,2;"PORTO VELHO";"Ausência de reação do condutor";"Colisão com objeto";"Com Vítimas Feridas";"Plena Noite";"Crescente";"Nublado";"Simples";"Curva;Declive;Ponte";"Sim";1;0;0;1;0;0;1;1;-8,73744643;-63,91764164;"SPRF-RO";"DEL01-RO";"UOP01-DEL01-RO"
367285;2021-06-29;"terça-feira";"19:45:00";"GO";80;135;"BARRO ALTO";"Ausência de reação do condutor";"Colisão traseira";"Com Vítimas Feridas";"Plena Noite";"Crescente";"Céu Claro";"Simples";"Aclive";"Não";2;0;0;1;1;0;1;2;-14,94727268;-48,93482208;"SPRF-GO";"DEL07-GO";"UOP01-DEL07-GO"
367286;2021-06-29;"terça-feira";"22:20:00";"SC";101;224;"PALHOCA";"Demais falhas mecânicas ou elétricas";"Incêndio";"Sem Vítimas";"Plena Noite";"Decrescente";"Nublado";"Dupla";"Reta";"Não";1;0;0;0;1;0;0;1;-27,72384789;-48,64386769;"SPRF-SC";"DEL01-SC";"UOP02-DEL01-SC"
367287;2021-06-29;"terça-feira";"22:05:00";"PR";376;188;"MARIALVA";"Animais na Pista";"Atropelamento de Animal";"Com Vítimas Feridas";"Plena Noite";"Decrescente";"Céu Claro";"Dupla";"Reta";"Sim";2;0;1;0;1;0;1;2;-23,46634923;-51,82808011;"SPRF-PR";"DEL09-PR";"UOP01-DEL09-PR"
367289;2021-06-04;"sexta-feira";"13:40:00";"SC";282;504,4;"XANXERE";"Conversão proibida";"Colisão transversal";"Com Vítimas Feridas";"Pleno dia";"Decrescente";"Sol";"Simples";"Reta";"Sim";2;0;1;0;1;0;1;2;-26,884279;-52,408466;"SPRF-SC";"DEL07-SC";"UOP01-DEL07-SC"
367290;2021-06-29;"terça-feira";"20:30:00";"PR";376;617,1;"SAO JOSE DOS PINHAIS";"Reação tardia ou ineficiente do condutor";"Saída de leito carroçável";"Sem Vítimas";"Plena Noite";"Crescente";"Vento";"Dupla";"Curva;Declive";"Não";1;0;0;0;1;0;0;1;-25,58426494;-49,17618795;"SPRF-PR";"DEL01-PR";"UOP04-DEL01-PR"
367291;2021-06-29;"terça-feira";"21:15:00";"MG";262;159;"SAO DOMINGOS DO PRATA";"Velocidade Incompatível";"Saída de leito carroçável";"Com Vítimas Feridas";"Plena Noite";"Decrescente";"Céu Claro";"Simples";"Curva;Declive";"Não";1;0;0;1;0;0;1;1;-19,95907975;-42,82841881;"SPRF-MG";"DEL03-MG";"UOP03-DEL03-MG"
367294;2021-06-29;"terça-feira";"22:40:00";"PA";10;117,5;"PARAGOMINAS";"Demais falhas mecânicas ou elétricas";"Saída de leito carroçável";"Com Vítimas Feridas";"Plena Noite";"Crescente";"Céu Claro";"Simples";"Reta";"Não";6;0;0;1;0;5;1;1;-3,41845316;-47,45238951;"SPRF-PA";"DEL02-PA";"UOP01-DEL02-PA"
367295;2021-06-30;"quarta-feira";"00:20:00";"SP";116;134,9;"SAO JOSE DOS CAMPOS";"Ingestão de álcool pelo condutor";"Saída de leito carroçável";"Com Vítimas Feridas";"Plena Noite";"Crescente";"Nublado";"Dupla";"Reta";"Não";4;0;1;0;1;2;1;2;-23,1402216;-45,7617252;"SPRF-SP";"DEL02-SP";"UOP01-DEL02-SP"
367296;2021-06-29;"terça-feira";"23:40:00";"SC";101;70;"ARAQUARI";"Ingestão de álcool pelo condutor";"Saída de leito carroçável";"Com Vítimas Feridas";"Plena Noite";"Crescente";"Céu Claro";"Dupla";"Reta";"Não";4;0;2;2;0;0;4;1;-26,51082007;-48,72345612;"SPRF-SC";"DEL03-SC";"UOP02-DEL03-SC"
367298;2021-06-30;"quarta-feira";"00:00:00";"RJ";101;274;"RIO BONITO";"Chuva";"Colisão com objeto";"Sem Vítimas";"Plena Noite";"Decrescente";"Chuva";"Dupla";"Reta";"Sim";1;0;0;0;1;0;0;1;-22,73506292;-42,71948103;"SPRF-RJ";"DEL02-RJ";"UOP03-DEL02-RJ"
367299;2021-06-29;"terça-feira";"00:15:00";"AC";364;85;"SENADOR GUIOMARD";"Condutor Dormindo";"Saída de leito carroçável";"Com Vítimas Feridas";"Plena Noite";"Crescente";"Vento";"Simples";"Reta";"Não";1;0;1;0;0;0;1;1;-10,11235685;-67,46721907;"SPRF-AC";"DEL01-AC";"UOP01-DEL01-AC"
367300;2021-06-30;"quarta-feira";"02:40:00";"MG";116;777,1;"LEOPOLDINA";"Condutor Dormindo";"Colisão com objeto";"Com Vítimas Fatais";"Plena Noite";"Decrescente";"Céu Claro";"Simples";"Viaduto";"Não";4;1;0;3;0;0;3;1;-21,59632074;-42,69196405;"SPRF-MG";"DEL07-MG";"UOP01-DEL07-MG"
367301;2021-06-30;"quarta-feira";"02:30:00";"SC";101;52,5;"JOINVILLE";"Ingestão de álcool pelo condutor";"Saída de leito carroçável";"Sem Vítimas";"Plena Noite";"Crescente";"Céu Claro";"Dupla";"Reta";"Não";2;0;0;0;2;0;0;1;-26,39111608;-48,83984239;"SPRF-SC";"DEL03-SC";"UOP01-DEL03-SC"
367302;2021-06-29;"terça-feira";"17:30:00";"PA";10;236,2;"AURORA DO PARA";"Manobra de mudança de faixa";"Colisão lateral sentido oposto";"Com Vítimas Feridas";"Pleno dia";"Crescente";"Céu Claro";"Simples";"Declive;Reta";"Não";2;0;0;1;1;0;1;2;-2,372881;-47,550656;"SPRF-PA";"DEL02-PA";"UOP01-DEL02-PA"
367303;2021-06-30;"quarta-feira";"00:40:00";"MA";135;15,2;"SAO LUIS";"Objeto estático sobre o leito carroçável";"Colisão com objeto";"Com Vítimas Feridas";"Plena Noite";"Decrescente";"Céu Claro";"Simples";"Viaduto";"Sim";5;0;2;2;0;1;4;2;-2,56414115;-44,36204564;"SPRF-MA";"DEL01-MA";"UOP01-DEL01-MA"