"id";"data_inversa";"dia_semana";"horario";"uf";"br";"km";"municipio";"causa_acidente";"tipo_acidente";"classificacao_acidente";"fase_dia";"sentido_via";"condicao_metereologica";"tipo_pista";"tracado_via";"uso_solo";"pessoas";"mortos";"feridos_leves";"feridos_graves";"ilesos";"ignorados";"feridos";"veiculos";"latitude";"longitude";"regional";"delegacia";"uop"
367431;2021-06-30;"quarta-feira";"17:40:00";"DF";70;16,3;"BRASILIA";"Velocidade Incompatível";"Queda de ocupante de veículo";"Com Vítimas Feridas";"Plena Noite";"Decrescente";"Céu Claro";"Dupla";"Reta";"Não";2;0;2;0;0;0;2;1;-15,79559848;-48,19686055;"SPRF-DF";"DEL03-DF";"UOP02-DEL03-DF"
367432;2021-06-30;"quarta-feira";"17:10:00";"RR";174;504;"BOA VISTA";"Ausência de reação do condutor";"Colisão lateral mesmo sentido";"Com Vítimas Feridas";"Pleno dia";"Crescente";"Céu Claro";"Dupla";"Reta";"Sim";2;0;2;0;0;0;2;2;2,801374;-60,694801;"SPRF-RR";"DEL01-RR";"UOP01-DEL01-RR"
367433;2021-06-30;"quarta-feira";"18:00:00";"SC";470;53;"BLUMENAU";"Ingestão de álcool pelo condutor";"Colisão traseira";"Com Vítimas Feridas";"Plena Noite";"Crescente";"Nublado";"Simples";"Reta";"Não";2;0;1;0;1;0;1;2;-26,867121;-49,102066;"SPRF-SC";"DEL04-SC";"UOP01-DEL04-SC"
367434;2021-05-21;"sexta-feira";"06:50:00";"ES";484;102,2;"AFONSO CLAUDIO";"Avarias e/ou desgaste excessivo no pneu";"Queda de ocupante de veículo";"Com Vítimas Feridas";"Pleno dia";"Decrescente";"Céu Claro";"Simples";"Curva";"Não";3;0;1;2;0;0;3;2;-20,04900692;-41,04085503;"SPRF-ES";"DEL01-ES";"UOP02-DEL01-ES"
367439;2021-06-30;"quarta-feira";"18:40:00";"PR";476;136;"CURITIBA";"Manobra de mudança de faixa";"Colisão lateral mesmo sentido";"Com Vítimas Feridas";"Plena Noite";"Crescente";"Nublado";"Múltipla";"Reta";"Sim";2;0;1;0;1;0;1;2;-25,491047;-49,271679;"SPRF-PR";"DEL01-PR";"UOP03-DEL01-PR"
367440;2021-05-21;"sexta-feira";"20:40:00";"ES";259;58,5;"COLATINA";"Acessar a via sem observar a presença dos outros veículos";"Colisão transversal";"Com Vítimas Feridas";"Plena Noite";"Crescente";"Céu Claro";"Simples";"Reta";"Sim";2;0;0;1;1;0;1;2;-19,514467;-40,660786;"SPRF-ES";"DEL02-ES";"UOP01-DEL02-ES"
367441;2021-06-30;"quarta-feira";"18:45:00";"SC";470;118,8;"IBIRAMA";"Desrespeitar a preferência no cruzamento";"Colisão transversal";"Com Vítimas Feridas";"Plena Noite";"Crescente";"Céu Claro";"Simples";"Interseção de Vias";"Sim";2;0;2;0;0;0;2;2;-27,082176;-49,511818;"SPRF-SC";"DEL04-SC";"UOP02-DEL04-SC"
367442;2021-06-30;"quarta-feira";"12:45:00";"SC";280;305;"PORTO UNIAO";"Condutor deixou de manter distância do veículo da frente";"Colisão traseira";"Com Vítimas Feridas";"Pleno dia";"Crescente";"Céu Claro";"Simples";"Reta";"Sim";2;0;1;0;1;0;1;2;-26,26625102;-51,05981502;"SPRF-SC";"DEL06-SC";"UOP04-DEL06-SC"
367445;2021-06-30;"quarta-feira";"19:25:00";"DF";40;0,3;"BRASILIA";"Trafegar com motocicleta (ou similar) entre as faixas";"Colisão traseira";"Com Vítimas Feridas";"Plena Noite";"Crescente";"Céu Claro";"Dupla";"Reta";"Não";2;0;1;0;1;0;1;2;-15,976897;-47,990129;"SPRF-DF";"DEL01-DF";"UOP01-DEL01-DF"
367447;2021-06-30;"quarta-feira";"18:10:00";"RS";293;192;"BAGE";"Velocidade Incompatível";"Colisão traseira";"Com Vítimas Feridas";"Plena Noite";"Decrescente";"Nublado";"Simples";"Reta";"Não";2;0;0;1;1;0;1;2;-31,259343;-54,165598;"SPRF-RS";"DEL11-RS";"UOP03-DEL11-RS"
367448;2021-06-30;"quarta-feira";"18:05:00";"RJ";101;292;"ITABORAI";"Demais falhas mecânicas ou elétricas";"Incêndio";"Sem Vítimas";"Plena Noite";"Decrescente";"Nublado";"Dupla";"Reta";"Sim";1;0;0;0;1;0;0;1;-22,76038215;-42,87856408;"SPRF-RJ";"DEL02-RJ";"UOP03-DEL02-RJ"
367449;2021-06-30;"quarta-feira";"19:20:00";"SC";101;206,7;"SAO JOSE";"Condutor deixou de manter distância do veículo da frente";"Colisão traseira";"Com Vítimas Feridas";"Plena Noite";"Crescente";"Céu Claro";"Múltipla";"Reta";"Sim";3;0;1;0;2;0;1;3;-27,59193546;-48,61824557;"SPRF-SC";"DEL01-SC";"UOP01-DEL01-SC"
367452;2021-06-30;"quarta-feira";"19:00:00";"RN";304;298;"MACAIBA";"Acessar a via sem observar a presença dos outros veículos";"Colisão traseira";"Com Vítimas Feridas";"Plena Noite";"Decrescente";"Garoa/Chuvisco";"Dupla";"Rotatória";"Sim";3;0;2;0;1;0;2;2;-5,8682343;-35,3321791;"SPRF-RN";"DEL01-RN";"UOP02-DEL01-RN"
367454;2021-06-30;"quarta-feira";"18:00:00";"MS";163;526;"JARAGUARI";"Acessar a via sem observar a presença dos outros veículos";"Colisão transversal";"Com Vítimas Feridas";"Plena Noite";"Crescente";"Céu Claro";"Simples";"Reta;Interseção de Vias";"Sim";4;0;1;0;3;0;1;2;-20,101916;-54,439684;"SPRF-MS";"DEL01-MS";"UOP02-DEL01-MS"
367457;2021-06-30;"quarta-feira";"19:20:00";"SC";101;205,9;"SAO JOSE";"Acessar a via sem observar a presença dos outros veículos";"Colisão lateral mesmo sentido";"Com Vítimas Feridas";"Anoitecer";"Decrescente";"Céu Claro";"Múltipla";"Reta";"Sim";1;0;1;0;0;0;1;1;-27,58313237;-48,61532885;"SPRF-SC";"DEL01-SC";"UOP01-DEL01-SC"
367458;2021-06-30;"quarta-feira";"18:20:00";"SC";470;124,8;"LONTRAS";"Transitar no acostamento";"Atropelamento de Pedestre";"Com Vítimas Feridas";"Plena Noite";"Decrescente";"Céu Claro";"Simples";"Reta";"Sim";2;0;0;1;0;1;1;2;-27,113192;-49,529163;"SPRF-SC";"DEL04-SC";"UOP02-DEL04-SC"
367459;2021-06-30;"quarta-feira";"19:15:00";"PR";116;111;"CURITIBA";"Reação tardia ou ineficiente do condutor";"Colisão traseira";"Sem Vítimas";"Plena Noite";"Crescente";"Céu Claro";"Dupla";"Reta";"Sim";3;0;0;0;2;1;0;2;-25,56885181;-49,22724597;"SPRF-PR";"DEL01-PR";"UOP01-DEL01-PR"
367464;2021-06-30;"quarta-feira";"21:00:00";"SE";101;93,2;"NOSSA SENHORA DO SOCORRO";"Avarias e/ou desgaste excessivo no pneu";"Tombamento";"Com Vítimas Feridas";"Plena Noite";"Decrescente";"Nublado";"Dupla";"Curva";"Sim";2;0;2;0;0;0;2;1;-10,90467458;-37,148332;"SPRF-SE";"DEL01-SE";"UOP01-DEL01-SE"
367465;2021-02-27;"sábado";"03:00:00";"ES";101;266,3;"SERRA";"Acessar a via sem observar a presença dos outros veículos";"Colisão transversal";"Com Vítimas Feridas";"Plena Noite";"Decrescente";"Céu Claro";"Múltipla";"Interseção de Vias";"Sim";4;0;2;0;2;0;2;2;-20,19360519;-40,26855296;"SPRF-ES";"DEL02-ES";"UOP01-DEL02-ES"
367466;2021-06-30;"quarta-feira";"21:21:00";"RJ";101;295;"ITABORAI";"Reação tardia ou ineficiente do condutor";"Tombamento";"Com Vítimas Fatais";"Plena Noite";"Crescente";"Nublado";"Dupla";"Curva";"Sim";1;1;0;0;0;0;0;1;-22,76365068;-42,90223623;"SPRF-RJ";"DEL02-RJ";"UOP02-DEL02-RJ"
367467;2021-06-30;"quarta-feira";"20:10:00";"PR";163;326,3;"GUAIRA";"Acessar a via sem observar a presença dos outros veículos";"Colisão transversal";"Com Vítimas Feridas";"Plena Noite";"Decrescente";"Céu Claro";"Simples";"Reta";"Não";3;0;1;0;1;1;1;2;-24,29305216;-54,16626627;"SPRF-PR";"DEL06-PR";"UOP01-DEL06-PR"
367468;2021-05-21;"sexta-feira";"19:25:00";"SC";101;43,7;"JOINVILLE";"Pedestre cruzava a pista fora da faixa";"Atropelamento de Pedestre";"Com Vítimas Feridas";"Plena Noite";"Decrescente";"Céu Claro";"Dupla";"Reta";"Sim";2;0;1;0;1;0;1;2;-26,30357106;-48,88225609;"SPRF-SC";"DEL03-SC";"UOP01-DEL03-SC"
367469;2021-06-30;"quarta-feira";"20:00:00";"RN";226;167,4;"CURRAIS NOVOS";"Ausência de reação do condutor";"Saída de leito carroçável";"Com Vítimas Feridas";"Plena Noite";"Crescente";"Céu Claro";"Simples";"Curva";"Não";1;0;1;0;0;0;1;1;-6,23083675;-36,44697098;"SPRF-RN";"DEL03-RN";"UOP02-DEL03-RN"
367473;2021-06-30;"quarta-feira";"20:40:00";"SC";470;18,8;"ILHOTA";"Condutor deixou de manter distância do veículo da frente";"Colisão traseira";"Com Vítimas Feridas";"Plena Noite";"Decrescente";"Nevoeiro/Neblina";"Dupla";"Reta";"Não";5;0;2;0;2;1;2;3;-26,855534;-48,808922;"SPRF-SC";"DEL04-SC";"UOP04-DEL04-SC"
367474;2021-06-06;"domingo";"15:15:00";"ES";101;253,8;"SERRA";"Transitar no acostamento";"Atropelamento de Pedestre";"Com Vítimas Feridas";"Pleno dia";"Crescente";"Sol";"Simples";"Reta";"Não";2;0;0;1;1;0;1;2;-20,1100364;-40,32740141;"SPRF-ES";"DEL02-ES";"UOP01-DEL02-ES"
367482;2021-07-01;"quinta-feira";"00:10:00";"MG";116;416,5;"GOVERNADOR VALADARES";"Ingestão de álcool pelo condutor";"Tombamento";"Com Vítimas Feridas";"Plena Noite";"Decrescente";"Céu Claro";"Dupla";"Reta";"Sim";1;0;0;1;0;0;1;1;-18,89215187;-41,94699543;"SPRF-MG";"DEL06-MG";"UOP01-DEL06-MG"
367483;2021-06-30;"quarta-feira";"23:30:00";"PR";163;182,5;"SANTA TEREZA DO OESTE";"Ausência de sinalização";"Colisão com objeto";"Com Vítimas Feridas";"Plena Noite";"Crescente";"Céu Claro";"Dupla";"Viaduto";"Não";1;0;0;1;0;0;1;1;-25,13794204;-53,58774662;"SPRF-PR";"DEL05-PR";"UOP05-DEL05-PR"
367484;2021-06-30;"quarta-feira";"23:30:00";"MT";364;277;"JACIARA";"Ingestão de álcool pelo condutor";"Saída de leito carroçável";"Com Vítimas Feridas";"Plena Noite";"Decrescente";"Céu Claro";"Simples";"Declive";"Não";1;0;1;0;0;0;1;1;-15,95076591;-54,99952397;"SPRF-MT";"DEL02-MT";"UOP01-DEL02-MT"
367485;2021-06-30;"quarta-feira";"23:32:00";"PR";163;182,5;"SANTA TEREZA DO OESTE";"Objeto estático sobre o leito carroçável";"Colisão com objeto";"Com Vítimas Feridas";"Plena Noite";"Crescente";"Céu Claro";"Dupla";"Viaduto";"Não";3;0;0;1;2;0;1;2;-25,13753411;-53,58622313;"SPRF-PR";"DEL05-PR";"UOP05-DEL05-PR"
367486;2021-06-02;"quarta-feira";"15:50:00";"BA";415;47,2;"ITABUNA";"Ausência de reação do condutor";"Colisão frontal";"Com Vítimas Feridas";"Pleno dia";"Decrescente";"Céu Claro";"Simples";"Reta;Aclive";"Sim";2;0;0;1;0;1;1;2;-14,81496429;-39,29822445;"SPRF-BA";"DEL05-BA";"UOP01-DEL05-BA"
367490;2021-07-01;"quinta-feira";"03:00:00";"RN";304;296;"MACAIBA";"Pista Escorregadia";"Atropelamento de Pedestre";"Com Vítimas Feridas";"Plena Noite";"Decrescente";"Garoa/Chuvisco";"Dupla";"Reta";"Sim";2;0;0;1;1;0;1;2;-5,86484905;-35,34931012;"SPRF-RN";"DEL01-RN";"UOP02-DEL01-RN"
367492;2021-04-27;"terça-feira";"18:10:00";"BA";324;439,4;"RIACHAO DO JACUIPE";"Transitar na contramão";"Colisão frontal";"Com Vítimas Feridas";"Plena Noite";"Decrescente";"Céu Claro";"Simples";"Reta";"Sim";3;0;0;2;1;0;2;2;-11,81278836;-39,38462896;"SPRF-BA";"DEL02-BA";"UOP01-DEL02-BA"
367494;2021-06-30;"quarta-feira";"09:45:00";"PE";101;69;"RECIFE";"Ausência de reação do condutor";"Colisão lateral mesmo sentido";"Sem Vítimas";"Pleno dia";"Crescente";"Céu Claro";"Múltipla";"Interseção de Vias";"Sim";2;0;0;0;1;1;0;2;-8,05951606;-34,94581024;"SPRF-PE";"DEL01-PE";"UOP01-DEL01-PE"
367498;2021-07-01;"quinta-feira";"05:20:00";"RJ";101;268,7;"RIO BONITO";"Condutor deixou de manter distância do veículo da frente";"Colisão lateral mesmo sentido";"Com Vítimas Feridas";"Plena Noite";"Decrescente";"Céu Claro";"Dupla";"Reta";"Não";2;0;1;0;1;0;1;2;-22,7112997;-42,66922613;"SPRF-RJ";"DEL02-RJ";"UOP03-DEL02-RJ"
367499;2021-07-01;"quinta-feira";"04:30:00";"MG";40;598,8;"OURO PRETO";"Acumulo de areia ou detritos sobre o pavimento";"Tombamento";"Com Vítimas Feridas";"Plena Noite";"Crescente";"Nublado";"Simples";"Curva;Retorno Regulamentado;Declive";"Não";1;0;1;0;0;0;1;1;-20,4232172;-43,86779358;"SPRF-MG";"DEL05-MG";"UOP02-DEL05-MG"
367502;2021-07-01;"quinta-feira";"05:45:00";"MG";381;487;"BETIM";"Condutor deixou de manter distância do veículo da frente";"Colisão traseira";"Com Vítimas Feridas";"Amanhecer";"Decrescente";"Céu Claro";"Dupla";"Reta";"Sim";2;0;1;0;1;0;1;2;-19,95586853;-44,14609501;"SPRF-MG";"DEL01-MG";"UOP03-DEL01-MG"
367503;2021-07-01;"quinta-feira";"05:00:00";"RJ";40;120;"DUQUE DE CAXIAS";"Reação tardia ou ineficiente do condutor";"Colisão lateral sentido oposto";"Com Vítimas Fatais";"Amanhecer";"Decrescente";"Céu Claro";"Múltipla";"Reta";"Sim";3;1;1;0;1;0;1;3;-22,77280597;-43,28626763;"SPRF-RJ";"DEL01-RJ";"UOP01-DEL01-RJ"
367504;2021-07-01;"quinta-feira";"06:50:00";"PR";376;501,8;"PONTA GROSSA";"Velocidade Incompatível";"Saída de leito carroçável";"Com Vítimas Feridas";"Pleno dia";"Decrescente";"Nublado";"Dupla";"Reta;Declive";"Sim";2;0;2;0;0;0;2;1;-25,20894789;-50,06444688;"SPRF-PR";"DEL03-PR";"UOP01-DEL03-PR"
367505;2021-07-01;"quinta-feira";"07:15:00";"SC";470;2;"NAVEGANTES";"Reação tardia ou ineficiente do condutor";"Colisão traseira";"Com Vítimas Feridas";"Pleno dia";"Crescente";"Céu Claro";"Dupla";"Reta";"Sim";2;0;1;0;1;0;1;2;-26,868551;-48,674831;"SPRF-SC";"DEL04-SC";"UOP04-DEL04-SC"
367506;2021-07-01;"quinta-feira";"07:00:00";"MG";381;919,8;"CAMANDUCAIA";"Condutor Dormindo";"Capotamento";"Com Vítimas Feridas";"Pleno dia";"Crescente";"Céu Claro";"Dupla";"Reta";"Não";2;0;1;1;0;0;2;1;-22,7716591;-46,19193618;"SPRF-MG";"DEL16-MG";"UOP03-DEL16-MG"
367507;2021-07-01;"quinta-feira";"06:20:00";"PE";101;60,8;"RECIFE";"Ausência de reação do condutor";"Capotamento";"Com Vítimas Feridas";"Pleno dia";"Crescente";"Chuva";"Dupla";"Curva";"Sim";2;0;1;0;1;0;1;1;-7,98344307;-34,93176727;"SPRF-PE";"DEL01-PE";"UOP02-DEL01-PE"
367509;2021-07-01;"quinta-feira";"06:30:00";"SC";101;345;"TUBARAO";"Condutor Dormindo";"Saída de leito carroçável";"Com Vítimas Feridas";"Amanhecer";"Decrescente";"Céu Claro";"Dupla";"Reta";"Não";1;0;1;0;0;0;1;1;-28,5539316;-49,05412674;"SPRF-SC";"DEL02-SC";"UOP01-DEL02-SC"
367511;2021-07-01;"quinta-feira";"07:20:00";"SP";153;61;"SAO JOSE DO RIO PRETO";"Obras na pista";"Tombamento";"Com Vítimas Feridas";"Pleno dia";"Crescente";"Céu Claro";"Dupla";"Reta;Em Obras";"Sim";1;0;1;0;0;0;1;1;-20,80502876;-49,35574909;"SPRF-SP";"DEL09-SP";"UOP01-DEL09-SP"
367513;2021-07-01;"quinta-feira";"07:20:00";"DF";60;0;"BRASILIA";"Ausência de reação do condutor";"Engavetamento";"Com Vítimas Feridas";"Pleno dia";"Decrescente";"Céu Claro";"Dupla";"Reta";"Sim";4;0;2;0;2;0;2;3;-15,882499;-48,060212;"SPRF-DF";"DEL03-DF";"UOP01-DEL03-DF"
367515;2021-07-01;"quinta-feira";"07:10:00";"SC";282;16,6;"PALHOCA";"Desrespeitar a preferência no cruzamento";"Colisão transversal";"Com Vítimas Feridas";"Pleno dia";"Decrescente";"Céu Claro";"Simples";"Interseção de Vias";"Sim";2;0;0;1;1;0;1;2;-27,658611;-48,681847;"SPRF-SC";"DEL01-SC";"UOP02-DEL01-SC"
367517;2021-05-29;"sábado";"19:45:00";"SC";282;492;"FAXINAL DOS GUEDES";"Ausência de reação do condutor";"Queda de ocupante de veículo";"Com Vítimas Feridas";"Plena Noite";"Crescente";"Céu Claro";"Simples";"Rotatória";"Não";2;0;1;0;0;1;1;1;-26,871534;-52,300915;"SPRF-SC";"DEL07-SC";"UOP01-DEL07-SC"
367520;2021-07-01;"quinta-feira";"07:25:00";"RS";392;7;"RIO GRANDE";"Neblina";"Colisão transversal";"Com Vítimas Feridas";"Amanhecer";"Crescente";"Nevoeiro/Neblina";"Simples";"Reta";"Sim";2;0;1;0;1;0;1;2;-32,093615;-52,108877;"SPRF-RS";"DEL07-RS";"UOP02-DEL07-RS"
367522;2021-07-01;"quinta-feira";"08:00:00";"MG";262;15;"MARTINS SOARES";"Condutor deixou de manter distância do veículo da frente";"Colisão traseira";"Com Vítimas Feridas";"Pleno dia";"Decrescente";"Céu Claro";"Simples";"Curva";"Sim";2;0;0;1;1;0;1;2;-20,26054008;-41,87631604;"SPRF-MG";"DEL06-MG";"UOP03-DEL06-MG"
367524;2021-06-04;"sexta-feira";"08:10:00";"PR";277;606,7;"SANTA TEREZA DO OESTE";"Ultrapassagem Indevida";"Colisão frontal";"Com Vítimas Feridas";"Pleno dia";"Crescente";"Céu Claro";"Simples";"Reta";"Não";3;0;0;1;2;0;1;3;-25,03330189;-53,58832406;"SPRF-PR";"DEL05-PR";"UOP02-DEL05-PR"
367525;2021-07-01;"quinta-feira";"07:30:00";"SE";101;14,8;"CEDRO DE SAO JOAO";"Chuva";"Saída de leito carroçável";"Sem Vítimas";"Pleno dia";"Crescente";"Chuva";"Dupla";"Reta;Declive";"Não";1;0;0;0;0;1;0;1;-10,31157674;-36,89174049;"SPRF-SE";"DEL02-SE";"UOP02-DEL02-SE"
367528;2021-05-21;"sexta-feira";"16:00:00";"BA";420;313;"SANTA INES";"Velocidade Incompatível";"Colisão frontal";"Com Vítimas Feridas";"Pleno dia";"Decrescente";"Céu Claro";"Simples";"Curva";"Não";3;0;0;3;0;0;3;2;-13,33286906;-39,86885562;"SPRF-BA";"DEL03-BA";"UOP01-DEL03-BA"
367532;2021-07-01;"quinta-feira";"06:17:00";"MG";40;512,8;"RIBEIRAO DAS NEVES";"Frear bruscamente";"Engavetamento";"Sem Vítimas";"Pleno dia";"Crescente";"Céu Claro";"Dupla";"Reta";"Não";3;0;0;0;3;0;0;3;-19,78946999;-44,11290699;"SPRF-MG";"DEL01-MG";"UOP02-DEL01-MG"
367533;2021-07-01;"quinta-feira";"08:29:00";"DF";20;10,5;"BRASILIA";"Condutor deixou de manter distância do veículo da frente";"Engavetamento";"Com Vítimas Feridas";"Pleno dia";"Decrescente";"Céu Claro";"Dupla";"Declive";"Sim";4;0;1;0;3;0;1;3;-15,64836527;-47,77028739;"SPRF-DF";"DEL02-DF";"UOP01-DEL02-DF"
367535;2021-07-01;"quinta-feira";"09:30:00";"SP";116;109,7;"TAUBATE";"Condutor deixou de manter distância do veículo da frente";"Colisão traseira";"Com Vítimas Feridas";"Pleno dia";"Decrescente";"Céu Claro";"Dupla";"Reta";"Sim";2;0;1;0;1;0;1;2;-23,02871304;-45,54517097;"SPRF-SP";"DEL08-SP";"UOP01-DEL08-SP"
367537;2021-07-01;"quinta-feira";"10:10:00";"PE";101;71;"RECIFE";"Retorno proibido";"Colisão transversal";"Com Vítimas Feridas";"Pleno dia";"Decrescente";"Nublado";"Dupla";"Reta";"Sim";2;0;1;0;0;1;1;2;-8,045774;-34,944484;"SPRF-PE";"DEL01-PE";"UOP01-DEL01-PE"
367543;2021-07-01;"quinta-feira";"11:05:00";"SP";116;216,2;"GUARULHOS";"Manobra de mudança de faixa";"Colisão com objeto";"Com Vítimas Feridas";"Pleno dia";"Crescente";"Céu Claro";"Múltipla";"Reta;Declive";"Sim";3;0;1;0;2;0;1;2;-23,45056589;-46,46258105;"SPRF-SP";"DEL01-SP";"UOP01-DEL01-SP"
367545;2021-07-01;"quinta-feira";"07:35:00";"SC";280;305,9;"PORTO UNIAO";"Transitar na contramão";"Colisão transversal";"Com Vítimas Feridas";"Pleno dia";"Decrescente";"Céu Claro";"Simples";"Reta";"Sim";2;0;1;0;1;0;1;2;-26,26625102;-51,05981502;"SPRF-SC";"DEL06-SC";"UOP04-DEL06-SC"
367546;2021-06-25;"sexta-feira";"08:00:00";"PB";230;22;"JOAO PESSOA";"Condutor deixou de manter distância do veículo da frente";"Colisão traseira";"Com Vítimas Feridas";"Pleno dia";"Decrescente";"Céu Claro";"Dupla";"Reta";"Não";2;0;1;0;1;0;1;2;-7,1495;-34,8517;"SPRF-PB";"DEL01-PB";"UOP01-DEL01-PB"
367547;2021-07-01;"quinta-feira";"11:20:00";"RJ";101;323;"NITEROI";"Pedestre andava na pista";"Atropelamento de Pedestre";"Com Vítimas Feridas";"Pleno dia";"Decrescente";"Céu Claro";"Múltipla";"Ponte";"Sim";3;0;1;0;2;0;1;2;-22,87728231;-43,11666012;"SPRF-RJ";"DEL02-RJ";"UOP02-DEL02-RJ"
367548;2021-07-01;"quinta-feira";"11:30:00";"PR";116;122;"CURITIBA";"Manobra de mudança de faixa";"Queda de ocupante de veículo";"Com Vítimas Feridas";"Pleno dia";"Decrescente";"Nublado";"Dupla";"Reta";"Sim";2;0;0;1;1;0;1;2;-25,56857207;-49,31023179;"SPRF-PR";"DEL01-PR";"UOP03-DEL01-PR"
367549;2021-07-01;"quinta-feira";"11:10:00";"PI";343;307;"ALTOS";"Acessar a via sem observar a presença dos outros veículos";"Colisão transversal";"Com Vítimas Feridas";"Pleno dia";"Decrescente";"Sol";"Simples";"Reta";"Sim";2;0;2;0;0;0;2;2;-5,038756;-42,450893;"SPRF-PI";"DEL01-PI";"UOP01-DEL01-PI"
367550;2021-07-01;"quinta-feira";"11:10:00";"GO";50;101,5;"CRISTALINA";"Velocidade Incompatível";"Saída de leito carroçável";"Com Vítimas Feridas";"Pleno dia";"Crescente";"Céu Claro";"Simples";"Reta";"Não";3;0;0;1;2;0;1;1;-16,9309;-47,7117;"SPRF-DF";"DEL01-DF";"UOP02-DEL01-DF"
367551;2021-05-15;"sábado";"05:30:00";"ES";101;293,8;"CARIACICA";"Reação tardia ou ineficiente do condutor";"Colisão com objeto";"Com Vítimas Feridas";"Amanhecer";"Decrescente";"Céu Claro";"Dupla";"Curva";"Sim";2;0;1;1;0;0;2;1;-20,31526144;-40,39567044;"SPRF-ES";"DEL01-ES";"UOP01-DEL01-ES"
367552;2021-07-01;"quinta-feira";"11:45:00";"SE";235;1;"ARACAJU";"Manobra de mudança de faixa";"Colisão lateral mesmo sentido";"Sem Vítimas";"Pleno dia";"Decrescente";"Chuva";"Múltipla";"Reta";"Sim";2;0;0;0;2;0;0;2;-10,9073;-37,0947;"SPRF-SE";"DEL01-SE";"UOP01-DEL01-SE"
367553;2021-07-01;"quinta-feira";"11:30:00";"PI";343;7;"PARNAIBA";"Acessar a via sem observar a presença dos outros veículos";"Colisão transversal";"Com Vítimas Feridas";"Pleno dia";"Crescente";"Céu Claro";"Simples";"Reta";"Sim";2;0;1;0;1;0;1;2;-2,898051;-41,714767;"SPRF-PI";"DEL05-PI";"UOP01-DEL05-PI"
367557;2021-07-01;"quinta-feira";"10:43:00";"PI";316;310;"PICOS";"Demais falhas na via";"Tombamento";"Com Vítimas Feridas";"Pleno dia";"Crescente";"Céu Claro";"Simples";"Reta;Em Obras";"Sim";1;0;0;1;0;0;1;1;-7,07639186;-41,47475001;"SPRF-PI";"DEL04-PI";"UOP01-DEL04-PI"
367558;2021-07-01;"quinta-feira";"12:10:00";"RS";116;234,2;"NOVO HAMBURGO";"Acessar a via sem observar a presença dos outros veículos";"Colisão transversal";"Com Vítimas Feridas";"Pleno dia";"Decrescente";"Sol";"Simples";"Reta";"Sim";3;0;2;0;1;0;2;2;-29,64587434;-51,14341729;"SPRF-RS";"DEL01-RS";"UOP02-DEL01-RS"
367559;2021-07-01;"quinta-feira";"11:50:00";"MG";40;522,6;"CONTAGEM";"Avarias e/ou desgaste excessivo no pneu";"Saída de leito carroçável";"Com Vítimas Feridas";"Pleno dia";"Decrescente";"Céu Claro";"Dupla";"Reta";"Sim";2;0;1;1;0;0;2;1;-19,8638731;-44,06749809;"SPRF-MG";"DEL01-MG";"UOP02-DEL01-MG"
367560;2021-05-18;"terça-feira";"23:45:00";"ES";101;297,9;"VIANA";"Reação tardia ou ineficiente do condutor";"Colisão com objeto";"Com Vítimas Feridas";"Plena Noite";"Crescente";"Céu Claro";"Múltipla";"Reta";"Sim";1;0;0;1;0;0;1;1;-20,34529844;-40,41026774;"SPRF-ES";"DEL01-ES";"UOP01-DEL01-ES"
367562;2021-07-01;"quinta-feira";"13:10:00";"ES";101;245,7;"SERRA";"Avarias e/ou desgaste excessivo no pneu";"Queda de ocupante de veículo";"Com Vítimas Feridas";"Pleno dia";"Decrescente";"Céu Claro";"Dupla";"Declive";"Não";2;0;2;0;0;0;2;1;-20,05454495;-40,38189997;"SPRF-ES";"DEL02-ES";"UOP01-DEL02-ES"
367563;2021-07-01;"quinta-feira";"13:00:00";"ES";262;5,7;"CARIACICA";"Desrespeitar a preferência no cruzamento";"Colisão transversal";"Com Vítimas Feridas";"Pleno dia";"Crescente";"Sol";"Dupla";"Reta";"Sim";2;0;1;0;1;0;1;2;-20,33707281;-40,38649924;"SPRF-ES";"DEL01-ES";"UOP01-DEL01-ES"
367564;2021-07-01;"quinta-feira";"13:20:00";"PR";376;179;"MARINGA";"Trafegar com motocicleta (ou similar) entre as faixas";"Queda de ocupante de veículo";"Com Vítimas Feridas";"Pleno dia";"Decrescente";"Céu Claro";"Dupla";"Reta";"Sim";1;0;1;0;0;0;1;1;-23,42244278;-51,90360392;"SPRF-PR";"DEL09-PR";"UOP01-DEL09-PR"
367565;2021-04-30;"sexta-feira";"06:10:00";"BA";324;615;"SALVADOR";"Entrada inopinada do pedestre";"Atropelamento de Pedestre";"Com Vítimas Feridas";"Pleno dia";"Crescente";"Nublado";"Dupla";"Reta";"Sim";2;0;0;1;1;0;1;2;-12,87206398;-38,42746403;"SPRF-BA";"DEL01-BA";"UOP01-DEL01-BA"
367566;2021-06-23;"quarta-feira";"18:30:00";"PB";104;97,9;"ESPERANCA";"Acessar a via sem observar a presença dos outros veículos";"Colisão transversal";"Com Vítimas Feridas";"Plena Noite";"Crescente";"Vento";"Simples";"Curva";"Sim";2;0;1;1;0;0;2;2;-7,01994564;-35,85788662;"SPRF-PB";"DEL02-PB";"UOP04-DEL02-PB"