"id";"data_inversa";"dia_semana";"horario";"uf";"br";"km";"municipio";"causa_acidente";"tipo_acidente";"classificacao_acidente";"fase_dia";"sentido_via";"condicao_metereologica";"tipo_pista";"tracado_via";"uso_solo";"pessoas";"mortos";"feridos_leves";"feridos_graves";"ilesos";"ignorados";"feridos";"veiculos";"latitude";"longitude";"regional";"delegacia";"uop"
367567;2021-07-01;"quinta-feira";"13:10:00";"RS";470;216;"BENTO GONCALVES";"Condutor deixou de manter distância do veículo da frente";"Colisão traseira";"Com Vítimas Feridas";"Pleno dia";"Crescente";"Céu Claro";"Dupla";"Curva";"Sim";3;0;1;0;2;0;1;2;-29,172923;-51,524232;"SPRF-RS";"DEL06-RS";"UOP01-DEL06-RS"
367570;2021-07-01;"quinta-feira";"12:40:00";"RS";101;13;"DOM PEDRO DE ALCANTARA";"Acessar a via sem observar a presença dos outros veículos";"Colisão transversal";"Com Vítimas Feridas";"Pleno dia";"Crescente";"Céu Claro";"Dupla";"Reta";"Sim";2;0;1;0;1;0;1;2;-29,3930518;-49,84373839;"SPRF-RS";"DEL03-RS";"UOP02-DEL03-RS"
367571;2021-07-01;"quinta-feira";"10:00:00";"MA";230;378;"BALSAS";"Velocidade Incompatível";"Saída de leito carroçável";"Com Vítimas Feridas";"Pleno dia";"Decrescente";"Céu Claro";"Simples";"Declive;Reta";"Não";4;0;4;0;0;0;4;1;-7,31123811;-45,94391078;"SPRF-MA";"DEL05-MA";"UOP01-DEL05-MA"
367576;2021-07-01;"quinta-feira";"05:30:00";"RR";174;257;"CARACARAI";"Afundamento ou ondulação no pavimento";"Capotamento";"Com Vítimas Feridas";"Amanhecer";"Decrescente";"Nublado";"Simples";"Reta";"Não";2;0;2;0;0;0;2;1;1,251171;-60,482674;"SPRF-RR";"DEL01-RR";"UOP01-DEL01-RR"
367577;2021-07-01;"quinta-feira";"13:50:00";"ES";101;297,5;"CARIACICA";"Trafegar com motocicleta (ou similar) entre as faixas";"Colisão traseira";"Com Vítimas Feridas";"Pleno dia";"Crescente";"Céu Claro";"Dupla";"Reta";"Sim";2;0;1;0;1;0;1;2;-20,34529844;-40,41026774;"SPRF-ES";"DEL01-ES";"UOP01-DEL01-ES"
367578;2021-06-29;"terça-feira";"14:00:00";"MA";222;673,3;"ACAILANDIA";"Ausência de reação do condutor";"Colisão transversal";"Com Vítimas Feridas";"Pleno dia";"Crescente";"Céu Claro";"Simples";"Reta";"Sim";2;0;0;1;1;0;1;2;-4,938871;-47,50293713;"SPRF-MA";"DEL04-MA";"UOP03-DEL04-MA"
367581;2021-07-01;"quinta-feira";"14:00:00";"SC";101;344;"TUBARAO";"Manobra de mudança de faixa";"Colisão lateral mesmo sentido";"Com Vítimas Feridas";"Pleno dia";"Decrescente";"Céu Claro";"Dupla";"Desvio Temporário;Reta;Em Obras";"Não";3;0;2;0;1;0;2;2;-28,53647889;-49,0531826;"SPRF-SC";"DEL02-SC";"UOP01-DEL02-SC"
367584;2021-07-01;"quinta-feira";"14:50:00";"SP";101;50;"UBATUBA";"Mal súbito do condutor";"Saída de leito carroçável";"Com Vítimas Feridas";"Pleno dia";"Crescente";"Céu Claro";"Simples";"Reta";"Sim";2;0;2;0;0;0;2;1;-23,45018939;-45,07743735;"SPRF-SP";"DEL06-SP";"UOP01-DEL06-SP"
367585;2021-07-01;"quinta-feira";"14:00:00";"BA";116;836,9;"VITORIA DA CONQUISTA";"Velocidade Incompatível";"Saída de leito carroçável";"Com Vítimas Feridas";"Pleno dia";"Crescente";"Céu Claro";"Simples";"Reta";"Não";2;0;2;0;0;0;2;1;-14,964391;-40,908263;"SPRF-BA";"DEL08-BA";"UOP01-DEL08-BA"
367590;2021-07-01;"quinta-feira";"14:26:00";"RJ";101;479;"ANGRA DOS REIS";"Ingestão de álcool pelo condutor";"Queda de ocupante de veículo";"Com Vítimas Feridas";"Pleno dia";"Decrescente";"Céu Claro";"Simples";"Reta";"Não";1;0;1;0;0;0;1;1;-23,00854164;-44,27562028;"SPRF-RJ";"DEL03-RJ";"UOP03-DEL03-RJ"
367591;2021-07-01;"quinta-feira";"15:00:00";"PE";101;67,4;"RECIFE";"Reação tardia ou ineficiente do condutor";"Colisão traseira";"Com Vítimas Feridas";"Pleno dia";"Decrescente";"Chuva";"Múltipla";"Reta";"Não";2;0;1;0;1;0;1;2;-8,042334;-34,943096;"SPRF-PE";"DEL01-PE";"UOP01-DEL01-PE"
367593;2021-07-01;"quinta-feira";"12:15:00";"BA";116;11;"VITORIA DA CONQUISTA";"Transitar no acostamento";"Colisão traseira";"Com Vítimas Feridas";"Pleno dia";"Crescente";"Céu Claro";"Simples";"Reta;Interseção de Vias";"Sim";2;0;1;0;1;0;1;2;-14,870728;-40,871603;"SPRF-BA";"DEL08-BA";"UOP01-DEL08-BA"
367594;2021-05-29;"sábado";"22:30:00";"CE";20;393,5;"CAUCAIA";"Animais na Pista";"Saída de leito carroçável";"Com Vítimas Feridas";"Plena Noite";"Crescente";"Céu Claro";"Simples";"Reta";"Não";4;0;1;1;2;0;2;1;-3,83775146;-38,76518844;"SPRF-CE";"DEL01-CE";"UOP01-DEL01-CE"
367595;2021-05-19;"quarta-feira";"17:00:00";"PA";230;527;"ANAPU";"Reação tardia ou ineficiente do condutor";"Saída de leito carroçável";"Com Vítimas Feridas";"Pleno dia";"Decrescente";"Chuva";"Simples";"Reta";"Não";4;0;1;3;0;0;4;1;-3,311465;-51,408822;"SPRF-PA";"DEL04-PA";"UOP01-DEL04-PA"
367598;2021-07-01;"quinta-feira";"15:30:00";"RS";158;328;"SANTA MARIA";"Acessar a via sem observar a presença dos outros veículos";"Colisão transversal";"Com Vítimas Feridas";"Pleno dia";"Decrescente";"Céu Claro";"Simples";"Reta";"Sim";2;0;1;0;1;0;1;2;-29,70205119;-53,83790016;"SPRF-RS";"DEL09-RS";"UOP01-DEL09-RS"
367599;2021-07-01;"quinta-feira";"15:40:00";"MG";50;71,2;"UBERLANDIA";"Condutor deixou de manter distância do veículo da frente";"Colisão traseira";"Com Vítimas Feridas";"Pleno dia";"Crescente";"Céu Claro";"Dupla";"Reta";"Sim";5;0;1;0;4;0;1;3;-18,85140204;-48,25345932;"SPRF-MG";"DEL15-MG";"UOP01-DEL15-MG"
367600;2021-07-01;"quinta-feira";"15:54:00";"BA";324;612,7;"SALVADOR";"Demais falhas mecânicas ou elétricas";"Incêndio";"Sem Vítimas";"Pleno dia";"Decrescente";"Sol";"Dupla";"Declive;Reta";"Sim";4;0;0;0;4;0;0;1;-12,85531601;-38,42055197;"SPRF-BA";"DEL01-BA";"UOP01-DEL01-BA"
367602;2021-05-22;"sábado";"14:55:00";"SC";280;166,6;"MAFRA";"Ausência de reação do condutor";"Colisão transversal";"Com Vítimas Feridas";"Pleno dia";"Crescente";"Nublado";"Simples";"Reta;Aclive";"Não";3;0;2;0;0;1;2;3;-26,16857105;-49,81820938;"SPRF-SC";"DEL06-SC";"UOP01-DEL06-SC"
367603;2021-07-01;"quinta-feira";"14:00:00";"RS";285;620,5;"SANTO ANTONIO DAS MISSOES";"Ausência de reação do condutor";"Saída de leito carroçável";"Com Vítimas Feridas";"Pleno dia";"Decrescente";"Céu Claro";"Simples";"Declive";"Não";3;0;1;0;2;0;1;1;-28,511112;-55,485004;"SPRF-RS";"DEL12-RS";"UOP01-DEL12-RS"
367604;2021-07-01;"quinta-feira";"16:00:00";"GO";50;281,2;"CATALAO";"Ingestão de álcool pelo condutor";"Colisão traseira";"Sem Vítimas";"Pleno dia";"Crescente";"Céu Claro";"Simples";"Reta";"Sim";2;0;0;0;2;0;0;2;-18,18487486;-47,94538736;"SPRF-GO";"DEL06-GO";"UOP01-DEL06-GO"
367605;2021-07-01;"quinta-feira";"15:15:00";"SP";488;1,5;"APARECIDA";"Ausência de reação do condutor";"Colisão traseira";"Com Vítimas Feridas";"Pleno dia";"Decrescente";"Céu Claro";"Dupla";"Reta";"Sim";2;0;1;0;1;0;1;2;-22,84707069;-45,232054;"SPRF-SP";"DEL08-SP";"UOP01-DEL08-SP"
367607;2021-07-01;"quinta-feira";"14:00:00";"MG";116;36;"CACHOEIRA DE PAJEU";"Velocidade Incompatível";"Saída de leito carroçável";"Com Vítimas Feridas";"Pleno dia";"Decrescente";"Garoa/Chuvisco";"Simples";"Curva";"Não";1;0;1;0;0;0;1;1;-15,94950705;-41,40264747;"SPRF-MG";"DEL11-MG";"UOP02-DEL11-MG"
367608;2021-07-01;"quinta-feira";"06:30:00";"MG";116;84,8;"MEDINA";"Ultrapassagem Indevida";"Saída de leito carroçável";"Com Vítimas Feridas";"Amanhecer";"Decrescente";"Garoa/Chuvisco";"Simples";"Reta";"Não";3;0;2;1;0;0;3;1;-16,30408709;-41,46990681;"SPRF-MG";"DEL11-MG";"UOP02-DEL11-MG"
367609;2021-07-01;"quinta-feira";"15:20:00";"MG";40;583;"ITABIRITO";"Avarias e/ou desgaste excessivo no pneu";"Saída de leito carroçável";"Com Vítimas Feridas";"Pleno dia";"Crescente";"Céu Claro";"Dupla";"Reta";"Não";1;0;1;0;0;0;1;1;-20,31930517;-43,93397532;"SPRF-MG";"DEL01-MG";"UOP02-DEL01-MG"
367610;2021-07-01;"quinta-feira";"16:20:00";"MT";70;514,2;"VARZEA GRANDE";"Acessar a via sem observar a presença dos outros veículos";"Colisão transversal";"Com Vítimas Feridas";"Pleno dia";"Crescente";"Céu Claro";"Simples";"Reta";"Não";2;0;1;0;1;0;1;2;-15,63878265;-56,12110069;"SPRF-MT";"DEL01-MT";"UOP02-DEL01-MT"
367611;2021-07-01;"quinta-feira";"16:30:00";"BA";110;172;"RIBEIRA DO POMBAL";"Reação tardia ou ineficiente do condutor";"Queda de ocupante de veículo";"Com Vítimas Feridas";"Pleno dia";"Crescente";"Nublado";"Simples";"Reta";"Não";2;0;2;0;0;0;2;1;-10,86050095;-38,52864347;"SPRF-BA";"DEL07-BA";"UOP02-DEL07-BA"
367612;2021-07-01;"quinta-feira";"17:20:00";"RS";285;61,9;"BOM JESUS";"Acessar a via sem observar a presença dos outros veículos";"Colisão transversal";"Com Vítimas Feridas";"Pleno dia";"Crescente";"Céu Claro";"Simples";"Rotatória";"Não";2;0;1;0;1;0;1;2;-28,653477;-50,435547;"SPRF-RS";"DEL05-RS";"UOP03-DEL05-RS"
367613;2021-07-01;"quinta-feira";"17:30:00";"SC";101;194,5;"BIGUACU";"Acessar a via sem observar a presença dos outros veículos";"Colisão transversal";"Com Vítimas Feridas";"Anoitecer";"Crescente";"Céu Claro";"Dupla";"Reta";"Sim";2;0;1;0;1;0;1;2;-27,49815117;-48,65661236;"SPRF-SC";"DEL01-SC";"UOP01-DEL01-SC"
367614;2021-06-30;"quarta-feira";"18:05:00";"MS";463;43;"PONTA PORA";"Reação tardia ou ineficiente do condutor";"Saída de leito carroçável";"Com Vítimas Feridas";"Plena Noite";"Decrescente";"Céu Claro";"Simples";"Reta";"Não";1;0;1;0;0;0;1;1;-22,32906123;-55,1796401;"SPRF-MS";"DEL04-MS";"UOP03-DEL04-MS"
367615;2021-07-01;"quinta-feira";"16:50:00";"MG";40;686;"RESSAQUINHA";"Conversão proibida";"Colisão transversal";"Com Vítimas Feridas";"Anoitecer";"Crescente";"Céu Claro";"Simples";"Reta;Declive";"Não";2;0;0;1;1;0;1;2;-21,07382701;-43,766731;"SPRF-MG";"DEL05-MG";"UOP02-DEL05-MG"
367618;2021-06-30;"quarta-feira";"21:00:00";"GO";153;205;"URUACU";"Velocidade Incompatível";"Saída de leito carroçável";"Com Vítimas Feridas";"Plena Noite";"Decrescente";"Céu Claro";"Simples";"Curva";"Não";1;0;0;1;0;0;1;1;-14,557212;-49,158016;"SPRF-GO";"DEL07-GO";"UOP02-DEL07-GO"
367619;2021-07-01;"quinta-feira";"17:50:00";"ES";101;270,7;"SERRA";"Acessar a via sem observar a presença dos outros veículos";"Atropelamento de Pedestre";"Com Vítimas Feridas";"Plena Noite";"Decrescente";"Nublado";"Dupla";"Reta";"Sim";3;0;2;0;1;0;2;3;-20,22662056;-40,27075088;"SPRF-ES";"DEL02-ES";"UOP01-DEL02-ES"
367620;2021-07-01;"quinta-feira";"17:45:00";"MG";50;180;"UBERABA";"Condutor deixou de manter distância do veículo da frente";"Tombamento";"Com Vítimas Feridas";"Anoitecer";"Crescente";"Céu Claro";"Dupla";"Curva";"Sim";1;0;0;1;0;0;1;1;-19,77848216;-47,92194709;"SPRF-MG";"DEL13-MG";"UOP01-DEL13-MG"
367621;2021-07-01;"quinta-feira";"17:05:00";"MG";40;780,4;"JUIZ DE FORA";"Acessar a via sem observar a presença dos outros veículos";"Colisão traseira";"Com Vítimas Feridas";"Anoitecer";"Decrescente";"Ignorado";"Simples";"Reta";"Não";2;0;1;0;1;0;1;2;-21,67939981;-43,44987329;"SPRF-MG";"DEL05-MG";"UOP01-DEL05-MG"
367622;2021-07-01;"quinta-feira";"17:20:00";"BA";110;0;"PAULO AFONSO";"Chuva";"Colisão traseira";"Com Vítimas Feridas";"Plena Noite";"Crescente";"Chuva";"Simples";"Ponte";"Não";2;0;1;0;0;1;1;2;-9,454037;-38,202148;"SPRF-BA";"DEL07-BA";"UOP01-DEL07-BA"
367623;2021-07-01;"quinta-feira";"17:55:00";"AL";316;85,2;"SANTANA DO IPANEMA";"Acessar a via sem observar a presença dos outros veículos";"Colisão transversal";"Com Vítimas Feridas";"Plena Noite";"Crescente";"Chuva";"Dupla";"Reta";"Sim";3;0;1;1;1;0;2;2;-9,36982836;-37,24347904;"SPRF-AL";"DEL03-AL";"UOP02-DEL03-AL"
367624;2021-06-30;"quarta-feira";"15:35:00";"CE";20;417;"MARACANAU";"Acesso irregular";"Colisão transversal";"Com Vítimas Feridas";"Pleno dia";"Crescente";"Céu Claro";"Dupla";"Aclive";"Sim";2;0;0;1;1;0;1;2;-3,83916303;-38,6005497;"SPRF-CE";"DEL01-CE";"UOP02-DEL01-CE"
367627;2021-07-01;"quinta-feira";"16:40:00";"MS";262;246,8;"RIBAS DO RIO PARDO";"Reação tardia ou ineficiente do condutor";"Saída de leito carroçável";"Com Vítimas Feridas";"Anoitecer";"Decrescente";"Céu Claro";"Simples";"Reta";"Não";23;0;3;0;20;0;3;1;-20,44481685;-53,81931889;"SPRF-MS";"DEL01-MS";"UOP01-DEL01-MS"
367628;2021-07-01;"quinta-feira";"18:00:00";"MG";381;821,8;"CAREACU";"Problema na suspensão";"Saída de leito carroçável";"Com Vítimas Feridas";"Anoitecer";"Decrescente";"Ignorado";"Dupla";"Curva";"Não";3;0;1;0;2;0;1;1;-22,11209226;-45,74742779;"SPRF-MG";"DEL16-MG";"UOP01-DEL16-MG"
367631;2021-07-01;"quinta-feira";"18:25:00";"AL";316;157;"PALMEIRA DOS INDIOS";"Acessar a via sem observar a presença dos outros veículos";"Colisão transversal";"Com Vítimas Feridas";"Plena Noite";"Decrescente";"Chuva";"Simples";"Reta";"Sim";2;0;0;2;0;0;2;2;-9,42635226;-36,6189263;"SPRF-AL";"DEL03-AL";"UOP01-DEL03-AL"
367632;2021-07-01;"quinta-feira";"18:20:00";"DF";40;5,6;"BRASILIA";"Reação tardia ou ineficiente do condutor";"Colisão traseira";"Com Vítimas Feridas";"Anoitecer";"Crescente";"Céu Claro";"Dupla";"Reta";"Sim";2;0;1;0;0;1;1;2;-16,02519068;-47,9797411;"SPRF-DF";"DEL01-DF";"UOP01-DEL01-DF"
367634;2021-07-01;"quinta-feira";"17:00:00";"SP";116;269,9;"TABOAO DA SERRA";"Ausência de reação do condutor";"Colisão traseira";"Com Vítimas Feridas";"Pleno dia";"Crescente";"Nublado";"Dupla";"Reta";"Sim";2;0;1;0;1;0;1;2;-23,61593059;-46,78826044;"SPRF-SP";"DEL04-SP";"UOP01-DEL04-SP"
367635;2021-07-01;"quinta-feira";"18:15:00";"PR";373;174;"PONTA GROSSA";"Entrada inopinada do pedestre";"Atropelamento de Pedestre";"Com Vítimas Feridas";"Plena Noite";"Decrescente";"Céu Claro";"Múltipla";"Reta";"Sim";2;0;1;0;1;0;1;2;-25,077475;-50,207412;"SPRF-PR";"DEL03-PR";"UOP01-DEL03-PR"
367636;2021-07-01;"quinta-feira";"17:35:00";"SC";280;55,3;"GUARAMIRIM";"Reação tardia ou ineficiente do condutor";"Colisão transversal";"Com Vítimas Feridas";"Anoitecer";"Decrescente";"Céu Claro";"Dupla";"Em Obras";"Não";2;0;0;1;1;0;1;2;-26,47584353;-48,9937858;"SPRF-SC";"DEL03-SC";"UOP03-DEL03-SC"
367637;2021-07-01;"quinta-feira";"15:15:00";"SC";101;327,5;"CAPIVARI DE BAIXO";"Condutor deixou de manter distância do veículo da frente";"Colisão traseira";"Com Vítimas Feridas";"Pleno dia";"Decrescente";"Céu Claro";"Simples";"Interseção de Vias";"Não";2;0;0;1;1;0;1;2;-28,43023306;-48,95205197;"SPRF-SC";"DEL02-SC";"UOP01-DEL02-SC"
367639;2021-07-01;"quinta-feira";"15:40:00";"BA";116;719;"MANOEL VITORINO";"Velocidade Incompatível";"Colisão traseira";"Com Vítimas Feridas";"Pleno dia";"Crescente";"Céu Claro";"Simples";"Reta";"Não";3;0;1;0;2;0;1;2;-14,22703798;-40,2795133;"SPRF-BA";"DEL08-BA";"UOP02-DEL08-BA"
367643;2021-07-01;"quinta-feira";"17:45:00";"MT";174;5;"PONTES E LACERDA";"Ausência de reação do condutor";"Colisão traseira";"Sem Vítimas";"Anoitecer";"Crescente";"Céu Claro";"Simples";"Reta";"Sim";2;0;0;0;2;0;0;2;-15,231;-59,348;"SPRF-MT";"DEL03-MT";"UOP01-DEL03-MT"
367644;2021-07-01;"quinta-feira";"18:00:00";"MS";267;481;"JARDIM";"Ingestão de álcool pelo condutor";"Colisão transversal";"Com Vítimas Feridas";"Plena Noite";"Decrescente";"Céu Claro";"Simples";"Reta";"Sim";2;0;0;1;1;0;1;2;-21,478745;-56,13899;"SPRF-MS";"DEL05-MS";"UOP01-DEL05-MS"
367647;2021-07-01;"quinta-feira";"19:04:00";"PR";277;70;"SAO JOSE DOS PINHAIS";"Ausência de reação do condutor";"Colisão traseira";"Com Vítimas Feridas";"Plena Noite";"Crescente";"Céu Claro";"Dupla";"Reta";"Não";2;0;2;0;0;0;2;2;-25,53317957;-49,07969781;"SPRF-PR";"DEL01-PR";"UOP01-DEL01-PR"
367648;2021-07-01;"quinta-feira";"18:30:00";"RJ";101;228,5;"SILVA JARDIM";"Ausência de reação do condutor";"Saída de leito carroçável";"Com Vítimas Feridas";"Plena Noite";"Crescente";"Céu Claro";"Dupla";"Reta";"Não";1;0;1;0;0;0;1;1;-22,56241824;-42,35993577;"SPRF-RJ";"DEL02-RJ";"UOP03-DEL02-RJ"
367649;2021-05-10;"segunda-feira";"12:15:00";"PR";277;71;"SAO JOSE DOS PINHAIS";"Acessar a via sem observar a presença dos outros veículos";"Colisão traseira";"Com Vítimas Feridas";"Pleno dia";"Decrescente";"Céu Claro";"Dupla";"Reta";"Sim";2;0;1;0;0;1;1;2;-25,52920381;-49,08862791;"SPRF-PR";"DEL01-PR";"UOP01-DEL01-PR"
367650;2021-07-01;"quinta-feira";"19:40:00";"MG";40;465,8;"SETE LAGOAS";"Acumulo de areia ou detritos sobre o pavimento";"Queda de ocupante de veículo";"Com Vítimas Feridas";"Anoitecer";"Decrescente";"Céu Claro";"Simples";"Retorno Regulamentado";"Sim";1;0;1;0;0;0;1;1;-19,43835777;-44,33103681;"SPRF-MG";"DEL02-MG";"UOP01-DEL02-MG"
367651;2021-07-01;"quinta-feira";"19:25:00";"RJ";101;328;"RIO DE JANEIRO";"Reação tardia ou ineficiente do condutor";"Colisão lateral mesmo sentido";"Com Vítimas Feridas";"Plena Noite";"Decrescente";"Céu Claro";"Múltipla";"Ponte";"Sim";3;0;2;0;1;0;2;2;-22,87028692;-43,16579699;"SPRF-RJ";"DEL02-RJ";"UOP02-DEL02-RJ"
367652;2021-07-01;"quinta-feira";"19:10:00";"RS";290;237,8;"RIO PARDO";"Ausência de reação do condutor";"Saída de leito carroçável";"Com Vítimas Feridas";"Plena Noite";"Decrescente";"Céu Claro";"Simples";"Reta";"Não";2;0;1;0;1;0;1;1;-30,218645;-52,5919;"SPRF-RS";"DEL02-RS";"UOP03-DEL02-RS"
367653;2021-07-01;"quinta-feira";"18:42:00";"RS";116;301;"GUAIBA";"Área urbana sem a presença de local apropriado para a travessia de pedestres";"Colisão transversal";"Com Vítimas Feridas";"Plena Noite";"Decrescente";"Céu Claro";"Simples";"Reta";"Sim";1;0;0;1;0;0;1;1;-30,131899;-51,353867;"SPRF-RS";"DEL02-RS";"UOP01-DEL02-RS"
367659;2021-07-01;"quinta-feira";"17:57:00";"MA";135;1,4;"SAO LUIS";"Reação tardia ou ineficiente do condutor";"Engavetamento";"Com Vítimas Feridas";"Plena Noite";"Decrescente";"Céu Claro";"Dupla";"Reta";"Sim";5;0;1;0;2;2;1;5;-2,58917895;-44,24423719;"SPRF-MA";"DEL01-MA";"UOP01-DEL01-MA"
367661;2021-07-01;"quinta-feira";"20:50:00";"DF";40;4;"BRASILIA";"Ausência de reação do condutor";"Queda de ocupante de veículo";"Com Vítimas Feridas";"Plena Noite";"Decrescente";"Céu Claro";"Dupla";"Reta";"Não";1;0;1;0;0;0;1;1;-16,012033;-47,982124;"SPRF-DF";"DEL01-DF";"UOP01-DEL01-DF"
367662;2021-07-01;"quinta-feira";"19:00:00";"BA";324;527;"FEIRA DE SANTANA";"Frear bruscamente";"Colisão traseira";"Sem Vítimas";"Plena Noite";"Crescente";"Chuva";"Dupla";"Reta";"Sim";4;0;0;0;4;0;0;4;-12,31183923;-38,88331817;"SPRF-BA";"DEL01-BA";"UOP03-DEL01-BA"
367663;2021-07-01;"quinta-feira";"20:00:00";"SC";101;149;"ITAPEMA";"Reação tardia ou ineficiente do condutor";"Tombamento";"Com Vítimas Feridas";"Plena Noite";"Crescente";"Céu Claro";"Múltipla";"Reta";"Sim";1;0;1;0;0;0;1;1;-27,1089649;-48,61277586;"SPRF-SC";"DEL04-SC";"UOP03-DEL04-SC"
367664;2021-07-01;"quinta-feira";"19:30:00";"RS";293;57;"PIRATINI";"Mal súbito do condutor";"Colisão frontal";"Com Vítimas Feridas";"Plena Noite";"Decrescente";"Nevoeiro/Neblina";"Simples";"Curva";"Não";2;0;1;0;1;0;1;2;-31,71948374;-52,89788987;"SPRF-RS";"DEL07-RS";"UOP01-DEL07-RS"
367666;2021-05-19;"quarta-feira";"13:45:00";"ES";262;54,1;"MARECHAL FLORIANO";"Pista Escorregadia";"Colisão frontal";"Com Vítimas Feridas";"Pleno dia";"Decrescente";"Nublado";"Simples";"Curva;Declive";"Não";3;0;0;1;2;0;1;2;-20,41495529;-40,74098587;"SPRF-ES";"DEL01-ES";"UOP01-DEL01-ES"
367667;2021-07-01;"quinta-feira";"18:30:00";"RJ";40;116;"DUQUE DE CAXIAS";"Pedestre andava na pista";"Atropelamento de Pedestre";"Com Vítimas Feridas";"Plena Noite";"Crescente";"Céu Claro";"Múltipla";"Reta";"Sim";2;0;1;0;1;0;1;2;-22,73662299;-43,28858785;"SPRF-RJ";"DEL01-RJ";"UOP01-DEL01-RJ"
367668;2021-07-01;"quinta-feira";"20:30:00";"MA";222;672;"ACAILANDIA";"Acessar a via sem observar a presença dos outros veículos";"Colisão transversal";"Com Vítimas Feridas";"Plena Noite";"Crescente";"Céu Claro";"Simples";"Interseção de Vias";"Sim";2;0;0;1;0;1;1;2;-4,92508085;-47,43821808;"SPRF-MA";"DEL04-MA";"UOP03-DEL04-MA"
367669;2021-07-01;"quinta-feira";"20:25:00";"PI";316;2,4;"TERESINA";"Manobra de mudança de faixa";"Colisão transversal";"Com Vítimas Feridas";"Plena Noite";"Crescente";"Garoa/Chuvisco";"Dupla";"Rotatória";"Sim";2;0;1;0;1;0;1;2;-5,12477477;-42,79848465;"SPRF-PI";"DEL01-PI";"UOP02-DEL01-PI"
367673;2021-07-01;"quinta-feira";"21:30:00";"CE";116;11;"FORTALEZA";"Acessar a via sem observar a presença dos outros veículos";"Colisão lateral mesmo sentido";"Com Vítimas Feridas";"Plena Noite";"Crescente";"Chuva";"Múltipla";"Interseção de Vias";"Sim";3;0;2;0;1;0;2;2;-3,842723;-38,499655;"SPRF-CE";"DEL01-CE";"UOP02-DEL01-CE"
367674;2021-07-01;"quinta-feira";"21:12:00";"RS";116;147,1;"CAXIAS DO SUL";"Transitar no acostamento";"Eventos atípicos";"Com Vítimas Feridas";"Plena Noite";"Crescente";"Céu Claro";"Dupla";"Declive";"Sim";1;0;1;0;0;0;1;1;-29,14908014;-51,1429969;"SPRF-RS";"DEL05-RS";"UOP01-DEL05-RS"
367675;2021-07-01;"quinta-feira";"17:00:00";"MG";381;250,3;"SANTANA DO PARAISO";"Desrespeitar a preferência no cruzamento";"Colisão transversal";"Com Vítimas Feridas";"Anoitecer";"Decrescente";"Nublado";"Simples";"Reta";"Sim";2;0;1;0;1;0;1;2;-19,48378419;-42,55378491;"SPRF-MG";"DEL06-MG";"UOP01-DEL06-MG"
367677;2021-07-01;"quinta-feira";"21:15:00";"MT";163;939;"ITAUBA";"Ingestão de álcool pelo condutor";"Colisão traseira";"Sem Vítimas";"Plena Noite";"Decrescente";"Céu Claro";"Simples";"Declive";"Não";2;0;0;0;2;0;0;2;-11,09627694;-55,29548909;"SPRF-MT";"DEL06-MT";"NPF/DEL06-MT"
367678;2021-07-01;"quinta-feira";"20:00:00";"PR";369;188;"ARAPONGAS";"Acessar a via sem observar a presença dos outros veículos";"Colisão transversal";"Com Vítimas Feridas";"Plena Noite";"Crescente";"Céu Claro";"Simples";"Reta";"Não";2;0;1;0;0;1;1;2;-23,4337491;-51,4222196;"SPRF-PR";"DEL07-PR";"UOP02-DEL07-PR"
367679;2021-07-01;"quinta-feira";"22:00:00";"MT";163;1033;"PEIXOTO DE AZEVEDO";"Iluminação deficiente";"Colisão traseira";"Com Vítimas Feridas";"Plena Noite";"Crescente";"Céu Claro";"Simples";"Reta";"Não";1;0;1;0;0;0;1;1;-10,21762535;-54,96803284;"SPRF-MT";"DEL06-MT";"NPF/DEL06-MT"
367680;2021-07-01;"quinta-feira";"23:24:00";"SC";163;70,4;"SAO MIGUEL DO OESTE";"Velocidade Incompatível";"Tombamento";"Com Vítimas Feridas";"Plena Noite";"Decrescente";"Céu Claro";"Dupla";"Curva";"Sim";1;0;0;1;0;0;1;1;-26,73257948;-53,51006985;"SPRF-SC";"DEL07-SC";"UOP03-DEL07-SC"
367681;2021-07-02;"sexta-feira";"00:10:00";"SP";116;117;"TAUBATE";"Condutor deixou de manter distância do veículo da frente";"Colisão traseira";"Com Vítimas Feridas";"Plena Noite";"Decrescente";"Vento";"Dupla";"Reta";"Sim";2;0;1;0;1;0;1;2;-23,0582298;-45,6176951;"SPRF-SP";"DEL02-SP";"UOP02-DEL02-SP"
367684;2021-07-02;"sexta-feira";"00:20:00";"MS";267;489,2;"JARDIM";"Ausência de reação do condutor";"Saída de leito carroçável";"Com Vítimas Feridas";"Plena Noite";"Decrescente";"Céu Claro";"Simples";"Reta";"Não";1;0;1;0;0;0;1;1;-21,48195636;-56,21068085;"SPRF-MS";"DEL05-MS";"UOP01-DEL05-MS"