"id";"data_inversa";"dia_semana";"horario";"uf";"br";"km";"municipio";"causa_acidente";"tipo_acidente";"classificacao_acidente";"fase_dia";"sentido_via";"condicao_metereologica";"tipo_pista";"tracado_via";"uso_solo";"pessoas";"mortos";"feridos_leves";"feridos_graves";"ilesos";"ignorados";"feridos";"veiculos";"latitude";"longitude";"regional";"delegacia";"uop"
367816;2021-07-02;"sexta-feira";"07:50:00";"RO";364;430;"JARU";"Acessar a via sem observar a presença dos outros veículos";"Colisão transversal";"Com Vítimas Feridas";"Pleno dia";"Decrescente";"Sol";"Simples";"Interseção de Vias";"Não";2;0;0;1;1;0;1;2;-10,41098263;-62,51010043;"SPRF-RO";"DEL03-RO";"UOP02-DEL03-RO"
367817;2021-07-02;"sexta-feira";"13:20:00";"PI";343;532;"AMARANTE";"Ausência de reação do condutor";"Saída de leito carroçável";"Com Vítimas Feridas";"Pleno dia";"Crescente";"Céu Claro";"Simples";"Reta";"Não";2;0;1;0;1;0;1;1;-6,465946;-42,797829;"SPRF-PI";"DEL03-PI";"UOP01-DEL03-PI"
367818;2021-07-02;"sexta-feira";"16:23:00";"RN";427;102,2;"CAICO";"Acessar a via sem observar a presença dos outros veículos";"Colisão lateral mesmo sentido";"Sem Vítimas";"Pleno dia";"Decrescente";"Sol";"Simples";"Reta";"Não";6;0;0;0;6;0;0;2;-6,45395471;-37,12301287;"SPRF-RN";"DEL03-RN";"UOP01-DEL03-RN"
367820;2021-07-02;"sexta-feira";"16:20:00";"RN";304;122,3;"ITAJA";"Desrespeitar a preferência no cruzamento";"Capotamento";"Com Vítimas Feridas";"Pleno dia";"Decrescente";"Céu Claro";"Simples";"Declive";"Não";4;0;1;2;1;0;3;2;-5,64187094;-36,84006897;"SPRF-RN";"DEL04-RN";"UOP01-DEL04-RN"
367822;2021-07-02;"sexta-feira";"16:40:00";"PE";101;48,5;"ABREU E LIMA";"Acessar a via sem observar a presença dos outros veículos";"Colisão lateral mesmo sentido";"Com Vítimas Feridas";"Pleno dia";"Crescente";"Céu Claro";"Múltipla";"Reta";"Sim";3;0;2;0;1;0;2;2;-7,89174705;-34,9033493;"SPRF-PE";"DEL01-PE";"UOP02-DEL01-PE"
367824;2021-06-26;"sábado";"11:40:00";"MS";262;364,5;"CAMPO GRANDE";"Acessar a via sem observar a presença dos outros veículos";"Colisão lateral mesmo sentido";"Com Vítimas Feridas";"Pleno dia";"Decrescente";"Céu Claro";"Simples";"Reta";"Sim";2;0;1;0;0;1;1;2;-20,47999471;-54,7499389;"SPRF-MS";"DEL01-MS";"UOP03-DEL01-MS"
367825;2021-07-02;"sexta-feira";"16:45:00";"RS";116;231,2;"IVOTI";"Desrespeitar a preferência no cruzamento";"Colisão transversal";"Com Vítimas Feridas";"Pleno dia";"Decrescente";"Céu Claro";"Dupla";"Retorno Regulamentado";"Não";2;0;1;0;1;0;1;2;-29,62743221;-51,13858608;"SPRF-RS";"DEL01-RS";"UOP02-DEL01-RS"
367826;2021-07-02;"sexta-feira";"00:10:00";"SC";116;135,8;"SANTA CECILIA";"Ausência de reação do condutor";"Saída de leito carroçável";"Com Vítimas Feridas";"Plena Noite";"Decrescente";"Ignorado";"Simples";"Curva";"Não";1;0;1;0;0;0;1;1;-26,92904296;-50,4345818;"SPRF-SC";"DEL06-SC";"UOP02-DEL06-SC"
367827;2021-07-02;"sexta-feira";"16:40:00";"SC";101;114,6;"ITAJAI";"Trafegar com motocicleta (ou similar) entre as faixas";"Colisão lateral mesmo sentido";"Com Vítimas Feridas";"Pleno dia";"Crescente";"Céu Claro";"Dupla";"Reta";"Sim";2;0;1;0;1;0;1;2;-26,86192886;-48,7286704;"SPRF-SC";"DEL04-SC";"UOP04-DEL04-SC"
367828;2021-05-19;"quarta-feira";"18:00:00";"SC";280;52;"GUARAMIRIM";"Acessar a via sem observar a presença dos outros veículos";"Colisão transversal";"Com Vítimas Feridas";"Plena Noite";"Crescente";"Céu Claro";"Simples";"Interseção de Vias;Em Obras";"Sim";2;0;1;0;1;0;1;2;-26,468904;-48,96492;"SPRF-SC";"DEL03-SC";"UOP03-DEL03-SC"
367829;2021-07-02;"sexta-feira";"17:15:00";"ES";101;287;"CARIACICA";"Acessar a via sem observar a presença dos outros veículos";"Colisão transversal";"Com Vítimas Fatais";"Anoitecer";"Crescente";"Céu Claro";"Dupla";"Interseção de Vias";"Sim";3;1;0;1;1;0;1;2;-20,26493528;-40,38471702;"SPRF-ES";"DEL01-ES";"UOP01-DEL01-ES"
367831;2021-06-04;"sexta-feira";"13:29:00";"CE";116;476,5;"MILAGRES";"Ultrapassagem Indevida";"Colisão frontal";"Com Vítimas Fatais";"Pleno dia";"Crescente";"Céu Claro";"Simples";"Reta";"Não";4;2;0;2;0;0;2;2;-7,292112;-38,87065;"SPRF-CE";"DEL05-CE";"UOP03-DEL05-CE"
367832;2021-07-02;"sexta-feira";"17:40:00";"MG";40;525;"CONTAGEM";"Trafegar com motocicleta (ou similar) entre as faixas";"Colisão lateral mesmo sentido";"Com Vítimas Feridas";"Anoitecer";"Decrescente";"Céu Claro";"Dupla";"Reta";"Sim";2;0;1;0;1;0;1;2;-19,8754469;-44,05345586;"SPRF-MG";"DEL01-MG";"UOP02-DEL01-MG"
367836;2021-07-02;"sexta-feira";"16:50:00";"PE";232;124,7;"CARUARU";"Pedestre andava na pista";"Atropelamento de Pedestre";"Com Vítimas Feridas";"Anoitecer";"Crescente";"Garoa/Chuvisco";"Dupla";"Viaduto";"Sim";2;0;0;1;1;0;1;2;-8,3061041;-35,93702498;"SPRF-PE";"DEL02-PE";"UOP03-DEL02-PE"
367838;2021-07-02;"sexta-feira";"16:20:00";"RJ";116;305;"RESENDE";"Condutor Dormindo";"Colisão com objeto";"Sem Vítimas";"Anoitecer";"Decrescente";"Nublado";"Simples";"Reta";"Sim";1;0;0;0;1;0;0;1;-22,46027389;-44,45406398;"SPRF-RJ";"DEL07-RJ";"UOP02-DEL07-RJ"
367839;2021-07-02;"sexta-feira";"18:00:00";"RJ";356;182;"SAO JOAO DA BARRA";"Acessar a via sem observar a presença dos outros veículos";"Colisão transversal";"Com Vítimas Feridas";"Plena Noite";"Crescente";"Céu Claro";"Simples";"Reta";"Não";2;0;1;0;1;0;1;2;-21,64912791;-41,05147629;"SPRF-RJ";"DEL08-RJ";"UOP02-DEL08-RJ"
367840;2021-07-02;"sexta-feira";"18:00:00";"RS";386;423;"MONTENEGRO";"Ingestão de álcool pelo condutor";"Saída de leito carroçável";"Sem Vítimas";"Anoitecer";"Crescente";"Céu Claro";"Simples";"Curva;Rotatória";"Sim";1;0;0;0;1;0;0;1;-29,816875;-51,392719;"SPRF-RS";"DEL04-RS";"UOP02-DEL04-RS"
367841;2021-07-02;"sexta-feira";"18:30:00";"DF";70;8;"BRASILIA";"Manobra de mudança de faixa";"Colisão lateral mesmo sentido";"Com Vítimas Feridas";"Plena Noite";"Crescente";"Céu Claro";"Dupla";"Reta";"Sim";2;0;1;0;1;0;1;2;-15,784966;-48,122108;"SPRF-DF";"DEL03-DF";"UOP02-DEL03-DF"
367842;2021-07-02;"sexta-feira";"18:00:00";"PR";376;2;"SAO JOSE DOS PINHAIS";"Velocidade Incompatível";"Colisão traseira";"Com Vítimas Feridas";"Plena Noite";"Crescente";"Nublado";"Dupla";"Reta";"Sim";2;0;1;0;1;0;1;2;-25,5307;-49,1958;"SPRF-PR";"DEL01-PR";"UOP01-DEL01-PR"
367843;2021-07-02;"sexta-feira";"18:30:00";"MG";381;510;"SAO JOAQUIM DE BICAS";"Demais falhas mecânicas ou elétricas";"Queda de ocupante de veículo";"Com Vítimas Feridas";"Plena Noite";"Decrescente";"Céu Claro";"Dupla";"Reta";"Sim";1;0;1;0;0;0;1;1;-20,07738209;-44,30434488;"SPRF-MG";"DEL01-MG";"UOP03-DEL01-MG"
367844;2021-07-02;"sexta-feira";"17:30:00";"PE";232;110;"BEZERROS";"Restrição de visibilidade em curvas horizontais";"Saída de leito carroçável";"Com Vítimas Feridas";"Anoitecer";"Crescente";"Chuva";"Dupla";"Curva";"Não";4;0;2;0;2;0;2;1;-8,286691;-35,818181;"SPRF-PE";"DEL02-PE";"UOP02-DEL02PE"
367845;2021-07-02;"sexta-feira";"18:40:00";"MG";381;852,4;"POUSO ALEGRE";"Ausência de reação do condutor";"Colisão traseira";"Com Vítimas Fatais";"Plena Noite";"Decrescente";"Céu Claro";"Dupla";"Reta";"Não";3;2;0;0;1;0;0;2;-22,29622613;-45,89935251;"SPRF-MG";"DEL16-MG";"UOP01-DEL16-MG"
367846;2021-07-02;"sexta-feira";"18:25:00";"RS";285;535;"CAIBATE";"Ausência de reação do condutor";"Colisão transversal";"Com Vítimas Feridas";"Anoitecer";"Decrescente";"Céu Claro";"Simples";"Reta";"Não";3;0;2;0;1;0;2;2;-28,401672;-54,64164;"SPRF-RS";"DEL10-RS";"UOP01-DEL10-RS"
367847;2021-07-02;"sexta-feira";"18:15:00";"RS";116;251,7;"SAPUCAIA DO SUL";"Velocidade Incompatível";"Saída de leito carroçável";"Com Vítimas Feridas";"Plena Noite";"Crescente";"Céu Claro";"Múltipla";"Reta";"Sim";2;0;2;0;0;0;2;1;-29,80035406;-51,16550365;"SPRF-RS";"DEL01-RS";"UOP02-DEL01-RS"
367848;2021-07-02;"sexta-feira";"17:00:00";"MG";381;428,8;"CAETE";"Mal súbito do condutor";"Colisão traseira";"Com Vítimas Feridas";"Pleno dia";"Decrescente";"Céu Claro";"Dupla";"Curva";"Não";4;0;1;0;3;0;1;3;-19,78885371;-43,70613892;"SPRF-MG";"DEL01-MG";"UOP01-DEL01-MG"
367849;2021-07-02;"sexta-feira";"18:45:00";"RJ";101;240;"SILVA JARDIM";"Pedestre andava na pista";"Atropelamento de Pedestre";"Com Vítimas Feridas";"Plena Noite";"Crescente";"Céu Claro";"Dupla";"Reta";"Não";2;0;1;0;1;0;1;2;-22,63006139;-42,43638279;"SPRF-RJ";"DEL02-RJ";"UOP03-DEL02-RJ"
367850;2021-07-02;"sexta-feira";"18:00:00";"BA";324;562;"SAO SEBASTIAO DO PASSE";"Reação tardia ou ineficiente do condutor";"Saída de leito carroçável";"Sem Vítimas";"Plena Noite";"Decrescente";"Chuva";"Dupla";"Reta";"Não";1;0;0;0;0;1;0;1;-12,507413;-38,633005;"SPRF-BA";"DEL01-BA";"UOP01-DEL01-BA"
367854;2021-07-02;"sexta-feira";"19:00:00";"RJ";116;83;"TERESOPOLIS";"Velocidade Incompatível";"Atropelamento de Pedestre";"Com Vítimas Feridas";"Plena Noite";"Crescente";"Céu Claro";"Dupla";"Declive";"Sim";3;0;0;1;0;2;1;2;-22,41517488;-42,95011324;"SPRF-RJ";"DEL04-RJ";"UOP01-DEL04-RJ"
367855;2021-07-02;"sexta-feira";"19:00:00";"SP";116;271;"TABOAO DA SERRA";"Trafegar com motocicleta (ou similar) entre as faixas";"Colisão traseira";"Com Vítimas Feridas";"Plena Noite";"Crescente";"Nublado";"Dupla";"Reta";"Sim";2;0;1;0;1;0;1;2;-23,61809286;-46,80556302;"SPRF-SP";"DEL04-SP";"UOP01-DEL04-SP"
367856;2021-07-02;"sexta-feira";"19:15:00";"BA";242;797;"BARREIRAS";"Ingestão de álcool pelo condutor";"Queda de ocupante de veículo";"Com Vítimas Feridas";"Plena Noite";"Crescente";"Céu Claro";"Simples";"Reta";"Não";2;0;2;0;0;0;2;1;-12,121535;-45,036731;"SPRF-BA";"DEL10-BA";"UOP01-DEL10-BA"
367857;2021-07-02;"sexta-feira";"19:00:00";"RJ";393;267;"BARRA DO PIRAI";"Ingestão de álcool pelo condutor";"Saída de leito carroçável";"Sem Vítimas";"Plena Noite";"Crescente";"Céu Claro";"Simples";"Reta";"Não";1;0;0;0;1;0;0;1;-22,48615925;-43,90037496;"SPRF-RJ";"DEL05-RJ";"UOP04-DEL05-RJ"
367858;2021-07-02;"sexta-feira";"18:20:00";"CE";222;63,2;"SAO GONCALO DO AMARANTE";"Reação tardia ou ineficiente do condutor";"Queda de ocupante de veículo";"Com Vítimas Feridas";"Plena Noite";"Crescente";"Céu Claro";"Múltipla";"Reta";"Sim";3;0;1;0;0;2;1;2;-3,6717776;-39,10726798;"SPRF-CE";"DEL01-CE";"UOP03-DEL01-CE"
367859;2021-07-02;"sexta-feira";"18:30:00";"SC";480;124,1;"CHAPECO";"Condutor deixou de manter distância do veículo da frente";"Colisão traseira";"Sem Vítimas";"Plena Noite";"Decrescente";"Céu Claro";"Dupla";"Reta";"Sim";2;0;0;0;2;0;0;2;-27,00359519;-52,64391044;"SPRF-SC";"DEL07-SC";"UOP01-DEL07-SC"
367860;2021-07-02;"sexta-feira";"19:30:00";"MG";40;515;"RIBEIRAO DAS NEVES";"Ausência de reação do condutor";"Colisão traseira";"Com Vítimas Feridas";"Plena Noite";"Decrescente";"Céu Claro";"Dupla";"Declive;Reta";"Sim";4;0;2;0;2;0;2;2;-19,8090079;-44,09493479;"SPRF-MG";"DEL01-MG";"UOP02-DEL01-MG"
367861;2021-07-02;"sexta-feira";"19:40:00";"SC";282;1,5;"SAO JOSE";"Condutor deixou de manter distância do veículo da frente";"Colisão traseira";"Com Vítimas Feridas";"Plena Noite";"Crescente";"Nublado";"Dupla";"Reta";"Sim";3;0;2;0;1;0;2;3;-27,602955;-48,580509;"SPRF-SC";"DEL01-SC";"UOP01-DEL01-SC"
367862;2021-07-02;"sexta-feira";"19:00:00";"SP";116;273;"TABOAO DA SERRA";"Acessar a via sem observar a presença dos outros veículos";"Atropelamento de Pedestre";"Com Vítimas Feridas";"Plena Noite";"Decrescente";"Céu Claro";"Múltipla";"Reta";"Sim";4;0;0;1;3;0;1;2;-23,62809795;-46,81870306;"SPRF-SP";"DEL04-SP";"UOP01-DEL04-SP"
367863;2021-07-02;"sexta-feira";"19:50:00";"ES";101;125,4;"SOORETAMA";"Condutor desrespeitou a iluminação vermelha do semáforo";"Colisão traseira";"Com Vítimas Feridas";"Plena Noite";"Crescente";"Céu Claro";"Dupla";"Reta";"Sim";3;0;1;0;0;2;1;3;-19,18496498;-40,09429827;"SPRF-ES";"DEL04-ES";"UOP01-DEL04-ES"
367864;2021-07-02;"sexta-feira";"17:06:00";"RO";364;13;"VILHENA";"Ingestão de álcool e/ou substâncias psicoativas pelo pedestre";"Colisão lateral mesmo sentido";"Com Vítimas Feridas";"Pleno dia";"Crescente";"Céu Claro";"Dupla";"Reta";"Sim";2;0;1;0;1;0;1;2;-12,74140004;-60,13026401;"SPRF-RO";"DEL04-RO";"UOP01-DEL04-RO"
367865;2021-07-02;"sexta-feira";"19:20:00";"RS";470;195;"BENTO GONCALVES";"Velocidade Incompatível";"Saída de leito carroçável";"Sem Vítimas";"Plena Noite";"Decrescente";"Céu Claro";"Simples";"Curva";"Não";3;0;0;0;3;0;0;1;-29,05097073;-51,58205288;"SPRF-RS";"DEL06-RS";"UOP02-DEL06-RS"
367866;2021-07-02;"sexta-feira";"19:40:00";"SC";101;215;"PALHOCA";"Acesso irregular";"Colisão lateral mesmo sentido";"Sem Vítimas";"Plena Noite";"Decrescente";"Céu Claro";"Dupla";"Reta";"Sim";2;0;0;0;2;0;0;2;-27,65184843;-48,67604941;"SPRF-SC";"DEL01-SC";"UOP02-DEL01-SC"
367867;2021-07-02;"sexta-feira";"14:59:00";"RO";0;0;"VILHENA";"Ingestão de álcool pelo condutor";"Colisão transversal";"Sem Vítimas";"Pleno dia";"Não Informado";"Céu Claro";"Simples";"Interseção de Vias";"Sim";4;0;0;0;4;0;0;2;-12,74605898;-60,11270299;"SPRF-RO";"DEL04-RO";"UOP01-DEL04-RO"
367868;2021-07-02;"sexta-feira";"20:00:00";"SC";282;16;"PALHOCA";"Desrespeitar a preferência no cruzamento";"Colisão lateral mesmo sentido";"Com Vítimas Feridas";"Plena Noite";"Crescente";"Céu Claro";"Dupla";"Reta";"Sim";3;0;1;1;1;0;2;2;-27,658611;-48,681847;"SPRF-SC";"DEL01-SC";"UOP02-DEL01-SC"
367869;2021-07-02;"sexta-feira";"18:55:00";"RR";401;2;"CANTA";"Ingestão de álcool pelo condutor";"Colisão frontal";"Com Vítimas Feridas";"Plena Noite";"Crescente";"Céu Claro";"Simples";"Reta";"Não";2;0;1;0;1;0;1;2;2,79809718;-60,6745759;"SPRF-RR";"DEL01-RR";"UOP01-DEL01-RR"
367870;2021-07-02;"sexta-feira";"19:40:00";"RJ";116;256,8;"PIRAI";"Velocidade Incompatível";"Colisão traseira";"Com Vítimas Feridas";"Plena Noite";"Decrescente";"Céu Claro";"Dupla";"Reta";"Não";2;0;1;0;1;0;1;2;-22,59136855;-44,06644106;"SPRF-RJ";"DEL07-RJ";"UOP02-DEL07-RJ"
367871;2021-07-02;"sexta-feira";"20:00:00";"MG";262;37;"MANHUACU";"Trafegar com motocicleta (ou similar) entre as faixas";"Colisão lateral mesmo sentido";"Com Vítimas Feridas";"Plena Noite";"Crescente";"Céu Claro";"Simples";"Reta";"Sim";2;0;1;0;1;0;1;2;-20,25748975;-42,03048732;"SPRF-MG";"DEL06-MG";"UOP03-DEL06-MG"
367872;2021-07-02;"sexta-feira";"19:30:00";"SC";101;105,2;"PENHA";"Reação tardia ou ineficiente do condutor";"Colisão traseira";"Sem Vítimas";"Plena Noite";"Crescente";"Céu Claro";"Dupla";"Reta";"Não";2;0;0;0;2;0;0;2;-26,80215497;-48,67891041;"SPRF-SC";"DEL03-SC";"UOP02-DEL03-SC"
367873;2021-07-02;"sexta-feira";"20:00:00";"RS";116;250,3;"SAO LEOPOLDO";"Mal súbito do condutor";"Colisão com objeto";"Com Vítimas Feridas";"Plena Noite";"Decrescente";"Céu Claro";"Dupla";"Reta";"Sim";1;0;1;0;0;0;1;1;-29,79148798;-51,16399615;"SPRF-RS";"DEL01-RS";"UOP02-DEL01-RS"
367874;2021-07-02;"sexta-feira";"19:10:00";"MT";163;840;"SINOP";"Acessar a via sem observar a presença dos outros veículos";"Colisão transversal";"Com Vítimas Feridas";"Plena Noite";"Crescente";"Céu Claro";"Simples";"Reta";"Não";2;0;1;0;1;0;1;2;-11,817;-55,484;"SPRF-MT";"DEL06-MT";"NPF/DEL06-MT"
367875;2021-07-02;"sexta-feira";"20:20:00";"CE";116;12;"FORTALEZA";"Pista esburacada";"Queda de ocupante de veículo";"Com Vítimas Feridas";"Plena Noite";"Decrescente";"Nublado";"Dupla";"Declive";"Sim";1;0;1;0;0;0;1;1;-3,852077;-38,495525;"SPRF-CE";"DEL01-CE";"UOP02-DEL01-CE"
367876;2021-07-02;"sexta-feira";"19:15:00";"RS";290;6,8;"OSORIO";"Manobra de mudança de faixa";"Colisão lateral mesmo sentido";"Com Vítimas Feridas";"Plena Noite";"Decrescente";"Céu Claro";"Dupla";"Reta";"Não";7;0;2;0;5;0;2;2;-29,89732;-50,342324;"SPRF-RS";"DEL03-RS";"UOP01-DEL03-RS"
367877;2021-07-02;"sexta-feira";"17:40:00";"MG";262;815;"UBERABA";"Acessar a via sem observar a presença dos outros veículos";"Colisão traseira";"Sem Vítimas";"Anoitecer";"Decrescente";"Céu Claro";"Dupla";"Curva;Interseção de Vias;Retorno Regulamentado";"Sim";2;0;0;0;2;0;0;2;-19,76466268;-48,12500294;"SPRF-MG";"DEL13-MG";"UOP01-DEL13-MG"
367879;2021-07-02;"sexta-feira";"19:40:00";"PR";0;0;"CASCAVEL";"Avarias e/ou desgaste excessivo no pneu";"Tombamento";"Com Vítimas Feridas";"Plena Noite";"Não Informado";"Céu Claro";"Simples";"Reta";"Não";2;0;1;0;1;0;1;1;-24,8326;-53,3005;"SPRF-PR";"DEL04-PR";"UOP03-DEL04-PR"
367880;2021-07-02;"sexta-feira";"18:00:00";"RO";364;712;"PORTO VELHO";"Condutor deixou de manter distância do veículo da frente";"Colisão traseira";"Sem Vítimas";"Plena Noite";"Crescente";"Céu Claro";"Dupla";"Viaduto;Declive;Reta";"Sim";3;0;0;0;3;0;0;2;-8,776137;-63,874716;"SPRF-RO";"DEL01-RO";"UOP01-DEL01-RO"
367881;2021-07-02;"sexta-feira";"20:05:00";"MG";116;530,4;"CARATINGA";"Pedestre cruzava a pista fora da faixa";"Atropelamento de Pedestre";"Com Vítimas Feridas";"Plena Noite";"Decrescente";"Nublado";"Simples";"Reta";"Sim";2;0;2;0;0;0;2;2;-19,81067298;-42,13539446;"SPRF-MG";"DEL06-MG";"UOP02-DEL06-MG"
367882;2021-07-02;"sexta-feira";"20:40:00";"SP";116;197;"ARUJA";"Ausência de reação do condutor";"Colisão lateral mesmo sentido";"Com Vítimas Feridas";"Plena Noite";"Crescente";"Nublado";"Múltipla";"Aclive";"Não";2;0;0;1;0;1;1;2;-23,39721625;-46,29284287;"SPRF-SP";"DEL01-SP";"UOP01-DEL01-SP"
367883;2021-07-02;"sexta-feira";"16:30:00";"RJ";40;102;"DUQUE DE CAXIAS";"Problema com o freio";"Colisão traseira";"Com Vítimas Feridas";"Anoitecer";"Decrescente";"Céu Claro";"Simples";"Viaduto";"Sim";3;0;1;0;2;0;1;3;-22,61089297;-43,28656077;"SPRF-RJ";"DEL01-RJ";"UOP01-DEL01-RJ"
367884;2021-07-02;"sexta-feira";"21:20:00";"RN";226;176,5;"CURRAIS NOVOS";"Desrespeitar a preferência no cruzamento";"Colisão transversal";"Com Vítimas Feridas";"Plena Noite";"Decrescente";"Céu Claro";"Dupla";"Reta";"Sim";2;0;1;0;1;0;1;2;-6,26216835;-36,51661662;"SPRF-RN";"DEL03-RN";"UOP02-DEL03-RN"
367885;2021-07-02;"sexta-feira";"19:50:00";"SC";163;68,5;"SAO MIGUEL DO OESTE";"Ingestão de álcool pelo condutor";"Colisão transversal";"Com Vítimas Feridas";"Plena Noite";"Decrescente";"Céu Claro";"Dupla";"Reta;Aclive";"Sim";2;0;1;0;1;0;1;2;-26,75038301;-53,50086841;"SPRF-SC";"DEL07-SC";"UOP03-DEL07-SC"
367887;2021-07-02;"sexta-feira";"20:50:00";"GO";60;171;"GOIANIA";"Falta de acostamento";"Colisão traseira";"Com Vítimas Feridas";"Plena Noite";"Crescente";"Céu Claro";"Dupla";"Reta";"Sim";2;0;2;0;0;0;2;2;-16,7333;-49,3996;"SPRF-GO";"DEL01-GO";"UOP02-DEL01-GO"
367888;2021-07-02;"sexta-feira";"21:25:00";"RS";101;84;"OSORIO";"Ingestão de álcool pelo condutor";"Colisão lateral mesmo sentido";"Sem Vítimas";"Plena Noite";"Decrescente";"Céu Claro";"Dupla";"Reta";"Sim";4;0;0;0;4;0;0;2;-29,84322488;-50,24558869;"SPRF-RS";"DEL03-RS";"UOP01-DEL03-RS"
367889;2021-07-02;"sexta-feira";"21:20:00";"MG";262;359,8;"BETIM";"Velocidade Incompatível";"Tombamento";"Com Vítimas Feridas";"Plena Noite";"Crescente";"Céu Claro";"Dupla";"Reta";"Não";2;0;1;1;0;0;2;1;-19,98332234;-44,20214426;"SPRF-MG";"DEL01-MG";"UOP03-DEL01-MG"
367893;2021-07-02;"sexta-feira";"22:00:00";"DF";20;10;"BRASILIA";"Velocidade Incompatível";"Colisão traseira";"Com Vítimas Feridas";"Plena Noite";"Crescente";"Céu Claro";"Dupla";"Reta";"Sim";2;0;1;0;1;0;1;2;-15,650243;-47,773872;"SPRF-DF";"DEL02-DF";"UOP01-DEL02-DF"
367894;2021-07-02;"sexta-feira";"19:15:00";"BA";324;296,5;"JACOBINA";"Velocidade Incompatível";"Saída de leito carroçável";"Com Vítimas Feridas";"Plena Noite";"Decrescente";"Nublado";"Simples";"Curva";"Sim";1;0;1;0;0;0;1;1;-11,18659044;-40,50588369;"SPRF-BA";"DEL04-BA";"UOP02-DEL04-BA"
367895;2021-07-02;"sexta-feira";"20:50:00";"ES";259;63;"COLATINA";"Ausência de reação do condutor";"Colisão transversal";"Com Vítimas Feridas";"Plena Noite";"Crescente";"Céu Claro";"Dupla";"Interseção de Vias";"Sim";1;0;0;1;0;0;1;1;-19,52753463;-40,69869585;"SPRF-ES";"DEL02-ES";"UOP01-DEL02-ES"
367897;2021-07-02;"sexta-feira";"20:45:00";"SC";282;580,8;"PINHALZINHO";"Acessar a via sem observar a presença dos outros veículos";"Colisão transversal";"Com Vítimas Feridas";"Plena Noite";"Crescente";"Céu Claro";"Simples";"Declive;Reta";"Sim";2;0;0;1;1;0;1;2;-26,832148;-52,994308;"SPRF-SC";"DEL07-SC";"UOP02-DEL07-SC"
367899;2021-05-19;"quarta-feira";"21:15:00";"ES";101;146;"LINHARES";"Entrada inopinada do pedestre";"Atropelamento de Pedestre";"Com Vítimas Feridas";"Plena Noite";"Decrescente";"Céu Claro";"Simples";"Reta";"Sim";2;0;1;1;0;0;2;2;-19,36990998;-40,06560718;"SPRF-ES";"DEL04-ES";"UOP01-DEL04-ES"
367900;2021-07-02;"sexta-feira";"23:20:00";"RS";392;119;"CANGUCU";"Iluminação deficiente";"Colisão com objeto";"Com Vítimas Feridas";"Plena Noite";"Crescente";"Nublado";"Simples";"Reta";"Não";2;0;2;0;0;0;2;2;-31,39884811;-52,68472032;"SPRF-RS";"DEL07-RS";"UOP01-DEL07-RS"
367902;2021-07-02;"sexta-feira";"21:30:00";"PR";153;455;"UNIAO DA VITORIA";"Ingestão de álcool pelo condutor";"Colisão com objeto";"Com Vítimas Feridas";"Plena Noite";"Crescente";"Céu Claro";"Simples";"Reta";"Não";1;0;1;0;0;0;1;1;-26,24200074;-51,15921021;"SPRF-PR";"DEL02-PR";"UOP03-DEL02-PR"
367903;2021-06-20;"domingo";"21:00:00";"RS";293;280;"DOM PEDRITO";"Reação tardia ou ineficiente do condutor";"Saída de leito carroçável";"Com Vítimas Feridas";"Plena Noite";"Crescente";"Nublado";"Simples";"Reta";"Não";1;0;0;1;0;0;1;1;-30,85854204;-54,94359201;"SPRF-RS";"DEL11-RS";"UOP01-DEL11-RS"
367904;2021-07-02;"sexta-feira";"19:20:00";"MA";316;480;"CODO";"Condutor deixou de manter distância do veículo da frente";"Colisão traseira";"Com Vítimas Feridas";"Plena Noite";"Decrescente";"Céu Claro";"Simples";"Reta";"Não";2;0;0;1;0;1;1;2;-4,625822;-43,914001;"SPRF-MA";"DEL03-MA";"UOP02-DEL03-MA"
367905;2021-07-02;"sexta-feira";"23:15:00";"PB";230;35;"SANTA RITA";"Velocidade Incompatível";"Capotamento";"Com Vítimas Feridas";"Plena Noite";"Decrescente";"Garoa/Chuvisco";"Simples";"Interseção de Vias;Declive";"Sim";1;0;1;0;0;0;1;1;-7,12519632;-34,9456401;"SPRF-PB";"DEL01-PB";"UOP01-DEL01-PB"
367906;2021-07-02;"sexta-feira";"19:00:00";"RS";468;131,9;"TIRADENTES DO SUL";"Acumulo de areia ou detritos sobre o pavimento";"Queda de ocupante de veículo";"Com Vítimas Feridas";"Anoitecer";"Crescente";"Céu Claro";"Simples";"Reta";"Não";1;0;1;0;0;0;1;1;-27,37751185;-54,10296799;"SPRF-RS";"DEL08-RS";"UOP02-DEL08-RS"
367907;2021-07-02;"sexta-feira";"22:34:00";"TO";153;345;"GUARAI";"Ultrapassagem Indevida";"Colisão frontal";"Com Vítimas Feridas";"Pleno dia";"Crescente";"Céu Claro";"Simples";"Reta";"Não";2;0;0;1;0;1;1;2;-8,93568917;-48,50773634;"SPRF-TO";"DEL02-TO";"UOP01-DEL02-TO"