"id";"data_inversa";"dia_semana";"horario";"uf";"br";"km";"municipio";"causa_acidente";"tipo_acidente";"classificacao_acidente";"fase_dia";"sentido_via";"condicao_metereologica";"tipo_pista";"tracado_via";"uso_solo";"pessoas";"mortos";"feridos_leves";"feridos_graves";"ilesos";"ignorados";"feridos";"veiculos";"latitude";"longitude";"regional";"delegacia";"uop"
368028;2021-07-03;"sábado";"12:20:00";"RS";470;180;"VERANOPOLIS";"Condutor deixou de manter distância do veículo da frente";"Colisão traseira";"Com Vítimas Feridas";"Pleno dia";"Crescente";"Céu Claro";"Simples";"Reta";"Sim";3;0;1;0;2;0;1;2;-28,96481707;-51,56355732;"SPRF-RS";"DEL06-RS";"UOP02-DEL06-RS"
368029;2021-07-03;"sábado";"13:30:00";"SC";470;54;"BLUMENAU";"Manobra de mudança de faixa";"Colisão lateral mesmo sentido";"Com Vítimas Feridas";"Pleno dia";"Crescente";"Céu Claro";"Simples";"Reta";"Sim";2;0;1;0;1;0;1;2;-26,871065;-49,110374;"SPRF-SC";"DEL04-SC";"UOP01-DEL04-SC"
368030;2021-06-29;"terça-feira";"20:25:00";"PE";116;26;"SALGUEIRO";"Acessar a via sem observar a presença dos outros veículos";"Colisão transversal";"Com Vítimas Feridas";"Plena Noite";"Crescente";"Céu Claro";"Simples";"Reta";"Sim";3;0;1;0;2;0;1;2;-8,078546;-39,130867;"SPRF-PE";"DEL05-PE";"UOP01-DEL05-PE"
368032;2021-07-03;"sábado";"13:25:00";"GO";40;12,4;"LUZIANIA";"Acessar a via sem observar a presença dos outros veículos";"Colisão transversal";"Com Vítimas Feridas";"Pleno dia";"Decrescente";"Céu Claro";"Dupla";"Reta";"Sim";3;0;1;1;1;0;2;2;-16,1502818;-47,94063633;"SPRF-DF";"DEL01-DF";"UOP01-DEL01-DF"
368034;2021-07-03;"sábado";"13:50:00";"GO";50;280;"CATALAO";"Desrespeitar a preferência no cruzamento";"Colisão transversal";"Com Vítimas Feridas";"Pleno dia";"Crescente";"Céu Claro";"Simples";"Interseção de Vias";"Não";2;0;1;0;1;0;1;2;-18,18172392;-47,94135209;"SPRF-GO";"DEL06-GO";"UOP01-DEL06-GO"
368035;2021-07-03;"sábado";"13:00:00";"GO";70;1;"AGUAS LINDAS DE GOIAS";"Reação tardia ou ineficiente do condutor";"Saída de leito carroçável";"Sem Vítimas";"Pleno dia";"Decrescente";"Céu Claro";"Dupla";"Reta;Declive";"Não";1;0;0;0;1;0;0;1;-15,77579351;-48,23259001;"SPRF-DF";"DEL03-DF";"UOP02-DEL03-DF"
368036;2021-07-03;"sábado";"13:15:00";"GO";60;222;"CEZARINA";"Objeto estático sobre o leito carroçável";"Incêndio";"Sem Vítimas";"Pleno dia";"Decrescente";"Céu Claro";"Dupla";"Reta";"Não";1;0;0;0;1;0;0;1;-16,9927;-49,7616;"SPRF-GO";"DEL01-GO";"UOP02-DEL01-GO"
368037;2021-07-03;"sábado";"13:30:00";"MG";40;528;"CONTAGEM";"Ausência de reação do condutor";"Colisão com objeto";"Com Vítimas Fatais";"Pleno dia";"Crescente";"Céu Claro";"Dupla";"Reta";"Sim";2;1;0;1;0;0;1;1;-19,90883179;-44,04436577;"SPRF-MG";"DEL01-MG";"UOP02-DEL01-MG"
368038;2021-07-03;"sábado";"08:30:00";"RS";470;168;"VILA FLORES";"Conversão proibida";"Colisão transversal";"Com Vítimas Feridas";"Pleno dia";"Decrescente";"Céu Claro";"Simples";"Reta";"Não";2;0;1;0;1;0;1;2;-28,85711814;-51,55698016;"SPRF-RS";"DEL06-RS";"UOP02-DEL06-RS"
368039;2021-07-03;"sábado";"12:00:00";"SC";101;118,5;"ITAJAI";"Reação tardia ou ineficiente do condutor";"Colisão traseira";"Com Vítimas Feridas";"Pleno dia";"Crescente";"Sol";"Múltipla";"Reta";"Sim";4;0;2;0;2;0;2;3;-26,895859;-48,71903;"SPRF-SC";"DEL04-SC";"UOP04-DEL04-SC"
368046;2021-07-03;"sábado";"13:55:00";"MT";174;39,8;"VILA BELA DA SANTISSIMA TRINDADE";"Reação tardia ou ineficiente do condutor";"Saída de leito carroçável";"Com Vítimas Fatais";"Pleno dia";"Crescente";"Céu Claro";"Simples";"Reta";"Não";3;1;2;0;0;0;2;1;-15,00315785;-59,94861603;"SPRF-MT";"DEL04-MT";"UOP01-DEL04-MT"
368048;2021-07-03;"sábado";"14:30:00";"RS";392;352,7;"SANTA MARIA";"Desrespeitar a preferência no cruzamento";"Colisão transversal";"Com Vítimas Feridas";"Pleno dia";"Crescente";"Céu Claro";"Dupla";"Interseção de Vias;Reta";"Sim";3;0;0;3;0;0;3;2;-29,720404;-53,807632;"SPRF-RS";"DEL09-RS";"UOP01-DEL09-RS"
368049;2021-07-03;"sábado";"14:40:00";"MG";365;612,9;"UBERLANDIA";"Ausência de reação do condutor";"Colisão traseira";"Com Vítimas Feridas";"Pleno dia";"Decrescente";"Céu Claro";"Simples";"Reta";"Sim";3;0;1;1;1;0;2;2;-18,918477;-48,209265;"SPRF-MG";"DEL15-MG";"UOP01-DEL15-MG"
368050;2021-07-03;"sábado";"14:00:00";"MG";40;511,7;"RIBEIRAO DAS NEVES";"Manobra de mudança de faixa";"Colisão transversal";"Com Vítimas Feridas";"Pleno dia";"Crescente";"Céu Claro";"Dupla";"Retorno Regulamentado";"Não";2;0;1;0;1;0;1;2;-19,78164295;-44,11733194;"SPRF-MG";"DEL01-MG";"UOP02-DEL01-MG"
368051;2021-07-03;"sábado";"14:05:00";"DF";70;3;"BRASILIA";"Acessar a via sem observar a presença dos outros veículos";"Colisão lateral mesmo sentido";"Sem Vítimas";"Pleno dia";"Crescente";"Sol";"Dupla";"Retorno Regulamentado;Curva";"Sim";2;0;0;0;1;1;0;2;-15,802453;-48,080387;"SPRF-DF";"DEL03-DF";"UOP02-DEL03-DF"
368053;2021-07-03;"sábado";"03:50:00";"PR";476;146,8;"CURITIBA";"Ausência de reação do condutor";"Colisão com objeto";"Sem Vítimas";"Plena Noite";"Crescente";"Céu Claro";"Dupla";"Declive;Reta";"Sim";1;0;0;0;1;0;0;1;-25,551186;-49,330109;"SPRF-PR";"DEL01-PR";"UOP03-DEL01-PR"
368055;2021-07-03;"sábado";"14:30:00";"RS";472;562,7;"URUGUAIANA";"Transitar na contramão";"Colisão frontal";"Com Vítimas Fatais";"Pleno dia";"Decrescente";"Céu Claro";"Simples";"Reta";"Não";2;1;1;0;0;0;1;2;-29,68921223;-56,91214659;"SPRF-RS";"DEL13-RS";"UOP01-DEL13-RS"
368056;2021-07-03;"sábado";"14:15:00";"MG";0;0;"ABRE CAMPO";"Acessar a via sem observar a presença dos outros veículos";"Colisão frontal";"Com Vítimas Feridas";"Pleno dia";"Não Informado";"Céu Claro";"Simples";"Curva";"Não";2;0;1;1;0;0;2;2;-20,33875205;-42,43160248;"SPRF-MG";"DEL03-MG";"UOP03-DEL03-MG"
368059;2021-07-03;"sábado";"15:20:00";"BA";116;530,7;"ITATIM";"Ultrapassagem Indevida";"Colisão frontal";"Com Vítimas Fatais";"Pleno dia";"Decrescente";"Céu Claro";"Simples";"Reta";"Não";4;1;2;1;0;0;3;2;-12,7473749;-39,7930524;"SPRF-BA";"DEL03-BA";"UOP02-DEL03-BA"
368060;2021-07-03;"sábado";"15:15:00";"RJ";40;55,9;"PETROPOLIS";"Ausência de reação do condutor";"Colisão com objeto";"Com Vítimas Feridas";"Pleno dia";"Decrescente";"Céu Claro";"Dupla";"Reta";"Sim";2;0;1;0;1;0;1;1;-22,35382783;-43,12184226;"SPRF-RJ";"DEL05-RJ";"UOP02-DEL05-RJ"
368061;2021-07-03;"sábado";"15:50:00";"GO";153;493;"GOIANIA";"Demais falhas mecânicas ou elétricas";"Incêndio";"Sem Vítimas";"Pleno dia";"Decrescente";"Céu Claro";"Simples";"Reta";"Sim";1;0;0;0;1;0;0;1;-16,6537;-49,2172;"SPRF-GO";"DEL01-GO";"UOP01-DEL01-GO"
368062;2021-07-03;"sábado";"14:52:00";"PR";277;536,7;"IBEMA";"Velocidade Incompatível";"Saída de leito carroçável";"Com Vítimas Fatais";"Pleno dia";"Decrescente";"Sol";"Simples";"Reta";"Sim";2;1;0;0;0;1;0;2;-25,11310089;-53,00093021;"SPRF-PR";"DEL04-PR";"UOP01-DEL04-PR"
368065;2021-07-03;"sábado";"16:55:00";"PR";369;177;"ROLANDIA";"Velocidade Incompatível";"Saída de leito carroçável";"Com Vítimas Feridas";"Pleno dia";"Decrescente";"Céu Claro";"Simples";"Curva";"Sim";1;0;0;1;0;0;1;1;-23,348983;-51,385487;"SPRF-PR";"DEL07-PR";"UOP01-DEL07-PR"
368066;2021-07-03;"sábado";"15:30:00";"PE";232;265,4;"ARCOVERDE";"Conversão proibida";"Colisão transversal";"Com Vítimas Feridas";"Pleno dia";"Decrescente";"Garoa/Chuvisco";"Simples";"Reta";"Não";3;0;2;0;1;0;2;2;-8,40839508;-37,17389501;"SPRF-PE";"DEL03-PE";"UOP02-DEL03-PE"
368067;2021-07-03;"sábado";"16:46:00";"RS";116;243;"SAO LEOPOLDO";"Frear bruscamente";"Colisão traseira";"Com Vítimas Feridas";"Pleno dia";"Crescente";"Céu Claro";"Dupla";"Reta";"Sim";3;0;1;0;2;0;1;2;-29,73196199;-51,14952004;"SPRF-RS";"DEL01-RS";"UOP02-DEL01-RS"
368068;2021-07-03;"sábado";"16:35:00";"SC";101;41,9;"JOINVILLE";"Ausência de reação do condutor";"Colisão com objeto";"Com Vítimas Feridas";"Pleno dia";"Crescente";"Céu Claro";"Dupla";"Reta";"Sim";1;0;1;0;0;0;1;1;-26,32335447;-48,86813164;"SPRF-SC";"DEL03-SC";"UOP01-DEL03-SC"
368070;2021-07-03;"sábado";"11:30:00";"RJ";356;111;"CARDOSO MOREIRA";"Ausência de reação do condutor";"Saída de leito carroçável";"Com Vítimas Feridas";"Pleno dia";"Crescente";"Céu Claro";"Simples";"Reta";"Não";1;0;1;0;0;0;1;1;-21,56503521;-41,44643928;"SPRF-RJ";"DEL08-RJ";"UOP03-DEL08-RJ"
368073;2021-07-03;"sábado";"17:15:00";"PR";369;202;"APUCARANA";"Acessar a via sem observar a presença dos outros veículos";"Colisão transversal";"Com Vítimas Feridas";"Pleno dia";"Decrescente";"Céu Claro";"Simples";"Interseção de Vias";"Sim";2;0;1;0;0;1;1;2;-23,54357512;-51,45460188;"SPRF-PR";"DEL07-PR";"UOP02-DEL07-PR"
368075;2021-07-03;"sábado";"16:30:00";"SC";470;101;"APIUNA";"Condutor deixou de manter distância do veículo da frente";"Colisão traseira";"Com Vítimas Feridas";"Pleno dia";"Crescente";"Céu Claro";"Simples";"Reta";"Não";2;0;1;0;0;1;1;2;-27,053085;-49,390018;"SPRF-SC";"DEL04-SC";"UOP02-DEL04-SC"
368078;2021-07-03;"sábado";"14:30:00";"MG";262;37,8;"MANHUACU";"Transitar na contramão";"Colisão lateral sentido oposto";"Sem Vítimas";"Pleno dia";"Crescente";"Sol";"Simples";"Curva";"Sim";3;0;0;0;2;1;0;2;-20,25748975;-42,03048732;"SPRF-MG";"DEL06-MG";"UOP03-DEL06-MG"
368079;2021-07-03;"sábado";"15:30:00";"MG";50;12;"ARAGUARI";"Objeto estático sobre o leito carroçável";"Colisão com objeto";"Sem Vítimas";"Pleno dia";"Decrescente";"Céu Claro";"Dupla";"Reta";"Não";2;0;0;0;2;0;0;1;-18,52177385;-48,04049838;"SPRF-MG";"DEL15-MG";"UOP02-DEL15-MG"
368080;2021-07-03;"sábado";"16:30:00";"RJ";101;72,7;"CAMPOS DOS GOYTACAZES";"Conversão proibida";"Colisão frontal";"Com Vítimas Feridas";"Pleno dia";"Decrescente";"Céu Claro";"Simples";"Reta";"Não";2;0;0;1;1;0;1;2;-21,79172802;-41,38837798;"SPRF-RJ";"DEL08-RJ";"UOP02-DEL08-RJ"
368082;2021-07-03;"sábado";"17:10:00";"RS";470;211;"BENTO GONCALVES";"Reação tardia ou ineficiente do condutor";"Colisão frontal";"Com Vítimas Feridas";"Pleno dia";"Crescente";"Céu Claro";"Simples";"Curva";"Não";4;0;4;0;0;0;4;2;-29,12453775;-51,54360394;"SPRF-RS";"DEL06-RS";"UOP01-DEL06-RS"
368083;2021-07-03;"sábado";"17:35:00";"GO";60;168,2;"GOIANIA";"Objeto estático sobre o leito carroçável";"Colisão com objeto";"Com Vítimas Fatais";"Anoitecer";"Decrescente";"Céu Claro";"Dupla";"Reta";"Sim";1;1;0;0;0;0;0;1;-16,7223;-49,3746;"SPRF-GO";"DEL01-GO";"UOP02-DEL01-GO"
368085;2021-07-03;"sábado";"17:45:00";"ES";101;153,5;"LINHARES";"Demais falhas mecânicas ou elétricas";"Queda de ocupante de veículo";"Com Vítimas Feridas";"Anoitecer";"Crescente";"Céu Claro";"Simples";"Reta";"Não";2;0;2;0;0;0;2;1;-19,423338;-40,07872401;"SPRF-ES";"DEL04-ES";"UOP01-DEL04-ES"
368086;2021-07-03;"sábado";"16:50:00";"RS";116;222;"DOIS IRMAOS";"Acessar a via sem observar a presença dos outros veículos";"Colisão transversal";"Com Vítimas Feridas";"Anoitecer";"Crescente";"Céu Claro";"Simples";"Reta";"Sim";2;0;1;0;1;0;1;2;-29,58096695;-51,09515511;"SPRF-RS";"DEL01-RS";"UOP02-DEL01-RS"
368088;2021-07-03;"sábado";"17:58:00";"SC";101;46;"JOINVILLE";"Reação tardia ou ineficiente do condutor";"Colisão com objeto";"Com Vítimas Feridas";"Anoitecer";"Crescente";"Céu Claro";"Dupla";"Reta";"Sim";1;0;1;0;0;0;1;1;-26,35700233;-48,85897458;"SPRF-SC";"DEL03-SC";"UOP01-DEL03-SC"
368090;2021-07-03;"sábado";"18:00:00";"SC";101;356,7;"SANGAO";"Manobra de mudança de faixa";"Colisão transversal";"Com Vítimas Feridas";"Plena Noite";"Decrescente";"Céu Claro";"Simples";"Curva";"Não";2;0;0;1;0;1;1;2;-28,64093909;-49,0989089;"SPRF-SC";"DEL02-SC";"UOP01-DEL02-SC"
368091;2021-01-08;"sexta-feira";"12:10:00";"BA";415;48;"ITABUNA";"Condutor deixou de manter distância do veículo da frente";"Engavetamento";"Com Vítimas Feridas";"Pleno dia";"Crescente";"Céu Claro";"Simples";"Reta";"Sim";3;0;1;0;1;1;1;3;-14,815709;-39,298908;"SPRF-BA";"DEL05-BA";"UOP01-DEL05-BA"
368092;2021-07-03;"sábado";"17:20:00";"SC";101;281,5;"IMBITUBA";"Velocidade Incompatível";"Colisão com objeto";"Com Vítimas Feridas";"Anoitecer";"Crescente";"Céu Claro";"Simples";"Reta";"Não";1;0;1;0;0;0;1;1;-28,20505152;-48,69902557;"SPRF-SC";"DEL02-SC";"UOP03-DEL02-SC"
368093;2021-07-03;"sábado";"17:20:00";"SC";280;180,4;"MAFRA";"Acessar a via sem observar a presença dos outros veículos";"Colisão transversal";"Com Vítimas Feridas";"Pleno dia";"Crescente";"Céu Claro";"Simples";"Reta";"Não";3;0;1;0;1;1;1;3;-26,1759124;-49,8879912;"SPRF-SC";"DEL06-SC";"UOP01-DEL06-SC"
368094;2021-06-05;"sábado";"18:40:00";"PR";369;198;"ARAPONGAS";"Acessar a via sem observar a presença dos outros veículos";"Colisão frontal";"Com Vítimas Feridas";"Plena Noite";"Crescente";"Céu Claro";"Dupla";"Interseção de Vias";"Sim";2;0;1;0;1;0;1;2;-23,52127562;-51,4357084;"SPRF-PR";"DEL07-PR";"UOP02-DEL07-PR"
368095;2021-07-03;"sábado";"18:05:00";"PR";277;721;"FOZ DO IGUACU";"Reação tardia ou ineficiente do condutor";"Saída de leito carroçável";"Com Vítimas Feridas";"Anoitecer";"Crescente";"Céu Claro";"Dupla";"Reta";"Sim";1;0;1;0;0;0;1;1;-25,4911505;-54,51185421;"SPRF-PR";"DEL05-PR";"UOP03-DEL05-PR"
368096;2021-07-03;"sábado";"18:00:00";"SC";101;96,7;"BALNEARIO PICARRAS";"Acessar a via sem observar a presença dos outros veículos";"Colisão transversal";"Com Vítimas Fatais";"Plena Noite";"Crescente";"Céu Claro";"Dupla";"Reta";"Não";2;1;1;0;0;0;1;2;-26,72918;-48,702088;"SPRF-SC";"DEL03-SC";"UOP02-DEL03-SC"
368097;2021-07-03;"sábado";"18:40:00";"DF";80;19,2;"BRASILIA";"Ausência de reação do condutor";"Saída de leito carroçável";"Com Vítimas Feridas";"Plena Noite";"Decrescente";"Céu Claro";"Dupla";"Reta";"Não";2;0;2;0;0;0;2;1;-15,67266791;-48,20457458;"SPRF-DF";"DEL03-DF";"UOP02-DEL03-DF"
368098;2021-07-03;"sábado";"18:30:00";"RS";116;256;"ESTEIO";"Demais falhas mecânicas ou elétricas";"Tombamento";"Com Vítimas Feridas";"Plena Noite";"Decrescente";"Céu Claro";"Múltipla";"Reta";"Sim";1;0;1;0;0;0;1;1;-29,84393699;-51,17728603;"SPRF-RS";"DEL01-RS";"UOP02-DEL01-RS"
368100;2021-07-03;"sábado";"18:45:00";"SC";282;17,7;"PALHOCA";"Ingestão de álcool pelo condutor";"Colisão traseira";"Sem Vítimas";"Plena Noite";"Decrescente";"Nublado";"Simples";"Reta";"Sim";2;0;0;0;2;0;0;2;-27,665707;-48,688065;"SPRF-SC";"DEL01-SC";"UOP02-DEL01-SC"
368101;2021-07-03;"sábado";"17:45:00";"PE";104;74,5;"CARUARU";"Reação tardia ou ineficiente do condutor";"Colisão frontal";"Com Vítimas Fatais";"Plena Noite";"Decrescente";"Chuva";"Simples";"Curva";"Não";2;1;0;1;0;0;1;2;-8,349874;-35,985184;"SPRF-PE";"DEL02-PE";"UOP01-DEL02-PE"
368102;2021-07-03;"sábado";"18:45:00";"MG";40;622,3;"CONSELHEIRO LAFAIETE";"Acumulo de óleo sobre o pavimento";"Queda de ocupante de veículo";"Com Vítimas Feridas";"Plena Noite";"Decrescente";"Céu Claro";"Simples";"Reta";"Não";1;0;1;0;0;0;1;1;-20,601614;-43,806628;"SPRF-MG";"DEL05-MG";"UOP02-DEL05-MG"
368103;2021-07-03;"sábado";"18:55:00";"PB";101;97;"CONDE";"Velocidade Incompatível";"Saída de leito carroçável";"Sem Vítimas";"Plena Noite";"Decrescente";"Nublado";"Dupla";"Reta";"Sim";1;0;0;0;0;1;0;1;-7,23904266;-34,92695332;"SPRF-PB";"DEL01-PB";"UOP02-DEL01-PB"
368105;2021-07-03;"sábado";"19:00:00";"RJ";116;54;"TERESOPOLIS";"Acessar a via sem observar a presença dos outros veículos";"Colisão transversal";"Com Vítimas Feridas";"Plena Noite";"Crescente";"Céu Claro";"Simples";"Reta";"Sim";7;0;2;0;5;0;2;2;-22,20622094;-42,879521;"SPRF-RJ";"DEL04-RJ";"UOP01-DEL04-RJ"
368107;2021-07-03;"sábado";"19:35:00";"MG";116;437,1;"ENGENHEIRO CALDAS";"Ingestão de álcool pelo condutor";"Atropelamento de Pedestre";"Com Vítimas Feridas";"Plena Noite";"Decrescente";"Céu Claro";"Simples";"Reta";"Não";2;0;1;1;0;0;2;2;-19,05204696;-41,99990712;"SPRF-MG";"DEL06-MG";"UOP01-DEL06-MG"
368108;2021-07-03;"sábado";"18:40:00";"MG";365;464;"PATROCINIO";"Ingestão de álcool pelo condutor";"Colisão traseira";"Sem Vítimas";"Plena Noite";"Crescente";"Céu Claro";"Dupla";"Reta";"Não";2;0;0;0;2;0;0;2;-18,89425188;-46,94298207;"SPRF-MG";"DEL10-MG";"UOP01-DEL10-MG"
368110;2021-07-03;"sábado";"18:55:00";"MG";251;468;"FRANCISCO SA";"Deficiência do Sistema de Iluminação/Sinalização";"Colisão traseira";"Com Vítimas Feridas";"Plena Noite";"Crescente";"Céu Claro";"Simples";"Reta";"Não";4;0;1;1;2;0;2;2;-16,48154143;-43,41101901;"SPRF-MG";"DEL12-MG";"UOP01-DEL12-MG"
368113;2021-07-03;"sábado";"18:25:00";"PR";277;721,5;"FOZ DO IGUACU";"Ingestão de álcool pelo condutor";"Colisão traseira";"Sem Vítimas";"Plena Noite";"Decrescente";"Céu Claro";"Dupla";"Reta";"Sim";2;0;0;0;2;0;0;2;-25,4911505;-54,51185421;"SPRF-PR";"DEL05-PR";"UOP03-DEL05-PR"
368114;2021-07-03;"sábado";"18:50:00";"PR";116;148;"MANDIRITUBA";"Ausência de reação do condutor";"Saída de leito carroçável";"Com Vítimas Feridas";"Plena Noite";"Crescente";"Céu Claro";"Simples";"Curva";"Não";1;0;1;0;0;0;1;1;-25,79935303;-49,32952786;"SPRF-PR";"DEL01-PR";"UOP03-DEL01-PR"
368115;2021-07-03;"sábado";"19:30:00";"MG";381;609;"OLIVEIRA";"Reação tardia ou ineficiente do condutor";"Colisão traseira";"Com Vítimas Feridas";"Plena Noite";"Decrescente";"Céu Claro";"Dupla";"Reta";"Sim";2;0;1;0;1;0;1;2;-20,70021201;-44,74879926;"SPRF-MG";"DEL04-MG";"UOP01-DEL04-MG"
368116;2021-07-03;"sábado";"20:00:00";"SP";116;271;"TABOAO DA SERRA";"Reação tardia ou ineficiente do condutor";"Colisão traseira";"Com Vítimas Feridas";"Plena Noite";"Crescente";"Céu Claro";"Múltipla";"Reta";"Sim";2;0;1;0;1;0;1;2;-23,61809286;-46,80556302;"SPRF-SP";"DEL04-SP";"UOP01-DEL04-SP"
368117;2021-07-03;"sábado";"19:50:00";"PB";230;85,5;"JOAO PESSOA";"Pista esburacada";"Tombamento";"Com Vítimas Feridas";"Plena Noite";"Decrescente";"Nublado";"Dupla";"Interseção de Vias";"Sim";1;0;1;0;0;0;1;1;-7,14918286;-34,91178274;"SPRF-PB";"DEL01-PB";"UOP03-DEL01-PB"
368119;2021-07-03;"sábado";"18:45:00";"SC";282;184;"BOCAINA DO SUL";"Pedestre andava na pista";"Atropelamento de Pedestre";"Com Vítimas Feridas";"Plena Noite";"Crescente";"Céu Claro";"Simples";"Reta";"Não";2;0;1;0;1;0;1;2;-27,73336;-49,978264;"SPRF-SC";"DEL05-SC";"UOP01-DEL05-SC"
368120;2021-07-03;"sábado";"19:00:00";"MG";50;161;"UBERABA";"Demais falhas mecânicas ou elétricas";"Saída de leito carroçável";"Sem Vítimas";"Plena Noite";"Crescente";"Céu Claro";"Dupla";"Reta";"Não";1;0;0;0;1;0;0;1;-19,65927188;-48,00251569;"SPRF-MG";"DEL13-MG";"UOP01-DEL13-MG"
368121;2021-05-11;"terça-feira";"10:00:00";"SC";101;92,4;"BARRA VELHA";"Acessar a via sem observar a presença dos outros veículos";"Saída de leito carroçável";"Com Vítimas Feridas";"Pleno dia";"Decrescente";"Céu Claro";"Dupla";"Reta";"Sim";1;0;1;0;0;0;1;1;-26,6806041;-48,6931497;"SPRF-SC";"DEL03-SC";"UOP02-DEL03-SC"
368122;2021-07-03;"sábado";"20:00:00";"MG";381;584;"CARMOPOLIS DE MINAS";"Acessar a via sem observar a presença dos outros veículos";"Colisão frontal";"Com Vítimas Fatais";"Plena Noite";"Decrescente";"Céu Claro";"Dupla";"Reta";"Não";4;1;0;0;3;0;0;2;-20,52949002;-44,63874994;"SPRF-MG";"DEL04-MG";"UOP01-DEL04-MG"
368123;2021-07-03;"sábado";"20:00:00";"MG";381;491;"BETIM";"Manobra de mudança de faixa";"Colisão lateral mesmo sentido";"Com Vítimas Feridas";"Plena Noite";"Decrescente";"Céu Claro";"Dupla";"Reta";"Não";4;0;1;0;3;0;1;2;-19,97018187;-44,18210416;"SPRF-MG";"DEL01-MG";"UOP03-DEL01-MG"
368124;2021-07-03;"sábado";"18:30:00";"MT";163;692;"SORRISO";"Deficiência do Sistema de Iluminação/Sinalização";"Colisão traseira";"Com Vítimas Feridas";"Anoitecer";"Decrescente";"Céu Claro";"Simples";"Reta";"Não";2;0;1;0;1;0;1;2;-13,042928;-55,903414;"SPRF-MT";"DEL06-MT";"UOP01-DEL06-MT"
368126;2021-07-03;"sábado";"20:20:00";"PR";277;692,6;"SAO MIGUEL DO IGUACU";"Ingestão de álcool pelo condutor";"Colisão traseira";"Com Vítimas Feridas";"Plena Noite";"Crescente";"Céu Claro";"Dupla";"Aclive;Reta";"Não";6;0;1;1;4;0;2;2;-25,36774473;-54,26181715;"SPRF-PR";"DEL05-PR";"UOP01-DEL05-PR"
368127;2021-07-03;"sábado";"19:30:00";"ES";262;108,9;"VENDA NOVA DO IMIGRANTE";"Transitar na contramão";"Colisão frontal";"Com Vítimas Feridas";"Plena Noite";"Crescente";"Céu Claro";"Simples";"Reta";"Sim";3;0;0;3;0;0;3;2;-20,33360896;-41,16233002;"SPRF-ES";"DEL01-ES";"UOP02-DEL01-ES"
368128;2021-07-03;"sábado";"20:15:00";"SC";101;416,3;"ARARANGUA";"Pedestre cruzava a pista fora da faixa";"Atropelamento de Pedestre";"Com Vítimas Feridas";"Plena Noite";"Decrescente";"Ignorado";"Simples";"Interseção de Vias";"Sim";2;0;0;1;1;0;1;2;-28,97386829;-49,53074455;"SPRF-SC";"DEL02-SC";"UOP02-DEL02-SC"
368129;2021-07-03;"sábado";"20:15:00";"RS";116;265;"CANOAS";"Condutor desrespeitou a iluminação vermelha do semáforo";"Colisão transversal";"Com Vítimas Feridas";"Plena Noite";"Decrescente";"Céu Claro";"Múltipla";"Interseção de Vias";"Sim";3;0;1;0;2;0;1;2;-29,92342302;-51,17780944;"SPRF-RS";"DEL01-RS";"UOP01-DEL01-RS"
368130;2021-07-03;"sábado";"20:00:00";"MA";230;0;"BARAO DE GRAJAU";"Ingestão de álcool pelo condutor";"Colisão transversal";"Com Vítimas Feridas";"Plena Noite";"Crescente";"Céu Claro";"Simples";"Curva";"Sim";2;0;1;0;1;0;1;2;-6,760894;-43,01105;"SPRF-PI";"DEL03-PI";"UOP01-DEL03-PI"
368133;2021-07-03;"sábado";"20:55:00";"PR";277;594,1;"CASCAVEL";"Acessar a via sem observar a presença dos outros veículos";"Atropelamento de Pedestre";"Com Vítimas Fatais";"Plena Noite";"Decrescente";"Céu Claro";"Simples";"Reta";"Não";21;1;0;0;20;0;0;2;-24,9794792;-53,49232599;"SPRF-PR";"DEL04-PR";"UOP01-DEL04-PR"
368134;2021-06-18;"sexta-feira";"07:50:00";"PR";277;101;"CURITIBA";"Reação tardia ou ineficiente do condutor";"Colisão traseira";"Sem Vítimas";"Pleno dia";"Decrescente";"Céu Claro";"Dupla";"Reta";"Sim";3;0;0;0;3;0;0;3;-25,43275452;-49,37106393;"SPRF-PR";"DEL01-PR";"UOP01-DEL01-PR"
368136;2021-07-03;"sábado";"17:20:00";"MT";364;554;"ROSARIO OESTE";"Avarias e/ou desgaste excessivo no pneu";"Saída de leito carroçável";"Com Vítimas Feridas";"Plena Noite";"Crescente";"Céu Claro";"Dupla";"Reta";"Não";2;0;1;0;1;0;1;1;-14,81871404;-56,42751626;"SPRF-MT";"DEL01-MT";"UOP01-DEL01-MT"
368139;2021-07-03;"sábado";"20:15:00";"PR";116;210,1;"RIO NEGRO";"Velocidade Incompatível";"Capotamento";"Com Vítimas Feridas";"Plena Noite";"Decrescente";"Céu Claro";"Simples";"Reta";"Não";1;0;1;0;0;0;1;1;-26,07479435;-49,76117178;"SPRF-SC";"DEL06-SC";"UOP01-DEL06-SC"
368140;2021-07-03;"sábado";"19:00:00";"SC";282;522,1;"XAXIM";"Ingestão de álcool pelo condutor";"Colisão traseira";"Sem Vítimas";"Plena Noite";"Decrescente";"Céu Claro";"Simples";"Declive";"Sim";2;0;0;0;2;0;0;2;-26,956238;-52,542637;"SPRF-SC";"DEL07-SC";"UOP01-DEL07-SC"