"id";"data_inversa";"dia_semana";"horario";"uf";"br";"km";"municipio";"causa_acidente";"tipo_acidente";"classificacao_acidente";"fase_dia";"sentido_via";"condicao_metereologica";"tipo_pista";"tracado_via";"uso_solo";"pessoas";"mortos";"feridos_leves";"feridos_graves";"ilesos";"ignorados";"feridos";"veiculos";"latitude";"longitude";"regional";"delegacia";"uop"
368252;2021-07-04;"domingo";"11:40:00";"PR";369;133;"IBIPORA";"Acesso irregular";"Colisão transversal";"Com Vítimas Feridas";"Pleno dia";"Crescente";"Céu Claro";"Dupla";"Retorno Regulamentado";"Não";2;0;1;0;1;0;1;2;-23,260456;-51,008663;"SPRF-PR";"DEL07-PR";"UOP01-DEL07-PR"
368253;2021-05-14;"sexta-feira";"23:00:00";"MG";365;613;"UBERLANDIA";"Velocidade Incompatível";"Colisão traseira";"Com Vítimas Feridas";"Plena Noite";"Crescente";"Nublado";"Simples";"Reta";"Sim";2;0;1;0;1;0;1;2;-18,884602;-48,26594;"SPRF-MG";"DEL15-MG";"UOP01-DEL15-MG"
368254;2021-07-04;"domingo";"11:10:00";"RJ";101;325;"RIO DE JANEIRO";"Ausência de reação do condutor";"Colisão traseira";"Com Vítimas Feridas";"Pleno dia";"Crescente";"Céu Claro";"Dupla";"Reta";"Não";3;0;0;1;2;0;1;2;-22,87292569;-43,13625699;"SPRF-RJ";"DEL02-RJ";"UOP02-DEL02-RJ"
368257;2021-07-04;"domingo";"12:20:00";"MS";163;543,9;"BANDEIRANTES";"Reação tardia ou ineficiente do condutor";"Saída de leito carroçável";"Com Vítimas Feridas";"Pleno dia";"Decrescente";"Céu Claro";"Simples";"Reta";"Não";1;0;1;0;0;0;1;1;-19,96315981;-54,37880145;"SPRF-MS";"DEL01-MS";"UOP02-DEL01-MS"
368259;2021-07-04;"domingo";"09:20:00";"GO";40;130;"CRISTALINA";"Condutor Dormindo";"Capotamento";"Com Vítimas Feridas";"Pleno dia";"Decrescente";"Céu Claro";"Dupla";"Reta";"Não";5;0;5;0;0;0;5;1;-16,908807;-47,350073;"SPRF-DF";"DEL01-DF";"UOP02-DEL01-DF"
368260;2021-07-04;"domingo";"10:30:00";"CE";304;53,2;"ARACATI";"Acessar a via sem observar a presença dos outros veículos";"Colisão transversal";"Com Vítimas Feridas";"Pleno dia";"Crescente";"Céu Claro";"Simples";"Interseção de Vias";"Não";4;0;2;0;2;0;2;2;-4,57402355;-37,73636121;"SPRF-CE";"DEL03-CE";"UOP03-DEL03-CE"
368261;2021-07-04;"domingo";"13:50:00";"MG";365;0;"MONTES CLAROS";"Ausência de reação do condutor";"Queda de ocupante de veículo";"Com Vítimas Feridas";"Pleno dia";"Decrescente";"Céu Claro";"Simples";"Reta";"Não";1;0;1;0;0;0;1;1;-16,716154;-43,863327;"SPRF-MG";"DEL12-MG";"UOP01-DEL12-MG"
368262;2021-07-04;"domingo";"13:45:00";"RJ";101;304;"SAO GONCALO";"Reação tardia ou ineficiente do condutor";"Eventos atípicos";"Sem Vítimas";"Pleno dia";"Crescente";"Céu Claro";"Dupla";"Reta";"Sim";2;0;0;0;2;0;0;2;-22,78491869;-42,98627706;"SPRF-RJ";"DEL02-RJ";"UOP02-DEL02-RJ"
368264;2021-07-04;"domingo";"13:15:00";"MS";163;171,3;"JUTI";"Acessar a via sem observar a presença dos outros veículos";"Colisão transversal";"Com Vítimas Feridas";"Pleno dia";"Crescente";"Céu Claro";"Simples";"Curva";"Sim";3;0;2;0;1;0;2;2;-22,87126231;-54,60236046;"SPRF-MS";"DEL09-MS";"UOP01-DEL09-MS"
368265;2021-07-04;"domingo";"13:40:00";"PR";476;132;"CURITIBA";"Pedestre cruzava a pista fora da faixa";"Atropelamento de Pedestre";"Com Vítimas Feridas";"Pleno dia";"Crescente";"Nublado";"Dupla";"Reta";"Sim";2;0;0;1;1;0;1;2;-25,460718;-49,250488;"SPRF-PR";"DEL01-PR";"UOP03-DEL01-PR"
368266;2021-07-04;"domingo";"14:15:00";"SC";101;108;"PENHA";"Avarias e/ou desgaste excessivo no pneu";"Tombamento";"Com Vítimas Feridas";"Pleno dia";"Crescente";"Nublado";"Dupla";"Reta";"Não";2;0;1;0;1;0;1;1;-26,82606902;-48,69052298;"SPRF-SC";"DEL03-SC";"UOP02-DEL03-SC"
368267;2021-07-04;"domingo";"12:10:00";"RJ";465;14;"SEROPEDICA";"Reação tardia ou ineficiente do condutor";"Colisão traseira";"Com Vítimas Feridas";"Pleno dia";"Crescente";"Céu Claro";"Simples";"Reta";"Sim";3;0;1;0;2;0;1;2;-22,804979;-43,638828;"SPRF-RJ";"DEL01-RJ";"UOP03-DEL01-RJ"
368268;2021-07-04;"domingo";"14:00:00";"SC";101;206,9;"SAO JOSE";"Desrespeitar a preferência no cruzamento";"Colisão transversal";"Com Vítimas Feridas";"Pleno dia";"Crescente";"Sol";"Múltipla";"Viaduto;Interseção de Vias";"Sim";2;0;1;0;1;0;1;2;-27,59912951;-48,62207115;"SPRF-SC";"DEL01-SC";"UOP01-DEL01-SC"
368269;2021-07-04;"domingo";"14:35:00";"RS";285;120;"VACARIA";"Reação tardia ou ineficiente do condutor";"Colisão lateral mesmo sentido";"Sem Vítimas";"Pleno dia";"Decrescente";"Sol";"Simples";"Reta";"Sim";2;0;0;0;1;1;0;2;-28,506767;-50,926594;"SPRF-RS";"DEL05-RS";"UOP03-DEL05-RS"
368270;2021-07-04;"domingo";"14:45:00";"ES";101;147;"LINHARES";"Condutor desrespeitou a iluminação vermelha do semáforo";"Colisão transversal";"Com Vítimas Feridas";"Pleno dia";"Decrescente";"Céu Claro";"Simples";"Reta";"Sim";3;0;1;0;2;0;1;2;-19,37887202;-40,06657892;"SPRF-ES";"DEL04-ES";"UOP01-DEL04-ES"
368272;2021-07-04;"domingo";"14:40:00";"MG";381;435,3;"SABARA";"Acumulo de óleo sobre o pavimento";"Tombamento";"Com Vítimas Feridas";"Pleno dia";"Decrescente";"Sol";"Simples";"Curva;Aclive";"Não";2;0;1;1;0;0;2;1;-19,7863028;-43,7341593;"SPRF-MG";"DEL01-MG";"UOP01-DEL01-MG"
368273;2021-07-04;"domingo";"15:10:00";"MG";146;445;"MUZAMBINHO";"Velocidade Incompatível";"Saída de leito carroçável";"Com Vítimas Feridas";"Pleno dia";"Decrescente";"Céu Claro";"Simples";"Curva";"Não";2;0;1;0;1;0;1;1;-21,33654208;-46,55951142;"SPRF-MG";"DEL09-MG";"UOP01-DEL09-MG"
368276;2021-06-26;"sábado";"15:50:00";"MS";163;318,9;"RIO BRILHANTE";"Avarias e/ou desgaste excessivo no pneu";"Tombamento";"Com Vítimas Feridas";"Pleno dia";"Decrescente";"Céu Claro";"Simples";"Reta";"Não";2;0;2;0;0;0;2;1;-21,82778987;-54,53371617;"SPRF-MS";"DEL02-MS";"UOP02-DEL02-MS"
368277;2021-07-04;"domingo";"13:00:00";"RJ";393;108;"SAPUCAIA";"Reação tardia ou ineficiente do condutor";"Queda de ocupante de veículo";"Com Vítimas Feridas";"Pleno dia";"Decrescente";"Céu Claro";"Simples";"Reta";"Sim";2;0;2;0;0;0;2;2;-21,88166934;-42,68707329;"SPRF-RJ";"DEL05-RJ";"UOP01-DEL05-RJ"
368278;2021-07-04;"domingo";"15:15:00";"SC";101;214,2;"PALHOCA";"Ingestão de álcool pelo condutor";"Colisão traseira";"Com Vítimas Feridas";"Pleno dia";"Decrescente";"Sol";"Dupla";"Declive";"Sim";3;0;2;0;1;0;2;2;-27,64443;-48,67057;"SPRF-SC";"DEL01-SC";"UOP02-DEL01-SC"
368279;2021-07-04;"domingo";"15:00:00";"RS";470;234,4;"CARLOS BARBOSA";"Velocidade Incompatível";"Saída de leito carroçável";"Com Vítimas Fatais";"Pleno dia";"Crescente";"Nublado";"Simples";"Curva";"Não";1;1;0;0;0;0;0;1;-29,26860496;-51,49925287;"SPRF-RS";"DEL06-RS";"UOP01-DEL06-RS"
368280;2021-07-04;"domingo";"15:45:00";"GO";153;440,5;"ANAPOLIS";"Reação tardia ou ineficiente do condutor";"Tombamento";"Com Vítimas Feridas";"Pleno dia";"Decrescente";"Céu Claro";"Dupla";"Declive";"Sim";2;0;0;2;0;0;2;1;-16,306765;-48,923847;"SPRF-GO";"DEL02-GO";"UOP01-DEL02-GO"
368281;2021-07-04;"domingo";"15:30:00";"RJ";101;472;"ANGRA DOS REIS";"Retorno proibido";"Colisão lateral sentido oposto";"Com Vítimas Feridas";"Pleno dia";"Decrescente";"Nublado";"Simples";"Reta";"Sim";4;0;2;0;2;0;2;2;-22,988676;-44,23305893;"SPRF-RJ";"DEL03-RJ";"UOP03-DEL03-RJ"
368284;2021-07-04;"domingo";"15:35:00";"CE";222;5,8;"CAUCAIA";"Velocidade Incompatível";"Saída de leito carroçável";"Com Vítimas Feridas";"Pleno dia";"Crescente";"Céu Claro";"Dupla";"Curva;Aclive";"Sim";1;0;1;0;0;0;1;1;-3,74296918;-38,61330997;"SPRF-CE";"DEL01-CE";"UOP01-DEL01-CE"
368286;2021-07-04;"domingo";"15:00:00";"PE";232;117;"BEZERROS";"Reação tardia ou ineficiente do condutor";"Colisão traseira";"Com Vítimas Feridas";"Pleno dia";"Crescente";"Céu Claro";"Dupla";"Reta";"Não";2;0;1;0;1;0;1;2;-8,2952915275;-35,8754959045;"SPRF-PE";"DEL02-PE";"UOP03-DEL02-PE"
368288;2021-07-04;"domingo";"15:00:00";"MS";163;278,7;"DOURADOS";"Ingestão de álcool pelo condutor";"Saída de leito carroçável";"Com Vítimas Feridas";"Pleno dia";"Decrescente";"Céu Claro";"Dupla";"Rotatória";"Não";2;0;1;0;0;1;1;2;-22,14464081;-54,62814331;"SPRF-MS";"DEL04-MS";"UOP01-DEL04-MS"
368291;2021-05-29;"sábado";"22:25:00";"RJ";356;55;"ITAPERUNA";"Ingestão de álcool pelo condutor";"Queda de ocupante de veículo";"Com Vítimas Feridas";"Plena Noite";"Crescente";"Céu Claro";"Simples";"Reta";"Não";1;0;1;0;0;0;1;1;-21,27906;-41,735148;"SPRF-RJ";"DEL08-RJ";"UOP03-DEL08-RJ"
368293;2021-07-04;"domingo";"16:00:00";"MG";381;593;"CARMOPOLIS DE MINAS";"Velocidade Incompatível";"Saída de leito carroçável";"Com Vítimas Fatais";"Pleno dia";"Decrescente";"Céu Claro";"Dupla";"Curva";"Não";2;1;0;1;0;0;1;1;-20,58527993;-44,69380008;"SPRF-MG";"DEL04-MG";"UOP01-DEL04-MG"
368294;2021-07-04;"domingo";"16:20:00";"ES";262;104;"VENDA NOVA DO IMIGRANTE";"Acessar a via sem observar a presença dos outros veículos";"Colisão transversal";"Sem Vítimas";"Anoitecer";"Crescente";"Céu Claro";"Simples";"Rotatória";"Sim";3;0;0;0;3;0;0;2;-20,33061885;-41,12778604;"SPRF-ES";"DEL01-ES";"UOP02-DEL01-ES"
368295;2021-07-04;"domingo";"14:15:00";"RS";116;201,2;"PICADA CAFE";"Velocidade Incompatível";"Saída de leito carroçável";"Com Vítimas Feridas";"Pleno dia";"Crescente";"Céu Claro";"Simples";"Curva";"Não";1;0;1;0;0;0;1;1;-29,48398591;-51,14477293;"SPRF-RS";"DEL05-RS";"UOP02-DEL05-RS"
368296;2021-07-04;"domingo";"14:00:00";"MA";135;24;"BACABEIRA";"Ausência de reação do condutor";"Saída de leito carroçável";"Com Vítimas Feridas";"Pleno dia";"Decrescente";"Garoa/Chuvisco";"Simples";"Reta";"Não";1;0;1;0;0;0;1;1;-2,75938096;-44,35428204;"SPRF-MA";"DEL01-MA";"UOP01-DEL01-MA"
368299;2021-07-04;"domingo";"17:25:00";"SP";116;214,7;"GUARULHOS";"Reação tardia ou ineficiente do condutor";"Colisão com objeto";"Com Vítimas Feridas";"Pleno dia";"Decrescente";"Nublado";"Múltipla";"Reta";"Sim";3;0;2;0;1;0;2;1;-23,44333014;-46,44531294;"SPRF-SP";"DEL01-SP";"UOP01-DEL01-SP"
368300;2021-07-04;"domingo";"13:15:00";"RS";116;166;"CAXIAS DO SUL";"Curva acentuada";"Saída de leito carroçável";"Com Vítimas Feridas";"Pleno dia";"Crescente";"Céu Claro";"Simples";"Curva";"Não";1;0;1;0;0;0;1;1;-29,26709501;-51,15960601;"SPRF-RS";"DEL05-RS";"UOP02-DEL05-RS"
368305;2021-07-04;"domingo";"18:30:00";"GO";153;581,9;"PIRACANJUBA";"Ingestão de álcool pelo condutor";"Saída de leito carroçável";"Com Vítimas Fatais";"Anoitecer";"Decrescente";"Céu Claro";"Dupla";"Curva";"Não";6;2;2;2;0;0;4;1;-17,3907;-49,2271;"SPRF-GO";"DEL03-GO";"UOP01-DEL03-GO"
368306;2021-07-04;"domingo";"17:45:00";"BA";101;266;"SANTO ANTONIO DE JESUS";"Ingestão de álcool pelo condutor";"Saída de leito carroçável";"Com Vítimas Feridas";"Pleno dia";"Decrescente";"Céu Claro";"Simples";"Curva";"Não";1;0;1;0;0;0;1;1;-12,998417;-39,28661;"SPRF-BA";"DEL01-BA";"UOP02-DEL01-BA"
368307;2021-07-04;"domingo";"17:20:00";"MS";262;261;"RIBAS DO RIO PARDO";"Ausência de reação do condutor";"Saída de leito carroçável";"Com Vítimas Feridas";"Plena Noite";"Crescente";"Céu Claro";"Simples";"Reta";"Não";3;0;2;1;0;0;3;1;-20,41755321;-53,94273586;"SPRF-MS";"DEL01-MS";"UOP01-DEL01-MS"
368308;2021-07-04;"domingo";"18:00:00";"SP";116;109;"TAUBATE";"Reação tardia ou ineficiente do condutor";"Colisão traseira";"Com Vítimas Feridas";"Anoitecer";"Crescente";"Garoa/Chuvisco";"Dupla";"Reta";"Sim";2;0;1;0;1;0;1;2;-23,02871304;-45,54517097;"SPRF-SP";"DEL08-SP";"UOP01-DEL08-SP"
368310;2021-07-04;"domingo";"17:50:00";"BA";324;550;"AMELIA RODRIGUES";"Ingestão de álcool pelo condutor";"Colisão traseira";"Sem Vítimas";"Plena Noite";"Crescente";"Nublado";"Simples";"Reta";"Não";3;0;0;0;3;0;0;3;-12,45083644;-38,70979439;"SPRF-BA";"DEL01-BA";"UOP03-DEL01-BA"
368311;2021-07-04;"domingo";"18:25:00";"SC";101;155,1;"PORTO BELO";"Transitar na contramão";"Colisão frontal";"Com Vítimas Fatais";"Anoitecer";"Decrescente";"Nublado";"Simples";"Reta";"Não";3;1;0;1;1;0;1;2;-27,16292;-48,61129;"SPRF-SC";"DEL04-SC";"UOP03-DEL04-SC"
368314;2021-07-04;"domingo";"16:55:00";"MG";50;28;"ARAGUARI";"Ingestão de álcool pelo condutor";"Saída de leito carroçável";"Sem Vítimas";"Pleno dia";"Crescente";"Céu Claro";"Dupla";"Reta;Aclive";"Não";1;0;0;0;1;0;0;1;-18,61851284;-48,1028889;"SPRF-MG";"DEL15-MG";"UOP02-DEL15-MG"
368315;2021-07-04;"domingo";"18:30:00";"GO";60;21,5;"ALEXANIA";"Ingestão de álcool pelo condutor";"Saída de leito carroçável";"Com Vítimas Feridas";"Plena Noite";"Crescente";"Céu Claro";"Dupla";"Reta";"Não";3;0;1;1;1;0;2;2;-16,0963;-48,5202;"SPRF-DF";"DEL03-DF";"UOP01-DEL03-DF"
368318;2021-07-04;"domingo";"18:50:00";"MG";381;477,8;"CONTAGEM";"Manobra de mudança de faixa";"Colisão lateral mesmo sentido";"Com Vítimas Feridas";"Anoitecer";"Decrescente";"Céu Claro";"Dupla";"Aclive";"Sim";1;0;0;1;0;0;1;1;-19,96179268;-44,05041676;"SPRF-MG";"DEL01-MG";"UOP03-DEL01-MG"
368319;2021-07-04;"domingo";"19:15:00";"MG";40;552;"NOVA LIMA";"Velocidade Incompatível";"Colisão traseira";"Com Vítimas Feridas";"Plena Noite";"Decrescente";"Céu Claro";"Dupla";"Reta";"Sim";6;0;2;0;4;0;2;4;-20,06084086;-43,97716423;"SPRF-MG";"DEL01-MG";"UOP02-DEL01-MG"
368320;2021-06-25;"sexta-feira";"20:12:00";"GO";153;496;"GOIANIA";"Objeto estático sobre o leito carroçável";"Queda de ocupante de veículo";"Com Vítimas Feridas";"Pleno dia";"Crescente";"Céu Claro";"Dupla";"Declive";"Sim";1;0;1;0;0;0;1;1;-16,6776;-49,2314;"SPRF-GO";"DEL01-GO";"UOP01-DEL01-GO"
368321;2021-07-04;"domingo";"18:20:00";"CE";222;81,6;"UMIRIM";"Sinalização mal posicionada";"Colisão frontal";"Sem Vítimas";"Plena Noite";"Crescente";"Céu Claro";"Simples";"Curva;Em Obras";"Não";4;0;0;0;2;2;0;2;-3,6766884;-39,27707004;"SPRF-CE";"DEL04-CE";"UOP03-DEL04-CE"
368322;2021-07-04;"domingo";"19:25:00";"PB";101;89;"JOAO PESSOA";"Manobra de mudança de faixa";"Colisão lateral mesmo sentido";"Com Vítimas Feridas";"Plena Noite";"Crescente";"Céu Claro";"Dupla";"Retorno Regulamentado";"Sim";2;0;1;0;0;1;1;2;-7,1710694;-34,89765372;"SPRF-PB";"DEL01-PB";"UOP02-DEL01-PB"
368323;2021-07-04;"domingo";"18:40:00";"PI";316;238;"INHUMA";"Ausência de reação do condutor";"Colisão traseira";"Com Vítimas Feridas";"Plena Noite";"Decrescente";"Céu Claro";"Simples";"Reta";"Não";4;0;2;0;2;0;2;2;-6,63414305;-41,72109548;"SPRF-PI";"DEL04-PI";"UOP02-DEL04-PI"
368324;2021-07-04;"domingo";"19:40:00";"GO";60;15;"ALEXANIA";"Ausência de reação do condutor";"Colisão traseira";"Com Vítimas Feridas";"Plena Noite";"Decrescente";"Céu Claro";"Dupla";"Reta";"Não";4;0;3;0;1;0;3;2;-16,094168;-48,517212;"SPRF-DF";"DEL03-DF";"UOP01-DEL03-DF"
368325;2021-07-04;"domingo";"19:35:00";"RS";290;14;"SANTO ANTONIO DA PATRULHA";"Reação tardia ou ineficiente do condutor";"Saída de leito carroçável";"Com Vítimas Fatais";"Plena Noite";"Crescente";"Céu Claro";"Múltipla";"Curva";"Não";4;1;1;1;0;1;2;2;-29,867801;-50,400866;"SPRF-RS";"DEL03-RS";"UOP01-DEL03-RS"
368326;2021-07-04;"domingo";"18:30:00";"SC";280;6,3;"SAO FRANCISCO DO SUL";"Acessar a via sem observar a presença dos outros veículos";"Colisão transversal";"Com Vítimas Feridas";"Plena Noite";"Crescente";"Nublado";"Simples";"Reta";"Sim";2;0;1;0;1;0;1;2;-26,26569095;-48,63361804;"SPRF-SC";"DEL03-SC";"UOP03-DEL03-SC"
368327;2021-07-04;"domingo";"11:00:00";"RS";116;218,5;"MORRO REUTER";"Acesso irregular";"Colisão transversal";"Com Vítimas Feridas";"Pleno dia";"Crescente";"Céu Claro";"Simples";"Reta";"Não";2;0;1;0;1;0;1;2;-29,55121993;-51,08906202;"SPRF-RS";"DEL05-RS";"UOP02-DEL05-RS"
368328;2021-07-04;"domingo";"18:45:00";"PR";153;24,5;"JACAREZINHO";"Desrespeitar a preferência no cruzamento";"Colisão transversal";"Com Vítimas Feridas";"Plena Noite";"Crescente";"Céu Claro";"Simples";"Interseção de Vias";"Não";5;0;3;0;2;0;3;2;-23,18366424;-49,98244728;"SPRF-PR";"DEL07-PR";"UOP04-DEL07-PR"
368329;2021-07-04;"domingo";"19:45:00";"PE";407;124,2;"PETROLINA";"Conversão proibida";"Saída de leito carroçável";"Com Vítimas Feridas";"Plena Noite";"Decrescente";"Céu Claro";"Dupla";"Curva";"Sim";1;0;0;1;0;0;1;1;-9,36929881;-40,54137139;"SPRF-PE";"DEL06-PE";"UOP01-DEL06-PE"
368330;2021-07-04;"domingo";"17:15:00";"RJ";101;185;"CASIMIRO DE ABREU";"Demais falhas mecânicas ou elétricas";"Incêndio";"Sem Vítimas";"Anoitecer";"Decrescente";"Nublado";"Simples";"Reta";"Não";1;0;0;0;1;0;0;1;-22,43204693;-42,03456101;"SPRF-RJ";"DEL08-RJ";"UOP04-DEL08-RJ"
368331;2021-06-26;"sábado";"18:50:00";"ES";262;4,5;"CARIACICA";"Avarias e/ou desgaste excessivo no pneu";"Queda de ocupante de veículo";"Com Vítimas Feridas";"Plena Noite";"Crescente";"Ignorado";"Múltipla";"Reta";"Sim";1;0;1;0;0;0;1;1;-20,33667057;-40,37896525;"SPRF-ES";"DEL01-ES";"UOP01-DEL01-ES"
368332;2021-07-04;"domingo";"05:30:00";"SC";101;215,5;"PALHOCA";"Reação tardia ou ineficiente do condutor";"Colisão com objeto";"Sem Vítimas";"Amanhecer";"Crescente";"Céu Claro";"Múltipla";"Rotatória";"Sim";1;0;0;0;1;0;0;1;-27,65555451;-48,67902517;"SPRF-SC";"DEL01-SC";"UOP02-DEL01-SC"
368334;2021-07-04;"domingo";"18:00:00";"PR";277;95;"CURITIBA";"Frear bruscamente";"Colisão traseira";"Sem Vítimas";"Anoitecer";"Crescente";"Céu Claro";"Dupla";"Reta";"Não";2;0;0;0;1;1;0;2;-25,430153;-49,342984;"SPRF-PR";"DEL01-PR";"UOP01-DEL01-PR"
368335;2021-07-04;"domingo";"17:40:00";"MG";116;607,1;"SAO JOAO DO MANHUACU";"Transitar na contramão";"Colisão frontal";"Com Vítimas Feridas";"Anoitecer";"Decrescente";"Nublado";"Simples";"Reta";"Não";4;0;2;1;0;1;3;2;-20,38752606;-42,14687854;"SPRF-MG";"DEL06-MG";"UOP03-DEL06-MG"
368337;2021-07-04;"domingo";"18:00:00";"MS";267;482,8;"JARDIM";"Desrespeitar a preferência no cruzamento";"Colisão transversal";"Com Vítimas Feridas";"Plena Noite";"Crescente";"Céu Claro";"Simples";"Reta";"Sim";2;0;0;1;0;1;1;2;-21,48307021;-56,14631299;"SPRF-MS";"DEL05-MS";"UOP01-DEL05-MS"
368338;2021-07-04;"domingo";"20:05:00";"MG";40;658,1;"CARANDAI";"Demais falhas mecânicas ou elétricas";"Tombamento";"Com Vítimas Feridas";"Plena Noite";"Decrescente";"Céu Claro";"Simples";"Reta";"Não";2;0;2;0;0;0;2;1;-20,88523519;-43,80990585;"SPRF-MG";"DEL05-MG";"UOP02-DEL05-MG"
368342;2021-07-04;"domingo";"18:00:00";"BA";116;8;"VITORIA DA CONQUISTA";"Reação tardia ou ineficiente do condutor";"Colisão frontal";"Com Vítimas Feridas";"Plena Noite";"Crescente";"Vento";"Simples";"Reta";"Não";3;0;2;1;0;0;3;2;-14,849995;-40,883699;"SPRF-BA";"DEL08-BA";"UOP01-DEL08-BA"
368343;2021-07-04;"domingo";"20:00:00";"PB";104;132,1;"QUEIMADAS";"Ingestão de álcool pelo condutor";"Colisão lateral sentido oposto";"Com Vítimas Feridas";"Plena Noite";"Crescente";"Céu Claro";"Simples";"Reta";"Sim";3;0;1;0;2;0;1;2;-7,29946071;-35,89202285;"SPRF-PB";"DEL02-PB";"UOP03-DEL02-PB"
368344;2021-07-04;"domingo";"20:00:00";"SC";101;123;"ITAJAI";"Desrespeitar a preferência no cruzamento";"Colisão transversal";"Com Vítimas Feridas";"Plena Noite";"Decrescente";"Céu Claro";"Dupla";"Viaduto";"Sim";4;0;2;0;1;1;2;2;-26,93668609;-48,69876905;"SPRF-SC";"DEL04-SC";"UOP04-DEL04-SC"
368346;2021-07-04;"domingo";"20:20:00";"MG";40;509;"RIBEIRAO DAS NEVES";"Reação tardia ou ineficiente do condutor";"Colisão traseira";"Com Vítimas Feridas";"Plena Noite";"Decrescente";"Céu Claro";"Dupla";"Reta";"Sim";3;0;1;0;2;0;1;2;-19,76728744;-44,12855905;"SPRF-MG";"DEL01-MG";"UOP02-DEL01-MG"
368347;2021-07-04;"domingo";"17:17:00";"RO";364;342,8;"JI-PARANA";"Reação tardia ou ineficiente do condutor";"Colisão traseira";"Com Vítimas Feridas";"Pleno dia";"Crescente";"Céu Claro";"Dupla";"Reta;Aclive";"Sim";4;0;2;0;0;2;2;3;-10,8803844;-61,94250584;"SPRF-RO";"DEL02-RO";"UOP01-DEL02-RO"
368349;2021-07-04;"domingo";"20:30:00";"MG";365;656,5;"UBERLANDIA";"Velocidade Incompatível";"Queda de ocupante de veículo";"Com Vítimas Feridas";"Plena Noite";"Crescente";"Nublado";"Dupla";"Reta";"Não";2;0;1;0;1;0;1;1;-18,88179209;-48,6075449;"SPRF-MG";"DEL15-MG";"UOP01-DEL15-MG"
368350;2021-07-04;"domingo";"19:13:00";"MG";262;456;"NOVA SERRANA";"Condutor deixou de manter distância do veículo da frente";"Colisão traseira";"Com Vítimas Feridas";"Plena Noite";"Crescente";"Nublado";"Simples";"Reta";"Não";2;0;1;0;1;0;1;2;-19,84401343;-45,04068778;"SPRF-MG";"DEL08-MG";"UOP03-DEL08-MG"
368351;2021-07-04;"domingo";"16:30:00";"MT";364;271;"JACIARA";"Acumulo de óleo sobre o pavimento";"Tombamento";"Com Vítimas Feridas";"Pleno dia";"Decrescente";"Céu Claro";"Dupla";"Reta";"Sim";1;0;1;0;0;0;1;1;-15,96962998;-54,95363;"SPRF-MT";"DEL02-MT";"UOP01-DEL02-MT"
368352;2021-07-04;"domingo";"20:45:00";"SE";101;23;"MALHADA DOS BOIS";"Ausência de reação do condutor";"Saída de leito carroçável";"Com Vítimas Feridas";"Plena Noite";"Crescente";"Céu Claro";"Dupla";"Desvio Temporário";"Não";4;0;1;0;3;0;1;1;-10,38708884;-36,91570075;"SPRF-SE";"DEL02-SE";"UOP02-DEL02-SE"
368353;2021-07-04;"domingo";"19:35:00";"RJ";393;285;"VOLTA REDONDA";"Acessar a via sem observar a presença dos outros veículos";"Colisão transversal";"Com Vítimas Feridas";"Plena Noite";"Decrescente";"Céu Claro";"Dupla";"Reta";"Sim";3;0;3;0;0;0;3;2;-22,481726;-44,06308602;"SPRF-RJ";"DEL05-RJ";"UOP04-DEL05-RJ"
368354;2021-07-04;"domingo";"17:30:00";"MS";262;261;"RIBAS DO RIO PARDO";"Animais na Pista";"Atropelamento de Animal";"Com Vítimas Feridas";"Anoitecer";"Decrescente";"Céu Claro";"Simples";"Reta";"Sim";1;0;0;1;0;0;1;1;-20,41755321;-53,94273586;"SPRF-MS";"DEL01-MS";"UOP01-DEL01-MS"
368355;2021-07-04;"domingo";"19:29:00";"RJ";116;182;"NOVA IGUACU";"Ingestão de álcool pelo condutor";"Colisão traseira";"Sem Vítimas";"Plena Noite";"Decrescente";"Céu Claro";"Dupla";"Reta";"Sim";3;0;0;0;3;0;0;3;-22,7567755;-43,43107234;"SPRF-RJ";"DEL01-RJ";"UOP02-DEL01-RJ"
368356;2021-07-04;"domingo";"19:20:00";"MT";70;539,7;"NOSSA SENHORA DO LIVRAMENTO";"Ausência de reação do condutor";"Colisão traseira";"Com Vítimas Feridas";"Plena Noite";"Decrescente";"Céu Claro";"Simples";"Reta";"Não";2;0;1;0;1;0;1;2;-15,67918788;-56,29623811;"SPRF-MT";"DEL01-MT";"UOP02-DEL01-MT"
368357;2021-07-04;"domingo";"18:20:00";"MA";316;385;"BACABAL";"Transitar na contramão";"Colisão frontal";"Com Vítimas Fatais";"Anoitecer";"Decrescente";"Céu Claro";"Simples";"Reta";"Não";2;1;0;0;1;0;0;2;-4,199416;-44,576778;"SPRF-MA";"DEL03-MA";"UOP01-DEL03-MA"
368359;2021-07-04;"domingo";"21:15:00";"GO";153;507;"APARECIDA DE GOIANIA";"Ausência de reação do condutor";"Colisão traseira";"Com Vítimas Feridas";"Plena Noite";"Crescente";"Céu Claro";"Dupla";"Declive";"Sim";2;0;0;1;1;0;1;2;-16,7715;-49,2387;"SPRF-GO";"DEL01-GO";"UOP03-DEL01-GO"