"id";"data_inversa";"dia_semana";"horario";"uf";"br";"km";"municipio";"causa_acidente";"tipo_acidente";"classificacao_acidente";"fase_dia";"sentido_via";"condicao_metereologica";"tipo_pista";"tracado_via";"uso_solo";"pessoas";"mortos";"feridos_leves";"feridos_graves";"ilesos";"ignorados";"feridos";"veiculos";"latitude";"longitude";"regional";"delegacia";"uop"
368360;2021-07-04;"domingo";"20:30:00";"MG";365;541;"ROMARIA";"Velocidade Incompatível";"Saída de leito carroçável";"Com Vítimas Feridas";"Plena Noite";"Crescente";"Céu Claro";"Simples";"Interseção de Vias";"Não";3;0;3;0;0;0;3;1;-18,93291188;-47,59094623;"SPRF-MG";"DEL10-MG";"UOP01-DEL10-MG"
368361;2021-07-04;"domingo";"20:55:00";"PA";163;1003;"SANTAREM";"Acessar a via sem observar a presença dos outros veículos";"Colisão transversal";"Com Vítimas Feridas";"Pleno dia";"Decrescente";"Céu Claro";"Simples";"Reta";"Sim";4;0;2;0;2;0;2;2;-2,44327669;-54,73106196;"SPRF-PA";"DEL05-PA";"UOP01-DEL05-PA"
368362;2021-07-04;"domingo";"20:15:00";"RJ";116;76;"TERESOPOLIS";"Reação tardia ou ineficiente do condutor";"Tombamento";"Com Vítimas Feridas";"Plena Noite";"Crescente";"Nublado";"Simples";"Curva";"Não";1;0;1;0;0;0;1;1;-22,37198376;-42,95036316;"SPRF-RJ";"DEL04-RJ";"UOP01-DEL04-RJ"
368363;2021-07-04;"domingo";"21:00:00";"PI";316;316,9;"PICOS";"Reação tardia ou ineficiente do condutor";"Tombamento";"Com Vítimas Feridas";"Plena Noite";"Crescente";"Céu Claro";"Múltipla";"Reta";"Sim";1;0;0;1;0;0;1;1;-7,08133721;-41,42347604;"SPRF-PI";"DEL04-PI";"UOP01-DEL04-PI"
368364;2021-07-04;"domingo";"20:30:00";"GO";60;164,8;"GOIANIA";"Ausência de reação do condutor";"Colisão com objeto";"Sem Vítimas";"Plena Noite";"Decrescente";"Céu Claro";"Múltipla";"Reta";"Sim";1;0;0;0;1;0;0;1;-16,7126841;-49,35730403;"SPRF-GO";"DEL01-GO";"UOP02-DEL01-GO"
368365;2021-07-04;"domingo";"18:40:00";"MG";381;300;"ANTONIO DIAS";"Velocidade Incompatível";"Saída de leito carroçável";"Com Vítimas Feridas";"Anoitecer";"Decrescente";"Céu Claro";"Dupla";"Curva";"Não";2;0;1;1;0;0;2;1;-19,636885;-42,89911294;"SPRF-MG";"DEL03-MG";"UOP02-DEL03-MG"
368366;2021-07-04;"domingo";"21:08:00";"RJ";116;134;"MAGE";"Pedestre cruzava a pista fora da faixa";"Atropelamento de Pedestre";"Com Vítimas Feridas";"Plena Noite";"Decrescente";"Céu Claro";"Dupla";"Reta";"Sim";3;0;0;1;2;0;1;2;-22,65368834;-43,153534;"SPRF-RJ";"DEL04-RJ";"UOP02-DEL04-RJ"
368367;2021-07-04;"domingo";"19:30:00";"PA";222;245;"MARABA";"Reação tardia ou ineficiente do condutor";"Colisão traseira";"Sem Vítimas";"Plena Noite";"Crescente";"Céu Claro";"Simples";"Reta";"Sim";2;0;0;0;2;0;0;2;-5,355886;-49,079418;"SPRF-PA";"DEL03-PA";"UOP01-DEL03-PA"
368368;2021-07-04;"domingo";"20:46:00";"RJ";465;13;"SEROPEDICA";"Trafegar com motocicleta (ou similar) entre as faixas";"Colisão lateral mesmo sentido";"Com Vítimas Feridas";"Plena Noite";"Decrescente";"Céu Claro";"Simples";"Reta";"Sim";2;0;1;0;1;0;1;2;-22,798468;-43,645508;"SPRF-RJ";"DEL01-RJ";"UOP03-DEL01-RJ"
368374;2021-07-04;"domingo";"22:10:00";"SP";116;210;"GUARULHOS";"Ausência de reação do condutor";"Colisão traseira";"Com Vítimas Feridas";"Plena Noite";"Crescente";"Céu Claro";"Dupla";"Reta";"Sim";4;0;2;0;2;0;2;2;-23,42870023;-46,41085991;"SPRF-SP";"DEL01-SP";"UOP01-DEL01-SP"
368375;2021-07-04;"domingo";"19:00:00";"PA";222;243;"MARABA";"Condutor desrespeitou a iluminação vermelha do semáforo";"Colisão transversal";"Com Vítimas Feridas";"Plena Noite";"Decrescente";"Céu Claro";"Simples";"Reta";"Sim";3;0;1;0;0;2;1;3;-5,347676;-49,080456;"SPRF-PA";"DEL03-PA";"UOP01-DEL03-PA"
368377;2021-07-04;"domingo";"19:50:00";"RO";425;97;"NOVA MAMORE";"Acessar a via sem observar a presença dos outros veículos";"Colisão transversal";"Com Vítimas Feridas";"Plena Noite";"Decrescente";"Céu Claro";"Simples";"Rotatória";"Sim";2;0;1;0;1;0;1;2;-10,411385;-65,330833;"SPRF-RO";"DEL01-RO";"UOP03-DEL01-RO"
368380;2021-07-04;"domingo";"19:44:00";"RJ";40;76,5;"PETROPOLIS";"Acessar a via sem observar a presença dos outros veículos";"Colisão lateral mesmo sentido";"Com Vítimas Feridas";"Plena Noite";"Decrescente";"Céu Claro";"Simples";"Curva";"Sim";2;0;1;0;1;0;1;2;-22,47192899;-43,23779321;"SPRF-RJ";"DEL06-RJ";"UOP01-DEL06-RJ"
368382;2021-07-04;"domingo";"22:10:00";"PB";230;196,7;"POCINHOS";"Acessar a via sem observar a presença dos outros veículos";"Colisão transversal";"Com Vítimas Feridas";"Plena Noite";"Crescente";"Céu Claro";"Simples";"Reta";"Não";8;0;3;1;4;0;4;2;-7,1167;-36,2024;"SPRF-PB";"DEL02-PB";"UOP02-DEL02-PB"
368383;2021-07-04;"domingo";"22:30:00";"RN";405;2;"MOSSORO";"Ausência de reação do condutor";"Saída de leito carroçável";"Sem Vítimas";"Plena Noite";"Crescente";"Céu Claro";"Dupla";"Interseção de Vias";"Sim";2;0;0;0;2;0;0;1;-5,19282682;-37,37112402;"SPRF-RN";"DEL04-RN";"UOP02-DEL04-RN"
368384;2021-07-04;"domingo";"17:50:00";"RS";153;5;"CACHOEIRA DO SUL";"Velocidade Incompatível";"Saída de leito carroçável";"Com Vítimas Feridas";"Plena Noite";"Decrescente";"Céu Claro";"Simples";"Reta";"Sim";1;0;0;1;0;0;1;1;-30,03964;-52,894356;"SPRF-RS";"DEL02-RS";"UOP03-DEL02-RS"
368385;2021-07-04;"domingo";"19:30:00";"BA";101;532;"SAO JOSE DA VITORIA";"Ingestão de álcool pelo condutor";"Colisão traseira";"Com Vítimas Fatais";"Plena Noite";"Decrescente";"Céu Claro";"Simples";"Reta";"Não";3;1;0;1;1;0;1;2;-15,145182;-39,386821;"SPRF-BA";"DEL05-BA";"UOP01-DEL05-BA"
368386;2021-07-04;"domingo";"17:50:00";"MG";262;863;"CAMPO FLORIDO";"Ausência de reação do condutor";"Colisão com objeto";"Com Vítimas Feridas";"Anoitecer";"Crescente";"Céu Claro";"Dupla";"Reta";"Não";2;0;1;0;0;1;1;1;-19,789562;-48,419999;"SPRF-MG";"DEL13-MG";"UOP01-DEL13-MG"
368388;2021-07-04;"domingo";"23:00:00";"SC";282;21,1;"PALHOCA";"Ingestão de álcool pelo condutor";"Colisão lateral sentido oposto";"Sem Vítimas";"Plena Noite";"Crescente";"Nublado";"Simples";"Reta";"Sim";2;0;0;0;2;0;0;2;-27,68907;-48,717541;"SPRF-SC";"DEL01-SC";"UOP02-DEL01-SC"
368389;2021-07-04;"domingo";"22:15:00";"MG";116;414,2;"GOVERNADOR VALADARES";"Ingestão de álcool e/ou substâncias psicoativas pelo pedestre";"Queda de ocupante de veículo";"Com Vítimas Feridas";"Plena Noite";"Crescente";"Céu Claro";"Dupla";"Reta";"Não";1;0;1;0;0;0;1;1;-18,88102703;-41,95910802;"SPRF-MG";"DEL06-MG";"UOP01-DEL06-MG"
368393;2021-07-04;"domingo";"22:40:00";"RJ";101;532;"ANGRA DOS REIS";"Pista Escorregadia";"Colisão com objeto";"Com Vítimas Feridas";"Plena Noite";"Crescente";"Chuva";"Simples";"Curva";"Não";2;0;2;0;0;0;2;1;-23,02322;-44,52327;"SPRF-RJ";"DEL03-RJ";"UOP02-DEL03-RJ"
368394;2021-07-04;"domingo";"17:30:00";"RO";364;10;"VILHENA";"Ingestão de álcool pelo condutor";"Colisão lateral sentido oposto";"Com Vítimas Feridas";"Pleno dia";"Decrescente";"Céu Claro";"Simples";"Reta";"Sim";2;0;1;0;1;0;1;2;-12,75194006;-60,10600907;"SPRF-RO";"DEL04-RO";"UOP01-DEL04-RO"
368395;2021-06-06;"domingo";"15:18:00";"RO";319;63;"PORTO VELHO";"Desrespeitar a preferência no cruzamento";"Colisão transversal";"Com Vítimas Feridas";"Pleno dia";"Crescente";"Nublado";"Dupla";"Reta;Interseção de Vias";"Sim";2;0;1;0;0;1;1;2;-8,76607701;-63,88457537;"SPRF-RO";"DEL01-RO";"UOP01-DEL01-RO"
368396;2021-07-04;"domingo";"22:30:00";"PA";316;71;"CASTANHAL";"Acessar a via sem observar a presença dos outros veículos";"Colisão transversal";"Com Vítimas Fatais";"Plena Noite";"Decrescente";"Céu Claro";"Simples";"Reta";"Não";3;1;0;0;2;0;0;2;-1,29062917;-47,85733898;"SPRF-PA";"DEL01-PA";"UOP01-DEL01-PA"
368398;2021-07-04;"domingo";"22:30:00";"ES";101;258;"SERRA";"Condutor deixou de manter distância do veículo da frente";"Colisão lateral mesmo sentido";"Com Vítimas Feridas";"Plena Noite";"Decrescente";"Céu Claro";"Dupla";"Reta";"Sim";3;0;1;0;2;0;1;2;-20,13059888;-40,2961019;"SPRF-ES";"DEL02-ES";"UOP01-DEL02-ES"
368400;2021-07-04;"domingo";"20:50:00";"RJ";465;3;"SEROPEDICA";"Ausência de reação do condutor";"Atropelamento de Pedestre";"Com Vítimas Feridas";"Plena Noite";"Crescente";"Céu Claro";"Simples";"Reta";"Sim";2;0;2;0;0;0;2;2;-22,73427;-43,711994;"SPRF-RJ";"DEL01-RJ";"UOP03-DEL01-RJ"
368401;2021-07-04;"domingo";"20:50:00";"RR";174;467;"BOA VISTA";"Demais falhas mecânicas ou elétricas";"Incêndio";"Sem Vítimas";"Plena Noite";"Crescente";"Nevoeiro/Neblina";"Simples";"Reta";"Não";1;0;0;0;1;0;0;1;2,590394;-60,876965;"SPRF-RR";"DEL01-RR";"UOP01-DEL01-RR"
368402;2021-07-04;"domingo";"21:45:00";"SC";101;400,9;"MARACAJA";"Desrespeitar a preferência no cruzamento";"Colisão frontal";"Com Vítimas Feridas";"Plena Noite";"Decrescente";"Céu Claro";"Simples";"Curva;Interseção de Vias";"Sim";3;0;1;1;1;0;2;2;-28,8713034;-49,4517374;"SPRF-SC";"DEL02-SC";"UOP02-DEL02-SC"
368405;2021-07-04;"domingo";"22:50:00";"RR";401;0;"BOA VISTA";"Ingestão de álcool pelo condutor";"Colisão traseira";"Sem Vítimas";"Plena Noite";"Decrescente";"Nublado";"Dupla";"Reta";"Sim";3;0;0;0;3;0;0;3;2,8061678;-60,68998;"SPRF-RR";"DEL01-RR";"UOP01-DEL01-RR"
368407;2021-07-04;"domingo";"23:19:00";"MT";163;564,8;"DIAMANTINO";"Animais na Pista";"Atropelamento de Animal";"Com Vítimas Feridas";"Plena Noite";"Decrescente";"Céu Claro";"Simples";"Curva";"Não";1;0;1;0;0;0;1;1;-14,21444285;-56,09052426;"SPRF-MT";"DEL01-MT";"UOP01-DEL01-MT"
368408;2021-07-04;"domingo";"23:10:00";"SC";282;115,8;"ALFREDO WAGNER";"Condutor Dormindo";"Saída de leito carroçável";"Com Vítimas Feridas";"Plena Noite";"Decrescente";"Céu Claro";"Simples";"Curva";"Não";1;0;1;0;0;0;1;1;-27,755424;-49,39444;"SPRF-SC";"DEL01-SC";"UOP03-DEL01-SC"
368409;2021-07-05;"segunda-feira";"00:01:00";"GO";70;6;"AGUAS LINDAS DE GOIAS";"Animais na Pista";"Capotamento";"Sem Vítimas";"Plena Noite";"Crescente";"Céu Claro";"Dupla";"Reta";"Sim";1;0;0;0;1;0;0;1;-15,75049381;-48,2612381;"SPRF-DF";"DEL03-DF";"UOP02-DEL03-DF"
368410;2021-07-04;"domingo";"20:10:00";"MG";153;239;"FRONTEIRA";"Acessar a via sem observar a presença dos outros veículos";"Colisão transversal";"Com Vítimas Fatais";"Plena Noite";"Crescente";"Céu Claro";"Simples";"Reta";"Sim";6;1;4;0;0;1;4;2;-20,283735;-49,196402;"SPRF-MG";"DEL13-MG";"UOP02-DEL13-MG"
368411;2021-07-05;"segunda-feira";"01:05:00";"GO";20;13,4;"FORMOSA";"Ultrapassagem Indevida";"Colisão frontal";"Com Vítimas Feridas";"Plena Noite";"Crescente";"Céu Claro";"Simples";"Reta";"Não";4;0;1;0;3;0;1;2;-15,569321;-47,240578;"SPRF-DF";"DEL02-DF";"UOP01-DEL02-DF"
368412;2021-07-04;"domingo";"23:00:00";"MT";364;272;"JACIARA";"Ingestão de álcool pelo condutor";"Colisão traseira";"Com Vítimas Feridas";"Plena Noite";"Decrescente";"Céu Claro";"Dupla";"Reta";"Sim";13;0;2;0;11;0;2;2;-15,96667987;-54,96121981;"SPRF-MT";"DEL02-MT";"UOP01-DEL02-MT"
368413;2021-07-04;"domingo";"11:40:00";"MT";70;5,2;"BARRA DO GARCAS";"Condutor deixou de manter distância do veículo da frente";"Colisão traseira";"Com Vítimas Feridas";"Pleno dia";"Crescente";"Céu Claro";"Dupla";"Curva";"Sim";2;0;1;0;1;0;1;2;-15,87814789;-52,296134;"SPRF-MT";"DEL07-MT";"UOP01-DEL07-MT"
368414;2021-07-04;"domingo";"23:30:00";"PA";230;116;"MARABA";"Acessar a via sem observar a presença dos outros veículos";"Colisão transversal";"Com Vítimas Feridas";"Plena Noite";"Crescente";"Céu Claro";"Dupla";"Reta";"Sim";3;0;2;0;0;1;2;2;-5,35947454;-49,08301084;"SPRF-PA";"DEL03-PA";"UOP01-DEL03-PA"
368415;2021-07-05;"segunda-feira";"01:50:00";"SP";116;279;"EMBU DAS ARTES";"Reação tardia ou ineficiente do condutor";"Queda de ocupante de veículo";"Com Vítimas Feridas";"Plena Noite";"Crescente";"Céu Claro";"Dupla";"Reta";"Sim";1;0;1;0;0;0;1;1;-23,66233697;-46,85292907;"SPRF-SP";"DEL04-SP";"UOP01-DEL04-SP"
368416;2021-07-05;"segunda-feira";"03:20:00";"MS";163;370,2;"NOVA ALVORADA DO SUL";"Acesso irregular";"Colisão traseira";"Com Vítimas Fatais";"Plena Noite";"Decrescente";"Céu Claro";"Dupla";"Reta";"Não";2;1;0;0;1;0;0;2;-21,42250376;-54,38565772;"SPRF-MS";"DEL02-MS";"UOP01-DEL02-MS"
368417;2021-07-05;"segunda-feira";"02:00:00";"PE";232;105;"BEZERROS";"Curva acentuada";"Saída de leito carroçável";"Com Vítimas Feridas";"Plena Noite";"Crescente";"Nublado";"Dupla";"Curva";"Não";1;0;0;1;0;0;1;1;-8,25830415;-35,78275595;"SPRF-PE";"DEL02-PE";"UOP02-DEL02PE"
368419;2021-07-05;"segunda-feira";"04:45:00";"PB";230;156;"CAMPINA GRANDE";"Condutor deixou de manter distância do veículo da frente";"Colisão traseira";"Com Vítimas Feridas";"Plena Noite";"Crescente";"Céu Claro";"Simples";"Reta;Declive";"Sim";3;0;0;2;0;1;2;2;-7,2693;-35,9138;"SPRF-PB";"DEL02-PB";"UOP01-DEL02-PB"
368420;2021-07-04;"domingo";"23:50:00";"BA";407;122,5;"SENHOR DO BONFIM";"Ingestão de álcool pelo condutor";"Colisão traseira";"Com Vítimas Feridas";"Plena Noite";"Crescente";"Garoa/Chuvisco";"Simples";"Reta";"Não";3;0;1;1;0;1;2;2;-10,42108398;-40,18535314;"SPRF-BA";"DEL04-BA";"UOP01-DEL04-BA"
368422;2021-07-05;"segunda-feira";"05:20:00";"RS";386;371,7;"FAZENDA VILANOVA";"Neblina";"Saída de leito carroçável";"Com Vítimas Feridas";"Plena Noite";"Crescente";"Nevoeiro/Neblina";"Dupla";"Curva";"Não";1;0;1;0;0;0;1;1;-29,596546;-51,814407;"SPRF-RS";"DEL04-RS";"UOP02-DEL04-RS"
368424;2021-07-05;"segunda-feira";"05:50:00";"RS";287;250;"SANTA MARIA";"Desrespeitar a preferência no cruzamento";"Colisão transversal";"Com Vítimas Feridas";"Amanhecer";"Crescente";"Nevoeiro/Neblina";"Simples";"Rotatória";"Sim";2;0;1;0;1;0;1;2;-29,69023373;-53,87334824;"SPRF-RS";"DEL09-RS";"UOP01-DEL09-RS"
368425;2021-07-05;"segunda-feira";"03:45:00";"PA";316;63,4;"CASTANHAL";"Reação tardia ou ineficiente do condutor";"Colisão transversal";"Com Vítimas Feridas";"Amanhecer";"Decrescente";"Céu Claro";"Dupla";"Reta";"Sim";2;0;0;1;1;0;1;2;-1,29679363;-47,92878096;"SPRF-PA";"DEL01-PA";"UOP01-DEL01-PA"
368426;2021-07-05;"segunda-feira";"00:25:00";"PE";407;16;"AFRANIO";"Condutor Dormindo";"Saída de leito carroçável";"Com Vítimas Feridas";"Plena Noite";"Crescente";"Céu Claro";"Simples";"Reta";"Não";1;0;0;1;0;0;1;1;-8,58068174;-40,97110748;"SPRF-PE";"DEL06-PE";"UOP02-DEL06-PE"
368429;2021-07-05;"segunda-feira";"05:55:00";"RN";101;84;"NATAL";"Ingestão de álcool e/ou substâncias psicoativas pelo pedestre";"Colisão com objeto";"Sem Vítimas";"Amanhecer";"Decrescente";"Céu Claro";"Dupla";"Reta";"Sim";1;0;0;0;1;0;0;1;-5,774175;-35,2578;"SPRF-RN";"DEL02-RN";"UOP01-DEL02-RN"
368431;2021-07-05;"segunda-feira";"06:30:00";"GO";153;504,6;"APARECIDA DE GOIANIA";"Trafegar com motocicleta (ou similar) entre as faixas";"Colisão lateral mesmo sentido";"Com Vítimas Feridas";"Plena Noite";"Decrescente";"Céu Claro";"Múltipla";"Reta";"Sim";2;0;2;0;0;0;2;2;-16,74197349;-49,2413507;"SPRF-GO";"DEL01-GO";"UOP01-DEL01-GO"
368432;2021-07-04;"domingo";"21:30:00";"MG";262;400,3;"PARA DE MINAS";"Velocidade Incompatível";"Colisão com objeto";"Com Vítimas Feridas";"Plena Noite";"Crescente";"Céu Claro";"Dupla";"Reta";"Não";1;0;0;1;0;0;1;1;-19,90293517;-44,54364505;"SPRF-MG";"DEL01-MG";"UOP03-DEL01-MG"
368433;2021-07-05;"segunda-feira";"05:50:00";"MG";40;560;"NOVA LIMA";"Ausência de reação do condutor";"Engavetamento";"Com Vítimas Feridas";"Amanhecer";"Crescente";"Céu Claro";"Dupla";"Reta";"Não";6;0;1;0;4;1;1;3;-20,12725188;-43,96512161;"SPRF-MG";"DEL01-MG";"UOP02-DEL01-MG"
368434;2021-07-05;"segunda-feira";"06:00:00";"MS";163;713;"RIO VERDE DE MATO GROSSO";"Avarias e/ou desgaste excessivo no pneu";"Tombamento";"Com Vítimas Feridas";"Amanhecer";"Crescente";"Céu Claro";"Simples";"Declive;Reta";"Não";2;0;2;0;0;0;2;1;-18,649428;-54,789868;"SPRF-MS";"DEL06-MS";"UOP01-DEL06-MS"
368435;2021-07-05;"segunda-feira";"06:15:00";"ES";101;385,9;"RIO NOVO DO SUL";"Condutor Dormindo";"Saída de leito carroçável";"Com Vítimas Fatais";"Pleno dia";"Decrescente";"Céu Claro";"Simples";"Curva";"Não";4;1;0;0;3;0;0;2;-20,83675912;-40,86790091;"SPRF-ES";"DEL03-ES";"UOP01-DEL03-ES"
368436;2021-07-05;"segunda-feira";"06:45:00";"SE";235;42;"ITABAIANA";"Pedestre cruzava a pista fora da faixa";"Atropelamento de Pedestre";"Com Vítimas Feridas";"Pleno dia";"Decrescente";"Sol";"Simples";"Reta";"Sim";2;0;2;0;0;0;2;2;-10,766954;-37,381672;"SPRF-SE";"DEL01-SE";"UOP02-DEL01-SE"
368437;2021-07-05;"segunda-feira";"07:00:00";"SP";116;190;"SANTA ISABEL";"Pedestre cruzava a pista fora da faixa";"Atropelamento de Pedestre";"Com Vítimas Feridas";"Pleno dia";"Decrescente";"Nublado";"Dupla";"Reta";"Não";2;0;0;2;0;0;2;2;-23,36821879;-46,23367409;"SPRF-SP";"DEL01-SP";"UOP01-DEL01-SP"
368438;2021-07-05;"segunda-feira";"06:45:00";"SC";470;32;"GASPAR";"Ausência de reação do condutor";"Colisão transversal";"Com Vítimas Feridas";"Amanhecer";"Decrescente";"Céu Claro";"Dupla";"Reta";"Não";2;0;0;2;0;0;2;2;-26,901793;-48,931812;"SPRF-SC";"DEL04-SC";"UOP01-DEL04-SC"
368439;2021-07-05;"segunda-feira";"06:40:00";"CE";116;20;"ITAITINGA";"Condutor deixou de manter distância do veículo da frente";"Colisão traseira";"Com Vítimas Feridas";"Pleno dia";"Decrescente";"Céu Claro";"Múltipla";"Reta";"Não";3;0;2;0;1;0;2;3;-3,92277497;-38,50762327;"SPRF-CE";"DEL01-CE";"UOP02-DEL01-CE"
368440;2021-07-05;"segunda-feira";"06:30:00";"PB";101;81;"SANTA RITA";"Acessar a via sem observar a presença dos outros veículos";"Colisão transversal";"Com Vítimas Feridas";"Pleno dia";"Decrescente";"Nublado";"Dupla";"Declive;Retorno Regulamentado;Reta";"Sim";2;0;1;0;1;0;1;2;-7,12508575;-34,94513217;"SPRF-PB";"DEL01-PB";"UOP01-DEL01-PB"
368441;2021-07-05;"segunda-feira";"07:00:00";"SP";116;213,5;"GUARULHOS";"Trafegar com motocicleta (ou similar) entre as faixas";"Colisão lateral mesmo sentido";"Com Vítimas Feridas";"Amanhecer";"Crescente";"Nublado";"Múltipla";"Reta";"Sim";2;0;1;0;1;0;1;2;-23,43971486;-46,43667806;"SPRF-SP";"DEL01-SP";"UOP01-DEL01-SP"
368442;2021-07-04;"domingo";"22:33:00";"RJ";40;119;"DUQUE DE CAXIAS";"Objeto estático sobre o leito carroçável";"Colisão com objeto";"Com Vítimas Feridas";"Plena Noite";"Crescente";"Céu Claro";"Múltipla";"Reta";"Sim";3;0;2;0;1;0;2;3;-22,76375592;-43,28683062;"SPRF-RJ";"DEL01-RJ";"UOP01-DEL01-RJ"
368443;2021-07-05;"segunda-feira";"06:10:00";"MG";381;404,5;"BOM JESUS DO AMPARO";"Velocidade Incompatível";"Saída de leito carroçável";"Com Vítimas Feridas";"Amanhecer";"Decrescente";"Céu Claro";"Dupla";"Declive";"Não";3;0;1;0;2;0;1;1;-19,7490622;-43,54398027;"SPRF-MG";"DEL01-MG";"UOP01-DEL01-MG"
368446;2021-07-05;"segunda-feira";"06:15:00";"MT";70;301;"POXOREO";"Reação tardia ou ineficiente do condutor";"Capotamento";"Com Vítimas Feridas";"Amanhecer";"Decrescente";"Céu Claro";"Simples";"Reta";"Não";1;0;1;0;0;0;1;1;-15,57827858;-54,48050896;"SPRF-MT";"DEL05-MT";"UOP01-DEL05-MT"
368447;2021-07-05;"segunda-feira";"07:00:00";"DF";80;5,2;"BRASILIA";"Desrespeitar a preferência no cruzamento";"Colisão transversal";"Com Vítimas Feridas";"Pleno dia";"Decrescente";"Céu Claro";"Simples";"Interseção de Vias";"Não";2;0;0;1;1;0;1;2;-15,729602;-48,121304;"SPRF-DF";"DEL03-DF";"UOP02-DEL03-DF"
368448;2021-07-05;"segunda-feira";"07:55:00";"CE";116;42;"HORIZONTE";"Acessar a via sem observar a presença dos outros veículos";"Colisão com objeto";"Com Vítimas Feridas";"Pleno dia";"Crescente";"Céu Claro";"Dupla";"Reta";"Não";2;0;1;0;1;0;1;2;-4,10857928;-38,4942173;"SPRF-CE";"DEL01-CE";"UOP02-DEL01-CE"
368449;2021-07-05;"segunda-feira";"06:30:00";"GO";60;30;"ALEXANIA";"Velocidade Incompatível";"Saída de leito carroçável";"Sem Vítimas";"Pleno dia";"Decrescente";"Céu Claro";"Dupla";"Reta";"Sim";1;0;0;0;0;1;0;1;-16,0963;-48,5202;"SPRF-DF";"DEL03-DF";"UOP01-DEL03-DF"
368450;2021-07-04;"domingo";"19:10:00";"PR";376;394;"IMBAU";"Objeto estático sobre o leito carroçável";"Colisão com objeto";"Sem Vítimas";"Anoitecer";"Decrescente";"Céu Claro";"Dupla";"Curva";"Não";2;0;0;0;2;0;0;1;-24,497702;-50,721608;"SPRF-PR";"DEL03-PR";"UOP02-DEL03-PR"
368453;2021-07-05;"segunda-feira";"07:40:00";"PE";101;86,7;"JABOATAO DOS GUARARAPES";"Ultrapassagem Indevida";"Atropelamento de Pedestre";"Com Vítimas Feridas";"Pleno dia";"Decrescente";"Sol";"Simples";"Reta";"Sim";3;0;0;1;1;1;1;3;-8,18470013;-34,96816895;"SPRF-PE";"DEL01-PE";"UOP01-DEL01-PE"
368454;2021-07-05;"segunda-feira";"06:40:00";"PB";361;16,5;"SANTA TERESINHA";"Acessar a via sem observar a presença dos outros veículos";"Colisão traseira";"Com Vítimas Feridas";"Pleno dia";"Decrescente";"Céu Claro";"Simples";"Reta";"Não";2;0;0;1;1;0;1;2;-7,05665302;-37,39553498;"SPRF-PB";"DEL03-PB";"UOP01-DEL03-PB"
368455;2021-07-05;"segunda-feira";"07:25:00";"SP";116;122,9;"CACAPAVA";"Demais falhas mecânicas ou elétricas";"Tombamento";"Com Vítimas Feridas";"Amanhecer";"Crescente";"Sol";"Dupla";"Reta";"Não";2;0;1;0;1;0;1;1;-23,08192414;-45,66154591;"SPRF-SP";"DEL02-SP";"UOP02-DEL02-SP"
368459;2021-07-05;"segunda-feira";"07:35:00";"PE";101;70,4;"RECIFE";"Manobra de mudança de faixa";"Colisão traseira";"Com Vítimas Feridas";"Pleno dia";"Crescente";"Céu Claro";"Dupla";"Reta";"Não";2;0;1;0;1;0;1;2;-8,06776119;-34,94265074;"SPRF-PE";"DEL01-PE";"UOP01-DEL01-PE"
368460;2021-07-04;"domingo";"19:30:00";"ES";262;80;"DOMINGOS MARTINS";"Ultrapassagem Indevida";"Saída de leito carroçável";"Com Vítimas Feridas";"Plena Noite";"Decrescente";"Céu Claro";"Simples";"Curva";"Não";2;0;1;0;0;1;1;1;-20,40816101;-40,93675744;"SPRF-ES";"DEL01-ES";"UOP02-DEL01-ES"
368462;2021-07-05;"segunda-feira";"08:30:00";"CE";20;416;"MARACANAU";"Manobra de mudança de faixa";"Colisão traseira";"Com Vítimas Feridas";"Pleno dia";"Decrescente";"Sol";"Dupla";"Reta";"Sim";2;0;1;0;1;0;1;2;-3,83695784;-38,60664368;"SPRF-CE";"DEL01-CE";"UOP02-DEL01-CE"
368463;2021-07-05;"segunda-feira";"07:45:00";"RS";472;182,9;"SANTO CRISTO";"Acumulo de areia ou detritos sobre o pavimento";"Colisão lateral mesmo sentido";"Com Vítimas Feridas";"Pleno dia";"Crescente";"Nublado";"Simples";"Reta";"Não";2;0;0;1;1;0;1;2;-27,84035606;-54,57326398;"SPRF-RS";"DEL10-RS";"UOP01-DEL10-RS"
368464;2021-07-05;"segunda-feira";"07:25:00";"MG";50;174,2;"UBERABA";"Ausência de reação do condutor";"Colisão traseira";"Com Vítimas Feridas";"Pleno dia";"Decrescente";"Céu Claro";"Dupla";"Viaduto";"Sim";1;0;1;0;0;0;1;1;-19,77121212;-47,97353446;"SPRF-MG";"DEL13-MG";"UOP01-DEL13-MG"
368465;2021-07-05;"segunda-feira";"07:30:00";"BA";324;614;"SALVADOR";"Condutor deixou de manter distância do veículo da frente";"Colisão traseira";"Com Vítimas Feridas";"Pleno dia";"Decrescente";"Chuva";"Dupla";"Reta";"Sim";5;0;1;0;4;0;1;2;-12,8639793;-38,42370126;"SPRF-BA";"DEL01-BA";"UOP01-DEL01-BA"
368467;2021-07-05;"segunda-feira";"07:50:00";"RS";287;265;"SANTA MARIA";"Neblina";"Colisão transversal";"Com Vítimas Feridas";"Pleno dia";"Crescente";"Nevoeiro/Neblina";"Simples";"Reta";"Não";3;0;1;0;2;0;1;2;-29,67067223;-54,02245802;"SPRF-RS";"DEL09-RS";"UOP01-DEL09-RS"