"id";"data_inversa";"dia_semana";"horario";"uf";"br";"km";"municipio";"causa_acidente";"tipo_acidente";"classificacao_acidente";"fase_dia";"sentido_via";"condicao_metereologica";"tipo_pista";"tracado_via";"uso_solo";"pessoas";"mortos";"feridos_leves";"feridos_graves";"ilesos";"ignorados";"feridos";"veiculos";"latitude";"longitude";"regional";"delegacia";"uop"
368469;2021-07-05;"segunda-feira";"08:15:00";"RJ";101;433;"MANGARATIBA";"Demais falhas mecânicas ou elétricas";"Colisão frontal";"Com Vítimas Feridas";"Pleno dia";"Crescente";"Nublado";"Simples";"Reta";"Não";3;0;2;0;1;0;2;2;-22,93842518;-44,03644001;"SPRF-RJ";"DEL03-RJ";"UOP03-DEL03-RJ"
368470;2021-07-05;"segunda-feira";"07:50:00";"MA";135;20;"SAO LUIS";"Retorno proibido";"Colisão frontal";"Com Vítimas Feridas";"Pleno dia";"Decrescente";"Céu Claro";"Dupla";"Reta";"Sim";2;0;1;0;1;0;1;2;-2,56589791;-44,32819247;"SPRF-MA";"DEL01-MA";"UOP01-DEL01-MA"
368471;2021-07-05;"segunda-feira";"09:18:00";"RN";304;48;"MOSSORO";"Reação tardia ou ineficiente do condutor";"Colisão traseira";"Sem Vítimas";"Pleno dia";"Decrescente";"Céu Claro";"Dupla";"Reta";"Sim";3;0;0;0;3;0;0;2;-5,22868577;-37,32203081;"SPRF-RN";"DEL04-RN";"UOP01-DEL04-RN"
368472;2021-07-05;"segunda-feira";"06:30:00";"PR";476;297;"SAO MATEUS DO SUL";"Acesso irregular";"Colisão lateral mesmo sentido";"Com Vítimas Feridas";"Pleno dia";"Decrescente";"Nublado";"Simples";"Reta";"Não";2;0;1;0;1;0;1;2;-25,96769073;-50,53565025;"SPRF-PR";"DEL02-PR";"UOP04-DEL02-PR"
368474;2021-07-05;"segunda-feira";"09:10:00";"RJ";40;121;"DUQUE DE CAXIAS";"Transitar no acostamento";"Colisão traseira";"Com Vítimas Feridas";"Pleno dia";"Crescente";"Céu Claro";"Múltipla";"Reta";"Sim";3;0;1;0;2;0;1;2;-22,78185499;-43,28571273;"SPRF-RJ";"DEL01-RJ";"UOP01-DEL01-RJ"
368475;2021-07-05;"segunda-feira";"08:39:00";"RJ";40;109;"DUQUE DE CAXIAS";"Demais falhas mecânicas ou elétricas";"Queda de ocupante de veículo";"Com Vítimas Feridas";"Pleno dia";"Crescente";"Céu Claro";"Múltipla";"Retorno Regulamentado";"Sim";1;0;1;0;0;0;1;1;-22,67206554;-43,28754902;"SPRF-RJ";"DEL01-RJ";"UOP01-DEL01-RJ"
368476;2021-07-05;"segunda-feira";"07:45:00";"SC";280;68,4;"JARAGUA DO SUL";"Acessar a via sem observar a presença dos outros veículos";"Colisão transversal";"Com Vítimas Feridas";"Pleno dia";"Crescente";"Céu Claro";"Simples";"Reta;Interseção de Vias";"Sim";2;0;1;0;1;0;1;2;-26,47165828;-49,112674;"SPRF-SC";"DEL03-SC";"UOP03-DEL03-SC"
368479;2021-07-05;"segunda-feira";"09:45:00";"SP";116;159;"JACAREI";"Condutor deixou de manter distância do veículo da frente";"Colisão traseira";"Com Vítimas Feridas";"Pleno dia";"Decrescente";"Sol";"Dupla";"Reta";"Não";2;0;1;0;1;0;1;2;-23,26585409;-45,95983994;"SPRF-SP";"DEL02-SP";"UOP01-DEL02-SP"
368482;2021-07-05;"segunda-feira";"10:15:00";"SC";101;410,9;"ARARANGUA";"Desrespeitar a preferência no cruzamento";"Colisão transversal";"Com Vítimas Feridas";"Pleno dia";"Crescente";"Céu Claro";"Simples";"Reta";"Sim";2;0;1;0;1;0;1;2;-28,94581905;-49,50405121;"SPRF-SC";"DEL02-SC";"UOP02-DEL02-SC"
368485;2021-07-05;"segunda-feira";"10:25:00";"RJ";116;163;"RIO DE JANEIRO";"Manobra de mudança de faixa";"Colisão lateral mesmo sentido";"Com Vítimas Feridas";"Pleno dia";"Crescente";"Nublado";"Dupla";"Reta";"Sim";3;0;2;0;1;0;2;2;-22,81511183;-43,32870483;"SPRF-RJ";"DEL01-RJ";"UOP01-DEL01-RJ"
368487;2021-07-05;"segunda-feira";"10:15:00";"PB";101;93;"JOAO PESSOA";"Acessar a via sem observar a presença dos outros veículos";"Colisão transversal";"Com Vítimas Feridas";"Pleno dia";"Decrescente";"Céu Claro";"Dupla";"Retorno Regulamentado";"Não";3;0;3;0;0;0;3;2;-7,205825;-34,90879;"SPRF-PB";"DEL01-PB";"UOP02-DEL01-PB"
368489;2021-07-05;"segunda-feira";"09:50:00";"MS";463;1,9;"DOURADOS";"Conversão proibida";"Colisão lateral sentido oposto";"Com Vítimas Feridas";"Pleno dia";"Crescente";"Céu Claro";"Simples";"Reta";"Sim";2;0;0;1;1;0;1;2;-22,259064;-54,8137;"SPRF-MS";"DEL04-MS";"UOP01-DEL04-MS"
368492;2021-06-09;"quarta-feira";"14:00:00";"GO";60;68;"ABADIANIA";"Velocidade Incompatível";"Saída de leito carroçável";"Com Vítimas Feridas";"Pleno dia";"Crescente";"Céu Claro";"Dupla";"Reta";"Não";1;0;0;1;0;0;1;1;-16,2295;-48,7547;"SPRF-GO";"DEL02-GO";"UOP01-DEL02-GO"
368494;2021-07-05;"segunda-feira";"11:20:00";"ES";262;17,1;"VIANA";"Desrespeitar a preferência no cruzamento";"Colisão transversal";"Com Vítimas Feridas";"Pleno dia";"Crescente";"Céu Claro";"Simples";"Reta";"Sim";2;0;0;1;1;0;1;2;-20,38635961;-40,47272969;"SPRF-ES";"DEL01-ES";"UOP01-DEL01-ES"
368496;2021-07-05;"segunda-feira";"10:15:00";"BA";324;560;"AMELIA RODRIGUES";"Acessar a via sem observar a presença dos outros veículos";"Colisão transversal";"Com Vítimas Feridas";"Pleno dia";"Decrescente";"Chuva";"Dupla";"Reta;Aclive";"Não";8;0;3;0;5;0;3;2;-12,49250283;-38,65366887;"SPRF-BA";"DEL01-BA";"UOP01-DEL01-BA"
368497;2021-03-19;"sexta-feira";"13:10:00";"MG";40;511,2;"RIBEIRAO DAS NEVES";"Condutor deixou de manter distância do veículo da frente";"Tombamento";"Com Vítimas Feridas";"Pleno dia";"Decrescente";"Céu Claro";"Dupla";"Reta";"Sim";2;0;1;0;1;0;1;2;-19,782945;-44,116148;"SPRF-MG";"DEL01-MG";"UOP02-DEL01-MG"
368505;2021-07-05;"segunda-feira";"11:40:00";"BA";324;594,8;"CANDEIAS";"Ausência de reação do condutor";"Colisão com objeto";"Com Vítimas Feridas";"Pleno dia";"Decrescente";"Chuva";"Dupla";"Reta";"Não";1;0;1;0;0;0;1;1;-12,69021804;-38,46568118;"SPRF-BA";"DEL01-BA";"UOP01-DEL01-BA"
368506;2021-07-05;"segunda-feira";"12:30:00";"BA";116;417;"FEIRA DE SANTANA";"Acessar a via sem observar a presença dos outros veículos";"Colisão transversal";"Com Vítimas Feridas";"Pleno dia";"Crescente";"Chuva";"Dupla";"Em Obras";"Sim";3;0;0;1;1;1;1;3;-12,177085;-38,96510687;"SPRF-BA";"DEL02-BA";"UOP01-DEL02-BA"
368507;2021-07-05;"segunda-feira";"07:40:00";"MG";262;647;"IBIA";"Velocidade Incompatível";"Saída de leito carroçável";"Com Vítimas Feridas";"Pleno dia";"Crescente";"Céu Claro";"Simples";"Reta";"Não";1;0;0;1;0;0;1;1;-19,58696273;-46,62151337;"SPRF-MG";"DEL08-MG";"UOP01-DEL08-MG"
368508;2021-07-05;"segunda-feira";"12:10:00";"RS";285;313,9;"PASSO FUNDO";"Reação tardia ou ineficiente do condutor";"Tombamento";"Com Vítimas Feridas";"Pleno dia";"Decrescente";"Céu Claro";"Simples";"Declive";"Não";1;0;1;0;0;0;1;1;-28,242607;-52,563049;"SPRF-RS";"DEL08-RS";"UOP03-DEL08-RS"
368509;2021-07-05;"segunda-feira";"12:50:00";"DF";20;10,2;"BRASILIA";"Acessar a via sem observar a presença dos outros veículos";"Colisão transversal";"Com Vítimas Feridas";"Pleno dia";"Crescente";"Céu Claro";"Dupla";"Reta";"Sim";3;0;1;0;1;1;1;3;-15,650243;-47,773872;"SPRF-DF";"DEL02-DF";"UOP01-DEL02-DF"
368510;2021-07-05;"segunda-feira";"11:30:00";"ES";101;147;"LINHARES";"Reação tardia ou ineficiente do condutor";"Queda de ocupante de veículo";"Com Vítimas Feridas";"Pleno dia";"Decrescente";"Céu Claro";"Simples";"Reta";"Sim";2;0;1;0;1;0;1;1;-19,37887202;-40,06657892;"SPRF-ES";"DEL04-ES";"UOP01-DEL04-ES"
368513;2021-07-05;"segunda-feira";"13:00:00";"PR";369;150,1;"LONDRINA";"Velocidade Incompatível";"Tombamento";"Com Vítimas Feridas";"Pleno dia";"Decrescente";"Sol";"Dupla";"Reta";"Sim";2;0;2;0;0;0;2;1;-23,292912;-51,162517;"SPRF-PR";"DEL07-PR";"UOP01-DEL07-PR"
368516;2021-07-05;"segunda-feira";"12:00:00";"CE";116;216;"TABULEIRO DO NORTE";"Ultrapassagem Indevida";"Colisão lateral sentido oposto";"Com Vítimas Feridas";"Pleno dia";"Decrescente";"Céu Claro";"Simples";"Reta";"Não";3;0;2;1;0;0;3;2;-5,3065498;-38,17553774;"SPRF-CE";"DEL03-CE";"UOP01-DEL03-CE"
368517;2021-07-05;"segunda-feira";"12:30:00";"MG";365;845,5;"SANTA VITORIA";"Ausência de reação do condutor";"Saída de leito carroçável";"Com Vítimas Feridas";"Pleno dia";"Crescente";"Céu Claro";"Simples";"Reta";"Não";2;0;1;1;0;0;2;1;-18,97554974;-50,2941564;"SPRF-MG";"DEL15-MG";"UOP03-DEL15-MG"
368519;2021-07-05;"segunda-feira";"07:30:00";"SC";163;70;"SAO MIGUEL DO OESTE";"Desrespeitar a preferência no cruzamento";"Colisão frontal";"Com Vítimas Feridas";"Pleno dia";"Crescente";"Sol";"Dupla";"Reta";"Sim";2;0;1;0;1;0;1;2;-26,73461723;-53,50680015;"SPRF-SC";"DEL07-SC";"UOP03-DEL07-SC"
368520;2021-07-04;"domingo";"18:50:00";"PR";373;208,3;"IPIRANGA";"Ingestão de álcool pelo condutor";"Colisão frontal";"Sem Vítimas";"Anoitecer";"Decrescente";"Céu Claro";"Simples";"Reta";"Não";2;0;0;0;2;0;0;2;-25,13416422;-50,47203791;"SPRF-PR";"DEL03-PR";"UOP04-DEL03-PR"
368521;2021-04-06;"terça-feira";"12:00:00";"RN";304;295;"MACAIBA";"Desrespeitar a preferência no cruzamento";"Colisão transversal";"Com Vítimas Feridas";"Pleno dia";"Crescente";"Céu Claro";"Simples";"Reta";"Sim";3;0;1;0;2;0;1;2;-5,86539699;-35,35288811;"SPRF-RN";"DEL01-RN";"UOP02-DEL01-RN"
368524;2021-07-05;"segunda-feira";"13:15:00";"RN";101;75;"EXTREMOZ";"Obstrução na via";"Colisão lateral mesmo sentido";"Com Vítimas Feridas";"Pleno dia";"Crescente";"Céu Claro";"Dupla";"Curva";"Não";2;0;1;0;1;0;1;2;-5,721906;-35,27672;"SPRF-RN";"DEL02-RN";"UOP01-DEL02-RN"
368525;2021-07-05;"segunda-feira";"13:00:00";"GO";60;117,1;"TEREZOPOLIS DE GOIAS";"Ausência de reação do condutor";"Saída de leito carroçável";"Com Vítimas Feridas";"Pleno dia";"Decrescente";"Céu Claro";"Dupla";"Declive";"Não";1;0;1;0;0;0;1;1;-16,4789;-49,0864;"SPRF-GO";"DEL01-GO";"UOP01-DEL01-GO"
368527;2021-07-05;"segunda-feira";"12:50:00";"SC";116;12,3;"MAFRA";"Acessar a via sem observar a presença dos outros veículos";"Colisão transversal";"Com Vítimas Feridas";"Pleno dia";"Decrescente";"Nublado";"Simples";"Interseção de Vias";"Não";3;0;1;0;2;0;1;2;-26,17985765;-49,87127781;"SPRF-SC";"DEL06-SC";"UOP01-DEL06-SC"
368528;2021-07-05;"segunda-feira";"11:10:00";"RO";364;8,5;"VILHENA";"Animais na Pista";"Atropelamento de Animal";"Com Vítimas Feridas";"Pleno dia";"Crescente";"Céu Claro";"Simples";"Reta";"Sim";2;0;2;0;0;0;2;1;-12,76679409;-60,09631128;"SPRF-RO";"DEL04-RO";"UOP01-DEL04-RO"
368529;2021-07-05;"segunda-feira";"09:30:00";"SC";101;133,8;"BALNEARIO CAMBORIU";"Acessar a via sem observar a presença dos outros veículos";"Colisão frontal";"Com Vítimas Feridas";"Pleno dia";"Decrescente";"Céu Claro";"Simples";"Viaduto";"Não";2;0;0;1;1;0;1;2;-26,99936;-48,64609;"SPRF-SC";"DEL04-SC";"UOP03-DEL04-SC"
368531;2021-06-24;"quinta-feira";"09:35:00";"GO";153;514;"APARECIDA DE GOIANIA";"Desrespeitar a preferência no cruzamento";"Colisão transversal";"Sem Vítimas";"Pleno dia";"Decrescente";"Céu Claro";"Dupla";"Retorno Regulamentado";"Sim";2;0;0;0;2;0;0;2;-16,8315;-49,2434;"SPRF-GO";"DEL01-GO";"UOP03-DEL01-GO"
368532;2021-07-05;"segunda-feira";"13:40:00";"CE";222;0;"CAUCAIA";"Ausência de reação do condutor";"Tombamento";"Com Vítimas Feridas";"Pleno dia";"Decrescente";"Céu Claro";"Dupla";"Curva";"Sim";2;0;2;0;0;0;2;1;-3,736507;-38,65337;"SPRF-CE";"DEL01-CE";"UOP01-DEL01-CE"
368533;2021-07-05;"segunda-feira";"13:00:00";"RJ";101;158;"MACAE";"Velocidade Incompatível";"Capotamento";"Com Vítimas Fatais";"Pleno dia";"Crescente";"Garoa/Chuvisco";"Simples";"Curva";"Não";6;1;1;4;0;0;5;1;-22,26971348;-41,86750276;"SPRF-RJ";"DEL08-RJ";"UOP04-DEL08-RJ"
368534;2021-06-07;"segunda-feira";"15:35:00";"PR";116;208;"RIO NEGRO";"Velocidade Incompatível";"Tombamento";"Com Vítimas Feridas";"Pleno dia";"Decrescente";"Nublado";"Simples";"Rotatória";"Sim";1;0;0;1;0;0;1;1;-26,08515038;-49,77802813;"SPRF-SC";"DEL06-SC";"UOP01-DEL06-SC"
368535;2021-07-05;"segunda-feira";"14:00:00";"RS";392;351;"SANTA MARIA";"Acessar a via sem observar a presença dos outros veículos";"Colisão transversal";"Com Vítimas Feridas";"Pleno dia";"Crescente";"Nublado";"Dupla";"Interseção de Vias";"Sim";2;0;1;0;1;0;1;2;-29,7284269;-53,80323691;"SPRF-RS";"DEL09-RS";"UOP01-DEL09-RS"
368536;2021-05-10;"segunda-feira";"02:00:00";"RJ";101;305;"SAO GONCALO";"Pedestre andava na pista";"Atropelamento de Pedestre";"Com Vítimas Fatais";"Plena Noite";"Decrescente";"Céu Claro";"Dupla";"Reta";"Sim";3;2;1;0;0;0;1;2;-22,78702832;-42,99589293;"SPRF-RJ";"DEL02-RJ";"UOP02-DEL02-RJ"
368538;2021-07-05;"segunda-feira";"14:50:00";"PE";101;169;"AGUA PRETA";"Ausência de reação do condutor";"Saída de leito carroçável";"Com Vítimas Feridas";"Pleno dia";"Crescente";"Céu Claro";"Dupla";"Reta";"Não";1;0;1;0;0;0;1;1;-8,57679958;-35,48941902;"SPRF-PE";"DEL01-PE";"UOP01-DEL01-PE"
368540;2021-07-05;"segunda-feira";"14:00:00";"PI";343;345,5;"TERESINA";"Ingestão de álcool pelo condutor";"Colisão traseira";"Com Vítimas Feridas";"Pleno dia";"Decrescente";"Céu Claro";"Dupla";"Interseção de Vias";"Sim";2;0;2;0;0;0;2;2;-5,102889;-42,766506;"SPRF-PI";"DEL01-PI";"UOP01-DEL01-PI"
368541;2021-06-04;"sexta-feira";"17:00:00";"PI";222;95,4;"BATALHA";"Acessar a via sem observar a presença dos outros veículos";"Colisão transversal";"Com Vítimas Feridas";"Pleno dia";"Crescente";"Céu Claro";"Simples";"Reta";"Sim";2;0;0;1;1;0;1;2;-4,22307298;-41,92075099;"SPRF-PI";"DEL02-PI";"UOP01-DEL02-PI"
368542;2021-07-04;"domingo";"19:20:00";"MT";158;760;"BARRA DO GARCAS";"Ingestão de álcool pelo condutor";"Saída de leito carroçável";"Sem Vítimas";"Plena Noite";"Crescente";"Céu Claro";"Simples";"Reta";"Não";1;0;0;0;1;0;0;1;-15,579607;-52,20589108;"SPRF-MT";"DEL07-MT";"UOP01-DEL07-MT"
368543;2021-07-05;"segunda-feira";"15:00:00";"MT";70;1;"BARRA DO GARCAS";"Trafegar com motocicleta (ou similar) entre as faixas";"Colisão traseira";"Com Vítimas Feridas";"Pleno dia";"Crescente";"Sol";"Simples";"Reta";"Sim";3;0;1;0;2;0;1;2;-15,89164596;-52,26202884;"SPRF-MT";"DEL07-MT";"UOP01-DEL07-MT"
368544;2021-07-05;"segunda-feira";"14:00:00";"BA";101;135;"TEODORO SAMPAIO";"Chuva";"Saída de leito carroçável";"Com Vítimas Feridas";"Pleno dia";"Decrescente";"Chuva";"Simples";"Reta";"Não";2;0;1;0;1;0;1;1;-12,25795073;-38,64659211;"SPRF-BA";"DEL01-BA";"UOP04-DEL01-BA"
368545;2021-07-05;"segunda-feira";"15:10:00";"RS";290;104,3;"ELDORADO DO SUL";"Reação tardia ou ineficiente do condutor";"Saída de leito carroçável";"Sem Vítimas";"Pleno dia";"Decrescente";"Céu Claro";"Dupla";"Reta";"Não";1;0;0;0;1;0;0;1;-29,993122;-51,275398;"SPRF-RS";"DEL02-RS";"UOP01-DEL02-RS"
368546;2021-07-05;"segunda-feira";"09:30:00";"RJ";101;316;"SAO GONCALO";"Avarias e/ou desgaste excessivo no pneu";"Tombamento";"Com Vítimas Feridas";"Pleno dia";"Crescente";"Céu Claro";"Dupla";"Reta";"Sim";2;0;2;0;0;0;2;1;-22,82835879;-43,09208739;"SPRF-RJ";"DEL02-RJ";"UOP02-DEL02-RJ"
368547;2021-07-05;"segunda-feira";"15:10:00";"PE";232;129;"CARUARU";"Reação tardia ou ineficiente do condutor";"Saída de leito carroçável";"Com Vítimas Feridas";"Pleno dia";"Decrescente";"Céu Claro";"Múltipla";"Reta";"Sim";1;0;0;1;0;0;1;1;-8,30193507;-35,98092002;"SPRF-PE";"DEL02-PE";"UOP03-DEL02-PE"
368548;2021-07-05;"segunda-feira";"14:45:00";"PR";116;116;"CURITIBA";"Ausência de reação do condutor";"Colisão traseira";"Com Vítimas Feridas";"Pleno dia";"Crescente";"Céu Claro";"Dupla";"Reta";"Sim";3;0;0;2;1;0;2;2;-25,55468195;-49,27402397;"SPRF-PR";"DEL01-PR";"UOP01-DEL01-PR"
368549;2021-07-05;"segunda-feira";"15:00:00";"BA";116;335,9;"TEOFILANDIA";"Ultrapassagem Indevida";"Colisão lateral sentido oposto";"Com Vítimas Fatais";"Pleno dia";"Crescente";"Chuva";"Simples";"Reta";"Sim";2;1;0;0;1;0;0;2;-11,45966995;-38,98723712;"SPRF-BA";"DEL02-BA";"UOP01-DEL02-BA"
368551;2021-07-05;"segunda-feira";"15:15:00";"MG";364;30,1;"FRUTAL";"Acessar a via sem observar a presença dos outros veículos";"Colisão transversal";"Com Vítimas Feridas";"Pleno dia";"Crescente";"Céu Claro";"Simples";"Reta";"Sim";2;0;0;1;1;0;1;2;-20,025185;-48,94096;"SPRF-MG";"DEL13-MG";"UOP02-DEL13-MG"
368552;2021-07-05;"segunda-feira";"15:20:00";"PB";230;169,7;"CAMPINA GRANDE";"Reação tardia ou ineficiente do condutor";"Colisão traseira";"Com Vítimas Feridas";"Pleno dia";"Decrescente";"Céu Claro";"Simples";"Reta";"Sim";2;0;1;0;1;0;1;2;-7,1853;-35,9764;"SPRF-PB";"DEL02-PB";"UOP02-DEL02-PB"
368553;2021-07-05;"segunda-feira";"11:00:00";"RO";364;420;"JARU";"Ultrapassagem Indevida";"Tombamento";"Com Vítimas Feridas";"Pleno dia";"Crescente";"Céu Claro";"Simples";"Aclive";"Não";2;0;2;0;0;0;2;1;-10,47470369;-62,44575957;"SPRF-RO";"DEL03-RO";"UOP02-DEL03-RO"
368554;2021-07-05;"segunda-feira";"15:50:00";"MG";116;542,7;"SANTA RITA DE MINAS";"Condutor usando celular";"Saída de leito carroçável";"Com Vítimas Feridas";"Pleno dia";"Crescente";"Céu Claro";"Simples";"Curva";"Não";2;0;2;0;0;0;2;1;-19,90319206;-42,13408157;"SPRF-MG";"DEL06-MG";"UOP02-DEL06-MG"
368556;2021-07-05;"segunda-feira";"16:00:00";"PR";116;115;"CURITIBA";"Velocidade Incompatível";"Queda de ocupante de veículo";"Com Vítimas Feridas";"Pleno dia";"Crescente";"Nublado";"Simples";"Curva";"Não";1;0;1;0;0;0;1;1;-25,54736953;-49,30456292;"SPRF-PR";"DEL01-PR";"UOP01-DEL01-PR"
368557;2021-07-05;"segunda-feira";"16:12:00";"BA";101;118;"ALAGOINHAS";"Avarias e/ou desgaste excessivo no pneu";"Saída de leito carroçável";"Com Vítimas Feridas";"Pleno dia";"Decrescente";"Chuva";"Simples";"Reta";"Não";1;0;1;0;0;0;1;1;-12,15886142;-38,546794;"SPRF-BA";"DEL01-BA";"UOP04-DEL01-BA"
368562;2021-07-05;"segunda-feira";"14:20:00";"MT";163;837;"SINOP";"Conversão proibida";"Colisão transversal";"Com Vítimas Feridas";"Pleno dia";"Crescente";"Céu Claro";"Simples";"Interseção de Vias";"Sim";2;0;1;0;1;0;1;2;-11,843164;-55,49043;"SPRF-MT";"DEL06-MT";"NPF/DEL06-MT"
368564;2021-07-05;"segunda-feira";"06:50:00";"MG";262;443,7;"NOVA SERRANA";"Desrespeitar a preferência no cruzamento";"Tombamento";"Com Vítimas Feridas";"Pleno dia";"Crescente";"Céu Claro";"Simples";"Curva;Rotatória";"Sim";1;0;1;0;0;0;1;1;-19,88065393;-44,92197102;"SPRF-MG";"DEL08-MG";"UOP03-DEL08-MG"
368565;2021-07-05;"segunda-feira";"11:50:00";"PR";376;184;"SARANDI";"Manobra de mudança de faixa";"Colisão lateral mesmo sentido";"Com Vítimas Feridas";"Pleno dia";"Decrescente";"Céu Claro";"Dupla";"Reta";"Sim";2;0;1;0;1;0;1;2;-23,4465611;-51,86216706;"SPRF-PR";"DEL09-PR";"UOP01-DEL09-PR"
368566;2021-07-05;"segunda-feira";"16:10:00";"GO";60;42;"ALEXANIA";"Reação tardia ou ineficiente do condutor";"Capotamento";"Com Vítimas Feridas";"Pleno dia";"Crescente";"Céu Claro";"Dupla";"Curva";"Não";1;0;1;0;0;0;1;1;-16,11;-48,5835;"SPRF-DF";"DEL03-DF";"UOP01-DEL03-DF"
368567;2021-07-05;"segunda-feira";"17:15:00";"PE";232;71;"GRAVATA";"Pedestre cruzava a pista fora da faixa";"Atropelamento de Pedestre";"Com Vítimas Fatais";"Anoitecer";"Decrescente";"Céu Claro";"Dupla";"Reta";"Não";4;1;0;0;1;2;0;2;-8,18344403;-35,49296599;"SPRF-PE";"DEL02-PE";"UOP02-DEL02PE"
368568;2021-07-05;"segunda-feira";"16:50:00";"RS";116;244,9;"SAO LEOPOLDO";"Condutor deixou de manter distância do veículo da frente";"Colisão lateral mesmo sentido";"Com Vítimas Feridas";"Pleno dia";"Crescente";"Sol";"Dupla";"Reta";"Sim";3;0;1;0;2;0;1;3;-29,74269337;-51,15077734;"SPRF-RS";"DEL01-RS";"UOP02-DEL01-RS"
368571;2021-07-05;"segunda-feira";"17:00:00";"MG";40;526;"CONTAGEM";"Reação tardia ou ineficiente do condutor";"Colisão traseira";"Com Vítimas Feridas";"Anoitecer";"Decrescente";"Céu Claro";"Dupla";"Reta";"Sim";2;0;0;1;1;0;1;2;-19,89255399;-44,04985478;"SPRF-MG";"DEL01-MG";"UOP02-DEL01-MG"
368573;2021-07-05;"segunda-feira";"15:33:00";"TO";230;70;"LUZINOPOLIS";"Transitar na contramão";"Colisão frontal";"Com Vítimas Feridas";"Plena Noite";"Crescente";"Céu Claro";"Simples";"Curva";"Sim";3;0;1;0;2;0;1;2;-6,18822857;-47,85995172;"SPRF-TO";"DEL02-TO";"UOP03-DEL02-TO"
368574;2021-05-30;"domingo";"20:55:00";"ES";101;372,8;"ICONHA";"Ingestão de álcool pelo condutor";"Colisão traseira";"Com Vítimas Feridas";"Plena Noite";"Crescente";"Céu Claro";"Simples";"Reta";"Não";2;0;0;1;1;0;1;2;-20,77215419;-40,77695658;"SPRF-ES";"DEL03-ES";"UOP01-DEL03-ES"
368575;2021-07-05;"segunda-feira";"17:05:00";"RJ";116;175;"NOVA IGUACU";"Condutor deixou de manter distância do veículo da frente";"Engavetamento";"Sem Vítimas";"Plena Noite";"Crescente";"Céu Claro";"Múltipla";"Reta";"Sim";3;0;0;0;3;0;0;3;-22,78923555;-43,37275272;"SPRF-RJ";"DEL01-RJ";"UOP02-DEL01-RJ"
368576;2021-07-05;"segunda-feira";"17:30:00";"RN";101;83,7;"NATAL";"Velocidade Incompatível";"Atropelamento de Pedestre";"Com Vítimas Feridas";"Anoitecer";"Crescente";"Céu Claro";"Dupla";"Reta";"Sim";3;0;3;0;0;0;3;2;-5,7710445;-35,26616981;"SPRF-RN";"DEL02-RN";"UOP01-DEL02-RN"
368582;2021-07-05;"segunda-feira";"17:30:00";"MG";116;621,2;"ORIZANIA";"Reação tardia ou ineficiente do condutor";"Saída de leito carroçável";"Com Vítimas Feridas";"Anoitecer";"Decrescente";"Céu Claro";"Simples";"Curva";"Não";1;0;0;1;0;0;1;1;-20,50546795;-42,19283022;"SPRF-MG";"DEL07-MG";"UOP03-DEL07-MG"
368583;2021-07-05;"segunda-feira";"18:40:00";"SP";116;211;"GUARULHOS";"Reação tardia ou ineficiente do condutor";"Colisão traseira";"Com Vítimas Feridas";"Plena Noite";"Crescente";"Céu Claro";"Múltipla";"Reta";"Sim";3;0;1;0;1;1;1;3;-23,434476;-46,425058;"SPRF-SP";"DEL01-SP";"UOP01-DEL01-SP"
368584;2021-07-05;"segunda-feira";"17:00:00";"SP";116;477;"JACUPIRANGA";"Semáforo com defeito";"Colisão transversal";"Com Vítimas Feridas";"Anoitecer";"Decrescente";"Nublado";"Simples";"Interseção de Vias";"Sim";2;0;0;1;1;0;1;2;-24,69798695;-48,00183177;"SPRF-SP";"DEL05-SP";"UOP01-DEL05-SP"
368585;2021-07-05;"segunda-feira";"17:45:00";"MS";267;481,1;"JARDIM";"Acessar a via sem observar a presença dos outros veículos";"Colisão transversal";"Com Vítimas Feridas";"Plena Noite";"Decrescente";"Céu Claro";"Simples";"Reta";"Sim";3;0;2;0;1;0;2;2;-21,478745;-56,13899;"SPRF-MS";"DEL05-MS";"UOP01-DEL05-MS"
368587;2021-07-05;"segunda-feira";"18:40:00";"PR";369;137;"IBIPORA";"Ausência de reação do condutor";"Colisão com objeto";"Sem Vítimas";"Plena Noite";"Crescente";"Céu Claro";"Simples";"Reta";"Sim";2;0;0;0;1;1;0;2;-23,27464831;-51,05853861;"SPRF-PR";"DEL07-PR";"UOP01-DEL07-PR"
368588;2021-07-05;"segunda-feira";"18:30:00";"SP";116;157;"SAO JOSE DOS CAMPOS";"Condutor deixou de manter distância do veículo da frente";"Colisão traseira";"Com Vítimas Feridas";"Plena Noite";"Crescente";"Céu Claro";"Múltipla";"Reta";"Não";2;0;1;0;1;0;1;2;-23,25558031;-45,9437828;"SPRF-SP";"DEL02-SP";"UOP01-DEL02-SP"
368589;2021-07-05;"segunda-feira";"18:30:00";"SP";116;157;"SAO JOSE DOS CAMPOS";"Reação tardia ou ineficiente do condutor";"Engavetamento";"Com Vítimas Feridas";"Plena Noite";"Crescente";"Nublado";"Dupla";"Declive";"Sim";4;0;1;0;3;0;1;3;-23,25558031;-45,9437828;"SPRF-SP";"DEL02-SP";"UOP01-DEL02-SP"