"id";"data_inversa";"dia_semana";"horario";"uf";"br";"km";"municipio";"causa_acidente";"tipo_acidente";"classificacao_acidente";"fase_dia";"sentido_via";"condicao_metereologica";"tipo_pista";"tracado_via";"uso_solo";"pessoas";"mortos";"feridos_leves";"feridos_graves";"ilesos";"ignorados";"feridos";"veiculos";"latitude";"longitude";"regional";"delegacia";"uop"
369000;2021-07-07;"quarta-feira";"15:50:00";"PE";101;70,2;"RECIFE";"Ausência de reação do condutor";"Colisão lateral mesmo sentido";"Com Vítimas Feridas";"Pleno dia";"Crescente";"Sol";"Dupla";"Reta";"Sim";2;0;1;0;1;0;1;2;-8,069637;-34,940235;"SPRF-PE";"DEL01-PE";"UOP01-DEL01-PE"
369001;2021-06-23;"quarta-feira";"06:40:00";"RO";364;625;"ITAPUA DO OESTE";"Ultrapassagem Indevida";"Saída de leito carroçável";"Com Vítimas Feridas";"Pleno dia";"Decrescente";"Céu Claro";"Simples";"Reta";"Não";1;0;1;0;0;0;1;1;-9,07207018;-63,39042418;"SPRF-RO";"DEL01-RO";"UOP04-DEL01-RO"
369002;2021-07-07;"quarta-feira";"17:00:00";"CE";222;30,2;"CAUCAIA";"Acessar a via sem observar a presença dos outros veículos";"Colisão transversal";"Com Vítimas Feridas";"Anoitecer";"Crescente";"Céu Claro";"Simples";"Em Obras;Interseção de Vias";"Sim";2;0;1;1;0;0;2;2;-3,71138156;-38,82448196;"SPRF-CE";"DEL01-CE";"UOP01-DEL01-CE"
369003;2021-07-07;"quarta-feira";"16:55:00";"ES";101;159,2;"LINHARES";"Desrespeitar a preferência no cruzamento";"Colisão transversal";"Com Vítimas Feridas";"Pleno dia";"Decrescente";"Céu Claro";"Simples";"Interseção de Vias";"Não";2;0;1;0;1;0;1;2;-19,4701124;-40,11104107;"SPRF-ES";"DEL04-ES";"UOP01-DEL04-ES"
369004;2021-07-07;"quarta-feira";"16:50:00";"MG";365;620,8;"UBERLANDIA";"Condutor deixou de manter distância do veículo da frente";"Colisão traseira";"Com Vítimas Feridas";"Pleno dia";"Decrescente";"Céu Claro";"Dupla";"Curva;Aclive";"Sim";2;0;1;0;1;0;1;2;-18,891619;-48,271074;"SPRF-MG";"DEL15-MG";"UOP01-DEL15-MG"
369005;2021-07-07;"quarta-feira";"16:45:00";"PR";476;131;"CURITIBA";"Acessar a via sem observar a presença dos outros veículos";"Atropelamento de Pedestre";"Com Vítimas Feridas";"Anoitecer";"Decrescente";"Céu Claro";"Dupla";"Reta";"Sim";3;0;1;0;2;0;1;3;-25,459071;-49,249552;"SPRF-PR";"DEL01-PR";"UOP03-DEL01-PR"
369006;2021-07-07;"quarta-feira";"17:00:00";"SP";116;39;"CACHOEIRA PAULISTA";"Acumulo de óleo sobre o pavimento";"Tombamento";"Com Vítimas Feridas";"Pleno dia";"Decrescente";"Céu Claro";"Dupla";"Retorno Regulamentado";"Não";1;0;1;0;0;0;1;1;-22,67527958;-44,99918431;"SPRF-SP";"DEL08-SP";"UOP02-DEL08-SP"
369007;2021-07-07;"quarta-feira";"17:35:00";"RN";101;108,2;"PARNAMIRIM";"Acessar a via sem observar a presença dos outros veículos";"Colisão transversal";"Com Vítimas Feridas";"Anoitecer";"Decrescente";"Céu Claro";"Dupla";"Reta";"Sim";2;0;1;0;1;0;1;2;-5,92777039;-35,26470965;"SPRF-RN";"DEL01-RN";"UOP01-DEL01-RN"
369010;2021-07-07;"quarta-feira";"17:00:00";"PE";101;42,1;"IGARASSU";"Acessar a via sem observar a presença dos outros veículos";"Colisão transversal";"Com Vítimas Feridas";"Anoitecer";"Decrescente";"Céu Claro";"Múltipla";"Reta";"Sim";2;0;1;0;1;0;1;2;-7,83887431;-34,91196739;"SPRF-PE";"DEL01-PE";"UOP02-DEL01-PE"
369011;2021-07-07;"quarta-feira";"17:05:00";"SC";101;359,2;"SANGAO";"Desrespeitar a preferência no cruzamento";"Colisão transversal";"Com Vítimas Feridas";"Pleno dia";"Crescente";"Nublado";"Simples";"Interseção de Vias";"Não";4;0;2;0;2;0;2;2;-28,660287;-49,1111709;"SPRF-SC";"DEL02-SC";"UOP01-DEL02-SC"
369012;2021-07-07;"quarta-feira";"17:00:00";"MG";381;501;"BETIM";"Reação tardia ou ineficiente do condutor";"Colisão traseira";"Com Vítimas Feridas";"Anoitecer";"Crescente";"Céu Claro";"Dupla";"Reta";"Sim";3;0;2;0;1;0;2;2;-20,02513493;-44,23112709;"SPRF-MG";"DEL01-MG";"UOP03-DEL01-MG"
369013;2021-07-07;"quarta-feira";"14:50:00";"MG";50;115;"UBERABA";"Velocidade Incompatível";"Colisão com objeto";"Com Vítimas Feridas";"Pleno dia";"Decrescente";"Céu Claro";"Dupla";"Curva";"Não";1;0;1;0;0;0;1;1;-19,26611991;-48,12839379;"SPRF-MG";"DEL13-MG";"UOP01-DEL13-MG"
369014;2021-07-07;"quarta-feira";"17:30:00";"GO";40;5;"VALPARAISO DE GOIAS";"Acessar a via sem observar a presença dos outros veículos";"Colisão transversal";"Com Vítimas Feridas";"Anoitecer";"Crescente";"Céu Claro";"Dupla";"Reta";"Sim";3;0;2;0;1;0;2;2;-16,093134;-47,982236;"SPRF-DF";"DEL01-DF";"UOP01-DEL01-DF"
369015;2021-07-07;"quarta-feira";"17:20:00";"GO";153;444;"ANAPOLIS";"Velocidade Incompatível";"Capotamento";"Com Vítimas Feridas";"Pleno dia";"Crescente";"Céu Claro";"Dupla";"Reta";"Sim";3;0;2;0;1;0;2;1;-16,343756;-48,9245;"SPRF-GO";"DEL02-GO";"UOP01-DEL02-GO"
369016;2021-07-07;"quarta-feira";"12:50:00";"PR";369;188,9;"ARAPONGAS";"Acesso irregular";"Tombamento";"Com Vítimas Feridas";"Pleno dia";"Crescente";"Céu Claro";"Dupla";"Aclive;Reta";"Sim";1;0;1;0;0;0;1;1;-23,38117574;-51,4175123;"SPRF-PR";"DEL07-PR";"UOP02-DEL07-PR"
369017;2021-06-12;"sábado";"04:53:00";"ES";101;57,6;"SAO MATEUS";"Condutor deixou de manter distância do veículo da frente";"Tombamento";"Com Vítimas Feridas";"Plena Noite";"Decrescente";"Garoa/Chuvisco";"Simples";"Reta";"Não";2;0;0;1;0;1;1;2;-18,64677697;-39,87407788;"SPRF-ES";"DEL04-ES";"UOP02-DEL04-ES"
369018;2021-07-07;"quarta-feira";"18:30:00";"RJ";101;262;"RIO BONITO";"Reação tardia ou ineficiente do condutor";"Colisão traseira";"Com Vítimas Feridas";"Plena Noite";"Decrescente";"Céu Claro";"Dupla";"Reta";"Sim";4;0;1;0;3;0;1;2;-22,71367506;-42,62052996;"SPRF-RJ";"DEL02-RJ";"UOP03-DEL02-RJ"
369019;2021-06-17;"quinta-feira";"22:10:00";"ES";262;4,7;"CARIACICA";"Manobra de mudança de faixa";"Colisão lateral mesmo sentido";"Com Vítimas Feridas";"Plena Noite";"Crescente";"Nublado";"Dupla";"Reta";"Sim";2;0;0;1;1;0;1;2;-20,33609327;-40,37812784;"SPRF-ES";"DEL01-ES";"UOP01-DEL01-ES"
369020;2021-07-07;"quarta-feira";"18:20:00";"RJ";116;165;"RIO DE JANEIRO";"Trafegar com motocicleta (ou similar) entre as faixas";"Colisão traseira";"Com Vítimas Feridas";"Plena Noite";"Crescente";"Céu Claro";"Múltipla";"Reta";"Não";3;0;2;0;1;0;2;2;-22,81548519;-43,29087405;"SPRF-RJ";"DEL01-RJ";"UOP01-DEL01-RJ"
369022;2021-07-07;"quarta-feira";"18:39:00";"PR";277;582;"CASCAVEL";"Manobra de mudança de faixa";"Colisão lateral mesmo sentido";"Com Vítimas Feridas";"Plena Noite";"Crescente";"Céu Claro";"Dupla";"Reta";"Não";2;0;1;0;1;0;1;2;-24,97675228;-53,38623215;"SPRF-PR";"DEL04-PR";"UOP01-DEL04-PR"
369023;2021-07-07;"quarta-feira";"18:00:00";"ES";101;264,3;"SERRA";"Condutor deixou de manter distância do veículo da frente";"Colisão traseira";"Com Vítimas Feridas";"Anoitecer";"Crescente";"Ignorado";"Múltipla";"Retorno Regulamentado";"Sim";2;0;0;1;0;1;1;2;-20,17292791;-40,26736384;"SPRF-ES";"DEL02-ES";"UOP01-DEL02-ES"
369024;2021-04-30;"sexta-feira";"16:00:00";"RJ";101;428;"MANGARATIBA";"Reação tardia ou ineficiente do condutor";"Colisão transversal";"Com Vítimas Feridas";"Pleno dia";"Decrescente";"Nublado";"Dupla";"Reta";"Não";2;0;1;0;1;0;1;2;-22,93391858;-43,9899979;"SPRF-RJ";"DEL03-RJ";"UOP03-DEL03-RJ"
369025;2021-07-07;"quarta-feira";"18:40:00";"PR";277;637,8;"CEU AZUL";"Acessar a via sem observar a presença dos outros veículos";"Colisão transversal";"Com Vítimas Feridas";"Plena Noite";"Crescente";"Céu Claro";"Simples";"Reta";"Sim";6;0;0;1;5;0;1;2;-25,15127997;-53,84435289;"SPRF-PR";"DEL05-PR";"UOP02-DEL05-PR"
369027;2021-07-07;"quarta-feira";"17:25:00";"MS";163;49;"ELDORADO";"Ultrapassagem Indevida";"Saída de leito carroçável";"Com Vítimas Feridas";"Plena Noite";"Crescente";"Céu Claro";"Simples";"Aclive";"Não";1;0;1;0;0;0;1;1;-23,71390594;-54,2707482;"SPRF-MS";"DEL09-MS";"UOP02-DEL09-MS"
369028;2021-07-07;"quarta-feira";"19:00:00";"PR";369;428,9;"UBIRATA";"Acessar a via sem observar a presença dos outros veículos";"Colisão lateral mesmo sentido";"Com Vítimas Feridas";"Plena Noite";"Crescente";"Céu Claro";"Simples";"Reta";"Não";2;0;1;0;1;0;1;2;-24,4409;-52,8391;"SPRF-PR";"DEL04-PR";"UOP03-DEL04-PR"
369029;2021-07-07;"quarta-feira";"18:45:00";"SC";280;52,5;"GUARAMIRIM";"Condutor deixou de manter distância do veículo da frente";"Colisão traseira";"Com Vítimas Feridas";"Anoitecer";"Decrescente";"Céu Claro";"Simples";"Reta";"Sim";2;0;1;0;1;0;1;2;-26,468904;-48,96492;"SPRF-SC";"DEL03-SC";"UOP03-DEL03-SC"
369030;2021-07-07;"quarta-feira";"18:30:00";"BA";415;24;"ILHEUS";"Reação tardia ou ineficiente do condutor";"Colisão transversal";"Com Vítimas Feridas";"Plena Noite";"Crescente";"Céu Claro";"Simples";"Reta";"Sim";2;0;0;1;1;0;1;2;-14,8482;-39,281986;"SPRF-BA";"DEL05-BA";"UOP01-DEL05-BA"
369031;2021-07-07;"quarta-feira";"18:20:00";"SC";101;309;"LAGUNA";"Ausência de reação do condutor";"Colisão traseira";"Com Vítimas Feridas";"Plena Noite";"Decrescente";"Céu Claro";"Múltipla";"Declive;Reta";"Não";2;0;0;1;1;0;1;2;-28,426097;-48,800888;"SPRF-SC";"DEL02-SC";"UOP01-DEL02-SC"
369032;2021-07-07;"quarta-feira";"18:30:00";"PE";116;25;"SALGUEIRO";"Pista Escorregadia";"Queda de ocupante de veículo";"Com Vítimas Feridas";"Plena Noite";"Decrescente";"Céu Claro";"Simples";"Rotatória";"Não";1;0;1;0;0;0;1;1;-8,06761099;-39,13466334;"SPRF-PE";"DEL05-PE";"UOP01-DEL05-PE"
369033;2021-07-07;"quarta-feira";"12:00:00";"SC";282;488,6;"FAXINAL DOS GUEDES";"Desrespeitar a preferência no cruzamento";"Tombamento";"Com Vítimas Feridas";"Pleno dia";"Crescente";"Sol";"Simples";"Rotatória";"Sim";1;0;1;0;0;0;1;1;-26,863047;-52,270107;"SPRF-SC";"DEL07-SC";"UOP01-DEL07-SC"
369034;2021-07-07;"quarta-feira";"18:30:00";"RS";472;162,9;"SANTA ROSA";"Animais na Pista";"Atropelamento de Animal";"Com Vítimas Feridas";"Plena Noite";"Crescente";"Nublado";"Simples";"Reta";"Não";5;0;1;0;4;0;1;1;-27,83631124;-54,43075203;"SPRF-RS";"DEL10-RS";"UOP01-DEL10-RS"
369036;2021-07-07;"quarta-feira";"19:24:00";"SE";235;6;"ARACAJU";"Velocidade Incompatível";"Saída de leito carroçável";"Sem Vítimas";"Plena Noite";"Decrescente";"Chuva";"Dupla";"Reta";"Sim";1;0;0;0;1;0;0;1;-10,903851;-37,128677;"SPRF-SE";"DEL01-SE";"UOP01-DEL01-SE"
369038;2021-07-07;"quarta-feira";"19:30:00";"RS";116;266;"CANOAS";"Condutor deixou de manter distância do veículo da frente";"Tombamento";"Com Vítimas Feridas";"Plena Noite";"Decrescente";"Céu Claro";"Múltipla";"Reta";"Sim";2;0;2;0;0;0;2;1;-29,93242399;-51,17742077;"SPRF-RS";"DEL01-RS";"UOP01-DEL01-RS"
369039;2021-07-07;"quarta-feira";"19:40:00";"SC";101;202,4;"SAO JOSE";"Manobra de mudança de faixa";"Queda de ocupante de veículo";"Com Vítimas Feridas";"Plena Noite";"Crescente";"Céu Claro";"Dupla";"Reta";"Sim";2;0;1;0;1;0;1;2;-27,55711595;-48,61897889;"SPRF-SC";"DEL01-SC";"UOP01-DEL01-SC"
369040;2021-07-07;"quarta-feira";"18:00:00";"MT";163;835;"SINOP";"Reação tardia ou ineficiente do condutor";"Tombamento";"Com Vítimas Feridas";"Plena Noite";"Crescente";"Céu Claro";"Simples";"Reta";"Sim";2;0;2;0;0;0;2;1;-11,986895;-55,517033;"SPRF-MT";"DEL06-MT";"UOP01-DEL06-MT"
369043;2021-05-08;"sábado";"15:00:00";"DF";70;7,2;"BRASILIA";"Acessar a via sem observar a presença dos outros veículos";"Colisão transversal";"Sem Vítimas";"Pleno dia";"Crescente";"Sol";"Dupla";"Interseção de Vias;Reta";"Sim";2;0;0;0;1;1;0;2;-15,787601;-48,114429;"SPRF-DF";"DEL03-DF";"UOP02-DEL03-DF"
369047;2021-07-07;"quarta-feira";"20:05:00";"SC";101;206,1;"SAO JOSE";"Condutor deixou de manter distância do veículo da frente";"Colisão traseira";"Com Vítimas Feridas";"Plena Noite";"Crescente";"Céu Claro";"Dupla";"Reta";"Não";3;0;1;0;2;0;1;3;-27,59193546;-48,61824557;"SPRF-SC";"DEL01-SC";"UOP01-DEL01-SC"
369048;2021-07-07;"quarta-feira";"19:10:00";"RS";290;69,2;"GRAVATAI";"Entrada inopinada do pedestre";"Atropelamento de Pedestre";"Com Vítimas Fatais";"Plena Noite";"Crescente";"Céu Claro";"Dupla";"Reta";"Não";2;1;0;0;1;0;0;2;-29,944933;-50,946438;"SPRF-RS";"DEL03-RS";"UOP01-DEL03-RS"
369051;2021-07-07;"quarta-feira";"20:30:00";"RJ";40;102;"DUQUE DE CAXIAS";"Manobra de mudança de faixa";"Colisão lateral mesmo sentido";"Com Vítimas Feridas";"Plena Noite";"Decrescente";"Nublado";"Múltipla";"Reta";"Sim";3;0;1;0;2;0;1;2;-22,61089297;-43,28656077;"SPRF-RJ";"DEL01-RJ";"UOP01-DEL01-RJ"
369053;2021-07-07;"quarta-feira";"21:00:00";"SP";116;221;"GUARULHOS";"Trafegar com motocicleta (ou similar) entre as faixas";"Colisão traseira";"Com Vítimas Feridas";"Plena Noite";"Decrescente";"Nublado";"Múltipla";"Reta";"Sim";2;0;1;0;1;0;1;2;-23,46802395;-46,50704901;"SPRF-SP";"DEL01-SP";"UOP01-DEL01-SP"
369054;2021-07-07;"quarta-feira";"20:35:00";"PR";277;68,4;"SAO JOSE DOS PINHAIS";"Transitar na contramão";"Colisão frontal";"Com Vítimas Feridas";"Plena Noite";"Decrescente";"Nevoeiro/Neblina";"Dupla";"Reta";"Sim";2;0;0;1;1;0;1;2;-25,54112281;-49,06183391;"SPRF-PR";"DEL01-PR";"UOP01-DEL01-PR"
369055;2021-07-07;"quarta-feira";"19:30:00";"MS";262;96,7;"TRES LAGOAS";"Velocidade Incompatível";"Saída de leito carroçável";"Com Vítimas Fatais";"Plena Noite";"Crescente";"Céu Claro";"Simples";"Aclive";"Não";4;1;2;0;0;1;2;2;-20,58251787;-52,46027295;"SPRF-MS";"DEL07-MS";"UOP02-DEL07-MS"
369056;2021-07-07;"quarta-feira";"13:30:00";"SC";101;413;"ARARANGUA";"Entrada inopinada do pedestre";"Colisão transversal";"Com Vítimas Feridas";"Pleno dia";"Decrescente";"Céu Claro";"Simples";"Reta";"Sim";2;0;1;0;0;1;1;2;-28,94605997;-49,50428402;"SPRF-SC";"DEL02-SC";"UOP02-DEL02-SC"
369060;2021-07-07;"quarta-feira";"20:40:00";"RO";174;13,5;"VILHENA";"Acessar a via sem observar a presença dos outros veículos";"Colisão transversal";"Com Vítimas Feridas";"Plena Noite";"Crescente";"Céu Claro";"Dupla";"Interseção de Vias";"Sim";1;0;1;0;0;0;1;1;-12,74140004;-60,13026401;"SPRF-RO";"DEL04-RO";"UOP01-DEL04-RO"
369061;2021-07-07;"quarta-feira";"19:30:00";"PR";376;73;"GUAIRACA";"Reação tardia ou ineficiente do condutor";"Colisão transversal";"Com Vítimas Feridas";"Plena Noite";"Decrescente";"Céu Claro";"Simples";"Reta";"Não";2;0;0;1;1;0;1;2;-22,946144;-52,718338;"SPRF-PR";"DEL09-PR";"UOP02-DEL09-PR"
369063;2021-07-07;"quarta-feira";"22:40:00";"SE";101;128,3;"ESTANCIA";"Acesso irregular";"Colisão frontal";"Com Vítimas Fatais";"Plena Noite";"Decrescente";"Chuva";"Dupla";"Reta";"Não";2;1;0;0;0;1;0;2;-11,08230061;-37,36795664;"SPRF-SE";"DEL02-SE";"UOP01-DEL02-SE"
369065;2021-07-07;"quarta-feira";"22:50:00";"ES";262;24,4;"VIANA";"Transitar na contramão";"Colisão lateral sentido oposto";"Sem Vítimas";"Plena Noite";"Crescente";"Nublado";"Dupla";"Reta";"Não";4;0;0;0;4;0;0;2;-20,37910854;-40,53514614;"SPRF-ES";"DEL01-ES";"UOP01-DEL01-ES"
369070;2021-07-07;"quarta-feira";"23:15:00";"MG";40;464;"SETE LAGOAS";"Avarias e/ou desgaste excessivo no pneu";"Saída de leito carroçável";"Com Vítimas Fatais";"Plena Noite";"Decrescente";"Céu Claro";"Dupla";"Curva;Aclive";"Não";3;1;0;2;0;0;2;1;-19,43110896;-44,33657482;"SPRF-MG";"DEL02-MG";"UOP01-DEL02-MG"
369072;2021-07-08;"quinta-feira";"00:30:00";"RS";470;185;"VERANOPOLIS";"Ingestão de álcool pelo condutor";"Capotamento";"Com Vítimas Feridas";"Plena Noite";"Crescente";"Céu Claro";"Simples";"Curva;Declive";"Não";1;0;1;0;0;0;1;1;-29,0072396;-51,54793739;"SPRF-RS";"DEL06-RS";"UOP02-DEL06-RS"
369074;2021-07-08;"quinta-feira";"01:00:00";"SP";116;222;"GUARULHOS";"Acessar a via sem observar a presença dos outros veículos";"Atropelamento de Pedestre";"Com Vítimas Fatais";"Plena Noite";"Crescente";"Céu Claro";"Múltipla";"Reta";"Sim";2;1;0;0;0;1;0;2;-23,47093408;-46,51631097;"SPRF-SP";"DEL01-SP";"UOP01-DEL01-SP"
369075;2021-07-08;"quinta-feira";"01:30:00";"SC";470;3;"NAVEGANTES";"Ingestão de álcool pelo condutor";"Saída de leito carroçável";"Sem Vítimas";"Plena Noite";"Crescente";"Céu Claro";"Simples";"Reta";"Não";1;0;0;0;1;0;0;1;-26,861937;-48,681618;"SPRF-SC";"DEL04-SC";"UOP04-DEL04-SC"
369076;2021-07-08;"quinta-feira";"01:00:00";"DF";70;7;"BRASILIA";"Condutor Dormindo";"Colisão traseira";"Com Vítimas Feridas";"Plena Noite";"Decrescente";"Céu Claro";"Dupla";"Reta";"Sim";2;0;2;0;0;0;2;2;-15,78785555;-48,1146884;"SPRF-DF";"DEL03-DF";"UOP02-DEL03-DF"
369077;2021-07-08;"quinta-feira";"01:00:00";"RJ";101;393;"RIO DE JANEIRO";"Pedestre andava na pista";"Atropelamento de Pedestre";"Com Vítimas Fatais";"Plena Noite";"Decrescente";"Nevoeiro/Neblina";"Dupla";"Reta";"Sim";2;1;0;0;1;0;0;2;-22,88924912;-43,70370205;"SPRF-RJ";"DEL03-RJ";"UOP01-DEL03-RJ"
369078;2021-07-07;"quarta-feira";"17:00:00";"MG";0;0;"PARACATU";"Acessar a via sem observar a presença dos outros veículos";"Colisão lateral mesmo sentido";"Com Vítimas Feridas";"Pleno dia";"Não Informado";"Céu Claro";"Simples";"Rotatória";"Sim";2;0;0;1;1;0;1;2;-17,210789;-46,882526;"SPRF-MG";"DEL14-MG";"UOP01-DEL14-MG"
369081;2021-03-21;"domingo";"05:00:00";"BA";116;509;"SANTA TERESINHA";"Falta de elemento de contenção que evite a saída do leito carroçável";"Saída de leito carroçável";"Com Vítimas Fatais";"Amanhecer";"Crescente";"Céu Claro";"Simples";"Reta";"Não";4;1;2;0;1;0;2;1;-12,63226412;-39,59798877;"SPRF-BA";"DEL03-BA";"UOP02-DEL03-BA"
369082;2021-07-08;"quinta-feira";"01:30:00";"RO";364;198,5;"PIMENTA BUENO";"Ausência de sinalização";"Tombamento";"Com Vítimas Feridas";"Plena Noite";"Decrescente";"Céu Claro";"Simples";"Reta";"Sim";2;0;2;0;0;0;2;1;-11,67049488;-61,19146173;"SPRF-RO";"DEL02-RO";"UOP02-DEL02-RO"
369084;2021-07-08;"quinta-feira";"04:15:00";"PE";232;89,5;"GRAVATA";"Entrada inopinada do pedestre";"Atropelamento de Pedestre";"Com Vítimas Feridas";"Amanhecer";"Decrescente";"Céu Claro";"Dupla";"Reta";"Não";2;0;1;0;1;0;1;2;-8,21622964;-35,64675492;"SPRF-PE";"DEL02-PE";"UOP02-DEL02PE"
369086;2021-07-07;"quarta-feira";"22:30:00";"BA";116;421;"FEIRA DE SANTANA";"Ingestão de álcool pelo condutor";"Colisão frontal";"Com Vítimas Feridas";"Plena Noite";"Decrescente";"Céu Claro";"Simples";"Rotatória";"Sim";2;0;1;0;1;0;1;2;-12,22998207;-38,96387469;"SPRF-BA";"DEL02-BA";"UOP01-DEL02-BA"
369087;2021-07-08;"quinta-feira";"05:40:00";"SC";282;564,3;"NOVA ERECHIM";"Condutor Dormindo";"Capotamento";"Sem Vítimas";"Plena Noite";"Crescente";"Céu Claro";"Simples";"Reta";"Não";1;0;0;0;1;0;0;1;-26,898739;-52,877975;"SPRF-SC";"DEL07-SC";"UOP02-DEL07-SC"
369089;2021-07-08;"quinta-feira";"06:45:00";"PR";153;2;"IMBITUVA";"Reação tardia ou ineficiente do condutor";"Colisão traseira";"Com Vítimas Feridas";"Amanhecer";"Crescente";"Nevoeiro/Neblina";"Simples";"Reta";"Sim";2;0;1;0;1;0;1;2;-25,19185859;-50,59875056;"SPRF-PR";"DEL07-PR";"UOP04-DEL07-PR"
369090;2021-07-08;"quinta-feira";"07:00:00";"RJ";101;262;"RIO BONITO";"Curva acentuada";"Tombamento";"Com Vítimas Feridas";"Pleno dia";"Decrescente";"Nublado";"Dupla";"Curva";"Sim";1;0;1;0;0;0;1;1;-22,71367506;-42,62052996;"SPRF-RJ";"DEL02-RJ";"UOP03-DEL02-RJ"
369091;2021-07-08;"quinta-feira";"06:40:00";"SP";116;294;"ITAPECERICA DA SERRA";"Condutor deixou de manter distância do veículo da frente";"Queda de ocupante de veículo";"Com Vítimas Feridas";"Pleno dia";"Crescente";"Céu Claro";"Dupla";"Reta";"Não";2;0;2;0;0;0;2;2;-23,76154691;-46,90483412;"SPRF-SP";"DEL04-SP";"UOP01-DEL04-SP"
369092;2021-07-08;"quinta-feira";"07:35:00";"GO";153;500,8;"GOIANIA";"Manobra de mudança de faixa";"Colisão lateral mesmo sentido";"Com Vítimas Feridas";"Pleno dia";"Crescente";"Céu Claro";"Dupla";"Reta";"Sim";2;0;1;0;1;0;1;2;-16,7118;-49,2324;"SPRF-GO";"DEL01-GO";"UOP01-DEL01-GO"
369093;2021-07-08;"quinta-feira";"07:30:00";"DF";40;5,9;"BRASILIA";"Acessar a via sem observar a presença dos outros veículos";"Colisão transversal";"Com Vítimas Feridas";"Pleno dia";"Decrescente";"Céu Claro";"Dupla";"Reta";"Sim";3;0;2;0;1;0;2;2;-16,020903;-47,980541;"SPRF-DF";"DEL01-DF";"UOP01-DEL01-DF"
369094;2021-07-08;"quinta-feira";"06:50:00";"ES";262;115,7;"CONCEICAO DO CASTELO";"Conversão proibida";"Colisão transversal";"Com Vítimas Feridas";"Pleno dia";"Crescente";"Sol";"Simples";"Reta;Aclive";"Sim";2;0;0;1;1;0;1;2;-20,32053818;-41,21864322;"SPRF-ES";"DEL01-ES";"UOP02-DEL01-ES"
369095;2021-07-08;"quinta-feira";"06:40:00";"MG";40;517;"RIBEIRAO DAS NEVES";"Desrespeitar a preferência no cruzamento";"Colisão transversal";"Com Vítimas Feridas";"Pleno dia";"Decrescente";"Céu Claro";"Dupla";"Reta";"Não";2;0;1;0;1;0;1;2;-19,82351202;-44,08438913;"SPRF-MG";"DEL01-MG";"UOP02-DEL01-MG"
369097;2021-07-08;"quinta-feira";"07:00:00";"RJ";101;71;"CAMPOS DOS GOYTACAZES";"Acessar a via sem observar a presença dos outros veículos";"Colisão transversal";"Com Vítimas Feridas";"Pleno dia";"Crescente";"Céu Claro";"Simples";"Reta";"Sim";2;0;1;0;1;0;1;2;-21,78577807;-41,38139396;"SPRF-RJ";"DEL08-RJ";"UOP02-DEL08-RJ"
369098;2021-07-08;"quinta-feira";"06:25:00";"SP";381;73;"SAO PAULO";"Reação tardia ou ineficiente do condutor";"Saída de leito carroçável";"Sem Vítimas";"Amanhecer";"Crescente";"Céu Claro";"Múltipla";"Reta";"Não";1;0;0;0;1;0;0;1;-23,36553404;-46,55253934;"SPRF-SP";"DEL03-SP";"UOP01-DEL03-SP"
369100;2021-07-08;"quinta-feira";"07:15:00";"SE";101;49;"JAPARATUBA";"Manobra de mudança de faixa";"Colisão lateral mesmo sentido";"Com Vítimas Feridas";"Pleno dia";"Crescente";"Céu Claro";"Dupla";"Reta";"Não";4;0;1;1;1;1;2;3;-10,59423;-36,97488;"SPRF-SE";"DEL02-SE";"UOP02-DEL02-SE"
369102;2021-07-08;"quinta-feira";"07:45:00";"SP";116;156,8;"SAO JOSE DOS CAMPOS";"Trafegar com motocicleta (ou similar) entre as faixas";"Colisão lateral mesmo sentido";"Com Vítimas Feridas";"Pleno dia";"Decrescente";"Céu Claro";"Dupla";"Reta";"Não";2;0;1;0;1;0;1;2;-23,25044084;-45,93572909;"SPRF-SP";"DEL02-SP";"UOP01-DEL02-SP"
369103;2021-07-08;"quinta-feira";"06:50:00";"MT";163;838;"SINOP";"Ingestão de álcool pelo condutor";"Colisão traseira";"Sem Vítimas";"Pleno dia";"Decrescente";"Sol";"Simples";"Reta";"Sim";3;0;0;0;3;0;0;2;-11,960007;-55,516914;"SPRF-MT";"DEL06-MT";"NPF/DEL06-MT"
369104;2021-07-08;"quinta-feira";"08:04:00";"MG";381;499;"BETIM";"Reação tardia ou ineficiente do condutor";"Colisão traseira";"Com Vítimas Feridas";"Pleno dia";"Decrescente";"Sol";"Dupla";"Reta";"Sim";2;0;1;0;1;0;1;2;-20,01792651;-44,2261448;"SPRF-MG";"DEL01-MG";"UOP03-DEL01-MG"
369105;2021-07-08;"quinta-feira";"07:30:00";"PE";101;60,7;"RECIFE";"Condutor deixou de manter distância do veículo da frente";"Colisão traseira";"Com Vítimas Feridas";"Pleno dia";"Crescente";"Sol";"Dupla";"Reta";"Sim";2;0;1;0;1;0;1;2;-7,98344307;-34,93176727;"SPRF-PE";"DEL01-PE";"UOP02-DEL01-PE"
369107;2021-07-08;"quinta-feira";"07:30:00";"CE";304;46,8;"ARACATI";"Condutor deixou de manter distância do veículo da frente";"Colisão traseira";"Com Vítimas Feridas";"Pleno dia";"Crescente";"Céu Claro";"Dupla";"Reta";"Sim";2;0;1;0;0;1;1;2;-4,57510003;-37,79823699;"SPRF-CE";"DEL03-CE";"UOP03-DEL03-CE"