"id";"data_inversa";"dia_semana";"horario";"uf";"br";"km";"municipio";"causa_acidente";"tipo_acidente";"classificacao_acidente";"fase_dia";"sentido_via";"condicao_metereologica";"tipo_pista";"tracado_via";"uso_solo";"pessoas";"mortos";"feridos_leves";"feridos_graves";"ilesos";"ignorados";"feridos";"veiculos";"latitude";"longitude";"regional";"delegacia";"uop"
369109;2021-06-26;"sábado";"13:10:00";"PR";376;176,3;"MARINGA";"Condutor deixou de manter distância do veículo da frente";"Colisão traseira";"Com Vítimas Feridas";"Pleno dia";"Decrescente";"Sol";"Múltipla";"Reta";"Sim";3;0;1;0;0;2;1;3;-23,41111425;-51,93634272;"SPRF-PR";"DEL09-PR";"UOP01-DEL09-PR"
369110;2021-07-08;"quinta-feira";"07:50:00";"PR";116;116,2;"CURITIBA";"Manobra de mudança de faixa";"Colisão com objeto";"Com Vítimas Feridas";"Pleno dia";"Decrescente";"Nublado";"Múltipla";"Aclive";"Não";2;0;1;0;1;0;1;2;-25,55468195;-49,27402397;"SPRF-PR";"DEL01-PR";"UOP01-DEL01-PR"
369111;2021-07-08;"quinta-feira";"08:35:00";"SC";101;112,5;"ITAJAI";"Demais falhas na via";"Tombamento";"Com Vítimas Feridas";"Pleno dia";"Crescente";"Nublado";"Dupla";"Reta";"Não";2;0;0;1;0;1;1;2;-26,84589005;-48,72131295;"SPRF-SC";"DEL04-SC";"UOP04-DEL04-SC"
369112;2021-07-08;"quinta-feira";"08:40:00";"MG";381;940,3;"EXTREMA";"Acumulo de óleo sobre o pavimento";"Atropelamento de Pedestre";"Com Vítimas Feridas";"Pleno dia";"Decrescente";"Céu Claro";"Dupla";"Curva";"Sim";4;0;0;2;1;1;2;3;-22,85421396;-46,33740277;"SPRF-MG";"DEL16-MG";"UOP03-DEL16-MG"
369113;2021-07-08;"quinta-feira";"08:50:00";"PE";232;32;"MORENO";"Restrição de visibilidade em curvas horizontais";"Capotamento";"Com Vítimas Feridas";"Pleno dia";"Decrescente";"Céu Claro";"Dupla";"Curva";"Não";2;0;2;0;0;0;2;1;-8,10541732;-35,1665671;"SPRF-PE";"DEL01-PE";"UOP01-DEL01-PE"
369114;2021-07-08;"quinta-feira";"06:20:00";"RO";364;202;"PIMENTA BUENO";"Ausência de reação do condutor";"Colisão traseira";"Com Vítimas Feridas";"Pleno dia";"Crescente";"Céu Claro";"Simples";"Aclive";"Sim";3;0;1;1;1;0;2;2;-11,63309641;-61,20286524;"SPRF-RO";"DEL02-RO";"UOP02-DEL02-RO"
369118;2021-07-08;"quinta-feira";"09:00:00";"GO";153;86;"SANTA TEREZA DE GOIAS";"Ausência de reação do condutor";"Saída de leito carroçável";"Com Vítimas Feridas";"Pleno dia";"Decrescente";"Céu Claro";"Simples";"Reta";"Não";1;0;0;1;0;0;1;1;-13,554891;-49,074291;"SPRF-GO";"DEL07-GO";"UOP01-DEL07-GO"
369119;2021-07-08;"quinta-feira";"09:05:00";"MG";381;816;"CAREACU";"Condutor Dormindo";"Saída de leito carroçável";"Com Vítimas Feridas";"Pleno dia";"Crescente";"Céu Claro";"Dupla";"Curva";"Não";3;0;2;0;1;0;2;1;-22,0934877;-45,71077521;"SPRF-MG";"DEL16-MG";"UOP02-DEL16-MG"
369122;2021-07-08;"quinta-feira";"09:15:00";"GO";153;496;"GOIANIA";"Condutor deixou de manter distância do veículo da frente";"Colisão traseira";"Sem Vítimas";"Pleno dia";"Crescente";"Céu Claro";"Dupla";"Viaduto";"Sim";4;0;0;0;4;0;0;2;-16,6776;-49,2314;"SPRF-GO";"DEL01-GO";"UOP01-DEL01-GO"
369123;2021-07-08;"quinta-feira";"08:50:00";"SC";282;242,2;"SAO JOSE DO CERRITO";"Condutor Dormindo";"Saída de leito carroçável";"Sem Vítimas";"Pleno dia";"Crescente";"Céu Claro";"Simples";"Curva;Declive";"Sim";1;0;0;0;1;0;0;1;-27,74678439;-50,50558531;"SPRF-SC";"DEL05-SC";"UOP02-DEL05-SC"
369125;2021-07-08;"quinta-feira";"09:30:00";"SP";153;57,3;"SAO JOSE DO RIO PRETO";"Obras na pista";"Tombamento";"Com Vítimas Feridas";"Pleno dia";"Crescente";"Céu Claro";"Dupla";"Em Obras";"Sim";1;0;1;0;0;0;1;1;-20,76991095;-49,34982212;"SPRF-SP";"DEL09-SP";"UOP01-DEL09-SP"
369128;2021-07-08;"quinta-feira";"09:00:00";"SP";116;279;"EMBU DAS ARTES";"Pista esburacada";"Queda de ocupante de veículo";"Com Vítimas Feridas";"Pleno dia";"Crescente";"Céu Claro";"Dupla";"Curva";"Sim";2;0;1;0;1;0;1;2;-23,66233697;-46,85292907;"SPRF-SP";"DEL04-SP";"UOP01-DEL04-SP"
369129;2021-07-08;"quinta-feira";"09:50:00";"SC";101;214,8;"PALHOCA";"Manobra de mudança de faixa";"Colisão lateral mesmo sentido";"Com Vítimas Feridas";"Pleno dia";"Decrescente";"Sol";"Múltipla";"Reta";"Sim";2;0;1;0;1;0;1;2;-27,64443;-48,67057;"SPRF-SC";"DEL01-SC";"UOP02-DEL01-SC"
369130;2021-07-08;"quinta-feira";"07:55:00";"MG";365;706;"MONTE ALEGRE DE MINAS";"Demais falhas mecânicas ou elétricas";"Incêndio";"Sem Vítimas";"Pleno dia";"Decrescente";"Sol";"Dupla";"Reta";"Não";1;0;0;0;1;0;0;1;-18,879537;-49,05059;"SPRF-MG";"DEL15-MG";"UOP03-DEL15-MG"
369131;2021-07-08;"quinta-feira";"09:00:00";"MG";365;710,8;"MONTE ALEGRE DE MINAS";"Ausência de reação do condutor";"Colisão traseira";"Com Vítimas Feridas";"Pleno dia";"Crescente";"Sol";"Simples";"Reta";"Não";3;0;1;0;2;0;1;2;-18,879314;-49,096302;"SPRF-MG";"DEL15-MG";"UOP03-DEL15-MG"
369132;2021-07-08;"quinta-feira";"10:30:00";"PB";230;16;"JOAO PESSOA";"Entrada inopinada do pedestre";"Atropelamento de Pedestre";"Com Vítimas Feridas";"Pleno dia";"Decrescente";"Céu Claro";"Dupla";"Reta";"Sim";2;0;1;0;1;0;1;2;-7,1039;-34,8458;"SPRF-PB";"DEL01-PB";"UOP01-DEL01-PB"
369136;2021-07-08;"quinta-feira";"07:45:00";"PR";277;78;"CURITIBA";"Trafegar com motocicleta (ou similar) entre as faixas";"Colisão lateral mesmo sentido";"Com Vítimas Feridas";"Pleno dia";"Crescente";"Nublado";"Dupla";"Reta";"Não";2;0;1;0;1;0;1;2;-25,48047177;-49,20158386;"SPRF-PR";"DEL01-PR";"UOP01-DEL01-PR"
369139;2021-06-18;"sexta-feira";"17:30:00";"RN";226;111,2;"SANTA CRUZ";"Conversão proibida";"Colisão transversal";"Com Vítimas Feridas";"Anoitecer";"Crescente";"Sol";"Simples";"Reta";"Sim";2;0;0;1;1;0;1;2;-6,22841881;-36,0177456;"SPRF-RN";"DEL03-RN";"UOP02-DEL03-RN"
369140;2021-07-08;"quinta-feira";"10:40:00";"ES";262;3,5;"CARIACICA";"Reação tardia ou ineficiente do condutor";"Colisão traseira";"Com Vítimas Feridas";"Pleno dia";"Crescente";"Céu Claro";"Múltipla";"Curva;Declive";"Sim";2;0;0;1;1;0;1;2;-20,33374432;-40,36910933;"SPRF-ES";"DEL01-ES";"UOP01-DEL01-ES"
369143;2021-07-08;"quinta-feira";"11:00:00";"RS";386;266;"CANOAS";"Ingestão de álcool pelo condutor";"Colisão traseira";"Sem Vítimas";"Pleno dia";"Decrescente";"Céu Claro";"Dupla";"Reta";"Sim";2;0;0;0;2;0;0;2;-29,9278;-51,1775;"SPRF-RS";"DEL04-RS";"UOP03-DEL04-RS"
369146;2021-07-08;"quinta-feira";"12:01:00";"PE";101;70,2;"RECIFE";"Entrada inopinada do pedestre";"Atropelamento de Pedestre";"Com Vítimas Feridas";"Pleno dia";"Decrescente";"Céu Claro";"Dupla";"Reta";"Sim";2;0;1;0;1;0;1;2;-8,06776119;-34,94265074;"SPRF-PE";"DEL01-PE";"UOP01-DEL01-PE"
369147;2021-07-08;"quinta-feira";"11:12:00";"MS";163;614;"SAO GABRIEL DO OESTE";"Acessar a via sem observar a presença dos outros veículos";"Colisão transversal";"Com Vítimas Feridas";"Pleno dia";"Crescente";"Céu Claro";"Simples";"Interseção de Vias";"Sim";2;0;1;0;1;0;1;2;-19,40628803;-54,56100005;"SPRF-MS";"DEL06-MS";"UOP02-DEL06-MS"
369148;2021-07-08;"quinta-feira";"11:30:00";"ES";101;204,7;"JOAO NEIVA";"Acessar a via sem observar a presença dos outros veículos";"Colisão transversal";"Sem Vítimas";"Pleno dia";"Crescente";"Sol";"Simples";"Interseção de Vias";"Sim";2;0;0;0;2;0;0;2;-19,7495181;-40,37931561;"SPRF-ES";"DEL02-ES";"UOP01-DEL02-ES"
369149;2021-07-08;"quinta-feira";"12:00:00";"RJ";116;241,4;"PIRAI";"Ausência de reação do condutor";"Colisão com objeto";"Com Vítimas Feridas";"Pleno dia";"Decrescente";"Céu Claro";"Dupla";"Declive";"Não";3;0;1;0;2;0;1;1;-22,65028398;-43,89345097;"SPRF-RJ";"DEL07-RJ";"UOP01-DEL07-RJ"
369150;2021-07-08;"quinta-feira";"12:10:00";"SP";153;73,1;"BADY BASSITT";"Ausência de reação do condutor";"Capotamento";"Com Vítimas Feridas";"Pleno dia";"Decrescente";"Céu Claro";"Dupla";"Aclive";"Não";1;0;1;0;0;0;1;1;-20,87627206;-49,42004692;"SPRF-SP";"DEL09-SP";"UOP01-DEL09-SP"
369152;2021-07-08;"quinta-feira";"12:30:00";"RJ";356;146;"CAMPOS DOS GOYTACAZES";"Condutor deixou de manter distância do veículo da frente";"Colisão traseira";"Com Vítimas Feridas";"Pleno dia";"Decrescente";"Céu Claro";"Dupla";"Reta";"Sim";6;0;1;0;4;1;1;4;-21,781275;-41,294303;"SPRF-RJ";"DEL08-RJ";"UOP02-DEL08-RJ"
369154;2021-07-08;"quinta-feira";"11:30:00";"PE";104;63;"CARUARU";"Reação tardia ou ineficiente do condutor";"Colisão traseira";"Sem Vítimas";"Pleno dia";"Crescente";"Sol";"Múltipla";"Desvio Temporário;Reta";"Sim";2;0;0;0;2;0;0;2;-8,2698;-35,9803;"SPRF-PE";"DEL02-PE";"UOP01-DEL02-PE"
369155;2021-05-25;"terça-feira";"08:00:00";"BA";324;621;"SALVADOR";"Condutor deixou de manter distância do veículo da frente";"Colisão traseira";"Com Vítimas Feridas";"Pleno dia";"Crescente";"Nublado";"Dupla";"Reta";"Sim";2;0;1;0;1;0;1;2;-12,91233708;-38,45956983;"SPRF-BA";"DEL01-BA";"UOP01-DEL01-BA"
369156;2021-07-08;"quinta-feira";"12:05:00";"ES";101;301,2;"VIANA";"Manobra de mudança de faixa";"Colisão lateral mesmo sentido";"Com Vítimas Feridas";"Pleno dia";"Crescente";"Céu Claro";"Simples";"Curva";"Não";2;0;1;0;1;0;1;2;-20,36278187;-40,4401343;"SPRF-ES";"DEL01-ES";"UOP01-DEL01-ES"
369158;2021-07-08;"quinta-feira";"11:15:00";"SC";282;535,3;"CHAPECO";"Conversão proibida";"Colisão transversal";"Com Vítimas Feridas";"Pleno dia";"Decrescente";"Céu Claro";"Simples";"Interseção de Vias";"Sim";5;0;1;0;4;0;1;2;-26,999437;-52,646027;"SPRF-SC";"DEL07-SC";"UOP01-DEL07-SC"
369159;2021-07-08;"quinta-feira";"13:00:00";"SP";116;215;"GUARULHOS";"Frear bruscamente";"Tombamento";"Com Vítimas Feridas";"Pleno dia";"Crescente";"Céu Claro";"Múltipla";"Reta";"Não";1;0;1;0;0;0;1;1;-23,44695693;-46,45394103;"SPRF-SP";"DEL01-SP";"UOP01-DEL01-SP"
369160;2021-07-08;"quinta-feira";"09:20:00";"PR";277;11;"PARANAGUA";"Acesso irregular";"Colisão transversal";"Com Vítimas Feridas";"Pleno dia";"Decrescente";"Céu Claro";"Dupla";"Reta";"Sim";2;0;1;0;1;0;1;2;-25,568198;-48,615292;"SPRF-PR";"DEL01-PR";"UOP05-DEL01-PR"
369164;2021-07-04;"domingo";"16:00:00";"CE";20;417,6;"MARACANAU";"Condutor desrespeitou a iluminação vermelha do semáforo";"Colisão transversal";"Com Vítimas Feridas";"Pleno dia";"Crescente";"Céu Claro";"Dupla";"Reta";"Sim";2;0;1;0;1;0;1;2;-3,76999035;-38,67006282;"SPRF-CE";"DEL01-CE";"UOP02-DEL01-CE"
369165;2021-07-08;"quinta-feira";"11:58:00";"RS";285;295,9;"PASSO FUNDO";"Condutor deixou de manter distância do veículo da frente";"Colisão traseira";"Com Vítimas Feridas";"Pleno dia";"Crescente";"Céu Claro";"Simples";"Reta";"Sim";2;0;0;1;1;0;1;2;-28,231071;-52,394299;"SPRF-RS";"DEL08-RS";"UOP03-DEL08-RS"
369166;2021-07-08;"quinta-feira";"11:22:00";"RJ";493;107,8;"SEROPEDICA";"Reação tardia ou ineficiente do condutor";"Saída de leito carroçável";"Sem Vítimas";"Pleno dia";"Crescente";"Sol";"Dupla";"Reta";"Não";1;0;0;0;0;1;0;1;-22,78774;-43,772994;"SPRF-RJ";"DEL03-RJ";"UOP01-DEL03-RJ"
369168;2021-07-08;"quinta-feira";"13:20:00";"PR";116;10,5;"CAMPINA GRANDE DO SUL";"Ausência de reação do condutor";"Colisão traseira";"Com Vítimas Feridas";"Pleno dia";"Crescente";"Céu Claro";"Dupla";"Reta";"Sim";2;0;1;0;1;0;1;2;-25,3719;-49,134;"SPRF-PR";"DEL01-PR";"UOP02-DEL01-PR"
369169;2021-07-08;"quinta-feira";"13:30:00";"PR";376;602;"CURITIBA";"Manobra de mudança de faixa";"Colisão lateral mesmo sentido";"Com Vítimas Feridas";"Pleno dia";"Decrescente";"Sol";"Dupla";"Curva";"Não";2;0;0;1;1;0;1;2;-25,53882629;-49,31229657;"SPRF-PR";"DEL01-PR";"UOP01-DEL01-PR"
369170;2021-07-08;"quinta-feira";"11:10:00";"MG";381;594,2;"CARMOPOLIS DE MINAS";"Reação tardia ou ineficiente do condutor";"Saída de leito carroçável";"Com Vítimas Feridas";"Pleno dia";"Crescente";"Céu Claro";"Dupla";"Reta";"Não";1;0;1;0;0;0;1;1;-20,59143674;-44,70067816;"SPRF-MG";"DEL04-MG";"UOP01-DEL04-MG"
369171;2021-07-08;"quinta-feira";"10:20:00";"RO";364;6;"VILHENA";"Velocidade Incompatível";"Saída de leito carroçável";"Com Vítimas Fatais";"Pleno dia";"Crescente";"Céu Claro";"Simples";"Reta";"Não";1;1;0;0;0;0;0;1;-12,7809996;-60,0916488;"SPRF-RO";"DEL04-RO";"UOP01-DEL04-RO"
369173;2021-07-08;"quinta-feira";"14:10:00";"RS";101;86,8;"OSORIO";"Ausência de reação do condutor";"Colisão lateral mesmo sentido";"Com Vítimas Feridas";"Pleno dia";"Decrescente";"Sol";"Dupla";"Reta";"Sim";2;0;1;0;1;0;1;2;-29,883221;-50,26708;"SPRF-RS";"DEL03-RS";"UOP01-DEL03-RS"
369174;2021-07-08;"quinta-feira";"12:00:00";"PE";316;291,7;"BELEM DE SAO FRANCISCO";"Demais falhas mecânicas ou elétricas";"Incêndio";"Sem Vítimas";"Pleno dia";"Crescente";"Sol";"Simples";"Reta";"Não";1;0;0;0;1;0;0;1;-8,63600187;-38,67315705;"SPRF-PE";"DEL04-PE";"UOP01-DEL04-PE"
369177;2021-07-08;"quinta-feira";"15:00:00";"SE";235;9;"NOSSA SENHORA DO SOCORRO";"Acostamento em desnível";"Colisão lateral mesmo sentido";"Com Vítimas Feridas";"Pleno dia";"Crescente";"Nublado";"Simples";"Reta";"Sim";2;0;0;1;1;0;1;2;-10,883585;-37,13908;"SPRF-SE";"DEL01-SE";"UOP01-DEL01-SE"
369179;2021-07-08;"quinta-feira";"14:30:00";"SC";101;207;"SAO JOSE";"Demais falhas mecânicas ou elétricas";"Tombamento";"Com Vítimas Feridas";"Pleno dia";"Crescente";"Céu Claro";"Múltipla";"Reta";"Sim";2;0;2;0;0;0;2;1;-27,60001226;-48,6226467;"SPRF-SC";"DEL01-SC";"UOP01-DEL01-SC"
369180;2021-07-08;"quinta-feira";"14:45:00";"RJ";101;67;"CAMPOS DOS GOYTACAZES";"Manobra de mudança de faixa";"Colisão lateral mesmo sentido";"Com Vítimas Feridas";"Pleno dia";"Decrescente";"Céu Claro";"Dupla";"Rotatória";"Sim";2;0;1;0;1;0;1;2;-21,76539853;-41,34580135;"SPRF-RJ";"DEL08-RJ";"UOP02-DEL08-RJ"
369182;2021-07-08;"quinta-feira";"14:20:00";"GO";50;240,8;"CATALAO";"Condutor Dormindo";"Saída de leito carroçável";"Com Vítimas Feridas";"Pleno dia";"Decrescente";"Céu Claro";"Dupla";"Reta";"Não";1;0;0;1;0;0;1;1;-17,8833;-47,7912;"SPRF-GO";"DEL06-GO";"UOP01-DEL06-GO"
369188;2021-07-08;"quinta-feira";"15:30:00";"RS";448;4;"ESTEIO";"Ausência de reação do condutor";"Queda de ocupante de veículo";"Com Vítimas Feridas";"Pleno dia";"Decrescente";"Céu Claro";"Dupla";"Reta";"Não";2;0;1;0;1;0;1;2;-29,849258;-51,220989;"SPRF-RS";"DEL01-RS";"UOP02-DEL01-RS"
369192;2021-07-08;"quinta-feira";"16:30:00";"PE";232;75;"GRAVATA";"Animais na Pista";"Atropelamento de Animal";"Com Vítimas Feridas";"Pleno dia";"Crescente";"Céu Claro";"Múltipla";"Curva";"Não";1;0;0;1;0;0;1;1;-8,19737799;-35,525476;"SPRF-PE";"DEL02-PE";"UOP02-DEL02PE"
369194;2021-05-16;"domingo";"18:10:00";"ES";101;66;"SAO MATEUS";"Condutor desrespeitou a iluminação vermelha do semáforo";"Colisão transversal";"Com Vítimas Feridas";"Plena Noite";"Crescente";"Céu Claro";"Dupla";"Reta";"Sim";4;0;0;1;1;2;1;3;-18,7165195;-39,87436378;"SPRF-ES";"DEL04-ES";"UOP02-DEL04-ES"
369195;2021-07-08;"quinta-feira";"16:30:00";"RN";304;94;"NATAL";"Condutor deixou de manter distância do veículo da frente";"Colisão traseira";"Sem Vítimas";"Pleno dia";"Crescente";"Céu Claro";"Múltipla";"Reta";"Sim";3;0;0;0;3;0;0;2;-5,82767387;-35,21038283;"SPRF-RN";"DEL04-RN";"UOP01-DEL04-RN"
369196;2021-07-08;"quinta-feira";"17:10:00";"PR";277;69;"SAO JOSE DOS PINHAIS";"Reação tardia ou ineficiente do condutor";"Colisão traseira";"Com Vítimas Feridas";"Pleno dia";"Crescente";"Céu Claro";"Dupla";"Reta";"Não";2;0;1;0;1;0;1;2;-25,51350792;-49,12344106;"SPRF-PR";"DEL01-PR";"UOP01-DEL01-PR"
369197;2021-07-08;"quinta-feira";"14:55:00";"RJ";101;319;"NITEROI";"Ausência de reação do condutor";"Queda de ocupante de veículo";"Com Vítimas Feridas";"Pleno dia";"Decrescente";"Céu Claro";"Simples";"Reta";"Sim";1;0;1;0;0;0;1;1;-22,85411774;-43,1018014;"SPRF-RJ";"DEL02-RJ";"UOP02-DEL02-RJ"
369199;2021-07-08;"quinta-feira";"17:15:00";"PB";101;86;"BAYEUX";"Reação tardia ou ineficiente do condutor";"Colisão traseira";"Com Vítimas Feridas";"Plena Noite";"Decrescente";"Céu Claro";"Dupla";"Reta";"Sim";2;0;0;1;1;0;1;2;-7,14790541;-34,91371393;"SPRF-PB";"DEL01-PB";"UOP01-DEL01-PB"
369201;2021-06-02;"quarta-feira";"07:00:00";"ES";101;266,3;"SERRA";"Condutor deixou de manter distância do veículo da frente";"Colisão traseira";"Com Vítimas Feridas";"Pleno dia";"Crescente";"Céu Claro";"Múltipla";"Reta";"Sim";2;0;0;1;1;0;1;2;-20,190199;-40,26828891;"SPRF-ES";"DEL02-ES";"UOP01-DEL02-ES"
369202;2021-07-08;"quinta-feira";"17:15:00";"MG";365;699,5;"MONTE ALEGRE DE MINAS";"Velocidade Incompatível";"Capotamento";"Com Vítimas Fatais";"Pleno dia";"Crescente";"Céu Claro";"Dupla";"Reta";"Não";3;1;2;0;0;0;2;1;-18,879581;-48,989012;"SPRF-MG";"DEL15-MG";"UOP03-DEL15-MG"
369203;2021-07-08;"quinta-feira";"17:35:00";"SP";116;283,4;"EMBU DAS ARTES";"Manobra de mudança de faixa";"Colisão lateral mesmo sentido";"Com Vítimas Feridas";"Anoitecer";"Crescente";"Céu Claro";"Dupla";"Reta";"Sim";5;0;1;0;4;0;1;3;-23,69297005;-46,86352786;"SPRF-SP";"DEL04-SP";"UOP01-DEL04-SP"
369204;2021-07-08;"quinta-feira";"17:48:00";"SP";116;1;"GUARULHOS";"Manobra de mudança de faixa";"Colisão lateral mesmo sentido";"Com Vítimas Feridas";"Anoitecer";"Crescente";"Céu Claro";"Dupla";"Reta";"Sim";2;0;1;0;1;0;1;2;-23,463257;-46,53373;"SPRF-SP";"DEL04-SP";"UOP02-DEL04-SP"
369207;2021-07-08;"quinta-feira";"17:10:00";"CE";116;8,5;"FORTALEZA";"Reação tardia ou ineficiente do condutor";"Atropelamento de Pedestre";"Com Vítimas Feridas";"Plena Noite";"Crescente";"Céu Claro";"Múltipla";"Reta";"Sim";2;0;0;1;0;1;1;2;-3,8192799;-38,50268337;"SPRF-CE";"DEL01-CE";"UOP02-DEL01-CE"
369211;2021-06-23;"quarta-feira";"07:10:00";"PI";316;1;"TERESINA";"Acesso irregular";"Colisão transversal";"Sem Vítimas";"Pleno dia";"Crescente";"Céu Claro";"Múltipla";"Reta";"Sim";2;0;0;0;1;1;0;2;-5,12861853;-42,80706778;"SPRF-PI";"DEL01-PI";"UOP02-DEL01-PI"
369213;2021-07-08;"quinta-feira";"18:15:00";"GO";20;185;"SIMOLANDIA";"Ausência de reação do condutor";"Saída de leito carroçável";"Com Vítimas Fatais";"Plena Noite";"Decrescente";"Céu Claro";"Dupla";"Reta";"Não";1;1;0;0;0;0;0;1;-14,443042;-46,462242;"SPRF-DF";"DEL02-DF";"UOP03-DEL02-DF"
369214;2021-07-08;"quinta-feira";"18:10:00";"MG";40;529;"CONTAGEM";"Trafegar com motocicleta (ou similar) entre as faixas";"Atropelamento de Pedestre";"Com Vítimas Feridas";"Plena Noite";"Crescente";"Céu Claro";"Dupla";"Reta";"Sim";1;0;1;0;0;0;1;1;-19,91635592;-44,03966566;"SPRF-MG";"DEL01-MG";"UOP02-DEL01-MG"
369215;2021-07-08;"quinta-feira";"17:20:00";"GO";153;48,8;"PORANGATU";"Demais falhas na via";"Saída de leito carroçável";"Com Vítimas Feridas";"Pleno dia";"Decrescente";"Céu Claro";"Simples";"Reta";"Não";1;0;0;1;0;0;1;1;-13,233616;-49,144352;"SPRF-GO";"DEL07-GO";"UOP01-DEL07-GO"
369217;2021-07-08;"quinta-feira";"18:20:00";"MG";146;519;"POCOS DE CALDAS";"Acessar a via sem observar a presença dos outros veículos";"Colisão transversal";"Com Vítimas Feridas";"Plena Noite";"Crescente";"Céu Claro";"Simples";"Reta;Declive";"Sim";3;0;1;0;2;0;1;2;-21,806958;-46,488093;"SPRF-MG";"DEL09-MG";"UOP01-DEL09-MG"
369218;2021-07-08;"quinta-feira";"17:50:00";"MS";262;386;"TERENOS";"Manobra de mudança de faixa";"Colisão lateral sentido oposto";"Com Vítimas Feridas";"Anoitecer";"Crescente";"Céu Claro";"Simples";"Declive";"Não";3;0;1;0;2;0;1;2;-20,43132423;-54,89118605;"SPRF-MS";"DEL01-MS";"UOP03-DEL01-MS"
369220;2021-07-08;"quinta-feira";"18:00:00";"SC";101;101,1;"BALNEARIO PICARRAS";"Conversão proibida";"Tombamento";"Com Vítimas Feridas";"Anoitecer";"Crescente";"Céu Claro";"Simples";"Reta";"Sim";2;0;1;0;1;0;1;2;-26,76592551;-48,68656218;"SPRF-SC";"DEL03-SC";"UOP02-DEL03-SC"
369221;2021-07-08;"quinta-feira";"18:10:00";"SC";101;116;"ITAJAI";"Demais falhas mecânicas ou elétricas";"Tombamento";"Com Vítimas Feridas";"Plena Noite";"Decrescente";"Céu Claro";"Dupla";"Reta";"Sim";1;0;1;0;0;0;1;1;-26,87905605;-48,72603512;"SPRF-SC";"DEL04-SC";"UOP04-DEL04-SC"
369224;2021-07-08;"quinta-feira";"17:38:00";"PR";277;552,5;"CASCAVEL";"Velocidade Incompatível";"Saída de leito carroçável";"Com Vítimas Feridas";"Pleno dia";"Decrescente";"Sol";"Simples";"Reta";"Não";1;0;1;0;0;0;1;1;-25,0856681;-53,14103403;"SPRF-PR";"DEL04-PR";"UOP01-DEL04-PR"
369225;2021-07-08;"quinta-feira";"18:50:00";"PE";428;82,7;"SANTA MARIA DA BOA VISTA";"Ingestão de álcool pelo condutor";"Colisão traseira";"Com Vítimas Feridas";"Plena Noite";"Crescente";"Nublado";"Simples";"Reta";"Não";2;0;0;1;1;0;1;2;-8,78713942;-39,82236026;"SPRF-PE";"DEL06-PE";"UOP03-DEL06-PE"
369226;2021-07-08;"quinta-feira";"18:15:00";"SC";101;133,8;"BALNEARIO CAMBORIU";"Velocidade Incompatível";"Colisão traseira";"Com Vítimas Feridas";"Plena Noite";"Crescente";"Céu Claro";"Dupla";"Reta";"Sim";2;0;0;1;1;0;1;2;-26,99936;-48,64609;"SPRF-SC";"DEL04-SC";"UOP03-DEL04-SC"
369228;2021-07-08;"quinta-feira";"18:00:00";"PR";153;330,8;"IRATI";"Acessar a via sem observar a presença dos outros veículos";"Colisão transversal";"Com Vítimas Feridas";"Anoitecer";"Decrescente";"Nublado";"Dupla";"Reta";"Sim";2;0;0;1;1;0;1;2;-25,45471011;-50,6196247;"SPRF-PR";"DEL03-PR";"UOP03-DEL03-PR"
369229;2021-07-08;"quinta-feira";"19:00:00";"ES";101;255;"SERRA";"Entrada inopinada do pedestre";"Atropelamento de Pedestre";"Com Vítimas Feridas";"Plena Noite";"Decrescente";"Céu Claro";"Simples";"Reta";"Sim";2;0;1;0;1;0;1;2;-20,11487935;-40,31943619;"SPRF-ES";"DEL02-ES";"UOP01-DEL02-ES"
369230;2021-07-08;"quinta-feira";"18:10:00";"MS";60;450,9;"SIDROLANDIA";"Animais na Pista";"Atropelamento de Animal";"Sem Vítimas";"Plena Noite";"Decrescente";"Céu Claro";"Simples";"Reta";"Não";8;0;0;0;7;1;0;3;-21,00328931;-55,13869705;"SPRF-MS";"DEL01-MS";"UOP04-DEL01-MS"
369232;2021-06-22;"terça-feira";"08:00:00";"ES";101;277,9;"SERRA";"Acessar a via sem observar a presença dos outros veículos";"Colisão transversal";"Com Vítimas Feridas";"Pleno dia";"Decrescente";"Nublado";"Múltipla";"Retorno Regulamentado";"Sim";2;0;0;1;1;0;1;2;-20,21307738;-40,32125972;"SPRF-ES";"DEL02-ES";"UOP01-DEL02-ES"
369233;2021-07-08;"quinta-feira";"16:20:00";"SC";480;129,5;"CHAPECO";"Desrespeitar a preferência no cruzamento";"Colisão transversal";"Com Vítimas Feridas";"Pleno dia";"Decrescente";"Sol";"Simples";"Viaduto";"Não";2;0;1;0;1;0;1;2;-27,04656607;-52,63577131;"SPRF-SC";"DEL07-SC";"UOP01-DEL07-SC"
369234;2021-07-08;"quinta-feira";"18:50:00";"RJ";40;104;"DUQUE DE CAXIAS";"Conversão proibida";"Colisão transversal";"Com Vítimas Feridas";"Plena Noite";"Decrescente";"Céu Claro";"Múltipla";"Reta";"Sim";2;0;1;0;0;1;1;2;-22,62897902;-43,28579508;"SPRF-RJ";"DEL01-RJ";"UOP01-DEL01-RJ"
369236;2021-07-08;"quinta-feira";"19:25:00";"SP";116;153,6;"SAO JOSE DOS CAMPOS";"Reação tardia ou ineficiente do condutor";"Queda de ocupante de veículo";"Com Vítimas Feridas";"Plena Noite";"Decrescente";"Céu Claro";"Dupla";"Reta";"Sim";1;0;1;0;0;0;1;1;-23,23262274;-45,91372624;"SPRF-SP";"DEL02-SP";"UOP01-DEL02-SP"