"id";"data_inversa";"dia_semana";"horario";"uf";"br";"km";"municipio";"causa_acidente";"tipo_acidente";"classificacao_acidente";"fase_dia";"sentido_via";"condicao_metereologica";"tipo_pista";"tracado_via";"uso_solo";"pessoas";"mortos";"feridos_leves";"feridos_graves";"ilesos";"ignorados";"feridos";"veiculos";"latitude";"longitude";"regional";"delegacia";"uop"
369490;2021-07-09;"sexta-feira";"18:40:00";"RS";293;1,5;"PELOTAS";"Velocidade Incompatível";"Engavetamento";"Com Vítimas Feridas";"Plena Noite";"Decrescente";"Céu Claro";"Simples";"Reta";"Não";4;0;1;0;3;0;1;4;-31,760326;-52,356205;"SPRF-RS";"DEL07-RS";"UOP01-DEL07-RS"
369491;2021-07-09;"sexta-feira";"21:30:00";"RN";304;296;"MACAIBA";"Pedestre andava na pista";"Atropelamento de Pedestre";"Com Vítimas Feridas";"Plena Noite";"Crescente";"Céu Claro";"Múltipla";"Declive";"Sim";3;0;0;1;2;0;1;2;-5,86484905;-35,34931012;"SPRF-RN";"DEL01-RN";"UOP02-DEL01-RN"
369493;2021-07-01;"quinta-feira";"15:20:00";"ES";259;7,8;"JOAO NEIVA";"Ausência de reação do condutor";"Tombamento";"Com Vítimas Feridas";"Pleno dia";"Crescente";"Sol";"Simples";"Curva";"Não";1;0;0;1;0;0;1;1;-19,68870615;-40,38869427;"SPRF-ES";"DEL02-ES";"UOP01-DEL02-ES"
369494;2021-07-09;"sexta-feira";"21:30:00";"GO";60;388;"RIO VERDE";"Manobra de mudança de faixa";"Saída de leito carroçável";"Com Vítimas Feridas";"Plena Noite";"Decrescente";"Céu Claro";"Dupla";"Reta";"Sim";3;0;1;0;2;0;1;1;-17,8151;-50,9343;"SPRF-GO";"DEL04-GO";"UOP01-DEL04-GO"
369496;2021-07-09;"sexta-feira";"20:50:00";"RS";468;48,6;"CORONEL BICACO";"Ausência de reação do condutor";"Colisão traseira";"Sem Vítimas";"Plena Noite";"Crescente";"Céu Claro";"Simples";"Reta";"Não";3;0;0;0;3;0;0;2;-27,755018;-53,689783;"SPRF-RS";"DEL08-RS";"UOP01-DEL08-RS"
369498;2021-07-09;"sexta-feira";"20:40:00";"GO";40;4;"VALPARAISO DE GOIAS";"Ausência de reação do condutor";"Colisão traseira";"Sem Vítimas";"Plena Noite";"Decrescente";"Céu Claro";"Dupla";"Reta";"Não";2;0;0;0;2;0;0;2;-16,085241;-47,986752;"SPRF-DF";"DEL01-DF";"UOP01-DEL01-DF"
369500;2021-07-09;"sexta-feira";"19:00:00";"MG";365;700,2;"MONTE ALEGRE DE MINAS";"Acumulo de areia ou detritos sobre o pavimento";"Saída de leito carroçável";"Com Vítimas Feridas";"Plena Noite";"Decrescente";"Céu Claro";"Dupla";"Em Obras;Reta";"Não";2;0;0;1;0;1;1;2;-18,88013775;-48,99816201;"SPRF-MG";"DEL15-MG";"UOP03-DEL15-MG"
369501;2021-07-09;"sexta-feira";"18:25:00";"SC";101;120,5;"ITAJAI";"Manobra de mudança de faixa";"Colisão traseira";"Com Vítimas Feridas";"Plena Noite";"Crescente";"Céu Claro";"Múltipla";"Reta";"Sim";2;0;0;1;0;1;1;2;-26,912758;-48,711998;"SPRF-SC";"DEL04-SC";"UOP04-DEL04-SC"
369502;2021-07-09;"sexta-feira";"22:10:00";"SP";116;155,2;"SAO JOSE DOS CAMPOS";"Animais na Pista";"Atropelamento de Animal";"Com Vítimas Feridas";"Plena Noite";"Crescente";"Céu Claro";"Dupla";"Reta";"Não";1;0;0;1;0;0;1;1;-23,24524337;-45,92772774;"SPRF-SP";"DEL02-SP";"UOP01-DEL02-SP"
369504;2021-07-09;"sexta-feira";"18:30:00";"PB";230;457,3;"SOUSA";"Conversão proibida";"Colisão traseira";"Com Vítimas Feridas";"Plena Noite";"Decrescente";"Nublado";"Simples";"Reta";"Não";3;0;0;2;0;1;2;2;-6,776514;-38,187502;"SPRF-PB";"DEL03-PB";"UOP03-DEL03-PB"
369505;2021-07-09;"sexta-feira";"21:00:00";"PI";222;26,9;"SAO JOAO DA FRONTEIRA";"Velocidade Incompatível";"Saída de leito carroçável";"Sem Vítimas";"Plena Noite";"Crescente";"Céu Claro";"Simples";"Reta";"Não";2;0;0;0;2;0;0;1;-4,00152666;-41,44069312;"SPRF-PI";"DEL02-PI";"UOP01-DEL02-PI"
369506;2021-07-09;"sexta-feira";"21:30:00";"PB";361;6;"PATOS";"Animais na Pista";"Atropelamento de Animal";"Com Vítimas Feridas";"Plena Noite";"Decrescente";"Céu Claro";"Simples";"Reta";"Sim";2;0;2;0;0;0;2;1;-7,03594312;-37,31112598;"SPRF-PB";"DEL03-PB";"UOP01-DEL03-PB"
369510;2021-07-09;"sexta-feira";"22:10:00";"RS";116;152;"CAXIAS DO SUL";"Velocidade Incompatível";"Engavetamento";"Sem Vítimas";"Plena Noite";"Decrescente";"Céu Claro";"Dupla";"Reta";"Sim";5;0;0;0;4;1;0;3;-29,1829343;-51,16801501;"SPRF-RS";"DEL05-RS";"UOP01-DEL05-RS"
369511;2021-07-09;"sexta-feira";"21:57:00";"PI";407;485;"JAICOS";"Ultrapassagem Indevida";"Colisão lateral sentido oposto";"Com Vítimas Feridas";"Plena Noite";"Decrescente";"Céu Claro";"Simples";"Reta";"Não";2;0;1;0;1;0;1;2;-7,470215;-41,242789;"SPRF-PI";"DEL04-PI";"UOP01-DEL04-PI"
369512;2021-07-09;"sexta-feira";"23:20:00";"RS";470;158;"NOVA PRATA";"Transitar na contramão";"Colisão frontal";"Sem Vítimas";"Plena Noite";"Crescente";"Céu Claro";"Simples";"Curva";"Não";5;0;0;0;4;1;0;2;-28,79887793;-51,61170959;"SPRF-RS";"DEL06-RS";"UOP02-DEL06-RS"
369514;2021-07-10;"sábado";"00:15:00";"PR";376;176;"MARINGA";"Ausência de reação do condutor";"Colisão traseira";"Com Vítimas Feridas";"Plena Noite";"Crescente";"Céu Claro";"Dupla";"Reta";"Sim";2;0;1;0;1;0;1;2;-23,41269173;-51,93158327;"SPRF-PR";"DEL09-PR";"UOP01-DEL09-PR"
369515;2021-07-09;"sexta-feira";"23:40:00";"ES";262;113,5;"VENDA NOVA DO IMIGRANTE";"Ingestão de álcool pelo condutor";"Capotamento";"Com Vítimas Feridas";"Plena Noite";"Decrescente";"Nublado";"Simples";"Reta";"Não";2;0;1;0;1;0;1;2;-20,33171889;-41,20453016;"SPRF-ES";"DEL01-ES";"UOP02-DEL01-ES"
369516;2021-07-09;"sexta-feira";"23:55:00";"SC";470;65,5;"INDAIAL";"Desrespeitar a preferência no cruzamento";"Colisão transversal";"Com Vítimas Feridas";"Plena Noite";"Crescente";"Céu Claro";"Simples";"Reta";"Sim";2;0;1;0;1;0;1;2;-26,870411;-49,211864;"SPRF-SC";"DEL04-SC";"UOP01-DEL04-SC"
369517;2021-07-09;"sexta-feira";"22:00:00";"MS";267;217;"NOVA ALVORADA DO SUL";"Animais na Pista";"Atropelamento de Animal";"Sem Vítimas";"Plena Noite";"Decrescente";"Céu Claro";"Simples";"Reta";"Não";1;0;0;0;1;0;0;1;-21,58175706;-54,10938507;"SPRF-MS";"DEL02-MS";"UOP01-DEL02-MS"
369519;2021-07-10;"sábado";"00:45:00";"ES";101;296;"CARIACICA";"Frear bruscamente";"Colisão com objeto";"Com Vítimas Feridas";"Plena Noite";"Crescente";"Céu Claro";"Simples";"Curva";"Sim";5;0;2;3;0;0;5;1;-20,34029997;-40,40405712;"SPRF-ES";"DEL01-ES";"UOP01-DEL01-ES"
369520;2021-07-10;"sábado";"00:20:00";"GO";70;307;"JUSSARA";"Condutor Dormindo";"Saída de leito carroçável";"Com Vítimas Feridas";"Plena Noite";"Decrescente";"Céu Claro";"Simples";"Reta";"Não";1;0;0;1;0;0;1;1;-15,86789277;-50,79837799;"SPRF-GO";"DEL04-GO";"UOP01-DEL04-GO"
369521;2021-07-09;"sexta-feira";"17:30:00";"MG";381;248,4;"SANTANA DO PARAISO";"Retorno proibido";"Colisão transversal";"Com Vítimas Feridas";"Anoitecer";"Crescente";"Céu Claro";"Simples";"Reta;Declive";"Não";2;0;0;1;1;0;1;2;-19,47088645;-42,53935557;"SPRF-MG";"DEL06-MG";"UOP01-DEL06-MG"
369523;2021-07-10;"sábado";"00:10:00";"SC";470;21,1;"ILHOTA";"Animais na Pista";"Atropelamento de Animal";"Com Vítimas Feridas";"Plena Noite";"Crescente";"Nevoeiro/Neblina";"Dupla";"Reta";"Não";1;0;0;1;0;0;1;1;-26,876698;-48,827362;"SPRF-SC";"DEL04-SC";"UOP04-DEL04-SC"
369524;2021-07-09;"sexta-feira";"18:45:00";"MG";116;256,4;"TEOFILO OTONI";"Velocidade Incompatível";"Colisão com objeto";"Com Vítimas Feridas";"Plena Noite";"Decrescente";"Nublado";"Simples";"Curva";"Não";4;0;2;0;2;0;2;1;-17,694704;-41,484955;"SPRF-MG";"DEL11-MG";"UOP01-DEL11-MG"
369526;2021-07-09;"sexta-feira";"23:30:00";"MS";163;80,6;"ITAQUIRAI";"Ingestão de álcool pelo condutor";"Saída de leito carroçável";"Sem Vítimas";"Plena Noite";"Crescente";"Céu Claro";"Dupla";"Aclive";"Não";3;0;0;0;1;2;0;1;-23,45800218;-54,1957354;"SPRF-MS";"DEL09-MS";"UOP01-DEL09-MS"
369527;2021-07-10;"sábado";"01:40:00";"RS";101;4;"TORRES";"Transitar na contramão";"Colisão lateral sentido oposto";"Com Vítimas Feridas";"Plena Noite";"Crescente";"Nevoeiro/Neblina";"Dupla";"Reta";"Não";3;0;0;1;2;0;1;2;-29,33222497;-49,78508308;"SPRF-RS";"DEL03-RS";"UOP02-DEL03-RS"
369529;2021-07-10;"sábado";"01:31:00";"BA";116;856;"VITORIA DA CONQUISTA";"Avarias e/ou desgaste excessivo no pneu";"Tombamento";"Com Vítimas Feridas";"Plena Noite";"Decrescente";"Céu Claro";"Simples";"Reta";"Não";2;0;2;0;0;0;2;1;-15,03245973;-40,96218122;"SPRF-BA";"DEL08-BA";"UOP01-DEL08-BA"
369530;2021-07-10;"sábado";"00:20:00";"RO";0;0;"ARIQUEMES";"Ingestão de álcool pelo condutor";"Capotamento";"Sem Vítimas";"Plena Noite";"Não Informado";"Céu Claro";"Simples";"Em Obras";"Não";2;0;0;0;0;2;0;2;-9,92562932;-63,07141542;"SPRF-RO";"DEL03-RO";"UOP01-DEL03-RO"
369532;2021-07-09;"sexta-feira";"22:00:00";"SC";282;293,7;"VARGEM";"Velocidade Incompatível";"Saída de leito carroçável";"Com Vítimas Feridas";"Plena Noite";"Decrescente";"Céu Claro";"Simples";"Curva";"Não";1;0;0;1;0;0;1;1;-27,538227;-50,860825;"SPRF-SC";"DEL07-SC";"UOP06-DEL07-SC"
369534;2021-07-10;"sábado";"01:55:00";"SC";101;200;"SAO JOSE";"Ausência de reação do condutor";"Colisão com objeto";"Com Vítimas Feridas";"Plena Noite";"Crescente";"Céu Claro";"Múltipla";"Reta";"Sim";1;0;1;0;0;0;1;1;-27,54018513;-48,62287714;"SPRF-SC";"DEL01-SC";"UOP01-DEL01-SC"
369535;2021-07-10;"sábado";"03:30:00";"PA";230;120;"MARABA";"Ingestão de álcool pelo condutor";"Colisão frontal";"Com Vítimas Feridas";"Plena Noite";"Crescente";"Céu Claro";"Dupla";"Ponte";"Sim";2;0;1;0;1;0;1;2;-5,35038318;-49,11434;"SPRF-PA";"DEL03-PA";"UOP01-DEL03-PA"
369537;2021-07-10;"sábado";"03:10:00";"MG";40;718,1;"BARBACENA";"Ingestão de álcool pelo condutor";"Capotamento";"Com Vítimas Feridas";"Plena Noite";"Crescente";"Nevoeiro/Neblina";"Dupla";"Curva";"Não";2;0;2;0;0;0;2;1;-21,2656332;-43,65557499;"SPRF-MG";"DEL05-MG";"UOP01-DEL05-MG"
369538;2021-07-10;"sábado";"04:00:00";"MG";381;726,7;"CARMO DA CACHOEIRA";"Pedestre andava na pista";"Atropelamento de Pedestre";"Com Vítimas Fatais";"Plena Noite";"Crescente";"Nublado";"Dupla";"Reta";"Não";2;1;0;0;1;0;0;2;-21,47686292;-45,2024003;"SPRF-MG";"DEL04-MG";"UOP02-DEL04-MG"
369539;2021-07-10;"sábado";"03:45:00";"MA";316;269;"SANTA INES";"Condutor Dormindo";"Capotamento";"Com Vítimas Feridas";"Plena Noite";"Decrescente";"Céu Claro";"Simples";"Reta";"Não";2;0;1;0;1;0;1;1;-3,695966;-45,324039;"SPRF-MA";"DEL02-MA";"UOP01-DEL02-MA"
369540;2021-07-10;"sábado";"04:10:00";"CE";20;418;"MARACANAU";"Ingestão de álcool pelo condutor";"Tombamento";"Sem Vítimas";"Plena Noite";"Crescente";"Céu Claro";"Dupla";"Reta";"Sim";1;0;0;0;1;0;0;1;-3,8433305;-38,5919811;"SPRF-CE";"DEL01-CE";"UOP02-DEL01-CE"
369541;2021-07-10;"sábado";"03:40:00";"PA";230;128;"MARABA";"Transitar na contramão";"Colisão frontal";"Com Vítimas Feridas";"Plena Noite";"Decrescente";"Céu Claro";"Simples";"Curva";"Sim";3;0;1;2;0;0;3;2;-5,3732012;-49,16779803;"SPRF-PA";"DEL03-PA";"UOP01-DEL03-PA"
369542;2021-07-10;"sábado";"03:10:00";"PR";277;114;"CAMPO LARGO";"Ausência de reação do condutor";"Saída de leito carroçável";"Sem Vítimas";"Plena Noite";"Crescente";"Céu Claro";"Dupla";"Reta";"Não";1;0;0;0;0;1;0;1;-25,42766575;-49,38724005;"SPRF-PR";"DEL01-PR";"UOP03-DEL03-PR"
369543;2021-07-10;"sábado";"04:30:00";"SC";101;217;"PALHOCA";"Ingestão de álcool pelo condutor";"Saída de leito carroçável";"Sem Vítimas";"Plena Noite";"Decrescente";"Céu Claro";"Dupla";"Reta";"Não";1;0;0;0;1;0;0;1;-27,66779034;-48,67393586;"SPRF-SC";"DEL01-SC";"UOP02-DEL01-SC"
369544;2021-07-10;"sábado";"04:45:00";"PR";116;126;"FAZENDA RIO GRANDE";"Ingestão de álcool pelo condutor";"Colisão transversal";"Com Vítimas Feridas";"Plena Noite";"Decrescente";"Céu Claro";"Dupla";"Interseção de Vias";"Sim";3;0;1;1;1;0;2;2;-25,60389895;-49,31824423;"SPRF-PR";"DEL01-PR";"UOP03-DEL01-PR"
369545;2021-07-10;"sábado";"04:50:00";"RN";304;65,3;"MOSSORO";"Demais falhas mecânicas ou elétricas";"Incêndio";"Sem Vítimas";"Amanhecer";"Crescente";"Céu Claro";"Simples";"Reta";"Não";1;0;0;0;0;1;0;1;-5,365982;-37,246067;"SPRF-RN";"DEL04-RN";"UOP01-DEL04-RN"
369547;2021-07-10;"sábado";"05:00:00";"RJ";116;182,5;"NOVA IGUACU";"Condutor Dormindo";"Capotamento";"Com Vítimas Feridas";"Amanhecer";"Crescente";"Céu Claro";"Dupla";"Reta";"Não";3;0;1;0;2;0;1;2;-22,7567755;-43,43107234;"SPRF-RJ";"DEL01-RJ";"UOP02-DEL01-RJ"
369550;2021-07-10;"sábado";"06:00:00";"PR";158;378,7;"LARANJEIRAS DO SUL";"Animais na Pista";"Atropelamento de Animal";"Com Vítimas Feridas";"Amanhecer";"Decrescente";"Céu Claro";"Simples";"Curva";"Não";2;0;2;0;0;0;2;1;-25,18629706;-52,28246782;"SPRF-PR";"DEL04-PR";"UOP02-DEL04-PR"
369552;2021-07-10;"sábado";"06:20:00";"CE";20;317,9;"CANINDE";"Ingestão de álcool pelo condutor";"Colisão com objeto";"Com Vítimas Feridas";"Pleno dia";"Crescente";"Céu Claro";"Simples";"Ponte";"Não";1;0;0;1;0;0;1;1;-4,29121502;-39,24974699;"SPRF-CE";"DEL02-CE";"UOP01-DEL02-CE"
369553;2021-07-10;"sábado";"06:40:00";"RJ";116;62;"TERESOPOLIS";"Pista Escorregadia";"Saída de leito carroçável";"Com Vítimas Feridas";"Amanhecer";"Crescente";"Nevoeiro/Neblina";"Simples";"Curva";"Não";3;0;1;1;1;0;2;1;-22,25254197;-42,91927708;"SPRF-RJ";"DEL04-RJ";"UOP01-DEL04-RJ"
369554;2021-05-19;"quarta-feira";"20:30:00";"PR";476;103;"BOCAIUVA DO SUL";"Ultrapassagem Indevida";"Colisão frontal";"Com Vítimas Feridas";"Pleno dia";"Decrescente";"Ignorado";"Simples";"Curva";"Não";2;0;1;0;0;1;1;2;-25,21424044;-49,08487558;"SPRF-PR";"DEL01-PR";"UOP02-DEL01-PR"
369556;2021-07-10;"sábado";"05:15:00";"RS";290;177,2;"BUTIA";"Animais na Pista";"Atropelamento de Animal";"Com Vítimas Feridas";"Plena Noite";"Decrescente";"Nevoeiro/Neblina";"Simples";"Reta";"Não";1;0;1;0;0;0;1;1;-30,132814;-51,982243;"SPRF-RS";"DEL02-RS";"UOP03-DEL02-RS"
369560;2021-07-10;"sábado";"08:00:00";"SC";101;188,1;"BIGUACU";"Ausência de reação do condutor";"Colisão com objeto";"Com Vítimas Feridas";"Pleno dia";"Decrescente";"Céu Claro";"Dupla";"Reta";"Sim";2;0;2;0;0;0;2;2;-27,45123421;-48,63370766;"SPRF-SC";"DEL01-SC";"UOP01-DEL01-SC"
369561;2021-07-10;"sábado";"07:05:00";"MG";381;0,5;"BETIM";"Ausência de reação do condutor";"Tombamento";"Com Vítimas Fatais";"Pleno dia";"Crescente";"Sol";"Dupla";"Declive;Reta";"Sim";3;1;0;1;1;0;1;2;-19,97173542;-44,16040421;"SPRF-MG";"DEL01-MG";"UOP03-DEL01-MG"
369562;2021-07-10;"sábado";"07:10:00";"MG";381;477,9;"CONTAGEM";"Ausência de reação do condutor";"Engavetamento";"Com Vítimas Feridas";"Pleno dia";"Decrescente";"Céu Claro";"Dupla";"Reta";"Sim";3;0;1;0;2;0;1;3;-19,96125819;-44,03723717;"SPRF-MG";"DEL01-MG";"UOP03-DEL01-MG"
369565;2021-07-05;"segunda-feira";"18:45:00";"MG";116;552;"SANTA BARBARA DO LESTE";"Animais na Pista";"Atropelamento de Animal";"Com Vítimas Feridas";"Plena Noite";"Crescente";"Céu Claro";"Simples";"Reta";"Sim";1;0;0;1;0;0;1;1;-19,98476697;-42,1434265;"SPRF-MG";"DEL06-MG";"UOP02-DEL06-MG"
369566;2021-07-10;"sábado";"08:05:00";"MG";40;437,2;"PARAOPEBA";"Sinalização mal posicionada";"Saída de leito carroçável";"Sem Vítimas";"Pleno dia";"Crescente";"Céu Claro";"Dupla";"Curva";"Não";1;0;0;0;1;0;0;1;-19,23100428;-44,43562244;"SPRF-MG";"DEL02-MG";"UOP01-DEL02-MG"
369567;2021-07-10;"sábado";"07:50:00";"MG";381;342;"BELA VISTA DE MINAS";"Estacionar ou parar em local proibido";"Colisão traseira";"Sem Vítimas";"Amanhecer";"Decrescente";"Céu Claro";"Simples";"Aclive";"Não";2;0;0;0;2;0;0;2;-19,84962291;-43,10954212;"SPRF-MG";"DEL03-MG";"UOP01-DEL03-MG"
369569;2021-07-09;"sexta-feira";"18:30:00";"MG";116;551,1;"SANTA BARBARA DO LESTE";"Reação tardia ou ineficiente do condutor";"Saída de leito carroçável";"Com Vítimas Feridas";"Plena Noite";"Decrescente";"Céu Claro";"Simples";"Curva";"Não";3;0;3;0;0;0;3;1;-19,97728983;-42,13901923;"SPRF-MG";"DEL06-MG";"UOP02-DEL06-MG"
369570;2021-07-10;"sábado";"07:00:00";"RJ";356;108,8;"CARDOSO MOREIRA";"Condutor Dormindo";"Saída de leito carroçável";"Com Vítimas Feridas";"Pleno dia";"Crescente";"Chuva";"Simples";"Curva;Aclive";"Não";1;0;1;0;0;0;1;1;-21,54984997;-41,46726055;"SPRF-RJ";"DEL08-RJ";"UOP03-DEL08-RJ"
369571;2021-07-10;"sábado";"08:20:00";"CE";116;25;"ITAITINGA";"Manobra de mudança de faixa";"Tombamento";"Com Vítimas Feridas";"Pleno dia";"Decrescente";"Céu Claro";"Dupla";"Reta";"Sim";1;0;1;0;0;0;1;1;-3,96633279;-38,51525324;"SPRF-CE";"DEL01-CE";"UOP02-DEL01-CE"
369573;2021-07-10;"sábado";"09:05:00";"MG";116;701,9;"MURIAE";"Objeto estático sobre o leito carroçável";"Tombamento";"Com Vítimas Feridas";"Pleno dia";"Crescente";"Céu Claro";"Simples";"Reta";"Sim";1;0;1;0;0;0;1;1;-21,11084891;-42,3806104;"SPRF-MG";"DEL07-MG";"UOP02-DEL07-MG"
369574;2021-07-10;"sábado";"06:30:00";"SC";101;218,5;"PALHOCA";"Velocidade Incompatível";"Colisão com objeto";"Com Vítimas Feridas";"Pleno dia";"Decrescente";"Nublado";"Múltipla";"Interseção de Vias";"Sim";3;0;1;0;2;0;1;1;-27,68033106;-48,66905808;"SPRF-SC";"DEL01-SC";"UOP02-DEL01-SC"
369575;2021-07-10;"sábado";"09:00:00";"RJ";116;57;"TERESOPOLIS";"Acumulo de óleo sobre o pavimento";"Tombamento";"Com Vítimas Fatais";"Pleno dia";"Crescente";"Céu Claro";"Simples";"Curva";"Não";1;1;0;0;0;0;0;1;-22,21208668;-42,90068849;"SPRF-RJ";"DEL04-RJ";"UOP01-DEL04-RJ"
369576;2021-07-10;"sábado";"08:50:00";"SC";101;212,7;"PALHOCA";"Ausência de reação do condutor";"Colisão transversal";"Com Vítimas Feridas";"Pleno dia";"Decrescente";"Sol";"Múltipla";"Reta";"Sim";2;0;1;0;0;1;1;2;-27,62996929;-48,65903871;"SPRF-SC";"DEL01-SC";"UOP02-DEL01-SC"
369577;2021-05-19;"quarta-feira";"18:20:00";"ES";101;381,5;"RIO NOVO DO SUL";"Pedestre cruzava a pista fora da faixa";"Atropelamento de Pedestre";"Com Vítimas Feridas";"Plena Noite";"Crescente";"Céu Claro";"Simples";"Reta";"Não";2;0;0;2;0;0;2;2;-20,81426791;-40,84094115;"SPRF-ES";"DEL03-ES";"UOP01-DEL03-ES"
369578;2021-07-10;"sábado";"09:18:00";"MA";10;260;"IMPERATRIZ";"Demais falhas na via";"Queda de ocupante de veículo";"Com Vítimas Feridas";"Pleno dia";"Decrescente";"Céu Claro";"Simples";"Reta";"Não";2;0;1;1;0;0;2;1;-5,463405;-47,472332;"SPRF-MA";"DEL04-MA";"UOP01-DEL04-MA"
369579;2021-07-10;"sábado";"07:30:00";"ES";262;105,9;"VENDA NOVA DO IMIGRANTE";"Acessar a via sem observar a presença dos outros veículos";"Colisão transversal";"Com Vítimas Feridas";"Pleno dia";"Decrescente";"Nublado";"Múltipla";"Interseção de Vias";"Sim";2;0;0;1;1;0;1;2;-20,32589492;-41,14344478;"SPRF-ES";"DEL01-ES";"UOP02-DEL01-ES"
369581;2021-07-10;"sábado";"09:25:00";"SC";101;206;"SAO JOSE";"Frear bruscamente";"Colisão traseira";"Com Vítimas Feridas";"Pleno dia";"Crescente";"Sol";"Dupla";"Reta";"Sim";3;0;2;0;1;0;2;2;-27,59193546;-48,61824557;"SPRF-SC";"DEL01-SC";"UOP01-DEL01-SC"
369583;2021-07-10;"sábado";"09:20:00";"SP";101;20;"UBATUBA";"Condutor deixou de manter distância do veículo da frente";"Colisão traseira";"Com Vítimas Feridas";"Pleno dia";"Decrescente";"Céu Claro";"Simples";"Reta";"Não";2;0;1;0;1;0;1;2;-23,33469026;-44,93047714;"SPRF-SP";"DEL06-SP";"UOP01-DEL06-SP"
369584;2021-07-10;"sábado";"06:50:00";"MS";463;0,5;"DOURADOS";"Transitar no acostamento";"Colisão lateral mesmo sentido";"Com Vítimas Feridas";"Amanhecer";"Decrescente";"Céu Claro";"Simples";"Reta";"Sim";2;0;1;0;1;0;1;2;-22,258694;-54,804096;"SPRF-MS";"DEL04-MS";"UOP01-DEL04-MS"
369585;2021-07-10;"sábado";"09:05:00";"SC";101;97,6;"BALNEARIO PICARRAS";"Objeto estático sobre o leito carroçável";"Queda de ocupante de veículo";"Com Vítimas Feridas";"Pleno dia";"Decrescente";"Céu Claro";"Múltipla";"Reta";"Sim";1;0;1;0;0;0;1;1;-26,72823703;-48,70224928;"SPRF-SC";"DEL03-SC";"UOP02-DEL03-SC"
369589;2021-07-10;"sábado";"09:30:00";"SC";280;57;"GUARAMIRIM";"Acessar a via sem observar a presença dos outros veículos";"Colisão transversal";"Com Vítimas Feridas";"Pleno dia";"Crescente";"Céu Claro";"Simples";"Reta";"Sim";4;0;1;0;3;0;1;2;-26,47811421;-49,01259213;"SPRF-SC";"DEL03-SC";"UOP03-DEL03-SC"
369590;2021-07-10;"sábado";"09:15:00";"MG";50;22;"ARAGUARI";"Velocidade Incompatível";"Tombamento";"Com Vítimas Feridas";"Pleno dia";"Decrescente";"Sol";"Simples";"Viaduto;Rotatória";"Não";1;0;1;0;0;0;1;1;-18,60474;-48,051437;"SPRF-MG";"DEL15-MG";"UOP02-DEL15-MG"
369591;2021-07-09;"sexta-feira";"16:30:00";"MG";381;163,3;"GOVERNADOR VALADARES";"Ausência de reação do condutor";"Colisão traseira";"Com Vítimas Feridas";"Pleno dia";"Crescente";"Céu Claro";"Simples";"Reta";"Não";3;0;0;1;2;0;1;2;-18,95969298;-42,07583292;"SPRF-MG";"DEL06-MG";"UOP01-DEL06-MG"
369592;2021-06-28;"segunda-feira";"15:30:00";"MS";463;70,2;"PONTA PORA";"Manobra de mudança de faixa";"Saída de leito carroçável";"Com Vítimas Feridas";"Pleno dia";"Decrescente";"Nublado";"Simples";"Reta";"Não";5;0;2;0;3;0;2;1;-22,46653187;-55,39738313;"SPRF-MS";"DEL04-MS";"UOP03-DEL04-MS"
369595;2021-07-10;"sábado";"10:05:00";"PR";369;161,2;"CAMBE";"Condutor desrespeitou a iluminação vermelha do semáforo";"Colisão transversal";"Com Vítimas Feridas";"Pleno dia";"Decrescente";"Sol";"Dupla";"Interseção de Vias";"Sim";2;0;1;0;0;1;1;2;-23,28863736;-51,26165986;"SPRF-PR";"DEL07-PR";"UOP01-DEL07-PR"
369597;2021-07-10;"sábado";"11:05:00";"PE";101;72;"RECIFE";"Ausência de reação do condutor";"Colisão lateral mesmo sentido";"Com Vítimas Feridas";"Pleno dia";"Decrescente";"Sol";"Dupla";"Reta";"Sim";2;0;1;0;1;0;1;2;-8,08493106;-34,9450639;"SPRF-PE";"DEL01-PE";"UOP01-DEL01-PE"
369598;2021-07-10;"sábado";"10:30:00";"PE";101;48,8;"ABREU E LIMA";"Reação tardia ou ineficiente do condutor";"Colisão traseira";"Com Vítimas Feridas";"Pleno dia";"Decrescente";"Chuva";"Múltipla";"Reta";"Sim";3;0;1;0;2;0;1;3;-7,9005152;-34,90180641;"SPRF-PE";"DEL01-PE";"UOP02-DEL01-PE"
369599;2021-07-10;"sábado";"10:35:00";"PI";230;296;"FLORIANO";"Avarias e/ou desgaste excessivo no pneu";"Tombamento";"Com Vítimas Feridas";"Pleno dia";"Crescente";"Céu Claro";"Simples";"Reta";"Não";2;0;1;0;0;1;1;2;-6,83437132;-42,90653323;"SPRF-PI";"DEL03-PI";"UOP01-DEL03-PI"
369600;2021-07-10;"sábado";"09:00:00";"SE";101;49,6;"JAPARATUBA";"Chuva";"Saída de leito carroçável";"Com Vítimas Feridas";"Pleno dia";"Decrescente";"Chuva";"Dupla";"Declive;Retorno Regulamentado;Reta";"Não";2;0;1;0;1;0;1;1;-10,60084064;-36,97525978;"SPRF-SE";"DEL02-SE";"UOP02-DEL02-SE"
369601;2021-07-10;"sábado";"11:20:00";"MG";40;545;"NOVA LIMA";"Manobra de mudança de faixa";"Colisão lateral mesmo sentido";"Com Vítimas Feridas";"Pleno dia";"Decrescente";"Céu Claro";"Dupla";"Reta";"Sim";3;0;1;1;0;1;2;2;-20,00670404;-43,96418668;"SPRF-MG";"DEL01-MG";"UOP02-DEL01-MG"
369602;2021-07-10;"sábado";"10:00:00";"SC";101;230;"PALHOCA";"Manobra de mudança de faixa";"Colisão com objeto";"Com Vítimas Feridas";"Pleno dia";"Crescente";"Céu Claro";"Dupla";"Reta";"Não";1;0;1;0;0;0;1;1;-27,77893014;-48,63512278;"SPRF-SC";"DEL01-SC";"UOP02-DEL01-SC"