"id";"data_inversa";"dia_semana";"horario";"uf";"br";"km";"municipio";"causa_acidente";"tipo_acidente";"classificacao_acidente";"fase_dia";"sentido_via";"condicao_metereologica";"tipo_pista";"tracado_via";"uso_solo";"pessoas";"mortos";"feridos_leves";"feridos_graves";"ilesos";"ignorados";"feridos";"veiculos";"latitude";"longitude";"regional";"delegacia";"uop"
369603;2021-07-10;"sábado";"11:15:00";"PE";232;55,7;"POMBOS";"Demais falhas mecânicas ou elétricas";"Tombamento";"Com Vítimas Feridas";"Pleno dia";"Crescente";"Céu Claro";"Dupla";"Reta";"Sim";2;0;2;0;0;0;2;1;-8,136499;-35,371687;"SPRF-PE";"DEL02-PE";"UOP02-DEL02PE"
369604;2021-07-10;"sábado";"07:20:00";"RJ";101;530;"ANGRA DOS REIS";"Velocidade Incompatível";"Colisão lateral sentido oposto";"Com Vítimas Fatais";"Pleno dia";"Crescente";"Sol";"Simples";"Reta";"Não";3;1;0;1;1;0;1;3;-23,0232454;-44,51684972;"SPRF-RJ";"DEL03-RJ";"UOP02-DEL03-RJ"
369605;2021-07-10;"sábado";"11:45:00";"RJ";101;205;"CASIMIRO DE ABREU";"Acessar a via sem observar a presença dos outros veículos";"Colisão transversal";"Com Vítimas Feridas";"Pleno dia";"Crescente";"Céu Claro";"Simples";"Reta";"Não";2;0;2;0;0;0;2;2;-22,475714;-42,19184;"SPRF-RJ";"DEL08-RJ";"UOP04-DEL08-RJ"
369606;2021-07-10;"sábado";"09:40:00";"AC";364;131;"RIO BRANCO";"Desrespeitar a preferência no cruzamento";"Colisão transversal";"Com Vítimas Feridas";"Pleno dia";"Crescente";"Céu Claro";"Simples";"Curva";"Não";3;0;3;0;0;0;3;2;-10,01594689;-67,84093848;"SPRF-AC";"DEL01-AC";"UOP01-DEL01-AC"
369608;2021-07-10;"sábado";"11:15:00";"CE";222;3;"FORTALEZA";"Condutor deixou de manter distância do veículo da frente";"Colisão lateral mesmo sentido";"Com Vítimas Feridas";"Pleno dia";"Crescente";"Céu Claro";"Dupla";"Reta;Ponte";"Sim";2;0;1;0;1;0;1;2;-3,7403769;-38,59569202;"SPRF-CE";"DEL01-CE";"UOP01-DEL01-CE"
369609;2021-06-28;"segunda-feira";"12:30:00";"ES";262;2,2;"CARIACICA";"Acessar a via sem observar a presença dos outros veículos";"Atropelamento de Pedestre";"Com Vítimas Feridas";"Pleno dia";"Crescente";"Céu Claro";"Múltipla";"Reta";"Sim";2;0;0;1;1;0;1;2;-20,33275688;-40,36077696;"SPRF-ES";"DEL01-ES";"UOP01-DEL01-ES"
369610;2021-07-10;"sábado";"12:30:00";"RS";116;250,5;"SAO LEOPOLDO";"Reação tardia ou ineficiente do condutor";"Colisão traseira";"Com Vítimas Feridas";"Pleno dia";"Decrescente";"Céu Claro";"Dupla";"Reta";"Sim";4;0;1;0;3;0;1;3;-29,79148798;-51,16399615;"SPRF-RS";"DEL01-RS";"UOP02-DEL01-RS"
369612;2021-07-10;"sábado";"11:50:00";"RN";226;167;"CURRAIS NOVOS";"Animais na Pista";"Saída de leito carroçável";"Com Vítimas Feridas";"Pleno dia";"Crescente";"Sol";"Simples";"Reta";"Não";1;0;1;0;0;0;1;1;-6,23083675;-36,44697098;"SPRF-RN";"DEL03-RN";"UOP02-DEL03-RN"
369613;2021-07-10;"sábado";"13:10:00";"BA";116;420,7;"FEIRA DE SANTANA";"Acessar a via sem observar a presença dos outros veículos";"Colisão traseira";"Com Vítimas Feridas";"Pleno dia";"Crescente";"Nublado";"Dupla";"Retorno Regulamentado";"Sim";2;0;0;1;1;0;1;2;-12,2180752;-38,96580404;"SPRF-BA";"DEL02-BA";"UOP01-DEL02-BA"
369614;2021-07-10;"sábado";"12:00:00";"SC";101;133;"BALNEARIO CAMBORIU";"Acessar a via sem observar a presença dos outros veículos";"Colisão lateral mesmo sentido";"Com Vítimas Feridas";"Pleno dia";"Decrescente";"Sol";"Múltipla";"Interseção de Vias";"Sim";2;0;1;0;1;0;1;2;-26,99936;-48,64609;"SPRF-SC";"DEL04-SC";"UOP03-DEL04-SC"
369616;2021-07-10;"sábado";"09:10:00";"SC";101;364,5;"SANGAO";"Condutor Dormindo";"Saída de leito carroçável";"Com Vítimas Fatais";"Pleno dia";"Crescente";"Céu Claro";"Dupla";"Reta";"Não";3;2;0;0;0;1;0;2;-28,6853485;-49,15246;"SPRF-SC";"DEL02-SC";"UOP01-DEL02-SC"
369620;2021-07-10;"sábado";"08:15:00";"SC";280;253,8;"CANOINHAS";"Condutor Dormindo";"Saída de leito carroçável";"Com Vítimas Feridas";"Pleno dia";"Decrescente";"Céu Claro";"Simples";"Reta";"Não";2;0;1;0;1;0;1;1;-26,23350047;-50,47668595;"SPRF-SC";"DEL06-SC";"UOP04-DEL06-SC"
369621;2021-07-10;"sábado";"11:15:00";"SC";163;79,2;"GUARACIABA";"Condutor deixou de manter distância do veículo da frente";"Colisão traseira";"Com Vítimas Feridas";"Pleno dia";"Crescente";"Céu Claro";"Simples";"Interseção de Vias;Reta;Declive";"Não";4;0;2;0;2;0;2;2;-26,65911819;-53,51816757;"SPRF-SC";"DEL07-SC";"UOP03-DEL07-SC"
369623;2021-07-10;"sábado";"11:15:00";"RJ";40;113;"DUQUE DE CAXIAS";"Mal súbito do condutor";"Saída de leito carroçável";"Com Vítimas Feridas";"Pleno dia";"Decrescente";"Céu Claro";"Simples";"Retorno Regulamentado";"Sim";2;0;2;0;0;0;2;1;-22,71618175;-43,28892231;"SPRF-RJ";"DEL01-RJ";"UOP01-DEL01-RJ"
369625;2021-07-10;"sábado";"14:15:00";"MG";40;509;"RIBEIRAO DAS NEVES";"Condutor deixou de manter distância do veículo da frente";"Colisão traseira";"Com Vítimas Feridas";"Pleno dia";"Crescente";"Céu Claro";"Dupla";"Reta";"Não";2;0;1;0;1;0;1;2;-19,76728744;-44,12855905;"SPRF-MG";"DEL01-MG";"UOP02-DEL01-MG"
369627;2021-07-10;"sábado";"14:00:00";"DF";20;11;"BRASILIA";"Acessar a via sem observar a presença dos outros veículos";"Colisão lateral mesmo sentido";"Com Vítimas Feridas";"Pleno dia";"Crescente";"Céu Claro";"Dupla";"Reta";"Sim";2;0;1;0;1;0;1;2;-15,64654;-47,766422;"SPRF-DF";"DEL02-DF";"UOP01-DEL02-DF"
369628;2021-07-10;"sábado";"14:00:00";"SC";101;212,8;"PALHOCA";"Trafegar com motocicleta (ou similar) entre as faixas";"Tombamento";"Sem Vítimas";"Pleno dia";"Crescente";"Sol";"Múltipla";"Reta";"Sim";3;0;0;0;2;1;0;3;-27,62996929;-48,65903871;"SPRF-SC";"DEL01-SC";"UOP02-DEL01-SC"
369629;2021-07-10;"sábado";"13:15:00";"GO";158;275;"JATAI";"Ultrapassagem Indevida";"Tombamento";"Com Vítimas Feridas";"Pleno dia";"Crescente";"Céu Claro";"Simples";"Viaduto;Reta";"Sim";1;0;1;0;0;0;1;1;-17,90323914;-51,72991613;"SPRF-GO";"DEL05-GO";"UOP01-DEL05-GO"
369630;2021-07-10;"sábado";"14:00:00";"BA";101;170;"FEIRA DE SANTANA";"Chuva";"Tombamento";"Com Vítimas Feridas";"Pleno dia";"Decrescente";"Chuva";"Simples";"Reta";"Sim";1;0;1;0;0;0;1;1;-12,355667;-38,860137;"SPRF-BA";"DEL01-BA";"UOP03-DEL01-BA"
369632;2021-04-05;"segunda-feira";"17:45:00";"MG";116;417;"GOVERNADOR VALADARES";"Acesso irregular";"Colisão transversal";"Com Vítimas Feridas";"Plena Noite";"Crescente";"Céu Claro";"Simples";"Reta";"Sim";2;0;0;1;1;0;1;2;-18,90130308;-41,94492414;"SPRF-MG";"DEL06-MG";"UOP01-DEL06-MG"
369633;2021-07-10;"sábado";"14:30:00";"SC";101;146;"ITAPEMA";"Trafegar com motocicleta (ou similar) entre as faixas";"Tombamento";"Com Vítimas Feridas";"Pleno dia";"Decrescente";"Céu Claro";"Dupla";"Reta";"Sim";1;0;0;1;0;0;1;1;-27,08666525;-48,60955587;"SPRF-SC";"DEL04-SC";"UOP03-DEL04-SC"
369635;2021-07-10;"sábado";"14:20:00";"SC";101;107,9;"PENHA";"Avarias e/ou desgaste excessivo no pneu";"Tombamento";"Com Vítimas Feridas";"Pleno dia";"Crescente";"Sol";"Dupla";"Reta";"Não";2;0;2;0;0;0;2;1;-26,81930608;-48,68390282;"SPRF-SC";"DEL03-SC";"UOP02-DEL03-SC"
369637;2021-07-10;"sábado";"15:10:00";"SP";116;437;"REGISTRO";"Trafegar com motocicleta (ou similar) entre as faixas";"Queda de ocupante de veículo";"Com Vítimas Feridas";"Pleno dia";"Decrescente";"Céu Claro";"Dupla";"Reta";"Não";1;0;1;0;0;0;1;1;-24,44201718;-47,79888683;"SPRF-SP";"DEL05-SP";"UOP01-DEL05-SP"
369638;2021-07-10;"sábado";"13:00:00";"MG";116;515,8;"UBAPORANGA";"Reação tardia ou ineficiente do condutor";"Saída de leito carroçável";"Com Vítimas Feridas";"Pleno dia";"Crescente";"Céu Claro";"Simples";"Declive";"Não";1;0;1;0;0;0;1;1;-19,68778501;-42,11758577;"SPRF-MG";"DEL06-MG";"UOP02-DEL06-MG"
369639;2021-07-10;"sábado";"15:00:00";"ES";262;122,4;"CONCEICAO DO CASTELO";"Velocidade Incompatível";"Colisão com objeto";"Com Vítimas Feridas";"Pleno dia";"Decrescente";"Nublado";"Simples";"Curva";"Não";1;0;0;1;0;0;1;1;-20,29353997;-41,23936799;"SPRF-ES";"DEL01-ES";"UOP02-DEL01-ES"
369640;2021-07-10;"sábado";"14:15:00";"RJ";40;111;"DUQUE DE CAXIAS";"Ausência de reação do condutor";"Capotamento";"Com Vítimas Feridas";"Pleno dia";"Crescente";"Céu Claro";"Dupla";"Reta";"Sim";1;0;1;0;0;0;1;1;-22,691868;-43,287453;"SPRF-RJ";"DEL01-RJ";"UOP01-DEL01-RJ"
369642;2021-05-19;"quarta-feira";"08:45:00";"ES";262;6;"CARIACICA";"Velocidade Incompatível";"Colisão traseira";"Com Vítimas Feridas";"Pleno dia";"Crescente";"Céu Claro";"Dupla";"Reta";"Sim";2;0;0;1;0;1;1;2;-20,34007493;-40,39451305;"SPRF-ES";"DEL01-ES";"UOP01-DEL01-ES"
369645;2021-07-10;"sábado";"14:28:00";"RN";427;0,4;"CURRAIS NOVOS";"Condutor deixou de manter distância do veículo da frente";"Colisão traseira";"Com Vítimas Feridas";"Pleno dia";"Crescente";"Céu Claro";"Simples";"Reta";"Não";3;0;2;0;0;1;2;2;-6,268149;-36,52254;"SPRF-RN";"DEL03-RN";"UOP02-DEL03-RN"
369646;2021-07-10;"sábado";"15:09:00";"RS";470;196;"BENTO GONCALVES";"Reação tardia ou ineficiente do condutor";"Colisão traseira";"Com Vítimas Feridas";"Pleno dia";"Crescente";"Céu Claro";"Simples";"Reta";"Não";3;0;2;0;1;0;2;2;-29,0507769;-51,58237696;"SPRF-RS";"DEL06-RS";"UOP02-DEL06-RS"
369647;2021-07-10;"sábado";"15:55:00";"SC";101;207;"SAO JOSE";"Manobra de mudança de faixa";"Colisão traseira";"Com Vítimas Feridas";"Amanhecer";"Decrescente";"Céu Claro";"Múltipla";"Aclive";"Sim";2;0;1;0;1;0;1;2;-27,60001226;-48,6226467;"SPRF-SC";"DEL01-SC";"UOP01-DEL01-SC"
369648;2021-07-10;"sábado";"14:00:00";"AP";156;270;"MACAPA";"Velocidade Incompatível";"Tombamento";"Com Vítimas Feridas";"Pleno dia";"Decrescente";"Céu Claro";"Simples";"Reta";"Não";2;0;2;0;0;0;2;1;0,2028299;-51,116314;"SPRF-AP";"DEL01-AP";"UOP01-DEL01-AP"
369649;2021-07-10;"sábado";"14:30:00";"MG";381;452,5;"SABARA";"Ausência de reação do condutor";"Tombamento";"Com Vítimas Feridas";"Pleno dia";"Crescente";"Céu Claro";"Simples";"Curva";"Sim";1;0;1;0;0;0;1;1;-19,83430933;-43,85973126;"SPRF-MG";"DEL01-MG";"UOP01-DEL01-MG"
369653;2021-07-10;"sábado";"16:10:00";"RS";116;266;"CANOAS";"Manobra de mudança de faixa";"Colisão traseira";"Com Vítimas Feridas";"Pleno dia";"Decrescente";"Céu Claro";"Dupla";"Reta";"Sim";2;0;1;0;1;0;1;2;-29,93151689;-51,17743146;"SPRF-RS";"DEL01-RS";"UOP01-DEL01-RS"
369656;2021-07-10;"sábado";"16:10:00";"MG";381;499,3;"BETIM";"Ausência de reação do condutor";"Colisão lateral mesmo sentido";"Sem Vítimas";"Pleno dia";"Decrescente";"Céu Claro";"Múltipla";"Reta";"Não";2;0;0;0;2;0;0;2;-19,9904495;-44,20589447;"SPRF-MG";"DEL01-MG";"UOP03-DEL01-MG"
369659;2021-05-30;"domingo";"15:20:00";"BA";324;579;"CANDEIAS";"Velocidade Incompatível";"Queda de ocupante de veículo";"Com Vítimas Feridas";"Pleno dia";"Decrescente";"Céu Claro";"Dupla";"Declive;Reta";"Não";1;0;0;1;0;0;1;1;-12,5942506;-38,51640271;"SPRF-BA";"DEL01-BA";"UOP01-DEL01-BA"
369660;2021-07-10;"sábado";"16:50:00";"RS";116;147,2;"CAXIAS DO SUL";"Acessar a via sem observar a presença dos outros veículos";"Colisão lateral mesmo sentido";"Sem Vítimas";"Pleno dia";"Crescente";"Céu Claro";"Dupla";"Reta";"Sim";4;0;0;0;3;1;0;2;-29,14908014;-51,1429969;"SPRF-RS";"DEL05-RS";"UOP01-DEL05-RS"
369661;2021-07-04;"domingo";"18:35:00";"PE";408;56,5;"NAZARE DA MATA";"Obstrução na via";"Colisão traseira";"Com Vítimas Feridas";"Plena Noite";"Decrescente";"Céu Claro";"Simples";"Reta";"Não";3;0;1;0;2;0;1;2;-7,77994878;-35,23919365;"SPRF-PE";"DEL01-PE";"UOP01-DEL01-PE"
369662;2021-07-10;"sábado";"15:20:00";"MG";262;476;"BOM DESPACHO";"Reação tardia ou ineficiente do condutor";"Saída de leito carroçável";"Com Vítimas Feridas";"Pleno dia";"Decrescente";"Céu Claro";"Simples";"Reta";"Não";1;0;0;1;0;0;1;1;-19,7879943;-45,21134295;"SPRF-MG";"DEL08-MG";"UOP03-DEL08-MG"
369663;2021-07-10;"sábado";"13:45:00";"MT";70;641;"CACERES";"Ausência de reação do condutor";"Saída de leito carroçável";"Com Vítimas Feridas";"Pleno dia";"Decrescente";"Céu Claro";"Simples";"Curva";"Não";2;0;0;2;0;0;2;1;-15,932612;-57,12581635;"SPRF-MT";"DEL03-MT";"UOP02-DEL03-MT"
369664;2021-07-10;"sábado";"16:15:00";"BA";235;349,4;"JUAZEIRO";"Acessar a via sem observar a presença dos outros veículos";"Colisão transversal";"Com Vítimas Feridas";"Pleno dia";"Crescente";"Céu Claro";"Simples";"Reta";"Sim";2;0;0;1;1;0;1;2;-9,44957;-40,48594;"SPRF-PE";"DEL06-PE";"UOP01-DEL06-PE"
369666;2021-07-10;"sábado";"17:00:00";"SC";101;206;"SAO JOSE";"Entrada inopinada do pedestre";"Atropelamento de Pedestre";"Com Vítimas Feridas";"Anoitecer";"Crescente";"Céu Claro";"Múltipla";"Reta";"Sim";2;0;1;0;1;0;1;2;-27,59193546;-48,61824557;"SPRF-SC";"DEL01-SC";"UOP01-DEL01-SC"
369667;2021-07-10;"sábado";"17:40:00";"PE";232;47,3;"VITORIA DE SANTO ANTAO";"Ingestão de álcool pelo condutor";"Colisão transversal";"Com Vítimas Fatais";"Anoitecer";"Crescente";"Chuva";"Dupla";"Reta";"Não";2;1;0;0;1;0;0;2;-8,13769724;-35,29733789;"SPRF-PE";"DEL01-PE";"UOP01-DEL01-PE"
369668;2021-07-10;"sábado";"15:20:00";"RR";174;457;"BOA VISTA";"Ausência de reação do condutor";"Colisão lateral sentido oposto";"Sem Vítimas";"Pleno dia";"Crescente";"Chuva";"Simples";"Reta";"Não";2;0;0;0;2;0;0;2;2,500682;-60,88306;"SPRF-RR";"DEL01-RR";"UOP01-DEL01-RR"
369670;2021-07-10;"sábado";"17:30:00";"RS";153;35;"TRES ARROIOS";"Ingestão de álcool pelo condutor";"Colisão traseira";"Com Vítimas Feridas";"Pleno dia";"Decrescente";"Céu Claro";"Simples";"Reta";"Não";2;0;1;0;1;0;1;2;-27,55334896;-52,20378104;"SPRF-RS";"DEL08-RS";"UOP04-DEL08-RS"
369672;2021-01-19;"terça-feira";"17:40:00";"ES";101;2;"SERRA";"Manobra de mudança de faixa";"Colisão lateral mesmo sentido";"Com Vítimas Feridas";"Anoitecer";"Decrescente";"Céu Claro";"Dupla";"Reta";"Sim";2;0;0;1;0;1;1;2;-20,25336177;-40,28820299;"SPRF-ES";"DEL02-ES";"UOP01-DEL02-ES"
369674;2021-07-10;"sábado";"17:40:00";"MG";262;362;"JUATUBA";"Reação tardia ou ineficiente do condutor";"Saída de leito carroçável";"Com Vítimas Feridas";"Plena Noite";"Decrescente";"Céu Claro";"Dupla";"Reta";"Sim";1;0;1;0;0;0;1;1;-19,97186;-44,28389;"SPRF-MG";"DEL01-MG";"UOP03-DEL01-MG"
369677;2021-07-10;"sábado";"18:20:00";"DF";70;17,6;"BRASILIA";"Ingestão de álcool pelo condutor";"Colisão traseira";"Com Vítimas Feridas";"Plena Noite";"Crescente";"Céu Claro";"Dupla";"Reta";"Não";4;0;1;0;3;0;1;2;-15,794133;-48,202095;"SPRF-DF";"DEL03-DF";"UOP02-DEL03-DF"
369679;2021-07-09;"sexta-feira";"23:30:00";"PR";376;411;"TIBAGI";"Ingestão de álcool pelo condutor";"Colisão traseira";"Sem Vítimas";"Plena Noite";"Crescente";"Céu Claro";"Dupla";"Em Obras;Reta";"Sim";2;0;0;0;2;0;0;2;-24,673004;-50,601442;"SPRF-PR";"DEL03-PR";"UOP02-DEL03-PR"
369680;2021-07-10;"sábado";"18:50:00";"SC";101;201;"SAO JOSE";"Ausência de reação do condutor";"Saída de leito carroçável";"Com Vítimas Feridas";"Plena Noite";"Decrescente";"Céu Claro";"Múltipla";"Reta";"Sim";1;0;1;0;0;0;1;1;-27,54836599;-48,61977975;"SPRF-SC";"DEL01-SC";"UOP01-DEL01-SC"
369681;2021-07-10;"sábado";"15:30:00";"AM";319;57;"CAREIRO";"Pedestre andava na pista";"Atropelamento de Pedestre";"Com Vítimas Fatais";"Pleno dia";"Decrescente";"Sol";"Simples";"Reta";"Não";2;1;0;0;1;0;0;2;-3,45765964;-60,03903507;"SPRF-AM";"DEL01-AM";"UOP04-DEL01-AM"
369682;2021-07-10;"sábado";"17:30:00";"SC";282;461,4;"PONTE SERRADA";"Ingestão de álcool pelo condutor";"Colisão traseira";"Com Vítimas Feridas";"Anoitecer";"Decrescente";"Céu Claro";"Simples";"Declive";"Sim";4;0;3;0;1;0;3;2;-26,857594;-52,050583;"SPRF-SC";"DEL07-SC";"UOP04-DEL07-SC"
369684;2021-07-10;"sábado";"18:25:00";"ES";101;149;"LINHARES";"Acessar a via sem observar a presença dos outros veículos";"Colisão lateral mesmo sentido";"Sem Vítimas";"Plena Noite";"Crescente";"Céu Claro";"Dupla";"Interseção de Vias";"Sim";2;0;0;0;2;0;0;2;-19,39619083;-40,06435871;"SPRF-ES";"DEL04-ES";"UOP01-DEL04-ES"
369685;2021-07-10;"sábado";"19:06:00";"MG";50;70,2;"UBERLANDIA";"Reação tardia ou ineficiente do condutor";"Tombamento";"Com Vítimas Feridas";"Anoitecer";"Crescente";"Céu Claro";"Simples";"Interseção de Vias";"Sim";1;0;1;0;0;0;1;1;-18,89563974;-48,24740779;"SPRF-MG";"DEL15-MG";"UOP01-DEL15-MG"
369686;2021-07-10;"sábado";"18:00:00";"MG";381;297;"ANTONIO DIAS";"Pista esburacada";"Queda de ocupante de veículo";"Com Vítimas Feridas";"Anoitecer";"Decrescente";"Ignorado";"Simples";"Reta";"Não";2;0;2;0;0;0;2;1;-19,63049511;-42,87799502;"SPRF-MG";"DEL03-MG";"UOP02-DEL03-MG"
369687;2021-07-10;"sábado";"16:30:00";"RJ";101;325;"NITEROI";"Condutor deixou de manter distância do veículo da frente";"Colisão traseira";"Com Vítimas Feridas";"Pleno dia";"Decrescente";"Céu Claro";"Dupla";"Reta";"Sim";3;0;1;0;2;0;1;2;-22,87284391;-43,13743114;"SPRF-RJ";"DEL02-RJ";"UOP02-DEL02-RJ"
369688;2021-07-10;"sábado";"18:40:00";"AL";101;187,3;"JUNQUEIRO";"Chuva";"Queda de ocupante de veículo";"Com Vítimas Feridas";"Plena Noite";"Crescente";"Chuva";"Dupla";"Curva";"Não";1;0;1;0;0;0;1;1;-9,90106897;-36,46390303;"SPRF-AL";"DEL02-AL";"UOP02-DEL02-AL"
369690;2021-07-10;"sábado";"18:45:00";"RS";472;126,7;"TRES DE MAIO";"Transitar na contramão";"Colisão lateral sentido oposto";"Com Vítimas Feridas";"Anoitecer";"Decrescente";"Céu Claro";"Simples";"Reta";"Não";4;0;1;1;2;0;2;3;-27,72989104;-54,19622183;"SPRF-RS";"DEL10-RS";"UOP01-DEL10-RS"
369691;2021-07-10;"sábado";"19:20:00";"SC";101;82,4;"BARRA VELHA";"Reação tardia ou ineficiente do condutor";"Saída de leito carroçável";"Com Vítimas Feridas";"Plena Noite";"Crescente";"Nublado";"Dupla";"Reta";"Não";1;0;1;0;0;0;1;1;-26,61725816;-48,71916175;"SPRF-SC";"DEL03-SC";"UOP02-DEL03-SC"
369692;2021-07-10;"sábado";"19:00:00";"SP";116;219;"GUARULHOS";"Mal súbito do condutor";"Colisão com objeto";"Com Vítimas Feridas";"Plena Noite";"Crescente";"Céu Claro";"Múltipla";"Curva";"Sim";3;0;2;1;0;0;3;1;-23,46143954;-46,48885316;"SPRF-SP";"DEL01-SP";"UOP01-DEL01-SP"
369693;2021-07-10;"sábado";"14:10:00";"SC";282;675;"PARAISO";"Velocidade Incompatível";"Saída de leito carroçável";"Com Vítimas Feridas";"Pleno dia";"Decrescente";"Céu Claro";"Simples";"Curva";"Não";1;0;0;1;0;0;1;1;-26,6134;-53,677826;"SPRF-SC";"DEL07-SC";"UOP03-DEL07-SC"
369694;2021-07-10;"sábado";"16:40:00";"PB";230;158,1;"CAMPINA GRANDE";"Acesso irregular";"Colisão transversal";"Com Vítimas Fatais";"Pleno dia";"Crescente";"Céu Claro";"Simples";"Aclive;Reta";"Sim";3;1;0;0;1;1;0;3;-7,26046;-35,924039;"SPRF-PB";"DEL02-PB";"UOP01-DEL02-PB"
369695;2021-07-10;"sábado";"19:13:00";"PB";230;22,3;"JOAO PESSOA";"Chuva";"Tombamento";"Com Vítimas Feridas";"Plena Noite";"Crescente";"Chuva";"Dupla";"Reta";"Sim";1;0;1;0;0;0;1;1;-7,1495;-34,8517;"SPRF-PB";"DEL01-PB";"UOP01-DEL01-PB"
369696;2021-07-10;"sábado";"18:45:00";"SP";153;61,2;"SAO JOSE DO RIO PRETO";"Condutor deixou de manter distância do veículo da frente";"Colisão traseira";"Com Vítimas Feridas";"Plena Noite";"Crescente";"Céu Claro";"Dupla";"Reta";"Sim";3;0;1;0;2;0;1;3;-20,80502876;-49,35574909;"SPRF-SP";"DEL09-SP";"UOP01-DEL09-SP"
369697;2021-07-10;"sábado";"18:40:00";"SP";381;76;"SAO PAULO";"Reação tardia ou ineficiente do condutor";"Tombamento";"Com Vítimas Feridas";"Plena Noite";"Decrescente";"Céu Claro";"Múltipla";"Curva";"Não";1;0;1;0;0;0;1;1;-23,38372401;-46,56502116;"SPRF-SP";"DEL03-SP";"UOP01-DEL03-SP"
369698;2021-07-10;"sábado";"19:15:00";"PR";163;1,8;"BARRACAO";"Ultrapassagem Indevida";"Colisão frontal";"Com Vítimas Fatais";"Anoitecer";"Decrescente";"Céu Claro";"Simples";"Reta";"Não";2;1;0;1;0;0;1;2;-26,25066;-53,635523;"SPRF-PR";"DEL02-PR";"UOP02-DEL02-PR"
369700;2021-07-10;"sábado";"17:15:00";"RJ";101;551;"PARATY";"Conversão proibida";"Colisão transversal";"Sem Vítimas";"Pleno dia";"Crescente";"Céu Claro";"Simples";"Curva";"Sim";3;0;0;0;1;2;0;3;-23,05031564;-44,67384338;"SPRF-RJ";"DEL03-RJ";"UOP04-DEL03-RJ"
369701;2021-07-10;"sábado";"19:20:00";"PE";104;79;"AGRESTINA";"Demais falhas mecânicas ou elétricas";"Colisão frontal";"Com Vítimas Feridas";"Plena Noite";"Crescente";"Céu Claro";"Simples";"Curva";"Não";2;0;2;0;0;0;2;2;-8,389074;-35,974712;"SPRF-PE";"DEL02-PE";"UOP01-DEL02-PE"
369702;2021-07-10;"sábado";"19:15:00";"PR";476;277,9;"SAO MATEUS DO SUL";"Desrespeitar a preferência no cruzamento";"Colisão transversal";"Sem Vítimas";"Plena Noite";"Decrescente";"Céu Claro";"Simples";"Rotatória";"Sim";3;0;0;0;3;0;0;2;-25,875048;-50,390919;"SPRF-PR";"DEL02-PR";"UOP04-DEL02-PR"
369703;2021-07-10;"sábado";"19:30:00";"RS";116;255,3;"SAPUCAIA DO SUL";"Condutor deixou de manter distância do veículo da frente";"Colisão traseira";"Com Vítimas Feridas";"Plena Noite";"Crescente";"Céu Claro";"Múltipla";"Reta";"Sim";4;0;2;0;2;0;2;2;-29,83522986;-51,17484349;"SPRF-RS";"DEL01-RS";"UOP02-DEL01-RS"
369704;2021-07-10;"sábado";"19:00:00";"BA";101;875,4;"TEIXEIRA DE FREITAS";"Desrespeitar a preferência no cruzamento";"Colisão transversal";"Com Vítimas Feridas";"Plena Noite";"Crescente";"Céu Claro";"Simples";"Interseção de Vias";"Sim";3;0;2;0;1;0;2;2;-17,52680618;-39,70894944;"SPRF-BA";"DEL09-BA";"UOP02-DEL09-BA"
369705;2021-07-10;"sábado";"15:50:00";"MG";40;784,8;"JUIZ DE FORA";"Reação tardia ou ineficiente do condutor";"Saída de leito carroçável";"Com Vítimas Feridas";"Pleno dia";"Crescente";"Céu Claro";"Dupla";"Reta";"Não";5;0;5;0;0;0;5;1;-21,71178893;-43,44743099;"SPRF-MG";"DEL05-MG";"UOP01-DEL05-MG"
369706;2021-07-10;"sábado";"18:10:00";"RJ";465;13;"SEROPEDICA";"Ausência de reação do condutor";"Colisão transversal";"Com Vítimas Feridas";"Plena Noite";"Crescente";"Céu Claro";"Simples";"Reta";"Sim";3;0;1;0;2;0;1;2;-22,807;-43,636;"SPRF-RJ";"DEL01-RJ";"UOP03-DEL01-RJ"
369708;2021-07-10;"sábado";"18:00:00";"RJ";101;592;"PARATY";"Acessar a via sem observar a presença dos outros veículos";"Colisão transversal";"Com Vítimas Fatais";"Anoitecer";"Crescente";"Céu Claro";"Simples";"Curva";"Sim";2;1;0;0;1;0;0;2;-23,31817395;-44,72195503;"SPRF-RJ";"DEL03-RJ";"UOP04-DEL03-RJ"
369710;2021-07-10;"sábado";"19:05:00";"MS";163;474,9;"CAMPO GRANDE";"Conversão proibida";"Colisão transversal";"Com Vítimas Feridas";"Plena Noite";"Crescente";"Céu Claro";"Simples";"Curva";"Sim";2;0;1;0;1;0;1;2;-20,52646977;-54,56816358;"SPRF-MS";"DEL01-MS";"UOP01-DEL01-MS"
369711;2021-07-10;"sábado";"18:00:00";"SC";116;11;"MAFRA";"Ingestão de álcool pelo condutor";"Colisão transversal";"Com Vítimas Feridas";"Plena Noite";"Crescente";"Céu Claro";"Simples";"Curva";"Não";2;0;0;1;1;0;1;2;-26,17627262;-49,8580203;"SPRF-SC";"DEL06-SC";"UOP01-DEL06-SC"
369713;2021-06-25;"sexta-feira";"09:10:00";"RS";386;345;"LAJEADO";"Reação tardia ou ineficiente do condutor";"Colisão transversal";"Com Vítimas Feridas";"Pleno dia";"Crescente";"Nublado";"Simples";"Retorno Regulamentado";"Sim";2;0;1;0;1;0;1;2;-29,443069;-51,984135;"SPRF-RS";"DEL04-RS";"UOP01-DEL04-RS"