"id";"data_inversa";"dia_semana";"horario";"uf";"br";"km";"municipio";"causa_acidente";"tipo_acidente";"classificacao_acidente";"fase_dia";"sentido_via";"condicao_metereologica";"tipo_pista";"tracado_via";"uso_solo";"pessoas";"mortos";"feridos_leves";"feridos_graves";"ilesos";"ignorados";"feridos";"veiculos";"latitude";"longitude";"regional";"delegacia";"uop"
369716;2021-07-10;"sábado";"20:00:00";"SC";280;52;"GUARAMIRIM";"Acessar a via sem observar a presença dos outros veículos";"Colisão transversal";"Com Vítimas Feridas";"Plena Noite";"Crescente";"Céu Claro";"Simples";"Interseção de Vias";"Sim";2;0;1;0;1;0;1;2;-26,468904;-48,96492;"SPRF-SC";"DEL03-SC";"UOP03-DEL03-SC"
369717;2021-07-10;"sábado";"20:00:00";"RS";158;567;"SANTANA DO LIVRAMENTO";"Acessar a via sem observar a presença dos outros veículos";"Tombamento";"Com Vítimas Feridas";"Plena Noite";"Decrescente";"Céu Claro";"Simples";"Interseção de Vias";"Sim";2;0;1;0;1;0;1;2;-30,8846769512;-55,5080598459;"SPRF-RS";"DEL11-RS";"UOP01-DEL11-RS"
369718;2021-07-10;"sábado";"18:00:00";"SC";282;463;"PONTE SERRADA";"Desrespeitar a preferência no cruzamento";"Colisão transversal";"Com Vítimas Feridas";"Anoitecer";"Decrescente";"Céu Claro";"Simples";"Rotatória";"Sim";2;0;2;0;0;0;2;2;-26,855036;-52,059551;"SPRF-SC";"DEL07-SC";"UOP04-DEL07-SC"
369720;2021-07-10;"sábado";"20:35:00";"RJ";116;270;"BARRA MANSA";"Ultrapassagem Indevida";"Colisão lateral sentido oposto";"Com Vítimas Feridas";"Plena Noite";"Decrescente";"Céu Claro";"Simples";"Viaduto";"Sim";2;0;1;0;1;0;1;2;-22,56198543;-44,16825771;"SPRF-RJ";"DEL07-RJ";"UOP02-DEL07-RJ"
369721;2021-07-10;"sábado";"20:20:00";"PR";116;92;"SAO JOSE DOS PINHAIS";"Condutor Dormindo";"Saída de leito carroçável";"Sem Vítimas";"Plena Noite";"Decrescente";"Céu Claro";"Múltipla";"Curva;Declive";"Sim";1;0;0;0;1;0;0;1;-25,47691403;-49,09767498;"SPRF-PR";"DEL01-PR";"UOP01-DEL01-PR"
369722;2021-07-10;"sábado";"19:50:00";"RS";116;301;"GUAIBA";"Acessar a via sem observar a presença dos outros veículos";"Colisão transversal";"Com Vítimas Feridas";"Plena Noite";"Crescente";"Céu Claro";"Simples";"Reta";"Sim";2;0;0;1;1;0;1;2;-30,131899;-51,353867;"SPRF-RS";"DEL02-RS";"UOP01-DEL02-RS"
369723;2021-07-10;"sábado";"20:45:00";"GO";40;2,6;"VALPARAISO DE GOIAS";"Condutor deixou de manter distância do veículo da frente";"Colisão lateral mesmo sentido";"Com Vítimas Feridas";"Plena Noite";"Decrescente";"Céu Claro";"Dupla";"Reta";"Sim";2;0;1;0;1;0;1;2;-16,067129;-47,984235;"SPRF-DF";"DEL01-DF";"UOP01-DEL01-DF"
369724;2021-07-10;"sábado";"20:10:00";"ES";259;63,5;"COLATINA";"Ingestão de álcool pelo condutor";"Colisão traseira";"Com Vítimas Feridas";"Plena Noite";"Decrescente";"Céu Claro";"Simples";"Reta";"Não";3;0;0;2;1;0;2;2;-19,5225123;-40,70791136;"SPRF-ES";"DEL02-ES";"UOP01-DEL02-ES"
369726;2021-07-10;"sábado";"20:50:00";"MG";381;350;"JOAO MONLEVADE";"Velocidade Incompatível";"Tombamento";"Com Vítimas Feridas";"Plena Noite";"Decrescente";"Céu Claro";"Simples";"Aclive;Curva";"Não";2;0;2;0;0;0;2;1;-19,84953832;-43,15779198;"SPRF-MG";"DEL03-MG";"UOP01-DEL03-MG"
369727;2021-07-10;"sábado";"17:55:00";"BA";116;838;"VITORIA DA CONQUISTA";"Transitar na contramão";"Colisão frontal";"Com Vítimas Fatais";"Plena Noite";"Decrescente";"Céu Claro";"Simples";"Reta";"Não";3;1;1;1;0;0;2;2;-14,978383;-40,917935;"SPRF-BA";"DEL08-BA";"UOP01-DEL08-BA"
369729;2021-07-10;"sábado";"15:50:00";"RS";470;227;"GARIBALDI";"Ingestão de álcool pelo condutor";"Saída de leito carroçável";"Sem Vítimas";"Pleno dia";"Decrescente";"Céu Claro";"Dupla";"Reta";"Não";2;0;0;0;1;1;0;2;-29,26092027;-51,50716966;"SPRF-RS";"DEL06-RS";"UOP01-DEL06-RS"
369730;2021-07-10;"sábado";"18:00:00";"BA";324;563,6;"SAO SEBASTIAO DO PASSE";"Condutor Dormindo";"Saída de leito carroçável";"Sem Vítimas";"Plena Noite";"Decrescente";"Garoa/Chuvisco";"Dupla";"Reta";"Não";1;0;0;0;1;0;0;1;-12,5138723;-38,62480322;"SPRF-BA";"DEL01-BA";"UOP01-DEL01-BA"
369732;2021-07-10;"sábado";"21:10:00";"SE";235;44,5;"ITABAIANA";"Ingestão de álcool pelo condutor";"Queda de ocupante de veículo";"Com Vítimas Feridas";"Plena Noite";"Crescente";"Chuva";"Simples";"Reta";"Não";1;0;0;1;0;0;1;1;-10,75489;-37,394836;"SPRF-SE";"DEL01-SE";"UOP02-DEL01-SE"
369733;2021-07-10;"sábado";"11:30:00";"MG";116;788,5;"LEOPOLDINA";"Demais falhas mecânicas ou elétricas";"Saída de leito carroçável";"Com Vítimas Feridas";"Pleno dia";"Crescente";"Céu Claro";"Simples";"Curva";"Não";3;0;3;0;0;0;3;1;-21,65956391;-42,72605628;"SPRF-MG";"DEL07-MG";"UOP01-DEL07-MG"
369734;2021-07-10;"sábado";"21:00:00";"RN";101;71,3;"EXTREMOZ";"Ausência de reação do condutor";"Colisão traseira";"Com Vítimas Feridas";"Plena Noite";"Crescente";"Céu Claro";"Simples";"Interseção de Vias";"Não";3;0;2;0;1;0;2;2;-5,68968701;-35,26298333;"SPRF-RN";"DEL02-RN";"UOP01-DEL02-RN"
369738;2021-07-10;"sábado";"19:40:00";"PR";277;620,3;"CEU AZUL";"Problema com o freio";"Saída de leito carroçável";"Com Vítimas Feridas";"Plena Noite";"Crescente";"Céu Claro";"Simples";"Reta";"Não";3;0;2;1;0;0;3;1;-25,08307845;-53,71064083;"SPRF-PR";"DEL05-PR";"UOP02-DEL05-PR"
369741;2021-07-10;"sábado";"14:45:00";"RS";116;604;"ARROIO GRANDE";"Reação tardia ou ineficiente do condutor";"Saída de leito carroçável";"Com Vítimas Feridas";"Pleno dia";"Decrescente";"Céu Claro";"Simples";"Reta";"Não";1;0;1;0;0;0;1;1;-32,19835202;-53,01531898;"SPRF-RS";"DEL07-RS";"UOP03-DEL07-RS"
369744;2021-07-10;"sábado";"21:15:00";"SP";488;2,8;"APARECIDA";"Acessar a via sem observar a presença dos outros veículos";"Colisão transversal";"Com Vítimas Feridas";"Plena Noite";"Crescente";"Céu Claro";"Simples";"Curva";"Sim";3;0;2;0;0;1;2;2;-22,85381803;-45,23993303;"SPRF-SP";"DEL08-SP";"UOP01-DEL08-SP"
369745;2021-07-10;"sábado";"21:20:00";"SC";101;330,3;"TUBARAO";"Velocidade Incompatível";"Colisão traseira";"Com Vítimas Feridas";"Plena Noite";"Decrescente";"Céu Claro";"Múltipla";"Reta";"Sim";3;0;0;1;0;2;1;3;-28,45115639;-48,97286879;"SPRF-SC";"DEL02-SC";"UOP01-DEL02-SC"
369746;2021-07-10;"sábado";"22:20:00";"SC";101;24;"JOINVILLE";"Velocidade Incompatível";"Saída de leito carroçável";"Sem Vítimas";"Plena Noite";"Crescente";"Céu Claro";"Dupla";"Reta";"Sim";1;0;0;0;1;0;0;1;-26,17483309;-48,90767978;"SPRF-SC";"DEL03-SC";"UOP01-DEL03-SC"
369748;2021-07-10;"sábado";"21:30:00";"SC";470;22;"ILHOTA";"Deficiência do Sistema de Iluminação/Sinalização";"Saída de leito carroçável";"Sem Vítimas";"Plena Noite";"Decrescente";"Nevoeiro/Neblina";"Dupla";"Em Obras";"Não";1;0;0;0;0;1;0;1;-26,880066;-48,836224;"SPRF-SC";"DEL04-SC";"UOP04-DEL04-SC"
369749;2021-07-06;"terça-feira";"13:20:00";"SP";116;546;"BARRA DO TURVO";"Chuva";"Atropelamento de Pedestre";"Com Vítimas Feridas";"Pleno dia";"Decrescente";"Chuva";"Dupla";"Curva";"Não";2;0;1;0;0;1;1;2;-24,9470862;-48,43042095;"SPRF-SP";"DEL05-SP";"UOP02-DEL05-SP"
369750;2021-07-10;"sábado";"18:40:00";"RS";153;4;"CACHOEIRA DO SUL";"Ausência de reação do condutor";"Saída de leito carroçável";"Sem Vítimas";"Plena Noite";"Crescente";"Céu Claro";"Simples";"Curva";"Sim";2;0;0;0;0;2;0;1;-30,03964;-52,894356;"SPRF-RS";"DEL02-RS";"UOP03-DEL02-RS"
369752;2021-07-10;"sábado";"20:50:00";"PR";369;42,1;"ANDIRA";"Reação tardia ou ineficiente do condutor";"Saída de leito carroçável";"Com Vítimas Feridas";"Pleno dia";"Crescente";"Vento";"Simples";"Reta;Declive";"Não";1;0;1;0;0;0;1;1;-23,07515196;-50,26795506;"SPRF-PR";"DEL07-PR";"UOP01-DEL07-PR"
369754;2021-07-10;"sábado";"22:45:00";"MG";381;482,8;"BETIM";"Condutor deixou de manter distância do veículo da frente";"Colisão traseira";"Com Vítimas Feridas";"Pleno dia";"Crescente";"Céu Claro";"Dupla";"Reta";"Sim";3;0;1;0;1;1;1;2;-19,955532;-44,097209;"SPRF-MG";"DEL01-MG";"UOP03-DEL01-MG"
369757;2021-07-10;"sábado";"21:40:00";"PB";104;89,7;"REMIGIO";"Ultrapassagem Indevida";"Colisão lateral sentido oposto";"Com Vítimas Feridas";"Plena Noite";"Crescente";"Nublado";"Simples";"Reta";"Sim";3;0;0;1;2;0;1;3;-6,9732572;-35,80905795;"SPRF-PB";"DEL02-PB";"UOP04-DEL02-PB"
369758;2021-07-10;"sábado";"23:10:00";"BA";242;816;"BARREIRAS";"Ingestão de álcool pelo condutor";"Saída de leito carroçável";"Sem Vítimas";"Plena Noite";"Decrescente";"Céu Claro";"Simples";"Reta";"Não";1;0;0;0;0;1;0;1;-12,118702;-45,182914;"SPRF-BA";"DEL10-BA";"UOP01-DEL10-BA"
369759;2021-07-10;"sábado";"23:30:00";"ES";101;299;"VIANA";"Pedestre cruzava a pista fora da faixa";"Atropelamento de Pedestre";"Com Vítimas Fatais";"Plena Noite";"Crescente";"Céu Claro";"Múltipla";"Reta";"Sim";2;1;0;0;1;0;0;2;-20,35852862;-40,42351842;"SPRF-ES";"DEL01-ES";"UOP01-DEL01-ES"
369761;2021-07-10;"sábado";"22:45:00";"PR";376;4;"SAO JOSE DOS PINHAIS";"Avarias e/ou desgaste excessivo no pneu";"Saída de leito carroçável";"Com Vítimas Feridas";"Plena Noite";"Crescente";"Céu Claro";"Dupla";"Curva";"Sim";3;0;3;0;0;0;3;1;-25,5307;-49,1958;"SPRF-PR";"DEL01-PR";"UOP01-DEL01-PR"
369762;2021-07-11;"domingo";"00:15:00";"PB";230;22,7;"JOAO PESSOA";"Condutor usando celular";"Saída de leito carroçável";"Com Vítimas Feridas";"Plena Noite";"Crescente";"Chuva";"Dupla";"Reta";"Sim";1;0;1;0;0;0;1;1;-7,1495;-34,8517;"SPRF-PB";"DEL01-PB";"UOP01-DEL01-PB"
369763;2021-07-10;"sábado";"23:20:00";"BA";242;816;"BARREIRAS";"Objeto estático sobre o leito carroçável";"Colisão com objeto";"Com Vítimas Feridas";"Plena Noite";"Crescente";"Céu Claro";"Simples";"Reta";"Não";1;0;1;0;0;0;1;1;-12,118702;-45,182914;"SPRF-BA";"DEL10-BA";"UOP01-DEL10-BA"
369764;2021-07-10;"sábado";"23:30:00";"MG";262;802;"UBERABA";"Condutor deixou de manter distância do veículo da frente";"Colisão traseira";"Com Vítimas Feridas";"Plena Noite";"Decrescente";"Céu Claro";"Dupla";"Reta";"Sim";2;0;1;0;1;0;1;2;-19,779234;-47,964844;"SPRF-MG";"DEL13-MG";"UOP01-DEL13-MG"
369765;2021-07-10;"sábado";"20:50:00";"BA";110;162,5;"RIBEIRA DO POMBAL";"Ingestão de álcool pelo condutor";"Colisão traseira";"Com Vítimas Feridas";"Plena Noite";"Crescente";"Chuva";"Simples";"Reta";"Não";2;0;0;1;1;0;1;2;-10,77319309;-38,51441775;"SPRF-BA";"DEL07-BA";"UOP02-DEL07-BA"
369766;2021-07-10;"sábado";"22:15:00";"RS";392;0,6;"SANTANA DA BOA VISTA";"Reação tardia ou ineficiente do condutor";"Saída de leito carroçável";"Com Vítimas Feridas";"Plena Noite";"Decrescente";"Céu Claro";"Simples";"Curva";"Sim";2;0;2;0;0;0;2;1;-30,87242;-53,11575;"SPRF-RS";"DEL09-RS";"UOP02-DEL09-RS"
369768;2021-07-11;"domingo";"00:20:00";"PB";230;26,2;"JOAO PESSOA";"Ingestão de álcool pelo condutor";"Saída de leito carroçável";"Com Vítimas Feridas";"Plena Noite";"Crescente";"Chuva";"Dupla";"Reta;Aclive";"Sim";3;0;1;0;2;0;1;1;-7,1693;-34,8782;"SPRF-PB";"DEL01-PB";"UOP01-DEL01-PB"
369769;2021-07-10;"sábado";"21:30:00";"RJ";116;306;"RESENDE";"Desrespeitar a preferência no cruzamento";"Colisão transversal";"Sem Vítimas";"Plena Noite";"Crescente";"Céu Claro";"Múltipla";"Reta;Interseção de Vias";"Sim";2;0;0;0;1;1;0;2;-22,45645538;-44,40259093;"SPRF-RJ";"DEL07-RJ";"UOP02-DEL07-RJ"
369771;2021-07-11;"domingo";"00:15:00";"RS";158;330;"SANTA MARIA";"Ingestão de álcool pelo condutor";"Saída de leito carroçável";"Com Vítimas Feridas";"Plena Noite";"Crescente";"Céu Claro";"Simples";"Reta;Em Obras";"Sim";2;0;1;0;1;0;1;1;-29,70139884;-53,83841515;"SPRF-RS";"DEL09-RS";"UOP01-DEL09-RS"
369772;2021-07-10;"sábado";"23:15:00";"MS";163;486,3;"CAMPO GRANDE";"Ausência de reação do condutor";"Tombamento";"Com Vítimas Feridas";"Plena Noite";"Crescente";"Céu Claro";"Simples";"Reta";"Sim";1;0;1;0;0;0;1;1;-20,430612;-54,544422;"SPRF-MS";"DEL01-MS";"UOP02-DEL01-MS"
369773;2021-07-10;"sábado";"23:10:00";"PR";277;722,5;"FOZ DO IGUACU";"Acessar a via sem observar a presença dos outros veículos";"Colisão transversal";"Com Vítimas Feridas";"Plena Noite";"Decrescente";"Céu Claro";"Dupla";"Retorno Regulamentado";"Sim";4;0;3;1;0;0;4;2;-25,49494908;-54,52095097;"SPRF-PR";"DEL05-PR";"UOP03-DEL05-PR"
369774;2021-07-11;"domingo";"00:30:00";"PR";163;343;"GUAIRA";"Ingestão de álcool pelo condutor";"Saída de leito carroçável";"Sem Vítimas";"Plena Noite";"Crescente";"Céu Claro";"Simples";"Rotatória";"Não";3;0;0;0;3;0;0;1;-24,21375699;-54,19958751;"SPRF-PR";"DEL06-PR";"UOP01-DEL06-PR"
369775;2021-07-10;"sábado";"23:00:00";"PI";343;593;"FLORIANO";"Ingestão de álcool pelo condutor";"Colisão traseira";"Com Vítimas Feridas";"Plena Noite";"Decrescente";"Céu Claro";"Simples";"Curva";"Sim";2;0;1;0;1;0;1;2;-6,781913;-43,038273;"SPRF-PI";"DEL03-PI";"UOP01-DEL03-PI"
369776;2021-07-11;"domingo";"00:45:00";"PR";369;192,4;"ARAPONGAS";"Ingestão de álcool pelo condutor";"Saída de leito carroçável";"Com Vítimas Feridas";"Plena Noite";"Crescente";"Céu Claro";"Dupla";"Reta";"Não";1;0;1;0;0;0;1;1;-23,482728;-51,423365;"SPRF-PR";"DEL07-PR";"UOP02-DEL07-PR"
369777;2021-07-10;"sábado";"23:00:00";"AM";230;611;"HUMAITA";"Acesso irregular";"Colisão com objeto";"Com Vítimas Feridas";"Plena Noite";"Crescente";"Céu Claro";"Dupla";"Reta";"Sim";2;0;0;2;0;0;2;1;-7,50359954;-63,02905798;"SPRF-AM";"DEL01-AM";"UOP05-DEL01-AM"
369778;2021-07-10;"sábado";"23:40:00";"PR";277;331;"GUARAPUAVA";"Reação tardia ou ineficiente do condutor";"Saída de leito carroçável";"Com Vítimas Feridas";"Plena Noite";"Decrescente";"Céu Claro";"Simples";"Curva";"Não";4;0;3;0;1;0;3;1;-25,37369557;-51,31824195;"SPRF-PR";"DEL08-PR";"UOP01-DEL08-PR"
369779;2021-07-11;"domingo";"00:10:00";"PB";104;118;"CAMPINA GRANDE";"Condutor deixou de manter distância do veículo da frente";"Colisão traseira";"Com Vítimas Feridas";"Plena Noite";"Crescente";"Garoa/Chuvisco";"Simples";"Reta";"Não";2;0;1;0;1;0;1;2;-7,19637839;-35,87571339;"SPRF-PB";"DEL02-PB";"UOP04-DEL02-PB"
369782;2021-07-11;"domingo";"01:12:00";"RN";304;57,4;"MOSSORO";"Ingestão de álcool pelo condutor";"Capotamento";"Com Vítimas Feridas";"Plena Noite";"Crescente";"Céu Claro";"Simples";"Reta";"Não";2;0;1;0;1;0;1;1;-5,29965584;-37,28260272;"SPRF-RN";"DEL04-RN";"UOP01-DEL04-RN"
369783;2021-07-10;"sábado";"21:40:00";"SP";116;451,2;"REGISTRO";"Reação tardia ou ineficiente do condutor";"Colisão traseira";"Com Vítimas Feridas";"Pleno dia";"Crescente";"Céu Claro";"Dupla";"Reta";"Não";5;0;3;0;2;0;3;2;-24,54542792;-47,86180224;"SPRF-SP";"DEL05-SP";"UOP01-DEL05-SP"
369784;2021-07-11;"domingo";"00:40:00";"PR";369;247,2;"BOM SUCESSO";"Velocidade Incompatível";"Saída de leito carroçável";"Com Vítimas Feridas";"Plena Noite";"Decrescente";"Céu Claro";"Simples";"Reta";"Não";1;0;1;0;0;0;1;1;-23,7055234;-51,7370224;"SPRF-PR";"DEL09-PR";"UOP01-DEL09-PR"
369785;2021-07-11;"domingo";"00:35:00";"RS";290;488;"ROSARIO DO SUL";"Ingestão de álcool pelo condutor";"Saída de leito carroçável";"Sem Vítimas";"Plena Noite";"Crescente";"Nublado";"Simples";"Reta";"Não";2;0;0;0;2;0;0;1;-30,239111;-55,002876;"SPRF-RS";"DEL11-RS";"UOP02-DEL11-RS"
369786;2021-07-11;"domingo";"01:00:00";"RJ";356;179;"SAO JOAO DA BARRA";"Ausência de reação do condutor";"Colisão frontal";"Com Vítimas Feridas";"Plena Noite";"Decrescente";"Nevoeiro/Neblina";"Simples";"Reta";"Não";4;0;2;2;0;0;4;2;-21,67097002;-41,05490686;"SPRF-RJ";"DEL08-RJ";"UOP02-DEL08-RJ"
369787;2021-07-11;"domingo";"00:30:00";"RR";174;457;"BOA VISTA";"Condutor Dormindo";"Saída de leito carroçável";"Com Vítimas Feridas";"Plena Noite";"Crescente";"Ignorado";"Simples";"Reta";"Não";1;0;1;0;0;0;1;1;2,4985722;-60,8834936;"SPRF-RR";"DEL01-RR";"UOP01-DEL01-RR"
369790;2021-07-11;"domingo";"01:10:00";"MA";230;404;"BALSAS";"Transitar na contramão";"Colisão frontal";"Com Vítimas Fatais";"Plena Noite";"Crescente";"Céu Claro";"Simples";"Reta";"Sim";3;1;1;0;1;0;1;2;-7,52212873;-46,04790688;"SPRF-MA";"DEL05-MA";"UOP01-DEL05-MA"
369792;2021-07-11;"domingo";"01:20:00";"PA";230;115;"MARABA";"Ingestão de álcool pelo condutor";"Colisão traseira";"Com Vítimas Feridas";"Plena Noite";"Crescente";"Céu Claro";"Dupla";"Reta";"Sim";5;0;1;0;2;2;1;3;-5,360502;-49,080731;"SPRF-PA";"DEL03-PA";"UOP01-DEL03-PA"
369794;2021-07-11;"domingo";"01:25:00";"SC";480;130;"CHAPECO";"Ingestão de álcool pelo condutor";"Capotamento";"Sem Vítimas";"Plena Noite";"Crescente";"Céu Claro";"Dupla";"Reta";"Sim";1;0;0;0;0;1;0;1;-27,05534298;-52,63652069;"SPRF-SC";"DEL07-SC";"UOP01-DEL07-SC"
369795;2021-07-11;"domingo";"02:15:00";"PR";376;601,4;"CURITIBA";"Ingestão de álcool pelo condutor";"Colisão traseira";"Com Vítimas Feridas";"Plena Noite";"Crescente";"Céu Claro";"Dupla";"Reta";"Sim";5;0;1;0;3;1;1;3;-25,52594078;-49,33029955;"SPRF-PR";"DEL01-PR";"UOP01-DEL01-PR"
369796;2021-07-11;"domingo";"00:30:00";"MS";163;61;"ELDORADO";"Ausência de reação do condutor";"Saída de leito carroçável";"Com Vítimas Feridas";"Plena Noite";"Crescente";"Céu Claro";"Simples";"Reta";"Não";2;0;1;0;1;0;1;1;-23,61499083;-54,22931826;"SPRF-MS";"DEL09-MS";"UOP02-DEL09-MS"
369797;2021-07-11;"domingo";"02:20:00";"MS";163;8;"MUNDO NOVO";"Condutor Dormindo";"Saída de leito carroçável";"Com Vítimas Feridas";"Plena Noite";"Crescente";"Céu Claro";"Simples";"Reta";"Não";1;0;0;1;0;0;1;1;-23,99553602;-54,32870801;"SPRF-MS";"DEL09-MS";"UOP02-DEL09-MS"
369798;2021-07-11;"domingo";"02:30:00";"RJ";40;121;"DUQUE DE CAXIAS";"Ingestão de álcool pelo condutor";"Saída de leito carroçável";"Com Vítimas Feridas";"Plena Noite";"Crescente";"Céu Claro";"Dupla";"Reta";"Sim";1;0;0;1;0;0;1;1;-22,78185499;-43,28571273;"SPRF-RJ";"DEL01-RJ";"UOP01-DEL01-RJ"
369799;2021-07-11;"domingo";"03:10:00";"SC";101;135;"BALNEARIO CAMBORIU";"Ingestão de álcool pelo condutor";"Colisão com objeto";"Com Vítimas Feridas";"Plena Noite";"Crescente";"Céu Claro";"Dupla";"Reta";"Sim";1;0;1;0;0;0;1;1;-27,0050108;-48,62677494;"SPRF-SC";"DEL04-SC";"UOP03-DEL04-SC"
369802;2021-07-11;"domingo";"03:00:00";"RJ";493;67;"DUQUE DE CAXIAS";"Condutor Dormindo";"Saída de leito carroçável";"Com Vítimas Feridas";"Plena Noite";"Crescente";"Céu Claro";"Dupla";"Reta";"Não";1;0;1;0;0;0;1;1;-22,672089;-43,285053;"SPRF-RJ";"DEL01-RJ";"UOP03-DEL01-RJ"
369803;2021-07-11;"domingo";"04:35:00";"RJ";116;317;"ITATIAIA";"Condutor Dormindo";"Colisão com objeto";"Com Vítimas Feridas";"Plena Noite";"Crescente";"Céu Claro";"Simples";"Reta";"Sim";1;0;1;0;0;0;1;1;-22,48912353;-44,55639562;"SPRF-RJ";"DEL07-RJ";"UOP02-DEL07-RJ"
369805;2021-07-11;"domingo";"04:45:00";"RS";392;661,2;"CERRO LARGO";"Velocidade Incompatível";"Saída de leito carroçável";"Com Vítimas Feridas";"Plena Noite";"Crescente";"Nublado";"Simples";"Rotatória";"Não";2;0;2;0;0;0;2;1;-28,1248;-54,7282;"SPRF-RS";"DEL10-RS";"UOP01-DEL10-RS"
369806;2021-07-11;"domingo";"02:10:00";"PR";376;596;"CURITIBA";"Pedestre cruzava a pista fora da faixa";"Atropelamento de Pedestre";"Com Vítimas Fatais";"Plena Noite";"Crescente";"Céu Claro";"Dupla";"Reta";"Sim";3;1;0;0;2;0;0;2;-25,50420014;-49,34123777;"SPRF-PR";"DEL01-PR";"UOP01-DEL01-PR"
369807;2021-07-11;"domingo";"04:30:00";"PR";116;13,6;"COLOMBO";"Velocidade Incompatível";"Colisão com objeto";"Sem Vítimas";"Plena Noite";"Crescente";"Céu Claro";"Dupla";"Reta";"Sim";1;0;0;0;0;1;0;1;-25,3785;-49,1564;"SPRF-PR";"DEL01-PR";"UOP02-DEL01-PR"
369808;2021-07-11;"domingo";"01:55:00";"SC";101;136;"BALNEARIO CAMBORIU";"Velocidade Incompatível";"Capotamento";"Sem Vítimas";"Plena Noite";"Crescente";"Céu Claro";"Dupla";"Reta";"Não";1;0;0;0;1;0;0;1;-27,008113;-48,617245;"SPRF-SC";"DEL04-SC";"UOP03-DEL04-SC"
369809;2021-07-11;"domingo";"05:20:00";"MS";163;475,1;"CAMPO GRANDE";"Ingestão de álcool pelo condutor";"Colisão traseira";"Sem Vítimas";"Amanhecer";"Crescente";"Céu Claro";"Simples";"Reta";"Sim";4;0;0;0;3;1;0;3;-20,51838231;-54,56658567;"SPRF-MS";"DEL01-MS";"UOP01-DEL01-MS"
369811;2021-07-11;"domingo";"05:20:00";"RJ";116;144;"DUQUE DE CAXIAS";"Condutor Dormindo";"Tombamento";"Com Vítimas Feridas";"Amanhecer";"Decrescente";"Céu Claro";"Dupla";"Reta";"Sim";1;0;1;0;0;0;1;1;-22,65737709;-43,24724694;"SPRF-RJ";"DEL01-RJ";"UOP01-DEL01-RJ"
369812;2021-07-11;"domingo";"05:40:00";"SP";116;139;"SAO JOSE DOS CAMPOS";"Ausência de reação do condutor";"Colisão com objeto";"Com Vítimas Feridas";"Amanhecer";"Decrescente";"Céu Claro";"Dupla";"Reta";"Não";2;0;1;0;1;0;1;1;-23,16153216;-45,80400592;"SPRF-SP";"DEL02-SP";"UOP01-DEL02-SP"
369813;2021-07-11;"domingo";"01:06:00";"MG";381;898,7;"CAMBUI";"Velocidade Incompatível";"Saída de leito carroçável";"Com Vítimas Feridas";"Plena Noite";"Decrescente";"Ignorado";"Dupla";"Reta";"Sim";2;0;1;0;1;0;1;1;-22,64587158;-46,08720615;"SPRF-MG";"DEL16-MG";"UOP03-DEL16-MG"
369814;2021-07-11;"domingo";"02:00:00";"MG";381;482,5;"BETIM";"Ingestão de álcool pelo condutor";"Saída de leito carroçável";"Com Vítimas Feridas";"Plena Noite";"Decrescente";"Céu Claro";"Múltipla";"Aclive;Reta";"Sim";1;0;1;0;0;0;1;1;-19,95903963;-44,07217026;"SPRF-MG";"DEL01-MG";"UOP03-DEL01-MG"
369815;2021-07-11;"domingo";"01:55:00";"SC";101;149,4;"ITAPEMA";"Ingestão de álcool pelo condutor";"Colisão com objeto";"Sem Vítimas";"Plena Noite";"Crescente";"Céu Claro";"Dupla";"Reta";"Sim";1;0;0;0;1;0;0;1;-27,10123686;-48,61807962;"SPRF-SC";"DEL04-SC";"UOP03-DEL04-SC"
369816;2021-07-11;"domingo";"05:45:00";"SC";101;19,5;"JOINVILLE";"Ingestão de álcool pelo condutor";"Saída de leito carroçável";"Sem Vítimas";"Amanhecer";"Decrescente";"Nevoeiro/Neblina";"Dupla";"Reta";"Não";1;0;0;0;1;0;0;1;-26,13376586;-48,89661416;"SPRF-SC";"DEL03-SC";"UOP01-DEL03-SC"
369817;2021-07-11;"domingo";"05:50:00";"MS";163;36,9;"ELDORADO";"Neblina";"Colisão traseira";"Com Vítimas Feridas";"Amanhecer";"Crescente";"Céu Claro";"Simples";"Declive";"Não";2;0;1;0;0;1;1;2;-23,80607589;-54,31318103;"SPRF-MS";"DEL09-MS";"UOP02-DEL09-MS"
369818;2021-07-11;"domingo";"03:50:00";"MG";381;592,5;"CARMOPOLIS DE MINAS";"Condutor Dormindo";"Capotamento";"Com Vítimas Feridas";"Plena Noite";"Decrescente";"Ignorado";"Dupla";"Reta";"Não";1;0;1;0;0;0;1;1;-20,57880683;-44,6872411;"SPRF-MG";"DEL04-MG";"UOP01-DEL04-MG"
369819;2021-07-11;"domingo";"04:50:00";"GO";60;23,1;"ALEXANIA";"Ausência de reação do condutor";"Tombamento";"Sem Vítimas";"Plena Noite";"Decrescente";"Céu Claro";"Dupla";"Reta";"Não";1;0;0;0;0;1;0;1;-16,0963;-48,5202;"SPRF-DF";"DEL03-DF";"UOP01-DEL03-DF"
369820;2021-07-11;"domingo";"05:00:00";"RS";392;4,2;"RIO GRANDE";"Pista Escorregadia";"Saída de leito carroçável";"Sem Vítimas";"Plena Noite";"Crescente";"Nevoeiro/Neblina";"Simples";"Reta";"Sim";1;0;0;0;0;1;0;1;-32,06960295;-52,09547805;"SPRF-RS";"DEL07-RS";"UOP02-DEL07-RS"