"id";"data_inversa";"dia_semana";"horario";"uf";"br";"km";"municipio";"causa_acidente";"tipo_acidente";"classificacao_acidente";"fase_dia";"sentido_via";"condicao_metereologica";"tipo_pista";"tracado_via";"uso_solo";"pessoas";"mortos";"feridos_leves";"feridos_graves";"ilesos";"ignorados";"feridos";"veiculos";"latitude";"longitude";"regional";"delegacia";"uop"
369821;2021-07-11;"domingo";"00:30:00";"MG";262;409;"IGARATINGA";"Velocidade Incompatível";"Saída de leito carroçável";"Com Vítimas Feridas";"Plena Noite";"Crescente";"Céu Claro";"Dupla";"Curva";"Não";2;0;1;1;0;0;2;1;-19,8901412;-44,62313102;"SPRF-MG";"DEL08-MG";"UOP03-DEL08-MG"
369822;2021-07-11;"domingo";"06:55:00";"SE";235;1,3;"ARACAJU";"Reação tardia ou ineficiente do condutor";"Colisão traseira";"Com Vítimas Feridas";"Pleno dia";"Crescente";"Garoa/Chuvisco";"Dupla";"Interseção de Vias";"Sim";3;0;1;0;1;1;1;3;-10,90829386;-37,08700061;"SPRF-SE";"DEL01-SE";"UOP01-DEL01-SE"
369823;2021-06-25;"sexta-feira";"20:15:00";"ES";101;270,5;"SERRA";"Pedestre cruzava a pista fora da faixa";"Atropelamento de Pedestre";"Com Vítimas Feridas";"Plena Noite";"Decrescente";"Céu Claro";"Múltipla";"Curva";"Sim";2;0;1;1;0;0;2;2;-20,22662056;-40,27075088;"SPRF-ES";"DEL02-ES";"UOP01-DEL02-ES"
369824;2021-07-10;"sábado";"23:45:00";"PR";376;426,6;"TIBAGI";"Ingestão de álcool pelo condutor";"Capotamento";"Com Vítimas Feridas";"Plena Noite";"Decrescente";"Céu Claro";"Simples";"Declive";"Não";4;0;3;1;0;0;4;1;-24,71609483;-50,54224944;"SPRF-PR";"DEL03-PR";"UOP02-DEL03-PR"
369825;2021-07-11;"domingo";"01:30:00";"SP";116;219;"GUARULHOS";"Ausência de reação do condutor";"Colisão com objeto";"Sem Vítimas";"Plena Noite";"Crescente";"Nublado";"Múltipla";"Reta";"Não";1;0;0;0;0;1;0;1;-23,46143954;-46,48885316;"SPRF-SP";"DEL01-SP";"UOP01-DEL01-SP"
369826;2021-07-11;"domingo";"07:30:00";"RS";392;29;"RIO GRANDE";"Acessar a via sem observar a presença dos outros veículos";"Saída de leito carroçável";"Sem Vítimas";"Amanhecer";"Decrescente";"Céu Claro";"Dupla";"Reta";"Não";1;0;0;0;1;0;0;1;-32,0578869118;-52,2718418529;"SPRF-RS";"DEL07-RS";"UOP02-DEL07-RS"
369827;2021-07-11;"domingo";"07:25:00";"SE";101;99;"SAO CRISTOVAO";"Ingestão de álcool pelo condutor";"Saída de leito carroçável";"Com Vítimas Feridas";"Pleno dia";"Decrescente";"Nublado";"Dupla";"Curva";"Não";5;0;2;1;2;0;3;2;-10,93360681;-37,18950023;"SPRF-SE";"DEL02-SE";"UOP01-DEL02-SE"
369829;2021-07-11;"domingo";"05:30:00";"RR";174;493;"BOA VISTA";"Manobra de mudança de faixa";"Queda de ocupante de veículo";"Com Vítimas Feridas";"Amanhecer";"Decrescente";"Céu Claro";"Simples";"Reta";"Não";2;0;2;0;0;0;2;1;2,744877;-60,748837;"SPRF-RR";"DEL01-RR";"UOP01-DEL01-RR"
369831;2021-07-10;"sábado";"12:45:00";"MG";153;35;"CANAPOLIS";"Demais falhas mecânicas ou elétricas";"Queda de ocupante de veículo";"Com Vítimas Feridas";"Pleno dia";"Crescente";"Sol";"Dupla";"Reta";"Não";2;0;1;0;1;0;1;1;-18,714819;-49,131468;"SPRF-MG";"DEL15-MG";"UOP03-DEL15-MG"
369833;2021-07-10;"sábado";"19:30:00";"MG";153;6,3;"ARAPORA";"Velocidade Incompatível";"Colisão traseira";"Sem Vítimas";"Plena Noite";"Crescente";"Céu Claro";"Simples";"Reta";"Não";2;0;0;0;1;1;0;2;-18,469534;-49,18824998;"SPRF-MG";"DEL15-MG";"UOP03-DEL15-MG"
369834;2021-07-11;"domingo";"07:00:00";"MG";262;638,2;"IBIA";"Animais na Pista";"Queda de ocupante de veículo";"Com Vítimas Feridas";"Amanhecer";"Decrescente";"Nublado";"Simples";"Reta";"Não";1;0;0;1;0;0;1;1;-19,57976803;-46,52571101;"SPRF-MG";"DEL08-MG";"UOP01-DEL08-MG"
369835;2021-07-11;"domingo";"08:00:00";"SP";381;89;"GUARULHOS";"Ausência de reação do condutor";"Colisão com objeto";"Com Vítimas Feridas";"Pleno dia";"Crescente";"Céu Claro";"Múltipla";"Reta";"Sim";1;0;1;0;0;0;1;1;-23,48469299;-46,55983288;"SPRF-SP";"DEL03-SP";"UOP01-DEL03-SP"
369836;2021-07-11;"domingo";"01:45:00";"MG";365;755;"ITUIUTABA";"Ingestão de substâncias psicoativas pelo condutor";"Queda de ocupante de veículo";"Com Vítimas Feridas";"Plena Noite";"Crescente";"Céu Claro";"Simples";"Interseção de Vias";"Sim";2;0;1;0;0;1;1;1;-18,94544066;-49,45519209;"SPRF-MG";"DEL15-MG";"UOP03-DEL15-MG"
369837;2021-07-11;"domingo";"07:40:00";"GO";70;1,3;"AGUAS LINDAS DE GOIAS";"Objeto estático sobre o leito carroçável";"Colisão com objeto";"Sem Vítimas";"Pleno dia";"Decrescente";"Céu Claro";"Dupla";"Reta;Aclive";"Sim";1;0;0;0;1;0;0;1;-15,77350455;-48,23146105;"SPRF-DF";"DEL03-DF";"UOP02-DEL03-DF"
369839;2021-07-11;"domingo";"08:20:00";"PR";277;114;"CAMPO LARGO";"Velocidade Incompatível";"Queda de ocupante de veículo";"Com Vítimas Feridas";"Pleno dia";"Crescente";"Céu Claro";"Dupla";"Reta";"Não";1;0;1;0;0;0;1;1;-25,42766575;-49,38724005;"SPRF-PR";"DEL01-PR";"UOP03-DEL03-PR"
369842;2021-07-11;"domingo";"08:20:00";"PE";101;68,2;"RECIFE";"Ausência de reação do condutor";"Colisão com objeto";"Sem Vítimas";"Pleno dia";"Decrescente";"Nublado";"Múltipla";"Rotatória";"Sim";1;0;0;0;0;1;0;1;-8,05074296;-34,94580619;"SPRF-PE";"DEL01-PE";"UOP01-DEL01-PE"
369843;2021-07-11;"domingo";"06:30:00";"PR";280;313,2;"BARRACAO";"Ingestão de álcool e/ou substâncias psicoativas pelo pedestre";"Saída de leito carroçável";"Com Vítimas Feridas";"Amanhecer";"Crescente";"Céu Claro";"Simples";"Reta";"Não";1;0;1;0;0;0;1;1;-26,29742952;-53,50990121;"SPRF-PR";"DEL02-PR";"UOP01-DEL02-PR"
369844;2021-07-11;"domingo";"08:50:00";"PE";101;28,4;"IGARASSU";"Frear bruscamente";"Tombamento";"Com Vítimas Feridas";"Pleno dia";"Decrescente";"Céu Claro";"Dupla";"Reta";"Não";2;0;2;0;0;0;2;1;-7,72056385;-34,94127124;"SPRF-PE";"DEL01-PE";"UOP02-DEL01-PE"
369845;2021-07-11;"domingo";"07:58:00";"RJ";116;126;"MAGE";"Ingestão de álcool pelo condutor";"Capotamento";"Com Vítimas Feridas";"Pleno dia";"Decrescente";"Céu Claro";"Dupla";"Reta";"Não";5;0;2;3;0;0;5;1;-22,65489354;-43,08636526;"SPRF-RJ";"DEL04-RJ";"UOP02-DEL04-RJ"
369847;2021-07-11;"domingo";"07:30:00";"PR";116;114;"CURITIBA";"Ingestão de álcool pelo condutor";"Saída de leito carroçável";"Com Vítimas Feridas";"Pleno dia";"Crescente";"Céu Claro";"Dupla";"Reta";"Sim";1;0;1;0;0;0;1;1;-25,56296907;-49,25643801;"SPRF-PR";"DEL01-PR";"UOP01-DEL01-PR"
369848;2021-07-11;"domingo";"09:00:00";"MG";40;40,8;"PARACATU";"Acessar a via sem observar a presença dos outros veículos";"Colisão transversal";"Com Vítimas Feridas";"Pleno dia";"Crescente";"Céu Claro";"Simples";"Retorno Regulamentado;Interseção de Vias;Reta";"Sim";2;0;1;0;1;0;1;2;-17,2106159;-46,87501431;"SPRF-MG";"DEL14-MG";"UOP01-DEL14-MG"
369850;2021-07-11;"domingo";"07:10:00";"RJ";116;118;"MAGE";"Velocidade Incompatível";"Capotamento";"Sem Vítimas";"Pleno dia";"Decrescente";"Céu Claro";"Dupla";"Reta";"Não";1;0;0;0;0;1;0;1;-22,60969336;-43,03076263;"SPRF-RJ";"DEL04-RJ";"UOP02-DEL04-RJ"
369851;2021-07-11;"domingo";"07:15:00";"ES";482;41,8;"CACHOEIRO DE ITAPEMIRIM";"Velocidade Incompatível";"Capotamento";"Com Vítimas Feridas";"Pleno dia";"Crescente";"Céu Claro";"Simples";"Curva";"Não";3;0;3;0;0;0;3;1;-20,76345749;-41,20868683;"SPRF-ES";"DEL03-ES";"UOP02-DEL03-ES"
369854;2021-07-11;"domingo";"08:50:00";"ES";101;298;"VIANA";"Reação tardia ou ineficiente do condutor";"Colisão transversal";"Com Vítimas Feridas";"Pleno dia";"Crescente";"Céu Claro";"Dupla";"Reta";"Sim";3;0;0;1;2;0;1;3;-20,35374444;-40,4156433;"SPRF-ES";"DEL01-ES";"UOP01-DEL01-ES"
369855;2021-07-11;"domingo";"08:57:00";"SP";153;61,2;"SAO JOSE DO RIO PRETO";"Velocidade Incompatível";"Queda de ocupante de veículo";"Sem Vítimas";"Pleno dia";"Crescente";"Céu Claro";"Dupla";"Declive";"Sim";1;0;0;0;1;0;0;1;-20,80502876;-49,35574909;"SPRF-SP";"DEL09-SP";"UOP01-DEL09-SP"
369856;2021-07-11;"domingo";"07:40:00";"MG";40;524;"CONTAGEM";"Velocidade Incompatível";"Colisão com objeto";"Sem Vítimas";"Pleno dia";"Decrescente";"Céu Claro";"Dupla";"Reta";"Sim";1;0;0;0;0;1;0;1;-19,8754469;-44,05345586;"SPRF-MG";"DEL01-MG";"UOP02-DEL01-MG"
369858;2021-05-09;"domingo";"04:00:00";"BA";242;370;"PALMEIRAS";"Condutor Dormindo";"Saída de leito carroçável";"Com Vítimas Feridas";"Amanhecer";"Crescente";"Céu Claro";"Simples";"Curva";"Não";2;0;2;0;0;0;2;1;-12,46131491;-41,46948804;"SPRF-BA";"DEL06-BA";"UOP01-DEL06-BA"
369860;2021-07-11;"domingo";"08:20:00";"SP";116;413;"JUQUIA";"Reação tardia ou ineficiente do condutor";"Saída de leito carroçável";"Sem Vítimas";"Pleno dia";"Crescente";"Nublado";"Dupla";"Curva";"Sim";1;0;0;0;0;1;0;1;-24,33005991;-47,62299901;"SPRF-SP";"DEL05-SP";"UOP01-DEL05-SP"
369861;2021-07-08;"quinta-feira";"05:00:00";"TO";153;579,3;"SANTA RITA DO TOCANTINS";"Reação tardia ou ineficiente do condutor";"Capotamento";"Com Vítimas Feridas";"Plena Noite";"Decrescente";"Céu Claro";"Simples";"Reta";"Não";4;0;1;0;3;0;1;1;-10,90901;-48,90765208;"SPRF-TO";"DEL01-TO";"UOP01-DEL01-TO"
369862;2021-07-11;"domingo";"08:45:00";"MG";381;535;"ITATIAIUCU";"Velocidade Incompatível";"Queda de ocupante de veículo";"Com Vítimas Feridas";"Pleno dia";"Crescente";"Céu Claro";"Dupla";"Reta";"Não";1;0;0;1;0;0;1;1;-20,21567611;-44,39359676;"SPRF-MG";"DEL04-MG";"UOP03-DEL04-MG"
369863;2021-07-11;"domingo";"09:40:00";"PR";376;668,6;"GUARATUBA";"Velocidade Incompatível";"Tombamento";"Com Vítimas Feridas";"Pleno dia";"Crescente";"Céu Claro";"Dupla";"Curva;Aclive";"Não";1;0;1;0;0;0;1;1;-25,864159;-48,937538;"SPRF-PR";"DEL01-PR";"UOP04-DEL01-PR"
369864;2021-07-11;"domingo";"07:55:00";"PR";376;4;"MARINGA";"Reação tardia ou ineficiente do condutor";"Saída de leito carroçável";"Sem Vítimas";"Pleno dia";"Decrescente";"Céu Claro";"Dupla";"Reta;Declive";"Não";1;0;0;0;0;1;0;1;-23,4273;-51,9375;"SPRF-PR";"DEL09-PR";"UOP01-DEL09-PR"
369867;2021-07-11;"domingo";"10:20:00";"BA";324;584;"CANDEIAS";"Velocidade Incompatível";"Saída de leito carroçável";"Com Vítimas Feridas";"Pleno dia";"Crescente";"Chuva";"Dupla";"Curva";"Não";2;0;1;0;1;0;1;1;-12,62182288;-38,48260875;"SPRF-BA";"DEL01-BA";"UOP01-DEL01-BA"
369869;2021-07-11;"domingo";"10:30:00";"ES";101;296,2;"CARIACICA";"Acumulo de areia ou detritos sobre o pavimento";"Tombamento";"Com Vítimas Feridas";"Pleno dia";"Crescente";"Sol";"Múltipla";"Curva";"Sim";2;0;2;0;0;0;2;1;-20,34029997;-40,40405712;"SPRF-ES";"DEL01-ES";"UOP01-DEL01-ES"
369871;2021-07-11;"domingo";"09:40:00";"GO";60;67,1;"ABADIANIA";"Condutor deixou de manter distância do veículo da frente";"Colisão traseira";"Com Vítimas Feridas";"Pleno dia";"Crescente";"Céu Claro";"Dupla";"Curva";"Não";2;0;0;1;1;0;1;2;-16,2217;-48,7502;"SPRF-GO";"DEL02-GO";"UOP01-DEL02-GO"
369872;2021-07-11;"domingo";"06:30:00";"RS";285;433;"PEJUCARA";"Ingestão de álcool pelo condutor";"Saída de leito carroçável";"Com Vítimas Feridas";"Amanhecer";"Decrescente";"Nublado";"Simples";"Curva";"Não";1;0;1;0;0;0;1;1;-28,339657;-53,672054;"SPRF-RS";"DEL10-RS";"UOP01-DEL10-RS"
369873;2021-07-11;"domingo";"02:00:00";"BA";324;304;"JACOBINA";"Ultrapassagem Indevida";"Colisão frontal";"Com Vítimas Feridas";"Plena Noite";"Crescente";"Ignorado";"Simples";"Aclive";"Não";2;0;0;1;1;0;1;2;-11,20903223;-40,445443;"SPRF-BA";"DEL04-BA";"UOP02-DEL04-BA"
369874;2021-07-11;"domingo";"07:40:00";"SC";101;82,7;"BARRA VELHA";"Velocidade Incompatível";"Saída de leito carroçável";"Com Vítimas Feridas";"Amanhecer";"Decrescente";"Nublado";"Dupla";"Declive;Curva;Interseção de Vias";"Não";2;0;0;2;0;0;2;1;-26,61085222;-48,72204472;"SPRF-SC";"DEL03-SC";"UOP02-DEL03-SC"
369876;2021-07-11;"domingo";"02:30:00";"BA";324;265;"JACOBINA";"Condutor Dormindo";"Saída de leito carroçável";"Com Vítimas Fatais";"Plena Noite";"Crescente";"Ignorado";"Simples";"Reta";"Não";3;1;0;2;0;0;2;1;-11,139059;-40,593475;"SPRF-BA";"DEL04-BA";"UOP02-DEL04-BA"
369878;2021-07-11;"domingo";"02:00:00";"BA";324;346;"QUIXABEIRA";"Velocidade Incompatível";"Saída de leito carroçável";"Com Vítimas Feridas";"Plena Noite";"Crescente";"Garoa/Chuvisco";"Simples";"Reta";"Não";1;0;1;0;0;0;1;1;-11,34302313;-40,08426205;"SPRF-BA";"DEL04-BA";"UOP02-DEL04-BA"
369880;2021-07-11;"domingo";"10:50:00";"GO";60;113,5;"GOIANAPOLIS";"Condutor deixou de manter distância do veículo da frente";"Colisão traseira";"Com Vítimas Feridas";"Pleno dia";"Crescente";"Céu Claro";"Dupla";"Reta";"Sim";2;0;1;0;1;0;1;2;-16,4572;-49,0567;"SPRF-GO";"DEL01-GO";"UOP01-DEL01-GO"
369884;2021-07-11;"domingo";"11:10:00";"PI";343;348;"TERESINA";"Acessar a via sem observar a presença dos outros veículos";"Colisão transversal";"Com Vítimas Feridas";"Pleno dia";"Crescente";"Sol";"Múltipla";"Interseção de Vias";"Sim";2;0;1;0;1;0;1;2;-5,118706;-42,786411;"SPRF-PI";"DEL01-PI";"UOP01-DEL01-PI"
369886;2021-07-11;"domingo";"10:35:00";"RS";290;71;"GRAVATAI";"Ausência de reação do condutor";"Colisão traseira";"Com Vítimas Feridas";"Pleno dia";"Crescente";"Nublado";"Múltipla";"Reta";"Não";2;0;1;0;1;0;1;2;-29,951347;-50,965858;"SPRF-RS";"DEL03-RS";"UOP01-DEL03-RS"
369887;2021-07-11;"domingo";"11:40:00";"PR";376;489,5;"PONTA GROSSA";"Condutor deixou de manter distância do veículo da frente";"Colisão traseira";"Sem Vítimas";"Pleno dia";"Decrescente";"Céu Claro";"Dupla";"Reta";"Sim";3;0;0;0;3;0;0;3;-25,09159161;-50,19553274;"SPRF-PR";"DEL03-PR";"UOP01-DEL03-PR"
369888;2021-06-29;"terça-feira";"00:30:00";"SP";116;279;"EMBU DAS ARTES";"Objeto estático sobre o leito carroçável";"Colisão com objeto";"Com Vítimas Feridas";"Plena Noite";"Decrescente";"Ignorado";"Dupla";"Reta";"Sim";1;0;1;0;0;0;1;1;-23,66233697;-46,85292907;"SPRF-SP";"DEL04-SP";"UOP01-DEL04-SP"
369890;2021-07-11;"domingo";"11:30:00";"PE";232;23;"MORENO";"Acesso irregular";"Colisão transversal";"Com Vítimas Feridas";"Pleno dia";"Decrescente";"Céu Claro";"Dupla";"Curva";"Não";2;0;0;1;1;0;1;2;-8,0992185;-35,09713887;"SPRF-PE";"DEL01-PE";"UOP01-DEL01-PE"
369891;2021-07-11;"domingo";"10:00:00";"MG";262;802,2;"UBERABA";"Obstrução na via";"Colisão com objeto";"Com Vítimas Feridas";"Pleno dia";"Crescente";"Céu Claro";"Dupla";"Aclive;Reta";"Não";1;0;1;0;0;0;1;1;-19,779234;-47,964844;"SPRF-MG";"DEL13-MG";"UOP01-DEL13-MG"
369892;2021-07-11;"domingo";"08:50:00";"PE";232;86,7;"GRAVATA";"Condutor Dormindo";"Saída de leito carroçável";"Com Vítimas Feridas";"Pleno dia";"Crescente";"Sol";"Dupla";"Curva";"Não";1;0;0;1;0;0;1;1;-8,21357161;-35,62733173;"SPRF-PE";"DEL02-PE";"UOP02-DEL02PE"
369893;2021-07-11;"domingo";"12:20:00";"PR";476;138,2;"CURITIBA";"Condutor desrespeitou a iluminação vermelha do semáforo";"Colisão transversal";"Sem Vítimas";"Pleno dia";"Crescente";"Céu Claro";"Dupla";"Interseção de Vias";"Não";3;0;0;0;3;0;0;3;-25,505564;-49,283417;"SPRF-PR";"DEL01-PR";"UOP03-DEL01-PR"
369897;2021-07-11;"domingo";"12:15:00";"RS";471;173;"RIO PARDO";"Desrespeitar a preferência no cruzamento";"Colisão transversal";"Com Vítimas Feridas";"Pleno dia";"Crescente";"Céu Claro";"Simples";"Reta";"Não";5;0;3;0;2;0;3;3;-30,014425;-52,369633;"SPRF-RS";"DEL02-RS";"UOP03-DEL02-RS"
369899;2021-06-04;"sexta-feira";"07:45:00";"PI";20;389,8;"PIO IX";"Acessar a via sem observar a presença dos outros veículos";"Colisão traseira";"Com Vítimas Feridas";"Pleno dia";"Crescente";"Céu Claro";"Simples";"Reta";"Não";3;0;0;1;1;1;1;3;-6,63875276;-40,87957027;"SPRF-PI";"DEL04-PI";"UOP01-DEL04-PI"
369901;2021-07-11;"domingo";"12:30:00";"MG";40;167,7;"JOAO PINHEIRO";"Demais falhas mecânicas ou elétricas";"Incêndio";"Sem Vítimas";"Pleno dia";"Decrescente";"Céu Claro";"Dupla";"Reta";"Não";1;0;0;0;1;0;0;1;-17,92333075;-46,07469484;"SPRF-MG";"DEL14-MG";"UOP02-DEL14-MG"
369902;2021-07-08;"quinta-feira";"06:50:00";"BA";101;107;"ALAGOINHAS";"Acesso irregular";"Colisão lateral sentido oposto";"Com Vítimas Feridas";"Pleno dia";"Decrescente";"Nublado";"Simples";"Reta";"Sim";3;0;2;0;1;0;2;2;-12,16492;-38,477026;"SPRF-BA";"DEL01-BA";"UOP04-DEL01-BA"
369904;2021-07-11;"domingo";"12:45:00";"MG";365;24,2;"MONTES CLAROS";"Velocidade Incompatível";"Saída de leito carroçável";"Com Vítimas Fatais";"Pleno dia";"Decrescente";"Céu Claro";"Simples";"Reta";"Não";2;1;0;0;0;1;0;2;-16,85651501;-44,052111;"SPRF-MG";"DEL12-MG";"UOP01-DEL12-MG"
369907;2021-07-11;"domingo";"13:00:00";"RJ";40;78;"PETROPOLIS";"Reação tardia ou ineficiente do condutor";"Tombamento";"Com Vítimas Feridas";"Pleno dia";"Decrescente";"Céu Claro";"Dupla";"Aclive;Curva;Retorno Regulamentado";"Não";1;0;0;1;0;0;1;1;-22,49898778;-43,22913051;"SPRF-RJ";"DEL06-RJ";"UOP01-DEL06-RJ"
369908;2021-07-11;"domingo";"10:30:00";"MG";116;185,2;"CARAI";"Condutor deixou de manter distância do veículo da frente";"Colisão traseira";"Com Vítimas Feridas";"Pleno dia";"Decrescente";"Sol";"Simples";"Curva";"Não";3;0;1;0;2;0;1;2;-17,1000871;-41,49594088;"SPRF-MG";"DEL11-MG";"UOP01-DEL11-MG"
369909;2021-07-11;"domingo";"12:15:00";"SC";163;70,4;"SAO MIGUEL DO OESTE";"Curva acentuada";"Saída de leito carroçável";"Com Vítimas Feridas";"Pleno dia";"Crescente";"Céu Claro";"Dupla";"Curva";"Sim";1;0;0;1;0;0;1;1;-26,73240701;-53,51011276;"SPRF-SC";"DEL07-SC";"UOP03-DEL07-SC"
369911;2021-07-11;"domingo";"14:10:00";"RS";116;148;"CAXIAS DO SUL";"Velocidade Incompatível";"Tombamento";"Com Vítimas Feridas";"Pleno dia";"Crescente";"Céu Claro";"Dupla";"Curva";"Sim";1;0;1;0;0;0;1;1;-29,15444539;-51,15101681;"SPRF-RS";"DEL05-RS";"UOP01-DEL05-RS"
369913;2021-07-11;"domingo";"13:10:00";"PE";101;91,5;"CABO DE SANTO AGOSTINHO";"Conversão proibida";"Colisão lateral mesmo sentido";"Com Vítimas Feridas";"Pleno dia";"Decrescente";"Nublado";"Dupla";"Reta";"Sim";2;0;1;0;1;0;1;2;-8,23882808;-34,98446172;"SPRF-PE";"DEL01-PE";"UOP01-DEL01-PE"
369914;2021-07-11;"domingo";"15:00:00";"SC";470;172,5;"POUSO REDONDO";"Conversão proibida";"Colisão transversal";"Com Vítimas Feridas";"Pleno dia";"Crescente";"Céu Claro";"Simples";"Reta";"Sim";4;0;0;3;1;0;3;3;-27,257526;-49,909592;"SPRF-SC";"DEL04-SC";"UOP02-DEL04-SC"
369915;2021-07-11;"domingo";"14:00:00";"GO";20;5;"FORMOSA";"Reação tardia ou ineficiente do condutor";"Colisão traseira";"Com Vítimas Feridas";"Pleno dia";"Decrescente";"Céu Claro";"Simples";"Reta;Aclive";"Não";4;0;1;0;3;0;1;2;-15,555275;-47,306908;"SPRF-DF";"DEL02-DF";"UOP01-DEL02-DF"
369916;2021-07-11;"domingo";"14:25:00";"MG";40;768,9;"JUIZ DE FORA";"Acessar a via sem observar a presença dos outros veículos";"Colisão transversal";"Com Vítimas Fatais";"Pleno dia";"Crescente";"Céu Claro";"Simples";"Reta";"Sim";6;1;1;1;2;1;2;3;-21,61786601;-43,45480621;"SPRF-MG";"DEL05-MG";"UOP01-DEL05-MG"
369917;2021-07-11;"domingo";"14:20:00";"SP";101;49,7;"UBATUBA";"Acessar a via sem observar a presença dos outros veículos";"Colisão transversal";"Com Vítimas Feridas";"Pleno dia";"Crescente";"Céu Claro";"Simples";"Reta";"Sim";2;0;0;1;1;0;1;2;-23,44410908;-45,08375708;"SPRF-SP";"DEL06-SP";"UOP01-DEL06-SP"
369918;2021-07-11;"domingo";"15:15:00";"PE";423;83,1;"JUCATI";"Acessar a via sem observar a presença dos outros veículos";"Colisão transversal";"Com Vítimas Fatais";"Pleno dia";"Decrescente";"Céu Claro";"Simples";"Reta";"Não";2;1;1;0;0;0;1;2;-8,79028092;-36,43450918;"SPRF-PE";"DEL03-PE";"UOP01-DEL03-PE"
369919;2021-06-25;"sexta-feira";"13:00:00";"MG";40;550;"NOVA LIMA";"Ausência de reação do condutor";"Colisão traseira";"Com Vítimas Feridas";"Pleno dia";"Crescente";"Céu Claro";"Dupla";"Reta";"Não";2;0;1;0;0;1;1;2;-20,0477638;-43,96439441;"SPRF-MG";"DEL01-MG";"UOP02-DEL01-MG"
369922;2021-07-11;"domingo";"10:15:00";"CE";116;507,9;"BREJO SANTO";"Demais falhas na via";"Queda de ocupante de veículo";"Com Vítimas Feridas";"Pleno dia";"Crescente";"Céu Claro";"Simples";"Reta";"Não";1;0;1;0;0;0;1;1;-7,50507293;-38,98668016;"SPRF-CE";"DEL05-CE";"UOP03-DEL05-CE"
369923;2021-07-11;"domingo";"11:30:00";"RO";364;289;"PRESIDENTE MEDICI";"Velocidade Incompatível";"Saída de leito carroçável";"Com Vítimas Feridas";"Pleno dia";"Decrescente";"Céu Claro";"Simples";"Reta";"Não";2;0;0;1;0;1;1;2;-11,33551016;-61,87009318;"SPRF-RO";"DEL02-RO";"UOP01-DEL02-RO"
369924;2021-07-11;"domingo";"15:40:00";"RS";386;343,7;"LAJEADO";"Acessar a via sem observar a presença dos outros veículos";"Colisão transversal";"Sem Vítimas";"Pleno dia";"Crescente";"Céu Claro";"Simples";"Reta";"Sim";2;0;0;0;2;0;0;2;-29,434835;-52,002365;"SPRF-RS";"DEL04-RS";"UOP01-DEL04-RS"
369928;2021-07-11;"domingo";"15:00:00";"PE";101;105,1;"CABO DE SANTO AGOSTINHO";"Manobra de mudança de faixa";"Tombamento";"Com Vítimas Feridas";"Pleno dia";"Crescente";"Sol";"Dupla";"Curva";"Não";2;0;2;0;0;0;2;1;-8,30242751;-35,06989924;"SPRF-PE";"DEL01-PE";"UOP01-DEL01-PE"
369929;2021-07-11;"domingo";"15:05:00";"MG";262;49,8;"MANHUACU";"Ingestão de álcool e/ou substâncias psicoativas pelo pedestre";"Colisão lateral mesmo sentido";"Sem Vítimas";"Pleno dia";"Decrescente";"Céu Claro";"Simples";"Reta";"Não";2;0;0;0;2;0;0;2;-20,24782001;-42,12958192;"SPRF-MG";"DEL06-MG";"UOP03-DEL06-MG"
369930;2021-07-11;"domingo";"15:10:00";"RJ";101;405;"ITAGUAI";"Velocidade Incompatível";"Saída de leito carroçável";"Sem Vítimas";"Pleno dia";"Decrescente";"Céu Claro";"Dupla";"Reta";"Sim";1;0;0;0;0;1;0;1;-22,867606;-43,802743;"SPRF-RJ";"DEL03-RJ";"UOP01-DEL03-RJ"
369932;2021-07-11;"domingo";"16:20:00";"MG";365;610,5;"UBERLANDIA";"Entrada inopinada do pedestre";"Atropelamento de Pedestre";"Com Vítimas Fatais";"Pleno dia";"Decrescente";"Sol";"Dupla";"Reta";"Sim";3;1;0;0;1;1;0;2;-18,921595;-48,183252;"SPRF-MG";"DEL15-MG";"UOP01-DEL15-MG"
369934;2021-07-11;"domingo";"11:35:00";"SC";101;406;"ARARANGUA";"Ingestão de álcool pelo condutor";"Saída de leito carroçável";"Com Vítimas Feridas";"Pleno dia";"Decrescente";"Sol";"Simples";"Reta";"Não";1;0;1;0;0;0;1;1;-28,90390002;-49,47692871;"SPRF-SC";"DEL02-SC";"UOP02-DEL02-SC"
369935;2021-07-11;"domingo";"12:00:00";"SC";101;408,5;"ARARANGUA";"Carga excessiva e/ou mal acondicionada";"Tombamento";"Com Vítimas Feridas";"Pleno dia";"Crescente";"Nublado";"Dupla";"Reta";"Não";2;0;1;0;1;0;1;1;-28,90746181;-49,48048824;"SPRF-SC";"DEL02-SC";"UOP02-DEL02-SC"
369936;2021-07-11;"domingo";"15:50:00";"RR";401;4;"CANTA";"Reação tardia ou ineficiente do condutor";"Colisão traseira";"Com Vítimas Feridas";"Pleno dia";"Crescente";"Nublado";"Dupla";"Reta";"Não";3;0;1;0;0;2;1;3;2,78964195;-60,65873803;"SPRF-RR";"DEL01-RR";"UOP01-DEL01-RR"
369939;2021-07-11;"domingo";"16:39:00";"SC";101;145;"ITAPEMA";"Condutor deixou de manter distância do veículo da frente";"Colisão lateral mesmo sentido";"Com Vítimas Feridas";"Pleno dia";"Decrescente";"Céu Claro";"Dupla";"Reta";"Sim";2;0;1;0;0;1;1;2;-27,08139206;-48,60130993;"SPRF-SC";"DEL04-SC";"UOP03-DEL04-SC"