"id";"data_inversa";"dia_semana";"horario";"uf";"br";"km";"municipio";"causa_acidente";"tipo_acidente";"classificacao_acidente";"fase_dia";"sentido_via";"condicao_metereologica";"tipo_pista";"tracado_via";"uso_solo";"pessoas";"mortos";"feridos_leves";"feridos_graves";"ilesos";"ignorados";"feridos";"veiculos";"latitude";"longitude";"regional";"delegacia";"uop"
370045;2021-07-11;"domingo";"23:10:00";"MG";381;479;"CONTAGEM";"Reação tardia ou ineficiente do condutor";"Colisão com objeto";"Com Vítimas Feridas";"Plena Noite";"Crescente";"Céu Claro";"Múltipla";"Aclive;Reta";"Sim";2;0;1;0;1;0;1;1;-19,95889605;-44,069202;"SPRF-MG";"DEL01-MG";"UOP03-DEL01-MG"
370047;2021-07-11;"domingo";"17:20:00";"RS";116;56,3;"VACARIA";"Frear bruscamente";"Saída de leito carroçável";"Com Vítimas Feridas";"Plena Noite";"Crescente";"Céu Claro";"Simples";"Curva";"Não";1;0;1;0;0;0;1;1;-28,60961593;-51,04158739;"SPRF-RS";"DEL05-RS";"UOP03-DEL05-RS"
370050;2021-07-11;"domingo";"21:55:00";"MS";163;257,4;"DOURADOS";"Ausência de reação do condutor";"Colisão traseira";"Com Vítimas Fatais";"Plena Noite";"Crescente";"Céu Claro";"Dupla";"Reta";"Não";3;1;0;0;1;1;0;3;-22,25888398;-54,793819;"SPRF-MS";"DEL04-MS";"UOP01-DEL04-MS"
370052;2021-07-11;"domingo";"23:30:00";"RS";116;590,8;"ARROIO GRANDE";"Acostamento em desnível";"Saída de leito carroçável";"Com Vítimas Feridas";"Plena Noite";"Decrescente";"Céu Claro";"Simples";"Reta";"Não";2;0;2;0;0;0;2;1;-32,10193994;-52,91531805;"SPRF-RS";"DEL07-RS";"UOP03-DEL07-RS"
370053;2021-07-11;"domingo";"23:15:00";"SC";480;130,9;"CHAPECO";"Velocidade Incompatível";"Colisão com objeto";"Com Vítimas Feridas";"Plena Noite";"Decrescente";"Céu Claro";"Dupla";"Reta";"Não";1;0;0;1;0;0;1;1;-27,05534298;-52,63652069;"SPRF-SC";"DEL07-SC";"UOP01-DEL07-SC"
370055;2021-07-11;"domingo";"23:10:00";"MS";163;457,6;"CAMPO GRANDE";"Transitar no acostamento";"Atropelamento de Pedestre";"Com Vítimas Feridas";"Plena Noite";"Crescente";"Céu Claro";"Simples";"Reta";"Não";2;0;0;1;0;1;1;2;-20,66403994;-54,5606768;"SPRF-MS";"DEL01-MS";"UOP01-DEL01-MS"
370056;2021-07-11;"domingo";"21:30:00";"SC";282;580,4;"PINHALZINHO";"Condutor usando celular";"Colisão frontal";"Com Vítimas Fatais";"Plena Noite";"Crescente";"Céu Claro";"Simples";"Reta";"Sim";3;1;2;0;0;0;2;2;-26,835557;-52,990347;"SPRF-SC";"DEL07-SC";"UOP02-DEL07-SC"
370057;2021-07-11;"domingo";"23:30:00";"SC";101;108,7;"PENHA";"Ingestão de álcool pelo condutor";"Saída de leito carroçável";"Com Vítimas Feridas";"Plena Noite";"Crescente";"Céu Claro";"Dupla";"Curva";"Não";1;0;1;0;0;0;1;1;-26,82606902;-48,69052298;"SPRF-SC";"DEL03-SC";"UOP02-DEL03-SC"
370058;2021-07-11;"domingo";"21:30:00";"AL";101;8,3;"NOVO LINO";"Transitar na contramão";"Colisão frontal";"Com Vítimas Fatais";"Plena Noite";"Crescente";"Chuva";"Dupla";"Curva";"Sim";2;1;0;0;1;0;0;2;-8,93716299;-35,65428449;"SPRF-AL";"DEL01-AL";"UOP02-DEL01-AL"
370059;2021-07-11;"domingo";"23:00:00";"RO";364;711;"PORTO VELHO";"Ingestão de álcool pelo condutor";"Colisão traseira";"Com Vítimas Feridas";"Plena Noite";"Decrescente";"Céu Claro";"Dupla";"Rotatória";"Sim";2;0;1;0;1;0;1;2;-8,78153947;-63,86531369;"SPRF-RO";"DEL01-RO";"UOP01-DEL01-RO"
370060;2021-07-12;"segunda-feira";"00:10:00";"RJ";393;159;"TRES RIOS";"Condutor Dormindo";"Colisão com objeto";"Sem Vítimas";"Plena Noite";"Decrescente";"Céu Claro";"Simples";"Reta";"Não";1;0;0;0;1;0;0;1;-22,10721816;-43,08162195;"SPRF-RJ";"DEL05-RJ";"UOP01-DEL05-RJ"
370062;2021-07-11;"domingo";"21:20:00";"PI";343;597,8;"FLORIANO";"Ingestão de álcool pelo condutor";"Saída de leito carroçável";"Com Vítimas Fatais";"Plena Noite";"Decrescente";"Céu Claro";"Simples";"Curva";"Não";4;1;1;2;0;0;3;1;-6,812184;-43,056244;"SPRF-PI";"DEL03-PI";"UOP01-DEL03-PI"
370063;2021-07-12;"segunda-feira";"00:30:00";"RJ";116;306;"RESENDE";"Ingestão de álcool pelo condutor";"Colisão traseira";"Sem Vítimas";"Plena Noite";"Crescente";"Céu Claro";"Dupla";"Reta";"Não";2;0;0;0;2;0;0;2;-22,46053292;-44,45308685;"SPRF-RJ";"DEL07-RJ";"UOP02-DEL07-RJ"
370064;2021-07-12;"segunda-feira";"00:00:00";"BA";367;35,5;"PORTO SEGURO";"Ultrapassagem Indevida";"Colisão frontal";"Com Vítimas Feridas";"Plena Noite";"Decrescente";"Nevoeiro/Neblina";"Simples";"Reta";"Sim";3;0;2;0;0;1;2;2;-16,40866306;-39,16994905;"SPRF-BA";"DEL09-BA";"UOP01-DEL09-BA"
370065;2021-07-12;"segunda-feira";"00:00:00";"AC";317;70;"RIO BRANCO";"Velocidade Incompatível";"Saída de leito carroçável";"Com Vítimas Feridas";"Plena Noite";"Crescente";"Céu Claro";"Simples";"Reta";"Não";2;0;1;1;0;0;2;1;-10,0675295;-67,57864082;"SPRF-AC";"DEL01-AC";"UOP01-DEL01-AC"
370066;2021-07-12;"segunda-feira";"01:50:00";"SC";101;41,1;"JOINVILLE";"Ingestão de álcool pelo condutor";"Colisão traseira";"Sem Vítimas";"Plena Noite";"Crescente";"Céu Claro";"Dupla";"Interseção de Vias";"Sim";5;0;0;0;5;0;0;2;-26,31871495;-48,87169898;"SPRF-SC";"DEL03-SC";"UOP01-DEL03-SC"
370067;2021-07-12;"segunda-feira";"01:15:00";"SC";280;8;"SAO FRANCISCO DO SUL";"Ingestão de álcool pelo condutor";"Capotamento";"Com Vítimas Feridas";"Plena Noite";"Decrescente";"Nublado";"Simples";"Curva";"Não";1;0;1;0;0;0;1;1;-26,27887292;-48,64668626;"SPRF-SC";"DEL03-SC";"UOP03-DEL03-SC"
370070;2021-07-11;"domingo";"03:10:00";"RJ";465;5;"SEROPEDICA";"Ausência de reação do condutor";"Capotamento";"Com Vítimas Feridas";"Plena Noite";"Crescente";"Céu Claro";"Dupla";"Reta";"Não";2;0;1;0;0;1;1;2;-22,747673;-43,699196;"SPRF-RJ";"DEL01-RJ";"UOP03-DEL01-RJ"
370075;2021-07-12;"segunda-feira";"04:50:00";"SC";470;54,4;"BLUMENAU";"Desrespeitar a preferência no cruzamento";"Colisão transversal";"Com Vítimas Feridas";"Plena Noite";"Crescente";"Céu Claro";"Simples";"Reta;Interseção de Vias";"Sim";2;0;1;0;1;0;1;2;-26,87318943;-49,11418421;"SPRF-SC";"DEL04-SC";"UOP01-DEL04-SC"
370076;2021-07-12;"segunda-feira";"05:00:00";"PR";376;544;"PALMEIRA";"Condutor Dormindo";"Capotamento";"Sem Vítimas";"Plena Noite";"Crescente";"Céu Claro";"Dupla";"Reta";"Sim";1;0;0;0;0;1;0;1;-25,44000098;-49,74991895;"SPRF-PR";"DEL01-PR";"UOP03-DEL03-PR"
370077;2021-07-12;"segunda-feira";"05:50:00";"PR";277;652,9;"MATELANDIA";"Condutor deixou de manter distância do veículo da frente";"Colisão traseira";"Com Vítimas Feridas";"Amanhecer";"Decrescente";"Céu Claro";"Simples";"Reta";"Não";3;0;1;0;2;0;1;2;-25,213775;-53,951377;"SPRF-PR";"DEL05-PR";"UOP02-DEL05-PR"
370079;2021-07-12;"segunda-feira";"06:25:00";"RN";101;83,7;"NATAL";"Área urbana sem a presença de local apropriado para a travessia de pedestres";"Atropelamento de Pedestre";"Com Vítimas Feridas";"Pleno dia";"Crescente";"Nevoeiro/Neblina";"Múltipla";"Reta";"Sim";3;0;3;0;0;0;3;2;-5,7710445;-35,26616981;"SPRF-RN";"DEL02-RN";"UOP01-DEL02-RN"
370082;2021-07-12;"segunda-feira";"06:00:00";"MG";381;366;"JOAO MONLEVADE";"Ingestão de álcool pelo condutor";"Colisão transversal";"Com Vítimas Feridas";"Amanhecer";"Crescente";"Céu Claro";"Simples";"Interseção de Vias";"Não";3;0;1;0;2;0;1;2;-19,85100858;-43,21643829;"SPRF-MG";"DEL03-MG";"UOP01-DEL03-MG"
370083;2021-07-12;"segunda-feira";"02:30:00";"MS";163;656;"RIO VERDE DE MATO GROSSO";"Ingestão de álcool pelo condutor";"Saída de leito carroçável";"Sem Vítimas";"Plena Noite";"Crescente";"Céu Claro";"Simples";"Reta";"Não";1;0;0;0;1;0;0;1;-19,10980596;-54,76245493;"SPRF-MS";"DEL06-MS";"UOP02-DEL06-MS"
370084;2021-07-12;"segunda-feira";"06:15:00";"GO";70;1;"AGUAS LINDAS DE GOIAS";"Manobra de mudança de faixa";"Colisão lateral mesmo sentido";"Com Vítimas Feridas";"Amanhecer";"Decrescente";"Céu Claro";"Dupla";"Reta";"Não";2;0;1;0;1;0;1;2;-15,77579351;-48,23259001;"SPRF-DF";"DEL03-DF";"UOP02-DEL03-DF"
370085;2021-07-12;"segunda-feira";"06:15:00";"BA";116;817,9;"VITORIA DA CONQUISTA";"Acessar a via sem observar a presença dos outros veículos";"Colisão transversal";"Com Vítimas Feridas";"Pleno dia";"Decrescente";"Céu Claro";"Simples";"Interseção de Vias";"Não";2;0;0;1;1;0;1;2;-14,78186283;-40,73870709;"SPRF-BA";"DEL08-BA";"UOP01-DEL08-BA"
370086;2021-07-12;"segunda-feira";"06:25:00";"MG";50;61;"UBERLANDIA";"Ausência de reação do condutor";"Saída de leito carroçável";"Com Vítimas Feridas";"Amanhecer";"Decrescente";"Céu Claro";"Dupla";"Curva;Declive;Em Obras";"Não";1;0;1;0;0;0;1;1;-18,81539893;-48,24988246;"SPRF-MG";"DEL15-MG";"UOP02-DEL15-MG"
370088;2021-07-12;"segunda-feira";"03:45:00";"RS";392;23;"RIO GRANDE";"Demais falhas na via";"Saída de leito carroçável";"Com Vítimas Feridas";"Plena Noite";"Crescente";"Céu Claro";"Dupla";"Reta";"Não";2;0;2;0;0;0;2;1;-32,08800222;-52,22782002;"SPRF-RS";"DEL07-RS";"UOP02-DEL07-RS"
370092;2021-07-12;"segunda-feira";"07:10:00";"BA";116;8;"VITORIA DA CONQUISTA";"Condutor deixou de manter distância do veículo da frente";"Colisão traseira";"Com Vítimas Feridas";"Pleno dia";"Crescente";"Sol";"Simples";"Interseção de Vias";"Sim";2;0;1;0;1;0;1;2;-14,8452409;-40,88884487;"SPRF-BA";"DEL08-BA";"UOP01-DEL08-BA"
370093;2021-07-11;"domingo";"15:10:00";"SC";101;124;"ITAJAI";"Condutor deixou de manter distância do veículo da frente";"Tombamento";"Com Vítimas Feridas";"Pleno dia";"Crescente";"Céu Claro";"Múltipla";"Reta";"Sim";1;0;1;0;0;0;1;1;-26,94335064;-48,69198648;"SPRF-SC";"DEL04-SC";"UOP04-DEL04-SC"
370094;2021-07-12;"segunda-feira";"06:40:00";"RJ";101;534;"ANGRA DOS REIS";"Ausência de reação do condutor";"Colisão lateral mesmo sentido";"Com Vítimas Feridas";"Amanhecer";"Crescente";"Nublado";"Simples";"Reta";"Sim";2;0;1;0;1;0;1;2;-23,02980854;-44,54399522;"SPRF-RJ";"DEL03-RJ";"UOP02-DEL03-RJ"
370096;2021-07-12;"segunda-feira";"06:40:00";"SE";235;4;"NOSSA SENHORA DO SOCORRO";"Condutor deixou de manter distância do veículo da frente";"Engavetamento";"Sem Vítimas";"Pleno dia";"Crescente";"Nublado";"Dupla";"Reta";"Não";4;0;0;0;4;0;0;4;-10,9064;-37,1197;"SPRF-SE";"DEL01-SE";"UOP01-DEL01-SE"
370098;2021-07-11;"domingo";"21:40:00";"BA";101;377;"IBIRAPITANGA";"Falta de elemento de contenção que evite a saída do leito carroçável";"Capotamento";"Com Vítimas Feridas";"Plena Noite";"Crescente";"Céu Claro";"Simples";"Curva";"Não";1;0;0;1;0;0;1;1;-13,96449515;-39,47803932;"SPRF-BA";"DEL05-BA";"UOP03-DEL05-BA"
370102;2021-07-12;"segunda-feira";"07:00:00";"SC";282;4;"SAO JOSE";"Condutor deixou de manter distância do veículo da frente";"Colisão traseira";"Com Vítimas Feridas";"Pleno dia";"Crescente";"Sol";"Múltipla";"Curva";"Sim";3;0;2;0;1;0;2;2;-27,59319635;-48,6030972;"SPRF-SC";"DEL01-SC";"UOP01-DEL01-SC"
370103;2021-07-11;"domingo";"23:50:00";"SP";116;497;"CAJATI";"Reação tardia ou ineficiente do condutor";"Colisão traseira";"Sem Vítimas";"Plena Noite";"Decrescente";"Céu Claro";"Dupla";"Reta";"Não";2;0;0;0;2;0;0;2;-24,76728682;-48,16859721;"SPRF-SP";"DEL05-SP";"UOP01-DEL05-SP"
370107;2021-07-12;"segunda-feira";"06:50:00";"DF";20;6,3;"BRASILIA";"Avarias e/ou desgaste excessivo no pneu";"Queda de ocupante de veículo";"Com Vítimas Feridas";"Pleno dia";"Decrescente";"Céu Claro";"Dupla";"Declive";"Sim";1;0;1;0;0;0;1;1;-15,665888;-47,808308;"SPRF-DF";"DEL02-DF";"UOP01-DEL02-DF"
370109;2021-07-12;"segunda-feira";"07:50:00";"RS";116;237;"NOVO HAMBURGO";"Reação tardia ou ineficiente do condutor";"Colisão traseira";"Com Vítimas Feridas";"Pleno dia";"Crescente";"Nevoeiro/Neblina";"Dupla";"Reta";"Sim";2;0;1;0;1;0;1;2;-29,6822;-51,1422;"SPRF-RS";"DEL01-RS";"UOP02-DEL01-RS"
370111;2021-07-12;"segunda-feira";"07:30:00";"RJ";116;140;"DUQUE DE CAXIAS";"Manobra de mudança de faixa";"Colisão lateral mesmo sentido";"Com Vítimas Feridas";"Pleno dia";"Decrescente";"Sol";"Dupla";"Reta";"Não";3;0;1;0;1;1;1;3;-22,6466198;-43,21112001;"SPRF-RJ";"DEL01-RJ";"UOP01-DEL01-RJ"
370112;2021-07-12;"segunda-feira";"05:30:00";"MG";262;448,3;"NOVA SERRANA";"Objeto estático sobre o leito carroçável";"Eventos atípicos";"Com Vítimas Feridas";"Amanhecer";"Crescente";"Céu Claro";"Simples";"Reta";"Não";1;0;0;1;0;0;1;1;-19,87174184;-44,96984197;"SPRF-MG";"DEL08-MG";"UOP03-DEL08-MG"
370113;2021-07-12;"segunda-feira";"07:55:00";"RJ";116;165;"RIO DE JANEIRO";"Manobra de mudança de faixa";"Colisão lateral mesmo sentido";"Com Vítimas Feridas";"Pleno dia";"Decrescente";"Céu Claro";"Múltipla";"Reta";"Sim";2;0;1;0;1;0;1;2;-22,81024615;-43,33522797;"SPRF-RJ";"DEL01-RJ";"UOP01-DEL01-RJ"
370114;2021-07-11;"domingo";"07:30:00";"MG";40;745,9;"SANTOS DUMONT";"Velocidade Incompatível";"Saída de leito carroçável";"Com Vítimas Feridas";"Pleno dia";"Decrescente";"Céu Claro";"Simples";"Curva";"Sim";2;0;1;0;1;0;1;1;-21,42474901;-43,55706568;"SPRF-MG";"DEL05-MG";"UOP01-DEL05-MG"
370116;2021-07-12;"segunda-feira";"07:50:00";"PR";277;647,4;"CEU AZUL";"Ausência de reação do condutor";"Colisão traseira";"Com Vítimas Feridas";"Pleno dia";"Decrescente";"Céu Claro";"Simples";"Reta";"Não";3;0;1;0;1;1;1;3;-25,17489911;-53,91380604;"SPRF-PR";"DEL05-PR";"UOP02-DEL05-PR"
370118;2021-07-12;"segunda-feira";"08:15:00";"SP";116;227,9;"SAO PAULO";"Manobra de mudança de faixa";"Colisão traseira";"Com Vítimas Feridas";"Pleno dia";"Crescente";"Sol";"Múltipla";"Reta";"Sim";2;0;1;0;1;0;1;2;-23,49659264;-46,55648754;"SPRF-SP";"DEL01-SP";"UOP01-DEL01-SP"
370119;2021-07-12;"segunda-feira";"07:20:00";"PA";316;26;"BENEVIDES";"Pista esburacada";"Tombamento";"Com Vítimas Feridas";"Pleno dia";"Decrescente";"Céu Claro";"Dupla";"Reta";"Sim";2;0;1;1;0;0;2;1;-1,3252697;-48,232117;"SPRF-PA";"DEL01-PA";"UOP01-DEL01-PA"
370122;2021-07-12;"segunda-feira";"08:35:00";"SP";116;271;"TABOAO DA SERRA";"Manobra de mudança de faixa";"Colisão lateral mesmo sentido";"Com Vítimas Feridas";"Pleno dia";"Decrescente";"Sol";"Dupla";"Reta";"Sim";2;0;1;0;1;0;1;2;-23,61809286;-46,80556302;"SPRF-SP";"DEL04-SP";"UOP01-DEL04-SP"
370123;2021-07-12;"segunda-feira";"08:00:00";"PB";230;26;"JOAO PESSOA";"Reação tardia ou ineficiente do condutor";"Colisão traseira";"Sem Vítimas";"Pleno dia";"Crescente";"Chuva";"Múltipla";"Reta";"Não";3;0;0;0;3;0;0;2;-7,1693;-34,8782;"SPRF-PB";"DEL01-PB";"UOP01-DEL01-PB"
370124;2021-07-11;"domingo";"22:50:00";"RO";364;737;"PORTO VELHO";"Demais falhas mecânicas ou elétricas";"Atropelamento de Pedestre";"Sem Vítimas";"Plena Noite";"Crescente";"Céu Claro";"Simples";"Reta";"Não";1;0;0;0;1;0;0;1;-8,95281996;-63,98464807;"SPRF-RO";"DEL01-RO";"UOP02-DEL01-RO"
370127;2021-07-12;"segunda-feira";"08:25:00";"DF";60;0;"BRASILIA";"Reação tardia ou ineficiente do condutor";"Colisão traseira";"Com Vítimas Feridas";"Pleno dia";"Decrescente";"Céu Claro";"Múltipla";"Reta";"Sim";2;0;1;0;1;0;1;2;-15,882499;-48,060212;"SPRF-DF";"DEL03-DF";"UOP01-DEL03-DF"
370128;2021-07-12;"segunda-feira";"08:40:00";"RS";116;2;"PORTO ALEGRE";"Manobra de mudança de faixa";"Colisão lateral mesmo sentido";"Com Vítimas Feridas";"Pleno dia";"Crescente";"Céu Claro";"Dupla";"Curva";"Sim";3;0;1;1;1;0;2;2;-29,9873956;-51,1818899;"SPRF-RS";"DEL01-RS";"UOP01-DEL01-RS"
370130;2021-07-12;"segunda-feira";"08:15:00";"MG";40;509;"RIBEIRAO DAS NEVES";"Avarias e/ou desgaste excessivo no pneu";"Tombamento";"Com Vítimas Feridas";"Pleno dia";"Crescente";"Céu Claro";"Dupla";"Reta";"Sim";1;0;1;0;0;0;1;1;-19,76728744;-44,12855905;"SPRF-MG";"DEL01-MG";"UOP02-DEL01-MG"
370131;2021-07-12;"segunda-feira";"09:00:00";"PB";101;79;"SANTA RITA";"Velocidade Incompatível";"Saída de leito carroçável";"Com Vítimas Feridas";"Pleno dia";"Crescente";"Nublado";"Dupla";"Curva";"Sim";2;0;2;0;0;0;2;1;-7,1147526;-34,95793891;"SPRF-PB";"DEL01-PB";"UOP04-DEL01-PB"
370132;2021-07-12;"segunda-feira";"08:00:00";"MT";163;834;"SINOP";"Condutor deixou de manter distância do veículo da frente";"Colisão traseira";"Com Vítimas Feridas";"Pleno dia";"Decrescente";"Céu Claro";"Dupla";"Rotatória";"Sim";2;0;1;0;1;0;1;2;-11,865884;-55,496333;"SPRF-MT";"DEL06-MT";"UOP01-DEL06-MT"
370134;2021-07-12;"segunda-feira";"08:30:00";"SP";381;61;"MAIRIPORA";"Demais falhas mecânicas ou elétricas";"Incêndio";"Sem Vítimas";"Pleno dia";"Crescente";"Céu Claro";"Dupla";"Reta";"Não";1;0;0;0;1;0;0;1;-23,29011611;-46,5800681;"SPRF-SP";"DEL03-SP";"UOP01-DEL03-SP"
370135;2021-07-12;"segunda-feira";"06:00:00";"BA";242;861;"BARREIRAS";"Acesso irregular";"Colisão transversal";"Com Vítimas Feridas";"Amanhecer";"Crescente";"Céu Claro";"Simples";"Reta";"Não";5;0;2;1;2;0;3;2;-12,064778;-45,585049;"SPRF-BA";"DEL10-BA";"UOP01-DEL10-BA"
370136;2021-07-12;"segunda-feira";"05:40:00";"ES";262;28,8;"VIANA";"Velocidade Incompatível";"Saída de leito carroçável";"Com Vítimas Feridas";"Plena Noite";"Crescente";"Céu Claro";"Simples";"Declive;Curva";"Não";1;0;1;0;0;0;1;1;-20,37806128;-40,56032181;"SPRF-ES";"DEL01-ES";"UOP01-DEL01-ES"
370137;2021-07-12;"segunda-feira";"07:30:00";"SC";163;100,7;"SAO JOSE DO CEDRO";"Condutor deixou de manter distância do veículo da frente";"Colisão traseira";"Com Vítimas Feridas";"Pleno dia";"Crescente";"Céu Claro";"Simples";"Reta;Declive";"Não";3;0;1;1;1;0;2;2;-26,4799462;-53,50571394;"SPRF-SC";"DEL07-SC";"UOP03-DEL07-SC"
370138;2021-07-12;"segunda-feira";"08:35:00";"RS";386;367,5;"FAZENDA VILANOVA";"Reação tardia ou ineficiente do condutor";"Colisão transversal";"Com Vítimas Feridas";"Pleno dia";"Crescente";"Céu Claro";"Dupla";"Retorno Regulamentado";"Não";4;0;1;0;3;0;1;2;-29,58145353;-51,84055567;"SPRF-RS";"DEL04-RS";"UOP02-DEL04-RS"
370139;2021-07-12;"segunda-feira";"09:20:00";"PE";232;6;"RECIFE";"Condutor deixou de manter distância do veículo da frente";"Engavetamento";"Sem Vítimas";"Pleno dia";"Decrescente";"Céu Claro";"Dupla";"Reta";"Sim";4;0;0;0;4;0;0;4;-8,07079525;-34,9535389;"SPRF-PE";"DEL01-PE";"UOP01-DEL01-PE"
370141;2021-07-05;"segunda-feira";"01:00:00";"SC";280;238,1;"CANOINHAS";"Ingestão de álcool ou de substâncias psicoativas pelo pedestre";"Saída de leito carroçável";"Sem Vítimas";"Plena Noite";"Crescente";"Nevoeiro/Neblina";"Simples";"Reta";"Não";1;0;0;0;1;0;0;1;-26,20536399;-50,438846;"SPRF-SC";"DEL06-SC";"UOP04-DEL06-SC"
370142;2021-07-12;"segunda-feira";"08:55:00";"RN";101;123,9;"SAO JOSE DE MIPIBU";"Reação tardia ou ineficiente do condutor";"Colisão traseira";"Com Vítimas Feridas";"Pleno dia";"Decrescente";"Nublado";"Múltipla";"Reta";"Sim";3;0;1;0;2;0;1;2;-6,06166101;-35,24094602;"SPRF-RN";"DEL01-RN";"UOP01-DEL01-RN"
370143;2021-06-29;"terça-feira";"20:45:00";"MS";60;543,2;"NIOAQUE";"Animais na Pista";"Atropelamento de Animal";"Com Vítimas Feridas";"Plena Noite";"Decrescente";"Céu Claro";"Simples";"Reta";"Não";1;0;1;0;0;0;1;1;-21,15678104;-55,84975897;"SPRF-MS";"DEL05-MS";"UOP01-DEL05-MS"
370144;2021-07-12;"segunda-feira";"10:00:00";"PR";116;112,4;"CURITIBA";"Demais falhas mecânicas ou elétricas";"Colisão traseira";"Com Vítimas Feridas";"Pleno dia";"Decrescente";"Sol";"Dupla";"Reta";"Sim";2;0;0;1;1;0;1;2;-25,55141255;-49,27972826;"SPRF-PR";"DEL01-PR";"UOP01-DEL01-PR"
370145;2021-05-29;"sábado";"15:10:00";"RS";392;703,1;"PORTO XAVIER";"Velocidade Incompatível";"Saída de leito carroçável";"Com Vítimas Feridas";"Pleno dia";"Crescente";"Sol";"Simples";"Curva";"Não";3;0;0;1;0;2;1;2;-28,005598;-55,120261;"SPRF-RS";"DEL10-RS";"UOP01-DEL10-RS"
370146;2021-07-12;"segunda-feira";"11:10:00";"PE";101;70,5;"RECIFE";"Acessar a via sem observar a presença dos outros veículos";"Colisão lateral mesmo sentido";"Sem Vítimas";"Pleno dia";"Decrescente";"Céu Claro";"Dupla";"Reta";"Não";2;0;0;0;2;0;0;2;-8,06776119;-34,94265074;"SPRF-PE";"DEL01-PE";"UOP01-DEL01-PE"
370148;2021-07-12;"segunda-feira";"09:00:00";"RJ";40;48;"PETROPOLIS";"Ausência de reação do condutor";"Colisão com objeto";"Com Vítimas Feridas";"Pleno dia";"Decrescente";"Sol";"Dupla";"Curva";"Não";3;0;2;0;1;0;2;1;-22,30481122;-43,13048255;"SPRF-RJ";"DEL05-RJ";"UOP02-DEL05-RJ"
370149;2021-07-12;"segunda-feira";"10:55:00";"RJ";101;57;"CAMPOS DOS GOYTACAZES";"Acessar a via sem observar a presença dos outros veículos";"Colisão lateral mesmo sentido";"Com Vítimas Feridas";"Pleno dia";"Crescente";"Céu Claro";"Simples";"Reta";"Não";2;0;1;0;1;0;1;2;-21,701055;-41,309399;"SPRF-RJ";"DEL08-RJ";"UOP01-DEL08-RJ"
370150;2021-07-12;"segunda-feira";"11:15:00";"RS";290;721;"URUGUAIANA";"Avarias e/ou desgaste excessivo no pneu";"Tombamento";"Com Vítimas Feridas";"Pleno dia";"Decrescente";"Céu Claro";"Simples";"Retorno Regulamentado";"Sim";1;0;1;0;0;0;1;1;-29,760193;-57,059754;"SPRF-RS";"DEL13-RS";"UOP01-DEL13-RS"
370151;2021-07-12;"segunda-feira";"09:10:00";"PI";343;596;"FLORIANO";"Condutor deixou de manter distância do veículo da frente";"Colisão traseira";"Com Vítimas Feridas";"Pleno dia";"Crescente";"Céu Claro";"Simples";"Reta";"Sim";2;0;1;0;1;0;1;2;-6,805063;-43,0508;"SPRF-PI";"DEL03-PI";"UOP01-DEL03-PI"
370154;2021-07-12;"segunda-feira";"10:20:00";"MT";364;221;"RONDONOPOLIS";"Condutor Dormindo";"Queda de ocupante de veículo";"Com Vítimas Feridas";"Pleno dia";"Decrescente";"Céu Claro";"Dupla";"Declive";"Não";1;0;1;0;0;0;1;1;-16,34067812;-54,74489333;"SPRF-MT";"DEL02-MT";"UOP01-DEL02-MT"
370156;2021-07-12;"segunda-feira";"09:50:00";"SC";101;138;"BALNEARIO CAMBORIU";"Condutor deixou de manter distância do veículo da frente";"Colisão traseira";"Sem Vítimas";"Pleno dia";"Decrescente";"Céu Claro";"Dupla";"Reta";"Sim";2;0;0;0;2;0;0;2;-27,02397426;-48,60761649;"SPRF-SC";"DEL04-SC";"UOP03-DEL04-SC"
370160;2021-07-12;"segunda-feira";"01:00:00";"PE";424;90,4;"GARANHUNS";"Pedestre andava na pista";"Atropelamento de Pedestre";"Com Vítimas Fatais";"Plena Noite";"Crescente";"Nublado";"Simples";"Reta";"Sim";2;1;0;0;0;1;0;2;-8,90586845;-36,49859905;"SPRF-PE";"DEL03-PE";"UOP01-DEL03-PE"
370161;2021-07-12;"segunda-feira";"11:10:00";"PR";376;591;"CURITIBA";"Velocidade Incompatível";"Capotamento";"Com Vítimas Feridas";"Pleno dia";"Decrescente";"Céu Claro";"Dupla";"Reta";"Sim";1;0;1;0;0;0;1;1;-25,46628;-49,356384;"SPRF-PR";"DEL01-PR";"UOP01-DEL01-PR"
370162;2021-07-12;"segunda-feira";"03:00:00";"AM";230;631;"HUMAITA";"Reação tardia ou ineficiente do condutor";"Incêndio";"Sem Vítimas";"Plena Noite";"Crescente";"Céu Claro";"Simples";"Reta";"Não";1;0;0;0;0;1;0;1;-7,593597;-63,175491;"SPRF-AM";"DEL01-AM";"UOP05-DEL01-AM"
370163;2021-07-12;"segunda-feira";"11:18:00";"CE";222;312;"TIANGUA";"Acessar a via sem observar a presença dos outros veículos";"Colisão transversal";"Com Vítimas Feridas";"Pleno dia";"Crescente";"Céu Claro";"Simples";"Reta";"Sim";3;0;1;1;0;1;2;3;-3,72675572;-40,99835873;"SPRF-CE";"DEL04-CE";"UOP02-DEL04-CE"