"id";"data_inversa";"dia_semana";"horario";"uf";"br";"km";"municipio";"causa_acidente";"tipo_acidente";"classificacao_acidente";"fase_dia";"sentido_via";"condicao_metereologica";"tipo_pista";"tracado_via";"uso_solo";"pessoas";"mortos";"feridos_leves";"feridos_graves";"ilesos";"ignorados";"feridos";"veiculos";"latitude";"longitude";"regional";"delegacia";"uop"
370425;2021-07-13;"terça-feira";"18:55:00";"DF";70;7;"BRASILIA";"Manobra de mudança de faixa";"Colisão lateral mesmo sentido";"Com Vítimas Feridas";"Plena Noite";"Crescente";"Céu Claro";"Dupla";"Reta";"Sim";2;0;1;0;1;0;1;2;-15,787601;-48,114429;"SPRF-DF";"DEL03-DF";"UOP02-DEL03-DF"
370426;2021-07-13;"terça-feira";"18:45:00";"MG";40;597,9;"OURO PRETO";"Conversão proibida";"Colisão transversal";"Com Vítimas Feridas";"Plena Noite";"Crescente";"Céu Claro";"Simples";"Curva;Declive";"Não";2;0;0;1;1;0;1;2;-20,41730221;-43,88841571;"SPRF-MG";"DEL05-MG";"UOP02-DEL05-MG"
370427;2021-07-13;"terça-feira";"18:30:00";"RS";290;97,1;"PORTO ALEGRE";"Transitar na contramão";"Colisão frontal";"Com Vítimas Fatais";"Plena Noite";"Decrescente";"Céu Claro";"Dupla";"Reta";"Não";2;1;0;0;1;0;0;2;-29,997789;-51,20779;"SPRF-RS";"DEL01-RS";"UOP01-DEL01-RS"
370431;2021-07-13;"terça-feira";"19:20:00";"CE";20;407;"MARACANAU";"Pedestre cruzava a pista fora da faixa";"Atropelamento de Pedestre";"Com Vítimas Feridas";"Plena Noite";"Crescente";"Céu Claro";"Dupla";"Reta";"Sim";2;0;1;0;1;0;1;2;-3,76999035;-38,67006282;"SPRF-CE";"DEL01-CE";"UOP01-DEL01-CE"
370432;2021-07-13;"terça-feira";"19:10:00";"RJ";101;455;"MANGARATIBA";"Desrespeitar a preferência no cruzamento";"Colisão transversal";"Com Vítimas Feridas";"Plena Noite";"Crescente";"Céu Claro";"Dupla";"Reta";"Sim";3;0;0;2;1;0;2;2;-23,03109838;-44,16419333;"SPRF-RJ";"DEL03-RJ";"UOP03-DEL03-RJ"
370433;2021-07-13;"terça-feira";"19:15:00";"PR";277;69;"SAO JOSE DOS PINHAIS";"Transitar na contramão";"Colisão frontal";"Com Vítimas Feridas";"Plena Noite";"Decrescente";"Nublado";"Dupla";"Reta";"Não";2;0;2;0;0;0;2;2;-25,53715243;-49,07076619;"SPRF-PR";"DEL01-PR";"UOP01-DEL01-PR"
370434;2021-07-13;"terça-feira";"19:00:00";"PB";230;22;"JOAO PESSOA";"Ausência de reação do condutor";"Engavetamento";"Com Vítimas Feridas";"Plena Noite";"Crescente";"Céu Claro";"Dupla";"Reta";"Sim";4;0;1;0;3;0;1;4;-7,15324673;-34,85493891;"SPRF-PB";"DEL01-PB";"UOP01-DEL01-PB"
370437;2021-07-13;"terça-feira";"19:05:00";"AP";210;2;"MACAPA";"Condutor deixou de manter distância do veículo da frente";"Colisão traseira";"Com Vítimas Feridas";"Plena Noite";"Decrescente";"Chuva";"Dupla";"Reta";"Sim";2;0;1;0;1;0;1;1;0,08282017;-51,07776189;"SPRF-AP";"DEL01-AP";"UOP01-DEL01-AP"
370440;2021-07-13;"terça-feira";"18:09:00";"PI";316;313;"PICOS";"Acessar a via sem observar a presença dos outros veículos";"Colisão transversal";"Com Vítimas Feridas";"Plena Noite";"Decrescente";"Céu Claro";"Simples";"Reta";"Sim";2;0;1;0;0;1;1;2;-7,07959049;-41,44975182;"SPRF-PI";"DEL04-PI";"UOP01-DEL04-PI"
370441;2021-06-11;"sexta-feira";"19:35:00";"SC";280;52,3;"GUARAMIRIM";"Acessar a via sem observar a presença dos outros veículos";"Colisão transversal";"Com Vítimas Feridas";"Plena Noite";"Decrescente";"Céu Claro";"Simples";"Em Obras";"Sim";2;0;0;1;0;1;1;2;-26,468904;-48,96492;"SPRF-SC";"DEL03-SC";"UOP03-DEL03-SC"
370442;2021-07-13;"terça-feira";"19:50:00";"PB";101;97,6;"ALHANDRA";"Pedestre andava na pista";"Atropelamento de Pedestre";"Com Vítimas Fatais";"Plena Noite";"Crescente";"Céu Claro";"Dupla";"Reta";"Sim";4;1;0;0;0;3;0;2;-7,244577;-34,930171;"SPRF-PB";"DEL01-PB";"UOP02-DEL01-PB"
370444;2021-07-13;"terça-feira";"19:45:00";"PR";369;495,2;"CORBELIA";"Acessar a via sem observar a presença dos outros veículos";"Colisão transversal";"Com Vítimas Feridas";"Plena Noite";"Crescente";"Nublado";"Simples";"Reta";"Não";3;0;1;0;2;0;1;2;-24,747;-53,2762;"SPRF-PR";"DEL04-PR";"UOP03-DEL04-PR"
370445;2021-07-13;"terça-feira";"17:00:00";"CE";222;279,4;"FRECHEIRINHA";"Acessar a via sem observar a presença dos outros veículos";"Colisão transversal";"Com Vítimas Feridas";"Anoitecer";"Crescente";"Céu Claro";"Simples";"Reta";"Sim";3;0;1;0;2;0;1;2;-3,75179705;-40,81365108;"SPRF-CE";"DEL04-CE";"UOP02-DEL04-CE"
370446;2021-07-13;"terça-feira";"18:30:00";"SC";101;430,9;"SOMBRIO";"Manobra de mudança de faixa";"Colisão transversal";"Com Vítimas Feridas";"Anoitecer";"Crescente";"Nublado";"Múltipla";"Reta";"Sim";3;0;1;1;1;0;2;3;-29,07080623;-49,62630361;"SPRF-SC";"DEL02-SC";"UOP02-DEL02-SC"
370447;2021-07-13;"terça-feira";"20:00:00";"PA";316;65;"CASTANHAL";"Condutor desrespeitou a iluminação vermelha do semáforo";"Colisão transversal";"Com Vítimas Feridas";"Plena Noite";"Crescente";"Céu Claro";"Dupla";"Interseção de Vias";"Sim";3;0;2;0;1;0;2;2;-1,295286;-47,902173;"SPRF-PA";"DEL01-PA";"UOP01-DEL01-PA"
370448;2021-07-13;"terça-feira";"18:00:00";"MG";116;422,5;"ALPERCATA";"Conversão proibida";"Colisão transversal";"Com Vítimas Feridas";"Plena Noite";"Decrescente";"Céu Claro";"Simples";"Interseção de Vias";"Não";3;0;0;1;2;0;1;2;-18,94601944;-41,95023848;"SPRF-MG";"DEL06-MG";"UOP01-DEL06-MG"
370450;2021-07-02;"sexta-feira";"10:50:00";"ES";262;4,8;"CARIACICA";"Manobra de mudança de faixa";"Colisão lateral mesmo sentido";"Com Vítimas Feridas";"Pleno dia";"Decrescente";"Céu Claro";"Múltipla";"Reta";"Sim";2;0;1;0;1;0;1;2;-20,33609327;-40,37812784;"SPRF-ES";"DEL01-ES";"UOP01-DEL01-ES"
370454;2021-07-13;"terça-feira";"20:30:00";"MG";40;556,7;"NOVA LIMA";"Velocidade Incompatível";"Saída de leito carroçável";"Com Vítimas Feridas";"Plena Noite";"Crescente";"Céu Claro";"Múltipla";"Reta";"Sim";4;0;4;0;0;0;4;1;-20,09356202;-43,97554136;"SPRF-MG";"DEL01-MG";"UOP02-DEL01-MG"
370455;2021-07-13;"terça-feira";"20:05:00";"RJ";493;52;"DUQUE DE CAXIAS";"Reação tardia ou ineficiente do condutor";"Colisão com objeto";"Com Vítimas Feridas";"Plena Noite";"Crescente";"Céu Claro";"Dupla";"Retorno Regulamentado";"Sim";1;0;0;1;0;0;1;1;-22,672089;-43,285053;"SPRF-RJ";"DEL01-RJ";"UOP01-DEL01-RJ"
370456;2021-07-13;"terça-feira";"18:50:00";"RJ";40;104;"DUQUE DE CAXIAS";"Animais na Pista";"Queda de ocupante de veículo";"Com Vítimas Feridas";"Plena Noite";"Crescente";"Céu Claro";"Múltipla";"Reta";"Sim";1;0;1;0;0;0;1;1;-22,62897902;-43,28579508;"SPRF-RJ";"DEL01-RJ";"UOP01-DEL01-RJ"
370457;2021-04-24;"sábado";"17:30:00";"PA";316;31;"SANTA IZABEL DO PARA";"Ingestão de álcool pelo condutor";"Saída de leito carroçável";"Sem Vítimas";"Pleno dia";"Decrescente";"Chuva";"Dupla";"Reta";"Não";2;0;0;0;2;0;0;1;-1,3025866;-48,1965672;"SPRF-PA";"DEL01-PA";"UOP01-DEL01-PA"
370459;2021-07-13;"terça-feira";"19:45:00";"SC";282;632,7;"DESCANSO";"Ultrapassagem Indevida";"Colisão lateral sentido oposto";"Com Vítimas Feridas";"Plena Noite";"Crescente";"Céu Claro";"Simples";"Reta;Aclive";"Não";3;0;0;1;1;1;1;3;-26,822578;-53,410618;"SPRF-SC";"DEL07-SC";"UOP03-DEL07-SC"
370460;2021-07-13;"terça-feira";"18:10:00";"SP";116;478;"JACUPIRANGA";"Manobra de mudança de faixa";"Colisão com objeto";"Sem Vítimas";"Anoitecer";"Crescente";"Céu Claro";"Dupla";"Reta";"Sim";1;0;0;0;0;1;0;1;-24,70877685;-48,01792502;"SPRF-SP";"DEL05-SP";"UOP01-DEL05-SP"
370470;2021-07-13;"terça-feira";"22:50:00";"SP";116;228;"SAO PAULO";"Reação tardia ou ineficiente do condutor";"Tombamento";"Sem Vítimas";"Plena Noite";"Decrescente";"Céu Claro";"Múltipla";"Reta";"Não";1;0;0;0;1;0;0;1;-23,503553;-46,566561;"SPRF-SP";"DEL01-SP";"UOP01-DEL01-SP"
370471;2021-07-13;"terça-feira";"18:20:00";"MG";116;486,6;"DOM CAVATI";"Animais na Pista";"Atropelamento de Animal";"Com Vítimas Feridas";"Plena Noite";"Decrescente";"Céu Claro";"Simples";"Interseção de Vias";"Não";2;0;2;0;0;0;2;2;-19,44118002;-42,12957501;"SPRF-MG";"DEL06-MG";"UOP02-DEL06-MG"
370472;2021-07-13;"terça-feira";"23:10:00";"DF";60;2;"BRASILIA";"Velocidade Incompatível";"Saída de leito carroçável";"Com Vítimas Feridas";"Plena Noite";"Decrescente";"Céu Claro";"Dupla";"Reta";"Sim";1;0;1;0;0;0;1;1;-15,887383;-48,077988;"SPRF-DF";"DEL03-DF";"UOP01-DEL03-DF"
370473;2021-07-13;"terça-feira";"22:00:00";"GO";70;144,7;"JARAGUA";"Velocidade Incompatível";"Saída de leito carroçável";"Com Vítimas Feridas";"Plena Noite";"Decrescente";"Céu Claro";"Simples";"Declive;Ponte;Desvio Temporário";"Não";5;0;4;1;0;0;5;1;-15,86449618;-49,3998309;"SPRF-GO";"DEL02-GO";"UOP02-DEL02-GO"
370474;2021-07-14;"quarta-feira";"00:10:00";"MG";381;913;"CAMANDUCAIA";"Velocidade Incompatível";"Colisão com objeto";"Com Vítimas Feridas";"Plena Noite";"Crescente";"Céu Claro";"Dupla";"Curva";"Não";1;0;0;1;0;0;1;1;-22,75390001;-46,146503;"SPRF-MG";"DEL16-MG";"UOP03-DEL16-MG"
370476;2021-07-13;"terça-feira";"23:30:00";"RS";470;208,7;"BENTO GONCALVES";"Transitar na contramão";"Colisão frontal";"Com Vítimas Fatais";"Plena Noite";"Crescente";"Nublado";"Simples";"Curva";"Não";2;1;0;1;0;0;1;2;-29,113881;-51,543803;"SPRF-RS";"DEL06-RS";"UOP01-DEL06-RS"
370479;2021-07-14;"quarta-feira";"00:30:00";"PE";101;80,3;"JABOATAO DOS GUARARAPES";"Acessar a via sem observar a presença dos outros veículos";"Colisão transversal";"Sem Vítimas";"Plena Noite";"Crescente";"Céu Claro";"Dupla";"Reta";"Sim";4;0;0;0;1;3;0;3;-8,15112589;-34,9428866;"SPRF-PE";"DEL01-PE";"UOP01-DEL01-PE"
370483;2021-05-23;"domingo";"03:30:00";"BA";324;4;"FEIRA DE SANTANA";"Ingestão de álcool pelo condutor";"Colisão traseira";"Com Vítimas Feridas";"Plena Noite";"Crescente";"Céu Claro";"Dupla";"Reta";"Sim";1;0;0;1;0;0;1;1;-12,267113;-38,966988;"SPRF-BA";"DEL02-BA";"UOP01-DEL02-BA"
370484;2021-05-22;"sábado";"20:55:00";"BA";116;449;"ANTONIO CARDOSO";"Ingestão de álcool pelo condutor";"Saída de leito carroçável";"Com Vítimas Feridas";"Plena Noite";"Crescente";"Céu Claro";"Dupla";"Reta";"Não";1;0;0;1;0;0;1;1;-12,37538536;-39,12097471;"SPRF-BA";"DEL02-BA";"UOP01-DEL02-BA"
370485;2021-07-13;"terça-feira";"06:00:00";"MA";226;340,1;"JENIPAPO DOS VIEIRAS";"Velocidade Incompatível";"Atropelamento de Pedestre";"Com Vítimas Fatais";"Amanhecer";"Crescente";"Céu Claro";"Simples";"Reta";"Sim";2;1;0;0;0;1;0;2;-5,49574957;-45,53333269;"SPRF-MA";"DEL04-MA";"UOP02-DEL04-MA"
370487;2021-07-14;"quarta-feira";"01:50:00";"SC";163;68,4;"SAO MIGUEL DO OESTE";"Velocidade Incompatível";"Colisão com objeto";"Com Vítimas Feridas";"Plena Noite";"Crescente";"Céu Claro";"Dupla";"Reta";"Sim";1;0;1;0;0;0;1;1;-26,75038301;-53,50086841;"SPRF-SC";"DEL07-SC";"UOP03-DEL07-SC"
370488;2021-07-14;"quarta-feira";"06:20:00";"MG";116;251,1;"TEOFILO OTONI";"Condutor Dormindo";"Colisão frontal";"Com Vítimas Fatais";"Amanhecer";"Decrescente";"Nublado";"Simples";"Reta";"Não";8;2;0;4;0;2;4;3;-17,65137591;-41,49335386;"SPRF-MG";"DEL11-MG";"UOP01-DEL11-MG"
370489;2021-07-14;"quarta-feira";"05:40:00";"RS";153;49;"ERECHIM";"Conversão proibida";"Colisão transversal";"Com Vítimas Feridas";"Amanhecer";"Decrescente";"Céu Claro";"Simples";"Interseção de Vias";"Não";2;0;1;0;1;0;1;2;-27,65513812;-52,26579899;"SPRF-RS";"DEL08-RS";"UOP04-DEL08-RS"
370492;2021-07-14;"quarta-feira";"06:45:00";"MG";262;357;"JUATUBA";"Ultrapassagem Indevida";"Colisão frontal";"Com Vítimas Feridas";"Pleno dia";"Decrescente";"Céu Claro";"Simples";"Reta";"Não";2;0;0;1;1;0;1;2;-19,98376219;-44,24632072;"SPRF-MG";"DEL01-MG";"UOP03-DEL01-MG"
370494;2021-07-14;"quarta-feira";"07:30:00";"CE";116;9,8;"FORTALEZA";"Acessar a via sem observar a presença dos outros veículos";"Colisão lateral mesmo sentido";"Sem Vítimas";"Pleno dia";"Crescente";"Céu Claro";"Dupla";"Reta";"Sim";2;0;0;0;2;0;0;2;-3,82779096;-38,50486117;"SPRF-CE";"DEL01-CE";"UOP02-DEL01-CE"
370495;2021-07-14;"quarta-feira";"07:50:00";"RS";158;327,2;"SANTA MARIA";"Reação tardia ou ineficiente do condutor";"Colisão transversal";"Com Vítimas Feridas";"Pleno dia";"Crescente";"Sol";"Simples";"Reta;Interseção de Vias;Em Obras";"Sim";2;0;1;0;1;0;1;2;-29,711817;-53,818546;"SPRF-RS";"DEL09-RS";"UOP01-DEL09-RS"
370497;2021-07-14;"quarta-feira";"06:50:00";"MT";364;269,4;"JACIARA";"Manobra de mudança de faixa";"Colisão lateral mesmo sentido";"Com Vítimas Feridas";"Pleno dia";"Decrescente";"Sol";"Dupla";"Curva";"Não";2;0;0;1;1;0;1;2;-15,974228;-54,938;"SPRF-MT";"DEL02-MT";"UOP01-DEL02-MT"
370498;2021-06-25;"sexta-feira";"12:55:00";"SC";101;416,2;"ARARANGUA";"Desrespeitar a preferência no cruzamento";"Colisão frontal";"Com Vítimas Feridas";"Pleno dia";"Decrescente";"Céu Claro";"Múltipla";"Interseção de Vias";"Não";3;0;3;0;0;0;3;2;-28,9733896;-49,53009009;"SPRF-SC";"DEL02-SC";"UOP02-DEL02-SC"
370499;2021-07-14;"quarta-feira";"08:00:00";"SC";101;210,6;"SAO JOSE";"Ausência de reação do condutor";"Colisão traseira";"Com Vítimas Feridas";"Pleno dia";"Decrescente";"Céu Claro";"Múltipla";"Reta";"Sim";2;0;1;0;1;0;1;2;-27,6167305;-48,6457265;"SPRF-SC";"DEL01-SC";"UOP01-DEL01-SC"
370500;2021-07-14;"quarta-feira";"08:10:00";"PB";101;84;"BAYEUX";"Condutor deixou de manter distância do veículo da frente";"Engavetamento";"Sem Vítimas";"Amanhecer";"Crescente";"Chuva";"Dupla";"Reta";"Sim";4;0;0;0;3;1;0;4;-7,14074318;-34,92192026;"SPRF-PB";"DEL01-PB";"UOP01-DEL01-PB"
370501;2021-07-14;"quarta-feira";"08:20:00";"SC";101;202;"SAO JOSE";"Manobra de mudança de faixa";"Colisão lateral mesmo sentido";"Com Vítimas Feridas";"Pleno dia";"Decrescente";"Céu Claro";"Múltipla";"Reta";"Não";3;0;2;0;0;1;2;3;-27,55711595;-48,61897889;"SPRF-SC";"DEL01-SC";"UOP01-DEL01-SC"
370502;2021-07-14;"quarta-feira";"07:50:00";"PE";232;7;"RECIFE";"Condutor deixou de manter distância do veículo da frente";"Colisão traseira";"Sem Vítimas";"Pleno dia";"Decrescente";"Céu Claro";"Dupla";"Reta";"Sim";2;0;0;0;1;1;0;1;-8,07333497;-34,96184301;"SPRF-PE";"DEL01-PE";"UOP01-DEL01-PE"
370503;2021-07-14;"quarta-feira";"08:25:00";"PR";277;3;"FOZ DO IGUACU";"Acessar a via sem observar a presença dos outros veículos";"Colisão transversal";"Com Vítimas Feridas";"Pleno dia";"Crescente";"Céu Claro";"Dupla";"Reta";"Sim";3;0;1;0;2;0;1;3;-25,47783735;-54,584198;"SPRF-PR";"DEL05-PR";"UOP03-DEL05-PR"
370504;2021-06-12;"sábado";"13:20:00";"ES";101;257,6;"SERRA";"Desrespeitar a preferência no cruzamento";"Colisão transversal";"Com Vítimas Feridas";"Pleno dia";"Crescente";"Chuva";"Múltipla";"Rotatória";"Sim";2;0;0;2;0;0;2;2;-20,12455095;-40,30331881;"SPRF-ES";"DEL02-ES";"UOP01-DEL02-ES"
370505;2021-07-10;"sábado";"17:00:00";"CE";222;68,2;"SAO GONCALO DO AMARANTE";"Demais falhas mecânicas ou elétricas";"Tombamento";"Com Vítimas Feridas";"Anoitecer";"Decrescente";"Céu Claro";"Simples";"Reta";"Não";4;0;2;0;2;0;2;2;-3,67061188;-39,152101;"SPRF-CE";"DEL01-CE";"UOP03-DEL01-CE"
370506;2021-07-14;"quarta-feira";"08:40:00";"PB";230;17,9;"JOAO PESSOA";"Ausência de reação do condutor";"Engavetamento";"Sem Vítimas";"Pleno dia";"Crescente";"Céu Claro";"Dupla";"Reta";"Sim";4;0;0;0;4;0;0;4;-7,1121;-34,8426;"SPRF-PB";"DEL01-PB";"UOP01-DEL01-PB"
370507;2021-07-14;"quarta-feira";"07:50:00";"SC";101;117;"ITAJAI";"Acessar a via sem observar a presença dos outros veículos";"Colisão transversal";"Com Vítimas Feridas";"Pleno dia";"Crescente";"Céu Claro";"Múltipla";"Reta";"Sim";2;0;1;0;0;1;1;2;-26,88747187;-48,72252969;"SPRF-SC";"DEL04-SC";"UOP04-DEL04-SC"
370509;2021-07-14;"quarta-feira";"09:30:00";"SP";116;220;"GUARULHOS";"Condutor deixou de manter distância do veículo da frente";"Colisão lateral mesmo sentido";"Com Vítimas Feridas";"Pleno dia";"Crescente";"Céu Claro";"Simples";"Reta";"Não";2;0;1;0;1;0;1;2;-23,46472809;-46,49793962;"SPRF-SP";"DEL01-SP";"UOP01-DEL01-SP"
370510;2021-07-14;"quarta-feira";"08:00:00";"RO";364;199,6;"PIMENTA BUENO";"Acessar a via sem observar a presença dos outros veículos";"Colisão lateral mesmo sentido";"Com Vítimas Feridas";"Pleno dia";"Decrescente";"Céu Claro";"Simples";"Rotatória";"Não";2;0;1;0;1;0;1;2;-11,661617;-61,191055;"SPRF-RO";"DEL02-RO";"UOP02-DEL02-RO"
370511;2021-07-14;"quarta-feira";"07:45:00";"RS";153;48,7;"ERECHIM";"Acessar a via sem observar a presença dos outros veículos";"Colisão lateral mesmo sentido";"Com Vítimas Feridas";"Pleno dia";"Decrescente";"Céu Claro";"Dupla";"Reta";"Sim";2;0;0;1;1;0;1;2;-27,65118001;-52,257248;"SPRF-RS";"DEL08-RS";"UOP04-DEL08-RS"
370513;2021-07-14;"quarta-feira";"10:08:00";"SP";116;284;"EMBU DAS ARTES";"Ausência de reação do condutor";"Colisão traseira";"Com Vítimas Feridas";"Pleno dia";"Decrescente";"Céu Claro";"Dupla";"Reta";"Sim";2;0;1;0;1;0;1;2;-23,69998;-46,867767;"SPRF-SP";"DEL04-SP";"UOP01-DEL04-SP"
370515;2021-07-14;"quarta-feira";"07:49:00";"PB";230;19;"JOAO PESSOA";"Acumulo de água sobre o pavimento";"Queda de ocupante de veículo";"Com Vítimas Feridas";"Pleno dia";"Crescente";"Chuva";"Dupla";"Reta";"Sim";1;0;1;0;0;0;1;1;-7,13114916;-34,85240936;"SPRF-PB";"DEL01-PB";"UOP01-DEL01-PB"
370518;2021-07-14;"quarta-feira";"09:50:00";"SC";101;352,8;"JAGUARUNA";"Demais falhas mecânicas ou elétricas";"Tombamento";"Com Vítimas Feridas";"Pleno dia";"Crescente";"Nublado";"Dupla";"Reta";"Não";1;0;1;0;0;0;1;1;-28,60489869;-49,05593332;"SPRF-SC";"DEL02-SC";"UOP01-DEL02-SC"
370523;2021-07-14;"quarta-feira";"11:00:00";"RJ";101;270;"RIO BONITO";"Manobra de mudança de faixa";"Saída de leito carroçável";"Com Vítimas Feridas";"Pleno dia";"Crescente";"Céu Claro";"Dupla";"Curva";"Sim";1;0;1;0;0;0;1;1;-22,71852325;-42,68689289;"SPRF-RJ";"DEL02-RJ";"UOP03-DEL02-RJ"
370524;2021-07-03;"sábado";"09:00:00";"ES";262;3,5;"CARIACICA";"Ausência de reação do condutor";"Queda de ocupante de veículo";"Com Vítimas Feridas";"Pleno dia";"Crescente";"Céu Claro";"Dupla";"Curva";"Sim";1;0;1;0;0;0;1;1;-20,33374432;-40,36910933;"SPRF-ES";"DEL01-ES";"UOP01-DEL01-ES"
370527;2021-07-14;"quarta-feira";"11:25:00";"RN";226;3;"NATAL";"Acessar a via sem observar a presença dos outros veículos";"Colisão transversal";"Com Vítimas Feridas";"Pleno dia";"Crescente";"Céu Claro";"Simples";"Reta";"Sim";2;0;1;0;1;0;1;2;-5,82085671;-35,25187091;"SPRF-RN";"DEL01-RN";"UOP02-DEL01-RN"
370529;2021-07-14;"quarta-feira";"09:30:00";"PE";232;98;"BEZERROS";"Demais falhas mecânicas ou elétricas";"Colisão com objeto";"Sem Vítimas";"Pleno dia";"Crescente";"Céu Claro";"Múltipla";"Reta";"Não";1;0;0;0;1;0;0;1;-8,23595538;-35,72633743;"SPRF-PE";"DEL02-PE";"UOP02-DEL02PE"
370532;2021-07-14;"quarta-feira";"11:00:00";"PR";277;6,6;"PARANAGUA";"Desrespeitar a preferência no cruzamento";"Colisão transversal";"Sem Vítimas";"Pleno dia";"Crescente";"Céu Claro";"Dupla";"Rotatória";"Sim";2;0;0;0;2;0;0;2;-25,514705;-48,522423;"SPRF-PR";"DEL01-PR";"UOP05-DEL01-PR"
370533;2021-07-14;"quarta-feira";"08:40:00";"MG";116;729;"MURIAE";"Animais na Pista";"Atropelamento de Animal";"Sem Vítimas";"Pleno dia";"Decrescente";"Céu Claro";"Simples";"Reta";"Não";1;0;0;0;1;0;0;1;-21,30969372;-42,43657622;"SPRF-MG";"DEL07-MG";"UOP02-DEL07-MG"
370535;2021-07-14;"quarta-feira";"11:25:00";"RJ";101;59;"CAMPOS DOS GOYTACAZES";"Acessar a via sem observar a presença dos outros veículos";"Colisão transversal";"Com Vítimas Feridas";"Pleno dia";"Decrescente";"Céu Claro";"Simples";"Reta";"Sim";2;0;0;1;1;0;1;2;-21,71366497;-41,30861915;"SPRF-RJ";"DEL08-RJ";"UOP01-DEL08-RJ"
370536;2021-07-14;"quarta-feira";"12:25:00";"RN";405;1;"MOSSORO";"Acessar a via sem observar a presença dos outros veículos";"Colisão transversal";"Com Vítimas Feridas";"Pleno dia";"Decrescente";"Sol";"Dupla";"Interseção de Vias";"Sim";2;0;1;0;1;0;1;2;-5,19170196;-37,361471;"SPRF-RN";"DEL04-RN";"UOP02-DEL04-RN"
370537;2021-06-26;"sábado";"20:10:00";"CE";116;112,4;"BEBERIBE";"Transitar na contramão";"Colisão transversal";"Com Vítimas Fatais";"Plena Noite";"Crescente";"Céu Claro";"Simples";"Reta";"Não";5;2;1;0;2;0;1;2;-4,58581476;-38,22192907;"SPRF-CE";"DEL03-CE";"UOP02-DEL03-CE"
370538;2021-07-14;"quarta-feira";"11:10:00";"RO";364;14;"VILHENA";"Condutor deixou de manter distância do veículo da frente";"Colisão traseira";"Com Vítimas Feridas";"Pleno dia";"Crescente";"Céu Claro";"Dupla";"Rotatória";"Sim";2;0;1;0;1;0;1;2;-12,73898138;-60,13911417;"SPRF-RO";"DEL04-RO";"UOP01-DEL04-RO"
370540;2021-06-19;"sábado";"19:30:00";"SC";280;127,8;"RIO NEGRINHO";"Ingestão de álcool pelo condutor";"Colisão com objeto";"Sem Vítimas";"Plena Noite";"Crescente";"Chuva";"Simples";"Curva";"Sim";1;0;0;0;1;0;0;1;-26,24945927;-49,52637792;"SPRF-SC";"DEL06-SC";"UOP03-DEL06-SC"
370541;2021-07-14;"quarta-feira";"11:05:00";"MG";40;696;"BARBACENA";"Ausência de reação do condutor";"Tombamento";"Com Vítimas Feridas";"Pleno dia";"Decrescente";"Céu Claro";"Simples";"Curva";"Não";1;0;1;0;0;0;1;1;-21,17928973;-43,75622749;"SPRF-MG";"DEL05-MG";"UOP02-DEL05-MG"
370544;2021-07-14;"quarta-feira";"11:50:00";"PR";369;178,8;"ARAPONGAS";"Condutor deixou de manter distância do veículo da frente";"Colisão traseira";"Com Vítimas Feridas";"Pleno dia";"Decrescente";"Céu Claro";"Múltipla";"Reta";"Não";3;0;1;0;2;0;1;2;-23,36105954;-51,39907479;"SPRF-PR";"DEL07-PR";"UOP01-DEL07-PR"
370545;2021-07-14;"quarta-feira";"13:00:00";"PR";277;331,3;"GUARAPUAVA";"Acessar a via sem observar a presença dos outros veículos";"Colisão transversal";"Com Vítimas Feridas";"Pleno dia";"Decrescente";"Nublado";"Dupla";"Reta";"Não";2;0;0;1;1;0;1;2;-25,37369557;-51,31824195;"SPRF-PR";"DEL08-PR";"UOP01-DEL08-PR"
370551;2021-07-14;"quarta-feira";"14:15:00";"MG";40;798,9;"JUIZ DE FORA";"Velocidade Incompatível";"Colisão com objeto";"Com Vítimas Feridas";"Pleno dia";"Crescente";"Céu Claro";"Dupla";"Reta";"Não";1;0;1;0;0;0;1;1;-21,81971699;-43,37705799;"SPRF-MG";"DEL05-MG";"UOP01-DEL05-MG"
370553;2021-07-14;"quarta-feira";"13:20:00";"PB";104;139,1;"QUEIMADAS";"Entrada inopinada do pedestre";"Atropelamento de Pedestre";"Com Vítimas Feridas";"Pleno dia";"Crescente";"Céu Claro";"Simples";"Reta";"Sim";2;0;0;1;1;0;1;2;-7,36948311;-35,89979635;"SPRF-PB";"DEL02-PB";"UOP03-DEL02-PB"
370556;2021-07-14;"quarta-feira";"11:00:00";"RN";427;85,3;"CAICO";"Curva acentuada";"Capotamento";"Com Vítimas Feridas";"Pleno dia";"Crescente";"Céu Claro";"Simples";"Curva";"Não";1;0;1;0;0;0;1;1;-6,51596758;-37,00149047;"SPRF-RN";"DEL03-RN";"UOP01-DEL03-RN"
370557;2021-07-14;"quarta-feira";"14:15:00";"CE";222;3,5;"FORTALEZA";"Condutor deixou de manter distância do veículo da frente";"Colisão traseira";"Sem Vítimas";"Pleno dia";"Crescente";"Céu Claro";"Múltipla";"Desvio Temporário";"Sim";2;0;0;0;2;0;0;2;-3,7403769;-38,59569202;"SPRF-CE";"DEL01-CE";"UOP01-DEL01-CE"