"id";"data_inversa";"dia_semana";"horario";"uf";"br";"km";"municipio";"causa_acidente";"tipo_acidente";"classificacao_acidente";"fase_dia";"sentido_via";"condicao_metereologica";"tipo_pista";"tracado_via";"uso_solo";"pessoas";"mortos";"feridos_leves";"feridos_graves";"ilesos";"ignorados";"feridos";"veiculos";"latitude";"longitude";"regional";"delegacia";"uop"
370697;2021-07-15;"quinta-feira";"07:33:00";"GO";60;166,8;"GOIANIA";"Frear bruscamente";"Colisão traseira";"Com Vítimas Feridas";"Pleno dia";"Decrescente";"Céu Claro";"Simples";"Reta";"Sim";2;0;1;0;1;0;1;2;-16,7129;-49,358;"SPRF-GO";"DEL01-GO";"UOP02-DEL01-GO"
370698;2021-07-15;"quinta-feira";"06:30:00";"GO";20;75;"FORMOSA";"Condutor Dormindo";"Colisão com objeto";"Com Vítimas Feridas";"Amanhecer";"Crescente";"Céu Claro";"Simples";"Ponte";"Não";2;0;2;0;0;0;2;1;-15,128218;-47,126556;"SPRF-DF";"DEL02-DF";"UOP01-DEL02-DF"
370702;2021-07-15;"quinta-feira";"08:35:00";"SC";101;202,1;"SAO JOSE";"Condutor deixou de manter distância do veículo da frente";"Colisão traseira";"Sem Vítimas";"Pleno dia";"Crescente";"Céu Claro";"Dupla";"Reta";"Não";4;0;0;0;4;0;0;4;-27,55711595;-48,61897889;"SPRF-SC";"DEL01-SC";"UOP01-DEL01-SC"
370703;2021-07-14;"quarta-feira";"23:30:00";"GO";60;394;"RIO VERDE";"Reação tardia ou ineficiente do condutor";"Colisão lateral mesmo sentido";"Com Vítimas Feridas";"Plena Noite";"Crescente";"Céu Claro";"Dupla";"Interseção de Vias";"Sim";2;0;1;0;1;0;1;2;-17,8228;-50,9983;"SPRF-GO";"DEL04-GO";"UOP01-DEL04-GO"
370704;2021-07-15;"quinta-feira";"08:30:00";"MG";116;408;"GOVERNADOR VALADARES";"Demais falhas mecânicas ou elétricas";"Tombamento";"Com Vítimas Feridas";"Pleno dia";"Crescente";"Nublado";"Dupla";"Reta";"Não";2;0;2;0;0;0;2;1;-18,84221919;-41,98289416;"SPRF-MG";"DEL06-MG";"UOP01-DEL06-MG"
370705;2021-07-15;"quinta-feira";"08:30:00";"PE";101;90,9;"CABO DE SANTO AGOSTINHO";"Carga excessiva e/ou mal acondicionada";"Tombamento";"Com Vítimas Feridas";"Pleno dia";"Crescente";"Céu Claro";"Dupla";"Curva";"Não";2;0;1;0;1;0;1;2;-8,223015;-34,99264;"SPRF-PE";"DEL01-PE";"UOP01-DEL01-PE"
370706;2021-07-15;"quinta-feira";"09:00:00";"PB";230;22;"JOAO PESSOA";"Reação tardia ou ineficiente do condutor";"Colisão traseira";"Com Vítimas Feridas";"Pleno dia";"Decrescente";"Céu Claro";"Dupla";"Reta";"Sim";2;0;1;0;1;0;1;2;-7,15612362;-34,85708714;"SPRF-PB";"DEL01-PB";"UOP01-DEL01-PB"
370707;2021-07-15;"quinta-feira";"09:15:00";"ES";262;3,9;"CARIACICA";"Ausência de reação do condutor";"Engavetamento";"Com Vítimas Feridas";"Pleno dia";"Crescente";"Sol";"Dupla";"Reta";"Sim";3;0;1;0;2;0;1;3;-20,33374432;-40,36910933;"SPRF-ES";"DEL01-ES";"UOP01-DEL01-ES"
370708;2021-06-29;"terça-feira";"11:05:00";"SC";280;130;"RIO NEGRINHO";"Velocidade Incompatível";"Colisão traseira";"Com Vítimas Feridas";"Pleno dia";"Crescente";"Céu Claro";"Simples";"Aclive";"Não";3;0;1;0;2;0;1;2;-26,2530246;-49,52924913;"SPRF-SC";"DEL06-SC";"UOP03-DEL06-SC"
370710;2021-07-15;"quinta-feira";"08:15:00";"SC";282;222;"LAGES";"Velocidade Incompatível";"Saída de leito carroçável";"Com Vítimas Feridas";"Pleno dia";"Decrescente";"Chuva";"Simples";"Curva";"Não";3;0;2;0;1;0;2;1;-27,797739;-50,353409;"SPRF-SC";"DEL05-SC";"UOP01-DEL05-SC"
370711;2021-07-15;"quinta-feira";"09:00:00";"PB";230;41,8;"SANTA RITA";"Manobra de mudança de faixa";"Saída de leito carroçável";"Com Vítimas Feridas";"Pleno dia";"Crescente";"Chuva";"Dupla";"Retorno Regulamentado;Curva";"Não";1;0;1;0;0;0;1;1;-7,14322138;-34,98598337;"SPRF-PB";"DEL01-PB";"UOP03-DEL01-PB"
370714;2021-07-15;"quinta-feira";"09:40:00";"BA";116;508;"SANTA TERESINHA";"Ultrapassagem Indevida";"Colisão frontal";"Com Vítimas Fatais";"Pleno dia";"Crescente";"Chuva";"Simples";"Reta";"Não";4;1;1;2;0;0;3;2;-12,62503832;-39,59296284;"SPRF-BA";"DEL03-BA";"UOP02-DEL03-BA"
370716;2021-07-15;"quinta-feira";"08:00:00";"MG";116;284,1;"TEOFILO OTONI";"Velocidade Incompatível";"Saída de leito carroçável";"Com Vítimas Feridas";"Pleno dia";"Decrescente";"Sol";"Simples";"Reta";"Não";1;0;0;1;0;0;1;1;-17,91853602;-41,52729437;"SPRF-MG";"DEL11-MG";"UOP01-DEL11-MG"
370717;2021-06-29;"terça-feira";"15:15:00";"PR";277;454;"LARANJEIRAS DO SUL";"Desrespeitar a preferência no cruzamento";"Colisão transversal";"Com Vítimas Feridas";"Pleno dia";"Decrescente";"Sol";"Simples";"Reta;Declive;Rotatória";"Não";3;0;2;0;1;0;2;2;-25,38582893;-52,41109371;"SPRF-PR";"DEL04-PR";"UOP02-DEL04-PR"
370719;2021-06-07;"segunda-feira";"20:14:00";"MG";365;634;"UBERLANDIA";"Reação tardia ou ineficiente do condutor";"Saída de leito carroçável";"Com Vítimas Feridas";"Plena Noite";"Decrescente";"Vento";"Dupla";"Reta;Declive";"Não";3;0;0;3;0;0;3;1;-18,894428;-48,406766;"SPRF-MG";"DEL15-MG";"UOP01-DEL15-MG"
370724;2021-07-15;"quinta-feira";"10:24:00";"SP";381;43;"ATIBAIA";"Acesso irregular";"Atropelamento de Pedestre";"Com Vítimas Feridas";"Pleno dia";"Decrescente";"Céu Claro";"Dupla";"Reta";"Sim";2;0;0;1;1;0;1;2;-23,15597105;-46,5740155;"SPRF-SP";"DEL03-SP";"UOP01-DEL03-SP"
370725;2021-07-15;"quinta-feira";"10:40:00";"RN";226;310,3;"JANDUIS";"Condutor deixou de manter distância do veículo da frente";"Colisão traseira";"Com Vítimas Feridas";"Pleno dia";"Crescente";"Céu Claro";"Simples";"Reta";"Não";3;0;1;0;1;1;1;2;-6,018124;-37,407944;"SPRF-RN";"DEL04-RN";"UOP01-DEL04-RN"
370727;2021-07-15;"quinta-feira";"10:20:00";"RJ";101;314;"SAO GONCALO";"Reação tardia ou ineficiente do condutor";"Queda de ocupante de veículo";"Com Vítimas Feridas";"Pleno dia";"Crescente";"Céu Claro";"Dupla";"Reta";"Sim";1;0;1;0;0;0;1;1;-22,81648739;-43,07728467;"SPRF-RJ";"DEL02-RJ";"UOP02-DEL02-RJ"
370730;2021-07-15;"quinta-feira";"11:30:00";"GO";60;177,6;"ABADIA DE GOIAS";"Demais falhas mecânicas ou elétricas";"Saída de leito carroçável";"Com Vítimas Feridas";"Pleno dia";"Crescente";"Sol";"Dupla";"Reta;Declive";"Não";4;0;4;0;0;0;4;1;-16,7562;-49,4492;"SPRF-GO";"DEL01-GO";"UOP02-DEL01-GO"
370733;2021-07-15;"quinta-feira";"11:30:00";"SC";101;79;"ARAQUARI";"Manobra de mudança de faixa";"Colisão lateral mesmo sentido";"Com Vítimas Feridas";"Pleno dia";"Crescente";"Nublado";"Múltipla";"Reta";"Não";3;0;2;0;1;0;2;2;-26,58559601;-48,72192112;"SPRF-SC";"DEL03-SC";"UOP02-DEL03-SC"
370734;2021-07-15;"quinta-feira";"12:25:00";"SP";381;32;"ATIBAIA";"Reação tardia ou ineficiente do condutor";"Colisão traseira";"Com Vítimas Feridas";"Pleno dia";"Decrescente";"Céu Claro";"Dupla";"Reta";"Não";2;0;0;1;1;0;1;2;-23,06461405;-46,57048121;"SPRF-SP";"DEL03-SP";"UOP01-DEL03-SP"
370736;2021-07-15;"quinta-feira";"06:55:00";"PR";277;595,9;"CASCAVEL";"Desrespeitar a preferência no cruzamento";"Colisão frontal";"Com Vítimas Fatais";"Amanhecer";"Crescente";"Nublado";"Simples";"Reta";"Sim";3;1;0;0;2;0;0;3;-24,98154632;-53,50141969;"SPRF-PR";"DEL04-PR";"UOP01-DEL04-PR"
370737;2021-07-15;"quinta-feira";"11:20:00";"GO";414;413,1;"ABADIANIA";"Velocidade Incompatível";"Saída de leito carroçável";"Com Vítimas Feridas";"Pleno dia";"Crescente";"Céu Claro";"Simples";"Curva";"Não";1;0;1;0;0;0;1;1;-16,0856046;-48,85353678;"SPRF-GO";"DEL02-GO";"UOP01-DEL02-GO"
370742;2021-07-15;"quinta-feira";"11:20:00";"PE";101;44,1;"IGARASSU";"Desrespeitar a preferência no cruzamento";"Colisão transversal";"Com Vítimas Feridas";"Pleno dia";"Decrescente";"Sol";"Múltipla";"Reta";"Sim";3;0;0;2;1;0;2;2;-7,85797214;-34,90817785;"SPRF-PE";"DEL01-PE";"UOP02-DEL01-PE"
370743;2021-07-15;"quinta-feira";"08:20:00";"SC";282;424;"VARGEM BONITA";"Velocidade Incompatível";"Saída de leito carroçável";"Com Vítimas Feridas";"Pleno dia";"Decrescente";"Garoa/Chuvisco";"Simples";"Curva";"Não";1;0;1;0;0;0;1;1;-26,988014;-51,753124;"SPRF-SC";"DEL07-SC";"UOP05-DEL07-SC"
370744;2021-07-07;"quarta-feira";"15:00:00";"BA";101;147;"TEODORO SAMPAIO";"Condutor deixou de manter distância do veículo da frente";"Colisão traseira";"Com Vítimas Feridas";"Pleno dia";"Decrescente";"Céu Claro";"Simples";"Reta";"Não";2;0;1;0;1;0;1;2;-12,31534433;-38,73391289;"SPRF-BA";"DEL01-BA";"UOP04-DEL01-BA"
370745;2021-07-15;"quinta-feira";"13:15:00";"RS";285;312,8;"PASSO FUNDO";"Condutor deixou de manter distância do veículo da frente";"Colisão traseira";"Sem Vítimas";"Pleno dia";"Decrescente";"Chuva";"Simples";"Reta";"Não";2;0;0;0;2;0;0;2;-28,241541;-52,553028;"SPRF-RS";"DEL08-RS";"UOP03-DEL08-RS"
370746;2021-07-15;"quinta-feira";"12:40:00";"RJ";101;489;"ANGRA DOS REIS";"Conversão proibida";"Colisão traseira";"Com Vítimas Feridas";"Pleno dia";"Decrescente";"Céu Claro";"Simples";"Curva";"Sim";2;0;1;0;1;0;1;2;-22,95605138;-44,30404997;"SPRF-RJ";"DEL03-RJ";"UOP03-DEL03-RJ"
370747;2021-07-15;"quinta-feira";"10:26:00";"SC";101;333,5;"TUBARAO";"Condutor deixou de manter distância do veículo da frente";"Colisão lateral mesmo sentido";"Com Vítimas Feridas";"Pleno dia";"Decrescente";"Chuva";"Dupla";"Reta;Interseção de Vias";"Sim";3;0;0;1;2;0;1;3;-28,46630107;-48,99653096;"SPRF-SC";"DEL02-SC";"UOP01-DEL02-SC"
370748;2021-07-15;"quinta-feira";"10:20:00";"MG";356;274,4;"EUGENOPOLIS";"Condutor deixou de manter distância do veículo da frente";"Colisão traseira";"Com Vítimas Feridas";"Pleno dia";"Crescente";"Sol";"Simples";"Curva";"Não";2;0;1;0;1;0;1;2;-21,13526491;-42,29650497;"SPRF-MG";"DEL07-MG";"UOP02-DEL07-MG"
370749;2021-06-21;"segunda-feira";"00:25:00";"SC";101;106,3;"PENHA";"Ingestão de álcool pelo condutor";"Colisão lateral mesmo sentido";"Com Vítimas Feridas";"Plena Noite";"Crescente";"Nublado";"Dupla";"Reta";"Não";4;0;2;0;1;1;2;3;-26,81031601;-48,68293896;"SPRF-SC";"DEL03-SC";"UOP02-DEL03-SC"
370751;2021-07-15;"quinta-feira";"13:55:00";"MG";381;351;"JOAO MONLEVADE";"Condutor deixou de manter distância do veículo da frente";"Colisão traseira";"Com Vítimas Feridas";"Pleno dia";"Crescente";"Céu Claro";"Simples";"Reta";"Não";2;0;1;0;1;0;1;2;-19,84644336;-43,16611234;"SPRF-MG";"DEL03-MG";"UOP01-DEL03-MG"
370752;2021-07-11;"domingo";"10:15:00";"BA";116;447;"ANTONIO CARDOSO";"Pista esburacada";"Saída de leito carroçável";"Com Vítimas Feridas";"Pleno dia";"Decrescente";"Nublado";"Dupla";"Declive";"Não";2;0;2;0;0;0;2;1;-12,36401219;-39,10700184;"SPRF-BA";"DEL02-BA";"UOP01-DEL02-BA"
370753;2021-07-15;"quinta-feira";"13:30:00";"SC";101;112,6;"ITAJAI";"Avarias e/ou desgaste excessivo no pneu";"Tombamento";"Com Vítimas Feridas";"Pleno dia";"Decrescente";"Nublado";"Múltipla";"Reta";"Sim";2;0;2;0;0;0;2;1;-26,84589005;-48,72131295;"SPRF-SC";"DEL04-SC";"UOP04-DEL04-SC"
370754;2021-06-04;"sexta-feira";"21:35:00";"MG";365;726;"MONTE ALEGRE DE MINAS";"Condutor Dormindo";"Saída de leito carroçável";"Sem Vítimas";"Plena Noite";"Crescente";"Céu Claro";"Simples";"Reta";"Não";1;0;0;0;1;0;0;1;-18,89350281;-49,24240805;"SPRF-MG";"DEL15-MG";"UOP03-DEL15-MG"
370756;2021-06-26;"sábado";"18:30:00";"ES";101;177;"LINHARES";"Manobra de mudança de faixa";"Colisão lateral mesmo sentido";"Com Vítimas Feridas";"Anoitecer";"Crescente";"Céu Claro";"Simples";"Reta";"Sim";2;0;1;0;1;0;1;2;-19,602874;-40,203264;"SPRF-ES";"DEL04-ES";"UOP01-DEL04-ES"
370757;2021-07-15;"quinta-feira";"11:40:00";"SC";470;297;"CAMPOS NOVOS";"Chuva";"Saída de leito carroçável";"Com Vítimas Feridas";"Pleno dia";"Decrescente";"Chuva";"Simples";"Reta";"Não";2;0;1;0;1;0;1;1;-27,354078;-51,027855;"SPRF-SC";"DEL07-SC";"UOP06-DEL07-SC"
370761;2021-07-15;"quinta-feira";"14:40:00";"RS";116;257;"ESTEIO";"Condutor deixou de manter distância do veículo da frente";"Colisão traseira";"Com Vítimas Feridas";"Pleno dia";"Decrescente";"Nublado";"Dupla";"Reta";"Sim";2;0;1;0;1;0;1;2;-29,85262195;-51,17968329;"SPRF-RS";"DEL01-RS";"UOP02-DEL01-RS"
370763;2021-07-15;"quinta-feira";"14:00:00";"SC";282;180,5;"BOCAINA DO SUL";"Condutor deixou de manter distância do veículo da frente";"Colisão traseira";"Com Vítimas Feridas";"Pleno dia";"Crescente";"Chuva";"Simples";"Reta";"Sim";5;0;2;0;3;0;2;2;-27,742239;-49,939873;"SPRF-SC";"DEL05-SC";"UOP01-DEL05-SC"
370764;2021-07-15;"quinta-feira";"14:20:00";"MS";163;730;"COXIM";"Acessar a via sem observar a presença dos outros veículos";"Colisão transversal";"Com Vítimas Feridas";"Pleno dia";"Crescente";"Céu Claro";"Dupla";"Interseção de Vias";"Sim";2;0;1;0;1;0;1;2;-18,50978886;-54,73602351;"SPRF-MS";"DEL06-MS";"UOP01-DEL06-MS"
370766;2021-07-15;"quinta-feira";"15:30:00";"PE";0;0;"RECIFE";"Redutor de velocidade em desacordo";"Tombamento";"Com Vítimas Feridas";"Pleno dia";"Não Informado";"Céu Claro";"Simples";"Reta";"Sim";1;0;0;1;0;0;1;1;-8,058556;-34,94964;"SPRF-PE";"DEL01-PE";"UOP01-DEL01-PE"
370768;2021-07-15;"quinta-feira";"08:30:00";"MS";60;78,1;"PARAISO DAS AGUAS";"Velocidade Incompatível";"Saída de leito carroçável";"Com Vítimas Feridas";"Pleno dia";"Decrescente";"Céu Claro";"Simples";"Curva";"Não";1;0;1;0;0;0;1;1;-19,15915989;-53,06007931;"SPRF-MS";"DEL06-MS";"UOP02-DEL06-MS"
370771;2021-07-15;"quinta-feira";"16:10:00";"RS";116;657,3;"JAGUARAO";"Desrespeitar a preferência no cruzamento";"Colisão transversal";"Com Vítimas Feridas";"Pleno dia";"Crescente";"Nublado";"Simples";"Interseção de Vias";"Sim";6;0;3;0;3;0;3;2;-32,55473867;-53,38673115;"SPRF-RS";"DEL07-RS";"UOP03-DEL07-RS"
370772;2021-07-15;"quinta-feira";"14:35:00";"PA";316;25;"BENEVIDES";"Ausência de reação do condutor";"Colisão traseira";"Sem Vítimas";"Pleno dia";"Crescente";"Céu Claro";"Dupla";"Reta";"Não";4;0;0;0;4;0;0;2;-1,3252697;-48,232117;"SPRF-PA";"DEL01-PA";"UOP01-DEL01-PA"
370773;2021-07-15;"quinta-feira";"15:45:00";"RJ";101;316;"SAO GONCALO";"Trafegar com motocicleta (ou similar) entre as faixas";"Colisão lateral mesmo sentido";"Com Vítimas Feridas";"Pleno dia";"Decrescente";"Céu Claro";"Dupla";"Reta";"Sim";3;0;0;1;2;0;1;3;-22,82835879;-43,09208739;"SPRF-RJ";"DEL02-RJ";"UOP02-DEL02-RJ"
370774;2021-06-21;"segunda-feira";"12:13:00";"ES";101;269,8;"SERRA";"Reação tardia ou ineficiente do condutor";"Queda de ocupante de veículo";"Com Vítimas Feridas";"Pleno dia";"Decrescente";"Céu Claro";"Múltipla";"Reta";"Sim";2;0;1;0;1;0;1;2;-20,21740496;-40,26990578;"SPRF-ES";"DEL02-ES";"UOP01-DEL02-ES"
370775;2021-07-15;"quinta-feira";"07:00:00";"RJ";101;323;"NITEROI";"Condutor deixou de manter distância do veículo da frente";"Colisão traseira";"Com Vítimas Feridas";"Pleno dia";"Crescente";"Céu Claro";"Múltipla";"Ponte";"Não";2;0;1;0;1;0;1;2;-22,87684786;-43,11728689;"SPRF-RJ";"DEL02-RJ";"UOP02-DEL02-RJ"
370777;2021-07-15;"quinta-feira";"16:20:00";"PE";232;250,8;"ARCOVERDE";"Condutor deixou de manter distância do veículo da frente";"Engavetamento";"Sem Vítimas";"Pleno dia";"Crescente";"Céu Claro";"Simples";"Aclive";"Sim";3;0;0;0;3;0;0;3;-8,42350887;-37,05286107;"SPRF-PE";"DEL03-PE";"UOP02-DEL03-PE"
370781;2021-07-15;"quinta-feira";"16:40:00";"SC";101;41,6;"JOINVILLE";"Reação tardia ou ineficiente do condutor";"Queda de ocupante de veículo";"Com Vítimas Feridas";"Anoitecer";"Decrescente";"Céu Claro";"Simples";"Reta";"Sim";1;0;1;0;0;0;1;1;-26,28215489;-48,88973081;"SPRF-SC";"DEL03-SC";"UOP01-DEL03-SC"
370782;2021-07-15;"quinta-feira";"15:40:00";"RR";174;358;"CARACARAI";"Condutor deixou de manter distância do veículo da frente";"Colisão com objeto";"Sem Vítimas";"Anoitecer";"Crescente";"Nublado";"Simples";"Reta";"Não";7;0;0;0;7;0;0;2;1,74063604;-61,14312172;"SPRF-RR";"DEL01-RR";"UOP01-DEL01-RR"
370784;2021-07-15;"quinta-feira";"15:20:00";"GO";153;626,5;"MORRINHOS";"Avarias e/ou desgaste excessivo no pneu";"Saída de leito carroçável";"Sem Vítimas";"Pleno dia";"Crescente";"Céu Claro";"Dupla";"Reta";"Não";1;0;0;0;1;0;0;1;-17,7719;-49,1732;"SPRF-GO";"DEL03-GO";"UOP01-DEL03-GO"
370786;2021-07-15;"quinta-feira";"14:30:00";"PB";427;37,4;"POMBAL";"Condutor deixou de manter distância do veículo da frente";"Colisão traseira";"Com Vítimas Feridas";"Pleno dia";"Decrescente";"Sol";"Simples";"Reta";"Sim";2;0;0;1;1;0;1;2;-6,76405124;-37,78910384;"SPRF-PB";"DEL03-PB";"UOP02-DEL03-PB"
370787;2021-07-15;"quinta-feira";"13:00:00";"MT";70;44;"BARRA DO GARCAS";"Ausência de reação do condutor";"Saída de leito carroçável";"Com Vítimas Feridas";"Pleno dia";"Decrescente";"Céu Claro";"Simples";"Reta;Declive";"Não";1;0;1;0;0;0;1;1;-15,75646817;-52,59058616;"SPRF-MT";"DEL07-MT";"UOP01-DEL07-MT"
370790;2021-07-15;"quinta-feira";"17:15:00";"SC";101;204;"BIGUACU";"Pista Escorregadia";"Queda de ocupante de veículo";"Com Vítimas Feridas";"Anoitecer";"Decrescente";"Garoa/Chuvisco";"Dupla";"Reta";"Sim";2;0;1;0;0;1;1;2;-27,57413014;-48,61363083;"SPRF-SC";"DEL01-SC";"UOP01-DEL01-SC"
370791;2021-07-15;"quinta-feira";"17:30:00";"MG";40;523,5;"CONTAGEM";"Manobra de mudança de faixa";"Colisão lateral mesmo sentido";"Com Vítimas Feridas";"Pleno dia";"Decrescente";"Céu Claro";"Dupla";"Reta";"Sim";2;0;1;0;1;0;1;2;-19,86874894;-44,05962197;"SPRF-MG";"DEL01-MG";"UOP02-DEL01-MG"
370792;2021-07-15;"quinta-feira";"17:20:00";"PI";343;590;"FLORIANO";"Condutor deixou de manter distância do veículo da frente";"Colisão traseira";"Com Vítimas Feridas";"Pleno dia";"Decrescente";"Céu Claro";"Dupla";"Reta";"Sim";3;0;1;0;2;0;1;2;-6,783895;-43,015095;"SPRF-PI";"DEL03-PI";"UOP01-DEL03-PI"
370793;2021-07-15;"quinta-feira";"17:39:00";"PR";277;586,5;"CASCAVEL";"Desrespeitar a preferência no cruzamento";"Colisão transversal";"Com Vítimas Feridas";"Anoitecer";"Crescente";"Chuva";"Simples";"Reta";"Sim";2;0;0;1;1;0;1;2;-24,9649472;-53,4210459;"SPRF-PR";"DEL04-PR";"UOP01-DEL04-PR"
370794;2021-07-15;"quinta-feira";"17:45:00";"RN";304;47,5;"MOSSORO";"Desrespeitar a preferência no cruzamento";"Colisão transversal";"Com Vítimas Feridas";"Anoitecer";"Crescente";"Céu Claro";"Dupla";"Interseção de Vias";"Sim";2;0;1;0;0;1;1;2;-5,22597224;-37,33086797;"SPRF-RN";"DEL04-RN";"UOP01-DEL04-RN"
370796;2021-07-15;"quinta-feira";"18:00:00";"PR";369;154;"LONDRINA";"Ausência de reação do condutor";"Colisão traseira";"Com Vítimas Feridas";"Plena Noite";"Decrescente";"Céu Claro";"Múltipla";"Reta";"Sim";2;0;1;0;1;0;1;2;-23,29738804;-51,20156765;"SPRF-PR";"DEL07-PR";"UOP01-DEL07-PR"
370797;2021-07-15;"quinta-feira";"16:00:00";"RJ";356;177;"SAO JOAO DA BARRA";"Mal súbito do condutor";"Colisão com objeto";"Com Vítimas Fatais";"Pleno dia";"Crescente";"Céu Claro";"Simples";"Reta";"Não";1;1;0;0;0;0;0;1;-21,68560202;-41,0569049;"SPRF-RJ";"DEL08-RJ";"UOP02-DEL08-RJ"
370798;2021-07-15;"quinta-feira";"18:00:00";"RJ";40;105;"DUQUE DE CAXIAS";"Acessar a via sem observar a presença dos outros veículos";"Colisão transversal";"Com Vítimas Feridas";"Plena Noite";"Decrescente";"Céu Claro";"Simples";"Reta";"Sim";2;0;0;1;1;0;1;2;-22,63784806;-43,28428824;"SPRF-RJ";"DEL01-RJ";"UOP01-DEL01-RJ"
370799;2021-07-15;"quinta-feira";"18:00:00";"SP";116;20,9;"LAVRINHAS";"Condutor deixou de manter distância do veículo da frente";"Colisão traseira";"Sem Vítimas";"Plena Noite";"Decrescente";"Céu Claro";"Dupla";"Reta";"Não";3;0;0;0;3;0;0;3;-22,57232099;-44,86495105;"SPRF-SP";"DEL08-SP";"UOP02-DEL08-SP"
370801;2021-07-15;"quinta-feira";"15:20:00";"GO";153;148,4;"CAMPINORTE";"Demais falhas mecânicas ou elétricas";"Colisão lateral mesmo sentido";"Sem Vítimas";"Pleno dia";"Crescente";"Céu Claro";"Simples";"Reta";"Não";2;0;0;0;2;0;0;2;-14,064685;-49,093727;"SPRF-GO";"DEL07-GO";"UOP02-DEL07-GO"
370802;2021-07-15;"quinta-feira";"17:00:00";"RR";174;503;"BOA VISTA";"Acessar a via sem observar a presença dos outros veículos";"Colisão lateral mesmo sentido";"Com Vítimas Feridas";"Pleno dia";"Crescente";"Céu Claro";"Simples";"Rotatória";"Sim";2;0;2;0;0;0;2;2;2,794901;-60,698441;"SPRF-RR";"DEL01-RR";"UOP01-DEL01-RR"
370803;2021-07-15;"quinta-feira";"18:45:00";"RS";290;174,5;"BUTIA";"Desrespeitar a preferência no cruzamento";"Colisão transversal";"Com Vítimas Feridas";"Plena Noite";"Decrescente";"Nublado";"Simples";"Reta";"Não";3;0;3;0;0;0;3;2;-30,128044;-51,951588;"SPRF-RS";"DEL02-RS";"UOP03-DEL02-RS"
370805;2021-07-15;"quinta-feira";"18:30:00";"SC";101;121,5;"ITAJAI";"Condutor deixou de manter distância do veículo da frente";"Engavetamento";"Com Vítimas Feridas";"Plena Noite";"Decrescente";"Chuva";"Dupla";"Reta";"Não";5;0;4;0;1;0;4;4;-26,92103178;-48,70856446;"SPRF-SC";"DEL04-SC";"UOP04-DEL04-SC"
370808;2021-07-15;"quinta-feira";"19:00:00";"PR";277;116;"CAMPO LARGO";"Desrespeitar a preferência no cruzamento";"Colisão transversal";"Com Vítimas Feridas";"Plena Noite";"Decrescente";"Chuva";"Dupla";"Reta";"Sim";2;0;0;1;1;0;1;2;-25,43342542;-49,40593292;"SPRF-PR";"DEL01-PR";"UOP03-DEL03-PR"
370809;2021-07-15;"quinta-feira";"18:50:00";"PR";373;175,3;"PONTA GROSSA";"Velocidade Incompatível";"Colisão transversal";"Com Vítimas Feridas";"Plena Noite";"Crescente";"Nublado";"Dupla";"Retorno Regulamentado";"Sim";2;0;0;1;1;0;1;2;-25,06728094;-50,21211882;"SPRF-PR";"DEL03-PR";"UOP01-DEL03-PR"
370812;2021-07-15;"quinta-feira";"18:45:00";"BA";116;894;"CANDIDO SALES";"Reação tardia ou ineficiente do condutor";"Queda de ocupante de veículo";"Com Vítimas Feridas";"Plena Noite";"Decrescente";"Céu Claro";"Simples";"Reta";"Não";1;0;0;1;0;0;1;1;-15,31745586;-41,1508493;"SPRF-BA";"DEL08-BA";"UOP03-DEL08-BA"
370813;2021-07-15;"quinta-feira";"19:20:00";"SC";101;215,4;"PALHOCA";"Pista Escorregadia";"Colisão traseira";"Com Vítimas Feridas";"Plena Noite";"Decrescente";"Chuva";"Múltipla";"Reta";"Sim";2;0;0;1;1;0;1;2;-27,65184843;-48,67604941;"SPRF-SC";"DEL01-SC";"UOP02-DEL01-SC"
370814;2021-07-03;"sábado";"15:20:00";"ES";262;112,6;"VENDA NOVA DO IMIGRANTE";"Velocidade Incompatível";"Queda de ocupante de veículo";"Com Vítimas Feridas";"Pleno dia";"Decrescente";"Nublado";"Simples";"Curva;Declive";"Não";1;0;0;1;0;0;1;1;-20,33756085;-41,19989497;"SPRF-ES";"DEL01-ES";"UOP02-DEL01-ES"
370816;2021-07-15;"quinta-feira";"18:40:00";"MG";116;277,1;"TEOFILO OTONI";"Ingestão de álcool pelo condutor";"Colisão transversal";"Sem Vítimas";"Plena Noite";"Crescente";"Céu Claro";"Dupla";"Reta";"Sim";2;0;0;0;2;0;0;2;-17,859945;-41,515144;"SPRF-MG";"DEL11-MG";"UOP01-DEL11-MG"
370819;2021-07-15;"quinta-feira";"19:00:00";"RS";472;121,4;"SAO JOSE DO INHACORA";"Ultrapassagem Indevida";"Colisão frontal";"Com Vítimas Feridas";"Plena Noite";"Crescente";"Nublado";"Simples";"Reta";"Não";3;0;1;2;0;0;3;2;-27,68712589;-54,15573401;"SPRF-RS";"DEL10-RS";"UOP01-DEL10-RS"