"id";"data_inversa";"dia_semana";"horario";"uf";"br";"km";"municipio";"causa_acidente";"tipo_acidente";"classificacao_acidente";"fase_dia";"sentido_via";"condicao_metereologica";"tipo_pista";"tracado_via";"uso_solo";"pessoas";"mortos";"feridos_leves";"feridos_graves";"ilesos";"ignorados";"feridos";"veiculos";"latitude";"longitude";"regional";"delegacia";"uop"
370981;2021-07-16;"sexta-feira";"09:00:00";"PI";230;308;"FLORIANO";"Ausência de reação do condutor";"Saída de leito carroçável";"Com Vítimas Feridas";"Pleno dia";"Decrescente";"Céu Claro";"Simples";"Reta";"Sim";4;0;1;0;2;1;1;2;-6,78159309;-43,00121707;"SPRF-PI";"DEL03-PI";"UOP01-DEL03-PI"
370983;2021-07-16;"sexta-feira";"16:20:00";"SP";116;195,4;"ARUJA";"Avarias e/ou desgaste excessivo no pneu";"Queda de ocupante de veículo";"Com Vítimas Feridas";"Pleno dia";"Decrescente";"Céu Claro";"Dupla";"Reta";"Não";2;0;2;0;0;0;2;1;-23,3888147;-46,27566213;"SPRF-SP";"DEL01-SP";"UOP01-DEL01-SP"
370985;2021-07-16;"sexta-feira";"15:50:00";"BA";110;341;"ALAGOINHAS";"Acessar a via sem observar a presença dos outros veículos";"Colisão transversal";"Sem Vítimas";"Pleno dia";"Decrescente";"Céu Claro";"Simples";"Reta";"Não";2;0;0;0;2;0;0;2;-12,22473097;-38,41208625;"SPRF-BA";"DEL01-BA";"UOP04-DEL01-BA"
370987;2021-07-16;"sexta-feira";"16:10:00";"PR";476;147;"ARAUCARIA";"Entrada inopinada do pedestre";"Atropelamento de Pedestre";"Com Vítimas Feridas";"Pleno dia";"Decrescente";"Garoa/Chuvisco";"Dupla";"Reta";"Sim";2;0;0;1;1;0;1;2;-25,554628;-49,339268;"SPRF-PR";"DEL01-PR";"UOP03-DEL01-PR"
370988;2021-07-16;"sexta-feira";"16:20:00";"MG";40;485,9;"ESMERALDAS";"Ultrapassagem Indevida";"Saída de leito carroçável";"Com Vítimas Feridas";"Pleno dia";"Crescente";"Céu Claro";"Dupla";"Curva";"Sim";1;0;1;0;0;0;1;1;-19,5896;-44,22723;"SPRF-MG";"DEL02-MG";"UOP01-DEL02-MG"
370990;2021-07-16;"sexta-feira";"15:50:00";"GO";153;497;"GOIANIA";"Objeto estático sobre o leito carroçável";"Engavetamento";"Com Vítimas Feridas";"Pleno dia";"Crescente";"Céu Claro";"Dupla";"Reta";"Sim";5;0;0;1;4;0;1;5;-16,6854;-49,2338;"SPRF-GO";"DEL01-GO";"UOP01-DEL01-GO"
370991;2021-07-16;"sexta-feira";"16:25:00";"RS";116;340;"BARRA DO RIBEIRO";"Ausência de reação do condutor";"Colisão com objeto";"Com Vítimas Feridas";"Pleno dia";"Decrescente";"Céu Claro";"Simples";"Desvio Temporário";"Não";1;0;1;0;0;0;1;1;-30,45498686;-51,48924825;"SPRF-RS";"DEL02-RS";"UOP02-DEL02-RS"
370993;2021-07-16;"sexta-feira";"13:40:00";"GO";414;418,7;"ABADIANIA";"Velocidade Incompatível";"Saída de leito carroçável";"Com Vítimas Feridas";"Pleno dia";"Crescente";"Céu Claro";"Simples";"Curva";"Não";1;0;1;0;0;0;1;1;-16,11097238;-48,88280482;"SPRF-GO";"DEL02-GO";"UOP01-DEL02-GO"
370995;2021-07-16;"sexta-feira";"17:00:00";"GO";70;1;"AGUAS LINDAS DE GOIAS";"Demais falhas mecânicas ou elétricas";"Tombamento";"Com Vítimas Feridas";"Pleno dia";"Decrescente";"Céu Claro";"Dupla";"Curva";"Não";1;0;1;0;0;0;1;1;-15,77579351;-48,23259001;"SPRF-DF";"DEL03-DF";"UOP02-DEL03-DF"
370996;2021-07-16;"sexta-feira";"17:00:00";"PB";230;16,5;"JOAO PESSOA";"Reação tardia ou ineficiente do condutor";"Colisão com objeto";"Sem Vítimas";"Anoitecer";"Decrescente";"Céu Claro";"Dupla";"Reta";"Sim";1;0;0;0;0;1;0;1;-7,1039;-34,8458;"SPRF-PB";"DEL01-PB";"UOP01-DEL01-PB"
370998;2021-07-16;"sexta-feira";"15:40:00";"PB";230;163;"CAMPINA GRANDE";"Velocidade Incompatível";"Colisão lateral mesmo sentido";"Com Vítimas Feridas";"Amanhecer";"Crescente";"Céu Claro";"Simples";"Reta";"Não";3;0;1;0;2;0;1;3;-7,2198;-35,9443;"SPRF-PB";"DEL02-PB";"UOP01-DEL02-PB"
370999;2021-07-16;"sexta-feira";"16:40:00";"MG";459;23,7;"CALDAS";"Pista Escorregadia";"Saída de leito carroçável";"Com Vítimas Feridas";"Pleno dia";"Crescente";"Nublado";"Simples";"Curva";"Não";2;0;1;0;1;0;1;1;-21,870333;-46,391647;"SPRF-MG";"DEL09-MG";"UOP01-DEL09-MG"
371002;2021-07-16;"sexta-feira";"16:35:00";"RS";386;414,2;"MONTENEGRO";"Ausência de reação do condutor";"Saída de leito carroçável";"Com Vítimas Feridas";"Pleno dia";"Decrescente";"Céu Claro";"Dupla";"Reta";"Sim";1;0;0;1;0;0;1;1;-29,81638866;-51,47980928;"SPRF-RS";"DEL04-RS";"UOP02-DEL04-RS"
371005;2021-07-16;"sexta-feira";"15:25:00";"PE";232;13;"JABOATAO DOS GUARARAPES";"Velocidade Incompatível";"Saída de leito carroçável";"Sem Vítimas";"Pleno dia";"Decrescente";"Céu Claro";"Dupla";"Reta";"Não";1;0;0;0;0;1;0;1;-8,08831567;-35,01203806;"SPRF-PE";"DEL01-PE";"UOP01-DEL01-PE"
371006;2021-07-16;"sexta-feira";"16:40:00";"PR";376;104;"PARANAVAI";"Chuva";"Saída de leito carroçável";"Com Vítimas Feridas";"Pleno dia";"Decrescente";"Chuva";"Dupla";"Reta";"Não";1;0;1;0;0;0;1;1;-23,05157684;-52,44672491;"SPRF-PR";"DEL09-PR";"UOP02-DEL09-PR"
371008;2021-07-16;"sexta-feira";"15:30:00";"AP";156;400;"FERREIRA GOMES";"Pista esburacada";"Capotamento";"Com Vítimas Feridas";"Pleno dia";"Decrescente";"Céu Claro";"Simples";"Reta";"Não";4;0;1;0;3;0;1;1;0,9761782759;-51,1145013103;"SPRF-AP";"DEL01-AP";"UOP01-DEL01-AP"
371009;2021-07-16;"sexta-feira";"16:00:00";"MG";116;704;"MURIAE";"Acessar a via sem observar a presença dos outros veículos";"Colisão transversal";"Com Vítimas Feridas";"Pleno dia";"Crescente";"Céu Claro";"Simples";"Interseção de Vias";"Não";2;0;1;1;0;0;2;2;-21,13416858;-42,38722798;"SPRF-MG";"DEL07-MG";"UOP02-DEL07-MG"
371010;2021-07-16;"sexta-feira";"14:20:00";"MG";116;373,4;"FREI INOCENCIO";"Ultrapassagem Indevida";"Colisão lateral mesmo sentido";"Com Vítimas Feridas";"Pleno dia";"Crescente";"Céu Claro";"Dupla";"Reta";"Sim";3;0;1;0;2;0;1;3;-18,56390406;-41,90695775;"SPRF-MG";"DEL11-MG";"UOP01-DEL11-MG"
371011;2021-07-16;"sexta-feira";"17:45:00";"SP";116;228;"SAO PAULO";"Manobra de mudança de faixa";"Colisão lateral mesmo sentido";"Com Vítimas Feridas";"Anoitecer";"Crescente";"Nublado";"Simples";"Reta";"Não";2;0;0;1;1;0;1;2;-23,50343484;-46,56638712;"SPRF-SP";"DEL01-SP";"UOP01-DEL01-SP"
371013;2021-07-16;"sexta-feira";"15:00:00";"BA";418;87,4;"NOVA VICOSA";"Acessar a via sem observar a presença dos outros veículos";"Colisão transversal";"Com Vítimas Feridas";"Pleno dia";"Crescente";"Céu Claro";"Simples";"Reta";"Sim";2;0;1;0;1;0;1;2;-17,892078;-39,81627;"SPRF-BA";"DEL09-BA";"UOP02-DEL09-BA"
371014;2021-07-16;"sexta-feira";"17:15:00";"PE";423;96,4;"GARANHUNS";"Trafegar com motocicleta (ou similar) entre as faixas";"Colisão lateral sentido oposto";"Com Vítimas Feridas";"Plena Noite";"Decrescente";"Nevoeiro/Neblina";"Simples";"Reta";"Sim";2;0;1;0;1;0;1;2;-8,88021822;-36,48651678;"SPRF-PE";"DEL03-PE";"UOP01-DEL03-PE"
371016;2021-07-16;"sexta-feira";"17:30:00";"SP";116;149,9;"SAO JOSE DOS CAMPOS";"Mal súbito do condutor";"Atropelamento de Pedestre";"Com Vítimas Feridas";"Plena Noite";"Crescente";"Nublado";"Múltipla";"Ponte;Reta";"Sim";2;0;1;0;1;0;1;2;-23,21434725;-45,89475475;"SPRF-SP";"DEL02-SP";"UOP01-DEL02-SP"
371019;2021-07-16;"sexta-feira";"17:30:00";"PB";104;129;"CAMPINA GRANDE";"Animais na Pista";"Atropelamento de Animal";"Com Vítimas Feridas";"Anoitecer";"Crescente";"Céu Claro";"Simples";"Reta";"Sim";1;0;1;0;0;0;1;1;-7,28120589;-35,88915693;"SPRF-PB";"DEL02-PB";"UOP01-DEL02-PB"
371020;2021-07-16;"sexta-feira";"17:00:00";"MG";40;469,9;"SETE LAGOAS";"Demais falhas mecânicas ou elétricas";"Saída de leito carroçável";"Sem Vítimas";"Pleno dia";"Decrescente";"Céu Claro";"Múltipla";"Curva";"Não";1;0;0;0;1;0;0;1;-19,46285956;-44,29788351;"SPRF-MG";"DEL02-MG";"UOP01-DEL02-MG"
371022;2021-07-16;"sexta-feira";"16:00:00";"GO";153;348;"JARAGUA";"Velocidade Incompatível";"Colisão traseira";"Com Vítimas Feridas";"Pleno dia";"Decrescente";"Céu Claro";"Simples";"Reta";"Não";2;0;1;0;0;1;1;2;-15,652904;-49,363586;"SPRF-GO";"DEL02-GO";"UOP02-DEL02-GO"
371023;2021-07-16;"sexta-feira";"11:50:00";"ES";482;110;"GUACUI";"Velocidade Incompatível";"Saída de leito carroçável";"Com Vítimas Feridas";"Pleno dia";"Crescente";"Céu Claro";"Simples";"Curva";"Não";1;0;0;1;0;0;1;1;-20,79418421;-41,70129397;"SPRF-ES";"DEL03-ES";"UOP02-DEL03-ES"
371024;2021-07-16;"sexta-feira";"18:50:00";"GO";153;520,3;"HIDROLANDIA";"Manobra de mudança de faixa";"Colisão traseira";"Com Vítimas Feridas";"Plena Noite";"Decrescente";"Céu Claro";"Dupla";"Reta";"Não";6;0;1;0;5;0;1;2;-16,8847;-49,254;"SPRF-GO";"DEL01-GO";"UOP03-DEL01-GO"
371026;2021-07-16;"sexta-feira";"14:10:00";"RJ";101;282;"ITABORAI";"Pista em desnível";"Queda de ocupante de veículo";"Com Vítimas Feridas";"Pleno dia";"Decrescente";"Céu Claro";"Dupla";"Curva";"Não";1;0;1;0;0;0;1;1;-22,7371391;-42,79664601;"SPRF-RJ";"DEL02-RJ";"UOP03-DEL02-RJ"
371027;2021-07-16;"sexta-feira";"18:45:00";"PE";101;71;"RECIFE";"Ausência de reação do condutor";"Colisão traseira";"Com Vítimas Feridas";"Plena Noite";"Crescente";"Nublado";"Dupla";"Reta";"Sim";3;0;1;0;2;0;1;2;-8,07663102;-34,94277871;"SPRF-PE";"DEL01-PE";"UOP01-DEL01-PE"
371028;2021-07-16;"sexta-feira";"15:00:00";"SP";116;512,8;"CAJATI";"Velocidade Incompatível";"Capotamento";"Com Vítimas Feridas";"Pleno dia";"Decrescente";"Chuva";"Dupla";"Curva";"Não";1;0;1;0;0;0;1;1;-24,84304306;-48,22027915;"SPRF-SP";"DEL05-SP";"UOP02-DEL05-SP"
371029;2021-07-12;"segunda-feira";"01:45:00";"RS";290;87;"CACHOEIRINHA";"Mal súbito do condutor";"Saída de leito carroçável";"Com Vítimas Feridas";"Plena Noite";"Decrescente";"Céu Claro";"Dupla";"Reta";"Sim";1;0;0;1;0;0;1;1;-29,967838;-51,127197;"SPRF-RS";"DEL01-RS";"UOP01-DEL01-RS"
371030;2021-07-16;"sexta-feira";"14:40:00";"BA";101;519,7;"ITABUNA";"Transitar na contramão";"Colisão frontal";"Com Vítimas Fatais";"Pleno dia";"Decrescente";"Céu Claro";"Simples";"Reta";"Não";2;1;0;0;1;0;0;2;-14,89729686;-39,28849886;"SPRF-BA";"DEL05-BA";"UOP01-DEL05-BA"
371031;2021-07-16;"sexta-feira";"15:30:00";"RJ";40;85,1;"PETROPOLIS";"Pista Escorregadia";"Tombamento";"Com Vítimas Feridas";"Pleno dia";"Decrescente";"Garoa/Chuvisco";"Dupla";"Curva";"Não";2;0;2;0;0;0;2;1;-22,52850694;-43,2349802;"SPRF-RJ";"DEL06-RJ";"UOP01-DEL06-RJ"
371032;2021-07-16;"sexta-feira";"15:30:00";"GO";153;242;"SAO LUIZ DO NORTE";"Desrespeitar a preferência no cruzamento";"Colisão transversal";"Com Vítimas Feridas";"Pleno dia";"Decrescente";"Sol";"Simples";"Interseção de Vias";"Sim";6;0;2;4;0;0;6;2;-14,854869;-49,319439;"SPRF-GO";"DEL07-GO";"UOP02-DEL07-GO"
371033;2021-07-16;"sexta-feira";"17:15:00";"MG";116;115,9;"ITAOBIM";"Ausência de reação do condutor";"Colisão traseira";"Com Vítimas Feridas";"Anoitecer";"Decrescente";"Céu Claro";"Simples";"Reta";"Sim";3;0;0;2;1;0;2;2;-16,56743;-41,505066;"SPRF-MG";"DEL11-MG";"UOP02-DEL11-MG"
371035;2021-07-16;"sexta-feira";"19:40:00";"PR";116;131;"FAZENDA RIO GRANDE";"Pista Escorregadia";"Queda de ocupante de veículo";"Com Vítimas Feridas";"Plena Noite";"Crescente";"Garoa/Chuvisco";"Dupla";"Reta";"Não";1;0;1;0;0;0;1;1;-25,648307;-49,31251207;"SPRF-PR";"DEL01-PR";"UOP03-DEL01-PR"
371037;2021-07-16;"sexta-feira";"19:00:00";"MG";364;30;"FRUTAL";"Acessar a via sem observar a presença dos outros veículos";"Colisão transversal";"Com Vítimas Feridas";"Plena Noite";"Crescente";"Céu Claro";"Simples";"Reta";"Não";4;0;2;1;0;1;3;3;-20,01437421;-48,91749501;"SPRF-MG";"DEL13-MG";"UOP02-DEL13-MG"
371038;2021-07-16;"sexta-feira";"18:30:00";"MS";359;99;"ALCINOPOLIS";"Animais na Pista";"Atropelamento de Animal";"Com Vítimas Feridas";"Plena Noite";"Crescente";"Céu Claro";"Simples";"Reta";"Não";2;0;0;2;0;0;2;1;-18,35210991;-53,6678869;"SPRF-MS";"DEL06-MS";"UOP01-DEL06-MS"
371039;2021-07-16;"sexta-feira";"16:30:00";"MT";163;1014,9;"TERRA NOVA DO NORTE";"Velocidade Incompatível";"Capotamento";"Com Vítimas Feridas";"Pleno dia";"Decrescente";"Céu Claro";"Simples";"Reta";"Não";2;0;2;0;0;0;2;1;-10,36143719;-55,04490137;"SPRF-MT";"DEL06-MT";"NPF/DEL06-MT"
371041;2021-07-16;"sexta-feira";"19:45:00";"ES";101;61;"SAO MATEUS";"Reação tardia ou ineficiente do condutor";"Queda de ocupante de veículo";"Com Vítimas Feridas";"Plena Noite";"Decrescente";"Céu Claro";"Simples";"Reta";"Não";1;0;1;0;0;0;1;1;-18,68153217;-39,86364755;"SPRF-ES";"DEL04-ES";"UOP02-DEL04-ES"
371043;2021-07-16;"sexta-feira";"19:20:00";"PR";376;324,9;"ORTIGUEIRA";"Chuva";"Capotamento";"Com Vítimas Feridas";"Plena Noite";"Decrescente";"Chuva";"Simples";"Reta";"Não";1;0;1;0;0;0;1;1;-24,05599072;-51,06312275;"SPRF-PR";"DEL07-PR";"UOP02-DEL07-PR"
371044;2021-07-06;"terça-feira";"18:56:00";"PR";277;343;"GUARAPUAVA";"Pedestre andava na pista";"Atropelamento de Pedestre";"Com Vítimas Feridas";"Plena Noite";"Decrescente";"Nublado";"Dupla";"Reta";"Sim";2;0;1;1;0;0;2;2;-25,36329;-51,47394;"SPRF-PR";"DEL08-PR";"UOP01-DEL08-PR"
371045;2021-07-16;"sexta-feira";"17:48:00";"RJ";116;176;"NOVA IGUACU";"Manobra de mudança de faixa";"Tombamento";"Com Vítimas Feridas";"Plena Noite";"Crescente";"Céu Claro";"Dupla";"Reta";"Sim";2;0;1;0;1;0;1;2;-22,7839538;-43,38195488;"SPRF-RJ";"DEL01-RJ";"UOP02-DEL01-RJ"
371046;2021-07-16;"sexta-feira";"17:56:00";"SC";101;26;"JOINVILLE";"Demais falhas mecânicas ou elétricas";"Tombamento";"Com Vítimas Feridas";"Plena Noite";"Crescente";"Chuva";"Dupla";"Reta";"Não";1;0;1;0;0;0;1;1;-26,19234802;-48,91210384;"SPRF-SC";"DEL03-SC";"UOP01-DEL03-SC"
371051;2021-07-16;"sexta-feira";"19:25:00";"RS";290;104;"ELDORADO DO SUL";"Velocidade Incompatível";"Saída de leito carroçável";"Com Vítimas Feridas";"Plena Noite";"Crescente";"Céu Claro";"Dupla";"Reta";"Não";1;0;1;0;0;0;1;1;-29,99431246;-51,28041387;"SPRF-RS";"DEL02-RS";"UOP01-DEL02-RS"
371052;2021-07-16;"sexta-feira";"18:35:00";"GO";70;4,1;"AGUAS LINDAS DE GOIAS";"Acessar a via sem observar a presença dos outros veículos";"Colisão traseira";"Com Vítimas Feridas";"Anoitecer";"Decrescente";"Céu Claro";"Dupla";"Retorno Regulamentado";"Sim";2;0;1;0;1;0;1;2;-15,759838;-48,246011;"SPRF-DF";"DEL03-DF";"UOP02-DEL03-DF"
371053;2021-07-16;"sexta-feira";"17:00:00";"BA";367;25;"PORTO SEGURO";"Reação tardia ou ineficiente do condutor";"Colisão transversal";"Com Vítimas Feridas";"Pleno dia";"Crescente";"Céu Claro";"Simples";"Interseção de Vias";"Sim";2;0;0;1;1;0;1;2;-16,43805311;-39,09107101;"SPRF-BA";"DEL09-BA";"UOP01-DEL09-BA"
371054;2021-07-16;"sexta-feira";"20:20:00";"RJ";40;85;"PETROPOLIS";"Pista Escorregadia";"Colisão com objeto";"Com Vítimas Feridas";"Plena Noite";"Decrescente";"Nublado";"Simples";"Aclive;Curva";"Não";5;0;1;0;4;0;1;1;-22,52850694;-43,2349802;"SPRF-RJ";"DEL06-RJ";"UOP01-DEL06-RJ"
371055;2021-06-18;"sexta-feira";"18:15:00";"SC";101;208;"SAO JOSE";"Manobra de mudança de faixa";"Colisão lateral mesmo sentido";"Com Vítimas Feridas";"Plena Noite";"Crescente";"Chuva";"Dupla";"Em Obras";"Sim";2;0;1;0;1;0;1;2;-27,60327979;-48,63201818;"SPRF-SC";"DEL01-SC";"UOP01-DEL01-SC"
371056;2021-07-16;"sexta-feira";"19:30:00";"RO";364;197,9;"PIMENTA BUENO";"Animais na Pista";"Atropelamento de Animal";"Com Vítimas Feridas";"Plena Noite";"Decrescente";"Céu Claro";"Simples";"Declive;Reta;Viaduto";"Sim";1;0;0;1;0;0;1;1;-11,671454;-61,191058;"SPRF-RO";"DEL02-RO";"UOP02-DEL02-RO"
371057;2021-07-16;"sexta-feira";"19:30:00";"MG";262;394;"FLORESTAL";"Desrespeitar a preferência no cruzamento";"Colisão transversal";"Com Vítimas Feridas";"Plena Noite";"Crescente";"Céu Claro";"Dupla";"Reta";"Não";2;0;1;0;1;0;1;2;-19,91870373;-44,49079292;"SPRF-MG";"DEL01-MG";"UOP03-DEL01-MG"
371059;2021-07-16;"sexta-feira";"19:15:00";"SC";101;350,5;"JAGUARUNA";"Pedestre cruzava a pista fora da faixa";"Atropelamento de Pedestre";"Com Vítimas Feridas";"Plena Noite";"Decrescente";"Nublado";"Dupla";"Reta";"Não";2;0;1;0;1;0;1;2;-28,602186;-49,053403;"SPRF-SC";"DEL02-SC";"UOP01-DEL02-SC"
371060;2021-07-16;"sexta-feira";"17:40:00";"MG";40;420;"CURVELO";"Transitar no acostamento";"Saída de leito carroçável";"Com Vítimas Feridas";"Pleno dia";"Decrescente";"Céu Claro";"Simples";"Aclive;Reta";"Não";1;0;1;0;0;0;1;1;-19,15573;-44,56393;"SPRF-MG";"DEL02-MG";"UOP01-DEL02-MG"
371061;2021-07-16;"sexta-feira";"20:25:00";"SP";381;81;"SAO PAULO";"Pedestre andava na pista";"Atropelamento de Pedestre";"Com Vítimas Fatais";"Plena Noite";"Crescente";"Céu Claro";"Dupla";"Reta";"Não";2;1;0;0;0;1;0;2;-23,41704481;-46,58022057;"SPRF-SP";"DEL03-SP";"UOP01-DEL03-SP"
371065;2021-07-16;"sexta-feira";"20:30:00";"RS";116;300,5;"GUAIBA";"Animais na Pista";"Colisão transversal";"Com Vítimas Feridas";"Plena Noite";"Crescente";"Céu Claro";"Dupla";"Reta";"Sim";4;0;1;1;1;1;2;2;-30,12198557;-51,34833813;"SPRF-RS";"DEL02-RS";"UOP01-DEL02-RS"
371066;2021-06-10;"quinta-feira";"15:40:00";"PA";230;124;"MARABA";"Condutor deixou de manter distância do veículo da frente";"Colisão traseira";"Sem Vítimas";"Pleno dia";"Crescente";"Nublado";"Simples";"Reta";"Não";2;0;0;0;2;0;0;2;-5,37407079;-49,13575802;"SPRF-PA";"DEL03-PA";"UOP01-DEL03-PA"
371067;2021-07-16;"sexta-feira";"20:30:00";"BA";101;187;"CACHOEIRA";"Demais falhas mecânicas ou elétricas";"Colisão traseira";"Sem Vítimas";"Plena Noite";"Crescente";"Nublado";"Simples";"Reta;Aclive";"Não";4;0;0;0;4;0;0;4;-12,56988374;-38,97579924;"SPRF-BA";"DEL01-BA";"UOP03-DEL01-BA"
371068;2021-07-16;"sexta-feira";"21:00:00";"SP";116;82;"ROSEIRA";"Condutor deixou de manter distância do veículo da frente";"Colisão traseira";"Com Vítimas Feridas";"Plena Noite";"Crescente";"Céu Claro";"Dupla";"Reta";"Não";2;0;1;0;1;0;1;2;-22,90918532;-45,31883185;"SPRF-SP";"DEL08-SP";"UOP01-DEL08-SP"
371069;2021-07-16;"sexta-feira";"21:40:00";"PR";116;20,3;"ANTONINA";"Pista Escorregadia";"Colisão com objeto";"Com Vítimas Feridas";"Plena Noite";"Crescente";"Chuva";"Dupla";"Curva";"Não";2;0;1;0;1;0;1;1;-25,10052421;-48,72981603;"SPRF-PR";"DEL01-PR";"UOP02-DEL01-PR"
371070;2021-07-16;"sexta-feira";"21:35:00";"MG";116;277,9;"TEOFILO OTONI";"Desrespeitar a preferência no cruzamento";"Colisão transversal";"Com Vítimas Feridas";"Plena Noite";"Crescente";"Ignorado";"Simples";"Reta";"Sim";3;0;1;0;2;0;1;2;-17,859945;-41,515144;"SPRF-MG";"DEL11-MG";"UOP01-DEL11-MG"
371072;2021-07-16;"sexta-feira";"21:15:00";"MS";163;302,9;"DOURADINA";"Velocidade Incompatível";"Saída de leito carroçável";"Com Vítimas Feridas";"Plena Noite";"Crescente";"Nublado";"Simples";"Reta";"Não";1;0;1;0;0;0;1;1;-21,96486198;-54,53247471;"SPRF-MS";"DEL02-MS";"UOP02-DEL02-MS"
371073;2021-07-16;"sexta-feira";"20:35:00";"PR";373;399;"CANDOI";"Ingestão de álcool pelo condutor";"Colisão transversal";"Sem Vítimas";"Plena Noite";"Crescente";"Céu Claro";"Simples";"Reta;Interseção de Vias";"Sim";2;0;0;0;1;1;0;2;-25,56145105;-52,04536396;"SPRF-PR";"DEL08-PR";"UOP01-DEL08-PR"
371076;2021-07-16;"sexta-feira";"22:30:00";"SP";116;227;"GUARULHOS";"Pedestre andava na pista";"Atropelamento de Pedestre";"Com Vítimas Feridas";"Plena Noite";"Crescente";"Céu Claro";"Simples";"Curva";"Não";2;0;1;0;1;0;1;2;-23,49659264;-46,55648754;"SPRF-SP";"DEL01-SP";"UOP01-DEL01-SP"
371077;2021-07-16;"sexta-feira";"15:43:00";"RO";364;285,9;"PRESIDENTE MEDICI";"Condutor deixou de manter distância do veículo da frente";"Colisão traseira";"Com Vítimas Feridas";"Pleno dia";"Crescente";"Céu Claro";"Simples";"Reta";"Não";6;0;2;0;4;0;2;2;-11,3628587;-61,84606267;"SPRF-RO";"DEL02-RO";"UOP01-DEL02-RO"
371078;2021-07-16;"sexta-feira";"22:20:00";"PA";316;23;"BENEVIDES";"Afundamento ou ondulação no pavimento";"Tombamento";"Com Vítimas Feridas";"Plena Noite";"Decrescente";"Nublado";"Dupla";"Reta";"Não";2;0;1;1;0;0;2;1;-1,34599732;-48,25152822;"SPRF-PA";"DEL01-PA";"UOP01-DEL01-PA"
371079;2021-07-16;"sexta-feira";"13:40:00";"SP";116;140,8;"SAO JOSE DOS CAMPOS";"Reação tardia ou ineficiente do condutor";"Colisão traseira";"Com Vítimas Feridas";"Pleno dia";"Crescente";"Céu Claro";"Dupla";"Reta";"Sim";3;0;1;0;2;0;1;2;-23,16577714;-45,81246193;"SPRF-SP";"DEL02-SP";"UOP01-DEL02-SP"
371080;2021-07-16;"sexta-feira";"22:45:00";"SC";280;24,5;"ARAQUARI";"Pedestre cruzava a pista fora da faixa";"Atropelamento de Pedestre";"Com Vítimas Feridas";"Plena Noite";"Decrescente";"Garoa/Chuvisco";"Simples";"Reta";"Não";3;0;1;2;0;0;3;2;-26,37724921;-48,71953282;"SPRF-SC";"DEL03-SC";"UOP03-DEL03-SC"
371081;2021-07-16;"sexta-feira";"19:05:00";"RS";116;149,5;"CAXIAS DO SUL";"Condutor deixou de manter distância do veículo da frente";"Colisão traseira";"Com Vítimas Feridas";"Plena Noite";"Decrescente";"Céu Claro";"Dupla";"Reta";"Sim";3;0;1;0;2;0;1;2;-29,15996905;-51,15645292;"SPRF-RS";"DEL05-RS";"UOP01-DEL05-RS"
371082;2021-07-16;"sexta-feira";"22:30:00";"ES";101;146;"LINHARES";"Ingestão de álcool pelo condutor";"Colisão traseira";"Sem Vítimas";"Plena Noite";"Crescente";"Nublado";"Múltipla";"Interseção de Vias";"Sim";3;0;0;0;3;0;0;3;-19,36990998;-40,06560718;"SPRF-ES";"DEL04-ES";"UOP01-DEL04-ES"
371083;2021-07-16;"sexta-feira";"22:35:00";"PE";232;36,2;"MORENO";"Demais falhas mecânicas ou elétricas";"Incêndio";"Sem Vítimas";"Plena Noite";"Crescente";"Garoa/Chuvisco";"Dupla";"Reta";"Não";1;0;0;0;0;1;0;1;-8,11082778;-35,20125807;"SPRF-PE";"DEL01-PE";"UOP01-DEL01-PE"
371085;2021-07-16;"sexta-feira";"23:30:00";"RN";101;110,5;"PARNAMIRIM";"Animais na Pista";"Atropelamento de Animal";"Com Vítimas Feridas";"Plena Noite";"Crescente";"Céu Claro";"Dupla";"Reta";"Sim";2;0;0;1;1;0;1;2;-5,946376;-35,26485;"SPRF-RN";"DEL01-RN";"UOP01-DEL01-RN"
371087;2021-07-16;"sexta-feira";"23:50:00";"SC";101;206;"SAO JOSE";"Reação tardia ou ineficiente do condutor";"Colisão transversal";"Com Vítimas Feridas";"Plena Noite";"Crescente";"Nublado";"Simples";"Viaduto";"Sim";3;0;2;0;1;0;2;2;-27,59193546;-48,61824557;"SPRF-SC";"DEL01-SC";"UOP01-DEL01-SC"
371088;2021-07-16;"sexta-feira";"22:40:00";"RJ";101;323;"NITEROI";"Frear bruscamente";"Colisão traseira";"Com Vítimas Feridas";"Plena Noite";"Decrescente";"Céu Claro";"Dupla";"Reta";"Não";2;0;1;0;1;0;1;2;-22,87684786;-43,11728689;"SPRF-RJ";"DEL02-RJ";"UOP02-DEL02-RJ"
371089;2021-07-16;"sexta-feira";"17:50:00";"PR";376;182;"SARANDI";"Reação tardia ou ineficiente do condutor";"Colisão com objeto";"Sem Vítimas";"Anoitecer";"Crescente";"Chuva";"Múltipla";"Reta";"Sim";1;0;0;0;1;0;0;1;-23,43309443;-51,88551659;"SPRF-PR";"DEL09-PR";"UOP01-DEL09-PR"
371090;2021-07-16;"sexta-feira";"22:15:00";"RS";285;196,7;"LAGOA VERMELHA";"Reação tardia ou ineficiente do condutor";"Colisão transversal";"Com Vítimas Feridas";"Plena Noite";"Decrescente";"Céu Claro";"Simples";"Interseção de Vias";"Não";3;0;1;0;2;0;1;2;-28,22687;-51,506737;"SPRF-RS";"DEL08-RS";"UOP05-DEL08-RS"