"id";"data_inversa";"dia_semana";"horario";"uf";"br";"km";"municipio";"causa_acidente";"tipo_acidente";"classificacao_acidente";"fase_dia";"sentido_via";"condicao_metereologica";"tipo_pista";"tracado_via";"uso_solo";"pessoas";"mortos";"feridos_leves";"feridos_graves";"ilesos";"ignorados";"feridos";"veiculos";"latitude";"longitude";"regional";"delegacia";"uop"
371091;2021-07-16;"sexta-feira";"21:50:00";"PR";376;5;"MARINGA";"Reação tardia ou ineficiente do condutor";"Colisão com objeto";"Sem Vítimas";"Plena Noite";"Crescente";"Chuva";"Dupla";"Aclive";"Sim";1;0;0;0;0;1;0;1;-23,38331392;-51,9629466;"SPRF-PR";"DEL07-PR";"UOP03-DEL07-PR"
371092;2021-07-16;"sexta-feira";"23:20:00";"SC";282;574,3;"PINHALZINHO";"Ingestão de álcool pelo condutor";"Colisão transversal";"Sem Vítimas";"Plena Noite";"Crescente";"Nevoeiro/Neblina";"Simples";"Rotatória";"Não";2;0;0;0;2;0;0;2;-26,867399;-52,965149;"SPRF-SC";"DEL07-SC";"UOP02-DEL07-SC"
371094;2021-07-17;"sábado";"00:25:00";"PR";277;717;"SANTA TEREZINHA DE ITAIPU";"Avarias e/ou desgaste excessivo no pneu";"Saída de leito carroçável";"Sem Vítimas";"Plena Noite";"Decrescente";"Nublado";"Dupla";"Reta";"Não";1;0;0;0;0;1;0;1;-25,47637493;-54,47651902;"SPRF-PR";"DEL05-PR";"UOP01-DEL05-PR"
371095;2021-07-16;"sexta-feira";"21:00:00";"MA";230;33;"BARAO DE GRAJAU";"Animais na Pista";"Atropelamento de Animal";"Com Vítimas Feridas";"Plena Noite";"Crescente";"Céu Claro";"Simples";"Ponte";"Não";5;0;5;0;0;0;5;1;-6,68457681;-43,28033591;"SPRF-PI";"DEL03-PI";"UOP01-DEL03-PI"
371096;2021-07-17;"sábado";"00:30:00";"RS";392;72,5;"PELOTAS";"Avarias e/ou desgaste excessivo no pneu";"Saída de leito carroçável";"Com Vítimas Feridas";"Plena Noite";"Decrescente";"Céu Claro";"Simples";"Reta";"Não";1;0;1;0;0;0;1;1;-31,721104;-52,389843;"SPRF-RS";"DEL07-RS";"UOP01-DEL07-RS"
371097;2021-07-17;"sábado";"01:40:00";"RS";116;528,5;"CAPAO DO LEAO";"Animais na Pista";"Atropelamento de Animal";"Sem Vítimas";"Plena Noite";"Crescente";"Nublado";"Simples";"Declive;Reta";"Não";1;0;0;0;1;0;0;1;-31,75074207;-52,41851397;"SPRF-RS";"DEL07-RS";"UOP01-DEL07-RS"
371099;2021-07-16;"sexta-feira";"20:40:00";"PA";230;715;"BRASIL NOVO";"Reação tardia ou ineficiente do condutor";"Tombamento";"Com Vítimas Feridas";"Plena Noite";"Crescente";"Céu Claro";"Simples";"Declive;Reta";"Não";1;0;1;0;0;0;1;1;-3,3698596;-52,6494512;"SPRF-PA";"DEL04-PA";"UOP01-DEL04-PA"
371100;2021-07-17;"sábado";"01:35:00";"SC";470;126;"LONTRAS";"Chuva";"Tombamento";"Com Vítimas Feridas";"Plena Noite";"Decrescente";"Chuva";"Simples";"Curva";"Não";1;0;1;0;0;0;1;1;-27,129;-49,538277;"SPRF-SC";"DEL04-SC";"UOP02-DEL04-SC"
371101;2021-07-17;"sábado";"02:00:00";"PR";116;128,2;"FAZENDA RIO GRANDE";"Ingestão de álcool pelo condutor";"Colisão lateral mesmo sentido";"Sem Vítimas";"Plena Noite";"Crescente";"Chuva";"Dupla";"Curva";"Sim";2;0;0;0;1;1;0;2;-25,62150831;-49,31621728;"SPRF-PR";"DEL01-PR";"UOP03-DEL01-PR"
371102;2021-07-17;"sábado";"02:15:00";"ES";101;117;"SOORETAMA";"Manobra de mudança de faixa";"Tombamento";"Com Vítimas Feridas";"Plena Noite";"Crescente";"Nublado";"Simples";"Reta";"Não";2;0;2;0;0;0;2;1;-19,11932808;-40,06302982;"SPRF-ES";"DEL04-ES";"UOP01-DEL04-ES"
371104;2021-07-17;"sábado";"02:00:00";"SC";101;251,1;"PAULO LOPES";"Reação tardia ou ineficiente do condutor";"Colisão com objeto";"Com Vítimas Feridas";"Plena Noite";"Decrescente";"Céu Claro";"Dupla";"Ponte";"Sim";2;0;1;1;0;0;2;1;-27,9490242;-48,67206568;"SPRF-SC";"DEL02-SC";"UOP03-DEL02-SC"
371105;2021-07-17;"sábado";"02:20:00";"ES";262;177,3;"IBATIBA";"Ingestão de álcool pelo condutor";"Colisão frontal";"Com Vítimas Feridas";"Plena Noite";"Crescente";"Céu Claro";"Simples";"Curva";"Não";7;0;3;3;1;0;6;2;-20,28062181;-41,64687634;"SPRF-ES";"DEL01-ES";"UOP02-DEL01-ES"
371106;2021-07-17;"sábado";"02:10:00";"RJ";101;311;"SAO GONCALO";"Ausência de reação do condutor";"Colisão com objeto";"Com Vítimas Feridas";"Plena Noite";"Decrescente";"Céu Claro";"Dupla";"Ponte";"Sim";1;0;1;0;0;0;1;1;-22,80062246;-43,05318779;"SPRF-RJ";"DEL02-RJ";"UOP02-DEL02-RJ"
371107;2021-07-17;"sábado";"03:20:00";"ES";101;339;"GUARAPARI";"Pedestre andava na pista";"Atropelamento de Pedestre";"Com Vítimas Feridas";"Plena Noite";"Crescente";"Céu Claro";"Simples";"Em Obras;Reta";"Não";2;0;0;1;0;1;1;2;-20,64347205;-40,55826601;"SPRF-ES";"DEL03-ES";"UOP01-DEL03-ES"
371108;2021-07-17;"sábado";"02:20:00";"SP";488;1;"APARECIDA";"Ingestão de álcool pelo condutor";"Colisão com objeto";"Sem Vítimas";"Plena Noite";"Crescente";"Céu Claro";"Dupla";"Reta";"Sim";1;0;0;0;1;0;0;1;-22,850164;-45,231808;"SPRF-SP";"DEL08-SP";"UOP01-DEL08-SP"
371109;2021-07-17;"sábado";"02:50:00";"DF";70;15;"BRASILIA";"Ausência de reação do condutor";"Saída de leito carroçável";"Com Vítimas Feridas";"Plena Noite";"Crescente";"Céu Claro";"Dupla";"Rotatória";"Sim";1;0;1;0;0;0;1;1;-15,798888;-48,185043;"SPRF-DF";"DEL03-DF";"UOP02-DEL03-DF"
371110;2021-07-17;"sábado";"04:15:00";"ES";101;12;"PEDRO CANARIO";"Condutor Dormindo";"Saída de leito carroçável";"Com Vítimas Feridas";"Plena Noite";"Crescente";"Céu Claro";"Simples";"Reta";"Não";5;0;3;2;0;0;5;1;-18,26546317;-39,95721865;"SPRF-ES";"DEL04-ES";"UOP02-DEL04-ES"
371111;2021-07-17;"sábado";"03:45:00";"MG";116;276,4;"TEOFILO OTONI";"Ingestão de álcool pelo condutor";"Colisão lateral mesmo sentido";"Com Vítimas Feridas";"Plena Noite";"Crescente";"Céu Claro";"Simples";"Reta";"Sim";3;0;2;0;0;1;2;3;-17,85105696;-41,51454492;"SPRF-MG";"DEL11-MG";"UOP01-DEL11-MG"
371116;2021-07-17;"sábado";"02:50:00";"SC";470;42,2;"GASPAR";"Retorno proibido";"Colisão traseira";"Com Vítimas Feridas";"Plena Noite";"Decrescente";"Nublado";"Simples";"Aclive;Reta;Em Obras";"Não";3;0;1;0;1;1;1;2;-26,875719;-49,003746;"SPRF-SC";"DEL04-SC";"UOP01-DEL04-SC"
371118;2021-07-17;"sábado";"04:15:00";"SC";101;461,1;"PASSO DE TORRES";"Ingestão de álcool pelo condutor";"Saída de leito carroçável";"Com Vítimas Feridas";"Plena Noite";"Decrescente";"Céu Claro";"Dupla";"Reta";"Não";1;0;1;0;0;0;1;1;-29,26681993;-49,75517865;"SPRF-RS";"DEL03-RS";"UOP02-DEL03-RS"
371119;2021-07-17;"sábado";"03:10:00";"PR";277;722;"FOZ DO IGUACU";"Velocidade Incompatível";"Saída de leito carroçável";"Sem Vítimas";"Plena Noite";"Crescente";"Nublado";"Dupla";"Reta";"Sim";1;0;0;0;0;1;0;1;-25,49494908;-54,52095097;"SPRF-PR";"DEL05-PR";"UOP03-DEL05-PR"
371120;2021-07-17;"sábado";"04:30:00";"SC";470;59,3;"BLUMENAU";"Ingestão de álcool pelo condutor";"Saída de leito carroçável";"Sem Vítimas";"Plena Noite";"Crescente";"Nublado";"Simples";"Curva";"Não";1;0;0;0;1;0;0;1;-26,882812;-49,1548;"SPRF-SC";"DEL04-SC";"UOP01-DEL04-SC"
371122;2021-07-17;"sábado";"04:20:00";"RR";174;502;"BOA VISTA";"Ingestão de álcool pelo condutor";"Colisão com objeto";"Com Vítimas Feridas";"Plena Noite";"Crescente";"Céu Claro";"Dupla";"Reta";"Sim";2;0;0;1;0;1;1;2;2,787376;-60,699524;"SPRF-RR";"DEL01-RR";"UOP01-DEL01-RR"
371123;2021-07-17;"sábado";"02:20:00";"SC";470;135,9;"RIO DO SUL";"Ingestão de álcool pelo condutor";"Tombamento";"Sem Vítimas";"Pleno dia";"Decrescente";"Garoa/Chuvisco";"Simples";"Reta";"Sim";1;0;0;0;1;0;0;1;-27,188492;-49,61232;"SPRF-SC";"DEL04-SC";"UOP02-DEL04-SC"
371124;2021-07-17;"sábado";"05:20:00";"SP";116;224,4;"GUARULHOS";"Condutor deixou de manter distância do veículo da frente";"Colisão traseira";"Com Vítimas Feridas";"Amanhecer";"Crescente";"Chuva";"Múltipla";"Reta";"Sim";3;0;1;0;2;0;1;2;-23,48071896;-46,53271603;"SPRF-SP";"DEL01-SP";"UOP01-DEL01-SP"
371128;2021-07-17;"sábado";"05:15:00";"RS";285;421;"PANAMBI";"Ausência de reação do condutor";"Saída de leito carroçável";"Com Vítimas Feridas";"Plena Noite";"Crescente";"Céu Claro";"Simples";"Curva";"Não";1;0;1;0;0;0;1;1;-28,33903369;-53,56635701;"SPRF-RS";"DEL10-RS";"UOP01-DEL10-RS"
371129;2021-06-07;"segunda-feira";"01:30:00";"MG";153;41,9;"CANAPOLIS";"Ausência de reação do condutor";"Capotamento";"Sem Vítimas";"Plena Noite";"Crescente";"Nublado";"Dupla";"Reta";"Não";1;0;0;0;0;1;0;1;-18,7497043;-49,08485322;"SPRF-MG";"DEL15-MG";"UOP03-DEL15-MG"
371132;2021-07-16;"sexta-feira";"19:00:00";"BA";101;555;"ARATACA";"Velocidade Incompatível";"Saída de leito carroçável";"Com Vítimas Feridas";"Plena Noite";"Decrescente";"Céu Claro";"Simples";"Curva";"Não";1;0;1;0;0;0;1;1;-15,30982997;-39,49528134;"SPRF-BA";"DEL05-BA";"UOP02-DEL05-BA"
371133;2021-07-17;"sábado";"06:40:00";"MG";381;686,3;"LAVRAS";"Condutor Dormindo";"Saída de leito carroçável";"Com Vítimas Feridas";"Pleno dia";"Crescente";"Céu Claro";"Dupla";"Curva";"Não";3;0;2;0;1;0;2;1;-21,20030689;-45,11944438;"SPRF-MG";"DEL04-MG";"UOP02-DEL04-MG"
371135;2021-07-17;"sábado";"07:00:00";"ES";101;190,5;"ARACRUZ";"Reação tardia ou ineficiente do condutor";"Queda de ocupante de veículo";"Com Vítimas Feridas";"Pleno dia";"Decrescente";"Céu Claro";"Simples";"Interseção de Vias";"Não";1;0;1;0;0;0;1;1;-19,68560509;-40,27853793;"SPRF-ES";"DEL04-ES";"UOP01-DEL04-ES"
371137;2021-07-17;"sábado";"02:00:00";"BA";101;817,6;"PRADO";"Condutor Dormindo";"Saída de leito carroçável";"Com Vítimas Feridas";"Plena Noite";"Crescente";"Nevoeiro/Neblina";"Simples";"Curva";"Não";4;0;1;0;3;0;1;1;-17,25428798;-39,63099022;"SPRF-BA";"DEL09-BA";"UOP02-DEL09-BA"
371138;2021-07-17;"sábado";"07:20:00";"DF";40;4;"BRASILIA";"Condutor deixou de manter distância do veículo da frente";"Colisão traseira";"Com Vítimas Feridas";"Pleno dia";"Crescente";"Céu Claro";"Dupla";"Reta";"Sim";1;0;1;0;0;0;1;1;-16,012033;-47,982124;"SPRF-DF";"DEL01-DF";"UOP01-DEL01-DF"
371140;2021-07-17;"sábado";"07:40:00";"PE";232;22;"MORENO";"Demais falhas mecânicas ou elétricas";"Saída de leito carroçável";"Com Vítimas Feridas";"Pleno dia";"Decrescente";"Nublado";"Múltipla";"Declive;Curva";"Não";1;0;1;0;0;0;1;1;-8,09712273;-35,088592;"SPRF-PE";"DEL01-PE";"UOP01-DEL01-PE"
371141;2021-07-17;"sábado";"07:40:00";"RN";101;83,5;"NATAL";"Condutor deixou de manter distância do veículo da frente";"Colisão traseira";"Com Vítimas Feridas";"Pleno dia";"Crescente";"Nublado";"Dupla";"Reta";"Sim";2;0;1;0;1;0;1;2;-5,774175;-35,2578;"SPRF-RN";"DEL02-RN";"UOP01-DEL02-RN"
371143;2021-07-17;"sábado";"09:00:00";"PE";101;59,5;"RECIFE";"Condutor deixou de manter distância do veículo da frente";"Colisão traseira";"Com Vítimas Feridas";"Pleno dia";"Decrescente";"Chuva";"Dupla";"Reta";"Sim";2;0;1;0;1;0;1;2;-7,97708575;-34,92607318;"SPRF-PE";"DEL01-PE";"UOP02-DEL01-PE"
371144;2021-07-17;"sábado";"08:10:00";"MG";40;518,4;"RIBEIRAO DAS NEVES";"Demais falhas mecânicas ou elétricas";"Incêndio";"Com Vítimas Feridas";"Pleno dia";"Crescente";"Céu Claro";"Dupla";"Reta";"Não";1;0;0;1;0;0;1;1;-19,8321242;-44,08208533;"SPRF-MG";"DEL01-MG";"UOP02-DEL01-MG"
371145;2021-07-17;"sábado";"07:00:00";"BA";116;449,8;"ANTONIO CARDOSO";"Ingestão de álcool pelo condutor";"Saída de leito carroçável";"Sem Vítimas";"Pleno dia";"Crescente";"Céu Claro";"Dupla";"Aclive";"Não";1;0;0;0;1;0;0;1;-12,37538536;-39,12097471;"SPRF-BA";"DEL02-BA";"UOP01-DEL02-BA"
371146;2021-07-17;"sábado";"08:40:00";"MG";40;414;"CURVELO";"Desrespeitar a preferência no cruzamento";"Colisão transversal";"Com Vítimas Feridas";"Pleno dia";"Decrescente";"Céu Claro";"Simples";"Reta";"Não";5;0;2;1;2;0;3;2;-19,13829649;-44,61526051;"SPRF-MG";"DEL02-MG";"UOP01-DEL02-MG"
371147;2021-07-17;"sábado";"08:30:00";"BA";324;535;"AMELIA RODRIGUES";"Demais falhas mecânicas ou elétricas";"Colisão transversal";"Sem Vítimas";"Pleno dia";"Decrescente";"Céu Claro";"Dupla";"Reta";"Sim";2;0;0;0;2;0;0;2;-12,35775097;-38,82802597;"SPRF-BA";"DEL01-BA";"UOP03-DEL01-BA"
371148;2021-07-17;"sábado";"08:00:00";"SC";163;77,8;"SAO MIGUEL DO OESTE";"Acessar a via sem observar a presença dos outros veículos";"Colisão transversal";"Com Vítimas Feridas";"Pleno dia";"Decrescente";"Nevoeiro/Neblina";"Simples";"Em Obras;Reta";"Não";2;0;2;0;0;0;2;2;-26,67615498;-53,51669997;"SPRF-SC";"DEL07-SC";"UOP03-DEL07-SC"
371149;2021-07-17;"sábado";"07:00:00";"RS";471;173,8;"RIO PARDO";"Reação tardia ou ineficiente do condutor";"Saída de leito carroçável";"Sem Vítimas";"Amanhecer";"Decrescente";"Nevoeiro/Neblina";"Simples";"Curva";"Sim";1;0;0;0;0;1;0;1;-29,97768772;-52,37270594;"SPRF-RS";"DEL02-RS";"UOP03-DEL02-RS"
371150;2021-07-04;"domingo";"18:10:00";"PB";230;161;"CAMPINA GRANDE";"Animais na Pista";"Tombamento";"Com Vítimas Feridas";"Anoitecer";"Crescente";"Nublado";"Simples";"Reta";"Não";4;0;1;0;3;0;1;2;-7,2361;-35,941;"SPRF-PB";"DEL02-PB";"UOP01-DEL02-PB"
371151;2021-06-23;"quarta-feira";"23:20:00";"BA";116;14,6;"VITORIA DA CONQUISTA";"Ingestão de álcool pelo condutor";"Atropelamento de Animal";"Com Vítimas Feridas";"Plena Noite";"Crescente";"Céu Claro";"Simples";"Reta";"Não";2;0;2;0;0;0;2;1;-14,89572993;-40,86157372;"SPRF-PE";"DEL05-PE";"UOP01-DEL05-PE"
371152;2021-04-04;"domingo";"09:01:00";"MG";381;544,1;"ITATIAIUCU";"Velocidade Incompatível";"Colisão traseira";"Com Vítimas Feridas";"Pleno dia";"Crescente";"Sol";"Dupla";"Reta";"Não";2;0;1;0;1;0;1;2;-20,28193579;-44,42882633;"SPRF-MG";"DEL04-MG";"UOP03-DEL04-MG"
371153;2021-07-17;"sábado";"10:00:00";"PR";277;77;"SAO JOSE DOS PINHAIS";"Manobra de mudança de faixa";"Colisão lateral mesmo sentido";"Com Vítimas Feridas";"Pleno dia";"Decrescente";"Nublado";"Dupla";"Reta";"Sim";3;0;2;0;1;0;2;3;-25,51327981;-49,12433291;"SPRF-PR";"DEL01-PR";"UOP01-DEL01-PR"
371154;2021-07-17;"sábado";"09:05:00";"MS";163;620;"SAO GABRIEL DO OESTE";"Avarias e/ou desgaste excessivo no pneu";"Tombamento";"Com Vítimas Feridas";"Pleno dia";"Crescente";"Sol";"Dupla";"Reta";"Não";2;0;2;0;0;0;2;1;-19,35975019;-54,58968631;"SPRF-MS";"DEL06-MS";"UOP02-DEL06-MS"
371155;2021-07-17;"sábado";"09:20:00";"CE";20;349,2;"CARIDADE";"Reação tardia ou ineficiente do condutor";"Colisão traseira";"Sem Vítimas";"Pleno dia";"Decrescente";"Céu Claro";"Simples";"Reta";"Não";3;0;0;0;3;0;0;2;-4,094943;-39,055965;"SPRF-CE";"DEL02-CE";"UOP01-DEL02-CE"
371156;2021-07-17;"sábado";"09:00:00";"MG";50;3;"UBERLANDIA";"Reação tardia ou ineficiente do condutor";"Tombamento";"Com Vítimas Feridas";"Pleno dia";"Decrescente";"Céu Claro";"Dupla";"Declive;Reta";"Não";1;0;1;0;0;0;1;1;-18,8624327;-48,20903778;"SPRF-MG";"DEL15-MG";"UOP01-DEL15-MG"
371157;2021-07-17;"sábado";"10:05:00";"RN";101;118,9;"SAO JOSE DE MIPIBU";"Pedestre andava na pista";"Colisão com objeto";"Com Vítimas Feridas";"Pleno dia";"Decrescente";"Nublado";"Dupla";"Reta";"Não";2;0;1;0;1;0;1;1;-6,016059;-35,253475;"SPRF-RN";"DEL01-RN";"UOP01-DEL01-RN"
371158;2021-07-17;"sábado";"10:00:00";"SC";101;435,4;"SOMBRIO";"Manobra de mudança de faixa";"Colisão lateral mesmo sentido";"Com Vítimas Feridas";"Pleno dia";"Decrescente";"Sol";"Simples";"Reta";"Sim";3;0;2;0;1;0;2;2;-29,1095437;-49,63758767;"SPRF-SC";"DEL02-SC";"UOP02-DEL02-SC"
371161;2021-07-17;"sábado";"10:30:00";"PE";101;42,7;"IGARASSU";"Acessar a via sem observar a presença dos outros veículos";"Colisão traseira";"Com Vítimas Feridas";"Pleno dia";"Decrescente";"Nublado";"Múltipla";"Reta";"Sim";3;0;1;0;1;1;1;2;-7,83887431;-34,91196739;"SPRF-PE";"DEL01-PE";"UOP02-DEL01-PE"
371163;2021-07-17;"sábado";"10:30:00";"MG";40;559,8;"NOVA LIMA";"Reação tardia ou ineficiente do condutor";"Colisão com objeto";"Com Vítimas Fatais";"Pleno dia";"Crescente";"Sol";"Múltipla";"Reta";"Sim";1;1;0;0;0;0;0;1;-20,11861708;-43,96783926;"SPRF-MG";"DEL01-MG";"UOP02-DEL01-MG"
371164;2021-07-17;"sábado";"07:30:00";"MG";116;744;"LEOPOLDINA";"Demais falhas mecânicas ou elétricas";"Saída de leito carroçável";"Sem Vítimas";"Pleno dia";"Crescente";"Céu Claro";"Simples";"Reta";"Não";1;0;0;0;1;0;0;1;-21,42227206;-42,50880191;"SPRF-MG";"DEL07-MG";"UOP01-DEL07-MG"
371166;2021-07-17;"sábado";"09:05:00";"MA";135;5,7;"SAO LUIS";"Condutor deixou de manter distância do veículo da frente";"Colisão traseira";"Sem Vítimas";"Pleno dia";"Decrescente";"Céu Claro";"Dupla";"Retorno Regulamentado";"Sim";2;0;0;0;1;1;0;2;-2,62145385;-44,25797421;"SPRF-MA";"DEL01-MA";"UOP01-DEL01-MA"
371167;2021-07-17;"sábado";"10:25:00";"MS";163;497;"CAMPO GRANDE";"Demais falhas mecânicas ou elétricas";"Tombamento";"Com Vítimas Feridas";"Pleno dia";"Decrescente";"Céu Claro";"Simples";"Reta";"Não";2;0;1;1;0;0;2;1;-20,35232402;-54,52049797;"SPRF-MS";"DEL01-MS";"UOP02-DEL01-MS"
371169;2021-07-17;"sábado";"11:10:00";"SC";101;131,8;"BALNEARIO CAMBORIU";"Reação tardia ou ineficiente do condutor";"Tombamento";"Com Vítimas Feridas";"Pleno dia";"Decrescente";"Sol";"Dupla";"Reta";"Não";1;0;1;0;0;0;1;1;-26,99064209;-48,66310912;"SPRF-SC";"DEL04-SC";"UOP03-DEL04-SC"
371170;2021-07-17;"sábado";"10:30:00";"GO";60;230,6;"CEZARINA";"Ausência de reação do condutor";"Colisão traseira";"Com Vítimas Feridas";"Pleno dia";"Crescente";"Céu Claro";"Dupla";"Curva";"Não";2;0;1;0;1;0;1;2;-17,0553;-49,7925;"SPRF-GO";"DEL01-GO";"UOP02-DEL01-GO"
371172;2021-07-17;"sábado";"11:30:00";"RJ";40;106;"DUQUE DE CAXIAS";"Trafegar com motocicleta (ou similar) entre as faixas";"Colisão traseira";"Com Vítimas Feridas";"Pleno dia";"Decrescente";"Céu Claro";"Dupla";"Reta";"Não";3;0;2;0;1;0;2;2;-22,64679;-43,283726;"SPRF-RJ";"DEL01-RJ";"UOP01-DEL01-RJ"
371173;2021-07-17;"sábado";"10:40:00";"RJ";40;89;"PETROPOLIS";"Demais falhas na via";"Saída de leito carroçável";"Com Vítimas Feridas";"Pleno dia";"Decrescente";"Nublado";"Simples";"Curva";"Não";1;0;1;0;0;0;1;1;-22,556263;-43,23718;"SPRF-RJ";"DEL06-RJ";"UOP01-DEL06-RJ"
371174;2021-07-17;"sábado";"11:55:00";"RS";158;476,7;"ROSARIO DO SUL";"Demais falhas mecânicas ou elétricas";"Incêndio";"Sem Vítimas";"Pleno dia";"Crescente";"Sol";"Simples";"Reta";"Não";3;0;0;0;3;0;0;1;-30,31733788;-54,99940324;"SPRF-RS";"DEL11-RS";"UOP02-DEL11-RS"
371175;2021-07-17;"sábado";"12:10:00";"SC";101;119,2;"ITAJAI";"Trafegar com motocicleta (ou similar) entre as faixas";"Colisão traseira";"Com Vítimas Feridas";"Pleno dia";"Decrescente";"Céu Claro";"Múltipla";"Reta";"Sim";2;0;1;0;1;0;1;2;-26,9043179;-48,71555481;"SPRF-SC";"DEL04-SC";"UOP04-DEL04-SC"
371176;2021-07-17;"sábado";"11:45:00";"RS";386;224,7;"SOLEDADE";"Reação tardia ou ineficiente do condutor";"Saída de leito carroçável";"Com Vítimas Feridas";"Pleno dia";"Decrescente";"Nublado";"Simples";"Reta";"Não";2;0;2;0;0;0;2;1;-28,65362;-52,613049;"SPRF-RS";"DEL04-RS";"UOP03-DEL04-RS"
371177;2021-07-17;"sábado";"11:45:00";"CE";116;65,7;"CHOROZINHO";"Acessar a via sem observar a presença dos outros veículos";"Colisão lateral mesmo sentido";"Com Vítimas Feridas";"Pleno dia";"Decrescente";"Céu Claro";"Simples";"Reta";"Sim";2;0;0;1;0;1;1;2;-4,28986706;-38,49688277;"SPRF-CE";"DEL03-CE";"UOP02-DEL03-CE"
371178;2021-07-17;"sábado";"03:40:00";"PI";135;418;"MONTE ALEGRE DO PIAUI";"Ausência de reação do condutor";"Saída de leito carroçável";"Com Vítimas Feridas";"Plena Noite";"Crescente";"Céu Claro";"Simples";"Declive;Curva";"Não";3;0;2;0;1;0;2;1;-9,57184007;-45,01021993;"SPRF-PI";"DEL03-PI";"UOP02-DEL03-PI"
371179;2021-07-17;"sábado";"11:15:00";"SP";116;348;"MIRACATU";"Reação tardia ou ineficiente do condutor";"Colisão com objeto";"Com Vítimas Feridas";"Pleno dia";"Decrescente";"Garoa/Chuvisco";"Múltipla";"Curva";"Não";4;0;2;0;2;0;2;1;-24,046175;-47,195403;"SPRF-SP";"DEL04-SP";"UOP02-DEL04-SP"
371180;2021-07-17;"sábado";"12:00:00";"RS";470;194;"BENTO GONCALVES";"Reação tardia ou ineficiente do condutor";"Tombamento";"Com Vítimas Feridas";"Pleno dia";"Crescente";"Sol";"Simples";"Curva;Aclive";"Não";2;0;2;0;0;0;2;1;-29,05071124;-51,5742445;"SPRF-RS";"DEL06-RS";"UOP02-DEL06-RS"
371181;2021-07-17;"sábado";"12:30:00";"PR";376;215;"JANDAIA DO SUL";"Desrespeitar a preferência no cruzamento";"Colisão transversal";"Com Vítimas Feridas";"Pleno dia";"Crescente";"Céu Claro";"Simples";"Interseção de Vias";"Sim";3;0;3;0;0;0;3;2;-23,58841302;-51,64574146;"SPRF-PR";"DEL09-PR";"UOP01-DEL09-PR"
371183;2021-07-17;"sábado";"13:15:00";"CE";222;6,3;"CAUCAIA";"Ausência de reação do condutor";"Queda de ocupante de veículo";"Com Vítimas Feridas";"Pleno dia";"Crescente";"Sol";"Dupla";"Reta";"Sim";2;0;1;0;0;1;1;1;-3,74762176;-38,62666368;"SPRF-CE";"DEL01-CE";"UOP01-DEL01-CE"
371186;2021-07-17;"sábado";"12:55:00";"RN";101;78,6;"NATAL";"Reação tardia ou ineficiente do condutor";"Colisão transversal";"Com Vítimas Feridas";"Pleno dia";"Decrescente";"Chuva";"Dupla";"Interseção de Vias";"Sim";2;0;0;1;1;0;1;2;-5,74614445;-35,28963273;"SPRF-RN";"DEL02-RN";"UOP01-DEL02-RN"
371187;2021-07-17;"sábado";"13:30:00";"SC";101;164;"TIJUCAS";"Reação tardia ou ineficiente do condutor";"Colisão com objeto";"Com Vítimas Feridas";"Pleno dia";"Decrescente";"Céu Claro";"Simples";"Reta";"Sim";1;0;1;0;0;0;1;1;-27,243868;-48,6309;"SPRF-SC";"DEL04-SC";"UOP03-DEL04-SC"
371188;2021-07-17;"sábado";"13:05:00";"SP";116;144;"SAO JOSE DOS CAMPOS";"Ausência de reação do condutor";"Colisão traseira";"Sem Vítimas";"Pleno dia";"Decrescente";"Céu Claro";"Múltipla";"Reta";"Não";2;0;0;0;2;0;0;2;-23,18274416;-45,84633592;"SPRF-SP";"DEL02-SP";"UOP01-DEL02-SP"
371189;2021-07-17;"sábado";"11:00:00";"MA";222;674,5;"ACAILANDIA";"Acessar a via sem observar a presença dos outros veículos";"Colisão transversal";"Com Vítimas Feridas";"Pleno dia";"Crescente";"Céu Claro";"Simples";"Aclive";"Sim";3;0;3;0;0;0;3;2;-4,93412557;-47,45359225;"SPRF-MA";"DEL04-MA";"UOP03-DEL04-MA"
371191;2021-07-17;"sábado";"12:15:00";"PR";376;319;"ORTIGUEIRA";"Demais falhas mecânicas ou elétricas";"Incêndio";"Sem Vítimas";"Pleno dia";"Decrescente";"Nublado";"Simples";"Reta;Declive";"Não";1;0;0;0;1;0;0;1;-24,01963683;-51,09352827;"SPRF-PR";"DEL07-PR";"UOP02-DEL07-PR"
371192;2021-07-17;"sábado";"12:50:00";"PR";376;287;"MAUA DA SERRA";"Velocidade Incompatível";"Saída de leito carroçável";"Com Vítimas Feridas";"Pleno dia";"Crescente";"Nublado";"Dupla";"Reta";"Não";2;0;1;0;1;0;1;1;-23,88105035;-51,24903202;"SPRF-PR";"DEL07-PR";"UOP02-DEL07-PR"
371197;2021-07-17;"sábado";"13:15:00";"MT";364;404,5;"CUIABA";"Reação tardia ou ineficiente do condutor";"Colisão traseira";"Com Vítimas Feridas";"Pleno dia";"Crescente";"Céu Claro";"Dupla";"Reta";"Sim";2;0;0;1;1;0;1;2;-15,64272018;-56,01736665;"SPRF-MT";"DEL01-MT";"UOP02-DEL01-MT"
371198;2021-07-17;"sábado";"12:40:00";"RJ";116;307,5;"RESENDE";"Ausência de reação do condutor";"Colisão lateral sentido oposto";"Sem Vítimas";"Pleno dia";"Crescente";"Céu Claro";"Simples";"Reta";"Não";2;0;0;0;1;1;0;2;-22,45713262;-44,41063703;"SPRF-RJ";"DEL07-RJ";"UOP02-DEL07-RJ"