"id";"data_inversa";"dia_semana";"horario";"uf";"br";"km";"municipio";"causa_acidente";"tipo_acidente";"classificacao_acidente";"fase_dia";"sentido_via";"condicao_metereologica";"tipo_pista";"tracado_via";"uso_solo";"pessoas";"mortos";"feridos_leves";"feridos_graves";"ilesos";"ignorados";"feridos";"veiculos";"latitude";"longitude";"regional";"delegacia";"uop"
371303;2021-07-17;"sábado";"18:00:00";"AL";104;35;"UNIAO DOS PALMARES";"Condutor deixou de manter distância do veículo da frente";"Colisão traseira";"Com Vítimas Feridas";"Plena Noite";"Crescente";"Garoa/Chuvisco";"Simples";"Reta";"Sim";2;0;1;0;0;1;1;2;-9,1616676;-36,01701171;"SPRF-AL";"DEL01-AL";"UOP02-DEL01-AL"
371307;2021-07-17;"sábado";"23:00:00";"BA";116;15,4;"VITORIA DA CONQUISTA";"Ausência de reação do condutor";"Queda de ocupante de veículo";"Com Vítimas Feridas";"Plena Noite";"Crescente";"Céu Claro";"Simples";"Reta";"Sim";2;0;1;0;0;1;1;1;-14,851;-40,8485;"SPRF-BA";"DEL08-BA";"UOP01-DEL08-BA"
371308;2021-07-17;"sábado";"18:00:00";"MG";251;245,8;"CURRAL DE DENTRO";"Ausência de reação do condutor";"Capotamento";"Com Vítimas Feridas";"Anoitecer";"Crescente";"Céu Claro";"Simples";"Reta";"Não";1;0;0;1;0;0;1;1;-15,99103453;-41,8209875;"SPRF-MG";"DEL11-MG";"UOP02-DEL11-MG"
371309;2021-07-17;"sábado";"21:30:00";"SC";280;54;"GUARAMIRIM";"Reação tardia ou ineficiente do condutor";"Colisão com objeto";"Com Vítimas Feridas";"Plena Noite";"Decrescente";"Céu Claro";"Dupla";"Em Obras;Reta";"Sim";1;0;1;0;0;0;1;1;-26,429076;-48,93894196;"SPRF-SC";"DEL03-SC";"UOP03-DEL03-SC"
371310;2021-07-17;"sábado";"22:30:00";"AP";210;1;"MACAPA";"Ingestão de álcool pelo condutor";"Colisão traseira";"Sem Vítimas";"Plena Noite";"Crescente";"Nublado";"Dupla";"Reta";"Sim";2;0;0;0;2;0;0;2;0,07816717;-51,06998693;"SPRF-AP";"DEL01-AP";"UOP01-DEL01-AP"
371312;2021-07-17;"sábado";"21:00:00";"PR";153;349;"REBOUCAS";"Transitar na contramão";"Colisão frontal";"Sem Vítimas";"Plena Noite";"Crescente";"Céu Claro";"Simples";"Curva";"Não";2;0;0;0;0;2;0;2;-25,60374934;-50,69205649;"SPRF-PR";"DEL03-PR";"UOP03-DEL03-PR"
371313;2021-07-17;"sábado";"23:50:00";"PE";232;199,4;"SANHARO";"Transitar no acostamento";"Colisão com objeto";"Com Vítimas Fatais";"Plena Noite";"Decrescente";"Nublado";"Simples";"Reta";"Não";2;1;0;0;0;1;0;2;-8,36991711;-36,59847999;"SPRF-PE";"DEL02-PE";"UOP03-DEL02-PE"
371314;2021-07-17;"sábado";"19:10:00";"SP";116;385;"MIRACATU";"Velocidade Incompatível";"Saída de leito carroçável";"Sem Vítimas";"Plena Noite";"Crescente";"Nublado";"Simples";"Curva";"Sim";1;0;0;0;0;1;0;1;-24,254993;-47,375412;"SPRF-SP";"DEL04-SP";"UOP02-DEL04-SP"
371316;2021-07-17;"sábado";"17:15:00";"SC";282;379;"HERVAL DOESTE";"Frear bruscamente";"Colisão com objeto";"Com Vítimas Feridas";"Pleno dia";"Crescente";"Céu Claro";"Simples";"Curva";"Não";3;0;2;0;0;1;2;1;-27,214668;-51,489677;"SPRF-SC";"DEL07-SC";"UOP05-DEL07-SC"
371317;2021-07-18;"domingo";"00:15:00";"DF";20;21;"BRASILIA";"Ingestão de álcool pelo condutor";"Colisão traseira";"Com Vítimas Feridas";"Plena Noite";"Crescente";"Céu Claro";"Dupla";"Reta";"Sim";2;0;1;0;1;0;1;2;-15,603384;-47,684692;"SPRF-DF";"DEL02-DF";"UOP01-DEL02-DF"
371319;2021-07-17;"sábado";"21:40:00";"MA";135;331;"PRESIDENTE DUTRA";"Ingestão de álcool pelo condutor";"Saída de leito carroçável";"Com Vítimas Fatais";"Plena Noite";"Crescente";"Céu Claro";"Simples";"Reta";"Não";1;1;0;0;0;0;0;1;-5,21206406;-44,47742259;"SPRF-MA";"DEL03-MA";"UOP01-DEL03-MA"
371321;2021-07-18;"domingo";"00:30:00";"RJ";40;85;"PETROPOLIS";"Velocidade Incompatível";"Queda de ocupante de veículo";"Com Vítimas Feridas";"Plena Noite";"Crescente";"Céu Claro";"Simples";"Curva";"Não";1;0;1;0;0;0;1;1;-22,52850694;-43,2349802;"SPRF-RJ";"DEL06-RJ";"UOP01-DEL06-RJ"
371322;2021-07-17;"sábado";"23:00:00";"PR";153;99,3;"JAPIRA";"Ingestão de álcool pelo condutor";"Saída de leito carroçável";"Sem Vítimas";"Plena Noite";"Decrescente";"Céu Claro";"Simples";"Reta";"Não";1;0;0;0;1;0;0;1;-23,76398712;-50,18737353;"SPRF-PR";"DEL07-PR";"UOP04-DEL07-PR"
371323;2021-07-18;"domingo";"01:00:00";"SP";116;304;"SAO LOURENCO DA SERRA";"Animais na Pista";"Atropelamento de Animal";"Com Vítimas Feridas";"Plena Noite";"Decrescente";"Nublado";"Dupla";"Reta";"Não";8;0;2;2;3;1;4;3;-23,835151;-46,92964497;"SPRF-SP";"DEL04-SP";"UOP01-DEL04-SP"
371324;2021-07-18;"domingo";"00:45:00";"ES";393;25,1;"MUQUI";"Velocidade Incompatível";"Saída de leito carroçável";"Com Vítimas Feridas";"Plena Noite";"Crescente";"Céu Claro";"Simples";"Curva";"Não";1;0;1;0;0;0;1;1;-20,93576169;-41,32558741;"SPRF-ES";"DEL03-ES";"UOP02-DEL03-ES"
371325;2021-07-18;"domingo";"01:00:00";"RS";116;242;"SAO LEOPOLDO";"Ausência de reação do condutor";"Colisão com objeto";"Com Vítimas Fatais";"Plena Noite";"Decrescente";"Nublado";"Dupla";"Curva;Interseção de Vias";"Sim";2;1;0;1;0;0;1;1;-29,71925023;-51,14810338;"SPRF-RS";"DEL01-RS";"UOP02-DEL01-RS"
371326;2021-07-18;"domingo";"01:35:00";"PR";116;92;"SAO JOSE DOS PINHAIS";"Ausência de reação do condutor";"Saída de leito carroçável";"Com Vítimas Feridas";"Plena Noite";"Decrescente";"Nublado";"Dupla";"Curva";"Não";5;0;5;0;0;0;5;1;-25,51072473;-49,12609577;"SPRF-PR";"DEL01-PR";"UOP01-DEL01-PR"
371327;2021-07-17;"sábado";"19:30:00";"PB";361;75,2;"OLHO DAGUA";"Velocidade Incompatível";"Saída de leito carroçável";"Com Vítimas Feridas";"Plena Noite";"Crescente";"Céu Claro";"Simples";"Reta";"Não";4;0;1;2;1;0;3;1;-7,190908;-37,85121;"SPRF-PB";"DEL03-PB";"UOP01-DEL03-PB"
371329;2021-07-18;"domingo";"02:30:00";"RS";392;115;"CANGUCU";"Ausência de reação do condutor";"Colisão lateral sentido oposto";"Com Vítimas Feridas";"Plena Noite";"Crescente";"Céu Claro";"Múltipla";"Aclive;Reta";"Não";2;0;1;0;1;0;1;2;-31,45435717;-52,63814131;"SPRF-RS";"DEL07-RS";"UOP01-DEL07-RS"
371330;2021-07-17;"sábado";"22:50:00";"BA";101;433;"MARAU";"Transitar na contramão";"Colisão frontal";"Com Vítimas Feridas";"Plena Noite";"Decrescente";"Céu Claro";"Simples";"Reta";"Não";2;0;0;1;1;0;1;2;-14,21053553;-39,31618452;"SPRF-BA";"DEL05-BA";"UOP01-DEL05-BA"
371331;2021-07-18;"domingo";"02:20:00";"DF";40;7,4;"BRASILIA";"Ingestão de álcool pelo condutor";"Colisão frontal";"Com Vítimas Feridas";"Plena Noite";"Crescente";"Céu Claro";"Dupla";"Reta";"Não";5;0;2;2;1;0;4;2;-16,038666;-47,979691;"SPRF-DF";"DEL01-DF";"UOP01-DEL01-DF"
371332;2021-07-18;"domingo";"02:15:00";"PR";277;588,9;"CASCAVEL";"Conversão proibida";"Colisão transversal";"Sem Vítimas";"Plena Noite";"Decrescente";"Céu Claro";"Simples";"Reta";"Sim";2;0;0;0;1;1;0;2;-24,97369293;-53,43816604;"SPRF-PR";"DEL04-PR";"UOP01-DEL04-PR"
371337;2021-07-18;"domingo";"03:30:00";"MG";381;501,9;"BETIM";"Velocidade Incompatível";"Capotamento";"Com Vítimas Feridas";"Plena Noite";"Crescente";"Nublado";"Dupla";"Curva";"Sim";3;0;1;0;2;0;1;1;-20,01639648;-44,22301787;"SPRF-MG";"DEL01-MG";"UOP03-DEL01-MG"
371338;2021-07-18;"domingo";"03:40:00";"PR";476;136;"CURITIBA";"Ingestão de álcool pelo condutor";"Colisão traseira";"Sem Vítimas";"Plena Noite";"Decrescente";"Nublado";"Múltipla";"Reta";"Sim";1;0;0;0;1;0;0;1;-25,491047;-49,271679;"SPRF-PR";"DEL01-PR";"UOP03-DEL01-PR"
371339;2021-07-17;"sábado";"19:20:00";"PA";230;170;"ITUPIRANGA";"Acessar a via sem observar a presença dos outros veículos";"Colisão transversal";"Com Vítimas Feridas";"Plena Noite";"Crescente";"Céu Claro";"Simples";"Reta";"Não";2;0;1;0;0;1;1;2;-5,13776621;-49,3926434;"SPRF-PA";"DEL03-PA";"UOP01-DEL03-PA"
371340;2021-07-18;"domingo";"03:00:00";"RR";401;1;"BOA VISTA";"Ingestão de álcool pelo condutor";"Colisão com objeto";"Sem Vítimas";"Plena Noite";"Crescente";"Céu Claro";"Dupla";"Reta";"Sim";1;0;0;0;1;0;0;1;2,80519881;-60,68804741;"SPRF-RR";"DEL01-RR";"UOP01-DEL01-RR"
371341;2021-07-18;"domingo";"04:00:00";"RS";116;263;"CANOAS";"Ingestão de álcool pelo condutor";"Capotamento";"Sem Vítimas";"Plena Noite";"Crescente";"Céu Claro";"Múltipla";"Reta";"Sim";2;0;0;0;0;2;0;2;-29,90545398;-51,17674031;"SPRF-RS";"DEL01-RS";"UOP01-DEL01-RS"
371343;2021-07-18;"domingo";"00:00:00";"MG";381;948;"EXTREMA";"Pedestre andava na pista";"Atropelamento de Pedestre";"Com Vítimas Feridas";"Plena Noite";"Decrescente";"Céu Claro";"Dupla";"Reta";"Sim";2;0;0;1;1;0;1;2;-22,87479042;-46,36655782;"SPRF-MG";"DEL16-MG";"UOP03-DEL16-MG"
371344;2021-07-18;"domingo";"05:00:00";"SP";153;27,3;"NOVA GRANADA";"Velocidade Incompatível";"Colisão com objeto";"Com Vítimas Feridas";"Plena Noite";"Crescente";"Céu Claro";"Simples";"Declive;Curva";"Não";1;0;1;0;0;0;1;1;-20,51671013;-49,32380676;"SPRF-SP";"DEL09-SP";"UOP01-DEL09-SP"
371346;2021-07-18;"domingo";"05:30:00";"PA";163;1002;"SANTAREM";"Reação tardia ou ineficiente do condutor";"Colisão frontal";"Com Vítimas Feridas";"Plena Noite";"Crescente";"Céu Claro";"Simples";"Reta";"Sim";2;0;1;0;1;0;1;2;-2,45567004;-54,72854541;"SPRF-PA";"DEL05-PA";"UOP01-DEL05-PA"
371347;2021-07-18;"domingo";"05:40:00";"PR";376;180,7;"MARINGA";"Reação tardia ou ineficiente do condutor";"Colisão traseira";"Com Vítimas Feridas";"Plena Noite";"Decrescente";"Céu Claro";"Dupla";"Reta";"Sim";3;0;1;0;1;1;1;2;-23,42725352;-51,89512271;"SPRF-PR";"DEL09-PR";"UOP01-DEL09-PR"
371348;2021-07-18;"domingo";"05:00:00";"SC";101;39,9;"GASPAR";"Ausência de reação do condutor";"Colisão com objeto";"Sem Vítimas";"Plena Noite";"Crescente";"Céu Claro";"Simples";"Reta";"Não";1;0;0;0;0;1;0;1;-26,89018257;-48,99017215;"SPRF-SC";"DEL03-SC";"UOP01-DEL03-SC"
371350;2021-07-18;"domingo";"04:00:00";"PI";222;82,8;"PIRIPIRI";"Velocidade Incompatível";"Saída de leito carroçável";"Com Vítimas Fatais";"Plena Noite";"Crescente";"Céu Claro";"Simples";"Curva";"Não";1;1;0;0;0;0;0;1;-4,24635;-41,816875;"SPRF-PI";"DEL02-PI";"UOP01-DEL02-PI"
371351;2021-07-18;"domingo";"06:30:00";"PE";104;27,4;"TORITAMA";"Ingestão de álcool pelo condutor";"Saída de leito carroçável";"Com Vítimas Feridas";"Pleno dia";"Crescente";"Sol";"Simples";"Curva";"Sim";2;0;0;2;0;0;2;1;-8,004067;-36,087899;"SPRF-PE";"DEL02-PE";"UOP01-DEL02-PE"
371352;2021-07-18;"domingo";"05:30:00";"SC";280;52;"GUARAMIRIM";"Sinalização mal posicionada";"Colisão com objeto";"Sem Vítimas";"Plena Noite";"Decrescente";"Céu Claro";"Simples";"Reta";"Não";1;0;0;0;1;0;0;1;-26,468904;-48,96492;"SPRF-SC";"DEL03-SC";"UOP03-DEL03-SC"
371354;2021-07-18;"domingo";"05:50:00";"PR";376;591,5;"CURITIBA";"Velocidade Incompatível";"Colisão traseira";"Com Vítimas Feridas";"Amanhecer";"Decrescente";"Céu Claro";"Dupla";"Reta";"Sim";3;0;2;0;1;0;2;2;-25,45999605;-49,35895013;"SPRF-PR";"DEL01-PR";"UOP01-DEL01-PR"
371355;2021-07-18;"domingo";"05:20:00";"RJ";116;278,5;"BARRA MANSA";"Reação tardia ou ineficiente do condutor";"Colisão com objeto";"Sem Vítimas";"Plena Noite";"Crescente";"Nevoeiro/Neblina";"Simples";"Declive;Curva";"Não";1;0;0;0;1;0;0;1;-22,55271018;-44,17778004;"SPRF-RJ";"DEL07-RJ";"UOP02-DEL07-RJ"
371356;2021-07-18;"domingo";"06:50:00";"RN";101;74;"NATAL";"Acessar a via sem observar a presença dos outros veículos";"Colisão lateral mesmo sentido";"Com Vítimas Feridas";"Pleno dia";"Decrescente";"Nublado";"Simples";"Declive";"Não";3;0;0;2;1;0;2;2;-5,71406254;-35,27232767;"SPRF-RN";"DEL02-RN";"UOP01-DEL02-RN"
371357;2021-07-18;"domingo";"06:59:00";"SC";101;201,8;"SAO JOSE";"Manobra de mudança de faixa";"Saída de leito carroçável";"Com Vítimas Feridas";"Amanhecer";"Crescente";"Céu Claro";"Múltipla";"Reta";"Sim";2;0;1;0;1;0;1;2;-27,54836599;-48,61977975;"SPRF-SC";"DEL01-SC";"UOP01-DEL01-SC"
371358;2021-07-18;"domingo";"01:30:00";"PR";376;175;"PONTA GROSSA";"Demais falhas mecânicas ou elétricas";"Incêndio";"Sem Vítimas";"Plena Noite";"Crescente";"Céu Claro";"Dupla";"Reta";"Sim";1;0;0;0;0;1;0;1;-25,060507;-50,21875;"SPRF-PR";"DEL09-PR";"UOP01-DEL09-PR"
371359;2021-07-17;"sábado";"22:00:00";"MG";116;419;"GOVERNADOR VALADARES";"Reação tardia ou ineficiente do condutor";"Colisão traseira";"Com Vítimas Feridas";"Plena Noite";"Crescente";"Céu Claro";"Simples";"Reta";"Sim";2;0;1;0;1;0;1;2;-18,92044406;-41,94023945;"SPRF-MG";"DEL06-MG";"UOP01-DEL06-MG"
371360;2021-07-18;"domingo";"06:35:00";"SC";101;110,3;"PENHA";"Condutor Dormindo";"Saída de leito carroçável";"Sem Vítimas";"Pleno dia";"Crescente";"Céu Claro";"Dupla";"Curva";"Não";1;0;0;0;1;0;0;1;-26,83477;-48,706151;"SPRF-SC";"DEL03-SC";"UOP02-DEL03-SC"
371361;2021-07-18;"domingo";"06:10:00";"MG";50;179;"UBERABA";"Ingestão de álcool pelo condutor";"Colisão com objeto";"Sem Vítimas";"Pleno dia";"Crescente";"Céu Claro";"Simples";"Reta";"Sim";1;0;0;0;1;0;0;1;-19,77827047;-47,93140998;"SPRF-MG";"DEL13-MG";"UOP01-DEL13-MG"
371362;2021-07-18;"domingo";"06:40:00";"SC";101;151,9;"ITAPEMA";"Ausência de reação do condutor";"Colisão com objeto";"Sem Vítimas";"Pleno dia";"Crescente";"Céu Claro";"Múltipla";"Interseção de Vias";"Não";1;0;0;0;1;0;0;1;-27,126536;-48,609642;"SPRF-SC";"DEL04-SC";"UOP03-DEL04-SC"
371363;2021-07-18;"domingo";"04:00:00";"SP";381;75;"SAO PAULO";"Reação tardia ou ineficiente do condutor";"Colisão com objeto";"Com Vítimas Feridas";"Plena Noite";"Decrescente";"Céu Claro";"Dupla";"Curva";"Não";2;0;2;0;0;0;2;1;-23,37660089;-46,56409613;"SPRF-SP";"DEL03-SP";"UOP01-DEL03-SP"
371364;2021-07-18;"domingo";"04:40:00";"AC";364;138;"RIO BRANCO";"Reação tardia ou ineficiente do condutor";"Tombamento";"Com Vítimas Fatais";"Amanhecer";"Decrescente";"Céu Claro";"Dupla";"Reta";"Sim";2;1;1;0;0;0;1;1;-9,96112502;-67,85646604;"SPRF-AC";"DEL01-AC";"UOP01-DEL01-AC"
371368;2021-07-18;"domingo";"07:50:00";"PE";101;99;"CABO DE SANTO AGOSTINHO";"Manobra de mudança de faixa";"Capotamento";"Com Vítimas Feridas";"Pleno dia";"Decrescente";"Sol";"Dupla";"Reta";"Não";1;0;1;0;0;0;1;1;-8,26025316;-35,04629883;"SPRF-PE";"DEL01-PE";"UOP01-DEL01-PE"
371370;2021-07-18;"domingo";"07:50:00";"ES";101;81,1;"SAO MATEUS";"Ausência de reação do condutor";"Colisão com objeto";"Com Vítimas Feridas";"Pleno dia";"Decrescente";"Céu Claro";"Simples";"Reta";"Não";1;0;1;0;0;0;1;1;-18,82882736;-39,91225653;"SPRF-ES";"DEL04-ES";"UOP02-DEL04-ES"
371371;2021-07-18;"domingo";"00:15:00";"BA";242;227;"ITABERABA";"Demais falhas na via";"Queda de ocupante de veículo";"Com Vítimas Feridas";"Plena Noite";"Crescente";"Nublado";"Simples";"Curva";"Sim";1;0;1;0;0;0;1;1;-12,51259728;-40,29557913;"SPRF-BA";"DEL06-BA";"UOP02-DEL06-BA"
371372;2021-07-18;"domingo";"04:45:00";"RJ";40;118;"DUQUE DE CAXIAS";"Condutor Dormindo";"Colisão com objeto";"Com Vítimas Feridas";"Plena Noite";"Crescente";"Céu Claro";"Múltipla";"Reta";"Sim";2;0;2;0;0;0;2;1;-22,75470802;-43,28737838;"SPRF-RJ";"DEL01-RJ";"UOP01-DEL01-RJ"
371373;2021-07-18;"domingo";"00:00:00";"PR";116;40;"CAMPINA GRANDE DO SUL";"Condutor Dormindo";"Saída de leito carroçável";"Com Vítimas Feridas";"Plena Noite";"Crescente";"Nublado";"Dupla";"Curva";"Não";1;0;1;0;0;0;1;1;-25,16445203;-48,86237697;"SPRF-PR";"DEL01-PR";"UOP02-DEL01-PR"
371374;2021-07-18;"domingo";"06:35:00";"SC";470;237,6;"SAO CRISTOVAO DO SUL";"Demais falhas na via";"Colisão com objeto";"Com Vítimas Feridas";"Pleno dia";"Crescente";"Céu Claro";"Simples";"Reta";"Não";1;0;1;0;0;0;1;1;-27,304129;-50,456207;"SPRF-SC";"DEL05-SC";"UOP03-DEL05-SC"
371375;2021-06-14;"segunda-feira";"07:00:00";"BA";415;58,3;"ITABUNA";"Acumulo de areia ou detritos sobre o pavimento";"Tombamento";"Com Vítimas Feridas";"Pleno dia";"Crescente";"Céu Claro";"Simples";"Curva";"Não";2;0;0;1;1;0;1;1;-14,81574494;-39,29612388;"SPRF-BA";"DEL05-BA";"UOP01-DEL05-BA"
371376;2021-07-18;"domingo";"08:20:00";"GO";40;5;"VALPARAISO DE GOIAS";"Condutor deixou de manter distância do veículo da frente";"Colisão traseira";"Com Vítimas Feridas";"Pleno dia";"Crescente";"Céu Claro";"Dupla";"Reta";"Sim";2;0;1;0;1;0;1;2;-16,093134;-47,982236;"SPRF-DF";"DEL01-DF";"UOP01-DEL01-DF"
371377;2021-07-18;"domingo";"09:58:00";"BA";324;526;"FEIRA DE SANTANA";"Manobra de mudança de faixa";"Colisão lateral mesmo sentido";"Com Vítimas Feridas";"Pleno dia";"Crescente";"Sol";"Dupla";"Reta";"Não";2;0;1;0;0;1;1;2;-12,30639712;-38,89051509;"SPRF-BA";"DEL01-BA";"UOP03-DEL01-BA"
371378;2021-07-18;"domingo";"10:10:00";"RS";285;506,3;"ENTRE-IJUIS";"Ausência de reação do condutor";"Saída de leito carroçável";"Com Vítimas Feridas";"Pleno dia";"Crescente";"Sol";"Simples";"Reta";"Não";1;0;1;0;0;0;1;1;-28,397076;-54,354954;"SPRF-RS";"DEL10-RS";"UOP01-DEL10-RS"
371379;2021-07-18;"domingo";"10:00:00";"GO";40;14;"LUZIANIA";"Ingestão de álcool pelo condutor";"Saída de leito carroçável";"Com Vítimas Feridas";"Pleno dia";"Crescente";"Céu Claro";"Dupla";"Reta";"Sim";1;0;1;0;0;0;1;1;-16,158753;-47,933136;"SPRF-DF";"DEL01-DF";"UOP01-DEL01-DF"
371380;2021-07-18;"domingo";"09:45:00";"PR";376;307,7;"MAUA DA SERRA";"Velocidade Incompatível";"Saída de leito carroçável";"Com Vítimas Fatais";"Pleno dia";"Crescente";"Céu Claro";"Dupla";"Curva";"Não";1;1;0;0;0;0;0;1;-23,97857518;-51,09540715;"SPRF-PR";"DEL07-PR";"UOP02-DEL07-PR"
371381;2021-07-18;"domingo";"10:20:00";"PE";101;40,8;"IGARASSU";"Acessar a via sem observar a presença dos outros veículos";"Colisão transversal";"Com Vítimas Feridas";"Pleno dia";"Decrescente";"Nublado";"Dupla";"Reta";"Sim";2;0;1;0;1;0;1;2;-7,821475;-34,916545;"SPRF-PE";"DEL01-PE";"UOP02-DEL01-PE"
371382;2021-07-18;"domingo";"10:30:00";"SC";101;221;"PALHOCA";"Manobra de mudança de faixa";"Colisão traseira";"Com Vítimas Feridas";"Pleno dia";"Crescente";"Céu Claro";"Dupla";"Reta";"Sim";3;0;1;0;2;0;1;2;-27,70012652;-48,66021182;"SPRF-SC";"DEL01-SC";"UOP02-DEL01-SC"
371383;2021-07-18;"domingo";"11:00:00";"GO";414;411;"ABADIANIA";"Reação tardia ou ineficiente do condutor";"Queda de ocupante de veículo";"Com Vítimas Feridas";"Pleno dia";"Crescente";"Céu Claro";"Dupla";"Reta";"Não";1;0;1;0;0;0;1;1;-16,06759307;-48,85406442;"SPRF-GO";"DEL02-GO";"UOP01-DEL02-GO"
371384;2021-07-18;"domingo";"10:50:00";"GO";40;11;"LUZIANIA";"Ingestão de álcool pelo condutor";"Colisão traseira";"Com Vítimas Feridas";"Pleno dia";"Crescente";"Céu Claro";"Dupla";"Reta";"Sim";2;0;0;1;1;0;1;2;-16,13936805;-47,95031374;"SPRF-DF";"DEL01-DF";"UOP01-DEL01-DF"
371387;2021-07-18;"domingo";"11:47:00";"DF";20;16,7;"BRASILIA";"Manobra de mudança de faixa";"Colisão lateral mesmo sentido";"Com Vítimas Feridas";"Pleno dia";"Decrescente";"Céu Claro";"Dupla";"Aclive";"Sim";3;0;1;0;2;0;1;2;-15,625675;-47,725159;"SPRF-DF";"DEL02-DF";"UOP01-DEL02-DF"
371388;2021-07-18;"domingo";"11:15:00";"RJ";116;194;"QUEIMADOS";"Acessar a via sem observar a presença dos outros veículos";"Colisão transversal";"Com Vítimas Feridas";"Pleno dia";"Crescente";"Céu Claro";"Dupla";"Reta";"Sim";3;0;1;1;0;1;2;2;-22,73711632;-43,53793909;"SPRF-RJ";"DEL01-RJ";"UOP02-DEL01-RJ"
371389;2021-07-18;"domingo";"11:50:00";"PE";232;6,1;"RECIFE";"Ausência de reação do condutor";"Engavetamento";"Com Vítimas Feridas";"Pleno dia";"Decrescente";"Céu Claro";"Dupla";"Reta";"Sim";7;0;1;0;6;0;1;6;-8,071285;-34,954841;"SPRF-PE";"DEL01-PE";"UOP01-DEL01-PE"
371390;2021-07-18;"domingo";"12:35:00";"ES";101;146,1;"LINHARES";"Reação tardia ou ineficiente do condutor";"Queda de ocupante de veículo";"Com Vítimas Feridas";"Pleno dia";"Decrescente";"Céu Claro";"Dupla";"Reta";"Sim";1;0;1;0;0;0;1;1;-19,36990998;-40,06560718;"SPRF-ES";"DEL04-ES";"UOP01-DEL04-ES"
371391;2021-07-18;"domingo";"12:10:00";"MG";40;552;"NOVA LIMA";"Ausência de reação do condutor";"Colisão traseira";"Com Vítimas Feridas";"Pleno dia";"Decrescente";"Céu Claro";"Dupla";"Reta";"Sim";2;0;1;0;1;0;1;2;-20,06084086;-43,97716423;"SPRF-MG";"DEL01-MG";"UOP02-DEL01-MG"
371394;2021-07-18;"domingo";"08:30:00";"BA";367;34;"PORTO SEGURO";"Condutor Dormindo";"Colisão traseira";"Com Vítimas Feridas";"Pleno dia";"Crescente";"Céu Claro";"Simples";"Reta";"Não";2;0;1;0;1;0;1;2;-16,41415489;-39,16220395;"SPRF-BA";"DEL09-BA";"UOP01-DEL09-BA"
371396;2021-07-18;"domingo";"13:30:00";"PR";116;119;"CURITIBA";"Reação tardia ou ineficiente do condutor";"Colisão traseira";"Sem Vítimas";"Pleno dia";"Crescente";"Céu Claro";"Dupla";"Reta";"Não";2;0;0;0;2;0;0;2;-25,54456009;-49,30146002;"SPRF-PR";"DEL01-PR";"UOP01-DEL01-PR"
371397;2021-07-18;"domingo";"13:10:00";"CE";116;4;"FORTALEZA";"Condutor deixou de manter distância do veículo da frente";"Colisão traseira";"Sem Vítimas";"Pleno dia";"Crescente";"Céu Claro";"Múltipla";"Reta";"Sim";2;0;0;0;2;0;0;2;-3,7867209;-38,5114568;"SPRF-CE";"DEL01-CE";"UOP02-DEL01-CE"
371398;2021-07-18;"domingo";"13:00:00";"SC";470;77,8;"RODEIO";"Ultrapassagem Indevida";"Colisão frontal";"Com Vítimas Feridas";"Pleno dia";"Crescente";"Sol";"Simples";"Curva";"Não";2;0;0;2;0;0;2;2;-26,94904;-49,29753;"SPRF-SC";"DEL04-SC";"UOP01-DEL04-SC"
371400;2021-07-18;"domingo";"09:10:00";"MA";135;15;"SAO LUIS";"Ausência de reação do condutor";"Colisão traseira";"Com Vítimas Feridas";"Pleno dia";"Crescente";"Céu Claro";"Dupla";"Reta";"Sim";3;0;2;0;1;0;2;2;-2,69540095;-44,30511707;"SPRF-MA";"DEL01-MA";"UOP01-DEL01-MA"
371402;2021-07-18;"domingo";"10:00:00";"RR";174;563;"BOA VISTA";"Velocidade Incompatível";"Saída de leito carroçável";"Com Vítimas Feridas";"Pleno dia";"Decrescente";"Céu Claro";"Simples";"Reta";"Não";1;0;1;0;0;0;1;1;3,291539;-60,853306;"SPRF-RR";"DEL01-RR";"UOP01-DEL01-RR"
371403;2021-06-30;"quarta-feira";"16:40:00";"MG";153;81;"PRATA";"Reação tardia ou ineficiente do condutor";"Saída de leito carroçável";"Sem Vítimas";"Pleno dia";"Decrescente";"Nublado";"Simples";"Reta";"Não";1;0;0;0;1;0;0;1;-19,07458012;-49,00127649;"SPRF-MG";"DEL15-MG";"UOP03-DEL15-MG"
371404;2021-07-18;"domingo";"09:55:00";"MG";116;540,5;"SANTA RITA DE MINAS";"Acessar a via sem observar a presença dos outros veículos";"Colisão transversal";"Com Vítimas Fatais";"Pleno dia";"Crescente";"Céu Claro";"Simples";"Reta";"Não";3;1;0;0;1;1;0;3;-19,886814;-42,13777186;"SPRF-MG";"DEL06-MG";"UOP02-DEL06-MG"
371405;2021-07-18;"domingo";"13:30:00";"PR";369;91,5;"CORNELIO PROCOPIO";"Ingestão de álcool pelo condutor";"Capotamento";"Com Vítimas Feridas";"Pleno dia";"Crescente";"Céu Claro";"Simples";"Curva";"Não";2;0;2;0;0;0;2;1;-23,20405718;-50,65518022;"SPRF-PR";"DEL07-PR";"UOP01-DEL07-PR"
371406;2021-07-18;"domingo";"15:10:00";"PR";116;28,2;"CAMPINA GRANDE DO SUL";"Velocidade Incompatível";"Queda de ocupante de veículo";"Com Vítimas Feridas";"Pleno dia";"Decrescente";"Céu Claro";"Dupla";"Reta";"Não";2;0;1;0;1;0;1;1;-25,10670298;-48,80405799;"SPRF-PR";"DEL01-PR";"UOP02-DEL01-PR"
371407;2021-07-18;"domingo";"15:15:00";"PR";277;81,9;"CURITIBA";"Velocidade Incompatível";"Colisão lateral mesmo sentido";"Com Vítimas Feridas";"Pleno dia";"Crescente";"Céu Claro";"Dupla";"Reta";"Sim";3;0;1;0;2;0;1;2;-25,568939;-49,181978;"SPRF-PR";"DEL01-PR";"UOP01-DEL01-PR"