"id";"data_inversa";"dia_semana";"horario";"uf";"br";"km";"municipio";"causa_acidente";"tipo_acidente";"classificacao_acidente";"fase_dia";"sentido_via";"condicao_metereologica";"tipo_pista";"tracado_via";"uso_solo";"pessoas";"mortos";"feridos_leves";"feridos_graves";"ilesos";"ignorados";"feridos";"veiculos";"latitude";"longitude";"regional";"delegacia";"uop"
371409;2021-07-18;"domingo";"07:30:00";"AC";364;323;"MANOEL URBANO";"Reação tardia ou ineficiente do condutor";"Tombamento";"Com Vítimas Feridas";"Pleno dia";"Crescente";"Céu Claro";"Simples";"Reta";"Não";2;0;2;0;0;0;2;1;-8,95818315;-69,09791503;"SPRF-AC";"DEL01-AC";"UOP01-DEL01-AC"
371411;2021-07-18;"domingo";"12:40:00";"RJ";101;514;"ANGRA DOS REIS";"Reação tardia ou ineficiente do condutor";"Colisão traseira";"Com Vítimas Feridas";"Pleno dia";"Decrescente";"Céu Claro";"Simples";"Reta";"Não";3;0;2;0;1;0;2;2;-22,97997014;-44,44098498;"SPRF-RJ";"DEL03-RJ";"UOP02-DEL03-RJ"
371413;2021-07-18;"domingo";"15:40:00";"RS";392;657,2;"GUARANI DAS MISSOES";"Velocidade Incompatível";"Saída de leito carroçável";"Com Vítimas Feridas";"Pleno dia";"Crescente";"Sol";"Simples";"Reta";"Não";1;0;1;0;0;0;1;1;-28,11582094;-54,69114304;"SPRF-RS";"DEL10-RS";"UOP01-DEL10-RS"
371414;2021-07-18;"domingo";"15:40:00";"SP";116;477;"JACUPIRANGA";"Semáforo com defeito";"Colisão frontal";"Com Vítimas Feridas";"Pleno dia";"Decrescente";"Céu Claro";"Simples";"Viaduto";"Sim";2;0;1;0;1;0;1;2;-24,69842695;-48,00304804;"SPRF-SP";"DEL05-SP";"UOP01-DEL05-SP"
371416;2021-07-18;"domingo";"15:50:00";"PI";343;323;"ALTOS";"Acessar a via sem observar a presença dos outros veículos";"Colisão transversal";"Com Vítimas Feridas";"Pleno dia";"Crescente";"Céu Claro";"Simples";"Reta";"Não";2;0;1;0;1;0;1;2;-5,058037;-42,593838;"SPRF-PI";"DEL01-PI";"UOP01-DEL01-PI"
371417;2021-07-18;"domingo";"15:20:00";"PE";101;49,6;"ABREU E LIMA";"Acessar a via sem observar a presença dos outros veículos";"Atropelamento de Pedestre";"Sem Vítimas";"Pleno dia";"Decrescente";"Sol";"Dupla";"Reta";"Sim";2;0;0;0;1;1;0;2;-7,9005152;-34,90180641;"SPRF-PE";"DEL01-PE";"UOP02-DEL01-PE"
371418;2021-07-18;"domingo";"10:35:00";"BA";101;651,9;"ITAPEBI";"Transitar na contramão";"Colisão lateral sentido oposto";"Com Vítimas Feridas";"Pleno dia";"Decrescente";"Sol";"Dupla";"Curva";"Não";2;0;1;1;0;0;2;2;-15,880597;-39,531124;"SPRF-BA";"DEL05-BA";"UOP02-DEL05-BA"
371419;2021-07-18;"domingo";"02:20:00";"RJ";40;117;"DUQUE DE CAXIAS";"Velocidade Incompatível";"Colisão com objeto";"Sem Vítimas";"Plena Noite";"Crescente";"Céu Claro";"Múltipla";"Reta";"Sim";3;0;0;0;0;3;0;1;-22,745676;-43,2881;"SPRF-RJ";"DEL01-RJ";"UOP01-DEL01-RJ"
371420;2021-07-18;"domingo";"15:50:00";"PR";277;146;"PORTO AMAZONAS";"Retorno proibido";"Colisão transversal";"Com Vítimas Feridas";"Pleno dia";"Crescente";"Céu Claro";"Simples";"Reta";"Não";6;0;1;0;4;1;1;3;-25,46497435;-49,75982666;"SPRF-PR";"DEL01-PR";"UOP03-DEL03-PR"
371422;2021-07-18;"domingo";"10:50:00";"SC";101;199;"SAO JOSE";"Velocidade Incompatível";"Colisão com objeto";"Com Vítimas Feridas";"Pleno dia";"Crescente";"Céu Claro";"Múltipla";"Reta";"Sim";6;0;2;0;4;0;2;1;-27,53413705;-48,63003205;"SPRF-SC";"DEL01-SC";"UOP01-DEL01-SC"
371423;2021-07-18;"domingo";"14:50:00";"RS";116;215,1;"MORRO REUTER";"Desrespeitar a preferência no cruzamento";"Colisão transversal";"Com Vítimas Feridas";"Pleno dia";"Crescente";"Sol";"Simples";"Curva";"Não";4;0;1;0;3;0;1;2;-29,53533417;-51,08499002;"SPRF-RS";"DEL05-RS";"UOP02-DEL05-RS"
371424;2021-07-18;"domingo";"13:30:00";"ES";482;109;"GUACUI";"Ausência de reação do condutor";"Colisão com objeto";"Com Vítimas Feridas";"Pleno dia";"Crescente";"Sol";"Simples";"Reta";"Não";1;0;1;0;0;0;1;1;-20,79358624;-41,69390637;"SPRF-ES";"DEL03-ES";"UOP02-DEL03-ES"
371425;2021-07-18;"domingo";"15:15:00";"PA";316;20,8;"BENEVIDES";"Reação tardia ou ineficiente do condutor";"Colisão com objeto";"Sem Vítimas";"Pleno dia";"Crescente";"Céu Claro";"Dupla";"Curva";"Não";1;0;0;0;0;1;0;1;-1,3642339;-48,266582;"SPRF-PA";"DEL01-PA";"UOP01-DEL01-PA"
371426;2021-07-18;"domingo";"15:33:00";"SP";116;205;"GUARULHOS";"Ingestão de álcool e/ou substâncias psicoativas pelo pedestre";"Colisão com objeto";"Sem Vítimas";"Pleno dia";"Decrescente";"Sol";"Múltipla";"Reta";"Não";1;0;0;0;1;0;0;1;-23,41475243;-46,36600788;"SPRF-SP";"DEL01-SP";"UOP01-DEL01-SP"
371427;2021-07-18;"domingo";"16:30:00";"SP";116;222;"GUARULHOS";"Reação tardia ou ineficiente do condutor";"Tombamento";"Com Vítimas Feridas";"Anoitecer";"Decrescente";"Céu Claro";"Múltipla";"Reta";"Sim";2;0;2;0;0;0;2;1;-23,47093408;-46,51631097;"SPRF-SP";"DEL01-SP";"UOP01-DEL01-SP"
371428;2021-07-18;"domingo";"16:00:00";"PR";277;78;"CURITIBA";"Reação tardia ou ineficiente do condutor";"Colisão com objeto";"Com Vítimas Feridas";"Pleno dia";"Crescente";"Céu Claro";"Dupla";"Reta";"Sim";4;0;2;0;1;1;2;2;-25,48152837;-49,19532191;"SPRF-PR";"DEL01-PR";"UOP01-DEL01-PR"
371429;2021-07-18;"domingo";"15:45:00";"MG";40;704,9;"BARBACENA";"Demais falhas mecânicas ou elétricas";"Saída de leito carroçável";"Com Vítimas Feridas";"Pleno dia";"Crescente";"Céu Claro";"Dupla";"Curva";"Não";3;0;3;0;0;0;3;1;-21,20817;-43,74966601;"SPRF-MG";"DEL05-MG";"UOP02-DEL05-MG"
371430;2021-07-18;"domingo";"15:40:00";"PR";280;266,3;"MARMELEIRO";"Reação tardia ou ineficiente do condutor";"Colisão lateral mesmo sentido";"Com Vítimas Fatais";"Pleno dia";"Decrescente";"Céu Claro";"Simples";"Reta;Aclive";"Não";7;1;3;1;2;0;4;3;-26,21021754;-53,10539427;"SPRF-PR";"DEL02-PR";"UOP01-DEL02-PR"
371433;2021-07-18;"domingo";"16:50:00";"SC";280;48;"GUARAMIRIM";"Condutor deixou de manter distância do veículo da frente";"Colisão traseira";"Com Vítimas Feridas";"Pleno dia";"Decrescente";"Céu Claro";"Simples";"Reta";"Sim";2;0;1;0;1;0;1;2;-26,45506795;-48,92766502;"SPRF-SC";"DEL03-SC";"UOP03-DEL03-SC"
371434;2021-07-18;"domingo";"11:40:00";"BA";242;722;"CRISTOPOLIS";"Acessar a via sem observar a presença dos outros veículos";"Colisão transversal";"Sem Vítimas";"Pleno dia";"Decrescente";"Céu Claro";"Simples";"Reta";"Sim";2;0;0;0;2;0;0;2;-12,22251379;-44,198038;"SPRF-BA";"DEL06-BA";"UOP03-DEL06-BA"
371435;2021-07-18;"domingo";"17:00:00";"MG";50;73;"UBERLANDIA";"Condutor deixou de manter distância do veículo da frente";"Colisão traseira";"Com Vítimas Feridas";"Pleno dia";"Decrescente";"Céu Claro";"Dupla";"Reta";"Sim";2;0;1;0;1;0;1;2;-18,85140204;-48,25345932;"SPRF-MG";"DEL15-MG";"UOP01-DEL15-MG"
371436;2021-07-18;"domingo";"17:15:00";"SC";101;136;"BALNEARIO CAMBORIU";"Manobra de mudança de faixa";"Colisão lateral mesmo sentido";"Com Vítimas Feridas";"Pleno dia";"Decrescente";"Céu Claro";"Múltipla";"Curva";"Sim";8;0;1;1;6;0;2;3;-27,008113;-48,617245;"SPRF-SC";"DEL04-SC";"UOP03-DEL04-SC"
371437;2021-07-18;"domingo";"17:20:00";"RS";386;361,9;"BOM RETIRO DO SUL";"Acessar a via sem observar a presença dos outros veículos";"Colisão transversal";"Com Vítimas Feridas";"Pleno dia";"Crescente";"Sol";"Dupla";"Rotatória";"Não";2;0;0;1;1;0;1;2;-29,552738;-51,900085;"SPRF-RS";"DEL04-RS";"UOP02-DEL04-RS"
371438;2021-07-18;"domingo";"17:15:00";"RS";116;241,3;"NOVO HAMBURGO";"Velocidade Incompatível";"Colisão lateral mesmo sentido";"Com Vítimas Feridas";"Pleno dia";"Crescente";"Sol";"Dupla";"Reta";"Sim";3;0;1;0;2;0;1;3;-29,71396796;-51,1476744;"SPRF-RS";"DEL01-RS";"UOP02-DEL01-RS"
371441;2021-07-18;"domingo";"17:00:00";"PR";376;75,7;"GUAIRACA";"Demais Fenômenos da natureza";"Colisão transversal";"Sem Vítimas";"Pleno dia";"Crescente";"Sol";"Simples";"Interseção de Vias";"Não";3;0;0;0;2;1;0;3;-22,95601934;-52,69687272;"SPRF-PR";"DEL09-PR";"UOP02-DEL09-PR"
371442;2021-07-18;"domingo";"17:00:00";"PA";316;21;"BENEVIDES";"Obras na pista";"Tombamento";"Com Vítimas Feridas";"Pleno dia";"Decrescente";"Chuva";"Dupla";"Reta";"Sim";2;0;1;0;1;0;1;1;-1,36097138;-48,26241527;"SPRF-PA";"DEL01-PA";"UOP01-DEL01-PA"
371443;2021-07-18;"domingo";"17:45:00";"RS";386;388,8;"TRIUNFO";"Manobra de mudança de faixa";"Colisão lateral mesmo sentido";"Com Vítimas Feridas";"Anoitecer";"Decrescente";"Céu Claro";"Dupla";"Retorno Regulamentado;Declive;Reta";"Não";3;0;0;1;2;0;1;2;-29,69965146;-51,68717086;"SPRF-RS";"DEL04-RS";"UOP02-DEL04-RS"
371444;2021-07-18;"domingo";"17:35:00";"RN";427;101,9;"CAICO";"Reação tardia ou ineficiente do condutor";"Saída de leito carroçável";"Com Vítimas Feridas";"Anoitecer";"Crescente";"Nublado";"Simples";"Declive;Reta";"Não";1;0;0;1;0;0;1;1;-6,43410834;-37,06283483;"SPRF-RN";"DEL03-RN";"UOP01-DEL03-RN"
371446;2021-07-18;"domingo";"17:45:00";"AL";104;33;"UNIAO DOS PALMARES";"Ausência de reação do condutor";"Colisão transversal";"Sem Vítimas";"Anoitecer";"Decrescente";"Nublado";"Simples";"Reta";"Sim";5;0;0;0;5;0;0;2;-9,15061277;-36,01344109;"SPRF-AL";"DEL01-AL";"UOP02-DEL01-AL"
371447;2021-07-18;"domingo";"18:00:00";"ES";101;128;"SOORETAMA";"Ausência de reação do condutor";"Queda de ocupante de veículo";"Com Vítimas Feridas";"Anoitecer";"Decrescente";"Céu Claro";"Simples";"Reta";"Sim";1;0;0;1;0;0;1;1;-19,21191395;-40,09457556;"SPRF-ES";"DEL04-ES";"UOP01-DEL04-ES"
371448;2021-07-18;"domingo";"18:00:00";"PE";104;19,2;"TAQUARITINGA DO NORTE";"Ultrapassagem Indevida";"Colisão frontal";"Com Vítimas Fatais";"Plena Noite";"Decrescente";"Céu Claro";"Simples";"Reta";"Não";2;1;0;0;0;1;0;2;-7,947535;-36,127937;"SPRF-PE";"DEL02-PE";"UOP01-DEL02-PE"
371450;2021-07-18;"domingo";"14:00:00";"PR";376;494,8;"PONTA GROSSA";"Ingestão de álcool pelo condutor";"Saída de leito carroçável";"Sem Vítimas";"Pleno dia";"Decrescente";"Céu Claro";"Dupla";"Viaduto";"Sim";1;0;0;0;1;0;0;1;-25,13313948;-50,16744917;"SPRF-PR";"DEL03-PR";"UOP01-DEL03-PR"
371451;2021-07-18;"domingo";"17:00:00";"RR";174;497;"BOA VISTA";"Ausência de reação do condutor";"Saída de leito carroçável";"Sem Vítimas";"Pleno dia";"Decrescente";"Nublado";"Dupla";"Reta";"Sim";1;0;0;0;0;1;0;1;2,763303;-60,725597;"SPRF-RR";"DEL01-RR";"UOP01-DEL01-RR"
371452;2021-07-18;"domingo";"18:00:00";"RS";116;362,9;"TAPES";"Ingestão de álcool pelo condutor";"Colisão com objeto";"Sem Vítimas";"Plena Noite";"Crescente";"Nublado";"Simples";"Interseção de Vias;Rotatória";"Não";2;0;0;0;2;0;0;2;-30,63716123;-51,55321598;"SPRF-RS";"DEL02-RS";"UOP02-DEL02-RS"
371453;2021-07-18;"domingo";"18:40:00";"BA";324;617;"SALVADOR";"Condutor deixou de manter distância do veículo da frente";"Colisão traseira";"Com Vítimas Feridas";"Plena Noite";"Crescente";"Céu Claro";"Dupla";"Interseção de Vias";"Sim";4;0;2;0;0;2;2;3;-12,8860325;-38,43806469;"SPRF-BA";"DEL01-BA";"UOP01-DEL01-BA"
371456;2021-07-18;"domingo";"15:55:00";"SC";101;80;"ARAQUARI";"Reação tardia ou ineficiente do condutor";"Colisão com objeto";"Sem Vítimas";"Pleno dia";"Decrescente";"Céu Claro";"Dupla";"Reta";"Não";1;0;0;0;1;0;0;1;-26,59441996;-48,72183309;"SPRF-SC";"DEL03-SC";"UOP02-DEL03-SC"
371457;2021-07-18;"domingo";"18:45:00";"SP";101;51,5;"UBATUBA";"Ausência de reação do condutor";"Colisão lateral mesmo sentido";"Com Vítimas Feridas";"Plena Noite";"Crescente";"Céu Claro";"Simples";"Reta";"Sim";2;0;0;1;1;0;1;2;-23,45627795;-45,07111896;"SPRF-SP";"DEL06-SP";"UOP01-DEL06-SP"
371459;2021-07-18;"domingo";"18:45:00";"BA";410;5;"RIBEIRA DO POMBAL";"Ingestão de álcool pelo condutor";"Saída de leito carroçável";"Sem Vítimas";"Plena Noite";"Decrescente";"Céu Claro";"Simples";"Declive";"Não";4;0;0;0;3;1;0;1;-10,83904026;-38,56813884;"SPRF-BA";"DEL07-BA";"UOP02-DEL07-BA"
371460;2021-07-18;"domingo";"18:45:00";"SP";381;28;"ATIBAIA";"Condutor deixou de manter distância do veículo da frente";"Colisão traseira";"Com Vítimas Feridas";"Anoitecer";"Crescente";"Céu Claro";"Dupla";"Reta";"Não";2;0;1;0;1;0;1;2;-23,03614495;-46,55183601;"SPRF-SP";"DEL03-SP";"UOP01-DEL03-SP"
371461;2021-07-18;"domingo";"12:05:00";"GO";60;387,2;"RIO VERDE";"Avarias e/ou desgaste excessivo no pneu";"Tombamento";"Com Vítimas Feridas";"Pleno dia";"Crescente";"Céu Claro";"Dupla";"Declive;Reta";"Sim";2;0;2;0;0;0;2;1;-17,8098;-50,9267;"SPRF-GO";"DEL04-GO";"UOP01-DEL04-GO"
371463;2021-07-18;"domingo";"18:40:00";"MG";116;280;"TEOFILO OTONI";"Condutor deixou de manter distância do veículo da frente";"Colisão traseira";"Com Vítimas Feridas";"Anoitecer";"Decrescente";"Céu Claro";"Simples";"Reta";"Não";2;0;2;0;0;0;2;2;-17,88475805;-41,52257715;"SPRF-MG";"DEL11-MG";"UOP01-DEL11-MG"
371465;2021-07-18;"domingo";"18:45:00";"RS";386;351,2;"ESTRELA";"Velocidade Incompatível";"Saída de leito carroçável";"Com Vítimas Feridas";"Plena Noite";"Decrescente";"Céu Claro";"Dupla";"Curva";"Sim";1;0;0;1;0;0;1;1;-29,483124;-51,954472;"SPRF-RS";"DEL04-RS";"UOP02-DEL04-RS"
371467;2021-07-18;"domingo";"18:55:00";"ES";101;227;"FUNDAO";"Ultrapassagem Indevida";"Colisão lateral mesmo sentido";"Com Vítimas Feridas";"Plena Noite";"Crescente";"Céu Claro";"Simples";"Reta";"Não";7;0;2;1;4;0;3;2;-19,909845;-40,406837;"SPRF-ES";"DEL02-ES";"UOP01-DEL02-ES"
371469;2021-07-18;"domingo";"18:30:00";"MS";60;353,2;"CAMPO GRANDE";"Frear bruscamente";"Saída de leito carroçável";"Com Vítimas Feridas";"Plena Noite";"Decrescente";"Céu Claro";"Simples";"Reta";"Não";4;0;1;0;3;0;1;1;-20,477694;-54,749947;"SPRF-MS";"DEL01-MS";"UOP03-DEL01-MS"
371470;2021-07-18;"domingo";"19:45:00";"SP";116;208,7;"GUARULHOS";"Manobra de mudança de faixa";"Colisão lateral mesmo sentido";"Com Vítimas Feridas";"Plena Noite";"Crescente";"Céu Claro";"Múltipla";"Reta";"Sim";4;0;2;0;1;1;2;3;-23,42222263;-46,3932771;"SPRF-SP";"DEL01-SP";"UOP01-DEL01-SP"
371472;2021-07-18;"domingo";"19:30:00";"DF";60;2,4;"BRASILIA";"Velocidade Incompatível";"Saída de leito carroçável";"Com Vítimas Feridas";"Plena Noite";"Crescente";"Céu Claro";"Dupla";"Retorno Regulamentado";"Sim";4;0;2;0;2;0;2;1;-15,887383;-48,077988;"SPRF-DF";"DEL03-DF";"UOP01-DEL03-DF"
371473;2021-07-18;"domingo";"16:30:00";"MT";163;839;"SINOP";"Condutor deixou de manter distância do veículo da frente";"Queda de ocupante de veículo";"Com Vítimas Feridas";"Pleno dia";"Decrescente";"Céu Claro";"Dupla";"Interseção de Vias";"Sim";2;0;0;1;1;0;1;1;-11,82763407;-55,48673099;"SPRF-MT";"DEL06-MT";"NPF/DEL06-MT"
371474;2021-07-18;"domingo";"19:30:00";"RS";392;257,7;"CACAPAVA DO SUL";"Desrespeitar a preferência no cruzamento";"Colisão transversal";"Com Vítimas Feridas";"Plena Noite";"Decrescente";"Céu Claro";"Simples";"Retorno Regulamentado";"Sim";4;0;1;1;2;0;2;2;-30,50180562;-53,47574896;"SPRF-RS";"DEL09-RS";"UOP02-DEL09-RS"
371475;2021-07-18;"domingo";"18:06:00";"PE";316;57,5;"TRINDADE";"Conversão proibida";"Colisão transversal";"Com Vítimas Feridas";"Plena Noite";"Decrescente";"Céu Claro";"Simples";"Reta";"Sim";2;0;1;0;1;0;1;2;-7,74765771;-40,2710428;"SPRF-PE";"DEL05-PE";"UOP02-DEL05-PE"
371476;2021-07-18;"domingo";"19:00:00";"MS";163;562,1;"BANDEIRANTES";"Condutor Dormindo";"Saída de leito carroçável";"Sem Vítimas";"Plena Noite";"Decrescente";"Céu Claro";"Simples";"Declive";"Não";1;0;0;0;1;0;0;1;-19,80187994;-54,36992724;"SPRF-MS";"DEL01-MS";"UOP02-DEL01-MS"
371477;2021-07-18;"domingo";"19:00:00";"MG";40;516;"RIBEIRAO DAS NEVES";"Velocidade Incompatível";"Colisão traseira";"Com Vítimas Feridas";"Plena Noite";"Crescente";"Céu Claro";"Dupla";"Reta";"Não";4;0;2;0;1;1;2;2;-19,81628624;-44,08960124;"SPRF-MG";"DEL01-MG";"UOP02-DEL01-MG"
371480;2021-07-18;"domingo";"19:50:00";"RJ";101;311;"SAO GONCALO";"Ausência de reação do condutor";"Colisão lateral mesmo sentido";"Sem Vítimas";"Plena Noite";"Decrescente";"Nublado";"Dupla";"Reta";"Sim";2;0;0;0;2;0;0;2;-22,80062246;-43,05318779;"SPRF-RJ";"DEL02-RJ";"UOP02-DEL02-RJ"
371481;2021-07-18;"domingo";"18:50:00";"RJ";101;266;"RIO BONITO";"Trafegar com motocicleta (ou similar) entre as faixas";"Colisão lateral mesmo sentido";"Sem Vítimas";"Plena Noite";"Crescente";"Nublado";"Dupla";"Reta";"Não";2;0;0;0;2;0;0;2;-22,70861445;-42,65178735;"SPRF-RJ";"DEL02-RJ";"UOP03-DEL02-RJ"
371482;2021-07-18;"domingo";"20:30:00";"PE";232;31,2;"MORENO";"Ingestão de álcool pelo condutor";"Saída de leito carroçável";"Com Vítimas Feridas";"Plena Noite";"Decrescente";"Chuva";"Dupla";"Reta";"Não";1;0;1;0;0;0;1;1;-8,10678602;-35,15841205;"SPRF-PE";"DEL01-PE";"UOP01-DEL01-PE"
371483;2021-07-18;"domingo";"20:30:00";"SP";153;61,5;"SAO JOSE DO RIO PRETO";"Acumulo de óleo sobre o pavimento";"Tombamento";"Com Vítimas Feridas";"Plena Noite";"Crescente";"Céu Claro";"Dupla";"Reta;Declive";"Sim";1;0;1;0;0;0;1;1;-20,80389115;-49,3558538;"SPRF-SP";"DEL09-SP";"UOP01-DEL09-SP"
371484;2021-07-18;"domingo";"18:40:00";"MG";40;513,8;"RIBEIRAO DAS NEVES";"Ausência de reação do condutor";"Colisão traseira";"Sem Vítimas";"Plena Noite";"Crescente";"Céu Claro";"Dupla";"Reta";"Sim";3;0;0;0;3;0;0;2;-19,7970544;-44,1080512;"SPRF-MG";"DEL01-MG";"UOP02-DEL01-MG"
371485;2021-07-18;"domingo";"19:25:00";"RJ";40;125;"RIO DE JANEIRO";"Pedestre cruzava a pista fora da faixa";"Atropelamento de Pedestre";"Com Vítimas Feridas";"Plena Noite";"Crescente";"Céu Claro";"Simples";"Interseção de Vias";"Sim";4;0;0;1;3;0;1;2;-22,81487101;-43,28828833;"SPRF-RJ";"DEL01-RJ";"UOP01-DEL01-RJ"
371487;2021-07-18;"domingo";"20:05:00";"CE";222;154;"IRAUCUBA";"Demais falhas mecânicas ou elétricas";"Queda de ocupante de veículo";"Com Vítimas Feridas";"Plena Noite";"Decrescente";"Ignorado";"Simples";"Reta";"Não";2;0;1;1;0;0;2;1;-3,73501558;-39,82342302;"SPRF-CE";"DEL04-CE";"UOP03-DEL04-CE"
371488;2021-07-18;"domingo";"19:30:00";"RO";364;689;"CANDEIAS DO JAMARI";"Animais na Pista";"Atropelamento de Animal";"Com Vítimas Feridas";"Anoitecer";"Crescente";"Céu Claro";"Simples";"Reta";"Não";2;0;1;0;1;0;1;2;-8,794285;-63,668926;"SPRF-RO";"DEL01-RO";"UOP01-DEL01-RO"
371490;2021-07-18;"domingo";"20:45:00";"MG";365;672;"MONTE ALEGRE DE MINAS";"Reação tardia ou ineficiente do condutor";"Colisão traseira";"Com Vítimas Feridas";"Plena Noite";"Decrescente";"Céu Claro";"Múltipla";"Reta";"Não";3;0;1;0;2;0;1;2;-18,87383013;-48,75091309;"SPRF-MG";"DEL15-MG";"UOP01-DEL15-MG"
371495;2021-07-18;"domingo";"21:30:00";"SP";116;207,3;"GUARULHOS";"Condutor deixou de manter distância do veículo da frente";"Tombamento";"Com Vítimas Fatais";"Plena Noite";"Decrescente";"Nublado";"Dupla";"Reta";"Não";2;1;0;0;0;1;0;2;-23,41972188;-46,38419203;"SPRF-SP";"DEL01-SP";"UOP01-DEL01-SP"
371496;2021-07-18;"domingo";"18:20:00";"PE";408;55;"NAZARE DA MATA";"Ingestão de álcool pelo condutor";"Colisão lateral sentido oposto";"Com Vítimas Feridas";"Plena Noite";"Crescente";"Nublado";"Simples";"Reta";"Não";3;0;1;0;2;0;1;2;-7,77176315;-35,23566726;"SPRF-PE";"DEL01-PE";"UOP01-DEL01-PE"
371497;2021-07-18;"domingo";"20:30:00";"PR";116;126;"FAZENDA RIO GRANDE";"Ingestão de álcool pelo condutor";"Capotamento";"Sem Vítimas";"Plena Noite";"Crescente";"Céu Claro";"Dupla";"Reta";"Sim";1;0;0;0;0;1;0;1;-25,60389895;-49,31824423;"SPRF-PR";"DEL01-PR";"UOP03-DEL01-PR"
371498;2021-07-18;"domingo";"21:20:00";"PA";316;21;"BENEVIDES";"Obras na pista";"Tombamento";"Com Vítimas Feridas";"Plena Noite";"Decrescente";"Chuva";"Dupla";"Reta";"Sim";2;0;2;0;0;0;2;1;-1,36097138;-48,26241527;"SPRF-PA";"DEL01-PA";"UOP01-DEL01-PA"
371501;2021-07-18;"domingo";"18:40:00";"AC";364;137;"RIO BRANCO";"Animais na Pista";"Atropelamento de Animal";"Com Vítimas Feridas";"Anoitecer";"Decrescente";"Céu Claro";"Dupla";"Declive";"Não";1;0;0;1;0;0;1;1;-9,96935404;-67,85264513;"SPRF-AC";"DEL01-AC";"UOP01-DEL01-AC"
371502;2021-07-18;"domingo";"19:00:00";"RJ";356;106,8;"CARDOSO MOREIRA";"Ingestão de álcool ou de substâncias psicoativas pelo pedestre";"Queda de ocupante de veículo";"Com Vítimas Feridas";"Plena Noite";"Crescente";"Nublado";"Simples";"Reta";"Não";1;0;0;1;0;0;1;1;-21,54392978;-41,48390899;"SPRF-RJ";"DEL08-RJ";"UOP03-DEL08-RJ"
371503;2021-07-18;"domingo";"20:10:00";"PR";277;10,3;"PARANAGUA";"Velocidade Incompatível";"Saída de leito carroçável";"Com Vítimas Feridas";"Plena Noite";"Crescente";"Céu Claro";"Dupla";"Curva;Declive";"Não";1;0;0;1;0;0;1;1;-25,567571;-48,616499;"SPRF-PR";"DEL01-PR";"UOP05-DEL01-PR"
371505;2021-07-18;"domingo";"18:45:00";"PA";163;1004;"SANTAREM";"Ausência de reação do condutor";"Colisão traseira";"Com Vítimas Feridas";"Plena Noite";"Crescente";"Céu Claro";"Simples";"Reta";"Sim";2;0;1;0;1;0;1;2;-2,43824523;-54,73276577;"SPRF-PA";"DEL05-PA";"UOP01-DEL05-PA"
371508;2021-07-18;"domingo";"18:15:00";"PE";104;19,2;"TAQUARITINGA DO NORTE";"Ingestão de álcool pelo condutor";"Colisão transversal";"Sem Vítimas";"Plena Noite";"Crescente";"Céu Claro";"Simples";"Reta";"Não";2;0;0;0;2;0;0;2;-7,947535;-36,127937;"SPRF-PE";"DEL02-PE";"UOP01-DEL02-PE"
371509;2021-07-18;"domingo";"20:35:00";"PR";116;101;"SAO JOSE DOS PINHAIS";"Demais falhas mecânicas ou elétricas";"Incêndio";"Sem Vítimas";"Plena Noite";"Crescente";"Céu Claro";"Dupla";"Reta";"Não";1;0;0;0;0;1;0;1;-25,54167701;-49,1509368;"SPRF-PR";"DEL01-PR";"UOP01-DEL01-PR"
371510;2021-07-18;"domingo";"19:20:00";"MA";402;13,5;"ROSARIO";"Reação tardia ou ineficiente do condutor";"Colisão lateral sentido oposto";"Sem Vítimas";"Plena Noite";"Crescente";"Ignorado";"Simples";"Reta";"Não";4;0;0;0;1;3;0;2;-2,94600887;-44,21124816;"SPRF-MA";"DEL01-MA";"UOP01-DEL01-MA"
371511;2021-07-18;"domingo";"20:20:00";"PR";277;373,4;"GUARAPUAVA";"Ausência de reação do condutor";"Saída de leito carroçável";"Sem Vítimas";"Plena Noite";"Crescente";"Nublado";"Simples";"Reta";"Não";1;0;0;0;0;1;0;1;-25,4043448;-51,7262949;"SPRF-PR";"DEL08-PR";"UOP01-DEL08-PR"
371512;2021-07-18;"domingo";"17:30:00";"MG";116;801,4;"ALEM PARAIBA";"Reação tardia ou ineficiente do condutor";"Saída de leito carroçável";"Com Vítimas Feridas";"Anoitecer";"Crescente";"Céu Claro";"Simples";"Reta";"Não";5;0;4;1;0;0;5;1;-21,77056499;-42,73102799;"SPRF-MG";"DEL07-MG";"UOP01-DEL07-MG"
371513;2021-07-18;"domingo";"21:29:00";"RO";364;698;"CANDEIAS DO JAMARI";"Pedestre cruzava a pista fora da faixa";"Atropelamento de Pedestre";"Com Vítimas Feridas";"Plena Noite";"Decrescente";"Céu Claro";"Dupla";"Curva";"Sim";2;0;1;0;1;0;1;2;-8,80298977;-63,75179291;"SPRF-RO";"DEL01-RO";"UOP01-DEL01-RO"
371514;2021-07-18;"domingo";"21:30:00";"PR";277;658;"MATELANDIA";"Ingestão de álcool pelo condutor";"Colisão com objeto";"Sem Vítimas";"Plena Noite";"Decrescente";"Céu Claro";"Dupla";"Curva;Aclive";"Sim";1;0;0;0;1;0;0;1;-25,2426837;-53,97329107;"SPRF-PR";"DEL05-PR";"UOP02-DEL05-PR"