"id";"data_inversa";"dia_semana";"horario";"uf";"br";"km";"municipio";"causa_acidente";"tipo_acidente";"classificacao_acidente";"fase_dia";"sentido_via";"condicao_metereologica";"tipo_pista";"tracado_via";"uso_solo";"pessoas";"mortos";"feridos_leves";"feridos_graves";"ilesos";"ignorados";"feridos";"veiculos";"latitude";"longitude";"regional";"delegacia";"uop"
371515;2021-07-18;"domingo";"18:40:00";"MT";364;543;"ROSARIO OESTE";"Animais na Pista";"Atropelamento de Animal";"Com Vítimas Feridas";"Plena Noite";"Crescente";"Céu Claro";"Dupla";"Reta";"Sim";1;0;1;0;0;0;1;1;-14,83794781;-56,43505096;"SPRF-MT";"DEL01-MT";"UOP01-DEL01-MT"
371516;2021-07-18;"domingo";"11:00:00";"PB";104;159,9;"BARRA DE SANTANA";"Ausência de reação do condutor";"Saída de leito carroçável";"Sem Vítimas";"Pleno dia";"Decrescente";"Céu Claro";"Simples";"Declive";"Não";1;0;0;0;0;1;0;1;-7,5137014;-35,97848277;"SPRF-PB";"DEL02-PB";"UOP03-DEL02-PB"
371518;2021-07-18;"domingo";"22:30:00";"PR";116;7,1;"QUATRO BARRAS";"Condutor deixou de manter distância do veículo da frente";"Colisão traseira";"Com Vítimas Feridas";"Plena Noite";"Decrescente";"Céu Claro";"Dupla";"Reta";"Sim";3;0;1;0;2;0;1;2;-25,3683;-49,1074;"SPRF-PR";"DEL01-PR";"UOP02-DEL01-PR"
371519;2021-07-18;"domingo";"20:00:00";"RJ";40;68;"PETROPOLIS";"Velocidade Incompatível";"Capotamento";"Sem Vítimas";"Plena Noite";"Decrescente";"Céu Claro";"Dupla";"Curva";"Não";1;0;0;0;1;0;0;1;-22,4381808;-43,18488009;"SPRF-RJ";"DEL06-RJ";"UOP01-DEL06-RJ"
371520;2021-07-18;"domingo";"22:40:00";"GO";40;12;"LUZIANIA";"Reação tardia ou ineficiente do condutor";"Colisão traseira";"Com Vítimas Feridas";"Plena Noite";"Crescente";"Céu Claro";"Dupla";"Reta";"Sim";2;0;0;1;1;0;1;2;-16,145123;-47,945382;"SPRF-DF";"DEL01-DF";"UOP01-DEL01-DF"
371522;2021-07-18;"domingo";"19:00:00";"PR";373;445,8;"CHOPINZINHO";"Reação tardia ou ineficiente do condutor";"Saída de leito carroçável";"Com Vítimas Feridas";"Plena Noite";"Decrescente";"Céu Claro";"Simples";"Reta";"Não";2;0;2;0;0;0;2;1;-25,84088112;-52,32252176;"SPRF-PR";"DEL02-PR";"UOP01-DEL02-PR"
371523;2021-07-18;"domingo";"23:30:00";"SP";116;439,5;"REGISTRO";"Ausência de reação do condutor";"Colisão frontal";"Com Vítimas Feridas";"Plena Noite";"Decrescente";"Céu Claro";"Simples";"Curva;Retorno Regulamentado";"Não";2;0;2;0;0;0;2;2;-24,45434475;-47,81204635;"SPRF-SP";"DEL05-SP";"UOP01-DEL05-SP"
371524;2021-07-18;"domingo";"22:40:00";"RO";319;63,1;"PORTO VELHO";"Condutor desrespeitou a iluminação vermelha do semáforo";"Colisão transversal";"Com Vítimas Feridas";"Plena Noite";"Crescente";"Céu Claro";"Dupla";"Interseção de Vias";"Sim";4;0;1;0;2;1;1;3;-8,75874991;-63,88586283;"SPRF-RO";"DEL01-RO";"UOP01-DEL01-RO"
371525;2021-07-18;"domingo";"23:40:00";"SC";470;60,3;"BLUMENAU";"Ingestão de álcool pelo condutor";"Colisão traseira";"Com Vítimas Feridas";"Plena Noite";"Crescente";"Céu Claro";"Simples";"Reta;Em Obras";"Sim";2;0;2;0;0;0;2;2;-26,87986389;-49,17002591;"SPRF-SC";"DEL04-SC";"UOP01-DEL04-SC"
371526;2021-07-18;"domingo";"22:15:00";"SC";101;98,3;"BALNEARIO PICARRAS";"Ausência de reação do condutor";"Saída de leito carroçável";"Sem Vítimas";"Plena Noite";"Crescente";"Céu Claro";"Múltipla";"Reta";"Sim";1;0;0;0;0;1;0;1;-26,73760897;-48,69918789;"SPRF-SC";"DEL03-SC";"UOP02-DEL03-SC"
371527;2021-07-18;"domingo";"23:50:00";"ES";262;3,7;"CARIACICA";"Condutor desrespeitou a iluminação vermelha do semáforo";"Colisão transversal";"Com Vítimas Feridas";"Plena Noite";"Crescente";"Ignorado";"Dupla";"Interseção de Vias";"Sim";2;0;1;0;0;1;1;2;-20,33537188;-40,3764081;"SPRF-ES";"DEL01-ES";"UOP01-DEL01-ES"
371528;2021-07-18;"domingo";"23:20:00";"PE";423;95,2;"GARANHUNS";"Ingestão de álcool pelo condutor";"Saída de leito carroçável";"Com Vítimas Feridas";"Plena Noite";"Crescente";"Céu Claro";"Simples";"Curva";"Sim";3;0;3;0;0;0;3;1;-8,878079;-36,48284;"SPRF-PE";"DEL03-PE";"UOP01-DEL03-PE"
371529;2021-07-18;"domingo";"22:20:00";"RO";364;317;"PRESIDENTE MEDICI";"Avarias e/ou desgaste excessivo no pneu";"Saída de leito carroçável";"Com Vítimas Feridas";"Plena Noite";"Decrescente";"Céu Claro";"Simples";"Reta";"Não";1;0;1;0;0;0;1;1;-11,09335704;-61,91055507;"SPRF-RO";"DEL02-RO";"UOP01-DEL02-RO"
371530;2021-07-19;"segunda-feira";"00:50:00";"RJ";101;485,5;"ANGRA DOS REIS";"Ingestão de álcool pelo condutor";"Colisão com objeto";"Com Vítimas Feridas";"Plena Noite";"Crescente";"Garoa/Chuvisco";"Simples";"Curva";"Sim";2;0;1;0;1;0;1;1;-22,98573526;-44,29709764;"SPRF-RJ";"DEL03-RJ";"UOP03-DEL03-RJ"
371531;2021-07-19;"segunda-feira";"00:15:00";"SP";381;53;"MAIRIPORA";"Ausência de reação do condutor";"Saída de leito carroçável";"Sem Vítimas";"Plena Noite";"Crescente";"Nublado";"Dupla";"Curva";"Não";1;0;0;0;0;1;0;1;-23,23377479;-46,60194397;"SPRF-SP";"DEL03-SP";"UOP01-DEL03-SP"
371534;2021-07-18;"domingo";"23:10:00";"RJ";101;321;"NITEROI";"Pista Escorregadia";"Queda de ocupante de veículo";"Com Vítimas Feridas";"Plena Noite";"Decrescente";"Garoa/Chuvisco";"Dupla";"Curva";"Sim";3;0;1;0;2;0;1;2;-22,86729819;-43,11005116;"SPRF-RJ";"DEL02-RJ";"UOP02-DEL02-RJ"
371536;2021-07-18;"domingo";"22:40:00";"BA";116;0;"VITORIA DA CONQUISTA";"Ingestão de álcool pelo condutor";"Colisão com objeto";"Sem Vítimas";"Plena Noite";"Decrescente";"Céu Claro";"Simples";"Aclive";"Não";1;0;0;0;1;0;0;1;-14,827039;-40,82491;"SPRF-BA";"DEL08-BA";"UOP01-DEL08-BA"
371537;2021-07-19;"segunda-feira";"01:00:00";"RJ";101;488;"ANGRA DOS REIS";"Ausência de reação do condutor";"Colisão frontal";"Com Vítimas Feridas";"Plena Noite";"Decrescente";"Céu Claro";"Simples";"Reta";"Sim";5;0;3;1;1;0;4;2;-22,96020896;-44,29612622;"SPRF-RJ";"DEL03-RJ";"UOP03-DEL03-RJ"
371541;2021-07-18;"domingo";"23:30:00";"MG";116;805,9;"ALEM PARAIBA";"Transitar na contramão";"Tombamento";"Com Vítimas Fatais";"Plena Noite";"Crescente";"Ignorado";"Simples";"Reta";"Não";1;1;0;0;0;0;0;1;-21,79939622;-42,70870435;"SPRF-MG";"DEL07-MG";"UOP01-DEL07-MG"
371542;2021-07-19;"segunda-feira";"00:05:00";"BA";110;173;"RIBEIRA DO POMBAL";"Ingestão de álcool pelo condutor";"Colisão frontal";"Com Vítimas Fatais";"Plena Noite";"Crescente";"Céu Claro";"Simples";"Reta";"Sim";2;1;0;0;1;0;0;2;-10,86944598;-38,52734387;"SPRF-BA";"DEL07-BA";"UOP02-DEL07-BA"
371543;2021-07-19;"segunda-feira";"03:00:00";"PR";369;438,5;"UBIRATA";"Pedestre andava na pista";"Atropelamento de Pedestre";"Com Vítimas Fatais";"Plena Noite";"Decrescente";"Céu Claro";"Simples";"Reta";"Não";2;1;0;0;0;1;0;2;-24,5009;-52,9103;"SPRF-PR";"DEL04-PR";"UOP03-DEL04-PR"
371545;2021-07-18;"domingo";"23:00:00";"MT";70;551;"NOSSA SENHORA DO LIVRAMENTO";"Ausência de reação do condutor";"Saída de leito carroçável";"Com Vítimas Feridas";"Plena Noite";"Decrescente";"Céu Claro";"Simples";"Reta";"Não";2;0;2;0;0;0;2;1;-15,67900558;-56,31855899;"SPRF-MT";"DEL03-MT";"UOP02-DEL03-MT"
371546;2021-07-19;"segunda-feira";"04:15:00";"MG";381;359;"SAO GONCALO DO RIO ABAIXO";"Ingestão de álcool pelo condutor";"Colisão frontal";"Com Vítimas Feridas";"Plena Noite";"Decrescente";"Céu Claro";"Simples";"Reta";"Sim";3;0;2;0;1;0;2;2;-19,85508542;-43,22309017;"SPRF-MG";"DEL03-MG";"UOP01-DEL03-MG"
371547;2021-07-19;"segunda-feira";"04:30:00";"RJ";116;137;"MAGE";"Velocidade Incompatível";"Queda de ocupante de veículo";"Com Vítimas Feridas";"Plena Noite";"Decrescente";"Nevoeiro/Neblina";"Dupla";"Curva";"Sim";1;0;1;0;0;0;1;1;-22,64791994;-43,18200799;"SPRF-RJ";"DEL04-RJ";"UOP02-DEL04-RJ"
371548;2021-07-19;"segunda-feira";"04:40:00";"SP";116;225;"GUARULHOS";"Ausência de reação do condutor";"Atropelamento de Pedestre";"Com Vítimas Fatais";"Amanhecer";"Decrescente";"Nublado";"Múltipla";"Declive";"Sim";3;1;0;0;2;0;0;2;-23,48586772;-46,54075317;"SPRF-SP";"DEL01-SP";"UOP01-DEL01-SP"
371549;2021-07-19;"segunda-feira";"04:55:00";"CE";222;59,8;"SAO GONCALO DO AMARANTE";"Condutor deixou de manter distância do veículo da frente";"Colisão traseira";"Com Vítimas Feridas";"Amanhecer";"Decrescente";"Céu Claro";"Simples";"Reta";"Sim";9;0;1;1;7;0;2;3;-3,67053434;-39,07182499;"SPRF-CE";"DEL01-CE";"UOP03-DEL01-CE"
371551;2021-07-19;"segunda-feira";"05:30:00";"MA";316;553,2;"CAXIAS";"Transitar na contramão";"Colisão frontal";"Com Vítimas Feridas";"Amanhecer";"Decrescente";"Céu Claro";"Dupla";"Reta";"Sim";2;0;0;1;1;0;1;2;-4,877648;-43,338158;"SPRF-MA";"DEL03-MA";"UOP02-DEL03-MA"
371552;2021-07-19;"segunda-feira";"06:30:00";"MG";381;483,3;"BETIM";"Ausência de reação do condutor";"Engavetamento";"Com Vítimas Feridas";"Pleno dia";"Decrescente";"Céu Claro";"Dupla";"Reta";"Sim";4;0;2;0;0;2;2;4;-19,95915056;-44,09070969;"SPRF-MG";"DEL01-MG";"UOP03-DEL01-MG"
371555;2021-07-19;"segunda-feira";"07:05:00";"PA";316;30,6;"SANTA IZABEL DO PARA";"Condutor deixou de manter distância do veículo da frente";"Colisão traseira";"Com Vítimas Feridas";"Pleno dia";"Decrescente";"Céu Claro";"Dupla";"Reta";"Não";2;0;1;0;1;0;1;2;-1,30604012;-48,20471397;"SPRF-PA";"DEL01-PA";"UOP01-DEL01-PA"
371556;2021-07-19;"segunda-feira";"06:40:00";"PR";158;526,2;"PATO BRANCO";"Acostamento em desnível";"Queda de ocupante de veículo";"Com Vítimas Feridas";"Amanhecer";"Crescente";"Sol";"Simples";"Reta";"Não";2;0;1;1;0;0;2;1;-26,15962508;-52,66289367;"SPRF-PR";"DEL02-PR";"UOP01-DEL02-PR"
371558;2021-07-19;"segunda-feira";"07:00:00";"SP";116;73,3;"APARECIDA";"Ausência de reação do condutor";"Capotamento";"Com Vítimas Feridas";"Pleno dia";"Decrescente";"Céu Claro";"Dupla";"Curva";"Não";1;0;1;0;0;0;1;1;-22,86998483;-45,24430721;"SPRF-SP";"DEL08-SP";"UOP01-DEL08-SP"
371559;2021-07-19;"segunda-feira";"07:35:00";"SC";101;200,2;"SAO JOSE";"Manobra de mudança de faixa";"Colisão lateral mesmo sentido";"Com Vítimas Feridas";"Pleno dia";"Crescente";"Céu Claro";"Múltipla";"Reta";"Sim";2;0;0;1;1;0;1;2;-27,54018513;-48,62287714;"SPRF-SC";"DEL01-SC";"UOP01-DEL01-SC"
371560;2021-07-19;"segunda-feira";"00:40:00";"BA";101;436,7;"UBAITABA";"Velocidade Incompatível";"Capotamento";"Com Vítimas Feridas";"Plena Noite";"Crescente";"Céu Claro";"Simples";"Curva";"Não";5;0;3;2;0;0;5;1;-14,24604;-39,319787;"SPRF-BA";"DEL05-BA";"UOP01-DEL05-BA"
371561;2021-07-19;"segunda-feira";"06:45:00";"PB";230;23;"JOAO PESSOA";"Ausência de reação do condutor";"Colisão traseira";"Com Vítimas Feridas";"Pleno dia";"Decrescente";"Céu Claro";"Dupla";"Declive";"Sim";3;0;2;0;1;0;2;2;-7,1562;-34,8574;"SPRF-PB";"DEL01-PB";"UOP01-DEL01-PB"
371562;2021-07-19;"segunda-feira";"06:10:00";"RO";364;240,1;"CACOAL";"Manobra de mudança de faixa";"Colisão transversal";"Com Vítimas Feridas";"Pleno dia";"Decrescente";"Céu Claro";"Simples";"Reta";"Sim";2;0;0;1;1;0;1;2;-11,43579019;-61,47096987;"SPRF-RO";"DEL02-RO";"UOP02-DEL02-RO"
371564;2021-07-19;"segunda-feira";"07:25:00";"PR";369;142,8;"IBIPORA";"Reação tardia ou ineficiente do condutor";"Colisão traseira";"Com Vítimas Feridas";"Pleno dia";"Decrescente";"Sol";"Simples";"Aclive;Reta";"Sim";2;0;1;0;1;0;1;2;-23,28664669;-51,07589006;"SPRF-PR";"DEL07-PR";"UOP01-DEL07-PR"
371565;2021-07-19;"segunda-feira";"07:00:00";"PR";476;141;"CURITIBA";"Acessar a via sem observar a presença dos outros veículos";"Atropelamento de Pedestre";"Com Vítimas Feridas";"Pleno dia";"Decrescente";"Céu Claro";"Dupla";"Reta";"Não";2;0;1;0;1;0;1;2;-25,528614;-49,298798;"SPRF-PR";"DEL01-PR";"UOP03-DEL01-PR"
371567;2021-07-19;"segunda-feira";"06:45:00";"PR";116;84;"PIRAQUARA";"Ausência de reação do condutor";"Capotamento";"Com Vítimas Feridas";"Pleno dia";"Crescente";"Céu Claro";"Dupla";"Curva";"Não";1;0;1;0;0;0;1;1;-25,42607294;-49,07745304;"SPRF-PR";"DEL01-PR";"UOP01-DEL01-PR"
371568;2021-07-19;"segunda-feira";"07:50:00";"MG";116;527,8;"CARATINGA";"Reação tardia ou ineficiente do condutor";"Queda de ocupante de veículo";"Com Vítimas Feridas";"Pleno dia";"Crescente";"Céu Claro";"Simples";"Interseção de Vias";"Não";2;0;1;0;1;0;1;1;-19,78510701;-42,13445297;"SPRF-MG";"DEL06-MG";"UOP02-DEL06-MG"
371569;2021-07-19;"segunda-feira";"06:45:00";"RS";153;577,4;"BAGE";"Reação tardia ou ineficiente do condutor";"Colisão frontal";"Com Vítimas Fatais";"Amanhecer";"Crescente";"Nublado";"Simples";"Reta";"Não";4;2;1;1;0;0;2;2;-31,04864214;-53,6780417;"SPRF-RS";"DEL11-RS";"UOP03-DEL11-RS"
371570;2021-07-19;"segunda-feira";"07:00:00";"SC";101;202;"SAO JOSE";"Ingestão de álcool pelo condutor";"Tombamento";"Com Vítimas Feridas";"Pleno dia";"Crescente";"Céu Claro";"Simples";"Reta";"Sim";1;0;1;0;0;0;1;1;-27,55711595;-48,61897889;"SPRF-SC";"DEL01-SC";"UOP01-DEL01-SC"
371571;2021-07-19;"segunda-feira";"07:30:00";"SP";116;205,9;"GUARULHOS";"Trafegar com motocicleta (ou similar) entre as faixas";"Colisão lateral mesmo sentido";"Com Vítimas Feridas";"Pleno dia";"Crescente";"Sol";"Dupla";"Reta";"Sim";4;0;2;0;2;0;2;4;-23,41702148;-46,3747716;"SPRF-SP";"DEL01-SP";"UOP01-DEL01-SP"
371572;2021-07-19;"segunda-feira";"08:15:00";"ES";101;295,8;"CARIACICA";"Acessar a via sem observar a presença dos outros veículos";"Colisão transversal";"Com Vítimas Feridas";"Pleno dia";"Crescente";"Céu Claro";"Múltipla";"Interseção de Vias";"Sim";2;0;1;0;1;0;1;2;-20,33223667;-40,40004683;"SPRF-ES";"DEL01-ES";"UOP01-DEL01-ES"
371574;2021-07-19;"segunda-feira";"07:50:00";"SP";116;269,5;"TABOAO DA SERRA";"Acessar a via sem observar a presença dos outros veículos";"Colisão transversal";"Com Vítimas Feridas";"Pleno dia";"Decrescente";"Céu Claro";"Dupla";"Reta";"Sim";3;0;1;0;2;0;1;2;-23,61593059;-46,78826044;"SPRF-SP";"DEL04-SP";"UOP01-DEL04-SP"
371575;2021-07-19;"segunda-feira";"08:00:00";"PI";316;9,7;"TERESINA";"Área urbana sem a presença de local apropriado para a travessia de pedestres";"Atropelamento de Pedestre";"Com Vítimas Feridas";"Pleno dia";"Decrescente";"Sol";"Múltipla";"Reta";"Sim";3;0;3;0;0;0;3;2;-5,18280197;-42,76350291;"SPRF-PI";"DEL01-PI";"UOP02-DEL01-PI"
371576;2021-07-19;"segunda-feira";"08:00:00";"MG";381;490;"BETIM";"Reação tardia ou ineficiente do condutor";"Colisão traseira";"Com Vítimas Feridas";"Pleno dia";"Decrescente";"Céu Claro";"Múltipla";"Reta";"Sim";2;0;1;0;1;0;1;2;-19,96502819;-44,17422195;"SPRF-MG";"DEL01-MG";"UOP03-DEL01-MG"
371577;2021-07-19;"segunda-feira";"07:30:00";"CE";116;1;"FORTALEZA";"Ingestão de álcool pelo condutor";"Colisão lateral mesmo sentido";"Sem Vítimas";"Pleno dia";"Crescente";"Céu Claro";"Dupla";"Reta";"Sim";3;0;0;0;2;1;0;3;-3,76159894;-38,51900662;"SPRF-CE";"DEL01-CE";"UOP02-DEL01-CE"
371578;2021-07-19;"segunda-feira";"08:00:00";"PE";101;45,7;"IGARASSU";"Chuva";"Colisão lateral mesmo sentido";"Com Vítimas Feridas";"Pleno dia";"Crescente";"Chuva";"Múltipla";"Reta";"Sim";2;0;1;0;1;0;1;2;-7,86521297;-34,90715176;"SPRF-PE";"DEL01-PE";"UOP02-DEL01-PE"
371579;2021-07-19;"segunda-feira";"07:26:00";"PR";369;142,8;"IBIPORA";"Obstrução na via";"Colisão traseira";"Com Vítimas Feridas";"Pleno dia";"Decrescente";"Céu Claro";"Simples";"Reta";"Não";2;0;1;0;1;0;1;2;-23,287245;-51,077235;"SPRF-PR";"DEL07-PR";"UOP01-DEL07-PR"
371580;2021-07-19;"segunda-feira";"07:40:00";"SC";101;441,7;"SANTA ROSA DO SUL";"Manobra de mudança de faixa";"Colisão traseira";"Com Vítimas Feridas";"Pleno dia";"Crescente";"Sol";"Dupla";"Declive";"Não";2;0;0;1;1;0;1;2;-29,12676736;-49,67703089;"SPRF-SC";"DEL02-SC";"UOP02-DEL02-SC"
371581;2021-07-19;"segunda-feira";"08:30:00";"SP";116;284;"ITAPECERICA DA SERRA";"Condutor deixou de manter distância do veículo da frente";"Colisão traseira";"Sem Vítimas";"Pleno dia";"Decrescente";"Céu Claro";"Dupla";"Reta";"Não";2;0;0;0;0;2;0;2;-23,69998;-46,867767;"SPRF-SP";"DEL04-SP";"UOP01-DEL04-SP"
371583;2021-07-19;"segunda-feira";"06:35:00";"ES";101;298,5;"VIANA";"Reação tardia ou ineficiente do condutor";"Colisão lateral mesmo sentido";"Com Vítimas Feridas";"Pleno dia";"Crescente";"Nublado";"Múltipla";"Reta";"Sim";2;0;1;0;1;0;1;2;-20,35374444;-40,4156433;"SPRF-ES";"DEL01-ES";"UOP01-DEL01-ES"
371584;2021-07-19;"segunda-feira";"08:10:00";"MT";364;204;"RONDONOPOLIS";"Velocidade Incompatível";"Colisão com objeto";"Com Vítimas Feridas";"Pleno dia";"Decrescente";"Céu Claro";"Dupla";"Declive";"Sim";1;0;1;0;0;0;1;1;-16,467325;-54,657196;"SPRF-MT";"DEL02-MT";"UOP01-DEL02-MT"
371586;2021-07-19;"segunda-feira";"07:15:00";"SC";282;574;"PINHALZINHO";"Acessar a via sem observar a presença dos outros veículos";"Colisão transversal";"Com Vítimas Feridas";"Amanhecer";"Crescente";"Céu Claro";"Simples";"Reta";"Não";2;0;1;0;1;0;1;2;-26,867399;-52,965149;"SPRF-SC";"DEL07-SC";"UOP02-DEL07-SC"
371587;2021-07-11;"domingo";"20:30:00";"MS";376;167;"NOVA ANDRADINA";"Pista esburacada";"Saída de leito carroçável";"Com Vítimas Feridas";"Plena Noite";"Crescente";"Céu Claro";"Simples";"Reta";"Não";2;0;0;1;1;0;1;1;-22,31643133;-53,4225239;"SPRF-MS";"DEL04-MS";"UOP04-DEL04-MS"
371589;2021-06-24;"quinta-feira";"16:45:00";"SC";101;214;"PALHOCA";"Condutor deixou de manter distância do veículo da frente";"Colisão traseira";"Com Vítimas Feridas";"Pleno dia";"Crescente";"Nublado";"Dupla";"Reta";"Sim";2;0;1;0;1;0;1;2;-27,64443;-48,67057;"SPRF-SC";"DEL01-SC";"UOP02-DEL01-SC"
371590;2021-07-19;"segunda-feira";"08:30:00";"MT";70;382;"CAMPO VERDE";"Acessar a via sem observar a presença dos outros veículos";"Colisão transversal";"Com Vítimas Feridas";"Pleno dia";"Crescente";"Céu Claro";"Simples";"Reta";"Sim";9;0;3;0;6;0;3;3;-15,5271639;-55,1308021;"SPRF-MT";"DEL05-MT";"UOP02-DEL05-MT"
371591;2021-07-19;"segunda-feira";"08:40:00";"ES";101;147;"LINHARES";"Desrespeitar a preferência no cruzamento";"Atropelamento de Pedestre";"Com Vítimas Feridas";"Pleno dia";"Crescente";"Céu Claro";"Dupla";"Interseção de Vias";"Sim";2;0;1;0;1;0;1;2;-19,37887202;-40,06657892;"SPRF-ES";"DEL04-ES";"UOP01-DEL04-ES"
371593;2021-07-19;"segunda-feira";"09:35:00";"PB";101;5,8;"MATARACA";"Manobra de mudança de faixa";"Colisão transversal";"Com Vítimas Fatais";"Pleno dia";"Decrescente";"Céu Claro";"Dupla";"Retorno Regulamentado";"Não";2;1;0;0;1;0;0;2;-6,54791705;-35,12227696;"SPRF-PB";"DEL01-PB";"UOP04-DEL01-PB"
371594;2021-07-19;"segunda-feira";"06:30:00";"RJ";101;215;"CASIMIRO DE ABREU";"Reação tardia ou ineficiente do condutor";"Colisão com objeto";"Com Vítimas Feridas";"Pleno dia";"Crescente";"Sol";"Dupla";"Curva";"Não";3;0;2;0;1;0;2;1;-22,50540682;-42,27365808;"SPRF-RJ";"DEL02-RJ";"UOP03-DEL02-RJ"
371595;2021-05-12;"quarta-feira";"23:10:00";"MG";262;811;"UBERABA";"Condutor deixou de manter distância do veículo da frente";"Colisão traseira";"Com Vítimas Feridas";"Plena Noite";"Crescente";"Céu Claro";"Dupla";"Reta";"Sim";2;0;0;1;1;0;1;2;-19,76527861;-48,11638905;"SPRF-MG";"DEL13-MG";"UOP01-DEL13-MG"
371596;2021-07-19;"segunda-feira";"09:20:00";"RJ";101;308;"SAO GONCALO";"Demais falhas mecânicas ou elétricas";"Tombamento";"Com Vítimas Feridas";"Pleno dia";"Crescente";"Céu Claro";"Dupla";"Reta";"Sim";2;0;1;0;1;0;1;1;-22,79309326;-43,02479595;"SPRF-RJ";"DEL02-RJ";"UOP02-DEL02-RJ"
371597;2021-07-19;"segunda-feira";"10:00:00";"PA";316;36,8;"SANTA IZABEL DO PARA";"Reação tardia ou ineficiente do condutor";"Colisão com objeto";"Com Vítimas Feridas";"Pleno dia";"Crescente";"Sol";"Dupla";"Reta";"Sim";1;0;1;0;0;0;1;1;-1,28743781;-48,15157413;"SPRF-PA";"DEL01-PA";"UOP01-DEL01-PA"
371598;2021-07-09;"sexta-feira";"19:40:00";"PE";428;168,8;"PETROLINA";"Animais na Pista";"Atropelamento de Animal";"Sem Vítimas";"Plena Noite";"Crescente";"Céu Claro";"Simples";"Reta";"Não";1;0;0;0;1;0;0;1;-9,20669407;-40,39689092;"SPRF-PE";"DEL06-PE";"UOP01-DEL06-PE"
371599;2021-06-25;"sexta-feira";"19:20:00";"PA";155;256;"ELDORADO DO CARAJAS";"Manobra de mudança de faixa";"Colisão lateral mesmo sentido";"Com Vítimas Feridas";"Plena Noite";"Decrescente";"Céu Claro";"Simples";"Reta";"Sim";7;0;3;1;3;0;4;2;-6,077651;-49,314276;"SPRF-PA";"DEL03-PA";"UOP01-DEL03-PA"
371600;2021-07-19;"segunda-feira";"08:40:00";"SC";470;158;"TROMBUDO CENTRAL";"Acessar a via sem observar a presença dos outros veículos";"Colisão transversal";"Com Vítimas Feridas";"Pleno dia";"Decrescente";"Sol";"Simples";"Interseção de Vias";"Sim";3;0;2;0;1;0;2;2;-27,28592798;-49,78318334;"SPRF-SC";"DEL04-SC";"UOP02-DEL04-SC"
371601;2021-07-19;"segunda-feira";"09:20:00";"RO";364;12;"VILHENA";"Desrespeitar a preferência no cruzamento";"Colisão transversal";"Com Vítimas Feridas";"Pleno dia";"Decrescente";"Céu Claro";"Simples";"Interseção de Vias";"Sim";2;0;0;1;1;0;1;2;-12,74383278;-60,12366772;"SPRF-RO";"DEL04-RO";"UOP01-DEL04-RO"
371602;2021-06-28;"segunda-feira";"17:00:00";"RO";364;197,8;"PIMENTA BUENO";"Acessar a via sem observar a presença dos outros veículos";"Colisão traseira";"Com Vítimas Feridas";"Pleno dia";"Crescente";"Céu Claro";"Simples";"Reta";"Sim";2;0;1;0;1;0;1;2;-11,67191669;-61,19063973;"SPRF-RO";"DEL02-RO";"UOP02-DEL02-RO"
371604;2021-07-19;"segunda-feira";"11:20:00";"DF";40;5;"BRASILIA";"Condutor deixou de manter distância do veículo da frente";"Colisão traseira";"Sem Vítimas";"Pleno dia";"Decrescente";"Céu Claro";"Dupla";"Reta";"Não";2;0;0;0;2;0;0;2;-16,020903;-47,980541;"SPRF-DF";"DEL01-DF";"UOP01-DEL01-DF"
371606;2021-07-03;"sábado";"19:03:00";"AL";316;204,5;"MARIBONDO";"Ingestão de álcool pelo condutor";"Colisão traseira";"Com Vítimas Feridas";"Plena Noite";"Crescente";"Nublado";"Simples";"Reta";"Não";4;0;2;0;1;1;2;4;-9,57189615;-36,29419392;"SPRF-AL";"DEL03-AL";"UOP01-DEL03-AL"
371609;2021-07-19;"segunda-feira";"11:30:00";"RJ";101;325;"NITEROI";"Condutor deixou de manter distância do veículo da frente";"Colisão traseira";"Com Vítimas Feridas";"Pleno dia";"Crescente";"Céu Claro";"Dupla";"Reta";"Sim";3;0;1;0;2;0;1;2;-22,87292569;-43,13625699;"SPRF-RJ";"DEL02-RJ";"UOP02-DEL02-RJ"
371611;2021-07-19;"segunda-feira";"12:30:00";"PE";101;26;"GOIANA";"Acumulo de água sobre o pavimento";"Saída de leito carroçável";"Com Vítimas Feridas";"Pleno dia";"Decrescente";"Chuva";"Dupla";"Curva";"Não";2;0;1;0;1;0;1;1;-7,7009082;-34,9229207;"SPRF-PE";"DEL01-PE";"UOP02-DEL01-PE"
371612;2021-07-19;"segunda-feira";"11:40:00";"RJ";101;512;"ANGRA DOS REIS";"Transitar na contramão";"Colisão frontal";"Com Vítimas Feridas";"Pleno dia";"Crescente";"Céu Claro";"Dupla";"Reta";"Sim";2;0;1;0;1;0;1;2;-22,96909;-44,44151;"SPRF-RJ";"DEL03-RJ";"UOP02-DEL03-RJ"
371614;2021-07-19;"segunda-feira";"11:00:00";"SC";280;162;"MAFRA";"Ultrapassagem Indevida";"Colisão lateral mesmo sentido";"Com Vítimas Feridas";"Pleno dia";"Decrescente";"Céu Claro";"Simples";"Reta";"Não";3;0;2;0;1;0;2;2;-26,20386631;-49,79088509;"SPRF-SC";"DEL06-SC";"UOP03-DEL06-SC"