"id";"data_inversa";"dia_semana";"horario";"uf";"br";"km";"municipio";"causa_acidente";"tipo_acidente";"classificacao_acidente";"fase_dia";"sentido_via";"condicao_metereologica";"tipo_pista";"tracado_via";"uso_solo";"pessoas";"mortos";"feridos_leves";"feridos_graves";"ilesos";"ignorados";"feridos";"veiculos";"latitude";"longitude";"regional";"delegacia";"uop"
371615;2021-07-19;"segunda-feira";"11:40:00";"PE";101;25,9;"ITAPISSUMA";"Avarias e/ou desgaste excessivo no pneu";"Saída de leito carroçável";"Com Vítimas Feridas";"Pleno dia";"Crescente";"Chuva";"Dupla";"Reta";"Não";4;0;4;0;0;0;4;1;-7,70826223;-34,92811677;"SPRF-PE";"DEL01-PE";"UOP02-DEL01-PE"
371616;2021-07-19;"segunda-feira";"12:35:00";"ES";101;343,9;"GUARAPARI";"Transitar no acostamento";"Colisão traseira";"Com Vítimas Fatais";"Pleno dia";"Decrescente";"Nublado";"Simples";"Reta";"Não";4;1;0;0;3;0;0;2;-20,66307033;-40,5994571;"SPRF-ES";"DEL03-ES";"UOP01-DEL03-ES"
371617;2021-07-19;"segunda-feira";"09:30:00";"CE";222;13,3;"CAUCAIA";"Carga excessiva e/ou mal acondicionada";"Queda de ocupante de veículo";"Com Vítimas Feridas";"Pleno dia";"Crescente";"Céu Claro";"Simples";"Reta";"Não";1;0;1;0;0;0;1;1;-3,76323859;-38,6776931;"SPRF-CE";"DEL01-CE";"UOP01-DEL01-CE"
371618;2021-07-19;"segunda-feira";"13:02:00";"PR";376;176;"MARINGA";"Conversão proibida";"Colisão lateral mesmo sentido";"Com Vítimas Feridas";"Pleno dia";"Decrescente";"Céu Claro";"Dupla";"Reta";"Sim";3;0;2;0;1;0;2;2;-23,41269173;-51,93158327;"SPRF-PR";"DEL09-PR";"UOP01-DEL09-PR"
371619;2021-06-09;"quarta-feira";"07:00:00";"MG";365;581,1;"ARAGUARI";"Ausência de reação do condutor";"Colisão transversal";"Com Vítimas Feridas";"Amanhecer";"Crescente";"Céu Claro";"Simples";"Interseção de Vias";"Não";2;0;1;1;0;0;2;2;-18,87729555;-47,94545174;"SPRF-MG";"DEL15-MG";"UOP02-DEL15-MG"
371622;2021-07-19;"segunda-feira";"13:35:00";"SP";116;221,9;"GUARULHOS";"Reação tardia ou ineficiente do condutor";"Colisão traseira";"Com Vítimas Feridas";"Pleno dia";"Decrescente";"Céu Claro";"Múltipla";"Reta";"Sim";2;0;1;0;1;0;1;2;-23,46802395;-46,50704901;"SPRF-SP";"DEL01-SP";"UOP01-DEL01-SP"
371623;2021-07-03;"sábado";"18:45:00";"MG";40;779,9;"JUIZ DE FORA";"Entrada inopinada do pedestre";"Atropelamento de Pedestre";"Com Vítimas Fatais";"Plena Noite";"Crescente";"Céu Claro";"Dupla";"Reta";"Sim";3;1;0;0;1;1;0;2;-21,67252614;-43,44374992;"SPRF-MG";"DEL05-MG";"UOP01-DEL05-MG"
371624;2021-06-19;"sábado";"20:55:00";"RO";364;331,8;"JI-PARANA";"Ingestão de álcool pelo condutor";"Colisão traseira";"Com Vítimas Feridas";"Plena Noite";"Crescente";"Céu Claro";"Simples";"Reta";"Não";2;0;1;0;0;1;1;2;-10,97565;-61,917217;"SPRF-RO";"DEL02-RO";"UOP01-DEL02-RO"
371626;2021-07-19;"segunda-feira";"10:20:00";"PE";423;154,8;"IATI";"Velocidade Incompatível";"Capotamento";"Sem Vítimas";"Pleno dia";"Decrescente";"Céu Claro";"Simples";"Curva";"Não";4;0;0;0;4;0;0;1;-9,0566026;-36,93412423;"SPRF-PE";"DEL03-PE";"UOP01-DEL03-PE"
371628;2021-07-19;"segunda-feira";"14:15:00";"SC";101;119;"ITAJAI";"Reação tardia ou ineficiente do condutor";"Engavetamento";"Com Vítimas Feridas";"Pleno dia";"Decrescente";"Céu Claro";"Dupla";"Reta";"Não";5;0;2;0;3;0;2;4;-26,9043179;-48,71555481;"SPRF-SC";"DEL04-SC";"UOP04-DEL04-SC"
371629;2021-02-16;"terça-feira";"17:10:00";"SP";153;280;"OCAUCU";"Condutor deixou de manter distância do veículo da frente";"Colisão lateral mesmo sentido";"Com Vítimas Feridas";"Pleno dia";"Decrescente";"Garoa/Chuvisco";"Simples";"Reta";"Não";2;0;1;0;1;0;1;2;-22,41321412;-49,86091715;"SPRF-SP";"DEL07-SP";"UOP02-DEL07-SP"
371630;2021-07-15;"quinta-feira";"16:35:00";"MT";364;275;"JACIARA";"Conversão proibida";"Colisão transversal";"Com Vítimas Feridas";"Anoitecer";"Crescente";"Céu Claro";"Dupla";"Reta";"Sim";2;0;1;0;1;0;1;2;-15,95085604;-54,98237599;"SPRF-MT";"DEL02-MT";"UOP01-DEL02-MT"
371634;2021-07-19;"segunda-feira";"13:55:00";"SE";235;57,1;"ITABAIANA";"Desrespeitar a preferência no cruzamento";"Colisão transversal";"Com Vítimas Feridas";"Pleno dia";"Decrescente";"Nublado";"Simples";"Reta";"Sim";3;0;2;0;1;0;2;2;-10,650009;-37,451248;"SPRF-SE";"DEL01-SE";"UOP02-DEL01-SE"
371636;2021-07-19;"segunda-feira";"11:30:00";"GO";70;24,2;"COCALZINHO DE GOIAS";"Ausência de reação do condutor";"Saída de leito carroçável";"Com Vítimas Fatais";"Pleno dia";"Decrescente";"Céu Claro";"Dupla";"Declive;Reta";"Sim";1;1;0;0;0;0;0;1;-15,7404865;-48,40963905;"SPRF-DF";"DEL03-DF";"UOP02-DEL03-DF"
371637;2021-07-19;"segunda-feira";"14:10:00";"RJ";40;122;"DUQUE DE CAXIAS";"Reação tardia ou ineficiente do condutor";"Capotamento";"Com Vítimas Feridas";"Pleno dia";"Crescente";"Céu Claro";"Múltipla";"Reta";"Sim";1;0;1;0;0;0;1;1;-22,79083113;-43,28611569;"SPRF-RJ";"DEL01-RJ";"UOP01-DEL01-RJ"
371640;2021-07-19;"segunda-feira";"13:45:00";"SP";459;31,5;"LORENA";"Retorno proibido";"Colisão transversal";"Com Vítimas Feridas";"Pleno dia";"Decrescente";"Céu Claro";"Simples";"Reta";"Sim";2;0;1;0;1;0;1;2;-22,732813;-45,098679;"SPRF-SP";"DEL08-SP";"UOP02-DEL08-SP"
371641;2021-07-19;"segunda-feira";"15:30:00";"RN";304;115,3;"ITAJA";"Ausência de reação do condutor";"Colisão traseira";"Com Vítimas Feridas";"Pleno dia";"Crescente";"Céu Claro";"Simples";"Ponte";"Não";3;0;2;0;1;0;2;2;-5,61608192;-36,89246535;"SPRF-RN";"DEL04-RN";"UOP01-DEL04-RN"
371642;2021-07-19;"segunda-feira";"14:20:00";"RJ";116;168;"RIO DE JANEIRO";"Reação tardia ou ineficiente do condutor";"Colisão traseira";"Com Vítimas Feridas";"Pleno dia";"Decrescente";"Céu Claro";"Dupla";"Reta";"Sim";3;0;1;0;2;0;1;3;-22,819969;-43,31499997;"SPRF-RJ";"DEL01-RJ";"UOP01-DEL01-RJ"
371643;2021-07-19;"segunda-feira";"15:40:00";"SP";116;214;"GUARULHOS";"Avarias e/ou desgaste excessivo no pneu";"Colisão lateral mesmo sentido";"Com Vítimas Feridas";"Pleno dia";"Decrescente";"Céu Claro";"Dupla";"Reta";"Não";2;0;1;0;1;0;1;2;-23,44333014;-46,44531294;"SPRF-SP";"DEL01-SP";"UOP01-DEL01-SP"
371644;2021-07-19;"segunda-feira";"15:40:00";"CE";222;3,6;"CAUCAIA";"Manobra de mudança de faixa";"Colisão lateral mesmo sentido";"Com Vítimas Feridas";"Pleno dia";"Crescente";"Céu Claro";"Dupla";"Declive;Reta";"Sim";3;0;2;0;0;1;2;2;-3,74112326;-38,6016655;"SPRF-CE";"DEL01-CE";"UOP01-DEL01-CE"
371646;2021-06-13;"domingo";"03:50:00";"SC";470;67;"INDAIAL";"Ingestão de álcool pelo condutor";"Saída de leito carroçável";"Com Vítimas Feridas";"Plena Noite";"Crescente";"Céu Claro";"Simples";"Interseção de Vias";"Não";1;0;1;0;0;0;1;1;-26,872158;-49,23127;"SPRF-SC";"DEL04-SC";"UOP01-DEL04-SC"
371647;2021-07-19;"segunda-feira";"06:45:00";"PR";369;190;"ARAPONGAS";"Ausência de reação do condutor";"Queda de ocupante de veículo";"Com Vítimas Feridas";"Amanhecer";"Decrescente";"Ignorado";"Dupla";"Reta";"Não";2;0;2;0;0;0;2;1;-23,45289781;-51,4233166;"SPRF-PR";"DEL07-PR";"UOP02-DEL07-PR"
371648;2021-07-19;"segunda-feira";"16:25:00";"SE";235;1,1;"ARACAJU";"Reação tardia ou ineficiente do condutor";"Tombamento";"Com Vítimas Feridas";"Pleno dia";"Decrescente";"Céu Claro";"Dupla";"Viaduto";"Sim";1;0;1;0;0;0;1;1;-10,9073;-37,0947;"SPRF-SE";"DEL01-SE";"UOP01-DEL01-SE"
371649;2021-07-19;"segunda-feira";"15:50:00";"RJ";493;61,3;"NOVA IGUACU";"Acessar a via sem observar a presença dos outros veículos";"Atropelamento de Pedestre";"Com Vítimas Fatais";"Pleno dia";"Crescente";"Céu Claro";"Dupla";"Curva";"Sim";3;1;0;0;1;1;0;2;-22,68412944;-43,41940608;"SPRF-RJ";"DEL01-RJ";"UOP03-DEL01-RJ"
371654;2021-07-19;"segunda-feira";"15:50:00";"MG";40;431;"PARAOPEBA";"Demais falhas mecânicas ou elétricas";"Capotamento";"Com Vítimas Feridas";"Pleno dia";"Crescente";"Céu Claro";"Dupla";"Reta";"Não";5;0;1;0;4;0;1;1;-19,19728375;-44,47966179;"SPRF-MG";"DEL02-MG";"UOP01-DEL02-MG"
371655;2021-06-24;"quinta-feira";"08:25:00";"SC";101;117;"ITAJAI";"Ultrapassagem Indevida";"Colisão lateral mesmo sentido";"Com Vítimas Feridas";"Pleno dia";"Crescente";"Nevoeiro/Neblina";"Dupla";"Declive";"Não";2;0;1;0;1;0;1;2;-26,88747187;-48,72252969;"SPRF-SC";"DEL04-SC";"UOP04-DEL04-SC"
371656;2021-07-19;"segunda-feira";"10:55:00";"RJ";116;174;"SAO JOAO DE MERITI";"Condutor deixou de manter distância do veículo da frente";"Queda de ocupante de veículo";"Com Vítimas Feridas";"Pleno dia";"Decrescente";"Céu Claro";"Múltipla";"Reta";"Sim";1;0;1;0;0;0;1;1;-22,79423806;-43,36403759;"SPRF-RJ";"DEL01-RJ";"UOP02-DEL01-RJ"
371657;2021-07-19;"segunda-feira";"16:00:00";"MG";40;623,2;"CONSELHEIRO LAFAIETE";"Manobra de mudança de faixa";"Colisão lateral mesmo sentido";"Sem Vítimas";"Pleno dia";"Crescente";"Sol";"Simples";"Reta";"Não";1;0;0;0;1;0;0;1;-20,605235;-43,807536;"SPRF-MG";"DEL05-MG";"UOP02-DEL05-MG"
371659;2021-06-12;"sábado";"13:00:00";"RJ";116;265;"VOLTA REDONDA";"Velocidade Incompatível";"Colisão lateral mesmo sentido";"Com Vítimas Feridas";"Pleno dia";"Decrescente";"Céu Claro";"Dupla";"Aclive";"Não";2;0;1;0;1;0;1;1;-22,55878855;-44,13429599;"SPRF-RJ";"DEL07-RJ";"UOP02-DEL07-RJ"
371660;2021-07-19;"segunda-feira";"13:30:00";"MG";381;273;"CORONEL FABRICIANO";"Velocidade Incompatível";"Saída de leito carroçável";"Com Vítimas Feridas";"Pleno dia";"Decrescente";"Céu Claro";"Simples";"Curva";"Não";2;0;2;0;0;0;2;1;-19,5389628;-42,67722845;"SPRF-MG";"DEL03-MG";"UOP02-DEL03-MG"
371661;2021-07-19;"segunda-feira";"13:20:00";"RJ";40;114;"DUQUE DE CAXIAS";"Avarias e/ou desgaste excessivo no pneu";"Tombamento";"Com Vítimas Feridas";"Pleno dia";"Crescente";"Céu Claro";"Dupla";"Reta";"Sim";1;0;1;0;0;0;1;1;-22,71853604;-43,28993324;"SPRF-RJ";"DEL01-RJ";"UOP01-DEL01-RJ"
371662;2021-07-03;"sábado";"13:10:00";"ES";262;49;"MARECHAL FLORIANO";"Desrespeitar a preferência no cruzamento";"Colisão transversal";"Com Vítimas Feridas";"Pleno dia";"Decrescente";"Céu Claro";"Simples";"Reta";"Não";3;0;0;2;1;0;2;2;-20,33930281;-40,69981823;"SPRF-ES";"DEL01-ES";"UOP01-DEL01-ES"
371664;2021-07-19;"segunda-feira";"16:35:00";"PR";277;72;"SAO JOSE DOS PINHAIS";"Condutor deixou de manter distância do veículo da frente";"Colisão traseira";"Com Vítimas Feridas";"Pleno dia";"Crescente";"Sol";"Dupla";"Declive";"Sim";5;0;1;0;4;0;1;5;-25,52522628;-49,09755612;"SPRF-PR";"DEL01-PR";"UOP01-DEL01-PR"
371666;2021-07-19;"segunda-feira";"17:00:00";"SC";470;68;"INDAIAL";"Reação tardia ou ineficiente do condutor";"Colisão traseira";"Com Vítimas Feridas";"Pleno dia";"Decrescente";"Céu Claro";"Simples";"Reta";"Não";3;0;1;0;2;0;1;2;-26,877615;-49,239231;"SPRF-SC";"DEL04-SC";"UOP01-DEL04-SC"
371668;2021-07-19;"segunda-feira";"13:50:00";"SC";101;11,8;"GARUVA";"Ausência de reação do condutor";"Saída de leito carroçável";"Com Vítimas Feridas";"Pleno dia";"Crescente";"Sol";"Dupla";"Reta";"Não";2;0;1;0;1;0;1;1;-26,07202503;-48,86100853;"SPRF-SC";"DEL03-SC";"UOP01-DEL03-SC"
371669;2021-07-19;"segunda-feira";"17:20:00";"PA";316;22;"BENEVIDES";"Demais falhas na via";"Tombamento";"Com Vítimas Feridas";"Pleno dia";"Decrescente";"Garoa/Chuvisco";"Dupla";"Reta;Em Obras";"Não";1;0;1;0;0;0;1;1;-1,3534463;-48,2570266;"SPRF-PA";"DEL01-PA";"UOP01-DEL01-PA"
371670;2021-07-19;"segunda-feira";"15:40:00";"MS";60;418;"SIDROLANDIA";"Ausência de reação do condutor";"Saída de leito carroçável";"Com Vítimas Feridas";"Pleno dia";"Crescente";"Céu Claro";"Simples";"Reta";"Sim";2;0;1;1;0;0;2;1;-20,89930018;-54,90423699;"SPRF-MS";"DEL01-MS";"UOP04-DEL01-MS"
371671;2021-07-19;"segunda-feira";"17:10:00";"ES";101;372,1;"ICONHA";"Ausência de reação do condutor";"Saída de leito carroçável";"Com Vítimas Feridas";"Anoitecer";"Decrescente";"Chuva";"Simples";"Reta";"Não";2;0;1;1;0;0;2;1;-20,77215419;-40,77695658;"SPRF-ES";"DEL03-ES";"UOP01-DEL03-ES"
371672;2021-07-19;"segunda-feira";"17:20:00";"SC";101;197,3;"BIGUACU";"Pedestre cruzava a pista fora da faixa";"Atropelamento de Pedestre";"Com Vítimas Feridas";"Anoitecer";"Crescente";"Céu Claro";"Múltipla";"Declive;Curva";"Sim";2;0;2;0;0;0;2;2;-27,51844497;-48,63848496;"SPRF-SC";"DEL01-SC";"UOP01-DEL01-SC"
371674;2021-07-19;"segunda-feira";"15:20:00";"MG";116;276,1;"TEOFILO OTONI";"Desrespeitar a preferência no cruzamento";"Colisão transversal";"Com Vítimas Feridas";"Pleno dia";"Decrescente";"Sol";"Múltipla";"Interseção de Vias;Rotatória";"Sim";2;0;1;0;1;0;1;2;-17,85137021;-41,51442647;"SPRF-MG";"DEL11-MG";"UOP01-DEL11-MG"
371675;2021-07-19;"segunda-feira";"15:25:00";"PI";316;7;"TERESINA";"Acessar a via sem observar a presença dos outros veículos";"Colisão transversal";"Com Vítimas Feridas";"Pleno dia";"Crescente";"Sol";"Dupla";"Em Obras;Interseção de Vias";"Sim";3;0;2;0;1;0;2;2;-5,15584638;-42,77173332;"SPRF-PI";"DEL01-PI";"UOP02-DEL01-PI"
371676;2021-07-19;"segunda-feira";"17:47:00";"PR";277;728;"FOZ DO IGUACU";"Condutor deixou de manter distância do veículo da frente";"Colisão traseira";"Com Vítimas Feridas";"Pleno dia";"Decrescente";"Céu Claro";"Dupla";"Reta";"Sim";2;0;2;0;0;0;2;2;-25,5097634;-54,57387201;"SPRF-PR";"DEL05-PR";"UOP03-DEL05-PR"
371679;2021-07-19;"segunda-feira";"17:48:00";"PR";277;723,2;"FOZ DO IGUACU";"Manobra de mudança de faixa";"Colisão lateral mesmo sentido";"Com Vítimas Feridas";"Pleno dia";"Decrescente";"Céu Claro";"Dupla";"Reta";"Sim";2;0;1;0;0;1;1;2;-25,49878215;-54,52985294;"SPRF-PR";"DEL05-PR";"UOP03-DEL05-PR"
371680;2021-07-19;"segunda-feira";"17:50:00";"SP";116;227,6;"SAO PAULO";"Condutor deixou de manter distância do veículo da frente";"Colisão traseira";"Com Vítimas Feridas";"Plena Noite";"Decrescente";"Céu Claro";"Dupla";"Reta";"Sim";3;0;1;0;2;0;1;2;-23,49659264;-46,55648754;"SPRF-SP";"DEL01-SP";"UOP01-DEL01-SP"
371683;2021-07-19;"segunda-feira";"04:00:00";"BA";101;622;"MASCOTE";"Velocidade Incompatível";"Saída de leito carroçável";"Com Vítimas Feridas";"Amanhecer";"Crescente";"Ignorado";"Simples";"Curva";"Não";3;0;0;3;0;0;3;1;-15,858785;-39,520394;"SPRF-BA";"DEL05-BA";"UOP02-DEL05-BA"
371684;2021-07-19;"segunda-feira";"18:00:00";"PR";476;138,2;"CURITIBA";"Condutor deixou de manter distância do veículo da frente";"Colisão lateral mesmo sentido";"Com Vítimas Feridas";"Anoitecer";"Crescente";"Céu Claro";"Múltipla";"Reta";"Sim";2;0;1;0;1;0;1;2;-25,505564;-49,283417;"SPRF-PR";"DEL01-PR";"UOP03-DEL01-PR"
371685;2021-07-19;"segunda-feira";"18:00:00";"PB";101;101,7;"ALHANDRA";"Ingestão de álcool e/ou substâncias psicoativas pelo pedestre";"Colisão traseira";"Com Vítimas Feridas";"Plena Noite";"Decrescente";"Céu Claro";"Dupla";"Reta";"Não";4;0;3;0;1;0;3;2;-7,27367006;-34,93816262;"SPRF-PB";"DEL01-PB";"UOP02-DEL01-PB"
371686;2021-07-19;"segunda-feira";"18:25:00";"MG";381;866;"POUSO ALEGRE";"Condutor Dormindo";"Saída de leito carroçável";"Com Vítimas Feridas";"Plena Noite";"Decrescente";"Céu Claro";"Dupla";"Reta;Aclive";"Não";1;0;1;0;0;0;1;1;-22,402894;-45,96207;"SPRF-MG";"DEL16-MG";"UOP01-DEL16-MG"
371688;2021-07-19;"segunda-feira";"18:20:00";"PR";116;86;"PIRAQUARA";"Demais falhas mecânicas ou elétricas";"Incêndio";"Sem Vítimas";"Plena Noite";"Crescente";"Nublado";"Dupla";"Reta";"Não";1;0;0;0;1;0;0;1;-25,43479327;-49,08939973;"SPRF-PR";"DEL01-PR";"UOP01-DEL01-PR"
371689;2021-07-19;"segunda-feira";"16:50:00";"RJ";101;537;"PARATY";"Acessar a via sem observar a presença dos outros veículos";"Colisão frontal";"Com Vítimas Feridas";"Pleno dia";"Decrescente";"Céu Claro";"Simples";"Reta";"Sim";2;0;1;0;1;0;1;2;-23,04205934;-44,57003488;"SPRF-RJ";"DEL03-RJ";"UOP02-DEL03-RJ"
371690;2021-07-19;"segunda-feira";"18:10:00";"SC";470;49,2;"BLUMENAU";"Reação tardia ou ineficiente do condutor";"Colisão traseira";"Com Vítimas Feridas";"Anoitecer";"Decrescente";"Céu Claro";"Dupla";"Reta";"Sim";2;0;1;0;1;0;1;2;-26,86106012;-49,06630397;"SPRF-SC";"DEL04-SC";"UOP01-DEL04-SC"
371691;2021-06-20;"domingo";"04:30:00";"MG";153;8;"ARAPORA";"Condutor Dormindo";"Saída de leito carroçável";"Com Vítimas Feridas";"Plena Noite";"Decrescente";"Céu Claro";"Dupla";"Reta";"Não";3;0;1;0;2;0;1;1;-18,48778001;-49,18862284;"SPRF-MG";"DEL15-MG";"UOP03-DEL15-MG"
371692;2021-07-19;"segunda-feira";"16:30:00";"SC";282;464,1;"PONTE SERRADA";"Condutor deixou de manter distância do veículo da frente";"Colisão traseira";"Com Vítimas Feridas";"Pleno dia";"Decrescente";"Céu Claro";"Simples";"Reta";"Não";2;0;1;0;1;0;1;1;-26,852072;-52,068142;"SPRF-SC";"DEL07-SC";"UOP04-DEL07-SC"
371693;2021-07-19;"segunda-feira";"19:00:00";"MG";262;754;"SACRAMENTO";"Entrada inopinada do pedestre";"Atropelamento de Pedestre";"Com Vítimas Fatais";"Plena Noite";"Crescente";"Céu Claro";"Simples";"Reta";"Não";2;1;0;0;1;0;0;2;-19,65112859;-47,54557012;"SPRF-MG";"DEL13-MG";"UOP01-DEL13-MG"
371695;2021-07-19;"segunda-feira";"17:00:00";"MG";262;138;"RIO CASCA";"Acessar a via sem observar a presença dos outros veículos";"Colisão frontal";"Com Vítimas Feridas";"Pleno dia";"Decrescente";"Céu Claro";"Simples";"Reta";"Não";5;0;2;0;3;0;2;2;-20,09004736;-42,70739228;"SPRF-MG";"DEL03-MG";"UOP03-DEL03-MG"
371699;2021-07-19;"segunda-feira";"18:00:00";"PB";230;174,9;"CAMPINA GRANDE";"Ingestão de álcool pelo condutor";"Saída de leito carroçável";"Com Vítimas Feridas";"Plena Noite";"Decrescente";"Céu Claro";"Simples";"Curva;Aclive";"Não";1;0;1;0;0;0;1;1;-7,1794;-36,0164;"SPRF-PB";"DEL02-PB";"UOP02-DEL02-PB"
371701;2021-07-19;"segunda-feira";"19:44:00";"PA";163;1000;"SANTAREM";"Acessar a via sem observar a presença dos outros veículos";"Colisão transversal";"Com Vítimas Feridas";"Plena Noite";"Crescente";"Céu Claro";"Simples";"Reta";"Sim";4;0;4;0;0;0;4;2;-2,47328397;-54,7293664;"SPRF-PA";"DEL05-PA";"UOP01-DEL05-PA"
371702;2021-07-19;"segunda-feira";"19:00:00";"MA";316;263,5;"SANTA INES";"Animais na Pista";"Atropelamento de Animal";"Com Vítimas Feridas";"Plena Noite";"Decrescente";"Céu Claro";"Simples";"Reta";"Sim";1;0;1;0;0;0;1;1;-3,675226;-45,371643;"SPRF-MA";"DEL02-MA";"UOP01-DEL02-MA"
371704;2021-07-19;"segunda-feira";"16:40:00";"RO";364;583,8;"ITAPUA DO OESTE";"Ausência de reação do condutor";"Saída de leito carroçável";"Sem Vítimas";"Pleno dia";"Crescente";"Céu Claro";"Simples";"Reta";"Não";4;0;0;0;4;0;0;1;-9,37127796;-63,13304184;"SPRF-RO";"DEL01-RO";"UOP04-DEL01-RO"
371705;2021-07-19;"segunda-feira";"20:15:00";"RS";468;105,7;"TRES PASSOS";"Transitar na contramão";"Colisão frontal";"Com Vítimas Feridas";"Plena Noite";"Crescente";"Céu Claro";"Simples";"Interseção de Vias";"Sim";2;0;0;1;1;0;1;2;-27,44375401;-53,94975605;"SPRF-RS";"DEL08-RS";"UOP02-DEL08-RS"
371706;2021-07-19;"segunda-feira";"17:25:00";"MG";381;156;"GOVERNADOR VALADARES";"Animais na Pista";"Colisão traseira";"Com Vítimas Feridas";"Pleno dia";"Decrescente";"Céu Claro";"Simples";"Curva";"Não";2;0;1;0;1;0;1;2;-18,90327004;-42,00340423;"SPRF-MG";"DEL06-MG";"UOP01-DEL06-MG"
371707;2021-07-19;"segunda-feira";"19:30:00";"RJ";101;306,5;"SAO GONCALO";"Demais falhas mecânicas ou elétricas";"Colisão traseira";"Com Vítimas Feridas";"Plena Noite";"Crescente";"Céu Claro";"Dupla";"Reta";"Sim";2;0;1;0;1;0;1;2;-22,78913759;-43,00550909;"SPRF-RJ";"DEL02-RJ";"UOP02-DEL02-RJ"
371709;2021-07-19;"segunda-feira";"20:40:00";"PE";104;28,8;"TORITAMA";"Ingestão de álcool pelo condutor";"Colisão transversal";"Com Vítimas Feridas";"Plena Noite";"Crescente";"Nublado";"Simples";"Reta";"Sim";4;0;1;1;2;0;2;2;-8,00620208;-36,07316852;"SPRF-PE";"DEL02-PE";"UOP01-DEL02-PE"
371711;2021-07-19;"segunda-feira";"19:35:00";"SP";116;271;"TABOAO DA SERRA";"Condutor deixou de manter distância do veículo da frente";"Colisão traseira";"Com Vítimas Feridas";"Plena Noite";"Crescente";"Céu Claro";"Dupla";"Reta";"Sim";3;0;1;0;2;0;1;2;-23,61809286;-46,80556302;"SPRF-SP";"DEL04-SP";"UOP01-DEL04-SP"
371713;2021-07-19;"segunda-feira";"18:20:00";"SC";480;130,9;"CHAPECO";"Velocidade Incompatível";"Colisão traseira";"Com Vítimas Feridas";"Plena Noite";"Crescente";"Céu Claro";"Simples";"Reta";"Não";2;0;0;1;1;0;1;2;-27,05534298;-52,63652069;"SPRF-SC";"DEL07-SC";"UOP01-DEL07-SC"
371714;2021-07-19;"segunda-feira";"19:20:00";"PB";230;118,7;"INGA";"Pedestre andava na pista";"Atropelamento de Pedestre";"Com Vítimas Fatais";"Plena Noite";"Decrescente";"Nublado";"Dupla";"Reta";"Não";3;1;0;0;2;0;0;2;-7,242931;-35,634373;"SPRF-PB";"DEL02-PB";"UOP01-DEL02-PB"
371716;2021-07-11;"domingo";"14:45:00";"AC";364;125;"RIO BRANCO";"Mal súbito do condutor";"Saída de leito carroçável";"Com Vítimas Feridas";"Pleno dia";"Decrescente";"Céu Claro";"Dupla";"Reta";"Sim";2;0;0;1;1;0;1;2;-10,01280606;-67,80005697;"SPRF-AC";"DEL01-AC";"UOP01-DEL01-AC"
371718;2021-07-19;"segunda-feira";"18:20:00";"DF";80;26;"BRASILIA";"Ingestão de álcool pelo condutor";"Colisão com objeto";"Com Vítimas Feridas";"Plena Noite";"Crescente";"Nublado";"Dupla";"Reta";"Sim";1;0;1;0;0;0;1;1;-15,612259;-48,198044;"SPRF-DF";"DEL03-DF";"UOP02-DEL03-DF"
371719;2021-07-19;"segunda-feira";"19:00:00";"RJ";356;21;"ITAPERUNA";"Ausência de reação do condutor";"Colisão transversal";"Com Vítimas Fatais";"Plena Noite";"Decrescente";"Céu Claro";"Simples";"Reta";"Não";2;1;1;0;0;0;1;2;-21,17615096;-42,001317;"SPRF-RJ";"DEL08-RJ";"UOP03-DEL08-RJ"
371720;2021-06-28;"segunda-feira";"14:30:00";"PR";376;198,7;"MARIALVA";"Mal súbito do condutor";"Tombamento";"Com Vítimas Feridas";"Pleno dia";"Decrescente";"Nublado";"Dupla";"Reta;Aclive";"Não";1;0;0;1;0;0;1;1;-23,50488843;-51,74261909;"SPRF-PR";"DEL09-PR";"UOP01-DEL09-PR"
371721;2021-07-19;"segunda-feira";"21:30:00";"MG";40;615,2;"CONGONHAS";"Pedestre andava na pista";"Atropelamento de Pedestre";"Com Vítimas Feridas";"Plena Noite";"Crescente";"Céu Claro";"Simples";"Reta";"Não";2;0;0;1;0;1;1;2;-20,543974;-43,820922;"SPRF-MG";"DEL05-MG";"UOP02-DEL05-MG"
371722;2021-07-19;"segunda-feira";"21:40:00";"PB";104;101,1;"ESPERANCA";"Velocidade Incompatível";"Tombamento";"Com Vítimas Fatais";"Plena Noite";"Decrescente";"Chuva";"Simples";"Curva";"Não";2;1;1;0;0;0;1;1;-7,053754;-35,854309;"SPRF-PB";"DEL02-PB";"UOP04-DEL02-PB"
371724;2021-07-19;"segunda-feira";"23:10:00";"PE";232;409;"SERRA TALHADA";"Condutor desrespeitou a iluminação vermelha do semáforo";"Colisão transversal";"Com Vítimas Feridas";"Plena Noite";"Decrescente";"Céu Claro";"Dupla";"Viaduto";"Sim";2;0;1;0;1;0;1;2;-7,981944;-38,289467;"SPRF-PE";"DEL04-PE";"UOP01-DEL04-PE"
371725;2021-07-19;"segunda-feira";"23:35:00";"SC";280;53;"GUARAMIRIM";"Acessar a via sem observar a presença dos outros veículos";"Colisão transversal";"Com Vítimas Feridas";"Pleno dia";"Decrescente";"Nublado";"Simples";"Reta";"Não";2;0;1;0;1;0;1;2;-26,47236756;-48,97426617;"SPRF-SC";"DEL03-SC";"UOP03-DEL03-SC"