"id";"data_inversa";"dia_semana";"horario";"uf";"br";"km";"municipio";"causa_acidente";"tipo_acidente";"classificacao_acidente";"fase_dia";"sentido_via";"condicao_metereologica";"tipo_pista";"tracado_via";"uso_solo";"pessoas";"mortos";"feridos_leves";"feridos_graves";"ilesos";"ignorados";"feridos";"veiculos";"latitude";"longitude";"regional";"delegacia";"uop"
371726;2021-07-19;"segunda-feira";"23:15:00";"PR";116;126;"FAZENDA RIO GRANDE";"Condutor desrespeitou a iluminação vermelha do semáforo";"Colisão transversal";"Com Vítimas Feridas";"Plena Noite";"Crescente";"Céu Claro";"Dupla";"Reta";"Sim";2;0;0;1;1;0;1;2;-25,63714476;-49,31352854;"SPRF-PR";"DEL01-PR";"UOP03-DEL01-PR"
371730;2021-07-20;"terça-feira";"01:00:00";"PR";116;25;"CAMPINA GRANDE DO SUL";"Reação tardia ou ineficiente do condutor";"Capotamento";"Com Vítimas Feridas";"Plena Noite";"Crescente";"Céu Claro";"Dupla";"Reta;Aclive";"Não";1;0;1;0;0;0;1;1;-25,10784511;-48,77548601;"SPRF-PR";"DEL01-PR";"UOP02-DEL01-PR"
371731;2021-07-20;"terça-feira";"02:20:00";"PB";230;13,2;"CABEDELO";"Animais na Pista";"Atropelamento de Animal";"Com Vítimas Feridas";"Plena Noite";"Crescente";"Nublado";"Dupla";"Reta";"Sim";2;0;2;0;0;0;2;1;-7,0772;-34,8494;"SPRF-PB";"DEL01-PB";"UOP01-DEL01-PB"
371732;2021-07-19;"segunda-feira";"19:30:00";"RS";287;298,3;"SAO PEDRO DO SUL";"Transitar na contramão";"Colisão frontal";"Com Vítimas Fatais";"Plena Noite";"Crescente";"Céu Claro";"Simples";"Reta";"Não";5;1;2;2;0;0;4;2;-29,64390506;-54,35385499;"SPRF-RS";"DEL09-RS";"UOP01-DEL09-RS"
371734;2021-07-20;"terça-feira";"03:05:00";"PB";230;164,5;"CAMPINA GRANDE";"Transitar na contramão";"Colisão frontal";"Com Vítimas Fatais";"Plena Noite";"Crescente";"Nublado";"Simples";"Reta";"Sim";3;1;0;1;0;1;1;2;-7,2128;-35,9499;"SPRF-PB";"DEL02-PB";"UOP01-DEL02-PB"
371735;2021-07-20;"terça-feira";"04:59:00";"PI";343;341;"TERESINA";"Animais na Pista";"Colisão com objeto";"Sem Vítimas";"Amanhecer";"Crescente";"Céu Claro";"Simples";"Curva";"Sim";1;0;0;0;1;0;0;1;-5,077812;-42,744255;"SPRF-PI";"DEL01-PI";"UOP01-DEL01-PI"
371739;2021-07-20;"terça-feira";"07:00:00";"SP";116;111;"TAUBATE";"Avarias e/ou desgaste excessivo no pneu";"Queda de ocupante de veículo";"Com Vítimas Feridas";"Pleno dia";"Decrescente";"Céu Claro";"Dupla";"Reta";"Sim";1;0;1;0;0;0;1;1;-23,03887149;-45,56097419;"SPRF-SP";"DEL02-SP";"UOP02-DEL02-SP"
371741;2021-07-20;"terça-feira";"06:50:00";"SC";101;280,5;"IMBITUBA";"Reação tardia ou ineficiente do condutor";"Tombamento";"Com Vítimas Feridas";"Pleno dia";"Crescente";"Céu Claro";"Dupla";"Reta";"Não";1;0;1;0;0;0;1;1;-28,17962805;-48,6956297;"SPRF-SC";"DEL02-SC";"UOP03-DEL02-SC"
371745;2021-07-20;"terça-feira";"05:20:00";"PE";101;68;"RECIFE";"Animais na Pista";"Atropelamento de Animal";"Sem Vítimas";"Pleno dia";"Decrescente";"Chuva";"Múltipla";"Reta";"Sim";2;0;0;0;1;1;0;2;-8,05074296;-34,94580619;"SPRF-PE";"DEL01-PE";"UOP01-DEL01-PE"
371746;2021-07-20;"terça-feira";"06:40:00";"MG";381;535,3;"ITATIAIUCU";"Reação tardia ou ineficiente do condutor";"Colisão traseira";"Com Vítimas Feridas";"Amanhecer";"Crescente";"Céu Claro";"Dupla";"Reta";"Sim";1;0;1;0;0;0;1;1;-20,21567611;-44,39359676;"SPRF-MG";"DEL04-MG";"UOP03-DEL04-MG"
371747;2021-07-20;"terça-feira";"06:55:00";"SP";116;210;"GUARULHOS";"Reação tardia ou ineficiente do condutor";"Colisão traseira";"Com Vítimas Feridas";"Pleno dia";"Decrescente";"Céu Claro";"Múltipla";"Reta";"Sim";3;0;1;0;2;0;1;2;-23,432707;-46,420173;"SPRF-SP";"DEL01-SP";"UOP01-DEL01-SP"
371748;2021-07-20;"terça-feira";"05:30:00";"MG";365;162,3;"PIRAPORA";"Manobra de mudança de faixa";"Colisão frontal";"Com Vítimas Fatais";"Amanhecer";"Decrescente";"Céu Claro";"Simples";"Reta";"Não";3;1;0;1;1;0;1;2;-17,366379;-44,93767;"SPRF-MG";"DEL12-MG";"UOP01-DEL12-MG"
371749;2021-07-20;"terça-feira";"07:20:00";"SP";116;98;"PINDAMONHANGABA";"Condutor deixou de manter distância do veículo da frente";"Colisão traseira";"Com Vítimas Feridas";"Pleno dia";"Decrescente";"Sol";"Dupla";"Reta";"Não";2;0;1;0;1;0;1;2;-22,97805164;-45,45583318;"SPRF-SP";"DEL08-SP";"UOP01-DEL08-SP"
371751;2021-07-20;"terça-feira";"07:30:00";"MG";40;446,4;"CAETANOPOLIS";"Ausência de reação do condutor";"Saída de leito carroçável";"Com Vítimas Feridas";"Pleno dia";"Decrescente";"Céu Claro";"Múltipla";"Reta";"Não";1;0;1;0;0;0;1;1;-19,2914;-44,38601;"SPRF-MG";"DEL02-MG";"UOP01-DEL02-MG"
371755;2021-06-30;"quarta-feira";"12:00:00";"SC";101;423,3;"ARARANGUA";"Demais falhas mecânicas ou elétricas";"Colisão transversal";"Com Vítimas Feridas";"Pleno dia";"Decrescente";"Sol";"Múltipla";"Reta";"Não";2;0;1;0;1;0;1;2;-29,01106757;-49,57413825;"SPRF-SC";"DEL02-SC";"UOP02-DEL02-SC"
371757;2021-07-20;"terça-feira";"06:05:00";"PR";369;85,5;"CORNELIO PROCOPIO";"Animais na Pista";"Atropelamento de Animal";"Com Vítimas Feridas";"Amanhecer";"Crescente";"Céu Claro";"Simples";"Retorno Regulamentado";"Sim";1;0;1;0;0;0;1;1;-23,173303;-50,619664;"SPRF-PR";"DEL07-PR";"UOP01-DEL07-PR"
371758;2021-07-20;"terça-feira";"08:00:00";"SC";101;204;"SAO JOSE";"Problema com o freio";"Colisão transversal";"Com Vítimas Feridas";"Pleno dia";"Decrescente";"Sol";"Múltipla";"Interseção de Vias;Declive";"Sim";2;0;1;0;1;0;1;2;-27,57389235;-48,61321449;"SPRF-SC";"DEL01-SC";"UOP01-DEL01-SC"
371763;2021-07-20;"terça-feira";"08:40:00";"SC";280;10,5;"SAO FRANCISCO DO SUL";"Reação tardia ou ineficiente do condutor";"Queda de ocupante de veículo";"Com Vítimas Feridas";"Pleno dia";"Crescente";"Sol";"Simples";"Curva";"Sim";1;0;0;1;0;0;1;1;-26,3005856;-48,64023507;"SPRF-SC";"DEL03-SC";"UOP03-DEL03-SC"
371765;2021-07-20;"terça-feira";"07:30:00";"SP";116;107,8;"TAUBATE";"Manobra de mudança de faixa";"Colisão traseira";"Com Vítimas Feridas";"Pleno dia";"Crescente";"Céu Claro";"Dupla";"Reta";"Sim";2;0;2;0;0;0;2;1;-23,01791287;-45,53009409;"SPRF-SP";"DEL08-SP";"UOP01-DEL08-SP"
371766;2021-07-20;"terça-feira";"07:50:00";"RJ";101;144;"MACAE";"Curva acentuada";"Queda de ocupante de veículo";"Sem Vítimas";"Anoitecer";"Decrescente";"Nublado";"Simples";"Curva";"Não";2;0;0;0;2;0;0;1;-22,21328005;-41,75426573;"SPRF-RJ";"DEL08-RJ";"UOP04-DEL08-RJ"
371767;2021-07-20;"terça-feira";"06:00:00";"RN";304;36,9;"MOSSORO";"Transitar no acostamento";"Atropelamento de Pedestre";"Com Vítimas Feridas";"Pleno dia";"Crescente";"Céu Claro";"Dupla";"Reta";"Sim";2;0;0;1;1;0;1;2;-5,17376512;-37,36175722;"SPRF-RN";"DEL04-RN";"UOP02-DEL04-RN"
371769;2021-07-20;"terça-feira";"09:10:00";"DF";60;22;"BRASILIA";"Ausência de reação do condutor";"Queda de ocupante de veículo";"Com Vítimas Feridas";"Pleno dia";"Decrescente";"Céu Claro";"Dupla";"Reta";"Não";1;0;1;0;0;0;1;1;-15,984106;-48,215378;"SPRF-DF";"DEL03-DF";"UOP01-DEL03-DF"
371772;2021-07-09;"sexta-feira";"06:30:00";"SP";116;210;"GUARULHOS";"Ingestão de álcool pelo condutor";"Colisão traseira";"Com Vítimas Feridas";"Amanhecer";"Decrescente";"Nublado";"Múltipla";"Reta";"Sim";2;0;2;0;0;0;2;2;-23,43157;-46,417446;"SPRF-SP";"DEL01-SP";"UOP01-DEL01-SP"
371773;2021-06-23;"quarta-feira";"18:00:00";"MT";163;1033;"PEIXOTO DE AZEVEDO";"Transitar na contramão";"Colisão frontal";"Com Vítimas Feridas";"Anoitecer";"Decrescente";"Céu Claro";"Simples";"Reta";"Não";2;0;1;1;0;0;2;2;-10,33413892;-55,03922841;"SPRF-MT";"DEL06-MT";"NPF/DEL06-MT"
371775;2021-07-20;"terça-feira";"08:30:00";"PR";376;495,5;"PONTA GROSSA";"Demais falhas mecânicas ou elétricas";"Colisão traseira";"Sem Vítimas";"Pleno dia";"Decrescente";"Céu Claro";"Dupla";"Curva";"Sim";2;0;0;0;2;0;0;2;-25,17134586;-50,1084609;"SPRF-PR";"DEL03-PR";"UOP01-DEL03-PR"
371776;2021-07-20;"terça-feira";"05:30:00";"RO";0;0;"ARIQUEMES";"Deficiência do Sistema de Iluminação/Sinalização";"Colisão traseira";"Com Vítimas Fatais";"Amanhecer";"Não Informado";"Nublado";"Simples";"Reta";"Não";5;1;0;0;4;0;0;2;-9,992421;-63,144748;"SPRF-RO";"DEL03-RO";"N/A"
371777;2021-07-20;"terça-feira";"07:40:00";"AC";364;120;"RIO BRANCO";"Manobra de mudança de faixa";"Colisão traseira";"Com Vítimas Feridas";"Pleno dia";"Crescente";"Sol";"Dupla";"Reta";"Sim";2;0;1;0;1;0;1;2;-10,01226643;-67,75533501;"SPRF-AC";"DEL01-AC";"UOP01-DEL01-AC"
371779;2021-07-20;"terça-feira";"06:00:00";"GO";414;316;"VILA PROPICIO";"Animais na Pista";"Saída de leito carroçável";"Com Vítimas Feridas";"Amanhecer";"Decrescente";"Céu Claro";"Simples";"Reta";"Não";1;0;1;0;0;0;1;1;-15,20091703;-48,70185812;"SPRF-GO";"DEL02-GO";"UOP01-DEL02-GO"
371780;2021-07-08;"quinta-feira";"09:50:00";"PA";316;98;"SANTA MARIA DO PARA";"Ultrapassagem Indevida";"Colisão frontal";"Com Vítimas Fatais";"Pleno dia";"Crescente";"Céu Claro";"Simples";"Reta";"Não";5;1;1;3;0;0;4;2;-1,33188337;-47,62160007;"SPRF-PA";"DEL01-PA";"UOP02-DEL01-PA"
371781;2021-07-20;"terça-feira";"08:11:00";"RO";364;341,8;"JI-PARANA";"Transitar na contramão";"Colisão transversal";"Com Vítimas Feridas";"Pleno dia";"Crescente";"Céu Claro";"Simples";"Reta";"Sim";3;0;1;0;1;1;1;3;-10,8858645;-61,93407874;"SPRF-RO";"DEL02-RO";"UOP01-DEL02-RO"
371782;2021-07-19;"segunda-feira";"13:50:00";"RJ";101;144;"MACAE";"Afundamento ou ondulação no pavimento";"Saída de leito carroçável";"Com Vítimas Feridas";"Pleno dia";"Decrescente";"Nublado";"Dupla";"Curva";"Não";2;0;1;0;1;0;1;1;-22,21328005;-41,75426573;"SPRF-RJ";"DEL08-RJ";"UOP04-DEL08-RJ"
371784;2021-06-05;"sábado";"23:15:00";"MT";163;829;"SINOP";"Velocidade Incompatível";"Queda de ocupante de veículo";"Com Vítimas Feridas";"Plena Noite";"Decrescente";"Céu Claro";"Dupla";"Reta";"Sim";2;0;2;0;0;0;2;1;-11,87230664;-55,4980588;"SPRF-MT";"DEL06-MT";"UOP01-DEL06-MT"
371788;2021-07-20;"terça-feira";"11:35:00";"GO";40;18,8;"LUZIANIA";"Reação tardia ou ineficiente do condutor";"Tombamento";"Com Vítimas Feridas";"Pleno dia";"Crescente";"Céu Claro";"Dupla";"Interseção de Vias";"Sim";1;0;1;0;0;0;1;1;-16,19349;-47,925575;"SPRF-DF";"DEL01-DF";"UOP01-DEL01-DF"
371789;2021-07-20;"terça-feira";"11:20:00";"PR";376;131;"BALSA NOVA";"Manobra de mudança de faixa";"Queda de ocupante de veículo";"Com Vítimas Feridas";"Pleno dia";"Decrescente";"Céu Claro";"Dupla";"Declive";"Não";1;0;0;1;0;0;1;1;-25,47256834;-49,65425491;"SPRF-PR";"DEL09-PR";"UOP02-DEL09-PR"
371790;2021-07-20;"terça-feira";"10:00:00";"MT";163;114;"RONDONOPOLIS";"Reação tardia ou ineficiente do condutor";"Capotamento";"Com Vítimas Feridas";"Pleno dia";"Decrescente";"Céu Claro";"Dupla";"Reta";"Não";1;0;1;0;0;0;1;1;-16,57451891;-54,68576252;"SPRF-MT";"DEL02-MT";"UOP01-DEL02-MT"
371792;2021-07-02;"sexta-feira";"18:30:00";"RR";401;163;"NORMANDIA";"Animais na Pista";"Atropelamento de Animal";"Com Vítimas Feridas";"Plena Noite";"Crescente";"Nublado";"Simples";"Reta";"Não";1;0;1;0;0;0;1;1;3,75994414;-59,78841711;"SPRF-RR";"DEL01-RR";"UOP01-DEL01-RR"
371794;2021-06-29;"terça-feira";"17:20:00";"RJ";101;65;"CAMPOS DOS GOYTACAZES";"Transitar no acostamento";"Colisão transversal";"Sem Vítimas";"Anoitecer";"Decrescente";"Céu Claro";"Dupla";"Reta";"Sim";2;0;0;0;2;0;0;2;-21,75371806;-41,344292;"SPRF-RJ";"DEL08-RJ";"UOP02-DEL08-RJ"
371795;2021-07-20;"terça-feira";"10:50:00";"AC";364;68;"SENADOR GUIOMARD";"Demais falhas mecânicas ou elétricas";"Saída de leito carroçável";"Com Vítimas Feridas";"Pleno dia";"Decrescente";"Céu Claro";"Simples";"Reta";"Não";1;0;1;0;0;0;1;1;-10,088499;-67,410411;"SPRF-AC";"DEL01-AC";"UOP01-DEL01-AC"
371798;2021-07-20;"terça-feira";"12:15:00";"SP";116;269,3;"TABOAO DA SERRA";"Ausência de reação do condutor";"Engavetamento";"Sem Vítimas";"Pleno dia";"Crescente";"Céu Claro";"Dupla";"Reta";"Sim";3;0;0;0;3;0;0;3;-23,61593059;-46,78826044;"SPRF-SP";"DEL04-SP";"UOP01-DEL04-SP"
371799;2021-07-20;"terça-feira";"11:20:00";"AC";364;68;"PLACIDO DE CASTRO";"Ausência de reação do condutor";"Colisão traseira";"Com Vítimas Feridas";"Pleno dia";"Crescente";"Céu Claro";"Simples";"Reta";"Não";5;0;0;1;4;0;1;2;-10,06034014;-67,32212399;"SPRF-AC";"DEL01-AC";"UOP01-DEL01-AC"
371800;2021-07-20;"terça-feira";"11:47:00";"PE";232;79;"GRAVATA";"Mal súbito do condutor";"Queda de ocupante de veículo";"Com Vítimas Feridas";"Pleno dia";"Crescente";"Nublado";"Simples";"Reta";"Sim";1;0;0;1;0;0;1;1;-8,19524317;-35,56256175;"SPRF-PE";"DEL02-PE";"UOP02-DEL02PE"
371801;2021-07-20;"terça-feira";"11:25:00";"GO";60;56,8;"ABADIANIA";"Reação tardia ou ineficiente do condutor";"Saída de leito carroçável";"Com Vítimas Feridas";"Pleno dia";"Decrescente";"Céu Claro";"Dupla";"Declive";"Não";2;0;2;0;0;0;2;1;-16,1894;-48,67;"SPRF-GO";"DEL02-GO";"UOP01-DEL02-GO"
371803;2021-07-20;"terça-feira";"13:00:00";"SC";280;56;"GUARAMIRIM";"Acessar a via sem observar a presença dos outros veículos";"Colisão transversal";"Com Vítimas Feridas";"Pleno dia";"Decrescente";"Sol";"Dupla";"Reta";"Não";3;0;2;1;0;0;3;2;-26,47947677;-49,00298702;"SPRF-SC";"DEL03-SC";"UOP03-DEL03-SC"
371804;2021-07-20;"terça-feira";"11:35:00";"MG";40;149,8;"JOAO PINHEIRO";"Acessar a via sem observar a presença dos outros veículos";"Colisão transversal";"Com Vítimas Feridas";"Pleno dia";"Decrescente";"Céu Claro";"Simples";"Reta";"Não";4;0;1;0;3;0;1;2;-17,78039598;-46,13709081;"SPRF-MG";"DEL14-MG";"UOP02-DEL14-MG"
371806;2021-07-20;"terça-feira";"11:45:00";"MG";50;99,7;"UBERABA";"Velocidade Incompatível";"Saída de leito carroçável";"Com Vítimas Feridas";"Pleno dia";"Crescente";"Sol";"Dupla";"Curva";"Não";5;0;3;2;0;0;5;1;-19,127352;-48,173278;"SPRF-MG";"DEL15-MG";"UOP01-DEL15-MG"
371807;2021-07-20;"terça-feira";"12:50:00";"TO";153;477,8;"BARROLANDIA";"Reação tardia ou ineficiente do condutor";"Saída de leito carroçável";"Com Vítimas Feridas";"Pleno dia";"Crescente";"Céu Claro";"Simples";"Curva";"Não";2;0;2;0;0;0;2;1;-10,04805008;-48,81772757;"SPRF-TO";"DEL01-TO";"UOP01-DEL01-TO"
371808;2021-07-20;"terça-feira";"10:00:00";"PB";230;128,1;"MASSARANDUBA";"Demais falhas mecânicas ou elétricas";"Tombamento";"Com Vítimas Feridas";"Pleno dia";"Crescente";"Sol";"Dupla";"Reta";"Não";2;0;2;0;0;0;2;1;-7,263721;-35,716265;"SPRF-PB";"DEL02-PB";"UOP01-DEL02-PB"
371809;2021-07-06;"terça-feira";"23:30:00";"GO";364;324,9;"PORTELANDIA";"Animais na Pista";"Queda de ocupante de veículo";"Com Vítimas Feridas";"Plena Noite";"Crescente";"Céu Claro";"Simples";"Interseção de Vias";"Não";1;0;0;1;0;0;1;1;-17,39908;-52,663017;"SPRF-GO";"DEL05-GO";"UOP01-DEL05-GO"
371810;2021-05-28;"sexta-feira";"14:30:00";"BA";116;316;"ARACI";"Acessar a via sem observar a presença dos outros veículos";"Colisão transversal";"Com Vítimas Feridas";"Pleno dia";"Decrescente";"Sol";"Simples";"Reta";"Não";2;0;0;1;1;0;1;2;-11,29875979;-38,93632336;"SPRF-BA";"DEL02-BA";"UOP01-DEL02-BA"
371811;2021-07-20;"terça-feira";"13:20:00";"GO";452;0;"RIO VERDE";"Transitar na contramão";"Colisão transversal";"Com Vítimas Feridas";"Pleno dia";"Decrescente";"Céu Claro";"Dupla";"Rotatória";"Sim";2;0;1;0;1;0;1;2;-17,786345;-50,901516;"SPRF-GO";"DEL04-GO";"UOP01-DEL04-GO"
371812;2021-07-20;"terça-feira";"13:00:00";"CE";20;203,4;"BOA VIAGEM";"Reação tardia ou ineficiente do condutor";"Colisão transversal";"Com Vítimas Feridas";"Pleno dia";"Crescente";"Céu Claro";"Simples";"Curva";"Sim";2;0;0;1;1;0;1;2;-5,128491;-39,738;"SPRF-CE";"DEL02-CE";"UOP02-DEL02-CE"
371813;2021-07-20;"terça-feira";"13:45:00";"RN";101;100;"PARNAMIRIM";"Modificação proibida";"Queda de ocupante de veículo";"Com Vítimas Feridas";"Pleno dia";"Decrescente";"Céu Claro";"Dupla";"Reta";"Sim";1;0;1;0;0;0;1;1;-5,88106901;-35,22542396;"SPRF-RN";"DEL01-RN";"UOP01-DEL01-RN"
371816;2021-07-20;"terça-feira";"14:30:00";"SC";280;56,3;"GUARAMIRIM";"Acessar a via sem observar a presença dos outros veículos";"Colisão transversal";"Com Vítimas Feridas";"Pleno dia";"Decrescente";"Céu Claro";"Simples";"Interseção de Vias;Reta";"Sim";2;0;1;0;1;0;1;2;-26,479434;-49,00997;"SPRF-SC";"DEL03-SC";"UOP03-DEL03-SC"
371818;2021-07-20;"terça-feira";"13:45:00";"SP";116;219;"GUARULHOS";"Velocidade Incompatível";"Tombamento";"Com Vítimas Feridas";"Pleno dia";"Crescente";"Céu Claro";"Simples";"Curva";"Não";1;0;1;0;0;0;1;1;-23,46143954;-46,48885316;"SPRF-SP";"DEL01-SP";"UOP01-DEL01-SP"
371819;2021-07-20;"terça-feira";"14:49:00";"MG";381;780,5;"CAMPANHA";"Reação tardia ou ineficiente do condutor";"Saída de leito carroçável";"Com Vítimas Feridas";"Pleno dia";"Crescente";"Sol";"Dupla";"Reta";"Não";2;0;2;0;0;0;2;1;-21,84206093;-45,51803619;"SPRF-MG";"DEL16-MG";"UOP02-DEL16-MG"
371821;2021-07-20;"terça-feira";"14:10:00";"SP";153;146,3;"PROMISSAO";"Reação tardia ou ineficiente do condutor";"Saída de leito carroçável";"Com Vítimas Feridas";"Pleno dia";"Crescente";"Sol";"Simples";"Reta";"Não";1;0;1;0;0;0;1;1;-21,38147297;-49,7908097;"SPRF-SP";"DEL07-SP";"UOP01-DEL07-SP"
371822;2021-07-20;"terça-feira";"13:30:00";"AC";317;169,7;"CAPIXABA";"Condutor Dormindo";"Saída de leito carroçável";"Com Vítimas Feridas";"Pleno dia";"Decrescente";"Céu Claro";"Simples";"Reta;Declive";"Não";3;0;2;0;0;1;2;2;-10,5842378;-67,86192401;"SPRF-AC";"DEL01-AC";"UOP02-DEL01-AC"
371823;2021-07-20;"terça-feira";"12:20:00";"SC";101;239,5;"PALHOCA";"Manobra de mudança de faixa";"Saída de leito carroçável";"Com Vítimas Feridas";"Pleno dia";"Crescente";"Sol";"Dupla";"Reta";"Não";1;0;1;0;0;0;1;1;-27,85046883;-48,63955216;"SPRF-SC";"DEL01-SC";"UOP02-DEL01-SC"
371825;2021-07-20;"terça-feira";"15:40:00";"PR";476;127,1;"CURITIBA";"Velocidade Incompatível";"Colisão com objeto";"Sem Vítimas";"Pleno dia";"Decrescente";"Céu Claro";"Múltipla";"Reta";"Sim";1;0;0;0;1;0;0;1;-25,425167;-49,227158;"SPRF-PR";"DEL01-PR";"UOP03-DEL01-PR"
371826;2021-07-20;"terça-feira";"16:10:00";"RN";427;98;"CAICO";"Reação tardia ou ineficiente do condutor";"Atropelamento de Pedestre";"Com Vítimas Feridas";"Pleno dia";"Decrescente";"Céu Claro";"Simples";"Reta";"Sim";3;0;1;1;1;0;2;2;-6,47026134;-37,08569175;"SPRF-RN";"DEL03-RN";"UOP01-DEL03-RN"
371827;2021-07-20;"terça-feira";"16:30:00";"SC";280;43,7;"GUARAMIRIM";"Reação tardia ou ineficiente do condutor";"Colisão traseira";"Com Vítimas Feridas";"Pleno dia";"Decrescente";"Sol";"Simples";"Reta";"Não";3;0;2;0;1;0;2;2;-26,45118786;-48,87789901;"SPRF-SC";"DEL03-SC";"UOP03-DEL03-SC"
371829;2021-07-20;"terça-feira";"16:26:00";"RS";392;16,9;"RIO GRANDE";"Velocidade Incompatível";"Saída de leito carroçável";"Sem Vítimas";"Pleno dia";"Decrescente";"Céu Claro";"Simples";"Interseção de Vias";"Sim";2;0;0;0;2;0;0;2;-32,0957955;-52,1685109;"SPRF-RS";"DEL07-RS";"UOP02-DEL07-RS"
371830;2021-07-20;"terça-feira";"16:00:00";"SP";116;169;"JACAREI";"Demais falhas mecânicas ou elétricas";"Incêndio";"Sem Vítimas";"Pleno dia";"Decrescente";"Céu Claro";"Dupla";"Reta";"Não";1;0;0;0;1;0;0;1;-23,307652;-46,045128;"SPRF-SP";"DEL02-SP";"UOP01-DEL02-SP"
371834;2021-07-20;"terça-feira";"15:10:00";"MG";40;528;"CONTAGEM";"Reação tardia ou ineficiente do condutor";"Colisão lateral mesmo sentido";"Com Vítimas Feridas";"Pleno dia";"Crescente";"Céu Claro";"Dupla";"Reta";"Sim";2;0;1;0;1;0;1;2;-19,90883179;-44,04436577;"SPRF-MG";"DEL01-MG";"UOP02-DEL01-MG"
371836;2021-07-20;"terça-feira";"17:10:00";"PR";376;493,8;"PONTA GROSSA";"Velocidade Incompatível";"Colisão traseira";"Com Vítimas Feridas";"Pleno dia";"Crescente";"Céu Claro";"Dupla";"Aclive";"Sim";4;0;1;0;3;0;1;3;-25,16001091;-50,12436895;"SPRF-PR";"DEL03-PR";"UOP01-DEL03-PR"
371837;2021-07-20;"terça-feira";"17:30:00";"RS";470;178,9;"VERANOPOLIS";"Acessar a via sem observar a presença dos outros veículos";"Colisão transversal";"Com Vítimas Feridas";"Anoitecer";"Decrescente";"Nublado";"Simples";"Reta";"Sim";3;0;2;0;1;0;2;2;-28,94753484;-51,55413312;"SPRF-RS";"DEL06-RS";"UOP02-DEL06-RS"
371839;2021-07-20;"terça-feira";"16:00:00";"MG";381;501;"BETIM";"Condutor deixou de manter distância do veículo da frente";"Engavetamento";"Com Vítimas Feridas";"Pleno dia";"Decrescente";"Chuva";"Dupla";"Reta";"Sim";4;0;1;0;3;0;1;4;-20,03146447;-44,2377893;"SPRF-MG";"DEL01-MG";"UOP03-DEL01-MG"
371840;2021-07-18;"domingo";"12:55:00";"RS";116;258;"ESTEIO";"Manobra de mudança de faixa";"Colisão lateral mesmo sentido";"Com Vítimas Feridas";"Pleno dia";"Decrescente";"Céu Claro";"Dupla";"Reta";"Sim";4;0;1;1;2;0;2;2;-29,86150502;-51,18091535;"SPRF-RS";"DEL01-RS";"UOP02-DEL01-RS"
371842;2021-07-20;"terça-feira";"17:45:00";"PA";163;980;"SANTAREM";"Acessar a via sem observar a presença dos outros veículos";"Colisão transversal";"Com Vítimas Feridas";"Pleno dia";"Decrescente";"Céu Claro";"Simples";"Reta";"Sim";3;0;2;0;1;0;2;2;-2,63482156;-54,74836014;"SPRF-PA";"DEL05-PA";"UOP01-DEL05-PA"
371843;2021-07-20;"terça-feira";"15:40:00";"SC";282;4,6;"FLORIANOPOLIS";"Reação tardia ou ineficiente do condutor";"Engavetamento";"Sem Vítimas";"Pleno dia";"Crescente";"Sol";"Múltipla";"Reta";"Sim";3;0;0;0;3;0;0;3;-27,59251174;-48,60400915;"SPRF-SC";"DEL01-SC";"UOP01-DEL01-SC"
371844;2021-07-20;"terça-feira";"18:00:00";"GO";153;500,5;"GOIANIA";"Manobra de mudança de faixa";"Colisão lateral mesmo sentido";"Com Vítimas Feridas";"Anoitecer";"Crescente";"Céu Claro";"Dupla";"Reta";"Sim";2;0;1;0;1;0;1;2;-16,7118;-49,2324;"SPRF-GO";"DEL01-GO";"UOP01-DEL01-GO"
371850;2021-07-20;"terça-feira";"18:33:00";"PR";163;293;"MARECHAL CANDIDO RONDON";"Acessar a via sem observar a presença dos outros veículos";"Colisão transversal";"Com Vítimas Feridas";"Plena Noite";"Crescente";"Céu Claro";"Simples";"Reta";"Não";2;0;0;1;1;0;1;2;-24,51981158;-54,07083999;"SPRF-PR";"DEL06-PR";"UOP02-DEL06-PR"
371853;2021-07-20;"terça-feira";"18:50:00";"RS";392;21;"RIO GRANDE";"Animais na Pista";"Saída de leito carroçável";"Com Vítimas Feridas";"Plena Noite";"Decrescente";"Céu Claro";"Dupla";"Reta";"Sim";1;0;0;1;0;0;1;1;-32,08769775;-52,20709106;"SPRF-RS";"DEL07-RS";"UOP02-DEL07-RS"
371855;2021-07-20;"terça-feira";"18:30:00";"SC";101;212,9;"PALHOCA";"Condutor deixou de manter distância do veículo da frente";"Colisão traseira";"Com Vítimas Feridas";"Plena Noite";"Crescente";"Céu Claro";"Simples";"Reta";"Sim";2;0;1;0;1;0;1;2;-27,62996929;-48,65903871;"SPRF-SC";"DEL01-SC";"UOP02-DEL01-SC"
371856;2021-07-20;"terça-feira";"18:50:00";"SE";101;93;"NOSSA SENHORA DO SOCORRO";"Ausência de reação do condutor";"Atropelamento de Pedestre";"Com Vítimas Feridas";"Plena Noite";"Decrescente";"Chuva";"Dupla";"Reta";"Não";2;0;1;1;0;0;2;2;-10,90212319;-37,14494787;"SPRF-SE";"DEL01-SE";"UOP01-DEL01-SE"