"id";"data_inversa";"dia_semana";"horario";"uf";"br";"km";"municipio";"causa_acidente";"tipo_acidente";"classificacao_acidente";"fase_dia";"sentido_via";"condicao_metereologica";"tipo_pista";"tracado_via";"uso_solo";"pessoas";"mortos";"feridos_leves";"feridos_graves";"ilesos";"ignorados";"feridos";"veiculos";"latitude";"longitude";"regional";"delegacia";"uop"
371857;2021-07-20;"terça-feira";"18:20:00";"RN";405;156,2;"RAFAEL FERNANDES";"Animais na Pista";"Atropelamento de Animal";"Com Vítimas Feridas";"Anoitecer";"Crescente";"Nublado";"Simples";"Reta";"Sim";1;0;0;1;0;0;1;1;-6,160835;-38,208239;"SPRF-RN";"DEL04-RN";"UOP02-DEL04-RN"
371858;2021-07-20;"terça-feira";"17:50:00";"PR";277;70;"SAO JOSE DOS PINHAIS";"Pista esburacada";"Tombamento";"Com Vítimas Feridas";"Anoitecer";"Crescente";"Céu Claro";"Dupla";"Curva";"Não";2;0;2;0;0;0;2;1;-25,51133565;-49,125502;"SPRF-PR";"DEL01-PR";"UOP01-DEL01-PR"
371859;2021-07-20;"terça-feira";"18:32:00";"RJ";40;115;"DUQUE DE CAXIAS";"Pedestre andava na pista";"Atropelamento de Pedestre";"Com Vítimas Fatais";"Plena Noite";"Decrescente";"Céu Claro";"Múltipla";"Reta";"Não";2;1;0;0;1;0;0;2;-22,72756999;-43,2891609;"SPRF-RJ";"DEL01-RJ";"UOP01-DEL01-RJ"
371863;2021-07-20;"terça-feira";"18:40:00";"RJ";101;264;"RIO BONITO";"Condutor deixou de manter distância do veículo da frente";"Colisão traseira";"Com Vítimas Feridas";"Plena Noite";"Crescente";"Céu Claro";"Dupla";"Reta";"Sim";2;0;0;1;1;0;1;2;-22,71818337;-42,63600702;"SPRF-RJ";"DEL02-RJ";"UOP03-DEL02-RJ"
371864;2021-07-20;"terça-feira";"18:30:00";"PR";373;174,6;"PONTA GROSSA";"Velocidade Incompatível";"Colisão transversal";"Com Vítimas Feridas";"Pleno dia";"Crescente";"Céu Claro";"Dupla";"Reta";"Sim";4;0;2;0;2;0;2;3;-25,0718002;-50,21142483;"SPRF-PR";"DEL03-PR";"UOP01-DEL03-PR"
371865;2021-07-20;"terça-feira";"19:00:00";"RN";101;83,2;"NATAL";"Trafegar com motocicleta (ou similar) entre as faixas";"Colisão lateral mesmo sentido";"Com Vítimas Feridas";"Plena Noite";"Decrescente";"Céu Claro";"Dupla";"Reta";"Sim";2;0;1;1;0;0;2;1;-5,7710445;-35,26616981;"SPRF-RN";"DEL02-RN";"UOP01-DEL02-RN"
371866;2021-07-20;"terça-feira";"18:30:00";"MA";222;670;"ACAILANDIA";"Ausência de reação do condutor";"Queda de ocupante de veículo";"Com Vítimas Feridas";"Plena Noite";"Crescente";"Céu Claro";"Simples";"Reta";"Sim";2;0;1;0;0;1;1;1;-4,91607953;-47,42281928;"SPRF-MA";"DEL04-MA";"UOP03-DEL04-MA"
371867;2021-07-20;"terça-feira";"19:10:00";"MG";40;416,7;"CURVELO";"Reação tardia ou ineficiente do condutor";"Colisão traseira";"Sem Vítimas";"Plena Noite";"Decrescente";"Céu Claro";"Simples";"Reta;Aclive";"Não";2;0;0;0;2;0;0;2;-19,15557;-44,59602;"SPRF-MG";"DEL02-MG";"UOP01-DEL02-MG"
371868;2021-07-20;"terça-feira";"19:40:00";"SP";116;275;"TABOAO DA SERRA";"Reação tardia ou ineficiente do condutor";"Colisão traseira";"Com Vítimas Feridas";"Plena Noite";"Decrescente";"Céu Claro";"Dupla";"Reta";"Sim";2;0;1;0;1;0;1;2;-23,63638826;-46,83251584;"SPRF-SP";"DEL04-SP";"UOP01-DEL04-SP"
371870;2021-07-20;"terça-feira";"18:40:00";"PB";230;126;"RIACHAO DO BACAMARTE";"Ausência de reação do condutor";"Saída de leito carroçável";"Com Vítimas Feridas";"Plena Noite";"Decrescente";"Céu Claro";"Dupla";"Reta";"Não";2;0;2;0;0;0;2;1;-7,260697;-35,696863;"SPRF-PB";"DEL02-PB";"UOP01-DEL02-PB"
371871;2021-07-20;"terça-feira";"19:10:00";"MG";116;415,5;"GOVERNADOR VALADARES";"Objeto estático sobre o leito carroçável";"Colisão com objeto";"Com Vítimas Feridas";"Plena Noite";"Crescente";"Nublado";"Múltipla";"Curva";"Sim";2;0;1;0;0;1;1;2;-18,88401297;-41,94924399;"SPRF-MG";"DEL06-MG";"UOP01-DEL06-MG"
371873;2021-07-20;"terça-feira";"19:15:00";"RO";364;195,9;"PIMENTA BUENO";"Ingestão de álcool pelo condutor";"Colisão lateral sentido oposto";"Sem Vítimas";"Plena Noite";"Crescente";"Céu Claro";"Simples";"Reta";"Sim";2;0;0;0;2;0;0;2;-11,687309;-61,183167;"SPRF-RO";"DEL02-RO";"UOP02-DEL02-RO"
371874;2021-07-20;"terça-feira";"19:45:00";"RN";101;125,8;"SAO JOSE DE MIPIBU";"Condutor deixou de manter distância do veículo da frente";"Colisão lateral mesmo sentido";"Com Vítimas Feridas";"Plena Noite";"Decrescente";"Céu Claro";"Dupla";"Reta";"Sim";2;0;1;0;1;0;1;2;-6,07815599;-35,23412006;"SPRF-RN";"DEL01-RN";"UOP01-DEL01-RN"
371875;2021-07-20;"terça-feira";"18:00:00";"RO";174;14;"VILHENA";"Desrespeitar a preferência no cruzamento";"Colisão transversal";"Com Vítimas Feridas";"Anoitecer";"Decrescente";"Céu Claro";"Dupla";"Interseção de Vias";"Sim";2;0;1;0;1;0;1;2;-12,74140004;-60,13026401;"SPRF-RO";"DEL04-RO";"UOP01-DEL04-RO"
371876;2021-07-20;"terça-feira";"11:00:00";"GO";158;78;"PIRANHAS";"Reação tardia ou ineficiente do condutor";"Incêndio";"Sem Vítimas";"Pleno dia";"Decrescente";"Céu Claro";"Simples";"Reta";"Não";1;0;0;0;0;1;0;1;-16,37652744;-51,87131006;"SPRF-GO";"DEL04-GO";"UOP01-DEL04-GO"
371880;2021-07-20;"terça-feira";"20:30:00";"RJ";116;4,5;"SAPUCAIA";"Animais na Pista";"Atropelamento de Animal";"Com Vítimas Fatais";"Plena Noite";"Crescente";"Nublado";"Simples";"Reta";"Não";1;1;0;0;0;0;0;1;-21,89481763;-42,68232122;"SPRF-RJ";"DEL04-RJ";"UOP01-DEL04-RJ"
371882;2021-07-20;"terça-feira";"18:00:00";"PB";104;129,8;"CAMPINA GRANDE";"Acesso irregular";"Colisão transversal";"Com Vítimas Feridas";"Plena Noite";"Decrescente";"Céu Claro";"Simples";"Reta";"Sim";2;0;2;0;0;0;2;2;-7,28120589;-35,88915693;"SPRF-PB";"DEL02-PB";"UOP03-DEL02-PB"
371883;2021-07-20;"terça-feira";"20:30:00";"PR";476;118,9;"COLOMBO";"Sinalização mal posicionada";"Colisão traseira";"Com Vítimas Feridas";"Plena Noite";"Crescente";"Céu Claro";"Dupla";"Interseção de Vias";"Sim";2;0;1;0;1;0;1;2;-25,35634;-49,180828;"SPRF-PR";"DEL01-PR";"UOP02-DEL01-PR"
371884;2021-06-02;"quarta-feira";"12:00:00";"ES";101;271,2;"SERRA";"Reação tardia ou ineficiente do condutor";"Colisão transversal";"Com Vítimas Fatais";"Pleno dia";"Crescente";"Céu Claro";"Dupla";"Reta";"Sim";2;1;0;0;1;0;0;2;-20,23267;-40,27658;"SPRF-ES";"DEL02-ES";"UOP01-DEL02-ES"
371886;2021-07-20;"terça-feira";"20:50:00";"BA";116;21,1;"VITORIA DA CONQUISTA";"Mal súbito do condutor";"Colisão com objeto";"Com Vítimas Feridas";"Plena Noite";"Decrescente";"Nublado";"Simples";"Reta";"Não";1;0;1;0;0;0;1;1;-14,884548;-40,810122;"SPRF-BA";"DEL08-BA";"UOP01-DEL08-BA"
371891;2021-07-20;"terça-feira";"21:10:00";"SC";101;92,9;"BALNEARIO PICARRAS";"Trafegar com motocicleta (ou similar) entre as faixas";"Colisão traseira";"Com Vítimas Fatais";"Plena Noite";"Crescente";"Céu Claro";"Simples";"Reta";"Sim";4;1;0;0;3;0;0;2;-26,684766;-48,6948664;"SPRF-SC";"DEL03-SC";"UOP02-DEL03-SC"
371892;2021-07-20;"terça-feira";"21:50:00";"PR";369;150;"LONDRINA";"Velocidade Incompatível";"Saída de leito carroçável";"Sem Vítimas";"Plena Noite";"Decrescente";"Céu Claro";"Dupla";"Declive;Reta";"Sim";1;0;0;0;1;0;0;1;-23,2929635;-51,16449952;"SPRF-PR";"DEL07-PR";"UOP01-DEL07-PR"
371893;2021-07-16;"sexta-feira";"13:40:00";"SC";101;418,5;"ARARANGUA";"Acessar a via sem observar a presença dos outros veículos";"Colisão transversal";"Com Vítimas Feridas";"Pleno dia";"Decrescente";"Céu Claro";"Múltipla";"Interseção de Vias";"Sim";2;0;2;0;0;0;2;2;-28,98044384;-49,53709515;"SPRF-SC";"DEL02-SC";"UOP02-DEL02-SC"
371899;2021-07-20;"terça-feira";"22:15:00";"RS";386;138;"SARANDI";"Ausência de reação do condutor";"Saída de leito carroçável";"Com Vítimas Feridas";"Plena Noite";"Decrescente";"Céu Claro";"Simples";"Reta";"Sim";1;0;1;0;0;0;1;1;-27,984795;-52,90134;"SPRF-RS";"DEL08-RS";"UOP01-DEL08-RS"
371901;2021-07-20;"terça-feira";"18:20:00";"PR";116;12;"COLOMBO";"Condutor deixou de manter distância do veículo da frente";"Colisão traseira";"Com Vítimas Feridas";"Plena Noite";"Decrescente";"Céu Claro";"Dupla";"Reta";"Sim";1;0;1;0;0;0;1;1;-25,3755;-49,1496;"SPRF-PR";"DEL01-PR";"UOP02-DEL01-PR"
371903;2021-07-20;"terça-feira";"23:45:00";"SP";116;220;"GUARULHOS";"Ingestão de álcool pelo condutor";"Tombamento";"Com Vítimas Feridas";"Plena Noite";"Crescente";"Ignorado";"Dupla";"Reta";"Sim";1;0;1;0;0;0;1;1;-23,46472809;-46,49793962;"SPRF-SP";"DEL01-SP";"UOP01-DEL01-SP"
371904;2021-07-20;"terça-feira";"23:20:00";"MT";163;682;"LUCAS DO RIO VERDE";"Avarias e/ou desgaste excessivo no pneu";"Queda de ocupante de veículo";"Com Vítimas Feridas";"Plena Noite";"Decrescente";"Céu Claro";"Simples";"Reta";"Não";2;0;2;0;0;0;2;1;-13,121;-55,958;"SPRF-MT";"DEL06-MT";"UOP01-DEL06-MT"
371905;2021-07-21;"quarta-feira";"00:20:00";"SP";116;62,8;"GUARATINGUETA";"Reação tardia ou ineficiente do condutor";"Colisão lateral mesmo sentido";"Com Vítimas Feridas";"Plena Noite";"Decrescente";"Céu Claro";"Dupla";"Reta";"Sim";2;0;1;0;1;0;1;2;-22,80538606;-45,17236692;"SPRF-SP";"DEL08-SP";"UOP01-DEL08-SP"
371906;2021-07-20;"terça-feira";"22:30:00";"MG";40;277,4;"TRES MARIAS";"Ultrapassagem Indevida";"Colisão lateral sentido oposto";"Com Vítimas Feridas";"Plena Noite";"Crescente";"Céu Claro";"Simples";"Curva";"Sim";1;0;1;0;0;0;1;1;-18,21264695;-45,22480595;"SPRF-MG";"DEL14-MG";"UOP02-DEL14-MG"
371907;2021-07-20;"terça-feira";"23:20:00";"PE";408;66,1;"PAUDALHO";"Chuva";"Colisão com objeto";"Com Vítimas Feridas";"Plena Noite";"Crescente";"Nublado";"Dupla";"Reta";"Sim";1;0;1;0;0;0;1;1;-7,85456416;-35,22363707;"SPRF-PE";"DEL01-PE";"UOP01-DEL01-PE"
371910;2021-07-20;"terça-feira";"23:00:00";"PA";10;340;"SAO MIGUEL DO GUAMA";"Reação tardia ou ineficiente do condutor";"Saída de leito carroçável";"Com Vítimas Fatais";"Plena Noite";"Crescente";"Céu Claro";"Simples";"Reta";"Não";2;1;1;0;0;0;1;1;-1,46695196;-47,53338287;"SPRF-PA";"DEL01-PA";"UOP02-DEL01-PA"
371915;2021-07-21;"quarta-feira";"01:10:00";"SC";470;153,6;"AGRONOMICA";"Ingestão de álcool pelo condutor";"Saída de leito carroçável";"Sem Vítimas";"Plena Noite";"Decrescente";"Nevoeiro/Neblina";"Simples";"Curva";"Não";1;0;0;0;1;0;0;1;-27,272911;-49,734741;"SPRF-SC";"DEL04-SC";"UOP02-DEL04-SC"
371917;2021-07-20;"terça-feira";"18:20:00";"BA";101;557,6;"ARATACA";"Velocidade Incompatível";"Saída de leito carroçável";"Com Vítimas Feridas";"Plena Noite";"Crescente";"Chuva";"Simples";"Curva";"Não";1;0;1;0;0;0;1;1;-15,18021;-39,43118;"SPRF-BA";"DEL05-BA";"UOP02-DEL05-BA"
371918;2021-07-21;"quarta-feira";"04:40:00";"CE";116;39,9;"HORIZONTE";"Iluminação deficiente";"Atropelamento de Animal";"Com Vítimas Feridas";"Amanhecer";"Decrescente";"Céu Claro";"Dupla";"Reta";"Sim";1;0;1;0;0;0;1;1;-4,08722773;-38,500659;"SPRF-CE";"DEL01-CE";"UOP02-DEL01-CE"
371919;2021-07-20;"terça-feira";"05:45:00";"AP";210;257;"PEDRA BRANCA DO AMAPARI";"Reação tardia ou ineficiente do condutor";"Colisão frontal";"Com Vítimas Fatais";"Pleno dia";"Crescente";"Céu Claro";"Simples";"Curva";"Não";3;1;0;2;0;0;2;2;1,0951329;-52,46709824;"SPRF-AP";"DEL01-AP";"UOP01-DEL01-AP"
371920;2021-07-21;"quarta-feira";"06:30:00";"DF";40;3;"BRASILIA";"Trafegar com motocicleta (ou similar) entre as faixas";"Colisão lateral mesmo sentido";"Com Vítimas Feridas";"Pleno dia";"Decrescente";"Sol";"Dupla";"Rotatória";"Sim";2;0;1;0;1;0;1;2;-16,003145;-47,983944;"SPRF-DF";"DEL01-DF";"UOP01-DEL01-DF"
371921;2021-07-21;"quarta-feira";"06:00:00";"PR";116;0,3;"CAMPINA GRANDE DO SUL";"Ausência de reação do condutor";"Colisão com objeto";"Com Vítimas Feridas";"Amanhecer";"Crescente";"Ignorado";"Dupla";"Reta";"Não";1;0;1;0;0;0;1;1;-25,3478;-49,0493;"SPRF-PR";"DEL01-PR";"UOP02-DEL01-PR"
371922;2021-07-08;"quinta-feira";"08:33:00";"GO";153;497,8;"GOIANIA";"Condutor deixou de manter distância do veículo da frente";"Colisão traseira";"Sem Vítimas";"Pleno dia";"Crescente";"Céu Claro";"Múltipla";"Aclive";"Sim";4;0;0;0;4;0;0;2;-16,6854;-49,2338;"SPRF-GO";"DEL01-GO";"UOP01-DEL01-GO"
371929;2021-07-21;"quarta-feira";"07:39:00";"PB";230;18,2;"JOAO PESSOA";"Manobra de mudança de faixa";"Colisão traseira";"Com Vítimas Feridas";"Pleno dia";"Decrescente";"Chuva";"Dupla";"Reta";"Sim";2;0;1;0;1;0;1;2;-7,1198;-34,8453;"SPRF-PB";"DEL01-PB";"UOP01-DEL01-PB"
371930;2021-07-21;"quarta-feira";"05:30:00";"PE";101;73,7;"RECIFE";"Avarias e/ou desgaste excessivo no pneu";"Eventos atípicos";"Com Vítimas Feridas";"Amanhecer";"Crescente";"Chuva";"Múltipla";"Reta";"Sim";2;0;1;0;1;0;1;1;-8,093369;-34,947464;"SPRF-PE";"DEL01-PE";"UOP01-DEL01-PE"
371931;2021-07-21;"quarta-feira";"07:20:00";"SC";101;221,3;"PALHOCA";"Ausência de reação do condutor";"Colisão com objeto";"Com Vítimas Feridas";"Pleno dia";"Decrescente";"Céu Claro";"Múltipla";"Viaduto";"Sim";2;0;1;0;1;0;1;1;-27,70012652;-48,66021182;"SPRF-SC";"DEL01-SC";"UOP02-DEL01-SC"
371935;2021-07-21;"quarta-feira";"07:30:00";"PB";230;18,2;"JOAO PESSOA";"Frear bruscamente";"Colisão lateral mesmo sentido";"Com Vítimas Feridas";"Pleno dia";"Decrescente";"Chuva";"Dupla";"Reta";"Sim";2;0;1;0;1;0;1;2;-7,1198;-34,8453;"SPRF-PB";"DEL01-PB";"UOP01-DEL01-PB"
371937;2021-07-21;"quarta-feira";"08:10:00";"PR";376;177;"MARINGA";"Pedestre andava na pista";"Atropelamento de Pedestre";"Com Vítimas Feridas";"Pleno dia";"Decrescente";"Céu Claro";"Múltipla";"Reta";"Sim";2;0;1;0;0;1;1;2;-23,41595855;-51,92226484;"SPRF-PR";"DEL09-PR";"UOP01-DEL09-PR"
371939;2021-07-21;"quarta-feira";"06:25:00";"SC";282;465;"PONTE SERRADA";"Objeto estático sobre o leito carroçável";"Eventos atípicos";"Sem Vítimas";"Amanhecer";"Crescente";"Céu Claro";"Simples";"Reta";"Não";1;0;0;0;1;0;0;1;-26,853325;-52,07745;"SPRF-SC";"DEL07-SC";"UOP04-DEL07-SC"
371940;2021-07-21;"quarta-feira";"07:00:00";"RJ";116;172;"MESQUITA";"Acessar a via sem observar a presença dos outros veículos";"Queda de ocupante de veículo";"Com Vítimas Feridas";"Amanhecer";"Decrescente";"Nublado";"Dupla";"Reta";"Sim";1;0;1;0;0;0;1;1;-22,77396562;-43,40320587;"SPRF-RJ";"DEL01-RJ";"UOP02-DEL01-RJ"
371941;2021-07-21;"quarta-feira";"08:00:00";"PE";101;69,9;"RECIFE";"Condutor deixou de manter distância do veículo da frente";"Colisão traseira";"Com Vítimas Feridas";"Pleno dia";"Crescente";"Garoa/Chuvisco";"Dupla";"Reta";"Não";3;0;1;0;1;1;1;2;-8,066853;-34,943287;"SPRF-PE";"DEL01-PE";"UOP01-DEL01-PE"
371943;2021-06-22;"terça-feira";"17:00:00";"GO";40;96,1;"CRISTALINA";"Acesso irregular";"Colisão transversal";"Com Vítimas Feridas";"Pleno dia";"Decrescente";"Céu Claro";"Simples";"Curva";"Sim";2;0;1;0;1;0;1;2;-16,75768;-47,601613;"SPRF-DF";"DEL01-DF";"UOP02-DEL01-DF"
371944;2021-07-21;"quarta-feira";"07:15:00";"RJ";116;165;"RIO DE JANEIRO";"Trafegar com motocicleta (ou similar) entre as faixas";"Colisão lateral mesmo sentido";"Com Vítimas Feridas";"Pleno dia";"Decrescente";"Nublado";"Múltipla";"Reta";"Sim";2;0;1;0;1;0;1;2;-22,81548519;-43,29087405;"SPRF-RJ";"DEL01-RJ";"UOP01-DEL01-RJ"
371946;2021-07-21;"quarta-feira";"08:20:00";"DF";20;1,3;"BRASILIA";"Reação tardia ou ineficiente do condutor";"Engavetamento";"Com Vítimas Feridas";"Pleno dia";"Decrescente";"Sol";"Dupla";"Reta";"Sim";4;0;1;0;3;0;1;4;-15,685814;-47,849838;"SPRF-DF";"DEL02-DF";"UOP01-DEL02-DF"
371947;2021-07-21;"quarta-feira";"08:10:00";"RN";101;97,9;"NATAL";"Manobra de mudança de faixa";"Colisão traseira";"Com Vítimas Feridas";"Pleno dia";"Decrescente";"Nevoeiro/Neblina";"Múltipla";"Reta";"Sim";3;0;2;0;1;0;2;2;-5,8630063;-35,21529078;"SPRF-RN";"DEL01-RN";"UOP01-DEL01-RN"
371948;2021-07-21;"quarta-feira";"07:15:00";"BA";324;625;"SALVADOR";"Ausência de reação do condutor";"Colisão traseira";"Com Vítimas Feridas";"Pleno dia";"Crescente";"Céu Claro";"Dupla";"Declive;Reta";"Sim";3;0;2;0;1;0;2;2;-12,94194706;-38,47081224;"SPRF-BA";"DEL01-BA";"UOP01-DEL01-BA"
371949;2021-06-25;"sexta-feira";"19:40:00";"ES";101;285;"CARIACICA";"Acessar a via sem observar a presença dos outros veículos";"Colisão transversal";"Com Vítimas Feridas";"Pleno dia";"Crescente";"Céu Claro";"Dupla";"Declive";"Não";4;0;2;0;2;0;2;2;-20,25148171;-40,37270066;"SPRF-ES";"DEL01-ES";"UOP01-DEL01-ES"
371950;2021-07-12;"segunda-feira";"14:50:00";"MS";163;245,8;"DOURADOS";"Manobra de mudança de faixa";"Saída de leito carroçável";"Com Vítimas Feridas";"Pleno dia";"Decrescente";"Céu Claro";"Simples";"Reta";"Não";3;0;3;0;0;0;3;1;-22,34867697;-54,80735394;"SPRF-MS";"DEL04-MS";"UOP01-DEL04-MS"
371952;2021-07-21;"quarta-feira";"07:15:00";"SC";101;100,1;"BALNEARIO PICARRAS";"Problema com o freio";"Colisão traseira";"Com Vítimas Feridas";"Pleno dia";"Crescente";"Céu Claro";"Dupla";"Reta";"Sim";3;0;1;0;2;0;1;2;-26,75806065;-48,688429;"SPRF-SC";"DEL03-SC";"UOP02-DEL03-SC"
371954;2021-07-21;"quarta-feira";"09:00:00";"SP";116;285;"ITAPECERICA DA SERRA";"Manobra de mudança de faixa";"Colisão lateral mesmo sentido";"Com Vítimas Feridas";"Pleno dia";"Decrescente";"Céu Claro";"Dupla";"Reta";"Sim";2;0;1;0;0;1;1;2;-23,70407794;-46,87249709;"SPRF-SP";"DEL04-SP";"UOP01-DEL04-SP"
371955;2021-07-21;"quarta-feira";"07:15:00";"MA";230;29,5;"BARAO DE GRAJAU";"Manobra de mudança de faixa";"Colisão lateral mesmo sentido";"Com Vítimas Feridas";"Pleno dia";"Decrescente";"Céu Claro";"Simples";"Declive";"Não";24;0;2;2;20;0;4;2;-6,69278957;-43,24604881;"SPRF-PI";"DEL03-PI";"UOP01-DEL03-PI"
371956;2021-07-21;"quarta-feira";"08:10:00";"MG";116;683,8;"MURIAE";"Condutor Dormindo";"Saída de leito carroçável";"Com Vítimas Feridas";"Pleno dia";"Decrescente";"Sol";"Simples";"Curva";"Não";1;0;1;0;0;0;1;1;-20,95751994;-42,34981212;"SPRF-MG";"DEL07-MG";"UOP02-DEL07-MG"
371957;2021-07-21;"quarta-feira";"09:45:00";"RS";287;251;"SANTA MARIA";"Condutor deixou de manter distância do veículo da frente";"Colisão traseira";"Com Vítimas Feridas";"Pleno dia";"Crescente";"Céu Claro";"Dupla";"Viaduto";"Sim";3;0;1;0;1;1;1;3;-29,68890601;-53,87641853;"SPRF-RS";"DEL09-RS";"UOP01-DEL09-RS"
371959;2021-07-21;"quarta-feira";"09:20:00";"MG";116;416,9;"GOVERNADOR VALADARES";"Conversão proibida";"Colisão transversal";"Com Vítimas Feridas";"Pleno dia";"Crescente";"Céu Claro";"Simples";"Curva";"Sim";3;0;2;0;1;0;2;2;-18,89215187;-41,94699543;"SPRF-MG";"DEL06-MG";"UOP01-DEL06-MG"
371960;2021-07-21;"quarta-feira";"09:30:00";"SP";116;227;"GUARULHOS";"Condutor deixou de manter distância do veículo da frente";"Colisão traseira";"Com Vítimas Feridas";"Pleno dia";"Crescente";"Céu Claro";"Simples";"Reta";"Não";2;0;1;0;1;0;1;2;-23,49659264;-46,55648754;"SPRF-SP";"DEL01-SP";"UOP01-DEL01-SP"
371962;2021-07-21;"quarta-feira";"09:50:00";"ES";101;212;"IBIRACU";"Acessar a via sem observar a presença dos outros veículos";"Colisão transversal";"Com Vítimas Feridas";"Pleno dia";"Crescente";"Céu Claro";"Simples";"Reta";"Não";3;0;1;1;0;1;2;2;-19,81537521;-40,36655964;"SPRF-ES";"DEL02-ES";"UOP01-DEL02-ES"
371963;2021-07-21;"quarta-feira";"08:30:00";"SP";116;221;"GUARULHOS";"Ausência de reação do condutor";"Tombamento";"Com Vítimas Feridas";"Pleno dia";"Decrescente";"Céu Claro";"Múltipla";"Reta";"Sim";1;0;1;0;0;0;1;1;-23,46802395;-46,50704901;"SPRF-SP";"DEL01-SP";"UOP01-DEL01-SP"
371964;2021-07-21;"quarta-feira";"09:30:00";"PA";155;260;"ELDORADO DO CARAJAS";"Condutor deixou de manter distância do veículo da frente";"Colisão traseira";"Sem Vítimas";"Pleno dia";"Decrescente";"Céu Claro";"Simples";"Reta";"Não";4;0;0;0;4;0;0;4;-6,04957907;-49,2914979;"SPRF-PA";"DEL03-PA";"UOP01-DEL03-PA"
371967;2021-07-21;"quarta-feira";"10:15:00";"RN";226;338,7;"PATU";"Desrespeitar a preferência no cruzamento";"Colisão transversal";"Com Vítimas Feridas";"Pleno dia";"Decrescente";"Céu Claro";"Simples";"Interseção de Vias";"Sim";5;0;2;0;3;0;2;2;-6,091275;-37,640396;"SPRF-RN";"DEL04-RN";"UOP01-DEL04-RN"
371970;2021-07-21;"quarta-feira";"11:10:00";"SP";116;175;"GUARAREMA";"Avarias e/ou desgaste excessivo no pneu";"Tombamento";"Com Vítimas Feridas";"Pleno dia";"Crescente";"Sol";"Dupla";"Aclive;Reta";"Não";2;0;1;0;1;0;1;1;-23,32173972;-46,100353;"SPRF-SP";"DEL02-SP";"UOP01-DEL02-SP"
371971;2021-04-06;"terça-feira";"06:10:00";"SC";101;331,9;"TUBARAO";"Condutor Dormindo";"Colisão com objeto";"Com Vítimas Feridas";"Amanhecer";"Decrescente";"Céu Claro";"Dupla";"Curva";"Sim";2;0;0;1;0;1;1;2;-28,46697475;-48,99758577;"SPRF-SC";"DEL02-SC";"UOP01-DEL02-SC"
371972;2021-07-21;"quarta-feira";"10:30:00";"MT";163;119,5;"RONDONOPOLIS";"Reação tardia ou ineficiente do condutor";"Colisão lateral mesmo sentido";"Com Vítimas Feridas";"Pleno dia";"Crescente";"Sol";"Dupla";"Reta";"Sim";3;0;2;0;1;0;2;2;-16,505412;-54,65154;"SPRF-MT";"DEL02-MT";"UOP01-DEL02-MT"
371973;2021-07-21;"quarta-feira";"12:20:00";"SC";101;214,6;"PALHOCA";"Manobra de mudança de faixa";"Colisão traseira";"Com Vítimas Feridas";"Pleno dia";"Crescente";"Céu Claro";"Dupla";"Reta";"Sim";2;0;1;0;1;0;1;2;-27,64443;-48,67057;"SPRF-SC";"DEL01-SC";"UOP02-DEL01-SC"
371975;2021-07-21;"quarta-feira";"12:00:00";"RJ";116;67;"TERESOPOLIS";"Acessar a via sem observar a presença dos outros veículos";"Colisão transversal";"Com Vítimas Feridas";"Pleno dia";"Crescente";"Céu Claro";"Simples";"Reta";"Sim";2;0;1;0;1;0;1;2;-22,29371693;-42,93354335;"SPRF-RJ";"DEL04-RJ";"UOP01-DEL04-RJ"
371978;2021-07-21;"quarta-feira";"12:15:00";"SC";470;126,5;"LONTRAS";"Desrespeitar a preferência no cruzamento";"Colisão transversal";"Com Vítimas Feridas";"Pleno dia";"Crescente";"Sol";"Simples";"Retorno Regulamentado";"Sim";2;0;0;1;1;0;1;2;-27,13598482;-49,54315782;"SPRF-SC";"DEL04-SC";"UOP02-DEL04-SC"
371980;2021-07-21;"quarta-feira";"12:00:00";"PB";230;123,4;"RIACHAO DO BACAMARTE";"Ausência de reação do condutor";"Saída de leito carroçável";"Com Vítimas Feridas";"Pleno dia";"Crescente";"Garoa/Chuvisco";"Dupla";"Curva";"Não";1;0;1;0;0;0;1;1;-7,2478;-35,6672;"SPRF-PB";"DEL02-PB";"UOP01-DEL02-PB"
371982;2021-07-18;"domingo";"15:05:00";"SP";381;40;"ATIBAIA";"Reação tardia ou ineficiente do condutor";"Colisão traseira";"Sem Vítimas";"Pleno dia";"Crescente";"Céu Claro";"Múltipla";"Reta";"Sim";3;0;0;0;3;0;0;2;-23,12997498;-46,5767598;"SPRF-SP";"DEL03-SP";"UOP01-DEL03-SP"
371983;2021-07-21;"quarta-feira";"12:20:00";"SC";101;37,5;"JOINVILLE";"Demais falhas mecânicas ou elétricas";"Incêndio";"Sem Vítimas";"Pleno dia";"Crescente";"Céu Claro";"Dupla";"Reta";"Sim";1;0;0;0;1;0;0;1;-26,25050176;-48,90863867;"SPRF-SC";"DEL03-SC";"UOP01-DEL03-SC"
371986;2021-07-21;"quarta-feira";"12:40:00";"PR";277;0,2;"FOZ DO IGUACU";"Reação tardia ou ineficiente do condutor";"Saída de leito carroçável";"Com Vítimas Feridas";"Pleno dia";"Crescente";"Céu Claro";"Dupla";"Reta";"Sim";1;0;1;0;0;0;1;1;-25,50545849;-54,58439179;"SPRF-PR";"DEL05-PR";"UOP03-DEL05-PR"
371987;2021-07-21;"quarta-feira";"07:50:00";"MT";70;277;"PRIMAVERA DO LESTE";"Acumulo de óleo sobre o pavimento";"Colisão lateral sentido oposto";"Sem Vítimas";"Pleno dia";"Crescente";"Céu Claro";"Simples";"Reta";"Sim";2;0;0;0;2;0;0;2;-15,55572064;-54,27085588;"SPRF-MT";"DEL05-MT";"UOP01-DEL05-MT"