"id";"data_inversa";"dia_semana";"horario";"uf";"br";"km";"municipio";"causa_acidente";"tipo_acidente";"classificacao_acidente";"fase_dia";"sentido_via";"condicao_metereologica";"tipo_pista";"tracado_via";"uso_solo";"pessoas";"mortos";"feridos_leves";"feridos_graves";"ilesos";"ignorados";"feridos";"veiculos";"latitude";"longitude";"regional";"delegacia";"uop"
371988;2021-07-21;"quarta-feira";"11:35:00";"MG";262;870;"CAMPO FLORIDO";"Ausência de reação do condutor";"Capotamento";"Com Vítimas Feridas";"Pleno dia";"Crescente";"Céu Claro";"Dupla";"Reta";"Não";1;0;1;0;0;0;1;1;-19,77587187;-48,46640595;"SPRF-MG";"DEL13-MG";"UOP01-DEL13-MG"
371989;2021-07-21;"quarta-feira";"09:17:00";"CE";222;271,1;"COREAU";"Pista esburacada";"Saída de leito carroçável";"Com Vítimas Feridas";"Pleno dia";"Crescente";"Céu Claro";"Simples";"Reta";"Não";1;0;1;0;0;0;1;1;-3,75707278;-40,74345226;"SPRF-CE";"DEL04-CE";"UOP02-DEL04-CE"
371990;2021-07-21;"quarta-feira";"14:10:00";"ES";101;270,7;"SERRA";"Condutor deixou de manter distância do veículo da frente";"Colisão traseira";"Com Vítimas Feridas";"Pleno dia";"Decrescente";"Sol";"Múltipla";"Reta";"Sim";2;0;1;0;1;0;1;2;-20,22662056;-40,27075088;"SPRF-ES";"DEL02-ES";"UOP01-DEL02-ES"
371993;2021-07-21;"quarta-feira";"14:30:00";"MG";40;741,4;"SANTOS DUMONT";"Velocidade Incompatível";"Colisão com objeto";"Com Vítimas Feridas";"Pleno dia";"Decrescente";"Céu Claro";"Simples";"Curva";"Sim";2;0;0;2;0;0;2;1;-21,40505399;-43,56732403;"SPRF-MG";"DEL05-MG";"UOP01-DEL05-MG"
371994;2021-07-01;"quinta-feira";"13:30:00";"SC";101;41,5;"JOINVILLE";"Desrespeitar a preferência no cruzamento";"Colisão transversal";"Com Vítimas Feridas";"Pleno dia";"Crescente";"Céu Claro";"Dupla";"Rotatória";"Sim";2;0;1;0;1;0;1;2;-26,28215489;-48,88973081;"SPRF-SC";"DEL03-SC";"UOP01-DEL03-SC"
371995;2021-07-21;"quarta-feira";"08:30:00";"RO";364;842;"PORTO VELHO";"Ausência de reação do condutor";"Colisão traseira";"Com Vítimas Feridas";"Pleno dia";"Decrescente";"Céu Claro";"Simples";"Reta";"Não";6;0;5;0;1;0;5;2;-9,42650612;-64,69771984;"SPRF-RO";"DEL01-RO";"UOP02-DEL01-RO"
371997;2021-07-21;"quarta-feira";"14:10:00";"PE";424;89,3;"GARANHUNS";"Acessar a via sem observar a presença dos outros veículos";"Colisão lateral mesmo sentido";"Com Vítimas Feridas";"Pleno dia";"Crescente";"Nublado";"Simples";"Curva;Interseção de Vias";"Sim";4;0;0;1;3;0;1;2;-8,89138375;-36,50571483;"SPRF-PE";"DEL03-PE";"UOP01-DEL03-PE"
371998;2021-07-21;"quarta-feira";"15:15:00";"BA";324;599;"SIMOES FILHO";"Manobra de mudança de faixa";"Colisão lateral mesmo sentido";"Sem Vítimas";"Pleno dia";"Decrescente";"Céu Claro";"Múltipla";"Reta";"Não";3;0;0;0;2;1;0;2;-12,7513556;-38,4319391;"SPRF-BA";"DEL01-BA";"UOP01-DEL01-BA"
371999;2021-05-15;"sábado";"19:20:00";"PI";316;309;"PICOS";"Ausência de reação do condutor";"Atropelamento de Pedestre";"Com Vítimas Feridas";"Plena Noite";"Decrescente";"Céu Claro";"Simples";"Aclive";"Sim";2;0;0;1;0;1;1;2;-7,07778744;-41,48370094;"SPRF-PI";"DEL04-PI";"UOP01-DEL04-PI"
372000;2021-07-21;"quarta-feira";"14:58:00";"PR";277;590,3;"CASCAVEL";"Ingestão de álcool pelo condutor";"Capotamento";"Sem Vítimas";"Pleno dia";"Decrescente";"Céu Claro";"Simples";"Reta";"Sim";1;0;0;0;1;0;0;1;-24,98120697;-53,45591501;"SPRF-PR";"DEL04-PR";"UOP01-DEL04-PR"
372002;2021-07-21;"quarta-feira";"16:15:00";"GO";60;109,3;"GOIANAPOLIS";"Manobra de mudança de faixa";"Colisão lateral mesmo sentido";"Com Vítimas Feridas";"Pleno dia";"Decrescente";"Sol";"Dupla";"Reta";"Não";3;0;2;0;1;0;2;2;-16,4478;-49,0224;"SPRF-GO";"DEL01-GO";"UOP01-DEL01-GO"
372003;2021-07-21;"quarta-feira";"14:19:00";"RO";364;238,5;"CACOAL";"Acumulo de areia ou detritos sobre o pavimento";"Tombamento";"Com Vítimas Feridas";"Pleno dia";"Crescente";"Céu Claro";"Simples";"Reta";"Sim";1;0;1;0;0;0;1;1;-11,4388578;-61,45471289;"SPRF-RO";"DEL02-RO";"UOP02-DEL02-RO"
372006;2021-07-21;"quarta-feira";"16:00:00";"SE";235;6;"NOSSA SENHORA DO SOCORRO";"Condutor deixou de manter distância do veículo da frente";"Colisão lateral mesmo sentido";"Com Vítimas Feridas";"Pleno dia";"Crescente";"Céu Claro";"Dupla";"Aclive";"Sim";3;0;2;0;1;0;2;2;-10,903851;-37,128677;"SPRF-SE";"DEL01-SE";"UOP01-DEL01-SE"
372007;2021-06-08;"terça-feira";"17:35:00";"RO";364;339;"JI-PARANA";"Manobra de mudança de faixa";"Colisão transversal";"Com Vítimas Feridas";"Anoitecer";"Crescente";"Céu Claro";"Dupla";"Declive";"Sim";2;0;2;0;0;0;2;2;-10,907816;-61,93017402;"SPRF-RO";"DEL02-RO";"UOP01-DEL02-RO"
372008;2021-07-21;"quarta-feira";"16:00:00";"RN";226;40;"MACAIBA";"Condutor deixou de manter distância do veículo da frente";"Colisão traseira";"Sem Vítimas";"Pleno dia";"Crescente";"Céu Claro";"Simples";"Reta";"Sim";3;0;0;0;3;0;0;3;-5,92839425;-35,54055377;"SPRF-RN";"DEL03-RN";"UOP02-DEL03-RN"
372009;2021-07-21;"quarta-feira";"16:10:00";"CE";20;422;"MARACANAU";"Acessar a via sem observar a presença dos outros veículos";"Colisão transversal";"Com Vítimas Feridas";"Pleno dia";"Decrescente";"Céu Claro";"Dupla";"Reta";"Não";3;0;1;0;2;0;1;2;-3,76999035;-38,67006282;"SPRF-CE";"DEL01-CE";"UOP02-DEL01-CE"
372011;2021-07-21;"quarta-feira";"16:45:00";"PR";277;714,3;"SANTA TEREZINHA DE ITAIPU";"Reação tardia ou ineficiente do condutor";"Colisão traseira";"Com Vítimas Feridas";"Pleno dia";"Decrescente";"Céu Claro";"Dupla";"Reta";"Não";2;0;1;0;1;0;1;2;-25,4657299;-54,45025921;"SPRF-PR";"DEL05-PR";"UOP01-DEL05-PR"
372013;2021-07-21;"quarta-feira";"16:40:00";"RJ";40;121;"DUQUE DE CAXIAS";"Ausência de reação do condutor";"Colisão frontal";"Com Vítimas Feridas";"Pleno dia";"Decrescente";"Céu Claro";"Simples";"Curva";"Sim";2;0;1;0;1;0;1;2;-22,78185499;-43,28571273;"SPRF-RJ";"DEL01-RJ";"UOP01-DEL01-RJ"
372014;2021-07-21;"quarta-feira";"15:00:00";"MG";40;498,6;"ESMERALDAS";"Velocidade Incompatível";"Colisão com objeto";"Sem Vítimas";"Pleno dia";"Crescente";"Céu Claro";"Dupla";"Reta";"Não";1;0;0;0;1;0;0;1;-19,6889;-44,18;"SPRF-MG";"DEL02-MG";"UOP01-DEL02-MG"
372015;2021-07-21;"quarta-feira";"14:45:00";"MT";163;714;"SORRISO";"Acesso irregular";"Colisão frontal";"Com Vítimas Feridas";"Pleno dia";"Crescente";"Céu Claro";"Simples";"Reta";"Sim";5;0;3;2;0;0;5;2;-12,87289;-55,83721;"SPRF-MT";"DEL06-MT";"UOP01-DEL06-MT"
372016;2021-07-03;"sábado";"10:20:00";"ES";101;95,5;"JAGUARE";"Reação tardia ou ineficiente do condutor";"Tombamento";"Com Vítimas Feridas";"Pleno dia";"Decrescente";"Sol";"Simples";"Reta";"Não";1;0;1;0;0;0;1;1;-18,93905359;-39,97576585;"SPRF-ES";"DEL04-ES";"UOP02-DEL04-ES"
372017;2021-07-21;"quarta-feira";"16:25:00";"SP";488;1;"APARECIDA";"Pista Escorregadia";"Queda de ocupante de veículo";"Com Vítimas Feridas";"Pleno dia";"Decrescente";"Nublado";"Dupla";"Curva";"Sim";2;0;1;0;1;0;1;1;-22,850164;-45,231808;"SPRF-SP";"DEL08-SP";"UOP01-DEL08-SP"
372018;2021-07-21;"quarta-feira";"17:30:00";"RJ";116;122;"MAGE";"Condutor deixou de manter distância do veículo da frente";"Colisão traseira";"Com Vítimas Feridas";"Anoitecer";"Decrescente";"Céu Claro";"Dupla";"Reta";"Não";4;0;1;0;3;0;1;2;-22,63509742;-43,05577963;"SPRF-RJ";"DEL04-RJ";"UOP02-DEL04-RJ"
372019;2021-07-21;"quarta-feira";"17:00:00";"SC";101;138,3;"BALNEARIO CAMBORIU";"Acessar a via sem observar a presença dos outros veículos";"Colisão frontal";"Com Vítimas Feridas";"Pleno dia";"Decrescente";"Céu Claro";"Simples";"Reta";"Sim";2;0;1;0;1;0;1;2;-27,02397426;-48,60761649;"SPRF-SC";"DEL04-SC";"UOP03-DEL04-SC"
372020;2021-07-21;"quarta-feira";"17:10:00";"DF";70;6;"BRASILIA";"Reação tardia ou ineficiente do condutor";"Colisão traseira";"Com Vítimas Feridas";"Pleno dia";"Crescente";"Céu Claro";"Dupla";"Reta";"Não";6;0;2;0;4;0;2;2;-15,791242;-48,105759;"SPRF-DF";"DEL03-DF";"UOP02-DEL03-DF"
372021;2021-06-18;"sexta-feira";"20:30:00";"MG";381;508;"SAO JOAQUIM DE BICAS";"Ausência de reação do condutor";"Colisão com objeto";"Com Vítimas Feridas";"Plena Noite";"Decrescente";"Céu Claro";"Dupla";"Reta";"Não";1;0;1;0;0;0;1;1;-20,06277698;-44,29329002;"SPRF-MG";"DEL01-MG";"UOP03-DEL01-MG"
372022;2021-07-21;"quarta-feira";"18:00:00";"SP";116;312;"SAO LOURENCO DA SERRA";"Entrada inopinada do pedestre";"Atropelamento de Pedestre";"Com Vítimas Feridas";"Plena Noite";"Decrescente";"Nublado";"Dupla";"Reta";"Não";2;0;0;1;1;0;1;2;-23,88342825;-46,97368879;"SPRF-SP";"DEL04-SP";"UOP01-DEL04-SP"
372023;2021-07-21;"quarta-feira";"17:00:00";"PE";101;54;"PAULISTA";"Entrada inopinada do pedestre";"Atropelamento de Pedestre";"Com Vítimas Feridas";"Pleno dia";"Crescente";"Nublado";"Simples";"Interseção de Vias";"Não";2;0;0;1;1;0;1;2;-7,93961103;-34,90356584;"SPRF-PE";"DEL01-PE";"UOP02-DEL01-PE"
372024;2021-07-21;"quarta-feira";"18:05:00";"RS";116;267;"CANOAS";"Ausência de reação do condutor";"Colisão lateral mesmo sentido";"Com Vítimas Feridas";"Anoitecer";"Decrescente";"Céu Claro";"Múltipla";"Reta";"Sim";2;0;1;0;1;0;1;2;-29,94142398;-51,17697062;"SPRF-RS";"DEL01-RS";"UOP01-DEL01-RS"
372026;2021-07-21;"quarta-feira";"12:00:00";"BA";116;43,7;"CHORROCHO";"Reação tardia ou ineficiente do condutor";"Saída de leito carroçável";"Com Vítimas Feridas";"Pleno dia";"Crescente";"Céu Claro";"Simples";"Reta";"Não";3;0;3;0;0;0;3;1;-8,99071322;-39,19499047;"SPRF-PE";"DEL05-PE";"UOP01-DEL05-PE"
372027;2021-07-21;"quarta-feira";"18:10:00";"RJ";101;333;"RIO DE JANEIRO";"Ausência de reação do condutor";"Queda de ocupante de veículo";"Com Vítimas Feridas";"Plena Noite";"Decrescente";"Céu Claro";"Dupla";"Ponte";"Sim";1;0;1;0;0;0;1;1;-22,87827816;-43,21053578;"SPRF-RJ";"DEL02-RJ";"UOP02-DEL02-RJ"
372029;2021-07-21;"quarta-feira";"17:20:00";"MT";163;832,4;"SINOP";"Reação tardia ou ineficiente do condutor";"Colisão traseira";"Com Vítimas Feridas";"Anoitecer";"Crescente";"Céu Claro";"Dupla";"Curva;Retorno Regulamentado";"Sim";2;0;1;0;1;0;1;2;-11,88196;-55,50039;"SPRF-MT";"DEL06-MT";"UOP01-DEL06-MT"
372032;2021-07-21;"quarta-feira";"18:00:00";"BA";324;613;"SALVADOR";"Manobra de mudança de faixa";"Queda de ocupante de veículo";"Com Vítimas Feridas";"Anoitecer";"Crescente";"Céu Claro";"Dupla";"Reta";"Não";2;0;1;0;0;1;1;2;-12,8662102;-38,4240372;"SPRF-BA";"DEL01-BA";"UOP01-DEL01-BA"
372033;2021-07-21;"quarta-feira";"14:25:00";"SC";282;531,9;"CORDILHEIRA ALTA";"Objeto estático sobre o leito carroçável";"Queda de ocupante de veículo";"Com Vítimas Feridas";"Pleno dia";"Crescente";"Céu Claro";"Simples";"Curva";"Não";1;0;1;0;0;0;1;1;-26,99689008;-52,61395454;"SPRF-SC";"DEL07-SC";"UOP01-DEL07-SC"
372035;2021-07-21;"quarta-feira";"19:10:00";"CE";20;405;"CAUCAIA";"Conversão proibida";"Colisão frontal";"Com Vítimas Feridas";"Plena Noite";"Crescente";"Céu Claro";"Simples";"Reta";"Sim";2;0;1;0;1;0;1;2;-3,7740804;-38,6780848;"SPRF-CE";"DEL01-CE";"UOP01-DEL01-CE"
372036;2021-07-21;"quarta-feira";"19:00:00";"PE";104;53,6;"CARUARU";"Ingestão de álcool pelo condutor";"Colisão traseira";"Com Vítimas Feridas";"Plena Noite";"Decrescente";"Nublado";"Dupla";"Declive";"Sim";4;0;1;0;3;0;1;2;-8,178876;-35,969398;"SPRF-PE";"DEL02-PE";"UOP01-DEL02-PE"
372037;2021-07-21;"quarta-feira";"18:15:00";"RJ";495;28;"PETROPOLIS";"Objeto estático sobre o leito carroçável";"Colisão transversal";"Com Vítimas Feridas";"Plena Noite";"Crescente";"Céu Claro";"Simples";"Curva";"Sim";2;0;1;0;1;0;1;2;-22,396297;-43,120255;"SPRF-RJ";"DEL06-RJ";"UOP01-DEL06-RJ"
372038;2021-07-21;"quarta-feira";"18:30:00";"RN";101;112;"SAO JOSE DE MIPIBU";"Acessar a via sem observar a presença dos outros veículos";"Colisão transversal";"Com Vítimas Feridas";"Plena Noite";"Crescente";"Nublado";"Dupla";"Reta";"Sim";2;0;1;0;1;0;1;2;-5,96429;-35,264877;"SPRF-RN";"DEL01-RN";"UOP01-DEL01-RN"
372040;2021-07-21;"quarta-feira";"19:00:00";"RJ";116;293;"PORTO REAL";"Curva acentuada";"Saída de leito carroçável";"Com Vítimas Feridas";"Plena Noite";"Decrescente";"Nublado";"Simples";"Curva";"Não";2;0;1;0;1;0;1;1;-22,45745983;-44,29161274;"SPRF-RJ";"DEL07-RJ";"UOP02-DEL07-RJ"
372041;2021-07-21;"quarta-feira";"18:55:00";"ES";262;149;"IBATIBA";"Mal súbito do condutor";"Saída de leito carroçável";"Com Vítimas Fatais";"Plena Noite";"Decrescente";"Céu Claro";"Simples";"Curva;Aclive";"Não";1;1;0;0;0;0;0;1;-20,21798822;-41,43190573;"SPRF-ES";"DEL01-ES";"UOP02-DEL01-ES"
372042;2021-07-21;"quarta-feira";"19:15:00";"SC";282;3,6;"FLORIANOPOLIS";"Manobra de mudança de faixa";"Colisão lateral mesmo sentido";"Com Vítimas Feridas";"Plena Noite";"Crescente";"Céu Claro";"Múltipla";"Reta";"Sim";2;0;0;1;1;0;1;2;-27,600384;-48,599705;"SPRF-SC";"DEL01-SC";"UOP01-DEL01-SC"
372043;2021-07-21;"quarta-feira";"18:50:00";"GO";414;428;"ABADIANIA";"Conversão proibida";"Colisão traseira";"Com Vítimas Feridas";"Plena Noite";"Crescente";"Céu Claro";"Simples";"Reta";"Não";8;0;4;0;4;0;4;2;-16,18994908;-48,90549382;"SPRF-GO";"DEL02-GO";"UOP01-DEL02-GO"
372044;2021-07-21;"quarta-feira";"18:30:00";"RS";153;642,5;"BAGE";"Animais na Pista";"Atropelamento de Animal";"Com Vítimas Fatais";"Plena Noite";"Decrescente";"Céu Claro";"Simples";"Reta";"Não";5;1;0;3;0;1;3;3;-31,41343494;-54,13524852;"SPRF-RS";"DEL11-RS";"UOP03-DEL11-RS"
372045;2021-07-21;"quarta-feira";"19:30:00";"SP";381;70;"MAIRIPORA";"Ausência de reação do condutor";"Colisão com objeto";"Com Vítimas Feridas";"Plena Noite";"Decrescente";"Nublado";"Dupla";"Reta";"Sim";1;0;1;0;0;0;1;1;-23,34972978;-46,56070474;"SPRF-SP";"DEL03-SP";"UOP01-DEL03-SP"
372046;2021-07-21;"quarta-feira";"19:25:00";"SC";470;126,6;"LONTRAS";"Desrespeitar a preferência no cruzamento";"Colisão transversal";"Com Vítimas Feridas";"Plena Noite";"Decrescente";"Céu Claro";"Simples";"Interseção de Vias";"Não";2;0;1;1;0;0;2;2;-27,129;-49,538277;"SPRF-SC";"DEL04-SC";"UOP02-DEL04-SC"
372047;2021-07-21;"quarta-feira";"17:35:00";"SC";280;23;"ARAQUARI";"Ultrapassagem Indevida";"Colisão transversal";"Com Vítimas Feridas";"Anoitecer";"Decrescente";"Céu Claro";"Simples";"Reta";"Não";2;0;0;1;1;0;1;2;-26,37146;-48,711887;"SPRF-SC";"DEL03-SC";"UOP03-DEL03-SC"
372048;2021-07-21;"quarta-feira";"20:15:00";"AL";104;84,7;"RIO LARGO";"Objeto estático sobre o leito carroçável";"Saída de leito carroçável";"Sem Vítimas";"Plena Noite";"Decrescente";"Ignorado";"Dupla";"Reta";"Não";2;0;0;0;2;0;0;1;-9,45007991;-35,83193975;"SPRF-AL";"DEL01-AL";"UOP01-DEL01-AL"
372053;2021-07-21;"quarta-feira";"20:30:00";"RN";101;100,9;"PARNAMIRIM";"Acumulo de água sobre o pavimento";"Colisão com objeto";"Com Vítimas Feridas";"Plena Noite";"Decrescente";"Chuva";"Múltipla";"Reta";"Sim";1;0;1;0;0;0;1;1;-5,8860909;-35,22928119;"SPRF-RN";"DEL01-RN";"UOP01-DEL01-RN"
372054;2021-07-21;"quarta-feira";"20:40:00";"SP";101;46;"UBATUBA";"Acessar a via sem observar a presença dos outros veículos";"Colisão transversal";"Com Vítimas Feridas";"Plena Noite";"Decrescente";"Céu Claro";"Simples";"Reta";"Sim";2;0;0;1;1;0;1;2;-23,42403383;-45,07492113;"SPRF-SP";"DEL06-SP";"UOP01-DEL06-SP"
372055;2021-07-21;"quarta-feira";"19:10:00";"RS";470;238;"CARLOS BARBOSA";"Falta de acostamento";"Colisão transversal";"Com Vítimas Feridas";"Plena Noite";"Decrescente";"Céu Claro";"Simples";"Curva";"Sim";2;0;1;0;1;0;1;2;-29,33794;-51,504517;"SPRF-RS";"DEL06-RS";"UOP01-DEL06-RS"
372056;2021-07-21;"quarta-feira";"19:20:00";"PR";369;167,9;"ROLANDIA";"Ausência de reação do condutor";"Saída de leito carroçável";"Com Vítimas Feridas";"Plena Noite";"Decrescente";"Céu Claro";"Dupla";"Interseção de Vias;Reta";"Não";2;0;1;1;0;0;2;1;-23,299153;-51,322454;"SPRF-PR";"DEL07-PR";"UOP01-DEL07-PR"
372057;2021-07-21;"quarta-feira";"20:20:00";"SE";101;1,5;"PROPRIA";"Ausência de reação do condutor";"Colisão traseira";"Com Vítimas Feridas";"Plena Noite";"Crescente";"Nublado";"Dupla";"Em Obras";"Não";4;0;1;2;1;0;3;2;-10,21497574;-36,82283067;"SPRF-SE";"DEL02-SE";"UOP02-DEL02-SE"
372058;2021-07-21;"quarta-feira";"18:15:00";"RJ";40;65;"PETROPOLIS";"Acessar a via sem observar a presença dos outros veículos";"Colisão transversal";"Com Vítimas Feridas";"Plena Noite";"Crescente";"Céu Claro";"Dupla";"Reta";"Não";2;0;2;0;0;0;2;2;-22,427473;-43,16011;"SPRF-RJ";"DEL06-RJ";"UOP01-DEL06-RJ"
372059;2021-07-21;"quarta-feira";"19:30:00";"MG";262;394;"PARA DE MINAS";"Ausência de reação do condutor";"Colisão traseira";"Com Vítimas Feridas";"Plena Noite";"Crescente";"Céu Claro";"Dupla";"Reta";"Não";3;0;2;0;1;0;2;2;-19,91870373;-44,49079292;"SPRF-MG";"DEL01-MG";"UOP03-DEL01-MG"
372060;2021-07-21;"quarta-feira";"20:30:00";"BA";116;14;"VITORIA DA CONQUISTA";"Pista Escorregadia";"Tombamento";"Com Vítimas Feridas";"Plena Noite";"Crescente";"Nevoeiro/Neblina";"Simples";"Curva;Aclive";"Não";1;0;1;0;0;0;1;1;-14,89352787;-40,86578429;"SPRF-BA";"DEL08-BA";"UOP01-DEL08-BA"
372062;2021-07-21;"quarta-feira";"17:30:00";"MT";163;603;"NOVA MUTUM";"Manobra de mudança de faixa";"Colisão lateral mesmo sentido";"Sem Vítimas";"Anoitecer";"Crescente";"Céu Claro";"Simples";"Reta";"Não";1;0;0;0;1;0;0;1;-13,88122005;-56,08852761;"SPRF-MT";"DEL01-MT";"UOP01-DEL01-MT"
372065;2021-07-21;"quarta-feira";"15:00:00";"MG";116;413,9;"GOVERNADOR VALADARES";"Ausência de reação do condutor";"Saída de leito carroçável";"Com Vítimas Feridas";"Pleno dia";"Decrescente";"Sol";"Simples";"Reta";"Sim";1;0;1;0;0;0;1;1;-18,873907;-41,966366;"SPRF-MG";"DEL06-MG";"UOP01-DEL06-MG"
372066;2021-07-21;"quarta-feira";"21:10:00";"DF";70;9;"BRASILIA";"Ingestão de álcool pelo condutor";"Colisão traseira";"Com Vítimas Feridas";"Anoitecer";"Decrescente";"Céu Claro";"Múltipla";"Reta";"Sim";2;0;1;0;0;1;1;2;-15,784615;-48,132023;"SPRF-DF";"DEL03-DF";"UOP02-DEL03-DF"
372067;2021-07-21;"quarta-feira";"14:45:00";"MG";116;413;"GOVERNADOR VALADARES";"Acessar a via sem observar a presença dos outros veículos";"Colisão transversal";"Com Vítimas Feridas";"Pleno dia";"Decrescente";"Céu Claro";"Simples";"Interseção de Vias";"Não";2;0;0;1;1;0;1;2;-18,873907;-41,966366;"SPRF-MG";"DEL06-MG";"UOP01-DEL06-MG"
372069;2021-07-21;"quarta-feira";"20:20:00";"MG";116;413;"GOVERNADOR VALADARES";"Acesso irregular";"Colisão transversal";"Com Vítimas Feridas";"Plena Noite";"Crescente";"Céu Claro";"Simples";"Reta";"Não";3;0;0;2;1;0;2;2;-18,873907;-41,966366;"SPRF-MG";"DEL06-MG";"UOP01-DEL06-MG"
372070;2021-07-21;"quarta-feira";"19:01:00";"RO";364;701;"PORTO VELHO";"Fumaça";"Incêndio";"Sem Vítimas";"Plena Noite";"Decrescente";"Céu Claro";"Dupla";"Reta";"Não";1;0;0;0;1;0;0;1;-8,80049198;-63,777876;"SPRF-RO";"DEL01-RO";"UOP01-DEL01-RO"
372071;2021-07-21;"quarta-feira";"20:00:00";"MA";10;261,6;"IMPERATRIZ";"Objeto estático sobre o leito carroçável";"Atropelamento de Animal";"Com Vítimas Feridas";"Pleno dia";"Decrescente";"Céu Claro";"Simples";"Reta";"Não";3;0;1;0;2;0;1;1;-5,454371;-47,472439;"SPRF-MA";"DEL04-MA";"UOP01-DEL04-MA"
372075;2021-07-21;"quarta-feira";"21:00:00";"SC";101;203,6;"SAO JOSE";"Ausência de reação do condutor";"Saída de leito carroçável";"Sem Vítimas";"Plena Noite";"Crescente";"Céu Claro";"Dupla";"Reta";"Sim";1;0;0;0;1;0;0;1;-27,5650044;-48,61460082;"SPRF-SC";"DEL01-SC";"UOP01-DEL01-SC"
372076;2021-07-21;"quarta-feira";"21:00:00";"PR";277;319,5;"GUARAPUAVA";"Reação tardia ou ineficiente do condutor";"Colisão com objeto";"Sem Vítimas";"Plena Noite";"Decrescente";"Céu Claro";"Simples";"Reta;Aclive";"Não";1;0;0;0;0;1;0;1;-25,372158;-51,267025;"SPRF-PR";"DEL08-PR";"UOP01-DEL08-PR"
372078;2021-07-21;"quarta-feira";"21:20:00";"MG";381;509;"SAO JOAQUIM DE BICAS";"Reação tardia ou ineficiente do condutor";"Colisão com objeto";"Sem Vítimas";"Plena Noite";"Decrescente";"Céu Claro";"Dupla";"Reta";"Não";1;0;0;0;1;0;0;1;-20,07008;-44,298819;"SPRF-MG";"DEL01-MG";"UOP03-DEL01-MG"
372080;2021-07-21;"quarta-feira";"21:50:00";"RJ";101;390;"RIO DE JANEIRO";"Velocidade Incompatível";"Colisão lateral mesmo sentido";"Sem Vítimas";"Plena Noite";"Decrescente";"Céu Claro";"Dupla";"Curva";"Não";3;0;0;0;1;2;0;3;-22,8965626;-43,68177503;"SPRF-RJ";"DEL01-RJ";"UOP01-DEL01-RJ"
372081;2021-07-21;"quarta-feira";"22:00:00";"MG";40;529,9;"CONTAGEM";"Reação tardia ou ineficiente do condutor";"Colisão transversal";"Com Vítimas Feridas";"Plena Noite";"Decrescente";"Céu Claro";"Dupla";"Reta";"Sim";3;0;1;1;1;0;2;2;-19,92064782;-44,0335681;"SPRF-MG";"DEL01-MG";"UOP02-DEL01-MG"
372084;2021-07-21;"quarta-feira";"23:10:00";"BA";324;0;"FEIRA DE SANTANA";"Pista Escorregadia";"Tombamento";"Com Vítimas Feridas";"Plena Noite";"Crescente";"Chuva";"Dupla";"Curva";"Sim";1;0;1;0;0;0;1;1;-12,267113;-38,966988;"SPRF-BA";"DEL02-BA";"UOP01-DEL02-BA"
372085;2021-07-21;"quarta-feira";"23:00:00";"RS";116;37,9;"VACARIA";"Pedestre andava na pista";"Atropelamento de Pedestre";"Com Vítimas Feridas";"Plena Noite";"Crescente";"Céu Claro";"Simples";"Reta";"Sim";2;0;0;2;0;0;2;2;-28,49871957;-50,9176864;"SPRF-RS";"DEL05-RS";"UOP03-DEL05-RS"
372086;2021-07-21;"quarta-feira";"23:20:00";"GO";364;102;"CACHOEIRA ALTA";"Animais na Pista";"Saída de leito carroçável";"Com Vítimas Feridas";"Plena Noite";"Decrescente";"Céu Claro";"Simples";"Curva";"Não";2;0;1;0;0;1;1;2;-18,400284;-51,107811;"SPRF-GO";"DEL05-GO";"UOP02-DEL05-GO"
372087;2021-07-21;"quarta-feira";"23:00:00";"RS";116;151,5;"CAXIAS DO SUL";"Ingestão de álcool e/ou substâncias psicoativas pelo pedestre";"Colisão com objeto";"Com Vítimas Feridas";"Plena Noite";"Crescente";"Céu Claro";"Dupla";"Curva";"Sim";2;0;1;1;0;0;2;1;-29,18075907;-51,16422242;"SPRF-RS";"DEL05-RS";"UOP01-DEL05-RS"
372088;2021-07-21;"quarta-feira";"22:40:00";"TO";153;335;"GUARAI";"Ausência de sinalização";"Colisão transversal";"Com Vítimas Feridas";"Plena Noite";"Crescente";"Céu Claro";"Simples";"Reta";"Sim";2;0;1;0;1;0;1;2;-8,85386;-48,508884;"SPRF-TO";"DEL02-TO";"UOP01-DEL02-TO"
372090;2021-07-21;"quarta-feira";"18:50:00";"MG";365;755,1;"ITUIUTABA";"Ausência de reação do condutor";"Queda de ocupante de veículo";"Com Vítimas Feridas";"Plena Noite";"Decrescente";"Céu Claro";"Dupla";"Reta";"Sim";2;0;1;0;1;0;1;1;-18,96603909;-49,50568199;"SPRF-MG";"DEL15-MG";"UOP03-DEL15-MG"
372092;2021-07-21;"quarta-feira";"23:20:00";"MT";163;798;"VERA";"Animais na Pista";"Atropelamento de Animal";"Com Vítimas Feridas";"Plena Noite";"Crescente";"Céu Claro";"Simples";"Reta";"Não";1;0;1;0;0;0;1;1;-12,18717778;-55,53031944;"SPRF-MT";"DEL06-MT";"UOP01-DEL06-MT"