"id";"data_inversa";"dia_semana";"horario";"uf";"br";"km";"municipio";"causa_acidente";"tipo_acidente";"classificacao_acidente";"fase_dia";"sentido_via";"condicao_metereologica";"tipo_pista";"tracado_via";"uso_solo";"pessoas";"mortos";"feridos_leves";"feridos_graves";"ilesos";"ignorados";"feridos";"veiculos";"latitude";"longitude";"regional";"delegacia";"uop"
372099;2021-07-22;"quinta-feira";"01:00:00";"RJ";101;401;"ITAGUAI";"Ingestão de álcool pelo condutor";"Colisão com objeto";"Sem Vítimas";"Plena Noite";"Decrescente";"Nublado";"Dupla";"Curva";"Sim";3;0;0;0;3;0;0;1;-22,84853075;-43,77998836;"SPRF-RJ";"DEL03-RJ";"UOP01-DEL03-RJ"
372100;2021-07-22;"quinta-feira";"01:00:00";"SP";116;147;"SAO JOSE DOS CAMPOS";"Reação tardia ou ineficiente do condutor";"Colisão traseira";"Sem Vítimas";"Plena Noite";"Decrescente";"Céu Claro";"Múltipla";"Reta";"Não";2;0;0;0;2;0;0;2;-23,19542994;-45,87176303;"SPRF-SP";"DEL02-SP";"UOP01-DEL02-SP"
372101;2021-07-22;"quinta-feira";"01:00:00";"RS";470;222;"BENTO GONCALVES";"Ausência de reação do condutor";"Saída de leito carroçável";"Sem Vítimas";"Plena Noite";"Decrescente";"Céu Claro";"Dupla";"Curva;Retorno Regulamentado";"Sim";1;0;0;0;0;1;0;1;-29,20372835;-51,51786908;"SPRF-RS";"DEL06-RS";"UOP01-DEL06-RS"
372102;2021-07-21;"quarta-feira";"21:20:00";"SC";116;284,6;"CAPAO ALTO";"Manobra de mudança de faixa";"Colisão transversal";"Com Vítimas Feridas";"Plena Noite";"Decrescente";"Céu Claro";"Simples";"Reta";"Não";2;0;1;0;1;0;1;2;-28,071781;-50,57883399;"SPRF-SC";"DEL05-SC";"UOP02-DEL05-SC"
372103;2021-07-22;"quinta-feira";"01:55:00";"PR";153;472,8;"PORTO VITORIA";"Ingestão de álcool pelo condutor";"Saída de leito carroçável";"Com Vítimas Feridas";"Plena Noite";"Crescente";"Céu Claro";"Simples";"Reta";"Não";1;0;0;1;0;0;1;1;-26,23738158;-51,15577698;"SPRF-PR";"DEL02-PR";"UOP03-DEL02-PR"
372104;2021-07-19;"segunda-feira";"21:30:00";"MG";381;378;"SAO GONCALO DO RIO ABAIXO";"Ausência de reação do condutor";"Colisão lateral mesmo sentido";"Com Vítimas Feridas";"Plena Noite";"Decrescente";"Céu Claro";"Simples";"Curva";"Não";2;0;2;0;0;0;2;2;-19,83376284;-43,36060015;"SPRF-MG";"DEL01-MG";"UOP01-DEL01-MG"
372105;2021-07-22;"quinta-feira";"03:50:00";"RJ";116;131;"MAGE";"Condutor Dormindo";"Saída de leito carroçável";"Com Vítimas Feridas";"Amanhecer";"Crescente";"Ignorado";"Dupla";"Reta";"Não";2;0;0;2;0;0;2;1;-22,65608024;-43,12511494;"SPRF-RJ";"DEL04-RJ";"UOP02-DEL04-RJ"
372108;2021-07-22;"quinta-feira";"03:00:00";"PR";163;6;"BARRACAO";"Reação tardia ou ineficiente do condutor";"Colisão com objeto";"Com Vítimas Feridas";"Plena Noite";"Decrescente";"Céu Claro";"Simples";"Curva";"Não";1;0;1;0;0;0;1;1;-26,25066;-53,635523;"SPRF-PR";"DEL02-PR";"UOP02-DEL02-PR"
372110;2021-07-22;"quinta-feira";"06:00:00";"DF";70;18;"BRASILIA";"Condutor deixou de manter distância do veículo da frente";"Colisão traseira";"Com Vítimas Feridas";"Amanhecer";"Decrescente";"Céu Claro";"Dupla";"Reta;Declive";"Não";2;0;1;0;1;0;1;2;-15,791093;-48,21096;"SPRF-DF";"DEL03-DF";"UOP02-DEL03-DF"
372111;2021-07-22;"quinta-feira";"04:30:00";"PI";316;185;"VALENCA DO PIAUI";"Ausência de reação do condutor";"Saída de leito carroçável";"Com Vítimas Fatais";"Plena Noite";"Decrescente";"Céu Claro";"Simples";"Reta;Ponte";"Não";2;1;0;1;0;0;1;1;-6,27986853;-41,9457755;"SPRF-PI";"DEL04-PI";"UOP02-DEL04-PI"
372115;2021-07-22;"quinta-feira";"07:15:00";"BA";324;620;"SALVADOR";"Trafegar com motocicleta (ou similar) entre as faixas";"Colisão lateral mesmo sentido";"Com Vítimas Feridas";"Pleno dia";"Crescente";"Nublado";"Dupla";"Reta";"Sim";2;0;1;0;1;0;1;2;-12,90482172;-38,45556535;"SPRF-BA";"DEL01-BA";"UOP01-DEL01-BA"
372116;2021-07-22;"quinta-feira";"06:45:00";"PI";316;11;"TERESINA";"Acessar a via sem observar a presença dos outros veículos";"Colisão transversal";"Com Vítimas Feridas";"Pleno dia";"Crescente";"Céu Claro";"Dupla";"Rotatória";"Sim";3;0;2;0;0;1;2;2;-5,191739;-42,76076102;"SPRF-PI";"DEL01-PI";"UOP02-DEL01-PI"
372117;2021-07-22;"quinta-feira";"07:15:00";"SP";116;160,3;"JACAREI";"Manobra de mudança de faixa";"Colisão lateral mesmo sentido";"Com Vítimas Feridas";"Pleno dia";"Crescente";"Nevoeiro/Neblina";"Simples";"Reta";"Sim";1;0;1;0;0;0;1;1;-23,27101606;-45,96787896;"SPRF-SP";"DEL02-SP";"UOP01-DEL02-SP"
372118;2021-07-22;"quinta-feira";"07:05:00";"ES";101;268;"SERRA";"Trafegar com motocicleta (ou similar) entre as faixas";"Colisão traseira";"Com Vítimas Feridas";"Pleno dia";"Decrescente";"Sol";"Múltipla";"Reta";"Sim";4;0;1;1;2;0;2;3;-20,20842;-40,269405;"SPRF-ES";"DEL02-ES";"UOP01-DEL02-ES"
372121;2021-04-30;"sexta-feira";"18:25:00";"ES";101;270;"SERRA";"Pedestre cruzava a pista fora da faixa";"Atropelamento de Pedestre";"Com Vítimas Feridas";"Anoitecer";"Decrescente";"Céu Claro";"Simples";"Reta";"Sim";4;0;2;1;1;0;3;3;-20,22662056;-40,27075088;"SPRF-ES";"DEL02-ES";"UOP01-DEL02-ES"
372123;2021-07-16;"sexta-feira";"07:55:00";"CE";116;10;"FORTALEZA";"Condutor deixou de manter distância do veículo da frente";"Colisão traseira";"Com Vítimas Feridas";"Pleno dia";"Decrescente";"Céu Claro";"Múltipla";"Reta";"Sim";7;0;1;1;5;0;2;7;-3,83603805;-38,5027281;"SPRF-CE";"DEL01-CE";"UOP02-DEL01-CE"
372124;2021-07-22;"quinta-feira";"08:00:00";"MG";381;479,7;"CONTAGEM";"Ausência de reação do condutor";"Atropelamento de Pedestre";"Com Vítimas Feridas";"Pleno dia";"Decrescente";"Sol";"Múltipla";"Reta";"Sim";3;0;2;0;1;0;2;3;-19,95889605;-44,069202;"SPRF-MG";"DEL01-MG";"UOP03-DEL01-MG"
372125;2021-07-22;"quinta-feira";"08:00:00";"RN";101;84,1;"SAO GONCALO DO AMARANTE";"Animais na Pista";"Atropelamento de Animal";"Com Vítimas Feridas";"Pleno dia";"Crescente";"Céu Claro";"Dupla";"Reta";"Sim";2;0;1;0;1;0;1;2;-5,774175;-35,2578;"SPRF-RN";"DEL02-RN";"UOP01-DEL02-RN"
372126;2021-07-22;"quinta-feira";"07:45:00";"PE";101;50;"ABREU E LIMA";"Reação tardia ou ineficiente do condutor";"Colisão traseira";"Com Vítimas Feridas";"Pleno dia";"Decrescente";"Céu Claro";"Dupla";"Reta";"Sim";2;0;2;0;0;0;2;2;-7,90938602;-34,90123228;"SPRF-PE";"DEL01-PE";"UOP02-DEL01-PE"
372127;2021-07-18;"domingo";"21:30:00";"RJ";493;25;"MAGE";"Ingestão de álcool pelo condutor";"Colisão lateral sentido oposto";"Sem Vítimas";"Plena Noite";"Crescente";"Nublado";"Simples";"Reta";"Não";2;0;0;0;2;0;0;2;-22,65788388;-43,079654;"SPRF-RJ";"DEL04-RJ";"UOP02-DEL04-RJ"
372129;2021-07-22;"quinta-feira";"07:40:00";"BA";101;715;"EUNAPOLIS";"Ausência de reação do condutor";"Colisão transversal";"Com Vítimas Feridas";"Pleno dia";"Crescente";"Céu Claro";"Simples";"Declive";"Sim";2;0;1;0;1;0;1;2;-16,364126;-39,583657;"SPRF-BA";"DEL09-BA";"UOP01-DEL09-BA"
372130;2021-07-22;"quinta-feira";"08:30:00";"PE";423;95;"GARANHUNS";"Condutor deixou de manter distância do veículo da frente";"Colisão traseira";"Sem Vítimas";"Pleno dia";"Crescente";"Nublado";"Simples";"Reta";"Sim";2;0;0;0;2;0;0;2;-8,87891989;-36,47796305;"SPRF-PE";"DEL03-PE";"UOP01-DEL03-PE"
372131;2021-07-22;"quinta-feira";"08:20:00";"SC";101;121,9;"ITAJAI";"Manobra de mudança de faixa";"Colisão lateral mesmo sentido";"Com Vítimas Feridas";"Pleno dia";"Crescente";"Sol";"Dupla";"Reta";"Sim";3;0;1;0;2;0;1;2;-26,92103178;-48,70856446;"SPRF-SC";"DEL04-SC";"UOP04-DEL04-SC"
372133;2021-07-22;"quinta-feira";"08:00:00";"BA";116;7,6;"VITORIA DA CONQUISTA";"Desrespeitar a preferência no cruzamento";"Colisão transversal";"Com Vítimas Feridas";"Pleno dia";"Crescente";"Céu Claro";"Simples";"Reta";"Não";3;0;0;1;2;0;1;3;-14,84271;-40,88861;"SPRF-BA";"DEL08-BA";"UOP01-DEL08-BA"
372134;2021-07-06;"terça-feira";"11:25:00";"GO";153;497,1;"GOIANIA";"Reação tardia ou ineficiente do condutor";"Queda de ocupante de veículo";"Com Vítimas Feridas";"Pleno dia";"Crescente";"Sol";"Dupla";"Reta";"Sim";1;0;1;0;0;0;1;1;-16,6854;-49,2338;"SPRF-GO";"DEL01-GO";"UOP01-DEL01-GO"
372135;2021-07-22;"quinta-feira";"08:15:00";"PE";101;69;"RECIFE";"Trafegar com motocicleta (ou similar) entre as faixas";"Colisão lateral mesmo sentido";"Com Vítimas Feridas";"Pleno dia";"Decrescente";"Céu Claro";"Dupla";"Viaduto";"Sim";2;0;1;0;1;0;1;2;-8,052406;-34,946173;"SPRF-PE";"DEL01-PE";"UOP01-DEL01-PE"
372136;2021-07-22;"quinta-feira";"08:30:00";"PE";101;64,5;"RECIFE";"Pedestre cruzava a pista fora da faixa";"Atropelamento de Pedestre";"Com Vítimas Feridas";"Pleno dia";"Crescente";"Céu Claro";"Dupla";"Reta";"Sim";2;0;0;1;1;0;1;2;-8,02046;-34,942649;"SPRF-PE";"DEL01-PE";"UOP01-DEL01-PE"
372137;2021-06-19;"sábado";"08:15:00";"MT";70;540;"VARZEA GRANDE";"Ultrapassagem Indevida";"Colisão lateral mesmo sentido";"Com Vítimas Feridas";"Pleno dia";"Crescente";"Céu Claro";"Simples";"Reta";"Não";3;0;1;0;2;0;1;2;-15,65911476;-56,2174371;"SPRF-MT";"DEL03-MT";"UOP02-DEL03-MT"
372139;2021-07-22;"quinta-feira";"07:50:00";"SC";101;136,2;"BALNEARIO CAMBORIU";"Transitar no acostamento";"Colisão lateral mesmo sentido";"Com Vítimas Feridas";"Pleno dia";"Crescente";"Céu Claro";"Dupla";"Reta";"Sim";2;0;1;0;1;0;1;2;-27,008113;-48,617245;"SPRF-SC";"DEL04-SC";"UOP03-DEL04-SC"
372144;2021-07-22;"quinta-feira";"06:45:00";"PI";343;290;"ALTOS";"Acessar a via sem observar a presença dos outros veículos";"Colisão transversal";"Com Vítimas Fatais";"Amanhecer";"Crescente";"Céu Claro";"Dupla";"Reta";"Não";2;1;0;0;0;1;0;2;-4,950524;-42,344837;"SPRF-PI";"DEL01-PI";"UOP03-DEL01-PI"
372145;2021-07-22;"quinta-feira";"09:20:00";"AL";101;230,2;"PORTO REAL DO COLEGIO";"Conversão proibida";"Colisão transversal";"Com Vítimas Feridas";"Pleno dia";"Decrescente";"Céu Claro";"Dupla";"Reta";"Não";2;0;0;1;1;0;1;2;-10,12025193;-36,73392699;"SPRF-AL";"DEL02-AL";"UOP02-DEL02-AL"
372147;2021-07-22;"quinta-feira";"07:10:00";"BA";367;23;"PORTO SEGURO";"Transitar na contramão";"Colisão frontal";"Com Vítimas Feridas";"Pleno dia";"Crescente";"Sol";"Simples";"Reta";"Sim";3;0;1;0;0;2;1;2;-16,43517732;-39,07201198;"SPRF-BA";"DEL09-BA";"UOP01-DEL09-BA"
372148;2021-07-22;"quinta-feira";"07:00:00";"ES";101;268;"SERRA";"Manobra de mudança de faixa";"Colisão lateral mesmo sentido";"Com Vítimas Feridas";"Pleno dia";"Crescente";"Céu Claro";"Dupla";"Reta";"Sim";2;0;1;0;1;0;1;2;-20,20842;-40,269405;"SPRF-ES";"DEL02-ES";"UOP01-DEL02-ES"
372149;2021-07-22;"quinta-feira";"09:15:00";"PR";116;124,4;"FAZENDA RIO GRANDE";"Reação tardia ou ineficiente do condutor";"Saída de leito carroçável";"Com Vítimas Feridas";"Pleno dia";"Crescente";"Sol";"Dupla";"Reta";"Sim";2;0;1;0;1;0;1;1;-25,58620703;-49,31436887;"SPRF-PR";"DEL01-PR";"UOP03-DEL01-PR"
372151;2021-07-22;"quinta-feira";"10:30:00";"PR";376;622;"SAO JOSE DOS PINHAIS";"Condutor deixou de manter distância do veículo da frente";"Engavetamento";"Com Vítimas Feridas";"Pleno dia";"Decrescente";"Sol";"Dupla";"Reta";"Não";4;0;1;0;3;0;1;3;-25,62623389;-49,16547575;"SPRF-PR";"DEL01-PR";"UOP04-DEL01-PR"
372152;2021-07-10;"sábado";"17:55:00";"MS";60;576;"GUIA LOPES DA LAGUNA";"Animais na Pista";"Atropelamento de Animal";"Com Vítimas Feridas";"Anoitecer";"Decrescente";"Céu Claro";"Simples";"Reta";"Não";2;0;0;1;0;1;1;2;-21,395;-56,034;"SPRF-MS";"DEL05-MS";"UOP01-DEL05-MS"
372154;2021-07-22;"quinta-feira";"11:15:00";"SC";282;5;"SAO JOSE";"Condutor deixou de manter distância do veículo da frente";"Colisão traseira";"Com Vítimas Feridas";"Pleno dia";"Crescente";"Sol";"Dupla";"Reta";"Sim";2;0;1;0;1;0;1;2;-27,588425;-48,612919;"SPRF-SC";"DEL01-SC";"UOP01-DEL01-SC"
372155;2021-07-13;"terça-feira";"12:30:00";"MS";463;100;"PONTA PORA";"Condutor Dormindo";"Saída de leito carroçável";"Com Vítimas Feridas";"Pleno dia";"Decrescente";"Céu Claro";"Simples";"Reta";"Não";1;0;0;1;0;0;1;1;-22,62086128;-55,61520288;"SPRF-MS";"DEL04-MS";"UOP03-DEL04-MS"
372157;2021-07-21;"quarta-feira";"19:00:00";"BA";324;205;"OUROLANDIA";"Ausência de reação do condutor";"Colisão traseira";"Com Vítimas Feridas";"Plena Noite";"Crescente";"Nublado";"Simples";"Reta";"Sim";2;0;0;1;0;1;1;2;-10,81917;-41,21236;"SPRF-BA";"DEL04-BA";"UOP02-DEL04-BA"
372162;2021-04-05;"segunda-feira";"06:50:00";"PR";369;177;"ROLANDIA";"Ausência de reação do condutor";"Colisão transversal";"Com Vítimas Feridas";"Amanhecer";"Decrescente";"Ignorado";"Simples";"Reta";"Sim";1;0;0;1;0;0;1;1;-23,34422625;-51,38678302;"SPRF-PR";"DEL07-PR";"UOP01-DEL07-PR"
372163;2021-07-22;"quinta-feira";"10:40:00";"MG";381;652;"SANTO ANTONIO DO AMPARO";"Velocidade Incompatível";"Saída de leito carroçável";"Com Vítimas Feridas";"Pleno dia";"Crescente";"Céu Claro";"Dupla";"Reta";"Não";1;0;0;1;0;0;1;1;-20,98384831;-44,94479972;"SPRF-MG";"DEL04-MG";"UOP02-DEL04-MG"
372164;2021-07-22;"quinta-feira";"12:10:00";"ES";101;143;"LINHARES";"Demais falhas mecânicas ou elétricas";"Queda de ocupante de veículo";"Com Vítimas Feridas";"Pleno dia";"Crescente";"Sol";"Dupla";"Reta";"Sim";1;0;1;0;0;0;1;1;-19,34286596;-40,0638568;"SPRF-ES";"DEL04-ES";"UOP01-DEL04-ES"
372165;2021-07-22;"quinta-feira";"13:40:00";"PR";476;131;"CURITIBA";"Velocidade Incompatível";"Capotamento";"Sem Vítimas";"Pleno dia";"Crescente";"Céu Claro";"Dupla";"Curva";"Sim";1;0;0;0;1;0;0;1;-25,453636;-49,245155;"SPRF-PR";"DEL01-PR";"UOP03-DEL01-PR"
372169;2021-07-12;"segunda-feira";"18:20:00";"PR";277;578,6;"CASCAVEL";"Acessar a via sem observar a presença dos outros veículos";"Colisão lateral mesmo sentido";"Com Vítimas Feridas";"Anoitecer";"Decrescente";"Céu Claro";"Simples";"Reta";"Não";5;0;4;0;1;0;4;2;-24,98385591;-53,34955899;"SPRF-PR";"DEL04-PR";"UOP01-DEL04-PR"
372172;2021-07-22;"quinta-feira";"13:50:00";"RJ";116;78;"TERESOPOLIS";"Frear bruscamente";"Colisão traseira";"Com Vítimas Feridas";"Pleno dia";"Decrescente";"Céu Claro";"Simples";"Reta";"Não";2;0;1;0;1;0;1;2;-22,37408687;-42,95260496;"SPRF-RJ";"DEL04-RJ";"UOP01-DEL04-RJ"
372175;2021-07-22;"quinta-feira";"14:00:00";"SC";101;214;"PALHOCA";"Mal súbito do condutor";"Colisão traseira";"Com Vítimas Feridas";"Pleno dia";"Decrescente";"Céu Claro";"Dupla";"Reta";"Sim";2;0;1;0;1;0;1;2;-27,64443;-48,67057;"SPRF-SC";"DEL01-SC";"UOP02-DEL01-SC"
372176;2021-07-22;"quinta-feira";"09:10:00";"RO";364;341;"JI-PARANA";"Manobra de mudança de faixa";"Tombamento";"Com Vítimas Feridas";"Pleno dia";"Decrescente";"Sol";"Dupla";"Ponte;Reta";"Sim";1;0;1;0;0;0;1;1;-10,88271799;-61,93936994;"SPRF-RO";"DEL02-RO";"UOP01-DEL02-RO"
372180;2021-07-22;"quinta-feira";"11:20:00";"MG";356;269;"MURIAE";"Desrespeitar a preferência no cruzamento";"Colisão transversal";"Com Vítimas Feridas";"Pleno dia";"Crescente";"Sol";"Simples";"Interseção de Vias";"Sim";3;0;1;0;2;0;1;2;-21,12686964;-42,34066855;"SPRF-MG";"DEL07-MG";"UOP02-DEL07-MG"
372181;2021-07-22;"quinta-feira";"11:15:00";"SC";470;45;"GASPAR";"Desrespeitar a preferência no cruzamento";"Colisão transversal";"Com Vítimas Feridas";"Pleno dia";"Decrescente";"Céu Claro";"Simples";"Reta";"Não";2;0;1;0;1;0;1;2;-26,867064;-49,031109;"SPRF-SC";"DEL04-SC";"UOP01-DEL04-SC"
372185;2021-07-22;"quinta-feira";"14:05:00";"PR";277;723,4;"FOZ DO IGUACU";"Manobra de mudança de faixa";"Colisão lateral mesmo sentido";"Com Vítimas Feridas";"Pleno dia";"Decrescente";"Céu Claro";"Dupla";"Reta";"Sim";3;0;2;0;1;0;2;2;-25,500365;-54,533449;"SPRF-PR";"DEL05-PR";"UOP03-DEL05-PR"
372193;2021-07-22;"quinta-feira";"14:55:00";"CE";222;2;"FORTALEZA";"Reação tardia ou ineficiente do condutor";"Colisão traseira";"Sem Vítimas";"Pleno dia";"Crescente";"Céu Claro";"Dupla";"Reta";"Sim";3;0;0;0;1;2;0;3;-3,73914;-38,5894;"SPRF-CE";"DEL01-CE";"UOP01-DEL01-CE"
372194;2021-07-22;"quinta-feira";"15:00:00";"AL";316;57,2;"MARAVILHA";"Pista esburacada";"Colisão lateral sentido oposto";"Sem Vítimas";"Pleno dia";"Decrescente";"Céu Claro";"Simples";"Reta";"Não";4;0;0;0;4;0;0;3;-9,23267987;-37,45370192;"SPRF-AL";"DEL03-AL";"UOP02-DEL03-AL"
372195;2021-07-22;"quinta-feira";"14:10:00";"PR";163;247;"TOLEDO";"Transitar na contramão";"Colisão frontal";"Com Vítimas Feridas";"Pleno dia";"Crescente";"Céu Claro";"Simples";"Reta";"Não";6;0;4;0;2;0;4;2;-24,70711017;-53,7225008;"SPRF-PR";"DEL06-PR";"UOP02-DEL06-PR"
372196;2021-07-22;"quinta-feira";"12:00:00";"PB";104;193,9;"ALCANTIL";"Entrada inopinada do pedestre";"Atropelamento de Pedestre";"Com Vítimas Fatais";"Pleno dia";"Decrescente";"Céu Claro";"Simples";"Reta";"Não";2;1;0;0;1;0;0;2;-7,74573276;-36,08372943;"SPRF-PB";"DEL02-PB";"UOP03-DEL02-PB"
372197;2021-07-22;"quinta-feira";"08:30:00";"BA";324;415;"NOVA FATIMA";"Obstrução na via";"Colisão transversal";"Com Vítimas Feridas";"Pleno dia";"Crescente";"Céu Claro";"Simples";"Reta";"Não";2;0;1;1;0;0;2;2;-11,6753387;-39,55780965;"SPRF-BA";"DEL04-BA";"UOP02-DEL04-BA"
372199;2021-06-24;"quinta-feira";"18:00:00";"RS";116;2,6;"PORTO ALEGRE";"Condutor deixou de manter distância do veículo da frente";"Colisão lateral mesmo sentido";"Com Vítimas Feridas";"Plena Noite";"Decrescente";"Céu Claro";"Dupla";"Reta";"Sim";2;0;1;0;1;0;1;2;-30,033535;-51,230453;"SPRF-RS";"DEL01-RS";"UOP01-DEL01-RS"
372200;2021-07-22;"quinta-feira";"16:50:00";"PB";230;17;"JOAO PESSOA";"Ingestão de álcool pelo condutor";"Colisão traseira";"Sem Vítimas";"Pleno dia";"Crescente";"Nublado";"Dupla";"Curva";"Sim";2;0;0;0;2;0;0;2;-7,11839092;-34,8444593;"SPRF-PB";"DEL01-PB";"UOP01-DEL01-PB"
372202;2021-07-22;"quinta-feira";"15:00:00";"CE";222;314,9;"TIANGUA";"Problema com o freio";"Saída de leito carroçável";"Com Vítimas Feridas";"Pleno dia";"Crescente";"Céu Claro";"Simples";"Reta";"Sim";2;0;2;0;0;0;2;1;-3,73110045;-41,00095099;"SPRF-CE";"DEL04-CE";"UOP02-DEL04-CE"
372204;2021-07-22;"quinta-feira";"16:40:00";"PR";476;136,9;"CURITIBA";"Reação tardia ou ineficiente do condutor";"Saída de leito carroçável";"Sem Vítimas";"Plena Noite";"Decrescente";"Nublado";"Múltipla";"Reta";"Sim";2;0;0;0;1;1;0;2;-25,491047;-49,271679;"SPRF-PR";"DEL01-PR";"UOP03-DEL01-PR"
372205;2021-07-22;"quinta-feira";"17:45:00";"MG";40;530;"CONTAGEM";"Ausência de reação do condutor";"Colisão traseira";"Sem Vítimas";"Plena Noite";"Decrescente";"Céu Claro";"Dupla";"Curva";"Sim";2;0;0;0;2;0;0;2;-19,92064782;-44,0335681;"SPRF-MG";"DEL01-MG";"UOP02-DEL01-MG"
372206;2021-07-22;"quinta-feira";"17:55:00";"RS";116;149,3;"CAXIAS DO SUL";"Manobra de mudança de faixa";"Colisão lateral mesmo sentido";"Com Vítimas Feridas";"Anoitecer";"Crescente";"Céu Claro";"Dupla";"Declive";"Sim";3;0;1;0;2;0;1;3;-29,15996905;-51,15645292;"SPRF-RS";"DEL05-RS";"UOP01-DEL05-RS"
372207;2021-06-13;"domingo";"20:15:00";"MG";40;355;"FELIXLANDIA";"Conversão proibida";"Colisão transversal";"Com Vítimas Feridas";"Plena Noite";"Decrescente";"Céu Claro";"Simples";"Reta";"Não";5;0;5;0;0;0;5;1;-18,72999125;-44,89215101;"SPRF-MG";"DEL02-MG";"UOP01-DEL02-MG"
372209;2021-07-22;"quinta-feira";"15:00:00";"MT";174;523;"COMODORO";"Objeto estático sobre o leito carroçável";"Saída de leito carroçável";"Com Vítimas Feridas";"Pleno dia";"Crescente";"Céu Claro";"Simples";"Reta";"Não";1;0;1;0;0;0;1;1;-13,33693002;-59,87439008;"SPRF-MT";"DEL04-MT";"UOP01-DEL04-MT"
372212;2021-07-22;"quinta-feira";"18:00:00";"PR";277;4;"FOZ DO IGUACU";"Reação tardia ou ineficiente do condutor";"Colisão traseira";"Com Vítimas Feridas";"Anoitecer";"Crescente";"Céu Claro";"Dupla";"Interseção de Vias";"Sim";2;0;1;0;1;0;1;2;-25,5469;-54,5882;"SPRF-PR";"DEL05-PR";"UOP03-DEL05-PR"
372214;2021-07-22;"quinta-feira";"18:30:00";"GO";153;496,2;"GOIANIA";"Acessar a via sem observar a presença dos outros veículos";"Colisão traseira";"Com Vítimas Feridas";"Plena Noite";"Crescente";"Céu Claro";"Dupla";"Interseção de Vias";"Sim";2;0;1;0;1;0;1;2;-16,6776;-49,2314;"SPRF-GO";"DEL01-GO";"UOP01-DEL01-GO"
372215;2021-07-22;"quinta-feira";"18:40:00";"MG";381;515,5;"IGARAPE";"Ingestão de álcool pelo condutor";"Saída de leito carroçável";"Com Vítimas Feridas";"Plena Noite";"Decrescente";"Céu Claro";"Dupla";"Declive;Reta";"Não";1;0;1;0;0;0;1;1;-20,094081;-44,315032;"SPRF-MG";"DEL01-MG";"UOP03-DEL01-MG"
372217;2021-07-22;"quinta-feira";"18:40:00";"DF";20;57;"BRASILIA";"Reação tardia ou ineficiente do condutor";"Colisão traseira";"Com Vítimas Feridas";"Plena Noite";"Crescente";"Céu Claro";"Dupla";"Aclive";"Não";3;0;1;0;2;0;1;2;-15,58451383;-47,35570908;"SPRF-DF";"DEL02-DF";"UOP01-DEL02-DF"
372220;2021-07-22;"quinta-feira";"19:50:00";"BA";324;616;"SALVADOR";"Chuva";"Engavetamento";"Sem Vítimas";"Plena Noite";"Crescente";"Chuva";"Dupla";"Reta";"Não";4;0;0;0;4;0;0;4;-12,87957905;-38,43213893;"SPRF-BA";"DEL01-BA";"UOP01-DEL01-BA"
372221;2021-02-24;"quarta-feira";"15:00:00";"RN";406;151,7;"CEARA-MIRIM";"Acessar a via sem observar a presença dos outros veículos";"Colisão transversal";"Com Vítimas Feridas";"Pleno dia";"Decrescente";"Sol";"Simples";"Curva";"Sim";3;0;2;0;1;0;2;2;-5,65094554;-35,42341594;"SPRF-RN";"DEL02-RN";"UOP01-DEL02-RN"
372223;2021-07-22;"quinta-feira";"10:45:00";"MG";50;174;"UBERABA";"Reação tardia ou ineficiente do condutor";"Queda de ocupante de veículo";"Com Vítimas Feridas";"Pleno dia";"Decrescente";"Céu Claro";"Dupla";"Interseção de Vias";"Não";2;0;0;1;0;1;1;2;-19,770817;-47,973434;"SPRF-MG";"DEL13-MG";"UOP01-DEL13-MG"
372225;2021-07-22;"quinta-feira";"19:20:00";"SE";101;39,7;"CAPELA";"Demais falhas mecânicas ou elétricas";"Incêndio";"Sem Vítimas";"Plena Noite";"Decrescente";"Céu Claro";"Dupla";"Aclive;Reta";"Não";2;0;0;0;2;0;0;1;-10,517972;-36,950147;"SPRF-SE";"DEL02-SE";"UOP02-DEL02-SE"
372227;2021-07-22;"quinta-feira";"18:05:00";"PR";277;729,7;"FOZ DO IGUACU";"Área urbana sem a presença de local apropriado para a travessia de pedestres";"Atropelamento de Pedestre";"Com Vítimas Feridas";"Pleno dia";"Crescente";"Céu Claro";"Dupla";"Curva";"Sim";2;0;2;0;0;0;2;2;-25,506305;-54,590366;"SPRF-PR";"DEL05-PR";"UOP03-DEL05-PR"
372228;2021-07-22;"quinta-feira";"16:50:00";"PE";101;69,3;"RECIFE";"Demais Fenômenos da natureza";"Atropelamento de Pedestre";"Com Vítimas Feridas";"Anoitecer";"Decrescente";"Nublado";"Múltipla";"Reta";"Sim";4;0;3;0;1;0;3;2;-8,064128;-34,941816;"SPRF-PE";"DEL01-PE";"UOP01-DEL01-PE"
372231;2021-07-22;"quinta-feira";"18:30:00";"PR";467;102,5;"CASCAVEL";"Manobra de mudança de faixa";"Saída de leito carroçável";"Com Vítimas Feridas";"Plena Noite";"Crescente";"Céu Claro";"Dupla";"Curva";"Não";2;0;1;0;1;0;1;2;-24,9036;-53,5184;"SPRF-PR";"DEL04-PR";"UOP01-DEL04-PR"
372232;2021-07-22;"quinta-feira";"20:45:00";"PE";101;72;"RECIFE";"Condutor deixou de manter distância do veículo da frente";"Colisão traseira";"Com Vítimas Feridas";"Plena Noite";"Decrescente";"Céu Claro";"Dupla";"Reta";"Sim";4;0;1;0;3;0;1;2;-8,08493106;-34,9450639;"SPRF-PE";"DEL01-PE";"UOP01-DEL01-PE"