"id";"data_inversa";"dia_semana";"horario";"uf";"br";"km";"municipio";"causa_acidente";"tipo_acidente";"classificacao_acidente";"fase_dia";"sentido_via";"condicao_metereologica";"tipo_pista";"tracado_via";"uso_solo";"pessoas";"mortos";"feridos_leves";"feridos_graves";"ilesos";"ignorados";"feridos";"veiculos";"latitude";"longitude";"regional";"delegacia";"uop"
372487;2021-07-23;"sexta-feira";"09:00:00";"CE";116;63;"CHOROZINHO";"Pista Escorregadia";"Queda de ocupante de veículo";"Com Vítimas Feridas";"Pleno dia";"Decrescente";"Céu Claro";"Simples";"Reta";"Não";1;0;0;1;0;0;1;1;-4,27263318;-38,49159144;"SPRF-CE";"DEL03-CE";"UOP02-DEL03-CE"
372490;2021-07-24;"sábado";"03:00:00";"PE";232;256,9;"ARCOVERDE";"Condutor deixou de manter distância do veículo da frente";"Colisão traseira";"Com Vítimas Feridas";"Plena Noite";"Decrescente";"Céu Claro";"Simples";"Reta";"Não";6;0;4;1;0;1;5;2;-8,408928;-37,10183;"SPRF-PE";"DEL03-PE";"UOP02-DEL03-PE"
372492;2021-07-24;"sábado";"03:00:00";"RS";158;550;"SANTANA DO LIVRAMENTO";"Ingestão de substâncias psicoativas pelo condutor";"Saída de leito carroçável";"Sem Vítimas";"Plena Noite";"Crescente";"Nevoeiro/Neblina";"Simples";"Curva";"Não";2;0;0;0;2;0;0;1;-30,83039397;-55,36557401;"SPRF-RS";"DEL11-RS";"UOP01-DEL11-RS"
372494;2021-07-24;"sábado";"04:10:00";"PB";230;336,1;"PATOS";"Animais na Pista";"Atropelamento de Animal";"Com Vítimas Fatais";"Amanhecer";"Crescente";"Céu Claro";"Simples";"Reta";"Não";1;1;0;0;0;0;0;1;-7,0103;-37,2748;"SPRF-PB";"DEL03-PB";"UOP01-DEL03-PB"
372495;2021-07-24;"sábado";"04:30:00";"BA";235;350;"JUAZEIRO";"Ingestão de álcool pelo condutor";"Colisão traseira";"Com Vítimas Fatais";"Plena Noite";"Decrescente";"Nublado";"Dupla";"Reta";"Sim";3;1;0;1;1;0;1;2;-9,42503135;-40,50388907;"SPRF-PE";"DEL06-PE";"UOP01-DEL06-PE"
372497;2021-07-24;"sábado";"05:10:00";"SC";470;36,6;"GASPAR";"Ingestão de álcool pelo condutor";"Colisão com objeto";"Com Vítimas Feridas";"Plena Noite";"Decrescente";"Céu Claro";"Simples";"Em Obras;Curva";"Não";1;0;1;0;0;0;1;1;-26,91322039;-48,9776631;"SPRF-SC";"DEL04-SC";"UOP01-DEL04-SC"
372502;2021-07-24;"sábado";"05:00:00";"ES";101;304,8;"VIANA";"Ingestão de álcool pelo condutor";"Colisão com objeto";"Sem Vítimas";"Amanhecer";"Decrescente";"Céu Claro";"Múltipla";"Viaduto";"Sim";1;0;0;0;1;0;0;1;-20,3800645;-40,45431391;"SPRF-ES";"DEL01-ES";"UOP01-DEL01-ES"
372503;2021-07-24;"sábado";"04:00:00";"SC";470;153,2;"AGRONOMICA";"Reação tardia ou ineficiente do condutor";"Colisão lateral sentido oposto";"Com Vítimas Feridas";"Amanhecer";"Crescente";"Nublado";"Simples";"Curva";"Não";3;0;1;0;0;2;1;3;-27,27656418;-49,74133015;"SPRF-SC";"DEL04-SC";"UOP02-DEL04-SC"
372504;2021-07-24;"sábado";"05:50:00";"RS";158;329;"SANTA MARIA";"Reação tardia ou ineficiente do condutor";"Saída de leito carroçável";"Com Vítimas Feridas";"Amanhecer";"Crescente";"Céu Claro";"Simples";"Curva";"Sim";2;0;1;0;1;0;1;1;-29,70656383;-53,82849988;"SPRF-RS";"DEL09-RS";"UOP01-DEL09-RS"
372505;2021-07-24;"sábado";"06:30:00";"PE";232;61,7;"POMBOS";"Avarias e/ou desgaste excessivo no pneu";"Queda de ocupante de veículo";"Com Vítimas Feridas";"Pleno dia";"Crescente";"Céu Claro";"Dupla";"Reta";"Não";2;0;1;0;1;0;1;1;-8,1519066;-35,4153532;"SPRF-PE";"DEL02-PE";"UOP02-DEL02PE"
372507;2021-07-24;"sábado";"06:00:00";"MG";40;546;"NOVA LIMA";"Reação tardia ou ineficiente do condutor";"Colisão traseira";"Com Vítimas Feridas";"Pleno dia";"Crescente";"Céu Claro";"Dupla";"Curva;Aclive";"Sim";4;0;3;0;1;0;3;2;-20,01444685;-43,96893823;"SPRF-MG";"DEL01-MG";"UOP02-DEL01-MG"
372508;2021-07-24;"sábado";"06:05:00";"SC";101;120,7;"ITAJAI";"Ingestão de álcool pelo condutor";"Saída de leito carroçável";"Sem Vítimas";"Amanhecer";"Decrescente";"Nublado";"Dupla";"Reta";"Não";1;0;0;0;1;0;0;1;-26,912758;-48,711998;"SPRF-SC";"DEL04-SC";"UOP04-DEL04-SC"
372509;2021-07-24;"sábado";"05:10:00";"RO";364;344;"JI-PARANA";"Ingestão de álcool pelo condutor";"Colisão traseira";"Com Vítimas Feridas";"Amanhecer";"Crescente";"Céu Claro";"Múltipla";"Reta;Interseção de Vias";"Sim";3;0;2;0;1;0;2;2;-10,87376391;-61,95256893;"SPRF-RO";"DEL02-RO";"UOP01-DEL02-RO"
372510;2021-07-24;"sábado";"06:15:00";"SP";116;116;"TAUBATE";"Entrada inopinada do pedestre";"Atropelamento de Pedestre";"Com Vítimas Feridas";"Amanhecer";"Decrescente";"Céu Claro";"Dupla";"Reta";"Sim";3;0;0;1;1;1;1;2;-23,05376319;-45,6088049;"SPRF-SP";"DEL02-SP";"UOP02-DEL02-SP"
372511;2021-07-24;"sábado";"05:30:00";"RJ";465;7;"SEROPEDICA";"Acostamento em desnível";"Colisão frontal";"Com Vítimas Feridas";"Amanhecer";"Decrescente";"Céu Claro";"Simples";"Reta";"Sim";1;0;1;0;0;0;1;1;-22,761377;-43,686352;"SPRF-RJ";"DEL01-RJ";"UOP03-DEL01-RJ"
372512;2021-07-24;"sábado";"06:00:00";"SP";116;273;"TABOAO DA SERRA";"Ingestão de álcool pelo condutor";"Colisão frontal";"Com Vítimas Feridas";"Amanhecer";"Decrescente";"Céu Claro";"Simples";"Viaduto";"Não";5;0;0;1;4;0;1;4;-23,62809795;-46,81870306;"SPRF-SP";"DEL04-SP";"UOP01-DEL04-SP"
372513;2021-07-24;"sábado";"07:10:00";"SC";470;33,1;"GASPAR";"Reação tardia ou ineficiente do condutor";"Saída de leito carroçável";"Com Vítimas Feridas";"Pleno dia";"Crescente";"Sol";"Dupla";"Reta";"Sim";5;0;4;1;0;0;5;1;-26,906223;-48,940575;"SPRF-SC";"DEL04-SC";"UOP01-DEL04-SC"
372515;2021-07-24;"sábado";"06:00:00";"RS";470;218;"BENTO GONCALVES";"Ausência de reação do condutor";"Colisão traseira";"Sem Vítimas";"Plena Noite";"Crescente";"Céu Claro";"Simples";"Declive;Curva";"Não";2;0;0;0;0;2;0;2;-29,18897377;-51,5220291;"SPRF-RS";"DEL06-RS";"UOP01-DEL06-RS"
372517;2021-07-24;"sábado";"07:50:00";"GO";153;505,9;"APARECIDA DE GOIANIA";"Reação tardia ou ineficiente do condutor";"Colisão traseira";"Com Vítimas Feridas";"Pleno dia";"Crescente";"Céu Claro";"Dupla";"Reta";"Não";2;0;1;0;1;0;1;2;-16,7537;-49,2411;"SPRF-GO";"DEL01-GO";"UOP01-DEL01-GO"
372518;2021-07-24;"sábado";"06:30:00";"BA";101;813;"ITAMARAJU";"Ultrapassagem Indevida";"Colisão frontal";"Com Vítimas Feridas";"Amanhecer";"Crescente";"Chuva";"Simples";"Reta";"Não";2;0;0;1;1;0;1;2;-17,20329325;-39,59856212;"SPRF-BA";"DEL09-BA";"UOP02-DEL09-BA"
372519;2021-07-24;"sábado";"03:10:00";"RJ";40;63;"PETROPOLIS";"Condutor Dormindo";"Colisão com objeto";"Sem Vítimas";"Plena Noite";"Crescente";"Céu Claro";"Dupla";"Reta";"Não";1;0;0;0;1;0;0;1;-22,41319517;-43,14970765;"SPRF-RJ";"DEL06-RJ";"UOP01-DEL06-RJ"
372520;2021-06-14;"segunda-feira";"11:00:00";"SC";101;113,3;"ITAJAI";"Demais Fenômenos da natureza";"Colisão com objeto";"Com Vítimas Feridas";"Pleno dia";"Crescente";"Ignorado";"Dupla";"Reta";"Sim";1;0;1;0;0;0;1;1;-26,85586805;-48,72736042;"SPRF-SC";"DEL04-SC";"UOP04-DEL04-SC"
372522;2021-07-24;"sábado";"05:50:00";"RJ";116;175;"RIO DE JANEIRO";"Reação tardia ou ineficiente do condutor";"Queda de ocupante de veículo";"Sem Vítimas";"Amanhecer";"Decrescente";"Céu Claro";"Múltipla";"Reta";"Sim";1;0;0;0;1;0;0;1;-22,78923555;-43,37275272;"SPRF-RJ";"DEL01-RJ";"UOP02-DEL01-RJ"
372524;2021-07-24;"sábado";"07:15:00";"RO";364;339;"JI-PARANA";"Velocidade Incompatível";"Colisão lateral mesmo sentido";"Com Vítimas Feridas";"Pleno dia";"Crescente";"Sol";"Dupla";"Reta";"Sim";2;0;1;1;0;0;2;2;-10,907816;-61,93017402;"SPRF-RO";"DEL02-RO";"UOP01-DEL02-RO"
372525;2021-07-24;"sábado";"07:10:00";"PR";376;589;"CURITIBA";"Condutor Dormindo";"Saída de leito carroçável";"Sem Vítimas";"Pleno dia";"Crescente";"Céu Claro";"Dupla";"Reta";"Sim";1;0;0;0;1;0;0;1;-25,44273905;-49,36419842;"SPRF-PR";"DEL01-PR";"UOP01-DEL01-PR"
372527;2021-07-24;"sábado";"06:25:00";"SC";282;414,9;"CATANDUVAS";"Condutor deixou de manter distância do veículo da frente";"Colisão traseira";"Sem Vítimas";"Plena Noite";"Decrescente";"Ignorado";"Simples";"Reta";"Não";2;0;0;0;2;0;0;2;-27,04714;-51,704704;"SPRF-SC";"DEL07-SC";"UOP05-DEL07-SC"
372528;2021-07-24;"sábado";"04:27:00";"BA";407;5;"JUAZEIRO";"Ingestão de álcool pelo condutor";"Colisão traseira";"Sem Vítimas";"Plena Noite";"Decrescente";"Nublado";"Simples";"Reta";"Sim";2;0;0;0;2;0;0;2;-9,44778544;-40,49043801;"SPRF-PE";"DEL06-PE";"UOP01-DEL06-PE"
372529;2021-06-18;"sexta-feira";"18:20:00";"PR";272;414,7;"JANIOPOLIS";"Chuva";"Colisão traseira";"Com Vítimas Feridas";"Plena Noite";"Decrescente";"Chuva";"Simples";"Reta";"Não";4;0;1;1;2;0;2;4;-24,133037;-52,828448;"SPRF-PR";"DEL09-PR";"UOP03-DEL09-PR"
372530;2021-07-24;"sábado";"05:30:00";"SC";101;126;"ITAJAI";"Ingestão de álcool pelo condutor";"Colisão traseira";"Com Vítimas Feridas";"Amanhecer";"Crescente";"Céu Claro";"Dupla";"Reta";"Não";2;0;1;0;1;0;1;2;-26,95564404;-48,67978366;"SPRF-SC";"DEL04-SC";"UOP04-DEL04-SC"
372531;2021-07-24;"sábado";"08:30:00";"RJ";40;111;"DUQUE DE CAXIAS";"Condutor deixou de manter distância do veículo da frente";"Colisão com objeto";"Com Vítimas Feridas";"Pleno dia";"Decrescente";"Sol";"Múltipla";"Reta";"Sim";1;0;1;0;0;0;1;1;-22,691868;-43,287453;"SPRF-RJ";"DEL01-RJ";"UOP01-DEL01-RJ"
372532;2021-07-24;"sábado";"08:50:00";"SC";101;222,7;"PALHOCA";"Reação tardia ou ineficiente do condutor";"Colisão com objeto";"Com Vítimas Feridas";"Pleno dia";"Crescente";"Céu Claro";"Dupla";"Reta;Declive";"Não";2;0;2;0;0;0;2;1;-27,71367907;-48,65022898;"SPRF-SC";"DEL01-SC";"UOP02-DEL01-SC"
372533;2021-07-24;"sábado";"08:00:00";"PR";116;125,4;"FAZENDA RIO GRANDE";"Ingestão de substâncias psicoativas pelo condutor";"Saída de leito carroçável";"Sem Vítimas";"Pleno dia";"Crescente";"Nevoeiro/Neblina";"Dupla";"Reta";"Sim";2;0;0;0;2;0;0;1;-25,634307;-49,313387;"SPRF-PR";"DEL01-PR";"UOP03-DEL01-PR"
372537;2021-07-24;"sábado";"06:46:00";"TO";153;396;"RIO DOS BOIS";"Demais falhas mecânicas ou elétricas";"Saída de leito carroçável";"Com Vítimas Fatais";"Amanhecer";"Crescente";"Céu Claro";"Simples";"Declive";"Não";2;1;0;0;0;1;0;2;-9,37595898;-48,55800703;"SPRF-TO";"DEL02-TO";"UOP01-DEL02-TO"
372540;2021-07-24;"sábado";"08:44:00";"MG";381;639,9;"SANTO ANTONIO DO AMPARO";"Condutor Dormindo";"Saída de leito carroçável";"Com Vítimas Feridas";"Pleno dia";"Crescente";"Céu Claro";"Dupla";"Curva";"Não";3;0;1;2;0;0;3;1;-20,91429316;-44,86508575;"SPRF-MG";"DEL04-MG";"UOP01-DEL04-MG"
372541;2021-07-24;"sábado";"10:00:00";"ES";101;301,8;"VIANA";"Condutor deixou de manter distância do veículo da frente";"Colisão traseira";"Com Vítimas Feridas";"Pleno dia";"Decrescente";"Céu Claro";"Dupla";"Reta";"Sim";3;0;2;0;1;0;2;2;-20,36278187;-40,4401343;"SPRF-ES";"DEL01-ES";"UOP01-DEL01-ES"
372542;2021-07-24;"sábado";"10:21:00";"SC";101;123;"ITAJAI";"Frear bruscamente";"Queda de ocupante de veículo";"Com Vítimas Feridas";"Pleno dia";"Crescente";"Céu Claro";"Dupla";"Viaduto";"Não";1;0;1;0;0;0;1;1;-26,93668609;-48,69876905;"SPRF-SC";"DEL04-SC";"UOP04-DEL04-SC"
372543;2021-07-24;"sábado";"09:40:00";"RJ";116;291;"BARRA MANSA";"Condutor deixou de manter distância do veículo da frente";"Colisão lateral mesmo sentido";"Com Vítimas Feridas";"Pleno dia";"Decrescente";"Sol";"Dupla";"Reta";"Sim";2;0;1;0;1;0;1;2;-22,47234102;-44,27715902;"SPRF-RJ";"DEL07-RJ";"UOP02-DEL07-RJ"
372544;2021-04-23;"sexta-feira";"08:20:00";"MG";40;699,9;"BARBACENA";"Manobra de mudança de faixa";"Colisão lateral mesmo sentido";"Com Vítimas Feridas";"Pleno dia";"Crescente";"Céu Claro";"Dupla";"Curva";"Sim";2;0;0;1;1;0;1;2;-21,20341777;-43,74948978;"SPRF-MG";"DEL05-MG";"UOP02-DEL05-MG"
372546;2021-07-23;"sexta-feira";"20:05:00";"BA";407;126;"SENHOR DO BONFIM";"Acessar a via sem observar a presença dos outros veículos";"Colisão transversal";"Sem Vítimas";"Plena Noite";"Decrescente";"Garoa/Chuvisco";"Simples";"Reta";"Sim";2;0;0;0;2;0;0;2;-10,4558193;-40,18119143;"SPRF-BA";"DEL04-BA";"UOP01-DEL04-BA"
372547;2021-07-24;"sábado";"10:40:00";"AL";424;104;"MARECHAL DEODORO";"Demais falhas na via";"Colisão com objeto";"Com Vítimas Feridas";"Pleno dia";"Decrescente";"Céu Claro";"Simples";"Curva";"Não";1;0;0;1;0;0;1;1;-9,67942191;-35,83214491;"SPRF-AL";"DEL02-AL";"UOP01-DEL02-AL"
372549;2021-07-24;"sábado";"10:40:00";"RS";392;343,4;"SANTA MARIA";"Condutor deixou de manter distância do veículo da frente";"Colisão traseira";"Com Vítimas Feridas";"Pleno dia";"Crescente";"Céu Claro";"Simples";"Reta";"Não";3;0;2;0;1;0;2;2;-29,79634608;-53,77914426;"SPRF-RS";"DEL09-RS";"UOP01-DEL09-RS"
372550;2021-07-24;"sábado";"10:15:00";"PR";163;283;"MARECHAL CANDIDO RONDON";"Condutor deixou de manter distância do veículo da frente";"Colisão traseira";"Sem Vítimas";"Pleno dia";"Crescente";"Céu Claro";"Simples";"Reta";"Sim";5;0;0;0;5;0;0;3;-24,56844605;-54,03007876;"SPRF-PR";"DEL06-PR";"UOP02-DEL06-PR"
372552;2021-07-24;"sábado";"11:00:00";"GO";60;57,8;"ABADIANIA";"Acessar a via sem observar a presença dos outros veículos";"Colisão traseira";"Com Vítimas Feridas";"Pleno dia";"Decrescente";"Céu Claro";"Dupla";"Reta";"Não";2;0;1;0;1;0;1;2;-16,1903;-48,679;"SPRF-GO";"DEL02-GO";"UOP01-DEL02-GO"
372553;2021-07-24;"sábado";"11:15:00";"SC";101;84;"BARRA VELHA";"Ingestão de álcool pelo condutor";"Colisão com objeto";"Sem Vítimas";"Pleno dia";"Decrescente";"Sol";"Dupla";"Reta";"Não";1;0;0;0;1;0;0;1;-26,62404682;-48,71394986;"SPRF-SC";"DEL03-SC";"UOP02-DEL03-SC"
372554;2021-07-24;"sábado";"10:50:00";"RJ";101;419;"MANGARATIBA";"Reação tardia ou ineficiente do condutor";"Engavetamento";"Com Vítimas Feridas";"Pleno dia";"Crescente";"Céu Claro";"Simples";"Declive;Reta";"Não";6;0;2;0;4;0;2;5;-22,91906028;-43,92250668;"SPRF-RJ";"DEL03-RJ";"UOP03-DEL03-RJ"
372555;2021-07-24;"sábado";"10:00:00";"SC";101;6,3;"GARUVA";"Ingestão de álcool e/ou substâncias psicoativas pelo pedestre";"Saída de leito carroçável";"Com Vítimas Feridas";"Pleno dia";"Crescente";"Céu Claro";"Dupla";"Reta";"Sim";4;0;1;0;3;0;1;1;-26,02692002;-48,86142017;"SPRF-SC";"DEL03-SC";"UOP01-DEL03-SC"
372556;2021-07-24;"sábado";"11:25:00";"SC";101;194;"BIGUACU";"Desrespeitar a preferência no cruzamento";"Queda de ocupante de veículo";"Com Vítimas Feridas";"Pleno dia";"Crescente";"Céu Claro";"Simples";"Viaduto";"Sim";3;0;1;0;1;1;1;3;-27,49815117;-48,65661236;"SPRF-SC";"DEL01-SC";"UOP01-DEL01-SC"
372557;2021-07-24;"sábado";"09:45:00";"MG";365;146,8;"PIRAPORA";"Acessar a via sem observar a presença dos outros veículos";"Colisão transversal";"Com Vítimas Feridas";"Pleno dia";"Decrescente";"Céu Claro";"Simples";"Interseção de Vias";"Não";2;0;0;2;0;0;2;2;-17,26133688;-44,84929511;"SPRF-MG";"DEL12-MG";"UOP01-DEL12-MG"
372558;2021-07-24;"sábado";"11:44:00";"SP";116;213;"GUARULHOS";"Demais falhas mecânicas ou elétricas";"Tombamento";"Com Vítimas Feridas";"Pleno dia";"Decrescente";"Céu Claro";"Dupla";"Reta";"Sim";2;0;2;0;0;0;2;1;-23,43971486;-46,43667806;"SPRF-SP";"DEL01-SP";"UOP01-DEL01-SP"
372559;2021-07-24;"sábado";"10:25:00";"RJ";116;165;"RIO DE JANEIRO";"Ingestão de álcool pelo condutor";"Colisão traseira";"Com Vítimas Feridas";"Pleno dia";"Decrescente";"Céu Claro";"Dupla";"Reta";"Não";2;0;1;0;1;0;1;2;-22,81548519;-43,29087405;"SPRF-RJ";"DEL01-RJ";"UOP01-DEL01-RJ"
372560;2021-06-02;"quarta-feira";"14:20:00";"MG";365;626;"UBERLANDIA";"Ausência de reação do condutor";"Tombamento";"Com Vítimas Feridas";"Pleno dia";"Crescente";"Sol";"Dupla";"Reta";"Sim";1;0;0;1;0;0;1;1;-18,90659356;-48,33469405;"SPRF-MG";"DEL15-MG";"UOP01-DEL15-MG"
372561;2021-07-24;"sábado";"10:40:00";"BA";116;824,8;"VITORIA DA CONQUISTA";"Condutor desrespeitou a iluminação vermelha do semáforo";"Colisão transversal";"Com Vítimas Feridas";"Pleno dia";"Decrescente";"Nublado";"Dupla";"Interseção de Vias";"Sim";2;0;1;0;1;0;1;2;-14,87010611;-40,85085869;"SPRF-BA";"DEL08-BA";"UOP01-DEL08-BA"
372562;2021-07-24;"sábado";"11:45:00";"RJ";101;72;"CAMPOS DOS GOYTACAZES";"Condutor Dormindo";"Saída de leito carroçável";"Com Vítimas Feridas";"Pleno dia";"Decrescente";"Céu Claro";"Simples";"Reta";"Sim";1;0;1;0;0;0;1;1;-21,79172802;-41,38837798;"SPRF-RJ";"DEL08-RJ";"UOP02-DEL08-RJ"
372563;2021-07-24;"sábado";"12:00:00";"RS";116;228;"DOIS IRMAOS";"Condutor deixou de manter distância do veículo da frente";"Colisão lateral mesmo sentido";"Com Vítimas Feridas";"Pleno dia";"Crescente";"Céu Claro";"Simples";"Reta;Aclive";"Não";2;0;1;0;1;0;1;2;-29,61425783;-51,12331646;"SPRF-RS";"DEL01-RS";"UOP02-DEL01-RS"
372565;2021-07-24;"sábado";"12:25:00";"PR";376;174;"MARINGA";"Ausência de reação do condutor";"Colisão traseira";"Com Vítimas Feridas";"Pleno dia";"Decrescente";"Céu Claro";"Dupla";"Declive;Reta";"Sim";3;0;3;0;0;0;3;2;-23,41430102;-51,94984299;"SPRF-PR";"DEL09-PR";"UOP01-DEL09-PR"
372566;2021-07-24;"sábado";"12:15:00";"GO";60;83;"ANAPOLIS";"Avarias e/ou desgaste excessivo no pneu";"Queda de ocupante de veículo";"Com Vítimas Feridas";"Pleno dia";"Decrescente";"Céu Claro";"Dupla";"Aclive;Reta";"Não";2;0;2;0;0;0;2;1;-16,3149;-48,846;"SPRF-GO";"DEL02-GO";"UOP01-DEL02-GO"
372567;2021-07-24;"sábado";"12:40:00";"CE";116;14;"FORTALEZA";"Manobra de mudança de faixa";"Colisão lateral mesmo sentido";"Com Vítimas Feridas";"Pleno dia";"Crescente";"Céu Claro";"Simples";"Reta";"Sim";2;0;1;0;1;0;1;2;-3,86973356;-38,49827361;"SPRF-CE";"DEL01-CE";"UOP02-DEL01-CE"
372568;2021-07-24;"sábado";"12:30:00";"SP";116;228;"SAO PAULO";"Manobra de mudança de faixa";"Colisão lateral mesmo sentido";"Com Vítimas Feridas";"Pleno dia";"Decrescente";"Céu Claro";"Múltipla";"Reta";"Não";2;0;1;0;1;0;1;2;-23,50343484;-46,56638712;"SPRF-SP";"DEL01-SP";"UOP01-DEL01-SP"
372569;2021-07-24;"sábado";"01:00:00";"SC";282;26,7;"SANTO AMARO DA IMPERATRIZ";"Condutor Dormindo";"Saída de leito carroçável";"Sem Vítimas";"Plena Noite";"Decrescente";"Céu Claro";"Simples";"Reta";"Sim";1;0;0;0;1;0;0;1;-27,680267;-48,762482;"SPRF-SC";"DEL01-SC";"UOP03-DEL01-SC"
372572;2021-07-24;"sábado";"12:20:00";"SP";381;34;"ATIBAIA";"Reação tardia ou ineficiente do condutor";"Colisão traseira";"Sem Vítimas";"Pleno dia";"Crescente";"Céu Claro";"Dupla";"Reta";"Não";1;0;0;0;1;0;0;1;-23,079939;-46,569862;"SPRF-SP";"DEL03-SP";"UOP01-DEL03-SP"
372573;2021-07-24;"sábado";"10:45:00";"RJ";101;327;"NITEROI";"Ausência de reação do condutor";"Colisão lateral mesmo sentido";"Com Vítimas Feridas";"Pleno dia";"Crescente";"Céu Claro";"Dupla";"Reta";"Não";2;0;1;0;1;0;1;2;-22,87292569;-43,13625699;"SPRF-RJ";"DEL02-RJ";"UOP02-DEL02-RJ"
372575;2021-07-24;"sábado";"12:30:00";"GO";40;9;"LUZIANIA";"Reação tardia ou ineficiente do condutor";"Colisão com objeto";"Com Vítimas Feridas";"Pleno dia";"Crescente";"Sol";"Dupla";"Reta";"Sim";1;0;1;0;0;0;1;1;-16,131158;-47,957739;"SPRF-DF";"DEL01-DF";"UOP01-DEL01-DF"
372577;2021-07-24;"sábado";"13:00:00";"DF";60;7,2;"BRASILIA";"Ingestão de álcool pelo condutor";"Saída de leito carroçável";"Com Vítimas Feridas";"Pleno dia";"Crescente";"Céu Claro";"Dupla";"Declive;Reta";"Sim";4;0;3;1;0;0;4;1;-15,9013;-48,1242;"SPRF-DF";"DEL03-DF";"UOP01-DEL03-DF"
372579;2021-07-24;"sábado";"12:50:00";"GO";70;452;"ARAGARCAS";"Acessar a via sem observar a presença dos outros veículos";"Colisão transversal";"Com Vítimas Feridas";"Pleno dia";"Crescente";"Céu Claro";"Simples";"Reta";"Não";5;0;5;0;0;0;5;2;-15,909066;-52,08452;"SPRF-GO";"DEL04-GO";"UOP01-DEL04-GO"
372581;2021-07-24;"sábado";"13:20:00";"SC";282;69;"RANCHO QUEIMADO";"Velocidade Incompatível";"Saída de leito carroçável";"Sem Vítimas";"Pleno dia";"Decrescente";"Céu Claro";"Simples";"Curva";"Não";1;0;0;0;1;0;0;1;-27,690144;-49,083813;"SPRF-SC";"DEL01-SC";"UOP03-DEL01-SC"
372582;2021-07-24;"sábado";"13:10:00";"RJ";116;105;"GUAPIMIRIM";"Ausência de reação do condutor";"Tombamento";"Com Vítimas Feridas";"Pleno dia";"Crescente";"Céu Claro";"Dupla";"Reta";"Não";1;0;0;1;0;0;1;1;-22,51502902;-43,00052292;"SPRF-RJ";"DEL04-RJ";"UOP02-DEL04-RJ"
372584;2021-07-24;"sábado";"13:10:00";"SC";101;206;"SAO JOSE";"Reação tardia ou ineficiente do condutor";"Colisão traseira";"Com Vítimas Feridas";"Pleno dia";"Decrescente";"Sol";"Múltipla";"Reta";"Sim";3;0;1;0;2;0;1;2;-27,59762724;-48,62033844;"SPRF-SC";"DEL01-SC";"UOP01-DEL01-SC"
372587;2021-07-24;"sábado";"08:00:00";"PR";277;8;"PARANAGUA";"Deficiência do Sistema de Iluminação/Sinalização";"Incêndio";"Sem Vítimas";"Pleno dia";"Decrescente";"Céu Claro";"Dupla";"Reta";"Não";1;0;0;0;1;0;0;1;-25,55235365;-48,66771698;"SPRF-PR";"DEL01-PR";"UOP05-DEL01-PR"
372588;2021-07-24;"sábado";"14:10:00";"MG";262;118;"RIO CASCA";"Ingestão de álcool pelo condutor";"Colisão traseira";"Sem Vítimas";"Pleno dia";"Crescente";"Sol";"Simples";"Reta";"Não";3;0;0;0;3;0;0;2;-20,22994826;-42,63698814;"SPRF-MG";"DEL03-MG";"UOP03-DEL03-MG"
372589;2021-07-24;"sábado";"14:20:00";"SC";101;210;"SAO JOSE";"Condutor deixou de manter distância do veículo da frente";"Colisão traseira";"Com Vítimas Feridas";"Pleno dia";"Decrescente";"Céu Claro";"Simples";"Reta";"Sim";3;0;2;0;1;0;2;2;-27,6167305;-48,6457265;"SPRF-SC";"DEL01-SC";"UOP01-DEL01-SC"
372590;2021-07-24;"sábado";"13:10:00";"TO";153;641;"ALIANCA DO TOCANTINS";"Avarias e/ou desgaste excessivo no pneu";"Tombamento";"Com Vítimas Feridas";"Pleno dia";"Crescente";"Céu Claro";"Simples";"Reta";"Não";2;0;2;0;0;0;2;1;-11,45677998;-48,99288911;"SPRF-TO";"DEL01-TO";"UOP02-DEL01-TO"
372591;2021-07-24;"sábado";"14:55:00";"GO";40;2,4;"VALPARAISO DE GOIAS";"Reação tardia ou ineficiente do condutor";"Colisão traseira";"Com Vítimas Feridas";"Pleno dia";"Crescente";"Céu Claro";"Dupla";"Reta";"Sim";2;0;1;0;1;0;1;2;-16,067129;-47,984235;"SPRF-DF";"DEL01-DF";"UOP01-DEL01-DF"
372592;2021-04-30;"sexta-feira";"16:00:00";"ES";101;276,8;"SERRA";"Condutor deixou de manter distância do veículo da frente";"Colisão traseira";"Com Vítimas Feridas";"Pleno dia";"Crescente";"Céu Claro";"Dupla";"Reta";"Sim";2;0;0;1;1;0;1;2;-20,20788726;-40,3133509;"SPRF-ES";"DEL02-ES";"UOP01-DEL02-ES"
372593;2021-07-24;"sábado";"15:00:00";"MG";40;811,5;"MATIAS BARBOSA";"Demais falhas mecânicas ou elétricas";"Capotamento";"Com Vítimas Feridas";"Pleno dia";"Decrescente";"Céu Claro";"Dupla";"Reta";"Não";3;0;3;0;0;0;3;2;-21,87989765;-43,33577276;"SPRF-MG";"DEL05-MG";"UOP01-DEL05-MG"
372594;2021-07-24;"sábado";"15:11:00";"MG";381;360;"JOAO MONLEVADE";"Acessar a via sem observar a presença dos outros veículos";"Colisão transversal";"Sem Vítimas";"Pleno dia";"Decrescente";"Céu Claro";"Simples";"Curva";"Não";2;0;0;0;1;1;0;2;-19,85985912;-43,22566968;"SPRF-MG";"DEL03-MG";"UOP01-DEL03-MG"
372597;2021-07-24;"sábado";"15:45:00";"SC";470;100,1;"APIUNA";"Ultrapassagem Indevida";"Colisão lateral mesmo sentido";"Com Vítimas Feridas";"Pleno dia";"Crescente";"Sol";"Simples";"Curva";"Não";3;0;2;0;1;0;2;2;-27,045143;-49,394142;"SPRF-SC";"DEL04-SC";"UOP02-DEL04-SC"