"id";"data_inversa";"dia_semana";"horario";"uf";"br";"km";"municipio";"causa_acidente";"tipo_acidente";"classificacao_acidente";"fase_dia";"sentido_via";"condicao_metereologica";"tipo_pista";"tracado_via";"uso_solo";"pessoas";"mortos";"feridos_leves";"feridos_graves";"ilesos";"ignorados";"feridos";"veiculos";"latitude";"longitude";"regional";"delegacia";"uop"
372711;2021-07-25;"domingo";"01:00:00";"PR";476;137;"CURITIBA";"Condutor deixou de manter distância do veículo da frente";"Queda de ocupante de veículo";"Com Vítimas Feridas";"Plena Noite";"Crescente";"Céu Claro";"Múltipla";"Reta";"Sim";1;0;1;0;0;0;1;1;-25,498302;-49,277546;"SPRF-PR";"DEL01-PR";"UOP03-DEL01-PR"
372712;2021-07-25;"domingo";"01:00:00";"PI";343;3,4;"TERESINA";"Reação tardia ou ineficiente do condutor";"Colisão com objeto";"Sem Vítimas";"Plena Noite";"Crescente";"Céu Claro";"Múltipla";"Reta";"Sim";2;0;0;0;1;1;0;2;-5,102889;-42,766506;"SPRF-PI";"DEL05-PI";"UOP01-DEL05-PI"
372714;2021-07-25;"domingo";"01:00:00";"PR";476;111;"COLOMBO";"Ausência de reação do condutor";"Tombamento";"Com Vítimas Feridas";"Plena Noite";"Crescente";"Nublado";"Simples";"Curva";"Não";2;0;1;0;0;1;1;2;-25,315056;-49,153545;"SPRF-PR";"DEL01-PR";"UOP02-DEL01-PR"
372717;2021-07-25;"domingo";"00:05:00";"DF";70;1,5;"BRASILIA";"Ingestão de álcool pelo condutor";"Queda de ocupante de veículo";"Com Vítimas Feridas";"Plena Noite";"Decrescente";"Céu Claro";"Simples";"Reta";"Sim";1;0;1;0;0;0;1;1;-15,795264;-48,063801;"SPRF-DF";"DEL03-DF";"UOP02-DEL03-DF"
372718;2021-07-24;"sábado";"23:00:00";"SC";470;166,3;"POUSO REDONDO";"Ingestão de álcool pelo condutor";"Colisão traseira";"Sem Vítimas";"Plena Noite";"Crescente";"Nevoeiro/Neblina";"Simples";"Interseção de Vias";"Não";2;0;0;0;2;0;0;2;-27,275208;-49,855125;"SPRF-SC";"DEL04-SC";"UOP02-DEL04-SC"
372719;2021-07-25;"domingo";"00:30:00";"BA";415;28;"ILHEUS";"Ingestão de álcool pelo condutor";"Colisão com objeto";"Sem Vítimas";"Plena Noite";"Crescente";"Céu Claro";"Simples";"Ponte";"Não";1;0;0;0;1;0;0;1;-14,79471686;-39,20493722;"SPRF-BA";"DEL05-BA";"UOP01-DEL05-BA"
372720;2021-07-24;"sábado";"23:30:00";"PR";153;41,5;"SANTO ANTONIO DA PLATINA";"Desrespeitar a preferência no cruzamento";"Colisão transversal";"Com Vítimas Fatais";"Plena Noite";"Crescente";"Céu Claro";"Simples";"Interseção de Vias";"Sim";7;1;1;2;3;0;3;2;-23,287931;-50,059216;"SPRF-PR";"DEL07-PR";"UOP04-DEL07-PR"
372721;2021-07-24;"sábado";"23:30:00";"GO";158;274;"JATAI";"Acesso irregular";"Colisão frontal";"Com Vítimas Feridas";"Plena Noite";"Crescente";"Céu Claro";"Simples";"Reta";"Sim";2;0;0;1;1;0;1;2;-17,89704019;-51,7366293;"SPRF-GO";"DEL05-GO";"UOP01-DEL05-GO"
372722;2021-07-25;"domingo";"01:40:00";"RJ";101;311;"SAO GONCALO";"Reação tardia ou ineficiente do condutor";"Colisão com objeto";"Com Vítimas Feridas";"Plena Noite";"Crescente";"Céu Claro";"Dupla";"Reta";"Sim";1;0;1;0;0;0;1;1;-22,80062246;-43,05318779;"SPRF-RJ";"DEL02-RJ";"UOP02-DEL02-RJ"
372723;2021-07-25;"domingo";"00:40:00";"ES";101;293;"CARIACICA";"Velocidade Incompatível";"Colisão traseira";"Sem Vítimas";"Plena Noite";"Decrescente";"Nublado";"Dupla";"Reta";"Sim";2;0;0;0;2;0;0;2;-20,31526144;-40,39567044;"SPRF-ES";"DEL01-ES";"UOP01-DEL01-ES"
372725;2021-07-25;"domingo";"01:45:00";"RS";392;685;"ROQUE GONZALES";"Ausência de reação do condutor";"Colisão frontal";"Com Vítimas Fatais";"Plena Noite";"Crescente";"Céu Claro";"Simples";"Reta";"Não";5;1;4;0;0;0;4;2;-28,11723178;-54,95597731;"SPRF-RS";"DEL10-RS";"UOP01-DEL10-RS"
372727;2021-07-25;"domingo";"01:35:00";"MS";163;477;"CAMPO GRANDE";"Acessar a via sem observar a presença dos outros veículos";"Colisão frontal";"Com Vítimas Feridas";"Plena Noite";"Crescente";"Céu Claro";"Simples";"Curva";"Sim";2;0;0;1;1;0;1;2;-20,50427591;-54,55557367;"SPRF-MS";"DEL01-MS";"UOP01-DEL01-MS"
372728;2021-07-25;"domingo";"00:40:00";"SC";480;126,3;"CHAPECO";"Desrespeitar a preferência no cruzamento";"Colisão transversal";"Sem Vítimas";"Pleno dia";"Crescente";"Céu Claro";"Simples";"Declive;Interseção de Vias;Reta";"Não";2;0;0;0;2;0;0;2;-27,020083;-52,636024;"SPRF-SC";"DEL07-SC";"UOP01-DEL07-SC"
372729;2021-07-25;"domingo";"00:10:00";"PR";277;112;"TEIXEIRA SOARES";"Ingestão de álcool pelo condutor";"Colisão frontal";"Com Vítimas Fatais";"Plena Noite";"Crescente";"Céu Claro";"Simples";"Ponte";"Não";6;1;0;5;0;0;5;2;-25,46498083;-50,38883438;"SPRF-PR";"DEL01-PR";"UOP03-DEL03-PR"
372730;2021-07-25;"domingo";"02:17:00";"SC";101;216,5;"PALHOCA";"Desrespeitar a preferência no cruzamento";"Colisão transversal";"Com Vítimas Feridas";"Plena Noite";"Crescente";"Céu Claro";"Dupla";"Interseção de Vias";"Sim";2;0;1;0;1;0;1;2;-27,65981409;-48,67747798;"SPRF-SC";"DEL01-SC";"UOP02-DEL01-SC"
372731;2021-07-25;"domingo";"02:00:00";"PR";116;125,4;"FAZENDA RIO GRANDE";"Ingestão de álcool pelo condutor";"Engavetamento";"Com Vítimas Feridas";"Plena Noite";"Decrescente";"Céu Claro";"Múltipla";"Reta;Interseção de Vias";"Sim";21;0;5;0;11;5;5;5;-25,59505309;-49,31630659;"SPRF-PR";"DEL01-PR";"UOP03-DEL01-PR"
372732;2021-07-24;"sábado";"22:52:00";"MA";135;137,2;"MATOES DO NORTE";"Ausência de reação do condutor";"Colisão frontal";"Com Vítimas Fatais";"Plena Noite";"Crescente";"Céu Claro";"Simples";"Reta";"Não";4;1;1;2;0;0;3;2;-3,64935592;-44,54345984;"SPRF-MA";"DEL01-MA";"UOP02-DEL01-MA"
372733;2021-07-25;"domingo";"01:00:00";"MS";163;609;"SAO GABRIEL DO OESTE";"Ausência de reação do condutor";"Colisão traseira";"Com Vítimas Feridas";"Plena Noite";"Crescente";"Céu Claro";"Simples";"Reta";"Não";4;0;0;4;0;0;4;2;-19,4409361;-54,53079011;"SPRF-MS";"DEL06-MS";"UOP02-DEL06-MS"
372734;2021-07-25;"domingo";"01:40:00";"PR";376;213,9;"JANDAIA DO SUL";"Ausência de reação do condutor";"Saída de leito carroçável";"Com Vítimas Feridas";"Plena Noite";"Crescente";"Céu Claro";"Dupla";"Reta";"Não";2;0;2;0;0;0;2;1;-23,5808343;-51,65143895;"SPRF-PR";"DEL09-PR";"UOP01-DEL09-PR"
372735;2021-07-25;"domingo";"02:45:00";"RS";290;40,4;"SANTO ANTONIO DA PATRULHA";"Condutor Dormindo";"Saída de leito carroçável";"Sem Vítimas";"Plena Noite";"Decrescente";"Céu Claro";"Dupla";"Reta";"Não";1;0;0;0;0;1;0;1;-29,886494;-50,662855;"SPRF-RS";"DEL03-RS";"UOP01-DEL03-RS"
372737;2021-07-25;"domingo";"02:40:00";"SP";116;274,2;"TABOAO DA SERRA";"Ausência de reação do condutor";"Colisão traseira";"Com Vítimas Feridas";"Plena Noite";"Decrescente";"Céu Claro";"Dupla";"Reta";"Sim";3;0;1;0;2;0;1;2;-23,63445084;-46,82418514;"SPRF-SP";"DEL04-SP";"UOP01-DEL04-SP"
372739;2021-07-25;"domingo";"03:10:00";"MG";381;497;"BETIM";"Manobra de mudança de faixa";"Colisão com objeto";"Com Vítimas Feridas";"Plena Noite";"Crescente";"Ignorado";"Dupla";"Reta";"Sim";2;0;1;0;1;0;1;1;-19,98029161;-44,2008323;"SPRF-MG";"DEL01-MG";"UOP03-DEL01-MG"
372740;2021-07-25;"domingo";"02:45:00";"SC";470;48,1;"BLUMENAU";"Reação tardia ou ineficiente do condutor";"Colisão com objeto";"Com Vítimas Fatais";"Plena Noite";"Crescente";"Nublado";"Simples";"Curva;Desvio Temporário;Em Obras";"Sim";1;1;0;0;0;0;0;1;-26,859823;-49,055393;"SPRF-SC";"DEL04-SC";"UOP01-DEL04-SC"
372741;2021-07-25;"domingo";"03:30:00";"RS";392;9;"RIO GRANDE";"Condutor deixou de manter distância do veículo da frente";"Colisão traseira";"Sem Vítimas";"Plena Noite";"Decrescente";"Céu Claro";"Simples";"Reta";"Sim";1;0;0;0;1;0;0;1;-32,11099;-52,112198;"SPRF-RS";"DEL07-RS";"UOP02-DEL07-RS"
372743;2021-07-25;"domingo";"04:20:00";"GO";40;11;"LUZIANIA";"Ingestão de álcool pelo condutor";"Colisão traseira";"Com Vítimas Feridas";"Plena Noite";"Decrescente";"Céu Claro";"Dupla";"Reta";"Sim";3;0;2;0;1;0;2;2;-16,1424186;-47,94747412;"SPRF-DF";"DEL01-DF";"UOP01-DEL01-DF"
372744;2021-07-25;"domingo";"03:55:00";"SC";470;57,5;"BLUMENAU";"Velocidade Incompatível";"Capotamento";"Sem Vítimas";"Plena Noite";"Crescente";"Nublado";"Simples";"Rotatória";"Sim";1;0;0;0;1;0;0;1;-26,880428;-49,136532;"SPRF-SC";"DEL04-SC";"UOP01-DEL04-SC"
372748;2021-07-25;"domingo";"04:10:00";"SP";116;221;"GUARULHOS";"Estacionar ou parar em local proibido";"Colisão com objeto";"Com Vítimas Feridas";"Plena Noite";"Crescente";"Ignorado";"Dupla";"Reta";"Sim";3;0;1;0;1;1;1;3;-23,46802395;-46,50704901;"SPRF-SP";"DEL01-SP";"UOP01-DEL01-SP"
372749;2021-07-25;"domingo";"04:00:00";"MG";50;81;"UBERLANDIA";"Velocidade Incompatível";"Colisão com objeto";"Sem Vítimas";"Plena Noite";"Decrescente";"Céu Claro";"Simples";"Viaduto;Declive;Curva";"Não";1;0;0;0;1;0;0;1;-18,986906;-48,211853;"SPRF-MG";"DEL15-MG";"UOP01-DEL15-MG"
372750;2021-07-25;"domingo";"01:30:00";"PR";163;185;"SANTA TEREZA DO OESTE";"Velocidade Incompatível";"Saída de leito carroçável";"Com Vítimas Feridas";"Plena Noite";"Decrescente";"Céu Claro";"Dupla";"Curva";"Não";1;0;1;0;0;0;1;1;-25,11644966;-53,58503312;"SPRF-PR";"DEL05-PR";"UOP05-DEL05-PR"
372751;2021-07-25;"domingo";"04:30:00";"RS";392;5,5;"RIO GRANDE";"Ingestão de álcool e/ou substâncias psicoativas pelo pedestre";"Saída de leito carroçável";"Com Vítimas Feridas";"Plena Noite";"Crescente";"Céu Claro";"Simples";"Reta";"Não";3;0;3;0;0;0;3;1;-32,0776265;-52,1040867;"SPRF-RS";"DEL07-RS";"UOP02-DEL07-RS"
372753;2021-07-25;"domingo";"01:00:00";"PR";163;5,4;"BARRACAO";"Ultrapassagem Indevida";"Colisão lateral sentido oposto";"Com Vítimas Fatais";"Plena Noite";"Crescente";"Céu Claro";"Simples";"Curva";"Não";6;1;2;2;0;1;4;3;-26,263964;-53,600221;"SPRF-PR";"DEL02-PR";"UOP02-DEL02-PR"
372754;2021-07-25;"domingo";"04:15:00";"SC";470;66,4;"INDAIAL";"Ausência de sinalização";"Saída de leito carroçável";"Com Vítimas Feridas";"Plena Noite";"Decrescente";"Nublado";"Simples";"Em Obras;Rotatória";"Não";1;0;0;1;0;0;1;1;-26,870407;-49,221844;"SPRF-SC";"DEL04-SC";"UOP01-DEL04-SC"
372755;2021-07-25;"domingo";"05:00:00";"PB";230;153,5;"CAMPINA GRANDE";"Ingestão de álcool e/ou substâncias psicoativas pelo pedestre";"Colisão com objeto";"Sem Vítimas";"Amanhecer";"Decrescente";"Garoa/Chuvisco";"Simples";"Curva";"Sim";1;0;0;0;1;0;0;1;-7,2763;-35,8887;"SPRF-PB";"DEL02-PB";"UOP01-DEL02-PB"
372756;2021-07-25;"domingo";"04:20:00";"SC";101;321;"CAPIVARI DE BAIXO";"Reação tardia ou ineficiente do condutor";"Saída de leito carroçável";"Sem Vítimas";"Plena Noite";"Decrescente";"Ignorado";"Dupla";"Reta";"Não";1;0;0;0;1;0;0;1;-28,42532339;-48,8919091;"SPRF-SC";"DEL02-SC";"UOP01-DEL02-SC"
372757;2021-07-25;"domingo";"04:00:00";"RJ";101;322;"NITEROI";"Ingestão de substâncias psicoativas pelo condutor";"Queda de ocupante de veículo";"Com Vítimas Feridas";"Plena Noite";"Crescente";"Nublado";"Simples";"Declive;Ponte;Reta";"Não";1;0;1;0;0;0;1;1;-22,878923;-43,110676;"SPRF-RJ";"DEL02-RJ";"UOP02-DEL02-RJ"
372758;2021-07-25;"domingo";"05:10:00";"AL";101;185;"JUNQUEIRO";"Animais na Pista";"Atropelamento de Animal";"Sem Vítimas";"Amanhecer";"Crescente";"Nublado";"Dupla";"Reta";"Não";2;0;0;0;2;0;0;2;-9,89720602;-36,456439;"SPRF-AL";"DEL02-AL";"UOP02-DEL02-AL"
372760;2021-07-24;"sábado";"23:00:00";"SC";101;290;"IMBITUBA";"Reação tardia ou ineficiente do condutor";"Colisão traseira";"Com Vítimas Feridas";"Plena Noite";"Crescente";"Céu Claro";"Dupla";"Reta";"Sim";3;0;1;0;2;0;1;2;-28,26202477;-48,70403355;"SPRF-SC";"DEL02-SC";"UOP03-DEL02-SC"
372763;2021-07-25;"domingo";"02:00:00";"MG";365;739,6;"ITUIUTABA";"Ausência de reação do condutor";"Saída de leito carroçável";"Com Vítimas Feridas";"Plena Noite";"Crescente";"Céu Claro";"Simples";"Ponte";"Não";2;0;2;0;0;0;2;1;-18,911365;-49,363242;"SPRF-MG";"DEL15-MG";"UOP03-DEL15-MG"
372764;2021-07-25;"domingo";"05:00:00";"RS";285;288,3;"PASSO FUNDO";"Velocidade Incompatível";"Saída de leito carroçável";"Com Vítimas Fatais";"Plena Noite";"Crescente";"Céu Claro";"Simples";"Reta";"Não";1;1;0;0;0;0;0;1;-28,236942;-52,326725;"SPRF-RS";"DEL08-RS";"UOP03-DEL08-RS"
372767;2021-07-25;"domingo";"04:15:00";"SC";101;111;"NAVEGANTES";"Ingestão de álcool pelo condutor";"Colisão com objeto";"Sem Vítimas";"Plena Noite";"Decrescente";"Céu Claro";"Dupla";"Curva";"Sim";1;0;0;0;0;1;0;1;-26,83955734;-48,71418074;"SPRF-SC";"DEL04-SC";"UOP04-DEL04-SC"
372769;2021-07-25;"domingo";"06:30:00";"ES";101;44,3;"SAO MATEUS";"Velocidade Incompatível";"Saída de leito carroçável";"Sem Vítimas";"Amanhecer";"Decrescente";"Chuva";"Simples";"Reta";"Não";2;0;0;0;1;1;0;1;-18,53423088;-39,90807761;"SPRF-ES";"DEL04-ES";"UOP02-DEL04-ES"
372770;2021-07-25;"domingo";"05:50:00";"SC";280;142,9;"RIO NEGRINHO";"Condutor Dormindo";"Capotamento";"Sem Vítimas";"Amanhecer";"Decrescente";"Sol";"Simples";"Reta";"Não";1;0;0;0;1;0;0;1;-26,25076506;-49,62912012;"SPRF-SC";"DEL06-SC";"UOP03-DEL06-SC"
372771;2021-07-25;"domingo";"05:45:00";"SC";470;145,1;"RIO DO SUL";"Ingestão de álcool pelo condutor";"Saída de leito carroçável";"Com Vítimas Feridas";"Plena Noite";"Crescente";"Garoa/Chuvisco";"Simples";"Curva";"Não";1;0;1;0;0;0;1;1;-27,237301;-49,682217;"SPRF-SC";"DEL04-SC";"UOP02-DEL04-SC"
372772;2021-07-25;"domingo";"01:00:00";"AL";101;124;"SAO MIGUEL DOS CAMPOS";"Ultrapassagem Indevida";"Capotamento";"Com Vítimas Feridas";"Plena Noite";"Decrescente";"Chuva";"Simples";"Desvio Temporário";"Não";2;0;1;0;0;1;1;2;-9,71109695;-36,04180208;"SPRF-AL";"DEL02-AL";"UOP01-DEL02-AL"
372773;2021-07-25;"domingo";"01:05:00";"PR";376;464;"TIBAGI";"Velocidade Incompatível";"Capotamento";"Sem Vítimas";"Plena Noite";"Decrescente";"Ignorado";"Dupla";"Reta";"Não";1;0;0;0;0;1;0;1;-24,84265936;-50,47523306;"SPRF-PR";"DEL03-PR";"UOP01-DEL03-PR"
372775;2021-07-25;"domingo";"06:30:00";"BA";116;15,5;"VITORIA DA CONQUISTA";"Ausência de reação do condutor";"Saída de leito carroçável";"Com Vítimas Feridas";"Amanhecer";"Crescente";"Céu Claro";"Simples";"Reta";"Não";1;0;0;1;0;0;1;1;-14,89890604;-40,85630005;"SPRF-BA";"DEL08-BA";"UOP01-DEL08-BA"
372776;2021-07-25;"domingo";"06:55:00";"CE";20;419;"MARACANAU";"Ingestão de álcool pelo condutor";"Tombamento";"Com Vítimas Feridas";"Pleno dia";"Crescente";"Céu Claro";"Dupla";"Reta";"Sim";2;0;2;0;0;0;2;1;-3,76999035;-38,67006282;"SPRF-CE";"DEL01-CE";"UOP02-DEL01-CE"
372777;2021-07-25;"domingo";"07:00:00";"MG";40;554;"NOVA LIMA";"Velocidade Incompatível";"Saída de leito carroçável";"Sem Vítimas";"Pleno dia";"Crescente";"Céu Claro";"Simples";"Curva";"Não";1;0;0;0;0;1;0;1;-20,07715896;-43,98213593;"SPRF-MG";"DEL01-MG";"UOP02-DEL01-MG"
372778;2021-07-25;"domingo";"06:50:00";"PI";343;345,5;"TERESINA";"Ingestão de álcool pelo condutor";"Colisão transversal";"Sem Vítimas";"Pleno dia";"Crescente";"Sol";"Dupla";"Interseção de Vias";"Sim";2;0;0;0;2;0;0;2;-5,102889;-42,766506;"SPRF-PI";"DEL01-PI";"UOP01-DEL01-PI"
372779;2021-07-25;"domingo";"07:20:00";"SC";101;136;"BALNEARIO CAMBORIU";"Reação tardia ou ineficiente do condutor";"Tombamento";"Com Vítimas Feridas";"Pleno dia";"Crescente";"Nublado";"Dupla";"Reta";"Sim";1;0;1;0;0;0;1;1;-27,008113;-48,617245;"SPRF-SC";"DEL04-SC";"UOP03-DEL04-SC"
372780;2021-07-25;"domingo";"01:45:00";"PR";277;36,5;"MORRETES";"Velocidade Incompatível";"Saída de leito carroçável";"Com Vítimas Feridas";"Plena Noite";"Decrescente";"Céu Claro";"Dupla";"Curva";"Não";1;0;1;0;0;0;1;1;-25,5585949;-48,80593311;"SPRF-PR";"DEL01-PR";"UOP05-DEL01-PR"
372781;2021-07-25;"domingo";"07:00:00";"SC";282;530,3;"CORDILHEIRA ALTA";"Ingestão de álcool pelo condutor";"Saída de leito carroçável";"Com Vítimas Feridas";"Pleno dia";"Decrescente";"Céu Claro";"Simples";"Reta";"Não";2;0;0;2;0;0;2;1;-26,986555;-52,60524;"SPRF-SC";"DEL07-SC";"UOP01-DEL07-SC"
372782;2021-07-25;"domingo";"04:40:00";"SP";116;270;"TABOAO DA SERRA";"Reação tardia ou ineficiente do condutor";"Queda de ocupante de veículo";"Com Vítimas Fatais";"Amanhecer";"Crescente";"Céu Claro";"Dupla";"Reta";"Sim";2;1;0;1;0;0;1;1;-23,61799728;-46,79677694;"SPRF-SP";"DEL04-SP";"UOP01-DEL04-SP"
372783;2021-07-01;"quinta-feira";"09:20:00";"ES";101;253;"SERRA";"Conversão proibida";"Colisão frontal";"Com Vítimas Feridas";"Pleno dia";"Crescente";"Céu Claro";"Simples";"Reta";"Não";3;0;0;1;1;1;1;3;-20,10336754;-40,33383553;"SPRF-ES";"DEL02-ES";"UOP01-DEL02-ES"
372784;2021-07-25;"domingo";"07:05:00";"MG";381;333;"NOVA ERA";"Velocidade Incompatível";"Saída de leito carroçável";"Com Vítimas Feridas";"Pleno dia";"Decrescente";"Céu Claro";"Simples";"Curva";"Não";4;0;4;0;0;0;4;1;-19,80306599;-43,06083702;"SPRF-MG";"DEL03-MG";"UOP01-DEL03-MG"
372785;2021-07-25;"domingo";"08:00:00";"RS";290;19,9;"SANTO ANTONIO DA PATRULHA";"Condutor Dormindo";"Saída de leito carroçável";"Com Vítimas Feridas";"Pleno dia";"Decrescente";"Céu Claro";"Dupla";"Reta";"Não";1;0;0;1;0;0;1;1;-29,884407;-50,444893;"SPRF-RS";"DEL03-RS";"UOP01-DEL03-RS"
372786;2021-07-25;"domingo";"08:30:00";"DF";70;7;"BRASILIA";"Conversão proibida";"Colisão lateral mesmo sentido";"Com Vítimas Feridas";"Pleno dia";"Crescente";"Céu Claro";"Dupla";"Declive";"Sim";2;0;1;0;1;0;1;1;-15,787601;-48,114429;"SPRF-DF";"DEL03-DF";"UOP02-DEL03-DF"
372789;2021-07-25;"domingo";"07:00:00";"SP";116;293;"ITAPECERICA DA SERRA";"Demais falhas mecânicas ou elétricas";"Incêndio";"Sem Vítimas";"Pleno dia";"Decrescente";"Céu Claro";"Dupla";"Reta";"Não";1;0;0;0;0;1;0;1;-23,75393807;-46,90168863;"SPRF-SP";"DEL04-SP";"UOP01-DEL04-SP"
372790;2021-07-25;"domingo";"06:30:00";"BA";242;254;"BOA VISTA DO TUPIM";"Velocidade Incompatível";"Atropelamento de Pedestre";"Com Vítimas Feridas";"Amanhecer";"Decrescente";"Garoa/Chuvisco";"Simples";"Reta";"Não";2;0;0;1;0;1;1;2;-12,49501957;-40,50446771;"SPRF-BA";"DEL06-BA";"UOP02-DEL06-BA"
372795;2021-06-03;"quinta-feira";"14:50:00";"ES";101;310,5;"VIANA";"Reação tardia ou ineficiente do condutor";"Colisão transversal";"Com Vítimas Feridas";"Pleno dia";"Decrescente";"Céu Claro";"Simples";"Curva";"Não";2;0;1;1;0;0;2;2;-20,42590098;-40,46036505;"SPRF-ES";"DEL01-ES";"UOP01-DEL01-ES"
372796;2021-07-25;"domingo";"08:00:00";"RS";468;24,1;"PALMEIRA DAS MISSOES";"Condutor Dormindo";"Saída de leito carroçável";"Com Vítimas Feridas";"Pleno dia";"Decrescente";"Céu Claro";"Simples";"Curva";"Não";2;0;1;1;0;0;2;1;-27,76613215;-53,47196301;"SPRF-RS";"DEL08-RS";"UOP01-DEL08-RS"
372798;2021-07-25;"domingo";"08:55:00";"PR";277;128;"BALSA NOVA";"Velocidade Incompatível";"Tombamento";"Com Vítimas Feridas";"Pleno dia";"Decrescente";"Céu Claro";"Simples";"Declive;Curva";"Não";1;0;1;0;0;0;1;1;-25,47060738;-49,62384403;"SPRF-PR";"DEL01-PR";"UOP03-DEL03-PR"
372800;2021-06-03;"quinta-feira";"23:17:00";"ES";101;266;"SERRA";"Condutor deixou de manter distância do veículo da frente";"Colisão lateral mesmo sentido";"Com Vítimas Feridas";"Plena Noite";"Crescente";"Céu Claro";"Múltipla";"Curva";"Sim";2;0;0;1;1;0;1;2;-20,190199;-40,26828891;"SPRF-ES";"DEL02-ES";"UOP01-DEL02-ES"
372801;2021-07-25;"domingo";"09:30:00";"MG";381;528;"ITATIAIUCU";"Velocidade Incompatível";"Tombamento";"Com Vítimas Feridas";"Pleno dia";"Crescente";"Céu Claro";"Dupla";"Reta";"Não";2;0;2;0;0;0;2;1;-20,16368096;-44,36025002;"SPRF-MG";"DEL04-MG";"UOP03-DEL04-MG"
372805;2021-07-25;"domingo";"10:30:00";"SC";470;1,3;"NAVEGANTES";"Ausência de reação do condutor";"Colisão transversal";"Com Vítimas Feridas";"Pleno dia";"Crescente";"Nublado";"Simples";"Reta";"Não";3;0;1;1;1;0;2;2;-26,875383;-48,668285;"SPRF-SC";"DEL04-SC";"UOP04-DEL04-SC"
372806;2021-07-25;"domingo";"11:00:00";"MG";262;525,4;"LUZ";"Condutor usando celular";"Saída de leito carroçável";"Com Vítimas Feridas";"Pleno dia";"Decrescente";"Sol";"Simples";"Reta";"Não";2;0;2;0;0;0;2;1;-19,78419002;-45,70385456;"SPRF-MG";"DEL08-MG";"UOP03-DEL08-MG"
372808;2021-07-25;"domingo";"06:20:00";"RJ";493;0;"ITABORAI";"Ingestão de álcool ou de substâncias psicoativas pelo pedestre";"Atropelamento de Pedestre";"Com Vítimas Feridas";"Pleno dia";"Decrescente";"Céu Claro";"Simples";"Reta";"Sim";2;0;1;0;1;0;1;2;-22,7367956;-42,8832763;"SPRF-RJ";"DEL02-RJ";"UOP02-DEL02-RJ"
372811;2021-07-25;"domingo";"11:48:00";"GO";40;3,2;"VALPARAISO DE GOIAS";"Manobra de mudança de faixa";"Colisão com objeto";"Com Vítimas Feridas";"Pleno dia";"Crescente";"Céu Claro";"Dupla";"Reta";"Sim";1;0;1;0;0;0;1;1;-16,076081;-47,985671;"SPRF-DF";"DEL01-DF";"UOP01-DEL01-DF"
372812;2021-07-25;"domingo";"11:55:00";"PR";277;8;"PARANAGUA";"Condutor deixou de manter distância do veículo da frente";"Colisão traseira";"Com Vítimas Feridas";"Pleno dia";"Decrescente";"Sol";"Dupla";"Reta";"Não";2;0;1;0;1;0;1;2;-25,568198;-48,615292;"SPRF-PR";"DEL01-PR";"UOP05-DEL01-PR"
372813;2021-07-25;"domingo";"09:45:00";"MT";174;288;"PONTES E LACERDA";"Ingestão de álcool pelo condutor";"Colisão traseira";"Com Vítimas Feridas";"Pleno dia";"Crescente";"Céu Claro";"Simples";"Reta";"Sim";3;0;2;0;1;0;2;2;-15,23378885;-59,31756535;"SPRF-MT";"DEL04-MT";"UOP01-DEL04-MT"
372814;2021-07-25;"domingo";"06:00:00";"SC";470;177;"POUSO REDONDO";"Velocidade Incompatível";"Saída de leito carroçável";"Sem Vítimas";"Pleno dia";"Crescente";"Nevoeiro/Neblina";"Simples";"Rotatória";"Sim";1;0;0;0;0;1;0;1;-27,251858;-49,958;"SPRF-SC";"DEL04-SC";"UOP02-DEL04-SC"
372815;2021-07-25;"domingo";"11:00:00";"SC";470;192,2;"POUSO REDONDO";"Transitar no acostamento";"Colisão traseira";"Sem Vítimas";"Pleno dia";"Crescente";"Sol";"Simples";"Reta";"Sim";2;0;0;0;2;0;0;2;-27,293324;-50,078678;"SPRF-SC";"DEL04-SC";"UOP02-DEL04-SC"
372816;2021-07-25;"domingo";"10:55:00";"PE";424;94,6;"GARANHUNS";"Reação tardia ou ineficiente do condutor";"Colisão lateral sentido oposto";"Com Vítimas Feridas";"Pleno dia";"Crescente";"Nublado";"Simples";"Curva";"Não";2;0;0;1;1;0;1;2;-8,925337;-36,489582;"SPRF-PE";"DEL03-PE";"UOP01-DEL03-PE"
372818;2021-07-25;"domingo";"09:11:00";"SP";153;195;"GETULINA";"Ingestão de álcool pelo condutor";"Capotamento";"Com Vítimas Feridas";"Pleno dia";"Crescente";"Céu Claro";"Simples";"Interseção de Vias";"Sim";1;0;1;0;0;0;1;1;-21,776442;-49,89232;"SPRF-SP";"DEL07-SP";"UOP01-DEL07-SP"
372819;2021-07-25;"domingo";"13:00:00";"PR";116;126;"FAZENDA RIO GRANDE";"Condutor deixou de manter distância do veículo da frente";"Colisão traseira";"Sem Vítimas";"Pleno dia";"Decrescente";"Céu Claro";"Dupla";"Reta";"Sim";3;0;0;0;3;0;0;2;-25,60389895;-49,31824423;"SPRF-PR";"DEL01-PR";"UOP03-DEL01-PR"
372821;2021-07-25;"domingo";"12:30:00";"GO";60;132,7;"GOIANIA";"Manobra de mudança de faixa";"Colisão traseira";"Com Vítimas Fatais";"Pleno dia";"Decrescente";"Sol";"Dupla";"Reta;Aclive";"Não";5;1;1;0;2;1;1;4;-16,58149519;-49,17428474;"SPRF-GO";"DEL01-GO";"UOP01-DEL01-GO"