"id";"data_inversa";"dia_semana";"horario";"uf";"br";"km";"municipio";"causa_acidente";"tipo_acidente";"classificacao_acidente";"fase_dia";"sentido_via";"condicao_metereologica";"tipo_pista";"tracado_via";"uso_solo";"pessoas";"mortos";"feridos_leves";"feridos_graves";"ilesos";"ignorados";"feridos";"veiculos";"latitude";"longitude";"regional";"delegacia";"uop"
372822;2021-07-25;"domingo";"12:10:00";"MT";158;549,6;"AGUA BOA";"Ingestão de álcool pelo condutor";"Colisão frontal";"Sem Vítimas";"Pleno dia";"Decrescente";"Céu Claro";"Simples";"Reta";"Não";2;0;0;0;2;0;0;2;-13,90881128;-52,07922582;"SPRF-MT";"DEL07-MT";"UOP02-DEL07-MT"
372824;2021-07-25;"domingo";"12:30:00";"MS";163;687;"RIO VERDE DE MATO GROSSO";"Ausência de reação do condutor";"Tombamento";"Com Vítimas Feridas";"Pleno dia";"Crescente";"Céu Claro";"Simples";"Reta";"Não";2;0;0;2;0;0;2;1;-18,861043;-54,824534;"SPRF-MS";"DEL06-MS";"UOP01-DEL06-MS"
372825;2021-07-25;"domingo";"13:25:00";"ES";482;88,3;"ALEGRE";"Ultrapassagem Indevida";"Colisão frontal";"Com Vítimas Fatais";"Pleno dia";"Crescente";"Céu Claro";"Simples";"Curva";"Não";3;2;0;0;1;0;0;2;-20,75659774;-41,56189012;"SPRF-ES";"DEL03-ES";"UOP02-DEL03-ES"
372826;2021-07-25;"domingo";"11:40:00";"GO";158;276;"JATAI";"Avarias e/ou desgaste excessivo no pneu";"Queda de ocupante de veículo";"Com Vítimas Feridas";"Pleno dia";"Crescente";"Céu Claro";"Dupla";"Reta";"Sim";1;0;0;1;0;0;1;1;-17,90943902;-51,72323303;"SPRF-GO";"DEL05-GO";"UOP01-DEL05-GO"
372827;2021-07-25;"domingo";"12:00:00";"BA";101;448;"AURELINO LEAL";"Chuva";"Colisão com objeto";"Com Vítimas Feridas";"Pleno dia";"Crescente";"Chuva";"Simples";"Declive;Curva";"Não";1;0;1;0;0;0;1;1;-14,48285692;-39,32926641;"SPRF-BA";"DEL05-BA";"UOP01-DEL05-BA"
372828;2021-07-25;"domingo";"13:45:00";"MG";365;432,2;"PATOS DE MINAS";"Acessar a via sem observar a presença dos outros veículos";"Colisão transversal";"Com Vítimas Feridas";"Pleno dia";"Crescente";"Céu Claro";"Simples";"Interseção de Vias;Reta";"Não";7;0;1;0;6;0;1;2;-18,75918313;-46,66376046;"SPRF-MG";"DEL10-MG";"UOP01-DEL10-MG"
372829;2021-07-25;"domingo";"13:45:00";"RS";101;80;"OSORIO";"Reação tardia ou ineficiente do condutor";"Saída de leito carroçável";"Com Vítimas Feridas";"Pleno dia";"Crescente";"Céu Claro";"Dupla";"Reta";"Não";2;0;1;0;1;0;1;1;-29,829181;-50,247632;"SPRF-RS";"DEL03-RS";"UOP01-DEL03-RS"
372830;2021-07-25;"domingo";"13:00:00";"RS";470;221;"GARIBALDI";"Ultrapassagem Indevida";"Colisão lateral mesmo sentido";"Com Vítimas Feridas";"Pleno dia";"Crescente";"Céu Claro";"Simples";"Reta";"Sim";3;0;2;0;1;0;2;2;-29,19516365;-51,51950463;"SPRF-RS";"DEL06-RS";"UOP01-DEL06-RS"
372832;2021-07-25;"domingo";"14:00:00";"SP";153;328,6;"SALTO GRANDE";"Reação tardia ou ineficiente do condutor";"Saída de leito carroçável";"Com Vítimas Feridas";"Pleno dia";"Crescente";"Céu Claro";"Simples";"Reta";"Não";3;0;2;0;1;0;2;1;-22,83492;-49,88963342;"SPRF-SP";"DEL07-SP";"UOP03-DEL07-SP"
372834;2021-07-25;"domingo";"13:30:00";"SP";116;297;"ITAPECERICA DA SERRA";"Reação tardia ou ineficiente do condutor";"Colisão com objeto";"Com Vítimas Feridas";"Pleno dia";"Crescente";"Céu Claro";"Dupla";"Curva";"Não";2;0;2;0;0;0;2;1;-23,78323219;-46,91437053;"SPRF-SP";"DEL04-SP";"UOP01-DEL04-SP"
372837;2021-07-25;"domingo";"14:45:00";"ES";101;228,8;"FUNDAO";"Condutor Dormindo";"Saída de leito carroçável";"Com Vítimas Feridas";"Pleno dia";"Decrescente";"Céu Claro";"Simples";"Curva";"Não";3;0;2;1;0;0;3;1;-19,91868701;-40,40570613;"SPRF-ES";"DEL02-ES";"UOP01-DEL02-ES"
372838;2021-07-25;"domingo";"08:30:00";"GO";60;359,8;"RIO VERDE";"Ausência de reação do condutor";"Saída de leito carroçável";"Sem Vítimas";"Pleno dia";"Crescente";"Céu Claro";"Dupla";"Reta";"Não";1;0;0;0;0;1;0;1;-17,614687;-50,754269;"SPRF-GO";"DEL04-GO";"UOP01-DEL04-GO"
372839;2021-07-24;"sábado";"11:15:00";"MG";267;185,8;"OLARIA";"Reação tardia ou ineficiente do condutor";"Saída de leito carroçável";"Com Vítimas Feridas";"Pleno dia";"Crescente";"Céu Claro";"Simples";"Curva";"Não";2;0;1;1;0;0;2;1;-21,91670125;-43,97837801;"SPRF-MG";"DEL05-MG";"UOP01-DEL05-MG"
372840;2021-05-10;"segunda-feira";"16:30:00";"ES";101;286,5;"CARIACICA";"Manobra de mudança de faixa";"Tombamento";"Com Vítimas Feridas";"Pleno dia";"Crescente";"Céu Claro";"Múltipla";"Reta";"Sim";1;0;0;1;0;0;1;1;-20,25902175;-40,37753412;"SPRF-ES";"DEL01-ES";"UOP01-DEL01-ES"
372841;2021-07-25;"domingo";"15:30:00";"ES";101;252,8;"SERRA";"Condutor deixou de manter distância do veículo da frente";"Colisão traseira";"Com Vítimas Feridas";"Pleno dia";"Crescente";"Céu Claro";"Simples";"Reta";"Não";2;0;1;0;1;0;1;2;-20,09618209;-40,33951217;"SPRF-ES";"DEL02-ES";"UOP01-DEL02-ES"
372842;2021-07-25;"domingo";"15:10:00";"PB";230;62;"SAO MIGUEL DE TAIPU";"Condutor deixou de manter distância do veículo da frente";"Colisão traseira";"Com Vítimas Feridas";"Pleno dia";"Decrescente";"Céu Claro";"Simples";"Desvio Temporário;Reta;Em Obras";"Não";5;0;3;0;2;0;3;2;-7,202;-35,1574;"SPRF-PB";"DEL01-PB";"UOP03-DEL01-PB"
372844;2021-07-25;"domingo";"15:00:00";"BA";116;416,6;"FEIRA DE SANTANA";"Manobra de mudança de faixa";"Colisão lateral mesmo sentido";"Com Vítimas Feridas";"Pleno dia";"Crescente";"Céu Claro";"Dupla";"Reta;Em Obras";"Sim";2;0;1;1;0;0;2;2;-12,17637;-38,96522;"SPRF-BA";"DEL02-BA";"UOP01-DEL02-BA"
372845;2021-07-25;"domingo";"12:40:00";"MT";70;251;"PRIMAVERA DO LESTE";"Reação tardia ou ineficiente do condutor";"Saída de leito carroçável";"Com Vítimas Feridas";"Pleno dia";"Decrescente";"Céu Claro";"Simples";"Reta";"Não";1;0;1;0;0;0;1;1;-15,62661991;-54,12339897;"SPRF-MT";"DEL05-MT";"UOP01-DEL05-MT"
372846;2021-07-25;"domingo";"14:30:00";"RO";364;688;"CANDEIAS DO JAMARI";"Transitar na contramão";"Colisão frontal";"Com Vítimas Feridas";"Pleno dia";"Crescente";"Céu Claro";"Simples";"Reta";"Não";6;0;5;1;0;0;6;2;-8,79362391;-63,66249919;"SPRF-RO";"DEL01-RO";"UOP01-DEL01-RO"
372847;2021-07-25;"domingo";"13:30:00";"PR";116;146;"MANDIRITUBA";"Velocidade Incompatível";"Colisão transversal";"Com Vítimas Feridas";"Pleno dia";"Decrescente";"Céu Claro";"Simples";"Curva";"Não";2;0;1;0;1;0;1;2;-25,78172684;-49,32535079;"SPRF-PR";"DEL01-PR";"UOP03-DEL01-PR"
372849;2021-07-25;"domingo";"08:00:00";"SC";101;321;"PESCARIA BRAVA";"Ingestão de álcool pelo condutor";"Saída de leito carroçável";"Com Vítimas Feridas";"Pleno dia";"Decrescente";"Céu Claro";"Dupla";"Reta";"Não";1;0;1;0;0;0;1;1;-28,42532339;-48,8919091;"SPRF-SC";"DEL02-SC";"UOP01-DEL02-SC"
372852;2021-07-25;"domingo";"15:00:00";"RJ";40;122;"DUQUE DE CAXIAS";"Velocidade Incompatível";"Colisão com objeto";"Com Vítimas Feridas";"Pleno dia";"Crescente";"Céu Claro";"Múltipla";"Reta";"Sim";1;0;1;0;0;0;1;1;-22,7929772;-43,2872161;"SPRF-RJ";"DEL01-RJ";"UOP01-DEL01-RJ"
372853;2021-07-25;"domingo";"15:15:00";"RS";470;180,4;"VERANOPOLIS";"Desrespeitar a preferência no cruzamento";"Colisão transversal";"Com Vítimas Feridas";"Pleno dia";"Decrescente";"Nublado";"Simples";"Interseção de Vias";"Não";2;0;1;0;1;0;1;2;-28,96031398;-51,56394482;"SPRF-RS";"DEL06-RS";"UOP02-DEL06-RS"
372854;2021-07-25;"domingo";"16:20:00";"PE";101;73,5;"RECIFE";"Trafegar com motocicleta (ou similar) entre as faixas";"Tombamento";"Com Vítimas Feridas";"Pleno dia";"Decrescente";"Garoa/Chuvisco";"Dupla";"Curva";"Sim";1;0;1;0;0;0;1;1;-8,093369;-34,947464;"SPRF-PE";"DEL01-PE";"UOP01-DEL01-PE"
372857;2021-07-25;"domingo";"16:10:00";"RN";101;76,5;"EXTREMOZ";"Condutor deixou de manter distância do veículo da frente";"Colisão traseira";"Com Vítimas Fatais";"Pleno dia";"Decrescente";"Céu Claro";"Dupla";"Declive;Curva";"Não";3;1;0;2;0;0;2;2;-5,72603024;-35,28461489;"SPRF-RN";"DEL02-RN";"UOP01-DEL02-RN"
372858;2021-07-25;"domingo";"15:30:00";"SP";116;284;"EMBU DAS ARTES";"Ausência de reação do condutor";"Colisão com objeto";"Com Vítimas Feridas";"Pleno dia";"Crescente";"Céu Claro";"Simples";"Curva";"Sim";1;0;1;0;0;0;1;1;-23,69998;-46,867767;"SPRF-SP";"DEL04-SP";"UOP01-DEL04-SP"
372861;2021-07-25;"domingo";"17:00:00";"MG";50;47,3;"ARAGUARI";"Acumulo de óleo sobre o pavimento";"Colisão com objeto";"Com Vítimas Feridas";"Pleno dia";"Crescente";"Céu Claro";"Dupla";"Declive;Curva";"Não";3;0;3;0;0;0;3;1;-18,72799811;-48,20659169;"SPRF-MG";"DEL15-MG";"UOP02-DEL15-MG"
372862;2021-07-25;"domingo";"16:00:00";"PB";101;71,4;"SANTA RITA";"Reação tardia ou ineficiente do condutor";"Colisão com objeto";"Sem Vítimas";"Pleno dia";"Crescente";"Nublado";"Dupla";"Reta";"Não";1;0;0;0;0;1;0;1;-7,06838278;-35,0033079;"SPRF-PB";"DEL01-PB";"UOP04-DEL01-PB"
372863;2021-07-25;"domingo";"16:50:00";"MG";381;755,8;"TRES CORACOES";"Manobra de mudança de faixa";"Colisão traseira";"Sem Vítimas";"Pleno dia";"Crescente";"Sol";"Dupla";"Reta";"Não";2;0;0;0;2;0;0;2;-21,67049021;-45,33094168;"SPRF-MG";"DEL16-MG";"UOP02-DEL16-MG"
372864;2021-07-25;"domingo";"16:30:00";"PR";158;508;"CORONEL VIVIDA";"Ultrapassagem Indevida";"Capotamento";"Sem Vítimas";"Pleno dia";"Decrescente";"Céu Claro";"Simples";"Reta";"Não";1;0;0;0;0;1;0;1;-26,02574403;-52,58565784;"SPRF-PR";"DEL02-PR";"UOP01-DEL02-PR"
372865;2021-07-25;"domingo";"15:30:00";"PB";101;85,6;"BAYEUX";"Ausência de reação do condutor";"Saída de leito carroçável";"Sem Vítimas";"Pleno dia";"Decrescente";"Nublado";"Dupla";"Reta;Retorno Regulamentado";"Sim";1;0;0;0;1;0;0;1;-7,15036221;-34,91070176;"SPRF-PB";"DEL01-PB";"UOP01-DEL01-PB"
372867;2021-06-18;"sexta-feira";"13:30:00";"MG";381;630;"OLIVEIRA";"Velocidade Incompatível";"Saída de leito carroçável";"Com Vítimas Feridas";"Pleno dia";"Crescente";"Céu Claro";"Dupla";"Curva";"Não";2;0;2;0;0;0;2;1;-20,84702065;-44,83281432;"SPRF-MG";"DEL04-MG";"UOP01-DEL04-MG"
372869;2021-07-25;"domingo";"16:04:00";"MS";463;1,1;"DOURADOS";"Transitar na contramão";"Colisão frontal";"Com Vítimas Feridas";"Pleno dia";"Decrescente";"Céu Claro";"Simples";"Reta";"Sim";4;0;1;2;1;0;3;2;-22,259078;-54,81335;"SPRF-MS";"DEL04-MS";"UOP01-DEL04-MS"
372870;2021-07-25;"domingo";"17:15:00";"SP";116;300;"SAO LOURENCO DA SERRA";"Ausência de reação do condutor";"Colisão traseira";"Com Vítimas Feridas";"Anoitecer";"Decrescente";"Céu Claro";"Dupla";"Reta";"Não";2;0;1;0;1;0;1;2;-23,80425272;-46,92143625;"SPRF-SP";"DEL04-SP";"UOP01-DEL04-SP"
372871;2021-07-25;"domingo";"16:40:00";"MG";381;477,5;"CONTAGEM";"Condutor deixou de manter distância do veículo da frente";"Colisão traseira";"Sem Vítimas";"Pleno dia";"Decrescente";"Céu Claro";"Dupla";"Aclive;Reta";"Sim";2;0;0;0;2;0;0;2;-19,96179268;-44,05041676;"SPRF-MG";"DEL01-MG";"UOP03-DEL01-MG"
372872;2021-07-25;"domingo";"15:56:00";"RO";364;341,8;"JI-PARANA";"Ingestão de álcool pelo condutor";"Colisão com objeto";"Com Vítimas Feridas";"Pleno dia";"Crescente";"Sol";"Dupla";"Reta";"Sim";4;0;3;0;0;1;3;3;-10,88987987;-61,93126772;"SPRF-RO";"DEL02-RO";"UOP01-DEL02-RO"
372873;2021-07-25;"domingo";"17:00:00";"RJ";101;309;"SAO GONCALO";"Reação tardia ou ineficiente do condutor";"Colisão com objeto";"Com Vítimas Feridas";"Anoitecer";"Crescente";"Céu Claro";"Simples";"Reta";"Sim";1;0;1;0;0;0;1;1;-22,79498873;-43,03446105;"SPRF-RJ";"DEL02-RJ";"UOP02-DEL02-RJ"
372875;2021-07-25;"domingo";"17:00:00";"MG";50;0,3;"ARAGUARI";"Ingestão de álcool e/ou substâncias psicoativas pelo pedestre";"Tombamento";"Com Vítimas Feridas";"Anoitecer";"Crescente";"Céu Claro";"Dupla";"Reta;Aclive";"Não";1;0;1;0;0;0;1;1;-18,42689125;-48,06329727;"SPRF-MG";"DEL15-MG";"UOP02-DEL15-MG"
372881;2021-07-25;"domingo";"15:15:00";"SC";470;206,6;"SAO CRISTOVAO DO SUL";"Reação tardia ou ineficiente do condutor";"Capotamento";"Com Vítimas Feridas";"Pleno dia";"Crescente";"Céu Claro";"Simples";"Reta";"Não";2;0;1;0;1;0;1;1;-27,294376;-50,184925;"SPRF-SC";"DEL05-SC";"UOP03-DEL05-SC"
372882;2021-07-25;"domingo";"17:30:00";"PE";232;334;"CUSTODIA";"Ingestão de álcool pelo condutor";"Colisão lateral mesmo sentido";"Com Vítimas Feridas";"Anoitecer";"Crescente";"Nublado";"Simples";"Reta";"Sim";2;0;1;0;1;0;1;2;-8,08748731;-37,6361501;"SPRF-PE";"DEL03-PE";"UOP02-DEL03-PE"
372883;2021-07-25;"domingo";"15:30:00";"SC";282;43,8;"AGUAS MORNAS";"Transitar na contramão";"Queda de ocupante de veículo";"Com Vítimas Feridas";"Pleno dia";"Crescente";"Céu Claro";"Simples";"Curva";"Não";2;0;2;0;0;0;2;1;-27,719458;-48,897526;"SPRF-SC";"DEL01-SC";"UOP03-DEL01-SC"
372884;2021-07-25;"domingo";"18:30:00";"PR";487;128,7;"TUNEIRAS DO OESTE";"Reação tardia ou ineficiente do condutor";"Colisão traseira";"Com Vítimas Fatais";"Pleno dia";"Crescente";"Céu Claro";"Simples";"Reta";"Não";3;1;1;0;0;1;1;3;-23,87616234;-52,85021513;"SPRF-PR";"DEL09-PR";"UOP03-DEL09-PR"
372885;2021-07-25;"domingo";"18:20:00";"PE";101;91,5;"CABO DE SANTO AGOSTINHO";"Chuva";"Queda de ocupante de veículo";"Com Vítimas Feridas";"Plena Noite";"Decrescente";"Chuva";"Dupla";"Reta";"Não";2;0;0;1;1;0;1;1;-8,22399812;-34,99290474;"SPRF-PE";"DEL01-PE";"UOP01-DEL01-PE"
372886;2021-07-25;"domingo";"18:44:00";"GO";40;23;"LUZIANIA";"Reação tardia ou ineficiente do condutor";"Colisão com objeto";"Com Vítimas Feridas";"Anoitecer";"Crescente";"Céu Claro";"Dupla";"Reta";"Sim";1;0;0;1;0;0;1;1;-16,236391;-47,912182;"SPRF-DF";"DEL01-DF";"UOP01-DEL01-DF"
372888;2021-07-25;"domingo";"18:35:00";"PR";277;3,6;"PARANAGUA";"Acessar a via sem observar a presença dos outros veículos";"Colisão transversal";"Com Vítimas Feridas";"Plena Noite";"Decrescente";"Céu Claro";"Simples";"Reta;Interseção de Vias";"Sim";2;0;0;1;1;0;1;2;-25,546313;-48,560234;"SPRF-PR";"DEL01-PR";"UOP05-DEL01-PR"
372889;2021-07-25;"domingo";"18:00:00";"BA";116;820,5;"VITORIA DA CONQUISTA";"Velocidade Incompatível";"Capotamento";"Com Vítimas Feridas";"Anoitecer";"Crescente";"Céu Claro";"Simples";"Reta;Declive";"Sim";6;0;4;0;1;1;4;3;-14,83109809;-40,837192;"SPRF-BA";"DEL08-BA";"UOP01-DEL08-BA"
372890;2021-07-25;"domingo";"17:30:00";"PR";153;392,2;"MALLET";"Reação tardia ou ineficiente do condutor";"Saída de leito carroçável";"Com Vítimas Feridas";"Anoitecer";"Decrescente";"Céu Claro";"Simples";"Curva";"Não";3;0;2;1;0;0;3;1;-25,89849495;-50,83374277;"SPRF-PR";"DEL02-PR";"UOP04-DEL02-PR"
372891;2021-07-25;"domingo";"18:40:00";"SP";116;118;"TAUBATE";"Ausência de reação do condutor";"Colisão traseira";"Com Vítimas Feridas";"Anoitecer";"Crescente";"Céu Claro";"Dupla";"Reta";"Não";3;0;2;0;1;0;2;2;-23,06266296;-45,62665044;"SPRF-SP";"DEL02-SP";"UOP02-DEL02-SP"
372892;2021-07-25;"domingo";"18:40:00";"SP";116;444;"REGISTRO";"Ingestão de álcool e/ou substâncias psicoativas pelo pedestre";"Atropelamento de Pedestre";"Com Vítimas Feridas";"Plena Noite";"Decrescente";"Céu Claro";"Dupla";"Reta";"Sim";2;0;1;0;1;0;1;2;-24,49129421;-47,83614553;"SPRF-SP";"DEL05-SP";"UOP01-DEL05-SP"
372893;2021-07-25;"domingo";"18:40:00";"PR";469;15;"FOZ DO IGUACU";"Ausência de reação do condutor";"Colisão lateral sentido oposto";"Sem Vítimas";"Plena Noite";"Decrescente";"Céu Claro";"Simples";"Aclive";"Sim";3;0;0;0;3;0;0;3;-25,58164981;-54,52919126;"SPRF-PR";"DEL05-PR";"UOP04-DEL05-PR"
372896;2021-07-25;"domingo";"16:30:00";"GO";153;562,2;"PROFESSOR JAMIL";"Velocidade Incompatível";"Saída de leito carroçável";"Com Vítimas Feridas";"Pleno dia";"Decrescente";"Céu Claro";"Dupla";"Curva";"Não";5;0;4;0;1;0;4;1;-17,2316;-49,2328;"SPRF-GO";"DEL03-GO";"UOP01-DEL03-GO"
372898;2021-07-25;"domingo";"18:30:00";"SC";470;3,9;"NAVEGANTES";"Reação tardia ou ineficiente do condutor";"Engavetamento";"Com Vítimas Feridas";"Plena Noite";"Crescente";"Nublado";"Dupla";"Reta";"Sim";5;0;0;1;4;0;1;4;-26,861937;-48,681618;"SPRF-SC";"DEL04-SC";"UOP04-DEL04-SC"
372899;2021-07-25;"domingo";"17:15:00";"RJ";101;592;"PARATY";"Acessar a via sem observar a presença dos outros veículos";"Colisão transversal";"Com Vítimas Feridas";"Pleno dia";"Decrescente";"Céu Claro";"Simples";"Retorno Regulamentado";"Sim";3;0;1;0;2;0;1;2;-23,31817395;-44,72195503;"SPRF-RJ";"DEL03-RJ";"UOP04-DEL03-RJ"
372900;2021-07-25;"domingo";"19:40:00";"SP";116;475;"JACUPIRANGA";"Manobra de mudança de faixa";"Colisão transversal";"Com Vítimas Feridas";"Plena Noite";"Decrescente";"Céu Claro";"Simples";"Reta";"Não";2;0;2;0;0;0;2;2;-24,68648001;-47,98910399;"SPRF-SP";"DEL05-SP";"UOP01-DEL05-SP"
372901;2021-07-25;"domingo";"18:40:00";"RS";116;46,9;"VACARIA";"Reação tardia ou ineficiente do condutor";"Colisão transversal";"Sem Vítimas";"Plena Noite";"Decrescente";"Céu Claro";"Simples";"Reta";"Não";3;0;0;0;1;2;0;3;-28,55229711;-50,98276079;"SPRF-RS";"DEL05-RS";"UOP03-DEL05-RS"
372904;2021-07-25;"domingo";"19:50:00";"RJ";116;179;"NOVA IGUACU";"Trafegar com motocicleta (ou similar) entre as faixas";"Colisão traseira";"Com Vítimas Feridas";"Plena Noite";"Decrescente";"Céu Claro";"Múltipla";"Reta";"Sim";3;0;2;0;0;1;2;2;-22,769902;-43,408036;"SPRF-RJ";"DEL01-RJ";"UOP02-DEL01-RJ"
372905;2021-07-25;"domingo";"19:50:00";"DF";70;19;"BRASILIA";"Velocidade Incompatível";"Capotamento";"Com Vítimas Feridas";"Plena Noite";"Crescente";"Céu Claro";"Dupla";"Declive";"Não";2;0;1;0;1;0;1;1;-15,788868;-48,220242;"SPRF-DF";"DEL03-DF";"UOP02-DEL03-DF"
372906;2021-07-25;"domingo";"20:00:00";"MG";40;632,6;"CONSELHEIRO LAFAIETE";"Retorno proibido";"Colisão transversal";"Com Vítimas Feridas";"Plena Noite";"Crescente";"Céu Claro";"Dupla";"Curva;Aclive";"Não";2;0;0;2;0;0;2;2;-20,67348593;-43,7968977;"SPRF-MG";"DEL05-MG";"UOP02-DEL05-MG"
372907;2021-07-25;"domingo";"19:55:00";"SC";101;205,1;"FLORIANOPOLIS";"Ingestão de álcool pelo condutor";"Colisão com objeto";"Com Vítimas Feridas";"Plena Noite";"Crescente";"Céu Claro";"Múltipla";"Curva;Interseção de Vias";"Sim";1;0;1;0;0;0;1;1;-27,58313237;-48,61532885;"SPRF-SC";"DEL01-SC";"UOP01-DEL01-SC"
372908;2021-07-25;"domingo";"19:15:00";"DF";80;16;"BRASILIA";"Ingestão de álcool pelo condutor";"Colisão transversal";"Sem Vítimas";"Plena Noite";"Decrescente";"Céu Claro";"Simples";"Reta";"Não";2;0;0;0;2;0;0;2;-15,701065;-48,202263;"SPRF-DF";"DEL03-DF";"UOP02-DEL03-DF"
372909;2021-07-25;"domingo";"20:00:00";"MG";262;371,1;"JUATUBA";"Velocidade Incompatível";"Capotamento";"Com Vítimas Feridas";"Plena Noite";"Crescente";"Nublado";"Dupla";"Curva";"Não";3;0;1;0;2;0;1;1;-19,95668537;-44,36368883;"SPRF-MG";"DEL01-MG";"UOP03-DEL01-MG"
372910;2021-07-25;"domingo";"20:15:00";"SC";101;216,1;"PALHOCA";"Condutor deixou de manter distância do veículo da frente";"Colisão traseira";"Com Vítimas Feridas";"Plena Noite";"Crescente";"Céu Claro";"Dupla";"Reta";"Sim";2;0;1;0;1;0;1;2;-27,65981409;-48,67747798;"SPRF-SC";"DEL01-SC";"UOP02-DEL01-SC"
372912;2021-07-25;"domingo";"20:00:00";"PB";104;137,6;"QUEIMADAS";"Ingestão de álcool pelo condutor";"Saída de leito carroçável";"Sem Vítimas";"Plena Noite";"Decrescente";"Céu Claro";"Simples";"Reta";"Não";1;0;0;0;1;0;0;1;-7,352277;-35,90094;"SPRF-PB";"DEL02-PB";"UOP03-DEL02-PB"
372913;2021-07-25;"domingo";"17:40:00";"SC";280;28;"ARAQUARI";"Acessar a via sem observar a presença dos outros veículos";"Colisão transversal";"Com Vítimas Feridas";"Anoitecer";"Decrescente";"Céu Claro";"Simples";"Reta;Em Obras;Interseção de Vias";"Sim";3;0;2;0;1;0;2;2;-26,40450077;-48,74561031;"SPRF-SC";"DEL03-SC";"UOP03-DEL03-SC"
372916;2021-07-25;"domingo";"20:00:00";"PE";424;87,5;"GARANHUNS";"Pedestre andava na pista";"Atropelamento de Pedestre";"Com Vítimas Feridas";"Plena Noite";"Decrescente";"Nublado";"Simples";"Aclive;Reta";"Não";2;0;0;2;0;0;2;2;-8,882967;-36,508531;"SPRF-PE";"DEL03-PE";"UOP01-DEL03-PE"
372918;2021-07-25;"domingo";"19:45:00";"RO";364;191,5;"PIMENTA BUENO";"Ingestão de álcool pelo condutor";"Tombamento";"Com Vítimas Feridas";"Plena Noite";"Crescente";"Céu Claro";"Simples";"Reta";"Não";1;0;0;1;0;0;1;1;-11,71739105;-61,15037204;"SPRF-RO";"DEL02-RO";"UOP02-DEL02-RO"
372919;2021-07-25;"domingo";"20:20:00";"MG";381;897,2;"CAMBUI";"Ingestão de álcool pelo condutor";"Saída de leito carroçável";"Com Vítimas Feridas";"Plena Noite";"Crescente";"Céu Claro";"Dupla";"Reta";"Sim";2;0;2;0;0;0;2;1;-22,60034453;-46,05778838;"SPRF-MG";"DEL16-MG";"UOP03-DEL16-MG"
372920;2021-07-25;"domingo";"20:50:00";"RN";101;133;"SAO JOSE DE MIPIBU";"Ausência de reação do condutor";"Colisão lateral mesmo sentido";"Com Vítimas Feridas";"Plena Noite";"Decrescente";"Nevoeiro/Neblina";"Dupla";"Reta";"Não";6;0;4;0;0;2;4;3;-6,14423498;-35,22726417;"SPRF-RN";"DEL01-RN";"UOP01-DEL01-RN"
372921;2021-07-25;"domingo";"20:50:00";"SC";101;72,8;"ARAQUARI";"Pedestre andava na pista";"Atropelamento de Pedestre";"Com Vítimas Fatais";"Plena Noite";"Decrescente";"Céu Claro";"Dupla";"Reta";"Não";4;1;0;1;2;0;1;3;-26,5355345;-48,7131932;"SPRF-SC";"DEL03-SC";"UOP02-DEL03-SC"
372922;2021-07-25;"domingo";"21:05:00";"SC";101;346;"JAGUARUNA";"Reação tardia ou ineficiente do condutor";"Colisão lateral mesmo sentido";"Com Vítimas Feridas";"Plena Noite";"Crescente";"Nublado";"Dupla";"Reta";"Sim";4;0;2;0;2;0;2;2;-28,55485199;-49,0540891;"SPRF-SC";"DEL02-SC";"UOP01-DEL02-SC"
372923;2021-07-25;"domingo";"20:00:00";"MG";116;371,7;"FREI INOCENCIO";"Entrada inopinada do pedestre";"Atropelamento de Pedestre";"Com Vítimas Fatais";"Plena Noite";"Crescente";"Céu Claro";"Simples";"Reta";"Não";3;1;0;0;2;0;0;2;-18,546749;-41,902725;"SPRF-MG";"DEL11-MG";"UOP01-DEL11-MG"
372925;2021-07-25;"domingo";"21:20:00";"TO";153;140;"ARAGUAINA";"Reação tardia ou ineficiente do condutor";"Eventos atípicos";"Com Vítimas Feridas";"Plena Noite";"Crescente";"Céu Claro";"Dupla";"Reta";"Não";1;0;1;0;0;0;1;1;-7,169616;-48,21328;"SPRF-TO";"DEL02-TO";"UOP01-DEL02-TO"
372926;2021-07-25;"domingo";"08:10:00";"AL";316;227,4;"ATALAIA";"Pista Escorregadia";"Tombamento";"Com Vítimas Fatais";"Plena Noite";"Crescente";"Chuva";"Simples";"Reta";"Não";2;1;0;0;0;1;0;2;-9,49041685;-36,14484286;"SPRF-AL";"DEL01-AL";"UOP01-DEL01-AL"
372927;2021-07-25;"domingo";"06:00:00";"RS";285;201;"LAGOA VERMELHA";"Velocidade Incompatível";"Saída de leito carroçável";"Sem Vítimas";"Plena Noite";"Decrescente";"Céu Claro";"Simples";"Declive";"Não";1;0;0;0;0;1;0;1;-28,20826183;-51,54287338;"SPRF-RS";"DEL08-RS";"UOP05-DEL08-RS"
372928;2021-07-10;"sábado";"00:50:00";"RS";158;214,6;"CRUZ ALTA";"Ausência de reação do condutor";"Capotamento";"Com Vítimas Feridas";"Plena Noite";"Crescente";"Céu Claro";"Simples";"Reta";"Não";1;0;0;1;0;0;1;1;-28,80854515;-53,60889162;"SPRF-RS";"DEL10-RS";"UOP02-DEL10-RS"
372929;2021-07-25;"domingo";"18:55:00";"PR";153;373;"RIO AZUL";"Ingestão de álcool pelo condutor";"Queda de ocupante de veículo";"Com Vítimas Feridas";"Plena Noite";"Crescente";"Céu Claro";"Simples";"Reta";"Não";1;0;1;0;0;0;1;1;-25,75354168;-50,83270701;"SPRF-PR";"DEL03-PR";"UOP03-DEL03-PR"