"id";"data_inversa";"dia_semana";"horario";"uf";"br";"km";"municipio";"causa_acidente";"tipo_acidente";"classificacao_acidente";"fase_dia";"sentido_via";"condicao_metereologica";"tipo_pista";"tracado_via";"uso_solo";"pessoas";"mortos";"feridos_leves";"feridos_graves";"ilesos";"ignorados";"feridos";"veiculos";"latitude";"longitude";"regional";"delegacia";"uop"
373041;2021-07-26;"segunda-feira";"11:50:00";"BA";242;833;"BARREIRAS";"Demais falhas mecânicas ou elétricas";"Incêndio";"Sem Vítimas";"Pleno dia";"Decrescente";"Céu Claro";"Simples";"Reta";"Não";1;0;0;0;1;0;0;1;-12,100532;-45,348824;"SPRF-BA";"DEL10-BA";"UOP01-DEL10-BA"
373042;2021-07-26;"segunda-feira";"13:00:00";"PR";116;119;"CURITIBA";"Velocidade Incompatível";"Colisão traseira";"Com Vítimas Feridas";"Pleno dia";"Decrescente";"Sol";"Dupla";"Reta";"Sim";5;0;3;1;1;0;4;3;-25,54456009;-49,30146002;"SPRF-PR";"DEL01-PR";"UOP01-DEL01-PR"
373043;2021-07-26;"segunda-feira";"13:00:00";"PE";101;99;"CABO DE SANTO AGOSTINHO";"Reação tardia ou ineficiente do condutor";"Colisão com objeto";"Com Vítimas Fatais";"Pleno dia";"Decrescente";"Sol";"Múltipla";"Reta";"Sim";1;1;0;0;0;0;0;1;-8,26025316;-35,04629883;"SPRF-PE";"DEL01-PE";"UOP01-DEL01-PE"
373045;2021-07-26;"segunda-feira";"13:30:00";"MG";50;67;"UBERLANDIA";"Manobra de mudança de faixa";"Colisão traseira";"Com Vítimas Feridas";"Pleno dia";"Crescente";"Céu Claro";"Dupla";"Reta;Interseção de Vias";"Sim";2;0;1;0;1;0;1;2;-18,85140204;-48,25345932;"SPRF-MG";"DEL15-MG";"UOP02-DEL15-MG"
373047;2021-07-26;"segunda-feira";"12:30:00";"RO";364;236,9;"CACOAL";"Condutor deixou de manter distância do veículo da frente";"Colisão lateral mesmo sentido";"Com Vítimas Feridas";"Pleno dia";"Crescente";"Céu Claro";"Simples";"Reta";"Sim";2;0;1;0;1;0;1;2;-11,44587672;-61,43784993;"SPRF-RO";"DEL02-RO";"UOP02-DEL02-RO"
373048;2021-07-02;"sexta-feira";"21:30:00";"ES";101;66,3;"SAO MATEUS";"Pedestre cruzava a pista fora da faixa";"Atropelamento de Pedestre";"Com Vítimas Feridas";"Plena Noite";"Decrescente";"Céu Claro";"Múltipla";"Reta";"Sim";2;0;1;1;0;0;2;2;-18,7165195;-39,87436378;"SPRF-ES";"DEL04-ES";"UOP02-DEL04-ES"
373053;2021-07-26;"segunda-feira";"10:35:00";"PR";277;4,3;"FOZ DO IGUACU";"Desrespeitar a preferência no cruzamento";"Colisão transversal";"Com Vítimas Feridas";"Pleno dia";"Decrescente";"Céu Claro";"Dupla";"Interseção de Vias";"Sim";6;0;5;0;1;0;5;2;-25,46908;-54,584996;"SPRF-PR";"DEL05-PR";"UOP03-DEL05-PR"
373054;2021-07-26;"segunda-feira";"14:00:00";"ES";101;283;"CARIACICA";"Avarias e/ou desgaste excessivo no pneu";"Queda de ocupante de veículo";"Com Vítimas Feridas";"Pleno dia";"Crescente";"Céu Claro";"Dupla";"Reta";"Sim";1;0;1;0;0;0;1;1;-20,23438373;-40,3693577;"SPRF-ES";"DEL01-ES";"UOP01-DEL01-ES"
373055;2021-07-26;"segunda-feira";"13:45:00";"MG";40;638,5;"CONSELHEIRO LAFAIETE";"Fumaça";"Colisão traseira";"Com Vítimas Feridas";"Pleno dia";"Crescente";"Céu Claro";"Simples";"Aclive";"Não";3;0;1;0;2;0;1;2;-20,72342022;-43,80026653;"SPRF-MG";"DEL05-MG";"UOP02-DEL05-MG"
373056;2021-07-17;"sábado";"16:45:00";"PR";116;125;"FAZENDA RIO GRANDE";"Ingestão de álcool pelo condutor";"Colisão traseira";"Sem Vítimas";"Pleno dia";"Crescente";"Céu Claro";"Dupla";"Reta";"Sim";2;0;0;0;2;0;0;2;-25,59505309;-49,31630659;"SPRF-PR";"DEL01-PR";"UOP03-DEL01-PR"
373058;2021-07-26;"segunda-feira";"13:00:00";"PR";277;4;"FOZ DO IGUACU";"Deficiência do Sistema de Iluminação/Sinalização";"Saída de leito carroçável";"Com Vítimas Feridas";"Pleno dia";"Crescente";"Céu Claro";"Dupla";"Reta";"Sim";2;0;1;0;1;0;1;2;-25,5469;-54,5882;"SPRF-PR";"DEL05-PR";"UOP03-DEL05-PR"
373059;2021-07-26;"segunda-feira";"14:50:00";"TO";153;160,7;"ARAGUAINA";"Condutor deixou de manter distância do veículo da frente";"Colisão traseira";"Sem Vítimas";"Pleno dia";"Decrescente";"Céu Claro";"Simples";"Reta";"Não";5;0;0;0;5;0;0;2;-7,32115694;-48,3055211;"SPRF-TO";"DEL02-TO";"UOP01-DEL02-TO"
373060;2021-07-26;"segunda-feira";"14:40:00";"SP";116;108,9;"TAUBATE";"Transitar no acostamento";"Colisão lateral mesmo sentido";"Com Vítimas Feridas";"Pleno dia";"Crescente";"Céu Claro";"Dupla";"Reta";"Sim";2;0;1;0;1;0;1;2;-23,0233097;-45,53763622;"SPRF-SP";"DEL08-SP";"UOP01-DEL08-SP"
373061;2021-07-26;"segunda-feira";"14:45:00";"DF";70;9;"BRASILIA";"Trafegar com motocicleta (ou similar) entre as faixas";"Colisão traseira";"Sem Vítimas";"Pleno dia";"Crescente";"Céu Claro";"Dupla";"Reta";"Sim";2;0;0;0;1;1;0;2;-15,784615;-48,132023;"SPRF-DF";"DEL03-DF";"UOP02-DEL03-DF"
373063;2021-07-26;"segunda-feira";"13:30:00";"SC";101;150;"ITAPEMA";"Condutor deixou de manter distância do veículo da frente";"Colisão traseira";"Com Vítimas Feridas";"Pleno dia";"Decrescente";"Sol";"Simples";"Reta";"Sim";2;0;1;0;1;0;1;2;-27,11700636;-48,60917157;"SPRF-SC";"DEL04-SC";"UOP03-DEL04-SC"
373065;2021-07-25;"domingo";"23:14:00";"PR";376;503;"PONTA GROSSA";"Reação tardia ou ineficiente do condutor";"Colisão traseira";"Com Vítimas Feridas";"Plena Noite";"Decrescente";"Céu Claro";"Dupla";"Reta";"Não";1;0;0;1;0;0;1;1;-25,22314697;-50,05150696;"SPRF-PR";"DEL03-PR";"UOP01-DEL03-PR"
373066;2021-07-26;"segunda-feira";"14:40:00";"SC";282;402,3;"JOACABA";"Demais falhas mecânicas ou elétricas";"Incêndio";"Sem Vítimas";"Pleno dia";"Crescente";"Céu Claro";"Simples";"Curva";"Não";1;0;0;0;1;0;0;1;-27,115656;-51,631065;"SPRF-SC";"DEL07-SC";"UOP05-DEL07-SC"
373067;2021-07-26;"segunda-feira";"15:30:00";"DF";70;8;"BRASILIA";"Manobra de mudança de faixa";"Colisão lateral mesmo sentido";"Com Vítimas Feridas";"Pleno dia";"Crescente";"Céu Claro";"Dupla";"Reta";"Sim";2;0;1;0;1;0;1;2;-15,784966;-48,122108;"SPRF-DF";"DEL03-DF";"UOP02-DEL03-DF"
373068;2021-07-25;"domingo";"06:00:00";"MT";70;31,8;"BARRA DO GARCAS";"Ausência de reação do condutor";"Saída de leito carroçável";"Com Vítimas Feridas";"Amanhecer";"Decrescente";"Céu Claro";"Simples";"Reta";"Não";2;0;1;0;1;0;1;1;-15,79252515;-52,48943424;"SPRF-MT";"DEL07-MT";"UOP01-DEL07-MT"
373069;2021-07-26;"segunda-feira";"14:25:00";"RO";364;233;"CACOAL";"Transitar no acostamento";"Colisão transversal";"Com Vítimas Feridas";"Pleno dia";"Crescente";"Céu Claro";"Simples";"Reta";"Não";2;0;0;2;0;0;2;2;-11,46104613;-61,41546107;"SPRF-RO";"DEL02-RO";"UOP02-DEL02-RO"
373070;2021-07-26;"segunda-feira";"15:30:00";"ES";101;134,1;"LINHARES";"Ausência de reação do condutor";"Colisão com objeto";"Com Vítimas Feridas";"Pleno dia";"Decrescente";"Céu Claro";"Simples";"Reta";"Não";1;0;1;0;0;0;1;1;-19,26602502;-40,08886123;"SPRF-ES";"DEL04-ES";"UOP01-DEL04-ES"
373072;2021-07-26;"segunda-feira";"14:45:00";"CE";222;1;"CAUCAIA";"Pista esburacada";"Queda de ocupante de veículo";"Com Vítimas Feridas";"Pleno dia";"Crescente";"Céu Claro";"Dupla";"Reta";"Sim";1;0;1;0;0;0;1;1;-3,74234836;-38,6256061;"SPRF-CE";"DEL01-CE";"UOP01-DEL01-CE"
373077;2021-07-26;"segunda-feira";"15:35:00";"MG";381;791,9;"SAO GONCALO DO SAPUCAI";"Demais falhas mecânicas ou elétricas";"Colisão com objeto";"Com Vítimas Feridas";"Pleno dia";"Crescente";"Céu Claro";"Dupla";"Curva";"Não";4;0;3;0;1;0;3;2;-21,91694596;-45,58909701;"SPRF-MG";"DEL16-MG";"UOP02-DEL16-MG"
373078;2021-07-26;"segunda-feira";"16:15:00";"SC";101;210;"SAO JOSE";"Condutor deixou de manter distância do veículo da frente";"Colisão traseira";"Com Vítimas Feridas";"Pleno dia";"Decrescente";"Sol";"Múltipla";"Reta";"Sim";2;0;0;1;1;0;1;2;-27,6167305;-48,6457265;"SPRF-SC";"DEL01-SC";"UOP01-DEL01-SC"
373081;2021-07-26;"segunda-feira";"09:00:00";"MT";163;607;"NOVA MUTUM";"Condutor deixou de manter distância do veículo da frente";"Engavetamento";"Com Vítimas Feridas";"Pleno dia";"Decrescente";"Céu Claro";"Simples";"Reta";"Não";5;0;2;0;3;0;2;3;-13,84568605;-56,08401163;"SPRF-MT";"DEL01-MT";"UOP01-DEL01-MT"
373082;2021-07-26;"segunda-feira";"16:42:00";"PB";230;18;"JOAO PESSOA";"Transitar na contramão";"Colisão frontal";"Com Vítimas Feridas";"Pleno dia";"Crescente";"Céu Claro";"Simples";"Curva";"Sim";2;0;2;0;0;0;2;2;-7,1198;-34,8453;"SPRF-PB";"DEL01-PB";"UOP01-DEL01-PB"
373083;2021-07-26;"segunda-feira";"16:20:00";"SP";116;342;"JUQUITIBA";"Animais na Pista";"Atropelamento de Animal";"Sem Vítimas";"Pleno dia";"Crescente";"Céu Claro";"Dupla";"Reta";"Não";1;0;0;0;1;0;0;1;-24,01625202;-47,16797896;"SPRF-SP";"DEL04-SP";"UOP02-DEL04-SP"
373087;2021-07-26;"segunda-feira";"17:00:00";"CE";20;405;"CAUCAIA";"Acessar a via sem observar a presença dos outros veículos";"Colisão lateral mesmo sentido";"Com Vítimas Feridas";"Pleno dia";"Decrescente";"Céu Claro";"Simples";"Reta";"Sim";2;0;1;0;1;0;1;2;-3,7740804;-38,6780848;"SPRF-CE";"DEL01-CE";"UOP01-DEL01-CE"
373090;2021-07-26;"segunda-feira";"16:00:00";"MT";364;257,4;"JUSCIMEIRA";"Avarias e/ou desgaste excessivo no pneu";"Saída de leito carroçável";"Com Vítimas Feridas";"Pleno dia";"Crescente";"Sol";"Dupla";"Reta";"Não";5;0;5;0;0;0;5;1;-16,05604156;-54,8739624;"SPRF-MT";"DEL02-MT";"UOP01-DEL02-MT"
373091;2021-07-26;"segunda-feira";"16:50:00";"RN";226;364,4;"ALMINO AFONSO";"Reação tardia ou ineficiente do condutor";"Colisão frontal";"Com Vítimas Fatais";"Pleno dia";"Decrescente";"Sol";"Simples";"Curva";"Não";2;1;0;1;0;0;1;2;-6,14853905;-37,75282299;"SPRF-RN";"DEL04-RN";"UOP01-DEL04-RN"
373092;2021-07-26;"segunda-feira";"15:00:00";"MT";163;746;"SORRISO";"Manobra de mudança de faixa";"Queda de ocupante de veículo";"Com Vítimas Feridas";"Pleno dia";"Decrescente";"Céu Claro";"Dupla";"Rotatória";"Sim";1;0;1;0;0;0;1;1;-12,598272;-55,747681;"SPRF-MT";"DEL06-MT";"UOP01-DEL06-MT"
373093;2021-07-26;"segunda-feira";"17:35:00";"AL";104;35;"UNIAO DOS PALMARES";"Conversão proibida";"Colisão frontal";"Com Vítimas Feridas";"Anoitecer";"Crescente";"Nublado";"Simples";"Reta";"Sim";2;0;0;1;1;0;1;2;-9,1616676;-36,01701171;"SPRF-AL";"DEL01-AL";"UOP02-DEL01-AL"
373094;2021-07-26;"segunda-feira";"17:30:00";"RS";116;249;"SAO LEOPOLDO";"Acumulo de água sobre o pavimento";"Colisão com objeto";"Com Vítimas Feridas";"Anoitecer";"Decrescente";"Chuva";"Dupla";"Reta";"Sim";1;0;1;0;0;0;1;1;-29,7833;-51,1608;"SPRF-RS";"DEL01-RS";"UOP02-DEL01-RS"
373096;2021-07-26;"segunda-feira";"17:40:00";"RN";101;103;"PARNAMIRIM";"Condutor deixou de manter distância do veículo da frente";"Colisão traseira";"Com Vítimas Feridas";"Anoitecer";"Decrescente";"Vento";"Múltipla";"Reta";"Sim";2;0;1;0;1;0;1;2;-5,89034022;-35,24894996;"SPRF-RN";"DEL01-RN";"UOP01-DEL01-RN"
373097;2021-07-26;"segunda-feira";"17:55:00";"MG";381;353;"JOAO MONLEVADE";"Mal súbito do condutor";"Tombamento";"Com Vítimas Feridas";"Plena Noite";"Crescente";"Céu Claro";"Simples";"Reta";"Não";3;0;2;0;0;1;2;2;-19,83894801;-43,18248641;"SPRF-MG";"DEL03-MG";"UOP01-DEL03-MG"
373098;2021-07-26;"segunda-feira";"17:10:00";"SP";116;284,9;"ITAPECERICA DA SERRA";"Avarias e/ou desgaste excessivo no pneu";"Tombamento";"Com Vítimas Feridas";"Anoitecer";"Decrescente";"Céu Claro";"Simples";"Retorno Regulamentado";"Sim";1;0;0;1;0;0;1;1;-23,68387025;-46,85819149;"SPRF-SP";"DEL04-SP";"UOP01-DEL04-SP"
373099;2021-07-26;"segunda-feira";"17:15:00";"PR";277;71;"SAO JOSE DOS PINHAIS";"Velocidade Incompatível";"Colisão traseira";"Com Vítimas Feridas";"Pleno dia";"Crescente";"Céu Claro";"Dupla";"Reta";"Não";4;0;2;0;2;0;2;2;-25,51316477;-49,12442207;"SPRF-PR";"DEL01-PR";"UOP01-DEL01-PR"
373103;2021-07-26;"segunda-feira";"17:00:00";"AL";316;103,8;"DOIS RIACHOS";"Ingestão de álcool pelo condutor";"Atropelamento de Pedestre";"Com Vítimas Feridas";"Anoitecer";"Decrescente";"Céu Claro";"Simples";"Reta";"Sim";3;0;0;1;1;1;1;2;-9,389313;-37,0887;"SPRF-AL";"DEL03-AL";"UOP01-DEL03-AL"
373104;2021-07-26;"segunda-feira";"16:58:00";"RJ";101;559;"PARATY";"Desrespeitar a preferência no cruzamento";"Colisão transversal";"Com Vítimas Feridas";"Pleno dia";"Decrescente";"Céu Claro";"Simples";"Reta";"Sim";2;0;1;0;1;0;1;2;-23,10469201;-44,70811182;"SPRF-RJ";"DEL03-RJ";"UOP04-DEL03-RJ"
373105;2021-07-26;"segunda-feira";"16:45:00";"SC";101;366,1;"SANGAO";"Demais falhas mecânicas ou elétricas";"Saída de leito carroçável";"Com Vítimas Feridas";"Pleno dia";"Decrescente";"Céu Claro";"Dupla";"Reta";"Não";2;0;0;1;1;0;1;1;-28,69359932;-49,16862488;"SPRF-SC";"DEL02-SC";"UOP01-DEL02-SC"
373106;2021-07-26;"segunda-feira";"18:20:00";"MG";40;608,6;"CONGONHAS";"Ausência de reação do condutor";"Tombamento";"Com Vítimas Feridas";"Plena Noite";"Crescente";"Céu Claro";"Simples";"Reta";"Não";1;0;1;0;0;0;1;1;-20,48427186;-43,83895771;"SPRF-MG";"DEL05-MG";"UOP02-DEL05-MG"
373107;2021-07-26;"segunda-feira";"18:15:00";"SC";101;211;"SAO JOSE";"Pedestre cruzava a pista fora da faixa";"Atropelamento de Pedestre";"Com Vítimas Feridas";"Anoitecer";"Crescente";"Céu Claro";"Dupla";"Reta";"Sim";2;0;0;1;1;0;1;2;-27,62329313;-48,65245588;"SPRF-SC";"DEL01-SC";"UOP02-DEL01-SC"
373108;2021-07-07;"quarta-feira";"18:35:00";"SC";101;37,1;"JOINVILLE";"Ausência de reação do condutor";"Colisão traseira";"Com Vítimas Feridas";"Anoitecer";"Crescente";"Céu Claro";"Dupla";"Reta";"Sim";3;0;1;0;0;2;1;3;-26,28569611;-48,88777077;"SPRF-SC";"DEL03-SC";"UOP01-DEL03-SC"
373109;2021-07-26;"segunda-feira";"17:35:00";"RN";101;78,8;"SAO GONCALO DO AMARANTE";"Desrespeitar a preferência no cruzamento";"Colisão transversal";"Sem Vítimas";"Pleno dia";"Crescente";"Nublado";"Dupla";"Retorno Regulamentado";"Não";2;0;0;0;2;0;0;2;-5,74071896;-35,29021064;"SPRF-RN";"DEL02-RN";"UOP01-DEL02-RN"
373111;2021-07-26;"segunda-feira";"18:00:00";"RJ";101;482,7;"ANGRA DOS REIS";"Pedestre cruzava a pista fora da faixa";"Atropelamento de Pedestre";"Com Vítimas Feridas";"Plena Noite";"Crescente";"Céu Claro";"Simples";"Curva";"Sim";2;0;0;1;1;0;1;2;-23,00453;-44,29746;"SPRF-RJ";"DEL03-RJ";"UOP03-DEL03-RJ"
373112;2021-07-26;"segunda-feira";"18:50:00";"SP";116;157,5;"SAO JOSE DOS CAMPOS";"Reação tardia ou ineficiente do condutor";"Engavetamento";"Com Vítimas Feridas";"Plena Noite";"Crescente";"Céu Claro";"Múltipla";"Reta";"Sim";2;0;1;0;1;0;1;2;-23,25558031;-45,9437828;"SPRF-SP";"DEL02-SP";"UOP01-DEL02-SP"
373114;2021-07-26;"segunda-feira";"18:50:00";"SP";101;43;"UBATUBA";"Ingestão de álcool pelo condutor";"Engavetamento";"Sem Vítimas";"Plena Noite";"Crescente";"Nublado";"Simples";"Rotatória";"Sim";3;0;0;0;3;0;0;3;-23,40961771;-45,05905151;"SPRF-SP";"DEL06-SP";"UOP01-DEL06-SP"
373116;2021-07-26;"segunda-feira";"19:00:00";"RS";472;115,3;"BOA VISTA DO BURICA";"Desrespeitar a preferência no cruzamento";"Colisão transversal";"Sem Vítimas";"Plena Noite";"Crescente";"Garoa/Chuvisco";"Simples";"Reta";"Sim";2;0;0;0;2;0;0;2;-27,67675864;-54,11571264;"SPRF-RS";"DEL10-RS";"UOP01-DEL10-RS"
373117;2021-07-26;"segunda-feira";"17:30:00";"AL";316;145,3;"PALMEIRA DOS INDIOS";"Condutor deixou de manter distância do veículo da frente";"Colisão traseira";"Com Vítimas Feridas";"Anoitecer";"Crescente";"Céu Claro";"Simples";"Reta";"Sim";3;0;0;1;2;0;1;2;-9,39817551;-36,71361111;"SPRF-AL";"DEL03-AL";"UOP01-DEL03-AL"
373118;2021-07-26;"segunda-feira";"19:15:00";"BA";101;878;"TEIXEIRA DE FREITAS";"Iluminação deficiente";"Colisão frontal";"Com Vítimas Feridas";"Plena Noite";"Crescente";"Nublado";"Simples";"Reta";"Não";2;0;0;1;1;0;1;2;-17,54750642;-39,71967336;"SPRF-BA";"DEL09-BA";"UOP02-DEL09-BA"
373119;2021-07-26;"segunda-feira";"18:50:00";"RS";290;325;"CACAPAVA DO SUL";"Reação tardia ou ineficiente do condutor";"Saída de leito carroçável";"Com Vítimas Feridas";"Plena Noite";"Crescente";"Chuva";"Simples";"Curva";"Não";1;0;1;0;0;0;1;1;-30,367296;-53,437057;"SPRF-RS";"DEL09-RS";"UOP02-DEL09-RS"
373120;2021-07-26;"segunda-feira";"18:00:00";"CE";222;234,1;"SOBRAL";"Ultrapassagem Indevida";"Colisão frontal";"Com Vítimas Feridas";"Plena Noite";"Crescente";"Céu Claro";"Simples";"Reta";"Não";3;0;2;1;0;0;3;2;-3,71210053;-40,42655408;"SPRF-CE";"DEL04-CE";"UOP01-DEL04-CE"
373122;2021-07-26;"segunda-feira";"17:40:00";"MG";381;169,9;"GOVERNADOR VALADARES";"Ingestão de álcool pelo condutor";"Colisão lateral sentido oposto";"Sem Vítimas";"Anoitecer";"Crescente";"Nublado";"Simples";"Ponte";"Não";3;0;0;0;3;0;0;3;-18,96700208;-42,09033791;"SPRF-MG";"DEL06-MG";"UOP01-DEL06-MG"
373123;2021-07-26;"segunda-feira";"19:20:00";"RJ";101;484,5;"ANGRA DOS REIS";"Acessar a via sem observar a presença dos outros veículos";"Colisão lateral sentido oposto";"Sem Vítimas";"Plena Noite";"Decrescente";"Céu Claro";"Simples";"Interseção de Vias";"Sim";2;0;0;0;2;0;0;2;-22,99096308;-44,30429882;"SPRF-RJ";"DEL03-RJ";"UOP03-DEL03-RJ"
373125;2021-07-26;"segunda-feira";"19:55:00";"RS";116;260;"CANOAS";"Chuva";"Colisão traseira";"Com Vítimas Feridas";"Plena Noite";"Decrescente";"Chuva";"Dupla";"Reta";"Sim";2;0;0;1;1;0;1;2;-29,879208;-51,18045622;"SPRF-RS";"DEL01-RS";"UOP01-DEL01-RS"
373126;2021-07-26;"segunda-feira";"19:50:00";"CE";20;407;"CAUCAIA";"Acessar a via sem observar a presença dos outros veículos";"Colisão transversal";"Com Vítimas Feridas";"Plena Noite";"Crescente";"Céu Claro";"Dupla";"Reta";"Não";3;0;1;0;0;2;1;3;-3,76999035;-38,67006282;"SPRF-CE";"DEL01-CE";"UOP01-DEL01-CE"
373127;2021-07-03;"sábado";"09:00:00";"SP";116;270;"TABOAO DA SERRA";"Trafegar com motocicleta (ou similar) entre as faixas";"Colisão traseira";"Com Vítimas Feridas";"Pleno dia";"Decrescente";"Céu Claro";"Dupla";"Reta";"Sim";3;0;1;0;2;0;1;3;-23,61799728;-46,79677694;"SPRF-SP";"DEL04-SP";"UOP01-DEL04-SP"
373128;2021-07-26;"segunda-feira";"20:20:00";"SC";280;56;"GUARAMIRIM";"Acessar a via sem observar a presença dos outros veículos";"Colisão transversal";"Com Vítimas Feridas";"Plena Noite";"Decrescente";"Céu Claro";"Dupla";"Rotatória";"Sim";3;0;2;0;1;0;2;2;-26,47947677;-49,00298702;"SPRF-SC";"DEL03-SC";"UOP03-DEL03-SC"
373132;2021-07-26;"segunda-feira";"15:45:00";"MA";230;402;"BALSAS";"Conversão proibida";"Colisão transversal";"Sem Vítimas";"Pleno dia";"Crescente";"Céu Claro";"Simples";"Reta";"Sim";2;0;0;0;1;1;0;2;-7,51712275;-46,03541005;"SPRF-MA";"DEL05-MA";"UOP01-DEL05-MA"
373135;2021-07-26;"segunda-feira";"19:05:00";"SC";282;644;"SAO MIGUEL DO OESTE";"Pedestre andava na pista";"Atropelamento de Pedestre";"Com Vítimas Fatais";"Plena Noite";"Decrescente";"Céu Claro";"Simples";"Reta;Aclive";"Não";4;1;0;0;0;3;0;2;-26,769157;-53,479385;"SPRF-SC";"DEL07-SC";"UOP03-DEL07-SC"
373136;2021-07-26;"segunda-feira";"20:15:00";"PR";277;107;"CAMPO LARGO";"Pedestre cruzava a pista fora da faixa";"Atropelamento de Pedestre";"Com Vítimas Fatais";"Plena Noite";"Decrescente";"Céu Claro";"Dupla";"Aclive";"Não";2;1;0;0;1;0;0;2;-25,4335622;-49,436279;"SPRF-PR";"DEL01-PR";"UOP03-DEL03-PR"
373139;2021-07-26;"segunda-feira";"20:45:00";"SC";101;137;"BALNEARIO CAMBORIU";"Manobra de mudança de faixa";"Colisão lateral mesmo sentido";"Com Vítimas Feridas";"Plena Noite";"Crescente";"Céu Claro";"Múltipla";"Interseção de Vias;Reta";"Sim";3;0;2;0;1;0;2;2;-27,0157238;-48,61192763;"SPRF-SC";"DEL04-SC";"UOP03-DEL04-SC"
373140;2021-07-26;"segunda-feira";"20:50:00";"RJ";101;393;"RIO DE JANEIRO";"Animais na Pista";"Atropelamento de Animal";"Com Vítimas Feridas";"Plena Noite";"Crescente";"Céu Claro";"Dupla";"Reta";"Não";2;0;2;0;0;0;2;1;-22,88924912;-43,70370205;"SPRF-RJ";"DEL03-RJ";"UOP01-DEL03-RJ"
373141;2021-07-26;"segunda-feira";"19:10:00";"MG";267;61,9;"BICAS";"Acessar a via sem observar a presença dos outros veículos";"Colisão transversal";"Com Vítimas Feridas";"Plena Noite";"Decrescente";"Céu Claro";"Simples";"Reta";"Sim";2;0;1;0;1;0;1;2;-21,72573003;-43,05888101;"SPRF-MG";"DEL07-MG";"UOP01-DEL07-MG"
373142;2021-07-26;"segunda-feira";"21:30:00";"MA";135;40;"BACABEIRA";"Condutor deixou de manter distância do veículo da frente";"Colisão traseira";"Com Vítimas Feridas";"Plena Noite";"Decrescente";"Céu Claro";"Simples";"Aclive";"Não";10;0;6;0;4;0;6;2;-2,89345676;-44,37292277;"SPRF-MA";"DEL01-MA";"UOP01-DEL01-MA"
373144;2021-07-26;"segunda-feira";"22:00:00";"PB";101;73;"SANTA RITA";"Velocidade Incompatível";"Saída de leito carroçável";"Sem Vítimas";"Plena Noite";"Decrescente";"Céu Claro";"Simples";"Reta";"Não";1;0;0;0;1;0;0;1;-7,07828212;-34,98823508;"SPRF-PB";"DEL01-PB";"UOP04-DEL01-PB"
373145;2021-06-12;"sábado";"13:28:00";"MG";153;112;"PRATA";"Frear bruscamente";"Colisão traseira";"Com Vítimas Feridas";"Pleno dia";"Crescente";"Céu Claro";"Simples";"Reta";"Não";2;0;1;0;1;0;1;2;-19,33228987;-48,90407174;"SPRF-MG";"DEL15-MG";"UOP03-DEL15-MG"
373146;2021-07-26;"segunda-feira";"20:45:00";"GO";153;205,5;"URUACU";"Ausência de reação do condutor";"Saída de leito carroçável";"Com Vítimas Fatais";"Plena Noite";"Crescente";"Céu Claro";"Simples";"Reta";"Não";1;1;0;0;0;0;0;1;-14,568705;-49,156387;"SPRF-GO";"DEL07-GO";"UOP02-DEL07-GO"
373148;2021-07-26;"segunda-feira";"13:00:00";"MG";116;542,1;"SANTA RITA DE MINAS";"Acessar a via sem observar a presença dos outros veículos";"Colisão transversal";"Com Vítimas Feridas";"Pleno dia";"Decrescente";"Sol";"Simples";"Reta";"Não";5;0;4;0;1;0;4;3;-19,90319206;-42,13408157;"SPRF-MG";"DEL06-MG";"UOP02-DEL06-MG"
373150;2021-07-26;"segunda-feira";"22:40:00";"PR";277;722;"FOZ DO IGUACU";"Ingestão de álcool pelo condutor";"Saída de leito carroçável";"Sem Vítimas";"Plena Noite";"Crescente";"Céu Claro";"Dupla";"Reta";"Sim";1;0;0;0;1;0;0;1;-25,49494908;-54,52095097;"SPRF-PR";"DEL05-PR";"UOP03-DEL05-PR"
373154;2021-07-26;"segunda-feira";"20:20:00";"RO";319;44;"PORTO VELHO";"Retorno proibido";"Colisão transversal";"Com Vítimas Feridas";"Plena Noite";"Decrescente";"Céu Claro";"Simples";"Reta";"Não";4;0;2;0;1;1;2;3;-8,6706332;-63,99518967;"SPRF-RO";"DEL01-RO";"UOP01-DEL01-RO"
373156;2021-07-26;"segunda-feira";"22:50:00";"PR";116;169,1;"QUITANDINHA";"Ausência de reação do condutor";"Saída de leito carroçável";"Com Vítimas Feridas";"Plena Noite";"Decrescente";"Céu Claro";"Simples";"Curva";"Não";3;0;1;2;0;0;3;1;-25,8751354;-49,4717221;"SPRF-PR";"DEL01-PR";"UOP03-DEL01-PR"
373161;2021-07-27;"terça-feira";"03:25:00";"RS";116;136,5;"CAXIAS DO SUL";"Reação tardia ou ineficiente do condutor";"Colisão com objeto";"Sem Vítimas";"Plena Noite";"Decrescente";"Garoa/Chuvisco";"Simples";"Reta";"Sim";2;0;0;0;2;0;0;1;-29,075135;-51,106044;"SPRF-RS";"DEL05-RS";"UOP01-DEL05-RS"
373162;2021-07-27;"terça-feira";"01:00:00";"PR";163;290;"MARECHAL CANDIDO RONDON";"Velocidade Incompatível";"Saída de leito carroçável";"Com Vítimas Fatais";"Plena Noite";"Crescente";"Céu Claro";"Simples";"Curva";"Não";1;1;0;0;0;0;0;1;-24,51672062;-54,0848602;"SPRF-PR";"DEL06-PR";"UOP02-DEL06-PR"