"id";"data_inversa";"dia_semana";"horario";"uf";"br";"km";"municipio";"causa_acidente";"tipo_acidente";"classificacao_acidente";"fase_dia";"sentido_via";"condicao_metereologica";"tipo_pista";"tracado_via";"uso_solo";"pessoas";"mortos";"feridos_leves";"feridos_graves";"ilesos";"ignorados";"feridos";"veiculos";"latitude";"longitude";"regional";"delegacia";"uop"
373163;2021-07-27;"terça-feira";"03:45:00";"RS";116;299,2;"GUAIBA";"Ingestão de álcool pelo condutor";"Saída de leito carroçável";"Sem Vítimas";"Plena Noite";"Decrescente";"Nublado";"Dupla";"Reta";"Sim";1;0;0;0;1;0;0;1;-30,11517464;-51,34563087;"SPRF-RS";"DEL02-RS";"UOP01-DEL02-RS"
373164;2021-06-29;"terça-feira";"06:50:00";"SC";101;411,3;"ARARANGUA";"Desrespeitar a preferência no cruzamento";"Colisão transversal";"Com Vítimas Feridas";"Amanhecer";"Crescente";"Céu Claro";"Simples";"Interseção de Vias";"Sim";2;0;1;0;1;0;1;2;-28,93112097;-49,4940421;"SPRF-SC";"DEL02-SC";"UOP02-DEL02-SC"
373165;2021-07-27;"terça-feira";"04:55:00";"RJ";101;310;"SAO GONCALO";"Reação tardia ou ineficiente do condutor";"Queda de ocupante de veículo";"Com Vítimas Feridas";"Amanhecer";"Decrescente";"Céu Claro";"Dupla";"Aclive";"Sim";1;0;0;1;0;0;1;1;-22,79717023;-43,04404993;"SPRF-RJ";"DEL02-RJ";"UOP02-DEL02-RJ"
373166;2021-07-27;"terça-feira";"04:57:00";"GO";153;634;"MORRINHOS";"Condutor Dormindo";"Saída de leito carroçável";"Com Vítimas Feridas";"Plena Noite";"Decrescente";"Céu Claro";"Dupla";"Reta";"Não";1;0;1;0;0;0;1;1;-17,828;-49,2142;"SPRF-GO";"DEL03-GO";"UOP01-DEL03-GO"
373167;2021-07-27;"terça-feira";"05:25:00";"SC";282;565,9;"NOVA ERECHIM";"Ingestão de álcool pelo condutor";"Saída de leito carroçável";"Sem Vítimas";"Plena Noite";"Crescente";"Chuva";"Simples";"Reta";"Não";1;0;0;0;1;0;0;1;-26,900272;-52,888309;"SPRF-SC";"DEL07-SC";"UOP02-DEL07-SC"
373168;2021-07-27;"terça-feira";"06:10:00";"GO";40;9;"LUZIANIA";"Reação tardia ou ineficiente do condutor";"Colisão traseira";"Sem Vítimas";"Amanhecer";"Decrescente";"Céu Claro";"Dupla";"Reta";"Sim";2;0;0;0;2;0;0;2;-16,131158;-47,957739;"SPRF-DF";"DEL01-DF";"UOP01-DEL01-DF"
373169;2021-07-27;"terça-feira";"05:30:00";"MT";364;189;"RONDONOPOLIS";"Animais na Pista";"Atropelamento de Animal";"Com Vítimas Feridas";"Amanhecer";"Decrescente";"Céu Claro";"Simples";"Ponte";"Não";1;0;1;0;0;0;1;1;-16,55814995;-54,56173598;"SPRF-MT";"DEL02-MT";"UOP01-DEL02-MT"
373170;2021-07-27;"terça-feira";"06:55:00";"ES";101;146,3;"LINHARES";"Ausência de reação do condutor";"Colisão traseira";"Com Vítimas Feridas";"Pleno dia";"Crescente";"Céu Claro";"Dupla";"Reta";"Sim";2;0;1;0;1;0;1;2;-19,36990998;-40,06560718;"SPRF-ES";"DEL04-ES";"UOP01-DEL04-ES"
373172;2021-07-27;"terça-feira";"06:45:00";"MG";381;502,3;"BETIM";"Velocidade Incompatível";"Saída de leito carroçável";"Com Vítimas Feridas";"Pleno dia";"Decrescente";"Céu Claro";"Dupla";"Curva";"Sim";1;0;1;0;0;0;1;1;-20,03619694;-44,24586303;"SPRF-MG";"DEL01-MG";"UOP03-DEL01-MG"
373174;2021-07-27;"terça-feira";"06:30:00";"MG";40;531;"CONTAGEM";"Acessar a via sem observar a presença dos outros veículos";"Colisão transversal";"Com Vítimas Feridas";"Pleno dia";"Crescente";"Céu Claro";"Dupla";"Interseção de Vias";"Sim";2;0;0;1;1;0;1;2;-19,91933224;-44,02637959;"SPRF-MG";"DEL01-MG";"UOP02-DEL01-MG"
373176;2021-07-27;"terça-feira";"00:40:00";"SC";101;135;"BALNEARIO CAMBORIU";"Transitar na contramão";"Colisão frontal";"Com Vítimas Feridas";"Plena Noite";"Crescente";"Céu Claro";"Simples";"Curva";"Sim";2;0;1;0;1;0;1;2;-27,00654066;-48,622132;"SPRF-SC";"DEL04-SC";"UOP03-DEL04-SC"
373177;2021-07-26;"segunda-feira";"20:00:00";"PE";101;135,8;"ESCADA";"Reação tardia ou ineficiente do condutor";"Tombamento";"Com Vítimas Fatais";"Plena Noite";"Crescente";"Chuva";"Dupla";"Curva";"Não";2;1;0;1;0;0;1;1;-8,41222018;-35,3005743;"SPRF-PE";"DEL01-PE";"UOP01-DEL01-PE"
373178;2021-07-27;"terça-feira";"07:20:00";"DF";60;2;"BRASILIA";"Condutor deixou de manter distância do veículo da frente";"Colisão traseira";"Com Vítimas Feridas";"Pleno dia";"Decrescente";"Céu Claro";"Dupla";"Reta";"Sim";2;0;1;0;0;1;1;2;-15,887383;-48,077988;"SPRF-DF";"DEL03-DF";"UOP01-DEL03-DF"
373179;2021-07-27;"terça-feira";"07:20:00";"CE";116;5;"FORTALEZA";"Transitar na contramão";"Colisão frontal";"Com Vítimas Feridas";"Pleno dia";"Decrescente";"Céu Claro";"Dupla";"Reta";"Sim";2;0;2;0;0;0;2;2;-3,79467116;-38,50772734;"SPRF-CE";"DEL01-CE";"UOP02-DEL01-CE"
373181;2021-07-27;"terça-feira";"07:30:00";"PR";369;154;"LONDRINA";"Ausência de reação do condutor";"Colisão traseira";"Sem Vítimas";"Pleno dia";"Decrescente";"Céu Claro";"Múltipla";"Interseção de Vias";"Sim";3;0;0;0;3;0;0;2;-23,29734684;-51,20163495;"SPRF-PR";"DEL07-PR";"UOP01-DEL07-PR"
373184;2021-07-27;"terça-feira";"07:20:00";"GO";60;172,5;"ABADIA DE GOIAS";"Ausência de reação do condutor";"Colisão traseira";"Com Vítimas Feridas";"Pleno dia";"Crescente";"Céu Claro";"Dupla";"Declive";"Sim";3;0;2;0;1;0;2;2;-16,738;-49,4076;"SPRF-GO";"DEL01-GO";"UOP02-DEL01-GO"
373185;2021-07-27;"terça-feira";"07:20:00";"DF";20;6;"BRASILIA";"Ausência de reação do condutor";"Engavetamento";"Com Vítimas Feridas";"Pleno dia";"Decrescente";"Céu Claro";"Dupla";"Reta";"Sim";8;0;1;0;7;0;1;7;-15,665888;-47,808308;"SPRF-DF";"DEL02-DF";"UOP01-DEL02-DF"
373187;2021-07-27;"terça-feira";"07:00:00";"RJ";116;39;"TERESOPOLIS";"Acessar a via sem observar a presença dos outros veículos";"Colisão lateral mesmo sentido";"Com Vítimas Feridas";"Pleno dia";"Crescente";"Céu Claro";"Simples";"Reta";"Não";2;0;1;0;0;1;1;2;-22,12524075;-42,77973449;"SPRF-RJ";"DEL04-RJ";"UOP01-DEL04-RJ"
373188;2021-07-27;"terça-feira";"07:55:00";"SC";101;212;"PALHOCA";"Manobra de mudança de faixa";"Colisão traseira";"Com Vítimas Feridas";"Pleno dia";"Decrescente";"Céu Claro";"Múltipla";"Reta";"Não";2;0;1;0;1;0;1;2;-27,62996929;-48,65903871;"SPRF-SC";"DEL01-SC";"UOP02-DEL01-SC"
373190;2021-07-27;"terça-feira";"07:00:00";"RS";116;253;"SAPUCAIA DO SUL";"Manobra de mudança de faixa";"Colisão lateral mesmo sentido";"Com Vítimas Feridas";"Pleno dia";"Decrescente";"Chuva";"Múltipla";"Reta";"Sim";2;0;1;0;1;0;1;2;-29,81784209;-51,16996166;"SPRF-RS";"DEL01-RS";"UOP02-DEL01-RS"
373194;2021-07-27;"terça-feira";"08:40:00";"SC";101;200,4;"BIGUACU";"Manobra de mudança de faixa";"Colisão lateral mesmo sentido";"Com Vítimas Feridas";"Pleno dia";"Crescente";"Nublado";"Múltipla";"Reta";"Sim";2;0;1;0;1;0;1;2;-27,54018513;-48,62287714;"SPRF-SC";"DEL01-SC";"UOP01-DEL01-SC"
373196;2021-07-27;"terça-feira";"08:00:00";"MT";174;290;"PONTES E LACERDA";"Conversão proibida";"Colisão transversal";"Com Vítimas Feridas";"Pleno dia";"Crescente";"Céu Claro";"Simples";"Reta";"Sim";2;0;1;0;1;0;1;2;-15,21535504;-59,32007434;"SPRF-MT";"DEL04-MT";"UOP01-DEL04-MT"
373198;2021-07-27;"terça-feira";"09:00:00";"RS";116;257;"ESTEIO";"Pista Escorregadia";"Queda de ocupante de veículo";"Com Vítimas Feridas";"Pleno dia";"Crescente";"Céu Claro";"Simples";"Reta";"Sim";2;0;1;0;1;0;1;2;-29,85262195;-51,17968329;"SPRF-RS";"DEL01-RS";"UOP02-DEL01-RS"
373199;2021-07-27;"terça-feira";"07:25:00";"PR";376;674,1;"GUARATUBA";"Reação tardia ou ineficiente do condutor";"Saída de leito carroçável";"Com Vítimas Feridas";"Pleno dia";"Crescente";"Nublado";"Dupla";"Reta";"Não";3;0;2;0;1;0;2;1;-25,91759979;-48,91971588;"SPRF-PR";"DEL01-PR";"UOP04-DEL01-PR"
373203;2021-07-27;"terça-feira";"08:45:00";"RO";319;63;"PORTO VELHO";"Condutor deixou de manter distância do veículo da frente";"Colisão traseira";"Com Vítimas Feridas";"Pleno dia";"Decrescente";"Sol";"Dupla";"Interseção de Vias";"Sim";4;0;1;0;3;0;1;2;-8,75573844;-63,88653874;"SPRF-RO";"DEL01-RO";"UOP01-DEL01-RO"
373204;2021-07-27;"terça-feira";"09:30:00";"MG";365;656;"MONTE ALEGRE DE MINAS";"Reação tardia ou ineficiente do condutor";"Capotamento";"Com Vítimas Feridas";"Pleno dia";"Decrescente";"Céu Claro";"Dupla";"Reta";"Não";5;0;1;0;4;0;1;1;-18,88179209;-48,6075449;"SPRF-MG";"DEL15-MG";"UOP01-DEL15-MG"
373206;2021-07-27;"terça-feira";"09:30:00";"SP";116;458;"PARIQUERA-ACU";"Acumulo de óleo sobre o pavimento";"Queda de ocupante de veículo";"Com Vítimas Feridas";"Pleno dia";"Decrescente";"Céu Claro";"Dupla";"Curva";"Não";1;0;1;0;0;0;1;1;-24,5958452;-47,8771454;"SPRF-SP";"DEL05-SP";"UOP01-DEL05-SP"
373207;2021-07-27;"terça-feira";"06:20:00";"MT";163;873;"SINOP";"Animais na Pista";"Atropelamento de Animal";"Sem Vítimas";"Pleno dia";"Decrescente";"Céu Claro";"Simples";"Declive";"Não";5;0;0;0;5;0;0;1;-11,4944035;-55,36338186;"SPRF-MT";"DEL06-MT";"NPF/DEL06-MT"
373208;2021-07-27;"terça-feira";"10:35:00";"RS";386;37,2;"FREDERICO WESTPHALEN";"Ultrapassagem Indevida";"Colisão lateral mesmo sentido";"Com Vítimas Feridas";"Pleno dia";"Decrescente";"Nublado";"Simples";"Reta";"Sim";3;0;1;0;1;1;1;3;-27,382351;-53,399605;"SPRF-RS";"DEL08-RS";"UOP02-DEL08-RS"
373209;2021-06-01;"terça-feira";"12:00:00";"MG";50;27;"ARAGUARI";"Condutor deixou de manter distância do veículo da frente";"Colisão traseira";"Com Vítimas Feridas";"Pleno dia";"Decrescente";"Céu Claro";"Dupla";"Curva";"Não";3;0;1;0;2;0;1;2;-18,61943321;-48,09375199;"SPRF-MG";"DEL15-MG";"UOP02-DEL15-MG"
373210;2021-07-27;"terça-feira";"10:30:00";"MG";267;61,9;"BICAS";"Acessar a via sem observar a presença dos outros veículos";"Colisão transversal";"Com Vítimas Feridas";"Pleno dia";"Crescente";"Céu Claro";"Simples";"Curva;Interseção de Vias";"Sim";3;0;1;0;2;0;1;2;-21,72573003;-43,05888101;"SPRF-MG";"DEL07-MG";"UOP01-DEL07-MG"
373212;2021-07-27;"terça-feira";"09:40:00";"CE";116;179;"RUSSAS";"Desrespeitar a preferência no cruzamento";"Colisão transversal";"Sem Vítimas";"Pleno dia";"Crescente";"Céu Claro";"Simples";"Interseção de Vias";"Não";2;0;0;0;2;0;0;2;-5,03750487;-38,08630013;"SPRF-CE";"DEL03-CE";"UOP01-DEL03-CE"
373215;2021-07-27;"terça-feira";"11:50:00";"ES";101;241,2;"SERRA";"Acessar a via sem observar a presença dos outros veículos";"Colisão transversal";"Com Vítimas Feridas";"Pleno dia";"Decrescente";"Céu Claro";"Simples";"Reta";"Sim";2;0;0;1;1;0;1;2;-20,02389596;-40,39998096;"SPRF-ES";"DEL02-ES";"UOP01-DEL02-ES"
373216;2021-07-16;"sexta-feira";"11:30:00";"SC";101;211,9;"PALHOCA";"Condutor deixou de manter distância do veículo da frente";"Colisão traseira";"Com Vítimas Feridas";"Pleno dia";"Crescente";"Nublado";"Múltipla";"Reta";"Sim";2;0;1;0;1;0;1;2;-27,62996929;-48,65903871;"SPRF-SC";"DEL01-SC";"UOP02-DEL01-SC"
373219;2021-07-27;"terça-feira";"12:05:00";"MG";381;358;"JOAO MONLEVADE";"Desrespeitar a preferência no cruzamento";"Queda de ocupante de veículo";"Com Vítimas Feridas";"Pleno dia";"Decrescente";"Céu Claro";"Simples";"Reta";"Sim";2;0;1;0;0;1;1;2;-19,85592801;-43,21689055;"SPRF-MG";"DEL03-MG";"UOP01-DEL03-MG"
373221;2021-07-07;"quarta-feira";"09:30:00";"GO";153;579;"PROFESSOR JAMIL";"Obstrução na via";"Colisão traseira";"Sem Vítimas";"Pleno dia";"Crescente";"Céu Claro";"Dupla";"Reta";"Não";2;0;0;0;0;2;0;2;-17,3767;-49,2382;"SPRF-GO";"DEL03-GO";"UOP01-DEL03-GO"
373222;2021-07-27;"terça-feira";"12:00:00";"SC";101;425;"ARARANGUA";"Demais falhas mecânicas ou elétricas";"Tombamento";"Com Vítimas Feridas";"Pleno dia";"Decrescente";"Nublado";"Dupla";"Viaduto";"Não";1;0;1;0;0;0;1;1;-29,02645418;-49,59983826;"SPRF-SC";"DEL02-SC";"UOP02-DEL02-SC"
373223;2021-07-27;"terça-feira";"12:50:00";"PR";376;524,1;"PONTA GROSSA";"Avarias e/ou desgaste excessivo no pneu";"Saída de leito carroçável";"Sem Vítimas";"Pleno dia";"Decrescente";"Garoa/Chuvisco";"Dupla";"Reta";"Não";1;0;0;0;1;0;0;1;-25,30994042;-49,88529732;"SPRF-PR";"DEL03-PR";"UOP01-DEL03-PR"
373228;2021-07-27;"terça-feira";"12:50:00";"GO";50;280;"CATALAO";"Ingestão de álcool pelo condutor";"Colisão frontal";"Com Vítimas Feridas";"Pleno dia";"Crescente";"Céu Claro";"Simples";"Interseção de Vias;Reta";"Sim";3;0;1;0;2;0;1;2;-18,1784;-47,9362;"SPRF-GO";"DEL06-GO";"UOP01-DEL06-GO"
373229;2021-07-27;"terça-feira";"13:50:00";"SC";101;139,4;"BALNEARIO CAMBORIU";"Acumulo de água sobre o pavimento";"Saída de leito carroçável";"Com Vítimas Feridas";"Pleno dia";"Crescente";"Chuva";"Simples";"Reta;Aclive";"Não";1;0;1;0;0;0;1;1;-27,02982303;-48,60115006;"SPRF-SC";"DEL04-SC";"UOP03-DEL04-SC"
373232;2021-07-27;"terça-feira";"12:05:00";"PA";230;114;"MARABA";"Acesso irregular";"Colisão transversal";"Com Vítimas Feridas";"Pleno dia";"Decrescente";"Céu Claro";"Dupla";"Reta";"Sim";3;0;2;0;1;0;2;2;-5,35845644;-49,08539057;"SPRF-PA";"DEL03-PA";"UOP01-DEL03-PA"
373233;2021-07-27;"terça-feira";"14:00:00";"PB";230;47,6;"SANTA RITA";"Frear bruscamente";"Capotamento";"Com Vítimas Feridas";"Pleno dia";"Decrescente";"Céu Claro";"Dupla";"Reta";"Não";6;0;2;3;1;0;5;1;-7,1685;-35,032;"SPRF-PB";"DEL01-PB";"UOP03-DEL01-PB"
373235;2021-06-13;"domingo";"19:00:00";"BA";330;835,4;"IPIAU";"Entrada inopinada do pedestre";"Atropelamento de Pedestre";"Com Vítimas Feridas";"Plena Noite";"Decrescente";"Céu Claro";"Simples";"Curva";"Sim";2;0;0;2;0;0;2;2;-14,12078291;-39,76934894;"SPRF-BA";"DEL03-BA";"UOP01-DEL03-BA"
373236;2021-07-27;"terça-feira";"14:10:00";"RS";287;251;"SANTA MARIA";"Velocidade Incompatível";"Colisão com objeto";"Com Vítimas Feridas";"Pleno dia";"Decrescente";"Céu Claro";"Dupla";"Viaduto";"Não";1;0;1;0;0;0;1;1;-29,68773859;-53,88038188;"SPRF-RS";"DEL09-RS";"UOP01-DEL09-RS"
373237;2021-07-27;"terça-feira";"15:05:00";"RN";405;2;"MOSSORO";"Acessar a via sem observar a presença dos outros veículos";"Colisão transversal";"Com Vítimas Feridas";"Pleno dia";"Crescente";"Céu Claro";"Dupla";"Reta";"Sim";2;0;0;1;1;0;1;2;-5,19282682;-37,37112402;"SPRF-RN";"DEL04-RN";"UOP02-DEL04-RN"
373239;2021-07-27;"terça-feira";"14:20:00";"PE";101;48;"ABREU E LIMA";"Pedestre cruzava a pista fora da faixa";"Atropelamento de Pedestre";"Com Vítimas Feridas";"Pleno dia";"Crescente";"Nublado";"Múltipla";"Reta";"Sim";2;0;1;0;1;0;1;2;-7,89174705;-34,9033493;"SPRF-PE";"DEL01-PE";"UOP02-DEL01-PE"
373240;2021-07-27;"terça-feira";"15:25:00";"PR";376;616;"SAO JOSE DOS PINHAIS";"Obstrução na via";"Queda de ocupante de veículo";"Com Vítimas Feridas";"Pleno dia";"Decrescente";"Chuva";"Dupla";"Curva";"Sim";1;0;0;1;0;0;1;1;-25,57583659;-49,17953679;"SPRF-PR";"DEL01-PR";"UOP04-DEL01-PR"
373241;2021-07-27;"terça-feira";"14:45:00";"PR";116;14;"CAMPINA GRANDE DO SUL";"Pista Escorregadia";"Capotamento";"Com Vítimas Feridas";"Pleno dia";"Decrescente";"Chuva";"Dupla";"Curva";"Não";3;0;1;0;0;2;1;1;-25,09836429;-48,67391969;"SPRF-PR";"DEL01-PR";"UOP02-DEL01-PR"
373242;2021-07-27;"terça-feira";"15:00:00";"PR";476;193;"LAPA";"Reação tardia ou ineficiente do condutor";"Saída de leito carroçável";"Sem Vítimas";"Pleno dia";"Decrescente";"Céu Claro";"Simples";"Reta";"Sim";1;0;0;0;1;0;0;1;-25,731451;-49,709415;"SPRF-PR";"DEL02-PR";"UOP04-DEL02-PR"
373248;2021-07-27;"terça-feira";"15:40:00";"BA";101;171;"FEIRA DE SANTANA";"Reação tardia ou ineficiente do condutor";"Colisão frontal";"Com Vítimas Feridas";"Pleno dia";"Crescente";"Chuva";"Simples";"Reta";"Sim";2;0;1;0;1;0;1;2;-12,36146597;-38,82156372;"SPRF-BA";"DEL01-BA";"UOP03-DEL01-BA"
373252;2021-07-27;"terça-feira";"16:30:00";"SP";101;43;"UBATUBA";"Reação tardia ou ineficiente do condutor";"Colisão com objeto";"Com Vítimas Feridas";"Pleno dia";"Crescente";"Céu Claro";"Simples";"Rotatória";"Sim";2;0;2;0;0;0;2;1;-23,41217537;-45,05739148;"SPRF-SP";"DEL06-SP";"UOP01-DEL06-SP"
373253;2021-07-27;"terça-feira";"13:00:00";"MG";116;252,7;"TEOFILO OTONI";"Acessar a via sem observar a presença dos outros veículos";"Colisão transversal";"Com Vítimas Fatais";"Pleno dia";"Crescente";"Sol";"Simples";"Reta";"Não";3;1;0;1;1;0;1;2;-17,664074;-41,495237;"SPRF-MG";"DEL11-MG";"UOP01-DEL11-MG"
373255;2021-07-27;"terça-feira";"17:25:00";"CE";116;9,5;"FORTALEZA";"Ingestão de álcool pelo condutor";"Colisão transversal";"Com Vítimas Feridas";"Anoitecer";"Crescente";"Céu Claro";"Dupla";"Reta";"Sim";2;0;1;0;1;0;1;2;-3,84394724;-38,49891546;"SPRF-CE";"DEL01-CE";"UOP02-DEL01-CE"
373256;2021-07-27;"terça-feira";"16:55:00";"MS";262;575,2;"MIRANDA";"Condutor Dormindo";"Colisão com objeto";"Com Vítimas Feridas";"Anoitecer";"Crescente";"Nublado";"Simples";"Reta";"Não";2;0;1;0;0;1;1;2;-20,17471416;-56,53851706;"SPRF-MS";"DEL03-MS";"UOP02-DEL03-MS"
373257;2021-07-27;"terça-feira";"17:05:00";"MG";365;2;"MONTES CLAROS";"Frear bruscamente";"Queda de ocupante de veículo";"Com Vítimas Feridas";"Anoitecer";"Crescente";"Céu Claro";"Simples";"Reta";"Não";2;0;1;0;1;0;1;2;-16,72627608;-43,88021191;"SPRF-MG";"DEL12-MG";"UOP01-DEL12-MG"
373258;2021-07-21;"quarta-feira";"21:25:00";"CE";20;431,4;"EUSEBIO";"Transitar na contramão";"Colisão transversal";"Com Vítimas Feridas";"Plena Noite";"Decrescente";"Ignorado";"Dupla";"Reta";"Sim";2;0;0;1;1;0;1;2;-3,86425462;-38,4718895;"SPRF-CE";"DEL01-CE";"UOP02-DEL01-CE"
373263;2021-07-27;"terça-feira";"17:45:00";"PB";230;0;"CABEDELO";"Acesso irregular";"Colisão transversal";"Com Vítimas Feridas";"Plena Noite";"Crescente";"Céu Claro";"Simples";"Reta";"Sim";2;0;1;0;1;0;1;2;-6,9711;-34,8382;"SPRF-PB";"DEL01-PB";"UOP01-DEL01-PB"
373265;2021-07-27;"terça-feira";"18:00:00";"SC";101;41,9;"JOINVILLE";"Manobra de mudança de faixa";"Colisão traseira";"Com Vítimas Feridas";"Plena Noite";"Crescente";"Chuva";"Simples";"Reta";"Sim";2;0;1;0;1;0;1;2;-26,28215489;-48,88973081;"SPRF-SC";"DEL03-SC";"UOP01-DEL03-SC"
373266;2021-07-27;"terça-feira";"18:00:00";"RJ";40;124;"RIO DE JANEIRO";"Ausência de reação do condutor";"Colisão lateral mesmo sentido";"Com Vítimas Feridas";"Anoitecer";"Crescente";"Céu Claro";"Múltipla";"Reta";"Sim";1;0;1;0;0;0;1;1;-22,81333313;-43,28778593;"SPRF-RJ";"DEL01-RJ";"UOP01-DEL01-RJ"
373269;2021-07-27;"terça-feira";"18:05:00";"ES";101;127;"SOORETAMA";"Conversão proibida";"Colisão transversal";"Sem Vítimas";"Plena Noite";"Decrescente";"Céu Claro";"Simples";"Retorno Regulamentado";"Sim";2;0;0;0;2;0;0;2;-19,202898;-40,095524;"SPRF-ES";"DEL04-ES";"UOP01-DEL04-ES"
373272;2021-07-27;"terça-feira";"18:25:00";"CE";116;8;"FORTALEZA";"Condutor deixou de manter distância do veículo da frente";"Colisão traseira";"Com Vítimas Feridas";"Plena Noite";"Crescente";"Céu Claro";"Dupla";"Reta";"Sim";3;0;1;0;1;1;1;3;-3,8192799;-38,50268337;"SPRF-CE";"DEL01-CE";"UOP02-DEL01-CE"
373275;2021-07-27;"terça-feira";"19:45:00";"RS";285;475,6;"CORONEL BARROS";"Ingestão de álcool pelo condutor";"Saída de leito carroçável";"Com Vítimas Feridas";"Plena Noite";"Decrescente";"Céu Claro";"Simples";"Reta";"Sim";1;0;1;0;0;0;1;1;-28,382809;-54,051552;"SPRF-RS";"DEL10-RS";"UOP01-DEL10-RS"
373276;2021-06-13;"domingo";"05:15:00";"SC";101;138;"BALNEARIO CAMBORIU";"Reação tardia ou ineficiente do condutor";"Colisão com objeto";"Com Vítimas Feridas";"Plena Noite";"Decrescente";"Nublado";"Múltipla";"Reta";"Sim";1;0;0;1;0;0;1;1;-27,02397426;-48,60761649;"SPRF-SC";"DEL04-SC";"UOP03-DEL04-SC"
373277;2021-07-27;"terça-feira";"19:30:00";"MG";40;738,8;"SANTOS DUMONT";"Ausência de reação do condutor";"Saída de leito carroçável";"Com Vítimas Feridas";"Plena Noite";"Decrescente";"Céu Claro";"Simples";"Curva";"Não";1;0;1;0;0;0;1;1;-21,42127129;-43,55865598;"SPRF-MG";"DEL05-MG";"UOP01-DEL05-MG"
373279;2021-07-27;"terça-feira";"18:20:00";"RO";319;63,6;"PORTO VELHO";"Condutor deixou de manter distância do veículo da frente";"Colisão lateral mesmo sentido";"Com Vítimas Feridas";"Plena Noite";"Crescente";"Céu Claro";"Dupla";"Reta";"Sim";2;0;1;0;1;0;1;2;-8,766685;-63,884052;"SPRF-RO";"DEL01-RO";"UOP01-DEL01-RO"
373281;2021-07-27;"terça-feira";"19:30:00";"PR";277;589,9;"CASCAVEL";"Desrespeitar a preferência no cruzamento";"Queda de ocupante de veículo";"Com Vítimas Feridas";"Plena Noite";"Decrescente";"Céu Claro";"Simples";"Reta";"Sim";1;0;1;0;0;0;1;1;-24,97777319;-53,44688591;"SPRF-PR";"DEL04-PR";"UOP01-DEL04-PR"
373287;2021-07-27;"terça-feira";"20:30:00";"SC";101;212,3;"PALHOCA";"Reação tardia ou ineficiente do condutor";"Colisão traseira";"Com Vítimas Feridas";"Plena Noite";"Decrescente";"Nublado";"Dupla";"Reta";"Não";2;0;1;0;1;0;1;2;-27,62996929;-48,65903871;"SPRF-SC";"DEL01-SC";"UOP02-DEL01-SC"
373290;2021-07-27;"terça-feira";"19:15:00";"SC";101;131,7;"CAMBORIU";"Transitar na contramão";"Colisão frontal";"Com Vítimas Feridas";"Plena Noite";"Crescente";"Nublado";"Dupla";"Reta";"Sim";2;0;0;1;1;0;1;2;-26,99064209;-48,66310912;"SPRF-SC";"DEL04-SC";"UOP03-DEL04-SC"
373293;2021-07-27;"terça-feira";"17:10:00";"BA";101;810;"ITAMARAJU";"Transitar na contramão";"Colisão lateral sentido oposto";"Sem Vítimas";"Pleno dia";"Crescente";"Sol";"Simples";"Curva";"Sim";2;0;0;0;1;1;0;2;-17,03814;-39,546896;"SPRF-BA";"DEL09-BA";"UOP02-DEL09-BA"
373295;2021-07-27;"terça-feira";"18:20:00";"PB";405;35,7;"SAO JOAO DO RIO DO PEIXE";"Ausência de reação do condutor";"Colisão traseira";"Com Vítimas Feridas";"Plena Noite";"Decrescente";"Céu Claro";"Simples";"Reta";"Sim";3;0;1;1;1;0;2;2;-6,716;-38,449;"SPRF-PB";"DEL03-PB";"UOP03-DEL03-PB"
373297;2021-07-27;"terça-feira";"21:40:00";"PR";277;597,1;"CASCAVEL";"Transitar na contramão";"Colisão frontal";"Sem Vítimas";"Plena Noite";"Crescente";"Céu Claro";"Dupla";"Reta";"Não";2;0;0;0;2;0;0;2;-24,99513602;-53,51418998;"SPRF-PR";"DEL04-PR";"UOP01-DEL04-PR"
373301;2021-07-28;"quarta-feira";"00:20:00";"MG";381;510,2;"SAO JOAQUIM DE BICAS";"Pista Escorregadia";"Tombamento";"Com Vítimas Feridas";"Plena Noite";"Crescente";"Céu Claro";"Múltipla";"Rotatória";"Sim";1;0;1;0;0;0;1;1;-20,05565915;-44,28658605;"SPRF-MG";"DEL01-MG";"UOP03-DEL01-MG"
373304;2021-07-27;"terça-feira";"21:30:00";"GO";364;58;"CACHOEIRA ALTA";"Acesso irregular";"Colisão traseira";"Com Vítimas Feridas";"Plena Noite";"Crescente";"Céu Claro";"Simples";"Interseção de Vias";"Não";2;0;1;0;1;0;1;2;-18,74486982;-50,94004339;"SPRF-GO";"DEL05-GO";"UOP02-DEL05-GO"
373308;2021-07-28;"quarta-feira";"03:00:00";"SP";116;224,5;"GUARULHOS";"Chuva";"Capotamento";"Com Vítimas Feridas";"Plena Noite";"Decrescente";"Chuva";"Dupla";"Reta";"Não";1;0;1;0;0;0;1;1;-23,48071896;-46,53271603;"SPRF-SP";"DEL01-SP";"UOP01-DEL01-SP"
373310;2021-07-28;"quarta-feira";"02:00:00";"ES";101;8,9;"PEDRO CANARIO";"Ausência de reação do condutor";"Colisão com objeto";"Com Vítimas Feridas";"Plena Noite";"Crescente";"Céu Claro";"Simples";"Curva";"Não";1;0;0;1;0;0;1;1;-18,23027961;-39,95278417;"SPRF-ES";"DEL04-ES";"UOP02-DEL04-ES"