"id";"data_inversa";"dia_semana";"horario";"uf";"br";"km";"municipio";"causa_acidente";"tipo_acidente";"classificacao_acidente";"fase_dia";"sentido_via";"condicao_metereologica";"tipo_pista";"tracado_via";"uso_solo";"pessoas";"mortos";"feridos_leves";"feridos_graves";"ilesos";"ignorados";"feridos";"veiculos";"latitude";"longitude";"regional";"delegacia";"uop"
373311;2021-07-27;"terça-feira";"19:45:00";"AC";317;266;"EPITACIOLANDIA";"Reação tardia ou ineficiente do condutor";"Saída de leito carroçável";"Com Vítimas Feridas";"Plena Noite";"Decrescente";"Céu Claro";"Simples";"Desvio Temporário";"Não";1;0;0;1;0;0;1;1;-10,91030889;-68,56648211;"SPRF-AC";"DEL01-AC";"UOP02-DEL01-AC"
373314;2021-07-28;"quarta-feira";"06:20:00";"DF";20;4,9;"BRASILIA";"Velocidade Incompatível";"Colisão traseira";"Com Vítimas Feridas";"Amanhecer";"Decrescente";"Céu Claro";"Dupla";"Aclive;Reta";"Sim";4;0;1;0;3;0;1;2;-15,670546;-47,816044;"SPRF-DF";"DEL02-DF";"UOP01-DEL02-DF"
373315;2021-07-28;"quarta-feira";"05:55:00";"GO";153;507,2;"APARECIDA DE GOIANIA";"Reação tardia ou ineficiente do condutor";"Colisão traseira";"Com Vítimas Feridas";"Amanhecer";"Crescente";"Céu Claro";"Dupla";"Reta";"Sim";3;0;1;0;2;0;1;2;-16,7715;-49,2387;"SPRF-GO";"DEL01-GO";"UOP03-DEL01-GO"
373316;2021-07-28;"quarta-feira";"06:00:00";"BA";135;171;"BARREIRAS";"Pista Escorregadia";"Saída de leito carroçável";"Com Vítimas Feridas";"Amanhecer";"Decrescente";"Céu Claro";"Simples";"Reta";"Não";5;0;2;1;2;0;3;1;-12,10749619;-44,9815321;"SPRF-BA";"DEL10-BA";"UOP01-DEL10-BA"
373317;2021-07-28;"quarta-feira";"06:45:00";"SC";101;214,4;"PALHOCA";"Trafegar com motocicleta (ou similar) entre as faixas";"Colisão lateral mesmo sentido";"Com Vítimas Feridas";"Amanhecer";"Decrescente";"Céu Claro";"Múltipla";"Reta;Aclive";"Não";3;0;1;0;2;0;1;2;-27,64854099;-48,67340326;"SPRF-SC";"DEL01-SC";"UOP02-DEL01-SC"
373318;2021-07-28;"quarta-feira";"05:30:00";"MG";381;496;"BETIM";"Velocidade Incompatível";"Colisão com objeto";"Sem Vítimas";"Amanhecer";"Decrescente";"Céu Claro";"Dupla";"Curva";"Não";1;0;0;0;0;1;0;1;-19,99676497;-44,20958506;"SPRF-MG";"DEL01-MG";"UOP03-DEL01-MG"
373320;2021-07-28;"quarta-feira";"00:40:00";"RS";158;192,6;"CRUZ ALTA";"Condutor Dormindo";"Saída de leito carroçável";"Com Vítimas Feridas";"Plena Noite";"Decrescente";"Nublado";"Simples";"Reta";"Não";2;0;0;2;0;0;2;1;-28,62091091;-53,57035257;"SPRF-RS";"DEL10-RS";"UOP02-DEL10-RS"
373321;2021-07-28;"quarta-feira";"07:20:00";"GO";158;275,8;"JATAI";"Reação tardia ou ineficiente do condutor";"Colisão transversal";"Com Vítimas Feridas";"Amanhecer";"Decrescente";"Céu Claro";"Dupla";"Rotatória";"Sim";2;0;0;1;1;0;1;2;-17,913991;-51,720777;"SPRF-GO";"DEL05-GO";"UOP01-DEL05-GO"
373323;2021-07-28;"quarta-feira";"07:45:00";"DF";60;11,3;"BRASILIA";"Manobra de mudança de faixa";"Colisão traseira";"Com Vítimas Feridas";"Pleno dia";"Decrescente";"Céu Claro";"Dupla";"Declive;Reta";"Não";3;0;1;0;1;1;1;3;-15,911784;-48,157192;"SPRF-DF";"DEL03-DF";"UOP01-DEL03-DF"
373324;2021-07-08;"quinta-feira";"14:40:00";"PE";101;67;"RECIFE";"Reação tardia ou ineficiente do condutor";"Colisão transversal";"Com Vítimas Feridas";"Pleno dia";"Crescente";"Céu Claro";"Dupla";"Reta";"Sim";3;0;1;0;1;1;1;3;-8,042631;-34,943405;"SPRF-PE";"DEL01-PE";"UOP01-DEL01-PE"
373325;2021-07-27;"terça-feira";"19:30:00";"SP";116;173,9;"JACAREI";"Condutor deixou de manter distância do veículo da frente";"Colisão lateral mesmo sentido";"Com Vítimas Feridas";"Plena Noite";"Crescente";"Céu Claro";"Dupla";"Reta";"Não";2;0;1;0;0;1;1;2;-23,31710055;-46,08178719;"SPRF-SP";"DEL02-SP";"UOP01-DEL02-SP"
373328;2021-07-28;"quarta-feira";"08:00:00";"SC";101;210;"SAO JOSE";"Ausência de reação do condutor";"Colisão traseira";"Com Vítimas Feridas";"Pleno dia";"Decrescente";"Céu Claro";"Dupla";"Reta";"Sim";2;0;1;0;1;0;1;2;-27,6167305;-48,6457265;"SPRF-SC";"DEL01-SC";"UOP01-DEL01-SC"
373329;2021-07-28;"quarta-feira";"07:40:00";"GO";153;444;"ANAPOLIS";"Condutor deixou de manter distância do veículo da frente";"Engavetamento";"Sem Vítimas";"Pleno dia";"Crescente";"Céu Claro";"Dupla";"Aclive";"Sim";3;0;0;0;3;0;0;3;-16,343756;-48,9245;"SPRF-GO";"DEL02-GO";"UOP01-DEL02-GO"
373331;2021-07-28;"quarta-feira";"07:50:00";"MG";381;500,3;"BETIM";"Ausência de reação do condutor";"Colisão traseira";"Com Vítimas Feridas";"Pleno dia";"Decrescente";"Sol";"Dupla";"Reta";"Sim";2;0;1;0;1;0;1;2;-20,02513493;-44,23112709;"SPRF-MG";"DEL01-MG";"UOP03-DEL01-MG"
373334;2021-07-28;"quarta-feira";"08:20:00";"SP";116;223;"GUARULHOS";"Condutor deixou de manter distância do veículo da frente";"Engavetamento";"Com Vítimas Feridas";"Pleno dia";"Crescente";"Chuva";"Múltipla";"Reta";"Sim";3;0;1;0;2;0;1;3;-23,47559815;-46,5246609;"SPRF-SP";"DEL01-SP";"UOP01-DEL01-SP"
373336;2021-07-12;"segunda-feira";"20:40:00";"SP";116;276;"EMBU DAS ARTES";"Acessar a via sem observar a presença dos outros veículos";"Colisão traseira";"Com Vítimas Feridas";"Plena Noite";"Crescente";"Céu Claro";"Dupla";"Reta";"Sim";3;0;2;0;1;0;2;2;-23,64262417;-46,83811382;"SPRF-SP";"DEL04-SP";"UOP01-DEL04-SP"
373343;2021-07-28;"quarta-feira";"07:30:00";"RO";364;424;"JARU";"Desrespeitar a preferência no cruzamento";"Colisão transversal";"Com Vítimas Feridas";"Pleno dia";"Crescente";"Céu Claro";"Simples";"Interseção de Vias;Reta";"Sim";5;0;0;1;4;0;1;3;-10,44457274;-62,46568412;"SPRF-RO";"DEL03-RO";"UOP02-DEL03-RO"
373345;2021-07-28;"quarta-feira";"09:25:00";"CE";222;2;"FORTALEZA";"Condutor desrespeitou a iluminação vermelha do semáforo";"Colisão transversal";"Sem Vítimas";"Pleno dia";"Crescente";"Sol";"Múltipla";"Reta";"Sim";2;0;0;0;1;1;0;2;-3,73772461;-38,57851451;"SPRF-CE";"DEL01-CE";"UOP01-DEL01-CE"
373347;2021-07-28;"quarta-feira";"09:00:00";"RJ";101;542;"PARATY";"Pista Escorregadia";"Saída de leito carroçável";"Com Vítimas Feridas";"Pleno dia";"Crescente";"Nublado";"Dupla";"Curva";"Não";1;0;1;0;0;0;1;1;-23,04128085;-44,59583503;"SPRF-RJ";"DEL03-RJ";"UOP02-DEL03-RJ"
373349;2021-07-28;"quarta-feira";"09:30:00";"PR";476;130;"CURITIBA";"Velocidade Incompatível";"Colisão traseira";"Com Vítimas Feridas";"Pleno dia";"Decrescente";"Céu Claro";"Múltipla";"Curva";"Sim";3;0;2;0;1;0;2;3;-25,45073659;-49,23692692;"SPRF-PR";"DEL01-PR";"UOP03-DEL01-PR"
373351;2021-07-28;"quarta-feira";"07:40:00";"PE";232;371;"FLORES";"Condutor Dormindo";"Colisão frontal";"Com Vítimas Feridas";"Pleno dia";"Decrescente";"Sol";"Simples";"Reta";"Não";3;0;0;3;0;0;3;2;-8,029973;-37,974468;"SPRF-PE";"DEL04-PE";"UOP01-DEL04-PE"
373352;2021-07-28;"quarta-feira";"10:20:00";"GO";60;236;"INDIARA";"Ingestão de álcool pelo condutor";"Saída de leito carroçável";"Com Vítimas Feridas";"Pleno dia";"Decrescente";"Céu Claro";"Dupla";"Reta";"Não";1;0;1;0;0;0;1;1;-17,0832;-49,8386;"SPRF-GO";"DEL01-GO";"UOP02-DEL01-GO"
373353;2021-07-28;"quarta-feira";"10:30:00";"PA";10;202;"IPIXUNA DO PARA";"Condutor Dormindo";"Colisão lateral sentido oposto";"Com Vítimas Feridas";"Pleno dia";"Decrescente";"Sol";"Simples";"Reta";"Não";2;0;1;0;1;0;1;2;-2,66325794;-47,47524765;"SPRF-PA";"DEL02-PA";"UOP01-DEL02-PA"
373354;2021-07-28;"quarta-feira";"10:55:00";"RJ";101;53;"CAMPOS DOS GOYTACAZES";"Mal súbito do condutor";"Queda de ocupante de veículo";"Com Vítimas Feridas";"Pleno dia";"Decrescente";"Céu Claro";"Simples";"Reta";"Não";1;0;1;0;0;0;1;1;-21,660484;-41,31128898;"SPRF-RJ";"DEL08-RJ";"UOP01-DEL08-RJ"
373355;2021-07-28;"quarta-feira";"08:00:00";"MA";135;3;"SAO LUIS";"Conversão proibida";"Colisão transversal";"Com Vítimas Fatais";"Pleno dia";"Decrescente";"Céu Claro";"Dupla";"Reta";"Sim";3;2;0;1;0;0;1;2;-2,65826394;-44,30257905;"SPRF-MA";"DEL01-MA";"UOP01-DEL01-MA"
373357;2021-07-28;"quarta-feira";"10:15:00";"RN";406;159,8;"CEARA-MIRIM";"Reação tardia ou ineficiente do condutor";"Colisão transversal";"Sem Vítimas";"Pleno dia";"Decrescente";"Céu Claro";"Simples";"Reta";"Não";2;0;0;0;2;0;0;2;-5,7065959;-35,37766687;"SPRF-RN";"DEL02-RN";"UOP01-DEL02-RN"
373359;2021-07-17;"sábado";"06:40:00";"PR";369;181,8;"ARAPONGAS";"Conversão proibida";"Colisão transversal";"Com Vítimas Feridas";"Amanhecer";"Crescente";"Nevoeiro/Neblina";"Dupla";"Reta";"Sim";3;0;1;1;1;0;2;3;-23,38026;-51,41713;"SPRF-PR";"DEL07-PR";"UOP02-DEL07-PR"
373364;2021-07-28;"quarta-feira";"11:20:00";"SC";282;17;"PALHOCA";"Condutor deixou de manter distância do veículo da frente";"Colisão traseira";"Com Vítimas Feridas";"Pleno dia";"Decrescente";"Céu Claro";"Simples";"Reta";"Não";2;0;1;0;1;0;1;2;-27,665707;-48,688065;"SPRF-SC";"DEL01-SC";"UOP02-DEL01-SC"
373366;2021-07-28;"quarta-feira";"09:40:00";"MG";381;874;"ESTIVA";"Acumulo de água sobre o pavimento";"Capotamento";"Com Vítimas Feridas";"Pleno dia";"Crescente";"Chuva";"Dupla";"Reta";"Não";2;0;2;0;0;0;2;1;-22,45619351;-46,00792634;"SPRF-MG";"DEL16-MG";"UOP01-DEL16-MG"
373371;2021-07-28;"quarta-feira";"11:50:00";"MG";381;452;"SABARA";"Ausência de reação do condutor";"Queda de ocupante de veículo";"Com Vítimas Feridas";"Pleno dia";"Decrescente";"Céu Claro";"Simples";"Curva";"Sim";1;0;1;0;0;0;1;1;-19,84339604;-43,88596993;"SPRF-MG";"DEL01-MG";"UOP01-DEL01-MG"
373372;2021-07-28;"quarta-feira";"12:45:00";"MG";381;929,2;"ITAPEVA";"Acumulo de óleo sobre o pavimento";"Saída de leito carroçável";"Sem Vítimas";"Pleno dia";"Decrescente";"Garoa/Chuvisco";"Dupla";"Curva";"Sim";1;0;0;0;1;0;0;1;-22,79911462;-46,26123692;"SPRF-MG";"DEL16-MG";"UOP03-DEL16-MG"
373373;2021-07-28;"quarta-feira";"12:30:00";"ES";101;220,7;"IBIRACU";"Frear bruscamente";"Tombamento";"Com Vítimas Feridas";"Pleno dia";"Crescente";"Céu Claro";"Dupla";"Reta";"Não";1;0;1;0;0;0;1;1;-19,86379124;-40,39171492;"SPRF-ES";"DEL02-ES";"UOP01-DEL02-ES"
373374;2021-07-28;"quarta-feira";"12:30:00";"RJ";101;270;"RIO BONITO";"Reação tardia ou ineficiente do condutor";"Colisão com objeto";"Com Vítimas Feridas";"Pleno dia";"Decrescente";"Garoa/Chuvisco";"Dupla";"Curva";"Não";1;0;0;1;0;0;1;1;-22,71852325;-42,68689289;"SPRF-RJ";"DEL02-RJ";"UOP03-DEL02-RJ"
373376;2021-07-28;"quarta-feira";"08:00:00";"SC";101;427;"ARARANGUA";"Conversão proibida";"Colisão frontal";"Com Vítimas Feridas";"Pleno dia";"Decrescente";"Céu Claro";"Simples";"Reta";"Não";2;0;1;0;1;0;1;2;-29,0329064;-49,60623553;"SPRF-SC";"DEL02-SC";"UOP02-DEL02-SC"
373379;2021-07-28;"quarta-feira";"08:00:00";"MG";381;876,7;"ESTIVA";"Chuva";"Saída de leito carroçável";"Com Vítimas Feridas";"Pleno dia";"Decrescente";"Chuva";"Dupla";"Curva";"Não";2;0;2;0;0;0;2;1;-22,56149195;-46,0408143;"SPRF-MG";"DEL16-MG";"UOP01-DEL16-MG"
373383;2021-07-28;"quarta-feira";"14:00:00";"RJ";116;271,3;"BARRA MANSA";"Reação tardia ou ineficiente do condutor";"Colisão com objeto";"Com Vítimas Feridas";"Pleno dia";"Decrescente";"Chuva";"Dupla";"Curva";"Sim";1;0;1;0;0;0;1;1;-22,560883;-44,12224;"SPRF-RJ";"DEL07-RJ";"UOP02-DEL07-RJ"
373384;2021-06-18;"sexta-feira";"21:40:00";"BA";101;232;"SAPEACU";"Ausência de reação do condutor";"Tombamento";"Com Vítimas Feridas";"Plena Noite";"Crescente";"Nublado";"Simples";"Reta";"Não";2;0;2;0;0;0;2;1;-12,71561406;-39,17934358;"SPRF-BA";"DEL01-BA";"UOP02-DEL01-BA"
373386;2021-07-10;"sábado";"18:00:00";"PI";316;1,5;"TERESINA";"Manobra de mudança de faixa";"Colisão lateral mesmo sentido";"Com Vítimas Feridas";"Plena Noite";"Crescente";"Céu Claro";"Simples";"Reta";"Sim";2;0;1;0;1;0;1;2;-5,12861302;-42,8065753;"SPRF-PI";"DEL01-PI";"UOP02-DEL01-PI"
373388;2021-07-28;"quarta-feira";"13:30:00";"MS";163;210,9;"CAARAPO";"Acessar a via sem observar a presença dos outros veículos";"Colisão transversal";"Com Vítimas Feridas";"Pleno dia";"Crescente";"Céu Claro";"Simples";"Reta";"Sim";3;0;2;0;1;0;2;2;-22,62199406;-54,81674471;"SPRF-MS";"DEL04-MS";"UOP02-DEL04-MS"
373390;2021-07-28;"quarta-feira";"14:50:00";"GO";40;5;"VALPARAISO DE GOIAS";"Acessar a via sem observar a presença dos outros veículos";"Colisão transversal";"Com Vítimas Feridas";"Pleno dia";"Crescente";"Sol";"Dupla";"Retorno Regulamentado;Reta";"Sim";5;0;3;0;2;0;3;2;-16,093134;-47,982236;"SPRF-DF";"DEL01-DF";"UOP01-DEL01-DF"
373391;2021-07-28;"quarta-feira";"12:05:00";"PR";163;181,7;"SANTA TEREZA DO OESTE";"Mal súbito do condutor";"Saída de leito carroçável";"Com Vítimas Feridas";"Pleno dia";"Crescente";"Céu Claro";"Dupla";"Curva";"Não";1;0;1;0;0;0;1;1;-25,14253007;-53,59129718;"SPRF-PR";"DEL05-PR";"UOP05-DEL05-PR"
373392;2021-07-28;"quarta-feira";"12:57:00";"PR";277;726,2;"FOZ DO IGUACU";"Reação tardia ou ineficiente do condutor";"Colisão transversal";"Com Vítimas Feridas";"Pleno dia";"Crescente";"Céu Claro";"Simples";"Reta";"Sim";3;0;1;0;2;0;1;2;-25,5106015;-54,55481999;"SPRF-PR";"DEL05-PR";"UOP03-DEL05-PR"
373393;2021-07-28;"quarta-feira";"14:30:00";"BA";101;214;"MURITIBA";"Reação tardia ou ineficiente do condutor";"Queda de ocupante de veículo";"Com Vítimas Feridas";"Pleno dia";"Crescente";"Sol";"Simples";"Reta";"Sim";1;0;1;0;0;0;1;1;-12,627834;-39,091559;"SPRF-BA";"DEL01-BA";"UOP02-DEL01-BA"
373396;2021-07-28;"quarta-feira";"14:35:00";"RJ";101;292;"ITABORAI";"Ingestão de álcool pelo condutor";"Colisão lateral mesmo sentido";"Sem Vítimas";"Pleno dia";"Decrescente";"Chuva";"Dupla";"Reta";"Sim";3;0;0;0;3;0;0;2;-22,76038215;-42,87856408;"SPRF-RJ";"DEL02-RJ";"UOP03-DEL02-RJ"
373397;2021-07-28;"quarta-feira";"09:50:00";"PR";153;30,6;"SANTO ANTONIO DA PLATINA";"Reação tardia ou ineficiente do condutor";"Colisão traseira";"Com Vítimas Feridas";"Pleno dia";"Crescente";"Céu Claro";"Simples";"Reta";"Não";2;0;1;0;0;1;1;2;-23,21816767;-50,01161417;"SPRF-PR";"DEL07-PR";"UOP04-DEL07-PR"
373400;2021-07-28;"quarta-feira";"12:30:00";"PE";428;159,2;"PETROLINA";"Acessar a via sem observar a presença dos outros veículos";"Colisão transversal";"Com Vítimas Feridas";"Pleno dia";"Decrescente";"Céu Claro";"Simples";"Reta";"Não";4;0;2;0;1;1;2;2;-9,13950503;-40,35244194;"SPRF-PE";"DEL06-PE";"UOP01-DEL06-PE"
373406;2021-07-28;"quarta-feira";"16:00:00";"MG";381;778,5;"CAMPANHA";"Condutor Dormindo";"Saída de leito carroçável";"Com Vítimas Feridas";"Pleno dia";"Decrescente";"Nublado";"Dupla";"Curva";"Não";1;0;1;0;0;0;1;1;-21,80493512;-45,47469117;"SPRF-MG";"DEL16-MG";"UOP02-DEL16-MG"
373407;2021-07-28;"quarta-feira";"15:30:00";"PR";116;117;"CURITIBA";"Ausência de reação do condutor";"Colisão traseira";"Com Vítimas Feridas";"Pleno dia";"Crescente";"Céu Claro";"Dupla";"Reta";"Sim";2;0;1;0;1;0;1;2;-25,54988723;-49,28248211;"SPRF-PR";"DEL01-PR";"UOP01-DEL01-PR"
373408;2021-07-28;"quarta-feira";"16:30:00";"SC";101;194;"BIGUACU";"Acessar a via sem observar a presença dos outros veículos";"Colisão transversal";"Com Vítimas Feridas";"Pleno dia";"Crescente";"Sol";"Simples";"Reta";"Sim";2;0;1;0;1;0;1;2;-27,49898352;-48,65649462;"SPRF-SC";"DEL01-SC";"UOP01-DEL01-SC"
373409;2021-07-28;"quarta-feira";"15:00:00";"RO";364;10;"VILHENA";"Condutor deixou de manter distância do veículo da frente";"Colisão traseira";"Com Vítimas Feridas";"Pleno dia";"Decrescente";"Céu Claro";"Simples";"Interseção de Vias;Reta";"Sim";2;0;1;0;1;0;1;2;-12,75240519;-60,10599679;"SPRF-RO";"DEL04-RO";"UOP01-DEL04-RO"
373410;2021-07-28;"quarta-feira";"16:00:00";"MG";40;425,8;"PARAOPEBA";"Obras na pista";"Atropelamento de Pedestre";"Com Vítimas Feridas";"Pleno dia";"Crescente";"Céu Claro";"Dupla";"Aclive;Reta";"Não";2;0;0;1;1;0;1;2;-19,1681;-44,51577;"SPRF-MG";"DEL02-MG";"UOP01-DEL02-MG"
373411;2021-07-28;"quarta-feira";"15:45:00";"SP";153;52,8;"SAO JOSE DO RIO PRETO";"Frear bruscamente";"Tombamento";"Com Vítimas Feridas";"Pleno dia";"Crescente";"Céu Claro";"Dupla";"Reta";"Sim";1;0;1;0;0;0;1;1;-20,72702499;-49,33838971;"SPRF-SP";"DEL09-SP";"UOP01-DEL09-SP"
373412;2021-07-28;"quarta-feira";"16:45:00";"PR";277;132;"BALSA NOVA";"Ausência de reação do condutor";"Queda de ocupante de veículo";"Com Vítimas Feridas";"Pleno dia";"Crescente";"Céu Claro";"Dupla";"Reta";"Não";1;0;0;1;0;0;1;1;-25,46749645;-49,6553278;"SPRF-PR";"DEL01-PR";"UOP03-DEL03-PR"
373416;2021-07-28;"quarta-feira";"17:13:00";"RS";470;213;"BENTO GONCALVES";"Acessar a via sem observar a presença dos outros veículos";"Colisão transversal";"Sem Vítimas";"Anoitecer";"Crescente";"Garoa/Chuvisco";"Simples";"Em Obras";"Sim";3;0;0;0;3;0;0;2;-29,138703;-51,542708;"SPRF-RS";"DEL06-RS";"UOP01-DEL06-RS"
373417;2021-07-04;"domingo";"16:00:00";"MG";267;72;"BICAS";"Velocidade Incompatível";"Saída de leito carroçável";"Com Vítimas Feridas";"Anoitecer";"Decrescente";"Céu Claro";"Simples";"Curva";"Não";1;0;0;1;0;0;1;1;-21,74232735;-43,1142744;"SPRF-MG";"DEL05-MG";"UOP01-DEL05-MG"
373418;2021-07-28;"quarta-feira";"16:10:00";"PR";277;622,4;"CEU AZUL";"Transitar na contramão";"Colisão frontal";"Com Vítimas Feridas";"Pleno dia";"Crescente";"Céu Claro";"Simples";"Curva";"Não";6;0;4;0;2;0;4;3;-25,09042445;-53,72857283;"SPRF-PR";"DEL05-PR";"UOP02-DEL05-PR"
373420;2021-07-23;"sexta-feira";"11:40:00";"SC";116;90;"MONTE CASTELO";"Ultrapassagem Indevida";"Colisão frontal";"Com Vítimas Feridas";"Pleno dia";"Crescente";"Céu Claro";"Simples";"Reta";"Não";2;0;2;0;0;0;2;2;-26,63695731;-50,25471279;"SPRF-SC";"DEL06-SC";"UOP02-DEL06-SC"
373424;2021-07-28;"quarta-feira";"16:20:00";"SP";381;72;"MAIRIPORA";"Chuva";"Colisão com objeto";"Sem Vítimas";"Pleno dia";"Crescente";"Chuva";"Múltipla";"Curva;Aclive";"Não";1;0;0;0;1;0;0;1;-23,35761806;-46,54970281;"SPRF-SP";"DEL03-SP";"UOP01-DEL03-SP"
373426;2021-07-28;"quarta-feira";"15:00:00";"RJ";101;318;"NITEROI";"Condutor deixou de manter distância do veículo da frente";"Colisão traseira";"Com Vítimas Feridas";"Pleno dia";"Decrescente";"Chuva";"Dupla";"Reta";"Sim";2;0;1;0;1;0;1;2;-22,84562994;-43,09841211;"SPRF-RJ";"DEL02-RJ";"UOP02-DEL02-RJ"
373427;2021-03-17;"quarta-feira";"00:10:00";"AL";104;92,1;"RIO LARGO";"Velocidade Incompatível";"Colisão traseira";"Com Vítimas Feridas";"Plena Noite";"Crescente";"Céu Claro";"Dupla";"Viaduto";"Sim";2;0;1;0;0;1;1;2;-9,51818474;-35,80329441;"SPRF-AL";"DEL01-AL";"UOP01-DEL01-AL"
373428;2021-07-28;"quarta-feira";"16:55:00";"RJ";116;121;"MAGE";"Avarias e/ou desgaste excessivo no pneu";"Colisão com objeto";"Com Vítimas Feridas";"Pleno dia";"Crescente";"Chuva";"Dupla";"Reta";"Não";2;0;1;0;1;0;1;1;-22,62881711;-43,04922889;"SPRF-RJ";"DEL04-RJ";"UOP02-DEL04-RJ"
373434;2021-07-28;"quarta-feira";"16:00:00";"RJ";116;175;"NOVA IGUACU";"Manobra de mudança de faixa";"Colisão lateral mesmo sentido";"Com Vítimas Feridas";"Pleno dia";"Crescente";"Garoa/Chuvisco";"Dupla";"Reta";"Sim";3;0;1;0;2;0;1;3;-22,78923555;-43,37275272;"SPRF-RJ";"DEL01-RJ";"UOP02-DEL01-RJ"
373436;2021-07-28;"quarta-feira";"18:30:00";"PR";116;116,8;"CURITIBA";"Manobra de mudança de faixa";"Colisão lateral mesmo sentido";"Com Vítimas Feridas";"Anoitecer";"Crescente";"Céu Claro";"Dupla";"Declive;Reta";"Sim";3;0;2;0;1;0;2;2;-25,55468195;-49,27402397;"SPRF-PR";"DEL01-PR";"UOP01-DEL01-PR"
373440;2021-07-28;"quarta-feira";"18:40:00";"SE";235;6;"NOSSA SENHORA DO SOCORRO";"Reação tardia ou ineficiente do condutor";"Colisão traseira";"Com Vítimas Feridas";"Plena Noite";"Crescente";"Céu Claro";"Dupla";"Viaduto";"Sim";3;0;1;1;1;0;2;3;-10,903851;-37,128677;"SPRF-SE";"DEL01-SE";"UOP01-DEL01-SE"
373441;2021-07-28;"quarta-feira";"17:02:00";"BA";324;523;"FEIRA DE SANTANA";"Acessar a via sem observar a presença dos outros veículos";"Colisão lateral mesmo sentido";"Com Vítimas Feridas";"Anoitecer";"Decrescente";"Nublado";"Simples";"Reta";"Sim";3;0;2;0;0;1;2;2;-12,29007099;-38,91206799;"SPRF-BA";"DEL01-BA";"UOP03-DEL01-BA"
373442;2021-07-28;"quarta-feira";"18:55:00";"PB";230;17;"JOAO PESSOA";"Manobra de mudança de faixa";"Colisão transversal";"Com Vítimas Feridas";"Plena Noite";"Crescente";"Céu Claro";"Múltipla";"Reta;Retorno Regulamentado";"Sim";2;0;1;0;1;0;1;2;-7,1121;-34,8426;"SPRF-PB";"DEL01-PB";"UOP01-DEL01-PB"
373443;2021-07-28;"quarta-feira";"18:05:00";"RJ";40;121;"DUQUE DE CAXIAS";"Condutor deixou de manter distância do veículo da frente";"Engavetamento";"Com Vítimas Feridas";"Plena Noite";"Crescente";"Chuva";"Múltipla";"Reta";"Sim";6;0;2;0;4;0;2;4;-22,78185499;-43,28571273;"SPRF-RJ";"DEL01-RJ";"UOP01-DEL01-RJ"
373447;2021-07-28;"quarta-feira";"18:50:00";"SP";116;210;"GUARULHOS";"Objeto estático sobre o leito carroçável";"Colisão com objeto";"Com Vítimas Feridas";"Plena Noite";"Decrescente";"Ignorado";"Múltipla";"Reta";"Sim";3;0;1;0;2;0;1;3;-23,42870023;-46,41085991;"SPRF-SP";"DEL01-SP";"UOP01-DEL01-SP"
373448;2021-07-28;"quarta-feira";"18:40:00";"SC";101;174;"BIGUACU";"Ausência de reação do condutor";"Saída de leito carroçável";"Sem Vítimas";"Plena Noite";"Crescente";"Céu Claro";"Dupla";"Retorno Regulamentado";"Não";1;0;0;0;1;0;0;1;-27,33081601;-48,62697562;"SPRF-SC";"DEL01-SC";"UOP01-DEL01-SC"
373450;2021-07-28;"quarta-feira";"19:00:00";"SC";470;56;"BLUMENAU";"Ausência de reação do condutor";"Colisão traseira";"Com Vítimas Feridas";"Plena Noite";"Crescente";"Nublado";"Simples";"Reta";"Não";2;0;1;0;1;0;1;2;-26,87674;-49,127743;"SPRF-SC";"DEL04-SC";"UOP01-DEL04-SC"
373451;2021-07-28;"quarta-feira";"15:20:00";"MG";50;80;"UBERLANDIA";"Reação tardia ou ineficiente do condutor";"Saída de leito carroçável";"Com Vítimas Feridas";"Pleno dia";"Crescente";"Céu Claro";"Dupla";"Curva";"Não";1;0;1;0;0;0;1;1;-18,97058461;-48,21556091;"SPRF-MG";"DEL15-MG";"UOP01-DEL15-MG"
373452;2021-07-28;"quarta-feira";"17:30:00";"SC";282;15,7;"PALHOCA";"Ausência de reação do condutor";"Colisão transversal";"Com Vítimas Feridas";"Pleno dia";"Decrescente";"Céu Claro";"Simples";"Reta";"Sim";2;0;1;0;1;0;1;2;-27,651848;-48,676048;"SPRF-SC";"DEL01-SC";"UOP02-DEL01-SC"
373453;2021-07-28;"quarta-feira";"16:30:00";"BA";367;82,2;"EUNAPOLIS";"Desrespeitar a preferência no cruzamento";"Colisão transversal";"Com Vítimas Feridas";"Pleno dia";"Decrescente";"Céu Claro";"Simples";"Rotatória";"Sim";2;0;1;0;0;1;1;2;-16,37205962;-39,56163401;"SPRF-BA";"DEL09-BA";"UOP01-DEL09-BA"
373454;2021-07-28;"quarta-feira";"19:40:00";"RN";406;170;"SAO GONCALO DO AMARANTE";"Condutor deixou de manter distância do veículo da frente";"Colisão traseira";"Com Vítimas Feridas";"Plena Noite";"Decrescente";"Céu Claro";"Dupla";"Reta";"Sim";2;0;1;0;1;0;1;2;-5,75872063;-35,29921986;"SPRF-RN";"DEL02-RN";"UOP01-DEL02-RN"
373456;2021-07-28;"quarta-feira";"19:20:00";"SC";101;117;"ITAJAI";"Manobra de mudança de faixa";"Colisão traseira";"Com Vítimas Feridas";"Plena Noite";"Crescente";"Céu Claro";"Dupla";"Reta";"Sim";2;0;1;0;1;0;1;2;-26,88747187;-48,72252969;"SPRF-SC";"DEL04-SC";"UOP04-DEL04-SC"