"id";"data_inversa";"dia_semana";"horario";"uf";"br";"km";"municipio";"causa_acidente";"tipo_acidente";"classificacao_acidente";"fase_dia";"sentido_via";"condicao_metereologica";"tipo_pista";"tracado_via";"uso_solo";"pessoas";"mortos";"feridos_leves";"feridos_graves";"ilesos";"ignorados";"feridos";"veiculos";"latitude";"longitude";"regional";"delegacia";"uop"
373457;2021-04-25;"domingo";"00:30:00";"BA";367;58;"PORTO SEGURO";"Ingestão de álcool ou de substâncias psicoativas pelo pedestre";"Atropelamento de Pedestre";"Com Vítimas Fatais";"Plena Noite";"Crescente";"Céu Claro";"Simples";"Reta";"Não";2;1;0;0;0;1;0;2;-16,38808224;-39,36613702;"SPRF-BA";"DEL09-BA";"UOP01-DEL09-BA"
373458;2021-07-28;"quarta-feira";"18:25:00";"PE";423;95;"GARANHUNS";"Iluminação deficiente";"Atropelamento de Pedestre";"Com Vítimas Feridas";"Plena Noite";"Crescente";"Nublado";"Simples";"Reta";"Sim";2;0;0;1;0;1;1;2;-8,87891989;-36,47796305;"SPRF-PE";"DEL03-PE";"UOP01-DEL03-PE"
373459;2021-07-28;"quarta-feira";"15:30:00";"PR";376;387;"IMBAU";"Ausência de reação do condutor";"Colisão traseira";"Sem Vítimas";"Pleno dia";"Crescente";"Ignorado";"Dupla";"Reta";"Sim";2;0;0;0;2;0;0;2;-24,50165014;-50,71899331;"SPRF-PR";"DEL03-PR";"UOP02-DEL03-PR"
373460;2021-07-28;"quarta-feira";"14:30:00";"RO";364;411;"JARU";"Condutor deixou de manter distância do veículo da frente";"Colisão traseira";"Com Vítimas Feridas";"Pleno dia";"Decrescente";"Céu Claro";"Simples";"Reta";"Não";4;0;2;0;2;0;2;2;-10,52497711;-62,39404366;"SPRF-RO";"DEL03-RO";"UOP02-DEL03-RO"
373463;2021-07-28;"quarta-feira";"19:15:00";"PR";487;149;"ARARUNA";"Ingestão de álcool pelo condutor";"Saída de leito carroçável";"Sem Vítimas";"Plena Noite";"Crescente";"Céu Claro";"Simples";"Reta";"Não";4;0;0;0;4;0;0;2;-23,94215321;-52,65723006;"SPRF-PR";"DEL09-PR";"UOP03-DEL09-PR"
373464;2021-07-28;"quarta-feira";"08:00:00";"PI";135;279;"ALVORADA DO GURGUEIA";"Pista esburacada";"Saída de leito carroçável";"Com Vítimas Feridas";"Pleno dia";"Crescente";"Céu Claro";"Simples";"Reta";"Não";4;0;1;1;2;0;2;1;-8,58089908;-43,98768698;"SPRF-PI";"DEL03-PI";"UOP02-DEL03-PI"
373466;2021-07-28;"quarta-feira";"19:15:00";"MA";135;1;"SAO LUIS";"Ausência de reação do condutor";"Colisão traseira";"Com Vítimas Feridas";"Plena Noite";"Decrescente";"Chuva";"Dupla";"Reta";"Não";2;0;1;0;1;0;1;2;-2,53073;-44,3068;"SPRF-MA";"DEL01-MA";"UOP01-DEL01-MA"
373468;2021-07-28;"quarta-feira";"21:30:00";"SC";470;61,1;"BLUMENAU";"Ultrapassagem Indevida";"Saída de leito carroçável";"Com Vítimas Feridas";"Plena Noite";"Decrescente";"Céu Claro";"Simples";"Reta";"Não";4;0;3;0;0;1;3;3;-26,878952;-49,17421;"SPRF-SC";"DEL04-SC";"UOP01-DEL04-SC"
373469;2021-07-28;"quarta-feira";"21:00:00";"PR";277;82,7;"CURITIBA";"Velocidade Incompatível";"Saída de leito carroçável";"Com Vítimas Feridas";"Plena Noite";"Decrescente";"Céu Claro";"Dupla";"Reta";"Sim";1;0;1;0;0;0;1;1;-25,568939;-49,181978;"SPRF-PR";"DEL01-PR";"UOP01-DEL01-PR"
373470;2021-07-28;"quarta-feira";"21:55:00";"MG";365;619,8;"UBERLANDIA";"Ingestão de álcool pelo condutor";"Tombamento";"Com Vítimas Feridas";"Plena Noite";"Crescente";"Céu Claro";"Dupla";"Aclive;Interseção de Vias";"Sim";1;0;1;0;0;0;1;1;-18,89926195;-48,27319804;"SPRF-MG";"DEL15-MG";"UOP01-DEL15-MG"
373471;2021-07-28;"quarta-feira";"21:20:00";"SP";101;29;"UBATUBA";"Ingestão de álcool ou de substâncias psicoativas pelo pedestre";"Atropelamento de Pedestre";"Com Vítimas Feridas";"Plena Noite";"Crescente";"Nublado";"Simples";"Reta";"Não";2;0;1;0;0;1;1;2;-23,37341522;-44,96219491;"SPRF-SP";"DEL06-SP";"UOP01-DEL06-SP"
373472;2021-07-28;"quarta-feira";"17:00:00";"MG";262;375;"JUATUBA";"Condutor Dormindo";"Saída de leito carroçável";"Com Vítimas Feridas";"Pleno dia";"Crescente";"Céu Claro";"Dupla";"Reta";"Não";1;0;1;0;0;0;1;1;-19,959929;-44,337997;"SPRF-MG";"DEL01-MG";"UOP03-DEL01-MG"
373473;2021-07-28;"quarta-feira";"20:20:00";"MG";116;192,6;"CARAI";"Pedestre andava na pista";"Atropelamento de Pedestre";"Com Vítimas Fatais";"Plena Noite";"Decrescente";"Céu Claro";"Simples";"Reta";"Não";2;1;0;0;1;0;0;2;-17,17971924;-41,49345216;"SPRF-MG";"DEL11-MG";"UOP01-DEL11-MG"
373474;2021-07-28;"quarta-feira";"12:30:00";"PI";135;510;"GILBUES";"Reação tardia ou ineficiente do condutor";"Saída de leito carroçável";"Com Vítimas Feridas";"Pleno dia";"Crescente";"Céu Claro";"Simples";"Reta";"Não";2;0;2;0;0;0;2;1;-9,79192102;-45,32588491;"SPRF-PI";"DEL03-PI";"UOP02-DEL03-PI"
373475;2021-05-29;"sábado";"18:00:00";"ES";101;235;"FUNDAO";"Pedestre andava na pista";"Atropelamento de Pedestre";"Com Vítimas Feridas";"Anoitecer";"Decrescente";"Céu Claro";"Simples";"Reta";"Sim";2;0;0;1;1;0;1;2;-19,97811606;-40,40780888;"SPRF-ES";"DEL02-ES";"UOP01-DEL02-ES"
373476;2021-07-28;"quarta-feira";"14:30:00";"RJ";40;90;"PETROPOLIS";"Reação tardia ou ineficiente do condutor";"Saída de leito carroçável";"Com Vítimas Feridas";"Pleno dia";"Crescente";"Chuva";"Dupla";"Curva";"Não";4;0;3;0;1;0;3;1;-22,550738;-43,236397;"SPRF-RJ";"DEL06-RJ";"UOP01-DEL06-RJ"
373477;2021-05-29;"sábado";"15:30:00";"BA";101;860;"TEIXEIRA DE FREITAS";"Ingestão de álcool pelo condutor";"Colisão transversal";"Com Vítimas Feridas";"Pleno dia";"Crescente";"Céu Claro";"Simples";"Reta";"Não";3;0;1;0;2;0;1;2;-17,60083595;-39,74860637;"SPRF-BA";"DEL09-BA";"UOP02-DEL09-BA"
373483;2021-07-28;"quarta-feira";"22:45:00";"RS";386;369;"FAZENDA VILANOVA";"Ausência de reação do condutor";"Colisão traseira";"Com Vítimas Feridas";"Plena Noite";"Decrescente";"Nublado";"Simples";"Reta";"Sim";2;0;2;0;0;0;2;2;-29,58886668;-51,82900256;"SPRF-RS";"DEL04-RS";"UOP02-DEL04-RS"
373485;2021-07-28;"quarta-feira";"18:00:00";"BA";116;818,4;"VITORIA DA CONQUISTA";"Frear bruscamente";"Engavetamento";"Sem Vítimas";"Anoitecer";"Crescente";"Céu Claro";"Simples";"Aclive";"Não";3;0;0;0;3;0;0;3;-14,826111;-40,823502;"SPRF-BA";"DEL08-BA";"UOP01-DEL08-BA"
373488;2021-07-28;"quarta-feira";"22:40:00";"MS";163;256,3;"DOURADOS";"Desrespeitar a preferência no cruzamento";"Colisão transversal";"Com Vítimas Feridas";"Plena Noite";"Crescente";"Céu Claro";"Dupla";"Reta";"Sim";2;0;0;1;1;0;1;2;-22,25914285;-54,80063081;"SPRF-MS";"DEL04-MS";"UOP01-DEL04-MS"
373489;2021-07-28;"quarta-feira";"22:20:00";"PR";369;500,7;"CORBELIA";"Acessar a via sem observar a presença dos outros veículos";"Colisão transversal";"Com Vítimas Feridas";"Plena Noite";"Crescente";"Céu Claro";"Simples";"Declive;Reta";"Sim";2;0;0;1;1;0;1;2;-24,79267607;-53,28859448;"SPRF-PR";"DEL04-PR";"UOP03-DEL04-PR"
373490;2021-07-28;"quarta-feira";"18:48:00";"MT";0;0;"CUIABA";"Objeto estático sobre o leito carroçável";"Colisão traseira";"Sem Vítimas";"Plena Noite";"Não Informado";"Vento";"Dupla";"Reta";"Sim";7;0;0;0;7;0;0;3;-15,56356495;-56,08717918;"SPRF-MT";"N/A";"N/A"
373491;2021-07-29;"quinta-feira";"00:45:00";"PE";232;252,1;"ARCOVERDE";"Ingestão de álcool ou de substâncias psicoativas pelo pedestre";"Atropelamento de Pedestre";"Com Vítimas Fatais";"Plena Noite";"Decrescente";"Céu Claro";"Simples";"Reta";"Sim";2;1;0;0;0;1;0;2;-8,43086;-37,06536;"SPRF-PE";"DEL03-PE";"UOP02-DEL03-PE"
373492;2021-07-28;"quarta-feira";"23:50:00";"RN";101;95,7;"NATAL";"Transitar na contramão";"Colisão frontal";"Sem Vítimas";"Plena Noite";"Crescente";"Céu Claro";"Múltipla";"Aclive";"Sim";2;0;0;0;2;0;0;2;-5,846364;-35,208718;"SPRF-RN";"DEL01-RN";"UOP01-DEL01-RN"
373493;2021-07-28;"quarta-feira";"16:40:00";"AL";424;102;"MARECHAL DEODORO";"Velocidade Incompatível";"Saída de leito carroçável";"Sem Vítimas";"Pleno dia";"Decrescente";"Nublado";"Simples";"Rotatória";"Não";1;0;0;0;0;1;0;1;-9,674961;-35,83637238;"SPRF-AL";"DEL02-AL";"UOP01-DEL02-AL"
373494;2021-07-29;"quinta-feira";"00:30:00";"ES";101;229,2;"FUNDAO";"Ingestão de álcool pelo condutor";"Colisão com objeto";"Sem Vítimas";"Plena Noite";"Decrescente";"Céu Claro";"Simples";"Reta";"Sim";1;0;0;0;1;0;0;1;-19,92727879;-40,40587142;"SPRF-ES";"DEL02-ES";"UOP01-DEL02-ES"
373495;2021-07-29;"quinta-feira";"01:45:00";"SC";101;148;"ITAPEMA";"Ingestão de álcool pelo condutor";"Saída de leito carroçável";"Com Vítimas Feridas";"Plena Noite";"Crescente";"Nublado";"Dupla";"Reta";"Sim";1;0;1;0;0;0;1;1;-27,10123686;-48,61807962;"SPRF-SC";"DEL04-SC";"UOP03-DEL04-SC"
373496;2021-07-28;"quarta-feira";"23:00:00";"RS";285;139,7;"MUITOS CAPOES";"Pista Escorregadia";"Colisão com objeto";"Sem Vítimas";"Plena Noite";"Decrescente";"Neve";"Simples";"Reta";"Não";2;0;0;0;2;0;0;1;-28,395073;-51,054054;"SPRF-RS";"DEL05-RS";"UOP03-DEL05-RS"
373497;2021-07-28;"quarta-feira";"18:18:00";"BA";101;508;"ITABUNA";"Ingestão de álcool pelo condutor";"Saída de leito carroçável";"Sem Vítimas";"Plena Noite";"Decrescente";"Céu Claro";"Simples";"Interseção de Vias";"Sim";1;0;0;0;1;0;0;1;-14,818661;-39,294542;"SPRF-BA";"DEL05-BA";"UOP01-DEL05-BA"
373498;2021-05-10;"segunda-feira";"20:00:00";"BA";101;197;"CACHOEIRA";"Ultrapassagem Indevida";"Colisão frontal";"Com Vítimas Feridas";"Plena Noite";"Decrescente";"Garoa/Chuvisco";"Simples";"Declive";"Não";7;0;6;0;1;0;6;2;-12,60004613;-39,0463359;"SPRF-BA";"DEL01-BA";"UOP03-DEL01-BA"
373503;2021-07-29;"quinta-feira";"02:45:00";"SC";282;183;"BOCAINA DO SUL";"Animais na Pista";"Atropelamento de Animal";"Com Vítimas Feridas";"Plena Noite";"Crescente";"Neve";"Simples";"Reta";"Não";1;0;1;0;0;0;1;1;-27,735399;-49,958389;"SPRF-SC";"DEL05-SC";"UOP01-DEL05-SC"
373505;2021-07-29;"quinta-feira";"05:55:00";"PE";101;81;"JABOATAO DOS GUARARAPES";"Reação tardia ou ineficiente do condutor";"Colisão transversal";"Com Vítimas Feridas";"Pleno dia";"Decrescente";"Céu Claro";"Dupla";"Reta";"Sim";2;0;1;1;0;0;2;2;-8,1597489;-34,94024569;"SPRF-PE";"DEL01-PE";"UOP01-DEL01-PE"
373507;2021-07-29;"quinta-feira";"05:40:00";"CE";222;0,1;"FORTALEZA";"Condutor desrespeitou a iluminação vermelha do semáforo";"Colisão transversal";"Com Vítimas Feridas";"Amanhecer";"Decrescente";"Céu Claro";"Múltipla";"Interseção de Vias";"Sim";2;0;1;0;1;0;1;2;-3,7367737;-38,56923;"SPRF-CE";"DEL01-CE";"UOP01-DEL01-CE"
373509;2021-07-18;"domingo";"19:40:00";"CE";116;309,1;"JAGUARIBE";"Acessar a via sem observar a presença dos outros veículos";"Colisão frontal";"Com Vítimas Feridas";"Plena Noite";"Crescente";"Céu Claro";"Simples";"Reta";"Sim";6;0;1;3;2;0;4;3;-5,89477992;-38,61975447;"SPRF-CE";"DEL05-CE";"UOP02-DEL05-CE"
373510;2021-07-29;"quinta-feira";"04:00:00";"MG";40;518;"RIBEIRAO DAS NEVES";"Condutor Dormindo";"Capotamento";"Sem Vítimas";"Plena Noite";"Decrescente";"Céu Claro";"Dupla";"Reta";"Sim";1;0;0;0;0;1;0;1;-19,8321242;-44,08208533;"SPRF-MG";"DEL01-MG";"UOP02-DEL01-MG"
373511;2021-07-29;"quinta-feira";"03:45:00";"RJ";393;106;"SAPUCAIA";"Condutor Dormindo";"Colisão com objeto";"Com Vítimas Feridas";"Plena Noite";"Decrescente";"Garoa/Chuvisco";"Simples";"Reta";"Não";1;0;1;0;0;0;1;1;-21,87764485;-42,67025797;"SPRF-RJ";"DEL05-RJ";"UOP01-DEL05-RJ"
373513;2021-07-17;"sábado";"07:00:00";"SC";282;3,9;"FLORIANOPOLIS";"Transitar na contramão";"Colisão transversal";"Com Vítimas Feridas";"Pleno dia";"Crescente";"Nublado";"Dupla";"Interseção de Vias";"Sim";3;0;2;0;1;0;2;3;-27,600384;-48,599705;"SPRF-SC";"DEL01-SC";"UOP01-DEL01-SC"
373514;2021-07-29;"quinta-feira";"07:05:00";"MG";50;69;"UBERLANDIA";"Manobra de mudança de faixa";"Tombamento";"Com Vítimas Feridas";"Pleno dia";"Crescente";"Céu Claro";"Dupla";"Reta";"Sim";1;0;1;0;0;0;1;1;-18,88586342;-48,26405525;"SPRF-MG";"DEL15-MG";"UOP01-DEL15-MG"
373515;2021-07-29;"quinta-feira";"07:00:00";"MG";381;774;"CAMPANHA";"Demais falhas mecânicas ou elétricas";"Capotamento";"Com Vítimas Feridas";"Pleno dia";"Decrescente";"Céu Claro";"Dupla";"Reta";"Não";4;0;4;0;0;0;4;1;-21,80533771;-45,47582709;"SPRF-MG";"DEL16-MG";"UOP02-DEL16-MG"
373516;2021-07-29;"quinta-feira";"06:50:00";"RJ";116;67;"SAO JOAO DE MERITI";"Trafegar com motocicleta (ou similar) entre as faixas";"Colisão lateral mesmo sentido";"Com Vítimas Feridas";"Pleno dia";"Decrescente";"Céu Claro";"Dupla";"Reta";"Sim";2;0;1;0;1;0;1;2;-22,79808152;-43,35795619;"SPRF-RJ";"DEL04-RJ";"UOP01-DEL04-RJ"
373518;2021-07-29;"quinta-feira";"07:50:00";"DF";20;16;"BRASILIA";"Condutor deixou de manter distância do veículo da frente";"Colisão traseira";"Sem Vítimas";"Pleno dia";"Decrescente";"Sol";"Dupla";"Reta";"Sim";2;0;0;0;2;0;0;2;-15,625675;-47,725159;"SPRF-DF";"DEL02-DF";"UOP01-DEL02-DF"
373521;2021-07-29;"quinta-feira";"07:30:00";"PR";277;110;"CAMPO LARGO";"Acessar a via sem observar a presença dos outros veículos";"Colisão traseira";"Com Vítimas Feridas";"Amanhecer";"Decrescente";"Céu Claro";"Dupla";"Reta";"Não";2;0;1;0;1;0;1;2;-25,44361283;-49,45774944;"SPRF-PR";"DEL01-PR";"UOP03-DEL03-PR"
373523;2021-07-29;"quinta-feira";"07:55:00";"MG";381;477,5;"CONTAGEM";"Reação tardia ou ineficiente do condutor";"Engavetamento";"Com Vítimas Feridas";"Pleno dia";"Decrescente";"Céu Claro";"Dupla";"Reta";"Sim";3;0;1;0;2;0;1;3;-19,95838414;-44,03135777;"SPRF-MG";"DEL01-MG";"UOP03-DEL01-MG"
373524;2021-05-25;"terça-feira";"17:30:00";"SC";101;137,2;"BALNEARIO CAMBORIU";"Manobra de mudança de faixa";"Tombamento";"Com Vítimas Feridas";"Pleno dia";"Crescente";"Céu Claro";"Dupla";"Reta";"Sim";1;0;0;1;0;0;1;1;-27,0660285;-48,5956539;"SPRF-SC";"DEL04-SC";"UOP03-DEL04-SC"
373526;2021-07-29;"quinta-feira";"08:00:00";"SP";381;44;"ATIBAIA";"Demais falhas mecânicas ou elétricas";"Tombamento";"Com Vítimas Feridas";"Pleno dia";"Crescente";"Céu Claro";"Dupla";"Reta";"Não";2;0;2;0;0;0;2;1;-23,16458615;-46,57418959;"SPRF-SP";"DEL03-SP";"UOP01-DEL03-SP"
373527;2021-07-13;"terça-feira";"07:00:00";"SP";116;273;"TABOAO DA SERRA";"Ausência de reação do condutor";"Queda de ocupante de veículo";"Com Vítimas Feridas";"Amanhecer";"Decrescente";"Céu Claro";"Dupla";"Reta";"Sim";2;0;1;1;0;0;2;1;-23,61527231;-46,78630829;"SPRF-SP";"DEL04-SP";"UOP01-DEL04-SP"
373529;2021-07-29;"quinta-feira";"06:30:00";"PR";376;176,3;"MARINGA";"Condutor deixou de manter distância do veículo da frente";"Colisão lateral mesmo sentido";"Com Vítimas Feridas";"Pleno dia";"Crescente";"Céu Claro";"Dupla";"Interseção de Vias";"Sim";2;0;1;0;1;0;1;2;-23,41269173;-51,93158327;"SPRF-PR";"DEL09-PR";"UOP01-DEL09-PR"
373530;2021-07-29;"quinta-feira";"07:40:00";"PE";408;94;"SAO LOURENCO DA MATA";"Entrada inopinada do pedestre";"Atropelamento de Pedestre";"Com Vítimas Feridas";"Pleno dia";"Decrescente";"Céu Claro";"Dupla";"Curva";"Sim";2;0;1;0;1;0;1;2;-8,006926;-35,043865;"SPRF-PE";"DEL01-PE";"UOP01-DEL01-PE"
373531;2021-07-29;"quinta-feira";"07:40:00";"BA";116;418,8;"FEIRA DE SANTANA";"Velocidade Incompatível";"Colisão traseira";"Com Vítimas Feridas";"Pleno dia";"Crescente";"Nublado";"Dupla";"Aclive;Curva;Interseção de Vias";"Sim";2;0;1;0;1;0;1;2;-12,185808;-38,965225;"SPRF-BA";"DEL02-BA";"UOP01-DEL02-BA"
373532;2021-07-29;"quinta-feira";"08:50:00";"RN";406;149,9;"CEARA-MIRIM";"Acessar a via sem observar a presença dos outros veículos";"Colisão transversal";"Com Vítimas Feridas";"Pleno dia";"Crescente";"Céu Claro";"Simples";"Interseção de Vias";"Não";2;0;1;0;1;0;1;2;-5,6485583;-35,44127004;"SPRF-RN";"DEL02-RN";"UOP01-DEL02-RN"
373533;2021-07-22;"quinta-feira";"19:30:00";"RS";0;0;"SAO LEOPOLDO";"Acessar a via sem observar a presença dos outros veículos";"Colisão transversal";"Sem Vítimas";"Plena Noite";"Não Informado";"Céu Claro";"Simples";"Interseção de Vias";"Sim";2;0;0;0;2;0;0;2;-29,75036435;-51,14761877;"SPRF-RS";"DEL01-RS";"UOP02-DEL01-RS"
373534;2021-07-29;"quinta-feira";"07:25:00";"SC";470;140;"RIO DO SUL";"Ingestão de álcool pelo condutor";"Colisão frontal";"Com Vítimas Feridas";"Pleno dia";"Decrescente";"Céu Claro";"Simples";"Curva";"Sim";3;0;2;0;1;0;2;2;-27,222485;-49,662827;"SPRF-SC";"DEL04-SC";"UOP02-DEL04-SC"
373537;2021-07-29;"quinta-feira";"06:45:00";"RJ";101;62;"CAMPOS DOS GOYTACAZES";"Condutor deixou de manter distância do veículo da frente";"Colisão traseira";"Com Vítimas Feridas";"Pleno dia";"Crescente";"Céu Claro";"Simples";"Reta";"Sim";2;0;1;0;1;0;1;2;-21,73473386;-41,32504025;"SPRF-RJ";"DEL08-RJ";"UOP01-DEL08-RJ"
373538;2021-07-29;"quinta-feira";"08:25:00";"AL";316;147;"PALMEIRA DOS INDIOS";"Acessar a via sem observar a presença dos outros veículos";"Colisão transversal";"Com Vítimas Feridas";"Pleno dia";"Decrescente";"Céu Claro";"Simples";"Reta";"Não";2;0;1;0;1;0;1;2;-9,40239145;-36,69602965;"SPRF-AL";"DEL03-AL";"UOP01-DEL03-AL"
373541;2021-07-22;"quinta-feira";"09:50:00";"MS";267;377;"MARACAJU";"Obstrução na via";"Saída de leito carroçável";"Com Vítimas Feridas";"Pleno dia";"Crescente";"Céu Claro";"Simples";"Reta";"Não";3;0;1;2;0;0;3;2;-21,6586996067;-55,2598720159;"SPRF-MS";"DEL05-MS";"UOP01-DEL05-MS"
373544;2021-07-29;"quinta-feira";"08:00:00";"PB";230;19;"JOAO PESSOA";"Trafegar com motocicleta (ou similar) entre as faixas";"Colisão lateral mesmo sentido";"Com Vítimas Feridas";"Pleno dia";"Decrescente";"Céu Claro";"Dupla";"Reta";"Sim";4;0;4;0;0;0;4;2;-7,12984903;-34,85056277;"SPRF-PB";"DEL01-PB";"UOP01-DEL01-PB"
373545;2021-07-29;"quinta-feira";"09:15:00";"MG";381;481,3;"CONTAGEM";"Condutor usando celular";"Saída de leito carroçável";"Com Vítimas Feridas";"Pleno dia";"Decrescente";"Sol";"Simples";"Declive;Curva";"Sim";1;0;1;0;0;0;1;1;-19,959212;-44,064099;"SPRF-MG";"DEL01-MG";"UOP03-DEL01-MG"
373546;2021-07-20;"terça-feira";"07:20:00";"RS";116;240;"NOVO HAMBURGO";"Condutor deixou de manter distância do veículo da frente";"Colisão traseira";"Com Vítimas Feridas";"Pleno dia";"Decrescente";"Céu Claro";"Dupla";"Reta;Aclive";"Não";5;0;1;0;4;0;1;5;-29,70496497;-51,14676523;"SPRF-RS";"DEL01-RS";"UOP02-DEL01-RS"
373548;2021-04-06;"terça-feira";"17:45:00";"PR";376;164,1;"MARINGA";"Velocidade Incompatível";"Colisão traseira";"Com Vítimas Feridas";"Anoitecer";"Decrescente";"Céu Claro";"Dupla";"Reta;Aclive";"Não";2;0;0;1;1;0;1;2;-23,38150629;-52,03480212;"SPRF-PR";"DEL09-PR";"UOP01-DEL09-PR"
373551;2021-07-29;"quinta-feira";"10:40:00";"MG";40;532;"BELO HORIZONTE";"Trafegar com motocicleta (ou similar) entre as faixas";"Colisão lateral mesmo sentido";"Com Vítimas Feridas";"Pleno dia";"Crescente";"Céu Claro";"Dupla";"Reta";"Não";2;0;1;0;1;0;1;2;-19,92372561;-44,01700789;"SPRF-MG";"DEL01-MG";"UOP02-DEL01-MG"
373552;2021-07-29;"quinta-feira";"10:00:00";"RS";116;147,4;"CAXIAS DO SUL";"Ingestão de álcool pelo condutor";"Engavetamento";"Sem Vítimas";"Pleno dia";"Crescente";"Nublado";"Dupla";"Reta";"Sim";4;0;0;0;4;0;0;4;-29,14908014;-51,1429969;"SPRF-RS";"DEL05-RS";"UOP01-DEL05-RS"
373553;2021-07-29;"quinta-feira";"10:15:00";"SP";153;63,6;"SAO JOSE DO RIO PRETO";"Ausência de reação do condutor";"Tombamento";"Com Vítimas Feridas";"Pleno dia";"Decrescente";"Céu Claro";"Dupla";"Curva;Em Obras";"Sim";2;0;1;0;0;1;1;2;-20,82149698;-49,35764818;"SPRF-SP";"DEL09-SP";"UOP01-DEL09-SP"
373557;2021-07-29;"quinta-feira";"09:00:00";"AC";364;136;"RIO BRANCO";"Ausência de reação do condutor";"Atropelamento de Pedestre";"Com Vítimas Feridas";"Pleno dia";"Crescente";"Sol";"Simples";"Reta";"Sim";2;0;1;0;1;0;1;2;-9,977578;-67,8489;"SPRF-AC";"DEL01-AC";"UOP01-DEL01-AC"
373560;2021-07-12;"segunda-feira";"08:00:00";"RS";116;13;"VACARIA";"Reação tardia ou ineficiente do condutor";"Saída de leito carroçável";"Com Vítimas Feridas";"Pleno dia";"Decrescente";"Sol";"Simples";"Reta";"Não";2;0;2;0;0;0;2;1;-28,31160804;-50,80299784;"SPRF-RS";"DEL05-RS";"UOP03-DEL05-RS"
373563;2021-07-29;"quinta-feira";"12:10:00";"RS";392;717,7;"PORTO XAVIER";"Acessar a via sem observar a presença dos outros veículos";"Colisão traseira";"Com Vítimas Feridas";"Pleno dia";"Decrescente";"Céu Claro";"Simples";"Reta";"Sim";4;0;3;0;1;0;3;2;-27,94173886;-55,13793208;"SPRF-RS";"DEL10-RS";"UOP01-DEL10-RS"
373565;2021-07-29;"quinta-feira";"12:50:00";"SC";101;209,8;"SAO JOSE";"Ausência de reação do condutor";"Colisão traseira";"Com Vítimas Feridas";"Pleno dia";"Crescente";"Céu Claro";"Múltipla";"Declive";"Sim";3;0;2;0;1;0;2;2;-27,61000542;-48,63895057;"SPRF-SC";"DEL01-SC";"UOP01-DEL01-SC"
373566;2021-07-29;"quinta-feira";"12:01:00";"SC";470;56,4;"BLUMENAU";"Acessar a via sem observar a presença dos outros veículos";"Colisão transversal";"Com Vítimas Feridas";"Pleno dia";"Decrescente";"Céu Claro";"Simples";"Reta";"Não";2;0;1;0;1;0;1;2;-26,87674;-49,127743;"SPRF-SC";"DEL04-SC";"UOP01-DEL04-SC"
373567;2021-07-29;"quinta-feira";"13:10:00";"MG";116;276,2;"TEOFILO OTONI";"Condutor deixou de manter distância do veículo da frente";"Colisão lateral mesmo sentido";"Com Vítimas Feridas";"Pleno dia";"Decrescente";"Céu Claro";"Múltipla";"Reta";"Sim";3;0;1;0;1;1;1;3;-17,85105696;-41,51454492;"SPRF-MG";"DEL11-MG";"UOP01-DEL11-MG"
373568;2021-07-29;"quinta-feira";"09:10:00";"GO";364;51,9;"CACHOEIRA ALTA";"Condutor deixou de manter distância do veículo da frente";"Colisão traseira";"Com Vítimas Feridas";"Pleno dia";"Crescente";"Céu Claro";"Simples";"Reta";"Não";4;0;2;1;1;0;3;2;-18,801977;-50,900124;"SPRF-GO";"DEL05-GO";"UOP02-DEL05-GO"
373569;2021-07-29;"quinta-feira";"06:15:00";"RS";285;86,6;"MONTE ALEGRE DOS CAMPOS";"Pista Escorregadia";"Saída de leito carroçável";"Com Vítimas Feridas";"Amanhecer";"Decrescente";"Nublado";"Simples";"Curva";"Não";1;0;1;0;0;0;1;1;-28,63896;-50,659924;"SPRF-RS";"DEL05-RS";"UOP03-DEL05-RS"
373573;2021-07-29;"quinta-feira";"13:30:00";"BA";324;613;"SALVADOR";"Entrada inopinada do pedestre";"Atropelamento de Pedestre";"Com Vítimas Feridas";"Pleno dia";"Decrescente";"Sol";"Dupla";"Aclive;Reta";"Não";4;0;0;1;2;1;1;2;-12,85531601;-38,42055197;"SPRF-BA";"DEL01-BA";"UOP01-DEL01-BA"
373574;2021-07-29;"quinta-feira";"12:45:00";"RO";364;65,1;"VILHENA";"Avarias e/ou desgaste excessivo no pneu";"Saída de leito carroçável";"Com Vítimas Feridas";"Pleno dia";"Decrescente";"Sol";"Simples";"Declive";"Não";1;0;1;0;0;0;1;1;-12,50461682;-60,479963;"SPRF-RO";"DEL04-RO";"UOP01-DEL04-RO"
373575;2021-07-29;"quinta-feira";"14:00:00";"RS";158;324,5;"SANTA MARIA";"Condutor deixou de manter distância do veículo da frente";"Colisão traseira";"Com Vítimas Feridas";"Pleno dia";"Crescente";"Céu Claro";"Dupla";"Reta";"Não";3;0;1;0;0;2;1;3;-29,69762558;-53,78846438;"SPRF-RS";"DEL09-RS";"UOP01-DEL09-RS"
373577;2021-07-29;"quinta-feira";"14:00:00";"ES";101;217,9;"IBIRACU";"Manobra de mudança de faixa";"Colisão lateral mesmo sentido";"Com Vítimas Feridas";"Pleno dia";"Decrescente";"Nublado";"Dupla";"Curva";"Não";3;0;2;0;1;0;2;2;-19,847186;-40,384266;"SPRF-ES";"DEL02-ES";"UOP01-DEL02-ES"