"id";"data_inversa";"dia_semana";"horario";"uf";"br";"km";"municipio";"causa_acidente";"tipo_acidente";"classificacao_acidente";"fase_dia";"sentido_via";"condicao_metereologica";"tipo_pista";"tracado_via";"uso_solo";"pessoas";"mortos";"feridos_leves";"feridos_graves";"ilesos";"ignorados";"feridos";"veiculos";"latitude";"longitude";"regional";"delegacia";"uop"
373580;2021-07-12;"segunda-feira";"21:18:00";"PR";272;566;"GUAIRA";"Condutor deixou de manter distância do veículo da frente";"Colisão traseira";"Com Vítimas Fatais";"Plena Noite";"Crescente";"Céu Claro";"Simples";"Reta";"Sim";3;1;0;1;1;0;1;2;-24,10645499;-54,25865695;"SPRF-PR";"DEL06-PR";"UOP01-DEL06-PR"
373581;2021-07-29;"quinta-feira";"13:50:00";"RJ";116;138;"DUQUE DE CAXIAS";"Mal súbito do condutor";"Colisão com objeto";"Com Vítimas Feridas";"Pleno dia";"Decrescente";"Céu Claro";"Dupla";"Reta";"Sim";1;0;1;0;0;0;1;1;-22,64697319;-43,19165101;"SPRF-RJ";"DEL04-RJ";"UOP02-DEL04-RJ"
373584;2021-06-30;"quarta-feira";"11:30:00";"SC";282;2,9;"FLORIANOPOLIS";"Trafegar com motocicleta (ou similar) entre as faixas";"Colisão lateral mesmo sentido";"Com Vítimas Feridas";"Pleno dia";"Decrescente";"Céu Claro";"Múltipla";"Curva";"Sim";3;0;0;1;1;1;1;3;-27,60146415;-48,59823167;"SPRF-SC";"DEL01-SC";"UOP01-DEL01-SC"
373585;2021-07-29;"quinta-feira";"14:30:00";"CE";222;16;"CAUCAIA";"Pista esburacada";"Tombamento";"Com Vítimas Feridas";"Pleno dia";"Decrescente";"Céu Claro";"Simples";"Reta";"Não";2;0;1;1;0;0;2;1;-3,75732129;-38,70346015;"SPRF-CE";"DEL01-CE";"UOP01-DEL01-CE"
373586;2021-07-29;"quinta-feira";"12:50:00";"MG";50;69;"UBERLANDIA";"Reação tardia ou ineficiente do condutor";"Tombamento";"Com Vítimas Feridas";"Pleno dia";"Decrescente";"Céu Claro";"Dupla";"Reta";"Sim";1;0;1;0;0;0;1;1;-18,85140204;-48,25345932;"SPRF-MG";"DEL15-MG";"UOP01-DEL15-MG"
373587;2021-07-29;"quinta-feira";"14:30:00";"RN";304;287;"MACAIBA";"Velocidade Incompatível";"Colisão lateral mesmo sentido";"Com Vítimas Feridas";"Pleno dia";"Crescente";"Céu Claro";"Simples";"Reta";"Não";4;0;1;0;3;0;1;2;-5,87912197;-35,45510001;"SPRF-RN";"DEL01-RN";"UOP02-DEL01-RN"
373589;2021-07-29;"quinta-feira";"15:20:00";"GO";40;6;"VALPARAISO DE GOIAS";"Reação tardia ou ineficiente do condutor";"Capotamento";"Com Vítimas Feridas";"Pleno dia";"Decrescente";"Céu Claro";"Dupla";"Reta";"Sim";1;0;1;0;0;0;1;1;-16,100814;-47,977351;"SPRF-DF";"DEL01-DF";"UOP01-DEL01-DF"
373590;2021-06-19;"sábado";"19:40:00";"ES";482;99,3;"GUACUI";"Curva acentuada";"Tombamento";"Com Vítimas Feridas";"Plena Noite";"Crescente";"Nublado";"Simples";"Curva";"Não";1;0;1;0;0;0;1;1;-20,77170847;-41,62619407;"SPRF-ES";"DEL03-ES";"UOP02-DEL03-ES"
373591;2021-07-29;"quinta-feira";"15:00:00";"MG";381;733,8;"TRES CORACOES";"Condutor Dormindo";"Saída de leito carroçável";"Com Vítimas Feridas";"Pleno dia";"Crescente";"Céu Claro";"Dupla";"Reta";"Não";2;0;1;1;0;0;2;1;-21,56277607;-45,24379974;"SPRF-MG";"DEL16-MG";"UOP02-DEL16-MG"
373596;2021-07-29;"quinta-feira";"16:05:00";"MG";40;531;"CONTAGEM";"Velocidade Incompatível";"Colisão traseira";"Com Vítimas Feridas";"Pleno dia";"Crescente";"Céu Claro";"Dupla";"Declive;Reta";"Não";2;0;1;0;1;0;1;2;-19,91962483;-44,02522683;"SPRF-MG";"DEL01-MG";"UOP02-DEL01-MG"
373598;2021-07-29;"quinta-feira";"14:50:00";"MG";40;513,5;"RIBEIRAO DAS NEVES";"Demais falhas mecânicas ou elétricas";"Incêndio";"Sem Vítimas";"Pleno dia";"Decrescente";"Sol";"Dupla";"Reta";"Sim";1;0;0;0;1;0;0;1;-19,7970544;-44,1080512;"SPRF-MG";"DEL01-MG";"UOP02-DEL01-MG"
373599;2021-07-29;"quinta-feira";"15:25:00";"BA";101;719,1;"EUNAPOLIS";"Ultrapassagem Indevida";"Colisão lateral mesmo sentido";"Com Vítimas Feridas";"Pleno dia";"Crescente";"Céu Claro";"Simples";"Reta;Aclive";"Sim";2;0;1;0;0;1;1;2;-16,38112661;-39,58361149;"SPRF-BA";"DEL09-BA";"UOP01-DEL09-BA"
373603;2021-07-29;"quinta-feira";"15:00:00";"RO";364;711;"PORTO VELHO";"Acessar a via sem observar a presença dos outros veículos";"Colisão transversal";"Com Vítimas Feridas";"Pleno dia";"Crescente";"Sol";"Dupla";"Interseção de Vias";"Sim";3;0;2;0;1;0;2;2;-8,78153947;-63,86531369;"SPRF-RO";"DEL01-RO";"UOP01-DEL01-RO"
373604;2021-07-28;"quarta-feira";"17:40:00";"RJ";101;119;"CAMPOS DOS GOYTACAZES";"Avarias e/ou desgaste excessivo no pneu";"Capotamento";"Com Vítimas Feridas";"Anoitecer";"Decrescente";"Nublado";"Dupla";"Reta";"Sim";4;0;1;0;3;0;1;1;-22,01993215;-41,68496189;"SPRF-RJ";"DEL08-RJ";"UOP02-DEL08-RJ"
373608;2021-06-01;"terça-feira";"08:20:00";"RO";364;201,1;"PIMENTA BUENO";"Reação tardia ou ineficiente do condutor";"Saída de leito carroçável";"Com Vítimas Feridas";"Pleno dia";"Decrescente";"Céu Claro";"Simples";"Reta";"Sim";1;0;1;0;0;0;1;1;-11,64409593;-61,19495886;"SPRF-RO";"DEL02-RO";"UOP02-DEL02-RO"
373609;2021-07-29;"quinta-feira";"12:20:00";"RJ";116;332;"RESENDE";"Mal súbito do condutor";"Colisão com objeto";"Com Vítimas Feridas";"Pleno dia";"Crescente";"Céu Claro";"Dupla";"Aclive;Reta";"Não";1;0;1;0;0;0;1;1;-22,50082905;-44,63502202;"SPRF-RJ";"DEL07-RJ";"UOP02-DEL07-RJ"
373610;2021-07-29;"quinta-feira";"06:00:00";"MA";135;67,1;"SANTA RITA";"Conversão proibida";"Saída de leito carroçável";"Com Vítimas Feridas";"Pleno dia";"Crescente";"Céu Claro";"Simples";"Reta";"Não";1;0;1;0;0;0;1;1;-3,11481199;-44,32344911;"SPRF-MA";"DEL01-MA";"UOP02-DEL01-MA"
373611;2021-07-29;"quinta-feira";"17:09:00";"GO";153;500,5;"GOIANIA";"Trafegar com motocicleta (ou similar) entre as faixas";"Colisão lateral mesmo sentido";"Com Vítimas Feridas";"Pleno dia";"Crescente";"Céu Claro";"Dupla";"Viaduto";"Sim";2;0;1;0;0;1;1;2;-16,7118;-49,2324;"SPRF-GO";"DEL01-GO";"UOP01-DEL01-GO"
373612;2021-07-29;"quinta-feira";"08:45:00";"SC";163;88;"GUARACIABA";"Manobra de mudança de faixa";"Saída de leito carroçável";"Com Vítimas Feridas";"Pleno dia";"Decrescente";"Sol";"Simples";"Reta";"Não";1;0;1;0;0;0;1;1;-26,58233094;-53,51749809;"SPRF-SC";"DEL07-SC";"UOP03-DEL07-SC"
373613;2021-06-08;"terça-feira";"21:00:00";"PI";135;297;"CRISTINO CASTRO";"Animais na Pista";"Atropelamento de Animal";"Com Vítimas Feridas";"Plena Noite";"Crescente";"Céu Claro";"Simples";"Reta";"Sim";2;0;1;1;0;0;2;1;-8,78478511;-44,19972941;"SPRF-PI";"DEL03-PI";"UOP02-DEL03-PI"
373614;2021-07-29;"quinta-feira";"17:30:00";"RJ";101;321;"NITEROI";"Reação tardia ou ineficiente do condutor";"Queda de ocupante de veículo";"Com Vítimas Feridas";"Plena Noite";"Decrescente";"Nublado";"Dupla";"Reta";"Sim";1;0;1;0;0;0;1;1;-22,86981096;-43,11046465;"SPRF-RJ";"DEL02-RJ";"UOP02-DEL02-RJ"
373616;2021-07-29;"quinta-feira";"16:50:00";"MT";163;833;"SINOP";"Condutor deixou de manter distância do veículo da frente";"Colisão traseira";"Com Vítimas Feridas";"Anoitecer";"Decrescente";"Céu Claro";"Dupla";"Aclive;Interseção de Vias";"Sim";2;0;1;0;1;0;1;2;-12,004832;-55,51713;"SPRF-MT";"DEL06-MT";"UOP01-DEL06-MT"
373617;2021-07-29;"quinta-feira";"17:40:00";"CE";20;427;"FORTALEZA";"Condutor deixou de manter distância do veículo da frente";"Colisão traseira";"Sem Vítimas";"Anoitecer";"Decrescente";"Céu Claro";"Dupla";"Retorno Regulamentado;Reta";"Não";3;0;0;0;3;0;0;2;-3,8656195;-38,518001;"SPRF-CE";"DEL01-CE";"UOP02-DEL01-CE"
373618;2021-07-29;"quinta-feira";"17:20:00";"BA";101;167;"FEIRA DE SANTANA";"Condutor deixou de manter distância do veículo da frente";"Colisão traseira";"Com Vítimas Feridas";"Plena Noite";"Decrescente";"Céu Claro";"Simples";"Reta";"Sim";4;0;1;0;3;0;1;2;-12,35551436;-38,782478;"SPRF-BA";"DEL01-BA";"UOP03-DEL01-BA"
373619;2021-07-29;"quinta-feira";"18:00:00";"BA";101;104;"ALAGOINHAS";"Ultrapassagem Indevida";"Colisão frontal";"Com Vítimas Feridas";"Plena Noite";"Crescente";"Céu Claro";"Simples";"Curva";"Sim";5;0;3;1;1;0;4;2;-12,11840597;-38,39344762;"SPRF-BA";"DEL01-BA";"UOP04-DEL01-BA"
373621;2021-07-29;"quinta-feira";"15:30:00";"AC";364;124;"RIO BRANCO";"Reação tardia ou ineficiente do condutor";"Colisão traseira";"Com Vítimas Feridas";"Pleno dia";"Crescente";"Sol";"Dupla";"Reta";"Sim";4;0;1;0;3;0;1;2;-10,0114745;-67,7946353;"SPRF-AC";"DEL01-AC";"UOP01-DEL01-AC"
373622;2021-07-29;"quinta-feira";"17:40:00";"RN";101;79;"NATAL";"Condutor deixou de manter distância do veículo da frente";"Colisão traseira";"Com Vítimas Feridas";"Anoitecer";"Crescente";"Céu Claro";"Dupla";"Reta";"Não";3;0;1;1;1;0;2;2;-5,747865;-35,28957;"SPRF-RN";"DEL02-RN";"UOP01-DEL02-RN"
373623;2021-07-29;"quinta-feira";"18:25:00";"MG";40;525,5;"CONTAGEM";"Trafegar com motocicleta (ou similar) entre as faixas";"Queda de ocupante de veículo";"Com Vítimas Feridas";"Anoitecer";"Decrescente";"Céu Claro";"Dupla";"Reta";"Não";2;0;1;0;0;1;1;2;-19,88361702;-44,05039336;"SPRF-MG";"DEL01-MG";"UOP02-DEL01-MG"
373624;2021-07-29;"quinta-feira";"17:50:00";"RS";472;156,2;"SANTA ROSA";"Condutor deixou de manter distância do veículo da frente";"Colisão lateral mesmo sentido";"Com Vítimas Feridas";"Anoitecer";"Decrescente";"Céu Claro";"Simples";"Rotatória";"Não";2;0;1;0;1;0;1;2;-27,83631124;-54,43075203;"SPRF-RS";"DEL10-RS";"UOP01-DEL10-RS"
373626;2021-07-28;"quarta-feira";"09:25:00";"RJ";116;163;"RIO DE JANEIRO";"Entrada inopinada do pedestre";"Colisão com objeto";"Com Vítimas Feridas";"Pleno dia";"Crescente";"Chuva";"Dupla";"Curva";"Sim";1;0;1;0;0;0;1;1;-22,802729;-43,290424;"SPRF-RJ";"DEL01-RJ";"UOP01-DEL01-RJ"
373629;2021-07-29;"quinta-feira";"18:32:00";"SP";116;148;"SAO JOSE DOS CAMPOS";"Reação tardia ou ineficiente do condutor";"Colisão traseira";"Sem Vítimas";"Anoitecer";"Decrescente";"Céu Claro";"Múltipla";"Reta";"Sim";2;0;0;0;2;0;0;2;-23,20067421;-45,8795018;"SPRF-SP";"DEL02-SP";"UOP01-DEL02-SP"
373630;2021-07-27;"terça-feira";"14:30:00";"MG";381;512;"IGARAPE";"Demais falhas mecânicas ou elétricas";"Incêndio";"Sem Vítimas";"Pleno dia";"Crescente";"Céu Claro";"Múltipla";"Reta";"Sim";1;0;0;0;0;1;0;1;-20,06672915;-44,29659605;"SPRF-MG";"DEL01-MG";"UOP03-DEL01-MG"
373632;2021-07-29;"quinta-feira";"18:20:00";"SC";101;192,4;"BIGUACU";"Reação tardia ou ineficiente do condutor";"Engavetamento";"Com Vítimas Feridas";"Plena Noite";"Decrescente";"Céu Claro";"Dupla";"Reta";"Sim";5;0;1;0;3;1;1;5;-27,48846798;-48,65395188;"SPRF-SC";"DEL01-SC";"UOP01-DEL01-SC"
373633;2021-07-29;"quinta-feira";"18:20:00";"SC";101;154,8;"PORTO BELO";"Velocidade Incompatível";"Colisão traseira";"Com Vítimas Feridas";"Anoitecer";"Crescente";"Céu Claro";"Dupla";"Reta";"Não";3;0;1;0;2;0;1;3;-27,153819;-48,61086393;"SPRF-SC";"DEL04-SC";"UOP03-DEL04-SC"
373635;2021-07-29;"quinta-feira";"18:50:00";"PR";277;234;"FERNANDES PINHEIRO";"Desrespeitar a preferência no cruzamento";"Colisão transversal";"Com Vítimas Feridas";"Plena Noite";"Crescente";"Céu Claro";"Simples";"Reta";"Não";7;0;4;1;1;1;5;3;-25,4647225;-50,57470322;"SPRF-PR";"DEL03-PR";"UOP03-DEL03-PR"
373636;2021-07-29;"quinta-feira";"18:45:00";"SP";116;229;"SAO PAULO";"Trafegar com motocicleta (ou similar) entre as faixas";"Colisão lateral mesmo sentido";"Com Vítimas Feridas";"Plena Noite";"Crescente";"Céu Claro";"Múltipla";"Reta";"Sim";5;0;2;0;3;0;2;3;-23,51291902;-46,57604698;"SPRF-SP";"DEL01-SP";"UOP01-DEL01-SP"
373637;2021-07-29;"quinta-feira";"19:00:00";"PR";376;173,9;"MARINGA";"Reação tardia ou ineficiente do condutor";"Colisão traseira";"Com Vítimas Feridas";"Plena Noite";"Crescente";"Céu Claro";"Dupla";"Aclive;Interseção de Vias;Reta";"Sim";2;0;1;0;1;0;1;2;-23,4172197;-51,9589231;"SPRF-PR";"DEL09-PR";"UOP01-DEL09-PR"
373640;2021-07-29;"quinta-feira";"17:20:00";"AC";364;125;"RIO BRANCO";"Desrespeitar a preferência no cruzamento";"Colisão lateral mesmo sentido";"Com Vítimas Feridas";"Anoitecer";"Decrescente";"Nublado";"Simples";"Rotatória";"Sim";2;0;2;0;0;0;2;2;-10,01280606;-67,80005697;"SPRF-AC";"DEL01-AC";"UOP01-DEL01-AC"
373644;2021-07-29;"quinta-feira";"19:40:00";"SC";101;206;"SAO JOSE";"Trafegar com motocicleta (ou similar) entre as faixas";"Colisão lateral mesmo sentido";"Com Vítimas Feridas";"Plena Noite";"Decrescente";"Céu Claro";"Múltipla";"Reta";"Sim";2;0;1;0;1;0;1;2;-27,59062902;-48,6177206;"SPRF-SC";"DEL01-SC";"UOP01-DEL01-SC"
373645;2021-06-07;"segunda-feira";"13:10:00";"MG";365;677,4;"MONTE ALEGRE DE MINAS";"Reação tardia ou ineficiente do condutor";"Saída de leito carroçável";"Com Vítimas Feridas";"Pleno dia";"Decrescente";"Céu Claro";"Dupla";"Curva";"Não";1;0;1;0;0;0;1;1;-18,85178767;-48,79093697;"SPRF-MG";"DEL15-MG";"UOP01-DEL15-MG"
373646;2021-07-29;"quinta-feira";"19:00:00";"ES";482;98,8;"ALEGRE";"Condutor deixou de manter distância do veículo da frente";"Colisão traseira";"Com Vítimas Feridas";"Plena Noite";"Crescente";"Céu Claro";"Simples";"Reta";"Não";2;0;1;0;1;0;1;2;-20,77216976;-41,61671294;"SPRF-ES";"DEL03-ES";"UOP02-DEL03-ES"
373647;2021-07-29;"quinta-feira";"18:20:00";"RJ";101;297;"ITABORAI";"Condutor deixou de manter distância do veículo da frente";"Colisão traseira";"Sem Vítimas";"Plena Noite";"Crescente";"Céu Claro";"Dupla";"Reta";"Sim";2;0;0;0;2;0;0;2;-22,76942037;-42,91873581;"SPRF-RJ";"DEL02-RJ";"UOP02-DEL02-RJ"
373648;2021-07-29;"quinta-feira";"19:50:00";"GO";153;438;"ANAPOLIS";"Condutor deixou de manter distância do veículo da frente";"Colisão traseira";"Sem Vítimas";"Plena Noite";"Decrescente";"Céu Claro";"Dupla";"Curva";"Sim";2;0;0;0;1;1;0;2;-16,291595;-48,934811;"SPRF-GO";"DEL02-GO";"UOP01-DEL02-GO"
373650;2021-07-29;"quinta-feira";"20:32:00";"GO";40;5;"VALPARAISO DE GOIAS";"Acessar a via sem observar a presença dos outros veículos";"Colisão transversal";"Com Vítimas Feridas";"Plena Noite";"Crescente";"Céu Claro";"Dupla";"Reta";"Sim";2;0;0;1;1;0;1;2;-16,093134;-47,982236;"SPRF-DF";"DEL01-DF";"UOP01-DEL01-DF"
373652;2021-07-29;"quinta-feira";"20:40:00";"GO";40;26,8;"LUZIANIA";"Acessar a via sem observar a presença dos outros veículos";"Colisão traseira";"Com Vítimas Fatais";"Plena Noite";"Decrescente";"Céu Claro";"Dupla";"Interseção de Vias";"Não";2;1;0;0;1;0;0;2;-16,259798;-47,894931;"SPRF-DF";"DEL01-DF";"UOP01-DEL01-DF"
373655;2021-07-29;"quinta-feira";"19:30:00";"MS";419;44,3;"RIO VERDE DE MATO GROSSO";"Reação tardia ou ineficiente do condutor";"Colisão com objeto";"Com Vítimas Feridas";"Plena Noite";"Decrescente";"Céu Claro";"Simples";"Curva";"Não";1;0;0;1;0;0;1;1;-19,00735794;-54,8282881;"SPRF-MS";"DEL06-MS";"UOP02-DEL06-MS"
373656;2021-07-29;"quinta-feira";"19:25:00";"SC";101;89;"BARRA VELHA";"Acessar a via sem observar a presença dos outros veículos";"Colisão transversal";"Sem Vítimas";"Plena Noite";"Crescente";"Céu Claro";"Simples";"Interseção de Vias";"Sim";2;0;0;0;2;0;0;2;-26,65175997;-48,68721921;"SPRF-SC";"DEL03-SC";"UOP02-DEL03-SC"
373658;2021-07-29;"quinta-feira";"20:30:00";"PE";101;49;"ABREU E LIMA";"Ausência de reação do condutor";"Colisão com objeto";"Sem Vítimas";"Plena Noite";"Crescente";"Nublado";"Múltipla";"Curva";"Sim";1;0;0;0;0;1;0;1;-7,9005152;-34,90180641;"SPRF-PE";"DEL01-PE";"UOP02-DEL01-PE"
373660;2021-07-29;"quinta-feira";"19:20:00";"MA";316;420;"PERITORO";"Transitar no acostamento";"Colisão frontal";"Com Vítimas Fatais";"Plena Noite";"Decrescente";"Nublado";"Simples";"Reta";"Sim";3;1;1;0;0;1;1;3;-4,351473;-44,371437;"SPRF-MA";"DEL03-MA";"UOP01-DEL03-MA"
373661;2021-07-21;"quarta-feira";"19:00:00";"PR";476;158;"ARAUCARIA";"Trafegar com motocicleta (ou similar) entre as faixas";"Atropelamento de Pedestre";"Com Vítimas Feridas";"Plena Noite";"Decrescente";"Céu Claro";"Simples";"Reta";"Não";2;0;0;2;0;0;2;2;-25,613539;-49,424255;"SPRF-PR";"DEL01-PR";"UOP03-DEL01-PR"
373662;2021-07-29;"quinta-feira";"21:45:00";"RS";116;152,3;"CAXIAS DO SUL";"Manobra de mudança de faixa";"Colisão lateral mesmo sentido";"Com Vítimas Feridas";"Plena Noite";"Crescente";"Nublado";"Dupla";"Curva";"Sim";2;0;1;0;1;0;1;2;-29,18287091;-51,16856575;"SPRF-RS";"DEL05-RS";"UOP01-DEL05-RS"
373663;2021-07-29;"quinta-feira";"21:50:00";"MG";381;704,3;"LAVRAS";"Ingestão de álcool pelo condutor";"Capotamento";"Com Vítimas Feridas";"Plena Noite";"Crescente";"Céu Claro";"Dupla";"Curva";"Não";3;0;2;0;1;0;2;2;-21,34177704;-45,17643719;"SPRF-MG";"DEL04-MG";"UOP02-DEL04-MG"
373664;2021-07-29;"quinta-feira";"13:20:00";"SC";163;79;"SAO MIGUEL DO OESTE";"Pista esburacada";"Tombamento";"Com Vítimas Feridas";"Pleno dia";"Crescente";"Céu Claro";"Simples";"Declive;Reta";"Não";1;0;1;0;0;0;1;1;-26,65911819;-53,51816757;"SPRF-SC";"DEL07-SC";"UOP03-DEL07-SC"
373665;2021-07-29;"quinta-feira";"19:10:00";"SC";101;344,9;"TUBARAO";"Velocidade Incompatível";"Saída de leito carroçável";"Com Vítimas Feridas";"Plena Noite";"Crescente";"Céu Claro";"Múltipla";"Reta";"Não";3;0;2;0;1;0;2;2;-28,53647889;-49,0531826;"SPRF-SC";"DEL02-SC";"UOP01-DEL02-SC"
373666;2021-07-29;"quinta-feira";"19:30:00";"MG";262;163,3;"SAO DOMINGOS DO PRATA";"Demais falhas mecânicas ou elétricas";"Incêndio";"Sem Vítimas";"Plena Noite";"Crescente";"Céu Claro";"Simples";"Reta;Declive";"Não";1;0;0;0;1;0;0;1;-19,95885148;-42,86157307;"SPRF-MG";"DEL03-MG";"UOP03-DEL03-MG"
373668;2021-07-29;"quinta-feira";"21:20:00";"RS";287;328;"SANTA MARIA";"Desvio temporário";"Tombamento";"Com Vítimas Feridas";"Plena Noite";"Crescente";"Céu Claro";"Simples";"Desvio Temporário";"Sim";1;0;1;0;0;0;1;1;-29,70308139;-53,83429712;"SPRF-RS";"DEL09-RS";"UOP01-DEL09-RS"
373670;2021-07-29;"quinta-feira";"22:20:00";"TO";153;333;"GUARAI";"Área urbana sem a presença de local apropriado para a travessia de pedestres";"Atropelamento de Pedestre";"Com Vítimas Feridas";"Plena Noite";"Crescente";"Céu Claro";"Simples";"Reta";"Sim";2;0;1;1;0;0;2;2;-8,826486;-48,51216;"SPRF-TO";"DEL02-TO";"UOP01-DEL02-TO"
373671;2021-07-29;"quinta-feira";"21:45:00";"PR";467;102,3;"CASCAVEL";"Animais na Pista";"Atropelamento de Animal";"Com Vítimas Feridas";"Plena Noite";"Decrescente";"Vento";"Dupla";"Reta;Declive";"Não";2;0;0;1;0;1;1;2;-24,9036;-53,5184;"SPRF-PR";"DEL04-PR";"UOP01-DEL04-PR"
373672;2021-07-29;"quinta-feira";"22:20:00";"DF";60;31;"BRASILIA";"Reação tardia ou ineficiente do condutor";"Saída de leito carroçável";"Com Vítimas Feridas";"Plena Noite";"Decrescente";"Céu Claro";"Dupla";"Reta;Aclive";"Não";4;0;1;0;3;0;1;1;-16,051679;-48,259423;"SPRF-DF";"DEL03-DF";"UOP01-DEL03-DF"
373675;2021-07-29;"quinta-feira";"18:00:00";"MG";116;419,9;"GOVERNADOR VALADARES";"Acessar a via sem observar a presença dos outros veículos";"Colisão transversal";"Com Vítimas Feridas";"Plena Noite";"Crescente";"Céu Claro";"Simples";"Reta";"Não";3;0;3;0;0;0;3;2;-18,92183559;-41,94005013;"SPRF-MG";"DEL06-MG";"UOP01-DEL06-MG"
373676;2021-07-29;"quinta-feira";"23:15:00";"ES";101;270;"SERRA";"Ingestão de álcool pelo condutor";"Colisão traseira";"Com Vítimas Feridas";"Plena Noite";"Crescente";"Céu Claro";"Múltipla";"Reta";"Sim";2;0;0;1;1;0;1;2;-20,22662056;-40,27075088;"SPRF-ES";"DEL02-ES";"UOP01-DEL02-ES"
373678;2021-07-29;"quinta-feira";"18:05:00";"MG";381;224;"BELO ORIENTE";"Transitar na contramão";"Colisão frontal";"Com Vítimas Fatais";"Plena Noite";"Crescente";"Céu Claro";"Simples";"Reta";"Não";2;1;1;0;0;0;1;2;-19,32195575;-42,40678723;"SPRF-MG";"DEL06-MG";"UOP01-DEL06-MG"
373679;2021-07-29;"quinta-feira";"23:45:00";"CE";116;57,1;"PACAJUS";"Faróis desregulados";"Queda de ocupante de veículo";"Com Vítimas Feridas";"Plena Noite";"Crescente";"Céu Claro";"Simples";"Reta";"Não";2;0;2;0;0;0;2;1;-4,22090704;-38,47582987;"SPRF-CE";"DEL03-CE";"UOP02-DEL03-CE"
373680;2021-07-29;"quinta-feira";"18:50:00";"SP";153;343,6;"OURINHOS";"Animais na Pista";"Atropelamento de Animal";"Com Vítimas Feridas";"Plena Noite";"Decrescente";"Céu Claro";"Dupla";"Declive;Reta";"Não";5;0;4;0;1;0;4;2;-22,96042805;-49,90297905;"SPRF-SP";"DEL07-SP";"UOP03-DEL07-SP"
373681;2021-07-29;"quinta-feira";"22:10:00";"RO";364;674;"CANDEIAS DO JAMARI";"Afundamento ou ondulação no pavimento";"Queda de ocupante de veículo";"Sem Vítimas";"Plena Noite";"Crescente";"Céu Claro";"Simples";"Reta";"Não";1;0;0;0;0;1;0;1;-8,77981958;-63,53455604;"SPRF-RO";"DEL01-RO";"UOP01-DEL01-RO"
373682;2021-07-29;"quinta-feira";"23:50:00";"MG";40;548,2;"NOVA LIMA";"Sinalização mal posicionada";"Colisão traseira";"Com Vítimas Feridas";"Plena Noite";"Decrescente";"Céu Claro";"Dupla";"Declive;Curva;Em Obras";"Sim";5;0;0;2;2;1;2;4;-20,03136499;-43,96967792;"SPRF-MG";"DEL01-MG";"UOP02-DEL01-MG"
373683;2021-07-29;"quinta-feira";"23:50:00";"SC";101;117,3;"ITAJAI";"Desrespeitar a preferência no cruzamento";"Colisão transversal";"Com Vítimas Feridas";"Plena Noite";"Crescente";"Céu Claro";"Múltipla";"Interseção de Vias";"Sim";3;0;1;1;1;0;2;2;-26,88747187;-48,72252969;"SPRF-SC";"DEL04-SC";"UOP04-DEL04-SC"
373686;2021-07-30;"sexta-feira";"00:20:00";"SC";101;208,6;"SAO JOSE";"Ingestão de álcool pelo condutor";"Colisão com objeto";"Sem Vítimas";"Plena Noite";"Decrescente";"Nublado";"Múltipla";"Viaduto";"Sim";1;0;0;0;1;0;0;1;-27,60327979;-48,63201818;"SPRF-SC";"DEL01-SC";"UOP01-DEL01-SC"
373688;2021-07-29;"quinta-feira";"23:45:00";"PR";277;725,3;"FOZ DO IGUACU";"Reação tardia ou ineficiente do condutor";"Colisão traseira";"Com Vítimas Feridas";"Plena Noite";"Crescente";"Céu Claro";"Dupla";"Reta";"Sim";2;0;1;0;1;0;1;2;-25,50823541;-54,54619865;"SPRF-PR";"DEL05-PR";"UOP03-DEL05-PR"
373689;2021-07-29;"quinta-feira";"23:53:00";"MT";163;682;"LUCAS DO RIO VERDE";"Ingestão de álcool pelo condutor";"Colisão traseira";"Sem Vítimas";"Plena Noite";"Decrescente";"Céu Claro";"Simples";"Reta";"Não";2;0;0;0;2;0;0;2;-13,121504;-55,958062;"SPRF-MT";"DEL06-MT";"UOP01-DEL06-MT"
373690;2021-07-30;"sexta-feira";"01:48:00";"DF";20;6,6;"BRASILIA";"Ausência de reação do condutor";"Saída de leito carroçável";"Com Vítimas Feridas";"Plena Noite";"Decrescente";"Céu Claro";"Dupla";"Reta";"Sim";1;0;1;0;0;0;1;1;-15,665888;-47,808308;"SPRF-DF";"DEL02-DF";"UOP01-DEL02-DF"
373691;2021-07-30;"sexta-feira";"00:30:00";"PR";277;110,5;"CAMPO LARGO";"Velocidade Incompatível";"Saída de leito carroçável";"Com Vítimas Feridas";"Plena Noite";"Decrescente";"Céu Claro";"Dupla";"Declive";"Sim";2;0;1;0;0;1;1;1;-25,44625996;-49,36369775;"SPRF-PR";"DEL01-PR";"UOP03-DEL03-PR"
373692;2021-07-30;"sexta-feira";"02:00:00";"MG";50;170;"UBERABA";"Reação tardia ou ineficiente do condutor";"Tombamento";"Com Vítimas Feridas";"Plena Noite";"Decrescente";"Céu Claro";"Dupla";"Reta";"Sim";1;0;0;1;0;0;1;1;-19,73661208;-47,98290957;"SPRF-MG";"DEL13-MG";"UOP01-DEL13-MG"