"id";"data_inversa";"dia_semana";"horario";"uf";"br";"km";"municipio";"causa_acidente";"tipo_acidente";"classificacao_acidente";"fase_dia";"sentido_via";"condicao_metereologica";"tipo_pista";"tracado_via";"uso_solo";"pessoas";"mortos";"feridos_leves";"feridos_graves";"ilesos";"ignorados";"feridos";"veiculos";"latitude";"longitude";"regional";"delegacia";"uop"
373693;2021-07-30;"sexta-feira";"02:10:00";"PE";232;118,6;"CARUARU";"Ausência de reação do condutor";"Saída de leito carroçável";"Sem Vítimas";"Plena Noite";"Crescente";"Céu Claro";"Dupla";"Reta";"Não";1;0;0;0;0;1;0;1;-8,29431633;-35,88437194;"SPRF-PE";"DEL02-PE";"UOP03-DEL02-PE"
373694;2021-07-29;"quinta-feira";"05:45:00";"MG";116;77,5;"MEDINA";"Ausência de reação do condutor";"Tombamento";"Sem Vítimas";"Amanhecer";"Crescente";"Céu Claro";"Simples";"Declive;Reta";"Não";1;0;0;0;0;1;0;1;-16,26106991;-41,47145408;"SPRF-MG";"DEL11-MG";"UOP02-DEL11-MG"
373695;2021-07-30;"sexta-feira";"02:45:00";"SC";282;0,3;"FLORIANOPOLIS";"Ingestão de álcool pelo condutor";"Capotamento";"Sem Vítimas";"Plena Noite";"Crescente";"Céu Claro";"Dupla";"Curva";"Sim";1;0;0;0;0;1;0;1;-27,59884947;-48,57462471;"SPRF-SC";"DEL01-SC";"UOP01-DEL01-SC"
373697;2021-07-30;"sexta-feira";"01:50:00";"MG";40;638,5;"CONSELHEIRO LAFAIETE";"Reação tardia ou ineficiente do condutor";"Colisão com objeto";"Com Vítimas Feridas";"Plena Noite";"Decrescente";"Céu Claro";"Simples";"Reta";"Não";2;0;1;1;0;0;2;1;-20,72342022;-43,80026653;"SPRF-MG";"DEL05-MG";"UOP02-DEL05-MG"
373698;2021-07-30;"sexta-feira";"02:00:00";"PE";104;99,1;"CUPIRA";"Animais na Pista";"Atropelamento de Animal";"Com Vítimas Feridas";"Plena Noite";"Crescente";"Nevoeiro/Neblina";"Simples";"Curva";"Não";2;0;2;0;0;0;2;1;-8,555543;-35,943687;"SPRF-PE";"DEL02-PE";"UOP01-DEL02-PE"
373699;2021-07-30;"sexta-feira";"03:00:00";"PE";0;0;"PETROLINA";"Acumulo de areia ou detritos sobre o pavimento";"Colisão com objeto";"Sem Vítimas";"Plena Noite";"Não Informado";"Nublado";"Simples";"Interseção de Vias";"Sim";2;0;0;0;2;0;0;1;-9,359697;-40,477606;"SPRF-PE";"DEL06-PE";"UOP01-DEL06-PE"
373701;2021-07-30;"sexta-feira";"02:00:00";"PE";428;184;"PETROLINA";"Condutor deixou de manter distância do veículo da frente";"Colisão traseira";"Com Vítimas Feridas";"Plena Noite";"Crescente";"Céu Claro";"Simples";"Em Obras;Reta";"Sim";3;0;2;0;0;1;2;2;-9,349377;-40,474979;"SPRF-PE";"DEL06-PE";"UOP01-DEL06-PE"
373702;2021-07-30;"sexta-feira";"04:40:00";"SC";470;56;"BLUMENAU";"Conversão proibida";"Colisão transversal";"Com Vítimas Feridas";"Plena Noite";"Decrescente";"Céu Claro";"Simples";"Retorno Regulamentado";"Sim";2;0;0;1;1;0;1;2;-26,87674;-49,127743;"SPRF-SC";"DEL04-SC";"UOP01-DEL04-SC"
373703;2021-07-30;"sexta-feira";"05:15:00";"RJ";101;188;"MACAE";"Condutor Dormindo";"Saída de leito carroçável";"Com Vítimas Feridas";"Amanhecer";"Decrescente";"Nublado";"Simples";"Reta";"Não";2;0;1;0;1;0;1;1;-22,45017328;-42,05332769;"SPRF-RJ";"DEL08-RJ";"UOP04-DEL08-RJ"
373705;2021-07-30;"sexta-feira";"05:30:00";"ES";101;264,4;"SERRA";"Condutor desrespeitou a iluminação vermelha do semáforo";"Colisão transversal";"Sem Vítimas";"Amanhecer";"Decrescente";"Nublado";"Múltipla";"Interseção de Vias";"Sim";2;0;0;0;1;1;0;2;-20,17292791;-40,26736384;"SPRF-ES";"DEL02-ES";"UOP01-DEL02-ES"
373709;2021-07-30;"sexta-feira";"05:00:00";"SC";101;141;"BALNEARIO CAMBORIU";"Deficiência do Sistema de Iluminação/Sinalização";"Colisão traseira";"Sem Vítimas";"Amanhecer";"Crescente";"Céu Claro";"Dupla";"Declive";"Não";2;0;0;0;2;0;0;2;-27,04761729;-48,59995855;"SPRF-SC";"DEL04-SC";"UOP03-DEL04-SC"
373710;2021-07-30;"sexta-feira";"06:30:00";"PR";116;116;"CURITIBA";"Trafegar com motocicleta (ou similar) entre as faixas";"Colisão traseira";"Com Vítimas Feridas";"Amanhecer";"Decrescente";"Céu Claro";"Dupla";"Reta";"Sim";2;0;1;0;1;0;1;2;-25,55468195;-49,27402397;"SPRF-PR";"DEL01-PR";"UOP01-DEL01-PR"
373711;2021-07-30;"sexta-feira";"05:15:00";"SC";470;69,8;"INDAIAL";"Acesso irregular";"Colisão transversal";"Com Vítimas Feridas";"Amanhecer";"Crescente";"Céu Claro";"Simples";"Em Obras;Viaduto";"Sim";3;0;3;0;0;0;3;2;-26,883745;-49,246704;"SPRF-SC";"DEL04-SC";"UOP01-DEL04-SC"
373712;2021-07-30;"sexta-feira";"06:35:00";"DF";20;17;"BRASILIA";"Manobra de mudança de faixa";"Colisão traseira";"Com Vítimas Feridas";"Pleno dia";"Decrescente";"Céu Claro";"Múltipla";"Aclive";"Sim";2;0;1;0;1;0;1;2;-15,621374;-47,71698;"SPRF-DF";"DEL02-DF";"UOP01-DEL02-DF"
373713;2021-07-30;"sexta-feira";"06:20:00";"RS";290;103;"ELDORADO DO SUL";"Pedestre andava na pista";"Atropelamento de Pedestre";"Com Vítimas Fatais";"Amanhecer";"Decrescente";"Céu Claro";"Dupla";"Reta";"Sim";2;1;1;0;0;0;1;2;-29,99017;-51,265766;"SPRF-RS";"DEL01-RS";"UOP01-DEL01-RS"
373716;2021-07-30;"sexta-feira";"06:50:00";"PR";476;130;"CURITIBA";"Desrespeitar a preferência no cruzamento";"Colisão transversal";"Com Vítimas Feridas";"Pleno dia";"Crescente";"Céu Claro";"Múltipla";"Reta;Interseção de Vias";"Sim";3;0;1;0;1;1;1;2;-25,449564;-49,236427;"SPRF-PR";"DEL01-PR";"UOP03-DEL01-PR"
373718;2021-07-30;"sexta-feira";"03:30:00";"PR";277;96;"CURITIBA";"Velocidade Incompatível";"Eventos atípicos";"Sem Vítimas";"Plena Noite";"Decrescente";"Céu Claro";"Dupla";"Reta";"Sim";1;0;0;0;0;1;0;1;-25,54577186;-49,29537197;"SPRF-PR";"DEL01-PR";"UOP01-DEL01-PR"
373719;2021-07-30;"sexta-feira";"07:05:00";"RJ";116;168;"SAO JOAO DE MERITI";"Velocidade Incompatível";"Colisão traseira";"Com Vítimas Feridas";"Pleno dia";"Decrescente";"Céu Claro";"Dupla";"Reta";"Sim";2;0;1;0;1;0;1;2;-22,819969;-43,31499997;"SPRF-RJ";"DEL01-RJ";"UOP01-DEL01-RJ"
373720;2021-07-30;"sexta-feira";"07:20:00";"GO";40;0;"VALPARAISO DE GOIAS";"Condutor deixou de manter distância do veículo da frente";"Tombamento";"Com Vítimas Feridas";"Pleno dia";"Decrescente";"Céu Claro";"Dupla";"Reta";"Não";2;0;0;1;1;0;1;1;-16,058273;-47,982655;"SPRF-DF";"DEL01-DF";"UOP01-DEL01-DF"
373722;2021-07-30;"sexta-feira";"06:50:00";"RJ";101;262;"RIO BONITO";"Acesso irregular";"Colisão transversal";"Sem Vítimas";"Pleno dia";"Crescente";"Ignorado";"Simples";"Interseção de Vias";"Sim";2;0;0;0;1;1;0;2;-22,71367506;-42,62052996;"SPRF-RJ";"DEL02-RJ";"UOP03-DEL02-RJ"
373725;2021-07-30;"sexta-feira";"07:00:00";"GO";70;12;"AGUAS LINDAS DE GOIAS";"Acesso irregular";"Colisão transversal";"Com Vítimas Feridas";"Pleno dia";"Crescente";"Céu Claro";"Múltipla";"Reta";"Sim";2;0;0;1;1;0;1;2;-15,74037077;-48,3103523;"SPRF-DF";"DEL03-DF";"UOP02-DEL03-DF"
373726;2021-07-30;"sexta-feira";"07:30:00";"SC";101;214,1;"PALHOCA";"Trafegar com motocicleta (ou similar) entre as faixas";"Colisão traseira";"Com Vítimas Feridas";"Pleno dia";"Decrescente";"Céu Claro";"Múltipla";"Reta";"Sim";3;0;1;0;1;1;1;3;-27,64526216;-48,67089808;"SPRF-SC";"DEL01-SC";"UOP02-DEL01-SC"
373727;2021-07-30;"sexta-feira";"06:56:00";"PE";423;90,8;"GARANHUNS";"Condutor deixou de manter distância do veículo da frente";"Colisão traseira";"Com Vítimas Feridas";"Pleno dia";"Crescente";"Sol";"Simples";"Reta;Aclive";"Não";3;0;2;0;1;0;2;2;-8,84566879;-36,4596095;"SPRF-PE";"DEL03-PE";"UOP01-DEL03-PE"
373728;2021-07-30;"sexta-feira";"04:15:00";"SC";101;203;"SAO JOSE";"Ingestão de álcool pelo condutor";"Colisão traseira";"Com Vítimas Feridas";"Plena Noite";"Decrescente";"Céu Claro";"Múltipla";"Reta";"Sim";2;0;1;0;1;0;1;2;-27,5650044;-48,61460082;"SPRF-SC";"DEL01-SC";"UOP01-DEL01-SC"
373731;2021-07-30;"sexta-feira";"07:20:00";"PR";476;115;"COLOMBO";"Ausência de reação do condutor";"Colisão transversal";"Sem Vítimas";"Pleno dia";"Crescente";"Céu Claro";"Dupla";"Reta";"Sim";2;0;0;0;1;1;0;2;-25,34807;-49,162475;"SPRF-PR";"DEL01-PR";"UOP02-DEL01-PR"
373733;2021-07-30;"sexta-feira";"07:25:00";"MG";365;610;"UBERLANDIA";"Conversão proibida";"Colisão transversal";"Com Vítimas Feridas";"Amanhecer";"Crescente";"Céu Claro";"Simples";"Reta";"Sim";3;0;2;0;1;0;2;2;-18,91133148;-48,22170049;"SPRF-MG";"DEL15-MG";"UOP01-DEL15-MG"
373734;2021-07-01;"quinta-feira";"19:30:00";"MG";365;53;"CLARO DOS POCOES";"Reação tardia ou ineficiente do condutor";"Colisão lateral sentido oposto";"Com Vítimas Feridas";"Plena Noite";"Decrescente";"Céu Claro";"Simples";"Reta";"Não";3;0;1;1;1;0;2;2;-16,98423358;-44,27043915;"SPRF-MG";"DEL12-MG";"UOP01-DEL12-MG"
373735;2021-07-30;"sexta-feira";"07:40:00";"RS";116;245;"SAO LEOPOLDO";"Reação tardia ou ineficiente do condutor";"Engavetamento";"Sem Vítimas";"Pleno dia";"Decrescente";"Céu Claro";"Dupla";"Reta";"Sim";4;0;0;0;4;0;0;4;-29,7521;-51,1514;"SPRF-RS";"DEL01-RS";"UOP02-DEL01-RS"
373736;2021-07-30;"sexta-feira";"06:30:00";"RS";392;3;"RIO GRANDE";"Animais na Pista";"Tombamento";"Com Vítimas Feridas";"Amanhecer";"Crescente";"Céu Claro";"Simples";"Curva";"Sim";1;0;1;0;0;0;1;1;-32,06221202;-52,08949696;"SPRF-RS";"DEL07-RS";"UOP02-DEL07-RS"
373737;2021-07-29;"quinta-feira";"21:40:00";"RJ";116;311;"RESENDE";"Condutor deixou de manter distância do veículo da frente";"Colisão traseira";"Com Vítimas Feridas";"Plena Noite";"Crescente";"Céu Claro";"Dupla";"Reta";"Não";1;0;1;0;0;0;1;1;-22,46086624;-44,44296321;"SPRF-RJ";"DEL07-RJ";"UOP02-DEL07-RJ"
373738;2021-07-30;"sexta-feira";"08:15:00";"RS";116;263;"CANOAS";"Condutor deixou de manter distância do veículo da frente";"Colisão traseira";"Com Vítimas Feridas";"Pleno dia";"Crescente";"Céu Claro";"Dupla";"Reta";"Não";2;0;1;0;1;0;1;2;-29,90545398;-51,17674031;"SPRF-RS";"DEL01-RS";"UOP01-DEL01-RS"
373739;2021-07-30;"sexta-feira";"07:50:00";"PI";343;8;"PARNAIBA";"Acessar a via sem observar a presença dos outros veículos";"Colisão transversal";"Com Vítimas Feridas";"Pleno dia";"Decrescente";"Céu Claro";"Simples";"Reta";"Sim";2;0;1;0;1;0;1;2;-2,899382;-41,723724;"SPRF-PI";"DEL05-PI";"UOP01-DEL05-PI"
373740;2021-07-30;"sexta-feira";"08:30:00";"RS";290;81;"GRAVATAI";"Avarias e/ou desgaste excessivo no pneu";"Tombamento";"Com Vítimas Feridas";"Pleno dia";"Crescente";"Céu Claro";"Dupla";"Reta";"Sim";1;0;1;0;0;0;1;1;-29,954445;-51,06881;"SPRF-RS";"DEL01-RS";"UOP01-DEL01-RS"
373741;2021-07-30;"sexta-feira";"04:00:00";"RS";290;610;"ALEGRETE";"Ingestão de álcool pelo condutor";"Colisão com objeto";"Sem Vítimas";"Plena Noite";"Crescente";"Céu Claro";"Simples";"Ponte";"Não";1;0;0;0;1;0;0;1;-29,916315;-56,048561;"SPRF-RS";"DEL13-RS";"UOP02-DEL13-RS"
373743;2021-07-30;"sexta-feira";"07:16:00";"MG";262;813;"UBERABA";"Ausência de reação do condutor";"Tombamento";"Com Vítimas Feridas";"Pleno dia";"Decrescente";"Céu Claro";"Dupla";"Reta";"Sim";1;0;1;0;0;0;1;1;-19,76009757;-48,07322705;"SPRF-MG";"DEL13-MG";"UOP01-DEL13-MG"
373746;2021-07-30;"sexta-feira";"07:30:00";"PR";476;102;"BOCAIUVA DO SUL";"Entrada inopinada do pedestre";"Atropelamento de Pedestre";"Com Vítimas Fatais";"Pleno dia";"Crescente";"Céu Claro";"Simples";"Reta";"Sim";4;1;0;0;3;0;0;2;-25,26649927;-49,13785458;"SPRF-PR";"DEL01-PR";"UOP02-DEL01-PR"
373747;2021-07-11;"domingo";"18:30:00";"SC";280;167;"MAFRA";"Ingestão de álcool pelo condutor";"Colisão com objeto";"Com Vítimas Feridas";"Plena Noite";"Crescente";"Céu Claro";"Simples";"Ponte";"Sim";1;0;1;0;0;0;1;1;-26,16857105;-49,81820938;"SPRF-SC";"DEL06-SC";"UOP01-DEL06-SC"
373748;2021-07-30;"sexta-feira";"07:00:00";"BA";116;658;"JEQUIE";"Condutor Dormindo";"Capotamento";"Com Vítimas Feridas";"Pleno dia";"Decrescente";"Garoa/Chuvisco";"Simples";"Curva";"Não";1;0;0;1;0;0;1;1;-13,68160894;-40,09548576;"SPRF-BA";"DEL03-BA";"UOP01-DEL03-BA"
373750;2021-07-12;"segunda-feira";"12:00:00";"AL";104;17,7;"SAO JOSE DA LAJE";"Desrespeitar a preferência no cruzamento";"Colisão transversal";"Com Vítimas Fatais";"Pleno dia";"Decrescente";"Céu Claro";"Simples";"Reta";"Não";3;1;0;1;1;0;1;2;-9,03289906;-36,03838114;"SPRF-AL";"DEL01-AL";"UOP02-DEL01-AL"
373751;2021-07-30;"sexta-feira";"08:50:00";"RJ";116;142;"DUQUE DE CAXIAS";"Reação tardia ou ineficiente do condutor";"Colisão com objeto";"Com Vítimas Feridas";"Pleno dia";"Decrescente";"Céu Claro";"Múltipla";"Reta";"Sim";1;0;1;0;0;0;1;1;-22,64876087;-43,23031638;"SPRF-RJ";"DEL01-RJ";"UOP01-DEL01-RJ"
373752;2021-07-06;"terça-feira";"17:00:00";"MG";40;40,9;"PARACATU";"Acessar a via sem observar a presença dos outros veículos";"Colisão transversal";"Com Vítimas Feridas";"Pleno dia";"Crescente";"Céu Claro";"Simples";"Interseção de Vias";"Sim";2;0;1;0;1;0;1;2;-17,21013894;-46,88089301;"SPRF-MG";"DEL14-MG";"UOP01-DEL14-MG"
373753;2021-05-12;"quarta-feira";"15:10:00";"RN";101;107,3;"PARNAMIRIM";"Condutor deixou de manter distância do veículo da frente";"Colisão traseira";"Com Vítimas Feridas";"Pleno dia";"Decrescente";"Chuva";"Múltipla";"Reta";"Sim";2;0;0;1;1;0;1;2;-5,91920796;-35,26412409;"SPRF-RN";"DEL01-RN";"UOP01-DEL01-RN"
373757;2021-07-30;"sexta-feira";"08:30:00";"SP";116;278;"EMBU DAS ARTES";"Condutor deixou de manter distância do veículo da frente";"Colisão traseira";"Com Vítimas Feridas";"Pleno dia";"Crescente";"Nublado";"Dupla";"Declive;Reta";"Sim";2;0;0;1;1;0;1;2;-23,65508497;-46,84918605;"SPRF-SP";"DEL04-SP";"UOP01-DEL04-SP"
373759;2021-07-30;"sexta-feira";"09:00:00";"PA";230;119;"MARABA";"Condutor deixou de manter distância do veículo da frente";"Colisão traseira";"Sem Vítimas";"Pleno dia";"Decrescente";"Céu Claro";"Dupla";"Curva";"Sim";2;0;0;0;2;0;0;2;-5,350407;-49,105981;"SPRF-PA";"DEL03-PA";"UOP01-DEL03-PA"
373761;2021-07-30;"sexta-feira";"09:50:00";"PE";232;105;"BEZERROS";"Manobra de mudança de faixa";"Colisão lateral mesmo sentido";"Com Vítimas Feridas";"Pleno dia";"Crescente";"Céu Claro";"Dupla";"Retorno Regulamentado";"Não";3;0;1;0;2;0;1;2;-8,25830415;-35,78275595;"SPRF-PE";"DEL02-PE";"UOP02-DEL02PE"
373762;2021-07-30;"sexta-feira";"09:45:00";"SP";116;270,7;"TABOAO DA SERRA";"Condutor deixou de manter distância do veículo da frente";"Colisão traseira";"Com Vítimas Feridas";"Pleno dia";"Crescente";"Sol";"Dupla";"Reta";"Sim";2;0;1;0;0;1;1;2;-23,61799728;-46,79677694;"SPRF-SP";"DEL04-SP";"UOP01-DEL04-SP"
373763;2021-07-30;"sexta-feira";"08:05:00";"PR";369;19,8;"CAMBARA";"Acessar a via sem observar a presença dos outros veículos";"Colisão transversal";"Com Vítimas Feridas";"Amanhecer";"Decrescente";"Céu Claro";"Simples";"Interseção de Vias";"Sim";4;0;0;1;2;1;1;3;-23,03662752;-50,07989466;"SPRF-PR";"DEL07-PR";"UOP01-DEL07-PR"
373764;2021-07-30;"sexta-feira";"06:20:00";"SC";101;43,9;"JOINVILLE";"Demais falhas mecânicas ou elétricas";"Colisão transversal";"Com Vítimas Feridas";"Pleno dia";"Crescente";"Céu Claro";"Simples";"Interseção de Vias";"Sim";2;0;1;0;1;0;1;2;-26,30357106;-48,88225609;"SPRF-SC";"DEL03-SC";"UOP01-DEL03-SC"
373766;2021-07-30;"sexta-feira";"10:00:00";"ES";101;148;"LINHARES";"Manobra de mudança de faixa";"Colisão lateral mesmo sentido";"Com Vítimas Feridas";"Pleno dia";"Decrescente";"Céu Claro";"Dupla";"Em Obras";"Sim";2;0;1;0;1;0;1;2;-19,39786048;-40,06327912;"SPRF-ES";"DEL04-ES";"UOP01-DEL04-ES"
373767;2021-07-08;"quinta-feira";"16:00:00";"PR";153;411,4;"PAULO FRONTIN";"Acessar a via sem observar a presença dos outros veículos";"Colisão transversal";"Com Vítimas Feridas";"Pleno dia";"Crescente";"Sol";"Simples";"Reta";"Sim";2;0;1;0;1;0;1;2;-26,04160897;-50,82689384;"SPRF-PR";"DEL02-PR";"UOP04-DEL02-PR"
373768;2021-06-30;"quarta-feira";"19:30:00";"ES";101;296;"CARIACICA";"Demais falhas na via";"Tombamento";"Com Vítimas Feridas";"Plena Noite";"Decrescente";"Ignorado";"Múltipla";"Curva";"Sim";1;0;1;0;0;0;1;1;-20,34519028;-40,41021466;"SPRF-ES";"DEL01-ES";"UOP01-DEL01-ES"
373769;2021-07-30;"sexta-feira";"10:35:00";"PR";476;97;"BOCAIUVA DO SUL";"Velocidade Incompatível";"Saída de leito carroçável";"Com Vítimas Feridas";"Pleno dia";"Crescente";"Céu Claro";"Simples";"Curva";"Não";1;0;1;0;0;0;1;1;-25,24007;-49,127075;"SPRF-PR";"DEL01-PR";"UOP02-DEL01-PR"
373771;2021-07-30;"sexta-feira";"10:54:00";"MG";381;741,8;"TRES CORACOES";"Condutor Dormindo";"Saída de leito carroçável";"Com Vítimas Feridas";"Pleno dia";"Crescente";"Sol";"Dupla";"Reta";"Não";3;0;3;0;0;0;3;1;-21,61577478;-45,25777775;"SPRF-MG";"DEL16-MG";"UOP02-DEL16-MG"
373773;2021-07-30;"sexta-feira";"10:05:00";"RR";174;503;"BOA VISTA";"Ausência de reação do condutor";"Colisão lateral mesmo sentido";"Com Vítimas Feridas";"Pleno dia";"Decrescente";"Céu Claro";"Dupla";"Curva;Rotatória";"Sim";3;0;1;0;2;0;1;2;2,794901;-60,698441;"SPRF-RR";"DEL01-RR";"UOP01-DEL01-RR"
373774;2021-07-30;"sexta-feira";"11:15:00";"RS";290;12;"SANTO ANTONIO DA PATRULHA";"Demais falhas mecânicas ou elétricas";"Incêndio";"Sem Vítimas";"Pleno dia";"Crescente";"Céu Claro";"Dupla";"Reta";"Não";1;0;0;0;1;0;0;1;-29,882519;-50,390564;"SPRF-RS";"DEL03-RS";"UOP01-DEL03-RS"
373775;2021-07-30;"sexta-feira";"11:20:00";"SP";381;86;"SAO PAULO";"Manobra de mudança de faixa";"Engavetamento";"Com Vítimas Feridas";"Pleno dia";"Crescente";"Céu Claro";"Múltipla";"Reta";"Sim";5;0;1;0;3;1;1;4;-23,45930499;-46,57161179;"SPRF-SP";"DEL03-SP";"UOP01-DEL03-SP"
373777;2021-07-30;"sexta-feira";"09:40:00";"RO";364;236,6;"CACOAL";"Velocidade Incompatível";"Colisão transversal";"Com Vítimas Feridas";"Pleno dia";"Crescente";"Sol";"Simples";"Aclive;Interseção de Vias;Reta";"Sim";2;0;1;0;1;0;1;2;-11,444036;-61,444031;"SPRF-RO";"DEL02-RO";"UOP02-DEL02-RO"
373778;2021-07-30;"sexta-feira";"11:45:00";"ES";259;29,5;"COLATINA";"Velocidade Incompatível";"Saída de leito carroçável";"Com Vítimas Feridas";"Pleno dia";"Decrescente";"Sol";"Simples";"Reta";"Não";1;0;0;1;0;0;1;1;-19,60303305;-40,50193021;"SPRF-ES";"DEL02-ES";"UOP01-DEL02-ES"
373779;2021-07-30;"sexta-feira";"11:00:00";"BA";116;418,9;"FEIRA DE SANTANA";"Ingestão de álcool pelo condutor";"Colisão lateral mesmo sentido";"Sem Vítimas";"Pleno dia";"Decrescente";"Nublado";"Dupla";"Reta";"Sim";2;0;0;0;2;0;0;2;-12,185808;-38,965225;"SPRF-BA";"DEL02-BA";"UOP01-DEL02-BA"
373780;2021-07-30;"sexta-feira";"11:50:00";"MG";40;557,8;"NOVA LIMA";"Demais falhas mecânicas ou elétricas";"Queda de ocupante de veículo";"Com Vítimas Feridas";"Pleno dia";"Crescente";"Céu Claro";"Dupla";"Reta";"Não";2;0;2;0;0;0;2;1;-20,10255103;-43,9749284;"SPRF-MG";"DEL01-MG";"UOP02-DEL01-MG"
373781;2021-07-30;"sexta-feira";"11:40:00";"PI";316;312;"PICOS";"Ausência de reação do condutor";"Engavetamento";"Sem Vítimas";"Pleno dia";"Crescente";"Céu Claro";"Dupla";"Reta";"Sim";3;0;0;0;3;0;0;3;-7,07913644;-41,44849962;"SPRF-PI";"DEL04-PI";"UOP01-DEL04-PI"
373782;2021-07-30;"sexta-feira";"12:00:00";"RN";427;98;"CAICO";"Ultrapassagem Indevida";"Colisão transversal";"Com Vítimas Feridas";"Pleno dia";"Crescente";"Céu Claro";"Simples";"Reta";"Sim";2;0;1;0;1;0;1;2;-6,46351366;-37,09301949;"SPRF-RN";"DEL03-RN";"UOP01-DEL03-RN"
373785;2021-07-26;"segunda-feira";"14:50:00";"RJ";101;329;"NITEROI";"Condutor deixou de manter distância do veículo da frente";"Engavetamento";"Com Vítimas Feridas";"Pleno dia";"Crescente";"Céu Claro";"Múltipla";"Reta";"Não";3;0;1;0;2;0;1;2;-22,86939305;-43,175642;"SPRF-RJ";"DEL02-RJ";"UOP02-DEL02-RJ"
373786;2021-06-20;"domingo";"10:00:00";"BA";101;32;"ESPLANADA";"Reação tardia ou ineficiente do condutor";"Capotamento";"Com Vítimas Fatais";"Pleno dia";"Crescente";"Nublado";"Dupla";"Reta";"Não";9;2;3;4;0;0;7;1;-11,80296015;-37,95772351;"SPRF-SE";"DEL02-SE";"UOP03-DEL02-SE"
373787;2021-07-30;"sexta-feira";"12:30:00";"CE";222;53,2;"SAO GONCALO DO AMARANTE";"Demais falhas mecânicas ou elétricas";"Tombamento";"Com Vítimas Feridas";"Pleno dia";"Crescente";"Céu Claro";"Simples";"Reta";"Não";2;0;2;0;0;0;2;1;-3,66889058;-39,01864101;"SPRF-CE";"DEL01-CE";"UOP03-DEL01-CE"
373788;2021-07-30;"sexta-feira";"11:50:00";"SC";101;215;"PALHOCA";"Mal súbito do condutor";"Queda de ocupante de veículo";"Com Vítimas Feridas";"Pleno dia";"Decrescente";"Céu Claro";"Dupla";"Reta";"Sim";1;0;1;0;0;0;1;1;-27,65184843;-48,67604941;"SPRF-SC";"DEL01-SC";"UOP02-DEL01-SC"
373790;2021-06-24;"quinta-feira";"07:40:00";"ES";101;264;"SERRA";"Condutor desrespeitou a iluminação vermelha do semáforo";"Colisão transversal";"Com Vítimas Feridas";"Pleno dia";"Decrescente";"Céu Claro";"Dupla";"Reta";"Não";2;0;1;1;0;0;2;2;-20,17292791;-40,26736384;"SPRF-ES";"DEL02-ES";"UOP01-DEL02-ES"
373791;2021-07-30;"sexta-feira";"11:09:00";"PA";316;68;"CASTANHAL";"Condutor deixou de manter distância do veículo da frente";"Colisão traseira";"Com Vítimas Feridas";"Pleno dia";"Decrescente";"Céu Claro";"Simples";"Reta";"Não";3;0;0;1;1;1;1;3;-1,29440507;-47,88382304;"SPRF-PA";"DEL01-PA";"UOP01-DEL01-PA"
373792;2021-07-30;"sexta-feira";"09:00:00";"RJ";101;334;"RIO DE JANEIRO";"Manobra de mudança de faixa";"Queda de ocupante de veículo";"Com Vítimas Feridas";"Pleno dia";"Crescente";"Céu Claro";"Múltipla";"Reta";"Não";2;0;2;0;0;0;2;1;-22,88517902;-43,21704364;"SPRF-RJ";"DEL02-RJ";"UOP02-DEL02-RJ"
373794;2021-07-30;"sexta-feira";"12:50:00";"PB";230;17;"JOAO PESSOA";"Reação tardia ou ineficiente do condutor";"Colisão traseira";"Sem Vítimas";"Pleno dia";"Decrescente";"Céu Claro";"Dupla";"Reta";"Sim";2;0;0;0;2;0;0;2;-7,1121;-34,8426;"SPRF-PB";"DEL01-PB";"UOP01-DEL01-PB"
373795;2021-07-30;"sexta-feira";"09:50:00";"MG";116;723,7;"MURIAE";"Mal súbito do condutor";"Tombamento";"Com Vítimas Feridas";"Pleno dia";"Decrescente";"Céu Claro";"Simples";"Curva";"Não";1;0;1;0;0;0;1;1;-21,26905706;-42,40484367;"SPRF-MG";"DEL07-MG";"UOP02-DEL07-MG"
373799;2021-07-30;"sexta-feira";"13:10:00";"MS";163;75,8;"ITAQUIRAI";"Acessar a via sem observar a presença dos outros veículos";"Colisão transversal";"Sem Vítimas";"Pleno dia";"Crescente";"Céu Claro";"Simples";"Reta";"Sim";6;0;0;0;6;0;0;2;-23,50091105;-54,18729772;"SPRF-MS";"DEL09-MS";"UOP01-DEL09-MS"
373800;2021-07-30;"sexta-feira";"13:20:00";"PB";230;19,1;"JOAO PESSOA";"Condutor deixou de manter distância do veículo da frente";"Colisão traseira";"Com Vítimas Feridas";"Pleno dia";"Crescente";"Céu Claro";"Dupla";"Reta";"Sim";2;0;1;0;1;0;1;2;-7,1281;-34,8466;"SPRF-PB";"DEL01-PB";"UOP01-DEL01-PB"
373801;2021-07-30;"sexta-feira";"13:25:00";"MS";60;594,1;"JARDIM";"Reação tardia ou ineficiente do condutor";"Tombamento";"Com Vítimas Feridas";"Pleno dia";"Decrescente";"Céu Claro";"Simples";"Reta";"Sim";1;0;1;0;0;0;1;1;-21,47816506;-56,13470256;"SPRF-MS";"DEL05-MS";"UOP01-DEL05-MS"
373803;2021-07-30;"sexta-feira";"13:20:00";"GO";153;493,9;"GOIANIA";"Ausência de reação do condutor";"Queda de ocupante de veículo";"Com Vítimas Feridas";"Pleno dia";"Decrescente";"Céu Claro";"Dupla";"Reta";"Sim";1;0;0;1;0;0;1;1;-16,6614;-49,2218;"SPRF-GO";"DEL01-GO";"UOP01-DEL01-GO"