"id";"data_inversa";"dia_semana";"horario";"uf";"br";"km";"municipio";"causa_acidente";"tipo_acidente";"classificacao_acidente";"fase_dia";"sentido_via";"condicao_metereologica";"tipo_pista";"tracado_via";"uso_solo";"pessoas";"mortos";"feridos_leves";"feridos_graves";"ilesos";"ignorados";"feridos";"veiculos";"latitude";"longitude";"regional";"delegacia";"uop"
373804;2021-07-30;"sexta-feira";"13:28:00";"PA";316;34;"SANTA IZABEL DO PARA";"Acessar a via sem observar a presença dos outros veículos";"Colisão frontal";"Com Vítimas Feridas";"Pleno dia";"Crescente";"Céu Claro";"Dupla";"Reta";"Sim";2;0;0;1;1;0;1;2;-1,29444763;-48,17249938;"SPRF-PA";"DEL01-PA";"UOP01-DEL01-PA"
373805;2021-07-30;"sexta-feira";"14:40:00";"SC";101;143,9;"ITAPEMA";"Avarias e/ou desgaste excessivo no pneu";"Tombamento";"Com Vítimas Feridas";"Pleno dia";"Decrescente";"Céu Claro";"Dupla";"Reta";"Sim";2;0;2;0;0;0;2;1;-27,06693671;-48,59565323;"SPRF-SC";"DEL04-SC";"UOP03-DEL04-SC"
373806;2021-07-30;"sexta-feira";"12:15:00";"CE";222;125;"ITAPAJE";"Acessar a via sem observar a presença dos outros veículos";"Colisão transversal";"Com Vítimas Feridas";"Pleno dia";"Crescente";"Céu Claro";"Simples";"Aclive";"Sim";3;0;1;2;0;0;3;2;-3,68965682;-39,5968761;"SPRF-CE";"DEL04-CE";"UOP03-DEL04-CE"
373807;2021-05-27;"quinta-feira";"09:00:00";"PI";343;203;"PIRIPIRI";"Ausência de reação do condutor";"Saída de leito carroçável";"Com Vítimas Feridas";"Pleno dia";"Decrescente";"Céu Claro";"Simples";"Reta";"Não";5;0;0;2;3;0;2;1;-4,413368;-41,879604;"SPRF-PI";"DEL02-PI";"UOP01-DEL02-PI"
373808;2021-07-30;"sexta-feira";"14:50:00";"SP";116;281;"EMBU DAS ARTES";"Manobra de mudança de faixa";"Colisão lateral mesmo sentido";"Com Vítimas Feridas";"Pleno dia";"Decrescente";"Sol";"Dupla";"Reta";"Sim";5;0;1;0;4;0;1;2;-23,67784787;-46,85769227;"SPRF-SP";"DEL04-SP";"UOP01-DEL04-SP"
373809;2021-07-30;"sexta-feira";"14:30:00";"RS";158;251,5;"JULIO DE CASTILHOS";"Demais falhas mecânicas ou elétricas";"Incêndio";"Sem Vítimas";"Pleno dia";"Crescente";"Céu Claro";"Simples";"Reta";"Não";1;0;0;0;1;0;0;1;-29,12788398;-53,64938818;"SPRF-RS";"DEL10-RS";"UOP02-DEL10-RS"
373812;2021-07-30;"sexta-feira";"13:45:00";"MG";262;36,6;"MANHUACU";"Acessar a via sem observar a presença dos outros veículos";"Colisão traseira";"Com Vítimas Feridas";"Pleno dia";"Crescente";"Nublado";"Simples";"Reta";"Sim";2;0;1;0;1;0;1;2;-20,25932046;-42,02298331;"SPRF-MG";"DEL06-MG";"UOP03-DEL06-MG"
373814;2021-07-30;"sexta-feira";"13:46:00";"GO";60;27,5;"ALEXANIA";"Condutor Dormindo";"Saída de leito carroçável";"Com Vítimas Feridas";"Pleno dia";"Crescente";"Céu Claro";"Dupla";"Aclive";"Não";1;0;1;0;0;0;1;1;-16,101223;-48,464272;"SPRF-DF";"DEL03-DF";"UOP01-DEL03-DF"
373815;2021-07-30;"sexta-feira";"14:15:00";"MG";116;526,5;"CARATINGA";"Acessar a via sem observar a presença dos outros veículos";"Colisão lateral mesmo sentido";"Com Vítimas Feridas";"Pleno dia";"Decrescente";"Céu Claro";"Simples";"Interseção de Vias";"Não";2;0;1;0;1;0;1;2;-19,76615833;-42,13104486;"SPRF-MG";"DEL06-MG";"UOP02-DEL06-MG"
373816;2021-05-26;"quarta-feira";"15:45:00";"MT";364;199;"RONDONOPOLIS";"Ausência de reação do condutor";"Colisão traseira";"Com Vítimas Feridas";"Pleno dia";"Crescente";"Céu Claro";"Dupla";"Rotatória";"Sim";3;0;1;1;1;0;2;2;-16,497653;-54,635842;"SPRF-MT";"DEL02-MT";"UOP01-DEL02-MT"
373821;2021-07-30;"sexta-feira";"15:45:00";"RJ";116;169;"SAO JOAO DE MERITI";"Ausência de reação do condutor";"Tombamento";"Com Vítimas Feridas";"Pleno dia";"Crescente";"Sol";"Múltipla";"Reta";"Sim";1;0;1;0;0;0;1;1;-22,816206;-43,324463;"SPRF-RJ";"DEL01-RJ";"UOP02-DEL01-RJ"
373823;2021-07-30;"sexta-feira";"15:40:00";"PR";116;18;"COLOMBO";"Condutor deixou de manter distância do veículo da frente";"Colisão traseira";"Com Vítimas Feridas";"Pleno dia";"Crescente";"Céu Claro";"Dupla";"Reta";"Sim";3;0;2;0;1;0;2;2;-25,38909539;-49,1920352;"SPRF-PR";"DEL01-PR";"UOP02-DEL01-PR"
373824;2021-07-30;"sexta-feira";"16:10:00";"RS";386;175,9;"CARAZINHO";"Acessar a via sem observar a presença dos outros veículos";"Colisão transversal";"Com Vítimas Feridas";"Pleno dia";"Decrescente";"Sol";"Dupla";"Reta";"Sim";3;0;0;1;1;1;1;3;-28,263548;-52,786312;"SPRF-RS";"DEL08-RS";"UOP01-DEL08-RS"
373826;2021-07-30;"sexta-feira";"15:15:00";"PB";412;56;"SAO JOAO DO CARIRI";"Acessar a via sem observar a presença dos outros veículos";"Colisão transversal";"Com Vítimas Feridas";"Pleno dia";"Decrescente";"Sol";"Simples";"Reta";"Sim";2;0;0;1;1;0;1;2;-7,38871;-36,529026;"SPRF-PB";"DEL02-PB";"UOP02-DEL02-PB"
373827;2021-07-30;"sexta-feira";"16:40:00";"SP";116;142,8;"SAO JOSE DOS CAMPOS";"Reação tardia ou ineficiente do condutor";"Engavetamento";"Com Vítimas Feridas";"Pleno dia";"Crescente";"Sol";"Dupla";"Reta";"Não";6;0;3;0;3;0;3;3;-23,17426078;-45,82940111;"SPRF-SP";"DEL02-SP";"UOP01-DEL02-SP"
373830;2021-07-30;"sexta-feira";"16:30:00";"PR";277;24,6;"MORRETES";"Velocidade Incompatível";"Colisão lateral mesmo sentido";"Com Vítimas Fatais";"Pleno dia";"Decrescente";"Sol";"Dupla";"Reta";"Não";2;1;0;0;1;0;0;2;-25,53216588;-48,75276983;"SPRF-PR";"DEL01-PR";"UOP05-DEL01-PR"
373832;2021-07-30;"sexta-feira";"16:25:00";"RJ";465;1;"SEROPEDICA";"Entrada inopinada do pedestre";"Atropelamento de Pedestre";"Com Vítimas Feridas";"Pleno dia";"Crescente";"Nublado";"Simples";"Reta";"Sim";2;0;0;1;1;0;1;2;-22,719835;-43,725739;"SPRF-RJ";"DEL01-RJ";"UOP03-DEL01-RJ"
373833;2021-07-30;"sexta-feira";"16:30:00";"SC";101;206,3;"SAO JOSE";"Condutor deixou de manter distância do veículo da frente";"Colisão traseira";"Sem Vítimas";"Pleno dia";"Crescente";"Sol";"Dupla";"Reta";"Sim";2;0;0;0;2;0;0;2;-27,59193546;-48,61824557;"SPRF-SC";"DEL01-SC";"UOP01-DEL01-SC"
373834;2021-07-30;"sexta-feira";"15:40:00";"RS";153;3,5;"CACHOEIRA DO SUL";"Ultrapassagem Indevida";"Colisão transversal";"Com Vítimas Feridas";"Pleno dia";"Crescente";"Céu Claro";"Simples";"Reta";"Sim";2;0;0;1;1;0;1;2;-30,012969;-52,88899899;"SPRF-RS";"DEL02-RS";"UOP03-DEL02-RS"
373835;2021-07-30;"sexta-feira";"16:25:00";"PE";101;46;"IGARASSU";"Condutor deixou de manter distância do veículo da frente";"Colisão traseira";"Sem Vítimas";"Pleno dia";"Decrescente";"Céu Claro";"Dupla";"Reta";"Sim";2;0;0;0;2;0;0;2;-7,87406004;-34,90588126;"SPRF-PE";"DEL01-PE";"UOP02-DEL01-PE"
373837;2021-07-30;"sexta-feira";"15:20:00";"PR";369;184,3;"ARAPONGAS";"Condutor deixou de manter distância do veículo da frente";"Colisão traseira";"Com Vítimas Feridas";"Pleno dia";"Crescente";"Céu Claro";"Simples";"Reta";"Sim";2;0;1;0;1;0;1;2;-23,401406;-51,427421;"SPRF-PR";"DEL07-PR";"UOP02-DEL07-PR"
373839;2021-07-30;"sexta-feira";"16:45:00";"GO";40;10;"LUZIANIA";"Velocidade Incompatível";"Queda de ocupante de veículo";"Com Vítimas Feridas";"Pleno dia";"Crescente";"Céu Claro";"Dupla";"Reta";"Não";1;0;1;0;0;0;1;1;-16,131285;-47,957923;"SPRF-DF";"DEL01-DF";"UOP01-DEL01-DF"
373841;2021-07-30;"sexta-feira";"16:35:00";"RS";158;327;"SANTA MARIA";"Ausência de reação do condutor";"Colisão traseira";"Com Vítimas Feridas";"Pleno dia";"Crescente";"Céu Claro";"Simples";"Reta;Em Obras";"Sim";3;0;1;0;2;0;1;2;-29,712355;-53,817538;"SPRF-RS";"DEL09-RS";"UOP01-DEL09-RS"
373842;2021-07-30;"sexta-feira";"17:10:00";"SC";101;207,1;"SAO JOSE";"Ausência de reação do condutor";"Queda de ocupante de veículo";"Com Vítimas Feridas";"Pleno dia";"Crescente";"Céu Claro";"Múltipla";"Reta";"Não";1;0;1;0;0;0;1;1;-27,60001226;-48,6226467;"SPRF-SC";"DEL01-SC";"UOP01-DEL01-SC"
373843;2021-07-30;"sexta-feira";"16:50:00";"RJ";116;181;"NOVA IGUACU";"Condutor deixou de manter distância do veículo da frente";"Colisão traseira";"Com Vítimas Feridas";"Pleno dia";"Decrescente";"Céu Claro";"Dupla";"Reta";"Sim";2;0;1;0;1;0;1;2;-22,761312;-43,423492;"SPRF-RJ";"DEL01-RJ";"UOP02-DEL01-RJ"
373844;2021-07-30;"sexta-feira";"15:50:00";"RO";364;238;"CACOAL";"Manobra de mudança de faixa";"Colisão lateral mesmo sentido";"Com Vítimas Feridas";"Pleno dia";"Decrescente";"Céu Claro";"Simples";"Reta";"Sim";2;0;1;0;1;0;1;2;-11,4388578;-61,45471289;"SPRF-RO";"DEL02-RO";"UOP02-DEL02-RO"
373845;2021-07-30;"sexta-feira";"17:15:00";"MG";40;522;"CONTAGEM";"Avarias e/ou desgaste excessivo no pneu";"Queda de ocupante de veículo";"Com Vítimas Feridas";"Anoitecer";"Decrescente";"Céu Claro";"Dupla";"Reta";"Não";2;0;1;1;0;0;2;1;-19,8638731;-44,06749809;"SPRF-MG";"DEL01-MG";"UOP02-DEL01-MG"
373849;2021-07-30;"sexta-feira";"16:55:00";"RN";304;48,9;"MOSSORO";"Acessar a via sem observar a presença dos outros veículos";"Colisão transversal";"Com Vítimas Feridas";"Pleno dia";"Crescente";"Céu Claro";"Simples";"Reta";"Sim";2;0;1;0;1;0;1;2;-5,22868577;-37,32203081;"SPRF-RN";"DEL04-RN";"UOP01-DEL04-RN"
373851;2021-07-30;"sexta-feira";"12:30:00";"RJ";40;88;"PETROPOLIS";"Velocidade Incompatível";"Saída de leito carroçável";"Com Vítimas Feridas";"Pleno dia";"Crescente";"Nublado";"Simples";"Curva";"Não";3;0;2;0;1;0;2;1;-22,548575;-43,231738;"SPRF-RJ";"DEL06-RJ";"UOP01-DEL06-RJ"
373852;2021-07-07;"quarta-feira";"18:30:00";"PI";343;465,9;"ANGICAL DO PIAUI";"Deficiência do Sistema de Iluminação/Sinalização";"Colisão traseira";"Com Vítimas Fatais";"Plena Noite";"Decrescente";"Céu Claro";"Simples";"Reta";"Não";5;2;0;0;3;0;0;2;-6,04090068;-42,73584187;"SPRF-PI";"DEL01-PI";"UOP02-DEL01-PI"
373853;2021-07-30;"sexta-feira";"17:12:00";"PR";369;202;"APUCARANA";"Velocidade Incompatível";"Saída de leito carroçável";"Com Vítimas Fatais";"Pleno dia";"Crescente";"Céu Claro";"Simples";"Reta";"Sim";2;1;0;0;0;1;0;2;-23,543185;-51,455036;"SPRF-PR";"DEL07-PR";"UOP02-DEL07-PR"
373855;2021-07-30;"sexta-feira";"13:05:00";"GO";153;280;"NOVA GLORIA";"Acostamento em desnível";"Capotamento";"Sem Vítimas";"Pleno dia";"Crescente";"Céu Claro";"Simples";"Reta";"Não";1;0;0;0;1;0;0;1;-15,134809;-49,518436;"SPRF-GO";"DEL07-GO";"UOP02-DEL07-GO"
373857;2021-07-30;"sexta-feira";"17:00:00";"AL";316;231;"ATALAIA";"Transitar no acostamento";"Colisão lateral mesmo sentido";"Com Vítimas Feridas";"Anoitecer";"Crescente";"Céu Claro";"Simples";"Túnel";"Não";2;0;1;0;1;0;1;2;-9,49408508;-36,109717;"SPRF-AL";"DEL01-AL";"UOP01-DEL01-AL"
373858;2021-07-30;"sexta-feira";"17:30:00";"PR";376;176,3;"MARINGA";"Manobra de mudança de faixa";"Colisão lateral mesmo sentido";"Com Vítimas Feridas";"Pleno dia";"Crescente";"Céu Claro";"Múltipla";"Interseção de Vias";"Sim";2;0;1;0;1;0;1;2;-23,41269173;-51,93158327;"SPRF-PR";"DEL09-PR";"UOP01-DEL09-PR"
373859;2021-07-30;"sexta-feira";"17:00:00";"RS";448;22;"PORTO ALEGRE";"Avarias e/ou desgaste excessivo no pneu";"Tombamento";"Com Vítimas Feridas";"Anoitecer";"Crescente";"Céu Claro";"Dupla";"Curva";"Sim";1;0;1;0;0;0;1;1;-29,972212;-51,199139;"SPRF-RS";"DEL01-RS";"UOP01-DEL01-RS"
373860;2021-07-30;"sexta-feira";"18:30:00";"RJ";356;185;"SAO JOAO DA BARRA";"Ausência de sinalização";"Colisão lateral mesmo sentido";"Com Vítimas Fatais";"Plena Noite";"Crescente";"Nublado";"Simples";"Reta";"Sim";2;1;1;0;0;0;1;2;-21,63133405;-41,03952199;"SPRF-RJ";"DEL08-RJ";"UOP02-DEL08-RJ"
373861;2021-07-30;"sexta-feira";"14:45:00";"SC";480;124,1;"CHAPECO";"Velocidade Incompatível";"Colisão traseira";"Com Vítimas Feridas";"Pleno dia";"Decrescente";"Céu Claro";"Dupla";"Reta";"Não";3;0;1;0;2;0;1;2;-27,00359519;-52,64391044;"SPRF-SC";"DEL07-SC";"UOP01-DEL07-SC"
373862;2021-07-30;"sexta-feira";"18:00:00";"MG";40;451,5;"CAETANOPOLIS";"Reação tardia ou ineficiente do condutor";"Saída de leito carroçável";"Com Vítimas Feridas";"Plena Noite";"Decrescente";"Céu Claro";"Dupla";"Reta";"Não";1;0;0;1;0;0;1;1;-19,32547602;-44,36467416;"SPRF-MG";"DEL02-MG";"UOP01-DEL02-MG"
373863;2021-07-30;"sexta-feira";"17:40:00";"RN";101;107;"PARNAMIRIM";"Condutor deixou de manter distância do veículo da frente";"Colisão traseira";"Com Vítimas Feridas";"Anoitecer";"Crescente";"Vento";"Múltipla";"Reta";"Sim";2;0;0;1;1;0;1;2;-5,91920796;-35,26412409;"SPRF-RN";"DEL01-RN";"UOP01-DEL01-RN"
373868;2021-07-30;"sexta-feira";"16:10:00";"MG";116;704;"MURIAE";"Condutor deixou de manter distância do veículo da frente";"Colisão traseira";"Com Vítimas Feridas";"Pleno dia";"Crescente";"Céu Claro";"Simples";"Reta";"Sim";2;0;1;0;1;0;1;2;-21,12682309;-42,3832189;"SPRF-MG";"DEL07-MG";"UOP02-DEL07-MG"
373869;2021-07-06;"terça-feira";"17:20:00";"RJ";40;113;"DUQUE DE CAXIAS";"Mal súbito do condutor";"Colisão lateral mesmo sentido";"Com Vítimas Feridas";"Anoitecer";"Crescente";"Céu Claro";"Múltipla";"Reta";"Sim";1;0;1;0;0;0;1;1;-22,708;-43,29;"SPRF-RJ";"DEL01-RJ";"UOP01-DEL01-RJ"
373871;2021-07-30;"sexta-feira";"18:40:00";"RN";304;296;"MACAIBA";"Ingestão de álcool pelo condutor";"Colisão traseira";"Sem Vítimas";"Plena Noite";"Crescente";"Nublado";"Simples";"Reta";"Sim";3;0;0;0;3;0;0;3;-5,86484905;-35,34931012;"SPRF-RN";"DEL01-RN";"UOP02-DEL01-RN"
373873;2021-07-30;"sexta-feira";"18:10:00";"RN";101;80;"NATAL";"Condutor deixou de manter distância do veículo da frente";"Colisão traseira";"Com Vítimas Feridas";"Plena Noite";"Decrescente";"Céu Claro";"Dupla";"Reta";"Não";2;0;1;0;1;0;1;2;-5,75852229;-35,28806121;"SPRF-RN";"DEL02-RN";"UOP01-DEL02-RN"
373874;2021-07-30;"sexta-feira";"18:45:00";"SC";101;203,2;"SAO JOSE";"Desrespeitar a preferência no cruzamento";"Atropelamento de Pedestre";"Com Vítimas Feridas";"Anoitecer";"Decrescente";"Céu Claro";"Dupla";"Reta";"Sim";2;0;0;1;1;0;1;2;-27,5650044;-48,61460082;"SPRF-SC";"DEL01-SC";"UOP01-DEL01-SC"
373876;2021-07-30;"sexta-feira";"18:30:00";"RS";116;241;"NOVO HAMBURGO";"Manobra de mudança de faixa";"Colisão lateral mesmo sentido";"Com Vítimas Feridas";"Plena Noite";"Crescente";"Céu Claro";"Dupla";"Reta";"Sim";2;0;1;0;1;0;1;2;-29,71396796;-51,1476744;"SPRF-RS";"DEL01-RS";"UOP02-DEL01-RS"
373877;2021-07-30;"sexta-feira";"17:50:00";"RJ";116;300;"RESENDE";"Reação tardia ou ineficiente do condutor";"Engavetamento";"Com Vítimas Feridas";"Plena Noite";"Crescente";"Céu Claro";"Dupla";"Reta";"Sim";4;0;1;0;3;0;1;3;-22,45213964;-44,38688457;"SPRF-RJ";"DEL07-RJ";"UOP02-DEL07-RJ"
373878;2021-07-30;"sexta-feira";"16:10:00";"MG";40;552;"NOVA LIMA";"Ultrapassagem Indevida";"Colisão lateral mesmo sentido";"Com Vítimas Feridas";"Anoitecer";"Crescente";"Céu Claro";"Simples";"Interseção de Vias";"Sim";2;0;0;1;1;0;1;2;-20,07214172;-43,98373431;"SPRF-MG";"DEL01-MG";"UOP02-DEL01-MG"
373880;2021-07-30;"sexta-feira";"18:40:00";"PB";101;83;"BAYEUX";"Manobra de mudança de faixa";"Colisão traseira";"Com Vítimas Feridas";"Plena Noite";"Crescente";"Nublado";"Dupla";"Reta";"Sim";3;0;2;0;1;0;2;2;-7,1337703;-34,92963914;"SPRF-PB";"DEL01-PB";"UOP01-DEL01-PB"
373882;2021-07-30;"sexta-feira";"17:55:00";"RJ";116;135,8;"MAGE";"Manobra de mudança de faixa";"Colisão com objeto";"Com Vítimas Feridas";"Plena Noite";"Crescente";"Nublado";"Dupla";"Reta";"Sim";1;0;1;0;0;0;1;1;-22,646603;-43,21318;"SPRF-RJ";"DEL04-RJ";"UOP02-DEL04-RJ"
373883;2021-07-30;"sexta-feira";"18:50:00";"CE";222;7,6;"CAUCAIA";"Pista esburacada";"Colisão lateral mesmo sentido";"Com Vítimas Feridas";"Plena Noite";"Crescente";"Céu Claro";"Dupla";"Reta";"Não";2;0;1;0;1;0;1;2;-3,7495132;-38,6299559;"SPRF-CE";"DEL01-CE";"UOP01-DEL01-CE"
373884;2021-07-30;"sexta-feira";"18:50:00";"BA";235;351,4;"JUAZEIRO";"Reação tardia ou ineficiente do condutor";"Colisão lateral sentido oposto";"Com Vítimas Feridas";"Plena Noite";"Crescente";"Céu Claro";"Simples";"Reta";"Sim";2;0;1;0;1;0;1;2;-9,41740208;-40,50702672;"SPRF-PE";"DEL06-PE";"UOP01-DEL06-PE"
373885;2021-07-30;"sexta-feira";"19:10:00";"PB";230;16,5;"JOAO PESSOA";"Ausência de reação do condutor";"Colisão traseira";"Sem Vítimas";"Plena Noite";"Crescente";"Chuva";"Dupla";"Reta";"Sim";2;0;0;0;2;0;0;2;-7,1039;-34,8458;"SPRF-PB";"DEL01-PB";"UOP01-DEL01-PB"
373886;2021-07-30;"sexta-feira";"19:45:00";"DF";40;5;"BRASILIA";"Ingestão de álcool pelo condutor";"Colisão traseira";"Sem Vítimas";"Plena Noite";"Crescente";"Céu Claro";"Dupla";"Reta";"Sim";2;0;0;0;2;0;0;2;-16,020903;-47,980541;"SPRF-DF";"DEL01-DF";"UOP01-DEL01-DF"
373889;2021-07-30;"sexta-feira";"19:20:00";"SC";280;54,9;"GUARAMIRIM";"Pedestre cruzava a pista fora da faixa";"Atropelamento de Pedestre";"Com Vítimas Feridas";"Plena Noite";"Decrescente";"Céu Claro";"Dupla";"Reta";"Sim";2;0;0;1;1;0;1;2;-26,47539893;-48,983748;"SPRF-SC";"DEL03-SC";"UOP03-DEL03-SC"
373890;2021-07-30;"sexta-feira";"12:00:00";"PB";361;27,2;"SANTA TERESINHA";"Demais falhas mecânicas ou elétricas";"Eventos atípicos";"Com Vítimas Feridas";"Pleno dia";"Crescente";"Céu Claro";"Simples";"Reta";"Não";1;0;1;0;0;0;1;1;-7,08925322;-37,48316813;"SPRF-PB";"DEL03-PB";"UOP01-DEL03-PB"
373891;2021-07-30;"sexta-feira";"19:30:00";"RS";285;293,2;"PASSO FUNDO";"Desrespeitar a preferência no cruzamento";"Colisão transversal";"Sem Vítimas";"Plena Noite";"Crescente";"Céu Claro";"Dupla";"Interseção de Vias";"Sim";2;0;0;0;2;0;0;2;-28,236645;-52,375156;"SPRF-RS";"DEL08-RS";"UOP03-DEL08-RS"
373892;2021-07-30;"sexta-feira";"19:20:00";"BA";235;350,6;"JUAZEIRO";"Desrespeitar a preferência no cruzamento";"Colisão transversal";"Com Vítimas Feridas";"Plena Noite";"Crescente";"Céu Claro";"Simples";"Rotatória";"Sim";3;0;2;0;1;0;2;2;-9,42503135;-40,50388907;"SPRF-PE";"DEL06-PE";"UOP01-DEL06-PE"
373894;2021-07-30;"sexta-feira";"19:35:00";"SC";101;113,3;"ITAJAI";"Reação tardia ou ineficiente do condutor";"Queda de ocupante de veículo";"Com Vítimas Feridas";"Plena Noite";"Decrescente";"Céu Claro";"Múltipla";"Reta";"Não";1;0;1;0;0;0;1;1;-26,85311393;-48,72689927;"SPRF-SC";"DEL04-SC";"UOP04-DEL04-SC"
373896;2021-07-30;"sexta-feira";"20:20:00";"RJ";393;107;"SAPUCAIA";"Conversão proibida";"Colisão transversal";"Com Vítimas Feridas";"Plena Noite";"Crescente";"Céu Claro";"Simples";"Reta";"Sim";2;0;1;0;0;1;1;2;-21,894087;-42,711505;"SPRF-RJ";"DEL05-RJ";"UOP01-DEL05-RJ"
373897;2021-07-30;"sexta-feira";"19:40:00";"RS";116;230;"DOIS IRMAOS";"Área urbana sem a presença de local apropriado para a travessia de pedestres";"Atropelamento de Pedestre";"Com Vítimas Fatais";"Plena Noite";"Crescente";"Céu Claro";"Simples";"Reta";"Sim";2;1;0;0;1;0;0;2;-29,62133813;-51,12780875;"SPRF-RS";"DEL01-RS";"UOP02-DEL01-RS"
373898;2021-07-30;"sexta-feira";"19:00:00";"GO";153;498,7;"GOIANIA";"Manobra de mudança de faixa";"Colisão lateral mesmo sentido";"Sem Vítimas";"Plena Noite";"Crescente";"Céu Claro";"Dupla";"Declive";"Sim";2;0;0;0;2;0;0;2;-16,6939;-49,2321;"SPRF-GO";"DEL01-GO";"UOP01-DEL01-GO"
373899;2021-07-30;"sexta-feira";"19:10:00";"MS";359;527,6;"LADARIO";"Velocidade Incompatível";"Colisão com objeto";"Com Vítimas Fatais";"Plena Noite";"Crescente";"Céu Claro";"Simples";"Interseção de Vias";"Sim";1;1;0;0;0;0;0;1;-19,073044;-57,621261;"SPRF-MS";"DEL03-MS";"UOP03-DEL03-MS"
373900;2021-07-30;"sexta-feira";"19:30:00";"MS";163;273;"DOURADOS";"Reação tardia ou ineficiente do condutor";"Saída de leito carroçável";"Com Vítimas Feridas";"Plena Noite";"Crescente";"Céu Claro";"Dupla";"Reta";"Não";1;0;1;0;0;0;1;1;-22,175527;-54,667455;"SPRF-MS";"DEL04-MS";"UOP01-DEL04-MS"
373901;2021-07-30;"sexta-feira";"19:30:00";"SP";116;157;"SAO JOSE DOS CAMPOS";"Condutor deixou de manter distância do veículo da frente";"Engavetamento";"Com Vítimas Feridas";"Plena Noite";"Crescente";"Céu Claro";"Múltipla";"Reta";"Sim";3;0;1;0;2;0;1;3;-23,25558031;-45,9437828;"SPRF-SP";"DEL02-SP";"UOP01-DEL02-SP"
373902;2021-07-30;"sexta-feira";"20:50:00";"SC";101;416;"ARARANGUA";"Desrespeitar a preferência no cruzamento";"Colisão frontal";"Com Vítimas Feridas";"Plena Noite";"Decrescente";"Céu Claro";"Simples";"Interseção de Vias;Reta";"Sim";2;0;0;1;1;0;1;2;-28,96708874;-49,52338825;"SPRF-SC";"DEL02-SC";"UOP02-DEL02-SC"
373903;2021-07-30;"sexta-feira";"19:35:00";"RN";101;99;"NATAL";"Condutor deixou de manter distância do veículo da frente";"Colisão traseira";"Sem Vítimas";"Plena Noite";"Crescente";"Céu Claro";"Múltipla";"Curva";"Sim";3;0;0;0;2;1;0;3;-5,87359183;-35,22063023;"SPRF-RN";"DEL01-RN";"UOP01-DEL01-RN"
373904;2021-07-30;"sexta-feira";"20:00:00";"ES";101;79,2;"SAO MATEUS";"Mal súbito do condutor";"Colisão com objeto";"Sem Vítimas";"Plena Noite";"Crescente";"Céu Claro";"Simples";"Ponte";"Não";1;0;0;0;1;0;0;1;-18,81417602;-39,90121797;"SPRF-ES";"DEL04-ES";"UOP02-DEL04-ES"
373905;2021-07-30;"sexta-feira";"19:50:00";"MT";163;768;"SORRISO";"Acessar a via sem observar a presença dos outros veículos";"Colisão transversal";"Com Vítimas Feridas";"Plena Noite";"Crescente";"Céu Claro";"Simples";"Retorno Regulamentado";"Não";2;0;1;0;1;0;1;2;-12,53807594;-55,70640432;"SPRF-MT";"DEL06-MT";"UOP01-DEL06-MT"
373906;2021-07-30;"sexta-feira";"19:20:00";"RJ";101;303;"SAO GONCALO";"Reação tardia ou ineficiente do condutor";"Colisão traseira";"Com Vítimas Feridas";"Plena Noite";"Decrescente";"Nublado";"Dupla";"Reta";"Sim";2;0;0;1;1;0;1;2;-22,7828205;-42,9766681;"SPRF-RJ";"DEL02-RJ";"UOP02-DEL02-RJ"
373907;2021-07-30;"sexta-feira";"18:40:00";"RS";472;435;"ITAQUI";"Demais falhas mecânicas ou elétricas";"Incêndio";"Sem Vítimas";"Plena Noite";"Decrescente";"Céu Claro";"Simples";"Reta";"Não";1;0;0;0;1;0;0;1;-28,92163128;-56,09910965;"SPRF-RS";"DEL12-RS";"UOP01-DEL12-RS"
373908;2021-07-30;"sexta-feira";"20:40:00";"PR";277;75;"SAO JOSE DOS PINHAIS";"Ausência de reação do condutor";"Colisão lateral mesmo sentido";"Com Vítimas Feridas";"Plena Noite";"Crescente";"Céu Claro";"Dupla";"Reta";"Sim";2;0;1;0;1;0;1;2;-25,495737;-49,168208;"SPRF-PR";"DEL01-PR";"UOP01-DEL01-PR"
373909;2021-07-30;"sexta-feira";"19:50:00";"RN";427;55,8;"JARDIM DO SERIDO";"Entrada inopinada do pedestre";"Atropelamento de Pedestre";"Com Vítimas Feridas";"Plena Noite";"Decrescente";"Céu Claro";"Simples";"Reta";"Sim";2;0;1;1;0;0;2;2;-6,59042026;-36,77155697;"SPRF-RN";"DEL03-RN";"UOP01-DEL03-RN"
373911;2021-07-30;"sexta-feira";"18:00:00";"SC";470;63;"BLUMENAU";"Demais falhas mecânicas ou elétricas";"Incêndio";"Sem Vítimas";"Plena Noite";"Crescente";"Céu Claro";"Simples";"Reta";"Não";2;0;0;0;2;0;0;1;-26,872396;-49,19228;"SPRF-SC";"DEL04-SC";"UOP01-DEL04-SC"
373912;2021-07-30;"sexta-feira";"18:15:00";"SC";470;70;"INDAIAL";"Retorno proibido";"Colisão lateral mesmo sentido";"Com Vítimas Feridas";"Plena Noite";"Decrescente";"Nublado";"Simples";"Reta";"Não";2;0;1;0;1;0;1;2;-26,889374;-49,254478;"SPRF-SC";"DEL04-SC";"UOP01-DEL04-SC"
373915;2021-07-30;"sexta-feira";"21:30:00";"GO";20;196;"SIMOLANDIA";"Iluminação deficiente";"Colisão com objeto";"Com Vítimas Feridas";"Plena Noite";"Decrescente";"Céu Claro";"Simples";"Reta;Declive";"Não";1;0;0;1;0;0;1;1;-14,347785;-46,439873;"SPRF-DF";"DEL02-DF";"UOP03-DEL02-DF"