"id";"data_inversa";"dia_semana";"horario";"uf";"br";"km";"municipio";"causa_acidente";"tipo_acidente";"classificacao_acidente";"fase_dia";"sentido_via";"condicao_metereologica";"tipo_pista";"tracado_via";"uso_solo";"pessoas";"mortos";"feridos_leves";"feridos_graves";"ilesos";"ignorados";"feridos";"veiculos";"latitude";"longitude";"regional";"delegacia";"uop"
374028;2021-07-10;"sábado";"13:00:00";"SC";101;135;"BALNEARIO CAMBORIU";"Manobra de mudança de faixa";"Colisão lateral mesmo sentido";"Com Vítimas Feridas";"Pleno dia";"Crescente";"Sol";"Múltipla";"Reta";"Sim";2;0;1;0;1;0;1;2;-27,0050108;-48,62677494;"SPRF-SC";"DEL04-SC";"UOP03-DEL04-SC"
374029;2021-07-31;"sábado";"12:40:00";"SP";153;54,4;"SAO JOSE DO RIO PRETO";"Avarias e/ou desgaste excessivo no pneu";"Tombamento";"Com Vítimas Feridas";"Pleno dia";"Crescente";"Céu Claro";"Dupla";"Declive";"Sim";2;0;1;1;0;0;2;1;-20,74488916;-49,33894564;"SPRF-SP";"DEL09-SP";"UOP01-DEL09-SP"
374030;2021-07-31;"sábado";"13:30:00";"GO";153;503;"GOIANIA";"Acumulo de areia ou detritos sobre o pavimento";"Queda de ocupante de veículo";"Com Vítimas Feridas";"Pleno dia";"Decrescente";"Céu Claro";"Simples";"Curva";"Sim";1;0;1;0;0;0;1;1;-16,7366;-49,243;"SPRF-GO";"DEL01-GO";"UOP01-DEL01-GO"
374032;2021-07-31;"sábado";"12:50:00";"MS";463;105;"PONTA PORA";"Ausência de reação do condutor";"Colisão traseira";"Com Vítimas Feridas";"Pleno dia";"Crescente";"Céu Claro";"Simples";"Reta";"Sim";2;0;1;0;1;0;1;2;-22,60240524;-55,6579092;"SPRF-MS";"DEL04-MS";"UOP03-DEL04-MS"
374033;2021-07-31;"sábado";"11:30:00";"SP";116;173;"JACAREI";"Ausência de reação do condutor";"Colisão com objeto";"Sem Vítimas";"Pleno dia";"Crescente";"Céu Claro";"Dupla";"Reta";"Não";1;0;0;0;1;0;0;1;-23,31710055;-46,08178719;"SPRF-SP";"DEL02-SP";"UOP01-DEL02-SP"
374034;2021-07-31;"sábado";"11:05:00";"RJ";116;115;"MAGE";"Velocidade Incompatível";"Colisão traseira";"Com Vítimas Feridas";"Pleno dia";"Crescente";"Céu Claro";"Dupla";"Curva";"Não";3;0;2;0;1;0;2;2;-22,61971544;-43,04288864;"SPRF-RJ";"DEL04-RJ";"UOP02-DEL04-RJ"
374035;2021-07-11;"domingo";"03:15:00";"SC";101;135;"BALNEARIO CAMBORIU";"Ingestão de álcool pelo condutor";"Colisão traseira";"Com Vítimas Feridas";"Plena Noite";"Crescente";"Céu Claro";"Dupla";"Reta";"Sim";4;0;2;0;2;0;2;3;-27,0050108;-48,62677494;"SPRF-SC";"DEL04-SC";"UOP03-DEL04-SC"
374036;2021-07-31;"sábado";"14:15:00";"BA";135;193;"BARREIRAS";"Ingestão de álcool pelo condutor";"Colisão frontal";"Com Vítimas Feridas";"Pleno dia";"Crescente";"Céu Claro";"Simples";"Reta";"Não";4;0;0;4;0;0;4;2;-12,26441694;-45,02416645;"SPRF-BA";"DEL10-BA";"UOP01-DEL10-BA"
374038;2021-07-31;"sábado";"13:40:00";"MG";40;527;"CONTAGEM";"Pedestre cruzava a pista fora da faixa";"Atropelamento de Pedestre";"Com Vítimas Feridas";"Pleno dia";"Crescente";"Céu Claro";"Dupla";"Curva";"Sim";2;0;0;1;1;0;1;2;-19,90149502;-44,04938939;"SPRF-MG";"DEL01-MG";"UOP02-DEL01-MG"
374041;2021-07-31;"sábado";"14:00:00";"PR";153;477;"PORTO VITORIA";"Reação tardia ou ineficiente do condutor";"Atropelamento de Pedestre";"Com Vítimas Fatais";"Pleno dia";"Decrescente";"Céu Claro";"Simples";"Reta";"Não";2;1;1;0;0;0;1;2;-26,3133875;-51,2185366;"SPRF-PR";"DEL02-PR";"UOP03-DEL02-PR"
374042;2021-07-31;"sábado";"14:00:00";"MT";364;556;"ROSARIO OESTE";"Ingestão de álcool pelo condutor";"Queda de ocupante de veículo";"Com Vítimas Feridas";"Pleno dia";"Crescente";"Sol";"Dupla";"Reta";"Não";1;0;1;0;0;0;1;1;-14,80810606;-56,41299395;"SPRF-MT";"DEL01-MT";"UOP01-DEL01-MT"
374043;2021-07-31;"sábado";"14:05:00";"PB";101;46,6;"RIO TINTO";"Demais falhas mecânicas ou elétricas";"Capotamento";"Sem Vítimas";"Pleno dia";"Decrescente";"Céu Claro";"Dupla";"Reta";"Não";1;0;0;0;1;0;0;1;-6,89108414;-35,12591625;"SPRF-PB";"DEL01-PB";"UOP04-DEL01-PB"
374045;2021-07-31;"sábado";"15:00:00";"SC";101;289,5;"IMBITUBA";"Reação tardia ou ineficiente do condutor";"Colisão traseira";"Com Vítimas Fatais";"Pleno dia";"Decrescente";"Céu Claro";"Dupla";"Curva";"Não";4;1;0;1;1;1;1;3;-28,2778716;-48,70016098;"SPRF-SC";"DEL02-SC";"UOP03-DEL02-SC"
374046;2021-07-31;"sábado";"11:15:00";"MG";262;414,3;"PARA DE MINAS";"Condutor Dormindo";"Saída de leito carroçável";"Com Vítimas Feridas";"Pleno dia";"Crescente";"Céu Claro";"Dupla";"Reta";"Não";2;0;2;0;0;0;2;1;-19,90339593;-44,66308607;"SPRF-MG";"DEL08-MG";"UOP03-DEL08-MG"
374047;2021-07-31;"sábado";"15:18:00";"SC";101;112;"ITAJAI";"Ingestão de álcool pelo condutor";"Colisão traseira";"Com Vítimas Feridas";"Pleno dia";"Decrescente";"Céu Claro";"Dupla";"Reta";"Não";3;0;1;0;2;0;1;3;-26,84589005;-48,72131295;"SPRF-SC";"DEL04-SC";"UOP04-DEL04-SC"
374048;2021-07-31;"sábado";"15:00:00";"MS";262;488,2;"ANASTACIO";"Demais falhas na via";"Tombamento";"Com Vítimas Feridas";"Pleno dia";"Crescente";"Sol";"Simples";"Reta";"Sim";1;0;0;1;0;0;1;1;-20,50029059;-55,79656096;"SPRF-MS";"DEL03-MS";"UOP01-DEL03-MS"
374049;2021-07-31;"sábado";"15:00:00";"RJ";116;307;"RESENDE";"Reação tardia ou ineficiente do condutor";"Colisão traseira";"Com Vítimas Feridas";"Pleno dia";"Decrescente";"Céu Claro";"Dupla";"Reta";"Não";2;0;0;1;1;0;1;2;-22,46053292;-44,46613312;"SPRF-RJ";"DEL07-RJ";"UOP02-DEL07-RJ"
374051;2021-07-31;"sábado";"15:45:00";"PR";373;180,1;"PONTA GROSSA";"Manobra de mudança de faixa";"Colisão lateral mesmo sentido";"Com Vítimas Feridas";"Pleno dia";"Decrescente";"Céu Claro";"Dupla";"Interseção de Vias;Em Obras;Desvio Temporário;Reta";"Sim";2;0;1;0;1;0;1;2;-25,03983629;-50,24852895;"SPRF-PR";"DEL03-PR";"UOP01-DEL03-PR"
374052;2021-07-31;"sábado";"13:58:00";"RO";364;239;"CACOAL";"Conversão proibida";"Colisão lateral mesmo sentido";"Com Vítimas Feridas";"Pleno dia";"Decrescente";"Sol";"Simples";"Reta";"Sim";3;0;2;0;1;0;2;2;-11,43425083;-61,46267289;"SPRF-RO";"DEL02-RO";"UOP02-DEL02-RO"
374053;2021-07-31;"sábado";"12:45:00";"SP";116;228,5;"SAO PAULO";"Ausência de reação do condutor";"Eventos atípicos";"Com Vítimas Feridas";"Pleno dia";"Crescente";"Céu Claro";"Múltipla";"Reta";"Sim";1;0;1;0;0;0;1;1;-23,50343484;-46,56638712;"SPRF-SP";"DEL01-SP";"UOP01-DEL01-SP"
374054;2021-07-31;"sábado";"16:00:00";"SP";116;226,5;"GUARULHOS";"Demais falhas mecânicas ou elétricas";"Incêndio";"Sem Vítimas";"Pleno dia";"Decrescente";"Céu Claro";"Múltipla";"Reta";"Sim";2;0;0;0;2;0;0;1;-23,49102507;-46,54878195;"SPRF-SP";"DEL01-SP";"UOP01-DEL01-SP"
374055;2021-07-31;"sábado";"15:30:00";"PE";101;47;"IGARASSU";"Ingestão de álcool pelo condutor";"Saída de leito carroçável";"Com Vítimas Feridas";"Pleno dia";"Decrescente";"Céu Claro";"Dupla";"Reta";"Sim";1;0;1;0;0;0;1;1;-7,88290701;-34,90461208;"SPRF-PE";"DEL01-PE";"UOP02-DEL01-PE"
374056;2021-07-31;"sábado";"15:24:00";"SP";381;90;"GUARULHOS";"Manobra de mudança de faixa";"Colisão traseira";"Sem Vítimas";"Pleno dia";"Crescente";"Céu Claro";"Dupla";"Reta";"Não";4;0;0;0;4;0;0;2;-23,49479479;-46,55959864;"SPRF-SP";"DEL03-SP";"UOP01-DEL03-SP"
374057;2021-07-31;"sábado";"16:30:00";"DF";80;18;"BRASILIA";"Acessar a via sem observar a presença dos outros veículos";"Colisão lateral mesmo sentido";"Sem Vítimas";"Pleno dia";"Decrescente";"Céu Claro";"Dupla";"Reta";"Sim";5;0;0;0;5;0;0;2;-15,684259;-48,205139;"SPRF-DF";"DEL03-DF";"UOP02-DEL03-DF"
374059;2021-07-31;"sábado";"15:50:00";"PA";316;27,4;"BENEVIDES";"Manobra de mudança de faixa";"Colisão lateral mesmo sentido";"Com Vítimas Feridas";"Pleno dia";"Crescente";"Nublado";"Dupla";"Reta";"Sim";3;0;1;0;1;1;1;3;-1,31824794;-48,22663008;"SPRF-PA";"DEL01-PA";"UOP01-DEL01-PA"
374060;2021-07-31;"sábado";"16:15:00";"RS";116;186,1;"NOVA PETROPOLIS";"Mal súbito do condutor";"Saída de leito carroçável";"Com Vítimas Feridas";"Pleno dia";"Crescente";"Céu Claro";"Simples";"Declive";"Não";1;0;1;0;0;0;1;1;-29,39850319;-51,12755022;"SPRF-RS";"DEL05-RS";"UOP02-DEL05-RS"
374061;2021-07-31;"sábado";"16:00:00";"RJ";116;167;"SAO JOAO DE MERITI";"Demais falhas mecânicas ou elétricas";"Colisão com objeto";"Com Vítimas Feridas";"Pleno dia";"Decrescente";"Céu Claro";"Múltipla";"Reta";"Não";1;0;1;0;0;0;1;1;-22,81803977;-43,30787252;"SPRF-RJ";"DEL01-RJ";"UOP01-DEL01-RJ"
374063;2021-07-31;"sábado";"16:30:00";"MA";135;16,5;"SAO LUIS";"Reação tardia ou ineficiente do condutor";"Colisão traseira";"Sem Vítimas";"Pleno dia";"Crescente";"Céu Claro";"Dupla";"Retorno Regulamentado";"Sim";4;0;0;0;4;0;0;2;-2,70264079;-44,31049629;"SPRF-MA";"DEL01-MA";"UOP01-DEL01-MA"
374064;2021-07-31;"sábado";"16:20:00";"SC";282;259,8;"SAO JOSE DO CERRITO";"Ingestão de álcool pelo condutor";"Colisão transversal";"Com Vítimas Feridas";"Pleno dia";"Crescente";"Céu Claro";"Simples";"Interseção de Vias";"Não";3;0;0;1;2;0;1;2;-27,64990779;-50,59417118;"SPRF-SC";"DEL05-SC";"UOP02-DEL05-SC"
374065;2021-07-31;"sábado";"12:30:00";"SP";381;70;"MAIRIPORA";"Mal súbito do condutor";"Colisão com objeto";"Com Vítimas Feridas";"Pleno dia";"Crescente";"Sol";"Múltipla";"Reta";"Não";1;0;1;0;0;0;1;1;-23,34972978;-46,56070474;"SPRF-SP";"DEL03-SP";"UOP01-DEL03-SP"
374067;2021-07-31;"sábado";"17:15:00";"SC";101;399,7;"MARACAJA";"Ingestão de álcool pelo condutor";"Colisão frontal";"Com Vítimas Feridas";"Anoitecer";"Decrescente";"Nublado";"Simples";"Curva";"Sim";2;0;0;1;1;0;1;2;-28,84171475;-49,42814418;"SPRF-SC";"DEL02-SC";"UOP02-DEL02-SC"
374070;2021-07-31;"sábado";"16:00:00";"MG";262;15,3;"MARTINS SOARES";"Condutor deixou de manter distância do veículo da frente";"Colisão traseira";"Com Vítimas Feridas";"Pleno dia";"Crescente";"Sol";"Simples";"Curva";"Sim";2;0;1;0;1;0;1;2;-20,26054008;-41,87631604;"SPRF-MG";"DEL06-MG";"UOP03-DEL06-MG"
374071;2021-07-31;"sábado";"17:40:00";"SC";470;8,5;"NAVEGANTES";"Transitar na contramão";"Colisão frontal";"Com Vítimas Feridas";"Anoitecer";"Crescente";"Céu Claro";"Simples";"Reta";"Não";4;0;3;0;1;0;3;2;-26,83688;-48,718853;"SPRF-SC";"DEL04-SC";"UOP04-DEL04-SC"
374074;2021-07-31;"sábado";"16:50:00";"RJ";101;309;"SAO GONCALO";"Reação tardia ou ineficiente do condutor";"Colisão com objeto";"Sem Vítimas";"Pleno dia";"Decrescente";"Céu Claro";"Dupla";"Reta";"Sim";2;0;0;0;2;0;0;1;-22,79498873;-43,03446105;"SPRF-RJ";"DEL02-RJ";"UOP02-DEL02-RJ"
374075;2021-07-31;"sábado";"18:00:00";"GO";70;8;"AGUAS LINDAS DE GOIAS";"Ingestão de álcool pelo condutor";"Colisão traseira";"Com Vítimas Feridas";"Anoitecer";"Decrescente";"Céu Claro";"Dupla";"Reta";"Sim";2;0;1;0;1;0;1;2;-15,73577412;-48,27758431;"SPRF-DF";"DEL03-DF";"UOP02-DEL03-DF"
374076;2021-07-31;"sábado";"18:30:00";"MG";267;60,5;"BICAS";"Transitar na contramão";"Colisão frontal";"Com Vítimas Fatais";"Plena Noite";"Crescente";"Céu Claro";"Simples";"Declive;Curva";"Não";3;1;1;0;1;0;1;3;-21,72932823;-43,05146694;"SPRF-MG";"DEL07-MG";"UOP01-DEL07-MG"
374077;2021-07-31;"sábado";"18:40:00";"PR";277;712;"SANTA TEREZINHA DE ITAIPU";"Ausência de reação do condutor";"Colisão com objeto";"Sem Vítimas";"Plena Noite";"Crescente";"Ignorado";"Dupla";"Reta;Em Obras;Retorno Regulamentado";"Não";2;0;0;0;2;0;0;1;-25,45780735;-54,43119986;"SPRF-PR";"DEL05-PR";"UOP01-DEL05-PR"
374078;2021-07-31;"sábado";"17:15:00";"ES";262;27,3;"VIANA";"Velocidade Incompatível";"Colisão lateral sentido oposto";"Com Vítimas Feridas";"Pleno dia";"Crescente";"Chuva";"Simples";"Curva";"Não";4;0;2;0;2;0;2;4;-20,38398959;-40,55226465;"SPRF-ES";"DEL01-ES";"UOP01-DEL01-ES"
374079;2021-07-31;"sábado";"18:25:00";"SE";101;85;"NOSSA SENHORA DO SOCORRO";"Pista esburacada";"Saída de leito carroçável";"Com Vítimas Feridas";"Plena Noite";"Crescente";"Chuva";"Dupla";"Reta";"Não";1;0;0;1;0;0;1;1;-10,84356101;-37,13696712;"SPRF-SE";"DEL01-SE";"UOP01-DEL01-SE"
374084;2021-07-31;"sábado";"15:00:00";"PI";343;559;"AMARANTE";"Velocidade Incompatível";"Colisão com objeto";"Com Vítimas Feridas";"Pleno dia";"Crescente";"Céu Claro";"Simples";"Curva";"Não";3;0;2;0;1;0;2;1;-6,652987;-42,882874;"SPRF-PI";"DEL03-PI";"UOP01-DEL03-PI"
374085;2021-07-31;"sábado";"19:30:00";"SC";101;205,3;"SAO JOSE";"Chuva";"Saída de leito carroçável";"Com Vítimas Feridas";"Plena Noite";"Crescente";"Garoa/Chuvisco";"Múltipla";"Curva";"Sim";1;0;1;0;0;0;1;1;-27,58313237;-48,61532885;"SPRF-SC";"DEL01-SC";"UOP01-DEL01-SC"
374087;2021-07-31;"sábado";"18:40:00";"PE";232;79,5;"GRAVATA";"Ausência de reação do condutor";"Colisão lateral sentido oposto";"Com Vítimas Feridas";"Plena Noite";"Crescente";"Nublado";"Simples";"Reta";"Sim";2;0;1;0;1;0;1;2;-8,19460572;-35,56074803;"SPRF-PE";"DEL02-PE";"UOP02-DEL02PE"
374088;2021-07-31;"sábado";"19:00:00";"RJ";116;144;"DUQUE DE CAXIAS";"Acumulo de óleo sobre o pavimento";"Tombamento";"Com Vítimas Feridas";"Plena Noite";"Decrescente";"Garoa/Chuvisco";"Dupla";"Curva";"Não";1;0;1;0;0;0;1;1;-22,67230269;-43,28282196;"SPRF-RJ";"DEL01-RJ";"UOP01-DEL01-RJ"
374089;2021-07-31;"sábado";"19:30:00";"SC";280;20,6;"ARAQUARI";"Acessar a via sem observar a presença dos outros veículos";"Colisão transversal";"Sem Vítimas";"Plena Noite";"Crescente";"Nublado";"Simples";"Reta";"Sim";2;0;0;0;2;0;0;2;-26,36990477;-48,68224301;"SPRF-SC";"DEL03-SC";"UOP03-DEL03-SC"
374090;2021-07-31;"sábado";"19:00:00";"PI";222;67,8;"PIRIPIRI";"Ingestão de álcool pelo condutor";"Queda de ocupante de veículo";"Com Vítimas Feridas";"Plena Noite";"Crescente";"Céu Claro";"Simples";"Reta";"Não";1;0;1;0;0;0;1;1;-4,2395321;-41,70672489;"SPRF-PI";"DEL02-PI";"UOP01-DEL02-PI"
374091;2021-07-31;"sábado";"13:00:00";"MG";50;69;"UBERLANDIA";"Condutor deixou de manter distância do veículo da frente";"Colisão traseira";"Sem Vítimas";"Pleno dia";"Decrescente";"Céu Claro";"Dupla";"Reta";"Sim";2;0;0;0;2;0;0;2;-18,85140204;-48,25345932;"SPRF-MG";"DEL15-MG";"UOP01-DEL15-MG"
374093;2021-07-31;"sábado";"19:25:00";"RS";293;26,7;"CAPAO DO LEAO";"Pedestre andava na pista";"Atropelamento de Pedestre";"Com Vítimas Feridas";"Plena Noite";"Decrescente";"Céu Claro";"Simples";"Ponte";"Não";2;0;1;0;1;0;1;2;-31,72936678;-52,58232197;"SPRF-RS";"DEL07-RS";"UOP01-DEL07-RS"
374094;2021-07-31;"sábado";"19:15:00";"SP";116;214;"GUARULHOS";"Entrada inopinada do pedestre";"Atropelamento de Pedestre";"Com Vítimas Fatais";"Plena Noite";"Decrescente";"Nublado";"Dupla";"Reta";"Sim";2;1;0;0;1;0;0;2;-23,44333014;-46,44531294;"SPRF-SP";"DEL01-SP";"UOP01-DEL01-SP"
374095;2021-07-31;"sábado";"18:20:00";"PR";277;529,4;"GUARANIACU";"Ultrapassagem Indevida";"Colisão frontal";"Com Vítimas Feridas";"Anoitecer";"Crescente";"Nublado";"Simples";"Reta";"Não";4;0;0;2;0;2;2;3;-25,09392595;-52,95797467;"SPRF-PR";"DEL04-PR";"UOP01-DEL04-PR"
374096;2021-07-31;"sábado";"20:00:00";"MG";381;497;"BETIM";"Demais falhas na via";"Tombamento";"Com Vítimas Feridas";"Plena Noite";"Decrescente";"Céu Claro";"Múltipla";"Retorno Regulamentado";"Sim";1;0;1;0;0;0;1;1;-19,98754573;-44,2017746;"SPRF-MG";"DEL01-MG";"UOP03-DEL01-MG"
374100;2021-07-31;"sábado";"20:14:00";"BA";324;603;"SIMOES FILHO";"Ingestão de álcool pelo condutor";"Saída de leito carroçável";"Sem Vítimas";"Plena Noite";"Crescente";"Céu Claro";"Dupla";"Reta";"Não";1;0;0;0;1;0;0;1;-12,77190917;-38,41991733;"SPRF-BA";"DEL01-BA";"UOP01-DEL01-BA"
374101;2021-07-31;"sábado";"18:25:00";"PR";153;30;"SANTO ANTONIO DA PLATINA";"Objeto estático sobre o leito carroçável";"Saída de leito carroçável";"Com Vítimas Feridas";"Anoitecer";"Crescente";"Céu Claro";"Simples";"Reta";"Não";1;0;1;0;0;0;1;1;-23,2245288;-50,02364874;"SPRF-PR";"DEL07-PR";"UOP04-DEL07-PR"
374102;2021-07-31;"sábado";"19:20:00";"SC";470;32,7;"GASPAR";"Reação tardia ou ineficiente do condutor";"Saída de leito carroçável";"Sem Vítimas";"Plena Noite";"Crescente";"Céu Claro";"Dupla";"Reta";"Sim";1;0;0;0;1;0;0;1;-26,901793;-48,931812;"SPRF-SC";"DEL04-SC";"UOP01-DEL04-SC"
374104;2021-07-31;"sábado";"19:25:00";"BA";324;0;"FEIRA DE SANTANA";"Manobra de mudança de faixa";"Colisão lateral mesmo sentido";"Com Vítimas Feridas";"Plena Noite";"Decrescente";"Garoa/Chuvisco";"Dupla";"Reta";"Não";2;0;1;0;1;0;1;2;-12,27041858;-38,93491463;"SPRF-BA";"DEL02-BA";"UOP01-DEL02-BA"
374106;2021-07-31;"sábado";"19:10:00";"GO";153;420;"ANAPOLIS";"Pedestre andava na pista";"Atropelamento de Pedestre";"Com Vítimas Feridas";"Plena Noite";"Crescente";"Céu Claro";"Simples";"Reta";"Não";2;0;1;0;1;0;1;2;-16,1777;-49,042828;"SPRF-GO";"DEL02-GO";"UOP01-DEL02-GO"
374107;2021-07-31;"sábado";"19:30:00";"PR";277;120;"CAMPO LARGO";"Ingestão de álcool pelo condutor";"Colisão traseira";"Sem Vítimas";"Plena Noite";"Crescente";"Nublado";"Dupla";"Reta";"Não";2;0;0;0;2;0;0;2;-25,43651772;-49,44346612;"SPRF-PR";"DEL01-PR";"UOP03-DEL03-PR"
374108;2021-07-31;"sábado";"19:50:00";"ES";101;208;"JOAO NEIVA";"Conversão proibida";"Colisão transversal";"Sem Vítimas";"Plena Noite";"Crescente";"Nublado";"Simples";"Curva";"Não";2;0;0;0;2;0;0;2;-19,780796;-40,37160598;"SPRF-ES";"DEL02-ES";"UOP01-DEL02-ES"
374110;2021-07-31;"sábado";"19:30:00";"SC";101;449,9;"SANTA ROSA DO SUL";"Reação tardia ou ineficiente do condutor";"Colisão traseira";"Com Vítimas Feridas";"Plena Noite";"Crescente";"Ignorado";"Dupla";"Reta";"Não";3;0;1;0;2;0;1;2;-29,17532785;-49,75247473;"SPRF-SC";"DEL02-SC";"UOP02-DEL02-SC"
374112;2021-07-31;"sábado";"19:20:00";"RO";364;13,6;"VILHENA";"Mal súbito do condutor";"Tombamento";"Com Vítimas Feridas";"Plena Noite";"Decrescente";"Céu Claro";"Simples";"Reta";"Sim";1;0;1;0;0;0;1;1;-12,74140004;-60,13026401;"SPRF-RO";"DEL04-RO";"UOP01-DEL04-RO"
374113;2021-07-31;"sábado";"20:29:00";"SP";153;57,3;"SAO JOSE DO RIO PRETO";"Velocidade Incompatível";"Colisão com objeto";"Com Vítimas Feridas";"Plena Noite";"Crescente";"Céu Claro";"Dupla";"Desvio Temporário";"Sim";1;0;1;0;0;0;1;1;-20,76991095;-49,34982212;"SPRF-SP";"DEL09-SP";"UOP01-DEL09-SP"
374114;2021-07-31;"sábado";"19:30:00";"PR";369;154;"LONDRINA";"Ingestão de álcool pelo condutor";"Colisão traseira";"Com Vítimas Feridas";"Plena Noite";"Decrescente";"Céu Claro";"Dupla";"Reta";"Sim";5;0;2;0;3;0;2;3;-23,29737372;-51,20155156;"SPRF-PR";"DEL07-PR";"UOP01-DEL07-PR"
374117;2021-07-31;"sábado";"20:00:00";"SP";116;147,4;"SAO JOSE DOS CAMPOS";"Ingestão de álcool pelo condutor";"Colisão transversal";"Sem Vítimas";"Plena Noite";"Crescente";"Céu Claro";"Dupla";"Interseção de Vias";"Não";2;0;0;0;1;1;0;2;-23,19542994;-45,87176303;"SPRF-SP";"DEL02-SP";"UOP01-DEL02-SP"
374118;2021-07-31;"sábado";"21:00:00";"CE";116;541,8;"PENAFORTE";"Iluminação deficiente";"Colisão traseira";"Com Vítimas Fatais";"Plena Noite";"Decrescente";"Céu Claro";"Simples";"Reta";"Não";2;1;0;0;0;1;0;2;-7,77028401;-39,06799897;"SPRF-CE";"DEL05-CE";"UOP03-DEL05-CE"
374120;2021-07-31;"sábado";"20:45:00";"SC";116;191,7;"SAO CRISTOVAO DO SUL";"Velocidade Incompatível";"Capotamento";"Sem Vítimas";"Plena Noite";"Crescente";"Nublado";"Simples";"Curva";"Não";1;0;0;0;1;0;0;1;-27,3544891;-50,43527167;"SPRF-SC";"DEL05-SC";"UOP03-DEL05-SC"
374121;2021-07-08;"quinta-feira";"08:50:00";"SC";282;4,2;"FLORIANOPOLIS";"Condutor deixou de manter distância do veículo da frente";"Colisão traseira";"Com Vítimas Feridas";"Pleno dia";"Decrescente";"Céu Claro";"Múltipla";"Reta";"Sim";2;0;0;1;1;0;1;2;-27,592646;-48,604034;"SPRF-SC";"DEL01-SC";"UOP01-DEL01-SC"
374123;2021-07-31;"sábado";"20:35:00";"MS";163;10;"MUNDO NOVO";"Ingestão de álcool pelo condutor";"Saída de leito carroçável";"Com Vítimas Feridas";"Plena Noite";"Decrescente";"Garoa/Chuvisco";"Simples";"Curva";"Não";4;0;2;1;1;0;3;1;-23,97757201;-54,3310675;"SPRF-MS";"DEL09-MS";"UOP02-DEL09-MS"
374124;2021-07-31;"sábado";"17:40:00";"PR";277;113;"CAMPO LARGO";"Velocidade Incompatível";"Tombamento";"Com Vítimas Feridas";"Anoitecer";"Crescente";"Céu Claro";"Dupla";"Reta";"Não";1;0;0;1;0;0;1;1;-25,42970087;-49,37850986;"SPRF-PR";"DEL01-PR";"UOP03-DEL03-PR"
374125;2021-07-31;"sábado";"20:00:00";"MT";364;56,3;"ALTO GARCAS";"Pedestre cruzava a pista fora da faixa";"Atropelamento de Pedestre";"Com Vítimas Feridas";"Plena Noite";"Crescente";"Céu Claro";"Simples";"Reta";"Sim";2;0;0;2;0;0;2;2;-16,95268297;-53,52608392;"SPRF-MT";"DEL02-MT";"UOP02-DEL02-MT"
374126;2021-07-31;"sábado";"19:50:00";"MG";262;75,6;"MATIPO";"Reação tardia ou ineficiente do condutor";"Colisão traseira";"Sem Vítimas";"Plena Noite";"Decrescente";"Céu Claro";"Simples";"Reta";"Não";4;0;0;0;4;0;0;2;-20,32380719;-42,3388569;"SPRF-MG";"DEL03-MG";"UOP03-DEL03-MG"
374127;2021-07-31;"sábado";"21:40:00";"AL";104;36;"UNIAO DOS PALMARES";"Ingestão de álcool pelo condutor";"Colisão com objeto";"Com Vítimas Feridas";"Plena Noite";"Crescente";"Chuva";"Simples";"Reta";"Sim";1;0;1;0;0;0;1;1;-9,16859247;-36,02287647;"SPRF-AL";"DEL01-AL";"UOP02-DEL01-AL"
374128;2021-07-31;"sábado";"22:20:00";"RN";101;115,6;"SAO JOSE DE MIPIBU";"Manobra de mudança de faixa";"Colisão lateral mesmo sentido";"Sem Vítimas";"Plena Noite";"Crescente";"Céu Claro";"Dupla";"Reta";"Não";2;0;0;0;1;1;0;2;-5,99096804;-35,26381408;"SPRF-RN";"DEL01-RN";"UOP01-DEL01-RN"
374129;2021-07-31;"sábado";"19:10:00";"MA";222;211;"ITAPECURU MIRIM";"Ultrapassagem Indevida";"Colisão frontal";"Com Vítimas Fatais";"Plena Noite";"Decrescente";"Céu Claro";"Simples";"Reta";"Não";3;1;2;0;0;0;2;2;-3,37443223;-44,38362915;"SPRF-MA";"DEL01-MA";"UOP02-DEL01-MA"
374130;2021-07-31;"sábado";"21:30:00";"MG";40;548;"NOVA LIMA";"Ausência de reação do condutor";"Colisão traseira";"Sem Vítimas";"Plena Noite";"Crescente";"Ignorado";"Dupla";"Aclive";"Não";2;0;0;0;0;2;0;2;-20,03136499;-43,96967792;"SPRF-MG";"DEL01-MG";"UOP02-DEL01-MG"
374133;2021-07-31;"sábado";"22:00:00";"CE";20;264;"ITATIRA";"Pedestre cruzava a pista fora da faixa";"Atropelamento de Pedestre";"Com Vítimas Fatais";"Plena Noite";"Decrescente";"Céu Claro";"Simples";"Reta";"Sim";2;1;0;0;1;0;0;2;-4,69167223;-39,43446893;"SPRF-CE";"DEL02-CE";"UOP01-DEL02-CE"
374134;2021-07-31;"sábado";"19:40:00";"PI";343;596;"FLORIANO";"Animais na Pista";"Atropelamento de Animal";"Com Vítimas Fatais";"Plena Noite";"Crescente";"Céu Claro";"Simples";"Reta";"Sim";1;1;0;0;0;0;0;1;-6,805063;-43,0508;"SPRF-PI";"DEL03-PI";"UOP01-DEL03-PI"
374135;2021-07-31;"sábado";"21:40:00";"CE";116;3,2;"FORTALEZA";"Desrespeitar a preferência no cruzamento";"Colisão transversal";"Sem Vítimas";"Plena Noite";"Crescente";"Céu Claro";"Múltipla";"Declive;Viaduto";"Sim";2;0;0;0;1;1;0;2;-3,7791559;-38,51490324;"SPRF-CE";"DEL01-CE";"UOP02-DEL01-CE"
374138;2021-07-31;"sábado";"19:10:00";"RS";471;541,9;"RIO GRANDE";"Velocidade Incompatível";"Saída de leito carroçável";"Com Vítimas Feridas";"Plena Noite";"Crescente";"Nevoeiro/Neblina";"Simples";"Reta";"Não";1;0;0;1;0;0;1;1;-32,61148536;-52,57284164;"SPRF-RS";"DEL07-RS";"UOP02-DEL07-RS"