"id";"data_inversa";"dia_semana";"horario";"uf";"br";"km";"municipio";"causa_acidente";"tipo_acidente";"classificacao_acidente";"fase_dia";"sentido_via";"condicao_metereologica";"tipo_pista";"tracado_via";"uso_solo";"pessoas";"mortos";"feridos_leves";"feridos_graves";"ilesos";"ignorados";"feridos";"veiculos";"latitude";"longitude";"regional";"delegacia";"uop"
374254;2021-08-01;"domingo";"12:40:00";"ES";101;146,7;"LINHARES";"Mal súbito do condutor";"Tombamento";"Com Vítimas Feridas";"Pleno dia";"Decrescente";"Céu Claro";"Simples";"Reta";"Sim";1;0;1;0;0;0;1;1;-19,36990998;-40,06560718;"SPRF-ES";"DEL04-ES";"UOP01-DEL04-ES"
374255;2021-08-01;"domingo";"12:30:00";"RN";101;96,2;"NATAL";"Condutor deixou de manter distância do veículo da frente";"Colisão traseira";"Com Vítimas Feridas";"Pleno dia";"Decrescente";"Céu Claro";"Dupla";"Interseção de Vias";"Sim";3;0;2;0;1;0;2;2;-5,84949622;-35,20890752;"SPRF-RN";"DEL01-RN";"UOP01-DEL01-RN"
374256;2021-08-01;"domingo";"12:50:00";"MG";381;431;"CAETE";"Velocidade Incompatível";"Saída de leito carroçável";"Com Vítimas Feridas";"Pleno dia";"Crescente";"Céu Claro";"Simples";"Curva";"Não";3;0;1;2;0;0;3;1;-19,78831547;-43,73175712;"SPRF-MG";"DEL01-MG";"UOP01-DEL01-MG"
374257;2021-08-01;"domingo";"13:05:00";"PR";476;292,5;"SAO MATEUS DO SUL";"Avarias e/ou desgaste excessivo no pneu";"Capotamento";"Com Vítimas Feridas";"Pleno dia";"Crescente";"Céu Claro";"Simples";"Reta";"Não";2;0;2;0;0;0;2;1;-25,94556;-50,497391;"SPRF-PR";"DEL02-PR";"UOP04-DEL02-PR"
374259;2021-08-01;"domingo";"13:00:00";"SP";381;58;"MAIRIPORA";"Trafegar com motocicleta (ou similar) entre as faixas";"Colisão lateral mesmo sentido";"Com Vítimas Feridas";"Pleno dia";"Crescente";"Céu Claro";"Múltipla";"Reta;Aclive";"Não";3;0;0;1;1;1;1;3;-23,27438497;-46,58530615;"SPRF-SP";"DEL03-SP";"UOP01-DEL03-SP"
374260;2021-08-01;"domingo";"13:20:00";"PR";469;21;"FOZ DO IGUACU";"Problema com o freio";"Atropelamento de Pedestre";"Com Vítimas Feridas";"Pleno dia";"Crescente";"Céu Claro";"Simples";"Declive";"Sim";2;0;1;0;1;0;1;2;-25,6114;-54,4861;"SPRF-PR";"DEL05-PR";"UOP04-DEL05-PR"
374262;2021-08-01;"domingo";"12:55:00";"MG";267;11,5;"LEOPOLDINA";"Demais falhas mecânicas ou elétricas";"Saída de leito carroçável";"Com Vítimas Feridas";"Pleno dia";"Decrescente";"Nublado";"Simples";"Reta";"Não";1;0;1;0;0;0;1;1;-21,56999426;-42,70830382;"SPRF-MG";"DEL07-MG";"UOP01-DEL07-MG"
374263;2021-08-01;"domingo";"11:10:00";"SC";101;374,4;"ICARA";"Avarias e/ou desgaste excessivo no pneu";"Capotamento";"Com Vítimas Feridas";"Pleno dia";"Decrescente";"Céu Claro";"Dupla";"Reta";"Não";1;0;1;0;0;0;1;1;-28,727773;-49,240589;"SPRF-SC";"DEL02-SC";"UOP01-DEL02-SC"
374264;2021-08-01;"domingo";"10:55:00";"AC";364;122;"RIO BRANCO";"Problema com o freio";"Tombamento";"Com Vítimas Feridas";"Pleno dia";"Crescente";"Sol";"Dupla";"Reta";"Sim";1;0;1;0;0;0;1;1;-10,01188291;-67,773345;"SPRF-AC";"DEL01-AC";"UOP01-DEL01-AC"
374265;2021-08-01;"domingo";"14:20:00";"PB";230;19;"JOAO PESSOA";"Transitar no acostamento";"Colisão com objeto";"Com Vítimas Feridas";"Pleno dia";"Decrescente";"Céu Claro";"Dupla";"Reta";"Não";7;0;2;0;4;1;2;4;-7,1281;-34,8466;"SPRF-PB";"DEL01-PB";"UOP01-DEL01-PB"
374269;2021-08-01;"domingo";"14:30:00";"SC";470;57,5;"BLUMENAU";"Ausência de reação do condutor";"Colisão traseira";"Com Vítimas Feridas";"Pleno dia";"Decrescente";"Nublado";"Simples";"Ponte";"Não";3;0;0;1;2;0;1;3;-26,880428;-49,136532;"SPRF-SC";"DEL04-SC";"UOP01-DEL04-SC"
374271;2021-08-01;"domingo";"12:50:00";"PE";232;39;"VITORIA DE SANTO ANTAO";"Velocidade Incompatível";"Colisão traseira";"Com Vítimas Feridas";"Pleno dia";"Crescente";"Chuva";"Dupla";"Reta";"Não";4;0;1;0;2;1;1;4;-8,11725249;-35,2270359;"SPRF-PE";"DEL01-PE";"UOP01-DEL01-PE"
374272;2021-08-01;"domingo";"15:15:00";"RN";226;25,7;"MACAIBA";"Mal súbito do condutor";"Colisão traseira";"Com Vítimas Feridas";"Pleno dia";"Decrescente";"Céu Claro";"Simples";"Reta";"Não";3;0;0;1;2;0;1;3;-5,86903218;-35,42242494;"SPRF-RN";"DEL01-RN";"UOP02-DEL01-RN"
374273;2021-08-01;"domingo";"15:00:00";"RS";116;264;"CANOAS";"Reação tardia ou ineficiente do condutor";"Colisão traseira";"Com Vítimas Feridas";"Pleno dia";"Crescente";"Céu Claro";"Dupla";"Reta";"Sim";3;0;0;1;2;0;1;3;-29,914435;-51,17754495;"SPRF-RS";"DEL01-RS";"UOP01-DEL01-RS"
374274;2021-08-01;"domingo";"15:00:00";"PR";277;594;"CASCAVEL";"Pedestre andava na pista";"Atropelamento de Pedestre";"Com Vítimas Feridas";"Pleno dia";"Crescente";"Nublado";"Simples";"Reta";"Sim";2;0;1;0;0;1;1;2;-24,9794792;-53,49232599;"SPRF-PR";"DEL04-PR";"UOP01-DEL04-PR"
374275;2021-07-21;"quarta-feira";"20:10:00";"AL";104;84,7;"RIO LARGO";"Pedestre andava na pista";"Atropelamento de Pedestre";"Com Vítimas Fatais";"Plena Noite";"Decrescente";"Ignorado";"Dupla";"Reta";"Não";2;1;0;0;0;1;0;2;-9,45007991;-35,83193975;"SPRF-AL";"DEL01-AL";"UOP01-DEL01-AL"
374276;2021-07-31;"sábado";"23:00:00";"PR";277;83;"CURITIBA";"Velocidade Incompatível";"Saída de leito carroçável";"Sem Vítimas";"Plena Noite";"Crescente";"Céu Claro";"Dupla";"Reta";"Sim";1;0;0;0;1;0;0;1;-25,45400085;-49,22578007;"SPRF-PR";"DEL01-PR";"UOP01-DEL01-PR"
374277;2021-08-01;"domingo";"15:00:00";"MG";50;104,9;"UBERLANDIA";"Demais falhas mecânicas ou elétricas";"Colisão com objeto";"Com Vítimas Feridas";"Pleno dia";"Decrescente";"Céu Claro";"Dupla";"Reta";"Não";3;0;1;0;2;0;1;2;-19,17105604;-48,16028013;"SPRF-MG";"DEL13-MG";"UOP01-DEL13-MG"
374278;2021-08-01;"domingo";"16:00:00";"PR";476;174;"CONTENDA";"Condutor deixou de manter distância do veículo da frente";"Colisão traseira";"Sem Vítimas";"Pleno dia";"Crescente";"Céu Claro";"Simples";"Reta";"Não";2;0;0;0;2;0;0;2;-25,685408;-49,535042;"SPRF-PR";"DEL01-PR";"UOP03-DEL01-PR"
374279;2021-08-01;"domingo";"15:25:00";"SC";101;409,9;"ARARANGUA";"Ingestão de álcool pelo condutor";"Colisão traseira";"Sem Vítimas";"Pleno dia";"Crescente";"Sol";"Simples";"Rotatória";"Sim";2;0;0;0;2;0;0;2;-28,91482796;-49,48625305;"SPRF-SC";"DEL02-SC";"UOP02-DEL02-SC"
374281;2021-08-01;"domingo";"14:15:00";"BA";30;679;"UBAITABA";"Velocidade Incompatível";"Colisão com objeto";"Com Vítimas Feridas";"Pleno dia";"Crescente";"Céu Claro";"Simples";"Curva";"Sim";4;0;3;1;0;0;4;1;-14,3128744;-39,30650711;"SPRF-BA";"DEL08-BA";"UOP01-DEL08-BA"
374283;2021-08-01;"domingo";"16:50:00";"MG";262;35,5;"MANHUACU";"Ultrapassagem Indevida";"Colisão lateral mesmo sentido";"Com Vítimas Feridas";"Pleno dia";"Decrescente";"Céu Claro";"Simples";"Reta";"Não";3;0;1;0;1;1;1;2;-20,2592562;-42,01698194;"SPRF-MG";"DEL06-MG";"UOP03-DEL06-MG"
374285;2021-08-01;"domingo";"16:35:00";"CE";20;398,2;"CAUCAIA";"Transitar na contramão";"Colisão transversal";"Com Vítimas Feridas";"Pleno dia";"Decrescente";"Céu Claro";"Simples";"Reta";"Não";3;0;1;2;0;0;3;2;-3,8094938;-38,73009916;"SPRF-CE";"DEL01-CE";"UOP01-DEL01-CE"
374286;2021-08-01;"domingo";"16:50:00";"SC";101;209;"SAO JOSE";"Condutor deixou de manter distância do veículo da frente";"Colisão lateral mesmo sentido";"Com Vítimas Feridas";"Pleno dia";"Decrescente";"Céu Claro";"Dupla";"Em Obras";"Sim";3;0;2;0;0;1;2;2;-27,61000542;-48,63895057;"SPRF-SC";"DEL01-SC";"UOP01-DEL01-SC"
374287;2021-08-01;"domingo";"16:40:00";"ES";101;114;"SOORETAMA";"Reação tardia ou ineficiente do condutor";"Saída de leito carroçável";"Com Vítimas Feridas";"Pleno dia";"Decrescente";"Céu Claro";"Simples";"Reta";"Não";1;0;1;0;0;0;1;1;-19,09484877;-40,05095848;"SPRF-ES";"DEL04-ES";"UOP01-DEL04-ES"
374288;2021-08-01;"domingo";"16:47:00";"MA";316;569,1;"CAXIAS";"Condutor Dormindo";"Colisão frontal";"Com Vítimas Fatais";"Pleno dia";"Crescente";"Céu Claro";"Simples";"Reta";"Não";2;1;0;0;1;0;0;2;-4,91437905;-43,21738243;"SPRF-MA";"DEL03-MA";"UOP02-DEL03-MA"
374289;2021-08-01;"domingo";"16:00:00";"PB";230;11,5;"CABEDELO";"Ingestão de álcool pelo condutor";"Saída de leito carroçável";"Sem Vítimas";"Anoitecer";"Crescente";"Céu Claro";"Dupla";"Retorno Regulamentado";"Sim";1;0;0;0;0;1;0;1;-7,0596;-34,8506;"SPRF-PB";"DEL01-PB";"UOP01-DEL01-PB"
374291;2021-08-01;"domingo";"17:20:00";"PR";369;115,9;"URAI";"Ingestão de álcool pelo condutor";"Tombamento";"Com Vítimas Feridas";"Pleno dia";"Crescente";"Céu Claro";"Simples";"Em Obras";"Não";1;0;0;1;0;0;1;1;-23,278717;-50,860529;"SPRF-PR";"DEL07-PR";"UOP01-DEL07-PR"
374293;2021-08-01;"domingo";"16:00:00";"MT";163;761;"SORRISO";"Ingestão de álcool pelo condutor";"Queda de ocupante de veículo";"Com Vítimas Feridas";"Pleno dia";"Decrescente";"Céu Claro";"Simples";"Reta";"Não";1;0;1;0;0;0;1;1;-12,479427;-55,677157;"SPRF-MT";"DEL06-MT";"UOP01-DEL06-MT"
374295;2021-08-01;"domingo";"17:50:00";"RS";116;300;"GUAIBA";"Ingestão de álcool pelo condutor";"Saída de leito carroçável";"Sem Vítimas";"Pleno dia";"Decrescente";"Céu Claro";"Dupla";"Reta;Declive";"Sim";2;0;0;0;2;0;0;1;-30,12368942;-51,34922543;"SPRF-RS";"DEL02-RS";"UOP01-DEL02-RS"
374296;2021-08-01;"domingo";"17:10:00";"PR";277;13;"PARANAGUA";"Manobra de mudança de faixa";"Colisão lateral mesmo sentido";"Com Vítimas Feridas";"Pleno dia";"Crescente";"Céu Claro";"Dupla";"Reta";"Não";2;0;1;0;1;0;1;1;-25,568198;-48,615292;"SPRF-PR";"DEL01-PR";"UOP05-DEL01-PR"
374297;2021-08-01;"domingo";"18:00:00";"SP";116;215,6;"GUARULHOS";"Animais na Pista";"Atropelamento de Animal";"Com Vítimas Feridas";"Anoitecer";"Decrescente";"Céu Claro";"Múltipla";"Reta";"Sim";2;0;2;0;0;0;2;1;-23,44695693;-46,45394103;"SPRF-SP";"DEL01-SP";"UOP01-DEL01-SP"
374298;2021-08-01;"domingo";"18:00:00";"SP";116;124;"CACAPAVA";"Manobra de mudança de faixa";"Queda de ocupante de veículo";"Com Vítimas Feridas";"Anoitecer";"Decrescente";"Céu Claro";"Dupla";"Reta";"Não";3;0;1;0;0;2;1;3;-23,093116;-45,677904;"SPRF-SP";"DEL02-SP";"UOP02-DEL02-SP"
374299;2021-08-01;"domingo";"18:05:00";"MG";381;478,5;"CONTAGEM";"Ingestão de álcool pelo condutor";"Colisão traseira";"Com Vítimas Feridas";"Plena Noite";"Decrescente";"Céu Claro";"Dupla";"Declive";"Sim";4;0;3;0;1;0;3;2;-19,95826094;-44,05921101;"SPRF-MG";"DEL01-MG";"UOP03-DEL01-MG"
374300;2021-08-01;"domingo";"17:45:00";"CE";116;47;"PACAJUS";"Acessar a via sem observar a presença dos outros veículos";"Colisão lateral mesmo sentido";"Com Vítimas Feridas";"Plena Noite";"Crescente";"Céu Claro";"Múltipla";"Reta";"Sim";2;0;2;0;0;0;2;2;-4,14746618;-38,47778184;"SPRF-CE";"DEL01-CE";"UOP02-DEL01-CE"
374301;2021-08-01;"domingo";"15:45:00";"RJ";101;403;"ITAGUAI";"Reação tardia ou ineficiente do condutor";"Colisão traseira";"Com Vítimas Feridas";"Pleno dia";"Decrescente";"Céu Claro";"Dupla";"Reta";"Sim";2;0;1;0;1;0;1;2;-22,85924449;-43,79010059;"SPRF-RJ";"DEL03-RJ";"UOP01-DEL03-RJ"
374304;2021-08-01;"domingo";"18:50:00";"RS";290;213,6;"PANTANO GRANDE";"Ingestão de álcool e/ou substâncias psicoativas pelo pedestre";"Atropelamento de Pedestre";"Com Vítimas Feridas";"Plena Noite";"Decrescente";"Céu Claro";"Simples";"Reta";"Sim";2;0;1;0;1;0;1;2;-30,18753976;-52,36128375;"SPRF-RS";"DEL02-RS";"UOP03-DEL02-RS"
374307;2021-08-01;"domingo";"18:35:00";"MG";381;503,6;"BETIM";"Velocidade Incompatível";"Saída de leito carroçável";"Com Vítimas Feridas";"Anoitecer";"Crescente";"Céu Claro";"Dupla";"Reta";"Sim";1;0;1;0;0;0;1;1;-20,03855134;-44,25495493;"SPRF-MG";"DEL01-MG";"UOP03-DEL01-MG"
374308;2021-08-01;"domingo";"18:40:00";"MG";262;428,6;"SAO GONCALO DO PARA";"Ingestão de álcool pelo condutor";"Saída de leito carroçável";"Sem Vítimas";"Plena Noite";"Decrescente";"Céu Claro";"Dupla";"Aclive";"Não";1;0;0;0;1;0;0;1;-19,88673132;-44,78673594;"SPRF-MG";"DEL08-MG";"UOP03-DEL08-MG"
374310;2021-08-01;"domingo";"18:50:00";"RS";116;303;"GUAIBA";"Acessar a via sem observar a presença dos outros veículos";"Colisão transversal";"Com Vítimas Feridas";"Plena Noite";"Crescente";"Céu Claro";"Simples";"Reta";"Não";3;0;1;0;2;0;1;2;-30,14752169;-51,36494646;"SPRF-RS";"DEL02-RS";"UOP01-DEL02-RS"
374311;2021-08-01;"domingo";"18:30:00";"RJ";101;236,9;"SILVA JARDIM";"Velocidade Incompatível";"Colisão frontal";"Com Vítimas Feridas";"Plena Noite";"Crescente";"Céu Claro";"Dupla";"Em Obras";"Não";2;0;0;1;0;1;1;2;-22,61013794;-42,40427401;"SPRF-RJ";"DEL02-RJ";"UOP03-DEL02-RJ"
374312;2021-08-01;"domingo";"19:25:00";"ES";101;141;"LINHARES";"Condutor deixou de manter distância do veículo da frente";"Colisão traseira";"Sem Vítimas";"Plena Noite";"Crescente";"Nublado";"Múltipla";"Reta";"Não";2;0;0;0;2;0;0;2;-19,32655693;-40,07192387;"SPRF-ES";"DEL04-ES";"UOP01-DEL04-ES"
374313;2021-08-01;"domingo";"19:15:00";"RS";392;347;"SANTA MARIA";"Ingestão de álcool pelo condutor";"Colisão traseira";"Com Vítimas Feridas";"Plena Noite";"Decrescente";"Céu Claro";"Simples";"Reta";"Sim";3;0;1;0;2;0;1;2;-29,7672044;-53,78460115;"SPRF-RS";"DEL09-RS";"UOP01-DEL09-RS"
374315;2021-08-01;"domingo";"19:00:00";"RS";116;231;"IVOTI";"Reação tardia ou ineficiente do condutor";"Colisão transversal";"Com Vítimas Feridas";"Plena Noite";"Crescente";"Céu Claro";"Simples";"Interseção de Vias";"Sim";3;0;1;1;1;0;2;2;-29,62743221;-51,13858608;"SPRF-RS";"DEL01-RS";"UOP02-DEL01-RS"
374316;2021-08-01;"domingo";"19:10:00";"PR";476;273,9;"SAO MATEUS DO SUL";"Pedestre andava na pista";"Atropelamento de Pedestre";"Com Vítimas Feridas";"Plena Noite";"Crescente";"Nublado";"Simples";"Curva";"Sim";2;0;0;1;1;0;1;2;-25,8929324;-50,37806511;"SPRF-PR";"DEL02-PR";"UOP04-DEL02-PR"
374317;2021-08-01;"domingo";"19:20:00";"RS";386;323,5;"MARQUES DE SOUZA";"Transitar na contramão";"Colisão frontal";"Com Vítimas Fatais";"Plena Noite";"Crescente";"Céu Claro";"Simples";"Curva";"Não";3;1;0;0;2;0;0;2;-29,301931;-52,105778;"SPRF-RS";"DEL04-RS";"UOP01-DEL04-RS"
374319;2021-08-01;"domingo";"19:20:00";"SC";101;197,3;"BIGUACU";"Ingestão de álcool pelo condutor";"Colisão com objeto";"Sem Vítimas";"Plena Noite";"Decrescente";"Céu Claro";"Simples";"Viaduto";"Sim";1;0;0;0;1;0;0;1;-27,51844497;-48,63848496;"SPRF-SC";"DEL01-SC";"UOP01-DEL01-SC"
374321;2021-08-01;"domingo";"19:14:00";"PR";116;115;"CURITIBA";"Condutor deixou de manter distância do veículo da frente";"Engavetamento";"Sem Vítimas";"Plena Noite";"Decrescente";"Nublado";"Dupla";"Reta";"Sim";18;0;0;0;18;0;0;6;-25,55953326;-49,26560414;"SPRF-PR";"DEL01-PR";"UOP01-DEL01-PR"
374322;2021-08-01;"domingo";"18:49:00";"SP";381;43;"ATIBAIA";"Reação tardia ou ineficiente do condutor";"Queda de ocupante de veículo";"Com Vítimas Feridas";"Anoitecer";"Crescente";"Céu Claro";"Simples";"Curva";"Sim";1;0;0;1;0;0;1;1;-23,15597105;-46,5740155;"SPRF-SP";"DEL03-SP";"UOP01-DEL03-SP"
374323;2021-08-01;"domingo";"19:00:00";"RS";116;266;"CANOAS";"Ingestão de álcool pelo condutor";"Colisão lateral mesmo sentido";"Sem Vítimas";"Plena Noite";"Decrescente";"Céu Claro";"Simples";"Reta";"Sim";3;0;0;0;3;0;0;3;-29,93242399;-51,17742077;"SPRF-RS";"DEL01-RS";"UOP01-DEL01-RS"
374324;2021-08-01;"domingo";"19:15:00";"PE";101;72,1;"RECIFE";"Reação tardia ou ineficiente do condutor";"Saída de leito carroçável";"Com Vítimas Fatais";"Plena Noite";"Decrescente";"Nublado";"Dupla";"Interseção de Vias";"Sim";1;1;0;0;0;0;0;1;-8,09361441;-34,94754195;"SPRF-PE";"DEL01-PE";"UOP01-DEL01-PE"
374325;2021-08-01;"domingo";"19:00:00";"SP";153;57;"SAO JOSE DO RIO PRETO";"Ausência de reação do condutor";"Saída de leito carroçável";"Com Vítimas Feridas";"Plena Noite";"Crescente";"Céu Claro";"Dupla";"Curva;Declive;Desvio Temporário;Em Obras";"Sim";2;0;0;2;0;0;2;1;-20,76991095;-49,34982212;"SPRF-SP";"DEL09-SP";"UOP01-DEL09-SP"
374326;2021-08-01;"domingo";"19:25:00";"RJ";465;14;"SEROPEDICA";"Pedestre cruzava a pista fora da faixa";"Atropelamento de Pedestre";"Com Vítimas Feridas";"Plena Noite";"Crescente";"Céu Claro";"Simples";"Reta";"Sim";2;0;1;0;1;0;1;2;-22,804979;-43,638828;"SPRF-RJ";"DEL01-RJ";"UOP03-DEL01-RJ"
374327;2021-08-01;"domingo";"20:05:00";"DF";70;15,7;"BRASILIA";"Condutor Dormindo";"Capotamento";"Com Vítimas Feridas";"Plena Noite";"Crescente";"Céu Claro";"Dupla";"Rotatória";"Sim";1;0;1;0;0;0;1;1;-15,798888;-48,185043;"SPRF-DF";"DEL03-DF";"UOP02-DEL03-DF"
374328;2021-08-01;"domingo";"19:45:00";"PR";277;7;"PARANAGUA";"Velocidade Incompatível";"Saída de leito carroçável";"Sem Vítimas";"Plena Noite";"Crescente";"Garoa/Chuvisco";"Dupla";"Curva;Declive";"Não";1;0;0;0;1;0;0;1;-25,55986468;-48,58291626;"SPRF-PR";"DEL01-PR";"UOP05-DEL01-PR"
374329;2021-08-01;"domingo";"20:10:00";"GO";40;4;"VALPARAISO DE GOIAS";"Ingestão de álcool pelo condutor";"Colisão com objeto";"Com Vítimas Feridas";"Plena Noite";"Crescente";"Céu Claro";"Dupla";"Reta";"Sim";1;0;1;0;0;0;1;1;-16,09284133;-47,98239296;"SPRF-DF";"DEL01-DF";"UOP01-DEL01-DF"
374330;2021-08-01;"domingo";"17:40:00";"MS";163;488;"CAMPO GRANDE";"Ingestão de álcool pelo condutor";"Colisão traseira";"Com Vítimas Feridas";"Plena Noite";"Decrescente";"Céu Claro";"Simples";"Reta";"Não";2;0;1;0;1;0;1;2;-20,41637298;-54,54777596;"SPRF-MS";"DEL01-MS";"UOP02-DEL01-MS"
374331;2021-08-01;"domingo";"17:45:00";"PA";230;116;"MARABA";"Manobra de mudança de faixa";"Tombamento";"Com Vítimas Feridas";"Pleno dia";"Crescente";"Sol";"Dupla";"Reta";"Sim";1;0;1;0;0;0;1;1;-5,35947454;-49,08301084;"SPRF-PA";"DEL03-PA";"UOP01-DEL03-PA"
374332;2021-08-01;"domingo";"20:10:00";"BA";330;823;"JITAUNA";"Acessar a via sem observar a presença dos outros veículos";"Colisão frontal";"Com Vítimas Fatais";"Plena Noite";"Decrescente";"Chuva";"Simples";"Reta";"Não";2;1;0;0;1;0;0;2;-14,0400091;-39,82475607;"SPRF-BA";"DEL03-BA";"UOP01-DEL03-BA"
374333;2021-08-01;"domingo";"18:00:00";"MT";163;858;"SINOP";"Ultrapassagem Indevida";"Colisão frontal";"Com Vítimas Feridas";"Plena Noite";"Decrescente";"Céu Claro";"Simples";"Reta";"Não";5;0;2;2;0;1;4;3;-11,78595405;-55,47563583;"SPRF-MT";"DEL06-MT";"NPF/DEL06-MT"
374334;2021-08-01;"domingo";"19:30:00";"MG";381;505,5;"BETIM";"Manobra de mudança de faixa";"Colisão lateral mesmo sentido";"Com Vítimas Feridas";"Plena Noite";"Decrescente";"Céu Claro";"Dupla";"Reta";"Sim";3;0;1;0;2;0;1;2;-20,04478441;-44,27276484;"SPRF-MG";"DEL01-MG";"UOP03-DEL01-MG"
374335;2021-08-01;"domingo";"20:15:00";"PE";101;90,3;"JABOATAO DOS GUARARAPES";"Velocidade Incompatível";"Saída de leito carroçável";"Com Vítimas Feridas";"Plena Noite";"Crescente";"Nublado";"Dupla";"Reta";"Sim";1;0;1;0;0;0;1;1;-8,21612792;-34,98772817;"SPRF-PE";"DEL01-PE";"UOP01-DEL01-PE"
374336;2021-08-01;"domingo";"19:15:00";"BA";415;29;"ILHEUS";"Transitar na contramão";"Colisão transversal";"Com Vítimas Feridas";"Plena Noite";"Decrescente";"Céu Claro";"Simples";"Reta";"Não";2;0;0;1;1;0;1;2;-14,78567129;-39,22616959;"SPRF-BA";"DEL05-BA";"UOP01-DEL05-BA"
374337;2021-08-01;"domingo";"18:40:00";"RJ";101;304;"SAO GONCALO";"Área urbana sem a presença de local apropriado para a travessia de pedestres";"Atropelamento de Pedestre";"Com Vítimas Feridas";"Plena Noite";"Decrescente";"Céu Claro";"Dupla";"Reta";"Sim";2;0;2;0;0;0;2;2;-22,78491869;-42,98627706;"SPRF-RJ";"DEL02-RJ";"UOP02-DEL02-RJ"
374338;2021-08-01;"domingo";"19:00:00";"SP";116;230;"SAO PAULO";"Demais falhas mecânicas ou elétricas";"Incêndio";"Sem Vítimas";"Plena Noite";"Crescente";"Céu Claro";"Múltipla";"Reta";"Sim";1;0;0;0;0;1;0;1;-23,52251783;-46,5855702;"SPRF-SP";"DEL01-SP";"UOP01-DEL01-SP"
374339;2021-08-01;"domingo";"18:50:00";"RR";174;502;"BOA VISTA";"Reação tardia ou ineficiente do condutor";"Colisão traseira";"Com Vítimas Feridas";"Plena Noite";"Decrescente";"Ignorado";"Dupla";"Reta";"Sim";3;0;1;0;2;0;1;2;2,787376;-60,699524;"SPRF-RR";"DEL01-RR";"UOP01-DEL01-RR"
374341;2021-08-01;"domingo";"20:00:00";"SP";116;212;"GUARULHOS";"Reação tardia ou ineficiente do condutor";"Colisão traseira";"Sem Vítimas";"Plena Noite";"Crescente";"Céu Claro";"Simples";"Reta";"Não";2;0;0;0;2;0;0;2;-23,43608315;-46,42805094;"SPRF-SP";"DEL01-SP";"UOP01-DEL01-SP"
374342;2021-08-01;"domingo";"18:15:00";"MS";60;433;"SIDROLANDIA";"Ausência de reação do condutor";"Saída de leito carroçável";"Com Vítimas Feridas";"Plena Noite";"Decrescente";"Céu Claro";"Simples";"Curva";"Não";3;0;1;1;0;1;2;2;-20,98734834;-54,98485586;"SPRF-MS";"DEL01-MS";"UOP04-DEL01-MS"
374343;2021-08-01;"domingo";"20:47:00";"SP";116;269;"TABOAO DA SERRA";"Transitar na contramão";"Colisão frontal";"Com Vítimas Feridas";"Plena Noite";"Crescente";"Céu Claro";"Dupla";"Reta";"Sim";2;0;0;1;1;0;1;2;-23,61593059;-46,78826044;"SPRF-SP";"DEL04-SP";"UOP01-DEL04-SP"
374344;2021-08-01;"domingo";"19:50:00";"PI";343;592;"FLORIANO";"Acessar a via sem observar a presença dos outros veículos";"Colisão transversal";"Com Vítimas Feridas";"Plena Noite";"Crescente";"Céu Claro";"Dupla";"Interseção de Vias";"Sim";2;0;0;1;1;0;1;2;-6,777731;-43,031559;"SPRF-PI";"DEL03-PI";"UOP01-DEL03-PI"
374347;2021-08-01;"domingo";"20:45:00";"SC";470;18,7;"ILHOTA";"Sinalização mal posicionada";"Saída de leito carroçável";"Com Vítimas Feridas";"Plena Noite";"Crescente";"Nublado";"Simples";"Desvio Temporário";"Não";1;0;1;0;0;0;1;1;-26,855534;-48,808922;"SPRF-SC";"DEL04-SC";"UOP04-DEL04-SC"
374351;2021-08-01;"domingo";"21:15:00";"BA";242;3;"BARREIRAS";"Ingestão de álcool pelo condutor";"Saída de leito carroçável";"Com Vítimas Feridas";"Plena Noite";"Crescente";"Céu Claro";"Simples";"Reta";"Não";1;0;1;0;0;0;1;1;-12,114186;-44,956222;"SPRF-BA";"DEL10-BA";"UOP01-DEL10-BA"
374352;2021-08-01;"domingo";"21:00:00";"SE";101;93;"NOSSA SENHORA DO SOCORRO";"Animais na Pista";"Atropelamento de Animal";"Com Vítimas Feridas";"Plena Noite";"Crescente";"Nublado";"Dupla";"Retorno Regulamentado";"Sim";2;0;0;1;1;0;1;2;-10,90212319;-37,14494787;"SPRF-SE";"DEL01-SE";"UOP01-DEL01-SE"
374354;2021-08-01;"domingo";"21:00:00";"RS";290;81;"GRAVATAI";"Ingestão de álcool pelo condutor";"Saída de leito carroçável";"Sem Vítimas";"Plena Noite";"Decrescente";"Céu Claro";"Simples";"Curva";"Sim";1;0;0;0;1;0;0;1;-29,954445;-51,06881;"SPRF-RS";"DEL01-RS";"UOP01-DEL01-RS"
374355;2021-08-01;"domingo";"20:10:00";"MS";163;729;"COXIM";"Ingestão de álcool pelo condutor";"Saída de leito carroçável";"Com Vítimas Feridas";"Plena Noite";"Crescente";"Céu Claro";"Simples";"Reta";"Sim";2;0;1;0;1;0;1;1;-18,51465031;-54,73742723;"SPRF-MS";"DEL06-MS";"UOP01-DEL06-MS"
374356;2021-08-01;"domingo";"19:45:00";"MG";381;328;"NOVA ERA";"Ingestão de álcool pelo condutor";"Colisão traseira";"Sem Vítimas";"Plena Noite";"Crescente";"Céu Claro";"Dupla";"Reta";"Não";2;0;0;0;2;0;0;2;-19,83324687;-43,01902771;"SPRF-MG";"DEL03-MG";"UOP01-DEL03-MG"