"id";"data_inversa";"dia_semana";"horario";"uf";"br";"km";"municipio";"causa_acidente";"tipo_acidente";"classificacao_acidente";"fase_dia";"sentido_via";"condicao_metereologica";"tipo_pista";"tracado_via";"uso_solo";"pessoas";"mortos";"feridos_leves";"feridos_graves";"ilesos";"ignorados";"feridos";"veiculos";"latitude";"longitude";"regional";"delegacia";"uop"
374358;2021-08-01;"domingo";"21:00:00";"BA";116;13,2;"VITORIA DA CONQUISTA";"Ingestão de álcool pelo condutor";"Tombamento";"Com Vítimas Feridas";"Plena Noite";"Decrescente";"Garoa/Chuvisco";"Simples";"Reta";"Sim";3;0;1;0;2;0;1;3;-14,88490292;-40,87085724;"SPRF-BA";"DEL08-BA";"UOP01-DEL08-BA"
374359;2021-08-01;"domingo";"21:50:00";"RJ";116;57;"TERESOPOLIS";"Velocidade Incompatível";"Saída de leito carroçável";"Com Vítimas Feridas";"Plena Noite";"Decrescente";"Céu Claro";"Simples";"Reta";"Não";1;0;1;0;0;0;1;1;-22,21208668;-42,90068849;"SPRF-RJ";"DEL04-RJ";"UOP01-DEL04-RJ"
374362;2021-08-01;"domingo";"18:10:00";"PB";230;465,5;"SOUSA";"Ausência de reação do condutor";"Colisão traseira";"Com Vítimas Feridas";"Plena Noite";"Decrescente";"Céu Claro";"Simples";"Reta;Retorno Regulamentado";"Sim";2;0;0;1;0;1;1;2;-6,781302;-38,25983;"SPRF-PB";"DEL03-PB";"UOP03-DEL03-PB"
374363;2021-08-01;"domingo";"20:00:00";"MT";364;450;"VARZEA GRANDE";"Animais na Pista";"Atropelamento de Animal";"Com Vítimas Feridas";"Plena Noite";"Decrescente";"Céu Claro";"Simples";"Reta";"Não";2;0;1;0;0;1;1;2;-15,59527398;-56,22617299;"SPRF-MT";"DEL01-MT";"UOP02-DEL01-MT"
374364;2021-08-01;"domingo";"18:25:00";"BA";324;361;"CAPIM GROSSO";"Acessar a via sem observar a presença dos outros veículos";"Colisão traseira";"Com Vítimas Fatais";"Plena Noite";"Crescente";"Céu Claro";"Simples";"Reta";"Não";5;1;0;0;4;0;0;2;-11,39753448;-39,96099381;"SPRF-BA";"DEL04-BA";"UOP02-DEL04-BA"
374365;2021-08-01;"domingo";"01:00:00";"PI";235;430;"SANTA FILOMENA";"Animais na Pista";"Atropelamento de Animal";"Com Vítimas Feridas";"Plena Noite";"Crescente";"Céu Claro";"Simples";"Reta";"Não";2;0;2;0;0;0;2;1;-9,12413104;-45,91907501;"SPRF-PI";"DEL03-PI";"UOP02-DEL03-PI"
374366;2021-08-01;"domingo";"22:10:00";"DF";70;11;"BRASILIA";"Ingestão de álcool pelo condutor";"Colisão lateral mesmo sentido";"Com Vítimas Feridas";"Plena Noite";"Decrescente";"Céu Claro";"Dupla";"Reta";"Sim";2;0;1;0;1;0;1;2;-15,789762;-48,148727;"SPRF-DF";"DEL03-DF";"UOP02-DEL03-DF"
374367;2021-08-01;"domingo";"22:05:00";"RJ";40;104;"DUQUE DE CAXIAS";"Pedestre cruzava a pista fora da faixa";"Atropelamento de Pedestre";"Com Vítimas Feridas";"Plena Noite";"Decrescente";"Céu Claro";"Dupla";"Reta";"Não";2;0;0;1;1;0;1;2;-22,62897902;-43,28579508;"SPRF-RJ";"DEL01-RJ";"UOP01-DEL01-RJ"
374368;2021-08-01;"domingo";"19:00:00";"SC";282;474,8;"VARGEAO";"Ingestão de álcool pelo condutor";"Colisão traseira";"Com Vítimas Feridas";"Plena Noite";"Decrescente";"Céu Claro";"Simples";"Reta";"Não";2;0;1;0;1;0;1;2;-26,874346;-52,155285;"SPRF-SC";"DEL07-SC";"UOP01-DEL07-SC"
374369;2021-08-01;"domingo";"21:30:00";"GO";153;364;"JARAGUA";"Objeto estático sobre o leito carroçável";"Eventos atípicos";"Com Vítimas Fatais";"Plena Noite";"Crescente";"Céu Claro";"Simples";"Aclive";"Não";4;1;1;1;1;0;2;1;-15,782997;-49,303871;"SPRF-GO";"DEL02-GO";"UOP02-DEL02-GO"
374370;2021-08-01;"domingo";"20:45:00";"RJ";116;129;"MAGE";"Ausência de reação do condutor";"Saída de leito carroçável";"Com Vítimas Feridas";"Plena Noite";"Decrescente";"Céu Claro";"Dupla";"Reta";"Não";2;0;2;0;0;0;2;1;-22,66471224;-43,11056004;"SPRF-RJ";"DEL04-RJ";"UOP02-DEL04-RJ"
374371;2021-08-01;"domingo";"20:15:00";"PB";104;143,9;"QUEIMADAS";"Ingestão de álcool pelo condutor";"Colisão traseira";"Com Vítimas Feridas";"Plena Noite";"Decrescente";"Céu Claro";"Simples";"Reta";"Não";8;0;2;6;0;0;8;2;-7,40477903;-35,89667929;"SPRF-PB";"DEL02-PB";"UOP03-DEL02-PB"
374372;2021-08-01;"domingo";"21:30:00";"PB";230;6;"CABEDELO";"Ingestão de álcool e/ou substâncias psicoativas pelo pedestre";"Tombamento";"Com Vítimas Fatais";"Plena Noite";"Decrescente";"Nublado";"Dupla";"Viaduto";"Sim";2;1;0;0;1;0;0;2;-7,02;-34,8359;"SPRF-PB";"DEL01-PB";"UOP01-DEL01-PB"
374374;2021-08-01;"domingo";"18:00:00";"RO";364;503;"ARIQUEMES";"Ausência de reação do condutor";"Saída de leito carroçável";"Com Vítimas Feridas";"Pleno dia";"Decrescente";"Céu Claro";"Simples";"Declive";"Não";2;0;0;2;0;0;2;1;-10,01143817;-63,00101519;"SPRF-RO";"DEL03-RO";"UOP01-DEL03-RO"
374375;2021-08-01;"domingo";"18:50:00";"PR";376;179;"MARINGA";"Ausência de reação do condutor";"Colisão transversal";"Com Vítimas Feridas";"Plena Noite";"Decrescente";"Céu Claro";"Dupla";"Reta";"Sim";2;0;2;0;0;0;2;2;-23,42244278;-51,90360392;"SPRF-PR";"DEL09-PR";"UOP01-DEL09-PR"
374376;2021-08-01;"domingo";"21:28:00";"SC";470;70,3;"INDAIAL";"Velocidade Incompatível";"Colisão com objeto";"Com Vítimas Feridas";"Plena Noite";"Decrescente";"Nublado";"Dupla";"Em Obras;Viaduto;Declive;Desvio Temporário;Reta";"Sim";1;0;0;1;0;0;1;1;-26,889374;-49,254478;"SPRF-SC";"DEL04-SC";"UOP01-DEL04-SC"
374377;2021-08-01;"domingo";"19:00:00";"PR";376;6;"MANDAGUARI";"Reação tardia ou ineficiente do condutor";"Saída de leito carroçável";"Com Vítimas Feridas";"Plena Noite";"Crescente";"Céu Claro";"Simples";"Reta";"Sim";1;0;1;0;0;0;1;1;-23,547966;-51,671265;"SPRF-PR";"DEL09-PR";"UOP01-DEL09-PR"
374378;2021-08-01;"domingo";"22:30:00";"PR";158;539;"PATO BRANCO";"Transitar na contramão";"Colisão frontal";"Com Vítimas Feridas";"Plena Noite";"Decrescente";"Nublado";"Simples";"Aclive;Reta";"Sim";2;0;1;1;0;0;2;2;-26,26370834;-52,70772457;"SPRF-PR";"DEL02-PR";"UOP01-DEL02-PR"
374381;2021-08-01;"domingo";"20:45:00";"RO";364;691;"CANDEIAS DO JAMARI";"Demais falhas na via";"Queda de ocupante de veículo";"Sem Vítimas";"Plena Noite";"Crescente";"Céu Claro";"Simples";"Reta";"Sim";1;0;0;0;0;1;0;1;-8,7961943;-63,68738597;"SPRF-RO";"DEL01-RO";"UOP01-DEL01-RO"
374384;2021-08-01;"domingo";"23:00:00";"PR";476;138;"CURITIBA";"Ingestão de substâncias psicoativas pelo condutor";"Colisão traseira";"Sem Vítimas";"Plena Noite";"Crescente";"Céu Claro";"Múltipla";"Interseção de Vias";"Sim";5;0;0;0;4;1;0;2;-25,505564;-49,283417;"SPRF-PR";"DEL01-PR";"UOP03-DEL01-PR"
374385;2021-08-01;"domingo";"23:10:00";"RS";470;224;"GARIBALDI";"Velocidade Incompatível";"Colisão com objeto";"Sem Vítimas";"Plena Noite";"Crescente";"Céu Claro";"Dupla";"Reta";"Não";2;0;0;0;2;0;0;1;-29,21351804;-51,51780626;"SPRF-RS";"DEL06-RS";"UOP01-DEL06-RS"
374386;2021-08-01;"domingo";"22:20:00";"MG";40;281;"TRES MARIAS";"Ingestão de álcool e/ou substâncias psicoativas pelo pedestre";"Atropelamento de Pedestre";"Com Vítimas Feridas";"Plena Noite";"Decrescente";"Céu Claro";"Simples";"Reta";"Não";2;0;0;1;0;1;1;2;-18,24214561;-45,2080525;"SPRF-MG";"DEL14-MG";"UOP02-DEL14-MG"
374387;2021-08-01;"domingo";"16:45:00";"SC";280;163;"MAFRA";"Acessar a via sem observar a presença dos outros veículos";"Colisão transversal";"Com Vítimas Feridas";"Pleno dia";"Decrescente";"Sol";"Simples";"Reta";"Não";7;0;1;1;5;0;2;3;-26,19739326;-49,79756122;"SPRF-SC";"DEL06-SC";"UOP01-DEL06-SC"
374388;2021-08-01;"domingo";"23:30:00";"SE";235;55,6;"ITABAIANA";"Reação tardia ou ineficiente do condutor";"Colisão com objeto";"Com Vítimas Feridas";"Plena Noite";"Decrescente";"Nublado";"Simples";"Reta";"Não";2;0;1;0;1;0;1;1;-10,66534202;-37,44683504;"SPRF-SE";"DEL01-SE";"UOP02-DEL01-SE"
374390;2021-08-01;"domingo";"22:50:00";"SC";116;209,9;"PONTE ALTA";"Velocidade Incompatível";"Saída de leito carroçável";"Sem Vítimas";"Plena Noite";"Decrescente";"Céu Claro";"Simples";"Curva";"Não";1;0;0;0;0;1;0;1;-27,49607258;-50,37005465;"SPRF-SC";"DEL05-SC";"UOP03-DEL05-SC"
374391;2021-08-01;"domingo";"23:40:00";"PE";101;70;"RECIFE";"Velocidade Incompatível";"Colisão com objeto";"Com Vítimas Feridas";"Plena Noite";"Decrescente";"Céu Claro";"Dupla";"Reta";"Sim";2;0;1;0;1;0;1;1;-8,073839;-34,942629;"SPRF-PE";"DEL01-PE";"UOP01-DEL01-PE"
374392;2021-08-01;"domingo";"23:20:00";"PR";277;81;"CURITIBA";"Velocidade Incompatível";"Capotamento";"Com Vítimas Feridas";"Plena Noite";"Decrescente";"Nublado";"Dupla";"Reta";"Sim";4;0;1;1;1;1;2;2;-25,46745408;-49,21463013;"SPRF-PR";"DEL01-PR";"UOP01-DEL01-PR"
374393;2021-08-01;"domingo";"23:50:00";"MG";116;650,1;"FERVEDOURO";"Ausência de reação do condutor";"Colisão com objeto";"Com Vítimas Fatais";"Plena Noite";"Crescente";"Nublado";"Simples";"Curva";"Não";2;1;0;0;0;1;0;2;-20,71848513;-42,27851814;"SPRF-MG";"DEL07-MG";"UOP03-DEL07-MG"
374394;2021-08-01;"domingo";"22:10:00";"MS";163;43;"ELDORADO";"Ingestão de álcool pelo condutor";"Saída de leito carroçável";"Sem Vítimas";"Plena Noite";"Crescente";"Céu Claro";"Simples";"Reta";"Não";1;0;0;0;1;0;0;1;-23,76281184;-54,27377415;"SPRF-MS";"DEL09-MS";"UOP02-DEL09-MS"
374395;2021-08-01;"domingo";"23:02:00";"RO";364;713;"PORTO VELHO";"Transitar na contramão";"Colisão transversal";"Com Vítimas Feridas";"Plena Noite";"Decrescente";"Céu Claro";"Dupla";"Reta";"Sim";4;0;0;1;2;1;1;4;-8,77281018;-63,88092756;"SPRF-RO";"DEL01-RO";"UOP01-DEL01-RO"
374396;2021-08-01;"domingo";"22:00:00";"MA";10;224;"GOVERNADOR EDISON LOBAO";"Manobra de mudança de faixa";"Colisão transversal";"Com Vítimas Feridas";"Plena Noite";"Crescente";"Céu Claro";"Simples";"Reta";"Sim";3;0;0;2;0;1;2;2;-5,754561;-47,359512;"SPRF-MA";"DEL04-MA";"UOP01-DEL04-MA"
374397;2021-08-01;"domingo";"22:40:00";"RJ";101;316;"SAO GONCALO";"Ausência de reação do condutor";"Colisão com objeto";"Com Vítimas Feridas";"Plena Noite";"Crescente";"Céu Claro";"Dupla";"Curva";"Sim";2;0;2;0;0;0;2;1;-22,82607876;-43,09062123;"SPRF-RJ";"DEL02-RJ";"UOP02-DEL02-RJ"
374399;2021-08-01;"domingo";"18:45:00";"MT";174;137;"GLORIA DOESTE";"Ultrapassagem Indevida";"Colisão frontal";"Com Vítimas Fatais";"Plena Noite";"Crescente";"Céu Claro";"Simples";"Curva";"Não";2;1;0;1;0;0;1;2;-15,84048096;-58,15200806;"SPRF-MT";"DEL03-MT";"UOP01-DEL03-MT"
374400;2021-08-01;"domingo";"22:00:00";"PR";153;379;"MALLET";"Ingestão de álcool pelo condutor";"Saída de leito carroçável";"Com Vítimas Feridas";"Plena Noite";"Crescente";"Céu Claro";"Simples";"Reta";"Não";3;0;2;1;0;0;3;1;-25,79688596;-50,85093193;"SPRF-PR";"DEL02-PR";"UOP04-DEL02-PR"
374401;2021-08-02;"segunda-feira";"00:30:00";"MT";163;750;"SORRISO";"Transitar na contramão";"Colisão frontal";"Com Vítimas Feridas";"Plena Noite";"Crescente";"Céu Claro";"Dupla";"Reta";"Sim";2;0;0;1;1;0;1;2;-12,568;-55,724;"SPRF-MT";"DEL06-MT";"UOP01-DEL06-MT"
374402;2021-08-02;"segunda-feira";"00:40:00";"PR";277;721,1;"FOZ DO IGUACU";"Manobra de mudança de faixa";"Colisão lateral mesmo sentido";"Com Vítimas Feridas";"Plena Noite";"Decrescente";"Céu Claro";"Dupla";"Reta";"Sim";2;0;1;0;1;0;1;2;-25,4911505;-54,51185421;"SPRF-PR";"DEL05-PR";"UOP03-DEL05-PR"
374403;2021-08-02;"segunda-feira";"00:50:00";"SP";116;212,8;"GUARULHOS";"Pedestre cruzava a pista fora da faixa";"Atropelamento de Pedestre";"Com Vítimas Fatais";"Plena Noite";"Crescente";"Céu Claro";"Múltipla";"Reta";"Sim";2;1;0;0;1;0;0;2;-23,43608315;-46,42805094;"SPRF-SP";"DEL01-SP";"UOP01-DEL01-SP"
374405;2021-08-01;"domingo";"22:30:00";"SC";470;190;"POUSO REDONDO";"Velocidade Incompatível";"Saída de leito carroçável";"Com Vítimas Feridas";"Plena Noite";"Decrescente";"Nublado";"Simples";"Curva";"Não";1;0;1;0;0;0;1;1;-27,281504;-50,069775;"SPRF-SC";"DEL04-SC";"UOP02-DEL04-SC"
374406;2021-08-01;"domingo";"21:00:00";"MT";163;1037;"MATUPA";"Ingestão de álcool pelo condutor";"Queda de ocupante de veículo";"Com Vítimas Feridas";"Plena Noite";"Crescente";"Céu Claro";"Simples";"Reta";"Não";1;0;1;0;0;0;1;1;-10,18903692;-54,94859403;"SPRF-MT";"DEL06-MT";"NPF/DEL06-MT"
374410;2021-08-01;"domingo";"21:40:00";"PR";476;97;"BOCAIUVA DO SUL";"Ausência de reação do condutor";"Saída de leito carroçável";"Sem Vítimas";"Plena Noite";"Decrescente";"Céu Claro";"Simples";"Curva";"Não";1;0;0;0;1;0;0;1;-25,234463;-49,127838;"SPRF-PR";"DEL01-PR";"UOP02-DEL01-PR"
374411;2021-08-01;"domingo";"15:30:00";"BA";324;583;"CANDEIAS";"Condutor Dormindo";"Saída de leito carroçável";"Com Vítimas Feridas";"Pleno dia";"Crescente";"Céu Claro";"Dupla";"Reta";"Não";1;0;1;0;0;0;1;1;-12,6141891;-38,48700311;"SPRF-BA";"DEL01-BA";"UOP01-DEL01-BA"
374412;2021-08-02;"segunda-feira";"04:30:00";"RS";101;53,5;"TERRA DE AREIA";"Ausência de reação do condutor";"Saída de leito carroçável";"Sem Vítimas";"Plena Noite";"Decrescente";"Céu Claro";"Dupla";"Reta";"Não";1;0;0;0;1;0;0;1;-29,63731772;-50,10297775;"SPRF-RS";"DEL03-RS";"UOP02-DEL03-RS"
374413;2021-08-01;"domingo";"17:30:00";"BA";324;598;"CANDEIAS";"Chuva";"Queda de ocupante de veículo";"Com Vítimas Feridas";"Anoitecer";"Crescente";"Chuva";"Dupla";"Curva";"Não";1;0;1;0;0;0;1;1;-12,73432323;-38,44227717;"SPRF-BA";"DEL01-BA";"UOP01-DEL01-BA"
374414;2021-08-02;"segunda-feira";"04:30:00";"MG";40;619;"CONGONHAS";"Condutor Dormindo";"Saída de leito carroçável";"Com Vítimas Feridas";"Plena Noite";"Decrescente";"Céu Claro";"Simples";"Curva";"Sim";5;0;1;0;4;0;1;1;-20,57051498;-43,81191334;"SPRF-MG";"DEL05-MG";"UOP02-DEL05-MG"
374415;2021-08-02;"segunda-feira";"04:00:00";"RJ";101;318;"SAO GONCALO";"Ingestão de álcool pelo condutor";"Capotamento";"Com Vítimas Feridas";"Plena Noite";"Decrescente";"Céu Claro";"Dupla";"Curva";"Sim";2;0;1;0;1;0;1;1;-22,84562994;-43,09841211;"SPRF-RJ";"DEL02-RJ";"UOP02-DEL02-RJ"
374416;2021-08-02;"segunda-feira";"04:00:00";"RS";392;113,9;"CANGUCU";"Ausência de reação do condutor";"Saída de leito carroçável";"Sem Vítimas";"Plena Noite";"Decrescente";"Nevoeiro/Neblina";"Simples";"Reta";"Não";1;0;0;0;1;0;0;1;-31,43953295;-52,64988094;"SPRF-RS";"DEL07-RS";"UOP01-DEL07-RS"
374417;2021-08-02;"segunda-feira";"05:40:00";"PR";467;107,4;"CASCAVEL";"Pista Escorregadia";"Tombamento";"Com Vítimas Feridas";"Amanhecer";"Crescente";"Céu Claro";"Dupla";"Reta";"Sim";1;0;1;0;0;0;1;1;-24,9209;-53,4764;"SPRF-PR";"DEL04-PR";"UOP01-DEL04-PR"
374418;2021-08-02;"segunda-feira";"06:20:00";"RJ";40;121;"DUQUE DE CAXIAS";"Ausência de reação do condutor";"Engavetamento";"Com Vítimas Feridas";"Pleno dia";"Crescente";"Céu Claro";"Múltipla";"Reta";"Sim";4;0;2;0;2;0;2;3;-22,78185499;-43,28571273;"SPRF-RJ";"DEL01-RJ";"UOP01-DEL01-RJ"
374419;2021-08-02;"segunda-feira";"06:30:00";"PE";101;180;"JOAQUIM NABUCO";"Reação tardia ou ineficiente do condutor";"Saída de leito carroçável";"Com Vítimas Feridas";"Pleno dia";"Crescente";"Chuva";"Múltipla";"Reta";"Não";1;0;1;0;0;0;1;1;-8,636912;-35,560818;"SPRF-PE";"DEL01-PE";"UOP01-DEL01-PE"
374421;2021-08-02;"segunda-feira";"07:15:00";"DF";70;10;"BRASILIA";"Trafegar com motocicleta (ou similar) entre as faixas";"Colisão lateral mesmo sentido";"Com Vítimas Feridas";"Pleno dia";"Decrescente";"Céu Claro";"Dupla";"Reta";"Sim";2;0;1;0;1;0;1;2;-15,787066;-48,140709;"SPRF-DF";"DEL03-DF";"UOP02-DEL03-DF"
374424;2021-08-02;"segunda-feira";"07:25:00";"SP";153;64;"SAO JOSE DO RIO PRETO";"Condutor deixou de manter distância do veículo da frente";"Tombamento";"Com Vítimas Feridas";"Pleno dia";"Crescente";"Céu Claro";"Dupla";"Reta";"Sim";1;0;1;0;0;0;1;1;-20,82760865;-49,3594265;"SPRF-SP";"DEL09-SP";"UOP01-DEL09-SP"
374427;2021-08-02;"segunda-feira";"05:55:00";"MT";364;391,2;"CUIABA";"Condutor Dormindo";"Capotamento";"Sem Vítimas";"Amanhecer";"Crescente";"Céu Claro";"Dupla";"Reta";"Não";1;0;0;0;1;0;0;1;-15,68915384;-55,90719223;"SPRF-MT";"DEL01-MT";"UOP02-DEL01-MT"
374429;2021-08-02;"segunda-feira";"07:07:00";"PB";230;22;"JOAO PESSOA";"Ausência de reação do condutor";"Colisão traseira";"Com Vítimas Feridas";"Pleno dia";"Decrescente";"Céu Claro";"Dupla";"Reta";"Sim";3;0;2;0;1;0;2;2;-7,1495;-34,8517;"SPRF-PB";"DEL01-PB";"UOP01-DEL01-PB"
374430;2021-06-05;"sábado";"14:40:00";"MT";163;840;"SINOP";"Condutor deixou de manter distância do veículo da frente";"Colisão traseira";"Com Vítimas Feridas";"Pleno dia";"Crescente";"Céu Claro";"Simples";"Reta";"Não";7;0;1;0;6;0;1;2;-11,94214306;-55,51630378;"SPRF-MT";"DEL06-MT";"NPF/DEL06-MT"
374431;2021-08-02;"segunda-feira";"03:10:00";"RS";392;113,3;"CANGUCU";"Ingestão de álcool pelo condutor";"Saída de leito carroçável";"Sem Vítimas";"Plena Noite";"Crescente";"Nevoeiro/Neblina";"Simples";"Reta";"Não";1;0;0;0;1;0;0;1;-31,43953295;-52,64988094;"SPRF-RS";"DEL07-RS";"UOP01-DEL07-RS"
374433;2021-08-02;"segunda-feira";"07:15:00";"PB";104;146;"QUEIMADAS";"Acesso irregular";"Colisão lateral mesmo sentido";"Com Vítimas Feridas";"Pleno dia";"Crescente";"Céu Claro";"Simples";"Reta";"Não";3;0;1;1;0;1;2;2;-7,43125373;-35,89767245;"SPRF-PB";"DEL02-PB";"UOP03-DEL02-PB"
374434;2021-08-02;"segunda-feira";"07:30:00";"MG";381;742,8;"TRES CORACOES";"Condutor Dormindo";"Saída de leito carroçável";"Com Vítimas Feridas";"Pleno dia";"Crescente";"Céu Claro";"Dupla";"Reta";"Não";1;0;1;0;0;0;1;1;-21,60709827;-45,24095109;"SPRF-MG";"DEL16-MG";"UOP02-DEL16-MG"
374435;2021-08-02;"segunda-feira";"06:40:00";"MG";356;269;"MURIAE";"Desrespeitar a preferência no cruzamento";"Colisão transversal";"Com Vítimas Feridas";"Pleno dia";"Decrescente";"Céu Claro";"Simples";"Interseção de Vias";"Sim";5;0;4;0;1;0;4;2;-21,12665618;-42,33310204;"SPRF-MG";"DEL07-MG";"UOP02-DEL07-MG"
374436;2021-08-02;"segunda-feira";"06:50:00";"SC";280;106,8;"SAO BENTO DO SUL";"Acessar a via sem observar a presença dos outros veículos";"Colisão lateral mesmo sentido";"Com Vítimas Feridas";"Amanhecer";"Crescente";"Céu Claro";"Simples";"Reta";"Não";2;0;1;0;1;0;1;2;-26,34887721;-49,36904009;"SPRF-SC";"DEL06-SC";"UOP03-DEL06-SC"
374437;2021-08-02;"segunda-feira";"08:15:00";"DF";70;9;"BRASILIA";"Velocidade Incompatível";"Colisão traseira";"Com Vítimas Feridas";"Pleno dia";"Crescente";"Céu Claro";"Dupla";"Reta";"Sim";2;0;0;1;1;0;1;2;-15,784615;-48,132023;"SPRF-DF";"DEL03-DF";"UOP02-DEL03-DF"
374439;2021-08-01;"domingo";"21:20:00";"RJ";116;174;"NOVA IGUACU";"Ingestão de álcool pelo condutor";"Colisão com objeto";"Sem Vítimas";"Plena Noite";"Crescente";"Céu Claro";"Dupla";"Aclive";"Não";1;0;0;0;0;1;0;1;-22,76446858;-43,41934204;"SPRF-RJ";"DEL01-RJ";"UOP02-DEL01-RJ"
374440;2021-07-25;"domingo";"17:15:00";"MG";40;504,5;"ESMERALDAS";"Condutor deixou de manter distância do veículo da frente";"Colisão traseira";"Com Vítimas Feridas";"Pleno dia";"Crescente";"Céu Claro";"Dupla";"Reta";"Não";2;0;1;0;1;0;1;2;-19,72987888;-44,15253368;"SPRF-MG";"DEL02-MG";"UOP01-DEL02-MG"
374444;2021-07-04;"domingo";"21:00:00";"PR";280;269,3;"MARMELEIRO";"Reação tardia ou ineficiente do condutor";"Saída de leito carroçável";"Sem Vítimas";"Pleno dia";"Decrescente";"Ignorado";"Simples";"Curva";"Não";1;0;0;0;1;0;0;1;-26,22335321;-53,13026287;"SPRF-PR";"DEL02-PR";"UOP01-DEL02-PR"
374445;2021-08-02;"segunda-feira";"07:50:00";"RS";290;156;"ARROIO DOS RATOS";"Pista Escorregadia";"Saída de leito carroçável";"Com Vítimas Feridas";"Pleno dia";"Crescente";"Nevoeiro/Neblina";"Simples";"Declive";"Não";1;0;1;0;0;0;1;1;-30,106392;-51,767815;"SPRF-RS";"DEL02-RS";"UOP01-DEL02-RS"
374448;2021-08-02;"segunda-feira";"08:50:00";"MG";50;70;"UBERLANDIA";"Condutor deixou de manter distância do veículo da frente";"Colisão traseira";"Sem Vítimas";"Pleno dia";"Decrescente";"Céu Claro";"Dupla";"Reta";"Sim";2;0;0;0;1;1;0;2;-18,88907119;-48,25881958;"SPRF-MG";"DEL15-MG";"UOP01-DEL15-MG"
374450;2021-08-02;"segunda-feira";"08:15:00";"RS";470;74,5;"LAGOA VERMELHA";"Condutor deixou de manter distância do veículo da frente";"Engavetamento";"Com Vítimas Feridas";"Pleno dia";"Crescente";"Nevoeiro/Neblina";"Simples";"Reta";"Sim";3;0;1;0;2;0;1;3;-28,203287;-51,525436;"SPRF-RS";"DEL08-RS";"UOP05-DEL08-RS"
374452;2021-07-09;"sexta-feira";"08:30:00";"DF";60;6,2;"BRASILIA";"Condutor deixou de manter distância do veículo da frente";"Colisão traseira";"Com Vítimas Feridas";"Pleno dia";"Decrescente";"Céu Claro";"Dupla";"Reta";"Sim";7;0;1;0;4;2;1;3;-15,897939;-48,113056;"SPRF-DF";"DEL03-DF";"UOP01-DEL03-DF"
374453;2021-08-02;"segunda-feira";"09:30:00";"PR";476;142;"CURITIBA";"Ausência de reação do condutor";"Colisão traseira";"Com Vítimas Feridas";"Pleno dia";"Decrescente";"Céu Claro";"Dupla";"Reta";"Sim";4;0;2;0;1;1;2;2;-25,537161;-49,301632;"SPRF-PR";"DEL01-PR";"UOP03-DEL01-PR"
374454;2021-07-30;"sexta-feira";"14:30:00";"PR";153;307,9;"IMBITUVA";"Demais falhas mecânicas ou elétricas";"Incêndio";"Sem Vítimas";"Pleno dia";"Decrescente";"Céu Claro";"Simples";"Reta";"Não";1;0;0;0;1;0;0;1;-25,25961868;-50,64038734;"SPRF-PR";"DEL03-PR";"UOP03-DEL03-PR"
374460;2021-08-02;"segunda-feira";"10:20:00";"MG";40;670,9;"CARANDAI";"Conversão proibida";"Colisão transversal";"Com Vítimas Feridas";"Pleno dia";"Decrescente";"Céu Claro";"Simples";"Reta";"Não";2;0;0;1;1;0;1;2;-20,9669552;-43,78631951;"SPRF-MG";"DEL05-MG";"UOP02-DEL05-MG"
374462;2021-08-02;"segunda-feira";"07:30:00";"RO";435;79;"COLORADO DO OESTE";"Transitar na contramão";"Colisão frontal";"Sem Vítimas";"Pleno dia";"Decrescente";"Céu Claro";"Simples";"Reta";"Não";2;0;0;0;2;0;0;2;-13,10905126;-60,47049799;"SPRF-RO";"DEL04-RO";"UOP02-DEL04-RO"
374464;2021-08-02;"segunda-feira";"09:10:00";"PR";153;0,7;"IMBITUVA";"Ultrapassagem Indevida";"Colisão lateral mesmo sentido";"Com Vítimas Feridas";"Pleno dia";"Crescente";"Céu Claro";"Simples";"Reta";"Sim";3;0;0;1;1;1;1;3;-25,233332;-50,614039;"SPRF-PR";"DEL07-PR";"UOP04-DEL07-PR"
374465;2021-08-02;"segunda-feira";"10:00:00";"MG";50;178,8;"UBERABA";"Pista esburacada";"Tombamento";"Com Vítimas Feridas";"Pleno dia";"Crescente";"Céu Claro";"Simples";"Desvio Temporário";"Sim";1;0;1;0;0;0;1;1;-19,77896821;-47,94093599;"SPRF-MG";"DEL13-MG";"UOP01-DEL13-MG"
374466;2021-07-08;"quinta-feira";"16:00:00";"RJ";40;122;"DUQUE DE CAXIAS";"Ausência de reação do condutor";"Colisão traseira";"Com Vítimas Feridas";"Pleno dia";"Decrescente";"Céu Claro";"Dupla";"Reta";"Sim";2;0;1;0;1;0;1;2;-22,79083113;-43,28611569;"SPRF-RJ";"DEL01-RJ";"UOP01-DEL01-RJ"
374469;2021-08-02;"segunda-feira";"10:18:00";"RO";364;354,8;"JI-PARANA";"Manobra de mudança de faixa";"Saída de leito carroçável";"Com Vítimas Feridas";"Pleno dia";"Crescente";"Sol";"Simples";"Reta";"Não";1;0;1;0;0;0;1;1;-10,81618198;-62,01768595;"SPRF-RO";"DEL02-RO";"UOP01-DEL02-RO"
374475;2021-08-02;"segunda-feira";"12:45:00";"PE";101;64,1;"RECIFE";"Demais falhas mecânicas ou elétricas";"Queda de ocupante de veículo";"Com Vítimas Feridas";"Pleno dia";"Crescente";"Chuva";"Dupla";"Declive;Curva";"Não";1;0;1;0;0;0;1;1;-8,0162921;-34,94045886;"SPRF-PE";"DEL01-PE";"UOP01-DEL01-PE"