"id";"data_inversa";"dia_semana";"horario";"uf";"br";"km";"municipio";"causa_acidente";"tipo_acidente";"classificacao_acidente";"fase_dia";"sentido_via";"condicao_metereologica";"tipo_pista";"tracado_via";"uso_solo";"pessoas";"mortos";"feridos_leves";"feridos_graves";"ilesos";"ignorados";"feridos";"veiculos";"latitude";"longitude";"regional";"delegacia";"uop"
374477;2021-07-29;"quinta-feira";"13:50:00";"SE";235;40,7;"AREIA BRANCA";"Condutor deixou de manter distância do veículo da frente";"Colisão traseira";"Com Vítimas Feridas";"Pleno dia";"Crescente";"Céu Claro";"Simples";"Reta";"Não";2;0;1;0;0;1;1;2;-10,769464;-37,364246;"SPRF-SE";"DEL01-SE";"UOP02-DEL01-SE"
374479;2021-07-18;"domingo";"06:25:00";"MG";365;757,2;"ITUIUTABA";"Velocidade Incompatível";"Colisão com objeto";"Com Vítimas Feridas";"Pleno dia";"Decrescente";"Céu Claro";"Simples";"Retorno Regulamentado;Curva;Interseção de Vias";"Não";2;0;2;0;0;0;2;1;-18,96358968;-49,4773831;"SPRF-MG";"DEL15-MG";"UOP03-DEL15-MG"
374480;2021-08-02;"segunda-feira";"11:00:00";"AC";364;138;"RIO BRANCO";"Acessar a via sem observar a presença dos outros veículos";"Colisão traseira";"Com Vítimas Feridas";"Pleno dia";"Crescente";"Céu Claro";"Múltipla";"Reta";"Sim";2;0;1;0;1;0;1;2;-9,96112502;-67,85646604;"SPRF-AC";"DEL01-AC";"UOP01-DEL01-AC"
374482;2021-08-02;"segunda-feira";"12:30:00";"SC";116;170,5;"PONTE ALTA DO NORTE";"Acessar a via sem observar a presença dos outros veículos";"Colisão transversal";"Com Vítimas Feridas";"Pleno dia";"Crescente";"Céu Claro";"Simples";"Curva";"Não";2;0;0;1;1;0;1;2;-27,194962;-50,463425;"SPRF-SC";"DEL05-SC";"UOP03-DEL05-SC"
374484;2021-08-02;"segunda-feira";"13:15:00";"SC";101;209;"SAO JOSE";"Desrespeitar a preferência no cruzamento";"Colisão transversal";"Com Vítimas Feridas";"Pleno dia";"Decrescente";"Céu Claro";"Simples";"Interseção de Vias";"Sim";2;0;1;0;1;0;1;2;-27,61000542;-48,63895057;"SPRF-SC";"DEL01-SC";"UOP01-DEL01-SC"
374487;2021-08-02;"segunda-feira";"13:25:00";"RS";285;125,5;"VACARIA";"Acesso irregular";"Colisão lateral mesmo sentido";"Com Vítimas Feridas";"Pleno dia";"Crescente";"Céu Claro";"Simples";"Reta";"Sim";2;0;1;0;1;0;1;2;-28,483797;-50,96035;"SPRF-RS";"DEL05-RS";"UOP03-DEL05-RS"
374491;2021-08-02;"segunda-feira";"13:20:00";"SP";153;229,3;"MARILIA";"Avarias e/ou desgaste excessivo no pneu";"Tombamento";"Com Vítimas Feridas";"Pleno dia";"Decrescente";"Sol";"Simples";"Declive";"Não";2;0;2;0;0;0;2;1;-22,076649;-49,90128417;"SPRF-SP";"DEL07-SP";"UOP02-DEL07-SP"
374492;2021-08-02;"segunda-feira";"12:50:00";"RN";101;96;"NATAL";"Manobra de mudança de faixa";"Colisão lateral mesmo sentido";"Com Vítimas Feridas";"Pleno dia";"Crescente";"Nublado";"Múltipla";"Reta";"Sim";3;0;1;1;1;0;2;2;-5,84949622;-35,20890752;"SPRF-RN";"DEL01-RN";"UOP01-DEL01-RN"
374496;2021-08-02;"segunda-feira";"07:40:00";"MG";116;411,9;"GOVERNADOR VALADARES";"Condutor deixou de manter distância do veículo da frente";"Colisão traseira";"Com Vítimas Feridas";"Pleno dia";"Crescente";"Céu Claro";"Simples";"Reta";"Sim";2;0;1;0;1;0;1;2;-18,86244705;-41,97405237;"SPRF-MG";"DEL06-MG";"UOP01-DEL06-MG"
374497;2021-08-02;"segunda-feira";"14:45:00";"RS";285;277,9;"PASSO FUNDO";"Condutor Dormindo";"Saída de leito carroçável";"Com Vítimas Feridas";"Pleno dia";"Decrescente";"Céu Claro";"Simples";"Declive;Reta";"Não";1;0;1;0;0;0;1;1;-28,25862765;-52,23335103;"SPRF-RS";"DEL08-RS";"UOP03-DEL08-RS"
374499;2021-08-02;"segunda-feira";"14:50:00";"CE";116;507,4;"BREJO SANTO";"Condutor Dormindo";"Colisão frontal";"Com Vítimas Feridas";"Pleno dia";"Crescente";"Sol";"Simples";"Curva";"Não";3;0;0;1;2;0;1;2;-7,54186964;-39,01451111;"SPRF-CE";"DEL05-CE";"UOP03-DEL05-CE"
374500;2021-08-02;"segunda-feira";"07:30:00";"MG";262;34,9;"MANHUACU";"Acessar a via sem observar a presença dos outros veículos";"Colisão transversal";"Com Vítimas Feridas";"Pleno dia";"Crescente";"Nublado";"Simples";"Aclive;Reta";"Sim";2;0;1;0;1;0;1;2;-20,25692664;-42,01099203;"SPRF-MG";"DEL06-MG";"UOP03-DEL06-MG"
374501;2021-08-02;"segunda-feira";"15:05:00";"RS";290;92;"PORTO ALEGRE";"Acessar a via sem observar a presença dos outros veículos";"Colisão lateral mesmo sentido";"Com Vítimas Feridas";"Pleno dia";"Crescente";"Céu Claro";"Múltipla";"Retorno Regulamentado";"Sim";4;0;2;0;2;0;2;3;-29,971916;-51,176838;"SPRF-RS";"DEL01-RS";"UOP01-DEL01-RS"
374503;2021-08-02;"segunda-feira";"15:00:00";"MG";40;692;"ALFREDO VASCONCELOS";"Velocidade Incompatível";"Tombamento";"Com Vítimas Feridas";"Pleno dia";"Crescente";"Céu Claro";"Simples";"Curva";"Não";1;0;1;0;0;0;1;1;-21,11655499;-43,7587449;"SPRF-MG";"DEL05-MG";"UOP02-DEL05-MG"
374505;2021-07-29;"quinta-feira";"12:22:00";"PR";163;283;"MARECHAL CANDIDO RONDON";"Frear bruscamente";"Colisão lateral mesmo sentido";"Sem Vítimas";"Pleno dia";"Crescente";"Céu Claro";"Simples";"Aclive";"Sim";3;0;0;0;3;0;0;2;-24,57864514;-53,99236214;"SPRF-PR";"DEL06-PR";"UOP02-DEL06-PR"
374506;2021-08-01;"domingo";"18:30:00";"BA";110;362;"CATU";"Acesso irregular";"Colisão frontal";"Com Vítimas Feridas";"Plena Noite";"Decrescente";"Nublado";"Simples";"Reta";"Não";5;0;3;0;2;0;3;3;-12,36659322;-38,38801135;"SPRF-BA";"DEL01-BA";"UOP04-DEL01-BA"
374507;2021-08-02;"segunda-feira";"14:40:00";"RJ";493;15;"GUAPIMIRIM";"Ultrapassagem Indevida";"Colisão lateral sentido oposto";"Sem Vítimas";"Pleno dia";"Crescente";"Céu Claro";"Simples";"Reta";"Não";4;0;0;0;3;1;0;4;-22,66580436;-42,99104217;"SPRF-RJ";"DEL04-RJ";"UOP02-DEL04-RJ"
374508;2021-08-02;"segunda-feira";"15:40:00";"SP";116;454,5;"REGISTRO";"Demais falhas mecânicas ou elétricas";"Incêndio";"Sem Vítimas";"Pleno dia";"Crescente";"Céu Claro";"Múltipla";"Curva";"Não";1;0;0;0;1;0;0;1;-24,56704392;-47,87450304;"SPRF-SP";"DEL05-SP";"UOP01-DEL05-SP"
374510;2021-08-02;"segunda-feira";"15:25:00";"SP";116;482;"JACUPIRANGA";"Pedestre andava na pista";"Atropelamento de Pedestre";"Com Vítimas Fatais";"Pleno dia";"Decrescente";"Céu Claro";"Múltipla";"Reta";"Não";3;1;0;0;2;0;0;2;-24,72213327;-48,04339385;"SPRF-SP";"DEL05-SP";"UOP01-DEL05-SP"
374512;2021-08-02;"segunda-feira";"15:00:00";"MS";60;449,5;"SIDROLANDIA";"Condutor deixou de manter distância do veículo da frente";"Colisão lateral mesmo sentido";"Com Vítimas Feridas";"Pleno dia";"Decrescente";"Céu Claro";"Simples";"Reta";"Não";2;0;1;0;1;0;1;2;-21,00492084;-55,12925298;"SPRF-MS";"DEL01-MS";"UOP04-DEL01-MS"
374513;2021-08-02;"segunda-feira";"15:00:00";"MG";381;933,5;"EXTREMA";"Velocidade Incompatível";"Saída de leito carroçável";"Com Vítimas Feridas";"Pleno dia";"Decrescente";"Céu Claro";"Dupla";"Curva";"Não";4;0;0;2;2;0;2;1;-22,79851807;-46,25558267;"SPRF-MG";"DEL16-MG";"UOP03-DEL16-MG"
374514;2021-08-02;"segunda-feira";"14:00:00";"GO";60;136,4;"GOIANIA";"Reação tardia ou ineficiente do condutor";"Colisão com objeto";"Com Vítimas Feridas";"Pleno dia";"Decrescente";"Céu Claro";"Dupla";"Reta";"Sim";3;0;2;0;0;1;2;2;-16,59772313;-49,19790052;"SPRF-GO";"DEL01-GO";"UOP01-DEL01-GO"
374515;2021-08-02;"segunda-feira";"16:10:00";"MG";365;454,9;"PATROCINIO";"Desrespeitar a preferência no cruzamento";"Colisão transversal";"Com Vítimas Fatais";"Pleno dia";"Crescente";"Céu Claro";"Simples";"Reta";"Não";3;1;1;0;1;0;1;2;-18,84134;-46,85429;"SPRF-MG";"DEL10-MG";"UOP01-DEL10-MG"
374516;2021-08-02;"segunda-feira";"16:32:00";"RJ";101;66;"CAMPOS DOS GOYTACAZES";"Condutor deixou de manter distância do veículo da frente";"Colisão traseira";"Com Vítimas Feridas";"Pleno dia";"Decrescente";"Céu Claro";"Simples";"Reta";"Sim";2;0;1;0;1;0;1;2;-21,76090387;-41,34788959;"SPRF-RJ";"DEL08-RJ";"UOP02-DEL08-RJ"
374519;2021-08-02;"segunda-feira";"16:40:00";"ES";101;302,1;"VIANA";"Pedestre cruzava a pista fora da faixa";"Atropelamento de Pedestre";"Sem Vítimas";"Pleno dia";"Crescente";"Céu Claro";"Dupla";"Reta";"Não";2;0;0;0;1;1;0;2;-20,36958283;-40,44384551;"SPRF-ES";"DEL01-ES";"UOP01-DEL01-ES"
374520;2021-08-02;"segunda-feira";"14:00:00";"SC";101;46,6;"JOINVILLE";"Reação tardia ou ineficiente do condutor";"Colisão traseira";"Com Vítimas Feridas";"Pleno dia";"Decrescente";"Céu Claro";"Simples";"Reta";"Não";2;0;1;0;1;0;1;2;-26,36504857;-48,85832012;"SPRF-SC";"DEL03-SC";"UOP01-DEL03-SC"
374521;2021-08-02;"segunda-feira";"16:50:00";"CE";222;84,7;"UMIRIM";"Avarias e/ou desgaste excessivo no pneu";"Tombamento";"Com Vítimas Feridas";"Pleno dia";"Decrescente";"Sol";"Simples";"Reta";"Não";1;0;1;0;0;0;1;1;-3,67403326;-39,2936061;"SPRF-CE";"DEL04-CE";"UOP03-DEL04-CE"
374523;2021-08-02;"segunda-feira";"16:50:00";"SC";101;211,7;"PALHOCA";"Trafegar com motocicleta (ou similar) entre as faixas";"Colisão lateral mesmo sentido";"Com Vítimas Feridas";"Anoitecer";"Crescente";"Garoa/Chuvisco";"Dupla";"Reta";"Sim";2;0;1;0;1;0;1;2;-27,62329313;-48,65245588;"SPRF-SC";"DEL01-SC";"UOP02-DEL01-SC"
374524;2021-08-02;"segunda-feira";"17:25:00";"PR";376;219,6;"JANDAIA DO SUL";"Transitar no acostamento";"Colisão transversal";"Com Vítimas Feridas";"Pleno dia";"Decrescente";"Sol";"Simples";"Reta;Declive";"Não";2;0;0;1;1;0;1;2;-23,59805329;-51,60575514;"SPRF-PR";"DEL09-PR";"UOP01-DEL09-PR"
374525;2021-08-02;"segunda-feira";"17:30:00";"RS";116;265;"CANOAS";"Reação tardia ou ineficiente do condutor";"Colisão traseira";"Com Vítimas Feridas";"Pleno dia";"Crescente";"Céu Claro";"Múltipla";"Reta";"Sim";3;0;1;0;2;0;1;3;-29,92342302;-51,17780944;"SPRF-RS";"DEL01-RS";"UOP01-DEL01-RS"
374526;2021-08-02;"segunda-feira";"17:20:00";"BA";324;472;"TANQUINHO";"Ultrapassagem Indevida";"Colisão frontal";"Com Vítimas Feridas";"Anoitecer";"Crescente";"Nublado";"Simples";"Reta";"Não";2;0;1;0;1;0;1;2;-11,97218784;-39,12780092;"SPRF-BA";"DEL02-BA";"UOP01-DEL02-BA"
374527;2021-08-02;"segunda-feira";"12:10:00";"SC";101;204;"SAO JOSE";"Acumulo de areia ou detritos sobre o pavimento";"Tombamento";"Com Vítimas Feridas";"Pleno dia";"Decrescente";"Céu Claro";"Simples";"Interseção de Vias";"Sim";1;0;1;0;0;0;1;1;-27,57413014;-48,61363083;"SPRF-SC";"DEL01-SC";"UOP01-DEL01-SC"
374528;2021-08-02;"segunda-feira";"17:55:00";"RS";285;296,3;"PASSO FUNDO";"Desrespeitar a preferência no cruzamento";"Colisão transversal";"Com Vítimas Feridas";"Anoitecer";"Decrescente";"Céu Claro";"Simples";"Interseção de Vias";"Não";3;0;2;0;1;0;2;2;-28,23330979;-52,40545729;"SPRF-RS";"DEL08-RS";"UOP03-DEL08-RS"
374529;2021-08-02;"segunda-feira";"17:40:00";"GO";60;115,8;"TEREZOPOLIS DE GOIAS";"Animais na Pista";"Atropelamento de Animal";"Com Vítimas Fatais";"Anoitecer";"Decrescente";"Céu Claro";"Dupla";"Aclive;Reta";"Não";3;1;1;0;0;1;1;2;-16,472588;-49,077618;"SPRF-GO";"DEL01-GO";"UOP01-DEL01-GO"
374532;2021-08-02;"segunda-feira";"17:40:00";"SC";101;104;"PENHA";"Ausência de reação do condutor";"Colisão traseira";"Com Vítimas Feridas";"Plena Noite";"Decrescente";"Nublado";"Dupla";"Aclive";"Não";2;0;1;0;1;0;1;2;-26,79281742;-48,68080819;"SPRF-SC";"DEL03-SC";"UOP02-DEL03-SC"
374533;2021-08-02;"segunda-feira";"17:05:00";"SC";101;211,4;"SAO JOSE";"Ausência de reação do condutor";"Tombamento";"Com Vítimas Feridas";"Anoitecer";"Crescente";"Chuva";"Múltipla";"Reta";"Sim";1;0;1;0;0;0;1;1;-27,62329313;-48,65245588;"SPRF-SC";"DEL01-SC";"UOP02-DEL01-SC"
374534;2021-08-02;"segunda-feira";"18:20:00";"RJ";101;164;"MACAE";"Ultrapassagem Indevida";"Colisão frontal";"Com Vítimas Feridas";"Plena Noite";"Crescente";"Céu Claro";"Simples";"Reta";"Não";1;0;1;0;0;0;1;1;-22,31511508;-41,89679192;"SPRF-RJ";"DEL08-RJ";"UOP04-DEL08-RJ"
374535;2021-08-02;"segunda-feira";"16:45:00";"PR";373;189;"PONTA GROSSA";"Frear bruscamente";"Colisão traseira";"Com Vítimas Feridas";"Pleno dia";"Crescente";"Céu Claro";"Simples";"Reta";"Não";3;0;2;0;1;0;2;2;-25,05608096;-50,32890303;"SPRF-PR";"DEL03-PR";"UOP04-DEL03-PR"
374538;2021-08-02;"segunda-feira";"18:40:00";"PR";476;140;"CURITIBA";"Pedestre cruzava a pista fora da faixa";"Atropelamento de Pedestre";"Com Vítimas Feridas";"Plena Noite";"Crescente";"Céu Claro";"Dupla";"Reta";"Sim";2;0;1;0;1;0;1;2;-25,520693;-49,294121;"SPRF-PR";"DEL01-PR";"UOP03-DEL01-PR"
374539;2021-08-02;"segunda-feira";"18:00:00";"MG";40;511;"RIBEIRAO DAS NEVES";"Condutor deixou de manter distância do veículo da frente";"Engavetamento";"Com Vítimas Feridas";"Plena Noite";"Decrescente";"Céu Claro";"Dupla";"Retorno Regulamentado";"Sim";8;0;4;0;4;0;4;3;-19,78164295;-44,11733194;"SPRF-MG";"DEL01-MG";"UOP02-DEL01-MG"
374540;2021-08-02;"segunda-feira";"18:45:00";"GO";40;12,4;"LUZIANIA";"Entrada inopinada do pedestre";"Atropelamento de Pedestre";"Com Vítimas Feridas";"Plena Noite";"Crescente";"Céu Claro";"Dupla";"Reta";"Sim";2;0;1;0;0;1;1;2;-16,1473494;-47,943542;"SPRF-DF";"DEL01-DF";"UOP01-DEL01-DF"
374543;2021-08-02;"segunda-feira";"17:15:00";"MS";163;476,3;"CAMPO GRANDE";"Conversão proibida";"Colisão transversal";"Com Vítimas Feridas";"Anoitecer";"Crescente";"Céu Claro";"Simples";"Reta";"Sim";2;0;0;1;1;0;1;2;-20,51162825;-54,56030973;"SPRF-MS";"DEL01-MS";"UOP01-DEL01-MS"
374544;2021-08-02;"segunda-feira";"11:50:00";"SP";116;535;"BARRA DO TURVO";"Demais falhas mecânicas ou elétricas";"Tombamento";"Sem Vítimas";"Pleno dia";"Crescente";"Céu Claro";"Simples";"Desvio Temporário";"Não";1;0;0;0;1;0;0;1;-24,96862613;-48,34682085;"SPRF-SP";"DEL05-SP";"UOP02-DEL05-SP"
374545;2021-08-02;"segunda-feira";"18:15:00";"SC";470;1,5;"NAVEGANTES";"Ausência de reação do condutor";"Colisão lateral mesmo sentido";"Com Vítimas Feridas";"Plena Noite";"Decrescente";"Céu Claro";"Simples";"Reta";"Não";2;0;1;0;1;0;1;2;-26,875383;-48,668285;"SPRF-SC";"DEL04-SC";"UOP04-DEL04-SC"
374548;2021-08-02;"segunda-feira";"17:30:00";"RO";364;770;"PORTO VELHO";"Avarias e/ou desgaste excessivo no pneu";"Saída de leito carroçável";"Com Vítimas Feridas";"Anoitecer";"Crescente";"Céu Claro";"Simples";"Reta";"Não";5;0;2;3;0;0;5;1;-9,14581575;-64,17011713;"SPRF-RO";"DEL01-RO";"UOP02-DEL01-RO"
374549;2021-08-02;"segunda-feira";"16:00:00";"PR";277;119;"CAMPO LARGO";"Condutor deixou de manter distância do veículo da frente";"Engavetamento";"Com Vítimas Feridas";"Pleno dia";"Decrescente";"Céu Claro";"Dupla";"Interseção de Vias";"Sim";5;0;0;1;4;0;1;5;-25,452072;-49,542432;"SPRF-PR";"DEL01-PR";"UOP03-DEL03-PR"
374551;2021-07-28;"quarta-feira";"12:30:00";"PE";423;83,1;"JUCATI";"Desrespeitar a preferência no cruzamento";"Colisão transversal";"Sem Vítimas";"Pleno dia";"Crescente";"Céu Claro";"Simples";"Reta";"Não";3;0;0;0;2;1;0;2;-8,79028092;-36,43450918;"SPRF-PE";"DEL03-PE";"UOP01-DEL03-PE"
374555;2021-08-02;"segunda-feira";"18:50:00";"BA";242;740;"BARREIRAS";"Reação tardia ou ineficiente do condutor";"Saída de leito carroçável";"Com Vítimas Feridas";"Plena Noite";"Decrescente";"Céu Claro";"Simples";"Reta";"Não";2;0;1;0;1;0;1;1;-12,16956811;-44,55608368;"SPRF-BA";"DEL10-BA";"UOP01-DEL10-BA"
374556;2021-08-02;"segunda-feira";"18:35:00";"SC";101;51,1;"JOINVILLE";"Ingestão de substâncias psicoativas pelo condutor";"Colisão com objeto";"Com Vítimas Feridas";"Plena Noite";"Crescente";"Céu Claro";"Dupla";"Curva";"Não";1;0;1;0;0;0;1;1;-26,38506771;-48,84917582;"SPRF-SC";"DEL03-SC";"UOP01-DEL03-SC"
374558;2021-08-02;"segunda-feira";"19:40:00";"MS";163;254;"DOURADOS";"Animais na Pista";"Atropelamento de Animal";"Com Vítimas Feridas";"Plena Noite";"Decrescente";"Céu Claro";"Dupla";"Reta";"Não";2;0;0;2;0;0;2;1;-22,27184267;-54,81657129;"SPRF-MS";"DEL04-MS";"UOP01-DEL04-MS"
374559;2021-08-02;"segunda-feira";"13:50:00";"PE";232;530,2;"TERRA NOVA";"Condutor Dormindo";"Saída de leito carroçável";"Sem Vítimas";"Pleno dia";"Decrescente";"Céu Claro";"Simples";"Reta;Aclive";"Não";1;0;0;0;0;1;0;1;-8,07534919;-39,31367798;"SPRF-PE";"DEL05-PE";"UOP01-DEL05-PE"
374561;2021-08-02;"segunda-feira";"19:45:00";"PR";277;662;"MATELANDIA";"Velocidade Incompatível";"Saída de leito carroçável";"Com Vítimas Feridas";"Plena Noite";"Crescente";"Céu Claro";"Dupla";"Curva";"Não";1;0;1;0;0;0;1;1;-25,25121745;-54,00913508;"SPRF-PR";"DEL05-PR";"UOP02-DEL05-PR"
374565;2021-08-02;"segunda-feira";"19:10:00";"GO";364;384,7;"SANTA RITA DO ARAGUAIA";"Demais falhas mecânicas ou elétricas";"Colisão lateral mesmo sentido";"Sem Vítimas";"Plena Noite";"Crescente";"Céu Claro";"Dupla";"Reta";"Sim";2;0;0;0;2;0;0;2;-17,336027;-53,186886;"SPRF-GO";"DEL05-GO";"UOP01-DEL05-GO"
374566;2021-08-02;"segunda-feira";"15:00:00";"MT";158;647;"NOVA XAVANTINA";"Frear bruscamente";"Colisão traseira";"Com Vítimas Feridas";"Pleno dia";"Crescente";"Sol";"Simples";"Reta";"Não";3;0;1;0;2;0;1;3;-14,62428901;-52,35695308;"SPRF-MT";"DEL07-MT";"UOP02-DEL07-MT"
374568;2021-05-17;"segunda-feira";"17:35:00";"MS";163;729;"COXIM";"Acessar a via sem observar a presença dos outros veículos";"Colisão transversal";"Com Vítimas Feridas";"Anoitecer";"Crescente";"Céu Claro";"Simples";"Interseção de Vias";"Sim";2;0;0;1;1;0;1;2;-18,51500638;-54,73743796;"SPRF-MS";"DEL06-MS";"UOP01-DEL06-MS"
374571;2021-08-02;"segunda-feira";"22:15:00";"SC";101;215,5;"PALHOCA";"Transitar na contramão";"Colisão frontal";"Com Vítimas Feridas";"Plena Noite";"Decrescente";"Nublado";"Múltipla";"Viaduto";"Sim";2;0;2;0;0;0;2;2;-27,65184843;-48,67604941;"SPRF-SC";"DEL01-SC";"UOP02-DEL01-SC"
374573;2021-08-02;"segunda-feira";"21:40:00";"MS";163;681,4;"RIO VERDE DE MATO GROSSO";"Ultrapassagem Indevida";"Colisão frontal";"Com Vítimas Feridas";"Plena Noite";"Crescente";"Céu Claro";"Simples";"Reta";"Sim";5;0;0;1;4;0;1;2;-18,91578008;-54,83862738;"SPRF-MS";"DEL06-MS";"UOP02-DEL06-MS"
374574;2021-08-02;"segunda-feira";"22:45:00";"BA";407;84;"JAGUARARI";"Condutor Dormindo";"Saída de leito carroçável";"Com Vítimas Feridas";"Plena Noite";"Decrescente";"Céu Claro";"Simples";"Reta";"Não";3;0;2;0;1;0;2;1;-10,09621601;-40,23171105;"SPRF-BA";"DEL04-BA";"UOP01-DEL04-BA"
374575;2021-08-02;"segunda-feira";"22:20:00";"PR";116;113,8;"CURITIBA";"Velocidade Incompatível";"Colisão traseira";"Sem Vítimas";"Plena Noite";"Crescente";"Nublado";"Dupla";"Reta";"Sim";2;0;0;0;2;0;0;2;-25,56513636;-49,24675108;"SPRF-PR";"DEL01-PR";"UOP01-DEL01-PR"
374576;2021-08-02;"segunda-feira";"20:30:00";"SC";470;18,6;"ILHOTA";"Condutor deixou de manter distância do veículo da frente";"Colisão traseira";"Com Vítimas Feridas";"Plena Noite";"Decrescente";"Céu Claro";"Simples";"Ponte";"Não";2;0;1;1;0;0;2;2;-26,86039428;-48,81282713;"SPRF-SC";"DEL04-SC";"UOP04-DEL04-SC"
374579;2021-08-02;"segunda-feira";"22:42:00";"GO";70;7;"AGUAS LINDAS DE GOIAS";"Ingestão de álcool pelo condutor";"Colisão com objeto";"Sem Vítimas";"Plena Noite";"Decrescente";"Céu Claro";"Dupla";"Reta";"Sim";1;0;0;0;1;0;0;1;-15,74375533;-48,26779708;"SPRF-DF";"DEL03-DF";"UOP02-DEL03-DF"
374580;2021-01-17;"domingo";"16:55:00";"ES";262;22;"VIANA";"Acessar a via sem observar a presença dos outros veículos";"Colisão frontal";"Com Vítimas Feridas";"Pleno dia";"Crescente";"Céu Claro";"Simples";"Interseção de Vias";"Não";5;0;0;1;1;3;1;3;-20,37573476;-40,51281386;"SPRF-ES";"DEL01-ES";"UOP01-DEL01-ES"
374583;2021-08-02;"segunda-feira";"22:50:00";"GO";60;71,2;"ABADIANIA";"Ingestão de álcool pelo condutor";"Colisão com objeto";"Sem Vítimas";"Plena Noite";"Crescente";"Céu Claro";"Dupla";"Reta";"Não";1;0;0;0;1;0;0;1;-16,2551;-48,7628;"SPRF-GO";"DEL02-GO";"UOP01-DEL02-GO"
374584;2021-08-02;"segunda-feira";"23:30:00";"SP";116;146;"SAO JOSE DOS CAMPOS";"Reação tardia ou ineficiente do condutor";"Tombamento";"Com Vítimas Feridas";"Plena Noite";"Crescente";"Céu Claro";"Múltipla";"Desvio Temporário;Reta;Em Obras;Declive";"Não";2;0;2;0;0;0;2;1;-23,19122919;-45,86327591;"SPRF-SP";"DEL02-SP";"UOP01-DEL02-SP"
374586;2021-08-02;"segunda-feira";"21:45:00";"SC";101;277;"IMBITUBA";"Ausência de reação do condutor";"Colisão com objeto";"Com Vítimas Feridas";"Plena Noite";"Crescente";"Céu Claro";"Dupla";"Reta";"Não";3;0;3;0;0;0;3;1;-28,15478103;-48,69265474;"SPRF-SC";"DEL02-SC";"UOP03-DEL02-SC"
374587;2021-08-02;"segunda-feira";"21:15:00";"SC";101;331,6;"TUBARAO";"Desrespeitar a preferência no cruzamento";"Colisão transversal";"Com Vítimas Feridas";"Plena Noite";"Crescente";"Nublado";"Simples";"Rotatória";"Sim";2;0;1;0;1;0;1;2;-28,465771;-48,995973;"SPRF-SC";"DEL02-SC";"UOP01-DEL02-SC"
374589;2021-08-02;"segunda-feira";"23:10:00";"MT";70;281;"PRIMAVERA DO LESTE";"Acessar a via sem observar a presença dos outros veículos";"Colisão transversal";"Com Vítimas Feridas";"Plena Noite";"Decrescente";"Céu Claro";"Simples";"Reta";"Sim";19;0;1;0;18;0;1;2;-15,56702889;-54,30512706;"SPRF-MT";"DEL05-MT";"UOP01-DEL05-MT"
374590;2021-08-03;"terça-feira";"00:15:00";"PI";316;309;"PICOS";"Velocidade Incompatível";"Colisão com objeto";"Sem Vítimas";"Plena Noite";"Decrescente";"Céu Claro";"Simples";"Rotatória";"Sim";2;0;0;0;2;0;0;1;-7,07778744;-41,48370094;"SPRF-PI";"DEL04-PI";"UOP01-DEL04-PI"
374591;2021-08-03;"terça-feira";"02:00:00";"PR";376;656,1;"TIJUCAS DO SUL";"Reação tardia ou ineficiente do condutor";"Saída de leito carroçável";"Com Vítimas Feridas";"Plena Noite";"Crescente";"Nublado";"Dupla";"Aclive;Curva";"Não";1;0;1;0;0;0;1;1;-25,851864;-49,030924;"SPRF-PR";"DEL01-PR";"UOP04-DEL01-PR"
374593;2021-08-03;"terça-feira";"01:00:00";"GO";60;428;"RIO VERDE";"Ausência de reação do condutor";"Saída de leito carroçável";"Sem Vítimas";"Plena Noite";"Crescente";"Céu Claro";"Dupla";"Curva";"Não";1;0;0;0;0;1;0;1;-17,824454;-51,311927;"SPRF-GO";"DEL04-GO";"UOP01-DEL04-GO"
374595;2021-08-03;"terça-feira";"03:10:00";"PE";408;51,3;"NAZARE DA MATA";"Pedestre cruzava a pista fora da faixa";"Atropelamento de Pedestre";"Com Vítimas Fatais";"Amanhecer";"Decrescente";"Chuva";"Simples";"Curva";"Não";2;1;0;0;0;1;0;2;-7,73723901;-35,23503603;"SPRF-PE";"DEL01-PE";"UOP02-DEL01-PE"
374596;2021-08-03;"terça-feira";"04:30:00";"GO";50;255;"CATALAO";"Ausência de reação do condutor";"Saída de leito carroçável";"Com Vítimas Feridas";"Amanhecer";"Crescente";"Céu Claro";"Dupla";"Reta";"Não";1;0;1;0;0;0;1;1;-18,0093;-47,8085;"SPRF-GO";"DEL06-GO";"UOP01-DEL06-GO"
374599;2021-08-03;"terça-feira";"05:40:00";"PR";277;633,1;"CEU AZUL";"Falta de elemento de contenção que evite a saída do leito carroçável";"Saída de leito carroçável";"Com Vítimas Feridas";"Plena Noite";"Decrescente";"Céu Claro";"Simples";"Curva";"Não";1;0;1;0;0;0;1;1;-25,12585236;-53,81903487;"SPRF-PR";"DEL05-PR";"UOP02-DEL05-PR"
374600;2021-08-03;"terça-feira";"05:55:00";"PA";316;98;"IGARAPE-ACU";"Demais falhas mecânicas ou elétricas";"Incêndio";"Sem Vítimas";"Amanhecer";"Crescente";"Céu Claro";"Simples";"Declive";"Não";2;0;0;0;2;0;0;1;-1,33188337;-47,62160007;"SPRF-PA";"DEL01-PA";"UOP02-DEL01-PA"