"id";"data_inversa";"dia_semana";"horario";"uf";"br";"km";"municipio";"causa_acidente";"tipo_acidente";"classificacao_acidente";"fase_dia";"sentido_via";"condicao_metereologica";"tipo_pista";"tracado_via";"uso_solo";"pessoas";"mortos";"feridos_leves";"feridos_graves";"ilesos";"ignorados";"feridos";"veiculos";"latitude";"longitude";"regional";"delegacia";"uop"
374601;2021-08-03;"terça-feira";"07:10:00";"SC";101;209;"SAO JOSE";"Condutor deixou de manter distância do veículo da frente";"Colisão traseira";"Com Vítimas Feridas";"Amanhecer";"Decrescente";"Céu Claro";"Múltipla";"Reta";"Sim";3;0;3;0;0;0;3;2;-27,61000542;-48,63895057;"SPRF-SC";"DEL01-SC";"UOP01-DEL01-SC"
374602;2021-08-03;"terça-feira";"07:40:00";"PE";101;57,9;"RECIFE";"Condutor deixou de manter distância do veículo da frente";"Colisão traseira";"Com Vítimas Feridas";"Pleno dia";"Crescente";"Chuva";"Dupla";"Reta;Declive";"Não";2;0;1;0;1;0;1;2;-7,96346213;-34,91513486;"SPRF-PE";"DEL01-PE";"UOP02-DEL01-PE"
374604;2021-08-03;"terça-feira";"07:20:00";"PR";116;118,5;"CURITIBA";"Velocidade Incompatível";"Colisão traseira";"Com Vítimas Feridas";"Pleno dia";"Decrescente";"Sol";"Dupla";"Reta";"Sim";2;0;1;0;1;0;1;2;-25,54657438;-49,29173608;"SPRF-PR";"DEL01-PR";"UOP01-DEL01-PR"
374607;2021-08-03;"terça-feira";"07:45:00";"RS";158;324;"SANTA MARIA";"Reação tardia ou ineficiente do condutor";"Colisão lateral mesmo sentido";"Com Vítimas Feridas";"Pleno dia";"Crescente";"Céu Claro";"Dupla";"Declive";"Sim";4;0;1;0;3;0;1;4;-29,69762558;-53,78846438;"SPRF-RS";"DEL09-RS";"UOP01-DEL09-RS"
374609;2021-08-03;"terça-feira";"08:00:00";"SP";116;227;"GUARULHOS";"Manobra de mudança de faixa";"Colisão lateral mesmo sentido";"Com Vítimas Feridas";"Pleno dia";"Crescente";"Nublado";"Múltipla";"Reta";"Sim";2;0;1;0;1;0;1;2;-23,49659264;-46,55648754;"SPRF-SP";"DEL01-SP";"UOP01-DEL01-SP"
374610;2021-08-02;"segunda-feira";"23:30:00";"RJ";493;99,1;"SEROPEDICA";"Entrada inopinada do pedestre";"Atropelamento de Pedestre";"Com Vítimas Feridas";"Plena Noite";"Crescente";"Céu Claro";"Dupla";"Reta";"Não";2;0;1;0;1;0;1;2;-22,74072309;-43,72146606;"SPRF-RJ";"DEL03-RJ";"UOP01-DEL03-RJ"
374611;2021-07-28;"quarta-feira";"00:10:00";"MS";163;775,5;"PEDRO GOMES";"Ingestão de álcool pelo condutor";"Queda de ocupante de veículo";"Com Vítimas Feridas";"Plena Noite";"Crescente";"Céu Claro";"Simples";"Aclive";"Não";1;0;1;0;0;0;1;1;-18,14861824;-54,67704221;"SPRF-MS";"DEL06-MS";"UOP01-DEL06-MS"
374612;2021-08-03;"terça-feira";"08:00:00";"SP";381;81;"SAO PAULO";"Obstrução na via";"Colisão com objeto";"Com Vítimas Feridas";"Pleno dia";"Crescente";"Nublado";"Dupla";"Reta";"Sim";2;0;1;0;1;0;1;2;-23,43069126;-46,57019198;"SPRF-SP";"DEL03-SP";"UOP01-DEL03-SP"
374616;2021-08-03;"terça-feira";"08:20:00";"DF";20;13;"BRASILIA";"Condutor deixou de manter distância do veículo da frente";"Colisão traseira";"Com Vítimas Feridas";"Pleno dia";"Decrescente";"Céu Claro";"Dupla";"Reta";"Não";5;0;1;0;4;0;1;2;-15,638752;-47,749599;"SPRF-DF";"DEL02-DF";"UOP01-DEL02-DF"
374617;2021-08-03;"terça-feira";"08:20:00";"PI";343;3,3;"TERESINA";"Ausência de reação do condutor";"Colisão traseira";"Sem Vítimas";"Pleno dia";"Crescente";"Céu Claro";"Dupla";"Reta";"Sim";2;0;0;0;1;1;0;2;-5,089569;-42,802288;"SPRF-PI";"DEL01-PI";"UOP01-DEL01-PI"
374618;2021-08-03;"terça-feira";"08:40:00";"PE";101;69,8;"RECIFE";"Manobra de mudança de faixa";"Colisão lateral mesmo sentido";"Com Vítimas Feridas";"Pleno dia";"Crescente";"Chuva";"Dupla";"Em Obras";"Sim";3;0;2;0;0;1;2;2;-8,05951606;-34,94581024;"SPRF-PE";"DEL01-PE";"UOP01-DEL01-PE"
374619;2021-08-03;"terça-feira";"08:00:00";"PR";369;162,4;"CAMBE";"Velocidade Incompatível";"Colisão traseira";"Com Vítimas Feridas";"Pleno dia";"Crescente";"Céu Claro";"Dupla";"Declive";"Não";3;0;1;0;2;0;1;2;-23,29638832;-51,28142774;"SPRF-PR";"DEL07-PR";"UOP01-DEL07-PR"
374621;2021-08-03;"terça-feira";"08:20:00";"PE";101;44;"IGARASSU";"Desrespeitar a preferência no cruzamento";"Colisão lateral mesmo sentido";"Com Vítimas Feridas";"Pleno dia";"Decrescente";"Chuva";"Dupla";"Retorno Regulamentado";"Sim";2;0;1;0;1;0;1;2;-7,85637001;-34,90842109;"SPRF-PE";"DEL01-PE";"UOP02-DEL01-PE"
374623;2021-08-03;"terça-feira";"09:00:00";"MT";70;2,3;"BARRA DO GARCAS";"Reação tardia ou ineficiente do condutor";"Colisão transversal";"Com Vítimas Feridas";"Pleno dia";"Decrescente";"Céu Claro";"Dupla";"Reta;Retorno Regulamentado;Aclive";"Sim";3;0;1;0;1;1;1;3;-15,88749699;-52,26810568;"SPRF-MT";"DEL07-MT";"UOP01-DEL07-MT"
374624;2021-08-03;"terça-feira";"09:30:00";"MG";381;509;"SAO JOAQUIM DE BICAS";"Velocidade Incompatível";"Saída de leito carroçável";"Com Vítimas Feridas";"Pleno dia";"Decrescente";"Céu Claro";"Dupla";"Reta";"Sim";1;0;0;1;0;0;1;1;-20,07008;-44,298819;"SPRF-MG";"DEL01-MG";"UOP03-DEL01-MG"
374626;2021-08-03;"terça-feira";"09:45:00";"CE";222;8;"CAUCAIA";"Pista esburacada";"Tombamento";"Com Vítimas Feridas";"Pleno dia";"Crescente";"Nublado";"Dupla";"Reta";"Sim";1;0;1;0;0;0;1;1;-3,75166;-38,63472;"SPRF-CE";"DEL01-CE";"UOP01-DEL01-CE"
374628;2021-08-03;"terça-feira";"10:20:00";"PI";343;2;"TERESINA";"Reação tardia ou ineficiente do condutor";"Colisão traseira";"Com Vítimas Feridas";"Pleno dia";"Decrescente";"Céu Claro";"Simples";"Reta";"Sim";3;0;0;1;2;0;1;3;-5,089569;-42,802288;"SPRF-PI";"DEL01-PI";"UOP01-DEL01-PI"
374629;2021-08-03;"terça-feira";"09:30:00";"RO";319;63,6;"PORTO VELHO";"Condutor desrespeitou a iluminação vermelha do semáforo";"Colisão transversal";"Sem Vítimas";"Pleno dia";"Crescente";"Sol";"Dupla";"Interseção de Vias";"Sim";2;0;0;0;1;1;0;2;-8,76310801;-63,88526201;"SPRF-RO";"DEL01-RO";"UOP01-DEL01-RO"
374630;2021-08-03;"terça-feira";"09:15:00";"CE";116;166,6;"RUSSAS";"Animais na Pista";"Atropelamento de Animal";"Com Vítimas Feridas";"Pleno dia";"Crescente";"Céu Claro";"Simples";"Curva";"Não";2;0;1;1;0;0;2;1;-4,96119891;-38,00312314;"SPRF-CE";"DEL03-CE";"UOP01-DEL03-CE"
374631;2021-08-03;"terça-feira";"09:20:00";"GO";153;514,3;"APARECIDA DE GOIANIA";"Ausência de reação do condutor";"Colisão transversal";"Com Vítimas Feridas";"Pleno dia";"Decrescente";"Céu Claro";"Dupla";"Interseção de Vias";"Sim";3;0;1;0;2;0;1;2;-16,827;-49,242;"SPRF-GO";"DEL01-GO";"UOP03-DEL01-GO"
374633;2021-05-31;"segunda-feira";"07:15:00";"MT";163;833;"SINOP";"Deficiência do Sistema de Iluminação/Sinalização";"Colisão lateral mesmo sentido";"Com Vítimas Feridas";"Pleno dia";"Crescente";"Nublado";"Dupla";"Retorno Regulamentado";"Sim";2;0;1;0;1;0;1;2;-12,004832;-55,51713;"SPRF-MT";"DEL06-MT";"UOP01-DEL06-MT"
374634;2021-02-15;"segunda-feira";"17:30:00";"PI";135;465;"MONTE ALEGRE DO PIAUI";"Manobra de mudança de faixa";"Colisão frontal";"Com Vítimas Feridas";"Anoitecer";"Decrescente";"Garoa/Chuvisco";"Simples";"Curva";"Não";3;0;1;0;0;2;1;3;-9,58262796;-45,03172408;"SPRF-PI";"DEL03-PI";"UOP02-DEL03-PI"
374635;2021-08-03;"terça-feira";"11:30:00";"GO";40;2;"VALPARAISO DE GOIAS";"Trafegar com motocicleta (ou similar) entre as faixas";"Colisão traseira";"Com Vítimas Feridas";"Pleno dia";"Crescente";"Céu Claro";"Dupla";"Reta";"Sim";2;0;1;0;1;0;1;2;-16,0729957;-47,984796;"SPRF-DF";"DEL01-DF";"UOP01-DEL01-DF"
374636;2021-08-03;"terça-feira";"11:45:00";"ES";101;65;"SAO MATEUS";"Ausência de reação do condutor";"Colisão traseira";"Com Vítimas Feridas";"Pleno dia";"Crescente";"Céu Claro";"Simples";"Reta";"Sim";2;0;1;0;1;0;1;2;-18,70935945;-39,87762087;"SPRF-ES";"DEL04-ES";"UOP02-DEL04-ES"
374638;2021-08-03;"terça-feira";"11:45:00";"SP";116;210;"GUARULHOS";"Manobra de mudança de faixa";"Queda de ocupante de veículo";"Com Vítimas Feridas";"Pleno dia";"Crescente";"Céu Claro";"Dupla";"Reta";"Sim";1;0;1;0;0;0;1;1;-23,42870023;-46,41085991;"SPRF-SP";"DEL01-SP";"UOP01-DEL01-SP"
374639;2021-08-03;"terça-feira";"10:25:00";"PB";230;135,1;"CAMPINA GRANDE";"Velocidade Incompatível";"Saída de leito carroçável";"Sem Vítimas";"Pleno dia";"Crescente";"Chuva";"Dupla";"Curva";"Não";2;0;0;0;1;1;0;2;-7,281644;-35,769054;"SPRF-PB";"DEL02-PB";"UOP01-DEL02-PB"
374641;2021-08-03;"terça-feira";"12:15:00";"ES";259;45,5;"COLATINA";"Acumulo de areia ou detritos sobre o pavimento";"Colisão frontal";"Com Vítimas Feridas";"Pleno dia";"Decrescente";"Sol";"Simples";"Curva;Aclive";"Não";5;0;3;0;1;1;3;3;-19,53318486;-40,57148984;"SPRF-ES";"DEL02-ES";"UOP01-DEL02-ES"
374642;2021-08-03;"terça-feira";"11:30:00";"MS";267;364;"MARACAJU";"Ausência de reação do condutor";"Saída de leito carroçável";"Com Vítimas Feridas";"Pleno dia";"Decrescente";"Céu Claro";"Dupla";"Reta";"Não";1;0;0;1;0;0;1;1;-21,6409415;-55,14254883;"SPRF-MS";"DEL02-MS";"UOP02-DEL02-MS"
374643;2021-08-03;"terça-feira";"12:30:00";"MT";70;125;"GENERAL CARNEIRO";"Falta de elemento de contenção que evite a saída do leito carroçável";"Saída de leito carroçável";"Com Vítimas Feridas";"Pleno dia";"Crescente";"Céu Claro";"Simples";"Reta";"Não";2;0;2;0;0;0;2;1;-15,59461561;-53,16440057;"SPRF-MT";"DEL07-MT";"UOP01-DEL07-MT"
374645;2021-08-03;"terça-feira";"09:30:00";"MG";50;20;"ARAGUARI";"Objeto estático sobre o leito carroçável";"Colisão com objeto";"Com Vítimas Feridas";"Pleno dia";"Decrescente";"Céu Claro";"Dupla";"Em Obras";"Não";1;0;1;0;0;0;1;1;-18,58721011;-48,05645629;"SPRF-MG";"DEL15-MG";"UOP02-DEL15-MG"
374646;2021-08-03;"terça-feira";"13:00:00";"RS";116;243,3;"SAO LEOPOLDO";"Condutor deixou de manter distância do veículo da frente";"Colisão traseira";"Sem Vítimas";"Pleno dia";"Decrescente";"Sol";"Dupla";"Declive";"Sim";3;0;0;0;3;0;0;3;-29,73196199;-51,14952004;"SPRF-RS";"DEL01-RS";"UOP02-DEL01-RS"
374647;2021-08-03;"terça-feira";"10:20:00";"RO";364;352;"JI-PARANA";"Condutor deixou de manter distância do veículo da frente";"Colisão com objeto";"Com Vítimas Feridas";"Pleno dia";"Decrescente";"Céu Claro";"Simples";"Reta";"Não";6;0;2;0;4;0;2;2;-10,83322284;-62,01156957;"SPRF-RO";"DEL02-RO";"UOP01-DEL02-RO"
374648;2021-08-03;"terça-feira";"11:30:00";"RO";364;341;"JI-PARANA";"Desrespeitar a preferência no cruzamento";"Colisão transversal";"Com Vítimas Feridas";"Pleno dia";"Crescente";"Céu Claro";"Simples";"Rotatória";"Sim";2;0;1;0;1;0;1;2;-10,88987987;-61,93126772;"SPRF-RO";"DEL02-RO";"UOP01-DEL02-RO"
374649;2021-08-03;"terça-feira";"12:00:00";"RJ";101;289;"ITABORAI";"Acesso irregular";"Colisão transversal";"Com Vítimas Fatais";"Pleno dia";"Decrescente";"Nublado";"Dupla";"Reta";"Sim";2;1;0;0;1;0;0;2;-22,76376316;-42,85172094;"SPRF-RJ";"DEL02-RJ";"UOP03-DEL02-RJ"
374654;2021-08-03;"terça-feira";"13:00:00";"SC";101;38,3;"JOINVILLE";"Desrespeitar a preferência no cruzamento";"Colisão lateral mesmo sentido";"Com Vítimas Feridas";"Pleno dia";"Decrescente";"Céu Claro";"Simples";"Reta";"Sim";2;0;1;0;1;0;1;2;-26,25472505;-48,90561309;"SPRF-SC";"DEL03-SC";"UOP01-DEL03-SC"
374655;2021-08-03;"terça-feira";"07:00:00";"RS";471;158,7;"RIO PARDO";"Neblina";"Colisão frontal";"Com Vítimas Feridas";"Amanhecer";"Decrescente";"Nevoeiro/Neblina";"Simples";"Reta";"Não";3;0;2;0;1;0;2;2;-29,86993592;-52,38989353;"SPRF-RS";"DEL02-RS";"UOP03-DEL02-RS"
374656;2021-08-03;"terça-feira";"12:35:00";"MS";158;113,6;"PARANAIBA";"Pista esburacada";"Colisão com objeto";"Com Vítimas Feridas";"Pleno dia";"Decrescente";"Céu Claro";"Simples";"Aclive";"Não";3;0;2;0;0;1;2;2;-19,81408595;-51,11528138;"SPRF-MS";"DEL08-MS";"UOP01-DEL08-MS"
374657;2021-07-28;"quarta-feira";"22:30:00";"CE";222;6;"CAUCAIA";"Transitar na contramão";"Colisão frontal";"Com Vítimas Feridas";"Plena Noite";"Crescente";"Céu Claro";"Simples";"Aclive";"Não";3;0;0;1;2;0;1;2;-3,74539216;-38,62188041;"SPRF-CE";"DEL01-CE";"UOP01-DEL01-CE"
374659;2021-08-03;"terça-feira";"13:15:00";"RJ";465;16;"NOVA IGUACU";"Demais falhas mecânicas ou elétricas";"Incêndio";"Sem Vítimas";"Pleno dia";"Crescente";"Sol";"Simples";"Reta";"Sim";2;0;0;0;2;0;0;1;-22,815538;-43,624565;"SPRF-RJ";"DEL03-RJ";"UOP01-DEL03-RJ"
374660;2021-08-03;"terça-feira";"14:35:00";"SC";282;19;"PALHOCA";"Ausência de reação do condutor";"Colisão traseira";"Com Vítimas Feridas";"Pleno dia";"Crescente";"Céu Claro";"Dupla";"Reta";"Não";3;0;1;1;1;0;2;2;-27,678635;-48,70192;"SPRF-SC";"DEL01-SC";"UOP02-DEL01-SC"
374661;2021-07-01;"quinta-feira";"17:10:00";"MA";316;69;"GOVERNADOR NUNES FREIRE";"Ultrapassagem Indevida";"Colisão frontal";"Com Vítimas Feridas";"Anoitecer";"Decrescente";"Céu Claro";"Simples";"Reta";"Não";4;0;0;2;1;1;2;3;-2,146757;-45,881973;"SPRF-MA";"DEL02-MA";"UOP02-DEL02-MA"
374662;2021-08-03;"terça-feira";"14:50:00";"ES";101;133,1;"LINHARES";"Condutor deixou de manter distância do veículo da frente";"Colisão traseira";"Com Vítimas Feridas";"Pleno dia";"Crescente";"Céu Claro";"Simples";"Aclive";"Não";2;0;1;0;1;0;1;2;-19,25700702;-40,08983616;"SPRF-ES";"DEL04-ES";"UOP01-DEL04-ES"
374663;2021-07-30;"sexta-feira";"22:55:00";"RJ";101;328;"NITEROI";"Reação tardia ou ineficiente do condutor";"Colisão traseira";"Com Vítimas Feridas";"Plena Noite";"Decrescente";"Céu Claro";"Dupla";"Aclive";"Sim";3;0;2;0;1;0;2;2;-22,87028692;-43,16579699;"SPRF-RJ";"DEL02-RJ";"UOP02-DEL02-RJ"
374665;2021-08-03;"terça-feira";"13:30:00";"RO";364;230,8;"CACOAL";"Ultrapassagem Indevida";"Colisão lateral sentido oposto";"Com Vítimas Feridas";"Pleno dia";"Crescente";"Céu Claro";"Simples";"Reta";"Não";2;0;1;0;0;1;1;2;-11,47694099;-61,39322799;"SPRF-RO";"DEL02-RO";"UOP02-DEL02-RO"
374666;2021-08-03;"terça-feira";"14:50:00";"DF";70;10;"BRASILIA";"Acessar a via sem observar a presença dos outros veículos";"Colisão traseira";"Sem Vítimas";"Pleno dia";"Decrescente";"Céu Claro";"Dupla";"Reta;Retorno Regulamentado";"Sim";4;0;0;0;4;0;0;2;-15,78735;-48,140179;"SPRF-DF";"DEL03-DF";"UOP02-DEL03-DF"
374667;2021-08-03;"terça-feira";"14:50:00";"ES";101;147;"LINHARES";"Ausência de reação do condutor";"Engavetamento";"Com Vítimas Feridas";"Pleno dia";"Crescente";"Céu Claro";"Simples";"Reta";"Sim";4;0;1;0;3;0;1;3;-19,37887202;-40,06657892;"SPRF-ES";"DEL04-ES";"UOP01-DEL04-ES"
374670;2021-08-03;"terça-feira";"13:00:00";"MT";70;602;"POCONE";"Demais falhas mecânicas ou elétricas";"Saída de leito carroçável";"Com Vítimas Feridas";"Pleno dia";"Crescente";"Céu Claro";"Simples";"Declive";"Não";3;0;1;0;2;0;1;1;-15,82642168;-56,74532515;"SPRF-MT";"DEL03-MT";"UOP02-DEL03-MT"
374671;2021-08-01;"domingo";"20:00:00";"RS";386;348,1;"LAJEADO";"Acessar a via sem observar a presença dos outros veículos";"Colisão transversal";"Com Vítimas Feridas";"Plena Noite";"Decrescente";"Céu Claro";"Dupla";"Reta";"Não";3;0;0;1;2;0;1;2;-29,456644;-51,957329;"SPRF-RS";"DEL04-RS";"UOP02-DEL04-RS"
374672;2021-08-03;"terça-feira";"14:40:00";"PR";476;130,9;"CURITIBA";"Reação tardia ou ineficiente do condutor";"Queda de ocupante de veículo";"Com Vítimas Feridas";"Pleno dia";"Decrescente";"Céu Claro";"Múltipla";"Curva";"Sim";1;0;0;1;0;0;1;1;-25,449564;-49,236427;"SPRF-PR";"DEL01-PR";"UOP03-DEL01-PR"
374673;2021-08-03;"terça-feira";"15:15:00";"GO";60;110,5;"GOIANAPOLIS";"Reação tardia ou ineficiente do condutor";"Saída de leito carroçável";"Com Vítimas Feridas";"Pleno dia";"Crescente";"Céu Claro";"Dupla";"Reta";"Não";1;0;0;1;0;0;1;1;-16,45;-49,0316;"SPRF-GO";"DEL01-GO";"UOP01-DEL01-GO"
374675;2021-08-03;"terça-feira";"15:15:00";"DF";20;20;"BRASILIA";"Velocidade Incompatível";"Colisão traseira";"Com Vítimas Feridas";"Pleno dia";"Decrescente";"Céu Claro";"Dupla";"Reta";"Sim";2;0;1;0;1;0;1;2;-15,607905;-47,692791;"SPRF-DF";"DEL02-DF";"UOP01-DEL02-DF"
374677;2021-08-03;"terça-feira";"14:30:00";"MG";381;709,8;"NEPOMUCENO";"Condutor Dormindo";"Saída de leito carroçável";"Sem Vítimas";"Pleno dia";"Crescente";"Céu Claro";"Dupla";"Curva";"Não";1;0;0;0;1;0;0;1;-21,37772086;-45,19419525;"SPRF-MG";"DEL04-MG";"UOP02-DEL04-MG"
374681;2021-06-13;"domingo";"17:50:00";"MG";50;29,3;"ARAGUARI";"Ausência de reação do condutor";"Saída de leito carroçável";"Com Vítimas Feridas";"Plena Noite";"Crescente";"Céu Claro";"Dupla";"Curva";"Não";1;0;1;0;0;0;1;1;-18,62034416;-48,11087208;"SPRF-MG";"DEL15-MG";"UOP02-DEL15-MG"
374685;2021-06-13;"domingo";"23:00:00";"MG";50;12;"UBERLANDIA";"Velocidade Incompatível";"Colisão com objeto";"Com Vítimas Fatais";"Plena Noite";"Decrescente";"Céu Claro";"Simples";"Rotatória";"Não";1;1;0;0;0;0;0;1;-18,90410768;-48,18812795;"SPRF-MG";"DEL15-MG";"UOP01-DEL15-MG"
374686;2021-08-03;"terça-feira";"17:10:00";"RS";116;143,9;"CAXIAS DO SUL";"Acumulo de areia ou detritos sobre o pavimento";"Tombamento";"Com Vítimas Feridas";"Pleno dia";"Decrescente";"Céu Claro";"Dupla";"Curva";"Sim";1;0;1;0;0;0;1;1;-29,1201739;-51,12260651;"SPRF-RS";"DEL05-RS";"UOP01-DEL05-RS"
374689;2021-07-27;"terça-feira";"21:35:00";"MS";163;263;"DOURADOS";"Acessar a via sem observar a presença dos outros veículos";"Colisão transversal";"Com Vítimas Feridas";"Plena Noite";"Crescente";"Garoa/Chuvisco";"Dupla";"Rotatória";"Sim";2;0;1;0;0;1;1;2;-22,23187971;-54,74772876;"SPRF-MS";"DEL04-MS";"UOP01-DEL04-MS"
374690;2021-08-03;"terça-feira";"17:45:00";"ES";101;255;"SERRA";"Acessar a via sem observar a presença dos outros veículos";"Colisão transversal";"Com Vítimas Feridas";"Plena Noite";"Crescente";"Nublado";"Múltipla";"Interseção de Vias";"Sim";2;0;1;0;1;0;1;2;-20,11487935;-40,31943619;"SPRF-ES";"DEL02-ES";"UOP01-DEL02-ES"
374691;2021-08-03;"terça-feira";"17:03:00";"ES";262;58,7;"DOMINGOS MARTINS";"Acessar a via sem observar a presença dos outros veículos";"Colisão transversal";"Com Vítimas Feridas";"Plena Noite";"Crescente";"Nublado";"Simples";"Interseção de Vias";"Não";2;0;0;1;1;0;1;2;-20,42283022;-40,77541351;"SPRF-ES";"DEL01-ES";"UOP01-DEL01-ES"
374694;2021-08-03;"terça-feira";"14:45:00";"MT";163;769;"SORRISO";"Condutor deixou de manter distância do veículo da frente";"Engavetamento";"Com Vítimas Feridas";"Pleno dia";"Decrescente";"Céu Claro";"Simples";"Aclive";"Não";3;0;1;0;2;0;1;3;-12,42241113;-55,63952923;"SPRF-MT";"DEL06-MT";"UOP01-DEL06-MT"
374695;2021-08-03;"terça-feira";"13:10:00";"MG";381;552,6;"ITAGUARA";"Demais falhas mecânicas ou elétricas";"Colisão com objeto";"Sem Vítimas";"Pleno dia";"Crescente";"Céu Claro";"Dupla";"Declive;Reta";"Não";2;0;0;0;2;0;0;1;-20,318886;-44,454885;"SPRF-MG";"DEL04-MG";"UOP03-DEL04-MG"
374696;2021-08-03;"terça-feira";"17:50:00";"SC";101;210;"SAO JOSE";"Trafegar com motocicleta (ou similar) entre as faixas";"Colisão lateral mesmo sentido";"Com Vítimas Feridas";"Anoitecer";"Decrescente";"Céu Claro";"Múltipla";"Reta";"Sim";2;0;1;0;1;0;1;2;-27,6167305;-48,6457265;"SPRF-SC";"DEL01-SC";"UOP01-DEL01-SC"
374697;2021-08-03;"terça-feira";"14:40:00";"AC";317;252;"EPITACIOLANDIA";"Ausência de reação do condutor";"Saída de leito carroçável";"Com Vítimas Feridas";"Pleno dia";"Crescente";"Céu Claro";"Simples";"Reta";"Não";1;0;1;0;0;0;1;1;-10,83218812;-68,47390492;"SPRF-AC";"DEL01-AC";"UOP02-DEL01-AC"
374698;2021-06-01;"terça-feira";"09:00:00";"MG";50;65;"UBERLANDIA";"Ausência de reação do condutor";"Tombamento";"Com Vítimas Feridas";"Pleno dia";"Decrescente";"Céu Claro";"Dupla";"Reta";"Não";1;0;1;0;0;0;1;1;-18,85140204;-48,25345932;"SPRF-MG";"DEL15-MG";"UOP02-DEL15-MG"
374701;2021-08-03;"terça-feira";"18:35:00";"CE";116;17;"ITAITINGA";"Condutor deixou de manter distância do veículo da frente";"Colisão traseira";"Com Vítimas Feridas";"Plena Noite";"Crescente";"Céu Claro";"Dupla";"Reta";"Sim";2;0;1;0;1;0;1;2;-3,89617918;-38,50336042;"SPRF-CE";"DEL01-CE";"UOP02-DEL01-CE"
374702;2021-08-03;"terça-feira";"18:00:00";"CE";222;4;"FORTALEZA";"Pedestre andava na pista";"Atropelamento de Pedestre";"Com Vítimas Feridas";"Plena Noite";"Crescente";"Céu Claro";"Dupla";"Viaduto";"Sim";2;0;0;1;0;1;1;2;-3,74164754;-38,60449792;"SPRF-CE";"DEL01-CE";"UOP01-DEL01-CE"
374703;2021-08-03;"terça-feira";"18:00:00";"RJ";101;431;"MANGARATIBA";"Transitar na contramão";"Colisão lateral sentido oposto";"Sem Vítimas";"Anoitecer";"Crescente";"Garoa/Chuvisco";"Simples";"Reta";"Não";2;0;0;0;2;0;0;2;-22,93294782;-44,02006891;"SPRF-RJ";"DEL03-RJ";"UOP03-DEL03-RJ"
374704;2021-08-03;"terça-feira";"18:50:00";"SC";282;5,5;"SAO JOSE";"Manobra de mudança de faixa";"Colisão lateral mesmo sentido";"Com Vítimas Feridas";"Plena Noite";"Crescente";"Céu Claro";"Múltipla";"Reta";"Sim";2;0;1;0;1;0;1;2;-27,588425;-48,612919;"SPRF-SC";"DEL01-SC";"UOP01-DEL01-SC"
374706;2021-08-03;"terça-feira";"18:40:00";"CE";116;26;"ITAITINGA";"Animais na Pista";"Atropelamento de Animal";"Com Vítimas Feridas";"Plena Noite";"Crescente";"Céu Claro";"Dupla";"Reta";"Sim";2;0;1;1;0;0;2;1;-3,9752959;-38,51436047;"SPRF-CE";"DEL01-CE";"UOP02-DEL01-CE"
374707;2021-08-03;"terça-feira";"19:00:00";"CE";116;26,4;"ITAITINGA";"Obstrução na via";"Colisão traseira";"Com Vítimas Feridas";"Plena Noite";"Crescente";"Céu Claro";"Dupla";"Reta";"Não";2;0;0;1;0;1;1;2;-3,98190962;-38,51463318;"SPRF-CE";"DEL01-CE";"UOP02-DEL01-CE"
374709;2021-06-04;"sexta-feira";"20:10:00";"MG";50;80;"UBERLANDIA";"Demais falhas mecânicas ou elétricas";"Saída de leito carroçável";"Com Vítimas Feridas";"Plena Noite";"Crescente";"Céu Claro";"Dupla";"Reta";"Não";1;0;1;0;0;0;1;1;-18,986906;-48,211853;"SPRF-MG";"DEL15-MG";"UOP01-DEL15-MG"
374711;2021-07-14;"quarta-feira";"15:30:00";"ES";482;90;"ALEGRE";"Ultrapassagem Indevida";"Colisão frontal";"Com Vítimas Feridas";"Pleno dia";"Decrescente";"Céu Claro";"Simples";"Reta";"Não";2;0;1;0;1;0;1;2;-20,76062426;-41,56211411;"SPRF-ES";"DEL03-ES";"UOP02-DEL03-ES"
374713;2021-08-03;"terça-feira";"18:45:00";"RS";116;430;"CRISTAL";"Ausência de reação do condutor";"Tombamento";"Com Vítimas Feridas";"Plena Noite";"Decrescente";"Nublado";"Múltipla";"Reta";"Sim";1;0;1;0;0;0;1;1;-31,01340402;-52,05286687;"SPRF-RS";"DEL02-RS";"UOP02-DEL02-RS"
374714;2021-06-13;"domingo";"01:55:00";"MG";50;36;"ARAGUARI";"Ingestão de álcool pelo condutor";"Colisão com objeto";"Com Vítimas Feridas";"Plena Noite";"Crescente";"Céu Claro";"Dupla";"Reta";"Não";1;0;1;0;0;0;1;1;-18,65453092;-48,14727203;"SPRF-MG";"DEL15-MG";"UOP02-DEL15-MG"
374715;2021-08-03;"terça-feira";"19:50:00";"SP";116;74;"APARECIDA";"Pedestre cruzava a pista fora da faixa";"Atropelamento de Pedestre";"Com Vítimas Feridas";"Plena Noite";"Crescente";"Céu Claro";"Dupla";"Rotatória";"Não";2;0;2;0;0;0;2;2;-22,87353809;-45,25320023;"SPRF-SP";"DEL08-SP";"UOP01-DEL08-SP"