"id";"data_inversa";"dia_semana";"horario";"uf";"br";"km";"municipio";"causa_acidente";"tipo_acidente";"classificacao_acidente";"fase_dia";"sentido_via";"condicao_metereologica";"tipo_pista";"tracado_via";"uso_solo";"pessoas";"mortos";"feridos_leves";"feridos_graves";"ilesos";"ignorados";"feridos";"veiculos";"latitude";"longitude";"regional";"delegacia";"uop"
374960;2021-08-05;"quinta-feira";"06:18:00";"RJ";101;327;"NITEROI";"Ausência de reação do condutor";"Colisão traseira";"Sem Vítimas";"Pleno dia";"Decrescente";"Céu Claro";"Dupla";"Reta";"Não";2;0;0;0;2;0;0;2;-22,87117393;-43,15595099;"SPRF-RJ";"DEL02-RJ";"UOP02-DEL02-RJ"
374963;2021-08-05;"quinta-feira";"06:40:00";"PR";116;126;"FAZENDA RIO GRANDE";"Ausência de reação do condutor";"Colisão traseira";"Com Vítimas Feridas";"Amanhecer";"Decrescente";"Nublado";"Dupla";"Reta";"Sim";2;0;1;0;1;0;1;2;-25,6399788;-49,3129921;"SPRF-PR";"DEL01-PR";"UOP03-DEL01-PR"
374964;2021-08-05;"quinta-feira";"05:10:00";"SC";101;41,7;"JOINVILLE";"Desrespeitar a preferência no cruzamento";"Colisão transversal";"Com Vítimas Feridas";"Amanhecer";"Decrescente";"Garoa/Chuvisco";"Simples";"Rotatória";"Sim";2;0;0;1;1;0;1;2;-26,31881548;-48,8713932;"SPRF-SC";"DEL03-SC";"UOP01-DEL03-SC"
374965;2021-08-05;"quinta-feira";"06:30:00";"SC";163;85,4;"GUARACIABA";"Acessar a via sem observar a presença dos outros veículos";"Colisão transversal";"Com Vítimas Feridas";"Plena Noite";"Decrescente";"Céu Claro";"Simples";"Interseção de Vias;Curva;Declive";"Sim";2;0;0;1;1;0;1;2;-26,60220765;-53,51660371;"SPRF-SC";"DEL07-SC";"UOP03-DEL07-SC"
374967;2021-08-05;"quinta-feira";"07:02:00";"RN";101;95;"NATAL";"Condutor deixou de manter distância do veículo da frente";"Queda de ocupante de veículo";"Sem Vítimas";"Pleno dia";"Decrescente";"Céu Claro";"Simples";"Reta";"Sim";1;0;0;0;1;0;0;1;-5,84076841;-35,21035949;"SPRF-RN";"DEL01-RN";"UOP01-DEL01-RN"
374968;2021-08-05;"quinta-feira";"07:00:00";"PI";343;340,7;"TERESINA";"Acesso irregular";"Colisão transversal";"Com Vítimas Feridas";"Pleno dia";"Crescente";"Céu Claro";"Dupla";"Reta";"Sim";3;0;0;1;2;0;1;3;-5,074137;-42,73629;"SPRF-PI";"DEL01-PI";"UOP01-DEL01-PI"
374970;2021-08-05;"quinta-feira";"07:10:00";"SC";101;216,2;"PALHOCA";"Trafegar com motocicleta (ou similar) entre as faixas";"Tombamento";"Com Vítimas Feridas";"Pleno dia";"Decrescente";"Garoa/Chuvisco";"Simples";"Reta";"Sim";3;0;2;0;1;0;2;2;-27,65981409;-48,67747798;"SPRF-SC";"DEL01-SC";"UOP02-DEL01-SC"
374971;2021-08-05;"quinta-feira";"07:40:00";"PB";230;20;"JOAO PESSOA";"Demais falhas mecânicas ou elétricas";"Tombamento";"Com Vítimas Feridas";"Pleno dia";"Decrescente";"Céu Claro";"Dupla";"Reta";"Não";1;0;1;0;0;0;1;1;-7,1337;-34,8544;"SPRF-PB";"DEL01-PB";"UOP01-DEL01-PB"
374972;2021-08-05;"quinta-feira";"07:00:00";"PE";101;35;"IGARASSU";"Acumulo de água sobre o pavimento";"Colisão com objeto";"Com Vítimas Feridas";"Pleno dia";"Crescente";"Chuva";"Dupla";"Reta";"Não";3;0;2;1;0;0;3;1;-7,77952193;-34,93231384;"SPRF-PE";"DEL01-PE";"UOP02-DEL01-PE"
374973;2021-08-01;"domingo";"23:50:00";"PR";376;183,4;"SARANDI";"Ingestão de álcool pelo condutor";"Saída de leito carroçável";"Sem Vítimas";"Plena Noite";"Decrescente";"Céu Claro";"Dupla";"Reta";"Sim";1;0;0;0;1;0;0;1;-23,44159097;-51,87067398;"SPRF-PR";"DEL09-PR";"UOP01-DEL09-PR"
374974;2021-08-05;"quinta-feira";"07:35:00";"MG";40;529;"CONTAGEM";"Área urbana sem a presença de local apropriado para a travessia de pedestres";"Atropelamento de Pedestre";"Com Vítimas Feridas";"Pleno dia";"Crescente";"Céu Claro";"Dupla";"Reta";"Sim";2;0;1;0;1;0;1;2;-19,91635592;-44,03966566;"SPRF-MG";"DEL01-MG";"UOP02-DEL01-MG"
374975;2021-08-05;"quinta-feira";"07:40:00";"PI";343;3,8;"TERESINA";"Mal súbito do condutor";"Colisão traseira";"Com Vítimas Feridas";"Pleno dia";"Crescente";"Sol";"Múltipla";"Reta";"Sim";3;0;1;0;2;0;1;3;-5,089569;-42,802288;"SPRF-PI";"DEL01-PI";"UOP01-DEL01-PI"
374976;2021-08-05;"quinta-feira";"08:15:00";"CE";116;31,9;"AQUIRAZ";"Avarias e/ou desgaste excessivo no pneu";"Tombamento";"Com Vítimas Feridas";"Pleno dia";"Crescente";"Sol";"Dupla";"Aclive;Reta";"Sim";2;0;1;1;0;0;2;1;-4,02649885;-38,5142114;"SPRF-CE";"DEL01-CE";"UOP02-DEL01-CE"
374977;2021-08-05;"quinta-feira";"07:55:00";"PR";116;125,7;"FAZENDA RIO GRANDE";"Acessar a via sem observar a presença dos outros veículos";"Colisão lateral mesmo sentido";"Com Vítimas Feridas";"Pleno dia";"Crescente";"Nublado";"Dupla";"Reta";"Sim";2;0;1;0;1;0;1;2;-25,59505309;-49,31630659;"SPRF-PR";"DEL01-PR";"UOP03-DEL01-PR"
374978;2021-08-05;"quinta-feira";"07:55:00";"DF";20;17,4;"BRASILIA";"Ausência de reação do condutor";"Colisão traseira";"Com Vítimas Feridas";"Pleno dia";"Decrescente";"Céu Claro";"Múltipla";"Aclive";"Não";3;0;1;0;2;0;1;2;-15,621374;-47,71698;"SPRF-DF";"DEL02-DF";"UOP01-DEL02-DF"
374980;2021-02-17;"quarta-feira";"07:10:00";"PR";376;175;"MARINGA";"Acessar a via sem observar a presença dos outros veículos";"Tombamento";"Com Vítimas Feridas";"Pleno dia";"Decrescente";"Céu Claro";"Múltipla";"Reta";"Sim";1;0;1;0;0;0;1;1;-23,4113569;-51,9407767;"SPRF-PR";"DEL09-PR";"UOP01-DEL09-PR"
374982;2021-08-05;"quinta-feira";"08:00:00";"AL";104;71,1;"MURICI";"Chuva";"Colisão transversal";"Com Vítimas Feridas";"Pleno dia";"Crescente";"Chuva";"Simples";"Curva";"Não";7;0;5;2;0;0;7;2;-9,359222;-35,850508;"SPRF-AL";"DEL01-AL";"UOP02-DEL01-AL"
374984;2021-08-05;"quinta-feira";"07:20:00";"MS";262;326;"CAMPO GRANDE";"Condutor deixou de manter distância do veículo da frente";"Colisão lateral mesmo sentido";"Com Vítimas Feridas";"Pleno dia";"Crescente";"Céu Claro";"Dupla";"Reta";"Sim";2;0;1;0;1;0;1;2;-20,46867409;-54,53455902;"SPRF-MS";"DEL01-MS";"UOP01-DEL01-MS"
374991;2021-08-05;"quinta-feira";"09:15:00";"PI";316;312,9;"PICOS";"Condutor deixou de manter distância do veículo da frente";"Colisão traseira";"Sem Vítimas";"Pleno dia";"Crescente";"Céu Claro";"Simples";"Reta";"Sim";2;0;0;0;2;0;0;2;-7,08092534;-41,4582602;"SPRF-PI";"DEL04-PI";"UOP01-DEL04-PI"
374993;2021-08-05;"quinta-feira";"09:25:00";"RN";101;164,2;"CURRAIS NOVOS";"Carga excessiva e/ou mal acondicionada";"Tombamento";"Com Vítimas Feridas";"Pleno dia";"Decrescente";"Céu Claro";"Simples";"Reta";"Não";1;0;1;0;0;0;1;1;-6,20159144;-36,36046194;"SPRF-RN";"DEL01-RN";"UOP01-DEL01-RN"
374994;2021-08-05;"quinta-feira";"09:00:00";"MG";381;559,4;"ITAGUARA";"Velocidade Incompatível";"Colisão com objeto";"Com Vítimas Fatais";"Pleno dia";"Crescente";"Sol";"Dupla";"Curva";"Não";2;1;0;0;1;0;0;1;-20,38230203;-44,48068397;"SPRF-MG";"DEL04-MG";"UOP03-DEL04-MG"
374995;2021-08-05;"quinta-feira";"06:50:00";"PE";232;17,5;"JABOATAO DOS GUARARAPES";"Velocidade Incompatível";"Capotamento";"Sem Vítimas";"Pleno dia";"Decrescente";"Nublado";"Dupla";"Reta";"Não";1;0;0;0;0;1;0;1;-8,09565202;-35,04581599;"SPRF-PE";"DEL01-PE";"UOP01-DEL01-PE"
374996;2021-08-05;"quinta-feira";"07:05:00";"SC";282;19,8;"PALHOCA";"Mal súbito do condutor";"Tombamento";"Com Vítimas Feridas";"Pleno dia";"Decrescente";"Chuva";"Simples";"Reta";"Não";1;0;1;0;0;0;1;1;-27,678635;-48,70192;"SPRF-SC";"DEL01-SC";"UOP02-DEL01-SC"
374997;2021-08-05;"quinta-feira";"07:45:00";"AL";316;156,3;"PALMEIRA DOS INDIOS";"Acesso irregular";"Colisão transversal";"Com Vítimas Feridas";"Pleno dia";"Crescente";"Céu Claro";"Simples";"Reta";"Não";2;0;1;0;1;0;1;2;-9,42150066;-36,62537421;"SPRF-AL";"DEL03-AL";"UOP01-DEL03-AL"
374998;2021-08-05;"quinta-feira";"07:00:00";"PA";316;33,3;"SANTA IZABEL DO PARA";"Reação tardia ou ineficiente do condutor";"Colisão traseira";"Com Vítimas Feridas";"Pleno dia";"Decrescente";"Céu Claro";"Dupla";"Reta";"Sim";2;0;1;0;1;0;1;2;-1,295293;-48,173601;"SPRF-PA";"DEL01-PA";"UOP01-DEL01-PA"
374999;2021-08-05;"quinta-feira";"06:40:00";"MS";267;32,4;"BATAGUASSU";"Reação tardia ou ineficiente do condutor";"Saída de leito carroçável";"Com Vítimas Feridas";"Pleno dia";"Decrescente";"Céu Claro";"Simples";"Reta;Declive";"Não";1;0;1;0;0;0;1;1;-21,73094727;-52,44889984;"SPRF-MS";"DEL02-MS";"UOP04-DEL02-MS"
375003;2021-08-05;"quinta-feira";"09:45:00";"GO";40;29,5;"LUZIANIA";"Acessar a via sem observar a presença dos outros veículos";"Colisão traseira";"Com Vítimas Fatais";"Pleno dia";"Crescente";"Chuva";"Dupla";"Interseção de Vias";"Sim";3;2;0;0;1;0;0;2;-16,273718;-47,871456;"SPRF-DF";"DEL01-DF";"UOP01-DEL01-DF"
375004;2021-08-05;"quinta-feira";"07:50:00";"GO";40;97;"CRISTALINA";"Reação tardia ou ineficiente do condutor";"Colisão traseira";"Com Vítimas Feridas";"Pleno dia";"Crescente";"Céu Claro";"Simples";"Reta;Aclive";"Sim";2;0;1;0;1;0;1;2;-16,764631;-47,595763;"SPRF-DF";"DEL01-DF";"UOP02-DEL01-DF"
375006;2021-08-05;"quinta-feira";"10:20:00";"RJ";40;117;"DUQUE DE CAXIAS";"Manobra de mudança de faixa";"Colisão traseira";"Com Vítimas Feridas";"Pleno dia";"Crescente";"Céu Claro";"Múltipla";"Reta";"Sim";2;0;1;0;1;0;1;2;-22,74695668;-43,28795671;"SPRF-RJ";"DEL01-RJ";"UOP01-DEL01-RJ"
375007;2021-08-05;"quinta-feira";"08:00:00";"MS";163;483;"CAMPO GRANDE";"Reação tardia ou ineficiente do condutor";"Colisão traseira";"Com Vítimas Feridas";"Pleno dia";"Crescente";"Céu Claro";"Simples";"Reta";"Não";2;0;1;0;1;0;1;2;-20,45726263;-54,54671829;"SPRF-MS";"DEL01-MS";"UOP02-DEL01-MS"
375009;2021-08-05;"quinta-feira";"09:55:00";"PB";101;88,3;"JOAO PESSOA";"Velocidade Incompatível";"Saída de leito carroçável";"Com Vítimas Feridas";"Pleno dia";"Crescente";"Chuva";"Simples";"Curva";"Sim";1;0;1;0;0;0;1;1;-7,16470016;-34,89993643;"SPRF-PB";"DEL01-PB";"UOP01-DEL01-PB"
375010;2021-08-05;"quinta-feira";"10:00:00";"MG";40;509,7;"RIBEIRAO DAS NEVES";"Condutor Dormindo";"Colisão com objeto";"Com Vítimas Feridas";"Pleno dia";"Crescente";"Céu Claro";"Dupla";"Declive;Reta";"Sim";1;0;0;1;0;0;1;1;-19,76728744;-44,12855905;"SPRF-MG";"DEL01-MG";"UOP02-DEL01-MG"
375011;2021-08-05;"quinta-feira";"10:40:00";"RJ";116;43;"TERESOPOLIS";"Curva acentuada";"Queda de ocupante de veículo";"Com Vítimas Feridas";"Pleno dia";"Crescente";"Céu Claro";"Simples";"Curva";"Não";1;0;1;0;0;0;1;1;-22,15063486;-42,80150917;"SPRF-RJ";"DEL04-RJ";"UOP01-DEL04-RJ"
375016;2021-05-09;"domingo";"17:00:00";"ES";262;38,3;"DOMINGOS MARTINS";"Acessar a via sem observar a presença dos outros veículos";"Colisão transversal";"Sem Vítimas";"Plena Noite";"Crescente";"Chuva";"Simples";"Interseção de Vias";"Não";3;0;0;0;3;0;0;3;-20,38085315;-40,62068704;"SPRF-ES";"DEL01-ES";"UOP01-DEL01-ES"
375019;2021-08-05;"quinta-feira";"09:10:00";"SC";282;408,2;"CATANDUVAS";"Condutor Dormindo";"Colisão frontal";"Com Vítimas Feridas";"Pleno dia";"Decrescente";"Sol";"Simples";"Curva";"Sim";5;0;4;0;1;0;4;2;-27,074812;-51,663269;"SPRF-SC";"DEL07-SC";"UOP05-DEL07-SC"
375021;2021-05-12;"quarta-feira";"17:50:00";"PR";376;185,8;"SARANDI";"Condutor deixou de manter distância do veículo da frente";"Colisão traseira";"Com Vítimas Feridas";"Pleno dia";"Crescente";"Chuva";"Dupla";"Reta";"Sim";2;0;1;0;0;1;1;2;-23,45147413;-51,85361808;"SPRF-PR";"DEL09-PR";"UOP01-DEL09-PR"
375024;2021-08-05;"quinta-feira";"09:40:00";"MG";116;226,7;"CATUJI";"Ausência de reação do condutor";"Saída de leito carroçável";"Com Vítimas Feridas";"Pleno dia";"Crescente";"Nublado";"Simples";"Declive;Curva";"Não";4;0;3;0;1;0;3;1;-17,458199;-41,49771;"SPRF-MG";"DEL11-MG";"UOP01-DEL11-MG"
375025;2021-08-05;"quinta-feira";"13:20:00";"RN";304;95;"NATAL";"Acesso irregular";"Colisão transversal";"Com Vítimas Feridas";"Pleno dia";"Crescente";"Sol";"Múltipla";"Retorno Regulamentado";"Sim";2;0;1;0;1;0;1;2;-5,8369793;-35,2118537;"SPRF-RN";"DEL04-RN";"UOP01-DEL04-RN"
375026;2021-08-05;"quinta-feira";"13:39:00";"SP";116;221;"GUARULHOS";"Ausência de reação do condutor";"Tombamento";"Com Vítimas Feridas";"Pleno dia";"Crescente";"Céu Claro";"Dupla";"Reta";"Sim";1;0;1;0;0;0;1;1;-23,46802395;-46,50704901;"SPRF-SP";"DEL01-SP";"UOP01-DEL01-SP"
375027;2021-08-05;"quinta-feira";"12:45:00";"MG";40;714;"BARBACENA";"Ausência de reação do condutor";"Colisão traseira";"Com Vítimas Feridas";"Pleno dia";"Crescente";"Céu Claro";"Dupla";"Reta";"Não";3;0;1;0;1;1;1;2;-21,24829882;-43,67987366;"SPRF-MG";"DEL05-MG";"UOP02-DEL05-MG"
375028;2021-08-05;"quinta-feira";"11:50:00";"RO";364;239;"CACOAL";"Manobra de mudança de faixa";"Colisão lateral mesmo sentido";"Com Vítimas Feridas";"Pleno dia";"Crescente";"Céu Claro";"Simples";"Reta";"Sim";2;0;0;1;1;0;1;2;-11,433816;-61,463071;"SPRF-RO";"DEL02-RO";"UOP02-DEL02-RO"
375031;2021-08-05;"quinta-feira";"09:15:00";"PB";110;191;"MONTEIRO";"Transitar na contramão";"Colisão frontal";"Com Vítimas Feridas";"Pleno dia";"Decrescente";"Céu Claro";"Simples";"Reta";"Não";4;0;3;0;0;1;3;2;-7,94462803;-37,19769698;"SPRF-PB";"DEL02-PB";"UOP02-DEL02-PB"
375032;2021-08-05;"quinta-feira";"13:25:00";"GO";60;19;"ALEXANIA";"Reação tardia ou ineficiente do condutor";"Saída de leito carroçável";"Com Vítimas Feridas";"Pleno dia";"Decrescente";"Céu Claro";"Múltipla";"Curva";"Não";2;0;2;0;0;0;2;1;-16,117597;-48,394711;"SPRF-DF";"DEL03-DF";"UOP01-DEL03-DF"
375033;2021-08-05;"quinta-feira";"12:50:00";"PE";232;333,1;"CUSTODIA";"Ingestão de álcool pelo condutor";"Colisão frontal";"Com Vítimas Feridas";"Pleno dia";"Crescente";"Céu Claro";"Simples";"Reta";"Sim";2;0;1;0;1;0;1;2;-8,0886886;-37,62796997;"SPRF-PE";"DEL03-PE";"UOP02-DEL03-PE"
375034;2021-08-05;"quinta-feira";"12:10:00";"RS";153;49;"ERECHIM";"Manobra de mudança de faixa";"Colisão lateral mesmo sentido";"Com Vítimas Feridas";"Pleno dia";"Decrescente";"Sol";"Simples";"Interseção de Vias";"Sim";3;0;1;0;2;0;1;2;-27,65377742;-52,26064324;"SPRF-RS";"DEL08-RS";"UOP04-DEL08-RS"
375037;2021-08-05;"quinta-feira";"13:00:00";"RR";401;1;"BOA VISTA";"Acessar a via sem observar a presença dos outros veículos";"Queda de ocupante de veículo";"Com Vítimas Feridas";"Pleno dia";"Decrescente";"Sol";"Dupla";"Reta";"Sim";2;0;1;0;1;0;1;2;2,80494162;-60,68729639;"SPRF-RR";"DEL01-RR";"UOP01-DEL01-RR"
375038;2021-08-05;"quinta-feira";"14:10:00";"DF";20;8,8;"BRASILIA";"Ausência de reação do condutor";"Saída de leito carroçável";"Com Vítimas Feridas";"Pleno dia";"Decrescente";"Céu Claro";"Dupla";"Curva";"Sim";1;0;1;0;0;0;1;1;-15,658386;-47,791534;"SPRF-DF";"DEL02-DF";"UOP01-DEL02-DF"
375041;2021-08-05;"quinta-feira";"13:25:00";"BA";330;820;"JITAUNA";"Velocidade Incompatível";"Saída de leito carroçável";"Com Vítimas Feridas";"Pleno dia";"Crescente";"Céu Claro";"Simples";"Reta;Aclive";"Não";2;0;1;1;0;0;2;1;-14,01886497;-39,84041998;"SPRF-BA";"DEL03-BA";"UOP01-DEL03-BA"
375043;2021-08-05;"quinta-feira";"11:30:00";"RJ";493;0;"ITABORAI";"Acessar a via sem observar a presença dos outros veículos";"Colisão transversal";"Com Vítimas Feridas";"Pleno dia";"Crescente";"Céu Claro";"Simples";"Reta";"Sim";3;0;1;1;1;0;2;2;-22,77062;-42,92223;"SPRF-RJ";"DEL02-RJ";"UOP02-DEL02-RJ"
375044;2021-08-05;"quinta-feira";"10:50:00";"RO";364;16;"VILHENA";"Acessar a via sem observar a presença dos outros veículos";"Colisão transversal";"Com Vítimas Feridas";"Pleno dia";"Decrescente";"Céu Claro";"Simples";"Interseção de Vias";"Sim";2;0;1;0;1;0;1;2;-12,73437947;-60,15696986;"SPRF-RO";"DEL04-RO";"UOP01-DEL04-RO"
375045;2021-08-05;"quinta-feira";"10:30:00";"PR";277;710,5;"SANTA TEREZINHA DE ITAIPU";"Animais na Pista";"Atropelamento de Animal";"Com Vítimas Feridas";"Pleno dia";"Decrescente";"Sol";"Dupla";"Aclive";"Não";1;0;1;0;0;0;1;1;-25,45042905;-54,41348698;"SPRF-PR";"DEL05-PR";"UOP01-DEL05-PR"
375048;2021-08-05;"quinta-feira";"14:50:00";"MG";381;803,1;"CAREACU";"Ausência de reação do condutor";"Saída de leito carroçável";"Com Vítimas Feridas";"Pleno dia";"Crescente";"Sol";"Dupla";"Reta";"Não";4;0;2;1;1;0;3;1;-21,99042653;-45,66660933;"SPRF-MG";"DEL16-MG";"UOP02-DEL16-MG"
375051;2021-08-05;"quinta-feira";"16:00:00";"PR";153;42,3;"SANTO ANTONIO DA PLATINA";"Desrespeitar a preferência no cruzamento";"Colisão transversal";"Sem Vítimas";"Pleno dia";"Crescente";"Céu Claro";"Simples";"Interseção de Vias";"Sim";2;0;0;0;2;0;0;2;-23,29711213;-50,06847382;"SPRF-PR";"DEL07-PR";"UOP04-DEL07-PR"
375052;2021-08-05;"quinta-feira";"16:20:00";"BA";407;1;"JUAZEIRO";"Condutor deixou de manter distância do veículo da frente";"Colisão traseira";"Com Vítimas Feridas";"Pleno dia";"Crescente";"Céu Claro";"Simples";"Reta";"Sim";2;0;1;0;1;0;1;2;-9,41845604;-40,50725978;"SPRF-PE";"DEL06-PE";"UOP01-DEL06-PE"
375054;2021-08-05;"quinta-feira";"16:40:00";"CE";116;19;"EUSEBIO";"Manobra de mudança de faixa";"Colisão traseira";"Com Vítimas Feridas";"Pleno dia";"Decrescente";"Céu Claro";"Múltipla";"Reta";"Sim";3;0;2;0;1;0;2;2;-3,91384397;-38,50667231;"SPRF-CE";"DEL01-CE";"UOP02-DEL01-CE"
375055;2021-08-05;"quinta-feira";"16:30:00";"BA";116;9;"VITORIA DA CONQUISTA";"Conversão proibida";"Colisão frontal";"Com Vítimas Feridas";"Pleno dia";"Crescente";"Nublado";"Simples";"Declive";"Sim";2;0;1;0;1;0;1;2;-14,85095274;-40,88295937;"SPRF-BA";"DEL08-BA";"UOP01-DEL08-BA"
375056;2021-08-05;"quinta-feira";"17:29:00";"PI";343;595,4;"FLORIANO";"Retorno proibido";"Colisão transversal";"Com Vítimas Feridas";"Pleno dia";"Crescente";"Céu Claro";"Simples";"Reta";"Sim";3;0;2;0;0;1;2;2;-6,797033;-43,046871;"SPRF-PI";"DEL03-PI";"UOP01-DEL03-PI"
375057;2021-08-05;"quinta-feira";"14:50:00";"ES";101;358;"ANCHIETA";"Velocidade Incompatível";"Saída de leito carroçável";"Com Vítimas Feridas";"Pleno dia";"Decrescente";"Chuva";"Simples";"Rotatória";"Não";1;0;1;0;0;0;1;1;-20,691717;-40,704254;"SPRF-ES";"DEL03-ES";"UOP01-DEL03-ES"
375058;2021-08-05;"quinta-feira";"13:30:00";"MG";116;302,2;"ITAMBACURI";"Pista Escorregadia";"Colisão frontal";"Sem Vítimas";"Pleno dia";"Decrescente";"Chuva";"Simples";"Curva";"Não";2;0;0;0;2;0;0;2;-18,018133;-41,636077;"SPRF-MG";"DEL11-MG";"UOP01-DEL11-MG"
375059;2021-08-05;"quinta-feira";"09:30:00";"ES";259;18;"JOAO NEIVA";"Ausência de reação do condutor";"Saída de leito carroçável";"Sem Vítimas";"Pleno dia";"Decrescente";"Nublado";"Simples";"Reta";"Não";3;0;0;0;0;3;0;1;-19,66544604;-40,44876899;"SPRF-ES";"DEL02-ES";"UOP01-DEL02-ES"
375060;2021-08-05;"quinta-feira";"17:46:00";"PR";277;723,4;"FOZ DO IGUACU";"Manobra de mudança de faixa";"Colisão transversal";"Com Vítimas Feridas";"Pleno dia";"Decrescente";"Céu Claro";"Dupla";"Reta";"Sim";2;0;1;0;1;0;1;2;-25,49878215;-54,52985294;"SPRF-PR";"DEL05-PR";"UOP03-DEL05-PR"
375061;2021-08-05;"quinta-feira";"16:30:00";"SC";101;35,5;"JOINVILLE";"Desrespeitar a preferência no cruzamento";"Colisão transversal";"Com Vítimas Feridas";"Pleno dia";"Crescente";"Sol";"Simples";"Interseção de Vias";"Sim";3;0;1;0;2;0;1;3;-26,2411301;-48,91227415;"SPRF-SC";"DEL03-SC";"UOP01-DEL03-SC"
375062;2021-08-05;"quinta-feira";"17:20:00";"CE";222;2,9;"CAUCAIA";"Acessar a via sem observar a presença dos outros veículos";"Colisão transversal";"Com Vítimas Fatais";"Anoitecer";"Crescente";"Céu Claro";"Simples";"Reta";"Sim";3;1;1;0;1;0;1;3;-3,736507;-38,65337;"SPRF-CE";"DEL01-CE";"UOP01-DEL01-CE"
375065;2021-08-05;"quinta-feira";"17:50:00";"PR";369;144;"LONDRINA";"Condutor deixou de manter distância do veículo da frente";"Colisão traseira";"Sem Vítimas";"Plena Noite";"Decrescente";"Nublado";"Dupla";"Declive;Reta";"Não";3;0;0;0;3;0;0;2;-23,29352073;-51,1088866;"SPRF-PR";"DEL07-PR";"UOP01-DEL07-PR"
375066;2021-08-05;"quinta-feira";"11:12:00";"SC";0;0;"FLORIANOPOLIS";"Pista Escorregadia";"Colisão com objeto";"Sem Vítimas";"Pleno dia";"Não Informado";"Chuva";"Simples";"Curva;Declive;Viaduto";"Sim";4;0;0;0;4;0;0;1;-27,59845444;-48,5550642;"SPRF-SC";"DEL01-SC";"UOP01-DEL01-SC"
375068;2021-08-05;"quinta-feira";"18:00:00";"ES";262;5;"CARIACICA";"Transitar no acostamento";"Atropelamento de Pedestre";"Com Vítimas Feridas";"Plena Noite";"Decrescente";"Nublado";"Dupla";"Reta";"Sim";2;0;0;1;0;1;1;2;-20,33707281;-40,38649924;"SPRF-ES";"DEL01-ES";"UOP01-DEL01-ES"
375069;2021-07-21;"quarta-feira";"00:30:00";"RJ";101;192,1;"CASIMIRO DE ABREU";"Reação tardia ou ineficiente do condutor";"Colisão lateral mesmo sentido";"Com Vítimas Feridas";"Plena Noite";"Decrescente";"Céu Claro";"Dupla";"Reta";"Não";2;0;1;1;0;0;2;2;-22,47314393;-42,08206801;"SPRF-RJ";"DEL08-RJ";"UOP04-DEL08-RJ"
375070;2021-08-05;"quinta-feira";"18:18:00";"PR";277;722,8;"FOZ DO IGUACU";"Reação tardia ou ineficiente do condutor";"Colisão traseira";"Sem Vítimas";"Anoitecer";"Decrescente";"Céu Claro";"Dupla";"Reta";"Sim";2;0;0;0;2;0;0;2;-25,49494908;-54,52095097;"SPRF-PR";"DEL05-PR";"UOP03-DEL05-PR"
375071;2021-08-05;"quinta-feira";"18:15:00";"DF";60;0,8;"BRASILIA";"Acesso irregular";"Colisão transversal";"Com Vítimas Feridas";"Plena Noite";"Crescente";"Céu Claro";"Dupla";"Reta";"Sim";4;0;2;0;2;0;2;2;-15,882499;-48,060212;"SPRF-DF";"DEL03-DF";"UOP01-DEL03-DF"
375074;2021-08-05;"quinta-feira";"18:20:00";"MG";40;523,2;"CONTAGEM";"Reação tardia ou ineficiente do condutor";"Saída de leito carroçável";"Com Vítimas Feridas";"Plena Noite";"Decrescente";"Céu Claro";"Dupla";"Reta";"Sim";1;0;1;0;0;0;1;1;-19,86874894;-44,05962197;"SPRF-MG";"DEL01-MG";"UOP02-DEL01-MG"
375075;2021-08-05;"quinta-feira";"18:00:00";"PR";476;130;"CURITIBA";"Trafegar com motocicleta (ou similar) entre as faixas";"Colisão lateral mesmo sentido";"Com Vítimas Feridas";"Anoitecer";"Crescente";"Céu Claro";"Múltipla";"Reta";"Sim";2;0;1;0;1;0;1;2;-25,449564;-49,236427;"SPRF-PR";"DEL01-PR";"UOP03-DEL01-PR"
375076;2021-08-05;"quinta-feira";"17:45:00";"CE";116;1;"FORTALEZA";"Ausência de reação do condutor";"Colisão traseira";"Com Vítimas Feridas";"Anoitecer";"Decrescente";"Céu Claro";"Múltipla";"Reta";"Sim";4;0;2;0;1;1;2;3;-3,76159894;-38,51900662;"SPRF-CE";"DEL01-CE";"UOP02-DEL01-CE"
375078;2021-08-05;"quinta-feira";"11:30:00";"SC";282;497,2;"XANXERE";"Reação tardia ou ineficiente do condutor";"Saída de leito carroçável";"Com Vítimas Feridas";"Pleno dia";"Decrescente";"Sol";"Simples";"Curva;Aclive";"Não";1;0;1;0;0;0;1;1;-26,880062;-52,344685;"SPRF-SC";"DEL07-SC";"UOP01-DEL07-SC"
375079;2021-07-24;"sábado";"04:45:00";"GO";414;433,3;"ANAPOLIS";"Animais na Pista";"Saída de leito carroçável";"Com Vítimas Feridas";"Plena Noite";"Crescente";"Céu Claro";"Simples";"Aclive;Reta";"Não";2;0;1;0;1;0;1;1;-16,2291999;-48,92857911;"SPRF-GO";"DEL02-GO";"UOP01-DEL02-GO"
375080;2021-08-05;"quinta-feira";"19:00:00";"RN";110;49;"MOSSORO";"Entrada inopinada do pedestre";"Atropelamento de Pedestre";"Com Vítimas Feridas";"Plena Noite";"Decrescente";"Nublado";"Dupla";"Reta";"Sim";2;0;0;2;0;0;2;2;-5,20881178;-37,33285083;"SPRF-RN";"DEL04-RN";"UOP01-DEL04-RN"