"id";"data_inversa";"dia_semana";"horario";"uf";"br";"km";"municipio";"causa_acidente";"tipo_acidente";"classificacao_acidente";"fase_dia";"sentido_via";"condicao_metereologica";"tipo_pista";"tracado_via";"uso_solo";"pessoas";"mortos";"feridos_leves";"feridos_graves";"ilesos";"ignorados";"feridos";"veiculos";"latitude";"longitude";"regional";"delegacia";"uop"
375081;2021-08-05;"quinta-feira";"18:15:00";"SC";101;131,5;"BALNEARIO CAMBORIU";"Animais na Pista";"Colisão traseira";"Com Vítimas Feridas";"Plena Noite";"Decrescente";"Céu Claro";"Dupla";"Reta";"Sim";2;0;1;0;1;0;1;2;-26,99064209;-48,66310912;"SPRF-SC";"DEL04-SC";"UOP03-DEL04-SC"
375082;2021-05-16;"domingo";"17:00:00";"ES";101;261,7;"SERRA";"Mal súbito do condutor";"Colisão frontal";"Com Vítimas Feridas";"Anoitecer";"Crescente";"Céu Claro";"Simples";"Reta";"Sim";3;0;2;1;0;0;3;2;-20,14854215;-40,27970926;"SPRF-ES";"DEL02-ES";"UOP01-DEL02-ES"
375083;2021-08-05;"quinta-feira";"16:55:00";"SC";470;88,2;"ASCURRA";"Condutor deixou de manter distância do veículo da frente";"Colisão traseira";"Com Vítimas Feridas";"Pleno dia";"Crescente";"Ignorado";"Simples";"Reta";"Sim";3;0;1;1;1;0;2;2;-26,955355;-49,373169;"SPRF-SC";"DEL04-SC";"UOP01-DEL04-SC"
375084;2021-08-05;"quinta-feira";"19:20:00";"SC";280;57;"GUARAMIRIM";"Reação tardia ou ineficiente do condutor";"Saída de leito carroçável";"Com Vítimas Feridas";"Plena Noite";"Decrescente";"Céu Claro";"Dupla";"Reta";"Sim";1;0;1;0;0;0;1;1;-26,47811421;-49,01259213;"SPRF-SC";"DEL03-SC";"UOP03-DEL03-SC"
375085;2021-08-05;"quinta-feira";"18:45:00";"SC";470;87,8;"ASCURRA";"Acessar a via sem observar a presença dos outros veículos";"Colisão transversal";"Com Vítimas Feridas";"Plena Noite";"Crescente";"Céu Claro";"Simples";"Rotatória";"Sim";2;0;1;0;1;0;1;2;-26,955355;-49,373169;"SPRF-SC";"DEL04-SC";"UOP01-DEL04-SC"
375089;2021-08-05;"quinta-feira";"18:35:00";"MS";262;349;"CAMPO GRANDE";"Entrada inopinada do pedestre";"Atropelamento de Pedestre";"Com Vítimas Fatais";"Plena Noite";"Crescente";"Nublado";"Simples";"Reta";"Não";2;1;0;1;0;0;1;2;-20,56513;-54,622098;"SPRF-MS";"DEL01-MS";"UOP03-DEL01-MS"
375092;2021-08-05;"quinta-feira";"19:40:00";"SC";101;207;"SAO JOSE";"Manobra de mudança de faixa";"Colisão lateral mesmo sentido";"Com Vítimas Feridas";"Plena Noite";"Crescente";"Céu Claro";"Dupla";"Curva";"Sim";2;0;1;0;1;0;1;2;-27,60001226;-48,6226467;"SPRF-SC";"DEL01-SC";"UOP01-DEL01-SC"
375093;2021-08-05;"quinta-feira";"19:40:00";"MG";267;138,2;"JUIZ DE FORA";"Velocidade Incompatível";"Colisão traseira";"Com Vítimas Feridas";"Plena Noite";"Crescente";"Céu Claro";"Simples";"Reta";"Não";6;0;4;0;2;0;4;2;-21,79071223;-43,67401443;"SPRF-MG";"DEL05-MG";"UOP01-DEL05-MG"
375094;2021-08-05;"quinta-feira";"19:20:00";"CE";20;432;"EUSEBIO";"Manobra de mudança de faixa";"Colisão lateral mesmo sentido";"Sem Vítimas";"Plena Noite";"Decrescente";"Céu Claro";"Dupla";"Reta";"Sim";4;0;0;0;3;1;0;2;-3,864947;-38,47333;"SPRF-CE";"DEL01-CE";"UOP02-DEL01-CE"
375096;2021-08-05;"quinta-feira";"19:10:00";"SC";101;26,9;"JOINVILLE";"Reação tardia ou ineficiente do condutor";"Colisão traseira";"Com Vítimas Feridas";"Plena Noite";"Decrescente";"Céu Claro";"Dupla";"Viaduto;Reta";"Sim";2;0;1;0;1;0;1;2;-26,20130351;-48,91331794;"SPRF-SC";"DEL03-SC";"UOP01-DEL03-SC"
375098;2021-08-05;"quinta-feira";"19:50:00";"RJ";101;312;"SAO GONCALO";"Obstrução na via";"Colisão frontal";"Sem Vítimas";"Plena Noite";"Crescente";"Céu Claro";"Dupla";"Reta";"Sim";12;0;0;0;2;10;0;3;-22,80546555;-43,06156967;"SPRF-RJ";"DEL02-RJ";"UOP02-DEL02-RJ"
375101;2021-08-05;"quinta-feira";"10:55:00";"PI";135;535;"GILBUES";"Ultrapassagem Indevida";"Saída de leito carroçável";"Com Vítimas Feridas";"Pleno dia";"Decrescente";"Céu Claro";"Simples";"Reta";"Não";2;0;2;0;0;0;2;1;-10,00419107;-45,31896007;"SPRF-PI";"DEL03-PI";"UOP02-DEL03-PI"
375104;2021-08-05;"quinta-feira";"19:40:00";"BA";324;623;"SALVADOR";"Manobra de mudança de faixa";"Colisão lateral mesmo sentido";"Com Vítimas Feridas";"Plena Noite";"Crescente";"Céu Claro";"Dupla";"Reta";"Sim";1;0;1;0;0;0;1;1;-12,92628699;-38,46838679;"SPRF-BA";"DEL01-BA";"UOP01-DEL01-BA"
375106;2021-08-05;"quinta-feira";"20:30:00";"PB";230;463,9;"SOUSA";"Ausência de reação do condutor";"Colisão traseira";"Sem Vítimas";"Plena Noite";"Crescente";"Céu Claro";"Simples";"Reta";"Sim";2;0;0;0;0;2;0;2;-6,779;-38,246;"SPRF-PB";"DEL03-PB";"UOP03-DEL03-PB"
375107;2021-08-05;"quinta-feira";"17:10:00";"BA";330;805;"UBATA";"Transitar na contramão";"Colisão frontal";"Com Vítimas Feridas";"Anoitecer";"Crescente";"Céu Claro";"Simples";"Reta";"Sim";2;0;0;1;1;0;1;2;-14,21113876;-39,52331543;"SPRF-BA";"DEL03-BA";"UOP01-DEL03-BA"
375111;2021-08-05;"quinta-feira";"22:30:00";"GO";153;495;"GOIANIA";"Reação tardia ou ineficiente do condutor";"Queda de ocupante de veículo";"Com Vítimas Feridas";"Plena Noite";"Crescente";"Céu Claro";"Dupla";"Reta";"Sim";1;0;0;1;0;0;1;1;-16,6681;-49,2263;"SPRF-GO";"DEL01-GO";"UOP01-DEL01-GO"
375112;2021-08-05;"quinta-feira";"21:45:00";"PR";476;136,8;"CURITIBA";"Velocidade Incompatível";"Saída de leito carroçável";"Com Vítimas Feridas";"Plena Noite";"Crescente";"Nublado";"Dupla";"Reta";"Sim";1;0;1;0;0;0;1;1;-25,49671286;-49,27684665;"SPRF-PR";"DEL01-PR";"UOP03-DEL01-PR"
375113;2021-08-05;"quinta-feira";"20:10:00";"ES";101;65,7;"SAO MATEUS";"Ingestão de álcool pelo condutor";"Queda de ocupante de veículo";"Com Vítimas Feridas";"Plena Noite";"Crescente";"Chuva";"Simples";"Reta";"Sim";1;0;1;0;0;0;1;1;-18,70935945;-39,87762087;"SPRF-ES";"DEL04-ES";"UOP02-DEL04-ES"
375115;2021-08-05;"quinta-feira";"22:50:00";"RJ";101;46;"CAMPOS DOS GOYTACAZES";"Acessar a via sem observar a presença dos outros veículos";"Colisão transversal";"Com Vítimas Feridas";"Plena Noite";"Crescente";"Nublado";"Simples";"Reta";"Não";2;0;1;0;1;0;1;2;-21,59839998;-41,3168335;"SPRF-RJ";"DEL08-RJ";"UOP01-DEL08-RJ"
375117;2021-08-05;"quinta-feira";"22:45:00";"GO";60;25;"ALEXANIA";"Ausência de reação do condutor";"Saída de leito carroçável";"Com Vítimas Feridas";"Plena Noite";"Crescente";"Céu Claro";"Dupla";"Aclive;Reta";"Não";3;0;3;0;0;0;3;1;-16,110009;-48,44651;"SPRF-DF";"DEL03-DF";"UOP01-DEL03-DF"
375118;2021-08-05;"quinta-feira";"22:40:00";"SC";470;67,1;"INDAIAL";"Retorno proibido";"Colisão transversal";"Com Vítimas Feridas";"Plena Noite";"Decrescente";"Céu Claro";"Simples";"Em Obras";"Sim";2;0;1;0;1;0;1;2;-26,872158;-49,23127;"SPRF-SC";"DEL04-SC";"UOP01-DEL04-SC"
375119;2021-08-05;"quinta-feira";"19:00:00";"MG";381;334;"NOVA ERA";"Velocidade Incompatível";"Capotamento";"Com Vítimas Feridas";"Plena Noite";"Decrescente";"Nublado";"Simples";"Curva;Declive";"Não";2;0;0;2;0;0;2;1;-19,81025584;-43,06303471;"SPRF-MG";"DEL03-MG";"UOP01-DEL03-MG"
375123;2021-08-05;"quinta-feira";"20:40:00";"MG";116;236,6;"TEOFILO OTONI";"Velocidade Incompatível";"Colisão com objeto";"Com Vítimas Feridas";"Plena Noite";"Crescente";"Chuva";"Simples";"Reta";"Não";2;0;0;2;0;0;2;1;-17,53796419;-41,47966256;"SPRF-MG";"DEL11-MG";"UOP01-DEL11-MG"
375124;2021-08-06;"sexta-feira";"02:50:00";"PR";376;184;"SARANDI";"Ausência de reação do condutor";"Saída de leito carroçável";"Com Vítimas Feridas";"Plena Noite";"Crescente";"Céu Claro";"Dupla";"Reta";"Sim";2;0;1;0;1;0;1;1;-23,4465611;-51,86216706;"SPRF-PR";"DEL09-PR";"UOP01-DEL09-PR"
375125;2021-08-06;"sexta-feira";"01:25:00";"PR";369;502,2;"CORBELIA";"Demais falhas mecânicas ou elétricas";"Incêndio";"Sem Vítimas";"Plena Noite";"Decrescente";"Céu Claro";"Dupla";"Aclive";"Sim";1;0;0;0;1;0;0;1;-24,8063762;-53,29229593;"SPRF-PR";"DEL04-PR";"UOP03-DEL04-PR"
375127;2021-08-06;"sexta-feira";"03:10:00";"SP";116;169,9;"JACAREI";"Reação tardia ou ineficiente do condutor";"Saída de leito carroçável";"Com Vítimas Feridas";"Plena Noite";"Crescente";"Nublado";"Dupla";"Reta";"Não";2;0;2;0;0;0;2;1;-23,307652;-46,045128;"SPRF-SP";"DEL02-SP";"UOP01-DEL02-SP"
375129;2021-08-06;"sexta-feira";"03:40:00";"SP";116;114;"TAUBATE";"Demais falhas mecânicas ou elétricas";"Saída de leito carroçável";"Com Vítimas Feridas";"Plena Noite";"Crescente";"Céu Claro";"Dupla";"Reta";"Sim";2;0;1;0;1;0;1;1;-23,04654177;-45,59018006;"SPRF-SP";"DEL02-SP";"UOP02-DEL02-SP"
375133;2021-06-11;"sexta-feira";"08:12:00";"BA";101;506;"ITABUNA";"Condutor deixou de manter distância do veículo da frente";"Colisão transversal";"Com Vítimas Feridas";"Pleno dia";"Crescente";"Céu Claro";"Simples";"Declive;Reta";"Não";2;0;0;2;0;0;2;2;-14,80166;-39,292345;"SPRF-BA";"DEL05-BA";"UOP01-DEL05-BA"
375137;2021-08-06;"sexta-feira";"05:35:00";"SC";101;198,8;"SAO JOSE";"Ingestão de álcool pelo condutor";"Saída de leito carroçável";"Sem Vítimas";"Plena Noite";"Decrescente";"Céu Claro";"Múltipla";"Curva";"Sim";1;0;0;0;1;0;0;1;-27,53413705;-48,63003205;"SPRF-SC";"DEL01-SC";"UOP01-DEL01-SC"
375138;2021-08-06;"sexta-feira";"05:20:00";"MG";40;128,3;"JOAO PINHEIRO";"Pedestre andava na pista";"Atropelamento de Pedestre";"Com Vítimas Fatais";"Amanhecer";"Decrescente";"Céu Claro";"Simples";"Reta";"Sim";3;1;0;0;1;1;0;2;-17,70131701;-46,303719;"SPRF-MG";"DEL14-MG";"UOP01-DEL14-MG"
375139;2021-08-06;"sexta-feira";"03:10:00";"MA";316;553,5;"CAXIAS";"Velocidade Incompatível";"Colisão com objeto";"Com Vítimas Feridas";"Plena Noite";"Crescente";"Céu Claro";"Dupla";"Rotatória";"Sim";1;0;1;0;0;0;1;1;-4,877648;-43,338158;"SPRF-MA";"DEL03-MA";"UOP02-DEL03-MA"
375141;2021-08-06;"sexta-feira";"06:00:00";"RS";386;350,5;"ESTRELA";"Ingestão de álcool pelo condutor";"Saída de leito carroçável";"Sem Vítimas";"Plena Noite";"Decrescente";"Nublado";"Dupla";"Reta";"Sim";1;0;0;0;0;1;0;1;-29,48023527;-51,9536376;"SPRF-RS";"DEL04-RS";"UOP02-DEL04-RS"
375142;2021-08-06;"sexta-feira";"06:00:00";"PB";230;304;"SAO MAMEDE";"Demais falhas mecânicas ou elétricas";"Incêndio";"Sem Vítimas";"Pleno dia";"Crescente";"Céu Claro";"Simples";"Declive;Reta";"Não";2;0;0;0;2;0;0;1;-6,9122;-37,0172;"SPRF-PB";"DEL03-PB";"UOP01-DEL03-PB"
375143;2021-08-06;"sexta-feira";"00:50:00";"SC";282;379;"HERVAL DOESTE";"Condutor Dormindo";"Capotamento";"Com Vítimas Feridas";"Plena Noite";"Crescente";"Céu Claro";"Simples";"Rotatória";"Não";1;0;1;0;0;0;1;1;-27,214668;-51,489677;"SPRF-SC";"DEL07-SC";"UOP05-DEL07-SC"
375144;2021-08-05;"quinta-feira";"11:20:00";"SP";116;101,2;"PINDAMONHANGABA";"Condutor deixou de manter distância do veículo da frente";"Colisão lateral mesmo sentido";"Com Vítimas Feridas";"Pleno dia";"Crescente";"Céu Claro";"Dupla";"Reta";"Não";1;0;1;0;0;0;1;1;-22,99074204;-45,48115098;"SPRF-SP";"DEL08-SP";"UOP01-DEL08-SP"
375145;2021-08-06;"sexta-feira";"04:50:00";"SC";101;341,9;"TUBARAO";"Ingestão de álcool e/ou substâncias psicoativas pelo pedestre";"Colisão transversal";"Com Vítimas Feridas";"Plena Noite";"Decrescente";"Nevoeiro/Neblina";"Dupla";"Reta";"Não";2;0;2;0;0;0;2;2;-28,50999405;-49,05070686;"SPRF-SC";"DEL02-SC";"UOP01-DEL02-SC"
375146;2021-08-06;"sexta-feira";"06:35:00";"RS";116;263;"CANOAS";"Desrespeitar a preferência no cruzamento";"Colisão transversal";"Com Vítimas Feridas";"Pleno dia";"Crescente";"Nublado";"Múltipla";"Interseção de Vias";"Sim";2;0;2;0;0;0;2;2;-29,90545398;-51,17674031;"SPRF-RS";"DEL01-RS";"UOP01-DEL01-RS"
375147;2021-08-06;"sexta-feira";"01:15:00";"RS";116;151,7;"CAXIAS DO SUL";"Ingestão de álcool pelo condutor";"Colisão com objeto";"Sem Vítimas";"Plena Noite";"Crescente";"Céu Claro";"Dupla";"Reta";"Sim";1;0;0;0;1;0;0;1;-29,17694502;-51,16173896;"SPRF-RS";"DEL05-RS";"UOP01-DEL05-RS"
375151;2021-08-06;"sexta-feira";"07:25:00";"PR";116;125;"FAZENDA RIO GRANDE";"Ausência de reação do condutor";"Colisão traseira";"Com Vítimas Feridas";"Pleno dia";"Decrescente";"Nublado";"Dupla";"Reta";"Sim";2;0;1;0;1;0;1;2;-25,59505309;-49,31630659;"SPRF-PR";"DEL01-PR";"UOP03-DEL01-PR"
375152;2021-08-06;"sexta-feira";"05:40:00";"ES";259;35,9;"COLATINA";"Ultrapassagem Indevida";"Colisão frontal";"Com Vítimas Feridas";"Amanhecer";"Decrescente";"Ignorado";"Simples";"Reta";"Não";3;0;0;2;1;0;2;3;-19,55539306;-40,49662884;"SPRF-ES";"DEL02-ES";"UOP01-DEL02-ES"
375155;2021-08-06;"sexta-feira";"07:15:00";"SC";101;198;"BIGUACU";"Trafegar com motocicleta (ou similar) entre as faixas";"Colisão lateral mesmo sentido";"Com Vítimas Feridas";"Pleno dia";"Decrescente";"Nublado";"Múltipla";"Reta";"Sim";2;0;1;0;1;0;1;2;-27,52658712;-48,63506019;"SPRF-SC";"DEL01-SC";"UOP01-DEL01-SC"
375156;2021-08-06;"sexta-feira";"05:40:00";"RJ";101;411;"ITAGUAI";"Transitar na contramão";"Capotamento";"Com Vítimas Feridas";"Amanhecer";"Decrescente";"Céu Claro";"Dupla";"Reta";"Não";2;0;1;0;1;0;1;2;-22,89484687;-43,84753204;"SPRF-RJ";"DEL03-RJ";"UOP01-DEL03-RJ"
375157;2021-08-06;"sexta-feira";"06:00:00";"MG";40;739,5;"OLIVEIRA FORTES";"Condutor usando celular";"Colisão com objeto";"Com Vítimas Feridas";"Amanhecer";"Decrescente";"Garoa/Chuvisco";"Simples";"Curva";"Não";1;0;1;0;0;0;1;1;-21,394039;-43,56680295;"SPRF-MG";"DEL05-MG";"UOP01-DEL05-MG"
375160;2021-08-06;"sexta-feira";"07:30:00";"RJ";40;117;"DUQUE DE CAXIAS";"Acumulo de óleo sobre o pavimento";"Queda de ocupante de veículo";"Com Vítimas Feridas";"Pleno dia";"Decrescente";"Céu Claro";"Múltipla";"Curva;Viaduto;Aclive";"Não";1;0;1;0;0;0;1;1;-22,745676;-43,2881;"SPRF-RJ";"DEL01-RJ";"UOP01-DEL01-RJ"
375161;2021-08-06;"sexta-feira";"06:55:00";"AL";101;150;"JEQUIA DA PRAIA";"Reação tardia ou ineficiente do condutor";"Colisão com objeto";"Com Vítimas Feridas";"Pleno dia";"Crescente";"Nublado";"Dupla";"Curva";"Não";1;0;1;0;0;0;1;1;-9,89281265;-36,14986086;"SPRF-AL";"DEL02-AL";"UOP02-DEL02-AL"
375163;2021-08-06;"sexta-feira";"08:00:00";"MG";381;478,5;"CONTAGEM";"Frear bruscamente";"Colisão traseira";"Com Vítimas Feridas";"Pleno dia";"Decrescente";"Céu Claro";"Múltipla";"Reta";"Sim";4;0;1;0;1;2;1;3;-19,95826094;-44,05921101;"SPRF-MG";"DEL01-MG";"UOP03-DEL01-MG"
375165;2021-08-06;"sexta-feira";"08:30:00";"PI";343;333;"TERESINA";"Objeto estático sobre o leito carroçável";"Colisão com objeto";"Com Vítimas Feridas";"Pleno dia";"Decrescente";"Sol";"Dupla";"Reta";"Sim";1;0;1;0;0;0;1;1;-5,056121;-42,678154;"SPRF-PI";"DEL01-PI";"UOP01-DEL01-PI"
375168;2021-08-06;"sexta-feira";"08:39:00";"RJ";101;321;"NITEROI";"Manobra de mudança de faixa";"Colisão lateral mesmo sentido";"Com Vítimas Feridas";"Pleno dia";"Crescente";"Céu Claro";"Dupla";"Reta";"Não";3;0;2;0;1;0;2;2;-22,86981096;-43,11046465;"SPRF-RJ";"DEL02-RJ";"UOP02-DEL02-RJ"
375169;2021-08-06;"sexta-feira";"07:00:00";"RN";304;41,4;"MOSSORO";"Avarias e/ou desgaste excessivo no pneu";"Saída de leito carroçável";"Com Vítimas Feridas";"Pleno dia";"Decrescente";"Céu Claro";"Dupla";"Reta";"Não";1;0;1;0;0;0;1;1;-5,21815835;-37,36500124;"SPRF-RN";"DEL04-RN";"UOP01-DEL04-RN"
375170;2021-08-06;"sexta-feira";"08:00:00";"RS";290;724;"URUGUAIANA";"Condutor deixou de manter distância do veículo da frente";"Colisão traseira";"Sem Vítimas";"Pleno dia";"Crescente";"Céu Claro";"Simples";"Interseção de Vias";"Sim";3;0;0;0;3;0;0;2;-29,74799372;-57,07856655;"SPRF-RS";"DEL13-RS";"UOP01-DEL13-RS"
375171;2021-08-06;"sexta-feira";"08:30:00";"ES";262;5;"CARIACICA";"Acessar a via sem observar a presença dos outros veículos";"Colisão lateral mesmo sentido";"Com Vítimas Feridas";"Pleno dia";"Decrescente";"Nublado";"Múltipla";"Reta";"Sim";2;0;1;0;1;0;1;2;-20,33729886;-40,38668817;"SPRF-ES";"DEL01-ES";"UOP01-DEL01-ES"
375175;2021-07-28;"quarta-feira";"08:00:00";"MA";230;405,8;"BALSAS";"Manobra de mudança de faixa";"Atropelamento de Pedestre";"Com Vítimas Feridas";"Pleno dia";"Decrescente";"Céu Claro";"Dupla";"Reta";"Sim";2;0;2;0;0;0;2;2;-7,52133442;-46,04968976;"SPRF-MA";"DEL05-MA";"UOP01-DEL05-MA"
375176;2021-08-06;"sexta-feira";"09:10:00";"PE";101;50;"ABREU E LIMA";"Entrada inopinada do pedestre";"Atropelamento de Pedestre";"Sem Vítimas";"Pleno dia";"Crescente";"Céu Claro";"Dupla";"Reta";"Sim";2;0;0;0;1;1;0;2;-7,90938602;-34,90123228;"SPRF-PE";"DEL01-PE";"UOP02-DEL01-PE"
375184;2021-08-03;"terça-feira";"08:20:00";"GO";20;88;"VILA BOA";"Acessar a via sem observar a presença dos outros veículos";"Colisão lateral mesmo sentido";"Com Vítimas Feridas";"Pleno dia";"Crescente";"Céu Claro";"Simples";"Reta";"Não";2;0;1;0;1;0;1;2;-15,035155;-47,056973;"SPRF-DF";"DEL02-DF";"UOP01-DEL02-DF"
375187;2021-08-06;"sexta-feira";"06:40:00";"BA";324;526;"FEIRA DE SANTANA";"Avarias e/ou desgaste excessivo no pneu";"Queda de ocupante de veículo";"Com Vítimas Feridas";"Pleno dia";"Decrescente";"Chuva";"Dupla";"Reta";"Não";1;0;1;0;0;0;1;1;-12,30639712;-38,89051509;"SPRF-BA";"DEL01-BA";"UOP03-DEL01-BA"
375188;2021-08-03;"terça-feira";"14:00:00";"MA";230;342;"SAO RAIMUNDO DAS MANGABEIRAS";"Transitar na contramão";"Colisão frontal";"Com Vítimas Fatais";"Pleno dia";"Crescente";"Céu Claro";"Simples";"Aclive;Reta";"Não";2;1;0;0;0;1;0;2;-7,13342106;-45,68976396;"SPRF-MA";"DEL05-MA";"UOP01-DEL05-MA"
375189;2021-08-06;"sexta-feira";"09:50:00";"DF";20;57,6;"BRASILIA";"Obras na pista";"Engavetamento";"Com Vítimas Feridas";"Pleno dia";"Crescente";"Nublado";"Dupla";"Reta;Declive";"Não";6;0;1;0;5;0;1;4;-15,583027;-47,367081;"SPRF-DF";"DEL02-DF";"UOP01-DEL02-DF"
375192;2021-06-12;"sábado";"17:20:00";"ES";101;124;"SOORETAMA";"Ultrapassagem Indevida";"Colisão frontal";"Com Vítimas Fatais";"Anoitecer";"Crescente";"Nublado";"Simples";"Reta;Declive";"Não";2;1;1;0;0;0;1;2;-19,17652792;-40,09118118;"SPRF-ES";"DEL04-ES";"UOP01-DEL04-ES"
375196;2021-08-06;"sexta-feira";"11:00:00";"PR";116;115;"CURITIBA";"Trafegar com motocicleta (ou similar) entre as faixas";"Colisão traseira";"Com Vítimas Feridas";"Pleno dia";"Decrescente";"Céu Claro";"Dupla";"Reta";"Sim";5;0;2;1;2;0;3;3;-25,55953326;-49,26560414;"SPRF-PR";"DEL01-PR";"UOP01-DEL01-PR"
375197;2021-08-06;"sexta-feira";"11:15:00";"ES";262;78,7;"MARECHAL FLORIANO";"Velocidade Incompatível";"Tombamento";"Com Vítimas Feridas";"Pleno dia";"Decrescente";"Chuva";"Simples";"Curva";"Não";3;0;2;0;1;0;2;1;-20,41115651;-40,92351223;"SPRF-ES";"DEL01-ES";"UOP02-DEL01-ES"
375198;2021-08-06;"sexta-feira";"07:00:00";"RO";364;424;"JARU";"Reação tardia ou ineficiente do condutor";"Colisão transversal";"Com Vítimas Feridas";"Pleno dia";"Crescente";"Céu Claro";"Múltipla";"Interseção de Vias;Reta";"Sim";5;0;0;1;4;0;1;2;-10,44457274;-62,46568412;"SPRF-RO";"DEL03-RO";"UOP02-DEL03-RO"
375199;2021-08-06;"sexta-feira";"11:30:00";"SC";470;145;"RIO DO SUL";"Desrespeitar a preferência no cruzamento";"Colisão transversal";"Com Vítimas Feridas";"Pleno dia";"Crescente";"Nublado";"Simples";"Curva";"Sim";2;0;1;0;1;0;1;2;-27,23303408;-49,67236519;"SPRF-SC";"DEL04-SC";"UOP02-DEL04-SC"
375201;2021-08-06;"sexta-feira";"09:14:00";"RN";304;302;"MACAIBA";"Demais falhas mecânicas ou elétricas";"Saída de leito carroçável";"Com Vítimas Feridas";"Pleno dia";"Crescente";"Céu Claro";"Dupla";"Reta";"Sim";1;0;1;0;0;0;1;1;-5,87937446;-35,29790983;"SPRF-RN";"DEL01-RN";"UOP02-DEL01-RN"
375202;2021-08-06;"sexta-feira";"11:30:00";"SP";116;180,5;"GUARAREMA";"Reação tardia ou ineficiente do condutor";"Colisão com objeto";"Com Vítimas Feridas";"Pleno dia";"Decrescente";"Sol";"Dupla";"Curva";"Sim";3;0;2;0;1;0;2;1;-23,33996686;-46,15191611;"SPRF-SP";"DEL01-SP";"UOP01-DEL01-SP"
375203;2021-07-17;"sábado";"21:00:00";"GO";60;60;"ABADIANIA";"Ingestão de álcool pelo condutor";"Colisão lateral mesmo sentido";"Sem Vítimas";"Plena Noite";"Crescente";"Céu Claro";"Dupla";"Reta";"Sim";2;0;0;0;2;0;0;2;-16,1905;-48,7026;"SPRF-GO";"DEL02-GO";"UOP01-DEL02-GO"
375204;2021-08-06;"sexta-feira";"12:35:00";"PR";369;187,7;"ARAPONGAS";"Ultrapassagem Indevida";"Colisão lateral mesmo sentido";"Com Vítimas Feridas";"Pleno dia";"Decrescente";"Céu Claro";"Simples";"Reta";"Sim";2;0;1;0;1;0;1;2;-23,4290606;-51,4228777;"SPRF-PR";"DEL07-PR";"UOP02-DEL07-PR"
375205;2021-08-06;"sexta-feira";"10:50:00";"SC";101;335,5;"TUBARAO";"Desrespeitar a preferência no cruzamento";"Colisão transversal";"Com Vítimas Feridas";"Pleno dia";"Decrescente";"Céu Claro";"Simples";"Interseção de Vias";"Sim";2;0;1;0;1;0;1;2;-28,46927473;-49,01557908;"SPRF-SC";"DEL02-SC";"UOP01-DEL02-SC"
375206;2021-08-06;"sexta-feira";"11:20:00";"BA";324;385;"GAVIAO";"Acessar a via sem observar a presença dos outros veículos";"Colisão frontal";"Com Vítimas Feridas";"Pleno dia";"Crescente";"Céu Claro";"Simples";"Reta";"Não";6;0;0;2;4;0;2;2;-11,48858977;-39,75706888;"SPRF-BA";"DEL04-BA";"UOP02-DEL04-BA"
375208;2021-08-06;"sexta-feira";"12:15:00";"PR";277;729,5;"FOZ DO IGUACU";"Entrada inopinada do pedestre";"Atropelamento de Pedestre";"Com Vítimas Feridas";"Pleno dia";"Decrescente";"Céu Claro";"Dupla";"Curva";"Sim";2;0;0;2;0;0;2;2;-25,50606429;-54,58868283;"SPRF-PR";"DEL05-PR";"UOP03-DEL05-PR"
375209;2021-08-06;"sexta-feira";"11:30:00";"MG";50;16,4;"UBERLANDIA";"Ausência de reação do condutor";"Colisão traseira";"Com Vítimas Feridas";"Pleno dia";"Crescente";"Sol";"Dupla";"Reta";"Sim";2;0;1;0;1;0;1;2;-18,91875025;-48,17968369;"SPRF-MG";"DEL15-MG";"UOP01-DEL15-MG"
375210;2021-06-07;"segunda-feira";"11:00:00";"PA";230;165;"PLACAS";"Acumulo de água sobre o pavimento";"Colisão lateral sentido oposto";"Sem Vítimas";"Pleno dia";"Crescente";"Chuva";"Simples";"Curva";"Não";5;0;0;0;0;5;0;2;-4,060601;-54,74588;"SPRF-PA";"DEL03-PA";"UOP01-DEL03-PA"
375212;2021-08-06;"sexta-feira";"13:05:00";"MG";459;104,7;"POUSO ALEGRE";"Velocidade Incompatível";"Colisão com objeto";"Com Vítimas Feridas";"Pleno dia";"Crescente";"Céu Claro";"Dupla";"Curva";"Não";1;0;0;1;0;0;1;1;-22,23904617;-45,89180002;"SPRF-MG";"DEL16-MG";"UOP01-DEL16-MG"
375213;2021-08-06;"sexta-feira";"12:55:00";"RS";290;724;"URUGUAIANA";"Desrespeitar a preferência no cruzamento";"Colisão transversal";"Com Vítimas Feridas";"Pleno dia";"Decrescente";"Céu Claro";"Simples";"Interseção de Vias";"Sim";2;0;2;0;0;0;2;2;-29,748062;-57,078762;"SPRF-RS";"DEL13-RS";"UOP01-DEL13-RS"
375214;2021-08-06;"sexta-feira";"12:20:00";"RS";293;1;"PELOTAS";"Manobra de mudança de faixa";"Colisão lateral mesmo sentido";"Sem Vítimas";"Pleno dia";"Decrescente";"Céu Claro";"Simples";"Rotatória";"Sim";2;0;0;0;2;0;0;2;-31,7566541;-52,35729933;"SPRF-RS";"DEL07-RS";"UOP01-DEL07-RS"
375217;2021-07-17;"sábado";"12:15:00";"BA";101;732,7;"ITABELA";"Reação tardia ou ineficiente do condutor";"Engavetamento";"Com Vítimas Feridas";"Pleno dia";"Crescente";"Sol";"Simples";"Reta";"Não";4;0;1;0;3;0;1;3;-16,64242503;-39,51341103;"SPRF-BA";"DEL09-BA";"UOP01-DEL09-BA"