"id";"data_inversa";"dia_semana";"horario";"uf";"br";"km";"municipio";"causa_acidente";"tipo_acidente";"classificacao_acidente";"fase_dia";"sentido_via";"condicao_metereologica";"tipo_pista";"tracado_via";"uso_solo";"pessoas";"mortos";"feridos_leves";"feridos_graves";"ilesos";"ignorados";"feridos";"veiculos";"latitude";"longitude";"regional";"delegacia";"uop"
375913;2021-08-08;"domingo";"22:20:00";"MA";222;674;"ACAILANDIA";"Condutor deixou de manter distância do veículo da frente";"Colisão traseira";"Com Vítimas Feridas";"Plena Noite";"Crescente";"Nublado";"Simples";"Aclive";"Sim";2;0;2;0;0;0;2;2;-4,93412557;-47,45359225;"SPRF-MA";"DEL04-MA";"UOP03-DEL04-MA"
375914;2021-08-08;"domingo";"21:00:00";"MG";116;206,5;"CARAI";"Manobra de mudança de faixa";"Colisão transversal";"Com Vítimas Feridas";"Plena Noite";"Decrescente";"Garoa/Chuvisco";"Simples";"Reta";"Sim";3;0;0;2;1;0;2;2;-17,29125695;-41,51824456;"SPRF-MG";"DEL11-MG";"UOP01-DEL11-MG"
375917;2021-08-08;"domingo";"23:45:00";"ES";101;246;"SERRA";"Velocidade Incompatível";"Colisão traseira";"Com Vítimas Feridas";"Plena Noite";"Crescente";"Garoa/Chuvisco";"Simples";"Reta;Aclive";"Não";10;0;4;0;6;0;4;2;-20,06198397;-40,37678888;"SPRF-ES";"DEL02-ES";"UOP01-DEL02-ES"
375918;2021-08-08;"domingo";"23:40:00";"SE";101;93;"NOSSA SENHORA DO SOCORRO";"Acessar a via sem observar a presença dos outros veículos";"Colisão transversal";"Com Vítimas Feridas";"Plena Noite";"Decrescente";"Chuva";"Dupla";"Retorno Regulamentado";"Sim";2;0;0;1;1;0;1;2;-10,90732013;-37,15236691;"SPRF-SE";"DEL01-SE";"UOP01-DEL01-SE"
375919;2021-08-08;"domingo";"20:30:00";"DF";0;0;"BRASILIA";"Reação tardia ou ineficiente do condutor";"Colisão traseira";"Sem Vítimas";"Plena Noite";"Não Informado";"Céu Claro";"Simples";"Reta";"Sim";5;0;0;0;5;0;0;2;-15,81585451;-48,10593367;"SPRF-DF";"N/A";"N/A"
375920;2021-08-08;"domingo";"22:20:00";"PB";230;153;"CAMPINA GRANDE";"Ausência de reação do condutor";"Saída de leito carroçável";"Com Vítimas Feridas";"Plena Noite";"Decrescente";"Céu Claro";"Simples";"Reta";"Não";1;0;0;1;0;0;1;1;-7,2763;-35,8887;"SPRF-PB";"DEL02-PB";"UOP01-DEL02-PB"
375921;2021-08-08;"domingo";"17:15:00";"AM";174;889;"MANAUS";"Condutor deixou de manter distância do veículo da frente";"Saída de leito carroçável";"Com Vítimas Feridas";"Anoitecer";"Decrescente";"Céu Claro";"Simples";"Declive";"Não";4;0;3;1;0;0;4;1;-2,9545072;-60,0333041;"SPRF-AM";"DEL01-AM";"UOP01-DEL01-AM"
375923;2021-08-08;"domingo";"22:30:00";"MG";40;617,5;"CONGONHAS";"Ingestão de álcool pelo condutor";"Colisão traseira";"Com Vítimas Feridas";"Plena Noite";"Decrescente";"Céu Claro";"Simples";"Reta";"Não";5;0;2;0;3;0;2;2;-20,561625;-43,812287;"SPRF-MG";"DEL05-MG";"UOP02-DEL05-MG"
375924;2021-08-08;"domingo";"17:30:00";"GO";60;365;"RIO VERDE";"Ingestão de álcool pelo condutor";"Saída de leito carroçável";"Com Vítimas Feridas";"Pleno dia";"Decrescente";"Céu Claro";"Dupla";"Reta";"Não";1;0;1;0;0;0;1;1;-17,6551;-50,8059;"SPRF-GO";"DEL04-GO";"UOP01-DEL04-GO"
375925;2021-08-08;"domingo";"23:11:00";"SC";101;233,8;"PALHOCA";"Ingestão de álcool ou de substâncias psicoativas pelo pedestre";"Capotamento";"Sem Vítimas";"Plena Noite";"Crescente";"Céu Claro";"Dupla";"Reta";"Não";1;0;0;0;1;0;0;1;-27,80376397;-48,63826211;"SPRF-SC";"DEL01-SC";"UOP02-DEL01-SC"
375929;2021-08-09;"segunda-feira";"00:10:00";"PE";424;64,6;"CAETES";"Reação tardia ou ineficiente do condutor";"Colisão frontal";"Com Vítimas Fatais";"Plena Noite";"Decrescente";"Nevoeiro/Neblina";"Simples";"Declive";"Não";3;1;0;0;2;0;0;2;-8,753403;-36,667581;"SPRF-PE";"DEL03-PE";"UOP01-DEL03-PE"
375930;2021-08-09;"segunda-feira";"00:50:00";"PR";376;2;"SAO JOSE DOS PINHAIS";"Reação tardia ou ineficiente do condutor";"Atropelamento de Pedestre";"Com Vítimas Fatais";"Plena Noite";"Decrescente";"Vento";"Dupla";"Reta";"Sim";4;1;0;0;1;2;0;3;-25,5307;-49,1958;"SPRF-PR";"DEL01-PR";"UOP04-DEL01-PR"
375933;2021-08-09;"segunda-feira";"00:35:00";"AL";316;258;"PILAR";"Chuva";"Queda de ocupante de veículo";"Com Vítimas Feridas";"Plena Noite";"Decrescente";"Chuva";"Simples";"Reta";"Não";1;0;1;0;0;0;1;1;-9,59138313;-35,923087;"SPRF-AL";"DEL02-AL";"UOP01-DEL02-AL"
375934;2021-08-08;"domingo";"23:00:00";"CE";402;258,6;"ITAPIPOCA";"Ausência de reação do condutor";"Colisão lateral mesmo sentido";"Sem Vítimas";"Plena Noite";"Decrescente";"Céu Claro";"Dupla";"Reta";"Sim";2;0;0;0;0;2;0;2;-3,47937222;-39,53631211;"SPRF-CE";"DEL01-CE";"UOP03-DEL01-CE"
375936;2021-08-08;"domingo";"19:30:00";"PA";316;105;"SANTA MARIA DO PARA";"Conversão proibida";"Colisão transversal";"Com Vítimas Fatais";"Plena Noite";"Decrescente";"Chuva";"Simples";"Reta";"Não";2;1;0;0;1;0;0;2;-1,34299853;-47,55895615;"SPRF-PA";"DEL01-PA";"UOP02-DEL01-PA"
375938;2021-08-08;"domingo";"23:50:00";"BA";242;404;"SEABRA";"Ultrapassagem Indevida";"Colisão frontal";"Com Vítimas Feridas";"Plena Noite";"Crescente";"Chuva";"Simples";"Declive;Curva";"Não";8;0;1;1;6;0;2;2;-12,48325648;-41,72110653;"SPRF-BA";"DEL06-BA";"UOP01-DEL06-BA"
375939;2021-08-08;"domingo";"17:50:00";"PB";230;159,4;"CAMPINA GRANDE";"Desrespeitar a preferência no cruzamento";"Colisão transversal";"Com Vítimas Feridas";"Plena Noite";"Crescente";"Céu Claro";"Simples";"Rotatória";"Sim";3;0;1;0;1;1;1;3;-7,252;-35,9334;"SPRF-PB";"DEL02-PB";"UOP01-DEL02-PB"
375940;2021-08-08;"domingo";"19:30:00";"SC";101;442,3;"SANTA ROSA DO SUL";"Deficiência do Sistema de Iluminação/Sinalização";"Colisão traseira";"Com Vítimas Feridas";"Plena Noite";"Decrescente";"Nublado";"Simples";"Reta";"Sim";3;0;1;1;1;0;2;2;-29,12959329;-49,68678391;"SPRF-SC";"DEL02-SC";"UOP02-DEL02-SC"
375944;2021-08-09;"segunda-feira";"05:15:00";"SC";470;45;"GASPAR";"Reação tardia ou ineficiente do condutor";"Queda de ocupante de veículo";"Com Vítimas Feridas";"Plena Noite";"Crescente";"Céu Claro";"Simples";"Reta";"Sim";1;0;1;0;0;0;1;1;-26,867064;-49,031109;"SPRF-SC";"DEL04-SC";"UOP01-DEL04-SC"
375945;2021-08-08;"domingo";"17:30:00";"RS";472;455;"ITAQUI";"Condutor Dormindo";"Colisão lateral sentido oposto";"Com Vítimas Feridas";"Pleno dia";"Decrescente";"Céu Claro";"Simples";"Reta";"Não";5;0;5;0;0;0;5;2;-29,04909683;-56,22373117;"SPRF-RS";"DEL12-RS";"UOP01-DEL12-RS"
375947;2021-08-08;"domingo";"15:50:00";"MT";174;165;"PORTO ESPERIDIAO";"Ultrapassagem Indevida";"Colisão frontal";"Com Vítimas Fatais";"Pleno dia";"Decrescente";"Céu Claro";"Simples";"Reta";"Não";3;1;0;2;0;0;2;2;-15,82799;-58,43389;"SPRF-MT";"DEL03-MT";"UOP01-DEL03-MT"
375948;2021-08-09;"segunda-feira";"00:30:00";"SC";480;130;"CHAPECO";"Ingestão de álcool pelo condutor";"Colisão traseira";"Com Vítimas Feridas";"Plena Noite";"Decrescente";"Céu Claro";"Dupla";"Reta";"Não";2;0;1;0;0;1;1;2;-27,05534298;-52,63652069;"SPRF-SC";"DEL07-SC";"UOP01-DEL07-SC"
375949;2021-08-09;"segunda-feira";"05:45:00";"RS";290;85;"PORTO ALEGRE";"Ausência de reação do condutor";"Colisão com objeto";"Sem Vítimas";"Plena Noite";"Decrescente";"Céu Claro";"Dupla";"Reta";"Não";1;0;0;0;1;0;0;1;-29,967936;-51,106873;"SPRF-RS";"DEL01-RS";"UOP01-DEL01-RS"
375950;2021-08-09;"segunda-feira";"05:00:00";"SC";101;201,3;"SAO JOSE";"Velocidade Incompatível";"Colisão com objeto";"Com Vítimas Feridas";"Plena Noite";"Crescente";"Céu Claro";"Múltipla";"Reta";"Sim";3;0;1;0;2;0;1;3;-27,54836599;-48,61977975;"SPRF-SC";"DEL01-SC";"UOP01-DEL01-SC"
375951;2021-08-09;"segunda-feira";"04:50:00";"SC";101;159;"PORTO BELO";"Ausência de reação do condutor";"Colisão com objeto";"Sem Vítimas";"Plena Noite";"Decrescente";"Céu Claro";"Dupla";"Reta";"Não";2;0;0;0;2;0;0;2;-27,1998778;-48,61534236;"SPRF-SC";"DEL04-SC";"UOP03-DEL04-SC"
375959;2021-08-08;"domingo";"23:14:00";"RS";285;672;"SAO BORJA";"Animais na Pista";"Atropelamento de Animal";"Com Vítimas Feridas";"Plena Noite";"Decrescente";"Céu Claro";"Simples";"Reta";"Sim";4;0;1;0;3;0;1;1;-28,66794;-55,978237;"SPRF-RS";"DEL12-RS";"UOP01-DEL12-RS"
375961;2021-08-09;"segunda-feira";"05:10:00";"PB";230;154;"CAMPINA GRANDE";"Desrespeitar a preferência no cruzamento";"Colisão lateral sentido oposto";"Sem Vítimas";"Amanhecer";"Decrescente";"Céu Claro";"Simples";"Rotatória";"Sim";2;0;0;0;2;0;0;2;-7,2777;-35,8985;"SPRF-PB";"DEL02-PB";"UOP01-DEL02-PB"
375963;2021-08-09;"segunda-feira";"07:20:00";"RS";290;107;"ELDORADO DO SUL";"Condutor deixou de manter distância do veículo da frente";"Colisão traseira";"Com Vítimas Feridas";"Pleno dia";"Decrescente";"Céu Claro";"Dupla";"Aclive;Reta";"Sim";2;0;1;0;1;0;1;2;-30,001852;-51,304264;"SPRF-RS";"DEL02-RS";"UOP01-DEL02-RS"
375964;2021-08-09;"segunda-feira";"07:15:00";"RN";101;84,8;"SAO GONCALO DO AMARANTE";"Condutor deixou de manter distância do veículo da frente";"Queda de ocupante de veículo";"Com Vítimas Feridas";"Pleno dia";"Crescente";"Sol";"Dupla";"Reta";"Sim";1;0;1;0;0;0;1;1;-5,774175;-35,2578;"SPRF-RN";"DEL02-RN";"UOP01-DEL02-RN"
375965;2021-08-09;"segunda-feira";"06:50:00";"RJ";116;140;"DUQUE DE CAXIAS";"Reação tardia ou ineficiente do condutor";"Colisão traseira";"Com Vítimas Feridas";"Pleno dia";"Crescente";"Sol";"Dupla";"Reta";"Não";2;0;1;0;1;0;1;2;-22,66597704;-43,26278687;"SPRF-RJ";"DEL01-RJ";"UOP01-DEL01-RJ"
375966;2021-08-08;"domingo";"20:00:00";"PB";230;152;"CAMPINA GRANDE";"Ausência de reação do condutor";"Saída de leito carroçável";"Sem Vítimas";"Plena Noite";"Crescente";"Céu Claro";"Simples";"Retorno Regulamentado";"Sim";1;0;0;0;0;1;0;1;-7,2688;-35,8837;"SPRF-PB";"DEL02-PB";"UOP01-DEL02-PB"
375967;2021-08-09;"segunda-feira";"06:35:00";"SP";116;220;"GUARULHOS";"Ingestão de álcool pelo condutor";"Colisão traseira";"Sem Vítimas";"Pleno dia";"Crescente";"Céu Claro";"Múltipla";"Reta";"Sim";2;0;0;0;2;0;0;2;-23,46472809;-46,49793962;"SPRF-SP";"DEL01-SP";"UOP01-DEL01-SP"
375968;2021-08-09;"segunda-feira";"07:00:00";"BA";135;135;"RIACHAO DAS NEVES";"Acostamento em desnível";"Capotamento";"Com Vítimas Feridas";"Pleno dia";"Crescente";"Céu Claro";"Simples";"Reta";"Não";5;0;1;0;4;0;1;1;-11,83067715;-44,85667943;"SPRF-BA";"DEL10-BA";"UOP01-DEL10-BA"
375969;2021-08-09;"segunda-feira";"08:10:00";"CE";116;22;"ITAITINGA";"Manobra de mudança de faixa";"Colisão lateral mesmo sentido";"Com Vítimas Feridas";"Pleno dia";"Decrescente";"Céu Claro";"Dupla";"Reta";"Não";3;0;2;0;1;0;2;2;-3,94070798;-38,50918633;"SPRF-CE";"DEL01-CE";"UOP02-DEL01-CE"
375971;2021-08-09;"segunda-feira";"07:55:00";"ES";262;5,2;"CARIACICA";"Condutor deixou de manter distância do veículo da frente";"Colisão traseira";"Com Vítimas Feridas";"Pleno dia";"Decrescente";"Céu Claro";"Múltipla";"Curva";"Sim";2;0;2;0;0;0;2;2;-20,33667969;-40,38941145;"SPRF-ES";"DEL01-ES";"UOP01-DEL01-ES"
375972;2021-08-09;"segunda-feira";"07:20:00";"ES";101;269,8;"SERRA";"Condutor Dormindo";"Colisão traseira";"Sem Vítimas";"Pleno dia";"Crescente";"Sol";"Múltipla";"Reta";"Sim";2;0;0;0;2;0;0;2;-20,22586861;-40,27037501;"SPRF-ES";"DEL02-ES";"UOP01-DEL02-ES"
375974;2021-08-09;"segunda-feira";"08:05:00";"PE";101;65;"RECIFE";"Condutor deixou de manter distância do veículo da frente";"Engavetamento";"Com Vítimas Feridas";"Pleno dia";"Crescente";"Chuva";"Dupla";"Ponte";"Sim";3;0;1;0;2;0;1;3;-8,02304169;-34,94281238;"SPRF-PE";"DEL01-PE";"UOP01-DEL01-PE"
375977;2021-08-09;"segunda-feira";"07:00:00";"CE";116;51,1;"PACAJUS";"Ausência de reação do condutor";"Colisão traseira";"Sem Vítimas";"Pleno dia";"Decrescente";"Céu Claro";"Dupla";"Declive;Curva";"Não";2;0;0;0;1;1;0;2;-4,17865495;-38,49185663;"SPRF-CE";"DEL03-CE";"UOP02-DEL03-CE"
375978;2021-04-23;"sexta-feira";"18:00:00";"PR";277;0,5;"PARANAGUA";"Acessar a via sem observar a presença dos outros veículos";"Colisão lateral sentido oposto";"Com Vítimas Feridas";"Anoitecer";"Crescente";"Ignorado";"Simples";"Reta";"Sim";1;0;1;0;0;0;1;1;-25,51936679;-48,54299963;"SPRF-PR";"DEL01-PR";"UOP05-DEL01-PR"
375979;2021-08-08;"domingo";"23:00:00";"RS";158;416,2;"SAO GABRIEL";"Ultrapassagem Indevida";"Colisão lateral sentido oposto";"Com Vítimas Feridas";"Plena Noite";"Crescente";"Céu Claro";"Simples";"Reta";"Não";3;0;1;0;1;1;1;3;-30,02998095;-54,56219001;"SPRF-RS";"DEL11-RS";"UOP02-DEL11-RS"
375980;2021-08-09;"segunda-feira";"08:15:00";"PB";104;113,9;"LAGOA SECA";"Condutor deixou de manter distância do veículo da frente";"Colisão traseira";"Com Vítimas Feridas";"Pleno dia";"Decrescente";"Nublado";"Simples";"Curva";"Sim";2;0;1;0;1;0;1;2;-7,15342626;-35,85241772;"SPRF-PB";"DEL02-PB";"UOP04-DEL02-PB"
375982;2021-08-09;"segunda-feira";"06:55:00";"SC";280;1;"SAO FRANCISCO DO SUL";"Reação tardia ou ineficiente do condutor";"Tombamento";"Com Vítimas Feridas";"Pleno dia";"Crescente";"Céu Claro";"Simples";"Curva";"Não";1;0;1;0;0;0;1;1;-26,23513098;-48,62815601;"SPRF-SC";"DEL03-SC";"UOP03-DEL03-SC"
375983;2021-08-09;"segunda-feira";"08:35:00";"PB";230;22,5;"JOAO PESSOA";"Ausência de reação do condutor";"Engavetamento";"Com Vítimas Feridas";"Pleno dia";"Decrescente";"Sol";"Dupla";"Reta";"Sim";5;0;1;0;4;0;1;4;-7,1495;-34,8517;"SPRF-PB";"DEL01-PB";"UOP01-DEL01-PB"
375985;2021-08-08;"domingo";"17:55:00";"RJ";465;20,5;"NOVA IGUACU";"Acessar a via sem observar a presença dos outros veículos";"Colisão lateral mesmo sentido";"Sem Vítimas";"Anoitecer";"Crescente";"Céu Claro";"Simples";"Reta";"Não";2;0;0;0;2;0;0;2;-22,850331;-43,602329;"SPRF-RJ";"DEL03-RJ";"UOP01-DEL03-RJ"
375986;2021-08-09;"segunda-feira";"02:00:00";"MA";316;611;"TIMON";"Transitar na contramão";"Colisão frontal";"Com Vítimas Feridas";"Plena Noite";"Decrescente";"Céu Claro";"Simples";"Aclive";"Não";2;0;2;0;0;0;2;2;-5,072684;-42,868118;"SPRF-MA";"DEL03-MA";"UOP02-DEL03-MA"
375987;2021-08-09;"segunda-feira";"08:00:00";"GO";153;503;"GOIANIA";"Frear bruscamente";"Colisão traseira";"Sem Vítimas";"Pleno dia";"Crescente";"Céu Claro";"Dupla";"Reta";"Não";4;0;0;0;4;0;0;4;-16,7366;-49,243;"SPRF-GO";"DEL01-GO";"UOP01-DEL01-GO"
375988;2021-08-09;"segunda-feira";"09:00:00";"RS";290;103,8;"ELDORADO DO SUL";"Ausência de reação do condutor";"Colisão traseira";"Com Vítimas Feridas";"Pleno dia";"Decrescente";"Céu Claro";"Dupla";"Ponte";"Sim";4;0;1;0;3;0;1;3;-29,99017;-51,265766;"SPRF-RS";"DEL02-RS";"UOP01-DEL02-RS"
375989;2021-08-09;"segunda-feira";"08:00:00";"SP";116;270,5;"TABOAO DA SERRA";"Demais falhas mecânicas ou elétricas";"Queda de ocupante de veículo";"Com Vítimas Feridas";"Pleno dia";"Decrescente";"Céu Claro";"Simples";"Curva";"Sim";1;0;1;0;0;0;1;1;-23,61799728;-46,79677694;"SPRF-SP";"DEL04-SP";"UOP01-DEL04-SP"
375990;2021-08-09;"segunda-feira";"08:45:00";"AL";104;93;"RIO LARGO";"Acumulo de água sobre o pavimento";"Saída de leito carroçável";"Sem Vítimas";"Pleno dia";"Decrescente";"Chuva";"Múltipla";"Reta";"Sim";1;0;0;0;1;0;0;1;-9,52891696;-35,79807693;"SPRF-AL";"DEL01-AL";"UOP01-DEL01-AL"
375991;2021-08-09;"segunda-feira";"07:53:00";"RS";392;257;"CACAPAVA DO SUL";"Chuva";"Colisão frontal";"Com Vítimas Fatais";"Pleno dia";"Decrescente";"Garoa/Chuvisco";"Simples";"Reta";"Não";3;1;0;0;2;0;0;2;-30,50180562;-53,47574896;"SPRF-RS";"DEL09-RS";"UOP02-DEL09-RS"
375993;2021-08-09;"segunda-feira";"09:15:00";"MG";40;445,2;"PARAOPEBA";"Manobra de mudança de faixa";"Saída de leito carroçável";"Sem Vítimas";"Pleno dia";"Decrescente";"Céu Claro";"Dupla";"Reta";"Não";1;0;0;0;1;0;0;1;-19,288662;-44,397846;"SPRF-MG";"DEL02-MG";"UOP01-DEL02-MG"
375995;2021-08-09;"segunda-feira";"08:50:00";"RS";290;84;"CACHOEIRINHA";"Avarias e/ou desgaste excessivo no pneu";"Queda de ocupante de veículo";"Com Vítimas Feridas";"Pleno dia";"Decrescente";"Céu Claro";"Múltipla";"Reta";"Sim";2;0;1;0;1;0;1;1;-29,96376;-51,097771;"SPRF-RS";"DEL01-RS";"UOP01-DEL01-RS"
375996;2021-08-09;"segunda-feira";"09:30:00";"PB";101;81;"BAYEUX";"Ausência de reação do condutor";"Colisão traseira";"Sem Vítimas";"Pleno dia";"Crescente";"Céu Claro";"Dupla";"Reta";"Sim";2;0;0;0;2;0;0;2;-7,12508575;-34,94513217;"SPRF-PB";"DEL01-PB";"UOP01-DEL01-PB"
375997;2021-08-09;"segunda-feira";"09:00:00";"CE";116;36;"HORIZONTE";"Demais falhas mecânicas ou elétricas";"Tombamento";"Com Vítimas Feridas";"Pleno dia";"Decrescente";"Céu Claro";"Dupla";"Reta";"Não";1;0;1;0;0;0;1;1;-4,06091689;-38,50402951;"SPRF-CE";"DEL01-CE";"UOP02-DEL01-CE"
375998;2021-08-07;"sábado";"11:20:00";"RO";364;346,5;"JI-PARANA";"Acessar a via sem observar a presença dos outros veículos";"Colisão transversal";"Com Vítimas Feridas";"Pleno dia";"Crescente";"Céu Claro";"Dupla";"Reta";"Sim";2;0;1;0;1;0;1;2;-10,86070186;-61,9761549;"SPRF-RO";"DEL02-RO";"UOP01-DEL02-RO"
375999;2021-08-09;"segunda-feira";"10:00:00";"MG";381;878,5;"ESTIVA";"Obras na pista";"Atropelamento de Pedestre";"Com Vítimas Feridas";"Pleno dia";"Crescente";"Sol";"Dupla";"Reta";"Não";3;0;1;0;1;1;1;2;-22,49086793;-46,01107952;"SPRF-MG";"DEL16-MG";"UOP01-DEL16-MG"
376000;2021-08-09;"segunda-feira";"09:30:00";"SP";116;180;"GUARAREMA";"Animais na Pista";"Atropelamento de Animal";"Com Vítimas Feridas";"Pleno dia";"Decrescente";"Céu Claro";"Múltipla";"Reta";"Não";2;0;2;0;0;0;2;1;-23,336372;-46,14513;"SPRF-SP";"DEL01-SP";"UOP01-DEL01-SP"
376001;2021-08-09;"segunda-feira";"08:25:00";"SC";101;137,8;"BALNEARIO CAMBORIU";"Reação tardia ou ineficiente do condutor";"Tombamento";"Com Vítimas Feridas";"Pleno dia";"Crescente";"Céu Claro";"Dupla";"Reta";"Sim";1;0;0;1;0;0;1;1;-27,0157238;-48,61192763;"SPRF-SC";"DEL04-SC";"UOP03-DEL04-SC"
376002;2021-08-09;"segunda-feira";"10:20:00";"SP";116;210;"GUARULHOS";"Velocidade Incompatível";"Tombamento";"Com Vítimas Feridas";"Pleno dia";"Crescente";"Sol";"Dupla";"Reta";"Sim";1;0;1;0;0;0;1;1;-23,42870023;-46,41085991;"SPRF-SP";"DEL01-SP";"UOP01-DEL01-SP"
376004;2021-07-24;"sábado";"21:39:00";"SC";101;208,4;"SAO JOSE";"Ingestão de álcool pelo condutor";"Colisão traseira";"Com Vítimas Feridas";"Plena Noite";"Crescente";"Céu Claro";"Múltipla";"Reta";"Sim";3;0;2;0;1;0;2;3;-27,60539986;-48,63421619;"SPRF-SC";"DEL01-SC";"UOP01-DEL01-SC"
376006;2021-08-09;"segunda-feira";"09:10:00";"PI";343;439,5;"LAGOINHA DO PIAUI";"Acessar a via sem observar a presença dos outros veículos";"Colisão com objeto";"Sem Vítimas";"Pleno dia";"Decrescente";"Céu Claro";"Dupla";"Interseção de Vias";"Não";2;0;0;0;2;0;0;2;-5,85199196;-42,62532234;"SPRF-PI";"DEL01-PI";"UOP02-DEL01-PI"
376012;2021-08-09;"segunda-feira";"07:15:00";"MT";364;1240;"COMODORO";"Reação tardia ou ineficiente do condutor";"Saída de leito carroçável";"Com Vítimas Feridas";"Pleno dia";"Decrescente";"Céu Claro";"Simples";"Reta";"Não";1;0;1;0;0;0;1;1;-13,77449883;-59,66686478;"SPRF-MT";"DEL04-MT";"UOP01-DEL04-MT"
376014;2021-08-09;"segunda-feira";"11:15:00";"SP";116;224,5;"GUARULHOS";"Trafegar com motocicleta (ou similar) entre as faixas";"Colisão traseira";"Com Vítimas Feridas";"Pleno dia";"Crescente";"Céu Claro";"Dupla";"Reta";"Sim";2;0;1;0;1;0;1;2;-23,48071896;-46,53271603;"SPRF-SP";"DEL01-SP";"UOP01-DEL01-SP"
376017;2021-08-09;"segunda-feira";"11:50:00";"RJ";116;180,4;"NOVA IGUACU";"Trafegar com motocicleta (ou similar) entre as faixas";"Colisão com objeto";"Com Vítimas Feridas";"Pleno dia";"Decrescente";"Sol";"Dupla";"Reta";"Sim";3;0;1;0;0;2;1;3;-22,73977319;-43,46775055;"SPRF-RJ";"DEL01-RJ";"UOP02-DEL01-RJ"
376018;2021-08-09;"segunda-feira";"10:30:00";"SC";282;21,5;"PALHOCA";"Reação tardia ou ineficiente do condutor";"Colisão traseira";"Com Vítimas Feridas";"Pleno dia";"Crescente";"Céu Claro";"Simples";"Reta";"Sim";2;0;1;0;1;0;1;2;-27,68907;-48,717541;"SPRF-SC";"DEL01-SC";"UOP02-DEL01-SC"
376020;2021-08-09;"segunda-feira";"12:00:00";"SC";101;206,8;"SAO JOSE";"Mal súbito do condutor";"Colisão com objeto";"Sem Vítimas";"Pleno dia";"Crescente";"Sol";"Simples";"Reta;Viaduto";"Sim";1;0;0;0;1;0;0;1;-27,59193546;-48,61824557;"SPRF-SC";"DEL01-SC";"UOP01-DEL01-SC"
376022;2021-08-09;"segunda-feira";"10:10:00";"PR";277;466,6;"LARANJEIRAS DO SUL";"Curva acentuada";"Tombamento";"Com Vítimas Feridas";"Pleno dia";"Decrescente";"Céu Claro";"Simples";"Curva";"Não";1;0;1;0;0;0;1;1;-25,35433409;-52,48223603;"SPRF-PR";"DEL04-PR";"UOP02-DEL04-PR"
376024;2021-08-09;"segunda-feira";"11:50:00";"SC";470;58,4;"BLUMENAU";"Ausência de reação do condutor";"Colisão lateral sentido oposto";"Com Vítimas Feridas";"Pleno dia";"Decrescente";"Nublado";"Simples";"Reta";"Não";2;0;1;0;1;0;1;2;-26,883879;-49,145622;"SPRF-SC";"DEL04-SC";"UOP01-DEL04-SC"
376026;2021-08-09;"segunda-feira";"12:45:00";"PR";277;601,4;"CASCAVEL";"Velocidade Incompatível";"Saída de leito carroçável";"Com Vítimas Feridas";"Pleno dia";"Crescente";"Céu Claro";"Dupla";"Reta";"Sim";1;0;1;0;0;0;1;1;-25,01834069;-53,54356825;"SPRF-PR";"DEL04-PR";"UOP01-DEL04-PR"
376030;2021-08-09;"segunda-feira";"09:00:00";"PA";230;112;"MARABA";"Condutor deixou de manter distância do veículo da frente";"Colisão traseira";"Com Vítimas Feridas";"Pleno dia";"Crescente";"Céu Claro";"Simples";"Reta";"Não";3;0;1;0;2;0;1;3;-5,36913479;-49,04877095;"SPRF-PA";"DEL03-PA";"UOP01-DEL03-PA"
376031;2021-08-09;"segunda-feira";"09:20:00";"SC";101;367,4;"ICARA";"Condutor deixou de manter distância do veículo da frente";"Colisão com objeto";"Com Vítimas Feridas";"Pleno dia";"Decrescente";"Céu Claro";"Dupla";"Reta;Aclive";"Não";1;0;1;0;0;0;1;1;-28,69841782;-49,18441772;"SPRF-SC";"DEL02-SC";"UOP01-DEL02-SC"
376032;2021-08-09;"segunda-feira";"12:15:00";"PR";369;187;"ARAPONGAS";"Ultrapassagem Indevida";"Colisão transversal";"Com Vítimas Feridas";"Pleno dia";"Decrescente";"Céu Claro";"Simples";"Reta";"Sim";3;0;1;0;1;1;1;3;-23,426644;-51,423182;"SPRF-PR";"DEL07-PR";"UOP02-DEL07-PR"
376033;2021-08-09;"segunda-feira";"13:20:00";"ES";101;147;"LINHARES";"Desrespeitar a preferência no cruzamento";"Colisão transversal";"Com Vítimas Feridas";"Pleno dia";"Crescente";"Céu Claro";"Simples";"Reta";"Não";2;0;0;1;1;0;1;2;-19,37887202;-40,06657892;"SPRF-ES";"DEL04-ES";"UOP01-DEL04-ES"
376034;2021-08-09;"segunda-feira";"13:30:00";"PR";277;356;"GUARAPUAVA";"Condutor deixou de manter distância do veículo da frente";"Colisão traseira";"Com Vítimas Feridas";"Pleno dia";"Decrescente";"Sol";"Simples";"Aclive;Reta";"Não";2;0;0;1;1;0;1;2;-25,41884895;-51,57537103;"SPRF-PR";"DEL08-PR";"UOP01-DEL08-PR"
376035;2021-07-20;"terça-feira";"16:50:00";"PR";476;134;"CURITIBA";"Trafegar com motocicleta (ou similar) entre as faixas";"Colisão traseira";"Com Vítimas Feridas";"Anoitecer";"Decrescente";"Céu Claro";"Múltipla";"Interseção de Vias";"Sim";2;0;0;1;1;0;1;2;-25,474231;-49,257634;"SPRF-PR";"DEL01-PR";"UOP03-DEL01-PR"