"id";"data_inversa";"dia_semana";"horario";"uf";"br";"km";"municipio";"causa_acidente";"tipo_acidente";"classificacao_acidente";"fase_dia";"sentido_via";"condicao_metereologica";"tipo_pista";"tracado_via";"uso_solo";"pessoas";"mortos";"feridos_leves";"feridos_graves";"ilesos";"ignorados";"feridos";"veiculos";"latitude";"longitude";"regional";"delegacia";"uop"
376036;2021-08-09;"segunda-feira";"10:30:00";"RO";364;423;"JARU";"Ausência de reação do condutor";"Colisão traseira";"Sem Vítimas";"Pleno dia";"Crescente";"Céu Claro";"Simples";"Reta";"Sim";4;0;0;0;4;0;0;2;-10,45220802;-62,46072003;"SPRF-RO";"DEL03-RO";"UOP02-DEL03-RO"
376038;2021-08-09;"segunda-feira";"13:20:00";"GO";60;468;"JATAI";"Manobra de mudança de faixa";"Capotamento";"Sem Vítimas";"Pleno dia";"Decrescente";"Céu Claro";"Dupla";"Reta";"Não";3;0;0;0;3;0;0;1;-17,90958097;-51,68436527;"SPRF-GO";"DEL05-GO";"UOP01-DEL05-GO"
376039;2021-08-09;"segunda-feira";"14:15:00";"RS";386;351,6;"ESTRELA";"Condutor Dormindo";"Saída de leito carroçável";"Com Vítimas Feridas";"Pleno dia";"Decrescente";"Sol";"Dupla";"Curva";"Não";3;0;2;0;1;0;2;1;-29,489127;-51,952674;"SPRF-RS";"DEL04-RS";"UOP02-DEL04-RS"
376040;2021-08-09;"segunda-feira";"10:10:00";"MG";381;891,7;"CAMBUI";"Ausência de reação do condutor";"Capotamento";"Com Vítimas Feridas";"Pleno dia";"Crescente";"Sol";"Dupla";"Curva";"Não";1;0;1;0;0;0;1;1;-22,59361712;-46,05563886;"SPRF-MG";"DEL16-MG";"UOP03-DEL16-MG"
376041;2021-07-31;"sábado";"18:00:00";"MS";163;261;"DOURADOS";"Reação tardia ou ineficiente do condutor";"Colisão traseira";"Com Vítimas Feridas";"Plena Noite";"Crescente";"Céu Claro";"Dupla";"Reta";"Sim";2;0;1;0;0;1;1;2;-22,23864271;-54,76552912;"SPRF-MS";"DEL04-MS";"UOP01-DEL04-MS"
376043;2021-08-09;"segunda-feira";"14:30:00";"SP";116;217;"GUARULHOS";"Reação tardia ou ineficiente do condutor";"Colisão com objeto";"Com Vítimas Feridas";"Pleno dia";"Crescente";"Céu Claro";"Múltipla";"Reta";"Sim";1;0;1;0;0;0;1;1;-23,45423824;-46,47119028;"SPRF-SP";"DEL01-SP";"UOP01-DEL01-SP"
376044;2021-08-09;"segunda-feira";"13:20:00";"AL";316;97,7;"SANTANA DO IPANEMA";"Reação tardia ou ineficiente do condutor";"Colisão frontal";"Com Vítimas Feridas";"Pleno dia";"Decrescente";"Garoa/Chuvisco";"Simples";"Reta";"Sim";2;0;0;1;0;1;1;2;-9,38707467;-37,14339;"SPRF-AL";"DEL03-AL";"UOP02-DEL03-AL"
376046;2021-08-08;"domingo";"21:00:00";"BA";110;301;"INHAMBUPE";"Reação tardia ou ineficiente do condutor";"Saída de leito carroçável";"Com Vítimas Feridas";"Pleno dia";"Decrescente";"Céu Claro";"Simples";"Reta";"Não";1;0;0;1;0;0;1;1;-11,91680601;-38,37456643;"SPRF-BA";"DEL01-BA";"UOP04-DEL01-BA"
376047;2021-08-09;"segunda-feira";"14:20:00";"MS";163;484;"CAMPO GRANDE";"Acessar a via sem observar a presença dos outros veículos";"Colisão transversal";"Com Vítimas Feridas";"Pleno dia";"Decrescente";"Céu Claro";"Simples";"Retorno Regulamentado";"Sim";2;0;0;1;1;0;1;2;-20,45104898;-54,5403266;"SPRF-MS";"DEL01-MS";"UOP02-DEL01-MS"
376048;2021-07-29;"quinta-feira";"16:30:00";"MT";364;273;"JACIARA";"Condutor deixou de manter distância do veículo da frente";"Colisão traseira";"Com Vítimas Feridas";"Pleno dia";"Decrescente";"Céu Claro";"Dupla";"Reta";"Sim";2;0;1;0;1;0;1;2;-15,95431461;-54,97704506;"SPRF-MT";"DEL02-MT";"UOP01-DEL02-MT"
376054;2021-08-09;"segunda-feira";"14:55:00";"DF";80;19;"BRASILIA";"Ausência de reação do condutor";"Saída de leito carroçável";"Com Vítimas Feridas";"Pleno dia";"Decrescente";"Céu Claro";"Dupla";"Reta";"Sim";2;0;2;0;0;0;2;1;-15,675205;-48,204636;"SPRF-DF";"DEL03-DF";"UOP02-DEL03-DF"
376057;2021-08-09;"segunda-feira";"15:00:00";"RS";392;151;"CANGUCU";"Ausência de reação do condutor";"Saída de leito carroçável";"Com Vítimas Feridas";"Pleno dia";"Decrescente";"Chuva";"Simples";"Reta";"Não";2;0;2;0;0;0;2;1;-31,16674251;-52,85661027;"SPRF-RS";"DEL07-RS";"UOP01-DEL07-RS"
376058;2021-03-22;"segunda-feira";"08:10:00";"RJ";116;181;"NOVA IGUACU";"Condutor deixou de manter distância do veículo da frente";"Colisão traseira";"Com Vítimas Feridas";"Pleno dia";"Decrescente";"Céu Claro";"Dupla";"Reta";"Sim";2;0;0;1;1;0;1;2;-22,73863032;-43,47675204;"SPRF-RJ";"DEL01-RJ";"UOP02-DEL01-RJ"
376059;2021-08-09;"segunda-feira";"16:10:00";"SE";235;27,8;"AREIA BRANCA";"Chuva";"Colisão frontal";"Com Vítimas Feridas";"Pleno dia";"Crescente";"Chuva";"Simples";"Curva;Declive";"Não";2;0;0;1;1;0;1;2;-10,798957;-37,272919;"SPRF-SE";"DEL01-SE";"UOP02-DEL01-SE"
376061;2021-08-09;"segunda-feira";"12:20:00";"RO";319;64;"PORTO VELHO";"Reação tardia ou ineficiente do condutor";"Colisão com objeto";"Sem Vítimas";"Pleno dia";"Decrescente";"Sol";"Dupla";"Reta";"Sim";1;0;0;0;1;0;0;1;-8,766685;-63,884052;"SPRF-RO";"DEL01-RO";"UOP01-DEL01-RO"
376064;2021-08-09;"segunda-feira";"13:20:00";"GO";60;285;"JANDAIA";"Ausência de reação do condutor";"Saída de leito carroçável";"Com Vítimas Feridas";"Pleno dia";"Crescente";"Céu Claro";"Dupla";"Curva";"Não";2;0;0;2;0;0;2;1;-17,2723;-50,2372;"SPRF-GO";"DEL04-GO";"UOP01-DEL04-GO"
376066;2021-08-09;"segunda-feira";"12:40:00";"BA";101;946;"MUCURI";"Ausência de reação do condutor";"Queda de ocupante de veículo";"Com Vítimas Feridas";"Pleno dia";"Decrescente";"Céu Claro";"Simples";"Curva";"Não";1;0;1;0;0;0;1;1;-18,16840196;-39,91873914;"SPRF-BA";"DEL09-BA";"UOP02-DEL09-BA"
376067;2021-08-09;"segunda-feira";"16:15:00";"ES";101;287;"CARIACICA";"Desrespeitar a preferência no cruzamento";"Colisão transversal";"Com Vítimas Feridas";"Pleno dia";"Crescente";"Nublado";"Dupla";"Retorno Regulamentado";"Sim";2;0;1;0;1;0;1;2;-20,26493528;-40,38471702;"SPRF-ES";"DEL01-ES";"UOP01-DEL01-ES"
376068;2021-08-09;"segunda-feira";"16:00:00";"PA";316;81;"SAO FRANCISCO DO PARA";"Condutor deixou de manter distância do veículo da frente";"Colisão traseira";"Sem Vítimas";"Pleno dia";"Decrescente";"Chuva";"Simples";"Reta";"Não";4;0;0;0;4;0;0;2;-1,30556013;-47,77095402;"SPRF-PA";"DEL01-PA";"UOP02-DEL01-PA"
376069;2021-08-08;"domingo";"19:30:00";"MS";419;160;"AQUIDAUANA";"Reação tardia ou ineficiente do condutor";"Saída de leito carroçável";"Com Vítimas Feridas";"Plena Noite";"Decrescente";"Céu Claro";"Simples";"Reta";"Não";3;0;3;0;0;0;3;1;-20,500391;-55,81333;"SPRF-MS";"DEL03-MS";"UOP01-DEL03-MS"
376070;2021-08-09;"segunda-feira";"16:20:00";"RO";319;64;"PORTO VELHO";"Desrespeitar a preferência no cruzamento";"Colisão transversal";"Com Vítimas Feridas";"Pleno dia";"Crescente";"Céu Claro";"Dupla";"Reta;Interseção de Vias";"Sim";2;0;1;0;1;0;1;2;-8,76614063;-63,88459682;"SPRF-RO";"DEL01-RO";"UOP01-DEL01-RO"
376072;2021-08-09;"segunda-feira";"10:00:00";"AM";317;524;"BOCA DO ACRE";"Acumulo de areia ou detritos sobre o pavimento";"Saída de leito carroçável";"Sem Vítimas";"Pleno dia";"Crescente";"Céu Claro";"Simples";"Curva";"Não";2;0;0;0;2;0;0;1;-9,59399584;-67,32626624;"SPRF-AC";"DEL01-AC";"UOP01-DEL01-AC"
376075;2021-08-09;"segunda-feira";"17:50:00";"RN";101;111,9;"SAO JOSE DE MIPIBU";"Velocidade Incompatível";"Colisão traseira";"Com Vítimas Feridas";"Anoitecer";"Crescente";"Nublado";"Dupla";"Reta";"Não";3;0;1;0;1;1;1;3;-5,955333;-35,264862;"SPRF-RN";"DEL01-RN";"UOP01-DEL01-RN"
376076;2021-08-09;"segunda-feira";"14:50:00";"PR";163;246;"TOLEDO";"Condutor deixou de manter distância do veículo da frente";"Colisão traseira";"Com Vítimas Feridas";"Pleno dia";"Crescente";"Céu Claro";"Simples";"Em Obras";"Não";2;0;1;0;1;0;1;2;-24,717822;-53,711597;"SPRF-PR";"DEL06-PR";"UOP02-DEL06-PR"
376077;2021-08-09;"segunda-feira";"15:00:00";"SC";470;71;"INDAIAL";"Acessar a via sem observar a presença dos outros veículos";"Colisão lateral mesmo sentido";"Com Vítimas Feridas";"Pleno dia";"Decrescente";"Céu Claro";"Simples";"Reta";"Não";2;0;1;0;1;0;1;2;-26,895243;-49,262104;"SPRF-SC";"DEL04-SC";"UOP01-DEL04-SC"
376079;2021-07-20;"terça-feira";"08:30:00";"RJ";101;264;"RIO BONITO";"Manobra de mudança de faixa";"Colisão lateral mesmo sentido";"Com Vítimas Feridas";"Pleno dia";"Decrescente";"Céu Claro";"Dupla";"Reta";"Sim";2;0;1;0;1;0;1;2;-22,71818337;-42,63600702;"SPRF-RJ";"DEL02-RJ";"UOP03-DEL02-RJ"
376080;2021-08-09;"segunda-feira";"17:40:00";"BA";101;713;"EUNAPOLIS";"Acessar a via sem observar a presença dos outros veículos";"Colisão transversal";"Com Vítimas Feridas";"Anoitecer";"Decrescente";"Céu Claro";"Simples";"Interseção de Vias";"Não";2;0;1;0;1;0;1;2;-16,340208;-39,580994;"SPRF-BA";"DEL09-BA";"UOP01-DEL09-BA"
376083;2021-08-09;"segunda-feira";"16:45:00";"PI";343;590;"FLORIANO";"Condutor deixou de manter distância do veículo da frente";"Colisão lateral mesmo sentido";"Com Vítimas Feridas";"Pleno dia";"Crescente";"Céu Claro";"Dupla";"Retorno Regulamentado";"Não";2;0;1;0;1;0;1;2;-6,781361;-43,023224;"SPRF-PI";"DEL03-PI";"UOP01-DEL03-PI"
376084;2021-08-09;"segunda-feira";"18:10:00";"RJ";116;311;"ITATIAIA";"Transitar na contramão";"Colisão frontal";"Com Vítimas Feridas";"Plena Noite";"Crescente";"Nublado";"Simples";"Reta";"Sim";3;0;1;1;0;1;2;2;-22,46086624;-44,44296321;"SPRF-RJ";"DEL07-RJ";"UOP02-DEL07-RJ"
376086;2021-08-09;"segunda-feira";"17:30:00";"PR";277;114,8;"CAMPO LARGO";"Demais falhas mecânicas ou elétricas";"Saída de leito carroçável";"Com Vítimas Feridas";"Anoitecer";"Decrescente";"Céu Claro";"Dupla";"Curva";"Não";4;0;1;0;3;0;1;1;-25,43041215;-49,39663893;"SPRF-PR";"DEL01-PR";"UOP03-DEL03-PR"
376087;2021-08-09;"segunda-feira";"09:55:00";"SC";101;25,5;"JOINVILLE";"Reação tardia ou ineficiente do condutor";"Colisão lateral mesmo sentido";"Sem Vítimas";"Pleno dia";"Decrescente";"Céu Claro";"Dupla";"Reta;Interseção de Vias";"Sim";2;0;0;0;2;0;0;2;-26,1834739;-48,9105912;"SPRF-SC";"DEL03-SC";"UOP01-DEL03-SC"
376088;2021-08-09;"segunda-feira";"18:15:00";"SP";116;220;"GUARULHOS";"Trafegar com motocicleta (ou similar) entre as faixas";"Colisão lateral mesmo sentido";"Com Vítimas Feridas";"Plena Noite";"Crescente";"Ignorado";"Múltipla";"Reta";"Sim";3;0;2;0;0;1;2;2;-23,46472809;-46,49793962;"SPRF-SP";"DEL01-SP";"UOP01-DEL01-SP"
376092;2021-08-09;"segunda-feira";"16:10:00";"RO";364;424;"JARU";"Problema com o freio";"Colisão transversal";"Com Vítimas Feridas";"Pleno dia";"Decrescente";"Céu Claro";"Simples";"Interseção de Vias";"Sim";4;0;1;0;3;0;1;2;-10,4384886;-62,47084737;"SPRF-RO";"DEL03-RO";"UOP02-DEL03-RO"
376093;2021-08-09;"segunda-feira";"19:00:00";"PE";316;75;"OURICURI";"Ingestão de álcool pelo condutor";"Colisão com objeto";"Com Vítimas Feridas";"Plena Noite";"Crescente";"Céu Claro";"Simples";"Aclive";"Não";1;0;1;0;0;0;1;1;-7,83384491;-40,14394393;"SPRF-PE";"DEL05-PE";"UOP02-DEL05-PE"
376096;2021-08-09;"segunda-feira";"18:55:00";"CE";222;3,8;"CAUCAIA";"Acessar a via sem observar a presença dos outros veículos";"Colisão transversal";"Com Vítimas Feridas";"Plena Noite";"Crescente";"Céu Claro";"Múltipla";"Reta";"Sim";4;0;1;1;2;0;2;2;-3,74125173;-38,6028564;"SPRF-CE";"DEL01-CE";"UOP01-DEL01-CE"
376097;2021-08-09;"segunda-feira";"18:59:00";"RS";116;244;"SAO LEOPOLDO";"Ausência de reação do condutor";"Colisão traseira";"Com Vítimas Feridas";"Plena Noite";"Crescente";"Garoa/Chuvisco";"Dupla";"Reta";"Sim";2;0;1;0;1;0;1;2;-29,74088003;-51,15039566;"SPRF-RS";"DEL01-RS";"UOP02-DEL01-RS"
376098;2021-08-09;"segunda-feira";"14:10:00";"BA";242;367;"PALMEIRAS";"Velocidade Incompatível";"Capotamento";"Com Vítimas Feridas";"Pleno dia";"Decrescente";"Chuva";"Simples";"Curva";"Não";2;0;2;0;0;0;2;1;-12,47071004;-41,44733298;"SPRF-BA";"DEL06-BA";"UOP01-DEL06-BA"
376101;2021-08-09;"segunda-feira";"19:40:00";"MG";40;721,2;"BARBACENA";"Acesso irregular";"Tombamento";"Com Vítimas Feridas";"Plena Noite";"Crescente";"Céu Claro";"Dupla";"Reta";"Não";1;0;0;1;0;0;1;1;-21,28684598;-43,64159531;"SPRF-MG";"DEL05-MG";"UOP01-DEL05-MG"
376108;2021-08-05;"quinta-feira";"17:50:00";"SP";101;48,5;"UBATUBA";"Acessar a via sem observar a presença dos outros veículos";"Colisão transversal";"Com Vítimas Feridas";"Anoitecer";"Decrescente";"Céu Claro";"Simples";"Reta";"Sim";3;0;1;0;2;0;1;2;-23,43696329;-45,08768768;"SPRF-SP";"DEL06-SP";"UOP01-DEL06-SP"
376109;2021-08-09;"segunda-feira";"18:52:00";"PR";116;121;"CURITIBA";"Trafegar com motocicleta (ou similar) entre as faixas";"Colisão lateral mesmo sentido";"Com Vítimas Feridas";"Plena Noite";"Crescente";"Céu Claro";"Dupla";"Reta";"Não";2;0;1;0;1;0;1;2;-25,5599323;-49,30743945;"SPRF-PR";"DEL01-PR";"UOP03-DEL01-PR"
376110;2021-08-09;"segunda-feira";"10:30:00";"MG";116;516;"UBAPORANGA";"Ultrapassagem Indevida";"Saída de leito carroçável";"Com Vítimas Feridas";"Pleno dia";"Crescente";"Nublado";"Simples";"Reta";"Não";5;0;1;0;1;3;1;3;-19,69633994;-42,11689689;"SPRF-MG";"DEL06-MG";"UOP02-DEL06-MG"
376111;2021-08-09;"segunda-feira";"17:50:00";"ES";101;147;"LINHARES";"Condutor deixou de manter distância do veículo da frente";"Colisão traseira";"Sem Vítimas";"Anoitecer";"Crescente";"Céu Claro";"Dupla";"Reta";"Sim";3;0;0;0;3;0;0;3;-19,37887202;-40,06657892;"SPRF-ES";"DEL04-ES";"UOP01-DEL04-ES"
376112;2021-06-25;"sexta-feira";"04:30:00";"RJ";493;50,2;"DUQUE DE CAXIAS";"Condutor deixou de manter distância do veículo da frente";"Engavetamento";"Com Vítimas Fatais";"Amanhecer";"Decrescente";"Céu Claro";"Dupla";"Reta";"Não";20;1;1;10;0;8;11;10;-22,672089;-43,285053;"SPRF-RJ";"DEL01-RJ";"UOP01-DEL01-RJ"
376113;2021-08-09;"segunda-feira";"19:00:00";"PR";476;183;"LAPA";"Acessar a via sem observar a presença dos outros veículos";"Colisão transversal";"Com Vítimas Feridas";"Plena Noite";"Crescente";"Céu Claro";"Simples";"Reta";"Não";2;0;1;0;1;0;1;2;-25,715963;-49,617252;"SPRF-PR";"DEL02-PR";"UOP04-DEL02-PR"
376115;2021-08-09;"segunda-feira";"19:45:00";"SC";280;24,9;"ARAQUARI";"Acumulo de areia ou detritos sobre o pavimento";"Colisão com objeto";"Com Vítimas Feridas";"Plena Noite";"Crescente";"Nublado";"Simples";"Ponte";"Sim";1;0;1;0;0;0;1;1;-26,38325823;-48,726511;"SPRF-SC";"DEL03-SC";"UOP03-DEL03-SC"
376116;2021-08-09;"segunda-feira";"19:55:00";"RS";116;255;"ESTEIO";"Condutor deixou de manter distância do veículo da frente";"Colisão lateral mesmo sentido";"Com Vítimas Feridas";"Plena Noite";"Crescente";"Chuva";"Dupla";"Reta";"Não";2;0;1;0;1;0;1;2;-29,83331024;-51,17454171;"SPRF-RS";"DEL01-RS";"UOP02-DEL01-RS"
376117;2021-08-07;"sábado";"19:10:00";"AC";364;138,8;"RIO BRANCO";"Acessar a via sem observar a presença dos outros veículos";"Colisão lateral mesmo sentido";"Com Vítimas Feridas";"Plena Noite";"Crescente";"Céu Claro";"Dupla";"Reta";"Sim";4;0;1;1;2;0;2;2;-9,96112502;-67,85646604;"SPRF-AC";"DEL01-AC";"UOP01-DEL01-AC"
376118;2021-08-09;"segunda-feira";"20:15:00";"PI";343;25;"PARNAIBA";"Carga excessiva e/ou mal acondicionada";"Tombamento";"Com Vítimas Feridas";"Plena Noite";"Decrescente";"Céu Claro";"Simples";"Reta";"Não";2;0;2;0;0;0;2;1;-3,025669;-41,770458;"SPRF-PI";"DEL05-PI";"UOP01-DEL05-PI"
376119;2021-08-09;"segunda-feira";"15:30:00";"PA";155;270,6;"ELDORADO DO CARAJAS";"Reação tardia ou ineficiente do condutor";"Colisão traseira";"Com Vítimas Feridas";"Pleno dia";"Decrescente";"Sol";"Simples";"Ponte";"Não";2;0;0;1;1;0;1;2;-5,985905;-49,238139;"SPRF-PA";"DEL03-PA";"UOP01-DEL03-PA"
376120;2021-08-09;"segunda-feira";"18:00:00";"MT";163;833;"SINOP";"Entrada inopinada do pedestre";"Atropelamento de Pedestre";"Com Vítimas Feridas";"Anoitecer";"Crescente";"Ignorado";"Dupla";"Reta";"Sim";2;0;0;1;1;0;1;2;-12,004832;-55,51713;"SPRF-MT";"DEL06-MT";"UOP01-DEL06-MT"
376121;2021-08-09;"segunda-feira";"19:30:00";"SP";153;146,5;"PROMISSAO";"Pedestre andava na pista";"Atropelamento de Pedestre";"Com Vítimas Fatais";"Plena Noite";"Decrescente";"Céu Claro";"Simples";"Reta";"Não";2;1;0;0;1;0;0;2;-21,38147297;-49,7908097;"SPRF-SP";"DEL07-SP";"UOP01-DEL07-SP"
376124;2021-08-09;"segunda-feira";"19:20:00";"SC";116;5,5;"MAFRA";"Acessar a via sem observar a presença dos outros veículos";"Colisão transversal";"Com Vítimas Feridas";"Plena Noite";"Decrescente";"Céu Claro";"Simples";"Interseção de Vias";"Não";2;0;0;1;1;0;1;2;-26,14094396;-49,81508303;"SPRF-SC";"DEL06-SC";"UOP01-DEL06-SC"
376125;2021-08-09;"segunda-feira";"13:15:00";"RJ";40;57;"PETROPOLIS";"Reação tardia ou ineficiente do condutor";"Colisão com objeto";"Com Vítimas Feridas";"Pleno dia";"Crescente";"Céu Claro";"Dupla";"Reta";"Não";1;0;1;0;0;0;1;1;-22,37036795;-43,12819612;"SPRF-RJ";"DEL05-RJ";"UOP02-DEL05-RJ"
376126;2021-08-09;"segunda-feira";"20:15:00";"PR";272;413,3;"JANIOPOLIS";"Manobra de mudança de faixa";"Colisão frontal";"Com Vítimas Feridas";"Plena Noite";"Crescente";"Céu Claro";"Simples";"Curva";"Não";3;0;1;1;0;1;2;2;-24,13170834;-52,80741705;"SPRF-PR";"DEL09-PR";"UOP03-DEL09-PR"
376131;2021-08-09;"segunda-feira";"20:40:00";"BA";101;369;"GANDU";"Ingestão de álcool pelo condutor";"Colisão traseira";"Com Vítimas Feridas";"Plena Noite";"Decrescente";"Céu Claro";"Simples";"Reta";"Não";3;0;1;0;2;0;1;2;-13,90188896;-39,47959612;"SPRF-BA";"DEL05-BA";"UOP03-DEL05-BA"
376132;2021-08-09;"segunda-feira";"19:00:00";"GO";153;212;"URUACU";"Desrespeitar a preferência no cruzamento";"Colisão transversal";"Com Vítimas Feridas";"Plena Noite";"Decrescente";"Céu Claro";"Simples";"Interseção de Vias";"Não";3;0;2;0;1;0;2;2;-14,62512;-49,17255;"SPRF-GO";"DEL07-GO";"UOP02-DEL07-GO"
376135;2021-08-09;"segunda-feira";"18:30:00";"MT";163;756;"SORRISO";"Ingestão de álcool pelo condutor";"Queda de ocupante de veículo";"Com Vítimas Feridas";"Plena Noite";"Decrescente";"Céu Claro";"Dupla";"Reta";"Sim";1;0;0;1;0;0;1;1;-12,62504399;-55,76969001;"SPRF-MT";"DEL06-MT";"UOP01-DEL06-MT"
376136;2021-08-09;"segunda-feira";"12:55:00";"RJ";101;49;"CAMPOS DOS GOYTACAZES";"Avarias e/ou desgaste excessivo no pneu";"Queda de ocupante de veículo";"Com Vítimas Feridas";"Pleno dia";"Crescente";"Céu Claro";"Simples";"Reta";"Não";1;0;1;0;0;0;1;1;-21,62508006;-41,31411242;"SPRF-RJ";"DEL08-RJ";"UOP01-DEL08-RJ"
376138;2021-08-09;"segunda-feira";"13:20:00";"PA";230;116;"MARABA";"Acessar a via sem observar a presença dos outros veículos";"Colisão transversal";"Com Vítimas Feridas";"Pleno dia";"Crescente";"Sol";"Dupla";"Reta";"Sim";2;0;1;0;0;1;1;2;-5,35947454;-49,08301084;"SPRF-PA";"DEL03-PA";"UOP01-DEL03-PA"
376140;2021-08-09;"segunda-feira";"19:15:00";"RJ";101;198,9;"CASIMIRO DE ABREU";"Ingestão de álcool pelo condutor";"Colisão transversal";"Com Vítimas Fatais";"Plena Noite";"Decrescente";"Céu Claro";"Dupla";"Curva";"Não";3;2;0;0;1;0;0;2;-22,49157993;-42,12771201;"SPRF-RJ";"DEL08-RJ";"UOP04-DEL08-RJ"
376141;2021-08-09;"segunda-feira";"23:00:00";"SC";101;216;"PALHOCA";"Acessar a via sem observar a presença dos outros veículos";"Colisão transversal";"Com Vítimas Feridas";"Plena Noite";"Crescente";"Céu Claro";"Simples";"Interseção de Vias";"Sim";3;0;1;0;1;1;1;3;-27,65981409;-48,67747798;"SPRF-SC";"DEL01-SC";"UOP02-DEL01-SC"
376142;2021-08-09;"segunda-feira";"22:30:00";"PR";376;111,5;"PARANAVAI";"Frear bruscamente";"Saída de leito carroçável";"Com Vítimas Feridas";"Plena Noite";"Crescente";"Céu Claro";"Dupla";"Reta";"Não";1;0;1;0;0;0;1;1;-23,08978348;-52,39306536;"SPRF-PR";"DEL09-PR";"UOP02-DEL09-PR"
376144;2021-08-09;"segunda-feira";"18:51:00";"MA";222;666;"ACAILANDIA";"Acessar a via sem observar a presença dos outros veículos";"Colisão transversal";"Com Vítimas Feridas";"Plena Noite";"Crescente";"Céu Claro";"Simples";"Reta";"Sim";2;0;1;1;0;0;2;2;-4,89816069;-47,39197619;"SPRF-MA";"DEL04-MA";"UOP03-DEL04-MA"
376146;2021-08-09;"segunda-feira";"18:00:00";"AC";364;47;"SENADOR GUIOMARD";"Condutor deixou de manter distância do veículo da frente";"Colisão traseira";"Com Vítimas Feridas";"Plena Noite";"Crescente";"Nublado";"Simples";"Reta";"Não";3;0;2;0;1;0;2;2;-9,98023026;-67,15314991;"SPRF-AC";"DEL01-AC";"UOP01-DEL01-AC"
376147;2021-08-09;"segunda-feira";"23:10:00";"MG";116;118;"ITAOBIM";"Animais na Pista";"Atropelamento de Animal";"Sem Vítimas";"Plena Noite";"Decrescente";"Ignorado";"Simples";"Declive";"Não";1;0;0;0;1;0;0;1;-16,57411225;-41,50497449;"SPRF-MG";"DEL11-MG";"UOP02-DEL11-MG"
376150;2021-08-09;"segunda-feira";"23:00:00";"PR";376;187;"ARAPONGAS";"Ingestão de álcool e/ou substâncias psicoativas pelo pedestre";"Colisão traseira";"Sem Vítimas";"Plena Noite";"Decrescente";"Céu Claro";"Simples";"Reta";"Sim";2;0;0;0;2;0;0;2;-23,42719654;-51,42315567;"SPRF-PR";"DEL09-PR";"UOP01-DEL09-PR"
376151;2021-07-07;"quarta-feira";"17:30:00";"MS";163;491,8;"CAMPO GRANDE";"Acessar a via sem observar a presença dos outros veículos";"Colisão transversal";"Com Vítimas Feridas";"Pleno dia";"Crescente";"Céu Claro";"Simples";"Reta";"Sim";2;0;0;1;0;1;1;2;-20,38769;-54,54853;"SPRF-MS";"DEL01-MS";"UOP02-DEL01-MS"
376153;2021-08-10;"terça-feira";"00:15:00";"BA";324;614;"SALVADOR";"Afundamento ou ondulação no pavimento";"Tombamento";"Com Vítimas Feridas";"Plena Noite";"Crescente";"Céu Claro";"Dupla";"Reta";"Sim";1;0;1;0;0;0;1;1;-12,8639793;-38,42370126;"SPRF-BA";"DEL01-BA";"UOP01-DEL01-BA"
376154;2021-08-10;"terça-feira";"00:30:00";"RN";405;0;"MOSSORO";"Acessar a via sem observar a presença dos outros veículos";"Colisão lateral sentido oposto";"Com Vítimas Feridas";"Plena Noite";"Crescente";"Céu Claro";"Dupla";"Reta";"Sim";3;0;2;0;1;0;2;2;-5,1914673;-37,351887;"SPRF-RN";"DEL04-RN";"UOP02-DEL04-RN"
376156;2021-08-09;"segunda-feira";"17:00:00";"PR";163;140,4;"CAPITAO LEONIDAS MARQUES";"Velocidade Incompatível";"Tombamento";"Sem Vítimas";"Anoitecer";"Crescente";"Céu Claro";"Simples";"Rotatória;Desvio Temporário";"Não";1;0;0;0;0;1;0;1;-25,47236617;-53,58727263;"SPRF-PR";"DEL05-PR";"UOP05-DEL05-PR"
376157;2021-08-09;"segunda-feira";"21:55:00";"PR";376;246,6;"APUCARANA";"Transitar na contramão";"Colisão frontal";"Com Vítimas Feridas";"Plena Noite";"Crescente";"Céu Claro";"Dupla";"Reta";"Não";3;0;1;0;2;0;1;3;-23,609678;-51,401363;"SPRF-PR";"DEL07-PR";"UOP02-DEL07-PR"
376158;2021-08-09;"segunda-feira";"20:35:00";"RO";364;89,8;"VILHENA";"Conversão proibida";"Colisão transversal";"Sem Vítimas";"Plena Noite";"Decrescente";"Céu Claro";"Simples";"Reta";"Não";2;0;0;0;2;0;0;2;-12,36962189;-60,62289268;"SPRF-RO";"DEL04-RO";"UOP01-DEL04-RO"
376159;2021-08-09;"segunda-feira";"21:00:00";"GO";60;416;"RIO VERDE";"Demais falhas mecânicas ou elétricas";"Saída de leito carroçável";"Sem Vítimas";"Plena Noite";"Crescente";"Céu Claro";"Dupla";"Reta";"Não";2;0;0;0;0;2;0;2;-17,8196;-51,202;"SPRF-GO";"DEL04-GO";"UOP01-DEL04-GO"