"id";"data_inversa";"dia_semana";"horario";"uf";"br";"km";"municipio";"causa_acidente";"tipo_acidente";"classificacao_acidente";"fase_dia";"sentido_via";"condicao_metereologica";"tipo_pista";"tracado_via";"uso_solo";"pessoas";"mortos";"feridos_leves";"feridos_graves";"ilesos";"ignorados";"feridos";"veiculos";"latitude";"longitude";"regional";"delegacia";"uop"
376162;2021-08-09;"segunda-feira";"14:15:00";"PE";101;98;"CABO DE SANTO AGOSTINHO";"Acessar a via sem observar a presença dos outros veículos";"Colisão transversal";"Com Vítimas Feridas";"Pleno dia";"Crescente";"Chuva";"Dupla";"Reta";"Sim";2;0;1;0;0;1;1;2;-8,25653422;-35,03811793;"SPRF-PE";"DEL01-PE";"UOP01-DEL01-PE"
376165;2021-08-10;"terça-feira";"01:12:00";"MS";262;310;"CAMPO GRANDE";"Ausência de reação do condutor";"Colisão com objeto";"Com Vítimas Feridas";"Plena Noite";"Decrescente";"Céu Claro";"Simples";"Reta";"Não";1;0;1;0;0;0;1;1;-20,47531859;-54,38179695;"SPRF-MS";"DEL01-MS";"UOP01-DEL01-MS"
376167;2021-08-09;"segunda-feira";"08:18:00";"SC";101;47,4;"JOINVILLE";"Acessar a via sem observar a presença dos outros veículos";"Tombamento";"Com Vítimas Feridas";"Pleno dia";"Decrescente";"Céu Claro";"Dupla";"Reta";"Sim";1;0;1;0;0;0;1;1;-26,34234997;-48,85840089;"SPRF-SC";"DEL03-SC";"UOP01-DEL03-SC"
376168;2021-08-10;"terça-feira";"01:55:00";"PB";101;85;"JOAO PESSOA";"Ausência de reação do condutor";"Colisão traseira";"Com Vítimas Feridas";"Plena Noite";"Crescente";"Chuva";"Dupla";"Reta";"Sim";4;0;2;0;2;0;2;2;-7,14538184;-34,91662887;"SPRF-PB";"DEL01-PB";"UOP01-DEL01-PB"
376171;2021-06-26;"sábado";"18:00:00";"RN";226;4;"NATAL";"Acessar a via sem observar a presença dos outros veículos";"Colisão transversal";"Com Vítimas Feridas";"Plena Noite";"Crescente";"Céu Claro";"Simples";"Reta";"Sim";2;0;2;0;0;0;2;2;-5,81958019;-35,25969486;"SPRF-RN";"DEL01-RN";"UOP02-DEL01-RN"
376173;2021-08-09;"segunda-feira";"16:00:00";"RS";116;142,5;"CAXIAS DO SUL";"Velocidade Incompatível";"Queda de ocupante de veículo";"Com Vítimas Feridas";"Pleno dia";"Crescente";"Céu Claro";"Dupla";"Curva";"Sim";2;0;1;0;1;0;1;2;-29,11727;-51,115208;"SPRF-RS";"DEL05-RS";"UOP01-DEL05-RS"
376174;2021-08-09;"segunda-feira";"18:30:00";"PB";230;403;"POMBAL";"Animais na Pista";"Atropelamento de Animal";"Com Vítimas Feridas";"Plena Noite";"Crescente";"Céu Claro";"Simples";"Reta";"Sim";1;0;0;1;0;0;1;1;-6,8002;-37,7771;"SPRF-PB";"DEL03-PB";"UOP02-DEL03-PB"
376177;2021-08-10;"terça-feira";"06:35:00";"GO";60;97;"ANAPOLIS";"Condutor deixou de manter distância do veículo da frente";"Colisão traseira";"Com Vítimas Feridas";"Pleno dia";"Decrescente";"Céu Claro";"Múltipla";"Reta";"Sim";2;0;1;0;1;0;1;2;-16,3774;-48,9483;"SPRF-GO";"DEL02-GO";"UOP01-DEL02-GO"
376179;2021-08-10;"terça-feira";"06:35:00";"SC";101;210,2;"SAO JOSE";"Manobra de mudança de faixa";"Colisão lateral mesmo sentido";"Com Vítimas Feridas";"Amanhecer";"Crescente";"Nublado";"Múltipla";"Reta";"Sim";2;0;0;1;1;0;1;2;-27,6167305;-48,6457265;"SPRF-SC";"DEL01-SC";"UOP01-DEL01-SC"
376180;2021-08-10;"terça-feira";"06:45:00";"SC";101;210,2;"SAO JOSE";"Reação tardia ou ineficiente do condutor";"Colisão traseira";"Com Vítimas Feridas";"Amanhecer";"Crescente";"Nublado";"Múltipla";"Reta";"Sim";3;0;1;0;2;0;1;2;-27,61798227;-48,64705324;"SPRF-SC";"DEL01-SC";"UOP01-DEL01-SC"
376181;2021-08-10;"terça-feira";"07:30:00";"ES";101;269;"SERRA";"Trafegar com motocicleta (ou similar) entre as faixas";"Colisão traseira";"Com Vítimas Feridas";"Pleno dia";"Crescente";"Céu Claro";"Múltipla";"Reta";"Sim";2;0;1;0;0;1;1;2;-20,21740496;-40,26990578;"SPRF-ES";"DEL02-ES";"UOP01-DEL02-ES"
376182;2021-08-10;"terça-feira";"07:20:00";"MG";40;610,5;"CONGONHAS";"Conversão proibida";"Colisão transversal";"Com Vítimas Feridas";"Pleno dia";"Decrescente";"Céu Claro";"Simples";"Curva";"Não";2;0;1;0;1;0;1;2;-20,5019758;-43,83840447;"SPRF-MG";"DEL05-MG";"UOP02-DEL05-MG"
376185;2021-08-10;"terça-feira";"06:25:00";"GO";414;409,7;"ABADIANIA";"Desrespeitar a preferência no cruzamento";"Colisão transversal";"Com Vítimas Feridas";"Amanhecer";"Crescente";"Céu Claro";"Simples";"Reta";"Sim";2;0;0;1;1;0;1;2;-16,04944018;-48,85300822;"SPRF-GO";"DEL02-GO";"UOP01-DEL02-GO"
376186;2021-08-10;"terça-feira";"06:35:00";"MS";60;423;"SIDROLANDIA";"Acessar a via sem observar a presença dos outros veículos";"Colisão transversal";"Com Vítimas Feridas";"Pleno dia";"Decrescente";"Céu Claro";"Simples";"Reta";"Sim";2;0;1;0;1;0;1;2;-20,91374372;-54,9470444;"SPRF-MS";"DEL01-MS";"UOP04-DEL01-MS"
376187;2021-08-10;"terça-feira";"06:40:00";"MS";163;477,9;"CAMPO GRANDE";"Acessar a via sem observar a presença dos outros veículos";"Colisão transversal";"Com Vítimas Feridas";"Pleno dia";"Crescente";"Céu Claro";"Simples";"Reta";"Sim";2;0;1;0;1;0;1;2;-20,50427591;-54,55557367;"SPRF-MS";"DEL01-MS";"UOP01-DEL01-MS"
376189;2021-08-10;"terça-feira";"07:30:00";"RS";116;51,3;"VACARIA";"Velocidade Incompatível";"Capotamento";"Sem Vítimas";"Pleno dia";"Decrescente";"Chuva";"Simples";"Curva";"Não";1;0;0;0;0;1;0;1;-28,57740576;-51,01783504;"SPRF-RS";"DEL05-RS";"UOP03-DEL05-RS"
376192;2021-08-10;"terça-feira";"08:10:00";"SC";101;213,4;"PALHOCA";"Ausência de reação do condutor";"Colisão traseira";"Com Vítimas Feridas";"Pleno dia";"Decrescente";"Nublado";"Múltipla";"Viaduto";"Sim";2;0;1;0;1;0;1;2;-27,63697369;-48,66514142;"SPRF-SC";"DEL01-SC";"UOP02-DEL01-SC"
376193;2021-08-10;"terça-feira";"06:46:00";"PR";277;668,8;"MEDIANEIRA";"Pista em desnível";"Tombamento";"Com Vítimas Feridas";"Pleno dia";"Decrescente";"Nevoeiro/Neblina";"Dupla";"Reta;Em Obras;Declive";"Sim";1;0;1;0;0;0;1;1;-25,27063805;-54,06252597;"SPRF-PR";"DEL05-PR";"UOP02-DEL05-PR"
376194;2021-08-10;"terça-feira";"08:15:00";"MG";381;499,7;"BETIM";"Reação tardia ou ineficiente do condutor";"Colisão traseira";"Com Vítimas Feridas";"Pleno dia";"Decrescente";"Céu Claro";"Dupla";"Reta";"Não";2;0;1;0;1;0;1;2;-20,01792651;-44,2261448;"SPRF-MG";"DEL01-MG";"UOP03-DEL01-MG"
376196;2021-08-10;"terça-feira";"08:00:00";"ES";101;270;"SERRA";"Desrespeitar a preferência no cruzamento";"Colisão lateral mesmo sentido";"Com Vítimas Feridas";"Pleno dia";"Crescente";"Céu Claro";"Múltipla";"Interseção de Vias";"Sim";2;0;1;0;1;0;1;2;-20,22662056;-40,27075088;"SPRF-ES";"DEL02-ES";"UOP01-DEL02-ES"
376197;2021-08-10;"terça-feira";"08:05:00";"ES";101;147;"LINHARES";"Desrespeitar a preferência no cruzamento";"Colisão transversal";"Com Vítimas Feridas";"Pleno dia";"Crescente";"Céu Claro";"Simples";"Interseção de Vias";"Sim";2;0;0;1;1;0;1;2;-19,37887202;-40,06657892;"SPRF-ES";"DEL04-ES";"UOP01-DEL04-ES"
376199;2021-08-10;"terça-feira";"07:30:00";"BA";324;620;"SALVADOR";"Manobra de mudança de faixa";"Colisão lateral mesmo sentido";"Com Vítimas Feridas";"Pleno dia";"Crescente";"Céu Claro";"Múltipla";"Reta";"Sim";2;0;1;0;1;0;1;2;-12,90482172;-38,45556535;"SPRF-BA";"DEL01-BA";"UOP01-DEL01-BA"
376201;2021-08-10;"terça-feira";"07:55:00";"MG";50;72,5;"UBERLANDIA";"Condutor deixou de manter distância do veículo da frente";"Colisão traseira";"Com Vítimas Feridas";"Amanhecer";"Decrescente";"Céu Claro";"Dupla";"Reta";"Sim";2;0;1;0;1;0;1;2;-18,90003397;-48,2403338;"SPRF-MG";"DEL15-MG";"UOP01-DEL15-MG"
376202;2021-08-10;"terça-feira";"08:00:00";"SC";282;1,2;"FLORIANOPOLIS";"Manobra de mudança de faixa";"Colisão lateral mesmo sentido";"Com Vítimas Feridas";"Pleno dia";"Decrescente";"Céu Claro";"Múltipla";"Reta";"Sim";2;0;0;1;0;1;1;2;-27,602955;-48,580509;"SPRF-SC";"DEL01-SC";"UOP01-DEL01-SC"
376203;2021-08-10;"terça-feira";"08:20:00";"MG";146;429,8;"GUAXUPE";"Manobra de mudança de faixa";"Colisão lateral mesmo sentido";"Com Vítimas Feridas";"Pleno dia";"Crescente";"Céu Claro";"Simples";"Curva";"Não";3;0;1;0;2;0;1;2;-21,298994;-46,673352;"SPRF-MG";"DEL09-MG";"UOP01-DEL09-MG"
376204;2021-08-10;"terça-feira";"07:30:00";"RS";290;157,4;"ARROIO DOS RATOS";"Reação tardia ou ineficiente do condutor";"Colisão lateral sentido oposto";"Com Vítimas Feridas";"Pleno dia";"Crescente";"Garoa/Chuvisco";"Simples";"Reta;Declive";"Não";4;0;1;0;3;0;1;2;-30,107595;-51,778015;"SPRF-RS";"DEL02-RS";"UOP01-DEL02-RS"
376205;2021-08-10;"terça-feira";"08:00:00";"SP";116;271;"TABOAO DA SERRA";"Condutor deixou de manter distância do veículo da frente";"Colisão traseira";"Com Vítimas Feridas";"Pleno dia";"Decrescente";"Céu Claro";"Dupla";"Reta";"Sim";2;0;1;0;1;0;1;2;-23,61809286;-46,80556302;"SPRF-SP";"DEL04-SP";"UOP01-DEL04-SP"
376206;2021-08-10;"terça-feira";"07:15:00";"PR";476;273,9;"SAO MATEUS DO SUL";"Reação tardia ou ineficiente do condutor";"Colisão transversal";"Com Vítimas Feridas";"Pleno dia";"Decrescente";"Nublado";"Simples";"Reta";"Sim";2;0;1;0;1;0;1;2;-25,894287;-50,368565;"SPRF-PR";"DEL02-PR";"UOP04-DEL02-PR"
376207;2021-08-10;"terça-feira";"08:00:00";"SP";116;273;"TABOAO DA SERRA";"Trafegar com motocicleta (ou similar) entre as faixas";"Colisão traseira";"Com Vítimas Feridas";"Pleno dia";"Decrescente";"Céu Claro";"Dupla";"Reta";"Não";3;0;1;0;2;0;1;3;-23,62809795;-46,81870306;"SPRF-SP";"DEL04-SP";"UOP01-DEL04-SP"
376208;2021-08-10;"terça-feira";"07:25:00";"ES";482;104;"GUACUI";"Reação tardia ou ineficiente do condutor";"Tombamento";"Com Vítimas Feridas";"Amanhecer";"Crescente";"Céu Claro";"Simples";"Reta";"Não";1;0;0;1;0;0;1;1;-20,79418421;-41,70129397;"SPRF-ES";"DEL03-ES";"UOP02-DEL03-ES"
376209;2021-08-10;"terça-feira";"07:50:00";"PR";369;159;"CAMBE";"Condutor deixou de manter distância do veículo da frente";"Colisão traseira";"Com Vítimas Feridas";"Pleno dia";"Decrescente";"Céu Claro";"Dupla";"Reta";"Sim";2;0;1;0;1;0;1;2;-23,28259018;-51,25096166;"SPRF-PR";"DEL07-PR";"UOP01-DEL07-PR"
376211;2021-08-10;"terça-feira";"08:50:00";"ES";262;3,8;"CARIACICA";"Condutor desrespeitou a iluminação vermelha do semáforo";"Colisão transversal";"Com Vítimas Feridas";"Pleno dia";"Crescente";"Céu Claro";"Múltipla";"Interseção de Vias;Retorno Regulamentado";"Sim";2;0;1;0;1;0;1;2;-20,33374432;-40,36910933;"SPRF-ES";"DEL01-ES";"UOP01-DEL01-ES"
376212;2021-08-10;"terça-feira";"07:40:00";"MT";70;3;"BARRA DO GARCAS";"Manobra de mudança de faixa";"Colisão lateral mesmo sentido";"Sem Vítimas";"Pleno dia";"Crescente";"Céu Claro";"Dupla";"Rotatória";"Sim";3;0;0;0;2;1;0;2;-15,88252843;-52,27574027;"SPRF-MT";"DEL07-MT";"UOP01-DEL07-MT"
376213;2021-07-13;"terça-feira";"22:00:00";"PR";376;619,6;"SAO JOSE DOS PINHAIS";"Acessar a via sem observar a presença dos outros veículos";"Colisão transversal";"Com Vítimas Feridas";"Plena Noite";"Decrescente";"Céu Claro";"Simples";"Interseção de Vias";"Sim";3;0;1;2;0;0;3;2;-25,61382832;-49,17101378;"SPRF-PR";"DEL01-PR";"UOP04-DEL01-PR"
376214;2021-08-10;"terça-feira";"08:40:00";"PE";101;78;"RECIFE";"Acessar a via sem observar a presença dos outros veículos";"Atropelamento de Pedestre";"Com Vítimas Feridas";"Pleno dia";"Crescente";"Chuva";"Dupla";"Reta";"Sim";2;0;1;0;0;1;1;2;-8,13496499;-34,94738614;"SPRF-PE";"DEL01-PE";"UOP01-DEL01-PE"
376217;2021-08-10;"terça-feira";"05:20:00";"BA";324;533;"FEIRA DE SANTANA";"Ingestão de álcool pelo condutor";"Colisão com objeto";"Com Vítimas Feridas";"Amanhecer";"Crescente";"Céu Claro";"Dupla";"Reta;Aclive";"Não";3;0;2;0;1;0;2;1;-12,34449694;-38,84017496;"SPRF-BA";"DEL01-BA";"UOP03-DEL01-BA"
376218;2021-08-10;"terça-feira";"09:15:00";"DF";40;0,1;"BRASILIA";"Manobra de mudança de faixa";"Queda de ocupante de veículo";"Com Vítimas Feridas";"Pleno dia";"Decrescente";"Céu Claro";"Dupla";"Reta";"Não";3;0;1;0;2;0;1;2;-15,976897;-47,990129;"SPRF-DF";"DEL01-DF";"UOP01-DEL01-DF"
376219;2021-07-16;"sexta-feira";"16:45:00";"PE";407;124,5;"PETROLINA";"Desrespeitar a preferência no cruzamento";"Colisão transversal";"Com Vítimas Feridas";"Pleno dia";"Crescente";"Céu Claro";"Dupla";"Rotatória";"Não";2;0;1;0;0;1;1;2;-9,37544256;-40,53771799;"SPRF-PE";"DEL06-PE";"UOP01-DEL06-PE"
376222;2021-08-10;"terça-feira";"09:45:00";"PR";277;122;"CAMPO LARGO";"Reação tardia ou ineficiente do condutor";"Saída de leito carroçável";"Com Vítimas Feridas";"Pleno dia";"Crescente";"Céu Claro";"Dupla";"Curva";"Não";1;0;1;0;0;0;1;1;-25,44607539;-49,56958663;"SPRF-PR";"DEL01-PR";"UOP03-DEL03-PR"
376223;2021-08-10;"terça-feira";"10:05:00";"PR";376;649;"TIJUCAS DO SUL";"Condutor Dormindo";"Queda de ocupante de veículo";"Com Vítimas Feridas";"Pleno dia";"Decrescente";"Céu Claro";"Dupla";"Curva";"Não";1;0;1;0;0;0;1;1;-25,84592132;-49,09776415;"SPRF-PR";"DEL01-PR";"UOP04-DEL01-PR"
376224;2021-08-01;"domingo";"13:00:00";"MA";10;35;"CAROLINA";"Condutor deixou de manter distância do veículo da frente";"Colisão traseira";"Com Vítimas Feridas";"Pleno dia";"Crescente";"Céu Claro";"Simples";"Reta";"Sim";3;0;0;1;2;0;1;2;-7,332656;-47,448566;"SPRF-MA";"DEL04-MA";"UOP02-DEL04-MA"
376225;2021-08-10;"terça-feira";"09:45:00";"MG";40;519;"RIBEIRAO DAS NEVES";"Condutor deixou de manter distância do veículo da frente";"Colisão traseira";"Com Vítimas Feridas";"Pleno dia";"Crescente";"Sol";"Dupla";"Reta";"Sim";2;0;0;1;1;0;1;2;-19,83957589;-44,07684485;"SPRF-MG";"DEL01-MG";"UOP02-DEL01-MG"
376226;2021-08-10;"terça-feira";"08:30:00";"SC";470;163,5;"TROMBUDO CENTRAL";"Condutor deixou de manter distância do veículo da frente";"Colisão traseira";"Com Vítimas Feridas";"Pleno dia";"Crescente";"Céu Claro";"Simples";"Curva";"Sim";2;0;1;0;1;0;1;2;-27,27646405;-49,85406876;"SPRF-SC";"DEL04-SC";"UOP02-DEL04-SC"
376227;2021-08-10;"terça-feira";"10:50:00";"RN";110;45,7;"MOSSORO";"Condutor deixou de manter distância do veículo da frente";"Engavetamento";"Com Vítimas Feridas";"Pleno dia";"Decrescente";"Céu Claro";"Simples";"Reta";"Não";3;0;1;1;1;0;2;3;-5,19257993;-37,31114905;"SPRF-RN";"DEL04-RN";"UOP01-DEL04-RN"
376228;2021-08-10;"terça-feira";"10:55:00";"RJ";40;116;"DUQUE DE CAXIAS";"Condutor deixou de manter distância do veículo da frente";"Colisão traseira";"Com Vítimas Feridas";"Pleno dia";"Crescente";"Céu Claro";"Múltipla";"Reta";"Sim";3;0;1;0;2;0;1;2;-22,73662299;-43,28858785;"SPRF-RJ";"DEL01-RJ";"UOP01-DEL01-RJ"
376231;2021-08-10;"terça-feira";"11:50:00";"ES";101;138,6;"LINHARES";"Ingestão de álcool pelo condutor";"Colisão traseira";"Com Vítimas Feridas";"Pleno dia";"Crescente";"Céu Claro";"Dupla";"Reta";"Não";2;0;1;0;1;0;1;2;-19,30186109;-40,08371726;"SPRF-ES";"DEL04-ES";"UOP01-DEL04-ES"
376232;2021-08-10;"terça-feira";"11:30:00";"SC";280;52;"GUARAMIRIM";"Acessar a via sem observar a presença dos outros veículos";"Colisão transversal";"Com Vítimas Feridas";"Pleno dia";"Crescente";"Céu Claro";"Simples";"Interseção de Vias";"Sim";3;0;0;1;2;0;1;2;-26,47153703;-48,97142887;"SPRF-SC";"DEL03-SC";"UOP03-DEL03-SC"
376233;2021-08-10;"terça-feira";"11:45:00";"ES";101;233;"FUNDAO";"Mal súbito do condutor";"Colisão frontal";"Com Vítimas Feridas";"Pleno dia";"Crescente";"Céu Claro";"Simples";"Reta";"Sim";7;0;2;5;0;0;7;2;-19,95224103;-40,40879816;"SPRF-ES";"DEL02-ES";"UOP01-DEL02-ES"
376234;2021-08-10;"terça-feira";"12:10:00";"ES";101;34,4;"CONCEICAO DA BARRA";"Demais falhas mecânicas ou elétricas";"Tombamento";"Com Vítimas Feridas";"Pleno dia";"Crescente";"Céu Claro";"Simples";"Reta";"Não";1;0;0;1;0;0;1;1;-18,444455;-39,93215002;"SPRF-ES";"DEL04-ES";"UOP02-DEL04-ES"
376235;2021-08-10;"terça-feira";"11:00:00";"MT";163;1063;"GUARANTA DO NORTE";"Acesso irregular";"Colisão transversal";"Com Vítimas Feridas";"Pleno dia";"Decrescente";"Céu Claro";"Simples";"Reta";"Sim";2;0;1;0;1;0;1;2;-9,96520502;-54,90502238;"SPRF-MT";"DEL06-MT";"NPF/DEL06-MT"
376239;2021-08-10;"terça-feira";"12:30:00";"CE";116;59;"PACAJUS";"Retorno proibido";"Colisão traseira";"Com Vítimas Feridas";"Pleno dia";"Decrescente";"Céu Claro";"Simples";"Reta";"Não";3;0;1;0;2;0;1;2;-4,23814793;-38,48108225;"SPRF-CE";"DEL03-CE";"UOP02-DEL03-CE"
376240;2021-07-05;"segunda-feira";"16:45:00";"SC";101;104,7;"PENHA";"Acumulo de areia ou detritos sobre o pavimento";"Tombamento";"Com Vítimas Feridas";"Pleno dia";"Crescente";"Sol";"Simples";"Viaduto";"Sim";1;0;1;0;0;0;1;1;-26,79851479;-48,67963672;"SPRF-SC";"DEL03-SC";"UOP02-DEL03-SC"
376242;2021-07-18;"domingo";"03:40:00";"PE";423;64,4;"CALCADO";"Ingestão de álcool pelo condutor";"Colisão frontal";"Com Vítimas Fatais";"Plena Noite";"Decrescente";"Céu Claro";"Simples";"Reta";"Não";3;2;0;0;0;1;0;2;-8,66427961;-36,35636509;"SPRF-PE";"DEL03-PE";"UOP01-DEL03-PE"
376243;2021-07-31;"sábado";"22:30:00";"MA";135;160,9;"MATOES DO NORTE";"Manobra de mudança de faixa";"Colisão frontal";"Com Vítimas Feridas";"Plena Noite";"Decrescente";"Céu Claro";"Simples";"Reta";"Não";3;0;0;1;2;0;1;2;-3,84350112;-44,50742841;"SPRF-MA";"DEL01-MA";"UOP02-DEL01-MA"
376244;2021-08-10;"terça-feira";"11:30:00";"RO";364;303;"PRESIDENTE MEDICI";"Avarias e/ou desgaste excessivo no pneu";"Saída de leito carroçável";"Com Vítimas Feridas";"Pleno dia";"Crescente";"Céu Claro";"Simples";"Reta;Em Obras";"Não";2;0;1;0;1;0;1;1;-11,217592;-61,90172;"SPRF-RO";"DEL02-RO";"UOP01-DEL02-RO"
376245;2021-08-10;"terça-feira";"13:25:00";"PR";376;183,3;"SARANDI";"Ausência de reação do condutor";"Colisão lateral mesmo sentido";"Com Vítimas Feridas";"Pleno dia";"Crescente";"Céu Claro";"Múltipla";"Reta";"Sim";2;0;1;0;1;0;1;2;-23,44159097;-51,87067398;"SPRF-PR";"DEL09-PR";"UOP01-DEL09-PR"
376249;2021-07-05;"segunda-feira";"10:10:00";"PR";476;142;"CURITIBA";"Velocidade Incompatível";"Colisão traseira";"Com Vítimas Feridas";"Pleno dia";"Decrescente";"Nublado";"Dupla";"Reta";"Sim";2;0;0;1;1;0;1;2;-25,537161;-49,301632;"SPRF-PR";"DEL01-PR";"UOP03-DEL01-PR"
376250;2021-08-10;"terça-feira";"11:20:00";"RJ";116;276;"BARRA MANSA";"Demais falhas mecânicas ou elétricas";"Saída de leito carroçável";"Com Vítimas Feridas";"Pleno dia";"Decrescente";"Céu Claro";"Dupla";"Declive;Curva";"Não";2;0;1;0;1;0;1;1;-22,56183393;-44,16588602;"SPRF-RJ";"DEL07-RJ";"UOP02-DEL07-RJ"
376253;2021-08-10;"terça-feira";"13:00:00";"SC";282;517,2;"XAXIM";"Condutor deixou de manter distância do veículo da frente";"Colisão traseira";"Com Vítimas Feridas";"Pleno dia";"Decrescente";"Nublado";"Simples";"Aclive;Curva";"Não";2;0;1;0;1;0;1;2;-26,939375;-52,500057;"SPRF-SC";"DEL07-SC";"UOP01-DEL07-SC"
376255;2021-08-10;"terça-feira";"11:10:00";"MG";365;497,4;"PATROCINIO";"Ultrapassagem Indevida";"Colisão frontal";"Com Vítimas Fatais";"Pleno dia";"Crescente";"Sol";"Simples";"Declive";"Não";3;1;0;2;0;0;2;2;-18,921442;-47,206856;"SPRF-MG";"DEL10-MG";"UOP01-DEL10-MG"
376256;2021-08-10;"terça-feira";"14:30:00";"PR";376;180,3;"MARINGA";"Manobra de mudança de faixa";"Colisão lateral mesmo sentido";"Com Vítimas Feridas";"Pleno dia";"Crescente";"Céu Claro";"Dupla";"Reta";"Sim";2;0;1;0;1;0;1;2;-23,42725352;-51,89512271;"SPRF-PR";"DEL09-PR";"UOP01-DEL09-PR"
376257;2021-08-10;"terça-feira";"14:30:00";"PA";230;119;"MARABA";"Ausência de reação do condutor";"Engavetamento";"Sem Vítimas";"Pleno dia";"Crescente";"Sol";"Dupla";"Reta";"Sim";3;0;0;0;3;0;0;3;-5,350407;-49,105981;"SPRF-PA";"DEL03-PA";"UOP01-DEL03-PA"
376258;2021-08-10;"terça-feira";"08:55:00";"AC";364;122;"RIO BRANCO";"Acessar a via sem observar a presença dos outros veículos";"Colisão transversal";"Com Vítimas Feridas";"Pleno dia";"Crescente";"Céu Claro";"Dupla";"Reta";"Sim";2;0;1;0;0;1;1;2;-10,01188291;-67,773345;"SPRF-AC";"DEL01-AC";"UOP01-DEL01-AC"
376259;2021-08-10;"terça-feira";"13:15:00";"RO";364;11,3;"VILHENA";"Desrespeitar a preferência no cruzamento";"Colisão transversal";"Com Vítimas Feridas";"Pleno dia";"Crescente";"Céu Claro";"Simples";"Rotatória";"Sim";3;0;2;0;1;0;2;2;-12,74605898;-60,11270299;"SPRF-RO";"DEL04-RO";"UOP01-DEL04-RO"
376260;2021-08-10;"terça-feira";"13:39:00";"RO";319;61;"PORTO VELHO";"Reação tardia ou ineficiente do condutor";"Colisão traseira";"Sem Vítimas";"Pleno dia";"Decrescente";"Céu Claro";"Dupla";"Reta";"Sim";3;0;0;0;3;0;0;2;-8,766685;-63,884052;"SPRF-RO";"DEL01-RO";"UOP01-DEL01-RO"
376261;2021-08-10;"terça-feira";"14:25:00";"PR";277;653,6;"MATELANDIA";"Demais falhas mecânicas ou elétricas";"Saída de leito carroçável";"Com Vítimas Feridas";"Pleno dia";"Decrescente";"Céu Claro";"Simples";"Reta";"Não";2;0;1;0;1;0;1;1;-25,213354;-53,95143726;"SPRF-PR";"DEL05-PR";"UOP02-DEL05-PR"
376262;2021-08-10;"terça-feira";"14:50:00";"RJ";493;75;"NOVA IGUACU";"Condutor Dormindo";"Saída de leito carroçável";"Com Vítimas Feridas";"Pleno dia";"Decrescente";"Céu Claro";"Dupla";"Reta";"Não";1;0;0;1;0;0;1;1;-22,68264119;-43,45308624;"SPRF-RJ";"DEL01-RJ";"UOP03-DEL01-RJ"
376270;2021-08-08;"domingo";"01:00:00";"PR";376;232,2;"APUCARANA";"Ausência de reação do condutor";"Saída de leito carroçável";"Com Vítimas Feridas";"Plena Noite";"Decrescente";"Céu Claro";"Dupla";"Reta";"Não";1;0;1;0;0;0;1;1;-23,56705536;-51,52031064;"SPRF-PR";"DEL07-PR";"UOP02-DEL07-PR"
376272;2021-08-10;"terça-feira";"15:30:00";"ES";101;134;"LINHARES";"Acostamento em desnível";"Queda de ocupante de veículo";"Com Vítimas Feridas";"Pleno dia";"Decrescente";"Céu Claro";"Simples";"Reta";"Não";2;0;1;0;1;0;1;1;-19,26602502;-40,08886123;"SPRF-ES";"DEL04-ES";"UOP01-DEL04-ES"
376274;2021-08-10;"terça-feira";"13:45:00";"BA";101;780;"ITABELA";"Condutor deixou de manter distância do veículo da frente";"Colisão traseira";"Com Vítimas Feridas";"Pleno dia";"Crescente";"Céu Claro";"Simples";"Reta";"Não";3;0;2;0;1;0;2;2;-16,83806161;-39,48898315;"SPRF-BA";"DEL09-BA";"UOP01-DEL09-BA"
376275;2021-08-10;"terça-feira";"15:20:00";"PR";277;468,7;"NOVA LARANJEIRAS";"Transitar na contramão";"Colisão frontal";"Com Vítimas Feridas";"Pleno dia";"Decrescente";"Sol";"Simples";"Reta";"Não";3;0;0;3;0;0;3;2;-25,34211314;-52,49655008;"SPRF-PR";"DEL04-PR";"UOP02-DEL04-PR"
376276;2021-08-10;"terça-feira";"15:05:00";"MA";10;254;"IMPERATRIZ";"Acessar a via sem observar a presença dos outros veículos";"Colisão transversal";"Com Vítimas Feridas";"Pleno dia";"Crescente";"Sol";"Simples";"Reta";"Sim";3;0;1;0;2;0;1;2;-5,51103954;-47,47174144;"SPRF-MA";"DEL04-MA";"UOP01-DEL04-MA"
376278;2021-08-10;"terça-feira";"16:25:00";"SP";101;45,1;"UBATUBA";"Acessar a via sem observar a presença dos outros veículos";"Colisão transversal";"Com Vítimas Feridas";"Pleno dia";"Crescente";"Céu Claro";"Simples";"Reta";"Sim";3;0;1;0;1;1;1;3;-23,42025066;-45,07003784;"SPRF-SP";"DEL06-SP";"UOP01-DEL06-SP"
376279;2021-08-10;"terça-feira";"11:47:00";"RO";364;346,2;"JI-PARANA";"Condutor deixou de manter distância do veículo da frente";"Colisão lateral mesmo sentido";"Com Vítimas Feridas";"Pleno dia";"Decrescente";"Sol";"Múltipla";"Reta";"Sim";2;0;1;0;1;0;1;2;-10,86657143;-61,96811557;"SPRF-RO";"DEL02-RO";"UOP01-DEL02-RO"