"id";"data_inversa";"dia_semana";"horario";"uf";"br";"km";"municipio";"causa_acidente";"tipo_acidente";"classificacao_acidente";"fase_dia";"sentido_via";"condicao_metereologica";"tipo_pista";"tracado_via";"uso_solo";"pessoas";"mortos";"feridos_leves";"feridos_graves";"ilesos";"ignorados";"feridos";"veiculos";"latitude";"longitude";"regional";"delegacia";"uop"
376282;2021-08-10;"terça-feira";"16:00:00";"MG";40;506;"RIBEIRAO DAS NEVES";"Frear bruscamente";"Colisão traseira";"Sem Vítimas";"Pleno dia";"Decrescente";"Céu Claro";"Dupla";"Curva";"Não";4;0;0;0;3;1;0;2;-19,74716686;-44,14731173;"SPRF-MG";"DEL02-MG";"UOP01-DEL02-MG"
376284;2021-08-10;"terça-feira";"14:30:00";"PE";428;134,6;"LAGOA GRANDE";"Condutor Dormindo";"Saída de leito carroçável";"Com Vítimas Feridas";"Pleno dia";"Crescente";"Céu Claro";"Simples";"Reta";"Não";1;0;1;0;0;0;1;1;-8,96753834;-40,22357088;"SPRF-PE";"DEL06-PE";"UOP03-DEL06-PE"
376285;2021-08-10;"terça-feira";"17:00:00";"SC";101;37;"JOINVILLE";"Avarias e/ou desgaste excessivo no pneu";"Queda de ocupante de veículo";"Com Vítimas Feridas";"Anoitecer";"Crescente";"Nublado";"Dupla";"Reta";"Não";2;0;2;0;0;0;2;1;-26,25050176;-48,90863867;"SPRF-SC";"DEL03-SC";"UOP01-DEL03-SC"
376286;2021-07-02;"sexta-feira";"12:00:00";"PR";376;168;"MARINGA";"Animais na Pista";"Colisão traseira";"Com Vítimas Fatais";"Pleno dia";"Crescente";"Céu Claro";"Dupla";"Reta";"Não";7;1;3;1;2;0;4;2;-23,409788;-51,987453;"SPRF-PR";"DEL09-PR";"UOP01-DEL09-PR"
376288;2021-08-10;"terça-feira";"16:49:00";"PR";369;84,1;"CORNELIO PROCOPIO";"Trafegar com motocicleta (ou similar) entre as faixas";"Colisão traseira";"Com Vítimas Feridas";"Pleno dia";"Decrescente";"Céu Claro";"Simples";"Reta";"Não";2;0;1;0;1;0;1;2;-23,1679971;-50,6116101;"SPRF-PR";"DEL07-PR";"UOP01-DEL07-PR"
376291;2021-08-10;"terça-feira";"08:00:00";"GO";153;502;"GOIANIA";"Condutor deixou de manter distância do veículo da frente";"Colisão traseira";"Com Vítimas Feridas";"Pleno dia";"Decrescente";"Céu Claro";"Dupla";"Reta";"Sim";2;0;1;0;1;0;1;2;-16,71858688;-49,23786879;"SPRF-GO";"DEL01-GO";"UOP01-DEL01-GO"
376292;2021-08-10;"terça-feira";"13:50:00";"RJ";101;294;"ITABORAI";"Frear bruscamente";"Colisão traseira";"Com Vítimas Feridas";"Pleno dia";"Crescente";"Sol";"Dupla";"Reta";"Sim";2;0;1;0;1;0;1;2;-22,7584434;-42,89502344;"SPRF-RJ";"DEL02-RJ";"UOP02-DEL02-RJ"
376293;2021-08-10;"terça-feira";"16:29:00";"SP";116;230;"SAO PAULO";"Entrada inopinada do pedestre";"Atropelamento de Pedestre";"Com Vítimas Feridas";"Pleno dia";"Decrescente";"Sol";"Dupla";"Reta";"Sim";3;0;0;1;1;1;1;2;-23,52251783;-46,5855702;"SPRF-SP";"DEL01-SP";"UOP01-DEL01-SP"
376294;2021-08-10;"terça-feira";"17:00:00";"MG";381;486;"BETIM";"Reação tardia ou ineficiente do condutor";"Colisão traseira";"Com Vítimas Feridas";"Pleno dia";"Crescente";"Céu Claro";"Dupla";"Reta";"Sim";2;0;1;0;1;0;1;2;-19,95584283;-44,10787582;"SPRF-MG";"DEL01-MG";"UOP03-DEL01-MG"
376295;2021-07-25;"domingo";"09:00:00";"MG";267;146;"LIMA DUARTE";"Conversão proibida";"Colisão transversal";"Com Vítimas Feridas";"Pleno dia";"Crescente";"Céu Claro";"Simples";"Reta";"Não";4;0;2;0;2;0;2;3;-21,7871578;-43,6652569;"SPRF-MG";"DEL05-MG";"UOP01-DEL05-MG"
376296;2021-08-10;"terça-feira";"16:40:00";"PE";101;94;"CABO DE SANTO AGOSTINHO";"Acessar a via sem observar a presença dos outros veículos";"Colisão transversal";"Com Vítimas Feridas";"Anoitecer";"Crescente";"Céu Claro";"Simples";"Reta";"Sim";3;0;1;0;2;0;1;2;-8,289731;-35,042444;"SPRF-PE";"DEL01-PE";"UOP01-DEL01-PE"
376298;2021-08-10;"terça-feira";"17:30:00";"PR";277;689,5;"SAO MIGUEL DO IGUACU";"Reação tardia ou ineficiente do condutor";"Colisão lateral mesmo sentido";"Sem Vítimas";"Pleno dia";"Crescente";"Nublado";"Dupla";"Reta";"Sim";2;0;0;0;2;0;0;2;-25,35059002;-54,24064696;"SPRF-PR";"DEL05-PR";"UOP01-DEL05-PR"
376300;2021-08-10;"terça-feira";"18:00:00";"RS";116;238,5;"NOVO HAMBURGO";"Acessar a via sem observar a presença dos outros veículos";"Colisão lateral mesmo sentido";"Sem Vítimas";"Plena Noite";"Decrescente";"Garoa/Chuvisco";"Dupla";"Reta";"Sim";2;0;0;0;2;0;0;2;-29,69146667;-51,14315822;"SPRF-RS";"DEL01-RS";"UOP02-DEL01-RS"
376302;2021-08-10;"terça-feira";"18:20:00";"RN";101;106,7;"PARNAMIRIM";"Pedestre cruzava a pista fora da faixa";"Atropelamento de Pedestre";"Com Vítimas Feridas";"Plena Noite";"Crescente";"Céu Claro";"Dupla";"Reta";"Sim";2;0;2;0;0;0;2;2;-5,91424364;-35,26234746;"SPRF-RN";"DEL01-RN";"UOP01-DEL01-RN"
376303;2021-08-10;"terça-feira";"17:25:00";"GO";153;493,8;"GOIANIA";"Entrada inopinada do pedestre";"Atropelamento de Pedestre";"Com Vítimas Feridas";"Anoitecer";"Crescente";"Céu Claro";"Dupla";"Ponte;Declive";"Sim";3;0;0;1;2;0;1;2;-16,65241263;-49,2163682;"SPRF-GO";"DEL01-GO";"UOP01-DEL01-GO"
376308;2021-08-10;"terça-feira";"18:20:00";"PR";376;598;"CURITIBA";"Trafegar com motocicleta (ou similar) entre as faixas";"Colisão lateral mesmo sentido";"Com Vítimas Feridas";"Plena Noite";"Crescente";"Céu Claro";"Dupla";"Reta";"Sim";1;0;1;0;0;0;1;1;-25,5188802;-49,33506947;"SPRF-PR";"DEL01-PR";"UOP01-DEL01-PR"
376310;2021-08-10;"terça-feira";"18:40:00";"PE";104;67;"CARUARU";"Chuva";"Colisão traseira";"Com Vítimas Feridas";"Plena Noite";"Crescente";"Chuva";"Dupla";"Reta";"Sim";2;0;1;0;1;0;1;2;-8,3016;-35,9882;"SPRF-PE";"DEL02-PE";"UOP01-DEL02-PE"
376312;2021-08-10;"terça-feira";"18:45:00";"RJ";101;395;"RIO DE JANEIRO";"Condutor deixou de manter distância do veículo da frente";"Colisão lateral mesmo sentido";"Sem Vítimas";"Plena Noite";"Decrescente";"Céu Claro";"Dupla";"Reta";"Não";2;0;0;0;2;0;0;2;-22,88237391;-43,72205597;"SPRF-RJ";"DEL03-RJ";"UOP01-DEL03-RJ"
376313;2021-08-10;"terça-feira";"19:00:00";"RJ";101;280;"TANGUA";"Demais falhas mecânicas ou elétricas";"Queda de ocupante de veículo";"Com Vítimas Feridas";"Plena Noite";"Crescente";"Céu Claro";"Dupla";"Reta";"Não";1;0;0;1;0;0;1;1;-22,73840017;-42,77718501;"SPRF-RJ";"DEL02-RJ";"UOP03-DEL02-RJ"
376314;2021-08-10;"terça-feira";"14:50:00";"PI";343;450,1;"AGUA BRANCA";"Pedestre andava na pista";"Atropelamento de Pedestre";"Com Vítimas Feridas";"Pleno dia";"Decrescente";"Sol";"Simples";"Reta";"Sim";2;0;0;1;1;0;1;2;-5,893518;-42,647101;"SPRF-PI";"DEL01-PI";"UOP02-DEL01-PI"
376315;2021-08-10;"terça-feira";"18:20:00";"RO";364;226,7;"CACOAL";"Ausência de reação do condutor";"Colisão lateral mesmo sentido";"Com Vítimas Feridas";"Anoitecer";"Decrescente";"Céu Claro";"Simples";"Aclive;Reta";"Sim";3;0;1;0;1;1;1;3;-11,50326836;-61,36777537;"SPRF-RO";"DEL02-RO";"UOP02-DEL02-RO"
376316;2021-08-10;"terça-feira";"18:40:00";"SC";282;2;"FLORIANOPOLIS";"Ausência de reação do condutor";"Queda de ocupante de veículo";"Com Vítimas Feridas";"Plena Noite";"Crescente";"Garoa/Chuvisco";"Dupla";"Reta";"Sim";1;0;1;0;0;0;1;1;-27,603289;-48,590416;"SPRF-SC";"DEL01-SC";"UOP01-DEL01-SC"
376317;2021-08-10;"terça-feira";"19:20:00";"SP";116;477;"JACUPIRANGA";"Acessar a via sem observar a presença dos outros veículos";"Colisão transversal";"Com Vítimas Feridas";"Plena Noite";"Decrescente";"Céu Claro";"Simples";"Reta";"Sim";2;0;1;0;1;0;1;2;-24,69842695;-48,00304804;"SPRF-SP";"DEL05-SP";"UOP01-DEL05-SP"
376318;2021-08-10;"terça-feira";"17:30:00";"RO";425;97;"NOVA MAMORE";"Acessar a via sem observar a presença dos outros veículos";"Colisão transversal";"Com Vítimas Feridas";"Anoitecer";"Crescente";"Céu Claro";"Simples";"Reta";"Sim";3;0;0;1;2;0;1;2;-10,40111951;-65,326801;"SPRF-RO";"DEL01-RO";"UOP03-DEL01-RO"
376319;2021-08-10;"terça-feira";"19:30:00";"CE";116;15;"FORTALEZA";"Condutor deixou de manter distância do veículo da frente";"Colisão traseira";"Com Vítimas Feridas";"Plena Noite";"Crescente";"Céu Claro";"Dupla";"Reta";"Sim";2;0;0;1;1;0;1;2;-3,87839882;-38,50066893;"SPRF-CE";"DEL01-CE";"UOP02-DEL01-CE"
376321;2021-08-10;"terça-feira";"17:00:00";"AC";317;68;"SENADOR GUIOMARD";"Reação tardia ou ineficiente do condutor";"Saída de leito carroçável";"Com Vítimas Feridas";"Plena Noite";"Decrescente";"Céu Claro";"Simples";"Reta";"Não";1;0;0;1;0;0;1;1;-10,0587366;-67,5624912;"SPRF-AC";"DEL01-AC";"UOP01-DEL01-AC"
376325;2021-08-10;"terça-feira";"19:30:00";"SC";101;443,6;"SANTA ROSA DO SUL";"Acessar a via sem observar a presença dos outros veículos";"Colisão transversal";"Sem Vítimas";"Plena Noite";"Crescente";"Garoa/Chuvisco";"Múltipla";"Interseção de Vias";"Sim";2;0;0;0;1;1;0;2;-29,13223626;-49,69660393;"SPRF-SC";"DEL02-SC";"UOP02-DEL02-SC"
376326;2021-08-10;"terça-feira";"17:55:00";"RO";364;346;"JI-PARANA";"Retorno proibido";"Colisão transversal";"Com Vítimas Feridas";"Plena Noite";"Decrescente";"Céu Claro";"Dupla";"Reta";"Sim";4;0;1;0;3;0;1;2;-10,865874;-61,968647;"SPRF-RO";"DEL02-RO";"UOP01-DEL02-RO"
376328;2021-08-10;"terça-feira";"10:30:00";"AP";156;410;"TARTARUGALZINHO";"Ingestão de álcool pelo condutor";"Saída de leito carroçável";"Sem Vítimas";"Pleno dia";"Decrescente";"Garoa/Chuvisco";"Simples";"Reta";"Não";2;0;0;0;1;1;0;2;1,05683574;-51,08434375;"SPRF-AP";"DEL01-AP";"UOP01-DEL01-AP"
376329;2021-08-10;"terça-feira";"17:20:00";"MA";10;237,8;"IMPERATRIZ";"Desvio temporário";"Saída de leito carroçável";"Com Vítimas Feridas";"Pleno dia";"Decrescente";"Céu Claro";"Simples";"Reta";"Não";1;0;1;0;0;0;1;1;-5,64398113;-47,39702582;"SPRF-MA";"DEL04-MA";"UOP01-DEL04-MA"
376331;2021-08-10;"terça-feira";"19:20:00";"MT";163;833;"SINOP";"Pedestre cruzava a pista fora da faixa";"Atropelamento de Pedestre";"Sem Vítimas";"Plena Noite";"Decrescente";"Céu Claro";"Simples";"Curva";"Sim";2;0;0;0;2;0;0;2;-11,88227032;-55,50095558;"SPRF-MT";"DEL06-MT";"UOP01-DEL06-MT"
376333;2021-08-10;"terça-feira";"17:05:00";"RJ";101;148;"MACAE";"Ultrapassagem Indevida";"Colisão frontal";"Com Vítimas Feridas";"Anoitecer";"Crescente";"Céu Claro";"Simples";"Curva";"Não";5;0;4;1;0;0;5;2;-22,2325541;-41,78406897;"SPRF-RJ";"DEL08-RJ";"UOP04-DEL08-RJ"
376334;2021-08-10;"terça-feira";"20:50:00";"SC";101;157,2;"PORTO BELO";"Objeto estático sobre o leito carroçável";"Colisão com objeto";"Com Vítimas Feridas";"Plena Noite";"Decrescente";"Nublado";"Dupla";"Reta";"Não";1;0;1;0;0;0;1;1;-27,14360323;-48,59973907;"SPRF-SC";"DEL04-SC";"UOP03-DEL04-SC"
376336;2021-08-10;"terça-feira";"18:50:00";"RJ";40;75;"PETROPOLIS";"Animais na Pista";"Atropelamento de Animal";"Com Vítimas Feridas";"Plena Noite";"Crescente";"Céu Claro";"Simples";"Reta";"Sim";1;0;1;0;0;0;1;1;-22,46857126;-43,22958698;"SPRF-RJ";"DEL06-RJ";"UOP01-DEL06-RJ"
376337;2021-08-10;"terça-feira";"14:30:00";"MT";163;1063;"GUARANTA DO NORTE";"Reação tardia ou ineficiente do condutor";"Colisão lateral mesmo sentido";"Com Vítimas Feridas";"Pleno dia";"Crescente";"Céu Claro";"Simples";"Aclive";"Sim";2;0;1;0;1;0;1;2;-9,96450859;-54,9048866;"SPRF-MT";"DEL06-MT";"NPF/DEL06-MT"
376338;2021-08-10;"terça-feira";"18:10:00";"PE";116;25,1;"SALGUEIRO";"Acessar a via sem observar a presença dos outros veículos";"Colisão transversal";"Com Vítimas Feridas";"Plena Noite";"Decrescente";"Céu Claro";"Simples";"Reta";"Sim";3;0;2;0;1;0;2;2;-8,061417;-39,135975;"SPRF-PE";"DEL05-PE";"UOP01-DEL05-PE"
376340;2021-08-10;"terça-feira";"20:30:00";"PR";376;192,2;"MARIALVA";"Ausência de reação do condutor";"Colisão frontal";"Com Vítimas Feridas";"Plena Noite";"Crescente";"Céu Claro";"Dupla";"Curva";"Não";3;0;1;0;2;0;1;2;-23,49374863;-51,78148171;"SPRF-PR";"DEL09-PR";"UOP01-DEL09-PR"
376342;2021-08-10;"terça-feira";"17:50:00";"MT";163;695;"LUCAS DO RIO VERDE";"Ultrapassagem Indevida";"Colisão frontal";"Com Vítimas Feridas";"Anoitecer";"Decrescente";"Céu Claro";"Simples";"Reta";"Não";2;0;1;0;1;0;1;2;-13,11801914;-55,95656369;"SPRF-MT";"DEL06-MT";"UOP01-DEL06-MT"
376343;2021-08-10;"terça-feira";"18:40:00";"PR";163;75,4;"PLANALTO";"Ultrapassagem Indevida";"Colisão frontal";"Com Vítimas Fatais";"Anoitecer";"Decrescente";"Céu Claro";"Simples";"Curva;Declive";"Não";4;1;2;1;0;0;3;2;-25,79256573;-53,77899471;"SPRF-PR";"DEL02-PR";"UOP02-DEL02-PR"
376344;2021-08-10;"terça-feira";"19:40:00";"SC";101;449,9;"SANTA ROSA DO SUL";"Chuva";"Saída de leito carroçável";"Com Vítimas Feridas";"Plena Noite";"Crescente";"Chuva";"Dupla";"Reta";"Sim";1;0;1;0;0;0;1;1;-29,16497725;-49,74303669;"SPRF-SC";"DEL02-SC";"UOP02-DEL02-SC"
376345;2021-08-10;"terça-feira";"18:00:00";"PE";104;67,5;"CARUARU";"Ingestão de álcool e/ou substâncias psicoativas pelo pedestre";"Atropelamento de Pedestre";"Com Vítimas Feridas";"Plena Noite";"Crescente";"Chuva";"Dupla";"Reta";"Sim";2;0;1;0;1;0;1;2;-8,29770591;-35,98876476;"SPRF-PE";"DEL02-PE";"UOP01-DEL02-PE"
376347;2021-08-10;"terça-feira";"18:40:00";"BA";324;288;"JACOBINA";"Acessar a via sem observar a presença dos outros veículos";"Colisão frontal";"Com Vítimas Feridas";"Plena Noite";"Crescente";"Céu Claro";"Simples";"Reta";"Não";2;0;0;1;1;0;1;2;-11,15515124;-40,56556214;"SPRF-BA";"DEL04-BA";"UOP02-DEL04-BA"
376357;2021-08-10;"terça-feira";"23:15:00";"RS";386;358,4;"ESTRELA";"Reação tardia ou ineficiente do condutor";"Saída de leito carroçável";"Sem Vítimas";"Plena Noite";"Decrescente";"Garoa/Chuvisco";"Dupla";"Reta";"Não";1;0;0;0;1;0;0;1;-29,53306;-51,919636;"SPRF-RS";"DEL04-RS";"UOP02-DEL04-RS"
376359;2021-08-10;"terça-feira";"23:20:00";"SC";470;111,2;"IBIRAMA";"Velocidade Incompatível";"Capotamento";"Com Vítimas Feridas";"Plena Noite";"Crescente";"Chuva";"Simples";"Curva";"Não";2;0;1;1;0;0;2;1;-27,095388;-49,457878;"SPRF-SC";"DEL04-SC";"UOP02-DEL04-SC"
376361;2021-08-11;"quarta-feira";"00:25:00";"SC";101;210;"SAO JOSE";"Ingestão de álcool pelo condutor";"Saída de leito carroçável";"Sem Vítimas";"Plena Noite";"Crescente";"Chuva";"Múltipla";"Reta";"Sim";1;0;0;0;1;0;0;1;-27,6167305;-48,6457265;"SPRF-SC";"DEL01-SC";"UOP01-DEL01-SC"
376363;2021-08-11;"quarta-feira";"00:50:00";"RJ";116;132;"MAGE";"Transitar na contramão";"Colisão frontal";"Com Vítimas Feridas";"Plena Noite";"Decrescente";"Vento";"Dupla";"Curva;Viaduto";"Não";5;0;2;2;1;0;4;2;-22,65703272;-43,13458092;"SPRF-RJ";"DEL04-RJ";"UOP02-DEL04-RJ"
376364;2021-08-11;"quarta-feira";"00:15:00";"SP";116;157;"SAO JOSE DOS CAMPOS";"Manobra de mudança de faixa";"Capotamento";"Com Vítimas Feridas";"Plena Noite";"Crescente";"Céu Claro";"Dupla";"Reta";"Não";3;0;3;0;0;0;3;1;-23,25558031;-45,9437828;"SPRF-SP";"DEL02-SP";"UOP01-DEL02-SP"
376371;2021-08-11;"quarta-feira";"02:00:00";"RJ";101;174;"MACAE";"Velocidade Incompatível";"Saída de leito carroçável";"Com Vítimas Feridas";"Plena Noite";"Crescente";"Céu Claro";"Simples";"Curva";"Não";1;0;1;0;0;0;1;1;-22,37503386;-41,960354;"SPRF-RJ";"DEL08-RJ";"UOP04-DEL08-RJ"
376373;2021-08-11;"quarta-feira";"03:25:00";"RJ";116;303,6;"RESENDE";"Reação tardia ou ineficiente do condutor";"Colisão com objeto";"Sem Vítimas";"Plena Noite";"Crescente";"Céu Claro";"Simples";"Reta";"Não";1;0;0;0;1;0;0;1;-22,45434989;-44,37845201;"SPRF-RJ";"DEL07-RJ";"UOP02-DEL07-RJ"
376376;2021-08-11;"quarta-feira";"05:55:00";"PI";343;348,8;"TERESINA";"Condutor deixou de manter distância do veículo da frente";"Colisão traseira";"Sem Vítimas";"Amanhecer";"Decrescente";"Céu Claro";"Dupla";"Reta";"Sim";4;0;0;0;4;0;0;2;-5,11847204;-42,78586864;"SPRF-PI";"DEL01-PI";"UOP01-DEL01-PI"
376378;2021-08-11;"quarta-feira";"06:10:00";"SC";101;219,9;"PALHOCA";"Manobra de mudança de faixa";"Colisão lateral mesmo sentido";"Com Vítimas Feridas";"Amanhecer";"Decrescente";"Nublado";"Dupla";"Reta";"Sim";4;0;2;0;1;1;2;2;-27,69344203;-48,6630553;"SPRF-SC";"DEL01-SC";"UOP02-DEL01-SC"
376379;2021-08-11;"quarta-feira";"03:45:00";"BA";101;681,1;"ITAGIMIRIM";"Ausência de reação do condutor";"Saída de leito carroçável";"Com Vítimas Feridas";"Plena Noite";"Decrescente";"Céu Claro";"Simples";"Curva";"Sim";1;0;1;0;0;0;1;1;-16,08629538;-39,61985534;"SPRF-BA";"DEL09-BA";"UOP01-DEL09-BA"
376380;2021-08-11;"quarta-feira";"04:50:00";"SC";280;41;"GUARAMIRIM";"Ingestão de álcool pelo condutor";"Saída de leito carroçável";"Sem Vítimas";"Plena Noite";"Crescente";"Céu Claro";"Simples";"Reta";"Não";1;0;0;0;1;0;0;1;-26,45000366;-48,85790902;"SPRF-SC";"DEL03-SC";"UOP03-DEL03-SC"
376381;2021-08-11;"quarta-feira";"05:30:00";"MG";381;509,7;"SAO JOAQUIM DE BICAS";"Condutor deixou de manter distância do veículo da frente";"Colisão lateral mesmo sentido";"Com Vítimas Feridas";"Pleno dia";"Decrescente";"Céu Claro";"Múltipla";"Reta";"Sim";3;0;1;0;2;0;1;3;-20,05372244;-44,28310454;"SPRF-MG";"DEL01-MG";"UOP03-DEL01-MG"
376383;2021-08-10;"terça-feira";"17:00:00";"RJ";40;120;"DUQUE DE CAXIAS";"Reação tardia ou ineficiente do condutor";"Queda de ocupante de veículo";"Com Vítimas Feridas";"Pleno dia";"Decrescente";"Céu Claro";"Simples";"Reta";"Sim";1;0;1;0;0;0;1;1;-22,77280597;-43,28626763;"SPRF-RJ";"DEL01-RJ";"UOP01-DEL01-RJ"
376384;2021-08-11;"quarta-feira";"05:30:00";"PB";230;117,5;"INGA";"Velocidade Incompatível";"Saída de leito carroçável";"Com Vítimas Feridas";"Amanhecer";"Decrescente";"Chuva";"Dupla";"Curva";"Não";1;0;1;0;0;0;1;1;-7,241426;-35,624232;"SPRF-PB";"DEL02-PB";"UOP01-DEL02-PB"
376386;2021-08-11;"quarta-feira";"06:20:00";"SC";280;8,6;"SAO FRANCISCO DO SUL";"Ausência de reação do condutor";"Colisão frontal";"Com Vítimas Feridas";"Amanhecer";"Decrescente";"Nublado";"Simples";"Reta";"Sim";2;0;0;2;0;0;2;2;-26,27887292;-48,64668626;"SPRF-SC";"DEL03-SC";"UOP03-DEL03-SC"
376387;2021-08-11;"quarta-feira";"05:50:00";"DF";20;23,7;"BRASILIA";"Condutor Dormindo";"Saída de leito carroçável";"Com Vítimas Feridas";"Pleno dia";"Crescente";"Céu Claro";"Dupla";"Reta";"Sim";1;0;1;0;0;0;1;1;-15,595297;-47,667912;"SPRF-DF";"DEL02-DF";"UOP01-DEL02-DF"
376390;2021-08-11;"quarta-feira";"06:40:00";"PR";163;288;"MARECHAL CANDIDO RONDON";"Mal súbito do condutor";"Saída de leito carroçável";"Com Vítimas Feridas";"Amanhecer";"Decrescente";"Nublado";"Dupla";"Curva";"Não";3;0;2;1;0;0;3;1;-24,55143816;-54,0412003;"SPRF-PR";"DEL06-PR";"UOP02-DEL06-PR"
376392;2021-08-11;"quarta-feira";"05:30:00";"MS";163;7;"MUNDO NOVO";"Ausência de reação do condutor";"Saída de leito carroçável";"Com Vítimas Feridas";"Amanhecer";"Crescente";"Garoa/Chuvisco";"Dupla";"Rotatória";"Não";4;0;3;0;1;0;3;1;-24,00094566;-54,32020706;"SPRF-MS";"DEL09-MS";"UOP02-DEL09-MS"
376394;2021-08-11;"quarta-feira";"06:45:00";"SP";116;110,9;"TAUBATE";"Manobra de mudança de faixa";"Colisão traseira";"Com Vítimas Feridas";"Amanhecer";"Decrescente";"Sol";"Dupla";"Curva";"Sim";2;0;1;0;0;1;1;2;-23,03412614;-45,5526999;"SPRF-SP";"DEL02-SP";"UOP02-DEL02-SP"
376395;2021-08-11;"quarta-feira";"07:10:00";"PB";101;115,8;"CAAPORA";"Acumulo de água sobre o pavimento";"Colisão com objeto";"Com Vítimas Feridas";"Pleno dia";"Decrescente";"Chuva";"Dupla";"Curva;Declive";"Não";1;0;1;0;0;0;1;1;-7,40842117;-34,95465271;"SPRF-PB";"DEL01-PB";"UOP02-DEL01-PB"
376396;2021-08-11;"quarta-feira";"06:50:00";"PB";101;86;"BAYEUX";"Reação tardia ou ineficiente do condutor";"Colisão traseira";"Com Vítimas Feridas";"Pleno dia";"Decrescente";"Garoa/Chuvisco";"Dupla";"Interseção de Vias";"Não";2;0;2;0;0;0;2;2;-7,14928931;-34,91164327;"SPRF-PB";"DEL01-PB";"UOP01-DEL01-PB"
376402;2021-08-11;"quarta-feira";"07:00:00";"RS";480;65,5;"BARAO DE COTEGIPE";"Pista Escorregadia";"Saída de leito carroçável";"Com Vítimas Feridas";"Amanhecer";"Crescente";"Céu Claro";"Simples";"Curva";"Não";1;0;1;0;0;0;1;1;-27,62694605;-52,36726105;"SPRF-RS";"DEL08-RS";"UOP04-DEL08-RS"
376405;2021-08-11;"quarta-feira";"08:20:00";"SC";280;34;"ARAQUARI";"Acessar a via sem observar a presença dos outros veículos";"Colisão transversal";"Com Vítimas Feridas";"Pleno dia";"Crescente";"Nublado";"Simples";"Retorno Regulamentado";"Sim";2;0;1;0;1;0;1;2;-26,42993971;-48,79615614;"SPRF-SC";"DEL03-SC";"UOP03-DEL03-SC"
376406;2021-08-11;"quarta-feira";"08:50:00";"MG";50;64;"UBERLANDIA";"Acumulo de areia ou detritos sobre o pavimento";"Tombamento";"Com Vítimas Feridas";"Pleno dia";"Decrescente";"Sol";"Dupla";"Curva";"Não";1;0;1;0;0;0;1;1;-18,84248402;-48,25258395;"SPRF-MG";"DEL15-MG";"UOP02-DEL15-MG"
376407;2021-08-11;"quarta-feira";"06:00:00";"MG";381;167,5;"GOVERNADOR VALADARES";"Reação tardia ou ineficiente do condutor";"Saída de leito carroçável";"Com Vítimas Feridas";"Pleno dia";"Decrescente";"Céu Claro";"Simples";"Reta";"Não";1;0;1;0;0;0;1;1;-18,95969298;-42,07583292;"SPRF-MG";"DEL06-MG";"UOP01-DEL06-MG"
376411;2021-06-20;"domingo";"10:40:00";"PI";316;313;"PICOS";"Acessar a via sem observar a presença dos outros veículos";"Colisão transversal";"Com Vítimas Feridas";"Pleno dia";"Crescente";"Céu Claro";"Simples";"Reta";"Sim";3;0;1;1;1;0;2;2;-7,07959049;-41,44975182;"SPRF-PI";"DEL04-PI";"UOP01-DEL04-PI"
376418;2021-08-11;"quarta-feira";"09:40:00";"SP";116;225;"GUARULHOS";"Condutor deixou de manter distância do veículo da frente";"Tombamento";"Com Vítimas Feridas";"Pleno dia";"Crescente";"Nublado";"Múltipla";"Aclive";"Sim";1;0;1;0;0;0;1;1;-23,48586772;-46,54075317;"SPRF-SP";"DEL01-SP";"UOP01-DEL01-SP"
376421;2021-08-11;"quarta-feira";"10:00:00";"GO";153;495;"GOIANIA";"Mal súbito do condutor";"Queda de ocupante de veículo";"Com Vítimas Feridas";"Pleno dia";"Crescente";"Céu Claro";"Dupla";"Reta;Aclive";"Sim";3;0;1;0;0;2;1;2;-16,65792203;-49,21980143;"SPRF-GO";"DEL01-GO";"UOP01-DEL01-GO"
376422;2021-08-11;"quarta-feira";"10:00:00";"MG";40;518;"RIBEIRAO DAS NEVES";"Manobra de mudança de faixa";"Colisão traseira";"Com Vítimas Feridas";"Pleno dia";"Decrescente";"Céu Claro";"Dupla";"Reta";"Sim";2;0;1;0;1;0;1;2;-19,8321242;-44,08208533;"SPRF-MG";"DEL01-MG";"UOP02-DEL01-MG"
376423;2021-08-11;"quarta-feira";"10:10:00";"RN";101;84,6;"NATAL";"Acumulo de areia ou detritos sobre o pavimento";"Tombamento";"Com Vítimas Feridas";"Pleno dia";"Decrescente";"Garoa/Chuvisco";"Simples";"Reta";"Sim";1;0;1;0;0;0;1;1;-5,774175;-35,2578;"SPRF-RN";"DEL02-RN";"UOP01-DEL02-RN"
376425;2021-08-11;"quarta-feira";"10:00:00";"BA";116;823,7;"VITORIA DA CONQUISTA";"Acessar a via sem observar a presença dos outros veículos";"Colisão transversal";"Com Vítimas Feridas";"Pleno dia";"Decrescente";"Sol";"Dupla";"Reta";"Sim";2;0;1;0;1;0;1;2;-14,8079923;-40,78877284;"SPRF-BA";"DEL08-BA";"UOP01-DEL08-BA"
376426;2021-08-11;"quarta-feira";"08:00:00";"AC";364;127;"RIO BRANCO";"Transitar no acostamento";"Colisão lateral mesmo sentido";"Com Vítimas Feridas";"Pleno dia";"Decrescente";"Céu Claro";"Simples";"Reta";"Sim";2;0;1;0;1;0;1;2;-10,01980906;-67,81433091;"SPRF-AC";"DEL01-AC";"UOP01-DEL01-AC"