"id";"data_inversa";"dia_semana";"horario";"uf";"br";"km";"municipio";"causa_acidente";"tipo_acidente";"classificacao_acidente";"fase_dia";"sentido_via";"condicao_metereologica";"tipo_pista";"tracado_via";"uso_solo";"pessoas";"mortos";"feridos_leves";"feridos_graves";"ilesos";"ignorados";"feridos";"veiculos";"latitude";"longitude";"regional";"delegacia";"uop"
376950;2021-08-13;"sexta-feira";"22:20:00";"SP";116;75,6;"APARECIDA";"Transitar na contramão";"Colisão frontal";"Com Vítimas Feridas";"Plena Noite";"Decrescente";"Céu Claro";"Dupla";"Reta";"Não";5;0;3;0;2;0;3;4;-22,87521876;-45,26277018;"SPRF-SP";"DEL08-SP";"UOP01-DEL08-SP"
376952;2021-08-14;"sábado";"00:00:00";"PR";116;78;"SAO JOSE DOS PINHAIS";"Velocidade Incompatível";"Colisão com objeto";"Com Vítimas Feridas";"Plena Noite";"Decrescente";"Chuva";"Dupla";"Reta";"Sim";1;0;0;1;0;0;1;1;-25,5266277;-49,1408657;"SPRF-PR";"DEL01-PR";"UOP01-DEL01-PR"
376956;2021-08-14;"sábado";"00:20:00";"PR";369;177;"ROLANDIA";"Condutor desrespeitou a iluminação vermelha do semáforo";"Colisão transversal";"Com Vítimas Fatais";"Plena Noite";"Crescente";"Céu Claro";"Simples";"Interseção de Vias";"Sim";3;1;0;2;0;0;2;2;-23,33712261;-51,38833523;"SPRF-PR";"DEL07-PR";"UOP01-DEL07-PR"
376957;2021-08-13;"sexta-feira";"20:30:00";"SC";101;49,1;"JOINVILLE";"Ingestão de álcool pelo condutor";"Colisão com objeto";"Sem Vítimas";"Plena Noite";"Decrescente";"Chuva";"Dupla";"Curva;Declive";"Não";1;0;0;0;1;0;0;1;-26,36479799;-48,85878798;"SPRF-SC";"DEL03-SC";"UOP01-DEL03-SC"
376959;2021-08-14;"sábado";"00:20:00";"SP";116;117;"TAUBATE";"Reação tardia ou ineficiente do condutor";"Colisão traseira";"Com Vítimas Feridas";"Plena Noite";"Crescente";"Nublado";"Dupla";"Reta";"Não";4;0;3;0;0;1;3;3;-23,0582298;-45,6176951;"SPRF-SP";"DEL02-SP";"UOP02-DEL02-SP"
376960;2021-08-14;"sábado";"01:15:00";"SC";470;33,3;"GASPAR";"Acessar a via sem observar a presença dos outros veículos";"Colisão transversal";"Com Vítimas Feridas";"Plena Noite";"Crescente";"Nublado";"Dupla";"Reta;Em Obras";"Sim";2;0;1;0;0;1;1;2;-26,906223;-48,940575;"SPRF-SC";"DEL04-SC";"UOP01-DEL04-SC"
376961;2021-08-13;"sexta-feira";"16:11:00";"SP";116;457;"REGISTRO";"Ausência de reação do condutor";"Saída de leito carroçável";"Sem Vítimas";"Pleno dia";"Decrescente";"Chuva";"Dupla";"Reta";"Sim";1;0;0;0;1;0;0;1;-24,58829794;-47,88151189;"SPRF-SP";"DEL05-SP";"UOP01-DEL05-SP"
376967;2021-08-14;"sábado";"03:50:00";"PR";277;72;"SAO JOSE DOS PINHAIS";"Condutor Dormindo";"Saída de leito carroçável";"Sem Vítimas";"Plena Noite";"Crescente";"Chuva";"Dupla";"Reta";"Não";1;0;0;0;1;0;0;1;-25,50557335;-49,14390564;"SPRF-PR";"DEL01-PR";"UOP01-DEL01-PR"
376968;2021-08-14;"sábado";"03:35:00";"BA";407;0;"JUAZEIRO";"Ingestão de álcool pelo condutor";"Colisão frontal";"Sem Vítimas";"Amanhecer";"Crescente";"Céu Claro";"Simples";"Ponte";"Sim";2;0;0;0;2;0;0;2;-9,409546;-40,505337;"SPRF-PE";"DEL06-PE";"UOP01-DEL06-PE"
376970;2021-08-14;"sábado";"03:50:00";"SC";101;217,8;"PALHOCA";"Ingestão de álcool pelo condutor";"Colisão traseira";"Sem Vítimas";"Plena Noite";"Crescente";"Chuva";"Simples";"Reta";"Não";2;0;0;0;2;0;0;2;-27,66779034;-48,67393586;"SPRF-SC";"DEL01-SC";"UOP02-DEL01-SC"
376971;2021-08-14;"sábado";"03:50:00";"SC";101;208;"SAO JOSE";"Ausência de reação do condutor";"Capotamento";"Sem Vítimas";"Plena Noite";"Crescente";"Nublado";"Simples";"Interseção de Vias";"Sim";1;0;0;0;1;0;0;1;-27,60327979;-48,63201818;"SPRF-SC";"DEL01-SC";"UOP01-DEL01-SC"
376973;2021-08-14;"sábado";"04:47:00";"SC";101;209,6;"SAO JOSE";"Ingestão de álcool pelo condutor";"Colisão com objeto";"Sem Vítimas";"Plena Noite";"Crescente";"Chuva";"Simples";"Interseção de Vias";"Sim";1;0;0;0;1;0;0;1;-27,61000542;-48,63895057;"SPRF-SC";"DEL01-SC";"UOP01-DEL01-SC"
376974;2021-08-14;"sábado";"05:00:00";"ES";101;264,3;"SERRA";"Ausência de reação do condutor";"Colisão transversal";"Com Vítimas Feridas";"Amanhecer";"Crescente";"Céu Claro";"Dupla";"Reta";"Sim";2;0;1;0;0;1;1;2;-20,17292791;-40,26736384;"SPRF-ES";"DEL02-ES";"UOP01-DEL02-ES"
376976;2021-08-14;"sábado";"05:00:00";"SC";101;108,9;"PENHA";"Reação tardia ou ineficiente do condutor";"Saída de leito carroçável";"Sem Vítimas";"Amanhecer";"Crescente";"Chuva";"Dupla";"Curva";"Sim";1;0;0;0;0;1;0;1;-26,82606902;-48,69052298;"SPRF-SC";"DEL03-SC";"UOP02-DEL03-SC"
376977;2021-08-13;"sexta-feira";"23:30:00";"PB";110;53;"SAO JOSE DE ESPINHARAS";"Condutor Dormindo";"Saída de leito carroçável";"Sem Vítimas";"Plena Noite";"Decrescente";"Céu Claro";"Simples";"Reta";"Não";1;0;0;0;0;1;0;1;-6,74089474;-37,41325276;"SPRF-PB";"DEL03-PB";"UOP01-DEL03-PB"
376978;2021-08-14;"sábado";"05:20:00";"CE";222;12,5;"CAUCAIA";"Acessar a via sem observar a presença dos outros veículos";"Colisão transversal";"Com Vítimas Feridas";"Amanhecer";"Crescente";"Céu Claro";"Simples";"Reta";"Não";2;0;0;1;0;1;1;2;-3,76479979;-38,66897196;"SPRF-CE";"DEL01-CE";"UOP01-DEL01-CE"
376980;2021-08-14;"sábado";"04:40:00";"RS";158;138,5;"CONDOR";"Transitar na contramão";"Colisão frontal";"Com Vítimas Feridas";"Plena Noite";"Crescente";"Céu Claro";"Simples";"Reta";"Não";5;0;5;0;0;0;5;2;-28,187799;-53,477478;"SPRF-RS";"DEL08-RS";"UOP02-DEL08-RS"
376984;2021-08-14;"sábado";"05:50:00";"RS";470;205;"BENTO GONCALVES";"Transitar na contramão";"Colisão frontal";"Com Vítimas Feridas";"Plena Noite";"Decrescente";"Céu Claro";"Simples";"Curva";"Não";2;0;1;0;0;1;1;2;-29,08303999;-51,56096429;"SPRF-RS";"DEL06-RS";"UOP01-DEL06-RS"
376985;2021-08-14;"sábado";"05:25:00";"GO";40;5;"VALPARAISO DE GOIAS";"Condutor Dormindo";"Colisão traseira";"Sem Vítimas";"Amanhecer";"Crescente";"Céu Claro";"Dupla";"Reta";"Sim";2;0;0;0;2;0;0;2;-16,093134;-47,982236;"SPRF-DF";"DEL01-DF";"UOP01-DEL01-DF"
376988;2021-08-14;"sábado";"05:35:00";"DF";70;8;"BRASILIA";"Conversão proibida";"Colisão traseira";"Com Vítimas Feridas";"Amanhecer";"Crescente";"Céu Claro";"Dupla";"Reta";"Sim";2;0;1;0;1;0;1;2;-15,784966;-48,122108;"SPRF-DF";"DEL03-DF";"UOP02-DEL03-DF"
376989;2021-08-14;"sábado";"06:20:00";"RS";116;265;"CANOAS";"Ingestão de álcool pelo condutor";"Colisão com objeto";"Sem Vítimas";"Pleno dia";"Crescente";"Céu Claro";"Múltipla";"Retorno Regulamentado";"Sim";1;0;0;0;1;0;0;1;-29,92342302;-51,17780944;"SPRF-RS";"DEL01-RS";"UOP01-DEL01-RS"
376991;2021-08-14;"sábado";"06:15:00";"SP";116;220;"GUARULHOS";"Objeto estático sobre o leito carroçável";"Colisão traseira";"Com Vítimas Feridas";"Amanhecer";"Crescente";"Céu Claro";"Múltipla";"Reta";"Sim";3;0;2;0;1;0;2;2;-23,46802395;-46,50704901;"SPRF-SP";"DEL01-SP";"UOP01-DEL01-SP"
376992;2021-02-09;"terça-feira";"12:35:00";"PB";230;105,5;"INGA";"Ausência de reação do condutor";"Saída de leito carroçável";"Com Vítimas Fatais";"Pleno dia";"Decrescente";"Nublado";"Dupla";"Curva";"Não";1;1;0;0;0;0;0;1;-7,2075;-35,5248;"SPRF-PB";"DEL01-PB";"UOP03-DEL01-PB"
376994;2021-08-13;"sexta-feira";"00:30:00";"SP";116;99;"PINDAMONHANGABA";"Velocidade Incompatível";"Capotamento";"Com Vítimas Feridas";"Plena Noite";"Decrescente";"Céu Claro";"Simples";"Reta";"Não";1;0;1;0;0;0;1;1;-22,98236971;-45,46436617;"SPRF-SP";"DEL08-SP";"UOP01-DEL08-SP"
376995;2021-08-14;"sábado";"07:15:00";"PR";116;106;"SAO JOSE DOS PINHAIS";"Ausência de reação do condutor";"Saída de leito carroçável";"Sem Vítimas";"Pleno dia";"Crescente";"Garoa/Chuvisco";"Dupla";"Retorno Regulamentado";"Sim";1;0;0;0;1;0;0;1;-25,56830653;-49,17799791;"SPRF-PR";"DEL01-PR";"UOP01-DEL01-PR"
376996;2021-08-14;"sábado";"07:10:00";"ES";101;266,7;"SERRA";"Acesso irregular";"Colisão lateral mesmo sentido";"Com Vítimas Feridas";"Pleno dia";"Decrescente";"Céu Claro";"Dupla";"Reta";"Sim";2;0;0;1;0;1;1;2;-20,190199;-40,26828891;"SPRF-ES";"DEL02-ES";"UOP01-DEL02-ES"
376997;2021-08-14;"sábado";"06:30:00";"SC";101;280,2;"IMBITUBA";"Velocidade Incompatível";"Colisão com objeto";"Com Vítimas Feridas";"Amanhecer";"Crescente";"Céu Claro";"Simples";"Interseção de Vias;Declive";"Sim";1;0;0;1;0;0;1;1;-28,17962805;-48,6956297;"SPRF-SC";"DEL02-SC";"UOP03-DEL02-SC"
376998;2021-08-14;"sábado";"07:25:00";"CE";116;14;"FORTALEZA";"Ausência de reação do condutor";"Colisão traseira";"Com Vítimas Feridas";"Pleno dia";"Crescente";"Céu Claro";"Múltipla";"Reta";"Sim";2;0;1;0;1;0;1;2;-3,86973356;-38,49827361;"SPRF-CE";"DEL01-CE";"UOP02-DEL01-CE"
376999;2021-08-14;"sábado";"07:30:00";"PE";232;81,9;"GRAVATA";"Condutor Dormindo";"Colisão com objeto";"Com Vítimas Feridas";"Pleno dia";"Decrescente";"Céu Claro";"Simples";"Reta";"Sim";2;0;1;1;0;0;2;1;-8,19697746;-35,57850408;"SPRF-PE";"DEL02-PE";"UOP02-DEL02PE"
377001;2021-08-14;"sábado";"06:30:00";"PR";277;697,5;"SAO MIGUEL DO IGUACU";"Reação tardia ou ineficiente do condutor";"Saída de leito carroçável";"Com Vítimas Feridas";"Amanhecer";"Decrescente";"Garoa/Chuvisco";"Dupla";"Aclive;Reta";"Não";7;0;2;0;5;0;2;3;-25,39163815;-54,30338792;"SPRF-PR";"DEL05-PR";"UOP01-DEL05-PR"
377003;2021-08-14;"sábado";"07:30:00";"ES";101;392,6;"RIO NOVO DO SUL";"Ingestão de álcool pelo condutor";"Saída de leito carroçável";"Com Vítimas Feridas";"Pleno dia";"Crescente";"Céu Claro";"Simples";"Reta";"Não";1;0;1;0;0;0;1;1;-20,86733567;-40,90426608;"SPRF-ES";"DEL03-ES";"UOP02-DEL03-ES"
377004;2021-08-14;"sábado";"05:25:00";"RJ";40;91,7;"PETROPOLIS";"Pista Escorregadia";"Saída de leito carroçável";"Com Vítimas Feridas";"Amanhecer";"Crescente";"Garoa/Chuvisco";"Simples";"Curva;Declive";"Não";1;0;1;0;0;0;1;1;-22,54903566;-43,24229724;"SPRF-RJ";"DEL06-RJ";"UOP01-DEL06-RJ"
377005;2021-08-14;"sábado";"08:15:00";"RJ";40;82;"PETROPOLIS";"Chuva";"Saída de leito carroçável";"Com Vítimas Feridas";"Pleno dia";"Crescente";"Garoa/Chuvisco";"Dupla";"Curva";"Não";1;0;1;0;0;0;1;1;-22,51183137;-43,23076171;"SPRF-RJ";"DEL06-RJ";"UOP01-DEL06-RJ"
377006;2021-08-14;"sábado";"07:50:00";"SC";101;214,3;"PALHOCA";"Desrespeitar a preferência no cruzamento";"Colisão transversal";"Com Vítimas Feridas";"Pleno dia";"Decrescente";"Garoa/Chuvisco";"Simples";"Interseção de Vias";"Sim";3;0;1;0;2;0;1;2;-27,64443;-48,67057;"SPRF-SC";"DEL01-SC";"UOP02-DEL01-SC"
377007;2021-08-14;"sábado";"08:50:00";"SP";116;513,6;"CAJATI";"Pista Escorregadia";"Saída de leito carroçável";"Com Vítimas Feridas";"Pleno dia";"Decrescente";"Chuva";"Simples";"Curva";"Não";2;0;1;0;1;0;1;1;-24,84173633;-48,21324348;"SPRF-SP";"DEL05-SP";"UOP02-DEL05-SP"
377008;2021-08-14;"sábado";"07:30:00";"RS";116;107;"ELDORADO DO SUL";"Reação tardia ou ineficiente do condutor";"Colisão transversal";"Com Vítimas Feridas";"Pleno dia";"Crescente";"Nublado";"Simples";"Reta";"Sim";2;0;0;1;1;0;1;2;-30,00214529;-51,30739689;"SPRF-RS";"DEL05-RS";"UOP01-DEL05-RS"
377013;2021-08-14;"sábado";"09:20:00";"ES";101;297,5;"VIANA";"Pedestre cruzava a pista fora da faixa";"Atropelamento de Pedestre";"Com Vítimas Fatais";"Pleno dia";"Decrescente";"Sol";"Dupla";"Reta";"Não";2;1;0;0;1;0;0;2;-20,3499438;-40,41250175;"SPRF-ES";"DEL01-ES";"UOP01-DEL01-ES"
377014;2021-08-14;"sábado";"06:50:00";"MG";116;704,5;"MURIAE";"Ultrapassagem Indevida";"Colisão traseira";"Com Vítimas Feridas";"Pleno dia";"Decrescente";"Nublado";"Simples";"Curva";"Sim";2;0;1;0;0;1;1;2;-21,13416858;-42,38722798;"SPRF-MG";"DEL07-MG";"UOP02-DEL07-MG"
377015;2021-08-14;"sábado";"09:00:00";"SP";116;207;"ARUJA";"Manobra de mudança de faixa";"Colisão lateral mesmo sentido";"Sem Vítimas";"Pleno dia";"Decrescente";"Céu Claro";"Múltipla";"Reta";"Sim";5;0;0;0;5;0;0;2;-23,41236123;-46,35692496;"SPRF-SP";"DEL01-SP";"UOP01-DEL01-SP"
377016;2021-08-14;"sábado";"07:30:00";"RO";364;518,2;"ARIQUEMES";"Ingestão de álcool pelo condutor";"Colisão transversal";"Sem Vítimas";"Pleno dia";"Crescente";"Céu Claro";"Múltipla";"Reta";"Não";2;0;0;0;2;0;0;2;-9,897787;-63,05624596;"SPRF-RO";"DEL03-RO";"UOP01-DEL03-RO"
377017;2021-08-14;"sábado";"05:45:00";"RJ";101;426;"MANGARATIBA";"Transitar na contramão";"Colisão frontal";"Com Vítimas Feridas";"Amanhecer";"Decrescente";"Chuva";"Simples";"Reta";"Não";3;0;3;0;0;0;3;2;-22,92719;-43,971367;"SPRF-RJ";"DEL03-RJ";"UOP03-DEL03-RJ"
377018;2021-08-10;"terça-feira";"10:50:00";"RS";290;79;"GRAVATAI";"Chuva";"Saída de leito carroçável";"Com Vítimas Feridas";"Pleno dia";"Crescente";"Chuva";"Dupla";"Reta";"Não";1;0;1;0;0;0;1;1;-29,952908;-51,048054;"SPRF-RS";"DEL01-RS";"UOP01-DEL01-RS"
377024;2021-05-02;"domingo";"21:20:00";"ES";101;236,9;"FUNDAO";"Condutor deixou de manter distância do veículo da frente";"Engavetamento";"Com Vítimas Feridas";"Plena Noite";"Crescente";"Chuva";"Simples";"Reta";"Não";4;0;0;1;2;1;1;4;-19,98434998;-40,41371315;"SPRF-ES";"DEL02-ES";"UOP01-DEL02-ES"
377025;2021-08-14;"sábado";"07:10:00";"SC";163;67,5;"SAO MIGUEL DO OESTE";"Manobra de mudança de faixa";"Colisão lateral mesmo sentido";"Com Vítimas Feridas";"Pleno dia";"Decrescente";"Céu Claro";"Dupla";"Reta;Declive";"Sim";4;0;3;0;1;0;3;2;-26,759436;-53,50055292;"SPRF-SC";"DEL07-SC";"UOP03-DEL07-SC"
377026;2021-08-14;"sábado";"09:35:00";"SC";282;22,9;"SANTO AMARO DA IMPERATRIZ";"Ausência de reação do condutor";"Engavetamento";"Com Vítimas Feridas";"Pleno dia";"Decrescente";"Nublado";"Simples";"Reta";"Sim";4;0;1;0;3;0;1;3;-27,688507;-48,72739;"SPRF-SC";"DEL01-SC";"UOP02-DEL01-SC"
377027;2021-08-14;"sábado";"10:00:00";"SC";101;25;"JOINVILLE";"Reação tardia ou ineficiente do condutor";"Colisão transversal";"Com Vítimas Feridas";"Pleno dia";"Crescente";"Céu Claro";"Dupla";"Interseção de Vias";"Sim";2;0;1;0;1;0;1;2;-26,1814997;-48,90976489;"SPRF-SC";"DEL03-SC";"UOP01-DEL03-SC"
377029;2021-08-14;"sábado";"08:30:00";"SC";153;35,4;"PONTE SERRADA";"Chuva";"Saída de leito carroçável";"Sem Vítimas";"Pleno dia";"Decrescente";"Chuva";"Simples";"Curva";"Não";1;0;0;0;1;0;0;1;-26,813108;-51,724167;"SPRF-SC";"DEL07-SC";"UOP05-DEL07-SC"
377030;2021-07-26;"segunda-feira";"15:45:00";"RJ";116;104;"GUAPIMIRIM";"Desrespeitar a preferência no cruzamento";"Colisão transversal";"Sem Vítimas";"Pleno dia";"Crescente";"Céu Claro";"Dupla";"Retorno Regulamentado";"Sim";2;0;0;0;2;0;0;2;-22,50841847;-42,99821493;"SPRF-RJ";"DEL04-RJ";"UOP02-DEL04-RJ"
377031;2021-08-14;"sábado";"10:20:00";"SP";116;520,3;"CAJATI";"Chuva";"Saída de leito carroçável";"Com Vítimas Feridas";"Pleno dia";"Decrescente";"Chuva";"Simples";"Reta";"Não";2;0;1;0;1;0;1;1;-24,89570157;-48,2409668;"SPRF-SP";"DEL05-SP";"UOP02-DEL05-SP"
377032;2021-08-14;"sábado";"09:30:00";"RN";304;106,4;"ACU";"Conversão proibida";"Colisão transversal";"Com Vítimas Feridas";"Pleno dia";"Decrescente";"Céu Claro";"Simples";"Interseção de Vias";"Não";3;0;2;0;1;0;2;2;-5,588204;-36,968215;"SPRF-RN";"DEL04-RN";"UOP01-DEL04-RN"
377034;2021-08-14;"sábado";"11:00:00";"CE";116;3;"FORTALEZA";"Trafegar com motocicleta (ou similar) entre as faixas";"Colisão lateral mesmo sentido";"Com Vítimas Feridas";"Pleno dia";"Crescente";"Céu Claro";"Múltipla";"Reta";"Sim";2;0;1;0;1;0;1;2;-3,78207264;-38,51381779;"SPRF-CE";"DEL01-CE";"UOP02-DEL01-CE"
377036;2021-07-01;"quinta-feira";"08:57:00";"PR";376;4;"SAO JOSE DOS PINHAIS";"Condutor deixou de manter distância do veículo da frente";"Colisão traseira";"Com Vítimas Feridas";"Pleno dia";"Crescente";"Céu Claro";"Dupla";"Reta";"Sim";2;0;1;0;1;0;1;2;-25,534994;-49,19326;"SPRF-PR";"DEL01-PR";"UOP04-DEL01-PR"
377038;2021-06-19;"sábado";"11:35:00";"ES";262;1,1;"CARIACICA";"Condutor deixou de manter distância do veículo da frente";"Colisão traseira";"Com Vítimas Feridas";"Pleno dia";"Crescente";"Céu Claro";"Múltipla";"Reta";"Não";2;0;0;1;1;0;1;2;-20,32955204;-40,35492602;"SPRF-ES";"DEL01-ES";"UOP01-DEL01-ES"
377039;2021-08-14;"sábado";"10:15:00";"PE";423;37,4;"CACHOEIRINHA";"Animais na Pista";"Atropelamento de Animal";"Com Vítimas Feridas";"Pleno dia";"Crescente";"Céu Claro";"Simples";"Reta";"Sim";1;0;1;0;0;0;1;1;-8,47542022;-36,22203249;"SPRF-PE";"DEL02-PE";"UOP03-DEL02-PE"
377040;2021-08-14;"sábado";"11:20:00";"SE";235;51,2;"ITABAIANA";"Velocidade Incompatível";"Atropelamento de Pedestre";"Com Vítimas Feridas";"Pleno dia";"Crescente";"Céu Claro";"Simples";"Reta";"Sim";2;0;1;0;1;0;1;2;-10,700226;-37,431423;"SPRF-SE";"DEL01-SE";"UOP02-DEL01-SE"
377041;2021-08-14;"sábado";"10:45:00";"RS";116;263;"CANOAS";"Pista Escorregadia";"Queda de ocupante de veículo";"Com Vítimas Feridas";"Pleno dia";"Crescente";"Sol";"Dupla";"Reta";"Não";1;0;1;0;0;0;1;1;-29,90545398;-51,17674031;"SPRF-RS";"DEL01-RS";"UOP01-DEL01-RS"
377043;2021-08-14;"sábado";"11:30:00";"SC";101;215,1;"PALHOCA";"Afundamento ou ondulação no pavimento";"Queda de ocupante de veículo";"Sem Vítimas";"Pleno dia";"Decrescente";"Nublado";"Simples";"Reta";"Sim";1;0;0;0;1;0;0;1;-27,65184843;-48,67604941;"SPRF-SC";"DEL01-SC";"UOP02-DEL01-SC"
377045;2021-08-14;"sábado";"11:22:00";"RJ";465;19;"NOVA IGUACU";"Conversão proibida";"Colisão traseira";"Sem Vítimas";"Pleno dia";"Decrescente";"Nublado";"Simples";"Reta";"Não";2;0;0;0;2;0;0;2;-22,839184;-43,610451;"SPRF-RJ";"DEL03-RJ";"UOP01-DEL03-RJ"
377047;2021-08-14;"sábado";"07:30:00";"GO";70;173,6;"ITABERAI";"Manobra de mudança de faixa";"Capotamento";"Com Vítimas Feridas";"Pleno dia";"Decrescente";"Céu Claro";"Simples";"Reta";"Não";3;0;3;0;0;0;3;1;-15,95227697;-49,64479602;"SPRF-GO";"DEL02-GO";"UOP02-DEL02-GO"
377050;2021-08-14;"sábado";"11:50:00";"RJ";101;195;"CASIMIRO DE ABREU";"Pista Escorregadia";"Colisão com objeto";"Com Vítimas Feridas";"Pleno dia";"Crescente";"Chuva";"Dupla";"Curva";"Não";2;0;2;0;0;0;2;1;-22,49220783;-42,10020136;"SPRF-RJ";"DEL08-RJ";"UOP04-DEL08-RJ"
377051;2021-08-14;"sábado";"11:30:00";"MG";381;930;"ITAPEVA";"Velocidade Incompatível";"Saída de leito carroçável";"Com Vítimas Feridas";"Pleno dia";"Crescente";"Céu Claro";"Dupla";"Declive;Reta";"Não";1;0;1;0;0;0;1;1;-22,78728201;-46,24219202;"SPRF-MG";"DEL16-MG";"UOP03-DEL16-MG"
377052;2021-08-14;"sábado";"12:25:00";"RS";116;264;"CANOAS";"Reação tardia ou ineficiente do condutor";"Colisão com objeto";"Com Vítimas Feridas";"Pleno dia";"Crescente";"Céu Claro";"Múltipla";"Reta";"Sim";5;0;5;0;0;0;5;1;-29,914435;-51,17754495;"SPRF-RS";"DEL01-RS";"UOP01-DEL01-RS"
377053;2021-08-14;"sábado";"12:40:00";"RS";470;228;"GARIBALDI";"Desrespeitar a preferência no cruzamento";"Colisão transversal";"Com Vítimas Feridas";"Pleno dia";"Decrescente";"Céu Claro";"Simples";"Aclive";"Não";2;0;1;0;1;0;1;2;-29,21759706;-51,51703722;"SPRF-RS";"DEL06-RS";"UOP01-DEL06-RS"
377054;2021-08-14;"sábado";"09:15:00";"RJ";101;311;"SAO GONCALO";"Ausência de reação do condutor";"Atropelamento de Pedestre";"Com Vítimas Feridas";"Pleno dia";"Crescente";"Nublado";"Dupla";"Reta";"Sim";2;0;1;0;0;1;1;2;-22,80062246;-43,05318779;"SPRF-RJ";"DEL02-RJ";"UOP02-DEL02-RJ"
377057;2021-08-14;"sábado";"13:25:00";"ES";262;5,8;"CARIACICA";"Acessar a via sem observar a presença dos outros veículos";"Atropelamento de Pedestre";"Com Vítimas Feridas";"Pleno dia";"Crescente";"Nublado";"Múltipla";"Reta";"Sim";2;0;1;0;1;0;1;2;-20,33707281;-40,38649924;"SPRF-ES";"DEL01-ES";"UOP01-DEL01-ES"
377058;2021-08-14;"sábado";"01:00:00";"SC";282;413,2;"CATANDUVAS";"Transitar na contramão";"Saída de leito carroçável";"Sem Vítimas";"Plena Noite";"Crescente";"Ignorado";"Simples";"Curva";"Não";1;0;0;0;1;0;0;1;-27,053736;-51,698277;"SPRF-SC";"DEL07-SC";"UOP05-DEL07-SC"
377059;2021-08-14;"sábado";"12:40:00";"MS";163;77;"ITAQUIRAI";"Acessar a via sem observar a presença dos outros veículos";"Colisão transversal";"Com Vítimas Feridas";"Pleno dia";"Decrescente";"Céu Claro";"Simples";"Declive";"Sim";2;0;0;1;0;1;1;2;-23,4831998;-54,18609129;"SPRF-MS";"DEL09-MS";"UOP01-DEL09-MS"
377061;2021-08-14;"sábado";"11:40:00";"SC";470;159,9;"TROMBUDO CENTRAL";"Desrespeitar a preferência no cruzamento";"Colisão transversal";"Com Vítimas Feridas";"Pleno dia";"Decrescente";"Nublado";"Simples";"Reta";"Sim";4;0;2;2;0;0;4;2;-27,285877;-49,788143;"SPRF-SC";"DEL04-SC";"UOP02-DEL04-SC"
377062;2021-08-14;"sábado";"13:40:00";"MG";40;526;"CONTAGEM";"Velocidade Incompatível";"Colisão traseira";"Com Vítimas Feridas";"Pleno dia";"Decrescente";"Sol";"Dupla";"Reta";"Sim";6;0;0;2;4;0;2;3;-19,89255399;-44,04985478;"SPRF-MG";"DEL01-MG";"UOP02-DEL01-MG"
377063;2021-08-14;"sábado";"14:27:00";"MG";116;406,8;"GOVERNADOR VALADARES";"Desrespeitar a preferência no cruzamento";"Colisão transversal";"Com Vítimas Feridas";"Pleno dia";"Decrescente";"Céu Claro";"Simples";"Interseção de Vias";"Não";2;0;0;1;1;0;1;2;-18,82669347;-41,98753335;"SPRF-MG";"DEL06-MG";"UOP01-DEL06-MG"
377064;2021-08-14;"sábado";"12:10:00";"BA";116;797;"VITORIA DA CONQUISTA";"Acessar a via sem observar a presença dos outros veículos";"Colisão transversal";"Com Vítimas Feridas";"Pleno dia";"Decrescente";"Céu Claro";"Simples";"Reta";"Não";2;0;0;1;1;0;1;2;-14,733278;-40,64578;"SPRF-BA";"DEL08-BA";"UOP02-DEL08-BA"
377065;2021-08-14;"sábado";"14:50:00";"PE";232;8;"RECIFE";"Reação tardia ou ineficiente do condutor";"Engavetamento";"Sem Vítimas";"Pleno dia";"Decrescente";"Céu Claro";"Dupla";"Reta";"Sim";4;0;0;0;4;0;0;4;-8,076033;-34,970416;"SPRF-PE";"DEL01-PE";"UOP01-DEL01-PE"
377066;2021-08-14;"sábado";"14:50:00";"MG";381;850;"POUSO ALEGRE";"Velocidade Incompatível";"Colisão com objeto";"Com Vítimas Feridas";"Pleno dia";"Decrescente";"Céu Claro";"Simples";"Aclive;Curva";"Sim";2;0;1;0;1;0;1;1;-22,24206431;-45,88162065;"SPRF-MG";"DEL16-MG";"UOP01-DEL16-MG"
377068;2021-08-14;"sábado";"14:50:00";"RN";101;119,9;"SAO JOSE DE MIPIBU";"Avarias e/ou desgaste excessivo no pneu";"Tombamento";"Com Vítimas Feridas";"Pleno dia";"Decrescente";"Sol";"Dupla";"Reta";"Não";2;0;2;0;0;0;2;1;-6,03043581;-35,2494514;"SPRF-RN";"DEL01-RN";"UOP01-DEL01-RN"
377070;2021-08-14;"sábado";"14:51:00";"SP";153;192,3;"GETULINA";"Transitar na contramão";"Colisão com objeto";"Com Vítimas Feridas";"Pleno dia";"Crescente";"Céu Claro";"Simples";"Reta";"Não";1;0;1;0;0;0;1;1;-21,75610418;-49,87282181;"SPRF-SP";"DEL07-SP";"UOP01-DEL07-SP"
377071;2021-08-14;"sábado";"14:45:00";"SP";116;565;"BARRA DO TURVO";"Velocidade Incompatível";"Colisão com objeto";"Com Vítimas Feridas";"Pleno dia";"Crescente";"Chuva";"Dupla";"Curva";"Não";2;0;1;0;1;0;1;1;-25,0358686;-48,54404396;"SPRF-SP";"DEL05-SP";"UOP02-DEL05-SP"
377072;2021-08-14;"sábado";"15:50:00";"PE";101;71;"RECIFE";"Obras na pista";"Colisão frontal";"Com Vítimas Feridas";"Pleno dia";"Crescente";"Céu Claro";"Dupla";"Desvio Temporário;Em Obras";"Não";4;0;4;0;0;0;4;2;-8,07663102;-34,94277871;"SPRF-PE";"DEL01-PE";"UOP01-DEL01-PE"