"id";"data_inversa";"dia_semana";"horario";"uf";"br";"km";"municipio";"causa_acidente";"tipo_acidente";"classificacao_acidente";"fase_dia";"sentido_via";"condicao_metereologica";"tipo_pista";"tracado_via";"uso_solo";"pessoas";"mortos";"feridos_leves";"feridos_graves";"ilesos";"ignorados";"feridos";"veiculos";"latitude";"longitude";"regional";"delegacia";"uop"
377073;2021-08-14;"sábado";"15:50:00";"BA";324;613;"SALVADOR";"Reação tardia ou ineficiente do condutor";"Colisão traseira";"Com Vítimas Feridas";"Pleno dia";"Crescente";"Céu Claro";"Dupla";"Reta";"Não";3;0;1;0;2;0;1;3;-12,85531601;-38,42055197;"SPRF-BA";"DEL01-BA";"UOP01-DEL01-BA"
377076;2021-08-14;"sábado";"16:15:00";"MG";40;665,5;"CARANDAI";"Acessar a via sem observar a presença dos outros veículos";"Colisão transversal";"Com Vítimas Feridas";"Pleno dia";"Decrescente";"Céu Claro";"Simples";"Aclive;Reta;Interseção de Vias";"Sim";4;0;0;1;3;0;1;2;-20,9434247;-43,80996823;"SPRF-MG";"DEL05-MG";"UOP02-DEL05-MG"
377084;2021-08-14;"sábado";"15:50:00";"GO";70;190,1;"ITABERAI";"Ingestão de álcool pelo condutor";"Colisão traseira";"Com Vítimas Fatais";"Pleno dia";"Crescente";"Céu Claro";"Simples";"Reta";"Sim";3;1;0;0;2;0;0;2;-16,02728705;-49,77876993;"SPRF-GO";"DEL02-GO";"UOP02-DEL02-GO"
377087;2021-08-14;"sábado";"16:10:00";"AL";101;172,7;"TEOTONIO VILELA";"Transitar na contramão";"Colisão frontal";"Com Vítimas Feridas";"Pleno dia";"Crescente";"Céu Claro";"Dupla";"Curva";"Não";3;0;1;0;2;0;1;2;-9,90905789;-36,33811712;"SPRF-AL";"DEL02-AL";"UOP02-DEL02-AL"
377088;2021-08-14;"sábado";"17:00:00";"PE";101;68,1;"RECIFE";"Condutor deixou de manter distância do veículo da frente";"Engavetamento";"Com Vítimas Feridas";"Anoitecer";"Crescente";"Céu Claro";"Dupla";"Viaduto";"Sim";1;0;1;0;0;0;1;1;-8,051465;-34,946188;"SPRF-PE";"DEL01-PE";"UOP01-DEL01-PE"
377090;2021-08-14;"sábado";"17:00:00";"PB";230;47,7;"SANTA RITA";"Condutor Dormindo";"Capotamento";"Com Vítimas Feridas";"Anoitecer";"Crescente";"Céu Claro";"Dupla";"Reta";"Não";3;0;2;0;0;1;2;2;-7,172;-35,037;"SPRF-PB";"DEL01-PB";"UOP03-DEL01-PB"
377091;2021-08-14;"sábado";"17:20:00";"DF";40;8;"BRASILIA";"Reação tardia ou ineficiente do condutor";"Colisão com objeto";"Sem Vítimas";"Pleno dia";"Crescente";"Céu Claro";"Dupla";"Viaduto";"Sim";1;0;0;0;1;0;0;1;-16,038666;-47,979691;"SPRF-DF";"DEL01-DF";"UOP01-DEL01-DF"
377092;2021-08-14;"sábado";"14:30:00";"AM";319;59;"CAREIRO";"Demais falhas mecânicas ou elétricas";"Queda de ocupante de veículo";"Com Vítimas Feridas";"Pleno dia";"Decrescente";"Céu Claro";"Simples";"Reta";"Não";1;0;1;0;0;0;1;1;-3,46414229;-60,05650489;"SPRF-AM";"DEL01-AM";"UOP04-DEL01-AM"
377093;2021-08-14;"sábado";"18:00:00";"RJ";101;205,2;"CASIMIRO DE ABREU";"Velocidade Incompatível";"Colisão com objeto";"Com Vítimas Feridas";"Plena Noite";"Crescente";"Garoa/Chuvisco";"Dupla";"Reta";"Não";1;0;1;0;0;0;1;1;-22,47673341;-42,2017251;"SPRF-RJ";"DEL08-RJ";"UOP04-DEL08-RJ"
377094;2021-08-14;"sábado";"17:15:00";"PR";116;76;"QUATRO BARRAS";"Mal súbito do condutor";"Capotamento";"Com Vítimas Feridas";"Pleno dia";"Decrescente";"Nublado";"Dupla";"Reta";"Não";1;0;1;0;0;0;1;1;-25,37737919;-49,04961369;"SPRF-PR";"DEL01-PR";"UOP01-DEL01-PR"
377095;2021-08-14;"sábado";"16:00:00";"RO";364;204,8;"PIMENTA BUENO";"Avarias e/ou desgaste excessivo no pneu";"Tombamento";"Com Vítimas Feridas";"Pleno dia";"Decrescente";"Céu Claro";"Simples";"Reta";"Não";1;0;1;0;0;0;1;1;-11,6221911;-61,21108913;"SPRF-RO";"DEL02-RO";"UOP02-DEL02-RO"
377096;2021-08-14;"sábado";"17:20:00";"RJ";101;503;"ANGRA DOS REIS";"Velocidade Incompatível";"Colisão transversal";"Com Vítimas Feridas";"Pleno dia";"Crescente";"Nublado";"Simples";"Reta";"Não";5;0;0;1;4;0;1;2;-22,92894705;-44,37879998;"SPRF-RJ";"DEL03-RJ";"UOP02-DEL03-RJ"
377097;2021-08-14;"sábado";"16:50:00";"MG";354;737,3;"POUSO ALTO";"Chuva";"Saída de leito carroçável";"Com Vítimas Feridas";"Pleno dia";"Crescente";"Chuva";"Simples";"Curva";"Não";1;0;1;0;0;0;1;1;-22,20472952;-44,96133327;"SPRF-MG";"DEL17-MG";"UOP01-DEL17-MG"
377098;2021-08-14;"sábado";"17:40:00";"MG";153;229,8;"FRONTEIRA";"Acessar a via sem observar a presença dos outros veículos";"Colisão transversal";"Com Vítimas Feridas";"Anoitecer";"Decrescente";"Céu Claro";"Simples";"Curva";"Não";4;0;2;0;2;0;2;2;-20,18454772;-49,11660746;"SPRF-MG";"DEL13-MG";"UOP02-DEL13-MG"
377099;2021-08-14;"sábado";"17:50:00";"PR";376;617,3;"SAO JOSE DOS PINHAIS";"Transitar na contramão";"Colisão frontal";"Com Vítimas Feridas";"Plena Noite";"Decrescente";"Nublado";"Simples";"Retorno Regulamentado;Declive;Curva";"Não";2;0;1;0;1;0;1;2;-25,59330696;-49,17180772;"SPRF-PR";"DEL01-PR";"UOP04-DEL01-PR"
377100;2021-08-14;"sábado";"17:30:00";"PR";476;263,1;"SAO MATEUS DO SUL";"Ingestão de álcool pelo condutor";"Colisão transversal";"Sem Vítimas";"Pleno dia";"Crescente";"Céu Claro";"Simples";"Reta";"Sim";1;0;0;0;1;0;0;1;-25,893515;-50,272915;"SPRF-PR";"DEL02-PR";"UOP04-DEL02-PR"
377102;2021-08-14;"sábado";"18:20:00";"ES";262;2,5;"CARIACICA";"Transitar no acostamento";"Atropelamento de Pedestre";"Com Vítimas Feridas";"Plena Noite";"Crescente";"Céu Claro";"Dupla";"Reta";"Sim";2;0;1;0;1;0;1;2;-20,33275688;-40,36077696;"SPRF-ES";"DEL01-ES";"UOP01-DEL01-ES"
377103;2021-08-14;"sábado";"15:45:00";"RJ";101;596;"PARATY";"Avarias e/ou desgaste excessivo no pneu";"Saída de leito carroçável";"Com Vítimas Feridas";"Pleno dia";"Decrescente";"Chuva";"Simples";"Curva";"Sim";4;0;3;0;1;0;3;1;-23,34188139;-44,74117913;"SPRF-RJ";"DEL03-RJ";"UOP04-DEL03-RJ"
377104;2021-08-14;"sábado";"17:40:00";"GO";60;108;"GOIANAPOLIS";"Reação tardia ou ineficiente do condutor";"Queda de ocupante de veículo";"Com Vítimas Feridas";"Plena Noite";"Decrescente";"Céu Claro";"Dupla";"Curva";"Não";1;0;1;0;0;0;1;1;-16,4476101;-49,02271271;"SPRF-GO";"DEL01-GO";"UOP01-DEL01-GO"
377107;2021-08-14;"sábado";"17:00:00";"MG";365;403;"PATOS DE MINAS";"Demais falhas mecânicas ou elétricas";"Colisão frontal";"Com Vítimas Feridas";"Pleno dia";"Decrescente";"Céu Claro";"Simples";"Aclive";"Não";2;0;2;0;0;0;2;2;-18,63512164;-46,46329555;"SPRF-MG";"DEL10-MG";"UOP01-DEL10-MG"
377110;2021-08-14;"sábado";"16:30:00";"AC";364;139;"RIO BRANCO";"Condutor deixou de manter distância do veículo da frente";"Colisão traseira";"Com Vítimas Feridas";"Anoitecer";"Crescente";"Céu Claro";"Simples";"Interseção de Vias";"Sim";2;0;1;0;1;0;1;2;-9,95359291;-67,86119892;"SPRF-AC";"DEL01-AC";"UOP01-DEL01-AC"
377111;2021-08-14;"sábado";"18:50:00";"PB";104;115;"LAGOA SECA";"Deficiência do Sistema de Iluminação/Sinalização";"Colisão transversal";"Com Vítimas Feridas";"Plena Noite";"Crescente";"Céu Claro";"Simples";"Reta";"Sim";2;0;0;1;1;0;1;2;-7,172018;-35,85983397;"SPRF-PB";"DEL02-PB";"UOP04-DEL02-PB"
377113;2021-08-14;"sábado";"18:00:00";"RJ";101;275;"TANGUA";"Pedestre cruzava a pista fora da faixa";"Atropelamento de Pedestre";"Com Vítimas Feridas";"Plena Noite";"Decrescente";"Nublado";"Dupla";"Reta";"Sim";2;0;1;0;1;0;1;2;-22,73653355;-42,72909106;"SPRF-RJ";"DEL02-RJ";"UOP03-DEL02-RJ"
377115;2021-08-14;"sábado";"18:50:00";"RS";470;216,9;"BENTO GONCALVES";"Reação tardia ou ineficiente do condutor";"Atropelamento de Pedestre";"Com Vítimas Feridas";"Plena Noite";"Crescente";"Nublado";"Dupla";"Curva";"Sim";2;0;1;0;1;0;1;2;-29,15887096;-51,53142395;"SPRF-RS";"DEL06-RS";"UOP01-DEL06-RS"
377116;2021-08-14;"sábado";"20:30:00";"RO";429;12;"PRESIDENTE MEDICI";"Acumulo de areia ou detritos sobre o pavimento";"Colisão traseira";"Com Vítimas Feridas";"Plena Noite";"Crescente";"Céu Claro";"Simples";"Reta";"Não";3;0;1;1;1;0;2;2;-11,200967;-62,020252;"SPRF-RO";"DEL02-RO";"UOP01-DEL02-RO"
377117;2021-08-14;"sábado";"18:22:00";"RO";364;282;"PRESIDENTE MEDICI";"Acumulo de areia ou detritos sobre o pavimento";"Saída de leito carroçável";"Com Vítimas Feridas";"Plena Noite";"Crescente";"Céu Claro";"Simples";"Reta";"Não";3;0;2;0;1;0;2;1;-11,374084;-61,82352;"SPRF-RO";"DEL02-RO";"UOP01-DEL02-RO"
377119;2021-08-14;"sábado";"16:30:00";"PR";376;103,9;"PARANAVAI";"Mal súbito do condutor";"Capotamento";"Com Vítimas Feridas";"Pleno dia";"Crescente";"Céu Claro";"Dupla";"Reta";"Não";1;0;0;1;0;0;1;1;-23,0482793;-52,4557511;"SPRF-PR";"DEL09-PR";"UOP02-DEL09-PR"
377120;2021-08-14;"sábado";"19:30:00";"RJ";116;305;"RESENDE";"Demais falhas mecânicas ou elétricas";"Incêndio";"Sem Vítimas";"Plena Noite";"Crescente";"Nublado";"Dupla";"Reta";"Não";1;0;0;0;1;0;0;1;-22,45573779;-44,39454802;"SPRF-RJ";"DEL07-RJ";"UOP02-DEL07-RJ"
377121;2021-08-14;"sábado";"19:00:00";"PR";116;113,8;"CURITIBA";"Reação tardia ou ineficiente do condutor";"Saída de leito carroçável";"Com Vítimas Feridas";"Plena Noite";"Crescente";"Nublado";"Dupla";"Retorno Regulamentado";"Sim";2;0;2;0;0;0;2;1;-25,56513636;-49,24675108;"SPRF-PR";"DEL01-PR";"UOP01-DEL01-PR"
377122;2021-08-14;"sábado";"20:00:00";"CE";20;425;"FORTALEZA";"Pista esburacada";"Queda de ocupante de veículo";"Com Vítimas Feridas";"Plena Noite";"Decrescente";"Céu Claro";"Dupla";"Reta;Em Obras";"Não";1;0;0;1;0;0;1;1;-3,76999035;-38,67006282;"SPRF-CE";"DEL01-CE";"UOP02-DEL01-CE"
377124;2021-08-14;"sábado";"19:10:00";"MS";163;6;"MUNDO NOVO";"Reação tardia ou ineficiente do condutor";"Saída de leito carroçável";"Com Vítimas Feridas";"Plena Noite";"Decrescente";"Céu Claro";"Dupla";"Reta";"Não";1;0;1;0;0;0;1;1;-24,006155;-54,312016;"SPRF-MS";"DEL09-MS";"UOP02-DEL09-MS"
377125;2021-08-14;"sábado";"20:00:00";"PR";277;322;"GUARAPUAVA";"Reação tardia ou ineficiente do condutor";"Capotamento";"Com Vítimas Feridas";"Plena Noite";"Decrescente";"Nublado";"Simples";"Reta";"Sim";3;0;1;0;2;0;1;1;-25,37587;-51,295284;"SPRF-PR";"DEL08-PR";"UOP01-DEL08-PR"
377127;2021-08-14;"sábado";"20:00:00";"GO";40;7,4;"VALPARAISO DE GOIAS";"Ausência de reação do condutor";"Colisão lateral mesmo sentido";"Com Vítimas Fatais";"Plena Noite";"Crescente";"Céu Claro";"Dupla";"Reta";"Sim";4;1;1;0;1;1;1;2;-16,112091;-47,970253;"SPRF-DF";"DEL01-DF";"UOP01-DEL01-DF"
377128;2021-08-14;"sábado";"19:30:00";"PR";153;15,2;"JACAREZINHO";"Reação tardia ou ineficiente do condutor";"Saída de leito carroçável";"Com Vítimas Fatais";"Plena Noite";"Crescente";"Céu Claro";"Simples";"Curva";"Não";4;1;0;1;0;2;1;3;-23,11894605;-49,94417381;"SPRF-PR";"DEL07-PR";"UOP04-DEL07-PR"
377129;2021-08-14;"sábado";"18:45:00";"MG";356;265,1;"MURIAE";"Transitar na contramão";"Colisão frontal";"Com Vítimas Feridas";"Plena Noite";"Decrescente";"Céu Claro";"Simples";"Curva";"Sim";3;0;0;2;0;1;2;3;-21,12838898;-42,366803;"SPRF-MG";"DEL07-MG";"UOP02-DEL07-MG"
377130;2021-08-14;"sábado";"21:00:00";"CE";222;4,8;"CAUCAIA";"Condutor desrespeitou a iluminação vermelha do semáforo";"Colisão transversal";"Com Vítimas Feridas";"Plena Noite";"Crescente";"Céu Claro";"Dupla";"Reta;Retorno Regulamentado";"Sim";2;0;1;0;1;0;1;2;-3,74164754;-38,60449792;"SPRF-CE";"DEL01-CE";"UOP01-DEL01-CE"
377132;2021-08-14;"sábado";"20:35:00";"TO";153;148,5;"ARAGUAINA";"Reação tardia ou ineficiente do condutor";"Queda de ocupante de veículo";"Com Vítimas Feridas";"Plena Noite";"Crescente";"Céu Claro";"Dupla";"Declive";"Sim";2;0;1;0;0;1;1;2;-7,23885108;-48,25401306;"SPRF-TO";"DEL02-TO";"UOP01-DEL02-TO"
377134;2021-08-14;"sábado";"12:20:00";"PR";153;462;"PAULA FREITAS";"Reação tardia ou ineficiente do condutor";"Colisão traseira";"Sem Vítimas";"Pleno dia";"Crescente";"Nublado";"Simples";"Reta";"Não";2;0;0;0;2;0;0;2;-26,172022;-50,91258;"SPRF-PR";"DEL02-PR";"UOP03-DEL02-PR"
377138;2021-08-14;"sábado";"19:50:00";"MT";70;31;"BARRA DO GARCAS";"Ingestão de álcool pelo condutor";"Saída de leito carroçável";"Com Vítimas Feridas";"Plena Noite";"Decrescente";"Céu Claro";"Simples";"Curva";"Não";1;0;1;0;0;0;1;1;-15,79252515;-52,48943424;"SPRF-MT";"DEL07-MT";"UOP01-DEL07-MT"
377140;2021-08-14;"sábado";"21:50:00";"ES";262;159,5;"IBATIBA";"Manobra de mudança de faixa";"Colisão lateral mesmo sentido";"Com Vítimas Feridas";"Plena Noite";"Crescente";"Céu Claro";"Múltipla";"Reta";"Sim";2;0;0;1;1;0;1;2;-20,23362208;-41,5053348;"SPRF-ES";"DEL01-ES";"UOP02-DEL01-ES"
377141;2021-08-14;"sábado";"21:20:00";"MA";135;7;"SAO LUIS";"Ausência de reação do condutor";"Colisão traseira";"Com Vítimas Feridas";"Plena Noite";"Decrescente";"Céu Claro";"Dupla";"Reta";"Não";4;0;2;0;2;0;2;2;-2,63608835;-44,26848552;"SPRF-MA";"DEL01-MA";"UOP01-DEL01-MA"
377142;2021-08-14;"sábado";"21:20:00";"GO";153;667,5;"GOIATUBA";"Velocidade Incompatível";"Saída de leito carroçável";"Com Vítimas Feridas";"Plena Noite";"Crescente";"Céu Claro";"Dupla";"Curva";"Não";3;0;1;0;2;0;1;1;-18,1156;-49,2796;"SPRF-GO";"DEL03-GO";"UOP02-DEL03-GO"
377143;2021-08-14;"sábado";"20:30:00";"PR";476;176;"CONTENDA";"Velocidade Incompatível";"Colisão lateral sentido oposto";"Sem Vítimas";"Plena Noite";"Decrescente";"Céu Claro";"Simples";"Reta";"Não";2;0;0;0;1;1;0;2;-25,694412;-49,553158;"SPRF-PR";"DEL01-PR";"UOP03-DEL01-PR"
377144;2021-08-14;"sábado";"22:00:00";"SE";101;98;"SAO CRISTOVAO";"Chuva";"Tombamento";"Com Vítimas Feridas";"Plena Noite";"Crescente";"Chuva";"Dupla";"Aclive;Reta";"Não";1;0;1;0;0;0;1;1;-10,92816408;-37,18223095;"SPRF-SE";"DEL02-SE";"UOP01-DEL02-SE"
377145;2021-08-14;"sábado";"17:30:00";"RS";116;215;"MORRO REUTER";"Velocidade Incompatível";"Tombamento";"Com Vítimas Feridas";"Pleno dia";"Crescente";"Céu Claro";"Simples";"Curva";"Não";1;0;0;1;0;0;1;1;-29,53533417;-51,08499002;"SPRF-RS";"DEL05-RS";"UOP02-DEL05-RS"
377146;2021-08-14;"sábado";"19:50:00";"SC";282;544;"CHAPECO";"Condutor Dormindo";"Saída de leito carroçável";"Com Vítimas Feridas";"Plena Noite";"Decrescente";"Céu Claro";"Simples";"Curva";"Não";1;0;0;1;0;0;1;1;-26,992517;-52,724781;"SPRF-SC";"DEL07-SC";"UOP01-DEL07-SC"
377147;2021-08-14;"sábado";"22:00:00";"DF";60;0,8;"BRASILIA";"Manobra de mudança de faixa";"Colisão transversal";"Com Vítimas Feridas";"Plena Noite";"Crescente";"Céu Claro";"Dupla";"Reta";"Sim";2;0;1;0;1;0;1;2;-15,882499;-48,060212;"SPRF-DF";"DEL03-DF";"UOP01-DEL03-DF"
377150;2021-08-14;"sábado";"22:45:00";"PI";343;8;"PARNAIBA";"Condutor deixou de manter distância do veículo da frente";"Colisão traseira";"Com Vítimas Feridas";"Plena Noite";"Decrescente";"Céu Claro";"Simples";"Reta";"Sim";3;0;2;0;1;0;2;2;-2,89906698;-41,72143936;"SPRF-PI";"DEL05-PI";"UOP01-DEL05-PI"
377151;2021-08-14;"sábado";"22:00:00";"GO";40;129,8;"CRISTALINA";"Reação tardia ou ineficiente do condutor";"Capotamento";"Com Vítimas Feridas";"Plena Noite";"Decrescente";"Céu Claro";"Dupla";"Reta";"Não";1;0;1;0;0;0;1;1;-16,900374;-47,353735;"SPRF-DF";"DEL01-DF";"UOP02-DEL01-DF"
377152;2021-08-14;"sábado";"23:00:00";"PR";376;184,3;"SARANDI";"Reação tardia ou ineficiente do condutor";"Queda de ocupante de veículo";"Com Vítimas Feridas";"Plena Noite";"Crescente";"Céu Claro";"Dupla";"Aclive;Reta";"Não";1;0;0;1;0;0;1;1;-23,4465611;-51,86216706;"SPRF-PR";"DEL09-PR";"UOP01-DEL09-PR"
377154;2021-08-14;"sábado";"22:40:00";"ES";101;296;"CARIACICA";"Condutor deixou de manter distância do veículo da frente";"Colisão traseira";"Com Vítimas Feridas";"Plena Noite";"Decrescente";"Nublado";"Dupla";"Curva;Retorno Regulamentado;Viaduto";"Sim";3;0;1;0;2;0;1;2;-20,3433302;-40,40389907;"SPRF-ES";"DEL01-ES";"UOP01-DEL01-ES"
377157;2021-08-14;"sábado";"23:09:00";"RJ";116;163;"RIO DE JANEIRO";"Ingestão de álcool pelo condutor";"Colisão lateral mesmo sentido";"Sem Vítimas";"Plena Noite";"Decrescente";"Céu Claro";"Dupla";"Reta";"Sim";1;0;0;0;1;0;0;1;-22,802729;-43,290424;"SPRF-RJ";"DEL01-RJ";"UOP01-DEL01-RJ"
377159;2021-08-14;"sábado";"22:15:00";"MA";135;44;"BACABEIRA";"Transitar na contramão";"Colisão frontal";"Com Vítimas Feridas";"Plena Noite";"Decrescente";"Céu Claro";"Dupla";"Reta";"Sim";4;0;1;1;2;0;2;2;-2,9178575;-44,34673274;"SPRF-MA";"DEL01-MA";"UOP01-DEL01-MA"
377160;2021-08-14;"sábado";"21:30:00";"SP";116;287;"ITAPECERICA DA SERRA";"Pedestre andava na pista";"Atropelamento de Pedestre";"Com Vítimas Feridas";"Plena Noite";"Decrescente";"Céu Claro";"Dupla";"Reta";"Sim";2;0;0;2;0;0;2;2;-23,70050327;-46,86848044;"SPRF-SP";"DEL04-SP";"UOP01-DEL04-SP"
377161;2021-08-14;"sábado";"23:15:00";"PR";376;177,5;"MARINGA";"Condutor desrespeitou a iluminação vermelha do semáforo";"Colisão transversal";"Com Vítimas Feridas";"Plena Noite";"Crescente";"Céu Claro";"Dupla";"Reta";"Sim";2;0;2;0;0;0;2;2;-23,41497367;-51,92589283;"SPRF-PR";"DEL09-PR";"UOP01-DEL09-PR"
377162;2021-08-14;"sábado";"21:50:00";"PR";277;429,9;"VIRMOND";"Ingestão de álcool pelo condutor";"Saída de leito carroçável";"Com Vítimas Feridas";"Plena Noite";"Crescente";"Céu Claro";"Simples";"Declive;Curva";"Não";1;0;0;1;0;0;1;1;-25,37791929;-52,19827652;"SPRF-PR";"DEL04-PR";"UOP02-DEL04-PR"
377163;2021-08-14;"sábado";"19:30:00";"MG";50;70;"UBERLANDIA";"Ausência de reação do condutor";"Colisão transversal";"Sem Vítimas";"Plena Noite";"Decrescente";"Céu Claro";"Dupla";"Aclive";"Sim";2;0;0;0;2;0;0;2;-18,85140204;-48,25345932;"SPRF-MG";"DEL15-MG";"UOP01-DEL15-MG"
377165;2021-05-18;"terça-feira";"17:20:00";"PE";232;100,4;"BEZERROS";"Reação tardia ou ineficiente do condutor";"Colisão frontal";"Com Vítimas Feridas";"Anoitecer";"Decrescente";"Céu Claro";"Simples";"Reta";"Sim";2;0;1;0;0;1;1;2;-8,23791176;-35,74297705;"SPRF-PE";"DEL02-PE";"UOP02-DEL02PE"
377167;2021-08-15;"domingo";"00:20:00";"SP";116;40,1;"CACHOEIRA PAULISTA";"Velocidade Incompatível";"Colisão traseira";"Com Vítimas Feridas";"Plena Noite";"Decrescente";"Nublado";"Dupla";"Declive";"Não";3;0;1;0;2;0;1;2;-22,68080728;-45,00688982;"SPRF-SP";"DEL08-SP";"UOP02-DEL08-SP"
377168;2021-08-14;"sábado";"23:50:00";"GO";60;1,5;"SANTO ANTONIO DO DESCOBERTO";"Ausência de reação do condutor";"Tombamento";"Com Vítimas Feridas";"Plena Noite";"Decrescente";"Céu Claro";"Dupla";"Reta";"Não";1;0;0;1;0;0;1;1;-16,11509031;-48,33435059;"SPRF-DF";"DEL03-DF";"UOP01-DEL03-DF"
377169;2021-08-15;"domingo";"00:40:00";"PE";101;185;"PALMARES";"Manobra de mudança de faixa";"Queda de ocupante de veículo";"Com Vítimas Feridas";"Plena Noite";"Crescente";"Chuva";"Múltipla";"Reta";"Sim";2;0;0;2;0;0;2;1;-8,67427585;-35,57646077;"SPRF-PE";"DEL01-PE";"UOP01-DEL01-PE"
377170;2021-07-25;"domingo";"18:20:00";"RJ";101;415;"MANGARATIBA";"Acessar a via sem observar a presença dos outros veículos";"Colisão transversal";"Com Vítimas Feridas";"Plena Noite";"Decrescente";"Céu Claro";"Dupla";"Interseção de Vias";"Não";4;0;2;1;1;0;3;2;-22,90433243;-43,88181398;"SPRF-RJ";"DEL03-RJ";"UOP01-DEL03-RJ"
377171;2021-08-15;"domingo";"00:30:00";"PI";316;6;"TERESINA";"Acumulo de óleo sobre o pavimento";"Queda de ocupante de veículo";"Com Vítimas Feridas";"Plena Noite";"Crescente";"Céu Claro";"Simples";"Reta";"Sim";1;0;1;0;0;0;1;1;-5,14702095;-42,77438982;"SPRF-PI";"DEL01-PI";"UOP02-DEL01-PI"
377174;2021-08-15;"domingo";"00:40:00";"GO";414;412;"ABADIANIA";"Velocidade Incompatível";"Saída de leito carroçável";"Com Vítimas Feridas";"Plena Noite";"Crescente";"Céu Claro";"Simples";"Curva";"Não";2;0;0;1;0;1;1;2;-16,07654806;-48,85262238;"SPRF-GO";"DEL02-GO";"UOP01-DEL02-GO"
377175;2021-08-15;"domingo";"00:20:00";"MG";40;793,9;"JUIZ DE FORA";"Demais falhas mecânicas ou elétricas";"Tombamento";"Com Vítimas Feridas";"Plena Noite";"Crescente";"Céu Claro";"Dupla";"Reta";"Não";3;0;2;0;1;0;2;2;-21,79449311;-43,41425031;"SPRF-MG";"DEL05-MG";"UOP01-DEL05-MG"
377176;2021-08-15;"domingo";"00:30:00";"MG";40;750,3;"SANTOS DUMONT";"Ausência de reação do condutor";"Saída de leito carroçável";"Com Vítimas Feridas";"Plena Noite";"Crescente";"Chuva";"Simples";"Curva";"Não";1;0;1;0;0;0;1;1;-21,45724301;-43,55822199;"SPRF-MG";"DEL05-MG";"UOP01-DEL05-MG"
377177;2021-08-15;"domingo";"02:00:00";"DF";70;19;"BRASILIA";"Ingestão de álcool pelo condutor";"Capotamento";"Sem Vítimas";"Plena Noite";"Crescente";"Céu Claro";"Dupla";"Aclive";"Não";1;0;0;0;1;0;0;1;-15,788868;-48,220242;"SPRF-DF";"DEL03-DF";"UOP02-DEL03-DF"
377178;2021-08-15;"domingo";"01:30:00";"PR";277;674,2;"MEDIANEIRA";"Reação tardia ou ineficiente do condutor";"Colisão com objeto";"Sem Vítimas";"Plena Noite";"Decrescente";"Céu Claro";"Dupla";"Aclive";"Sim";1;0;0;0;1;0;0;1;-25,29484117;-54,11509792;"SPRF-PR";"DEL05-PR";"UOP01-DEL05-PR"
377179;2021-08-15;"domingo";"00:20:00";"MT";163;826;"SINOP";"Ingestão de álcool pelo condutor";"Saída de leito carroçável";"Com Vítimas Feridas";"Plena Noite";"Crescente";"Céu Claro";"Simples";"Reta";"Sim";2;0;0;1;1;0;1;1;-11,93508539;-55,51449537;"SPRF-MT";"DEL06-MT";"UOP01-DEL06-MT"
377182;2021-08-15;"domingo";"02:15:00";"PR";376;11;"MARINGA";"Condutor Dormindo";"Saída de leito carroçável";"Com Vítimas Feridas";"Plena Noite";"Crescente";"Céu Claro";"Dupla";"Reta";"Não";1;0;0;1;0;0;1;1;-23,4273;-51,9375;"SPRF-PR";"DEL09-PR";"UOP01-DEL09-PR"
377183;2021-08-15;"domingo";"01:20:00";"MS";163;76;"ITAQUIRAI";"Reação tardia ou ineficiente do condutor";"Tombamento";"Com Vítimas Feridas";"Plena Noite";"Crescente";"Céu Claro";"Simples";"Reta";"Sim";1;0;1;0;0;0;1;1;-23,49206599;-54,18537803;"SPRF-MS";"DEL09-MS";"UOP01-DEL09-MS"
377184;2021-08-15;"domingo";"02:30:00";"PR";116;95;"SAO JOSE DOS PINHAIS";"Ausência de reação do condutor";"Saída de leito carroçável";"Com Vítimas Feridas";"Plena Noite";"Decrescente";"Céu Claro";"Dupla";"Reta";"Não";1;0;1;0;0;0;1;1;-25,4971982;-49,11761871;"SPRF-PR";"DEL01-PR";"UOP01-DEL01-PR"
377187;2021-08-15;"domingo";"03:00:00";"PI";343;14,2;"PARNAIBA";"Ingestão de álcool pelo condutor";"Tombamento";"Com Vítimas Feridas";"Plena Noite";"Crescente";"Céu Claro";"Múltipla";"Rotatória";"Sim";1;0;0;1;0;0;1;1;-2,927902;-41,753502;"SPRF-PI";"DEL05-PI";"UOP01-DEL05-PI"
377188;2021-08-15;"domingo";"03:30:00";"SC";101;200,9;"SAO JOSE";"Velocidade Incompatível";"Colisão traseira";"Sem Vítimas";"Plena Noite";"Crescente";"Nublado";"Múltipla";"Reta";"Sim";2;0;0;0;1;1;0;2;-27,54018513;-48,62287714;"SPRF-SC";"DEL01-SC";"UOP01-DEL01-SC"
377189;2021-08-15;"domingo";"02:40:00";"MS";163;264;"DOURADOS";"Ingestão de álcool pelo condutor";"Colisão com objeto";"Sem Vítimas";"Plena Noite";"Crescente";"Céu Claro";"Dupla";"Rotatória";"Sim";1;0;0;0;1;0;0;1;-22,22742781;-54,7393301;"SPRF-MS";"DEL04-MS";"UOP01-DEL04-MS"
377191;2021-08-15;"domingo";"02:40:00";"PR";376;642,7;"TIJUCAS DO SUL";"Condutor Dormindo";"Saída de leito carroçável";"Sem Vítimas";"Plena Noite";"Crescente";"Garoa/Chuvisco";"Dupla";"Reta";"Não";1;0;0;0;1;0;0;1;-25,79776723;-49,13128569;"SPRF-PR";"DEL01-PR";"UOP04-DEL01-PR"