"id";"data_inversa";"dia_semana";"horario";"uf";"br";"km";"municipio";"causa_acidente";"tipo_acidente";"classificacao_acidente";"fase_dia";"sentido_via";"condicao_metereologica";"tipo_pista";"tracado_via";"uso_solo";"pessoas";"mortos";"feridos_leves";"feridos_graves";"ilesos";"ignorados";"feridos";"veiculos";"latitude";"longitude";"regional";"delegacia";"uop"
377192;2021-08-15;"domingo";"03:30:00";"BA";324;615;"SALVADOR";"Pedestre andava na pista";"Atropelamento de Pedestre";"Com Vítimas Feridas";"Plena Noite";"Decrescente";"Céu Claro";"Múltipla";"Reta";"Sim";2;0;0;1;0;1;1;2;-12,87206398;-38,42746403;"SPRF-BA";"DEL01-BA";"UOP01-DEL01-BA"
377193;2021-08-15;"domingo";"03:50:00";"RN";101;96,7;"NATAL";"Ausência de reação do condutor";"Saída de leito carroçável";"Com Vítimas Feridas";"Plena Noite";"Crescente";"Nublado";"Múltipla";"Reta";"Sim";1;0;0;1;0;0;1;1;-5,84949622;-35,20890752;"SPRF-RN";"DEL01-RN";"UOP01-DEL01-RN"
377196;2021-08-15;"domingo";"03:40:00";"PR";153;1,5;"JACAREZINHO";"Ingestão de álcool ou de substâncias psicoativas pelo pedestre";"Atropelamento de Pedestre";"Com Vítimas Feridas";"Plena Noite";"Crescente";"Céu Claro";"Simples";"Curva";"Não";2;0;1;0;0;1;1;2;-23,002905;-49,908333;"SPRF-PR";"DEL07-PR";"UOP04-DEL07-PR"
377198;2021-08-15;"domingo";"01:50:00";"SC";101;68,8;"ARAQUARI";"Ausência de reação do condutor";"Atropelamento de Pedestre";"Com Vítimas Fatais";"Plena Noite";"Crescente";"Nevoeiro/Neblina";"Dupla";"Reta";"Não";2;1;0;0;0;1;0;2;-26,503503;-48,727913;"SPRF-SC";"DEL03-SC";"UOP02-DEL03-SC"
377201;2021-08-15;"domingo";"05:30:00";"PR";116;155;"MANDIRITUBA";"Pedestre cruzava a pista fora da faixa";"Atropelamento de Pedestre";"Com Vítimas Feridas";"Plena Noite";"Crescente";"Garoa/Chuvisco";"Simples";"Reta";"Não";2;0;0;1;1;0;1;2;-25,85128206;-49,35740289;"SPRF-PR";"DEL01-PR";"UOP03-DEL01-PR"
377204;2021-08-14;"sábado";"18:40:00";"MG";381;614;"OLIVEIRA";"Ausência de reação do condutor";"Capotamento";"Sem Vítimas";"Anoitecer";"Decrescente";"Céu Claro";"Dupla";"Reta";"Não";1;0;0;0;0;1;0;1;-20,73605011;-44,77319313;"SPRF-MG";"DEL04-MG";"UOP01-DEL04-MG"
377206;2021-08-15;"domingo";"04:00:00";"PR";476;150,8;"ARAUCARIA";"Reação tardia ou ineficiente do condutor";"Saída de leito carroçável";"Sem Vítimas";"Amanhecer";"Crescente";"Nublado";"Simples";"Reta";"Sim";1;0;0;0;0;1;0;1;-25,558477;-49,368313;"SPRF-PR";"DEL01-PR";"UOP03-DEL01-PR"
377207;2021-08-15;"domingo";"06:20:00";"PR";376;9;"MARINGA";"Ausência de reação do condutor";"Queda de ocupante de veículo";"Com Vítimas Feridas";"Amanhecer";"Crescente";"Céu Claro";"Dupla";"Reta";"Sim";1;0;1;0;0;0;1;1;-23,4273;-51,9375;"SPRF-PR";"DEL09-PR";"UOP01-DEL09-PR"
377208;2021-08-15;"domingo";"03:00:00";"SC";282;638,8;"DESCANSO";"Ingestão de álcool e/ou substâncias psicoativas pelo pedestre";"Colisão lateral sentido oposto";"Sem Vítimas";"Plena Noite";"Crescente";"Nevoeiro/Neblina";"Simples";"Curva";"Não";3;0;0;0;3;0;0;1;-26,7939;-53,45031;"SPRF-SC";"DEL07-SC";"UOP03-DEL07-SC"
377209;2021-08-15;"domingo";"05:00:00";"MS";163;18;"MUNDO NOVO";"Ausência de reação do condutor";"Colisão com objeto";"Sem Vítimas";"Amanhecer";"Crescente";"Céu Claro";"Simples";"Reta";"Não";1;0;0;0;0;1;0;1;-23,94313776;-54,28079904;"SPRF-MS";"DEL09-MS";"UOP02-DEL09-MS"
377212;2021-08-15;"domingo";"04:20:00";"MG";116;581;"MANHUACU";"Velocidade Incompatível";"Saída de leito carroçável";"Com Vítimas Feridas";"Plena Noite";"Decrescente";"Céu Claro";"Simples";"Curva";"Não";2;0;2;0;0;0;2;1;-20,19603401;-42,18344405;"SPRF-MG";"DEL06-MG";"UOP03-DEL06-MG"
377213;2021-08-15;"domingo";"06:20:00";"PR";277;132;"BALSA NOVA";"Avarias e/ou desgaste excessivo no pneu";"Queda de ocupante de veículo";"Com Vítimas Feridas";"Amanhecer";"Crescente";"Nevoeiro/Neblina";"Múltipla";"Curva";"Não";2;0;1;1;0;0;2;1;-25,47141132;-49,66153091;"SPRF-PR";"DEL01-PR";"UOP03-DEL03-PR"
377215;2021-08-14;"sábado";"22:05:00";"SC";101;27;"JOINVILLE";"Iluminação deficiente";"Colisão frontal";"Com Vítimas Feridas";"Plena Noite";"Decrescente";"Garoa/Chuvisco";"Dupla";"Reta";"Sim";2;0;2;0;0;0;2;2;-26,20130351;-48,91331794;"SPRF-SC";"DEL03-SC";"UOP01-DEL03-SC"
377216;2021-08-15;"domingo";"07:15:00";"SP";101;43;"UBATUBA";"Ausência de reação do condutor";"Colisão com objeto";"Com Vítimas Feridas";"Amanhecer";"Decrescente";"Nublado";"Simples";"Rotatória";"Sim";1;0;0;1;0;0;1;1;-23,40969647;-45,0594914;"SPRF-SP";"DEL06-SP";"UOP01-DEL06-SP"
377217;2021-08-15;"domingo";"07:10:00";"SC";101;206;"SAO JOSE";"Acessar a via sem observar a presença dos outros veículos";"Tombamento";"Com Vítimas Feridas";"Pleno dia";"Decrescente";"Nublado";"Múltipla";"Reta";"Sim";1;0;0;1;0;0;1;1;-27,59193546;-48,61824557;"SPRF-SC";"DEL01-SC";"UOP01-DEL01-SC"
377218;2021-08-15;"domingo";"05:10:00";"RJ";393;131;"SAPUCAIA";"Reação tardia ou ineficiente do condutor";"Saída de leito carroçável";"Com Vítimas Feridas";"Amanhecer";"Decrescente";"Céu Claro";"Simples";"Curva";"Não";2;0;1;1;0;0;2;1;-21,96975292;-42,87664106;"SPRF-RJ";"DEL05-RJ";"UOP01-DEL05-RJ"
377219;2021-08-15;"domingo";"07:10:00";"DF";70;10,3;"BRASILIA";"Condutor Dormindo";"Saída de leito carroçável";"Com Vítimas Fatais";"Pleno dia";"Decrescente";"Céu Claro";"Dupla";"Reta";"Sim";10;2;6;1;0;1;7;2;-15,78774763;-48,14301437;"SPRF-DF";"DEL03-DF";"UOP02-DEL03-DF"
377220;2021-08-15;"domingo";"07:00:00";"RJ";393;285;"VOLTA REDONDA";"Acesso irregular";"Colisão transversal";"Sem Vítimas";"Pleno dia";"Decrescente";"Céu Claro";"Dupla";"Reta";"Não";3;0;0;0;3;0;0;2;-22,481726;-44,06308602;"SPRF-RJ";"DEL05-RJ";"UOP04-DEL05-RJ"
377221;2021-08-15;"domingo";"04:30:00";"MA";316;560;"CAXIAS";"Condutor Dormindo";"Queda de ocupante de veículo";"Com Vítimas Feridas";"Plena Noite";"Decrescente";"Céu Claro";"Simples";"Curva";"Não";2;0;1;1;0;0;2;2;-4,888779;-43,283848;"SPRF-MA";"DEL03-MA";"UOP02-DEL03-MA"
377222;2021-08-15;"domingo";"04:40:00";"RR";174;499;"BOA VISTA";"Ausência de reação do condutor";"Colisão lateral mesmo sentido";"Com Vítimas Feridas";"Plena Noite";"Decrescente";"Ignorado";"Dupla";"Reta";"Sim";2;0;1;0;0;1;1;2;2,772157;-60,714409;"SPRF-RR";"DEL01-RR";"UOP01-DEL01-RR"
377223;2021-08-15;"domingo";"01:00:00";"SC";282;425,6;"VARGEM BONITA";"Ausência de reação do condutor";"Saída de leito carroçável";"Com Vítimas Feridas";"Plena Noite";"Crescente";"Nublado";"Simples";"Curva";"Não";1;0;1;0;0;0;1;1;-26,980412;-51,756256;"SPRF-SC";"DEL07-SC";"UOP05-DEL07-SC"
377224;2021-08-15;"domingo";"04:00:00";"MS";163;834;"SONORA";"Condutor Dormindo";"Colisão com objeto";"Sem Vítimas";"Amanhecer";"Decrescente";"Céu Claro";"Simples";"Reta";"Não";1;0;0;0;0;1;0;1;-17,62739003;-54,74525081;"SPRF-MS";"DEL06-MS";"UOP01-DEL06-MS"
377225;2021-08-15;"domingo";"06:40:00";"RS";386;180;"CARAZINHO";"Ausência de reação do condutor";"Saída de leito carroçável";"Com Vítimas Feridas";"Amanhecer";"Crescente";"Nublado";"Simples";"Interseção de Vias";"Sim";1;0;1;0;0;0;1;1;-28,300436;-52,744934;"SPRF-RS";"DEL08-RS";"UOP01-DEL08-RS"
377226;2021-08-15;"domingo";"06:15:00";"ES";101;270;"SERRA";"Condutor deixou de manter distância do veículo da frente";"Colisão traseira";"Com Vítimas Feridas";"Pleno dia";"Decrescente";"Nublado";"Múltipla";"Reta";"Não";2;0;1;0;1;0;1;2;-20,22662056;-40,27075088;"SPRF-ES";"DEL02-ES";"UOP01-DEL02-ES"
377227;2021-08-15;"domingo";"07:05:00";"MG";365;706;"MONTE ALEGRE DE MINAS";"Velocidade Incompatível";"Tombamento";"Com Vítimas Feridas";"Pleno dia";"Decrescente";"Céu Claro";"Dupla";"Reta";"Não";1;0;1;0;0;0;1;1;-18,8789182;-49,05482003;"SPRF-MG";"DEL15-MG";"UOP03-DEL15-MG"
377228;2021-08-15;"domingo";"05:50:00";"PI";316;308,9;"PICOS";"Ausência de reação do condutor";"Colisão com objeto";"Sem Vítimas";"Pleno dia";"Crescente";"Céu Claro";"Simples";"Reta";"Sim";1;0;0;0;0;1;0;1;-7,077829;-41,486918;"SPRF-PI";"DEL04-PI";"UOP01-DEL04-PI"
377229;2021-07-23;"sexta-feira";"06:45:00";"SC";280;18,5;"ARAQUARI";"Ultrapassagem Indevida";"Colisão frontal";"Com Vítimas Feridas";"Pleno dia";"Crescente";"Céu Claro";"Simples";"Curva";"Não";2;0;0;1;1;0;1;2;-26,36910056;-48,6707918;"SPRF-SC";"DEL03-SC";"UOP03-DEL03-SC"
377230;2021-08-15;"domingo";"08:15:00";"GO";60;120;"TEREZOPOLIS DE GOIAS";"Objeto estático sobre o leito carroçável";"Colisão com objeto";"Com Vítimas Feridas";"Pleno dia";"Decrescente";"Sol";"Dupla";"Reta";"Não";1;0;1;0;0;0;1;1;-16,4979;-49,1065;"SPRF-GO";"DEL01-GO";"UOP01-DEL01-GO"
377231;2021-08-15;"domingo";"06:50:00";"RS";386;345,6;"LAJEADO";"Velocidade Incompatível";"Saída de leito carroçável";"Sem Vítimas";"Pleno dia";"Decrescente";"Céu Claro";"Dupla";"Reta";"Sim";1;0;0;0;0;1;0;1;-29,443069;-51,984135;"SPRF-RS";"DEL04-RS";"UOP01-DEL04-RS"
377232;2021-08-15;"domingo";"07:30:00";"TO";153;142;"ARAGUAINA";"Condutor Dormindo";"Colisão lateral mesmo sentido";"Com Vítimas Feridas";"Pleno dia";"Decrescente";"Sol";"Dupla";"Reta";"Sim";2;0;1;0;1;0;1;2;-7,18302923;-48,22608775;"SPRF-TO";"DEL02-TO";"UOP01-DEL02-TO"
377233;2021-08-15;"domingo";"07:29:00";"SC";101;192;"BIGUACU";"Reação tardia ou ineficiente do condutor";"Colisão com objeto";"Sem Vítimas";"Pleno dia";"Crescente";"Nublado";"Múltipla";"Reta";"Sim";1;0;0;0;1;0;0;1;-27,48443781;-48,64765238;"SPRF-SC";"DEL01-SC";"UOP01-DEL01-SC"
377235;2021-08-15;"domingo";"08:00:00";"PR";116;12,9;"COLOMBO";"Ingestão de álcool pelo condutor";"Saída de leito carroçável";"Sem Vítimas";"Pleno dia";"Decrescente";"Nublado";"Dupla";"Reta";"Sim";1;0;0;0;1;0;0;1;-25,3785;-49,1564;"SPRF-PR";"DEL01-PR";"UOP02-DEL01-PR"
377236;2021-06-04;"sexta-feira";"22:45:00";"TO";153;507,8;"PARAISO DO TOCANTINS";"Reação tardia ou ineficiente do condutor";"Atropelamento de Animal";"Sem Vítimas";"Plena Noite";"Crescente";"Céu Claro";"Simples";"Reta";"Não";1;0;0;0;1;0;0;1;-10,271076;-48,880992;"SPRF-TO";"DEL01-TO";"UOP01-DEL01-TO"
377237;2021-08-15;"domingo";"08:50:00";"RJ";40;91;"PETROPOLIS";"Pista Escorregadia";"Queda de ocupante de veículo";"Com Vítimas Feridas";"Pleno dia";"Decrescente";"Céu Claro";"Simples";"Curva";"Não";1;0;1;0;0;0;1;1;-22,56787234;-43,25043462;"SPRF-RJ";"DEL06-RJ";"UOP01-DEL06-RJ"
377238;2021-08-15;"domingo";"09:15:00";"SP";381;60;"MAIRIPORA";"Curva acentuada";"Queda de ocupante de veículo";"Com Vítimas Feridas";"Pleno dia";"Decrescente";"Céu Claro";"Múltipla";"Curva";"Não";1;0;1;0;0;0;1;1;-23,28957673;-46,58729853;"SPRF-SP";"DEL03-SP";"UOP01-DEL03-SP"
377239;2021-08-15;"domingo";"08:15:00";"RO";364;238;"CACOAL";"Acessar a via sem observar a presença dos outros veículos";"Colisão transversal";"Com Vítimas Feridas";"Pleno dia";"Crescente";"Céu Claro";"Simples";"Interseção de Vias;Reta";"Sim";2;0;1;1;0;0;2;2;-11,4388578;-61,45471289;"SPRF-RO";"DEL02-RO";"UOP02-DEL02-RO"
377240;2021-08-15;"domingo";"04:40:00";"BA";20;200;"LUIS EDUARDO MAGALHAES";"Condutor usando celular";"Colisão frontal";"Com Vítimas Feridas";"Plena Noite";"Decrescente";"Céu Claro";"Simples";"Reta";"Não";2;0;2;0;0;0;2;2;-12,187;-45,826;"SPRF-BA";"DEL10-BA";"UOP01-DEL10-BA"
377241;2021-08-03;"terça-feira";"20:39:00";"RR";432;89;"CANTA";"Deficiência do Sistema de Iluminação/Sinalização";"Atropelamento de Pedestre";"Com Vítimas Fatais";"Plena Noite";"Decrescente";"Ignorado";"Simples";"Reta";"Não";2;1;0;0;1;0;0;2;1,88515212;-60,59269177;"SPRF-RR";"DEL01-RR";"UOP01-DEL01-RR"
377242;2021-08-15;"domingo";"10:00:00";"RJ";116;87;"TERESOPOLIS";"Mal súbito do condutor";"Colisão frontal";"Com Vítimas Feridas";"Pleno dia";"Crescente";"Céu Claro";"Simples";"Curva";"Não";2;0;1;1;0;0;2;2;-22,44527396;-42,95175555;"SPRF-RJ";"DEL04-RJ";"UOP01-DEL04-RJ"
377243;2021-08-15;"domingo";"08:50:00";"MT";364;274,2;"JACIARA";"Ingestão de álcool pelo condutor";"Colisão com objeto";"Com Vítimas Feridas";"Pleno dia";"Decrescente";"Sol";"Dupla";"Reta";"Sim";5;0;0;5;0;0;5;1;-15,95570165;-54,97510461;"SPRF-MT";"DEL02-MT";"UOP01-DEL02-MT"
377247;2021-08-14;"sábado";"14:00:00";"MG";116;406,8;"GOVERNADOR VALADARES";"Desrespeitar a preferência no cruzamento";"Colisão transversal";"Com Vítimas Feridas";"Pleno dia";"Decrescente";"Céu Claro";"Simples";"Interseção de Vias";"Sim";2;0;1;0;1;0;1;2;-18,82669347;-41,98753335;"SPRF-MG";"DEL06-MG";"UOP01-DEL06-MG"
377248;2021-08-15;"domingo";"08:30:00";"SC";101;139;"BALNEARIO CAMBORIU";"Reação tardia ou ineficiente do condutor";"Capotamento";"Com Vítimas Feridas";"Pleno dia";"Crescente";"Chuva";"Dupla";"Reta";"Não";1;0;1;0;0;0;1;1;-27,02982303;-48,60115006;"SPRF-SC";"DEL04-SC";"UOP03-DEL04-SC"
377249;2021-08-15;"domingo";"09:40:00";"RS";116;206,8;"PICADA CAFE";"Velocidade Incompatível";"Tombamento";"Com Vítimas Feridas";"Pleno dia";"Decrescente";"Nublado";"Simples";"Curva";"Não";1;0;1;0;0;0;1;1;-29,49966726;-51,1306017;"SPRF-RS";"DEL05-RS";"UOP02-DEL05-RS"
377250;2021-07-09;"sexta-feira";"18:00:00";"MG";365;259;"SAO GONCALO DO ABAETE";"Manobra de mudança de faixa";"Saída de leito carroçável";"Com Vítimas Feridas";"Anoitecer";"Crescente";"Céu Claro";"Simples";"Reta";"Não";1;0;0;1;0;0;1;1;-17,86429933;-45,51317778;"SPRF-MG";"DEL14-MG";"UOP02-DEL14-MG"
377251;2021-08-15;"domingo";"08:00:00";"MG";365;432;"PATOS DE MINAS";"Condutor deixou de manter distância do veículo da frente";"Colisão traseira";"Com Vítimas Feridas";"Pleno dia";"Decrescente";"Céu Claro";"Simples";"Reta;Aclive";"Não";2;0;1;0;1;0;1;2;-18,79289281;-46,72721386;"SPRF-MG";"DEL10-MG";"UOP01-DEL10-MG"
377253;2021-08-15;"domingo";"11:10:00";"SP";381;73;"SAO PAULO";"Velocidade Incompatível";"Queda de ocupante de veículo";"Com Vítimas Feridas";"Pleno dia";"Crescente";"Céu Claro";"Múltipla";"Reta";"Não";1;0;1;0;0;0;1;1;-23,36553404;-46,55253934;"SPRF-SP";"DEL03-SP";"UOP01-DEL03-SP"
377254;2021-08-15;"domingo";"11:30:00";"PR";277;108;"CAMPO LARGO";"Manobra de mudança de faixa";"Saída de leito carroçável";"Com Vítimas Feridas";"Pleno dia";"Decrescente";"Céu Claro";"Dupla";"Curva";"Sim";4;0;3;0;0;1;3;3;-25,46337891;-49,35755379;"SPRF-PR";"DEL01-PR";"UOP03-DEL03-PR"
377255;2021-08-15;"domingo";"10:40:00";"PE";101;145;"RIBEIRAO";"Velocidade Incompatível";"Saída de leito carroçável";"Com Vítimas Feridas";"Pleno dia";"Decrescente";"Chuva";"Dupla";"Reta";"Não";1;0;1;0;0;0;1;1;-8,45921248;-35,3639066;"SPRF-PE";"DEL01-PE";"UOP01-DEL01-PE"
377258;2021-08-15;"domingo";"12:20:00";"MG";381;511;"IGARAPE";"Condutor deixou de manter distância do veículo da frente";"Colisão traseira";"Com Vítimas Feridas";"Pleno dia";"Crescente";"Céu Claro";"Dupla";"Reta";"Sim";2;0;1;0;1;0;1;2;-20,08463223;-44,3099407;"SPRF-MG";"DEL01-MG";"UOP03-DEL01-MG"
377259;2021-08-15;"domingo";"12:10:00";"MG";381;518;"IGARAPE";"Reação tardia ou ineficiente do condutor";"Tombamento";"Com Vítimas Feridas";"Pleno dia";"Crescente";"Céu Claro";"Dupla";"Curva;Aclive";"Não";1;0;1;0;0;0;1;1;-20,12065395;-44,30242562;"SPRF-MG";"DEL04-MG";"UOP03-DEL04-MG"
377260;2021-08-15;"domingo";"12:15:00";"MG";381;490,6;"BETIM";"Ausência de reação do condutor";"Colisão lateral mesmo sentido";"Com Vítimas Feridas";"Pleno dia";"Decrescente";"Sol";"Dupla";"Reta";"Sim";2;0;1;0;1;0;1;2;-19,95656893;-44,14718628;"SPRF-MG";"DEL01-MG";"UOP03-DEL01-MG"
377261;2021-08-15;"domingo";"12:20:00";"ES";262;107;"VENDA NOVA DO IMIGRANTE";"Ultrapassagem Indevida";"Colisão lateral sentido oposto";"Com Vítimas Feridas";"Pleno dia";"Crescente";"Céu Claro";"Dupla";"Reta";"Sim";3;0;2;0;1;0;2;2;-20,32991844;-41,15343646;"SPRF-ES";"DEL01-ES";"UOP02-DEL01-ES"
377262;2021-08-15;"domingo";"12:45:00";"RJ";101;287;"ITABORAI";"Manobra de mudança de faixa";"Colisão lateral mesmo sentido";"Com Vítimas Feridas";"Pleno dia";"Crescente";"Nublado";"Dupla";"Reta";"Sim";5;0;3;0;2;0;3;2;-22,75517486;-42,83462502;"SPRF-RJ";"DEL02-RJ";"UOP03-DEL02-RJ"
377264;2021-08-15;"domingo";"13:00:00";"RS";116;524;"PELOTAS";"Ausência de reação do condutor";"Tombamento";"Com Vítimas Feridas";"Pleno dia";"Decrescente";"Nublado";"Dupla";"Reta";"Sim";1;0;1;0;0;0;1;1;-31,72863738;-52,38746675;"SPRF-RS";"DEL07-RS";"UOP01-DEL07-RS"
377266;2021-08-15;"domingo";"13:20:00";"MG";381;489,4;"BETIM";"Ausência de reação do condutor";"Saída de leito carroçável";"Com Vítimas Feridas";"Pleno dia";"Crescente";"Céu Claro";"Dupla";"Curva";"Sim";1;0;1;0;0;0;1;1;-19,96245618;-44,16455495;"SPRF-MG";"DEL01-MG";"UOP03-DEL01-MG"
377267;2021-08-15;"domingo";"12:44:00";"RN";101;94;"NATAL";"Acessar a via sem observar a presença dos outros veículos";"Colisão lateral mesmo sentido";"Com Vítimas Feridas";"Pleno dia";"Decrescente";"Céu Claro";"Dupla";"Reta";"Sim";2;0;1;0;1;0;1;2;-5,83176615;-35,21191342;"SPRF-RN";"DEL01-RN";"UOP01-DEL01-RN"
377268;2021-08-15;"domingo";"13:00:00";"SC";101;141,5;"BALNEARIO CAMBORIU";"Reação tardia ou ineficiente do condutor";"Tombamento";"Com Vítimas Feridas";"Pleno dia";"Decrescente";"Nublado";"Simples";"Curva";"Sim";2;0;2;0;0;0;2;1;-27,04761729;-48,59995855;"SPRF-SC";"DEL04-SC";"UOP03-DEL04-SC"
377269;2021-08-15;"domingo";"14:45:00";"PR";376;592;"CURITIBA";"Velocidade Incompatível";"Saída de leito carroçável";"Com Vítimas Feridas";"Pleno dia";"Crescente";"Sol";"Dupla";"Interseção de Vias";"Sim";3;0;2;0;1;0;2;1;-25,46833525;-49,35524543;"SPRF-PR";"DEL01-PR";"UOP01-DEL01-PR"
377271;2021-08-15;"domingo";"13:40:00";"SC";280;129;"RIO NEGRINHO";"Acessar a via sem observar a presença dos outros veículos";"Colisão frontal";"Com Vítimas Feridas";"Pleno dia";"Crescente";"Céu Claro";"Simples";"Reta";"Sim";2;0;1;0;1;0;1;2;-26,24586437;-49,52284615;"SPRF-SC";"DEL06-SC";"UOP03-DEL06-SC"
377272;2021-08-15;"domingo";"13:35:00";"RO";364;200,1;"PIMENTA BUENO";"Ingestão de álcool pelo condutor";"Colisão traseira";"Com Vítimas Feridas";"Pleno dia";"Crescente";"Sol";"Simples";"Reta";"Sim";2;0;1;0;1;0;1;2;-11,653135;-61,192675;"SPRF-RO";"DEL02-RO";"UOP02-DEL02-RO"
377273;2021-08-15;"domingo";"14:30:00";"RJ";116;178;"NOVA IGUACU";"Ausência de reação do condutor";"Colisão com objeto";"Sem Vítimas";"Pleno dia";"Crescente";"Sol";"Dupla";"Reta";"Sim";1;0;0;0;1;0;0;1;-22,75286442;-43,43683373;"SPRF-RJ";"DEL01-RJ";"UOP02-DEL01-RJ"
377274;2021-08-15;"domingo";"13:10:00";"ES";262;47;"MARECHAL FLORIANO";"Ausência de reação do condutor";"Queda de ocupante de veículo";"Com Vítimas Feridas";"Pleno dia";"Decrescente";"Nublado";"Simples";"Declive;Reta";"Sim";1;0;1;0;0;0;1;1;-20,41130252;-40,67926543;"SPRF-ES";"DEL01-ES";"UOP01-DEL01-ES"
377275;2021-08-15;"domingo";"13:20:00";"PR";163;264;"TOLEDO";"Velocidade Incompatível";"Saída de leito carroçável";"Com Vítimas Feridas";"Pleno dia";"Crescente";"Céu Claro";"Dupla";"Reta";"Não";1;0;1;0;0;0;1;1;-24,6435030719;-53,853195043;"SPRF-PR";"DEL06-PR";"UOP02-DEL06-PR"
377276;2021-08-15;"domingo";"14:45:00";"SP";153;57;"SAO JOSE DO RIO PRETO";"Animais na Pista";"Queda de ocupante de veículo";"Com Vítimas Feridas";"Pleno dia";"Decrescente";"Céu Claro";"Dupla";"Aclive;Reta";"Sim";1;0;1;0;0;0;1;1;-20,76991095;-49,34982212;"SPRF-SP";"DEL09-SP";"UOP01-DEL09-SP"
377279;2021-08-15;"domingo";"15:00:00";"RJ";116;180;"NOVA IGUACU";"Demais falhas mecânicas ou elétricas";"Incêndio";"Sem Vítimas";"Pleno dia";"Decrescente";"Sol";"Dupla";"Reta";"Não";1;0;0;0;1;0;0;1;-22,7651616;-43,4154728;"SPRF-RJ";"DEL01-RJ";"UOP02-DEL01-RJ"
377280;2021-08-15;"domingo";"15:15:00";"GO";40;96;"CRISTALINA";"Acessar a via sem observar a presença dos outros veículos";"Colisão transversal";"Com Vítimas Feridas";"Pleno dia";"Crescente";"Céu Claro";"Simples";"Interseção de Vias";"Sim";3;0;1;0;2;0;1;2;-16,75768;-47,601613;"SPRF-DF";"DEL01-DF";"UOP02-DEL01-DF"
377281;2021-08-15;"domingo";"15:15:00";"GO";153;437,5;"ANAPOLIS";"Demais falhas mecânicas ou elétricas";"Tombamento";"Com Vítimas Feridas";"Pleno dia";"Decrescente";"Céu Claro";"Dupla";"Aclive";"Sim";2;0;0;2;0;0;2;1;-16,286884;-48,942978;"SPRF-GO";"DEL02-GO";"UOP01-DEL02-GO"
377282;2021-08-15;"domingo";"13:40:00";"MG";381;675,9;"PERDOES";"Ausência de reação do condutor";"Colisão transversal";"Sem Vítimas";"Pleno dia";"Decrescente";"Céu Claro";"Simples";"Reta";"Sim";2;0;0;0;2;0;0;2;-21,11551592;-45,09411331;"SPRF-MG";"DEL04-MG";"UOP02-DEL04-MG"
377283;2021-08-15;"domingo";"15:00:00";"SP";488;1,7;"APARECIDA";"Condutor deixou de manter distância do veículo da frente";"Colisão traseira";"Sem Vítimas";"Pleno dia";"Crescente";"Sol";"Simples";"Interseção de Vias";"Sim";2;0;0;0;2;0;0;2;-22,850164;-45,231808;"SPRF-SP";"DEL08-SP";"UOP01-DEL08-SP"
377284;2021-08-15;"domingo";"15:20:00";"RJ";116;178;"NOVA IGUACU";"Condutor deixou de manter distância do veículo da frente";"Colisão traseira";"Com Vítimas Feridas";"Pleno dia";"Crescente";"Céu Claro";"Dupla";"Reta";"Sim";4;0;2;0;2;0;2;2;-22,77496393;-43,40081465;"SPRF-RJ";"DEL01-RJ";"UOP02-DEL01-RJ"
377285;2021-06-11;"sexta-feira";"19:40:00";"PI";135;580;"CORRENTE";"Ultrapassagem Indevida";"Colisão lateral sentido oposto";"Com Vítimas Feridas";"Plena Noite";"Decrescente";"Céu Claro";"Simples";"Reta";"Não";3;0;1;1;1;0;2;2;-10,35204598;-45,16752282;"SPRF-PI";"DEL03-PI";"UOP02-DEL03-PI"
377286;2021-08-15;"domingo";"15:20:00";"PA";222;238;"MARABA";"Ultrapassagem Indevida";"Colisão lateral mesmo sentido";"Sem Vítimas";"Pleno dia";"Decrescente";"Céu Claro";"Simples";"Reta";"Sim";3;0;0;0;3;0;0;2;-5,301523;-49,072395;"SPRF-PA";"DEL03-PA";"UOP01-DEL03-PA"
377287;2021-08-15;"domingo";"14:00:00";"MG";251;469,8;"FRANCISCO SA";"Demais falhas mecânicas ou elétricas";"Incêndio";"Com Vítimas Feridas";"Pleno dia";"Crescente";"Sol";"Simples";"Curva";"Não";4;0;1;0;3;0;1;1;-16,47846186;-43,41953476;"SPRF-MG";"DEL12-MG";"UOP01-DEL12-MG"
377288;2021-08-15;"domingo";"14:45:00";"MS";163;485;"CAMPO GRANDE";"Ingestão de álcool pelo condutor";"Colisão traseira";"Sem Vítimas";"Pleno dia";"Decrescente";"Sol";"Simples";"Interseção de Vias";"Sim";3;0;0;0;3;0;0;2;-20,44233707;-54,54201834;"SPRF-MS";"DEL01-MS";"UOP02-DEL01-MS"
377289;2021-08-15;"domingo";"15:30:00";"CE";20;426;"FORTALEZA";"Acessar a via sem observar a presença dos outros veículos";"Colisão transversal";"Sem Vítimas";"Pleno dia";"Decrescente";"Céu Claro";"Dupla";"Reta";"Não";2;0;0;0;2;0;0;2;-3,86365517;-38,52355957;"SPRF-CE";"DEL01-CE";"UOP02-DEL01-CE"
377290;2021-08-15;"domingo";"16:00:00";"PR";369;148,8;"LONDRINA";"Manobra de mudança de faixa";"Colisão lateral mesmo sentido";"Sem Vítimas";"Pleno dia";"Decrescente";"Céu Claro";"Dupla";"Reta;Interseção de Vias;Aclive";"Sim";4;0;0;0;4;0;0;2;-23,29320539;-51,14702761;"SPRF-PR";"DEL07-PR";"UOP01-DEL07-PR"