"id";"data_inversa";"dia_semana";"horario";"uf";"br";"km";"municipio";"causa_acidente";"tipo_acidente";"classificacao_acidente";"fase_dia";"sentido_via";"condicao_metereologica";"tipo_pista";"tracado_via";"uso_solo";"pessoas";"mortos";"feridos_leves";"feridos_graves";"ilesos";"ignorados";"feridos";"veiculos";"latitude";"longitude";"regional";"delegacia";"uop"
377291;2021-08-15;"domingo";"15:35:00";"RS";101;7;"TORRES";"Acessar a via sem observar a presença dos outros veículos";"Colisão transversal";"Com Vítimas Feridas";"Pleno dia";"Crescente";"Nublado";"Dupla";"Rotatória";"Sim";4;0;0;2;2;0;2;2;-29,35399189;-49,8004501;"SPRF-RS";"DEL03-RS";"UOP02-DEL03-RS"
377294;2021-08-15;"domingo";"16:45:00";"ES";101;262;"SERRA";"Ausência de reação do condutor";"Colisão traseira";"Sem Vítimas";"Pleno dia";"Crescente";"Nublado";"Dupla";"Declive;Reta";"Sim";2;0;0;0;2;0;0;2;-20,1572331;-40,27678329;"SPRF-ES";"DEL02-ES";"UOP01-DEL02-ES"
377296;2021-08-15;"domingo";"16:57:00";"SP";116;157,8;"JACAREI";"Reação tardia ou ineficiente do condutor";"Colisão com objeto";"Com Vítimas Feridas";"Pleno dia";"Crescente";"Céu Claro";"Simples";"Curva";"Sim";3;0;0;2;0;1;2;2;-23,25558031;-45,9437828;"SPRF-SP";"DEL02-SP";"UOP01-DEL02-SP"
377298;2021-08-15;"domingo";"17:20:00";"SP";116;127,7;"CACAPAVA";"Animais na Pista";"Colisão traseira";"Sem Vítimas";"Anoitecer";"Crescente";"Céu Claro";"Dupla";"Reta";"Sim";3;0;0;0;3;0;0;3;-23,10991026;-45,70246044;"SPRF-SP";"DEL02-SP";"UOP02-DEL02-SP"
377299;2021-08-15;"domingo";"17:55:00";"MG";381;2;"BETIM";"Demais falhas mecânicas ou elétricas";"Tombamento";"Com Vítimas Feridas";"Anoitecer";"Crescente";"Céu Claro";"Dupla";"Reta";"Sim";2;0;2;0;0;0;2;1;-19,96915399;-44,16023254;"SPRF-MG";"DEL01-MG";"UOP03-DEL01-MG"
377302;2021-08-15;"domingo";"16:10:00";"RO";364;715;"PORTO VELHO";"Reação tardia ou ineficiente do condutor";"Colisão com objeto";"Com Vítimas Feridas";"Pleno dia";"Crescente";"Sol";"Simples";"Aclive;Reta";"Sim";3;0;1;0;0;2;1;3;-8,780242;-63,892744;"SPRF-RO";"DEL01-RO";"UOP01-DEL01-RO"
377303;2021-08-15;"domingo";"17:38:00";"CE";222;0;"CAUCAIA";"Acessar a via sem observar a presença dos outros veículos";"Colisão traseira";"Sem Vítimas";"Anoitecer";"Crescente";"Céu Claro";"Dupla";"Interseção de Vias";"Sim";2;0;0;0;2;0;0;2;-3,74324;-38,61906;"SPRF-CE";"DEL01-CE";"UOP01-DEL01-CE"
377305;2021-08-15;"domingo";"15:50:00";"MT";163;1065;"GUARANTA DO NORTE";"Velocidade Incompatível";"Colisão transversal";"Com Vítimas Feridas";"Pleno dia";"Crescente";"Céu Claro";"Dupla";"Reta";"Sim";3;0;0;1;2;0;1;2;-9,940424;-54,903159;"SPRF-MT";"DEL06-MT";"NPF/DEL06-MT"
377308;2021-08-15;"domingo";"16:40:00";"BA";116;426;"FEIRA DE SANTANA";"Ausência de reação do condutor";"Colisão com objeto";"Com Vítimas Feridas";"Pleno dia";"Crescente";"Céu Claro";"Simples";"Reta";"Sim";2;0;1;0;0;1;1;2;-12,24420407;-38,98563987;"SPRF-BA";"DEL02-BA";"UOP01-DEL02-BA"
377309;2021-08-15;"domingo";"18:45:00";"RN";101;100;"PARNAMIRIM";"Velocidade Incompatível";"Colisão lateral mesmo sentido";"Sem Vítimas";"Plena Noite";"Decrescente";"Céu Claro";"Dupla";"Reta";"Sim";2;0;0;0;1;1;0;2;-5,88106901;-35,22542396;"SPRF-RN";"DEL01-RN";"UOP01-DEL01-RN"
377310;2021-08-15;"domingo";"18:40:00";"RJ";493;51;"DUQUE DE CAXIAS";"Reação tardia ou ineficiente do condutor";"Atropelamento de Animal";"Com Vítimas Feridas";"Plena Noite";"Decrescente";"Céu Claro";"Dupla";"Reta";"Não";2;0;1;0;1;0;1;1;-22,672089;-43,285053;"SPRF-RJ";"DEL01-RJ";"UOP01-DEL01-RJ"
377312;2021-08-15;"domingo";"18:26:00";"PB";101;83;"BAYEUX";"Ausência de reação do condutor";"Colisão traseira";"Com Vítimas Feridas";"Plena Noite";"Crescente";"Céu Claro";"Dupla";"Reta";"Sim";5;0;2;0;1;2;2;3;-7,143;-34,9192;"SPRF-PB";"DEL01-PB";"UOP01-DEL01-PB"
377313;2021-08-15;"domingo";"16:10:00";"AL";104;91,2;"RIO LARGO";"Ingestão de álcool pelo condutor";"Colisão lateral mesmo sentido";"Sem Vítimas";"Pleno dia";"Crescente";"Céu Claro";"Dupla";"Reta;Interseção de Vias";"Sim";4;0;0;0;4;0;0;2;-9,50898856;-35,80777135;"SPRF-AL";"DEL01-AL";"UOP01-DEL01-AL"
377314;2021-08-15;"domingo";"18:40:00";"BA";116;11,1;"VITORIA DA CONQUISTA";"Ausência de reação do condutor";"Colisão traseira";"Com Vítimas Feridas";"Plena Noite";"Crescente";"Céu Claro";"Simples";"Reta";"Sim";4;0;4;0;0;0;4;1;-14,899403;-40,855237;"SPRF-BA";"DEL08-BA";"UOP01-DEL08-BA"
377316;2021-08-15;"domingo";"16:00:00";"SC";282;499,1;"XANXERE";"Ingestão de álcool pelo condutor";"Colisão com objeto";"Sem Vítimas";"Pleno dia";"Decrescente";"Céu Claro";"Dupla";"Reta";"Sim";1;0;0;0;0;1;0;1;-26,880869;-52,363121;"SPRF-SC";"DEL07-SC";"UOP01-DEL07-SC"
377318;2021-08-15;"domingo";"19:00:00";"CE";222;78,2;"SAO LUIS DO CURU";"Transitar na contramão";"Colisão frontal";"Com Vítimas Fatais";"Plena Noite";"Crescente";"Céu Claro";"Simples";"Reta";"Não";3;1;1;0;1;0;1;2;-3,67444393;-39,24346447;"SPRF-CE";"DEL04-CE";"UOP03-DEL04-CE"
377319;2021-08-15;"domingo";"12:20:00";"RJ";116;101;"GUAPIMIRIM";"Condutor deixou de manter distância do veículo da frente";"Atropelamento de Pedestre";"Com Vítimas Feridas";"Pleno dia";"Decrescente";"Céu Claro";"Simples";"Curva";"Sim";2;0;1;0;1;0;1;2;-22,49374115;-43,00365418;"SPRF-RJ";"DEL04-RJ";"UOP02-DEL04-RJ"
377320;2021-08-15;"domingo";"18:43:00";"SC";101;189;"BIGUACU";"Condutor deixou de manter distância do veículo da frente";"Colisão traseira";"Com Vítimas Feridas";"Plena Noite";"Crescente";"Nublado";"Múltipla";"Reta";"Sim";2;0;1;0;1;0;1;2;-27,459393;-48,638914;"SPRF-SC";"DEL01-SC";"UOP01-DEL01-SC"
377321;2021-08-15;"domingo";"17:20:00";"PR";376;289;"MAUA DA SERRA";"Ausência de reação do condutor";"Capotamento";"Com Vítimas Feridas";"Pleno dia";"Crescente";"Sol";"Dupla";"Curva";"Não";2;0;1;1;0;0;2;1;-23,88555321;-51,23647928;"SPRF-PR";"DEL07-PR";"UOP02-DEL07-PR"
377322;2021-08-15;"domingo";"19:00:00";"BA";324;622,8;"SALVADOR";"Transitar no acostamento";"Atropelamento de Pedestre";"Com Vítimas Feridas";"Plena Noite";"Decrescente";"Céu Claro";"Dupla";"Reta";"Não";2;0;1;0;0;1;1;2;-12,93550241;-38,47218479;"SPRF-BA";"DEL01-BA";"UOP01-DEL01-BA"
377323;2021-08-15;"domingo";"19:20:00";"MG";40;581,3;"ITABIRITO";"Reação tardia ou ineficiente do condutor";"Saída de leito carroçável";"Com Vítimas Feridas";"Plena Noite";"Decrescente";"Nublado";"Simples";"Curva";"Não";1;0;1;0;0;0;1;1;-20,30234388;-43,93887077;"SPRF-MG";"DEL01-MG";"UOP02-DEL01-MG"
377324;2021-08-15;"domingo";"19:10:00";"AL";316;271,2;"SATUBA";"Manobra de mudança de faixa";"Colisão frontal";"Com Vítimas Feridas";"Plena Noite";"Crescente";"Céu Claro";"Simples";"Reta";"Não";2;0;0;1;1;0;1;2;-9,57122709;-35,81523795;"SPRF-AL";"DEL02-AL";"UOP01-DEL02-AL"
377325;2021-08-15;"domingo";"18:45:00";"DF";70;18;"BRASILIA";"Velocidade Incompatível";"Colisão traseira";"Com Vítimas Feridas";"Plena Noite";"Crescente";"Céu Claro";"Dupla";"Reta";"Sim";3;0;1;0;1;1;1;2;-15,791093;-48,21096;"SPRF-DF";"DEL03-DF";"UOP02-DEL03-DF"
377326;2021-08-15;"domingo";"19:00:00";"SC";101;188;"BIGUACU";"Condutor deixou de manter distância do veículo da frente";"Colisão traseira";"Com Vítimas Feridas";"Plena Noite";"Crescente";"Céu Claro";"Dupla";"Reta";"Sim";6;0;2;0;4;0;2;5;-27,45123421;-48,63370766;"SPRF-SC";"DEL01-SC";"UOP01-DEL01-SC"
377330;2021-08-14;"sábado";"21:45:00";"GO";153;279;"NOVA GLORIA";"Pista em desnível";"Saída de leito carroçável";"Com Vítimas Feridas";"Plena Noite";"Crescente";"Céu Claro";"Simples";"Reta";"Não";3;0;1;2;0;0;3;1;-15,129216;-49,511303;"SPRF-GO";"DEL07-GO";"UOP02-DEL07-GO"
377331;2021-08-15;"domingo";"19:00:00";"PR";376;182,4;"SARANDI";"Ingestão de álcool pelo condutor";"Colisão traseira";"Com Vítimas Feridas";"Plena Noite";"Crescente";"Céu Claro";"Dupla";"Reta";"Sim";5;0;1;1;3;0;2;2;-23,43439799;-51,88322425;"SPRF-PR";"DEL09-PR";"UOP01-DEL09-PR"
377332;2021-08-15;"domingo";"19:02:00";"PR";376;182,4;"SARANDI";"Ingestão de álcool pelo condutor";"Colisão traseira";"Sem Vítimas";"Pleno dia";"Decrescente";"Céu Claro";"Múltipla";"Reta";"Sim";3;0;0;0;3;0;0;3;-23,43684112;-51,87880764;"SPRF-PR";"DEL09-PR";"UOP01-DEL09-PR"
377334;2021-08-15;"domingo";"17:30:00";"GO";60;380;"RIO VERDE";"Ausência de reação do condutor";"Colisão traseira";"Com Vítimas Feridas";"Anoitecer";"Crescente";"Céu Claro";"Dupla";"Reta";"Sim";4;0;2;0;1;1;2;3;-17,7646;-50,8822;"SPRF-GO";"DEL04-GO";"UOP01-DEL04-GO"
377335;2021-08-15;"domingo";"19:00:00";"PR";280;263,5;"MARMELEIRO";"Transitar na contramão";"Colisão frontal";"Com Vítimas Feridas";"Plena Noite";"Decrescente";"Nublado";"Simples";"Reta;Aclive";"Não";6;0;1;0;5;0;1;2;-26,18655868;-53,07795525;"SPRF-PR";"DEL02-PR";"UOP01-DEL02-PR"
377336;2021-08-15;"domingo";"18:50:00";"RJ";356;75;"ITALVA";"Ingestão de álcool pelo condutor";"Colisão lateral mesmo sentido";"Sem Vítimas";"Plena Noite";"Crescente";"Nublado";"Simples";"Reta";"Sim";2;0;0;0;2;0;0;2;-21,42140416;-41,69075621;"SPRF-RJ";"DEL08-RJ";"UOP03-DEL08-RJ"
377339;2021-08-15;"domingo";"19:25:00";"GO";60;259;"INDIARA";"Animais na Pista";"Atropelamento de Animal";"Com Vítimas Feridas";"Plena Noite";"Crescente";"Céu Claro";"Dupla";"Reta";"Não";2;0;1;0;1;0;1;1;-17,1596;-50,0359;"SPRF-GO";"DEL01-GO";"UOP02-DEL01-GO"
377340;2021-08-15;"domingo";"18:00:00";"RO";364;800;"PORTO VELHO";"Manobra de mudança de faixa";"Tombamento";"Com Vítimas Feridas";"Anoitecer";"Crescente";"Céu Claro";"Simples";"Reta";"Não";2;0;0;2;0;0;2;1;-9,24275378;-64,36203003;"SPRF-RO";"DEL01-RO";"UOP02-DEL01-RO"
377341;2021-08-15;"domingo";"19:50:00";"GO";70;0;"AGUAS LINDAS DE GOIAS";"Manobra de mudança de faixa";"Colisão com objeto";"Com Vítimas Feridas";"Plena Noite";"Decrescente";"Céu Claro";"Dupla";"Aclive;Reta";"Sim";3;0;2;0;1;0;2;1;-15,783543;-48,2326;"SPRF-DF";"DEL03-DF";"UOP02-DEL03-DF"
377342;2021-08-15;"domingo";"17:00:00";"RJ";40;21,7;"TRES RIOS";"Velocidade Incompatível";"Saída de leito carroçável";"Sem Vítimas";"Anoitecer";"Decrescente";"Céu Claro";"Dupla";"Rotatória";"Não";1;0;0;0;0;1;0;1;-22,11769337;-43,15744227;"SPRF-RJ";"DEL05-RJ";"UOP02-DEL05-RJ"
377343;2021-08-15;"domingo";"18:50:00";"PI";343;304,8;"ALTOS";"Acessar a via sem observar a presença dos outros veículos";"Colisão frontal";"Com Vítimas Feridas";"Plena Noite";"Crescente";"Céu Claro";"Simples";"Reta";"Não";2;0;0;2;0;0;2;2;-5,028232;-42,437134;"SPRF-PI";"DEL01-PI";"UOP01-DEL01-PI"
377344;2021-08-15;"domingo";"18:00:00";"PE";232;409;"SERRA TALHADA";"Transitar na contramão";"Colisão frontal";"Com Vítimas Feridas";"Anoitecer";"Crescente";"Céu Claro";"Simples";"Reta";"Não";3;0;1;1;0;1;2;2;-7,981944;-38,289467;"SPRF-PE";"DEL04-PE";"UOP01-DEL04-PE"
377345;2021-08-15;"domingo";"19:25:00";"PE";428;191,2;"PETROLINA";"Reação tardia ou ineficiente do condutor";"Colisão com objeto";"Com Vítimas Feridas";"Plena Noite";"Decrescente";"Céu Claro";"Múltipla";"Reta";"Sim";1;0;0;1;0;0;1;1;-9,37766429;-40,50269795;"SPRF-PE";"DEL06-PE";"UOP01-DEL06-PE"
377347;2021-08-15;"domingo";"17:20:00";"RS";285;582;"SAO LUIZ GONZAGA";"Reação tardia ou ineficiente do condutor";"Saída de leito carroçável";"Com Vítimas Feridas";"Pleno dia";"Crescente";"Céu Claro";"Simples";"Curva";"Não";4;0;1;0;3;0;1;1;-28,443851;-55,112072;"SPRF-RS";"DEL12-RS";"UOP01-DEL12-RS"
377348;2021-08-15;"domingo";"20:10:00";"SC";101;152,7;"ITAPEMA";"Reação tardia ou ineficiente do condutor";"Capotamento";"Com Vítimas Feridas";"Plena Noite";"Crescente";"Céu Claro";"Dupla";"Reta";"Sim";1;0;1;0;0;0;1;1;-27,13563503;-48,61004665;"SPRF-SC";"DEL04-SC";"UOP03-DEL04-SC"
377349;2021-08-15;"domingo";"20:40:00";"SC";101;283,1;"IMBITUBA";"Reação tardia ou ineficiente do condutor";"Saída de leito carroçável";"Com Vítimas Feridas";"Plena Noite";"Crescente";"Nublado";"Múltipla";"Reta";"Sim";1;0;1;0;0;0;1;1;-28,20457404;-48,6984006;"SPRF-SC";"DEL02-SC";"UOP03-DEL02-SC"
377350;2021-08-14;"sábado";"23:00:00";"SC";282;234;"LAGES";"Ingestão de álcool pelo condutor";"Saída de leito carroçável";"Com Vítimas Feridas";"Plena Noite";"Decrescente";"Nublado";"Simples";"Curva";"Não";2;0;0;1;0;1;1;2;-27,78289788;-50,46020508;"SPRF-SC";"DEL05-SC";"UOP02-DEL05-SC"
377352;2021-08-15;"domingo";"21:30:00";"RJ";393;279;"BARRA DO PIRAI";"Ingestão de álcool pelo condutor";"Colisão transversal";"Com Vítimas Feridas";"Plena Noite";"Crescente";"Céu Claro";"Simples";"Reta";"Sim";3;0;1;0;2;0;1;2;-22,47615736;-44,00889998;"SPRF-RJ";"DEL05-RJ";"UOP04-DEL05-RJ"
377353;2021-08-15;"domingo";"19:00:00";"PE";423;82,3;"JUCATI";"Reação tardia ou ineficiente do condutor";"Colisão frontal";"Com Vítimas Fatais";"Plena Noite";"Decrescente";"Nublado";"Simples";"Reta";"Não";2;2;0;0;0;0;0;2;-8,78236498;-36,43093004;"SPRF-PE";"DEL03-PE";"UOP01-DEL03-PE"
377354;2021-08-15;"domingo";"21:55:00";"RJ";116;72;"TERESOPOLIS";"Velocidade Incompatível";"Tombamento";"Com Vítimas Feridas";"Plena Noite";"Crescente";"Nublado";"Simples";"Curva";"Não";1;0;1;0;0;0;1;1;-22,336229;-42,938663;"SPRF-RJ";"DEL04-RJ";"UOP01-DEL04-RJ"
377355;2021-08-15;"domingo";"21:00:00";"RS";285;342,7;"CARAZINHO";"Ingestão de álcool pelo condutor";"Colisão lateral sentido oposto";"Com Vítimas Feridas";"Plena Noite";"Crescente";"Céu Claro";"Simples";"Reta";"Não";5;0;1;0;4;0;1;2;-28,318539;-52,816994;"SPRF-RS";"DEL08-RS";"UOP03-DEL08-RS"
377357;2021-08-15;"domingo";"20:40:00";"PR";369;156;"LONDRINA";"Ausência de reação do condutor";"Queda de ocupante de veículo";"Com Vítimas Feridas";"Plena Noite";"Decrescente";"Céu Claro";"Dupla";"Reta";"Sim";1;0;1;0;0;0;1;1;-23,29139218;-51,21776283;"SPRF-PR";"DEL07-PR";"UOP01-DEL07-PR"
377358;2021-08-15;"domingo";"16:38:00";"PR";153;351,2;"REBOUCAS";"Ultrapassagem Indevida";"Colisão frontal";"Com Vítimas Fatais";"Pleno dia";"Decrescente";"Céu Claro";"Simples";"Reta";"Não";3;1;0;0;0;2;0;3;-25,623;-50,709;"SPRF-PR";"DEL03-PR";"UOP03-DEL03-PR"
377359;2021-06-24;"quinta-feira";"18:30:00";"SC";101;113;"ITAJAI";"Ultrapassagem Indevida";"Colisão lateral mesmo sentido";"Com Vítimas Feridas";"Plena Noite";"Decrescente";"Nevoeiro/Neblina";"Dupla";"Reta";"Não";2;0;1;0;1;0;1;2;-26,85311393;-48,72689927;"SPRF-SC";"DEL04-SC";"UOP04-DEL04-SC"
377360;2021-08-15;"domingo";"22:25:00";"RN";101;84,6;"SAO GONCALO DO AMARANTE";"Pedestre cruzava a pista fora da faixa";"Atropelamento de Pedestre";"Com Vítimas Fatais";"Plena Noite";"Crescente";"Céu Claro";"Dupla";"Reta";"Sim";2;1;0;0;1;0;0;2;-5,774175;-35,2578;"SPRF-RN";"DEL02-RN";"UOP01-DEL02-RN"
377361;2021-08-15;"domingo";"11:30:00";"MG";365;156;"PIRAPORA";"Velocidade Incompatível";"Saída de leito carroçável";"Com Vítimas Feridas";"Pleno dia";"Decrescente";"Céu Claro";"Simples";"Reta";"Não";1;0;1;0;0;0;1;1;-17,33324402;-44,89769078;"SPRF-MG";"DEL12-MG";"UOP01-DEL12-MG"
377362;2021-07-05;"segunda-feira";"18:25:00";"SC";101;120;"ITAJAI";"Trafegar com motocicleta (ou similar) entre as faixas";"Colisão lateral mesmo sentido";"Com Vítimas Feridas";"Plena Noite";"Crescente";"Céu Claro";"Simples";"Reta";"Não";2;0;1;0;1;0;1;2;-26,912758;-48,711998;"SPRF-SC";"DEL04-SC";"UOP04-DEL04-SC"
377363;2021-08-15;"domingo";"22:00:00";"ES";101;259,8;"SERRA";"Demais falhas mecânicas ou elétricas";"Incêndio";"Sem Vítimas";"Plena Noite";"Crescente";"Céu Claro";"Dupla";"Curva";"Sim";1;0;0;0;1;0;0;1;-20,138397;-40,292213;"SPRF-ES";"DEL02-ES";"UOP01-DEL02-ES"
377364;2021-08-15;"domingo";"21:05:00";"PR";369;158;"LONDRINA";"Ingestão de álcool pelo condutor";"Saída de leito carroçável";"Sem Vítimas";"Plena Noite";"Decrescente";"Céu Claro";"Dupla";"Curva";"Não";1;0;0;0;1;0;0;1;-23,28573558;-51,2341994;"SPRF-PR";"DEL07-PR";"UOP01-DEL07-PR"
377365;2021-08-15;"domingo";"19:38:00";"RJ";101;233;"SILVA JARDIM";"Reação tardia ou ineficiente do condutor";"Capotamento";"Com Vítimas Feridas";"Plena Noite";"Crescente";"Céu Claro";"Dupla";"Reta";"Não";3;0;3;0;0;0;3;1;-22,59407603;-42,38669139;"SPRF-RJ";"DEL02-RJ";"UOP03-DEL02-RJ"
377366;2021-08-15;"domingo";"20:00:00";"AC";364;136;"RIO BRANCO";"Ingestão de álcool pelo condutor";"Colisão transversal";"Sem Vítimas";"Plena Noite";"Decrescente";"Céu Claro";"Dupla";"Rotatória";"Sim";5;0;0;0;5;0;0;2;-9,97715605;-67,84924507;"SPRF-AC";"DEL01-AC";"UOP01-DEL01-AC"
377369;2021-08-15;"domingo";"23:00:00";"AP";210;1;"MACAPA";"Ausência de reação do condutor";"Tombamento";"Sem Vítimas";"Plena Noite";"Decrescente";"Chuva";"Simples";"Interseção de Vias";"Sim";2;0;0;0;2;0;0;1;0,07816717;-51,06998693;"SPRF-AP";"DEL01-AP";"UOP01-DEL01-AP"
377374;2021-08-15;"domingo";"19:20:00";"PR";277;421,1;"CANTAGALO";"Acessar a via sem observar a presença dos outros veículos";"Colisão transversal";"Com Vítimas Feridas";"Plena Noite";"Crescente";"Céu Claro";"Simples";"Interseção de Vias";"Sim";2;0;2;0;0;0;2;2;-25,37784174;-52,12626457;"SPRF-PR";"DEL04-PR";"UOP02-DEL04-PR"
377375;2021-08-15;"domingo";"22:30:00";"RJ";40;109,7;"DUQUE DE CAXIAS";"Condutor Dormindo";"Colisão com objeto";"Com Vítimas Feridas";"Plena Noite";"Crescente";"Céu Claro";"Múltipla";"Reta";"Não";1;0;1;0;0;0;1;1;-22,679905;-43,286116;"SPRF-RJ";"DEL01-RJ";"UOP01-DEL01-RJ"
377377;2021-08-15;"domingo";"23:50:00";"SP";116;219;"GUARULHOS";"Condutor deixou de manter distância do veículo da frente";"Colisão lateral mesmo sentido";"Com Vítimas Feridas";"Plena Noite";"Decrescente";"Nublado";"Múltipla";"Reta";"Não";3;0;2;0;1;0;2;2;-23,46143954;-46,48885316;"SPRF-SP";"DEL01-SP";"UOP01-DEL01-SP"
377378;2021-08-15;"domingo";"22:45:00";"MS";163;483,9;"CAMPO GRANDE";"Ingestão de álcool pelo condutor";"Tombamento";"Com Vítimas Feridas";"Plena Noite";"Decrescente";"Céu Claro";"Simples";"Curva";"Sim";2;0;2;0;0;0;2;1;-20,45726263;-54,54671829;"SPRF-MS";"DEL01-MS";"UOP02-DEL01-MS"
377380;2021-08-15;"domingo";"21:50:00";"RJ";465;20;"NOVA IGUACU";"Transitar na contramão";"Colisão frontal";"Sem Vítimas";"Plena Noite";"Crescente";"Céu Claro";"Simples";"Reta";"Sim";5;0;0;0;2;3;0;2;-22,846828;-43,605339;"SPRF-RJ";"DEL03-RJ";"UOP01-DEL03-RJ"
377382;2021-08-16;"segunda-feira";"00:30:00";"SP";116;225,8;"GUARULHOS";"Reação tardia ou ineficiente do condutor";"Colisão traseira";"Com Vítimas Feridas";"Plena Noite";"Crescente";"Nublado";"Múltipla";"Reta";"Sim";5;0;1;0;3;1;1;2;-23,48586772;-46,54075317;"SPRF-SP";"DEL01-SP";"UOP01-DEL01-SP"
377383;2021-08-16;"segunda-feira";"00:05:00";"MG";116;704,6;"MURIAE";"Ausência de reação do condutor";"Colisão transversal";"Com Vítimas Feridas";"Plena Noite";"Decrescente";"Nublado";"Simples";"Interseção de Vias";"Sim";2;0;1;0;1;0;1;2;-21,12552649;-42,37547729;"SPRF-MG";"DEL07-MG";"UOP02-DEL07-MG"
377384;2021-08-15;"domingo";"22:50:00";"RJ";465;15;"NOVA IGUACU";"Reação tardia ou ineficiente do condutor";"Colisão com objeto";"Com Vítimas Feridas";"Plena Noite";"Crescente";"Céu Claro";"Simples";"Curva;Ponte";"Sim";2;0;1;0;1;0;1;2;-22,81163071;-43,62822175;"SPRF-RJ";"DEL01-RJ";"UOP03-DEL01-RJ"
377385;2021-08-16;"segunda-feira";"00:25:00";"SC";101;206,4;"SAO JOSE";"Ausência de sinalização";"Colisão traseira";"Com Vítimas Feridas";"Plena Noite";"Crescente";"Nublado";"Múltipla";"Reta";"Não";4;0;1;0;3;0;1;2;-27,59193546;-48,61824557;"SPRF-SC";"DEL01-SC";"UOP01-DEL01-SC"
377387;2021-08-16;"segunda-feira";"00:40:00";"ES";101;268;"SERRA";"Reação tardia ou ineficiente do condutor";"Colisão com objeto";"Com Vítimas Feridas";"Plena Noite";"Decrescente";"Nublado";"Múltipla";"Reta";"Sim";1;0;0;1;0;0;1;1;-20,20842;-40,269405;"SPRF-ES";"DEL02-ES";"UOP01-DEL02-ES"
377388;2021-08-16;"segunda-feira";"00:15:00";"MG";40;508,5;"RIBEIRAO DAS NEVES";"Transitar no acostamento";"Atropelamento de Pedestre";"Com Vítimas Feridas";"Plena Noite";"Crescente";"Céu Claro";"Dupla";"Curva";"Sim";2;0;0;2;0;0;2;2;-19,76061249;-44,1347544;"SPRF-MG";"DEL02-MG";"UOP01-DEL02-MG"
377391;2021-08-15;"domingo";"21:50:00";"PR";373;420,3;"CANDOI";"Demais falhas mecânicas ou elétricas";"Saída de leito carroçável";"Com Vítimas Feridas";"Plena Noite";"Crescente";"Céu Claro";"Simples";"Curva";"Não";5;0;3;0;2;0;3;1;-25,69481872;-52,16079429;"SPRF-PR";"DEL08-PR";"UOP01-DEL08-PR"
377392;2021-08-16;"segunda-feira";"00:30:00";"PR";476;272;"SAO MATEUS DO SUL";"Velocidade Incompatível";"Saída de leito carroçável";"Com Vítimas Feridas";"Plena Noite";"Decrescente";"Céu Claro";"Simples";"Reta";"Não";2;0;0;1;1;0;1;1;-25,894651;-50,358723;"SPRF-PR";"DEL02-PR";"UOP04-DEL02-PR"
377395;2021-08-16;"segunda-feira";"00:15:00";"TO";242;452;"FORMOSO DO ARAGUAIA";"Ausência de reação do condutor";"Queda de ocupante de veículo";"Com Vítimas Feridas";"Plena Noite";"Crescente";"Céu Claro";"Dupla";"Retorno Regulamentado";"Sim";1;0;0;1;0;0;1;1;-11,81588608;-49,52073804;"SPRF-TO";"DEL01-TO";"UOP02-DEL01-TO"
377397;2021-08-15;"domingo";"21:00:00";"SP";381;45;"ATIBAIA";"Ausência de reação do condutor";"Saída de leito carroçável";"Com Vítimas Feridas";"Plena Noite";"Decrescente";"Céu Claro";"Dupla";"Reta";"Sim";1;0;1;0;0;0;1;1;-23,17276025;-46,5772301;"SPRF-SP";"DEL03-SP";"UOP01-DEL03-SP"
377398;2021-08-16;"segunda-feira";"02:49:00";"MG";40;532;"BELO HORIZONTE";"Velocidade Incompatível";"Capotamento";"Sem Vítimas";"Plena Noite";"Crescente";"Céu Claro";"Dupla";"Reta";"Sim";1;0;0;0;0;1;0;1;-19,92439771;-44,01634477;"SPRF-MG";"DEL01-MG";"UOP02-DEL01-MG"
377399;2021-08-16;"segunda-feira";"03:00:00";"AL";423;69;"AGUA BRANCA";"Animais na Pista";"Atropelamento de Animal";"Com Vítimas Feridas";"Plena Noite";"Crescente";"Céu Claro";"Simples";"Reta";"Não";5;0;4;1;0;0;5;1;-9,3046927;-37,88936706;"SPRF-AL";"DEL03-AL";"UOP02-DEL03-AL"
377400;2021-08-16;"segunda-feira";"02:10:00";"SP";459;29;"LORENA";"Ausência de reação do condutor";"Colisão com objeto";"Com Vítimas Feridas";"Plena Noite";"Decrescente";"Nublado";"Simples";"Reta;Rotatória";"Sim";1;0;1;0;0;0;1;1;-22,71155007;-45,11191249;"SPRF-SP";"DEL08-SP";"UOP02-DEL08-SP"
377401;2021-08-16;"segunda-feira";"00:45:00";"RJ";116;181;"NOVA IGUACU";"Reação tardia ou ineficiente do condutor";"Colisão traseira";"Com Vítimas Feridas";"Plena Noite";"Decrescente";"Nublado";"Múltipla";"Reta";"Sim";6;0;1;0;4;1;1;2;-22,73942686;-43,46865177;"SPRF-RJ";"DEL01-RJ";"UOP02-DEL01-RJ"
377402;2021-08-16;"segunda-feira";"03:40:00";"RS";116;151;"CAXIAS DO SUL";"Ingestão de álcool pelo condutor";"Saída de leito carroçável";"Sem Vítimas";"Plena Noite";"Crescente";"Céu Claro";"Dupla";"Curva";"Sim";1;0;0;0;1;0;0;1;-29,17694502;-51,16173896;"SPRF-RS";"DEL05-RS";"UOP01-DEL05-RS"
377403;2021-08-16;"segunda-feira";"04:55:00";"MG";381;494,5;"BETIM";"Animais na Pista";"Atropelamento de Animal";"Com Vítimas Feridas";"Plena Noite";"Decrescente";"Céu Claro";"Dupla";"Reta";"Sim";1;0;1;0;0;0;1;1;-19,985563;-44,20318;"SPRF-MG";"DEL01-MG";"UOP03-DEL01-MG"