"id";"data_inversa";"dia_semana";"horario";"uf";"br";"km";"municipio";"causa_acidente";"tipo_acidente";"classificacao_acidente";"fase_dia";"sentido_via";"condicao_metereologica";"tipo_pista";"tracado_via";"uso_solo";"pessoas";"mortos";"feridos_leves";"feridos_graves";"ilesos";"ignorados";"feridos";"veiculos";"latitude";"longitude";"regional";"delegacia";"uop"
377519;2021-08-16;"segunda-feira";"17:00:00";"PE";101;49;"ABREU E LIMA";"Acessar a via sem observar a presença dos outros veículos";"Colisão transversal";"Com Vítimas Feridas";"Plena Noite";"Crescente";"Céu Claro";"Múltipla";"Retorno Regulamentado";"Sim";2;0;0;1;1;0;1;2;-7,9005152;-34,90180641;"SPRF-PE";"DEL01-PE";"UOP02-DEL01-PE"
377520;2021-08-16;"segunda-feira";"17:10:00";"CE";116;5,7;"FORTALEZA";"Reação tardia ou ineficiente do condutor";"Colisão com objeto";"Com Vítimas Feridas";"Anoitecer";"Crescente";"Céu Claro";"Dupla";"Aclive;Curva;Viaduto";"Sim";1;0;0;1;0;0;1;1;-3,80008006;-38,50644004;"SPRF-CE";"DEL01-CE";"UOP02-DEL01-CE"
377522;2021-08-16;"segunda-feira";"09:48:00";"MS";262;354;"CAMPO GRANDE";"Afundamento ou ondulação no pavimento";"Queda de ocupante de veículo";"Com Vítimas Feridas";"Pleno dia";"Crescente";"Céu Claro";"Simples";"Ponte";"Sim";2;0;0;1;1;0;1;1;-20,556599;-54,664516;"SPRF-MS";"DEL01-MS";"UOP03-DEL01-MS"
377523;2021-08-16;"segunda-feira";"17:40:00";"MG";381;481;"CONTAGEM";"Manobra de mudança de faixa";"Colisão traseira";"Sem Vítimas";"Anoitecer";"Crescente";"Céu Claro";"Dupla";"Reta";"Sim";2;0;0;0;2;0;0;2;-19,95931561;-44,08825597;"SPRF-MG";"DEL01-MG";"UOP03-DEL01-MG"
377524;2021-08-06;"sexta-feira";"19:40:00";"PE";423;55;"LAJEDO";"Pedestre cruzava a pista fora da faixa";"Atropelamento de Pedestre";"Sem Vítimas";"Plena Noite";"Decrescente";"Garoa/Chuvisco";"Simples";"Reta";"Sim";2;0;0;0;0;2;0;2;-8,61537298;-36,29867707;"SPRF-PE";"DEL03-PE";"UOP01-DEL03-PE"
377526;2021-08-16;"segunda-feira";"18:15:00";"MG";50;71;"UBERLANDIA";"Ingestão de álcool e/ou substâncias psicoativas pelo pedestre";"Engavetamento";"Sem Vítimas";"Pleno dia";"Decrescente";"Céu Claro";"Dupla";"Aclive;Reta";"Sim";3;0;0;0;3;0;0;3;-18,89211648;-48,25375557;"SPRF-MG";"DEL15-MG";"UOP01-DEL15-MG"
377527;2021-08-16;"segunda-feira";"18:00:00";"SP";116;225;"GUARULHOS";"Ausência de reação do condutor";"Tombamento";"Com Vítimas Feridas";"Anoitecer";"Decrescente";"Nublado";"Múltipla";"Reta";"Sim";1;0;0;1;0;0;1;1;-23,48586772;-46,54075317;"SPRF-SP";"DEL01-SP";"UOP01-DEL01-SP"
377529;2021-08-16;"segunda-feira";"18:20:00";"ES";101;66,2;"SAO MATEUS";"Reação tardia ou ineficiente do condutor";"Colisão transversal";"Com Vítimas Feridas";"Plena Noite";"Crescente";"Céu Claro";"Dupla";"Reta";"Sim";2;0;1;0;1;0;1;2;-18,7165195;-39,87436378;"SPRF-ES";"DEL04-ES";"UOP02-DEL04-ES"
377530;2021-07-11;"domingo";"15:15:00";"ES";101;68,4;"SAO MATEUS";"Reação tardia ou ineficiente do condutor";"Colisão traseira";"Com Vítimas Feridas";"Pleno dia";"Decrescente";"Sol";"Múltipla";"Reta";"Sim";2;0;0;1;1;0;1;2;-18,726597;-39,85975;"SPRF-ES";"DEL04-ES";"UOP02-DEL04-ES"
377531;2021-05-15;"sábado";"12:00:00";"MT";70;545;"VARZEA GRANDE";"Avarias e/ou desgaste excessivo no pneu";"Queda de ocupante de veículo";"Com Vítimas Feridas";"Pleno dia";"Decrescente";"Céu Claro";"Simples";"Reta";"Não";1;0;0;1;0;0;1;1;-15,67788997;-56,26128501;"SPRF-MT";"DEL03-MT";"UOP02-DEL03-MT"
377532;2021-08-16;"segunda-feira";"18:50:00";"MG";40;506;"RIBEIRAO DAS NEVES";"Desrespeitar a preferência no cruzamento";"Colisão transversal";"Com Vítimas Feridas";"Plena Noite";"Crescente";"Céu Claro";"Dupla";"Curva;Declive;Retorno Regulamentado";"Sim";2;0;0;1;1;0;1;2;-19,74716686;-44,14731173;"SPRF-MG";"DEL02-MG";"UOP01-DEL02-MG"
377534;2021-08-16;"segunda-feira";"18:20:00";"ES";101;297;"CARIACICA";"Iluminação deficiente";"Colisão traseira";"Com Vítimas Feridas";"Plena Noite";"Crescente";"Nublado";"Dupla";"Reta";"Não";2;0;0;1;1;0;1;2;-20,34529844;-40,41026774;"SPRF-ES";"DEL01-ES";"UOP01-DEL01-ES"
377535;2021-08-16;"segunda-feira";"18:10:00";"MG";381;591,2;"CARMOPOLIS DE MINAS";"Demais falhas mecânicas ou elétricas";"Incêndio";"Sem Vítimas";"Plena Noite";"Crescente";"Céu Claro";"Dupla";"Reta";"Não";1;0;0;0;1;0;0;1;-20,57257068;-44,68042133;"SPRF-MG";"DEL04-MG";"UOP01-DEL04-MG"
377536;2021-08-16;"segunda-feira";"16:30:00";"GO";364;115;"APARECIDA DO RIO DOCE";"Condutor deixou de manter distância do veículo da frente";"Colisão traseira";"Sem Vítimas";"Pleno dia";"Decrescente";"Céu Claro";"Simples";"Reta";"Não";6;0;0;0;4;2;0;3;-18,293097;-51,153309;"SPRF-GO";"DEL05-GO";"UOP01-DEL05-GO"
377538;2021-08-16;"segunda-feira";"10:11:00";"MG";262;95;"ABRE CAMPO";"Acessar a via sem observar a presença dos outros veículos";"Colisão traseira";"Com Vítimas Feridas";"Pleno dia";"Crescente";"Céu Claro";"Simples";"Reta";"Sim";2;0;1;0;1;0;1;2;-20,3007766;-42,47286782;"SPRF-MG";"DEL03-MG";"UOP03-DEL03-MG"
377539;2021-08-16;"segunda-feira";"18:40:00";"PE";101;80;"JABOATAO DOS GUARARAPES";"Área urbana sem a presença de local apropriado para a travessia de pedestres";"Atropelamento de Pedestre";"Com Vítimas Feridas";"Plena Noite";"Crescente";"Céu Claro";"Múltipla";"Reta";"Sim";2;0;0;1;1;0;1;2;-8,15112589;-34,9428866;"SPRF-PE";"DEL01-PE";"UOP01-DEL01-PE"
377540;2021-08-16;"segunda-feira";"16:00:00";"PE";316;339;"PETROLANDIA";"Ausência de reação do condutor";"Saída de leito carroçável";"Com Vítimas Feridas";"Pleno dia";"Decrescente";"Céu Claro";"Simples";"Reta";"Não";1;0;1;0;0;0;1;1;-8,78188444;-38,33648234;"SPRF-PE";"DEL04-PE";"UOP01-DEL04-PE"
377543;2021-08-16;"segunda-feira";"18:20:00";"RJ";116;187;"NOVA IGUACU";"Deficiência do Sistema de Iluminação/Sinalização";"Colisão lateral mesmo sentido";"Com Vítimas Feridas";"Plena Noite";"Decrescente";"Chuva";"Múltipla";"Reta";"Não";2;0;1;0;1;0;1;2;-22,73883756;-43,47245197;"SPRF-RJ";"DEL01-RJ";"UOP02-DEL01-RJ"
377546;2021-08-16;"segunda-feira";"19:40:00";"MG";116;737;"LARANJAL";"Desrespeitar a preferência no cruzamento";"Colisão transversal";"Sem Vítimas";"Plena Noite";"Crescente";"Céu Claro";"Simples";"Interseção de Vias";"Sim";2;0;0;0;1;1;0;2;-21,36878613;-42,47693589;"SPRF-MG";"DEL07-MG";"UOP02-DEL07-MG"
377547;2021-08-16;"segunda-feira";"13:45:00";"RS";290;260,8;"CACHOEIRA DO SUL";"Reação tardia ou ineficiente do condutor";"Saída de leito carroçável";"Com Vítimas Feridas";"Pleno dia";"Decrescente";"Céu Claro";"Simples";"Reta";"Não";1;0;1;0;0;0;1;1;-30,259363;-52,82523;"SPRF-RS";"DEL02-RS";"UOP03-DEL02-RS"
377548;2021-08-16;"segunda-feira";"18:55:00";"MS";163;363,2;"NOVA ALVORADA DO SUL";"Ausência de reação do condutor";"Colisão traseira";"Com Vítimas Feridas";"Plena Noite";"Decrescente";"Céu Claro";"Simples";"Reta";"Não";2;0;0;1;1;0;1;2;-21,48135205;-54,38904986;"SPRF-MS";"DEL02-MS";"UOP01-DEL02-MS"
377551;2021-07-06;"terça-feira";"06:50:00";"RO";364;385;"OURO PRETO DO OESTE";"Desrespeitar a preferência no cruzamento";"Colisão transversal";"Com Vítimas Feridas";"Pleno dia";"Decrescente";"Céu Claro";"Simples";"Reta";"Sim";2;0;1;0;1;0;1;2;-10,70819012;-62,25648014;"SPRF-RO";"DEL02-RO";"UOP01-DEL02-RO"
377552;2021-08-16;"segunda-feira";"18:30:00";"MG";267;273,6;"AIURUOCA";"Velocidade Incompatível";"Saída de leito carroçável";"Com Vítimas Fatais";"Plena Noite";"Decrescente";"Chuva";"Simples";"Reta";"Não";1;1;0;0;0;0;0;1;-21,93536969;-44,66495004;"SPRF-MG";"DEL17-MG";"UOP01-DEL17-MG"
377553;2021-08-16;"segunda-feira";"20:00:00";"SP";153;58;"SAO JOSE DO RIO PRETO";"Reação tardia ou ineficiente do condutor";"Tombamento";"Com Vítimas Feridas";"Plena Noite";"Crescente";"Céu Claro";"Simples";"Aclive";"Sim";1;0;1;0;0;0;1;1;-20,77838195;-49,35300538;"SPRF-SP";"DEL09-SP";"UOP01-DEL09-SP"
377554;2021-08-16;"segunda-feira";"20:00:00";"MG";262;390;"FLORESTAL";"Animais na Pista";"Saída de leito carroçável";"Sem Vítimas";"Plena Noite";"Decrescente";"Céu Claro";"Dupla";"Reta";"Não";1;0;0;0;1;0;0;1;-19,93170721;-44,45941636;"SPRF-MG";"DEL01-MG";"UOP03-DEL01-MG"
377555;2021-08-16;"segunda-feira";"18:30:00";"MG";40;35;"PARACATU";"Ingestão de álcool pelo condutor";"Colisão frontal";"Com Vítimas Feridas";"Plena Noite";"Decrescente";"Céu Claro";"Simples";"Declive;Reta";"Sim";4;0;2;0;2;0;2;3;-17,193207;-46,917147;"SPRF-MG";"DEL14-MG";"UOP01-DEL14-MG"
377557;2021-08-16;"segunda-feira";"11:10:00";"RJ";493;0;"ITABORAI";"Conversão proibida";"Colisão lateral mesmo sentido";"Com Vítimas Feridas";"Pleno dia";"Decrescente";"Céu Claro";"Simples";"Reta";"Sim";3;0;2;0;1;0;2;2;-22,77062;-42,92223;"SPRF-RJ";"DEL02-RJ";"UOP02-DEL02-RJ"
377558;2021-08-16;"segunda-feira";"18:40:00";"BA";367;83;"EUNAPOLIS";"Manobra de mudança de faixa";"Colisão frontal";"Com Vítimas Feridas";"Plena Noite";"Decrescente";"Céu Claro";"Simples";"Reta";"Não";2;0;0;2;0;0;2;2;-16,37256267;-39,57064408;"SPRF-BA";"DEL09-BA";"UOP01-DEL09-BA"
377559;2021-08-16;"segunda-feira";"18:48:00";"MG";40;531,2;"BELO HORIZONTE";"Entrada inopinada do pedestre";"Atropelamento de Pedestre";"Com Vítimas Feridas";"Plena Noite";"Decrescente";"Céu Claro";"Dupla";"Reta";"Sim";2;0;0;1;1;0;1;2;-19,91962483;-44,02522683;"SPRF-MG";"DEL01-MG";"UOP02-DEL01-MG"
377560;2021-08-16;"segunda-feira";"18:42:00";"PB";361;21;"SANTA TERESINHA";"Iluminação deficiente";"Atropelamento de Pedestre";"Com Vítimas Feridas";"Anoitecer";"Crescente";"Céu Claro";"Simples";"Reta";"Não";2;0;0;1;1;0;1;2;-7,087953;-37,518677;"SPRF-PB";"DEL03-PB";"UOP01-DEL03-PB"
377562;2021-08-16;"segunda-feira";"20:45:00";"CE";222;2;"FORTALEZA";"Condutor desrespeitou a iluminação vermelha do semáforo";"Colisão transversal";"Com Vítimas Feridas";"Plena Noite";"Decrescente";"Céu Claro";"Múltipla";"Interseção de Vias";"Sim";2;0;1;0;1;0;1;2;-3,73911117;-38,58687498;"SPRF-CE";"DEL01-CE";"UOP01-DEL01-CE"
377563;2021-08-16;"segunda-feira";"18:50:00";"RJ";40;78;"PETROPOLIS";"Chuva";"Saída de leito carroçável";"Com Vítimas Feridas";"Plena Noite";"Decrescente";"Chuva";"Simples";"Curva;Aclive";"Não";2;0;1;0;1;0;1;1;-22,48485874;-43,22843406;"SPRF-RJ";"DEL06-RJ";"UOP01-DEL06-RJ"
377567;2021-08-16;"segunda-feira";"20:00:00";"MA";10;252;"IMPERATRIZ";"Desrespeitar a preferência no cruzamento";"Colisão transversal";"Com Vítimas Feridas";"Plena Noite";"Crescente";"Céu Claro";"Simples";"Reta";"Sim";3;0;1;1;1;0;2;2;-5,53562;-47,469585;"SPRF-MA";"DEL04-MA";"UOP01-DEL04-MA"
377568;2021-08-16;"segunda-feira";"22:00:00";"SP";153;62,2;"SAO JOSE DO RIO PRETO";"Reação tardia ou ineficiente do condutor";"Tombamento";"Com Vítimas Feridas";"Plena Noite";"Decrescente";"Ignorado";"Dupla";"Declive";"Sim";1;0;0;1;0;0;1;1;-20,81325404;-49,35675563;"SPRF-SP";"DEL09-SP";"UOP01-DEL09-SP"
377570;2021-08-16;"segunda-feira";"20:55:00";"PR";163;284;"MARECHAL CANDIDO RONDON";"Ingestão de álcool pelo condutor";"Saída de leito carroçável";"Com Vítimas Feridas";"Plena Noite";"Decrescente";"Céu Claro";"Simples";"Reta";"Sim";1;0;1;0;0;0;1;1;-24,568102;-54,034168;"SPRF-PR";"DEL06-PR";"UOP02-DEL06-PR"
377571;2021-08-16;"segunda-feira";"21:22:00";"MG";381;681;"PERDOES";"Velocidade Incompatível";"Colisão com objeto";"Com Vítimas Feridas";"Plena Noite";"Crescente";"Chuva";"Dupla";"Declive;Curva";"Não";5;0;1;0;4;0;1;1;-21,16168571;-45,12045619;"SPRF-MG";"DEL04-MG";"UOP02-DEL04-MG"
377572;2021-06-25;"sexta-feira";"07:40:00";"RS";116;519,2;"PELOTAS";"Reação tardia ou ineficiente do condutor";"Colisão traseira";"Com Vítimas Feridas";"Amanhecer";"Decrescente";"Céu Claro";"Múltipla";"Rotatória";"Não";2;0;1;0;1;0;1;2;-31,69604003;-52,35706329;"SPRF-RS";"DEL07-RS";"UOP01-DEL07-RS"
377573;2021-08-16;"segunda-feira";"20:57:00";"MS";262;606;"MIRANDA";"Animais na Pista";"Saída de leito carroçável";"Com Vítimas Feridas";"Plena Noite";"Crescente";"Céu Claro";"Simples";"Reta";"Não";2;0;2;0;0;0;2;1;-20,05914612;-56,77506515;"SPRF-MS";"DEL03-MS";"UOP02-DEL03-MS"
377574;2021-08-16;"segunda-feira";"21:40:00";"DF";20;45;"BRASILIA";"Velocidade Incompatível";"Saída de leito carroçável";"Sem Vítimas";"Plena Noite";"Crescente";"Céu Claro";"Dupla";"Reta";"Não";1;0;0;0;0;1;0;1;-15,577153;-47,467113;"SPRF-DF";"DEL02-DF";"UOP01-DEL02-DF"
377577;2021-08-16;"segunda-feira";"20:30:00";"RJ";493;102;"SEROPEDICA";"Reação tardia ou ineficiente do condutor";"Colisão com objeto";"Com Vítimas Feridas";"Plena Noite";"Crescente";"Garoa/Chuvisco";"Dupla";"Reta";"Sim";1;0;1;0;0;0;1;1;-22,7382807;-43,72081578;"SPRF-RJ";"DEL03-RJ";"UOP01-DEL03-RJ"
377579;2021-08-16;"segunda-feira";"23:00:00";"SP";101;51,5;"UBATUBA";"Ingestão de álcool pelo condutor";"Colisão lateral mesmo sentido";"Com Vítimas Feridas";"Plena Noite";"Decrescente";"Nublado";"Simples";"Reta";"Sim";2;0;1;0;1;0;1;2;-23,45627795;-45,07111896;"SPRF-SP";"DEL06-SP";"UOP01-DEL06-SP"
377581;2021-08-16;"segunda-feira";"21:00:00";"GO";70;316;"JUSSARA";"Ausência de reação do condutor";"Atropelamento de Pedestre";"Com Vítimas Feridas";"Plena Noite";"Crescente";"Céu Claro";"Dupla";"Reta";"Sim";3;0;2;0;1;0;2;2;-15,87515793;-50,83717346;"SPRF-GO";"DEL04-GO";"UOP01-DEL04-GO"
377582;2021-08-16;"segunda-feira";"22:30:00";"MS";267;41;"BATAGUASSU";"Animais na Pista";"Atropelamento de Animal";"Com Vítimas Feridas";"Plena Noite";"Decrescente";"Céu Claro";"Simples";"Reta";"Não";2;0;2;0;0;0;2;1;-21,78480424;-52,51182869;"SPRF-MS";"DEL02-MS";"UOP04-DEL02-MS"
377585;2021-08-16;"segunda-feira";"22:03:00";"PE";232;79,5;"GRAVATA";"Ausência de reação do condutor";"Colisão frontal";"Com Vítimas Feridas";"Plena Noite";"Decrescente";"Céu Claro";"Simples";"Reta";"Sim";2;0;1;0;1;0;1;2;-8,19562546;-35,56517959;"SPRF-PE";"DEL02-PE";"UOP02-DEL02PE"
377587;2021-08-16;"segunda-feira";"23:30:00";"SC";470;176,9;"POUSO REDONDO";"Velocidade Incompatível";"Saída de leito carroçável";"Com Vítimas Feridas";"Pleno dia";"Crescente";"Nublado";"Simples";"Rotatória";"Não";3;0;1;0;2;0;1;1;-27,254238;-49,948658;"SPRF-SC";"DEL04-SC";"UOP02-DEL04-SC"
377590;2021-08-16;"segunda-feira";"23:52:00";"RJ";116;265;"BARRA MANSA";"Demais falhas mecânicas ou elétricas";"Colisão traseira";"Sem Vítimas";"Plena Noite";"Decrescente";"Nublado";"Dupla";"Reta";"Não";2;0;0;0;1;1;0;2;-22,58784914;-44,08578403;"SPRF-RJ";"DEL07-RJ";"UOP02-DEL07-RJ"
377595;2021-08-17;"terça-feira";"06:45:00";"PB";101;89,1;"JOAO PESSOA";"Acessar a via sem observar a presença dos outros veículos";"Engavetamento";"Com Vítimas Feridas";"Pleno dia";"Crescente";"Céu Claro";"Dupla";"Reta";"Sim";3;0;1;0;2;0;1;3;-7,1710694;-34,89765372;"SPRF-PB";"DEL01-PB";"UOP02-DEL01-PB"
377596;2021-08-16;"segunda-feira";"20:30:00";"MG";365;615;"UBERLANDIA";"Conversão proibida";"Colisão transversal";"Com Vítimas Feridas";"Plena Noite";"Decrescente";"Céu Claro";"Simples";"Reta";"Sim";2;0;1;0;1;0;1;2;-18,884602;-48,26594;"SPRF-MG";"DEL15-MG";"UOP01-DEL15-MG"
377597;2021-08-17;"terça-feira";"06:00:00";"MG";50;146,7;"UBERABA";"Velocidade Incompatível";"Saída de leito carroçável";"Com Vítimas Feridas";"Pleno dia";"Crescente";"Céu Claro";"Dupla";"Curva";"Não";1;0;1;0;0;0;1;1;-19,52881302;-48,03811615;"SPRF-MG";"DEL13-MG";"UOP01-DEL13-MG"
377598;2021-08-03;"terça-feira";"13:12:00";"MA";135;5;"SAO LUIS";"Entrada inopinada do pedestre";"Atropelamento de Pedestre";"Com Vítimas Feridas";"Pleno dia";"Decrescente";"Céu Claro";"Dupla";"Reta";"Não";2;0;0;1;1;0;1;2;-2,62145385;-44,25797421;"SPRF-MA";"DEL01-MA";"UOP01-DEL01-MA"
377599;2021-08-17;"terça-feira";"06:30:00";"PR";376;88;"PARANAVAI";"Reação tardia ou ineficiente do condutor";"Queda de ocupante de veículo";"Com Vítimas Feridas";"Amanhecer";"Crescente";"Céu Claro";"Simples";"Reta";"Não";1;0;1;0;0;0;1;1;-22,99527855;-52,58495389;"SPRF-PR";"DEL09-PR";"UOP02-DEL09-PR"
377600;2021-08-17;"terça-feira";"07:35:00";"RN";101;94;"NATAL";"Acessar a via sem observar a presença dos outros veículos";"Colisão transversal";"Sem Vítimas";"Pleno dia";"Crescente";"Céu Claro";"Dupla";"Reta";"Sim";1;0;0;0;1;0;0;1;-5,83176615;-35,21191342;"SPRF-RN";"DEL01-RN";"UOP01-DEL01-RN"
377601;2021-07-20;"terça-feira";"17:55:00";"PR";476;132;"CURITIBA";"Reação tardia ou ineficiente do condutor";"Colisão traseira";"Com Vítimas Feridas";"Anoitecer";"Decrescente";"Céu Claro";"Múltipla";"Reta";"Sim";4;0;1;0;1;2;1;3;-25,460718;-49,250488;"SPRF-PR";"DEL01-PR";"UOP03-DEL01-PR"
377602;2021-08-17;"terça-feira";"08:10:00";"PE";101;60;"RECIFE";"Frear bruscamente";"Colisão lateral mesmo sentido";"Com Vítimas Feridas";"Pleno dia";"Crescente";"Céu Claro";"Dupla";"Ponte";"Sim";3;0;1;0;0;2;1;3;-7,98344307;-34,93176727;"SPRF-PE";"DEL01-PE";"UOP02-DEL01-PE"
377604;2021-08-17;"terça-feira";"07:30:00";"DF";80;18,6;"BRASILIA";"Acessar a via sem observar a presença dos outros veículos";"Colisão traseira";"Com Vítimas Feridas";"Pleno dia";"Decrescente";"Céu Claro";"Dupla";"Reta";"Sim";3;0;1;0;2;0;1;2;-15,684259;-48,205139;"SPRF-DF";"DEL03-DF";"UOP02-DEL03-DF"
377605;2021-08-17;"terça-feira";"06:35:00";"RJ";101;322;"NITEROI";"Ausência de reação do condutor";"Tombamento";"Com Vítimas Feridas";"Pleno dia";"Crescente";"Garoa/Chuvisco";"Simples";"Curva";"Não";1;0;1;0;0;0;1;1;-22,878923;-43,110676;"SPRF-RJ";"DEL02-RJ";"UOP02-DEL02-RJ"
377607;2021-08-17;"terça-feira";"06:30:00";"MG";40;53;"PARACATU";"Velocidade Incompatível";"Saída de leito carroçável";"Com Vítimas Feridas";"Amanhecer";"Crescente";"Céu Claro";"Simples";"Reta";"Não";4;0;1;0;2;1;1;1;-17,26129772;-46,78619027;"SPRF-MG";"DEL14-MG";"UOP01-DEL14-MG"
377609;2021-08-17;"terça-feira";"07:00:00";"AL";101;178;"TEOTONIO VILELA";"Demais falhas na via";"Saída de leito carroçável";"Com Vítimas Feridas";"Pleno dia";"Crescente";"Céu Claro";"Dupla";"Reta";"Não";2;0;2;0;0;0;2;1;-9,88723897;-36,390828;"SPRF-AL";"DEL02-AL";"UOP02-DEL02-AL"
377610;2021-04-03;"sábado";"13:30:00";"PR";376;187;"MARIALVA";"Reação tardia ou ineficiente do condutor";"Colisão com objeto";"Com Vítimas Feridas";"Pleno dia";"Crescente";"Céu Claro";"Dupla";"Reta";"Não";2;0;0;1;1;0;1;1;-23,46307456;-51,83401644;"SPRF-PR";"DEL09-PR";"UOP01-DEL09-PR"
377611;2021-08-17;"terça-feira";"07:50:00";"GO";153;500,8;"GOIANIA";"Reação tardia ou ineficiente do condutor";"Colisão traseira";"Com Vítimas Feridas";"Pleno dia";"Crescente";"Céu Claro";"Dupla";"Reta";"Sim";3;0;0;1;2;0;1;3;-16,7118;-49,2324;"SPRF-GO";"DEL01-GO";"UOP01-DEL01-GO"
377612;2021-08-17;"terça-feira";"07:00:00";"MA";10;257,8;"IMPERATRIZ";"Acessar a via sem observar a presença dos outros veículos";"Colisão transversal";"Com Vítimas Feridas";"Pleno dia";"Decrescente";"Céu Claro";"Simples";"Reta";"Sim";2;0;0;1;1;0;1;2;-5,490634;-47,471973;"SPRF-MA";"DEL04-MA";"UOP01-DEL04-MA"
377616;2021-08-17;"terça-feira";"07:10:00";"BA";101;41,5;"ESPLANADA";"Condutor Dormindo";"Saída de leito carroçável";"Com Vítimas Fatais";"Pleno dia";"Crescente";"Nublado";"Simples";"Curva";"Não";2;1;1;0;0;0;1;1;-11,818936;-37,974076;"SPRF-SE";"DEL02-SE";"UOP03-DEL02-SE"
377617;2021-08-17;"terça-feira";"08:40:00";"GO";60;31;"ALEXANIA";"Ingestão de álcool pelo condutor";"Colisão transversal";"Com Vítimas Feridas";"Pleno dia";"Crescente";"Céu Claro";"Dupla";"Reta";"Sim";2;0;1;0;0;1;1;2;-16,0963;-48,5202;"SPRF-DF";"DEL03-DF";"UOP01-DEL03-DF"
377618;2021-08-17;"terça-feira";"08:20:00";"AP";210;4;"MACAPA";"Reação tardia ou ineficiente do condutor";"Colisão traseira";"Com Vítimas Feridas";"Pleno dia";"Decrescente";"Céu Claro";"Dupla";"Retorno Regulamentado";"Sim";3;0;1;0;2;0;1;2;0,08824228;-51,09472897;"SPRF-AP";"DEL01-AP";"UOP01-DEL01-AP"
377622;2021-08-17;"terça-feira";"08:17:00";"MG";40;509;"RIBEIRAO DAS NEVES";"Velocidade Incompatível";"Colisão com objeto";"Com Vítimas Feridas";"Pleno dia";"Decrescente";"Céu Claro";"Dupla";"Reta";"Sim";2;0;0;1;1;0;1;2;-19,76728744;-44,12855905;"SPRF-MG";"DEL01-MG";"UOP02-DEL01-MG"
377623;2021-08-17;"terça-feira";"08:40:00";"GO";40;12,5;"VALPARAISO DE GOIAS";"Manobra de mudança de faixa";"Colisão lateral mesmo sentido";"Sem Vítimas";"Pleno dia";"Crescente";"Céu Claro";"Dupla";"Reta";"Sim";2;0;0;0;1;1;0;2;-16,145123;-47,945382;"SPRF-DF";"DEL01-DF";"UOP01-DEL01-DF"
377624;2021-08-17;"terça-feira";"06:20:00";"AC";364;136;"RIO BRANCO";"Reação tardia ou ineficiente do condutor";"Colisão traseira";"Com Vítimas Feridas";"Pleno dia";"Crescente";"Céu Claro";"Dupla";"Rotatória";"Não";2;0;0;1;1;0;1;2;-9,977578;-67,8489;"SPRF-AC";"DEL01-AC";"UOP01-DEL01-AC"
377625;2021-08-17;"terça-feira";"09:15:00";"PR";277;640,9;"CEU AZUL";"Demais falhas mecânicas ou elétricas";"Saída de leito carroçável";"Com Vítimas Feridas";"Pleno dia";"Crescente";"Céu Claro";"Simples";"Reta";"Não";5;0;5;0;0;0;5;1;-25,17177706;-53,85868345;"SPRF-PR";"DEL05-PR";"UOP02-DEL05-PR"
377626;2021-07-27;"terça-feira";"16:00:00";"PA";422;21;"NOVO REPARTIMENTO";"Demais falhas na via";"Saída de leito carroçável";"Sem Vítimas";"Pleno dia";"Crescente";"Céu Claro";"Simples";"Curva";"Não";4;0;0;0;4;0;0;1;-4,12383623;-49,86422861;"SPRF-PA";"DEL03-PA";"UOP01-DEL03-PA"
377627;2021-08-17;"terça-feira";"09:25:00";"PR";376;180,5;"MARINGA";"Manobra de mudança de faixa";"Colisão lateral mesmo sentido";"Com Vítimas Feridas";"Pleno dia";"Decrescente";"Céu Claro";"Dupla";"Reta";"Sim";4;0;1;0;3;0;1;3;-23,42725352;-51,89512271;"SPRF-PR";"DEL09-PR";"UOP01-DEL09-PR"
377629;2021-08-17;"terça-feira";"07:20:00";"MS";267;22,4;"BATAGUASSU";"Reação tardia ou ineficiente do condutor";"Tombamento";"Com Vítimas Feridas";"Pleno dia";"Decrescente";"Céu Claro";"Simples";"Reta";"Não";2;0;1;0;1;0;1;2;-21,72718453;-52,35493602;"SPRF-MS";"DEL02-MS";"UOP04-DEL02-MS"
377630;2021-08-17;"terça-feira";"08:10:00";"AC";364;132;"RIO BRANCO";"Desrespeitar a preferência no cruzamento";"Colisão lateral mesmo sentido";"Com Vítimas Feridas";"Pleno dia";"Crescente";"Céu Claro";"Simples";"Rotatória";"Sim";2;0;1;0;1;0;1;2;-10,01005063;-67,84552927;"SPRF-AC";"DEL01-AC";"UOP01-DEL01-AC"
377631;2021-08-17;"terça-feira";"09:20:00";"RN";405;50,2;"APODI";"Mal súbito do condutor";"Saída de leito carroçável";"Com Vítimas Feridas";"Pleno dia";"Decrescente";"Céu Claro";"Simples";"Reta";"Não";1;0;1;0;0;0;1;1;-5,45989385;-37,67511621;"SPRF-RN";"DEL04-RN";"UOP02-DEL04-RN"
377632;2021-08-16;"segunda-feira";"20:25:00";"BA";324;400,1;"NOVA FATIMA";"Transitar na contramão";"Colisão frontal";"Com Vítimas Feridas";"Plena Noite";"Crescente";"Céu Claro";"Simples";"Reta";"Não";4;0;2;1;0;1;3;3;-11,58016749;-39,65805445;"SPRF-BA";"DEL04-BA";"UOP02-DEL04-BA"
377633;2021-08-17;"terça-feira";"09:41:00";"PE";104;30,4;"TORITAMA";"Acessar a via sem observar a presença dos outros veículos";"Colisão frontal";"Com Vítimas Feridas";"Pleno dia";"Decrescente";"Céu Claro";"Simples";"Interseção de Vias";"Sim";3;0;1;0;2;0;1;2;-8,0137;-36,0565;"SPRF-PE";"DEL02-PE";"UOP01-DEL02-PE"