"id";"data_inversa";"dia_semana";"horario";"uf";"br";"km";"municipio";"causa_acidente";"tipo_acidente";"classificacao_acidente";"fase_dia";"sentido_via";"condicao_metereologica";"tipo_pista";"tracado_via";"uso_solo";"pessoas";"mortos";"feridos_leves";"feridos_graves";"ilesos";"ignorados";"feridos";"veiculos";"latitude";"longitude";"regional";"delegacia";"uop"
377634;2021-06-05;"sábado";"11:00:00";"PR";277;110;"CAMPO LARGO";"Reação tardia ou ineficiente do condutor";"Tombamento";"Com Vítimas Feridas";"Pleno dia";"Crescente";"Sol";"Dupla";"Reta";"Não";1;0;0;1;0;0;1;1;-25,44625996;-49,36369775;"SPRF-PR";"DEL01-PR";"UOP03-DEL03-PR"
377635;2021-07-19;"segunda-feira";"01:20:00";"TO";153;691;"CARIRI DO TOCANTINS";"Ultrapassagem Indevida";"Colisão frontal";"Com Vítimas Fatais";"Plena Noite";"Decrescente";"Céu Claro";"Simples";"Reta";"Não";7;1;3;2;1;0;5;2;-11,87927125;-49,16052146;"SPRF-TO";"DEL01-TO";"UOP02-DEL01-TO"
377637;2021-08-17;"terça-feira";"11:10:00";"PI";343;38;"BURITI DOS LOPES";"Avarias e/ou desgaste excessivo no pneu";"Saída de leito carroçável";"Com Vítimas Feridas";"Pleno dia";"Crescente";"Céu Claro";"Simples";"Declive;Reta";"Não";2;0;2;0;0;0;2;1;-3,136565;-41,792385;"SPRF-PI";"DEL05-PI";"UOP01-DEL05-PI"
377638;2021-08-17;"terça-feira";"10:15:00";"RJ";101;416;"MANGARATIBA";"Reação tardia ou ineficiente do condutor";"Colisão traseira";"Sem Vítimas";"Pleno dia";"Crescente";"Céu Claro";"Dupla";"Reta";"Não";2;0;0;0;2;0;0;2;-22,90729503;-43,89024997;"SPRF-RJ";"DEL03-RJ";"UOP03-DEL03-RJ"
377639;2021-06-09;"quarta-feira";"07:59:00";"BA";116;11,5;"VITORIA DA CONQUISTA";"Ausência de reação do condutor";"Tombamento";"Com Vítimas Feridas";"Pleno dia";"Crescente";"Céu Claro";"Simples";"Reta";"Sim";1;0;1;0;0;0;1;1;-14,872045;-40,871557;"SPRF-BA";"DEL08-BA";"UOP01-DEL08-BA"
377640;2021-01-07;"quinta-feira";"22:00:00";"PR";277;4;"PARANAGUA";"Desrespeitar a preferência no cruzamento";"Queda de ocupante de veículo";"Sem Vítimas";"Plena Noite";"Crescente";"Ignorado";"Dupla";"Interseção de Vias;Reta";"Sim";2;0;0;0;1;1;0;2;-25,536121;-48,5307803;"SPRF-PR";"DEL01-PR";"UOP05-DEL01-PR"
377642;2021-08-17;"terça-feira";"11:10:00";"SC";101;207;"SAO JOSE";"Pedestre cruzava a pista fora da faixa";"Atropelamento de Pedestre";"Com Vítimas Feridas";"Pleno dia";"Crescente";"Céu Claro";"Múltipla";"Viaduto;Interseção de Vias";"Sim";2;0;1;0;1;0;1;2;-27,60001226;-48,6226467;"SPRF-SC";"DEL01-SC";"UOP01-DEL01-SC"
377645;2021-08-17;"terça-feira";"11:30:00";"MT";364;548;"ROSARIO OESTE";"Reação tardia ou ineficiente do condutor";"Saída de leito carroçável";"Com Vítimas Feridas";"Pleno dia";"Decrescente";"Céu Claro";"Dupla";"Curva";"Não";2;0;2;0;0;0;2;1;-14,86197218;-56,45603069;"SPRF-MT";"DEL01-MT";"UOP01-DEL01-MT"
377650;2021-08-17;"terça-feira";"10:00:00";"MS";163;628;"SAO GABRIEL DO OESTE";"Condutor deixou de manter distância do veículo da frente";"Colisão traseira";"Com Vítimas Feridas";"Pleno dia";"Crescente";"Céu Claro";"Simples";"Reta";"Não";2;0;1;0;1;0;1;2;-19,29924106;-54,63020007;"SPRF-MS";"DEL06-MS";"UOP02-DEL06-MS"
377652;2021-08-17;"terça-feira";"11:40:00";"PR";277;584;"CASCAVEL";"Acessar a via sem observar a presença dos outros veículos";"Colisão transversal";"Com Vítimas Feridas";"Pleno dia";"Crescente";"Sol";"Dupla";"Reta";"Sim";2;0;2;0;0;0;2;2;-24,96684176;-53,40258186;"SPRF-PR";"DEL04-PR";"UOP01-DEL04-PR"
377653;2021-08-17;"terça-feira";"10:40:00";"PE";232;4;"RECIFE";"Reação tardia ou ineficiente do condutor";"Atropelamento de Pedestre";"Com Vítimas Fatais";"Pleno dia";"Decrescente";"Céu Claro";"Dupla";"Reta";"Sim";2;1;0;0;0;1;0;2;-8,065098;-34,937902;"SPRF-PE";"DEL01-PE";"UOP01-DEL01-PE"
377655;2021-08-17;"terça-feira";"13:00:00";"ES";262;165,4;"IBATIBA";"Transitar na contramão";"Colisão lateral sentido oposto";"Com Vítimas Fatais";"Pleno dia";"Crescente";"Céu Claro";"Simples";"Reta";"Não";3;1;0;0;2;0;0;2;-20,24911466;-41,55151398;"SPRF-ES";"DEL01-ES";"UOP02-DEL01-ES"
377658;2021-08-17;"terça-feira";"13:20:00";"GO";70;0;"AGUAS LINDAS DE GOIAS";"Ausência de reação do condutor";"Capotamento";"Com Vítimas Feridas";"Pleno dia";"Decrescente";"Céu Claro";"Dupla";"Curva";"Sim";1;0;1;0;0;0;1;1;-15,783543;-48,2326;"SPRF-DF";"DEL03-DF";"UOP02-DEL03-DF"
377662;2021-08-17;"terça-feira";"13:20:00";"RS";285;104,7;"VACARIA";"Demais falhas mecânicas ou elétricas";"Saída de leito carroçável";"Com Vítimas Fatais";"Pleno dia";"Crescente";"Céu Claro";"Simples";"Curva";"Não";2;1;1;0;0;0;1;1;-28,54488;-50,790276;"SPRF-RS";"DEL05-RS";"UOP03-DEL05-RS"
377663;2021-08-17;"terça-feira";"14:15:00";"ES";101;122;"SOORETAMA";"Condutor Dormindo";"Saída de leito carroçável";"Com Vítimas Feridas";"Pleno dia";"Crescente";"Céu Claro";"Simples";"Reta";"Não";5;0;1;0;4;0;1;1;-19,16016593;-40,08315314;"SPRF-ES";"DEL04-ES";"UOP01-DEL04-ES"
377666;2021-08-17;"terça-feira";"14:50:00";"GO";40;21,2;"LUZIANIA";"Velocidade Incompatível";"Saída de leito carroçável";"Com Vítimas Feridas";"Pleno dia";"Decrescente";"Sol";"Dupla";"Curva;Declive";"Sim";1;0;0;1;0;0;1;1;-16,218542;-47,915731;"SPRF-DF";"DEL01-DF";"UOP01-DEL01-DF"
377668;2021-08-17;"terça-feira";"15:00:00";"GO";60;173,4;"GOIANIA";"Reação tardia ou ineficiente do condutor";"Colisão traseira";"Com Vítimas Feridas";"Pleno dia";"Decrescente";"Céu Claro";"Dupla";"Aclive;Reta";"Não";2;0;0;1;1;0;1;2;-16,7423;-49,415;"SPRF-GO";"DEL01-GO";"UOP02-DEL01-GO"
377670;2021-07-29;"quinta-feira";"07:27:00";"RJ";116;180;"NOVA IGUACU";"Transitar no acostamento";"Colisão traseira";"Sem Vítimas";"Pleno dia";"Decrescente";"Céu Claro";"Dupla";"Reta";"Sim";1;0;0;0;0;1;0;1;-22,7651616;-43,4154728;"SPRF-RJ";"DEL01-RJ";"UOP02-DEL01-RJ"
377671;2021-08-17;"terça-feira";"13:30:00";"MG";354;754,5;"ITAMONTE";"Desrespeitar a preferência no cruzamento";"Colisão frontal";"Com Vítimas Feridas";"Pleno dia";"Decrescente";"Céu Claro";"Simples";"Reta";"Sim";2;0;1;0;1;0;1;2;-22,30480233;-44,85575196;"SPRF-MG";"DEL17-MG";"UOP01-DEL17-MG"
377672;2021-08-17;"terça-feira";"15:00:00";"DF";60;30;"BRASILIA";"Manobra de mudança de faixa";"Colisão lateral mesmo sentido";"Com Vítimas Feridas";"Pleno dia";"Decrescente";"Céu Claro";"Dupla";"Reta";"Sim";1;0;1;0;0;0;1;1;-16,03854;-48,255955;"SPRF-DF";"DEL03-DF";"UOP01-DEL03-DF"
377673;2021-08-17;"terça-feira";"15:15:00";"SP";116;465;"PARIQUERA-ACU";"Ausência de reação do condutor";"Colisão lateral mesmo sentido";"Com Vítimas Feridas";"Pleno dia";"Decrescente";"Céu Claro";"Simples";"Reta";"Não";2;0;1;0;1;0;1;2;-24,64732921;-47,92236328;"SPRF-SP";"DEL05-SP";"UOP01-DEL05-SP"
377674;2021-08-17;"terça-feira";"15:45:00";"RS";386;343,7;"LAJEADO";"Acessar a via sem observar a presença dos outros veículos";"Colisão transversal";"Com Vítimas Feridas";"Pleno dia";"Decrescente";"Céu Claro";"Simples";"Reta";"Sim";2;0;1;0;1;0;1;2;-29,434835;-52,002365;"SPRF-RS";"DEL04-RS";"UOP01-DEL04-RS"
377675;2021-07-28;"quarta-feira";"21:55:00";"PR";376;148;"PRESIDENTE CASTELO BRANCO";"Ausência de reação do condutor";"Saída de leito carroçável";"Com Vítimas Feridas";"Plena Noite";"Crescente";"Céu Claro";"Dupla";"Reta";"Não";1;0;0;1;0;0;1;1;-23,29240034;-52,12692808;"SPRF-PR";"DEL09-PR";"UOP02-DEL09-PR"
377676;2021-08-17;"terça-feira";"16:00:00";"GO";60;28;"ALEXANIA";"Demais falhas mecânicas ou elétricas";"Incêndio";"Sem Vítimas";"Pleno dia";"Crescente";"Céu Claro";"Dupla";"Reta";"Não";1;0;0;0;1;0;0;1;-16,0963;-48,5202;"SPRF-DF";"DEL03-DF";"UOP01-DEL03-DF"
377677;2021-08-17;"terça-feira";"08:45:00";"BA";116;214;"EUCLIDES DA CUNHA";"Velocidade Incompatível";"Tombamento";"Com Vítimas Feridas";"Pleno dia";"Crescente";"Céu Claro";"Simples";"Reta";"Não";1;0;1;0;0;0;1;1;-10,53635011;-38,99914229;"SPRF-BA";"DEL07-BA";"UOP02-DEL07-BA"
377678;2021-08-17;"terça-feira";"16:15:00";"PE";104;63;"CARUARU";"Manobra de mudança de faixa";"Tombamento";"Com Vítimas Feridas";"Pleno dia";"Decrescente";"Céu Claro";"Múltipla";"Reta";"Sim";2;0;1;0;1;0;1;2;-8,26654518;-35,97861528;"SPRF-PE";"DEL02-PE";"UOP01-DEL02-PE"
377679;2021-08-17;"terça-feira";"16:30:00";"SC";282;5;"SAO JOSE";"Condutor deixou de manter distância do veículo da frente";"Colisão traseira";"Com Vítimas Feridas";"Pleno dia";"Crescente";"Céu Claro";"Múltipla";"Reta";"Sim";2;0;0;1;1;0;1;2;-27,588425;-48,612919;"SPRF-SC";"DEL01-SC";"UOP01-DEL01-SC"
377680;2021-08-17;"terça-feira";"16:30:00";"SP";153;63,1;"SAO JOSE DO RIO PRETO";"Reação tardia ou ineficiente do condutor";"Colisão traseira";"Com Vítimas Feridas";"Pleno dia";"Crescente";"Céu Claro";"Dupla";"Em Obras;Reta";"Sim";3;0;1;0;2;0;1;2;-20,82149698;-49,35764818;"SPRF-SP";"DEL09-SP";"UOP01-DEL09-SP"
377681;2021-08-17;"terça-feira";"16:00:00";"PR";476;115,5;"COLOMBO";"Condutor deixou de manter distância do veículo da frente";"Colisão traseira";"Com Vítimas Feridas";"Pleno dia";"Decrescente";"Céu Claro";"Simples";"Reta";"Sim";2;0;1;0;1;0;1;2;-25,344196;-49,159679;"SPRF-PR";"DEL01-PR";"UOP02-DEL01-PR"
377682;2021-08-17;"terça-feira";"16:50:00";"PR";476;146,9;"ARAUCARIA";"Velocidade Incompatível";"Colisão traseira";"Com Vítimas Feridas";"Pleno dia";"Decrescente";"Céu Claro";"Dupla";"Reta";"Não";3;0;2;0;1;0;2;2;-25,551186;-49,330109;"SPRF-PR";"DEL01-PR";"UOP03-DEL01-PR"
377683;2021-07-18;"domingo";"18:25:00";"SC";101;322;"PESCARIA BRAVA";"Acessar a via sem observar a presença dos outros veículos";"Colisão transversal";"Com Vítimas Feridas";"Plena Noite";"Crescente";"Céu Claro";"Simples";"Reta";"Sim";2;0;0;1;1;0;1;2;-28,42491971;-48,90238108;"SPRF-SC";"DEL02-SC";"UOP01-DEL02-SC"
377688;2021-08-17;"terça-feira";"16:55:00";"MS";463;19;"DOURADOS";"Acessar a via sem observar a presença dos outros veículos";"Colisão traseira";"Com Vítimas Feridas";"Pleno dia";"Crescente";"Céu Claro";"Simples";"Reta";"Não";4;0;1;1;1;1;2;3;-22,25336769;-54,97736422;"SPRF-MS";"DEL04-MS";"UOP01-DEL04-MS"
377689;2021-08-17;"terça-feira";"18:00:00";"RN";406;150;"CEARA-MIRIM";"Acessar a via sem observar a presença dos outros veículos";"Colisão lateral mesmo sentido";"Com Vítimas Feridas";"Plena Noite";"Decrescente";"Céu Claro";"Simples";"Reta";"Sim";2;0;0;1;1;0;1;2;-5,64974982;-35,43234997;"SPRF-RN";"DEL02-RN";"UOP01-DEL02-RN"
377690;2021-08-17;"terça-feira";"19:30:00";"SP";116;180;"SANTA ISABEL";"Pedestre cruzava a pista fora da faixa";"Atropelamento de Pedestre";"Com Vítimas Feridas";"Plena Noite";"Decrescente";"Céu Claro";"Dupla";"Curva";"Não";2;0;0;1;1;0;1;2;-23,336372;-46,14513;"SPRF-SP";"DEL01-SP";"UOP01-DEL01-SP"
377691;2021-08-17;"terça-feira";"17:50:00";"PB";230;14;"CABEDELO";"Reação tardia ou ineficiente do condutor";"Engavetamento";"Com Vítimas Feridas";"Anoitecer";"Crescente";"Céu Claro";"Dupla";"Reta";"Sim";6;0;2;0;3;1;2;5;-7,0844;-34,8488;"SPRF-PB";"DEL01-PB";"UOP01-DEL01-PB"
377692;2021-08-17;"terça-feira";"17:20:00";"PR";277;723,3;"FOZ DO IGUACU";"Manobra de mudança de faixa";"Colisão traseira";"Com Vítimas Feridas";"Anoitecer";"Decrescente";"Céu Claro";"Dupla";"Retorno Regulamentado";"Sim";2;0;0;1;1;0;1;2;-25,49878215;-54,52985294;"SPRF-PR";"DEL05-PR";"UOP03-DEL05-PR"
377694;2021-08-17;"terça-feira";"15:15:00";"PR";153;410;"PAULO FRONTIN";"Acessar a via sem observar a presença dos outros veículos";"Colisão transversal";"Com Vítimas Feridas";"Pleno dia";"Decrescente";"Céu Claro";"Simples";"Reta";"Não";4;0;1;2;1;0;3;2;-26,04160897;-50,82689384;"SPRF-PR";"DEL02-PR";"UOP04-DEL02-PR"
377695;2021-08-17;"terça-feira";"17:40:00";"PR";277;132;"BALSA NOVA";"Manobra de mudança de faixa";"Colisão lateral mesmo sentido";"Sem Vítimas";"Anoitecer";"Crescente";"Céu Claro";"Múltipla";"Reta";"Não";2;0;0;0;2;0;0;2;-25,47365315;-49,69871521;"SPRF-PR";"DEL01-PR";"UOP03-DEL03-PR"
377696;2021-08-17;"terça-feira";"16:10:00";"SP";116;290;"ITAPECERICA DA SERRA";"Acessar a via sem observar a presença dos outros veículos";"Colisão traseira";"Com Vítimas Feridas";"Pleno dia";"Crescente";"Céu Claro";"Dupla";"Reta";"Sim";3;0;1;0;2;0;1;2;-23,7303281;-46,89425963;"SPRF-SP";"DEL04-SP";"UOP01-DEL04-SP"
377697;2021-08-17;"terça-feira";"17:50:00";"SP";381;46;"ATIBAIA";"Carga excessiva e/ou mal acondicionada";"Engavetamento";"Com Vítimas Feridas";"Plena Noite";"Decrescente";"Céu Claro";"Múltipla";"Reta";"Sim";11;0;1;0;9;1;1;5;-23,180897;-46,580777;"SPRF-SP";"DEL03-SP";"UOP01-DEL03-SP"
377698;2021-08-17;"terça-feira";"18:00:00";"SP";116;269;"TABOAO DA SERRA";"Entrada inopinada do pedestre";"Atropelamento de Pedestre";"Com Vítimas Feridas";"Plena Noite";"Crescente";"Céu Claro";"Dupla";"Reta";"Sim";5;0;2;0;3;0;2;3;-23,61593059;-46,78826044;"SPRF-SP";"DEL04-SP";"UOP01-DEL04-SP"
377699;2021-08-17;"terça-feira";"18:45:00";"GO";153;620;"MORRINHOS";"Animais na Pista";"Atropelamento de Animal";"Com Vítimas Feridas";"Plena Noite";"Crescente";"Céu Claro";"Dupla";"Aclive";"Não";2;0;1;0;1;0;1;1;-17,7218;-49,1547;"SPRF-GO";"DEL03-GO";"UOP01-DEL03-GO"
377701;2021-08-17;"terça-feira";"18:34:00";"PR";116;115;"CURITIBA";"Trafegar com motocicleta (ou similar) entre as faixas";"Colisão lateral mesmo sentido";"Com Vítimas Feridas";"Plena Noite";"Decrescente";"Céu Claro";"Múltipla";"Reta";"Sim";2;0;2;0;0;0;2;2;-25,55953326;-49,26560414;"SPRF-PR";"DEL01-PR";"UOP01-DEL01-PR"
377702;2021-08-17;"terça-feira";"18:10:00";"SC";0;0;"ASCURRA";"Acessar a via sem observar a presença dos outros veículos";"Colisão frontal";"Com Vítimas Feridas";"Plena Noite";"Não Informado";"Céu Claro";"Simples";"Interseção de Vias";"Sim";3;0;0;2;1;0;2;2;-26,948483;-49,366833;"SPRF-SC";"DEL04-SC";"UOP01-DEL04-SC"
377703;2021-08-17;"terça-feira";"18:20:00";"GO";153;294,6;"RIALMA";"Manobra de mudança de faixa";"Saída de leito carroçável";"Com Vítimas Feridas";"Anoitecer";"Crescente";"Céu Claro";"Simples";"Reta";"Não";1;0;1;0;0;0;1;1;-15,241663;-49,556767;"SPRF-GO";"DEL02-GO";"UOP02-DEL02-GO"
377704;2021-08-17;"terça-feira";"18:40:00";"SC";282;0,1;"FLORIANOPOLIS";"Velocidade Incompatível";"Colisão lateral mesmo sentido";"Com Vítimas Feridas";"Pleno dia";"Crescente";"Céu Claro";"Múltipla";"Reta";"Sim";4;0;2;0;1;1;2;4;-27,59845;-48,571995;"SPRF-SC";"DEL01-SC";"UOP01-DEL01-SC"
377705;2021-08-17;"terça-feira";"16:25:00";"SC";163;69,4;"SAO MIGUEL DO OESTE";"Reação tardia ou ineficiente do condutor";"Colisão transversal";"Com Vítimas Feridas";"Pleno dia";"Decrescente";"Céu Claro";"Dupla";"Reta";"Sim";2;0;1;0;1;0;1;2;-26,74132699;-53,50120591;"SPRF-SC";"DEL07-SC";"UOP03-DEL07-SC"
377707;2021-08-17;"terça-feira";"18:20:00";"ES";101;377;"ICONHA";"Pedestre andava na pista";"Atropelamento de Pedestre";"Com Vítimas Feridas";"Plena Noite";"Crescente";"Céu Claro";"Simples";"Curva";"Sim";3;0;3;0;0;0;3;2;-20,794271;-40,811726;"SPRF-ES";"DEL03-ES";"UOP01-DEL03-ES"
377709;2021-07-16;"sexta-feira";"11:55:00";"PR";163;187;"SANTA TEREZA DO OESTE";"Mal súbito do condutor";"Saída de leito carroçável";"Com Vítimas Feridas";"Pleno dia";"Crescente";"Nublado";"Dupla";"Reta";"Não";1;0;1;0;0;0;1;1;-25,11915107;-53,58556566;"SPRF-PR";"DEL05-PR";"UOP05-DEL05-PR"
377710;2021-08-07;"sábado";"11:33:00";"RS";471;647;"SANTA VITORIA DO PALMAR";"Velocidade Incompatível";"Colisão traseira";"Com Vítimas Feridas";"Pleno dia";"Crescente";"Céu Claro";"Simples";"Reta";"Não";2;0;1;0;0;1;1;2;-33,45406;-53,271996;"SPRF-RS";"DEL07-RS";"UOP04-DEL07-RS"
377711;2021-08-17;"terça-feira";"19:00:00";"MG";354;712,4;"CAXAMBU";"Transitar na contramão";"Colisão frontal";"Com Vítimas Feridas";"Plena Noite";"Crescente";"Céu Claro";"Simples";"Reta";"Não";2;0;1;0;1;0;1;2;-22,04873198;-44,92665648;"SPRF-MG";"DEL17-MG";"UOP01-DEL17-MG"
377712;2021-08-17;"terça-feira";"19:30:00";"ES";101;270,8;"SERRA";"Velocidade Incompatível";"Queda de ocupante de veículo";"Com Vítimas Feridas";"Plena Noite";"Crescente";"Céu Claro";"Dupla";"Curva";"Sim";1;0;1;0;0;0;1;1;-20,22662056;-40,27075088;"SPRF-ES";"DEL02-ES";"UOP01-DEL02-ES"
377715;2021-08-17;"terça-feira";"18:20:00";"PE";424;91;"GARANHUNS";"Ingestão de álcool e/ou substâncias psicoativas pelo pedestre";"Atropelamento de Pedestre";"Com Vítimas Feridas";"Plena Noite";"Decrescente";"Céu Claro";"Simples";"Reta";"Sim";2;0;0;1;0;1;1;2;-8,90409633;-36,49974647;"SPRF-PE";"DEL03-PE";"UOP01-DEL03-PE"
377716;2021-08-17;"terça-feira";"18:28:00";"PR";277;583,1;"CASCAVEL";"Velocidade Incompatível";"Colisão lateral mesmo sentido";"Com Vítimas Feridas";"Anoitecer";"Crescente";"Céu Claro";"Dupla";"Reta";"Não";1;0;1;0;0;0;1;1;-24,97165493;-53,39428595;"SPRF-PR";"DEL04-PR";"UOP01-DEL04-PR"
377717;2021-08-17;"terça-feira";"19:33:00";"PB";101;39;"MAMANGUAPE";"Animais na Pista";"Colisão com objeto";"Com Vítimas Feridas";"Plena Noite";"Crescente";"Céu Claro";"Dupla";"Reta";"Sim";2;0;1;0;1;0;1;1;-6,82975098;-35,13756194;"SPRF-PB";"DEL01-PB";"UOP04-DEL01-PB"
377718;2021-08-17;"terça-feira";"17:25:00";"PR";369;143;"LONDRINA";"Ausência de reação do condutor";"Colisão traseira";"Com Vítimas Feridas";"Anoitecer";"Crescente";"Céu Claro";"Simples";"Reta;Declive";"Não";2;0;1;0;1;0;1;2;-23,29272968;-51,09516978;"SPRF-PR";"DEL07-PR";"UOP01-DEL07-PR"
377719;2021-08-17;"terça-feira";"19:30:00";"SP";116;225;"GUARULHOS";"Avarias e/ou desgaste excessivo no pneu";"Queda de ocupante de veículo";"Com Vítimas Feridas";"Plena Noite";"Decrescente";"Céu Claro";"Dupla";"Reta";"Sim";2;0;0;1;1;0;1;1;-23,48586772;-46,54075317;"SPRF-SP";"DEL01-SP";"UOP01-DEL01-SP"
377720;2021-08-17;"terça-feira";"20:00:00";"PR";373;247,1;"GUAMIRANGA";"Desrespeitar a preferência no cruzamento";"Colisão transversal";"Com Vítimas Feridas";"Plena Noite";"Crescente";"Céu Claro";"Simples";"Reta";"Sim";5;0;3;0;2;0;3;2;-25,18801567;-50,81229514;"SPRF-PR";"DEL03-PR";"UOP04-DEL03-PR"
377721;2021-08-03;"terça-feira";"12:30:00";"SC";101;361;"SANGAO";"Condutor deixou de manter distância do veículo da frente";"Colisão traseira";"Com Vítimas Feridas";"Pleno dia";"Decrescente";"Céu Claro";"Simples";"Reta";"Sim";2;0;1;0;1;0;1;2;-28,66584041;-49,1146566;"SPRF-SC";"DEL02-SC";"UOP01-DEL02-SC"
377722;2021-08-17;"terça-feira";"19:45:00";"MG";381;456,6;"BELO HORIZONTE";"Manobra de mudança de faixa";"Colisão lateral mesmo sentido";"Com Vítimas Feridas";"Plena Noite";"Crescente";"Céu Claro";"Dupla";"Aclive;Retorno Regulamentado;Reta";"Sim";3;0;2;1;0;0;3;2;-19,8450536;-43,8867512;"SPRF-MG";"DEL01-MG";"UOP01-DEL01-MG"
377723;2021-08-17;"terça-feira";"08:30:00";"MA";10;71;"CAROLINA";"Condutor Dormindo";"Colisão com objeto";"Com Vítimas Fatais";"Pleno dia";"Decrescente";"Céu Claro";"Simples";"Reta";"Não";2;1;0;1;0;0;1;1;-7,030204;-47,449081;"SPRF-MA";"DEL04-MA";"UOP02-DEL04-MA"
377727;2021-08-17;"terça-feira";"17:30:00";"MG";365;207;"BURITIZEIRO";"Avarias e/ou desgaste excessivo no pneu";"Queda de ocupante de veículo";"Com Vítimas Feridas";"Pleno dia";"Crescente";"Céu Claro";"Simples";"Reta";"Não";2;0;2;0;0;0;2;1;-17,53314771;-45,28491709;"SPRF-MG";"DEL12-MG";"UOP01-DEL12-MG"
377728;2021-08-17;"terça-feira";"20:00:00";"SP";116;269;"TABOAO DA SERRA";"Reação tardia ou ineficiente do condutor";"Colisão lateral mesmo sentido";"Com Vítimas Feridas";"Plena Noite";"Crescente";"Céu Claro";"Dupla";"Reta";"Sim";2;0;1;0;1;0;1;2;-23,61593059;-46,78826044;"SPRF-SP";"DEL04-SP";"UOP01-DEL04-SP"
377729;2021-08-17;"terça-feira";"21:00:00";"PR";376;150;"PRESIDENTE CASTELO BRANCO";"Transitar na contramão";"Colisão com objeto";"Com Vítimas Feridas";"Plena Noite";"Decrescente";"Céu Claro";"Múltipla";"Reta";"Não";1;0;0;1;0;0;1;1;-23,30300223;-52,11227146;"SPRF-PR";"DEL09-PR";"UOP01-DEL09-PR"
377732;2021-08-17;"terça-feira";"21:10:00";"PR";376;291,5;"MAUA DA SERRA";"Acessar a via sem observar a presença dos outros veículos";"Atropelamento de Pedestre";"Com Vítimas Feridas";"Plena Noite";"Crescente";"Céu Claro";"Dupla";"Reta";"Sim";2;0;1;0;1;0;1;2;-23,907572;-51,192665;"SPRF-PR";"DEL07-PR";"UOP02-DEL07-PR"
377734;2021-07-28;"quarta-feira";"10:50:00";"PB";230;162,2;"CAMPINA GRANDE";"Retorno proibido";"Colisão transversal";"Com Vítimas Feridas";"Pleno dia";"Decrescente";"Nublado";"Simples";"Declive;Curva";"Não";3;0;1;1;1;0;2;2;-7,2277;-35,9439;"SPRF-PB";"DEL02-PB";"UOP01-DEL02-PB"
377737;2021-08-17;"terça-feira";"22:55:00";"RS";290;214,2;"PANTANO GRANDE";"Desrespeitar a preferência no cruzamento";"Colisão transversal";"Com Vítimas Feridas";"Plena Noite";"Decrescente";"Céu Claro";"Simples";"Interseção de Vias";"Sim";2;0;0;1;1;0;1;2;-30,186422;-52,356377;"SPRF-RS";"DEL02-RS";"UOP03-DEL02-RS"
377739;2021-08-17;"terça-feira";"22:40:00";"MS";267;233,6;"NOVA ALVORADA DO SUL";"Condutor Dormindo";"Saída de leito carroçável";"Com Vítimas Feridas";"Plena Noite";"Crescente";"Céu Claro";"Simples";"Reta";"Não";2;0;1;1;0;0;2;1;-21,5150621;-54,24001607;"SPRF-MS";"DEL02-MS";"UOP01-DEL02-MS"
377741;2021-08-02;"segunda-feira";"07:30:00";"MT";163;688;"LUCAS DO RIO VERDE";"Desrespeitar a preferência no cruzamento";"Colisão transversal";"Com Vítimas Feridas";"Pleno dia";"Crescente";"Céu Claro";"Dupla";"Rotatória;Retorno Regulamentado;Interseção de Vias";"Sim";2;0;1;0;1;0;1;2;-13,17535188;-55,98243627;"SPRF-MT";"DEL06-MT";"UOP01-DEL06-MT"
377742;2021-08-18;"quarta-feira";"00:30:00";"SP";116;223;"GUARULHOS";"Velocidade Incompatível";"Colisão com objeto";"Com Vítimas Feridas";"Plena Noite";"Decrescente";"Ignorado";"Dupla";"Reta";"Sim";2;0;1;0;0;1;1;2;-23,47559815;-46,5246609;"SPRF-SP";"DEL01-SP";"UOP01-DEL01-SP"
377743;2021-08-17;"terça-feira";"23:30:00";"SP";116;270,9;"TABOAO DA SERRA";"Condutor Dormindo";"Colisão lateral mesmo sentido";"Sem Vítimas";"Plena Noite";"Crescente";"Céu Claro";"Dupla";"Reta";"Sim";2;0;0;0;2;0;0;2;-23,61799728;-46,79677694;"SPRF-SP";"DEL04-SP";"UOP01-DEL04-SP"
377745;2021-08-17;"terça-feira";"23:10:00";"MG";116;276,1;"TEOFILO OTONI";"Velocidade Incompatível";"Tombamento";"Com Vítimas Feridas";"Plena Noite";"Decrescente";"Céu Claro";"Simples";"Reta";"Sim";1;0;0;1;0;0;1;1;-17,85105696;-41,51454492;"SPRF-MG";"DEL11-MG";"UOP01-DEL11-MG"
377749;2021-08-18;"quarta-feira";"01:50:00";"RJ";40;81;"PETROPOLIS";"Pedestre andava na pista";"Atropelamento de Pedestre";"Com Vítimas Feridas";"Plena Noite";"Decrescente";"Céu Claro";"Dupla";"Curva";"Não";2;0;1;0;1;0;1;2;-22,50560003;-43,23186384;"SPRF-RJ";"DEL06-RJ";"UOP01-DEL06-RJ"
377750;2021-08-18;"quarta-feira";"02:10:00";"RS";386;106,5;"SAO JOSE DAS MISSOES";"Obstrução na via";"Colisão com objeto";"Sem Vítimas";"Plena Noite";"Crescente";"Céu Claro";"Simples";"Reta";"Não";3;0;0;0;3;0;0;1;-27,75610988;-53,12555574;"SPRF-RS";"DEL08-RS";"UOP01-DEL08-RS"