"id";"data_inversa";"dia_semana";"horario";"uf";"br";"km";"municipio";"causa_acidente";"tipo_acidente";"classificacao_acidente";"fase_dia";"sentido_via";"condicao_metereologica";"tipo_pista";"tracado_via";"uso_solo";"pessoas";"mortos";"feridos_leves";"feridos_graves";"ilesos";"ignorados";"feridos";"veiculos";"latitude";"longitude";"regional";"delegacia";"uop"
377999;2021-08-19;"quinta-feira";"11:00:00";"RR";174;225;"RORAINOPOLIS";"Reação tardia ou ineficiente do condutor";"Saída de leito carroçável";"Com Vítimas Feridas";"Pleno dia";"Decrescente";"Chuva";"Simples";"Reta";"Não";2;0;1;0;1;0;1;1;1,050354;-60,382626;"SPRF-RR";"DEL01-RR";"UOP01-DEL01-RR"
378000;2021-08-19;"quinta-feira";"14:20:00";"ES";101;143,1;"LINHARES";"Acessar a via sem observar a presença dos outros veículos";"Colisão traseira";"Com Vítimas Feridas";"Pleno dia";"Decrescente";"Céu Claro";"Dupla";"Reta";"Sim";2;0;1;0;1;0;1;2;-19,34286596;-40,0638568;"SPRF-ES";"DEL04-ES";"UOP01-DEL04-ES"
378002;2021-08-10;"terça-feira";"17:53:00";"MA";135;8;"SAO LUIS";"Retorno proibido";"Colisão transversal";"Com Vítimas Feridas";"Anoitecer";"Decrescente";"Céu Claro";"Dupla";"Declive";"Sim";3;0;0;2;1;0;2;2;-2,64342093;-44,27374175;"SPRF-MA";"DEL01-MA";"UOP01-DEL01-MA"
378003;2021-08-19;"quinta-feira";"14:45:00";"RS";116;241,8;"SAO LEOPOLDO";"Condutor deixou de manter distância do veículo da frente";"Colisão traseira";"Sem Vítimas";"Pleno dia";"Crescente";"Céu Claro";"Dupla";"Reta";"Sim";2;0;0;0;2;0;0;2;-29,71396796;-51,1476744;"SPRF-RS";"DEL01-RS";"UOP02-DEL01-RS"
378004;2021-08-04;"quarta-feira";"20:55:00";"RS";116;38,7;"VACARIA";"Ingestão de álcool pelo condutor";"Colisão frontal";"Com Vítimas Feridas";"Plena Noite";"Decrescente";"Céu Claro";"Simples";"Reta";"Sim";2;0;1;0;1;0;1;2;-28,50548;-50,92516;"SPRF-RS";"DEL05-RS";"UOP03-DEL05-RS"
378005;2021-08-19;"quinta-feira";"14:50:00";"MG";381;205,7;"PERIQUITO";"Obstrução na via";"Colisão com objeto";"Com Vítimas Feridas";"Pleno dia";"Crescente";"Nublado";"Simples";"Reta";"Não";1;0;1;0;0;0;1;1;-19,18341488;-42,26315975;"SPRF-MG";"DEL06-MG";"UOP01-DEL06-MG"
378007;2021-08-19;"quinta-feira";"11:30:00";"RR";174;219;"RORAINOPOLIS";"Acumulo de água sobre o pavimento";"Saída de leito carroçável";"Com Vítimas Feridas";"Pleno dia";"Decrescente";"Chuva";"Simples";"Aclive";"Não";1;0;1;0;0;0;1;1;1,003281;-60,404072;"SPRF-RR";"DEL01-RR";"UOP01-DEL01-RR"
378008;2021-08-19;"quinta-feira";"12:20:00";"PE";101;99;"CABO DE SANTO AGOSTINHO";"Reação tardia ou ineficiente do condutor";"Queda de ocupante de veículo";"Com Vítimas Feridas";"Pleno dia";"Decrescente";"Nublado";"Simples";"Curva";"Sim";1;0;0;1;0;0;1;1;-8,26025316;-35,04629883;"SPRF-PE";"DEL01-PE";"UOP01-DEL01-PE"
378011;2021-08-19;"quinta-feira";"15:00:00";"SC";101;201,8;"SAO JOSE";"Trafegar com motocicleta (ou similar) entre as faixas";"Colisão lateral mesmo sentido";"Com Vítimas Feridas";"Pleno dia";"Crescente";"Céu Claro";"Dupla";"Reta";"Não";3;0;1;0;2;0;1;3;-27,54836599;-48,61977975;"SPRF-SC";"DEL01-SC";"UOP01-DEL01-SC"
378015;2021-08-19;"quinta-feira";"10:00:00";"MA";316;450;"PERITORO";"Condutor deixou de manter distância do veículo da frente";"Saída de leito carroçável";"Com Vítimas Feridas";"Pleno dia";"Crescente";"Céu Claro";"Simples";"Reta";"Não";3;0;3;0;0;0;3;1;-4,491364;-44,145054;"SPRF-MA";"DEL03-MA";"UOP01-DEL03-MA"
378016;2021-08-19;"quinta-feira";"15:05:00";"SC";470;70,8;"INDAIAL";"Acessar a via sem observar a presença dos outros veículos";"Colisão transversal";"Com Vítimas Feridas";"Pleno dia";"Crescente";"Sol";"Simples";"Reta;Em Obras";"Sim";2;0;0;1;1;0;1;2;-26,889374;-49,254478;"SPRF-SC";"DEL04-SC";"UOP01-DEL04-SC"
378019;2021-08-19;"quinta-feira";"15:54:00";"PR";369;176;"ROLANDIA";"Acumulo de óleo sobre o pavimento";"Tombamento";"Com Vítimas Feridas";"Pleno dia";"Decrescente";"Céu Claro";"Simples";"Reta;Interseção de Vias";"Sim";1;0;1;0;0;0;1;1;-23,33739686;-51,38820154;"SPRF-PR";"DEL07-PR";"UOP01-DEL07-PR"
378020;2021-07-04;"domingo";"18:30:00";"MA";230;275;"LORETO";"Pedestre andava na pista";"Atropelamento de Pedestre";"Com Vítimas Fatais";"Anoitecer";"Decrescente";"Céu Claro";"Simples";"Reta";"Não";2;1;0;0;1;0;0;2;-6,85546267;-45,17319485;"SPRF-MA";"DEL05-MA";"UOP01-DEL05-MA"
378021;2021-08-19;"quinta-feira";"15:10:00";"SC";101;119,5;"ITAJAI";"Reação tardia ou ineficiente do condutor";"Colisão lateral mesmo sentido";"Com Vítimas Feridas";"Pleno dia";"Crescente";"Nublado";"Dupla";"Reta";"Sim";2;0;1;0;1;0;1;2;-26,9043179;-48,71555481;"SPRF-SC";"DEL04-SC";"UOP04-DEL04-SC"
378024;2021-08-19;"quinta-feira";"14:45:00";"PR";158;519;"PATO BRANCO";"Demais falhas mecânicas ou elétricas";"Saída de leito carroçável";"Com Vítimas Feridas";"Pleno dia";"Decrescente";"Céu Claro";"Simples";"Reta";"Não";1;0;1;0;0;0;1;1;-26,10060199;-52,64367598;"SPRF-PR";"DEL02-PR";"UOP01-DEL02-PR"
378027;2021-08-19;"quinta-feira";"16:05:00";"SC";101;205;"SAO JOSE";"Trafegar com motocicleta (ou similar) entre as faixas";"Colisão lateral mesmo sentido";"Com Vítimas Feridas";"Pleno dia";"Decrescente";"Céu Claro";"Dupla";"Reta";"Não";2;0;1;0;1;0;1;2;-27,58313237;-48,61532885;"SPRF-SC";"DEL01-SC";"UOP01-DEL01-SC"
378028;2021-08-19;"quinta-feira";"16:45:00";"BA";116;562;"BREJOES";"Ultrapassagem Indevida";"Colisão com objeto";"Sem Vítimas";"Pleno dia";"Decrescente";"Céu Claro";"Simples";"Reta;Declive";"Não";1;0;0;0;1;0;0;1;-12,94874529;-39,91604463;"SPRF-BA";"DEL03-BA";"UOP02-DEL03-BA"
378030;2021-08-19;"quinta-feira";"16:40:00";"SC";101;216,5;"PALHOCA";"Acessar a via sem observar a presença dos outros veículos";"Colisão transversal";"Com Vítimas Feridas";"Pleno dia";"Decrescente";"Céu Claro";"Múltipla";"Interseção de Vias;Retorno Regulamentado";"Sim";3;0;1;1;1;0;2;2;-27,6638029;-48,6753881;"SPRF-SC";"DEL01-SC";"UOP02-DEL01-SC"
378033;2021-08-19;"quinta-feira";"16:50:00";"DF";40;0;"BRASILIA";"Manobra de mudança de faixa";"Colisão traseira";"Com Vítimas Feridas";"Pleno dia";"Crescente";"Céu Claro";"Dupla";"Reta";"Sim";2;0;1;0;0;1;1;2;-15,976897;-47,990129;"SPRF-DF";"DEL01-DF";"UOP01-DEL01-DF"
378035;2021-08-19;"quinta-feira";"17:01:00";"SP";116;230,5;"SAO PAULO";"Carga excessiva e/ou mal acondicionada";"Colisão com objeto";"Com Vítimas Feridas";"Pleno dia";"Decrescente";"Nublado";"Múltipla";"Declive";"Sim";2;0;1;0;1;0;1;2;-23,52251783;-46,5855702;"SPRF-SP";"DEL01-SP";"UOP01-DEL01-SP"
378036;2021-08-19;"quinta-feira";"14:30:00";"GO";153;577;"PROFESSOR JAMIL";"Velocidade Incompatível";"Saída de leito carroçável";"Com Vítimas Feridas";"Pleno dia";"Decrescente";"Céu Claro";"Dupla";"Curva";"Não";1;0;0;1;0;0;1;1;-17,362;-49,2477;"SPRF-GO";"DEL03-GO";"UOP01-DEL03-GO"
378037;2021-08-19;"quinta-feira";"15:50:00";"PA";222;192;"BOM JESUS DO TOCANTINS";"Pista esburacada";"Saída de leito carroçável";"Com Vítimas Feridas";"Pleno dia";"Crescente";"Sol";"Simples";"Reta";"Não";2;0;1;0;1;0;1;1;-5,107154;-48,762516;"SPRF-PA";"DEL03-PA";"UOP01-DEL03-PA"
378038;2021-08-19;"quinta-feira";"16:30:00";"PR";376;589,5;"CURITIBA";"Ausência de reação do condutor";"Colisão traseira";"Sem Vítimas";"Pleno dia";"Crescente";"Nublado";"Dupla";"Declive";"Sim";2;0;0;0;2;0;0;2;-25,44273905;-49,36419842;"SPRF-PR";"DEL01-PR";"UOP01-DEL01-PR"
378039;2021-05-23;"domingo";"18:00:00";"MG";381;480,7;"CONTAGEM";"Ingestão de álcool pelo condutor";"Tombamento";"Com Vítimas Feridas";"Anoitecer";"Decrescente";"Ignorado";"Dupla";"Curva";"Sim";1;0;0;1;0;0;1;1;-19,95844465;-44,05811548;"SPRF-MG";"DEL01-MG";"UOP03-DEL01-MG"
378043;2021-08-19;"quinta-feira";"17:40:00";"SC";101;215,8;"PALHOCA";"Velocidade Incompatível";"Colisão traseira";"Com Vítimas Feridas";"Pleno dia";"Decrescente";"Céu Claro";"Múltipla";"Reta";"Sim";2;0;1;0;1;0;1;2;-27,65184843;-48,67604941;"SPRF-SC";"DEL01-SC";"UOP02-DEL01-SC"
378044;2021-08-19;"quinta-feira";"17:30:00";"SC";101;149,5;"ITAPEMA";"Reação tardia ou ineficiente do condutor";"Tombamento";"Com Vítimas Feridas";"Pleno dia";"Decrescente";"Nublado";"Simples";"Reta";"Sim";1;0;1;0;0;0;1;1;-27,1089649;-48,61277586;"SPRF-SC";"DEL04-SC";"UOP03-DEL04-SC"
378045;2021-06-21;"segunda-feira";"15:20:00";"BA";101;284;"LAJE";"Acesso irregular";"Colisão lateral mesmo sentido";"Com Vítimas Feridas";"Pleno dia";"Decrescente";"Céu Claro";"Simples";"Reta";"Não";3;0;2;0;1;0;2;2;-13,26062292;-39,32435125;"SPRF-BA";"DEL01-BA";"UOP02-DEL01-BA"
378047;2021-08-19;"quinta-feira";"18:10:00";"ES";101;146,7;"LINHARES";"Reação tardia ou ineficiente do condutor";"Colisão traseira";"Com Vítimas Feridas";"Plena Noite";"Decrescente";"Céu Claro";"Dupla";"Reta";"Sim";2;0;1;0;1;0;1;2;-19,36990998;-40,06560718;"SPRF-ES";"DEL04-ES";"UOP01-DEL04-ES"
378049;2021-08-19;"quinta-feira";"18:10:00";"SE";101;99;"SAO CRISTOVAO";"Reação tardia ou ineficiente do condutor";"Colisão com objeto";"Com Vítimas Feridas";"Plena Noite";"Crescente";"Nublado";"Simples";"Curva;Aclive";"Não";1;0;0;1;0;0;1;1;-10,93360681;-37,18950023;"SPRF-SE";"DEL02-SE";"UOP01-DEL02-SE"
378050;2021-08-19;"quinta-feira";"18:00:00";"SC";101;119,2;"ITAJAI";"Manobra de mudança de faixa";"Colisão lateral mesmo sentido";"Com Vítimas Feridas";"Anoitecer";"Crescente";"Nublado";"Dupla";"Reta";"Sim";2;0;1;0;1;0;1;2;-26,9043179;-48,71555481;"SPRF-SC";"DEL04-SC";"UOP04-DEL04-SC"
378051;2021-08-19;"quinta-feira";"18:15:00";"MG";40;740,6;"SANTOS DUMONT";"Acessar a via sem observar a presença dos outros veículos";"Colisão transversal";"Com Vítimas Feridas";"Plena Noite";"Decrescente";"Nublado";"Simples";"Curva";"Não";2;0;0;1;1;0;1;2;-21,39953901;-43,56507286;"SPRF-MG";"DEL05-MG";"UOP01-DEL05-MG"
378052;2021-08-19;"quinta-feira";"18:30:00";"SP";116;228;"SAO PAULO";"Ultrapassagem Indevida";"Colisão lateral mesmo sentido";"Com Vítimas Feridas";"Plena Noite";"Crescente";"Nublado";"Múltipla";"Reta";"Não";1;0;1;0;0;0;1;1;-23,50343484;-46,56638712;"SPRF-SP";"DEL01-SP";"UOP01-DEL01-SP"
378056;2021-07-18;"domingo";"08:10:00";"ES";101;260,5;"SERRA";"Transitar na contramão";"Colisão frontal";"Com Vítimas Feridas";"Pleno dia";"Crescente";"Sol";"Múltipla";"Curva";"Sim";2;0;1;1;0;0;2;2;-20,14616415;-40,28836206;"SPRF-ES";"DEL02-ES";"UOP01-DEL02-ES"
378058;2021-08-19;"quinta-feira";"17:10:00";"PR";277;583,4;"CASCAVEL";"Condutor deixou de manter distância do veículo da frente";"Colisão traseira";"Com Vítimas Feridas";"Pleno dia";"Crescente";"Céu Claro";"Dupla";"Reta";"Sim";2;0;1;0;1;0;1;2;-24,97165493;-53,39428595;"SPRF-PR";"DEL04-PR";"UOP01-DEL04-PR"
378059;2021-08-19;"quinta-feira";"18:25:00";"PR";369;149;"LONDRINA";"Manobra de mudança de faixa";"Colisão lateral mesmo sentido";"Com Vítimas Feridas";"Plena Noite";"Crescente";"Céu Claro";"Dupla";"Reta";"Sim";3;0;0;1;2;0;1;3;-23,29289991;-51,15447342;"SPRF-PR";"DEL07-PR";"UOP01-DEL07-PR"
378060;2021-08-19;"quinta-feira";"19:00:00";"PR";376;169,9;"MARINGA";"Ausência de reação do condutor";"Colisão traseira";"Com Vítimas Feridas";"Plena Noite";"Crescente";"Céu Claro";"Dupla";"Reta";"Não";2;0;1;0;1;0;1;2;-23,41293401;-51,98354301;"SPRF-PR";"DEL09-PR";"UOP01-DEL09-PR"
378061;2021-08-19;"quinta-feira";"18:50:00";"ES";262;142,3;"MUNIZ FREIRE";"Ingestão de álcool pelo condutor";"Colisão frontal";"Sem Vítimas";"Plena Noite";"Crescente";"Céu Claro";"Simples";"Declive;Curva";"Não";3;0;0;0;3;0;0;2;-20,22866414;-41,38595101;"SPRF-ES";"DEL01-ES";"UOP02-DEL01-ES"
378063;2021-08-19;"quinta-feira";"17:20:00";"SC";101;327,2;"CAPIVARI DE BAIXO";"Desrespeitar a preferência no cruzamento";"Colisão transversal";"Com Vítimas Feridas";"Pleno dia";"Decrescente";"Céu Claro";"Simples";"Rotatória";"Sim";2;0;1;0;1;0;1;2;-28,43458156;-48,95816803;"SPRF-SC";"DEL02-SC";"UOP01-DEL02-SC"
378065;2021-08-19;"quinta-feira";"18:20:00";"PE";407;129;"PETROLINA";"Acessar a via sem observar a presença dos outros veículos";"Colisão lateral mesmo sentido";"Com Vítimas Feridas";"Plena Noite";"Crescente";"Céu Claro";"Dupla";"Rotatória";"Sim";2;0;1;0;1;0;1;2;-9,39958299;-40,50459298;"SPRF-PE";"DEL06-PE";"UOP01-DEL06-PE"
378066;2021-08-19;"quinta-feira";"19:00:00";"SC";282;5;"SAO JOSE";"Condutor deixou de manter distância do veículo da frente";"Colisão lateral mesmo sentido";"Com Vítimas Feridas";"Plena Noite";"Crescente";"Nublado";"Múltipla";"Reta";"Sim";2;0;1;0;1;0;1;2;-27,588425;-48,612919;"SPRF-SC";"DEL01-SC";"UOP01-DEL01-SC"
378068;2021-08-19;"quinta-feira";"18:50:00";"PB";230;80;"RIACHAO DO POCO";"Reação tardia ou ineficiente do condutor";"Colisão traseira";"Com Vítimas Feridas";"Plena Noite";"Decrescente";"Nublado";"Dupla";"Reta";"Não";3;0;1;2;0;0;3;2;-7,1807;-35,3127;"SPRF-PB";"DEL01-PB";"UOP03-DEL01-PB"
378069;2021-08-19;"quinta-feira";"18:40:00";"RS";392;352,6;"SANTA MARIA";"Acessar a via sem observar a presença dos outros veículos";"Colisão transversal";"Com Vítimas Feridas";"Plena Noite";"Decrescente";"Céu Claro";"Simples";"Reta";"Sim";3;0;1;0;2;0;1;2;-29,72151714;-53,80719423;"SPRF-RS";"DEL09-RS";"UOP01-DEL09-RS"
378070;2021-08-07;"sábado";"18:55:00";"BA";324;618;"SALVADOR";"Condutor deixou de manter distância do veículo da frente";"Colisão traseira";"Com Vítimas Feridas";"Plena Noite";"Decrescente";"Chuva";"Dupla";"Reta";"Sim";3;0;1;0;2;0;1;2;-12,89907882;-38,45077515;"SPRF-BA";"DEL01-BA";"UOP01-DEL01-BA"
378071;2021-08-19;"quinta-feira";"19:15:00";"SC";101;194;"BIGUACU";"Ausência de reação do condutor";"Colisão traseira";"Com Vítimas Feridas";"Plena Noite";"Decrescente";"Céu Claro";"Múltipla";"Reta";"Não";2;0;1;0;1;0;1;2;-27,49815117;-48,65661236;"SPRF-SC";"DEL01-SC";"UOP01-DEL01-SC"
378075;2021-08-19;"quinta-feira";"19:30:00";"SP";116;326;"JUQUITIBA";"Velocidade Incompatível";"Colisão com objeto";"Com Vítimas Feridas";"Plena Noite";"Crescente";"Céu Claro";"Dupla";"Curva";"Não";1;0;1;0;0;0;1;1;-23,93901304;-47,06241203;"SPRF-SP";"DEL04-SP";"UOP01-DEL04-SP"
378076;2021-08-19;"quinta-feira";"19:45:00";"RJ";116;178;"NOVA IGUACU";"Manobra de mudança de faixa";"Tombamento";"Com Vítimas Feridas";"Plena Noite";"Decrescente";"Céu Claro";"Múltipla";"Reta";"Sim";1;0;1;0;0;0;1;1;-22,77496393;-43,40081465;"SPRF-RJ";"DEL01-RJ";"UOP02-DEL01-RJ"
378077;2021-08-19;"quinta-feira";"19:00:00";"PE";316;144,7;"PARNAMIRIM";"Condutor deixou de manter distância do veículo da frente";"Colisão traseira";"Sem Vítimas";"Plena Noite";"Decrescente";"Céu Claro";"Simples";"Reta";"Não";2;0;0;0;2;0;0;2;-8,093369;-39,568021;"SPRF-PE";"DEL05-PE";"UOP02-DEL05-PE"
378080;2021-08-19;"quinta-feira";"19:40:00";"BA";324;614;"SALVADOR";"Manobra de mudança de faixa";"Colisão traseira";"Com Vítimas Feridas";"Plena Noite";"Decrescente";"Nublado";"Simples";"Reta";"Não";2;0;1;0;1;0;1;2;-12,8639793;-38,42370126;"SPRF-BA";"DEL01-BA";"UOP01-DEL01-BA"
378081;2021-08-19;"quinta-feira";"20:39:00";"TO";235;188;"TUPIRAMA";"Condutor deixou de manter distância do veículo da frente";"Colisão traseira";"Com Vítimas Feridas";"Plena Noite";"Crescente";"Céu Claro";"Simples";"Reta";"Não";2;0;0;1;0;1;1;2;-8,9750554;-48,36748999;"SPRF-TO";"DEL02-TO";"UOP02-DEL02-TO"
378083;2021-08-19;"quinta-feira";"20:15:00";"PR";373;178;"PONTA GROSSA";"Ausência de reação do condutor";"Saída de leito carroçável";"Sem Vítimas";"Plena Noite";"Decrescente";"Céu Claro";"Dupla";"Reta";"Sim";1;0;0;0;0;1;0;1;-25,05025485;-50,23418475;"SPRF-PR";"DEL03-PR";"UOP01-DEL03-PR"
378084;2021-08-19;"quinta-feira";"20:50:00";"SC";470;66,8;"INDAIAL";"Conversão proibida";"Colisão transversal";"Com Vítimas Feridas";"Plena Noite";"Crescente";"Céu Claro";"Simples";"Reta";"Sim";2;0;0;1;0;1;1;2;-26,870407;-49,221844;"SPRF-SC";"DEL04-SC";"UOP01-DEL04-SC"
378085;2021-08-19;"quinta-feira";"17:10:00";"PE";232;57,4;"POMBOS";"Transitar na contramão";"Colisão frontal";"Com Vítimas Feridas";"Pleno dia";"Crescente";"Céu Claro";"Dupla";"Reta";"Sim";3;0;1;0;2;0;1;2;-8,142806;-35,385934;"SPRF-PE";"DEL02-PE";"UOP02-DEL02PE"
378086;2021-08-19;"quinta-feira";"21:00:00";"RN";101;84,9;"SAO GONCALO DO AMARANTE";"Acumulo de água sobre o pavimento";"Tombamento";"Com Vítimas Feridas";"Plena Noite";"Crescente";"Garoa/Chuvisco";"Dupla";"Curva";"Sim";2;0;2;0;0;0;2;1;-5,774175;-35,2578;"SPRF-RN";"DEL02-RN";"UOP01-DEL02-RN"
378087;2021-08-19;"quinta-feira";"20:30:00";"ES";101;460,5;"MIMOSO DO SUL";"Ingestão de álcool pelo condutor";"Colisão com objeto";"Sem Vítimas";"Plena Noite";"Decrescente";"Céu Claro";"Simples";"Aclive";"Não";1;0;0;0;1;0;0;1;-21,21801125;-41,29980483;"SPRF-ES";"DEL03-ES";"UOP02-DEL03-ES"
378089;2021-08-19;"quinta-feira";"20:42:00";"MG";153;47;"MONTE ALEGRE DE MINAS";"Falta de elemento de contenção que evite a saída do leito carroçável";"Saída de leito carroçável";"Com Vítimas Feridas";"Plena Noite";"Crescente";"Céu Claro";"Dupla";"Declive";"Não";1;0;1;0;0;0;1;1;-18,79619901;-49,08247601;"SPRF-MG";"DEL15-MG";"UOP03-DEL15-MG"
378090;2021-08-19;"quinta-feira";"18:50:00";"MG";40;749;"SANTOS DUMONT";"Objeto estático sobre o leito carroçável";"Colisão com objeto";"Sem Vítimas";"Plena Noite";"Crescente";"Nublado";"Simples";"Curva";"Não";4;0;0;0;4;0;0;3;-21,447874;-43,55738803;"SPRF-MG";"DEL05-MG";"UOP01-DEL05-MG"
378092;2021-08-19;"quinta-feira";"21:40:00";"DF";20;23,9;"BRASILIA";"Ingestão de álcool pelo condutor";"Capotamento";"Com Vítimas Feridas";"Plena Noite";"Crescente";"Céu Claro";"Dupla";"Curva";"Sim";1;0;1;0;0;0;1;1;-15,594831;-47,658615;"SPRF-DF";"DEL02-DF";"UOP01-DEL02-DF"
378093;2021-08-19;"quinta-feira";"21:20:00";"RJ";101;274;"TANGUA";"Ausência de reação do condutor";"Capotamento";"Com Vítimas Feridas";"Pleno dia";"Crescente";"Céu Claro";"Dupla";"Reta";"Sim";1;0;1;0;0;0;1;1;-22,73506292;-42,71948103;"SPRF-RJ";"DEL02-RJ";"UOP03-DEL02-RJ"
378094;2021-08-19;"quinta-feira";"20:00:00";"PR";277;418,5;"CANTAGALO";"Ingestão de álcool pelo condutor";"Capotamento";"Com Vítimas Fatais";"Plena Noite";"Decrescente";"Céu Claro";"Simples";"Reta";"Sim";2;1;0;1;0;0;1;1;-25,41734033;-52,0708163;"SPRF-PR";"DEL04-PR";"UOP02-DEL04-PR"
378095;2021-08-19;"quinta-feira";"18:25:00";"SC";470;67;"INDAIAL";"Reação tardia ou ineficiente do condutor";"Capotamento";"Com Vítimas Feridas";"Plena Noite";"Crescente";"Nublado";"Simples";"Reta";"Sim";1;0;1;0;0;0;1;1;-26,872158;-49,23127;"SPRF-SC";"DEL04-SC";"UOP01-DEL04-SC"
378096;2021-08-19;"quinta-feira";"16:30:00";"BA";242;460;"IBITIARA";"Demais falhas mecânicas ou elétricas";"Tombamento";"Sem Vítimas";"Pleno dia";"Decrescente";"Céu Claro";"Simples";"Reta";"Não";1;0;0;0;1;0;0;1;-12,45207436;-42,15053896;"SPRF-BA";"DEL06-BA";"UOP01-DEL06-BA"
378097;2021-07-26;"segunda-feira";"16:20:00";"CE";116;54,1;"PACAJUS";"Velocidade Incompatível";"Saída de leito carroçável";"Com Vítimas Feridas";"Anoitecer";"Crescente";"Céu Claro";"Simples";"Curva";"Não";2;0;0;1;1;0;1;1;-4,20193205;-38,47017288;"SPRF-CE";"DEL03-CE";"UOP02-DEL03-CE"
378098;2021-08-19;"quinta-feira";"22:30:00";"ES";101;150,9;"LINHARES";"Avarias e/ou desgaste excessivo no pneu";"Tombamento";"Com Vítimas Feridas";"Plena Noite";"Decrescente";"Céu Claro";"Simples";"Reta";"Não";2;0;1;0;1;0;1;1;-19,41156656;-40,06592463;"SPRF-ES";"DEL04-ES";"UOP01-DEL04-ES"
378100;2021-08-19;"quinta-feira";"22:10:00";"PB";230;24,7;"JOAO PESSOA";"Reação tardia ou ineficiente do condutor";"Colisão com objeto";"Com Vítimas Feridas";"Plena Noite";"Crescente";"Chuva";"Múltipla";"Reta";"Sim";2;0;2;0;0;0;2;1;-7,1637;-34,8618;"SPRF-PB";"DEL01-PB";"UOP01-DEL01-PB"
378101;2021-06-27;"domingo";"12:05:00";"PI";316;319;"PICOS";"Reação tardia ou ineficiente do condutor";"Colisão traseira";"Com Vítimas Feridas";"Pleno dia";"Crescente";"Céu Claro";"Simples";"Reta";"Não";2;0;0;1;0;1;1;2;-7,08926334;-41,39752113;"SPRF-PI";"DEL04-PI";"UOP01-DEL04-PI"
378102;2021-08-19;"quinta-feira";"19:20:00";"SP";101;46;"UBATUBA";"Trafegar com motocicleta (ou similar) entre as faixas";"Colisão lateral mesmo sentido";"Com Vítimas Feridas";"Plena Noite";"Decrescente";"Céu Claro";"Simples";"Reta";"Sim";2;0;0;1;1;0;1;2;-23,42403383;-45,07492113;"SPRF-SP";"DEL06-SP";"UOP01-DEL06-SP"
378103;2021-08-19;"quinta-feira";"20:30:00";"PR";153;336,7;"IRATI";"Acessar a via sem observar a presença dos outros veículos";"Colisão frontal";"Com Vítimas Feridas";"Plena Noite";"Decrescente";"Céu Claro";"Simples";"Aclive";"Sim";2;0;0;1;1;0;1;2;-25,49753795;-50,64815515;"SPRF-PR";"DEL03-PR";"UOP03-DEL03-PR"
378104;2021-08-19;"quinta-feira";"20:10:00";"MG";262;802,8;"UBERABA";"Pedestre andava na pista";"Atropelamento de Pedestre";"Com Vítimas Fatais";"Plena Noite";"Decrescente";"Céu Claro";"Dupla";"Reta";"Sim";2;1;0;0;1;0;0;2;-19,779234;-47,964844;"SPRF-MG";"DEL13-MG";"UOP01-DEL13-MG"
378106;2021-08-19;"quinta-feira";"22:00:00";"MT";163;757;"SORRISO";"Manobra de mudança de faixa";"Colisão traseira";"Sem Vítimas";"Plena Noite";"Crescente";"Céu Claro";"Simples";"Reta";"Não";2;0;0;0;2;0;0;2;-12,61812484;-55,7639162;"SPRF-MT";"DEL06-MT";"UOP01-DEL06-MT"
378107;2021-08-19;"quinta-feira";"22:10:00";"AL";423;95;"DELMIRO GOUVEIA";"Faróis desregulados";"Colisão com objeto";"Com Vítimas Feridas";"Plena Noite";"Decrescente";"Chuva";"Dupla";"Reta";"Sim";1;0;1;0;0;0;1;1;-9,37554737;-38,11448387;"SPRF-BA";"DEL07-BA";"UOP01-DEL07-BA"
378110;2021-08-19;"quinta-feira";"10:45:00";"RO";364;343,8;"JI-PARANA";"Condutor deixou de manter distância do veículo da frente";"Colisão lateral mesmo sentido";"Com Vítimas Feridas";"Pleno dia";"Decrescente";"Céu Claro";"Simples";"Reta";"Sim";2;0;1;0;1;0;1;2;-10,87878519;-61,94499012;"SPRF-RO";"DEL02-RO";"UOP01-DEL02-RO"
378111;2021-08-20;"sexta-feira";"00:15:00";"RJ";101;273;"TANGUA";"Manobra de mudança de faixa";"Colisão traseira";"Com Vítimas Feridas";"Plena Noite";"Decrescente";"Céu Claro";"Dupla";"Reta";"Sim";3;0;2;0;1;0;2;2;-22,7316093;-42,71051285;"SPRF-RJ";"DEL02-RJ";"UOP03-DEL02-RJ"
378112;2021-08-20;"sexta-feira";"00:05:00";"PE";101;82,1;"JABOATAO DOS GUARARAPES";"Chuva";"Queda de ocupante de veículo";"Com Vítimas Feridas";"Plena Noite";"Crescente";"Chuva";"Dupla";"Reta";"Sim";1;0;1;0;0;0;1;1;-8,168383;-34,9376;"SPRF-PE";"DEL01-PE";"UOP01-DEL01-PE"
378114;2021-08-20;"sexta-feira";"01:15:00";"SP";116;317;"JUQUITIBA";"Condutor Dormindo";"Colisão com objeto";"Com Vítimas Feridas";"Plena Noite";"Crescente";"Céu Claro";"Dupla";"Reta";"Não";2;0;1;0;1;0;1;1;-23,91799802;-46,98973192;"SPRF-SP";"DEL04-SP";"UOP01-DEL04-SP"