"id";"data_inversa";"dia_semana";"horario";"uf";"br";"km";"municipio";"causa_acidente";"tipo_acidente";"classificacao_acidente";"fase_dia";"sentido_via";"condicao_metereologica";"tipo_pista";"tracado_via";"uso_solo";"pessoas";"mortos";"feridos_leves";"feridos_graves";"ilesos";"ignorados";"feridos";"veiculos";"latitude";"longitude";"regional";"delegacia";"uop"
378115;2021-08-19;"quinta-feira";"23:20:00";"BA";415;23;"ILHEUS";"Animais na Pista";"Atropelamento de Animal";"Com Vítimas Fatais";"Plena Noite";"Decrescente";"Garoa/Chuvisco";"Simples";"Reta";"Não";1;1;0;0;0;0;0;1;-14,79934;-39,168969;"SPRF-BA";"DEL05-BA";"UOP01-DEL05-BA"
378116;2021-08-20;"sexta-feira";"00:30:00";"RO";364;9;"VILHENA";"Condutor Dormindo";"Saída de leito carroçável";"Com Vítimas Feridas";"Plena Noite";"Crescente";"Céu Claro";"Simples";"Reta";"Sim";1;0;1;0;0;0;1;1;-12,75881009;-60,1001711;"SPRF-RO";"DEL04-RO";"UOP01-DEL04-RO"
378118;2021-08-20;"sexta-feira";"02:30:00";"PR";277;7;"PARANAGUA";"Ingestão de álcool pelo condutor";"Saída de leito carroçável";"Sem Vítimas";"Plena Noite";"Crescente";"Nevoeiro/Neblina";"Dupla";"Reta";"Não";1;0;0;0;1;0;0;1;-25,5619553;-48,59081268;"SPRF-PR";"DEL01-PR";"UOP05-DEL01-PR"
378121;2021-08-20;"sexta-feira";"02:00:00";"MA";230;373;"BALSAS";"Ingestão de álcool pelo condutor";"Saída de leito carroçável";"Sem Vítimas";"Plena Noite";"Crescente";"Céu Claro";"Simples";"Reta";"Não";1;0;0;0;1;0;0;1;-7,27095988;-45,92313123;"SPRF-MA";"DEL05-MA";"UOP01-DEL05-MA"
378123;2021-08-20;"sexta-feira";"04:20:00";"ES";101;145,9;"LINHARES";"Acessar a via sem observar a presença dos outros veículos";"Colisão transversal";"Com Vítimas Feridas";"Amanhecer";"Decrescente";"Céu Claro";"Simples";"Interseção de Vias";"Não";2;0;1;0;1;0;1;2;-19,36990998;-40,06560718;"SPRF-ES";"DEL04-ES";"UOP01-DEL04-ES"
378128;2021-08-20;"sexta-feira";"05:00:00";"MT";364;367,5;"SANTO ANTONIO DO LEVERGER";"Condutor Dormindo";"Saída de leito carroçável";"Com Vítimas Feridas";"Plena Noite";"Crescente";"Céu Claro";"Dupla";"Reta";"Não";3;0;1;2;0;0;3;1;-15,74210084;-55,66284162;"SPRF-MT";"DEL01-MT";"UOP02-DEL01-MT"
378129;2021-08-20;"sexta-feira";"06:25:00";"RN";101;84,5;"SAO GONCALO DO AMARANTE";"Ausência de reação do condutor";"Engavetamento";"Com Vítimas Feridas";"Pleno dia";"Crescente";"Garoa/Chuvisco";"Dupla";"Reta";"Sim";4;0;1;0;3;0;1;3;-5,774175;-35,2578;"SPRF-RN";"DEL02-RN";"UOP01-DEL02-RN"
378130;2021-08-20;"sexta-feira";"06:15:00";"MG";40;512,8;"RIBEIRAO DAS NEVES";"Manobra de mudança de faixa";"Colisão lateral mesmo sentido";"Com Vítimas Feridas";"Pleno dia";"Crescente";"Céu Claro";"Dupla";"Reta";"Não";3;0;0;1;2;0;1;3;-19,79384108;-44,11079407;"SPRF-MG";"DEL01-MG";"UOP02-DEL01-MG"
378131;2021-08-20;"sexta-feira";"06:50:00";"GO";70;0;"AGUAS LINDAS DE GOIAS";"Manobra de mudança de faixa";"Colisão lateral mesmo sentido";"Com Vítimas Feridas";"Amanhecer";"Decrescente";"Céu Claro";"Dupla";"Curva;Declive";"Sim";3;0;2;0;1;0;2;2;-15,78290557;-48,23342627;"SPRF-DF";"DEL03-DF";"UOP02-DEL03-DF"
378132;2021-08-20;"sexta-feira";"05:00:00";"TO";153;51,5;"PIRAQUE";"Animais na Pista";"Atropelamento de Animal";"Com Vítimas Fatais";"Plena Noite";"Crescente";"Céu Claro";"Simples";"Reta";"Não";1;1;0;0;0;0;0;1;-6,72560823;-48,26484831;"SPRF-TO";"DEL02-TO";"UOP01-DEL02-TO"
378133;2021-08-20;"sexta-feira";"06:50:00";"TO";153;502,8;"PARAISO DO TOCANTINS";"Pista em desnível";"Capotamento";"Com Vítimas Feridas";"Pleno dia";"Crescente";"Céu Claro";"Simples";"Aclive;Reta";"Não";3;0;2;1;0;0;3;1;-10,21850698;-48,87509017;"SPRF-TO";"DEL01-TO";"UOP01-DEL01-TO"
378134;2021-08-20;"sexta-feira";"06:00:00";"CE";222;12;"CAUCAIA";"Ingestão de álcool e/ou substâncias psicoativas pelo pedestre";"Colisão com objeto";"Com Vítimas Feridas";"Pleno dia";"Crescente";"Céu Claro";"Simples";"Reta";"Sim";1;0;1;0;0;0;1;1;-3,76479979;-38,66897196;"SPRF-CE";"DEL01-CE";"UOP01-DEL01-CE"
378136;2021-08-20;"sexta-feira";"06:55:00";"DF";70;10,1;"BRASILIA";"Entrada inopinada do pedestre";"Atropelamento de Pedestre";"Com Vítimas Feridas";"Pleno dia";"Decrescente";"Céu Claro";"Dupla";"Reta;Em Obras";"Sim";3;0;2;1;0;0;3;2;-15,787066;-48,140709;"SPRF-DF";"DEL03-DF";"UOP02-DEL03-DF"
378138;2021-08-20;"sexta-feira";"07:20:00";"PB";230;9;"CABEDELO";"Avarias e/ou desgaste excessivo no pneu";"Colisão transversal";"Com Vítimas Feridas";"Pleno dia";"Decrescente";"Nublado";"Múltipla";"Desvio Temporário;Viaduto;Em Obras;Aclive;Reta";"Sim";3;0;2;0;1;0;2;2;-7,0433;-34,8466;"SPRF-PB";"DEL01-PB";"UOP01-DEL01-PB"
378139;2021-08-20;"sexta-feira";"07:00:00";"SP";116;278;"EMBU DAS ARTES";"Reação tardia ou ineficiente do condutor";"Colisão traseira";"Com Vítimas Feridas";"Pleno dia";"Crescente";"Céu Claro";"Dupla";"Reta";"Sim";2;0;1;0;1;0;1;2;-23,635707;-46,828031;"SPRF-SP";"DEL04-SP";"UOP01-DEL04-SP"
378140;2021-08-19;"quinta-feira";"17:30:00";"PE";408;102,3;"JABOATAO DOS GUARARAPES";"Velocidade Incompatível";"Colisão com objeto";"Com Vítimas Feridas";"Anoitecer";"Crescente";"Nublado";"Simples";"Declive";"Não";1;0;0;1;0;0;1;1;-8,05746154;-34,99468175;"SPRF-PE";"DEL01-PE";"UOP01-DEL01-PE"
378141;2021-08-20;"sexta-feira";"07:50:00";"SP";116;279;"EMBU DAS ARTES";"Ausência de reação do condutor";"Colisão traseira";"Com Vítimas Feridas";"Pleno dia";"Crescente";"Céu Claro";"Múltipla";"Reta";"Sim";3;0;1;1;1;0;2;2;-23,66233697;-46,85292907;"SPRF-SP";"DEL04-SP";"UOP01-DEL04-SP"
378143;2021-08-20;"sexta-feira";"07:39:00";"PR";369;428;"JURANDA";"Demais falhas mecânicas ou elétricas";"Queda de ocupante de veículo";"Com Vítimas Feridas";"Pleno dia";"Crescente";"Céu Claro";"Simples";"Reta";"Não";1;0;0;1;0;0;1;1;-24,4409;-52,8391;"SPRF-PR";"DEL04-PR";"UOP03-DEL04-PR"
378146;2021-08-20;"sexta-feira";"06:55:00";"PA";230;111;"MARABA";"Acessar a via sem observar a presença dos outros veículos";"Colisão lateral mesmo sentido";"Com Vítimas Feridas";"Pleno dia";"Decrescente";"Céu Claro";"Simples";"Reta";"Sim";2;0;1;0;1;0;1;2;-5,37139594;-49,04004698;"SPRF-PA";"DEL03-PA";"UOP01-DEL03-PA"
378148;2021-08-20;"sexta-feira";"08:00:00";"BA";324;624;"SALVADOR";"Reação tardia ou ineficiente do condutor";"Colisão traseira";"Com Vítimas Feridas";"Pleno dia";"Crescente";"Céu Claro";"Simples";"Declive";"Não";2;0;1;0;1;0;1;2;-12,933839;-38,47190701;"SPRF-BA";"DEL01-BA";"UOP01-DEL01-BA"
378150;2021-08-20;"sexta-feira";"07:59:00";"PR";476;145;"CURITIBA";"Condutor deixou de manter distância do veículo da frente";"Colisão traseira";"Sem Vítimas";"Pleno dia";"Decrescente";"Céu Claro";"Dupla";"Reta";"Sim";2;0;0;0;2;0;0;2;-25,547749;-49,32095;"SPRF-PR";"DEL01-PR";"UOP03-DEL01-PR"
378151;2021-08-20;"sexta-feira";"08:20:00";"RN";101;132,8;"NISIA FLORESTA";"Demais Fenômenos da natureza";"Saída de leito carroçável";"Com Vítimas Feridas";"Pleno dia";"Crescente";"Chuva";"Dupla";"Reta";"Não";2;0;1;0;1;0;1;1;-6,13750604;-35,22803942;"SPRF-RN";"DEL01-RN";"UOP01-DEL01-RN"
378153;2021-08-20;"sexta-feira";"05:00:00";"RS";287;341,6;"SAO VICENTE DO SUL";"Velocidade Incompatível";"Saída de leito carroçável";"Sem Vítimas";"Plena Noite";"Crescente";"Nublado";"Simples";"Curva";"Não";2;0;0;0;0;2;0;2;-29,587445;-54,68419;"SPRF-RS";"DEL12-RS";"UOP02-DEL12-RS"
378154;2021-08-20;"sexta-feira";"06:25:00";"SC";282;176,7;"BOCAINA DO SUL";"Transitar na contramão";"Colisão frontal";"Com Vítimas Fatais";"Pleno dia";"Crescente";"Céu Claro";"Simples";"Curva";"Não";7;1;5;1;0;0;6;2;-27,738754;-49,909367;"SPRF-SC";"DEL05-SC";"UOP01-DEL05-SC"
378155;2021-07-12;"segunda-feira";"00:00:00";"BA";324;564,5;"SAO SEBASTIAO DO PASSE";"Velocidade Incompatível";"Queda de ocupante de veículo";"Com Vítimas Feridas";"Plena Noite";"Crescente";"Céu Claro";"Dupla";"Reta";"Não";1;0;1;0;0;0;1;1;-12,5138723;-38,62480322;"SPRF-BA";"DEL01-BA";"UOP01-DEL01-BA"
378156;2021-08-20;"sexta-feira";"08:10:00";"MG";116;526,3;"CARATINGA";"Acessar a via sem observar a presença dos outros veículos";"Colisão transversal";"Com Vítimas Feridas";"Pleno dia";"Crescente";"Céu Claro";"Simples";"Reta";"Sim";2;0;0;1;1;0;1;2;-19,77654011;-42,13327989;"SPRF-MG";"DEL06-MG";"UOP02-DEL06-MG"
378157;2021-08-20;"sexta-feira";"07:20:00";"PE";101;40,3;"IGARASSU";"Transitar no acostamento";"Atropelamento de Pedestre";"Com Vítimas Feridas";"Pleno dia";"Crescente";"Nublado";"Dupla";"Reta";"Sim";3;0;2;0;0;1;2;2;-7,821475;-34,916545;"SPRF-PE";"DEL01-PE";"UOP02-DEL01-PE"
378158;2021-08-20;"sexta-feira";"09:15:00";"PE";232;133;"CARUARU";"Ausência de sinalização";"Colisão traseira";"Sem Vítimas";"Pleno dia";"Crescente";"Garoa/Chuvisco";"Dupla";"Reta";"Sim";2;0;0;0;2;0;0;2;-8,30607988;-36,01576003;"SPRF-PE";"DEL02-PE";"UOP03-DEL02-PE"
378160;2021-08-20;"sexta-feira";"05:00:00";"MA";135;47,7;"BACABEIRA";"Demais falhas mecânicas ou elétricas";"Incêndio";"Sem Vítimas";"Amanhecer";"Crescente";"Céu Claro";"Dupla";"Reta";"Sim";1;0;0;0;1;0;0;1;-2,93871687;-44,33065366;"SPRF-MA";"DEL01-MA";"UOP01-DEL01-MA"
378161;2021-08-20;"sexta-feira";"09:50:00";"PR";116;87;"PIRAQUARA";"Avarias e/ou desgaste excessivo no pneu";"Saída de leito carroçável";"Com Vítimas Feridas";"Pleno dia";"Crescente";"Céu Claro";"Dupla";"Reta";"Não";2;0;1;0;1;0;1;1;-25,44106805;-49,09243759;"SPRF-PR";"DEL01-PR";"UOP01-DEL01-PR"
378162;2021-08-20;"sexta-feira";"06:30:00";"RJ";493;0;"ITABORAI";"Condutor Dormindo";"Colisão frontal";"Com Vítimas Feridas";"Pleno dia";"Crescente";"Céu Claro";"Simples";"Curva";"Sim";4;0;1;1;1;1;2;3;-22,77062;-42,92223;"SPRF-RJ";"DEL02-RJ";"UOP02-DEL02-RJ"
378165;2021-08-20;"sexta-feira";"09:00:00";"CE";20;423;"MARACANAU";"Condutor deixou de manter distância do veículo da frente";"Colisão lateral mesmo sentido";"Com Vítimas Feridas";"Pleno dia";"Decrescente";"Céu Claro";"Dupla";"Reta";"Não";3;0;2;0;1;0;2;2;-3,76999035;-38,67006282;"SPRF-CE";"DEL01-CE";"UOP02-DEL01-CE"
378166;2021-05-24;"segunda-feira";"17:45:00";"ES";262;32;"DOMINGOS MARTINS";"Condutor deixou de manter distância do veículo da frente";"Colisão traseira";"Com Vítimas Feridas";"Anoitecer";"Crescente";"Céu Claro";"Simples";"Curva";"Não";2;0;0;1;1;0;1;2;-20,39484707;-40,5719341;"SPRF-ES";"DEL01-ES";"UOP01-DEL01-ES"
378168;2021-08-20;"sexta-feira";"10:20:00";"PA";222;245;"MARABA";"Acessar a via sem observar a presença dos outros veículos";"Colisão transversal";"Com Vítimas Feridas";"Pleno dia";"Decrescente";"Céu Claro";"Simples";"Reta";"Sim";2;0;1;0;1;0;1;2;-5,355886;-49,079418;"SPRF-PA";"DEL03-PA";"UOP01-DEL03-PA"
378169;2021-08-20;"sexta-feira";"08:50:00";"MG";365;37;"CLARO DOS POCOES";"Ausência de reação do condutor";"Saída de leito carroçável";"Com Vítimas Feridas";"Pleno dia";"Decrescente";"Céu Claro";"Simples";"Reta";"Não";3;0;2;0;1;0;2;1;-16,85843393;-44,14958954;"SPRF-MG";"DEL12-MG";"UOP01-DEL12-MG"
378170;2021-08-20;"sexta-feira";"09:30:00";"PI";316;3,6;"TERESINA";"Ausência de reação do condutor";"Colisão com objeto";"Sem Vítimas";"Pleno dia";"Decrescente";"Céu Claro";"Dupla";"Curva";"Sim";2;0;0;0;2;0;0;2;-5,12826443;-42,79292384;"SPRF-PI";"DEL01-PI";"UOP02-DEL01-PI"
378172;2021-08-20;"sexta-feira";"09:50:00";"GO";153;204;"URUACU";"Demais Fenômenos da natureza";"Eventos atípicos";"Com Vítimas Feridas";"Pleno dia";"Crescente";"Céu Claro";"Simples";"Aclive";"Não";1;0;1;0;0;0;1;1;-14,547464;-49,160545;"SPRF-GO";"DEL07-GO";"UOP02-DEL07-GO"
378174;2021-08-20;"sexta-feira";"08:50:00";"RS";290;69;"GRAVATAI";"Ausência de reação do condutor";"Saída de leito carroçável";"Sem Vítimas";"Pleno dia";"Crescente";"Nublado";"Dupla";"Reta";"Sim";1;0;0;0;0;1;0;1;-29,944933;-50,946438;"SPRF-RS";"DEL03-RS";"UOP01-DEL03-RS"
378175;2021-08-20;"sexta-feira";"09:30:00";"AL";316;114;"CACIMBINHAS";"Acessar a via sem observar a presença dos outros veículos";"Colisão transversal";"Com Vítimas Feridas";"Pleno dia";"Decrescente";"Nublado";"Simples";"Rotatória";"Sim";2;0;1;0;1;0;1;2;-9,4046948;-36,99317598;"SPRF-AL";"DEL03-AL";"UOP01-DEL03-AL"
378177;2021-08-20;"sexta-feira";"10:10:00";"SC";163;71,4;"SAO MIGUEL DO OESTE";"Manobra de mudança de faixa";"Colisão transversal";"Com Vítimas Feridas";"Pleno dia";"Decrescente";"Céu Claro";"Dupla";"Reta;Interseção de Vias";"Sim";2;0;1;0;1;0;1;2;-26,724329;-53,51372838;"SPRF-SC";"DEL07-SC";"UOP03-DEL07-SC"
378178;2021-08-20;"sexta-feira";"10:35:00";"DF";70;0,7;"BRASILIA";"Ausência de reação do condutor";"Colisão traseira";"Com Vítimas Feridas";"Pleno dia";"Decrescente";"Sol";"Dupla";"Aclive;Reta";"Sim";2;0;1;0;1;0;1;2;-15,792352;-48,054509;"SPRF-DF";"DEL03-DF";"UOP02-DEL03-DF"
378179;2021-08-20;"sexta-feira";"11:10:00";"SC";282;6;"SAO JOSE";"Condutor deixou de manter distância do veículo da frente";"Colisão traseira";"Com Vítimas Feridas";"Pleno dia";"Crescente";"Sol";"Múltipla";"Curva;Declive";"Não";5;0;1;0;3;1;1;4;-27,591936;-48,618244;"SPRF-SC";"DEL01-SC";"UOP01-DEL01-SC"
378181;2021-08-20;"sexta-feira";"11:55:00";"RJ";116;224,4;"PIRAI";"Demais falhas mecânicas ou elétricas";"Incêndio";"Sem Vítimas";"Pleno dia";"Crescente";"Céu Claro";"Dupla";"Reta";"Não";1;0;0;0;1;0;0;1;-22,68709335;-43,81058612;"SPRF-RJ";"DEL07-RJ";"UOP01-DEL07-RJ"
378182;2021-08-20;"sexta-feira";"12:00:00";"RN";101;125;"SAO JOSE DE MIPIBU";"Demais falhas mecânicas ou elétricas";"Incêndio";"Sem Vítimas";"Pleno dia";"Decrescente";"Nublado";"Dupla";"Curva";"Sim";1;0;0;0;1;0;0;1;-6,07815599;-35,23412006;"SPRF-RN";"DEL01-RN";"UOP01-DEL01-RN"
378183;2021-08-20;"sexta-feira";"11:45:00";"GO";153;360;"JARAGUA";"Acessar a via sem observar a presença dos outros veículos";"Colisão transversal";"Com Vítimas Feridas";"Pleno dia";"Decrescente";"Céu Claro";"Simples";"Reta";"Sim";2;0;2;0;0;0;2;2;-15,750625;-49,316742;"SPRF-GO";"DEL02-GO";"UOP02-DEL02-GO"
378187;2021-08-20;"sexta-feira";"10:00:00";"BA";101;692,4;"ITAGIMIRIM";"Velocidade Incompatível";"Saída de leito carroçável";"Com Vítimas Feridas";"Pleno dia";"Crescente";"Chuva";"Simples";"Reta";"Não";1;0;1;0;0;0;1;1;-16,1087789;-39,61345777;"SPRF-BA";"DEL09-BA";"UOP01-DEL09-BA"
378189;2021-08-20;"sexta-feira";"12:40:00";"SC";101;194;"BIGUACU";"Acessar a via sem observar a presença dos outros veículos";"Colisão lateral mesmo sentido";"Com Vítimas Feridas";"Pleno dia";"Decrescente";"Céu Claro";"Múltipla";"Reta";"Sim";2;0;1;0;1;0;1;2;-27,49815117;-48,65661236;"SPRF-SC";"DEL01-SC";"UOP01-DEL01-SC"
378190;2021-08-20;"sexta-feira";"12:30:00";"GO";60;136,5;"GOIANIA";"Manobra de mudança de faixa";"Colisão transversal";"Com Vítimas Feridas";"Pleno dia";"Crescente";"Céu Claro";"Simples";"Reta";"Sim";2;0;2;0;0;0;2;2;-16,5959;-49,1965;"SPRF-GO";"DEL01-GO";"UOP01-DEL01-GO"
378191;2021-08-20;"sexta-feira";"11:10:00";"MG";116;278,4;"TEOFILO OTONI";"Condutor deixou de manter distância do veículo da frente";"Colisão traseira";"Com Vítimas Feridas";"Pleno dia";"Decrescente";"Céu Claro";"Dupla";"Rotatória";"Sim";2;0;1;0;1;0;1;2;-17,86846089;-41,5171394;"SPRF-MG";"DEL11-MG";"UOP01-DEL11-MG"
378193;2021-08-20;"sexta-feira";"12:15:00";"RO";364;713;"PORTO VELHO";"Ingestão de álcool pelo condutor";"Colisão lateral mesmo sentido";"Com Vítimas Feridas";"Pleno dia";"Crescente";"Céu Claro";"Dupla";"Rotatória";"Sim";3;0;1;1;1;0;2;2;-8,77095282;-63,8823241;"SPRF-RO";"DEL01-RO";"UOP01-DEL01-RO"
378195;2021-08-20;"sexta-feira";"13:00:00";"PE";424;84;"GARANHUNS";"Ultrapassagem Indevida";"Colisão frontal";"Com Vítimas Feridas";"Pleno dia";"Decrescente";"Céu Claro";"Simples";"Declive;Curva";"Não";2;0;0;1;0;1;1;2;-8,84941934;-36,51641817;"SPRF-PE";"DEL03-PE";"UOP01-DEL03-PE"
378196;2021-08-20;"sexta-feira";"12:45:00";"CE";116;16;"ITAITINGA";"Demais falhas na via";"Tombamento";"Com Vítimas Feridas";"Pleno dia";"Crescente";"Céu Claro";"Dupla";"Reta";"Sim";1;0;0;1;0;0;1;1;-3,89002428;-38,5021618;"SPRF-CE";"DEL01-CE";"UOP02-DEL01-CE"
378200;2021-08-20;"sexta-feira";"11:29:00";"RJ";116;174;"BELFORD ROXO";"Trafegar com motocicleta (ou similar) entre as faixas";"Colisão lateral mesmo sentido";"Com Vítimas Feridas";"Pleno dia";"Crescente";"Céu Claro";"Múltipla";"Reta";"Sim";2;0;1;0;1;0;1;2;-22,79423806;-43,36403759;"SPRF-RJ";"DEL01-RJ";"UOP02-DEL01-RJ"
378202;2021-08-20;"sexta-feira";"12:45:00";"RJ";40;59;"PETROPOLIS";"Ingestão de álcool e/ou substâncias psicoativas pelo pedestre";"Colisão com objeto";"Sem Vítimas";"Pleno dia";"Crescente";"Céu Claro";"Simples";"Curva";"Não";1;0;0;0;1;0;0;1;-22,38628773;-43,13543464;"SPRF-RJ";"DEL05-RJ";"UOP02-DEL05-RJ"
378204;2021-05-31;"segunda-feira";"05:16:00";"MG";50;70;"UBERLANDIA";"Reação tardia ou ineficiente do condutor";"Colisão lateral mesmo sentido";"Com Vítimas Feridas";"Plena Noite";"Decrescente";"Céu Claro";"Dupla";"Reta";"Sim";2;0;0;1;0;1;1;2;-18,89154803;-48,25461388;"SPRF-MG";"DEL15-MG";"UOP01-DEL15-MG"
378205;2021-08-20;"sexta-feira";"08:30:00";"MG";116;283;"TEOFILO OTONI";"Condutor Dormindo";"Saída de leito carroçável";"Com Vítimas Fatais";"Pleno dia";"Decrescente";"Sol";"Simples";"Aclive;Curva";"Não";2;1;0;0;0;1;0;2;-17,909874;-41,525234;"SPRF-MG";"DEL11-MG";"UOP01-DEL11-MG"
378207;2021-08-20;"sexta-feira";"14:10:00";"RN";406;75;"JANDAIRA";"Carga excessiva e/ou mal acondicionada";"Derramamento de carga";"Sem Vítimas";"Pleno dia";"Crescente";"Nublado";"Simples";"Reta";"Não";1;0;0;0;1;0;0;1;-5,40446139;-36,02296218;"SPRF-RN";"DEL02-RN";"UOP01-DEL02-RN"
378208;2021-08-20;"sexta-feira";"13:20:00";"PB";230;16,7;"JOAO PESSOA";"Condutor deixou de manter distância do veículo da frente";"Colisão traseira";"Com Vítimas Feridas";"Pleno dia";"Decrescente";"Sol";"Dupla";"Reta";"Sim";2;0;1;0;1;0;1;2;-7,1039;-34,8458;"SPRF-PB";"DEL01-PB";"UOP01-DEL01-PB"
378209;2021-08-20;"sexta-feira";"13:55:00";"PR";277;24;"MORRETES";"Ingestão de álcool pelo condutor";"Colisão com objeto";"Sem Vítimas";"Pleno dia";"Crescente";"Céu Claro";"Dupla";"Reta";"Não";1;0;0;0;1;0;0;1;-25,53773317;-48,69733007;"SPRF-PR";"DEL01-PR";"UOP05-DEL01-PR"
378211;2021-08-20;"sexta-feira";"13:20:00";"PE";408;99,5;"SAO LOURENCO DA MATA";"Velocidade Incompatível";"Colisão com objeto";"Com Vítimas Feridas";"Pleno dia";"Crescente";"Chuva";"Dupla";"Aclive";"Não";1;0;1;0;0;0;1;1;-8,042808;-35,021054;"SPRF-PE";"DEL01-PE";"UOP01-DEL01-PE"
378213;2021-08-20;"sexta-feira";"14:00:00";"MG";381;490,7;"BETIM";"Manobra de mudança de faixa";"Colisão traseira";"Sem Vítimas";"Pleno dia";"Decrescente";"Céu Claro";"Múltipla";"Interseção de Vias";"Não";3;0;0;0;3;0;0;3;-19,96502819;-44,17422195;"SPRF-MG";"DEL01-MG";"UOP03-DEL01-MG"
378214;2021-08-20;"sexta-feira";"14:30:00";"ES";101;287,3;"CARIACICA";"Ultrapassagem Indevida";"Colisão lateral mesmo sentido";"Com Vítimas Feridas";"Pleno dia";"Crescente";"Céu Claro";"Dupla";"Reta";"Sim";3;0;2;0;1;0;2;2;-20,26493528;-40,38471702;"SPRF-ES";"DEL01-ES";"UOP01-DEL01-ES"
378215;2021-08-04;"quarta-feira";"06:50:00";"RN";304;237;"RIACHUELO";"Transitar na contramão";"Colisão frontal";"Sem Vítimas";"Pleno dia";"Decrescente";"Céu Claro";"Simples";"Reta";"Não";3;0;0;0;3;0;0;2;-5,779868;-35,852121;"SPRF-RN";"DEL01-RN";"UOP02-DEL01-RN"
378217;2021-08-20;"sexta-feira";"14:25:00";"ES";101;260,5;"SERRA";"Condutor deixou de manter distância do veículo da frente";"Colisão traseira";"Com Vítimas Feridas";"Pleno dia";"Decrescente";"Sol";"Múltipla";"Curva";"Não";3;0;0;1;1;1;1;3;-20,14616415;-40,28836206;"SPRF-ES";"DEL02-ES";"UOP01-DEL02-ES"
378220;2021-08-20;"sexta-feira";"15:00:00";"RJ";116;0,5;"SAPUCAIA";"Acesso irregular";"Colisão lateral mesmo sentido";"Com Vítimas Feridas";"Pleno dia";"Crescente";"Céu Claro";"Simples";"Reta";"Não";2;0;1;0;1;0;1;2;-21,87770377;-42,67005622;"SPRF-RJ";"DEL05-RJ";"UOP01-DEL05-RJ"
378221;2021-08-20;"sexta-feira";"14:30:00";"BA";116;6,5;"VITORIA DA CONQUISTA";"Pedestre cruzava a pista fora da faixa";"Atropelamento de Pedestre";"Com Vítimas Feridas";"Pleno dia";"Crescente";"Sol";"Simples";"Declive";"Sim";3;0;2;0;1;0;2;2;-14,8298224;-40,88663047;"SPRF-BA";"DEL08-BA";"UOP01-DEL08-BA"
378222;2021-08-20;"sexta-feira";"14:38:00";"PE";232;133,1;"CARUARU";"Reação tardia ou ineficiente do condutor";"Colisão traseira";"Com Vítimas Feridas";"Pleno dia";"Crescente";"Chuva";"Múltipla";"Reta";"Sim";4;0;1;0;3;0;1;2;-8,30607988;-36,01576003;"SPRF-PE";"DEL02-PE";"UOP03-DEL02-PE"
378223;2021-08-20;"sexta-feira";"15:00:00";"MG";365;97;"JEQUITAI";"Velocidade Incompatível";"Saída de leito carroçável";"Com Vítimas Feridas";"Pleno dia";"Crescente";"Céu Claro";"Simples";"Reta";"Não";2;0;1;0;1;0;1;1;-17,22011708;-44,49876997;"SPRF-MG";"DEL12-MG";"UOP01-DEL12-MG"
378224;2021-08-20;"sexta-feira";"15:25:00";"BA";324;623;"SALVADOR";"Condutor deixou de manter distância do veículo da frente";"Colisão traseira";"Com Vítimas Feridas";"Pleno dia";"Decrescente";"Céu Claro";"Múltipla";"Reta";"Não";5;0;1;0;4;0;1;3;-12,92628699;-38,46838679;"SPRF-BA";"DEL01-BA";"UOP01-DEL01-BA"
378225;2021-08-20;"sexta-feira";"15:40:00";"RS";116;269,2;"CANOAS";"Condutor deixou de manter distância do veículo da frente";"Colisão traseira";"Com Vítimas Feridas";"Pleno dia";"Decrescente";"Nublado";"Dupla";"Reta";"Sim";3;0;1;0;2;0;1;2;-29,94594291;-51,17657751;"SPRF-RS";"DEL01-RS";"UOP01-DEL01-RS"
378227;2021-08-20;"sexta-feira";"14:20:00";"MT";174;5,5;"PONTES E LACERDA";"Frear bruscamente";"Colisão lateral mesmo sentido";"Com Vítimas Feridas";"Pleno dia";"Crescente";"Céu Claro";"Simples";"Reta";"Sim";2;0;1;0;1;0;1;2;-15,22950233;-59,34826255;"SPRF-MT";"DEL04-MT";"UOP01-DEL04-MT"
378228;2021-08-20;"sexta-feira";"16:00:00";"MG";365;654;"UBERLANDIA";"Reação tardia ou ineficiente do condutor";"Saída de leito carroçável";"Com Vítimas Feridas";"Pleno dia";"Decrescente";"Céu Claro";"Dupla";"Reta";"Não";1;0;1;0;0;0;1;1;-18,86812405;-48,59526395;"SPRF-MG";"DEL15-MG";"UOP01-DEL15-MG"
378229;2021-08-20;"sexta-feira";"16:00:00";"MG";262;380;"JUATUBA";"Velocidade Incompatível";"Queda de ocupante de veículo";"Com Vítimas Feridas";"Pleno dia";"Decrescente";"Céu Claro";"Dupla";"Curva";"Não";1;0;1;0;0;0;1;1;-19,947864;-44,381226;"SPRF-MG";"DEL01-MG";"UOP03-DEL01-MG"
378231;2021-08-20;"sexta-feira";"13:20:00";"MG";262;633,9;"IBIA";"Manobra de mudança de faixa";"Colisão traseira";"Com Vítimas Feridas";"Pleno dia";"Decrescente";"Céu Claro";"Simples";"Reta";"Não";1;0;1;0;0;0;1;1;-19,59188925;-46,4810096;"SPRF-MG";"DEL08-MG";"UOP01-DEL08-MG"
378232;2021-08-20;"sexta-feira";"15:57:00";"DF";60;3,6;"BRASILIA";"Pedestre cruzava a pista fora da faixa";"Atropelamento de Pedestre";"Com Vítimas Fatais";"Pleno dia";"Decrescente";"Céu Claro";"Dupla";"Reta";"Sim";2;1;0;0;1;0;0;2;-15,890521;-48,086864;"SPRF-DF";"DEL03-DF";"UOP01-DEL03-DF"