"id";"data_inversa";"dia_semana";"horario";"uf";"br";"km";"municipio";"causa_acidente";"tipo_acidente";"classificacao_acidente";"fase_dia";"sentido_via";"condicao_metereologica";"tipo_pista";"tracado_via";"uso_solo";"pessoas";"mortos";"feridos_leves";"feridos_graves";"ilesos";"ignorados";"feridos";"veiculos";"latitude";"longitude";"regional";"delegacia";"uop"
378349;2021-08-21;"sábado";"02:45:00";"RJ";393;172,2;"TRES RIOS";"Reação tardia ou ineficiente do condutor";"Saída de leito carroçável";"Com Vítimas Feridas";"Plena Noite";"Decrescente";"Céu Claro";"Simples";"Curva";"Não";2;0;2;0;0;0;2;1;-22,12463126;-43,17771104;"SPRF-RJ";"DEL05-RJ";"UOP02-DEL05-RJ"
378350;2021-08-21;"sábado";"03:50:00";"SP";116;23;"CRUZEIRO";"Demais falhas mecânicas ou elétricas";"Incêndio";"Sem Vítimas";"Plena Noite";"Crescente";"Céu Claro";"Dupla";"Reta";"Não";1;0;0;0;1;0;0;1;-22,58978112;-44,88535587;"SPRF-SP";"DEL08-SP";"UOP02-DEL08-SP"
378352;2021-08-21;"sábado";"03:50:00";"PR";116;114;"CURITIBA";"Acessar a via sem observar a presença dos outros veículos";"Colisão traseira";"Com Vítimas Feridas";"Plena Noite";"Decrescente";"Céu Claro";"Dupla";"Em Obras";"Sim";2;0;0;1;1;0;1;2;-25,56296907;-49,25643801;"SPRF-PR";"DEL01-PR";"UOP01-DEL01-PR"
378353;2021-08-21;"sábado";"04:10:00";"PE";232;6,4;"RECIFE";"Ausência de reação do condutor";"Saída de leito carroçável";"Sem Vítimas";"Plena Noite";"Crescente";"Céu Claro";"Dupla";"Reta";"Não";3;0;0;0;3;0;0;2;-8,07079525;-34,9535389;"SPRF-PE";"DEL01-PE";"UOP01-DEL01-PE"
378354;2021-08-21;"sábado";"04:45:00";"PR";277;603;"SANTA TEREZA DO OESTE";"Acessar a via sem observar a presença dos outros veículos";"Colisão traseira";"Com Vítimas Feridas";"Plena Noite";"Decrescente";"Céu Claro";"Simples";"Reta";"Não";7;0;5;0;2;0;5;2;-25,02817;-53,55983;"SPRF-PR";"DEL05-PR";"UOP02-DEL05-PR"
378355;2021-08-21;"sábado";"04:30:00";"RJ";101;475;"ANGRA DOS REIS";"Ingestão de álcool ou de substâncias psicoativas pelo pedestre";"Queda de ocupante de veículo";"Com Vítimas Feridas";"Plena Noite";"Decrescente";"Chuva";"Simples";"Curva";"Não";3;0;2;0;0;1;2;1;-23,00030529;-44,25655988;"SPRF-RJ";"DEL03-RJ";"UOP03-DEL03-RJ"
378356;2021-08-21;"sábado";"04:40:00";"PE";101;50,3;"ABREU E LIMA";"Desrespeitar a preferência no cruzamento";"Colisão frontal";"Com Vítimas Fatais";"Amanhecer";"Crescente";"Nublado";"Múltipla";"Reta";"Sim";2;1;0;0;1;0;0;2;-7,91207689;-34,90067169;"SPRF-PE";"DEL01-PE";"UOP02-DEL01-PE"
378359;2021-08-21;"sábado";"04:30:00";"SP";116;412;"JUQUIA";"Reação tardia ou ineficiente do condutor";"Capotamento";"Sem Vítimas";"Plena Noite";"Crescente";"Céu Claro";"Dupla";"Reta";"Não";1;0;0;0;0;1;0;1;-24,33094086;-47,61325097;"SPRF-SP";"DEL05-SP";"UOP01-DEL05-SP"
378361;2021-08-21;"sábado";"05:00:00";"RJ";116;175;"NOVA IGUACU";"Condutor Dormindo";"Colisão transversal";"Sem Vítimas";"Amanhecer";"Decrescente";"Céu Claro";"Múltipla";"Reta";"Sim";3;0;0;0;3;0;0;3;-22,78923555;-43,37275272;"SPRF-RJ";"DEL01-RJ";"UOP02-DEL01-RJ"
378362;2021-08-21;"sábado";"05:00:00";"RJ";101;56;"CAMPOS DOS GOYTACAZES";"Transitar no acostamento";"Atropelamento de Pedestre";"Com Vítimas Feridas";"Plena Noite";"Crescente";"Céu Claro";"Simples";"Reta";"Sim";3;0;2;0;1;0;2;2;-21,68714199;-41,31063697;"SPRF-RJ";"DEL08-RJ";"UOP01-DEL08-RJ"
378363;2021-08-21;"sábado";"03:50:00";"RJ";116;118;"MAGE";"Reação tardia ou ineficiente do condutor";"Saída de leito carroçável";"Com Vítimas Feridas";"Plena Noite";"Crescente";"Céu Claro";"Dupla";"Reta";"Não";2;0;1;1;0;0;2;1;-22,60969336;-43,03076263;"SPRF-RJ";"DEL04-RJ";"UOP02-DEL04-RJ"
378365;2021-08-21;"sábado";"06:00:00";"BA";101;672;"ITAPEBI";"Velocidade Incompatível";"Saída de leito carroçável";"Com Vítimas Feridas";"Amanhecer";"Crescente";"Nublado";"Simples";"Curva";"Não";1;0;0;1;0;0;1;1;-15,99697528;-39,57824707;"SPRF-BA";"DEL09-BA";"UOP01-DEL09-BA"
378366;2021-08-21;"sábado";"05:45:00";"MG";262;678;"ARAXA";"Transitar no acostamento";"Colisão traseira";"Com Vítimas Feridas";"Plena Noite";"Decrescente";"Céu Claro";"Simples";"Curva";"Não";4;0;3;0;0;1;3;4;-19,55513759;-46,86885881;"SPRF-MG";"DEL08-MG";"UOP01-DEL08-MG"
378367;2021-08-21;"sábado";"05:10:00";"PR";277;117;"CAMPO LARGO";"Ausência de reação do condutor";"Queda de ocupante de veículo";"Com Vítimas Feridas";"Amanhecer";"Crescente";"Céu Claro";"Dupla";"Reta";"Sim";1;0;0;1;0;0;1;1;-25,434195;-49,415613;"SPRF-PR";"DEL01-PR";"UOP03-DEL03-PR"
378372;2021-08-21;"sábado";"06:00:00";"GO";50;141,7;"IPAMERI";"Condutor Dormindo";"Saída de leito carroçável";"Com Vítimas Feridas";"Amanhecer";"Crescente";"Céu Claro";"Dupla";"Aclive;Reta";"Não";2;0;1;1;0;0;2;1;-17,0955;-47,7253;"SPRF-GO";"DEL06-GO";"UOP01-DEL06-GO"
378373;2021-08-21;"sábado";"05:40:00";"BA";407;115;"SENHOR DO BONFIM";"Ingestão de álcool pelo condutor";"Colisão traseira";"Com Vítimas Feridas";"Amanhecer";"Crescente";"Ignorado";"Simples";"Reta";"Sim";4;0;0;1;3;0;1;2;-10,36046202;-40,16891967;"SPRF-BA";"DEL04-BA";"UOP01-DEL04-BA"
378374;2021-08-21;"sábado";"03:30:00";"GO";364;149;"JATAI";"Ingestão de álcool pelo condutor";"Colisão frontal";"Com Vítimas Feridas";"Plena Noite";"Crescente";"Céu Claro";"Simples";"Ponte";"Não";2;0;2;0;0;0;2;1;-18,165903;-51,420219;"SPRF-GO";"DEL05-GO";"UOP01-DEL05-GO"
378377;2021-08-21;"sábado";"06:15:00";"SC";280;131,2;"RIO NEGRINHO";"Desrespeitar a preferência no cruzamento";"Colisão transversal";"Com Vítimas Feridas";"Pleno dia";"Decrescente";"Céu Claro";"Simples";"Rotatória";"Não";2;0;1;0;1;0;1;2;-26,25581515;-49,53953493;"SPRF-SC";"DEL06-SC";"UOP03-DEL06-SC"
378379;2021-08-21;"sábado";"00:50:00";"RJ";101;409;"ITAGUAI";"Condutor deixou de manter distância do veículo da frente";"Colisão traseira";"Com Vítimas Feridas";"Plena Noite";"Crescente";"Céu Claro";"Dupla";"Reta";"Sim";3;0;1;0;2;0;1;2;-22,88503992;-43,83250205;"SPRF-RJ";"DEL03-RJ";"UOP01-DEL03-RJ"
378380;2021-08-21;"sábado";"07:00:00";"PE";407;128,9;"PETROLINA";"Desrespeitar a preferência no cruzamento";"Colisão transversal";"Com Vítimas Feridas";"Pleno dia";"Decrescente";"Céu Claro";"Simples";"Rotatória;Interseção de Vias";"Sim";3;0;2;0;1;0;2;2;-9,39387565;-40,51133888;"SPRF-PE";"DEL06-PE";"UOP01-DEL06-PE"
378381;2021-08-20;"sexta-feira";"23:00:00";"TO";153;151;"ARAGUAINA";"Pedestre andava na pista";"Saída de leito carroçável";"Sem Vítimas";"Anoitecer";"Decrescente";"Céu Claro";"Simples";"Reta";"Não";1;0;0;0;1;0;0;1;-7,25638791;-48,25895421;"SPRF-TO";"DEL02-TO";"UOP01-DEL02-TO"
378383;2021-08-21;"sábado";"03:55:00";"CE";222;14,9;"CAUCAIA";"Condutor Dormindo";"Saída de leito carroçável";"Com Vítimas Feridas";"Pleno dia";"Decrescente";"Céu Claro";"Simples";"Reta";"Não";1;0;0;1;0;0;1;1;-3,76168497;-38,68641099;"SPRF-CE";"DEL01-CE";"UOP01-DEL01-CE"
378385;2021-08-21;"sábado";"07:40:00";"SP";116;270;"TABOAO DA SERRA";"Trafegar com motocicleta (ou similar) entre as faixas";"Colisão traseira";"Com Vítimas Feridas";"Pleno dia";"Crescente";"Céu Claro";"Dupla";"Reta";"Sim";3;0;2;0;1;0;2;2;-23,61799728;-46,79677694;"SPRF-SP";"DEL04-SP";"UOP01-DEL04-SP"
378386;2021-08-21;"sábado";"01:55:00";"SP";116;155;"SAO JOSE DOS CAMPOS";"Reação tardia ou ineficiente do condutor";"Colisão traseira";"Com Vítimas Feridas";"Plena Noite";"Crescente";"Céu Claro";"Dupla";"Reta";"Sim";4;0;1;0;3;0;1;1;-23,24524337;-45,92772774;"SPRF-SP";"DEL02-SP";"UOP01-DEL02-SP"
378387;2021-08-21;"sábado";"08:00:00";"SP";116;148;"SAO JOSE DOS CAMPOS";"Avarias e/ou desgaste excessivo no pneu";"Tombamento";"Com Vítimas Feridas";"Pleno dia";"Decrescente";"Sol";"Dupla";"Reta";"Não";1;0;1;0;0;0;1;1;-23,1005758;-45,85075378;"SPRF-SP";"DEL02-SP";"UOP01-DEL02-SP"
378389;2021-08-21;"sábado";"05:50:00";"MG";40;82,2;"PARACATU";"Condutor Dormindo";"Saída de leito carroçável";"Com Vítimas Feridas";"Amanhecer";"Crescente";"Céu Claro";"Simples";"Reta";"Não";5;0;5;0;0;0;5;1;-17,46980649;-46,64389174;"SPRF-MG";"DEL14-MG";"UOP01-DEL14-MG"
378390;2021-08-21;"sábado";"06:00:00";"MS";163;263;"DOURADOS";"Desrespeitar a preferência no cruzamento";"Colisão transversal";"Com Vítimas Feridas";"Amanhecer";"Crescente";"Céu Claro";"Dupla";"Rotatória";"Sim";3;0;1;0;2;0;1;2;-22,2316424;-54,7478208;"SPRF-MS";"DEL04-MS";"UOP01-DEL04-MS"
378392;2021-08-21;"sábado";"08:40:00";"SC";282;5;"SAO JOSE";"Ausência de reação do condutor";"Colisão com objeto";"Sem Vítimas";"Pleno dia";"Crescente";"Céu Claro";"Dupla";"Curva";"Sim";1;0;0;0;0;1;0;1;-27,588425;-48,612919;"SPRF-SC";"DEL01-SC";"UOP01-DEL01-SC"
378395;2021-08-21;"sábado";"03:30:00";"RO";429;62;"PRESIDENTE MEDICI";"Condutor Dormindo";"Saída de leito carroçável";"Com Vítimas Feridas";"Plena Noite";"Crescente";"Céu Claro";"Simples";"Aclive";"Não";2;0;1;0;0;1;1;2;-11,2040098;-62,09084801;"SPRF-RO";"DEL02-RO";"UOP03-DEL02-RO"
378397;2021-08-21;"sábado";"07:50:00";"RO";364;711;"PORTO VELHO";"Demais falhas mecânicas ou elétricas";"Saída de leito carroçável";"Sem Vítimas";"Pleno dia";"Decrescente";"Céu Claro";"Dupla";"Reta";"Sim";1;0;0;0;0;1;0;1;-8,78153947;-63,86531369;"SPRF-RO";"DEL01-RO";"UOP01-DEL01-RO"
378398;2021-08-21;"sábado";"09:20:00";"SP";116;270;"TABOAO DA SERRA";"Trafegar com motocicleta (ou similar) entre as faixas";"Colisão traseira";"Com Vítimas Feridas";"Pleno dia";"Decrescente";"Céu Claro";"Dupla";"Reta";"Sim";2;0;1;0;1;0;1;2;-23,61799728;-46,79677694;"SPRF-SP";"DEL04-SP";"UOP01-DEL04-SP"
378399;2021-08-21;"sábado";"06:30:00";"MS";262;673,5;"CORUMBA";"Manobra de mudança de faixa";"Saída de leito carroçável";"Sem Vítimas";"Amanhecer";"Crescente";"Céu Claro";"Simples";"Reta";"Não";2;0;0;0;2;0;0;1;-19,590571;-57,141532;"SPRF-MS";"DEL03-MS";"UOP03-DEL03-MS"
378401;2021-08-21;"sábado";"07:50:00";"MG";40;660,3;"CARANDAI";"Transitar na contramão";"Colisão transversal";"Com Vítimas Feridas";"Pleno dia";"Crescente";"Céu Claro";"Simples";"Aclive;Reta";"Sim";2;0;1;0;1;0;1;2;-20,90244996;-43,82767173;"SPRF-MG";"DEL05-MG";"UOP02-DEL05-MG"
378402;2021-08-21;"sábado";"04:00:00";"SC";101;104,5;"PENHA";"Reação tardia ou ineficiente do condutor";"Saída de leito carroçável";"Sem Vítimas";"Plena Noite";"Decrescente";"Nublado";"Simples";"Viaduto;Interseção de Vias";"Não";1;0;0;0;0;1;0;1;-26,79281742;-48,68080819;"SPRF-SC";"DEL03-SC";"UOP02-DEL03-SC"
378403;2021-08-21;"sábado";"10:15:00";"SP";116;281;"EMBU DAS ARTES";"Frear bruscamente";"Engavetamento";"Com Vítimas Feridas";"Pleno dia";"Crescente";"Céu Claro";"Dupla";"Declive";"Sim";5;0;1;0;4;0;1;3;-23,67784787;-46,85769227;"SPRF-SP";"DEL04-SP";"UOP01-DEL04-SP"
378405;2021-08-21;"sábado";"07:30:00";"PR";277;692,8;"SAO MIGUEL DO IGUACU";"Manobra de mudança de faixa";"Colisão lateral mesmo sentido";"Sem Vítimas";"Pleno dia";"Crescente";"Céu Claro";"Dupla";"Curva";"Não";3;0;0;0;3;0;0;3;-25,36774473;-54,26181715;"SPRF-PR";"DEL05-PR";"UOP01-DEL05-PR"
378406;2021-08-21;"sábado";"11:39:00";"GO";70;314;"JUSSARA";"Acessar a via sem observar a presença dos outros veículos";"Colisão transversal";"Com Vítimas Feridas";"Pleno dia";"Crescente";"Céu Claro";"Dupla";"Interseção de Vias";"Sim";2;0;1;0;1;0;1;2;-15,87312027;-50,85069716;"SPRF-GO";"DEL04-GO";"UOP01-DEL04-GO"
378411;2021-08-18;"quarta-feira";"14:30:00";"RO";425;67,2;"NOVA MAMORE";"Avarias e/ou desgaste excessivo no pneu";"Colisão frontal";"Com Vítimas Feridas";"Pleno dia";"Decrescente";"Céu Claro";"Simples";"Reta";"Não";2;0;1;0;1;0;1;2;-10,129408;-65,294296;"SPRF-RO";"DEL01-RO";"UOP03-DEL01-RO"
378414;2021-08-21;"sábado";"08:50:00";"RO";364;425;"JARU";"Retorno proibido";"Colisão lateral mesmo sentido";"Com Vítimas Feridas";"Pleno dia";"Decrescente";"Céu Claro";"Simples";"Reta";"Não";5;0;2;1;2;0;3;2;-10,433963;-62,477326;"SPRF-RO";"DEL03-RO";"UOP02-DEL03-RO"
378416;2021-08-21;"sábado";"11:15:00";"SC";101;210;"SAO JOSE";"Ausência de reação do condutor";"Colisão transversal";"Com Vítimas Feridas";"Pleno dia";"Decrescente";"Sol";"Simples";"Viaduto";"Sim";2;0;1;0;1;0;1;2;-27,61561516;-48,6442101;"SPRF-SC";"DEL01-SC";"UOP01-DEL01-SC"
378417;2021-08-21;"sábado";"11:00:00";"RJ";101;520;"ANGRA DOS REIS";"Velocidade Incompatível";"Capotamento";"Com Vítimas Feridas";"Pleno dia";"Crescente";"Céu Claro";"Simples";"Curva";"Não";2;0;2;0;0;0;2;1;-23,00969;-44,45143;"SPRF-RJ";"DEL03-RJ";"UOP02-DEL03-RJ"
378418;2021-08-21;"sábado";"11:30:00";"GO";364;50;"CACHOEIRA ALTA";"Reação tardia ou ineficiente do condutor";"Queda de ocupante de veículo";"Com Vítimas Feridas";"Pleno dia";"Decrescente";"Céu Claro";"Simples";"Reta";"Não";2;0;2;0;0;0;2;1;-18,808384;-50,893456;"SPRF-GO";"DEL05-GO";"UOP02-DEL05-GO"
378422;2021-08-21;"sábado";"08:50:00";"SC";101;27,1;"JOINVILLE";"Desrespeitar a preferência no cruzamento";"Colisão transversal";"Com Vítimas Feridas";"Pleno dia";"Crescente";"Céu Claro";"Dupla";"Rotatória;Viaduto;Interseção de Vias";"Sim";2;0;1;0;1;0;1;2;-26,20334809;-48,91413689;"SPRF-SC";"DEL03-SC";"UOP01-DEL03-SC"
378423;2021-08-21;"sábado";"09:55:00";"SC";280;129;"RIO NEGRINHO";"Obras na pista";"Colisão transversal";"Com Vítimas Feridas";"Pleno dia";"Decrescente";"Céu Claro";"Simples";"Em Obras;Reta";"Sim";2;0;0;1;1;0;1;2;-26,24586437;-49,52284615;"SPRF-SC";"DEL06-SC";"UOP03-DEL06-SC"
378424;2021-08-21;"sábado";"10:30:00";"PE";232;29;"MORENO";"Manobra de mudança de faixa";"Colisão lateral mesmo sentido";"Com Vítimas Feridas";"Pleno dia";"Decrescente";"Céu Claro";"Dupla";"Curva";"Não";2;0;1;0;1;0;1;2;-8,111269;-35,143135;"SPRF-PE";"DEL01-PE";"UOP01-DEL01-PE"
378425;2021-08-21;"sábado";"11:20:00";"SP";101;40;"UBATUBA";"Entrada inopinada do pedestre";"Atropelamento de Pedestre";"Com Vítimas Feridas";"Pleno dia";"Crescente";"Sol";"Simples";"Reta";"Sim";2;0;1;0;1;0;1;2;-23,41495528;-45,03516778;"SPRF-SP";"DEL06-SP";"UOP01-DEL06-SP"
378426;2021-08-21;"sábado";"12:12:00";"SC";101;212;"PALHOCA";"Ausência de reação do condutor";"Colisão traseira";"Com Vítimas Feridas";"Pleno dia";"Decrescente";"Sol";"Dupla";"Reta";"Sim";4;0;2;0;2;0;2;3;-27,62996929;-48,65903871;"SPRF-SC";"DEL01-SC";"UOP02-DEL01-SC"
378427;2021-08-21;"sábado";"10:43:00";"MG";116;528,7;"CARATINGA";"Acessar a via sem observar a presença dos outros veículos";"Colisão transversal";"Com Vítimas Feridas";"Pleno dia";"Crescente";"Céu Claro";"Dupla";"Reta";"Sim";3;0;2;0;1;0;2;2;-19,794033;-42,13731414;"SPRF-MG";"DEL06-MG";"UOP02-DEL06-MG"
378429;2021-08-21;"sábado";"12:50:00";"SC";101;212,8;"PALHOCA";"Ausência de reação do condutor";"Colisão traseira";"Com Vítimas Feridas";"Pleno dia";"Decrescente";"Sol";"Dupla";"Reta";"Sim";2;0;1;0;1;0;1;2;-27,62996929;-48,65903871;"SPRF-SC";"DEL01-SC";"UOP02-DEL01-SC"
378433;2021-08-21;"sábado";"12:45:00";"PR";376;599,8;"CURITIBA";"Manobra de mudança de faixa";"Saída de leito carroçável";"Com Vítimas Feridas";"Pleno dia";"Decrescente";"Céu Claro";"Dupla";"Reta";"Sim";4;0;2;0;2;0;2;1;-25,5217699;-49,33413595;"SPRF-PR";"DEL01-PR";"UOP01-DEL01-PR"
378436;2021-08-21;"sábado";"09:50:00";"SC";282;388,7;"JOACABA";"Reação tardia ou ineficiente do condutor";"Colisão lateral sentido oposto";"Com Vítimas Feridas";"Pleno dia";"Decrescente";"Céu Claro";"Simples";"Curva";"Não";2;0;1;0;1;0;1;2;-27,179003;-51,531616;"SPRF-SC";"DEL07-SC";"UOP05-DEL07-SC"
378441;2021-08-21;"sábado";"12:30:00";"BA";116;18,2;"VITORIA DA CONQUISTA";"Acessar a via sem observar a presença dos outros veículos";"Colisão transversal";"Com Vítimas Feridas";"Pleno dia";"Decrescente";"Céu Claro";"Simples";"Curva";"Não";3;0;0;2;1;0;2;2;-14,89655245;-40,83198851;"SPRF-BA";"DEL08-BA";"UOP01-DEL08-BA"
378442;2021-08-21;"sábado";"12:40:00";"MG";262;386;"MATEUS LEME";"Ausência de reação do condutor";"Saída de leito carroçável";"Sem Vítimas";"Pleno dia";"Decrescente";"Céu Claro";"Dupla";"Curva";"Não";1;0;0;0;1;0;0;1;-19,93407809;-44,42855871;"SPRF-MG";"DEL01-MG";"UOP03-DEL01-MG"
378443;2021-08-21;"sábado";"14:10:00";"PR";376;191,9;"MARIALVA";"Avarias e/ou desgaste excessivo no pneu";"Tombamento";"Com Vítimas Feridas";"Pleno dia";"Crescente";"Céu Claro";"Dupla";"Reta;Declive";"Não";2;0;1;1;0;0;2;1;-23,48573281;-51,79744383;"SPRF-PR";"DEL09-PR";"UOP01-DEL09-PR"
378444;2021-08-21;"sábado";"13:55:00";"GO";70;9,5;"AGUAS LINDAS DE GOIAS";"Desrespeitar a preferência no cruzamento";"Colisão lateral mesmo sentido";"Sem Vítimas";"Pleno dia";"Crescente";"Céu Claro";"Dupla";"Reta";"Sim";1;0;0;0;1;0;0;1;-15,73576731;-48,28288046;"SPRF-DF";"DEL03-DF";"UOP02-DEL03-DF"
378446;2021-08-21;"sábado";"14:35:00";"PI";343;348,4;"TERESINA";"Reação tardia ou ineficiente do condutor";"Tombamento";"Com Vítimas Feridas";"Pleno dia";"Crescente";"Céu Claro";"Dupla";"Interseção de Vias";"Sim";1;0;0;1;0;0;1;1;-5,12004389;-42,78920531;"SPRF-PI";"DEL01-PI";"UOP01-DEL01-PI"
378447;2021-08-21;"sábado";"12:50:00";"MS";163;129,4;"NAVIRAI";"Ingestão de álcool pelo condutor";"Colisão lateral mesmo sentido";"Sem Vítimas";"Pleno dia";"Crescente";"Céu Claro";"Simples";"Reta";"Não";2;0;0;0;2;0;0;2;-23,04564677;-54,25168086;"SPRF-MS";"DEL09-MS";"UOP01-DEL09-MS"
378448;2021-08-21;"sábado";"13:50:00";"SC";101;205,6;"SAO JOSE";"Velocidade Incompatível";"Colisão com objeto";"Com Vítimas Feridas";"Pleno dia";"Decrescente";"Céu Claro";"Múltipla";"Reta";"Não";1;0;0;1;0;0;1;1;-27,58313237;-48,61532885;"SPRF-SC";"DEL01-SC";"UOP01-DEL01-SC"
378449;2021-08-21;"sábado";"06:00:00";"RS";285;188,7;"LAGOA VERMELHA";"Velocidade Incompatível";"Saída de leito carroçável";"Com Vítimas Feridas";"Amanhecer";"Decrescente";"Céu Claro";"Simples";"Curva";"Não";1;0;0;1;0;0;1;1;-28,281801;-51,467041;"SPRF-RS";"DEL08-RS";"UOP05-DEL08-RS"
378450;2021-08-21;"sábado";"14:00:00";"PR";277;570,8;"CASCAVEL";"Avarias e/ou desgaste excessivo no pneu";"Tombamento";"Com Vítimas Feridas";"Pleno dia";"Decrescente";"Sol";"Simples";"Reta";"Não";2;0;1;0;1;0;1;1;-25,01741968;-53,28195778;"SPRF-PR";"DEL04-PR";"UOP01-DEL04-PR"
378451;2021-08-21;"sábado";"15:00:00";"RN";304;225,9;"CAICARA DO RIO DO VENTO";"Acessar a via sem observar a presença dos outros veículos";"Colisão transversal";"Com Vítimas Fatais";"Pleno dia";"Crescente";"Céu Claro";"Simples";"Curva";"Não";5;1;0;0;1;3;0;3;-5,74785727;-35,93696594;"SPRF-RN";"DEL01-RN";"UOP03-DEL01-RN"
378453;2021-08-21;"sábado";"13:42:00";"MT";70;303;"POXOREO";"Acostamento em desnível";"Capotamento";"Com Vítimas Feridas";"Pleno dia";"Decrescente";"Céu Claro";"Simples";"Reta";"Não";4;0;1;3;0;0;4;1;-15,57659144;-54,49750504;"SPRF-MT";"DEL05-MT";"UOP01-DEL05-MT"
378454;2021-07-04;"domingo";"22:20:00";"BA";116;276;"TUCANO";"Ingestão de álcool pelo condutor";"Colisão transversal";"Com Vítimas Feridas";"Plena Noite";"Decrescente";"Céu Claro";"Simples";"Reta";"Sim";3;0;0;1;2;0;1;2;-10,97836001;-38,79537498;"SPRF-BA";"DEL07-BA";"UOP02-DEL07-BA"
378455;2021-08-21;"sábado";"15:10:00";"BA";116;816;"VITORIA DA CONQUISTA";"Acesso irregular";"Colisão transversal";"Com Vítimas Feridas";"Pleno dia";"Crescente";"Céu Claro";"Simples";"Reta";"Sim";2;0;0;1;1;0;1;2;-14,77751018;-40,73036091;"SPRF-BA";"DEL08-BA";"UOP01-DEL08-BA"
378456;2021-08-21;"sábado";"07:15:00";"ES";101;143;"LINHARES";"Acessar a via sem observar a presença dos outros veículos";"Colisão lateral mesmo sentido";"Com Vítimas Feridas";"Pleno dia";"Decrescente";"Céu Claro";"Dupla";"Reta";"Não";2;0;0;1;1;0;1;2;-19,34286596;-40,0638568;"SPRF-ES";"DEL04-ES";"UOP01-DEL04-ES"
378457;2021-08-21;"sábado";"06:50:00";"MS";262;690;"CORUMBA";"Condutor Dormindo";"Colisão com objeto";"Com Vítimas Feridas";"Pleno dia";"Crescente";"Céu Claro";"Simples";"Reta";"Não";1;0;0;1;0;0;1;1;-19,56804969;-57,28597896;"SPRF-MS";"DEL03-MS";"UOP03-DEL03-MS"
378459;2021-08-21;"sábado";"15:30:00";"SC";101;156,9;"PORTO BELO";"Reação tardia ou ineficiente do condutor";"Saída de leito carroçável";"Com Vítimas Feridas";"Pleno dia";"Decrescente";"Céu Claro";"Dupla";"Reta";"Não";2;0;1;0;1;0;1;1;-27,172272;-48,61170204;"SPRF-SC";"DEL04-SC";"UOP03-DEL04-SC"
378460;2021-08-21;"sábado";"16:10:00";"PR";277;684,3;"SAO MIGUEL DO IGUACU";"Demais falhas mecânicas ou elétricas";"Capotamento";"Com Vítimas Feridas";"Pleno dia";"Crescente";"Céu Claro";"Dupla";"Curva;Declive";"Não";1;0;1;0;0;0;1;1;-25,33882874;-54,20225143;"SPRF-PR";"DEL05-PR";"UOP01-DEL05-PR"
378461;2021-08-21;"sábado";"15:45:00";"RS";290;60;"GRAVATAI";"Ingestão de álcool pelo condutor";"Colisão traseira";"Sem Vítimas";"Pleno dia";"Crescente";"Chuva";"Múltipla";"Reta";"Não";2;0;0;0;2;0;0;2;-29,924659;-50,859767;"SPRF-RS";"DEL03-RS";"UOP01-DEL03-RS"
378463;2021-08-21;"sábado";"13:00:00";"SC";282;598,9;"CUNHA PORA";"Velocidade Incompatível";"Saída de leito carroçável";"Com Vítimas Feridas";"Pleno dia";"Decrescente";"Sol";"Simples";"Curva;Aclive";"Não";4;0;2;1;1;0;3;1;-26,825783;-53,147213;"SPRF-SC";"DEL07-SC";"UOP02-DEL07-SC"
378466;2021-08-21;"sábado";"16:00:00";"PB";230;45,3;"SANTA RITA";"Condutor Dormindo";"Saída de leito carroçável";"Com Vítimas Feridas";"Pleno dia";"Crescente";"Céu Claro";"Dupla";"Reta";"Não";2;0;1;0;1;0;1;1;-7,1583;-35,0176;"SPRF-PB";"DEL01-PB";"UOP03-DEL01-PB"
378467;2021-08-21;"sábado";"16:00:00";"SP";153;107,7;"JOSE BONIFACIO";"Acostamento em desnível";"Tombamento";"Com Vítimas Feridas";"Pleno dia";"Crescente";"Sol";"Simples";"Reta";"Sim";1;0;1;0;0;0;1;1;-21,06388847;-49,66255104;"SPRF-SP";"DEL09-SP";"UOP01-DEL09-SP"
378468;2021-08-21;"sábado";"16:30:00";"SP";116;275;"EMBU DAS ARTES";"Ausência de reação do condutor";"Colisão traseira";"Sem Vítimas";"Pleno dia";"Decrescente";"Céu Claro";"Dupla";"Reta";"Sim";2;0;0;0;2;0;0;2;-23,63638826;-46,83251584;"SPRF-SP";"DEL04-SP";"UOP01-DEL04-SP"
378469;2021-08-21;"sábado";"16:20:00";"RJ";116;142;"DUQUE DE CAXIAS";"Desrespeitar a preferência no cruzamento";"Colisão transversal";"Com Vítimas Feridas";"Pleno dia";"Decrescente";"Céu Claro";"Múltipla";"Interseção de Vias";"Sim";4;0;4;0;0;0;4;2;-22,64876087;-43,23031638;"SPRF-RJ";"DEL01-RJ";"UOP01-DEL01-RJ"
378470;2021-08-21;"sábado";"17:10:00";"PR";277;690,4;"SAO MIGUEL DO IGUACU";"Acessar a via sem observar a presença dos outros veículos";"Colisão lateral mesmo sentido";"Com Vítimas Feridas";"Pleno dia";"Crescente";"Céu Claro";"Dupla";"Rotatória";"Não";3;0;1;0;2;0;1;2;-25,3582673;-54,24527283;"SPRF-PR";"DEL05-PR";"UOP01-DEL05-PR"
378472;2021-08-21;"sábado";"17:20:00";"DF";20;19;"BRASILIA";"Acessar a via sem observar a presença dos outros veículos";"Colisão traseira";"Com Vítimas Feridas";"Pleno dia";"Crescente";"Céu Claro";"Dupla";"Reta";"Sim";5;0;2;0;3;0;2;3;-15,612175;-47,700928;"SPRF-DF";"DEL02-DF";"UOP01-DEL02-DF"