"id";"data_inversa";"dia_semana";"horario";"uf";"br";"km";"municipio";"causa_acidente";"tipo_acidente";"classificacao_acidente";"fase_dia";"sentido_via";"condicao_metereologica";"tipo_pista";"tracado_via";"uso_solo";"pessoas";"mortos";"feridos_leves";"feridos_graves";"ilesos";"ignorados";"feridos";"veiculos";"latitude";"longitude";"regional";"delegacia";"uop"
378473;2021-08-21;"sábado";"16:45:00";"RJ";101;532;"ANGRA DOS REIS";"Ingestão de álcool pelo condutor";"Colisão transversal";"Com Vítimas Feridas";"Pleno dia";"Crescente";"Céu Claro";"Simples";"Reta";"Não";8;0;2;0;6;0;2;2;-23,01786953;-44,53024067;"SPRF-RJ";"DEL03-RJ";"UOP02-DEL03-RJ"
378474;2021-08-21;"sábado";"17:40:00";"SP";116;296;"ITAPECERICA DA SERRA";"Ausência de reação do condutor";"Queda de ocupante de veículo";"Sem Vítimas";"Anoitecer";"Decrescente";"Céu Claro";"Dupla";"Reta";"Não";1;0;0;0;0;1;0;1;-23,775485;-46,914416;"SPRF-SP";"DEL04-SP";"UOP01-DEL04-SP"
378476;2021-08-21;"sábado";"16:30:00";"SE";235;27,8;"AREIA BRANCA";"Velocidade Incompatível";"Saída de leito carroçável";"Com Vítimas Feridas";"Pleno dia";"Decrescente";"Nublado";"Simples";"Curva";"Não";1;0;0;1;0;0;1;1;-10,79428359;-37,27801681;"SPRF-SE";"DEL01-SE";"UOP02-DEL01-SE"
378478;2021-08-20;"sexta-feira";"22:10:00";"SC";101;124;"ITAJAI";"Trafegar com motocicleta (ou similar) entre as faixas";"Tombamento";"Com Vítimas Feridas";"Plena Noite";"Crescente";"Céu Claro";"Dupla";"Reta";"Não";2;0;2;0;0;0;2;1;-26,94335064;-48,69198648;"SPRF-SC";"DEL04-SC";"UOP04-DEL04-SC"
378481;2021-08-21;"sábado";"18:05:00";"SC";280;28,6;"ARAQUARI";"Reação tardia ou ineficiente do condutor";"Colisão traseira";"Com Vítimas Feridas";"Anoitecer";"Decrescente";"Nublado";"Simples";"Reta";"Sim";2;0;1;0;1;0;1;2;-26,4092828;-48,75123024;"SPRF-SC";"DEL03-SC";"UOP03-DEL03-SC"
378483;2021-08-21;"sábado";"17:30:00";"PR";476;144;"CURITIBA";"Ingestão de álcool pelo condutor";"Saída de leito carroçável";"Com Vítimas Feridas";"Anoitecer";"Decrescente";"Céu Claro";"Dupla";"Curva";"Sim";6;0;6;0;0;0;6;1;-25,542501;-49,313011;"SPRF-PR";"DEL01-PR";"UOP03-DEL01-PR"
378484;2021-08-21;"sábado";"15:15:00";"AC";364;99;"RIO BRANCO";"Reação tardia ou ineficiente do condutor";"Queda de ocupante de veículo";"Com Vítimas Feridas";"Pleno dia";"Crescente";"Céu Claro";"Simples";"Reta";"Não";2;0;0;2;0;0;2;1;-10,06854519;-67,58357633;"SPRF-AC";"DEL01-AC";"UOP01-DEL01-AC"
378485;2021-08-21;"sábado";"18:10:00";"PR";469;13,6;"FOZ DO IGUACU";"Desrespeitar a preferência no cruzamento";"Colisão transversal";"Com Vítimas Feridas";"Anoitecer";"Crescente";"Céu Claro";"Simples";"Interseção de Vias";"Sim";6;0;4;1;0;1;5;2;-25,576958;-54,544243;"SPRF-PR";"DEL05-PR";"UOP04-DEL05-PR"
378486;2021-08-21;"sábado";"18:45:00";"MG";40;142,2;"JOAO PINHEIRO";"Pedestre cruzava a pista fora da faixa";"Atropelamento de Pedestre";"Com Vítimas Feridas";"Plena Noite";"Decrescente";"Céu Claro";"Simples";"Reta";"Sim";2;0;1;1;0;0;2;2;-17,740382;-46,185728;"SPRF-MG";"DEL14-MG";"UOP01-DEL14-MG"
378487;2021-08-21;"sábado";"14:45:00";"RJ";116;143;"DUQUE DE CAXIAS";"Avarias e/ou desgaste excessivo no pneu";"Queda de ocupante de veículo";"Com Vítimas Feridas";"Pleno dia";"Crescente";"Céu Claro";"Dupla";"Reta";"Sim";2;0;2;0;0;0;2;1;-22,65237271;-43,23918118;"SPRF-RJ";"DEL01-RJ";"UOP01-DEL01-RJ"
378488;2021-08-21;"sábado";"18:00:00";"DF";20;15,3;"BRASILIA";"Reação tardia ou ineficiente do condutor";"Queda de ocupante de veículo";"Com Vítimas Feridas";"Plena Noite";"Crescente";"Céu Claro";"Dupla";"Reta";"Sim";3;0;2;0;1;0;2;2;-15,630189;-47,733288;"SPRF-DF";"DEL02-DF";"UOP01-DEL02-DF"
378489;2021-08-21;"sábado";"18:00:00";"GO";20;67;"FORMOSA";"Mal súbito do condutor";"Saída de leito carroçável";"Com Vítimas Feridas";"Plena Noite";"Crescente";"Céu Claro";"Simples";"Reta";"Não";4;0;4;0;0;0;4;1;-15,195777;-47,152126;"SPRF-DF";"DEL02-DF";"UOP01-DEL02-DF"
378490;2021-07-16;"sexta-feira";"14:00:00";"RJ";393;238,6;"VASSOURAS";"Acessar a via sem observar a presença dos outros veículos";"Colisão transversal";"Com Vítimas Feridas";"Pleno dia";"Decrescente";"Sol";"Simples";"Interseção de Vias";"Não";2;0;0;1;1;0;1;2;-22,40095658;-43,66442518;"SPRF-RJ";"DEL05-RJ";"UOP03-DEL05-RJ"
378491;2021-08-21;"sábado";"18:15:00";"RS";116;232;"ESTANCIA VELHA";"Ingestão de álcool pelo condutor";"Colisão traseira";"Sem Vítimas";"Plena Noite";"Decrescente";"Nublado";"Simples";"Reta;Aclive";"Não";4;0;0;0;4;0;0;2;-29,63300002;-51,14325106;"SPRF-RS";"DEL01-RS";"UOP02-DEL01-RS"
378493;2021-08-21;"sábado";"13:40:00";"MT";70;725;"CACERES";"Reação tardia ou ineficiente do condutor";"Saída de leito carroçável";"Com Vítimas Feridas";"Pleno dia";"Crescente";"Céu Claro";"Simples";"Reta";"Não";4;0;0;4;0;0;4;1;-16,1434;-57,65116;"SPRF-MT";"DEL03-MT";"UOP01-DEL03-MT"
378494;2021-07-24;"sábado";"09:30:00";"PI";343;340,9;"TERESINA";"Condutor deixou de manter distância do veículo da frente";"Colisão traseira";"Com Vítimas Feridas";"Pleno dia";"Crescente";"Céu Claro";"Dupla";"Reta";"Sim";2;0;0;1;1;0;1;2;-5,07747903;-42,74606466;"SPRF-PI";"DEL01-PI";"UOP01-DEL01-PI"
378496;2021-08-21;"sábado";"18:50:00";"PR";116;117;"CURITIBA";"Velocidade Incompatível";"Capotamento";"Com Vítimas Feridas";"Anoitecer";"Crescente";"Céu Claro";"Dupla";"Reta";"Sim";1;0;1;0;0;0;1;1;-25,59521554;-49,316715;"SPRF-PR";"DEL01-PR";"UOP03-DEL01-PR"
378498;2021-08-21;"sábado";"18:50:00";"ES";101;265;"SERRA";"Condutor deixou de manter distância do veículo da frente";"Colisão traseira";"Sem Vítimas";"Plena Noite";"Crescente";"Céu Claro";"Dupla";"Reta";"Sim";4;0;0;0;4;0;0;4;-20,1816849;-40,26536036;"SPRF-ES";"DEL02-ES";"UOP01-DEL02-ES"
378499;2021-08-21;"sábado";"17:45:00";"GO";70;3;"AGUAS LINDAS DE GOIAS";"Ingestão de álcool pelo condutor";"Saída de leito carroçável";"Com Vítimas Feridas";"Pleno dia";"Crescente";"Céu Claro";"Dupla";"Reta";"Sim";1;0;1;0;0;0;1;1;-15,76177302;-48,2368693;"SPRF-DF";"DEL03-DF";"UOP02-DEL03-DF"
378502;2021-08-21;"sábado";"19:30:00";"MG";381;455;"BELO HORIZONTE";"Transitar na contramão";"Colisão frontal";"Com Vítimas Feridas";"Plena Noite";"Decrescente";"Céu Claro";"Simples";"Reta";"Não";3;0;0;1;2;0;1;2;-19,85777408;-43,90468298;"SPRF-MG";"DEL01-MG";"UOP01-DEL01-MG"
378503;2021-08-21;"sábado";"19:00:00";"CE";116;11;"FORTALEZA";"Objeto estático sobre o leito carroçável";"Colisão com objeto";"Sem Vítimas";"Plena Noite";"Crescente";"Céu Claro";"Dupla";"Reta";"Sim";1;0;0;0;0;1;0;1;-3,845957;-38,497871;"SPRF-CE";"DEL01-CE";"UOP02-DEL01-CE"
378504;2021-08-21;"sábado";"19:30:00";"PR";376;198,5;"MARIALVA";"Pedestre cruzava a pista fora da faixa";"Atropelamento de Pedestre";"Com Vítimas Fatais";"Plena Noite";"Crescente";"Céu Claro";"Dupla";"Declive";"Não";4;1;0;0;2;1;0;2;-23,50488843;-51,74261909;"SPRF-PR";"DEL09-PR";"UOP01-DEL09-PR"
378505;2021-08-21;"sábado";"19:17:00";"RJ";101;63,1;"CAMPOS DOS GOYTACAZES";"Objeto estático sobre o leito carroçável";"Colisão com objeto";"Sem Vítimas";"Plena Noite";"Decrescente";"Céu Claro";"Simples";"Reta";"Sim";2;0;0;0;2;0;0;1;-21,742022;-41,33021;"SPRF-RJ";"DEL08-RJ";"UOP01-DEL08-RJ"
378506;2021-08-21;"sábado";"19:49:00";"GO";70;305;"JUSSARA";"Ausência de reação do condutor";"Queda de ocupante de veículo";"Com Vítimas Feridas";"Plena Noite";"Crescente";"Céu Claro";"Simples";"Curva";"Sim";1;0;0;1;0;0;1;1;-15,8642601;-50,78696251;"SPRF-GO";"DEL04-GO";"UOP01-DEL04-GO"
378507;2021-08-21;"sábado";"16:35:00";"AL";104;27,5;"UNIAO DOS PALMARES";"Acumulo de água sobre o pavimento";"Saída de leito carroçável";"Com Vítimas Feridas";"Pleno dia";"Decrescente";"Nublado";"Simples";"Curva";"Não";3;0;2;0;1;0;2;1;-9,1067628;-36,05271491;"SPRF-AL";"DEL01-AL";"UOP02-DEL01-AL"
378511;2021-08-21;"sábado";"16:45:00";"RO";364;540;"ALTO PARAISO";"Ingestão de álcool pelo condutor";"Saída de leito carroçável";"Com Vítimas Feridas";"Pleno dia";"Decrescente";"Céu Claro";"Simples";"Curva;Declive";"Não";1;0;1;0;0;0;1;1;-9,725236;-63,119003;"SPRF-RO";"DEL03-RO";"UOP01-DEL03-RO"
378512;2021-08-21;"sábado";"16:40:00";"RS";116;158,2;"CAXIAS DO SUL";"Ingestão de álcool pelo condutor";"Colisão com objeto";"Sem Vítimas";"Pleno dia";"Decrescente";"Nublado";"Simples";"Reta";"Não";1;0;0;0;1;0;0;1;-29,22015528;-51,16867117;"SPRF-RS";"DEL05-RS";"UOP01-DEL05-RS"
378514;2021-08-21;"sábado";"20:32:00";"SC";101;213,8;"PALHOCA";"Acessar a via sem observar a presença dos outros veículos";"Colisão transversal";"Com Vítimas Feridas";"Plena Noite";"Decrescente";"Céu Claro";"Dupla";"Reta";"Sim";2;0;1;0;1;0;1;2;-27,63697369;-48,66514142;"SPRF-SC";"DEL01-SC";"UOP02-DEL01-SC"
378515;2021-08-21;"sábado";"19:20:00";"AP";210;102;"PORTO GRANDE";"Reação tardia ou ineficiente do condutor";"Colisão traseira";"Com Vítimas Feridas";"Plena Noite";"Crescente";"Céu Claro";"Simples";"Reta";"Sim";3;0;1;0;1;1;1;2;0,70564616;-51,41271608;"SPRF-AP";"DEL01-AP";"UOP01-DEL01-AP"
378516;2021-08-21;"sábado";"20:25:00";"BA";116;632,4;"JAGUAQUARA";"Acesso irregular";"Colisão transversal";"Com Vítimas Feridas";"Plena Noite";"Decrescente";"Céu Claro";"Simples";"Interseção de Vias";"Sim";1;0;1;0;0;0;1;1;-13,46756485;-40,03652534;"SPRF-BA";"DEL03-BA";"UOP01-DEL03-BA"
378517;2021-08-21;"sábado";"17:30:00";"PB";230;191;"POCINHOS";"Acessar a via sem observar a presença dos outros veículos";"Colisão transversal";"Com Vítimas Feridas";"Anoitecer";"Crescente";"Céu Claro";"Simples";"Reta";"Não";2;0;1;0;0;1;1;2;-7,1331;-36,1616;"SPRF-PB";"DEL02-PB";"UOP02-DEL02-PB"
378518;2021-08-21;"sábado";"20:20:00";"PB";230;238;"JUAZEIRINHO";"Avarias e/ou desgaste excessivo no pneu";"Saída de leito carroçável";"Com Vítimas Feridas";"Plena Noite";"Crescente";"Céu Claro";"Simples";"Reta";"Não";2;0;1;0;0;1;1;1;-7,0543;-36,5494;"SPRF-PB";"DEL02-PB";"UOP02-DEL02-PB"
378519;2021-08-21;"sábado";"20:45:00";"SC";101;214,3;"PALHOCA";"Acessar a via sem observar a presença dos outros veículos";"Colisão transversal";"Com Vítimas Feridas";"Plena Noite";"Crescente";"Céu Claro";"Dupla";"Viaduto";"Sim";3;0;1;0;0;2;1;3;-27,64443;-48,67057;"SPRF-SC";"DEL01-SC";"UOP02-DEL01-SC"
378521;2021-08-21;"sábado";"20:40:00";"GO";364;266;"MINEIROS";"Ausência de sinalização";"Atropelamento de Pedestre";"Com Vítimas Feridas";"Plena Noite";"Crescente";"Céu Claro";"Simples";"Reta";"Não";2;0;0;1;1;0;1;2;-17,662731;-52,277348;"SPRF-GO";"DEL05-GO";"UOP01-DEL05-GO"
378522;2021-08-21;"sábado";"20:45:00";"CE";116;3,9;"FORTALEZA";"Reação tardia ou ineficiente do condutor";"Colisão com objeto";"Com Vítimas Feridas";"Plena Noite";"Decrescente";"Céu Claro";"Múltipla";"Reta";"Sim";1;0;1;0;0;0;1;1;-3,77866493;-38,51490171;"SPRF-CE";"DEL01-CE";"UOP02-DEL01-CE"
378523;2021-08-21;"sábado";"19:20:00";"AC";364;124;"RIO BRANCO";"Ingestão de álcool pelo condutor";"Colisão traseira";"Com Vítimas Feridas";"Plena Noite";"Decrescente";"Céu Claro";"Simples";"Rotatória";"Sim";5;0;1;0;4;0;1;2;-10,01152469;-67,79140099;"SPRF-AC";"DEL01-AC";"UOP01-DEL01-AC"
378524;2021-08-21;"sábado";"20:59:00";"SP";116;207,9;"GUARULHOS";"Ausência de reação do condutor";"Colisão com objeto";"Com Vítimas Feridas";"Plena Noite";"Crescente";"Céu Claro";"Dupla";"Reta";"Sim";2;0;1;0;1;0;1;1;-23,41972188;-46,38419203;"SPRF-SP";"DEL01-SP";"UOP01-DEL01-SP"
378525;2021-07-24;"sábado";"18:30:00";"RS";287;248;"SANTA MARIA";"Manobra de mudança de faixa";"Colisão transversal";"Com Vítimas Feridas";"Plena Noite";"Crescente";"Céu Claro";"Dupla";"Reta";"Sim";2;0;1;0;1;0;1;2;-29,69854288;-53,84439295;"SPRF-RS";"DEL09-RS";"UOP01-DEL09-RS"
378526;2021-08-21;"sábado";"20:35:00";"MT";163;594;"NOVA MUTUM";"Velocidade Incompatível";"Saída de leito carroçável";"Com Vítimas Feridas";"Plena Noite";"Decrescente";"Céu Claro";"Dupla";"Rotatória";"Sim";1;0;0;1;0;0;1;1;-13,96101898;-56,09763026;"SPRF-MT";"DEL01-MT";"UOP01-DEL01-MT"
378527;2021-08-21;"sábado";"21:31:00";"PB";230;18;"JOAO PESSOA";"Acostamento em desnível";"Saída de leito carroçável";"Com Vítimas Feridas";"Plena Noite";"Decrescente";"Céu Claro";"Dupla";"Reta";"Sim";1;0;1;0;0;0;1;1;-7,1198;-34,8453;"SPRF-PB";"DEL01-PB";"UOP01-DEL01-PB"
378528;2021-08-21;"sábado";"20:30:00";"SC";470;119,8;"IBIRAMA";"Ausência de reação do condutor";"Saída de leito carroçável";"Com Vítimas Feridas";"Plena Noite";"Decrescente";"Céu Claro";"Simples";"Reta";"Não";2;0;2;0;0;0;2;1;-27,081554;-49,520206;"SPRF-SC";"DEL04-SC";"UOP02-DEL04-SC"
378531;2021-08-21;"sábado";"21:45:00";"RS";116;265;"CANOAS";"Manobra de mudança de faixa";"Colisão lateral mesmo sentido";"Sem Vítimas";"Plena Noite";"Decrescente";"Céu Claro";"Simples";"Curva";"Sim";2;0;0;0;2;0;0;2;-29,92342302;-51,17780944;"SPRF-RS";"DEL01-RS";"UOP01-DEL01-RS"
378532;2021-08-21;"sábado";"20:20:00";"BA";101;240;"CONCEICAO DO ALMEIDA";"Ausência de reação do condutor";"Saída de leito carroçável";"Com Vítimas Feridas";"Plena Noite";"Crescente";"Céu Claro";"Simples";"Reta";"Não";1;0;1;0;0;0;1;1;-12,88117996;-39,21999041;"SPRF-BA";"DEL01-BA";"UOP02-DEL01-BA"
378533;2021-08-21;"sábado";"22:15:00";"SC";101;193;"BIGUACU";"Área urbana sem a presença de local apropriado para a travessia de pedestres";"Atropelamento de Pedestre";"Com Vítimas Feridas";"Plena Noite";"Crescente";"Céu Claro";"Simples";"Reta";"Não";2;0;1;0;1;0;1;2;-27,489574;-48,655914;"SPRF-SC";"DEL01-SC";"UOP01-DEL01-SC"
378534;2021-08-21;"sábado";"20:50:00";"PR";116;66,5;"CAMPINA GRANDE DO SUL";"Manobra de mudança de faixa";"Colisão lateral mesmo sentido";"Sem Vítimas";"Plena Noite";"Crescente";"Céu Claro";"Dupla";"Curva";"Sim";2;0;0;0;2;0;0;2;-25,31033956;-49,01212903;"SPRF-PR";"DEL01-PR";"UOP02-DEL01-PR"
378535;2021-08-21;"sábado";"20:30:00";"PA";230;629;"ALTAMIRA";"Ausência de reação do condutor";"Saída de leito carroçável";"Com Vítimas Feridas";"Plena Noite";"Crescente";"Céu Claro";"Simples";"Reta";"Não";1;0;1;0;0;0;1;1;-3,17273469;-52,15369802;"SPRF-PA";"DEL04-PA";"UOP01-DEL04-PA"
378536;2021-08-21;"sábado";"22:25:00";"RS";116;240,8;"NOVO HAMBURGO";"Velocidade Incompatível";"Colisão traseira";"Com Vítimas Feridas";"Plena Noite";"Crescente";"Céu Claro";"Dupla";"Reta;Declive";"Sim";4;0;1;0;3;0;1;3;-29,7083397;-51,1472845;"SPRF-RS";"DEL01-RS";"UOP02-DEL01-RS"
378537;2021-08-21;"sábado";"18:30:00";"MT";364;276;"JACIARA";"Pedestre andava na pista";"Atropelamento de Pedestre";"Com Vítimas Fatais";"Plena Noite";"Crescente";"Céu Claro";"Simples";"Reta";"Não";3;1;1;0;1;0;1;2;-15,95344474;-54,99098104;"SPRF-MT";"DEL02-MT";"UOP01-DEL02-MT"
378538;2021-08-21;"sábado";"22:30:00";"RS";116;264,4;"CANOAS";"Acessar a via sem observar a presença dos outros veículos";"Colisão lateral mesmo sentido";"Com Vítimas Feridas";"Plena Noite";"Crescente";"Céu Claro";"Dupla";"Interseção de Vias";"Sim";2;0;1;0;1;0;1;2;-29,914435;-51,17754495;"SPRF-RS";"DEL01-RS";"UOP01-DEL01-RS"
378540;2021-08-21;"sábado";"20:00:00";"PB";230;240;"JUAZEIRINHO";"Manobra de mudança de faixa";"Colisão transversal";"Com Vítimas Feridas";"Plena Noite";"Crescente";"Céu Claro";"Simples";"Reta";"Sim";2;0;1;0;1;0;1;2;-7,0634;-36,563;"SPRF-PB";"DEL02-PB";"UOP02-DEL02-PB"
378541;2021-08-21;"sábado";"21:00:00";"PB";230;74;"SOBRADO";"Reação tardia ou ineficiente do condutor";"Colisão com objeto";"Sem Vítimas";"Plena Noite";"Decrescente";"Céu Claro";"Dupla";"Curva";"Não";1;0;0;0;0;1;0;1;-7,1894;-35,2596;"SPRF-PB";"DEL01-PB";"UOP03-DEL01-PB"
378542;2021-08-21;"sábado";"23:10:00";"RN";304;48,2;"MOSSORO";"Ingestão de álcool pelo condutor";"Tombamento";"Com Vítimas Feridas";"Plena Noite";"Crescente";"Céu Claro";"Dupla";"Reta";"Sim";1;0;0;1;0;0;1;1;-5,22868577;-37,32203081;"SPRF-RN";"DEL04-RN";"UOP01-DEL04-RN"
378544;2021-08-21;"sábado";"22:30:00";"GO";20;93;"VILA BOA";"Velocidade Incompatível";"Atropelamento de Animal";"Com Vítimas Feridas";"Plena Noite";"Crescente";"Céu Claro";"Simples";"Reta";"Não";2;0;2;0;0;0;2;2;-14,997916;-47,030605;"SPRF-DF";"DEL02-DF";"UOP01-DEL02-DF"
378545;2021-08-21;"sábado";"21:37:00";"PR";376;106,3;"PARANAVAI";"Ingestão de álcool pelo condutor";"Colisão traseira";"Com Vítimas Fatais";"Plena Noite";"Decrescente";"Céu Claro";"Dupla";"Reta";"Sim";4;1;2;1;0;0;3;2;-23,06315623;-52,43184719;"SPRF-PR";"DEL09-PR";"UOP02-DEL09-PR"
378546;2021-08-21;"sábado";"23:20:00";"RS";386;45,9;"SEBERI";"Ausência de reação do condutor";"Saída de leito carroçável";"Com Vítimas Fatais";"Plena Noite";"Crescente";"Céu Claro";"Simples";"Reta";"Não";1;1;0;0;0;0;0;1;-27,457483;-53,409458;"SPRF-RS";"DEL08-RS";"UOP02-DEL08-RS"
378547;2021-08-21;"sábado";"23:00:00";"GO";40;9;"LUZIANIA";"Ingestão de álcool pelo condutor";"Colisão traseira";"Com Vítimas Feridas";"Plena Noite";"Decrescente";"Céu Claro";"Dupla";"Reta";"Sim";3;0;0;1;2;0;1;2;-16,131158;-47,957739;"SPRF-DF";"DEL01-DF";"UOP01-DEL01-DF"
378548;2021-08-21;"sábado";"08:40:00";"SC";101;361;"SANGAO";"Reação tardia ou ineficiente do condutor";"Colisão com objeto";"Com Vítimas Feridas";"Pleno dia";"Crescente";"Céu Claro";"Dupla";"Reta";"Não";1;0;1;0;0;0;1;1;-28,66584041;-49,1146566;"SPRF-SC";"DEL02-SC";"UOP01-DEL02-SC"
378551;2021-08-21;"sábado";"22:45:00";"GO";60;82,6;"ANAPOLIS";"Ingestão de álcool pelo condutor";"Colisão com objeto";"Com Vítimas Feridas";"Plena Noite";"Decrescente";"Céu Claro";"Dupla";"Declive";"Não";1;0;1;0;0;0;1;1;-16,3136;-48,8366;"SPRF-GO";"DEL02-GO";"UOP01-DEL02-GO"
378553;2021-08-21;"sábado";"21:00:00";"RS";386;159,8;"ALMIRANTE TAMANDARE DO SUL";"Ausência de reação do condutor";"Saída de leito carroçável";"Com Vítimas Feridas";"Plena Noite";"Decrescente";"Céu Claro";"Simples";"Curva";"Não";1;0;1;0;0;0;1;1;-28,15700223;-52,84615606;"SPRF-RS";"DEL08-RS";"UOP01-DEL08-RS"
378554;2021-08-21;"sábado";"22:30:00";"SC";101;129;"BALNEARIO CAMBORIU";"Reação tardia ou ineficiente do condutor";"Colisão traseira";"Com Vítimas Feridas";"Plena Noite";"Decrescente";"Nublado";"Dupla";"Reta";"Não";2;0;0;1;1;0;1;2;-26,98064277;-48,6790679;"SPRF-SC";"DEL04-SC";"UOP03-DEL04-SC"
378555;2021-08-21;"sábado";"23:40:00";"PR";163;258;"TOLEDO";"Ingestão de álcool pelo condutor";"Colisão lateral sentido oposto";"Com Vítimas Feridas";"Plena Noite";"Crescente";"Céu Claro";"Dupla";"Reta";"Sim";3;0;1;0;2;0;1;2;-24,67131206;-53,80266304;"SPRF-PR";"DEL06-PR";"UOP02-DEL06-PR"
378556;2021-08-21;"sábado";"23:50:00";"PE";116;24,4;"SALGUEIRO";"Animais na Pista";"Tombamento";"Com Vítimas Feridas";"Plena Noite";"Crescente";"Céu Claro";"Simples";"Reta";"Sim";1;0;1;0;0;0;1;1;-8,05570282;-39,13724899;"SPRF-PE";"DEL05-PE";"UOP01-DEL05-PE"
378557;2021-08-21;"sábado";"22:40:00";"MG";116;545,1;"SANTA RITA DE MINAS";"Ingestão de álcool pelo condutor";"Colisão lateral sentido oposto";"Com Vítimas Feridas";"Plena Noite";"Crescente";"Céu Claro";"Simples";"Reta";"Não";2;0;1;0;0;1;1;2;-19,92809401;-42,13103837;"SPRF-MG";"DEL06-MG";"UOP02-DEL06-MG"
378558;2021-08-22;"domingo";"00:20:00";"PR";369;155;"LONDRINA";"Transitar na contramão";"Colisão transversal";"Com Vítimas Feridas";"Plena Noite";"Crescente";"Céu Claro";"Dupla";"Reta";"Sim";3;0;2;0;1;0;2;2;-23,295514;-51,20851;"SPRF-PR";"DEL07-PR";"UOP01-DEL07-PR"
378559;2021-08-22;"domingo";"00:30:00";"RJ";116;120;"MAGE";"Animais na Pista";"Capotamento";"Com Vítimas Feridas";"Plena Noite";"Decrescente";"Céu Claro";"Dupla";"Reta";"Sim";2;0;1;0;1;0;1;1;-22,62191389;-43,04363229;"SPRF-RJ";"DEL04-RJ";"UOP02-DEL04-RJ"
378560;2021-08-22;"domingo";"01:00:00";"PR";476;130;"CURITIBA";"Pedestre andava na pista";"Atropelamento de Pedestre";"Com Vítimas Feridas";"Plena Noite";"Decrescente";"Céu Claro";"Múltipla";"Reta";"Sim";3;0;0;1;1;1;1;2;-25,449564;-49,236427;"SPRF-PR";"DEL01-PR";"UOP03-DEL01-PR"
378561;2021-08-22;"domingo";"00:50:00";"SP";116;208;"GUARULHOS";"Condutor deixou de manter distância do veículo da frente";"Colisão traseira";"Com Vítimas Feridas";"Plena Noite";"Decrescente";"Céu Claro";"Dupla";"Reta";"Sim";3;0;2;0;1;0;2;2;-23,42222263;-46,3932771;"SPRF-SP";"DEL01-SP";"UOP01-DEL01-SP"
378562;2021-08-22;"domingo";"01:05:00";"PR";376;182,7;"MARINGA";"Ingestão de álcool pelo condutor";"Colisão com objeto";"Sem Vítimas";"Plena Noite";"Decrescente";"Céu Claro";"Dupla";"Interseção de Vias";"Sim";1;0;0;0;1;0;0;1;-23,43261532;-51,88569188;"SPRF-PR";"DEL09-PR";"UOP01-DEL09-PR"
378563;2021-08-22;"domingo";"00:40:00";"MS";262;328;"CAMPO GRANDE";"Ausência de reação do condutor";"Saída de leito carroçável";"Com Vítimas Feridas";"Plena Noite";"Crescente";"Céu Claro";"Dupla";"Curva";"Sim";1;0;1;0;0;0;1;1;-20,46452794;-54,55291421;"SPRF-MS";"DEL01-MS";"UOP01-DEL01-MS"
378564;2021-08-21;"sábado";"23:15:00";"SC";282;458,4;"PONTE SERRADA";"Velocidade Incompatível";"Saída de leito carroçável";"Com Vítimas Feridas";"Plena Noite";"Crescente";"Céu Claro";"Simples";"Curva";"Não";1;0;1;0;0;0;1;1;-26,872128;-52,019024;"SPRF-SC";"DEL07-SC";"UOP04-DEL07-SC"
378566;2021-08-22;"domingo";"00:20:00";"SP";116;276;"EMBU DAS ARTES";"Velocidade Incompatível";"Colisão traseira";"Sem Vítimas";"Plena Noite";"Decrescente";"Céu Claro";"Dupla";"Reta";"Sim";2;0;0;0;2;0;0;2;-23,64262417;-46,83811382;"SPRF-SP";"DEL04-SP";"UOP01-DEL04-SP"
378568;2021-08-21;"sábado";"22:50:00";"MG";116;180,6;"PADRE PARAISO";"Ingestão de álcool pelo condutor";"Colisão frontal";"Sem Vítimas";"Plena Noite";"Decrescente";"Céu Claro";"Simples";"Reta";"Não";2;0;0;0;2;0;0;2;-17,08489136;-41,48608495;"SPRF-MG";"DEL11-MG";"UOP01-DEL11-MG"
378569;2021-08-22;"domingo";"01:30:00";"GO";153;507,7;"APARECIDA DE GOIANIA";"Condutor Dormindo";"Queda de ocupante de veículo";"Com Vítimas Feridas";"Plena Noite";"Decrescente";"Céu Claro";"Dupla";"Aclive";"Sim";1;0;1;0;0;0;1;1;-16,7715;-49,2387;"SPRF-GO";"DEL01-GO";"UOP03-DEL01-GO"
378570;2021-08-21;"sábado";"17:50:00";"MA";135;127,5;"MIRANDA DO NORTE";"Acesso irregular";"Colisão traseira";"Com Vítimas Feridas";"Anoitecer";"Decrescente";"Céu Claro";"Simples";"Reta";"Sim";2;0;1;0;0;1;1;2;-3,56829141;-44,58306381;"SPRF-MA";"DEL01-MA";"UOP02-DEL01-MA"
378571;2021-08-22;"domingo";"01:50:00";"SC";470;56;"BLUMENAU";"Reação tardia ou ineficiente do condutor";"Colisão traseira";"Sem Vítimas";"Plena Noite";"Decrescente";"Céu Claro";"Simples";"Reta";"Não";2;0;0;0;2;0;0;2;-26,87674;-49,127743;"SPRF-SC";"DEL04-SC";"UOP01-DEL04-SC"
378572;2021-08-22;"domingo";"01:00:00";"RS";285;277,4;"MATO CASTELHANO";"Transitar na contramão";"Colisão traseira";"Com Vítimas Feridas";"Plena Noite";"Crescente";"Céu Claro";"Simples";"Reta";"Não";3;0;2;0;1;0;2;2;-28,260334;-52,22662;"SPRF-RS";"DEL08-RS";"UOP03-DEL08-RS"