"id";"data_inversa";"dia_semana";"horario";"uf";"br";"km";"municipio";"causa_acidente";"tipo_acidente";"classificacao_acidente";"fase_dia";"sentido_via";"condicao_metereologica";"tipo_pista";"tracado_via";"uso_solo";"pessoas";"mortos";"feridos_leves";"feridos_graves";"ilesos";"ignorados";"feridos";"veiculos";"latitude";"longitude";"regional";"delegacia";"uop"
378573;2021-08-21;"sábado";"20:00:00";"PA";163;1000;"SANTAREM";"Ultrapassagem Indevida";"Tombamento";"Com Vítimas Feridas";"Plena Noite";"Crescente";"Céu Claro";"Simples";"Reta";"Sim";3;0;1;0;2;0;1;2;-2,47328397;-54,7293664;"SPRF-PA";"DEL05-PA";"UOP01-DEL05-PA"
378574;2021-08-22;"domingo";"02:00:00";"SP";116;272;"TABOAO DA SERRA";"Velocidade Incompatível";"Colisão com objeto";"Com Vítimas Feridas";"Plena Noite";"Crescente";"Céu Claro";"Dupla";"Reta";"Sim";1;0;1;0;0;0;1;1;-23,621691;-46,813288;"SPRF-SP";"DEL04-SP";"UOP01-DEL04-SP"
378575;2021-08-22;"domingo";"00:55:00";"SC";101;95,2;"BARRA VELHA";"Ingestão de álcool pelo condutor";"Saída de leito carroçável";"Sem Vítimas";"Plena Noite";"Crescente";"Nublado";"Simples";"Viaduto";"Sim";1;0;0;0;1;0;0;1;-26,70876413;-48,70221065;"SPRF-SC";"DEL03-SC";"UOP02-DEL03-SC"
378576;2021-08-22;"domingo";"02:00:00";"MG";146;441;"MUZAMBINHO";"Velocidade Incompatível";"Saída de leito carroçável";"Com Vítimas Feridas";"Plena Noite";"Crescente";"Céu Claro";"Simples";"Curva";"Não";1;0;1;0;0;0;1;1;-21,3600539;-46,49723053;"SPRF-MG";"DEL09-MG";"UOP01-DEL09-MG"
378578;2021-08-22;"domingo";"00:20:00";"MS";163;400,1;"NOVA ALVORADA DO SUL";"Animais na Pista";"Atropelamento de Animal";"Com Vítimas Feridas";"Plena Noite";"Crescente";"Céu Claro";"Simples";"Reta";"Não";2;0;2;0;0;0;2;1;-21,166819;-54,475907;"SPRF-MS";"DEL02-MS";"UOP01-DEL02-MS"
378580;2021-08-22;"domingo";"02:20:00";"PR";153;2,3;"IMBITUVA";"Condutor Dormindo";"Capotamento";"Com Vítimas Feridas";"Plena Noite";"Crescente";"Céu Claro";"Simples";"Reta";"Não";3;0;3;0;0;0;3;1;-25,2041858;-50,59809946;"SPRF-PR";"DEL03-PR";"UOP01-DEL03-PR"
378583;2021-08-22;"domingo";"00:10:00";"MA";135;288;"SANTO ANTONIO DOS LOPES";"Ingestão de álcool pelo condutor";"Saída de leito carroçável";"Com Vítimas Fatais";"Plena Noite";"Decrescente";"Céu Claro";"Simples";"Reta";"Não";4;1;0;3;0;0;3;1;-4,88365702;-44,35964405;"SPRF-MA";"DEL03-MA";"UOP01-DEL03-MA"
378584;2021-08-22;"domingo";"02:35:00";"SP";116;140;"SAO JOSE DOS CAMPOS";"Reação tardia ou ineficiente do condutor";"Colisão traseira";"Com Vítimas Feridas";"Plena Noite";"Decrescente";"Céu Claro";"Dupla";"Reta";"Não";7;0;3;0;4;0;3;4;-23,16577714;-45,81246193;"SPRF-SP";"DEL02-SP";"UOP01-DEL02-SP"
378585;2021-08-22;"domingo";"02:30:00";"MG";267;153;"LIMA DUARTE";"Velocidade Incompatível";"Saída de leito carroçável";"Com Vítimas Feridas";"Plena Noite";"Crescente";"Céu Claro";"Simples";"Reta";"Não";1;0;1;0;0;0;1;1;-21,83127186;-43,75733019;"SPRF-MG";"DEL05-MG";"UOP01-DEL05-MG"
378586;2021-08-22;"domingo";"00:50:00";"RO";364;716;"PORTO VELHO";"Frear bruscamente";"Tombamento";"Com Vítimas Feridas";"Plena Noite";"Decrescente";"Céu Claro";"Simples";"Reta";"Sim";1;0;1;0;0;0;1;1;-8,78573785;-63,89817015;"SPRF-RO";"DEL01-RO";"UOP01-DEL01-RO"
378587;2021-08-21;"sábado";"21:00:00";"PI";135;190;"MANOEL EMIDIO";"Condutor Dormindo";"Saída de leito carroçável";"Com Vítimas Feridas";"Plena Noite";"Crescente";"Céu Claro";"Simples";"Reta";"Não";1;0;1;0;0;0;1;1;-8,07666891;-43,81253639;"SPRF-PI";"DEL03-PI";"UOP01-DEL03-PI"
378588;2021-08-22;"domingo";"03:01:00";"RJ";116;164;"RIO DE JANEIRO";"Ausência de reação do condutor";"Colisão com objeto";"Com Vítimas Feridas";"Plena Noite";"Crescente";"Céu Claro";"Dupla";"Reta";"Sim";2;0;2;0;0;0;2;1;-22,81074068;-43,28844363;"SPRF-RJ";"DEL01-RJ";"UOP01-DEL01-RJ"
378591;2021-08-22;"domingo";"03:05:00";"PR";277;719;"FOZ DO IGUACU";"Demais falhas mecânicas ou elétricas";"Queda de ocupante de veículo";"Com Vítimas Feridas";"Plena Noite";"Crescente";"Céu Claro";"Dupla";"Reta;Aclive";"Não";2;0;2;0;0;0;2;1;-25,48375622;-54,49425791;"SPRF-PR";"DEL05-PR";"UOP03-DEL05-PR"
378594;2021-08-22;"domingo";"03:45:00";"RS";158;91;"PALMEIRA DAS MISSOES";"Ausência de reação do condutor";"Saída de leito carroçável";"Com Vítimas Feridas";"Plena Noite";"Decrescente";"Céu Claro";"Simples";"Curva";"Não";1;0;1;0;0;0;1;1;-27,79916123;-53,33272755;"SPRF-RS";"DEL08-RS";"UOP02-DEL08-RS"
378596;2021-08-22;"domingo";"03:00:00";"SC";101;41,7;"JOINVILLE";"Ingestão de álcool pelo condutor";"Colisão com objeto";"Sem Vítimas";"Plena Noite";"Crescente";"Céu Claro";"Dupla";"Reta";"Sim";1;0;0;0;1;0;0;1;-26,32074317;-48,87045199;"SPRF-SC";"DEL03-SC";"UOP01-DEL03-SC"
378597;2021-08-22;"domingo";"04:30:00";"SC";101;79;"BARRA VELHA";"Ingestão de álcool pelo condutor";"Colisão traseira";"Sem Vítimas";"Plena Noite";"Decrescente";"Céu Claro";"Dupla";"Curva";"Não";2;0;0;0;2;0;0;2;-26,58559601;-48,72192112;"SPRF-SC";"DEL03-SC";"UOP02-DEL03-SC"
378598;2021-08-21;"sábado";"05:45:00";"BA";101;667,5;"ITAPEBI";"Condutor Dormindo";"Saída de leito carroçável";"Com Vítimas Feridas";"Amanhecer";"Crescente";"Céu Claro";"Simples";"Curva";"Não";1;0;1;0;0;0;1;1;-15,98743733;-39,5723879;"SPRF-BA";"DEL09-BA";"UOP01-DEL09-BA"
378599;2021-08-22;"domingo";"02:10:00";"PB";104;111,6;"LAGOA SECA";"Animais na Pista";"Atropelamento de Animal";"Com Vítimas Feridas";"Plena Noite";"Decrescente";"Nevoeiro/Neblina";"Simples";"Declive";"Não";1;0;1;0;0;0;1;1;-7,136985;-35,86095;"SPRF-PB";"DEL02-PB";"UOP04-DEL02-PB"
378601;2021-08-22;"domingo";"04:50:00";"ES";101;147;"LINHARES";"Ausência de reação do condutor";"Engavetamento";"Com Vítimas Feridas";"Amanhecer";"Crescente";"Céu Claro";"Dupla";"Reta";"Sim";5;0;2;0;2;1;2;4;-19,37887202;-40,06657892;"SPRF-ES";"DEL04-ES";"UOP01-DEL04-ES"
378603;2021-08-22;"domingo";"04:10:00";"SP";101;48,4;"UBATUBA";"Ausência de reação do condutor";"Colisão transversal";"Sem Vítimas";"Plena Noite";"Crescente";"Céu Claro";"Simples";"Reta";"Sim";2;0;0;0;2;0;0;2;-23,44410908;-45,08375708;"SPRF-SP";"DEL06-SP";"UOP01-DEL06-SP"
378604;2021-08-22;"domingo";"04:15:00";"RS";116;337;"BARRA DO RIBEIRO";"Condutor Dormindo";"Saída de leito carroçável";"Com Vítimas Feridas";"Plena Noite";"Decrescente";"Nevoeiro/Neblina";"Dupla";"Reta";"Sim";1;0;0;1;0;0;1;1;-30,43086668;-51,47405924;"SPRF-RS";"DEL02-RS";"UOP02-DEL02-RS"
378605;2021-08-22;"domingo";"03:30:00";"MS";262;197;"RIBAS DO RIO PARDO";"Acostamento em desnível";"Tombamento";"Com Vítimas Feridas";"Plena Noite";"Crescente";"Céu Claro";"Simples";"Reta";"Não";2;0;0;2;0;0;2;1;-20,44408993;-53,29190001;"SPRF-MS";"DEL07-MS";"UOP02-DEL07-MS"
378606;2021-08-22;"domingo";"04:45:00";"RJ";40;121;"DUQUE DE CAXIAS";"Ausência de reação do condutor";"Colisão traseira";"Sem Vítimas";"Plena Noite";"Crescente";"Céu Claro";"Múltipla";"Reta";"Sim";2;0;0;0;2;0;0;2;-22,78185499;-43,28571273;"SPRF-RJ";"DEL01-RJ";"UOP01-DEL01-RJ"
378607;2021-08-22;"domingo";"04:30:00";"RJ";40;59;"PETROPOLIS";"Pedestre cruzava a pista fora da faixa";"Atropelamento de Pedestre";"Com Vítimas Fatais";"Plena Noite";"Crescente";"Céu Claro";"Dupla";"Curva";"Não";3;1;0;0;1;1;0;2;-22,38628773;-43,13543464;"SPRF-RJ";"DEL05-RJ";"UOP02-DEL05-RJ"
378608;2021-08-22;"domingo";"05:30:00";"GO";153;562;"PROFESSOR JAMIL";"Animais na Pista";"Atropelamento de Animal";"Com Vítimas Feridas";"Amanhecer";"Decrescente";"Céu Claro";"Dupla";"Declive;Reta";"Não";4;0;1;0;3;0;1;2;-17,2316;-49,2328;"SPRF-GO";"DEL03-GO";"UOP01-DEL03-GO"
378609;2021-08-22;"domingo";"03:30:00";"RO";364;713;"PORTO VELHO";"Velocidade Incompatível";"Tombamento";"Com Vítimas Feridas";"Plena Noite";"Crescente";"Céu Claro";"Dupla";"Reta";"Sim";1;0;1;0;0;0;1;1;-8,77235423;-63,88436079;"SPRF-RO";"DEL01-RO";"UOP01-DEL01-RO"
378610;2021-08-22;"domingo";"04:00:00";"PR";277;401,5;"CANDOI";"Velocidade Incompatível";"Saída de leito carroçável";"Com Vítimas Feridas";"Plena Noite";"Decrescente";"Céu Claro";"Simples";"Reta";"Não";1;0;1;0;0;0;1;1;-25,44448;-51,97657;"SPRF-PR";"DEL08-PR";"UOP01-DEL08-PR"
378612;2021-08-22;"domingo";"05:50:00";"SC";101;133;"BALNEARIO CAMBORIU";"Ingestão de álcool e/ou substâncias psicoativas pelo pedestre";"Saída de leito carroçável";"Com Vítimas Feridas";"Pleno dia";"Decrescente";"Nublado";"Dupla";"Reta";"Sim";1;0;1;0;0;0;1;1;-26,99936;-48,64609;"SPRF-SC";"DEL04-SC";"UOP03-DEL04-SC"
378613;2021-08-22;"domingo";"00:30:00";"RS";116;122,1;"SAO MARCOS";"Ausência de reação do condutor";"Colisão com objeto";"Com Vítimas Feridas";"Plena Noite";"Decrescente";"Céu Claro";"Múltipla";"Curva";"Não";1;0;1;0;0;0;1;1;-29,01040633;-51,07327877;"SPRF-RS";"DEL05-RS";"UOP01-DEL05-RS"
378616;2021-08-22;"domingo";"06:30:00";"PE";101;92;"CABO DE SANTO AGOSTINHO";"Ausência de reação do condutor";"Saída de leito carroçável";"Sem Vítimas";"Pleno dia";"Crescente";"Chuva";"Múltipla";"Reta";"Sim";3;0;0;0;1;2;0;1;-8,235529;-35,000647;"SPRF-PE";"DEL01-PE";"UOP01-DEL01-PE"
378617;2021-08-22;"domingo";"06:45:00";"RS";392;65,7;"PELOTAS";"Ausência de reação do condutor";"Colisão com objeto";"Sem Vítimas";"Amanhecer";"Crescente";"Céu Claro";"Simples";"Reta";"Sim";1;0;0;0;1;0;0;1;-31,765206;-52,381886;"SPRF-RS";"DEL07-RS";"UOP01-DEL07-RS"
378619;2021-08-22;"domingo";"06:20:00";"MG";50;21;"UBERLANDIA";"Condutor deixou de manter distância do veículo da frente";"Colisão traseira";"Com Vítimas Feridas";"Pleno dia";"Crescente";"Céu Claro";"Dupla";"Reta";"Sim";3;0;2;0;0;1;2;2;-18,93792;-48,21614;"SPRF-MG";"DEL15-MG";"UOP01-DEL15-MG"
378628;2021-08-14;"sábado";"08:30:00";"CE";20;422;"MARACANAU";"Acessar a via sem observar a presença dos outros veículos";"Colisão transversal";"Com Vítimas Feridas";"Pleno dia";"Crescente";"Céu Claro";"Dupla";"Reta";"Não";3;0;0;2;1;0;2;2;-3,76999035;-38,67006282;"SPRF-CE";"DEL01-CE";"UOP02-DEL01-CE"
378631;2021-08-22;"domingo";"07:40:00";"PR";277;100;"CURITIBA";"Ausência de reação do condutor";"Tombamento";"Com Vítimas Feridas";"Pleno dia";"Crescente";"Céu Claro";"Dupla";"Reta";"Não";1;0;1;0;0;0;1;1;-25,52924091;-49,32682192;"SPRF-PR";"DEL01-PR";"UOP01-DEL01-PR"
378632;2021-08-22;"domingo";"06:15:00";"GO";60;185,5;"ABADIA DE GOIAS";"Ingestão de substâncias psicoativas pelo condutor";"Saída de leito carroçável";"Com Vítimas Feridas";"Amanhecer";"Crescente";"Céu Claro";"Dupla";"Reta";"Não";2;0;1;0;1;0;1;1;-16,80415079;-49,52205956;"SPRF-GO";"DEL01-GO";"UOP02-DEL01-GO"
378633;2021-08-22;"domingo";"00:40:00";"GO";40;53;"LUZIANIA";"Ausência de reação do condutor";"Capotamento";"Sem Vítimas";"Plena Noite";"Crescente";"Céu Claro";"Dupla";"Curva";"Não";1;0;0;0;0;1;0;1;-16,468106;-47,807867;"SPRF-DF";"DEL01-DF";"UOP02-DEL01-DF"
378634;2021-07-25;"domingo";"15:30:00";"RS";101;9,7;"TORRES";"Velocidade Incompatível";"Tombamento";"Com Vítimas Feridas";"Pleno dia";"Decrescente";"Céu Claro";"Dupla";"Reta";"Não";2;0;0;1;1;0;1;2;-29,36685801;-49,81514399;"SPRF-RS";"DEL03-RS";"UOP02-DEL03-RS"
378636;2021-08-22;"domingo";"09:07:00";"AL";101;138;"SAO MIGUEL DOS CAMPOS";"Manobra de mudança de faixa";"Colisão transversal";"Com Vítimas Feridas";"Pleno dia";"Decrescente";"Garoa/Chuvisco";"Simples";"Reta";"Sim";2;0;0;1;1;0;1;2;-9,80975158;-36,11701903;"SPRF-AL";"DEL02-AL";"UOP01-DEL02-AL"
378639;2021-08-22;"domingo";"09:00:00";"PR";467;108;"CASCAVEL";"Velocidade Incompatível";"Queda de ocupante de veículo";"Com Vítimas Feridas";"Pleno dia";"Decrescente";"Sol";"Simples";"Curva";"Não";1;0;1;0;0;0;1;1;-24,9237;-53,4676;"SPRF-PR";"DEL04-PR";"UOP01-DEL04-PR"
378642;2021-08-21;"sábado";"22:00:00";"RJ";493;18;"MAGE";"Velocidade Incompatível";"Saída de leito carroçável";"Sem Vítimas";"Pleno dia";"Crescente";"Sol";"Simples";"Em Obras";"Sim";1;0;0;0;0;1;0;1;-22,6687122;-43,01862696;"SPRF-RJ";"DEL04-RJ";"UOP02-DEL04-RJ"
378644;2021-08-22;"domingo";"06:15:00";"PR";376;390,7;"IMBAU";"Reação tardia ou ineficiente do condutor";"Saída de leito carroçável";"Sem Vítimas";"Amanhecer";"Decrescente";"Céu Claro";"Dupla";"Reta";"Não";1;0;0;0;1;0;0;1;-24,52463598;-50,70581799;"SPRF-PR";"DEL03-PR";"UOP02-DEL03-PR"
378645;2021-08-22;"domingo";"10:17:00";"DF";20;50;"BRASILIA";"Velocidade Incompatível";"Saída de leito carroçável";"Com Vítimas Feridas";"Pleno dia";"Crescente";"Céu Claro";"Dupla";"Reta;Declive";"Não";1;0;0;1;0;0;1;1;-15,581447;-47,421925;"SPRF-DF";"DEL02-DF";"UOP01-DEL02-DF"
378647;2021-08-22;"domingo";"07:30:00";"BA";116;856;"VITORIA DA CONQUISTA";"Velocidade Incompatível";"Saída de leito carroçável";"Sem Vítimas";"Pleno dia";"Decrescente";"Céu Claro";"Simples";"Reta";"Não";1;0;0;0;1;0;0;1;-15,03245973;-40,96218122;"SPRF-BA";"DEL08-BA";"UOP01-DEL08-BA"
378649;2021-08-22;"domingo";"10:40:00";"TO";153;467;"BARROLANDIA";"Reação tardia ou ineficiente do condutor";"Saída de leito carroçável";"Sem Vítimas";"Pleno dia";"Crescente";"Sol";"Simples";"Aclive";"Não";1;0;0;0;0;1;0;1;-9,97518116;-48,74731571;"SPRF-TO";"DEL01-TO";"UOP01-DEL01-TO"
378651;2021-08-22;"domingo";"10:00:00";"RJ";40;91;"PETROPOLIS";"Pista Escorregadia";"Queda de ocupante de veículo";"Sem Vítimas";"Pleno dia";"Decrescente";"Céu Claro";"Simples";"Curva";"Não";1;0;0;0;1;0;0;1;-22,54903566;-43,24229724;"SPRF-RJ";"DEL06-RJ";"UOP01-DEL06-RJ"
378652;2021-08-22;"domingo";"08:30:00";"MG";153;8;"ARAPORA";"Demais falhas mecânicas ou elétricas";"Tombamento";"Com Vítimas Feridas";"Pleno dia";"Crescente";"Céu Claro";"Dupla";"Reta";"Sim";2;0;2;0;0;0;2;1;-18,48778001;-49,18862284;"SPRF-MG";"DEL15-MG";"UOP03-DEL15-MG"
378654;2021-08-22;"domingo";"09:15:00";"AL";101;5,6;"NOVO LINO";"Pista Escorregadia";"Saída de leito carroçável";"Com Vítimas Feridas";"Pleno dia";"Crescente";"Chuva";"Dupla";"Reta";"Não";3;0;3;0;0;0;3;1;-8,91815832;-35,63511175;"SPRF-AL";"DEL01-AL";"UOP02-DEL01-AL"
378655;2021-08-22;"domingo";"12:34:00";"ES";101;117;"SOORETAMA";"Ausência de reação do condutor";"Saída de leito carroçável";"Com Vítimas Feridas";"Pleno dia";"Crescente";"Céu Claro";"Simples";"Reta";"Não";4;0;4;0;0;0;4;1;-19,11932808;-40,06302982;"SPRF-ES";"DEL04-ES";"UOP01-DEL04-ES"
378656;2021-07-08;"quinta-feira";"18:00:00";"RS";116;246,5;"SAO LEOPOLDO";"Condutor deixou de manter distância do veículo da frente";"Colisão traseira";"Com Vítimas Feridas";"Plena Noite";"Decrescente";"Céu Claro";"Dupla";"Reta";"Sim";2;0;1;0;1;0;1;2;-29,758751;-51,15186806;"SPRF-RS";"DEL01-RS";"UOP02-DEL01-RS"
378657;2021-08-22;"domingo";"12:30:00";"RJ";116;200;"SEROPEDICA";"Manobra de mudança de faixa";"Colisão com objeto";"Com Vítimas Feridas";"Pleno dia";"Crescente";"Céu Claro";"Dupla";"Reta";"Não";3;0;2;0;0;1;2;2;-22,7306082;-43,59401795;"SPRF-RJ";"DEL01-RJ";"UOP03-DEL01-RJ"
378658;2021-08-22;"domingo";"11:45:00";"SE";101;181;"UMBAUBA";"Acessar a via sem observar a presença dos outros veículos";"Colisão transversal";"Com Vítimas Feridas";"Plena Noite";"Crescente";"Céu Claro";"Simples";"Rotatória";"Sim";2;0;1;0;1;0;1;2;-11,36960405;-37,64898777;"SPRF-SE";"DEL02-SE";"UOP03-DEL02-SE"
378659;2021-08-22;"domingo";"12:30:00";"MG";40;517;"RIBEIRAO DAS NEVES";"Reação tardia ou ineficiente do condutor";"Colisão lateral mesmo sentido";"Sem Vítimas";"Pleno dia";"Decrescente";"Céu Claro";"Dupla";"Reta";"Sim";3;0;0;0;3;0;0;2;-19,82351202;-44,08438913;"SPRF-MG";"DEL01-MG";"UOP02-DEL01-MG"
378661;2021-08-22;"domingo";"12:35:00";"BA";116;776,9;"PLANALTO";"Acessar a via sem observar a presença dos outros veículos";"Colisão transversal";"Com Vítimas Feridas";"Pleno dia";"Crescente";"Nublado";"Simples";"Reta";"Sim";2;0;1;0;1;0;1;2;-14,669467;-40,472367;"SPRF-BA";"DEL08-BA";"UOP02-DEL08-BA"
378662;2021-08-22;"domingo";"12:20:00";"MS";163;260;"DOURADOS";"Reação tardia ou ineficiente do condutor";"Colisão com objeto";"Com Vítimas Feridas";"Pleno dia";"Decrescente";"Céu Claro";"Dupla";"Curva";"Não";1;0;0;1;0;0;1;1;-22,24489388;-54,77203018;"SPRF-MS";"DEL04-MS";"UOP01-DEL04-MS"
378663;2021-08-22;"domingo";"11:30:00";"BA";101;766,3;"ITABELA";"Chuva";"Saída de leito carroçável";"Com Vítimas Feridas";"Pleno dia";"Crescente";"Chuva";"Simples";"Reta";"Não";4;0;2;0;2;0;2;1;-16,87939387;-39,51244718;"SPRF-BA";"DEL09-BA";"UOP01-DEL09-BA"
378664;2021-08-22;"domingo";"14:10:00";"CE";20;403,8;"CAUCAIA";"Acessar a via sem observar a presença dos outros veículos";"Colisão transversal";"Com Vítimas Feridas";"Pleno dia";"Crescente";"Sol";"Simples";"Reta";"Não";3;0;1;2;0;0;3;2;-3,77668;-38,68322;"SPRF-CE";"DEL01-CE";"UOP01-DEL01-CE"
378665;2021-08-22;"domingo";"13:20:00";"PR";277;112;"CAMPO LARGO";"Avarias e/ou desgaste excessivo no pneu";"Tombamento";"Com Vítimas Feridas";"Pleno dia";"Decrescente";"Céu Claro";"Dupla";"Reta";"Sim";2;0;2;0;0;0;2;1;-25,43257515;-49,36978297;"SPRF-PR";"DEL01-PR";"UOP03-DEL03-PR"
378666;2021-08-22;"domingo";"06:30:00";"ES";262;129;"BREJETUBA";"Velocidade Incompatível";"Capotamento";"Com Vítimas Feridas";"Plena Noite";"Crescente";"Céu Claro";"Simples";"Curva";"Não";1;0;1;0;0;0;1;1;-20,25781079;-41,28809435;"SPRF-ES";"DEL01-ES";"UOP02-DEL01-ES"
378668;2021-08-22;"domingo";"13:40:00";"PR";116;119;"CURITIBA";"Ausência de reação do condutor";"Colisão traseira";"Sem Vítimas";"Pleno dia";"Decrescente";"Céu Claro";"Dupla";"Reta";"Sim";2;0;0;0;1;1;0;2;-25,54456009;-49,30146002;"SPRF-PR";"DEL01-PR";"UOP03-DEL01-PR"
378669;2021-08-22;"domingo";"12:30:00";"RN";101;163;"CANGUARETAMA";"Animais na Pista";"Tombamento";"Com Vítimas Feridas";"Pleno dia";"Decrescente";"Nublado";"Dupla";"Reta";"Sim";1;0;1;0;0;0;1;1;-6,393516;-35,13976;"SPRF-RN";"DEL01-RN";"UOP01-DEL01-RN"
378670;2021-08-22;"domingo";"13:48:00";"RJ";116;188,7;"QUEIMADOS";"Ingestão de álcool pelo condutor";"Colisão traseira";"Com Vítimas Feridas";"Pleno dia";"Crescente";"Céu Claro";"Dupla";"Reta";"Não";5;0;2;0;1;2;2;3;-22,73692343;-43,54156494;"SPRF-RJ";"DEL01-RJ";"UOP02-DEL01-RJ"
378673;2021-08-22;"domingo";"13:30:00";"SP";116;135;"SAO JOSE DOS CAMPOS";"Avarias e/ou desgaste excessivo no pneu";"Queda de ocupante de veículo";"Com Vítimas Feridas";"Pleno dia";"Decrescente";"Céu Claro";"Dupla";"Reta";"Não";1;0;1;0;0;0;1;1;-23,144484;-45,77018;"SPRF-SP";"DEL02-SP";"UOP01-DEL02-SP"
378675;2021-08-22;"domingo";"00:00:00";"SC";282;580,4;"PINHALZINHO";"Ingestão de álcool pelo condutor";"Saída de leito carroçável";"Sem Vítimas";"Plena Noite";"Crescente";"Céu Claro";"Simples";"Reta";"Sim";1;0;0;0;1;0;0;1;-26,832148;-52,994308;"SPRF-SC";"DEL07-SC";"UOP02-DEL07-SC"
378677;2021-08-22;"domingo";"14:40:00";"MG";40;40,2;"PARACATU";"Conversão proibida";"Colisão com objeto";"Com Vítimas Feridas";"Pleno dia";"Decrescente";"Céu Claro";"Simples";"Reta";"Sim";1;0;1;0;0;0;1;1;-17,21013894;-46,88089301;"SPRF-MG";"DEL14-MG";"UOP01-DEL14-MG"
378678;2021-08-22;"domingo";"15:05:00";"RS";116;231;"IVOTI";"Desrespeitar a preferência no cruzamento";"Colisão transversal";"Com Vítimas Feridas";"Pleno dia";"Decrescente";"Céu Claro";"Simples";"Interseção de Vias";"Sim";3;0;1;0;2;0;1;2;-29,62743221;-51,13858608;"SPRF-RS";"DEL01-RS";"UOP02-DEL01-RS"
378679;2021-08-22;"domingo";"14:00:00";"MT";174;245;"JAURU";"Acostamento em desnível";"Saída de leito carroçável";"Com Vítimas Feridas";"Pleno dia";"Crescente";"Céu Claro";"Simples";"Reta";"Não";3;0;0;1;1;1;1;2;-15,49867314;-59,02288726;"SPRF-MT";"DEL04-MT";"UOP01-DEL04-MT"
378680;2021-08-22;"domingo";"15:05:00";"RS";116;524,6;"PELOTAS";"Condutor deixou de manter distância do veículo da frente";"Colisão lateral mesmo sentido";"Com Vítimas Feridas";"Pleno dia";"Crescente";"Céu Claro";"Simples";"Reta";"Sim";1;0;1;0;0;0;1;1;-31,7359522;-52,39349776;"SPRF-RS";"DEL07-RS";"UOP01-DEL07-RS"
378681;2021-08-22;"domingo";"14:30:00";"PE";232;42;"VITORIA DE SANTO ANTAO";"Reação tardia ou ineficiente do condutor";"Colisão lateral mesmo sentido";"Sem Vítimas";"Pleno dia";"Crescente";"Céu Claro";"Dupla";"Reta";"Não";4;0;0;0;2;2;0;2;-8,11528219;-35,25204496;"SPRF-PE";"DEL01-PE";"UOP01-DEL01-PE"
378682;2021-08-22;"domingo";"12:30:00";"RJ";493;105;"SEROPEDICA";"Demais falhas mecânicas ou elétricas";"Saída de leito carroçável";"Sem Vítimas";"Pleno dia";"Decrescente";"Sol";"Dupla";"Reta";"Não";1;0;0;0;1;0;0;1;-22,77998;-43,749217;"SPRF-RJ";"DEL03-RJ";"UOP01-DEL03-RJ"
378684;2021-08-22;"domingo";"14:00:00";"SC";280;155,3;"MAFRA";"Ingestão de álcool pelo condutor";"Saída de leito carroçável";"Com Vítimas Feridas";"Pleno dia";"Crescente";"Sol";"Simples";"Curva";"Não";4;0;1;0;3;0;1;2;-26,21132066;-49,72749885;"SPRF-SC";"DEL06-SC";"UOP03-DEL06-SC"
378689;2021-08-22;"domingo";"16:00:00";"BA";116;457;"SANTO ESTEVAO";"Avarias e/ou desgaste excessivo no pneu";"Saída de leito carroçável";"Com Vítimas Fatais";"Pleno dia";"Crescente";"Céu Claro";"Dupla";"Reta";"Não";1;1;0;0;0;0;0;1;-12,41101412;-39,18356593;"SPRF-BA";"DEL02-BA";"UOP01-DEL02-BA"
378691;2021-08-22;"domingo";"16:10:00";"MG";40;517,5;"CONTAGEM";"Condutor deixou de manter distância do veículo da frente";"Engavetamento";"Com Vítimas Feridas";"Pleno dia";"Crescente";"Céu Claro";"Dupla";"Reta";"Sim";6;0;3;0;3;0;3;4;-19,8277941;-44,083811;"SPRF-MG";"DEL01-MG";"UOP02-DEL01-MG"
378692;2021-08-22;"domingo";"15:10:00";"PR";277;684,1;"SAO MIGUEL DO IGUACU";"Velocidade Incompatível";"Colisão com objeto";"Sem Vítimas";"Pleno dia";"Crescente";"Céu Claro";"Dupla";"Curva";"Não";1;0;0;0;1;0;0;1;-25,33864563;-54,19917133;"SPRF-PR";"DEL05-PR";"UOP01-DEL05-PR"
378693;2021-08-22;"domingo";"16:10:00";"SC";470;35;"GASPAR";"Desrespeitar a preferência no cruzamento";"Colisão transversal";"Com Vítimas Feridas";"Pleno dia";"Decrescente";"Nublado";"Simples";"Interseção de Vias";"Sim";3;0;1;0;2;0;1;2;-26,912857;-48,958965;"SPRF-SC";"DEL04-SC";"UOP01-DEL04-SC"
378695;2021-08-22;"domingo";"16:54:00";"CE";116;14;"FORTALEZA";"Acessar a via sem observar a presença dos outros veículos";"Colisão lateral mesmo sentido";"Com Vítimas Feridas";"Pleno dia";"Decrescente";"Céu Claro";"Dupla";"Reta";"Não";2;0;1;0;1;0;1;2;-3,86973356;-38,49827361;"SPRF-CE";"DEL01-CE";"UOP02-DEL01-CE"
378696;2021-08-22;"domingo";"16:30:00";"CE";222;78,1;"SAO LUIS DO CURU";"Ausência de reação do condutor";"Colisão com objeto";"Com Vítimas Fatais";"Pleno dia";"Crescente";"Céu Claro";"Simples";"Curva";"Não";2;1;0;1;0;0;1;1;-3,6742298;-39,24744487;"SPRF-CE";"DEL04-CE";"UOP03-DEL04-CE"
378697;2021-08-22;"domingo";"16:40:00";"ES";101;65;"SAO MATEUS";"Condutor deixou de manter distância do veículo da frente";"Colisão traseira";"Com Vítimas Feridas";"Pleno dia";"Decrescente";"Nublado";"Simples";"Reta";"Sim";2;0;1;0;1;0;1;2;-18,70935945;-39,87762087;"SPRF-ES";"DEL04-ES";"UOP02-DEL04-ES"