"id";"data_inversa";"dia_semana";"horario";"uf";"br";"km";"municipio";"causa_acidente";"tipo_acidente";"classificacao_acidente";"fase_dia";"sentido_via";"condicao_metereologica";"tipo_pista";"tracado_via";"uso_solo";"pessoas";"mortos";"feridos_leves";"feridos_graves";"ilesos";"ignorados";"feridos";"veiculos";"latitude";"longitude";"regional";"delegacia";"uop"
378794;2021-08-23;"segunda-feira";"00:01:00";"AL";101;231;"PORTO REAL DO COLEGIO";"Reação tardia ou ineficiente do condutor";"Queda de ocupante de veículo";"Com Vítimas Feridas";"Plena Noite";"Decrescente";"Céu Claro";"Dupla";"Reta";"Não";1;0;1;0;0;0;1;1;-10,11713276;-36,74247391;"SPRF-AL";"DEL02-AL";"UOP02-DEL02-AL"
378797;2021-08-22;"domingo";"23:40:00";"MS";163;458,4;"CAMPO GRANDE";"Velocidade Incompatível";"Colisão com objeto";"Sem Vítimas";"Plena Noite";"Crescente";"Céu Claro";"Simples";"Declive";"Não";1;0;0;0;0;1;0;1;-20,6553359;-54,56329366;"SPRF-MS";"DEL01-MS";"UOP01-DEL01-MS"
378798;2021-08-23;"segunda-feira";"00:05:00";"RJ";101;321;"NITEROI";"Reação tardia ou ineficiente do condutor";"Colisão com objeto";"Sem Vítimas";"Plena Noite";"Crescente";"Céu Claro";"Dupla";"Curva";"Sim";1;0;0;0;1;0;0;1;-22,86981096;-43,11046465;"SPRF-RJ";"DEL02-RJ";"UOP02-DEL02-RJ"
378799;2021-08-23;"segunda-feira";"01:05:00";"ES";101;261;"SERRA";"Velocidade Incompatível";"Saída de leito carroçável";"Com Vítimas Feridas";"Plena Noite";"Crescente";"Céu Claro";"Simples";"Curva";"Não";2;0;2;0;0;0;2;1;-20,14854215;-40,27970926;"SPRF-ES";"DEL02-ES";"UOP01-DEL02-ES"
378800;2021-08-08;"domingo";"21:20:00";"MS";163;261;"DOURADOS";"Ausência de reação do condutor";"Saída de leito carroçável";"Com Vítimas Feridas";"Plena Noite";"Crescente";"Céu Claro";"Dupla";"Reta";"Sim";1;0;0;1;0;0;1;1;-22,23864271;-54,76552912;"SPRF-MS";"DEL04-MS";"UOP01-DEL04-MS"
378804;2021-08-23;"segunda-feira";"00:40:00";"RJ";101;408;"ITAGUAI";"Condutor Dormindo";"Saída de leito carroçável";"Com Vítimas Feridas";"Plena Noite";"Decrescente";"Céu Claro";"Dupla";"Reta";"Sim";5;0;4;1;0;0;5;1;-22,88087914;-43,82441392;"SPRF-RJ";"DEL03-RJ";"UOP01-DEL03-RJ"
378805;2021-08-23;"segunda-feira";"00:50:00";"SP";116;275;"EMBU DAS ARTES";"Ausência de reação do condutor";"Colisão com objeto";"Com Vítimas Feridas";"Plena Noite";"Decrescente";"Céu Claro";"Dupla";"Curva";"Sim";1;0;1;0;0;0;1;1;-23,63638826;-46,83251584;"SPRF-SP";"DEL04-SP";"UOP01-DEL04-SP"
378806;2021-08-23;"segunda-feira";"00:30:00";"SP";116;275;"EMBU DAS ARTES";"Ausência de reação do condutor";"Colisão traseira";"Com Vítimas Feridas";"Plena Noite";"Crescente";"Céu Claro";"Dupla";"Curva";"Não";3;0;2;0;1;0;2;2;-23,63638826;-46,83251584;"SPRF-SP";"DEL04-SP";"UOP01-DEL04-SP"
378808;2021-08-22;"domingo";"22:00:00";"PR";153;32,8;"SANTO ANTONIO DA PLATINA";"Avarias e/ou desgaste excessivo no pneu";"Saída de leito carroçável";"Com Vítimas Feridas";"Plena Noite";"Decrescente";"Céu Claro";"Simples";"Reta";"Não";3;0;2;0;1;0;2;1;-23,22711873;-50,02866715;"SPRF-PR";"DEL07-PR";"UOP04-DEL07-PR"
378809;2021-08-23;"segunda-feira";"04:30:00";"SP";153;63,6;"SAO JOSE DO RIO PRETO";"Sinalização mal posicionada";"Tombamento";"Com Vítimas Feridas";"Plena Noite";"Decrescente";"Céu Claro";"Dupla";"Curva";"Sim";1;0;0;1;0;0;1;1;-20,82149698;-49,35764818;"SPRF-SP";"DEL09-SP";"UOP01-DEL09-SP"
378810;2021-08-23;"segunda-feira";"03:10:00";"RO";364;707,8;"PORTO VELHO";"Velocidade Incompatível";"Colisão com objeto";"Com Vítimas Feridas";"Plena Noite";"Decrescente";"Céu Claro";"Dupla";"Reta";"Sim";1;0;0;1;0;0;1;1;-8,80037213;-63,83262707;"SPRF-RO";"DEL01-RO";"UOP01-DEL01-RO"
378811;2021-08-23;"segunda-feira";"04:45:00";"MG";40;640,1;"CONSELHEIRO LAFAIETE";"Transitar na contramão";"Colisão frontal";"Com Vítimas Fatais";"Plena Noite";"Crescente";"Céu Claro";"Simples";"Curva";"Não";2;1;0;0;1;0;0;2;-20,74114426;-43,79983455;"SPRF-MG";"DEL05-MG";"UOP02-DEL05-MG"
378812;2021-08-23;"segunda-feira";"04:00:00";"RS";472;608,8;"URUGUAIANA";"Ingestão de álcool pelo condutor";"Saída de leito carroçável";"Com Vítimas Feridas";"Plena Noite";"Crescente";"Nublado";"Simples";"Reta";"Não";3;0;2;1;0;0;3;1;-30,010067;-57,224278;"SPRF-RS";"DEL13-RS";"UOP01-DEL13-RS"
378813;2021-08-23;"segunda-feira";"04:40:00";"MG";262;486,7;"BOM DESPACHO";"Animais na Pista";"Atropelamento de Animal";"Sem Vítimas";"Amanhecer";"Decrescente";"Céu Claro";"Simples";"Reta";"Não";2;0;0;0;2;0;0;1;-19,78610881;-45,30392798;"SPRF-MG";"DEL08-MG";"UOP03-DEL08-MG"
378815;2021-08-22;"domingo";"17:35:00";"SC";282;662,1;"PARAISO";"Ausência de reação do condutor";"Saída de leito carroçável";"Sem Vítimas";"Pleno dia";"Decrescente";"Céu Claro";"Simples";"Curva";"Não";1;0;0;0;0;1;0;1;-26,671671;-53,58363;"SPRF-SC";"DEL07-SC";"UOP03-DEL07-SC"
378817;2021-08-22;"domingo";"23:05:00";"GO";40;7,7;"LUZIANIA";"Ingestão de álcool pelo condutor";"Colisão transversal";"Com Vítimas Feridas";"Pleno dia";"Crescente";"Céu Claro";"Dupla";"Reta";"Sim";2;0;0;1;1;0;1;2;-16,108482;-47,972524;"SPRF-DF";"DEL01-DF";"UOP01-DEL01-DF"
378818;2021-08-23;"segunda-feira";"05:20:00";"RJ";116;208,8;"SEROPEDICA";"Frear bruscamente";"Colisão traseira";"Com Vítimas Feridas";"Amanhecer";"Crescente";"Céu Claro";"Dupla";"Curva";"Não";7;0;2;0;5;0;2;3;-22,71316418;-43,73425853;"SPRF-RJ";"DEL01-RJ";"UOP03-DEL01-RJ"
378821;2021-05-13;"quinta-feira";"19:50:00";"SE";235;54,8;"ITABAIANA";"Acessar a via sem observar a presença dos outros veículos";"Colisão transversal";"Com Vítimas Feridas";"Plena Noite";"Decrescente";"Chuva";"Simples";"Reta";"Sim";2;0;1;0;0;1;1;2;-10,676047;-37,443279;"SPRF-SE";"DEL01-SE";"UOP02-DEL01-SE"
378823;2021-08-22;"domingo";"19:30:00";"BA";135;172;"BARREIRAS";"Ingestão de álcool pelo condutor";"Atropelamento de Pedestre";"Com Vítimas Feridas";"Plena Noite";"Crescente";"Céu Claro";"Simples";"Reta";"Sim";3;0;3;0;0;0;3;2;-12,13056263;-45,01164211;"SPRF-BA";"DEL10-BA";"UOP01-DEL10-BA"
378824;2021-08-22;"domingo";"21:15:00";"RS";158;313,8;"ITAARA";"Ausência de reação do condutor";"Tombamento";"Com Vítimas Feridas";"Plena Noite";"Crescente";"Nublado";"Simples";"Curva";"Sim";2;0;2;0;0;0;2;1;-29,6410969;-53,76100757;"SPRF-RS";"DEL09-RS";"UOP01-DEL09-RS"
378825;2021-07-06;"terça-feira";"17:35:00";"PI";343;263;"CAMPO MAIOR";"Acessar a via sem observar a presença dos outros veículos";"Queda de ocupante de veículo";"Com Vítimas Feridas";"Anoitecer";"Crescente";"Céu Claro";"Simples";"Reta";"Sim";3;0;1;1;1;0;2;2;-4,819326;-42,158821;"SPRF-PI";"DEL01-PI";"UOP03-DEL01-PI"
378826;2021-08-23;"segunda-feira";"06:50:00";"ES";101;298;"VIANA";"Manobra de mudança de faixa";"Colisão lateral mesmo sentido";"Com Vítimas Feridas";"Pleno dia";"Decrescente";"Céu Claro";"Múltipla";"Reta";"Sim";3;0;2;0;1;0;2;2;-20,35374444;-40,4156433;"SPRF-ES";"DEL01-ES";"UOP01-DEL01-ES"
378827;2021-08-23;"segunda-feira";"01:10:00";"BA";116;638;"JAGUAQUARA";"Velocidade Incompatível";"Saída de leito carroçável";"Com Vítimas Feridas";"Plena Noite";"Crescente";"Ignorado";"Simples";"Curva";"Não";2;0;2;0;0;0;2;1;-13,51479285;-40,0571633;"SPRF-BA";"DEL03-BA";"UOP01-DEL03-BA"
378828;2021-08-23;"segunda-feira";"07:20:00";"RS";386;36,2;"FREDERICO WESTPHALEN";"Reação tardia ou ineficiente do condutor";"Colisão transversal";"Com Vítimas Feridas";"Pleno dia";"Decrescente";"Céu Claro";"Simples";"Interseção de Vias";"Sim";2;0;1;0;1;0;1;2;-27,373381;-53,39772;"SPRF-RS";"DEL08-RS";"UOP02-DEL08-RS"
378829;2021-08-23;"segunda-feira";"07:30:00";"DF";40;5,7;"BRASILIA";"Ausência de reação do condutor";"Colisão traseira";"Com Vítimas Feridas";"Pleno dia";"Crescente";"Céu Claro";"Dupla";"Reta";"Não";3;0;1;0;2;0;1;2;-16,020903;-47,980541;"SPRF-DF";"DEL01-DF";"UOP01-DEL01-DF"
378830;2021-08-23;"segunda-feira";"06:40:00";"RJ";116;170;"SAO JOAO DE MERITI";"Manobra de mudança de faixa";"Colisão lateral mesmo sentido";"Com Vítimas Feridas";"Pleno dia";"Decrescente";"Céu Claro";"Múltipla";"Reta";"Sim";2;0;1;0;1;0;1;2;-22,81113183;-43,3336729;"SPRF-RJ";"DEL01-RJ";"UOP02-DEL01-RJ"
378831;2021-08-23;"segunda-feira";"07:10:00";"PE";101;82;"JABOATAO DOS GUARARAPES";"Condutor deixou de manter distância do veículo da frente";"Engavetamento";"Sem Vítimas";"Pleno dia";"Decrescente";"Nublado";"Múltipla";"Viaduto";"Sim";3;0;0;0;3;0;0;3;-8,168383;-34,9376;"SPRF-PE";"DEL01-PE";"UOP01-DEL01-PE"
378832;2021-08-23;"segunda-feira";"06:50:00";"PB";101;95,1;"CONDE";"Mal súbito do condutor";"Tombamento";"Com Vítimas Feridas";"Pleno dia";"Decrescente";"Céu Claro";"Dupla";"Reta";"Não";1;0;0;1;0;0;1;1;-7,22379403;-34,91488195;"SPRF-PB";"DEL01-PB";"UOP02-DEL01-PB"
378833;2021-08-23;"segunda-feira";"07:20:00";"SC";470;8;"NAVEGANTES";"Condutor deixou de manter distância do veículo da frente";"Colisão traseira";"Com Vítimas Feridas";"Pleno dia";"Decrescente";"Céu Claro";"Dupla";"Reta";"Sim";2;0;1;0;0;1;1;2;-26,83688;-48,718853;"SPRF-SC";"DEL04-SC";"UOP04-DEL04-SC"
378834;2021-08-23;"segunda-feira";"07:30:00";"SE";235;5;"NOSSA SENHORA DO SOCORRO";"Condutor deixou de manter distância do veículo da frente";"Colisão traseira";"Com Vítimas Feridas";"Pleno dia";"Decrescente";"Garoa/Chuvisco";"Dupla";"Reta";"Sim";6;0;1;0;5;0;1;4;-10,9041;-37,1278;"SPRF-SE";"DEL01-SE";"UOP01-DEL01-SE"
378835;2021-08-23;"segunda-feira";"07:25:00";"ES";101;269,8;"SERRA";"Pedestre cruzava a pista fora da faixa";"Atropelamento de Pedestre";"Com Vítimas Feridas";"Pleno dia";"Crescente";"Sol";"Dupla";"Reta";"Sim";3;0;2;0;1;0;2;3;-20,21740496;-40,26990578;"SPRF-ES";"DEL02-ES";"UOP01-DEL02-ES"
378836;2021-08-23;"segunda-feira";"07:50:00";"SC";101;114,8;"ITAJAI";"Reação tardia ou ineficiente do condutor";"Tombamento";"Com Vítimas Feridas";"Pleno dia";"Decrescente";"Sol";"Múltipla";"Reta";"Sim";1;0;1;0;0;0;1;1;-26,86192886;-48,7286704;"SPRF-SC";"DEL04-SC";"UOP04-DEL04-SC"
378837;2021-08-23;"segunda-feira";"07:30:00";"ES";101;125,4;"SOORETAMA";"Manobra de mudança de faixa";"Colisão lateral mesmo sentido";"Com Vítimas Feridas";"Pleno dia";"Crescente";"Céu Claro";"Dupla";"Retorno Regulamentado;Reta";"Sim";2;0;1;0;0;1;1;2;-19,18496498;-40,09429827;"SPRF-ES";"DEL04-ES";"UOP01-DEL04-ES"
378840;2021-08-23;"segunda-feira";"07:20:00";"PB";101;88;"JOAO PESSOA";"Pedestre andava na pista";"Atropelamento de Pedestre";"Com Vítimas Feridas";"Pleno dia";"Crescente";"Chuva";"Dupla";"Aclive;Reta";"Sim";2;0;1;1;0;0;2;2;-7,16470016;-34,89993643;"SPRF-PB";"DEL01-PB";"UOP01-DEL01-PB"
378841;2021-08-23;"segunda-feira";"07:30:00";"SP";116;121;"CACAPAVA";"Condutor deixou de manter distância do veículo da frente";"Colisão traseira";"Sem Vítimas";"Pleno dia";"Decrescente";"Céu Claro";"Dupla";"Reta";"Não";2;0;0;0;2;0;0;2;-23,07631169;-45,65337222;"SPRF-SP";"DEL02-SP";"UOP02-DEL02-SP"
378842;2021-08-23;"segunda-feira";"06:45:00";"CE";116;32;"HORIZONTE";"Condutor deixou de manter distância do veículo da frente";"Colisão traseira";"Sem Vítimas";"Pleno dia";"Decrescente";"Céu Claro";"Dupla";"Curva";"Sim";4;0;0;0;3;1;0;4;-4,02676186;-38,51392889;"SPRF-CE";"DEL01-CE";"UOP02-DEL01-CE"
378843;2021-07-31;"sábado";"13:00:00";"PI";343;462,3;"SAO PEDRO DO PIAUI";"Avarias e/ou desgaste excessivo no pneu";"Eventos atípicos";"Com Vítimas Feridas";"Pleno dia";"Crescente";"Céu Claro";"Simples";"Reta";"Não";3;0;1;1;1;0;2;1;-6,006023;-42,734837;"SPRF-PI";"DEL01-PI";"UOP02-DEL01-PI"
378845;2021-08-22;"domingo";"05:30:00";"PR";476;328;"PAULA FREITAS";"Neblina";"Saída de leito carroçável";"Sem Vítimas";"Amanhecer";"Decrescente";"Nevoeiro/Neblina";"Simples";"Reta";"Não";1;0;0;0;0;1;0;1;-26,100046;-50,797813;"SPRF-PR";"DEL02-PR";"UOP03-DEL02-PR"
378846;2021-08-23;"segunda-feira";"07:50:00";"CE";116;32;"AQUIRAZ";"Pista Escorregadia";"Queda de ocupante de veículo";"Com Vítimas Feridas";"Pleno dia";"Crescente";"Garoa/Chuvisco";"Dupla";"Curva";"Não";2;0;1;0;1;0;1;1;-4,02676186;-38,51392889;"SPRF-CE";"DEL01-CE";"UOP02-DEL01-CE"
378848;2021-08-23;"segunda-feira";"07:50:00";"RS";116;268;"CANOAS";"Manobra de mudança de faixa";"Colisão lateral mesmo sentido";"Com Vítimas Feridas";"Pleno dia";"Decrescente";"Céu Claro";"Dupla";"Reta";"Sim";2;0;1;0;1;0;1;2;-29,95042502;-51,17652939;"SPRF-RS";"DEL01-RS";"UOP01-DEL01-RS"
378849;2021-08-23;"segunda-feira";"08:15:00";"PR";369;83,9;"CORNELIO PROCOPIO";"Condutor deixou de manter distância do veículo da frente";"Colisão traseira";"Com Vítimas Feridas";"Pleno dia";"Crescente";"Céu Claro";"Simples";"Reta;Em Obras";"Não";2;0;1;0;1;0;1;2;-23,16132824;-50,60857952;"SPRF-PR";"DEL07-PR";"UOP01-DEL07-PR"
378852;2021-08-23;"segunda-feira";"04:00:00";"BA";324;438;"RIACHAO DO JACUIPE";"Ingestão de álcool pelo condutor";"Saída de leito carroçável";"Sem Vítimas";"Plena Noite";"Decrescente";"Chuva";"Simples";"Reta";"Sim";1;0;0;0;1;0;0;1;-11,811907;-39,386308;"SPRF-BA";"DEL04-BA";"UOP02-DEL04-BA"
378853;2021-08-23;"segunda-feira";"08:35:00";"PR";116;116;"CURITIBA";"Ausência de reação do condutor";"Colisão lateral mesmo sentido";"Com Vítimas Feridas";"Pleno dia";"Decrescente";"Céu Claro";"Dupla";"Reta";"Sim";3;0;2;0;1;0;2;2;-25,55468195;-49,27402397;"SPRF-PR";"DEL01-PR";"UOP03-DEL01-PR"
378854;2021-07-14;"quarta-feira";"18:30:00";"RS";285;455,3;"IJUI";"Desrespeitar a preferência no cruzamento";"Colisão transversal";"Com Vítimas Feridas";"Plena Noite";"Crescente";"Céu Claro";"Simples";"Interseção de Vias";"Sim";2;0;1;0;1;0;1;2;-28,38415146;-53,88828278;"SPRF-RS";"DEL10-RS";"UOP01-DEL10-RS"
378855;2021-08-23;"segunda-feira";"08:35:00";"SP";116;222,5;"GUARULHOS";"Manobra de mudança de faixa";"Colisão lateral mesmo sentido";"Com Vítimas Feridas";"Pleno dia";"Crescente";"Céu Claro";"Múltipla";"Reta";"Sim";3;0;1;0;1;1;1;3;-23,47093408;-46,51631097;"SPRF-SP";"DEL01-SP";"UOP01-DEL01-SP"
378856;2021-08-23;"segunda-feira";"08:15:00";"MG";356;266,3;"MURIAE";"Desrespeitar a preferência no cruzamento";"Colisão transversal";"Com Vítimas Feridas";"Pleno dia";"Crescente";"Sol";"Simples";"Reta;Interseção de Vias";"Sim";2;0;0;1;1;0;1;2;-21,127607;-42,36840519;"SPRF-MG";"DEL07-MG";"UOP02-DEL07-MG"
378857;2021-08-23;"segunda-feira";"09:00:00";"ES";393;2;"CACHOEIRO DE ITAPEMIRIM";"Acessar a via sem observar a presença dos outros veículos";"Colisão transversal";"Com Vítimas Feridas";"Pleno dia";"Decrescente";"Sol";"Simples";"Reta";"Sim";3;0;0;2;0;1;2;2;-20,83242503;-41,17491003;"SPRF-ES";"DEL03-ES";"UOP02-DEL03-ES"
378858;2021-08-23;"segunda-feira";"08:30:00";"RJ";116;167;"SAO JOAO DE MERITI";"Trafegar com motocicleta (ou similar) entre as faixas";"Colisão traseira";"Com Vítimas Feridas";"Pleno dia";"Decrescente";"Céu Claro";"Múltipla";"Reta";"Sim";3;0;1;0;2;0;1;2;-22,81803977;-43,30787252;"SPRF-RJ";"DEL01-RJ";"UOP01-DEL01-RJ"
378859;2021-08-23;"segunda-feira";"07:00:00";"SC";282;462,7;"PONTE SERRADA";"Condutor Dormindo";"Saída de leito carroçável";"Com Vítimas Feridas";"Pleno dia";"Decrescente";"Céu Claro";"Simples";"Declive";"Sim";1;0;1;0;0;0;1;1;-26,857594;-52,050583;"SPRF-SC";"DEL07-SC";"UOP04-DEL07-SC"
378862;2021-08-23;"segunda-feira";"08:00:00";"RJ";101;417;"MANGARATIBA";"Acessar a via sem observar a presença dos outros veículos";"Colisão transversal";"Sem Vítimas";"Pleno dia";"Crescente";"Céu Claro";"Simples";"Curva";"Não";2;0;0;0;2;0;0;2;-22,91293797;-43,89732384;"SPRF-RJ";"DEL03-RJ";"UOP03-DEL03-RJ"
378864;2021-08-23;"segunda-feira";"08:00:00";"ES";101;144;"LINHARES";"Condutor deixou de manter distância do veículo da frente";"Colisão traseira";"Sem Vítimas";"Pleno dia";"Crescente";"Céu Claro";"Dupla";"Reta";"Sim";2;0;0;0;2;0;0;2;-19,35188295;-40,0636685;"SPRF-ES";"DEL04-ES";"UOP01-DEL04-ES"
378866;2021-08-23;"segunda-feira";"09:30:00";"AL";423;56;"AGUA BRANCA";"Avarias e/ou desgaste excessivo no pneu";"Tombamento";"Sem Vítimas";"Pleno dia";"Decrescente";"Céu Claro";"Simples";"Reta";"Não";1;0;0;0;1;0;0;1;-9,2833835;-37,78706789;"SPRF-AL";"DEL03-AL";"UOP02-DEL03-AL"
378867;2021-08-23;"segunda-feira";"08:50:00";"PR";277;707;"SANTA TEREZINHA DE ITAIPU";"Animais na Pista";"Atropelamento de Animal";"Com Vítimas Feridas";"Pleno dia";"Decrescente";"Nublado";"Dupla";"Aclive";"Não";3;0;1;0;2;0;1;1;-25,4390402;-54,38645591;"SPRF-PR";"DEL05-PR";"UOP01-DEL05-PR"
378869;2021-02-20;"sábado";"20:30:00";"MS";158;153,2;"APARECIDA DO TABOADO";"Falta de elemento de contenção que evite a saída do leito carroçável";"Saída de leito carroçável";"Com Vítimas Feridas";"Plena Noite";"Crescente";"Céu Claro";"Simples";"Reta";"Não";2;0;2;0;0;0;2;1;-20,117552;-51,18081;"SPRF-MS";"DEL08-MS";"UOP01-DEL08-MS"
378870;2021-08-23;"segunda-feira";"09:00:00";"BA";367;83,4;"EUNAPOLIS";"Demais falhas mecânicas ou elétricas";"Colisão traseira";"Com Vítimas Feridas";"Pleno dia";"Decrescente";"Sol";"Simples";"Reta";"Sim";4;0;2;0;2;0;2;2;-16,37348881;-39,57440615;"SPRF-BA";"DEL09-BA";"UOP01-DEL09-BA"
378872;2021-07-18;"domingo";"15:30:00";"PR";376;75;"GUAIRACA";"Acessar a via sem observar a presença dos outros veículos";"Colisão transversal";"Com Vítimas Feridas";"Pleno dia";"Decrescente";"Céu Claro";"Simples";"Interseção de Vias";"Não";3;0;0;1;2;0;1;2;-22,95601934;-52,69687272;"SPRF-PR";"DEL09-PR";"UOP02-DEL09-PR"
378874;2021-08-23;"segunda-feira";"09:00:00";"BA";116;417,6;"FEIRA DE SANTANA";"Reação tardia ou ineficiente do condutor";"Engavetamento";"Com Vítimas Feridas";"Pleno dia";"Crescente";"Nublado";"Dupla";"Reta";"Sim";5;0;5;0;0;0;5;3;-12,1908382;-38,96528352;"SPRF-BA";"DEL02-BA";"UOP01-DEL02-BA"
378875;2021-08-23;"segunda-feira";"08:40:00";"RO";364;707;"PORTO VELHO";"Velocidade Incompatível";"Capotamento";"Com Vítimas Feridas";"Pleno dia";"Crescente";"Céu Claro";"Simples";"Reta";"Não";1;0;1;0;0;0;1;1;-8,797316;-63,837767;"SPRF-RO";"DEL01-RO";"UOP01-DEL01-RO"
378876;2021-08-23;"segunda-feira";"09:00:00";"PR";376;155,2;"MANDAGUACU";"Reação tardia ou ineficiente do condutor";"Colisão lateral mesmo sentido";"Com Vítimas Feridas";"Pleno dia";"Decrescente";"Céu Claro";"Dupla";"Reta";"Sim";2;0;1;0;1;0;1;2;-23,33851773;-52,09845693;"SPRF-PR";"DEL09-PR";"UOP01-DEL09-PR"
378877;2021-07-31;"sábado";"21:05:00";"RN";405;153;"PAU DOS FERROS";"Transitar na contramão";"Colisão frontal";"Com Vítimas Feridas";"Plena Noite";"Crescente";"Céu Claro";"Simples";"Reta";"Sim";3;0;1;1;1;0;2;3;-6,13258011;-38,20671315;"SPRF-RN";"DEL04-RN";"UOP02-DEL04-RN"
378878;2021-08-23;"segunda-feira";"07:40:00";"CE";20;204;"BOA VIAGEM";"Desrespeitar a preferência no cruzamento";"Colisão transversal";"Com Vítimas Feridas";"Pleno dia";"Crescente";"Céu Claro";"Simples";"Reta;Aclive";"Sim";2;0;1;0;1;0;1;2;-5,12155025;-39,73264757;"SPRF-CE";"DEL02-CE";"UOP02-DEL02-CE"
378879;2021-08-23;"segunda-feira";"10:45:00";"RJ";116;72;"TERESOPOLIS";"Demais Fenômenos da natureza";"Colisão frontal";"Com Vítimas Feridas";"Pleno dia";"Crescente";"Céu Claro";"Simples";"Curva";"Não";3;0;1;0;2;0;1;2;-22,35843061;-42,94156551;"SPRF-RJ";"DEL04-RJ";"UOP01-DEL04-RJ"
378882;2021-08-23;"segunda-feira";"11:20:00";"SC";280;57;"GUARAMIRIM";"Acesso irregular";"Colisão frontal";"Com Vítimas Feridas";"Pleno dia";"Decrescente";"Sol";"Dupla";"Aclive;Viaduto";"Sim";2;0;1;0;1;0;1;2;-26,47811421;-49,01259213;"SPRF-SC";"DEL03-SC";"UOP03-DEL03-SC"
378884;2021-08-23;"segunda-feira";"12:05:00";"DF";70;13,7;"BRASILIA";"Mal súbito do condutor";"Colisão com objeto";"Com Vítimas Feridas";"Pleno dia";"Crescente";"Céu Claro";"Dupla";"Rotatória";"Sim";1;0;1;0;0;0;1;1;-15,79605272;-48,1727314;"SPRF-DF";"DEL03-DF";"UOP02-DEL03-DF"
378885;2021-08-23;"segunda-feira";"11:45:00";"SP";101;49;"UBATUBA";"Condutor deixou de manter distância do veículo da frente";"Engavetamento";"Com Vítimas Feridas";"Pleno dia";"Crescente";"Céu Claro";"Simples";"Reta";"Sim";3;0;1;0;1;1;1;3;-23,44410908;-45,08375708;"SPRF-SP";"DEL06-SP";"UOP01-DEL06-SP"
378886;2021-08-23;"segunda-feira";"12:00:00";"CE";116;8;"FORTALEZA";"Ausência de reação do condutor";"Queda de ocupante de veículo";"Com Vítimas Feridas";"Pleno dia";"Decrescente";"Céu Claro";"Dupla";"Reta";"Sim";1;0;1;0;0;0;1;1;-3,8192799;-38,50268337;"SPRF-CE";"DEL01-CE";"UOP02-DEL01-CE"
378887;2021-08-23;"segunda-feira";"11:20:00";"RS";116;2;"PORTO ALEGRE";"Condutor deixou de manter distância do veículo da frente";"Colisão traseira";"Com Vítimas Feridas";"Pleno dia";"Crescente";"Céu Claro";"Dupla";"Reta";"Sim";4;0;2;0;1;1;2;3;-30,033535;-51,230453;"SPRF-RS";"DEL01-RS";"UOP01-DEL01-RS"
378888;2021-08-23;"segunda-feira";"12:00:00";"PR";476;135;"CURITIBA";"Reação tardia ou ineficiente do condutor";"Colisão com objeto";"Sem Vítimas";"Pleno dia";"Decrescente";"Céu Claro";"Dupla";"Reta";"Sim";1;0;0;0;0;1;0;1;-25,483786;-49,265808;"SPRF-PR";"DEL01-PR";"UOP03-DEL01-PR"
378889;2021-08-23;"segunda-feira";"10:30:00";"PI";230;278,8;"NAZARE DO PIAUI";"Reação tardia ou ineficiente do condutor";"Saída de leito carroçável";"Com Vítimas Feridas";"Pleno dia";"Decrescente";"Céu Claro";"Simples";"Reta";"Não";1;0;0;1;0;0;1;1;-6,92507904;-42,77265801;"SPRF-PI";"DEL03-PI";"UOP01-DEL03-PI"
378890;2021-08-23;"segunda-feira";"07:15:00";"MG";153;233,9;"FRONTEIRA";"Reação tardia ou ineficiente do condutor";"Capotamento";"Com Vítimas Feridas";"Pleno dia";"Decrescente";"Céu Claro";"Simples";"Reta";"Não";1;0;1;0;0;0;1;1;-20,25430427;-49,17267166;"SPRF-MG";"DEL13-MG";"UOP02-DEL13-MG"
378891;2021-08-23;"segunda-feira";"12:30:00";"PE";101;70;"RECIFE";"Pista Escorregadia";"Queda de ocupante de veículo";"Com Vítimas Feridas";"Pleno dia";"Crescente";"Sol";"Dupla";"Reta";"Sim";1;0;1;0;0;0;1;1;-8,06776119;-34,94265074;"SPRF-PE";"DEL01-PE";"UOP01-DEL01-PE"
378897;2021-08-23;"segunda-feira";"12:53:00";"RJ";101;392;"ITAGUAI";"Demais falhas mecânicas ou elétricas";"Incêndio";"Sem Vítimas";"Pleno dia";"Decrescente";"Céu Claro";"Dupla";"Reta";"Não";2;0;0;0;2;0;0;1;-22,89265625;-43,6945091;"SPRF-RJ";"DEL03-RJ";"UOP01-DEL03-RJ"
378898;2021-08-22;"domingo";"21:15:00";"PR";376;4;"SAO JOSE DOS PINHAIS";"Velocidade Incompatível";"Colisão com objeto";"Com Vítimas Feridas";"Plena Noite";"Decrescente";"Céu Claro";"Dupla";"Curva";"Sim";3;0;0;3;0;0;3;1;-25,5307;-49,1958;"SPRF-PR";"DEL01-PR";"UOP04-DEL01-PR"
378900;2021-08-23;"segunda-feira";"14:20:00";"ES";262;29;"DOMINGOS MARTINS";"Reação tardia ou ineficiente do condutor";"Colisão com objeto";"Sem Vítimas";"Pleno dia";"Decrescente";"Céu Claro";"Simples";"Curva";"Não";1;0;0;0;1;0;0;1;-20,37585099;-40,56027297;"SPRF-ES";"DEL01-ES";"UOP01-DEL01-ES"
378902;2021-08-23;"segunda-feira";"11:50:00";"RS";392;28;"RIO GRANDE";"Acumulo de água sobre o pavimento";"Saída de leito carroçável";"Com Vítimas Feridas";"Pleno dia";"Crescente";"Chuva";"Dupla";"Reta";"Não";1;0;1;0;0;0;1;1;-32,06592409;-52,26686814;"SPRF-RS";"DEL07-RS";"UOP02-DEL07-RS"