"id";"data_inversa";"dia_semana";"horario";"uf";"br";"km";"municipio";"causa_acidente";"tipo_acidente";"classificacao_acidente";"fase_dia";"sentido_via";"condicao_metereologica";"tipo_pista";"tracado_via";"uso_solo";"pessoas";"mortos";"feridos_leves";"feridos_graves";"ilesos";"ignorados";"feridos";"veiculos";"latitude";"longitude";"regional";"delegacia";"uop"
379034;2021-08-24;"terça-feira";"09:00:00";"PR";277;678;"MEDIANEIRA";"Frear bruscamente";"Saída de leito carroçável";"Com Vítimas Fatais";"Pleno dia";"Crescente";"Céu Claro";"Dupla";"Reta";"Não";2;2;0;0;0;0;0;1;-25,31261205;-54,14871997;"SPRF-PR";"DEL05-PR";"UOP01-DEL05-PR"
379035;2021-08-24;"terça-feira";"09:00:00";"PE";101;57;"RECIFE";"Condutor deixou de manter distância do veículo da frente";"Colisão traseira";"Sem Vítimas";"Pleno dia";"Decrescente";"Sol";"Múltipla";"Reta";"Não";2;0;0;0;1;1;0;2;-7,96346213;-34,91513486;"SPRF-PE";"DEL01-PE";"UOP02-DEL01-PE"
379036;2021-08-24;"terça-feira";"09:20:00";"PB";230;3;"CABEDELO";"Ausência de reação do condutor";"Colisão com objeto";"Com Vítimas Feridas";"Pleno dia";"Crescente";"Céu Claro";"Dupla";"Retorno Regulamentado";"Sim";1;0;1;0;0;0;1;1;-6,991989;-34,8282315;"SPRF-PB";"DEL01-PB";"UOP01-DEL01-PB"
379037;2021-08-24;"terça-feira";"07:30:00";"MT";70;625;"POCONE";"Reação tardia ou ineficiente do condutor";"Saída de leito carroçável";"Com Vítimas Feridas";"Pleno dia";"Crescente";"Céu Claro";"Simples";"Reta";"Não";2;0;1;0;1;0;1;1;-15,932809;-56,988382;"SPRF-MT";"DEL03-MT";"UOP02-DEL03-MT"
379038;2021-08-24;"terça-feira";"09:45:00";"SP";116;217,9;"GUARULHOS";"Condutor deixou de manter distância do veículo da frente";"Colisão traseira";"Com Vítimas Feridas";"Pleno dia";"Crescente";"Céu Claro";"Múltipla";"Reta";"Sim";4;0;1;0;3;0;1;4;-23,45423824;-46,47119028;"SPRF-SP";"DEL01-SP";"UOP01-DEL01-SP"
379039;2021-07-24;"sábado";"03:00:00";"RJ";116;54;"TERESOPOLIS";"Conversão proibida";"Colisão transversal";"Com Vítimas Fatais";"Plena Noite";"Decrescente";"Céu Claro";"Simples";"Reta";"Sim";4;3;0;0;1;0;0;2;-22,20622094;-42,879521;"SPRF-RJ";"DEL04-RJ";"UOP01-DEL04-RJ"
379041;2021-08-24;"terça-feira";"10:20:00";"GO";60;130;"GOIANIA";"Pista Escorregadia";"Queda de ocupante de veículo";"Com Vítimas Feridas";"Pleno dia";"Crescente";"Céu Claro";"Dupla";"Reta";"Não";1;0;0;1;0;0;1;1;-16,5675;-49,1554;"SPRF-GO";"DEL01-GO";"UOP01-DEL01-GO"
379042;2021-08-24;"terça-feira";"08:30:00";"RO";364;268,4;"CACOAL";"Avarias e/ou desgaste excessivo no pneu";"Saída de leito carroçável";"Com Vítimas Feridas";"Pleno dia";"Decrescente";"Sol";"Simples";"Reta";"Não";2;0;2;0;0;0;2;1;-11,37734201;-61,695898;"SPRF-RO";"DEL02-RO";"UOP02-DEL02-RO"
379043;2021-08-24;"terça-feira";"10:45:00";"ES";101;269,5;"SERRA";"Condutor deixou de manter distância do veículo da frente";"Colisão traseira";"Com Vítimas Feridas";"Pleno dia";"Decrescente";"Céu Claro";"Múltipla";"Reta;Interseção de Vias";"Sim";4;0;1;0;3;0;1;3;-20,21740496;-40,26990578;"SPRF-ES";"DEL02-ES";"UOP01-DEL02-ES"
379046;2021-08-24;"terça-feira";"11:09:00";"BA";324;612;"SALVADOR";"Acessar a via sem observar a presença dos outros veículos";"Colisão lateral sentido oposto";"Com Vítimas Feridas";"Pleno dia";"Decrescente";"Céu Claro";"Simples";"Reta";"Não";3;0;1;0;1;1;1;2;-12,84664721;-38,41741648;"SPRF-BA";"DEL01-BA";"UOP01-DEL01-BA"
379047;2021-08-24;"terça-feira";"11:30:00";"MG";381;496,2;"BETIM";"Manobra de mudança de faixa";"Colisão lateral mesmo sentido";"Com Vítimas Feridas";"Pleno dia";"Crescente";"Sol";"Múltipla";"Reta";"Sim";3;0;1;1;1;0;2;2;-19,97625281;-44,19181824;"SPRF-MG";"DEL01-MG";"UOP03-DEL01-MG"
379049;2021-08-24;"terça-feira";"10:59:00";"PR";369;37,4;"ANDIRA";"Condutor desrespeitou a iluminação vermelha do semáforo";"Colisão transversal";"Com Vítimas Feridas";"Pleno dia";"Crescente";"Céu Claro";"Simples";"Interseção de Vias";"Sim";2;0;1;0;1;0;1;2;-23,04690519;-50,23520529;"SPRF-PR";"DEL07-PR";"UOP01-DEL07-PR"
379052;2021-08-24;"terça-feira";"12:20:00";"ES";101;269,7;"SERRA";"Manobra de mudança de faixa";"Colisão lateral mesmo sentido";"Com Vítimas Feridas";"Pleno dia";"Crescente";"Céu Claro";"Múltipla";"Reta";"Sim";3;0;0;1;1;1;1;2;-20,21740496;-40,26990578;"SPRF-ES";"DEL02-ES";"UOP01-DEL02-ES"
379055;2021-08-20;"sexta-feira";"19:00:00";"PI";343;212;"PIRIPIRI";"Problema com o freio";"Colisão traseira";"Sem Vítimas";"Plena Noite";"Decrescente";"Céu Claro";"Simples";"Reta";"Não";4;0;0;0;3;1;0;2;-4,450784;-41,929127;"SPRF-PI";"DEL02-PI";"UOP01-DEL02-PI"
379057;2021-08-24;"terça-feira";"08:10:00";"SC";282;222;"LAGES";"Pista Escorregadia";"Saída de leito carroçável";"Com Vítimas Feridas";"Pleno dia";"Crescente";"Céu Claro";"Simples";"Curva";"Não";1;0;1;0;0;0;1;1;-27,797739;-50,353409;"SPRF-SC";"DEL05-SC";"UOP01-DEL05-SC"
379058;2021-08-24;"terça-feira";"11:10:00";"RJ";40;42,5;"AREAL";"Velocidade Incompatível";"Tombamento";"Com Vítimas Fatais";"Pleno dia";"Crescente";"Céu Claro";"Dupla";"Reta";"Não";2;1;0;0;1;0;0;2;-22,25614201;-43,10847296;"SPRF-RJ";"DEL05-RJ";"UOP02-DEL05-RJ"
379060;2021-08-24;"terça-feira";"12:00:00";"SC";280;55;"GUARAMIRIM";"Acessar a via sem observar a presença dos outros veículos";"Colisão lateral mesmo sentido";"Com Vítimas Feridas";"Pleno dia";"Decrescente";"Nublado";"Simples";"Reta";"Não";2;0;1;0;1;0;1;2;-26,47584353;-48,9937858;"SPRF-SC";"DEL03-SC";"UOP03-DEL03-SC"
379061;2021-08-24;"terça-feira";"13:00:00";"SC";470;141;"RIO DO SUL";"Conversão proibida";"Colisão lateral mesmo sentido";"Sem Vítimas";"Pleno dia";"Decrescente";"Céu Claro";"Simples";"Reta";"Não";3;0;0;0;3;0;0;2;-27,226065;-49,666161;"SPRF-SC";"DEL04-SC";"UOP02-DEL04-SC"
379063;2021-08-24;"terça-feira";"13:20:00";"SP";116;223;"GUARULHOS";"Reação tardia ou ineficiente do condutor";"Queda de ocupante de veículo";"Com Vítimas Feridas";"Pleno dia";"Crescente";"Céu Claro";"Dupla";"Reta";"Não";1;0;1;0;0;0;1;1;-23,47559815;-46,5246609;"SPRF-SP";"DEL01-SP";"UOP01-DEL01-SP"
379064;2021-07-16;"sexta-feira";"19:45:00";"RS";101;6,4;"TORRES";"Transitar na contramão";"Colisão frontal";"Com Vítimas Feridas";"Plena Noite";"Decrescente";"Céu Claro";"Múltipla";"Reta";"Sim";3;0;0;1;2;0;1;2;-29,34755416;-49,79310885;"SPRF-RS";"DEL03-RS";"UOP02-DEL03-RS"
379066;2021-08-24;"terça-feira";"13:18:00";"BA";367;82;"EUNAPOLIS";"Acessar a via sem observar a presença dos outros veículos";"Colisão transversal";"Sem Vítimas";"Pleno dia";"Crescente";"Nublado";"Simples";"Rotatória";"Sim";2;0;0;0;2;0;0;2;-16,37205962;-39,56163401;"SPRF-BA";"DEL09-BA";"UOP01-DEL09-BA"
379067;2021-08-24;"terça-feira";"09:40:00";"MG";262;615,6;"IBIA";"Manobra de mudança de faixa";"Saída de leito carroçável";"Com Vítimas Feridas";"Pleno dia";"Decrescente";"Céu Claro";"Simples";"Reta";"Não";1;0;1;0;0;0;1;1;-19,58551007;-46,32494606;"SPRF-MG";"DEL08-MG";"UOP02-DEL08-MG"
379069;2021-08-24;"terça-feira";"13:40:00";"SC";101;200,6;"SAO JOSE";"Acessar a via sem observar a presença dos outros veículos";"Colisão lateral mesmo sentido";"Com Vítimas Feridas";"Pleno dia";"Decrescente";"Céu Claro";"Múltipla";"Declive";"Sim";3;0;2;0;1;0;2;2;-27,54018513;-48,62287714;"SPRF-SC";"DEL01-SC";"UOP01-DEL01-SC"
379070;2021-08-24;"terça-feira";"14:00:00";"MG";262;446;"NOVA SERRANA";"Condutor deixou de manter distância do veículo da frente";"Colisão traseira";"Sem Vítimas";"Pleno dia";"Decrescente";"Céu Claro";"Dupla";"Reta";"Sim";2;0;0;0;2;0;0;2;-19,87514825;-44,95031205;"SPRF-MG";"DEL08-MG";"UOP03-DEL08-MG"
379073;2021-08-24;"terça-feira";"11:45:00";"SP";116;483;"CAJATI";"Reação tardia ou ineficiente do condutor";"Saída de leito carroçável";"Com Vítimas Feridas";"Pleno dia";"Decrescente";"Céu Claro";"Dupla";"Reta";"Não";1;0;1;0;0;0;1;1;-24,72274238;-48,05286602;"SPRF-SP";"DEL05-SP";"UOP01-DEL05-SP"
379078;2021-08-24;"terça-feira";"14:22:00";"SC";101;120,4;"ITAJAI";"Condutor deixou de manter distância do veículo da frente";"Queda de ocupante de veículo";"Com Vítimas Feridas";"Pleno dia";"Decrescente";"Céu Claro";"Múltipla";"Reta";"Sim";2;0;1;0;0;1;1;2;-26,912758;-48,711998;"SPRF-SC";"DEL04-SC";"UOP04-DEL04-SC"
379080;2021-08-24;"terça-feira";"13:13:00";"RJ";40;121;"DUQUE DE CAXIAS";"Mal súbito do condutor";"Colisão com objeto";"Com Vítimas Feridas";"Pleno dia";"Decrescente";"Céu Claro";"Dupla";"Reta";"Sim";1;0;1;0;0;0;1;1;-22,78185499;-43,28571273;"SPRF-RJ";"DEL01-RJ";"UOP01-DEL01-RJ"
379082;2021-08-24;"terça-feira";"13:30:00";"ES";262;5,7;"CARIACICA";"Acessar a via sem observar a presença dos outros veículos";"Colisão transversal";"Sem Vítimas";"Pleno dia";"Crescente";"Sol";"Múltipla";"Reta";"Sim";2;0;0;0;2;0;0;2;-20,33707281;-40,38649924;"SPRF-ES";"DEL01-ES";"UOP01-DEL01-ES"
379083;2021-08-24;"terça-feira";"13:16:00";"GO";50;299,4;"CUMARI";"Condutor Dormindo";"Saída de leito carroçável";"Com Vítimas Feridas";"Pleno dia";"Decrescente";"Céu Claro";"Dupla";"Reta";"Não";2;0;1;0;1;0;1;1;-18,3208;-48,0232;"SPRF-GO";"DEL06-GO";"UOP01-DEL06-GO"
379084;2021-08-24;"terça-feira";"12:00:00";"RS";285;160,3;"MUITOS CAPOES";"Curva acentuada";"Saída de leito carroçável";"Com Vítimas Feridas";"Pleno dia";"Decrescente";"Céu Claro";"Simples";"Curva";"Não";1;0;1;0;0;0;1;1;-28,321394;-51,227303;"SPRF-RS";"DEL05-RS";"UOP03-DEL05-RS"
379085;2021-08-24;"terça-feira";"10:30:00";"GO";60;324,3;"ACREUNA";"Entrada inopinada do pedestre";"Atropelamento de Pedestre";"Com Vítimas Fatais";"Pleno dia";"Crescente";"Sol";"Dupla";"Reta";"Não";2;1;0;0;1;0;0;2;-17,516431;-50,482725;"SPRF-GO";"DEL04-GO";"UOP01-DEL04-GO"
379087;2021-08-24;"terça-feira";"12:30:00";"ES";101;146;"LINHARES";"Condutor deixou de manter distância do veículo da frente";"Colisão traseira";"Com Vítimas Feridas";"Pleno dia";"Decrescente";"Céu Claro";"Dupla";"Reta";"Sim";3;0;0;1;1;1;1;3;-19,36990998;-40,06560718;"SPRF-ES";"DEL04-ES";"UOP01-DEL04-ES"
379089;2021-05-08;"sábado";"19:41:00";"PR";277;6;"FOZ DO IGUACU";"Manobra de mudança de faixa";"Colisão lateral mesmo sentido";"Com Vítimas Feridas";"Plena Noite";"Crescente";"Ignorado";"Dupla";"Reta";"Sim";2;0;0;1;0;1;1;2;-25,46283563;-54,58322413;"SPRF-PR";"DEL05-PR";"UOP03-DEL05-PR"
379090;2021-08-24;"terça-feira";"14:50:00";"SP";116;58,8;"GUARATINGUETA";"Avarias e/ou desgaste excessivo no pneu";"Queda de ocupante de veículo";"Com Vítimas Feridas";"Pleno dia";"Decrescente";"Céu Claro";"Dupla";"Reta";"Sim";2;0;2;0;0;0;2;1;-22,78005511;-45,14572791;"SPRF-SP";"DEL08-SP";"UOP01-DEL08-SP"
379091;2021-08-24;"terça-feira";"11:40:00";"RJ";101;293,7;"ITABORAI";"Acessar a via sem observar a presença dos outros veículos";"Engavetamento";"Com Vítimas Feridas";"Pleno dia";"Crescente";"Céu Claro";"Dupla";"Reta";"Sim";3;0;1;0;2;0;1;3;-22,757074;-42,893389;"SPRF-RJ";"DEL02-RJ";"UOP02-DEL02-RJ"
379092;2021-08-24;"terça-feira";"15:15:00";"RS";290;87;"PORTO ALEGRE";"Chuva";"Saída de leito carroçável";"Com Vítimas Feridas";"Pleno dia";"Decrescente";"Chuva";"Dupla";"Reta";"Sim";1;0;1;0;0;0;1;1;-29,967838;-51,127197;"SPRF-RS";"DEL01-RS";"UOP01-DEL01-RS"
379093;2021-08-24;"terça-feira";"11:00:00";"GO";153;142;"MARA ROSA";"Demais falhas mecânicas ou elétricas";"Saída de leito carroçável";"Com Vítimas Feridas";"Pleno dia";"Decrescente";"Céu Claro";"Simples";"Reta";"Não";5;0;1;0;4;0;1;1;-14,0116;-49,085331;"SPRF-GO";"DEL07-GO";"UOP01-DEL07-GO"
379098;2021-08-24;"terça-feira";"12:30:00";"GO";60;460;"JATAI";"Ausência de reação do condutor";"Saída de leito carroçável";"Com Vítimas Feridas";"Pleno dia";"Crescente";"Céu Claro";"Dupla";"Reta";"Não";3;0;1;1;0;1;2;2;-17,87202849;-51,61971331;"SPRF-GO";"DEL05-GO";"UOP01-DEL05-GO"
379099;2021-08-24;"terça-feira";"16:20:00";"GO";60;201,1;"GUAPO";"Manobra de mudança de faixa";"Queda de ocupante de veículo";"Com Vítimas Feridas";"Pleno dia";"Decrescente";"Céu Claro";"Dupla";"Aclive";"Não";1;0;1;0;0;0;1;1;-16,8815;-49,6179;"SPRF-GO";"DEL01-GO";"UOP02-DEL01-GO"
379100;2021-08-24;"terça-feira";"16:10:00";"RS";116;265;"CANOAS";"Condutor deixou de manter distância do veículo da frente";"Colisão traseira";"Com Vítimas Feridas";"Pleno dia";"Decrescente";"Chuva";"Múltipla";"Reta";"Sim";3;0;1;0;2;0;1;3;-29,92342302;-51,17780944;"SPRF-RS";"DEL01-RS";"UOP01-DEL01-RS"
379101;2021-08-24;"terça-feira";"16:00:00";"MT";70;5,1;"BARRA DO GARCAS";"Reação tardia ou ineficiente do condutor";"Colisão traseira";"Com Vítimas Feridas";"Pleno dia";"Crescente";"Céu Claro";"Dupla";"Rotatória";"Sim";2;0;1;0;1;0;1;2;-15,87814789;-52,296134;"SPRF-MT";"DEL07-MT";"UOP01-DEL07-MT"
379102;2021-08-24;"terça-feira";"10:45:00";"BA";242;767;"BARREIRAS";"Acostamento em desnível";"Queda de ocupante de veículo";"Com Vítimas Feridas";"Pleno dia";"Decrescente";"Céu Claro";"Simples";"Reta";"Não";1;0;1;0;0;0;1;1;-12,16271606;-44,592294;"SPRF-BA";"DEL10-BA";"UOP01-DEL10-BA"
379103;2021-08-24;"terça-feira";"15:20:00";"MT";163;115;"RONDONOPOLIS";"Condutor Dormindo";"Capotamento";"Com Vítimas Feridas";"Pleno dia";"Crescente";"Céu Claro";"Dupla";"Aclive;Reta";"Não";1;0;1;0;0;0;1;1;-16,53799506;-54,66666488;"SPRF-MT";"DEL02-MT";"UOP01-DEL02-MT"
379104;2021-08-21;"sábado";"22:20:00";"MT";163;696;"SORRISO";"Transitar no acostamento";"Saída de leito carroçável";"Com Vítimas Feridas";"Plena Noite";"Decrescente";"Céu Claro";"Simples";"Reta";"Não";1;0;1;0;0;0;1;1;-13,01164719;-55,89114927;"SPRF-MT";"DEL06-MT";"UOP01-DEL06-MT"
379105;2021-08-24;"terça-feira";"16:00:00";"PR";369;83;"CORNELIO PROCOPIO";"Velocidade Incompatível";"Saída de leito carroçável";"Sem Vítimas";"Pleno dia";"Decrescente";"Céu Claro";"Simples";"Interseção de Vias";"Não";2;0;0;0;2;0;0;1;-23,15919218;-50,60779095;"SPRF-PR";"DEL07-PR";"UOP01-DEL07-PR"
379106;2021-08-24;"terça-feira";"15:30:00";"MT";163;66;"RONDONOPOLIS";"Ingestão de álcool pelo condutor";"Capotamento";"Com Vítimas Feridas";"Pleno dia";"Decrescente";"Céu Claro";"Dupla";"Reta";"Não";1;0;1;0;0;0;1;1;-16,93639109;-54,73331174;"SPRF-MT";"DEL02-MT";"UOP01-DEL02-MT"
379108;2021-08-24;"terça-feira";"17:15:00";"GO";153;438;"ANAPOLIS";"Velocidade Incompatível";"Tombamento";"Com Vítimas Feridas";"Pleno dia";"Crescente";"Céu Claro";"Dupla";"Reta";"Sim";1;0;0;1;0;0;1;1;-16,291595;-48,934811;"SPRF-GO";"DEL02-GO";"UOP01-DEL02-GO"
379109;2021-08-24;"terça-feira";"16:45:00";"CE";20;430;"FORTALEZA";"Reação tardia ou ineficiente do condutor";"Colisão traseira";"Com Vítimas Feridas";"Pleno dia";"Decrescente";"Céu Claro";"Dupla";"Reta";"Sim";2;0;0;1;1;0;1;2;-3,87273695;-38,49415809;"SPRF-CE";"DEL01-CE";"UOP02-DEL01-CE"
379111;2021-08-24;"terça-feira";"17:50:00";"PR";277;83;"CURITIBA";"Condutor deixou de manter distância do veículo da frente";"Colisão traseira";"Com Vítimas Feridas";"Anoitecer";"Decrescente";"Céu Claro";"Dupla";"Declive;Reta";"Sim";5;0;3;0;2;0;3;2;-25,568939;-49,181978;"SPRF-PR";"DEL01-PR";"UOP01-DEL01-PR"
379112;2021-08-24;"terça-feira";"17:50:00";"PA";163;996,8;"SANTAREM";"Ausência de reação do condutor";"Saída de leito carroçável";"Com Vítimas Fatais";"Pleno dia";"Decrescente";"Céu Claro";"Simples";"Declive;Curva";"Não";1;1;0;0;0;0;0;1;-2,50389971;-54,72751963;"SPRF-PA";"DEL05-PA";"UOP01-DEL05-PA"
379113;2021-08-24;"terça-feira";"16:51:00";"SP";116;461;"PARIQUERA-ACU";"Estacionar ou parar em local proibido";"Atropelamento de Pedestre";"Com Vítimas Feridas";"Pleno dia";"Crescente";"Céu Claro";"Dupla";"Reta";"Não";4;0;0;2;2;0;2;2;-24,61672184;-47,88933615;"SPRF-SP";"DEL05-SP";"UOP01-DEL05-SP"
379114;2021-08-24;"terça-feira";"16:10:00";"MA";10;249;"IMPERATRIZ";"Transitar na contramão";"Colisão frontal";"Com Vítimas Feridas";"Pleno dia";"Crescente";"Céu Claro";"Simples";"Reta";"Sim";2;0;1;1;0;0;2;2;-5,558508;-47,45417;"SPRF-MA";"DEL04-MA";"UOP01-DEL04-MA"
379115;2021-08-08;"domingo";"17:45:00";"CE";116;504,5;"BREJO SANTO";"Transitar na contramão";"Colisão frontal";"Com Vítimas Fatais";"Plena Noite";"Decrescente";"Céu Claro";"Simples";"Reta";"Não";2;1;0;0;1;0;0;2;-7,51095;-38,98934;"SPRF-CE";"DEL05-CE";"UOP03-DEL05-CE"
379116;2021-08-24;"terça-feira";"17:45:00";"AL";101;172,9;"TEOTONIO VILELA";"Entrada inopinada do pedestre";"Atropelamento de Pedestre";"Com Vítimas Fatais";"Anoitecer";"Decrescente";"Nublado";"Dupla";"Curva";"Sim";3;1;0;0;2;0;0;2;-9,90891928;-36,34223292;"SPRF-AL";"DEL02-AL";"UOP02-DEL02-AL"
379117;2021-07-16;"sexta-feira";"08:20:00";"RJ";116;297;"PORTO REAL";"Ausência de reação do condutor";"Colisão traseira";"Com Vítimas Feridas";"Pleno dia";"Crescente";"Céu Claro";"Dupla";"Reta";"Não";4;0;1;0;3;0;1;3;-22,450125;-44,330193;"SPRF-RJ";"DEL07-RJ";"UOP02-DEL07-RJ"
379119;2021-08-24;"terça-feira";"16:30:00";"RR";174;504;"BOA VISTA";"Ingestão de álcool pelo condutor";"Colisão lateral mesmo sentido";"Com Vítimas Feridas";"Pleno dia";"Crescente";"Céu Claro";"Dupla";"Reta";"Sim";6;0;2;0;4;0;2;4;2,801374;-60,694801;"SPRF-RR";"DEL01-RR";"UOP01-DEL01-RR"
379121;2021-08-24;"terça-feira";"18:22:00";"RS";101;6,8;"TORRES";"Acessar a via sem observar a presença dos outros veículos";"Colisão transversal";"Com Vítimas Feridas";"Plena Noite";"Decrescente";"Chuva";"Dupla";"Rotatória";"Sim";2;0;1;0;1;0;1;2;-29,34755416;-49,79310885;"SPRF-RS";"DEL03-RS";"UOP02-DEL03-RS"
379122;2021-08-24;"terça-feira";"18:00:00";"SC";101;304;"LAGUNA";"Ultrapassagem Indevida";"Colisão lateral sentido oposto";"Com Vítimas Feridas";"Anoitecer";"Crescente";"Nublado";"Múltipla";"Reta";"Não";2;0;1;0;1;0;1;2;-28,388333;-48,775167;"SPRF-SC";"DEL02-SC";"UOP03-DEL02-SC"
379124;2021-08-24;"terça-feira";"18:00:00";"SC";480;124;"CHAPECO";"Acumulo de areia ou detritos sobre o pavimento";"Colisão com objeto";"Sem Vítimas";"Pleno dia";"Decrescente";"Céu Claro";"Simples";"Reta";"Não";1;0;0;0;1;0;0;1;-27,00897292;-52,64184952;"SPRF-SC";"DEL07-SC";"UOP01-DEL07-SC"
379125;2021-07-18;"domingo";"19:30:00";"PR";116;121;"CURITIBA";"Condutor desrespeitou a iluminação vermelha do semáforo";"Colisão transversal";"Com Vítimas Feridas";"Plena Noite";"Crescente";"Céu Claro";"Dupla";"Reta";"Sim";3;0;1;0;1;1;1;2;-25,5599323;-49,30743945;"SPRF-PR";"DEL01-PR";"UOP03-DEL01-PR"
379127;2021-08-24;"terça-feira";"18:00:00";"MG";50;68;"UBERLANDIA";"Pedestre andava na pista";"Atropelamento de Pedestre";"Com Vítimas Feridas";"Anoitecer";"Crescente";"Céu Claro";"Dupla";"Reta";"Sim";3;0;1;0;1;1;1;2;-18,85140204;-48,25345932;"SPRF-MG";"DEL15-MG";"UOP02-DEL15-MG"
379128;2021-08-24;"terça-feira";"18:30:00";"RJ";116;299;"RESENDE";"Ingestão de álcool e/ou substâncias psicoativas pelo pedestre";"Atropelamento de Pedestre";"Com Vítimas Feridas";"Plena Noite";"Decrescente";"Céu Claro";"Dupla";"Reta";"Sim";2;0;0;1;1;0;1;2;-22,45153554;-44,34627905;"SPRF-RJ";"DEL07-RJ";"UOP02-DEL07-RJ"
379129;2021-08-24;"terça-feira";"19:10:00";"PE";316;76,2;"OURICURI";"Deficiência do Sistema de Iluminação/Sinalização";"Colisão traseira";"Com Vítimas Feridas";"Plena Noite";"Decrescente";"Ignorado";"Simples";"Aclive";"Não";6;0;3;1;2;0;4;2;-7,83927563;-40,13676572;"SPRF-PE";"DEL05-PE";"UOP02-DEL05-PE"
379130;2021-08-24;"terça-feira";"18:05:00";"SC";116;52,2;"PAPANDUVA";"Acessar a via sem observar a presença dos outros veículos";"Colisão lateral mesmo sentido";"Com Vítimas Feridas";"Anoitecer";"Decrescente";"Céu Claro";"Simples";"Reta";"Não";2;0;1;0;1;0;1;2;-26,39008273;-50,14576709;"SPRF-SC";"DEL06-SC";"UOP01-DEL06-SC"
379131;2021-08-24;"terça-feira";"11:30:00";"BA";101;866;"TEIXEIRA DE FREITAS";"Manobra de mudança de faixa";"Capotamento";"Com Vítimas Feridas";"Pleno dia";"Decrescente";"Céu Claro";"Simples";"Reta";"Não";1;0;1;0;0;0;1;1;-17,64783894;-39,77062542;"SPRF-BA";"DEL09-BA";"UOP02-DEL09-BA"
379132;2021-08-24;"terça-feira";"18:40:00";"RS";386;103;"SAO JOSE DAS MISSOES";"Acessar a via sem observar a presença dos outros veículos";"Colisão lateral mesmo sentido";"Com Vítimas Feridas";"Plena Noite";"Decrescente";"Céu Claro";"Simples";"Curva";"Não";3;0;1;0;1;1;1;2;-27,775946;-53,082054;"SPRF-RS";"DEL08-RS";"UOP01-DEL08-RS"
379133;2021-08-24;"terça-feira";"19:15:00";"SC";101;314;"LAGUNA";"Manobra de mudança de faixa";"Colisão traseira";"Com Vítimas Feridas";"Plena Noite";"Decrescente";"Nublado";"Dupla";"Curva;Ponte";"Não";2;0;2;0;0;0;2;2;-28,4363175;-48,84015083;"SPRF-SC";"DEL02-SC";"UOP01-DEL02-SC"
379134;2021-08-24;"terça-feira";"19:00:00";"PR";369;17;"CAMBARA";"Acessar a via sem observar a presença dos outros veículos";"Colisão transversal";"Com Vítimas Feridas";"Plena Noite";"Decrescente";"Céu Claro";"Simples";"Interseção de Vias;Retorno Regulamentado";"Sim";4;0;1;2;1;0;3;2;-23,033486;-50,059806;"SPRF-PR";"DEL07-PR";"UOP01-DEL07-PR"
379135;2021-08-24;"terça-feira";"18:34:00";"RO";364;342,4;"JI-PARANA";"Ingestão de álcool pelo condutor";"Colisão traseira";"Com Vítimas Feridas";"Anoitecer";"Crescente";"Céu Claro";"Dupla";"Reta";"Sim";2;0;1;0;1;0;1;2;-10,88381227;-61,93741416;"SPRF-RO";"DEL02-RO";"UOP01-DEL02-RO"
379136;2021-07-20;"terça-feira";"12:30:00";"PR";369;185,9;"ARAPONGAS";"Ultrapassagem Indevida";"Colisão transversal";"Com Vítimas Feridas";"Pleno dia";"Decrescente";"Céu Claro";"Simples";"Reta";"Sim";2;0;1;0;1;0;1;2;-23,415516;-51,42715;"SPRF-PR";"DEL07-PR";"UOP02-DEL07-PR"
379137;2021-08-24;"terça-feira";"19:40:00";"MA";135;80;"SANTA RITA";"Velocidade Incompatível";"Saída de leito carroçável";"Sem Vítimas";"Plena Noite";"Decrescente";"Céu Claro";"Simples";"Curva";"Sim";1;0;0;0;1;0;0;1;-3,22929609;-44,3649149;"SPRF-MA";"DEL01-MA";"UOP02-DEL01-MA"
379138;2021-08-24;"terça-feira";"20:15:00";"RS";386;373;"FAZENDA VILANOVA";"Acumulo de água sobre o pavimento";"Colisão com objeto";"Sem Vítimas";"Plena Noite";"Decrescente";"Chuva";"Dupla";"Curva";"Não";2;0;0;0;2;0;0;1;-29,610334;-51,804359;"SPRF-RS";"DEL04-RS";"UOP02-DEL04-RS"
379139;2021-08-24;"terça-feira";"20:00:00";"ES";101;240,3;"FUNDAO";"Ingestão de álcool ou de substâncias psicoativas pelo pedestre";"Atropelamento de Pedestre";"Com Vítimas Feridas";"Plena Noite";"Decrescente";"Céu Claro";"Simples";"Reta";"Não";2;0;1;0;1;0;1;2;-20,01594191;-40,40401764;"SPRF-ES";"DEL02-ES";"UOP01-DEL02-ES"
379140;2021-08-24;"terça-feira";"20:30:00";"PR";376;2;"APUCARANA";"Conversão proibida";"Colisão lateral mesmo sentido";"Com Vítimas Feridas";"Plena Noite";"Crescente";"Céu Claro";"Simples";"Reta";"Sim";2;0;1;0;1;0;1;2;-23,57163792;-51,42781734;"SPRF-PR";"DEL07-PR";"UOP03-DEL07-PR"