"id";"data_inversa";"dia_semana";"horario";"uf";"br";"km";"municipio";"causa_acidente";"tipo_acidente";"classificacao_acidente";"fase_dia";"sentido_via";"condicao_metereologica";"tipo_pista";"tracado_via";"uso_solo";"pessoas";"mortos";"feridos_leves";"feridos_graves";"ilesos";"ignorados";"feridos";"veiculos";"latitude";"longitude";"regional";"delegacia";"uop"
379270;2021-08-14;"sábado";"08:50:00";"MG";381;907;"CAMBUI";"Acumulo de areia ou detritos sobre o pavimento";"Tombamento";"Com Vítimas Feridas";"Pleno dia";"Decrescente";"Céu Claro";"Dupla";"Declive;Curva";"Não";1;0;1;0;0;0;1;1;-22,67814655;-46,09889485;"SPRF-MG";"DEL16-MG";"UOP03-DEL16-MG"
379272;2021-08-25;"quarta-feira";"15:05:00";"RS";116;149,3;"CAXIAS DO SUL";"Reação tardia ou ineficiente do condutor";"Queda de ocupante de veículo";"Com Vítimas Feridas";"Pleno dia";"Decrescente";"Chuva";"Dupla";"Reta";"Sim";1;0;1;0;0;0;1;1;-29,15996905;-51,15645292;"SPRF-RS";"DEL05-RS";"UOP01-DEL05-RS"
379274;2021-08-25;"quarta-feira";"09:30:00";"MG";381;387;"BARAO DE COCAIS";"Velocidade Incompatível";"Colisão frontal";"Com Vítimas Fatais";"Pleno dia";"Crescente";"Céu Claro";"Simples";"Curva";"Não";3;1;1;0;1;0;1;2;-19,79575004;-43,42574708;"SPRF-MG";"DEL01-MG";"UOP01-DEL01-MG"
379275;2021-08-25;"quarta-feira";"15:30:00";"DF";20;19;"BRASILIA";"Reação tardia ou ineficiente do condutor";"Colisão traseira";"Com Vítimas Feridas";"Pleno dia";"Decrescente";"Céu Claro";"Dupla";"Reta";"Sim";2;0;0;1;1;0;1;2;-15,612175;-47,700928;"SPRF-DF";"DEL02-DF";"UOP01-DEL02-DF"
379276;2021-08-25;"quarta-feira";"16:10:00";"ES";101;255,1;"SERRA";"Condutor deixou de manter distância do veículo da frente";"Colisão traseira";"Com Vítimas Feridas";"Pleno dia";"Crescente";"Céu Claro";"Dupla";"Reta";"Não";3;0;1;0;2;0;1;2;-20,11487935;-40,31943619;"SPRF-ES";"DEL02-ES";"UOP01-DEL02-ES"
379277;2021-08-25;"quarta-feira";"15:00:00";"PE";101;85,9;"JABOATAO DOS GUARARAPES";"Manobra de mudança de faixa";"Tombamento";"Com Vítimas Feridas";"Pleno dia";"Decrescente";"Nublado";"Dupla";"Reta";"Sim";2;0;1;0;1;0;1;1;-8,18065563;-34,95965322;"SPRF-PE";"DEL01-PE";"UOP01-DEL01-PE"
379278;2021-08-25;"quarta-feira";"16:10:00";"SC";470;143,3;"RIO DO SUL";"Acessar a via sem observar a presença dos outros veículos";"Colisão transversal";"Com Vítimas Feridas";"Pleno dia";"Crescente";"Céu Claro";"Simples";"Reta";"Sim";3;0;1;1;1;0;2;2;-27,233143;-49,672886;"SPRF-SC";"DEL04-SC";"UOP02-DEL04-SC"
379279;2021-07-30;"sexta-feira";"17:20:00";"SC";101;212;"PALHOCA";"Trafegar com motocicleta (ou similar) entre as faixas";"Colisão lateral mesmo sentido";"Com Vítimas Feridas";"Anoitecer";"Decrescente";"Céu Claro";"Múltipla";"Reta";"Sim";2;0;1;0;1;0;1;2;-27,63020203;-48,65912318;"SPRF-SC";"DEL01-SC";"UOP02-DEL01-SC"
379280;2021-08-25;"quarta-feira";"15:30:00";"RJ";101;560;"PARATY";"Reação tardia ou ineficiente do condutor";"Colisão lateral mesmo sentido";"Com Vítimas Feridas";"Pleno dia";"Decrescente";"Céu Claro";"Simples";"Reta";"Não";3;0;1;0;2;0;1;3;-23,11369899;-44,70863923;"SPRF-RJ";"DEL03-RJ";"UOP04-DEL03-RJ"
379281;2021-08-25;"quarta-feira";"16:15:00";"RS";470;213,5;"BENTO GONCALVES";"Acessar a via sem observar a presença dos outros veículos";"Colisão transversal";"Com Vítimas Feridas";"Pleno dia";"Crescente";"Chuva";"Simples";"Em Obras";"Sim";3;0;2;0;1;0;2;2;-29,14814881;-51,53127107;"SPRF-RS";"DEL06-RS";"UOP01-DEL06-RS"
379282;2021-08-25;"quarta-feira";"16:00:00";"BA";324;622;"SALVADOR";"Condutor deixou de manter distância do veículo da frente";"Engavetamento";"Sem Vítimas";"Pleno dia";"Decrescente";"Céu Claro";"Múltipla";"Reta";"Sim";5;0;0;0;5;0;0;5;-12,93320059;-38,47122531;"SPRF-BA";"DEL01-BA";"UOP01-DEL01-BA"
379283;2021-08-25;"quarta-feira";"17:10:00";"PE";407;129,2;"PETROLINA";"Manobra de mudança de faixa";"Colisão lateral mesmo sentido";"Com Vítimas Feridas";"Pleno dia";"Crescente";"Céu Claro";"Dupla";"Ponte";"Não";2;0;1;0;1;0;1;2;-9,39958299;-40,50459298;"SPRF-PE";"DEL06-PE";"UOP01-DEL06-PE"
379284;2021-08-25;"quarta-feira";"16:40:00";"CE";116;10;"FORTALEZA";"Avarias e/ou desgaste excessivo no pneu";"Queda de ocupante de veículo";"Com Vítimas Feridas";"Pleno dia";"Crescente";"Céu Claro";"Dupla";"Reta";"Sim";1;0;1;0;0;0;1;1;-3,83603805;-38,5027281;"SPRF-CE";"DEL01-CE";"UOP02-DEL01-CE"
379285;2021-08-25;"quarta-feira";"17:00:00";"DF";70;15,6;"BRASILIA";"Manobra de mudança de faixa";"Colisão traseira";"Com Vítimas Feridas";"Pleno dia";"Crescente";"Céu Claro";"Dupla";"Reta";"Não";2;0;1;0;1;0;1;2;-15,798888;-48,185043;"SPRF-DF";"DEL03-DF";"UOP02-DEL03-DF"
379286;2021-08-25;"quarta-feira";"10:55:00";"SC";101;258;"PAULO LOPES";"Ingestão de álcool pelo condutor";"Tombamento";"Com Vítimas Feridas";"Pleno dia";"Crescente";"Nublado";"Dupla";"Reta";"Não";1;0;1;0;0;0;1;1;-28,00482282;-48,69190437;"SPRF-SC";"DEL02-SC";"UOP03-DEL02-SC"
379287;2021-08-25;"quarta-feira";"17:20:00";"SC";280;23,5;"ARAQUARI";"Reação tardia ou ineficiente do condutor";"Colisão transversal";"Com Vítimas Feridas";"Anoitecer";"Crescente";"Nublado";"Simples";"Reta";"Sim";2;0;1;0;1;0;1;2;-26,37146;-48,711887;"SPRF-SC";"DEL03-SC";"UOP03-DEL03-SC"
379288;2021-08-25;"quarta-feira";"16:00:00";"MT";364;204,8;"RONDONOPOLIS";"Acessar a via sem observar a presença dos outros veículos";"Colisão traseira";"Com Vítimas Feridas";"Pleno dia";"Decrescente";"Céu Claro";"Dupla";"Retorno Regulamentado";"Sim";2;0;1;0;1;0;1;2;-16,467325;-54,657196;"SPRF-MT";"DEL02-MT";"UOP01-DEL02-MT"
379289;2021-08-25;"quarta-feira";"14:00:00";"RJ";116;172;"SAO JOAO DE MERITI";"Ausência de reação do condutor";"Tombamento";"Com Vítimas Feridas";"Pleno dia";"Crescente";"Céu Claro";"Múltipla";"Reta";"Sim";1;0;1;0;0;0;1;1;-22,80188151;-43,35043673;"SPRF-RJ";"DEL01-RJ";"UOP02-DEL01-RJ"
379291;2021-08-25;"quarta-feira";"17:30:00";"RJ";493;97;"SEROPEDICA";"Reação tardia ou ineficiente do condutor";"Saída de leito carroçável";"Sem Vítimas";"Pleno dia";"Decrescente";"Nublado";"Múltipla";"Curva";"Não";6;0;0;0;6;0;0;1;-22,720873;-43,708771;"SPRF-RJ";"DEL03-RJ";"UOP01-DEL03-RJ"
379292;2021-08-25;"quarta-feira";"17:50:00";"MG";146;516;"POCOS DE CALDAS";"Acumulo de óleo sobre o pavimento";"Saída de leito carroçável";"Com Vítimas Feridas";"Anoitecer";"Decrescente";"Céu Claro";"Simples";"Declive;Curva";"Não";2;0;2;0;0;0;2;2;-21,805292;-46,455201;"SPRF-MG";"DEL09-MG";"UOP01-DEL09-MG"
379294;2021-08-25;"quarta-feira";"17:45:00";"PR";369;151,2;"LONDRINA";"Condutor deixou de manter distância do veículo da frente";"Engavetamento";"Com Vítimas Feridas";"Pleno dia";"Crescente";"Nublado";"Dupla";"Declive";"Sim";4;0;1;0;3;0;1;3;-23,29273521;-51,17325425;"SPRF-PR";"DEL07-PR";"UOP01-DEL07-PR"
379295;2021-08-25;"quarta-feira";"17:45:00";"PR";369;152,5;"LONDRINA";"Velocidade Incompatível";"Colisão traseira";"Com Vítimas Feridas";"Anoitecer";"Crescente";"Céu Claro";"Dupla";"Reta";"Sim";2;0;1;0;1;0;1;2;-23,29272072;-51,18312576;"SPRF-PR";"DEL07-PR";"UOP01-DEL07-PR"
379296;2021-08-25;"quarta-feira";"15:45:00";"MS";60;376;"CAMPO GRANDE";"Ausência de reação do condutor";"Engavetamento";"Com Vítimas Feridas";"Pleno dia";"Crescente";"Céu Claro";"Simples";"Reta";"Não";5;0;0;3;0;2;3;3;-20,59681792;-54,72844509;"SPRF-MS";"DEL01-MS";"UOP04-DEL01-MS"
379297;2021-08-25;"quarta-feira";"16:35:00";"TO";153;666;"GURUPI";"Velocidade Incompatível";"Saída de leito carroçável";"Com Vítimas Feridas";"Pleno dia";"Decrescente";"Céu Claro";"Simples";"Reta";"Não";2;0;1;0;1;0;1;2;-11,67462897;-49,06502708;"SPRF-TO";"DEL01-TO";"UOP02-DEL01-TO"
379298;2021-08-25;"quarta-feira";"18:10:00";"AP";210;3;"MACAPA";"Condutor deixou de manter distância do veículo da frente";"Colisão traseira";"Com Vítimas Feridas";"Anoitecer";"Crescente";"Céu Claro";"Simples";"Reta";"Sim";2;0;1;0;1;0;1;2;0,08723365;-51,08569007;"SPRF-AP";"DEL01-AP";"UOP01-DEL01-AP"
379299;2021-08-21;"sábado";"19:30:00";"RJ";40;69;"PETROPOLIS";"Reação tardia ou ineficiente do condutor";"Colisão traseira";"Sem Vítimas";"Plena Noite";"Crescente";"Céu Claro";"Dupla";"Reta";"Não";2;0;0;0;2;0;0;2;-22,44351715;-43,19229188;"SPRF-RJ";"DEL06-RJ";"UOP01-DEL06-RJ"
379301;2021-08-21;"sábado";"20:00:00";"RJ";40;49;"PETROPOLIS";"Velocidade Incompatível";"Saída de leito carroçável";"Sem Vítimas";"Plena Noite";"Decrescente";"Céu Claro";"Dupla";"Curva";"Não";1;0;0;0;1;0;0;1;-22,30911378;-43,13077556;"SPRF-RJ";"DEL05-RJ";"UOP02-DEL05-RJ"
379302;2021-08-25;"quarta-feira";"18:00:00";"SC";101;204,2;"SAO JOSE";"Acessar a via sem observar a presença dos outros veículos";"Colisão lateral mesmo sentido";"Com Vítimas Feridas";"Plena Noite";"Decrescente";"Céu Claro";"Dupla";"Reta";"Sim";2;0;1;0;1;0;1;2;-27,57413014;-48,61363083;"SPRF-SC";"DEL01-SC";"UOP01-DEL01-SC"
379304;2021-08-25;"quarta-feira";"17:00:00";"PI";316;1,4;"TERESINA";"Ingestão de álcool pelo condutor";"Colisão transversal";"Sem Vítimas";"Anoitecer";"Crescente";"Céu Claro";"Dupla";"Em Obras";"Sim";2;0;0;0;2;0;0;2;-5,12861853;-42,80706778;"SPRF-PI";"DEL01-PI";"UOP02-DEL01-PI"
379308;2021-08-25;"quarta-feira";"18:45:00";"RS";158;322;"SANTA MARIA";"Acessar a via sem observar a presença dos outros veículos";"Colisão transversal";"Com Vítimas Feridas";"Plena Noite";"Decrescente";"Chuva";"Simples";"Rotatória";"Sim";2;0;1;0;1;0;1;2;-29,69143328;-53,77424459;"SPRF-RS";"DEL09-RS";"UOP01-DEL09-RS"
379309;2021-08-25;"quarta-feira";"18:48:00";"RJ";101;293;"ITABORAI";"Ausência de reação do condutor";"Tombamento";"Com Vítimas Feridas";"Plena Noite";"Crescente";"Céu Claro";"Dupla";"Reta";"Sim";2;0;1;0;1;0;1;1;-22,756203;-42,88724;"SPRF-RJ";"DEL02-RJ";"UOP02-DEL02-RJ"
379311;2021-08-25;"quarta-feira";"17:40:00";"ES";482;105;"GUACUI";"Desrespeitar a preferência no cruzamento";"Colisão transversal";"Com Vítimas Feridas";"Anoitecer";"Crescente";"Céu Claro";"Simples";"Interseção de Vias";"Sim";2;0;1;0;1;0;1;2;-20,777433;-41,66744;"SPRF-ES";"DEL03-ES";"UOP02-DEL03-ES"
379312;2021-08-25;"quarta-feira";"18:30:00";"SP";116;194;"SANTA ISABEL";"Condutor deixou de manter distância do veículo da frente";"Colisão traseira";"Com Vítimas Feridas";"Plena Noite";"Decrescente";"Céu Claro";"Dupla";"Reta";"Não";4;0;1;0;3;0;1;2;-23,38497189;-46,26686105;"SPRF-SP";"DEL01-SP";"UOP01-DEL01-SP"
379315;2021-08-25;"quarta-feira";"18:30:00";"MT";163;825;"SINOP";"Pedestre andava na pista";"Atropelamento de Pedestre";"Com Vítimas Feridas";"Plena Noite";"Decrescente";"Céu Claro";"Dupla";"Retorno Regulamentado";"Sim";2;0;1;1;0;0;2;2;-11,93953604;-55,515697;"SPRF-MT";"DEL06-MT";"UOP01-DEL06-MT"
379317;2021-08-25;"quarta-feira";"19:30:00";"SC";280;32,8;"ARAQUARI";"Ausência de reação do condutor";"Colisão transversal";"Com Vítimas Feridas";"Plena Noite";"Crescente";"Nublado";"Simples";"Interseção de Vias";"Sim";4;0;4;0;0;0;4;2;-26,42549234;-48,7868607;"SPRF-SC";"DEL03-SC";"UOP03-DEL03-SC"
379318;2021-08-25;"quarta-feira";"19:10:00";"MG";40;532;"BELO HORIZONTE";"Reação tardia ou ineficiente do condutor";"Colisão traseira";"Com Vítimas Feridas";"Plena Noite";"Decrescente";"Céu Claro";"Dupla";"Aclive";"Sim";2;0;1;0;1;0;1;2;-19,92372561;-44,01700789;"SPRF-MG";"DEL01-MG";"UOP02-DEL01-MG"
379319;2021-08-25;"quarta-feira";"19:30:00";"RJ";465;2;"SEROPEDICA";"Transitar na contramão";"Saída de leito carroçável";"Com Vítimas Feridas";"Plena Noite";"Decrescente";"Céu Claro";"Simples";"Reta";"Não";2;0;1;1;0;0;2;2;-22,727266;-43,718712;"SPRF-RJ";"DEL01-RJ";"UOP03-DEL01-RJ"
379320;2021-08-25;"quarta-feira";"18:10:00";"MS";163;685;"RIO VERDE DE MATO GROSSO";"Ingestão de álcool pelo condutor";"Saída de leito carroçável";"Com Vítimas Feridas";"Plena Noite";"Decrescente";"Céu Claro";"Simples";"Reta";"Não";4;0;2;2;0;0;4;1;-18,88196999;-54,83982801;"SPRF-MS";"DEL06-MS";"UOP01-DEL06-MS"
379321;2021-08-25;"quarta-feira";"19:50:00";"GO";50;125;"IPAMERI";"Iluminação deficiente";"Colisão traseira";"Com Vítimas Feridas";"Plena Noite";"Crescente";"Céu Claro";"Dupla";"Viaduto;Reta";"Não";2;0;0;1;1;0;1;2;-16,96912893;-47,74143219;"SPRF-GO";"DEL06-GO";"UOP01-DEL06-GO"
379322;2021-08-25;"quarta-feira";"20:00:00";"PR";369;30,5;"ANDIRA";"Reação tardia ou ineficiente do condutor";"Saída de leito carroçável";"Com Vítimas Feridas";"Plena Noite";"Crescente";"Céu Claro";"Simples";"Aclive";"Não";1;0;1;0;0;0;1;1;-23,039759;-50,178449;"SPRF-PR";"DEL07-PR";"UOP01-DEL07-PR"
379323;2021-08-25;"quarta-feira";"20:20:00";"ES";259;59,8;"COLATINA";"Ingestão de álcool pelo condutor";"Colisão traseira";"Com Vítimas Feridas";"Plena Noite";"Crescente";"Céu Claro";"Simples";"Curva";"Sim";2;0;1;0;1;0;1;2;-19,52125411;-40,66594194;"SPRF-ES";"DEL02-ES";"UOP01-DEL02-ES"
379325;2021-08-25;"quarta-feira";"20:30:00";"BA";116;465;"SANTO ESTEVAO";"Pedestre cruzava a pista fora da faixa";"Atropelamento de Pedestre";"Com Vítimas Feridas";"Plena Noite";"Crescente";"Céu Claro";"Dupla";"Reta";"Sim";2;0;0;1;1;0;1;2;-12,44815636;-39,24588382;"SPRF-BA";"DEL02-BA";"UOP01-DEL02-BA"
379326;2021-08-25;"quarta-feira";"19:40:00";"MT";70;521;"VARZEA GRANDE";"Conversão proibida";"Colisão transversal";"Com Vítimas Feridas";"Plena Noite";"Crescente";"Céu Claro";"Simples";"Reta";"Sim";3;0;2;0;1;0;2;2;-15,69507578;-56,10692024;"SPRF-MT";"DEL01-MT";"UOP02-DEL01-MT"
379328;2021-08-25;"quarta-feira";"20:00:00";"RS";290;21,4;"SANTO ANTONIO DA PATRULHA";"Chuva";"Saída de leito carroçável";"Com Vítimas Feridas";"Plena Noite";"Decrescente";"Chuva";"Múltipla";"Reta";"Não";1;0;1;0;0;0;1;1;-29,889786;-50,464596;"SPRF-RS";"DEL03-RS";"UOP01-DEL03-RS"
379329;2021-08-25;"quarta-feira";"20:40:00";"RJ";101;60,9;"CAMPOS DOS GOYTACAZES";"Condutor desrespeitou a iluminação vermelha do semáforo";"Colisão transversal";"Com Vítimas Feridas";"Plena Noite";"Decrescente";"Céu Claro";"Simples";"Reta";"Não";2;0;1;0;1;0;1;2;-21,72048414;-41,31448591;"SPRF-RJ";"DEL08-RJ";"UOP01-DEL08-RJ"
379330;2021-08-25;"quarta-feira";"20:50:00";"SP";153;75,6;"BADY BASSITT";"Reação tardia ou ineficiente do condutor";"Colisão traseira";"Com Vítimas Feridas";"Plena Noite";"Crescente";"Céu Claro";"Dupla";"Declive;Curva";"Sim";2;0;1;0;1;0;1;2;-20,89418221;-49,43387582;"SPRF-SP";"DEL09-SP";"UOP01-DEL09-SP"
379331;2021-08-25;"quarta-feira";"19:00:00";"BA";407;150;"FILADELFIA";"Manobra de mudança de faixa";"Colisão transversal";"Sem Vítimas";"Plena Noite";"Crescente";"Céu Claro";"Simples";"Reta";"Não";2;0;0;0;0;2;0;2;-10,6795016;-40,12653351;"SPRF-BA";"DEL04-BA";"UOP01-DEL04-BA"
379332;2021-07-21;"quarta-feira";"00:50:00";"CE";116;6;"FORTALEZA";"Velocidade Incompatível";"Colisão traseira";"Com Vítimas Fatais";"Plena Noite";"Decrescente";"Céu Claro";"Dupla";"Reta";"Sim";2;1;0;0;1;0;0;2;-3,802624;-38,50400499;"SPRF-CE";"DEL01-CE";"UOP02-DEL01-CE"
379333;2021-01-04;"segunda-feira";"19:52:00";"MG";381;562,4;"ITAGUARA";"Acessar a via sem observar a presença dos outros veículos";"Atropelamento de Pedestre";"Com Vítimas Feridas";"Plena Noite";"Decrescente";"Nublado";"Dupla";"Reta";"Sim";2;0;0;1;0;1;1;2;-20,395748;-44,503624;"SPRF-MG";"DEL04-MG";"UOP03-DEL04-MG"
379335;2021-08-25;"quarta-feira";"21:45:00";"PE";232;82;"GRAVATA";"Condutor Dormindo";"Saída de leito carroçável";"Com Vítimas Feridas";"Plena Noite";"Decrescente";"Nublado";"Simples";"Reta";"Sim";2;0;0;1;1;0;1;1;-8,19905415;-35,58715194;"SPRF-PE";"DEL02-PE";"UOP02-DEL02PE"
379339;2021-08-25;"quarta-feira";"17:50:00";"BA";101;663,7;"ITAPEBI";"Velocidade Incompatível";"Saída de leito carroçável";"Com Vítimas Feridas";"Plena Noite";"Crescente";"Chuva";"Simples";"Curva";"Não";2;0;0;1;1;0;1;1;-15,96529008;-39,56039429;"SPRF-BA";"DEL09-BA";"UOP01-DEL09-BA"
379340;2021-08-06;"sexta-feira";"15:20:00";"RO";0;0;"MONTE NEGRO";"Demais Fenômenos da natureza";"Incêndio";"Sem Vítimas";"Pleno dia";"Não Informado";"Céu Claro";"Simples";"Reta";"Não";1;0;0;0;1;0;0;1;-10,21291812;-63,24630283;"SPRF-RO";"DEL03-RO";"UOP01-DEL03-RO"
379342;2021-08-25;"quarta-feira";"21:30:00";"AL";104;59;"MURICI";"Acessar a via sem observar a presença dos outros veículos";"Colisão transversal";"Com Vítimas Feridas";"Plena Noite";"Decrescente";"Nublado";"Simples";"Interseção de Vias";"Sim";2;0;0;1;1;0;1;2;-9,30725223;-35,94003311;"SPRF-AL";"DEL01-AL";"UOP02-DEL01-AL"
379343;2021-08-25;"quarta-feira";"21:00:00";"PR";163;61,5;"PEROLA DOESTE";"Reação tardia ou ineficiente do condutor";"Saída de leito carroçável";"Com Vítimas Fatais";"Plena Noite";"Crescente";"Chuva";"Simples";"Declive;Curva";"Não";2;1;1;0;0;0;1;1;-25,89817594;-53,75308185;"SPRF-PR";"DEL02-PR";"UOP02-DEL02-PR"
379344;2021-08-25;"quarta-feira";"21:40:00";"PE";232;129;"CARUARU";"Ingestão de álcool pelo condutor";"Saída de leito carroçável";"Com Vítimas Feridas";"Plena Noite";"Decrescente";"Nublado";"Múltipla";"Reta";"Sim";1;0;1;0;0;0;1;1;-8,301305;-35,984275;"SPRF-PE";"DEL02-PE";"UOP03-DEL02-PE"
379346;2021-08-25;"quarta-feira";"23:35:00";"SC";470;66,4;"INDAIAL";"Ausência de sinalização";"Saída de leito carroçável";"Com Vítimas Feridas";"Plena Noite";"Decrescente";"Nublado";"Simples";"Rotatória;Em Obras";"Sim";1;0;0;1;0;0;1;1;-26,870407;-49,221844;"SPRF-SC";"DEL04-SC";"UOP01-DEL04-SC"
379348;2021-08-25;"quarta-feira";"22:15:00";"PR";277;730;"FOZ DO IGUACU";"Carga excessiva e/ou mal acondicionada";"Colisão transversal";"Sem Vítimas";"Plena Noite";"Crescente";"Nublado";"Dupla";"Reta";"Sim";3;0;0;0;3;0;0;2;-25,50826305;-54,59238593;"SPRF-PR";"DEL05-PR";"UOP03-DEL05-PR"
379349;2021-08-10;"terça-feira";"19:25:00";"MG";381;1;"BETIM";"Velocidade Incompatível";"Capotamento";"Com Vítimas Feridas";"Plena Noite";"Crescente";"Céu Claro";"Dupla";"Reta;Declive";"Sim";3;0;1;2;0;0;3;1;-19,96825;-44,198708;"SPRF-MG";"DEL01-MG";"UOP03-DEL01-MG"
379351;2021-08-25;"quarta-feira";"19:55:00";"SP";116;443,3;"REGISTRO";"Ausência de reação do condutor";"Colisão frontal";"Com Vítimas Feridas";"Plena Noite";"Crescente";"Céu Claro";"Simples";"Reta";"Sim";2;0;1;0;1;0;1;2;-24,48336513;-47,8324358;"SPRF-SP";"DEL05-SP";"UOP01-DEL05-SP"
379352;2021-08-25;"quarta-feira";"23:30:00";"MS";163;477;"CAMPO GRANDE";"Acessar a via sem observar a presença dos outros veículos";"Colisão transversal";"Com Vítimas Feridas";"Plena Noite";"Decrescente";"Céu Claro";"Simples";"Reta";"Não";3;0;2;0;0;1;2;2;-20,50427591;-54,55557367;"SPRF-MS";"DEL01-MS";"UOP01-DEL01-MS"
379354;2021-08-25;"quarta-feira";"22:45:00";"SC";280;124,7;"RIO NEGRINHO";"Ingestão de álcool pelo condutor";"Colisão com objeto";"Com Vítimas Feridas";"Plena Noite";"Decrescente";"Céu Claro";"Simples";"Reta";"Sim";2;0;2;0;0;0;2;1;-26,24130297;-49,47514499;"SPRF-SC";"DEL06-SC";"UOP03-DEL06-SC"
379357;2021-08-26;"quinta-feira";"00:03:00";"MT";364;203,9;"RONDONOPOLIS";"Ausência de reação do condutor";"Saída de leito carroçável";"Sem Vítimas";"Plena Noite";"Decrescente";"Céu Claro";"Dupla";"Reta";"Sim";2;0;0;0;2;0;0;1;-16,47555256;-54,65344724;"SPRF-MT";"DEL02-MT";"UOP01-DEL02-MT"
379358;2021-08-25;"quarta-feira";"22:30:00";"PA";316;35;"SANTA IZABEL DO PARA";"Condutor Dormindo";"Eventos atípicos";"Sem Vítimas";"Plena Noite";"Decrescente";"Céu Claro";"Dupla";"Reta";"Sim";1;0;0;0;1;0;0;1;-1,29146197;-48,164561;"SPRF-PA";"DEL01-PA";"UOP01-DEL01-PA"
379359;2021-08-26;"quinta-feira";"01:55:00";"BA";242;798;"BARREIRAS";"Ingestão de álcool pelo condutor";"Capotamento";"Sem Vítimas";"Plena Noite";"Crescente";"Céu Claro";"Simples";"Reta";"Não";1;0;0;0;1;0;0;1;-12,16784996;-44,86771501;"SPRF-BA";"DEL10-BA";"UOP01-DEL10-BA"
379360;2021-07-25;"domingo";"07:20:00";"RO";425;98;"NOVA MAMORE";"Conversão proibida";"Colisão lateral mesmo sentido";"Com Vítimas Feridas";"Amanhecer";"Decrescente";"Sol";"Simples";"Reta";"Sim";3;0;0;2;1;0;2;2;-10,394532;-65,324936;"SPRF-RO";"DEL01-RO";"UOP03-DEL01-RO"
379361;2021-08-26;"quinta-feira";"03:10:00";"MG";365;623,8;"UBERLANDIA";"Objeto estático sobre o leito carroçável";"Colisão com objeto";"Com Vítimas Feridas";"Plena Noite";"Crescente";"Céu Claro";"Dupla";"Reta";"Sim";1;0;1;0;0;0;1;1;-18,9100325;-48,30694985;"SPRF-MG";"DEL15-MG";"UOP01-DEL15-MG"
379365;2021-08-26;"quinta-feira";"06:20:00";"DF";70;19;"BRASILIA";"Manobra de mudança de faixa";"Colisão lateral mesmo sentido";"Com Vítimas Feridas";"Pleno dia";"Decrescente";"Céu Claro";"Dupla";"Reta";"Não";2;0;1;0;1;0;1;2;-15,78647083;-48,22974578;"SPRF-DF";"DEL03-DF";"UOP02-DEL03-DF"
379366;2021-08-25;"quarta-feira";"18:00:00";"RJ";101;508;"ANGRA DOS REIS";"Demais falhas na via";"Capotamento";"Com Vítimas Feridas";"Plena Noite";"Crescente";"Céu Claro";"Simples";"Curva";"Sim";1;0;1;0;0;0;1;1;-22,94163902;-44,42239099;"SPRF-RJ";"DEL03-RJ";"UOP02-DEL03-RJ"
379367;2021-08-26;"quinta-feira";"05:59:00";"RS";116;324;"BARRA DO RIBEIRO";"Acumulo de água sobre o pavimento";"Saída de leito carroçável";"Com Vítimas Feridas";"Amanhecer";"Decrescente";"Chuva";"Dupla";"Reta";"Não";2;0;1;0;1;0;1;1;-30,32702593;-51,42171417;"SPRF-RS";"DEL02-RS";"UOP01-DEL02-RS"
379373;2021-08-26;"quinta-feira";"07:31:00";"DF";40;5,6;"BRASILIA";"Área urbana sem a presença de local apropriado para a travessia de pedestres";"Atropelamento de Pedestre";"Com Vítimas Feridas";"Pleno dia";"Decrescente";"Céu Claro";"Dupla";"Reta";"Sim";2;0;1;1;0;0;2;2;-16,026736;-47,979167;"SPRF-DF";"DEL01-DF";"UOP01-DEL01-DF"
379375;2021-08-26;"quinta-feira";"05:35:00";"ES";101;272;"SERRA";"Manobra de mudança de faixa";"Colisão lateral mesmo sentido";"Com Vítimas Feridas";"Amanhecer";"Decrescente";"Céu Claro";"Dupla";"Reta";"Sim";2;0;1;0;1;0;1;2;-20,22724888;-40,28426988;"SPRF-ES";"DEL02-ES";"UOP01-DEL02-ES"
379376;2021-08-26;"quinta-feira";"04:50:00";"SC";101;136;"BALNEARIO CAMBORIU";"Ingestão de álcool pelo condutor";"Saída de leito carroçável";"Sem Vítimas";"Plena Noite";"Crescente";"Nublado";"Dupla";"Reta";"Sim";1;0;0;0;0;1;0;1;-27,008113;-48,617245;"SPRF-SC";"DEL04-SC";"UOP03-DEL04-SC"
379377;2021-08-26;"quinta-feira";"07:00:00";"BA";116;27;"VITORIA DA CONQUISTA";"Transitar na contramão";"Colisão transversal";"Com Vítimas Feridas";"Amanhecer";"Crescente";"Céu Claro";"Simples";"Reta";"Não";3;0;1;0;2;0;1;2;-14,848251;-40,811036;"SPRF-BA";"DEL08-BA";"UOP01-DEL08-BA"
379378;2021-08-26;"quinta-feira";"07:10:00";"PE";101;75,7;"RECIFE";"Trafegar com motocicleta (ou similar) entre as faixas";"Colisão lateral mesmo sentido";"Com Vítimas Feridas";"Pleno dia";"Crescente";"Céu Claro";"Dupla";"Reta";"Sim";2;0;1;0;0;1;1;2;-8,117496;-34,94383;"SPRF-PE";"DEL01-PE";"UOP01-DEL01-PE"