"id";"data_inversa";"dia_semana";"horario";"uf";"br";"km";"municipio";"causa_acidente";"tipo_acidente";"classificacao_acidente";"fase_dia";"sentido_via";"condicao_metereologica";"tipo_pista";"tracado_via";"uso_solo";"pessoas";"mortos";"feridos_leves";"feridos_graves";"ilesos";"ignorados";"feridos";"veiculos";"latitude";"longitude";"regional";"delegacia";"uop"
379379;2021-08-26;"quinta-feira";"07:30:00";"MG";40;691;"ALFREDO VASCONCELOS";"Pedestre cruzava a pista fora da faixa";"Atropelamento de Pedestre";"Com Vítimas Feridas";"Pleno dia";"Decrescente";"Sol";"Simples";"Reta";"Não";2;0;1;0;1;0;1;2;-21,13130751;-43,76150792;"SPRF-MG";"DEL05-MG";"UOP02-DEL05-MG"
379380;2021-08-26;"quinta-feira";"07:35:00";"CE";222;9;"CAUCAIA";"Manobra de mudança de faixa";"Tombamento";"Com Vítimas Feridas";"Pleno dia";"Crescente";"Céu Claro";"Múltipla";"Reta";"Sim";2;0;1;0;1;0;1;2;-3,75774612;-38,64611294;"SPRF-CE";"DEL01-CE";"UOP01-DEL01-CE"
379381;2021-08-26;"quinta-feira";"05:10:00";"SP";153;318;"SAO PEDRO DO TURVO";"Animais na Pista";"Atropelamento de Animal";"Com Vítimas Feridas";"Amanhecer";"Crescente";"Céu Claro";"Simples";"Declive;Reta";"Não";1;0;1;0;0;0;1;1;-22,742287;-49,8896894;"SPRF-SP";"DEL07-SP";"UOP03-DEL07-SP"
379382;2021-08-26;"quinta-feira";"07:20:00";"MG";116;716;"MURIAE";"Acumulo de óleo sobre o pavimento";"Tombamento";"Com Vítimas Feridas";"Pleno dia";"Decrescente";"Sol";"Simples";"Declive;Curva";"Não";2;0;1;1;0;0;2;1;-21,21283022;-42,38932659;"SPRF-MG";"DEL07-MG";"UOP02-DEL07-MG"
379384;2021-08-26;"quinta-feira";"07:30:00";"PR";376;178;"MARINGA";"Trafegar com motocicleta (ou similar) entre as faixas";"Colisão traseira";"Com Vítimas Feridas";"Pleno dia";"Crescente";"Céu Claro";"Dupla";"Reta";"Sim";3;0;0;2;1;0;2;2;-23,41804538;-51,91652656;"SPRF-PR";"DEL09-PR";"UOP01-DEL09-PR"
379385;2021-08-26;"quinta-feira";"07:30:00";"SC";101;44,1;"JOINVILLE";"Condutor deixou de manter distância do veículo da frente";"Colisão traseira";"Com Vítimas Feridas";"Pleno dia";"Decrescente";"Nublado";"Múltipla";"Interseção de Vias";"Não";1;0;1;0;0;0;1;1;-26,31238996;-48,87458997;"SPRF-SC";"DEL03-SC";"UOP01-DEL03-SC"
379386;2021-08-26;"quinta-feira";"07:35:00";"ES";262;1,8;"CARIACICA";"Condutor deixou de manter distância do veículo da frente";"Colisão traseira";"Com Vítimas Feridas";"Pleno dia";"Decrescente";"Céu Claro";"Dupla";"Reta";"Sim";3;0;2;0;1;0;2;2;-20,32955204;-40,35492602;"SPRF-ES";"DEL01-ES";"UOP01-DEL01-ES"
379387;2021-08-26;"quinta-feira";"06:55:00";"ES";101;293,2;"CARIACICA";"Condutor deixou de manter distância do veículo da frente";"Colisão traseira";"Com Vítimas Feridas";"Pleno dia";"Crescente";"Céu Claro";"Simples";"Reta";"Sim";2;0;1;0;0;1;1;2;-20,30650512;-40,39488717;"SPRF-ES";"DEL01-ES";"UOP01-DEL01-ES"
379388;2021-08-26;"quinta-feira";"07:45:00";"PR";116;117;"CURITIBA";"Trafegar com motocicleta (ou similar) entre as faixas";"Colisão traseira";"Com Vítimas Feridas";"Pleno dia";"Decrescente";"Céu Claro";"Múltipla";"Reta";"Sim";2;0;1;0;0;1;1;2;-25,54988723;-49,28248211;"SPRF-PR";"DEL01-PR";"UOP03-DEL01-PR"
379389;2021-08-26;"quinta-feira";"07:40:00";"PE";428;186,4;"PETROLINA";"Condutor deixou de manter distância do veículo da frente";"Colisão traseira";"Com Vítimas Feridas";"Pleno dia";"Crescente";"Céu Claro";"Simples";"Reta";"Sim";2;0;1;0;1;0;1;2;-9,34807826;-40,47441248;"SPRF-PE";"DEL06-PE";"UOP01-DEL06-PE"
379390;2021-08-26;"quinta-feira";"07:30:00";"SC";101;216;"PALHOCA";"Entrada inopinada do pedestre";"Atropelamento de Pedestre";"Com Vítimas Feridas";"Pleno dia";"Decrescente";"Nublado";"Simples";"Reta";"Sim";2;0;1;1;0;0;2;2;-27,65981409;-48,67747798;"SPRF-SC";"DEL01-SC";"UOP02-DEL01-SC"
379392;2021-08-26;"quinta-feira";"07:30:00";"SC";101;216;"PALHOCA";"Manobra de mudança de faixa";"Colisão lateral mesmo sentido";"Com Vítimas Feridas";"Pleno dia";"Decrescente";"Nublado";"Dupla";"Reta";"Sim";3;0;1;1;1;0;2;2;-27,65981409;-48,67747798;"SPRF-SC";"DEL01-SC";"UOP02-DEL01-SC"
379393;2021-08-26;"quinta-feira";"08:20:00";"SP";116;208;"GUARULHOS";"Trafegar com motocicleta (ou similar) entre as faixas";"Colisão lateral mesmo sentido";"Com Vítimas Feridas";"Pleno dia";"Crescente";"Céu Claro";"Múltipla";"Reta";"Não";2;0;1;0;1;0;1;2;-23,42222263;-46,3932771;"SPRF-SP";"DEL01-SP";"UOP01-DEL01-SP"
379398;2021-08-26;"quinta-feira";"07:25:00";"RS";116;151,6;"CAXIAS DO SUL";"Reação tardia ou ineficiente do condutor";"Colisão com objeto";"Com Vítimas Feridas";"Pleno dia";"Decrescente";"Chuva";"Dupla";"Curva";"Sim";1;0;1;0;0;0;1;1;-29,17694502;-51,16173896;"SPRF-RS";"DEL05-RS";"UOP01-DEL05-RS"
379400;2021-08-26;"quinta-feira";"08:50:00";"PA";316;21;"BENEVIDES";"Reação tardia ou ineficiente do condutor";"Colisão transversal";"Com Vítimas Feridas";"Pleno dia";"Crescente";"Céu Claro";"Dupla";"Reta";"Sim";2;0;0;1;1;0;1;2;-1,36097138;-48,26241527;"SPRF-PA";"DEL01-PA";"UOP01-DEL01-PA"
379402;2021-08-01;"domingo";"14:00:00";"PE";232;253,8;"ARCOVERDE";"Acessar a via sem observar a presença dos outros veículos";"Colisão transversal";"Com Vítimas Feridas";"Pleno dia";"Crescente";"Nublado";"Simples";"Reta";"Sim";3;0;1;1;1;0;2;2;-8,42522112;-37,07235809;"SPRF-PE";"DEL03-PE";"UOP02-DEL03-PE"
379403;2021-08-06;"sexta-feira";"21:50:00";"PR";476;135;"CURITIBA";"Acumulo de óleo sobre o pavimento";"Tombamento";"Com Vítimas Feridas";"Plena Noite";"Crescente";"Ignorado";"Múltipla";"Reta";"Sim";1;0;1;0;0;0;1;1;-25,4862954;-49,2681446;"SPRF-PR";"DEL01-PR";"UOP03-DEL01-PR"
379405;2021-08-26;"quinta-feira";"08:20:00";"BA";324;530,1;"FEIRA DE SANTANA";"Ausência de reação do condutor";"Queda de ocupante de veículo";"Com Vítimas Fatais";"Pleno dia";"Decrescente";"Céu Claro";"Dupla";"Reta";"Não";1;1;0;0;0;0;0;1;-12,33844235;-38,84768721;"SPRF-BA";"DEL01-BA";"UOP03-DEL01-BA"
379406;2021-08-26;"quinta-feira";"07:35:00";"AC";364;124;"RIO BRANCO";"Manobra de mudança de faixa";"Colisão lateral mesmo sentido";"Com Vítimas Feridas";"Pleno dia";"Crescente";"Céu Claro";"Dupla";"Reta";"Sim";2;0;2;0;0;0;2;2;-10,01152469;-67,79140099;"SPRF-AC";"DEL01-AC";"UOP01-DEL01-AC"
379407;2021-06-08;"terça-feira";"18:00:00";"DF";20;13,6;"BRASILIA";"Acessar a via sem observar a presença dos outros veículos";"Colisão transversal";"Com Vítimas Feridas";"Plena Noite";"Crescente";"Céu Claro";"Dupla";"Reta;Retorno Regulamentado";"Sim";2;0;1;1;0;0;2;2;-15,638752;-47,749599;"SPRF-DF";"DEL02-DF";"UOP01-DEL02-DF"
379408;2021-08-26;"quinta-feira";"09:15:00";"RS";290;107,2;"ELDORADO DO SUL";"Condutor deixou de manter distância do veículo da frente";"Colisão traseira";"Sem Vítimas";"Pleno dia";"Decrescente";"Nublado";"Dupla";"Reta;Aclive;Viaduto";"Sim";3;0;0;0;3;0;0;3;-30,00311587;-51,30854285;"SPRF-RS";"DEL02-RS";"UOP01-DEL02-RS"
379411;2021-08-26;"quinta-feira";"10:20:00";"PE";407;115,6;"PETROLINA";"Condutor deixou de manter distância do veículo da frente";"Colisão traseira";"Com Vítimas Feridas";"Pleno dia";"Decrescente";"Céu Claro";"Simples";"Reta";"Não";3;0;1;0;2;0;1;3;-9,2990308;-40,58250065;"SPRF-PE";"DEL06-PE";"UOP02-DEL06-PE"
379413;2021-08-26;"quinta-feira";"01:20:00";"DF";70;1;"BRASILIA";"Ausência de reação do condutor";"Capotamento";"Com Vítimas Feridas";"Plena Noite";"Crescente";"Céu Claro";"Dupla";"Reta";"Sim";1;0;1;0;0;0;1;1;-15,795264;-48,063801;"SPRF-DF";"DEL03-DF";"UOP02-DEL03-DF"
379415;2021-08-26;"quinta-feira";"11:20:00";"RJ";116;125;"MAGE";"Demais falhas mecânicas ou elétricas";"Tombamento";"Com Vítimas Feridas";"Pleno dia";"Crescente";"Céu Claro";"Dupla";"Reta";"Sim";2;0;1;0;1;0;1;1;-22,65156898;-43,07769901;"SPRF-RJ";"DEL04-RJ";"UOP02-DEL04-RJ"
379416;2021-07-01;"quinta-feira";"18:13:00";"MG";0;0;"CONTAGEM";"Reação tardia ou ineficiente do condutor";"Colisão com objeto";"Sem Vítimas";"Anoitecer";"Não Informado";"Ignorado";"Simples";"Reta";"Sim";1;0;0;0;1;0;0;1;-19,9544865;-44,0252161;"SPRF-MG";"DEL01-MG";"N/A"
379417;2021-08-14;"sábado";"22:00:00";"GO";158;272;"JATAI";"Condutor desrespeitou a iluminação vermelha do semáforo";"Colisão transversal";"Com Vítimas Feridas";"Plena Noite";"Decrescente";"Céu Claro";"Simples";"Interseção de Vias";"Sim";2;0;1;0;1;0;1;2;-17,88152404;-51,73316687;"SPRF-GO";"DEL05-GO";"UOP01-DEL05-GO"
379419;2021-08-18;"quarta-feira";"07:40:00";"RN";101;112;"PARNAMIRIM";"Condutor deixou de manter distância do veículo da frente";"Colisão traseira";"Com Vítimas Feridas";"Pleno dia";"Decrescente";"Sol";"Dupla";"Reta";"Não";2;0;1;0;0;1;1;2;-5,96429;-35,264877;"SPRF-RN";"DEL01-RN";"UOP01-DEL01-RN"
379420;2021-08-26;"quinta-feira";"07:40:00";"RR";174;498;"BOA VISTA";"Manobra de mudança de faixa";"Colisão lateral mesmo sentido";"Com Vítimas Feridas";"Pleno dia";"Crescente";"Céu Claro";"Dupla";"Reta";"Sim";2;0;1;0;1;0;1;2;2,767734;-60,720005;"SPRF-RR";"DEL01-RR";"UOP01-DEL01-RR"
379422;2021-08-26;"quinta-feira";"12:00:00";"SP";116;119;"TAUBATE";"Avarias e/ou desgaste excessivo no pneu";"Tombamento";"Com Vítimas Feridas";"Pleno dia";"Decrescente";"Sol";"Dupla";"Reta";"Não";2;0;1;0;1;0;1;1;-23,06710044;-45,63562878;"SPRF-SP";"DEL02-SP";"UOP02-DEL02-SP"
379423;2021-08-26;"quinta-feira";"11:45:00";"RS";470;256;"SALVADOR DO SUL";"Acessar a via sem observar a presença dos outros veículos";"Colisão transversal";"Com Vítimas Feridas";"Pleno dia";"Decrescente";"Nublado";"Simples";"Reta;Interseção de Vias";"Sim";2;0;1;0;1;0;1;2;-29,42219027;-51,52057555;"SPRF-RS";"DEL06-RS";"UOP01-DEL06-RS"
379424;2021-08-26;"quinta-feira";"08:30:00";"PR";369;428,2;"JURANDA";"Transitar no acostamento";"Saída de leito carroçável";"Com Vítimas Feridas";"Pleno dia";"Decrescente";"Chuva";"Simples";"Reta";"Não";1;0;0;1;0;0;1;1;-24,4409;-52,8391;"SPRF-PR";"DEL04-PR";"UOP03-DEL04-PR"
379426;2021-08-26;"quinta-feira";"12:00:00";"RJ";116;140;"DUQUE DE CAXIAS";"Manobra de mudança de faixa";"Colisão traseira";"Sem Vítimas";"Pleno dia";"Crescente";"Céu Claro";"Dupla";"Reta";"Não";3;0;0;0;3;0;0;2;-22,6466198;-43,21112001;"SPRF-RJ";"DEL01-RJ";"UOP01-DEL01-RJ"
379427;2021-08-26;"quinta-feira";"10:45:00";"GO";364;310,7;"MINEIROS";"Entrada inopinada do pedestre";"Atropelamento de Pedestre";"Com Vítimas Fatais";"Pleno dia";"Crescente";"Céu Claro";"Simples";"Reta";"Não";2;1;0;0;0;1;0;2;-17,488049;-52,553318;"SPRF-GO";"DEL05-GO";"UOP01-DEL05-GO"
379429;2021-08-26;"quinta-feira";"11:30:00";"MG";40;43,5;"PARACATU";"Acessar a via sem observar a presença dos outros veículos";"Colisão transversal";"Com Vítimas Feridas";"Pleno dia";"Crescente";"Céu Claro";"Simples";"Reta";"Sim";2;0;1;0;1;0;1;2;-17,22598002;-46,86163701;"SPRF-MG";"DEL14-MG";"UOP01-DEL14-MG"
379436;2021-08-05;"quinta-feira";"13:10:00";"PE";232;8;"RECIFE";"Condutor Dormindo";"Colisão com objeto";"Com Vítimas Feridas";"Pleno dia";"Crescente";"Garoa/Chuvisco";"Dupla";"Reta";"Sim";2;0;2;0;0;0;2;1;-8,07583727;-34,97015791;"SPRF-PE";"DEL01-PE";"UOP01-DEL01-PE"
379437;2021-08-26;"quinta-feira";"13:00:00";"SP";116;282,2;"EMBU DAS ARTES";"Ausência de reação do condutor";"Queda de ocupante de veículo";"Com Vítimas Feridas";"Pleno dia";"Decrescente";"Céu Claro";"Dupla";"Reta";"Sim";2;0;1;0;0;1;1;1;-23,68570216;-46,85970975;"SPRF-SP";"DEL04-SP";"UOP01-DEL04-SP"
379438;2021-08-26;"quinta-feira";"12:45:00";"RR";432;204;"CANTA";"Reação tardia ou ineficiente do condutor";"Capotamento";"Sem Vítimas";"Pleno dia";"Decrescente";"Céu Claro";"Simples";"Reta";"Não";1;0;0;0;1;0;0;1;2,71841598;-60,60953528;"SPRF-RR";"DEL01-RR";"UOP01-DEL01-RR"
379439;2021-08-26;"quinta-feira";"13:50:00";"PR";467;94,4;"CASCAVEL";"Reação tardia ou ineficiente do condutor";"Saída de leito carroçável";"Com Vítimas Feridas";"Pleno dia";"Crescente";"Nublado";"Dupla";"Reta";"Não";1;0;0;1;0;0;1;1;-24,8651;-53,5787;"SPRF-PR";"DEL04-PR";"UOP01-DEL04-PR"
379441;2021-08-26;"quinta-feira";"13:35:00";"SC";280;55,8;"GUARAMIRIM";"Ingestão de álcool ou de substâncias psicoativas pelo pedestre";"Atropelamento de Pedestre";"Com Vítimas Feridas";"Pleno dia";"Decrescente";"Nublado";"Dupla";"Reta";"Sim";4;0;0;1;3;0;1;2;-26,47970612;-49,00428057;"SPRF-SC";"DEL03-SC";"UOP03-DEL03-SC"
379442;2021-08-26;"quinta-feira";"14:20:00";"MG";40;467,5;"SETE LAGOAS";"Velocidade Incompatível";"Saída de leito carroçável";"Com Vítimas Feridas";"Pleno dia";"Crescente";"Céu Claro";"Dupla";"Reta";"Não";1;0;1;0;0;0;1;1;-19,45038924;-44,3166822;"SPRF-MG";"DEL02-MG";"UOP01-DEL02-MG"
379443;2021-08-26;"quinta-feira";"13:20:00";"MT";163;798;"VERA";"Afundamento ou ondulação no pavimento";"Saída de leito carroçável";"Sem Vítimas";"Pleno dia";"Decrescente";"Céu Claro";"Simples";"Reta";"Não";2;0;0;0;2;0;0;1;-12,3047452;-55,57478659;"SPRF-MT";"DEL06-MT";"UOP01-DEL06-MT"
379445;2021-08-26;"quinta-feira";"09:50:00";"MG";116;368;"FREI INOCENCIO";"Ausência de reação do condutor";"Saída de leito carroçável";"Com Vítimas Feridas";"Pleno dia";"Crescente";"Céu Claro";"Simples";"Aclive;Curva";"Não";3;0;1;0;2;0;1;1;-18,52441099;-41,88590901;"SPRF-MG";"DEL11-MG";"UOP01-DEL11-MG"
379446;2021-08-26;"quinta-feira";"14:40:00";"PR";376;184,7;"MARINGA";"Demais falhas mecânicas ou elétricas";"Queda de ocupante de veículo";"Com Vítimas Feridas";"Pleno dia";"Crescente";"Chuva";"Dupla";"Reta;Declive";"Sim";1;0;1;0;0;0;1;1;-23,45147413;-51,85361808;"SPRF-PR";"DEL09-PR";"UOP01-DEL09-PR"
379447;2021-08-06;"sexta-feira";"17:40:00";"PI";20;358;"FRANCISCO SANTOS";"Acessar a via sem observar a presença dos outros veículos";"Colisão transversal";"Sem Vítimas";"Anoitecer";"Decrescente";"Sol";"Simples";"Reta";"Sim";2;0;0;0;2;0;0;2;-6,88103561;-41,09676134;"SPRF-PI";"DEL04-PI";"UOP01-DEL04-PI"
379448;2021-08-02;"segunda-feira";"20:00:00";"PE";101;69,7;"RECIFE";"Condutor deixou de manter distância do veículo da frente";"Colisão traseira";"Sem Vítimas";"Plena Noite";"Decrescente";"Chuva";"Múltipla";"Curva";"Sim";2;0;0;0;2;0;0;2;-8,05951606;-34,94581024;"SPRF-PE";"DEL01-PE";"UOP01-DEL01-PE"
379451;2021-08-14;"sábado";"16:50:00";"RN";304;286;"MACAIBA";"Demais Fenômenos da natureza";"Queda de ocupante de veículo";"Com Vítimas Feridas";"Anoitecer";"Decrescente";"Céu Claro";"Simples";"Reta";"Não";1;0;0;1;0;0;1;1;-5,87382381;-35,43790006;"SPRF-RN";"DEL01-RN";"UOP02-DEL01-RN"
379455;2021-08-26;"quinta-feira";"15:45:00";"RS";158;196;"CRUZ ALTA";"Mal súbito do condutor";"Saída de leito carroçável";"Com Vítimas Fatais";"Pleno dia";"Crescente";"Céu Claro";"Simples";"Reta";"Sim";1;1;0;0;0;0;0;1;-28,65796321;-53,58952117;"SPRF-RS";"DEL10-RS";"UOP02-DEL10-RS"
379456;2021-08-26;"quinta-feira";"15:45:00";"RS";116;247,5;"SAO LEOPOLDO";"Reação tardia ou ineficiente do condutor";"Tombamento";"Com Vítimas Feridas";"Pleno dia";"Crescente";"Nublado";"Dupla";"Reta";"Sim";1;0;1;0;0;0;1;1;-29,76733091;-51,1535296;"SPRF-RS";"DEL01-RS";"UOP02-DEL01-RS"
379457;2021-08-26;"quinta-feira";"12:00:00";"SP";116;102;"PINDAMONHANGABA";"Demais falhas mecânicas ou elétricas";"Queda de ocupante de veículo";"Com Vítimas Feridas";"Pleno dia";"Crescente";"Sol";"Dupla";"Reta";"Não";2;0;1;0;0;1;1;2;-22,99497994;-45,48951403;"SPRF-SP";"DEL08-SP";"UOP01-DEL08-SP"
379458;2021-08-26;"quinta-feira";"09:30:00";"SC";282;111;"ALFREDO WAGNER";"Chuva";"Saída de leito carroçável";"Com Vítimas Feridas";"Pleno dia";"Crescente";"Chuva";"Simples";"Curva";"Não";3;0;3;0;0;0;3;1;-27,733616;-49,367538;"SPRF-SC";"DEL01-SC";"UOP03-DEL01-SC"
379460;2021-08-26;"quinta-feira";"15:40:00";"PR";476;111;"COLOMBO";"Chuva";"Saída de leito carroçável";"Sem Vítimas";"Pleno dia";"Decrescente";"Chuva";"Simples";"Curva";"Não";1;0;0;0;1;0;0;1;-25,315056;-49,153545;"SPRF-PR";"DEL01-PR";"UOP02-DEL01-PR"
379462;2021-08-26;"quinta-feira";"16:10:00";"PB";101;42,8;"MAMANGUAPE";"Acessar a via sem observar a presença dos outros veículos";"Colisão traseira";"Com Vítimas Feridas";"Pleno dia";"Decrescente";"Céu Claro";"Dupla";"Declive";"Sim";2;0;0;1;1;0;1;2;-6,86016523;-35,13373017;"SPRF-PB";"DEL01-PB";"UOP04-DEL01-PB"
379463;2021-08-26;"quinta-feira";"15:15:00";"SC";101;209;"SAO JOSE";"Condutor deixou de manter distância do veículo da frente";"Colisão traseira";"Com Vítimas Feridas";"Pleno dia";"Decrescente";"Nublado";"Dupla";"Reta";"Sim";2;0;1;0;1;0;1;2;-27,61000542;-48,63895057;"SPRF-SC";"DEL01-SC";"UOP01-DEL01-SC"
379464;2021-08-26;"quinta-feira";"15:30:00";"PR";376;388;"IMBAU";"Velocidade Incompatível";"Colisão com objeto";"Com Vítimas Feridas";"Pleno dia";"Crescente";"Chuva";"Dupla";"Reta";"Não";1;0;0;1;0;0;1;1;-24,50971217;-50,71462923;"SPRF-PR";"DEL03-PR";"UOP02-DEL03-PR"
379466;2021-08-26;"quinta-feira";"15:00:00";"CE";222;35;"CAUCAIA";"Reação tardia ou ineficiente do condutor";"Colisão traseira";"Sem Vítimas";"Pleno dia";"Decrescente";"Sol";"Simples";"Rotatória";"Não";2;0;0;0;2;0;0;2;-3,700936;-38,8647996;"SPRF-CE";"DEL01-CE";"UOP01-DEL01-CE"
379467;2021-08-26;"quinta-feira";"17:00:00";"MG";40;630,5;"CONSELHEIRO LAFAIETE";"Entrada inopinada do pedestre";"Atropelamento de Pedestre";"Com Vítimas Fatais";"Pleno dia";"Decrescente";"Céu Claro";"Simples";"Reta";"Sim";3;1;0;0;2;0;0;2;-20,66890173;-43,80203074;"SPRF-MG";"DEL05-MG";"UOP02-DEL05-MG"
379469;2021-08-26;"quinta-feira";"15:20:00";"MG";381;490;"BETIM";"Condutor deixou de manter distância do veículo da frente";"Colisão traseira";"Com Vítimas Feridas";"Pleno dia";"Decrescente";"Céu Claro";"Múltipla";"Reta";"Sim";3;0;1;0;2;0;1;2;-19,96502819;-44,17422195;"SPRF-MG";"DEL01-MG";"UOP03-DEL01-MG"
379470;2021-08-26;"quinta-feira";"17:10:00";"RN";226;174,8;"CURRAIS NOVOS";"Condutor deixou de manter distância do veículo da frente";"Colisão traseira";"Com Vítimas Feridas";"Pleno dia";"Crescente";"Céu Claro";"Simples";"Reta";"Sim";2;0;1;0;1;0;1;2;-6,25800982;-36,50778294;"SPRF-RN";"DEL03-RN";"UOP02-DEL03-RN"
379471;2021-08-26;"quinta-feira";"17:00:00";"CE";116;45,1;"HORIZONTE";"Ausência de reação do condutor";"Saída de leito carroçável";"Com Vítimas Fatais";"Anoitecer";"Crescente";"Céu Claro";"Dupla";"Reta";"Sim";1;1;0;0;0;0;0;1;-4,1312959;-38,48313475;"SPRF-CE";"DEL01-CE";"UOP02-DEL01-CE"
379472;2021-08-26;"quinta-feira";"16:30:00";"PE";101;42,5;"IGARASSU";"Reação tardia ou ineficiente do condutor";"Colisão lateral mesmo sentido";"Com Vítimas Feridas";"Anoitecer";"Decrescente";"Céu Claro";"Dupla";"Retorno Regulamentado";"Sim";3;0;2;0;1;0;2;2;-7,83887431;-34,91196739;"SPRF-PE";"DEL01-PE";"UOP02-DEL01-PE"
379476;2021-08-26;"quinta-feira";"14:30:00";"MG";381;168,3;"GOVERNADOR VALADARES";"Acessar a via sem observar a presença dos outros veículos";"Colisão transversal";"Com Vítimas Feridas";"Pleno dia";"Crescente";"Céu Claro";"Simples";"Reta";"Não";2;0;1;0;1;0;1;2;-18,93844879;-42,05521345;"SPRF-MG";"DEL06-MG";"UOP01-DEL06-MG"
379477;2021-08-26;"quinta-feira";"17:10:00";"SP";116;136;"SAO JOSE DOS CAMPOS";"Trafegar com motocicleta (ou similar) entre as faixas";"Colisão lateral mesmo sentido";"Com Vítimas Feridas";"Pleno dia";"Crescente";"Céu Claro";"Dupla";"Reta";"Não";3;0;1;0;1;1;1;3;-23,14874471;-45,77863714;"SPRF-SP";"DEL02-SP";"UOP01-DEL02-SP"
379481;2021-08-26;"quinta-feira";"17:55:00";"PR";369;159;"CAMBE";"Acessar a via sem observar a presença dos outros veículos";"Colisão transversal";"Com Vítimas Feridas";"Anoitecer";"Crescente";"Nublado";"Dupla";"Curva";"Sim";2;0;1;0;1;0;1;2;-23,28298064;-51,25774384;"SPRF-PR";"DEL07-PR";"UOP01-DEL07-PR"
379482;2021-08-26;"quinta-feira";"17:00:00";"SP";153;151;"PROMISSAO";"Conversão proibida";"Colisão transversal";"Com Vítimas Feridas";"Pleno dia";"Crescente";"Céu Claro";"Simples";"Reta";"Não";2;0;0;1;1;0;1;2;-21,42639998;-49,78631982;"SPRF-SP";"DEL07-SP";"UOP01-DEL07-SP"
379483;2021-08-26;"quinta-feira";"18:29:00";"CE";116;45;"HORIZONTE";"Condutor deixou de manter distância do veículo da frente";"Colisão traseira";"Com Vítimas Feridas";"Plena Noite";"Crescente";"Céu Claro";"Dupla";"Reta";"Não";2;0;1;0;1;0;1;2;-4,1312959;-38,48313475;"SPRF-CE";"DEL01-CE";"UOP02-DEL01-CE"
379484;2021-08-26;"quinta-feira";"18:45:00";"SE";101;84;"LARANJEIRAS";"Manobra de mudança de faixa";"Colisão com objeto";"Com Vítimas Feridas";"Plena Noite";"Decrescente";"Céu Claro";"Dupla";"Reta;Ponte";"Não";2;0;1;0;1;0;1;1;-10,835002;-37,13775504;"SPRF-SE";"DEL01-SE";"UOP01-DEL01-SE"
379485;2021-07-29;"quinta-feira";"18:40:00";"PR";277;586,4;"CASCAVEL";"Acessar a via sem observar a presença dos outros veículos";"Colisão transversal";"Com Vítimas Feridas";"Plena Noite";"Decrescente";"Céu Claro";"Simples";"Reta";"Não";2;0;1;0;1;0;1;2;-24,9649472;-53,4210459;"SPRF-PR";"DEL04-PR";"UOP01-DEL04-PR"
379486;2021-08-26;"quinta-feira";"17:00:00";"MG";262;146;"RIO CASCA";"Ausência de reação do condutor";"Capotamento";"Com Vítimas Feridas";"Pleno dia";"Decrescente";"Céu Claro";"Simples";"Ponte";"Não";1;0;1;0;0;0;1;1;-20,02822107;-42,74065423;"SPRF-MG";"DEL03-MG";"UOP03-DEL03-MG"
379487;2021-08-26;"quinta-feira";"18:55:00";"SP";116;204;"ARUJA";"Ingestão de álcool pelo condutor";"Colisão traseira";"Sem Vítimas";"Plena Noite";"Decrescente";"Céu Claro";"Múltipla";"Reta";"Sim";2;0;0;0;2;0;0;2;-23,41236123;-46,35692496;"SPRF-SP";"DEL01-SP";"UOP01-DEL01-SP"
379488;2021-08-26;"quinta-feira";"18:15:00";"PR";277;4,9;"PARANAGUA";"Chuva";"Tombamento";"Com Vítimas Feridas";"Plena Noite";"Crescente";"Chuva";"Dupla";"Curva";"Não";1;0;1;0;0;0;1;1;-25,556872;-48,56655;"SPRF-PR";"DEL01-PR";"UOP05-DEL01-PR"
379490;2021-08-26;"quinta-feira";"19:00:00";"PE";101;68;"RECIFE";"Reação tardia ou ineficiente do condutor";"Colisão traseira";"Com Vítimas Feridas";"Plena Noite";"Decrescente";"Céu Claro";"Dupla";"Viaduto";"Sim";2;0;1;0;1;0;1;2;-8,05074296;-34,94580619;"SPRF-PE";"DEL01-PE";"UOP01-DEL01-PE"
379491;2021-08-26;"quinta-feira";"18:30:00";"MT";364;205;"RONDONOPOLIS";"Acessar a via sem observar a presença dos outros veículos";"Colisão lateral mesmo sentido";"Com Vítimas Feridas";"Anoitecer";"Crescente";"Céu Claro";"Dupla";"Rotatória";"Sim";3;0;2;0;1;0;2;2;-16,45723082;-54,66189623;"SPRF-MT";"DEL02-MT";"UOP01-DEL02-MT"
379493;2021-08-26;"quinta-feira";"18:30:00";"BA";101;508;"ITABUNA";"Transitar no acostamento";"Queda de ocupante de veículo";"Com Vítimas Feridas";"Plena Noite";"Crescente";"Garoa/Chuvisco";"Simples";"Reta";"Não";1;0;1;0;0;0;1;1;-14,97000197;-39,31996203;"SPRF-BA";"DEL05-BA";"UOP01-DEL05-BA"