"id";"data_inversa";"dia_semana";"horario";"uf";"br";"km";"municipio";"causa_acidente";"tipo_acidente";"classificacao_acidente";"fase_dia";"sentido_via";"condicao_metereologica";"tipo_pista";"tracado_via";"uso_solo";"pessoas";"mortos";"feridos_leves";"feridos_graves";"ilesos";"ignorados";"feridos";"veiculos";"latitude";"longitude";"regional";"delegacia";"uop"
379495;2021-08-26;"quinta-feira";"16:50:00";"MA";135;37;"BACABEIRA";"Condutor deixou de manter distância do veículo da frente";"Colisão lateral mesmo sentido";"Com Vítimas Feridas";"Pleno dia";"Crescente";"Céu Claro";"Dupla";"Reta";"Não";2;0;1;0;1;0;1;2;-2,867093;-44,37482;"SPRF-MA";"DEL01-MA";"UOP01-DEL01-MA"
379497;2021-08-26;"quinta-feira";"19:40:00";"ES";101;90;"SAO MATEUS";"Entrada inopinada do pedestre";"Atropelamento de Pedestre";"Com Vítimas Feridas";"Plena Noite";"Crescente";"Céu Claro";"Simples";"Reta";"Não";2;0;0;1;1;0;1;2;-18,89806708;-39,95602283;"SPRF-ES";"DEL04-ES";"UOP02-DEL04-ES"
379498;2021-08-26;"quinta-feira";"20:00:00";"GO";364;165,5;"JATAI";"Acostamento em desnível";"Saída de leito carroçável";"Com Vítimas Feridas";"Plena Noite";"Crescente";"Céu Claro";"Simples";"Reta";"Não";4;0;3;0;1;0;3;1;-18,069689;-51,529514;"SPRF-GO";"DEL05-GO";"UOP01-DEL05-GO"
379499;2021-08-26;"quinta-feira";"20:30:00";"MT";158;683,6;"BARRA DO GARCAS";"Velocidade Incompatível";"Colisão traseira";"Com Vítimas Feridas";"Plena Noite";"Decrescente";"Céu Claro";"Simples";"Reta";"Não";5;0;0;2;3;0;2;2;-14,91362501;-52,27548304;"SPRF-MT";"DEL07-MT";"UOP01-DEL07-MT"
379500;2021-08-26;"quinta-feira";"16:50:00";"SP";381;83,8;"SAO PAULO";"Avarias e/ou desgaste excessivo no pneu";"Saída de leito carroçável";"Com Vítimas Feridas";"Pleno dia";"Crescente";"Céu Claro";"Dupla";"Reta";"Sim";4;0;3;1;0;0;4;1;-23,4309671;-46,56998022;"SPRF-SP";"DEL03-SP";"UOP01-DEL03-SP"
379501;2021-08-26;"quinta-feira";"20:00:00";"RJ";116;72;"TERESOPOLIS";"Animais na Pista";"Atropelamento de Animal";"Com Vítimas Feridas";"Plena Noite";"Crescente";"Céu Claro";"Simples";"Reta";"Sim";2;0;2;0;0;0;2;1;-22,336229;-42,938663;"SPRF-RJ";"DEL04-RJ";"UOP01-DEL04-RJ"
379502;2021-08-26;"quinta-feira";"20:30:00";"RJ";101;58;"CAMPOS DOS GOYTACAZES";"Velocidade Incompatível";"Colisão transversal";"Com Vítimas Feridas";"Plena Noite";"Decrescente";"Céu Claro";"Simples";"Reta";"Sim";2;0;1;0;1;0;1;2;-21,70488703;-41,30979616;"SPRF-RJ";"DEL08-RJ";"UOP01-DEL08-RJ"
379503;2021-08-26;"quinta-feira";"20:00:00";"RJ";101;277;"TANGUA";"Ausência de reação do condutor";"Saída de leito carroçável";"Com Vítimas Feridas";"Plena Noite";"Decrescente";"Céu Claro";"Dupla";"Reta";"Não";2;0;1;0;1;0;1;1;-22,73943906;-42,748279;"SPRF-RJ";"DEL02-RJ";"UOP03-DEL02-RJ"
379505;2021-08-26;"quinta-feira";"19:30:00";"GO";153;495;"GOIANIA";"Reação tardia ou ineficiente do condutor";"Colisão com objeto";"Sem Vítimas";"Plena Noite";"Crescente";"Céu Claro";"Simples";"Reta";"Sim";2;0;0;0;2;0;0;1;-16,6681;-49,2263;"SPRF-GO";"DEL01-GO";"UOP01-DEL01-GO"
379506;2021-08-26;"quinta-feira";"18:30:00";"BA";101;211;"GOVERNADOR MANGABEIRA";"Reação tardia ou ineficiente do condutor";"Colisão traseira";"Com Vítimas Feridas";"Plena Noite";"Decrescente";"Céu Claro";"Simples";"Declive";"Não";3;0;3;0;0;0;3;3;-12,61320174;-39,0852356;"SPRF-BA";"DEL01-BA";"UOP02-DEL01-BA"
379507;2021-08-26;"quinta-feira";"18:20:00";"RO";364;344;"JI-PARANA";"Conversão proibida";"Colisão transversal";"Com Vítimas Feridas";"Plena Noite";"Decrescente";"Céu Claro";"Múltipla";"Interseção de Vias";"Sim";3;0;1;0;2;0;1;2;-10,87376391;-61,95256893;"SPRF-RO";"DEL02-RO";"UOP01-DEL02-RO"
379508;2021-08-26;"quinta-feira";"21:10:00";"MG";116;276;"TEOFILO OTONI";"Condutor deixou de manter distância do veículo da frente";"Colisão traseira";"Sem Vítimas";"Plena Noite";"Decrescente";"Nublado";"Múltipla";"Reta";"Sim";2;0;0;0;2;0;0;2;-17,85105696;-41,51454492;"SPRF-MG";"DEL11-MG";"UOP01-DEL11-MG"
379512;2021-08-26;"quinta-feira";"22:06:00";"GO";364;61;"CACHOEIRA ALTA";"Ingestão de álcool pelo condutor";"Saída de leito carroçável";"Com Vítimas Feridas";"Plena Noite";"Decrescente";"Céu Claro";"Simples";"Reta";"Não";1;0;1;0;0;0;1;1;-18,724609;-50,952961;"SPRF-GO";"DEL05-GO";"UOP02-DEL05-GO"
379513;2021-08-26;"quinta-feira";"22:15:00";"DF";70;9;"BRASILIA";"Manobra de mudança de faixa";"Saída de leito carroçável";"Com Vítimas Feridas";"Plena Noite";"Crescente";"Céu Claro";"Dupla";"Reta";"Sim";1;0;1;0;0;0;1;1;-15,784615;-48,132023;"SPRF-DF";"DEL03-DF";"UOP02-DEL03-DF"
379514;2021-08-26;"quinta-feira";"21:09:00";"PR";277;42;"MORRETES";"Chuva";"Colisão lateral mesmo sentido";"Com Vítimas Fatais";"Plena Noite";"Decrescente";"Chuva";"Dupla";"Reta;Declive";"Não";1;1;0;0;0;0;0;1;-25,57361239;-48,84469597;"SPRF-PR";"DEL01-PR";"UOP05-DEL01-PR"
379515;2021-08-26;"quinta-feira";"19:40:00";"AL";316;71,5;"POCO DAS TRINCHEIRAS";"Animais na Pista";"Atropelamento de Animal";"Com Vítimas Feridas";"Plena Noite";"Crescente";"Céu Claro";"Simples";"Reta";"Não";2;0;1;0;1;0;1;2;-9,30049983;-37,34615689;"SPRF-AL";"DEL03-AL";"UOP02-DEL03-AL"
379517;2021-07-31;"sábado";"17:00:00";"MG";365;612;"UBERLANDIA";"Reação tardia ou ineficiente do condutor";"Colisão lateral mesmo sentido";"Com Vítimas Feridas";"Pleno dia";"Crescente";"Céu Claro";"Simples";"Reta";"Sim";5;0;1;0;4;0;1;3;-18,9279385366;-48,1919831707;"SPRF-MG";"DEL15-MG";"UOP01-DEL15-MG"
379518;2021-08-26;"quinta-feira";"21:15:00";"MG";50;172;"UBERABA";"Ausência de reação do condutor";"Colisão com objeto";"Com Vítimas Feridas";"Plena Noite";"Crescente";"Céu Claro";"Dupla";"Reta";"Sim";1;0;0;1;0;0;1;1;-19,75402507;-47,98051917;"SPRF-MG";"DEL13-MG";"UOP01-DEL13-MG"
379519;2021-08-04;"quarta-feira";"03:30:00";"SC";470;271,8;"BRUNOPOLIS";"Velocidade Incompatível";"Saída de leito carroçável";"Com Vítimas Feridas";"Plena Noite";"Decrescente";"Céu Claro";"Simples";"Curva";"Não";2;0;1;1;0;0;2;1;-27,321873;-50,775558;"SPRF-SC";"DEL07-SC";"UOP06-DEL07-SC"
379521;2021-08-26;"quinta-feira";"22:30:00";"PR";376;141;"NOVA ESPERANCA";"Ingestão de álcool ou de substâncias psicoativas pelo pedestre";"Colisão traseira";"Sem Vítimas";"Plena Noite";"Decrescente";"Céu Claro";"Dupla";"Reta";"Não";2;0;0;0;2;0;0;2;-23,24847;-52,168648;"SPRF-PR";"DEL09-PR";"UOP02-DEL09-PR"
379522;2021-08-26;"quinta-feira";"21:50:00";"AL";101;200,8;"SAO SEBASTIAO";"Ingestão de álcool pelo condutor";"Colisão com objeto";"Com Vítimas Fatais";"Plena Noite";"Decrescente";"Céu Claro";"Simples";"Reta";"Sim";2;1;0;0;0;1;0;2;-9,95081664;-36,54113619;"SPRF-AL";"DEL02-AL";"UOP02-DEL02-AL"
379523;2021-08-26;"quinta-feira";"21:00:00";"SE";101;79;"LARANJEIRAS";"Ingestão de álcool pelo condutor";"Colisão com objeto";"Sem Vítimas";"Plena Noite";"Decrescente";"Céu Claro";"Dupla";"Reta";"Não";2;0;0;0;2;0;0;1;-10,79083797;-37,14163167;"SPRF-SE";"DEL01-SE";"UOP01-DEL01-SE"
379524;2021-08-26;"quinta-feira";"22:30:00";"SP";116;52;"LORENA";"Ausência de sinalização";"Colisão traseira";"Com Vítimas Feridas";"Plena Noite";"Crescente";"Céu Claro";"Dupla";"Interseção de Vias;Reta";"Sim";2;0;2;0;0;0;2;2;-22,74708138;-45,09973038;"SPRF-SP";"DEL08-SP";"UOP02-DEL08-SP"
379525;2021-08-26;"quinta-feira";"23:10:00";"RS";290;4;"OSORIO";"Animais na Pista";"Atropelamento de Animal";"Com Vítimas Feridas";"Plena Noite";"Decrescente";"Nublado";"Dupla";"Reta";"Não";1;0;0;1;0;0;1;1;-29,898134;-50,31419;"SPRF-RS";"DEL03-RS";"UOP01-DEL03-RS"
379526;2021-08-26;"quinta-feira";"22:35:00";"ES";101;296,9;"VIANA";"Reação tardia ou ineficiente do condutor";"Colisão com objeto";"Com Vítimas Feridas";"Plena Noite";"Decrescente";"Céu Claro";"Dupla";"Curva";"Sim";1;0;1;0;0;0;1;1;-20,34029997;-40,40405712;"SPRF-ES";"DEL01-ES";"UOP01-DEL01-ES"
379528;2021-08-26;"quinta-feira";"18:00:00";"SC";116;64;"PAPANDUVA";"Velocidade Incompatível";"Colisão traseira";"Com Vítimas Feridas";"Plena Noite";"Decrescente";"Nublado";"Simples";"Declive;Reta";"Não";1;0;1;0;0;0;1;1;-26,41544499;-50,22732716;"SPRF-SC";"DEL06-SC";"UOP02-DEL06-SC"
379530;2021-08-26;"quinta-feira";"22:39:00";"ES";262;4;"CARIACICA";"Pedestre andava na pista";"Atropelamento de Pedestre";"Com Vítimas Feridas";"Plena Noite";"Decrescente";"Céu Claro";"Múltipla";"Reta";"Sim";2;0;0;1;1;0;1;2;-20,33609327;-40,37812784;"SPRF-ES";"DEL01-ES";"UOP01-DEL01-ES"
379531;2021-08-26;"quinta-feira";"23:30:00";"PR";277;100,5;"CURITIBA";"Animais na Pista";"Queda de ocupante de veículo";"Com Vítimas Feridas";"Plena Noite";"Crescente";"Céu Claro";"Dupla";"Reta";"Não";1;0;1;0;0;0;1;1;-25,52924091;-49,32682192;"SPRF-PR";"DEL01-PR";"UOP01-DEL01-PR"
379533;2021-08-26;"quinta-feira";"22:40:00";"PI";343;589;"FLORIANO";"Transitar na contramão";"Colisão lateral sentido oposto";"Com Vítimas Feridas";"Plena Noite";"Crescente";"Céu Claro";"Dupla";"Reta";"Sim";3;0;2;0;1;0;2;3;-6,776695;-43,009346;"SPRF-PI";"DEL03-PI";"UOP01-DEL03-PI"
379537;2021-08-27;"sexta-feira";"01:30:00";"SP";116;502;"CAJATI";"Reação tardia ou ineficiente do condutor";"Colisão com objeto";"Com Vítimas Feridas";"Plena Noite";"Crescente";"Garoa/Chuvisco";"Simples";"Curva";"Não";3;0;1;0;2;0;1;1;-24,77309718;-48,20672035;"SPRF-SP";"DEL05-SP";"UOP02-DEL05-SP"
379539;2021-08-27;"sexta-feira";"02:00:00";"PR";277;421,2;"CANTAGALO";"Ingestão de álcool e/ou substâncias psicoativas pelo pedestre";"Atropelamento de Pedestre";"Com Vítimas Fatais";"Plena Noite";"Crescente";"Céu Claro";"Simples";"Reta";"Sim";3;1;0;0;1;1;0;2;-25,40516876;-52,09591501;"SPRF-PR";"DEL04-PR";"UOP02-DEL04-PR"
379541;2021-08-27;"sexta-feira";"03:00:00";"MG";381;525,5;"BRUMADINHO";"Velocidade Incompatível";"Saída de leito carroçável";"Sem Vítimas";"Plena Noite";"Crescente";"Céu Claro";"Dupla";"Curva";"Não";1;0;0;0;1;0;0;1;-20,16710798;-44,33422398;"SPRF-MG";"DEL04-MG";"UOP03-DEL04-MG"
379545;2021-08-27;"sexta-feira";"03:45:00";"SP";116;107,2;"TAUBATE";"Pedestre andava na pista";"Atropelamento de Pedestre";"Com Vítimas Feridas";"Plena Noite";"Crescente";"Céu Claro";"Dupla";"Reta";"Sim";3;0;0;1;2;0;1;2;-23,01791287;-45,53009409;"SPRF-SP";"DEL08-SP";"UOP01-DEL08-SP"
379547;2021-08-27;"sexta-feira";"03:50:00";"PR";467;108,3;"CASCAVEL";"Reação tardia ou ineficiente do condutor";"Saída de leito carroçável";"Sem Vítimas";"Plena Noite";"Decrescente";"Céu Claro";"Dupla";"Reta";"Não";1;0;0;0;1;0;0;1;-24,9237;-53,4676;"SPRF-PR";"DEL04-PR";"UOP01-DEL04-PR"
379548;2021-08-27;"sexta-feira";"00:10:00";"PR";116;172;"QUITANDINHA";"Ausência de reação do condutor";"Saída de leito carroçável";"Sem Vítimas";"Plena Noite";"Crescente";"Nublado";"Simples";"Reta";"Não";1;0;0;0;0;1;0;1;-25,8827952;-49,4983509;"SPRF-PR";"DEL01-PR";"UOP03-DEL01-PR"
379550;2021-08-27;"sexta-feira";"06:15:00";"ES";101;120;"LINHARES";"Condutor deixou de manter distância do veículo da frente";"Colisão traseira";"Sem Vítimas";"Amanhecer";"Crescente";"Céu Claro";"Simples";"Reta";"Não";5;0;0;0;4;1;0;2;-19,1438532;-40,0751016;"SPRF-ES";"DEL04-ES";"UOP01-DEL04-ES"
379552;2021-08-26;"quinta-feira";"18:35:00";"RS";153;51;"ERECHIM";"Desrespeitar a preferência no cruzamento";"Colisão transversal";"Com Vítimas Feridas";"Plena Noite";"Decrescente";"Céu Claro";"Simples";"Rotatória";"Sim";2;0;1;0;0;1;1;2;-27,66024898;-52,28414106;"SPRF-RS";"DEL08-RS";"UOP04-DEL08-RS"
379553;2021-08-27;"sexta-feira";"06:40:00";"PI";135;352;"BOM JESUS";"Acessar a via sem observar a presença dos outros veículos";"Colisão transversal";"Sem Vítimas";"Amanhecer";"Crescente";"Céu Claro";"Dupla";"Curva;Interseção de Vias";"Sim";2;0;0;0;2;0;0;2;-9,07531116;-44,35476699;"SPRF-PI";"DEL03-PI";"UOP02-DEL03-PI"
379554;2021-08-27;"sexta-feira";"07:00:00";"BA";116;461;"SANTO ESTEVAO";"Acessar a via sem observar a presença dos outros veículos";"Colisão transversal";"Com Vítimas Feridas";"Pleno dia";"Decrescente";"Céu Claro";"Dupla";"Reta";"Sim";2;0;1;0;1;0;1;2;-12,43062602;-39,21411599;"SPRF-BA";"DEL02-BA";"UOP01-DEL02-BA"
379555;2021-08-27;"sexta-feira";"06:46:00";"ES";259;34;"COLATINA";"Retorno proibido";"Colisão transversal";"Com Vítimas Feridas";"Pleno dia";"Crescente";"Céu Claro";"Simples";"Reta";"Não";2;0;1;0;1;0;1;2;-19,56368925;-40,49945574;"SPRF-ES";"DEL02-ES";"UOP01-DEL02-ES"
379557;2021-08-27;"sexta-feira";"07:25:00";"RS";116;143;"CAXIAS DO SUL";"Condutor deixou de manter distância do veículo da frente";"Colisão traseira";"Com Vítimas Feridas";"Pleno dia";"Decrescente";"Céu Claro";"Dupla";"Reta";"Sim";2;0;1;0;1;0;1;2;-29,1201739;-51,12260651;"SPRF-RS";"DEL05-RS";"UOP01-DEL05-RS"
379559;2021-08-27;"sexta-feira";"07:20:00";"CE";20;325,9;"CARIDADE";"Acessar a via sem observar a presença dos outros veículos";"Colisão transversal";"Com Vítimas Feridas";"Pleno dia";"Decrescente";"Céu Claro";"Simples";"Reta";"Sim";3;0;0;1;2;0;1;2;-4,24158307;-39,2043639;"SPRF-CE";"DEL02-CE";"UOP01-DEL02-CE"
379560;2021-08-27;"sexta-feira";"07:25:00";"DF";70;3,5;"BRASILIA";"Trafegar com motocicleta (ou similar) entre as faixas";"Colisão traseira";"Com Vítimas Feridas";"Pleno dia";"Decrescente";"Céu Claro";"Simples";"Reta";"Sim";2;0;1;0;1;0;1;2;-15,802453;-48,080387;"SPRF-DF";"DEL03-DF";"UOP02-DEL03-DF"
379561;2021-08-27;"sexta-feira";"07:42:00";"SP";116;146;"SAO JOSE DOS CAMPOS";"Reação tardia ou ineficiente do condutor";"Engavetamento";"Com Vítimas Feridas";"Amanhecer";"Decrescente";"Céu Claro";"Dupla";"Reta";"Não";3;0;2;0;1;0;2;3;-23,19122919;-45,86327591;"SPRF-SP";"DEL02-SP";"UOP01-DEL02-SP"
379563;2021-08-18;"quarta-feira";"07:30:00";"GO";153;443;"ANAPOLIS";"Avarias e/ou desgaste excessivo no pneu";"Saída de leito carroçável";"Com Vítimas Feridas";"Pleno dia";"Decrescente";"Céu Claro";"Dupla";"Declive";"Sim";1;0;1;0;0;0;1;1;-16,334681;-48,922447;"SPRF-GO";"DEL02-GO";"UOP01-DEL02-GO"
379564;2021-08-27;"sexta-feira";"05:50:00";"RJ";116;174;"BELFORD ROXO";"Manobra de mudança de faixa";"Colisão frontal";"Sem Vítimas";"Amanhecer";"Crescente";"Nublado";"Dupla";"Reta";"Sim";2;0;0;0;2;0;0;2;-22,79423806;-43,36403759;"SPRF-RJ";"DEL01-RJ";"UOP02-DEL01-RJ"
379565;2021-08-27;"sexta-feira";"06:30:00";"MA";135;0;"SAO LUIS";"Condutor deixou de manter distância do veículo da frente";"Colisão traseira";"Com Vítimas Feridas";"Pleno dia";"Crescente";"Céu Claro";"Múltipla";"Reta";"Sim";4;0;2;0;2;0;2;2;-2,5804565;-44,241947;"SPRF-MA";"DEL01-MA";"UOP01-DEL01-MA"
379566;2021-08-26;"quinta-feira";"19:00:00";"MG";381;245,3;"SANTANA DO PARAISO";"Desrespeitar a preferência no cruzamento";"Colisão transversal";"Com Vítimas Feridas";"Plena Noite";"Crescente";"Céu Claro";"Simples";"Reta";"Não";2;0;1;0;1;0;1;2;-19,45135074;-42,51844723;"SPRF-MG";"DEL06-MG";"UOP01-DEL06-MG"
379569;2021-08-27;"sexta-feira";"08:30:00";"SC";101;199,6;"SAO JOSE";"Trafegar com motocicleta (ou similar) entre as faixas";"Colisão lateral mesmo sentido";"Com Vítimas Feridas";"Pleno dia";"Crescente";"Nublado";"Múltipla";"Reta";"Sim";2;0;1;0;1;0;1;2;-27,53413705;-48,63003205;"SPRF-SC";"DEL01-SC";"UOP01-DEL01-SC"
379570;2021-08-27;"sexta-feira";"08:00:00";"RS";116;251;"SAPUCAIA DO SUL";"Ingestão de álcool e/ou substâncias psicoativas pelo pedestre";"Colisão lateral mesmo sentido";"Com Vítimas Feridas";"Pleno dia";"Crescente";"Céu Claro";"Dupla";"Reta";"Sim";2;0;1;0;1;0;1;2;-29,80035406;-51,16550365;"SPRF-RS";"DEL01-RS";"UOP02-DEL01-RS"
379572;2021-08-27;"sexta-feira";"07:50:00";"MS";262;326;"CAMPO GRANDE";"Acesso irregular";"Colisão transversal";"Com Vítimas Feridas";"Pleno dia";"Crescente";"Nublado";"Dupla";"Reta";"Sim";2;0;1;0;1;0;1;2;-20,46867409;-54,53455902;"SPRF-MS";"DEL01-MS";"UOP01-DEL01-MS"
379573;2021-08-27;"sexta-feira";"07:40:00";"PR";376;166,2;"MARINGA";"Frear bruscamente";"Tombamento";"Com Vítimas Feridas";"Pleno dia";"Crescente";"Chuva";"Dupla";"Reta";"Não";1;0;1;0;0;0;1;1;-23,39663206;-52,00514304;"SPRF-PR";"DEL09-PR";"UOP01-DEL09-PR"
379574;2021-08-07;"sábado";"07:48:00";"GO";60;174;"ABADIA DE GOIAS";"Velocidade Incompatível";"Colisão traseira";"Com Vítimas Feridas";"Pleno dia";"Crescente";"Céu Claro";"Dupla";"Reta";"Não";2;0;0;1;1;0;1;2;-16,7423;-49,415;"SPRF-GO";"DEL01-GO";"UOP02-DEL01-GO"
379575;2021-08-27;"sexta-feira";"08:00:00";"PR";376;592;"CURITIBA";"Condutor deixou de manter distância do veículo da frente";"Saída de leito carroçável";"Com Vítimas Feridas";"Pleno dia";"Crescente";"Nublado";"Dupla";"Reta";"Sim";1;0;1;0;0;0;1;1;-25,46833525;-49,35524543;"SPRF-PR";"DEL01-PR";"UOP01-DEL01-PR"
379576;2021-08-11;"quarta-feira";"07:15:00";"GO";60;136,8;"GOIANIA";"Manobra de mudança de faixa";"Colisão frontal";"Com Vítimas Feridas";"Pleno dia";"Crescente";"Céu Claro";"Simples";"Reta";"Sim";2;0;0;1;1;0;1;2;-16,6117;-49,2053;"SPRF-GO";"DEL01-GO";"UOP01-DEL01-GO"
379577;2021-07-30;"sexta-feira";"08:00:00";"PR";277;79;"CURITIBA";"Velocidade Incompatível";"Colisão traseira";"Com Vítimas Feridas";"Pleno dia";"Crescente";"Céu Claro";"Dupla";"Reta";"Não";3;0;1;0;1;1;1;3;-25,50092531;-49,15214539;"SPRF-PR";"DEL01-PR";"UOP01-DEL01-PR"
379579;2021-08-27;"sexta-feira";"05:00:00";"PR";116;5;"CAMPINA GRANDE DO SUL";"Velocidade Incompatível";"Saída de leito carroçável";"Com Vítimas Feridas";"Plena Noite";"Decrescente";"Chuva";"Dupla";"Curva";"Não";3;0;2;0;1;0;2;1;-25,08301297;-48,59994703;"SPRF-PR";"DEL01-PR";"UOP02-DEL01-PR"
379580;2021-08-27;"sexta-feira";"06:49:00";"PR";153;19;"JACAREZINHO";"Velocidade Incompatível";"Saída de leito carroçável";"Sem Vítimas";"Amanhecer";"Crescente";"Céu Claro";"Simples";"Aclive";"Não";2;0;0;0;1;1;0;2;-23,15055023;-49,95438967;"SPRF-PR";"DEL07-PR";"UOP04-DEL07-PR"
379585;2021-08-27;"sexta-feira";"09:20:00";"RJ";116;187;"NOVA IGUACU";"Condutor Dormindo";"Saída de leito carroçável";"Com Vítimas Feridas";"Pleno dia";"Crescente";"Céu Claro";"Múltipla";"Reta";"Sim";1;0;1;0;0;0;1;1;-22,73883756;-43,47245197;"SPRF-RJ";"DEL01-RJ";"UOP02-DEL01-RJ"
379586;2021-08-27;"sexta-feira";"10:25:00";"BA";324;616;"SALVADOR";"Condutor deixou de manter distância do veículo da frente";"Colisão traseira";"Com Vítimas Feridas";"Pleno dia";"Decrescente";"Céu Claro";"Dupla";"Reta";"Sim";3;0;1;0;2;0;1;2;-12,87957905;-38,43213893;"SPRF-BA";"DEL01-BA";"UOP01-DEL01-BA"
379587;2021-08-27;"sexta-feira";"08:30:00";"RJ";116;143;"DUQUE DE CAXIAS";"Reação tardia ou ineficiente do condutor";"Tombamento";"Com Vítimas Feridas";"Pleno dia";"Crescente";"Céu Claro";"Dupla";"Reta";"Sim";2;0;1;0;1;0;1;1;-22,65237271;-43,23918118;"SPRF-RJ";"DEL01-RJ";"UOP01-DEL01-RJ"
379589;2021-08-27;"sexta-feira";"08:45:00";"MG";116;511;"UBAPORANGA";"Reação tardia ou ineficiente do condutor";"Colisão lateral mesmo sentido";"Com Vítimas Feridas";"Pleno dia";"Decrescente";"Nublado";"Simples";"Reta";"Sim";3;0;2;0;1;0;2;2;-19,642729;-42,10715175;"SPRF-MG";"DEL06-MG";"UOP02-DEL06-MG"
379590;2021-08-27;"sexta-feira";"09:30:00";"RR";174;500;"BOA VISTA";"Transitar na contramão";"Colisão lateral sentido oposto";"Com Vítimas Feridas";"Pleno dia";"Decrescente";"Céu Claro";"Dupla";"Aclive";"Sim";3;0;2;0;1;0;2;2;2,776633;-60,708858;"SPRF-RR";"DEL01-RR";"UOP01-DEL01-RR"
379592;2021-08-27;"sexta-feira";"11:24:00";"SP";116;222;"GUARULHOS";"Acessar a via sem observar a presença dos outros veículos";"Colisão lateral mesmo sentido";"Com Vítimas Feridas";"Pleno dia";"Crescente";"Céu Claro";"Simples";"Reta";"Não";1;0;1;0;0;0;1;1;-23,47093408;-46,51631097;"SPRF-SP";"DEL01-SP";"UOP01-DEL01-SP"
379593;2021-08-27;"sexta-feira";"10:45:00";"PR";277;727;"FOZ DO IGUACU";"Reação tardia ou ineficiente do condutor";"Tombamento";"Com Vítimas Feridas";"Pleno dia";"Decrescente";"Nublado";"Dupla";"Reta";"Sim";1;0;1;0;0;0;1;1;-25,5099818;-54,56597063;"SPRF-PR";"DEL05-PR";"UOP03-DEL05-PR"
379595;2021-08-27;"sexta-feira";"12:00:00";"ES";262;5,9;"CARIACICA";"Reação tardia ou ineficiente do condutor";"Saída de leito carroçável";"Com Vítimas Feridas";"Pleno dia";"Decrescente";"Céu Claro";"Múltipla";"Reta;Aclive";"Sim";1;0;1;0;0;0;1;1;-20,33707281;-40,38649924;"SPRF-ES";"DEL01-ES";"UOP01-DEL01-ES"
379600;2021-08-27;"sexta-feira";"11:55:00";"RS";116;116,1;"SAO MARCOS";"Reação tardia ou ineficiente do condutor";"Colisão transversal";"Com Vítimas Feridas";"Pleno dia";"Crescente";"Céu Claro";"Simples";"Curva";"Sim";2;0;1;0;1;0;1;2;-28,97798104;-51,06622003;"SPRF-RS";"DEL05-RS";"UOP01-DEL05-RS"
379601;2021-08-27;"sexta-feira";"11:40:00";"PE";232;7,1;"RECIFE";"Condutor deixou de manter distância do veículo da frente";"Engavetamento";"Sem Vítimas";"Pleno dia";"Crescente";"Céu Claro";"Dupla";"Reta";"Sim";5;0;0;0;5;0;0;5;-8,073877;-34,963243;"SPRF-PE";"DEL01-PE";"UOP01-DEL01-PE"
379602;2021-08-27;"sexta-feira";"12:00:00";"RS";392;270;"CACAPAVA DO SUL";"Reação tardia ou ineficiente do condutor";"Saída de leito carroçável";"Com Vítimas Feridas";"Pleno dia";"Decrescente";"Céu Claro";"Simples";"Reta";"Não";1;0;1;0;0;0;1;1;-30,39213722;-53,5059492;"SPRF-RS";"DEL09-RS";"UOP02-DEL09-RS"
379604;2021-08-27;"sexta-feira";"12:30:00";"CE";20;431,2;"FORTALEZA";"Acessar a via sem observar a presença dos outros veículos";"Colisão transversal";"Com Vítimas Fatais";"Pleno dia";"Decrescente";"Céu Claro";"Dupla";"Reta";"Sim";4;1;0;1;2;0;1;2;-3,87090205;-38,48319769;"SPRF-CE";"DEL01-CE";"UOP02-DEL01-CE"
379606;2021-08-27;"sexta-feira";"12:50:00";"AL";101;138,6;"SAO MIGUEL DOS CAMPOS";"Acessar a via sem observar a presença dos outros veículos";"Colisão transversal";"Com Vítimas Feridas";"Pleno dia";"Decrescente";"Céu Claro";"Simples";"Reta";"Sim";2;0;1;0;1;0;1;2;-9,80330549;-36,11463547;"SPRF-AL";"DEL02-AL";"UOP01-DEL02-AL"
379607;2021-08-21;"sábado";"19:00:00";"MG";262;817,5;"UBERABA";"Velocidade Incompatível";"Saída de leito carroçável";"Com Vítimas Feridas";"Plena Noite";"Decrescente";"Céu Claro";"Dupla";"Reta";"Não";3;0;1;1;1;0;2;1;-19,76384526;-48,12927805;"SPRF-MG";"DEL13-MG";"UOP01-DEL13-MG"
379611;2021-08-27;"sexta-feira";"13:30:00";"SC";101;204;"SAO JOSE";"Ausência de reação do condutor";"Colisão traseira";"Com Vítimas Feridas";"Pleno dia";"Crescente";"Céu Claro";"Múltipla";"Reta";"Sim";2;0;2;0;0;0;2;2;-27,57413014;-48,61363083;"SPRF-SC";"DEL01-SC";"UOP01-DEL01-SC"
379612;2021-08-27;"sexta-feira";"13:35:00";"SC";101;209,8;"SAO JOSE";"Ausência de reação do condutor";"Colisão traseira";"Com Vítimas Feridas";"Pleno dia";"Decrescente";"Nublado";"Múltipla";"Reta;Em Obras";"Sim";2;0;0;1;1;0;1;2;-27,61000542;-48,63895057;"SPRF-SC";"DEL01-SC";"UOP01-DEL01-SC"
379613;2021-07-27;"terça-feira";"17:35:00";"BA";101;879;"TEIXEIRA DE FREITAS";"Acessar a via sem observar a presença dos outros veículos";"Colisão transversal";"Com Vítimas Feridas";"Anoitecer";"Crescente";"Céu Claro";"Simples";"Rotatória";"Sim";2;0;1;0;0;1;1;2;-17,554759;-39,723785;"SPRF-BA";"DEL09-BA";"UOP02-DEL09-BA"