"id";"data_inversa";"dia_semana";"horario";"uf";"br";"km";"municipio";"causa_acidente";"tipo_acidente";"classificacao_acidente";"fase_dia";"sentido_via";"condicao_metereologica";"tipo_pista";"tracado_via";"uso_solo";"pessoas";"mortos";"feridos_leves";"feridos_graves";"ilesos";"ignorados";"feridos";"veiculos";"latitude";"longitude";"regional";"delegacia";"uop"
379614;2021-08-27;"sexta-feira";"13:15:00";"MG";50;151;"UBERABA";"Velocidade Incompatível";"Saída de leito carroçável";"Com Vítimas Feridas";"Pleno dia";"Crescente";"Céu Claro";"Dupla";"Reta";"Não";1;0;0;1;0;0;1;1;-19,57370204;-48,03246832;"SPRF-MG";"DEL13-MG";"UOP01-DEL13-MG"
379615;2021-08-27;"sexta-feira";"10:20:00";"MG";50;75;"UBERLANDIA";"Manobra de mudança de faixa";"Queda de ocupante de veículo";"Com Vítimas Feridas";"Pleno dia";"Decrescente";"Sol";"Dupla";"Reta";"Não";1;0;1;0;0;0;1;1;-18,986906;-48,211853;"SPRF-MG";"DEL15-MG";"UOP01-DEL15-MG"
379616;2021-07-24;"sábado";"12:55:00";"BA";324;625;"SALVADOR";"Reação tardia ou ineficiente do condutor";"Colisão com objeto";"Com Vítimas Feridas";"Pleno dia";"Crescente";"Chuva";"Dupla";"Declive;Curva";"Sim";1;0;1;0;0;0;1;1;-12,94194706;-38,47081224;"SPRF-BA";"DEL01-BA";"UOP01-DEL01-BA"
379617;2021-07-28;"quarta-feira";"20:45:00";"PR";277;3,5;"PARANAGUA";"Condutor deixou de manter distância do veículo da frente";"Colisão traseira";"Sem Vítimas";"Plena Noite";"Crescente";"Céu Claro";"Dupla";"Reta";"Não";1;0;0;0;1;0;0;1;-25,568198;-48,615292;"SPRF-PR";"DEL01-PR";"UOP05-DEL01-PR"
379618;2021-08-27;"sexta-feira";"14:15:00";"BA";324;603;"SIMOES FILHO";"Demais falhas mecânicas ou elétricas";"Incêndio";"Sem Vítimas";"Pleno dia";"Crescente";"Nublado";"Dupla";"Reta";"Não";2;0;0;0;2;0;0;1;-12,77190917;-38,41991733;"SPRF-BA";"DEL01-BA";"UOP01-DEL01-BA"
379620;2021-08-27;"sexta-feira";"13:40:00";"RN";101;96;"NATAL";"Condutor deixou de manter distância do veículo da frente";"Colisão transversal";"Com Vítimas Feridas";"Pleno dia";"Decrescente";"Céu Claro";"Dupla";"Reta";"Sim";1;0;1;0;0;0;1;1;-5,84949622;-35,20890752;"SPRF-RN";"DEL01-RN";"UOP01-DEL01-RN"
379622;2021-08-27;"sexta-feira";"07:20:00";"GO";364;5,4;"SAO SIMAO";"Avarias e/ou desgaste excessivo no pneu";"Tombamento";"Com Vítimas Feridas";"Pleno dia";"Crescente";"Céu Claro";"Dupla";"Reta";"Não";1;0;1;0;0;0;1;1;-19,014099;-50,542088;"SPRF-GO";"DEL05-GO";"UOP02-DEL05-GO"
379623;2021-08-27;"sexta-feira";"14:15:00";"SC";101;206,2;"SAO JOSE";"Condutor deixou de manter distância do veículo da frente";"Colisão traseira";"Com Vítimas Feridas";"Pleno dia";"Crescente";"Céu Claro";"Múltipla";"Reta";"Não";2;0;1;0;1;0;1;2;-27,59193546;-48,61824557;"SPRF-SC";"DEL01-SC";"UOP01-DEL01-SC"
379625;2021-08-27;"sexta-feira";"14:30:00";"PB";230;59,7;"CRUZ DO ESPIRITO SANTO";"Avarias e/ou desgaste excessivo no pneu";"Tombamento";"Com Vítimas Feridas";"Pleno dia";"Crescente";"Sol";"Dupla";"Reta";"Não";2;0;2;0;0;0;2;1;-7,2043;-35,1305;"SPRF-PB";"DEL01-PB";"UOP03-DEL01-PB"
379626;2021-08-27;"sexta-feira";"13:20:00";"PI";316;3,6;"TERESINA";"Ausência de reação do condutor";"Tombamento";"Com Vítimas Feridas";"Pleno dia";"Decrescente";"Céu Claro";"Dupla";"Reta";"Sim";1;0;1;0;0;0;1;1;-5,12826443;-42,79292384;"SPRF-PI";"DEL01-PI";"UOP02-DEL01-PI"
379628;2021-08-27;"sexta-feira";"15:10:00";"PA";230;122;"MARABA";"Acessar a via sem observar a presença dos outros veículos";"Colisão transversal";"Com Vítimas Feridas";"Pleno dia";"Crescente";"Sol";"Dupla";"Retorno Regulamentado";"Sim";2;0;1;0;1;0;1;2;-5,36137537;-49,12376139;"SPRF-PA";"DEL03-PA";"UOP01-DEL03-PA"
379629;2021-08-27;"sexta-feira";"15:20:00";"PE";101;7;"GOIANA";"Manobra de mudança de faixa";"Colisão traseira";"Sem Vítimas";"Pleno dia";"Crescente";"Céu Claro";"Múltipla";"Reta";"Não";2;0;0;0;2;0;0;2;-7,55997111;-34,99072674;"SPRF-PE";"DEL01-PE";"UOP02-DEL01-PE"
379630;2021-08-21;"sábado";"00:30:00";"CE";20;424;"MARACANAU";"Ausência de sinalização";"Colisão com objeto";"Com Vítimas Feridas";"Plena Noite";"Crescente";"Nublado";"Dupla";"Em Obras";"Não";1;0;0;1;0;0;1;1;-3,76999035;-38,67006282;"SPRF-CE";"DEL01-CE";"UOP02-DEL01-CE"
379632;2021-08-27;"sexta-feira";"14:50:00";"PB";230;59,4;"CRUZ DO ESPIRITO SANTO";"Frear bruscamente";"Saída de leito carroçável";"Com Vítimas Feridas";"Pleno dia";"Crescente";"Sol";"Dupla";"Reta";"Não";2;0;1;0;1;0;1;1;-7,2043;-35,1305;"SPRF-PB";"DEL01-PB";"UOP03-DEL01-PB"
379634;2021-08-27;"sexta-feira";"16:20:00";"MG";381;513;"IGARAPE";"Desrespeitar a preferência no cruzamento";"Colisão transversal";"Com Vítimas Feridas";"Pleno dia";"Crescente";"Céu Claro";"Dupla";"Interseção de Vias";"Sim";2;0;1;0;1;0;1;2;-20,099993;-44,318903;"SPRF-MG";"DEL01-MG";"UOP03-DEL01-MG"
379635;2021-08-27;"sexta-feira";"15:50:00";"MG";381;481,1;"BETIM";"Mal súbito do condutor";"Colisão com objeto";"Com Vítimas Feridas";"Pleno dia";"Decrescente";"Céu Claro";"Dupla";"Reta";"Sim";1;0;1;0;0;0;1;1;-19,95931561;-44,08825597;"SPRF-MG";"DEL01-MG";"UOP03-DEL01-MG"
379636;2021-08-26;"quinta-feira";"11:00:00";"RO";364;180,1;"PIMENTA BUENO";"Mal súbito do condutor";"Saída de leito carroçável";"Com Vítimas Fatais";"Pleno dia";"Decrescente";"Céu Claro";"Simples";"Reta";"Não";2;1;0;0;0;1;0;2;-11,7775679;-61,07357688;"SPRF-RO";"DEL02-RO";"UOP02-DEL02-RO"
379639;2021-08-27;"sexta-feira";"15:05:00";"SC";101;368,1;"ICARA";"Reação tardia ou ineficiente do condutor";"Saída de leito carroçável";"Com Vítimas Feridas";"Pleno dia";"Crescente";"Nublado";"Dupla";"Reta;Declive";"Não";2;0;1;0;1;0;1;1;-28,70241311;-49,19822037;"SPRF-SC";"DEL02-SC";"UOP01-DEL02-SC"
379640;2021-08-27;"sexta-feira";"15:35:00";"MT";364;471,3;"VARZEA GRANDE";"Ingestão de álcool pelo condutor";"Queda de ocupante de veículo";"Com Vítimas Feridas";"Pleno dia";"Decrescente";"Céu Claro";"Simples";"Reta";"Não";1;0;1;0;0;0;1;1;-15,45484504;-56,32455309;"SPRF-MT";"DEL01-MT";"UOP02-DEL01-MT"
379641;2021-08-27;"sexta-feira";"15:45:00";"ES";101;148,9;"LINHARES";"Avarias e/ou desgaste excessivo no pneu";"Colisão com objeto";"Sem Vítimas";"Pleno dia";"Decrescente";"Céu Claro";"Dupla";"Reta";"Sim";1;0;0;0;0;1;0;1;-19,38787399;-40,06752766;"SPRF-ES";"DEL04-ES";"UOP01-DEL04-ES"
379642;2021-08-27;"sexta-feira";"15:50:00";"RJ";356;48;"ITAPERUNA";"Acessar a via sem observar a presença dos outros veículos";"Colisão frontal";"Com Vítimas Feridas";"Pleno dia";"Decrescente";"Céu Claro";"Simples";"Reta";"Não";5;0;3;0;1;1;3;3;-21,24530018;-41,78413117;"SPRF-RJ";"DEL08-RJ";"UOP03-DEL08-RJ"
379643;2021-08-27;"sexta-feira";"16:00:00";"MS";163;666,1;"RIO VERDE DE MATO GROSSO";"Ausência de reação do condutor";"Saída de leito carroçável";"Com Vítimas Feridas";"Pleno dia";"Crescente";"Nublado";"Simples";"Reta";"Não";1;0;1;0;0;0;1;1;-19,03721216;-54,81492623;"SPRF-MS";"DEL06-MS";"UOP02-DEL06-MS"
379644;2021-08-27;"sexta-feira";"17:15:00";"SP";153;18;"NOVA GRANADA";"Acessar a via sem observar a presença dos outros veículos";"Colisão transversal";"Sem Vítimas";"Pleno dia";"Crescente";"Vento";"Simples";"Reta";"Não";2;0;0;0;2;0;0;2;-20,44382107;-49,28091485;"SPRF-SP";"DEL09-SP";"UOP01-DEL09-SP"
379645;2021-08-27;"sexta-feira";"16:40:00";"GO";153;496,9;"GOIANIA";"Condutor deixou de manter distância do veículo da frente";"Colisão traseira";"Com Vítimas Feridas";"Pleno dia";"Crescente";"Céu Claro";"Dupla";"Reta";"Não";2;0;1;0;1;0;1;2;-16,6776;-49,2314;"SPRF-GO";"DEL01-GO";"UOP01-DEL01-GO"
379646;2021-08-27;"sexta-feira";"15:45:00";"BA";324;530;"FEIRA DE SANTANA";"Chuva";"Capotamento";"Com Vítimas Feridas";"Pleno dia";"Decrescente";"Chuva";"Múltipla";"Curva";"Não";1;0;1;0;0;0;1;1;-12,32818491;-38,86174193;"SPRF-BA";"DEL01-BA";"UOP03-DEL01-BA"
379647;2021-08-27;"sexta-feira";"17:00:00";"RJ";101;260;"RIO BONITO";"Reação tardia ou ineficiente do condutor";"Colisão lateral sentido oposto";"Com Vítimas Feridas";"Anoitecer";"Crescente";"Nublado";"Dupla";"Retorno Regulamentado";"Sim";2;0;1;0;1;0;1;2;-22,70520044;-42,60578664;"SPRF-RJ";"DEL02-RJ";"UOP03-DEL02-RJ"
379648;2021-08-27;"sexta-feira";"17:10:00";"PE";428;185,9;"PETROLINA";"Ingestão de álcool pelo condutor";"Colisão traseira";"Sem Vítimas";"Pleno dia";"Crescente";"Sol";"Simples";"Reta";"Sim";2;0;0;0;2;0;0;2;-9,35919823;-40,48016529;"SPRF-PE";"DEL06-PE";"UOP01-DEL06-PE"
379649;2021-08-27;"sexta-feira";"17:30:00";"PR";476;124,3;"CURITIBA";"Manobra de mudança de faixa";"Colisão lateral mesmo sentido";"Com Vítimas Feridas";"Anoitecer";"Decrescente";"Nublado";"Dupla";"Reta";"Sim";4;0;2;0;2;0;2;2;-25,399845;-49,215855;"SPRF-PR";"DEL01-PR";"UOP03-DEL01-PR"
379650;2021-08-27;"sexta-feira";"16:40:00";"PB";230;210;"SOLEDADE";"Ausência de reação do condutor";"Colisão frontal";"Com Vítimas Fatais";"Pleno dia";"Crescente";"Céu Claro";"Simples";"Aclive;Reta";"Não";5;1;4;0;0;0;4;2;-7,0807;-36,3232;"SPRF-PB";"DEL02-PB";"UOP02-DEL02-PB"
379651;2021-08-27;"sexta-feira";"17:40:00";"SC";101;211,6;"PALHOCA";"Manobra de mudança de faixa";"Colisão lateral mesmo sentido";"Com Vítimas Feridas";"Pleno dia";"Decrescente";"Céu Claro";"Dupla";"Reta";"Sim";2;0;0;1;1;0;1;2;-27,62329313;-48,65245588;"SPRF-SC";"DEL01-SC";"UOP02-DEL01-SC"
379652;2021-08-27;"sexta-feira";"17:49:00";"GO";60;54,3;"ABADIANIA";"Demais falhas mecânicas ou elétricas";"Tombamento";"Com Vítimas Feridas";"Pleno dia";"Crescente";"Céu Claro";"Dupla";"Reta";"Não";2;0;1;1;0;0;2;1;-16,1817;-48,6533;"SPRF-GO";"DEL02-GO";"UOP01-DEL02-GO"
379654;2021-08-27;"sexta-feira";"17:50:00";"PR";476;124;"CURITIBA";"Trafegar com motocicleta (ou similar) entre as faixas";"Colisão lateral mesmo sentido";"Com Vítimas Feridas";"Anoitecer";"Crescente";"Garoa/Chuvisco";"Dupla";"Reta;Aclive";"Sim";2;0;1;0;1;0;1;2;-25,399845;-49,215855;"SPRF-PR";"DEL01-PR";"UOP03-DEL01-PR"
379656;2021-08-02;"segunda-feira";"09:45:00";"SC";101;41,2;"JOINVILLE";"Acessar a via sem observar a presença dos outros veículos";"Colisão transversal";"Com Vítimas Feridas";"Pleno dia";"Decrescente";"Céu Claro";"Simples";"Reta;Interseção de Vias;Viaduto;Rotatória";"Sim";2;0;1;0;1;0;1;2;-26,28215489;-48,88973081;"SPRF-SC";"DEL03-SC";"UOP01-DEL03-SC"
379660;2021-08-27;"sexta-feira";"07:35:00";"PB";104;110,4;"LAGOA SECA";"Velocidade Incompatível";"Colisão traseira";"Com Vítimas Feridas";"Pleno dia";"Crescente";"Céu Claro";"Simples";"Reta";"Não";2;0;0;1;0;1;1;2;-7,12844791;-35,86084776;"SPRF-PB";"DEL02-PB";"UOP04-DEL02-PB"
379661;2021-06-08;"terça-feira";"17:20:00";"BA";110;368;"CATU";"Acessar a via sem observar a presença dos outros veículos";"Colisão transversal";"Com Vítimas Feridas";"Anoitecer";"Crescente";"Céu Claro";"Simples";"Reta";"Sim";4;0;1;0;3;0;1;2;-12,40537612;-38,40500399;"SPRF-BA";"DEL01-BA";"UOP04-DEL01-BA"
379662;2021-08-27;"sexta-feira";"18:35:00";"SC";101;214,1;"PALHOCA";"Reação tardia ou ineficiente do condutor";"Colisão traseira";"Com Vítimas Feridas";"Plena Noite";"Crescente";"Nublado";"Múltipla";"Reta";"Sim";2;0;1;0;1;0;1;2;-27,64443;-48,67057;"SPRF-SC";"DEL01-SC";"UOP02-DEL01-SC"
379663;2021-08-27;"sexta-feira";"18:15:00";"SP";116;275;"EMBU DAS ARTES";"Trafegar com motocicleta (ou similar) entre as faixas";"Colisão lateral mesmo sentido";"Com Vítimas Feridas";"Anoitecer";"Decrescente";"Nublado";"Dupla";"Reta";"Sim";4;0;2;0;2;0;2;3;-23,63638826;-46,83251584;"SPRF-SP";"DEL04-SP";"UOP01-DEL04-SP"
379664;2021-08-21;"sábado";"07:40:00";"MG";262;19,9;"REDUTO";"Velocidade Incompatível";"Colisão frontal";"Com Vítimas Feridas";"Pleno dia";"Decrescente";"Céu Claro";"Simples";"Curva";"Não";2;0;1;0;1;0;1;2;-20,24812441;-41,90211694;"SPRF-MG";"DEL06-MG";"UOP03-DEL06-MG"
379665;2021-08-27;"sexta-feira";"18:40:00";"RS";285;418;"PANAMBI";"Reação tardia ou ineficiente do condutor";"Colisão lateral sentido oposto";"Com Vítimas Feridas";"Anoitecer";"Decrescente";"Céu Claro";"Simples";"Reta";"Não";4;0;3;1;0;0;4;2;-28,347254;-53,5205421;"SPRF-RS";"DEL10-RS";"UOP01-DEL10-RS"
379667;2021-08-27;"sexta-feira";"17:50:00";"RO";364;273,8;"CACOAL";"Desrespeitar a preferência no cruzamento";"Colisão transversal";"Com Vítimas Feridas";"Pleno dia";"Crescente";"Céu Claro";"Simples";"Reta";"Não";2;0;2;0;0;0;2;2;-11,38505906;-61,74110399;"SPRF-RO";"DEL02-RO";"UOP02-DEL02-RO"
379668;2021-08-27;"sexta-feira";"18:30:00";"RN";101;94;"NATAL";"Condutor deixou de manter distância do veículo da frente";"Colisão traseira";"Com Vítimas Feridas";"Plena Noite";"Crescente";"Céu Claro";"Múltipla";"Curva";"Sim";2;0;1;0;1;0;1;2;-5,8263977;-35,21108508;"SPRF-RN";"DEL01-RN";"UOP01-DEL01-RN"
379671;2021-08-27;"sexta-feira";"18:20:00";"RJ";101;486;"ANGRA DOS REIS";"Pista Escorregadia";"Colisão traseira";"Com Vítimas Feridas";"Plena Noite";"Crescente";"Chuva";"Simples";"Reta";"Sim";2;0;1;0;1;0;1;2;-22,97708786;-44,29634653;"SPRF-RJ";"DEL03-RJ";"UOP03-DEL03-RJ"
379673;2021-08-27;"sexta-feira";"19:10:00";"BA";116;818;"VITORIA DA CONQUISTA";"Acessar a via sem observar a presença dos outros veículos";"Colisão transversal";"Com Vítimas Feridas";"Plena Noite";"Crescente";"Garoa/Chuvisco";"Simples";"Rotatória";"Sim";2;0;1;0;1;0;1;2;-14,82311;-40,81794;"SPRF-BA";"DEL08-BA";"UOP01-DEL08-BA"
379674;2021-08-27;"sexta-feira";"19:15:00";"RN";406;170;"SAO GONCALO DO AMARANTE";"Ausência de reação do condutor";"Colisão traseira";"Com Vítimas Feridas";"Plena Noite";"Decrescente";"Céu Claro";"Dupla";"Reta";"Sim";3;0;3;0;0;0;3;2;-5,75872063;-35,29921986;"SPRF-RN";"DEL02-RN";"UOP01-DEL02-RN"
379675;2021-08-27;"sexta-feira";"19:15:00";"ES";101;233,9;"FUNDAO";"Transitar na contramão";"Colisão frontal";"Com Vítimas Feridas";"Plena Noite";"Decrescente";"Céu Claro";"Simples";"Curva";"Não";2;0;0;1;1;0;1;2;-19,961042;-40,406889;"SPRF-ES";"DEL02-ES";"UOP01-DEL02-ES"
379678;2021-08-27;"sexta-feira";"20:30:00";"SC";101;213,4;"PALHOCA";"Sinalização mal posicionada";"Colisão com objeto";"Com Vítimas Feridas";"Plena Noite";"Decrescente";"Nublado";"Múltipla";"Reta";"Sim";1;0;1;0;0;0;1;1;-27,63697369;-48,66514142;"SPRF-SC";"DEL01-SC";"UOP02-DEL01-SC"
379679;2021-08-27;"sexta-feira";"20:10:00";"ES";101;297;"VIANA";"Reação tardia ou ineficiente do condutor";"Colisão traseira";"Com Vítimas Feridas";"Plena Noite";"Crescente";"Céu Claro";"Dupla";"Reta";"Sim";2;0;2;0;0;0;2;2;-20,34529844;-40,41026774;"SPRF-ES";"DEL01-ES";"UOP01-DEL01-ES"
379680;2021-08-27;"sexta-feira";"19:45:00";"MG";116;413,6;"GOVERNADOR VALADARES";"Conversão proibida";"Colisão transversal";"Com Vítimas Feridas";"Plena Noite";"Decrescente";"Céu Claro";"Simples";"Reta";"Sim";3;0;1;1;1;0;2;2;-18,873907;-41,966366;"SPRF-MG";"DEL06-MG";"UOP01-DEL06-MG"
379681;2021-08-27;"sexta-feira";"18:51:00";"RS";290;88;"PORTO ALEGRE";"Pedestre andava na pista";"Atropelamento de Pedestre";"Com Vítimas Fatais";"Plena Noite";"Crescente";"Céu Claro";"Dupla";"Reta";"Sim";2;1;0;0;0;1;0;2;-29,967531;-51,137264;"SPRF-RS";"DEL01-RS";"UOP01-DEL01-RS"
379682;2021-08-27;"sexta-feira";"20:35:00";"AL";104;89;"RIO LARGO";"Transitar na contramão";"Colisão transversal";"Com Vítimas Fatais";"Plena Noite";"Decrescente";"Nublado";"Dupla";"Reta";"Sim";2;2;0;0;0;0;0;2;-9,48870446;-35,81596613;"SPRF-AL";"DEL01-AL";"UOP01-DEL01-AL"
379684;2021-08-27;"sexta-feira";"20:40:00";"PR";376;169,9;"MARINGA";"Pista Escorregadia";"Saída de leito carroçável";"Com Vítimas Fatais";"Plena Noite";"Crescente";"Chuva";"Dupla";"Declive;Reta";"Não";1;1;0;0;0;0;0;1;-23,40566505;-51,99344695;"SPRF-PR";"DEL09-PR";"UOP01-DEL09-PR"
379685;2021-08-27;"sexta-feira";"20:55:00";"SC";101;204;"SAO JOSE";"Condutor deixou de manter distância do veículo da frente";"Colisão traseira";"Sem Vítimas";"Plena Noite";"Decrescente";"Nublado";"Múltipla";"Reta;Desvio Temporário";"Sim";2;0;0;0;2;0;0;2;-27,57413014;-48,61363083;"SPRF-SC";"DEL01-SC";"UOP01-DEL01-SC"
379686;2021-08-27;"sexta-feira";"21:00:00";"PR";376;248,1;"APUCARANA";"Pista Escorregadia";"Colisão frontal";"Com Vítimas Feridas";"Plena Noite";"Decrescente";"Chuva";"Simples";"Curva";"Sim";4;0;2;1;1;0;3;2;-23,6165621;-51,39617026;"SPRF-PR";"DEL07-PR";"UOP02-DEL07-PR"
379687;2021-08-27;"sexta-feira";"20:45:00";"SE";235;4;"NOSSA SENHORA DO SOCORRO";"Condutor deixou de manter distância do veículo da frente";"Colisão traseira";"Com Vítimas Feridas";"Plena Noite";"Decrescente";"Céu Claro";"Dupla";"Aclive";"Sim";2;0;1;0;1;0;1;2;-10,9064;-37,1197;"SPRF-SE";"DEL01-SE";"UOP01-DEL01-SE"
379688;2021-08-27;"sexta-feira";"20:15:00";"RS";116;128,7;"CAXIAS DO SUL";"Condutor Dormindo";"Capotamento";"Com Vítimas Feridas";"Plena Noite";"Crescente";"Céu Claro";"Simples";"Declive;Curva";"Não";1;0;1;0;0;0;1;1;-29,03696065;-51,10445023;"SPRF-RS";"DEL05-RS";"UOP01-DEL05-RS"
379690;2021-08-27;"sexta-feira";"18:45:00";"MT";70;3;"BARRA DO GARCAS";"Acessar a via sem observar a presença dos outros veículos";"Colisão transversal";"Com Vítimas Feridas";"Anoitecer";"Crescente";"Céu Claro";"Simples";"Reta";"Sim";3;0;1;0;2;0;1;2;-15,88252843;-52,27574027;"SPRF-MT";"DEL07-MT";"UOP01-DEL07-MT"
379691;2021-08-27;"sexta-feira";"19:10:00";"ES";262;19,4;"VIANA";"Reação tardia ou ineficiente do condutor";"Atropelamento de Pedestre";"Com Vítimas Feridas";"Anoitecer";"Decrescente";"Nublado";"Dupla";"Reta";"Sim";2;0;0;1;1;0;1;2;-20,3919143;-40,49002338;"SPRF-ES";"DEL01-ES";"UOP01-DEL01-ES"
379692;2021-08-27;"sexta-feira";"19:00:00";"MG";262;459,9;"NOVA SERRANA";"Ingestão de álcool pelo condutor";"Tombamento";"Com Vítimas Feridas";"Plena Noite";"Crescente";"Céu Claro";"Simples";"Reta";"Não";1;0;0;1;0;0;1;1;-19,81406565;-45,0998164;"SPRF-MG";"DEL08-MG";"UOP03-DEL08-MG"
379694;2021-08-27;"sexta-feira";"21:35:00";"BA";324;562;"AMELIA RODRIGUES";"Condutor Dormindo";"Saída de leito carroçável";"Sem Vítimas";"Plena Noite";"Decrescente";"Céu Claro";"Dupla";"Reta";"Não";1;0;0;0;1;0;0;1;-12,503202;-38,639217;"SPRF-BA";"DEL01-BA";"UOP01-DEL01-BA"
379696;2021-08-27;"sexta-feira";"15:55:00";"RJ";101;49;"CAMPOS DOS GOYTACAZES";"Reação tardia ou ineficiente do condutor";"Tombamento";"Com Vítimas Feridas";"Pleno dia";"Crescente";"Céu Claro";"Simples";"Reta";"Sim";1;0;1;0;0;0;1;1;-21,62508006;-41,31411242;"SPRF-RJ";"DEL08-RJ";"UOP01-DEL08-RJ"
379697;2021-08-27;"sexta-feira";"21:20:00";"RO";319;63;"PORTO VELHO";"Pedestre cruzava a pista fora da faixa";"Atropelamento de Pedestre";"Com Vítimas Feridas";"Plena Noite";"Crescente";"Céu Claro";"Dupla";"Reta;Interseção de Vias";"Sim";3;0;0;1;2;0;1;2;-8,76609822;-63,88455391;"SPRF-RO";"DEL01-RO";"UOP01-DEL01-RO"
379698;2021-08-27;"sexta-feira";"21:35:00";"SE";101;94;"NOSSA SENHORA DO SOCORRO";"Ingestão de álcool pelo condutor";"Colisão transversal";"Sem Vítimas";"Plena Noite";"Crescente";"Céu Claro";"Dupla";"Rotatória";"Sim";2;0;0;0;2;0;0;2;-10,90732013;-37,15236691;"SPRF-SE";"DEL01-SE";"UOP01-DEL01-SE"
379700;2021-08-27;"sexta-feira";"20:00:00";"PR";376;665,8;"GUARATUBA";"Chuva";"Capotamento";"Com Vítimas Feridas";"Plena Noite";"Crescente";"Chuva";"Dupla";"Curva";"Não";1;0;1;0;0;0;1;1;-25,85455838;-48,95670808;"SPRF-PR";"DEL01-PR";"UOP04-DEL01-PR"
379701;2021-08-27;"sexta-feira";"23:00:00";"ES";101;299,2;"VIANA";"Pedestre andava na pista";"Atropelamento de Pedestre";"Com Vítimas Fatais";"Plena Noite";"Crescente";"Nublado";"Múltipla";"Curva";"Sim";2;1;0;0;1;0;0;2;-20,35860628;-40,42327504;"SPRF-ES";"DEL01-ES";"UOP01-DEL01-ES"
379703;2021-08-27;"sexta-feira";"21:50:00";"MT";364;450;"VARZEA GRANDE";"Acessar a via sem observar a presença dos outros veículos";"Colisão transversal";"Com Vítimas Feridas";"Plena Noite";"Crescente";"Céu Claro";"Simples";"Aclive;Reta";"Não";6;0;4;0;2;0;4;2;-15,59527398;-56,22617299;"SPRF-MT";"DEL01-MT";"UOP02-DEL01-MT"
379704;2021-08-27;"sexta-feira";"23:59:00";"SC";101;209,2;"SAO JOSE";"Ingestão de álcool pelo condutor";"Saída de leito carroçável";"Sem Vítimas";"Plena Noite";"Decrescente";"Nublado";"Múltipla";"Interseção de Vias";"Sim";1;0;0;0;1;0;0;1;-27,61000542;-48,63895057;"SPRF-SC";"DEL01-SC";"UOP01-DEL01-SC"
379705;2021-08-27;"sexta-feira";"22:50:00";"MT";163;844;"SINOP";"Ingestão de álcool pelo condutor";"Colisão traseira";"Com Vítimas Feridas";"Plena Noite";"Crescente";"Céu Claro";"Simples";"Reta";"Não";2;0;0;1;1;0;1;2;-11,782133;-55,474666;"SPRF-MT";"DEL06-MT";"NPF/DEL06-MT"
379706;2021-08-27;"sexta-feira";"23:45:00";"RS";116;243;"SAO LEOPOLDO";"Condutor deixou de manter distância do veículo da frente";"Colisão com objeto";"Sem Vítimas";"Plena Noite";"Crescente";"Céu Claro";"Dupla";"Reta";"Sim";1;0;0;0;1;0;0;1;-29,73408077;-51,14961555;"SPRF-RS";"DEL01-RS";"UOP02-DEL01-RS"
379707;2021-08-27;"sexta-feira";"22:20:00";"PE";101;61,9;"RECIFE";"Ingestão de álcool e/ou substâncias psicoativas pelo pedestre";"Atropelamento de Pedestre";"Com Vítimas Fatais";"Plena Noite";"Decrescente";"Nublado";"Múltipla";"Reta";"Sim";2;1;0;0;0;1;0;2;-7,99097103;-34,93598295;"SPRF-PE";"DEL01-PE";"UOP02-DEL01-PE"
379708;2021-08-27;"sexta-feira";"17:55:00";"SC";163;76,5;"SAO MIGUEL DO OESTE";"Afundamento ou ondulação no pavimento";"Tombamento";"Com Vítimas Feridas";"Pleno dia";"Crescente";"Céu Claro";"Simples";"Declive;Reta";"Não";1;0;0;1;0;0;1;1;-26,68478399;-53,51451486;"SPRF-SC";"DEL07-SC";"UOP03-DEL07-SC"
379709;2021-08-27;"sexta-feira";"23:50:00";"PR";376;185,2;"SARANDI";"Velocidade Incompatível";"Saída de leito carroçável";"Com Vítimas Feridas";"Plena Noite";"Decrescente";"Chuva";"Dupla";"Reta";"Sim";2;0;1;1;0;0;2;1;-23,45147413;-51,85361808;"SPRF-PR";"DEL09-PR";"UOP01-DEL09-PR"
379710;2021-08-28;"sábado";"00:50:00";"SP";116;222,6;"GUARULHOS";"Ingestão de álcool pelo condutor";"Colisão traseira";"Com Vítimas Feridas";"Plena Noite";"Decrescente";"Nublado";"Múltipla";"Reta";"Não";2;0;0;1;1;0;1;2;-23,47093408;-46,51631097;"SPRF-SP";"DEL01-SP";"UOP01-DEL01-SP"
379711;2021-08-27;"sexta-feira";"22:55:00";"SC";163;70;"SAO MIGUEL DO OESTE";"Ingestão de álcool pelo condutor";"Saída de leito carroçável";"Sem Vítimas";"Plena Noite";"Crescente";"Céu Claro";"Dupla";"Curva";"Sim";1;0;0;0;1;0;0;1;-26,73461723;-53,50680015;"SPRF-SC";"DEL07-SC";"UOP03-DEL07-SC"
379712;2021-08-28;"sábado";"00:10:00";"DF";70;11;"BRASILIA";"Ingestão de álcool pelo condutor";"Colisão traseira";"Com Vítimas Feridas";"Plena Noite";"Crescente";"Céu Claro";"Dupla";"Reta";"Sim";4;0;2;0;2;0;2;2;-15,789762;-48,148727;"SPRF-DF";"DEL03-DF";"UOP02-DEL03-DF"