"id";"data_inversa";"dia_semana";"horario";"uf";"br";"km";"municipio";"causa_acidente";"tipo_acidente";"classificacao_acidente";"fase_dia";"sentido_via";"condicao_metereologica";"tipo_pista";"tracado_via";"uso_solo";"pessoas";"mortos";"feridos_leves";"feridos_graves";"ilesos";"ignorados";"feridos";"veiculos";"latitude";"longitude";"regional";"delegacia";"uop"
379835;2021-08-28;"sábado";"14:18:00";"PR";153;42,8;"SANTO ANTONIO DA PLATINA";"Desrespeitar a preferência no cruzamento";"Colisão transversal";"Com Vítimas Feridas";"Pleno dia";"Crescente";"Nublado";"Dupla";"Interseção de Vias";"Sim";3;0;2;1;0;0;3;2;-23,29512144;-50,06578041;"SPRF-PR";"DEL07-PR";"UOP04-DEL07-PR"
379836;2021-08-28;"sábado";"13:15:00";"MG";381;931,5;"EXTREMA";"Velocidade Incompatível";"Colisão com objeto";"Com Vítimas Feridas";"Pleno dia";"Decrescente";"Chuva";"Dupla";"Reta";"Não";1;0;1;0;0;0;1;1;-22,8076393;-46,27636971;"SPRF-MG";"DEL16-MG";"UOP03-DEL16-MG"
379837;2021-08-28;"sábado";"14:10:00";"SP";153;63,1;"SAO JOSE DO RIO PRETO";"Demais falhas mecânicas ou elétricas";"Engavetamento";"Sem Vítimas";"Pleno dia";"Crescente";"Nublado";"Dupla";"Em Obras;Reta";"Sim";4;0;0;0;4;0;0;4;-20,82149698;-49,35764818;"SPRF-SP";"DEL09-SP";"UOP01-DEL09-SP"
379838;2021-08-28;"sábado";"14:00:00";"SC";470;39,8;"GASPAR";"Ultrapassagem Indevida";"Tombamento";"Com Vítimas Feridas";"Pleno dia";"Decrescente";"Nublado";"Simples";"Curva;Em Obras;Desvio Temporário";"Não";1;0;1;0;0;0;1;1;-26,89602109;-48,98769471;"SPRF-SC";"DEL04-SC";"UOP01-DEL04-SC"
379842;2021-08-28;"sábado";"07:40:00";"RJ";116;113;"MAGE";"Acesso irregular";"Queda de ocupante de veículo";"Com Vítimas Feridas";"Pleno dia";"Crescente";"Nublado";"Dupla";"Reta";"Não";1;0;1;0;0;0;1;1;-22,57214;-43,007291;"SPRF-RJ";"DEL04-RJ";"UOP02-DEL04-RJ"
379843;2021-08-28;"sábado";"14:15:00";"SP";101;26;"UBATUBA";"Ingestão de álcool pelo condutor";"Capotamento";"Sem Vítimas";"Pleno dia";"Crescente";"Chuva";"Simples";"Curva";"Não";1;0;0;0;1;0;0;1;-23,36185032;-44,94821999;"SPRF-SP";"DEL06-SP";"UOP01-DEL06-SP"
379846;2021-08-28;"sábado";"13:30:00";"SC";101;365,9;"SANGAO";"Reação tardia ou ineficiente do condutor";"Saída de leito carroçável";"Com Vítimas Feridas";"Pleno dia";"Crescente";"Céu Claro";"Dupla";"Reta";"Não";3;0;3;0;0;0;3;1;-28,68290284;-49,14759308;"SPRF-SC";"DEL02-SC";"UOP01-DEL02-SC"
379847;2021-08-28;"sábado";"14:30:00";"GO";60;163,7;"GOIANIA";"Ausência de reação do condutor";"Colisão traseira";"Com Vítimas Feridas";"Pleno dia";"Crescente";"Céu Claro";"Dupla";"Reta";"Sim";2;0;0;1;1;0;1;2;-16,7002;-49,3335;"SPRF-GO";"DEL01-GO";"UOP02-DEL01-GO"
379849;2021-08-28;"sábado";"13:50:00";"SC";101;6;"GARUVA";"Ausência de reação do condutor";"Tombamento";"Com Vítimas Feridas";"Pleno dia";"Crescente";"Chuva";"Simples";"Declive;Curva";"Sim";1;0;1;0;0;0;1;1;-26,02692002;-48,86142017;"SPRF-SC";"DEL03-SC";"UOP01-DEL03-SC"
379850;2021-02-11;"quinta-feira";"20:41:00";"PR";369;170;"ROLANDIA";"Ausência de reação do condutor";"Queda de ocupante de veículo";"Com Vítimas Feridas";"Plena Noite";"Crescente";"Ignorado";"Simples";"Reta";"Sim";1;0;0;1;0;0;1;1;-23,30946857;-51,36891603;"SPRF-PR";"DEL07-PR";"UOP01-DEL07-PR"
379851;2021-08-28;"sábado";"15:15:00";"SC";101;162,4;"TIJUCAS";"Condutor Dormindo";"Saída de leito carroçável";"Com Vítimas Feridas";"Pleno dia";"Decrescente";"Chuva";"Múltipla";"Reta";"Sim";2;0;1;0;1;0;1;1;-27,22554009;-48,6279367;"SPRF-SC";"DEL04-SC";"UOP03-DEL04-SC"
379852;2021-08-28;"sábado";"15:40:00";"RS";116;181,4;"NOVA PETROPOLIS";"Reação tardia ou ineficiente do condutor";"Tombamento";"Com Vítimas Feridas";"Pleno dia";"Decrescente";"Céu Claro";"Simples";"Curva";"Não";1;0;1;0;0;0;1;1;-29,37096794;-51,13393866;"SPRF-RS";"DEL05-RS";"UOP02-DEL05-RS"
379853;2021-08-28;"sábado";"14:55:00";"DF";40;3,5;"BRASILIA";"Manobra de mudança de faixa";"Colisão lateral mesmo sentido";"Com Vítimas Feridas";"Pleno dia";"Decrescente";"Céu Claro";"Dupla";"Reta";"Sim";3;0;1;0;2;0;1;3;-16,00813404;-47,98293829;"SPRF-DF";"DEL01-DF";"UOP01-DEL01-DF"
379856;2021-08-28;"sábado";"14:30:00";"RS";392;665,8;"CERRO LARGO";"Reação tardia ou ineficiente do condutor";"Saída de leito carroçável";"Com Vítimas Feridas";"Pleno dia";"Crescente";"Céu Claro";"Simples";"Curva";"Não";2;0;0;1;0;1;1;2;-28,12478519;-54,76279906;"SPRF-RS";"DEL10-RS";"UOP01-DEL10-RS"
379859;2021-08-28;"sábado";"06:30:00";"ES";482;61,9;"JERONIMO MONTEIRO";"Ingestão de álcool pelo condutor";"Tombamento";"Com Vítimas Feridas";"Pleno dia";"Crescente";"Céu Claro";"Simples";"Reta";"Sim";1;0;1;0;0;0;1;1;-20,79908383;-41,37191775;"SPRF-ES";"DEL03-ES";"UOP02-DEL03-ES"
379863;2021-08-28;"sábado";"14:20:00";"PE";101;54,6;"PAULISTA";"Acessar a via sem observar a presença dos outros veículos";"Colisão frontal";"Com Vítimas Feridas";"Pleno dia";"Decrescente";"Sol";"Simples";"Rotatória";"Sim";2;0;1;0;1;0;1;2;-7,93961103;-34,90356584;"SPRF-PE";"DEL01-PE";"UOP02-DEL01-PE"
379865;2021-08-28;"sábado";"16:30:00";"PR";369;111,5;"URAI";"Ultrapassagem Indevida";"Colisão lateral sentido oposto";"Com Vítimas Fatais";"Pleno dia";"Decrescente";"Chuva";"Simples";"Reta";"Não";3;1;0;0;2;0;0;3;-23,27350953;-50,81949234;"SPRF-PR";"DEL07-PR";"UOP01-DEL07-PR"
379866;2021-08-28;"sábado";"14:55:00";"RO";364;209,3;"PIMENTA BUENO";"Ingestão de álcool pelo condutor";"Colisão traseira";"Com Vítimas Feridas";"Pleno dia";"Decrescente";"Céu Claro";"Simples";"Reta";"Não";2;0;1;0;1;0;1;2;-11,59199284;-61,24934267;"SPRF-RO";"DEL02-RO";"UOP02-DEL02-RO"
379867;2021-08-28;"sábado";"16:30:00";"SP";116;403,9;"MIRACATU";"Velocidade Incompatível";"Saída de leito carroçável";"Com Vítimas Feridas";"Pleno dia";"Crescente";"Nublado";"Dupla";"Curva";"Não";1;0;0;1;0;0;1;1;-24,31697929;-47,52798687;"SPRF-SP";"DEL04-SP";"UOP02-DEL04-SP"
379868;2021-08-28;"sábado";"15:45:00";"PR";163;8;"BARRACAO";"Ausência de reação do condutor";"Colisão traseira";"Sem Vítimas";"Pleno dia";"Decrescente";"Céu Claro";"Simples";"Curva";"Não";3;0;0;0;2;1;0;3;-26,25066;-53,635523;"SPRF-PR";"DEL02-PR";"UOP02-DEL02-PR"
379869;2021-08-28;"sábado";"15:30:00";"MS";163;108;"ITAQUIRAI";"Ingestão de álcool pelo condutor";"Eventos atípicos";"Sem Vítimas";"Pleno dia";"Crescente";"Nublado";"Múltipla";"Reta";"Não";5;0;0;0;5;0;0;2;-23,21257812;-54,21061485;"SPRF-MS";"DEL09-MS";"UOP01-DEL09-MS"
379870;2021-08-28;"sábado";"17:00:00";"PA";230;110;"MARABA";"Acessar a via sem observar a presença dos outros veículos";"Colisão traseira";"Com Vítimas Feridas";"Pleno dia";"Decrescente";"Céu Claro";"Simples";"Reta";"Não";2;0;1;0;1;0;1;2;-5,37342727;-49,03126806;"SPRF-PA";"DEL03-PA";"UOP01-DEL03-PA"
379871;2021-08-28;"sábado";"16:20:00";"CE";230;52,7;"LAVRAS DA MANGABEIRA";"Condutor deixou de manter distância do veículo da frente";"Colisão traseira";"Sem Vítimas";"Pleno dia";"Crescente";"Céu Claro";"Simples";"Reta;Aclive";"Não";2;0;0;0;2;0;0;2;-6,76922259;-39,06557608;"SPRF-CE";"DEL05-CE";"UOP01-DEL05-CE"
379873;2021-08-28;"sábado";"15:30:00";"MA";135;1,5;"SAO LUIS";"Acessar a via sem observar a presença dos outros veículos";"Queda de ocupante de veículo";"Com Vítimas Feridas";"Pleno dia";"Crescente";"Céu Claro";"Dupla";"Reta";"Sim";2;0;1;1;0;0;2;1;-2,58917895;-44,24423719;"SPRF-MA";"DEL01-MA";"UOP01-DEL01-MA"
379874;2021-08-28;"sábado";"14:00:00";"PR";153;84;"CONSELHEIRO MAIRINCK";"Ausência de reação do condutor";"Saída de leito carroçável";"Com Vítimas Feridas";"Plena Noite";"Decrescente";"Nublado";"Simples";"Reta";"Não";1;0;0;1;0;0;1;1;-23,63863603;-50,15190162;"SPRF-PR";"DEL07-PR";"UOP04-DEL07-PR"
379875;2021-08-28;"sábado";"17:00:00";"PR";376;681;"GUARATUBA";"Velocidade Incompatível";"Colisão com objeto";"Com Vítimas Feridas";"Pleno dia";"Crescente";"Chuva";"Dupla";"Reta";"Não";3;0;2;1;0;0;3;1;-25,96596616;-48,89663319;"SPRF-PR";"DEL01-PR";"UOP04-DEL01-PR"
379876;2021-08-28;"sábado";"17:00:00";"MG";381;921,3;"CAMANDUCAIA";"Velocidade Incompatível";"Tombamento";"Com Vítimas Feridas";"Pleno dia";"Crescente";"Garoa/Chuvisco";"Dupla";"Curva";"Não";2;0;1;0;1;0;1;1;-22,76323194;-46,17153525;"SPRF-MG";"DEL16-MG";"UOP03-DEL16-MG"
379877;2021-08-28;"sábado";"16:40:00";"MG";40;563;"NOVA LIMA";"Avarias e/ou desgaste excessivo no pneu";"Colisão com objeto";"Com Vítimas Feridas";"Pleno dia";"Decrescente";"Céu Claro";"Dupla";"Declive;Reta";"Sim";1;0;1;0;0;0;1;1;-20,15241986;-43,96263156;"SPRF-MG";"DEL01-MG";"UOP02-DEL01-MG"
379878;2021-08-28;"sábado";"17:00:00";"PR";476;279;"SAO MATEUS DO SUL";"Acessar a via sem observar a presença dos outros veículos";"Colisão frontal";"Com Vítimas Feridas";"Pleno dia";"Decrescente";"Garoa/Chuvisco";"Simples";"Reta";"Sim";3;0;1;0;2;0;1;2;-25,871132;-50,406021;"SPRF-PR";"DEL02-PR";"UOP04-DEL02-PR"
379881;2021-08-28;"sábado";"16:45:00";"SP";116;325,6;"JUQUITIBA";"Entrada inopinada do pedestre";"Atropelamento de Pedestre";"Com Vítimas Feridas";"Pleno dia";"Crescente";"Garoa/Chuvisco";"Dupla";"Reta";"Sim";2;0;0;1;1;0;1;2;-23,94085262;-47,05337099;"SPRF-SP";"DEL04-SP";"UOP01-DEL04-SP"
379882;2021-08-28;"sábado";"17:03:00";"MG";50;114,3;"UBERABA";"Ausência de reação do condutor";"Saída de leito carroçável";"Com Vítimas Feridas";"Pleno dia";"Decrescente";"Céu Claro";"Dupla";"Reta";"Não";2;0;1;0;1;0;1;1;-19,25772707;-48,13205017;"SPRF-MG";"DEL13-MG";"UOP01-DEL13-MG"
379883;2021-08-28;"sábado";"17:25:00";"MG";381;920,4;"CAMANDUCAIA";"Velocidade Incompatível";"Colisão com objeto";"Com Vítimas Feridas";"Pleno dia";"Crescente";"Nublado";"Dupla";"Curva;Declive";"Não";2;0;2;0;0;0;2;1;-22,7704869;-46,20021296;"SPRF-MG";"DEL16-MG";"UOP03-DEL16-MG"
379885;2021-08-28;"sábado";"17:05:00";"PR";277;341,9;"GUARAPUAVA";"Velocidade Incompatível";"Saída de leito carroçável";"Com Vítimas Feridas";"Pleno dia";"Crescente";"Nublado";"Dupla";"Aclive;Reta";"Sim";1;0;0;1;0;0;1;1;-25,35420225;-51,46045983;"SPRF-PR";"DEL08-PR";"UOP01-DEL08-PR"
379886;2021-08-28;"sábado";"17:15:00";"PI";343;592,9;"FLORIANO";"Condutor deixou de manter distância do veículo da frente";"Colisão traseira";"Com Vítimas Feridas";"Pleno dia";"Crescente";"Céu Claro";"Dupla";"Reta";"Sim";3;0;1;0;2;0;1;2;-6,777731;-43,031559;"SPRF-PI";"DEL03-PI";"UOP01-DEL03-PI"
379887;2021-08-28;"sábado";"17:50:00";"RN";406;113;"POCO BRANCO";"Acessar a via sem observar a presença dos outros veículos";"Colisão transversal";"Com Vítimas Feridas";"Anoitecer";"Decrescente";"Céu Claro";"Simples";"Interseção de Vias";"Não";3;0;2;0;0;1;2;2;-5,56486948;-35,72795715;"SPRF-RN";"DEL02-RN";"UOP01-DEL02-RN"
379888;2021-08-28;"sábado";"18:00:00";"PE";232;146,1;"SAO CAITANO";"Transitar na contramão";"Colisão frontal";"Com Vítimas Feridas";"Plena Noite";"Decrescente";"Céu Claro";"Dupla";"Reta";"Sim";4;0;0;1;3;0;1;2;-8,33343949;-36,130777;"SPRF-PE";"DEL02-PE";"UOP03-DEL02-PE"
379889;2021-08-28;"sábado";"16:20:00";"SC";101;6;"GARUVA";"Pista Escorregadia";"Colisão com objeto";"Com Vítimas Feridas";"Pleno dia";"Crescente";"Garoa/Chuvisco";"Simples";"Curva";"Sim";4;0;4;0;0;0;4;1;-26,02879505;-48,86157095;"SPRF-SC";"DEL03-SC";"UOP01-DEL03-SC"
379891;2021-08-28;"sábado";"17:20:00";"PE";101;40,8;"IGARASSU";"Acesso irregular";"Colisão transversal";"Sem Vítimas";"Anoitecer";"Crescente";"Céu Claro";"Dupla";"Reta";"Sim";2;0;0;0;1;1;0;2;-7,821475;-34,916545;"SPRF-PE";"DEL01-PE";"UOP02-DEL01-PE"
379892;2021-08-28;"sábado";"17:40:00";"SC";470;65,6;"INDAIAL";"Conversão proibida";"Colisão transversal";"Com Vítimas Feridas";"Pleno dia";"Decrescente";"Nublado";"Simples";"Curva";"Sim";3;0;2;0;1;0;2;2;-26,87097413;-49,21760457;"SPRF-SC";"DEL04-SC";"UOP01-DEL04-SC"
379893;2021-08-28;"sábado";"18:00:00";"PI";343;305;"ALTOS";"Desrespeitar a preferência no cruzamento";"Colisão transversal";"Com Vítimas Feridas";"Anoitecer";"Crescente";"Céu Claro";"Simples";"Reta";"Sim";2;0;2;0;0;0;2;2;-5,0654826;-42,41546631;"SPRF-PI";"DEL01-PI";"UOP01-DEL01-PI"
379894;2021-08-28;"sábado";"15:10:00";"SC";163;68,4;"SAO MIGUEL DO OESTE";"Condutor deixou de manter distância do veículo da frente";"Colisão traseira";"Com Vítimas Feridas";"Pleno dia";"Crescente";"Céu Claro";"Dupla";"Interseção de Vias;Reta";"Sim";3;0;2;0;1;0;2;2;-26,74607985;-53,50087523;"SPRF-SC";"DEL07-SC";"UOP03-DEL07-SC"
379898;2021-07-30;"sexta-feira";"20:30:00";"RJ";116;208;"SEROPEDICA";"Condutor deixou de manter distância do veículo da frente";"Colisão traseira";"Com Vítimas Feridas";"Plena Noite";"Decrescente";"Céu Claro";"Dupla";"Curva";"Não";3;0;1;0;1;1;1;2;-22,707;-43,738;"SPRF-RJ";"DEL01-RJ";"UOP03-DEL01-RJ"
379899;2021-08-28;"sábado";"18:00:00";"MG";40;602;"CONGONHAS";"Condutor deixou de manter distância do veículo da frente";"Colisão traseira";"Com Vítimas Feridas";"Plena Noite";"Crescente";"Céu Claro";"Simples";"Reta";"Sim";2;0;2;0;0;0;2;2;-20,43679609;-43,84638106;"SPRF-MG";"DEL05-MG";"UOP02-DEL05-MG"
379900;2021-08-28;"sábado";"17:00:00";"GO";153;611,3;"MORRINHOS";"Condutor Dormindo";"Saída de leito carroçável";"Com Vítimas Feridas";"Pleno dia";"Decrescente";"Céu Claro";"Dupla";"Reta";"Não";1;0;1;0;0;0;1;1;-17,6437;-49,1736;"SPRF-GO";"DEL03-GO";"UOP01-DEL03-GO"
379901;2021-08-28;"sábado";"18:55:00";"ES";262;110,7;"VENDA NOVA DO IMIGRANTE";"Desrespeitar a preferência no cruzamento";"Colisão transversal";"Com Vítimas Feridas";"Plena Noite";"Decrescente";"Céu Claro";"Simples";"Retorno Regulamentado;Reta";"Sim";2;0;0;2;0;0;2;2;-20,3364276;-41,18081802;"SPRF-ES";"DEL01-ES";"UOP02-DEL01-ES"
379902;2021-08-28;"sábado";"17:50:00";"MS";163;280,3;"DOURADOS";"Condutor deixou de manter distância do veículo da frente";"Colisão traseira";"Com Vítimas Feridas";"Plena Noite";"Decrescente";"Chuva";"Dupla";"Reta";"Sim";2;0;1;0;0;1;1;2;-22,13794223;-54,61956683;"SPRF-MS";"DEL04-MS";"UOP01-DEL04-MS"
379903;2021-08-28;"sábado";"15:50:00";"SP";116;461;"PARIQUERA-ACU";"Reação tardia ou ineficiente do condutor";"Colisão lateral mesmo sentido";"Com Vítimas Feridas";"Pleno dia";"Decrescente";"Chuva";"Dupla";"Reta";"Sim";2;0;1;0;1;0;1;2;-24,61672184;-47,88933615;"SPRF-SP";"DEL05-SP";"UOP01-DEL05-SP"
379904;2021-07-31;"sábado";"20:50:00";"PE";423;66;"CALCADO";"Condutor deixou de manter distância do veículo da frente";"Colisão traseira";"Com Vítimas Fatais";"Plena Noite";"Decrescente";"Garoa/Chuvisco";"Simples";"Reta";"Não";2;1;0;0;0;1;0;2;-8,66844631;-36,37491793;"SPRF-PE";"DEL03-PE";"UOP01-DEL03-PE"
379907;2021-08-28;"sábado";"17:45:00";"PR";153;335,5;"IRATI";"Ingestão de álcool pelo condutor";"Colisão transversal";"Com Vítimas Feridas";"Anoitecer";"Crescente";"Garoa/Chuvisco";"Simples";"Reta;Declive";"Sim";2;0;1;0;1;0;1;2;-25,49343691;-50,64671508;"SPRF-PR";"DEL03-PR";"UOP03-DEL03-PR"
379908;2021-08-28;"sábado";"18:45:00";"RJ";101;260;"RIO BONITO";"Chuva";"Saída de leito carroçável";"Com Vítimas Feridas";"Plena Noite";"Decrescente";"Chuva";"Dupla";"Reta";"Sim";2;0;2;0;0;0;2;1;-22,70520044;-42,60578664;"SPRF-RJ";"DEL02-RJ";"UOP03-DEL02-RJ"
379912;2021-08-28;"sábado";"19:55:00";"PR";376;620;"SAO JOSE DOS PINHAIS";"Acessar a via sem observar a presença dos outros veículos";"Colisão lateral sentido oposto";"Com Vítimas Feridas";"Plena Noite";"Crescente";"Garoa/Chuvisco";"Simples";"Reta";"Sim";2;0;1;0;1;0;1;2;-25,61511821;-49,17041659;"SPRF-PR";"DEL01-PR";"UOP04-DEL01-PR"
379913;2021-08-28;"sábado";"19:30:00";"SP";381;33,7;"ATIBAIA";"Reação tardia ou ineficiente do condutor";"Colisão com objeto";"Com Vítimas Fatais";"Plena Noite";"Decrescente";"Nublado";"Múltipla";"Curva";"Não";2;1;0;1;0;0;1;1;-23,0728028;-46,56673562;"SPRF-SP";"DEL03-SP";"UOP01-DEL03-SP"
379915;2021-08-28;"sábado";"19:00:00";"RS";285;562,6;"SAO LUIZ GONZAGA";"Transitar na contramão";"Colisão frontal";"Com Vítimas Feridas";"Plena Noite";"Crescente";"Céu Claro";"Simples";"Reta";"Sim";4;0;3;0;0;1;3;2;-28,417784;-54,916275;"SPRF-RS";"DEL10-RS";"UOP01-DEL10-RS"
379916;2021-08-28;"sábado";"20:20:00";"ES";101;290,2;"CARIACICA";"Acessar a via sem observar a presença dos outros veículos";"Colisão transversal";"Com Vítimas Feridas";"Plena Noite";"Decrescente";"Nublado";"Dupla";"Reta";"Sim";3;0;1;0;2;0;1;2;-20,28927747;-40,39181575;"SPRF-ES";"DEL01-ES";"UOP01-DEL01-ES"
379917;2021-08-28;"sábado";"18:40:00";"PB";104;148;"QUEIMADAS";"Transitar na contramão";"Colisão frontal";"Com Vítimas Feridas";"Plena Noite";"Crescente";"Nublado";"Simples";"Reta";"Não";2;0;0;1;0;1;1;2;-7,439674;-35,90201;"SPRF-PB";"DEL02-PB";"UOP03-DEL02-PB"
379918;2021-08-28;"sábado";"19:00:00";"RS";290;416,5;"SAO GABRIEL";"Deficiência do Sistema de Iluminação/Sinalização";"Colisão traseira";"Com Vítimas Feridas";"Anoitecer";"Decrescente";"Céu Claro";"Simples";"Reta";"Não";3;0;2;0;0;1;2;3;-30,361155;-54,309517;"SPRF-RS";"DEL11-RS";"UOP02-DEL11-RS"
379919;2021-08-28;"sábado";"19:40:00";"GO";364;196;"JATAI";"Entrada inopinada do pedestre";"Atropelamento de Pedestre";"Com Vítimas Fatais";"Plena Noite";"Decrescente";"Céu Claro";"Dupla";"Reta";"Sim";7;1;0;0;5;1;0;2;-17,91928479;-51,72676748;"SPRF-GO";"DEL05-GO";"UOP01-DEL05-GO"
379923;2021-08-28;"sábado";"20:00:00";"SP";488;2,5;"APARECIDA";"Ingestão de álcool pelo condutor";"Colisão traseira";"Sem Vítimas";"Plena Noite";"Crescente";"Céu Claro";"Dupla";"Reta";"Sim";2;0;0;0;2;0;0;2;-22,849216;-45,236801;"SPRF-SP";"DEL08-SP";"UOP01-DEL08-SP"
379924;2021-08-28;"sábado";"20:25:00";"SC";101;201;"SAO JOSE";"Velocidade Incompatível";"Colisão traseira";"Com Vítimas Feridas";"Plena Noite";"Crescente";"Nublado";"Múltipla";"Reta";"Sim";2;0;1;1;0;0;2;2;-27,54836599;-48,61977975;"SPRF-SC";"DEL01-SC";"UOP01-DEL01-SC"
379925;2021-08-28;"sábado";"20:20:00";"ES";101;66;"SAO MATEUS";"Pedestre cruzava a pista fora da faixa";"Atropelamento de Pedestre";"Com Vítimas Feridas";"Plena Noite";"Crescente";"Nublado";"Múltipla";"Reta";"Sim";2;0;0;1;0;1;1;2;-18,7165195;-39,87436378;"SPRF-ES";"DEL04-ES";"UOP02-DEL04-ES"
379928;2021-08-28;"sábado";"20:40:00";"BA";415;49;"ITABUNA";"Ultrapassagem Indevida";"Colisão transversal";"Com Vítimas Feridas";"Plena Noite";"Decrescente";"Céu Claro";"Simples";"Interseção de Vias";"Sim";3;0;1;0;2;0;1;2;-14,821393;-39,30872;"SPRF-BA";"DEL05-BA";"UOP01-DEL05-BA"
379929;2021-08-28;"sábado";"21:00:00";"SE";101;95,5;"NOSSA SENHORA DO SOCORRO";"Ingestão de álcool e/ou substâncias psicoativas pelo pedestre";"Atropelamento de Pedestre";"Com Vítimas Feridas";"Plena Noite";"Decrescente";"Céu Claro";"Dupla";"Reta;Aclive";"Não";2;0;0;1;0;1;1;2;-10,91256274;-37,15981218;"SPRF-SE";"DEL02-SE";"UOP01-DEL02-SE"
379930;2021-08-28;"sábado";"19:00:00";"MG";262;47,7;"MANHUACU";"Avarias e/ou desgaste excessivo no pneu";"Saída de leito carroçável";"Com Vítimas Feridas";"Plena Noite";"Decrescente";"Nublado";"Simples";"Reta";"Não";1;0;1;0;0;0;1;1;-20,256748;-42,113142;"SPRF-MG";"DEL06-MG";"UOP03-DEL06-MG"
379932;2021-08-28;"sábado";"18:20:00";"RJ";40;121;"DUQUE DE CAXIAS";"Entrada inopinada do pedestre";"Atropelamento de Pedestre";"Com Vítimas Feridas";"Plena Noite";"Decrescente";"Céu Claro";"Múltipla";"Interseção de Vias";"Sim";2;0;1;0;1;0;1;2;-22,78185499;-43,28571273;"SPRF-RJ";"DEL01-RJ";"UOP01-DEL01-RJ"
379933;2021-08-28;"sábado";"19:00:00";"MS";359;208,8;"COXIM";"Animais na Pista";"Atropelamento de Animal";"Com Vítimas Feridas";"Plena Noite";"Crescente";"Nublado";"Simples";"Reta";"Não";4;0;1;0;3;0;1;1;-18,466048;-54,544413;"SPRF-MS";"DEL06-MS";"UOP01-DEL06-MS"
379934;2021-08-28;"sábado";"20:00:00";"MA";316;425;"PERITORO";"Pedestre andava na pista";"Atropelamento de Pedestre";"Com Vítimas Feridas";"Plena Noite";"Decrescente";"Céu Claro";"Simples";"Em Obras;Reta";"Sim";2;0;0;1;0;1;1;2;-4,374085;-44,332352;"SPRF-MA";"DEL03-MA";"UOP01-DEL03-MA"
379935;2021-08-28;"sábado";"15:50:00";"TO";153;432,1;"MIRACEMA DO TOCANTINS";"Velocidade Incompatível";"Saída de leito carroçável";"Com Vítimas Fatais";"Pleno dia";"Decrescente";"Céu Claro";"Simples";"Reta";"Não";4;1;3;0;0;0;3;1;-9,687;-48,66;"SPRF-TO";"DEL01-TO";"UOP01-DEL01-TO"
379936;2021-08-28;"sábado";"21:00:00";"MG";50;181,1;"UBERABA";"Ausência de reação do condutor";"Tombamento";"Com Vítimas Feridas";"Plena Noite";"Crescente";"Céu Claro";"Dupla";"Reta";"Sim";1;0;1;0;0;0;1;1;-19,785967;-47,916336;"SPRF-MG";"DEL13-MG";"UOP01-DEL13-MG"
379938;2021-08-28;"sábado";"21:45:00";"MG";364;27;"FRUTAL";"Iluminação deficiente";"Colisão traseira";"Com Vítimas Feridas";"Plena Noite";"Decrescente";"Céu Claro";"Dupla";"Rotatória";"Não";1;0;1;0;0;0;1;1;-20,025185;-48,94096;"SPRF-MG";"DEL13-MG";"UOP02-DEL13-MG"
379939;2021-08-28;"sábado";"21:20:00";"ES";262;148,5;"IBATIBA";"Ausência de reação do condutor";"Queda de ocupante de veículo";"Com Vítimas Feridas";"Plena Noite";"Crescente";"Céu Claro";"Simples";"Curva";"Não";2;0;1;0;0;1;1;2;-20,2155356;-41,42864625;"SPRF-ES";"DEL01-ES";"UOP02-DEL01-ES"
379940;2021-08-28;"sábado";"22:00:00";"MG";50;100,8;"UBERLANDIA";"Ausência de reação do condutor";"Saída de leito carroçável";"Com Vítimas Fatais";"Plena Noite";"Crescente";"Céu Claro";"Dupla";"Reta";"Não";1;1;0;0;0;0;0;1;-19,1360921;-48,17067835;"SPRF-MG";"DEL15-MG";"UOP01-DEL15-MG"
379943;2021-08-28;"sábado";"22:10:00";"SE";101;96;"NOSSA SENHORA DO SOCORRO";"Ingestão de álcool pelo condutor";"Colisão com objeto";"Sem Vítimas";"Plena Noite";"Decrescente";"Céu Claro";"Dupla";"Reta";"Não";1;0;0;0;1;0;0;1;-10,91774224;-37,16729183;"SPRF-SE";"DEL02-SE";"UOP01-DEL02-SE"
379945;2021-08-28;"sábado";"22:50:00";"PA";230;116,7;"MARABA";"Ingestão de álcool pelo condutor";"Colisão transversal";"Com Vítimas Feridas";"Plena Noite";"Crescente";"Céu Claro";"Dupla";"Reta";"Não";3;0;0;1;2;0;1;2;-5,36206692;-49,07936096;"SPRF-PA";"DEL03-PA";"UOP01-DEL03-PA"
379946;2021-08-28;"sábado";"19:30:00";"RJ";493;104;"ITAGUAI";"Velocidade Incompatível";"Saída de leito carroçável";"Com Vítimas Feridas";"Plena Noite";"Crescente";"Céu Claro";"Dupla";"Reta";"Não";1;0;1;0;0;0;1;1;-22,75428472;-43,72967279;"SPRF-RJ";"DEL03-RJ";"UOP01-DEL03-RJ"
379947;2021-08-28;"sábado";"22:30:00";"PR";376;615;"SAO JOSE DOS PINHAIS";"Velocidade Incompatível";"Colisão traseira";"Com Vítimas Feridas";"Plena Noite";"Decrescente";"Chuva";"Dupla";"Reta";"Sim";3;0;1;0;2;0;1;2;-25,569237;-49,183735;"SPRF-PR";"DEL01-PR";"UOP01-DEL01-PR"
379949;2021-08-28;"sábado";"22:30:00";"SP";116;74,5;"APARECIDA";"Ingestão de álcool pelo condutor";"Colisão traseira";"Sem Vítimas";"Plena Noite";"Decrescente";"Ignorado";"Dupla";"Interseção de Vias";"Não";2;0;0;0;2;0;0;2;-22,87353809;-45,25320023;"SPRF-SP";"DEL08-SP";"UOP01-DEL08-SP"