"id";"data_inversa";"dia_semana";"horario";"uf";"br";"km";"municipio";"causa_acidente";"tipo_acidente";"classificacao_acidente";"fase_dia";"sentido_via";"condicao_metereologica";"tipo_pista";"tracado_via";"uso_solo";"pessoas";"mortos";"feridos_leves";"feridos_graves";"ilesos";"ignorados";"feridos";"veiculos";"latitude";"longitude";"regional";"delegacia";"uop"
380053;2021-08-29;"domingo";"11:58:00";"RS";470;217;"BENTO GONCALVES";"Acessar a via sem observar a presença dos outros veículos";"Colisão transversal";"Com Vítimas Feridas";"Pleno dia";"Decrescente";"Chuva";"Dupla";"Rotatória";"Sim";2;0;2;0;0;0;2;2;-29,1750398;-51,52310014;"SPRF-RS";"DEL06-RS";"UOP01-DEL06-RS"
380054;2021-08-29;"domingo";"11:40:00";"PB";101;20,9;"MAMANGUAPE";"Velocidade Incompatível";"Colisão com objeto";"Com Vítimas Feridas";"Pleno dia";"Decrescente";"Nublado";"Dupla";"Curva";"Não";5;0;2;1;1;1;3;2;-6,66323695;-35,1143428;"SPRF-PB";"DEL01-PB";"UOP04-DEL01-PB"
380056;2021-08-29;"domingo";"10:25:00";"RJ";101;432;"MANGARATIBA";"Acumulo de água sobre o pavimento";"Capotamento";"Com Vítimas Feridas";"Pleno dia";"Decrescente";"Chuva";"Simples";"Reta";"Sim";2;0;0;1;1;0;1;1;-22,93697398;-44,03333187;"SPRF-RJ";"DEL03-RJ";"UOP03-DEL03-RJ"
380057;2021-08-15;"domingo";"20:40:00";"PR";153;46;"SANTO ANTONIO DA PLATINA";"Ingestão de álcool pelo condutor";"Colisão frontal";"Com Vítimas Feridas";"Plena Noite";"Crescente";"Céu Claro";"Simples";"Reta";"Não";6;0;2;1;3;0;3;2;-23,32838307;-50,06643649;"SPRF-PR";"DEL07-PR";"UOP04-DEL07-PR"
380059;2021-08-29;"domingo";"08:00:00";"SC";282;83;"ALFREDO WAGNER";"Velocidade Incompatível";"Saída de leito carroçável";"Sem Vítimas";"Pleno dia";"Decrescente";"Garoa/Chuvisco";"Simples";"Curva";"Não";1;0;0;0;1;0;0;1;-27,666153;-49,175022;"SPRF-SC";"DEL01-SC";"UOP03-DEL01-SC"
380060;2021-08-29;"domingo";"09:20:00";"PB";104;114,4;"LAGOA SECA";"Acessar a via sem observar a presença dos outros veículos";"Colisão transversal";"Com Vítimas Feridas";"Pleno dia";"Crescente";"Céu Claro";"Simples";"Reta";"Sim";2;0;2;0;0;0;2;2;-7,1620139;-35,85712429;"SPRF-PB";"DEL02-PB";"UOP04-DEL02-PB"
380061;2021-08-29;"domingo";"09:47:00";"SC";280;90,7;"CORUPA";"Velocidade Incompatível";"Colisão transversal";"Com Vítimas Feridas";"Pleno dia";"Crescente";"Nublado";"Simples";"Curva;Aclive";"Não";3;0;2;0;1;0;2;2;-26,407423;-49,283504;"SPRF-SC";"DEL06-SC";"UOP03-DEL06-SC"
380062;2021-08-29;"domingo";"11:05:00";"PE";101;141;"RIBEIRAO";"Acumulo de areia ou detritos sobre o pavimento";"Colisão com objeto";"Sem Vítimas";"Pleno dia";"Decrescente";"Chuva";"Múltipla";"Reta";"Não";1;0;0;0;1;0;0;1;-8,44013935;-35,33528377;"SPRF-PE";"DEL01-PE";"UOP01-DEL01-PE"
380065;2021-08-29;"domingo";"12:30:00";"PI";316;2,9;"TERESINA";"Condutor deixou de manter distância do veículo da frente";"Colisão traseira";"Com Vítimas Feridas";"Pleno dia";"Decrescente";"Céu Claro";"Dupla";"Reta";"Sim";2;0;1;0;1;0;1;2;-5,12477477;-42,79848465;"SPRF-PI";"DEL01-PI";"UOP02-DEL01-PI"
380066;2021-08-21;"sábado";"14:10:00";"PR";369;155,2;"LONDRINA";"Condutor deixou de manter distância do veículo da frente";"Engavetamento";"Com Vítimas Feridas";"Pleno dia";"Crescente";"Céu Claro";"Dupla";"Declive;Reta";"Sim";4;0;1;0;3;0;1;3;-23,293936;-51,211747;"SPRF-PR";"DEL07-PR";"UOP01-DEL07-PR"
380067;2021-08-29;"domingo";"12:30:00";"PI";343;48;"BURITI DOS LOPES";"Ingestão de álcool pelo condutor";"Colisão traseira";"Sem Vítimas";"Pleno dia";"Decrescente";"Céu Claro";"Simples";"Reta";"Sim";2;0;0;0;2;0;0;2;-3,174765;-41,86887;"SPRF-PI";"DEL05-PI";"UOP01-DEL05-PI"
380070;2021-08-29;"domingo";"12:30:00";"PR";277;40;"MORRETES";"Avarias e/ou desgaste excessivo no pneu";"Saída de leito carroçável";"Com Vítimas Feridas";"Pleno dia";"Crescente";"Garoa/Chuvisco";"Dupla";"Aclive;Curva";"Não";1;0;1;0;0;0;1;1;-25,57368831;-48,82659689;"SPRF-PR";"DEL01-PR";"UOP05-DEL01-PR"
380072;2021-08-29;"domingo";"09:40:00";"MS";163;821;"SONORA";"Ausência de reação do condutor";"Saída de leito carroçável";"Sem Vítimas";"Pleno dia";"Decrescente";"Chuva";"Simples";"Ponte";"Não";1;0;0;0;1;0;0;1;-17,74321101;-54,75549203;"SPRF-MS";"DEL06-MS";"UOP01-DEL06-MS"
380074;2021-08-29;"domingo";"13:00:00";"RJ";101;432;"MANGARATIBA";"Pista Escorregadia";"Saída de leito carroçável";"Com Vítimas Feridas";"Pleno dia";"Crescente";"Chuva";"Simples";"Curva";"Não";3;0;1;0;2;0;1;1;-22,93437472;-44,02919087;"SPRF-RJ";"DEL03-RJ";"UOP03-DEL03-RJ"
380076;2021-08-29;"domingo";"13:50:00";"AP";210;13;"MACAPA";"Condutor Dormindo";"Saída de leito carroçável";"Com Vítimas Feridas";"Pleno dia";"Decrescente";"Nublado";"Simples";"Curva";"Não";1;0;0;1;0;0;1;1;0,14168188;-51,1439583;"SPRF-AP";"DEL01-AP";"UOP01-DEL01-AP"
380077;2021-08-29;"domingo";"03:30:00";"MG";116;307;"ITAMBACURI";"Reação tardia ou ineficiente do condutor";"Colisão com objeto";"Sem Vítimas";"Plena Noite";"Crescente";"Nublado";"Simples";"Reta";"Não";1;0;0;0;1;0;0;1;-18,04670104;-41,66254208;"SPRF-MG";"DEL11-MG";"UOP01-DEL11-MG"
380078;2021-08-29;"domingo";"13:25:00";"GO";40;12;"LUZIANIA";"Ingestão de álcool pelo condutor";"Colisão lateral mesmo sentido";"Com Vítimas Feridas";"Pleno dia";"Crescente";"Céu Claro";"Dupla";"Reta";"Sim";2;0;0;1;1;0;1;2;-16,145123;-47,945382;"SPRF-DF";"DEL01-DF";"UOP01-DEL01-DF"
380079;2021-08-09;"segunda-feira";"18:30:00";"SC";470;248,3;"CURITIBANOS";"Transitar na contramão";"Colisão frontal";"Com Vítimas Feridas";"Plena Noite";"Crescente";"Céu Claro";"Simples";"Declive;Reta";"Sim";3;0;0;1;1;1;1;3;-27,31459386;-50,57141657;"SPRF-SC";"DEL05-SC";"UOP03-DEL05-SC"
380080;2021-08-29;"domingo";"14:30:00";"RN";101;85;"SAO GONCALO DO AMARANTE";"Reação tardia ou ineficiente do condutor";"Colisão traseira";"Com Vítimas Feridas";"Pleno dia";"Crescente";"Céu Claro";"Dupla";"Reta";"Não";2;0;0;1;1;0;1;2;-5,777664;-35,24937;"SPRF-RN";"DEL02-RN";"UOP01-DEL02-RN"
380081;2021-08-29;"domingo";"12:15:00";"RJ";40;108;"DUQUE DE CAXIAS";"Ausência de reação do condutor";"Colisão com objeto";"Com Vítimas Feridas";"Pleno dia";"Decrescente";"Céu Claro";"Simples";"Reta";"Sim";2;0;1;0;1;0;1;1;-22,66476979;-43,28495144;"SPRF-RJ";"DEL01-RJ";"UOP01-DEL01-RJ"
380083;2021-08-29;"domingo";"12:30:00";"AC";364;127;"RIO BRANCO";"Ausência de reação do condutor";"Queda de ocupante de veículo";"Com Vítimas Feridas";"Pleno dia";"Decrescente";"Céu Claro";"Simples";"Reta";"Sim";1;0;1;0;0;0;1;1;-10,01980906;-67,81433091;"SPRF-AC";"DEL01-AC";"UOP01-DEL01-AC"
380084;2021-08-29;"domingo";"13:55:00";"SC";101;46,1;"JOINVILLE";"Reação tardia ou ineficiente do condutor";"Colisão traseira";"Com Vítimas Feridas";"Pleno dia";"Crescente";"Céu Claro";"Dupla";"Reta";"Sim";3;0;1;0;1;1;1;3;-26,35912164;-48,85897994;"SPRF-SC";"DEL03-SC";"UOP01-DEL03-SC"
380086;2021-08-29;"domingo";"13:57:00";"CE";20;83,2;"TAUA";"Acessar a via sem observar a presença dos outros veículos";"Colisão transversal";"Com Vítimas Feridas";"Pleno dia";"Decrescente";"Céu Claro";"Simples";"Interseção de Vias";"Sim";3;0;1;2;0;0;3;2;-6,00585281;-40,28499842;"SPRF-CE";"DEL02-CE";"UOP02-DEL02-CE"
380088;2021-08-29;"domingo";"14:40:00";"PE";428;184,8;"PETROLINA";"Ingestão de álcool pelo condutor";"Colisão transversal";"Com Vítimas Feridas";"Pleno dia";"Crescente";"Sol";"Simples";"Reta;Interseção de Vias;Em Obras";"Sim";5;0;1;1;3;0;2;2;-9,34658227;-40,47358928;"SPRF-PE";"DEL06-PE";"UOP01-DEL06-PE"
380089;2021-08-29;"domingo";"15:00:00";"GO";40;10;"LUZIANIA";"Acessar a via sem observar a presença dos outros veículos";"Colisão lateral mesmo sentido";"Com Vítimas Feridas";"Pleno dia";"Crescente";"Céu Claro";"Dupla";"Reta";"Sim";2;0;1;0;1;0;1;2;-16,131285;-47,957923;"SPRF-DF";"DEL01-DF";"UOP01-DEL01-DF"
380091;2021-08-29;"domingo";"14:30:00";"BA";101;216;"MURITIBA";"Ingestão de álcool pelo condutor";"Colisão transversal";"Com Vítimas Feridas";"Pleno dia";"Decrescente";"Garoa/Chuvisco";"Simples";"Reta";"Sim";4;0;1;2;1;0;3;2;-12,63434;-39,09453;"SPRF-BA";"DEL01-BA";"UOP02-DEL01-BA"
380092;2021-08-29;"domingo";"14:26:00";"RJ";101;390;"RIO DE JANEIRO";"Reação tardia ou ineficiente do condutor";"Saída de leito carroçável";"Com Vítimas Feridas";"Pleno dia";"Decrescente";"Chuva";"Dupla";"Reta";"Não";4;0;2;2;0;0;4;1;-22,894325;-43,688581;"SPRF-RJ";"DEL01-RJ";"UOP01-DEL01-RJ"
380093;2021-08-29;"domingo";"02:00:00";"MA";135;30,8;"BACABEIRA";"Desvio temporário";"Saída de leito carroçável";"Com Vítimas Feridas";"Plena Noite";"Decrescente";"Céu Claro";"Dupla";"Reta";"Não";4;0;4;0;0;0;4;1;-2,804075;-44,37428121;"SPRF-MA";"DEL01-MA";"UOP01-DEL01-MA"
380095;2021-08-29;"domingo";"15:30:00";"SC";101;116;"ITAJAI";"Manobra de mudança de faixa";"Colisão lateral mesmo sentido";"Com Vítimas Feridas";"Pleno dia";"Decrescente";"Nublado";"Múltipla";"Reta";"Sim";2;0;1;0;1;0;1;2;-26,87905605;-48,72603512;"SPRF-SC";"DEL04-SC";"UOP04-DEL04-SC"
380096;2021-08-29;"domingo";"15:30:00";"RJ";101;304;"SAO GONCALO";"Ausência de reação do condutor";"Capotamento";"Sem Vítimas";"Pleno dia";"Decrescente";"Nublado";"Dupla";"Reta";"Sim";4;0;0;0;4;0;0;3;-22,78491869;-42,98627706;"SPRF-RJ";"DEL02-RJ";"UOP02-DEL02-RJ"
380098;2021-08-29;"domingo";"16:30:00";"MG";262;43,1;"MANHUACU";"Ingestão de álcool pelo condutor";"Capotamento";"Com Vítimas Feridas";"Pleno dia";"Decrescente";"Céu Claro";"Simples";"Curva";"Não";3;0;2;0;1;0;2;1;-20,26409492;-42,07800593;"SPRF-MG";"DEL06-MG";"UOP03-DEL06-MG"
380100;2021-08-29;"domingo";"16:00:00";"RJ";101;473;"ANGRA DOS REIS";"Acessar a via sem observar a presença dos outros veículos";"Colisão transversal";"Com Vítimas Feridas";"Pleno dia";"Decrescente";"Céu Claro";"Dupla";"Interseção de Vias";"Não";2;0;0;1;1;0;1;2;-22,98953;-44,24186;"SPRF-RJ";"DEL03-RJ";"UOP03-DEL03-RJ"
380101;2021-08-29;"domingo";"16:15:00";"GO";60;224,8;"CEZARINA";"Condutor Dormindo";"Saída de leito carroçável";"Com Vítimas Feridas";"Pleno dia";"Crescente";"Céu Claro";"Dupla";"Reta;Declive";"Não";4;0;2;2;0;0;4;1;-17,0064;-49,7729;"SPRF-GO";"DEL01-GO";"UOP02-DEL01-GO"
380102;2021-07-31;"sábado";"20:10:00";"ES";262;144,4;"MUNIZ FREIRE";"Ingestão de álcool pelo condutor";"Colisão lateral sentido oposto";"Sem Vítimas";"Plena Noite";"Decrescente";"Céu Claro";"Simples";"Interseção de Vias";"Sim";2;0;0;0;2;0;0;2;-20,23880893;-41,40054411;"SPRF-ES";"DEL01-ES";"UOP02-DEL01-ES"
380103;2021-08-29;"domingo";"16:45:00";"RS";470;225,6;"GARIBALDI";"Desrespeitar a preferência no cruzamento";"Colisão transversal";"Sem Vítimas";"Pleno dia";"Decrescente";"Céu Claro";"Simples";"Retorno Regulamentado";"Não";2;0;0;0;2;0;0;2;-29,24604124;-51,51610494;"SPRF-RS";"DEL06-RS";"UOP01-DEL06-RS"
380106;2021-08-29;"domingo";"15:15:00";"SC";282;565,2;"NOVA ERECHIM";"Ultrapassagem Indevida";"Colisão traseira";"Com Vítimas Feridas";"Pleno dia";"Decrescente";"Céu Claro";"Simples";"Declive";"Não";4;0;0;1;2;1;1;3;-26,89855;-52,87726;"SPRF-SC";"DEL07-SC";"UOP02-DEL07-SC"
380108;2021-08-29;"domingo";"16:45:00";"PI";316;2,5;"TERESINA";"Manobra de mudança de faixa";"Colisão lateral mesmo sentido";"Com Vítimas Feridas";"Pleno dia";"Decrescente";"Sol";"Múltipla";"Declive";"Sim";2;0;1;0;0;1;1;2;-5,12477477;-42,79848465;"SPRF-PI";"DEL01-PI";"UOP02-DEL01-PI"
380110;2021-07-10;"sábado";"04:45:00";"RO";425;96;"NOVA MAMORE";"Transitar na contramão";"Colisão frontal";"Com Vítimas Fatais";"Amanhecer";"Crescente";"Céu Claro";"Simples";"Reta";"Não";2;1;0;0;1;0;0;2;-10,37717;-65,320763;"SPRF-RO";"DEL01-RO";"UOP03-DEL01-RO"
380112;2021-08-29;"domingo";"16:20:00";"RS";290;92;"PORTO ALEGRE";"Velocidade Incompatível";"Saída de leito carroçável";"Com Vítimas Feridas";"Pleno dia";"Crescente";"Céu Claro";"Simples";"Curva";"Sim";2;0;1;0;1;0;1;1;-29,971916;-51,176838;"SPRF-RS";"DEL01-RS";"UOP01-DEL01-RS"
380113;2021-08-29;"domingo";"16:50:00";"PE";101;81;"JABOATAO DOS GUARARAPES";"Reação tardia ou ineficiente do condutor";"Tombamento";"Com Vítimas Feridas";"Pleno dia";"Decrescente";"Nublado";"Dupla";"Viaduto";"Sim";2;0;2;0;0;0;2;1;-8,17010655;-34,9374032;"SPRF-PE";"DEL01-PE";"UOP01-DEL01-PE"
380114;2021-08-29;"domingo";"17:20:00";"RS";448;14,7;"CANOAS";"Demais falhas mecânicas ou elétricas";"Tombamento";"Com Vítimas Feridas";"Anoitecer";"Decrescente";"Céu Claro";"Dupla";"Reta";"Sim";2;0;0;2;0;0;2;1;-29,924847;-51,225426;"SPRF-RS";"DEL01-RS";"UOP01-DEL01-RS"
380115;2021-08-29;"domingo";"18:00:00";"ES";262;17,7;"VIANA";"Condutor Dormindo";"Colisão traseira";"Com Vítimas Feridas";"Anoitecer";"Decrescente";"Céu Claro";"Simples";"Reta";"Sim";2;0;1;0;1;0;1;2;-20,38635961;-40,47272969;"SPRF-ES";"DEL01-ES";"UOP01-DEL01-ES"
380116;2021-08-29;"domingo";"18:05:00";"MG";40;635,3;"CONSELHEIRO LAFAIETE";"Ausência de reação do condutor";"Colisão traseira";"Com Vítimas Feridas";"Plena Noite";"Decrescente";"Céu Claro";"Simples";"Reta";"Não";5;0;4;1;0;0;5;2;-20,69796589;-43,79213914;"SPRF-MG";"DEL05-MG";"UOP02-DEL05-MG"
380117;2021-08-29;"domingo";"17:00:00";"MS";262;290;"CAMPO GRANDE";"Reação tardia ou ineficiente do condutor";"Colisão frontal";"Com Vítimas Fatais";"Anoitecer";"Crescente";"Céu Claro";"Simples";"Reta";"Não";6;2;1;3;0;0;4;2;-20,49384769;-54,2029271;"SPRF-MS";"DEL01-MS";"UOP01-DEL01-MS"
380119;2021-08-29;"domingo";"16:40:00";"PA";316;246;"CACHOEIRA DO PIRIA";"Condutor Dormindo";"Saída de leito carroçável";"Com Vítimas Fatais";"Pleno dia";"Decrescente";"Céu Claro";"Simples";"Reta";"Não";1;1;0;0;0;0;0;1;-1,76001913;-46,54489911;"SPRF-PA";"DEL01-PA";"UOP04-DEL01-PA"
380120;2021-08-29;"domingo";"18:15:00";"PI";316;305;"PICOS";"Velocidade Incompatível";"Colisão transversal";"Com Vítimas Feridas";"Plena Noite";"Decrescente";"Céu Claro";"Simples";"Reta";"Sim";2;0;0;2;0;0;2;2;-7,06858767;-41,50981752;"SPRF-PI";"DEL04-PI";"UOP01-DEL04-PI"
380122;2021-08-29;"domingo";"18:00:00";"ES";101;371;"ANCHIETA";"Ausência de reação do condutor";"Queda de ocupante de veículo";"Com Vítimas Feridas";"Plena Noite";"Crescente";"Céu Claro";"Simples";"Reta";"Não";1;0;1;0;0;0;1;1;-20,77035735;-40,76847015;"SPRF-ES";"DEL03-ES";"UOP01-DEL03-ES"
380123;2021-08-29;"domingo";"18:30:00";"ES";101;346;"GUARAPARI";"Condutor deixou de manter distância do veículo da frente";"Colisão traseira";"Com Vítimas Feridas";"Plena Noite";"Decrescente";"Céu Claro";"Simples";"Reta;Em Obras";"Não";3;0;0;1;1;1;1;2;-20,6572762;-40,6175371;"SPRF-ES";"DEL03-ES";"UOP01-DEL03-ES"
380125;2021-08-29;"domingo";"18:00:00";"RS";285;498,3;"ENTRE-IJUIS";"Acessar a via sem observar a presença dos outros veículos";"Colisão transversal";"Com Vítimas Feridas";"Anoitecer";"Crescente";"Céu Claro";"Simples";"Reta";"Não";3;0;2;0;1;0;2;2;-28,37841238;-54,2824173;"SPRF-RS";"DEL10-RS";"UOP01-DEL10-RS"
380126;2021-08-29;"domingo";"18:30:00";"RJ";393;295,4;"BARRA MANSA";"Transitar na contramão";"Colisão frontal";"Com Vítimas Feridas";"Plena Noite";"Decrescente";"Nublado";"Simples";"Reta";"Sim";6;0;6;0;0;0;6;2;-22,52257012;-44,11612629;"SPRF-RJ";"DEL07-RJ";"UOP02-DEL07-RJ"
380127;2021-08-29;"domingo";"18:45:00";"SC";101;209,2;"SAO JOSE";"Trafegar com motocicleta (ou similar) entre as faixas";"Colisão lateral mesmo sentido";"Com Vítimas Feridas";"Plena Noite";"Decrescente";"Nublado";"Dupla";"Em Obras";"Sim";2;0;1;0;0;1;1;2;-27,61000542;-48,63895057;"SPRF-SC";"DEL01-SC";"UOP01-DEL01-SC"
380129;2021-08-29;"domingo";"17:00:00";"DF";251;22;"BRASILIA";"Acesso irregular";"Colisão lateral mesmo sentido";"Com Vítimas Feridas";"Anoitecer";"Crescente";"Céu Claro";"Simples";"Reta";"Sim";2;0;0;1;1;0;1;2;-15,966973;-47,65575;"SPRF-DF";"DEL01-DF";"UOP01-DEL01-DF"
380131;2021-08-29;"domingo";"18:10:00";"SP";116;318;"JUQUITIBA";"Pedestre andava na pista";"Atropelamento de Pedestre";"Com Vítimas Fatais";"Plena Noite";"Decrescente";"Garoa/Chuvisco";"Dupla";"Reta";"Não";5;1;1;0;2;1;1;4;-23,92536222;-46,99376156;"SPRF-SP";"DEL04-SP";"UOP01-DEL04-SP"
380132;2021-08-29;"domingo";"18:55:00";"TO";230;143;"ARAGUATINS";"Ingestão de álcool pelo condutor";"Colisão traseira";"Com Vítimas Feridas";"Plena Noite";"Decrescente";"Céu Claro";"Simples";"Reta";"Não";4;0;3;0;1;0;3;2;-5,72195167;-48,14072792;"SPRF-TO";"DEL02-TO";"UOP03-DEL02-TO"
380133;2021-08-29;"domingo";"18:45:00";"RJ";116;177;"MESQUITA";"Chuva";"Colisão traseira";"Com Vítimas Feridas";"Plena Noite";"Decrescente";"Garoa/Chuvisco";"Múltipla";"Reta";"Sim";2;0;1;0;1;0;1;2;-22,78055198;-43,39208599;"SPRF-RJ";"DEL01-RJ";"UOP02-DEL01-RJ"
380134;2021-08-29;"domingo";"18:00:00";"RJ";493;21;"MAGE";"Reação tardia ou ineficiente do condutor";"Colisão frontal";"Com Vítimas Feridas";"Plena Noite";"Decrescente";"Chuva";"Simples";"Reta";"Sim";3;0;1;0;2;0;1;2;-22,66151289;-43,04480692;"SPRF-RJ";"DEL04-RJ";"UOP02-DEL04-RJ"
380137;2021-08-29;"domingo";"18:26:00";"SC";282;217;"LAGES";"Velocidade Incompatível";"Colisão com objeto";"Com Vítimas Feridas";"Plena Noite";"Decrescente";"Nublado";"Simples";"Viaduto";"Sim";1;0;0;1;0;0;1;1;-27,79767164;-50,29392421;"SPRF-SC";"DEL05-SC";"UOP01-DEL05-SC"
380138;2021-08-29;"domingo";"16:00:00";"PI";230;195;"OEIRAS";"Velocidade Incompatível";"Saída de leito carroçável";"Com Vítimas Feridas";"Pleno dia";"Crescente";"Céu Claro";"Simples";"Reta";"Sim";2;0;2;0;0;0;2;1;-6,99904236;-42,1126988;"SPRF-PI";"DEL04-PI";"UOP01-DEL04-PI"
380139;2021-08-29;"domingo";"18:30:00";"MT";163;989;"TERRA NOVA DO NORTE";"Ausência de reação do condutor";"Colisão traseira";"Com Vítimas Feridas";"Plena Noite";"Crescente";"Céu Claro";"Simples";"Reta";"Sim";2;0;1;0;0;1;1;2;-10,59689849;-55,09931825;"SPRF-MT";"DEL06-MT";"NPF/DEL06-MT"
380140;2021-08-29;"domingo";"19:20:00";"RJ";101;307,5;"SAO GONCALO";"Avarias e/ou desgaste excessivo no pneu";"Colisão traseira";"Com Vítimas Feridas";"Plena Noite";"Decrescente";"Garoa/Chuvisco";"Dupla";"Reta";"Não";3;0;1;0;1;1;1;2;-22,79115777;-43,01514205;"SPRF-RJ";"DEL02-RJ";"UOP02-DEL02-RJ"
380141;2021-07-24;"sábado";"20:30:00";"PI";235;419;"SANTA FILOMENA";"Transitar na contramão";"Colisão lateral sentido oposto";"Com Vítimas Fatais";"Plena Noite";"Crescente";"Céu Claro";"Simples";"Reta";"Não";2;1;0;0;1;0;0;2;-9,29223264;-45,58873871;"SPRF-PI";"DEL03-PI";"UOP02-DEL03-PI"
380143;2021-08-29;"domingo";"19:45:00";"ES";101;38;"CONCEICAO DA BARRA";"Mal súbito do condutor";"Saída de leito carroçável";"Com Vítimas Feridas";"Plena Noite";"Decrescente";"Céu Claro";"Simples";"Reta";"Não";4;0;4;0;0;0;4;1;-18,48261;-39,92379;"SPRF-ES";"DEL04-ES";"UOP02-DEL04-ES"
380146;2021-08-29;"domingo";"18:20:00";"BA";367;23,7;"PORTO SEGURO";"Acessar a via sem observar a presença dos outros veículos";"Colisão lateral mesmo sentido";"Com Vítimas Feridas";"Plena Noite";"Decrescente";"Céu Claro";"Simples";"Interseção de Vias";"Sim";3;0;1;1;1;0;2;2;-16,43785046;-39,08265179;"SPRF-BA";"DEL09-BA";"UOP01-DEL09-BA"
380147;2021-08-29;"domingo";"20:00:00";"RN";405;83;"APODI";"Reação tardia ou ineficiente do condutor";"Queda de ocupante de veículo";"Com Vítimas Feridas";"Plena Noite";"Crescente";"Céu Claro";"Simples";"Reta";"Não";1;0;0;1;0;0;1;1;-5,7055495;-37,8059534;"SPRF-RN";"DEL04-RN";"UOP02-DEL04-RN"
380149;2021-08-29;"domingo";"17:20:00";"MA";316;553;"CAXIAS";"Ingestão de álcool pelo condutor";"Saída de leito carroçável";"Com Vítimas Feridas";"Pleno dia";"Crescente";"Céu Claro";"Dupla";"Rotatória";"Sim";3;0;1;0;2;0;1;1;-4,877648;-43,338158;"SPRF-MA";"DEL03-MA";"UOP02-DEL03-MA"
380151;2021-08-29;"domingo";"21:10:00";"PR";369;187,6;"ARAPONGAS";"Ingestão de álcool pelo condutor";"Colisão com objeto";"Sem Vítimas";"Plena Noite";"Crescente";"Céu Claro";"Simples";"Reta";"Sim";1;0;0;0;1;0;0;1;-23,4290962;-51,422957;"SPRF-PR";"DEL07-PR";"UOP02-DEL07-PR"
380152;2021-08-29;"domingo";"18:20:00";"MS";262;60,9;"TRES LAGOAS";"Ausência de reação do condutor";"Colisão traseira";"Com Vítimas Feridas";"Plena Noite";"Decrescente";"Céu Claro";"Simples";"Reta";"Não";6;0;3;1;2;0;4;2;-20,71528406;-52,14631802;"SPRF-MS";"DEL07-MS";"UOP01-DEL07-MS"
380154;2021-08-29;"domingo";"19:55:00";"PI";343;187,9;"PIRIPIRI";"Acessar a via sem observar a presença dos outros veículos";"Colisão transversal";"Com Vítimas Feridas";"Plena Noite";"Decrescente";"Céu Claro";"Simples";"Curva";"Sim";3;0;1;0;2;0;1;2;-4,30774778;-41,77084565;"SPRF-PI";"DEL02-PI";"UOP01-DEL02-PI"
380155;2021-08-29;"domingo";"19:35:00";"MS";163;258,8;"DOURADOS";"Ausência de reação do condutor";"Tombamento";"Com Vítimas Fatais";"Plena Noite";"Crescente";"Céu Claro";"Dupla";"Reta";"Sim";1;1;0;0;0;0;0;1;-22,25482353;-54,77806807;"SPRF-MS";"DEL04-MS";"UOP01-DEL04-MS"
380156;2021-08-29;"domingo";"16:30:00";"DF";20;8;"BRASILIA";"Velocidade Incompatível";"Capotamento";"Com Vítimas Feridas";"Pleno dia";"Crescente";"Céu Claro";"Dupla";"Reta";"Sim";3;0;2;0;0;1;2;2;-15,658386;-47,791534;"SPRF-DF";"DEL02-DF";"UOP01-DEL02-DF"
380157;2021-08-29;"domingo";"20:00:00";"RO";364;343,4;"JI-PARANA";"Ausência de reação do condutor";"Colisão traseira";"Sem Vítimas";"Plena Noite";"Crescente";"Céu Claro";"Dupla";"Reta";"Sim";4;0;0;0;4;0;0;2;-10,87878519;-61,94499012;"SPRF-RO";"DEL02-RO";"UOP01-DEL02-RO"
380158;2021-08-29;"domingo";"17:25:00";"RS";472;462;"ITAQUI";"Reação tardia ou ineficiente do condutor";"Saída de leito carroçável";"Com Vítimas Feridas";"Pleno dia";"Crescente";"Céu Claro";"Simples";"Reta";"Não";2;0;2;0;0;0;2;1;-29,09663579;-56,27055321;"SPRF-RS";"DEL12-RS";"UOP01-DEL12-RS"
380159;2021-08-29;"domingo";"16:40:00";"MS";419;324,8;"NIOAQUE";"Avarias e/ou desgaste excessivo no pneu";"Tombamento";"Com Vítimas Feridas";"Pleno dia";"Decrescente";"Céu Claro";"Simples";"Reta";"Não";2;0;1;1;0;0;2;1;-21,10187105;-55,8131636;"SPRF-MS";"DEL03-MS";"UOP01-DEL03-MS"
380160;2021-08-29;"domingo";"19:20:00";"RJ";101;311;"SAO GONCALO";"Ausência de reação do condutor";"Engavetamento";"Com Vítimas Feridas";"Plena Noite";"Decrescente";"Chuva";"Dupla";"Reta";"Não";5;0;2;0;3;0;2;3;-22,80062246;-43,05318779;"SPRF-RJ";"DEL02-RJ";"UOP02-DEL02-RJ"
380162;2021-08-29;"domingo";"20:20:00";"MG";40;415,7;"CURVELO";"Ingestão de álcool pelo condutor";"Saída de leito carroçável";"Com Vítimas Feridas";"Plena Noite";"Decrescente";"Céu Claro";"Simples";"Reta";"Não";3;0;2;0;1;0;2;1;-19,14497555;-44,60882653;"SPRF-MG";"DEL02-MG";"UOP01-DEL02-MG"
380163;2021-08-29;"domingo";"20:50:00";"RJ";101;312;"SAO GONCALO";"Condutor deixou de manter distância do veículo da frente";"Colisão traseira";"Sem Vítimas";"Plena Noite";"Decrescente";"Chuva";"Dupla";"Reta";"Sim";2;0;0;0;2;0;0;2;-22,81347558;-43,0738467;"SPRF-RJ";"DEL02-RJ";"UOP02-DEL02-RJ"