"id";"data_inversa";"dia_semana";"horario";"uf";"br";"km";"municipio";"causa_acidente";"tipo_acidente";"classificacao_acidente";"fase_dia";"sentido_via";"condicao_metereologica";"tipo_pista";"tracado_via";"uso_solo";"pessoas";"mortos";"feridos_leves";"feridos_graves";"ilesos";"ignorados";"feridos";"veiculos";"latitude";"longitude";"regional";"delegacia";"uop"
380164;2021-08-29;"domingo";"18:45:00";"RO";364;342,5;"JI-PARANA";"Reação tardia ou ineficiente do condutor";"Colisão traseira";"Com Vítimas Feridas";"Plena Noite";"Crescente";"Céu Claro";"Dupla";"Reta";"Sim";3;0;1;0;2;0;1;2;-10,88381227;-61,93741416;"SPRF-RO";"DEL02-RO";"UOP01-DEL02-RO"
380165;2021-08-29;"domingo";"20:20:00";"PE";316;81;"OURICURI";"Ingestão de álcool pelo condutor";"Colisão traseira";"Com Vítimas Feridas";"Plena Noite";"Crescente";"Céu Claro";"Simples";"Reta";"Não";4;0;1;0;3;0;1;2;-7,86751496;-40,10182598;"SPRF-PE";"DEL05-PE";"UOP02-DEL05-PE"
380167;2021-08-29;"domingo";"21:45:00";"DF";70;8;"BRASILIA";"Ausência de reação do condutor";"Saída de leito carroçável";"Com Vítimas Feridas";"Plena Noite";"Decrescente";"Céu Claro";"Dupla";"Curva";"Sim";1;0;1;0;0;0;1;1;-15,784966;-48,122108;"SPRF-DF";"DEL03-DF";"UOP02-DEL03-DF"
380169;2021-08-29;"domingo";"22:00:00";"SC";101;208,1;"SAO JOSE";"Ingestão de álcool ou de substâncias psicoativas pelo pedestre";"Atropelamento de Pedestre";"Com Vítimas Feridas";"Plena Noite";"Decrescente";"Céu Claro";"Múltipla";"Curva;Em Obras;Declive";"Sim";2;0;2;0;0;0;2;2;-27,60327979;-48,63201818;"SPRF-SC";"DEL01-SC";"UOP01-DEL01-SC"
380170;2021-08-29;"domingo";"22:00:00";"SP";116;219;"GUARULHOS";"Velocidade Incompatível";"Tombamento";"Com Vítimas Feridas";"Plena Noite";"Crescente";"Ignorado";"Múltipla";"Reta";"Sim";3;0;1;0;2;0;1;3;-23,46143954;-46,48885316;"SPRF-SP";"DEL01-SP";"UOP01-DEL01-SP"
380171;2021-08-29;"domingo";"22:25:00";"BA";324;0,9;"FEIRA DE SANTANA";"Reação tardia ou ineficiente do condutor";"Colisão traseira";"Com Vítimas Feridas";"Plena Noite";"Decrescente";"Céu Claro";"Dupla";"Reta";"Sim";3;0;1;0;2;0;1;2;-12,27868103;-38,94078255;"SPRF-BA";"DEL02-BA";"UOP01-DEL02-BA"
380172;2021-08-29;"domingo";"18:22:00";"RJ";40;55;"PETROPOLIS";"Área urbana sem a presença de local apropriado para a travessia de pedestres";"Atropelamento de Pedestre";"Com Vítimas Fatais";"Plena Noite";"Decrescente";"Céu Claro";"Dupla";"Reta";"Sim";2;1;0;0;1;0;0;2;-22,35382783;-43,12184226;"SPRF-RJ";"DEL05-RJ";"UOP02-DEL05-RJ"
380173;2021-08-29;"domingo";"22:35:00";"MG";262;801;"UBERABA";"Ausência de reação do condutor";"Saída de leito carroçável";"Com Vítimas Feridas";"Plena Noite";"Crescente";"Céu Claro";"Dupla";"Reta";"Sim";2;0;1;0;0;1;1;2;-19,77920263;-47,955319;"SPRF-MG";"DEL13-MG";"UOP01-DEL13-MG"
380176;2021-08-29;"domingo";"13:50:00";"RJ";40;77;"PETROPOLIS";"Velocidade Incompatível";"Colisão com objeto";"Sem Vítimas";"Pleno dia";"Crescente";"Chuva";"Dupla";"Curva";"Não";2;0;0;0;2;0;0;1;-22,48005592;-43,23543994;"SPRF-RJ";"DEL06-RJ";"UOP01-DEL06-RJ"
380177;2021-08-29;"domingo";"23:00:00";"RN";304;277;"MACAIBA";"Transitar no acostamento";"Colisão traseira";"Com Vítimas Feridas";"Plena Noite";"Crescente";"Céu Claro";"Simples";"Reta";"Sim";2;0;1;0;0;1;1;2;-5,8842657;-35,51590794;"SPRF-RN";"DEL01-RN";"UOP02-DEL01-RN"
380180;2021-08-29;"domingo";"23:30:00";"GO";153;517;"APARECIDA DE GOIANIA";"Velocidade Incompatível";"Colisão com objeto";"Com Vítimas Feridas";"Plena Noite";"Crescente";"Nublado";"Dupla";"Reta";"Não";2;0;0;1;0;1;1;2;-16,8581;-49,2488;"SPRF-GO";"DEL01-GO";"UOP03-DEL01-GO"
380182;2021-08-29;"domingo";"22:50:00";"CE";222;314;"TIANGUA";"Velocidade Incompatível";"Saída de leito carroçável";"Com Vítimas Feridas";"Plena Noite";"Decrescente";"Céu Claro";"Simples";"Declive;Em Obras;Interseção de Vias";"Sim";1;0;1;0;0;0;1;1;-3,74380357;-41,00859087;"SPRF-CE";"DEL04-CE";"UOP02-DEL04-CE"
380184;2021-08-29;"domingo";"19:00:00";"PR";277;518,3;"GUARANIACU";"Pedestre cruzava a pista fora da faixa";"Atropelamento de Pedestre";"Sem Vítimas";"Plena Noite";"Crescente";"Céu Claro";"Simples";"Rotatória";"Sim";1;0;0;0;1;0;0;1;-25,11240772;-52,83208297;"SPRF-PR";"DEL04-PR";"UOP01-DEL04-PR"
380185;2021-08-29;"domingo";"23:07:00";"PI";316;303;"PICOS";"Reação tardia ou ineficiente do condutor";"Tombamento";"Com Vítimas Feridas";"Plena Noite";"Decrescente";"Céu Claro";"Simples";"Reta;Declive";"Não";2;0;0;2;0;0;2;1;-7,05788693;-41,52443595;"SPRF-PI";"DEL04-PI";"UOP01-DEL04-PI"
380187;2021-08-29;"domingo";"23:00:00";"PE";232;156;"TACAIMBO";"Animais na Pista";"Atropelamento de Animal";"Sem Vítimas";"Plena Noite";"Decrescente";"Nublado";"Simples";"Reta";"Não";1;0;0;0;1;0;0;1;-8,32936019;-36,21722099;"SPRF-PE";"DEL02-PE";"UOP03-DEL02-PE"
380188;2021-08-29;"domingo";"23:40:00";"CE";222;2,8;"FORTALEZA";"Condutor desrespeitou a iluminação vermelha do semáforo";"Colisão transversal";"Com Vítimas Feridas";"Plena Noite";"Crescente";"Céu Claro";"Simples";"Reta";"Sim";2;0;0;1;0;1;1;2;-3,73911117;-38,58687498;"SPRF-CE";"DEL01-CE";"UOP01-DEL01-CE"
380189;2021-08-30;"segunda-feira";"00:00:00";"ES";101;248;"SERRA";"Transitar na contramão";"Colisão lateral sentido oposto";"Com Vítimas Feridas";"Plena Noite";"Crescente";"Céu Claro";"Simples";"Reta";"Não";4;0;2;0;2;0;2;2;-20,06899842;-40,3614491;"SPRF-ES";"DEL02-ES";"UOP01-DEL02-ES"
380190;2021-08-29;"domingo";"23:50:00";"SC";101;141,3;"BALNEARIO CAMBORIU";"Velocidade Incompatível";"Colisão com objeto";"Sem Vítimas";"Plena Noite";"Crescente";"Nublado";"Simples";"Reta";"Não";1;0;0;0;0;1;0;1;-27,04761729;-48,59995855;"SPRF-SC";"DEL04-SC";"UOP03-DEL04-SC"
380191;2021-08-29;"domingo";"23:35:00";"MS";267;300;"RIO BRILHANTE";"Ingestão de álcool pelo condutor";"Saída de leito carroçável";"Com Vítimas Feridas";"Plena Noite";"Crescente";"Céu Claro";"Simples";"Reta";"Não";3;0;1;2;0;0;3;1;-21,74662793;-54,60589694;"SPRF-MS";"DEL02-MS";"UOP02-DEL02-MS"
380192;2021-08-29;"domingo";"23:55:00";"RS";386;144,9;"SARANDI";"Manobra de mudança de faixa";"Colisão frontal";"Sem Vítimas";"Plena Noite";"Crescente";"Céu Claro";"Simples";"Reta";"Não";3;0;0;0;2;1;0;2;-28,034508;-52,876628;"SPRF-RS";"DEL08-RS";"UOP01-DEL08-RS"
380193;2021-08-29;"domingo";"20:00:00";"SC";101;412;"ARARANGUA";"Condutor deixou de manter distância do veículo da frente";"Colisão traseira";"Com Vítimas Feridas";"Plena Noite";"Crescente";"Céu Claro";"Dupla";"Reta";"Sim";2;0;0;1;1;0;1;2;-28,939333;-49,497513;"SPRF-SC";"DEL02-SC";"UOP02-DEL02-SC"
380195;2021-08-30;"segunda-feira";"00:45:00";"RS";386;226,5;"MORMACO";"Ingestão de álcool pelo condutor";"Saída de leito carroçável";"Com Vítimas Feridas";"Plena Noite";"Crescente";"Céu Claro";"Simples";"Curva;Aclive";"Não";3;0;0;3;0;0;3;1;-28,671412;-52,609882;"SPRF-RS";"DEL04-RS";"UOP03-DEL04-RS"
380196;2021-08-29;"domingo";"22:00:00";"RO";364;270,4;"CACOAL";"Velocidade Incompatível";"Saída de leito carroçável";"Com Vítimas Fatais";"Plena Noite";"Decrescente";"Céu Claro";"Simples";"Reta";"Não";1;1;0;0;0;0;0;1;-11,381271;-61,7138286;"SPRF-RO";"DEL02-RO";"UOP02-DEL02-RO"
380197;2021-08-30;"segunda-feira";"00:35:00";"PR";369;199;"ARAPONGAS";"Animais na Pista";"Saída de leito carroçável";"Com Vítimas Feridas";"Plena Noite";"Crescente";"Céu Claro";"Simples";"Curva";"Sim";1;0;1;0;0;0;1;1;-23,52338527;-51,44313812;"SPRF-PR";"DEL07-PR";"UOP02-DEL07-PR"
380198;2021-08-29;"domingo";"23:55:00";"AC";364;121;"RIO BRANCO";"Reação tardia ou ineficiente do condutor";"Saída de leito carroçável";"Com Vítimas Feridas";"Plena Noite";"Crescente";"Céu Claro";"Dupla";"Reta";"Sim";1;0;1;0;0;0;1;1;-10,01191825;-67,77133226;"SPRF-AC";"DEL01-AC";"UOP01-DEL01-AC"
380200;2021-08-30;"segunda-feira";"00:55:00";"SC";282;575,1;"PINHALZINHO";"Ingestão de álcool pelo condutor";"Colisão traseira";"Com Vítimas Feridas";"Plena Noite";"Decrescente";"Céu Claro";"Simples";"Reta;Aclive";"Não";3;0;1;1;1;0;2;2;-26,869858;-52,96138;"SPRF-SC";"DEL07-SC";"UOP02-DEL07-SC"
380201;2021-08-29;"domingo";"23:50:00";"ES";262;105,9;"VENDA NOVA DO IMIGRANTE";"Conversão proibida";"Colisão frontal";"Com Vítimas Feridas";"Plena Noite";"Crescente";"Céu Claro";"Simples";"Reta";"Sim";3;0;2;1;0;0;3;2;-20,32620639;-41,14442285;"SPRF-ES";"DEL01-ES";"UOP02-DEL01-ES"
380203;2021-08-30;"segunda-feira";"01:00:00";"MS";262;410;"TERENOS";"Ausência de reação do condutor";"Saída de leito carroçável";"Com Vítimas Feridas";"Plena Noite";"Crescente";"Céu Claro";"Simples";"Reta";"Não";4;0;1;2;1;0;3;1;-20,44007092;-55,11428302;"SPRF-MS";"DEL01-MS";"UOP03-DEL01-MS"
380205;2021-08-30;"segunda-feira";"03:00:00";"SP";116;279;"EMBU DAS ARTES";"Velocidade Incompatível";"Colisão com objeto";"Com Vítimas Feridas";"Plena Noite";"Crescente";"Chuva";"Dupla";"Curva";"Sim";1;0;1;0;0;0;1;1;-23,66233697;-46,85292907;"SPRF-SP";"DEL04-SP";"UOP01-DEL04-SP"
380208;2021-08-30;"segunda-feira";"05:30:00";"SC";101;196;"BIGUACU";"Ingestão de álcool pelo condutor";"Saída de leito carroçável";"Com Vítimas Feridas";"Plena Noite";"Decrescente";"Garoa/Chuvisco";"Múltipla";"Reta";"Sim";2;0;1;1;0;0;2;1;-27,51101091;-48,64322292;"SPRF-SC";"DEL01-SC";"UOP01-DEL01-SC"
380213;2021-08-30;"segunda-feira";"06:20:00";"SP";116;306,4;"SAO LOURENCO DA SERRA";"Chuva";"Saída de leito carroçável";"Com Vítimas Feridas";"Pleno dia";"Decrescente";"Chuva";"Dupla";"Declive";"Não";2;0;1;0;1;0;1;1;-23,8486091;-46,93801566;"SPRF-SP";"DEL04-SP";"UOP01-DEL04-SP"
380214;2021-08-30;"segunda-feira";"06:00:00";"ES";393;2,2;"CACHOEIRO DE ITAPEMIRIM";"Pista Escorregadia";"Queda de ocupante de veículo";"Com Vítimas Feridas";"Pleno dia";"Decrescente";"Nublado";"Simples";"Rotatória";"Sim";1;0;1;0;0;0;1;1;-20,83242503;-41,17491003;"SPRF-ES";"DEL03-ES";"UOP02-DEL03-ES"
380215;2021-08-30;"segunda-feira";"03:50:00";"PI";316;56;"MONSENHOR GIL";"Reação tardia ou ineficiente do condutor";"Saída de leito carroçável";"Com Vítimas Feridas";"Plena Noite";"Crescente";"Céu Claro";"Simples";"Reta";"Não";1;0;1;0;0;0;1;1;-5,54323473;-42,62283776;"SPRF-PI";"DEL01-PI";"UOP02-DEL01-PI"
380216;2021-08-30;"segunda-feira";"05:40:00";"SC";470;126;"LONTRAS";"Demais falhas mecânicas ou elétricas";"Incêndio";"Sem Vítimas";"Plena Noite";"Decrescente";"Nublado";"Simples";"Reta";"Não";1;0;0;0;0;1;0;1;-27,129;-49,538277;"SPRF-SC";"DEL04-SC";"UOP02-DEL04-SC"
380218;2021-08-30;"segunda-feira";"05:00:00";"SE";101;93,5;"NOSSA SENHORA DO SOCORRO";"Demais falhas na via";"Saída de leito carroçável";"Sem Vítimas";"Plena Noite";"Decrescente";"Ignorado";"Dupla";"Retorno Regulamentado";"Sim";1;0;0;0;0;1;0;1;-10,9037944;-37,14765072;"SPRF-SE";"DEL01-SE";"UOP01-DEL01-SE"
380220;2021-08-30;"segunda-feira";"06:30:00";"ES";101;345;"GUARAPARI";"Mal súbito do condutor";"Saída de leito carroçável";"Sem Vítimas";"Pleno dia";"Crescente";"Nublado";"Simples";"Reta";"Não";1;0;0;0;1;0;0;1;-20,66063026;-40,60867306;"SPRF-ES";"DEL03-ES";"UOP01-DEL03-ES"
380222;2021-08-30;"segunda-feira";"06:50:00";"MG";40;41,8;"PARACATU";"Acessar a via sem observar a presença dos outros veículos";"Atropelamento de Pedestre";"Com Vítimas Feridas";"Pleno dia";"Decrescente";"Céu Claro";"Simples";"Reta";"Sim";2;0;2;0;0;0;2;2;-17,21271307;-46,87295209;"SPRF-MG";"DEL14-MG";"UOP01-DEL14-MG"
380223;2021-08-30;"segunda-feira";"06:35:00";"SP";381;61;"MAIRIPORA";"Pista Escorregadia";"Engavetamento";"Sem Vítimas";"Amanhecer";"Crescente";"Chuva";"Dupla";"Curva;Declive";"Não";4;0;0;0;4;0;0;4;-23,29011611;-46,5800681;"SPRF-SP";"DEL03-SP";"UOP01-DEL03-SP"
380224;2021-08-30;"segunda-feira";"06:45:00";"PR";476;143;"CURITIBA";"Demais falhas mecânicas ou elétricas";"Queda de ocupante de veículo";"Com Vítimas Feridas";"Pleno dia";"Crescente";"Céu Claro";"Dupla";"Curva";"Não";1;0;1;0;0;0;1;1;-25,543802;-49,305328;"SPRF-PR";"DEL01-PR";"UOP01-DEL01-PR"
380225;2021-08-30;"segunda-feira";"07:10:00";"GO";40;8,5;"LUZIANIA";"Condutor deixou de manter distância do veículo da frente";"Tombamento";"Com Vítimas Feridas";"Pleno dia";"Decrescente";"Nublado";"Dupla";"Reta";"Sim";1;0;0;1;0;0;1;1;-16,116158;-47,96761;"SPRF-DF";"DEL01-DF";"UOP01-DEL01-DF"
380226;2021-08-30;"segunda-feira";"07:10:00";"CE";222;3,8;"CAUCAIA";"Condutor deixou de manter distância do veículo da frente";"Colisão traseira";"Com Vítimas Feridas";"Pleno dia";"Decrescente";"Céu Claro";"Múltipla";"Reta";"Sim";2;0;1;0;1;0;1;2;-3,74116608;-38,60124707;"SPRF-CE";"DEL01-CE";"UOP01-DEL01-CE"
380227;2021-08-30;"segunda-feira";"07:15:00";"SP";153;64,4;"SAO JOSE DO RIO PRETO";"Ausência de reação do condutor";"Tombamento";"Com Vítimas Feridas";"Pleno dia";"Decrescente";"Céu Claro";"Dupla";"Reta;Interseção de Vias";"Sim";1;0;1;0;0;0;1;1;-20,83198069;-49,3627739;"SPRF-SP";"DEL09-SP";"UOP01-DEL09-SP"
380229;2021-08-30;"segunda-feira";"06:00:00";"RJ";116;135;"MAGE";"Entrada inopinada do pedestre";"Atropelamento de Pedestre";"Com Vítimas Fatais";"Pleno dia";"Crescente";"Céu Claro";"Dupla";"Reta";"Não";2;1;0;0;1;0;0;2;-22,646273;-43,208048;"SPRF-RJ";"DEL04-RJ";"UOP02-DEL04-RJ"
380231;2021-08-30;"segunda-feira";"07:10:00";"RS";158;311,8;"ITAARA";"Acessar a via sem observar a presença dos outros veículos";"Colisão transversal";"Sem Vítimas";"Pleno dia";"Decrescente";"Céu Claro";"Simples";"Reta";"Sim";2;0;0;0;2;0;0;2;-29,6209699;-53,76833037;"SPRF-RS";"DEL09-RS";"UOP01-DEL09-RS"
380232;2021-08-30;"segunda-feira";"05:50:00";"SP";153;46;"SAO JOSE DO RIO PRETO";"Reação tardia ou ineficiente do condutor";"Colisão frontal";"Com Vítimas Feridas";"Amanhecer";"Crescente";"Céu Claro";"Simples";"Reta";"Não";2;0;1;0;1;0;1;2;-20,672985;-49,340477;"SPRF-SP";"DEL09-SP";"UOP01-DEL09-SP"
380233;2021-08-29;"domingo";"04:10:00";"BA";324;539;"AMELIA RODRIGUES";"Transitar na contramão";"Colisão lateral sentido oposto";"Com Vítimas Feridas";"Amanhecer";"Crescente";"Céu Claro";"Dupla";"Reta";"Não";3;0;2;0;1;0;2;2;-12,37995647;-38,79955259;"SPRF-BA";"DEL01-BA";"UOP03-DEL01-BA"
380234;2021-08-30;"segunda-feira";"07:30:00";"RN";304;106,4;"ACU";"Conversão proibida";"Colisão transversal";"Sem Vítimas";"Pleno dia";"Decrescente";"Céu Claro";"Simples";"Reta;Interseção de Vias";"Não";2;0;0;0;2;0;0;2;-5,588213;-36,968258;"SPRF-RN";"DEL04-RN";"UOP01-DEL04-RN"
380236;2021-07-30;"sexta-feira";"17:40:00";"PE";232;102;"BEZERROS";"Acessar a via sem observar a presença dos outros veículos";"Colisão frontal";"Com Vítimas Feridas";"Anoitecer";"Decrescente";"Céu Claro";"Múltipla";"Rotatória";"Não";2;0;1;0;1;0;1;2;-8,24710671;-35,75844018;"SPRF-PE";"DEL02-PE";"UOP02-DEL02PE"
380237;2021-08-30;"segunda-feira";"08:15:00";"CE";116;6,7;"FORTALEZA";"Manobra de mudança de faixa";"Colisão lateral mesmo sentido";"Com Vítimas Feridas";"Pleno dia";"Crescente";"Céu Claro";"Simples";"Reta";"Sim";1;0;1;0;0;0;1;1;-3,802624;-38,50400499;"SPRF-CE";"DEL01-CE";"UOP02-DEL01-CE"
380239;2021-08-30;"segunda-feira";"07:10:00";"SC";470;133,2;"RIO DO SUL";"Desrespeitar a preferência no cruzamento";"Colisão transversal";"Com Vítimas Feridas";"Pleno dia";"Decrescente";"Nublado";"Simples";"Reta";"Sim";4;0;1;0;3;0;1;3;-27,17253676;-49,58314419;"SPRF-SC";"DEL04-SC";"UOP02-DEL04-SC"
380240;2021-08-30;"segunda-feira";"07:30:00";"PE";428;187,9;"PETROLINA";"Demais falhas mecânicas ou elétricas";"Colisão traseira";"Com Vítimas Feridas";"Pleno dia";"Crescente";"Céu Claro";"Simples";"Rotatória;Reta";"Sim";4;0;2;1;1;0;3;3;-9,37399419;-40,48808371;"SPRF-PE";"DEL06-PE";"UOP01-DEL06-PE"
380241;2021-08-30;"segunda-feira";"08:10:00";"PR";277;104;"CAMPO LARGO";"Ausência de reação do condutor";"Colisão traseira";"Com Vítimas Feridas";"Pleno dia";"Decrescente";"Céu Claro";"Dupla";"Reta";"Sim";3;0;0;1;2;0;1;2;-25,49678798;-49,3426549;"SPRF-PR";"DEL01-PR";"UOP01-DEL01-PR"
380242;2021-08-30;"segunda-feira";"08:20:00";"RS";293;23;"CAPAO DO LEAO";"Ingestão de álcool pelo condutor";"Saída de leito carroçável";"Com Vítimas Feridas";"Pleno dia";"Crescente";"Céu Claro";"Simples";"Reta";"Não";2;0;2;0;0;0;2;1;-31,73422691;-52,55180698;"SPRF-RS";"DEL07-RS";"UOP01-DEL07-RS"
380244;2021-08-30;"segunda-feira";"08:10:00";"SC";101;435,5;"SOMBRIO";"Ultrapassagem Indevida";"Colisão lateral mesmo sentido";"Com Vítimas Feridas";"Pleno dia";"Decrescente";"Nublado";"Múltipla";"Rotatória";"Sim";2;0;1;0;1;0;1;2;-29,1113758;-49,63829041;"SPRF-SC";"DEL02-SC";"UOP02-DEL02-SC"
380245;2021-08-30;"segunda-feira";"07:40:00";"RJ";101;466;"ANGRA DOS REIS";"Pista Escorregadia";"Queda de ocupante de veículo";"Com Vítimas Feridas";"Pleno dia";"Crescente";"Garoa/Chuvisco";"Simples";"Curva";"Sim";1;0;1;0;0;0;1;1;-23,01090507;-44,20795621;"SPRF-RJ";"DEL03-RJ";"UOP03-DEL03-RJ"
380246;2021-08-30;"segunda-feira";"08:22:00";"SP";116;71;"APARECIDA";"Reação tardia ou ineficiente do condutor";"Queda de ocupante de veículo";"Com Vítimas Feridas";"Pleno dia";"Crescente";"Sol";"Simples";"Declive";"Sim";1;0;1;0;0;0;1;1;-22,85651665;-45,23114328;"SPRF-SP";"DEL08-SP";"UOP01-DEL08-SP"
380247;2021-08-30;"segunda-feira";"08:28:00";"MA";135;15;"SAO LUIS";"Acessar a via sem observar a presença dos outros veículos";"Colisão transversal";"Com Vítimas Feridas";"Pleno dia";"Crescente";"Céu Claro";"Simples";"Reta";"Não";3;0;1;0;1;1;1;3;-2,53073;-44,3068;"SPRF-MA";"DEL01-MA";"UOP01-DEL01-MA"
380248;2021-08-30;"segunda-feira";"08:15:00";"PE";232;6,1;"RECIFE";"Reação tardia ou ineficiente do condutor";"Colisão lateral mesmo sentido";"Com Vítimas Feridas";"Pleno dia";"Decrescente";"Céu Claro";"Dupla";"Reta";"Não";2;0;1;0;1;0;1;2;-8,07333497;-34,96184301;"SPRF-PE";"DEL01-PE";"UOP01-DEL01-PE"
380249;2021-08-30;"segunda-feira";"09:00:00";"SC";282;16,3;"PALHOCA";"Manobra de mudança de faixa";"Colisão frontal";"Com Vítimas Feridas";"Pleno dia";"Crescente";"Garoa/Chuvisco";"Simples";"Interseção de Vias";"Sim";3;0;3;0;0;0;3;2;-27,658611;-48,681847;"SPRF-SC";"DEL01-SC";"UOP02-DEL01-SC"
380250;2021-08-30;"segunda-feira";"08:30:00";"ES";101;143;"LINHARES";"Ingestão de álcool pelo condutor";"Saída de leito carroçável";"Com Vítimas Feridas";"Pleno dia";"Crescente";"Chuva";"Simples";"Reta";"Não";1;0;1;0;0;0;1;1;-19,34286596;-40,0638568;"SPRF-ES";"DEL04-ES";"UOP01-DEL04-ES"
380253;2021-08-22;"domingo";"23:45:00";"MA";135;6,7;"SAO LUIS";"Retorno proibido";"Colisão transversal";"Com Vítimas Feridas";"Plena Noite";"Decrescente";"Céu Claro";"Dupla";"Aclive;Reta";"Sim";4;0;0;1;2;1;1;3;-2,634832;-44,267314;"SPRF-MA";"DEL01-MA";"UOP01-DEL01-MA"
380254;2021-08-15;"domingo";"18:00:00";"PB";230;496,9;"CAJAZEIRAS";"Reação tardia ou ineficiente do condutor";"Colisão traseira";"Com Vítimas Feridas";"Anoitecer";"Crescente";"Céu Claro";"Simples";"Reta";"Não";3;0;0;1;1;1;1;3;-6,8886;-38,4755;"SPRF-PB";"DEL03-PB";"UOP03-DEL03-PB"
380256;2021-08-30;"segunda-feira";"09:05:00";"RS";386;332,4;"MARQUES DE SOUZA";"Obras na pista";"Tombamento";"Com Vítimas Feridas";"Pleno dia";"Decrescente";"Céu Claro";"Simples";"Reta";"Não";1;0;1;0;0;0;1;1;-29,363659;-52,065296;"SPRF-RS";"DEL04-RS";"UOP01-DEL04-RS"
380258;2021-08-30;"segunda-feira";"07:15:00";"TO";153;722,5;"FIGUEIROPOLIS";"Reação tardia ou ineficiente do condutor";"Colisão transversal";"Com Vítimas Feridas";"Pleno dia";"Decrescente";"Céu Claro";"Simples";"Reta";"Não";2;0;1;1;0;0;2;2;-12,13719423;-49,16925477;"SPRF-TO";"DEL01-TO";"UOP02-DEL01-TO"
380260;2021-08-30;"segunda-feira";"09:50:00";"ES";101;423,2;"ITAPEMIRIM";"Acumulo de água sobre o pavimento";"Tombamento";"Com Vítimas Feridas";"Pleno dia";"Crescente";"Chuva";"Simples";"Curva";"Não";1;0;1;0;0;0;1;1;-20,99061156;-41,12148285;"SPRF-ES";"DEL03-ES";"UOP02-DEL03-ES"
380261;2021-08-30;"segunda-feira";"09:45:00";"SC";470;88;"ASCURRA";"Acessar a via sem observar a presença dos outros veículos";"Colisão lateral mesmo sentido";"Com Vítimas Feridas";"Pleno dia";"Crescente";"Garoa/Chuvisco";"Simples";"Reta";"Não";2;0;1;0;1;0;1;2;-26,955355;-49,373169;"SPRF-SC";"DEL04-SC";"UOP01-DEL04-SC"
380262;2021-08-30;"segunda-feira";"09:40:00";"SP";116;385;"MIRACATU";"Demais falhas mecânicas ou elétricas";"Saída de leito carroçável";"Sem Vítimas";"Pleno dia";"Decrescente";"Céu Claro";"Dupla";"Reta";"Não";1;0;0;0;1;0;0;1;-24,254993;-47,375412;"SPRF-SP";"DEL04-SP";"UOP02-DEL04-SP"
380266;2021-08-30;"segunda-feira";"10:00:00";"PR";376;651,3;"TIJUCAS DO SUL";"Velocidade Incompatível";"Colisão com objeto";"Com Vítimas Feridas";"Pleno dia";"Decrescente";"Garoa/Chuvisco";"Dupla";"Curva;Declive";"Não";4;0;1;0;3;0;1;1;-25,84590919;-49,06796694;"SPRF-PR";"DEL01-PR";"UOP04-DEL01-PR"
380267;2021-08-26;"quinta-feira";"18:00:00";"SC";282;3,7;"FLORIANOPOLIS";"Condutor deixou de manter distância do veículo da frente";"Colisão traseira";"Sem Vítimas";"Plena Noite";"Crescente";"Céu Claro";"Múltipla";"Reta";"Sim";4;0;0;0;1;3;0;3;-27,600384;-48,599705;"SPRF-SC";"DEL01-SC";"UOP01-DEL01-SC"
380268;2021-08-30;"segunda-feira";"10:30:00";"PR";369;128,4;"JATAIZINHO";"Ultrapassagem Indevida";"Colisão lateral mesmo sentido";"Com Vítimas Feridas";"Pleno dia";"Crescente";"Céu Claro";"Dupla";"Reta";"Não";2;0;1;0;1;0;1;2;-23,265023;-50,972267;"SPRF-PR";"DEL07-PR";"UOP01-DEL07-PR"
380269;2021-07-18;"domingo";"18:20:00";"BA";242;204;"ITABERABA";"Ultrapassagem Indevida";"Colisão frontal";"Com Vítimas Feridas";"Plena Noite";"Crescente";"Vento";"Simples";"Reta";"Não";4;0;2;1;1;0;3;2;-12,52049084;-40,086042;"SPRF-BA";"DEL06-BA";"UOP02-DEL06-BA"
380270;2021-08-30;"segunda-feira";"09:45:00";"SC";153;100,2;"CONCORDIA";"Manobra de mudança de faixa";"Colisão transversal";"Com Vítimas Feridas";"Pleno dia";"Decrescente";"Céu Claro";"Simples";"Reta";"Sim";2;0;0;1;1;0;1;2;-27,242643;-51,95171;"SPRF-SC";"DEL07-SC";"UOP04-DEL07-SC"
380272;2021-08-30;"segunda-feira";"11:18:00";"CE";230;54,1;"LAVRAS DA MANGABEIRA";"Conversão proibida";"Colisão frontal";"Com Vítimas Feridas";"Pleno dia";"Decrescente";"Céu Claro";"Simples";"Interseção de Vias";"Não";2;0;1;0;1;0;1;2;-6,76929483;-39,08981681;"SPRF-CE";"DEL05-CE";"UOP01-DEL05-CE"
380274;2021-08-30;"segunda-feira";"11:15:00";"TO";153;140,5;"ARAGUAINA";"Condutor deixou de manter distância do veículo da frente";"Colisão traseira";"Com Vítimas Feridas";"Pleno dia";"Decrescente";"Céu Claro";"Dupla";"Reta";"Sim";2;0;0;1;1;0;1;2;-7,169616;-48,21328;"SPRF-TO";"DEL02-TO";"UOP01-DEL02-TO"