"id";"data_inversa";"dia_semana";"horario";"uf";"br";"km";"municipio";"causa_acidente";"tipo_acidente";"classificacao_acidente";"fase_dia";"sentido_via";"condicao_metereologica";"tipo_pista";"tracado_via";"uso_solo";"pessoas";"mortos";"feridos_leves";"feridos_graves";"ilesos";"ignorados";"feridos";"veiculos";"latitude";"longitude";"regional";"delegacia";"uop"
380277;2021-06-08;"terça-feira";"06:50:00";"RO";364;11,2;"VILHENA";"Reação tardia ou ineficiente do condutor";"Queda de ocupante de veículo";"Com Vítimas Feridas";"Pleno dia";"Crescente";"Céu Claro";"Dupla";"Rotatória";"Sim";1;0;0;1;0;0;1;1;-12,74605898;-60,11270299;"SPRF-RO";"DEL04-RO";"UOP01-DEL04-RO"
380278;2021-06-04;"sexta-feira";"18:20:00";"MG";50;85,9;"UBERLANDIA";"Ausência de reação do condutor";"Queda de ocupante de veículo";"Com Vítimas Feridas";"Plena Noite";"Crescente";"Céu Claro";"Dupla";"Retorno Regulamentado";"Não";1;0;1;0;0;0;1;1;-19,00488399;-48,20910294;"SPRF-MG";"DEL15-MG";"UOP01-DEL15-MG"
380280;2021-08-30;"segunda-feira";"09:29:00";"RJ";101;282;"ITABORAI";"Ausência de reação do condutor";"Saída de leito carroçável";"Com Vítimas Feridas";"Pleno dia";"Crescente";"Chuva";"Dupla";"Reta";"Não";1;0;1;0;0;0;1;1;-22,7371391;-42,79664601;"SPRF-RJ";"DEL02-RJ";"UOP03-DEL02-RJ"
380282;2021-08-30;"segunda-feira";"12:20:00";"RS";285;293,8;"PASSO FUNDO";"Condutor deixou de manter distância do veículo da frente";"Colisão traseira";"Com Vítimas Feridas";"Pleno dia";"Crescente";"Céu Claro";"Simples";"Retorno Regulamentado";"Sim";2;0;1;0;1;0;1;2;-28,236645;-52,375156;"SPRF-RS";"DEL08-RS";"UOP03-DEL08-RS"
380283;2021-08-30;"segunda-feira";"12:10:00";"PI";316;11,2;"TERESINA";"Desrespeitar a preferência no cruzamento";"Colisão transversal";"Com Vítimas Feridas";"Pleno dia";"Crescente";"Sol";"Múltipla";"Rotatória;Em Obras;Viaduto";"Sim";2;0;1;0;1;0;1;2;-5,191739;-42,76076102;"SPRF-PI";"DEL01-PI";"UOP02-DEL01-PI"
380284;2021-08-05;"quinta-feira";"03:00:00";"RS";386;203;"VICTOR GRAEFF";"Reação tardia ou ineficiente do condutor";"Saída de leito carroçável";"Sem Vítimas";"Plena Noite";"Crescente";"Céu Claro";"Simples";"Reta";"Não";1;0;0;0;1;0;0;1;-28,482983;-52,650253;"SPRF-RS";"DEL04-RS";"UOP03-DEL04-RS"
380286;2021-08-30;"segunda-feira";"12:20:00";"RJ";101;59;"CAMPOS DOS GOYTACAZES";"Reação tardia ou ineficiente do condutor";"Colisão traseira";"Com Vítimas Feridas";"Pleno dia";"Crescente";"Chuva";"Simples";"Reta";"Sim";4;0;2;0;2;0;2;1;-21,71366497;-41,30861915;"SPRF-RJ";"DEL08-RJ";"UOP01-DEL08-RJ"
380287;2021-08-30;"segunda-feira";"12:15:00";"SC";101;190,8;"BIGUACU";"Velocidade Incompatível";"Saída de leito carroçável";"Com Vítimas Feridas";"Pleno dia";"Crescente";"Chuva";"Dupla";"Curva";"Sim";1;0;0;1;0;0;1;1;-27,468056;-48,641712;"SPRF-SC";"DEL01-SC";"UOP01-DEL01-SC"
380289;2021-08-30;"segunda-feira";"13:00:00";"PE";232;180,5;"BELO JARDIM";"Manobra de mudança de faixa";"Colisão frontal";"Com Vítimas Feridas";"Pleno dia";"Decrescente";"Céu Claro";"Simples";"Reta";"Sim";3;0;1;0;2;0;1;2;-8,34449745;-36,4288801;"SPRF-PE";"DEL02-PE";"UOP03-DEL02-PE"
380290;2021-08-30;"segunda-feira";"08:00:00";"GO";60;315;"ACREUNA";"Problema com o freio";"Saída de leito carroçável";"Com Vítimas Feridas";"Pleno dia";"Crescente";"Céu Claro";"Dupla";"Reta";"Não";1;0;1;0;0;0;1;1;-17,4502;-50,4316;"SPRF-GO";"DEL04-GO";"UOP01-DEL04-GO"
380291;2021-08-30;"segunda-feira";"12:55:00";"SC";282;4,5;"SAO JOSE";"Frear bruscamente";"Tombamento";"Com Vítimas Feridas";"Pleno dia";"Crescente";"Chuva";"Múltipla";"Reta";"Sim";1;0;1;0;0;0;1;1;-27,592646;-48,604034;"SPRF-SC";"DEL01-SC";"UOP01-DEL01-SC"
380292;2021-08-30;"segunda-feira";"10:50:00";"MG";381;804,9;"SAO GONCALO DO SAPUCAI";"Condutor Dormindo";"Saída de leito carroçável";"Com Vítimas Feridas";"Pleno dia";"Crescente";"Céu Claro";"Dupla";"Curva";"Não";2;0;2;0;0;0;2;1;-21,96617116;-45,63064098;"SPRF-MG";"DEL16-MG";"UOP02-DEL16-MG"
380294;2021-07-01;"quinta-feira";"07:30:00";"MG";365;625;"UBERLANDIA";"Desrespeitar a preferência no cruzamento";"Colisão lateral mesmo sentido";"Com Vítimas Feridas";"Pleno dia";"Decrescente";"Céu Claro";"Dupla";"Interseção de Vias";"Sim";2;0;1;0;0;1;1;2;-18,90585472;-48,32526001;"SPRF-MG";"DEL15-MG";"UOP01-DEL15-MG"
380295;2021-08-30;"segunda-feira";"07:15:00";"SC";101;113,6;"ITAJAI";"Condutor deixou de manter distância do veículo da frente";"Colisão traseira";"Com Vítimas Feridas";"Pleno dia";"Crescente";"Chuva";"Múltipla";"Reta";"Sim";2;0;1;0;1;0;1;2;-26,85311393;-48,72689927;"SPRF-SC";"DEL04-SC";"UOP04-DEL04-SC"
380296;2021-08-30;"segunda-feira";"12:20:00";"RN";101;84;"SAO GONCALO DO AMARANTE";"Condutor deixou de manter distância do veículo da frente";"Colisão traseira";"Com Vítimas Feridas";"Pleno dia";"Crescente";"Sol";"Dupla";"Reta";"Sim";2;0;0;1;1;0;1;2;-5,774175;-35,2578;"SPRF-RN";"DEL02-RN";"UOP01-DEL02-RN"
380299;2021-07-24;"sábado";"00:00:00";"SP";116;213,5;"GUARULHOS";"Reação tardia ou ineficiente do condutor";"Colisão com objeto";"Sem Vítimas";"Plena Noite";"Decrescente";"Céu Claro";"Múltipla";"Reta";"Sim";4;0;0;0;3;1;0;4;-23,43971486;-46,43667806;"SPRF-SP";"DEL01-SP";"UOP01-DEL01-SP"
380300;2021-08-30;"segunda-feira";"13:30:00";"PR";467;92;"CASCAVEL";"Mal súbito do condutor";"Eventos atípicos";"Com Vítimas Fatais";"Pleno dia";"Decrescente";"Céu Claro";"Dupla";"Reta;Aclive";"Não";2;1;0;0;0;1;0;2;-24,8543;-53,5952;"SPRF-PR";"DEL04-PR";"UOP01-DEL04-PR"
380301;2021-08-30;"segunda-feira";"14:00:00";"RN";304;45,2;"MOSSORO";"Demais falhas mecânicas ou elétricas";"Tombamento";"Com Vítimas Feridas";"Pleno dia";"Crescente";"Céu Claro";"Dupla";"Reta";"Sim";2;0;2;0;0;0;2;1;-5,2250698;-37,3490001;"SPRF-RN";"DEL04-RN";"UOP01-DEL04-RN"
380302;2021-08-30;"segunda-feira";"06:00:00";"MS";262;640,8;"MIRANDA";"Condutor Dormindo";"Saída de leito carroçável";"Sem Vítimas";"Amanhecer";"Crescente";"Céu Claro";"Simples";"Curva";"Não";1;0;0;0;0;1;0;1;-19,80247286;-56,94008876;"SPRF-MS";"DEL03-MS";"UOP02-DEL03-MS"
380303;2021-08-30;"segunda-feira";"13:50:00";"GO";40;7;"VALPARAISO DE GOIAS";"Manobra de mudança de faixa";"Colisão lateral mesmo sentido";"Com Vítimas Feridas";"Pleno dia";"Crescente";"Sol";"Dupla";"Reta";"Sim";2;0;1;0;0;1;1;2;-16,108482;-47,972524;"SPRF-DF";"DEL01-DF";"UOP01-DEL01-DF"
380308;2021-04-16;"sexta-feira";"18:10:00";"BA";324;336;"JACOBINA";"Entrada inopinada do pedestre";"Queda de ocupante de veículo";"Com Vítimas Feridas";"Anoitecer";"Crescente";"Ignorado";"Simples";"Reta";"Sim";1;0;0;1;0;0;1;1;-11,31782832;-40,16970634;"SPRF-BA";"DEL04-BA";"UOP02-DEL04-BA"
380309;2021-08-30;"segunda-feira";"14:20:00";"PR";277;76;"SAO JOSE DOS PINHAIS";"Avarias e/ou desgaste excessivo no pneu";"Queda de ocupante de veículo";"Com Vítimas Feridas";"Pleno dia";"Crescente";"Nublado";"Dupla";"Reta";"Não";1;0;1;0;0;0;1;1;-25,51327981;-49,12433291;"SPRF-PR";"DEL01-PR";"UOP01-DEL01-PR"
380310;2021-05-06;"quinta-feira";"17:50:00";"ES";262;115,1;"CONCEICAO DO CASTELO";"Desrespeitar a preferência no cruzamento";"Colisão transversal";"Com Vítimas Feridas";"Anoitecer";"Crescente";"Céu Claro";"Simples";"Aclive";"Não";2;0;0;1;1;0;1;2;-20,32053818;-41,21864322;"SPRF-ES";"DEL01-ES";"UOP02-DEL01-ES"
380311;2021-08-30;"segunda-feira";"14:10:00";"DF";60;0;"BRASILIA";"Acesso irregular";"Colisão transversal";"Com Vítimas Feridas";"Pleno dia";"Crescente";"Céu Claro";"Dupla";"Retorno Regulamentado";"Sim";2;0;1;0;1;0;1;2;-15,882499;-48,060212;"SPRF-DF";"DEL03-DF";"UOP01-DEL03-DF"
380313;2021-08-30;"segunda-feira";"14:30:00";"PR";476;114;"COLOMBO";"Desrespeitar a preferência no cruzamento";"Colisão transversal";"Com Vítimas Feridas";"Pleno dia";"Decrescente";"Garoa/Chuvisco";"Simples";"Interseção de Vias";"Sim";2;0;2;0;0;0;2;2;-25,335966;-49,158184;"SPRF-PR";"DEL01-PR";"UOP02-DEL01-PR"
380314;2021-08-30;"segunda-feira";"15:00:00";"MA";135;11;"SAO LUIS";"Demais falhas mecânicas ou elétricas";"Saída de leito carroçável";"Sem Vítimas";"Pleno dia";"Crescente";"Céu Claro";"Dupla";"Reta";"Não";1;0;0;0;1;0;0;1;-2,58797496;-44,33691516;"SPRF-MA";"DEL01-MA";"UOP01-DEL01-MA"
380317;2021-08-30;"segunda-feira";"14:30:00";"MG";40;586,7;"ITABIRITO";"Velocidade Incompatível";"Saída de leito carroçável";"Com Vítimas Feridas";"Pleno dia";"Decrescente";"Nublado";"Simples";"Curva";"Não";1;0;1;0;0;0;1;1;-20,34175518;-43,92038073;"SPRF-MG";"DEL01-MG";"UOP02-DEL01-MG"
380318;2021-08-30;"segunda-feira";"15:40:00";"RN";304;32;"MOSSORO";"Ingestão de álcool pelo condutor";"Colisão lateral mesmo sentido";"Sem Vítimas";"Pleno dia";"Decrescente";"Céu Claro";"Dupla";"Reta";"Sim";2;0;0;0;2;0;0;2;-5,13471117;-37,34486327;"SPRF-RN";"DEL04-RN";"UOP02-DEL04-RN"
380320;2021-08-30;"segunda-feira";"15:00:00";"RJ";116;204;"SEROPEDICA";"Ausência de reação do condutor";"Saída de leito carroçável";"Com Vítimas Feridas";"Pleno dia";"Crescente";"Chuva";"Dupla";"Reta";"Não";1;0;1;0;0;0;1;1;-22,7289500706;-43,6318900076;"SPRF-RJ";"DEL01-RJ";"UOP03-DEL01-RJ"
380321;2021-08-30;"segunda-feira";"15:30:00";"SP";116;61;"GUARATINGUETA";"Ausência de reação do condutor";"Saída de leito carroçável";"Com Vítimas Feridas";"Pleno dia";"Decrescente";"Céu Claro";"Dupla";"Reta";"Sim";1;0;0;1;0;0;1;1;-22,79763613;-45,1674588;"SPRF-SP";"DEL08-SP";"UOP01-DEL08-SP"
380323;2021-08-30;"segunda-feira";"16:15:00";"MG";381;482,7;"BETIM";"Condutor deixou de manter distância do veículo da frente";"Colisão traseira";"Com Vítimas Feridas";"Pleno dia";"Decrescente";"Céu Claro";"Múltipla";"Reta;Aclive";"Sim";3;0;0;1;2;0;1;2;-19,955532;-44,097209;"SPRF-MG";"DEL01-MG";"UOP03-DEL01-MG"
380324;2021-08-30;"segunda-feira";"16:50:00";"PB";230;20;"JOAO PESSOA";"Condutor deixou de manter distância do veículo da frente";"Colisão traseira";"Com Vítimas Feridas";"Pleno dia";"Crescente";"Céu Claro";"Dupla";"Reta";"Sim";2;0;1;0;1;0;1;2;-7,1337;-34,8544;"SPRF-PB";"DEL01-PB";"UOP01-DEL01-PB"
380326;2021-08-30;"segunda-feira";"13:20:00";"RJ";116;232;"PIRAI";"Chuva";"Colisão com objeto";"Com Vítimas Feridas";"Pleno dia";"Decrescente";"Chuva";"Dupla";"Reta";"Não";2;0;1;0;1;0;1;1;-22,65604007;-43,83713888;"SPRF-RJ";"DEL07-RJ";"UOP01-DEL07-RJ"
380327;2021-08-30;"segunda-feira";"13:30:00";"RJ";116;224;"PIRAI";"Acumulo de óleo sobre o pavimento";"Saída de leito carroçável";"Com Vítimas Feridas";"Pleno dia";"Decrescente";"Chuva";"Dupla";"Curva";"Não";2;0;2;0;0;0;2;1;-22,68709335;-43,81058612;"SPRF-RJ";"DEL07-RJ";"UOP01-DEL07-RJ"
380332;2021-08-30;"segunda-feira";"17:00:00";"RR";174;501;"BOA VISTA";"Ingestão de álcool pelo condutor";"Colisão traseira";"Sem Vítimas";"Pleno dia";"Crescente";"Céu Claro";"Dupla";"Reta";"Sim";2;0;0;0;2;0;0;2;2,781689;-60,703827;"SPRF-RR";"DEL01-RR";"UOP01-DEL01-RR"
380334;2021-08-30;"segunda-feira";"16:00:00";"MG";381;496;"BETIM";"Manobra de mudança de faixa";"Colisão traseira";"Com Vítimas Feridas";"Pleno dia";"Decrescente";"Céu Claro";"Múltipla";"Reta";"Sim";2;0;1;0;0;1;1;2;-19,99676497;-44,20958506;"SPRF-MG";"DEL01-MG";"UOP03-DEL01-MG"
380335;2021-08-30;"segunda-feira";"16:50:00";"MG";40;791,5;"JUIZ DE FORA";"Chuva";"Colisão com objeto";"Com Vítimas Feridas";"Pleno dia";"Decrescente";"Chuva";"Dupla";"Reta";"Não";1;0;1;0;0;0;1;1;-21,77922124;-43,42576012;"SPRF-MG";"DEL05-MG";"UOP01-DEL05-MG"
380337;2021-08-30;"segunda-feira";"18:00:00";"PE";101;4,7;"RECIFE";"Condutor deixou de manter distância do veículo da frente";"Colisão lateral mesmo sentido";"Com Vítimas Feridas";"Plena Noite";"Decrescente";"Céu Claro";"Dupla";"Viaduto";"Sim";2;0;1;0;0;1;1;2;-8,066738;-34,942028;"SPRF-PE";"DEL01-PE";"UOP02-DEL01-PE"
380339;2021-08-30;"segunda-feira";"17:40:00";"PR";116;42;"CAMPINA GRANDE DO SUL";"Pista Escorregadia";"Saída de leito carroçável";"Sem Vítimas";"Plena Noite";"Crescente";"Chuva";"Múltipla";"Curva";"Não";1;0;0;0;1;0;0;1;-25,17611697;-48,874256;"SPRF-PR";"DEL01-PR";"UOP02-DEL01-PR"
380342;2021-08-30;"segunda-feira";"14:45:00";"RJ";40;93;"DUQUE DE CAXIAS";"Pista Escorregadia";"Capotamento";"Com Vítimas Feridas";"Pleno dia";"Crescente";"Chuva";"Simples";"Curva";"Não";1;0;1;0;0;0;1;1;-22,5554282;-43,25829998;"SPRF-RJ";"DEL06-RJ";"UOP01-DEL06-RJ"
380345;2021-08-30;"segunda-feira";"18:15:00";"RJ";101;64;"CAMPOS DOS GOYTACAZES";"Pedestre andava na pista";"Atropelamento de Pedestre";"Com Vítimas Feridas";"Plena Noite";"Decrescente";"Chuva";"Simples";"Reta";"Sim";2;0;0;1;1;0;1;2;-21,74908605;-41,33632461;"SPRF-RJ";"DEL08-RJ";"UOP02-DEL08-RJ"
380346;2021-08-30;"segunda-feira";"18:35:00";"SP";116;220;"GUARULHOS";"Trafegar com motocicleta (ou similar) entre as faixas";"Colisão traseira";"Com Vítimas Feridas";"Anoitecer";"Decrescente";"Nublado";"Simples";"Reta";"Não";2;0;1;0;1;0;1;2;-23,46472809;-46,49793962;"SPRF-SP";"DEL01-SP";"UOP01-DEL01-SP"
380348;2021-08-30;"segunda-feira";"18:10:00";"PR";376;3,7;"APUCARANA";"Acessar a via sem observar a presença dos outros veículos";"Colisão transversal";"Com Vítimas Feridas";"Anoitecer";"Decrescente";"Céu Claro";"Simples";"Reta";"Sim";2;0;1;0;1;0;1;2;-23,557887;-51,444145;"SPRF-PR";"DEL07-PR";"UOP03-DEL07-PR"
380351;2021-08-30;"segunda-feira";"18:45:00";"DF";70;15;"BRASILIA";"Condutor deixou de manter distância do veículo da frente";"Colisão traseira";"Com Vítimas Feridas";"Plena Noite";"Crescente";"Chuva";"Dupla";"Reta";"Não";4;0;1;0;3;0;1;2;-15,798888;-48,185043;"SPRF-DF";"DEL03-DF";"UOP02-DEL03-DF"
380352;2021-08-30;"segunda-feira";"17:40:00";"ES";101;294;"CARIACICA";"Ausência de reação do condutor";"Tombamento";"Com Vítimas Feridas";"Plena Noite";"Crescente";"Chuva";"Dupla";"Declive;Reta";"Sim";1;0;1;0;0;0;1;1;-20,3299613;-40,39866708;"SPRF-ES";"DEL01-ES";"UOP01-DEL01-ES"
380353;2021-08-30;"segunda-feira";"18:45:00";"RJ";116;167;"SAO JOAO DE MERITI";"Trafegar com motocicleta (ou similar) entre as faixas";"Colisão traseira";"Com Vítimas Feridas";"Plena Noite";"Crescente";"Céu Claro";"Múltipla";"Reta";"Sim";2;0;1;0;1;0;1;2;-22,81803977;-43,30787252;"SPRF-RJ";"DEL01-RJ";"UOP01-DEL01-RJ"
380357;2021-08-30;"segunda-feira";"18:50:00";"RN";304;307;"PARNAMIRIM";"Manobra de mudança de faixa";"Colisão lateral mesmo sentido";"Com Vítimas Feridas";"Plena Noite";"Decrescente";"Céu Claro";"Dupla";"Reta";"Sim";3;0;1;0;2;0;1;3;-5,89157688;-35,25507737;"SPRF-RN";"DEL01-RN";"UOP01-DEL01-RN"
380359;2021-08-30;"segunda-feira";"19:35:00";"PR";116;132;"FAZENDA RIO GRANDE";"Pedestre andava na pista";"Atropelamento de Pedestre";"Com Vítimas Feridas";"Plena Noite";"Crescente";"Nublado";"Dupla";"Curva";"Sim";2;0;1;0;0;1;1;2;-25,65733698;-49,31212612;"SPRF-PR";"DEL01-PR";"UOP03-DEL01-PR"
380361;2021-08-30;"segunda-feira";"19:20:00";"BA";116;421;"FEIRA DE SANTANA";"Demais falhas mecânicas ou elétricas";"Colisão com objeto";"Com Vítimas Feridas";"Plena Noite";"Crescente";"Céu Claro";"Dupla";"Reta";"Sim";3;0;0;1;2;0;1;2;-12,211936;-38,96567;"SPRF-BA";"DEL02-BA";"UOP01-DEL02-BA"
380362;2021-08-30;"segunda-feira";"19:10:00";"ES";101;19;"PINHEIROS";"Ausência de reação do condutor";"Colisão frontal";"Com Vítimas Feridas";"Plena Noite";"Crescente";"Céu Claro";"Simples";"Declive";"Não";5;0;4;0;1;0;4;2;-18,31846928;-39,95435579;"SPRF-ES";"DEL04-ES";"UOP02-DEL04-ES"
380363;2021-08-30;"segunda-feira";"19:50:00";"PE";104;65;"CARUARU";"Condutor desrespeitou a iluminação vermelha do semáforo";"Colisão transversal";"Com Vítimas Feridas";"Plena Noite";"Crescente";"Céu Claro";"Múltipla";"Interseção de Vias";"Sim";2;0;2;0;0;0;2;2;-8,276128;-35,981988;"SPRF-PE";"DEL02-PE";"UOP01-DEL02-PE"
380365;2021-08-30;"segunda-feira";"19:40:00";"ES";259;52;"COLATINA";"Objeto estático sobre o leito carroçável";"Tombamento";"Com Vítimas Feridas";"Plena Noite";"Crescente";"Chuva";"Simples";"Reta";"Não";1;0;1;0;0;0;1;1;-19,50223983;-40,62081603;"SPRF-ES";"DEL02-ES";"UOP01-DEL02-ES"
380366;2021-08-10;"terça-feira";"07:50:00";"PB";230;270;"JUNCO DO SERIDO";"Ausência de reação do condutor";"Saída de leito carroçável";"Com Vítimas Feridas";"Pleno dia";"Crescente";"Céu Claro";"Simples";"Declive";"Não";1;0;1;0;0;0;1;1;-6,9668;-36,785;"SPRF-PB";"DEL03-PB";"UOP01-DEL03-PB"
380367;2021-08-30;"segunda-feira";"19:50:00";"PE";101;58;"RECIFE";"Trafegar com motocicleta (ou similar) entre as faixas";"Colisão lateral mesmo sentido";"Com Vítimas Feridas";"Plena Noite";"Decrescente";"Céu Claro";"Dupla";"Reta";"Sim";4;0;3;0;1;0;3;2;-7,97063209;-34,92064675;"SPRF-PE";"DEL01-PE";"UOP02-DEL01-PE"
380368;2021-08-30;"segunda-feira";"18:00:00";"SP";116;514;"CAJATI";"Pista Escorregadia";"Capotamento";"Com Vítimas Feridas";"Plena Noite";"Decrescente";"Garoa/Chuvisco";"Simples";"Curva";"Não";5;0;1;0;4;0;1;1;-24,85874304;-48,21731282;"SPRF-SP";"DEL05-SP";"UOP02-DEL05-SP"
380369;2021-08-30;"segunda-feira";"19:10:00";"RN";101;79,4;"EXTREMOZ";"Reação tardia ou ineficiente do condutor";"Atropelamento de Pedestre";"Com Vítimas Feridas";"Plena Noite";"Decrescente";"Céu Claro";"Dupla";"Reta";"Não";2;0;1;0;1;0;1;2;-5,74962896;-35,28918369;"SPRF-RN";"DEL02-RN";"UOP01-DEL02-RN"
380370;2021-08-30;"segunda-feira";"20:10:00";"PR";163;284;"MARECHAL CANDIDO RONDON";"Obras na pista";"Colisão transversal";"Com Vítimas Feridas";"Plena Noite";"Crescente";"Céu Claro";"Simples";"Em Obras";"Sim";2;0;1;0;1;0;1;2;-24,568102;-54,034168;"SPRF-PR";"DEL06-PR";"UOP02-DEL06-PR"
380372;2021-08-30;"segunda-feira";"16:00:00";"RJ";40;80;"PETROPOLIS";"Velocidade Incompatível";"Queda de ocupante de veículo";"Com Vítimas Feridas";"Pleno dia";"Crescente";"Chuva";"Simples";"Curva";"Não";1;0;1;0;0;0;1;1;-22,49798597;-43,22878703;"SPRF-RJ";"DEL06-RJ";"UOP01-DEL06-RJ"
380373;2021-08-30;"segunda-feira";"20:20:00";"TO";226;3;"AGUIARNOPOLIS";"Reação tardia ou ineficiente do condutor";"Queda de ocupante de veículo";"Com Vítimas Fatais";"Plena Noite";"Crescente";"Céu Claro";"Simples";"Reta";"Não";2;1;0;1;0;0;1;1;-6,565606;-47,483803;"SPRF-TO";"DEL02-TO";"UOP03-DEL02-TO"
380374;2021-08-30;"segunda-feira";"20:10:00";"ES";101;279,7;"SERRA";"Pista Escorregadia";"Capotamento";"Com Vítimas Feridas";"Plena Noite";"Crescente";"Chuva";"Dupla";"Reta";"Não";1;0;1;0;0;0;1;1;-20,218122;-40,339325;"SPRF-ES";"DEL02-ES";"UOP01-DEL02-ES"
380375;2021-08-30;"segunda-feira";"19:35:00";"MG";146;487,8;"POCOS DE CALDAS";"Condutor deixou de manter distância do veículo da frente";"Colisão lateral mesmo sentido";"Com Vítimas Feridas";"Plena Noite";"Decrescente";"Céu Claro";"Simples";"Declive;Curva";"Não";2;0;1;0;0;1;1;2;-21,80493014;-46,454916;"SPRF-MG";"DEL09-MG";"UOP01-DEL09-MG"
380377;2021-08-30;"segunda-feira";"20:55:00";"PB";101;97;"CONDE";"Ingestão de álcool ou de substâncias psicoativas pelo pedestre";"Atropelamento de Pedestre";"Com Vítimas Fatais";"Plena Noite";"Decrescente";"Céu Claro";"Dupla";"Reta";"Sim";5;1;0;0;1;3;0;3;-7,24364;-34,92957;"SPRF-PB";"DEL01-PB";"UOP02-DEL01-PB"
380378;2021-04-16;"sexta-feira";"23:00:00";"RR";174;5;"BOA VISTA";"Ingestão de álcool pelo condutor";"Saída de leito carroçável";"Sem Vítimas";"Amanhecer";"Crescente";"Céu Claro";"Simples";"Reta";"Não";1;0;0;0;1;0;0;1;2,819364;-60,673775;"SPRF-RR";"DEL01-RR";"UOP01-DEL01-RR"
380379;2021-08-30;"segunda-feira";"20:00:00";"PB";230;23,7;"JOAO PESSOA";"Ingestão de álcool pelo condutor";"Colisão com objeto";"Sem Vítimas";"Plena Noite";"Decrescente";"Céu Claro";"Dupla";"Reta";"Sim";2;0;0;0;2;0;0;2;-7,1562;-34,8574;"SPRF-PB";"DEL01-PB";"UOP01-DEL01-PB"
380381;2021-08-30;"segunda-feira";"20:10:00";"PR";476;133;"CURITIBA";"Condutor desrespeitou a iluminação vermelha do semáforo";"Colisão transversal";"Com Vítimas Fatais";"Plena Noite";"Decrescente";"Garoa/Chuvisco";"Múltipla";"Viaduto;Interseção de Vias";"Sim";2;1;0;0;1;0;0;2;-25,469219;-49,254143;"SPRF-PR";"DEL01-PR";"UOP03-DEL01-PR"
380385;2021-08-30;"segunda-feira";"18:10:00";"BA";324;359;"CAPIM GROSSO";"Animais na Pista";"Atropelamento de Animal";"Com Vítimas Feridas";"Plena Noite";"Decrescente";"Nublado";"Simples";"Reta;Aclive";"Não";1;0;0;1;0;0;1;1;-11,39657167;-39,96362686;"SPRF-BA";"DEL04-BA";"UOP02-DEL04-BA"
380386;2021-08-30;"segunda-feira";"14:20:00";"SC";280;23,5;"ARAQUARI";"Reação tardia ou ineficiente do condutor";"Colisão transversal";"Com Vítimas Feridas";"Pleno dia";"Crescente";"Céu Claro";"Simples";"Reta";"Sim";2;0;1;0;1;0;1;2;-26,37146;-48,711887;"SPRF-SC";"DEL03-SC";"UOP03-DEL03-SC"
380387;2021-08-30;"segunda-feira";"20:15:00";"RS";290;68;"GRAVATAI";"Condutor deixou de manter distância do veículo da frente";"Colisão traseira";"Com Vítimas Feridas";"Plena Noite";"Crescente";"Céu Claro";"Simples";"Curva";"Não";4;0;1;1;2;0;2;2;-29,9421429;-50,93582511;"SPRF-RS";"DEL03-RS";"UOP01-DEL03-RS"
380388;2021-08-30;"segunda-feira";"20:45:00";"MG";40;681,9;"RESSAQUINHA";"Reação tardia ou ineficiente do condutor";"Atropelamento de Pedestre";"Com Vítimas Feridas";"Plena Noite";"Crescente";"Céu Claro";"Simples";"Reta;Declive";"Sim";2;0;1;0;0;1;1;2;-21,05917311;-43,76215719;"SPRF-MG";"DEL05-MG";"UOP02-DEL05-MG"
380390;2021-08-30;"segunda-feira";"21:00:00";"SC";470;156,5;"TROMBUDO CENTRAL";"Condutor deixou de manter distância do veículo da frente";"Colisão traseira";"Com Vítimas Feridas";"Plena Noite";"Decrescente";"Garoa/Chuvisco";"Simples";"Curva";"Não";3;0;2;0;1;0;2;2;-27,281332;-49,760201;"SPRF-SC";"DEL04-SC";"UOP02-DEL04-SC"
380391;2021-08-30;"segunda-feira";"22:00:00";"GO";40;18,1;"LUZIANIA";"Reação tardia ou ineficiente do condutor";"Saída de leito carroçável";"Com Vítimas Feridas";"Plena Noite";"Crescente";"Céu Claro";"Dupla";"Reta";"Não";1;0;1;0;0;0;1;1;-16,19349;-47,925575;"SPRF-DF";"DEL01-DF";"UOP01-DEL01-DF"
380392;2021-08-30;"segunda-feira";"19:20:00";"MT";364;541;"ROSARIO OESTE";"Acesso irregular";"Colisão com objeto";"Com Vítimas Feridas";"Plena Noite";"Crescente";"Céu Claro";"Simples";"Reta";"Sim";1;0;1;0;0;0;1;1;-14,92009078;-56,47771528;"SPRF-MT";"DEL01-MT";"UOP01-DEL01-MT"
380393;2021-08-30;"segunda-feira";"19:30:00";"ES";259;98;"BAIXO GUANDU";"Ausência de reação do condutor";"Colisão transversal";"Com Vítimas Feridas";"Plena Noite";"Crescente";"Nublado";"Simples";"Reta";"Não";2;0;1;0;0;1;1;2;-19,5114129;-40,97859807;"SPRF-ES";"DEL02-ES";"UOP01-DEL02-ES"
380395;2021-08-30;"segunda-feira";"20:35:00";"MG";381;921,7;"CAMANDUCAIA";"Ausência de reação do condutor";"Colisão traseira";"Com Vítimas Feridas";"Plena Noite";"Crescente";"Céu Claro";"Dupla";"Curva;Declive";"Não";4;0;2;0;2;0;2;2;-22,76526544;-46,17429441;"SPRF-MG";"DEL16-MG";"UOP03-DEL16-MG"