"id";"data_inversa";"dia_semana";"horario";"uf";"br";"km";"municipio";"causa_acidente";"tipo_acidente";"classificacao_acidente";"fase_dia";"sentido_via";"condicao_metereologica";"tipo_pista";"tracado_via";"uso_solo";"pessoas";"mortos";"feridos_leves";"feridos_graves";"ilesos";"ignorados";"feridos";"veiculos";"latitude";"longitude";"regional";"delegacia";"uop"
380400;2021-08-30;"segunda-feira";"22:30:00";"RJ";40;124;"DUQUE DE CAXIAS";"Reação tardia ou ineficiente do condutor";"Queda de ocupante de veículo";"Com Vítimas Feridas";"Plena Noite";"Crescente";"Nublado";"Dupla";"Reta";"Sim";2;0;1;0;1;0;1;1;-22,807953;-43,289124;"SPRF-RJ";"DEL01-RJ";"UOP01-DEL01-RJ"
380401;2021-08-30;"segunda-feira";"13:30:00";"SC";101;307;"LAGUNA";"Ausência de reação do condutor";"Colisão com objeto";"Com Vítimas Feridas";"Pleno dia";"Crescente";"Céu Claro";"Simples";"Interseção de Vias";"Não";2;0;1;1;0;0;2;1;-28,39199505;-48,77826295;"SPRF-SC";"DEL02-SC";"UOP03-DEL02-SC"
380402;2021-08-30;"segunda-feira";"23:20:00";"PB";101;85,1;"BAYEUX";"Acessar a via sem observar a presença dos outros veículos";"Colisão lateral mesmo sentido";"Com Vítimas Feridas";"Plena Noite";"Crescente";"Céu Claro";"Dupla";"Reta";"Sim";2;0;1;0;1;0;1;2;-7,14538184;-34,91662887;"SPRF-PB";"DEL01-PB";"UOP01-DEL01-PB"
380403;2021-08-30;"segunda-feira";"20:30:00";"MS";163;680;"RIO VERDE DE MATO GROSSO";"Acessar a via sem observar a presença dos outros veículos";"Colisão transversal";"Sem Vítimas";"Plena Noite";"Crescente";"Céu Claro";"Simples";"Reta";"Sim";2;0;0;0;1;1;0;2;-18,92417173;-54,83538529;"SPRF-MS";"DEL06-MS";"UOP02-DEL06-MS"
380407;2021-08-31;"terça-feira";"01:00:00";"TO";153;669,9;"GURUPI";"Transitar na contramão";"Tombamento";"Com Vítimas Feridas";"Plena Noite";"Crescente";"Céu Claro";"Dupla";"Reta";"Sim";1;0;1;0;0;0;1;1;-11,70103104;-49,07271583;"SPRF-TO";"DEL01-TO";"UOP02-DEL01-TO"
380410;2021-08-31;"terça-feira";"00:40:00";"MS";163;493,4;"CAMPO GRANDE";"Reação tardia ou ineficiente do condutor";"Tombamento";"Com Vítimas Feridas";"Plena Noite";"Crescente";"Céu Claro";"Simples";"Reta";"Não";1;0;1;0;0;0;1;1;-20,37684139;-54,5368019;"SPRF-MS";"DEL01-MS";"UOP02-DEL01-MS"
380413;2021-08-30;"segunda-feira";"17:45:00";"PI";316;4;"TERESINA";"Manobra de mudança de faixa";"Colisão lateral mesmo sentido";"Com Vítimas Feridas";"Anoitecer";"Crescente";"Céu Claro";"Múltipla";"Reta";"Sim";3;0;3;0;0;0;3;2;-5,13655894;-42,78900388;"SPRF-PI";"DEL01-PI";"UOP02-DEL01-PI"
380418;2021-08-31;"terça-feira";"06:03:00";"DF";20;14;"BRASILIA";"Condutor deixou de manter distância do veículo da frente";"Colisão traseira";"Com Vítimas Feridas";"Pleno dia";"Decrescente";"Céu Claro";"Dupla";"Aclive";"Não";2;0;1;0;1;0;1;2;-15,634938;-47,741241;"SPRF-DF";"DEL02-DF";"UOP01-DEL02-DF"
380419;2021-08-31;"terça-feira";"01:25:00";"SC";282;645,1;"SAO MIGUEL DO OESTE";"Ausência de reação do condutor";"Saída de leito carroçável";"Com Vítimas Feridas";"Plena Noite";"Crescente";"Céu Claro";"Simples";"Reta;Aclive";"Não";2;0;1;1;0;0;2;1;-26,765184;-53,487823;"SPRF-SC";"DEL07-SC";"UOP03-DEL07-SC"
380425;2021-07-21;"quarta-feira";"11:30:00";"BA";242;777;"BARREIRAS";"Demais falhas mecânicas ou elétricas";"Saída de leito carroçável";"Com Vítimas Feridas";"Pleno dia";"Crescente";"Céu Claro";"Simples";"Curva";"Não";6;0;2;1;3;0;3;1;-12,166568;-44,873404;"SPRF-BA";"DEL10-BA";"UOP01-DEL10-BA"
380428;2021-08-31;"terça-feira";"05:30:00";"AM";174;955;"MANAUS";"Objeto estático sobre o leito carroçável";"Colisão com objeto";"Com Vítimas Feridas";"Amanhecer";"Decrescente";"Nevoeiro/Neblina";"Simples";"Reta";"Não";5;0;0;1;1;3;1;2;-2,351887;-60,044159;"SPRF-AM";"DEL01-AM";"UOP01-DEL01-AM"
380429;2021-08-31;"terça-feira";"07:00:00";"PR";476;141;"CURITIBA";"Pedestre cruzava a pista fora da faixa";"Atropelamento de Pedestre";"Com Vítimas Feridas";"Pleno dia";"Crescente";"Sol";"Dupla";"Reta";"Sim";2;0;0;1;1;0;1;2;-25,528614;-49,298798;"SPRF-PR";"DEL01-PR";"UOP03-DEL01-PR"
380430;2021-08-31;"terça-feira";"06:50:00";"GO";153;504,3;"APARECIDA DE GOIANIA";"Demais falhas mecânicas ou elétricas";"Queda de ocupante de veículo";"Com Vítimas Feridas";"Amanhecer";"Decrescente";"Céu Claro";"Dupla";"Reta";"Sim";1;0;1;0;0;0;1;1;-16,7451;-49,2408;"SPRF-GO";"DEL01-GO";"UOP01-DEL01-GO"
380431;2021-08-31;"terça-feira";"05:20:00";"MA";10;180,1;"CAMPESTRE DO MARANHAO";"Manobra de mudança de faixa";"Colisão lateral sentido oposto";"Com Vítimas Feridas";"Amanhecer";"Crescente";"Céu Claro";"Simples";"Reta";"Não";3;0;1;0;2;0;1;2;-6,141451;-47,371468;"SPRF-MA";"DEL04-MA";"UOP02-DEL04-MA"
380433;2021-08-31;"terça-feira";"07:00:00";"SE";101;181,1;"UMBAUBA";"Acessar a via sem observar a presença dos outros veículos";"Colisão transversal";"Com Vítimas Feridas";"Pleno dia";"Crescente";"Ignorado";"Simples";"Reta";"Sim";2;0;1;0;1;0;1;2;-11,36892188;-37,64792008;"SPRF-SE";"DEL02-SE";"UOP03-DEL02-SE"
380434;2021-08-31;"terça-feira";"06:50:00";"CE";20;416;"MARACANAU";"Acessar a via sem observar a presença dos outros veículos";"Colisão transversal";"Com Vítimas Feridas";"Pleno dia";"Crescente";"Céu Claro";"Dupla";"Reta";"Sim";2;0;1;1;0;0;2;2;-3,76999035;-38,67006282;"SPRF-CE";"DEL01-CE";"UOP02-DEL01-CE"
380435;2021-08-31;"terça-feira";"07:40:00";"SC";101;204,7;"SAO JOSE";"Condutor deixou de manter distância do veículo da frente";"Colisão traseira";"Sem Vítimas";"Pleno dia";"Crescente";"Céu Claro";"Dupla";"Reta";"Não";2;0;0;0;2;0;0;2;-27,57413014;-48,61363083;"SPRF-SC";"DEL01-SC";"UOP01-DEL01-SC"
380436;2021-08-31;"terça-feira";"07:50:00";"ES";101;264;"SERRA";"Manobra de mudança de faixa";"Colisão transversal";"Com Vítimas Feridas";"Pleno dia";"Crescente";"Céu Claro";"Dupla";"Reta";"Sim";2;0;1;0;1;0;1;2;-20,17292791;-40,26736384;"SPRF-ES";"DEL02-ES";"UOP01-DEL02-ES"
380437;2021-08-31;"terça-feira";"05:00:00";"MS";163;134;"NAVIRAI";"Demais falhas mecânicas ou elétricas";"Saída de leito carroçável";"Com Vítimas Feridas";"Amanhecer";"Decrescente";"Céu Claro";"Simples";"Aclive";"Não";2;0;1;0;1;0;1;1;-23,02477182;-54,29396095;"SPRF-MS";"DEL09-MS";"UOP01-DEL09-MS"
380441;2021-08-31;"terça-feira";"07:40:00";"SP";116;219;"GUARULHOS";"Reação tardia ou ineficiente do condutor";"Colisão traseira";"Com Vítimas Feridas";"Amanhecer";"Decrescente";"Céu Claro";"Múltipla";"Reta";"Sim";2;0;1;0;1;0;1;2;-23,46169317;-46,48981355;"SPRF-SP";"DEL01-SP";"UOP01-DEL01-SP"
380442;2021-08-31;"terça-feira";"07:50:00";"RS";158;0,5;"SANTANA DO LIVRAMENTO";"Reação tardia ou ineficiente do condutor";"Colisão traseira";"Com Vítimas Feridas";"Pleno dia";"Crescente";"Céu Claro";"Simples";"Reta";"Sim";3;0;1;0;2;0;1;3;-30,87668434;-55,51440954;"SPRF-RS";"DEL11-RS";"UOP01-DEL11-RS"
380443;2021-08-31;"terça-feira";"07:20:00";"MS";262;298;"CAMPO GRANDE";"Ingestão de álcool pelo condutor";"Saída de leito carroçável";"Com Vítimas Feridas";"Pleno dia";"Decrescente";"Céu Claro";"Simples";"Reta";"Não";2;0;1;0;1;0;1;1;-20,50777298;-54,278024;"SPRF-MS";"DEL01-MS";"UOP01-DEL01-MS"
380444;2021-08-31;"terça-feira";"05:00:00";"RJ";116;330;"RESENDE";"Velocidade Incompatível";"Colisão com objeto";"Sem Vítimas";"Plena Noite";"Crescente";"Céu Claro";"Dupla";"Reta";"Não";1;0;0;0;0;1;0;1;-22,50454219;-44,61629;"SPRF-RJ";"DEL07-RJ";"UOP02-DEL07-RJ"
380445;2021-08-31;"terça-feira";"08:42:00";"DF";20;17,5;"BRASILIA";"Trafegar com motocicleta (ou similar) entre as faixas";"Colisão lateral mesmo sentido";"Com Vítimas Feridas";"Pleno dia";"Decrescente";"Céu Claro";"Dupla";"Aclive;Reta";"Sim";2;0;1;0;1;0;1;2;-15,621374;-47,71698;"SPRF-DF";"DEL02-DF";"UOP01-DEL02-DF"
380446;2021-08-31;"terça-feira";"08:20:00";"CE";116;1,6;"FORTALEZA";"Reação tardia ou ineficiente do condutor";"Colisão traseira";"Com Vítimas Feridas";"Pleno dia";"Decrescente";"Céu Claro";"Múltipla";"Reta";"Sim";3;0;2;0;1;0;2;2;-3,76159894;-38,51900662;"SPRF-CE";"DEL01-CE";"UOP02-DEL01-CE"
380449;2021-08-31;"terça-feira";"08:00:00";"BA";324;531;"FEIRA DE SANTANA";"Avarias e/ou desgaste excessivo no pneu";"Queda de ocupante de veículo";"Com Vítimas Feridas";"Pleno dia";"Crescente";"Céu Claro";"Dupla";"Reta";"Não";2;0;2;0;0;0;2;1;-12,3465838;-38,83809686;"SPRF-BA";"DEL01-BA";"UOP03-DEL01-BA"
380450;2021-08-31;"terça-feira";"09:00:00";"MG";381;481,3;"CONTAGEM";"Ausência de reação do condutor";"Tombamento";"Com Vítimas Feridas";"Pleno dia";"Crescente";"Nublado";"Múltipla";"Reta";"Sim";1;0;1;0;0;0;1;1;-19,96334562;-44,047966;"SPRF-MG";"DEL01-MG";"UOP03-DEL01-MG"
380451;2021-08-31;"terça-feira";"08:35:00";"RS";116;263,7;"CANOAS";"Manobra de mudança de faixa";"Colisão lateral mesmo sentido";"Com Vítimas Feridas";"Pleno dia";"Crescente";"Céu Claro";"Dupla";"Reta";"Sim";2;0;1;0;1;0;1;2;-29,90545398;-51,17674031;"SPRF-RS";"DEL01-RS";"UOP01-DEL01-RS"
380453;2021-08-31;"terça-feira";"08:30:00";"BA";324;620;"SALVADOR";"Condutor deixou de manter distância do veículo da frente";"Engavetamento";"Sem Vítimas";"Pleno dia";"Crescente";"Céu Claro";"Dupla";"Reta";"Sim";4;0;0;0;4;0;0;4;-12,90482172;-38,45556535;"SPRF-BA";"DEL01-BA";"UOP01-DEL01-BA"
380454;2021-08-30;"segunda-feira";"21:50:00";"BA";242;220;"ITABERABA";"Ingestão de álcool pelo condutor";"Capotamento";"Com Vítimas Feridas";"Plena Noite";"Crescente";"Céu Claro";"Simples";"Reta";"Não";3;0;3;0;0;0;3;1;-12,521094;-40,233146;"SPRF-BA";"DEL06-BA";"UOP02-DEL06-BA"
380458;2021-04-10;"sábado";"07:30:00";"PR";277;0,8;"PARANAGUA";"Reação tardia ou ineficiente do condutor";"Tombamento";"Com Vítimas Feridas";"Pleno dia";"Decrescente";"Ignorado";"Simples";"Reta";"Sim";1;0;1;0;0;0;1;1;-25,52719166;-48,54781151;"SPRF-PR";"DEL01-PR";"UOP05-DEL01-PR"
380461;2021-08-31;"terça-feira";"10:00:00";"RJ";493;5;"ITABORAI";"Ausência de reação do condutor";"Tombamento";"Com Vítimas Feridas";"Pleno dia";"Crescente";"Chuva";"Simples";"Reta";"Sim";1;0;1;0;0;0;1;1;-22,73998606;-42,95374823;"SPRF-RJ";"DEL02-RJ";"UOP02-DEL02-RJ"
380462;2021-08-31;"terça-feira";"06:45:00";"MT";364;133,2;"PEDRA PRETA";"Velocidade Incompatível";"Queda de ocupante de veículo";"Com Vítimas Feridas";"Pleno dia";"Crescente";"Sol";"Simples";"Curva";"Não";1;0;0;1;0;0;1;1;-16,8291891;-54,00466919;"SPRF-MT";"DEL02-MT";"UOP01-DEL02-MT"
380463;2021-08-15;"domingo";"12:50:00";"SC";101;215,3;"PALHOCA";"Velocidade Incompatível";"Capotamento";"Com Vítimas Feridas";"Pleno dia";"Crescente";"Céu Claro";"Dupla";"Reta";"Sim";1;0;0;1;0;0;1;1;-27,65184843;-48,67604941;"SPRF-SC";"DEL01-SC";"UOP02-DEL01-SC"
380466;2021-08-31;"terça-feira";"11:10:00";"RJ";116;104;"GUAPIMIRIM";"Avarias e/ou desgaste excessivo no pneu";"Saída de leito carroçável";"Sem Vítimas";"Pleno dia";"Decrescente";"Chuva";"Dupla";"Reta";"Não";1;0;0;0;1;0;0;1;-22,50841847;-42,99821493;"SPRF-RJ";"DEL04-RJ";"UOP02-DEL04-RJ"
380468;2021-08-31;"terça-feira";"10:20:00";"GO";70;15,3;"AGUAS LINDAS DE GOIAS";"Mal súbito do condutor";"Colisão com objeto";"Com Vítimas Fatais";"Pleno dia";"Decrescente";"Céu Claro";"Dupla";"Aclive;Reta";"Sim";1;1;0;0;0;0;0;1;-15,756037;-48,334958;"SPRF-DF";"DEL03-DF";"UOP02-DEL03-DF"
380469;2021-08-31;"terça-feira";"09:30:00";"BA";324;520,6;"FEIRA DE SANTANA";"Condutor deixou de manter distância do veículo da frente";"Colisão traseira";"Sem Vítimas";"Pleno dia";"Decrescente";"Sol";"Dupla";"Reta";"Não";4;0;0;0;4;0;0;3;-12,28371477;-38,92030701;"SPRF-BA";"DEL01-BA";"UOP03-DEL01-BA"
380470;2021-08-31;"terça-feira";"10:00:00";"RJ";40;123;"DUQUE DE CAXIAS";"Acesso irregular";"Colisão lateral mesmo sentido";"Com Vítimas Feridas";"Pleno dia";"Crescente";"Chuva";"Dupla";"Interseção de Vias";"Não";2;0;1;0;1;0;1;2;-22,79907687;-43,29015739;"SPRF-RJ";"DEL01-RJ";"UOP01-DEL01-RJ"
380471;2021-07-18;"domingo";"20:34:00";"MG";381;159,6;"GOVERNADOR VALADARES";"Velocidade Incompatível";"Tombamento";"Com Vítimas Feridas";"Plena Noite";"Crescente";"Ignorado";"Simples";"Rotatória";"Não";1;0;1;0;0;0;1;1;-18,8347378;-41,9295593;"SPRF-MG";"DEL06-MG";"UOP01-DEL06-MG"
380472;2021-08-31;"terça-feira";"11:30:00";"SC";101;192,2;"BIGUACU";"Trafegar com motocicleta (ou similar) entre as faixas";"Colisão com objeto";"Com Vítimas Feridas";"Pleno dia";"Crescente";"Nublado";"Múltipla";"Curva";"Sim";1;0;0;1;0;0;1;1;-27,48443781;-48,64765238;"SPRF-SC";"DEL01-SC";"UOP01-DEL01-SC"
380473;2021-08-07;"sábado";"16:10:00";"RS";293;12;"CAPAO DO LEAO";"Acessar a via sem observar a presença dos outros veículos";"Colisão transversal";"Com Vítimas Feridas";"Pleno dia";"Decrescente";"Céu Claro";"Simples";"Reta";"Sim";3;0;0;1;2;0;1;2;-31,75636452;-52,44078991;"SPRF-RS";"DEL07-RS";"UOP01-DEL07-RS"
380474;2021-08-22;"domingo";"03:15:00";"MS";163;270,2;"DOURADOS";"Ausência de reação do condutor";"Colisão com objeto";"Sem Vítimas";"Plena Noite";"Crescente";"Ignorado";"Dupla";"Rotatória";"Não";2;0;0;0;1;1;0;1;-22,194847;-54,69295;"SPRF-MS";"DEL04-MS";"UOP01-DEL04-MS"
380475;2021-08-31;"terça-feira";"11:30:00";"PE";232;52;"VITORIA DE SANTO ANTAO";"Reação tardia ou ineficiente do condutor";"Saída de leito carroçável";"Sem Vítimas";"Pleno dia";"Decrescente";"Céu Claro";"Dupla";"Reta";"Não";1;0;0;0;0;1;0;1;-8,13420544;-35,34022822;"SPRF-PE";"DEL01-PE";"UOP01-DEL01-PE"
380476;2021-08-29;"domingo";"17:10:00";"RS";386;121,7;"SARANDI";"Velocidade Incompatível";"Saída de leito carroçável";"Sem Vítimas";"Pleno dia";"Crescente";"Céu Claro";"Simples";"Reta";"Não";1;0;0;0;1;0;0;1;-27,882097;-52,998837;"SPRF-RS";"DEL08-RS";"UOP01-DEL08-RS"
380479;2021-08-31;"terça-feira";"09:40:00";"MG";262;496,8;"MOEMA";"Velocidade Incompatível";"Saída de leito carroçável";"Com Vítimas Feridas";"Pleno dia";"Crescente";"Sol";"Simples";"Reta";"Não";2;0;0;1;1;0;1;1;-19,78514129;-45,39868002;"SPRF-MG";"DEL08-MG";"UOP03-DEL08-MG"
380481;2021-08-31;"terça-feira";"12:10:00";"MG";40;770,5;"JUIZ DE FORA";"Ausência de reação do condutor";"Capotamento";"Com Vítimas Feridas";"Pleno dia";"Crescente";"Garoa/Chuvisco";"Simples";"Curva";"Não";1;0;1;0;0;0;1;1;-21,59924304;-43,4579108;"SPRF-MG";"DEL05-MG";"UOP01-DEL05-MG"
380482;2021-08-31;"terça-feira";"11:45:00";"CE";222;3,8;"CAUCAIA";"Condutor deixou de manter distância do veículo da frente";"Colisão traseira";"Com Vítimas Feridas";"Pleno dia";"Crescente";"Céu Claro";"Múltipla";"Reta";"Sim";2;0;0;1;1;0;1;2;-3,7403769;-38,59569202;"SPRF-CE";"DEL01-CE";"UOP01-DEL01-CE"
380483;2021-08-31;"terça-feira";"11:20:00";"SC";101;270,4;"IMBITUBA";"Reação tardia ou ineficiente do condutor";"Saída de leito carroçável";"Com Vítimas Feridas";"Pleno dia";"Crescente";"Céu Claro";"Dupla";"Reta";"Não";3;0;3;0;0;0;3;1;-28,1015411;-48,70410641;"SPRF-SC";"DEL02-SC";"UOP03-DEL02-SC"
380484;2021-08-31;"terça-feira";"12:28:00";"PB";101;85,1;"BAYEUX";"Ausência de reação do condutor";"Colisão traseira";"Com Vítimas Feridas";"Pleno dia";"Decrescente";"Céu Claro";"Dupla";"Reta";"Sim";2;0;0;1;0;1;1;2;-7,14538184;-34,91662887;"SPRF-PB";"DEL01-PB";"UOP01-DEL01-PB"
380485;2021-08-31;"terça-feira";"11:50:00";"SP";116;121,7;"CACAPAVA";"Manobra de mudança de faixa";"Colisão lateral mesmo sentido";"Com Vítimas Feridas";"Pleno dia";"Crescente";"Céu Claro";"Múltipla";"Reta";"Não";2;0;1;0;0;1;1;2;-23,07631169;-45,65337222;"SPRF-SP";"DEL02-SP";"UOP02-DEL02-SP"
380487;2021-08-31;"terça-feira";"12:30:00";"GO";50;248;"CATALAO";"Mal súbito do condutor";"Saída de leito carroçável";"Com Vítimas Feridas";"Pleno dia";"Crescente";"Céu Claro";"Dupla";"Reta";"Não";1;0;0;1;0;0;1;1;-17,9522;-47,7883;"SPRF-GO";"DEL06-GO";"UOP01-DEL06-GO"
380489;2021-08-31;"terça-feira";"05:19:00";"SC";282;30;"SANTO AMARO DA IMPERATRIZ";"Demais falhas mecânicas ou elétricas";"Incêndio";"Sem Vítimas";"Amanhecer";"Crescente";"Nublado";"Simples";"Reta";"Não";2;0;0;0;0;2;0;1;-27,687376;-48,79071;"SPRF-SC";"DEL01-SC";"UOP03-DEL01-SC"
380490;2021-08-31;"terça-feira";"11:45:00";"MT";163;845;"SINOP";"Ultrapassagem Indevida";"Engavetamento";"Com Vítimas Feridas";"Pleno dia";"Crescente";"Céu Claro";"Simples";"Reta";"Não";9;0;1;0;8;0;1;3;-11,755313;-55,467734;"SPRF-MT";"DEL06-MT";"NPF/DEL06-MT"
380491;2021-08-30;"segunda-feira";"07:30:00";"GO";60;89;"ANAPOLIS";"Reação tardia ou ineficiente do condutor";"Saída de leito carroçável";"Com Vítimas Feridas";"Amanhecer";"Decrescente";"Céu Claro";"Dupla";"Reta";"Sim";2;0;2;0;0;0;2;1;-16,3367;-48,8957;"SPRF-GO";"DEL02-GO";"UOP01-DEL02-GO"
380493;2021-08-31;"terça-feira";"13:10:00";"MG";153;12;"ARAPORA";"Velocidade Incompatível";"Saída de leito carroçável";"Com Vítimas Feridas";"Pleno dia";"Decrescente";"Céu Claro";"Dupla";"Reta";"Não";1;0;1;0;0;0;1;1;-18,52415703;-49,19080383;"SPRF-MG";"DEL15-MG";"UOP03-DEL15-MG"
380496;2021-08-08;"domingo";"03:45:00";"PR";116;125;"FAZENDA RIO GRANDE";"Condutor desrespeitou a iluminação vermelha do semáforo";"Colisão transversal";"Com Vítimas Feridas";"Plena Noite";"Crescente";"Céu Claro";"Dupla";"Reta";"Sim";2;0;1;0;0;1;1;2;-25,59505309;-49,31630659;"SPRF-PR";"DEL01-PR";"UOP03-DEL01-PR"
380497;2021-08-31;"terça-feira";"06:15:00";"PE";232;136,9;"CARUARU";"Velocidade Incompatível";"Saída de leito carroçável";"Sem Vítimas";"Amanhecer";"Crescente";"Ignorado";"Dupla";"Aclive;Reta";"Não";1;0;0;0;0;1;0;1;-8,31595;-36,050098;"SPRF-PE";"DEL02-PE";"UOP03-DEL02-PE"
380498;2021-08-31;"terça-feira";"13:20:00";"RJ";116;163;"RIO DE JANEIRO";"Chuva";"Tombamento";"Com Vítimas Feridas";"Pleno dia";"Decrescente";"Céu Claro";"Múltipla";"Reta";"Não";1;0;1;0;0;0;1;1;-22,802729;-43,290424;"SPRF-RJ";"DEL01-RJ";"UOP01-DEL01-RJ"
380499;2021-08-31;"terça-feira";"13:35:00";"ES";262;6,4;"CARIACICA";"Reação tardia ou ineficiente do condutor";"Colisão traseira";"Com Vítimas Feridas";"Pleno dia";"Decrescente";"Nublado";"Múltipla";"Reta";"Sim";4;0;1;0;3;0;1;2;-20,343118;-40,40277958;"SPRF-ES";"DEL01-ES";"UOP01-DEL01-ES"
380500;2021-08-31;"terça-feira";"13:55:00";"BA";324;606;"SIMOES FILHO";"Reação tardia ou ineficiente do condutor";"Saída de leito carroçável";"Com Vítimas Feridas";"Pleno dia";"Decrescente";"Céu Claro";"Dupla";"Reta";"Sim";2;0;1;0;1;0;1;2;-12,79340512;-38,40485325;"SPRF-BA";"DEL01-BA";"UOP01-DEL01-BA"
380502;2021-07-23;"sexta-feira";"02:30:00";"RJ";116;250,3;"PIRAI";"Ausência de reação do condutor";"Colisão traseira";"Com Vítimas Feridas";"Plena Noite";"Crescente";"Céu Claro";"Dupla";"Reta";"Não";2;0;1;0;1;0;1;2;-22,59303815;-43,95591144;"SPRF-RJ";"DEL07-RJ";"UOP01-DEL07-RJ"
380503;2021-06-26;"sábado";"18:30:00";"RN";110;52,4;"MOSSORO";"Retorno proibido";"Colisão transversal";"Com Vítimas Feridas";"Plena Noite";"Decrescente";"Céu Claro";"Simples";"Reta";"Não";2;0;1;1;0;0;2;2;-5,235871;-37,331882;"SPRF-RN";"DEL04-RN";"UOP01-DEL04-RN"
380507;2021-08-31;"terça-feira";"14:00:00";"SE";235;1,9;"ARACAJU";"Condutor deixou de manter distância do veículo da frente";"Colisão traseira";"Sem Vítimas";"Pleno dia";"Decrescente";"Céu Claro";"Dupla";"Aclive";"Sim";4;0;0;0;4;0;0;2;-10,9073;-37,0947;"SPRF-SE";"DEL01-SE";"UOP01-DEL01-SE"
380508;2021-07-31;"sábado";"21:00:00";"PI";343;306,1;"ALTOS";"Transitar na contramão";"Colisão frontal";"Com Vítimas Feridas";"Plena Noite";"Decrescente";"Céu Claro";"Simples";"Reta";"Sim";2;0;1;1;0;0;2;2;-5,038756;-42,450893;"SPRF-PI";"DEL01-PI";"UOP01-DEL01-PI"
380509;2021-08-31;"terça-feira";"12:25:00";"RO";364;559;"ALTO PARAISO";"Ausência de reação do condutor";"Saída de leito carroçável";"Com Vítimas Feridas";"Pleno dia";"Decrescente";"Céu Claro";"Simples";"Reta";"Não";5;0;0;2;3;0;2;1;-9,57083902;-63,07461536;"SPRF-RO";"DEL03-RO";"UOP01-DEL03-RO"
380510;2021-08-31;"terça-feira";"13:00:00";"MG";40;690,5;"ALFREDO VASCONCELOS";"Demais falhas mecânicas ou elétricas";"Eventos atípicos";"Com Vítimas Feridas";"Pleno dia";"Crescente";"Céu Claro";"Simples";"Reta";"Não";2;0;1;0;1;0;1;2;-21,12847993;-43,75993967;"SPRF-MG";"DEL05-MG";"UOP02-DEL05-MG"
380514;2021-08-31;"terça-feira";"15:50:00";"SP";116;221,6;"GUARULHOS";"Condutor deixou de manter distância do veículo da frente";"Engavetamento";"Com Vítimas Feridas";"Pleno dia";"Decrescente";"Céu Claro";"Múltipla";"Reta";"Sim";5;0;1;0;4;0;1;4;-23,46802395;-46,50704901;"SPRF-SP";"DEL01-SP";"UOP01-DEL01-SP"
380515;2021-08-31;"terça-feira";"09:00:00";"SC";101;14;"GARUVA";"Demais falhas mecânicas ou elétricas";"Capotamento";"Com Vítimas Feridas";"Pleno dia";"Crescente";"Céu Claro";"Dupla";"Reta";"Não";1;0;1;0;0;0;1;1;-26,09803515;-48,86773972;"SPRF-SC";"DEL03-SC";"UOP01-DEL03-SC"
380516;2021-08-25;"quarta-feira";"19:16:00";"RN";101;125;"SAO JOSE DE MIPIBU";"Animais na Pista";"Atropelamento de Animal";"Com Vítimas Feridas";"Plena Noite";"Decrescente";"Chuva";"Simples";"Reta";"Sim";1;0;0;1;0;0;1;1;-6,07815599;-35,23412006;"SPRF-RN";"DEL01-RN";"UOP01-DEL01-RN"
380518;2021-03-28;"domingo";"16:00:00";"MG";116;376;"MATHIAS LOBATO";"Ultrapassagem Indevida";"Colisão frontal";"Com Vítimas Feridas";"Pleno dia";"Crescente";"Céu Claro";"Simples";"Curva;Declive";"Não";2;0;0;1;1;0;1;2;-18,58374518;-41,92425728;"SPRF-MG";"DEL06-MG";"UOP01-DEL06-MG"
380519;2021-08-31;"terça-feira";"15:30:00";"SP";116;282,8;"EMBU DAS ARTES";"Ingestão de álcool pelo condutor";"Saída de leito carroçável";"Com Vítimas Feridas";"Pleno dia";"Decrescente";"Sol";"Dupla";"Reta";"Sim";1;0;1;0;0;0;1;1;-23,66525998;-46,85415745;"SPRF-SP";"DEL04-SP";"UOP01-DEL04-SP"
380523;2021-08-31;"terça-feira";"16:15:00";"SP";116;225;"GUARULHOS";"Velocidade Incompatível";"Colisão traseira";"Com Vítimas Feridas";"Pleno dia";"Decrescente";"Céu Claro";"Múltipla";"Declive";"Sim";2;0;1;0;1;0;1;2;-23,48586772;-46,54075317;"SPRF-SP";"DEL01-SP";"UOP01-DEL01-SP"
380526;2021-08-31;"terça-feira";"16:50:00";"PR";376;215,9;"JANDAIA DO SUL";"Acessar a via sem observar a presença dos outros veículos";"Colisão transversal";"Com Vítimas Feridas";"Pleno dia";"Decrescente";"Céu Claro";"Simples";"Interseção de Vias";"Não";2;0;1;0;1;0;1;2;-23,58821637;-51,64565563;"SPRF-PR";"DEL09-PR";"UOP01-DEL09-PR"
380528;2021-08-31;"terça-feira";"17:00:00";"MG";381;502;"BETIM";"Reação tardia ou ineficiente do condutor";"Queda de ocupante de veículo";"Com Vítimas Feridas";"Pleno dia";"Crescente";"Céu Claro";"Dupla";"Reta";"Sim";1;0;1;0;0;0;1;1;-20,03619694;-44,24586303;"SPRF-MG";"DEL01-MG";"UOP03-DEL01-MG"
380530;2021-08-31;"terça-feira";"15:00:00";"RS";116;172,2;"CAXIAS DO SUL";"Ingestão de álcool pelo condutor";"Saída de leito carroçável";"Com Vítimas Feridas";"Pleno dia";"Decrescente";"Sol";"Simples";"Curva";"Não";1;0;1;0;0;0;1;1;-29,31663009;-51,16927298;"SPRF-RS";"DEL05-RS";"UOP02-DEL05-RS"