"id";"data_inversa";"dia_semana";"horario";"uf";"br";"km";"municipio";"causa_acidente";"tipo_acidente";"classificacao_acidente";"fase_dia";"sentido_via";"condicao_metereologica";"tipo_pista";"tracado_via";"uso_solo";"pessoas";"mortos";"feridos_leves";"feridos_graves";"ilesos";"ignorados";"feridos";"veiculos";"latitude";"longitude";"regional";"delegacia";"uop"
380531;2021-08-31;"terça-feira";"17:15:00";"RN";101;109;"PARNAMIRIM";"Acessar a via sem observar a presença dos outros veículos";"Colisão transversal";"Com Vítimas Feridas";"Anoitecer";"Decrescente";"Céu Claro";"Dupla";"Retorno Regulamentado";"Sim";2;0;2;0;0;0;2;2;-5,937378;-35,26483;"SPRF-RN";"DEL01-RN";"UOP01-DEL01-RN"
380532;2021-08-31;"terça-feira";"16:35:00";"BA";101;831,2;"PRADO";"Chuva";"Saída de leito carroçável";"Com Vítimas Feridas";"Plena Noite";"Decrescente";"Chuva";"Simples";"Curva";"Não";2;0;2;0;0;0;2;1;-17,18491;-39,58541;"SPRF-BA";"DEL09-BA";"UOP02-DEL09-BA"
380533;2021-08-31;"terça-feira";"17:20:00";"PR";376;238;"APUCARANA";"Acesso irregular";"Colisão traseira";"Com Vítimas Feridas";"Pleno dia";"Decrescente";"Céu Claro";"Dupla";"Aclive";"Não";3;0;1;1;1;0;2;2;-23,584998;-51,470127;"SPRF-PR";"DEL07-PR";"UOP02-DEL07-PR"
380534;2021-08-31;"terça-feira";"17:40:00";"GO";40;7,5;"VALPARAISO DE GOIAS";"Velocidade Incompatível";"Atropelamento de Pedestre";"Com Vítimas Feridas";"Pleno dia";"Crescente";"Céu Claro";"Dupla";"Reta";"Não";3;0;1;2;0;0;3;2;-16,11260157;-47,9699046;"SPRF-DF";"DEL01-DF";"UOP01-DEL01-DF"
380536;2021-08-31;"terça-feira";"17:40:00";"PE";101;46;"IGARASSU";"Condutor deixou de manter distância do veículo da frente";"Colisão traseira";"Com Vítimas Feridas";"Anoitecer";"Crescente";"Céu Claro";"Dupla";"Reta";"Sim";2;0;1;0;1;0;1;2;-7,87406004;-34,90588126;"SPRF-PE";"DEL01-PE";"UOP02-DEL01-PE"
380538;2021-08-31;"terça-feira";"17:40:00";"SC";280;166,1;"MAFRA";"Reação tardia ou ineficiente do condutor";"Tombamento";"Com Vítimas Feridas";"Pleno dia";"Crescente";"Céu Claro";"Simples";"Reta";"Sim";1;0;0;1;0;0;1;1;-26,17713619;-49,81611416;"SPRF-SC";"DEL06-SC";"UOP01-DEL06-SC"
380540;2021-08-31;"terça-feira";"16:00:00";"RR";0;0;"BOA VISTA";"Acessar a via sem observar a presença dos outros veículos";"Colisão transversal";"Sem Vítimas";"Pleno dia";"Não Informado";"Céu Claro";"Dupla";"Reta";"Sim";2;0;0;0;2;0;0;2;2,81256358;-60,69391218;"SPRF-RR";"DEL01-RR";"UOP01-DEL01-RR"
380541;2021-08-31;"terça-feira";"08:00:00";"PE";104;68,4;"CARUARU";"Reação tardia ou ineficiente do condutor";"Saída de leito carroçável";"Sem Vítimas";"Pleno dia";"Decrescente";"Sol";"Dupla";"Curva;Declive";"Não";1;0;0;0;0;1;0;1;-8,3107;-35,9904;"SPRF-PE";"DEL02-PE";"UOP01-DEL02-PE"
380543;2021-08-31;"terça-feira";"18:45:00";"BA";116;817,9;"VITORIA DA CONQUISTA";"Acessar a via sem observar a presença dos outros veículos";"Colisão lateral mesmo sentido";"Com Vítimas Fatais";"Plena Noite";"Crescente";"Nublado";"Simples";"Reta;Interseção de Vias";"Sim";5;1;3;0;0;1;3;4;-14,823502;-40,818549;"SPRF-BA";"DEL08-BA";"UOP01-DEL08-BA"
380544;2021-08-31;"terça-feira";"11:00:00";"MG";356;265,7;"MURIAE";"Desrespeitar a preferência no cruzamento";"Colisão transversal";"Com Vítimas Feridas";"Pleno dia";"Decrescente";"Chuva";"Simples";"Reta;Interseção de Vias";"Sim";2;0;1;0;1;0;1;2;-21,12838898;-42,366803;"SPRF-MG";"DEL07-MG";"UOP02-DEL07-MG"
380545;2021-08-31;"terça-feira";"18:00:00";"AL";101;129;"SAO MIGUEL DOS CAMPOS";"Velocidade Incompatível";"Colisão com objeto";"Com Vítimas Fatais";"Plena Noite";"Crescente";"Vento";"Dupla";"Viaduto";"Não";2;1;1;0;0;0;1;1;-9,74963266;-36,06531248;"SPRF-AL";"DEL02-AL";"UOP01-DEL02-AL"
380546;2021-08-31;"terça-feira";"12:30:00";"MT";70;629;"POCONE";"Ausência de reação do condutor";"Colisão frontal";"Com Vítimas Fatais";"Pleno dia";"Crescente";"Céu Claro";"Simples";"Reta";"Não";6;2;4;0;0;0;4;2;-15,93258031;-56,94149714;"SPRF-MT";"DEL03-MT";"UOP02-DEL03-MT"
380547;2021-08-31;"terça-feira";"17:15:00";"SC";280;123;"RIO NEGRINHO";"Reação tardia ou ineficiente do condutor";"Queda de ocupante de veículo";"Com Vítimas Feridas";"Pleno dia";"Crescente";"Céu Claro";"Simples";"Aclive;Reta";"Sim";2;0;1;0;1;0;1;2;-26,24420169;-49,46557991;"SPRF-SC";"DEL06-SC";"UOP03-DEL06-SC"
380548;2021-08-29;"domingo";"16:40:00";"SC";101;324;"CAPIVARI DE BAIXO";"Ingestão de álcool pelo condutor";"Tombamento";"Com Vítimas Feridas";"Pleno dia";"Crescente";"Céu Claro";"Simples";"Viaduto";"Sim";1;0;0;1;0;0;1;1;-28,425698;-48,943285;"SPRF-SC";"DEL02-SC";"UOP01-DEL02-SC"
380549;2021-08-31;"terça-feira";"18:57:00";"SC";101;439,2;"SOMBRIO";"Transitar na contramão";"Colisão frontal";"Com Vítimas Feridas";"Plena Noite";"Crescente";"Céu Claro";"Simples";"Reta";"Não";2;0;0;1;1;0;1;2;-29,12393556;-49,66721535;"SPRF-SC";"DEL02-SC";"UOP02-DEL02-SC"
380550;2021-08-31;"terça-feira";"18:40:00";"PE";232;111,5;"BEZERROS";"Ingestão de álcool pelo condutor";"Saída de leito carroçável";"Sem Vítimas";"Plena Noite";"Decrescente";"Céu Claro";"Dupla";"Reta";"Não";1;0;0;0;0;1;0;1;-8,2922971;-35,82419791;"SPRF-PE";"DEL02-PE";"UOP02-DEL02PE"
380551;2021-08-31;"terça-feira";"19:10:00";"BA";110;2;"PAULO AFONSO";"Desrespeitar a preferência no cruzamento";"Colisão lateral mesmo sentido";"Sem Vítimas";"Plena Noite";"Crescente";"Céu Claro";"Simples";"Rotatória";"Sim";2;0;0;0;2;0;0;2;-9,47099311;-38,20719886;"SPRF-BA";"DEL07-BA";"UOP01-DEL07-BA"
380552;2021-08-31;"terça-feira";"19:30:00";"RS";470;167;"VILA FLORES";"Ausência de reação do condutor";"Saída de leito carroçável";"Com Vítimas Feridas";"Plena Noite";"Crescente";"Céu Claro";"Simples";"Reta;Declive";"Não";1;0;1;0;0;0;1;1;-28,850615;-51,562645;"SPRF-RS";"DEL06-RS";"UOP02-DEL06-RS"
380553;2021-08-31;"terça-feira";"08:00:00";"SC";280;169;"MAFRA";"Acessar a via sem observar a presença dos outros veículos";"Colisão transversal";"Com Vítimas Feridas";"Pleno dia";"Decrescente";"Céu Claro";"Simples";"Reta";"Sim";2;0;1;0;1;0;1;2;-26,15225092;-49,81293951;"SPRF-SC";"DEL06-SC";"UOP01-DEL06-SC"
380554;2021-08-31;"terça-feira";"17:10:00";"RJ";40;70;"PETROPOLIS";"Pista Escorregadia";"Colisão com objeto";"Com Vítimas Feridas";"Pleno dia";"Decrescente";"Chuva";"Simples";"Curva";"Não";1;0;1;0;0;0;1;1;-22,46696357;-43,18686426;"SPRF-RJ";"DEL06-RJ";"UOP01-DEL06-RJ"
380555;2021-08-31;"terça-feira";"19:30:00";"PE";101;8;"CABO DE SANTO AGOSTINHO";"Transitar no acostamento";"Colisão transversal";"Com Vítimas Feridas";"Plena Noite";"Crescente";"Chuva";"Simples";"Reta";"Sim";3;0;2;0;1;0;2;2;-8,287093;-35,03529;"SPRF-PE";"DEL01-PE";"UOP01-DEL01-PE"
380556;2021-08-31;"terça-feira";"19:54:00";"RN";101;77,9;"NATAL";"Animais na Pista";"Atropelamento de Animal";"Sem Vítimas";"Plena Noite";"Decrescente";"Céu Claro";"Dupla";"Reta";"Sim";1;0;0;0;1;0;0;1;-5,73180495;-35,29112135;"SPRF-RN";"DEL02-RN";"UOP01-DEL02-RN"
380557;2021-08-31;"terça-feira";"19:40:00";"MG";262;441;"NOVA SERRANA";"Ausência de reação do condutor";"Colisão traseira";"Com Vítimas Feridas";"Plena Noite";"Decrescente";"Céu Claro";"Simples";"Declive";"Não";2;0;0;1;1;0;1;2;-19,88296154;-44,90293014;"SPRF-MG";"DEL08-MG";"UOP03-DEL08-MG"
380558;2021-08-31;"terça-feira";"19:20:00";"PE";101;69,8;"RECIFE";"Conversão proibida";"Colisão transversal";"Com Vítimas Feridas";"Plena Noite";"Crescente";"Nublado";"Múltipla";"Reta";"Sim";2;0;1;0;1;0;1;2;-8,06645;-34,943504;"SPRF-PE";"DEL01-PE";"UOP01-DEL01-PE"
380560;2021-08-31;"terça-feira";"19:10:00";"SC";101;213;"PALHOCA";"Condutor deixou de manter distância do veículo da frente";"Colisão transversal";"Sem Vítimas";"Plena Noite";"Crescente";"Céu Claro";"Dupla";"Reta";"Sim";2;0;0;0;2;0;0;2;-27,63697369;-48,66514142;"SPRF-SC";"DEL01-SC";"UOP02-DEL01-SC"
380561;2021-08-31;"terça-feira";"19:30:00";"PR";116;43,5;"CAMPINA GRANDE DO SUL";"Velocidade Incompatível";"Saída de leito carroçável";"Com Vítimas Feridas";"Plena Noite";"Crescente";"Garoa/Chuvisco";"Múltipla";"Curva";"Não";3;0;1;0;2;0;1;1;-25,18101149;-48,88196442;"SPRF-PR";"DEL01-PR";"UOP02-DEL01-PR"
380563;2021-08-31;"terça-feira";"20:12:00";"RS";472;573;"URUGUAIANA";"Entrada inopinada do pedestre";"Atropelamento de Pedestre";"Com Vítimas Feridas";"Plena Noite";"Crescente";"Céu Claro";"Simples";"Reta";"Sim";2;0;1;0;1;0;1;2;-29,74143591;-56,97819304;"SPRF-RS";"DEL13-RS";"UOP01-DEL13-RS"
380564;2021-08-31;"terça-feira";"17:40:00";"PI";316;6,5;"TERESINA";"Pista em desnível";"Tombamento";"Com Vítimas Feridas";"Pleno dia";"Decrescente";"Céu Claro";"Dupla";"Em Obras;Reta";"Sim";1;0;1;0;0;0;1;1;-5,14702095;-42,77438982;"SPRF-PI";"DEL01-PI";"UOP02-DEL01-PI"
380566;2021-08-31;"terça-feira";"18:55:00";"RO";364;12;"VILHENA";"Obras na pista";"Queda de ocupante de veículo";"Com Vítimas Feridas";"Plena Noite";"Crescente";"Céu Claro";"Simples";"Reta";"Sim";1;0;1;0;0;0;1;1;-12,75194006;-60,10600907;"SPRF-RO";"DEL04-RO";"UOP01-DEL04-RO"
380568;2021-08-08;"domingo";"21:30:00";"MA";316;201;"ZE DOCA";"Acessar a via sem observar a presença dos outros veículos";"Colisão lateral sentido oposto";"Com Vítimas Feridas";"Plena Noite";"Decrescente";"Céu Claro";"Simples";"Reta";"Não";2;0;0;1;1;0;1;2;-3,304672;-45,65876;"SPRF-MA";"DEL02-MA";"UOP01-DEL02-MA"
380569;2021-08-31;"terça-feira";"18:20:00";"MG";116;474;"TARUMIRIM";"Velocidade Incompatível";"Colisão traseira";"Com Vítimas Feridas";"Plena Noite";"Decrescente";"Nublado";"Simples";"Reta";"Não";3;0;1;0;0;2;1;3;-19,3393187;-42,0800266;"SPRF-MG";"DEL06-MG";"UOP02-DEL06-MG"
380570;2021-08-31;"terça-feira";"21:00:00";"MG";40;160,3;"JOAO PINHEIRO";"Reação tardia ou ineficiente do condutor";"Saída de leito carroçável";"Com Vítimas Feridas";"Plena Noite";"Crescente";"Chuva";"Simples";"Curva";"Não";1;0;0;1;0;0;1;1;-17,87901399;-46,12652195;"SPRF-MG";"DEL14-MG";"UOP02-DEL14-MG"
380571;2021-08-31;"terça-feira";"17:55:00";"SC";282;569,9;"NOVA ERECHIM";"Acessar a via sem observar a presença dos outros veículos";"Colisão transversal";"Com Vítimas Feridas";"Anoitecer";"Crescente";"Céu Claro";"Simples";"Reta";"Sim";2;0;0;1;1;0;1;2;-26,894342;-52,923874;"SPRF-SC";"DEL07-SC";"UOP02-DEL07-SC"
380572;2021-08-31;"terça-feira";"21:15:00";"BA";101;934;"MUCURI";"Pista Escorregadia";"Colisão com objeto";"Com Vítimas Feridas";"Plena Noite";"Crescente";"Chuva";"Simples";"Reta";"Sim";1;0;1;0;0;0;1;1;-17,99181172;-39,86078408;"SPRF-BA";"DEL09-BA";"UOP02-DEL09-BA"
380574;2021-08-31;"terça-feira";"21:30:00";"AL";316;243;"ATALAIA";"Acumulo de óleo sobre o pavimento";"Tombamento";"Com Vítimas Feridas";"Plena Noite";"Crescente";"Céu Claro";"Simples";"Curva";"Não";1;0;1;0;0;0;1;1;-9,50948818;-36,01302293;"SPRF-AL";"DEL01-AL";"UOP01-DEL01-AL"
380576;2021-08-31;"terça-feira";"10:00:00";"PA";316;70;"SAO FRANCISCO DO PARA";"Ausência de reação do condutor";"Saída de leito carroçável";"Sem Vítimas";"Pleno dia";"Crescente";"Céu Claro";"Simples";"Reta";"Não";1;0;0;0;0;1;0;1;-1,29157829;-47,86624498;"SPRF-PA";"DEL01-PA";"UOP01-DEL01-PA"
380578;2021-08-31;"terça-feira";"20:00:00";"BA";135;123;"RIACHAO DAS NEVES";"Animais na Pista";"Saída de leito carroçável";"Com Vítimas Feridas";"Plena Noite";"Decrescente";"Garoa/Chuvisco";"Simples";"Reta";"Não";2;0;1;0;1;0;1;1;-11,74813911;-44,9014738;"SPRF-BA";"DEL10-BA";"UOP01-DEL10-BA"
380579;2021-08-31;"terça-feira";"18:25:00";"PR";277;386,6;"CANDOI";"Condutor usando celular";"Colisão traseira";"Com Vítimas Feridas";"Anoitecer";"Crescente";"Céu Claro";"Simples";"Reta;Em Obras";"Não";2;0;1;0;1;0;1;2;-25,4251913;-51,79264882;"SPRF-PR";"DEL08-PR";"UOP01-DEL08-PR"
380580;2021-08-31;"terça-feira";"17:10:00";"SC";280;23,5;"ARAQUARI";"Pedestre andava na pista";"Atropelamento de Pedestre";"Com Vítimas Feridas";"Pleno dia";"Decrescente";"Nublado";"Simples";"Reta";"Sim";3;0;0;1;2;0;1;2;-26,37486723;-48,7166512;"SPRF-SC";"DEL03-SC";"UOP03-DEL03-SC"
380581;2021-08-31;"terça-feira";"20:30:00";"TO";153;327,4;"GUARAI";"Acessar a via sem observar a presença dos outros veículos";"Colisão traseira";"Com Vítimas Feridas";"Plena Noite";"Decrescente";"Céu Claro";"Simples";"Reta";"Não";3;0;0;1;1;1;1;2;-8,77258801;-48,51082184;"SPRF-TO";"DEL02-TO";"UOP01-DEL02-TO"
380582;2021-08-31;"terça-feira";"20:30:00";"SC";282;231,9;"LAGES";"Animais na Pista";"Atropelamento de Animal";"Com Vítimas Feridas";"Plena Noite";"Crescente";"Nublado";"Simples";"Declive";"Não";1;0;1;0;0;0;1;1;-27,78531831;-50,44382215;"SPRF-SC";"DEL05-SC";"UOP02-DEL05-SC"
380583;2021-08-31;"terça-feira";"22:35:00";"SP";116;141;"SAO JOSE DOS CAMPOS";"Demais falhas mecânicas ou elétricas";"Incêndio";"Sem Vítimas";"Plena Noite";"Decrescente";"Nublado";"Dupla";"Reta";"Sim";1;0;0;0;1;0;0;1;-23,17004717;-45,82091491;"SPRF-SP";"DEL02-SP";"UOP01-DEL02-SP"
380585;2021-08-31;"terça-feira";"23:00:00";"SP";381;90;"GUARULHOS";"Manobra de mudança de faixa";"Colisão lateral mesmo sentido";"Com Vítimas Feridas";"Plena Noite";"Crescente";"Céu Claro";"Dupla";"Reta";"Sim";2;0;2;0;0;0;2;2;-23,49479479;-46,55959864;"SPRF-SP";"DEL03-SP";"UOP01-DEL03-SP"
380586;2021-08-31;"terça-feira";"22:40:00";"PE";423;98;"GARANHUNS";"Ingestão de álcool pelo condutor";"Tombamento";"Sem Vítimas";"Plena Noite";"Decrescente";"Céu Claro";"Simples";"Rotatória";"Sim";1;0;0;0;0;1;0;1;-8,877901;-36,5061;"SPRF-PE";"DEL03-PE";"UOP01-DEL03-PE"
380587;2021-08-31;"terça-feira";"22:40:00";"RJ";493;94;"SEROPEDICA";"Reação tardia ou ineficiente do condutor";"Saída de leito carroçável";"Com Vítimas Feridas";"Plena Noite";"Decrescente";"Nublado";"Dupla";"Reta";"Não";2;0;2;0;0;0;2;1;-22,7150051;-43,7238202;"SPRF-RJ";"DEL03-RJ";"UOP01-DEL03-RJ"
380589;2021-08-31;"terça-feira";"21:30:00";"PA";10;350;"SANTA MARIA DO PARA";"Ausência de reação do condutor";"Colisão com objeto";"Com Vítimas Feridas";"Plena Noite";"Decrescente";"Nublado";"Simples";"Reta";"Não";1;0;1;0;0;0;1;1;-1,382082;-47,565167;"SPRF-PA";"DEL01-PA";"UOP02-DEL01-PA"
380591;2021-08-31;"terça-feira";"23:00:00";"PR";476;129;"CURITIBA";"Velocidade Incompatível";"Colisão com objeto";"Com Vítimas Feridas";"Plena Noite";"Crescente";"Chuva";"Dupla";"Reta";"Sim";1;0;0;1;0;0;1;1;-25,44353728;-49,23413523;"SPRF-PR";"DEL01-PR";"UOP03-DEL01-PR"
380592;2021-08-31;"terça-feira";"23:20:00";"GO";40;2;"VALPARAISO DE GOIAS";"Entrada inopinada do pedestre";"Atropelamento de Pedestre";"Com Vítimas Feridas";"Plena Noite";"Crescente";"Céu Claro";"Dupla";"Reta";"Sim";2;0;0;1;1;0;1;2;-16,067129;-47,984235;"SPRF-DF";"DEL01-DF";"UOP01-DEL01-DF"
380593;2021-08-31;"terça-feira";"23:40:00";"MG";381;478;"CONTAGEM";"Ausência de reação do condutor";"Colisão com objeto";"Com Vítimas Feridas";"Plena Noite";"Decrescente";"Céu Claro";"Dupla";"Declive;Reta";"Sim";1;0;1;0;0;0;1;1;-19,96201451;-44,03882504;"SPRF-MG";"DEL01-MG";"UOP03-DEL01-MG"
380594;2021-08-31;"terça-feira";"13:00:00";"MA";135;11;"SAO LUIS";"Acesso irregular";"Colisão transversal";"Sem Vítimas";"Pleno dia";"Decrescente";"Sol";"Dupla";"Aclive;Curva";"Não";2;0;0;0;1;1;0;2;-2,53073;-44,3068;"SPRF-MA";"DEL01-MA";"UOP01-DEL01-MA"
380597;2021-08-31;"terça-feira";"17:30:00";"AC";364;12;"ACRELANDIA";"Acessar a via sem observar a presença dos outros veículos";"Colisão transversal";"Com Vítimas Feridas";"Anoitecer";"Decrescente";"Céu Claro";"Simples";"Reta";"Não";4;0;2;1;0;1;3;3;-9,86159874;-66,91021729;"SPRF-AC";"DEL01-AC";"UOP01-DEL01-AC"
380598;2021-09-01;"quarta-feira";"00:10:00";"PR";277;81;"CURITIBA";"Condutor deixou de manter distância do veículo da frente";"Colisão traseira";"Com Vítimas Feridas";"Plena Noite";"Crescente";"Garoa/Chuvisco";"Dupla";"Reta";"Sim";3;0;1;0;2;0;1;2;-25,46599234;-49,21564233;"SPRF-PR";"DEL01-PR";"UOP01-DEL01-PR"
380601;2021-09-01;"quarta-feira";"00:30:00";"PR";277;130,5;"BALSA NOVA";"Ingestão de álcool pelo condutor";"Colisão com objeto";"Sem Vítimas";"Plena Noite";"Decrescente";"Nublado";"Dupla";"Declive;Curva";"Não";1;0;0;0;1;0;0;1;-25,47351271;-49,63594615;"SPRF-PR";"DEL01-PR";"UOP03-DEL03-PR"
380602;2021-09-01;"quarta-feira";"03:00:00";"MG";40;524;"RIBEIRAO DAS NEVES";"Ausência de reação do condutor";"Saída de leito carroçável";"Com Vítimas Feridas";"Plena Noite";"Decrescente";"Céu Claro";"Dupla";"Reta";"Sim";2;0;1;0;1;0;1;1;-19,8754469;-44,05345586;"SPRF-MG";"DEL01-MG";"UOP02-DEL01-MG"
380604;2021-08-31;"terça-feira";"10:40:00";"BA";415;47;"ITABUNA";"Velocidade Incompatível";"Colisão traseira";"Com Vítimas Feridas";"Pleno dia";"Crescente";"Céu Claro";"Simples";"Reta";"Não";2;0;1;0;1;0;1;2;-14,81574494;-39,29612388;"SPRF-BA";"DEL05-BA";"UOP01-DEL05-BA"
380605;2021-09-01;"quarta-feira";"03:55:00";"PE";101;69;"RECIFE";"Condutor Dormindo";"Queda de ocupante de veículo";"Com Vítimas Feridas";"Amanhecer";"Crescente";"Céu Claro";"Dupla";"Reta";"Sim";1;0;1;0;0;0;1;1;-8,05951606;-34,94581024;"SPRF-PE";"DEL01-PE";"UOP01-DEL01-PE"
380606;2021-09-01;"quarta-feira";"04:40:00";"SP";116;269,9;"TABOAO DA SERRA";"Ausência de reação do condutor";"Capotamento";"Com Vítimas Feridas";"Pleno dia";"Crescente";"Céu Claro";"Múltipla";"Reta";"Sim";1;0;1;0;0;0;1;1;-23,61593059;-46,78826044;"SPRF-SP";"DEL04-SP";"UOP01-DEL04-SP"
380608;2021-09-01;"quarta-feira";"05:20:00";"PR";376;192,5;"MARIALVA";"Objeto estático sobre o leito carroçável";"Saída de leito carroçável";"Com Vítimas Feridas";"Plena Noite";"Crescente";"Céu Claro";"Dupla";"Aclive;Curva";"Não";1;0;1;0;0;0;1;1;-23,49037273;-51,81688249;"SPRF-PR";"DEL09-PR";"UOP01-DEL09-PR"
380614;2021-08-31;"terça-feira";"21:40:00";"ES";262;29;"VIANA";"Chuva";"Saída de leito carroçável";"Sem Vítimas";"Plena Noite";"Crescente";"Chuva";"Simples";"Reta;Ponte";"Não";1;0;0;0;0;1;0;1;-20,37585099;-40,56027297;"SPRF-ES";"DEL01-ES";"UOP01-DEL01-ES"
380617;2021-08-31;"terça-feira";"23:00:00";"RJ";116;139;"DUQUE DE CAXIAS";"Retorno proibido";"Colisão transversal";"Com Vítimas Feridas";"Plena Noite";"Decrescente";"Garoa/Chuvisco";"Dupla";"Reta";"Não";3;0;1;0;2;0;1;3;-22,65506657;-43,24360371;"SPRF-RJ";"DEL01-RJ";"UOP01-DEL01-RJ"
380618;2021-08-16;"segunda-feira";"15:30:00";"CE";116;42;"HORIZONTE";"Manobra de mudança de faixa";"Colisão transversal";"Com Vítimas Feridas";"Pleno dia";"Decrescente";"Céu Claro";"Múltipla";"Reta";"Sim";3;0;1;0;2;0;1;2;-4,11093401;-38,4919095;"SPRF-CE";"DEL01-CE";"UOP02-DEL01-CE"
380619;2021-08-31;"terça-feira";"21:15:00";"RR";174;196;"RORAINOPOLIS";"Objeto estático sobre o leito carroçável";"Colisão com objeto";"Sem Vítimas";"Plena Noite";"Crescente";"Nevoeiro/Neblina";"Simples";"Interseção de Vias;Reta";"Não";2;0;0;0;2;0;0;2;0,80665308;-60,44403076;"SPRF-RR";"DEL01-RR";"UOP01-DEL01-RR"
380620;2021-09-01;"quarta-feira";"06:40:00";"PR";277;71;"SAO JOSE DOS PINHAIS";"Velocidade Incompatível";"Saída de leito carroçável";"Com Vítimas Feridas";"Amanhecer";"Crescente";"Nevoeiro/Neblina";"Dupla";"Retorno Regulamentado;Rotatória;Curva";"Não";2;0;1;0;0;1;1;2;-25,5119791;-49,12706489;"SPRF-PR";"DEL01-PR";"UOP01-DEL01-PR"
380622;2021-09-01;"quarta-feira";"06:40:00";"PR";277;722;"FOZ DO IGUACU";"Ingestão de álcool pelo condutor";"Saída de leito carroçável";"Sem Vítimas";"Amanhecer";"Decrescente";"Céu Claro";"Dupla";"Reta";"Sim";1;0;0;0;1;0;0;1;-25,49494908;-54,52095097;"SPRF-PR";"DEL05-PR";"UOP03-DEL05-PR"
380625;2021-09-01;"quarta-feira";"07:20:00";"SP";381;1;"VARGEM";"Reação tardia ou ineficiente do condutor";"Colisão traseira";"Com Vítimas Feridas";"Pleno dia";"Decrescente";"Céu Claro";"Múltipla";"Reta";"Não";2;0;1;0;1;0;1;2;-22,88146043;-46,38105397;"SPRF-SP";"DEL03-SP";"UOP01-DEL03-SP"
380628;2021-09-01;"quarta-feira";"07:30:00";"RS";153;50;"ERECHIM";"Conversão proibida";"Colisão lateral mesmo sentido";"Com Vítimas Feridas";"Pleno dia";"Decrescente";"Céu Claro";"Simples";"Interseção de Vias";"Sim";2;0;1;0;1;0;1;2;-27,65623359;-52,27554709;"SPRF-RS";"DEL08-RS";"UOP04-DEL08-RS"
380629;2021-09-01;"quarta-feira";"07:15:00";"SC";101;35;"JOINVILLE";"Manobra de mudança de faixa";"Saída de leito carroçável";"Com Vítimas Feridas";"Pleno dia";"Crescente";"Nublado";"Dupla";"Reta";"Não";4;0;4;0;0;0;4;1;-26,2411301;-48,91227415;"SPRF-SC";"DEL03-SC";"UOP01-DEL03-SC"
380630;2021-09-01;"quarta-feira";"06:25:00";"RN";101;95,9;"NATAL";"Condutor deixou de manter distância do veículo da frente";"Colisão traseira";"Sem Vítimas";"Pleno dia";"Decrescente";"Garoa/Chuvisco";"Múltipla";"Reta";"Sim";2;0;0;0;2;0;0;2;-5,84639932;-35,20828485;"SPRF-RN";"DEL01-RN";"UOP01-DEL01-RN"
380631;2021-09-01;"quarta-feira";"07:40:00";"GO";40;7;"VALPARAISO DE GOIAS";"Acessar a via sem observar a presença dos outros veículos";"Colisão lateral mesmo sentido";"Com Vítimas Feridas";"Pleno dia";"Decrescente";"Céu Claro";"Dupla";"Reta";"Não";3;0;2;0;1;0;2;2;-16,108482;-47,972524;"SPRF-DF";"DEL01-DF";"UOP01-DEL01-DF"
380632;2021-09-01;"quarta-feira";"07:35:00";"PE";101;74;"RECIFE";"Ultrapassagem Indevida";"Atropelamento de Pedestre";"Com Vítimas Feridas";"Pleno dia";"Decrescente";"Céu Claro";"Dupla";"Reta";"Sim";2;0;2;0;0;0;2;2;-8,10146485;-34,94901577;"SPRF-PE";"DEL01-PE";"UOP01-DEL01-PE"
380635;2021-09-01;"quarta-feira";"07:20:00";"MG";40;40,5;"PARACATU";"Frear bruscamente";"Tombamento";"Com Vítimas Feridas";"Pleno dia";"Crescente";"Céu Claro";"Simples";"Reta";"Sim";1;0;1;0;0;0;1;1;-17,21013894;-46,88089301;"SPRF-MG";"DEL14-MG";"UOP01-DEL14-MG"
380637;2021-09-01;"quarta-feira";"07:40:00";"RJ";101;311,9;"SAO GONCALO";"Trafegar com motocicleta (ou similar) entre as faixas";"Atropelamento de Pedestre";"Com Vítimas Feridas";"Pleno dia";"Crescente";"Céu Claro";"Dupla";"Reta";"Sim";4;0;1;0;3;0;1;3;-22,80062246;-43,05318779;"SPRF-RJ";"DEL02-RJ";"UOP02-DEL02-RJ"
380638;2021-09-01;"quarta-feira";"07:00:00";"SC";101;357;"SANGAO";"Condutor deixou de manter distância do veículo da frente";"Colisão traseira";"Com Vítimas Feridas";"Pleno dia";"Crescente";"Céu Claro";"Simples";"Reta";"Sim";3;0;1;0;2;0;1;3;-28,64794441;-49,10403728;"SPRF-SC";"DEL02-SC";"UOP01-DEL02-SC"
380639;2021-09-01;"quarta-feira";"08:10:00";"RS";116;297,9;"GUAIBA";"Manobra de mudança de faixa";"Saída de leito carroçável";"Com Vítimas Feridas";"Pleno dia";"Crescente";"Céu Claro";"Dupla";"Reta";"Não";1;0;1;0;0;0;1;1;-30,09753097;-51,34302937;"SPRF-RS";"DEL02-RS";"UOP01-DEL02-RS"
380640;2021-08-31;"terça-feira";"10:40:00";"RJ";40;77;"PETROPOLIS";"Condutor deixou de manter distância do veículo da frente";"Colisão traseira";"Com Vítimas Feridas";"Pleno dia";"Crescente";"Céu Claro";"Simples";"Curva";"Não";2;0;1;0;1;0;1;2;-22,48005592;-43,23543994;"SPRF-RJ";"DEL06-RJ";"UOP01-DEL06-RJ"