"id";"data_inversa";"dia_semana";"horario";"uf";"br";"km";"municipio";"causa_acidente";"tipo_acidente";"classificacao_acidente";"fase_dia";"sentido_via";"condicao_metereologica";"tipo_pista";"tracado_via";"uso_solo";"pessoas";"mortos";"feridos_leves";"feridos_graves";"ilesos";"ignorados";"feridos";"veiculos";"latitude";"longitude";"regional";"delegacia";"uop"
380878;2021-09-02;"quinta-feira";"14:50:00";"BA";101;808;"ITAMARAJU";"Retorno proibido";"Colisão lateral mesmo sentido";"Com Vítimas Feridas";"Pleno dia";"Crescente";"Céu Claro";"Simples";"Reta";"Sim";2;0;1;0;1;0;1;2;-17,19644104;-39,59171792;"SPRF-BA";"DEL09-BA";"UOP02-DEL09-BA"
380879;2021-09-02;"quinta-feira";"13:30:00";"MT";163;663;"LUCAS DO RIO VERDE";"Pista Escorregadia";"Saída de leito carroçável";"Com Vítimas Feridas";"Pleno dia";"Crescente";"Chuva";"Simples";"Reta";"Não";1;0;1;0;0;0;1;1;-13,283;-56,03;"SPRF-MT";"DEL06-MT";"UOP01-DEL06-MT"
380880;2021-08-13;"sexta-feira";"08:55:00";"GO";153;609,7;"MORRINHOS";"Obras na pista";"Colisão lateral mesmo sentido";"Sem Vítimas";"Pleno dia";"Crescente";"Céu Claro";"Dupla";"Reta;Retorno Regulamentado;Em Obras";"Não";2;0;0;0;2;0;0;2;-17,6289;-49,1774;"SPRF-GO";"DEL03-GO";"UOP01-DEL03-GO"
380881;2021-09-02;"quinta-feira";"17:00:00";"CE";222;2;"FORTALEZA";"Pedestre cruzava a pista fora da faixa";"Colisão traseira";"Com Vítimas Feridas";"Pleno dia";"Crescente";"Céu Claro";"Dupla";"Reta";"Sim";3;0;1;1;1;0;2;3;-3,73911117;-38,58687498;"SPRF-CE";"DEL01-CE";"UOP01-DEL01-CE"
380882;2021-09-02;"quinta-feira";"16:10:00";"PA";163;1004;"SANTAREM";"Acessar a via sem observar a presença dos outros veículos";"Colisão transversal";"Com Vítimas Feridas";"Pleno dia";"Crescente";"Céu Claro";"Dupla";"Interseção de Vias";"Sim";2;0;1;0;1;0;1;2;-2,43824523;-54,73276577;"SPRF-PA";"DEL05-PA";"UOP01-DEL05-PA"
380883;2021-09-02;"quinta-feira";"13:18:00";"CE";222;128,2;"ITAPAJE";"Transitar na contramão";"Colisão lateral sentido oposto";"Com Vítimas Feridas";"Pleno dia";"Crescente";"Céu Claro";"Simples";"Curva";"Sim";2;0;0;1;1;0;1;2;-3,70427286;-39,61528609;"SPRF-CE";"DEL04-CE";"UOP03-DEL04-CE"
380884;2021-09-02;"quinta-feira";"11:30:00";"MG";116;637,2;"DIVINO";"Mal súbito do condutor";"Saída de leito carroçável";"Com Vítimas Feridas";"Pleno dia";"Crescente";"Nublado";"Simples";"Reta;Interseção de Vias";"Não";1;0;0;1;0;0;1;1;-20,62286877;-42,22191274;"SPRF-MG";"DEL07-MG";"UOP03-DEL07-MG"
380888;2021-09-02;"quinta-feira";"16:15:00";"PE";232;165,1;"TACAIMBO";"Ultrapassagem Indevida";"Colisão frontal";"Com Vítimas Feridas";"Pleno dia";"Decrescente";"Céu Claro";"Simples";"Reta";"Não";3;0;2;0;1;0;2;2;-8,33670241;-36,29834395;"SPRF-PE";"DEL02-PE";"UOP03-DEL02-PE"
380889;2021-09-02;"quinta-feira";"16:45:00";"PI";343;341,7;"TERESINA";"Acessar a via sem observar a presença dos outros veículos";"Atropelamento de Pedestre";"Com Vítimas Feridas";"Pleno dia";"Crescente";"Sol";"Simples";"Reta";"Sim";2;0;0;1;1;0;1;2;-5,07979805;-42,74993777;"SPRF-PI";"DEL01-PI";"UOP01-DEL01-PI"
380890;2021-09-02;"quinta-feira";"15:20:00";"SP";101;1;"UBATUBA";"Acessar a via sem observar a presença dos outros veículos";"Colisão lateral mesmo sentido";"Sem Vítimas";"Pleno dia";"Decrescente";"Céu Claro";"Simples";"Aclive";"Sim";4;0;0;0;4;0;0;2;-23,35394442;-44,76558482;"SPRF-SP";"DEL06-SP";"UOP01-DEL06-SP"
380891;2021-09-02;"quinta-feira";"17:50:00";"PR";376;493;"PONTA GROSSA";"Demais falhas mecânicas ou elétricas";"Queda de ocupante de veículo";"Com Vítimas Feridas";"Anoitecer";"Crescente";"Céu Claro";"Dupla";"Reta";"Não";2;0;1;0;1;0;1;1;-25,16001091;-50,12436895;"SPRF-PR";"DEL03-PR";"UOP01-DEL03-PR"
380894;2021-09-02;"quinta-feira";"18:15:00";"MG";40;668,5;"CARANDAI";"Pedestre cruzava a pista fora da faixa";"Atropelamento de Pedestre";"Com Vítimas Feridas";"Plena Noite";"Decrescente";"Nublado";"Simples";"Reta";"Sim";2;0;0;1;1;0;1;2;-20,95232841;-43,79297337;"SPRF-MG";"DEL05-MG";"UOP02-DEL05-MG"
380895;2021-09-02;"quinta-feira";"17:00:00";"SP";488;2;"APARECIDA";"Acessar a via sem observar a presença dos outros veículos";"Colisão lateral mesmo sentido";"Com Vítimas Feridas";"Pleno dia";"Decrescente";"Céu Claro";"Dupla";"Reta";"Sim";2;0;0;1;1;0;1;2;-22,849216;-45,236801;"SPRF-SP";"DEL08-SP";"UOP01-DEL08-SP"
380896;2021-09-02;"quinta-feira";"18:00:00";"BA";110;322;"ALAGOINHAS";"Avarias e/ou desgaste excessivo no pneu";"Queda de ocupante de veículo";"Com Vítimas Feridas";"Plena Noite";"Decrescente";"Nublado";"Dupla";"Reta";"Não";1;0;0;1;0;0;1;1;-12,08185578;-38,34888321;"SPRF-BA";"DEL01-BA";"UOP04-DEL01-BA"
380897;2021-09-02;"quinta-feira";"18:30:00";"RS";287;249;"SANTA MARIA";"Acessar a via sem observar a presença dos outros veículos";"Colisão transversal";"Com Vítimas Feridas";"Plena Noite";"Crescente";"Chuva";"Dupla";"Reta";"Sim";2;0;0;2;0;0;2;2;-29,69400654;-53,86100019;"SPRF-RS";"DEL09-RS";"UOP01-DEL09-RS"
380900;2021-09-02;"quinta-feira";"18:00:00";"RJ";116;294;"BARRA MANSA";"Avarias e/ou desgaste excessivo no pneu";"Tombamento";"Com Vítimas Feridas";"Anoitecer";"Decrescente";"Chuva";"Dupla";"Reta";"Não";2;0;2;0;0;0;2;1;-22,45429053;-44,30084012;"SPRF-RJ";"DEL07-RJ";"UOP02-DEL07-RJ"
380903;2021-09-02;"quinta-feira";"19:20:00";"GO";70;10;"AGUAS LINDAS DE GOIAS";"Ausência de reação do condutor";"Colisão traseira";"Com Vítimas Feridas";"Plena Noite";"Crescente";"Céu Claro";"Dupla";"Reta";"Sim";3;0;1;0;2;0;1;3;-15,73738129;-48,29228118;"SPRF-DF";"DEL03-DF";"UOP02-DEL03-DF"
380904;2021-09-02;"quinta-feira";"18:40:00";"RN";101;99;"NATAL";"Manobra de mudança de faixa";"Colisão lateral mesmo sentido";"Sem Vítimas";"Plena Noite";"Decrescente";"Céu Claro";"Múltipla";"Reta";"Sim";2;0;0;0;1;1;0;2;-5,87359183;-35,22063023;"SPRF-RN";"DEL01-RN";"UOP01-DEL01-RN"
380906;2021-09-02;"quinta-feira";"18:55:00";"MG";146;506;"POCOS DE CALDAS";"Ingestão de álcool pelo condutor";"Colisão frontal";"Com Vítimas Feridas";"Plena Noite";"Crescente";"Céu Claro";"Simples";"Reta";"Não";3;0;2;0;1;0;2;3;-21,75800693;-46,40565656;"SPRF-MG";"DEL09-MG";"UOP01-DEL09-MG"
380909;2021-09-02;"quinta-feira";"20:00:00";"SP";116;566;"BARRA DO TURVO";"Demais falhas mecânicas ou elétricas";"Incêndio";"Sem Vítimas";"Plena Noite";"Decrescente";"Ignorado";"Simples";"Reta";"Não";1;0;0;0;1;0;0;1;-25,041697;-48,549812;"SPRF-SP";"DEL05-SP";"UOP02-DEL05-SP"
380910;2021-09-02;"quinta-feira";"19:50:00";"SC";470;67,1;"INDAIAL";"Ingestão de álcool pelo condutor";"Tombamento";"Com Vítimas Feridas";"Plena Noite";"Decrescente";"Céu Claro";"Simples";"Em Obras";"Não";1;0;1;0;0;0;1;1;-26,87240028;-49,23175693;"SPRF-SC";"DEL04-SC";"UOP01-DEL04-SC"
380911;2021-09-02;"quinta-feira";"18:30:00";"GO";364;298;"MINEIROS";"Ingestão de álcool pelo condutor";"Atropelamento de Pedestre";"Com Vítimas Fatais";"Anoitecer";"Crescente";"Céu Claro";"Simples";"Curva";"Sim";5;1;1;1;1;1;2;3;-17,56674;-52,530952;"SPRF-GO";"DEL05-GO";"UOP01-DEL05-GO"
380913;2021-09-02;"quinta-feira";"14:40:00";"MA";10;253,3;"IMPERATRIZ";"Retorno proibido";"Colisão transversal";"Com Vítimas Feridas";"Pleno dia";"Crescente";"Céu Claro";"Simples";"Reta";"Sim";2;0;0;1;1;0;1;2;-5,526911;-47,471455;"SPRF-MA";"DEL04-MA";"UOP01-DEL04-MA"
380914;2021-09-02;"quinta-feira";"20:20:00";"PA";230;117;"MARABA";"Manobra de mudança de faixa";"Colisão lateral mesmo sentido";"Com Vítimas Feridas";"Plena Noite";"Crescente";"Céu Claro";"Dupla";"Reta";"Sim";2;0;1;0;1;0;1;2;-5,35569904;-49,09047302;"SPRF-PA";"DEL03-PA";"UOP01-DEL03-PA"
380916;2021-09-02;"quinta-feira";"20:10:00";"PI";316;6,9;"TERESINA";"Retorno proibido";"Colisão transversal";"Com Vítimas Feridas";"Plena Noite";"Decrescente";"Céu Claro";"Múltipla";"Em Obras";"Sim";2;0;2;0;0;0;2;2;-5,15973056;-42,77048718;"SPRF-PI";"DEL01-PI";"UOP02-DEL01-PI"
380917;2021-09-02;"quinta-feira";"19:20:00";"MA";10;251;"IMPERATRIZ";"Acessar a via sem observar a presença dos outros veículos";"Colisão transversal";"Com Vítimas Feridas";"Plena Noite";"Decrescente";"Céu Claro";"Dupla";"Reta";"Sim";2;0;2;0;0;0;2;2;-5,543249;-47,464447;"SPRF-MA";"DEL04-MA";"UOP01-DEL04-MA"
380918;2021-09-02;"quinta-feira";"07:40:00";"MG";262;427;"SAO GONCALO DO PARA";"Demais falhas na via";"Tombamento";"Com Vítimas Feridas";"Pleno dia";"Crescente";"Céu Claro";"Dupla";"Reta";"Não";1;0;1;0;0;0;1;1;-19,8850241;-44,77734698;"SPRF-MG";"DEL08-MG";"UOP03-DEL08-MG"
380919;2021-09-02;"quinta-feira";"20:50:00";"PR";0;0;"PATO BRANCO";"Iluminação deficiente";"Atropelamento de Pedestre";"Com Vítimas Feridas";"Plena Noite";"Não Informado";"Céu Claro";"Simples";"Reta";"Sim";2;0;1;0;1;0;1;2;-26,24224131;-52,69674361;"SPRF-PR";"DEL02-PR";"UOP01-DEL02-PR"
380920;2021-09-02;"quinta-feira";"14:00:00";"MG";262;414;"IGARATINGA";"Velocidade Incompatível";"Saída de leito carroçável";"Com Vítimas Feridas";"Pleno dia";"Crescente";"Céu Claro";"Dupla";"Reta";"Não";3;0;2;1;0;0;3;1;-19,90339593;-44,66308607;"SPRF-MG";"DEL08-MG";"UOP03-DEL08-MG"
380921;2021-09-02;"quinta-feira";"15:18:00";"MG";381;228,8;"BELO ORIENTE";"Reação tardia ou ineficiente do condutor";"Saída de leito carroçável";"Com Vítimas Feridas";"Pleno dia";"Crescente";"Céu Claro";"Dupla";"Reta";"Não";1;0;1;0;0;0;1;1;-19,34371912;-42,43183775;"SPRF-MG";"DEL06-MG";"UOP01-DEL06-MG"
380922;2021-09-02;"quinta-feira";"20:30:00";"RJ";101;322;"NITEROI";"Ausência de reação do condutor";"Colisão com objeto";"Sem Vítimas";"Plena Noite";"Decrescente";"Céu Claro";"Dupla";"Curva";"Não";1;0;0;0;1;0;0;1;-22,878923;-43,110676;"SPRF-RJ";"DEL02-RJ";"UOP02-DEL02-RJ"
380923;2021-09-02;"quinta-feira";"16:30:00";"MA";135;1;"SAO LUIS";"Condutor deixou de manter distância do veículo da frente";"Colisão traseira";"Com Vítimas Feridas";"Pleno dia";"Decrescente";"Céu Claro";"Dupla";"Reta";"Não";3;0;1;0;2;0;1;3;-2,58917895;-44,24423719;"SPRF-MA";"DEL01-MA";"UOP01-DEL01-MA"
380924;2021-09-02;"quinta-feira";"19:20:00";"RJ";40;101;"DUQUE DE CAXIAS";"Demais falhas mecânicas ou elétricas";"Incêndio";"Sem Vítimas";"Plena Noite";"Decrescente";"Nublado";"Dupla";"Reta";"Sim";1;0;0;0;1;0;0;1;-22,60246485;-43,28380739;"SPRF-RJ";"DEL01-RJ";"UOP01-DEL01-RJ"
380925;2021-09-02;"quinta-feira";"21:15:00";"ES";101;291;"CARIACICA";"Manobra de mudança de faixa";"Colisão lateral mesmo sentido";"Sem Vítimas";"Plena Noite";"Decrescente";"Céu Claro";"Dupla";"Reta";"Sim";4;0;0;0;4;0;0;2;-20,29755744;-40,39445616;"SPRF-ES";"DEL01-ES";"UOP01-DEL01-ES"
380928;2021-09-02;"quinta-feira";"21:40:00";"PI";343;272,1;"CAMPO MAIOR";"Pedestre andava na pista";"Atropelamento de Pedestre";"Com Vítimas Fatais";"Plena Noite";"Decrescente";"Céu Claro";"Simples";"Reta";"Não";3;1;1;1;0;0;2;3;-4,866084;-42,214935;"SPRF-PI";"DEL01-PI";"UOP03-DEL01-PI"
380929;2021-09-02;"quinta-feira";"19:30:00";"PE";408;99;"SAO LOURENCO DA MATA";"Reação tardia ou ineficiente do condutor";"Tombamento";"Sem Vítimas";"Plena Noite";"Crescente";"Céu Claro";"Dupla";"Declive";"Não";1;0;0;0;0;1;0;1;-8,04133634;-35,02531212;"SPRF-PE";"DEL01-PE";"UOP01-DEL01-PE"
380930;2021-09-02;"quinta-feira";"13:00:00";"RJ";101;404;"ITAGUAI";"Acessar a via sem observar a presença dos outros veículos";"Atropelamento de Pedestre";"Com Vítimas Feridas";"Pleno dia";"Crescente";"Céu Claro";"Dupla";"Reta";"Sim";2;0;1;0;1;0;1;2;-22,867606;-43,802743;"SPRF-RJ";"DEL03-RJ";"UOP01-DEL03-RJ"
380931;2021-09-02;"quinta-feira";"19:30:00";"GO";414;377;"COCALZINHO DE GOIAS";"Condutor deixou de manter distância do veículo da frente";"Colisão lateral mesmo sentido";"Com Vítimas Feridas";"Plena Noite";"Crescente";"Céu Claro";"Simples";"Reta";"Não";1;0;1;0;0;0;1;1;-15,82407202;-48,77838936;"SPRF-GO";"DEL02-GO";"UOP01-DEL02-GO"
380932;2021-09-02;"quinta-feira";"22:35:00";"RN";101;81,3;"NATAL";"Acessar a via sem observar a presença dos outros veículos";"Colisão traseira";"Com Vítimas Feridas";"Plena Noite";"Decrescente";"Céu Claro";"Dupla";"Reta";"Não";2;0;1;0;1;0;1;2;-5,76469466;-35,28295988;"SPRF-RN";"DEL02-RN";"UOP01-DEL02-RN"
380933;2021-09-02;"quinta-feira";"17:50:00";"MG";116;243,2;"TEOFILO OTONI";"Ausência de reação do condutor";"Colisão transversal";"Com Vítimas Fatais";"Anoitecer";"Crescente";"Nublado";"Simples";"Reta";"Não";3;1;0;0;2;0;0;2;-17,586603;-41,488044;"SPRF-MG";"DEL11-MG";"UOP01-DEL11-MG"
380934;2021-09-02;"quinta-feira";"21:40:00";"PE";101;6,3;"GOIANA";"Animais na Pista";"Atropelamento de Animal";"Com Vítimas Feridas";"Plena Noite";"Decrescente";"Céu Claro";"Dupla";"Reta";"Não";3;0;1;0;2;0;1;1;-7,550887;-34,99136;"SPRF-PE";"DEL01-PE";"UOP02-DEL01-PE"
380939;2021-09-02;"quinta-feira";"19:25:00";"SC";101;435;"SOMBRIO";"Reação tardia ou ineficiente do condutor";"Colisão frontal";"Com Vítimas Feridas";"Anoitecer";"Decrescente";"Céu Claro";"Simples";"Reta";"Sim";2;0;1;0;1;0;1;2;-29,09949414;-49,63480552;"SPRF-SC";"DEL02-SC";"UOP02-DEL02-SC"
380940;2021-09-02;"quinta-feira";"20:30:00";"RR";401;69;"BONFIM";"Ingestão de álcool e/ou substâncias psicoativas pelo pedestre";"Colisão traseira";"Com Vítimas Fatais";"Plena Noite";"Crescente";"Céu Claro";"Simples";"Reta";"Não";2;1;0;0;0;1;0;2;3,1629714;-60,23866122;"SPRF-RR";"DEL01-RR";"UOP01-DEL01-RR"
380943;2021-09-02;"quinta-feira";"22:40:00";"PR";476;120,1;"COLOMBO";"Pedestre cruzava a pista fora da faixa";"Atropelamento de Pedestre";"Com Vítimas Feridas";"Plena Noite";"Crescente";"Céu Claro";"Dupla";"Reta";"Sim";2;0;1;1;0;0;2;2;-25,37191;-49,19146;"SPRF-PR";"DEL01-PR";"UOP02-DEL01-PR"
380944;2021-09-02;"quinta-feira";"23:00:00";"MG";50;97,7;"UBERLANDIA";"Ausência de reação do condutor";"Capotamento";"Com Vítimas Feridas";"Plena Noite";"Decrescente";"Céu Claro";"Dupla";"Reta";"Não";1;0;1;0;0;0;1;1;-19,12087;-48,17519;"SPRF-MG";"DEL15-MG";"UOP01-DEL15-MG"
380946;2021-09-02;"quinta-feira";"21:30:00";"MA";10;255;"IMPERATRIZ";"Ingestão de álcool pelo condutor";"Colisão transversal";"Com Vítimas Feridas";"Plena Noite";"Decrescente";"Céu Claro";"Simples";"Reta";"Sim";3;0;1;1;1;0;2;2;-5,508798;-47,471718;"SPRF-MA";"DEL04-MA";"UOP01-DEL04-MA"
380947;2021-09-02;"quinta-feira";"18:55:00";"RO";421;57;"MONTE NEGRO";"Animais na Pista";"Atropelamento de Animal";"Com Vítimas Feridas";"Plena Noite";"Decrescente";"Céu Claro";"Simples";"Reta";"Não";3;0;1;1;1;0;2;2;-10,314659;-63,330589;"SPRF-RO";"DEL03-RO";"UOP01-DEL03-RO"
380948;2021-09-02;"quinta-feira";"22:35:00";"MT";163;687;"LUCAS DO RIO VERDE";"Acessar a via sem observar a presença dos outros veículos";"Atropelamento de Pedestre";"Com Vítimas Feridas";"Plena Noite";"Crescente";"Céu Claro";"Simples";"Reta";"Sim";2;0;0;2;0;0;2;2;-13,075106;-55,932725;"SPRF-MT";"DEL06-MT";"UOP01-DEL06-MT"
380949;2021-09-02;"quinta-feira";"23:30:00";"MT";364;434;"VARZEA GRANDE";"Velocidade Incompatível";"Saída de leito carroçável";"Sem Vítimas";"Plena Noite";"Crescente";"Céu Claro";"Dupla";"Curva";"Não";2;0;0;0;1;1;0;1;-15,64913494;-56,19559622;"SPRF-MT";"DEL01-MT";"UOP02-DEL01-MT"
380953;2021-09-02;"quinta-feira";"23:30:00";"PR";153;18;"JACAREZINHO";"Acessar a via sem observar a presença dos outros veículos";"Colisão transversal";"Com Vítimas Feridas";"Plena Noite";"Crescente";"Céu Claro";"Simples";"Reta";"Sim";2;0;0;1;1;0;1;2;-23,14530094;-49,95058;"SPRF-PR";"DEL07-PR";"UOP04-DEL07-PR"
380957;2021-09-03;"sexta-feira";"01:08:00";"SC";116;230,2;"CORREIA PINTO";"Manobra de mudança de faixa";"Colisão transversal";"Com Vítimas Feridas";"Plena Noite";"Decrescente";"Nublado";"Simples";"Reta";"Não";2;0;0;1;1;0;1;2;-27,66481801;-50,33623837;"SPRF-SC";"DEL05-SC";"UOP03-DEL05-SC"
380958;2021-09-02;"quinta-feira";"17:45:00";"SC";282;385,1;"JOACABA";"Ingestão de álcool pelo condutor";"Colisão lateral mesmo sentido";"Com Vítimas Feridas";"Plena Noite";"Crescente";"Céu Claro";"Simples";"Curva";"Sim";3;0;1;0;2;0;1;2;-27,200093;-51,51565;"SPRF-SC";"DEL07-SC";"UOP05-DEL07-SC"
380959;2021-09-03;"sexta-feira";"01:20:00";"PE";232;409;"SERRA TALHADA";"Condutor desrespeitou a iluminação vermelha do semáforo";"Colisão transversal";"Sem Vítimas";"Plena Noite";"Decrescente";"Céu Claro";"Simples";"Reta";"Sim";18;0;0;0;17;1;0;2;-7,981944;-38,289467;"SPRF-PE";"DEL04-PE";"UOP01-DEL04-PE"
380962;2021-09-03;"sexta-feira";"03:20:00";"MG";40;718,8;"BARBACENA";"Acessar a via sem observar a presença dos outros veículos";"Tombamento";"Com Vítimas Feridas";"Plena Noite";"Crescente";"Céu Claro";"Dupla";"Reta";"Não";2;0;1;0;1;0;1;1;-21,2656332;-43,65557499;"SPRF-MG";"DEL05-MG";"UOP01-DEL05-MG"
380963;2021-09-03;"sexta-feira";"03:15:00";"SC";280;25,8;"ARAQUARI";"Reação tardia ou ineficiente do condutor";"Saída de leito carroçável";"Com Vítimas Feridas";"Plena Noite";"Decrescente";"Nevoeiro/Neblina";"Simples";"Reta";"Não";1;0;1;0;0;0;1;1;-26,38352781;-48,72677516;"SPRF-SC";"DEL03-SC";"UOP03-DEL03-SC"
380964;2021-09-02;"quinta-feira";"19:40:00";"SC";101;364;"SANGAO";"Animais na Pista";"Tombamento";"Com Vítimas Feridas";"Plena Noite";"Crescente";"Céu Claro";"Múltipla";"Declive";"Sim";1;0;1;0;0;0;1;1;-28,67821759;-49,13926425;"SPRF-SC";"DEL02-SC";"UOP01-DEL02-SC"
380965;2021-09-03;"sexta-feira";"03:15:00";"MG";262;709;"ARAXA";"Ultrapassagem Indevida";"Colisão frontal";"Com Vítimas Feridas";"Plena Noite";"Crescente";"Céu Claro";"Simples";"Reta;Aclive";"Não";1;0;0;1;0;0;1;1;-19,59482628;-47,13714393;"SPRF-MG";"DEL08-MG";"UOP01-DEL08-MG"
380966;2021-09-03;"sexta-feira";"04:00:00";"SP";381;86,4;"SAO PAULO";"Pedestre cruzava a pista fora da faixa";"Atropelamento de Pedestre";"Com Vítimas Feridas";"Plena Noite";"Crescente";"Céu Claro";"Dupla";"Curva";"Não";2;0;0;1;1;0;1;2;-23,45930499;-46,57161179;"SPRF-SP";"DEL03-SP";"UOP01-DEL03-SP"
380967;2021-09-03;"sexta-feira";"05:45:00";"TO";153;652;"GURUPI";"Ultrapassagem Indevida";"Colisão frontal";"Com Vítimas Feridas";"Amanhecer";"Decrescente";"Céu Claro";"Simples";"Aclive";"Não";4;0;1;0;2;1;1;2;-11,55272414;-49,02431058;"SPRF-TO";"DEL01-TO";"UOP02-DEL01-TO"
380968;2021-09-02;"quinta-feira";"20:40:00";"MG";381;193,2;"PERIQUITO";"Condutor deixou de manter distância do veículo da frente";"Colisão traseira";"Com Vítimas Feridas";"Plena Noite";"Decrescente";"Ignorado";"Simples";"Reta";"Não";3;0;3;0;0;0;3;2;-19,12685699;-42,21354877;"SPRF-MG";"DEL06-MG";"UOP01-DEL06-MG"
380969;2021-09-03;"sexta-feira";"06:20:00";"DF";40;4;"BRASILIA";"Área urbana sem a presença de local apropriado para a travessia de pedestres";"Atropelamento de Pedestre";"Com Vítimas Feridas";"Amanhecer";"Decrescente";"Céu Claro";"Dupla";"Reta";"Sim";2;0;1;0;1;0;1;2;-16,012033;-47,982124;"SPRF-DF";"DEL01-DF";"UOP01-DEL01-DF"
380970;2021-09-03;"sexta-feira";"06:00:00";"GO";60;99;"ANAPOLIS";"Reação tardia ou ineficiente do condutor";"Atropelamento de Pedestre";"Com Vítimas Feridas";"Pleno dia";"Decrescente";"Céu Claro";"Dupla";"Viaduto";"Sim";3;0;2;0;0;1;2;2;-16,3924;-48,9588;"SPRF-GO";"DEL02-GO";"UOP01-DEL02-GO"
380972;2021-09-02;"quinta-feira";"21:50:00";"SC";101;344,7;"TUBARAO";"Demais falhas mecânicas ou elétricas";"Incêndio";"Sem Vítimas";"Plena Noite";"Decrescente";"Céu Claro";"Múltipla";"Reta";"Não";1;0;0;0;1;0;0;1;-28,53647889;-49,0531826;"SPRF-SC";"DEL02-SC";"UOP01-DEL02-SC"
380976;2021-09-03;"sexta-feira";"07:00:00";"CE";20;405;"CAUCAIA";"Condutor Dormindo";"Colisão frontal";"Com Vítimas Feridas";"Pleno dia";"Crescente";"Céu Claro";"Simples";"Reta";"Sim";2;0;1;1;0;0;2;2;-3,7740804;-38,6780848;"SPRF-CE";"DEL01-CE";"UOP01-DEL01-CE"
380977;2021-09-03;"sexta-feira";"06:50:00";"SC";101;207,4;"SAO JOSE";"Manobra de mudança de faixa";"Colisão lateral mesmo sentido";"Com Vítimas Feridas";"Pleno dia";"Crescente";"Céu Claro";"Múltipla";"Aclive";"Não";2;0;0;1;1;0;1;2;-27,60001226;-48,6226467;"SPRF-SC";"DEL01-SC";"UOP01-DEL01-SC"
380979;2021-09-03;"sexta-feira";"05:45:00";"MT";163;106,2;"RONDONOPOLIS";"Reação tardia ou ineficiente do condutor";"Saída de leito carroçável";"Com Vítimas Fatais";"Amanhecer";"Decrescente";"Céu Claro";"Dupla";"Reta";"Não";1;1;0;0;0;0;0;1;-16,61130805;-54,70053179;"SPRF-MT";"DEL02-MT";"UOP01-DEL02-MT"
380982;2021-09-02;"quinta-feira";"22:30:00";"SC";470;66,8;"INDAIAL";"Acessar a via sem observar a presença dos outros veículos";"Colisão transversal";"Com Vítimas Feridas";"Plena Noite";"Crescente";"Nublado";"Simples";"Reta";"Sim";2;0;2;0;0;0;2;2;-26,870407;-49,221844;"SPRF-SC";"DEL04-SC";"UOP01-DEL04-SC"
380984;2021-09-03;"sexta-feira";"07:15:00";"SP";116;224;"GUARULHOS";"Frear bruscamente";"Queda de ocupante de veículo";"Com Vítimas Feridas";"Pleno dia";"Crescente";"Céu Claro";"Múltipla";"Reta";"Sim";1;0;0;1;0;0;1;1;-23,48071896;-46,53271603;"SPRF-SP";"DEL01-SP";"UOP01-DEL01-SP"
380985;2021-09-03;"sexta-feira";"07:40:00";"MG";364;27,8;"FRUTAL";"Ultrapassagem Indevida";"Colisão lateral mesmo sentido";"Com Vítimas Feridas";"Pleno dia";"Decrescente";"Céu Claro";"Dupla";"Curva";"Sim";2;0;1;0;1;0;1;2;-20,022225;-48,899872;"SPRF-MG";"DEL13-MG";"UOP02-DEL13-MG"
380986;2021-09-03;"sexta-feira";"08:00:00";"RS";116;259;"ESTEIO";"Manobra de mudança de faixa";"Colisão traseira";"Sem Vítimas";"Pleno dia";"Crescente";"Nublado";"Dupla";"Reta";"Sim";2;0;0;0;2;0;0;2;-29,870408;-51,179909;"SPRF-RS";"DEL01-RS";"UOP02-DEL01-RS"
380987;2021-08-15;"domingo";"04:35:00";"PR";277;110,2;"CAMPO LARGO";"Velocidade Incompatível";"Saída de leito carroçável";"Com Vítimas Feridas";"Plena Noite";"Crescente";"Nublado";"Múltipla";"Reta";"Sim";2;0;2;0;0;0;2;1;-25,44625996;-49,36369775;"SPRF-PR";"DEL01-PR";"UOP03-DEL03-PR"
380989;2021-05-30;"domingo";"08:40:00";"PR";116;47;"CAMPINA GRANDE DO SUL";"Ausência de reação do condutor";"Saída de leito carroçável";"Com Vítimas Feridas";"Pleno dia";"Decrescente";"Garoa/Chuvisco";"Dupla";"Curva";"Não";2;0;1;0;1;0;1;2;-25,21058799;-48,89720903;"SPRF-PR";"DEL01-PR";"UOP02-DEL01-PR"
380990;2021-09-03;"sexta-feira";"07:40:00";"SC";153;97,5;"CONCORDIA";"Acessar a via sem observar a presença dos outros veículos";"Colisão transversal";"Com Vítimas Feridas";"Pleno dia";"Crescente";"Céu Claro";"Simples";"Curva";"Não";2;0;1;0;1;0;1;2;-27,220152;-51,948879;"SPRF-SC";"DEL07-SC";"UOP04-DEL07-SC"
380991;2021-09-03;"sexta-feira";"07:40:00";"PI";316;5,1;"TERESINA";"Estacionar ou parar em local proibido";"Colisão traseira";"Com Vítimas Feridas";"Pleno dia";"Decrescente";"Céu Claro";"Dupla";"Reta";"Sim";2;0;0;1;1;0;1;2;-5,14432108;-42,77698517;"SPRF-PI";"DEL01-PI";"UOP02-DEL01-PI"