"id";"data_inversa";"dia_semana";"horario";"uf";"br";"km";"municipio";"causa_acidente";"tipo_acidente";"classificacao_acidente";"fase_dia";"sentido_via";"condicao_metereologica";"tipo_pista";"tracado_via";"uso_solo";"pessoas";"mortos";"feridos_leves";"feridos_graves";"ilesos";"ignorados";"feridos";"veiculos";"latitude";"longitude";"regional";"delegacia";"uop"
381233;2021-09-04;"sábado";"02:00:00";"MG";381;859;"POUSO ALEGRE";"Ingestão de álcool pelo condutor";"Saída de leito carroçável";"Sem Vítimas";"Plena Noite";"Decrescente";"Céu Claro";"Dupla";"Reta";"Não";2;0;0;0;1;1;0;2;-22,31347487;-45,90382437;"SPRF-MG";"DEL16-MG";"UOP01-DEL16-MG"
381238;2021-09-04;"sábado";"04:45:00";"PE";423;22;"SAO CAITANO";"Manobra de mudança de faixa";"Tombamento";"Com Vítimas Feridas";"Amanhecer";"Decrescente";"Céu Claro";"Simples";"Reta";"Não";1;0;1;0;0;0;1;1;-8,35258392;-36,17123712;"SPRF-PE";"DEL02-PE";"UOP03-DEL02-PE"
381239;2021-09-04;"sábado";"03:30:00";"SP";381;76;"SAO PAULO";"Ausência de reação do condutor";"Saída de leito carroçável";"Sem Vítimas";"Plena Noite";"Decrescente";"Céu Claro";"Dupla";"Curva";"Não";1;0;0;0;0;1;0;1;-23,38372401;-46,56502116;"SPRF-SP";"DEL03-SP";"UOP01-DEL03-SP"
381241;2021-09-04;"sábado";"05:30:00";"PE";232;79,6;"GRAVATA";"Condutor Dormindo";"Colisão frontal";"Com Vítimas Feridas";"Amanhecer";"Decrescente";"Céu Claro";"Simples";"Reta";"Sim";2;0;1;0;1;0;1;2;-8,19460572;-35,56074803;"SPRF-PE";"DEL02-PE";"UOP02-DEL02PE"
381242;2021-09-04;"sábado";"04:30:00";"SC";101;228;"PALHOCA";"Condutor Dormindo";"Colisão com objeto";"Sem Vítimas";"Plena Noite";"Crescente";"Céu Claro";"Dupla";"Reta";"Não";1;0;0;0;1;0;0;1;-27,7597249;-48,63078869;"SPRF-SC";"DEL01-SC";"UOP02-DEL01-SC"
381243;2021-09-04;"sábado";"05:40:00";"PR";116;112;"CURITIBA";"Transitar no acostamento";"Colisão traseira";"Com Vítimas Feridas";"Plena Noite";"Decrescente";"Céu Claro";"Dupla";"Reta";"Não";2;0;0;1;0;1;1;2;-25,56730763;-49,23706792;"SPRF-PR";"DEL01-PR";"UOP01-DEL01-PR"
381244;2021-09-04;"sábado";"03:50:00";"PA";10;0;"DOM ELISEU";"Pedestre andava na pista";"Atropelamento de Pedestre";"Com Vítimas Fatais";"Amanhecer";"Decrescente";"Nublado";"Simples";"Reta";"Não";2;1;0;0;1;0;0;2;-4,44401329;-47,5314045;"SPRF-PA";"DEL02-PA";"UOP02-DEL02-PA"
381245;2021-09-04;"sábado";"06:00:00";"BA";242;818;"BARREIRAS";"Transitar na contramão";"Colisão frontal";"Com Vítimas Feridas";"Amanhecer";"Decrescente";"Céu Claro";"Simples";"Reta";"Não";6;0;4;1;0;1;5;2;-12,13017913;-45,01649885;"SPRF-BA";"DEL10-BA";"UOP01-DEL10-BA"
381246;2021-09-04;"sábado";"06:25:00";"PR";277;665,4;"MEDIANEIRA";"Transitar no acostamento";"Colisão traseira";"Com Vítimas Feridas";"Amanhecer";"Crescente";"Chuva";"Dupla";"Reta";"Não";2;0;1;0;0;1;1;2;-25,25599605;-54,03772597;"SPRF-PR";"DEL05-PR";"UOP02-DEL05-PR"
381247;2021-09-04;"sábado";"06:15:00";"MG";381;583,9;"CARMOPOLIS DE MINAS";"Condutor Dormindo";"Colisão lateral mesmo sentido";"Com Vítimas Fatais";"Amanhecer";"Crescente";"Céu Claro";"Dupla";"Curva";"Não";3;1;0;1;1;0;1;2;-20,5092048;-44,61214185;"SPRF-MG";"DEL04-MG";"UOP01-DEL04-MG"
381248;2021-09-04;"sábado";"00:23:00";"MG";40;746,2;"SANTOS DUMONT";"Reação tardia ou ineficiente do condutor";"Colisão transversal";"Sem Vítimas";"Plena Noite";"Crescente";"Céu Claro";"Simples";"Rotatória;Curva";"Sim";9;0;0;0;9;0;0;2;-21,43028197;-43,55615283;"SPRF-MG";"DEL05-MG";"UOP01-DEL05-MG"
381249;2021-09-04;"sábado";"04:20:00";"MG";116;492,3;"INHAPIM";"Velocidade Incompatível";"Capotamento";"Com Vítimas Feridas";"Plena Noite";"Crescente";"Céu Claro";"Simples";"Reta;Aclive";"Não";1;0;1;0;0;0;1;1;-19,49224599;-42,12867789;"SPRF-MG";"DEL06-MG";"UOP02-DEL06-MG"
381251;2021-09-04;"sábado";"04:30:00";"RR";174;558;"BOA VISTA";"Animais na Pista";"Saída de leito carroçável";"Com Vítimas Feridas";"Amanhecer";"Crescente";"Céu Claro";"Simples";"Reta";"Não";3;0;1;0;2;0;1;1;3,247736;-60,842224;"SPRF-RR";"DEL01-RR";"UOP01-DEL01-RR"
381254;2021-09-03;"sexta-feira";"18:45:00";"RJ";40;81;"PETROPOLIS";"Ausência de reação do condutor";"Atropelamento de Pedestre";"Com Vítimas Feridas";"Plena Noite";"Decrescente";"Céu Claro";"Simples";"Reta";"Não";2;0;1;0;0;1;1;2;-22,50560003;-43,23186384;"SPRF-RJ";"DEL06-RJ";"UOP01-DEL06-RJ"
381255;2021-09-04;"sábado";"07:00:00";"RJ";101;494;"ANGRA DOS REIS";"Ingestão de álcool pelo condutor";"Saída de leito carroçável";"Com Vítimas Feridas";"Pleno dia";"Decrescente";"Nublado";"Simples";"Curva";"Não";1;0;1;0;0;0;1;1;-22,93752781;-44,3185162;"SPRF-RJ";"DEL03-RJ";"UOP03-DEL03-RJ"
381258;2021-09-03;"sexta-feira";"22:50:00";"PE";101;22,5;"GOIANA";"Velocidade Incompatível";"Colisão com objeto";"Sem Vítimas";"Plena Noite";"Crescente";"Chuva";"Dupla";"Declive;Reta";"Não";1;0;0;0;0;1;0;1;-7,67583307;-34,92870811;"SPRF-PE";"DEL01-PE";"UOP02-DEL01-PE"
381259;2021-09-04;"sábado";"06:50:00";"MG";116;580;"MANHUACU";"Condutor Dormindo";"Saída de leito carroçável";"Com Vítimas Feridas";"Pleno dia";"Crescente";"Céu Claro";"Simples";"Reta";"Não";1;0;1;0;0;0;1;1;-20,18726337;-42,18489254;"SPRF-MG";"DEL06-MG";"UOP03-DEL06-MG"
381260;2021-09-04;"sábado";"07:10:00";"RJ";493;93;"SEROPEDICA";"Demais falhas mecânicas ou elétricas";"Saída de leito carroçável";"Com Vítimas Feridas";"Pleno dia";"Decrescente";"Céu Claro";"Dupla";"Reta";"Não";4;0;2;0;2;0;2;1;-22,69058677;-43,6839366;"SPRF-RJ";"DEL03-RJ";"UOP01-DEL03-RJ"
381263;2021-09-04;"sábado";"07:55:00";"PR";476;139,5;"CURITIBA";"Reação tardia ou ineficiente do condutor";"Colisão lateral mesmo sentido";"Com Vítimas Feridas";"Pleno dia";"Decrescente";"Céu Claro";"Simples";"Reta";"Sim";2;0;0;1;1;0;1;2;-25,51284;-49,289257;"SPRF-PR";"DEL01-PR";"UOP03-DEL01-PR"
381264;2021-09-04;"sábado";"06:50:00";"RS";471;165;"RIO PARDO";"Ausência de reação do condutor";"Colisão traseira";"Com Vítimas Feridas";"Amanhecer";"Decrescente";"Céu Claro";"Simples";"Aclive";"Não";6;0;4;1;0;1;5;2;-29,89565473;-52,39251137;"SPRF-RS";"DEL02-RS";"UOP03-DEL02-RS"
381265;2021-09-04;"sábado";"05:05:00";"RO";364;606;"ITAPUA DO OESTE";"Ingestão de álcool pelo condutor";"Colisão lateral sentido oposto";"Com Vítimas Feridas";"Amanhecer";"Decrescente";"Céu Claro";"Simples";"Em Obras";"Não";3;0;2;0;1;0;2;3;-9,1795951;-63,2012541;"SPRF-RO";"DEL01-RO";"UOP04-DEL01-RO"
381266;2021-09-04;"sábado";"08:10:00";"BA";116;680,9;"JEQUIE";"Ultrapassagem Indevida";"Saída de leito carroçável";"Com Vítimas Feridas";"Pleno dia";"Decrescente";"Céu Claro";"Simples";"Reta";"Não";1;0;1;0;0;0;1;1;-13,86605006;-40,11290087;"SPRF-BA";"DEL03-BA";"UOP01-DEL03-BA"
381267;2021-09-04;"sábado";"07:50:00";"SC";470;10,8;"NAVEGANTES";"Condutor deixou de manter distância do veículo da frente";"Colisão traseira";"Com Vítimas Feridas";"Pleno dia";"Decrescente";"Chuva";"Simples";"Reta";"Não";2;0;1;0;1;0;1;2;-26,833693;-48,73724;"SPRF-SC";"DEL04-SC";"UOP04-DEL04-SC"
381268;2021-09-04;"sábado";"08:30:00";"PE";104;53,7;"CARUARU";"Ausência de sinalização";"Tombamento";"Com Vítimas Feridas";"Pleno dia";"Decrescente";"Céu Claro";"Dupla";"Declive";"Sim";2;0;1;0;1;0;1;1;-8,1837;-35,967;"SPRF-PE";"DEL02-PE";"UOP01-DEL02-PE"
381269;2021-09-04;"sábado";"07:30:00";"RO";364;704;"PORTO VELHO";"Mal súbito do condutor";"Tombamento";"Com Vítimas Feridas";"Pleno dia";"Decrescente";"Céu Claro";"Dupla";"Reta";"Sim";1;0;1;0;0;0;1;1;-8,80032739;-63,804543;"SPRF-RO";"DEL01-RO";"UOP01-DEL01-RO"
381270;2021-09-04;"sábado";"08:40:00";"SP";116;419,2;"JUQUIA";"Acessar a via sem observar a presença dos outros veículos";"Colisão transversal";"Com Vítimas Feridas";"Pleno dia";"Crescente";"Nublado";"Dupla";"Interseção de Vias";"Não";2;0;1;0;0;1;1;2;-24,35622141;-47,66695797;"SPRF-SP";"DEL05-SP";"UOP01-DEL05-SP"
381271;2021-09-04;"sábado";"08:20:00";"PR";376;614;"SAO JOSE DOS PINHAIS";"Velocidade Incompatível";"Colisão traseira";"Com Vítimas Feridas";"Pleno dia";"Decrescente";"Nublado";"Dupla";"Aclive";"Não";3;0;2;0;1;0;2;2;-25,57084314;-49,19356398;"SPRF-PR";"DEL01-PR";"UOP01-DEL01-PR"
381273;2021-09-04;"sábado";"09:10:00";"SP";101;49,7;"UBATUBA";"Velocidade Incompatível";"Tombamento";"Com Vítimas Feridas";"Pleno dia";"Crescente";"Céu Claro";"Simples";"Reta";"Sim";2;0;1;0;1;0;1;2;-23,4531877;-45,07445812;"SPRF-SP";"DEL06-SP";"UOP01-DEL06-SP"
381279;2021-09-04;"sábado";"08:00:00";"RN";0;0;"NATAL";"Reação tardia ou ineficiente do condutor";"Colisão traseira";"Sem Vítimas";"Pleno dia";"Não Informado";"Céu Claro";"Simples";"Reta";"Não";2;0;0;0;2;0;0;2;-5,86743546;-35,22076434;"SPRF-RN";"N/A";"N/A"
381280;2021-09-04;"sábado";"09:00:00";"MG";40;788,7;"JUIZ DE FORA";"Estacionar ou parar em local proibido";"Colisão traseira";"Com Vítimas Feridas";"Pleno dia";"Crescente";"Céu Claro";"Dupla";"Reta";"Não";2;0;1;0;1;0;1;2;-21,74815906;-43,44533222;"SPRF-MG";"DEL05-MG";"UOP01-DEL05-MG"
381282;2021-09-04;"sábado";"09:00:00";"SP";116;229;"SAO PAULO";"Ultrapassagem Indevida";"Queda de ocupante de veículo";"Com Vítimas Feridas";"Pleno dia";"Decrescente";"Sol";"Múltipla";"Reta";"Não";2;0;1;0;0;1;1;2;-23,51291902;-46,57604698;"SPRF-SP";"DEL01-SP";"UOP01-DEL01-SP"
381283;2021-09-04;"sábado";"08:20:00";"DF";20;17;"BRASILIA";"Condutor deixou de manter distância do veículo da frente";"Colisão traseira";"Sem Vítimas";"Pleno dia";"Crescente";"Céu Claro";"Dupla";"Reta";"Sim";6;0;0;0;6;0;0;2;-15,621374;-47,71698;"SPRF-DF";"DEL02-DF";"UOP01-DEL02-DF"
381286;2021-08-11;"quarta-feira";"10:27:00";"MA";222;363;"SANTA INES";"Retorno proibido";"Queda de ocupante de veículo";"Com Vítimas Feridas";"Pleno dia";"Decrescente";"Céu Claro";"Simples";"Reta";"Sim";3;0;0;1;2;0;1;2;-3,68649969;-45,39829731;"SPRF-MA";"DEL02-MA";"UOP01-DEL02-MA"
381288;2021-09-04;"sábado";"08:20:00";"RJ";101;307;"SAO GONCALO";"Ausência de reação do condutor";"Colisão traseira";"Com Vítimas Feridas";"Pleno dia";"Decrescente";"Céu Claro";"Dupla";"Reta";"Sim";3;0;1;0;2;0;1;2;-22,79115777;-43,01514205;"SPRF-RJ";"DEL02-RJ";"UOP02-DEL02-RJ"
381289;2021-08-28;"sábado";"15:08:00";"MG";381;214,8;"NAQUE";"Mal súbito do condutor";"Tombamento";"Com Vítimas Feridas";"Pleno dia";"Crescente";"Nublado";"Simples";"Reta";"Sim";1;0;1;0;0;0;1;1;-19,23019755;-42,32699992;"SPRF-MG";"DEL06-MG";"UOP01-DEL06-MG"
381290;2021-09-04;"sábado";"05:30:00";"BA";367;29;"PORTO SEGURO";"Ingestão de álcool pelo condutor";"Saída de leito carroçável";"Com Vítimas Feridas";"Amanhecer";"Decrescente";"Céu Claro";"Simples";"Curva";"Não";1;0;0;1;0;0;1;1;-16,41635076;-39,11793376;"SPRF-BA";"DEL09-BA";"UOP01-DEL09-BA"
381292;2021-09-04;"sábado";"10:20:00";"SC";101;119;"ITAJAI";"Condutor deixou de manter distância do veículo da frente";"Colisão traseira";"Com Vítimas Feridas";"Pleno dia";"Decrescente";"Céu Claro";"Múltipla";"Reta";"Não";3;0;1;0;2;0;1;3;-26,9043179;-48,71555481;"SPRF-SC";"DEL04-SC";"UOP04-DEL04-SC"
381294;2021-09-04;"sábado";"09:50:00";"PE";232;54,5;"POMBOS";"Acessar a via sem observar a presença dos outros veículos";"Colisão transversal";"Sem Vítimas";"Pleno dia";"Decrescente";"Sol";"Dupla";"Rotatória";"Não";2;0;0;0;2;0;0;2;-8,12919504;-35,35716398;"SPRF-PE";"DEL02-PE";"UOP02-DEL02PE"
381295;2021-09-04;"sábado";"07:30:00";"AP";156;228;"MACAPA";"Velocidade Incompatível";"Saída de leito carroçável";"Com Vítimas Feridas";"Pleno dia";"Decrescente";"Nublado";"Simples";"Reta";"Não";2;0;2;0;0;0;2;1;0,2028299;-51,116314;"SPRF-AP";"DEL01-AP";"UOP01-DEL01-AP"
381299;2021-09-04;"sábado";"10:15:00";"BA";101;162;"CONCEICAO DO JACUIPE";"Acessar a via sem observar a presença dos outros veículos";"Colisão traseira";"Com Vítimas Feridas";"Pleno dia";"Decrescente";"Céu Claro";"Dupla";"Reta";"Sim";6;0;2;0;4;0;2;2;-12,35551436;-38,782478;"SPRF-BA";"DEL01-BA";"UOP03-DEL01-BA"
381301;2021-09-04;"sábado";"10:57:00";"RS";116;248;"SAO LEOPOLDO";"Condutor deixou de manter distância do veículo da frente";"Colisão traseira";"Com Vítimas Feridas";"Pleno dia";"Decrescente";"Nublado";"Dupla";"Reta";"Sim";9;0;3;0;6;0;3;3;-29,77605895;-51,15508618;"SPRF-RS";"DEL01-RS";"UOP02-DEL01-RS"
381304;2021-09-04;"sábado";"10:20:00";"PR";116;106;"SAO JOSE DOS PINHAIS";"Manobra de mudança de faixa";"Tombamento";"Com Vítimas Feridas";"Pleno dia";"Decrescente";"Céu Claro";"Dupla";"Reta";"Sim";1;0;1;0;0;0;1;1;-25,56830653;-49,17799791;"SPRF-PR";"DEL01-PR";"UOP01-DEL01-PR"
381305;2021-09-04;"sábado";"10:44:00";"MG";381;478,7;"CONTAGEM";"Condutor deixou de manter distância do veículo da frente";"Colisão traseira";"Com Vítimas Feridas";"Pleno dia";"Decrescente";"Céu Claro";"Dupla";"Reta";"Sim";2;0;1;0;1;0;1;2;-19,95826094;-44,05921101;"SPRF-MG";"DEL01-MG";"UOP03-DEL01-MG"
381306;2021-09-04;"sábado";"10:40:00";"PR";277;108;"CURITIBA";"Reação tardia ou ineficiente do condutor";"Queda de ocupante de veículo";"Com Vítimas Feridas";"Pleno dia";"Decrescente";"Céu Claro";"Dupla";"Reta";"Sim";1;0;1;0;0;0;1;1;-25,43075234;-49,42424124;"SPRF-PR";"DEL01-PR";"UOP03-DEL03-PR"
381307;2021-09-04;"sábado";"10:49:00";"PR";277;108;"CAMPO LARGO";"Acessar a via sem observar a presença dos outros veículos";"Colisão lateral mesmo sentido";"Com Vítimas Feridas";"Pleno dia";"Decrescente";"Céu Claro";"Dupla";"Reta";"Não";3;0;1;0;1;1;1;3;-25,46049426;-49,35693741;"SPRF-PR";"DEL01-PR";"UOP03-DEL03-PR"
381308;2021-09-04;"sábado";"10:49:00";"MT";158;787,8;"BARRA DO GARCAS";"Condutor deixou de manter distância do veículo da frente";"Colisão traseira";"Com Vítimas Feridas";"Pleno dia";"Crescente";"Sol";"Simples";"Reta;Em Obras";"Não";5;0;2;0;3;0;2;4;-15,80141502;-52,29538598;"SPRF-MT";"DEL07-MT";"UOP01-DEL07-MT"
381310;2021-09-04;"sábado";"10:00:00";"SC";282;569,9;"NOVA ERECHIM";"Acessar a via sem observar a presença dos outros veículos";"Colisão transversal";"Com Vítimas Feridas";"Pleno dia";"Crescente";"Céu Claro";"Simples";"Interseção de Vias";"Sim";3;0;2;0;1;0;2;2;-26,894342;-52,923874;"SPRF-SC";"DEL07-SC";"UOP02-DEL07-SC"
381317;2021-09-04;"sábado";"12:20:00";"MG";40;450,8;"CAETANOPOLIS";"Manobra de mudança de faixa";"Colisão lateral mesmo sentido";"Com Vítimas Fatais";"Pleno dia";"Decrescente";"Céu Claro";"Dupla";"Curva";"Não";3;1;1;0;1;0;1;2;-19,31698774;-44,36765061;"SPRF-MG";"DEL02-MG";"UOP01-DEL02-MG"
381318;2021-09-04;"sábado";"10:30:00";"SC";101;222,1;"PALHOCA";"Condutor deixou de manter distância do veículo da frente";"Colisão traseira";"Com Vítimas Feridas";"Pleno dia";"Decrescente";"Nublado";"Dupla";"Reta";"Não";2;0;1;0;1;0;1;2;-27,71552634;-48,64881251;"SPRF-SC";"DEL01-SC";"UOP02-DEL01-SC"
381319;2021-09-04;"sábado";"12:05:00";"PE";104;57,1;"CARUARU";"Afundamento ou ondulação no pavimento";"Queda de ocupante de veículo";"Com Vítimas Feridas";"Pleno dia";"Crescente";"Sol";"Dupla";"Reta";"Não";2;0;1;0;1;0;1;1;-8,2181;-35,9747;"SPRF-PE";"DEL02-PE";"UOP01-DEL02-PE"
381321;2021-09-04;"sábado";"12:30:00";"PR";277;188,2;"PALMEIRA";"Condutor deixou de manter distância do veículo da frente";"Colisão traseira";"Com Vítimas Feridas";"Pleno dia";"Decrescente";"Céu Claro";"Simples";"Reta";"Não";2;0;1;0;0;1;1;2;-25,439;-50,17;"SPRF-PR";"DEL03-PR";"UOP03-DEL03-PR"
381323;2021-09-04;"sábado";"10:51:00";"MT";174;1;"PONTES E LACERDA";"Acessar a via sem observar a presença dos outros veículos";"Colisão transversal";"Com Vítimas Feridas";"Pleno dia";"Crescente";"Céu Claro";"Simples";"Reta";"Sim";2;0;1;0;1;0;1;2;-15,244643;-59,316375;"SPRF-MT";"DEL04-MT";"UOP01-DEL04-MT"
381326;2021-09-04;"sábado";"11:52:00";"MA";10;254,6;"IMPERATRIZ";"Acessar a via sem observar a presença dos outros veículos";"Colisão transversal";"Com Vítimas Feridas";"Pleno dia";"Decrescente";"Céu Claro";"Simples";"Rotatória";"Sim";2;0;0;1;1;0;1;2;-5,517879;-47,471581;"SPRF-MA";"DEL04-MA";"UOP01-DEL04-MA"
381328;2021-09-04;"sábado";"13:00:00";"MG";381;486,2;"BETIM";"Ausência de reação do condutor";"Colisão traseira";"Com Vítimas Feridas";"Pleno dia";"Crescente";"Sol";"Múltipla";"Reta";"Sim";3;0;1;0;2;0;1;2;-19,95592351;-44,11045074;"SPRF-MG";"DEL01-MG";"UOP03-DEL01-MG"
381329;2021-09-04;"sábado";"11:30:00";"GO";60;40;"ALEXANIA";"Ausência de reação do condutor";"Saída de leito carroçável";"Com Vítimas Feridas";"Pleno dia";"Crescente";"Céu Claro";"Dupla";"Reta";"Não";1;0;0;1;0;0;1;1;-16,1107;-48,5646;"SPRF-DF";"DEL03-DF";"UOP01-DEL03-DF"
381330;2021-09-04;"sábado";"11:40:00";"PR";376;45,6;"NOVA LONDRINA";"Acessar a via sem observar a presença dos outros veículos";"Colisão transversal";"Com Vítimas Feridas";"Pleno dia";"Decrescente";"Sol";"Simples";"Interseção de Vias;Reta";"Não";4;0;1;0;3;0;1;2;-22,86039784;-52,9661715;"SPRF-PR";"DEL09-PR";"UOP02-DEL09-PR"
381331;2021-09-04;"sábado";"07:50:00";"SC";470;282;"BRUNOPOLIS";"Demais falhas mecânicas ou elétricas";"Incêndio";"Sem Vítimas";"Pleno dia";"Decrescente";"Céu Claro";"Simples";"Curva";"Não";1;0;0;0;1;0;0;1;-27,334911;-50,882519;"SPRF-SC";"DEL07-SC";"UOP06-DEL07-SC"
381332;2021-09-04;"sábado";"08:30:00";"SC";101;324,1;"CAPIVARI DE BAIXO";"Velocidade Incompatível";"Colisão traseira";"Com Vítimas Feridas";"Pleno dia";"Crescente";"Nublado";"Dupla";"Reta";"Não";4;0;1;0;3;0;1;4;-28,42890047;-48,92285509;"SPRF-SC";"DEL02-SC";"UOP01-DEL02-SC"
381334;2021-09-04;"sábado";"13:10:00";"PR";277;138;"BALSA NOVA";"Avarias e/ou desgaste excessivo no pneu";"Capotamento";"Com Vítimas Feridas";"Pleno dia";"Decrescente";"Céu Claro";"Dupla";"Curva";"Não";2;0;2;0;0;0;2;1;-25,47617507;-49,70983028;"SPRF-PR";"DEL01-PR";"UOP03-DEL03-PR"
381335;2021-09-04;"sábado";"12:00:00";"MS";359;149;"ALCINOPOLIS";"Reação tardia ou ineficiente do condutor";"Colisão com objeto";"Com Vítimas Fatais";"Pleno dia";"Decrescente";"Céu Claro";"Simples";"Curva";"Não";1;1;0;0;0;0;0;1;-18,26713787;-54,08205498;"SPRF-MS";"DEL06-MS";"UOP01-DEL06-MS"
381336;2021-09-04;"sábado";"08:45:00";"SC";470;64;"INDAIAL";"Reação tardia ou ineficiente do condutor";"Colisão traseira";"Com Vítimas Feridas";"Pleno dia";"Crescente";"Nublado";"Simples";"Curva";"Sim";3;0;1;0;2;0;1;2;-26,869867;-49,201859;"SPRF-SC";"DEL04-SC";"UOP01-DEL04-SC"
381339;2021-09-04;"sábado";"14:00:00";"SP";381;88;"GUARULHOS";"Avarias e/ou desgaste excessivo no pneu";"Colisão frontal";"Com Vítimas Feridas";"Pleno dia";"Crescente";"Céu Claro";"Dupla";"Reta";"Não";2;0;1;0;1;0;1;1;-23,47469314;-46,56112919;"SPRF-SP";"DEL03-SP";"UOP01-DEL03-SP"
381340;2021-09-04;"sábado";"13:35:00";"RJ";101;325;"RIO DE JANEIRO";"Trafegar com motocicleta (ou similar) entre as faixas";"Colisão traseira";"Com Vítimas Feridas";"Pleno dia";"Decrescente";"Céu Claro";"Dupla";"Reta";"Não";2;0;1;0;1;0;1;2;-22,87292569;-43,13625699;"SPRF-RJ";"DEL02-RJ";"UOP02-DEL02-RJ"
381341;2021-09-04;"sábado";"14:10:00";"PE";232;61;"POMBOS";"Reação tardia ou ineficiente do condutor";"Tombamento";"Com Vítimas Feridas";"Pleno dia";"Crescente";"Céu Claro";"Dupla";"Retorno Regulamentado";"Não";1;0;1;0;0;0;1;1;-8,15534456;-35,42120934;"SPRF-PE";"DEL02-PE";"UOP02-DEL02PE"
381342;2021-09-04;"sábado";"08:50:00";"SC";101;66,9;"ARAQUARI";"Reação tardia ou ineficiente do condutor";"Saída de leito carroçável";"Sem Vítimas";"Pleno dia";"Decrescente";"Nublado";"Múltipla";"Curva";"Sim";1;0;0;0;1;0;0;1;-26,478474;-48,73863;"SPRF-SC";"DEL03-SC";"UOP02-DEL03-SC"
381344;2021-09-04;"sábado";"14:00:00";"PR";277;712,5;"SANTA TEREZINHA DE ITAIPU";"Ausência de reação do condutor";"Tombamento";"Com Vítimas Feridas";"Pleno dia";"Crescente";"Céu Claro";"Dupla";"Reta";"Não";2;0;1;1;0;0;2;1;-25,45780735;-54,43119986;"SPRF-PR";"DEL05-PR";"UOP01-DEL05-PR"
381345;2021-09-04;"sábado";"14:00:00";"MG";262;374;"JUATUBA";"Demais falhas mecânicas ou elétricas";"Incêndio";"Sem Vítimas";"Pleno dia";"Crescente";"Céu Claro";"Dupla";"Reta";"Sim";1;0;0;0;1;0;0;1;-19,96727284;-44,33288566;"SPRF-MG";"DEL01-MG";"UOP03-DEL01-MG"
381346;2021-09-04;"sábado";"14:50:00";"SP";381;15;"BRAGANCA PAULISTA";"Condutor deixou de manter distância do veículo da frente";"Colisão traseira";"Com Vítimas Feridas";"Pleno dia";"Decrescente";"Céu Claro";"Dupla";"Reta";"Não";3;0;1;0;1;1;1;2;-22,94909097;-46,47908707;"SPRF-SP";"DEL03-SP";"UOP01-DEL03-SP"
381353;2021-09-04;"sábado";"15:15:00";"SP";116;278;"EMBU DAS ARTES";"Condutor deixou de manter distância do veículo da frente";"Colisão traseira";"Com Vítimas Feridas";"Pleno dia";"Crescente";"Sol";"Dupla";"Reta";"Sim";6;0;1;0;5;0;1;3;-23,63386676;-46,82373405;"SPRF-SP";"DEL04-SP";"UOP01-DEL04-SP"
381354;2021-09-04;"sábado";"14:20:00";"MG";116;277,1;"TEOFILO OTONI";"Desrespeitar a preferência no cruzamento";"Colisão transversal";"Com Vítimas Feridas";"Pleno dia";"Crescente";"Céu Claro";"Dupla";"Interseção de Vias";"Sim";2;0;0;1;1;0;1;2;-17,859945;-41,515144;"SPRF-MG";"DEL11-MG";"UOP01-DEL11-MG"
381356;2021-09-04;"sábado";"14:40:00";"MG";50;67;"UBERLANDIA";"Reação tardia ou ineficiente do condutor";"Queda de ocupante de veículo";"Com Vítimas Feridas";"Pleno dia";"Crescente";"Céu Claro";"Dupla";"Interseção de Vias";"Sim";1;0;1;0;0;0;1;1;-18,85140204;-48,25345932;"SPRF-MG";"DEL15-MG";"UOP02-DEL15-MG"
381359;2021-09-04;"sábado";"16:00:00";"SP";116;282;"ITAPECERICA DA SERRA";"Trafegar com motocicleta (ou similar) entre as faixas";"Colisão traseira";"Sem Vítimas";"Pleno dia";"Crescente";"Sol";"Dupla";"Reta";"Não";2;0;0;0;2;0;0;2;-23,68570216;-46,85970975;"SPRF-SP";"DEL04-SP";"UOP01-DEL04-SP"
381361;2021-09-04;"sábado";"15:00:00";"PE";101;64;"RECIFE";"Pedestre andava na pista";"Atropelamento de Pedestre";"Com Vítimas Feridas";"Pleno dia";"Crescente";"Céu Claro";"Dupla";"Reta";"Sim";2;0;2;0;0;0;2;2;-8,0162921;-34,94045886;"SPRF-PE";"DEL01-PE";"UOP01-DEL01-PE"
381362;2021-09-04;"sábado";"14:50:00";"MS";163;20,6;"MUNDO NOVO";"Acessar a via sem observar a presença dos outros veículos";"Colisão transversal";"Com Vítimas Feridas";"Pleno dia";"Crescente";"Céu Claro";"Simples";"Reta";"Sim";4;0;1;0;3;0;1;2;-23,92529776;-54,2835309;"SPRF-MS";"DEL09-MS";"UOP02-DEL09-MS"
381363;2021-09-04;"sábado";"14:40:00";"MG";116;396,4;"GOVERNADOR VALADARES";"Velocidade Incompatível";"Saída de leito carroçável";"Com Vítimas Feridas";"Pleno dia";"Crescente";"Céu Claro";"Simples";"Curva";"Não";1;0;1;0;0;0;1;1;-18,74773492;-41,98373226;"SPRF-MG";"DEL06-MG";"UOP01-DEL06-MG"
381364;2021-09-04;"sábado";"16:40:00";"MG";381;359,6;"JOAO MONLEVADE";"Condutor deixou de manter distância do veículo da frente";"Colisão lateral mesmo sentido";"Com Vítimas Feridas";"Pleno dia";"Crescente";"Céu Claro";"Simples";"Reta";"Sim";2;0;1;0;1;0;1;2;-19,8551458;-43,22402296;"SPRF-MG";"DEL03-MG";"UOP01-DEL03-MG"