"id";"data_inversa";"dia_semana";"horario";"uf";"br";"km";"municipio";"causa_acidente";"tipo_acidente";"classificacao_acidente";"fase_dia";"sentido_via";"condicao_metereologica";"tipo_pista";"tracado_via";"uso_solo";"pessoas";"mortos";"feridos_leves";"feridos_graves";"ilesos";"ignorados";"feridos";"veiculos";"latitude";"longitude";"regional";"delegacia";"uop"
381464;2021-09-04;"sábado";"22:30:00";"MS";158;332,5;"BRASILANDIA";"Ausência de reação do condutor";"Saída de leito carroçável";"Com Vítimas Feridas";"Plena Noite";"Crescente";"Céu Claro";"Simples";"Reta";"Não";1;0;0;1;0;0;1;1;-21,19361031;-51,99651654;"SPRF-MS";"DEL07-MS";"UOP01-DEL07-MS"
381466;2021-09-04;"sábado";"21:35:00";"SC";282;335,8;"CAMPOS NOVOS";"Ausência de reação do condutor";"Colisão frontal";"Com Vítimas Feridas";"Plena Noite";"Crescente";"Chuva";"Simples";"Curva";"Não";2;0;1;1;0;0;2;2;-27,392326;-51,155804;"SPRF-SC";"DEL07-SC";"UOP06-DEL07-SC"
381467;2021-09-04;"sábado";"21:30:00";"SC";280;118;"SAO BENTO DO SUL";"Velocidade Incompatível";"Capotamento";"Sem Vítimas";"Plena Noite";"Crescente";"Garoa/Chuvisco";"Simples";"Curva";"Não";1;0;0;0;0;1;0;1;-26,26608202;-49,42467403;"SPRF-SC";"DEL06-SC";"UOP03-DEL06-SC"
381468;2021-09-04;"sábado";"23:50:00";"PE";232;204,5;"PESQUEIRA";"Ingestão de álcool pelo condutor";"Colisão com objeto";"Com Vítimas Feridas";"Plena Noite";"Decrescente";"Céu Claro";"Simples";"Reta";"Não";2;0;1;1;0;0;2;2;-8,37237557;-36,64377902;"SPRF-PE";"DEL03-PE";"UOP02-DEL03-PE"
381469;2021-09-04;"sábado";"19:30:00";"PI";222;143,5;"ESPERANTINA";"Manobra de mudança de faixa";"Colisão lateral mesmo sentido";"Com Vítimas Fatais";"Plena Noite";"Crescente";"Céu Claro";"Simples";"Reta";"Não";3;1;0;1;0;1;1;3;-3,92221613;-42,21539205;"SPRF-PI";"DEL02-PI";"UOP01-DEL02-PI"
381470;2021-09-04;"sábado";"23:30:00";"DF";60;5;"BRASILIA";"Ausência de reação do condutor";"Colisão traseira";"Sem Vítimas";"Plena Noite";"Crescente";"Céu Claro";"Dupla";"Reta";"Sim";2;0;0;0;2;0;0;2;-15,895438;-48,104771;"SPRF-DF";"DEL03-DF";"UOP01-DEL03-DF"
381471;2021-09-04;"sábado";"23:30:00";"RS";472;115,2;"BOA VISTA DO BURICA";"Ingestão de álcool pelo condutor";"Colisão frontal";"Com Vítimas Feridas";"Plena Noite";"Crescente";"Garoa/Chuvisco";"Simples";"Reta";"Sim";3;0;2;0;1;0;2;2;-27,67600329;-54,11341667;"SPRF-RS";"DEL10-RS";"UOP01-DEL10-RS"
381472;2021-09-04;"sábado";"21:20:00";"PR";476;224;"LAPA";"Reação tardia ou ineficiente do condutor";"Saída de leito carroçável";"Com Vítimas Feridas";"Plena Noite";"Crescente";"Nublado";"Simples";"Curva";"Não";1;0;0;1;0;0;1;1;-25,848568;-49,941429;"SPRF-PR";"DEL02-PR";"UOP04-DEL02-PR"
381473;2021-09-05;"domingo";"00:10:00";"SC";101;199;"SAO JOSE";"Velocidade Incompatível";"Saída de leito carroçável";"Com Vítimas Feridas";"Plena Noite";"Crescente";"Chuva";"Múltipla";"Reta";"Sim";1;0;1;0;0;0;1;1;-27,53413705;-48,63003205;"SPRF-SC";"DEL01-SC";"UOP01-DEL01-SC"
381475;2021-09-04;"sábado";"23:30:00";"ES";101;292;"CARIACICA";"Reação tardia ou ineficiente do condutor";"Colisão traseira";"Com Vítimas Feridas";"Plena Noite";"Decrescente";"Céu Claro";"Dupla";"Declive";"Sim";2;0;1;0;1;0;1;2;-20,30650512;-40,39488717;"SPRF-ES";"DEL01-ES";"UOP01-DEL01-ES"
381476;2021-09-04;"sábado";"20:45:00";"MA";135;67,4;"SANTA RITA";"Acessar a via sem observar a presença dos outros veículos";"Colisão frontal";"Sem Vítimas";"Plena Noite";"Decrescente";"Céu Claro";"Simples";"Reta";"Sim";2;0;0;0;0;2;0;2;-3,11481199;-44,32344911;"SPRF-MA";"DEL01-MA";"UOP02-DEL01-MA"
381477;2021-09-05;"domingo";"00:30:00";"DF";20;24;"BRASILIA";"Ausência de reação do condutor";"Colisão com objeto";"Com Vítimas Fatais";"Plena Noite";"Crescente";"Céu Claro";"Dupla";"Curva";"Sim";2;1;1;0;0;0;1;1;-15,594831;-47,658615;"SPRF-DF";"DEL02-DF";"UOP01-DEL02-DF"
381478;2021-09-05;"domingo";"00:30:00";"RS";290;99;"PORTO ALEGRE";"Ausência de reação do condutor";"Colisão traseira";"Com Vítimas Feridas";"Plena Noite";"Crescente";"Chuva";"Dupla";"Reta";"Sim";2;0;0;1;1;0;1;2;-29,991756;-51,22699;"SPRF-RS";"DEL01-RS";"UOP01-DEL01-RS"
381479;2021-09-04;"sábado";"23:20:00";"RO";364;708;"PORTO VELHO";"Acessar a via sem observar a presença dos outros veículos";"Colisão lateral mesmo sentido";"Com Vítimas Feridas";"Plena Noite";"Crescente";"Céu Claro";"Dupla";"Reta";"Sim";6;0;3;0;1;2;3;3;-8,79483261;-63,84198189;"SPRF-RO";"DEL01-RO";"UOP01-DEL01-RO"
381480;2021-09-04;"sábado";"23:30:00";"SP";101;43,3;"UBATUBA";"Velocidade Incompatível";"Colisão transversal";"Sem Vítimas";"Plena Noite";"Decrescente";"Garoa/Chuvisco";"Simples";"Rotatória";"Não";3;0;0;0;1;2;0;3;-23,409762;-45,059369;"SPRF-SP";"DEL06-SP";"UOP01-DEL06-SP"
381482;2021-09-04;"sábado";"23:50:00";"MG";262;368;"JUATUBA";"Demais falhas mecânicas ou elétricas";"Incêndio";"Sem Vítimas";"Plena Noite";"Crescente";"Céu Claro";"Dupla";"Reta";"Sim";1;0;0;0;0;1;0;1;-19,97239513;-44,28042402;"SPRF-MG";"DEL01-MG";"UOP03-DEL01-MG"
381483;2021-09-05;"domingo";"00:35:00";"PR";376;223,2;"CAMBIRA";"Ingestão de álcool pelo condutor";"Saída de leito carroçável";"Com Vítimas Feridas";"Plena Noite";"Crescente";"Céu Claro";"Dupla";"Curva;Declive";"Não";4;0;2;1;1;0;3;1;-23,59012534;-51,57481471;"SPRF-PR";"DEL07-PR";"UOP02-DEL07-PR"
381484;2021-09-05;"domingo";"01:00:00";"RJ";393;285,9;"VOLTA REDONDA";"Ingestão de álcool pelo condutor";"Colisão lateral mesmo sentido";"Com Vítimas Feridas";"Plena Noite";"Decrescente";"Céu Claro";"Simples";"Reta";"Sim";2;0;1;0;1;0;1;2;-22,481726;-44,06308602;"SPRF-RJ";"DEL05-RJ";"UOP04-DEL05-RJ"
381485;2021-09-04;"sábado";"23:45:00";"RN";101;109;"PARNAMIRIM";"Ingestão de álcool pelo condutor";"Colisão traseira";"Com Vítimas Feridas";"Plena Noite";"Crescente";"Céu Claro";"Múltipla";"Reta";"Sim";3;0;3;0;0;0;3;2;-5,937378;-35,26483;"SPRF-RN";"DEL01-RN";"UOP01-DEL01-RN"
381487;2021-09-05;"domingo";"01:30:00";"DF";60;8;"BRASILIA";"Velocidade Incompatível";"Saída de leito carroçável";"Com Vítimas Feridas";"Plena Noite";"Crescente";"Céu Claro";"Dupla";"Reta";"Sim";4;0;3;0;1;0;3;1;-15,90324;-48,130695;"SPRF-DF";"DEL03-DF";"UOP01-DEL03-DF"
381488;2021-09-04;"sábado";"22:40:00";"MG";116;493,2;"INHAPIM";"Transitar na contramão";"Colisão frontal";"Com Vítimas Feridas";"Plena Noite";"Crescente";"Nublado";"Simples";"Reta";"Não";2;0;0;1;1;0;1;2;-19,50119606;-42,12776218;"SPRF-MG";"DEL06-MG";"UOP02-DEL06-MG"
381489;2021-09-05;"domingo";"01:30:00";"GO";60;91,9;"ANAPOLIS";"Ingestão de álcool pelo condutor";"Colisão transversal";"Com Vítimas Feridas";"Pleno dia";"Crescente";"Céu Claro";"Múltipla";"Reta";"Sim";4;0;2;2;0;0;4;2;-16,353;-48,9178;"SPRF-GO";"DEL02-GO";"UOP01-DEL02-GO"
381490;2021-09-04;"sábado";"22:05:00";"PA";163;986;"SANTAREM";"Transitar na contramão";"Colisão frontal";"Com Vítimas Feridas";"Plena Noite";"Crescente";"Céu Claro";"Simples";"Reta";"Sim";3;0;1;1;1;0;2;2;-2,59271401;-54,71976013;"SPRF-PA";"DEL05-PA";"UOP01-DEL05-PA"
381491;2021-09-05;"domingo";"01:00:00";"PE";423;75,3;"JUCATI";"Ingestão de álcool pelo condutor";"Atropelamento de Pedestre";"Com Vítimas Feridas";"Plena Noite";"Decrescente";"Nublado";"Simples";"Curva";"Não";4;0;1;3;0;0;4;2;-8,726611;-36,430951;"SPRF-PE";"DEL03-PE";"UOP01-DEL03-PE"
381492;2021-09-05;"domingo";"01:05:00";"PR";163;275;"QUATRO PONTES";"Chuva";"Saída de leito carroçável";"Com Vítimas Feridas";"Plena Noite";"Decrescente";"Chuva";"Dupla";"Reta";"Não";3;0;2;0;1;0;2;1;-24,61125308;-53,95455801;"SPRF-PR";"DEL06-PR";"UOP02-DEL06-PR"
381494;2021-09-05;"domingo";"02:00:00";"GO";40;25;"LUZIANIA";"Velocidade Incompatível";"Saída de leito carroçável";"Com Vítimas Feridas";"Plena Noite";"Decrescente";"Céu Claro";"Simples";"Em Obras";"Sim";2;0;0;2;0;0;2;1;-16,252751;-47,900453;"SPRF-DF";"DEL01-DF";"UOP01-DEL01-DF"
381495;2021-09-05;"domingo";"01:00:00";"SP";381;86;"SAO PAULO";"Ausência de reação do condutor";"Colisão com objeto";"Sem Vítimas";"Plena Noite";"Crescente";"Céu Claro";"Múltipla";"Curva";"Sim";1;0;0;0;1;0;0;1;-23,4309671;-46,56998022;"SPRF-SP";"DEL03-SP";"UOP01-DEL03-SP"
381496;2021-09-05;"domingo";"02:00:00";"RS";392;658,4;"CERRO LARGO";"Ingestão de álcool pelo condutor";"Saída de leito carroçável";"Com Vítimas Feridas";"Plena Noite";"Crescente";"Garoa/Chuvisco";"Simples";"Reta";"Não";2;0;0;1;1;0;1;1;-28,11963279;-54,70172947;"SPRF-RS";"DEL10-RS";"UOP01-DEL10-RS"
381497;2021-09-05;"domingo";"01:24:00";"TO";153;136,2;"ARAGUAINA";"Condutor Dormindo";"Queda de ocupante de veículo";"Com Vítimas Feridas";"Plena Noite";"Crescente";"Céu Claro";"Dupla";"Reta";"Sim";1;0;0;1;0;0;1;1;-7,137507;-48,200943;"SPRF-TO";"DEL02-TO";"UOP01-DEL02-TO"
381498;2021-09-05;"domingo";"02:00:00";"PR";277;242,7;"IRATI";"Reação tardia ou ineficiente do condutor";"Saída de leito carroçável";"Sem Vítimas";"Plena Noite";"Decrescente";"Chuva";"Simples";"Reta";"Não";1;0;0;0;1;0;0;1;-25,46479561;-50,57606762;"SPRF-PR";"DEL03-PR";"UOP03-DEL03-PR"
381499;2021-09-05;"domingo";"02:35:00";"SP";116;152;"SAO JOSE DOS CAMPOS";"Velocidade Incompatível";"Colisão com objeto";"Com Vítimas Feridas";"Plena Noite";"Decrescente";"Nublado";"Dupla";"Reta";"Sim";1;0;0;1;0;0;1;1;-23,22620401;-45,90682999;"SPRF-SP";"DEL02-SP";"UOP01-DEL02-SP"
381500;2021-09-05;"domingo";"01:30:00";"SC";101;341;"TUBARAO";"Ingestão de álcool pelo condutor";"Saída de leito carroçável";"Sem Vítimas";"Plena Noite";"Crescente";"Chuva";"Múltipla";"Interseção de Vias";"Sim";1;0;0;0;0;1;0;1;-28,50999405;-49,05070686;"SPRF-SC";"DEL02-SC";"UOP01-DEL02-SC"
381501;2021-09-05;"domingo";"01:40:00";"SP";459;17;"PIQUETE";"Reação tardia ou ineficiente do condutor";"Saída de leito carroçável";"Com Vítimas Feridas";"Plena Noite";"Crescente";"Céu Claro";"Simples";"Aclive;Curva";"Não";1;0;1;0;0;0;1;1;-22,627684;-45,161057;"SPRF-SP";"DEL08-SP";"UOP02-DEL08-SP"
381502;2021-09-05;"domingo";"00:20:00";"RN";226;166,9;"CURRAIS NOVOS";"Ingestão de álcool pelo condutor";"Colisão lateral sentido oposto";"Com Vítimas Feridas";"Plena Noite";"Crescente";"Céu Claro";"Simples";"Reta";"Não";3;0;1;0;2;0;1;2;-6,23134484;-36,43796705;"SPRF-RN";"DEL03-RN";"UOP02-DEL03-RN"
381503;2021-09-05;"domingo";"01:29:00";"SC";470;103,6;"APIUNA";"Ingestão de álcool pelo condutor";"Colisão frontal";"Com Vítimas Feridas";"Plena Noite";"Crescente";"Garoa/Chuvisco";"Simples";"Reta";"Não";2;0;1;0;1;0;1;2;-27,064796;-49,401424;"SPRF-SC";"DEL04-SC";"UOP02-DEL04-SC"
381504;2021-09-05;"domingo";"00:20:00";"AC";364;120;"RIO BRANCO";"Velocidade Incompatível";"Saída de leito carroçável";"Sem Vítimas";"Plena Noite";"Crescente";"Nublado";"Simples";"Reta";"Sim";1;0;0;0;1;0;0;1;-10,01226643;-67,75533501;"SPRF-AC";"DEL01-AC";"UOP01-DEL01-AC"
381505;2021-09-05;"domingo";"02:40:00";"MG";381;935,5;"EXTREMA";"Ingestão de álcool e/ou substâncias psicoativas pelo pedestre";"Saída de leito carroçável";"Sem Vítimas";"Plena Noite";"Decrescente";"Céu Claro";"Simples";"Reta;Aclive";"Não";2;0;0;0;0;2;0;2;-22,82329661;-46,30805019;"SPRF-MG";"DEL16-MG";"UOP03-DEL16-MG"
381506;2021-09-05;"domingo";"02:15:00";"RJ";40;109;"DUQUE DE CAXIAS";"Manobra de mudança de faixa";"Colisão lateral mesmo sentido";"Com Vítimas Feridas";"Plena Noite";"Decrescente";"Nublado";"Múltipla";"Reta";"Sim";2;0;1;0;0;1;1;2;-22,68295757;-43,28540417;"SPRF-RJ";"DEL01-RJ";"UOP01-DEL01-RJ"
381508;2021-09-05;"domingo";"02:55:00";"MG";116;737,1;"LARANJAL";"Animais na Pista";"Saída de leito carroçável";"Com Vítimas Feridas";"Plena Noite";"Decrescente";"Céu Claro";"Simples";"Reta";"Não";2;0;1;0;1;0;1;1;-21,36164;-42,471428;"SPRF-MG";"DEL07-MG";"UOP02-DEL07-MG"
381509;2021-09-05;"domingo";"03:00:00";"RS";116;265;"CANOAS";"Ingestão de álcool pelo condutor";"Colisão com objeto";"Com Vítimas Feridas";"Plena Noite";"Crescente";"Chuva";"Dupla";"Curva";"Sim";3;0;3;0;0;0;3;1;-29,92342302;-51,17780944;"SPRF-RS";"DEL01-RS";"UOP01-DEL01-RS"
381510;2021-09-05;"domingo";"02:00:00";"MS";158;340,7;"BRASILANDIA";"Ingestão de álcool pelo condutor";"Saída de leito carroçável";"Com Vítimas Feridas";"Plena Noite";"Decrescente";"Céu Claro";"Simples";"Rotatória";"Sim";1;0;1;0;0;0;1;1;-21,25332493;-52,03569817;"SPRF-MS";"DEL07-MS";"UOP01-DEL07-MS"
381511;2021-09-05;"domingo";"01:00:00";"MG";365;757;"ITUIUTABA";"Falta de elemento de contenção que evite a saída do leito carroçável";"Queda de ocupante de veículo";"Sem Vítimas";"Plena Noite";"Crescente";"Céu Claro";"Dupla";"Curva";"Não";1;0;0;0;1;0;0;1;-18,96358968;-49,4773831;"SPRF-MG";"DEL15-MG";"UOP03-DEL15-MG"
381512;2021-09-04;"sábado";"21:40:00";"PR";373;219,5;"IMBITUVA";"Ausência de reação do condutor";"Saída de leito carroçável";"Com Vítimas Feridas";"Plena Noite";"Decrescente";"Garoa/Chuvisco";"Simples";"Reta";"Não";1;0;0;1;0;0;1;1;-25,1690707;-50,56712221;"SPRF-PR";"DEL03-PR";"UOP04-DEL03-PR"
381513;2021-09-05;"domingo";"02:00:00";"PR";116;99;"SAO JOSE DOS PINHAIS";"Avarias e/ou desgaste excessivo no pneu";"Capotamento";"Sem Vítimas";"Plena Noite";"Crescente";"Garoa/Chuvisco";"Simples";"Reta;Aclive";"Sim";1;0;0;0;0;1;0;1;-25,52682231;-49,14038767;"SPRF-PR";"DEL01-PR";"UOP01-DEL01-PR"
381514;2021-09-05;"domingo";"03:50:00";"ES";101;46,5;"SAO MATEUS";"Reação tardia ou ineficiente do condutor";"Colisão com objeto";"Sem Vítimas";"Plena Noite";"Crescente";"Céu Claro";"Simples";"Reta";"Sim";1;0;0;0;0;1;0;1;-18,55144093;-39,90284075;"SPRF-ES";"DEL04-ES";"UOP02-DEL04-ES"
381515;2021-09-05;"domingo";"02:20:00";"SP";116;393,9;"MIRACATU";"Condutor Dormindo";"Capotamento";"Com Vítimas Feridas";"Plena Noite";"Decrescente";"Nublado";"Dupla";"Reta";"Sim";2;0;2;0;0;0;2;1;-24,28558932;-47,44194093;"SPRF-SP";"DEL04-SP";"UOP02-DEL04-SP"
381516;2021-09-05;"domingo";"04:15:00";"MG";40;439,5;"PARAOPEBA";"Condutor Dormindo";"Saída de leito carroçável";"Com Vítimas Feridas";"Plena Noite";"Decrescente";"Céu Claro";"Dupla";"Reta";"Não";1;0;1;0;0;0;1;1;-19,23100428;-44,43562244;"SPRF-MG";"DEL02-MG";"UOP01-DEL02-MG"
381517;2021-09-05;"domingo";"04:30:00";"SC";101;209;"SAO JOSE";"Ausência de reação do condutor";"Saída de leito carroçável";"Sem Vítimas";"Plena Noite";"Decrescente";"Garoa/Chuvisco";"Múltipla";"Reta";"Sim";1;0;0;0;1;0;0;1;-27,61000542;-48,63895057;"SPRF-SC";"DEL01-SC";"UOP01-DEL01-SC"
381518;2021-09-05;"domingo";"04:00:00";"SC";101;162,8;"TIJUCAS";"Velocidade Incompatível";"Colisão com objeto";"Sem Vítimas";"Plena Noite";"Decrescente";"Chuva";"Múltipla";"Reta";"Sim";1;0;0;0;0;1;0;1;-27,22554009;-48,6279367;"SPRF-SC";"DEL04-SC";"UOP03-DEL04-SC"
381519;2021-09-04;"sábado";"21:30:00";"RO";364;569,9;"ALTO PARAISO";"Ausência de reação do condutor";"Colisão com objeto";"Com Vítimas Fatais";"Plena Noite";"Crescente";"Céu Claro";"Simples";"Ponte";"Não";4;2;0;2;0;0;2;1;-9,48656987;-63,09585109;"SPRF-RO";"DEL01-RO";"UOP04-DEL01-RO"
381520;2021-09-05;"domingo";"03:45:00";"PR";373;244;"GUAMIRANGA";"Curva acentuada";"Saída de leito carroçável";"Sem Vítimas";"Plena Noite";"Crescente";"Nublado";"Simples";"Curva";"Não";1;0;0;0;1;0;0;1;-25,1905309;-50,79562196;"SPRF-PR";"DEL03-PR";"UOP04-DEL03-PR"
381521;2021-09-05;"domingo";"05:00:00";"GO";70;8;"AGUAS LINDAS DE GOIAS";"Ingestão de álcool pelo condutor";"Colisão com objeto";"Com Vítimas Feridas";"Plena Noite";"Crescente";"Céu Claro";"Dupla";"Reta";"Sim";4;0;2;2;0;0;4;1;-15,73962693;-48,2719624;"SPRF-DF";"DEL03-DF";"UOP02-DEL03-DF"
381523;2021-09-05;"domingo";"04:30:00";"RS";285;111,2;"VACARIA";"Ingestão de álcool pelo condutor";"Colisão com objeto";"Com Vítimas Feridas";"Plena Noite";"Decrescente";"Chuva";"Simples";"Declive";"Não";5;0;5;0;0;0;5;1;-28,51087;-50,848324;"SPRF-RS";"DEL05-RS";"UOP03-DEL05-RS"
381525;2021-09-05;"domingo";"04:30:00";"RS";290;90;"PORTO ALEGRE";"Ausência de reação do condutor";"Saída de leito carroçável";"Sem Vítimas";"Pleno dia";"Decrescente";"Chuva";"Dupla";"Reta";"Sim";1;0;0;0;1;0;0;1;-29,968319;-51,157398;"SPRF-RS";"DEL01-RS";"UOP01-DEL01-RS"
381528;2021-09-05;"domingo";"06:10:00";"MG";381;503,2;"BETIM";"Área urbana sem a presença de local apropriado para a travessia de pedestres";"Atropelamento de Pedestre";"Com Vítimas Fatais";"Pleno dia";"Crescente";"Céu Claro";"Múltipla";"Reta";"Sim";2;1;0;0;0;1;0;2;-20,03855134;-44,25495493;"SPRF-MG";"DEL01-MG";"UOP03-DEL01-MG"
381529;2021-09-05;"domingo";"05:20:00";"PR";476;130,8;"CURITIBA";"Velocidade Incompatível";"Saída de leito carroçável";"Sem Vítimas";"Amanhecer";"Crescente";"Nublado";"Dupla";"Reta";"Sim";1;0;0;0;0;1;0;1;-25,45412497;-49,24647331;"SPRF-PR";"DEL01-PR";"UOP03-DEL01-PR"
381530;2021-09-05;"domingo";"04:00:00";"PR";369;244;"BOM SUCESSO";"Manobra de mudança de faixa";"Capotamento";"Com Vítimas Feridas";"Plena Noite";"Decrescente";"Céu Claro";"Simples";"Reta";"Não";1;0;1;0;0;0;1;1;-23,70395143;-51,7325592;"SPRF-PR";"DEL09-PR";"UOP01-DEL09-PR"
381531;2021-09-05;"domingo";"05:30:00";"MS";376;33,1;"VICENTINA";"Ingestão de álcool pelo condutor";"Saída de leito carroçável";"Com Vítimas Feridas";"Amanhecer";"Decrescente";"Céu Claro";"Simples";"Reta";"Não";2;0;0;2;0;0;2;1;-22,39776652;-54,46475923;"SPRF-MS";"DEL04-MS";"UOP04-DEL04-MS"
381532;2021-09-05;"domingo";"04:40:00";"BA";101;701;"EUNAPOLIS";"Ingestão de álcool pelo condutor";"Saída de leito carroçável";"Com Vítimas Feridas";"Plena Noite";"Crescente";"Céu Claro";"Simples";"Curva";"Não";4;0;1;3;0;0;4;1;-16,25579614;-39,59670067;"SPRF-BA";"DEL09-BA";"UOP01-DEL09-BA"
381535;2021-09-04;"sábado";"23:54:00";"MA";316;608,4;"TIMON";"Ausência de reação do condutor";"Queda de ocupante de veículo";"Com Vítimas Feridas";"Plena Noite";"Decrescente";"Céu Claro";"Simples";"Aclive";"Não";2;0;0;2;0;0;2;1;-5,060935;-42,892292;"SPRF-MA";"DEL03-MA";"UOP02-DEL03-MA"
381536;2021-09-05;"domingo";"05:30:00";"SC";101;308;"LAGUNA";"Desrespeitar a preferência no cruzamento";"Colisão transversal";"Sem Vítimas";"Plena Noite";"Crescente";"Céu Claro";"Múltipla";"Interseção de Vias;Reta";"Não";2;0;0;0;1;1;0;2;-28,41527;-48,794878;"SPRF-SC";"DEL02-SC";"UOP01-DEL02-SC"
381538;2021-09-05;"domingo";"06:50:00";"SC";163;81,8;"GUARACIABA";"Pista esburacada";"Tombamento";"Com Vítimas Feridas";"Pleno dia";"Decrescente";"Céu Claro";"Simples";"Aclive;Em Obras;Reta";"Não";1;0;1;0;0;0;1;1;-26,63357262;-53,51895332;"SPRF-SC";"DEL07-SC";"UOP03-DEL07-SC"
381539;2021-09-05;"domingo";"04:30:00";"MG";116;534,8;"SANTA RITA DE MINAS";"Reação tardia ou ineficiente do condutor";"Colisão frontal";"Com Vítimas Fatais";"Plena Noite";"Decrescente";"Nublado";"Simples";"Curva";"Não";2;1;0;0;1;0;0;2;-19,84469501;-42,13981698;"SPRF-MG";"DEL06-MG";"UOP02-DEL06-MG"
381540;2021-09-05;"domingo";"06:50:00";"PE";232;95,2;"SAIRE";"Animais na Pista";"Atropelamento de Animal";"Com Vítimas Feridas";"Pleno dia";"Decrescente";"Céu Claro";"Dupla";"Reta";"Não";1;0;1;0;0;0;1;1;-8,228592;-35,701105;"SPRF-PE";"DEL02-PE";"UOP02-DEL02PE"
381541;2021-09-05;"domingo";"07:30:00";"PR";476;133;"CURITIBA";"Reação tardia ou ineficiente do condutor";"Colisão traseira";"Com Vítimas Feridas";"Pleno dia";"Decrescente";"Garoa/Chuvisco";"Dupla";"Interseção de Vias";"Sim";2;0;2;0;0;0;2;2;-25,46886827;-49,2534256;"SPRF-PR";"DEL01-PR";"UOP03-DEL01-PR"
381542;2021-09-05;"domingo";"00:20:00";"SC";116;139;"SANTA CECILIA";"Chuva";"Queda de ocupante de veículo";"Com Vítimas Feridas";"Plena Noite";"Crescente";"Chuva";"Simples";"Reta";"Sim";1;0;1;0;0;0;1;1;-26,96007677;-50,41626976;"SPRF-SC";"DEL06-SC";"UOP02-DEL06-SC"
381545;2021-09-05;"domingo";"08:00:00";"ES";101;372,8;"ICONHA";"Conversão proibida";"Colisão transversal";"Com Vítimas Feridas";"Pleno dia";"Crescente";"Céu Claro";"Simples";"Reta";"Não";2;0;0;1;1;0;1;2;-20,77215419;-40,77695658;"SPRF-ES";"DEL03-ES";"UOP01-DEL03-ES"
381546;2021-09-05;"domingo";"07:10:00";"GO";20;7;"FORMOSA";"Ausência de reação do condutor";"Colisão traseira";"Com Vítimas Feridas";"Pleno dia";"Crescente";"Céu Claro";"Simples";"Reta";"Não";5;0;2;0;3;0;2;2;-15,547604;-47,291592;"SPRF-DF";"DEL02-DF";"UOP01-DEL02-DF"
381551;2021-09-05;"domingo";"07:45:00";"RS";290;27,5;"SANTO ANTONIO DA PATRULHA";"Condutor Dormindo";"Colisão traseira";"Com Vítimas Feridas";"Pleno dia";"Crescente";"Nublado";"Dupla";"Reta";"Não";2;0;1;0;1;0;1;2;-29,881359;-50,524544;"SPRF-RS";"DEL03-RS";"UOP01-DEL03-RS"
381552;2021-09-04;"sábado";"18:00:00";"PR";476;98;"BOCAIUVA DO SUL";"Ausência de reação do condutor";"Saída de leito carroçável";"Com Vítimas Feridas";"Plena Noite";"Crescente";"Nublado";"Simples";"Curva";"Não";1;0;1;0;0;0;1;1;-25,24007;-49,127075;"SPRF-PR";"DEL01-PR";"UOP02-DEL01-PR"
381553;2021-09-05;"domingo";"07:00:00";"SC";282;517,2;"XAXIM";"Ingestão de álcool pelo condutor";"Colisão com objeto";"Sem Vítimas";"Pleno dia";"Decrescente";"Céu Claro";"Simples";"Reta;Aclive";"Não";3;0;0;0;3;0;0;1;-26,939375;-52,500057;"SPRF-SC";"DEL07-SC";"UOP01-DEL07-SC"
381554;2021-09-05;"domingo";"04:30:00";"PR";163;10,9;"BARRACAO";"Condutor deixou de manter distância do veículo da frente";"Colisão traseira";"Com Vítimas Feridas";"Plena Noite";"Crescente";"Céu Claro";"Simples";"Reta;Declive";"Sim";3;0;1;0;1;1;1;2;-26,239589;-53,635705;"SPRF-PR";"DEL02-PR";"UOP02-DEL02-PR"
381555;2021-09-05;"domingo";"08:50:00";"DF";60;4;"BRASILIA";"Condutor deixou de manter distância do veículo da frente";"Colisão traseira";"Com Vítimas Feridas";"Pleno dia";"Crescente";"Céu Claro";"Dupla";"Reta";"Sim";5;0;0;1;4;0;1;2;-15,892721;-48,095741;"SPRF-DF";"DEL03-DF";"UOP01-DEL03-DF"
381556;2021-09-05;"domingo";"08:05:00";"SP";381;7;"VARGEM";"Manobra de mudança de faixa";"Colisão lateral mesmo sentido";"Com Vítimas Feridas";"Pleno dia";"Decrescente";"Céu Claro";"Dupla";"Reta";"Não";3;0;0;1;2;0;1;2;-22,90533708;-46,42270582;"SPRF-SP";"DEL03-SP";"UOP01-DEL03-SP"
381558;2021-09-05;"domingo";"07:27:00";"MA";135;33,2;"BACABEIRA";"Pista esburacada";"Saída de leito carroçável";"Com Vítimas Feridas";"Pleno dia";"Crescente";"Céu Claro";"Dupla";"Reta";"Não";4;0;4;0;0;0;4;1;-2,83108301;-44,3745066;"SPRF-MA";"DEL01-MA";"UOP01-DEL01-MA"
381560;2021-09-05;"domingo";"08:35:00";"SP";381;84;"SAO PAULO";"Entrada inopinada do pedestre";"Atropelamento de Pedestre";"Com Vítimas Feridas";"Pleno dia";"Crescente";"Céu Claro";"Múltipla";"Reta";"Não";4;0;0;1;2;1;1;2;-23,43937;-46,56807;"SPRF-SP";"DEL03-SP";"UOP01-DEL03-SP"
381562;2021-09-05;"domingo";"08:10:00";"SC";101;138,5;"BALNEARIO CAMBORIU";"Velocidade Incompatível";"Colisão com objeto";"Com Vítimas Feridas";"Pleno dia";"Crescente";"Nublado";"Simples";"Curva";"Não";1;0;1;0;0;0;1;1;-27,02397426;-48,60761649;"SPRF-SC";"DEL04-SC";"UOP03-DEL04-SC"