"id";"data_inversa";"dia_semana";"horario";"uf";"br";"km";"municipio";"causa_acidente";"tipo_acidente";"classificacao_acidente";"fase_dia";"sentido_via";"condicao_metereologica";"tipo_pista";"tracado_via";"uso_solo";"pessoas";"mortos";"feridos_leves";"feridos_graves";"ilesos";"ignorados";"feridos";"veiculos";"latitude";"longitude";"regional";"delegacia";"uop"
381770;2021-09-06;"segunda-feira";"04:20:00";"PR";376;551;"BALSA NOVA";"Condutor Dormindo";"Saída de leito carroçável";"Com Vítimas Feridas";"Plena Noite";"Decrescente";"Nublado";"Dupla";"Curva";"Não";1;0;0;1;0;0;1;1;-25,47364219;-49,70118295;"SPRF-PR";"DEL01-PR";"UOP03-DEL03-PR"
381772;2021-09-06;"segunda-feira";"05:45:00";"MS";262;383,9;"TERENOS";"Ingestão de álcool pelo condutor";"Colisão transversal";"Com Vítimas Feridas";"Amanhecer";"Decrescente";"Céu Claro";"Simples";"Interseção de Vias";"Sim";5;0;5;0;0;0;5;2;-20,43484184;-54,8720867;"SPRF-MS";"DEL01-MS";"UOP03-DEL01-MS"
381775;2021-09-06;"segunda-feira";"05:10:00";"RS";290;203;"RIO PARDO";"Ingestão de álcool pelo condutor";"Saída de leito carroçável";"Sem Vítimas";"Plena Noite";"Decrescente";"Céu Claro";"Simples";"Reta";"Não";1;0;0;0;1;0;0;1;-30,17399556;-52,25325108;"SPRF-RS";"DEL02-RS";"UOP03-DEL02-RS"
381777;2021-09-06;"segunda-feira";"07:30:00";"GO";60;386,3;"RIO VERDE";"Mal súbito do condutor";"Saída de leito carroçável";"Com Vítimas Feridas";"Pleno dia";"Decrescente";"Céu Claro";"Dupla";"Curva";"Sim";1;0;1;0;0;0;1;1;-17,8029;-50,9205;"SPRF-GO";"DEL04-GO";"UOP01-DEL04-GO"
381778;2021-09-06;"segunda-feira";"07:18:00";"RN";304;48,9;"MOSSORO";"Acessar a via sem observar a presença dos outros veículos";"Colisão transversal";"Com Vítimas Feridas";"Pleno dia";"Crescente";"Sol";"Simples";"Interseção de Vias";"Sim";2;0;0;1;1;0;1;2;-5,22868577;-37,32203081;"SPRF-RN";"DEL04-RN";"UOP01-DEL04-RN"
381779;2021-09-06;"segunda-feira";"05:50:00";"SP";116;438,9;"REGISTRO";"Reação tardia ou ineficiente do condutor";"Queda de ocupante de veículo";"Com Vítimas Fatais";"Plena Noite";"Decrescente";"Chuva";"Dupla";"Reta";"Não";3;1;0;0;2;0;0;3;-24,44811308;-47,80555693;"SPRF-SP";"DEL05-SP";"UOP01-DEL05-SP"
381782;2021-09-06;"segunda-feira";"07:45:00";"RN";226;14;"MACAIBA";"Acesso irregular";"Colisão traseira";"Com Vítimas Feridas";"Pleno dia";"Decrescente";"Céu Claro";"Simples";"Reta";"Não";2;0;1;0;1;0;1;2;-5,85369361;-35,3275818;"SPRF-RN";"DEL01-RN";"UOP02-DEL01-RN"
381783;2021-09-06;"segunda-feira";"08:15:00";"SP";153;64,1;"SAO JOSE DO RIO PRETO";"Ausência de reação do condutor";"Colisão transversal";"Com Vítimas Feridas";"Pleno dia";"Decrescente";"Sol";"Dupla";"Reta";"Sim";2;0;1;0;1;0;1;2;-20,82919401;-49,36046325;"SPRF-SP";"DEL09-SP";"UOP01-DEL09-SP"
381784;2021-09-06;"segunda-feira";"08:00:00";"MG";40;747,8;"SANTOS DUMONT";"Demais falhas mecânicas ou elétricas";"Incêndio";"Sem Vítimas";"Pleno dia";"Crescente";"Céu Claro";"Simples";"Reta";"Sim";3;0;0;0;3;0;0;1;-21,4328731;-43,55221915;"SPRF-MG";"DEL05-MG";"UOP01-DEL05-MG"
381785;2021-09-06;"segunda-feira";"08:15:00";"PA";230;115,8;"MARABA";"Condutor deixou de manter distância do veículo da frente";"Engavetamento";"Sem Vítimas";"Pleno dia";"Crescente";"Sol";"Simples";"Reta";"Sim";5;0;0;0;4;1;0;5;-5,36241425;-49,07496007;"SPRF-PA";"DEL03-PA";"UOP01-DEL03-PA"
381786;2021-09-06;"segunda-feira";"07:27:00";"SP";116;60,3;"GUARATINGUETA";"Reação tardia ou ineficiente do condutor";"Saída de leito carroçável";"Com Vítimas Feridas";"Pleno dia";"Crescente";"Céu Claro";"Dupla";"Curva";"Não";2;0;1;0;1;0;1;1;-22,79106843;-45,16105167;"SPRF-SP";"DEL08-SP";"UOP01-DEL08-SP"
381787;2021-09-06;"segunda-feira";"08:00:00";"MG";40;44,7;"PARACATU";"Acessar a via sem observar a presença dos outros veículos";"Colisão lateral mesmo sentido";"Com Vítimas Feridas";"Pleno dia";"Crescente";"Céu Claro";"Simples";"Reta";"Sim";2;0;1;0;1;0;1;2;-17,23101648;-46,85390396;"SPRF-MG";"DEL14-MG";"UOP01-DEL14-MG"
381788;2021-09-05;"domingo";"19:20:00";"RJ";116;273;"BARRA MANSA";"Ausência de reação do condutor";"Colisão com objeto";"Sem Vítimas";"Plena Noite";"Crescente";"Céu Claro";"Dupla";"Reta";"Não";1;0;0;0;0;1;0;1;-22,55378491;-44,17515278;"SPRF-RJ";"DEL07-RJ";"UOP02-DEL07-RJ"
381789;2021-09-06;"segunda-feira";"08:03:00";"MA";10;259;"IMPERATRIZ";"Reação tardia ou ineficiente do condutor";"Colisão traseira";"Com Vítimas Feridas";"Pleno dia";"Decrescente";"Céu Claro";"Simples";"Reta";"Sim";2;0;1;0;1;0;1;2;-5,472474;-47,472221;"SPRF-MA";"DEL04-MA";"UOP01-DEL04-MA"
381790;2021-09-06;"segunda-feira";"07:40:00";"RJ";116;258;"VOLTA REDONDA";"Velocidade Incompatível";"Tombamento";"Com Vítimas Fatais";"Pleno dia";"Crescente";"Nublado";"Simples";"Curva";"Não";1;1;0;0;0;0;0;1;-22,58820863;-44,08316731;"SPRF-RJ";"DEL07-RJ";"UOP02-DEL07-RJ"
381792;2021-09-06;"segunda-feira";"06:50:00";"RJ";101;398;"ITAGUAI";"Velocidade Incompatível";"Saída de leito carroçável";"Com Vítimas Feridas";"Amanhecer";"Crescente";"Nublado";"Dupla";"Reta";"Não";1;0;1;0;0;0;1;1;-22,868067;-43,748163;"SPRF-RJ";"DEL03-RJ";"UOP01-DEL03-RJ"
381793;2021-09-06;"segunda-feira";"07:15:00";"SC";163;102,5;"SAO JOSE DO CEDRO";"Reação tardia ou ineficiente do condutor";"Saída de leito carroçável";"Com Vítimas Feridas";"Pleno dia";"Decrescente";"Nevoeiro/Neblina";"Simples";"Em Obras;Aclive;Curva";"Não";1;0;1;0;0;0;1;1;-26,46529241;-53,50444403;"SPRF-SC";"DEL07-SC";"UOP03-DEL07-SC"
381794;2021-09-06;"segunda-feira";"08:30:00";"MG";262;358;"BETIM";"Velocidade Incompatível";"Saída de leito carroçável";"Com Vítimas Feridas";"Pleno dia";"Crescente";"Céu Claro";"Dupla";"Reta";"Não";1;0;1;0;0;0;1;1;-19,97562699;-44,197751;"SPRF-MG";"DEL01-MG";"UOP03-DEL01-MG"
381796;2021-09-06;"segunda-feira";"09:10:00";"ES";262;35;"DOMINGOS MARTINS";"Velocidade Incompatível";"Colisão frontal";"Com Vítimas Feridas";"Pleno dia";"Decrescente";"Céu Claro";"Simples";"Reta";"Não";2;0;0;2;0;0;2;2;-20,38002181;-40,5951714;"SPRF-ES";"DEL01-ES";"UOP01-DEL01-ES"
381797;2021-09-06;"segunda-feira";"08:10:00";"SP";116;522;"CAJATI";"Pista Escorregadia";"Colisão com objeto";"Sem Vítimas";"Pleno dia";"Crescente";"Chuva";"Simples";"Curva";"Não";1;0;0;0;1;0;0;1;-24,90503185;-48,2548732;"SPRF-SP";"DEL05-SP";"UOP02-DEL05-SP"
381799;2021-09-06;"segunda-feira";"07:20:00";"MS";262;771,6;"CORUMBA";"Manobra de mudança de faixa";"Colisão lateral mesmo sentido";"Com Vítimas Feridas";"Pleno dia";"Crescente";"Céu Claro";"Simples";"Reta";"Sim";2;0;1;0;1;0;1;2;-19,08285699;-57,62168025;"SPRF-MS";"DEL03-MS";"UOP03-DEL03-MS"
381800;2021-09-05;"domingo";"05:30:00";"GO";60;380;"RIO VERDE";"Manobra de mudança de faixa";"Saída de leito carroçável";"Sem Vítimas";"Amanhecer";"Decrescente";"Céu Claro";"Dupla";"Curva";"Não";1;0;0;0;0;1;0;1;-17,7646;-50,8822;"SPRF-GO";"DEL04-GO";"UOP01-DEL04-GO"
381803;2021-09-06;"segunda-feira";"09:20:00";"CE";222;1,7;"FORTALEZA";"Condutor deixou de manter distância do veículo da frente";"Colisão traseira";"Sem Vítimas";"Pleno dia";"Crescente";"Sol";"Múltipla";"Reta";"Sim";2;0;0;0;1;1;0;2;-3,737804;-38,578061;"SPRF-CE";"DEL01-CE";"UOP01-DEL01-CE"
381804;2021-09-06;"segunda-feira";"10:00:00";"ES";101;147,8;"LINHARES";"Ausência de reação do condutor";"Saída de leito carroçável";"Com Vítimas Feridas";"Pleno dia";"Crescente";"Céu Claro";"Simples";"Reta";"Sim";1;0;1;0;0;0;1;1;-19,37887202;-40,06657892;"SPRF-ES";"DEL04-ES";"UOP01-DEL04-ES"
381805;2021-09-06;"segunda-feira";"09:15:00";"SP";116;515;"CAJATI";"Velocidade Incompatível";"Colisão com objeto";"Com Vítimas Feridas";"Pleno dia";"Decrescente";"Garoa/Chuvisco";"Simples";"Curva";"Não";3;0;2;0;1;0;2;1;-24,86704083;-48,21738184;"SPRF-SP";"DEL05-SP";"UOP02-DEL05-SP"
381807;2021-09-06;"segunda-feira";"10:10:00";"MG";40;770,3;"JUIZ DE FORA";"Velocidade Incompatível";"Saída de leito carroçável";"Com Vítimas Feridas";"Pleno dia";"Crescente";"Céu Claro";"Simples";"Curva";"Não";2;0;2;0;0;0;2;1;-21,59924304;-43,4579108;"SPRF-MG";"DEL05-MG";"UOP01-DEL05-MG"
381809;2021-09-06;"segunda-feira";"08:00:00";"AC";317;383;"ASSIS BRASIL";"Pista esburacada";"Saída de leito carroçável";"Com Vítimas Feridas";"Amanhecer";"Crescente";"Céu Claro";"Simples";"Reta";"Não";2;0;1;1;0;0;2;1;-10,80507317;-69,40341394;"SPRF-AC";"DEL01-AC";"UOP02-DEL01-AC"
381810;2021-09-06;"segunda-feira";"10:30:00";"ES";101;258;"SERRA";"Reação tardia ou ineficiente do condutor";"Colisão lateral mesmo sentido";"Com Vítimas Feridas";"Pleno dia";"Decrescente";"Sol";"Dupla";"Reta";"Sim";3;0;1;0;2;0;1;3;-20,13059888;-40,2961019;"SPRF-ES";"DEL02-ES";"UOP01-DEL02-ES"
381811;2021-09-06;"segunda-feira";"09:55:00";"MS";163;663;"RIO VERDE DE MATO GROSSO";"Avarias e/ou desgaste excessivo no pneu";"Queda de ocupante de veículo";"Com Vítimas Feridas";"Pleno dia";"Crescente";"Céu Claro";"Simples";"Reta";"Não";2;0;0;2;0;0;2;1;-19,05900201;-54,79848701;"SPRF-MS";"DEL06-MS";"UOP02-DEL06-MS"
381812;2021-09-06;"segunda-feira";"10:35:00";"CE";20;408;"CAUCAIA";"Condutor deixou de manter distância do veículo da frente";"Colisão lateral mesmo sentido";"Com Vítimas Feridas";"Pleno dia";"Decrescente";"Céu Claro";"Simples";"Reta";"Sim";2;0;1;0;0;1;1;2;-3,76999035;-38,67006282;"SPRF-CE";"DEL01-CE";"UOP01-DEL01-CE"
381813;2021-09-06;"segunda-feira";"06:00:00";"SC";101;123;"ITAJAI";"Ingestão de álcool pelo condutor";"Colisão com objeto";"Sem Vítimas";"Pleno dia";"Decrescente";"Céu Claro";"Múltipla";"Reta";"Sim";1;0;0;0;0;1;0;1;-26,93668609;-48,69876905;"SPRF-SC";"DEL04-SC";"UOP04-DEL04-SC"
381814;2021-09-06;"segunda-feira";"07:10:00";"MA";316;267,2;"SANTA INES";"Manobra de mudança de faixa";"Colisão frontal";"Com Vítimas Fatais";"Pleno dia";"Decrescente";"Sol";"Simples";"Reta";"Não";6;1;3;2;0;0;5;2;-3,686531;-45,339451;"SPRF-MA";"DEL02-MA";"UOP01-DEL02-MA"
381817;2021-09-06;"segunda-feira";"11:30:00";"SP";101;35;"UBATUBA";"Ausência de reação do condutor";"Colisão traseira";"Com Vítimas Feridas";"Pleno dia";"Decrescente";"Céu Claro";"Simples";"Reta";"Não";4;0;1;0;3;0;1;2;-23,39244374;-45,00823311;"SPRF-SP";"DEL06-SP";"UOP01-DEL06-SP"
381818;2021-09-06;"segunda-feira";"11:00:00";"SP";116;216;"GUARULHOS";"Condutor deixou de manter distância do veículo da frente";"Engavetamento";"Com Vítimas Feridas";"Pleno dia";"Decrescente";"Céu Claro";"Múltipla";"Reta";"Sim";4;0;1;0;3;0;1;3;-23,45056589;-46,46258105;"SPRF-SP";"DEL01-SP";"UOP01-DEL01-SP"
381819;2021-09-06;"segunda-feira";"11:00:00";"RJ";101;293;"ITABORAI";"Ultrapassagem Indevida";"Colisão lateral mesmo sentido";"Com Vítimas Feridas";"Pleno dia";"Decrescente";"Céu Claro";"Dupla";"Retorno Regulamentado";"Sim";3;0;1;0;2;0;1;3;-22,756203;-42,88724;"SPRF-RJ";"DEL02-RJ";"UOP02-DEL02-RJ"
381820;2021-09-06;"segunda-feira";"11:20:00";"RN";406;151;"CEARA-MIRIM";"Desrespeitar a preferência no cruzamento";"Colisão transversal";"Com Vítimas Feridas";"Pleno dia";"Decrescente";"Céu Claro";"Simples";"Curva";"Sim";2;0;0;1;0;1;1;2;-5,65094554;-35,42341594;"SPRF-RN";"DEL02-RN";"UOP01-DEL02-RN"
381822;2021-09-06;"segunda-feira";"09:50:00";"MS";163;614,8;"SAO GABRIEL DO OESTE";"Ingestão de álcool pelo condutor";"Colisão transversal";"Sem Vítimas";"Pleno dia";"Crescente";"Céu Claro";"Simples";"Reta";"Sim";5;0;0;0;5;0;0;2;-19,39598057;-54,56736445;"SPRF-MS";"DEL06-MS";"UOP02-DEL06-MS"
381824;2021-09-06;"segunda-feira";"11:30:00";"SP";116;544;"BARRA DO TURVO";"Velocidade Incompatível";"Tombamento";"Com Vítimas Feridas";"Pleno dia";"Decrescente";"Chuva";"Dupla";"Curva";"Não";1;0;1;0;0;0;1;1;-24,96333895;-48,42876434;"SPRF-SP";"DEL05-SP";"UOP02-DEL05-SP"
381825;2021-09-06;"segunda-feira";"11:50:00";"DF";60;4;"BRASILIA";"Manobra de mudança de faixa";"Colisão traseira";"Sem Vítimas";"Pleno dia";"Decrescente";"Céu Claro";"Dupla";"Reta";"Sim";5;0;0;0;5;0;0;2;-15,892721;-48,095741;"SPRF-DF";"DEL03-DF";"UOP01-DEL03-DF"
381826;2021-09-06;"segunda-feira";"10:30:00";"RJ";101;63;"CAMPOS DOS GOYTACAZES";"Ausência de reação do condutor";"Colisão traseira";"Com Vítimas Feridas";"Pleno dia";"Crescente";"Céu Claro";"Simples";"Desvio Temporário;Reta;Ponte";"Sim";2;0;1;0;1;0;1;2;-21,742022;-41,33021;"SPRF-RJ";"DEL08-RJ";"UOP01-DEL08-RJ"
381828;2021-09-06;"segunda-feira";"12:00:00";"SC";101;433;"SOMBRIO";"Condutor deixou de manter distância do veículo da frente";"Colisão traseira";"Com Vítimas Feridas";"Pleno dia";"Crescente";"Nublado";"Múltipla";"Reta";"Sim";2;0;1;0;1;0;1;2;-29,08200809;-49,6297237;"SPRF-SC";"DEL02-SC";"UOP02-DEL02-SC"
381830;2021-09-06;"segunda-feira";"09:05:00";"MT";163;1081;"GUARANTA DO NORTE";"Acessar a via sem observar a presença dos outros veículos";"Colisão frontal";"Com Vítimas Feridas";"Pleno dia";"Decrescente";"Sol";"Simples";"Reta";"Não";7;0;7;0;0;0;7;2;-9,8168101;-54,88758869;"SPRF-MT";"DEL06-MT";"NPF/DEL06-MT"
381831;2021-09-06;"segunda-feira";"10:35:00";"MG";40;41,9;"PARACATU";"Pedestre cruzava a pista fora da faixa";"Atropelamento de Pedestre";"Com Vítimas Feridas";"Pleno dia";"Crescente";"Céu Claro";"Simples";"Curva;Declive";"Sim";2;0;1;0;1;0;1;2;-17,21271307;-46,87295209;"SPRF-MG";"DEL14-MG";"UOP01-DEL14-MG"
381832;2021-09-06;"segunda-feira";"12:40:00";"MG";365;684;"MONTE ALEGRE DE MINAS";"Velocidade Incompatível";"Colisão com objeto";"Com Vítimas Feridas";"Pleno dia";"Crescente";"Céu Claro";"Dupla";"Reta";"Não";3;0;3;0;0;0;3;1;-18,87548498;-48,87468901;"SPRF-MG";"DEL15-MG";"UOP01-DEL15-MG"
381834;2021-09-06;"segunda-feira";"10:30:00";"RJ";116;95;"GUAPIMIRIM";"Demais falhas mecânicas ou elétricas";"Incêndio";"Sem Vítimas";"Pleno dia";"Crescente";"Céu Claro";"Simples";"Curva";"Sim";1;0;0;0;1;0;0;1;-22,47374702;-43,00117923;"SPRF-RJ";"DEL04-RJ";"UOP02-DEL04-RJ"
381836;2021-09-06;"segunda-feira";"11:30:00";"MG";262;33;"MANHUACU";"Acessar a via sem observar a presença dos outros veículos";"Colisão lateral mesmo sentido";"Com Vítimas Feridas";"Pleno dia";"Crescente";"Sol";"Simples";"Reta;Declive";"Não";3;0;2;0;1;0;2;2;-20,25550548;-42,00465315;"SPRF-MG";"DEL06-MG";"UOP03-DEL06-MG"
381837;2021-09-06;"segunda-feira";"13:00:00";"MG";40;629,9;"CONSELHEIRO LAFAIETE";"Acessar a via sem observar a presença dos outros veículos";"Colisão transversal";"Com Vítimas Feridas";"Pleno dia";"Decrescente";"Céu Claro";"Simples";"Curva";"Sim";2;0;2;0;0;0;2;2;-20,65674944;-43,80310178;"SPRF-MG";"DEL05-MG";"UOP02-DEL05-MG"
381840;2021-09-06;"segunda-feira";"13:50:00";"DF";70;8;"BRASILIA";"Demais falhas mecânicas ou elétricas";"Tombamento";"Com Vítimas Feridas";"Pleno dia";"Decrescente";"Céu Claro";"Dupla";"Reta";"Sim";2;0;2;0;0;0;2;1;-15,784966;-48,122108;"SPRF-DF";"DEL03-DF";"UOP02-DEL03-DF"
381841;2021-09-06;"segunda-feira";"13:30:00";"GO";40;16,4;"LUZIANIA";"Reação tardia ou ineficiente do condutor";"Saída de leito carroçável";"Com Vítimas Feridas";"Pleno dia";"Crescente";"Céu Claro";"Dupla";"Retorno Regulamentado";"Não";1;0;1;0;0;0;1;1;-16,175176;-47,92964;"SPRF-DF";"DEL01-DF";"UOP01-DEL01-DF"
381842;2021-09-06;"segunda-feira";"09:30:00";"MG";116;487,7;"INHAPIM";"Retorno proibido";"Colisão transversal";"Com Vítimas Feridas";"Pleno dia";"Crescente";"Céu Claro";"Simples";"Reta";"Não";2;0;1;0;1;0;1;2;-19,45138982;-42,12752114;"SPRF-MG";"DEL06-MG";"UOP02-DEL06-MG"
381843;2021-09-06;"segunda-feira";"11:40:00";"PR";376;665,4;"GUARATUBA";"Ausência de reação do condutor";"Tombamento";"Com Vítimas Feridas";"Pleno dia";"Crescente";"Garoa/Chuvisco";"Simples";"Declive";"Não";2;0;1;0;1;0;1;1;-25,85455838;-48,95670808;"SPRF-PR";"DEL01-PR";"UOP04-DEL01-PR"
381846;2021-01-13;"quarta-feira";"21:05:00";"ES";262;106;"VENDA NOVA DO IMIGRANTE";"Pedestre andava na pista";"Atropelamento de Pedestre";"Com Vítimas Fatais";"Plena Noite";"Decrescente";"Céu Claro";"Simples";"Reta";"Sim";2;1;0;0;1;0;0;2;-20,32620639;-41,14442285;"SPRF-ES";"DEL01-ES";"UOP02-DEL01-ES"
381849;2021-09-06;"segunda-feira";"13:50:00";"MS";359;186;"COXIM";"Ausência de reação do condutor";"Saída de leito carroçável";"Com Vítimas Feridas";"Pleno dia";"Crescente";"Céu Claro";"Simples";"Reta";"Não";2;0;0;1;0;1;1;1;-18,35400092;-54,39511665;"SPRF-MS";"DEL06-MS";"UOP01-DEL06-MS"
381850;2021-09-06;"segunda-feira";"14:40:00";"RN";304;24;"MOSSORO";"Acessar a via sem observar a presença dos outros veículos";"Colisão traseira";"Com Vítimas Feridas";"Pleno dia";"Crescente";"Céu Claro";"Simples";"Rotatória";"Não";2;0;1;0;1;0;1;2;-5,06488233;-37,33287055;"SPRF-RN";"DEL04-RN";"UOP02-DEL04-RN"
381851;2021-09-06;"segunda-feira";"14:05:00";"SC";282;613,6;"MARAVILHA";"Velocidade Incompatível";"Colisão traseira";"Com Vítimas Feridas";"Pleno dia";"Crescente";"Nublado";"Simples";"Reta;Em Obras";"Não";5;0;1;1;3;0;2;2;-26,76875571;-53,26261997;"SPRF-SC";"DEL07-SC";"UOP02-DEL07-SC"
381852;2021-09-06;"segunda-feira";"14:40:00";"PR";376;175,8;"MARINGA";"Condutor deixou de manter distância do veículo da frente";"Colisão traseira";"Sem Vítimas";"Pleno dia";"Decrescente";"Sol";"Múltipla";"Reta";"Sim";2;0;0;0;2;0;0;2;-23,41153761;-51,94124579;"SPRF-PR";"DEL09-PR";"UOP01-DEL09-PR"
381853;2021-09-06;"segunda-feira";"14:05:00";"GO";50;111,8;"CRISTALINA";"Manobra de mudança de faixa";"Saída de leito carroçável";"Com Vítimas Feridas";"Pleno dia";"Decrescente";"Céu Claro";"Dupla";"Reta";"Não";2;0;1;0;1;0;1;1;-16,9309;-47,7117;"SPRF-DF";"DEL01-DF";"UOP02-DEL01-DF"
381858;2021-09-06;"segunda-feira";"15:20:00";"PR";376;48,6;"LOANDA";"Avarias e/ou desgaste excessivo no pneu";"Queda de ocupante de veículo";"Com Vítimas Feridas";"Pleno dia";"Crescente";"Céu Claro";"Simples";"Curva";"Sim";2;0;1;0;1;0;1;1;-22,88689174;-52,9325369;"SPRF-PR";"DEL09-PR";"UOP02-DEL09-PR"
381859;2021-09-06;"segunda-feira";"09:00:00";"RJ";101;262;"RIO BONITO";"Curva acentuada";"Queda de ocupante de veículo";"Com Vítimas Feridas";"Pleno dia";"Crescente";"Céu Claro";"Dupla";"Curva";"Não";1;0;1;0;0;0;1;1;-22,71367506;-42,62052996;"SPRF-RJ";"DEL02-RJ";"UOP03-DEL02-RJ"
381860;2021-09-06;"segunda-feira";"14:55:00";"MG";40;693,9;"RESSAQUINHA";"Ingestão de álcool pelo condutor";"Colisão traseira";"Sem Vítimas";"Pleno dia";"Crescente";"Céu Claro";"Simples";"Curva";"Sim";3;0;0;0;3;0;0;2;-21,15015751;-43,76299295;"SPRF-MG";"DEL05-MG";"UOP02-DEL05-MG"
381861;2021-09-06;"segunda-feira";"13:30:00";"SC";101;211,6;"PALHOCA";"Reação tardia ou ineficiente do condutor";"Colisão traseira";"Com Vítimas Feridas";"Pleno dia";"Decrescente";"Nublado";"Dupla";"Declive";"Não";3;0;1;0;2;0;1;3;-27,62329313;-48,65245588;"SPRF-SC";"DEL01-SC";"UOP02-DEL01-SC"
381862;2021-09-06;"segunda-feira";"13:25:00";"MG";50;178;"UBERABA";"Demais falhas mecânicas ou elétricas";"Colisão com objeto";"Com Vítimas Feridas";"Pleno dia";"Crescente";"Céu Claro";"Dupla";"Reta";"Sim";1;0;1;0;0;0;1;1;-19,77896821;-47,94093599;"SPRF-MG";"DEL13-MG";"UOP01-DEL13-MG"
381863;2021-09-06;"segunda-feira";"14:35:00";"PR";376;352,6;"ORTIGUEIRA";"Mal súbito do condutor";"Saída de leito carroçável";"Com Vítimas Feridas";"Pleno dia";"Decrescente";"Céu Claro";"Dupla";"Reta";"Não";2;0;2;0;0;0;2;1;-24,25636787;-50,89764987;"SPRF-PR";"DEL07-PR";"UOP02-DEL07-PR"
381864;2021-09-06;"segunda-feira";"16:00:00";"RS";386;346,1;"LAJEADO";"Acumulo de areia ou detritos sobre o pavimento";"Tombamento";"Com Vítimas Feridas";"Pleno dia";"Decrescente";"Nublado";"Simples";"Viaduto";"Sim";2;0;2;0;0;0;2;1;-29,446793;-51,974564;"SPRF-RS";"DEL04-RS";"UOP01-DEL04-RS"
381868;2021-09-06;"segunda-feira";"15:50:00";"RJ";116;137;"DUQUE DE CAXIAS";"Manobra de mudança de faixa";"Colisão lateral mesmo sentido";"Com Vítimas Feridas";"Pleno dia";"Decrescente";"Nublado";"Dupla";"Reta";"Sim";2;0;1;0;1;0;1;2;-22,649418;-43,231925;"SPRF-RJ";"DEL04-RJ";"UOP02-DEL04-RJ"
381869;2021-09-06;"segunda-feira";"16:20:00";"SP";101;50;"UBATUBA";"Condutor deixou de manter distância do veículo da frente";"Engavetamento";"Sem Vítimas";"Pleno dia";"Decrescente";"Nublado";"Simples";"Reta";"Sim";4;0;0;0;4;0;0;3;-23,45529397;-45,07235527;"SPRF-SP";"DEL06-SP";"UOP01-DEL06-SP"
381870;2021-09-06;"segunda-feira";"16:15:00";"RJ";101;66;"CAMPOS DOS GOYTACAZES";"Transitar no acostamento";"Colisão lateral mesmo sentido";"Com Vítimas Feridas";"Anoitecer";"Decrescente";"Nublado";"Simples";"Reta";"Sim";3;0;2;0;1;0;2;2;-21,76090387;-41,34788959;"SPRF-RJ";"DEL08-RJ";"UOP02-DEL08-RJ"
381871;2021-09-06;"segunda-feira";"15:45:00";"ES";262;66;"MARECHAL FLORIANO";"Ultrapassagem Indevida";"Colisão lateral mesmo sentido";"Com Vítimas Feridas";"Pleno dia";"Crescente";"Nublado";"Simples";"Curva";"Não";3;0;1;1;1;0;2;2;-20,41232421;-40,83191802;"SPRF-ES";"DEL01-ES";"UOP02-DEL01-ES"
381873;2021-09-06;"segunda-feira";"11:35:00";"AM";319;777,9;"CANUTAMA";"Pista esburacada";"Saída de leito carroçável";"Sem Vítimas";"Pleno dia";"Crescente";"Céu Claro";"Simples";"Reta";"Não";3;0;0;0;3;0;0;1;-8,23344791;-63,92778242;"SPRF-RO";"DEL01-RO";"UOP01-DEL01-RO"
381874;2021-09-06;"segunda-feira";"17:00:00";"SC";101;120,3;"ITAJAI";"Reação tardia ou ineficiente do condutor";"Colisão traseira";"Com Vítimas Feridas";"Pleno dia";"Decrescente";"Nublado";"Dupla";"Reta";"Sim";2;0;1;0;1;0;1;2;-26,912758;-48,711998;"SPRF-SC";"DEL04-SC";"UOP04-DEL04-SC"
381877;2021-09-06;"segunda-feira";"16:55:00";"MG";262;50,8;"MANHUACU";"Ultrapassagem Indevida";"Colisão lateral mesmo sentido";"Sem Vítimas";"Pleno dia";"Crescente";"Céu Claro";"Simples";"Reta";"Sim";2;0;0;0;2;0;0;2;-20,2428055;-42,13652397;"SPRF-MG";"DEL06-MG";"UOP03-DEL06-MG"
381879;2021-07-14;"quarta-feira";"07:55:00";"SP";153;60,8;"SAO JOSE DO RIO PRETO";"Obras na pista";"Colisão traseira";"Com Vítimas Feridas";"Pleno dia";"Crescente";"Céu Claro";"Dupla";"Declive";"Sim";2;0;1;0;0;1;1;2;-20,79627979;-49,35480206;"SPRF-SP";"DEL09-SP";"UOP01-DEL09-SP"
381880;2021-09-06;"segunda-feira";"17:00:00";"SC";470;70;"INDAIAL";"Conversão proibida";"Colisão transversal";"Com Vítimas Feridas";"Pleno dia";"Crescente";"Céu Claro";"Simples";"Em Obras";"Sim";2;0;1;0;1;0;1;2;-26,889374;-49,254478;"SPRF-SC";"DEL04-SC";"UOP01-DEL04-SC"
381882;2021-09-06;"segunda-feira";"16:25:00";"PI";343;258,4;"CAMPO MAIOR";"Manobra de mudança de faixa";"Capotamento";"Com Vítimas Feridas";"Pleno dia";"Crescente";"Sol";"Simples";"Reta";"Não";3;0;1;0;0;2;1;3;-4,788996;-42,126308;"SPRF-PI";"DEL01-PI";"UOP03-DEL01-PI"
381884;2021-09-06;"segunda-feira";"12:00:00";"PE";101;188,5;"PALMARES";"Ultrapassagem Indevida";"Colisão lateral mesmo sentido";"Com Vítimas Feridas";"Pleno dia";"Crescente";"Sol";"Dupla";"Reta";"Sim";2;0;0;1;1;0;1;2;-8,69048752;-35,60664654;"SPRF-PE";"DEL01-PE";"UOP01-DEL01-PE"