"id";"data_inversa";"dia_semana";"horario";"uf";"br";"km";"municipio";"causa_acidente";"tipo_acidente";"classificacao_acidente";"fase_dia";"sentido_via";"condicao_metereologica";"tipo_pista";"tracado_via";"uso_solo";"pessoas";"mortos";"feridos_leves";"feridos_graves";"ilesos";"ignorados";"feridos";"veiculos";"latitude";"longitude";"regional";"delegacia";"uop"
381885;2021-09-06;"segunda-feira";"17:45:00";"ES";101;161;"LINHARES";"Acumulo de areia ou detritos sobre o pavimento";"Tombamento";"Com Vítimas Feridas";"Anoitecer";"Decrescente";"Céu Claro";"Dupla";"Declive";"Não";1;0;1;0;0;0;1;1;-19,48358708;-40,11977894;"SPRF-ES";"DEL04-ES";"UOP01-DEL04-ES"
381886;2021-09-06;"segunda-feira";"17:50:00";"DF";60;3;"BRASILIA";"Ingestão de álcool pelo condutor";"Colisão traseira";"Sem Vítimas";"Pleno dia";"Crescente";"Nublado";"Dupla";"Reta";"Sim";3;0;0;0;3;0;0;2;-15,890495;-48,086885;"SPRF-DF";"DEL03-DF";"UOP01-DEL03-DF"
381889;2021-09-06;"segunda-feira";"16:45:00";"RO";364;713;"PORTO VELHO";"Pedestre cruzava a pista fora da faixa";"Atropelamento de Pedestre";"Com Vítimas Feridas";"Pleno dia";"Crescente";"Céu Claro";"Múltipla";"Curva";"Sim";2;0;1;1;0;0;2;2;-8,7728844;-63,88045549;"SPRF-RO";"DEL01-RO";"UOP01-DEL01-RO"
381890;2021-09-06;"segunda-feira";"17:00:00";"MS";163;552;"BANDEIRANTES";"Reação tardia ou ineficiente do condutor";"Tombamento";"Com Vítimas Feridas";"Pleno dia";"Decrescente";"Céu Claro";"Simples";"Reta";"Não";1;0;0;1;0;0;1;1;-19,89097297;-54,37395156;"SPRF-MS";"DEL01-MS";"UOP02-DEL01-MS"
381891;2021-09-06;"segunda-feira";"17:35:00";"SP";381;77,3;"SAO PAULO";"Demais falhas mecânicas ou elétricas";"Incêndio";"Sem Vítimas";"Pleno dia";"Decrescente";"Céu Claro";"Múltipla";"Reta";"Não";3;0;0;0;3;0;0;1;-23,388839;-46,5693478;"SPRF-SP";"DEL03-SP";"UOP01-DEL03-SP"
381892;2021-09-06;"segunda-feira";"17:45:00";"RN";101;77;"NATAL";"Acesso irregular";"Queda de ocupante de veículo";"Com Vítimas Feridas";"Anoitecer";"Decrescente";"Céu Claro";"Dupla";"Curva";"Sim";2;0;1;0;1;0;1;2;-5,73180495;-35,29112135;"SPRF-RN";"DEL02-RN";"UOP01-DEL02-RN"
381894;2021-09-06;"segunda-feira";"18:20:00";"GO";70;315;"JUSSARA";"Reação tardia ou ineficiente do condutor";"Saída de leito carroçável";"Com Vítimas Feridas";"Anoitecer";"Crescente";"Céu Claro";"Dupla";"Reta";"Sim";2;0;0;2;0;0;2;1;-15,87676311;-50,8738929;"SPRF-GO";"DEL04-GO";"UOP01-DEL04-GO"
381895;2021-09-06;"segunda-feira";"18:15:00";"RN";101;113;"SAO JOSE DE MIPIBU";"Manobra de mudança de faixa";"Colisão lateral mesmo sentido";"Com Vítimas Feridas";"Plena Noite";"Crescente";"Céu Claro";"Dupla";"Reta";"Não";2;0;1;0;0;1;1;2;-5,973247;-35,26489;"SPRF-RN";"DEL01-RN";"UOP01-DEL01-RN"
381897;2021-09-06;"segunda-feira";"17:15:00";"SP";101;19;"UBATUBA";"Acessar a via sem observar a presença dos outros veículos";"Colisão transversal";"Sem Vítimas";"Anoitecer";"Crescente";"Nublado";"Simples";"Reta";"Não";2;0;0;0;2;0;0;2;-23,32120409;-44,90797484;"SPRF-SP";"DEL06-SP";"UOP01-DEL06-SP"
381899;2021-09-06;"segunda-feira";"17:10:00";"RS";158;517,2;"SANTANA DO LIVRAMENTO";"Ultrapassagem Indevida";"Colisão traseira";"Com Vítimas Feridas";"Pleno dia";"Crescente";"Nublado";"Simples";"Aclive";"Não";2;0;1;1;0;0;2;2;-30,66723013;-55,1224607;"SPRF-RS";"DEL11-RS";"UOP01-DEL11-RS"
381902;2021-09-06;"segunda-feira";"14:00:00";"MA";316;461;"CODO";"Ingestão de álcool pelo condutor";"Colisão frontal";"Com Vítimas Feridas";"Pleno dia";"Decrescente";"Céu Claro";"Simples";"Em Obras;Reta";"Não";5;0;2;0;3;0;2;2;-4,522758;-44,049385;"SPRF-MA";"DEL03-MA";"UOP01-DEL03-MA"
381903;2021-09-06;"segunda-feira";"17:15:00";"PE";424;88;"GARANHUNS";"Ingestão de álcool pelo condutor";"Colisão traseira";"Com Vítimas Feridas";"Anoitecer";"Decrescente";"Céu Claro";"Simples";"Reta";"Sim";2;0;1;0;1;0;1;2;-8,88289772;-36,50848532;"SPRF-PE";"DEL03-PE";"UOP01-DEL03-PE"
381905;2021-09-06;"segunda-feira";"18:30:00";"SC";101;120;"ITAJAI";"Trafegar com motocicleta (ou similar) entre as faixas";"Colisão lateral mesmo sentido";"Com Vítimas Feridas";"Plena Noite";"Decrescente";"Céu Claro";"Dupla";"Reta";"Sim";2;0;1;0;1;0;1;2;-26,912758;-48,711998;"SPRF-SC";"DEL04-SC";"UOP04-DEL04-SC"
381907;2021-08-25;"quarta-feira";"17:45:00";"PR";116;48,4;"CAMPINA GRANDE DO SUL";"Acessar a via sem observar a presença dos outros veículos";"Colisão transversal";"Com Vítimas Feridas";"Plena Noite";"Decrescente";"Ignorado";"Dupla";"Retorno Regulamentado";"Sim";3;0;2;0;1;0;2;2;-25,21708693;-48,90395114;"SPRF-PR";"DEL01-PR";"UOP02-DEL01-PR"
381909;2021-09-06;"segunda-feira";"17:45:00";"MS";463;106,4;"PONTA PORA";"Transitar no acostamento";"Queda de ocupante de veículo";"Com Vítimas Feridas";"Pleno dia";"Decrescente";"Céu Claro";"Simples";"Reta";"Não";1;0;1;0;0;0;1;1;-22,59656312;-55,66536809;"SPRF-MS";"DEL04-MS";"UOP03-DEL04-MS"
381910;2021-09-06;"segunda-feira";"18:20:00";"MA";230;402;"BALSAS";"Conversão proibida";"Colisão frontal";"Com Vítimas Feridas";"Plena Noite";"Crescente";"Céu Claro";"Simples";"Reta";"Sim";3;0;2;0;1;0;2;2;-7,50857084;-46,03158637;"SPRF-MA";"DEL05-MA";"UOP01-DEL05-MA"
381912;2021-09-06;"segunda-feira";"18:30:00";"RJ";101;140;"MACAE";"Entrada inopinada do pedestre";"Atropelamento de Pedestre";"Com Vítimas Fatais";"Plena Noite";"Crescente";"Céu Claro";"Dupla";"Reta";"Não";6;1;1;0;4;0;1;3;-22,179811;-41,749127;"SPRF-RJ";"DEL08-RJ";"UOP04-DEL08-RJ"
381914;2021-09-06;"segunda-feira";"19:00:00";"MG";381;496;"BETIM";"Condutor deixou de manter distância do veículo da frente";"Colisão traseira";"Com Vítimas Feridas";"Plena Noite";"Decrescente";"Céu Claro";"Dupla";"Reta";"Sim";3;0;1;0;2;0;1;2;-19,99676497;-44,20958506;"SPRF-MG";"DEL01-MG";"UOP03-DEL01-MG"
381915;2021-09-06;"segunda-feira";"18:40:00";"BA";116;581,9;"NOVA ITARANA";"Demais falhas mecânicas ou elétricas";"Incêndio";"Sem Vítimas";"Plena Noite";"Decrescente";"Céu Claro";"Simples";"Aclive";"Não";1;0;0;0;1;0;0;1;-13,09784401;-39,96317298;"SPRF-BA";"DEL03-BA";"UOP02-DEL03-BA"
381917;2021-09-06;"segunda-feira";"17:45:00";"PR";376;620;"SAO JOSE DOS PINHAIS";"Ingestão de álcool pelo condutor";"Saída de leito carroçável";"Com Vítimas Feridas";"Anoitecer";"Crescente";"Nublado";"Dupla";"Reta";"Sim";2;0;1;0;1;0;1;1;-25,60925907;-49,17205834;"SPRF-PR";"DEL01-PR";"UOP04-DEL01-PR"
381918;2021-09-06;"segunda-feira";"19:30:00";"MG";146;470,3;"CABO VERDE";"Pedestre andava na pista";"Atropelamento de Pedestre";"Com Vítimas Feridas";"Plena Noite";"Decrescente";"Céu Claro";"Simples";"Interseção de Vias;Declive;Curva";"Não";4;0;1;1;1;1;2;2;-21,465878;-46,404032;"SPRF-MG";"DEL09-MG";"UOP01-DEL09-MG"
381919;2021-09-06;"segunda-feira";"17:00:00";"RJ";101;65;"CAMPOS DOS GOYTACAZES";"Ausência de reação do condutor";"Colisão transversal";"Com Vítimas Feridas";"Pleno dia";"Crescente";"Céu Claro";"Simples";"Reta";"Não";2;0;2;0;0;0;2;2;-21,75371806;-41,344292;"SPRF-RJ";"DEL08-RJ";"UOP02-DEL08-RJ"
381920;2021-09-06;"segunda-feira";"18:50:00";"SC";116;267,7;"CAPAO ALTO";"Desrespeitar a preferência no cruzamento";"Colisão transversal";"Sem Vítimas";"Anoitecer";"Decrescente";"Nublado";"Simples";"Interseção de Vias";"Não";2;0;0;0;2;0;0;2;-27,95633968;-50,48430204;"SPRF-SC";"DEL05-SC";"UOP02-DEL05-SC"
381921;2021-09-06;"segunda-feira";"19:15:00";"GO";40;6,1;"VALPARAISO DE GOIAS";"Trafegar com motocicleta (ou similar) entre as faixas";"Colisão lateral mesmo sentido";"Com Vítimas Feridas";"Plena Noite";"Decrescente";"Céu Claro";"Dupla";"Reta";"Sim";2;0;1;0;1;0;1;2;-16,100814;-47,977351;"SPRF-DF";"DEL01-DF";"UOP01-DEL01-DF"
381922;2021-09-06;"segunda-feira";"19:20:00";"SP";116;207;"GUARULHOS";"Demais falhas mecânicas ou elétricas";"Colisão traseira";"Sem Vítimas";"Plena Noite";"Decrescente";"Ignorado";"Múltipla";"Reta";"Sim";2;0;0;0;2;0;0;2;-23,41972188;-46,38419203;"SPRF-SP";"DEL01-SP";"UOP01-DEL01-SP"
381923;2021-08-26;"quinta-feira";"17:20:00";"RN";226;4;"NATAL";"Desrespeitar a preferência no cruzamento";"Colisão lateral sentido oposto";"Com Vítimas Feridas";"Anoitecer";"Decrescente";"Ignorado";"Simples";"Reta";"Sim";2;0;0;1;1;0;1;2;-5,81958019;-35,25969486;"SPRF-RN";"DEL01-RN";"UOP02-DEL01-RN"
381924;2021-09-06;"segunda-feira";"19:10:00";"CE";116;113,5;"RUSSAS";"Pedestre andava na pista";"Atropelamento de Pedestre";"Com Vítimas Feridas";"Plena Noite";"Crescente";"Céu Claro";"Simples";"Reta";"Sim";2;0;1;0;1;0;1;2;-4,59216726;-38,21285248;"SPRF-CE";"DEL03-CE";"UOP01-DEL03-CE"
381927;2021-09-06;"segunda-feira";"19:20:00";"PR";277;65;"SAO JOSE DOS PINHAIS";"Ausência de reação do condutor";"Saída de leito carroçável";"Sem Vítimas";"Plena Noite";"Decrescente";"Céu Claro";"Dupla";"Reta";"Não";1;0;0;0;1;0;0;1;-25,5530337;-49,03504085;"SPRF-PR";"DEL01-PR";"UOP01-DEL01-PR"
381928;2021-09-06;"segunda-feira";"17:30:00";"RJ";40;81;"PETROPOLIS";"Velocidade Incompatível";"Saída de leito carroçável";"Com Vítimas Feridas";"Anoitecer";"Crescente";"Chuva";"Simples";"Curva";"Não";4;0;2;0;2;0;2;1;-22,50560003;-43,23186384;"SPRF-RJ";"DEL06-RJ";"UOP01-DEL06-RJ"
381929;2021-09-06;"segunda-feira";"19:25:00";"MG";381;332;"NOVA ERA";"Ingestão de álcool pelo condutor";"Colisão frontal";"Com Vítimas Feridas";"Plena Noite";"Crescente";"Céu Claro";"Simples";"Reta";"Não";6;0;4;2;0;0;6;2;-19,79994695;-43,05451587;"SPRF-MG";"DEL03-MG";"UOP01-DEL03-MG"
381930;2021-09-06;"segunda-feira";"19:30:00";"BA";367;83,3;"EUNAPOLIS";"Acessar a via sem observar a presença dos outros veículos";"Colisão transversal";"Sem Vítimas";"Plena Noite";"Crescente";"Céu Claro";"Simples";"Reta";"Sim";2;0;0;0;2;0;0;1;-16,37256267;-39,57064408;"SPRF-BA";"DEL09-BA";"UOP01-DEL09-BA"
381931;2021-09-06;"segunda-feira";"17:20:00";"MG";262;45;"MANHUACU";"Velocidade Incompatível";"Saída de leito carroçável";"Com Vítimas Feridas";"Pleno dia";"Decrescente";"Sol";"Simples";"Curva";"Não";2;0;1;0;1;0;1;1;-20,26145201;-42,09686296;"SPRF-MG";"DEL06-MG";"UOP03-DEL06-MG"
381935;2021-09-06;"segunda-feira";"20:15:00";"PR";277;43,2;"MORRETES";"Reação tardia ou ineficiente do condutor";"Colisão com objeto";"Com Vítimas Feridas";"Plena Noite";"Crescente";"Garoa/Chuvisco";"Dupla";"Aclive;Curva";"Não";2;0;2;0;0;0;2;1;-25,57437908;-48,85418905;"SPRF-PR";"DEL01-PR";"UOP05-DEL01-PR"
381936;2021-09-06;"segunda-feira";"20:10:00";"RJ";101;479;"ANGRA DOS REIS";"Conversão proibida";"Colisão traseira";"Com Vítimas Feridas";"Plena Noite";"Crescente";"Nublado";"Simples";"Reta";"Não";3;0;1;0;2;0;1;3;-23,00854164;-44,27562028;"SPRF-RJ";"DEL03-RJ";"UOP03-DEL03-RJ"
381939;2021-09-06;"segunda-feira";"17:30:00";"MG";381;925;"CAMANDUCAIA";"Velocidade Incompatível";"Saída de leito carroçável";"Com Vítimas Fatais";"Pleno dia";"Decrescente";"Sol";"Dupla";"Curva";"Não";3;1;0;0;0;2;0;2;-22,777207;-46,23911301;"SPRF-MG";"DEL16-MG";"UOP03-DEL16-MG"
381941;2021-09-06;"segunda-feira";"21:10:00";"DF";70;11;"BRASILIA";"Velocidade Incompatível";"Atropelamento de Pedestre";"Com Vítimas Feridas";"Plena Noite";"Decrescente";"Céu Claro";"Dupla";"Reta";"Sim";2;0;1;0;0;1;1;2;-15,789762;-48,148727;"SPRF-DF";"DEL03-DF";"UOP02-DEL03-DF"
381942;2021-09-06;"segunda-feira";"17:00:00";"BA";101;176;"FEIRA DE SANTANA";"Ausência de reação do condutor";"Tombamento";"Com Vítimas Feridas";"Anoitecer";"Crescente";"Céu Claro";"Simples";"Reta";"Não";1;0;0;1;0;0;1;1;-12,38805002;-38,8861379;"SPRF-BA";"DEL01-BA";"UOP03-DEL01-BA"
381943;2021-09-06;"segunda-feira";"21:17:00";"GO";153;427;"ANAPOLIS";"Entrada inopinada do pedestre";"Atropelamento de Pedestre";"Com Vítimas Feridas";"Plena Noite";"Crescente";"Céu Claro";"Dupla";"Reta";"Não";2;0;0;1;1;0;1;2;-16,229342;-49,009438;"SPRF-GO";"DEL02-GO";"UOP01-DEL02-GO"
381944;2021-09-06;"segunda-feira";"18:30:00";"RO";364;537,6;"ARIQUEMES";"Condutor Dormindo";"Saída de leito carroçável";"Com Vítimas Feridas";"Plena Noite";"Crescente";"Céu Claro";"Simples";"Curva";"Não";1;0;1;0;0;0;1;1;-9,749968;-63,11182798;"SPRF-RO";"DEL03-RO";"UOP01-DEL03-RO"
381946;2021-09-06;"segunda-feira";"18:00:00";"MG";267;48;"MARIPA DE MINAS";"Reação tardia ou ineficiente do condutor";"Tombamento";"Com Vítimas Feridas";"Plena Noite";"Decrescente";"Céu Claro";"Simples";"Reta";"Não";2;0;1;1;0;0;2;2;-21,69723355;-42,96520803;"SPRF-MG";"DEL07-MG";"UOP01-DEL07-MG"
381948;2021-09-06;"segunda-feira";"16:00:00";"RO";319;1;"PORTO VELHO";"Reação tardia ou ineficiente do condutor";"Saída de leito carroçável";"Com Vítimas Feridas";"Pleno dia";"Decrescente";"Céu Claro";"Simples";"Reta";"Não";3;0;2;1;0;0;3;1;-7,96052134;-63,36982771;"SPRF-RO";"DEL01-RO";"UOP01-DEL01-RO"
381949;2021-09-06;"segunda-feira";"19:15:00";"SC";101;339,9;"TUBARAO";"Desrespeitar a preferência no cruzamento";"Colisão lateral mesmo sentido";"Com Vítimas Feridas";"Plena Noite";"Crescente";"Céu Claro";"Simples";"Reta";"Não";2;0;1;0;1;0;1;2;-28,49351117;-49,04178985;"SPRF-SC";"DEL02-SC";"UOP01-DEL02-SC"
381951;2021-09-06;"segunda-feira";"21:50:00";"RJ";393;274;"BARRA DO PIRAI";"Ingestão de álcool pelo condutor";"Colisão frontal";"Com Vítimas Feridas";"Plena Noite";"Crescente";"Ignorado";"Simples";"Curva";"Não";4;0;2;0;2;0;2;2;-22,48328327;-43,96042792;"SPRF-RJ";"DEL05-RJ";"UOP04-DEL05-RJ"
381953;2021-09-06;"segunda-feira";"21:20:00";"MT";364;546;"ROSARIO OESTE";"Acessar a via sem observar a presença dos outros veículos";"Saída de leito carroçável";"Com Vítimas Feridas";"Plena Noite";"Crescente";"Céu Claro";"Dupla";"Reta";"Não";3;0;2;0;0;1;2;2;-14,811;-56,417;"SPRF-MT";"DEL01-MT";"UOP01-DEL01-MT"
381955;2021-09-06;"segunda-feira";"21:50:00";"MS";163;843;"SONORA";"Ausência de reação do condutor";"Saída de leito carroçável";"Com Vítimas Feridas";"Plena Noite";"Crescente";"Céu Claro";"Simples";"Reta";"Não";1;0;0;1;0;0;1;1;-17,54609699;-54,74124217;"SPRF-MS";"DEL06-MS";"UOP01-DEL06-MS"
381956;2021-09-06;"segunda-feira";"20:20:00";"PB";230;6;"CABEDELO";"Ingestão de álcool pelo condutor";"Colisão com objeto";"Com Vítimas Feridas";"Plena Noite";"Crescente";"Céu Claro";"Dupla";"Desvio Temporário";"Sim";2;0;1;0;0;1;1;1;-7,02;-34,8359;"SPRF-PB";"DEL01-PB";"UOP01-DEL01-PB"
381957;2021-09-06;"segunda-feira";"21:50:00";"MG";262;87;"ABRE CAMPO";"Transitar na contramão";"Colisão frontal";"Com Vítimas Feridas";"Plena Noite";"Crescente";"Céu Claro";"Simples";"Reta";"Não";2;0;0;1;1;0;1;2;-20,333214;-42,437654;"SPRF-MG";"DEL03-MG";"UOP03-DEL03-MG"
381960;2021-09-06;"segunda-feira";"22:40:00";"GO";251;26,8;"CRISTALINA";"Pedestre cruzava a pista fora da faixa";"Atropelamento de Pedestre";"Com Vítimas Fatais";"Plena Noite";"Crescente";"Céu Claro";"Simples";"Reta";"Não";4;1;0;0;3;0;0;2;-16,101068;-47,500592;"SPRF-DF";"DEL01-DF";"UOP01-DEL01-DF"
381961;2021-09-07;"terça-feira";"00:10:00";"PR";277;8;"PARANAGUA";"Reação tardia ou ineficiente do condutor";"Capotamento";"Sem Vítimas";"Plena Noite";"Crescente";"Céu Claro";"Simples";"Viaduto";"Não";3;0;0;0;3;0;0;1;-25,568198;-48,615292;"SPRF-PR";"DEL01-PR";"UOP05-DEL01-PR"
381963;2021-09-07;"terça-feira";"01:00:00";"SP";116;276;"EMBU DAS ARTES";"Reação tardia ou ineficiente do condutor";"Colisão com objeto";"Com Vítimas Feridas";"Plena Noite";"Decrescente";"Céu Claro";"Dupla";"Reta";"Sim";2;0;2;0;0;0;2;1;-23,64262417;-46,83811382;"SPRF-SP";"DEL04-SP";"UOP01-DEL04-SP"
381964;2021-09-07;"terça-feira";"00:50:00";"SP";116;272;"TABOAO DA SERRA";"Velocidade Incompatível";"Engavetamento";"Sem Vítimas";"Plena Noite";"Decrescente";"Céu Claro";"Dupla";"Reta";"Sim";6;0;0;0;5;1;0;4;-23,621691;-46,813288;"SPRF-SP";"DEL04-SP";"UOP01-DEL04-SP"
381965;2021-09-06;"segunda-feira";"23:00:00";"RS";285;425,8;"PANAMBI";"Reação tardia ou ineficiente do condutor";"Colisão lateral sentido oposto";"Sem Vítimas";"Plena Noite";"Decrescente";"Garoa/Chuvisco";"Simples";"Curva";"Não";2;0;0;0;1;1;0;2;-28,323975;-53,598091;"SPRF-RS";"DEL10-RS";"UOP01-DEL10-RS"
381967;2021-09-06;"segunda-feira";"22:00:00";"MG";262;92;"ABRE CAMPO";"Ausência de reação do condutor";"Saída de leito carroçável";"Com Vítimas Feridas";"Pleno dia";"Crescente";"Céu Claro";"Simples";"Curva";"Não";3;0;0;2;1;0;2;1;-20,32355691;-42,4695922;"SPRF-MG";"DEL03-MG";"UOP03-DEL03-MG"
381968;2021-09-07;"terça-feira";"00:00:00";"RS";386;221,8;"TIO HUGO";"Animais na Pista";"Atropelamento de Animal";"Com Vítimas Feridas";"Plena Noite";"Decrescente";"Chuva";"Simples";"Aclive";"Não";1;0;1;0;0;0;1;1;-28,627148;-52,613129;"SPRF-RS";"DEL04-RS";"UOP03-DEL04-RS"
381969;2021-09-07;"terça-feira";"02:00:00";"PR";277;586,4;"CASCAVEL";"Acessar a via sem observar a presença dos outros veículos";"Colisão transversal";"Com Vítimas Feridas";"Plena Noite";"Decrescente";"Céu Claro";"Simples";"Interseção de Vias";"Sim";5;0;2;0;3;0;2;2;-24,9649472;-53,4210459;"SPRF-PR";"DEL04-PR";"UOP01-DEL04-PR"
381970;2021-09-07;"terça-feira";"01:20:00";"PR";369;55,8;"BANDEIRANTES";"Condutor desrespeitou a iluminação vermelha do semáforo";"Colisão transversal";"Com Vítimas Feridas";"Plena Noite";"Decrescente";"Céu Claro";"Simples";"Interseção de Vias";"Sim";7;0;4;3;0;0;7;2;-23,10874673;-50,36756158;"SPRF-PR";"DEL07-PR";"UOP01-DEL07-PR"
381971;2021-09-07;"terça-feira";"02:15:00";"SC";101;197;"BIGUACU";"Ingestão de álcool pelo condutor";"Saída de leito carroçável";"Sem Vítimas";"Plena Noite";"Decrescente";"Chuva";"Múltipla";"Aclive;Curva";"Sim";1;0;0;0;1;0;0;1;-27,51836254;-48,63828242;"SPRF-SC";"DEL01-SC";"UOP01-DEL01-SC"
381972;2021-09-07;"terça-feira";"01:42:00";"SP";153;72,9;"SAO JOSE DO RIO PRETO";"Ausência de reação do condutor";"Colisão com objeto";"Com Vítimas Feridas";"Plena Noite";"Crescente";"Céu Claro";"Dupla";"Curva";"Não";1;0;1;0;0;0;1;1;-20,86715501;-49,41334398;"SPRF-SP";"DEL09-SP";"UOP01-DEL09-SP"
381974;2021-09-07;"terça-feira";"03:00:00";"RN";304;42,8;"MOSSORO";"Reação tardia ou ineficiente do condutor";"Tombamento";"Com Vítimas Feridas";"Plena Noite";"Crescente";"Céu Claro";"Dupla";"Reta";"Não";1;0;0;1;0;0;1;1;-5,21278093;-37,37221494;"SPRF-RN";"DEL04-RN";"UOP01-DEL04-RN"
381975;2021-09-07;"terça-feira";"03:10:00";"GO";70;13;"AGUAS LINDAS DE GOIAS";"Velocidade Incompatível";"Capotamento";"Com Vítimas Feridas";"Plena Noite";"Decrescente";"Céu Claro";"Dupla";"Reta";"Sim";2;0;2;0;0;0;2;1;-15,74489239;-48,31832762;"SPRF-DF";"DEL03-DF";"UOP02-DEL03-DF"
381978;2021-09-07;"terça-feira";"03:30:00";"SC";101;228,9;"PALHOCA";"Velocidade Incompatível";"Colisão com objeto";"Com Vítimas Feridas";"Plena Noite";"Crescente";"Chuva";"Múltipla";"Curva";"Não";2;0;2;0;0;0;2;1;-27,75967792;-48,63065958;"SPRF-SC";"DEL01-SC";"UOP02-DEL01-SC"
381981;2021-09-07;"terça-feira";"04:20:00";"RS";116;299;"GUAIBA";"Reação tardia ou ineficiente do condutor";"Saída de leito carroçável";"Com Vítimas Feridas";"Plena Noite";"Crescente";"Garoa/Chuvisco";"Dupla";"Reta";"Sim";1;0;1;0;0;0;1;1;-30,11517464;-51,34563087;"SPRF-RS";"DEL02-RS";"UOP01-DEL02-RS"
381983;2021-09-07;"terça-feira";"03:00:00";"MA";222;638;"ACAILANDIA";"Velocidade Incompatível";"Capotamento";"Com Vítimas Feridas";"Plena Noite";"Decrescente";"Ignorado";"Simples";"Curva";"Não";1;0;0;1;0;0;1;1;-4,797858;-47,217992;"SPRF-MA";"DEL04-MA";"UOP03-DEL04-MA"
381984;2021-09-07;"terça-feira";"04:10:00";"MS";163;34,8;"ELDORADO";"Reação tardia ou ineficiente do condutor";"Tombamento";"Com Vítimas Fatais";"Pleno dia";"Crescente";"Céu Claro";"Simples";"Curva";"Não";1;1;0;0;0;0;0;1;-23,809696;-54,32472;"SPRF-MS";"DEL09-MS";"UOP02-DEL09-MS"
381985;2021-09-07;"terça-feira";"04:30:00";"SC";101;189;"BIGUACU";"Ausência de reação do condutor";"Colisão com objeto";"Com Vítimas Feridas";"Plena Noite";"Crescente";"Chuva";"Dupla";"Reta";"Não";1;0;1;0;0;0;1;1;-27,459393;-48,638914;"SPRF-SC";"DEL01-SC";"UOP01-DEL01-SC"
381986;2021-09-07;"terça-feira";"04:35:00";"PE";428;183,3;"PETROLINA";"Ingestão de álcool pelo condutor";"Colisão traseira";"Com Vítimas Fatais";"Plena Noite";"Crescente";"Céu Claro";"Simples";"Em Obras;Reta";"Sim";2;1;0;0;1;0;0;2;-9,33934115;-40,46992328;"SPRF-PE";"DEL06-PE";"UOP01-DEL06-PE"
381988;2021-09-07;"terça-feira";"06:15:00";"SC";101;336,4;"TUBARAO";"Velocidade Incompatível";"Colisão com objeto";"Com Vítimas Feridas";"Pleno dia";"Crescente";"Chuva";"Dupla";"Curva";"Não";4;0;4;0;0;0;4;1;-28,48468588;-49,03575897;"SPRF-SC";"DEL02-SC";"UOP01-DEL02-SC"
381991;2021-09-07;"terça-feira";"06:39:00";"DF";20;21,9;"BRASILIA";"Transitar no acostamento";"Colisão traseira";"Com Vítimas Feridas";"Amanhecer";"Crescente";"Céu Claro";"Dupla";"Declive;Retorno Regulamentado;Reta";"Sim";2;0;1;0;1;0;1;2;-15,603384;-47,684692;"SPRF-DF";"DEL02-DF";"UOP01-DEL02-DF"
381992;2021-09-07;"terça-feira";"07:00:00";"SC";101;128,5;"BALNEARIO CAMBORIU";"Velocidade Incompatível";"Capotamento";"Com Vítimas Feridas";"Pleno dia";"Decrescente";"Nublado";"Dupla";"Curva";"Sim";1;0;1;0;0;0;1;1;-26,97284292;-48,68299451;"SPRF-SC";"DEL04-SC";"UOP03-DEL04-SC"
381993;2021-09-07;"terça-feira";"05:25:00";"SC";101;355,9;"SANGAO";"Chuva";"Saída de leito carroçável";"Com Vítimas Feridas";"Pleno dia";"Crescente";"Chuva";"Dupla";"Reta";"Não";1;0;1;0;0;0;1;1;-28,62380715;-49,07828489;"SPRF-SC";"DEL02-SC";"UOP01-DEL02-SC"
381995;2021-09-07;"terça-feira";"06:40:00";"PI";343;2,8;"TERESINA";"Ingestão de álcool pelo condutor";"Tombamento";"Com Vítimas Feridas";"Amanhecer";"Decrescente";"Céu Claro";"Dupla";"Rotatória";"Sim";1;0;1;0;0;0;1;1;-5,08084634;-42,77519345;"SPRF-PI";"DEL01-PI";"UOP01-DEL01-PI"
381996;2021-09-07;"terça-feira";"06:15:00";"SC";116;176,3;"SAO CRISTOVAO DO SUL";"Velocidade Incompatível";"Saída de leito carroçável";"Com Vítimas Feridas";"Amanhecer";"Decrescente";"Nublado";"Simples";"Curva";"Não";2;0;1;0;1;0;1;1;-27,24164321;-50,46329137;"SPRF-SC";"DEL05-SC";"UOP03-DEL05-SC"
381997;2021-07-05;"segunda-feira";"18:05:00";"MG";262;38;"MANHUACU";"Acesso irregular";"Colisão transversal";"Com Vítimas Feridas";"Anoitecer";"Crescente";"Céu Claro";"Simples";"Reta";"Sim";2;0;1;0;1;0;1;2;-20,27481864;-42,05123533;"SPRF-MG";"DEL06-MG";"UOP03-DEL06-MG"
381998;2021-09-06;"segunda-feira";"19:30:00";"BA";101;247;"CONCEICAO DO ALMEIDA";"Demais falhas mecânicas ou elétricas";"Incêndio";"Sem Vítimas";"Plena Noite";"Decrescente";"Ignorado";"Simples";"Reta";"Não";1;0;0;0;1;0;0;1;-12,86260618;-39,21298116;"SPRF-BA";"DEL01-BA";"UOP02-DEL01-BA"
381999;2021-09-06;"segunda-feira";"16:40:00";"AC";364;179;"BUJARI";"Obras na pista";"Colisão frontal";"Com Vítimas Feridas";"Pleno dia";"Crescente";"Céu Claro";"Simples";"Reta";"Não";3;0;1;2;0;0;3;2;-9,72378065;-68,12695977;"SPRF-AC";"DEL01-AC";"UOP01-DEL01-AC"