"id";"data_inversa";"dia_semana";"horario";"uf";"br";"km";"municipio";"causa_acidente";"tipo_acidente";"classificacao_acidente";"fase_dia";"sentido_via";"condicao_metereologica";"tipo_pista";"tracado_via";"uso_solo";"pessoas";"mortos";"feridos_leves";"feridos_graves";"ilesos";"ignorados";"feridos";"veiculos";"latitude";"longitude";"regional";"delegacia";"uop"
382000;2021-09-07;"terça-feira";"06:40:00";"MG";50;42;"ARAGUARI";"Ausência de reação do condutor";"Tombamento";"Com Vítimas Feridas";"Pleno dia";"Crescente";"Céu Claro";"Dupla";"Reta";"Não";1;0;1;0;0;0;1;1;-18,69101412;-48,18009275;"SPRF-MG";"DEL15-MG";"UOP02-DEL15-MG"
382003;2021-09-07;"terça-feira";"09:10:00";"PR";277;73;"SAO JOSE DOS PINHAIS";"Manobra de mudança de faixa";"Capotamento";"Com Vítimas Feridas";"Pleno dia";"Crescente";"Nublado";"Dupla";"Declive;Reta";"Sim";2;0;2;0;0;0;2;1;-25,52124342;-49,10648119;"SPRF-PR";"DEL01-PR";"UOP01-DEL01-PR"
382005;2021-09-07;"terça-feira";"08:25:00";"MG";40;502,1;"ESMERALDAS";"Desrespeitar a preferência no cruzamento";"Colisão transversal";"Com Vítimas Feridas";"Pleno dia";"Crescente";"Céu Claro";"Dupla";"Retorno Regulamentado";"Não";2;0;1;0;1;0;1;2;-19,714002;-44,160929;"SPRF-MG";"DEL02-MG";"UOP01-DEL02-MG"
382007;2021-09-07;"terça-feira";"06:30:00";"MS";163;513,9;"JARAGUARI";"Reação tardia ou ineficiente do condutor";"Saída de leito carroçável";"Com Vítimas Feridas";"Amanhecer";"Crescente";"Céu Claro";"Dupla";"Reta";"Não";1;0;1;0;0;0;1;1;-20,2191332;-54,4744986;"SPRF-MS";"DEL01-MS";"UOP02-DEL01-MS"
382009;2021-09-07;"terça-feira";"09:15:00";"RN";304;55,9;"MOSSORO";"Reação tardia ou ineficiente do condutor";"Tombamento";"Com Vítimas Feridas";"Pleno dia";"Decrescente";"Céu Claro";"Simples";"Reta";"Não";1;0;1;0;0;0;1;1;-5,291014;-37,287388;"SPRF-RN";"DEL04-RN";"UOP01-DEL04-RN"
382010;2021-09-07;"terça-feira";"09:45:00";"SP";488;2,9;"APARECIDA";"Afundamento ou ondulação no pavimento";"Tombamento";"Com Vítimas Feridas";"Pleno dia";"Decrescente";"Céu Claro";"Dupla";"Declive;Reta";"Sim";1;0;1;0;0;0;1;1;-22,849216;-45,236801;"SPRF-SP";"DEL08-SP";"UOP01-DEL08-SP"
382012;2021-09-07;"terça-feira";"08:50:00";"MT";163;832;"SINOP";"Velocidade Incompatível";"Queda de ocupante de veículo";"Com Vítimas Feridas";"Pleno dia";"Crescente";"Céu Claro";"Simples";"Reta";"Sim";1;0;1;0;0;0;1;1;-11,885898;-55,501599;"SPRF-MT";"DEL06-MT";"UOP01-DEL06-MT"
382013;2021-09-07;"terça-feira";"09:00:00";"MS";163;270;"DOURADOS";"Manobra de mudança de faixa";"Colisão lateral mesmo sentido";"Com Vítimas Feridas";"Pleno dia";"Crescente";"Sol";"Dupla";"Rotatória";"Sim";2;0;1;0;1;0;1;2;-22,194847;-54,69295;"SPRF-MS";"DEL04-MS";"UOP01-DEL04-MS"
382015;2021-09-07;"terça-feira";"03:00:00";"SC";116;264,4;"CAPAO ALTO";"Ingestão de álcool pelo condutor";"Saída de leito carroçável";"Sem Vítimas";"Plena Noite";"Decrescente";"Garoa/Chuvisco";"Simples";"Declive;Curva";"Não";1;0;0;0;0;1;0;1;-27,93311409;-50,46466016;"SPRF-SC";"DEL05-SC";"UOP02-DEL05-SC"
382016;2021-09-07;"terça-feira";"09:50:00";"PB";230;151,6;"CAMPINA GRANDE";"Condutor deixou de manter distância do veículo da frente";"Colisão lateral mesmo sentido";"Com Vítimas Feridas";"Pleno dia";"Crescente";"Céu Claro";"Simples";"Viaduto";"Sim";4;0;1;0;3;0;1;2;-7,2587;-35,8778;"SPRF-PB";"DEL02-PB";"UOP01-DEL02-PB"
382017;2021-09-07;"terça-feira";"08:15:00";"RS";293;83,7;"PIRATINI";"Acumulo de água sobre o pavimento";"Saída de leito carroçável";"Com Vítimas Feridas";"Pleno dia";"Crescente";"Chuva";"Simples";"Curva";"Não";1;0;1;0;0;0;1;1;-31,64477202;-53,14521001;"SPRF-RS";"DEL07-RS";"UOP01-DEL07-RS"
382019;2021-09-07;"terça-feira";"10:30:00";"SE";101;69,5;"MARUIM";"Conversão proibida";"Colisão lateral mesmo sentido";"Com Vítimas Feridas";"Pleno dia";"Decrescente";"Sol";"Simples";"Curva";"Sim";2;0;1;0;1;0;1;2;-10,72937357;-37,0810103;"SPRF-SE";"DEL01-SE";"UOP01-DEL01-SE"
382020;2021-09-07;"terça-feira";"07:30:00";"MS";267;526,7;"BELA VISTA";"Pista esburacada";"Saída de leito carroçável";"Com Vítimas Feridas";"Pleno dia";"Decrescente";"Céu Claro";"Simples";"Reta";"Não";3;0;2;0;1;0;2;1;-21,52609479;-56,53704407;"SPRF-MS";"DEL05-MS";"UOP01-DEL05-MS"
382021;2021-09-07;"terça-feira";"08:40:00";"RJ";116;220;"PARACAMBI";"Acumulo de óleo sobre o pavimento";"Colisão com objeto";"Com Vítimas Feridas";"Pleno dia";"Crescente";"Nublado";"Simples";"Curva";"Não";1;0;1;0;0;0;1;1;-22,69305776;-43,77362606;"SPRF-RJ";"DEL07-RJ";"UOP01-DEL07-RJ"
382022;2021-09-07;"terça-feira";"10:15:00";"PB";101;51,1;"RIO TINTO";"Demais falhas mecânicas ou elétricas";"Incêndio";"Sem Vítimas";"Pleno dia";"Decrescente";"Sol";"Dupla";"Aclive";"Não";1;0;0;0;1;0;0;1;-6,93035382;-35,10376671;"SPRF-PB";"DEL01-PB";"UOP04-DEL01-PB"
382023;2021-09-07;"terça-feira";"10:45:00";"PE";101;51;"ABREU E LIMA";"Ingestão de álcool pelo condutor";"Colisão lateral mesmo sentido";"Com Vítimas Feridas";"Pleno dia";"Decrescente";"Céu Claro";"Dupla";"Reta";"Sim";2;0;1;0;1;0;1;2;-7,9169968;-34,89689272;"SPRF-PE";"DEL01-PE";"UOP02-DEL01-PE"
382024;2021-09-07;"terça-feira";"11:00:00";"RS";287;249;"SANTA MARIA";"Acessar a via sem observar a presença dos outros veículos";"Colisão transversal";"Sem Vítimas";"Pleno dia";"Decrescente";"Chuva";"Simples";"Em Obras;Reta";"Sim";4;0;0;0;4;0;0;2;-29,69400654;-53,86100019;"SPRF-RS";"DEL09-RS";"UOP01-DEL09-RS"
382025;2021-09-07;"terça-feira";"07:00:00";"RJ";101;395;"RIO DE JANEIRO";"Demais falhas mecânicas ou elétricas";"Incêndio";"Sem Vítimas";"Pleno dia";"Crescente";"Nublado";"Dupla";"Reta";"Não";1;0;0;0;0;1;0;1;-22,88237391;-43,72205597;"SPRF-RJ";"DEL03-RJ";"UOP01-DEL03-RJ"
382026;2021-09-07;"terça-feira";"10:44:00";"MG";40;649,5;"CRISTIANO OTONI";"Acessar a via sem observar a presença dos outros veículos";"Colisão transversal";"Com Vítimas Feridas";"Pleno dia";"Crescente";"Céu Claro";"Simples";"Reta";"Sim";2;0;2;0;0;0;2;2;-20,81734393;-43,81138816;"SPRF-MG";"DEL05-MG";"UOP02-DEL05-MG"
382027;2021-09-07;"terça-feira";"11:00:00";"SP";116;210;"GUARULHOS";"Ultrapassagem Indevida";"Colisão lateral mesmo sentido";"Com Vítimas Feridas";"Pleno dia";"Crescente";"Céu Claro";"Múltipla";"Reta";"Sim";3;0;1;0;2;0;1;2;-23,42870023;-46,41085991;"SPRF-SP";"DEL01-SP";"UOP01-DEL01-SP"
382028;2021-09-07;"terça-feira";"09:50:00";"PR";376;671;"GUARATUBA";"Velocidade Incompatível";"Colisão com objeto";"Com Vítimas Feridas";"Pleno dia";"Crescente";"Garoa/Chuvisco";"Dupla";"Reta;Declive";"Não";1;0;1;0;0;0;1;1;-25,885323;-48,935154;"SPRF-PR";"DEL01-PR";"UOP04-DEL01-PR"
382029;2021-09-07;"terça-feira";"10:30:00";"MS";60;372,9;"CAMPO GRANDE";"Demais falhas mecânicas ou elétricas";"Tombamento";"Com Vítimas Feridas";"Pleno dia";"Crescente";"Céu Claro";"Simples";"Reta";"Não";2;0;2;0;0;0;2;1;-20,5841749298;-54,7164768353;"SPRF-MS";"DEL01-MS";"UOP04-DEL01-MS"
382030;2021-09-07;"terça-feira";"11:15:00";"PE";407;129;"PETROLINA";"Ausência de reação do condutor";"Colisão traseira";"Com Vítimas Feridas";"Pleno dia";"Crescente";"Céu Claro";"Dupla";"Ponte";"Sim";2;0;1;0;1;0;1;2;-9,39958299;-40,50459298;"SPRF-PE";"DEL06-PE";"UOP01-DEL06-PE"
382031;2021-09-07;"terça-feira";"10:30:00";"BA";20;165,9;"SAO DESIDERIO";"Ausência de reação do condutor";"Saída de leito carroçável";"Com Vítimas Feridas";"Pleno dia";"Crescente";"Sol";"Simples";"Reta";"Não";1;0;0;1;0;0;1;1;-12,492158;-45,888765;"SPRF-BA";"DEL10-BA";"UOP01-DEL10-BA"
382033;2021-06-07;"segunda-feira";"10:40:00";"MS";158;114;"PARANAIBA";"Condutor deixou de manter distância do veículo da frente";"Colisão traseira";"Com Vítimas Feridas";"Pleno dia";"Crescente";"Céu Claro";"Simples";"Reta";"Não";5;0;0;1;4;0;1;2;-19,81976279;-51,11526489;"SPRF-MS";"DEL08-MS";"UOP01-DEL08-MS"
382037;2021-09-07;"terça-feira";"10:30:00";"RS";101;43,4;"TERRA DE AREIA";"Acumulo de água sobre o pavimento";"Tombamento";"Com Vítimas Feridas";"Pleno dia";"Decrescente";"Chuva";"Simples";"Reta";"Não";2;0;1;0;1;0;1;1;-29,55749023;-50,0407578;"SPRF-RS";"DEL03-RS";"UOP02-DEL03-RS"
382038;2021-09-07;"terça-feira";"11:05:00";"RJ";40;98;"DUQUE DE CAXIAS";"Afundamento ou ondulação no pavimento";"Capotamento";"Com Vítimas Feridas";"Pleno dia";"Crescente";"Céu Claro";"Simples";"Reta";"Sim";3;0;3;0;0;0;3;1;-22,57773682;-43,27329036;"SPRF-RJ";"DEL01-RJ";"UOP01-DEL01-RJ"
382039;2021-09-07;"terça-feira";"10:00:00";"RJ";101;524;"ANGRA DOS REIS";"Acessar a via sem observar a presença dos outros veículos";"Colisão transversal";"Com Vítimas Feridas";"Pleno dia";"Crescente";"Nublado";"Simples";"Reta";"Sim";5;0;3;1;1;0;4;2;-22,99959786;-44,47765217;"SPRF-RJ";"DEL03-RJ";"UOP02-DEL03-RJ"
382041;2021-09-07;"terça-feira";"12:35:00";"PB";230;18,1;"JOAO PESSOA";"Reação tardia ou ineficiente do condutor";"Colisão traseira";"Sem Vítimas";"Pleno dia";"Crescente";"Céu Claro";"Dupla";"Declive;Reta";"Sim";4;0;0;0;3;1;0;2;-7,1198;-34,8453;"SPRF-PB";"DEL01-PB";"UOP01-DEL01-PB"
382043;2021-09-07;"terça-feira";"11:00:00";"PE";232;39,3;"VITORIA DE SANTO ANTAO";"Avarias e/ou desgaste excessivo no pneu";"Saída de leito carroçável";"Com Vítimas Feridas";"Pleno dia";"Crescente";"Céu Claro";"Dupla";"Reta";"Não";2;0;2;0;0;0;2;1;-8,116812;-35,234502;"SPRF-PE";"DEL01-PE";"UOP01-DEL01-PE"
382044;2021-09-07;"terça-feira";"12:20:00";"PI";343;319,4;"ALTOS";"Ausência de reação do condutor";"Saída de leito carroçável";"Com Vítimas Feridas";"Pleno dia";"Decrescente";"Céu Claro";"Simples";"Curva";"Não";3;0;3;0;0;0;3;1;-5,08754101;-42,56588643;"SPRF-PI";"DEL01-PI";"UOP01-DEL01-PI"
382045;2021-09-07;"terça-feira";"12:20:00";"RO";319;61,9;"PORTO VELHO";"Ausência de reação do condutor";"Colisão transversal";"Sem Vítimas";"Pleno dia";"Decrescente";"Céu Claro";"Dupla";"Interseção de Vias";"Sim";3;0;0;0;3;0;0;2;-8,74801397;-63,88779792;"SPRF-RO";"DEL01-RO";"UOP01-DEL01-RO"
382046;2021-09-07;"terça-feira";"11:30:00";"AC";364;123;"RIO BRANCO";"Ausência de reação do condutor";"Colisão traseira";"Com Vítimas Feridas";"Pleno dia";"Decrescente";"Céu Claro";"Dupla";"Reta";"Sim";4;0;1;1;2;0;2;2;-10,0117071;-67,782373;"SPRF-AC";"DEL01-AC";"UOP01-DEL01-AC"
382047;2021-09-07;"terça-feira";"11:20:00";"SC";280;97,5;"SAO BENTO DO SUL";"Curva acentuada";"Saída de leito carroçável";"Com Vítimas Feridas";"Pleno dia";"Decrescente";"Garoa/Chuvisco";"Simples";"Curva";"Não";3;0;1;0;2;0;1;1;-26,37833107;-49,31732124;"SPRF-SC";"DEL06-SC";"UOP03-DEL06-SC"
382048;2021-09-07;"terça-feira";"13:10:00";"DF";70;18,8;"BRASILIA";"Ingestão de álcool pelo condutor";"Colisão transversal";"Com Vítimas Feridas";"Pleno dia";"Crescente";"Céu Claro";"Dupla";"Reta;Aclive";"Não";2;0;1;0;1;0;1;2;-15,789;-48,217;"SPRF-DF";"DEL03-DF";"UOP02-DEL03-DF"
382049;2021-08-30;"segunda-feira";"13:45:00";"RJ";101;301;"SAO GONCALO";"Frear bruscamente";"Colisão transversal";"Sem Vítimas";"Pleno dia";"Decrescente";"Sol";"Múltipla";"Reta";"Sim";2;0;0;0;2;0;0;1;-22,77857497;-42,95745101;"SPRF-RJ";"DEL02-RJ";"UOP02-DEL02-RJ"
382052;2021-09-07;"terça-feira";"10:30:00";"PA";230;120;"MARABA";"Pista Escorregadia";"Tombamento";"Com Vítimas Feridas";"Pleno dia";"Crescente";"Garoa/Chuvisco";"Dupla";"Reta";"Sim";1;0;0;1;0;0;1;1;-5,35038318;-49,11434;"SPRF-PA";"DEL03-PA";"UOP01-DEL03-PA"
382054;2021-09-07;"terça-feira";"14:30:00";"SE";101;113,1;"ITAPORANGA DAJUDA";"Condutor usando celular";"Colisão com objeto";"Com Vítimas Feridas";"Pleno dia";"Decrescente";"Céu Claro";"Dupla";"Curva";"Não";1;0;1;0;0;0;1;1;-10,991615;-37,295998;"SPRF-SE";"DEL02-SE";"UOP01-DEL02-SE"
382055;2021-09-07;"terça-feira";"14:10:00";"SC";282;83,1;"ALFREDO WAGNER";"Velocidade Incompatível";"Saída de leito carroçável";"Com Vítimas Feridas";"Pleno dia";"Crescente";"Chuva";"Simples";"Curva";"Não";2;0;1;1;0;0;2;1;-27,666153;-49,175022;"SPRF-SC";"DEL01-SC";"UOP03-DEL01-SC"
382056;2021-09-07;"terça-feira";"14:25:00";"SP";116;54,3;"LORENA";"Avarias e/ou desgaste excessivo no pneu";"Tombamento";"Com Vítimas Feridas";"Pleno dia";"Decrescente";"Céu Claro";"Dupla";"Reta";"Não";2;0;2;0;0;0;2;1;-22,75954173;-45,11715889;"SPRF-SP";"DEL08-SP";"UOP02-DEL08-SP"
382057;2021-09-04;"sábado";"00:55:00";"PR";369;126,5;"JATAIZINHO";"Objeto estático sobre o leito carroçável";"Colisão com objeto";"Sem Vítimas";"Pleno dia";"Decrescente";"Céu Claro";"Múltipla";"Reta";"Não";1;0;0;0;1;0;0;1;-23,27611683;-50,96221268;"SPRF-PR";"DEL07-PR";"UOP01-DEL07-PR"
382058;2021-09-07;"terça-feira";"14:15:00";"MG";381;669,1;"PERDOES";"Reação tardia ou ineficiente do condutor";"Queda de ocupante de veículo";"Com Vítimas Feridas";"Pleno dia";"Crescente";"Céu Claro";"Dupla";"Reta";"Não";1;0;1;0;0;0;1;1;-21,0548206;-45,03490171;"SPRF-MG";"DEL04-MG";"UOP02-DEL04-MG"
382060;2021-09-07;"terça-feira";"14:30:00";"CE";116;284,5;"JAGUARIBARA";"Demais falhas na via";"Saída de leito carroçável";"Com Vítimas Feridas";"Pleno dia";"Decrescente";"Céu Claro";"Simples";"Reta";"Não";5;0;5;0;0;0;5;1;-5,71439597;-38,50533609;"SPRF-CE";"DEL05-CE";"UOP02-DEL05-CE"
382062;2021-09-07;"terça-feira";"15:00:00";"MG";50;47,4;"ARAGUARI";"Velocidade Incompatível";"Colisão com objeto";"Com Vítimas Feridas";"Pleno dia";"Crescente";"Céu Claro";"Dupla";"Declive;Curva";"Não";5;0;4;0;1;0;4;1;-18,72799811;-48,20659169;"SPRF-MG";"DEL15-MG";"UOP02-DEL15-MG"
382063;2021-09-07;"terça-feira";"15:15:00";"MG";251;522,9;"MONTES CLAROS";"Acumulo de areia ou detritos sobre o pavimento";"Tombamento";"Com Vítimas Feridas";"Pleno dia";"Crescente";"Céu Claro";"Simples";"Reta";"Não";1;0;1;0;0;0;1;1;-16,6754567;-43,7987724;"SPRF-MG";"DEL12-MG";"UOP01-DEL12-MG"
382064;2021-09-07;"terça-feira";"14:30:00";"RS";290;108,7;"ELDORADO DO SUL";"Demais falhas mecânicas ou elétricas";"Saída de leito carroçável";"Sem Vítimas";"Pleno dia";"Decrescente";"Chuva";"Dupla";"Reta";"Sim";1;0;0;0;1;0;0;1;-30,01492922;-51,31658077;"SPRF-RS";"DEL02-RS";"UOP01-DEL02-RS"
382067;2021-09-07;"terça-feira";"14:00:00";"RO";364;706;"PORTO VELHO";"Reação tardia ou ineficiente do condutor";"Saída de leito carroçável";"Com Vítimas Feridas";"Pleno dia";"Crescente";"Céu Claro";"Dupla";"Reta";"Não";2;0;0;1;1;0;1;1;-8,80030539;-63,823428;"SPRF-RO";"DEL01-RO";"UOP01-DEL01-RO"
382068;2021-09-07;"terça-feira";"12:10:00";"SC";116;159,9;"SANTA CECILIA";"Acumulo de água sobre o pavimento";"Saída de leito carroçável";"Sem Vítimas";"Pleno dia";"Crescente";"Chuva";"Simples";"Curva";"Não";1;0;0;0;1;0;0;1;-27,09960799;-50,45374278;"SPRF-SC";"DEL06-SC";"UOP02-DEL06-SC"
382069;2021-09-07;"terça-feira";"15:40:00";"RN";101;124,8;"SAO JOSE DE MIPIBU";"Pedestre cruzava a pista fora da faixa";"Atropelamento de Pedestre";"Com Vítimas Fatais";"Pleno dia";"Decrescente";"Céu Claro";"Múltipla";"Reta";"Sim";2;1;0;0;1;0;0;2;-6,07210914;-35,23548245;"SPRF-RN";"DEL01-RN";"UOP01-DEL01-RN"
382070;2021-09-07;"terça-feira";"16:05:00";"SP";101;49,9;"UBATUBA";"Condutor deixou de manter distância do veículo da frente";"Colisão traseira";"Sem Vítimas";"Pleno dia";"Decrescente";"Nublado";"Simples";"Interseção de Vias";"Sim";2;0;0;0;2;0;0;2;-23,45176146;-45,07592797;"SPRF-SP";"DEL06-SP";"UOP01-DEL06-SP"
382072;2021-09-07;"terça-feira";"16:00:00";"RS";116;52,2;"VACARIA";"Pista Escorregadia";"Saída de leito carroçável";"Com Vítimas Fatais";"Pleno dia";"Decrescente";"Chuva";"Simples";"Curva";"Não";6;2;1;0;3;0;1;1;-28,58229507;-51,02378683;"SPRF-RS";"DEL05-RS";"UOP03-DEL05-RS"
382073;2021-09-07;"terça-feira";"16:12:00";"RS";386;401;"TRIUNFO";"Velocidade Incompatível";"Saída de leito carroçável";"Com Vítimas Feridas";"Pleno dia";"Decrescente";"Chuva";"Simples";"Declive;Curva";"Não";3;0;2;0;1;0;2;1;-29,758154;-51,594955;"SPRF-RS";"DEL04-RS";"UOP02-DEL04-RS"
382074;2021-09-07;"terça-feira";"16:20:00";"TO";153;386;"RIO DOS BOIS";"Mal súbito do condutor";"Saída de leito carroçável";"Com Vítimas Feridas";"Pleno dia";"Decrescente";"Céu Claro";"Simples";"Aclive;Curva";"Não";3;0;1;0;2;0;1;1;-9,296131;-48,553452;"SPRF-TO";"DEL02-TO";"UOP01-DEL02-TO"
382075;2021-09-07;"terça-feira";"14:30:00";"PR";272;367;"CAMPO MOURAO";"Manobra de mudança de faixa";"Colisão lateral mesmo sentido";"Com Vítimas Feridas";"Pleno dia";"Decrescente";"Céu Claro";"Dupla";"Reta";"Sim";2;0;1;0;1;0;1;2;-24,05063682;-52,40169964;"SPRF-PR";"DEL09-PR";"UOP03-DEL09-PR"
382076;2021-09-07;"terça-feira";"15:01:00";"RO";364;345;"JI-PARANA";"Manobra de mudança de faixa";"Colisão lateral mesmo sentido";"Com Vítimas Feridas";"Pleno dia";"Crescente";"Céu Claro";"Dupla";"Reta";"Sim";4;0;2;0;2;0;2;2;-10,8688113;-61,9601791;"SPRF-RO";"DEL02-RO";"UOP01-DEL02-RO"
382077;2021-09-07;"terça-feira";"15:00:00";"TO";153;670,9;"GURUPI";"Mal súbito do condutor";"Saída de leito carroçável";"Com Vítimas Feridas";"Pleno dia";"Decrescente";"Céu Claro";"Dupla";"Reta";"Sim";1;0;1;0;0;0;1;1;-11,70998005;-49,07471975;"SPRF-TO";"DEL01-TO";"UOP02-DEL01-TO"
382078;2021-09-07;"terça-feira";"15:30:00";"RO";319;62,7;"PORTO VELHO";"Acumulo de areia ou detritos sobre o pavimento";"Colisão com objeto";"Com Vítimas Feridas";"Pleno dia";"Crescente";"Céu Claro";"Dupla";"Interseção de Vias";"Sim";1;0;1;0;0;0;1;1;-8,766685;-63,884052;"SPRF-RO";"DEL01-RO";"UOP01-DEL01-RO"
382079;2021-09-07;"terça-feira";"16:40:00";"MG";262;426,7;"IGARATINGA";"Ausência de reação do condutor";"Saída de leito carroçável";"Com Vítimas Feridas";"Pleno dia";"Decrescente";"Sol";"Dupla";"Reta;Aclive";"Não";1;0;1;0;0;0;1;1;-19,88336175;-44,76794905;"SPRF-MG";"DEL08-MG";"UOP03-DEL08-MG"
382080;2021-09-07;"terça-feira";"15:58:00";"SC";101;60,9;"ARAQUARI";"Velocidade Incompatível";"Saída de leito carroçável";"Com Vítimas Feridas";"Pleno dia";"Crescente";"Chuva";"Simples";"Curva";"Não";1;0;0;1;0;0;1;1;-26,45072823;-48,78570317;"SPRF-SC";"DEL03-SC";"UOP02-DEL03-SC"
382083;2021-09-07;"terça-feira";"17:10:00";"GO";153;434,2;"ANAPOLIS";"Reação tardia ou ineficiente do condutor";"Colisão com objeto";"Com Vítimas Feridas";"Pleno dia";"Crescente";"Céu Claro";"Dupla";"Aclive;Curva";"Sim";1;0;0;1;0;0;1;1;-16,275604;-48,967766;"SPRF-GO";"DEL02-GO";"UOP01-DEL02-GO"
382084;2021-09-07;"terça-feira";"17:20:00";"PR";116;99;"SAO JOSE DOS PINHAIS";"Demais falhas mecânicas ou elétricas";"Colisão com objeto";"Com Vítimas Feridas";"Pleno dia";"Crescente";"Nublado";"Dupla";"Curva";"Não";2;0;1;0;1;0;1;1;-25,52682231;-49,14038767;"SPRF-PR";"DEL01-PR";"UOP01-DEL01-PR"
382085;2021-09-07;"terça-feira";"16:00:00";"BA";116;670;"JEQUIE";"Velocidade Incompatível";"Queda de ocupante de veículo";"Com Vítimas Feridas";"Pleno dia";"Crescente";"Céu Claro";"Simples";"Rotatória";"Sim";1;0;1;0;0;0;1;1;-13,78272786;-40,10685828;"SPRF-BA";"DEL03-BA";"UOP01-DEL03-BA"
382088;2021-09-07;"terça-feira";"17:15:00";"SE";235;43,7;"ITABAIANA";"Acessar a via sem observar a presença dos outros veículos";"Colisão transversal";"Sem Vítimas";"Anoitecer";"Decrescente";"Céu Claro";"Simples";"Reta";"Não";2;0;0;0;2;0;0;2;-10,761437;-37,388721;"SPRF-SE";"DEL01-SE";"UOP02-DEL01-SE"
382090;2021-09-07;"terça-feira";"17:00:00";"MG";381;582;"CARMOPOLIS DE MINAS";"Velocidade Incompatível";"Saída de leito carroçável";"Com Vítimas Feridas";"Pleno dia";"Crescente";"Céu Claro";"Dupla";"Reta";"Não";1;0;1;0;0;0;1;1;-20,49584672;-44,60609634;"SPRF-MG";"DEL04-MG";"UOP01-DEL04-MG"
382092;2021-09-07;"terça-feira";"17:10:00";"SC";282;51,5;"AGUAS MORNAS";"Problema na suspensão";"Tombamento";"Com Vítimas Feridas";"Pleno dia";"Decrescente";"Chuva";"Simples";"Reta";"Não";2;0;1;1;0;0;2;1;-27,703712;-48,959267;"SPRF-SC";"DEL01-SC";"UOP03-DEL01-SC"
382093;2021-09-07;"terça-feira";"15:45:00";"SC";153;20;"AGUA DOCE";"Afundamento ou ondulação no pavimento";"Saída de leito carroçável";"Com Vítimas Fatais";"Pleno dia";"Crescente";"Céu Claro";"Simples";"Reta";"Não";1;1;0;0;0;0;0;1;-26,7251343;-51,6321373;"SPRF-SC";"DEL07-SC";"UOP05-DEL07-SC"
382094;2021-09-07;"terça-feira";"17:45:00";"PE";101;154;"RIBEIRAO";"Animais na Pista";"Atropelamento de Animal";"Sem Vítimas";"Plena Noite";"Decrescente";"Céu Claro";"Dupla";"Reta";"Não";2;0;0;0;0;2;0;2;-8,52860711;-35,38883966;"SPRF-PE";"DEL01-PE";"UOP01-DEL01-PE"
382095;2021-09-07;"terça-feira";"17:35:00";"RN";304;299;"MACAIBA";"Ingestão de álcool pelo condutor";"Colisão traseira";"Sem Vítimas";"Plena Noite";"Decrescente";"Céu Claro";"Dupla";"Reta";"Não";2;0;0;0;2;0;0;2;-5,87095859;-35,32359587;"SPRF-RN";"DEL01-RN";"UOP02-DEL01-RN"
382096;2021-08-10;"terça-feira";"21:55:00";"RS";116;265;"CANOAS";"Acesso irregular";"Queda de ocupante de veículo";"Com Vítimas Feridas";"Plena Noite";"Decrescente";"Garoa/Chuvisco";"Dupla";"Reta";"Sim";1;0;1;0;0;0;1;1;-29,92342302;-51,17780944;"SPRF-RS";"DEL01-RS";"UOP01-DEL01-RS"
382098;2021-09-07;"terça-feira";"18:00:00";"MG";50;99;"UBERLANDIA";"Avarias e/ou desgaste excessivo no pneu";"Tombamento";"Com Vítimas Feridas";"Anoitecer";"Decrescente";"Céu Claro";"Dupla";"Reta";"Não";2;0;0;2;0;0;2;1;-19,127352;-48,173278;"SPRF-MG";"DEL15-MG";"UOP01-DEL15-MG"
382099;2021-09-07;"terça-feira";"18:05:00";"GO";50;280,6;"CATALAO";"Acessar a via sem observar a presença dos outros veículos";"Colisão transversal";"Com Vítimas Feridas";"Anoitecer";"Decrescente";"Céu Claro";"Dupla";"Rotatória";"Sim";4;0;2;0;2;0;2;2;-18,18188829;-47,94129968;"SPRF-GO";"DEL06-GO";"UOP01-DEL06-GO"
382101;2021-09-07;"terça-feira";"17:40:00";"SC";282;58;"RANCHO QUEIMADO";"Reação tardia ou ineficiente do condutor";"Colisão traseira";"Com Vítimas Feridas";"Anoitecer";"Decrescente";"Chuva";"Simples";"Curva";"Não";4;0;1;0;3;0;1;2;-27,683594;-49,005539;"SPRF-SC";"DEL01-SC";"UOP03-DEL01-SC"
382102;2021-09-07;"terça-feira";"17:40:00";"RJ";101;576;"PARATY";"Desrespeitar a preferência no cruzamento";"Colisão transversal";"Com Vítimas Feridas";"Anoitecer";"Decrescente";"Chuva";"Simples";"Reta";"Sim";3;0;2;0;1;0;2;2;-23,22679237;-44,72881647;"SPRF-RJ";"DEL03-RJ";"UOP04-DEL03-RJ"
382105;2021-09-07;"terça-feira";"18:20:00";"MG";40;525,7;"CONTAGEM";"Ingestão de álcool e/ou substâncias psicoativas pelo pedestre";"Atropelamento de Pedestre";"Com Vítimas Feridas";"Plena Noite";"Crescente";"Céu Claro";"Dupla";"Reta";"Sim";2;0;1;0;1;0;1;2;-19,88361702;-44,05039336;"SPRF-MG";"DEL01-MG";"UOP02-DEL01-MG"
382106;2021-09-07;"terça-feira";"18:15:00";"PR";116;70,7;"CAMPINA GRANDE DO SUL";"Ingestão de álcool pelo condutor";"Colisão lateral mesmo sentido";"Com Vítimas Fatais";"Anoitecer";"Crescente";"Nublado";"Dupla";"Interseção de Vias";"Sim";4;1;2;0;1;0;2;2;-25,34431873;-49,04363394;"SPRF-PR";"DEL01-PR";"UOP02-DEL01-PR"