"id";"data_inversa";"dia_semana";"horario";"uf";"br";"km";"municipio";"causa_acidente";"tipo_acidente";"classificacao_acidente";"fase_dia";"sentido_via";"condicao_metereologica";"tipo_pista";"tracado_via";"uso_solo";"pessoas";"mortos";"feridos_leves";"feridos_graves";"ilesos";"ignorados";"feridos";"veiculos";"latitude";"longitude";"regional";"delegacia";"uop"
382204;2021-09-08;"quarta-feira";"07:30:00";"MG";40;526;"CONTAGEM";"Ultrapassagem Indevida";"Colisão traseira";"Com Vítimas Feridas";"Pleno dia";"Crescente";"Céu Claro";"Múltipla";"Reta";"Sim";2;0;1;0;1;0;1;2;-19,89255399;-44,04985478;"SPRF-MG";"DEL01-MG";"UOP02-DEL01-MG"
382206;2021-09-08;"quarta-feira";"07:30:00";"PE";101;77,8;"RECIFE";"Conversão proibida";"Colisão transversal";"Com Vítimas Feridas";"Pleno dia";"Crescente";"Céu Claro";"Dupla";"Reta";"Sim";2;0;1;0;1;0;1;2;-8,133236;-34,946931;"SPRF-PE";"DEL01-PE";"UOP01-DEL01-PE"
382207;2021-09-08;"quarta-feira";"08:10:00";"PB";101;83;"BAYEUX";"Reação tardia ou ineficiente do condutor";"Colisão traseira";"Sem Vítimas";"Pleno dia";"Crescente";"Céu Claro";"Dupla";"Aclive";"Sim";2;0;0;0;2;0;0;2;-7,1337703;-34,92963914;"SPRF-PB";"DEL01-PB";"UOP01-DEL01-PB"
382208;2021-09-08;"quarta-feira";"07:40:00";"SC";101;132;"BALNEARIO CAMBORIU";"Reação tardia ou ineficiente do condutor";"Tombamento";"Com Vítimas Feridas";"Pleno dia";"Decrescente";"Nublado";"Múltipla";"Reta";"Sim";1;0;1;0;0;0;1;1;-26,99654133;-48,65564711;"SPRF-SC";"DEL04-SC";"UOP03-DEL04-SC"
382209;2021-09-08;"quarta-feira";"08:15:00";"SC";101;203;"SAO JOSE";"Ultrapassagem Indevida";"Colisão traseira";"Com Vítimas Feridas";"Pleno dia";"Crescente";"Nublado";"Múltipla";"Reta";"Sim";2;0;1;0;1;0;1;2;-27,5650044;-48,61460082;"SPRF-SC";"DEL01-SC";"UOP01-DEL01-SC"
382210;2021-09-08;"quarta-feira";"08:15:00";"PB";101;84;"BAYEUX";"Condutor deixou de manter distância do veículo da frente";"Colisão traseira";"Sem Vítimas";"Pleno dia";"Crescente";"Céu Claro";"Dupla";"Viaduto";"Sim";2;0;0;0;2;0;0;2;-7,132683;-34,930904;"SPRF-PB";"DEL01-PB";"UOP01-DEL01-PB"
382211;2021-08-06;"sexta-feira";"08:55:00";"SP";116;142;"SAO JOSE DOS CAMPOS";"Ausência de reação do condutor";"Colisão lateral mesmo sentido";"Com Vítimas Feridas";"Pleno dia";"Crescente";"Céu Claro";"Dupla";"Reta";"Sim";1;0;1;0;0;0;1;1;-23,17426078;-45,82940111;"SPRF-SP";"DEL02-SP";"UOP01-DEL02-SP"
382213;2021-09-08;"quarta-feira";"07:48:00";"MG";116;277,8;"TEOFILO OTONI";"Condutor deixou de manter distância do veículo da frente";"Colisão lateral mesmo sentido";"Com Vítimas Feridas";"Pleno dia";"Crescente";"Céu Claro";"Dupla";"Reta";"Sim";2;0;0;1;1;0;1;2;-17,859945;-41,515144;"SPRF-MG";"DEL11-MG";"UOP01-DEL11-MG"
382214;2021-09-08;"quarta-feira";"08:00:00";"RS";290;124,7;"ELDORADO DO SUL";"Chuva";"Colisão frontal";"Com Vítimas Feridas";"Pleno dia";"Crescente";"Chuva";"Simples";"Reta";"Não";2;0;0;1;1;0;1;2;-30,054256;-51,448662;"SPRF-RS";"DEL02-RS";"UOP01-DEL02-RS"
382215;2021-09-08;"quarta-feira";"07:20:00";"PB";230;505;"CAJAZEIRAS";"Acessar a via sem observar a presença dos outros veículos";"Colisão transversal";"Com Vítimas Feridas";"Pleno dia";"Decrescente";"Céu Claro";"Simples";"Reta";"Sim";3;0;3;0;0;0;3;2;-6,9021572;-38,56306905;"SPRF-PB";"DEL03-PB";"UOP03-DEL03-PB"
382217;2021-09-08;"quarta-feira";"08:10:00";"DF";20;17;"BRASILIA";"Ausência de reação do condutor";"Colisão traseira";"Com Vítimas Feridas";"Pleno dia";"Decrescente";"Céu Claro";"Dupla";"Reta";"Sim";2;0;1;0;1;0;1;2;-15,621374;-47,71698;"SPRF-DF";"DEL02-DF";"UOP01-DEL02-DF"
382219;2021-09-08;"quarta-feira";"08:30:00";"PR";376;660;"TIJUCAS DO SUL";"Velocidade Incompatível";"Capotamento";"Com Vítimas Feridas";"Pleno dia";"Decrescente";"Garoa/Chuvisco";"Dupla";"Curva";"Sim";1;0;1;0;0;0;1;1;-25,8516758;-49,00332398;"SPRF-PR";"DEL01-PR";"UOP04-DEL01-PR"
382220;2021-09-08;"quarta-feira";"08:45:00";"PR";116;9,9;"COLOMBO";"Problema na suspensão";"Saída de leito carroçável";"Com Vítimas Feridas";"Pleno dia";"Crescente";"Nublado";"Dupla";"Reta";"Sim";2;0;2;0;0;0;2;1;-25,3708;-49,1246;"SPRF-PR";"DEL01-PR";"UOP02-DEL01-PR"
382221;2021-09-08;"quarta-feira";"08:20:00";"DF";20;17;"BRASILIA";"Trafegar com motocicleta (ou similar) entre as faixas";"Colisão traseira";"Com Vítimas Feridas";"Pleno dia";"Decrescente";"Céu Claro";"Dupla";"Declive";"Sim";2;0;1;0;1;0;1;2;-15,621374;-47,71698;"SPRF-DF";"DEL02-DF";"UOP01-DEL02-DF"
382223;2021-09-08;"quarta-feira";"08:50:00";"SC";101;191;"BIGUACU";"Pista Escorregadia";"Colisão com objeto";"Com Vítimas Feridas";"Pleno dia";"Decrescente";"Garoa/Chuvisco";"Dupla";"Curva";"Não";1;0;1;0;0;0;1;1;-27,47730273;-48,64127329;"SPRF-SC";"DEL01-SC";"UOP01-DEL01-SC"
382225;2021-09-08;"quarta-feira";"08:15:00";"SP";116;34,6;"CRUZEIRO";"Ausência de reação do condutor";"Tombamento";"Com Vítimas Feridas";"Pleno dia";"Decrescente";"Sol";"Múltipla";"Curva";"Sim";2;0;2;0;0;0;2;1;-22,65447396;-44,95940103;"SPRF-SP";"DEL08-SP";"UOP02-DEL08-SP"
382227;2021-09-08;"quarta-feira";"08:00:00";"RO";364;713;"PORTO VELHO";"Acessar a via sem observar a presença dos outros veículos";"Atropelamento de Pedestre";"Com Vítimas Feridas";"Pleno dia";"Crescente";"Céu Claro";"Dupla";"Reta";"Sim";2;0;0;1;0;1;1;2;-8,77331583;-63,87969248;"SPRF-RO";"DEL01-RO";"UOP01-DEL01-RO"
382228;2021-09-08;"quarta-feira";"08:50:00";"MG";116;524;"CARATINGA";"Desrespeitar a preferência no cruzamento";"Colisão transversal";"Com Vítimas Feridas";"Pleno dia";"Crescente";"Nublado";"Simples";"Retorno Regulamentado";"Sim";2;0;0;1;1;0;1;2;-19,74856891;-42,13279366;"SPRF-MG";"DEL06-MG";"UOP02-DEL06-MG"
382232;2021-09-08;"quarta-feira";"09:30:00";"DF";70;8;"BRASILIA";"Acessar a via sem observar a presença dos outros veículos";"Colisão transversal";"Com Vítimas Feridas";"Pleno dia";"Crescente";"Céu Claro";"Dupla";"Reta";"Sim";2;0;1;0;1;0;1;2;-15,784966;-48,122108;"SPRF-DF";"DEL03-DF";"UOP02-DEL03-DF"
382233;2021-09-08;"quarta-feira";"09:40:00";"RJ";116;26,8;"SAPUCAIA";"Velocidade Incompatível";"Tombamento";"Com Vítimas Feridas";"Pleno dia";"Crescente";"Céu Claro";"Simples";"Curva";"Não";1;0;1;0;0;0;1;1;-22,04634998;-42,7844458;"SPRF-RJ";"DEL04-RJ";"UOP01-DEL04-RJ"
382234;2021-09-08;"quarta-feira";"09:50:00";"SE";101;112;"SAO CRISTOVAO";"Acumulo de água sobre o pavimento";"Capotamento";"Com Vítimas Feridas";"Pleno dia";"Decrescente";"Garoa/Chuvisco";"Dupla";"Curva";"Não";1;0;1;0;0;0;1;1;-10,98417027;-37,29054761;"SPRF-SE";"DEL02-SE";"UOP01-DEL02-SE"
382235;2021-09-08;"quarta-feira";"07:15:00";"SC";282;162,7;"BOM RETIRO";"Condutor Dormindo";"Colisão lateral sentido oposto";"Com Vítimas Feridas";"Pleno dia";"Decrescente";"Nublado";"Simples";"Reta";"Não";2;0;1;0;1;0;1;2;-27,729252;-49,77306;"SPRF-SC";"DEL05-SC";"UOP01-DEL05-SC"
382236;2021-09-08;"quarta-feira";"08:50:00";"PA";163;999;"SANTAREM";"Condutor deixou de manter distância do veículo da frente";"Engavetamento";"Sem Vítimas";"Pleno dia";"Crescente";"Céu Claro";"Simples";"Reta";"Sim";9;0;0;0;9;0;0;6;-2,47495181;-54,72983658;"SPRF-PA";"DEL05-PA";"UOP01-DEL05-PA"
382238;2021-09-08;"quarta-feira";"10:00:00";"DF";70;3,7;"BRASILIA";"Reação tardia ou ineficiente do condutor";"Engavetamento";"Com Vítimas Feridas";"Pleno dia";"Decrescente";"Céu Claro";"Dupla";"Reta";"Sim";3;0;1;0;2;0;1;3;-15,802453;-48,080387;"SPRF-DF";"DEL03-DF";"UOP02-DEL03-DF"
382239;2021-04-29;"quinta-feira";"17:50:00";"RO";364;346;"JI-PARANA";"Ausência de reação do condutor";"Colisão traseira";"Com Vítimas Feridas";"Pleno dia";"Crescente";"Céu Claro";"Dupla";"Curva";"Não";2;0;0;1;1;0;1;2;-10,865874;-61,968647;"SPRF-RO";"DEL02-RO";"UOP01-DEL02-RO"
382240;2021-09-08;"quarta-feira";"10:15:00";"RJ";116;268;"BARRA MANSA";"Condutor deixou de manter distância do veículo da frente";"Colisão traseira";"Sem Vítimas";"Pleno dia";"Decrescente";"Céu Claro";"Dupla";"Em Obras;Curva";"Não";5;0;0;0;5;0;0;3;-22,58240306;-44,11006543;"SPRF-RJ";"DEL07-RJ";"UOP02-DEL07-RJ"
382241;2021-09-08;"quarta-feira";"08:20:00";"PR";376;2;"APUCARANA";"Condutor deixou de manter distância do veículo da frente";"Colisão traseira";"Com Vítimas Feridas";"Pleno dia";"Crescente";"Céu Claro";"Simples";"Reta";"Sim";3;0;2;0;0;1;2;2;-23,5513;-51,461266;"SPRF-PR";"DEL07-PR";"UOP03-DEL07-PR"
382244;2021-08-28;"sábado";"06:15:00";"GO";40;2,4;"VALPARAISO DE GOIAS";"Reação tardia ou ineficiente do condutor";"Colisão traseira";"Com Vítimas Feridas";"Pleno dia";"Decrescente";"Céu Claro";"Dupla";"Reta";"Sim";2;0;1;0;1;0;1;2;-16,067129;-47,984235;"SPRF-DF";"DEL01-DF";"UOP01-DEL01-DF"
382245;2021-09-08;"quarta-feira";"10:30:00";"RJ";393;286,4;"VOLTA REDONDA";"Reação tardia ou ineficiente do condutor";"Colisão com objeto";"Com Vítimas Feridas";"Pleno dia";"Decrescente";"Céu Claro";"Simples";"Reta";"Sim";1;0;1;0;0;0;1;1;-22,49133996;-44,06505619;"SPRF-RJ";"DEL05-RJ";"UOP04-DEL05-RJ"
382247;2021-09-08;"quarta-feira";"08:40:00";"SC";282;54,9;"AGUAS MORNAS";"Velocidade Incompatível";"Colisão frontal";"Com Vítimas Fatais";"Pleno dia";"Crescente";"Chuva";"Simples";"Reta";"Não";3;2;0;0;1;0;0;2;-27,6892428;-48,9831077;"SPRF-SC";"DEL01-SC";"UOP03-DEL01-SC"
382248;2021-09-08;"quarta-feira";"11:00:00";"SC";282;54,4;"AGUAS MORNAS";"Chuva";"Saída de leito carroçável";"Com Vítimas Feridas";"Pleno dia";"Decrescente";"Chuva";"Simples";"Curva";"Não";2;0;1;0;1;0;1;1;-27,685799;-48,974514;"SPRF-SC";"DEL01-SC";"UOP03-DEL01-SC"
382249;2021-09-08;"quarta-feira";"11:35:00";"PA";316;43;"SANTA IZABEL DO PARA";"Frear bruscamente";"Colisão traseira";"Sem Vítimas";"Pleno dia";"Crescente";"Céu Claro";"Dupla";"Reta";"Não";2;0;0;0;2;0;0;2;-1,27585585;-48,09602201;"SPRF-PA";"DEL01-PA";"UOP01-DEL01-PA"
382250;2021-09-08;"quarta-feira";"11:50:00";"MT";158;653,1;"NOVA XAVANTINA";"Condutor deixou de manter distância do veículo da frente";"Colisão lateral mesmo sentido";"Com Vítimas Feridas";"Pleno dia";"Crescente";"Céu Claro";"Dupla";"Reta";"Sim";3;0;2;0;1;0;2;2;-14,677501;-52,35897;"SPRF-MT";"DEL07-MT";"UOP01-DEL07-MT"
382251;2021-09-08;"quarta-feira";"10:45:00";"RJ";101;398;"ITAGUAI";"Velocidade Incompatível";"Tombamento";"Com Vítimas Feridas";"Pleno dia";"Decrescente";"Céu Claro";"Múltipla";"Curva";"Sim";1;0;0;1;0;0;1;1;-22,86787912;-43,74862922;"SPRF-RJ";"DEL03-RJ";"UOP01-DEL03-RJ"
382253;2021-09-08;"quarta-feira";"12:00:00";"SP";116;212;"GUARULHOS";"Ausência de sinalização";"Colisão traseira";"Com Vítimas Feridas";"Pleno dia";"Decrescente";"Céu Claro";"Simples";"Reta";"Não";2;0;1;0;1;0;1;2;-23,43608315;-46,42805094;"SPRF-SP";"DEL01-SP";"UOP01-DEL01-SP"
382254;2021-09-08;"quarta-feira";"11:07:00";"BA";324;531;"FEIRA DE SANTANA";"Ausência de reação do condutor";"Tombamento";"Com Vítimas Feridas";"Pleno dia";"Decrescente";"Sol";"Dupla";"Reta";"Não";2;0;1;0;1;0;1;1;-12,344792;-38,83956;"SPRF-BA";"DEL01-BA";"UOP03-DEL01-BA"
382256;2021-09-08;"quarta-feira";"12:30:00";"PR";476;119;"COLOMBO";"Reação tardia ou ineficiente do condutor";"Colisão traseira";"Com Vítimas Feridas";"Pleno dia";"Crescente";"Céu Claro";"Múltipla";"Reta";"Sim";3;0;1;0;2;0;1;3;-25,364202;-49,185825;"SPRF-PR";"DEL01-PR";"UOP02-DEL01-PR"
382258;2021-09-08;"quarta-feira";"10:45:00";"PR";277;466;"LARANJEIRAS DO SUL";"Condutor deixou de manter distância do veículo da frente";"Colisão frontal";"Com Vítimas Feridas";"Pleno dia";"Crescente";"Chuva";"Simples";"Curva";"Não";5;0;1;1;3;0;2;4;-25,35433409;-52,48223603;"SPRF-PR";"DEL04-PR";"UOP02-DEL04-PR"
382260;2021-07-07;"quarta-feira";"17:00:00";"GO";158;184;"CAIAPONIA";"Fumaça";"Colisão traseira";"Com Vítimas Feridas";"Pleno dia";"Decrescente";"Céu Claro";"Simples";"Reta";"Não";7;0;1;1;4;1;2;3;-17,162698;-51,889219;"SPRF-GO";"DEL05-GO";"UOP01-DEL05-GO"
382261;2021-07-25;"domingo";"19:27:00";"PR";376;601,1;"CURITIBA";"Manobra de mudança de faixa";"Colisão lateral mesmo sentido";"Com Vítimas Feridas";"Plena Noite";"Decrescente";"Ignorado";"Dupla";"Reta";"Sim";2;0;0;1;1;0;1;2;-25,537054;-49,31404;"SPRF-PR";"DEL01-PR";"UOP01-DEL01-PR"
382263;2021-02-06;"sábado";"20:10:00";"PE";232;5;"RECIFE";"Transitar na contramão";"Eventos atípicos";"Com Vítimas Feridas";"Plena Noite";"Crescente";"Céu Claro";"Múltipla";"Viaduto";"Sim";3;0;1;1;1;0;2;3;-8,06795766;-34,94535414;"SPRF-PE";"DEL01-PE";"UOP01-DEL01-PE"
382264;2021-09-08;"quarta-feira";"12:50:00";"SC";101;155;"PORTO BELO";"Frear bruscamente";"Colisão com objeto";"Com Vítimas Feridas";"Pleno dia";"Crescente";"Chuva";"Simples";"Viaduto";"Não";1;0;1;0;0;0;1;1;-27,16292;-48,61129;"SPRF-SC";"DEL04-SC";"UOP03-DEL04-SC"
382265;2021-09-08;"quarta-feira";"13:00:00";"SC";101;127,1;"ITAJAI";"Reação tardia ou ineficiente do condutor";"Queda de ocupante de veículo";"Com Vítimas Feridas";"Pleno dia";"Crescente";"Chuva";"Dupla";"Reta";"Não";1;0;1;0;0;0;1;1;-26,9639319;-48,68328024;"SPRF-SC";"DEL04-SC";"UOP04-DEL04-SC"
382266;2021-09-08;"quarta-feira";"13:10:00";"BA";324;624;"SALVADOR";"Condutor deixou de manter distância do veículo da frente";"Colisão traseira";"Com Vítimas Feridas";"Pleno dia";"Decrescente";"Céu Claro";"Dupla";"Reta";"Sim";5;0;4;0;0;1;4;2;-12,933839;-38,47190701;"SPRF-BA";"DEL01-BA";"UOP01-DEL01-BA"
382268;2021-09-08;"quarta-feira";"12:30:00";"RN";427;95,9;"CAICO";"Reação tardia ou ineficiente do condutor";"Colisão lateral mesmo sentido";"Com Vítimas Feridas";"Pleno dia";"Crescente";"Céu Claro";"Simples";"Reta";"Sim";2;0;2;0;0;0;2;2;-6,47291384;-37,07509252;"SPRF-RN";"DEL03-RN";"UOP01-DEL03-RN"
382272;2021-09-08;"quarta-feira";"14:00:00";"SC";101;13,7;"GARUVA";"Condutor deixou de manter distância do veículo da frente";"Colisão traseira";"Com Vítimas Feridas";"Pleno dia";"Decrescente";"Garoa/Chuvisco";"Dupla";"Reta";"Não";2;0;1;0;1;0;1;2;-26,08986803;-48,86345096;"SPRF-SC";"DEL03-SC";"UOP01-DEL03-SC"
382273;2021-09-08;"quarta-feira";"13:30:00";"PE";101;80,8;"JABOATAO DOS GUARARAPES";"Reação tardia ou ineficiente do condutor";"Colisão lateral mesmo sentido";"Sem Vítimas";"Pleno dia";"Crescente";"Céu Claro";"Múltipla";"Reta";"Sim";2;0;0;0;2;0;0;2;-8,154427;-34,941662;"SPRF-PE";"DEL01-PE";"UOP01-DEL01-PE"
382274;2021-09-08;"quarta-feira";"14:10:00";"RS";101;71,3;"OSORIO";"Reação tardia ou ineficiente do condutor";"Saída de leito carroçável";"Com Vítimas Feridas";"Pleno dia";"Decrescente";"Chuva";"Dupla";"Curva";"Não";1;0;1;0;0;0;1;1;-29,759604;-50,21723;"SPRF-RS";"DEL03-RS";"UOP01-DEL03-RS"
382278;2021-09-08;"quarta-feira";"13:45:00";"MA";316;611,4;"TIMON";"Desrespeitar a preferência no cruzamento";"Colisão transversal";"Com Vítimas Feridas";"Pleno dia";"Crescente";"Céu Claro";"Simples";"Rotatória";"Não";2;0;0;1;1;0;1;2;-5,072684;-42,868118;"SPRF-MA";"DEL03-MA";"UOP02-DEL03-MA"
382279;2021-09-08;"quarta-feira";"14:30:00";"SP";116;354,9;"MIRACATU";"Ausência de reação do condutor";"Tombamento";"Com Vítimas Feridas";"Pleno dia";"Decrescente";"Nublado";"Dupla";"Curva";"Não";1;0;1;0;0;0;1;1;-24,07491092;-47,24973213;"SPRF-SP";"DEL04-SP";"UOP02-DEL04-SP"
382280;2021-09-08;"quarta-feira";"13:40:00";"PI";316;3,3;"TERESINA";"Acessar a via sem observar a presença dos outros veículos";"Colisão transversal";"Sem Vítimas";"Pleno dia";"Decrescente";"Céu Claro";"Dupla";"Interseção de Vias";"Sim";2;0;0;0;1;1;0;2;-5,12826443;-42,79292384;"SPRF-PI";"DEL01-PI";"UOP02-DEL01-PI"
382281;2021-09-08;"quarta-feira";"11:30:00";"RO";364;11;"VILHENA";"Acessar a via sem observar a presença dos outros veículos";"Colisão transversal";"Com Vítimas Feridas";"Pleno dia";"Decrescente";"Céu Claro";"Simples";"Reta";"Sim";2;0;1;0;1;0;1;2;-12,74605898;-60,11270299;"SPRF-RO";"DEL04-RO";"UOP01-DEL04-RO"
382282;2021-09-03;"sexta-feira";"16:30:00";"MG";459;97,6;"POUSO ALEGRE";"Acessar a via sem observar a presença dos outros veículos";"Colisão lateral mesmo sentido";"Com Vítimas Feridas";"Pleno dia";"Decrescente";"Céu Claro";"Dupla";"Retorno Regulamentado;Reta";"Não";2;0;1;0;1;0;1;2;-22,2037868;-45,94479627;"SPRF-MG";"DEL16-MG";"UOP01-DEL16-MG"
382283;2021-09-08;"quarta-feira";"14:00:00";"MG";40;524,5;"RIBEIRAO DAS NEVES";"Condutor Dormindo";"Colisão com objeto";"Com Vítimas Feridas";"Pleno dia";"Crescente";"Céu Claro";"Dupla";"Curva";"Sim";1;0;1;0;0;0;1;1;-19,8754469;-44,05345586;"SPRF-MG";"DEL01-MG";"UOP02-DEL01-MG"
382284;2021-09-08;"quarta-feira";"10:30:00";"SC";153;58,7;"IRANI";"Acessar a via sem observar a presença dos outros veículos";"Colisão transversal";"Com Vítimas Feridas";"Pleno dia";"Decrescente";"Chuva";"Simples";"Interseção de Vias;Rotatória;Curva";"Não";2;0;0;1;1;0;1;2;-26,96972387;-51,85439641;"SPRF-SC";"DEL07-SC";"UOP04-DEL07-SC"
382286;2021-09-08;"quarta-feira";"15:00:00";"MG";381;844,2;"SAO SEBASTIAO DA BELA VISTA";"Acessar a via sem observar a presença dos outros veículos";"Colisão traseira";"Com Vítimas Feridas";"Pleno dia";"Decrescente";"Sol";"Dupla";"Reta";"Sim";2;0;0;1;1;0;1;2;-22,229838;-45,876144;"SPRF-MG";"DEL16-MG";"UOP01-DEL16-MG"
382288;2021-09-08;"quarta-feira";"14:35:00";"PA";316;26,2;"BENEVIDES";"Transitar na calçada";"Atropelamento de Pedestre";"Com Vítimas Fatais";"Pleno dia";"Crescente";"Céu Claro";"Dupla";"Reta";"Não";3;1;0;0;1;1;0;3;-1,3252697;-48,232117;"SPRF-PA";"DEL01-PA";"UOP01-DEL01-PA"
382290;2021-09-08;"quarta-feira";"15:20:00";"PR";277;692;"SAO MIGUEL DO IGUACU";"Chuva";"Saída de leito carroçável";"Com Vítimas Feridas";"Pleno dia";"Decrescente";"Chuva";"Dupla";"Declive";"Não";1;0;1;0;0;0;1;1;-25,36774473;-54,26181715;"SPRF-PR";"DEL05-PR";"UOP01-DEL05-PR"
382291;2021-09-08;"quarta-feira";"15:00:00";"GO";60;88,2;"ANAPOLIS";"Acessar a via sem observar a presença dos outros veículos";"Tombamento";"Com Vítimas Feridas";"Pleno dia";"Decrescente";"Céu Claro";"Múltipla";"Interseção de Vias";"Sim";1;0;1;0;0;0;1;1;-16,3315;-48,8885;"SPRF-GO";"DEL02-GO";"UOP01-DEL02-GO"
382293;2021-09-08;"quarta-feira";"15:50:00";"PE";232;22;"MORENO";"Animais na Pista";"Atropelamento de Animal";"Com Vítimas Feridas";"Pleno dia";"Decrescente";"Sol";"Dupla";"Reta";"Não";1;0;1;0;0;0;1;1;-8,09712273;-35,088592;"SPRF-PE";"DEL01-PE";"UOP01-DEL01-PE"
382295;2021-09-08;"quarta-feira";"16:10:00";"PR";277;71;"SAO JOSE DOS PINHAIS";"Condutor deixou de manter distância do veículo da frente";"Colisão traseira";"Com Vítimas Feridas";"Pleno dia";"Crescente";"Céu Claro";"Dupla";"Reta";"Sim";2;0;1;0;1;0;1;2;-25,50895485;-49,1335916;"SPRF-PR";"DEL01-PR";"UOP01-DEL01-PR"
382296;2021-09-08;"quarta-feira";"11:35:00";"SC";282;446;"PONTE SERRADA";"Velocidade Incompatível";"Tombamento";"Com Vítimas Feridas";"Pleno dia";"Decrescente";"Nublado";"Simples";"Curva";"Não";2;0;1;0;1;0;1;1;-26,910217;-51,914951;"SPRF-SC";"DEL07-SC";"UOP04-DEL07-SC"
382297;2021-09-08;"quarta-feira";"16:15:00";"PR";277;72;"SAO JOSE DOS PINHAIS";"Reação tardia ou ineficiente do condutor";"Queda de ocupante de veículo";"Com Vítimas Feridas";"Pleno dia";"Crescente";"Céu Claro";"Múltipla";"Reta";"Não";2;0;2;0;0;0;2;1;-25,52522628;-49,09755612;"SPRF-PR";"DEL01-PR";"UOP01-DEL01-PR"
382298;2021-09-08;"quarta-feira";"14:30:00";"SC";101;57,1;"ARAQUARI";"Obstrução na via";"Eventos atípicos";"Com Vítimas Feridas";"Pleno dia";"Decrescente";"Garoa/Chuvisco";"Dupla";"Reta";"Não";5;0;2;0;2;1;2;2;-26,43646093;-48,81113029;"SPRF-SC";"DEL03-SC";"UOP01-DEL03-SC"
382300;2021-09-08;"quarta-feira";"17:00:00";"PR";376;241,2;"APUCARANA";"Acumulo de água sobre o pavimento";"Saída de leito carroçável";"Com Vítimas Feridas";"Pleno dia";"Crescente";"Chuva";"Dupla";"Declive";"Não";1;0;1;0;0;0;1;1;-23,58168461;-51,42681594;"SPRF-PR";"DEL07-PR";"UOP02-DEL07-PR"
382305;2021-09-08;"quarta-feira";"14:15:00";"RJ";101;439;"MANGARATIBA";"Conversão proibida";"Colisão traseira";"Com Vítimas Feridas";"Pleno dia";"Decrescente";"Céu Claro";"Simples";"Reta";"Não";3;0;2;0;1;0;2;2;-22,95169979;-44,08381404;"SPRF-RJ";"DEL03-RJ";"UOP03-DEL03-RJ"
382306;2021-09-08;"quarta-feira";"16:45:00";"DF";251;36;"BRASILIA";"Ausência de reação do condutor";"Saída de leito carroçável";"Com Vítimas Feridas";"Pleno dia";"Crescente";"Céu Claro";"Dupla";"Reta";"Não";2;0;0;2;0;0;2;1;-15,945373;-47,793561;"SPRF-DF";"DEL01-DF";"UOP01-DEL01-DF"
382307;2021-09-08;"quarta-feira";"18:00:00";"MG";381;5;"BETIM";"Avarias e/ou desgaste excessivo no pneu";"Queda de ocupante de veículo";"Com Vítimas Feridas";"Plena Noite";"Decrescente";"Céu Claro";"Dupla";"Curva";"Sim";2;0;2;0;0;0;2;1;-19,96825;-44,198708;"SPRF-MG";"DEL01-MG";"UOP03-DEL01-MG"
382308;2021-07-09;"sexta-feira";"18:40:00";"PA";163;987;"SANTAREM";"Acessar a via sem observar a presença dos outros veículos";"Colisão transversal";"Com Vítimas Feridas";"Plena Noite";"Decrescente";"Nublado";"Simples";"Reta";"Não";2;0;1;0;1;0;1;2;-2,583771;-54,720398;"SPRF-PA";"DEL05-PA";"UOP01-DEL05-PA"
382309;2021-09-08;"quarta-feira";"17:50:00";"PR";376;241;"APUCARANA";"Acumulo de água sobre o pavimento";"Saída de leito carroçável";"Sem Vítimas";"Pleno dia";"Crescente";"Chuva";"Dupla";"Declive";"Não";1;0;0;0;1;0;0;1;-23,58168461;-51,42681594;"SPRF-PR";"DEL07-PR";"UOP02-DEL07-PR"
382310;2021-09-08;"quarta-feira";"15:45:00";"RS";116;385;"ARAMBARE";"Avarias e/ou desgaste excessivo no pneu";"Saída de leito carroçável";"Sem Vítimas";"Pleno dia";"Decrescente";"Chuva";"Dupla";"Reta";"Não";1;0;0;0;1;0;0;1;-30,80196293;-51,68141807;"SPRF-RS";"DEL02-RS";"UOP02-DEL02-RS"
382311;2021-09-08;"quarta-feira";"18:20:00";"BA";324;615;"SALVADOR";"Condutor deixou de manter distância do veículo da frente";"Colisão traseira";"Com Vítimas Feridas";"Plena Noite";"Crescente";"Nublado";"Dupla";"Reta";"Não";3;0;1;0;2;0;1;2;-12,88343302;-38,43463898;"SPRF-BA";"DEL01-BA";"UOP01-DEL01-BA"
382312;2021-09-08;"quarta-feira";"18:50:00";"RJ";116;175;"NOVA IGUACU";"Condutor deixou de manter distância do veículo da frente";"Colisão traseira";"Com Vítimas Feridas";"Plena Noite";"Crescente";"Céu Claro";"Múltipla";"Reta";"Sim";2;0;1;0;1;0;1;2;-22,75957636;-43,42592418;"SPRF-RJ";"DEL01-RJ";"UOP02-DEL01-RJ"
382313;2021-09-08;"quarta-feira";"18:40:00";"RS";116;247;"SAO LEOPOLDO";"Condutor deixou de manter distância do veículo da frente";"Colisão traseira";"Sem Vítimas";"Plena Noite";"Decrescente";"Céu Claro";"Dupla";"Reta";"Sim";2;0;0;0;2;0;0;2;-29,76991395;-51,15330627;"SPRF-RS";"DEL01-RS";"UOP02-DEL01-RS"
382314;2021-09-08;"quarta-feira";"18:00:00";"BA";330;830,4;"IPIAU";"Transitar na contramão";"Colisão frontal";"Com Vítimas Fatais";"Plena Noite";"Crescente";"Céu Claro";"Simples";"Curva";"Não";2;2;0;0;0;0;0;2;-14,08149106;-39,78114237;"SPRF-BA";"DEL03-BA";"UOP01-DEL03-BA"