"id";"data_inversa";"dia_semana";"horario";"uf";"br";"km";"municipio";"causa_acidente";"tipo_acidente";"classificacao_acidente";"fase_dia";"sentido_via";"condicao_metereologica";"tipo_pista";"tracado_via";"uso_solo";"pessoas";"mortos";"feridos_leves";"feridos_graves";"ilesos";"ignorados";"feridos";"veiculos";"latitude";"longitude";"regional";"delegacia";"uop"
382315;2021-09-08;"quarta-feira";"18:25:00";"GO";40;10;"LUZIANIA";"Acumulo de óleo sobre o pavimento";"Queda de ocupante de veículo";"Com Vítimas Feridas";"Plena Noite";"Crescente";"Céu Claro";"Dupla";"Reta";"Não";2;0;1;0;1;0;1;1;-16,131285;-47,957923;"SPRF-DF";"DEL01-DF";"UOP01-DEL01-DF"
382316;2021-09-08;"quarta-feira";"16:05:00";"ES";262;174,5;"IBATIBA";"Ingestão de álcool pelo condutor";"Saída de leito carroçável";"Sem Vítimas";"Pleno dia";"Decrescente";"Nublado";"Simples";"Aclive;Reta";"Não";1;0;0;0;1;0;0;1;-20,27069252;-41,62018606;"SPRF-ES";"DEL01-ES";"UOP02-DEL01-ES"
382317;2021-09-08;"quarta-feira";"18:55:00";"RJ";116;258,6;"VOLTA REDONDA";"Reação tardia ou ineficiente do condutor";"Saída de leito carroçável";"Com Vítimas Feridas";"Plena Noite";"Decrescente";"Céu Claro";"Simples";"Reta";"Não";1;0;1;0;0;0;1;1;-22,59003872;-44,08403796;"SPRF-RJ";"DEL07-RJ";"UOP02-DEL07-RJ"
382318;2021-09-08;"quarta-feira";"18:40:00";"ES";101;297,9;"VIANA";"Condutor deixou de manter distância do veículo da frente";"Colisão traseira";"Com Vítimas Feridas";"Plena Noite";"Decrescente";"Céu Claro";"Dupla";"Reta";"Sim";4;0;1;1;2;0;2;2;-20,35134658;-40,41322947;"SPRF-ES";"DEL01-ES";"UOP01-DEL01-ES"
382319;2021-09-08;"quarta-feira";"18:45:00";"ES";101;146,5;"LINHARES";"Conversão proibida";"Colisão transversal";"Com Vítimas Feridas";"Plena Noite";"Decrescente";"Céu Claro";"Simples";"Interseção de Vias";"Sim";2;0;1;0;1;0;1;2;-19,36990998;-40,06560718;"SPRF-ES";"DEL04-ES";"UOP01-DEL04-ES"
382320;2021-09-08;"quarta-feira";"17:30:00";"AL";101;176,2;"TEOTONIO VILELA";"Animais na Pista";"Atropelamento de Animal";"Com Vítimas Feridas";"Plena Noite";"Crescente";"Céu Claro";"Dupla";"Reta";"Sim";1;0;0;1;0;0;1;1;-9,89398192;-36,37454896;"SPRF-AL";"DEL02-AL";"UOP02-DEL02-AL"
382322;2021-09-08;"quarta-feira";"16:30:00";"PR";277;684,5;"SAO MIGUEL DO IGUACU";"Velocidade Incompatível";"Capotamento";"Com Vítimas Feridas";"Pleno dia";"Crescente";"Garoa/Chuvisco";"Dupla";"Declive";"Não";2;0;2;0;0;0;2;1;-25,33864563;-54,19917133;"SPRF-PR";"DEL05-PR";"UOP01-DEL05-PR"
382323;2021-09-08;"quarta-feira";"19:15:00";"SP";116;272;"TABOAO DA SERRA";"Trafegar com motocicleta (ou similar) entre as faixas";"Tombamento";"Com Vítimas Feridas";"Pleno dia";"Decrescente";"Céu Claro";"Múltipla";"Reta";"Sim";1;0;1;0;0;0;1;1;-23,621691;-46,813288;"SPRF-SP";"DEL04-SP";"UOP01-DEL04-SP"
382324;2021-09-08;"quarta-feira";"19:10:00";"SC";101;216;"PALHOCA";"Acessar a via sem observar a presença dos outros veículos";"Atropelamento de Pedestre";"Com Vítimas Feridas";"Plena Noite";"Crescente";"Chuva";"Múltipla";"Reta";"Sim";2;0;0;1;1;0;1;2;-27,66069747;-48,67718313;"SPRF-SC";"DEL01-SC";"UOP02-DEL01-SC"
382326;2021-09-08;"quarta-feira";"18:00:00";"PR";277;14;"PARANAGUA";"Acumulo de água sobre o pavimento";"Queda de ocupante de veículo";"Com Vítimas Feridas";"Plena Noite";"Decrescente";"Chuva";"Dupla";"Reta";"Não";1;0;1;0;0;0;1;1;-25,56736115;-48,62555071;"SPRF-PR";"DEL01-PR";"UOP05-DEL01-PR"
382328;2021-09-08;"quarta-feira";"19:00:00";"MS";163;258,2;"DOURADOS";"Velocidade Incompatível";"Colisão transversal";"Com Vítimas Feridas";"Plena Noite";"Decrescente";"Céu Claro";"Dupla";"Rotatória";"Sim";2;0;1;0;1;0;1;2;-22,25789718;-54,78217905;"SPRF-MS";"DEL04-MS";"UOP01-DEL04-MS"
382331;2021-09-08;"quarta-feira";"13:15:00";"RJ";116;169;"SAO JOAO DE MERITI";"Manobra de mudança de faixa";"Colisão com objeto";"Com Vítimas Feridas";"Pleno dia";"Crescente";"Céu Claro";"Múltipla";"Reta";"Sim";1;0;1;0;0;0;1;1;-22,816206;-43,324463;"SPRF-RJ";"DEL01-RJ";"UOP02-DEL01-RJ"
382332;2021-09-08;"quarta-feira";"15:20:00";"SC";101;91;"BARRA VELHA";"Ausência de reação do condutor";"Colisão com objeto";"Com Vítimas Feridas";"Pleno dia";"Crescente";"Céu Claro";"Simples";"Reta";"Não";1;0;1;0;0;0;1;1;-26,67120698;-48,69011814;"SPRF-SC";"DEL03-SC";"UOP02-DEL03-SC"
382333;2021-09-08;"quarta-feira";"19:30:00";"PR";369;234,8;"JANDAIA DO SUL";"Reação tardia ou ineficiente do condutor";"Colisão frontal";"Com Vítimas Feridas";"Pleno dia";"Crescente";"Céu Claro";"Simples";"Reta";"Não";2;0;1;0;1;0;1;2;-23,64295168;-51,68174744;"SPRF-PR";"DEL09-PR";"UOP01-DEL09-PR"
382336;2021-09-08;"quarta-feira";"18:50:00";"PR";369;64,8;"BANDEIRANTES";"Objeto estático sobre o leito carroçável";"Colisão com objeto";"Com Vítimas Fatais";"Plena Noite";"Decrescente";"Vento";"Simples";"Reta";"Não";3;1;0;0;1;1;0;3;-23,12998463;-50,44857502;"SPRF-PR";"DEL07-PR";"UOP01-DEL07-PR"
382337;2021-09-08;"quarta-feira";"18:55:00";"PR";467;109;"CASCAVEL";"Velocidade Incompatível";"Saída de leito carroçável";"Com Vítimas Feridas";"Plena Noite";"Decrescente";"Céu Claro";"Dupla";"Curva";"Não";6;0;2;0;4;0;2;2;-24,9261;-53,4589;"SPRF-PR";"DEL04-PR";"UOP01-DEL04-PR"
382339;2021-09-08;"quarta-feira";"19:00:00";"MA";135;43;"BACABEIRA";"Animais na Pista";"Atropelamento de Animal";"Com Vítimas Feridas";"Plena Noite";"Decrescente";"Céu Claro";"Dupla";"Reta";"Sim";1;0;1;0;0;0;1;1;-2,91264134;-44,35402453;"SPRF-MA";"DEL01-MA";"UOP01-DEL01-MA"
382341;2021-09-08;"quarta-feira";"19:00:00";"BA";110;311;"INHAMBUPE";"Acessar a via sem observar a presença dos outros veículos";"Colisão traseira";"Com Vítimas Fatais";"Plena Noite";"Crescente";"Céu Claro";"Simples";"Reta";"Não";2;1;0;0;1;0;0;2;-12,00087708;-38,36487111;"SPRF-BA";"DEL01-BA";"UOP04-DEL01-BA"
382342;2021-09-08;"quarta-feira";"21:40:00";"GO";70;10;"AGUAS LINDAS DE GOIAS";"Condutor Dormindo";"Saída de leito carroçável";"Com Vítimas Feridas";"Plena Noite";"Crescente";"Céu Claro";"Dupla";"Reta";"Sim";1;0;1;0;0;0;1;1;-15,73738129;-48,29228118;"SPRF-DF";"DEL03-DF";"UOP02-DEL03-DF"
382345;2021-09-08;"quarta-feira";"21:50:00";"BA";101;948,8;"MUCURI";"Animais na Pista";"Atropelamento de Animal";"Com Vítimas Feridas";"Plena Noite";"Crescente";"Céu Claro";"Simples";"Reta";"Não";1;0;0;1;0;0;1;1;-18,16840196;-39,91873914;"SPRF-BA";"DEL09-BA";"UOP02-DEL09-BA"
382346;2021-09-08;"quarta-feira";"20:00:00";"TO";153;690;"GURUPI";"Ingestão de álcool pelo condutor";"Colisão lateral sentido oposto";"Sem Vítimas";"Plena Noite";"Crescente";"Céu Claro";"Simples";"Reta";"Não";2;0;0;0;2;0;0;2;-11,87110699;-49,15663002;"SPRF-TO";"DEL01-TO";"UOP02-DEL01-TO"
382349;2021-09-08;"quarta-feira";"23:10:00";"MG";262;360,5;"BETIM";"Velocidade Incompatível";"Tombamento";"Com Vítimas Feridas";"Plena Noite";"Crescente";"Céu Claro";"Dupla";"Curva";"Não";2;0;0;2;0;0;2;1;-19,9830204;-44,20924834;"SPRF-MG";"DEL01-MG";"UOP03-DEL01-MG"
382351;2021-09-08;"quarta-feira";"23:10:00";"RS";386;357,8;"ESTRELA";"Ausência de reação do condutor";"Saída de leito carroçável";"Sem Vítimas";"Plena Noite";"Crescente";"Garoa/Chuvisco";"Dupla";"Reta";"Não";1;0;0;0;0;1;0;1;-29,528872;-51,928249;"SPRF-RS";"DEL04-RS";"UOP02-DEL04-RS"
382354;2021-09-08;"quarta-feira";"18:33:00";"PR";277;523,8;"GUARANIACU";"Obras na pista";"Colisão transversal";"Com Vítimas Feridas";"Plena Noite";"Crescente";"Nublado";"Simples";"Reta";"Sim";2;0;1;0;1;0;1;2;-25,11018112;-52,85167802;"SPRF-PR";"DEL04-PR";"UOP01-DEL04-PR"
382356;2021-09-08;"quarta-feira";"18:40:00";"MG";116;181;"CARAI";"Ultrapassagem Indevida";"Colisão frontal";"Com Vítimas Fatais";"Plena Noite";"Decrescente";"Céu Claro";"Simples";"Aclive";"Não";2;1;0;0;1;0;0;2;-17,09211716;-41,49168072;"SPRF-MG";"DEL11-MG";"UOP01-DEL11-MG"
382357;2021-09-09;"quinta-feira";"00:50:00";"ES";262;5,5;"CARIACICA";"Condutor desrespeitou a iluminação vermelha do semáforo";"Colisão transversal";"Com Vítimas Feridas";"Plena Noite";"Crescente";"Céu Claro";"Múltipla";"Reta";"Sim";2;0;1;0;0;1;1;2;-20,33834667;-40,39222425;"SPRF-ES";"DEL01-ES";"UOP01-DEL01-ES"
382358;2021-09-08;"quarta-feira";"20:30:00";"MT";163;736;"SORRISO";"Entrada inopinada do pedestre";"Atropelamento de Pedestre";"Com Vítimas Fatais";"Plena Noite";"Decrescente";"Céu Claro";"Simples";"Ponte";"Não";2;1;0;0;1;0;0;2;-12,673;-55,794;"SPRF-MT";"DEL06-MT";"UOP01-DEL06-MT"
382359;2021-09-08;"quarta-feira";"14:40:00";"SC";470;327,4;"CAMPOS NOVOS";"Velocidade Incompatível";"Colisão com objeto";"Com Vítimas Feridas";"Pleno dia";"Decrescente";"Chuva";"Simples";"Reta";"Não";4;0;3;0;1;0;3;1;-27,465645;-51,268574;"SPRF-SC";"DEL07-SC";"UOP06-DEL07-SC"
382362;2021-09-09;"quinta-feira";"02:37:00";"SC";101;190;"BIGUACU";"Velocidade Incompatível";"Colisão com objeto";"Sem Vítimas";"Plena Noite";"Crescente";"Nublado";"Dupla";"Curva";"Sim";1;0;0;0;0;1;0;1;-27,468056;-48,641712;"SPRF-SC";"DEL01-SC";"UOP01-DEL01-SC"
382363;2021-09-08;"quarta-feira";"20:23:00";"SC";101;280;"IMBITUBA";"Ausência de reação do condutor";"Saída de leito carroçável";"Sem Vítimas";"Plena Noite";"Crescente";"Nublado";"Dupla";"Reta";"Não";1;0;0;0;0;1;0;1;-28,17962805;-48,6956297;"SPRF-SC";"DEL02-SC";"UOP03-DEL02-SC"
382365;2021-09-09;"quinta-feira";"06:25:00";"RJ";116;107;"GUAPIMIRIM";"Transitar na contramão";"Colisão frontal";"Com Vítimas Feridas";"Pleno dia";"Decrescente";"Céu Claro";"Simples";"Reta";"Sim";2;0;1;0;1;0;1;2;-22,52826187;-42,99737551;"SPRF-RJ";"DEL04-RJ";"UOP02-DEL04-RJ"
382366;2021-09-09;"quinta-feira";"06:20:00";"GO";153;506,2;"APARECIDA DE GOIANIA";"Condutor deixou de manter distância do veículo da frente";"Queda de ocupante de veículo";"Com Vítimas Feridas";"Amanhecer";"Crescente";"Céu Claro";"Dupla";"Reta";"Sim";1;0;0;1;0;0;1;1;-16,7633;-49,24;"SPRF-GO";"DEL01-GO";"UOP01-DEL01-GO"
382370;2021-09-08;"quarta-feira";"16:28:00";"PR";376;4,6;"MANDAGUARI";"Conversão proibida";"Colisão transversal";"Com Vítimas Feridas";"Pleno dia";"Decrescente";"Céu Claro";"Dupla";"Reta";"Sim";2;0;0;1;1;0;1;2;-23,51984381;-51,68037415;"SPRF-PR";"DEL09-PR";"UOP01-DEL09-PR"
382373;2021-09-08;"quarta-feira";"20:35:00";"PB";230;146,8;"CAMPINA GRANDE";"Ausência de reação do condutor";"Queda de ocupante de veículo";"Com Vítimas Feridas";"Plena Noite";"Decrescente";"Chuva";"Dupla";"Declive";"Sim";2;0;0;1;0;1;1;1;-7,2468;-35,8484;"SPRF-PB";"DEL02-PB";"UOP01-DEL02-PB"
382374;2021-09-09;"quinta-feira";"06:00:00";"RO";364;699;"PORTO VELHO";"Afundamento ou ondulação no pavimento";"Tombamento";"Com Vítimas Feridas";"Amanhecer";"Decrescente";"Céu Claro";"Dupla";"Reta";"Não";1;0;0;1;0;0;1;1;-8,80102453;-63,76919746;"SPRF-RO";"DEL01-RO";"UOP01-DEL01-RO"
382376;2021-09-09;"quinta-feira";"05:00:00";"MA";135;44;"BACABEIRA";"Demais falhas mecânicas ou elétricas";"Saída de leito carroçável";"Sem Vítimas";"Amanhecer";"Decrescente";"Céu Claro";"Dupla";"Viaduto;Reta;Aclive";"Não";1;0;0;0;1;0;0;1;-2,9178575;-44,34673274;"SPRF-MA";"DEL01-MA";"UOP01-DEL01-MA"
382378;2021-09-09;"quinta-feira";"07:10:00";"GO";60;102;"ANAPOLIS";"Manobra de mudança de faixa";"Colisão lateral mesmo sentido";"Com Vítimas Feridas";"Pleno dia";"Decrescente";"Céu Claro";"Dupla";"Reta";"Sim";2;0;1;0;1;0;1;2;-16,406;-48,9831;"SPRF-GO";"DEL02-GO";"UOP01-DEL02-GO"
382379;2021-09-09;"quinta-feira";"07:30:00";"AP";210;1;"MACAPA";"Condutor deixou de manter distância do veículo da frente";"Colisão traseira";"Com Vítimas Feridas";"Pleno dia";"Decrescente";"Céu Claro";"Dupla";"Reta";"Sim";2;0;1;0;1;0;1;2;0,07816717;-51,06998693;"SPRF-AP";"DEL01-AP";"UOP01-DEL01-AP"
382380;2021-09-09;"quinta-feira";"06:00:00";"BA";20;134;"SAO DESIDERIO";"Pista em desnível";"Capotamento";"Com Vítimas Fatais";"Pleno dia";"Crescente";"Céu Claro";"Simples";"Reta";"Não";2;1;0;1;0;0;1;1;-12,92143;-45,979718;"SPRF-BA";"DEL10-BA";"UOP01-DEL10-BA"
382381;2021-09-09;"quinta-feira";"07:30:00";"RS";285;454,5;"IJUI";"Ultrapassagem Indevida";"Colisão transversal";"Com Vítimas Feridas";"Pleno dia";"Decrescente";"Céu Claro";"Simples";"Reta";"Não";3;0;2;0;1;0;2;2;-28,377092;-53,87043;"SPRF-RS";"DEL10-RS";"UOP01-DEL10-RS"
382382;2021-09-09;"quinta-feira";"05:00:00";"MG";365;789;"ITUIUTABA";"Demais falhas mecânicas ou elétricas";"Colisão com objeto";"Com Vítimas Feridas";"Amanhecer";"Crescente";"Céu Claro";"Simples";"Reta";"Não";1;0;1;0;0;0;1;1;-18,93899127;-49,80832589;"SPRF-MG";"DEL15-MG";"UOP03-DEL15-MG"
382383;2021-09-09;"quinta-feira";"07:43:00";"PB";230;20;"JOAO PESSOA";"Ausência de reação do condutor";"Colisão traseira";"Com Vítimas Feridas";"Pleno dia";"Decrescente";"Céu Claro";"Dupla";"Reta";"Sim";3;0;2;0;1;0;2;2;-7,1337;-34,8544;"SPRF-PB";"DEL01-PB";"UOP01-DEL01-PB"
382385;2021-09-09;"quinta-feira";"07:50:00";"MG";40;492;"ESMERALDAS";"Avarias e/ou desgaste excessivo no pneu";"Tombamento";"Com Vítimas Feridas";"Pleno dia";"Decrescente";"Céu Claro";"Simples";"Reta";"Não";2;0;1;1;0;0;2;1;-19,63737896;-44,20372986;"SPRF-MG";"DEL02-MG";"UOP01-DEL02-MG"
382386;2021-09-09;"quinta-feira";"08:30:00";"MG";40;479;"SETE LAGOAS";"Velocidade Incompatível";"Colisão com objeto";"Com Vítimas Feridas";"Pleno dia";"Decrescente";"Céu Claro";"Dupla";"Reta;Aclive";"Não";1;0;0;1;0;0;1;1;-19,53622599;-44,25468498;"SPRF-MG";"DEL02-MG";"UOP01-DEL02-MG"
382387;2021-09-09;"quinta-feira";"08:25:00";"PR";376;241;"APUCARANA";"Acumulo de água sobre o pavimento";"Saída de leito carroçável";"Com Vítimas Feridas";"Pleno dia";"Crescente";"Chuva";"Dupla";"Declive;Reta";"Não";1;0;0;1;0;0;1;1;-23,58200215;-51,44305229;"SPRF-PR";"DEL07-PR";"UOP02-DEL07-PR"
382389;2021-09-09;"quinta-feira";"07:50:00";"PB";230;18;"JOAO PESSOA";"Condutor deixou de manter distância do veículo da frente";"Colisão traseira";"Com Vítimas Feridas";"Pleno dia";"Crescente";"Céu Claro";"Dupla";"Reta";"Sim";2;0;1;0;1;0;1;2;-7,1198;-34,8453;"SPRF-PB";"DEL01-PB";"UOP01-DEL01-PB"
382391;2021-09-09;"quinta-feira";"08:30:00";"PR";277;139;"CAMPO LARGO";"Velocidade Incompatível";"Colisão traseira";"Com Vítimas Feridas";"Pleno dia";"Decrescente";"Garoa/Chuvisco";"Dupla";"Reta";"Não";3;0;1;0;2;0;1;2;-25,44518045;-49,4985659;"SPRF-PR";"DEL01-PR";"UOP03-DEL03-PR"
382392;2021-09-09;"quinta-feira";"07:50:00";"ES";101;382,8;"ICONHA";"Acumulo de areia ou detritos sobre o pavimento";"Tombamento";"Com Vítimas Feridas";"Pleno dia";"Crescente";"Céu Claro";"Simples";"Reta";"Não";1;0;1;0;0;0;1;1;-20,82072713;-40,84702482;"SPRF-ES";"DEL03-ES";"UOP01-DEL03-ES"
382393;2021-09-09;"quinta-feira";"07:30:00";"SC";282;174,7;"BOCAINA DO SUL";"Condutor Dormindo";"Saída de leito carroçável";"Com Vítimas Feridas";"Pleno dia";"Crescente";"Céu Claro";"Simples";"Declive;Reta";"Não";2;0;2;0;0;0;2;1;-27,742559;-49,882248;"SPRF-SC";"DEL05-SC";"UOP01-DEL05-SC"
382394;2021-09-09;"quinta-feira";"09:00:00";"MG";40;477,5;"SETE LAGOAS";"Ausência de reação do condutor";"Tombamento";"Com Vítimas Feridas";"Pleno dia";"Decrescente";"Nublado";"Dupla";"Reta;Aclive";"Sim";1;0;1;0;0;0;1;1;-19,52130888;-44,26525586;"SPRF-MG";"DEL02-MG";"UOP01-DEL02-MG"
382395;2021-09-09;"quinta-feira";"09:00:00";"BA";324;621;"SALVADOR";"Condutor deixou de manter distância do veículo da frente";"Colisão traseira";"Sem Vítimas";"Pleno dia";"Crescente";"Céu Claro";"Dupla";"Reta";"Sim";2;0;0;0;1;1;0;2;-12,91233708;-38,45956983;"SPRF-BA";"DEL01-BA";"UOP01-DEL01-BA"
382396;2021-09-09;"quinta-feira";"07:00:00";"AC";364;137;"RIO BRANCO";"Retorno proibido";"Colisão traseira";"Com Vítimas Feridas";"Pleno dia";"Decrescente";"Céu Claro";"Dupla";"Reta";"Sim";4;0;1;0;3;0;1;2;-9,96935404;-67,85264513;"SPRF-AC";"DEL01-AC";"UOP01-DEL01-AC"
382397;2021-09-09;"quinta-feira";"07:12:00";"PR";277;408,7;"CANDOI";"Velocidade Incompatível";"Capotamento";"Com Vítimas Feridas";"Amanhecer";"Decrescente";"Chuva";"Simples";"Curva";"Não";1;0;0;1;0;0;1;1;-25,43738344;-51,990051;"SPRF-PR";"DEL04-PR";"UOP02-DEL04-PR"
382398;2021-09-09;"quinta-feira";"09:00:00";"RS";290;105,8;"ELDORADO DO SUL";"Ausência de reação do condutor";"Saída de leito carroçável";"Sem Vítimas";"Pleno dia";"Decrescente";"Céu Claro";"Dupla";"Reta";"Não";1;0;0;0;0;1;0;1;-29,99608;-51,285023;"SPRF-RS";"DEL02-RS";"UOP01-DEL02-RS"
382399;2021-09-09;"quinta-feira";"08:00:00";"CE";304;38,9;"ARACATI";"Mal súbito do condutor";"Queda de ocupante de veículo";"Com Vítimas Feridas";"Pleno dia";"Crescente";"Céu Claro";"Simples";"Aclive";"Não";1;0;1;0;0;0;1;1;-4,58004867;-37,86052099;"SPRF-CE";"DEL03-CE";"UOP03-DEL03-CE"
382402;2021-09-09;"quinta-feira";"08:30:00";"RN";101;95,7;"NATAL";"Manobra de mudança de faixa";"Colisão lateral mesmo sentido";"Com Vítimas Feridas";"Pleno dia";"Crescente";"Sol";"Múltipla";"Reta";"Sim";2;0;1;0;0;1;1;2;-5,84076841;-35,21035949;"SPRF-RN";"DEL01-RN";"UOP01-DEL01-RN"
382403;2021-09-09;"quinta-feira";"09:00:00";"PR";376;308;"MAUA DA SERRA";"Chuva";"Colisão com objeto";"Com Vítimas Feridas";"Pleno dia";"Decrescente";"Chuva";"Dupla";"Declive;Curva";"Não";2;0;1;0;1;0;1;1;-23,97857518;-51,09540715;"SPRF-PR";"DEL07-PR";"UOP02-DEL07-PR"
382404;2021-09-09;"quinta-feira";"09:00:00";"MG";262;114,3;"RIO CASCA";"Velocidade Incompatível";"Saída de leito carroçável";"Com Vítimas Feridas";"Pleno dia";"Crescente";"Céu Claro";"Simples";"Curva";"Não";1;0;0;1;0;0;1;1;-20,24284881;-42,60671889;"SPRF-MG";"DEL03-MG";"UOP03-DEL03-MG"
382405;2021-09-09;"quinta-feira";"06:50:00";"AM";174;884,5;"MANAUS";"Acumulo de água sobre o pavimento";"Tombamento";"Com Vítimas Feridas";"Amanhecer";"Crescente";"Garoa/Chuvisco";"Simples";"Reta";"Sim";1;0;1;0;0;0;1;1;-2,970491;-60,016605;"SPRF-AM";"DEL01-AM";"UOP01-DEL01-AM"
382407;2021-09-09;"quinta-feira";"08:00:00";"RO";364;12;"VILHENA";"Reação tardia ou ineficiente do condutor";"Colisão transversal";"Com Vítimas Feridas";"Pleno dia";"Crescente";"Nublado";"Simples";"Interseção de Vias";"Sim";2;0;1;0;1;0;1;2;-12,74370233;-60,12147609;"SPRF-RO";"DEL04-RO";"UOP01-DEL04-RO"
382408;2021-09-09;"quinta-feira";"08:10:00";"GO";40;6,5;"VALPARAISO DE GOIAS";"Condutor deixou de manter distância do veículo da frente";"Queda de ocupante de veículo";"Com Vítimas Feridas";"Pleno dia";"Decrescente";"Céu Claro";"Dupla";"Reta";"Sim";1;0;1;0;0;0;1;1;-16,08373509;-47,98674367;"SPRF-DF";"DEL01-DF";"UOP01-DEL01-DF"
382409;2021-09-09;"quinta-feira";"10:00:00";"SP";116;565;"BARRA DO TURVO";"Reação tardia ou ineficiente do condutor";"Colisão com objeto";"Com Vítimas Feridas";"Pleno dia";"Crescente";"Chuva";"Simples";"Curva";"Não";4;0;3;1;0;0;4;1;-25,03599409;-48,54577303;"SPRF-SP";"DEL05-SP";"UOP02-DEL05-SP"
382413;2021-09-09;"quinta-feira";"09:30:00";"PR";277;139;"BALSA NOVA";"Velocidade Incompatível";"Colisão transversal";"Sem Vítimas";"Pleno dia";"Crescente";"Sol";"Dupla";"Reta";"Não";3;0;0;0;2;1;0;3;-25,47010991;-49,72515844;"SPRF-PR";"DEL01-PR";"UOP03-DEL03-PR"
382415;2021-09-09;"quinta-feira";"09:40:00";"ES";101;147;"LINHARES";"Condutor deixou de manter distância do veículo da frente";"Colisão lateral mesmo sentido";"Com Vítimas Feridas";"Pleno dia";"Decrescente";"Sol";"Simples";"Interseção de Vias";"Sim";2;0;1;0;1;0;1;2;-19,37887202;-40,06657892;"SPRF-ES";"DEL04-ES";"UOP01-DEL04-ES"
382416;2021-09-01;"quarta-feira";"14:50:00";"RS";158;324;"SANTA MARIA";"Acessar a via sem observar a presença dos outros veículos";"Colisão lateral mesmo sentido";"Com Vítimas Feridas";"Pleno dia";"Crescente";"Céu Claro";"Dupla";"Reta";"Não";2;0;1;0;1;0;1;2;-29,69762558;-53,78846438;"SPRF-RS";"DEL09-RS";"UOP01-DEL09-RS"
382417;2021-09-09;"quinta-feira";"11:00:00";"GO";60;101;"ANAPOLIS";"Acesso irregular";"Colisão transversal";"Com Vítimas Feridas";"Pleno dia";"Decrescente";"Céu Claro";"Múltipla";"Reta";"Não";2;0;1;0;1;0;1;2;-16,4022;-48,9745;"SPRF-GO";"DEL02-GO";"UOP01-DEL02-GO"
382418;2021-09-09;"quinta-feira";"11:00:00";"SC";101;204;"SAO JOSE";"Velocidade Incompatível";"Colisão traseira";"Com Vítimas Feridas";"Pleno dia";"Decrescente";"Céu Claro";"Múltipla";"Interseção de Vias";"Sim";2;0;0;1;1;0;1;2;-27,57413014;-48,61363083;"SPRF-SC";"DEL01-SC";"UOP01-DEL01-SC"
382419;2021-09-09;"quinta-feira";"11:05:00";"BA";324;624,5;"SALVADOR";"Condutor deixou de manter distância do veículo da frente";"Colisão traseira";"Com Vítimas Feridas";"Pleno dia";"Decrescente";"Céu Claro";"Dupla";"Reta";"Sim";1;0;1;0;0;0;1;1;-12,933839;-38,47190701;"SPRF-BA";"DEL01-BA";"UOP01-DEL01-BA"
382420;2021-09-09;"quinta-feira";"08:40:00";"MS";163;443,1;"CAMPO GRANDE";"Condutor Dormindo";"Saída de leito carroçável";"Com Vítimas Feridas";"Pleno dia";"Crescente";"Chuva";"Simples";"Reta";"Não";1;0;1;0;0;0;1;1;-20,78559002;-54,52310805;"SPRF-MS";"DEL01-MS";"UOP01-DEL01-MS"
382421;2021-09-09;"quinta-feira";"09:10:00";"RO";364;430;"JARU";"Desrespeitar a preferência no cruzamento";"Colisão transversal";"Com Vítimas Feridas";"Pleno dia";"Decrescente";"Céu Claro";"Simples";"Rotatória";"Não";2;0;0;1;1;0;1;2;-10,41098263;-62,51010043;"SPRF-RO";"DEL03-RO";"UOP02-DEL03-RO"
382424;2021-09-09;"quinta-feira";"11:00:00";"PR";116;38;"CAMPINA GRANDE DO SUL";"Chuva";"Saída de leito carroçável";"Com Vítimas Feridas";"Pleno dia";"Crescente";"Chuva";"Dupla";"Curva";"Não";4;0;4;0;0;0;4;1;-25,15820284;-48,86150122;"SPRF-PR";"DEL01-PR";"UOP02-DEL01-PR"
382427;2021-09-09;"quinta-feira";"09:20:00";"PR";277;253;"IRATI";"Condutor Dormindo";"Saída de leito carroçável";"Com Vítimas Feridas";"Pleno dia";"Decrescente";"Nublado";"Simples";"Reta";"Não";4;0;4;0;0;0;4;1;-25,4448777;-50,67938388;"SPRF-PR";"DEL03-PR";"UOP03-DEL03-PR"
382428;2021-09-09;"quinta-feira";"11:50:00";"SC";101;411;"ARARANGUA";"Pedestre cruzava a pista fora da faixa";"Atropelamento de Pedestre";"Com Vítimas Fatais";"Pleno dia";"Crescente";"Céu Claro";"Dupla";"Reta";"Não";3;1;0;0;1;1;0;2;-28,93575402;-49,51847076;"SPRF-SC";"DEL02-SC";"UOP02-DEL02-SC"
382429;2021-09-09;"quinta-feira";"11:15:00";"RS";290;148;"ELDORADO DO SUL";"Demais falhas mecânicas ou elétricas";"Incêndio";"Sem Vítimas";"Pleno dia";"Crescente";"Céu Claro";"Simples";"Reta";"Não";1;0;0;0;1;0;0;1;-30,107178;-51,686199;"SPRF-RS";"DEL02-RS";"UOP01-DEL02-RS"
382430;2021-09-09;"quinta-feira";"13:05:00";"MG";459;8,6;"CALDAS";"Acumulo de areia ou detritos sobre o pavimento";"Queda de ocupante de veículo";"Com Vítimas Feridas";"Pleno dia";"Crescente";"Céu Claro";"Simples";"Curva;Declive";"Não";1;0;0;1;0;0;1;1;-21,81493086;-46,46845579;"SPRF-MG";"DEL09-MG";"UOP01-DEL09-MG"