"id";"data_inversa";"dia_semana";"horario";"uf";"br";"km";"municipio";"causa_acidente";"tipo_acidente";"classificacao_acidente";"fase_dia";"sentido_via";"condicao_metereologica";"tipo_pista";"tracado_via";"uso_solo";"pessoas";"mortos";"feridos_leves";"feridos_graves";"ilesos";"ignorados";"feridos";"veiculos";"latitude";"longitude";"regional";"delegacia";"uop"
382432;2021-09-09;"quinta-feira";"14:00:00";"RS";116;246;"SAO LEOPOLDO";"Acessar a via sem observar a presença dos outros veículos";"Colisão lateral mesmo sentido";"Com Vítimas Feridas";"Pleno dia";"Decrescente";"Céu Claro";"Dupla";"Curva";"Sim";2;0;1;0;1;0;1;2;-29,762;-51,1524;"SPRF-RS";"DEL01-RS";"UOP02-DEL01-RS"
382433;2021-09-09;"quinta-feira";"13:30:00";"SC";101;253;"PAULO LOPES";"Desrespeitar a preferência no cruzamento";"Colisão transversal";"Com Vítimas Feridas";"Pleno dia";"Decrescente";"Céu Claro";"Múltipla";"Interseção de Vias;Reta";"Sim";2;0;1;0;1;0;1;2;-27,96671631;-48,67932558;"SPRF-SC";"DEL02-SC";"UOP03-DEL02-SC"
382435;2021-09-09;"quinta-feira";"13:00:00";"RS";285;161,7;"MUITOS CAPOES";"Mal súbito do condutor";"Colisão frontal";"Com Vítimas Feridas";"Pleno dia";"Decrescente";"Céu Claro";"Simples";"Curva";"Não";2;0;2;0;0;0;2;2;-28,32184;-51,237194;"SPRF-RS";"DEL05-RS";"UOP03-DEL05-RS"
382436;2021-09-09;"quinta-feira";"14:10:00";"PR";376;174,6;"MARINGA";"Manobra de mudança de faixa";"Tombamento";"Com Vítimas Feridas";"Pleno dia";"Decrescente";"Garoa/Chuvisco";"Dupla";"Aclive;Reta";"Sim";2;0;1;0;1;0;1;2;-23,41430102;-51,94984299;"SPRF-PR";"DEL09-PR";"UOP01-DEL09-PR"
382437;2021-09-09;"quinta-feira";"13:40:00";"RJ";101;524;"ANGRA DOS REIS";"Demais falhas mecânicas ou elétricas";"Queda de ocupante de veículo";"Com Vítimas Feridas";"Pleno dia";"Decrescente";"Nublado";"Simples";"Curva";"Não";3;0;2;0;1;0;2;2;-22,99758;-44,47588;"SPRF-RJ";"DEL03-RJ";"UOP02-DEL03-RJ"
382438;2021-09-09;"quinta-feira";"11:30:00";"RO";364;343;"JI-PARANA";"Velocidade Incompatível";"Colisão traseira";"Com Vítimas Feridas";"Pleno dia";"Crescente";"Nublado";"Múltipla";"Reta";"Sim";2;0;1;0;1;0;1;2;-10,87878519;-61,94499012;"SPRF-RO";"DEL02-RO";"UOP01-DEL02-RO"
382439;2021-09-01;"quarta-feira";"18:05:00";"MG";116;525,4;"CARATINGA";"Transitar no acostamento";"Colisão traseira";"Com Vítimas Feridas";"Anoitecer";"Decrescente";"Nublado";"Simples";"Curva";"Sim";2;0;1;1;0;0;2;2;-19,76833785;-42,13105238;"SPRF-MG";"DEL06-MG";"UOP02-DEL06-MG"
382441;2021-09-09;"quinta-feira";"13:10:00";"AL";101;188;"JUNQUEIRO";"Falta de elemento de contenção que evite a saída do leito carroçável";"Saída de leito carroçável";"Com Vítimas Feridas";"Pleno dia";"Crescente";"Céu Claro";"Dupla";"Curva";"Não";1;0;0;1;0;0;1;1;-9,90809784;-36,46933335;"SPRF-AL";"DEL02-AL";"UOP02-DEL02-AL"
382443;2021-09-09;"quinta-feira";"11:15:00";"SC";470;96,5;"ASCURRA";"Acessar a via sem observar a presença dos outros veículos";"Colisão transversal";"Com Vítimas Feridas";"Pleno dia";"Decrescente";"Céu Claro";"Simples";"Reta";"Não";2;0;1;1;0;0;2;2;-27,020767;-49,371342;"SPRF-SC";"DEL04-SC";"UOP01-DEL04-SC"
382444;2021-09-09;"quinta-feira";"14:30:00";"MG";381;488;"BETIM";"Manobra de mudança de faixa";"Tombamento";"Com Vítimas Feridas";"Pleno dia";"Crescente";"Céu Claro";"Dupla";"Reta";"Sim";2;0;1;0;0;1;1;2;-19,9598656;-44,15489715;"SPRF-MG";"DEL01-MG";"UOP03-DEL01-MG"
382445;2021-08-05;"quinta-feira";"01:40:00";"MT";70;153;"GENERAL CARNEIRO";"Condutor Dormindo";"Saída de leito carroçável";"Com Vítimas Fatais";"Plena Noite";"Crescente";"Céu Claro";"Simples";"Reta";"Não";46;3;39;3;0;1;42;1;-15,57408092;-53,39778497;"SPRF-MT";"DEL07-MT";"UOP01-DEL07-MT"
382447;2021-09-09;"quinta-feira";"13:10:00";"PB";230;170,5;"CAMPINA GRANDE";"Reação tardia ou ineficiente do condutor";"Colisão traseira";"Sem Vítimas";"Pleno dia";"Decrescente";"Céu Claro";"Simples";"Reta";"Sim";2;0;0;0;1;1;0;2;-7,1806;-35,9873;"SPRF-PB";"DEL02-PB";"UOP02-DEL02-PB"
382448;2021-09-09;"quinta-feira";"15:00:00";"PE";101;20;"GOIANA";"Objeto estático sobre o leito carroçável";"Colisão traseira";"Com Vítimas Feridas";"Pleno dia";"Decrescente";"Sol";"Dupla";"Reta";"Não";2;0;1;0;1;0;1;2;-7,66042701;-34,93780401;"SPRF-PE";"DEL01-PE";"UOP02-DEL01-PE"
382449;2021-09-09;"quinta-feira";"13:00:00";"ES";482;61,7;"JERONIMO MONTEIRO";"Estacionar ou parar em local proibido";"Colisão traseira";"Com Vítimas Feridas";"Pleno dia";"Crescente";"Céu Claro";"Simples";"Reta";"Sim";3;0;0;2;1;0;2;2;-20,79908383;-41,37191775;"SPRF-ES";"DEL03-ES";"UOP02-DEL03-ES"
382450;2021-09-09;"quinta-feira";"13:50:00";"MG";356;265,7;"MURIAE";"Desrespeitar a preferência no cruzamento";"Colisão transversal";"Com Vítimas Feridas";"Pleno dia";"Decrescente";"Sol";"Simples";"Interseção de Vias";"Sim";2;0;1;0;1;0;1;2;-21,12764476;-42,36843294;"SPRF-MG";"DEL07-MG";"UOP02-DEL07-MG"
382451;2021-09-09;"quinta-feira";"11:37:00";"RJ";493;0;"ITABORAI";"Conversão proibida";"Colisão transversal";"Com Vítimas Feridas";"Pleno dia";"Crescente";"Céu Claro";"Simples";"Reta";"Sim";2;0;1;0;1;0;1;2;-22,77062;-42,92223;"SPRF-RJ";"DEL02-RJ";"UOP02-DEL02-RJ"
382453;2021-09-09;"quinta-feira";"15:00:00";"PI";343;169;"PIRIPIRI";"Demais falhas mecânicas ou elétricas";"Tombamento";"Com Vítimas Feridas";"Pleno dia";"Crescente";"Céu Claro";"Simples";"Reta";"Não";1;0;1;0;0;0;1;1;-4,151196;-41,784962;"SPRF-PI";"DEL02-PI";"UOP01-DEL02-PI"
382454;2021-09-09;"quinta-feira";"14:50:00";"PI";343;593;"FLORIANO";"Transitar no acostamento";"Colisão transversal";"Com Vítimas Feridas";"Pleno dia";"Crescente";"Céu Claro";"Simples";"Reta";"Sim";2;0;1;0;1;0;1;2;-6,781913;-43,038273;"SPRF-PI";"DEL03-PI";"UOP01-DEL03-PI"
382455;2021-09-08;"quarta-feira";"15:30:00";"AP";156;624;"CALCOENE";"Velocidade Incompatível";"Saída de leito carroçável";"Com Vítimas Feridas";"Pleno dia";"Decrescente";"Céu Claro";"Simples";"Curva";"Não";5;0;2;2;0;1;4;1;2,456346;-51,123262;"SPRF-AP";"DEL01-AP";"UOP01-DEL01-AP"
382456;2021-09-09;"quinta-feira";"15:42:00";"SC";470;137,9;"RIO DO SUL";"Ultrapassagem Indevida";"Colisão lateral sentido oposto";"Com Vítimas Fatais";"Pleno dia";"Decrescente";"Céu Claro";"Simples";"Reta";"Sim";2;1;0;0;1;0;0;2;-27,19213996;-49,62211132;"SPRF-SC";"DEL04-SC";"UOP02-DEL04-SC"
382458;2021-09-09;"quinta-feira";"15:30:00";"RJ";116;266;"BARRA MANSA";"Velocidade Incompatível";"Colisão com objeto";"Com Vítimas Feridas";"Pleno dia";"Crescente";"Nublado";"Dupla";"Curva";"Não";1;0;0;1;0;0;1;1;-22,58856193;-44,09534501;"SPRF-RJ";"DEL07-RJ";"UOP02-DEL07-RJ"
382459;2021-09-09;"quinta-feira";"08:40:00";"RJ";40;69;"PETROPOLIS";"Ausência de reação do condutor";"Colisão com objeto";"Com Vítimas Feridas";"Pleno dia";"Decrescente";"Céu Claro";"Dupla";"Reta";"Não";4;0;3;1;0;0;4;1;-22,446258;-43,195065;"SPRF-RJ";"DEL06-RJ";"UOP01-DEL06-RJ"
382460;2021-09-09;"quinta-feira";"15:00:00";"PE";101;119,8;"ESCADA";"Transitar na contramão";"Colisão frontal";"Sem Vítimas";"Pleno dia";"Crescente";"Sol";"Dupla";"Retorno Regulamentado";"Não";2;0;0;0;1;1;0;2;-8,35291472;-35,16929901;"SPRF-PE";"DEL01-PE";"UOP01-DEL01-PE"
382461;2021-09-09;"quinta-feira";"10:05:00";"PE";232;101;"BEZERROS";"Reação tardia ou ineficiente do condutor";"Queda de ocupante de veículo";"Com Vítimas Feridas";"Pleno dia";"Crescente";"Céu Claro";"Dupla";"Reta";"Sim";2;0;1;0;1;0;1;1;-8,24194679;-35,75097313;"SPRF-PE";"DEL02-PE";"UOP02-DEL02PE"
382462;2021-09-09;"quinta-feira";"17:00:00";"MG";381;358,4;"JOAO MONLEVADE";"Ingestão de álcool pelo condutor";"Colisão frontal";"Com Vítimas Feridas";"Pleno dia";"Decrescente";"Céu Claro";"Simples";"Curva;Interseção de Vias";"Não";2;0;1;0;1;0;1;2;-19,83831319;-43,18503499;"SPRF-MG";"DEL03-MG";"UOP01-DEL03-MG"
382463;2021-08-14;"sábado";"16:10:00";"ES";101;189;"ARACRUZ";"Acessar a via sem observar a presença dos outros veículos";"Colisão transversal";"Com Vítimas Feridas";"Pleno dia";"Crescente";"Céu Claro";"Simples";"Interseção de Vias";"Sim";3;0;1;1;0;1;2;2;-19,68134019;-40,27051885;"SPRF-ES";"DEL04-ES";"UOP01-DEL04-ES"
382464;2021-09-09;"quinta-feira";"15:30:00";"RS";472;582;"URUGUAIANA";"Condutor Dormindo";"Colisão traseira";"Com Vítimas Feridas";"Pleno dia";"Decrescente";"Nublado";"Simples";"Reta";"Não";3;0;2;0;1;0;2;2;-29,810252;-57,095283;"SPRF-RS";"DEL13-RS";"UOP01-DEL13-RS"
382470;2021-09-09;"quinta-feira";"09:45:00";"ES";101;149;"LINHARES";"Condutor deixou de manter distância do veículo da frente";"Colisão traseira";"Com Vítimas Feridas";"Pleno dia";"Decrescente";"Nublado";"Múltipla";"Reta";"Sim";2;0;0;1;1;0;1;2;-19,39619083;-40,06435871;"SPRF-ES";"DEL04-ES";"UOP01-DEL04-ES"
382471;2021-09-09;"quinta-feira";"17:30:00";"MG";381;2;"BETIM";"Ausência de reação do condutor";"Tombamento";"Com Vítimas Feridas";"Anoitecer";"Decrescente";"Céu Claro";"Múltipla";"Curva";"Sim";1;0;1;0;0;0;1;1;-19,97883412;-44,16057587;"SPRF-MG";"DEL01-MG";"UOP03-DEL01-MG"
382472;2021-09-09;"quinta-feira";"13:30:00";"SP";116;488;"CAJATI";"Reação tardia ou ineficiente do condutor";"Colisão com objeto";"Com Vítimas Feridas";"Pleno dia";"Crescente";"Chuva";"Múltipla";"Reta";"Sim";1;0;1;0;0;0;1;1;-24,73097634;-48,09815591;"SPRF-SP";"DEL05-SP";"UOP01-DEL05-SP"
382473;2021-08-24;"terça-feira";"06:25:00";"CE";116;12;"FORTALEZA";"Ausência de reação do condutor";"Capotamento";"Sem Vítimas";"Pleno dia";"Crescente";"Céu Claro";"Dupla";"Reta;Interseção de Vias";"Sim";1;0;0;0;1;0;0;1;-3,852077;-38,495525;"SPRF-CE";"DEL01-CE";"UOP02-DEL01-CE"
382474;2021-07-15;"quinta-feira";"13:43:00";"RJ";116;172;"BELFORD ROXO";"Avarias e/ou desgaste excessivo no pneu";"Saída de leito carroçável";"Com Vítimas Feridas";"Pleno dia";"Decrescente";"Céu Claro";"Múltipla";"Reta";"Sim";1;0;1;0;0;0;1;1;-22,8044729;-43,3451708;"SPRF-RJ";"DEL01-RJ";"UOP02-DEL01-RJ"
382475;2021-09-09;"quinta-feira";"17:15:00";"BA";330;817;"JITAUNA";"Acessar a via sem observar a presença dos outros veículos";"Colisão transversal";"Com Vítimas Feridas";"Anoitecer";"Crescente";"Céu Claro";"Simples";"Curva";"Não";3;0;1;1;1;0;2;2;-14,00848308;-39,86592302;"SPRF-BA";"DEL03-BA";"UOP01-DEL03-BA"
382477;2021-09-09;"quinta-feira";"18:10:00";"PR";369;187,5;"ARAPONGAS";"Ingestão de álcool pelo condutor";"Colisão traseira";"Sem Vítimas";"Plena Noite";"Crescente";"Chuva";"Simples";"Interseção de Vias";"Sim";2;0;0;0;2;0;0;2;-23,42316227;-51,4238289;"SPRF-PR";"DEL07-PR";"UOP02-DEL07-PR"
382479;2021-09-09;"quinta-feira";"09:59:00";"SP";116;500;"CAJATI";"Reação tardia ou ineficiente do condutor";"Colisão com objeto";"Com Vítimas Feridas";"Pleno dia";"Crescente";"Chuva";"Dupla";"Curva";"Não";2;0;1;0;1;0;1;1;-24,78162109;-48,18342711;"SPRF-SP";"DEL05-SP";"UOP02-DEL05-SP"
382482;2021-09-09;"quinta-feira";"16:30:00";"SP";116;306;"SAO LOURENCO DA SERRA";"Ausência de reação do condutor";"Saída de leito carroçável";"Com Vítimas Feridas";"Plena Noite";"Crescente";"Garoa/Chuvisco";"Dupla";"Curva";"Não";1;0;1;0;0;0;1;1;-23,8486091;-46,93801566;"SPRF-SP";"DEL04-SP";"UOP01-DEL04-SP"
382483;2021-09-09;"quinta-feira";"17:30:00";"MG";381;920,4;"CAMANDUCAIA";"Velocidade Incompatível";"Tombamento";"Com Vítimas Feridas";"Pleno dia";"Crescente";"Céu Claro";"Dupla";"Curva";"Não";2;0;2;0;0;0;2;1;-22,76605147;-46,17416382;"SPRF-MG";"DEL16-MG";"UOP03-DEL16-MG"
382484;2021-09-09;"quinta-feira";"10:10:00";"MG";262;425,3;"SAO GONCALO DO PARA";"Avarias e/ou desgaste excessivo no pneu";"Saída de leito carroçável";"Sem Vítimas";"Pleno dia";"Crescente";"Céu Claro";"Dupla";"Reta";"Não";1;0;0;0;0;1;0;1;-19,8896958;-44,7821149;"SPRF-MG";"DEL08-MG";"UOP03-DEL08-MG"
382485;2021-09-09;"quinta-feira";"15:10:00";"RJ";356;19;"ITAPERUNA";"Ultrapassagem Indevida";"Colisão lateral mesmo sentido";"Com Vítimas Feridas";"Pleno dia";"Decrescente";"Nublado";"Simples";"Reta;Declive";"Não";2;0;1;0;1;0;1;2;-21,17723;-42,020089;"SPRF-RJ";"DEL08-RJ";"UOP03-DEL08-RJ"
382488;2021-09-09;"quinta-feira";"17:00:00";"RS";470;216;"BENTO GONCALVES";"Acessar a via sem observar a presença dos outros veículos";"Colisão traseira";"Com Vítimas Feridas";"Pleno dia";"Crescente";"Céu Claro";"Dupla";"Reta";"Sim";2;0;1;0;1;0;1;2;-29,15887096;-51,53142395;"SPRF-RS";"DEL06-RS";"UOP01-DEL06-RS"
382489;2021-09-09;"quinta-feira";"07:38:00";"MT";364;518;"ROSARIO OESTE";"Acumulo de água sobre o pavimento";"Saída de leito carroçável";"Com Vítimas Feridas";"Pleno dia";"Decrescente";"Chuva";"Simples";"Reta";"Não";4;0;4;0;0;0;4;1;-15,11187601;-56,5205848;"SPRF-MT";"DEL01-MT";"UOP01-DEL01-MT"
382490;2021-09-09;"quinta-feira";"18:50:00";"ES";101;116,7;"SOORETAMA";"Velocidade Incompatível";"Saída de leito carroçável";"Com Vítimas Feridas";"Plena Noite";"Decrescente";"Céu Claro";"Simples";"Reta";"Não";1;0;1;0;0;0;1;1;-19,11792191;-40,06223559;"SPRF-ES";"DEL04-ES";"UOP01-DEL04-ES"
382491;2021-09-09;"quinta-feira";"18:20:00";"MS";262;345;"CAMPO GRANDE";"Acessar a via sem observar a presença dos outros veículos";"Colisão transversal";"Com Vítimas Feridas";"Plena Noite";"Crescente";"Chuva";"Simples";"Curva";"Não";3;0;0;1;2;0;1;2;-20,57984596;-54,5925049;"SPRF-MS";"DEL01-MS";"UOP03-DEL01-MS"
382492;2021-09-09;"quinta-feira";"08:30:00";"MT";364;567;"NOBRES";"Acumulo de óleo sobre o pavimento";"Queda de ocupante de veículo";"Com Vítimas Fatais";"Pleno dia";"Crescente";"Chuva";"Dupla";"Reta";"Não";1;1;0;0;0;0;0;1;-14,75243128;-56,33419077;"SPRF-MT";"DEL01-MT";"UOP01-DEL01-MT"
382493;2021-09-09;"quinta-feira";"18:45:00";"SC";470;38,6;"GASPAR";"Transitar na contramão";"Colisão frontal";"Com Vítimas Fatais";"Plena Noite";"Crescente";"Nublado";"Simples";"Desvio Temporário";"Sim";2;1;0;0;1;0;0;2;-26,89973356;-48,98465849;"SPRF-SC";"DEL04-SC";"UOP01-DEL04-SC"
382494;2021-09-09;"quinta-feira";"19:00:00";"ES";101;293,9;"CARIACICA";"Pedestre andava na pista";"Atropelamento de Pedestre";"Com Vítimas Fatais";"Plena Noite";"Decrescente";"Céu Claro";"Dupla";"Reta";"Sim";3;1;0;0;1;1;0;2;-20,31526144;-40,39567044;"SPRF-ES";"DEL01-ES";"UOP01-DEL01-ES"
382495;2021-09-09;"quinta-feira";"17:25:00";"PE";424;66,9;"CAETES";"Velocidade Incompatível";"Saída de leito carroçável";"Com Vítimas Feridas";"Anoitecer";"Crescente";"Céu Claro";"Simples";"Reta;Declive";"Sim";1;0;0;1;0;0;1;1;-8,75960275;-36,65067654;"SPRF-PE";"DEL03-PE";"UOP01-DEL03-PE"
382496;2021-09-09;"quinta-feira";"18:19:00";"MG";381;752,3;"TRES CORACOES";"Objeto estático sobre o leito carroçável";"Colisão com objeto";"Com Vítimas Feridas";"Plena Noite";"Decrescente";"Céu Claro";"Dupla";"Reta";"Não";1;0;0;1;0;0;1;1;-21,67246754;-45,33430028;"SPRF-MG";"DEL16-MG";"UOP02-DEL16-MG"
382497;2021-09-09;"quinta-feira";"18:15:00";"MG";381;158,2;"GOVERNADOR VALADARES";"Animais na Pista";"Atropelamento de Animal";"Com Vítimas Feridas";"Plena Noite";"Decrescente";"Céu Claro";"Simples";"Reta";"Não";1;0;0;1;0;0;1;1;-18,91795246;-42,01337465;"SPRF-MG";"DEL06-MG";"UOP01-DEL06-MG"
382498;2021-09-09;"quinta-feira";"19:15:00";"RS";116;216,5;"MORRO REUTER";"Acessar a via sem observar a presença dos outros veículos";"Colisão transversal";"Com Vítimas Feridas";"Plena Noite";"Crescente";"Céu Claro";"Simples";"Reta";"Sim";2;0;1;0;1;0;1;2;-29,54001608;-51,07711676;"SPRF-RS";"DEL05-RS";"UOP02-DEL05-RS"
382502;2021-09-09;"quinta-feira";"19:44:00";"ES";101;66;"SAO MATEUS";"Acumulo de areia ou detritos sobre o pavimento";"Queda de ocupante de veículo";"Com Vítimas Feridas";"Plena Noite";"Decrescente";"Céu Claro";"Dupla";"Interseção de Vias";"Sim";2;0;2;0;0;0;2;1;-18,7165195;-39,87436378;"SPRF-ES";"DEL04-ES";"UOP02-DEL04-ES"
382505;2021-09-09;"quinta-feira";"18:30:00";"PR";369;174;"ROLANDIA";"Condutor deixou de manter distância do veículo da frente";"Engavetamento";"Com Vítimas Feridas";"Plena Noite";"Crescente";"Chuva";"Simples";"Interseção de Vias;Reta";"Sim";5;0;1;0;3;1;1;4;-23,31370089;-51,37391031;"SPRF-PR";"DEL07-PR";"UOP01-DEL07-PR"
382506;2021-09-09;"quinta-feira";"19:00:00";"SC";280;26;"ARAQUARI";"Reação tardia ou ineficiente do condutor";"Saída de leito carroçável";"Com Vítimas Feridas";"Plena Noite";"Crescente";"Céu Claro";"Simples";"Reta";"Sim";2;0;0;1;1;0;1;2;-26,390096;-48,734599;"SPRF-SC";"DEL03-SC";"UOP03-DEL03-SC"
382507;2021-08-28;"sábado";"15:40:00";"SP";153;64,1;"SAO JOSE DO RIO PRETO";"Condutor deixou de manter distância do veículo da frente";"Colisão traseira";"Sem Vítimas";"Pleno dia";"Decrescente";"Céu Claro";"Dupla";"Reta";"Sim";4;0;0;0;2;2;0;4;-20,83019579;-49,36150789;"SPRF-SP";"DEL09-SP";"UOP01-DEL09-SP"
382508;2021-09-09;"quinta-feira";"19:30:00";"PB";230;18,8;"JOAO PESSOA";"Trafegar com motocicleta (ou similar) entre as faixas";"Colisão traseira";"Com Vítimas Feridas";"Plena Noite";"Crescente";"Nublado";"Dupla";"Reta";"Sim";2;0;1;0;1;0;1;2;-7,12911446;-34,8498654;"SPRF-PB";"DEL01-PB";"UOP01-DEL01-PB"
382509;2021-08-23;"segunda-feira";"08:40:00";"GO";158;275;"JATAI";"Desrespeitar a preferência no cruzamento";"Colisão transversal";"Com Vítimas Feridas";"Pleno dia";"Crescente";"Céu Claro";"Dupla";"Aclive;Reta;Interseção de Vias";"Sim";2;0;0;1;1;0;1;2;-17,89704019;-51,7366293;"SPRF-GO";"DEL05-GO";"UOP01-DEL05-GO"
382510;2021-09-09;"quinta-feira";"19:00:00";"MG";381;490;"BETIM";"Pedestre andava na pista";"Atropelamento de Pedestre";"Com Vítimas Feridas";"Plena Noite";"Crescente";"Céu Claro";"Dupla";"Reta";"Sim";3;0;0;1;1;1;1;2;-19,96502819;-44,17422195;"SPRF-MG";"DEL01-MG";"UOP03-DEL01-MG"
382511;2021-09-09;"quinta-feira";"19:45:00";"MG";381;489,5;"BETIM";"Ausência de reação do condutor";"Tombamento";"Com Vítimas Feridas";"Plena Noite";"Crescente";"Céu Claro";"Múltipla";"Reta";"Sim";2;0;1;0;1;0;1;1;-19,95721434;-44,13585663;"SPRF-MG";"DEL01-MG";"UOP03-DEL01-MG"
382512;2021-09-09;"quinta-feira";"19:55:00";"RS";290;91;"PORTO ALEGRE";"Acessar a via sem observar a presença dos outros veículos";"Colisão transversal";"Com Vítimas Feridas";"Plena Noite";"Decrescente";"Céu Claro";"Dupla";"Reta";"Não";2;0;1;0;1;0;1;2;-29,969055;-51,167439;"SPRF-RS";"DEL01-RS";"UOP01-DEL01-RS"
382513;2021-09-09;"quinta-feira";"19:35:00";"SC";282;2,1;"FLORIANOPOLIS";"Ausência de reação do condutor";"Colisão lateral mesmo sentido";"Com Vítimas Feridas";"Plena Noite";"Crescente";"Céu Claro";"Simples";"Interseção de Vias";"Não";2;0;1;0;1;0;1;2;-27,603289;-48,590416;"SPRF-SC";"DEL01-SC";"UOP01-DEL01-SC"
382514;2021-09-09;"quinta-feira";"17:10:00";"MG";116;538,5;"SANTA RITA DE MINAS";"Frear bruscamente";"Tombamento";"Com Vítimas Feridas";"Pleno dia";"Crescente";"Céu Claro";"Simples";"Reta";"Não";1;0;1;0;0;0;1;1;-19,87457783;-42,13216953;"SPRF-MG";"DEL06-MG";"UOP02-DEL06-MG"
382515;2021-09-09;"quinta-feira";"20:20:00";"RS";116;229;"IVOTI";"Acessar a via sem observar a presença dos outros veículos";"Colisão transversal";"Com Vítimas Feridas";"Plena Noite";"Decrescente";"Céu Claro";"Simples";"Reta";"Sim";3;0;1;1;1;0;2;2;-29,61838113;-51,12147984;"SPRF-RS";"DEL01-RS";"UOP02-DEL01-RS"
382516;2021-09-09;"quinta-feira";"20:00:00";"PE";232;12;"JABOATAO DOS GUARARAPES";"Acostamento em desnível";"Tombamento";"Com Vítimas Feridas";"Plena Noite";"Crescente";"Céu Claro";"Dupla";"Reta";"Não";2;0;2;0;0;0;2;1;-8,08577691;-35,00345603;"SPRF-PE";"DEL01-PE";"UOP01-DEL01-PE"
382517;2021-09-09;"quinta-feira";"02:00:00";"SC";280;165,5;"MAFRA";"Ingestão de álcool pelo condutor";"Colisão com objeto";"Sem Vítimas";"Plena Noite";"Decrescente";"Garoa/Chuvisco";"Simples";"Interseção de Vias";"Sim";1;0;0;0;0;1;0;1;-26,16472113;-49,81844902;"SPRF-SC";"DEL06-SC";"UOP01-DEL06-SC"
382519;2021-08-10;"terça-feira";"18:00:00";"ES";262;112,3;"VENDA NOVA DO IMIGRANTE";"Ultrapassagem Indevida";"Colisão frontal";"Com Vítimas Feridas";"Anoitecer";"Crescente";"Céu Claro";"Simples";"Reta";"Não";2;0;1;1;0;0;2;2;-20,33756085;-41,19989497;"SPRF-ES";"DEL01-ES";"UOP02-DEL01-ES"
382520;2021-08-08;"domingo";"21:25:00";"PR";476;115;"COLOMBO";"Condutor deixou de manter distância do veículo da frente";"Colisão lateral mesmo sentido";"Com Vítimas Feridas";"Plena Noite";"Crescente";"Céu Claro";"Simples";"Reta";"Não";5;0;3;1;1;0;4;2;-25,344196;-49,159679;"SPRF-PR";"DEL01-PR";"UOP02-DEL01-PR"
382521;2021-09-09;"quinta-feira";"16:15:00";"RO";364;612;"ITAPUA DO OESTE";"Ultrapassagem Indevida";"Saída de leito carroçável";"Sem Vítimas";"Pleno dia";"Decrescente";"Garoa/Chuvisco";"Simples";"Reta";"Não";2;0;0;0;1;1;0;2;-9,14090986;-63,23951486;"SPRF-RO";"DEL01-RO";"UOP04-DEL01-RO"
382522;2021-09-09;"quinta-feira";"16:50:00";"MS";163;99;"ITAQUIRAI";"Condutor usando celular";"Saída de leito carroçável";"Com Vítimas Feridas";"Pleno dia";"Crescente";"Nublado";"Simples";"Reta";"Não";3;0;1;0;2;0;1;1;-23,28969397;-54,2245658;"SPRF-MS";"DEL09-MS";"UOP01-DEL09-MS"
382524;2021-09-09;"quinta-feira";"19:25:00";"RS";116;222;"DOIS IRMAOS";"Velocidade Incompatível";"Queda de ocupante de veículo";"Com Vítimas Feridas";"Plena Noite";"Crescente";"Céu Claro";"Simples";"Declive";"Não";2;0;1;0;1;0;1;2;-29,5822;-51,0964;"SPRF-RS";"DEL01-RS";"UOP02-DEL01-RS"
382528;2021-09-09;"quinta-feira";"20:00:00";"SC";282;645,8;"SAO MIGUEL DO OESTE";"Ingestão de álcool pelo condutor";"Saída de leito carroçável";"Com Vítimas Feridas";"Plena Noite";"Decrescente";"Céu Claro";"Simples";"Reta;Declive";"Não";1;0;0;1;0;0;1;1;-26,76420078;-53,49654078;"SPRF-SC";"DEL07-SC";"UOP03-DEL07-SC"
382530;2021-09-09;"quinta-feira";"18:50:00";"RO";425;98;"NOVA MAMORE";"Acessar a via sem observar a presença dos outros veículos";"Colisão transversal";"Com Vítimas Feridas";"Plena Noite";"Decrescente";"Céu Claro";"Simples";"Rotatória";"Sim";2;0;0;1;1;0;1;2;-10,394532;-65,324936;"SPRF-RO";"DEL01-RO";"UOP03-DEL01-RO"
382533;2021-09-09;"quinta-feira";"22:35:00";"PR";277;10;"PARANAGUA";"Ingestão de álcool pelo condutor";"Saída de leito carroçável";"Sem Vítimas";"Plena Noite";"Decrescente";"Céu Claro";"Dupla";"Reta";"Não";1;0;0;0;1;0;0;1;-25,568198;-48,615292;"SPRF-PR";"DEL01-PR";"UOP05-DEL01-PR"
382534;2021-09-09;"quinta-feira";"22:30:00";"ES";101;134;"LINHARES";"Reação tardia ou ineficiente do condutor";"Queda de ocupante de veículo";"Com Vítimas Feridas";"Plena Noite";"Decrescente";"Céu Claro";"Simples";"Reta";"Não";1;0;1;0;0;0;1;1;-19,26602502;-40,08886123;"SPRF-ES";"DEL04-ES";"UOP01-DEL04-ES"
382537;2021-09-09;"quinta-feira";"21:30:00";"MG";40;544;"NOVA LIMA";"Demais falhas mecânicas ou elétricas";"Colisão com objeto";"Sem Vítimas";"Plena Noite";"Decrescente";"Ignorado";"Dupla";"Curva";"Sim";2;0;0;0;2;0;0;2;-19,99848032;-43,96256558;"SPRF-MG";"DEL01-MG";"UOP02-DEL01-MG"