"id";"data_inversa";"dia_semana";"horario";"uf";"br";"km";"municipio";"causa_acidente";"tipo_acidente";"classificacao_acidente";"fase_dia";"sentido_via";"condicao_metereologica";"tipo_pista";"tracado_via";"uso_solo";"pessoas";"mortos";"feridos_leves";"feridos_graves";"ilesos";"ignorados";"feridos";"veiculos";"latitude";"longitude";"regional";"delegacia";"uop"
382539;2021-09-09;"quinta-feira";"20:20:00";"PR";163;38,1;"SANTO ANTONIO DO SUDOESTE";"Velocidade Incompatível";"Saída de leito carroçável";"Com Vítimas Feridas";"Plena Noite";"Crescente";"Céu Claro";"Simples";"Declive;Curva";"Não";4;0;1;1;1;1;2;1;-26,043335;-53,728429;"SPRF-PR";"DEL02-PR";"UOP02-DEL02-PR"
382541;2021-08-20;"sexta-feira";"10:00:00";"GO";153;339,9;"JARAGUA";"Reação tardia ou ineficiente do condutor";"Saída de leito carroçável";"Com Vítimas Fatais";"Pleno dia";"Decrescente";"Ignorado";"Simples";"Curva";"Não";1;1;0;0;0;0;0;1;-15,587341;-49,411465;"SPRF-GO";"DEL02-GO";"UOP02-DEL02-GO"
382543;2021-09-09;"quinta-feira";"18:14:00";"RO";435;122,4;"CEREJEIRAS";"Desrespeitar a preferência no cruzamento";"Colisão transversal";"Com Vítimas Feridas";"Plena Noite";"Decrescente";"Céu Claro";"Dupla";"Interseção de Vias";"Sim";3;0;2;0;1;0;2;2;-13,189125;-60,814161;"SPRF-RO";"DEL04-RO";"UOP02-DEL04-RO"
382544;2021-09-10;"sexta-feira";"00:05:00";"ES";101;229,5;"FUNDAO";"Animais na Pista";"Atropelamento de Animal";"Sem Vítimas";"Plena Noite";"Crescente";"Céu Claro";"Simples";"Reta";"Sim";1;0;0;0;1;0;0;1;-19,93269151;-40,40516593;"SPRF-ES";"DEL02-ES";"UOP01-DEL02-ES"
382545;2021-09-10;"sexta-feira";"00:39:00";"PR";277;70,5;"SAO JOSE DOS PINHAIS";"Ingestão de álcool pelo condutor";"Colisão com objeto";"Com Vítimas Feridas";"Plena Noite";"Decrescente";"Céu Claro";"Dupla";"Interseção de Vias;Reta";"Sim";1;0;1;0;0;0;1;1;-25,51031805;-49,13117051;"SPRF-PR";"DEL01-PR";"UOP01-DEL01-PR"
382546;2021-09-09;"quinta-feira";"16:00:00";"MA";402;93,2;"HUMBERTO DE CAMPOS";"Ausência de reação do condutor";"Colisão com objeto";"Com Vítimas Fatais";"Pleno dia";"Crescente";"Céu Claro";"Simples";"Aclive";"Não";1;1;0;0;0;0;0;1;-2,739709;-43,61253;"SPRF-MA";"DEL01-MA";"UOP01-DEL01-MA"
382547;2021-09-09;"quinta-feira";"23:50:00";"RJ";116;142;"DUQUE DE CAXIAS";"Chuva";"Queda de ocupante de veículo";"Com Vítimas Feridas";"Plena Noite";"Decrescente";"Céu Claro";"Múltipla";"Reta";"Não";2;0;2;0;0;0;2;1;-22,64876087;-43,23031638;"SPRF-RJ";"DEL01-RJ";"UOP01-DEL01-RJ"
382549;2021-09-10;"sexta-feira";"00:12:00";"PR";277;454,9;"LARANJEIRAS DO SUL";"Velocidade Incompatível";"Queda de ocupante de veículo";"Com Vítimas Feridas";"Plena Noite";"Crescente";"Céu Claro";"Simples";"Curva";"Não";1;0;1;0;0;0;1;1;-25,38434591;-52,42006302;"SPRF-PR";"DEL04-PR";"UOP02-DEL04-PR"
382550;2021-09-09;"quinta-feira";"21:15:00";"RJ";101;327;"NITEROI";"Chuva";"Colisão com objeto";"Com Vítimas Fatais";"Plena Noite";"Decrescente";"Chuva";"Múltipla";"Reta";"Não";1;1;0;0;0;0;0;1;-22,87117393;-43,15595099;"SPRF-RJ";"DEL02-RJ";"UOP02-DEL02-RJ"
382551;2021-09-09;"quinta-feira";"23:20:00";"PE";232;251;"ARCOVERDE";"Condutor deixou de manter distância do veículo da frente";"Colisão traseira";"Com Vítimas Feridas";"Plena Noite";"Decrescente";"Céu Claro";"Simples";"Reta";"Sim";2;0;1;0;0;1;1;2;-8,42617175;-37,0563609;"SPRF-PE";"DEL03-PE";"UOP02-DEL03-PE"
382554;2021-09-09;"quinta-feira";"20:20:00";"RS";290;693,5;"URUGUAIANA";"Pedestre andava na pista";"Atropelamento de Pedestre";"Com Vítimas Fatais";"Plena Noite";"Decrescente";"Nublado";"Simples";"Reta";"Não";4;1;0;0;2;1;0;2;-29,873632;-56,823204;"SPRF-RS";"DEL13-RS";"UOP01-DEL13-RS"
382555;2021-09-09;"quinta-feira";"18:20:00";"GO";60;195;"JATAI";"Chuva";"Saída de leito carroçável";"Com Vítimas Feridas";"Anoitecer";"Crescente";"Garoa/Chuvisco";"Dupla";"Reta;Declive";"Não";5;0;1;0;4;0;1;1;-17,92045317;-51,69985771;"SPRF-GO";"DEL01-GO";"UOP02-DEL01-GO"
382556;2021-09-10;"sexta-feira";"01:00:00";"ES";262;102;"VENDA NOVA DO IMIGRANTE";"Velocidade Incompatível";"Colisão frontal";"Com Vítimas Fatais";"Plena Noite";"Crescente";"Céu Claro";"Simples";"Curva";"Não";6;1;1;3;1;0;4;2;-20,34280199;-41,11627383;"SPRF-ES";"DEL01-ES";"UOP02-DEL01-ES"
382557;2021-09-09;"quinta-feira";"23:00:00";"MG";153;22;"CENTRALINA";"Ingestão de álcool pelo condutor";"Saída de leito carroçável";"Com Vítimas Feridas";"Plena Noite";"Crescente";"Céu Claro";"Dupla";"Reta";"Não";1;0;1;0;0;0;1;1;-18,61511099;-49,19148491;"SPRF-MG";"DEL15-MG";"UOP03-DEL15-MG"
382558;2021-07-15;"quinta-feira";"09:10:00";"PI";343;13,3;"PARNAIBA";"Retorno proibido";"Colisão transversal";"Com Vítimas Feridas";"Pleno dia";"Crescente";"Sol";"Dupla";"Curva";"Sim";2;0;0;1;1;0;1;2;-2,919029;-41,754124;"SPRF-PI";"DEL05-PI";"UOP01-DEL05-PI"
382559;2021-09-10;"sexta-feira";"02:50:00";"MT";163;47,2;"ITIQUIRA";"Condutor Dormindo";"Colisão com objeto";"Com Vítimas Feridas";"Plena Noite";"Decrescente";"Céu Claro";"Dupla";"Reta";"Não";1;0;1;0;0;0;1;1;-17,101492;-54,76070803;"SPRF-MT";"DEL02-MT";"UOP01-DEL02-MT"
382560;2021-09-10;"sexta-feira";"01:00:00";"SC";101;57,8;"ARAQUARI";"Objeto estático sobre o leito carroçável";"Colisão com objeto";"Com Vítimas Feridas";"Plena Noite";"Crescente";"Nublado";"Dupla";"Reta;Aclive";"Não";1;0;0;1;0;0;1;1;-26,43646093;-48,81113029;"SPRF-SC";"DEL03-SC";"UOP01-DEL03-SC"
382563;2021-09-10;"sexta-feira";"05:00:00";"MS";262;447,5;"DOIS IRMAOS DO BURITI";"Animais na Pista";"Atropelamento de Animal";"Com Vítimas Feridas";"Plena Noite";"Decrescente";"Céu Claro";"Simples";"Reta";"Não";1;0;0;1;0;0;1;1;-20,537941;-55,434544;"SPRF-MS";"DEL03-MS";"UOP01-DEL03-MS"
382566;2021-09-10;"sexta-feira";"06:10:00";"SC";101;213,8;"PALHOCA";"Trafegar com motocicleta (ou similar) entre as faixas";"Colisão lateral mesmo sentido";"Com Vítimas Feridas";"Pleno dia";"Decrescente";"Céu Claro";"Múltipla";"Em Obras";"Sim";2;0;0;1;1;0;1;2;-27,63697369;-48,66514142;"SPRF-SC";"DEL01-SC";"UOP02-DEL01-SC"
382568;2021-09-10;"sexta-feira";"06:45:00";"SC";101;209,2;"SAO JOSE";"Ausência de reação do condutor";"Colisão traseira";"Com Vítimas Feridas";"Pleno dia";"Decrescente";"Nublado";"Múltipla";"Reta";"Sim";2;0;0;1;1;0;1;2;-27,61000542;-48,63895057;"SPRF-SC";"DEL01-SC";"UOP01-DEL01-SC"
382569;2021-09-10;"sexta-feira";"06:35:00";"MG";381;482,9;"BETIM";"Manobra de mudança de faixa";"Colisão lateral mesmo sentido";"Com Vítimas Feridas";"Amanhecer";"Crescente";"Céu Claro";"Dupla";"Curva";"Sim";2;0;0;1;1;0;1;2;-19,955532;-44,097209;"SPRF-MG";"DEL01-MG";"UOP03-DEL01-MG"
382570;2021-09-10;"sexta-feira";"06:50:00";"BA";324;419;"FEIRA DE SANTANA";"Desrespeitar a preferência no cruzamento";"Colisão transversal";"Com Vítimas Feridas";"Pleno dia";"Crescente";"Céu Claro";"Dupla";"Retorno Regulamentado";"Sim";3;0;2;0;1;0;2;2;-12,19879452;-38,96564003;"SPRF-BA";"DEL04-BA";"UOP02-DEL04-BA"
382572;2021-09-10;"sexta-feira";"07:05:00";"RS";116;246;"SAO LEOPOLDO";"Trafegar com motocicleta (ou similar) entre as faixas";"Colisão lateral mesmo sentido";"Com Vítimas Feridas";"Pleno dia";"Crescente";"Nublado";"Dupla";"Reta";"Sim";2;0;1;0;1;0;1;2;-29,76355721;-51,15352405;"SPRF-RS";"DEL01-RS";"UOP02-DEL01-RS"
382573;2021-09-08;"quarta-feira";"23:25:00";"GO";153;128;"ESTRELA DO NORTE";"Frear bruscamente";"Saída de leito carroçável";"Sem Vítimas";"Plena Noite";"Decrescente";"Céu Claro";"Simples";"Reta";"Não";4;0;0;0;4;0;0;2;-13,892993;-49,057659;"SPRF-GO";"DEL07-GO";"UOP01-DEL07-GO"
382575;2021-09-10;"sexta-feira";"01:30:00";"PR";116;104;"SAO JOSE DOS PINHAIS";"Ausência de reação do condutor";"Saída de leito carroçável";"Sem Vítimas";"Plena Noite";"Crescente";"Nublado";"Dupla";"Curva";"Não";1;0;0;0;0;1;0;1;-25,56472785;-49,15859603;"SPRF-PR";"DEL01-PR";"UOP01-DEL01-PR"
382577;2021-09-10;"sexta-feira";"07:20:00";"GO";60;99;"ANAPOLIS";"Reação tardia ou ineficiente do condutor";"Colisão traseira";"Sem Vítimas";"Pleno dia";"Crescente";"Céu Claro";"Dupla";"Reta";"Sim";2;0;0;0;2;0;0;2;-16,3924;-48,9588;"SPRF-GO";"DEL02-GO";"UOP01-DEL02-GO"
382578;2021-09-10;"sexta-feira";"06:30:00";"SP";116;454;"REGISTRO";"Animais na Pista";"Atropelamento de Animal";"Com Vítimas Feridas";"Pleno dia";"Decrescente";"Céu Claro";"Dupla";"Reta";"Não";1;0;1;0;0;0;1;1;-24,56704392;-47,87450304;"SPRF-SP";"DEL05-SP";"UOP01-DEL05-SP"
382579;2021-09-10;"sexta-feira";"07:00:00";"PI";343;309;"ALTOS";"Condutor deixou de manter distância do veículo da frente";"Colisão traseira";"Com Vítimas Feridas";"Pleno dia";"Crescente";"Céu Claro";"Simples";"Reta";"Sim";2;0;0;1;1;0;1;2;-5,04012;-42,476742;"SPRF-PI";"DEL01-PI";"UOP01-DEL01-PI"
382580;2021-09-10;"sexta-feira";"06:40:00";"PE";232;18,3;"JABOATAO DOS GUARARAPES";"Manobra de mudança de faixa";"Colisão lateral mesmo sentido";"Com Vítimas Feridas";"Pleno dia";"Decrescente";"Céu Claro";"Dupla";"Reta";"Não";4;0;3;0;1;0;3;1;-8,09696393;-35,054484;"SPRF-PE";"DEL01-PE";"UOP01-DEL01-PE"
382581;2021-09-10;"sexta-feira";"07:10:00";"GO";70;2;"AGUAS LINDAS DE GOIAS";"Reação tardia ou ineficiente do condutor";"Colisão lateral mesmo sentido";"Com Vítimas Feridas";"Pleno dia";"Decrescente";"Sol";"Dupla";"Interseção de Vias;Curva;Declive";"Não";2;0;2;0;0;0;2;2;-15,767021;-48,229945;"SPRF-DF";"DEL03-DF";"UOP02-DEL03-DF"
382582;2021-09-10;"sexta-feira";"07:20:00";"PE";232;9;"RECIFE";"Condutor deixou de manter distância do veículo da frente";"Engavetamento";"Sem Vítimas";"Pleno dia";"Decrescente";"Sol";"Dupla";"Reta";"Sim";3;0;0;0;3;0;0;3;-8,07583727;-34,97015791;"SPRF-PE";"DEL01-PE";"UOP01-DEL01-PE"
382583;2021-09-10;"sexta-feira";"07:30:00";"MG";381;924;"CAMANDUCAIA";"Velocidade Incompatível";"Atropelamento de Pedestre";"Com Vítimas Feridas";"Pleno dia";"Crescente";"Nublado";"Dupla";"Curva";"Não";3;0;1;1;1;0;2;3;-22,77050246;-46,23490598;"SPRF-MG";"DEL16-MG";"UOP03-DEL16-MG"
382584;2021-09-03;"sexta-feira";"00:05:00";"PA";230;118;"MARABA";"Ausência de reação do condutor";"Colisão com objeto";"Sem Vítimas";"Plena Noite";"Crescente";"Céu Claro";"Dupla";"Reta";"Sim";3;0;0;0;1;2;0;3;-5,35193706;-49,09794103;"SPRF-PA";"DEL03-PA";"UOP01-DEL03-PA"
382585;2021-09-10;"sexta-feira";"07:50:00";"BA";242;785;"BARREIRAS";"Ausência de reação do condutor";"Colisão traseira";"Com Vítimas Feridas";"Pleno dia";"Decrescente";"Céu Claro";"Simples";"Reta";"Não";2;0;1;0;0;1;1;2;-12,14111;-44,951716;"SPRF-BA";"DEL10-BA";"UOP01-DEL10-BA"
382586;2021-09-10;"sexta-feira";"08:10:00";"PR";376;181;"MARINGA";"Condutor deixou de manter distância do veículo da frente";"Colisão traseira";"Com Vítimas Feridas";"Pleno dia";"Decrescente";"Nublado";"Dupla";"Reta";"Sim";3;0;2;0;1;0;2;2;-23,43197477;-51,88671852;"SPRF-PR";"DEL09-PR";"UOP01-DEL09-PR"
382587;2021-09-10;"sexta-feira";"00:10:00";"MA";316;442,8;"PERITORO";"Demais falhas mecânicas ou elétricas";"Incêndio";"Sem Vítimas";"Plena Noite";"Crescente";"Céu Claro";"Simples";"Declive";"Não";1;0;0;0;1;0;0;1;-4,439673;-44,195518;"SPRF-MA";"DEL03-MA";"UOP01-DEL03-MA"
382589;2021-09-10;"sexta-feira";"08:30:00";"PR";476;141;"CURITIBA";"Velocidade Incompatível";"Engavetamento";"Com Vítimas Feridas";"Pleno dia";"Decrescente";"Sol";"Dupla";"Declive;Reta";"Não";4;0;1;0;3;0;1;3;-25,528614;-49,298798;"SPRF-PR";"DEL01-PR";"UOP03-DEL01-PR"
382590;2021-09-10;"sexta-feira";"08:40:00";"RJ";101;134;"CARAPEBUS";"Mal súbito do condutor";"Tombamento";"Com Vítimas Feridas";"Pleno dia";"Decrescente";"Nublado";"Dupla";"Reta";"Não";1;0;1;0;0;0;1;1;-22,13817622;-41,71721171;"SPRF-RJ";"DEL08-RJ";"UOP04-DEL08-RJ"
382591;2021-09-10;"sexta-feira";"08:00:00";"MG";381;2;"BETIM";"Velocidade Incompatível";"Saída de leito carroçável";"Com Vítimas Feridas";"Pleno dia";"Decrescente";"Sol";"Dupla";"Curva";"Sim";1;0;0;1;0;0;1;1;-19,96825;-44,198708;"SPRF-MG";"DEL01-MG";"UOP03-DEL01-MG"
382592;2021-09-04;"sábado";"15:00:00";"DF";20;17;"BRASILIA";"Manobra de mudança de faixa";"Colisão lateral mesmo sentido";"Com Vítimas Feridas";"Pleno dia";"Crescente";"Céu Claro";"Dupla";"Reta";"Sim";3;0;0;1;2;0;1;2;-15,621374;-47,71698;"SPRF-DF";"DEL02-DF";"UOP01-DEL02-DF"
382593;2021-09-10;"sexta-feira";"07:25:00";"SC";282;586,9;"PINHALZINHO";"Transitar na contramão";"Colisão frontal";"Com Vítimas Feridas";"Pleno dia";"Crescente";"Sol";"Simples";"Declive;Curva";"Não";3;0;0;1;2;0;1;2;-26,83295545;-53,03203583;"SPRF-SC";"DEL07-SC";"UOP02-DEL07-SC"
382594;2021-07-26;"segunda-feira";"22:00:00";"PA";230;126;"MARABA";"Ausência de reação do condutor";"Colisão traseira";"Com Vítimas Feridas";"Plena Noite";"Decrescente";"Céu Claro";"Simples";"Reta";"Sim";4;0;1;0;1;2;1;3;-5,37587385;-49,15164398;"SPRF-PA";"DEL03-PA";"UOP01-DEL03-PA"
382596;2021-09-10;"sexta-feira";"08:50:00";"DF";60;3;"BRASILIA";"Acessar a via sem observar a presença dos outros veículos";"Colisão transversal";"Com Vítimas Feridas";"Pleno dia";"Decrescente";"Céu Claro";"Dupla";"Reta";"Sim";1;0;0;1;0;0;1;1;-15,890521;-48,086864;"SPRF-DF";"DEL03-DF";"UOP01-DEL03-DF"
382597;2021-09-10;"sexta-feira";"09:00:00";"PA";316;62;"CASTANHAL";"Acessar a via sem observar a presença dos outros veículos";"Colisão transversal";"Sem Vítimas";"Pleno dia";"Decrescente";"Céu Claro";"Dupla";"Interseção de Vias";"Sim";3;0;0;0;2;1;0;3;-1,29686015;-47,94639002;"SPRF-PA";"DEL01-PA";"UOP01-DEL01-PA"
382599;2021-09-08;"quarta-feira";"21:45:00";"GO";40;75,1;"CRISTALINA";"Objeto estático sobre o leito carroçável";"Colisão com objeto";"Com Vítimas Feridas";"Plena Noite";"Decrescente";"Céu Claro";"Simples";"Reta";"Não";1;0;1;0;0;0;1;1;-16,635638;-47,738487;"SPRF-DF";"DEL01-DF";"UOP02-DEL01-DF"
382602;2021-09-10;"sexta-feira";"09:30:00";"SC";101;205,8;"SAO JOSE";"Reação tardia ou ineficiente do condutor";"Colisão traseira";"Com Vítimas Feridas";"Pleno dia";"Decrescente";"Céu Claro";"Múltipla";"Reta";"Sim";2;0;1;0;1;0;1;2;-27,58313237;-48,61532885;"SPRF-SC";"DEL01-SC";"UOP01-DEL01-SC"
382603;2021-09-10;"sexta-feira";"08:00:00";"RO";319;64,5;"PORTO VELHO";"Condutor deixou de manter distância do veículo da frente";"Colisão lateral mesmo sentido";"Sem Vítimas";"Pleno dia";"Crescente";"Sol";"Dupla";"Reta";"Sim";2;0;0;0;2;0;0;2;-8,766685;-63,884052;"SPRF-RO";"DEL01-RO";"UOP01-DEL01-RO"
382604;2021-09-10;"sexta-feira";"08:55:00";"MS";262;557,9;"MIRANDA";"Velocidade Incompatível";"Saída de leito carroçável";"Com Vítimas Feridas";"Pleno dia";"Crescente";"Céu Claro";"Dupla";"Curva";"Sim";2;0;1;0;1;0;1;1;-20,23950151;-56,36753458;"SPRF-MS";"DEL03-MS";"UOP02-DEL03-MS"
382609;2021-09-10;"sexta-feira";"10:00:00";"PR";373;265;"PRUDENTOPOLIS";"Reação tardia ou ineficiente do condutor";"Colisão lateral mesmo sentido";"Com Vítimas Feridas";"Pleno dia";"Crescente";"Céu Claro";"Simples";"Reta";"Sim";2;0;1;0;1;0;1;2;-25,20075722;-50,97589731;"SPRF-PR";"DEL08-PR";"UOP01-DEL08-PR"
382610;2021-08-28;"sábado";"22:00:00";"CE";116;24;"ITAITINGA";"Ingestão de álcool pelo condutor";"Colisão traseira";"Com Vítimas Feridas";"Plena Noite";"Decrescente";"Céu Claro";"Dupla";"Curva";"Não";4;0;2;1;0;1;3;3;-3,95797982;-38,5131124;"SPRF-CE";"DEL01-CE";"UOP02-DEL01-CE"
382612;2021-09-10;"sexta-feira";"10:28:00";"GO";50;166;"CAMPO ALEGRE DE GOIAS";"Condutor Dormindo";"Saída de leito carroçável";"Sem Vítimas";"Pleno dia";"Crescente";"Céu Claro";"Dupla";"Reta";"Não";3;0;0;0;3;0;0;1;-17,3036;-47,7611;"SPRF-GO";"DEL06-GO";"UOP01-DEL06-GO"
382614;2021-09-10;"sexta-feira";"07:30:00";"PI";343;257,1;"CAMPO MAIOR";"Condutor deixou de manter distância do veículo da frente";"Colisão traseira";"Com Vítimas Feridas";"Pleno dia";"Crescente";"Céu Claro";"Simples";"Reta";"Não";3;0;1;1;1;0;2;2;-4,78523;-42,118954;"SPRF-PI";"DEL01-PI";"UOP03-DEL01-PI"
382617;2021-07-12;"segunda-feira";"11:30:00";"PA";316;68;"CASTANHAL";"Ausência de reação do condutor";"Colisão traseira";"Com Vítimas Feridas";"Pleno dia";"Decrescente";"Sol";"Simples";"Reta";"Sim";2;0;0;1;1;0;1;2;-1,29440507;-47,88382304;"SPRF-PA";"DEL01-PA";"UOP01-DEL01-PA"
382618;2021-09-10;"sexta-feira";"08:50:00";"BA";116;418;"FEIRA DE SANTANA";"Condutor deixou de manter distância do veículo da frente";"Colisão traseira";"Com Vítimas Feridas";"Pleno dia";"Crescente";"Céu Claro";"Dupla";"Retorno Regulamentado";"Sim";2;0;1;0;1;0;1;2;-12,185808;-38,965225;"SPRF-BA";"DEL02-BA";"UOP01-DEL02-BA"
382619;2021-09-10;"sexta-feira";"10:45:00";"SP";116;200;"ARUJA";"Avarias e/ou desgaste excessivo no pneu";"Queda de ocupante de veículo";"Com Vítimas Feridas";"Pleno dia";"Crescente";"Céu Claro";"Simples";"Reta";"Não";2;0;2;0;0;0;2;1;-23,40281294;-46,3211;"SPRF-SP";"DEL01-SP";"UOP01-DEL01-SP"
382620;2021-09-10;"sexta-feira";"10:15:00";"RO";364;238,2;"CACOAL";"Animais na Pista";"Atropelamento de Animal";"Com Vítimas Feridas";"Pleno dia";"Decrescente";"Sol";"Simples";"Reta;Declive;Retorno Regulamentado";"Sim";1;0;1;0;0;0;1;1;-11,4388578;-61,45471289;"SPRF-RO";"DEL02-RO";"UOP02-DEL02-RO"
382622;2021-09-10;"sexta-feira";"10:45:00";"BA";324;611,5;"SIMOES FILHO";"Reação tardia ou ineficiente do condutor";"Colisão com objeto";"Com Vítimas Feridas";"Pleno dia";"Crescente";"Sol";"Dupla";"Reta";"Não";3;0;2;0;1;0;2;1;-12,83798396;-38,41427011;"SPRF-BA";"DEL01-BA";"UOP01-DEL01-BA"
382623;2021-09-10;"sexta-feira";"10:50:00";"PR";277;336;"IRATI";"Acessar a via sem observar a presença dos outros veículos";"Colisão transversal";"Com Vítimas Feridas";"Pleno dia";"Crescente";"Céu Claro";"Simples";"Reta";"Sim";2;0;0;1;1;0;1;2;-25,49928877;-50,64872146;"SPRF-PR";"DEL08-PR";"UOP01-DEL08-PR"
382624;2021-09-10;"sexta-feira";"11:15:00";"PI";316;312;"PICOS";"Ausência de reação do condutor";"Colisão com objeto";"Com Vítimas Feridas";"Pleno dia";"Decrescente";"Céu Claro";"Simples";"Curva";"Sim";1;0;1;0;0;0;1;1;-7,08092534;-41,4582602;"SPRF-PI";"DEL04-PI";"UOP01-DEL04-PI"
382625;2021-09-10;"sexta-feira";"08:30:00";"MG";356;265,3;"MURIAE";"Transitar na contramão";"Colisão lateral sentido oposto";"Com Vítimas Feridas";"Pleno dia";"Crescente";"Sol";"Simples";"Curva";"Sim";2;0;1;1;0;0;2;2;-21,12838898;-42,366803;"SPRF-MG";"DEL07-MG";"UOP02-DEL07-MG"
382628;2021-09-07;"terça-feira";"22:35:00";"RO";364;611;"ITAPUA DO OESTE";"Pista em desnível";"Tombamento";"Com Vítimas Feridas";"Plena Noite";"Decrescente";"Céu Claro";"Simples";"Em Obras";"Não";1;0;1;0;0;0;1;1;-9,15374573;-63,22670073;"SPRF-RO";"DEL01-RO";"UOP04-DEL01-RO"
382630;2021-09-10;"sexta-feira";"11:20:00";"SC";280;72,5;"JARAGUA DO SUL";"Ultrapassagem Indevida";"Colisão lateral mesmo sentido";"Com Vítimas Feridas";"Pleno dia";"Decrescente";"Sol";"Simples";"Reta";"Não";2;0;1;0;1;0;1;2;-26,45955419;-49,14342101;"SPRF-SC";"DEL03-SC";"UOP03-DEL03-SC"
382631;2021-09-10;"sexta-feira";"11:50:00";"RS";290;44,2;"GLORINHA";"Condutor Dormindo";"Saída de leito carroçável";"Com Vítimas Feridas";"Pleno dia";"Crescente";"Sol";"Múltipla";"Reta";"Não";2;0;1;1;0;0;2;1;-29,889887;-50,699654;"SPRF-RS";"DEL03-RS";"UOP01-DEL03-RS"
382635;2021-08-05;"quinta-feira";"19:20:00";"SC";101;203;"SAO JOSE";"Acessar a via sem observar a presença dos outros veículos";"Colisão lateral mesmo sentido";"Com Vítimas Feridas";"Plena Noite";"Decrescente";"Nublado";"Múltipla";"Interseção de Vias";"Sim";2;0;1;0;1;0;1;2;-27,5650044;-48,61460082;"SPRF-SC";"DEL01-SC";"UOP01-DEL01-SC"
382636;2021-09-10;"sexta-feira";"09:35:00";"PE";232;116,2;"CARUARU";"Demais falhas mecânicas ou elétricas";"Saída de leito carroçável";"Com Vítimas Feridas";"Pleno dia";"Crescente";"Sol";"Dupla";"Reta";"Não";2;0;2;0;0;0;2;1;-8,2970005;-35,86666391;"SPRF-PE";"DEL02-PE";"UOP03-DEL02-PE"
382637;2021-09-10;"sexta-feira";"12:30:00";"PR";277;39;"MORRETES";"Acumulo de areia ou detritos sobre o pavimento";"Tombamento";"Com Vítimas Feridas";"Pleno dia";"Crescente";"Sol";"Dupla";"Reta";"Não";1;0;1;0;0;0;1;1;-25,571233;-48,817137;"SPRF-PR";"DEL01-PR";"UOP05-DEL01-PR"
382639;2021-09-02;"quinta-feira";"19:30:00";"MS";376;34,1;"VICENTINA";"Animais na Pista";"Atropelamento de Animal";"Com Vítimas Feridas";"Plena Noite";"Decrescente";"Nublado";"Simples";"Declive";"Não";2;0;0;2;0;0;2;2;-22,39630512;-54,46859505;"SPRF-MS";"DEL04-MS";"UOP04-DEL04-MS"
382640;2021-09-10;"sexta-feira";"13:00:00";"SC";282;27;"SANTO AMARO DA IMPERATRIZ";"Condutor usando celular";"Colisão frontal";"Com Vítimas Feridas";"Pleno dia";"Decrescente";"Céu Claro";"Simples";"Reta";"Sim";4;0;1;0;3;0;1;2;-27,673981;-48,769676;"SPRF-SC";"DEL01-SC";"UOP03-DEL01-SC"
382641;2021-07-24;"sábado";"18:15:00";"SC";101;210,8;"SAO JOSE";"Condutor deixou de manter distância do veículo da frente";"Colisão traseira";"Com Vítimas Feridas";"Plena Noite";"Crescente";"Céu Claro";"Múltipla";"Reta";"Sim";2;0;0;1;0;1;1;2;-27,62219351;-48,65140915;"SPRF-SC";"DEL01-SC";"UOP01-DEL01-SC"
382642;2021-09-10;"sexta-feira";"11:45:00";"PE";408;93,4;"SAO LOURENCO DA MATA";"Animais na Pista";"Saída de leito carroçável";"Com Vítimas Feridas";"Pleno dia";"Decrescente";"Céu Claro";"Dupla";"Declive";"Sim";1;0;1;0;0;0;1;1;-8,003328;-35,049998;"SPRF-PE";"DEL01-PE";"UOP01-DEL01-PE"
382643;2021-09-10;"sexta-feira";"11:50:00";"RO";364;196,6;"PIMENTA BUENO";"Retorno proibido";"Colisão transversal";"Com Vítimas Feridas";"Pleno dia";"Crescente";"Céu Claro";"Simples";"Reta";"Sim";2;0;1;0;1;0;1;2;-11,68166;-61,18648;"SPRF-RO";"DEL02-RO";"UOP02-DEL02-RO"
382644;2021-09-10;"sexta-feira";"13:00:00";"PB";230;27,5;"JOAO PESSOA";"Ausência de reação do condutor";"Tombamento";"Com Vítimas Feridas";"Pleno dia";"Decrescente";"Céu Claro";"Dupla";"Reta";"Sim";2;0;1;1;0;0;2;1;-7,1677;-34,8855;"SPRF-PB";"DEL01-PB";"UOP01-DEL01-PB"
382645;2021-01-25;"segunda-feira";"17:19:00";"PI";343;3,4;"TERESINA";"Condutor deixou de manter distância do veículo da frente";"Colisão transversal";"Sem Vítimas";"Pleno dia";"Decrescente";"Nublado";"Múltipla";"Interseção de Vias";"Sim";2;0;0;0;2;0;0;2;-5,089569;-42,802288;"SPRF-PI";"DEL01-PI";"UOP01-DEL01-PI"
382646;2021-09-10;"sexta-feira";"14:00:00";"PB";101;86;"JOAO PESSOA";"Ingestão de álcool pelo condutor";"Saída de leito carroçável";"Com Vítimas Feridas";"Pleno dia";"Decrescente";"Sol";"Dupla";"Aclive;Interseção de Vias";"Sim";1;0;1;0;0;0;1;1;-7,15118983;-34,91012184;"SPRF-PB";"DEL01-PB";"UOP01-DEL01-PB"
382647;2021-09-10;"sexta-feira";"06:10:00";"RJ";101;322;"NITEROI";"Demais falhas mecânicas ou elétricas";"Incêndio";"Sem Vítimas";"Pleno dia";"Decrescente";"Céu Claro";"Simples";"Curva";"Não";1;0;0;0;0;1;0;1;-22,878923;-43,110676;"SPRF-RJ";"DEL02-RJ";"UOP02-DEL02-RJ"