"id";"data_inversa";"dia_semana";"horario";"uf";"br";"km";"municipio";"causa_acidente";"tipo_acidente";"classificacao_acidente";"fase_dia";"sentido_via";"condicao_metereologica";"tipo_pista";"tracado_via";"uso_solo";"pessoas";"mortos";"feridos_leves";"feridos_graves";"ilesos";"ignorados";"feridos";"veiculos";"latitude";"longitude";"regional";"delegacia";"uop"
382881;2021-09-11;"sábado";"17:52:00";"RN";110;49,2;"MOSSORO";"Acessar a via sem observar a presença dos outros veículos";"Colisão transversal";"Com Vítimas Feridas";"Anoitecer";"Crescente";"Céu Claro";"Dupla";"Retorno Regulamentado";"Sim";2;0;0;1;1;0;1;2;-5,21645975;-37,32927128;"SPRF-RN";"DEL04-RN";"UOP01-DEL04-RN"
382882;2021-09-11;"sábado";"18:00:00";"SE";101;182;"UMBAUBA";"Reação tardia ou ineficiente do condutor";"Colisão frontal";"Com Vítimas Feridas";"Plena Noite";"Decrescente";"Céu Claro";"Simples";"Reta";"Sim";2;0;0;2;0;0;2;2;-11,37390377;-37,65552315;"SPRF-SE";"DEL02-SE";"UOP03-DEL02-SE"
382884;2021-09-11;"sábado";"17:00:00";"SP";116;212;"GUARULHOS";"Avarias e/ou desgaste excessivo no pneu";"Tombamento";"Com Vítimas Feridas";"Pleno dia";"Decrescente";"Nublado";"Dupla";"Reta";"Sim";2;0;2;0;0;0;2;1;-23,43608315;-46,42805094;"SPRF-SP";"DEL01-SP";"UOP01-DEL01-SP"
382885;2021-09-11;"sábado";"17:19:00";"SC";470;56;"BLUMENAU";"Acessar a via sem observar a presença dos outros veículos";"Colisão transversal";"Com Vítimas Feridas";"Pleno dia";"Crescente";"Céu Claro";"Simples";"Reta";"Sim";3;0;2;0;1;0;2;2;-26,87710983;-49,12910775;"SPRF-SC";"DEL04-SC";"UOP01-DEL04-SC"
382886;2021-09-11;"sábado";"17:50:00";"RN";101;77,4;"NATAL";"Ausência de reação do condutor";"Capotamento";"Com Vítimas Feridas";"Anoitecer";"Crescente";"Céu Claro";"Dupla";"Retorno Regulamentado";"Sim";1;0;1;0;0;0;1;1;-5,73571801;-35,29088795;"SPRF-RN";"DEL02-RN";"UOP01-DEL02-RN"
382887;2021-09-11;"sábado";"17:20:00";"MG";40;800,6;"JUIZ DE FORA";"Demais falhas mecânicas ou elétricas";"Colisão com objeto";"Com Vítimas Feridas";"Pleno dia";"Crescente";"Nublado";"Dupla";"Reta";"Não";2;0;2;0;0;0;2;1;-21,83830804;-43,37465316;"SPRF-MG";"DEL05-MG";"UOP01-DEL05-MG"
382888;2021-09-11;"sábado";"17:40:00";"PE";101;59,5;"RECIFE";"Pedestre cruzava a pista fora da faixa";"Atropelamento de Pedestre";"Com Vítimas Feridas";"Pleno dia";"Decrescente";"Céu Claro";"Dupla";"Reta";"Sim";2;0;1;1;0;0;2;2;-7,97708575;-34,92607318;"SPRF-PE";"DEL01-PE";"UOP02-DEL01-PE"
382889;2021-09-11;"sábado";"18:00:00";"RN";101;84;"NATAL";"Condutor deixou de manter distância do veículo da frente";"Colisão traseira";"Com Vítimas Feridas";"Plena Noite";"Decrescente";"Céu Claro";"Dupla";"Reta";"Não";3;0;2;0;1;0;2;2;-5,774175;-35,2578;"SPRF-RN";"DEL02-RN";"UOP01-DEL02-RN"
382890;2021-09-11;"sábado";"18:30:00";"RS";468;105,4;"TRES PASSOS";"Condutor deixou de manter distância do veículo da frente";"Colisão lateral mesmo sentido";"Com Vítimas Feridas";"Anoitecer";"Crescente";"Céu Claro";"Simples";"Reta";"Sim";2;0;2;0;0;0;2;2;-27,44375401;-53,94975605;"SPRF-RS";"DEL08-RS";"UOP02-DEL08-RS"
382891;2021-09-11;"sábado";"17:30:00";"PR";153;29;"JACAREZINHO";"Afundamento ou ondulação no pavimento";"Tombamento";"Com Vítimas Feridas";"Pleno dia";"Crescente";"Céu Claro";"Simples";"Reta";"Não";2;0;1;0;0;1;1;2;-23,21844118;-50,00194402;"SPRF-PR";"DEL07-PR";"UOP04-DEL07-PR"
382892;2021-09-11;"sábado";"18:40:00";"MG";381;941;"EXTREMA";"Velocidade Incompatível";"Colisão com objeto";"Com Vítimas Feridas";"Plena Noite";"Crescente";"Chuva";"Dupla";"Reta";"Não";1;0;1;0;0;0;1;1;-22,82827494;-46,3143146;"SPRF-MG";"DEL16-MG";"UOP03-DEL16-MG"
382893;2021-09-11;"sábado";"18:00:00";"PE";232;12,6;"JABOATAO DOS GUARARAPES";"Velocidade Incompatível";"Colisão traseira";"Sem Vítimas";"Plena Noite";"Crescente";"Céu Claro";"Dupla";"Declive";"Não";2;0;0;0;2;0;0;2;-8,08577691;-35,00345603;"SPRF-PE";"DEL01-PE";"UOP01-DEL01-PE"
382894;2021-09-11;"sábado";"18:10:00";"PI";316;385;"ALEGRETE DO PIAUI";"Acessar a via sem observar a presença dos outros veículos";"Colisão transversal";"Com Vítimas Feridas";"Plena Noite";"Crescente";"Céu Claro";"Simples";"Reta";"Não";2;0;0;1;0;1;1;2;-7,24435598;-40,86016897;"SPRF-PI";"DEL04-PI";"UOP03-DEL04-PI"
382897;2021-09-11;"sábado";"18:45:00";"AL";104;61;"MURICI";"Transitar na contramão";"Colisão frontal";"Com Vítimas Feridas";"Plena Noite";"Crescente";"Céu Claro";"Simples";"Reta";"Não";3;0;1;1;0;1;2;3;-9,3200147;-35,92742365;"SPRF-AL";"DEL01-AL";"UOP02-DEL01-AL"
382898;2021-09-11;"sábado";"18:20:00";"MG";381;478;"CONTAGEM";"Pedestre andava na pista";"Atropelamento de Pedestre";"Com Vítimas Fatais";"Plena Noite";"Crescente";"Nublado";"Dupla";"Reta;Aclive";"Sim";2;1;0;0;1;0;0;2;-19,9615773;-44,0383272;"SPRF-MG";"DEL01-MG";"UOP03-DEL01-MG"
382899;2021-07-16;"sexta-feira";"18:00:00";"GO";60;95;"ANAPOLIS";"Reação tardia ou ineficiente do condutor";"Saída de leito carroçável";"Com Vítimas Feridas";"Plena Noite";"Crescente";"Céu Claro";"Dupla";"Reta";"Sim";2;0;2;0;0;0;2;1;-16,3679;-48,939;"SPRF-GO";"DEL02-GO";"UOP01-DEL02-GO"
382900;2021-09-11;"sábado";"19:00:00";"MG";153;13,9;"CENTRALINA";"Velocidade Incompatível";"Saída de leito carroçável";"Com Vítimas Feridas";"Plena Noite";"Decrescente";"Céu Claro";"Dupla";"Reta";"Não";1;0;1;0;0;0;1;1;-18,53318003;-49,19222975;"SPRF-MG";"DEL15-MG";"UOP03-DEL15-MG"
382901;2021-09-11;"sábado";"18:36:00";"SP";153;107,9;"JOSE BONIFACIO";"Acessar a via sem observar a presença dos outros veículos";"Colisão transversal";"Com Vítimas Feridas";"Anoitecer";"Crescente";"Nublado";"Simples";"Rotatória";"Não";3;0;1;0;2;0;1;2;-21,07208391;-49,66656517;"SPRF-SP";"DEL09-SP";"UOP01-DEL09-SP"
382902;2021-09-11;"sábado";"18:40:00";"RJ";116;167;"RIO DE JANEIRO";"Pedestre andava na pista";"Atropelamento de Pedestre";"Com Vítimas Feridas";"Plena Noite";"Crescente";"Nublado";"Simples";"Reta";"Não";2;0;1;0;1;0;1;2;-22,80040546;-43,35282326;"SPRF-RJ";"DEL01-RJ";"UOP01-DEL01-RJ"
382904;2021-09-11;"sábado";"08:25:00";"SC";101;132;"BALNEARIO CAMBORIU";"Condutor deixou de manter distância do veículo da frente";"Colisão lateral mesmo sentido";"Com Vítimas Feridas";"Anoitecer";"Crescente";"Céu Claro";"Múltipla";"Interseção de Vias";"Sim";3;0;1;0;1;1;1;3;-26,99654133;-48,65564711;"SPRF-SC";"DEL04-SC";"UOP03-DEL04-SC"
382905;2021-09-11;"sábado";"17:07:00";"RN";101;104,2;"PARNAMIRIM";"Ausência de reação do condutor";"Tombamento";"Com Vítimas Feridas";"Anoitecer";"Crescente";"Céu Claro";"Dupla";"Curva";"Sim";1;0;1;0;0;0;1;1;-5,89184323;-35,25873184;"SPRF-RN";"DEL01-RN";"UOP01-DEL01-RN"
382906;2021-09-11;"sábado";"19:15:00";"PR";116;118;"CURITIBA";"Reação tardia ou ineficiente do condutor";"Queda de ocupante de veículo";"Com Vítimas Feridas";"Plena Noite";"Crescente";"Céu Claro";"Múltipla";"Reta";"Sim";1;0;1;0;0;0;1;1;-25,562154;-49,308377;"SPRF-PR";"DEL01-PR";"UOP03-DEL01-PR"
382907;2021-09-11;"sábado";"19:20:00";"SP";153;58,4;"SAO JOSE DO RIO PRETO";"Chuva";"Queda de ocupante de veículo";"Com Vítimas Feridas";"Plena Noite";"Decrescente";"Chuva";"Simples";"Reta";"Sim";1;0;1;0;0;0;1;1;-20,77838195;-49,35300538;"SPRF-SP";"DEL09-SP";"UOP01-DEL09-SP"
382908;2021-09-11;"sábado";"19:20:00";"RN";405;131;"SAO FRANCISCO DO OESTE";"Ausência de reação do condutor";"Colisão com objeto";"Com Vítimas Fatais";"Plena Noite";"Decrescente";"Céu Claro";"Simples";"Curva";"Não";1;1;0;0;0;0;0;1;-5,963642;-38,127862;"SPRF-RN";"DEL04-RN";"UOP02-DEL04-RN"
382909;2021-09-11;"sábado";"18:30:00";"SP";158;5,2;"PAULICEIA";"Ultrapassagem Indevida";"Colisão lateral sentido oposto";"Sem Vítimas";"Plena Noite";"Crescente";"Nublado";"Simples";"Curva";"Não";2;0;0;0;2;0;0;2;-21,26904882;-51,845562;"SPRF-MS";"DEL07-MS";"UOP01-DEL07-MS"
382910;2021-09-11;"sábado";"19:15:00";"PR";116;157;"MANDIRITUBA";"Ingestão de álcool pelo condutor";"Colisão frontal";"Com Vítimas Feridas";"Plena Noite";"Crescente";"Nublado";"Simples";"Curva";"Não";3;0;2;1;0;0;3;2;-25,86771116;-49,36469855;"SPRF-PR";"DEL01-PR";"UOP03-DEL01-PR"
382911;2021-09-11;"sábado";"17:40:00";"PE";101;152;"RIBEIRAO";"Reação tardia ou ineficiente do condutor";"Capotamento";"Com Vítimas Feridas";"Anoitecer";"Decrescente";"Céu Claro";"Múltipla";"Curva";"Não";3;0;3;0;0;0;3;1;-8,51119897;-35,38696321;"SPRF-PE";"DEL01-PE";"UOP01-DEL01-PE"
382912;2021-09-11;"sábado";"16:30:00";"MT";70;768;"CACERES";"Demais falhas mecânicas ou elétricas";"Incêndio";"Sem Vítimas";"Pleno dia";"Crescente";"Céu Claro";"Simples";"Reta";"Não";2;0;0;0;2;0;0;1;-16,05854117;-57,78475293;"SPRF-MT";"DEL03-MT";"UOP01-DEL03-MT"
382913;2021-09-11;"sábado";"15:00:00";"MT";163;635;"NOVA MUTUM";"Condutor deixou de manter distância do veículo da frente";"Colisão traseira";"Sem Vítimas";"Pleno dia";"Crescente";"Céu Claro";"Simples";"Reta";"Não";2;0;0;0;2;0;0;2;-13,602345;-56,03186002;"SPRF-MT";"DEL01-MT";"UOP01-DEL01-MT"
382914;2021-09-11;"sábado";"19:40:00";"ES";262;3,8;"CARIACICA";"Ausência de reação do condutor";"Colisão transversal";"Sem Vítimas";"Plena Noite";"Crescente";"Nublado";"Dupla";"Interseção de Vias";"Sim";2;0;0;0;1;1;0;2;-20,33374432;-40,36910933;"SPRF-ES";"DEL01-ES";"UOP01-DEL01-ES"
382916;2021-09-11;"sábado";"19:45:00";"RS";392;75,8;"PELOTAS";"Ingestão de substâncias psicoativas pelo condutor";"Colisão frontal";"Com Vítimas Feridas";"Plena Noite";"Crescente";"Céu Claro";"Simples";"Reta";"Não";5;0;2;0;3;0;2;3;-31,70266721;-52,41222613;"SPRF-RS";"DEL07-RS";"UOP01-DEL07-RS"
382917;2021-09-11;"sábado";"20:00:00";"RJ";116;192;"QUEIMADOS";"Condutor Dormindo";"Colisão com objeto";"Com Vítimas Feridas";"Plena Noite";"Crescente";"Chuva";"Dupla";"Reta";"Não";1;0;1;0;0;0;1;1;-22,74207737;-43,5192401;"SPRF-RJ";"DEL01-RJ";"UOP02-DEL01-RJ"
382918;2021-09-11;"sábado";"20:30:00";"RJ";116;226;"PIRAI";"Condutor Dormindo";"Capotamento";"Com Vítimas Feridas";"Plena Noite";"Decrescente";"Céu Claro";"Dupla";"Declive";"Não";1;0;1;0;0;0;1;1;-22,67208078;-43,81789284;"SPRF-RJ";"DEL07-RJ";"UOP01-DEL07-RJ"
382919;2021-09-11;"sábado";"19:45:00";"MG";262;428,4;"SAO GONCALO DO PARA";"Velocidade Incompatível";"Saída de leito carroçável";"Com Vítimas Feridas";"Plena Noite";"Crescente";"Céu Claro";"Dupla";"Reta;Declive";"Não";1;0;0;1;0;0;1;1;-19,89562274;-44,84912753;"SPRF-MG";"DEL08-MG";"UOP03-DEL08-MG"
382920;2021-09-11;"sábado";"20:20:00";"SP";116;216,3;"GUARULHOS";"Pedestre cruzava a pista fora da faixa";"Atropelamento de Pedestre";"Com Vítimas Fatais";"Plena Noite";"Crescente";"Céu Claro";"Múltipla";"Reta";"Sim";3;1;0;0;2;0;0;2;-23,452894;-46,468817;"SPRF-SP";"DEL01-SP";"UOP01-DEL01-SP"
382921;2021-09-11;"sábado";"19:30:00";"RS";470;222;"GARIBALDI";"Ausência de reação do condutor";"Saída de leito carroçável";"Sem Vítimas";"Plena Noite";"Crescente";"Céu Claro";"Dupla";"Curva";"Sim";1;0;0;0;0;1;0;1;-29,22202263;-51,5164501;"SPRF-RS";"DEL06-RS";"UOP01-DEL06-RS"
382923;2021-09-11;"sábado";"18:10:00";"RJ";40;119;"DUQUE DE CAXIAS";"Transitar na contramão";"Colisão frontal";"Com Vítimas Feridas";"Plena Noite";"Decrescente";"Céu Claro";"Múltipla";"Reta";"Sim";3;0;2;0;0;1;2;2;-22,76375592;-43,28683062;"SPRF-RJ";"DEL01-RJ";"UOP01-DEL01-RJ"
382924;2021-09-11;"sábado";"20:30:00";"MG";40;637,5;"CONSELHEIRO LAFAIETE";"Velocidade Incompatível";"Capotamento";"Com Vítimas Feridas";"Plena Noite";"Decrescente";"Céu Claro";"Simples";"Curva";"Não";4;0;2;1;0;1;3;1;-20,7152208;-43,79625842;"SPRF-MG";"DEL05-MG";"UOP02-DEL05-MG"
382925;2021-09-11;"sábado";"19:50:00";"RS";471;174;"RIO PARDO";"Ingestão de álcool pelo condutor";"Saída de leito carroçável";"Sem Vítimas";"Plena Noite";"Decrescente";"Céu Claro";"Simples";"Reta";"Sim";1;0;0;0;1;0;0;1;-29,98318513;-52,36893123;"SPRF-RS";"DEL02-RS";"UOP03-DEL02-RS"
382926;2021-09-11;"sábado";"18:30:00";"MA";230;409,2;"BALSAS";"Transitar na contramão";"Colisão frontal";"Com Vítimas Fatais";"Plena Noite";"Decrescente";"Céu Claro";"Dupla";"Reta";"Não";2;1;0;0;1;0;0;2;-7,51309855;-46,0844362;"SPRF-MA";"DEL05-MA";"UOP01-DEL05-MA"
382927;2021-09-11;"sábado";"17:00:00";"MG";116;562,7;"MANHUACU";"Acessar a via sem observar a presença dos outros veículos";"Colisão transversal";"Com Vítimas Feridas";"Pleno dia";"Crescente";"Céu Claro";"Simples";"Curva";"Não";3;0;1;1;1;0;2;2;-20,04682025;-42,17884094;"SPRF-MG";"DEL06-MG";"UOP03-DEL06-MG"
382928;2021-09-11;"sábado";"20:50:00";"SC";470;8,6;"NAVEGANTES";"Reação tardia ou ineficiente do condutor";"Colisão transversal";"Com Vítimas Feridas";"Plena Noite";"Crescente";"Céu Claro";"Simples";"Reta";"Não";3;0;1;0;2;0;1;2;-26,83688;-48,718853;"SPRF-SC";"DEL04-SC";"UOP04-DEL04-SC"
382930;2021-09-11;"sábado";"21:15:00";"RN";101;85,4;"NATAL";"Reação tardia ou ineficiente do condutor";"Tombamento";"Com Vítimas Feridas";"Plena Noite";"Decrescente";"Céu Claro";"Dupla";"Reta;Ponte";"Sim";1;0;1;0;0;0;1;1;-5,7819771;-35,24734479;"SPRF-RN";"DEL02-RN";"UOP01-DEL02-RN"
382931;2021-09-11;"sábado";"18:40:00";"SE";235;46,5;"ITABAIANA";"Acostamento em desnível";"Queda de ocupante de veículo";"Com Vítimas Feridas";"Plena Noite";"Crescente";"Céu Claro";"Simples";"Aclive";"Sim";1;0;1;0;0;0;1;1;-10,739394;-37,405602;"SPRF-SE";"DEL01-SE";"UOP02-DEL01-SE"
382933;2021-09-11;"sábado";"18:53:00";"SC";470;70;"INDAIAL";"Conversão proibida";"Colisão lateral mesmo sentido";"Com Vítimas Feridas";"Plena Noite";"Crescente";"Céu Claro";"Simples";"Reta";"Sim";2;0;1;0;1;0;1;2;-26,889374;-49,254478;"SPRF-SC";"DEL04-SC";"UOP01-DEL04-SC"
382935;2021-09-11;"sábado";"20:40:00";"PR";116;152;"MANDIRITUBA";"Acessar a via sem observar a presença dos outros veículos";"Colisão transversal";"Com Vítimas Feridas";"Plena Noite";"Crescente";"Nublado";"Simples";"Reta";"Sim";2;0;0;1;1;0;1;2;-25,83236296;-49,33609707;"SPRF-PR";"DEL01-PR";"UOP03-DEL01-PR"
382937;2021-09-11;"sábado";"18:45:00";"GO";364;196;"JATAI";"Animais na Pista";"Atropelamento de Animal";"Sem Vítimas";"Plena Noite";"Crescente";"Céu Claro";"Dupla";"Reta";"Sim";2;0;0;0;2;0;0;1;-17,917234;-51,720665;"SPRF-GO";"DEL05-GO";"UOP01-DEL05-GO"
382938;2021-09-11;"sábado";"20:58:00";"SP";116;142;"SAO JOSE DOS CAMPOS";"Entrada inopinada do pedestre";"Atropelamento de Pedestre";"Com Vítimas Feridas";"Plena Noite";"Decrescente";"Céu Claro";"Dupla";"Reta";"Não";2;0;1;1;0;0;2;2;-23,17426078;-45,82940111;"SPRF-SP";"DEL02-SP";"UOP01-DEL02-SP"
382940;2021-09-11;"sábado";"21:50:00";"AL";316;41,7;"CANAPI";"Animais na Pista";"Atropelamento de Animal";"Com Vítimas Feridas";"Plena Noite";"Decrescente";"Céu Claro";"Simples";"Declive";"Não";1;0;0;1;0;0;1;1;-9,13835721;-37,56202127;"SPRF-AL";"DEL03-AL";"UOP02-DEL03-AL"
382941;2021-09-11;"sábado";"20:45:00";"MT";163;747;"SORRISO";"Reação tardia ou ineficiente do condutor";"Saída de leito carroçável";"Com Vítimas Feridas";"Plena Noite";"Decrescente";"Nublado";"Dupla";"Curva";"Sim";3;0;1;1;1;0;2;1;-12,597928;-55,747326;"SPRF-MT";"DEL06-MT";"UOP01-DEL06-MT"
382942;2021-09-11;"sábado";"22:00:00";"PR";369;509,4;"CASCAVEL";"Ingestão de álcool pelo condutor";"Queda de ocupante de veículo";"Com Vítimas Feridas";"Plena Noite";"Crescente";"Céu Claro";"Simples";"Reta";"Não";1;0;1;0;0;0;1;1;-24,8498;-53,3253;"SPRF-PR";"DEL04-PR";"UOP01-DEL04-PR"
382943;2021-09-11;"sábado";"21:15:00";"MG";267;28,6;"ARGIRITA";"Demais falhas na via";"Colisão com objeto";"Com Vítimas Feridas";"Plena Noite";"Decrescente";"Nublado";"Simples";"Curva";"Não";1;0;1;0;0;0;1;1;-21,62799078;-42,83040926;"SPRF-MG";"DEL07-MG";"UOP01-DEL07-MG"
382944;2021-09-11;"sábado";"22:10:00";"PR";116;147;"MANDIRITUBA";"Ingestão de álcool pelo condutor";"Colisão com objeto";"Sem Vítimas";"Plena Noite";"Crescente";"Nublado";"Simples";"Declive";"Não";1;0;0;0;0;1;0;1;-25,79053901;-49,32743694;"SPRF-PR";"DEL01-PR";"UOP03-DEL01-PR"
382945;2021-09-11;"sábado";"15:55:00";"RJ";393;258;"BARRA DO PIRAI";"Acumulo de água sobre o pavimento";"Colisão transversal";"Com Vítimas Feridas";"Pleno dia";"Crescente";"Chuva";"Simples";"Curva";"Sim";7;0;2;5;0;0;7;2;-22,4514837;-43,82691483;"SPRF-RJ";"DEL05-RJ";"UOP04-DEL05-RJ"
382946;2021-09-11;"sábado";"20:20:00";"RS";471;176;"RIO PARDO";"Animais na Pista";"Atropelamento de Animal";"Sem Vítimas";"Plena Noite";"Decrescente";"Céu Claro";"Simples";"Reta";"Não";2;0;0;0;2;0;0;1;-29,99974812;-52,36794233;"SPRF-RS";"DEL02-RS";"UOP03-DEL02-RS"
382947;2021-09-11;"sábado";"19:40:00";"BA";330;849;"IPIAU";"Pedestre andava na pista";"Atropelamento de Pedestre";"Com Vítimas Feridas";"Plena Noite";"Decrescente";"Céu Claro";"Simples";"Reta";"Não";3;0;1;1;1;0;2;2;-14,1794927;-39,66541375;"SPRF-BA";"DEL03-BA";"UOP01-DEL03-BA"
382948;2021-09-11;"sábado";"23:10:00";"PR";376;169;"MARINGA";"Reação tardia ou ineficiente do condutor";"Colisão traseira";"Com Vítimas Feridas";"Plena Noite";"Crescente";"Céu Claro";"Dupla";"Declive";"Não";2;0;1;0;0;1;1;2;-23,41293401;-51,98354301;"SPRF-PR";"DEL09-PR";"UOP01-DEL09-PR"
382950;2021-09-11;"sábado";"23:00:00";"PI";343;308,3;"ALTOS";"Ausência de reação do condutor";"Saída de leito carroçável";"Com Vítimas Feridas";"Plena Noite";"Crescente";"Céu Claro";"Simples";"Curva";"Sim";1;0;0;1;0;0;1;1;-5,038669;-42,468166;"SPRF-PI";"DEL01-PI";"UOP01-DEL01-PI"
382951;2021-09-11;"sábado";"21:00:00";"SC";280;69;"JARAGUA DO SUL";"Acessar a via sem observar a presença dos outros veículos";"Colisão lateral mesmo sentido";"Com Vítimas Feridas";"Plena Noite";"Decrescente";"Céu Claro";"Simples";"Reta;Interseção de Vias";"Sim";2;0;0;1;1;0;1;2;-26,46803296;-49,11833097;"SPRF-SC";"DEL03-SC";"UOP03-DEL03-SC"
382952;2021-09-11;"sábado";"22:20:00";"SC";101;158;"PORTO BELO";"Acessar a via sem observar a presença dos outros veículos";"Colisão lateral mesmo sentido";"Com Vítimas Feridas";"Plena Noite";"Decrescente";"Céu Claro";"Dupla";"Reta";"Sim";2;0;1;0;1;0;1;2;-27,19096301;-48,61259017;"SPRF-SC";"DEL04-SC";"UOP03-DEL04-SC"
382954;2021-09-11;"sábado";"23:30:00";"SC";101;200,8;"SAO JOSE";"Ingestão de álcool pelo condutor";"Colisão traseira";"Sem Vítimas";"Plena Noite";"Decrescente";"Céu Claro";"Múltipla";"Reta";"Sim";2;0;0;0;2;0;0;2;-27,54018513;-48,62287714;"SPRF-SC";"DEL01-SC";"UOP01-DEL01-SC"
382955;2021-09-11;"sábado";"22:44:00";"PI";316;4,5;"TERESINA";"Acesso irregular";"Colisão traseira";"Com Vítimas Feridas";"Plena Noite";"Crescente";"Céu Claro";"Múltipla";"Reta";"Sim";3;0;0;1;2;0;1;2;-5,142351;-42,78091;"SPRF-PI";"DEL01-PI";"UOP02-DEL01-PI"
382957;2021-09-11;"sábado";"20:50:00";"MG";40;576,6;"ITABIRITO";"Condutor deixou de manter distância do veículo da frente";"Colisão traseira";"Com Vítimas Feridas";"Plena Noite";"Crescente";"Céu Claro";"Simples";"Reta";"Não";3;0;1;0;2;0;1;2;-20,26485707;-43,9573481;"SPRF-MG";"DEL01-MG";"UOP02-DEL01-MG"
382958;2021-09-11;"sábado";"23:25:00";"RS";116;149,1;"CAXIAS DO SUL";"Condutor desrespeitou a iluminação vermelha do semáforo";"Colisão lateral mesmo sentido";"Com Vítimas Feridas";"Plena Noite";"Crescente";"Céu Claro";"Dupla";"Interseção de Vias";"Sim";6;0;1;0;5;0;1;2;-29,15996905;-51,15645292;"SPRF-RS";"DEL05-RS";"UOP01-DEL05-RS"
382959;2021-09-11;"sábado";"22:25:00";"MS";163;257;"DOURADOS";"Transitar na contramão";"Colisão frontal";"Com Vítimas Fatais";"Plena Noite";"Decrescente";"Céu Claro";"Dupla";"Reta";"Sim";3;1;2;0;0;0;2;2;-22,25888398;-54,793819;"SPRF-MS";"DEL04-MS";"UOP01-DEL04-MS"
382961;2021-09-11;"sábado";"23:40:00";"RJ";101;20;"CAMPOS DOS GOYTACAZES";"Transitar na contramão";"Colisão frontal";"Com Vítimas Fatais";"Plena Noite";"Crescente";"Céu Claro";"Simples";"Curva";"Sim";2;1;0;0;1;0;0;2;-21,38270215;-41,34132276;"SPRF-RJ";"DEL08-RJ";"UOP01-DEL08-RJ"
382963;2021-09-11;"sábado";"23:10:00";"MT";364;273;"JACIARA";"Reação tardia ou ineficiente do condutor";"Queda de ocupante de veículo";"Com Vítimas Feridas";"Plena Noite";"Crescente";"Céu Claro";"Dupla";"Reta";"Sim";1;0;0;1;0;0;1;1;-15,96077957;-54,96772983;"SPRF-MT";"DEL02-MT";"UOP01-DEL02-MT"
382964;2021-09-11;"sábado";"20:20:00";"BA";324;295;"JACOBINA";"Trafegar com motocicleta (ou similar) entre as faixas";"Colisão frontal";"Com Vítimas Feridas";"Plena Noite";"Decrescente";"Ignorado";"Simples";"Reta";"Sim";5;0;0;2;3;0;2;2;-11,18352697;-40,517817;"SPRF-BA";"DEL04-BA";"UOP02-DEL04-BA"
382968;2021-09-11;"sábado";"23:45:00";"ES";101;293,8;"VILA VELHA";"Reação tardia ou ineficiente do condutor";"Colisão com objeto";"Com Vítimas Feridas";"Plena Noite";"Decrescente";"Nublado";"Dupla";"Em Obras";"Sim";5;0;5;0;0;0;5;1;-20,31526144;-40,39567044;"SPRF-ES";"DEL01-ES";"UOP01-DEL01-ES"
382969;2021-09-12;"domingo";"01:00:00";"PE";101;44;"IGARASSU";"Transitar na contramão";"Colisão frontal";"Com Vítimas Feridas";"Plena Noite";"Decrescente";"Céu Claro";"Múltipla";"Reta";"Sim";2;0;0;1;0;1;1;2;-7,858102;-34,908084;"SPRF-PE";"DEL01-PE";"UOP02-DEL01-PE"
382970;2021-09-12;"domingo";"00:00:00";"PR";476;112;"COLOMBO";"Demais falhas mecânicas ou elétricas";"Incêndio";"Sem Vítimas";"Plena Noite";"Crescente";"Nublado";"Simples";"Reta";"Não";1;0;0;0;0;1;0;1;-25,344196;-49,159679;"SPRF-PR";"DEL01-PR";"UOP02-DEL01-PR"
382973;2021-09-12;"domingo";"00:45:00";"RJ";116;175;"NOVA IGUACU";"Entrada inopinada do pedestre";"Atropelamento de Pedestre";"Com Vítimas Fatais";"Plena Noite";"Crescente";"Chuva";"Múltipla";"Reta";"Sim";2;1;0;0;1;0;0;2;-22,78923555;-43,37275272;"SPRF-RJ";"DEL01-RJ";"UOP02-DEL01-RJ"
382975;2021-09-12;"domingo";"00:00:00";"RS";116;423;"CRISTAL";"Ausência de reação do condutor";"Tombamento";"Com Vítimas Feridas";"Plena Noite";"Crescente";"Céu Claro";"Simples";"Reta";"Não";1;0;1;0;0;0;1;1;-30,97350693;-52,00383003;"SPRF-RS";"DEL02-RS";"UOP02-DEL02-RS"
382976;2021-09-11;"sábado";"22:45:00";"MG";116;450,3;"ENGENHEIRO CALDAS";"Velocidade Incompatível";"Saída de leito carroçável";"Com Vítimas Fatais";"Plena Noite";"Decrescente";"Céu Claro";"Simples";"Curva";"Não";5;1;1;3;0;0;4;1;-19,15284006;-42,02187888;"SPRF-MG";"DEL06-MG";"UOP02-DEL06-MG"
382977;2021-09-11;"sábado";"23:50:00";"MT";174;4;"PONTES E LACERDA";"Ingestão de álcool pelo condutor";"Colisão lateral mesmo sentido";"Com Vítimas Feridas";"Plena Noite";"Crescente";"Céu Claro";"Simples";"Reta";"Sim";2;0;0;1;1;0;1;2;-15,226537;-59,335728;"SPRF-MT";"DEL04-MT";"UOP01-DEL04-MT"
382979;2021-09-12;"domingo";"00:25:00";"MS";163;256;"DOURADOS";"Ingestão de álcool pelo condutor";"Colisão transversal";"Com Vítimas Feridas";"Plena Noite";"Decrescente";"Céu Claro";"Dupla";"Rotatória";"Sim";2;0;0;1;0;1;1;2;-22,258618;-54,803928;"SPRF-MS";"DEL04-MS";"UOP01-DEL04-MS"