"id";"data_inversa";"dia_semana";"horario";"uf";"br";"km";"municipio";"causa_acidente";"tipo_acidente";"classificacao_acidente";"fase_dia";"sentido_via";"condicao_metereologica";"tipo_pista";"tracado_via";"uso_solo";"pessoas";"mortos";"feridos_leves";"feridos_graves";"ilesos";"ignorados";"feridos";"veiculos";"latitude";"longitude";"regional";"delegacia";"uop"
382980;2021-09-12;"domingo";"02:10:00";"RS";386;36,6;"FREDERICO WESTPHALEN";"Ingestão de álcool pelo condutor";"Colisão frontal";"Com Vítimas Feridas";"Plena Noite";"Decrescente";"Céu Claro";"Simples";"Reta";"Sim";2;0;1;0;0;1;1;2;-27,373381;-53,39772;"SPRF-RS";"DEL08-RS";"UOP02-DEL08-RS"
382981;2021-09-12;"domingo";"02:30:00";"SC";101;209,6;"SAO JOSE";"Condutor deixou de manter distância do veículo da frente";"Colisão traseira";"Com Vítimas Feridas";"Plena Noite";"Decrescente";"Nublado";"Múltipla";"Reta";"Sim";2;0;0;1;1;0;1;2;-27,61000542;-48,63895057;"SPRF-SC";"DEL01-SC";"UOP01-DEL01-SC"
382982;2021-09-12;"domingo";"01:30:00";"SC";282;486,6;"FAXINAL DOS GUEDES";"Ingestão de álcool pelo condutor";"Colisão com objeto";"Sem Vítimas";"Pleno dia";"Crescente";"Céu Claro";"Simples";"Aclive;Reta";"Sim";1;0;0;0;0;1;0;1;-26,855415;-52,25423;"SPRF-SC";"DEL07-SC";"UOP01-DEL07-SC"
382984;2021-09-12;"domingo";"02:45:00";"RS";116;243;"SAO LEOPOLDO";"Reação tardia ou ineficiente do condutor";"Saída de leito carroçável";"Com Vítimas Feridas";"Plena Noite";"Crescente";"Céu Claro";"Dupla";"Reta";"Sim";1;0;0;1;0;0;1;1;-29,73196199;-51,14952004;"SPRF-RS";"DEL01-RS";"UOP02-DEL01-RS"
382985;2021-09-12;"domingo";"02:00:00";"SC";101;98;"BALNEARIO PICARRAS";"Reação tardia ou ineficiente do condutor";"Queda de ocupante de veículo";"Com Vítimas Feridas";"Plena Noite";"Decrescente";"Nevoeiro/Neblina";"Múltipla";"Reta";"Não";1;0;1;0;0;0;1;1;-26,73760897;-48,69918789;"SPRF-SC";"DEL03-SC";"UOP02-DEL03-SC"
382986;2021-09-12;"domingo";"01:55:00";"SC";163;94,2;"GUARACIABA";"Ingestão de álcool pelo condutor";"Saída de leito carroçável";"Com Vítimas Feridas";"Plena Noite";"Crescente";"Céu Claro";"Simples";"Reta";"Não";1;0;1;0;0;0;1;1;-26,53391703;-53,52174016;"SPRF-SC";"DEL07-SC";"UOP03-DEL07-SC"
382987;2021-09-12;"domingo";"02:30:00";"SC";101;411;"ARARANGUA";"Acessar a via sem observar a presença dos outros veículos";"Colisão transversal";"Com Vítimas Feridas";"Plena Noite";"Crescente";"Nublado";"Simples";"Reta";"Sim";2;0;0;1;1;0;1;2;-28,94662221;-49,50499719;"SPRF-SC";"DEL02-SC";"UOP02-DEL02-SC"
382988;2021-09-12;"domingo";"02:40:00";"MG";381;893;"CAMBUI";"Ingestão de álcool pelo condutor";"Saída de leito carroçável";"Sem Vítimas";"Plena Noite";"Crescente";"Céu Claro";"Dupla";"Curva";"Não";1;0;0;0;1;0;0;1;-22,6103125;-46,0623465;"SPRF-MG";"DEL16-MG";"UOP03-DEL16-MG"
382989;2021-09-12;"domingo";"01:40:00";"PI";316;4,8;"TERESINA";"Velocidade Incompatível";"Colisão com objeto";"Com Vítimas Fatais";"Plena Noite";"Crescente";"Céu Claro";"Dupla";"Reta";"Sim";3;1;0;0;1;1;0;2;-5,13655894;-42,78900388;"SPRF-PI";"DEL01-PI";"UOP02-DEL01-PI"
382990;2021-09-12;"domingo";"02:15:00";"MT";174;353;"CONQUISTA DOESTE";"Transitar na contramão";"Colisão frontal";"Com Vítimas Fatais";"Plena Noite";"Crescente";"Céu Claro";"Simples";"Curva";"Não";3;1;1;0;1;0;1;2;-14,71211186;-59,38594592;"SPRF-MT";"DEL04-MT";"UOP01-DEL04-MT"
382991;2021-09-12;"domingo";"00:45:00";"SC";101;111;"NAVEGANTES";"Mal súbito do condutor";"Saída de leito carroçável";"Com Vítimas Feridas";"Plena Noite";"Crescente";"Céu Claro";"Dupla";"Reta";"Não";1;0;1;0;0;0;1;1;-26,83955734;-48,71418074;"SPRF-SC";"DEL04-SC";"UOP04-DEL04-SC"
382992;2021-09-12;"domingo";"02:00:00";"RS";471;149;"SANTA CRUZ DO SUL";"Ingestão de álcool pelo condutor";"Saída de leito carroçável";"Com Vítimas Feridas";"Plena Noite";"Crescente";"Céu Claro";"Simples";"Reta";"Sim";2;0;1;1;0;0;2;1;-29,75144951;-52,43422508;"SPRF-RS";"DEL02-RS";"UOP03-DEL02-RS"
382993;2021-09-11;"sábado";"23:30:00";"MS";60;495,3;"MARACAJU";"Animais na Pista";"Atropelamento de Animal";"Com Vítimas Fatais";"Plena Noite";"Decrescente";"Céu Claro";"Simples";"Reta";"Não";2;1;0;0;1;0;0;1;-21,19603372;-55,46518709;"SPRF-MS";"DEL01-MS";"UOP04-DEL01-MS"
382994;2021-07-25;"domingo";"00:10:00";"PI";402;83,4;"CAJUEIRO DA PRAIA";"Animais na Pista";"Queda de ocupante de veículo";"Com Vítimas Feridas";"Plena Noite";"Crescente";"Ignorado";"Simples";"Reta";"Não";2;0;1;1;0;0;2;1;-3,06295443;-41,39367783;"SPRF-PI";"DEL05-PI";"UOP01-DEL05-PI"
382995;2021-09-12;"domingo";"03:30:00";"MG";251;522;"MONTES CLAROS";"Velocidade Incompatível";"Saída de leito carroçável";"Com Vítimas Feridas";"Plena Noite";"Crescente";"Céu Claro";"Simples";"Reta";"Não";3;0;1;0;2;0;1;1;-16,682184;-43,803516;"SPRF-MG";"DEL12-MG";"UOP01-DEL12-MG"
382996;2021-09-12;"domingo";"03:15:00";"SC";282;501;"XANXERE";"Condutor Dormindo";"Saída de leito carroçável";"Com Vítimas Feridas";"Plena Noite";"Decrescente";"Céu Claro";"Dupla";"Reta";"Não";1;0;1;0;0;0;1;1;-26,88173212;-52,37534523;"SPRF-SC";"DEL07-SC";"UOP01-DEL07-SC"
382998;2021-09-12;"domingo";"02:20:00";"MA";402;13;"ROSARIO";"Mal súbito do condutor";"Colisão frontal";"Com Vítimas Feridas";"Plena Noite";"Crescente";"Céu Claro";"Simples";"Reta";"Não";3;0;1;0;1;1;1;2;-2,948464;-44,214713;"SPRF-MA";"DEL01-MA";"UOP01-DEL01-MA"
383000;2021-09-12;"domingo";"04:15:00";"SC";101;209;"SAO JOSE";"Ingestão de álcool pelo condutor";"Colisão traseira";"Sem Vítimas";"Plena Noite";"Crescente";"Céu Claro";"Simples";"Declive";"Sim";2;0;0;0;2;0;0;2;-27,61000542;-48,63895057;"SPRF-SC";"DEL01-SC";"UOP01-DEL01-SC"
383001;2021-09-12;"domingo";"04:20:00";"RJ";101;320;"NITEROI";"Ausência de reação do condutor";"Colisão com objeto";"Sem Vítimas";"Amanhecer";"Decrescente";"Nublado";"Dupla";"Reta";"Sim";1;0;0;0;0;1;0;1;-22,86171098;-43,10714015;"SPRF-RJ";"DEL02-RJ";"UOP02-DEL02-RJ"
383002;2021-09-12;"domingo";"04:20:00";"PR";476;126;"CURITIBA";"Ausência de reação do condutor";"Colisão com objeto";"Com Vítimas Feridas";"Plena Noite";"Crescente";"Nublado";"Múltipla";"Reta";"Sim";2;0;2;0;0;0;2;1;-25,416758;-49,223446;"SPRF-PR";"DEL01-PR";"UOP03-DEL01-PR"
383005;2021-09-12;"domingo";"05:15:00";"MG";40;811;"MATIAS BARBOSA";"Demais falhas mecânicas ou elétricas";"Incêndio";"Sem Vítimas";"Amanhecer";"Decrescente";"Ignorado";"Dupla";"Reta";"Não";2;0;0;0;2;0;0;1;-21,87989765;-43,33577276;"SPRF-MG";"DEL05-MG";"UOP01-DEL05-MG"
383006;2021-09-12;"domingo";"04:10:00";"MG";381;525,5;"BRUMADINHO";"Velocidade Incompatível";"Saída de leito carroçável";"Com Vítimas Feridas";"Plena Noite";"Crescente";"Céu Claro";"Dupla";"Curva";"Não";3;0;1;2;0;0;3;1;-20,14733422;-44,32431936;"SPRF-MG";"DEL04-MG";"UOP03-DEL04-MG"
383008;2021-09-12;"domingo";"05:40:00";"PR";277;117;"CAMPO LARGO";"Ausência de reação do condutor";"Saída de leito carroçável";"Sem Vítimas";"Pleno dia";"Crescente";"Céu Claro";"Dupla";"Reta";"Não";1;0;0;0;0;1;0;1;-25,434195;-49,415613;"SPRF-PR";"DEL01-PR";"UOP03-DEL03-PR"
383010;2021-09-12;"domingo";"06:00:00";"MG";40;502,9;"RIBEIRAO DAS NEVES";"Velocidade Incompatível";"Capotamento";"Sem Vítimas";"Amanhecer";"Decrescente";"Céu Claro";"Dupla";"Curva";"Não";1;0;0;0;0;1;0;1;-19,714002;-44,160929;"SPRF-MG";"DEL02-MG";"UOP01-DEL02-MG"
383012;2021-09-12;"domingo";"06:00:00";"RN";101;80;"NATAL";"Reação tardia ou ineficiente do condutor";"Colisão lateral mesmo sentido";"Com Vítimas Feridas";"Pleno dia";"Crescente";"Céu Claro";"Dupla";"Reta";"Sim";2;0;1;0;1;0;1;2;-5,75852229;-35,28806121;"SPRF-RN";"DEL02-RN";"UOP01-DEL02-RN"
383013;2021-09-12;"domingo";"02:40:00";"SP";153;62;"SAO JOSE DO RIO PRETO";"Ingestão de álcool pelo condutor";"Saída de leito carroçável";"Sem Vítimas";"Plena Noite";"Decrescente";"Nublado";"Dupla";"Em Obras";"Sim";1;0;0;0;0;1;0;1;-20,82128978;-49,35763355;"SPRF-SP";"DEL09-SP";"UOP01-DEL09-SP"
383014;2021-09-12;"domingo";"05:25:00";"MS";463;107;"PONTA PORA";"Condutor Dormindo";"Saída de leito carroçável";"Com Vítimas Feridas";"Amanhecer";"Decrescente";"Céu Claro";"Simples";"Reta";"Não";2;0;2;0;0;0;2;1;-22,59094101;-55,67301101;"SPRF-MS";"DEL04-MS";"UOP03-DEL04-MS"
383015;2021-09-12;"domingo";"06:45:00";"CE";222;0,5;"FORTALEZA";"Reação tardia ou ineficiente do condutor";"Colisão traseira";"Com Vítimas Feridas";"Pleno dia";"Decrescente";"Céu Claro";"Múltipla";"Reta";"Sim";4;0;1;0;3;0;1;2;-3,73702871;-38,57202357;"SPRF-CE";"DEL01-CE";"UOP01-DEL01-CE"
383016;2021-09-12;"domingo";"06:30:00";"PR";277;161;"PORTO AMAZONAS";"Mal súbito do condutor";"Saída de leito carroçável";"Sem Vítimas";"Amanhecer";"Crescente";"Céu Claro";"Simples";"Reta";"Não";1;0;0;0;1;0;0;1;-25,47289;-49,895964;"SPRF-PR";"DEL01-PR";"UOP03-DEL03-PR"
383017;2021-09-12;"domingo";"05:40:00";"MT";163;807;"SINOP";"Ingestão de álcool e/ou substâncias psicoativas pelo pedestre";"Saída de leito carroçável";"Com Vítimas Feridas";"Pleno dia";"Decrescente";"Céu Claro";"Simples";"Reta";"Não";1;0;1;0;0;0;1;1;-12,116154;-55,516497;"SPRF-MT";"DEL06-MT";"UOP01-DEL06-MT"
383018;2021-09-12;"domingo";"00:30:00";"BA";116;3,5;"VITORIA DA CONQUISTA";"Pedestre andava na pista";"Atropelamento de Pedestre";"Com Vítimas Feridas";"Plena Noite";"Crescente";"Céu Claro";"Simples";"Reta";"Não";2;0;1;0;0;1;1;2;-14,851;-40,8485;"SPRF-BA";"DEL08-BA";"UOP01-DEL08-BA"
383020;2021-09-12;"domingo";"07:40:00";"ES";101;272;"SERRA";"Velocidade Incompatível";"Colisão com objeto";"Com Vítimas Feridas";"Pleno dia";"Decrescente";"Nublado";"Múltipla";"Aclive;Reta";"Não";2;0;2;0;0;0;2;1;-20,22724888;-40,28426988;"SPRF-ES";"DEL02-ES";"UOP01-DEL02-ES"
383021;2021-09-12;"domingo";"06:00:00";"MG";354;726,4;"POUSO ALTO";"Velocidade Incompatível";"Saída de leito carroçável";"Com Vítimas Feridas";"Amanhecer";"Crescente";"Chuva";"Simples";"Curva";"Não";1;0;0;1;0;0;1;1;-22,135409;-44,96858846;"SPRF-MG";"DEL17-MG";"UOP01-DEL17-MG"
383022;2021-09-12;"domingo";"06:50:00";"RJ";101;487;"ANGRA DOS REIS";"Ingestão de álcool pelo condutor";"Colisão com objeto";"Com Vítimas Feridas";"Pleno dia";"Crescente";"Nublado";"Dupla";"Reta";"Sim";2;0;2;0;0;0;2;1;-22,96828891;-44,29864663;"SPRF-RJ";"DEL03-RJ";"UOP03-DEL03-RJ"
383023;2021-09-12;"domingo";"05:30:00";"SP";153;337;"SALTO GRANDE";"Velocidade Incompatível";"Saída de leito carroçável";"Sem Vítimas";"Plena Noite";"Crescente";"Céu Claro";"Dupla";"Viaduto";"Não";2;0;0;0;2;0;0;1;-22,91756904;-49,89272797;"SPRF-SP";"DEL07-SP";"UOP03-DEL07-SP"
383025;2021-09-12;"domingo";"07:45:00";"SP";116;209;"GUARULHOS";"Acessar a via sem observar a presença dos outros veículos";"Colisão traseira";"Com Vítimas Feridas";"Pleno dia";"Decrescente";"Céu Claro";"Múltipla";"Reta";"Sim";4;0;1;0;3;0;1;2;-23,42511799;-46,40221101;"SPRF-SP";"DEL01-SP";"UOP01-DEL01-SP"
383026;2021-09-11;"sábado";"21:00:00";"RS";472;411;"SAO BORJA";"Transitar na contramão";"Saída de leito carroçável";"Com Vítimas Feridas";"Plena Noite";"Crescente";"Céu Claro";"Simples";"Reta";"Não";1;0;0;1;0;0;1;1;-28,71384895;-56,00761613;"SPRF-RS";"DEL12-RS";"UOP01-DEL12-RS"
383027;2021-09-12;"domingo";"05:40:00";"RO";364;713;"PORTO VELHO";"Reação tardia ou ineficiente do condutor";"Saída de leito carroçável";"Com Vítimas Feridas";"Amanhecer";"Decrescente";"Céu Claro";"Dupla";"Curva";"Sim";1;0;1;0;0;0;1;1;-8,77331583;-63,87969248;"SPRF-RO";"DEL01-RO";"UOP01-DEL01-RO"
383029;2021-07-14;"quarta-feira";"14:45:00";"PA";163;900;"BELTERRA";"Reação tardia ou ineficiente do condutor";"Capotamento";"Com Vítimas Feridas";"Pleno dia";"Decrescente";"Céu Claro";"Simples";"Reta";"Não";5;0;4;1;0;0;5;1;-3,23702697;-54,94689875;"SPRF-PA";"DEL05-PA";"UOP01-DEL05-PA"
383030;2021-09-12;"domingo";"05:50:00";"RJ";101;297;"ITABORAI";"Ausência de reação do condutor";"Colisão com objeto";"Sem Vítimas";"Amanhecer";"Decrescente";"Nublado";"Simples";"Curva";"Sim";1;0;0;0;1;0;0;1;-22,76942037;-42,91873581;"SPRF-RJ";"DEL02-RJ";"UOP02-DEL02-RJ"
383032;2021-08-23;"segunda-feira";"19:55:00";"MG";116;542,3;"SANTA RITA DE MINAS";"Transitar na contramão";"Colisão frontal";"Com Vítimas Fatais";"Plena Noite";"Decrescente";"Nublado";"Simples";"Reta";"Não";4;1;3;0;0;0;3;2;-19,90319206;-42,13408157;"SPRF-MG";"DEL06-MG";"UOP02-DEL06-MG"
383034;2021-09-11;"sábado";"23:00:00";"RJ";116;307;"RESENDE";"Chuva";"Colisão com objeto";"Com Vítimas Feridas";"Plena Noite";"Decrescente";"Chuva";"Dupla";"Reta";"Não";2;0;1;0;1;0;1;1;-22,45713262;-44,41063703;"SPRF-RJ";"DEL07-RJ";"UOP02-DEL07-RJ"
383036;2021-09-12;"domingo";"08:30:00";"MG";381;7;"BETIM";"Condutor Dormindo";"Saída de leito carroçável";"Com Vítimas Feridas";"Pleno dia";"Decrescente";"Céu Claro";"Dupla";"Curva";"Sim";2;0;1;0;1;0;1;1;-19,98770706;-44,20338392;"SPRF-MG";"DEL01-MG";"UOP03-DEL01-MG"
383039;2021-09-12;"domingo";"03:00:00";"RS";290;91;"PORTO ALEGRE";"Velocidade Incompatível";"Saída de leito carroçável";"Com Vítimas Feridas";"Pleno dia";"Decrescente";"Céu Claro";"Dupla";"Curva";"Sim";1;0;0;1;0;0;1;1;-29,969055;-51,167439;"SPRF-RS";"DEL01-RS";"UOP01-DEL01-RS"
383040;2021-09-12;"domingo";"09:30:00";"PB";101;86;"JOAO PESSOA";"Manobra de mudança de faixa";"Colisão traseira";"Com Vítimas Feridas";"Pleno dia";"Decrescente";"Nublado";"Dupla";"Curva;Declive";"Sim";2;0;1;0;1;0;1;2;-7,15310036;-34,90862846;"SPRF-PB";"DEL01-PB";"UOP01-DEL01-PB"
383041;2021-09-12;"domingo";"07:30:00";"PE";408;81;"PAUDALHO";"Reação tardia ou ineficiente do condutor";"Saída de leito carroçável";"Com Vítimas Feridas";"Pleno dia";"Crescente";"Sol";"Dupla";"Reta";"Sim";2;0;2;0;0;0;2;1;-7,93468246;-35,1301265;"SPRF-PE";"DEL01-PE";"UOP01-DEL01-PE"
383042;2021-09-12;"domingo";"07:15:00";"SC";282;216;"LAGES";"Ingestão de álcool pelo condutor";"Colisão com objeto";"Com Vítimas Feridas";"Amanhecer";"Crescente";"Céu Claro";"Simples";"Reta";"Sim";1;0;1;0;0;0;1;1;-27,797529;-50,291862;"SPRF-SC";"DEL05-SC";"UOP01-DEL05-SC"
383043;2021-09-12;"domingo";"08:45:00";"MG";262;383;"JUATUBA";"Ingestão de álcool pelo condutor";"Saída de leito carroçável";"Sem Vítimas";"Pleno dia";"Crescente";"Céu Claro";"Dupla";"Curva;Declive";"Sim";1;0;0;0;1;0;0;1;-19,93049825;-44,40182;"SPRF-MG";"DEL01-MG";"UOP03-DEL01-MG"
383044;2021-09-12;"domingo";"09:25:00";"GO";40;18;"LUZIANIA";"Avarias e/ou desgaste excessivo no pneu";"Colisão traseira";"Com Vítimas Feridas";"Pleno dia";"Decrescente";"Céu Claro";"Dupla";"Reta";"Sim";2;0;0;1;1;0;1;2;-16,20226302;-47,92065295;"SPRF-DF";"DEL01-DF";"UOP01-DEL01-DF"
383046;2021-09-12;"domingo";"09:30:00";"MG";365;410;"PATOS DE MINAS";"Transitar no acostamento";"Saída de leito carroçável";"Com Vítimas Feridas";"Pleno dia";"Decrescente";"Céu Claro";"Simples";"Curva";"Não";2;0;0;2;0;0;2;1;-18,65773478;-46,52207118;"SPRF-MG";"DEL10-MG";"UOP01-DEL10-MG"
383047;2021-09-12;"domingo";"09:20:00";"SC";470;70,6;"INDAIAL";"Conversão proibida";"Colisão transversal";"Com Vítimas Feridas";"Pleno dia";"Crescente";"Nublado";"Simples";"Em Obras;Reta";"Sim";3;0;2;0;1;0;2;2;-26,89285;-49,25917;"SPRF-SC";"DEL04-SC";"UOP01-DEL04-SC"
383050;2021-09-12;"domingo";"09:30:00";"MG";365;612;"UBERLANDIA";"Ultrapassagem Indevida";"Colisão traseira";"Com Vítimas Feridas";"Pleno dia";"Decrescente";"Céu Claro";"Simples";"Reta";"Sim";3;0;1;0;2;0;1;2;-18,92793854;-48,19198317;"SPRF-MG";"DEL15-MG";"UOP01-DEL15-MG"
383051;2021-09-12;"domingo";"10:03:00";"MG";354;736,3;"POUSO ALTO";"Ultrapassagem Indevida";"Colisão lateral mesmo sentido";"Com Vítimas Feridas";"Pleno dia";"Crescente";"Céu Claro";"Simples";"Reta;Aclive";"Não";4;0;1;0;3;0;1;4;-22,20144068;-44,96659879;"SPRF-MG";"DEL17-MG";"UOP01-DEL17-MG"
383053;2021-09-12;"domingo";"03:00:00";"PE";101;42,7;"IGARASSU";"Demais falhas mecânicas ou elétricas";"Incêndio";"Sem Vítimas";"Plena Noite";"Crescente";"Céu Claro";"Múltipla";"Reta";"Sim";1;0;0;0;1;0;0;1;-7,83887431;-34,91196739;"SPRF-PE";"DEL01-PE";"UOP02-DEL01-PE"
383054;2021-09-09;"quinta-feira";"06:50:00";"PR";163;325;"GUAIRA";"Animais na Pista";"Atropelamento de Animal";"Sem Vítimas";"Amanhecer";"Crescente";"Céu Claro";"Simples";"Reta";"Não";1;0;0;0;1;0;0;1;-24,30097516;-54,16154728;"SPRF-PR";"DEL06-PR";"UOP01-DEL06-PR"
383055;2021-09-12;"domingo";"10:25:00";"PR";369;437,5;"UBIRATA";"Demais falhas mecânicas ou elétricas";"Tombamento";"Com Vítimas Feridas";"Pleno dia";"Crescente";"Sol";"Simples";"Reta";"Não";2;0;0;2;0;0;2;1;-24,4956;-52,9036;"SPRF-PR";"DEL04-PR";"UOP03-DEL04-PR"
383056;2021-09-12;"domingo";"11:25:00";"SC";101;30,2;"JOINVILLE";"Reação tardia ou ineficiente do condutor";"Colisão traseira";"Com Vítimas Feridas";"Pleno dia";"Decrescente";"Céu Claro";"Dupla";"Reta;Declive;Viaduto";"Não";4;0;2;0;2;0;2;3;-26,216931;-48,91612807;"SPRF-SC";"DEL03-SC";"UOP01-DEL03-SC"
383057;2021-09-12;"domingo";"10:00:00";"PR";277;30,3;"MORRETES";"Ausência de reação do condutor";"Saída de leito carroçável";"Sem Vítimas";"Pleno dia";"Decrescente";"Nublado";"Dupla";"Reta";"Não";5;0;0;0;5;0;0;1;-25,52874613;-48,73512603;"SPRF-PR";"DEL01-PR";"UOP05-DEL01-PR"
383058;2021-09-12;"domingo";"11:40:00";"RN";101;120;"SAO JOSE DE MIPIBU";"Demais falhas mecânicas ou elétricas";"Tombamento";"Com Vítimas Feridas";"Pleno dia";"Crescente";"Céu Claro";"Dupla";"Reta";"Não";2;0;2;0;0;0;2;1;-6,03418788;-35,24864052;"SPRF-RN";"DEL01-RN";"UOP01-DEL01-RN"
383059;2021-09-12;"domingo";"11:55:00";"SP";381;62,2;"MAIRIPORA";"Ausência de reação do condutor";"Colisão com objeto";"Com Vítimas Feridas";"Pleno dia";"Decrescente";"Céu Claro";"Simples";"Reta";"Não";1;0;1;0;0;0;1;1;-23,29437896;-46,57254696;"SPRF-SP";"DEL03-SP";"UOP01-DEL03-SP"
383060;2021-04-11;"domingo";"22:50:00";"PB";230;217;"SOLEDADE";"Condutor deixou de manter distância do veículo da frente";"Colisão traseira";"Sem Vítimas";"Plena Noite";"Decrescente";"Chuva";"Simples";"Reta";"Sim";2;0;0;0;2;0;0;2;-7,057656;-36,362956;"SPRF-PB";"DEL02-PB";"UOP02-DEL02-PB"
383061;2021-09-12;"domingo";"10:40:00";"CE";222;1,6;"FORTALEZA";"Ausência de reação do condutor";"Colisão com objeto";"Com Vítimas Feridas";"Pleno dia";"Crescente";"Sol";"Múltipla";"Reta";"Sim";1;0;0;1;0;0;1;1;-3,737804;-38,578061;"SPRF-CE";"DEL01-CE";"UOP01-DEL01-CE"
383062;2021-08-07;"sábado";"19:20:00";"ES";101;300;"VIANA";"Acessar a via sem observar a presença dos outros veículos";"Colisão lateral mesmo sentido";"Com Vítimas Feridas";"Plena Noite";"Decrescente";"Chuva";"Dupla";"Reta";"Sim";2;0;1;0;1;0;1;2;-20,358635;-40,432167;"SPRF-ES";"DEL01-ES";"UOP01-DEL01-ES"
383063;2021-09-12;"domingo";"10:00:00";"MA";316;612,3;"TIMON";"Ultrapassagem Indevida";"Saída de leito carroçável";"Com Vítimas Feridas";"Pleno dia";"Decrescente";"Céu Claro";"Múltipla";"Reta";"Sim";1;0;1;0;0;0;1;1;-5,075141;-42,859455;"SPRF-MA";"DEL03-MA";"UOP02-DEL03-MA"
383064;2021-09-12;"domingo";"12:00:00";"SP";116;118;"TAUBATE";"Acessar a via sem observar a presença dos outros veículos";"Colisão traseira";"Sem Vítimas";"Pleno dia";"Decrescente";"Céu Claro";"Dupla";"Reta";"Não";2;0;0;0;2;0;0;2;-23,06266296;-45,62665044;"SPRF-SP";"DEL02-SP";"UOP02-DEL02-SP"
383065;2021-09-12;"domingo";"12:00:00";"RJ";393;284,2;"VOLTA REDONDA";"Acessar a via sem observar a presença dos outros veículos";"Colisão lateral mesmo sentido";"Com Vítimas Feridas";"Pleno dia";"Decrescente";"Céu Claro";"Simples";"Interseção de Vias";"Sim";3;0;0;1;0;2;1;3;-22,49616277;-44,07027125;"SPRF-RJ";"DEL05-RJ";"UOP04-DEL05-RJ"
383068;2021-09-12;"domingo";"10:00:00";"AC";364;124;"RIO BRANCO";"Desrespeitar a preferência no cruzamento";"Colisão transversal";"Com Vítimas Feridas";"Pleno dia";"Crescente";"Sol";"Dupla";"Rotatória";"Sim";2;0;1;0;0;1;1;2;-10,0117492;-67,79847622;"SPRF-AC";"DEL01-AC";"UOP01-DEL01-AC"
383069;2021-09-12;"domingo";"11:05:00";"RS";290;545;"ALEGRETE";"Manobra de mudança de faixa";"Saída de leito carroçável";"Com Vítimas Feridas";"Pleno dia";"Decrescente";"Céu Claro";"Simples";"Curva";"Não";5;0;2;0;3;0;2;1;-29,958355;-55,465332;"SPRF-RS";"DEL13-RS";"UOP02-DEL13-RS"
383070;2021-09-09;"quinta-feira";"03:00:00";"MT";163;626,1;"NOVA MUTUM";"Chuva";"Saída de leito carroçável";"Com Vítimas Feridas";"Plena Noite";"Decrescente";"Chuva";"Simples";"Reta";"Não";2;0;1;0;1;0;1;1;-13,68269898;-56,03854229;"SPRF-MT";"DEL01-MT";"UOP01-DEL01-MT"
383071;2021-09-12;"domingo";"05:45:00";"MG";116;813,2;"ALEM PARAIBA";"Reação tardia ou ineficiente do condutor";"Colisão com objeto";"Com Vítimas Feridas";"Pleno dia";"Crescente";"Céu Claro";"Simples";"Reta";"Não";4;0;3;1;0;0;4;1;-21,85011521;-42,66565503;"SPRF-MG";"DEL07-MG";"UOP01-DEL07-MG"
383072;2021-09-12;"domingo";"12:30:00";"SP";381;57,8;"MAIRIPORA";"Velocidade Incompatível";"Colisão lateral mesmo sentido";"Com Vítimas Feridas";"Pleno dia";"Crescente";"Céu Claro";"Dupla";"Reta";"Não";2;0;2;0;0;0;2;2;-23,2658219;-46,5839857;"SPRF-SP";"DEL03-SP";"UOP01-DEL03-SP"
383075;2021-09-12;"domingo";"13:25:00";"SP";116;65;"GUARATINGUETA";"Avarias e/ou desgaste excessivo no pneu";"Queda de ocupante de veículo";"Com Vítimas Feridas";"Pleno dia";"Crescente";"Sol";"Dupla";"Curva;Retorno Regulamentado;Rotatória;Declive";"Sim";2;0;2;0;0;0;2;1;-22,823273;-45,192806;"SPRF-SP";"DEL08-SP";"UOP01-DEL08-SP"
383077;2021-09-12;"domingo";"13:00:00";"MG";365;861,5;"SANTA VITORIA";"Ingestão de álcool pelo condutor";"Colisão com objeto";"Com Vítimas Feridas";"Pleno dia";"Crescente";"Céu Claro";"Simples";"Rotatória;Reta";"Não";2;0;2;0;0;0;2;1;-19,04042589;-50,41133523;"SPRF-MG";"DEL15-MG";"UOP03-DEL15-MG"
383079;2021-09-12;"domingo";"14:10:00";"MG";40;565;"NOVA LIMA";"Ausência de reação do condutor";"Colisão traseira";"Com Vítimas Fatais";"Pleno dia";"Decrescente";"Céu Claro";"Simples";"Declive";"Não";3;1;0;1;1;0;1;3;-20,17209701;-43,96584598;"SPRF-MG";"DEL01-MG";"UOP02-DEL01-MG"
383080;2021-09-12;"domingo";"13:40:00";"SP";116;219,5;"GUARULHOS";"Condutor Dormindo";"Colisão traseira";"Com Vítimas Feridas";"Pleno dia";"Crescente";"Sol";"Múltipla";"Reta";"Não";2;0;1;0;1;0;1;2;-23,46143954;-46,48885316;"SPRF-SP";"DEL01-SP";"UOP01-DEL01-SP"
383081;2021-09-12;"domingo";"11:10:00";"MS";163;31;"MUNDO NOVO";"Reação tardia ou ineficiente do condutor";"Saída de leito carroçável";"Sem Vítimas";"Pleno dia";"Decrescente";"Céu Claro";"Simples";"Reta";"Não";1;0;0;0;1;0;0;1;-23,84167505;-54,33554384;"SPRF-MS";"DEL09-MS";"UOP02-DEL09-MS"
383083;2021-09-12;"domingo";"14:10:00";"SC";101;225,6;"PALHOCA";"Manobra de mudança de faixa";"Capotamento";"Com Vítimas Feridas";"Pleno dia";"Crescente";"Sol";"Dupla";"Reta";"Não";1;0;0;1;0;0;1;1;-27,73292191;-48,6409567;"SPRF-SC";"DEL01-SC";"UOP02-DEL01-SC"