"id";"data_inversa";"dia_semana";"horario";"uf";"br";"km";"municipio";"causa_acidente";"tipo_acidente";"classificacao_acidente";"fase_dia";"sentido_via";"condicao_metereologica";"tipo_pista";"tracado_via";"uso_solo";"pessoas";"mortos";"feridos_leves";"feridos_graves";"ilesos";"ignorados";"feridos";"veiculos";"latitude";"longitude";"regional";"delegacia";"uop"
383084;2021-09-12;"domingo";"13:00:00";"PR";116;0;"CAMPINA GRANDE DO SUL";"Condutor deixou de manter distância do veículo da frente";"Colisão com objeto";"Com Vítimas Feridas";"Pleno dia";"Crescente";"Sol";"Dupla";"Reta";"Não";2;0;1;0;1;0;1;1;-25,3478;-49,0493;"SPRF-PR";"DEL01-PR";"UOP02-DEL01-PR"
383085;2021-09-12;"domingo";"13:25:00";"PR";116;95;"SAO JOSE DOS PINHAIS";"Demais falhas mecânicas ou elétricas";"Queda de ocupante de veículo";"Com Vítimas Feridas";"Pleno dia";"Crescente";"Céu Claro";"Dupla";"Reta";"Não";2;0;2;0;0;0;2;1;-25,4971982;-49,11761871;"SPRF-PR";"DEL01-PR";"UOP01-DEL01-PR"
383087;2021-09-12;"domingo";"14:15:00";"MG";262;480,9;"BOM DESPACHO";"Ultrapassagem Indevida";"Tombamento";"Com Vítimas Feridas";"Pleno dia";"Crescente";"Sol";"Simples";"Aclive";"Não";5;0;4;0;1;0;4;1;-19,78545425;-45,28533571;"SPRF-MG";"DEL08-MG";"UOP03-DEL08-MG"
383088;2021-09-12;"domingo";"15:30:00";"SE";101;183,6;"UMBAUBA";"Ultrapassagem Indevida";"Saída de leito carroçável";"Com Vítimas Feridas";"Pleno dia";"Decrescente";"Céu Claro";"Simples";"Reta;Declive";"Não";4;0;0;2;2;0;2;1;-11,386821;-37,668676;"SPRF-SE";"DEL02-SE";"UOP03-DEL02-SE"
383089;2021-09-12;"domingo";"16:10:00";"RS";472;574;"URUGUAIANA";"Ausência de reação do condutor";"Tombamento";"Com Vítimas Feridas";"Pleno dia";"Crescente";"Céu Claro";"Simples";"Reta";"Sim";1;0;1;0;0;0;1;1;-29,74636679;-56,98678119;"SPRF-RS";"DEL13-RS";"UOP01-DEL13-RS"
383090;2021-09-12;"domingo";"14:57:00";"GO";20;228;"POSSE";"Ultrapassagem Indevida";"Colisão lateral mesmo sentido";"Com Vítimas Fatais";"Pleno dia";"Crescente";"Céu Claro";"Simples";"Reta";"Sim";3;1;1;0;1;0;1;2;-14,127853;-46,315601;"SPRF-DF";"DEL02-DF";"UOP03-DEL02-DF"
383091;2021-09-12;"domingo";"16:15:00";"PR";369;151,8;"LONDRINA";"Condutor deixou de manter distância do veículo da frente";"Colisão lateral mesmo sentido";"Com Vítimas Feridas";"Pleno dia";"Crescente";"Céu Claro";"Dupla";"Interseção de Vias;Reta";"Sim";2;0;1;0;1;0;1;2;-23,29263384;-51,17882788;"SPRF-PR";"DEL07-PR";"UOP01-DEL07-PR"
383092;2021-09-12;"domingo";"16:25:00";"PB";101;88;"JOAO PESSOA";"Ingestão de álcool pelo condutor";"Colisão lateral mesmo sentido";"Com Vítimas Feridas";"Pleno dia";"Decrescente";"Céu Claro";"Dupla";"Curva";"Sim";2;0;1;0;1;0;1;2;-7,16538358;-34,89919659;"SPRF-PB";"DEL01-PB";"UOP01-DEL01-PB"
383095;2021-09-12;"domingo";"17:00:00";"RJ";116;66;"TERESOPOLIS";"Mal súbito do condutor";"Colisão frontal";"Com Vítimas Feridas";"Pleno dia";"Crescente";"Nublado";"Simples";"Curva";"Não";6;0;6;0;0;0;6;3;-22,28530513;-42,9306046;"SPRF-RJ";"DEL04-RJ";"UOP01-DEL04-RJ"
383097;2021-09-12;"domingo";"16:35:00";"SC";101;146;"ITAPEMA";"Reação tardia ou ineficiente do condutor";"Engavetamento";"Com Vítimas Feridas";"Pleno dia";"Decrescente";"Sol";"Múltipla";"Reta";"Sim";4;0;1;0;3;0;1;4;-27,08666525;-48,60955587;"SPRF-SC";"DEL04-SC";"UOP03-DEL04-SC"
383098;2021-09-12;"domingo";"15:40:00";"PE";101;9;"GOIANA";"Transitar na contramão";"Colisão frontal";"Com Vítimas Fatais";"Pleno dia";"Decrescente";"Céu Claro";"Dupla";"Reta";"Não";4;1;1;0;0;2;1;2;-7,57788903;-34,98847822;"SPRF-PE";"DEL01-PE";"UOP02-DEL01-PE"
383099;2021-09-12;"domingo";"11:35:00";"SP";116;513;"CAJATI";"Velocidade Incompatível";"Tombamento";"Com Vítimas Feridas";"Pleno dia";"Crescente";"Sol";"Múltipla";"Curva";"Não";1;0;1;0;0;0;1;1;-24,85109616;-48,21802405;"SPRF-SP";"DEL05-SP";"UOP02-DEL05-SP"
383100;2021-09-12;"domingo";"16:30:00";"SC";101;414,1;"ARARANGUA";"Reação tardia ou ineficiente do condutor";"Saída de leito carroçável";"Com Vítimas Feridas";"Pleno dia";"Crescente";"Céu Claro";"Dupla";"Reta";"Sim";2;0;2;0;0;0;2;1;-28,95715982;-49,52666759;"SPRF-SC";"DEL02-SC";"UOP02-DEL02-SC"
383101;2021-09-12;"domingo";"15:30:00";"MS";262;389;"TERENOS";"Carga excessiva e/ou mal acondicionada";"Colisão com objeto";"Com Vítimas Feridas";"Pleno dia";"Decrescente";"Céu Claro";"Simples";"Reta";"Não";7;0;1;0;6;0;1;2;-20,4264062;-54,91953697;"SPRF-MS";"DEL01-MS";"UOP03-DEL01-MS"
383102;2021-09-12;"domingo";"14:30:00";"RS";158;298;"ITAARA";"Acessar a via sem observar a presença dos outros veículos";"Colisão transversal";"Com Vítimas Feridas";"Pleno dia";"Decrescente";"Sol";"Simples";"Reta";"Não";6;0;1;1;4;0;2;2;-29,52034903;-53,72368097;"SPRF-RS";"DEL09-RS";"UOP01-DEL09-RS"
383103;2021-09-12;"domingo";"15:45:00";"AM";174;888;"MANAUS";"Ausência de reação do condutor";"Colisão traseira";"Sem Vítimas";"Pleno dia";"Decrescente";"Sol";"Simples";"Declive";"Não";7;0;0;0;7;0;0;2;-2,942329;-60,03368092;"SPRF-AM";"DEL01-AM";"UOP01-DEL01-AM"
383104;2021-09-12;"domingo";"17:50:00";"PE";101;9,5;"GOIANA";"Ingestão de álcool pelo condutor";"Colisão traseira";"Sem Vítimas";"Anoitecer";"Decrescente";"Céu Claro";"Dupla";"Reta";"Não";3;0;0;0;2;1;0;3;-7,57788903;-34,98847822;"SPRF-PE";"DEL01-PE";"UOP02-DEL01-PE"
383106;2021-09-12;"domingo";"15:50:00";"SC";116;271,6;"CAPAO ALTO";"Ingestão de álcool pelo condutor";"Colisão traseira";"Com Vítimas Feridas";"Pleno dia";"Decrescente";"Céu Claro";"Simples";"Curva";"Não";4;0;2;0;2;0;2;2;-27,97707988;-50,50914813;"SPRF-SC";"DEL05-SC";"UOP02-DEL05-SC"
383107;2021-09-12;"domingo";"17:20:00";"RS";386;8,5;"IRAI";"Ausência de reação do condutor";"Colisão com objeto";"Com Vítimas Feridas";"Anoitecer";"Decrescente";"Céu Claro";"Simples";"Reta;Ponte";"Não";3;0;2;1;0;0;3;1;-27,201687;-53,292805;"SPRF-RS";"DEL08-RS";"UOP02-DEL08-RS"
383108;2021-09-12;"domingo";"17:00:00";"AL";316;85,9;"SANTANA DO IPANEMA";"Ingestão de álcool pelo condutor";"Atropelamento de Pedestre";"Com Vítimas Feridas";"Anoitecer";"Decrescente";"Céu Claro";"Simples";"Aclive";"Sim";2;0;1;1;0;0;2;2;-9,36982836;-37,24347904;"SPRF-AL";"DEL03-AL";"UOP02-DEL03-AL"
383110;2021-09-12;"domingo";"18:20:00";"PR";277;24;"MORRETES";"Demais falhas mecânicas ou elétricas";"Incêndio";"Sem Vítimas";"Anoitecer";"Crescente";"Nublado";"Dupla";"Reta";"Sim";3;0;0;0;3;0;0;1;-25,530015;-48,7465243;"SPRF-PR";"DEL01-PR";"UOP05-DEL01-PR"
383111;2021-09-12;"domingo";"16:49:00";"PR";369;490,3;"CORBELIA";"Ausência de reação do condutor";"Colisão traseira";"Com Vítimas Feridas";"Pleno dia";"Crescente";"Céu Claro";"Simples";"Reta";"Sim";3;0;1;0;2;0;1;2;-24,7166;-53,2465;"SPRF-PR";"DEL04-PR";"UOP03-DEL04-PR"
383112;2021-09-12;"domingo";"18:05:00";"PR";158;535,4;"PATO BRANCO";"Frear bruscamente";"Queda de ocupante de veículo";"Com Vítimas Feridas";"Anoitecer";"Crescente";"Céu Claro";"Simples";"Reta";"Sim";3;0;2;0;1;0;2;2;-26,23547098;-52,69066504;"SPRF-PR";"DEL02-PR";"UOP01-DEL02-PR"
383113;2021-09-12;"domingo";"14:45:00";"MG";262;785,3;"UBERABA";"Demais falhas mecânicas ou elétricas";"Colisão com objeto";"Com Vítimas Feridas";"Pleno dia";"Crescente";"Céu Claro";"Simples";"Reta";"Não";2;0;1;0;1;0;1;1;-19,76287615;-47,80414094;"SPRF-MG";"DEL13-MG";"UOP01-DEL13-MG"
383115;2021-09-12;"domingo";"18:30:00";"MG";381;581,2;"CARMOPOLIS DE MINAS";"Ausência de reação do condutor";"Saída de leito carroçável";"Com Vítimas Feridas";"Plena Noite";"Crescente";"Céu Claro";"Dupla";"Reta;Declive";"Não";4;0;1;0;3;0;1;1;-20,490252;-44,600965;"SPRF-MG";"DEL04-MG";"UOP01-DEL04-MG"
383116;2021-09-12;"domingo";"18:20:00";"PI";316;317,7;"PICOS";"Ingestão de álcool pelo condutor";"Atropelamento de Pedestre";"Com Vítimas Feridas";"Plena Noite";"Decrescente";"Céu Claro";"Simples";"Reta";"Sim";2;0;2;0;0;0;2;2;-7,08317297;-41,41458999;"SPRF-PI";"DEL04-PI";"UOP01-DEL04-PI"
383117;2021-09-12;"domingo";"18:33:00";"SP";116;206;"GUARULHOS";"Ausência de reação do condutor";"Colisão traseira";"Sem Vítimas";"Plena Noite";"Crescente";"Céu Claro";"Dupla";"Reta";"Sim";2;0;0;0;1;1;0;2;-23,41722629;-46,37510292;"SPRF-SP";"DEL01-SP";"UOP01-DEL01-SP"
383119;2021-09-12;"domingo";"19:00:00";"MG";267;271,5;"AIURUOCA";"Transitar na contramão";"Colisão transversal";"Com Vítimas Fatais";"Plena Noite";"Decrescente";"Nublado";"Simples";"Reta";"Não";5;1;3;0;0;1;3;3;-21,93370891;-44,64578203;"SPRF-MG";"DEL17-MG";"UOP01-DEL17-MG"
383120;2021-09-12;"domingo";"16:20:00";"SC";163;81,8;"GUARACIABA";"Pista esburacada";"Tombamento";"Com Vítimas Feridas";"Pleno dia";"Crescente";"Céu Claro";"Simples";"Declive;Reta";"Não";1;0;1;0;0;0;1;1;-26,64162493;-53,51842645;"SPRF-SC";"DEL07-SC";"UOP03-DEL07-SC"
383121;2021-09-12;"domingo";"19:00:00";"RS";116;248,4;"SAO LEOPOLDO";"Acessar a via sem observar a presença dos outros veículos";"Colisão traseira";"Com Vítimas Feridas";"Plena Noite";"Decrescente";"Céu Claro";"Dupla";"Curva";"Sim";2;0;1;0;1;0;1;2;-29,77605895;-51,15508618;"SPRF-RS";"DEL01-RS";"UOP02-DEL01-RS"
383122;2021-09-12;"domingo";"18:50:00";"PR";469;0,3;"FOZ DO IGUACU";"Transitar na contramão";"Colisão lateral sentido oposto";"Sem Vítimas";"Plena Noite";"Decrescente";"Céu Claro";"Simples";"Reta";"Sim";6;0;0;0;6;0;0;2;-25,5469;-54,5882;"SPRF-PR";"DEL05-PR";"UOP04-DEL05-PR"
383123;2021-09-12;"domingo";"18:00:00";"RS";448;10;"CANOAS";"Ausência de reação do condutor";"Saída de leito carroçável";"Sem Vítimas";"Anoitecer";"Decrescente";"Céu Claro";"Dupla";"Reta";"Sim";1;0;0;0;1;0;0;1;-29,903273;-51,244934;"SPRF-RS";"DEL01-RS";"UOP01-DEL01-RS"
383124;2021-09-12;"domingo";"19:10:00";"MG";40;514;"RIBEIRAO DAS NEVES";"Trafegar com motocicleta (ou similar) entre as faixas";"Colisão traseira";"Com Vítimas Feridas";"Plena Noite";"Crescente";"Céu Claro";"Dupla";"Reta";"Não";3;0;2;0;1;0;2;2;-19,80151928;-44,10000333;"SPRF-MG";"DEL01-MG";"UOP02-DEL01-MG"
383128;2021-09-12;"domingo";"19:35:00";"GO";40;2;"VALPARAISO DE GOIAS";"Ingestão de álcool pelo condutor";"Colisão traseira";"Sem Vítimas";"Plena Noite";"Decrescente";"Céu Claro";"Dupla";"Reta";"Sim";2;0;0;0;2;0;0;2;-16,067129;-47,984235;"SPRF-DF";"DEL01-DF";"UOP01-DEL01-DF"
383131;2021-09-12;"domingo";"19:40:00";"RJ";101;303,6;"SAO GONCALO";"Transitar no acostamento";"Colisão traseira";"Com Vítimas Feridas";"Plena Noite";"Decrescente";"Céu Claro";"Dupla";"Reta";"Não";3;0;1;1;1;0;2;3;-22,78386756;-42,98142314;"SPRF-RJ";"DEL02-RJ";"UOP02-DEL02-RJ"
383132;2021-09-12;"domingo";"17:10:00";"MG";116;577,2;"MANHUACU";"Velocidade Incompatível";"Colisão traseira";"Com Vítimas Feridas";"Anoitecer";"Decrescente";"Céu Claro";"Simples";"Curva";"Não";2;0;0;1;1;0;1;2;-20,16232114;-42,18784332;"SPRF-MG";"DEL06-MG";"UOP03-DEL06-MG"
383133;2021-09-12;"domingo";"19:35:00";"PI";343;8,3;"PARNAIBA";"Ingestão de álcool pelo condutor";"Tombamento";"Com Vítimas Feridas";"Plena Noite";"Decrescente";"Céu Claro";"Simples";"Reta";"Sim";1;0;1;0;0;0;1;1;-2,899382;-41,723724;"SPRF-PI";"DEL05-PI";"UOP01-DEL05-PI"
383137;2021-09-12;"domingo";"19:50:00";"PR";163;148;"SANTA LUCIA";"Ingestão de álcool pelo condutor";"Colisão traseira";"Sem Vítimas";"Plena Noite";"Crescente";"Céu Claro";"Simples";"Reta";"Sim";2;0;0;0;2;0;0;2;-25,41091512;-53,57175395;"SPRF-PR";"DEL05-PR";"UOP05-DEL05-PR"
383140;2021-09-12;"domingo";"20:00:00";"PB";101;88;"JOAO PESSOA";"Velocidade Incompatível";"Colisão com objeto";"Com Vítimas Feridas";"Plena Noite";"Decrescente";"Chuva";"Simples";"Curva";"Sim";1;0;0;1;0;0;1;1;-7,16470016;-34,89993643;"SPRF-PB";"DEL01-PB";"UOP01-DEL01-PB"
383141;2021-09-12;"domingo";"19:18:00";"SC";101;135,5;"BALNEARIO CAMBORIU";"Reação tardia ou ineficiente do condutor";"Engavetamento";"Com Vítimas Feridas";"Plena Noite";"Decrescente";"Céu Claro";"Dupla";"Reta";"Sim";7;0;3;2;2;0;5;3;-27,0050108;-48,62677494;"SPRF-SC";"DEL04-SC";"UOP03-DEL04-SC"
383142;2021-09-12;"domingo";"18:28:00";"RJ";493;1,5;"ITABORAI";"Falta de acostamento";"Colisão lateral sentido oposto";"Com Vítimas Feridas";"Plena Noite";"Decrescente";"Céu Claro";"Dupla";"Reta";"Sim";2;0;1;0;1;0;1;2;-22,76398788;-42,92731895;"SPRF-RJ";"DEL02-RJ";"UOP02-DEL02-RJ"
383143;2021-09-12;"domingo";"18:05:00";"MG";116;413;"GOVERNADOR VALADARES";"Condutor deixou de manter distância do veículo da frente";"Colisão traseira";"Com Vítimas Feridas";"Plena Noite";"Crescente";"Céu Claro";"Simples";"Reta";"Sim";3;0;2;0;0;1;2;2;-18,87528739;-41,96539901;"SPRF-MG";"DEL06-MG";"UOP01-DEL06-MG"
383144;2021-09-12;"domingo";"20:30:00";"GO";20;186,7;"SIMOLANDIA";"Pedestre andava na pista";"Atropelamento de Pedestre";"Com Vítimas Feridas";"Plena Noite";"Crescente";"Céu Claro";"Simples";"Reta";"Não";2;0;0;1;1;0;1;2;-14,43466;-46,458897;"SPRF-DF";"DEL02-DF";"UOP03-DEL02-DF"
383145;2021-09-12;"domingo";"20:50:00";"PR";116;126;"FAZENDA RIO GRANDE";"Ausência de reação do condutor";"Colisão traseira";"Sem Vítimas";"Plena Noite";"Crescente";"Céu Claro";"Dupla";"Reta";"Sim";3;0;0;0;1;2;0;3;-25,60389895;-49,31824423;"SPRF-PR";"DEL01-PR";"UOP03-DEL01-PR"
383146;2021-09-12;"domingo";"19:50:00";"PI";343;306,1;"ALTOS";"Condutor deixou de manter distância do veículo da frente";"Colisão traseira";"Com Vítimas Feridas";"Plena Noite";"Decrescente";"Céu Claro";"Simples";"Reta";"Sim";3;0;1;0;2;0;1;2;-5,038756;-42,450893;"SPRF-PI";"DEL01-PI";"UOP01-DEL01-PI"
383147;2021-09-12;"domingo";"18:40:00";"SP";116;145;"SAO JOSE DOS CAMPOS";"Reação tardia ou ineficiente do condutor";"Colisão traseira";"Com Vítimas Feridas";"Plena Noite";"Crescente";"Céu Claro";"Múltipla";"Reta;Declive";"Não";3;0;1;0;2;0;1;3;-23,1869844;-45,8548078;"SPRF-SP";"DEL02-SP";"UOP01-DEL02-SP"
383148;2021-09-12;"domingo";"19:50:00";"MT";163;1103;"GUARANTA DO NORTE";"Curva acentuada";"Saída de leito carroçável";"Com Vítimas Feridas";"Plena Noite";"Decrescente";"Céu Claro";"Simples";"Curva";"Não";2;0;0;2;0;0;2;1;-9,77568427;-54,90259745;"SPRF-MT";"DEL06-MT";"NPF/DEL06-MT"
383149;2021-09-12;"domingo";"18:10:00";"MS";163;211;"CAARAPO";"Retorno proibido";"Colisão lateral sentido oposto";"Sem Vítimas";"Anoitecer";"Decrescente";"Céu Claro";"Simples";"Reta";"Sim";5;0;0;0;5;0;0;3;-22,612989;-54,81620977;"SPRF-MS";"DEL04-MS";"UOP02-DEL04-MS"
383151;2021-09-12;"domingo";"20:30:00";"RS";290;518;"ROSARIO DO SUL";"Ingestão de álcool pelo condutor";"Saída de leito carroçável";"Sem Vítimas";"Plena Noite";"Crescente";"Nublado";"Simples";"Curva";"Não";2;0;0;0;1;1;0;2;-30,113291;-55,265701;"SPRF-RS";"DEL11-RS";"UOP02-DEL11-RS"
383152;2021-09-12;"domingo";"20:10:00";"MG";381;327;"NOVA ERA";"Ausência de reação do condutor";"Atropelamento de Pedestre";"Com Vítimas Fatais";"Plena Noite";"Crescente";"Céu Claro";"Simples";"Reta";"Não";2;1;0;0;0;1;0;2;-19,76723696;-43,04699067;"SPRF-MG";"DEL03-MG";"UOP02-DEL03-MG"
383154;2021-09-12;"domingo";"20:45:00";"SP";116;123,3;"CACAPAVA";"Mal súbito do condutor";"Saída de leito carroçável";"Com Vítimas Feridas";"Plena Noite";"Decrescente";"Céu Claro";"Dupla";"Reta";"Não";2;0;2;0;0;0;2;1;-23,08754228;-45,66969781;"SPRF-SP";"DEL02-SP";"UOP02-DEL02-SP"
383155;2021-09-12;"domingo";"21:10:00";"MG";365;642;"UBERLANDIA";"Condutor deixou de manter distância do veículo da frente";"Colisão traseira";"Com Vítimas Feridas";"Plena Noite";"Decrescente";"Céu Claro";"Múltipla";"Declive";"Não";3;0;1;0;2;0;1;2;-18,8823832;-48,48418103;"SPRF-MG";"DEL15-MG";"UOP01-DEL15-MG"
383156;2021-09-12;"domingo";"20:10:00";"MS";163;289,2;"DOURADINA";"Ultrapassagem Indevida";"Colisão frontal";"Com Vítimas Feridas";"Plena Noite";"Crescente";"Céu Claro";"Simples";"Reta";"Não";4;0;0;3;0;1;3;3;-22,06784483;-54,56140995;"SPRF-MS";"DEL04-MS";"UOP01-DEL04-MS"
383157;2021-09-12;"domingo";"19:45:00";"MT";163;704,8;"SORRISO";"Animais na Pista";"Atropelamento de Animal";"Com Vítimas Feridas";"Anoitecer";"Crescente";"Céu Claro";"Simples";"Reta";"Não";2;0;2;0;0;0;2;1;-13,053105;-55,910338;"SPRF-MT";"DEL06-MT";"UOP01-DEL06-MT"
383158;2021-09-12;"domingo";"16:00:00";"SC";153;87,2;"CONCORDIA";"Acumulo de óleo sobre o pavimento";"Saída de leito carroçável";"Com Vítimas Feridas";"Pleno dia";"Crescente";"Céu Claro";"Simples";"Aclive;Reta";"Não";2;0;1;0;1;0;1;1;-27,126955;-51,918659;"SPRF-SC";"DEL07-SC";"UOP04-DEL07-SC"
383159;2021-09-12;"domingo";"21:30:00";"BA";367;80,1;"EUNAPOLIS";"Ultrapassagem Indevida";"Colisão frontal";"Com Vítimas Feridas";"Plena Noite";"Decrescente";"Céu Claro";"Simples";"Reta";"Sim";5;0;0;3;1;1;3;2;-16,36956642;-39,54444803;"SPRF-BA";"DEL09-BA";"UOP01-DEL09-BA"
383160;2021-09-12;"domingo";"18:40:00";"AL";316;103,1;"DOIS RIACHOS";"Animais na Pista";"Atropelamento de Animal";"Com Vítimas Feridas";"Plena Noite";"Decrescente";"Céu Claro";"Simples";"Ponte";"Sim";2;0;1;0;0;1;1;2;-9,389313;-37,0887;"SPRF-AL";"DEL03-AL";"UOP01-DEL03-AL"
383161;2021-09-12;"domingo";"18:30:00";"MT";70;271,6;"PRIMAVERA DO LESTE";"Avarias e/ou desgaste excessivo no pneu";"Saída de leito carroçável";"Com Vítimas Feridas";"Plena Noite";"Crescente";"Céu Claro";"Simples";"Reta";"Não";2;0;2;0;0;0;2;1;-15,53359132;-54,22132584;"SPRF-MT";"DEL05-MT";"UOP01-DEL05-MT"
383162;2021-09-12;"domingo";"21:17:00";"SP";153;71,5;"SAO JOSE DO RIO PRETO";"Condutor Dormindo";"Colisão com objeto";"Com Vítimas Feridas";"Plena Noite";"Decrescente";"Céu Claro";"Dupla";"Reta";"Sim";1;0;1;0;0;0;1;1;-20,8580187;-49,40666241;"SPRF-SP";"DEL09-SP";"UOP01-DEL09-SP"
383163;2021-09-12;"domingo";"21:45:00";"PR";369;189;"ARAPONGAS";"Ingestão de álcool pelo condutor";"Saída de leito carroçável";"Sem Vítimas";"Plena Noite";"Decrescente";"Céu Claro";"Dupla";"Reta";"Não";1;0;0;0;1;0;0;1;-23,441091;-51,422534;"SPRF-PR";"DEL07-PR";"UOP02-DEL07-PR"
383164;2021-09-12;"domingo";"21:00:00";"PR";277;120;"CAMPO LARGO";"Velocidade Incompatível";"Colisão traseira";"Com Vítimas Feridas";"Plena Noite";"Decrescente";"Céu Claro";"Simples";"Reta";"Sim";2;0;1;0;1;0;1;1;-25,43651772;-49,44346612;"SPRF-PR";"DEL01-PR";"UOP03-DEL03-PR"
383165;2021-09-12;"domingo";"21:20:00";"CE";116;2;"FORTALEZA";"Velocidade Incompatível";"Colisão traseira";"Sem Vítimas";"Plena Noite";"Crescente";"Céu Claro";"Múltipla";"Reta";"Sim";2;0;0;0;1;1;0;2;-3,77019802;-38,51724508;"SPRF-CE";"DEL01-CE";"UOP02-DEL01-CE"
383168;2021-09-12;"domingo";"20:15:00";"RS";290;213,1;"PANTANO GRANDE";"Ingestão de álcool pelo condutor";"Colisão com objeto";"Sem Vítimas";"Plena Noite";"Crescente";"Nublado";"Simples";"Interseção de Vias";"Não";1;0;0;0;1;0;0;1;-30,18668309;-52,35877991;"SPRF-RS";"DEL02-RS";"UOP03-DEL02-RS"
383169;2021-09-12;"domingo";"21:50:00";"GO";40;97;"CRISTALINA";"Manobra de mudança de faixa";"Colisão traseira";"Com Vítimas Feridas";"Plena Noite";"Crescente";"Céu Claro";"Simples";"Aclive;Reta";"Não";15;0;13;1;1;0;14;2;-16,764631;-47,595763;"SPRF-DF";"DEL01-DF";"UOP02-DEL01-DF"
383170;2021-09-12;"domingo";"20:30:00";"MG";116;707,1;"MURIAE";"Transitar no acostamento";"Atropelamento de Pedestre";"Com Vítimas Feridas";"Plena Noite";"Crescente";"Céu Claro";"Simples";"Curva";"Sim";2;0;0;1;0;1;1;2;-21,15538281;-42,38264744;"SPRF-MG";"DEL07-MG";"UOP02-DEL07-MG"
383171;2021-09-12;"domingo";"18:45:00";"MA";316;569,6;"CAXIAS";"Pedestre andava na pista";"Atropelamento de Pedestre";"Com Vítimas Fatais";"Plena Noite";"Crescente";"Céu Claro";"Simples";"Reta";"Não";2;1;0;0;0;1;0;2;-4,917819;-43,208576;"SPRF-MA";"DEL03-MA";"UOP02-DEL03-MA"
383172;2021-09-12;"domingo";"20:15:00";"PR";376;489;"PONTA GROSSA";"Ingestão de álcool pelo condutor";"Colisão traseira";"Sem Vítimas";"Pleno dia";"Decrescente";"Nublado";"Dupla";"Aclive;Reta";"Sim";4;0;0;0;3;1;0;3;-25,14172584;-50,1586859;"SPRF-PR";"DEL03-PR";"UOP01-DEL03-PR"
383173;2021-09-12;"domingo";"21:45:00";"SC";101;205,1;"SAO JOSE";"Desrespeitar a preferência no cruzamento";"Colisão transversal";"Com Vítimas Feridas";"Plena Noite";"Crescente";"Céu Claro";"Dupla";"Curva";"Sim";2;0;2;0;0;0;2;2;-27,58313237;-48,61532885;"SPRF-SC";"DEL01-SC";"UOP01-DEL01-SC"
383174;2021-09-12;"domingo";"20:25:00";"RS";285;304,8;"PASSO FUNDO";"Ingestão de álcool pelo condutor";"Saída de leito carroçável";"Com Vítimas Feridas";"Plena Noite";"Decrescente";"Céu Claro";"Simples";"Interseção de Vias";"Não";4;0;3;0;1;0;3;1;-28,22878499;-52,48168945;"SPRF-RS";"DEL08-RS";"UOP03-DEL08-RS"
383175;2021-09-12;"domingo";"20:30:00";"PE";101;10;"CABO DE SANTO AGOSTINHO";"Velocidade Incompatível";"Colisão com objeto";"Com Vítimas Feridas";"Plena Noite";"Decrescente";"Céu Claro";"Simples";"Reta";"Sim";3;0;0;1;0;2;1;1;-8,2371163;-34,98247146;"SPRF-PE";"DEL01-PE";"UOP02-DEL01-PE"
383176;2021-09-12;"domingo";"18:55:00";"PR";163;150,1;"SANTA LUCIA";"Pedestre cruzava a pista fora da faixa";"Atropelamento de Pedestre";"Com Vítimas Feridas";"Plena Noite";"Crescente";"Céu Claro";"Dupla";"Declive";"Não";3;0;0;1;2;0;1;2;-25,41826795;-53,57319123;"SPRF-PR";"DEL05-PR";"UOP05-DEL05-PR"
383177;2021-09-07;"terça-feira";"08:20:00";"MS";267;343,3;"RIO BRILHANTE";"Reação tardia ou ineficiente do condutor";"Saída de leito carroçável";"Com Vítimas Feridas";"Pleno dia";"Crescente";"Céu Claro";"Simples";"Reta";"Não";3;0;0;1;0;2;1;2;-21,60642284;-54,95090451;"SPRF-MS";"DEL02-MS";"UOP02-DEL02-MS"
383178;2021-09-12;"domingo";"21:30:00";"MA";222;675,1;"ACAILANDIA";"Transitar no acostamento";"Colisão lateral mesmo sentido";"Com Vítimas Feridas";"Plena Noite";"Decrescente";"Céu Claro";"Simples";"Reta;Interseção de Vias";"Sim";4;0;1;0;3;0;1;2;-4,95566;-47,497994;"SPRF-MA";"DEL04-MA";"UOP03-DEL04-MA"
383179;2021-09-12;"domingo";"20:59:00";"SP";116;215;"GUARULHOS";"Ausência de reação do condutor";"Colisão com objeto";"Sem Vítimas";"Plena Noite";"Crescente";"Nublado";"Múltipla";"Reta";"Sim";1;0;0;0;1;0;0;1;-23,44695693;-46,45394103;"SPRF-SP";"DEL01-SP";"UOP01-DEL01-SP"
383180;2021-09-12;"domingo";"22:00:00";"PE";232;48,1;"VITORIA DE SANTO ANTAO";"Pista esburacada";"Capotamento";"Sem Vítimas";"Plena Noite";"Crescente";"Céu Claro";"Dupla";"Reta";"Sim";3;0;0;0;1;2;0;1;-8,14168181;-35,30561909;"SPRF-PE";"DEL01-PE";"UOP01-DEL01-PE"
383181;2021-09-12;"domingo";"18:45:00";"SC";480;130,5;"CHAPECO";"Ingestão de álcool pelo condutor";"Colisão traseira";"Sem Vítimas";"Plena Noite";"Decrescente";"Céu Claro";"Simples";"Reta";"Sim";3;0;0;0;3;0;0;2;-27,05534298;-52,63652069;"SPRF-SC";"DEL07-SC";"UOP01-DEL07-SC"
383184;2021-09-12;"domingo";"22:00:00";"SP";116;290;"ITAPECERICA DA SERRA";"Ausência de reação do condutor";"Colisão com objeto";"Com Vítimas Feridas";"Plena Noite";"Decrescente";"Céu Claro";"Dupla";"Reta";"Não";2;0;1;0;1;0;1;1;-23,7303281;-46,89425963;"SPRF-SP";"DEL04-SP";"UOP01-DEL04-SP"