"id";"data_inversa";"dia_semana";"horario";"uf";"br";"km";"municipio";"causa_acidente";"tipo_acidente";"classificacao_acidente";"fase_dia";"sentido_via";"condicao_metereologica";"tipo_pista";"tracado_via";"uso_solo";"pessoas";"mortos";"feridos_leves";"feridos_graves";"ilesos";"ignorados";"feridos";"veiculos";"latitude";"longitude";"regional";"delegacia";"uop"
383408;2021-09-14;"terça-feira";"04:50:00";"SC";280;52;"GUARAMIRIM";"Manobra de mudança de faixa";"Colisão frontal";"Com Vítimas Feridas";"Plena Noite";"Decrescente";"Céu Claro";"Simples";"Reta";"Sim";3;0;2;0;1;0;2;2;-26,468904;-48,96492;"SPRF-SC";"DEL03-SC";"UOP03-DEL03-SC"
383410;2021-09-14;"terça-feira";"05:20:00";"MG";40;528;"CONTAGEM";"Pedestre cruzava a pista fora da faixa";"Atropelamento de Pedestre";"Com Vítimas Feridas";"Amanhecer";"Decrescente";"Céu Claro";"Múltipla";"Curva";"Sim";2;0;0;1;1;0;1;2;-19,90883179;-44,04436577;"SPRF-MG";"DEL01-MG";"UOP02-DEL01-MG"
383411;2021-09-14;"terça-feira";"04:30:00";"GO";153;239,6;"SAO LUIZ DO NORTE";"Acessar a via sem observar a presença dos outros veículos";"Colisão transversal";"Com Vítimas Feridas";"Plena Noite";"Decrescente";"Céu Claro";"Simples";"Reta";"Não";2;0;0;2;0;0;2;1;-14,831887;-49,30484;"SPRF-GO";"DEL07-GO";"UOP02-DEL07-GO"
383412;2021-09-14;"terça-feira";"04:50:00";"PR";476;151;"ARAUCARIA";"Ingestão de álcool e/ou substâncias psicoativas pelo pedestre";"Colisão lateral mesmo sentido";"Com Vítimas Feridas";"Amanhecer";"Crescente";"Nublado";"Dupla";"Reta";"Sim";4;0;2;0;2;0;2;2;-25,563601;-49,377041;"SPRF-PR";"DEL01-PR";"UOP03-DEL01-PR"
383415;2021-09-14;"terça-feira";"07:10:00";"PA";316;22;"BENEVIDES";"Condutor deixou de manter distância do veículo da frente";"Colisão traseira";"Com Vítimas Feridas";"Pleno dia";"Decrescente";"Céu Claro";"Dupla";"Reta";"Sim";3;0;2;0;1;0;2;2;-1,3642339;-48,266582;"SPRF-PA";"DEL01-PA";"UOP01-DEL01-PA"
383416;2021-09-14;"terça-feira";"07:15:00";"RN";101;100;"PARNAMIRIM";"Manobra de mudança de faixa";"Colisão lateral mesmo sentido";"Com Vítimas Feridas";"Pleno dia";"Crescente";"Céu Claro";"Múltipla";"Reta";"Sim";2;0;0;1;1;0;1;2;-5,88106901;-35,22542396;"SPRF-RN";"DEL01-RN";"UOP01-DEL01-RN"
383417;2021-09-14;"terça-feira";"06:50:00";"MG";40;550;"NOVA LIMA";"Reação tardia ou ineficiente do condutor";"Colisão traseira";"Com Vítimas Feridas";"Pleno dia";"Crescente";"Céu Claro";"Dupla";"Reta";"Sim";2;0;1;0;1;0;1;2;-20,0477638;-43,96439441;"SPRF-MG";"DEL01-MG";"UOP02-DEL01-MG"
383418;2021-09-14;"terça-feira";"06:28:00";"MG";262;577;"CORREGO DANTA";"Desrespeitar a preferência no cruzamento";"Colisão transversal";"Sem Vítimas";"Pleno dia";"Decrescente";"Sol";"Simples";"Reta";"Não";2;0;0;0;2;0;0;2;-19,67731202;-46,04341517;"SPRF-MG";"DEL08-MG";"UOP02-DEL08-MG"
383419;2021-09-14;"terça-feira";"07:00:00";"ES";101;287,8;"CARIACICA";"Animais na Pista";"Atropelamento de Animal";"Com Vítimas Feridas";"Pleno dia";"Decrescente";"Céu Claro";"Dupla";"Reta";"Sim";1;0;1;0;0;0;1;1;-20,26493528;-40,38471702;"SPRF-ES";"DEL01-ES";"UOP01-DEL01-ES"
383421;2021-08-01;"domingo";"14:25:00";"PB";230;20;"JOAO PESSOA";"Ausência de reação do condutor";"Colisão traseira";"Com Vítimas Feridas";"Pleno dia";"Decrescente";"Céu Claro";"Dupla";"Viaduto";"Sim";5;0;1;0;4;0;1;2;-7,1337;-34,8544;"SPRF-PB";"DEL01-PB";"UOP01-DEL01-PB"
383424;2021-09-14;"terça-feira";"07:20:00";"SP";116;140,2;"SAO JOSE DOS CAMPOS";"Manobra de mudança de faixa";"Colisão lateral mesmo sentido";"Com Vítimas Feridas";"Pleno dia";"Crescente";"Céu Claro";"Dupla";"Reta";"Não";2;0;1;0;0;1;1;2;-23,16577714;-45,81246193;"SPRF-SP";"DEL02-SP";"UOP01-DEL02-SP"
383425;2021-09-14;"terça-feira";"08:00:00";"DF";20;8,7;"BRASILIA";"Acessar a via sem observar a presença dos outros veículos";"Colisão traseira";"Com Vítimas Feridas";"Pleno dia";"Crescente";"Céu Claro";"Dupla";"Retorno Regulamentado;Reta";"Sim";2;0;1;0;1;0;1;2;-15,658386;-47,791534;"SPRF-DF";"DEL02-DF";"UOP01-DEL02-DF"
383426;2021-09-14;"terça-feira";"07:20:00";"GO";153;508,9;"APARECIDA DE GOIANIA";"Ausência de reação do condutor";"Colisão traseira";"Com Vítimas Feridas";"Pleno dia";"Decrescente";"Céu Claro";"Dupla";"Reta";"Sim";2;0;1;0;1;0;1;2;-16,7804;-49,2371;"SPRF-GO";"DEL01-GO";"UOP03-DEL01-GO"
383428;2021-09-14;"terça-feira";"06:00:00";"MA";316;547;"CAXIAS";"Desrespeitar a preferência no cruzamento";"Colisão transversal";"Com Vítimas Feridas";"Amanhecer";"Crescente";"Céu Claro";"Simples";"Interseção de Vias";"Não";3;0;1;0;0;2;1;2;-4,87521195;-43,39642525;"SPRF-MA";"DEL03-MA";"UOP02-DEL03-MA"
383429;2021-09-14;"terça-feira";"08:10:00";"RN";101;99;"PARNAMIRIM";"Condutor deixou de manter distância do veículo da frente";"Colisão lateral mesmo sentido";"Com Vítimas Feridas";"Pleno dia";"Crescente";"Céu Claro";"Múltipla";"Reta";"Sim";4;0;1;0;2;1;1;4;-5,87359183;-35,22063023;"SPRF-RN";"DEL01-RN";"UOP01-DEL01-RN"
383430;2021-09-14;"terça-feira";"08:15:00";"DF";20;15;"BRASILIA";"Velocidade Incompatível";"Capotamento";"Com Vítimas Feridas";"Pleno dia";"Crescente";"Céu Claro";"Dupla";"Declive;Reta";"Não";1;0;1;0;0;0;1;1;-15,630189;-47,733288;"SPRF-DF";"DEL02-DF";"UOP01-DEL02-DF"
383431;2021-09-14;"terça-feira";"08:20:00";"AP";210;1;"MACAPA";"Condutor deixou de manter distância do veículo da frente";"Atropelamento de Pedestre";"Com Vítimas Feridas";"Pleno dia";"Crescente";"Céu Claro";"Dupla";"Reta";"Sim";3;0;1;1;1;0;2;3;0,0772476;-51,06273651;"SPRF-AP";"DEL01-AP";"UOP01-DEL01-AP"
383432;2021-06-24;"quinta-feira";"18:30:00";"PR";376;597;"CURITIBA";"Manobra de mudança de faixa";"Colisão transversal";"Com Vítimas Feridas";"Plena Noite";"Decrescente";"Nublado";"Dupla";"Reta";"Sim";1;0;0;1;0;0;1;1;-25,510571;-49,338848;"SPRF-PR";"DEL01-PR";"UOP01-DEL01-PR"
383433;2021-09-14;"terça-feira";"08:00:00";"PB";230;19,5;"JOAO PESSOA";"Ausência de reação do condutor";"Colisão traseira";"Sem Vítimas";"Pleno dia";"Crescente";"Sol";"Dupla";"Curva";"Sim";2;0;0;0;2;0;0;2;-7,1281;-34,8466;"SPRF-PB";"DEL01-PB";"UOP01-DEL01-PB"
383434;2021-08-12;"quinta-feira";"14:30:00";"SC";101;41,2;"JOINVILLE";"Desrespeitar a preferência no cruzamento";"Colisão transversal";"Com Vítimas Feridas";"Pleno dia";"Crescente";"Nublado";"Dupla";"Interseção de Vias;Rotatória;Viaduto";"Sim";2;0;0;1;1;0;1;2;-26,28215489;-48,88973081;"SPRF-SC";"DEL03-SC";"UOP01-DEL03-SC"
383435;2021-09-14;"terça-feira";"06:30:00";"MG";381;180,5;"GOVERNADOR VALADARES";"Velocidade Incompatível";"Saída de leito carroçável";"Com Vítimas Feridas";"Pleno dia";"Crescente";"Céu Claro";"Simples";"Reta";"Não";2;0;1;1;0;0;2;1;-19,0410638;-42,1491874;"SPRF-MG";"DEL06-MG";"UOP01-DEL06-MG"
383437;2021-09-14;"terça-feira";"08:20:00";"RJ";40;111;"DUQUE DE CAXIAS";"Avarias e/ou desgaste excessivo no pneu";"Queda de ocupante de veículo";"Com Vítimas Feridas";"Pleno dia";"Crescente";"Céu Claro";"Múltipla";"Reta";"Não";2;0;2;0;0;0;2;1;-22,691868;-43,287453;"SPRF-RJ";"DEL01-RJ";"UOP01-DEL01-RJ"
383438;2021-09-14;"terça-feira";"08:20:00";"DF";70;19;"BRASILIA";"Ausência de reação do condutor";"Saída de leito carroçável";"Sem Vítimas";"Pleno dia";"Decrescente";"Céu Claro";"Dupla";"Curva;Aclive";"Não";1;0;0;0;1;0;0;1;-15,78970424;-48,22482956;"SPRF-DF";"DEL03-DF";"UOP02-DEL03-DF"
383439;2021-09-14;"terça-feira";"08:43:00";"SC";101;205,4;"SAO JOSE";"Acumulo de água sobre o pavimento";"Tombamento";"Com Vítimas Feridas";"Pleno dia";"Crescente";"Chuva";"Simples";"Curva";"Sim";1;0;1;0;0;0;1;1;-27,58689202;-48,6167872;"SPRF-SC";"DEL01-SC";"UOP01-DEL01-SC"
383440;2021-09-05;"domingo";"12:10:00";"MA";316;558;"CAXIAS";"Ausência de reação do condutor";"Colisão com objeto";"Com Vítimas Feridas";"Pleno dia";"Crescente";"Céu Claro";"Simples";"Reta";"Não";1;0;0;1;0;0;1;1;-4,91423232;-43,21614417;"SPRF-MA";"DEL03-MA";"UOP02-DEL03-MA"
383443;2021-09-14;"terça-feira";"09:10:00";"PR";277;119,5;"CAMPO LARGO";"Manobra de mudança de faixa";"Queda de ocupante de veículo";"Com Vítimas Feridas";"Pleno dia";"Crescente";"Nublado";"Dupla";"Reta";"Não";1;0;1;0;0;0;1;1;-25,4330687;-49,43430906;"SPRF-PR";"DEL01-PR";"UOP03-DEL03-PR"
383444;2021-09-14;"terça-feira";"07:15:00";"RS";116;606,2;"ARROIO GRANDE";"Velocidade Incompatível";"Tombamento";"Sem Vítimas";"Pleno dia";"Crescente";"Nublado";"Simples";"Reta";"Não";1;0;0;0;0;1;0;1;-32,20844382;-53,02791595;"SPRF-RS";"DEL07-RS";"UOP03-DEL07-RS"
383445;2021-09-14;"terça-feira";"07:00:00";"PR";116;26;"CAMPINA GRANDE DO SUL";"Chuva";"Saída de leito carroçável";"Com Vítimas Feridas";"Pleno dia";"Decrescente";"Garoa/Chuvisco";"Dupla";"Curva;Declive";"Não";2;0;1;0;1;0;1;1;-25,10796685;-48,78730059;"SPRF-PR";"DEL01-PR";"UOP02-DEL01-PR"
383447;2021-09-14;"terça-feira";"08:30:00";"MG";356;273,3;"MURIAE";"Demais falhas mecânicas ou elétricas";"Tombamento";"Com Vítimas Feridas";"Pleno dia";"Decrescente";"Céu Claro";"Simples";"Reta";"Não";1;0;1;0;0;0;1;1;-21,13692575;-42,30183406;"SPRF-MG";"DEL07-MG";"UOP02-DEL07-MG"
383448;2021-09-14;"terça-feira";"10:15:00";"PB";230;24;"JOAO PESSOA";"Ausência de reação do condutor";"Colisão traseira";"Com Vítimas Feridas";"Pleno dia";"Decrescente";"Sol";"Dupla";"Curva";"Sim";3;0;2;0;1;0;2;2;-7,1637;-34,8618;"SPRF-PB";"DEL01-PB";"UOP01-DEL01-PB"
383449;2021-09-14;"terça-feira";"09:20:00";"MS";267;434,8;"MARACAJU";"Animais na Pista";"Saída de leito carroçável";"Com Vítimas Feridas";"Pleno dia";"Crescente";"Céu Claro";"Simples";"Reta";"Não";2;0;1;0;1;0;1;1;-21,51607788;-55,7467989;"SPRF-MS";"DEL05-MS";"UOP01-DEL05-MS"
383450;2021-09-14;"terça-feira";"09:15:00";"SC";282;69,5;"RANCHO QUEIMADO";"Pista Escorregadia";"Tombamento";"Com Vítimas Feridas";"Pleno dia";"Decrescente";"Chuva";"Múltipla";"Curva;Declive";"Não";3;0;1;0;2;0;1;1;-27,690144;-49,083813;"SPRF-SC";"DEL01-SC";"UOP03-DEL01-SC"
383451;2021-09-14;"terça-feira";"10:15:00";"SP";116;295;"ITAPECERICA DA SERRA";"Demais falhas mecânicas ou elétricas";"Capotamento";"Com Vítimas Feridas";"Pleno dia";"Decrescente";"Céu Claro";"Dupla";"Reta";"Não";2;0;1;0;1;0;1;1;-23,76855719;-46,90957373;"SPRF-SP";"DEL04-SP";"UOP01-DEL04-SP"
383452;2021-09-14;"terça-feira";"09:20:00";"RN";405;76,8;"APODI";"Pedestre andava na pista";"Atropelamento de Pedestre";"Com Vítimas Feridas";"Pleno dia";"Crescente";"Céu Claro";"Simples";"Reta";"Sim";2;0;0;1;0;1;1;2;-5,65242499;-37,79945928;"SPRF-RN";"DEL04-RN";"UOP02-DEL04-RN"
383455;2021-09-14;"terça-feira";"11:05:00";"SC";101;146,6;"ITAPEMA";"Reação tardia ou ineficiente do condutor";"Colisão transversal";"Com Vítimas Feridas";"Pleno dia";"Crescente";"Céu Claro";"Simples";"Interseção de Vias";"Não";2;0;1;0;1;0;1;2;-27,08666525;-48,60955587;"SPRF-SC";"DEL04-SC";"UOP03-DEL04-SC"
383456;2021-09-14;"terça-feira";"08:30:00";"MS";267;32;"BATAGUASSU";"Acessar a via sem observar a presença dos outros veículos";"Colisão traseira";"Com Vítimas Feridas";"Pleno dia";"Crescente";"Céu Claro";"Simples";"Declive";"Não";3;0;0;1;1;1;1;3;-21,73094727;-52,44889984;"SPRF-MS";"DEL02-MS";"UOP04-DEL02-MS"
383458;2021-09-14;"terça-feira";"09:45:00";"MA";230;2;"BARAO DE GRAJAU";"Acesso irregular";"Colisão lateral mesmo sentido";"Com Vítimas Feridas";"Pleno dia";"Crescente";"Céu Claro";"Simples";"Reta";"Sim";2;0;1;0;0;1;1;2;-6,75451474;-43,02540492;"SPRF-PI";"DEL03-PI";"UOP01-DEL03-PI"
383459;2021-07-04;"domingo";"13:00:00";"PA";316;243;"CACHOEIRA DO PIRIA";"Mal súbito do condutor";"Saída de leito carroçável";"Com Vítimas Feridas";"Pleno dia";"Decrescente";"Céu Claro";"Simples";"Reta";"Não";1;0;1;0;0;0;1;1;-1,74602734;-46,56770215;"SPRF-PA";"DEL01-PA";"UOP04-DEL01-PA"
383461;2021-09-14;"terça-feira";"09:40:00";"MG";116;653,6;"FERVEDOURO";"Retorno proibido";"Colisão transversal";"Com Vítimas Feridas";"Pleno dia";"Crescente";"Céu Claro";"Simples";"Reta";"Não";2;0;2;0;0;0;2;2;-20,72834135;-42,28157043;"SPRF-MG";"DEL07-MG";"UOP03-DEL07-MG"
383462;2021-08-10;"terça-feira";"06:20:00";"SP";116;270;"TABOAO DA SERRA";"Manobra de mudança de faixa";"Colisão traseira";"Com Vítimas Feridas";"Pleno dia";"Decrescente";"Céu Claro";"Dupla";"Reta";"Sim";2;0;1;0;1;0;1;2;-23,61799728;-46,79677694;"SPRF-SP";"DEL04-SP";"UOP01-DEL04-SP"
383465;2021-09-14;"terça-feira";"11:00:00";"GO";20;125,3;"FLORES DE GOIAS";"Velocidade Incompatível";"Saída de leito carroçável";"Sem Vítimas";"Pleno dia";"Crescente";"Ignorado";"Simples";"Reta";"Não";1;0;0;0;0;1;0;1;-14,854227;-46,78397;"SPRF-DF";"DEL02-DF";"UOP03-DEL02-DF"
383466;2021-09-14;"terça-feira";"08:35:00";"SP";116;272;"TABOAO DA SERRA";"Manobra de mudança de faixa";"Colisão traseira";"Com Vítimas Feridas";"Pleno dia";"Decrescente";"Céu Claro";"Dupla";"Reta";"Sim";2;0;1;0;1;0;1;2;-23,621691;-46,813288;"SPRF-SP";"DEL04-SP";"UOP01-DEL04-SP"
383467;2021-09-14;"terça-feira";"11:55:00";"RJ";116;274;"BARRA MANSA";"Velocidade Incompatível";"Engavetamento";"Com Vítimas Feridas";"Pleno dia";"Decrescente";"Vento";"Dupla";"Reta";"Não";5;0;1;0;4;0;1;5;-22,54434859;-44,18967247;"SPRF-RJ";"DEL07-RJ";"UOP02-DEL07-RJ"
383469;2021-09-14;"terça-feira";"11:50:00";"ES";393;0;"CACHOEIRO DE ITAPEMIRIM";"Condutor deixou de manter distância do veículo da frente";"Colisão frontal";"Com Vítimas Feridas";"Pleno dia";"Crescente";"Sol";"Simples";"Interseção de Vias;Reta";"Sim";2;0;2;0;0;0;2;2;-20,841324;-41,15929;"SPRF-ES";"DEL03-ES";"UOP02-DEL03-ES"
383472;2021-09-14;"terça-feira";"11:00:00";"PA";230;727;"MEDICILANDIA";"Ausência de reação do condutor";"Capotamento";"Com Vítimas Feridas";"Pleno dia";"Decrescente";"Céu Claro";"Dupla";"Curva";"Não";1;0;1;0;0;0;1;1;-3,4013168;-52,74645201;"SPRF-PA";"DEL04-PA";"UOP01-DEL04-PA"
383473;2021-09-14;"terça-feira";"12:35:00";"SC";280;52,3;"GUARAMIRIM";"Reação tardia ou ineficiente do condutor";"Colisão transversal";"Com Vítimas Feridas";"Pleno dia";"Crescente";"Chuva";"Simples";"Reta";"Não";2;0;0;1;1;0;1;2;-26,468904;-48,96492;"SPRF-SC";"DEL03-SC";"UOP03-DEL03-SC"
383475;2021-09-14;"terça-feira";"12:55:00";"PR";116;47;"CAMPINA GRANDE DO SUL";"Chuva";"Saída de leito carroçável";"Com Vítimas Feridas";"Pleno dia";"Decrescente";"Chuva";"Dupla";"Curva";"Não";3;0;1;0;2;0;1;1;-25,21058799;-48,89720903;"SPRF-PR";"DEL01-PR";"UOP02-DEL01-PR"
383476;2021-09-14;"terça-feira";"11:20:00";"SC";101;401;"MARACAJA";"Reação tardia ou ineficiente do condutor";"Colisão lateral mesmo sentido";"Com Vítimas Feridas";"Pleno dia";"Decrescente";"Nublado";"Múltipla";"Reta";"Sim";2;0;1;0;1;0;1;2;-28,85594274;-49,44019434;"SPRF-SC";"DEL02-SC";"UOP02-DEL02-SC"
383477;2021-09-04;"sábado";"16:30:00";"MS";163;253,6;"DOURADOS";"Ingestão de álcool pelo condutor";"Colisão lateral mesmo sentido";"Com Vítimas Feridas";"Pleno dia";"Decrescente";"Céu Claro";"Dupla";"Reta";"Não";4;0;1;0;3;0;1;2;-22,27497861;-54,82016802;"SPRF-MS";"DEL04-MS";"UOP01-DEL04-MS"
383478;2021-09-14;"terça-feira";"13:30:00";"PI";316;8;"TERESINA";"Manobra de mudança de faixa";"Colisão traseira";"Com Vítimas Feridas";"Pleno dia";"Crescente";"Céu Claro";"Simples";"Reta";"Sim";2;0;1;0;1;0;1;2;-5,16483402;-42,76899508;"SPRF-PI";"DEL01-PI";"UOP02-DEL01-PI"
383479;2021-09-14;"terça-feira";"11:00:00";"MG";262;38,7;"MANHUACU";"Acessar a via sem observar a presença dos outros veículos";"Colisão transversal";"Com Vítimas Feridas";"Pleno dia";"Decrescente";"Céu Claro";"Simples";"Reta";"Sim";2;0;1;0;1;0;1;2;-20,26305859;-42,03684948;"SPRF-MG";"DEL06-MG";"UOP03-DEL06-MG"
383480;2021-09-07;"terça-feira";"20:25:00";"SC";282;493;"FAXINAL DOS GUEDES";"Velocidade Incompatível";"Colisão traseira";"Sem Vítimas";"Plena Noite";"Decrescente";"Céu Claro";"Simples";"Reta";"Não";2;0;0;0;2;0;0;2;-26,87043955;-52,30719566;"SPRF-SC";"DEL07-SC";"UOP01-DEL07-SC"
383482;2021-09-14;"terça-feira";"13:30:00";"PR";476;175;"CONTENDA";"Chuva";"Colisão frontal";"Com Vítimas Feridas";"Pleno dia";"Crescente";"Chuva";"Simples";"Reta";"Não";3;0;2;1;0;0;3;2;-25,690516;-49,543564;"SPRF-PR";"DEL01-PR";"UOP03-DEL01-PR"
383483;2021-09-14;"terça-feira";"13:10:00";"RJ";116;305,5;"RESENDE";"Reação tardia ou ineficiente do condutor";"Colisão com objeto";"Com Vítimas Feridas";"Pleno dia";"Decrescente";"Céu Claro";"Dupla";"Curva";"Não";1;0;1;0;0;0;1;1;-22,45573779;-44,39454802;"SPRF-RJ";"DEL07-RJ";"UOP02-DEL07-RJ"
383485;2021-09-14;"terça-feira";"08:45:00";"SC";280;226,7;"TRES BARRAS";"Ultrapassagem Indevida";"Colisão frontal";"Com Vítimas Feridas";"Pleno dia";"Decrescente";"Chuva";"Simples";"Reta";"Não";3;0;2;1;0;0;3;2;-26,18105839;-50,32269294;"SPRF-SC";"DEL06-SC";"UOP04-DEL06-SC"
383487;2021-09-14;"terça-feira";"13:50:00";"SP";116;223;"GUARULHOS";"Trafegar com motocicleta (ou similar) entre as faixas";"Colisão traseira";"Com Vítimas Feridas";"Pleno dia";"Crescente";"Céu Claro";"Múltipla";"Reta";"Sim";2;0;1;0;1;0;1;2;-23,47559815;-46,5246609;"SPRF-SP";"DEL01-SP";"UOP01-DEL01-SP"
383488;2021-09-14;"terça-feira";"12:50:00";"MS";267;19,9;"BATAGUASSU";"Demais falhas mecânicas ou elétricas";"Tombamento";"Com Vítimas Feridas";"Pleno dia";"Crescente";"Vento";"Simples";"Aclive;Reta";"Não";1;0;1;0;0;0;1;1;-21,72646823;-52,32529899;"SPRF-MS";"DEL02-MS";"UOP04-DEL02-MS"
383489;2021-09-14;"terça-feira";"14:25:00";"PE";101;65;"RECIFE";"Manobra de mudança de faixa";"Colisão traseira";"Sem Vítimas";"Pleno dia";"Crescente";"Sol";"Múltipla";"Reta";"Sim";2;0;0;0;1;1;0;2;-8,02478597;-34,94276635;"SPRF-PE";"DEL01-PE";"UOP01-DEL01-PE"
383491;2021-09-14;"terça-feira";"14:30:00";"SP";116;190,6;"SANTA ISABEL";"Avarias e/ou desgaste excessivo no pneu";"Queda de ocupante de veículo";"Com Vítimas Feridas";"Pleno dia";"Decrescente";"Céu Claro";"Dupla";"Curva";"Não";1;0;1;0;0;0;1;1;-23,36821879;-46,23367409;"SPRF-SP";"DEL01-SP";"UOP01-DEL01-SP"
383493;2021-09-14;"terça-feira";"15:00:00";"RN";226;106,5;"SANTA CRUZ";"Velocidade Incompatível";"Capotamento";"Com Vítimas Feridas";"Pleno dia";"Decrescente";"Céu Claro";"Simples";"Reta";"Não";2;0;1;0;1;0;1;1;-6,24663846;-35,9776249;"SPRF-RN";"DEL03-RN";"UOP02-DEL03-RN"
383494;2021-09-14;"terça-feira";"14:25:00";"MG";116;415,7;"GOVERNADOR VALADARES";"Condutor deixou de manter distância do veículo da frente";"Colisão traseira";"Com Vítimas Feridas";"Pleno dia";"Crescente";"Céu Claro";"Simples";"Reta";"Sim";2;0;0;1;1;0;1;2;-18,88401297;-41,94924399;"SPRF-MG";"DEL06-MG";"UOP01-DEL06-MG"
383496;2021-09-09;"quinta-feira";"19:10:00";"SC";101;104,9;"PENHA";"Condutor deixou de manter distância do veículo da frente";"Colisão traseira";"Com Vítimas Feridas";"Plena Noite";"Crescente";"Céu Claro";"Dupla";"Reta";"Não";2;0;0;1;1;0;1;2;-26,79281742;-48,68080819;"SPRF-SC";"DEL03-SC";"UOP02-DEL03-SC"
383500;2021-09-14;"terça-feira";"14:15:00";"SP";116;513;"CAJATI";"Velocidade Incompatível";"Capotamento";"Com Vítimas Feridas";"Pleno dia";"Decrescente";"Chuva";"Simples";"Curva";"Não";2;0;1;0;1;0;1;1;-24,85109616;-48,21802405;"SPRF-SP";"DEL05-SP";"UOP02-DEL05-SP"
383501;2021-09-14;"terça-feira";"14:00:00";"MS";158;162;"APARECIDA DO TABOADO";"Demais falhas mecânicas ou elétricas";"Saída de leito carroçável";"Com Vítimas Feridas";"Pleno dia";"Decrescente";"Sol";"Simples";"Reta";"Não";2;0;2;0;0;0;2;1;-20,18951623;-51,22788887;"SPRF-MS";"DEL08-MS";"UOP01-DEL08-MS"
383502;2021-09-14;"terça-feira";"18:40:00";"GO";40;6,7;"VALPARAISO DE GOIAS";"Ausência de reação do condutor";"Queda de ocupante de veículo";"Com Vítimas Feridas";"Plena Noite";"Crescente";"Céu Claro";"Dupla";"Reta";"Sim";2;0;1;0;1;0;1;2;-16,100814;-47,977351;"SPRF-DF";"DEL01-DF";"UOP01-DEL01-DF"
383503;2021-09-14;"terça-feira";"15:55:00";"SC";101;207,7;"SAO JOSE";"Trafegar com motocicleta (ou similar) entre as faixas";"Colisão lateral mesmo sentido";"Com Vítimas Feridas";"Pleno dia";"Decrescente";"Nublado";"Múltipla";"Declive;Reta";"Sim";2;0;1;0;1;0;1;2;-27,60206269;-48,62797737;"SPRF-SC";"DEL01-SC";"UOP01-DEL01-SC"
383504;2021-09-14;"terça-feira";"16:00:00";"SP";116;274;"TABOAO DA SERRA";"Afundamento ou ondulação no pavimento";"Queda de ocupante de veículo";"Com Vítimas Feridas";"Pleno dia";"Decrescente";"Céu Claro";"Dupla";"Reta";"Não";1;0;1;0;0;0;1;1;-23,63445084;-46,82418514;"SPRF-SP";"DEL04-SP";"UOP01-DEL04-SP"
383508;2021-09-10;"sexta-feira";"21:40:00";"SC";282;69,6;"RANCHO QUEIMADO";"Curva acentuada";"Colisão com objeto";"Com Vítimas Feridas";"Plena Noite";"Decrescente";"Céu Claro";"Múltipla";"Declive;Curva";"Não";1;0;1;0;0;0;1;1;-27,690144;-49,083813;"SPRF-SC";"DEL01-SC";"UOP03-DEL01-SC"
383511;2021-09-14;"terça-feira";"16:55:00";"SP";116;21,5;"LAVRINHAS";"Conversão proibida";"Tombamento";"Com Vítimas Feridas";"Pleno dia";"Crescente";"Céu Claro";"Simples";"Interseção de Vias";"Não";2;0;1;0;1;0;1;1;-22,57651319;-44,87315394;"SPRF-SP";"DEL08-SP";"UOP02-DEL08-SP"
383514;2021-09-14;"terça-feira";"16:50:00";"ES";101;67;"SAO MATEUS";"Ingestão de álcool pelo condutor";"Colisão lateral mesmo sentido";"Com Vítimas Feridas";"Pleno dia";"Crescente";"Sol";"Dupla";"Reta";"Sim";3;0;2;0;1;0;2;2;-18,72054021;-39,8658931;"SPRF-ES";"DEL04-ES";"UOP02-DEL04-ES"
383515;2021-09-14;"terça-feira";"17:00:00";"PR";277;0,5;"PARANAGUA";"Transitar no acostamento";"Colisão frontal";"Com Vítimas Feridas";"Pleno dia";"Decrescente";"Céu Claro";"Simples";"Reta";"Sim";2;0;1;0;1;0;1;2;-25,52917877;-48,54802608;"SPRF-PR";"DEL01-PR";"UOP05-DEL01-PR"
383516;2021-09-14;"terça-feira";"17:20:00";"SC";101;194;"BIGUACU";"Acessar a via sem observar a presença dos outros veículos";"Colisão transversal";"Com Vítimas Feridas";"Pleno dia";"Crescente";"Nublado";"Simples";"Viaduto";"Sim";2;0;1;0;1;0;1;2;-27,49815117;-48,65661236;"SPRF-SC";"DEL01-SC";"UOP01-DEL01-SC"
383517;2021-09-14;"terça-feira";"17:00:00";"ES";262;2;"CARIACICA";"Manobra de mudança de faixa";"Colisão transversal";"Com Vítimas Feridas";"Pleno dia";"Decrescente";"Nublado";"Dupla";"Curva";"Sim";2;0;1;0;1;0;1;2;-20,33275688;-40,36077696;"SPRF-ES";"DEL01-ES";"UOP01-DEL01-ES"
383520;2021-09-14;"terça-feira";"16:40:00";"RO";364;710;"PORTO VELHO";"Manobra de mudança de faixa";"Colisão transversal";"Com Vítimas Feridas";"Pleno dia";"Decrescente";"Sol";"Múltipla";"Reta";"Sim";3;0;1;1;1;0;2;2;-8,784952;-63,860172;"SPRF-RO";"DEL01-RO";"UOP01-DEL01-RO"
383523;2021-09-14;"terça-feira";"18:10:00";"RN";101;104,4;"PARNAMIRIM";"Condutor deixou de manter distância do veículo da frente";"Colisão traseira";"Sem Vítimas";"Anoitecer";"Decrescente";"Céu Claro";"Dupla";"Reta";"Sim";2;0;0;0;2;0;0;2;-5,898779;-35,258582;"SPRF-RN";"DEL01-RN";"UOP01-DEL01-RN"