"id";"data_inversa";"dia_semana";"horario";"uf";"br";"km";"municipio";"causa_acidente";"tipo_acidente";"classificacao_acidente";"fase_dia";"sentido_via";"condicao_metereologica";"tipo_pista";"tracado_via";"uso_solo";"pessoas";"mortos";"feridos_leves";"feridos_graves";"ilesos";"ignorados";"feridos";"veiculos";"latitude";"longitude";"regional";"delegacia";"uop"
383624;2021-09-15;"quarta-feira";"09:00:00";"PE";101;54,9;"PAULISTA";"Manobra de mudança de faixa";"Colisão traseira";"Com Vítimas Feridas";"Pleno dia";"Decrescente";"Sol";"Múltipla";"Curva";"Sim";2;0;0;1;1;0;1;2;-7,93961103;-34,90356584;"SPRF-PE";"DEL01-PE";"UOP02-DEL01-PE"
383626;2021-09-15;"quarta-feira";"09:25:00";"MG";262;364,5;"JUATUBA";"Condutor deixou de manter distância do veículo da frente";"Colisão traseira";"Com Vítimas Feridas";"Pleno dia";"Crescente";"Céu Claro";"Dupla";"Reta;Declive";"Não";2;0;1;0;1;0;1;2;-19,98290644;-44,24492623;"SPRF-MG";"DEL01-MG";"UOP03-DEL01-MG"
383627;2021-09-15;"quarta-feira";"09:52:00";"PR";116;44;"CAMPINA GRANDE DO SUL";"Acumulo de água sobre o pavimento";"Capotamento";"Com Vítimas Feridas";"Pleno dia";"Crescente";"Garoa/Chuvisco";"Dupla";"Curva";"Não";2;0;1;0;1;0;1;1;-25,1882321;-48,88492529;"SPRF-PR";"DEL01-PR";"UOP02-DEL01-PR"
383628;2021-09-15;"quarta-feira";"08:45:00";"RO";319;62,1;"PORTO VELHO";"Condutor desrespeitou a iluminação vermelha do semáforo";"Colisão transversal";"Com Vítimas Feridas";"Pleno dia";"Decrescente";"Céu Claro";"Dupla";"Interseção de Vias";"Sim";3;0;1;0;0;2;1;3;-8,766685;-63,884052;"SPRF-RO";"DEL01-RO";"UOP01-DEL01-RO"
383630;2021-09-15;"quarta-feira";"10:35:00";"PE";423;135;"CARUARU";"Condutor Dormindo";"Colisão com objeto";"Com Vítimas Feridas";"Pleno dia";"Decrescente";"Sol";"Dupla";"Aclive";"Não";1;0;1;0;0;0;1;1;-8,31304648;-36,0396409;"SPRF-PE";"DEL03-PE";"UOP01-DEL03-PE"
383631;2021-09-15;"quarta-feira";"10:30:00";"RS";116;528;"CAPAO DO LEAO";"Ausência de reação do condutor";"Colisão traseira";"Sem Vítimas";"Pleno dia";"Crescente";"Céu Claro";"Simples";"Reta";"Não";2;0;0;0;2;0;0;2;-31,75074207;-52,41851397;"SPRF-RS";"DEL07-RS";"UOP01-DEL07-RS"
383632;2021-09-15;"quarta-feira";"11:00:00";"PR";376;645,5;"TIJUCAS DO SUL";"Avarias e/ou desgaste excessivo no pneu";"Saída de leito carroçável";"Sem Vítimas";"Pleno dia";"Decrescente";"Nublado";"Dupla";"Reta";"Não";1;0;0;0;1;0;0;1;-25,829144;-49,117396;"SPRF-PR";"DEL01-PR";"UOP04-DEL01-PR"
383635;2021-09-12;"domingo";"06:00:00";"MG";40;544;"BELO HORIZONTE";"Velocidade Incompatível";"Colisão com objeto";"Sem Vítimas";"Pleno dia";"Crescente";"Céu Claro";"Dupla";"Reta";"Não";1;0;0;0;0;1;0;1;-19,99848032;-43,96256558;"SPRF-MG";"DEL01-MG";"UOP02-DEL01-MG"
383636;2021-09-15;"quarta-feira";"11:15:00";"PB";101;103,2;"ALHANDRA";"Reação tardia ou ineficiente do condutor";"Colisão traseira";"Com Vítimas Feridas";"Pleno dia";"Decrescente";"Sol";"Dupla";"Reta";"Não";3;0;1;0;2;0;1;2;-7,29453083;-34,93755095;"SPRF-PB";"DEL01-PB";"UOP02-DEL01-PB"
383639;2021-09-15;"quarta-feira";"11:20:00";"CE";20;421;"MARACANAU";"Transitar no acostamento";"Colisão traseira";"Com Vítimas Feridas";"Pleno dia";"Crescente";"Céu Claro";"Múltipla";"Reta";"Não";2;0;1;0;1;0;1;2;-3,76999035;-38,67006282;"SPRF-CE";"DEL01-CE";"UOP02-DEL01-CE"
383640;2021-09-15;"quarta-feira";"11:30:00";"RS";386;344,7;"LAJEADO";"Condutor deixou de manter distância do veículo da frente";"Colisão traseira";"Com Vítimas Feridas";"Pleno dia";"Crescente";"Céu Claro";"Simples";"Reta";"Sim";2;0;1;0;1;0;1;2;-29,439268;-51,993633;"SPRF-RS";"DEL04-RS";"UOP01-DEL04-RS"
383641;2021-09-07;"terça-feira";"22:00:00";"SC";101;259,2;"PAULO LOPES";"Velocidade Incompatível";"Saída de leito carroçável";"Com Vítimas Feridas";"Plena Noite";"Decrescente";"Garoa/Chuvisco";"Dupla";"Curva;Aclive";"Não";2;0;2;0;0;0;2;1;-28,01164179;-48,69479656;"SPRF-SC";"DEL02-SC";"UOP03-DEL02-SC"
383642;2021-09-15;"quarta-feira";"10:30:00";"RO";364;237,6;"CACOAL";"Condutor deixou de manter distância do veículo da frente";"Colisão traseira";"Com Vítimas Feridas";"Pleno dia";"Crescente";"Sol";"Simples";"Reta";"Sim";2;0;1;0;1;0;1;2;-11,440144;-61,452122;"SPRF-RO";"DEL02-RO";"UOP02-DEL02-RO"
383645;2021-09-15;"quarta-feira";"05:30:00";"AP";156;461;"TARTARUGALZINHO";"Avarias e/ou desgaste excessivo no pneu";"Colisão frontal";"Com Vítimas Feridas";"Amanhecer";"Crescente";"Céu Claro";"Simples";"Curva";"Não";4;0;4;0;0;0;4;2;1,42722596;-50,90922527;"SPRF-AP";"DEL01-AP";"UOP01-DEL01-AP"
383649;2021-09-06;"segunda-feira";"20:00:00";"SC";101;416,9;"ARARANGUA";"Desrespeitar a preferência no cruzamento";"Colisão transversal";"Com Vítimas Feridas";"Plena Noite";"Decrescente";"Nublado";"Simples";"Reta";"Sim";2;0;1;0;1;0;1;2;-28,96708874;-49,52338825;"SPRF-SC";"DEL02-SC";"UOP02-DEL02-SC"
383651;2021-09-15;"quarta-feira";"12:59:00";"SC";101;205,6;"SAO JOSE";"Pedestre andava na pista";"Atropelamento de Pedestre";"Com Vítimas Feridas";"Pleno dia";"Crescente";"Céu Claro";"Múltipla";"Reta";"Sim";2;0;0;1;1;0;1;2;-27,58313237;-48,61532885;"SPRF-SC";"DEL01-SC";"UOP01-DEL01-SC"
383652;2021-09-15;"quarta-feira";"12:00:00";"PA";230;113;"MARABA";"Acessar a via sem observar a presença dos outros veículos";"Colisão transversal";"Com Vítimas Feridas";"Pleno dia";"Crescente";"Nublado";"Simples";"Aclive";"Sim";2;0;1;0;1;0;1;2;-5,36689576;-49,05750094;"SPRF-PA";"DEL03-PA";"UOP01-DEL03-PA"
383653;2021-09-15;"quarta-feira";"12:45:00";"PA";10;42,2;"ULIANOPOLIS";"Acumulo de água sobre o pavimento";"Saída de leito carroçável";"Com Vítimas Feridas";"Pleno dia";"Decrescente";"Chuva";"Simples";"Curva";"Não";1;0;1;0;0;0;1;1;-4,08228599;-47,54557609;"SPRF-PA";"DEL02-PA";"UOP02-DEL02-PA"
383655;2021-09-04;"sábado";"06:45:00";"PR";369;386;"MAMBORE";"Condutor usando celular";"Capotamento";"Com Vítimas Feridas";"Amanhecer";"Decrescente";"Céu Claro";"Simples";"Curva";"Não";1;0;1;0;0;0;1;1;-24,2568;-52,5145;"SPRF-PR";"DEL04-PR";"UOP03-DEL04-PR"
383662;2021-09-15;"quarta-feira";"12:55:00";"MG";40;529,8;"CONTAGEM";"Condutor deixou de manter distância do veículo da frente";"Colisão lateral mesmo sentido";"Com Vítimas Feridas";"Pleno dia";"Crescente";"Céu Claro";"Dupla";"Curva";"Sim";2;0;0;1;1;0;1;2;-19,91635592;-44,03966566;"SPRF-MG";"DEL01-MG";"UOP02-DEL01-MG"
383668;2021-09-15;"quarta-feira";"10:00:00";"MS";262;470;"ANASTACIO";"Ausência de reação do condutor";"Saída de leito carroçável";"Com Vítimas Feridas";"Pleno dia";"Decrescente";"Céu Claro";"Simples";"Reta";"Não";2;0;1;0;1;0;1;1;-20,51056558;-55,624845;"SPRF-MS";"DEL03-MS";"UOP01-DEL03-MS"
383669;2021-09-15;"quarta-feira";"14:40:00";"RJ";40;89;"PETROPOLIS";"Velocidade Incompatível";"Colisão com objeto";"Com Vítimas Feridas";"Pleno dia";"Crescente";"Nublado";"Simples";"Reta;Em Obras;Viaduto";"Não";1;0;1;0;0;0;1;1;-22,556263;-43,23718;"SPRF-RJ";"DEL06-RJ";"UOP01-DEL06-RJ"
383671;2021-09-15;"quarta-feira";"14:20:00";"RS";116;263;"CANOAS";"Acessar a via sem observar a presença dos outros veículos";"Colisão transversal";"Sem Vítimas";"Pleno dia";"Decrescente";"Céu Claro";"Múltipla";"Reta";"Sim";2;0;0;0;2;0;0;2;-29,90545398;-51,17674031;"SPRF-RS";"DEL01-RS";"UOP01-DEL01-RS"
383672;2021-09-15;"quarta-feira";"15:10:00";"RS";285;296,2;"PASSO FUNDO";"Acessar a via sem observar a presença dos outros veículos";"Colisão transversal";"Com Vítimas Feridas";"Pleno dia";"Crescente";"Sol";"Simples";"Rotatória";"Sim";6;0;1;0;4;1;1;3;-28,23332225;-52,40521431;"SPRF-RS";"DEL08-RS";"UOP03-DEL08-RS"
383676;2021-09-15;"quarta-feira";"15:20:00";"PR";116;14;"CAMPINA GRANDE DO SUL";"Pista Escorregadia";"Capotamento";"Com Vítimas Feridas";"Pleno dia";"Decrescente";"Chuva";"Múltipla";"Curva";"Sim";3;0;3;0;0;0;3;1;-25,09836429;-48,67391969;"SPRF-PR";"DEL01-PR";"UOP02-DEL01-PR"
383682;2021-09-15;"quarta-feira";"16:00:00";"PR";369;186,6;"ARAPONGAS";"Manobra de mudança de faixa";"Colisão lateral mesmo sentido";"Com Vítimas Feridas";"Pleno dia";"Crescente";"Nublado";"Simples";"Reta";"Sim";2;0;1;0;1;0;1;2;-23,42137626;-51,42464161;"SPRF-PR";"DEL07-PR";"UOP02-DEL07-PR"
383683;2021-09-15;"quarta-feira";"16:16:00";"PB";230;18,8;"JOAO PESSOA";"Condutor deixou de manter distância do veículo da frente";"Engavetamento";"Sem Vítimas";"Pleno dia";"Crescente";"Sol";"Dupla";"Reta";"Sim";3;0;0;0;3;0;0;3;-7,1198;-34,8453;"SPRF-PB";"DEL01-PB";"UOP01-DEL01-PB"
383684;2021-09-15;"quarta-feira";"13:50:00";"RO";364;340;"JI-PARANA";"Manobra de mudança de faixa";"Colisão lateral mesmo sentido";"Com Vítimas Feridas";"Pleno dia";"Crescente";"Céu Claro";"Múltipla";"Interseção de Vias";"Sim";4;0;2;0;2;0;2;2;-10,898802;-61,93046;"SPRF-RO";"DEL02-RO";"UOP01-DEL02-RO"
383685;2021-09-15;"quarta-feira";"17:35:00";"AP";210;1;"MACAPA";"Acessar a via sem observar a presença dos outros veículos";"Colisão lateral mesmo sentido";"Com Vítimas Feridas";"Pleno dia";"Decrescente";"Céu Claro";"Dupla";"Retorno Regulamentado";"Sim";2;0;0;1;1;0;1;2;0,07816717;-51,06998693;"SPRF-AP";"DEL01-AP";"UOP01-DEL01-AP"
383686;2021-09-15;"quarta-feira";"17:05:00";"MG";381;483,5;"BETIM";"Reação tardia ou ineficiente do condutor";"Colisão traseira";"Com Vítimas Feridas";"Anoitecer";"Decrescente";"Céu Claro";"Dupla";"Aclive";"Sim";2;0;1;0;1;0;1;2;-19,95957594;-44,08191204;"SPRF-MG";"DEL01-MG";"UOP03-DEL01-MG"
383687;2021-09-15;"quarta-feira";"17:10:00";"ES";101;146,4;"LINHARES";"Condutor deixou de manter distância do veículo da frente";"Colisão traseira";"Com Vítimas Feridas";"Pleno dia";"Crescente";"Nublado";"Múltipla";"Reta";"Sim";3;0;0;1;2;0;1;3;-19,36990998;-40,06560718;"SPRF-ES";"DEL04-ES";"UOP01-DEL04-ES"
383688;2021-09-15;"quarta-feira";"17:00:00";"MG";356;269;"MURIAE";"Desrespeitar a preferência no cruzamento";"Colisão transversal";"Com Vítimas Feridas";"Pleno dia";"Decrescente";"Nublado";"Simples";"Interseção de Vias";"Sim";2;0;0;1;1;0;1;2;-21,12839937;-42,32458406;"SPRF-MG";"DEL07-MG";"UOP02-DEL07-MG"
383690;2021-09-15;"quarta-feira";"17:20:00";"CE";222;2;"CAUCAIA";"Frear bruscamente";"Queda de ocupante de veículo";"Com Vítimas Feridas";"Anoitecer";"Crescente";"Céu Claro";"Dupla";"Reta";"Não";1;0;1;0;0;0;1;1;-3,736507;-38,65337;"SPRF-CE";"DEL04-CE";"UOP01-DEL04-CE"
383691;2021-09-15;"quarta-feira";"17:20:00";"RN";226;2;"NATAL";"Acessar a via sem observar a presença dos outros veículos";"Colisão transversal";"Com Vítimas Feridas";"Anoitecer";"Decrescente";"Chuva";"Simples";"Em Obras";"Sim";4;0;1;0;3;0;1;3;-5,81364934;-35,2466547;"SPRF-RN";"DEL01-RN";"UOP02-DEL01-RN"
383693;2021-09-15;"quarta-feira";"15:30:00";"MT";163;696,9;"SORRISO";"Ausência de reação do condutor";"Saída de leito carroçável";"Com Vítimas Feridas";"Pleno dia";"Decrescente";"Céu Claro";"Simples";"Reta";"Não";1;0;1;0;0;0;1;1;-13,01310347;-55,89105606;"SPRF-MT";"DEL06-MT";"UOP01-DEL06-MT"
383694;2021-09-15;"quarta-feira";"17:00:00";"SP";116;488,3;"CAJATI";"Ultrapassagem Indevida";"Colisão lateral mesmo sentido";"Com Vítimas Feridas";"Anoitecer";"Crescente";"Nublado";"Múltipla";"Reta";"Sim";2;0;1;0;1;0;1;2;-24,73097634;-48,09815591;"SPRF-SP";"DEL05-SP";"UOP01-DEL05-SP"
383695;2021-09-15;"quarta-feira";"17:50:00";"PE";407;30;"AFRANIO";"Ausência de reação do condutor";"Capotamento";"Com Vítimas Feridas";"Anoitecer";"Decrescente";"Céu Claro";"Simples";"Declive";"Não";2;0;2;0;0;0;2;1;-8,672439;-40,96205399;"SPRF-PE";"DEL06-PE";"UOP02-DEL06-PE"
383696;2021-09-15;"quarta-feira";"16:15:00";"PB";230;18,9;"JOAO PESSOA";"Trafegar com motocicleta (ou similar) entre as faixas";"Queda de ocupante de veículo";"Com Vítimas Feridas";"Pleno dia";"Crescente";"Céu Claro";"Dupla";"Reta";"Sim";1;0;0;1;0;0;1;1;-7,1198;-34,8453;"SPRF-PB";"DEL01-PB";"UOP01-DEL01-PB"
383697;2021-09-15;"quarta-feira";"18:20:00";"BA";324;256;"JACOBINA";"Reação tardia ou ineficiente do condutor";"Colisão lateral mesmo sentido";"Com Vítimas Feridas";"Plena Noite";"Crescente";"Ignorado";"Simples";"Reta";"Não";4;0;2;0;2;0;2;2;-11,040658;-40,799892;"SPRF-BA";"DEL04-BA";"UOP02-DEL04-BA"
383699;2021-09-15;"quarta-feira";"18:00:00";"PE";104;84;"AGRESTINA";"Transitar na contramão";"Colisão lateral sentido oposto";"Com Vítimas Fatais";"Plena Noite";"Crescente";"Céu Claro";"Simples";"Reta";"Não";3;1;0;0;2;0;0;2;-8,430662;-35,959164;"SPRF-PE";"DEL02-PE";"UOP01-DEL02-PE"
383701;2021-09-15;"quarta-feira";"18:00:00";"MG";40;755,5;"EWBANK DA CAMARA";"Demais Fenômenos da natureza";"Colisão com objeto";"Com Vítimas Feridas";"Plena Noite";"Decrescente";"Ignorado";"Simples";"Curva";"Sim";1;0;1;0;0;0;1;1;-21,486045;-43,53483;"SPRF-MG";"DEL05-MG";"UOP01-DEL05-MG"
383702;2021-09-15;"quarta-feira";"17:25:00";"BA";116;820;"VITORIA DA CONQUISTA";"Transitar no acostamento";"Colisão traseira";"Com Vítimas Feridas";"Pleno dia";"Crescente";"Nublado";"Simples";"Declive";"Sim";2;0;1;0;1;0;1;2;-14,7949317;-40,76373916;"SPRF-BA";"DEL08-BA";"UOP01-DEL08-BA"
383705;2021-09-15;"quarta-feira";"18:30:00";"PB";230;89;"GURINHEM";"Pedestre andava na pista";"Atropelamento de Pedestre";"Com Vítimas Feridas";"Plena Noite";"Decrescente";"Céu Claro";"Dupla";"Reta";"Sim";2;0;1;0;1;0;1;2;-7,1708;-35,3831;"SPRF-PB";"DEL01-PB";"UOP03-DEL01-PB"
383708;2021-09-15;"quarta-feira";"18:50:00";"SC";101;205,9;"SAO JOSE";"Ingestão de álcool pelo condutor";"Colisão traseira";"Com Vítimas Feridas";"Anoitecer";"Crescente";"Céu Claro";"Múltipla";"Reta";"Sim";2;0;1;0;1;0;1;2;-27,589756;-48,61739874;"SPRF-SC";"DEL01-SC";"UOP01-DEL01-SC"
383709;2021-09-15;"quarta-feira";"18:00:00";"SC";470;146;"RIO DO SUL";"Trafegar com motocicleta (ou similar) entre as faixas";"Colisão transversal";"Com Vítimas Feridas";"Plena Noite";"Crescente";"Garoa/Chuvisco";"Simples";"Reta";"Sim";2;0;1;0;1;0;1;2;-27,23862413;-49,68384504;"SPRF-SC";"DEL04-SC";"UOP02-DEL04-SC"
383711;2021-09-11;"sábado";"23:35:00";"SC";470;56,5;"BLUMENAU";"Ingestão de álcool e/ou substâncias psicoativas pelo pedestre";"Atropelamento de Pedestre";"Com Vítimas Feridas";"Plena Noite";"Decrescente";"Céu Claro";"Simples";"Reta";"Sim";2;0;1;1;0;0;2;2;-26,883879;-49,145622;"SPRF-SC";"DEL04-SC";"UOP01-DEL04-SC"
383712;2021-09-13;"segunda-feira";"23:30:00";"SP";116;499;"CAJATI";"Reação tardia ou ineficiente do condutor";"Saída de leito carroçável";"Com Vítimas Feridas";"Plena Noite";"Crescente";"Nublado";"Dupla";"Curva";"Não";1;0;1;0;0;0;1;1;-24,784771;-48,181751;"SPRF-SP";"DEL05-SP";"UOP02-DEL05-SP"
383713;2021-09-15;"quarta-feira";"18:50:00";"RJ";101;264;"RIO BONITO";"Ausência de reação do condutor";"Saída de leito carroçável";"Com Vítimas Feridas";"Plena Noite";"Decrescente";"Céu Claro";"Dupla";"Reta";"Não";1;0;1;0;0;0;1;1;-22,71818337;-42,63600702;"SPRF-RJ";"DEL02-RJ";"UOP03-DEL02-RJ"
383714;2021-09-15;"quarta-feira";"07:10:00";"RN";427;54,6;"JARDIM DO SERIDO";"Ausência de reação do condutor";"Colisão traseira";"Sem Vítimas";"Pleno dia";"Crescente";"Céu Claro";"Simples";"Reta";"Sim";2;0;0;0;2;0;0;2;-6,58530676;-36,76465236;"SPRF-RN";"DEL03-RN";"UOP01-DEL03-RN"
383716;2021-09-15;"quarta-feira";"18:15:00";"RJ";116;196,7;"QUEIMADOS";"Acessar a via sem observar a presença dos outros veículos";"Colisão transversal";"Com Vítimas Feridas";"Plena Noite";"Crescente";"Céu Claro";"Dupla";"Reta";"Não";2;0;0;1;1;0;1;2;-22,73336575;-43,55659479;"SPRF-RJ";"DEL01-RJ";"UOP02-DEL01-RJ"
383722;2021-08-06;"sexta-feira";"14:10:00";"RJ";116;129;"MAGE";"Acessar a via sem observar a presença dos outros veículos";"Colisão lateral mesmo sentido";"Com Vítimas Feridas";"Pleno dia";"Crescente";"Céu Claro";"Dupla";"Reta";"Não";3;0;0;2;1;0;2;2;-22,66471224;-43,11056004;"SPRF-RJ";"DEL04-RJ";"UOP02-DEL04-RJ"
383723;2021-09-03;"sexta-feira";"20:30:00";"MA";316;610,9;"TIMON";"Ultrapassagem Indevida";"Colisão frontal";"Com Vítimas Fatais";"Plena Noite";"Decrescente";"Céu Claro";"Dupla";"Reta";"Sim";3;1;0;0;2;0;0;3;-5,069847;-42,876633;"SPRF-MA";"DEL03-MA";"UOP02-DEL03-MA"
383724;2021-09-15;"quarta-feira";"20:30:00";"PR";476;133;"CURITIBA";"Condutor desrespeitou a iluminação vermelha do semáforo";"Colisão transversal";"Com Vítimas Feridas";"Plena Noite";"Crescente";"Garoa/Chuvisco";"Múltipla";"Interseção de Vias";"Sim";3;0;1;0;1;1;1;3;-25,469219;-49,254143;"SPRF-PR";"DEL01-PR";"UOP03-DEL01-PR"
383726;2021-09-15;"quarta-feira";"18:30:00";"PA";230;83;"SAO JOAO DO ARAGUAIA";"Manobra de mudança de faixa";"Colisão lateral mesmo sentido";"Com Vítimas Feridas";"Anoitecer";"Crescente";"Nublado";"Simples";"Reta";"Não";2;0;1;0;1;0;1;2;-5,47532475;-48,82253688;"SPRF-PA";"DEL03-PA";"UOP01-DEL03-PA"
383727;2021-09-15;"quarta-feira";"20:50:00";"SP";116;225;"GUARULHOS";"Acessar a via sem observar a presença dos outros veículos";"Engavetamento";"Com Vítimas Feridas";"Anoitecer";"Decrescente";"Céu Claro";"Múltipla";"Reta";"Sim";6;0;1;0;5;0;1;5;-23,48586772;-46,54075317;"SPRF-SP";"DEL01-SP";"UOP01-DEL01-SP"
383730;2021-09-15;"quarta-feira";"15:15:00";"MG";381;285;"JAGUARACU";"Condutor deixou de manter distância do veículo da frente";"Capotamento";"Com Vítimas Feridas";"Pleno dia";"Crescente";"Céu Claro";"Simples";"Reta";"Não";2;0;1;0;0;1;1;2;-19,618952;-42,79967;"SPRF-MG";"DEL03-MG";"UOP02-DEL03-MG"
383731;2021-09-15;"quarta-feira";"17:00:00";"MT";70;523;"VARZEA GRANDE";"Retorno proibido";"Colisão transversal";"Com Vítimas Feridas";"Anoitecer";"Decrescente";"Céu Claro";"Simples";"Reta";"Sim";4;0;2;0;2;0;2;2;-15,65377357;-56,19155574;"SPRF-MT";"DEL01-MT";"UOP02-DEL01-MT"
383732;2021-09-15;"quarta-feira";"21:00:00";"SC";101;151;"ITAPEMA";"Desrespeitar a preferência no cruzamento";"Colisão transversal";"Com Vítimas Feridas";"Plena Noite";"Crescente";"Nublado";"Múltipla";"Rotatória";"Sim";2;0;1;0;1;0;1;2;-27,126536;-48,609642;"SPRF-SC";"DEL04-SC";"UOP03-DEL04-SC"
383733;2021-09-15;"quarta-feira";"21:15:00";"GO";60;118;"TEREZOPOLIS DE GOIAS";"Acessar a via sem observar a presença dos outros veículos";"Colisão transversal";"Com Vítimas Feridas";"Plena Noite";"Crescente";"Céu Claro";"Dupla";"Interseção de Vias";"Sim";5;0;2;0;3;0;2;2;-16,4848;-49,0935;"SPRF-GO";"DEL01-GO";"UOP01-DEL01-GO"
383735;2021-09-15;"quarta-feira";"21:35:00";"SC";470;4,4;"NAVEGANTES";"Desvio temporário";"Colisão lateral mesmo sentido";"Com Vítimas Feridas";"Plena Noite";"Decrescente";"Nublado";"Simples";"Em Obras";"Sim";2;0;1;0;1;0;1;2;-26,858473;-48,690788;"SPRF-SC";"DEL04-SC";"UOP04-DEL04-SC"
383736;2021-09-15;"quarta-feira";"21:50:00";"BA";101;504;"ITABUNA";"Condutor deixou de manter distância do veículo da frente";"Colisão traseira";"Com Vítimas Feridas";"Plena Noite";"Crescente";"Céu Claro";"Simples";"Reta";"Sim";2;0;1;0;1;0;1;2;-14,94042206;-39,30397277;"SPRF-BA";"DEL05-BA";"UOP01-DEL05-BA"
383737;2021-09-15;"quarta-feira";"22:10:00";"PR";369;201,9;"APUCARANA";"Ingestão de álcool pelo condutor";"Colisão lateral mesmo sentido";"Sem Vítimas";"Plena Noite";"Decrescente";"Céu Claro";"Dupla";"Interseção de Vias";"Sim";2;0;0;0;2;0;0;2;-23,540956;-51,456431;"SPRF-PR";"DEL07-PR";"UOP02-DEL07-PR"
383739;2021-09-15;"quarta-feira";"21:30:00";"RJ";116;173;"BELFORD ROXO";"Mal súbito do condutor";"Queda de ocupante de veículo";"Com Vítimas Feridas";"Pleno dia";"Crescente";"Céu Claro";"Múltipla";"Reta";"Sim";1;0;1;0;0;0;1;1;-22,79810324;-43,35726614;"SPRF-RJ";"DEL01-RJ";"UOP02-DEL01-RJ"
383740;2021-09-15;"quarta-feira";"22:05:00";"RS";116;142,1;"CAXIAS DO SUL";"Condutor desrespeitou a iluminação vermelha do semáforo";"Colisão transversal";"Com Vítimas Feridas";"Plena Noite";"Decrescente";"Céu Claro";"Dupla";"Interseção de Vias";"Sim";2;0;1;0;1;0;1;2;-29,11727;-51,115208;"SPRF-RS";"DEL05-RS";"UOP01-DEL05-RS"
383741;2021-09-15;"quarta-feira";"20:45:00";"SC";116;233,3;"CORREIA PINTO";"Transitar no acostamento";"Colisão frontal";"Com Vítimas Feridas";"Plena Noite";"Crescente";"Céu Claro";"Simples";"Curva;Aclive";"Não";7;0;0;1;0;6;1;3;-27,70070022;-50,33493755;"SPRF-SC";"DEL05-SC";"UOP01-DEL05-SC"
383742;2021-09-15;"quarta-feira";"20:30:00";"BA";101;871,7;"TEIXEIRA DE FREITAS";"Afundamento ou ondulação no pavimento";"Queda de ocupante de veículo";"Com Vítimas Feridas";"Plena Noite";"Crescente";"Céu Claro";"Simples";"Reta;Declive";"Não";1;0;1;0;0;0;1;1;-17,494734;-39,705145;"SPRF-BA";"DEL09-BA";"UOP02-DEL09-BA"
383744;2021-09-15;"quarta-feira";"21:43:00";"PR";376;183,2;"SARANDI";"Acessar a via sem observar a presença dos outros veículos";"Colisão lateral mesmo sentido";"Com Vítimas Feridas";"Plena Noite";"Decrescente";"Céu Claro";"Múltipla";"Reta";"Sim";2;0;1;0;1;0;1;2;-23,44159097;-51,87067398;"SPRF-PR";"DEL09-PR";"UOP01-DEL09-PR"
383746;2021-02-07;"domingo";"20:40:00";"SP";116;144;"SAO JOSE DOS CAMPOS";"Ingestão de álcool e/ou substâncias psicoativas pelo pedestre";"Colisão lateral";"Sem Vítimas";"Plena Noite";"Crescente";"Céu Claro";"Múltipla";"Reta";"Não";3;0;0;0;2;1;0;3;-23,18274416;-45,84633592;"SPRF-SP";"DEL02-SP";"UOP01-DEL02-SP"
383747;2021-09-15;"quarta-feira";"18:00:00";"SC";282;457,1;"PONTE SERRADA";"Transitar na contramão";"Colisão frontal";"Com Vítimas Fatais";"Pleno dia";"Decrescente";"Ignorado";"Simples";"Curva;Aclive";"Não";5;4;0;1;0;0;1;2;-26,88854;-51,99058;"SPRF-SC";"DEL07-SC";"UOP04-DEL07-SC"
383748;2021-09-15;"quarta-feira";"23:50:00";"PR";116;115;"CURITIBA";"Ingestão de álcool pelo condutor";"Colisão com objeto";"Sem Vítimas";"Plena Noite";"Decrescente";"Céu Claro";"Dupla";"Reta";"Não";1;0;0;0;1;0;0;1;-25,543116;-49,302893;"SPRF-PR";"DEL01-PR";"UOP01-DEL01-PR"
383749;2021-09-15;"quarta-feira";"23:00:00";"RO";429;62;"PRESIDENTE MEDICI";"Animais na Pista";"Atropelamento de Animal";"Com Vítimas Feridas";"Plena Noite";"Crescente";"Céu Claro";"Simples";"Reta";"Não";2;0;1;1;0;0;2;1;-11,203805;-62,088176;"SPRF-RO";"DEL02-RO";"UOP03-DEL02-RO"
383750;2021-09-15;"quarta-feira";"23:30:00";"PA";316;62,5;"CASTANHAL";"Desrespeitar a preferência no cruzamento";"Colisão transversal";"Com Vítimas Feridas";"Plena Noite";"Crescente";"Nublado";"Dupla";"Interseção de Vias";"Sim";3;0;2;0;1;0;2;2;-1,29786885;-47,93764104;"SPRF-PA";"DEL01-PA";"UOP01-DEL01-PA"
383751;2021-09-15;"quarta-feira";"10:00:00";"SP";116;523;"BARRA DO TURVO";"Carga excessiva e/ou mal acondicionada";"Saída de leito carroçável";"Sem Vítimas";"Pleno dia";"Decrescente";"Garoa/Chuvisco";"Dupla";"Reta";"Não";1;0;0;0;0;1;0;1;-24,91273105;-48,25307091;"SPRF-SP";"DEL05-SP";"UOP02-DEL05-SP"
383752;2021-09-16;"quinta-feira";"00:40:00";"RS";116;253;"SAPUCAIA DO SUL";"Ausência de reação do condutor";"Saída de leito carroçável";"Com Vítimas Feridas";"Plena Noite";"Decrescente";"Céu Claro";"Dupla";"Reta";"Sim";2;0;1;0;1;0;1;1;-29,81504822;-51,16901636;"SPRF-RS";"DEL01-RS";"UOP02-DEL01-RS"