"id";"data_inversa";"dia_semana";"horario";"uf";"br";"km";"municipio";"causa_acidente";"tipo_acidente";"classificacao_acidente";"fase_dia";"sentido_via";"condicao_metereologica";"tipo_pista";"tracado_via";"uso_solo";"pessoas";"mortos";"feridos_leves";"feridos_graves";"ilesos";"ignorados";"feridos";"veiculos";"latitude";"longitude";"regional";"delegacia";"uop"
383756;2021-09-15;"quarta-feira";"19:45:00";"RJ";101;318;"SAO GONCALO";"Manobra de mudança de faixa";"Colisão lateral mesmo sentido";"Com Vítimas Feridas";"Plena Noite";"Decrescente";"Céu Claro";"Dupla";"Reta";"Sim";3;0;2;0;1;0;2;2;-22,84562994;-43,09841211;"SPRF-RJ";"DEL02-RJ";"UOP02-DEL02-RJ"
383757;2021-09-15;"quarta-feira";"23:40:00";"GO";364;3;"SAO SIMAO";"Ausência de reação do condutor";"Colisão traseira";"Com Vítimas Fatais";"Plena Noite";"Crescente";"Chuva";"Simples";"Aclive;Reta";"Não";2;1;0;0;0;1;0;2;-19,029119;-50,522301;"SPRF-GO";"DEL05-GO";"UOP02-DEL05-GO"
383759;2021-09-16;"quinta-feira";"01:00:00";"RS";293;93;"PINHEIRO MACHADO";"Demais falhas mecânicas ou elétricas";"Saída de leito carroçável";"Sem Vítimas";"Plena Noite";"Decrescente";"Céu Claro";"Simples";"Reta";"Não";1;0;0;0;1;0;0;1;-31,62070998;-53,241468;"SPRF-RS";"DEL07-RS";"UOP01-DEL07-RS"
383761;2021-09-16;"quinta-feira";"00:15:00";"CE";116;36;"HORIZONTE";"Animais na Pista";"Atropelamento de Animal";"Com Vítimas Feridas";"Plena Noite";"Crescente";"Ignorado";"Dupla";"Curva";"Sim";3;0;1;1;1;0;2;1;-4,06091689;-38,50402951;"SPRF-CE";"DEL01-CE";"UOP02-DEL01-CE"
383763;2021-09-15;"quarta-feira";"19:23:00";"RO";174;16;"VILHENA";"Acessar a via sem observar a presença dos outros veículos";"Colisão transversal";"Com Vítimas Feridas";"Plena Noite";"Crescente";"Céu Claro";"Simples";"Reta";"Sim";2;0;2;0;0;0;2;2;-12,71452302;-60,1262149;"SPRF-RO";"DEL04-RO";"UOP01-DEL04-RO"
383765;2021-09-16;"quinta-feira";"03:00:00";"MG";40;145,5;"JOAO PINHEIRO";"Ausência de reação do condutor";"Saída de leito carroçável";"Com Vítimas Feridas";"Plena Noite";"Decrescente";"Céu Claro";"Simples";"Declive;Curva";"Não";4;0;4;0;0;0;4;1;-17,757887;-46,158354;"SPRF-MG";"DEL14-MG";"UOP02-DEL14-MG"
383766;2021-09-16;"quinta-feira";"05:30:00";"RS";285;459,8;"IJUI";"Ausência de reação do condutor";"Queda de ocupante de veículo";"Com Vítimas Feridas";"Plena Noite";"Crescente";"Céu Claro";"Simples";"Rotatória";"Não";1;0;1;0;0;0;1;1;-28,409056;-53,902336;"SPRF-RS";"DEL10-RS";"UOP01-DEL10-RS"
383768;2021-09-16;"quinta-feira";"05:50:00";"PR";369;185;"ARAPONGAS";"Condutor desrespeitou a iluminação vermelha do semáforo";"Colisão transversal";"Com Vítimas Feridas";"Amanhecer";"Crescente";"Céu Claro";"Múltipla";"Reta;Interseção de Vias";"Sim";2;0;1;0;1;0;1;2;-23,40767808;-51,42806411;"SPRF-PR";"DEL07-PR";"UOP02-DEL07-PR"
383770;2021-09-16;"quinta-feira";"04:40:00";"MG";356;266,1;"MURIAE";"Transitar na contramão";"Colisão lateral sentido oposto";"Com Vítimas Feridas";"Amanhecer";"Decrescente";"Nublado";"Simples";"Curva";"Sim";2;0;2;0;0;0;2;2;-21,12823134;-42,35802453;"SPRF-MG";"DEL07-MG";"UOP02-DEL07-MG"
383771;2021-09-16;"quinta-feira";"00:40:00";"MG";381;490,8;"BETIM";"Acessar a via sem observar a presença dos outros veículos";"Colisão traseira";"Com Vítimas Feridas";"Plena Noite";"Decrescente";"Céu Claro";"Dupla";"Reta";"Sim";3;0;3;0;0;0;3;2;-19,96502819;-44,17422195;"SPRF-MG";"DEL01-MG";"UOP03-DEL01-MG"
383773;2021-09-16;"quinta-feira";"06:10:00";"SC";101;411,6;"ARARANGUA";"Condutor Dormindo";"Capotamento";"Com Vítimas Feridas";"Pleno dia";"Crescente";"Céu Claro";"Dupla";"Reta";"Não";1;0;1;0;0;0;1;1;-28,92854265;-49,51160431;"SPRF-SC";"DEL02-SC";"UOP02-DEL02-SC"
383774;2021-09-16;"quinta-feira";"07:00:00";"SC";101;212,8;"PALHOCA";"Condutor deixou de manter distância do veículo da frente";"Colisão traseira";"Com Vítimas Feridas";"Pleno dia";"Decrescente";"Céu Claro";"Dupla";"Reta";"Sim";2;0;1;0;1;0;1;2;-27,62996929;-48,65903871;"SPRF-SC";"DEL01-SC";"UOP02-DEL01-SC"
383775;2021-09-16;"quinta-feira";"06:40:00";"SP";116;229,3;"SAO PAULO";"Manobra de mudança de faixa";"Colisão traseira";"Com Vítimas Feridas";"Pleno dia";"Crescente";"Nublado";"Múltipla";"Reta";"Sim";3;0;2;0;1;0;2;2;-23,51291902;-46,57604698;"SPRF-SP";"DEL01-SP";"UOP01-DEL01-SP"
383776;2021-09-16;"quinta-feira";"07:00:00";"GO";50;279;"CATALAO";"Condutor deixou de manter distância do veículo da frente";"Colisão traseira";"Com Vítimas Feridas";"Pleno dia";"Decrescente";"Céu Claro";"Simples";"Reta";"Sim";2;0;1;0;1;0;1;2;-18,1739;-47,9289;"SPRF-GO";"DEL06-GO";"UOP01-DEL06-GO"
383777;2021-09-16;"quinta-feira";"06:20:00";"MG";40;516,7;"RIBEIRAO DAS NEVES";"Transitar no acostamento";"Colisão traseira";"Com Vítimas Feridas";"Pleno dia";"Crescente";"Céu Claro";"Dupla";"Curva";"Não";2;0;1;0;1;0;1;2;-19,81628624;-44,08960124;"SPRF-MG";"DEL01-MG";"UOP02-DEL01-MG"
383778;2021-09-16;"quinta-feira";"06:55:00";"RN";304;299,6;"MACAIBA";"Condutor deixou de manter distância do veículo da frente";"Colisão traseira";"Com Vítimas Feridas";"Pleno dia";"Crescente";"Céu Claro";"Dupla";"Reta";"Sim";2;0;0;1;1;0;1;2;-5,87095859;-35,32359587;"SPRF-RN";"DEL01-RN";"UOP02-DEL01-RN"
383780;2021-09-16;"quinta-feira";"07:15:00";"ES";101;299,8;"CARIACICA";"Reação tardia ou ineficiente do condutor";"Colisão transversal";"Com Vítimas Feridas";"Pleno dia";"Crescente";"Céu Claro";"Múltipla";"Interseção de Vias";"Sim";2;0;1;0;1;0;1;2;-20,35860628;-40,42327504;"SPRF-ES";"DEL01-ES";"UOP01-DEL01-ES"
383781;2021-09-16;"quinta-feira";"07:40:00";"RS";290;91;"PORTO ALEGRE";"Ausência de reação do condutor";"Colisão traseira";"Sem Vítimas";"Pleno dia";"Crescente";"Céu Claro";"Dupla";"Reta";"Sim";4;0;0;0;3;1;0;4;-29,969055;-51,167439;"SPRF-RS";"DEL01-RS";"UOP01-DEL01-RS"
383784;2021-08-07;"sábado";"18:35:00";"ES";101;289,2;"CARIACICA";"Pista Escorregadia";"Queda de ocupante de veículo";"Com Vítimas Feridas";"Plena Noite";"Decrescente";"Chuva";"Dupla";"Declive;Curva";"Não";5;0;0;2;3;0;2;4;-20,28029304;-40,39302931;"SPRF-ES";"DEL01-ES";"UOP01-DEL01-ES"
383785;2021-09-16;"quinta-feira";"08:00:00";"MG";381;484,5;"BETIM";"Reação tardia ou ineficiente do condutor";"Queda de ocupante de veículo";"Com Vítimas Feridas";"Pleno dia";"Decrescente";"Céu Claro";"Dupla";"Curva";"Sim";1;0;1;0;0;0;1;1;-19,95531717;-44,11722196;"SPRF-MG";"DEL01-MG";"UOP03-DEL01-MG"
383786;2021-09-16;"quinta-feira";"07:35:00";"RS";116;427;"CRISTAL";"Acessar a via sem observar a presença dos outros veículos";"Colisão transversal";"Com Vítimas Feridas";"Pleno dia";"Decrescente";"Céu Claro";"Simples";"Curva";"Sim";5;0;1;0;4;0;1;2;-30,99035;-52,038357;"SPRF-RS";"DEL02-RS";"UOP02-DEL02-RS"
383788;2021-09-16;"quinta-feira";"01:40:00";"MA";316;433,1;"PERITORO";"Reação tardia ou ineficiente do condutor";"Saída de leito carroçável";"Com Vítimas Fatais";"Plena Noite";"Crescente";"Nublado";"Simples";"Reta";"Sim";17;3;7;1;6;0;8;1;-4,399217;-44,273983;"SPRF-MA";"DEL03-MA";"UOP01-DEL03-MA"
383791;2021-09-16;"quinta-feira";"07:15:00";"MG";40;514;"RIBEIRAO DAS NEVES";"Ausência de reação do condutor";"Colisão traseira";"Com Vítimas Feridas";"Pleno dia";"Crescente";"Céu Claro";"Dupla";"Reta";"Não";4;0;1;0;3;0;1;3;-19,80151928;-44,10000333;"SPRF-MG";"DEL01-MG";"UOP02-DEL01-MG"
383792;2021-09-16;"quinta-feira";"07:00:00";"MS";267;479,8;"JARDIM";"Ausência de reação do condutor";"Colisão traseira";"Com Vítimas Feridas";"Pleno dia";"Decrescente";"Céu Claro";"Simples";"Reta";"Não";2;0;1;0;1;0;1;2;-21,47735138;-56,13773346;"SPRF-MS";"DEL05-MS";"UOP01-DEL05-MS"
383793;2021-09-16;"quinta-feira";"08:12:00";"RN";304;305;"PARNAMIRIM";"Acessar a via sem observar a presença dos outros veículos";"Colisão frontal";"Com Vítimas Fatais";"Pleno dia";"Crescente";"Nublado";"Múltipla";"Reta";"Não";6;1;0;0;5;0;0;2;-5,8876927;-35,2721949;"SPRF-RN";"DEL01-RN";"UOP02-DEL01-RN"
383795;2021-09-16;"quinta-feira";"07:45:00";"SC";470;48;"BLUMENAU";"Ultrapassagem Indevida";"Tombamento";"Com Vítimas Feridas";"Pleno dia";"Decrescente";"Chuva";"Dupla";"Em Obras;Reta";"Sim";2;0;1;0;1;0;1;2;-26,859823;-49,055393;"SPRF-SC";"DEL04-SC";"UOP01-DEL04-SC"
383796;2021-09-16;"quinta-feira";"07:45:00";"GO";414;410;"ABADIANIA";"Acessar a via sem observar a presença dos outros veículos";"Colisão lateral mesmo sentido";"Com Vítimas Feridas";"Pleno dia";"Crescente";"Céu Claro";"Simples";"Reta";"Sim";5;0;0;1;4;0;1;2;-16,05858626;-48,85401759;"SPRF-GO";"DEL02-GO";"UOP01-DEL02-GO"
383797;2021-09-08;"quarta-feira";"23:30:00";"PR";116;44;"CAMPINA GRANDE DO SUL";"Velocidade Incompatível";"Capotamento";"Com Vítimas Feridas";"Plena Noite";"Crescente";"Chuva";"Dupla";"Curva";"Não";4;0;0;1;3;0;1;1;-25,1882321;-48,88492529;"SPRF-PR";"DEL01-PR";"UOP02-DEL01-PR"
383799;2021-09-16;"quinta-feira";"06:50:00";"RO";364;238;"CACOAL";"Condutor desrespeitou a iluminação vermelha do semáforo";"Colisão transversal";"Com Vítimas Feridas";"Pleno dia";"Crescente";"Céu Claro";"Simples";"Interseção de Vias";"Sim";2;0;0;1;1;0;1;2;-11,4388578;-61,45471289;"SPRF-RO";"DEL02-RO";"UOP02-DEL02-RO"
383801;2021-09-16;"quinta-feira";"08:55:00";"RS";158;196,2;"CRUZ ALTA";"Animais na Pista";"Tombamento";"Com Vítimas Feridas";"Pleno dia";"Decrescente";"Céu Claro";"Simples";"Reta";"Sim";1;0;1;0;0;0;1;1;-28,65527254;-53,58614306;"SPRF-RS";"DEL10-RS";"UOP02-DEL10-RS"
383802;2021-09-16;"quinta-feira";"08:20:00";"SC";101;36,4;"JOINVILLE";"Condutor deixou de manter distância do veículo da frente";"Colisão traseira";"Com Vítimas Feridas";"Pleno dia";"Crescente";"Chuva";"Dupla";"Reta";"Não";2;0;1;0;1;0;1;2;-26,24573198;-48,9101069;"SPRF-SC";"DEL03-SC";"UOP01-DEL03-SC"
383805;2021-09-08;"quarta-feira";"20:25:00";"SC";116;33;"ITAIOPOLIS";"Chuva";"Saída de leito carroçável";"Com Vítimas Feridas";"Plena Noite";"Decrescente";"Céu Claro";"Simples";"Reta";"Não";1;0;1;0;0;0;1;1;-26,32647869;-49,98810017;"SPRF-SC";"DEL06-SC";"UOP01-DEL06-SC"
383807;2021-09-16;"quinta-feira";"08:59:00";"SP";116;224;"GUARULHOS";"Condutor deixou de manter distância do veículo da frente";"Colisão traseira";"Com Vítimas Feridas";"Pleno dia";"Crescente";"Céu Claro";"Múltipla";"Reta";"Sim";2;0;1;0;1;0;1;2;-23,48255135;-46,53633165;"SPRF-SP";"DEL01-SP";"UOP01-DEL01-SP"
383809;2021-09-04;"sábado";"20:00:00";"SP";116;554;"BARRA DO TURVO";"Reação tardia ou ineficiente do condutor";"Colisão com objeto";"Com Vítimas Feridas";"Plena Noite";"Decrescente";"Nublado";"Simples";"Reta";"Não";4;0;3;0;1;0;3;1;-24,97035013;-48,49691597;"SPRF-SP";"DEL05-SP";"UOP02-DEL05-SP"
383813;2021-01-06;"quarta-feira";"14:30:00";"RR";174;506;"BOA VISTA";"Reação tardia ou ineficiente do condutor";"Colisão traseira";"Sem Vítimas";"Pleno dia";"Crescente";"Céu Claro";"Dupla";"Reta";"Sim";2;0;0;0;2;0;0;2;2,81970229;-60,69447583;"SPRF-RR";"DEL01-RR";"UOP01-DEL01-RR"
383818;2021-09-16;"quinta-feira";"09:30:00";"SP";116;146;"SAO JOSE DOS CAMPOS";"Ausência de reação do condutor";"Colisão traseira";"Com Vítimas Fatais";"Pleno dia";"Crescente";"Nublado";"Dupla";"Declive";"Sim";2;1;0;0;1;0;0;2;-23,19122919;-45,86327591;"SPRF-SP";"DEL02-SP";"UOP01-DEL02-SP"
383819;2021-09-16;"quinta-feira";"08:50:00";"PB";101;91,8;"JOAO PESSOA";"Trafegar com motocicleta (ou similar) entre as faixas";"Colisão lateral mesmo sentido";"Com Vítimas Feridas";"Pleno dia";"Crescente";"Céu Claro";"Dupla";"Reta";"Não";1;0;0;1;0;0;1;1;-7,18826412;-34,90308264;"SPRF-PB";"DEL01-PB";"UOP02-DEL01-PB"
383822;2021-09-16;"quinta-feira";"08:26:00";"RS";116;247,2;"SAO LEOPOLDO";"Condutor deixou de manter distância do veículo da frente";"Colisão traseira";"Sem Vítimas";"Pleno dia";"Decrescente";"Sol";"Dupla";"Reta";"Sim";2;0;0;0;1;1;0;2;-29,76733091;-51,1535296;"SPRF-RS";"DEL01-RS";"UOP02-DEL01-RS"
383824;2021-07-08;"quinta-feira";"19:04:00";"PR";476;107;"COLOMBO";"Animais na Pista";"Atropelamento de Animal";"Com Vítimas Feridas";"Anoitecer";"Decrescente";"Céu Claro";"Simples";"Reta";"Não";1;0;1;0;0;0;1;1;-25,30571664;-49,14496422;"SPRF-PR";"DEL01-PR";"UOP02-DEL01-PR"
383825;2021-09-12;"domingo";"23:10:00";"MG";381;779,8;"CAMPANHA";"Velocidade Incompatível";"Saída de leito carroçável";"Sem Vítimas";"Plena Noite";"Crescente";"Céu Claro";"Dupla";"Curva";"Não";1;0;0;0;1;0;0;1;-21,83682863;-45,50981014;"SPRF-MG";"DEL16-MG";"UOP02-DEL16-MG"
383827;2021-09-16;"quinta-feira";"07:50:00";"BA";110;353;"CATU";"Acessar a via sem observar a presença dos outros veículos";"Colisão transversal";"Com Vítimas Feridas";"Pleno dia";"Crescente";"Céu Claro";"Simples";"Reta";"Não";2;0;1;0;1;0;1;2;-12,30978305;-38,37367091;"SPRF-BA";"DEL01-BA";"UOP04-DEL01-BA"
383829;2021-09-16;"quinta-feira";"04:45:00";"MA";222;618,2;"ACAILANDIA";"Falta de elemento de contenção que evite a saída do leito carroçável";"Saída de leito carroçável";"Com Vítimas Fatais";"Amanhecer";"Decrescente";"Céu Claro";"Simples";"Declive;Curva";"Não";27;4;18;5;0;0;23;1;-4,761876;-47,049165;"SPRF-MA";"DEL04-MA";"UOP03-DEL04-MA"
383831;2021-09-11;"sábado";"12:20:00";"GO";60;179,9;"ABADIA DE GOIAS";"Avarias e/ou desgaste excessivo no pneu";"Capotamento";"Com Vítimas Feridas";"Pleno dia";"Decrescente";"Céu Claro";"Dupla";"Aclive";"Não";5;0;2;0;3;0;2;1;-16,7638;-49,466;"SPRF-GO";"DEL01-GO";"UOP02-DEL01-GO"
383834;2021-01-02;"sábado";"15:37:00";"MG";153;33,1;"CENTRALINA";"Ausência de reação do condutor";"Colisão transversal";"Com Vítimas Feridas";"Pleno dia";"Decrescente";"Céu Claro";"Simples";"Reta";"Não";4;0;0;1;3;0;1;2;-18,70335014;-49,14238824;"SPRF-MG";"DEL15-MG";"UOP03-DEL15-MG"
383838;2021-09-16;"quinta-feira";"11:45:00";"GO";40;5;"VALPARAISO DE GOIAS";"Acessar a via sem observar a presença dos outros veículos";"Colisão transversal";"Com Vítimas Feridas";"Pleno dia";"Crescente";"Sol";"Dupla";"Reta";"Sim";2;0;1;0;1;0;1;2;-16,093597;-47,982035;"SPRF-DF";"DEL01-DF";"UOP01-DEL01-DF"
383840;2021-08-10;"terça-feira";"22:20:00";"ES";482;97;"ALEGRE";"Obstrução na via";"Colisão lateral mesmo sentido";"Com Vítimas Feridas";"Plena Noite";"Decrescente";"Céu Claro";"Simples";"Curva";"Não";2;0;0;1;1;0;1;2;-20,77060391;-41,60790196;"SPRF-ES";"DEL03-ES";"UOP02-DEL03-ES"
383842;2021-09-14;"terça-feira";"21:30:00";"RJ";116;189;"QUEIMADOS";"Pedestre cruzava a pista fora da faixa";"Atropelamento de Pedestre";"Com Vítimas Feridas";"Plena Noite";"Crescente";"Céu Claro";"Dupla";"Reta";"Não";3;0;0;1;2;0;1;3;-22,73765712;-43,49182298;"SPRF-RJ";"DEL01-RJ";"UOP02-DEL01-RJ"
383843;2021-09-15;"quarta-feira";"11:00:00";"PE";232;78,9;"GRAVATA";"Acessar a via sem observar a presença dos outros veículos";"Colisão lateral mesmo sentido";"Com Vítimas Feridas";"Pleno dia";"Crescente";"Céu Claro";"Simples";"Reta";"Sim";2;0;1;0;1;0;1;2;-8,19343658;-35,55186505;"SPRF-PE";"DEL02-PE";"UOP02-DEL02PE"
383844;2021-09-16;"quinta-feira";"12:25:00";"ES";101;430;"MIMOSO DO SUL";"Velocidade Incompatível";"Saída de leito carroçável";"Com Vítimas Feridas";"Pleno dia";"Decrescente";"Nublado";"Simples";"Curva";"Não";1;0;1;0;0;0;1;1;-21,02753855;-41,1671887;"SPRF-ES";"DEL03-ES";"UOP02-DEL03-ES"
383846;2021-09-08;"quarta-feira";"20:00:00";"MA";135;10,2;"SAO LUIS";"Manobra de mudança de faixa";"Colisão lateral mesmo sentido";"Com Vítimas Feridas";"Plena Noite";"Decrescente";"Céu Claro";"Dupla";"Reta";"Sim";2;0;1;0;1;0;1;2;-2,655912;-44,28629098;"SPRF-MA";"DEL01-MA";"UOP01-DEL01-MA"
383850;2021-08-27;"sexta-feira";"20:40:00";"SC";280;122,2;"RIO NEGRINHO";"Reação tardia ou ineficiente do condutor";"Saída de leito carroçável";"Com Vítimas Feridas";"Plena Noite";"Crescente";"Céu Claro";"Simples";"Reta";"Não";1;0;1;0;0;0;1;1;-26,24855895;-49,45712883;"SPRF-SC";"DEL06-SC";"UOP03-DEL06-SC"
383851;2021-09-16;"quinta-feira";"12:40:00";"BA";242;825;"BARREIRAS";"Acessar a via sem observar a presença dos outros veículos";"Colisão traseira";"Com Vítimas Feridas";"Pleno dia";"Decrescente";"Céu Claro";"Simples";"Reta";"Não";2;0;1;0;1;0;1;2;-12,11407014;-45,07651203;"SPRF-BA";"DEL10-BA";"UOP01-DEL10-BA"
383852;2021-09-08;"quarta-feira";"18:05:00";"RJ";116;119,8;"DUQUE DE CAXIAS";"Manobra de mudança de faixa";"Colisão lateral mesmo sentido";"Com Vítimas Feridas";"Plena Noite";"Decrescente";"Céu Claro";"Múltipla";"Reta";"Sim";3;0;1;0;1;1;1;3;-22,77508887;-43,28586644;"SPRF-RJ";"DEL04-RJ";"UOP02-DEL04-RJ"
383854;2021-09-16;"quinta-feira";"13:10:00";"ES";101;156;"LINHARES";"Demais falhas mecânicas ou elétricas";"Tombamento";"Com Vítimas Feridas";"Pleno dia";"Crescente";"Céu Claro";"Simples";"Reta";"Não";2;0;2;0;0;0;2;1;-19,44596035;-40,09435048;"SPRF-ES";"DEL04-ES";"UOP01-DEL04-ES"
383855;2021-08-07;"sábado";"10:10:00";"RJ";493;97,5;"SEROPEDICA";"Condutor deixou de manter distância do veículo da frente";"Colisão traseira";"Com Vítimas Feridas";"Pleno dia";"Decrescente";"Céu Claro";"Dupla";"Reta";"Não";7;0;2;0;5;0;2;2;-22,71253976;-43,70292664;"SPRF-RJ";"DEL03-RJ";"UOP01-DEL03-RJ"
383859;2021-09-16;"quinta-feira";"13:00:00";"SP";116;284;"ITAPECERICA DA SERRA";"Trafegar com motocicleta (ou similar) entre as faixas";"Colisão traseira";"Com Vítimas Feridas";"Pleno dia";"Decrescente";"Céu Claro";"Dupla";"Reta";"Não";2;0;0;1;1;0;1;2;-23,69998;-46,867767;"SPRF-SP";"DEL04-SP";"UOP01-DEL04-SP"
383860;2021-09-16;"quinta-feira";"13:20:00";"GO";153;200;"URUACU";"Conversão proibida";"Colisão frontal";"Com Vítimas Feridas";"Pleno dia";"Decrescente";"Céu Claro";"Simples";"Interseção de Vias";"Sim";2;0;1;0;1;0;1;2;-14,521924;-49,156764;"SPRF-GO";"DEL07-GO";"UOP02-DEL07-GO"
383861;2021-09-16;"quinta-feira";"14:10:00";"MG";381;794,8;"SAO GONCALO DO SAPUCAI";"Pedestre andava na pista";"Colisão traseira";"Com Vítimas Feridas";"Pleno dia";"Decrescente";"Céu Claro";"Dupla";"Curva;Aclive";"Não";3;0;0;1;2;0;1;2;-21,92913899;-45,61170907;"SPRF-MG";"DEL16-MG";"UOP02-DEL16-MG"
383862;2021-09-16;"quinta-feira";"14:00:00";"SP";116;448;"REGISTRO";"Demais falhas mecânicas ou elétricas";"Tombamento";"Com Vítimas Feridas";"Pleno dia";"Crescente";"Nublado";"Dupla";"Reta;Aclive";"Sim";2;0;2;0;0;0;2;1;-24,52099699;-47,85336602;"SPRF-SP";"DEL05-SP";"UOP01-DEL05-SP"
383863;2021-09-06;"segunda-feira";"19:55:00";"SC";282;500,9;"XANXERE";"Velocidade Incompatível";"Colisão traseira";"Sem Vítimas";"Plena Noite";"Crescente";"Céu Claro";"Dupla";"Reta;Declive";"Sim";3;0;0;0;1;2;0;3;-26,881572;-52,376745;"SPRF-SC";"DEL07-SC";"UOP01-DEL07-SC"
383865;2021-09-16;"quinta-feira";"14:15:00";"PB";101;109;"ALHANDRA";"Ausência de reação do condutor";"Saída de leito carroçável";"Com Vítimas Feridas";"Pleno dia";"Decrescente";"Sol";"Dupla";"Reta";"Não";1;0;1;0;0;0;1;1;-7,34361299;-34,94797909;"SPRF-PB";"DEL01-PB";"UOP02-DEL01-PB"
383866;2021-09-16;"quinta-feira";"14:25:00";"MG";40;627,6;"CONSELHEIRO LAFAIETE";"Conversão proibida";"Colisão transversal";"Com Vítimas Feridas";"Pleno dia";"Decrescente";"Céu Claro";"Simples";"Curva";"Sim";3;0;1;2;0;0;3;2;-20,64510365;-43,81068707;"SPRF-MG";"DEL05-MG";"UOP02-DEL05-MG"
383868;2021-09-16;"quinta-feira";"14:25:00";"RS";386;349,7;"ESTRELA";"Manobra de mudança de faixa";"Colisão lateral mesmo sentido";"Com Vítimas Feridas";"Pleno dia";"Crescente";"Céu Claro";"Dupla";"Reta";"Não";3;0;0;1;1;1;1;3;-29,465483;-51,95509;"SPRF-RS";"DEL04-RS";"UOP02-DEL04-RS"
383870;2021-09-16;"quinta-feira";"14:17:00";"SC";101;214,4;"PALHOCA";"Condutor deixou de manter distância do veículo da frente";"Colisão traseira";"Com Vítimas Feridas";"Pleno dia";"Decrescente";"Nublado";"Múltipla";"Reta";"Sim";2;0;1;0;1;0;1;2;-27,64443;-48,67057;"SPRF-SC";"DEL01-SC";"UOP02-DEL01-SC"
383871;2021-09-16;"quinta-feira";"11:55:00";"RO";364;344;"JI-PARANA";"Ausência de reação do condutor";"Colisão com objeto";"Com Vítimas Feridas";"Pleno dia";"Crescente";"Sol";"Simples";"Reta";"Sim";2;0;0;1;1;0;1;2;-10,87376391;-61,95256893;"SPRF-RO";"DEL02-RO";"UOP01-DEL02-RO"
383872;2021-09-16;"quinta-feira";"13:15:00";"MG";381;931,3;"EXTREMA";"Ausência de reação do condutor";"Colisão traseira";"Com Vítimas Feridas";"Pleno dia";"Decrescente";"Céu Claro";"Dupla";"Reta";"Não";3;0;0;1;2;0;1;2;-22,788143;-46,242782;"SPRF-MG";"DEL16-MG";"UOP03-DEL16-MG"
383874;2021-09-16;"quinta-feira";"11:07:00";"SC";282;379,4;"HERVAL DOESTE";"Demais falhas mecânicas ou elétricas";"Colisão traseira";"Com Vítimas Feridas";"Pleno dia";"Decrescente";"Chuva";"Simples";"Rotatória";"Sim";2;0;1;0;1;0;1;2;-27,214626;-51,485871;"SPRF-SC";"DEL07-SC";"UOP05-DEL07-SC"
383875;2021-09-16;"quinta-feira";"13:50:00";"PA";163;1001;"SANTAREM";"Desrespeitar a preferência no cruzamento";"Colisão transversal";"Sem Vítimas";"Pleno dia";"Decrescente";"Céu Claro";"Simples";"Rotatória";"Sim";3;0;0;0;2;1;0;2;-2,464507;-54,72745295;"SPRF-PA";"DEL05-PA";"UOP01-DEL05-PA"
383877;2021-09-16;"quinta-feira";"15:00:00";"RJ";40;110;"DUQUE DE CAXIAS";"Acessar a via sem observar a presença dos outros veículos";"Atropelamento de Pedestre";"Com Vítimas Feridas";"Pleno dia";"Decrescente";"Garoa/Chuvisco";"Múltipla";"Reta";"Sim";2;0;1;0;0;1;1;2;-22,68289906;-43,28549346;"SPRF-RJ";"DEL01-RJ";"UOP01-DEL01-RJ"
383879;2021-09-16;"quinta-feira";"06:51:00";"RS";471;647;"SANTA VITORIA DO PALMAR";"Condutor Dormindo";"Saída de leito carroçável";"Com Vítimas Fatais";"Amanhecer";"Decrescente";"Céu Claro";"Simples";"Reta";"Não";5;1;0;3;0;1;3;2;-33,339931;-53,154524;"SPRF-RS";"DEL07-RS";"UOP04-DEL07-RS"
383881;2021-09-16;"quinta-feira";"15:40:00";"RJ";40;75;"PETROPOLIS";"Chuva";"Saída de leito carroçável";"Sem Vítimas";"Pleno dia";"Crescente";"Chuva";"Múltipla";"Curva";"Não";1;0;0;0;1;0;0;1;-22,46857126;-43,22958698;"SPRF-RJ";"DEL06-RJ";"UOP01-DEL06-RJ"
383882;2021-09-16;"quinta-feira";"15:10:00";"PR";116;0;"QUATRO BARRAS";"Reação tardia ou ineficiente do condutor";"Colisão com objeto";"Com Vítimas Feridas";"Pleno dia";"Decrescente";"Chuva";"Dupla";"Retorno Regulamentado";"Sim";1;0;1;0;0;0;1;1;-25,3478;-49,0493;"SPRF-PR";"DEL01-PR";"UOP02-DEL01-PR"
383889;2021-09-16;"quinta-feira";"15:30:00";"MG";40;532;"BELO HORIZONTE";"Ausência de reação do condutor";"Colisão traseira";"Com Vítimas Feridas";"Pleno dia";"Crescente";"Céu Claro";"Dupla";"Reta;Declive";"Sim";4;0;2;0;2;0;2;3;-19,92372561;-44,01700789;"SPRF-MG";"DEL01-MG";"UOP02-DEL01-MG"
383890;2021-09-16;"quinta-feira";"13:30:00";"PA";316;50;"CASTANHAL";"Chuva";"Saída de leito carroçável";"Com Vítimas Feridas";"Pleno dia";"Decrescente";"Chuva";"Dupla";"Reta";"Não";1;0;1;0;0;0;1;1;-1,304277;-48,04272;"SPRF-PA";"DEL01-PA";"UOP01-DEL01-PA"