"id";"data_inversa";"dia_semana";"horario";"uf";"br";"km";"municipio";"causa_acidente";"tipo_acidente";"classificacao_acidente";"fase_dia";"sentido_via";"condicao_metereologica";"tipo_pista";"tracado_via";"uso_solo";"pessoas";"mortos";"feridos_leves";"feridos_graves";"ilesos";"ignorados";"feridos";"veiculos";"latitude";"longitude";"regional";"delegacia";"uop"
383891;2021-09-16;"quinta-feira";"15:30:00";"GO";60;94;"ANAPOLIS";"Avarias e/ou desgaste excessivo no pneu";"Colisão com objeto";"Com Vítimas Feridas";"Pleno dia";"Crescente";"Céu Claro";"Dupla";"Viaduto";"Sim";1;0;1;0;0;0;1;1;-16,3611;-48,9328;"SPRF-GO";"DEL02-GO";"UOP01-DEL02-GO"
383892;2021-09-16;"quinta-feira";"15:50:00";"PB";230;27;"JOAO PESSOA";"Ausência de reação do condutor";"Tombamento";"Com Vítimas Feridas";"Anoitecer";"Crescente";"Céu Claro";"Simples";"Curva";"Sim";2;0;2;0;0;0;2;1;-7,16514894;-34,89492238;"SPRF-PB";"DEL01-PB";"UOP01-DEL01-PB"
383895;2021-09-16;"quinta-feira";"15:55:00";"BA";101;717;"EUNAPOLIS";"Pedestre cruzava a pista fora da faixa";"Atropelamento de Pedestre";"Com Vítimas Feridas";"Pleno dia";"Crescente";"Céu Claro";"Simples";"Reta";"Sim";2;0;1;0;0;1;1;2;-16,365641;-39,581859;"SPRF-BA";"DEL09-BA";"UOP01-DEL09-BA"
383896;2021-09-16;"quinta-feira";"14:00:00";"PR";277;25;"MORRETES";"Chuva";"Saída de leito carroçável";"Sem Vítimas";"Pleno dia";"Decrescente";"Chuva";"Dupla";"Retorno Regulamentado";"Não";2;0;0;0;2;0;0;1;-25,5343724;-48,70654307;"SPRF-PR";"DEL01-PR";"UOP05-DEL01-PR"
383898;2021-09-12;"domingo";"18:45:00";"ES";262;46;"MARECHAL FLORIANO";"Ausência de reação do condutor";"Colisão frontal";"Com Vítimas Feridas";"Plena Noite";"Decrescente";"Céu Claro";"Simples";"Reta";"Sim";2;0;0;1;1;0;1;2;-20,40565705;-40,67280081;"SPRF-ES";"DEL01-ES";"UOP01-DEL01-ES"
383900;2021-09-16;"quinta-feira";"16:00:00";"SC";101;61;"ARAQUARI";"Velocidade Incompatível";"Saída de leito carroçável";"Com Vítimas Feridas";"Pleno dia";"Crescente";"Chuva";"Dupla";"Curva";"Não";2;0;1;0;1;0;1;1;-26,45474174;-48,77699195;"SPRF-SC";"DEL03-SC";"UOP02-DEL03-SC"
383903;2021-09-16;"quinta-feira";"16:50:00";"ES";101;147;"LINHARES";"Condutor deixou de manter distância do veículo da frente";"Colisão traseira";"Com Vítimas Feridas";"Pleno dia";"Crescente";"Céu Claro";"Dupla";"Reta";"Sim";2;0;0;1;1;0;1;2;-19,37887202;-40,06657892;"SPRF-ES";"DEL04-ES";"UOP01-DEL04-ES"
383905;2021-09-16;"quinta-feira";"17:00:00";"MG";40;527;"CONTAGEM";"Reação tardia ou ineficiente do condutor";"Colisão lateral mesmo sentido";"Com Vítimas Feridas";"Pleno dia";"Decrescente";"Céu Claro";"Múltipla";"Reta";"Sim";3;0;1;0;2;0;1;2;-19,90149502;-44,04938939;"SPRF-MG";"DEL01-MG";"UOP02-DEL01-MG"
383906;2021-09-16;"quinta-feira";"16:50:00";"SC";101;258,8;"PAULO LOPES";"Manobra de mudança de faixa";"Colisão com objeto";"Com Vítimas Feridas";"Pleno dia";"Decrescente";"Nublado";"Dupla";"Curva";"Não";2;0;1;0;1;0;1;1;-28,00482282;-48,69190437;"SPRF-SC";"DEL02-SC";"UOP03-DEL02-SC"
383907;2021-09-16;"quinta-feira";"17:00:00";"SC";101;205;"SAO JOSE";"Trafegar com motocicleta (ou similar) entre as faixas";"Colisão lateral mesmo sentido";"Sem Vítimas";"Pleno dia";"Decrescente";"Céu Claro";"Múltipla";"Reta";"Sim";2;0;0;0;2;0;0;2;-27,58313237;-48,61532885;"SPRF-SC";"DEL01-SC";"UOP01-DEL01-SC"
383909;2021-09-16;"quinta-feira";"16:30:00";"SC";101;195,5;"BIGUACU";"Manobra de mudança de faixa";"Colisão lateral mesmo sentido";"Com Vítimas Feridas";"Pleno dia";"Decrescente";"Nublado";"Múltipla";"Reta";"Sim";2;0;1;0;1;0;1;2;-27,50778871;-48,64628345;"SPRF-SC";"DEL01-SC";"UOP01-DEL01-SC"
383910;2021-09-16;"quinta-feira";"16:50:00";"MG";40;518,9;"RIBEIRAO DAS NEVES";"Avarias e/ou desgaste excessivo no pneu";"Saída de leito carroçável";"Sem Vítimas";"Pleno dia";"Crescente";"Céu Claro";"Dupla";"Reta";"Não";1;0;0;0;1;0;0;1;-19,83957589;-44,07684485;"SPRF-MG";"DEL01-MG";"UOP02-DEL01-MG"
383911;2021-09-16;"quinta-feira";"17:20:00";"PR";369;187;"ARAPONGAS";"Conversão proibida";"Colisão transversal";"Com Vítimas Feridas";"Pleno dia";"Decrescente";"Céu Claro";"Simples";"Reta";"Sim";3;0;1;1;1;0;2;2;-23,426837;-51,423171;"SPRF-PR";"DEL07-PR";"UOP02-DEL07-PR"
383912;2021-09-16;"quinta-feira";"17:05:00";"RS";116;257;"ESTEIO";"Manobra de mudança de faixa";"Colisão lateral mesmo sentido";"Com Vítimas Feridas";"Pleno dia";"Decrescente";"Céu Claro";"Dupla";"Reta";"Sim";3;0;1;0;2;0;1;3;-29,85262195;-51,17968329;"SPRF-RS";"DEL01-RS";"UOP02-DEL01-RS"
383913;2021-09-16;"quinta-feira";"11:00:00";"MG";251;259,2;"TAIOBEIRAS";"Ultrapassagem Indevida";"Colisão lateral sentido oposto";"Com Vítimas Feridas";"Pleno dia";"Crescente";"Céu Claro";"Simples";"Reta";"Não";3;0;0;1;1;1;1;3;-16,00274632;-41,93284524;"SPRF-MG";"DEL11-MG";"UOP02-DEL11-MG"
383914;2021-09-16;"quinta-feira";"17:40:00";"SE";235;6;"NOSSA SENHORA DO SOCORRO";"Transitar no acostamento";"Colisão lateral mesmo sentido";"Com Vítimas Feridas";"Anoitecer";"Crescente";"Céu Claro";"Dupla";"Reta";"Não";2;0;1;0;1;0;1;2;-10,903851;-37,128677;"SPRF-SE";"DEL01-SE";"UOP01-DEL01-SE"
383915;2021-09-16;"quinta-feira";"18:15:00";"SC";101;218;"PALHOCA";"Desrespeitar a preferência no cruzamento";"Colisão frontal";"Com Vítimas Feridas";"Pleno dia";"Decrescente";"Céu Claro";"Simples";"Reta";"Não";2;0;1;0;1;0;1;2;-27,6758601;-48,67052525;"SPRF-SC";"DEL01-SC";"UOP02-DEL01-SC"
383916;2021-09-16;"quinta-feira";"18:10:00";"AP";156;818;"OIAPOQUE";"Acessar a via sem observar a presença dos outros veículos";"Colisão lateral mesmo sentido";"Com Vítimas Feridas";"Anoitecer";"Decrescente";"Céu Claro";"Simples";"Interseção de Vias";"Sim";3;0;2;0;0;1;2;2;3,83155624;-51,80131985;"SPRF-AP";"DEL01-AP";"UOP03-DEL01-AP"
383918;2021-09-16;"quinta-feira";"18:35:00";"PB";230;18,8;"JOAO PESSOA";"Trafegar com motocicleta (ou similar) entre as faixas";"Colisão traseira";"Com Vítimas Feridas";"Plena Noite";"Crescente";"Céu Claro";"Dupla";"Reta";"Sim";3;0;2;0;1;0;2;2;-7,12857152;-34,84766599;"SPRF-PB";"DEL01-PB";"UOP01-DEL01-PB"
383919;2021-08-08;"domingo";"00:05:00";"SP";116;101;"PINDAMONHANGABA";"Condutor deixou de manter distância do veículo da frente";"Colisão traseira";"Com Vítimas Feridas";"Plena Noite";"Decrescente";"Céu Claro";"Múltipla";"Aclive";"Não";6;0;2;1;2;1;3;4;-22,99074204;-45,48115098;"SPRF-SP";"DEL08-SP";"UOP01-DEL08-SP"
383921;2021-09-16;"quinta-feira";"04:15:00";"SC";470;63;"INDAIAL";"Ausência de reação do condutor";"Saída de leito carroçável";"Sem Vítimas";"Plena Noite";"Crescente";"Chuva";"Simples";"Reta";"Não";1;0;0;0;1;0;0;1;-26,8721314;-49,1928707;"SPRF-SC";"DEL04-SC";"UOP01-DEL04-SC"
383922;2021-09-16;"quinta-feira";"19:30:00";"SP";116;272,1;"TABOAO DA SERRA";"Manobra de mudança de faixa";"Colisão traseira";"Com Vítimas Feridas";"Plena Noite";"Crescente";"Chuva";"Dupla";"Reta";"Sim";2;0;1;0;1;0;1;2;-23,621691;-46,813288;"SPRF-SP";"DEL04-SP";"UOP01-DEL04-SP"
383928;2021-09-16;"quinta-feira";"19:20:00";"RS";285;122,9;"VACARIA";"Acessar a via sem observar a presença dos outros veículos";"Colisão transversal";"Com Vítimas Feridas";"Plena Noite";"Crescente";"Ignorado";"Simples";"Reta";"Sim";5;0;1;1;2;1;2;3;-28,505535;-50,944073;"SPRF-RS";"DEL05-RS";"UOP03-DEL05-RS"
383929;2021-09-16;"quinta-feira";"19:50:00";"DF";60;2,9;"BRASILIA";"Manobra de mudança de faixa";"Saída de leito carroçável";"Com Vítimas Feridas";"Plena Noite";"Decrescente";"Céu Claro";"Dupla";"Reta";"Sim";3;0;2;0;1;0;2;2;-15,887383;-48,077988;"SPRF-DF";"DEL03-DF";"UOP01-DEL03-DF"
383930;2021-09-16;"quinta-feira";"20:00:00";"RS";386;117;"SARANDI";"Acessar a via sem observar a presença dos outros veículos";"Colisão transversal";"Com Vítimas Feridas";"Plena Noite";"Crescente";"Chuva";"Simples";"Reta";"Não";2;0;1;0;1;0;1;2;-27,854607;-53,014843;"SPRF-RS";"DEL08-RS";"UOP01-DEL08-RS"
383931;2021-09-16;"quinta-feira";"20:20:00";"MG";381;6,3;"BETIM";"Ingestão de álcool pelo condutor";"Colisão lateral mesmo sentido";"Sem Vítimas";"Plena Noite";"Decrescente";"Céu Claro";"Dupla";"Curva";"Sim";3;0;0;0;2;1;0;3;-19,98804986;-44,19902802;"SPRF-MG";"DEL01-MG";"UOP03-DEL01-MG"
383932;2021-09-16;"quinta-feira";"20:15:00";"MG";381;493;"BETIM";"Avarias e/ou desgaste excessivo no pneu";"Queda de ocupante de veículo";"Com Vítimas Feridas";"Plena Noite";"Decrescente";"Céu Claro";"Dupla";"Reta";"Sim";2;0;2;0;0;0;2;1;-19,97670801;-44,19962698;"SPRF-MG";"DEL01-MG";"UOP03-DEL01-MG"
383934;2021-09-16;"quinta-feira";"20:30:00";"RN";406;150,6;"CEARA-MIRIM";"Acessar a via sem observar a presença dos outros veículos";"Colisão transversal";"Com Vítimas Feridas";"Plena Noite";"Decrescente";"Céu Claro";"Simples";"Reta";"Sim";2;0;0;1;1;0;1;2;-5,64974982;-35,43234997;"SPRF-RN";"DEL02-RN";"UOP01-DEL02-RN"
383940;2021-09-16;"quinta-feira";"19:45:00";"MG";381;884,5;"ESTIVA";"Ausência de reação do condutor";"Saída de leito carroçável";"Com Vítimas Feridas";"Plena Noite";"Crescente";"Nublado";"Dupla";"Reta";"Não";1;0;1;0;0;0;1;1;-22,53552002;-46,03550597;"SPRF-MG";"DEL16-MG";"UOP03-DEL16-MG"
383945;2021-09-16;"quinta-feira";"19:20:00";"PR";277;527,3;"GUARANIACU";"Ingestão de álcool pelo condutor";"Saída de leito carroçável";"Sem Vítimas";"Plena Noite";"Crescente";"Chuva";"Simples";"Curva";"Não";1;0;0;0;1;0;0;1;-25,091649;-52,949265;"SPRF-PR";"DEL04-PR";"UOP01-DEL04-PR"
383947;2021-09-16;"quinta-feira";"20:40:00";"MS";262;356,9;"CAMPO GRANDE";"Reação tardia ou ineficiente do condutor";"Tombamento";"Com Vítimas Feridas";"Plena Noite";"Decrescente";"Nublado";"Simples";"Declive";"Não";1;0;0;1;0;0;1;1;-20,54745913;-54,68046404;"SPRF-MS";"DEL01-MS";"UOP03-DEL01-MS"
383948;2021-09-16;"quinta-feira";"20:35:00";"GO";70;3;"AGUAS LINDAS DE GOIAS";"Ingestão de álcool pelo condutor";"Saída de leito carroçável";"Com Vítimas Feridas";"Plena Noite";"Decrescente";"Céu Claro";"Dupla";"Retorno Regulamentado";"Sim";1;0;1;0;0;0;1;1;-15,76177302;-48,2368693;"SPRF-DF";"DEL03-DF";"UOP02-DEL03-DF"
383949;2021-09-16;"quinta-feira";"22:00:00";"PI";316;3;"TERESINA";"Transitar na contramão";"Colisão transversal";"Com Vítimas Feridas";"Plena Noite";"Crescente";"Chuva";"Simples";"Interseção de Vias";"Sim";2;0;1;0;1;0;1;2;-5,12826443;-42,79292384;"SPRF-PI";"DEL01-PI";"UOP02-DEL01-PI"
383951;2021-09-16;"quinta-feira";"22:25:00";"BA";242;411;"SEABRA";"Condutor deixou de manter distância do veículo da frente";"Colisão traseira";"Com Vítimas Feridas";"Plena Noite";"Crescente";"Céu Claro";"Dupla";"Reta";"Sim";2;0;0;1;0;1;1;2;-12,44322183;-41,75266558;"SPRF-BA";"DEL06-BA";"UOP01-DEL06-BA"
383952;2021-09-16;"quinta-feira";"22:00:00";"PR";116;109;"CURITIBA";"Acesso irregular";"Incêndio";"Sem Vítimas";"Plena Noite";"Crescente";"Nublado";"Dupla";"Reta";"Não";1;0;0;0;1;0;0;1;-25,57140489;-49,20748999;"SPRF-PR";"DEL01-PR";"UOP01-DEL01-PR"
383959;2021-09-17;"sexta-feira";"00:40:00";"PI";316;25,8;"DEMERVAL LOBAO";"Ausência de reação do condutor";"Saída de leito carroçável";"Com Vítimas Feridas";"Plena Noite";"Decrescente";"Céu Claro";"Simples";"Reta";"Sim";1;0;0;1;0;0;1;1;-5,29544309;-42,71210611;"SPRF-PI";"DEL01-PI";"UOP02-DEL01-PI"
383960;2021-09-17;"sexta-feira";"00:25:00";"RS";285;159,1;"MUITOS CAPOES";"Acessar a via sem observar a presença dos outros veículos";"Colisão transversal";"Com Vítimas Feridas";"Plena Noite";"Crescente";"Céu Claro";"Simples";"Reta";"Não";2;0;0;1;1;0;1;2;-28,32148;-51,217224;"SPRF-RS";"DEL05-RS";"UOP03-DEL05-RS"
383961;2021-09-16;"quinta-feira";"23:30:00";"MS";163;366,5;"NOVA ALVORADA DO SUL";"Ingestão de álcool pelo condutor";"Saída de leito carroçável";"Sem Vítimas";"Plena Noite";"Decrescente";"Céu Claro";"Dupla";"Rotatória";"Sim";3;0;0;0;3;0;0;1;-21,45220988;-54,37889099;"SPRF-MS";"DEL02-MS";"UOP01-DEL02-MS"
383962;2021-09-17;"sexta-feira";"01:30:00";"ES";482;100,5;"GUACUI";"Pista Escorregadia";"Queda de ocupante de veículo";"Com Vítimas Feridas";"Plena Noite";"Crescente";"Garoa/Chuvisco";"Simples";"Reta";"Não";1;0;1;0;0;0;1;1;-20,776826;-41,631775;"SPRF-ES";"DEL03-ES";"UOP02-DEL03-ES"
383963;2021-09-17;"sexta-feira";"02:20:00";"PI";343;2,5;"TERESINA";"Entrada inopinada do pedestre";"Atropelamento de Pedestre";"Com Vítimas Feridas";"Plena Noite";"Crescente";"Céu Claro";"Dupla";"Reta";"Sim";2;0;1;0;0;1;1;2;-5,089569;-42,802288;"SPRF-PI";"DEL01-PI";"UOP01-DEL01-PI"
383965;2021-09-17;"sexta-feira";"02:20:00";"RS";386;32,1;"FREDERICO WESTPHALEN";"Ingestão de álcool pelo condutor";"Colisão traseira";"Sem Vítimas";"Plena Noite";"Crescente";"Chuva";"Simples";"Reta";"Sim";5;0;0;0;3;2;0;3;-27,341396;-53,387527;"SPRF-RS";"DEL08-RS";"UOP02-DEL08-RS"
383966;2021-09-17;"sexta-feira";"03:40:00";"SC";101;126;"ITAJAI";"Transitar no acostamento";"Colisão lateral mesmo sentido";"Com Vítimas Feridas";"Plena Noite";"Crescente";"Chuva";"Dupla";"Reta";"Não";2;0;1;0;0;1;1;2;-26,95564404;-48,67978366;"SPRF-SC";"DEL04-SC";"UOP04-DEL04-SC"
383967;2021-09-17;"sexta-feira";"03:30:00";"BA";116;512;"SANTA TERESINHA";"Condutor Dormindo";"Saída de leito carroçável";"Sem Vítimas";"Plena Noite";"Decrescente";"Céu Claro";"Simples";"Reta";"Não";3;0;0;0;3;0;0;1;-12,65310515;-39,61371492;"SPRF-BA";"DEL03-BA";"UOP02-DEL03-BA"
383971;2021-09-17;"sexta-feira";"06:00:00";"SP";381;39;"ATIBAIA";"Avarias e/ou desgaste excessivo no pneu";"Saída de leito carroçável";"Sem Vítimas";"Amanhecer";"Decrescente";"Nublado";"Simples";"Curva";"Sim";1;0;0;0;0;1;0;1;-23,1215761;-46,57471572;"SPRF-SP";"DEL03-SP";"UOP01-DEL03-SP"
383976;2021-09-17;"sexta-feira";"06:40:00";"SC";101;83,4;"BARRA VELHA";"Acesso irregular";"Colisão transversal";"Com Vítimas Feridas";"Pleno dia";"Crescente";"Chuva";"Simples";"Reta";"Não";2;0;0;1;1;0;1;2;-26,61865655;-48,71834126;"SPRF-SC";"DEL03-SC";"UOP02-DEL03-SC"
383977;2021-09-17;"sexta-feira";"07:20:00";"SP";116;280,5;"EMBU DAS ARTES";"Velocidade Incompatível";"Queda de ocupante de veículo";"Com Vítimas Feridas";"Pleno dia";"Decrescente";"Céu Claro";"Dupla";"Aclive";"Não";1;0;1;0;0;0;1;1;-23,66996108;-46,85590758;"SPRF-SP";"DEL04-SP";"UOP01-DEL04-SP"
383978;2021-08-27;"sexta-feira";"15:20:00";"PR";476;1;"ADRIANOPOLIS";"Acessar a via sem observar a presença dos outros veículos";"Colisão transversal";"Com Vítimas Feridas";"Pleno dia";"Crescente";"Ignorado";"Simples";"Reta";"Não";2;0;1;0;1;0;1;2;-24,66132934;-48,99052257;"SPRF-PR";"DEL01-PR";"UOP02-DEL01-PR"
383979;2021-09-16;"quinta-feira";"16:00:00";"MT";163;617;"NOVA MUTUM";"Acumulo de areia ou detritos sobre o pavimento";"Queda de ocupante de veículo";"Com Vítimas Feridas";"Pleno dia";"Decrescente";"Chuva";"Simples";"Reta";"Não";1;0;1;0;0;0;1;1;-13,761484;-56,05323601;"SPRF-MT";"DEL01-MT";"UOP01-DEL01-MT"
383981;2021-08-24;"terça-feira";"10:20:00";"PR";467;74,3;"TOLEDO";"Conversão proibida";"Colisão transversal";"Com Vítimas Feridas";"Pleno dia";"Crescente";"Nublado";"Dupla";"Reta";"Não";3;0;2;1;0;0;3;2;-24,7402;-53,6935;"SPRF-PR";"DEL04-PR";"UOP01-DEL04-PR"
383983;2021-09-16;"quinta-feira";"22:45:00";"MG";116;774,2;"LEOPOLDINA";"Reação tardia ou ineficiente do condutor";"Saída de leito carroçável";"Com Vítimas Feridas";"Plena Noite";"Decrescente";"Céu Claro";"Simples";"Curva";"Não";1;0;1;0;0;0;1;1;-21,57932128;-42,68264985;"SPRF-MG";"DEL07-MG";"UOP01-DEL07-MG"
383984;2021-09-17;"sexta-feira";"03:40:00";"RJ";40;64;"PETROPOLIS";"Velocidade Incompatível";"Capotamento";"Com Vítimas Feridas";"Plena Noite";"Crescente";"Garoa/Chuvisco";"Simples";"Curva";"Não";1;0;1;0;0;0;1;1;-22,420418;-43,155285;"SPRF-RJ";"DEL06-RJ";"UOP01-DEL06-RJ"
383986;2021-09-17;"sexta-feira";"07:50:00";"RS";386;344,3;"LAJEADO";"Reação tardia ou ineficiente do condutor";"Colisão frontal";"Com Vítimas Feridas";"Pleno dia";"Decrescente";"Céu Claro";"Simples";"Reta";"Sim";2;0;2;0;0;0;2;2;-29,439268;-51,993633;"SPRF-RS";"DEL04-RS";"UOP01-DEL04-RS"
383991;2021-09-17;"sexta-feira";"08:10:00";"PR";376;593;"CURITIBA";"Transitar no acostamento";"Colisão lateral mesmo sentido";"Sem Vítimas";"Pleno dia";"Decrescente";"Céu Claro";"Dupla";"Reta";"Não";2;0;0;0;2;0;0;2;-25,47642706;-49,35092413;"SPRF-PR";"DEL01-PR";"UOP01-DEL01-PR"
383994;2021-09-17;"sexta-feira";"08:55:00";"CE";20;428;"FORTALEZA";"Conversão proibida";"Colisão lateral mesmo sentido";"Com Vítimas Feridas";"Pleno dia";"Crescente";"Céu Claro";"Dupla";"Reta";"Não";2;0;1;0;1;0;1;2;-3,86627106;-38,51593539;"SPRF-CE";"DEL01-CE";"UOP02-DEL01-CE"
383996;2021-09-05;"domingo";"18:30:00";"PI";316;290;"PICOS";"Iluminação deficiente";"Atropelamento de Pedestre";"Com Vítimas Feridas";"Plena Noite";"Decrescente";"Céu Claro";"Simples";"Reta";"Não";3;0;2;1;0;0;3;2;-6,99681216;-41,61967609;"SPRF-PI";"DEL04-PI";"UOP01-DEL04-PI"
383999;2021-09-17;"sexta-feira";"08:25:00";"DF";60;0,8;"BRASILIA";"Reação tardia ou ineficiente do condutor";"Colisão lateral mesmo sentido";"Com Vítimas Feridas";"Pleno dia";"Crescente";"Céu Claro";"Dupla";"Reta";"Sim";3;0;1;1;1;0;2;2;-15,882499;-48,060212;"SPRF-DF";"DEL03-DF";"UOP01-DEL03-DF"
384000;2021-09-17;"sexta-feira";"08:00:00";"DF";20;16;"BRASILIA";"Mal súbito do condutor";"Saída de leito carroçável";"Com Vítimas Feridas";"Pleno dia";"Crescente";"Céu Claro";"Dupla";"Declive";"Não";2;0;1;0;1;0;1;1;-15,625675;-47,725159;"SPRF-DF";"DEL02-DF";"UOP01-DEL02-DF"
384002;2021-09-17;"sexta-feira";"09:30:00";"PR";116;119;"CURITIBA";"Ausência de reação do condutor";"Colisão lateral mesmo sentido";"Com Vítimas Feridas";"Pleno dia";"Crescente";"Céu Claro";"Dupla";"Reta";"Sim";2;0;1;0;1;0;1;2;-25,57844665;-49,31252003;"SPRF-PR";"DEL01-PR";"UOP03-DEL01-PR"
384003;2021-09-17;"sexta-feira";"08:40:00";"PB";230;157,8;"CAMPINA GRANDE";"Acessar a via sem observar a presença dos outros veículos";"Colisão transversal";"Com Vítimas Feridas";"Pleno dia";"Crescente";"Céu Claro";"Simples";"Interseção de Vias;Reta";"Sim";2;0;0;1;1;0;1;2;-7,264;-35,9199;"SPRF-PB";"DEL02-PB";"UOP01-DEL02-PB"
384004;2021-09-05;"domingo";"12:30:00";"MS";163;25;"MUNDO NOVO";"Reação tardia ou ineficiente do condutor";"Saída de leito carroçável";"Com Vítimas Feridas";"Pleno dia";"Crescente";"Céu Claro";"Simples";"Curva;Aclive";"Não";4;0;3;0;1;0;3;1;-23,88981194;-54,31346792;"SPRF-MS";"DEL09-MS";"UOP02-DEL09-MS"
384005;2021-09-17;"sexta-feira";"09:20:00";"PR";163;323;"GUAIRA";"Pista Escorregadia";"Queda de ocupante de veículo";"Com Vítimas Feridas";"Pleno dia";"Decrescente";"Céu Claro";"Simples";"Reta";"Não";1;0;1;0;0;0;1;1;-24,31854694;-54,15781765;"SPRF-PR";"DEL06-PR";"UOP01-DEL06-PR"
384007;2021-09-17;"sexta-feira";"09:50:00";"MG";116;523,8;"CARATINGA";"Ausência de reação do condutor";"Colisão traseira";"Sem Vítimas";"Pleno dia";"Crescente";"Nublado";"Simples";"Reta";"Não";2;0;0;0;2;0;0;2;-19,75187896;-42,1326603;"SPRF-MG";"DEL06-MG";"UOP02-DEL06-MG"
384010;2021-08-08;"domingo";"01:00:00";"RJ";493;1;"ITABORAI";"Ultrapassagem Indevida";"Colisão frontal";"Com Vítimas Feridas";"Plena Noite";"Crescente";"Nublado";"Simples";"Reta";"Sim";2;0;0;1;0;1;1;2;-22,76398788;-42,92731895;"SPRF-RJ";"DEL02-RJ";"UOP02-DEL02-RJ"
384012;2021-09-17;"sexta-feira";"10:30:00";"PE";408;76,4;"PAUDALHO";"Avarias e/ou desgaste excessivo no pneu";"Colisão com objeto";"Com Vítimas Feridas";"Pleno dia";"Crescente";"Sol";"Dupla";"Ponte";"Não";1;0;1;0;0;0;1;1;-7,913693;-35,170002;"SPRF-PE";"DEL01-PE";"UOP01-DEL01-PE"
384013;2021-09-17;"sexta-feira";"08:45:00";"RJ";40;79;"PETROPOLIS";"Velocidade Incompatível";"Colisão com objeto";"Com Vítimas Feridas";"Pleno dia";"Crescente";"Nevoeiro/Neblina";"Simples";"Curva;Declive";"Sim";2;0;1;0;1;0;1;1;-22,49130098;-43,22294163;"SPRF-RJ";"DEL06-RJ";"UOP01-DEL06-RJ"
384014;2021-09-17;"sexta-feira";"07:00:00";"RS";285;197;"LAGOA VERMELHA";"Chuva";"Colisão com objeto";"Com Vítimas Feridas";"Pleno dia";"Crescente";"Chuva";"Simples";"Reta";"Sim";2;0;1;0;1;0;1;2;-28,218493;-51,509666;"SPRF-RS";"DEL08-RS";"UOP05-DEL08-RS"
384015;2021-09-17;"sexta-feira";"09:00:00";"RS";470;64;"LAGOA VERMELHA";"Chuva";"Saída de leito carroçável";"Com Vítimas Feridas";"Pleno dia";"Crescente";"Chuva";"Simples";"Reta";"Não";1;0;1;0;0;0;1;1;-28,203287;-51,525436;"SPRF-RS";"DEL08-RS";"UOP05-DEL08-RS"
384018;2021-09-17;"sexta-feira";"10:55:00";"RN";101;100,5;"PARNAMIRIM";"Acessar a via sem observar a presença dos outros veículos";"Colisão transversal";"Com Vítimas Feridas";"Pleno dia";"Crescente";"Céu Claro";"Dupla";"Curva";"Sim";2;0;1;0;1;0;1;2;-5,884652;-35,227415;"SPRF-RN";"DEL01-RN";"UOP01-DEL01-RN"
384019;2021-08-20;"sexta-feira";"17:55:00";"PR";369;207,2;"APUCARANA";"Entrada inopinada do pedestre";"Atropelamento de Pedestre";"Com Vítimas Feridas";"Anoitecer";"Decrescente";"Céu Claro";"Simples";"Reta";"Sim";2;0;2;0;0;0;2;2;-23,5631861;-51,48985684;"SPRF-PR";"DEL07-PR";"UOP02-DEL07-PR"
384020;2021-09-17;"sexta-feira";"11:00:00";"GO";40;24;"LUZIANIA";"Desrespeitar a preferência no cruzamento";"Colisão transversal";"Sem Vítimas";"Pleno dia";"Crescente";"Sol";"Dupla";"Reta";"Sim";2;0;0;0;2;0;0;2;-16,252738;-47,900437;"SPRF-DF";"DEL01-DF";"UOP01-DEL01-DF"
384021;2021-09-17;"sexta-feira";"11:15:00";"SE";101;148,1;"ESTANCIA";"Ausência de reação do condutor";"Colisão traseira";"Sem Vítimas";"Pleno dia";"Decrescente";"Céu Claro";"Simples";"Reta;Aclive";"Sim";2;0;0;0;2;0;0;2;-11,23058903;-37,42573496;"SPRF-SE";"DEL02-SE";"UOP01-DEL02-SE"
384022;2021-07-24;"sábado";"12:50:00";"PA";230;127;"MARABA";"Desrespeitar a preferência no cruzamento";"Colisão transversal";"Com Vítimas Feridas";"Pleno dia";"Decrescente";"Céu Claro";"Simples";"Aclive";"Não";2;0;1;0;1;0;1;2;-5,37452497;-49,159719;"SPRF-PA";"DEL03-PA";"UOP01-DEL03-PA"
384023;2021-09-17;"sexta-feira";"08:30:00";"ES";262;27,1;"VIANA";"Manobra de mudança de faixa";"Capotamento";"Com Vítimas Feridas";"Pleno dia";"Decrescente";"Garoa/Chuvisco";"Dupla";"Curva";"Não";1;0;1;0;0;0;1;1;-20,38398959;-40,55226465;"SPRF-ES";"DEL01-ES";"UOP01-DEL01-ES"
384024;2021-09-17;"sexta-feira";"08:30:00";"MG";364;26;"FRUTAL";"Demais falhas mecânicas ou elétricas";"Queda de ocupante de veículo";"Com Vítimas Feridas";"Pleno dia";"Crescente";"Céu Claro";"Simples";"Reta";"Sim";2;0;2;0;0;0;2;1;-20,025185;-48,94096;"SPRF-MG";"DEL13-MG";"UOP02-DEL13-MG"
384026;2021-08-29;"domingo";"07:00:00";"SC";470;106;"APIUNA";"Ingestão de álcool pelo condutor";"Saída de leito carroçável";"Sem Vítimas";"Pleno dia";"Crescente";"Chuva";"Simples";"Reta";"Não";1;0;0;0;1;0;0;1;-27,073105;-49,422935;"SPRF-SC";"DEL04-SC";"UOP02-DEL04-SC"