"id";"data_inversa";"dia_semana";"horario";"uf";"br";"km";"municipio";"causa_acidente";"tipo_acidente";"classificacao_acidente";"fase_dia";"sentido_via";"condicao_metereologica";"tipo_pista";"tracado_via";"uso_solo";"pessoas";"mortos";"feridos_leves";"feridos_graves";"ilesos";"ignorados";"feridos";"veiculos";"latitude";"longitude";"regional";"delegacia";"uop"
384027;2021-09-17;"sexta-feira";"11:50:00";"PA";230;116;"MARABA";"Ausência de reação do condutor";"Tombamento";"Com Vítimas Feridas";"Pleno dia";"Crescente";"Sol";"Dupla";"Reta";"Sim";1;0;1;0;0;0;1;1;-5,353735;-49,09386635;"SPRF-PA";"DEL03-PA";"UOP01-DEL03-PA"
384030;2021-09-17;"sexta-feira";"09:25:00";"RO";364;350,8;"JI-PARANA";"Desrespeitar a preferência no cruzamento";"Colisão transversal";"Com Vítimas Feridas";"Pleno dia";"Crescente";"Céu Claro";"Simples";"Interseção de Vias";"Não";5;0;3;0;2;0;3;2;-10,84392772;-62,00117111;"SPRF-RO";"DEL02-RO";"UOP01-DEL02-RO"
384033;2021-09-17;"sexta-feira";"12:10:00";"RJ";116;285;"BARRA MANSA";"Velocidade Incompatível";"Engavetamento";"Com Vítimas Feridas";"Pleno dia";"Crescente";"Céu Claro";"Dupla";"Curva";"Não";3;0;1;0;2;0;1;3;-22,4767566;-44,26461741;"SPRF-RJ";"DEL07-RJ";"UOP02-DEL07-RJ"
384034;2021-09-17;"sexta-feira";"06:30:00";"SP";116;482;"CAJATI";"Acessar a via sem observar a presença dos outros veículos";"Colisão lateral mesmo sentido";"Com Vítimas Feridas";"Amanhecer";"Crescente";"Nublado";"Dupla";"Reta";"Não";3;0;1;0;1;1;1;2;-24,72213327;-48,04339385;"SPRF-SP";"DEL05-SP";"UOP01-DEL05-SP"
384037;2021-09-17;"sexta-feira";"13:00:00";"MG";40;467,5;"SETE LAGOAS";"Demais falhas mecânicas ou elétricas";"Saída de leito carroçável";"Com Vítimas Feridas";"Pleno dia";"Decrescente";"Sol";"Dupla";"Reta";"Não";2;0;1;0;1;0;1;1;-19,45038924;-44,3166822;"SPRF-MG";"DEL02-MG";"UOP01-DEL02-MG"
384038;2021-09-17;"sexta-feira";"12:40:00";"SP";153;256,9;"MARILIA";"Conversão proibida";"Colisão transversal";"Sem Vítimas";"Pleno dia";"Decrescente";"Céu Claro";"Dupla";"Reta";"Sim";3;0;0;0;1;2;0;3;-22,231552;-49,91968;"SPRF-SP";"DEL07-SP";"UOP02-DEL07-SP"
384039;2021-09-17;"sexta-feira";"12:45:00";"PR";116;40;"CAMPINA GRANDE DO SUL";"Chuva";"Tombamento";"Com Vítimas Feridas";"Pleno dia";"Decrescente";"Chuva";"Dupla";"Reta;Ponte";"Não";2;0;1;1;0;0;2;1;-25,16445203;-48,86237697;"SPRF-PR";"DEL01-PR";"UOP02-DEL01-PR"
384040;2021-09-17;"sexta-feira";"13:30:00";"SC";101;33,3;"JOINVILLE";"Acumulo de água sobre o pavimento";"Tombamento";"Com Vítimas Feridas";"Pleno dia";"Decrescente";"Chuva";"Simples";"Rotatória;Viaduto;Curva";"Sim";2;0;2;0;0;0;2;1;-26,23200799;-48,91678053;"SPRF-SC";"DEL03-SC";"UOP01-DEL03-SC"
384043;2021-09-17;"sexta-feira";"12:00:00";"MS";60;420;"SIDROLANDIA";"Acessar a via sem observar a presença dos outros veículos";"Colisão transversal";"Com Vítimas Feridas";"Pleno dia";"Crescente";"Céu Claro";"Simples";"Reta";"Não";3;0;1;0;2;0;1;2;-20,90053615;-54,92368799;"SPRF-MS";"DEL01-MS";"UOP04-DEL01-MS"
384044;2021-08-16;"segunda-feira";"07:40:00";"SC";101;197;"BIGUACU";"Reação tardia ou ineficiente do condutor";"Engavetamento";"Com Vítimas Feridas";"Pleno dia";"Crescente";"Garoa/Chuvisco";"Múltipla";"Reta";"Sim";3;0;1;0;2;0;1;3;-27,51844497;-48,63848496;"SPRF-SC";"DEL01-SC";"UOP01-DEL01-SC"
384045;2021-09-17;"sexta-feira";"08:30:00";"MG";116;159,5;"PONTO DOS VOLANTES";"Condutor Dormindo";"Saída de leito carroçável";"Com Vítimas Feridas";"Pleno dia";"Crescente";"Céu Claro";"Simples";"Reta";"Não";5;0;2;2;1;0;4;1;-16,92575297;-41,46599218;"SPRF-MG";"DEL11-MG";"UOP02-DEL11-MG"
384046;2021-09-17;"sexta-feira";"07:30:00";"SC";470;138,2;"RIO DO SUL";"Desrespeitar a preferência no cruzamento";"Colisão transversal";"Com Vítimas Feridas";"Amanhecer";"Decrescente";"Chuva";"Simples";"Interseção de Vias";"Sim";3;0;2;0;1;0;2;3;-27,207214;-49,648476;"SPRF-SC";"DEL04-SC";"UOP02-DEL04-SC"
384047;2021-09-17;"sexta-feira";"10:50:00";"RJ";0;0;"RIO DE JANEIRO";"Manobra de mudança de faixa";"Colisão traseira";"Sem Vítimas";"Pleno dia";"Não Informado";"Céu Claro";"Múltipla";"Reta";"Sim";3;0;0;0;2;1;0;3;-22,8218958;-43,32582951;"SPRF-RJ";"N/A";"N/A"
384048;2021-05-20;"quinta-feira";"03:45:00";"ES";101;137,6;"LINHARES";"Acesso irregular";"Colisão transversal";"Com Vítimas Feridas";"Amanhecer";"Decrescente";"Nevoeiro/Neblina";"Simples";"Reta";"Não";4;0;0;2;2;0;2;3;-19,29308199;-40,08591691;"SPRF-ES";"DEL04-ES";"UOP01-DEL04-ES"
384052;2021-09-17;"sexta-feira";"10:58:00";"MS";163;6;"MUNDO NOVO";"Ausência de reação do condutor";"Colisão traseira";"Sem Vítimas";"Pleno dia";"Decrescente";"Céu Claro";"Dupla";"Reta";"Não";2;0;0;0;2;0;0;2;-24,00333202;-54,32121277;"SPRF-MS";"DEL09-MS";"UOP02-DEL09-MS"
384054;2021-09-17;"sexta-feira";"13:50:00";"SC";101;39,3;"JOINVILLE";"Chuva";"Colisão traseira";"Com Vítimas Feridas";"Pleno dia";"Decrescente";"Chuva";"Simples";"Reta";"Sim";2;0;1;0;1;0;1;2;-26,2628107;-48,90192257;"SPRF-SC";"DEL03-SC";"UOP01-DEL03-SC"
384055;2021-09-17;"sexta-feira";"14:00:00";"SE";235;53,4;"ITABAIANA";"Conversão proibida";"Colisão transversal";"Com Vítimas Feridas";"Pleno dia";"Crescente";"Céu Claro";"Simples";"Reta";"Sim";2;0;0;1;1;0;1;2;-10,684707;-37,440544;"SPRF-SE";"DEL01-SE";"UOP02-DEL01-SE"
384057;2021-09-07;"terça-feira";"00:55:00";"MG";365;451,5;"PATROCINIO";"Reação tardia ou ineficiente do condutor";"Capotamento";"Com Vítimas Fatais";"Plena Noite";"Crescente";"Céu Claro";"Dupla";"Rotatória";"Não";4;1;0;1;1;1;1;1;-18,83594238;-46,83646889;"SPRF-MG";"DEL10-MG";"UOP01-DEL10-MG"
384058;2021-09-17;"sexta-feira";"14:15:00";"PR";369;167;"CAMBE";"Reação tardia ou ineficiente do condutor";"Tombamento";"Com Vítimas Feridas";"Pleno dia";"Decrescente";"Sol";"Dupla";"Reta";"Não";2;0;2;0;0;0;2;1;-23,29707456;-51,31814718;"SPRF-PR";"DEL07-PR";"UOP01-DEL07-PR"
384059;2021-09-17;"sexta-feira";"12:40:00";"SC";470;77,3;"RODEIO";"Velocidade Incompatível";"Saída de leito carroçável";"Com Vítimas Feridas";"Pleno dia";"Decrescente";"Garoa/Chuvisco";"Simples";"Curva";"Não";1;0;1;0;0;0;1;1;-26,94446928;-49,29422292;"SPRF-SC";"DEL04-SC";"UOP01-DEL04-SC"
384060;2021-09-17;"sexta-feira";"13:50:00";"GO";40;9;"LUZIANIA";"Acessar a via sem observar a presença dos outros veículos";"Colisão transversal";"Com Vítimas Feridas";"Pleno dia";"Decrescente";"Céu Claro";"Dupla";"Reta";"Sim";2;0;1;0;0;1;1;2;-16,131158;-47,957739;"SPRF-DF";"DEL01-DF";"UOP01-DEL01-DF"
384061;2021-09-17;"sexta-feira";"13:45:00";"RJ";116;256,1;"PINHEIRAL";"Demais falhas na via";"Saída de leito carroçável";"Com Vítimas Feridas";"Pleno dia";"Decrescente";"Nublado";"Simples";"Reta;Declive";"Não";3;0;2;0;1;0;2;1;-22,58449025;-44,00458394;"SPRF-RJ";"DEL07-RJ";"UOP02-DEL07-RJ"
384063;2021-09-17;"sexta-feira";"13:40:00";"PR";116;38;"CAMPINA GRANDE DO SUL";"Velocidade Incompatível";"Capotamento";"Com Vítimas Feridas";"Pleno dia";"Decrescente";"Chuva";"Dupla";"Curva";"Não";4;0;3;0;1;0;3;1;-25,14802509;-48,85922071;"SPRF-PR";"DEL01-PR";"UOP02-DEL01-PR"
384064;2021-09-17;"sexta-feira";"14:32:00";"DF";60;20;"BRASILIA";"Ausência de reação do condutor";"Saída de leito carroçável";"Com Vítimas Feridas";"Pleno dia";"Crescente";"Céu Claro";"Dupla";"Reta";"Sim";2;0;1;1;0;0;2;1;-15,976206;-48,198563;"SPRF-DF";"DEL03-DF";"UOP01-DEL03-DF"
384066;2021-09-17;"sexta-feira";"15:00:00";"SC";280;25;"ARAQUARI";"Reação tardia ou ineficiente do condutor";"Colisão transversal";"Com Vítimas Feridas";"Pleno dia";"Crescente";"Céu Claro";"Simples";"Interseção de Vias;Reta";"Sim";2;0;1;0;1;0;1;2;-26,382324;-48,725552;"SPRF-SC";"DEL03-SC";"UOP03-DEL03-SC"
384067;2021-09-17;"sexta-feira";"14:45:00";"PR";116;38;"CAMPINA GRANDE DO SUL";"Chuva";"Saída de leito carroçável";"Com Vítimas Feridas";"Pleno dia";"Crescente";"Chuva";"Dupla";"Curva;Declive";"Não";3;0;2;0;1;0;2;1;-25,14802509;-48,85922071;"SPRF-PR";"DEL01-PR";"UOP02-DEL01-PR"
384068;2021-09-17;"sexta-feira";"14:20:00";"MG";40;632,5;"CONSELHEIRO LAFAIETE";"Retorno proibido";"Colisão transversal";"Com Vítimas Feridas";"Pleno dia";"Crescente";"Céu Claro";"Simples";"Reta";"Não";3;0;1;1;1;0;2;2;-20,681804;-43,794255;"SPRF-MG";"DEL05-MG";"UOP02-DEL05-MG"
384072;2021-09-17;"sexta-feira";"14:40:00";"MS";163;479;"CAMPO GRANDE";"Ausência de reação do condutor";"Colisão traseira";"Sem Vítimas";"Pleno dia";"Crescente";"Sol";"Simples";"Reta";"Sim";2;0;0;0;2;0;0;2;-20,487322;-54,55929095;"SPRF-MS";"DEL01-MS";"UOP01-DEL01-MS"
384074;2021-09-17;"sexta-feira";"10:00:00";"PI";316;94;"BARRO DURO";"Condutor Dormindo";"Colisão com objeto";"Com Vítimas Fatais";"Pleno dia";"Crescente";"Céu Claro";"Simples";"Reta";"Sim";1;1;0;0;0;0;0;1;-5,80521663;-42,5285828;"SPRF-PI";"DEL04-PI";"UOP02-DEL04-PI"
384075;2021-09-17;"sexta-feira";"10:20:00";"MA";10;332,2;"ACAILANDIA";"Pedestre cruzava a pista fora da faixa";"Atropelamento de Pedestre";"Com Vítimas Fatais";"Pleno dia";"Decrescente";"Céu Claro";"Simples";"Reta";"Sim";2;1;0;0;1;0;0;2;-4,84645;-47,514587;"SPRF-MA";"DEL04-MA";"UOP03-DEL04-MA"
384076;2021-09-17;"sexta-feira";"15:25:00";"RN";304;46,1;"MOSSORO";"Mal súbito do condutor";"Colisão com objeto";"Com Vítimas Feridas";"Pleno dia";"Decrescente";"Sol";"Dupla";"Reta";"Sim";1;0;1;0;0;0;1;1;-5,22579384;-37,340046;"SPRF-RN";"DEL04-RN";"UOP01-DEL04-RN"
384077;2021-09-17;"sexta-feira";"14:30:00";"MG";40;532;"BELO HORIZONTE";"Reação tardia ou ineficiente do condutor";"Colisão traseira";"Com Vítimas Feridas";"Pleno dia";"Crescente";"Céu Claro";"Dupla";"Reta";"Sim";2;0;1;0;1;0;1;2;-19,92372561;-44,01700789;"SPRF-MG";"DEL01-MG";"UOP02-DEL01-MG"
384078;2021-09-17;"sexta-feira";"15:48:00";"GO";40;18,2;"LUZIANIA";"Mal súbito do condutor";"Tombamento";"Com Vítimas Feridas";"Pleno dia";"Crescente";"Céu Claro";"Dupla";"Reta;Aclive";"Não";1;0;0;1;0;0;1;1;-16,19349;-47,925575;"SPRF-DF";"DEL01-DF";"UOP01-DEL01-DF"
384079;2021-08-19;"quinta-feira";"08:10:00";"PR";277;345;"GUARAPUAVA";"Acessar a via sem observar a presença dos outros veículos";"Colisão transversal";"Com Vítimas Feridas";"Pleno dia";"Crescente";"Céu Claro";"Simples";"Reta";"Sim";2;0;0;1;1;0;1;2;-25,33928412;-51,42880296;"SPRF-PR";"DEL08-PR";"UOP01-DEL08-PR"
384080;2021-09-17;"sexta-feira";"07:45:00";"MG";381;829;"SAO SEBASTIAO DA BELA VISTA";"Demais falhas mecânicas ou elétricas";"Queda de ocupante de veículo";"Com Vítimas Feridas";"Pleno dia";"Crescente";"Céu Claro";"Dupla";"Reta";"Não";2;0;1;0;1;0;1;1;-22,13347012;-45,80792092;"SPRF-MG";"DEL16-MG";"UOP01-DEL16-MG"
384082;2021-09-17;"sexta-feira";"14:45:00";"MS";163;479;"CAMPO GRANDE";"Reação tardia ou ineficiente do condutor";"Colisão traseira";"Com Vítimas Feridas";"Pleno dia";"Decrescente";"Céu Claro";"Dupla";"Reta";"Sim";4;0;2;0;2;0;2;2;-20,487322;-54,55929095;"SPRF-MS";"DEL01-MS";"UOP01-DEL01-MS"
384083;2021-09-17;"sexta-feira";"14:15:00";"BA";367;28;"PORTO SEGURO";"Desrespeitar a preferência no cruzamento";"Colisão transversal";"Com Vítimas Feridas";"Pleno dia";"Crescente";"Sol";"Simples";"Reta";"Sim";2;0;1;1;0;0;2;2;-16,41583259;-39,12772179;"SPRF-BA";"DEL09-BA";"UOP01-DEL09-BA"
384084;2021-09-17;"sexta-feira";"08:00:00";"MG";381;176,2;"GOVERNADOR VALADARES";"Velocidade Incompatível";"Saída de leito carroçável";"Com Vítimas Feridas";"Pleno dia";"Crescente";"Nublado";"Simples";"Reta";"Não";2;0;0;2;0;0;2;1;-19,00964517;-42,13648886;"SPRF-MG";"DEL06-MG";"UOP01-DEL06-MG"
384086;2021-09-06;"segunda-feira";"16:20:00";"MT";163;1029;"PEIXOTO DE AZEVEDO";"Acessar a via sem observar a presença dos outros veículos";"Colisão transversal";"Com Vítimas Feridas";"Pleno dia";"Crescente";"Céu Claro";"Simples";"Rotatória";"Sim";5;0;0;1;4;0;1;2;-10,24169825;-54,98637915;"SPRF-MT";"DEL06-MT";"NPF/DEL06-MT"
384089;2021-09-17;"sexta-feira";"15:45:00";"MT";163;753;"SORRISO";"Reação tardia ou ineficiente do condutor";"Colisão com objeto";"Com Vítimas Feridas";"Pleno dia";"Crescente";"Céu Claro";"Dupla";"Curva;Declive";"Sim";1;0;1;0;0;0;1;1;-12,64601993;-55,78671414;"SPRF-MT";"DEL06-MT";"UOP01-DEL06-MT"
384091;2021-09-17;"sexta-feira";"16:40:00";"DF";40;5,7;"BRASILIA";"Entrada inopinada do pedestre";"Atropelamento de Pedestre";"Com Vítimas Feridas";"Pleno dia";"Crescente";"Céu Claro";"Múltipla";"Reta";"Sim";3;0;0;1;1;1;1;2;-16,020903;-47,980541;"SPRF-DF";"DEL01-DF";"UOP01-DEL01-DF"
384094;2021-09-17;"sexta-feira";"16:35:00";"MG";116;815,7;"ALEM PARAIBA";"Ingestão de álcool pelo condutor";"Colisão frontal";"Com Vítimas Feridas";"Pleno dia";"Decrescente";"Nublado";"Simples";"Curva";"Sim";3;0;1;1;1;0;2;2;-21,86200678;-42,66859006;"SPRF-MG";"DEL07-MG";"UOP01-DEL07-MG"
384096;2021-09-17;"sexta-feira";"10:30:00";"RO";364;340,2;"JI-PARANA";"Ausência de sinalização";"Colisão transversal";"Com Vítimas Feridas";"Pleno dia";"Crescente";"Céu Claro";"Dupla";"Reta";"Sim";2;0;1;0;1;0;1;2;-10,898802;-61,93046;"SPRF-RO";"DEL02-RO";"UOP01-DEL02-RO"
384099;2021-09-17;"sexta-feira";"16:35:00";"MS";487;100;"ITAQUIRAI";"Acessar a via sem observar a presença dos outros veículos";"Colisão transversal";"Com Vítimas Feridas";"Pleno dia";"Decrescente";"Céu Claro";"Simples";"Reta";"Não";2;0;0;1;1;0;1;2;-23,23711262;-54,0491581;"SPRF-MS";"DEL09-MS";"UOP01-DEL09-MS"
384100;2021-09-17;"sexta-feira";"17:42:00";"RJ";393;282,3;"VOLTA REDONDA";"Frear bruscamente";"Tombamento";"Com Vítimas Feridas";"Anoitecer";"Decrescente";"Céu Claro";"Simples";"Reta";"Sim";1;0;1;0;0;0;1;1;-22,48082784;-44,04047201;"SPRF-RJ";"DEL05-RJ";"UOP04-DEL05-RJ"
384101;2021-09-17;"sexta-feira";"17:45:00";"SC";101;215,7;"PALHOCA";"Ingestão de álcool pelo condutor";"Engavetamento";"Sem Vítimas";"Pleno dia";"Crescente";"Chuva";"Múltipla";"Reta";"Sim";3;0;0;0;3;0;0;3;-27,65184843;-48,67604941;"SPRF-SC";"DEL01-SC";"UOP02-DEL01-SC"
384102;2021-09-17;"sexta-feira";"15:25:00";"GO";153;604;"MORRINHOS";"Manobra de mudança de faixa";"Saída de leito carroçável";"Sem Vítimas";"Pleno dia";"Decrescente";"Céu Claro";"Dupla";"Reta";"Não";1;0;0;0;1;0;0;1;-17,5862;-49,1944;"SPRF-GO";"DEL03-GO";"UOP01-DEL03-GO"
384104;2021-09-17;"sexta-feira";"17:50:00";"BA";242;799;"BARREIRAS";"Ingestão de álcool pelo condutor";"Colisão transversal";"Com Vítimas Feridas";"Pleno dia";"Crescente";"Sol";"Dupla";"Reta";"Sim";2;0;0;1;1;0;1;2;-12,1188236;-45,04671335;"SPRF-BA";"DEL10-BA";"UOP01-DEL10-BA"
384106;2021-09-17;"sexta-feira";"17:45:00";"PR";116;124;"CURITIBA";"Condutor deixou de manter distância do veículo da frente";"Colisão traseira";"Com Vítimas Feridas";"Anoitecer";"Crescente";"Céu Claro";"Dupla";"Reta";"Não";5;0;1;0;4;0;1;4;-25,58620703;-49,31436887;"SPRF-PR";"DEL01-PR";"UOP03-DEL01-PR"
384107;2021-09-17;"sexta-feira";"18:15:00";"SC";101;211,3;"PALHOCA";"Acesso irregular";"Atropelamento de Pedestre";"Com Vítimas Feridas";"Plena Noite";"Crescente";"Chuva";"Dupla";"Reta";"Sim";2;0;0;1;1;0;1;2;-27,62329313;-48,65245588;"SPRF-SC";"DEL01-SC";"UOP02-DEL01-SC"
384109;2021-09-17;"sexta-feira";"18:45:00";"PA";163;1003;"SANTAREM";"Acessar a via sem observar a presença dos outros veículos";"Atropelamento de Pedestre";"Com Vítimas Feridas";"Plena Noite";"Crescente";"Nublado";"Dupla";"Reta";"Sim";3;0;3;0;0;0;3;2;-2,44688525;-54,73048152;"SPRF-PA";"DEL05-PA";"UOP01-DEL05-PA"
384110;2021-09-17;"sexta-feira";"18:00:00";"GO";80;385;"SAO MIGUEL DO ARAGUAIA";"Acessar a via sem observar a presença dos outros veículos";"Colisão transversal";"Com Vítimas Feridas";"Anoitecer";"Crescente";"Céu Claro";"Simples";"Reta";"Não";2;0;0;1;1;0;1;2;-13,295049;-50,366876;"SPRF-GO";"DEL07-GO";"UOP02-DEL07-GO"
384111;2021-09-17;"sexta-feira";"17:50:00";"PE";424;85,6;"GARANHUNS";"Ingestão de álcool ou de substâncias psicoativas pelo pedestre";"Atropelamento de Pedestre";"Com Vítimas Feridas";"Anoitecer";"Decrescente";"Chuva";"Simples";"Reta;Declive";"Não";2;0;0;1;0;1;1;2;-8,85702308;-36,51218326;"SPRF-PE";"DEL03-PE";"UOP01-DEL03-PE"
384112;2021-09-17;"sexta-feira";"17:40:00";"SP";116;146;"SAO JOSE DOS CAMPOS";"Manobra de mudança de faixa";"Tombamento";"Com Vítimas Feridas";"Anoitecer";"Decrescente";"Nublado";"Dupla";"Reta";"Sim";1;0;0;1;0;0;1;1;-23,19122919;-45,86327591;"SPRF-SP";"DEL02-SP";"UOP01-DEL02-SP"
384113;2021-09-17;"sexta-feira";"18:20:00";"RJ";101;576;"PARATY";"Acessar a via sem observar a presença dos outros veículos";"Colisão transversal";"Com Vítimas Feridas";"Plena Noite";"Crescente";"Chuva";"Simples";"Reta";"Não";2;0;0;1;1;0;1;2;-23,22679237;-44,72881647;"SPRF-RJ";"DEL03-RJ";"UOP04-DEL03-RJ"
384114;2021-09-17;"sexta-feira";"16:30:00";"PR";373;399;"CANDOI";"Acessar a via sem observar a presença dos outros veículos";"Colisão transversal";"Com Vítimas Feridas";"Pleno dia";"Crescente";"Nublado";"Simples";"Reta";"Sim";3;0;1;0;2;0;1;2;-25,56145105;-52,04536396;"SPRF-PR";"DEL08-PR";"UOP01-DEL08-PR"
384116;2021-09-17;"sexta-feira";"19:05:00";"PR";369;233;"JANDAIA DO SUL";"Acessar a via sem observar a presença dos outros veículos";"Colisão transversal";"Com Vítimas Feridas";"Plena Noite";"Crescente";"Nublado";"Simples";"Reta;Declive";"Não";2;0;2;0;0;0;2;2;-23,60672146;-51,66597605;"SPRF-PR";"DEL09-PR";"UOP01-DEL09-PR"
384118;2021-09-17;"sexta-feira";"19:00:00";"ES";101;69,4;"SAO MATEUS";"Acessar a via sem observar a presença dos outros veículos";"Colisão transversal";"Com Vítimas Feridas";"Plena Noite";"Crescente";"Céu Claro";"Simples";"Declive";"Não";2;0;0;2;0;0;2;2;-18,73556097;-39,86069526;"SPRF-ES";"DEL04-ES";"UOP02-DEL04-ES"
384120;2021-09-17;"sexta-feira";"18:36:00";"AP";156;819;"OIAPOQUE";"Acessar a via sem observar a presença dos outros veículos";"Colisão lateral mesmo sentido";"Com Vítimas Feridas";"Plena Noite";"Decrescente";"Céu Claro";"Simples";"Reta";"Sim";2;0;1;0;1;0;1;2;3,83734807;-51,81408947;"SPRF-AP";"DEL01-AP";"UOP03-DEL01-AP"
384122;2021-09-17;"sexta-feira";"19:15:00";"PR";277;67;"SAO JOSE DOS PINHAIS";"Reação tardia ou ineficiente do condutor";"Colisão lateral mesmo sentido";"Com Vítimas Feridas";"Plena Noite";"Crescente";"Garoa/Chuvisco";"Dupla";"Reta";"Sim";2;0;1;0;1;0;1;2;-25,54511074;-49,05291088;"SPRF-PR";"DEL01-PR";"UOP01-DEL01-PR"
384123;2021-09-17;"sexta-feira";"19:15:00";"PR";369;144,6;"LONDRINA";"Animais na Pista";"Atropelamento de Animal";"Com Vítimas Feridas";"Plena Noite";"Decrescente";"Céu Claro";"Dupla";"Aclive";"Não";2;0;1;0;0;1;1;2;-23,2935252;-51,10946059;"SPRF-PR";"DEL07-PR";"UOP01-DEL07-PR"
384124;2021-09-17;"sexta-feira";"18:30:00";"ES";101;268,2;"SERRA";"Reação tardia ou ineficiente do condutor";"Colisão traseira";"Com Vítimas Feridas";"Plena Noite";"Decrescente";"Nublado";"Múltipla";"Reta";"Sim";2;0;1;0;1;0;1;2;-20,20842;-40,269405;"SPRF-ES";"DEL02-ES";"UOP01-DEL02-ES"
384125;2021-09-17;"sexta-feira";"18:42:00";"ES";101;255,3;"SERRA";"Retorno proibido";"Colisão lateral sentido oposto";"Com Vítimas Feridas";"Plena Noite";"Decrescente";"Céu Claro";"Simples";"Interseção de Vias;Reta";"Sim";3;0;1;0;1;1;1;2;-20,11487935;-40,31943619;"SPRF-ES";"DEL02-ES";"UOP01-DEL02-ES"
384126;2021-09-17;"sexta-feira";"10:10:00";"MG";50;84;"UBERLANDIA";"Ausência de reação do condutor";"Atropelamento de Pedestre";"Com Vítimas Feridas";"Pleno dia";"Decrescente";"Céu Claro";"Dupla";"Em Obras";"Não";2;0;1;0;1;0;1;2;-18,99589703;-48,21049418;"SPRF-MG";"DEL15-MG";"UOP01-DEL15-MG"
384128;2021-09-17;"sexta-feira";"18:20:00";"BA";101;543;"SAO JOSE DA VITORIA";"Ultrapassagem Indevida";"Colisão frontal";"Com Vítimas Fatais";"Plena Noite";"Decrescente";"Céu Claro";"Simples";"Reta";"Não";3;1;1;0;1;0;1;2;-15,09451498;-39,34793651;"SPRF-BA";"DEL05-BA";"UOP02-DEL05-BA"
384130;2021-09-17;"sexta-feira";"19:10:00";"PE";232;101,3;"BEZERROS";"Condutor deixou de manter distância do veículo da frente";"Colisão traseira";"Com Vítimas Feridas";"Plena Noite";"Crescente";"Céu Claro";"Dupla";"Reta";"Sim";2;0;0;1;1;0;1;2;-8,24194679;-35,75097313;"SPRF-PE";"DEL02-PE";"UOP02-DEL02PE"
384131;2021-07-27;"terça-feira";"08:50:00";"SC";101;90,1;"BARRA VELHA";"Velocidade Incompatível";"Colisão traseira";"Com Vítimas Feridas";"Pleno dia";"Crescente";"Nublado";"Dupla";"Reta";"Sim";2;0;1;0;1;0;1;2;-26,66148503;-48,68866176;"SPRF-SC";"DEL03-SC";"UOP02-DEL03-SC"
384132;2021-09-17;"sexta-feira";"16:30:00";"SC";470;206,8;"PONTE ALTA";"Velocidade Incompatível";"Capotamento";"Com Vítimas Feridas";"Pleno dia";"Crescente";"Chuva";"Simples";"Reta";"Não";3;0;2;0;1;0;2;1;-27,294376;-50,184925;"SPRF-SC";"DEL05-SC";"UOP03-DEL05-SC"
384135;2021-09-17;"sexta-feira";"17:10:00";"RS";448;2;"SAPUCAIA DO SUL";"Conversão proibida";"Colisão transversal";"Com Vítimas Feridas";"Pleno dia";"Crescente";"Chuva";"Dupla";"Reta";"Não";5;0;1;0;3;1;1;3;-29,844086;-51,192482;"SPRF-RS";"DEL01-RS";"UOP02-DEL01-RS"
384136;2021-09-17;"sexta-feira";"19:50:00";"RS";116;530,2;"CAPAO DO LEAO";"Ausência de reação do condutor";"Colisão transversal";"Com Vítimas Feridas";"Plena Noite";"Crescente";"Nublado";"Simples";"Reta";"Sim";2;0;1;0;0;1;1;2;-31,7590834;-52,43687971;"SPRF-RS";"DEL07-RS";"UOP01-DEL07-RS"
384137;2021-09-17;"sexta-feira";"18:30:00";"RJ";101;282;"ITABORAI";"Reação tardia ou ineficiente do condutor";"Colisão traseira";"Com Vítimas Feridas";"Plena Noite";"Crescente";"Céu Claro";"Dupla";"Reta";"Não";5;0;4;0;1;0;4;2;-22,7371391;-42,79664601;"SPRF-RJ";"DEL02-RJ";"UOP03-DEL02-RJ"
384138;2021-09-17;"sexta-feira";"19:30:00";"SC";280;51,8;"GUARAMIRIM";"Ingestão de álcool pelo condutor";"Saída de leito carroçável";"Sem Vítimas";"Plena Noite";"Crescente";"Chuva";"Dupla";"Em Obras";"Sim";1;0;0;0;1;0;0;1;-26,46538871;-48,95544449;"SPRF-SC";"DEL03-SC";"UOP03-DEL03-SC"
384139;2021-09-17;"sexta-feira";"19:15:00";"GO";40;73,5;"CRISTALINA";"Ausência de reação do condutor";"Colisão com objeto";"Com Vítimas Feridas";"Plena Noite";"Decrescente";"Céu Claro";"Simples";"Reta";"Não";1;0;0;1;0;0;1;1;-16,621476;-47,748846;"SPRF-DF";"DEL01-DF";"UOP02-DEL01-DF"
384140;2021-09-17;"sexta-feira";"20:00:00";"ES";262;3,7;"CARIACICA";"Acessar a via sem observar a presença dos outros veículos";"Colisão traseira";"Com Vítimas Feridas";"Plena Noite";"Crescente";"Céu Claro";"Múltipla";"Interseção de Vias";"Sim";2;0;1;0;1;0;1;2;-20,33538769;-40,37707329;"SPRF-ES";"DEL01-ES";"UOP01-DEL01-ES"
384142;2021-09-17;"sexta-feira";"18:30:00";"MG";116;591,4;"MANHUACU";"Demais falhas mecânicas ou elétricas";"Incêndio";"Sem Vítimas";"Plena Noite";"Crescente";"Nublado";"Simples";"Curva";"Não";1;0;0;0;1;0;0;1;-20,26350393;-42,14180594;"SPRF-MG";"DEL06-MG";"UOP03-DEL06-MG"