"id";"data_inversa";"dia_semana";"horario";"uf";"br";"km";"municipio";"causa_acidente";"tipo_acidente";"classificacao_acidente";"fase_dia";"sentido_via";"condicao_metereologica";"tipo_pista";"tracado_via";"uso_solo";"pessoas";"mortos";"feridos_leves";"feridos_graves";"ilesos";"ignorados";"feridos";"veiculos";"latitude";"longitude";"regional";"delegacia";"uop"
384258;2021-09-18;"sábado";"08:15:00";"SC";101;142;"ITAPEMA";"Ausência de reação do condutor";"Queda de ocupante de veículo";"Com Vítimas Feridas";"Pleno dia";"Crescente";"Nublado";"Dupla";"Curva";"Sim";2;0;1;1;0;0;2;1;-27,04761729;-48,59995855;"SPRF-SC";"DEL04-SC";"UOP03-DEL04-SC"
384259;2021-09-07;"terça-feira";"02:20:00";"SC";101;197;"BIGUACU";"Manobra de mudança de faixa";"Saída de leito carroçável";"Sem Vítimas";"Plena Noite";"Decrescente";"Garoa/Chuvisco";"Dupla";"Curva";"Sim";1;0;0;0;1;0;0;1;-27,51844497;-48,63848496;"SPRF-SC";"DEL01-SC";"UOP01-DEL01-SC"
384260;2021-09-18;"sábado";"07:30:00";"RJ";101;63;"CAMPOS DOS GOYTACAZES";"Ingestão de álcool pelo condutor";"Colisão transversal";"Com Vítimas Feridas";"Pleno dia";"Decrescente";"Céu Claro";"Simples";"Interseção de Vias";"Sim";2;0;1;0;1;0;1;2;-21,742022;-41,33021;"SPRF-RJ";"DEL08-RJ";"UOP01-DEL08-RJ"
384262;2021-09-18;"sábado";"09:00:00";"RJ";493;1,5;"ITABORAI";"Acessar a via sem observar a presença dos outros veículos";"Colisão lateral mesmo sentido";"Com Vítimas Feridas";"Pleno dia";"Crescente";"Céu Claro";"Dupla";"Retorno Regulamentado";"Sim";2;0;1;0;1;0;1;2;-22,76398788;-42,92731895;"SPRF-RJ";"DEL02-RJ";"UOP02-DEL02-RJ"
384263;2021-09-07;"terça-feira";"09:20:00";"PI";135;351,8;"BOM JESUS";"Acessar a via sem observar a presença dos outros veículos";"Colisão transversal";"Com Vítimas Feridas";"Pleno dia";"Crescente";"Sol";"Múltipla";"Reta";"Sim";3;0;0;1;2;0;1;2;-9,07627817;-44,34586005;"SPRF-PI";"DEL03-PI";"UOP02-DEL03-PI"
384264;2021-09-10;"sexta-feira";"11:55:00";"SC";101;185;"BIGUACU";"Manobra de mudança de faixa";"Colisão traseira";"Com Vítimas Feridas";"Pleno dia";"Crescente";"Céu Claro";"Dupla";"Reta";"Sim";2;0;1;0;0;1;1;2;-27,42536698;-48,62465876;"SPRF-SC";"DEL01-SC";"UOP01-DEL01-SC"
384265;2021-08-09;"segunda-feira";"01:00:00";"RJ";116;291;"PORTO REAL";"Ausência de reação do condutor";"Queda de ocupante de veículo";"Com Vítimas Feridas";"Plena Noite";"Crescente";"Céu Claro";"Dupla";"Reta";"Não";1;0;0;1;0;0;1;1;-22,47234102;-44,27715902;"SPRF-RJ";"DEL07-RJ";"UOP02-DEL07-RJ"
384268;2021-09-18;"sábado";"08:30:00";"MT";364;454,7;"VARZEA GRANDE";"Ultrapassagem Indevida";"Saída de leito carroçável";"Com Vítimas Feridas";"Pleno dia";"Crescente";"Céu Claro";"Simples";"Reta";"Não";1;0;1;0;0;0;1;1;-15,57126241;-56,25105218;"SPRF-MT";"DEL01-MT";"UOP02-DEL01-MT"
384272;2021-09-18;"sábado";"11:15:00";"GO";40;4,8;"LUZIANIA";"Reação tardia ou ineficiente do condutor";"Saída de leito carroçável";"Sem Vítimas";"Pleno dia";"Crescente";"Céu Claro";"Dupla";"Reta";"Sim";1;0;0;0;1;0;0;1;-16,085241;-47,986752;"SPRF-DF";"DEL01-DF";"UOP01-DEL01-DF"
384273;2021-09-18;"sábado";"07:30:00";"BA";101;936;"MUCURI";"Desrespeitar a preferência no cruzamento";"Colisão transversal";"Com Vítimas Feridas";"Pleno dia";"Decrescente";"Céu Claro";"Simples";"Reta";"Sim";2;0;2;0;0;0;2;2;-18,01341415;-39,8614393;"SPRF-BA";"DEL09-BA";"UOP02-DEL09-BA"
384274;2021-09-18;"sábado";"10:20:00";"MG";40;550;"NOVA LIMA";"Velocidade Incompatível";"Colisão traseira";"Sem Vítimas";"Pleno dia";"Crescente";"Céu Claro";"Dupla";"Curva";"Sim";2;0;0;0;0;2;0;2;-20,0477638;-43,96439441;"SPRF-MG";"DEL01-MG";"UOP02-DEL01-MG"
384275;2021-09-18;"sábado";"11:00:00";"SP";381;56;"MAIRIPORA";"Reação tardia ou ineficiente do condutor";"Colisão traseira";"Com Vítimas Feridas";"Pleno dia";"Crescente";"Céu Claro";"Dupla";"Reta";"Sim";2;0;1;0;1;0;1;2;-23,25907163;-46,58982662;"SPRF-SP";"DEL03-SP";"UOP01-DEL03-SP"
384276;2021-09-18;"sábado";"11:30:00";"RS";290;60,1;"GRAVATAI";"Ausência de reação do condutor";"Colisão traseira";"Com Vítimas Feridas";"Pleno dia";"Decrescente";"Céu Claro";"Múltipla";"Reta";"Sim";2;0;1;0;1;0;1;2;-29,924509;-50,858528;"SPRF-RS";"DEL03-RS";"UOP01-DEL03-RS"
384277;2021-09-18;"sábado";"11:37:00";"RS";116;263,6;"CANOAS";"Ausência de reação do condutor";"Colisão traseira";"Com Vítimas Feridas";"Pleno dia";"Decrescente";"Céu Claro";"Dupla";"Declive";"Sim";5;0;1;0;4;0;1;4;-29,90545398;-51,17674031;"SPRF-RS";"DEL01-RS";"UOP01-DEL01-RS"
384278;2021-09-18;"sábado";"11:00:00";"RS";116;304,3;"GUAIBA";"Demais falhas mecânicas ou elétricas";"Tombamento";"Com Vítimas Feridas";"Pleno dia";"Crescente";"Nublado";"Simples";"Aclive";"Sim";2;0;1;0;1;0;1;1;-30,15531808;-51,3705139;"SPRF-RS";"DEL02-RS";"UOP01-DEL02-RS"
384282;2021-09-18;"sábado";"11:45:00";"PR";369;488,9;"CORBELIA";"Ingestão de álcool pelo condutor";"Saída de leito carroçável";"Com Vítimas Feridas";"Pleno dia";"Crescente";"Sol";"Simples";"Reta";"Não";2;0;1;1;0;0;2;1;-24,71095031;-53,24251413;"SPRF-PR";"DEL04-PR";"UOP03-DEL04-PR"
384283;2021-09-18;"sábado";"11:25:00";"SC";470;139,8;"RIO DO SUL";"Pedestre cruzava a pista fora da faixa";"Atropelamento de Pedestre";"Com Vítimas Fatais";"Pleno dia";"Decrescente";"Nublado";"Simples";"Reta";"Sim";2;1;0;0;1;0;0;2;-27,20283724;-49,6347177;"SPRF-SC";"DEL04-SC";"UOP02-DEL04-SC"
384285;2021-09-18;"sábado";"11:25:00";"MT";364;405;"CUIABA";"Mal súbito do condutor";"Saída de leito carroçável";"Com Vítimas Feridas";"Pleno dia";"Crescente";"Sol";"Dupla";"Reta";"Sim";2;0;1;0;1;0;1;2;-15,65807393;-55,97979396;"SPRF-MT";"DEL01-MT";"UOP02-DEL01-MT"
384287;2021-09-18;"sábado";"07:00:00";"PI";316;10;"TERESINA";"Modificação proibida";"Tombamento";"Com Vítimas Feridas";"Pleno dia";"Crescente";"Céu Claro";"Múltipla";"Reta";"Sim";2;0;0;1;0;1;1;2;-5,18280197;-42,76350291;"SPRF-PI";"DEL01-PI";"UOP02-DEL01-PI"
384288;2021-09-18;"sábado";"10:30:00";"MS";158;113;"PARANAIBA";"Acostamento em desnível";"Saída de leito carroçável";"Com Vítimas Feridas";"Pleno dia";"Crescente";"Céu Claro";"Simples";"Reta";"Não";2;0;2;0;0;0;2;1;-19,81408595;-51,11528138;"SPRF-MS";"DEL08-MS";"UOP01-DEL08-MS"
384289;2021-09-18;"sábado";"12:59:00";"PA";10;78,5;"ULIANOPOLIS";"Acessar a via sem observar a presença dos outros veículos";"Colisão transversal";"Com Vítimas Feridas";"Pleno dia";"Crescente";"Sol";"Simples";"Reta";"Sim";3;0;1;2;0;0;3;2;-3,76491806;-47,50060976;"SPRF-PA";"DEL02-PA";"UOP02-DEL02-PA"
384290;2021-09-18;"sábado";"13:00:00";"RJ";101;276;"TANGUA";"Manobra de mudança de faixa";"Colisão traseira";"Com Vítimas Feridas";"Pleno dia";"Crescente";"Sol";"Dupla";"Reta";"Não";3;0;2;0;0;1;2;2;-22,73796393;-42,73871802;"SPRF-RJ";"DEL02-RJ";"UOP03-DEL02-RJ"
384292;2021-08-09;"segunda-feira";"11:51:00";"PR";277;381,3;"CANDOI";"Transitar no acostamento";"Atropelamento de Pedestre";"Com Vítimas Feridas";"Pleno dia";"Decrescente";"Céu Claro";"Simples";"Reta";"Não";2;0;0;1;0;1;1;2;-25,42812652;-51,79759204;"SPRF-PR";"DEL08-PR";"UOP01-DEL08-PR"
384295;2021-09-18;"sábado";"12:40:00";"TO";153;136,3;"ARAGUAINA";"Retorno proibido";"Colisão transversal";"Com Vítimas Fatais";"Pleno dia";"Decrescente";"Sol";"Dupla";"Reta";"Sim";2;1;0;0;1;0;0;2;-7,140827;-48,201573;"SPRF-TO";"DEL02-TO";"UOP01-DEL02-TO"
384297;2021-09-18;"sábado";"10:30:00";"GO";60;93;"ANAPOLIS";"Velocidade Incompatível";"Colisão com objeto";"Com Vítimas Feridas";"Pleno dia";"Decrescente";"Céu Claro";"Dupla";"Viaduto";"Sim";2;0;1;0;1;0;1;1;-16,3538;-48,9268;"SPRF-GO";"DEL02-GO";"UOP01-DEL02-GO"
384298;2021-09-18;"sábado";"13:50:00";"GO";153;427,2;"ANAPOLIS";"Avarias e/ou desgaste excessivo no pneu";"Tombamento";"Com Vítimas Feridas";"Pleno dia";"Crescente";"Céu Claro";"Dupla";"Declive;Reta";"Não";1;0;1;0;0;0;1;1;-16,229342;-49,009438;"SPRF-GO";"DEL02-GO";"UOP01-DEL02-GO"
384300;2021-09-18;"sábado";"10:50:00";"MG";356;271,4;"MURIAE";"Velocidade Incompatível";"Colisão com objeto";"Com Vítimas Feridas";"Pleno dia";"Decrescente";"Sol";"Simples";"Aclive;Curva";"Não";2;0;2;0;0;0;2;1;-21,13210421;-42,31711942;"SPRF-MG";"DEL07-MG";"UOP02-DEL07-MG"
384301;2021-09-18;"sábado";"13:30:00";"MG";381;503,2;"BETIM";"Pedestre andava na pista";"Atropelamento de Pedestre";"Com Vítimas Feridas";"Pleno dia";"Decrescente";"Sol";"Dupla";"Curva;Declive";"Sim";3;0;1;2;0;0;3;2;-20,03855134;-44,25495493;"SPRF-MG";"DEL01-MG";"UOP03-DEL01-MG"
384302;2021-09-18;"sábado";"08:00:00";"BA";101;623;"MASCOTE";"Velocidade Incompatível";"Saída de leito carroçável";"Com Vítimas Feridas";"Pleno dia";"Crescente";"Chuva";"Simples";"Curva";"Não";1;0;1;0;0;0;1;1;-15,858785;-39,520394;"SPRF-BA";"DEL05-BA";"UOP02-DEL05-BA"
384305;2021-09-18;"sábado";"13:55:00";"MG";50;171;"UBERABA";"Avarias e/ou desgaste excessivo no pneu";"Tombamento";"Com Vítimas Feridas";"Pleno dia";"Decrescente";"Sol";"Dupla";"Curva";"Sim";1;0;1;0;0;0;1;1;-19,74554892;-47,98382166;"SPRF-MG";"DEL13-MG";"UOP01-DEL13-MG"
384306;2021-09-18;"sábado";"14:30:00";"RJ";101;258;"RIO BONITO";"Reação tardia ou ineficiente do condutor";"Capotamento";"Com Vítimas Feridas";"Pleno dia";"Crescente";"Sol";"Dupla";"Reta";"Não";1;0;0;1;0;0;1;1;-22,7015937;-42,58693809;"SPRF-RJ";"DEL02-RJ";"UOP03-DEL02-RJ"
384308;2021-09-18;"sábado";"14:45:00";"SP";116;74,9;"APARECIDA";"Demais falhas mecânicas ou elétricas";"Incêndio";"Sem Vítimas";"Pleno dia";"Decrescente";"Céu Claro";"Dupla";"Reta";"Não";1;0;0;0;1;0;0;1;-22,87353809;-45,25320023;"SPRF-SP";"DEL08-SP";"UOP01-DEL08-SP"
384309;2021-09-18;"sábado";"14:30:00";"RS";116;228,4;"DOIS IRMAOS";"Acumulo de areia ou detritos sobre o pavimento";"Saída de leito carroçável";"Com Vítimas Feridas";"Pleno dia";"Decrescente";"Céu Claro";"Simples";"Curva;Aclive";"Não";2;0;2;0;0;0;2;1;-29,61103966;-51,12425074;"SPRF-RS";"DEL01-RS";"UOP02-DEL01-RS"
384311;2021-09-04;"sábado";"17:27:00";"PR";277;420,2;"CANTAGALO";"Demais falhas mecânicas ou elétricas";"Incêndio";"Sem Vítimas";"Pleno dia";"Crescente";"Nublado";"Simples";"Curva;Aclive";"Sim";5;0;0;0;5;0;0;1;-25,381637;-52,116427;"SPRF-PR";"DEL04-PR";"UOP02-DEL04-PR"
384312;2021-09-18;"sábado";"15:30:00";"PR";153;244;"TIBAGI";"Velocidade Incompatível";"Colisão frontal";"Com Vítimas Feridas";"Pleno dia";"Crescente";"Céu Claro";"Simples";"Curva";"Não";3;0;0;1;2;0;1;2;-24,80214733;-50,46893467;"SPRF-PR";"DEL03-PR";"UOP02-DEL03-PR"
384313;2021-09-18;"sábado";"14:30:00";"PR";272;369,5;"CAMPO MOURAO";"Reação tardia ou ineficiente do condutor";"Saída de leito carroçável";"Com Vítimas Feridas";"Pleno dia";"Decrescente";"Céu Claro";"Simples";"Reta";"Sim";3;0;2;1;0;0;3;1;-24,05873125;-52,41944989;"SPRF-PR";"DEL09-PR";"UOP03-DEL09-PR"
384315;2021-09-18;"sábado";"15:00:00";"MG";262;373,1;"JUATUBA";"Manobra de mudança de faixa";"Colisão lateral mesmo sentido";"Com Vítimas Feridas";"Pleno dia";"Decrescente";"Sol";"Dupla";"Reta";"Sim";2;0;1;0;1;0;1;2;-19,97429522;-44,32712508;"SPRF-MG";"DEL01-MG";"UOP03-DEL01-MG"
384316;2021-09-18;"sábado";"15:30:00";"SC";280;37,8;"ARAQUARI";"Acessar a via sem observar a presença dos outros veículos";"Colisão traseira";"Com Vítimas Feridas";"Pleno dia";"Decrescente";"Nublado";"Simples";"Reta";"Não";3;0;2;0;1;0;2;2;-26,44572892;-48,81862707;"SPRF-SC";"DEL03-SC";"UOP03-DEL03-SC"
384317;2021-09-18;"sábado";"15:50:00";"RS";116;516;"PELOTAS";"Estacionar ou parar em local proibido";"Colisão traseira";"Com Vítimas Feridas";"Pleno dia";"Decrescente";"Céu Claro";"Dupla";"Reta";"Sim";2;0;0;1;1;0;1;2;-31,67013527;-52,34055575;"SPRF-RS";"DEL07-RS";"UOP01-DEL07-RS"
384319;2021-09-18;"sábado";"14:00:00";"ES";393;3,1;"CACHOEIRO DE ITAPEMIRIM";"Ausência de reação do condutor";"Colisão lateral mesmo sentido";"Com Vítimas Feridas";"Pleno dia";"Crescente";"Céu Claro";"Simples";"Reta";"Sim";3;0;0;2;1;0;2;2;-20,82758347;-41,18252617;"SPRF-ES";"DEL03-ES";"UOP02-DEL03-ES"
384320;2021-09-18;"sábado";"16:19:00";"MG";50;69;"UBERLANDIA";"Acessar a via sem observar a presença dos outros veículos";"Colisão transversal";"Sem Vítimas";"Pleno dia";"Crescente";"Céu Claro";"Dupla";"Reta";"Sim";3;0;0;0;3;0;0;3;-18,85140204;-48,25345932;"SPRF-MG";"DEL15-MG";"UOP01-DEL15-MG"
384321;2021-09-18;"sábado";"16:10:00";"SC";101;136,9;"BALNEARIO CAMBORIU";"Ingestão de substâncias psicoativas pelo condutor";"Colisão lateral mesmo sentido";"Com Vítimas Feridas";"Pleno dia";"Crescente";"Nublado";"Dupla";"Reta";"Sim";3;0;1;0;2;0;1;2;-27,008113;-48,617245;"SPRF-SC";"DEL04-SC";"UOP03-DEL04-SC"
384322;2021-09-18;"sábado";"16:10:00";"GO";40;1,7;"VALPARAISO DE GOIAS";"Condutor deixou de manter distância do veículo da frente";"Colisão traseira";"Sem Vítimas";"Pleno dia";"Crescente";"Céu Claro";"Dupla";"Reta";"Sim";2;0;0;0;2;0;0;2;-16,058245;-47,982825;"SPRF-DF";"DEL01-DF";"UOP01-DEL01-DF"
384323;2021-09-18;"sábado";"16:30:00";"SP";381;38;"ATIBAIA";"Mal súbito do condutor";"Colisão com objeto";"Com Vítimas Feridas";"Pleno dia";"Crescente";"Céu Claro";"Dupla";"Reta";"Sim";1;0;1;0;0;0;1;1;-23,1133221;-46,57174974;"SPRF-SP";"DEL03-SP";"UOP01-DEL03-SP"
384324;2021-09-18;"sábado";"16:35:00";"SC";101;117;"ITAJAI";"Reação tardia ou ineficiente do condutor";"Colisão traseira";"Com Vítimas Feridas";"Pleno dia";"Decrescente";"Céu Claro";"Múltipla";"Reta";"Sim";3;0;1;0;2;0;1;2;-26,88747187;-48,72252969;"SPRF-SC";"DEL04-SC";"UOP04-DEL04-SC"
384325;2021-09-18;"sábado";"16:12:00";"TO";153;500;"PARAISO DO TOCANTINS";"Ultrapassagem Indevida";"Colisão frontal";"Com Vítimas Fatais";"Pleno dia";"Crescente";"Céu Claro";"Simples";"Aclive";"Não";2;1;1;0;0;0;1;2;-10,22843727;-48,87628555;"SPRF-TO";"DEL01-TO";"UOP01-DEL01-TO"
384326;2021-09-18;"sábado";"16:00:00";"SP";381;79;"SAO PAULO";"Reação tardia ou ineficiente do condutor";"Colisão traseira";"Com Vítimas Feridas";"Pleno dia";"Crescente";"Céu Claro";"Simples";"Reta";"Sim";7;0;4;0;3;0;4;2;-23,407973;-46,580728;"SPRF-SP";"DEL03-SP";"UOP01-DEL03-SP"
384328;2021-09-18;"sábado";"13:40:00";"PB";434;9,7;"JOCA CLAUDINO";"Mal súbito do condutor";"Colisão com objeto";"Com Vítimas Fatais";"Pleno dia";"Decrescente";"Céu Claro";"Simples";"Curva";"Não";1;1;0;0;0;0;0;1;-6,45567351;-38,45330319;"SPRF-PB";"DEL03-PB";"UOP03-DEL03-PB"
384329;2021-09-18;"sábado";"16:40:00";"PE";316;6;"ARARIPINA";"Conversão proibida";"Colisão frontal";"Com Vítimas Feridas";"Pleno dia";"Decrescente";"Céu Claro";"Simples";"Reta";"Não";2;0;2;0;0;0;2;2;-7,47423236;-40,61678038;"SPRF-PE";"DEL05-PE";"UOP02-DEL05-PE"
384330;2021-08-14;"sábado";"11:30:00";"MG";364;30,4;"FRUTAL";"Acessar a via sem observar a presença dos outros veículos";"Colisão transversal";"Com Vítimas Feridas";"Pleno dia";"Crescente";"Céu Claro";"Simples";"Reta";"Sim";2;0;1;0;1;0;1;2;-20,025185;-48,94096;"SPRF-MG";"DEL13-MG";"UOP02-DEL13-MG"
384331;2021-09-18;"sábado";"16:00:00";"GO";60;46,8;"ABADIANIA";"Demais Fenômenos da natureza";"Incêndio";"Sem Vítimas";"Pleno dia";"Crescente";"Céu Claro";"Dupla";"Curva";"Não";1;0;0;0;1;0;0;1;-16,1417;-48,5988;"SPRF-GO";"DEL02-GO";"UOP01-DEL02-GO"
384332;2021-09-18;"sábado";"07:00:00";"PA";316;58;"CASTANHAL";"Condutor deixou de manter distância do veículo da frente";"Colisão traseira";"Com Vítimas Feridas";"Amanhecer";"Decrescente";"Sol";"Dupla";"Reta";"Sim";2;0;1;0;0;1;1;2;-1,2998299;-47,97307488;"SPRF-PA";"DEL01-PA";"UOP01-DEL01-PA"
384333;2021-09-18;"sábado";"17:30:00";"SC";101;214,3;"PALHOCA";"Reação tardia ou ineficiente do condutor";"Colisão traseira";"Sem Vítimas";"Pleno dia";"Decrescente";"Nublado";"Múltipla";"Interseção de Vias";"Sim";2;0;0;0;2;0;0;2;-27,64728649;-48,67224455;"SPRF-SC";"DEL01-SC";"UOP02-DEL01-SC"
384334;2021-09-18;"sábado";"17:35:00";"GO";40;5;"LUZIANIA";"Acessar a via sem observar a presença dos outros veículos";"Saída de leito carroçável";"Com Vítimas Feridas";"Pleno dia";"Crescente";"Céu Claro";"Dupla";"Reta";"Sim";2;0;1;0;1;0;1;1;-16,093134;-47,982236;"SPRF-DF";"DEL01-DF";"UOP01-DEL01-DF"
384335;2021-09-18;"sábado";"17:30:00";"ES";262;96;"VENDA NOVA DO IMIGRANTE";"Velocidade Incompatível";"Saída de leito carroçável";"Com Vítimas Feridas";"Anoitecer";"Decrescente";"Céu Claro";"Simples";"Reta";"Não";1;0;0;1;0;0;1;1;-20,36362958;-41,06831395;"SPRF-ES";"DEL01-ES";"UOP02-DEL01-ES"
384336;2021-09-18;"sábado";"01:30:00";"MA";10;248;"IMPERATRIZ";"Ultrapassagem Indevida";"Colisão frontal";"Sem Vítimas";"Plena Noite";"Decrescente";"Céu Claro";"Simples";"Reta";"Sim";2;0;0;0;0;2;0;2;-5,566143;-47,449028;"SPRF-MA";"DEL04-MA";"UOP01-DEL04-MA"
384337;2021-09-18;"sábado";"18:00:00";"PE";101;127;"ESCADA";"Demais falhas na via";"Queda de ocupante de veículo";"Com Vítimas Feridas";"Plena Noite";"Decrescente";"Céu Claro";"Dupla";"Reta";"Sim";2;0;1;1;0;0;2;1;-8,37472564;-35,23663257;"SPRF-PE";"DEL01-PE";"UOP01-DEL01-PE"
384338;2021-09-18;"sábado";"18:10:00";"RJ";116;229;"PIRAI";"Ausência de reação do condutor";"Colisão transversal";"Com Vítimas Feridas";"Plena Noite";"Crescente";"Céu Claro";"Dupla";"Curva";"Sim";2;0;1;0;1;0;1;2;-22,65646622;-43,82206692;"SPRF-RJ";"DEL07-RJ";"UOP01-DEL07-RJ"
384340;2021-09-18;"sábado";"17:30:00";"MS";158;307;"TRES LAGOAS";"Avarias e/ou desgaste excessivo no pneu";"Tombamento";"Com Vítimas Feridas";"Plena Noite";"Decrescente";"Céu Claro";"Simples";"Declive";"Não";2;0;2;0;0;0;2;1;-21,00982784;-51,87667314;"SPRF-MS";"DEL07-MS";"UOP01-DEL07-MS"
384344;2021-09-18;"sábado";"16:50:00";"RS";287;525,9;"SAO BORJA";"Ausência de reação do condutor";"Saída de leito carroçável";"Com Vítimas Feridas";"Pleno dia";"Crescente";"Céu Claro";"Simples";"Curva";"Não";1;0;0;1;0;0;1;1;-28,69389502;-55,88904801;"SPRF-RS";"DEL12-RS";"UOP01-DEL12-RS"
384345;2021-09-18;"sábado";"17:40:00";"SE";235;49,9;"ITABAIANA";"Transitar na contramão";"Atropelamento de Pedestre";"Com Vítimas Feridas";"Anoitecer";"Crescente";"Céu Claro";"Simples";"Reta";"Sim";3;0;0;1;1;1;1;2;-10,716222;-37,421669;"SPRF-SE";"DEL01-SE";"UOP02-DEL01-SE"
384346;2021-09-18;"sábado";"17:40:00";"PR";163;260;"TOLEDO";"Ingestão de álcool pelo condutor";"Saída de leito carroçável";"Com Vítimas Feridas";"Pleno dia";"Decrescente";"Céu Claro";"Dupla";"Reta";"Não";1;0;1;0;0;0;1;1;-24,6606297;-53,8185818;"SPRF-PR";"DEL06-PR";"UOP02-DEL06-PR"
384350;2021-09-18;"sábado";"18:40:00";"TO";153;487,8;"PARAISO DO TOCANTINS";"Ultrapassagem Indevida";"Colisão frontal";"Com Vítimas Fatais";"Plena Noite";"Decrescente";"Céu Claro";"Simples";"Reta";"Não";2;2;0;0;0;0;0;2;-10,1095071;-48,87437183;"SPRF-TO";"DEL01-TO";"UOP01-DEL01-TO"
384352;2021-09-18;"sábado";"18:45:00";"PE";232;55;"POMBOS";"Ingestão de álcool pelo condutor";"Saída de leito carroçável";"Com Vítimas Feridas";"Plena Noite";"Decrescente";"Céu Claro";"Dupla";"Reta";"Não";3;0;0;3;0;0;3;1;-8,13255758;-35,36570027;"SPRF-PE";"DEL02-PE";"UOP02-DEL02PE"
384353;2021-09-18;"sábado";"17:45:00";"SC";470;32;"GASPAR";"Reação tardia ou ineficiente do condutor";"Colisão com objeto";"Com Vítimas Feridas";"Pleno dia";"Decrescente";"Nublado";"Simples";"Reta;Em Obras";"Não";1;0;1;0;0;0;1;1;-26,901793;-48,931812;"SPRF-SC";"DEL04-SC";"UOP01-DEL04-SC"
384354;2021-09-18;"sábado";"19:00:00";"RJ";116;47;"TERESOPOLIS";"Deixar de acionar o farol da motocicleta (ou similar)";"Colisão transversal";"Com Vítimas Feridas";"Plena Noite";"Crescente";"Céu Claro";"Simples";"Reta";"Não";2;0;0;1;1;0;1;2;-22,17103381;-42,8313391;"SPRF-RJ";"DEL04-RJ";"UOP01-DEL04-RJ"
384355;2021-09-18;"sábado";"19:40:00";"PA";163;983;"SANTAREM";"Entrada inopinada do pedestre";"Atropelamento de Pedestre";"Com Vítimas Feridas";"Plena Noite";"Crescente";"Céu Claro";"Simples";"Reta";"Não";3;0;0;1;2;0;1;2;-2,62167943;-54,73450011;"SPRF-PA";"DEL05-PA";"UOP01-DEL05-PA"
384356;2021-09-18;"sábado";"19:25:00";"SC";101;197;"BIGUACU";"Acessar a via sem observar a presença dos outros veículos";"Colisão lateral mesmo sentido";"Com Vítimas Feridas";"Plena Noite";"Crescente";"Céu Claro";"Simples";"Reta";"Não";2;0;1;0;1;0;1;2;-27,51844497;-48,63848496;"SPRF-SC";"DEL01-SC";"UOP01-DEL01-SC"
384357;2021-09-18;"sábado";"18:40:00";"MG";40;451,2;"CAETANOPOLIS";"Ingestão de álcool pelo condutor";"Saída de leito carroçável";"Sem Vítimas";"Anoitecer";"Crescente";"Céu Claro";"Dupla";"Curva";"Sim";1;0;0;0;0;1;0;1;-19,32727;-44,36433;"SPRF-MG";"DEL02-MG";"UOP01-DEL02-MG"
384358;2021-09-05;"domingo";"06:00:00";"RR";174;502;"BOA VISTA";"Ausência de reação do condutor";"Colisão traseira";"Sem Vítimas";"Amanhecer";"Decrescente";"Céu Claro";"Simples";"Reta";"Não";2;0;0;0;2;0;0;2;2,796283;-60,69837118;"SPRF-RR";"DEL01-RR";"UOP01-DEL01-RR"
384359;2021-09-18;"sábado";"17:30:00";"PR";116;21;"CAMPINA GRANDE DO SUL";"Reação tardia ou ineficiente do condutor";"Queda de ocupante de veículo";"Com Vítimas Feridas";"Pleno dia";"Crescente";"Nublado";"Dupla";"Reta";"Não";1;0;1;0;0;0;1;1;-25,1104764;-48,75592011;"SPRF-PR";"DEL01-PR";"UOP02-DEL01-PR"
384360;2021-09-18;"sábado";"19:00:00";"BA";116;29;"VITORIA DA CONQUISTA";"Animais na Pista";"Atropelamento de Animal";"Com Vítimas Feridas";"Plena Noite";"Crescente";"Céu Claro";"Simples";"Reta";"Não";4;0;1;0;2;1;1;2;-14,8395242;-40,81884384;"SPRF-BA";"DEL08-BA";"UOP01-DEL08-BA"
384361;2021-09-18;"sábado";"18:05:00";"MS";262;432;"DOIS IRMAOS DO BURITI";"Reação tardia ou ineficiente do condutor";"Saída de leito carroçável";"Com Vítimas Feridas";"Plena Noite";"Crescente";"Céu Claro";"Simples";"Reta;Aclive";"Não";1;0;0;1;0;0;1;1;-20,49195079;-55,29241607;"SPRF-MS";"DEL03-MS";"UOP01-DEL03-MS"
384362;2021-09-18;"sábado";"19:10:00";"GO";40;6;"VALPARAISO DE GOIAS";"Condutor deixou de manter distância do veículo da frente";"Colisão traseira";"Sem Vítimas";"Plena Noite";"Crescente";"Céu Claro";"Dupla";"Reta";"Sim";2;0;0;0;2;0;0;2;-16,100814;-47,977351;"SPRF-DF";"DEL01-DF";"UOP01-DEL01-DF"
384365;2021-09-18;"sábado";"20:00:00";"RJ";101;271;"RIO BONITO";"Animais na Pista";"Atropelamento de Animal";"Sem Vítimas";"Plena Noite";"Decrescente";"Céu Claro";"Dupla";"Curva";"Não";1;0;0;0;1;0;0;1;-22,72443147;-42,69368143;"SPRF-RJ";"DEL02-RJ";"UOP03-DEL02-RJ"
384366;2021-09-18;"sábado";"20:00:00";"PE";101;184,3;"PALMARES";"Velocidade Incompatível";"Colisão com objeto";"Com Vítimas Feridas";"Plena Noite";"Crescente";"Céu Claro";"Múltipla";"Reta";"Sim";3;0;3;0;0;0;3;1;-8,66602702;-35,57292197;"SPRF-PE";"DEL01-PE";"UOP01-DEL01-PE"
384367;2021-08-17;"terça-feira";"19:00:00";"ES";482;105,3;"GUACUI";"Ausência de reação do condutor";"Colisão transversal";"Com Vítimas Feridas";"Plena Noite";"Crescente";"Céu Claro";"Simples";"Interseção de Vias";"Sim";2;0;1;0;0;1;1;2;-20,777433;-41,66744;"SPRF-ES";"DEL03-ES";"UOP02-DEL03-ES"