"id";"data_inversa";"dia_semana";"horario";"uf";"br";"km";"municipio";"causa_acidente";"tipo_acidente";"classificacao_acidente";"fase_dia";"sentido_via";"condicao_metereologica";"tipo_pista";"tracado_via";"uso_solo";"pessoas";"mortos";"feridos_leves";"feridos_graves";"ilesos";"ignorados";"feridos";"veiculos";"latitude";"longitude";"regional";"delegacia";"uop"
384369;2021-09-18;"sábado";"20:00:00";"GO";153;507,6;"APARECIDA DE GOIANIA";"Ingestão de álcool pelo condutor";"Colisão com objeto";"Com Vítimas Feridas";"Plena Noite";"Decrescente";"Céu Claro";"Dupla";"Curva";"Sim";1;0;1;0;0;0;1;1;-16,7715;-49,2387;"SPRF-GO";"DEL01-GO";"UOP03-DEL01-GO"
384371;2021-09-18;"sábado";"19:00:00";"MG";365;344;"VARJAO DE MINAS";"Ingestão de álcool pelo condutor";"Colisão traseira";"Sem Vítimas";"Plena Noite";"Crescente";"Céu Claro";"Simples";"Reta";"Sim";3;0;0;0;3;0;0;2;-18,31606807;-45,981434;"SPRF-MG";"DEL10-MG";"UOP01-DEL10-MG"
384372;2021-09-18;"sábado";"20:15:00";"RJ";40;113;"DUQUE DE CAXIAS";"Ingestão de álcool pelo condutor";"Colisão com objeto";"Com Vítimas Feridas";"Plena Noite";"Decrescente";"Garoa/Chuvisco";"Dupla";"Reta";"Não";2;0;0;2;0;0;2;1;-22,70948502;-43,29040354;"SPRF-RJ";"DEL01-RJ";"UOP01-DEL01-RJ"
384373;2021-09-17;"sexta-feira";"23:00:00";"SC";282;115,7;"ALFREDO WAGNER";"Acumulo de água sobre o pavimento";"Saída de leito carroçável";"Com Vítimas Feridas";"Plena Noite";"Decrescente";"Garoa/Chuvisco";"Simples";"Curva";"Não";1;0;1;0;0;0;1;1;-27,755424;-49,39444;"SPRF-SC";"DEL01-SC";"UOP03-DEL01-SC"
384374;2021-09-18;"sábado";"19:30:00";"BA";324;580,9;"CANDEIAS";"Ingestão de álcool pelo condutor";"Colisão traseira";"Com Vítimas Feridas";"Plena Noite";"Decrescente";"Céu Claro";"Dupla";"Declive";"Não";6;0;2;0;4;0;2;2;-12,59913862;-38,50896481;"SPRF-BA";"DEL01-BA";"UOP01-DEL01-BA"
384375;2021-09-18;"sábado";"19:45:00";"MG";116;413,5;"GOVERNADOR VALADARES";"Desrespeitar a preferência no cruzamento";"Colisão transversal";"Com Vítimas Feridas";"Pleno dia";"Decrescente";"Céu Claro";"Simples";"Rotatória";"Sim";3;0;2;0;1;0;2;2;-18,873907;-41,966366;"SPRF-MG";"DEL06-MG";"UOP01-DEL06-MG"
384376;2021-09-18;"sábado";"19:40:00";"BA";101;878;"TEIXEIRA DE FREITAS";"Iluminação deficiente";"Colisão transversal";"Com Vítimas Feridas";"Plena Noite";"Crescente";"Céu Claro";"Simples";"Reta";"Sim";2;0;2;0;0;0;2;2;-17,55090602;-39,72089902;"SPRF-BA";"DEL09-BA";"UOP02-DEL09-BA"
384377;2021-07-24;"sábado";"10:00:00";"PI";343;15;"PARNAIBA";"Acessar a via sem observar a presença dos outros veículos";"Colisão transversal";"Com Vítimas Feridas";"Pleno dia";"Decrescente";"Sol";"Simples";"Reta";"Sim";2;0;0;1;1;0;1;2;-2,93659;-41,754936;"SPRF-PI";"DEL05-PI";"UOP01-DEL05-PI"
384378;2021-09-18;"sábado";"18:50:00";"PA";230;96;"SAO JOAO DO ARAGUAIA";"Velocidade Incompatível";"Tombamento";"Com Vítimas Feridas";"Plena Noite";"Crescente";"Nublado";"Simples";"Reta";"Não";2;0;0;2;0;0;2;1;-5,43271131;-48,92470626;"SPRF-PA";"DEL03-PA";"UOP01-DEL03-PA"
384379;2021-09-18;"sábado";"20:30:00";"PR";376;632,8;"SAO JOSE DOS PINHAIS";"Ingestão de álcool pelo condutor";"Colisão com objeto";"Com Vítimas Feridas";"Plena Noite";"Crescente";"Nublado";"Dupla";"Reta";"Não";3;0;3;0;0;0;3;1;-25,71305887;-49,13941456;"SPRF-PR";"DEL01-PR";"UOP04-DEL01-PR"
384380;2021-09-18;"sábado";"18:15:00";"SC";282;543;"CHAPECO";"Ultrapassagem Indevida";"Colisão frontal";"Com Vítimas Fatais";"Anoitecer";"Decrescente";"Céu Claro";"Simples";"Reta;Aclive";"Não";5;1;2;0;0;2;2;3;-26,99996;-52,715361;"SPRF-SC";"DEL07-SC";"UOP01-DEL07-SC"
384382;2021-09-18;"sábado";"21:35:00";"MG";50;174,9;"UBERABA";"Avarias e/ou desgaste excessivo no pneu";"Tombamento";"Com Vítimas Feridas";"Plena Noite";"Decrescente";"Céu Claro";"Dupla";"Curva;Aclive";"Sim";2;0;0;1;0;1;1;1;-19,770817;-47,973434;"SPRF-MG";"DEL13-MG";"UOP01-DEL13-MG"
384383;2021-09-18;"sábado";"21:10:00";"MG";50;29,8;"ARAGUARI";"Velocidade Incompatível";"Colisão com objeto";"Com Vítimas Feridas";"Plena Noite";"Decrescente";"Céu Claro";"Dupla";"Curva;Declive";"Não";1;0;1;0;0;0;1;1;-18,61550987;-48,11660731;"SPRF-MG";"DEL15-MG";"UOP02-DEL15-MG"
384384;2021-09-18;"sábado";"21:03:00";"PR";469;13,5;"FOZ DO IGUACU";"Ingestão de álcool pelo condutor";"Saída de leito carroçável";"Sem Vítimas";"Plena Noite";"Decrescente";"Céu Claro";"Simples";"Interseção de Vias";"Sim";2;0;0;0;2;0;0;1;-25,57678213;-54,5445013;"SPRF-PR";"DEL05-PR";"UOP04-DEL05-PR"
384385;2021-09-18;"sábado";"17:40:00";"MG";365;753;"ITUIUTABA";"Ingestão de álcool pelo condutor";"Colisão traseira";"Com Vítimas Feridas";"Pleno dia";"Crescente";"Céu Claro";"Simples";"Reta";"Sim";3;0;0;2;0;1;2;2;-18,95949454;-49,4713068;"SPRF-MG";"DEL15-MG";"UOP03-DEL15-MG"
384386;2021-09-18;"sábado";"20:50:00";"RS";290;170;"BUTIA";"Animais na Pista";"Saída de leito carroçável";"Com Vítimas Feridas";"Plena Noite";"Decrescente";"Céu Claro";"Simples";"Reta";"Não";1;0;1;0;0;0;1;1;-30,125158;-51,910156;"SPRF-RS";"DEL02-RS";"UOP03-DEL02-RS"
384387;2021-09-18;"sábado";"17:20:00";"RJ";101;66;"CAMPOS DOS GOYTACAZES";"Ultrapassagem Indevida";"Saída de leito carroçável";"Sem Vítimas";"Pleno dia";"Crescente";"Nublado";"Simples";"Reta";"Sim";4;0;0;0;1;3;0;3;-21,76090387;-41,34788959;"SPRF-RJ";"DEL08-RJ";"UOP02-DEL08-RJ"
384388;2021-09-18;"sábado";"20:15:00";"SC";282;222;"LAGES";"Reação tardia ou ineficiente do condutor";"Saída de leito carroçável";"Com Vítimas Feridas";"Plena Noite";"Crescente";"Céu Claro";"Dupla";"Aclive";"Sim";1;0;1;0;0;0;1;1;-27,797739;-50,353409;"SPRF-SC";"DEL05-SC";"UOP01-DEL05-SC"
384389;2021-09-18;"sábado";"22:15:00";"RN";304;35;"MOSSORO";"Acessar a via sem observar a presença dos outros veículos";"Colisão transversal";"Com Vítimas Feridas";"Plena Noite";"Crescente";"Céu Claro";"Dupla";"Reta";"Não";2;0;1;1;0;0;2;2;-5,16149497;-37,35068212;"SPRF-RN";"DEL04-RN";"UOP02-DEL04-RN"
384390;2021-09-18;"sábado";"18:35:00";"SC";282;609,2;"MARAVILHA";"Ultrapassagem Indevida";"Colisão frontal";"Com Vítimas Fatais";"Plena Noite";"Decrescente";"Céu Claro";"Simples";"Reta;Em Obras";"Não";3;1;0;0;2;0;0;2;-26,759299;-53,2252409;"SPRF-SC";"DEL07-SC";"UOP02-DEL07-SC"
384391;2021-09-18;"sábado";"21:45:00";"MS";163;490;"CAMPO GRANDE";"Ingestão de álcool pelo condutor";"Colisão lateral mesmo sentido";"Com Vítimas Feridas";"Plena Noite";"Crescente";"Céu Claro";"Dupla";"Rotatória";"Sim";3;0;1;1;1;0;2;2;-20,40017983;-54,55539878;"SPRF-MS";"DEL01-MS";"UOP02-DEL01-MS"
384393;2021-09-18;"sábado";"20:50:00";"SC";101;35,3;"JOINVILLE";"Velocidade Incompatível";"Colisão com objeto";"Com Vítimas Fatais";"Plena Noite";"Crescente";"Nublado";"Dupla";"Reta;Declive";"Sim";1;1;0;0;0;0;0;1;-26,27104913;-48,89495373;"SPRF-SC";"DEL03-SC";"UOP01-DEL03-SC"
384394;2021-09-18;"sábado";"18:35:00";"SC";280;81,5;"CORUPA";"Acessar a via sem observar a presença dos outros veículos";"Colisão transversal";"Com Vítimas Feridas";"Anoitecer";"Crescente";"Nublado";"Simples";"Reta;Interseção de Vias";"Sim";3;0;2;0;1;0;2;2;-26,44057489;-49,217056;"SPRF-SC";"DEL06-SC";"UOP03-DEL06-SC"
384397;2021-09-18;"sábado";"23:00:00";"SP";116;282;"EMBU DAS ARTES";"Reação tardia ou ineficiente do condutor";"Colisão traseira";"Com Vítimas Feridas";"Plena Noite";"Crescente";"Céu Claro";"Dupla";"Reta";"Sim";2;0;0;1;1;0;1;2;-23,68570216;-46,85970975;"SPRF-SP";"DEL04-SP";"UOP01-DEL04-SP"
384398;2021-09-18;"sábado";"22:30:00";"GO";60;164,5;"GOIANIA";"Manobra de mudança de faixa";"Colisão lateral mesmo sentido";"Sem Vítimas";"Plena Noite";"Decrescente";"Céu Claro";"Dupla";"Declive;Reta";"Sim";1;0;0;0;1;0;0;1;-16,7036;-49,342;"SPRF-GO";"DEL01-GO";"UOP02-DEL01-GO"
384399;2021-09-18;"sábado";"22:10:00";"RS";116;56,8;"VACARIA";"Ausência de sinalização";"Colisão traseira";"Sem Vítimas";"Plena Noite";"Decrescente";"Céu Claro";"Simples";"Aclive";"Não";2;0;0;0;2;0;0;2;-28,60961593;-51,04158739;"SPRF-RS";"DEL05-RS";"UOP03-DEL05-RS"
384400;2021-09-18;"sábado";"23:14:00";"RS";290;65,9;"GRAVATAI";"Reação tardia ou ineficiente do condutor";"Saída de leito carroçável";"Com Vítimas Fatais";"Plena Noite";"Crescente";"Nublado";"Dupla";"Reta";"Não";2;1;0;0;1;0;0;1;-29,943108;-50,905231;"SPRF-RS";"DEL03-RS";"UOP01-DEL03-RS"
384401;2021-09-18;"sábado";"22:45:00";"PR";476;144;"CURITIBA";"Manobra de mudança de faixa";"Saída de leito carroçável";"Com Vítimas Feridas";"Plena Noite";"Decrescente";"Céu Claro";"Dupla";"Reta";"Não";1;0;1;0;0;0;1;1;-25,542501;-49,313011;"SPRF-PR";"DEL01-PR";"UOP03-DEL01-PR"
384402;2021-09-18;"sábado";"21:30:00";"MG";267;302,9;"CAXAMBU";"Deficiência do Sistema de Iluminação/Sinalização";"Colisão traseira";"Com Vítimas Feridas";"Plena Noite";"Crescente";"Céu Claro";"Simples";"Reta";"Não";2;0;0;1;0;1;1;2;-21,95712221;-44,91126081;"SPRF-MG";"DEL17-MG";"UOP01-DEL17-MG"
384403;2021-09-18;"sábado";"22:03:00";"PE";232;409;"SERRA TALHADA";"Velocidade Incompatível";"Atropelamento de Pedestre";"Com Vítimas Feridas";"Plena Noite";"Crescente";"Céu Claro";"Simples";"Reta";"Sim";2;0;0;2;0;0;2;2;-7,981944;-38,289467;"SPRF-PE";"DEL04-PE";"UOP01-DEL04-PE"
384404;2021-09-18;"sábado";"22:10:00";"MT";174;289;"PONTES E LACERDA";"Demais falhas mecânicas ou elétricas";"Incêndio";"Sem Vítimas";"Plena Noite";"Crescente";"Céu Claro";"Simples";"Reta";"Sim";2;0;0;0;2;0;0;1;-15,22419218;-59,31889821;"SPRF-MT";"DEL04-MT";"UOP01-DEL04-MT"
384405;2021-09-18;"sábado";"22:56:00";"RS";285;232;"CIRIACO";"Velocidade Incompatível";"Saída de leito carroçável";"Com Vítimas Feridas";"Plena Noite";"Crescente";"Céu Claro";"Simples";"Curva";"Não";1;0;0;1;0;0;1;1;-28,241932;-51,807793;"SPRF-RS";"DEL08-RS";"UOP03-DEL08-RS"
384406;2021-09-18;"sábado";"21:45:00";"RS";386;219,5;"TIO HUGO";"Demais falhas mecânicas ou elétricas";"Incêndio";"Sem Vítimas";"Plena Noite";"Crescente";"Céu Claro";"Simples";"Reta";"Não";1;0;0;0;1;0;0;1;-28,610207;-52,607746;"SPRF-RS";"DEL04-RS";"UOP03-DEL04-RS"
384407;2021-09-18;"sábado";"22:00:00";"PE";232;132;"CARUARU";"Transitar na contramão";"Colisão frontal";"Sem Vítimas";"Plena Noite";"Decrescente";"Céu Claro";"Dupla";"Reta";"Não";2;0;0;0;2;0;0;2;-8,3036244;-36,00710089;"SPRF-PE";"DEL02-PE";"UOP03-DEL02-PE"
384408;2021-09-18;"sábado";"22:00:00";"DF";251;31,6;"BRASILIA";"Acessar a via sem observar a presença dos outros veículos";"Colisão frontal";"Com Vítimas Feridas";"Plena Noite";"Decrescente";"Céu Claro";"Simples";"Declive;Reta";"Não";2;0;0;1;1;0;1;2;-15,94218313;-47,76649475;"SPRF-DF";"DEL01-DF";"UOP01-DEL01-DF"
384411;2021-09-18;"sábado";"19:30:00";"MG";116;208,2;"CATUJI";"Ausência de reação do condutor";"Colisão transversal";"Com Vítimas Feridas";"Plena Noite";"Decrescente";"Céu Claro";"Simples";"Reta";"Sim";2;0;1;0;1;0;1;2;-17,308365;-41,518593;"SPRF-MG";"DEL11-MG";"UOP01-DEL11-MG"
384412;2021-09-18;"sábado";"23:45:00";"PB";104;134;"QUEIMADAS";"Animais na Pista";"Atropelamento de Animal";"Com Vítimas Feridas";"Plena Noite";"Crescente";"Céu Claro";"Simples";"Reta";"Sim";1;0;0;1;0;0;1;1;-7,32562205;-35,89657067;"SPRF-PB";"DEL02-PB";"UOP03-DEL02-PB"
384413;2021-09-19;"domingo";"00:50:00";"BA";235;352,8;"JUAZEIRO";"Ingestão de álcool pelo condutor";"Colisão lateral sentido oposto";"Sem Vítimas";"Plena Noite";"Crescente";"Céu Claro";"Simples";"Reta";"Sim";2;0;0;0;2;0;0;2;-9,42771375;-40,50452698;"SPRF-BA";"DEL04-BA";"UOP01-DEL04-BA"
384414;2021-09-18;"sábado";"19:20:00";"RO";364;120,8;"PIMENTA BUENO";"Animais na Pista";"Atropelamento de Animal";"Com Vítimas Feridas";"Plena Noite";"Decrescente";"Céu Claro";"Simples";"Reta";"Não";1;0;0;1;0;0;1;1;-12,120621;-60,739898;"SPRF-RO";"DEL02-RO";"UOP02-DEL02-RO"
384415;2021-09-18;"sábado";"23:20:00";"SC";101;292,2;"IMBITUBA";"Velocidade Incompatível";"Capotamento";"Com Vítimas Feridas";"Plena Noite";"Decrescente";"Céu Claro";"Dupla";"Reta";"Sim";1;0;0;1;0;0;1;1;-28,29220304;-48,71018095;"SPRF-SC";"DEL02-SC";"UOP03-DEL02-SC"
384417;2021-09-19;"domingo";"00:10:00";"PR";116;118;"CURITIBA";"Reação tardia ou ineficiente do condutor";"Colisão lateral mesmo sentido";"Com Vítimas Feridas";"Plena Noite";"Crescente";"Nevoeiro/Neblina";"Dupla";"Reta";"Não";5;0;1;0;4;0;1;1;-25,57263;-49,311394;"SPRF-PR";"DEL01-PR";"UOP03-DEL01-PR"
384418;2021-09-19;"domingo";"00:50:00";"PR";376;247;"APUCARANA";"Velocidade Incompatível";"Queda de ocupante de veículo";"Com Vítimas Feridas";"Plena Noite";"Crescente";"Céu Claro";"Dupla";"Reta";"Sim";1;0;0;1;0;0;1;1;-23,6165621;-51,39617026;"SPRF-PR";"DEL07-PR";"UOP02-DEL07-PR"
384421;2021-09-19;"domingo";"00:50:00";"RS";158;326;"SANTA MARIA";"Ingestão de álcool pelo condutor";"Colisão transversal";"Sem Vítimas";"Plena Noite";"Crescente";"Céu Claro";"Simples";"Interseção de Vias;Curva";"Sim";5;0;0;0;5;0;0;2;-29,7146788;-53,81333482;"SPRF-RS";"DEL09-RS";"UOP01-DEL09-RS"
384422;2021-09-19;"domingo";"02:00:00";"PR";277;672,1;"MEDIANEIRA";"Ingestão de álcool pelo condutor";"Queda de ocupante de veículo";"Com Vítimas Feridas";"Plena Noite";"Crescente";"Ignorado";"Dupla";"Interseção de Vias";"Sim";1;0;1;0;0;0;1;1;-25,28740438;-54,09701091;"SPRF-PR";"DEL05-PR";"UOP02-DEL05-PR"
384423;2021-09-18;"sábado";"23:25:00";"MG";116;484,8;"DOM CAVATI";"Acessar a via sem observar a presença dos outros veículos";"Colisão transversal";"Com Vítimas Feridas";"Plena Noite";"Crescente";"Céu Claro";"Simples";"Interseção de Vias";"Não";4;0;0;2;1;1;2;3;-19,4367023;-42,1257636;"SPRF-MG";"DEL06-MG";"UOP02-DEL06-MG"
384424;2021-09-19;"domingo";"01:00:00";"PR";376;488,6;"PONTA GROSSA";"Ingestão de álcool pelo condutor";"Saída de leito carroçável";"Sem Vítimas";"Plena Noite";"Crescente";"Céu Claro";"Dupla";"Curva";"Sim";1;0;0;0;1;0;0;1;-25,08948557;-50,19606113;"SPRF-PR";"DEL03-PR";"UOP01-DEL03-PR"
384425;2021-09-19;"domingo";"01:45:00";"SC";101;167;"TIJUCAS";"Velocidade Incompatível";"Colisão com objeto";"Sem Vítimas";"Plena Noite";"Crescente";"Nublado";"Dupla";"Reta";"Não";1;0;0;0;0;1;0;1;-27,27029501;-48,63176618;"SPRF-SC";"DEL04-SC";"UOP03-DEL04-SC"
384426;2021-09-19;"domingo";"01:00:00";"ES";101;69;"SAO MATEUS";"Condutor deixou de manter distância do veículo da frente";"Colisão traseira";"Sem Vítimas";"Plena Noite";"Crescente";"Nublado";"Simples";"Reta";"Não";2;0;0;0;2;0;0;2;-18,73556097;-39,86069526;"SPRF-ES";"DEL04-ES";"UOP02-DEL04-ES"
384429;2021-09-19;"domingo";"02:50:00";"DF";60;7;"BRASILIA";"Mal súbito do condutor";"Saída de leito carroçável";"Sem Vítimas";"Plena Noite";"Decrescente";"Céu Claro";"Dupla";"Reta";"Sim";1;0;0;0;1;0;0;1;-15,901237;-48,122334;"SPRF-DF";"DEL03-DF";"UOP01-DEL03-DF"
384430;2021-09-19;"domingo";"03:10:00";"PE";232;190;"SANHARO";"Ingestão de álcool pelo condutor";"Colisão frontal";"Com Vítimas Fatais";"Plena Noite";"Decrescente";"Céu Claro";"Simples";"Reta";"Não";2;2;0;0;0;0;0;2;-8,35625579;-36,51869702;"SPRF-PE";"DEL02-PE";"UOP03-DEL02-PE"
384431;2021-09-19;"domingo";"02:30:00";"MS";163;78;"ITAQUIRAI";"Ingestão de álcool pelo condutor";"Queda de ocupante de veículo";"Com Vítimas Feridas";"Plena Noite";"Crescente";"Céu Claro";"Dupla";"Reta";"Sim";1;0;1;0;0;0;1;1;-23,47635486;-54,18774605;"SPRF-MS";"DEL09-MS";"UOP01-DEL09-MS"
384432;2021-09-18;"sábado";"23:50:00";"MT";364;290;"JACIARA";"Condutor Dormindo";"Saída de leito carroçável";"Com Vítimas Feridas";"Pleno dia";"Crescente";"Céu Claro";"Simples";"Curva";"Não";1;0;0;1;0;0;1;1;-15,90475053;-55,09158825;"SPRF-MT";"DEL05-MT";"UOP02-DEL05-MT"
384434;2021-09-19;"domingo";"00:30:00";"MT";364;0,6;"ALTO ARAGUAIA";"Acessar a via sem observar a presença dos outros veículos";"Colisão transversal";"Com Vítimas Feridas";"Plena Noite";"Decrescente";"Céu Claro";"Dupla";"Reta";"Sim";2;0;1;0;1;0;1;2;-17,31227325;-53,21828343;"SPRF-MT";"DEL02-MT";"UOP02-DEL02-MT"
384435;2021-09-19;"domingo";"01:10:00";"SC";282;564;"NOVA ERECHIM";"Velocidade Incompatível";"Saída de leito carroçável";"Com Vítimas Feridas";"Plena Noite";"Decrescente";"Nevoeiro/Neblina";"Simples";"Em Obras;Retorno Regulamentado";"Não";1;0;1;0;0;0;1;1;-26,898739;-52,877975;"SPRF-SC";"DEL07-SC";"UOP02-DEL07-SC"
384436;2021-09-19;"domingo";"03:30:00";"SP";116;284;"ITAPECERICA DA SERRA";"Velocidade Incompatível";"Colisão traseira";"Com Vítimas Feridas";"Plena Noite";"Crescente";"Céu Claro";"Dupla";"Reta";"Sim";8;0;3;0;5;0;3;3;-23,69998;-46,867767;"SPRF-SP";"DEL04-SP";"UOP01-DEL04-SP"
384437;2021-05-14;"sexta-feira";"06:53:00";"DF";70;14;"BRASILIA";"Ausência de reação do condutor";"Colisão lateral mesmo sentido";"Com Vítimas Feridas";"Pleno dia";"Decrescente";"Céu Claro";"Dupla";"Reta";"Sim";3;0;1;0;2;0;1;3;-15,797312;-48,176056;"SPRF-DF";"DEL03-DF";"UOP02-DEL03-DF"
384439;2021-09-19;"domingo";"02:20:00";"PR";369;172,5;"ROLANDIA";"Acessar a via sem observar a presença dos outros veículos";"Colisão lateral mesmo sentido";"Com Vítimas Feridas";"Plena Noite";"Crescente";"Céu Claro";"Simples";"Reta";"Sim";3;0;0;1;2;0;1;2;-23,306922;-51,36528;"SPRF-PR";"DEL07-PR";"UOP01-DEL07-PR"
384440;2021-09-19;"domingo";"03:45:00";"CE";222;209,7;"FORQUILHA";"Demais falhas mecânicas ou elétricas";"Incêndio";"Sem Vítimas";"Amanhecer";"Crescente";"Céu Claro";"Simples";"Reta";"Sim";1;0;0;0;0;1;0;1;-3,79796009;-40,25863302;"SPRF-CE";"DEL04-CE";"UOP01-DEL04-CE"
384441;2021-09-19;"domingo";"03:40:00";"ES";101;146,7;"LINHARES";"Reação tardia ou ineficiente do condutor";"Colisão traseira";"Com Vítimas Feridas";"Amanhecer";"Decrescente";"Céu Claro";"Múltipla";"Interseção de Vias";"Sim";4;0;2;0;1;1;2;3;-19,36990998;-40,06560718;"SPRF-ES";"DEL04-ES";"UOP01-DEL04-ES"
384442;2021-09-19;"domingo";"04:25:00";"PR";369;155;"LONDRINA";"Ingestão de álcool pelo condutor";"Colisão com objeto";"Sem Vítimas";"Plena Noite";"Decrescente";"Céu Claro";"Dupla";"Reta;Retorno Regulamentado";"Sim";1;0;0;0;1;0;0;1;-23,29566357;-51,20833755;"SPRF-PR";"DEL07-PR";"UOP01-DEL07-PR"
384443;2021-09-19;"domingo";"05:00:00";"SP";116;53;"LORENA";"Ingestão de álcool pelo condutor";"Colisão lateral mesmo sentido";"Sem Vítimas";"Plena Noite";"Decrescente";"Céu Claro";"Dupla";"Reta";"Não";3;0;0;0;3;0;0;3;-22,75255433;-45,10741076;"SPRF-SP";"DEL08-SP";"UOP02-DEL08-SP"
384444;2021-09-18;"sábado";"23:30:00";"MA";135;7,6;"SAO LUIS";"Pista Escorregadia";"Saída de leito carroçável";"Com Vítimas Feridas";"Plena Noite";"Crescente";"Céu Claro";"Dupla";"Declive;Curva";"Não";2;0;2;0;0;0;2;1;-2,61361531;-44,32134129;"SPRF-MA";"DEL01-MA";"UOP01-DEL01-MA"
384445;2021-09-19;"domingo";"04:20:00";"MG";40;41,4;"PARACATU";"Transitar na contramão";"Colisão frontal";"Com Vítimas Feridas";"Plena Noite";"Decrescente";"Céu Claro";"Simples";"Curva";"Sim";4;0;2;2;0;0;4;2;-17,21271307;-46,87295209;"SPRF-MG";"DEL14-MG";"UOP01-DEL14-MG"
384446;2021-09-19;"domingo";"04:47:00";"RO";364;239,6;"CACOAL";"Ultrapassagem Indevida";"Colisão frontal";"Com Vítimas Feridas";"Plena Noite";"Crescente";"Nublado";"Simples";"Curva";"Sim";2;0;0;1;1;0;1;2;-11,433795;-61,467912;"SPRF-RO";"DEL02-RO";"UOP02-DEL02-RO"
384447;2021-09-19;"domingo";"04:40:00";"PR";116;4,9;"QUATRO BARRAS";"Transitar na contramão";"Colisão frontal";"Sem Vítimas";"Plena Noite";"Decrescente";"Nevoeiro/Neblina";"Dupla";"Retorno Regulamentado";"Sim";2;0;0;0;1;1;0;2;-25,36380472;-49,08403873;"SPRF-PR";"DEL01-PR";"UOP02-DEL01-PR"
384448;2021-09-19;"domingo";"02:00:00";"PR";277;722;"FOZ DO IGUACU";"Ingestão de álcool pelo condutor";"Colisão traseira";"Com Vítimas Feridas";"Plena Noite";"Decrescente";"Céu Claro";"Dupla";"Reta";"Sim";4;0;2;0;2;0;2;2;-25,49494908;-54,52095097;"SPRF-PR";"DEL05-PR";"UOP03-DEL05-PR"
384449;2021-09-18;"sábado";"23:30:00";"RJ";393;106;"SAPUCAIA";"Ausência de reação do condutor";"Colisão frontal";"Com Vítimas Feridas";"Plena Noite";"Crescente";"Céu Claro";"Simples";"Reta";"Sim";2;0;0;1;1;0;1;2;-21,87764485;-42,67025797;"SPRF-RJ";"DEL05-RJ";"UOP01-DEL05-RJ"
384450;2021-09-19;"domingo";"04:30:00";"GO";153;492;"GOIANIA";"Ausência de reação do condutor";"Capotamento";"Com Vítimas Feridas";"Plena Noite";"Crescente";"Céu Claro";"Dupla";"Reta";"Sim";1;0;1;0;0;0;1;1;-16,6461;-49,2114;"SPRF-GO";"DEL01-GO";"UOP01-DEL01-GO"
384453;2021-09-19;"domingo";"04:40:00";"MS";163;354,3;"NOVA ALVORADA DO SUL";"Ingestão de álcool pelo condutor";"Capotamento";"Com Vítimas Feridas";"Amanhecer";"Decrescente";"Ignorado";"Simples";"Reta";"Não";3;0;3;0;0;0;3;1;-21,5590991;-54,41671273;"SPRF-MS";"DEL02-MS";"UOP01-DEL02-MS"
384455;2021-09-19;"domingo";"02:00:00";"GO";70;354;"JUSSARA";"Ausência de reação do condutor";"Saída de leito carroçável";"Com Vítimas Feridas";"Plena Noite";"Crescente";"Céu Claro";"Simples";"Reta";"Não";3;0;3;0;0;0;3;1;-15,9342;-51,1764;"SPRF-GO";"DEL04-GO";"UOP01-DEL04-GO"
384456;2021-09-19;"domingo";"06:00:00";"PR";476;153;"ARAUCARIA";"Condutor Dormindo";"Saída de leito carroçável";"Sem Vítimas";"Amanhecer";"Crescente";"Nevoeiro/Neblina";"Dupla";"Reta";"Sim";1;0;0;0;1;0;0;1;-25,577307;-49,392338;"SPRF-PR";"DEL01-PR";"UOP03-DEL01-PR"
384457;2021-09-19;"domingo";"04:50:00";"RS";386;37,8;"FREDERICO WESTPHALEN";"Transitar na contramão";"Colisão frontal";"Sem Vítimas";"Plena Noite";"Crescente";"Céu Claro";"Simples";"Reta";"Sim";2;0;0;0;2;0;0;2;-27,382351;-53,399605;"SPRF-RS";"DEL08-RS";"UOP02-DEL08-RS"
384458;2021-09-18;"sábado";"19:00:00";"BA";135;187;"BARREIRAS";"Ausência de reação do condutor";"Colisão traseira";"Com Vítimas Fatais";"Plena Noite";"Decrescente";"Céu Claro";"Simples";"Reta";"Não";2;1;0;0;0;1;0;2;-12,211031;-45,01725;"SPRF-BA";"DEL10-BA";"UOP01-DEL10-BA"
384461;2021-09-19;"domingo";"06:22:00";"RS";153;51,8;"ERECHIM";"Velocidade Incompatível";"Tombamento";"Com Vítimas Feridas";"Amanhecer";"Crescente";"Nevoeiro/Neblina";"Simples";"Aclive";"Sim";1;0;1;0;0;0;1;1;-27,66024898;-52,28414106;"SPRF-RS";"DEL08-RS";"UOP04-DEL08-RS"
384462;2021-09-19;"domingo";"05:10:00";"GO";50;102;"CRISTALINA";"Velocidade Incompatível";"Saída de leito carroçável";"Com Vítimas Feridas";"Amanhecer";"Crescente";"Céu Claro";"Dupla";"Reta";"Não";1;0;1;0;0;0;1;1;-16,9309;-47,7117;"SPRF-DF";"DEL01-DF";"UOP02-DEL01-DF"
384463;2021-09-19;"domingo";"06:20:00";"GO";153;496;"GOIANIA";"Ausência de reação do condutor";"Queda de ocupante de veículo";"Com Vítimas Feridas";"Amanhecer";"Decrescente";"Céu Claro";"Dupla";"Reta";"Sim";1;0;1;0;0;0;1;1;-16,6776;-49,2314;"SPRF-GO";"DEL01-GO";"UOP01-DEL01-GO"