"id";"data_inversa";"dia_semana";"horario";"uf";"br";"km";"municipio";"causa_acidente";"tipo_acidente";"classificacao_acidente";"fase_dia";"sentido_via";"condicao_metereologica";"tipo_pista";"tracado_via";"uso_solo";"pessoas";"mortos";"feridos_leves";"feridos_graves";"ilesos";"ignorados";"feridos";"veiculos";"latitude";"longitude";"regional";"delegacia";"uop"
384464;2021-09-19;"domingo";"06:43:00";"PR";373;172,3;"PONTA GROSSA";"Demais falhas mecânicas ou elétricas";"Incêndio";"Sem Vítimas";"Pleno dia";"Crescente";"Céu Claro";"Simples";"Reta";"Sim";1;0;0;0;1;0;0;1;-25,08139932;-50,19200981;"SPRF-PR";"DEL03-PR";"UOP01-DEL03-PR"
384465;2021-09-19;"domingo";"07:30:00";"RS";386;349,5;"LAJEADO";"Ausência de reação do condutor";"Colisão traseira";"Sem Vítimas";"Pleno dia";"Crescente";"Nublado";"Dupla";"Ponte";"Sim";2;0;0;0;2;0;0;2;-29,465483;-51,95509;"SPRF-RS";"DEL04-RS";"UOP02-DEL04-RS"
384466;2021-09-19;"domingo";"07:21:00";"TO";242;435;"FORMOSO DO ARAGUAIA";"Condutor Dormindo";"Saída de leito carroçável";"Com Vítimas Feridas";"Pleno dia";"Crescente";"Céu Claro";"Simples";"Reta";"Não";2;0;1;1;0;0;2;1;-11,87543623;-49,39290414;"SPRF-TO";"DEL01-TO";"UOP02-DEL01-TO"
384468;2021-09-19;"domingo";"07:00:00";"MG";381;831;"SAO SEBASTIAO DA BELA VISTA";"Ausência de reação do condutor";"Saída de leito carroçável";"Sem Vítimas";"Pleno dia";"Crescente";"Céu Claro";"Dupla";"Retorno Regulamentado";"Não";1;0;0;0;1;0;0;1;-22,14509897;-45,81876904;"SPRF-MG";"DEL16-MG";"UOP01-DEL16-MG"
384470;2021-09-19;"domingo";"07:50:00";"RS";290;75;"GRAVATAI";"Ingestão de álcool e/ou substâncias psicoativas pelo pedestre";"Colisão com objeto";"Sem Vítimas";"Pleno dia";"Decrescente";"Nublado";"Simples";"Curva";"Não";1;0;0;0;1;0;0;1;-29,95521;-51,006855;"SPRF-RS";"DEL01-RS";"UOP01-DEL01-RS"
384472;2021-09-19;"domingo";"07:30:00";"SP";116;279;"EMBU DAS ARTES";"Ausência de reação do condutor";"Colisão traseira";"Com Vítimas Feridas";"Pleno dia";"Crescente";"Céu Claro";"Dupla";"Reta";"Sim";5;0;1;0;4;0;1;3;-23,66233697;-46,85292907;"SPRF-SP";"DEL04-SP";"UOP01-DEL04-SP"
384476;2021-09-19;"domingo";"07:00:00";"ES";262;39;"DOMINGOS MARTINS";"Velocidade Incompatível";"Tombamento";"Com Vítimas Feridas";"Pleno dia";"Crescente";"Céu Claro";"Simples";"Reta;Em Obras";"Não";1;0;0;1;0;0;1;1;-20,3802679;-40,63000864;"SPRF-ES";"DEL01-ES";"UOP01-DEL01-ES"
384477;2021-09-19;"domingo";"08:00:00";"MG";40;618,2;"CONGONHAS";"Velocidade Incompatível";"Saída de leito carroçável";"Com Vítimas Feridas";"Pleno dia";"Decrescente";"Céu Claro";"Simples";"Curva";"Não";1;0;1;0;0;0;1;1;-20,5615888;-43,81227278;"SPRF-MG";"DEL05-MG";"UOP02-DEL05-MG"
384478;2021-09-19;"domingo";"07:50:00";"MG";381;5;"BETIM";"Condutor deixou de manter distância do veículo da frente";"Colisão traseira";"Com Vítimas Feridas";"Pleno dia";"Crescente";"Céu Claro";"Dupla";"Reta";"Não";2;0;1;0;1;0;1;2;-19,96825;-44,198708;"SPRF-MG";"DEL01-MG";"UOP03-DEL01-MG"
384479;2021-09-19;"domingo";"09:10:00";"MG";365;405,9;"PATOS DE MINAS";"Velocidade Incompatível";"Saída de leito carroçável";"Com Vítimas Feridas";"Pleno dia";"Crescente";"Céu Claro";"Simples";"Curva";"Não";2;0;0;1;0;1;1;2;-18,63548589;-46,48266962;"SPRF-MG";"DEL10-MG";"UOP01-DEL10-MG"
384480;2021-09-19;"domingo";"07:10:00";"PE";232;452;"SAO JOSE DO BELMONTE";"Condutor Dormindo";"Saída de leito carroçável";"Com Vítimas Feridas";"Pleno dia";"Decrescente";"Céu Claro";"Simples";"Reta";"Não";5;0;3;2;0;0;5;1;-7,98931631;-38,65122981;"SPRF-PE";"DEL04-PE";"UOP01-DEL04-PE"
384484;2021-09-19;"domingo";"09:10:00";"MG";40;570;"NOVA LIMA";"Avarias e/ou desgaste excessivo no pneu";"Queda de ocupante de veículo";"Com Vítimas Feridas";"Pleno dia";"Decrescente";"Céu Claro";"Simples";"Aclive";"Não";1;0;1;0;0;0;1;1;-20,21286706;-43,97263241;"SPRF-MG";"DEL01-MG";"UOP02-DEL01-MG"
384485;2021-09-19;"domingo";"04:10:00";"RO";421;12;"ARIQUEMES";"Ingestão de álcool pelo condutor";"Saída de leito carroçável";"Com Vítimas Feridas";"Plena Noite";"Crescente";"Céu Claro";"Simples";"Reta";"Não";1;0;1;0;0;0;1;1;-9,983749;-63,137119;"SPRF-RO";"DEL03-RO";"UOP01-DEL03-RO"
384486;2021-09-19;"domingo";"08:30:00";"MS";376;24;"FATIMA DO SUL";"Acessar a via sem observar a presença dos outros veículos";"Colisão lateral mesmo sentido";"Com Vítimas Feridas";"Pleno dia";"Crescente";"Céu Claro";"Simples";"Reta";"Não";2;0;1;0;0;1;1;2;-22,35648697;-54,54831296;"SPRF-MS";"DEL04-MS";"UOP04-DEL04-MS"
384487;2021-09-19;"domingo";"09:30:00";"AL";104;69,9;"MURICI";"Ingestão de álcool pelo condutor";"Colisão traseira";"Com Vítimas Feridas";"Pleno dia";"Decrescente";"Céu Claro";"Simples";"Curva";"Não";2;0;0;1;1;0;1;2;-9,35646027;-35,87105819;"SPRF-AL";"DEL01-AL";"UOP02-DEL01-AL"
384488;2021-09-19;"domingo";"10:05:00";"SC";101;66,7;"ARAQUARI";"Condutor deixou de manter distância do veículo da frente";"Colisão lateral mesmo sentido";"Com Vítimas Feridas";"Pleno dia";"Decrescente";"Nublado";"Dupla";"Reta";"Não";3;0;1;0;2;0;1;2;-26,478474;-48,73863;"SPRF-SC";"DEL03-SC";"UOP02-DEL03-SC"
384489;2021-09-19;"domingo";"10:20:00";"SC";101;135;"BALNEARIO CAMBORIU";"Reação tardia ou ineficiente do condutor";"Colisão transversal";"Com Vítimas Feridas";"Pleno dia";"Crescente";"Nublado";"Múltipla";"Curva";"Sim";2;0;2;0;0;0;2;2;-27,0050108;-48,62677494;"SPRF-SC";"DEL04-SC";"UOP03-DEL04-SC"
384490;2021-09-19;"domingo";"10:50:00";"ES";101;56,6;"SAO MATEUS";"Avarias e/ou desgaste excessivo no pneu";"Queda de ocupante de veículo";"Com Vítimas Feridas";"Pleno dia";"Crescente";"Sol";"Simples";"Reta";"Não";2;0;2;0;0;0;2;1;-18,63807206;-39,87666322;"SPRF-ES";"DEL04-ES";"UOP02-DEL04-ES"
384491;2021-09-19;"domingo";"06:30:00";"MG";364;9,7;"FRUTAL";"Ausência de reação do condutor";"Saída de leito carroçável";"Com Vítimas Feridas";"Pleno dia";"Decrescente";"Nublado";"Simples";"Declive";"Não";1;0;1;0;0;0;1;1;-20,095947;-48,746772;"SPRF-MG";"DEL13-MG";"UOP02-DEL13-MG"
384494;2021-09-19;"domingo";"11:00:00";"BA";324;547,6;"AMELIA RODRIGUES";"Manobra de mudança de faixa";"Colisão traseira";"Sem Vítimas";"Pleno dia";"Crescente";"Céu Claro";"Dupla";"Reta";"Não";2;0;0;0;2;0;0;2;-12,42109386;-38,74516692;"SPRF-BA";"DEL01-BA";"UOP03-DEL01-BA"
384496;2021-09-19;"domingo";"09:30:00";"PI";316;150;"ELESBAO VELOSO";"Avarias e/ou desgaste excessivo no pneu";"Colisão com objeto";"Com Vítimas Feridas";"Pleno dia";"Crescente";"Céu Claro";"Simples";"Reta";"Não";2;0;1;1;0;0;2;1;-6,11993328;-42,16321429;"SPRF-PI";"DEL04-PI";"UOP02-DEL04-PI"
384497;2021-09-19;"domingo";"12:00:00";"ES";101;299,9;"VIANA";"Demais falhas mecânicas ou elétricas";"Tombamento";"Com Vítimas Feridas";"Pleno dia";"Decrescente";"Sol";"Dupla";"Reta";"Não";2;0;1;0;1;0;1;1;-20,36885119;-40,44381835;"SPRF-ES";"DEL01-ES";"UOP01-DEL01-ES"
384498;2021-09-19;"domingo";"09:00:00";"AC";364;99;"SENADOR GUIOMARD";"Velocidade Incompatível";"Queda de ocupante de veículo";"Com Vítimas Feridas";"Pleno dia";"Decrescente";"Céu Claro";"Dupla";"Rotatória";"Não";2;0;2;0;0;0;2;1;-10,06854519;-67,58357633;"SPRF-AC";"DEL01-AC";"UOP01-DEL01-AC"
384499;2021-09-19;"domingo";"11:20:00";"PR";277;105;"CAMPO LARGO";"Manobra de mudança de faixa";"Colisão traseira";"Com Vítimas Feridas";"Pleno dia";"Decrescente";"Céu Claro";"Dupla";"Curva";"Não";2;0;1;1;0;0;2;1;-25,48824692;-49,34581481;"SPRF-PR";"DEL01-PR";"UOP03-DEL03-PR"
384500;2021-09-19;"domingo";"11:20:00";"MG";40;812,2;"MATIAS BARBOSA";"Reação tardia ou ineficiente do condutor";"Colisão com objeto";"Com Vítimas Feridas";"Pleno dia";"Decrescente";"Céu Claro";"Dupla";"Curva";"Não";3;0;1;1;0;1;2;2;-21,881958;-43,329433;"SPRF-MG";"DEL05-MG";"UOP01-DEL05-MG"
384501;2021-09-19;"domingo";"12:00:00";"PR";116;115;"CURITIBA";"Pedestre cruzava a pista fora da faixa";"Atropelamento de Pedestre";"Com Vítimas Feridas";"Pleno dia";"Decrescente";"Céu Claro";"Dupla";"Viaduto";"Sim";2;0;0;1;1;0;1;2;-25,55953326;-49,26560414;"SPRF-PR";"DEL01-PR";"UOP01-DEL01-PR"
384502;2021-09-19;"domingo";"12:15:00";"PB";104;138,9;"QUEIMADAS";"Ingestão de álcool pelo condutor";"Colisão com objeto";"Com Vítimas Feridas";"Pleno dia";"Crescente";"Céu Claro";"Simples";"Reta";"Sim";1;0;0;1;0;0;1;1;-7,36240302;-35,90252638;"SPRF-PB";"DEL02-PB";"UOP03-DEL02-PB"
384505;2021-09-19;"domingo";"11:50:00";"MA";135;264,5;"PERITORO";"Pista esburacada";"Eventos atípicos";"Com Vítimas Fatais";"Pleno dia";"Decrescente";"Céu Claro";"Simples";"Reta";"Não";3;1;0;0;2;0;0;3;-4,36716;-44,3465536;"SPRF-MA";"DEL03-MA";"UOP01-DEL03-MA"
384507;2021-09-19;"domingo";"11:30:00";"PR";163;86,9;"CAPANEMA";"Acessar a via sem observar a presença dos outros veículos";"Colisão transversal";"Com Vítimas Feridas";"Pleno dia";"Decrescente";"Sol";"Simples";"Reta";"Sim";2;0;0;1;1;0;1;2;-25,716186;-53,77784798;"SPRF-PR";"DEL02-PR";"UOP02-DEL02-PR"
384509;2021-09-19;"domingo";"11:15:00";"SC";101;393,1;"CRICIUMA";"Ingestão de substâncias psicoativas pelo condutor";"Colisão com objeto";"Com Vítimas Feridas";"Pleno dia";"Decrescente";"Nublado";"Dupla";"Reta";"Não";1;0;0;1;0;0;1;1;-28,81971035;-49,39727783;"SPRF-SC";"DEL02-SC";"UOP02-DEL02-SC"
384511;2021-09-19;"domingo";"13:40:00";"ES";101;195;"ARACRUZ";"Acessar a via sem observar a presença dos outros veículos";"Colisão transversal";"Com Vítimas Feridas";"Pleno dia";"Crescente";"Céu Claro";"Simples";"Reta;Aclive";"Não";6;0;2;0;4;0;2;2;-19,70198612;-40,32193499;"SPRF-ES";"DEL04-ES";"UOP01-DEL04-ES"
384513;2021-09-19;"domingo";"02:00:00";"SC";470;161,9;"TROMBUDO CENTRAL";"Velocidade Incompatível";"Saída de leito carroçável";"Com Vítimas Feridas";"Plena Noite";"Decrescente";"Nublado";"Simples";"Curva";"Não";1;0;0;1;0;0;1;1;-27,28682427;-49,79647636;"SPRF-SC";"DEL04-SC";"UOP02-DEL04-SC"
384514;2021-09-19;"domingo";"14:30:00";"PE";101;49,9;"ABREU E LIMA";"Condutor Dormindo";"Saída de leito carroçável";"Com Vítimas Feridas";"Pleno dia";"Decrescente";"Céu Claro";"Dupla";"Reta";"Sim";2;0;1;0;1;0;1;2;-7,9005152;-34,90180641;"SPRF-PE";"DEL01-PE";"UOP02-DEL01-PE"
384517;2021-09-19;"domingo";"11:50:00";"MS";463;104;"PONTA PORA";"Curva acentuada";"Saída de leito carroçável";"Com Vítimas Feridas";"Pleno dia";"Crescente";"Céu Claro";"Simples";"Curva";"Não";1;0;1;0;0;0;1;1;-22,60782925;-55,65013213;"SPRF-MS";"DEL04-MS";"UOP03-DEL04-MS"
384520;2021-09-19;"domingo";"14:12:00";"PR";277;18,7;"PARANAGUA";"Condutor deixou de manter distância do veículo da frente";"Saída de leito carroçável";"Com Vítimas Feridas";"Pleno dia";"Crescente";"Nublado";"Dupla";"Reta";"Não";4;0;1;0;3;0;1;1;-25,54778486;-48,67595673;"SPRF-PR";"DEL01-PR";"UOP05-DEL01-PR"
384521;2021-09-19;"domingo";"14:55:00";"RJ";101;322;"NITEROI";"Ausência de reação do condutor";"Engavetamento";"Sem Vítimas";"Pleno dia";"Decrescente";"Céu Claro";"Dupla";"Reta";"Não";3;0;0;0;3;0;0;3;-22,87779632;-43,11582327;"SPRF-RJ";"DEL02-RJ";"UOP02-DEL02-RJ"
384522;2021-08-14;"sábado";"19:50:00";"RJ";393;106;"SAPUCAIA";"Condutor deixou de manter distância do veículo da frente";"Colisão traseira";"Com Vítimas Feridas";"Plena Noite";"Crescente";"Nublado";"Simples";"Reta";"Sim";3;0;1;1;1;0;2;2;-21,87764485;-42,67025797;"SPRF-RJ";"DEL05-RJ";"UOP01-DEL05-RJ"
384525;2021-09-19;"domingo";"13:30:00";"MS";163;475;"CAMPO GRANDE";"Reação tardia ou ineficiente do condutor";"Tombamento";"Com Vítimas Feridas";"Pleno dia";"Crescente";"Céu Claro";"Simples";"Reta";"Sim";1;0;1;0;0;0;1;1;-20,51838231;-54,56658567;"SPRF-MS";"DEL01-MS";"UOP01-DEL01-MS"
384526;2021-09-19;"domingo";"15:15:00";"DF";20;56,5;"BRASILIA";"Ultrapassagem Indevida";"Saída de leito carroçável";"Com Vítimas Feridas";"Pleno dia";"Decrescente";"Céu Claro";"Simples";"Curva";"Não";3;0;1;0;2;0;1;1;-15,583027;-47,367081;"SPRF-DF";"DEL02-DF";"UOP01-DEL02-DF"
384527;2021-09-19;"domingo";"04:20:00";"PA";316;22;"BENEVIDES";"Ausência de reação do condutor";"Colisão lateral mesmo sentido";"Sem Vítimas";"Amanhecer";"Decrescente";"Céu Claro";"Dupla";"Reta";"Sim";2;0;0;0;1;1;0;2;-1,349334;-48,254221;"SPRF-PA";"DEL01-PA";"UOP01-DEL01-PA"
384528;2021-09-19;"domingo";"15:37:00";"PE";101;49;"ABREU E LIMA";"Estacionar ou parar em local proibido";"Colisão traseira";"Com Vítimas Feridas";"Pleno dia";"Crescente";"Céu Claro";"Múltipla";"Curva";"Sim";2;0;1;0;0;1;1;2;-7,9005152;-34,90180641;"SPRF-PE";"DEL01-PE";"UOP02-DEL01-PE"
384530;2021-09-19;"domingo";"14:00:00";"RS";158;245,8;"JULIO DE CASTILHOS";"Reação tardia ou ineficiente do condutor";"Saída de leito carroçável";"Com Vítimas Feridas";"Pleno dia";"Decrescente";"Sol";"Simples";"Reta";"Não";5;0;4;1;0;0;5;1;-29,07994;-53,64944;"SPRF-RS";"DEL10-RS";"UOP02-DEL10-RS"
384531;2021-09-19;"domingo";"14:50:00";"MG";381;402,5;"BOM JESUS DO AMPARO";"Transitar na contramão";"Colisão frontal";"Com Vítimas Feridas";"Pleno dia";"Crescente";"Céu Claro";"Simples";"Rotatória";"Não";2;0;0;1;1;0;1;2;-19,75364097;-43,52827802;"SPRF-MG";"DEL01-MG";"UOP01-DEL01-MG"
384532;2021-09-19;"domingo";"16:15:00";"SE";235;56,8;"ITABAIANA";"Velocidade Incompatível";"Tombamento";"Com Vítimas Feridas";"Pleno dia";"Crescente";"Céu Claro";"Simples";"Reta";"Sim";2;0;1;1;0;0;2;1;-10,658644;-37,448425;"SPRF-SE";"DEL01-SE";"UOP02-DEL01-SE"
384534;2021-09-19;"domingo";"12:50:00";"MG";381;248;"SANTANA DO PARAISO";"Acessar a via sem observar a presença dos outros veículos";"Colisão transversal";"Com Vítimas Feridas";"Pleno dia";"Crescente";"Céu Claro";"Simples";"Reta";"Não";2;0;1;0;1;0;1;2;-19,47088645;-42,53935557;"SPRF-MG";"DEL06-MG";"UOP01-DEL06-MG"
384536;2021-09-19;"domingo";"16:28:00";"GO";70;291;"ITAPIRAPUA";"Ingestão de álcool pelo condutor";"Tombamento";"Com Vítimas Feridas";"Pleno dia";"Decrescente";"Céu Claro";"Simples";"Reta";"Sim";1;0;1;0;0;0;1;1;-15,81499234;-50,61784745;"SPRF-GO";"DEL04-GO";"UOP01-DEL04-GO"
384537;2021-09-19;"domingo";"16:39:00";"SP";116;222;"SAO PAULO";"Condutor Dormindo";"Colisão com objeto";"Sem Vítimas";"Pleno dia";"Decrescente";"Céu Claro";"Múltipla";"Reta";"Não";1;0;0;0;1;0;0;1;-23,47093408;-46,51631097;"SPRF-SP";"DEL01-SP";"UOP01-DEL01-SP"
384540;2021-09-19;"domingo";"16:50:00";"RJ";116;169,2;"SAO JOAO DE MERITI";"Demais falhas mecânicas ou elétricas";"Incêndio";"Sem Vítimas";"Pleno dia";"Crescente";"Céu Claro";"Múltipla";"Reta";"Sim";1;0;0;0;1;0;0;1;-22,7901511;-43,3711658;"SPRF-RJ";"DEL01-RJ";"UOP02-DEL01-RJ"
384541;2021-09-19;"domingo";"16:15:00";"RR";401;3;"BOA VISTA";"Ingestão de álcool pelo condutor";"Queda de ocupante de veículo";"Com Vítimas Feridas";"Pleno dia";"Decrescente";"Nublado";"Simples";"Ponte";"Não";1;0;1;0;0;0;1;1;2,79386178;-60,66665958;"SPRF-RR";"DEL01-RR";"UOP01-DEL01-RR"
384542;2021-09-19;"domingo";"17:00:00";"RS";480;66;"BARAO DE COTEGIPE";"Mal súbito do condutor";"Saída de leito carroçável";"Com Vítimas Feridas";"Pleno dia";"Decrescente";"Céu Claro";"Simples";"Curva";"Não";1;0;1;0;0;0;1;1;-27,63150868;-52,36002465;"SPRF-RS";"DEL08-RS";"UOP04-DEL08-RS"
384543;2021-09-19;"domingo";"17:40:00";"SE";235;49;"ITABAIANA";"Transitar na contramão";"Colisão frontal";"Com Vítimas Feridas";"Plena Noite";"Crescente";"Céu Claro";"Simples";"Reta";"Sim";2;0;0;1;1;0;1;2;-10,716222;-37,421669;"SPRF-SE";"DEL01-SE";"UOP02-DEL01-SE"
384544;2021-09-19;"domingo";"18:00:00";"DF";70;18,5;"BRASILIA";"Ingestão de álcool pelo condutor";"Capotamento";"Com Vítimas Feridas";"Anoitecer";"Crescente";"Céu Claro";"Dupla";"Reta";"Não";1;0;0;1;0;0;1;1;-15,791093;-48,21096;"SPRF-DF";"DEL03-DF";"UOP02-DEL03-DF"
384545;2021-09-19;"domingo";"17:30:00";"RJ";116;188;"NOVA IGUACU";"Manobra de mudança de faixa";"Engavetamento";"Com Vítimas Feridas";"Anoitecer";"Crescente";"Céu Claro";"Dupla";"Reta";"Sim";3;0;1;0;2;0;1;3;-22,7380709;-43,48213999;"SPRF-RJ";"DEL01-RJ";"UOP02-DEL01-RJ"
384546;2021-09-19;"domingo";"15:05:00";"SP";488;4;"APARECIDA";"Reação tardia ou ineficiente do condutor";"Atropelamento de Pedestre";"Com Vítimas Feridas";"Pleno dia";"Crescente";"Céu Claro";"Dupla";"Curva";"Sim";2;0;1;0;0;1;1;2;-22,87124316;-45,26132011;"SPRF-SP";"DEL08-SP";"UOP01-DEL08-SP"
384547;2021-09-19;"domingo";"16:15:00";"MS";60;368;"TERENOS";"Condutor deixou de manter distância do veículo da frente";"Colisão traseira";"Com Vítimas Feridas";"Pleno dia";"Crescente";"Céu Claro";"Dupla";"Reta";"Sim";3;0;2;0;1;0;2;2;-20,47815997;-54,76066589;"SPRF-MS";"DEL01-MS";"UOP04-DEL01-MS"
384548;2021-09-19;"domingo";"17:45:00";"RS";116;242;"SAO LEOPOLDO";"Ausência de reação do condutor";"Saída de leito carroçável";"Sem Vítimas";"Anoitecer";"Crescente";"Nublado";"Dupla";"Reta";"Não";1;0;0;0;0;1;0;1;-29,72297087;-51,14858729;"SPRF-RS";"DEL01-RS";"UOP02-DEL01-RS"
384549;2021-09-19;"domingo";"16:45:00";"GO";153;599;"MORRINHOS";"Demais falhas mecânicas ou elétricas";"Saída de leito carroçável";"Com Vítimas Feridas";"Pleno dia";"Decrescente";"Chuva";"Dupla";"Declive;Reta";"Não";1;0;1;0;0;0;1;1;-17,5439;-49,2093;"SPRF-GO";"DEL03-GO";"UOP01-DEL03-GO"
384550;2021-09-19;"domingo";"18:20:00";"SP";116;229;"SAO PAULO";"Objeto estático sobre o leito carroçável";"Colisão com objeto";"Com Vítimas Feridas";"Plena Noite";"Decrescente";"Céu Claro";"Múltipla";"Reta";"Sim";2;0;1;1;0;0;2;1;-23,51291902;-46,57604698;"SPRF-SP";"DEL01-SP";"UOP01-DEL01-SP"
384551;2021-09-19;"domingo";"16:48:00";"SC";282;578;"PINHALZINHO";"Reação tardia ou ineficiente do condutor";"Colisão traseira";"Com Vítimas Feridas";"Pleno dia";"Crescente";"Céu Claro";"Simples";"Reta";"Não";5;0;1;0;4;0;1;3;-26,838364;-52,985279;"SPRF-SC";"DEL07-SC";"UOP02-DEL07-SC"
384552;2021-09-19;"domingo";"18:00:00";"GO";50;98;"CRISTALINA";"Acessar a via sem observar a presença dos outros veículos";"Colisão transversal";"Com Vítimas Feridas";"Anoitecer";"Crescente";"Céu Claro";"Dupla";"Reta";"Sim";2;0;1;0;1;0;1;2;-16,9309;-47,7117;"SPRF-DF";"DEL01-DF";"UOP02-DEL01-DF"
384553;2021-09-19;"domingo";"18:30:00";"SC";101;216,3;"PALHOCA";"Ausência de reação do condutor";"Colisão lateral mesmo sentido";"Com Vítimas Feridas";"Plena Noite";"Decrescente";"Nublado";"Múltipla";"Viaduto";"Sim";3;0;1;0;2;0;1;3;-27,65981409;-48,67747798;"SPRF-SC";"DEL01-SC";"UOP02-DEL01-SC"
384554;2021-09-19;"domingo";"17:08:00";"MT";174;287;"PONTES E LACERDA";"Ausência de reação do condutor";"Saída de leito carroçável";"Com Vítimas Feridas";"Anoitecer";"Crescente";"Céu Claro";"Simples";"Curva";"Sim";1;0;0;1;0;0;1;1;-15,24336327;-59,31424141;"SPRF-MT";"DEL04-MT";"UOP01-DEL04-MT"
384556;2021-09-19;"domingo";"16:10:00";"PR";467;72,9;"TOLEDO";"Avarias e/ou desgaste excessivo no pneu";"Capotamento";"Com Vítimas Feridas";"Pleno dia";"Crescente";"Céu Claro";"Dupla";"Reta";"Não";1;0;0;1;0;0;1;1;-24,7253;-53,7052;"SPRF-PR";"DEL04-PR";"UOP01-DEL04-PR"
384557;2021-09-19;"domingo";"14:50:00";"RJ";493;6;"ITABORAI";"Acostamento em desnível";"Queda de ocupante de veículo";"Com Vítimas Feridas";"Pleno dia";"Crescente";"Céu Claro";"Múltipla";"Reta";"Sim";2;0;1;0;1;0;1;1;-22,73124198;-42,95145305;"SPRF-RJ";"DEL02-RJ";"UOP02-DEL02-RJ"
384560;2021-09-19;"domingo";"18:14:00";"BA";101;708;"EUNAPOLIS";"Pedestre andava na pista";"Atropelamento de Pedestre";"Com Vítimas Fatais";"Plena Noite";"Decrescente";"Céu Claro";"Simples";"Reta";"Não";2;1;0;0;1;0;0;2;-16,47422511;-39,57902686;"SPRF-BA";"DEL09-BA";"UOP01-DEL09-BA"
384561;2021-09-19;"domingo";"17:30:00";"PR";163;75,1;"PLANALTO";"Reação tardia ou ineficiente do condutor";"Saída de leito carroçável";"Sem Vítimas";"Pleno dia";"Crescente";"Sol";"Simples";"Reta";"Não";1;0;0;0;0;1;0;1;-25,79256573;-53,77899471;"SPRF-PR";"DEL02-PR";"UOP02-DEL02-PR"
384562;2021-09-19;"domingo";"18:50:00";"ES";101;267,9;"SERRA";"Condutor deixou de manter distância do veículo da frente";"Colisão traseira";"Sem Vítimas";"Plena Noite";"Crescente";"Céu Claro";"Dupla";"Reta";"Sim";3;0;0;0;3;0;0;2;-20,19930999;-40,26884609;"SPRF-ES";"DEL02-ES";"UOP01-DEL02-ES"
384563;2021-09-19;"domingo";"17:25:00";"PR";277;603,8;"SANTA TEREZA DO OESTE";"Reação tardia ou ineficiente do condutor";"Saída de leito carroçável";"Sem Vítimas";"Pleno dia";"Decrescente";"Céu Claro";"Simples";"Reta";"Não";1;0;0;0;0;1;0;1;-25,02817;-53,55983;"SPRF-PR";"DEL05-PR";"UOP02-DEL05-PR"
384565;2021-09-19;"domingo";"18:45:00";"RN";101;116,3;"SAO JOSE DE MIPIBU";"Ingestão de álcool pelo condutor";"Colisão lateral mesmo sentido";"Com Vítimas Feridas";"Plena Noite";"Decrescente";"Céu Claro";"Dupla";"Retorno Regulamentado";"Não";2;0;1;0;1;0;1;2;-5,99992028;-35,259794;"SPRF-RN";"DEL01-RN";"UOP01-DEL01-RN"
384566;2021-09-19;"domingo";"18:30:00";"PR";376;167;"MARINGA";"Entrada inopinada do pedestre";"Atropelamento de Pedestre";"Com Vítimas Feridas";"Anoitecer";"Crescente";"Céu Claro";"Dupla";"Reta";"Não";2;0;1;0;1;0;1;2;-23,40324167;-51,99632075;"SPRF-PR";"DEL09-PR";"UOP01-DEL09-PR"
384567;2021-06-12;"sábado";"01:23:00";"GO";40;5,9;"VALPARAISO DE GOIAS";"Ausência de reação do condutor";"Colisão traseira";"Com Vítimas Feridas";"Plena Noite";"Crescente";"Céu Claro";"Dupla";"Reta";"Sim";3;0;0;2;1;0;2;2;-16,10098948;-47,97742367;"SPRF-DF";"DEL01-DF";"UOP01-DEL01-DF"
384569;2021-09-19;"domingo";"17:30:00";"PR";369;17,9;"CAMBARA";"Reação tardia ou ineficiente do condutor";"Saída de leito carroçável";"Com Vítimas Feridas";"Pleno dia";"Crescente";"Céu Claro";"Simples";"Reta";"Sim";2;0;1;1;0;0;2;1;-23,03410935;-50,06165564;"SPRF-PR";"DEL07-PR";"UOP01-DEL07-PR"
384571;2021-09-19;"domingo";"19:50:00";"RS";290;65,9;"GRAVATAI";"Ausência de reação do condutor";"Saída de leito carroçável";"Com Vítimas Feridas";"Amanhecer";"Crescente";"Chuva";"Dupla";"Reta";"Não";15;0;4;2;9;0;6;1;-29,943108;-50,905231;"SPRF-RS";"DEL03-RS";"UOP01-DEL03-RS"
384572;2021-09-19;"domingo";"19:20:00";"PR";376;182,4;"MARINGA";"Avarias e/ou desgaste excessivo no pneu";"Colisão traseira";"Com Vítimas Feridas";"Plena Noite";"Decrescente";"Céu Claro";"Dupla";"Reta";"Sim";2;0;1;0;1;0;1;2;-23,43684112;-51,87880764;"SPRF-PR";"DEL09-PR";"UOP01-DEL09-PR"
384573;2021-09-19;"domingo";"17:30:00";"PR";277;604;"SANTA TEREZA DO OESTE";"Condutor deixou de manter distância do veículo da frente";"Colisão traseira";"Com Vítimas Feridas";"Anoitecer";"Decrescente";"Céu Claro";"Simples";"Declive";"Não";3;0;1;0;2;0;1;2;-25,02905699;-53,569607;"SPRF-PR";"DEL05-PR";"UOP02-DEL05-PR"
384574;2021-09-19;"domingo";"20:05:00";"DF";70;9;"BRASILIA";"Ingestão de álcool pelo condutor";"Colisão traseira";"Com Vítimas Feridas";"Plena Noite";"Decrescente";"Céu Claro";"Dupla";"Reta";"Sim";2;0;1;0;1;0;1;2;-15,784615;-48,132023;"SPRF-DF";"DEL03-DF";"UOP02-DEL03-DF"