"id";"data_inversa";"dia_semana";"horario";"uf";"br";"km";"municipio";"causa_acidente";"tipo_acidente";"classificacao_acidente";"fase_dia";"sentido_via";"condicao_metereologica";"tipo_pista";"tracado_via";"uso_solo";"pessoas";"mortos";"feridos_leves";"feridos_graves";"ilesos";"ignorados";"feridos";"veiculos";"latitude";"longitude";"regional";"delegacia";"uop"
384698;2021-09-20;"segunda-feira";"08:20:00";"PR";376;169;"MARINGA";"Manobra de mudança de faixa";"Colisão lateral mesmo sentido";"Com Vítimas Feridas";"Pleno dia";"Crescente";"Céu Claro";"Dupla";"Declive;Reta";"Não";2;0;1;0;0;1;1;2;-23,40542336;-51,99369907;"SPRF-PR";"DEL09-PR";"UOP01-DEL09-PR"
384699;2021-09-20;"segunda-feira";"08:20:00";"PR";116;117;"CURITIBA";"Ausência de reação do condutor";"Colisão traseira";"Com Vítimas Feridas";"Pleno dia";"Decrescente";"Nublado";"Dupla";"Reta";"Sim";2;0;1;0;1;0;1;2;-25,54988723;-49,28248211;"SPRF-PR";"DEL01-PR";"UOP03-DEL01-PR"
384700;2021-09-20;"segunda-feira";"08:40:00";"SC";101;203;"SAO JOSE";"Trafegar com motocicleta (ou similar) entre as faixas";"Colisão traseira";"Com Vítimas Feridas";"Pleno dia";"Crescente";"Nublado";"Dupla";"Reta";"Sim";3;0;0;2;1;0;2;2;-27,5650044;-48,61460082;"SPRF-SC";"DEL01-SC";"UOP01-DEL01-SC"
384701;2021-09-20;"segunda-feira";"09:10:00";"SC";101;212;"PALHOCA";"Velocidade Incompatível";"Colisão traseira";"Com Vítimas Feridas";"Pleno dia";"Decrescente";"Garoa/Chuvisco";"Dupla";"Reta";"Sim";4;0;2;0;2;0;2;3;-27,62996929;-48,65903871;"SPRF-SC";"DEL01-SC";"UOP02-DEL01-SC"
384702;2021-09-20;"segunda-feira";"09:00:00";"ES";101;267,1;"SERRA";"Pedestre cruzava a pista fora da faixa";"Atropelamento de Pedestre";"Com Vítimas Feridas";"Pleno dia";"Crescente";"Sol";"Múltipla";"Reta";"Sim";2;0;0;1;0;1;1;2;-20,19930999;-40,26884609;"SPRF-ES";"DEL02-ES";"UOP01-DEL02-ES"
384704;2021-09-20;"segunda-feira";"08:15:00";"RJ";101;417,9;"MANGARATIBA";"Velocidade Incompatível";"Colisão com objeto";"Com Vítimas Feridas";"Pleno dia";"Crescente";"Céu Claro";"Simples";"Reta";"Não";1;0;1;0;0;0;1;1;-22,91293797;-43,89732384;"SPRF-RJ";"DEL03-RJ";"UOP03-DEL03-RJ"
384710;2021-09-20;"segunda-feira";"09:10:00";"RJ";101;196;"CASIMIRO DE ABREU";"Demais falhas mecânicas ou elétricas";"Saída de leito carroçável";"Com Vítimas Feridas";"Pleno dia";"Crescente";"Nublado";"Dupla";"Curva";"Não";5;0;1;0;4;0;1;1;-22,49207101;-42,10926701;"SPRF-RJ";"DEL08-RJ";"UOP04-DEL08-RJ"
384711;2021-09-20;"segunda-feira";"08:50:00";"PA";316;54;"CASTANHAL";"Reação tardia ou ineficiente do condutor";"Colisão com objeto";"Com Vítimas Feridas";"Pleno dia";"Crescente";"Céu Claro";"Dupla";"Reta";"Não";2;0;0;1;1;0;1;1;-1,30608532;-48,00803597;"SPRF-PA";"DEL01-PA";"UOP01-DEL01-PA"
384713;2021-09-20;"segunda-feira";"10:00:00";"RJ";393;253,5;"BARRA DO PIRAI";"Velocidade Incompatível";"Tombamento";"Com Vítimas Feridas";"Pleno dia";"Crescente";"Céu Claro";"Simples";"Reta";"Não";2;0;1;0;0;1;1;2;-22,43940862;-43,78355221;"SPRF-RJ";"DEL05-RJ";"UOP04-DEL05-RJ"
384714;2021-09-20;"segunda-feira";"09:45:00";"CE";20;414;"MARACANAU";"Condutor deixou de manter distância do veículo da frente";"Colisão traseira";"Com Vítimas Feridas";"Pleno dia";"Decrescente";"Nublado";"Dupla";"Reta";"Sim";2;0;0;1;1;0;1;2;-3,81799;-38,63232;"SPRF-CE";"DEL01-CE";"UOP01-DEL01-CE"
384715;2021-09-20;"segunda-feira";"10:30:00";"SC";101;193;"BIGUACU";"Ausência de reação do condutor";"Colisão traseira";"Com Vítimas Feridas";"Pleno dia";"Crescente";"Nublado";"Múltipla";"Reta";"Sim";3;0;1;0;2;0;1;3;-27,489574;-48,655914;"SPRF-SC";"DEL01-SC";"UOP01-DEL01-SC"
384716;2021-09-20;"segunda-feira";"08:55:00";"MG";40;716,1;"BARBACENA";"Pista Escorregadia";"Tombamento";"Com Vítimas Feridas";"Pleno dia";"Decrescente";"Nublado";"Múltipla";"Curva";"Não";1;0;1;0;0;0;1;1;-21,25153502;-43,66402206;"SPRF-MG";"DEL05-MG";"UOP01-DEL05-MG"
384719;2021-09-20;"segunda-feira";"10:40:00";"MG";381;518,7;"IGARAPE";"Condutor usando celular";"Saída de leito carroçável";"Com Vítimas Feridas";"Pleno dia";"Decrescente";"Céu Claro";"Dupla";"Declive;Reta";"Não";1;0;0;1;0;0;1;1;-20,12065395;-44,30242562;"SPRF-MG";"DEL04-MG";"UOP03-DEL04-MG"
384720;2021-09-20;"segunda-feira";"10:00:00";"RJ";101;312;"SAO GONCALO";"Reação tardia ou ineficiente do condutor";"Colisão com objeto";"Sem Vítimas";"Pleno dia";"Decrescente";"Céu Claro";"Dupla";"Reta";"Sim";1;0;0;0;1;0;0;1;-22,80546555;-43,06156967;"SPRF-RJ";"DEL02-RJ";"UOP02-DEL02-RJ"
384721;2021-09-20;"segunda-feira";"11:00:00";"SP";116;225;"GUARULHOS";"Ausência de reação do condutor";"Colisão traseira";"Com Vítimas Feridas";"Pleno dia";"Decrescente";"Céu Claro";"Simples";"Reta";"Não";2;0;1;0;1;0;1;2;-23,48586772;-46,54075317;"SPRF-SP";"DEL01-SP";"UOP01-DEL01-SP"
384722;2021-09-20;"segunda-feira";"09:40:00";"RJ";101;323;"NITEROI";"Reação tardia ou ineficiente do condutor";"Colisão traseira";"Sem Vítimas";"Pleno dia";"Crescente";"Céu Claro";"Múltipla";"Reta";"Não";2;0;0;0;2;0;0;2;-22,87684786;-43,11728689;"SPRF-RJ";"DEL02-RJ";"UOP02-DEL02-RJ"
384723;2021-09-20;"segunda-feira";"11:00:00";"ES";101;90,4;"JAGUARE";"Acessar a via sem observar a presença dos outros veículos";"Colisão lateral mesmo sentido";"Com Vítimas Feridas";"Pleno dia";"Decrescente";"Céu Claro";"Simples";"Reta";"Sim";2;0;1;0;0;1;1;2;-18,89806708;-39,95602283;"SPRF-ES";"DEL04-ES";"UOP02-DEL04-ES"
384724;2021-09-20;"segunda-feira";"11:10:00";"SC";101;213,4;"PALHOCA";"Condutor deixou de manter distância do veículo da frente";"Engavetamento";"Sem Vítimas";"Pleno dia";"Decrescente";"Nublado";"Dupla";"Reta";"Não";6;0;0;0;6;0;0;6;-27,63697369;-48,66514142;"SPRF-SC";"DEL01-SC";"UOP02-DEL01-SC"
384726;2021-09-20;"segunda-feira";"11:50:00";"AL";316;242,2;"ATALAIA";"Acessar a via sem observar a presença dos outros veículos";"Colisão transversal";"Com Vítimas Feridas";"Pleno dia";"Decrescente";"Céu Claro";"Simples";"Rotatória";"Sim";2;0;0;1;1;0;1;2;-9,50727405;-36,02113501;"SPRF-AL";"DEL01-AL";"UOP01-DEL01-AL"
384727;2021-09-20;"segunda-feira";"12:07:00";"SP";116;277;"EMBU DAS ARTES";"Manobra de mudança de faixa";"Colisão com objeto";"Sem Vítimas";"Pleno dia";"Decrescente";"Céu Claro";"Dupla";"Reta";"Sim";2;0;0;0;1;1;0;2;-23,64870535;-46,84395469;"SPRF-SP";"DEL04-SP";"UOP01-DEL04-SP"
384732;2021-09-20;"segunda-feira";"11:45:00";"MG";381;756,9;"TRES CORACOES";"Ausência de reação do condutor";"Capotamento";"Com Vítimas Feridas";"Pleno dia";"Crescente";"Céu Claro";"Dupla";"Reta";"Não";7;0;2;1;4;0;3;1;-21,6960517;-45,36128707;"SPRF-MG";"DEL16-MG";"UOP02-DEL16-MG"
384735;2021-08-29;"domingo";"13:00:00";"SC";101;111,3;"NAVEGANTES";"Velocidade Incompatível";"Tombamento";"Com Vítimas Feridas";"Pleno dia";"Decrescente";"Nublado";"Dupla";"Curva";"Não";2;0;2;0;0;0;2;1;-26,83955734;-48,71418074;"SPRF-SC";"DEL04-SC";"UOP04-DEL04-SC"
384736;2021-09-20;"segunda-feira";"08:00:00";"PE";101;17,9;"CABO DE SANTO AGOSTINHO";"Condutor deixou de manter distância do veículo da frente";"Colisão traseira";"Com Vítimas Feridas";"Pleno dia";"Decrescente";"Sol";"Simples";"Reta";"Sim";2;0;1;0;1;0;1;2;-8,287093;-35,03529;"SPRF-PE";"DEL01-PE";"UOP01-DEL01-PE"
384737;2021-09-20;"segunda-feira";"13:15:00";"SP";116;270;"TABOAO DA SERRA";"Pista esburacada";"Colisão com objeto";"Com Vítimas Feridas";"Pleno dia";"Crescente";"Céu Claro";"Dupla";"Reta";"Sim";2;0;1;0;1;0;1;2;-23,61799728;-46,79677694;"SPRF-SP";"DEL04-SP";"UOP01-DEL04-SP"
384738;2021-09-12;"domingo";"11:05:00";"PR";376;146,6;"PRESIDENTE CASTELO BRANCO";"Ausência de reação do condutor";"Colisão com objeto";"Com Vítimas Feridas";"Pleno dia";"Decrescente";"Nublado";"Simples";"Rotatória";"Não";2;0;1;1;0;0;2;1;-23,28319745;-52,14740038;"SPRF-PR";"DEL09-PR";"UOP02-DEL09-PR"
384741;2021-09-20;"segunda-feira";"14:15:00";"MG";381;360;"JOAO MONLEVADE";"Acessar a via sem observar a presença dos outros veículos";"Colisão transversal";"Com Vítimas Feridas";"Pleno dia";"Decrescente";"Céu Claro";"Simples";"Curva";"Sim";3;0;1;0;2;0;1;2;-19,84107778;-43,19920282;"SPRF-MG";"DEL03-MG";"UOP01-DEL03-MG"
384742;2021-09-20;"segunda-feira";"14:15:00";"SP";116;386,6;"MIRACATU";"Avarias e/ou desgaste excessivo no pneu";"Tombamento";"Com Vítimas Feridas";"Pleno dia";"Crescente";"Nublado";"Dupla";"Reta";"Não";2;0;1;0;1;0;1;1;-24,26280509;-47,37943995;"SPRF-SP";"DEL04-SP";"UOP02-DEL04-SP"
384745;2021-07-25;"domingo";"14:20:00";"PR";369;152,4;"LONDRINA";"Condutor desrespeitou a iluminação vermelha do semáforo";"Colisão transversal";"Com Vítimas Feridas";"Pleno dia";"Decrescente";"Céu Claro";"Dupla";"Interseção de Vias;Curva;Aclive";"Sim";6;0;0;5;1;0;5;2;-23,2936028;-51,1870757;"SPRF-PR";"DEL07-PR";"UOP01-DEL07-PR"
384747;2021-08-30;"segunda-feira";"00:50:00";"GO";153;511,2;"APARECIDA DE GOIANIA";"Velocidade Incompatível";"Colisão com objeto";"Com Vítimas Feridas";"Plena Noite";"Decrescente";"Céu Claro";"Simples";"Reta";"Sim";1;0;1;0;0;0;1;1;-16,8067;-49,2394;"SPRF-GO";"DEL01-GO";"UOP03-DEL01-GO"
384750;2021-09-20;"segunda-feira";"14:55:00";"CE";116;7;"FORTALEZA";"Ausência de reação do condutor";"Colisão lateral mesmo sentido";"Com Vítimas Feridas";"Pleno dia";"Decrescente";"Céu Claro";"Dupla";"Reta";"Sim";2;0;1;0;1;0;1;2;-3,81073099;-38,50074867;"SPRF-CE";"DEL01-CE";"UOP02-DEL01-CE"
384751;2021-09-20;"segunda-feira";"15:00:00";"RJ";493;63;"NOVA IGUACU";"Reação tardia ou ineficiente do condutor";"Saída de leito carroçável";"Com Vítimas Fatais";"Pleno dia";"Crescente";"Céu Claro";"Dupla";"Curva";"Sim";2;1;0;1;0;0;1;1;-22,684;-43,418;"SPRF-RJ";"DEL01-RJ";"UOP03-DEL01-RJ"
384752;2021-09-20;"segunda-feira";"15:20:00";"RJ";101;74;"CAMPOS DOS GOYTACAZES";"Pedestre cruzava a pista fora da faixa";"Atropelamento de Pedestre";"Com Vítimas Feridas";"Pleno dia";"Decrescente";"Céu Claro";"Simples";"Reta";"Sim";2;0;1;1;0;0;2;2;-21,807232;-41,39734312;"SPRF-RJ";"DEL08-RJ";"UOP02-DEL08-RJ"
384753;2021-09-20;"segunda-feira";"14:40:00";"SC";282;576;"PINHALZINHO";"Condutor deixou de manter distância do veículo da frente";"Colisão traseira";"Com Vítimas Feridas";"Pleno dia";"Crescente";"Céu Claro";"Simples";"Reta";"Sim";3;0;2;0;1;0;2;2;-26,856054;-52,98011;"SPRF-SC";"DEL07-SC";"UOP02-DEL07-SC"
384754;2021-09-20;"segunda-feira";"13:00:00";"SC";101;327,3;"CAPIVARI DE BAIXO";"Reação tardia ou ineficiente do condutor";"Colisão traseira";"Com Vítimas Feridas";"Pleno dia";"Crescente";"Nublado";"Múltipla";"Viaduto";"Sim";3;0;1;0;2;0;1;2;-28,43939745;-48,96239124;"SPRF-SC";"DEL02-SC";"UOP01-DEL02-SC"
384760;2021-09-20;"segunda-feira";"16:20:00";"RJ";116;169;"SAO JOAO DE MERITI";"Modificação proibida";"Colisão frontal";"Com Vítimas Feridas";"Pleno dia";"Decrescente";"Céu Claro";"Múltipla";"Reta";"Sim";3;0;1;0;2;0;1;2;-22,816206;-43,324463;"SPRF-RJ";"DEL01-RJ";"UOP02-DEL01-RJ"
384761;2021-09-20;"segunda-feira";"16:20:00";"PE";101;130,1;"ESCADA";"Demais falhas mecânicas ou elétricas";"Saída de leito carroçável";"Com Vítimas Feridas";"Pleno dia";"Crescente";"Céu Claro";"Dupla";"Reta";"Sim";1;0;0;1;0;0;1;1;-8,392345;-35,257055;"SPRF-PE";"DEL01-PE";"UOP01-DEL01-PE"
384762;2021-09-20;"segunda-feira";"11:30:00";"MG";116;136,7;"PONTO DOS VOLANTES";"Acessar a via sem observar a presença dos outros veículos";"Colisão frontal";"Com Vítimas Feridas";"Pleno dia";"Crescente";"Céu Claro";"Simples";"Reta";"Sim";2;0;0;1;1;0;1;2;-16,74070098;-41,50618287;"SPRF-MG";"DEL11-MG";"UOP02-DEL11-MG"
384763;2021-09-20;"segunda-feira";"15:30:00";"MG";381;519;"IGARAPE";"Reação tardia ou ineficiente do condutor";"Saída de leito carroçável";"Com Vítimas Feridas";"Pleno dia";"Crescente";"Céu Claro";"Dupla";"Curva";"Não";1;0;1;0;0;0;1;1;-20,12834104;-44,30330781;"SPRF-MG";"DEL04-MG";"UOP03-DEL04-MG"
384764;2021-09-20;"segunda-feira";"12:05:00";"MA";135;4,2;"SAO LUIS";"Ausência de reação do condutor";"Colisão traseira";"Sem Vítimas";"Pleno dia";"Decrescente";"Ignorado";"Dupla";"Reta";"Sim";3;0;0;0;2;1;0;3;-2,616591;-44,2541;"SPRF-MA";"DEL01-MA";"UOP01-DEL01-MA"
384767;2021-09-20;"segunda-feira";"15:30:00";"CE";222;4,2;"CAUCAIA";"Condutor deixou de manter distância do veículo da frente";"Colisão traseira";"Com Vítimas Feridas";"Pleno dia";"Decrescente";"Céu Claro";"Múltipla";"Reta";"Sim";5;0;2;0;1;2;2;4;-3,74164754;-38,60449792;"SPRF-CE";"DEL01-CE";"UOP01-DEL01-CE"
384768;2021-09-20;"segunda-feira";"15:55:00";"RJ";116;170;"SAO JOAO DE MERITI";"Ausência de reação do condutor";"Tombamento";"Com Vítimas Feridas";"Pleno dia";"Decrescente";"Nublado";"Múltipla";"Reta";"Sim";2;0;1;0;1;0;1;1;-22,81113183;-43,3336729;"SPRF-RJ";"DEL01-RJ";"UOP02-DEL01-RJ"
384770;2021-09-20;"segunda-feira";"17:07:00";"SE";101;93,8;"NOSSA SENHORA DO SOCORRO";"Velocidade Incompatível";"Colisão com objeto";"Sem Vítimas";"Pleno dia";"Decrescente";"Céu Claro";"Dupla";"Declive;Reta";"Sim";1;0;0;0;1;0;0;1;-10,90212319;-37,14494787;"SPRF-SE";"DEL01-SE";"UOP01-DEL01-SE"
384771;2021-09-20;"segunda-feira";"16:30:00";"MG";381;486,7;"BETIM";"Condutor deixou de manter distância do veículo da frente";"Colisão traseira";"Com Vítimas Feridas";"Anoitecer";"Crescente";"Céu Claro";"Dupla";"Reta";"Sim";2;0;1;0;1;0;1;2;-19,95644414;-44,13611598;"SPRF-MG";"DEL01-MG";"UOP03-DEL01-MG"
384772;2021-09-20;"segunda-feira";"16:55:00";"RS";116;227;"DOIS IRMAOS";"Reação tardia ou ineficiente do condutor";"Tombamento";"Com Vítimas Feridas";"Pleno dia";"Decrescente";"Céu Claro";"Simples";"Curva";"Não";2;0;2;0;0;0;2;1;-29,61103966;-51,12425074;"SPRF-RS";"DEL01-RS";"UOP02-DEL01-RS"
384773;2021-08-08;"domingo";"01:40:00";"RJ";116;190;"NOVA IGUACU";"Reação tardia ou ineficiente do condutor";"Queda de ocupante de veículo";"Com Vítimas Feridas";"Plena Noite";"Crescente";"Céu Claro";"Dupla";"Curva";"Sim";1;0;1;0;0;0;1;1;-22,74123776;-43,5007311;"SPRF-RJ";"DEL01-RJ";"UOP02-DEL01-RJ"
384774;2021-09-20;"segunda-feira";"17:10:00";"BA";101;171;"FEIRA DE SANTANA";"Manobra de mudança de faixa";"Colisão frontal";"Com Vítimas Feridas";"Pleno dia";"Decrescente";"Céu Claro";"Simples";"Reta";"Não";3;0;2;0;1;0;2;2;-12,36057614;-38,86381757;"SPRF-BA";"DEL01-BA";"UOP03-DEL01-BA"
384775;2021-09-20;"segunda-feira";"11:30:00";"RO";364;517;"ARIQUEMES";"Desrespeitar a preferência no cruzamento";"Colisão transversal";"Com Vítimas Feridas";"Pleno dia";"Decrescente";"Céu Claro";"Simples";"Rotatória";"Sim";2;0;0;1;1;0;1;2;-9,90688101;-63,05581217;"SPRF-RO";"DEL03-RO";"UOP01-DEL03-RO"
384776;2021-09-20;"segunda-feira";"17:33:00";"SP";153;69;"SAO JOSE DO RIO PRETO";"Condutor Dormindo";"Capotamento";"Com Vítimas Feridas";"Pleno dia";"Decrescente";"Céu Claro";"Dupla";"Curva";"Sim";1;0;1;0;0;0;1;1;-20,85072923;-49,392352;"SPRF-SP";"DEL09-SP";"UOP01-DEL09-SP"
384777;2021-09-20;"segunda-feira";"17:10:00";"SP";116;279;"EMBU DAS ARTES";"Trafegar com motocicleta (ou similar) entre as faixas";"Colisão lateral mesmo sentido";"Com Vítimas Feridas";"Pleno dia";"Crescente";"Céu Claro";"Dupla";"Reta";"Sim";2;0;0;1;1;0;1;2;-23,66233697;-46,85292907;"SPRF-SP";"DEL04-SP";"UOP01-DEL04-SP"
384778;2021-09-20;"segunda-feira";"17:45:00";"SP";153;72,5;"SAO JOSE DO RIO PRETO";"Avarias e/ou desgaste excessivo no pneu";"Tombamento";"Com Vítimas Feridas";"Pleno dia";"Crescente";"Céu Claro";"Dupla";"Reta";"Sim";2;0;2;0;0;0;2;1;-20,86715501;-49,41334398;"SPRF-SP";"DEL09-SP";"UOP01-DEL09-SP"
384780;2021-09-20;"segunda-feira";"17:20:00";"RS";116;592,8;"ARROIO GRANDE";"Problema na suspensão";"Saída de leito carroçável";"Com Vítimas Feridas";"Pleno dia";"Decrescente";"Chuva";"Simples";"Reta";"Não";2;0;1;0;1;0;1;1;-32,11546712;-52,93018692;"SPRF-RS";"DEL07-RS";"UOP03-DEL07-RS"
384781;2021-09-20;"segunda-feira";"16:25:00";"RO";364;15,5;"VILHENA";"Acessar a via sem observar a presença dos outros veículos";"Colisão transversal";"Com Vítimas Feridas";"Pleno dia";"Decrescente";"Céu Claro";"Simples";"Reta";"Sim";2;0;1;0;1;0;1;2;-12,73672751;-60,14804088;"SPRF-RO";"DEL04-RO";"UOP01-DEL04-RO"
384782;2021-09-20;"segunda-feira";"17:55:00";"PB";101;101,8;"ALHANDRA";"Animais na Pista";"Atropelamento de Animal";"Com Vítimas Feridas";"Plena Noite";"Decrescente";"Céu Claro";"Dupla";"Curva";"Não";1;0;1;0;0;0;1;1;-7,281151;-34,939108;"SPRF-PB";"DEL01-PB";"UOP02-DEL01-PB"
384784;2021-09-20;"segunda-feira";"13:00:00";"MG";381;928,6;"ITAPEVA";"Demais falhas mecânicas ou elétricas";"Queda de ocupante de veículo";"Com Vítimas Feridas";"Pleno dia";"Crescente";"Sol";"Dupla";"Reta";"Não";2;0;2;0;0;0;2;1;-22,79564412;-46,25379582;"SPRF-MG";"DEL16-MG";"UOP03-DEL16-MG"
384785;2021-09-20;"segunda-feira";"16:01:00";"PA";308;164;"CAPANEMA";"Transitar na contramão";"Colisão frontal";"Com Vítimas Feridas";"Pleno dia";"Crescente";"Sol";"Simples";"Reta";"Sim";6;0;4;1;0;1;5;3;-1,20098065;-47,07047912;"SPRF-PA";"DEL01-PA";"UOP03-DEL01-PA"
384787;2021-09-20;"segunda-feira";"18:00:00";"SP";381;80;"SAO PAULO";"Ausência de reação do condutor";"Tombamento";"Com Vítimas Feridas";"Anoitecer";"Crescente";"Nublado";"Dupla";"Reta";"Sim";1;0;1;0;0;0;1;1;-23,415431;-46,580981;"SPRF-SP";"DEL03-SP";"UOP01-DEL03-SP"
384789;2021-09-20;"segunda-feira";"17:35:00";"PR";476;153;"ARAUCARIA";"Reação tardia ou ineficiente do condutor";"Engavetamento";"Com Vítimas Feridas";"Anoitecer";"Crescente";"Nublado";"Dupla";"Reta";"Sim";6;0;2;0;4;0;2;3;-25,576087;-49,391022;"SPRF-PR";"DEL01-PR";"UOP03-DEL01-PR"
384792;2021-09-20;"segunda-feira";"08:00:00";"MA";135;54;"BACABEIRA";"Demais falhas mecânicas ou elétricas";"Incêndio";"Sem Vítimas";"Pleno dia";"Decrescente";"Sol";"Simples";"Aclive";"Sim";1;0;0;0;0;1;0;1;-2,99822097;-44,3133313;"SPRF-MA";"DEL01-MA";"UOP02-DEL01-MA"
384795;2021-09-20;"segunda-feira";"18:10:00";"ES";101;66,4;"SAO MATEUS";"Acessar a via sem observar a presença dos outros veículos";"Colisão transversal";"Com Vítimas Feridas";"Plena Noite";"Crescente";"Céu Claro";"Dupla";"Reta";"Sim";2;0;1;0;0;1;1;2;-18,7165195;-39,87436378;"SPRF-ES";"DEL04-ES";"UOP02-DEL04-ES"
384796;2021-09-20;"segunda-feira";"18:25:00";"MS";262;593,4;"MIRANDA";"Animais na Pista";"Atropelamento de Animal";"Com Vítimas Feridas";"Plena Noite";"Decrescente";"Céu Claro";"Simples";"Reta";"Não";4;0;2;0;2;0;2;1;-20,13265163;-56,69343998;"SPRF-MS";"DEL03-MS";"UOP02-DEL03-MS"
384797;2021-09-20;"segunda-feira";"18:30:00";"SC";101;147,5;"ITAPEMA";"Reação tardia ou ineficiente do condutor";"Tombamento";"Com Vítimas Feridas";"Anoitecer";"Decrescente";"Nublado";"Múltipla";"Reta";"Sim";1;0;0;1;0;0;1;1;-27,09237407;-48,61730888;"SPRF-SC";"DEL04-SC";"UOP03-DEL04-SC"
384798;2021-09-20;"segunda-feira";"18:30:00";"BA";407;1,8;"JUAZEIRO";"Problema com o freio";"Engavetamento";"Com Vítimas Feridas";"Plena Noite";"Decrescente";"Céu Claro";"Simples";"Curva";"Sim";5;0;1;0;4;0;1;4;-9,41845604;-40,50725978;"SPRF-PE";"DEL06-PE";"UOP01-DEL06-PE"
384800;2021-09-20;"segunda-feira";"18:30:00";"SC";282;20,3;"PALHOCA";"Ingestão de álcool pelo condutor";"Colisão lateral mesmo sentido";"Sem Vítimas";"Plena Noite";"Crescente";"Nublado";"Simples";"Declive";"Sim";4;0;0;0;2;2;0;3;-27,68907;-48,717541;"SPRF-SC";"DEL01-SC";"UOP02-DEL01-SC"
384802;2021-09-20;"segunda-feira";"17:50:00";"PB";230;70,1;"SOBRADO";"Ausência de reação do condutor";"Tombamento";"Com Vítimas Feridas";"Anoitecer";"Decrescente";"Céu Claro";"Dupla";"Reta";"Não";2;0;1;0;0;1;1;2;-7,19200739;-35,22693157;"SPRF-PB";"DEL01-PB";"UOP03-DEL01-PB"
384804;2021-09-20;"segunda-feira";"19:30:00";"SP";116;103,8;"TAUBATE";"Ausência de reação do condutor";"Colisão traseira";"Com Vítimas Feridas";"Plena Noite";"Decrescente";"Céu Claro";"Dupla";"Reta";"Não";2;0;1;0;1;0;1;2;-22,99919465;-45,49788917;"SPRF-SP";"DEL08-SP";"UOP01-DEL08-SP"
384806;2021-09-20;"segunda-feira";"19:40:00";"RS";290;98;"PORTO ALEGRE";"Pedestre cruzava a pista fora da faixa";"Atropelamento de Pedestre";"Com Vítimas Feridas";"Plena Noite";"Crescente";"Céu Claro";"Dupla";"Reta";"Sim";2;0;1;0;1;0;1;2;-29,994816;-51,217403;"SPRF-RS";"DEL01-RS";"UOP01-DEL01-RS"
384808;2021-09-20;"segunda-feira";"20:10:00";"RN";101;83;"NATAL";"Transitar na contramão";"Colisão frontal";"Com Vítimas Feridas";"Plena Noite";"Decrescente";"Céu Claro";"Dupla";"Interseção de Vias";"Sim";3;0;3;0;0;0;3;2;-5,7710445;-35,26616981;"SPRF-RN";"DEL02-RN";"UOP01-DEL02-RN"
384810;2021-09-20;"segunda-feira";"20:50:00";"MG";40;564;"NOVA LIMA";"Reação tardia ou ineficiente do condutor";"Queda de ocupante de veículo";"Com Vítimas Feridas";"Plena Noite";"Crescente";"Céu Claro";"Simples";"Reta";"Não";1;0;0;1;0;0;1;1;-20,16086012;-43,96464349;"SPRF-MG";"DEL01-MG";"UOP02-DEL01-MG"
384817;2021-09-20;"segunda-feira";"16:00:00";"SC";470;162,9;"TROMBUDO CENTRAL";"Desrespeitar a preferência no cruzamento";"Colisão transversal";"Com Vítimas Feridas";"Pleno dia";"Crescente";"Céu Claro";"Simples";"Aclive;Reta";"Não";3;0;2;0;1;0;2;2;-27,278976;-49,825996;"SPRF-SC";"DEL04-SC";"UOP02-DEL04-SC"
384820;2021-09-20;"segunda-feira";"19:47:00";"MG";40;281,9;"TRES MARIAS";"Ingestão de álcool ou de substâncias psicoativas pelo pedestre";"Atropelamento de Pedestre";"Com Vítimas Fatais";"Plena Noite";"Decrescente";"Céu Claro";"Simples";"Curva";"Sim";2;1;0;0;1;0;0;2;-18,24214561;-45,2080525;"SPRF-MG";"DEL14-MG";"UOP02-DEL14-MG"
384821;2021-09-20;"segunda-feira";"18:40:00";"RS";470;257;"SALVADOR DO SUL";"Acumulo de areia ou detritos sobre o pavimento";"Queda de ocupante de veículo";"Com Vítimas Feridas";"Plena Noite";"Decrescente";"Nevoeiro/Neblina";"Simples";"Curva;Declive";"Sim";1;0;1;0;0;0;1;1;-29,44071;-51,50798;"SPRF-RS";"DEL06-RS";"UOP01-DEL06-RS"
384822;2021-09-20;"segunda-feira";"18:45:00";"SC";470;54;"BLUMENAU";"Transitar no acostamento";"Colisão transversal";"Sem Vítimas";"Plena Noite";"Crescente";"Nublado";"Simples";"Interseção de Vias";"Não";3;0;0;0;3;0;0;3;-26,871065;-49,110374;"SPRF-SC";"DEL04-SC";"UOP01-DEL04-SC"
384823;2021-09-20;"segunda-feira";"12:15:00";"MA";10;256,3;"IMPERATRIZ";"Transitar no acostamento";"Colisão transversal";"Com Vítimas Feridas";"Pleno dia";"Decrescente";"Sol";"Simples";"Reta";"Sim";2;0;1;0;1;0;1;2;-5,499715;-47,471836;"SPRF-MA";"DEL04-MA";"UOP01-DEL04-MA"
384824;2021-09-20;"segunda-feira";"21:00:00";"RO";364;715;"PORTO VELHO";"Reação tardia ou ineficiente do condutor";"Colisão traseira";"Com Vítimas Feridas";"Plena Noite";"Decrescente";"Céu Claro";"Dupla";"Reta";"Sim";3;0;1;0;2;0;1;2;-8,77957291;-63,89174213;"SPRF-RO";"DEL01-RO";"UOP01-DEL01-RO"