"id";"data_inversa";"dia_semana";"horario";"uf";"br";"km";"municipio";"causa_acidente";"tipo_acidente";"classificacao_acidente";"fase_dia";"sentido_via";"condicao_metereologica";"tipo_pista";"tracado_via";"uso_solo";"pessoas";"mortos";"feridos_leves";"feridos_graves";"ilesos";"ignorados";"feridos";"veiculos";"latitude";"longitude";"regional";"delegacia";"uop"
385078;2021-09-18;"sábado";"15:30:00";"MT";158;625,6;"NOVA XAVANTINA";"Demais falhas mecânicas ou elétricas";"Colisão traseira";"Sem Vítimas";"Pleno dia";"Crescente";"Céu Claro";"Simples";"Reta";"Não";2;0;0;0;2;0;0;2;-14,49276784;-52,28569031;"SPRF-MT";"DEL07-MT";"UOP02-DEL07-MT"
385079;2021-09-22;"quarta-feira";"10:40:00";"SC";282;553,6;"NOVA ITABERABA";"Acessar a via sem observar a presença dos outros veículos";"Colisão transversal";"Com Vítimas Feridas";"Pleno dia";"Crescente";"Sol";"Simples";"Reta;Aclive";"Não";3;0;1;1;1;0;2;2;-26,938919;-52,791182;"SPRF-SC";"DEL07-SC";"UOP01-DEL07-SC"
385080;2021-08-28;"sábado";"18:40:00";"MT";174;487;"COMODORO";"Reação tardia ou ineficiente do condutor";"Colisão traseira";"Sem Vítimas";"Plena Noite";"Decrescente";"Nublado";"Simples";"Reta";"Não";2;0;0;0;1;1;0;2;-13,64760393;-59,79662967;"SPRF-MT";"DEL04-MT";"UOP01-DEL04-MT"
385083;2021-09-22;"quarta-feira";"15:37:00";"RN";101;106;"PARNAMIRIM";"Acesso irregular";"Colisão transversal";"Sem Vítimas";"Pleno dia";"Decrescente";"Céu Claro";"Dupla";"Reta";"Sim";1;0;0;0;1;0;0;1;-5,91056401;-35,26130795;"SPRF-RN";"DEL01-RN";"UOP01-DEL01-RN"
385086;2021-09-22;"quarta-feira";"15:30:00";"PE";101;2,1;"JABOATAO DOS GUARARAPES";"Acessar a via sem observar a presença dos outros veículos";"Colisão transversal";"Com Vítimas Feridas";"Pleno dia";"Decrescente";"Sol";"Simples";"Interseção de Vias";"Sim";2;0;1;0;1;0;1;2;-8,19122906;-34,95526671;"SPRF-PE";"DEL01-PE";"UOP02-DEL01-PE"
385087;2021-09-22;"quarta-feira";"15:45:00";"MG";251;316,5;"MONTES CLAROS";"Acessar a via sem observar a presença dos outros veículos";"Colisão transversal";"Com Vítimas Feridas";"Pleno dia";"Crescente";"Sol";"Simples";"Reta";"Não";3;0;0;1;1;1;1;3;-16,66055591;-43,75217401;"SPRF-MG";"DEL12-MG";"UOP01-DEL12-MG"
385088;2021-09-22;"quarta-feira";"17:00:00";"RJ";101;487;"ANGRA DOS REIS";"Reação tardia ou ineficiente do condutor";"Colisão traseira";"Sem Vítimas";"Pleno dia";"Decrescente";"Nublado";"Simples";"Reta";"Sim";2;0;0;0;2;0;0;2;-22,96828891;-44,29864663;"SPRF-RJ";"DEL03-RJ";"UOP03-DEL03-RJ"
385090;2021-09-22;"quarta-feira";"16:50:00";"BA";324;534;"FEIRA DE SANTANA";"Reação tardia ou ineficiente do condutor";"Colisão traseira";"Com Vítimas Feridas";"Anoitecer";"Decrescente";"Nublado";"Dupla";"Declive";"Não";4;0;2;0;2;0;2;2;-12,35104617;-38,83402119;"SPRF-BA";"DEL01-BA";"UOP03-DEL01-BA"
385093;2021-09-22;"quarta-feira";"16:40:00";"MS";262;382;"TERENOS";"Ausência de reação do condutor";"Tombamento";"Com Vítimas Feridas";"Pleno dia";"Crescente";"Céu Claro";"Simples";"Curva";"Sim";2;0;2;0;0;0;2;1;-20,44071205;-54,85510206;"SPRF-MS";"DEL01-MS";"UOP03-DEL01-MS"
385094;2021-09-22;"quarta-feira";"17:30:00";"DF";70;17;"BRASILIA";"Manobra de mudança de faixa";"Colisão lateral mesmo sentido";"Com Vítimas Feridas";"Anoitecer";"Crescente";"Céu Claro";"Dupla";"Reta;Declive";"Não";4;0;1;0;3;0;1;3;-15,794133;-48,202095;"SPRF-DF";"DEL03-DF";"UOP02-DEL03-DF"
385096;2021-09-05;"domingo";"10:30:00";"MG";40;735,9;"SANTOS DUMONT";"Manobra de mudança de faixa";"Colisão lateral mesmo sentido";"Com Vítimas Feridas";"Pleno dia";"Decrescente";"Céu Claro";"Dupla";"Curva";"Não";3;0;1;0;2;0;1;2;-21,37012696;-43,57558994;"SPRF-MG";"DEL05-MG";"UOP01-DEL05-MG"
385098;2021-09-22;"quarta-feira";"17:50:00";"DF";20;16;"BRASILIA";"Animais na Pista";"Colisão traseira";"Com Vítimas Feridas";"Anoitecer";"Crescente";"Céu Claro";"Dupla";"Reta;Declive";"Sim";2;0;2;0;0;0;2;2;-15,625675;-47,725159;"SPRF-DF";"DEL02-DF";"UOP01-DEL02-DF"
385101;2021-08-27;"sexta-feira";"20:30:00";"MG";459;83;"CONGONHAL";"Acessar a via sem observar a presença dos outros veículos";"Colisão transversal";"Com Vítimas Feridas";"Plena Noite";"Decrescente";"Nublado";"Simples";"Reta";"Sim";2;0;0;1;0;1;1;2;-22,15107018;-46,04727387;"SPRF-MG";"DEL09-MG";"UOP01-DEL09-MG"
385102;2021-09-22;"quarta-feira";"18:00:00";"RS";116;237,3;"NOVO HAMBURGO";"Acostamento em desnível";"Queda de ocupante de veículo";"Com Vítimas Feridas";"Pleno dia";"Crescente";"Céu Claro";"Dupla";"Reta";"Sim";1;0;1;0;0;0;1;1;-29,67839398;-51,1422266;"SPRF-RS";"DEL01-RS";"UOP02-DEL01-RS"
385103;2021-09-13;"segunda-feira";"16:00:00";"RJ";356;3;"ITAPERUNA";"Avarias e/ou desgaste excessivo no pneu";"Saída de leito carroçável";"Com Vítimas Feridas";"Anoitecer";"Decrescente";"Céu Claro";"Simples";"Reta";"Não";1;0;1;0;0;0;1;1;-21,14909195;-42,155194;"SPRF-RJ";"DEL08-RJ";"UOP03-DEL08-RJ"
385104;2021-09-22;"quarta-feira";"17:11:00";"RJ";493;72;"NOVA IGUACU";"Velocidade Incompatível";"Colisão com objeto";"Com Vítimas Feridas";"Anoitecer";"Crescente";"Nublado";"Dupla";"Reta";"Não";2;0;2;0;0;0;2;1;-22,68756617;-43,49219788;"SPRF-RJ";"DEL01-RJ";"UOP03-DEL01-RJ"
385106;2021-09-22;"quarta-feira";"18:10:00";"SP";116;221;"GUARULHOS";"Trafegar com motocicleta (ou similar) entre as faixas";"Colisão traseira";"Com Vítimas Feridas";"Plena Noite";"Decrescente";"Ignorado";"Múltipla";"Reta";"Sim";2;0;1;0;1;0;1;2;-23,46802395;-46,50704901;"SPRF-SP";"DEL01-SP";"UOP01-DEL01-SP"
385107;2021-09-22;"quarta-feira";"17:46:00";"BA";324;535;"AMELIA RODRIGUES";"Condutor deixou de manter distância do veículo da frente";"Colisão traseira";"Sem Vítimas";"Anoitecer";"Decrescente";"Céu Claro";"Dupla";"Reta";"Sim";1;0;0;0;1;0;0;1;-12,35775097;-38,82802597;"SPRF-BA";"DEL01-BA";"UOP03-DEL01-BA"
385108;2021-09-22;"quarta-feira";"18:10:00";"RJ";116;163;"RIO DE JANEIRO";"Pedestre cruzava a pista fora da faixa";"Atropelamento de Pedestre";"Com Vítimas Feridas";"Plena Noite";"Decrescente";"Céu Claro";"Dupla";"Curva";"Sim";2;0;1;0;1;0;1;2;-22,81816144;-43,32219645;"SPRF-RJ";"DEL01-RJ";"UOP01-DEL01-RJ"
385109;2021-09-22;"quarta-feira";"18:15:00";"MT";70;513;"VARZEA GRANDE";"Ultrapassagem Indevida";"Colisão frontal";"Com Vítimas Feridas";"Anoitecer";"Crescente";"Nublado";"Simples";"Reta";"Não";2;0;0;1;1;0;1;2;-15,70582435;-56,12623215;"SPRF-MT";"DEL01-MT";"UOP02-DEL01-MT"
385110;2021-09-22;"quarta-feira";"19:00:00";"SC";101;135;"BALNEARIO CAMBORIU";"Ausência de reação do condutor";"Colisão traseira";"Sem Vítimas";"Plena Noite";"Crescente";"Céu Claro";"Dupla";"Reta";"Sim";4;0;0;0;4;0;0;4;-27,0050108;-48,62677494;"SPRF-SC";"DEL04-SC";"UOP03-DEL04-SC"
385112;2021-09-14;"terça-feira";"18:00:00";"BA";367;27;"PORTO SEGURO";"Acessar a via sem observar a presença dos outros veículos";"Colisão transversal";"Com Vítimas Feridas";"Plena Noite";"Decrescente";"Céu Claro";"Simples";"Reta";"Não";3;0;0;1;2;0;1;2;-16,4238769;-39,10203391;"SPRF-BA";"DEL09-BA";"UOP01-DEL09-BA"
385113;2021-09-22;"quarta-feira";"17:50:00";"SC";163;72,2;"SAO MIGUEL DO OESTE";"Manobra de mudança de faixa";"Colisão transversal";"Com Vítimas Feridas";"Pleno dia";"Crescente";"Céu Claro";"Dupla";"Reta;Aclive";"Sim";2;0;0;1;1;0;1;2;-26,71728544;-53,51646423;"SPRF-SC";"DEL07-SC";"UOP03-DEL07-SC"
385114;2021-09-22;"quarta-feira";"18:09:00";"RO";364;14;"VILHENA";"Acessar a via sem observar a presença dos outros veículos";"Tombamento";"Com Vítimas Feridas";"Plena Noite";"Crescente";"Céu Claro";"Dupla";"Rotatória";"Sim";1;0;1;0;0;0;1;1;-12,73898138;-60,13911417;"SPRF-RO";"DEL04-RO";"UOP01-DEL04-RO"
385117;2021-09-22;"quarta-feira";"19:40:00";"SC";470;138,2;"RIO DO SUL";"Desrespeitar a preferência no cruzamento";"Colisão transversal";"Com Vítimas Feridas";"Plena Noite";"Crescente";"Céu Claro";"Simples";"Interseção de Vias";"Sim";2;0;0;1;1;0;1;2;-27,207214;-49,648476;"SPRF-SC";"DEL04-SC";"UOP02-DEL04-SC"
385120;2021-09-22;"quarta-feira";"19:30:00";"MA";10;256,5;"IMPERATRIZ";"Conversão proibida";"Colisão transversal";"Com Vítimas Feridas";"Plena Noite";"Decrescente";"Nublado";"Simples";"Reta";"Sim";2;0;1;0;1;0;1;2;-5,499715;-47,471836;"SPRF-MA";"DEL04-MA";"UOP01-DEL04-MA"
385128;2021-09-22;"quarta-feira";"19:30:00";"PE";232;86,7;"GRAVATA";"Reação tardia ou ineficiente do condutor";"Saída de leito carroçável";"Com Vítimas Feridas";"Plena Noite";"Crescente";"Céu Claro";"Simples";"Curva";"Não";2;0;1;0;1;0;1;1;-8,21286855;-35,62011813;"SPRF-PE";"DEL02-PE";"UOP02-DEL02PE"
385129;2021-09-22;"quarta-feira";"19:50:00";"AL";104;88,2;"RIO LARGO";"Obras na pista";"Tombamento";"Com Vítimas Feridas";"Plena Noite";"Decrescente";"Céu Claro";"Dupla";"Reta";"Sim";2;0;2;0;0;0;2;1;-9,48375193;-35,81815581;"SPRF-AL";"DEL01-AL";"UOP01-DEL01-AL"
385131;2021-09-02;"quinta-feira";"19:03:00";"SC";282;343;"CAMPOS NOVOS";"Acessar a via sem observar a presença dos outros veículos";"Colisão transversal";"Com Vítimas Feridas";"Plena Noite";"Crescente";"Céu Claro";"Simples";"Reta";"Sim";2;0;1;0;0;1;1;2;-27,387402;-51,232861;"SPRF-SC";"DEL07-SC";"UOP06-DEL07-SC"
385132;2021-09-22;"quarta-feira";"20:40:00";"MG";50;53;"ARAGUARI";"Reação tardia ou ineficiente do condutor";"Colisão com objeto";"Com Vítimas Feridas";"Plena Noite";"Crescente";"Céu Claro";"Dupla";"Curva";"Não";1;0;1;0;0;0;1;1;-18,759049;-48,24054499;"SPRF-MG";"DEL15-MG";"UOP02-DEL15-MG"
385133;2021-09-22;"quarta-feira";"20:25:00";"SC";282;0,3;"FLORIANOPOLIS";"Manobra de mudança de faixa";"Colisão lateral mesmo sentido";"Sem Vítimas";"Plena Noite";"Crescente";"Céu Claro";"Múltipla";"Reta";"Sim";3;0;0;0;3;0;0;3;-27,59845;-48,571995;"SPRF-SC";"DEL01-SC";"UOP01-DEL01-SC"
385135;2021-09-22;"quarta-feira";"15:10:00";"PE";428;17,2;"CABROBO";"Ausência de reação do condutor";"Saída de leito carroçável";"Com Vítimas Feridas";"Pleno dia";"Crescente";"Céu Claro";"Simples";"Reta";"Não";3;0;2;1;0;0;3;1;-8,49693528;-39,37029804;"SPRF-PE";"DEL05-PE";"UOP03-DEL05-PE"
385137;2021-09-14;"terça-feira";"01:00:00";"SP";116;189;"SANTA ISABEL";"Velocidade Incompatível";"Saída de leito carroçável";"Com Vítimas Feridas";"Plena Noite";"Decrescente";"Céu Claro";"Dupla";"Reta";"Não";1;0;1;0;0;0;1;1;-23,36435234;-46,22488684;"SPRF-SP";"DEL01-SP";"UOP01-DEL01-SP"
385138;2021-09-22;"quarta-feira";"20:15:00";"SP";116;278;"EMBU DAS ARTES";"Ausência de reação do condutor";"Colisão lateral mesmo sentido";"Com Vítimas Feridas";"Plena Noite";"Crescente";"Nublado";"Dupla";"Reta";"Sim";2;0;1;0;0;1;1;2;-23,65508497;-46,84918605;"SPRF-SP";"DEL04-SP";"UOP01-DEL04-SP"
385139;2021-09-22;"quarta-feira";"13:40:00";"BA";101;273;"LAJE";"Ultrapassagem Indevida";"Colisão frontal";"Com Vítimas Feridas";"Pleno dia";"Crescente";"Sol";"Simples";"Curva";"Não";2;0;1;0;1;0;1;2;-13,173819;-39,317437;"SPRF-BA";"DEL01-BA";"UOP02-DEL01-BA"
385140;2021-09-22;"quarta-feira";"18:30:00";"PE";428;10,9;"CABROBO";"Entrada inopinada do pedestre";"Atropelamento de Pedestre";"Com Vítimas Feridas";"Plena Noite";"Crescente";"Céu Claro";"Simples";"Aclive";"Sim";2;0;0;1;1;0;1;2;-8,5091915;-39,30745984;"SPRF-PE";"DEL05-PE";"UOP03-DEL05-PE"
385144;2021-09-22;"quarta-feira";"19:05:00";"PE";428;0,3;"BELEM DE SAO FRANCISCO";"Reação tardia ou ineficiente do condutor";"Queda de ocupante de veículo";"Com Vítimas Feridas";"Plena Noite";"Decrescente";"Céu Claro";"Simples";"Reta";"Não";1;0;1;0;0;0;1;1;-8,547853;-39,226963;"SPRF-PE";"DEL05-PE";"UOP01-DEL05-PE"
385146;2021-09-22;"quarta-feira";"21:07:00";"PR";280;282,9;"FLOR DA SERRA DO SUL";"Pedestre andava na pista";"Atropelamento de Pedestre";"Com Vítimas Fatais";"Plena Noite";"Crescente";"Céu Claro";"Simples";"Reta";"Não";4;1;0;0;3;0;0;2;-26,23960016;-53,24050599;"SPRF-PR";"DEL02-PR";"UOP01-DEL02-PR"
385147;2021-09-22;"quarta-feira";"19:30:00";"AC";364;132;"RIO BRANCO";"Mal súbito do condutor";"Saída de leito carroçável";"Com Vítimas Feridas";"Plena Noite";"Decrescente";"Céu Claro";"Dupla";"Curva";"Sim";1;0;1;0;0;0;1;1;-10,01005063;-67,84552927;"SPRF-AC";"DEL01-AC";"UOP01-DEL01-AC"
385149;2021-09-22;"quarta-feira";"20:15:00";"MA";222;673;"ACAILANDIA";"Acessar a via sem observar a presença dos outros veículos";"Colisão transversal";"Com Vítimas Feridas";"Plena Noite";"Crescente";"Céu Claro";"Simples";"Reta;Aclive";"Sim";2;0;0;1;1;0;1;2;-4,945617;-47,473761;"SPRF-MA";"DEL04-MA";"UOP03-DEL04-MA"
385151;2021-09-22;"quarta-feira";"22:30:00";"SP";116;284;"ITAPECERICA DA SERRA";"Entrada inopinada do pedestre";"Atropelamento de Pedestre";"Com Vítimas Fatais";"Plena Noite";"Crescente";"Céu Claro";"Dupla";"Reta";"Sim";2;1;0;0;1;0;0;2;-23,69998;-46,867767;"SPRF-SP";"DEL04-SP";"UOP01-DEL04-SP"
385153;2021-09-22;"quarta-feira";"22:40:00";"SP";116;110,9;"TAUBATE";"Acessar a via sem observar a presença dos outros veículos";"Tombamento";"Com Vítimas Feridas";"Plena Noite";"Decrescente";"Nublado";"Dupla";"Reta";"Sim";1;0;1;0;0;0;1;1;-23,03412614;-45,5526999;"SPRF-SP";"DEL02-SP";"UOP02-DEL02-SP"
385157;2021-09-22;"quarta-feira";"15:55:00";"SC";101;409,9;"ARARANGUA";"Ingestão de álcool pelo condutor";"Colisão lateral mesmo sentido";"Sem Vítimas";"Pleno dia";"Decrescente";"Céu Claro";"Simples";"Rotatória";"Sim";2;0;0;0;2;0;0;2;-28,91482796;-49,48625305;"SPRF-SC";"DEL02-SC";"UOP02-DEL02-SC"
385158;2021-09-22;"quarta-feira";"22:51:00";"CE";222;312;"TIANGUA";"Entrada inopinada do pedestre";"Atropelamento de Pedestre";"Com Vítimas Feridas";"Plena Noite";"Decrescente";"Céu Claro";"Simples";"Reta";"Sim";2;0;0;2;0;0;2;2;-3,71699311;-40,9914242;"SPRF-CE";"DEL04-CE";"UOP02-DEL04-CE"
385159;2021-09-22;"quarta-feira";"21:20:00";"RO";364;342,1;"JI-PARANA";"Ausência de reação do condutor";"Tombamento";"Com Vítimas Feridas";"Plena Noite";"Crescente";"Céu Claro";"Dupla";"Reta";"Sim";2;0;1;1;0;0;2;1;-10,88407773;-61,93738282;"SPRF-RO";"DEL02-RO";"UOP01-DEL02-RO"
385160;2021-09-22;"quarta-feira";"22:40:00";"SP";116;154;"SAO JOSE DOS CAMPOS";"Velocidade Incompatível";"Tombamento";"Com Vítimas Feridas";"Plena Noite";"Crescente";"Céu Claro";"Simples";"Curva";"Sim";1;0;1;0;0;0;1;1;-23,23903999;-45,92061901;"SPRF-SP";"DEL02-SP";"UOP01-DEL02-SP"
385162;2021-09-22;"quarta-feira";"18:30:00";"MG";116;528;"CARATINGA";"Acessar a via sem observar a presença dos outros veículos";"Colisão transversal";"Com Vítimas Feridas";"Anoitecer";"Decrescente";"Céu Claro";"Simples";"Interseção de Vias";"Sim";2;0;1;0;1;0;1;2;-19,794033;-42,13731414;"SPRF-MG";"DEL06-MG";"UOP02-DEL06-MG"
385164;2021-08-17;"terça-feira";"08:30:00";"RJ";393;250;"BARRA DO PIRAI";"Acessar a via sem observar a presença dos outros veículos";"Colisão transversal";"Com Vítimas Feridas";"Pleno dia";"Crescente";"Céu Claro";"Simples";"Reta";"Não";2;0;0;1;1;0;1;2;-22,42457483;-43,76088293;"SPRF-RJ";"DEL05-RJ";"UOP04-DEL05-RJ"
385165;2021-09-23;"quinta-feira";"00:00:00";"MS";163;278,9;"DOURADOS";"Animais na Pista";"Tombamento";"Com Vítimas Fatais";"Plena Noite";"Crescente";"Céu Claro";"Dupla";"Reta";"Não";1;1;0;0;0;0;0;1;-22,14945463;-54,6341663;"SPRF-MS";"DEL04-MS";"UOP01-DEL04-MS"
385166;2021-09-22;"quarta-feira";"23:35:00";"SC";282;20,1;"PALHOCA";"Transitar na contramão";"Colisão frontal";"Com Vítimas Feridas";"Plena Noite";"Decrescente";"Céu Claro";"Simples";"Reta";"Sim";3;0;0;1;1;1;1;3;-27,68445915;-48,71073961;"SPRF-SC";"DEL01-SC";"UOP02-DEL01-SC"
385167;2021-09-23;"quinta-feira";"01:08:00";"SC";101;345,3;"TUBARAO";"Ingestão de álcool pelo condutor";"Saída de leito carroçável";"Com Vítimas Feridas";"Plena Noite";"Crescente";"Céu Claro";"Dupla";"Reta;Ponte";"Não";1;0;1;0;0;0;1;1;-28,55806388;-49,0544486;"SPRF-SC";"DEL02-SC";"UOP01-DEL02-SC"
385176;2021-09-23;"quinta-feira";"05:10:00";"MG";50;16;"UBERLANDIA";"Animais na Pista";"Atropelamento de Animal";"Com Vítimas Feridas";"Amanhecer";"Crescente";"Céu Claro";"Dupla";"Reta";"Sim";1;0;0;1;0;0;1;1;-18,9113;-48,2622;"SPRF-MG";"DEL15-MG";"UOP01-DEL15-MG"
385177;2021-09-23;"quinta-feira";"06:30:00";"BA";101;503;"ITABUNA";"Acesso irregular";"Colisão transversal";"Com Vítimas Feridas";"Pleno dia";"Crescente";"Céu Claro";"Simples";"Curva";"Não";4;0;1;1;1;1;2;3;-14,77106481;-39,29208755;"SPRF-BA";"DEL05-BA";"UOP01-DEL05-BA"
385178;2021-09-22;"quarta-feira";"19:00:00";"BA";116;779;"PLANALTO";"Transitar na contramão";"Colisão frontal";"Com Vítimas Feridas";"Plena Noite";"Crescente";"Nublado";"Simples";"Reta";"Sim";2;0;0;1;1;0;1;2;-14,62420805;-40,44735388;"SPRF-BA";"DEL08-BA";"UOP02-DEL08-BA"
385180;2021-09-23;"quinta-feira";"06:45:00";"SC";280;54,2;"GUARAMIRIM";"Acessar a via sem observar a presença dos outros veículos";"Colisão transversal";"Com Vítimas Feridas";"Amanhecer";"Decrescente";"Nublado";"Dupla";"Reta";"Não";2;0;1;0;1;0;1;2;-26,47539893;-48,983748;"SPRF-SC";"DEL03-SC";"UOP03-DEL03-SC"
385182;2021-09-23;"quinta-feira";"06:50:00";"GO";40;6,6;"LUZIANIA";"Ausência de reação do condutor";"Colisão lateral mesmo sentido";"Com Vítimas Feridas";"Pleno dia";"Crescente";"Céu Claro";"Dupla";"Reta";"Sim";2;0;1;0;1;0;1;2;-16,100814;-47,977351;"SPRF-DF";"DEL01-DF";"UOP01-DEL01-DF"
385183;2021-09-23;"quinta-feira";"06:50:00";"SC";470;128,8;"LONTRAS";"Reação tardia ou ineficiente do condutor";"Colisão frontal";"Com Vítimas Feridas";"Pleno dia";"Decrescente";"Nublado";"Simples";"Curva";"Não";2;0;0;1;1;0;1;2;-27,14841845;-49,55617558;"SPRF-SC";"DEL04-SC";"UOP02-DEL04-SC"
385184;2021-09-25;"sábado";"07:30:00";"GO";40;31;"LUZIANIA";"Reação tardia ou ineficiente do condutor";"Tombamento";"Com Vítimas Feridas";"Pleno dia";"Crescente";"Sol";"Dupla";"Reta";"Não";1;0;0;1;0;0;1;1;-16,57758227;-47,78575301;"SPRF-DF";"DEL01-DF";"UOP01-DEL01-DF"
385190;2021-09-23;"quinta-feira";"07:15:00";"PR";277;123;"CAMPO LARGO";"Animais na Pista";"Atropelamento de Animal";"Com Vítimas Feridas";"Pleno dia";"Crescente";"Nublado";"Dupla";"Curva";"Não";1;0;1;0;0;0;1;1;-25,44617666;-49,57044309;"SPRF-PR";"DEL01-PR";"UOP03-DEL03-PR"
385192;2021-09-23;"quinta-feira";"07:20:00";"PR";369;137,8;"IBIPORA";"Desrespeitar a preferência no cruzamento";"Colisão transversal";"Com Vítimas Feridas";"Pleno dia";"Crescente";"Céu Claro";"Simples";"Interseção de Vias";"Sim";2;0;1;0;1;0;1;2;-23,27100448;-51,04837596;"SPRF-PR";"DEL07-PR";"UOP01-DEL07-PR"
385195;2021-09-23;"quinta-feira";"06:30:00";"PB";101;57,4;"SANTA RITA";"Reação tardia ou ineficiente do condutor";"Queda de ocupante de veículo";"Sem Vítimas";"Amanhecer";"Decrescente";"Nublado";"Dupla";"Reta";"Não";1;0;0;0;0;1;0;1;-6,99352402;-35,06896004;"SPRF-PB";"DEL01-PB";"UOP04-DEL01-PB"
385196;2021-09-23;"quinta-feira";"08:20:00";"SP";116;56,1;"GUARATINGUETA";"Demais falhas mecânicas ou elétricas";"Incêndio";"Sem Vítimas";"Pleno dia";"Decrescente";"Sol";"Dupla";"Reta";"Não";1;0;0;0;1;0;0;1;-22,76904403;-45,13040598;"SPRF-SP";"DEL08-SP";"UOP02-DEL08-SP"
385197;2021-09-23;"quinta-feira";"07:44:00";"RJ";101;318;"SAO GONCALO";"Manobra de mudança de faixa";"Colisão lateral mesmo sentido";"Com Vítimas Feridas";"Pleno dia";"Crescente";"Céu Claro";"Dupla";"Reta";"Não";3;0;1;0;2;0;1;3;-22,84562994;-43,09841211;"SPRF-RJ";"DEL02-RJ";"UOP02-DEL02-RJ"
385198;2021-09-23;"quinta-feira";"08:50:00";"GO";452;2;"RIO VERDE";"Condutor deixou de manter distância do veículo da frente";"Colisão traseira";"Com Vítimas Feridas";"Pleno dia";"Decrescente";"Céu Claro";"Múltipla";"Reta";"Sim";2;0;1;0;1;0;1;2;-17,79595391;-50,88555295;"SPRF-GO";"DEL04-GO";"UOP01-DEL04-GO"
385201;2021-09-23;"quinta-feira";"08:50:00";"RJ";116;143;"DUQUE DE CAXIAS";"Curva acentuada";"Tombamento";"Com Vítimas Feridas";"Pleno dia";"Crescente";"Céu Claro";"Múltipla";"Retorno Regulamentado";"Sim";2;0;2;0;0;0;2;1;-22,67197644;-43,28753829;"SPRF-RJ";"DEL01-RJ";"UOP01-DEL01-RJ"
385202;2021-09-23;"quinta-feira";"08:40:00";"MA";10;255;"IMPERATRIZ";"Condutor deixou de manter distância do veículo da frente";"Colisão traseira";"Com Vítimas Feridas";"Pleno dia";"Crescente";"Céu Claro";"Simples";"Reta";"Sim";3;0;1;0;1;1;1;3;-5,502644;-47,471586;"SPRF-MA";"DEL04-MA";"UOP01-DEL04-MA"
385203;2021-09-23;"quinta-feira";"09:00:00";"SC";282;4;"FLORIANOPOLIS";"Reação tardia ou ineficiente do condutor";"Queda de ocupante de veículo";"Com Vítimas Feridas";"Pleno dia";"Crescente";"Céu Claro";"Simples";"Reta";"Não";1;0;1;0;0;0;1;1;-27,592646;-48,604034;"SPRF-SC";"DEL01-SC";"UOP01-DEL01-SC"
385204;2021-07-29;"quinta-feira";"18:15:00";"PR";376;180;"MARINGA";"Condutor deixou de manter distância do veículo da frente";"Colisão traseira";"Com Vítimas Feridas";"Plena Noite";"Crescente";"Céu Claro";"Dupla";"Reta";"Sim";2;0;1;0;1;0;1;2;-23,42725352;-51,89512271;"SPRF-PR";"DEL09-PR";"UOP01-DEL09-PR"
385205;2021-07-29;"quinta-feira";"13:50:00";"MG";381;452;"SABARA";"Pedestre andava na pista";"Atropelamento de Pedestre";"Com Vítimas Feridas";"Pleno dia";"Crescente";"Céu Claro";"Simples";"Reta";"Não";2;0;1;1;0;0;2;2;-19,84339604;-43,88596993;"SPRF-MG";"DEL01-MG";"UOP01-DEL01-MG"
385207;2021-09-23;"quinta-feira";"09:20:00";"RS";116;610;"ARROIO GRANDE";"Acostamento em desnível";"Saída de leito carroçável";"Com Vítimas Feridas";"Pleno dia";"Crescente";"Céu Claro";"Simples";"Reta";"Sim";1;0;1;0;0;0;1;1;-32,27068427;-53,09520721;"SPRF-RS";"DEL07-RS";"UOP03-DEL07-RS"
385208;2021-08-14;"sábado";"10:00:00";"RO";364;13;"VILHENA";"Desrespeitar a preferência no cruzamento";"Colisão transversal";"Com Vítimas Feridas";"Pleno dia";"Decrescente";"Céu Claro";"Simples";"Rotatória";"Sim";4;0;1;3;0;0;4;2;-12,74123756;-60,13296962;"SPRF-RO";"DEL04-RO";"UOP01-DEL04-RO"
385209;2021-09-23;"quinta-feira";"08:20:00";"PR";467;76,2;"TOLEDO";"Transitar na contramão";"Colisão transversal";"Sem Vítimas";"Pleno dia";"Decrescente";"Céu Claro";"Dupla";"Reta";"Não";2;0;0;0;2;0;0;2;-24,7592;-53,6955;"SPRF-PR";"DEL04-PR";"UOP01-DEL04-PR"
385210;2021-09-23;"quinta-feira";"09:50:00";"SP";116;184,8;"SANTA ISABEL";"Reação tardia ou ineficiente do condutor";"Queda de ocupante de veículo";"Sem Vítimas";"Pleno dia";"Decrescente";"Céu Claro";"Múltipla";"Reta";"Não";1;0;0;0;1;0;0;1;-23,35197301;-46,180058;"SPRF-SP";"DEL01-SP";"UOP01-DEL01-SP"
385211;2021-09-11;"sábado";"22:45:00";"AL";316;84;"SANTANA DO IPANEMA";"Acesso irregular";"Colisão traseira";"Com Vítimas Feridas";"Plena Noite";"Crescente";"Céu Claro";"Dupla";"Curva";"Sim";2;0;0;1;1;0;1;2;-9,36681348;-37,25183498;"SPRF-AL";"DEL03-AL";"UOP02-DEL03-AL"
385212;2021-09-23;"quinta-feira";"08:42:00";"RJ";40;103;"DUQUE DE CAXIAS";"Animais na Pista";"Colisão traseira";"Com Vítimas Feridas";"Pleno dia";"Decrescente";"Céu Claro";"Dupla";"Reta";"Não";3;0;1;0;2;0;1;2;-22,62009;-43,286922;"SPRF-RJ";"DEL01-RJ";"UOP01-DEL01-RJ"