"id";"data_inversa";"dia_semana";"horario";"uf";"br";"km";"municipio";"causa_acidente";"tipo_acidente";"classificacao_acidente";"fase_dia";"sentido_via";"condicao_metereologica";"tipo_pista";"tracado_via";"uso_solo";"pessoas";"mortos";"feridos_leves";"feridos_graves";"ilesos";"ignorados";"feridos";"veiculos";"latitude";"longitude";"regional";"delegacia";"uop"
385213;2021-09-23;"quinta-feira";"06:35:00";"RJ";101;403;"ITAGUAI";"Condutor deixou de manter distância do veículo da frente";"Colisão traseira";"Com Vítimas Feridas";"Pleno dia";"Decrescente";"Céu Claro";"Dupla";"Reta";"Sim";2;0;0;1;0;1;1;2;-22,85924449;-43,79010059;"SPRF-RJ";"DEL03-RJ";"UOP01-DEL03-RJ"
385214;2021-08-29;"domingo";"14:30:00";"BA";101;718;"EUNAPOLIS";"Animais na Pista";"Atropelamento de Animal";"Com Vítimas Feridas";"Pleno dia";"Decrescente";"Céu Claro";"Simples";"Reta";"Sim";1;0;0;1;0;0;1;1;-16,37021538;-39,58305359;"SPRF-BA";"DEL09-BA";"UOP01-DEL09-BA"
385216;2021-09-23;"quinta-feira";"10:45:00";"DF";60;2,8;"BRASILIA";"Ausência de reação do condutor";"Capotamento";"Sem Vítimas";"Pleno dia";"Crescente";"Céu Claro";"Dupla";"Reta";"Sim";2;0;0;0;1;1;0;1;-15,887383;-48,077988;"SPRF-DF";"DEL03-DF";"UOP01-DEL03-DF"
385219;2021-08-14;"sábado";"15:46:00";"RJ";465;12,9;"SEROPEDICA";"Transitar no acostamento";"Colisão transversal";"Com Vítimas Feridas";"Pleno dia";"Decrescente";"Nublado";"Simples";"Reta";"Sim";4;0;0;1;1;2;1;3;-22,7987305;-43,6452146;"SPRF-RJ";"DEL01-RJ";"UOP03-DEL01-RJ"
385221;2021-09-23;"quinta-feira";"11:00:00";"TO";153;324,6;"GUARAI";"Ultrapassagem Indevida";"Colisão lateral sentido oposto";"Com Vítimas Feridas";"Pleno dia";"Crescente";"Céu Claro";"Simples";"Reta";"Não";2;0;0;1;1;0;1;2;-8,78153102;-48,51156678;"SPRF-TO";"DEL02-TO";"UOP02-DEL02-TO"
385222;2021-09-23;"quinta-feira";"11:00:00";"ES";101;269;"SERRA";"Manobra de mudança de faixa";"Colisão lateral mesmo sentido";"Com Vítimas Feridas";"Pleno dia";"Decrescente";"Sol";"Dupla";"Reta";"Sim";2;0;1;0;1;0;1;2;-20,21740496;-40,26990578;"SPRF-ES";"DEL02-ES";"UOP01-DEL02-ES"
385224;2021-09-23;"quinta-feira";"11:15:00";"RN";101;130;"SAO JOSE DE MIPIBU";"Acessar a via sem observar a presença dos outros veículos";"Colisão lateral mesmo sentido";"Com Vítimas Feridas";"Pleno dia";"Crescente";"Sol";"Dupla";"Reta";"Não";2;0;1;0;1;0;1;2;-6,11942871;-35,22935423;"SPRF-RN";"DEL01-RN";"UOP01-DEL01-RN"
385225;2021-09-23;"quinta-feira";"11:45:00";"PE";232;84,3;"GRAVATA";"Velocidade Incompatível";"Saída de leito carroçável";"Com Vítimas Feridas";"Pleno dia";"Decrescente";"Céu Claro";"Dupla";"Reta";"Não";7;0;2;3;2;0;5;1;-8,2059894;-35,60359683;"SPRF-PE";"DEL02-PE";"UOP02-DEL02PE"
385228;2021-09-23;"quinta-feira";"12:15:00";"DF";20;21;"BRASILIA";"Acessar a via sem observar a presença dos outros veículos";"Colisão transversal";"Com Vítimas Feridas";"Pleno dia";"Decrescente";"Sol";"Dupla";"Reta";"Sim";3;0;2;0;1;0;2;2;-15,603384;-47,684692;"SPRF-DF";"DEL02-DF";"UOP01-DEL02-DF"
385229;2021-09-23;"quinta-feira";"12:10:00";"RN";405;2,2;"MOSSORO";"Ausência de reação do condutor";"Colisão traseira";"Com Vítimas Feridas";"Pleno dia";"Decrescente";"Céu Claro";"Dupla";"Retorno Regulamentado";"Sim";4;0;1;0;3;0;1;2;-5,19290189;-37,37214273;"SPRF-RN";"DEL04-RN";"UOP02-DEL04-RN"
385230;2021-09-23;"quinta-feira";"11:15:00";"MG";365;619,8;"UBERLANDIA";"Desrespeitar a preferência no cruzamento";"Colisão transversal";"Com Vítimas Feridas";"Pleno dia";"Decrescente";"Sol";"Múltipla";"Aclive;Interseção de Vias;Reta";"Sim";2;0;0;1;1;0;1;2;-18,89926195;-48,27319804;"SPRF-MG";"DEL15-MG";"UOP01-DEL15-MG"
385231;2021-09-23;"quinta-feira";"12:20:00";"CE";20;407;"CAUCAIA";"Condutor Dormindo";"Saída de leito carroçável";"Com Vítimas Feridas";"Pleno dia";"Decrescente";"Céu Claro";"Dupla";"Reta";"Não";1;0;1;0;0;0;1;1;-3,76999035;-38,67006282;"SPRF-CE";"DEL01-CE";"UOP01-DEL01-CE"
385234;2021-09-23;"quinta-feira";"11:10:00";"AP";156;315;"PORTO GRANDE";"Acesso irregular";"Colisão transversal";"Com Vítimas Feridas";"Pleno dia";"Crescente";"Céu Claro";"Simples";"Curva";"Não";2;0;1;0;0;1;1;2;0,692801;-51,370804;"SPRF-AP";"DEL01-AP";"UOP01-DEL01-AP"
385235;2021-09-03;"sexta-feira";"10:30:00";"RJ";116;131;"MAGE";"Reação tardia ou ineficiente do condutor";"Atropelamento de Pedestre";"Com Vítimas Feridas";"Pleno dia";"Decrescente";"Céu Claro";"Dupla";"Reta";"Não";3;0;1;1;1;0;2;2;-22,65608024;-43,12511494;"SPRF-RJ";"DEL04-RJ";"UOP02-DEL04-RJ"
385237;2021-06-11;"sexta-feira";"15:40:00";"BA";0;0;"SALVADOR";"Declive acentuado";"Colisão com objeto";"Sem Vítimas";"Pleno dia";"Não Informado";"Sol";"Simples";"Declive";"Sim";1;0;0;0;1;0;0;1;-12,88163885;-38,42877215;"SPRF-BA";"DEL01-BA";"UOP01-DEL01-BA"
385241;2021-09-23;"quinta-feira";"14:20:00";"SC";470;63;"INDAIAL";"Acessar a via sem observar a presença dos outros veículos";"Colisão lateral mesmo sentido";"Com Vítimas Feridas";"Pleno dia";"Crescente";"Céu Claro";"Simples";"Reta";"Não";2;0;1;0;1;0;1;2;-26,872396;-49,19228;"SPRF-SC";"DEL04-SC";"UOP01-DEL04-SC"
385242;2021-09-23;"quinta-feira";"11:00:00";"MG";381;510;"SAO JOAQUIM DE BICAS";"Conversão proibida";"Colisão transversal";"Com Vítimas Feridas";"Pleno dia";"Crescente";"Céu Claro";"Simples";"Reta";"Não";2;0;0;1;0;1;1;2;-20,07738209;-44,30434488;"SPRF-MG";"DEL01-MG";"UOP03-DEL01-MG"
385244;2021-09-23;"quinta-feira";"10:00:00";"MG";153;22,8;"CENTRALINA";"Ausência de reação do condutor";"Saída de leito carroçável";"Sem Vítimas";"Pleno dia";"Crescente";"Céu Claro";"Dupla";"Reta";"Não";1;0;0;0;1;0;0;1;-18,61511099;-49,19148491;"SPRF-MG";"DEL15-MG";"UOP03-DEL15-MG"
385246;2021-09-23;"quinta-feira";"14:30:00";"RS";470;163;"VILA FLORES";"Condutor Dormindo";"Saída de leito carroçável";"Com Vítimas Feridas";"Pleno dia";"Decrescente";"Garoa/Chuvisco";"Simples";"Curva";"Não";2;0;2;0;0;0;2;1;-28,82755543;-51,58058532;"SPRF-RS";"DEL06-RS";"UOP02-DEL06-RS"
385248;2021-09-23;"quinta-feira";"12:05:00";"MT";364;269,1;"JACIARA";"Transitar na contramão";"Colisão lateral sentido oposto";"Com Vítimas Feridas";"Pleno dia";"Crescente";"Sol";"Dupla";"Reta";"Sim";2;0;1;1;0;0;2;2;-15,974228;-54,938;"SPRF-MT";"DEL02-MT";"UOP01-DEL02-MT"
385251;2021-09-23;"quinta-feira";"14:30:00";"RS";285;82,3;"BOM JESUS";"Reação tardia ou ineficiente do condutor";"Saída de leito carroçável";"Com Vítimas Feridas";"Pleno dia";"Decrescente";"Nublado";"Simples";"Curva";"Não";1;0;0;1;0;0;1;1;-28,64941321;-50,62606215;"SPRF-RS";"DEL05-RS";"UOP03-DEL05-RS"
385253;2021-09-23;"quinta-feira";"12:50:00";"MT";70;330;"DOM AQUINO";"Avarias e/ou desgaste excessivo no pneu";"Capotamento";"Com Vítimas Feridas";"Pleno dia";"Crescente";"Céu Claro";"Simples";"Reta";"Não";2;0;2;0;0;0;2;1;-15,51156169;-54,70689107;"SPRF-MT";"DEL05-MT";"UOP01-DEL05-MT"
385254;2021-09-23;"quinta-feira";"15:10:00";"GO";40;31,7;"LUZIANIA";"Manobra de mudança de faixa";"Saída de leito carroçável";"Com Vítimas Feridas";"Pleno dia";"Crescente";"Céu Claro";"Dupla";"Reta";"Não";1;0;1;0;0;0;1;1;-16,29014898;-47,85333579;"SPRF-DF";"DEL01-DF";"UOP01-DEL01-DF"
385256;2021-09-23;"quinta-feira";"08:30:00";"RJ";101;303;"SAO GONCALO";"Manobra de mudança de faixa";"Colisão lateral mesmo sentido";"Com Vítimas Feridas";"Pleno dia";"Crescente";"Céu Claro";"Dupla";"Reta";"Sim";2;0;1;0;1;0;1;2;-22,7828205;-42,9766681;"SPRF-RJ";"DEL02-RJ";"UOP02-DEL02-RJ"
385257;2021-09-23;"quinta-feira";"15:30:00";"MG";381;490,2;"BETIM";"Condutor deixou de manter distância do veículo da frente";"Colisão traseira";"Com Vítimas Feridas";"Pleno dia";"Crescente";"Céu Claro";"Múltipla";"Reta";"Sim";2;0;1;0;1;0;1;2;-19,95617657;-44,14412152;"SPRF-MG";"DEL01-MG";"UOP03-DEL01-MG"
385258;2021-09-23;"quinta-feira";"13:40:00";"MA";222;213;"ITAPECURU MIRIM";"Acumulo de areia ou detritos sobre o pavimento";"Saída de leito carroçável";"Com Vítimas Feridas";"Pleno dia";"Crescente";"Sol";"Simples";"Em Obras";"Não";2;0;1;0;1;0;1;1;-3,36418481;-44,39855587;"SPRF-MA";"DEL01-MA";"UOP02-DEL01-MA"
385259;2021-09-23;"quinta-feira";"16:25:00";"SC";101;195,7;"BIGUACU";"Ingestão de álcool pelo condutor";"Colisão transversal";"Com Vítimas Feridas";"Pleno dia";"Decrescente";"Céu Claro";"Múltipla";"Viaduto";"Sim";2;0;1;0;1;0;1;2;-27,50671924;-48,64747743;"SPRF-SC";"DEL01-SC";"UOP01-DEL01-SC"
385260;2021-09-23;"quinta-feira";"14:50:00";"RJ";101;320;"NITEROI";"Reação tardia ou ineficiente do condutor";"Colisão com objeto";"Com Vítimas Fatais";"Pleno dia";"Decrescente";"Céu Claro";"Múltipla";"Curva";"Sim";1;1;0;0;0;0;0;1;-22,86171098;-43,10714015;"SPRF-RJ";"DEL02-RJ";"UOP02-DEL02-RJ"
385262;2021-09-23;"quinta-feira";"15:00:00";"PE";232;75,1;"GRAVATA";"Reação tardia ou ineficiente do condutor";"Colisão lateral mesmo sentido";"Com Vítimas Feridas";"Pleno dia";"Crescente";"Céu Claro";"Dupla";"Declive;Reta";"Não";2;0;1;0;1;0;1;2;-8,19737799;-35,525476;"SPRF-PE";"DEL02-PE";"UOP02-DEL02PE"
385263;2021-09-23;"quinta-feira";"16:50:00";"RJ";116;176;"NOVA IGUACU";"Trafegar com motocicleta (ou similar) entre as faixas";"Queda de ocupante de veículo";"Com Vítimas Feridas";"Pleno dia";"Crescente";"Céu Claro";"Múltipla";"Reta";"Sim";3;0;1;0;1;1;1;2;-22,7839538;-43,38195488;"SPRF-RJ";"DEL01-RJ";"UOP02-DEL01-RJ"
385265;2021-09-20;"segunda-feira";"04:44:00";"SC";470;52;"BLUMENAU";"Velocidade Incompatível";"Tombamento";"Com Vítimas Feridas";"Plena Noite";"Decrescente";"Chuva";"Simples";"Reta";"Não";1;0;1;0;0;0;1;1;-26,862286;-49,093903;"SPRF-SC";"DEL04-SC";"UOP01-DEL04-SC"
385269;2021-09-23;"quinta-feira";"08:00:00";"SC";101;275;"IMBITUBA";"Avarias e/ou desgaste excessivo no pneu";"Capotamento";"Com Vítimas Feridas";"Pleno dia";"Crescente";"Nublado";"Simples";"Reta";"Não";2;0;1;0;1;0;1;1;-28,138086;-48,69218292;"SPRF-SC";"DEL02-SC";"UOP03-DEL02-SC"
385270;2021-09-23;"quinta-feira";"14:45:00";"RO";319;46;"PORTO VELHO";"Carga excessiva e/ou mal acondicionada";"Tombamento";"Com Vítimas Feridas";"Pleno dia";"Decrescente";"Nublado";"Simples";"Reta";"Não";1;0;0;1;0;0;1;1;-8,668068;-63,995031;"SPRF-RO";"DEL01-RO";"UOP01-DEL01-RO"
385271;2021-09-23;"quinta-feira";"15:15:00";"RS";116;142;"CAXIAS DO SUL";"Condutor desrespeitou a iluminação vermelha do semáforo";"Colisão transversal";"Com Vítimas Feridas";"Pleno dia";"Decrescente";"Chuva";"Dupla";"Reta";"Sim";2;0;1;0;1;0;1;2;-29,11727;-51,115208;"SPRF-RS";"DEL05-RS";"UOP01-DEL05-RS"
385272;2021-09-23;"quinta-feira";"14:40:00";"PR";163;135;"CAPITAO LEONIDAS MARQUES";"Ausência de reação do condutor";"Saída de leito carroçável";"Com Vítimas Feridas";"Pleno dia";"Decrescente";"Céu Claro";"Simples";"Reta";"Não";2;0;2;0;0;0;2;1;-25,53888133;-53,59667746;"SPRF-PR";"DEL05-PR";"UOP05-DEL05-PR"
385273;2021-09-23;"quinta-feira";"18:15:00";"PE";232;9;"RECIFE";"Acessar a via sem observar a presença dos outros veículos";"Atropelamento de Pedestre";"Com Vítimas Feridas";"Plena Noite";"Decrescente";"Céu Claro";"Dupla";"Reta";"Sim";3;0;0;1;1;1;1;2;-8,07764447;-34,97863609;"SPRF-PE";"DEL01-PE";"UOP01-DEL01-PE"
385274;2021-09-23;"quinta-feira";"18:25:00";"RS";468;114,5;"TIRADENTES DO SUL";"Acessar a via sem observar a presença dos outros veículos";"Colisão transversal";"Com Vítimas Feridas";"Anoitecer";"Crescente";"Chuva";"Simples";"Curva";"Não";2;0;1;0;1;0;1;2;-27,40635813;-53,99966713;"SPRF-RS";"DEL08-RS";"UOP02-DEL08-RS"
385275;2021-09-23;"quinta-feira";"17:20:00";"SC";280;58,3;"GUARAMIRIM";"Reação tardia ou ineficiente do condutor";"Colisão lateral mesmo sentido";"Com Vítimas Feridas";"Pleno dia";"Decrescente";"Nublado";"Simples";"Rotatória;Interseção de Vias";"Sim";3;0;0;1;2;0;1;2;-26,47435696;-49,02005196;"SPRF-SC";"DEL03-SC";"UOP03-DEL03-SC"
385276;2021-09-10;"sexta-feira";"17:35:00";"RO";364;340,8;"JI-PARANA";"Condutor desrespeitou a iluminação vermelha do semáforo";"Colisão transversal";"Com Vítimas Feridas";"Pleno dia";"Decrescente";"Céu Claro";"Dupla";"Reta";"Sim";5;0;0;1;4;0;1;2;-10,89262694;-61,9305861;"SPRF-RO";"DEL02-RO";"UOP01-DEL02-RO"
385277;2021-09-23;"quinta-feira";"14:10:00";"RJ";101;252;"RIO BONITO";"Velocidade Incompatível";"Colisão com objeto";"Com Vítimas Feridas";"Pleno dia";"Decrescente";"Nublado";"Dupla";"Reta";"Não";1;0;1;0;0;0;1;1;-22,68214756;-42,53377419;"SPRF-RJ";"DEL02-RJ";"UOP03-DEL02-RJ"
385279;2021-09-23;"quinta-feira";"17:56:00";"PE";428;183;"PETROLINA";"Acessar a via sem observar a presença dos outros veículos";"Colisão frontal";"Com Vítimas Feridas";"Anoitecer";"Crescente";"Céu Claro";"Simples";"Reta";"Não";3;0;2;0;1;0;2;2;-9,32412987;-40,46211325;"SPRF-PE";"DEL06-PE";"UOP01-DEL06-PE"
385281;2021-09-23;"quinta-feira";"18:50:00";"SC";470;63;"INDAIAL";"Acessar a via sem observar a presença dos outros veículos";"Colisão transversal";"Com Vítimas Feridas";"Plena Noite";"Crescente";"Céu Claro";"Simples";"Reta";"Sim";2;0;1;0;1;0;1;2;-26,872396;-49,19228;"SPRF-SC";"DEL04-SC";"UOP01-DEL04-SC"
385285;2021-09-23;"quinta-feira";"18:34:00";"PA";316;97;"IGARAPE-ACU";"Demais falhas mecânicas ou elétricas";"Tombamento";"Com Vítimas Feridas";"Plena Noite";"Crescente";"Céu Claro";"Simples";"Reta";"Não";3;0;2;0;0;1;2;2;-1,33188337;-47,62160007;"SPRF-PA";"DEL01-PA";"UOP02-DEL01-PA"
385287;2021-09-23;"quinta-feira";"18:25:00";"RR";174;502;"BOA VISTA";"Acessar a via sem observar a presença dos outros veículos";"Colisão transversal";"Com Vítimas Feridas";"Plena Noite";"Decrescente";"Céu Claro";"Dupla";"Reta";"Sim";2;0;0;1;1;0;1;2;2,787376;-60,699524;"SPRF-RR";"DEL01-RR";"UOP01-DEL01-RR"
385290;2021-09-23;"quinta-feira";"19:20:00";"SC";282;16,7;"PALHOCA";"Condutor deixou de manter distância do veículo da frente";"Colisão traseira";"Com Vítimas Feridas";"Plena Noite";"Crescente";"Nublado";"Simples";"Interseção de Vias";"Sim";2;0;1;0;1;0;1;2;-27,658611;-48,681847;"SPRF-SC";"DEL01-SC";"UOP02-DEL01-SC"
385292;2021-09-23;"quinta-feira";"20:00:00";"GO";40;1;"VALPARAISO DE GOIAS";"Ingestão de álcool ou de substâncias psicoativas pelo pedestre";"Atropelamento de Pedestre";"Com Vítimas Fatais";"Plena Noite";"Crescente";"Céu Claro";"Dupla";"Reta";"Sim";2;1;0;0;1;0;0;2;-16,058245;-47,982825;"SPRF-DF";"DEL01-DF";"UOP01-DEL01-DF"
385295;2021-09-23;"quinta-feira";"17:20:00";"SC";470;8,7;"NAVEGANTES";"Desrespeitar a preferência no cruzamento";"Colisão transversal";"Com Vítimas Feridas";"Pleno dia";"Crescente";"Céu Claro";"Simples";"Reta";"Não";3;0;0;1;1;1;1;3;-26,83688;-48,718853;"SPRF-SC";"DEL04-SC";"UOP04-DEL04-SC"
385296;2021-09-23;"quinta-feira";"17:30:00";"SC";470;9,8;"NAVEGANTES";"Acessar a via sem observar a presença dos outros veículos";"Colisão transversal";"Com Vítimas Feridas";"Anoitecer";"Crescente";"Céu Claro";"Simples";"Reta";"Não";3;0;1;1;1;0;2;2;-26,833143;-48,727432;"SPRF-SC";"DEL04-SC";"UOP04-DEL04-SC"
385297;2021-09-23;"quinta-feira";"19:30:00";"SP";116;109;"TAUBATE";"Trafegar com motocicleta (ou similar) entre as faixas";"Colisão lateral mesmo sentido";"Com Vítimas Feridas";"Plena Noite";"Decrescente";"Nublado";"Dupla";"Reta";"Não";3;0;1;0;2;0;1;3;-23,02871304;-45,54517097;"SPRF-SP";"DEL08-SP";"UOP01-DEL08-SP"
385299;2021-09-23;"quinta-feira";"19:00:00";"SC";101;216,2;"PALHOCA";"Trafegar com motocicleta (ou similar) entre as faixas";"Colisão traseira";"Com Vítimas Feridas";"Plena Noite";"Decrescente";"Céu Claro";"Dupla";"Reta";"Sim";3;0;2;1;0;0;3;2;-27,65981409;-48,67747798;"SPRF-SC";"DEL01-SC";"UOP02-DEL01-SC"
385300;2021-09-23;"quinta-feira";"19:00:00";"TO";153;495,2;"PARAISO DO TOCANTINS";"Reação tardia ou ineficiente do condutor";"Colisão traseira";"Com Vítimas Feridas";"Plena Noite";"Decrescente";"Chuva";"Simples";"Interseção de Vias";"Sim";2;0;1;0;1;0;1;2;-10,17780605;-48,88010502;"SPRF-TO";"DEL01-TO";"UOP01-DEL01-TO"
385301;2021-09-23;"quinta-feira";"19:50:00";"ES";259;62;"COLATINA";"Animais na Pista";"Atropelamento de Animal";"Com Vítimas Feridas";"Plena Noite";"Crescente";"Céu Claro";"Simples";"Reta";"Não";1;0;0;1;0;0;1;1;-19,53124185;-40,68990791;"SPRF-ES";"DEL02-ES";"UOP01-DEL02-ES"
385304;2021-09-23;"quinta-feira";"18:15:00";"RO";364;231;"CACOAL";"Pista em desnível";"Tombamento";"Com Vítimas Feridas";"Anoitecer";"Crescente";"Nublado";"Simples";"Reta";"Não";1;0;1;0;0;0;1;1;-11,47035483;-61,39960784;"SPRF-RO";"DEL02-RO";"UOP02-DEL02-RO"
385305;2021-09-23;"quinta-feira";"18:45:00";"SP";381;74;"SAO PAULO";"Objeto estático sobre o leito carroçável";"Colisão com objeto";"Com Vítimas Feridas";"Plena Noite";"Decrescente";"Nublado";"Dupla";"Curva;Declive";"Não";1;0;1;0;0;0;1;1;-23,37208014;-46,55700294;"SPRF-SP";"DEL03-SP";"UOP01-DEL03-SP"
385306;2021-09-23;"quinta-feira";"18:00:00";"PR";153;42,4;"SANTO ANTONIO DA PLATINA";"Acessar a via sem observar a presença dos outros veículos";"Colisão transversal";"Com Vítimas Feridas";"Anoitecer";"Decrescente";"Céu Claro";"Simples";"Interseção de Vias";"Sim";2;0;1;0;1;0;1;2;-23,29512144;-50,06578041;"SPRF-PR";"DEL07-PR";"UOP04-DEL07-PR"
385307;2021-09-23;"quinta-feira";"20:20:00";"RS";116;265;"CANOAS";"Demais falhas mecânicas ou elétricas";"Queda de ocupante de veículo";"Com Vítimas Feridas";"Plena Noite";"Crescente";"Chuva";"Dupla";"Reta";"Não";1;0;1;0;0;0;1;1;-29,92342302;-51,17780944;"SPRF-RS";"DEL01-RS";"UOP01-DEL01-RS"
385309;2021-09-23;"quinta-feira";"19:45:00";"MG";381;480,5;"CONTAGEM";"Ultrapassagem Indevida";"Colisão lateral mesmo sentido";"Sem Vítimas";"Pleno dia";"Crescente";"Céu Claro";"Dupla";"Reta";"Sim";2;0;0;0;1;1;0;2;-19,95749597;-44,07899901;"SPRF-MG";"DEL01-MG";"UOP03-DEL01-MG"
385311;2021-09-23;"quinta-feira";"18:40:00";"MG";381;485,2;"BETIM";"Manobra de mudança de faixa";"Colisão lateral mesmo sentido";"Com Vítimas Feridas";"Plena Noite";"Crescente";"Céu Claro";"Dupla";"Reta";"Sim";2;0;1;0;1;0;1;2;-19,95659361;-44,12622893;"SPRF-MG";"DEL01-MG";"UOP03-DEL01-MG"
385313;2021-09-23;"quinta-feira";"20:15:00";"MA";222;671,8;"ACAILANDIA";"Animais na Pista";"Atropelamento de Animal";"Com Vítimas Feridas";"Plena Noite";"Decrescente";"Céu Claro";"Simples";"Reta";"Não";1;0;0;1;0;0;1;1;-4,92058223;-47,43051387;"SPRF-MA";"DEL04-MA";"UOP03-DEL04-MA"
385316;2021-09-23;"quinta-feira";"18:00:00";"SC";280;232;"CANOINHAS";"Desrespeitar a preferência no cruzamento";"Colisão frontal";"Com Vítimas Feridas";"Plena Noite";"Decrescente";"Nublado";"Simples";"Reta;Interseção de Vias";"Sim";2;0;1;0;1;0;1;2;-26,19014736;-50,38186997;"SPRF-SC";"DEL06-SC";"UOP04-DEL06-SC"
385318;2021-01-11;"segunda-feira";"07:00:00";"GO";70;7,2;"AGUAS LINDAS DE GOIAS";"Manobra de mudança de faixa";"Colisão traseira";"Com Vítimas Fatais";"Pleno dia";"Decrescente";"Céu Claro";"Dupla";"Reta";"Sim";5;1;0;1;2;1;1;3;-15,74375533;-48,26779708;"SPRF-DF";"DEL03-DF";"UOP02-DEL03-DF"
385319;2021-09-23;"quinta-feira";"20:15:00";"RS";470;227;"GARIBALDI";"Ausência de reação do condutor";"Tombamento";"Com Vítimas Feridas";"Plena Noite";"Crescente";"Garoa/Chuvisco";"Simples";"Reta";"Sim";1;0;1;0;0;0;1;1;-29,259553;-51,508573;"SPRF-RS";"DEL06-RS";"UOP01-DEL06-RS"
385320;2021-09-23;"quinta-feira";"21:40:00";"PR";277;82;"CURITIBA";"Ausência de reação do condutor";"Queda de ocupante de veículo";"Com Vítimas Feridas";"Plena Noite";"Crescente";"Céu Claro";"Dupla";"Reta";"Sim";2;0;1;0;1;0;1;2;-25,46125468;-49,22218323;"SPRF-PR";"DEL01-PR";"UOP01-DEL01-PR"
385321;2021-09-23;"quinta-feira";"16:30:00";"BA";324;520;"FEIRA DE SANTANA";"Ausência de reação do condutor";"Saída de leito carroçável";"Com Vítimas Feridas";"Pleno dia";"Crescente";"Nublado";"Dupla";"Reta;Declive";"Não";1;0;1;0;0;0;1;1;-12,28465651;-38,91975403;"SPRF-BA";"DEL01-BA";"UOP03-DEL01-BA"
385322;2021-09-23;"quinta-feira";"21:50:00";"SC";470;93;"ASCURRA";"Acessar a via sem observar a presença dos outros veículos";"Colisão transversal";"Com Vítimas Feridas";"Plena Noite";"Crescente";"Céu Claro";"Simples";"Reta";"Sim";2;0;0;1;1;0;1;2;-26,994484;-49,375908;"SPRF-SC";"DEL04-SC";"UOP01-DEL04-SC"
385324;2021-09-23;"quinta-feira";"22:15:00";"SC";470;139;"RIO DO SUL";"Velocidade Incompatível";"Colisão transversal";"Com Vítimas Feridas";"Plena Noite";"Crescente";"Chuva";"Simples";"Retorno Regulamentado";"Sim";2;0;0;1;1;0;1;2;-27,19941155;-49,63082314;"SPRF-SC";"DEL04-SC";"UOP02-DEL04-SC"
385326;2021-09-23;"quinta-feira";"23:00:00";"PR";277;8,5;"PARANAGUA";"Reação tardia ou ineficiente do condutor";"Saída de leito carroçável";"Com Vítimas Feridas";"Plena Noite";"Decrescente";"Nublado";"Dupla";"Reta";"Não";2;0;1;1;0;0;2;1;-25,565216;-48,600866;"SPRF-PR";"DEL01-PR";"UOP05-DEL01-PR"
385327;2021-09-22;"quarta-feira";"23:20:00";"PA";155;301;"MARABA";"Manobra de mudança de faixa";"Colisão frontal";"Com Vítimas Feridas";"Plena Noite";"Decrescente";"Céu Claro";"Simples";"Reta;Aclive";"Não";6;0;1;0;4;1;1;2;-5,72355612;-49,14191765;"SPRF-PA";"DEL03-PA";"UOP01-DEL03-PA"
385328;2021-09-23;"quinta-feira";"22:00:00";"RJ";116;271,2;"BARRA MANSA";"Reação tardia ou ineficiente do condutor";"Colisão traseira";"Com Vítimas Feridas";"Plena Noite";"Crescente";"Céu Claro";"Simples";"Aclive";"Sim";2;0;1;0;1;0;1;2;-22,560883;-44,12224;"SPRF-RJ";"DEL07-RJ";"UOP02-DEL07-RJ"
385329;2021-09-23;"quinta-feira";"23:50:00";"SP";116;269;"TABOAO DA SERRA";"Velocidade Incompatível";"Colisão traseira";"Com Vítimas Feridas";"Plena Noite";"Decrescente";"Nublado";"Dupla";"Reta";"Sim";2;0;1;0;0;1;1;2;-23,61593059;-46,78826044;"SPRF-SP";"DEL04-SP";"UOP01-DEL04-SP"
385333;2021-09-24;"sexta-feira";"01:50:00";"GO";60;191,2;"GUAPO";"Condutor Dormindo";"Saída de leito carroçável";"Com Vítimas Feridas";"Plena Noite";"Decrescente";"Céu Claro";"Dupla";"Reta";"Não";1;0;0;1;0;0;1;1;-16,8384;-49,5433;"SPRF-GO";"DEL01-GO";"UOP02-DEL01-GO"
385334;2021-09-24;"sexta-feira";"01:00:00";"MG";365;778,8;"ITUIUTABA";"Condutor Dormindo";"Saída de leito carroçável";"Com Vítimas Feridas";"Plena Noite";"Decrescente";"Céu Claro";"Simples";"Reta";"Não";2;0;1;0;0;1;1;1;-18,95778027;-49,69867601;"SPRF-MG";"DEL15-MG";"UOP03-DEL15-MG"
385336;2021-09-24;"sexta-feira";"01:50:00";"SC";280;25,5;"ARAQUARI";"Animais na Pista";"Atropelamento de Animal";"Com Vítimas Feridas";"Plena Noite";"Crescente";"Nublado";"Simples";"Reta";"Não";2;0;2;0;0;0;2;1;-26,38878462;-48,73302341;"SPRF-SC";"DEL03-SC";"UOP03-DEL03-SC"
385337;2021-09-24;"sexta-feira";"02:00:00";"GO";50;100,5;"CRISTALINA";"Animais na Pista";"Atropelamento de Animal";"Com Vítimas Feridas";"Plena Noite";"Crescente";"Céu Claro";"Dupla";"Reta";"Sim";1;0;1;0;0;0;1;1;-16,9309;-47,7117;"SPRF-DF";"DEL01-DF";"UOP02-DEL01-DF"