"id";"data_inversa";"dia_semana";"horario";"uf";"br";"km";"municipio";"causa_acidente";"tipo_acidente";"classificacao_acidente";"fase_dia";"sentido_via";"condicao_metereologica";"tipo_pista";"tracado_via";"uso_solo";"pessoas";"mortos";"feridos_leves";"feridos_graves";"ilesos";"ignorados";"feridos";"veiculos";"latitude";"longitude";"regional";"delegacia";"uop"
385339;2021-09-24;"sexta-feira";"02:45:00";"SC";101;209,2;"SAO JOSE";"Ingestão de álcool pelo condutor";"Colisão traseira";"Com Vítimas Feridas";"Plena Noite";"Crescente";"Céu Claro";"Múltipla";"Reta";"Sim";5;0;3;0;1;1;3;3;-27,60995753;-48,63909821;"SPRF-SC";"DEL01-SC";"UOP01-DEL01-SC"
385340;2021-09-24;"sexta-feira";"04:05:00";"RS";392;66;"PELOTAS";"Ingestão de álcool pelo condutor";"Saída de leito carroçável";"Sem Vítimas";"Plena Noite";"Decrescente";"Céu Claro";"Simples";"Desvio Temporário";"Não";1;0;0;0;1;0;0;1;-31,7627503;-52,39165019;"SPRF-RS";"DEL07-RS";"UOP01-DEL07-RS"
385344;2021-09-24;"sexta-feira";"05:30:00";"ES";101;367;"ANCHIETA";"Chuva";"Saída de leito carroçável";"Sem Vítimas";"Amanhecer";"Crescente";"Chuva";"Simples";"Reta";"Não";1;0;0;0;1;0;0;1;-20,74480799;-40,7602114;"SPRF-ES";"DEL03-ES";"UOP01-DEL03-ES"
385347;2021-09-24;"sexta-feira";"01:20:00";"MT";364;279;"JACIARA";"Ingestão de álcool pelo condutor";"Saída de leito carroçável";"Sem Vítimas";"Plena Noite";"Crescente";"Céu Claro";"Simples";"Curva";"Não";1;0;0;0;1;0;0;1;-15,94251105;-55,01446001;"SPRF-MT";"DEL05-MT";"UOP02-DEL05-MT"
385348;2021-09-24;"sexta-feira";"02:35:00";"PB";230;503;"CAJAZEIRAS";"Ausência de reação do condutor";"Colisão com objeto";"Sem Vítimas";"Plena Noite";"Decrescente";"Nublado";"Simples";"Curva";"Não";1;0;0;0;0;1;0;1;-6,8962;-38,534;"SPRF-PB";"DEL03-PB";"UOP03-DEL03-PB"
385351;2021-09-24;"sexta-feira";"07:30:00";"PR";376;202,3;"MANDAGUARI";"Objeto estático sobre o leito carroçável";"Colisão com objeto";"Com Vítimas Feridas";"Pleno dia";"Decrescente";"Céu Claro";"Dupla";"Reta";"Não";1;0;1;0;0;0;1;1;-23,50898276;-51,72466278;"SPRF-PR";"DEL09-PR";"UOP01-DEL09-PR"
385352;2021-09-24;"sexta-feira";"07:10:00";"CE";116;16;"EUSEBIO";"Condutor deixou de manter distância do veículo da frente";"Colisão traseira";"Com Vítimas Feridas";"Pleno dia";"Decrescente";"Céu Claro";"Dupla";"Reta";"Não";3;0;1;1;1;0;2;2;-3,88732794;-38,50185439;"SPRF-CE";"DEL01-CE";"UOP02-DEL01-CE"
385353;2021-09-24;"sexta-feira";"07:30:00";"DF";60;0;"BRASILIA";"Manobra de mudança de faixa";"Colisão traseira";"Com Vítimas Feridas";"Pleno dia";"Decrescente";"Céu Claro";"Dupla";"Reta";"Sim";4;0;1;0;3;0;1;2;-15,882499;-48,060212;"SPRF-DF";"DEL03-DF";"UOP01-DEL03-DF"
385354;2021-09-24;"sexta-feira";"04:40:00";"RS";116;177;"NOVA PETROPOLIS";"Condutor Dormindo";"Saída de leito carroçável";"Com Vítimas Feridas";"Plena Noite";"Decrescente";"Chuva";"Simples";"Reta";"Não";1;0;0;1;0;0;1;1;-29,35004568;-51,14426266;"SPRF-RS";"DEL05-RS";"UOP02-DEL05-RS"
385356;2021-09-24;"sexta-feira";"07:05:00";"PR";369;148;"LONDRINA";"Ingestão de álcool pelo condutor";"Colisão lateral mesmo sentido";"Com Vítimas Feridas";"Pleno dia";"Crescente";"Céu Claro";"Dupla";"Reta";"Sim";2;0;1;0;1;0;1;2;-23,292869;-51,141932;"SPRF-PR";"DEL07-PR";"UOP01-DEL07-PR"
385359;2021-09-24;"sexta-feira";"08:15:00";"PB";101;84,4;"BAYEUX";"Demais falhas mecânicas ou elétricas";"Queda de ocupante de veículo";"Com Vítimas Feridas";"Pleno dia";"Decrescente";"Garoa/Chuvisco";"Dupla";"Reta";"Sim";2;0;1;0;1;0;1;1;-7,13957906;-34,92312806;"SPRF-PB";"DEL01-PB";"UOP01-DEL01-PB"
385361;2021-08-14;"sábado";"21:00:00";"PR";153;335,4;"IRATI";"Conversão proibida";"Colisão lateral mesmo sentido";"Com Vítimas Feridas";"Plena Noite";"Decrescente";"Nublado";"Simples";"Reta";"Sim";2;0;0;1;0;1;1;2;-25,48894141;-50,64508883;"SPRF-PR";"DEL03-PR";"UOP03-DEL03-PR"
385362;2021-09-24;"sexta-feira";"08:45:00";"PB";101;84;"BAYEUX";"Reação tardia ou ineficiente do condutor";"Colisão traseira";"Com Vítimas Feridas";"Pleno dia";"Decrescente";"Nublado";"Dupla";"Reta";"Sim";2;0;1;0;1;0;1;2;-7,13957906;-34,92312806;"SPRF-PB";"DEL01-PB";"UOP01-DEL01-PB"
385363;2021-09-24;"sexta-feira";"08:00:00";"RS";480;65;"BARAO DE COTEGIPE";"Velocidade Incompatível";"Colisão frontal";"Com Vítimas Feridas";"Pleno dia";"Crescente";"Nublado";"Simples";"Curva";"Não";4;0;1;1;2;0;2;2;-27,62694605;-52,36726105;"SPRF-RS";"DEL08-RS";"UOP04-DEL08-RS"
385364;2021-09-24;"sexta-feira";"08:15:00";"SP";116;145;"SAO JOSE DOS CAMPOS";"Reação tardia ou ineficiente do condutor";"Colisão traseira";"Com Vítimas Feridas";"Pleno dia";"Crescente";"Céu Claro";"Múltipla";"Reta";"Não";3;0;1;0;1;1;1;3;-23,1869844;-45,8548078;"SPRF-SP";"DEL02-SP";"UOP01-DEL02-SP"
385365;2021-09-24;"sexta-feira";"07:05:00";"RN";304;38;"MOSSORO";"Acessar a via sem observar a presença dos outros veículos";"Colisão lateral mesmo sentido";"Com Vítimas Feridas";"Pleno dia";"Crescente";"Céu Claro";"Dupla";"Reta";"Sim";2;0;1;0;1;0;1;2;-5,18138457;-37,36832252;"SPRF-RN";"DEL04-RN";"UOP02-DEL04-RN"
385366;2021-09-24;"sexta-feira";"08:20:00";"RN";101;106;"PARNAMIRIM";"Condutor deixou de manter distância do veículo da frente";"Colisão traseira";"Com Vítimas Feridas";"Pleno dia";"Decrescente";"Céu Claro";"Dupla";"Reta";"Sim";5;0;3;0;2;0;3;3;-5,91056401;-35,26130795;"SPRF-RN";"DEL01-RN";"UOP01-DEL01-RN"
385367;2021-09-24;"sexta-feira";"08:20:00";"PE";101;71;"RECIFE";"Trafegar com motocicleta (ou similar) entre as faixas";"Queda de ocupante de veículo";"Com Vítimas Feridas";"Pleno dia";"Crescente";"Nublado";"Dupla";"Reta";"Sim";1;0;1;0;0;0;1;1;-8,07663102;-34,94277871;"SPRF-PE";"DEL01-PE";"UOP01-DEL01-PE"
385368;2021-09-24;"sexta-feira";"08:20:00";"RS";116;149,3;"CAXIAS DO SUL";"Manobra de mudança de faixa";"Colisão lateral mesmo sentido";"Sem Vítimas";"Pleno dia";"Crescente";"Chuva";"Múltipla";"Reta;Interseção de Vias;Retorno Regulamentado";"Sim";2;0;0;0;2;0;0;2;-29,15996905;-51,15645292;"SPRF-RS";"DEL05-RS";"UOP01-DEL05-RS"
385369;2021-08-15;"domingo";"23:10:00";"MT";174;6;"PONTES E LACERDA";"Acessar a via sem observar a presença dos outros veículos";"Colisão frontal";"Com Vítimas Fatais";"Plena Noite";"Crescente";"Céu Claro";"Simples";"Reta";"Sim";4;1;2;1;0;0;3;2;-15,21920178;-59,35254335;"SPRF-MT";"DEL04-MT";"UOP01-DEL04-MT"
385370;2021-09-24;"sexta-feira";"08:10:00";"SP";116;284;"EMBU DAS ARTES";"Manobra de mudança de faixa";"Engavetamento";"Com Vítimas Feridas";"Pleno dia";"Decrescente";"Céu Claro";"Dupla";"Reta";"Sim";7;0;1;1;5;0;2;3;-23,69998;-46,867767;"SPRF-SP";"DEL04-SP";"UOP01-DEL04-SP"
385371;2021-09-24;"sexta-feira";"09:10:00";"RN";304;236;"RIACHUELO";"Ultrapassagem Indevida";"Saída de leito carroçável";"Com Vítimas Feridas";"Pleno dia";"Decrescente";"Céu Claro";"Simples";"Ponte";"Não";3;0;0;2;0;1;2;2;-5,771649;-35,85737;"SPRF-RN";"DEL01-RN";"UOP02-DEL01-RN"
385372;2021-09-24;"sexta-feira";"08:20:00";"PB";101;82,8;"BAYEUX";"Trafegar com motocicleta (ou similar) entre as faixas";"Colisão traseira";"Com Vítimas Feridas";"Pleno dia";"Crescente";"Chuva";"Dupla";"Viaduto;Aclive";"Sim";3;0;1;1;1;0;2;2;-7,12911;-34,93714;"SPRF-PB";"DEL01-PB";"UOP01-DEL01-PB"
385373;2021-09-24;"sexta-feira";"09:14:00";"SP";116;150,3;"SAO JOSE DOS CAMPOS";"Velocidade Incompatível";"Tombamento";"Com Vítimas Feridas";"Pleno dia";"Decrescente";"Céu Claro";"Múltipla";"Declive";"Sim";1;0;1;0;0;0;1;1;-23,21335525;-45,8930588;"SPRF-SP";"DEL02-SP";"UOP01-DEL02-SP"
385374;2021-09-24;"sexta-feira";"09:00:00";"PR";277;107;"CAMPO LARGO";"Reação tardia ou ineficiente do condutor";"Colisão traseira";"Com Vítimas Feridas";"Pleno dia";"Decrescente";"Céu Claro";"Dupla";"Reta";"Não";3;0;1;0;2;0;1;3;-25,434165;-49,437686;"SPRF-PR";"DEL01-PR";"UOP03-DEL03-PR"
385375;2021-09-24;"sexta-feira";"09:15:00";"SP";116;145;"SAO JOSE DOS CAMPOS";"Ingestão de álcool pelo condutor";"Colisão traseira";"Com Vítimas Feridas";"Pleno dia";"Decrescente";"Céu Claro";"Dupla";"Reta";"Sim";3;0;1;0;1;1;1;3;-23,1869844;-45,8548078;"SPRF-SP";"DEL02-SP";"UOP01-DEL02-SP"
385376;2021-09-24;"sexta-feira";"09:35:00";"PR";277;12,5;"PARANAGUA";"Reação tardia ou ineficiente do condutor";"Capotamento";"Com Vítimas Feridas";"Pleno dia";"Decrescente";"Nublado";"Dupla";"Reta";"Não";2;0;1;0;1;0;1;1;-25,562327;-48,640383;"SPRF-PR";"DEL01-PR";"UOP05-DEL01-PR"
385377;2021-09-24;"sexta-feira";"09:10:00";"PE";101;58;"PAULISTA";"Reação tardia ou ineficiente do condutor";"Colisão traseira";"Sem Vítimas";"Pleno dia";"Crescente";"Chuva";"Dupla";"Reta";"Não";3;0;0;0;3;0;0;3;-7,97063209;-34,92064675;"SPRF-PE";"DEL01-PE";"UOP02-DEL01-PE"
385378;2021-09-24;"sexta-feira";"09:50:00";"RS";290;135,9;"ELDORADO DO SUL";"Manobra de mudança de faixa";"Colisão lateral mesmo sentido";"Sem Vítimas";"Pleno dia";"Decrescente";"Céu Claro";"Simples";"Reta";"Não";2;0;0;0;2;0;0;2;-30,066582;-51,561455;"SPRF-RS";"DEL02-RS";"UOP01-DEL02-RS"
385379;2021-09-20;"segunda-feira";"03:00:00";"MG";0;0;"SAO DOMINGOS DO PRATA";"Pista esburacada";"Tombamento";"Sem Vítimas";"Plena Noite";"Não Informado";"Céu Claro";"Simples";"Curva";"Não";2;0;0;0;0;2;0;1;-19,95541508;-42,86991009;"SPRF-MG";"DEL03-MG";"UOP03-DEL03-MG"
385380;2021-09-04;"sábado";"09:30:00";"SC";116;124,9;"SANTA CECILIA";"Ultrapassagem Indevida";"Colisão frontal";"Com Vítimas Fatais";"Pleno dia";"Crescente";"Sol";"Simples";"Curva";"Não";13;2;3;4;2;2;7;5;-26,8564804;-50,4042488;"SPRF-SC";"DEL06-SC";"UOP02-DEL06-SC"
385381;2021-08-09;"segunda-feira";"11:50:00";"RO";364;10;"VILHENA";"Reação tardia ou ineficiente do condutor";"Colisão traseira";"Com Vítimas Feridas";"Pleno dia";"Decrescente";"Céu Claro";"Simples";"Reta";"Sim";2;0;1;0;1;0;1;2;-12,75194006;-60,10600907;"SPRF-RO";"DEL04-RO";"UOP01-DEL04-RO"
385382;2021-09-24;"sexta-feira";"10:30:00";"RJ";116;109;"GUAPIMIRIM";"Demais Fenômenos da natureza";"Queda de ocupante de veículo";"Com Vítimas Feridas";"Pleno dia";"Decrescente";"Céu Claro";"Dupla";"Reta";"Não";2;0;1;0;1;0;1;1;-22,54280711;-42,98518617;"SPRF-RJ";"DEL04-RJ";"UOP02-DEL04-RJ"
385383;2021-09-24;"sexta-feira";"09:30:00";"MG";116;276,5;"TEOFILO OTONI";"Velocidade Incompatível";"Colisão traseira";"Com Vítimas Feridas";"Pleno dia";"Crescente";"Céu Claro";"Múltipla";"Reta";"Sim";2;0;1;0;1;0;1;2;-17,85105696;-41,51454492;"SPRF-MG";"DEL11-MG";"UOP01-DEL11-MG"
385384;2021-09-23;"quinta-feira";"17:50:00";"MT";163;894;"CLAUDIA";"Ultrapassagem Indevida";"Saída de leito carroçável";"Com Vítimas Feridas";"Anoitecer";"Decrescente";"Céu Claro";"Simples";"Reta";"Não";2;0;2;0;0;0;2;1;-11,380199;-55,341868;"SPRF-MT";"DEL06-MT";"NPF/DEL06-MT"
385387;2021-09-24;"sexta-feira";"09:00:00";"PR";277;493,5;"GUARANIACU";"Reação tardia ou ineficiente do condutor";"Saída de leito carroçável";"Com Vítimas Feridas";"Pleno dia";"Decrescente";"Céu Claro";"Simples";"Reta";"Não";1;0;1;0;0;0;1;1;-25,21737917;-52,65356056;"SPRF-PR";"DEL04-PR";"UOP01-DEL04-PR"
385389;2021-09-24;"sexta-feira";"10:45:00";"PR";369;154;"LONDRINA";"Velocidade Incompatível";"Colisão traseira";"Com Vítimas Feridas";"Pleno dia";"Crescente";"Céu Claro";"Dupla";"Reta";"Sim";3;0;0;1;2;0;1;2;-23,29745256;-51,2002641;"SPRF-PR";"DEL07-PR";"UOP01-DEL07-PR"
385391;2021-09-09;"quinta-feira";"09:50:00";"MT";163;513;"DIAMANTINO";"Afundamento ou ondulação no pavimento";"Saída de leito carroçável";"Com Vítimas Feridas";"Pleno dia";"Decrescente";"Chuva";"Simples";"Reta";"Não";2;0;2;0;0;0;2;1;-14,5656836;-56,2197257;"SPRF-MT";"DEL01-MT";"UOP01-DEL01-MT"
385392;2021-09-24;"sexta-feira";"08:48:00";"RO";364;14;"VILHENA";"Condutor deixou de manter distância do veículo da frente";"Colisão traseira";"Com Vítimas Feridas";"Pleno dia";"Decrescente";"Nublado";"Dupla";"Rotatória";"Sim";2;0;1;0;1;0;1;2;-12,73898138;-60,13911417;"SPRF-RO";"DEL04-RO";"UOP01-DEL04-RO"
385393;2021-09-24;"sexta-feira";"10:40:00";"CE";20;423;"MARACANAU";"Acesso irregular";"Colisão transversal";"Sem Vítimas";"Pleno dia";"Decrescente";"Céu Claro";"Dupla";"Reta";"Não";2;0;0;0;1;1;0;2;-3,76999035;-38,67006282;"SPRF-CE";"DEL01-CE";"UOP02-DEL01-CE"
385394;2021-08-21;"sábado";"01:00:00";"SC";470;6;"NAVEGANTES";"Reação tardia ou ineficiente do condutor";"Colisão com objeto";"Com Vítimas Feridas";"Plena Noite";"Crescente";"Céu Claro";"Simples";"Reta";"Não";1;0;0;1;0;0;1;1;-26,852238;-48,709545;"SPRF-SC";"DEL04-SC";"UOP04-DEL04-SC"
385395;2021-06-16;"quarta-feira";"18:00:00";"PR";476;132;"CURITIBA";"Ausência de reação do condutor";"Colisão traseira";"Com Vítimas Feridas";"Anoitecer";"Decrescente";"Nublado";"Múltipla";"Reta";"Sim";2;0;0;1;0;1;1;2;-25,460718;-49,250488;"SPRF-PR";"DEL01-PR";"UOP03-DEL01-PR"
385396;2021-09-16;"quinta-feira";"10:00:00";"RS";116;530;"CAPAO DO LEAO";"Reação tardia ou ineficiente do condutor";"Colisão transversal";"Com Vítimas Feridas";"Pleno dia";"Crescente";"Céu Claro";"Simples";"Interseção de Vias";"Sim";2;0;1;0;1;0;1;2;-31,7590834;-52,43687971;"SPRF-RS";"DEL07-RS";"UOP01-DEL07-RS"
385397;2021-09-23;"quinta-feira";"10:57:00";"RS";0;0;"CAPIVARI DO SUL";"Avarias e/ou desgaste excessivo no pneu";"Saída de leito carroçável";"Sem Vítimas";"Pleno dia";"Não Informado";"Céu Claro";"Simples";"Reta";"Não";1;0;0;0;1;0;0;1;-30,114789;-50,553672;"SPRF-RS";"DEL03-RS";"N/A"
385398;2021-09-16;"quinta-feira";"08:40:00";"MS";463;107,6;"PONTA PORA";"Frear bruscamente";"Engavetamento";"Sem Vítimas";"Pleno dia";"Decrescente";"Céu Claro";"Simples";"Reta";"Não";6;0;0;0;6;0;0;4;-22,59094101;-55,67301101;"SPRF-MS";"DEL04-MS";"UOP03-DEL04-MS"
385401;2021-09-24;"sexta-feira";"11:55:00";"PA";316;111;"SANTA MARIA DO PARA";"Acessar a via sem observar a presença dos outros veículos";"Colisão lateral sentido oposto";"Com Vítimas Feridas";"Pleno dia";"Decrescente";"Sol";"Simples";"Curva";"Não";3;0;1;1;1;0;2;2;-1,31708992;-47,51316503;"SPRF-PA";"DEL01-PA";"UOP02-DEL01-PA"
385402;2021-09-24;"sexta-feira";"12:10:00";"ES";482;105;"GUACUI";"Acessar a via sem observar a presença dos outros veículos";"Colisão lateral sentido oposto";"Com Vítimas Feridas";"Pleno dia";"Crescente";"Sol";"Simples";"Reta";"Não";2;0;1;0;0;1;1;2;-20,777433;-41,66744;"SPRF-ES";"DEL03-ES";"UOP02-DEL03-ES"
385404;2021-09-24;"sexta-feira";"10:40:00";"PR";277;726;"FOZ DO IGUACU";"Manobra de mudança de faixa";"Colisão lateral mesmo sentido";"Com Vítimas Feridas";"Pleno dia";"Crescente";"Céu Claro";"Dupla";"Interseção de Vias";"Sim";2;0;1;0;1;0;1;2;-25,5106015;-54,55481999;"SPRF-PR";"DEL05-PR";"UOP03-DEL05-PR"
385405;2021-08-20;"sexta-feira";"20:30:00";"PR";376;174;"MARINGA";"Acessar a via sem observar a presença dos outros veículos";"Colisão transversal";"Com Vítimas Feridas";"Plena Noite";"Crescente";"Céu Claro";"Dupla";"Reta";"Sim";2;0;0;1;1;0;1;2;-23,41430102;-51,94984299;"SPRF-PR";"DEL09-PR";"UOP01-DEL09-PR"
385406;2021-09-24;"sexta-feira";"11:15:00";"PB";230;19;"JOAO PESSOA";"Trafegar com motocicleta (ou similar) entre as faixas";"Colisão traseira";"Com Vítimas Feridas";"Pleno dia";"Decrescente";"Nublado";"Dupla";"Curva";"Sim";3;0;1;1;1;0;2;2;-7,12620968;-34,8453271;"SPRF-PB";"DEL01-PB";"UOP01-DEL01-PB"
385407;2021-09-24;"sexta-feira";"11:42:00";"SC";470;176,4;"POUSO REDONDO";"Retorno proibido";"Colisão traseira";"Com Vítimas Feridas";"Pleno dia";"Crescente";"Céu Claro";"Simples";"Declive;Reta";"Não";2;0;1;0;1;0;1;2;-27,254238;-49,948658;"SPRF-SC";"DEL04-SC";"UOP02-DEL04-SC"
385408;2021-09-24;"sexta-feira";"11:40:00";"RJ";495;31;"PETROPOLIS";"Trafegar com motocicleta (ou similar) entre as faixas";"Colisão lateral mesmo sentido";"Com Vítimas Feridas";"Pleno dia";"Crescente";"Céu Claro";"Simples";"Reta";"Sim";2;0;1;0;1;0;1;2;-22,381374;-43,132;"SPRF-RJ";"DEL06-RJ";"UOP01-DEL06-RJ"
385409;2021-08-03;"terça-feira";"10:20:00";"SE";101;68;"MARUIM";"Acessar a via sem observar a presença dos outros veículos";"Colisão transversal";"Com Vítimas Feridas";"Pleno dia";"Crescente";"Nublado";"Simples";"Interseção de Vias;Reta";"Não";3;0;1;0;2;0;1;2;-10,72409501;-37,07334069;"SPRF-SE";"DEL01-SE";"UOP01-DEL01-SE"
385410;2021-09-24;"sexta-feira";"10:15:00";"GO";70;186,3;"ITABERAI";"Manobra de mudança de faixa";"Colisão frontal";"Com Vítimas Feridas";"Pleno dia";"Crescente";"Céu Claro";"Simples";"Reta";"Sim";3;0;3;0;0;0;3;2;-16,00242824;-49,75240883;"SPRF-GO";"DEL02-GO";"UOP02-DEL02-GO"
385411;2021-09-24;"sexta-feira";"12:10:00";"PB";230;16;"JOAO PESSOA";"Condutor deixou de manter distância do veículo da frente";"Engavetamento";"Sem Vítimas";"Pleno dia";"Crescente";"Nublado";"Dupla";"Reta";"Sim";4;0;0;0;4;0;0;4;-7,1039;-34,8458;"SPRF-PB";"DEL01-PB";"UOP01-DEL01-PB"
385413;2021-09-24;"sexta-feira";"13:30:00";"MT";158;563,2;"AGUA BOA";"Acessar a via sem observar a presença dos outros veículos";"Colisão lateral mesmo sentido";"Com Vítimas Feridas";"Pleno dia";"Crescente";"Céu Claro";"Simples";"Reta";"Sim";3;0;0;1;2;0;1;2;-14,0112489;-52,15202134;"SPRF-MT";"DEL07-MT";"UOP02-DEL07-MT"
385414;2021-08-07;"sábado";"18:15:00";"BA";101;634;"MASCOTE";"Demais Fenômenos da natureza";"Colisão transversal";"Com Vítimas Feridas";"Anoitecer";"Crescente";"Ignorado";"Simples";"Interseção de Vias";"Não";2;0;2;0;0;0;2;2;-15,7547951;-39,48228836;"SPRF-BA";"DEL05-BA";"UOP02-DEL05-BA"
385415;2021-09-24;"sexta-feira";"14:15:00";"SC";101;212;"PALHOCA";"Entrada inopinada do pedestre";"Queda de ocupante de veículo";"Com Vítimas Feridas";"Pleno dia";"Decrescente";"Céu Claro";"Dupla";"Reta";"Sim";2;0;2;0;0;0;2;1;-27,62996929;-48,65903871;"SPRF-SC";"DEL01-SC";"UOP02-DEL01-SC"
385416;2021-09-24;"sexta-feira";"13:30:00";"PE";101;51,8;"ABREU E LIMA";"Entrada inopinada do pedestre";"Atropelamento de Pedestre";"Com Vítimas Feridas";"Pleno dia";"Crescente";"Céu Claro";"Múltipla";"Reta";"Sim";2;0;0;1;1;0;1;2;-7,9169968;-34,89689272;"SPRF-PE";"DEL01-PE";"UOP02-DEL01-PE"
385418;2021-09-24;"sexta-feira";"07:15:00";"PI";222;119,3;"BATALHA";"Acessar a via sem observar a presença dos outros veículos";"Colisão transversal";"Com Vítimas Fatais";"Pleno dia";"Crescente";"Céu Claro";"Simples";"Reta";"Sim";2;1;0;0;1;0;0;2;-4,07790499;-42,06494587;"SPRF-PI";"DEL02-PI";"UOP01-DEL02-PI"
385419;2021-09-01;"quarta-feira";"12:40:00";"PA";230;116;"MARABA";"Desrespeitar a preferência no cruzamento";"Colisão transversal";"Com Vítimas Feridas";"Pleno dia";"Crescente";"Céu Claro";"Simples";"Retorno Regulamentado";"Não";2;0;0;1;1;0;1;2;-5,35947454;-49,08301084;"SPRF-PA";"DEL03-PA";"UOP01-DEL03-PA"
385420;2021-09-24;"sexta-feira";"13:50:00";"GO";153;653,9;"GOIATUBA";"Condutor Dormindo";"Saída de leito carroçável";"Com Vítimas Feridas";"Pleno dia";"Decrescente";"Céu Claro";"Dupla";"Reta;Declive";"Não";6;0;4;2;0;0;6;1;-17,9926;-49,2601;"SPRF-GO";"DEL03-GO";"UOP01-DEL03-GO"
385421;2021-09-24;"sexta-feira";"14:40:00";"RS";116;248;"SAO LEOPOLDO";"Reação tardia ou ineficiente do condutor";"Colisão traseira";"Sem Vítimas";"Pleno dia";"Decrescente";"Nublado";"Dupla";"Viaduto";"Sim";3;0;0;0;3;0;0;2;-29,77303427;-51,15436262;"SPRF-RS";"DEL01-RS";"UOP02-DEL01-RS"
385422;2021-09-24;"sexta-feira";"13:30:00";"SC";101;176;"BIGUACU";"Avarias e/ou desgaste excessivo no pneu";"Colisão com objeto";"Sem Vítimas";"Pleno dia";"Crescente";"Nublado";"Dupla";"Reta";"Não";2;0;0;0;2;0;0;1;-27,34661396;-48,63300917;"SPRF-SC";"DEL01-SC";"UOP01-DEL01-SC"
385423;2021-09-24;"sexta-feira";"14:50:00";"SC";101;47;"JOINVILLE";"Demais falhas mecânicas ou elétricas";"Tombamento";"Com Vítimas Feridas";"Pleno dia";"Crescente";"Nublado";"Simples";"Reta";"Sim";1;0;1;0;0;0;1;1;-26,34234997;-48,85840089;"SPRF-SC";"DEL03-SC";"UOP01-DEL03-SC"
385427;2021-09-24;"sexta-feira";"15:00:00";"MG";262;427;"SAO GONCALO DO PARA";"Velocidade Incompatível";"Capotamento";"Com Vítimas Feridas";"Pleno dia";"Crescente";"Céu Claro";"Dupla";"Declive";"Não";3;0;3;0;0;0;3;1;-19,8850241;-44,77734698;"SPRF-MG";"DEL08-MG";"UOP03-DEL08-MG"
385429;2021-09-24;"sexta-feira";"12:05:00";"RO";364;612;"ITAPUA DO OESTE";"Obras na pista";"Saída de leito carroçável";"Com Vítimas Feridas";"Pleno dia";"Decrescente";"Chuva";"Simples";"Reta;Em Obras";"Não";1;0;1;0;0;0;1;1;-9,14090986;-63,23951486;"SPRF-RO";"DEL01-RO";"UOP04-DEL01-RO"
385433;2021-09-24;"sexta-feira";"16:02:00";"SE";101;58;"ROSARIO DO CATETE";"Condutor deixou de manter distância do veículo da frente";"Colisão lateral mesmo sentido";"Com Vítimas Feridas";"Pleno dia";"Decrescente";"Chuva";"Simples";"Reta";"Não";3;0;3;0;0;0;3;2;-10,65178333;-37,02372954;"SPRF-SE";"DEL02-SE";"UOP02-DEL02-SE"
385434;2021-09-24;"sexta-feira";"12:30:00";"RN";110;48;"MOSSORO";"Ausência de reação do condutor";"Colisão traseira";"Com Vítimas Feridas";"Pleno dia";"Decrescente";"Céu Claro";"Dupla";"Reta";"Sim";3;0;3;0;0;0;3;2;-5,20881178;-37,33285083;"SPRF-RN";"DEL04-RN";"UOP01-DEL04-RN"
385437;2021-09-24;"sexta-feira";"15:20:00";"RJ";101;80;"CAMPOS DOS GOYTACAZES";"Acessar a via sem observar a presença dos outros veículos";"Colisão transversal";"Com Vítimas Feridas";"Pleno dia";"Decrescente";"Céu Claro";"Simples";"Reta";"Sim";3;0;0;1;2;0;1;2;-21,83453437;-41,43797909;"SPRF-RJ";"DEL08-RJ";"UOP02-DEL08-RJ"
385439;2021-09-24;"sexta-feira";"16:00:00";"SP";101;43,4;"UBATUBA";"Velocidade Incompatível";"Saída de leito carroçável";"Sem Vítimas";"Pleno dia";"Crescente";"Céu Claro";"Simples";"Rotatória";"Sim";1;0;0;0;1;0;0;1;-23,41014346;-45,06455371;"SPRF-SP";"DEL06-SP";"UOP01-DEL06-SP"
385441;2021-09-24;"sexta-feira";"16:28:00";"SC";101;122;"ITAJAI";"Manobra de mudança de faixa";"Queda de ocupante de veículo";"Com Vítimas Feridas";"Pleno dia";"Decrescente";"Céu Claro";"Dupla";"Reta";"Não";1;0;1;0;0;0;1;1;-26,92955916;-48,70499836;"SPRF-SC";"DEL04-SC";"UOP04-DEL04-SC"
385443;2021-09-24;"sexta-feira";"15:40:00";"MS";262;371;"TERENOS";"Acessar a via sem observar a presença dos outros veículos";"Colisão transversal";"Com Vítimas Feridas";"Pleno dia";"Decrescente";"Céu Claro";"Simples";"Reta";"Não";2;0;1;0;0;1;1;2;-20,48309924;-54,78814298;"SPRF-MS";"DEL01-MS";"UOP03-DEL01-MS"
385448;2021-09-07;"terça-feira";"07:25:00";"SE";235;27,9;"AREIA BRANCA";"Transitar na contramão";"Colisão frontal";"Com Vítimas Feridas";"Pleno dia";"Decrescente";"Céu Claro";"Simples";"Curva";"Não";6;0;1;5;0;0;6;2;-10,798957;-37,272919;"SPRF-SE";"DEL01-SE";"UOP02-DEL01-SE"