"id";"data_inversa";"dia_semana";"horario";"uf";"br";"km";"municipio";"causa_acidente";"tipo_acidente";"classificacao_acidente";"fase_dia";"sentido_via";"condicao_metereologica";"tipo_pista";"tracado_via";"uso_solo";"pessoas";"mortos";"feridos_leves";"feridos_graves";"ilesos";"ignorados";"feridos";"veiculos";"latitude";"longitude";"regional";"delegacia";"uop"
385679;2021-09-25;"sábado";"17:10:00";"PR";476;149,9;"CURITIBA";"Trafegar com motocicleta (ou similar) entre as faixas";"Saída de leito carroçável";"Com Vítimas Feridas";"Pleno dia";"Decrescente";"Céu Claro";"Dupla";"Curva";"Sim";1;0;1;0;0;0;1;1;-25,557926;-49,358585;"SPRF-PR";"DEL01-PR";"UOP03-DEL01-PR"
385680;2021-09-25;"sábado";"11:10:00";"PR";373;433,4;"CHOPINZINHO";"Ingestão de álcool pelo condutor";"Colisão com objeto";"Com Vítimas Feridas";"Pleno dia";"Decrescente";"Céu Claro";"Simples";"Curva";"Não";4;0;3;1;0;0;4;2;-25,76110804;-52,2554565;"SPRF-PR";"DEL02-PR";"UOP01-DEL02-PR"
385681;2021-09-25;"sábado";"15:15:00";"MT";364;541;"ROSARIO OESTE";"Reação tardia ou ineficiente do condutor";"Queda de ocupante de veículo";"Com Vítimas Feridas";"Pleno dia";"Decrescente";"Sol";"Simples";"Reta";"Não";1;0;1;0;0;0;1;1;-14,92009078;-56,47771528;"SPRF-MT";"DEL01-MT";"UOP01-DEL01-MT"
385682;2021-09-25;"sábado";"16:35:00";"RJ";101;287;"ITABORAI";"Fumaça";"Incêndio";"Sem Vítimas";"Pleno dia";"Decrescente";"Céu Claro";"Dupla";"Curva";"Não";1;0;0;0;1;0;0;1;-22,75517486;-42,83462502;"SPRF-RJ";"DEL02-RJ";"UOP03-DEL02-RJ"
385683;2021-09-25;"sábado";"16:40:00";"RS";116;236;"NOVO HAMBURGO";"Acessar a via sem observar a presença dos outros veículos";"Colisão transversal";"Com Vítimas Feridas";"Pleno dia";"Crescente";"Céu Claro";"Dupla";"Reta";"Sim";2;0;1;0;0;1;1;2;-29,66938502;-51,14304731;"SPRF-RS";"DEL01-RS";"UOP02-DEL01-RS"
385684;2021-09-25;"sábado";"16:55:00";"DF";70;1,8;"BRASILIA";"Pedestre cruzava a pista fora da faixa";"Atropelamento de Pedestre";"Com Vítimas Feridas";"Pleno dia";"Crescente";"Céu Claro";"Dupla";"Reta";"Sim";2;0;0;1;1;0;1;2;-15,79511157;-48,06402036;"SPRF-DF";"DEL03-DF";"UOP02-DEL03-DF"
385685;2021-09-25;"sábado";"16:20:00";"RN";406;162;"SAO GONCALO DO AMARANTE";"Acessar a via sem observar a presença dos outros veículos";"Colisão transversal";"Com Vítimas Feridas";"Anoitecer";"Decrescente";"Céu Claro";"Simples";"Declive";"Não";2;0;0;1;0;1;1;2;-5,7280941;-35,36099113;"SPRF-RN";"DEL02-RN";"UOP01-DEL02-RN"
385686;2021-09-25;"sábado";"16:09:00";"SC";101;276,2;"IMBITUBA";"Ingestão de álcool pelo condutor";"Atropelamento de Pedestre";"Com Vítimas Feridas";"Pleno dia";"Decrescente";"Nublado";"Múltipla";"Interseção de Vias;Reta;Viaduto";"Sim";3;0;2;0;0;1;2;2;-28,146765;-48,69176215;"SPRF-SC";"DEL02-SC";"UOP03-DEL02-SC"
385688;2021-09-25;"sábado";"16:40:00";"SP";488;0,3;"APARECIDA";"Reação tardia ou ineficiente do condutor";"Colisão transversal";"Com Vítimas Feridas";"Pleno dia";"Crescente";"Chuva";"Dupla";"Reta";"Sim";2;0;1;0;1;0;1;2;-22,85856;-45,233116;"SPRF-SP";"DEL08-SP";"UOP01-DEL08-SP"
385692;2021-09-25;"sábado";"17:40:00";"PE";101;75,3;"RECIFE";"Condutor deixou de manter distância do veículo da frente";"Colisão traseira";"Com Vítimas Feridas";"Anoitecer";"Crescente";"Céu Claro";"Dupla";"Reta";"Sim";2;0;1;0;1;0;1;2;-8,10973523;-34,94660151;"SPRF-PE";"DEL01-PE";"UOP01-DEL01-PE"
385693;2021-09-25;"sábado";"17:10:00";"MG";116;276,3;"TEOFILO OTONI";"Transitar na contramão";"Colisão frontal";"Com Vítimas Feridas";"Pleno dia";"Crescente";"Nublado";"Dupla";"Curva";"Sim";2;0;1;0;1;0;1;2;-17,85105696;-41,51454492;"SPRF-MG";"DEL11-MG";"UOP01-DEL11-MG"
385696;2021-09-25;"sábado";"17:50:00";"PE";232;88,3;"GRAVATA";"Reação tardia ou ineficiente do condutor";"Colisão traseira";"Com Vítimas Fatais";"Plena Noite";"Decrescente";"Céu Claro";"Dupla";"Reta";"Não";3;1;0;1;1;0;1;2;-8,215178;-35,637814;"SPRF-PE";"DEL02-PE";"UOP02-DEL02PE"
385698;2021-09-25;"sábado";"17:30:00";"ES";101;159,1;"LINHARES";"Desrespeitar a preferência no cruzamento";"Colisão transversal";"Com Vítimas Feridas";"Anoitecer";"Decrescente";"Céu Claro";"Simples";"Interseção de Vias";"Não";3;0;2;0;1;0;2;2;-19,46995055;-40,11108398;"SPRF-ES";"DEL04-ES";"UOP01-DEL04-ES"
385700;2021-09-25;"sábado";"17:30:00";"SC";101;71;"ARAQUARI";"Velocidade Incompatível";"Colisão traseira";"Com Vítimas Feridas";"Pleno dia";"Decrescente";"Céu Claro";"Dupla";"Reta";"Não";2;0;1;0;1;0;1;2;-26,51864822;-48,71874636;"SPRF-SC";"DEL03-SC";"UOP02-DEL03-SC"
385701;2021-09-25;"sábado";"11:20:00";"PR";376;667;"GUARATUBA";"Velocidade Incompatível";"Tombamento";"Com Vítimas Feridas";"Pleno dia";"Decrescente";"Nublado";"Dupla";"Curva";"Não";1;0;1;0;0;0;1;1;-25,86146339;-48,9362812;"SPRF-PR";"DEL01-PR";"UOP04-DEL01-PR"
385702;2021-09-25;"sábado";"17:50:00";"PA";222;241,4;"MARABA";"Ultrapassagem Indevida";"Colisão lateral mesmo sentido";"Com Vítimas Feridas";"Plena Noite";"Crescente";"Céu Claro";"Dupla";"Reta";"Não";3;0;1;0;2;0;1;2;-5,323977;-49,085155;"SPRF-PA";"DEL03-PA";"UOP01-DEL03-PA"
385703;2021-09-25;"sábado";"17:45:00";"PR";277;674,9;"MEDIANEIRA";"Pista em desnível";"Queda de ocupante de veículo";"Com Vítimas Feridas";"Pleno dia";"Crescente";"Sol";"Dupla";"Aclive;Reta;Em Obras";"Sim";2;0;2;0;0;0;2;1;-25,29484117;-54,11509792;"SPRF-PR";"DEL05-PR";"UOP01-DEL05-PR"
385704;2021-09-25;"sábado";"18:53:00";"RS";386;343,2;"LAJEADO";"Desrespeitar a preferência no cruzamento";"Colisão transversal";"Com Vítimas Feridas";"Plena Noite";"Decrescente";"Céu Claro";"Simples";"Reta";"Sim";2;0;1;0;1;0;1;2;-29,43552096;-51,9987148;"SPRF-RS";"DEL04-RS";"UOP01-DEL04-RS"
385705;2021-09-25;"sábado";"17:25:00";"BA";110;250;"OLINDINA";"Acessar a via sem observar a presença dos outros veículos";"Colisão transversal";"Com Vítimas Feridas";"Anoitecer";"Decrescente";"Chuva";"Simples";"Reta";"Sim";2;0;0;1;1;0;1;2;-11,46953001;-38,29701997;"SPRF-BA";"DEL01-BA";"UOP04-DEL01-BA"
385706;2021-09-25;"sábado";"18:50:00";"PR";277;729;"FOZ DO IGUACU";"Pedestre cruzava a pista fora da faixa";"Atropelamento de Pedestre";"Com Vítimas Feridas";"Plena Noite";"Crescente";"Céu Claro";"Dupla";"Curva";"Sim";2;0;1;0;1;0;1;2;-25,50749887;-54,58379896;"SPRF-PR";"DEL05-PR";"UOP03-DEL05-PR"
385707;2021-09-25;"sábado";"18:20:00";"CE";20;388,1;"CAUCAIA";"Pedestre andava na pista";"Atropelamento de Pedestre";"Com Vítimas Fatais";"Plena Noite";"Crescente";"Céu Claro";"Simples";"Reta";"Não";2;1;0;0;0;1;0;2;-3,86600115;-38,80026688;"SPRF-CE";"DEL01-CE";"UOP01-DEL01-CE"
385709;2021-09-25;"sábado";"18:39:00";"PR";277;584;"CASCAVEL";"Mal súbito do condutor";"Queda de ocupante de veículo";"Com Vítimas Feridas";"Anoitecer";"Crescente";"Céu Claro";"Simples";"Reta";"Sim";1;0;1;0;0;0;1;1;-24,96684176;-53,40258186;"SPRF-PR";"DEL04-PR";"UOP01-DEL04-PR"
385710;2021-09-25;"sábado";"17:30:00";"MT";163;583;"NOVA MUTUM";"Ingestão de álcool pelo condutor";"Capotamento";"Com Vítimas Feridas";"Anoitecer";"Crescente";"Céu Claro";"Simples";"Reta";"Não";6;0;3;2;1;0;5;2;-14,05793518;-56,09856364;"SPRF-MT";"DEL01-MT";"UOP01-DEL01-MT"
385711;2021-09-25;"sábado";"18:45:00";"BA";101;208;"GOVERNADOR MANGABEIRA";"Acessar a via sem observar a presença dos outros veículos";"Colisão transversal";"Com Vítimas Feridas";"Plena Noite";"Crescente";"Céu Claro";"Dupla";"Interseção de Vias";"Sim";3;0;0;1;2;0;1;2;-12,597115;-39,040924;"SPRF-BA";"DEL01-BA";"UOP02-DEL01-BA"
385714;2021-09-25;"sábado";"19:40:00";"SP";381;57;"ATIBAIA";"Ausência de reação do condutor";"Colisão traseira";"Sem Vítimas";"Plena Noite";"Crescente";"Céu Claro";"Dupla";"Reta";"Não";2;0;0;0;2;0;0;1;-23,2658219;-46,5839857;"SPRF-SP";"DEL03-SP";"UOP01-DEL03-SP"
385715;2021-09-25;"sábado";"19:20:00";"SP";116;105,4;"TAUBATE";"Condutor deixou de manter distância do veículo da frente";"Tombamento";"Com Vítimas Feridas";"Plena Noite";"Decrescente";"Nublado";"Dupla";"Reta";"Não";2;0;2;0;0;0;2;1;-23,00757973;-45,51466613;"SPRF-SP";"DEL08-SP";"UOP01-DEL08-SP"
385716;2021-09-25;"sábado";"19:30:00";"ES";101;294;"CARIACICA";"Transitar na contramão";"Colisão frontal";"Com Vítimas Fatais";"Plena Noite";"Decrescente";"Céu Claro";"Dupla";"Reta";"Sim";2;1;0;0;1;0;0;2;-20,32415948;-40,3952903;"SPRF-ES";"DEL01-ES";"UOP01-DEL01-ES"
385717;2021-09-25;"sábado";"16:15:00";"PR";376;35;"NOVA LONDRINA";"Condutor deixou de manter distância do veículo da frente";"Tombamento";"Com Vítimas Feridas";"Pleno dia";"Crescente";"Céu Claro";"Simples";"Reta";"Não";1;0;1;0;0;0;1;1;-22,79675583;-52,99598694;"SPRF-PR";"DEL09-PR";"UOP02-DEL09-PR"
385718;2021-09-25;"sábado";"20:10:00";"BA";116;534;"ITATIM";"Reação tardia ou ineficiente do condutor";"Tombamento";"Com Vítimas Feridas";"Plena Noite";"Crescente";"Céu Claro";"Simples";"Declive";"Não";2;0;2;0;0;0;2;1;-12,76597871;-39,80768725;"SPRF-BA";"DEL03-BA";"UOP02-DEL03-BA"
385719;2021-09-25;"sábado";"20:00:00";"RS";290;98;"PORTO ALEGRE";"Ausência de reação do condutor";"Saída de leito carroçável";"Sem Vítimas";"Plena Noite";"Decrescente";"Céu Claro";"Dupla";"Aclive;Curva";"Não";1;0;0;0;0;1;0;1;-29,9922647;-51,2264704;"SPRF-RS";"DEL01-RS";"UOP01-DEL01-RS"
385721;2021-09-25;"sábado";"13:30:00";"RS";153;415,1;"CACHOEIRA DO SUL";"Reação tardia ou ineficiente do condutor";"Saída de leito carroçável";"Com Vítimas Feridas";"Pleno dia";"Crescente";"Sol";"Simples";"Reta";"Não";1;0;1;0;0;0;1;1;-30,12453;-52,8592383;"SPRF-RS";"DEL02-RS";"UOP03-DEL02-RS"
385722;2021-09-25;"sábado";"20:40:00";"RN";427;100;"CAICO";"Transitar no acostamento";"Atropelamento de Pedestre";"Com Vítimas Feridas";"Plena Noite";"Crescente";"Céu Claro";"Simples";"Reta";"Sim";2;0;1;0;0;1;1;2;-6,46080976;-37,10724015;"SPRF-RN";"DEL03-RN";"UOP01-DEL03-RN"
385724;2021-09-25;"sábado";"15:00:00";"SC";282;676,4;"PARAISO";"Velocidade Incompatível";"Saída de leito carroçável";"Com Vítimas Feridas";"Pleno dia";"Decrescente";"Céu Claro";"Simples";"Curva";"Não";1;0;1;0;0;0;1;1;-26,614067;-53,68462;"SPRF-SC";"DEL07-SC";"UOP03-DEL07-SC"
385725;2021-09-25;"sábado";"20:00:00";"GO";153;515,3;"APARECIDA DE GOIANIA";"Manobra de mudança de faixa";"Saída de leito carroçável";"Com Vítimas Feridas";"Plena Noite";"Crescente";"Céu Claro";"Dupla";"Reta";"Não";1;0;1;0;0;0;1;1;-16,8413;-49,2454;"SPRF-GO";"DEL01-GO";"UOP03-DEL01-GO"
385726;2021-09-25;"sábado";"19:30:00";"MG";40;797,1;"JUIZ DE FORA";"Velocidade Incompatível";"Colisão traseira";"Com Vítimas Feridas";"Plena Noite";"Crescente";"Chuva";"Dupla";"Reta";"Não";6;0;1;0;4;1;1;3;-21,81520106;-43,38621008;"SPRF-MG";"DEL05-MG";"UOP01-DEL05-MG"
385727;2021-09-25;"sábado";"17:10:00";"AC";364;13;"ACRELANDIA";"Manobra de mudança de faixa";"Colisão lateral mesmo sentido";"Com Vítimas Feridas";"Anoitecer";"Decrescente";"Céu Claro";"Simples";"Reta";"Não";5;0;1;0;4;0;1;2;-9,86696916;-66,91508083;"SPRF-AC";"DEL01-AC";"UOP01-DEL01-AC"
385728;2021-09-25;"sábado";"18:40:00";"MA";230;406,9;"BALSAS";"Ingestão de álcool pelo condutor";"Colisão com objeto";"Com Vítimas Feridas";"Plena Noite";"Crescente";"Céu Claro";"Simples";"Reta;Rotatória;Declive";"Sim";1;0;1;0;0;0;1;1;-7,51969297;-46,0600841;"SPRF-MA";"DEL05-MA";"UOP01-DEL05-MA"
385729;2021-09-25;"sábado";"18:30:00";"GO";20;108;"FLORES DE GOIAS";"Ingestão de álcool pelo condutor";"Colisão frontal";"Com Vítimas Feridas";"Plena Noite";"Decrescente";"Nublado";"Simples";"Reta";"Não";3;0;1;0;1;1;1;2;-14,908743;-46,931419;"SPRF-DF";"DEL02-DF";"UOP03-DEL02-DF"
385731;2021-09-25;"sábado";"19:15:00";"RS";116;260;"CANOAS";"Acessar a via sem observar a presença dos outros veículos";"Colisão lateral mesmo sentido";"Com Vítimas Feridas";"Plena Noite";"Decrescente";"Céu Claro";"Dupla";"Reta";"Sim";2;0;0;1;1;0;1;2;-29,87501556;-51,1798203;"SPRF-RS";"DEL01-RS";"UOP01-DEL01-RS"
385732;2021-09-25;"sábado";"18:30:00";"AL";104;58,9;"MURICI";"Animais na Pista";"Atropelamento de Animal";"Com Vítimas Feridas";"Anoitecer";"Decrescente";"Céu Claro";"Simples";"Reta";"Não";3;0;1;0;2;0;1;1;-9,3032462136;-35,9482036138;"SPRF-AL";"DEL01-AL";"UOP02-DEL01-AL"
385733;2021-09-25;"sábado";"16:00:00";"BA";235;92;"JEREMOABO";"Mal súbito do condutor";"Colisão com objeto";"Com Vítimas Fatais";"Pleno dia";"Crescente";"Nublado";"Simples";"Curva";"Não";1;1;0;0;0;0;0;1;-10,0877525;-38,45049247;"SPRF-BA";"DEL07-BA";"UOP01-DEL07-BA"
385734;2021-09-25;"sábado";"21:15:00";"PE";101;49;"ABREU E LIMA";"Entrada inopinada do pedestre";"Atropelamento de Pedestre";"Com Vítimas Feridas";"Plena Noite";"Decrescente";"Nublado";"Múltipla";"Reta;Interseção de Vias";"Sim";2;0;0;1;1;0;1;2;-7,9005152;-34,90180641;"SPRF-PE";"DEL01-PE";"UOP02-DEL01-PE"
385735;2021-09-25;"sábado";"19:10:00";"RS";392;20,2;"RIO GRANDE";"Velocidade Incompatível";"Colisão com objeto";"Com Vítimas Feridas";"Plena Noite";"Decrescente";"Nublado";"Dupla";"Curva";"Não";1;0;1;0;0;0;1;1;-32,08573295;-52,19690099;"SPRF-RS";"DEL07-RS";"UOP02-DEL07-RS"
385736;2021-09-25;"sábado";"13:10:00";"SC";282;539,4;"CHAPECO";"Ingestão de álcool pelo condutor";"Colisão frontal";"Sem Vítimas";"Pleno dia";"Crescente";"Sol";"Simples";"Curva";"Não";2;0;0;0;2;0;0;2;-26,993254;-52,681767;"SPRF-SC";"DEL07-SC";"UOP01-DEL07-SC"
385737;2021-09-25;"sábado";"20:50:00";"RS";116;150,3;"CAXIAS DO SUL";"Ingestão de álcool pelo condutor";"Colisão transversal";"Com Vítimas Feridas";"Plena Noite";"Crescente";"Nublado";"Dupla";"Reta;Interseção de Vias";"Sim";4;0;1;0;3;0;1;2;-29,168428;-51,158337;"SPRF-RS";"DEL05-RS";"UOP01-DEL05-RS"
385739;2021-09-25;"sábado";"21:10:00";"RS";290;87;"PORTO ALEGRE";"Condutor deixou de manter distância do veículo da frente";"Colisão traseira";"Sem Vítimas";"Plena Noite";"Decrescente";"Céu Claro";"Dupla";"Reta";"Não";3;0;0;0;3;0;0;2;-29,967838;-51,127197;"SPRF-RS";"DEL01-RS";"UOP01-DEL01-RS"
385741;2021-09-25;"sábado";"20:45:00";"BA";367;81;"EUNAPOLIS";"Ingestão de álcool pelo condutor";"Colisão frontal";"Com Vítimas Feridas";"Plena Noite";"Decrescente";"Céu Claro";"Simples";"Reta";"Não";3;0;0;2;1;0;2;2;-16,3717565;-39,55261277;"SPRF-BA";"DEL09-BA";"UOP01-DEL09-BA"
385744;2021-09-25;"sábado";"22:30:00";"RJ";101;65;"CAMPOS DOS GOYTACAZES";"Acesso irregular";"Colisão transversal";"Com Vítimas Feridas";"Plena Noite";"Crescente";"Céu Claro";"Simples";"Reta";"Sim";3;0;2;0;0;1;2;2;-21,753791;-41,345402;"SPRF-RJ";"DEL08-RJ";"UOP02-DEL08-RJ"
385745;2021-07-12;"segunda-feira";"00:30:00";"RS";470;193;"VERANOPOLIS";"Velocidade Incompatível";"Saída de leito carroçável";"Com Vítimas Feridas";"Plena Noite";"Decrescente";"Céu Claro";"Simples";"Reta";"Não";4;0;3;1;0;0;4;1;-29,04507912;-51,56926298;"SPRF-RS";"DEL06-RS";"UOP02-DEL06-RS"
385746;2021-09-25;"sábado";"19:50:00";"RJ";101;51;"CAMPOS DOS GOYTACAZES";"Velocidade Incompatível";"Colisão traseira";"Com Vítimas Feridas";"Plena Noite";"Decrescente";"Nublado";"Simples";"Reta";"Sim";3;0;0;2;1;0;2;2;-21,64273198;-41,31170082;"SPRF-RJ";"DEL08-RJ";"UOP01-DEL08-RJ"
385748;2021-09-25;"sábado";"22:05:00";"RO";364;342;"JI-PARANA";"Ingestão de álcool pelo condutor";"Colisão traseira";"Com Vítimas Feridas";"Plena Noite";"Decrescente";"Céu Claro";"Dupla";"Reta";"Não";3;0;0;2;1;0;2;2;-10,88381227;-61,93741416;"SPRF-RO";"DEL02-RO";"UOP01-DEL02-RO"
385749;2021-09-25;"sábado";"19:05:00";"SC";101;384;"ICARA";"Condutor Dormindo";"Saída de leito carroçável";"Com Vítimas Feridas";"Plena Noite";"Decrescente";"Céu Claro";"Dupla";"Aclive";"Não";1;0;0;1;0;0;1;1;-28,77884066;-49,32489038;"SPRF-SC";"DEL02-SC";"UOP02-DEL02-SC"
385750;2021-09-25;"sábado";"23:10:00";"ES";101;203,6;"JOAO NEIVA";"Velocidade Incompatível";"Saída de leito carroçável";"Com Vítimas Feridas";"Plena Noite";"Decrescente";"Garoa/Chuvisco";"Simples";"Rotatória";"Sim";9;0;8;0;1;0;8;1;-19,74448248;-40,37263506;"SPRF-ES";"DEL02-ES";"UOP01-DEL02-ES"
385751;2021-09-25;"sábado";"19:15:00";"SC";101;344,9;"TUBARAO";"Ausência de reação do condutor";"Saída de leito carroçável";"Com Vítimas Feridas";"Plena Noite";"Crescente";"Céu Claro";"Dupla";"Reta";"Não";1;0;1;0;0;0;1;1;-28,53647889;-49,0531826;"SPRF-SC";"DEL02-SC";"UOP01-DEL02-SC"
385752;2021-09-25;"sábado";"22:50:00";"MT";174;3;"PONTES E LACERDA";"Reação tardia ou ineficiente do condutor";"Queda de ocupante de veículo";"Com Vítimas Feridas";"Plena Noite";"Decrescente";"Céu Claro";"Simples";"Reta";"Sim";3;0;3;0;0;0;3;2;-15,22700973;-59,33802187;"SPRF-MT";"DEL04-MT";"UOP01-DEL04-MT"
385753;2021-09-25;"sábado";"17:40:00";"SC";470;170,4;"POUSO REDONDO";"Ingestão de álcool pelo condutor";"Tombamento";"Com Vítimas Feridas";"Anoitecer";"Crescente";"Nevoeiro/Neblina";"Simples";"Reta";"Não";1;0;1;0;0;0;1;1;-27,265903;-49,892441;"SPRF-SC";"DEL04-SC";"UOP02-DEL04-SC"
385754;2021-09-25;"sábado";"17:50:00";"SC";470;109,1;"APIUNA";"Ingestão de álcool pelo condutor";"Colisão com objeto";"Com Vítimas Feridas";"Pleno dia";"Decrescente";"Céu Claro";"Simples";"Curva";"Sim";2;0;0;1;1;0;1;2;-27,083876;-49,449543;"SPRF-SC";"DEL04-SC";"UOP02-DEL04-SC"
385755;2021-09-25;"sábado";"21:15:00";"PA";230;83;"SAO JOAO DO ARAGUAIA";"Transitar na contramão";"Colisão frontal";"Com Vítimas Fatais";"Plena Noite";"Decrescente";"Nublado";"Simples";"Aclive";"Não";2;1;0;0;0;1;0;2;-5,47532475;-48,82253688;"SPRF-PA";"DEL03-PA";"UOP01-DEL03-PA"
385756;2021-09-25;"sábado";"21:40:00";"MG";116;397,1;"GOVERNADOR VALADARES";"Condutor Dormindo";"Colisão frontal";"Com Vítimas Feridas";"Plena Noite";"Decrescente";"Céu Claro";"Simples";"Reta";"Não";4;0;0;1;1;2;1;3;-18,75570099;-41,98568765;"SPRF-MG";"DEL06-MG";"UOP01-DEL06-MG"
385757;2021-09-26;"domingo";"00:35:00";"PR";376;176,8;"MARINGA";"Condutor deixou de manter distância do veículo da frente";"Colisão traseira";"Com Vítimas Feridas";"Plena Noite";"Crescente";"Céu Claro";"Dupla";"Reta";"Sim";5;0;4;0;1;0;4;2;-23,41269173;-51,93158327;"SPRF-PR";"DEL09-PR";"UOP01-DEL09-PR"
385758;2021-09-25;"sábado";"23:28:00";"SP";116;147;"SAO JOSE DOS CAMPOS";"Velocidade Incompatível";"Saída de leito carroçável";"Sem Vítimas";"Plena Noite";"Crescente";"Céu Claro";"Dupla";"Interseção de Vias";"Sim";1;0;0;0;1;0;0;1;-23,19542994;-45,87176303;"SPRF-SP";"DEL02-SP";"UOP01-DEL02-SP"
385760;2021-09-25;"sábado";"23:43:00";"BA";324;586;"CANDEIAS";"Acostamento em desnível";"Saída de leito carroçável";"Com Vítimas Feridas";"Plena Noite";"Crescente";"Nublado";"Dupla";"Reta";"Não";1;0;1;0;0;0;1;1;-12,63864013;-38,47736247;"SPRF-BA";"DEL01-BA";"UOP01-DEL01-BA"
385762;2021-09-25;"sábado";"23:20:00";"RO";364;708;"PORTO VELHO";"Manobra de mudança de faixa";"Saída de leito carroçável";"Sem Vítimas";"Plena Noite";"Decrescente";"Céu Claro";"Simples";"Reta";"Não";1;0;0;0;0;1;0;1;-8,79554083;-63,84072487;"SPRF-RO";"DEL01-RO";"UOP01-DEL01-RO"
385763;2021-09-26;"domingo";"00:01:00";"MS";60;374;"CAMPO GRANDE";"Reação tardia ou ineficiente do condutor";"Tombamento";"Com Vítimas Feridas";"Plena Noite";"Decrescente";"Céu Claro";"Simples";"Reta";"Não";1;0;1;0;0;0;1;1;-20,58330804;-54,71575096;"SPRF-MS";"DEL01-MS";"UOP04-DEL01-MS"
385765;2021-09-26;"domingo";"00:10:00";"GO";153;506,9;"APARECIDA DE GOIANIA";"Velocidade Incompatível";"Colisão traseira";"Sem Vítimas";"Plena Noite";"Crescente";"Céu Claro";"Dupla";"Reta;Aclive";"Não";2;0;0;0;2;0;0;2;-16,7633;-49,24;"SPRF-GO";"DEL01-GO";"UOP01-DEL01-GO"
385766;2021-09-26;"domingo";"00:00:00";"RO";364;517;"ARIQUEMES";"Ingestão de álcool pelo condutor";"Tombamento";"Com Vítimas Feridas";"Plena Noite";"Crescente";"Céu Claro";"Dupla";"Reta";"Sim";3;0;3;0;0;0;3;1;-9,90688101;-63,05581217;"SPRF-RO";"DEL03-RO";"UOP01-DEL03-RO"
385767;2021-09-26;"domingo";"00:50:00";"PR";116;62;"CAMPINA GRANDE DO SUL";"Desrespeitar a preferência no cruzamento";"Colisão transversal";"Com Vítimas Feridas";"Plena Noite";"Crescente";"Garoa/Chuvisco";"Dupla";"Reta";"Não";5;0;2;1;2;0;3;2;-25,30777688;-48,98320998;"SPRF-PR";"DEL01-PR";"UOP02-DEL01-PR"
385769;2021-09-26;"domingo";"00:16:00";"PE";101;83,8;"JABOATAO DOS GUARARAPES";"Acumulo de água sobre o pavimento";"Capotamento";"Com Vítimas Feridas";"Plena Noite";"Decrescente";"Chuva";"Dupla";"Curva";"Sim";2;0;2;0;0;0;2;1;-8,16244352;-34,95128632;"SPRF-PE";"DEL01-PE";"UOP01-DEL01-PE"
385770;2021-09-26;"domingo";"01:30:00";"SC";101;213,1;"PALHOCA";"Ingestão de álcool e/ou substâncias psicoativas pelo pedestre";"Colisão com objeto";"Sem Vítimas";"Plena Noite";"Crescente";"Céu Claro";"Múltipla";"Reta";"Sim";1;0;0;0;0;1;0;1;-27,63697369;-48,66514142;"SPRF-SC";"DEL01-SC";"UOP02-DEL01-SC"
385771;2021-09-26;"domingo";"01:20:00";"PR";163;86;"CAPANEMA";"Transitar na contramão";"Colisão frontal";"Com Vítimas Feridas";"Plena Noite";"Crescente";"Céu Claro";"Simples";"Curva;Aclive";"Sim";3;0;1;0;2;0;1;2;-25,687931;-53,785324;"SPRF-PR";"DEL02-PR";"UOP02-DEL02-PR"
385772;2021-09-26;"domingo";"00:40:00";"PR";163;78,8;"PLANALTO";"Ingestão de álcool e/ou substâncias psicoativas pelo pedestre";"Saída de leito carroçável";"Sem Vítimas";"Plena Noite";"Crescente";"Céu Claro";"Simples";"Reta";"Não";1;0;0;0;1;0;0;1;-25,731341;-53,797826;"SPRF-PR";"DEL02-PR";"UOP02-DEL02-PR"
385773;2021-09-26;"domingo";"02:00:00";"RS";116;262;"CANOAS";"Velocidade Incompatível";"Capotamento";"Sem Vítimas";"Plena Noite";"Decrescente";"Céu Claro";"Dupla";"Reta";"Sim";1;0;0;0;0;1;0;1;-29,8944175;-51,1762688;"SPRF-RS";"DEL01-RS";"UOP01-DEL01-RS"
385775;2021-09-26;"domingo";"02:10:00";"PR";116;126;"FAZENDA RIO GRANDE";"Condutor Dormindo";"Colisão traseira";"Com Vítimas Feridas";"Plena Noite";"Decrescente";"Céu Claro";"Dupla";"Reta";"Não";2;0;1;0;0;1;1;2;-25,64110079;-49,31292772;"SPRF-PR";"DEL01-PR";"UOP03-DEL01-PR"
385777;2021-09-26;"domingo";"01:30:00";"ES";101;29,8;"CONCEICAO DA BARRA";"Entrada inopinada do pedestre";"Atropelamento de Pedestre";"Com Vítimas Feridas";"Plena Noite";"Crescente";"Nublado";"Simples";"Declive";"Não";2;0;0;1;0;1;1;2;-18,39992188;-39,93877968;"SPRF-ES";"DEL04-ES";"UOP02-DEL04-ES"
385778;2021-09-26;"domingo";"02:10:00";"PR";277;83;"CURITIBA";"Ingestão de álcool pelo condutor";"Colisão com objeto";"Sem Vítimas";"Plena Noite";"Crescente";"Céu Claro";"Dupla";"Interseção de Vias";"Não";1;0;0;0;1;0;0;1;-25,568939;-49,181978;"SPRF-PR";"DEL01-PR";"UOP01-DEL01-PR"
385780;2021-09-26;"domingo";"02:00:00";"PR";277;100;"CURITIBA";"Ingestão de álcool pelo condutor";"Colisão com objeto";"Com Vítimas Feridas";"Plena Noite";"Crescente";"Céu Claro";"Dupla";"Reta";"Sim";2;0;1;0;1;0;1;1;-25,4318666;-49,36667383;"SPRF-PR";"DEL01-PR";"UOP01-DEL01-PR"