"id";"data_inversa";"dia_semana";"horario";"uf";"br";"km";"municipio";"causa_acidente";"tipo_acidente";"classificacao_acidente";"fase_dia";"sentido_via";"condicao_metereologica";"tipo_pista";"tracado_via";"uso_solo";"pessoas";"mortos";"feridos_leves";"feridos_graves";"ilesos";"ignorados";"feridos";"veiculos";"latitude";"longitude";"regional";"delegacia";"uop"
385993;2021-09-26;"domingo";"21:30:00";"AL";101;131;"SAO MIGUEL DOS CAMPOS";"Ausência de reação do condutor";"Colisão com objeto";"Sem Vítimas";"Plena Noite";"Decrescente";"Céu Claro";"Dupla";"Reta";"Não";1;0;0;0;0;1;0;1;-9,7703998967;-36,0767670473;"SPRF-AL";"DEL02-AL";"UOP01-DEL02-AL"
385994;2021-09-26;"domingo";"22:20:00";"ES";101;221,7;"IBIRACU";"Ausência de reação do condutor";"Tombamento";"Com Vítimas Feridas";"Plena Noite";"Crescente";"Nublado";"Simples";"Reta";"Não";1;0;1;0;0;0;1;1;-19,86695538;-40,40056491;"SPRF-ES";"DEL02-ES";"UOP01-DEL02-ES"
385996;2021-09-26;"domingo";"18:30:00";"MA";10;376,1;"ITINGA DO MARANHAO";"Transitar na contramão";"Colisão frontal";"Com Vítimas Fatais";"Plena Noite";"Crescente";"Nublado";"Simples";"Reta";"Sim";2;1;0;0;1;0;0;2;-4,464304;-47,521744;"SPRF-MA";"DEL04-MA";"UOP03-DEL04-MA"
385997;2021-09-26;"domingo";"21:30:00";"MT";163;818;"SINOP";"Objeto estático sobre o leito carroçável";"Colisão com objeto";"Com Vítimas Feridas";"Plena Noite";"Decrescente";"Céu Claro";"Simples";"Reta";"Não";5;0;1;0;4;0;1;1;-12,007;-55,517;"SPRF-MT";"DEL06-MT";"UOP01-DEL06-MT"
386000;2021-09-26;"domingo";"19:00:00";"RJ";101;495;"ANGRA DOS REIS";"Ausência de reação do condutor";"Colisão traseira";"Com Vítimas Feridas";"Plena Noite";"Crescente";"Nublado";"Simples";"Reta";"Não";3;0;2;0;1;0;2;2;-22,92384749;-44,32288354;"SPRF-RJ";"DEL03-RJ";"UOP03-DEL03-RJ"
386001;2021-09-26;"domingo";"21:50:00";"MG";262;484;"BOM DESPACHO";"Ingestão de álcool pelo condutor";"Colisão frontal";"Sem Vítimas";"Plena Noite";"Crescente";"Céu Claro";"Simples";"Reta";"Não";2;0;0;0;2;0;0;2;-19,78539973;-45,28487104;"SPRF-MG";"DEL08-MG";"UOP03-DEL08-MG"
386002;2021-09-26;"domingo";"22:00:00";"BA";324;523;"FEIRA DE SANTANA";"Ingestão de substâncias psicoativas pelo condutor";"Colisão traseira";"Sem Vítimas";"Plena Noite";"Decrescente";"Nublado";"Dupla";"Declive";"Não";2;0;0;0;2;0;0;2;-12,29007099;-38,91206799;"SPRF-BA";"DEL01-BA";"UOP03-DEL01-BA"
386003;2021-09-26;"domingo";"21:10:00";"SC";101;278,1;"IMBITUBA";"Velocidade Incompatível";"Capotamento";"Sem Vítimas";"Plena Noite";"Crescente";"Céu Claro";"Dupla";"Reta";"Não";1;0;0;0;1;0;0;1;-28,16300604;-48,6939345;"SPRF-SC";"DEL02-SC";"UOP03-DEL02-SC"
386004;2021-09-26;"domingo";"23:30:00";"PR";476;118;"COLOMBO";"Ingestão de álcool pelo condutor";"Colisão transversal";"Com Vítimas Feridas";"Plena Noite";"Crescente";"Céu Claro";"Dupla";"Interseção de Vias";"Sim";5;0;1;0;4;0;1;2;-25,35653064;-49,18079674;"SPRF-PR";"DEL01-PR";"UOP02-DEL01-PR"
386007;2021-09-26;"domingo";"20:00:00";"RJ";101;427;"MANGARATIBA";"Ingestão de álcool pelo condutor";"Colisão lateral mesmo sentido";"Com Vítimas Feridas";"Plena Noite";"Decrescente";"Nublado";"Simples";"Reta";"Não";4;0;3;1;0;0;4;2;-22,93154625;-43,98133788;"SPRF-RJ";"DEL03-RJ";"UOP03-DEL03-RJ"
386008;2021-09-26;"domingo";"17:50:00";"MS";267;371;"MARACAJU";"Reação tardia ou ineficiente do condutor";"Saída de leito carroçável";"Com Vítimas Feridas";"Anoitecer";"Decrescente";"Céu Claro";"Simples";"Reta";"Não";1;0;1;0;0;0;1;1;-21,65030671;-55,20552108;"SPRF-MS";"DEL05-MS";"UOP01-DEL05-MS"
386010;2021-09-26;"domingo";"23:00:00";"PR";376;199,6;"MANDAGUARI";"Reação tardia ou ineficiente do condutor";"Saída de leito carroçável";"Sem Vítimas";"Plena Noite";"Decrescente";"Céu Claro";"Dupla";"Declive";"Não";1;0;0;0;0;1;0;1;-23,50457512;-51,74428582;"SPRF-PR";"DEL09-PR";"UOP01-DEL09-PR"
386012;2021-09-26;"domingo";"23:47:00";"MG";365;622,4;"UBERLANDIA";"Pedestre cruzava a pista fora da faixa";"Atropelamento de Pedestre";"Com Vítimas Fatais";"Plena Noite";"Decrescente";"Céu Claro";"Dupla";"Reta";"Sim";3;1;0;0;1;1;0;2;-18,90751667;-48,29937209;"SPRF-MG";"DEL15-MG";"UOP01-DEL15-MG"
386014;2021-09-26;"domingo";"23:30:00";"PI";343;3,4;"TERESINA";"Reação tardia ou ineficiente do condutor";"Colisão traseira";"Com Vítimas Feridas";"Plena Noite";"Decrescente";"Céu Claro";"Simples";"Reta;Interseção de Vias";"Sim";3;0;1;2;0;0;3;3;-5,089569;-42,802288;"SPRF-PI";"DEL01-PI";"UOP01-DEL01-PI"
386015;2021-09-26;"domingo";"22:00:00";"PR";277;392;"CANDOI";"Animais na Pista";"Atropelamento de Animal";"Com Vítimas Feridas";"Plena Noite";"Crescente";"Céu Claro";"Simples";"Reta";"Não";1;0;1;0;0;0;1;1;-25,44274289;-51,84826801;"SPRF-PR";"DEL08-PR";"UOP01-DEL08-PR"
386016;2021-09-27;"segunda-feira";"00:15:00";"SC";116;107;"MONTE CASTELO";"Velocidade Incompatível";"Capotamento";"Com Vítimas Feridas";"Plena Noite";"Decrescente";"Nublado";"Simples";"Declive";"Não";3;0;3;0;0;0;3;1;-26,75568818;-50,32812388;"SPRF-SC";"DEL06-SC";"UOP02-DEL06-SC"
386017;2021-09-26;"domingo";"17:00:00";"MT";364;267;"SAO PEDRO DA CIPA";"Reação tardia ou ineficiente do condutor";"Saída de leito carroçável";"Com Vítimas Feridas";"Anoitecer";"Decrescente";"Céu Claro";"Dupla";"Reta";"Não";1;0;1;0;0;0;1;1;-15,9882532;-54,92679723;"SPRF-MT";"DEL02-MT";"UOP01-DEL02-MT"
386018;2021-09-26;"domingo";"21:50:00";"RJ";101;303;"SAO GONCALO";"Velocidade Incompatível";"Colisão traseira";"Com Vítimas Feridas";"Plena Noite";"Crescente";"Céu Claro";"Dupla";"Reta";"Não";2;0;0;1;1;0;1;2;-22,7828205;-42,9766681;"SPRF-RJ";"DEL02-RJ";"UOP02-DEL02-RJ"
386021;2021-09-27;"segunda-feira";"01:00:00";"SP";116;126;"CACAPAVA";"Velocidade Incompatível";"Saída de leito carroçável";"Sem Vítimas";"Plena Noite";"Decrescente";"Céu Claro";"Dupla";"Reta";"Sim";1;0;0;0;1;0;0;1;-23,10433057;-45,69425762;"SPRF-SP";"DEL02-SP";"UOP02-DEL02-SP"
386022;2021-09-27;"segunda-feira";"00:50:00";"PB";101;88;"JOAO PESSOA";"Ingestão de álcool pelo condutor";"Colisão com objeto";"Sem Vítimas";"Plena Noite";"Decrescente";"Chuva";"Dupla";"Curva";"Sim";1;0;0;0;1;0;0;1;-7,16470016;-34,89993643;"SPRF-PB";"DEL01-PB";"UOP01-DEL01-PB"
386023;2021-09-26;"domingo";"22:15:00";"MT";174;288;"PONTES E LACERDA";"Trafegar com motocicleta (ou similar) entre as faixas";"Colisão lateral mesmo sentido";"Com Vítimas Feridas";"Plena Noite";"Crescente";"Céu Claro";"Simples";"Reta";"Sim";4;0;0;3;0;1;3;3;-15,23378885;-59,31756535;"SPRF-MT";"DEL04-MT";"UOP01-DEL04-MT"
386024;2021-09-27;"segunda-feira";"01:00:00";"SC";470;3;"NAVEGANTES";"Ingestão de álcool pelo condutor";"Tombamento";"Com Vítimas Feridas";"Plena Noite";"Crescente";"Céu Claro";"Simples";"Reta;Em Obras";"Não";1;0;1;0;0;0;1;1;-26,861937;-48,681618;"SPRF-SC";"DEL04-SC";"UOP04-DEL04-SC"
386025;2021-09-26;"domingo";"20:00:00";"BA";324;306;"CAEM";"Objeto estático sobre o leito carroçável";"Colisão transversal";"Com Vítimas Fatais";"Plena Noite";"Decrescente";"Nublado";"Simples";"Reta";"Não";3;1;1;1;0;0;2;2;-11,20433503;-40,42472005;"SPRF-BA";"DEL04-BA";"UOP02-DEL04-BA"
386026;2021-09-27;"segunda-feira";"00:30:00";"SP";381;69;"MAIRIPORA";"Ingestão de álcool pelo condutor";"Colisão com objeto";"Sem Vítimas";"Plena Noite";"Crescente";"Céu Claro";"Simples";"Reta";"Não";1;0;0;0;1;0;0;1;-23,34553108;-46,56787903;"SPRF-SP";"DEL03-SP";"UOP01-DEL03-SP"
386027;2021-09-26;"domingo";"23:40:00";"DF";70;1,4;"BRASILIA";"Manobra de mudança de faixa";"Colisão lateral mesmo sentido";"Com Vítimas Feridas";"Plena Noite";"Crescente";"Céu Claro";"Dupla";"Reta";"Sim";2;0;1;0;1;0;1;2;-15,795264;-48,063801;"SPRF-DF";"DEL03-DF";"UOP02-DEL03-DF"
386029;2021-09-27;"segunda-feira";"00:45:00";"RS";287;401;"SANTIAGO";"Ingestão de álcool pelo condutor";"Tombamento";"Sem Vítimas";"Plena Noite";"Crescente";"Céu Claro";"Simples";"Reta";"Sim";1;0;0;0;1;0;0;1;-29,15697512;-54,88198218;"SPRF-RS";"DEL12-RS";"UOP02-DEL12-RS"
386031;2021-09-26;"domingo";"23:40:00";"GO";153;280;"NOVA GLORIA";"Animais na Pista";"Colisão transversal";"Sem Vítimas";"Plena Noite";"Crescente";"Céu Claro";"Simples";"Reta";"Não";1;0;0;0;1;0;0;1;-15,136462;-49,520524;"SPRF-GO";"DEL07-GO";"UOP02-DEL07-GO"
386033;2021-09-27;"segunda-feira";"03:00:00";"GO";60;226,8;"CEZARINA";"Reação tardia ou ineficiente do condutor";"Saída de leito carroçável";"Com Vítimas Feridas";"Plena Noite";"Decrescente";"Céu Claro";"Dupla";"Curva";"Não";1;0;0;1;0;0;1;1;-17,0331;-49,7777;"SPRF-GO";"DEL01-GO";"UOP02-DEL01-GO"
386034;2021-09-27;"segunda-feira";"04:30:00";"CE";304;49,9;"ARACATI";"Reação tardia ou ineficiente do condutor";"Queda de ocupante de veículo";"Com Vítimas Feridas";"Plena Noite";"Crescente";"Ignorado";"Simples";"Reta";"Sim";1;0;0;1;0;0;1;1;-4,57900414;-37,77070889;"SPRF-CE";"DEL03-CE";"UOP03-DEL03-CE"
386035;2021-08-20;"sexta-feira";"14:45:00";"SE";235;49,6;"ITABAIANA";"Reação tardia ou ineficiente do condutor";"Colisão traseira";"Com Vítimas Feridas";"Pleno dia";"Crescente";"Nublado";"Simples";"Reta";"Sim";3;0;2;0;1;0;2;2;-10,716222;-37,421669;"SPRF-SE";"DEL01-SE";"UOP02-DEL01-SE"
386039;2021-09-27;"segunda-feira";"00:10:00";"PE";232;131;"CARUARU";"Condutor usando celular";"Saída de leito carroçável";"Sem Vítimas";"Plena Noite";"Crescente";"Céu Claro";"Dupla";"Reta";"Sim";1;0;0;0;0;1;0;1;-8,30117613;-35,99843996;"SPRF-PE";"DEL02-PE";"UOP03-DEL02-PE"
386040;2021-09-27;"segunda-feira";"06:00:00";"PR";369;193,7;"ARAPONGAS";"Velocidade Incompatível";"Tombamento";"Com Vítimas Fatais";"Plena Noite";"Decrescente";"Céu Claro";"Dupla";"Curva";"Não";1;1;0;0;0;0;0;1;-23,483118;-51,423816;"SPRF-PR";"DEL07-PR";"UOP02-DEL07-PR"
386043;2021-09-27;"segunda-feira";"06:20:00";"MG";381;154;"GOVERNADOR VALADARES";"Reação tardia ou ineficiente do condutor";"Saída de leito carroçável";"Com Vítimas Feridas";"Pleno dia";"Crescente";"Céu Claro";"Simples";"Reta";"Sim";1;0;1;0;0;0;1;1;-18,85512261;-41,98442459;"SPRF-MG";"DEL06-MG";"UOP01-DEL06-MG"
386044;2021-09-27;"segunda-feira";"06:45:00";"MG";40;512;"RIBEIRAO DAS NEVES";"Condutor deixou de manter distância do veículo da frente";"Colisão traseira";"Com Vítimas Feridas";"Pleno dia";"Crescente";"Céu Claro";"Dupla";"Reta";"Sim";3;0;1;0;2;0;1;3;-19,78946999;-44,11290699;"SPRF-MG";"DEL01-MG";"UOP02-DEL01-MG"
386045;2021-09-26;"domingo";"23:20:00";"BA";116;570;"NOVA ITARANA";"Velocidade Incompatível";"Saída de leito carroçável";"Com Vítimas Feridas";"Plena Noite";"Crescente";"Céu Claro";"Simples";"Curva";"Não";2;0;2;0;0;0;2;1;-13,00883474;-39,956981;"SPRF-BA";"DEL03-BA";"UOP02-DEL03-BA"
386047;2021-09-27;"segunda-feira";"07:00:00";"PR";163;159;"LINDOESTE";"Condutor Dormindo";"Saída de leito carroçável";"Com Vítimas Feridas";"Amanhecer";"Decrescente";"Céu Claro";"Simples";"Curva";"Não";1;0;0;1;0;0;1;1;-25,34495402;-53,58666028;"SPRF-PR";"DEL05-PR";"UOP05-DEL05-PR"
386050;2021-09-27;"segunda-feira";"07:30:00";"SC";282;17;"PALHOCA";"Acessar a via sem observar a presença dos outros veículos";"Colisão transversal";"Com Vítimas Feridas";"Pleno dia";"Decrescente";"Sol";"Simples";"Reta";"Não";2;0;1;0;1;0;1;2;-27,665707;-48,688065;"SPRF-SC";"DEL01-SC";"UOP02-DEL01-SC"
386051;2021-09-27;"segunda-feira";"04:30:00";"RO";364;520,3;"ARIQUEMES";"Ingestão de álcool e/ou substâncias psicoativas pelo pedestre";"Atropelamento de Pedestre";"Com Vítimas Fatais";"Plena Noite";"Decrescente";"Céu Claro";"Simples";"Reta";"Não";2;1;0;0;1;0;0;2;-9,87961004;-63,05725347;"SPRF-RO";"DEL03-RO";"UOP01-DEL03-RO"
386052;2021-09-27;"segunda-feira";"07:20:00";"SC";101;443,4;"SANTA ROSA DO SUL";"Desrespeitar a preferência no cruzamento";"Colisão lateral mesmo sentido";"Com Vítimas Feridas";"Amanhecer";"Crescente";"Nublado";"Múltipla";"Interseção de Vias";"Sim";3;0;1;0;1;1;1;3;-29,13533174;-49,70815659;"SPRF-SC";"DEL02-SC";"UOP02-DEL02-SC"
386054;2021-09-27;"segunda-feira";"07:49:00";"PR";116;95;"SAO JOSE DOS PINHAIS";"Ausência de reação do condutor";"Colisão lateral mesmo sentido";"Com Vítimas Feridas";"Pleno dia";"Crescente";"Céu Claro";"Dupla";"Reta";"Sim";2;0;1;0;1;0;1;2;-25,52829595;-49,14130189;"SPRF-PR";"DEL01-PR";"UOP01-DEL01-PR"
386055;2021-09-27;"segunda-feira";"07:53:00";"PR";376;185,4;"SARANDI";"Reação tardia ou ineficiente do condutor";"Tombamento";"Com Vítimas Feridas";"Pleno dia";"Decrescente";"Céu Claro";"Dupla";"Reta";"Sim";1;0;1;0;0;0;1;1;-23,45147413;-51,85361808;"SPRF-PR";"DEL09-PR";"UOP01-DEL09-PR"
386059;2021-09-27;"segunda-feira";"07:10:00";"MG";40;757;"EWBANK DA CAMARA";"Reação tardia ou ineficiente do condutor";"Colisão com objeto";"Com Vítimas Feridas";"Pleno dia";"Decrescente";"Ignorado";"Simples";"Curva";"Sim";1;0;1;0;0;0;1;1;-21,50323045;-43,53179519;"SPRF-MG";"DEL05-MG";"UOP01-DEL05-MG"
386062;2021-08-02;"segunda-feira";"20:15:00";"RJ";493;19,8;"MAGE";"Desrespeitar a preferência no cruzamento";"Colisão transversal";"Com Vítimas Feridas";"Plena Noite";"Crescente";"Vento";"Simples";"Retorno Regulamentado";"Sim";2;0;2;0;0;0;2;2;-22,6663848;-43,02770248;"SPRF-RJ";"DEL04-RJ";"UOP02-DEL04-RJ"
386064;2021-09-27;"segunda-feira";"06:30:00";"RO";364;346;"JI-PARANA";"Condutor deixou de manter distância do veículo da frente";"Colisão traseira";"Com Vítimas Feridas";"Pleno dia";"Decrescente";"Céu Claro";"Dupla";"Retorno Regulamentado";"Sim";3;0;1;0;2;0;1;2;-10,865874;-61,968647;"SPRF-RO";"DEL02-RO";"UOP01-DEL02-RO"
386065;2021-09-27;"segunda-feira";"07:45:00";"GO";153;501,8;"GOIANIA";"Trafegar com motocicleta (ou similar) entre as faixas";"Colisão traseira";"Com Vítimas Feridas";"Pleno dia";"Crescente";"Sol";"Múltipla";"Reta";"Sim";2;0;1;0;1;0;1;2;-16,71749654;-49,23706989;"SPRF-GO";"DEL01-GO";"UOP01-DEL01-GO"
386066;2021-09-27;"segunda-feira";"08:00:00";"MG";50;131;"UBERABA";"Condutor Dormindo";"Saída de leito carroçável";"Com Vítimas Feridas";"Pleno dia";"Crescente";"Céu Claro";"Dupla";"Reta";"Não";1;0;1;0;0;0;1;1;-19,39938084;-48,07740569;"SPRF-MG";"DEL13-MG";"UOP01-DEL13-MG"
386067;2021-09-27;"segunda-feira";"07:50:00";"SP";116;222;"GUARULHOS";"Demais falhas mecânicas ou elétricas";"Colisão com objeto";"Sem Vítimas";"Pleno dia";"Decrescente";"Céu Claro";"Múltipla";"Reta";"Sim";1;0;0;0;1;0;0;1;-23,47093408;-46,51631097;"SPRF-SP";"DEL01-SP";"UOP01-DEL01-SP"
386068;2021-09-27;"segunda-feira";"08:30:00";"PE";428;188;"PETROLINA";"Condutor deixou de manter distância do veículo da frente";"Colisão traseira";"Com Vítimas Feridas";"Pleno dia";"Crescente";"Céu Claro";"Simples";"Rotatória";"Sim";2;0;1;0;1;0;1;2;-9,36400596;-40,48266808;"SPRF-PE";"DEL06-PE";"UOP01-DEL06-PE"
386069;2021-09-27;"segunda-feira";"08:20:00";"RJ";393;176;"TRES RIOS";"Reação tardia ou ineficiente do condutor";"Colisão traseira";"Com Vítimas Feridas";"Pleno dia";"Decrescente";"Céu Claro";"Simples";"Reta";"Não";3;0;0;1;2;0;1;2;-22,12586166;-43,21215519;"SPRF-RJ";"DEL05-RJ";"UOP03-DEL05-RJ"
386070;2021-09-27;"segunda-feira";"08:00:00";"PE";101;73;"RECIFE";"Reação tardia ou ineficiente do condutor";"Queda de ocupante de veículo";"Com Vítimas Feridas";"Pleno dia";"Decrescente";"Céu Claro";"Dupla";"Curva";"Sim";1;0;1;0;0;0;1;1;-8,093369;-34,947464;"SPRF-PE";"DEL01-PE";"UOP01-DEL01-PE"
386073;2021-09-27;"segunda-feira";"08:10:00";"CE";20;425;"FORTALEZA";"Desrespeitar a preferência no cruzamento";"Colisão transversal";"Com Vítimas Feridas";"Pleno dia";"Crescente";"Sol";"Dupla";"Reta";"Sim";2;0;2;0;0;0;2;2;-3,8649397;-38,52321625;"SPRF-CE";"DEL01-CE";"UOP02-DEL01-CE"
386075;2021-09-27;"segunda-feira";"08:10:00";"GO";60;353;"SANTO ANTONIO DA BARRA";"Reação tardia ou ineficiente do condutor";"Saída de leito carroçável";"Com Vítimas Feridas";"Pleno dia";"Crescente";"Céu Claro";"Dupla";"Reta";"Não";1;0;1;0;0;0;1;1;-17,5959;-50,7164;"SPRF-GO";"DEL04-GO";"UOP01-DEL04-GO"
386076;2021-09-27;"segunda-feira";"09:00:00";"SP";116;230;"SAO PAULO";"Reação tardia ou ineficiente do condutor";"Colisão traseira";"Com Vítimas Feridas";"Pleno dia";"Crescente";"Céu Claro";"Múltipla";"Reta";"Sim";2;0;1;0;1;0;1;2;-23,52251783;-46,5855702;"SPRF-SP";"DEL01-SP";"UOP01-DEL01-SP"
386078;2021-09-27;"segunda-feira";"09:05:00";"SC";101;273;"IMBITUBA";"Reação tardia ou ineficiente do condutor";"Colisão traseira";"Com Vítimas Feridas";"Pleno dia";"Crescente";"Céu Claro";"Múltipla";"Curva";"Não";5;0;1;0;4;0;1;2;-28,12869904;-48,69356275;"SPRF-SC";"DEL02-SC";"UOP03-DEL02-SC"
386079;2021-05-27;"quinta-feira";"05:24:00";"RJ";493;16;"GUAPIMIRIM";"Transitar no acostamento";"Tombamento";"Com Vítimas Feridas";"Plena Noite";"Crescente";"Ignorado";"Simples";"Reta";"Não";1;0;0;1;0;0;1;1;-22,66434888;-43,00014505;"SPRF-RJ";"DEL04-RJ";"UOP02-DEL04-RJ"
386081;2021-09-27;"segunda-feira";"06:50:00";"MG";40;476;"SETE LAGOAS";"Acessar a via sem observar a presença dos outros veículos";"Colisão lateral sentido oposto";"Sem Vítimas";"Pleno dia";"Decrescente";"Céu Claro";"Múltipla";"Reta";"Sim";1;0;0;0;1;0;0;1;-19,51363098;-44,27021397;"SPRF-MG";"DEL02-MG";"UOP01-DEL02-MG"
386083;2021-09-27;"segunda-feira";"08:00:00";"RJ";116;182;"NOVA IGUACU";"Ausência de reação do condutor";"Engavetamento";"Com Vítimas Feridas";"Pleno dia";"Decrescente";"Céu Claro";"Dupla";"Reta";"Sim";4;0;1;0;3;0;1;3;-22,7567755;-43,43107234;"SPRF-RJ";"DEL01-RJ";"UOP02-DEL01-RJ"
386087;2021-09-27;"segunda-feira";"07:50:00";"MG";40;509,9;"RIBEIRAO DAS NEVES";"Trafegar com motocicleta (ou similar) entre as faixas";"Colisão lateral mesmo sentido";"Com Vítimas Feridas";"Pleno dia";"Crescente";"Céu Claro";"Dupla";"Reta;Declive";"Sim";3;0;1;0;1;1;1;3;-19,76961136;-44,12761688;"SPRF-MG";"DEL01-MG";"UOP02-DEL01-MG"
386089;2021-09-26;"domingo";"21:59:00";"PR";0;0;"RIO NEGRO";"Pista Escorregadia";"Colisão traseira";"Sem Vítimas";"Plena Noite";"Não Informado";"Céu Claro";"Simples";"Reta;Declive";"Sim";3;0;0;0;3;0;0;2;-26,07413063;-49,76724029;"SPRF-SC";"DEL06-SC";"UOP01-DEL06-SC"
386090;2021-09-27;"segunda-feira";"09:35:00";"RS";386;255,9;"SOLEDADE";"Ausência de reação do condutor";"Saída de leito carroçável";"Com Vítimas Feridas";"Pleno dia";"Crescente";"Sol";"Simples";"Curva;Aclive";"Não";3;0;3;0;0;0;3;1;-28,861078;-52,444954;"SPRF-RS";"DEL04-RS";"UOP03-DEL04-RS"
386091;2021-09-27;"segunda-feira";"10:15:00";"SP";116;227;"SAO PAULO";"Avarias e/ou desgaste excessivo no pneu";"Colisão traseira";"Com Vítimas Feridas";"Pleno dia";"Decrescente";"Céu Claro";"Múltipla";"Reta";"Sim";2;0;1;0;1;0;1;2;-23,50333616;-46,56635005;"SPRF-SP";"DEL01-SP";"UOP01-DEL01-SP"
386094;2021-09-27;"segunda-feira";"09:50:00";"PR";277;730,8;"FOZ DO IGUACU";"Reação tardia ou ineficiente do condutor";"Colisão lateral mesmo sentido";"Sem Vítimas";"Pleno dia";"Decrescente";"Céu Claro";"Dupla";"Curva;Retorno Regulamentado";"Sim";2;0;0;0;2;0;0;2;-25,50826305;-54,59238593;"SPRF-PR";"DEL05-PR";"UOP03-DEL05-PR"
386095;2021-09-27;"segunda-feira";"10:00:00";"PR";277;114,5;"CAMPO LARGO";"Condutor deixou de manter distância do veículo da frente";"Colisão traseira";"Com Vítimas Feridas";"Pleno dia";"Crescente";"Sol";"Dupla";"Reta";"Não";2;0;0;1;1;0;1;2;-25,4444071;-49,4998458;"SPRF-PR";"DEL01-PR";"UOP03-DEL03-PR"
386097;2021-09-27;"segunda-feira";"08:45:00";"RS";480;68,3;"ERECHIM";"Ultrapassagem Indevida";"Tombamento";"Com Vítimas Feridas";"Pleno dia";"Crescente";"Céu Claro";"Simples";"Reta";"Não";1;0;0;1;0;0;1;1;-27,63347625;-52,34270887;"SPRF-RS";"DEL08-RS";"UOP04-DEL08-RS"
386099;2021-09-27;"segunda-feira";"10:05:00";"BA";324;614;"SALVADOR";"Condutor deixou de manter distância do veículo da frente";"Colisão traseira";"Sem Vítimas";"Pleno dia";"Crescente";"Sol";"Dupla";"Reta";"Não";5;0;0;0;5;0;0;2;-12,8639793;-38,42370126;"SPRF-BA";"DEL01-BA";"UOP01-DEL01-BA"
386100;2021-09-27;"segunda-feira";"10:50:00";"PE";101;65,4;"RECIFE";"Condutor deixou de manter distância do veículo da frente";"Colisão traseira";"Com Vítimas Feridas";"Pleno dia";"Crescente";"Céu Claro";"Múltipla";"Reta";"Sim";2;0;1;0;1;0;1;2;-8,02478597;-34,94276635;"SPRF-PE";"DEL01-PE";"UOP01-DEL01-PE"
386101;2021-09-27;"segunda-feira";"10:35:00";"SP";116;270;"EMBU DAS ARTES";"Ausência de reação do condutor";"Colisão traseira";"Com Vítimas Feridas";"Pleno dia";"Crescente";"Céu Claro";"Dupla";"Reta";"Sim";4;0;1;0;3;0;1;2;-23,61799728;-46,79677694;"SPRF-SP";"DEL04-SP";"UOP01-DEL04-SP"
386102;2021-05-21;"sexta-feira";"22:40:00";"MT";70;289;"PRIMAVERA DO LESTE";"Fumaça";"Incêndio";"Sem Vítimas";"Plena Noite";"Crescente";"Ignorado";"Dupla";"Interseção de Vias";"Não";3;0;0;0;2;1;0;2;-15,57791522;-54,39640045;"SPRF-MT";"DEL05-MT";"UOP01-DEL05-MT"
386103;2021-07-03;"sábado";"12:20:00";"MG";153;36,5;"CANAPOLIS";"Demais falhas mecânicas ou elétricas";"Saída de leito carroçável";"Com Vítimas Feridas";"Pleno dia";"Decrescente";"Céu Claro";"Dupla";"Reta";"Não";2;0;2;0;0;0;2;1;-18,72189862;-49,1220337;"SPRF-MG";"DEL15-MG";"UOP03-DEL15-MG"
386106;2021-09-27;"segunda-feira";"07:55:00";"AC";364;179;"BUJARI";"Reação tardia ou ineficiente do condutor";"Saída de leito carroçável";"Com Vítimas Feridas";"Pleno dia";"Decrescente";"Céu Claro";"Simples";"Reta";"Não";5;0;3;2;0;0;5;1;-9,72378065;-68,12695977;"SPRF-AC";"DEL01-AC";"UOP01-DEL01-AC"
386108;2021-09-27;"segunda-feira";"08:10:00";"MT";70;727,7;"CACERES";"Demais falhas na via";"Colisão com objeto";"Com Vítimas Feridas";"Pleno dia";"Crescente";"Céu Claro";"Simples";"Reta;Aclive";"Não";2;0;1;0;0;1;1;2;-16,17766;-57,6082969;"SPRF-MT";"DEL03-MT";"UOP01-DEL03-MT"
386110;2021-09-27;"segunda-feira";"12:39:00";"PR";476;131;"CURITIBA";"Ausência de reação do condutor";"Colisão traseira";"Sem Vítimas";"Pleno dia";"Crescente";"Céu Claro";"Simples";"Interseção de Vias";"Sim";2;0;0;0;2;0;0;2;-25,45932967;-49,25014452;"SPRF-PR";"DEL01-PR";"UOP03-DEL01-PR"
386111;2021-09-24;"sexta-feira";"16:20:00";"CE";116;4;"FORTALEZA";"Pedestre andava na pista";"Colisão traseira";"Com Vítimas Feridas";"Pleno dia";"Crescente";"Céu Claro";"Múltipla";"Reta";"Sim";2;0;1;0;1;0;1;2;-3,7867209;-38,5114568;"SPRF-CE";"DEL01-CE";"UOP02-DEL01-CE"
386112;2021-09-27;"segunda-feira";"11:50:00";"RS";470;239;"CARLOS BARBOSA";"Acessar a via sem observar a presença dos outros veículos";"Colisão transversal";"Com Vítimas Feridas";"Pleno dia";"Decrescente";"Céu Claro";"Simples";"Curva";"Não";2;0;0;1;1;0;1;2;-29,34560555;-51,50870204;"SPRF-RS";"DEL06-RS";"UOP01-DEL06-RS"
386113;2021-09-27;"segunda-feira";"12:30:00";"RS";101;7;"TORRES";"Desrespeitar a preferência no cruzamento";"Colisão traseira";"Com Vítimas Feridas";"Pleno dia";"Decrescente";"Céu Claro";"Dupla";"Rotatória";"Não";2;0;1;0;1;0;1;2;-29,35350354;-49,79949301;"SPRF-RS";"DEL03-RS";"UOP02-DEL03-RS"