"id";"data_inversa";"dia_semana";"horario";"uf";"br";"km";"municipio";"causa_acidente";"tipo_acidente";"classificacao_acidente";"fase_dia";"sentido_via";"condicao_metereologica";"tipo_pista";"tracado_via";"uso_solo";"pessoas";"mortos";"feridos_leves";"feridos_graves";"ilesos";"ignorados";"feridos";"veiculos";"latitude";"longitude";"regional";"delegacia";"uop"
386114;2021-09-27;"segunda-feira";"12:25:00";"SP";381;33,8;"ATIBAIA";"Demais falhas mecânicas ou elétricas";"Capotamento";"Com Vítimas Feridas";"Pleno dia";"Crescente";"Céu Claro";"Dupla";"Curva;Declive";"Não";2;0;1;0;1;0;1;1;-23,0728028;-46,56673562;"SPRF-SP";"DEL03-SP";"UOP01-DEL03-SP"
386116;2021-09-26;"domingo";"22:00:00";"PI";230;52;"VILA NOVA DO PIAUI";"Ausência de reação do condutor";"Saída de leito carroçável";"Com Vítimas Feridas";"Plena Noite";"Crescente";"Céu Claro";"Simples";"Curva";"Não";1;0;0;1;0;0;1;1;-7,14423269;-40,91762007;"SPRF-PI";"DEL04-PI";"UOP03-DEL04-PI"
386118;2021-09-27;"segunda-feira";"11:00:00";"SC";280;29;"ARAQUARI";"Transitar no acostamento";"Colisão transversal";"Com Vítimas Feridas";"Pleno dia";"Decrescente";"Céu Claro";"Simples";"Reta";"Sim";2;0;0;1;1;0;1;2;-26,41066264;-48,75295628;"SPRF-SC";"DEL03-SC";"UOP03-DEL03-SC"
386119;2021-09-27;"segunda-feira";"12:45:00";"PR";116;5,5;"QUATRO BARRAS";"Ausência de reação do condutor";"Saída de leito carroçável";"Com Vítimas Feridas";"Pleno dia";"Decrescente";"Céu Claro";"Dupla";"Reta";"Sim";1;0;1;0;0;0;1;1;-25,36484598;-49,08741832;"SPRF-PR";"DEL01-PR";"UOP02-DEL01-PR"
386121;2021-09-20;"segunda-feira";"07:40:00";"SP";381;87;"SAO PAULO";"Reação tardia ou ineficiente do condutor";"Engavetamento";"Com Vítimas Feridas";"Pleno dia";"Crescente";"Céu Claro";"Múltipla";"Reta";"Sim";4;0;1;0;2;1;1;4;-23,47217786;-46,56403363;"SPRF-SP";"DEL03-SP";"UOP01-DEL03-SP"
386122;2021-09-27;"segunda-feira";"12:50:00";"AP";156;818;"OIAPOQUE";"Acessar a via sem observar a presença dos outros veículos";"Colisão transversal";"Com Vítimas Feridas";"Pleno dia";"Decrescente";"Céu Claro";"Simples";"Reta";"Sim";3;0;0;1;2;0;1;2;3,83155624;-51,80131985;"SPRF-AP";"DEL01-AP";"UOP03-DEL01-AP"
386124;2021-09-27;"segunda-feira";"12:10:00";"SP";116;41,3;"CACHOEIRA PAULISTA";"Obras na pista";"Colisão traseira";"Com Vítimas Feridas";"Pleno dia";"Decrescente";"Céu Claro";"Dupla";"Reta";"Não";4;0;1;0;3;0;1;3;-22,68631027;-45,0146498;"SPRF-SP";"DEL08-SP";"UOP02-DEL08-SP"
386127;2021-09-27;"segunda-feira";"11:50:00";"SP";381;22;"BRAGANCA PAULISTA";"Ausência de reação do condutor";"Colisão traseira";"Com Vítimas Feridas";"Pleno dia";"Crescente";"Céu Claro";"Simples";"Reta";"Não";2;0;1;0;1;0;1;2;-22,99697186;-46,5163051;"SPRF-SP";"DEL03-SP";"UOP01-DEL03-SP"
386129;2021-09-24;"sexta-feira";"00:30:00";"RS";158;418,9;"SAO GABRIEL";"Ausência de reação do condutor";"Atropelamento de Pedestre";"Com Vítimas Fatais";"Plena Noite";"Decrescente";"Céu Claro";"Simples";"Reta";"Não";2;1;0;0;0;1;0;2;-30,0355347;-54,58257108;"SPRF-RS";"DEL11-RS";"UOP02-DEL11-RS"
386131;2021-09-27;"segunda-feira";"14:10:00";"RJ";356;181;"SAO JOAO DA BARRA";"Velocidade Incompatível";"Colisão traseira";"Com Vítimas Feridas";"Pleno dia";"Decrescente";"Céu Claro";"Simples";"Reta";"Não";4;0;2;0;2;0;2;2;-21,6563250367;-41,0531788057;"SPRF-RJ";"DEL08-RJ";"UOP02-DEL08-RJ"
386132;2021-09-27;"segunda-feira";"11:40:00";"RS";287;353,4;"JAGUARI";"Curva acentuada";"Tombamento";"Com Vítimas Feridas";"Pleno dia";"Decrescente";"Céu Claro";"Simples";"Ponte";"Não";2;0;1;1;0;0;2;1;-29,48900489;-54,68042838;"SPRF-RS";"DEL12-RS";"UOP02-DEL12-RS"
386133;2021-09-27;"segunda-feira";"13:40:00";"MG";40;634,2;"CONSELHEIRO LAFAIETE";"Velocidade Incompatível";"Colisão com objeto";"Com Vítimas Feridas";"Pleno dia";"Crescente";"Céu Claro";"Simples";"Curva";"Não";4;0;4;0;0;0;4;1;-20,69390809;-43,7895951;"SPRF-MG";"DEL05-MG";"UOP02-DEL05-MG"
386135;2021-09-27;"segunda-feira";"11:37:00";"SC";470;68,2;"INDAIAL";"Ausência de reação do condutor";"Colisão com objeto";"Com Vítimas Feridas";"Pleno dia";"Decrescente";"Céu Claro";"Dupla";"Reta";"Sim";1;0;1;0;0;0;1;1;-26,877615;-49,239231;"SPRF-SC";"DEL04-SC";"UOP01-DEL04-SC"
386136;2021-09-27;"segunda-feira";"15:15:00";"MG";40;460;"SETE LAGOAS";"Acumulo de água sobre o pavimento";"Capotamento";"Com Vítimas Feridas";"Pleno dia";"Crescente";"Chuva";"Dupla";"Reta";"Não";2;0;0;1;1;0;1;1;-19,39770694;-44,33528916;"SPRF-MG";"DEL02-MG";"UOP01-DEL02-MG"
386137;2021-09-27;"segunda-feira";"09:10:00";"RO";421;27;"MONTE NEGRO";"Condutor deixou de manter distância do veículo da frente";"Colisão traseira";"Com Vítimas Feridas";"Pleno dia";"Decrescente";"Nublado";"Simples";"Reta";"Não";2;0;1;0;1;0;1;2;-10,089358;-63,22068;"SPRF-RO";"DEL03-RO";"UOP01-DEL03-RO"
386139;2021-09-27;"segunda-feira";"15:20:00";"SC";101;207,5;"SAO JOSE";"Reação tardia ou ineficiente do condutor";"Colisão traseira";"Com Vítimas Feridas";"Pleno dia";"Decrescente";"Céu Claro";"Dupla";"Aclive";"Sim";2;0;1;0;1;0;1;2;-27,60001226;-48,6226467;"SPRF-SC";"DEL01-SC";"UOP01-DEL01-SC"
386140;2021-09-27;"segunda-feira";"14:50:00";"SP";116;170;"JACAREI";"Objeto estático sobre o leito carroçável";"Queda de ocupante de veículo";"Com Vítimas Feridas";"Pleno dia";"Decrescente";"Céu Claro";"Dupla";"Reta";"Não";1;0;1;0;0;0;1;1;-23,30794749;-46,0548351;"SPRF-SP";"DEL02-SP";"UOP01-DEL02-SP"
386141;2021-09-27;"segunda-feira";"13:15:00";"MT";174;116,9;"MIRASSOL DOESTE";"Condutor deixou de manter distância do veículo da frente";"Colisão traseira";"Sem Vítimas";"Pleno dia";"Decrescente";"Nublado";"Simples";"Reta";"Não";2;0;0;0;2;0;0;2;-15,82284895;-58,013966;"SPRF-MT";"DEL03-MT";"UOP01-DEL03-MT"
386142;2021-09-27;"segunda-feira";"12:40:00";"RS";470;209;"BENTO GONCALVES";"Reação tardia ou ineficiente do condutor";"Atropelamento de Pedestre";"Com Vítimas Feridas";"Pleno dia";"Crescente";"Céu Claro";"Simples";"Reta";"Sim";3;0;0;1;0;2;1;3;-29,12372087;-51,54377829;"SPRF-RS";"DEL06-RS";"UOP01-DEL06-RS"
386143;2021-09-27;"segunda-feira";"15:35:00";"SP";116;451;"REGISTRO";"Reação tardia ou ineficiente do condutor";"Colisão traseira";"Com Vítimas Feridas";"Pleno dia";"Decrescente";"Céu Claro";"Múltipla";"Reta";"Não";2;0;1;0;1;0;1;2;-24,54542792;-47,86180224;"SPRF-SP";"DEL05-SP";"UOP01-DEL05-SP"
386144;2021-09-27;"segunda-feira";"15:45:00";"PI";343;308;"ALTOS";"Conversão proibida";"Colisão transversal";"Com Vítimas Feridas";"Pleno dia";"Decrescente";"Sol";"Simples";"Reta";"Sim";2;0;1;0;1;0;1;2;-5,038669;-42,468166;"SPRF-PI";"DEL01-PI";"UOP01-DEL01-PI"
386145;2021-09-27;"segunda-feira";"16:15:00";"SP";101;47,5;"UBATUBA";"Desrespeitar a preferência no cruzamento";"Colisão transversal";"Com Vítimas Feridas";"Pleno dia";"Crescente";"Sol";"Simples";"Rotatória";"Sim";3;0;1;0;2;0;1;2;-23,43351;-45,085914;"SPRF-SP";"DEL06-SP";"UOP01-DEL06-SP"
386146;2021-09-27;"segunda-feira";"16:30:00";"PB";230;23,7;"JOAO PESSOA";"Manobra de mudança de faixa";"Colisão lateral mesmo sentido";"Com Vítimas Feridas";"Pleno dia";"Decrescente";"Céu Claro";"Dupla";"Reta";"Sim";2;0;2;0;0;0;2;2;-7,16395869;-34,8616242;"SPRF-PB";"DEL01-PB";"UOP01-DEL01-PB"
386148;2021-09-27;"segunda-feira";"16:15:00";"MG";251;518,3;"MONTES CLAROS";"Entrada inopinada do pedestre";"Atropelamento de Pedestre";"Com Vítimas Fatais";"Pleno dia";"Decrescente";"Céu Claro";"Simples";"Reta";"Não";2;1;0;0;1;0;0;2;-16,66257909;-43,76892799;"SPRF-MG";"DEL12-MG";"UOP01-DEL12-MG"
386149;2021-09-27;"segunda-feira";"17:15:00";"PE";101;68;"RECIFE";"Condutor deixou de manter distância do veículo da frente";"Colisão lateral mesmo sentido";"Com Vítimas Feridas";"Anoitecer";"Crescente";"Nublado";"Dupla";"Viaduto";"Sim";3;0;2;0;0;1;2;2;-8,051077;-34,946053;"SPRF-PE";"DEL01-PE";"UOP01-DEL01-PE"
386150;2021-09-27;"segunda-feira";"17:10:00";"RS";158;2;"SANTA MARIA";"Acessar a via sem observar a presença dos outros veículos";"Colisão transversal";"Com Vítimas Feridas";"Pleno dia";"Crescente";"Sol";"Simples";"Reta";"Não";2;0;2;0;0;0;2;2;-29,684637;-53,807415;"SPRF-RS";"DEL09-RS";"UOP01-DEL09-RS"
386151;2021-09-27;"segunda-feira";"16:40:00";"GO";153;495;"GOIANIA";"Condutor deixou de manter distância do veículo da frente";"Colisão traseira";"Com Vítimas Feridas";"Pleno dia";"Crescente";"Céu Claro";"Múltipla";"Reta";"Sim";2;0;1;0;1;0;1;2;-16,6681;-49,2263;"SPRF-GO";"DEL01-GO";"UOP01-DEL01-GO"
386152;2021-09-03;"sexta-feira";"19:45:00";"PR";476;128;"CURITIBA";"Reação tardia ou ineficiente do condutor";"Colisão traseira";"Com Vítimas Feridas";"Plena Noite";"Crescente";"Céu Claro";"Dupla";"Curva";"Sim";2;0;1;0;1;0;1;2;-25,43407042;-49,23227906;"SPRF-PR";"DEL01-PR";"UOP03-DEL01-PR"
386153;2021-09-27;"segunda-feira";"17:10:00";"SP";116;443,5;"REGISTRO";"Avarias e/ou desgaste excessivo no pneu";"Queda de ocupante de veículo";"Com Vítimas Feridas";"Pleno dia";"Crescente";"Céu Claro";"Dupla";"Reta";"Não";1;0;0;1;0;0;1;1;-24,48368236;-47,83287406;"SPRF-SP";"DEL05-SP";"UOP01-DEL05-SP"
386155;2021-09-27;"segunda-feira";"16:00:00";"SP";381;85;"SAO PAULO";"Ausência de reação do condutor";"Colisão com objeto";"Com Vítimas Feridas";"Pleno dia";"Crescente";"Céu Claro";"Dupla";"Reta";"Não";1;0;1;0;0;0;1;1;-23,449343;-46,56983501;"SPRF-SP";"DEL03-SP";"UOP01-DEL03-SP"
386156;2021-09-27;"segunda-feira";"15:30:00";"MG";40;145,2;"JOAO PINHEIRO";"Acessar a via sem observar a presença dos outros veículos";"Colisão transversal";"Com Vítimas Feridas";"Pleno dia";"Decrescente";"Céu Claro";"Simples";"Reta";"Não";5;0;3;0;2;0;3;2;-17,75566262;-46,16329585;"SPRF-MG";"DEL14-MG";"UOP02-DEL14-MG"
386158;2021-09-27;"segunda-feira";"17:45:00";"RS";116;233,9;"NOVO HAMBURGO";"Desrespeitar a preferência no cruzamento";"Colisão transversal";"Com Vítimas Feridas";"Anoitecer";"Decrescente";"Céu Claro";"Simples";"Reta";"Sim";2;0;1;0;0;1;1;2;-29,64558084;-51,14337216;"SPRF-RS";"DEL01-RS";"UOP02-DEL01-RS"
386159;2021-09-03;"sexta-feira";"17:15:00";"MG";381;481;"BETIM";"Ausência de reação do condutor";"Queda de ocupante de veículo";"Com Vítimas Feridas";"Pleno dia";"Crescente";"Céu Claro";"Múltipla";"Curva";"Sim";2;0;1;0;1;0;1;2;-19,95811281;-44,05728936;"SPRF-MG";"DEL01-MG";"UOP03-DEL01-MG"
386161;2021-09-27;"segunda-feira";"15:00:00";"GO";153;527,9;"HIDROLANDIA";"Demais falhas mecânicas ou elétricas";"Queda de ocupante de veículo";"Com Vítimas Feridas";"Pleno dia";"Crescente";"Céu Claro";"Dupla";"Reta";"Não";2;0;2;0;0;0;2;1;-16,9457;-49,2511;"SPRF-GO";"DEL01-GO";"UOP03-DEL01-GO"
386164;2021-09-27;"segunda-feira";"18:10:00";"TO";153;662;"GURUPI";"Reação tardia ou ineficiente do condutor";"Queda de ocupante de veículo";"Com Vítimas Feridas";"Anoitecer";"Crescente";"Nublado";"Simples";"Declive";"Não";1;0;1;0;0;0;1;1;-11,6397959;-49,05342831;"SPRF-TO";"DEL01-TO";"UOP02-DEL01-TO"
386165;2021-09-27;"segunda-feira";"18:25:00";"RS";470;215;"BENTO GONCALVES";"Conversão proibida";"Colisão transversal";"Com Vítimas Feridas";"Anoitecer";"Decrescente";"Céu Claro";"Simples";"Reta;Interseção de Vias";"Não";2;0;2;0;0;0;2;2;-29,150635;-51,530241;"SPRF-RS";"DEL06-RS";"UOP01-DEL06-RS"
386167;2021-09-27;"segunda-feira";"17:30:00";"SC";101;206,3;"SAO JOSE";"Reação tardia ou ineficiente do condutor";"Colisão traseira";"Com Vítimas Feridas";"Plena Noite";"Crescente";"Céu Claro";"Múltipla";"Reta";"Sim";2;0;2;0;0;0;2;2;-27,59193546;-48,61824557;"SPRF-SC";"DEL01-SC";"UOP01-DEL01-SC"
386169;2021-09-27;"segunda-feira";"17:40:00";"MG";40;579,9;"ITABIRITO";"Avarias e/ou desgaste excessivo no pneu";"Saída de leito carroçável";"Sem Vítimas";"Anoitecer";"Crescente";"Chuva";"Dupla";"Reta";"Não";1;0;0;0;1;0;0;1;-20,28638301;-43,94212592;"SPRF-MG";"DEL01-MG";"UOP02-DEL01-MG"
386172;2021-09-27;"segunda-feira";"19:10:00";"SC";101;123,3;"ITAJAI";"Manobra de mudança de faixa";"Colisão traseira";"Com Vítimas Feridas";"Plena Noite";"Decrescente";"Céu Claro";"Múltipla";"Reta;Interseção de Vias";"Sim";5;0;1;2;1;1;3;4;-26,93668609;-48,69876905;"SPRF-SC";"DEL04-SC";"UOP04-DEL04-SC"
386173;2021-09-27;"segunda-feira";"15:30:00";"MG";50;173;"UBERABA";"Reação tardia ou ineficiente do condutor";"Tombamento";"Com Vítimas Feridas";"Pleno dia";"Decrescente";"Sol";"Dupla";"Reta";"Sim";1;0;1;0;0;0;1;1;-19,7624352;-47,97701547;"SPRF-MG";"DEL13-MG";"UOP01-DEL13-MG"
386175;2021-09-27;"segunda-feira";"18:00:00";"ES";101;332,7;"GUARAPARI";"Avarias e/ou desgaste excessivo no pneu";"Queda de ocupante de veículo";"Com Vítimas Feridas";"Plena Noite";"Crescente";"Céu Claro";"Dupla";"Curva";"Não";1;0;1;0;0;0;1;1;-20,60724162;-40,50889326;"SPRF-ES";"DEL03-ES";"UOP01-DEL03-ES"
386178;2021-09-27;"segunda-feira";"20:00:00";"PR";376;381;"IMBAU";"Ausência de reação do condutor";"Saída de leito carroçável";"Sem Vítimas";"Plena Noite";"Crescente";"Céu Claro";"Simples";"Curva";"Não";1;0;0;0;1;0;0;1;-24,42697493;-50,76691193;"SPRF-PR";"DEL03-PR";"UOP02-DEL03-PR"
386179;2021-09-27;"segunda-feira";"19:35:00";"SC";101;123;"ITAJAI";"Ausência de reação do condutor";"Colisão lateral mesmo sentido";"Com Vítimas Feridas";"Plena Noite";"Crescente";"Céu Claro";"Simples";"Interseção de Vias;Viaduto;Reta";"Não";2;0;1;0;1;0;1;2;-26,93668609;-48,69876905;"SPRF-SC";"DEL04-SC";"UOP04-DEL04-SC"
386180;2021-09-27;"segunda-feira";"18:50:00";"MG";40;509,1;"RIBEIRAO DAS NEVES";"Chuva";"Colisão lateral mesmo sentido";"Com Vítimas Feridas";"Plena Noite";"Decrescente";"Chuva";"Dupla";"Reta;Declive";"Sim";2;0;0;1;1;0;1;2;-19,76728744;-44,12855905;"SPRF-MG";"DEL01-MG";"UOP02-DEL01-MG"
386181;2021-09-27;"segunda-feira";"17:30:00";"RS";293;102,6;"PINHEIRO MACHADO";"Velocidade Incompatível";"Saída de leito carroçável";"Com Vítimas Feridas";"Pleno dia";"Decrescente";"Sol";"Simples";"Reta";"Não";5;0;5;0;0;0;5;1;-31,59827588;-53,32984193;"SPRF-RS";"DEL11-RS";"UOP03-DEL11-RS"
386182;2021-09-27;"segunda-feira";"18:00:00";"MS";267;34;"BATAGUASSU";"Retorno proibido";"Colisão transversal";"Com Vítimas Feridas";"Anoitecer";"Crescente";"Céu Claro";"Simples";"Aclive";"Não";2;0;0;1;1;0;1;2;-21,74042791;-52,46505607;"SPRF-MS";"DEL02-MS";"UOP04-DEL02-MS"
386183;2021-09-22;"quarta-feira";"18:30:00";"SP";116;275;"TABOAO DA SERRA";"Demais falhas mecânicas ou elétricas";"Incêndio";"Sem Vítimas";"Anoitecer";"Crescente";"Nublado";"Dupla";"Reta";"Sim";1;0;0;0;1;0;0;1;-23,61873255;-46,80244446;"SPRF-SP";"DEL04-SP";"UOP01-DEL04-SP"
386186;2021-09-27;"segunda-feira";"20:00:00";"RS";290;719,8;"URUGUAIANA";"Deficiência do Sistema de Iluminação/Sinalização";"Colisão traseira";"Com Vítimas Feridas";"Plena Noite";"Crescente";"Céu Claro";"Simples";"Reta;Viaduto";"Sim";7;0;3;3;1;0;6;2;-29,77243317;-57,05284953;"SPRF-RS";"DEL13-RS";"UOP01-DEL13-RS"
386187;2021-09-12;"domingo";"19:10:00";"BA";101;878;"TEIXEIRA DE FREITAS";"Velocidade Incompatível";"Colisão traseira";"Com Vítimas Feridas";"Plena Noite";"Crescente";"Céu Claro";"Simples";"Reta";"Sim";3;0;2;0;0;1;2;2;-17,55124623;-39,721771;"SPRF-BA";"DEL09-BA";"UOP02-DEL09-BA"
386188;2021-09-27;"segunda-feira";"10:00:00";"MA";226;455,5;"GRAJAU";"Ausência de reação do condutor";"Colisão frontal";"Com Vítimas Feridas";"Pleno dia";"Crescente";"Céu Claro";"Simples";"Reta";"Não";5;0;0;1;4;0;1;3;-5,977351;-46,4366;"SPRF-MA";"DEL04-MA";"UOP02-DEL04-MA"
386191;2021-09-27;"segunda-feira";"14:55:00";"SC";282;654;"SAO MIGUEL DO OESTE";"Frear bruscamente";"Tombamento";"Com Vítimas Feridas";"Pleno dia";"Crescente";"Céu Claro";"Simples";"Reta";"Não";2;0;2;0;0;0;2;2;-26,70812;-53,522144;"SPRF-SC";"DEL07-SC";"UOP03-DEL07-SC"
386192;2021-09-27;"segunda-feira";"13:20:00";"BA";101;338;"TEOLANDIA";"Reação tardia ou ineficiente do condutor";"Saída de leito carroçável";"Com Vítimas Fatais";"Pleno dia";"Crescente";"Céu Claro";"Simples";"Reta";"Não";4;1;0;3;0;0;3;1;-13,64624293;-39,48617042;"SPRF-BA";"DEL05-BA";"UOP03-DEL05-BA"
386193;2021-09-27;"segunda-feira";"18:50:00";"MG";116;409,9;"GOVERNADOR VALADARES";"Ausência de reação do condutor";"Colisão traseira";"Com Vítimas Feridas";"Plena Noite";"Crescente";"Céu Claro";"Dupla";"Reta";"Sim";2;0;1;0;1;0;1;2;-18,84936788;-41,97891368;"SPRF-MG";"DEL06-MG";"UOP01-DEL06-MG"
386194;2021-09-27;"segunda-feira";"14:23:00";"RJ";40;84;"PETROPOLIS";"Ausência de reação do condutor";"Queda de ocupante de veículo";"Com Vítimas Feridas";"Pleno dia";"Crescente";"Céu Claro";"Simples";"Reta";"Não";1;0;1;0;0;0;1;1;-22,52145512;-43,23707996;"SPRF-RJ";"DEL06-RJ";"UOP01-DEL06-RJ"
386195;2021-09-27;"segunda-feira";"16:40:00";"MG";40;138;"JOAO PINHEIRO";"Chuva";"Saída de leito carroçável";"Sem Vítimas";"Anoitecer";"Decrescente";"Chuva";"Simples";"Reta";"Não";1;0;0;0;0;1;0;1;-17,72754024;-46,21430838;"SPRF-MG";"DEL14-MG";"UOP01-DEL14-MG"
386197;2021-09-27;"segunda-feira";"21:30:00";"PR";369;48,3;"BANDEIRANTES";"Reação tardia ou ineficiente do condutor";"Capotamento";"Com Vítimas Feridas";"Plena Noite";"Crescente";"Céu Claro";"Simples";"Reta";"Não";1;0;0;1;0;0;1;1;-23,09885373;-50,30656815;"SPRF-PR";"DEL07-PR";"UOP01-DEL07-PR"
386199;2021-09-03;"sexta-feira";"08:30:00";"PR";277;112;"CAMPO LARGO";"Acessar a via sem observar a presença dos outros veículos";"Colisão transversal";"Com Vítimas Feridas";"Pleno dia";"Decrescente";"Céu Claro";"Dupla";"Reta";"Não";2;0;1;1;0;0;2;2;-25,43257515;-49,36978297;"SPRF-PR";"DEL01-PR";"UOP03-DEL03-PR"
386203;2021-09-27;"segunda-feira";"18:10:00";"RO";364;614;"ITAPUA DO OESTE";"Obras na pista";"Tombamento";"Com Vítimas Feridas";"Plena Noite";"Decrescente";"Chuva";"Simples";"Reta;Em Obras";"Não";2;0;1;1;0;0;2;1;-9,12544;-63,255194;"SPRF-RO";"DEL01-RO";"UOP04-DEL01-RO"
386209;2021-09-27;"segunda-feira";"18:35:00";"CE";116;42;"HORIZONTE";"Transitar no acostamento";"Colisão lateral mesmo sentido";"Sem Vítimas";"Plena Noite";"Decrescente";"Céu Claro";"Múltipla";"Reta";"Sim";4;0;0;0;4;0;0;2;-4,10857928;-38,4942173;"SPRF-CE";"DEL01-CE";"UOP02-DEL01-CE"
386211;2021-09-27;"segunda-feira";"21:30:00";"AC";317;290;"EPITACIOLANDIA";"Reação tardia ou ineficiente do condutor";"Colisão frontal";"Com Vítimas Feridas";"Plena Noite";"Crescente";"Céu Claro";"Simples";"Reta";"Sim";2;0;0;2;0;0;2;2;-11,03783;-68,7167;"SPRF-AC";"DEL01-AC";"UOP02-DEL01-AC"
386213;2021-09-28;"terça-feira";"01:40:00";"MG";365;523,3;"MONTE CARMELO";"Ausência de reação do condutor";"Saída de leito carroçável";"Com Vítimas Feridas";"Plena Noite";"Crescente";"Céu Claro";"Simples";"Rotatória";"Não";2;0;0;2;0;0;2;1;-18,90891261;-47,43327391;"SPRF-MG";"DEL10-MG";"UOP01-DEL10-MG"
386215;2021-09-28;"terça-feira";"01:00:00";"PR";0;0;"GUAIRA";"Acessar a via sem observar a presença dos outros veículos";"Colisão lateral mesmo sentido";"Sem Vítimas";"Plena Noite";"Não Informado";"Céu Claro";"Simples";"Interseção de Vias";"Sim";6;0;0;0;6;0;0;2;-24,077428;-54,24252933;"SPRF-PR";"DEL06-PR";"UOP01-DEL06-PR"
386216;2021-09-27;"segunda-feira";"23:30:00";"TO";153;164;"ARAGUAINA";"Acesso irregular";"Saída de leito carroçável";"Sem Vítimas";"Plena Noite";"Crescente";"Nublado";"Simples";"Reta";"Não";30;0;0;0;30;0;0;1;-7,34997193;-48,32704408;"SPRF-TO";"DEL02-TO";"UOP01-DEL02-TO"
386217;2021-09-28;"terça-feira";"02:00:00";"RS";290;10,3;"OSORIO";"Condutor Dormindo";"Saída de leito carroçável";"Com Vítimas Feridas";"Plena Noite";"Crescente";"Nublado";"Dupla";"Curva";"Não";1;0;1;0;0;0;1;1;-29,891388;-50,373714;"SPRF-RS";"DEL03-RS";"UOP01-DEL03-RS"
386218;2021-09-27;"segunda-feira";"22:30:00";"PR";277;679;"MEDIANEIRA";"Ingestão de álcool pelo condutor";"Saída de leito carroçável";"Com Vítimas Feridas";"Plena Noite";"Decrescente";"Céu Claro";"Dupla";"Reta";"Não";1;0;1;0;0;0;1;1;-25,31758044;-54,15684223;"SPRF-PR";"DEL05-PR";"UOP01-DEL05-PR"
386219;2021-09-27;"segunda-feira";"10:15:00";"PI";343;12;"PARNAIBA";"Reação tardia ou ineficiente do condutor";"Colisão com objeto";"Sem Vítimas";"Pleno dia";"Crescente";"Céu Claro";"Dupla";"Reta";"Sim";2;0;0;0;2;0;0;2;-2,91003919;-41,75381899;"SPRF-PI";"DEL05-PI";"UOP01-DEL05-PI"
386222;2021-09-28;"terça-feira";"03:00:00";"MG";40;236,5;"SAO GONCALO DO ABAETE";"Ultrapassagem Indevida";"Colisão frontal";"Com Vítimas Fatais";"Plena Noite";"Crescente";"Céu Claro";"Simples";"Aclive";"Sim";4;1;0;3;0;0;3;2;-18,03585223;-45,52881732;"SPRF-MG";"DEL14-MG";"UOP02-DEL14-MG"
386223;2021-09-28;"terça-feira";"02:45:00";"AC";364;141;"RIO BRANCO";"Condutor Dormindo";"Saída de leito carroçável";"Com Vítimas Feridas";"Plena Noite";"Decrescente";"Nublado";"Dupla";"Reta";"Não";2;0;2;0;0;0;2;1;-9,94200493;-67,87512076;"SPRF-AC";"DEL01-AC";"UOP01-DEL01-AC"
386226;2021-09-28;"terça-feira";"05:15:00";"RS";392;51,2;"RIO GRANDE";"Ingestão de álcool pelo condutor";"Saída de leito carroçável";"Com Vítimas Feridas";"Plena Noite";"Decrescente";"Nublado";"Dupla";"Reta";"Não";3;0;1;0;2;0;1;1;-31,86521207;-52,32379036;"SPRF-RS";"DEL07-RS";"UOP02-DEL07-RS"
386228;2021-09-27;"segunda-feira";"23:00:00";"MG";381;508,1;"SAO JOAQUIM DE BICAS";"Condutor deixou de manter distância do veículo da frente";"Colisão lateral mesmo sentido";"Com Vítimas Feridas";"Plena Noite";"Decrescente";"Nublado";"Dupla";"Reta";"Sim";2;0;0;1;0;1;1;2;-20,04432099;-44,27121615;"SPRF-MG";"DEL01-MG";"UOP03-DEL01-MG"
386231;2021-09-28;"terça-feira";"06:15:00";"RN";406;160,8;"CEARA-MIRIM";"Conversão proibida";"Colisão transversal";"Com Vítimas Feridas";"Pleno dia";"Crescente";"Céu Claro";"Simples";"Reta";"Sim";2;0;1;0;1;0;1;2;-5,71375666;-35,37210457;"SPRF-RN";"DEL02-RN";"UOP01-DEL02-RN"
386232;2021-09-28;"terça-feira";"06:45:00";"SP";116;219;"GUARULHOS";"Condutor deixou de manter distância do veículo da frente";"Colisão traseira";"Com Vítimas Feridas";"Pleno dia";"Crescente";"Céu Claro";"Múltipla";"Reta";"Não";3;0;1;0;2;0;1;2;-23,46143954;-46,48885316;"SPRF-SP";"DEL01-SP";"UOP01-DEL01-SP"
386237;2021-09-28;"terça-feira";"07:10:00";"SC";282;21;"SANTO AMARO DA IMPERATRIZ";"Condutor deixou de manter distância do veículo da frente";"Colisão traseira";"Com Vítimas Feridas";"Pleno dia";"Decrescente";"Céu Claro";"Simples";"Reta";"Sim";2;0;1;0;1;0;1;2;-27,68907;-48,717541;"SPRF-SC";"DEL01-SC";"UOP02-DEL01-SC"
386238;2021-09-27;"segunda-feira";"20:05:00";"MG";50;18;"UBERLANDIA";"Demais falhas mecânicas ou elétricas";"Tombamento";"Com Vítimas Feridas";"Pleno dia";"Crescente";"Céu Claro";"Dupla";"Reta";"Não";2;0;2;0;0;0;2;1;-18,9113;-48,2622;"SPRF-MG";"DEL15-MG";"UOP01-DEL15-MG"