"id";"data_inversa";"dia_semana";"horario";"uf";"br";"km";"municipio";"causa_acidente";"tipo_acidente";"classificacao_acidente";"fase_dia";"sentido_via";"condicao_metereologica";"tipo_pista";"tracado_via";"uso_solo";"pessoas";"mortos";"feridos_leves";"feridos_graves";"ilesos";"ignorados";"feridos";"veiculos";"latitude";"longitude";"regional";"delegacia";"uop"
386239;2021-09-28;"terça-feira";"07:50:00";"RJ";116;40;"TERESOPOLIS";"Velocidade Incompatível";"Colisão transversal";"Com Vítimas Feridas";"Pleno dia";"Crescente";"Nublado";"Simples";"Reta";"Sim";2;0;0;1;1;0;1;2;-22,133427;-42,779522;"SPRF-RJ";"DEL04-RJ";"UOP01-DEL04-RJ"
386240;2021-09-28;"terça-feira";"07:40:00";"MG";356;265,7;"MURIAE";"Desrespeitar a preferência no cruzamento";"Colisão transversal";"Com Vítimas Feridas";"Pleno dia";"Crescente";"Céu Claro";"Simples";"Interseção de Vias";"Sim";2;0;1;0;1;0;1;2;-21,12838898;-42,366803;"SPRF-MG";"DEL07-MG";"UOP02-DEL07-MG"
386241;2021-09-28;"terça-feira";"07:50:00";"SC";101;213,3;"PALHOCA";"Desrespeitar a preferência no cruzamento";"Colisão transversal";"Com Vítimas Feridas";"Pleno dia";"Decrescente";"Céu Claro";"Múltipla";"Reta";"Sim";3;0;2;0;1;0;2;2;-27,63697369;-48,66514142;"SPRF-SC";"DEL01-SC";"UOP02-DEL01-SC"
386243;2021-09-28;"terça-feira";"07:20:00";"ES";262;3,9;"CARIACICA";"Ausência de reação do condutor";"Colisão lateral mesmo sentido";"Com Vítimas Feridas";"Pleno dia";"Crescente";"Céu Claro";"Múltipla";"Reta";"Sim";2;0;1;0;1;0;1;2;-20,33374432;-40,36910933;"SPRF-ES";"DEL01-ES";"UOP01-DEL01-ES"
386247;2021-09-28;"terça-feira";"07:50:00";"SC";101;193;"BIGUACU";"Manobra de mudança de faixa";"Colisão traseira";"Com Vítimas Feridas";"Pleno dia";"Crescente";"Céu Claro";"Dupla";"Reta";"Sim";1;0;1;0;0;0;1;1;-27,489574;-48,655914;"SPRF-SC";"DEL01-SC";"UOP01-DEL01-SC"
386249;2021-09-28;"terça-feira";"07:30:00";"MS";359;523,9;"LADARIO";"Acessar a via sem observar a presença dos outros veículos";"Colisão transversal";"Com Vítimas Feridas";"Amanhecer";"Decrescente";"Céu Claro";"Simples";"Interseção de Vias";"Sim";3;0;1;0;2;0;1;2;-19,02477628;-57,61752963;"SPRF-MS";"DEL03-MS";"UOP03-DEL03-MS"
386251;2021-09-28;"terça-feira";"08:50:00";"RS";285;393,6;"SANTA BARBARA DO SUL";"Desrespeitar a preferência no cruzamento";"Colisão transversal";"Com Vítimas Feridas";"Pleno dia";"Crescente";"Céu Claro";"Simples";"Interseção de Vias";"Sim";3;0;2;0;1;0;2;2;-28,38614201;-53,25909595;"SPRF-RS";"DEL10-RS";"UOP02-DEL10-RS"
386252;2021-09-28;"terça-feira";"07:50:00";"RO";364;710;"PORTO VELHO";"Ausência de reação do condutor";"Colisão lateral mesmo sentido";"Com Vítimas Feridas";"Pleno dia";"Decrescente";"Céu Claro";"Dupla";"Reta";"Sim";2;0;1;1;0;0;2;2;-8,78621576;-63,85712687;"SPRF-RO";"DEL01-RO";"UOP01-DEL01-RO"
386253;2021-09-28;"terça-feira";"09:11:00";"SP";116;229;"SAO PAULO";"Manobra de mudança de faixa";"Colisão traseira";"Com Vítimas Feridas";"Pleno dia";"Crescente";"Céu Claro";"Múltipla";"Declive";"Sim";2;0;1;0;1;0;1;2;-23,51291902;-46,57604698;"SPRF-SP";"DEL01-SP";"UOP01-DEL01-SP"
386254;2021-09-28;"terça-feira";"09:20:00";"MG";116;704,2;"MURIAE";"Desrespeitar a preferência no cruzamento";"Colisão transversal";"Com Vítimas Feridas";"Pleno dia";"Crescente";"Céu Claro";"Simples";"Interseção de Vias";"Sim";2;0;1;0;1;0;1;2;-21,13416858;-42,38722798;"SPRF-MG";"DEL07-MG";"UOP02-DEL07-MG"
386255;2021-09-28;"terça-feira";"08:00:00";"RO";364;220,4;"PIMENTA BUENO";"Reação tardia ou ineficiente do condutor";"Colisão traseira";"Com Vítimas Feridas";"Pleno dia";"Decrescente";"Céu Claro";"Simples";"Reta";"Não";3;0;1;0;2;0;1;3;-11,53403612;-61,32300909;"SPRF-RO";"DEL02-RO";"UOP02-DEL02-RO"
386256;2021-09-28;"terça-feira";"06:20:00";"MT";174;286;"PONTES E LACERDA";"Ausência de reação do condutor";"Colisão traseira";"Com Vítimas Feridas";"Pleno dia";"Crescente";"Céu Claro";"Simples";"Reta";"Não";2;0;1;0;1;0;1;2;-15,27159992;-59,29458618;"SPRF-MT";"DEL04-MT";"UOP01-DEL04-MT"
386257;2021-09-28;"terça-feira";"07:35:00";"RS";290;327,8;"CACAPAVA DO SUL";"Avarias e/ou desgaste excessivo no pneu";"Capotamento";"Com Vítimas Feridas";"Pleno dia";"Crescente";"Nublado";"Simples";"Reta";"Não";3;0;3;0;0;0;3;1;-30,36013764;-53,47097397;"SPRF-RS";"DEL09-RS";"UOP02-DEL09-RS"
386260;2021-09-28;"terça-feira";"07:30:00";"SC";101;150,8;"ITAPEMA";"Reação tardia ou ineficiente do condutor";"Saída de leito carroçável";"Com Vítimas Feridas";"Pleno dia";"Crescente";"Sol";"Múltipla";"Reta";"Sim";1;0;1;0;0;0;1;1;-27,11744799;-48,60940987;"SPRF-SC";"DEL04-SC";"UOP03-DEL04-SC"
386261;2021-09-28;"terça-feira";"06:00:00";"BA";235;93;"PAULO AFONSO";"Ultrapassagem Indevida";"Colisão lateral mesmo sentido";"Com Vítimas Feridas";"Pleno dia";"Crescente";"Céu Claro";"Simples";"Reta";"Não";2;0;1;0;1;0;1;2;-9,4377185;-38,2040959;"SPRF-BA";"DEL07-BA";"UOP01-DEL07-BA"
386262;2021-09-28;"terça-feira";"08:10:00";"RO";174;15;"VILHENA";"Desrespeitar a preferência no cruzamento";"Colisão transversal";"Com Vítimas Feridas";"Pleno dia";"Decrescente";"Céu Claro";"Dupla";"Interseção de Vias";"Sim";4;0;1;0;3;0;1;2;-12,723321;-60,12801;"SPRF-RO";"DEL04-RO";"UOP01-DEL04-RO"
386266;2021-09-28;"terça-feira";"09:30:00";"AL";423;3,8;"OURO BRANCO";"Acessar a via sem observar a presença dos outros veículos";"Colisão lateral mesmo sentido";"Com Vítimas Feridas";"Pleno dia";"Decrescente";"Céu Claro";"Simples";"Reta;Declive";"Não";4;0;1;2;1;0;3;2;-9,13729203;-37,31506;"SPRF-AL";"DEL03-AL";"UOP02-DEL03-AL"
386267;2021-09-28;"terça-feira";"09:50:00";"SC";101;137;"BALNEARIO CAMBORIU";"Ingestão de substâncias psicoativas pelo condutor";"Saída de leito carroçável";"Sem Vítimas";"Pleno dia";"Crescente";"Céu Claro";"Dupla";"Reta";"Sim";1;0;0;0;0;1;0;1;-27,0157238;-48,61192763;"SPRF-SC";"DEL04-SC";"UOP03-DEL04-SC"
386274;2021-09-28;"terça-feira";"11:30:00";"SC";282;46;"AGUAS MORNAS";"Condutor deixou de manter distância do veículo da frente";"Engavetamento";"Com Vítimas Feridas";"Pleno dia";"Decrescente";"Céu Claro";"Simples";"Curva";"Não";3;0;0;1;2;0;1;3;-27,721041;-48,925152;"SPRF-SC";"DEL01-SC";"UOP03-DEL01-SC"
386275;2021-09-28;"terça-feira";"10:00:00";"PE";104;52;"CARUARU";"Reação tardia ou ineficiente do condutor";"Colisão traseira";"Com Vítimas Feridas";"Pleno dia";"Decrescente";"Céu Claro";"Dupla";"Reta";"Sim";2;0;0;1;1;0;1;2;-8,167598;-35,97684;"SPRF-PE";"DEL02-PE";"UOP01-DEL02-PE"
386276;2021-09-28;"terça-feira";"11:40:00";"AL";423;43,2;"INHAPI";"Acessar a via sem observar a presença dos outros veículos";"Colisão transversal";"Com Vítimas Feridas";"Pleno dia";"Decrescente";"Céu Claro";"Simples";"Reta";"Não";3;0;1;1;1;0;2;2;-9,24166601;-37,661748;"SPRF-AL";"DEL03-AL";"UOP02-DEL03-AL"
386277;2021-09-28;"terça-feira";"10:50:00";"PR";369;148,8;"LONDRINA";"Velocidade Incompatível";"Saída de leito carroçável";"Com Vítimas Fatais";"Pleno dia";"Decrescente";"Céu Claro";"Dupla";"Reta";"Sim";2;1;0;0;1;0;0;2;-23,293005;-51,149728;"SPRF-PR";"DEL07-PR";"UOP01-DEL07-PR"
386278;2021-09-28;"terça-feira";"11:20:00";"MG";381;944,1;"EXTREMA";"Velocidade Incompatível";"Colisão com objeto";"Com Vítimas Feridas";"Pleno dia";"Crescente";"Sol";"Dupla";"Declive;Curva";"Sim";1;0;1;0;0;0;1;1;-22,87479042;-46,36655782;"SPRF-MG";"DEL16-MG";"UOP03-DEL16-MG"
386279;2021-09-28;"terça-feira";"11:25:00";"RO";364;199,2;"PIMENTA BUENO";"Reação tardia ou ineficiente do condutor";"Colisão com objeto";"Com Vítimas Feridas";"Pleno dia";"Decrescente";"Sol";"Simples";"Rotatória";"Sim";1;0;1;0;0;0;1;1;-11,65559574;-61,18680418;"SPRF-RO";"DEL02-RO";"UOP02-DEL02-RO"
386280;2021-09-28;"terça-feira";"12:55:00";"MG";40;518;"RIBEIRAO DAS NEVES";"Demais falhas mecânicas ou elétricas";"Queda de ocupante de veículo";"Com Vítimas Feridas";"Pleno dia";"Crescente";"Céu Claro";"Dupla";"Reta";"Sim";2;0;1;0;1;0;1;1;-19,8321242;-44,08208533;"SPRF-MG";"DEL01-MG";"UOP02-DEL01-MG"
386286;2021-09-28;"terça-feira";"13:40:00";"MG";381;480,1;"CONTAGEM";"Demais falhas mecânicas ou elétricas";"Colisão com objeto";"Com Vítimas Feridas";"Pleno dia";"Decrescente";"Céu Claro";"Múltipla";"Reta";"Sim";2;0;1;1;0;0;2;1;-19,95749597;-44,07899901;"SPRF-MG";"DEL01-MG";"UOP03-DEL01-MG"
386287;2021-09-28;"terça-feira";"10:45:00";"SC";282;130,5;"BOM RETIRO";"Ultrapassagem Indevida";"Saída de leito carroçável";"Com Vítimas Feridas";"Pleno dia";"Crescente";"Céu Claro";"Simples";"Curva";"Não";1;0;1;0;0;0;1;1;-27,80734656;-49,53160286;"SPRF-SC";"DEL05-SC";"UOP01-DEL05-SC"
386289;2021-09-28;"terça-feira";"10:20:00";"PE";101;203;"XEXEU";"Transitar na contramão";"Colisão frontal";"Sem Vítimas";"Pleno dia";"Crescente";"Sol";"Dupla";"Reta";"Não";2;0;0;0;1;1;0;2;-8,79726501;-35,62641334;"SPRF-PE";"DEL01-PE";"UOP01-DEL01-PE"
386290;2021-09-28;"terça-feira";"12:50:00";"SP";116;146,2;"SAO JOSE DOS CAMPOS";"Reação tardia ou ineficiente do condutor";"Colisão com objeto";"Com Vítimas Feridas";"Pleno dia";"Crescente";"Céu Claro";"Dupla";"Reta";"Sim";2;0;1;0;1;0;1;1;-23,19122919;-45,86327591;"SPRF-SP";"DEL02-SP";"UOP01-DEL02-SP"
386291;2021-09-28;"terça-feira";"14:05:00";"ES";101;269,1;"SERRA";"Condutor deixou de manter distância do veículo da frente";"Colisão traseira";"Sem Vítimas";"Pleno dia";"Crescente";"Sol";"Múltipla";"Reta";"Sim";2;0;0;0;2;0;0;2;-20,21740496;-40,26990578;"SPRF-ES";"DEL02-ES";"UOP01-DEL02-ES"
386293;2021-09-28;"terça-feira";"12:00:00";"PE";232;300;"SERTANIA";"Animais na Pista";"Atropelamento de Animal";"Com Vítimas Feridas";"Pleno dia";"Decrescente";"Céu Claro";"Simples";"Reta";"Não";1;0;1;0;0;0;1;1;-8,22802112;-37,41517316;"SPRF-PE";"DEL03-PE";"UOP02-DEL03-PE"
386294;2021-09-28;"terça-feira";"14:00:00";"RS";116;256,3;"ESTEIO";"Manobra de mudança de faixa";"Colisão lateral mesmo sentido";"Com Vítimas Feridas";"Pleno dia";"Decrescente";"Nublado";"Dupla";"Reta";"Sim";1;0;1;0;0;0;1;1;-29,84393699;-51,17728603;"SPRF-RS";"DEL01-RS";"UOP02-DEL01-RS"
386295;2021-09-28;"terça-feira";"11:30:00";"MG";381;327;"NOVA ERA";"Manobra de mudança de faixa";"Colisão lateral mesmo sentido";"Com Vítimas Feridas";"Pleno dia";"Crescente";"Céu Claro";"Dupla";"Reta";"Sim";2;0;1;0;1;0;1;2;-19,75305985;-43,02746862;"SPRF-MG";"DEL03-MG";"UOP02-DEL03-MG"
386296;2021-09-28;"terça-feira";"14:40:00";"MG";50;180;"UBERABA";"Ultrapassagem Indevida";"Colisão lateral mesmo sentido";"Com Vítimas Feridas";"Pleno dia";"Crescente";"Céu Claro";"Dupla";"Rotatória";"Sim";3;0;2;0;1;0;2;2;-19,778359;-47,92372;"SPRF-MG";"DEL13-MG";"UOP01-DEL13-MG"
386298;2021-09-28;"terça-feira";"15:00:00";"CE";20;417,6;"MARACANAU";"Reação tardia ou ineficiente do condutor";"Queda de ocupante de veículo";"Com Vítimas Feridas";"Pleno dia";"Crescente";"Sol";"Dupla";"Reta";"Sim";1;0;0;1;0;0;1;1;-3,76999035;-38,67006282;"SPRF-CE";"DEL01-CE";"UOP02-DEL01-CE"
386303;2021-09-28;"terça-feira";"16:00:00";"RS";158;265;"JULIO DE CASTILHOS";"Acessar a via sem observar a presença dos outros veículos";"Colisão transversal";"Com Vítimas Feridas";"Pleno dia";"Crescente";"Ignorado";"Simples";"Reta";"Sim";3;0;0;1;2;0;1;2;-29,2478028;-53,66513609;"SPRF-RS";"DEL09-RS";"UOP01-DEL09-RS"
386304;2021-09-28;"terça-feira";"15:35:00";"DF";20;15;"BRASILIA";"Manobra de mudança de faixa";"Saída de leito carroçável";"Com Vítimas Feridas";"Pleno dia";"Crescente";"Nublado";"Dupla";"Reta";"Não";1;0;1;0;0;0;1;1;-15,630189;-47,733288;"SPRF-DF";"DEL02-DF";"UOP01-DEL02-DF"
386319;2021-09-28;"terça-feira";"15:40:00";"AP";210;6;"MACAPA";"Demais falhas mecânicas ou elétricas";"Tombamento";"Com Vítimas Feridas";"Pleno dia";"Decrescente";"Céu Claro";"Dupla";"Reta";"Sim";2;0;1;1;0;0;2;1;0,09345819;-51,11212194;"SPRF-AP";"DEL01-AP";"UOP01-DEL01-AP"
386320;2021-09-26;"domingo";"03:00:00";"RS";290;583;"ALEGRETE";"Velocidade Incompatível";"Saída de leito carroçável";"Sem Vítimas";"Plena Noite";"Crescente";"Céu Claro";"Simples";"Rotatória";"Sim";2;0;0;0;2;0;0;1;-29,813101;-55,806679;"SPRF-RS";"DEL13-RS";"UOP02-DEL13-RS"
386325;2021-09-28;"terça-feira";"17:05:00";"MA";135;16;"SAO LUIS";"Ausência de reação do condutor";"Colisão traseira";"Com Vítimas Feridas";"Pleno dia";"Decrescente";"Céu Claro";"Dupla";"Reta";"Não";3;0;1;0;2;0;1;2;-2,70264079;-44,31049629;"SPRF-MA";"DEL01-MA";"UOP01-DEL01-MA"
386327;2021-08-07;"sábado";"07:00:00";"RJ";101;476;"ANGRA DOS REIS";"Reação tardia ou ineficiente do condutor";"Saída de leito carroçável";"Com Vítimas Feridas";"Amanhecer";"Crescente";"Céu Claro";"Simples";"Curva";"Não";2;0;2;0;0;0;2;1;-23,0055431;-44,26195833;"SPRF-RJ";"DEL03-RJ";"UOP03-DEL03-RJ"
386328;2021-09-28;"terça-feira";"16:00:00";"PR";369;186;"ARAPONGAS";"Condutor deixou de manter distância do veículo da frente";"Colisão traseira";"Sem Vítimas";"Pleno dia";"Crescente";"Céu Claro";"Simples";"Reta";"Sim";3;0;0;0;3;0;0;3;-23,41831;-51,42615;"SPRF-PR";"DEL07-PR";"UOP02-DEL07-PR"
386329;2021-09-28;"terça-feira";"10:30:00";"PA";230;399,6;"PACAJA";"Reação tardia ou ineficiente do condutor";"Tombamento";"Com Vítimas Feridas";"Pleno dia";"Decrescente";"Céu Claro";"Simples";"Aclive;Curva";"Não";3;0;2;1;0;0;3;1;-3,85004877;-50,51352349;"SPRF-PA";"DEL04-PA";"UOP01-DEL04-PA"
386330;2021-09-28;"terça-feira";"15:50:00";"MG";381;636,8;"SANTO ANTONIO DO AMPARO";"Velocidade Incompatível";"Colisão com objeto";"Com Vítimas Feridas";"Pleno dia";"Decrescente";"Nublado";"Dupla";"Declive;Curva";"Não";1;0;1;0;0;0;1;1;-20,89141186;-44,8525565;"SPRF-MG";"DEL04-MG";"UOP01-DEL04-MG"
386331;2021-09-28;"terça-feira";"15:25:00";"PE";424;94,4;"GARANHUNS";"Condutor deixou de manter distância do veículo da frente";"Colisão traseira";"Com Vítimas Feridas";"Pleno dia";"Decrescente";"Sol";"Simples";"Aclive;Curva";"Não";2;0;1;0;1;0;1;2;-8,91590392;-36,48883344;"SPRF-PE";"DEL03-PE";"UOP01-DEL03-PE"
386334;2021-09-28;"terça-feira";"16:55:00";"RS";116;243;"SAO LEOPOLDO";"Reação tardia ou ineficiente do condutor";"Colisão traseira";"Sem Vítimas";"Pleno dia";"Crescente";"Chuva";"Dupla";"Viaduto";"Sim";2;0;0;0;1;1;0;2;-29,73003941;-51,14964494;"SPRF-RS";"DEL01-RS";"UOP02-DEL01-RS"
386336;2021-09-28;"terça-feira";"18:00:00";"RJ";356;162;"SAO JOAO DA BARRA";"Ausência de reação do condutor";"Capotamento";"Com Vítimas Feridas";"Plena Noite";"Crescente";"Céu Claro";"Simples";"Reta";"Não";2;0;2;0;0;0;2;1;-21,71242811;-41,15203501;"SPRF-RJ";"DEL08-RJ";"UOP02-DEL08-RJ"
386337;2021-09-28;"terça-feira";"17:45:00";"PA";316;27;"BENEVIDES";"Acumulo de água sobre o pavimento";"Colisão com objeto";"Sem Vítimas";"Anoitecer";"Crescente";"Chuva";"Dupla";"Reta";"Sim";3;0;0;0;1;2;0;1;-1,31824794;-48,22663008;"SPRF-PA";"DEL01-PA";"UOP01-DEL01-PA"
386338;2021-09-28;"terça-feira";"18:20:00";"SC";280;24,8;"ARAQUARI";"Transitar no acostamento";"Colisão transversal";"Com Vítimas Feridas";"Plena Noite";"Crescente";"Garoa/Chuvisco";"Simples";"Reta";"Sim";2;0;1;0;1;0;1;2;-26,37724921;-48,71953282;"SPRF-SC";"DEL03-SC";"UOP03-DEL03-SC"
386340;2021-09-28;"terça-feira";"18:15:00";"PI";343;4,8;"TERESINA";"Reação tardia ou ineficiente do condutor";"Engavetamento";"Com Vítimas Feridas";"Plena Noite";"Decrescente";"Céu Claro";"Dupla";"Reta";"Sim";4;0;0;2;2;0;2;4;-5,089569;-42,802288;"SPRF-PI";"DEL01-PI";"UOP01-DEL01-PI"
386341;2021-09-28;"terça-feira";"18:25:00";"PR";369;145;"LONDRINA";"Manobra de mudança de faixa";"Colisão lateral mesmo sentido";"Com Vítimas Feridas";"Anoitecer";"Decrescente";"Céu Claro";"Dupla";"Retorno Regulamentado";"Sim";3;0;1;0;2;0;1;2;-23,29356369;-51,10853255;"SPRF-PR";"DEL07-PR";"UOP01-DEL07-PR"
386343;2021-09-28;"terça-feira";"18:20:00";"PE";101;52;"PAULISTA";"Acessar a via sem observar a presença dos outros veículos";"Colisão transversal";"Sem Vítimas";"Plena Noite";"Decrescente";"Vento";"Múltipla";"Reta";"Sim";2;0;0;0;1;1;0;2;-7,92358799;-34,89607201;"SPRF-PE";"DEL01-PE";"UOP02-DEL01-PE"
386344;2021-09-28;"terça-feira";"18:40:00";"PE";101;77;"RECIFE";"Ingestão de álcool pelo condutor";"Colisão frontal";"Sem Vítimas";"Plena Noite";"Decrescente";"Céu Claro";"Dupla";"Curva";"Sim";2;0;0;0;2;0;0;2;-8,126982;-34,94386;"SPRF-PE";"DEL01-PE";"UOP01-DEL01-PE"
386345;2021-09-28;"terça-feira";"18:50:00";"RS";448;10,4;"CANOAS";"Condutor deixou de manter distância do veículo da frente";"Colisão traseira";"Com Vítimas Feridas";"Plena Noite";"Decrescente";"Chuva";"Dupla";"Viaduto";"Não";4;0;1;0;3;0;1;3;-29,88262523;-51,23542786;"SPRF-RS";"DEL01-RS";"UOP01-DEL01-RS"
386348;2021-09-28;"terça-feira";"20:00:00";"SC";101;209,9;"SAO JOSE";"Frear bruscamente";"Colisão traseira";"Com Vítimas Feridas";"Plena Noite";"Crescente";"Nublado";"Múltipla";"Reta";"Sim";2;0;1;0;1;0;1;2;-27,61000542;-48,63895057;"SPRF-SC";"DEL01-SC";"UOP01-DEL01-SC"
386350;2021-09-28;"terça-feira";"18:00:00";"MG";116;704,7;"MURIAE";"Condutor deixou de manter distância do veículo da frente";"Colisão lateral mesmo sentido";"Com Vítimas Feridas";"Anoitecer";"Decrescente";"Nublado";"Simples";"Interseção de Vias";"Sim";2;0;1;0;1;0;1;2;-21,13094177;-42,3866272;"SPRF-MG";"DEL07-MG";"UOP02-DEL07-MG"
386351;2021-09-28;"terça-feira";"19:45:00";"GO";60;22,8;"ALEXANIA";"Ingestão de álcool ou de substâncias psicoativas pelo pedestre";"Atropelamento de Pedestre";"Com Vítimas Feridas";"Plena Noite";"Decrescente";"Nublado";"Dupla";"Curva";"Sim";2;0;0;1;1;0;1;2;-16,120717;-48,427512;"SPRF-DF";"DEL03-DF";"UOP01-DEL03-DF"
386354;2021-09-28;"terça-feira";"19:30:00";"RO";364;701;"PORTO VELHO";"Reação tardia ou ineficiente do condutor";"Atropelamento de Pedestre";"Com Vítimas Feridas";"Plena Noite";"Crescente";"Céu Claro";"Dupla";"Reta";"Sim";2;0;0;2;0;0;2;2;-8,80049198;-63,777876;"SPRF-RO";"DEL01-RO";"UOP01-DEL01-RO"
386357;2021-09-28;"terça-feira";"19:40:00";"MS";163;65;"ITAQUIRAI";"Ausência de reação do condutor";"Saída de leito carroçável";"Com Vítimas Feridas";"Plena Noite";"Crescente";"Céu Claro";"Simples";"Reta";"Não";1;0;1;0;0;0;1;1;-23,58627427;-54,20654984;"SPRF-MS";"DEL09-MS";"UOP02-DEL09-MS"
386358;2021-09-28;"terça-feira";"21:27:00";"GO";60;116,4;"GOIANAPOLIS";"Pedestre andava na pista";"Atropelamento de Pedestre";"Com Vítimas Fatais";"Plena Noite";"Decrescente";"Céu Claro";"Dupla";"Declive";"Não";3;1;0;0;1;1;0;2;-16,4732;-49,0789;"SPRF-GO";"DEL01-GO";"UOP01-DEL01-GO"
386359;2021-09-28;"terça-feira";"19:30:00";"MG";262;446;"NOVA SERRANA";"Desrespeitar a preferência no cruzamento";"Colisão transversal";"Sem Vítimas";"Plena Noite";"Crescente";"Chuva";"Simples";"Rotatória";"Sim";3;0;0;0;2;1;0;3;-19,8633359;-44,99709651;"SPRF-MG";"DEL08-MG";"UOP03-DEL08-MG"
386360;2021-09-11;"sábado";"05:00:00";"MA";10;368,5;"ITINGA DO MARANHAO";"Ausência de reação do condutor";"Saída de leito carroçável";"Com Vítimas Fatais";"Plena Noite";"Decrescente";"Ignorado";"Simples";"Declive";"Não";1;1;0;0;0;0;0;1;-4,526855;-47,502573;"SPRF-MA";"DEL04-MA";"UOP03-DEL04-MA"
386362;2021-09-28;"terça-feira";"21:30:00";"RJ";116;300;"RESENDE";"Transitar na contramão";"Colisão frontal";"Com Vítimas Feridas";"Plena Noite";"Decrescente";"Céu Claro";"Dupla";"Reta";"Sim";2;0;0;1;1;0;1;2;-22,45609094;-44,38716888;"SPRF-RJ";"DEL07-RJ";"UOP02-DEL07-RJ"
386364;2021-09-28;"terça-feira";"20:45:00";"RN";101;97;"NATAL";"Demais falhas na via";"Tombamento";"Com Vítimas Feridas";"Plena Noite";"Crescente";"Céu Claro";"Dupla";"Reta";"Sim";2;0;2;0;0;0;2;1;-5,85745526;-35,21287183;"SPRF-RN";"DEL01-RN";"UOP01-DEL01-RN"
386365;2021-09-28;"terça-feira";"22:45:00";"BA";242;718;"CRISTOPOLIS";"Condutor deixou de manter distância do veículo da frente";"Colisão lateral mesmo sentido";"Com Vítimas Feridas";"Plena Noite";"Decrescente";"Céu Claro";"Simples";"Reta";"Não";2;0;1;0;1;0;1;2;-12,23269678;-44,37756658;"SPRF-BA";"DEL06-BA";"UOP03-DEL06-BA"
386366;2021-09-28;"terça-feira";"13:00:00";"MA";222;674;"ACAILANDIA";"Transitar no acostamento";"Colisão transversal";"Com Vítimas Feridas";"Pleno dia";"Decrescente";"Céu Claro";"Simples";"Interseção de Vias";"Não";2;0;1;0;1;0;1;2;-4,956455;-47,49325;"SPRF-MA";"DEL04-MA";"UOP03-DEL04-MA"
386370;2021-09-29;"quarta-feira";"00:10:00";"RS";392;5;"CAPAO DO LEAO";"Pista Escorregadia";"Saída de leito carroçável";"Com Vítimas Feridas";"Plena Noite";"Crescente";"Céu Claro";"Simples";"Reta";"Não";1;0;1;0;0;0;1;1;-31,79413472;-52,40776348;"SPRF-RS";"DEL07-RS";"UOP01-DEL07-RS"
386373;2021-09-28;"terça-feira";"23:25:00";"SC";101;293;"IMBITUBA";"Avarias e/ou desgaste excessivo no pneu";"Queda de ocupante de veículo";"Com Vítimas Feridas";"Plena Noite";"Decrescente";"Nublado";"Dupla";"Reta";"Não";1;0;1;0;0;0;1;1;-28,2856298;-48,70438133;"SPRF-SC";"DEL02-SC";"UOP03-DEL02-SC"
386374;2021-09-28;"terça-feira";"22:30:00";"SC";282;16;"PALHOCA";"Ausência de reação do condutor";"Saída de leito carroçável";"Sem Vítimas";"Plena Noite";"Crescente";"Chuva";"Simples";"Reta";"Sim";1;0;0;0;0;1;0;1;-27,658611;-48,681847;"SPRF-SC";"DEL01-SC";"UOP02-DEL01-SC"
386378;2021-09-29;"quarta-feira";"00:30:00";"RO";364;705;"PORTO VELHO";"Ingestão de álcool pelo condutor";"Colisão com objeto";"Sem Vítimas";"Plena Noite";"Decrescente";"Céu Claro";"Dupla";"Retorno Regulamentado;Curva";"Não";2;0;0;0;1;1;0;1;-8,800625;-63,818238;"SPRF-RO";"DEL01-RO";"UOP01-DEL01-RO"
386383;2021-09-29;"quarta-feira";"05:15:00";"SC";101;206,1;"SAO JOSE";"Reação tardia ou ineficiente do condutor";"Colisão traseira";"Com Vítimas Feridas";"Plena Noite";"Decrescente";"Chuva";"Múltipla";"Reta";"Sim";3;0;0;3;0;0;3;2;-27,59193546;-48,61824557;"SPRF-SC";"DEL01-SC";"UOP01-DEL01-SC"
386386;2021-09-29;"quarta-feira";"06:40:00";"GO";153;444;"ANAPOLIS";"Mal súbito do condutor";"Queda de ocupante de veículo";"Com Vítimas Feridas";"Pleno dia";"Decrescente";"Céu Claro";"Dupla";"Reta";"Não";1;0;1;0;0;0;1;1;-16,343756;-48,9245;"SPRF-GO";"DEL02-GO";"UOP01-DEL02-GO"
386387;2021-09-29;"quarta-feira";"07:03:00";"PB";101;83;"BAYEUX";"Reação tardia ou ineficiente do condutor";"Colisão traseira";"Com Vítimas Feridas";"Pleno dia";"Crescente";"Céu Claro";"Dupla";"Reta";"Sim";3;0;1;0;2;0;1;2;-7,13598234;-34,92759705;"SPRF-PB";"DEL01-PB";"UOP01-DEL01-PB"
386389;2021-09-29;"quarta-feira";"07:00:00";"PE";101;66,7;"RECIFE";"Velocidade Incompatível";"Colisão traseira";"Com Vítimas Feridas";"Pleno dia";"Crescente";"Nublado";"Dupla";"Reta";"Sim";2;0;0;1;1;0;1;2;-8,035238;-34,941597;"SPRF-PE";"DEL01-PE";"UOP01-DEL01-PE"
386390;2021-09-29;"quarta-feira";"06:40:00";"CE";20;408;"CAUCAIA";"Acessar a via sem observar a presença dos outros veículos";"Colisão transversal";"Com Vítimas Feridas";"Pleno dia";"Decrescente";"Céu Claro";"Dupla";"Reta;Interseção de Vias;Em Obras";"Sim";2;0;1;0;1;0;1;2;-3,78373743;-38,65620782;"SPRF-CE";"DEL01-CE";"UOP01-DEL01-CE"