"id";"data_inversa";"dia_semana";"horario";"uf";"br";"km";"municipio";"causa_acidente";"tipo_acidente";"classificacao_acidente";"fase_dia";"sentido_via";"condicao_metereologica";"tipo_pista";"tracado_via";"uso_solo";"pessoas";"mortos";"feridos_leves";"feridos_graves";"ilesos";"ignorados";"feridos";"veiculos";"latitude";"longitude";"regional";"delegacia";"uop"
386511;2021-09-29;"quarta-feira";"15:40:00";"MG";365;314;"JOAO PINHEIRO";"Condutor deixou de manter distância do veículo da frente";"Colisão traseira";"Com Vítimas Feridas";"Pleno dia";"Decrescente";"Chuva";"Simples";"Reta";"Não";2;0;1;0;1;0;1;2;-18,227963;-45,852203;"SPRF-MG";"DEL10-MG";"UOP01-DEL10-MG"
386512;2021-09-29;"quarta-feira";"19:25:00";"SE";235;57,9;"ITABAIANA";"Manobra de mudança de faixa";"Colisão frontal";"Com Vítimas Fatais";"Plena Noite";"Crescente";"Céu Claro";"Simples";"Reta";"Não";2;1;0;0;1;0;0;2;-10,650009;-37,451248;"SPRF-SE";"DEL01-SE";"UOP02-DEL01-SE"
386516;2021-09-29;"quarta-feira";"20:00:00";"SC";101;202,2;"SAO JOSE";"Mal súbito do condutor";"Tombamento";"Com Vítimas Feridas";"Plena Noite";"Crescente";"Céu Claro";"Dupla";"Reta";"Sim";1;0;1;0;0;0;1;1;-27,55711595;-48,61897889;"SPRF-SC";"DEL01-SC";"UOP01-DEL01-SC"
386517;2021-09-29;"quarta-feira";"18:30:00";"GO";452;195,5;"ITUMBIARA";"Transitar na contramão";"Colisão frontal";"Com Vítimas Feridas";"Anoitecer";"Crescente";"Céu Claro";"Dupla";"Reta";"Não";3;0;2;0;1;0;2;2;-18,3634397;-49,23424109;"SPRF-GO";"DEL03-GO";"UOP02-DEL03-GO"
386518;2021-09-29;"quarta-feira";"20:30:00";"MG";354;754,1;"ITAMONTE";"Ingestão de álcool pelo condutor";"Colisão frontal";"Com Vítimas Feridas";"Plena Noite";"Decrescente";"Céu Claro";"Simples";"Reta";"Sim";2;0;1;0;1;0;1;2;-22,30480233;-44,85575196;"SPRF-MG";"DEL17-MG";"UOP01-DEL17-MG"
386524;2021-09-29;"quarta-feira";"18:20:00";"MT";364;439;"VARZEA GRANDE";"Conversão proibida";"Colisão transversal";"Com Vítimas Feridas";"Plena Noite";"Decrescente";"Céu Claro";"Dupla";"Reta";"Sim";3;0;1;0;2;0;1;2;-15,60383504;-56,20393803;"SPRF-MT";"DEL01-MT";"UOP02-DEL01-MT"
386526;2021-09-29;"quarta-feira";"19:40:00";"MG";381;478;"CONTAGEM";"Acessar a via sem observar a presença dos outros veículos";"Tombamento";"Com Vítimas Feridas";"Plena Noite";"Decrescente";"Chuva";"Múltipla";"Reta";"Sim";1;0;1;0;0;0;1;1;-19,95826094;-44,05921101;"SPRF-MG";"DEL01-MG";"UOP03-DEL01-MG"
386527;2021-09-29;"quarta-feira";"15:20:00";"MG";40;142;"JOAO PINHEIRO";"Mal súbito do condutor";"Saída de leito carroçável";"Com Vítimas Feridas";"Pleno dia";"Decrescente";"Céu Claro";"Simples";"Reta";"Sim";1;0;1;0;0;0;1;1;-17,740382;-46,185728;"SPRF-MG";"DEL14-MG";"UOP01-DEL14-MG"
386528;2021-09-29;"quarta-feira";"21:00:00";"RS";0;0;"PASSO FUNDO";"Entrada inopinada do pedestre";"Atropelamento de Pedestre";"Com Vítimas Feridas";"Plena Noite";"Não Informado";"Céu Claro";"Simples";"Reta";"Sim";3;0;1;0;1;1;1;2;-28,21522426;-52,35985989;"SPRF-RS";"DEL08-RS";"UOP03-DEL08-RS"
386529;2021-09-29;"quarta-feira";"18:30:00";"RJ";116;166;"SAO JOAO DE MERITI";"Acesso irregular";"Atropelamento de Pedestre";"Com Vítimas Feridas";"Plena Noite";"Crescente";"Céu Claro";"Múltipla";"Reta";"Não";2;0;1;0;1;0;1;2;-22,81560263;-43,30051808;"SPRF-RJ";"DEL01-RJ";"UOP01-DEL01-RJ"
386531;2021-09-29;"quarta-feira";"21:00:00";"PR";277;157;"PORTO AMAZONAS";"Condutor Dormindo";"Colisão com objeto";"Com Vítimas Fatais";"Plena Noite";"Crescente";"Céu Claro";"Simples";"Reta";"Não";1;1;0;0;0;0;0;1;-25,47289;-49,895964;"SPRF-PR";"DEL01-PR";"UOP03-DEL03-PR"
386533;2021-09-29;"quarta-feira";"21:55:00";"SP";116;278;"EMBU DAS ARTES";"Chuva";"Colisão com objeto";"Sem Vítimas";"Plena Noite";"Decrescente";"Garoa/Chuvisco";"Dupla";"Reta";"Não";1;0;0;0;0;1;0;1;-23,65508497;-46,84918605;"SPRF-SP";"DEL04-SP";"UOP01-DEL04-SP"
386535;2021-09-29;"quarta-feira";"18:00:00";"MA";10;219;"GOVERNADOR EDISON LOBAO";"Demais falhas mecânicas ou elétricas";"Incêndio";"Sem Vítimas";"Plena Noite";"Crescente";"Céu Claro";"Simples";"Reta";"Não";1;0;0;0;0;1;0;1;-5,799889;-47,35902;"SPRF-MA";"DEL04-MA";"UOP01-DEL04-MA"
386536;2021-09-29;"quarta-feira";"22:30:00";"CE";222;306;"TIANGUA";"Pista Escorregadia";"Colisão com objeto";"Sem Vítimas";"Plena Noite";"Crescente";"Chuva";"Simples";"Reta";"Não";2;0;0;0;2;0;0;1;-3,67476286;-40,96798113;"SPRF-CE";"DEL04-CE";"UOP02-DEL04-CE"
386537;2021-09-29;"quarta-feira";"19:40:00";"MG";381;375;"SAO GONCALO DO RIO ABAIXO";"Pista Escorregadia";"Tombamento";"Com Vítimas Feridas";"Plena Noite";"Decrescente";"Chuva";"Simples";"Curva;Aclive";"Não";1;0;0;1;0;0;1;1;-19,83666149;-43,33681685;"SPRF-MG";"DEL01-MG";"UOP01-DEL01-MG"
386539;2021-08-25;"quarta-feira";"04:20:00";"SC";282;4,5;"SAO JOSE";"Acessar a via sem observar a presença dos outros veículos";"Queda de ocupante de veículo";"Com Vítimas Feridas";"Plena Noite";"Decrescente";"Céu Claro";"Múltipla";"Reta";"Sim";2;0;1;0;1;0;1;2;-27,59133787;-48,60722244;"SPRF-SC";"DEL01-SC";"UOP01-DEL01-SC"
386541;2021-09-29;"quarta-feira";"21:50:00";"PR";277;505;"GUARANIACU";"Manobra de mudança de faixa";"Colisão lateral sentido oposto";"Sem Vítimas";"Plena Noite";"Decrescente";"Nublado";"Simples";"Curva;Aclive";"Não";2;0;0;0;2;0;0;2;-25,13706208;-52,71289206;"SPRF-PR";"DEL04-PR";"UOP01-DEL04-PR"
386543;2021-09-29;"quarta-feira";"19:40:00";"MG";381;330;"NOVA ERA";"Chuva";"Capotamento";"Com Vítimas Feridas";"Plena Noite";"Crescente";"Chuva";"Dupla";"Curva";"Não";1;0;1;0;0;0;1;1;-19,78715144;-43,05117784;"SPRF-MG";"DEL03-MG";"UOP01-DEL03-MG"
386544;2021-09-29;"quarta-feira";"19:30:00";"MG";381;349;"JOAO MONLEVADE";"Chuva";"Colisão frontal";"Com Vítimas Feridas";"Plena Noite";"Crescente";"Chuva";"Simples";"Curva";"Não";3;0;0;1;2;0;1;2;-19,8499239;-43,14868105;"SPRF-MG";"DEL03-MG";"UOP01-DEL03-MG"
386547;2021-09-29;"quarta-feira";"23:50:00";"GO";60;101;"ANAPOLIS";"Manobra de mudança de faixa";"Tombamento";"Com Vítimas Feridas";"Plena Noite";"Crescente";"Céu Claro";"Dupla";"Reta";"Sim";1;0;1;0;0;0;1;1;-16,404301;-48,980358;"SPRF-GO";"DEL02-GO";"UOP01-DEL02-GO"
386548;2021-09-29;"quarta-feira";"23:40:00";"MG";40;551,5;"NOVA LIMA";"Ausência de reação do condutor";"Colisão traseira";"Com Vítimas Feridas";"Plena Noite";"Decrescente";"Nublado";"Dupla";"Reta";"Sim";2;0;1;0;1;0;1;2;-20,05411435;-43,97101875;"SPRF-MG";"DEL01-MG";"UOP02-DEL01-MG"
386549;2021-09-29;"quarta-feira";"23:30:00";"MS";463;106,3;"PONTA PORA";"Ingestão de álcool pelo condutor";"Saída de leito carroçável";"Com Vítimas Feridas";"Plena Noite";"Crescente";"Céu Claro";"Simples";"Reta";"Sim";1;0;1;0;0;0;1;1;-22,59656312;-55,66536809;"SPRF-MS";"DEL04-MS";"UOP03-DEL04-MS"
386556;2021-09-30;"quinta-feira";"00:15:00";"GO";40;10,5;"LUZIANIA";"Ausência de reação do condutor";"Saída de leito carroçável";"Com Vítimas Fatais";"Plena Noite";"Decrescente";"Céu Claro";"Dupla";"Reta";"Sim";5;1;4;0;0;0;4;1;-16,131285;-47,957923;"SPRF-DF";"DEL01-DF";"UOP01-DEL01-DF"
386557;2021-09-30;"quinta-feira";"02:20:00";"SP";381;37;"ATIBAIA";"Acesso irregular";"Atropelamento de Pedestre";"Com Vítimas Feridas";"Plena Noite";"Crescente";"Céu Claro";"Dupla";"Reta";"Sim";2;0;0;1;0;1;1;2;-23,10506237;-46,56881577;"SPRF-SP";"DEL03-SP";"UOP01-DEL03-SP"
386561;2021-09-30;"quinta-feira";"05:20:00";"PA";316;95;"IGARAPE-ACU";"Ultrapassagem Indevida";"Colisão lateral mesmo sentido";"Com Vítimas Feridas";"Amanhecer";"Decrescente";"Céu Claro";"Simples";"Reta;Aclive";"Não";2;0;1;0;1;0;1;2;-1,32723691;-47,64789581;"SPRF-PA";"DEL01-PA";"UOP02-DEL01-PA"
386565;2021-09-30;"quinta-feira";"04:15:00";"SC";101;159;"PORTO BELO";"Ausência de reação do condutor";"Colisão traseira";"Com Vítimas Feridas";"Amanhecer";"Decrescente";"Nublado";"Dupla";"Reta";"Sim";3;0;1;0;2;0;1;2;-27,1998778;-48,61534236;"SPRF-SC";"DEL04-SC";"UOP03-DEL04-SC"
386567;2021-09-30;"quinta-feira";"06:23:00";"PR";277;716;"SANTA TEREZINHA DE ITAIPU";"Animais na Pista";"Atropelamento de Animal";"Sem Vítimas";"Amanhecer";"Crescente";"Céu Claro";"Dupla";"Reta";"Não";1;0;0;0;1;0;0;1;-25,45780735;-54,43119986;"SPRF-PR";"DEL05-PR";"UOP01-DEL05-PR"
386568;2021-09-30;"quinta-feira";"04:50:00";"RO";364;713;"PORTO VELHO";"Ausência de reação do condutor";"Colisão com objeto";"Com Vítimas Feridas";"Amanhecer";"Decrescente";"Nublado";"Múltipla";"Interseção de Vias";"Sim";1;0;1;0;0;0;1;1;-8,77331583;-63,87969248;"SPRF-RO";"DEL01-RO";"UOP01-DEL01-RO"
386569;2021-09-30;"quinta-feira";"06:20:00";"RN";101;84;"SAO GONCALO DO AMARANTE";"Ausência de reação do condutor";"Colisão traseira";"Com Vítimas Feridas";"Pleno dia";"Crescente";"Garoa/Chuvisco";"Dupla";"Declive";"Sim";2;0;1;0;1;0;1;2;-5,773739;-35,259325;"SPRF-RN";"DEL02-RN";"UOP01-DEL02-RN"
386570;2021-09-30;"quinta-feira";"06:30:00";"MG";381;481,2;"CONTAGEM";"Condutor deixou de manter distância do veículo da frente";"Colisão traseira";"Com Vítimas Feridas";"Pleno dia";"Decrescente";"Céu Claro";"Simples";"Reta";"Sim";2;0;1;0;1;0;1;2;-19,95931561;-44,08825597;"SPRF-MG";"DEL01-MG";"UOP03-DEL01-MG"
386572;2021-09-18;"sábado";"06:45:00";"PE";101;24,7;"ITAPISSUMA";"Ausência de reação do condutor";"Saída de leito carroçável";"Sem Vítimas";"Pleno dia";"Crescente";"Céu Claro";"Dupla";"Aclive";"Não";1;0;0;0;1;0;0;1;-7,69218298;-34,92211684;"SPRF-PE";"DEL01-PE";"UOP02-DEL01-PE"
386573;2021-09-30;"quinta-feira";"02:00:00";"MG";116;715,6;"MURIAE";"Velocidade Incompatível";"Colisão com objeto";"Sem Vítimas";"Plena Noite";"Crescente";"Chuva";"Simples";"Declive;Curva";"Não";1;0;0;0;0;1;0;1;-21,19632581;-42,38436341;"SPRF-MG";"DEL07-MG";"UOP02-DEL07-MG"
386576;2021-09-30;"quinta-feira";"06:50:00";"PR";116;96;"SAO JOSE DOS PINHAIS";"Reação tardia ou ineficiente do condutor";"Queda de ocupante de veículo";"Com Vítimas Feridas";"Amanhecer";"Crescente";"Nublado";"Múltipla";"Curva";"Não";1;0;1;0;0;0;1;1;-25,504848;-49,123226;"SPRF-PR";"DEL01-PR";"UOP01-DEL01-PR"
386577;2021-09-30;"quinta-feira";"06:40:00";"RJ";40;121;"DUQUE DE CAXIAS";"Condutor Dormindo";"Colisão traseira";"Sem Vítimas";"Pleno dia";"Crescente";"Céu Claro";"Múltipla";"Reta";"Não";3;0;0;0;3;0;0;3;-22,78185499;-43,28571273;"SPRF-RJ";"DEL01-RJ";"UOP01-DEL01-RJ"
386578;2021-09-30;"quinta-feira";"06:40:00";"SC";101;213,8;"PALHOCA";"Manobra de mudança de faixa";"Colisão traseira";"Com Vítimas Feridas";"Pleno dia";"Decrescente";"Nublado";"Dupla";"Reta";"Não";2;0;1;0;1;0;1;2;-27,63697369;-48,66514142;"SPRF-SC";"DEL01-SC";"UOP02-DEL01-SC"
386580;2021-09-30;"quinta-feira";"06:25:00";"ES";101;268,5;"SERRA";"Trafegar com motocicleta (ou similar) entre as faixas";"Colisão traseira";"Com Vítimas Feridas";"Pleno dia";"Crescente";"Nublado";"Múltipla";"Reta";"Sim";3;0;1;0;2;0;1;2;-20,20842;-40,269405;"SPRF-ES";"DEL02-ES";"UOP01-DEL02-ES"
386584;2021-09-30;"quinta-feira";"07:40:00";"RS";290;86,3;"PORTO ALEGRE";"Manobra de mudança de faixa";"Colisão traseira";"Com Vítimas Feridas";"Pleno dia";"Crescente";"Céu Claro";"Múltipla";"Reta";"Não";2;0;1;0;1;0;1;2;-29,968412;-51,117138;"SPRF-RS";"DEL01-RS";"UOP01-DEL01-RS"
386586;2021-09-30;"quinta-feira";"07:40:00";"RJ";116;114;"MAGE";"Condutor deixou de manter distância do veículo da frente";"Colisão lateral mesmo sentido";"Com Vítimas Feridas";"Pleno dia";"Decrescente";"Céu Claro";"Simples";"Reta";"Não";2;0;0;1;1;0;1;2;-22,58009519;-43,0114958;"SPRF-RJ";"DEL04-RJ";"UOP02-DEL04-RJ"
386587;2021-09-30;"quinta-feira";"07:35:00";"RS";116;251;"SAPUCAIA DO SUL";"Reação tardia ou ineficiente do condutor";"Engavetamento";"Com Vítimas Feridas";"Pleno dia";"Crescente";"Nublado";"Dupla";"Declive;Reta";"Sim";6;0;3;0;3;0;3;5;-29,79652371;-51,16505191;"SPRF-RS";"DEL01-RS";"UOP02-DEL01-RS"
386588;2021-09-30;"quinta-feira";"07:20:00";"SC";280;57,5;"GUARAMIRIM";"Acessar a via sem observar a presença dos outros veículos";"Colisão traseira";"Com Vítimas Feridas";"Pleno dia";"Decrescente";"Nublado";"Dupla";"Rotatória";"Sim";2;0;1;0;1;0;1;2;-26,47439538;-49,02013779;"SPRF-SC";"DEL03-SC";"UOP03-DEL03-SC"
386589;2021-09-30;"quinta-feira";"07:30:00";"SP";116;221;"GUARULHOS";"Reação tardia ou ineficiente do condutor";"Engavetamento";"Com Vítimas Feridas";"Pleno dia";"Decrescente";"Céu Claro";"Múltipla";"Reta";"Sim";6;0;4;0;1;1;4;3;-23,46802395;-46,50704901;"SPRF-SP";"DEL01-SP";"UOP01-DEL01-SP"
386590;2021-09-30;"quinta-feira";"07:15:00";"MG";381;350;"JOAO MONLEVADE";"Conversão proibida";"Colisão transversal";"Com Vítimas Feridas";"Pleno dia";"Crescente";"Nublado";"Simples";"Reta";"Não";3;0;1;0;2;0;1;2;-19,86117021;-43,11802268;"SPRF-MG";"DEL03-MG";"UOP01-DEL03-MG"
386593;2021-09-30;"quinta-feira";"07:50:00";"CE";116;5,4;"FORTALEZA";"Manobra de mudança de faixa";"Colisão lateral mesmo sentido";"Com Vítimas Feridas";"Pleno dia";"Decrescente";"Céu Claro";"Dupla";"Reta";"Sim";3;0;1;0;2;0;1;3;-3,79467116;-38,50772734;"SPRF-CE";"DEL01-CE";"UOP02-DEL01-CE"
386595;2021-09-30;"quinta-feira";"07:15:00";"PI";316;314,6;"PICOS";"Transitar no acostamento";"Colisão transversal";"Sem Vítimas";"Pleno dia";"Crescente";"Céu Claro";"Simples";"Reta";"Sim";1;0;0;0;0;1;0;1;-7,0776992;-41,44117384;"SPRF-PI";"DEL04-PI";"UOP01-DEL04-PI"
386596;2021-09-30;"quinta-feira";"08:20:00";"ES";101;268,7;"SERRA";"Acessar a via sem observar a presença dos outros veículos";"Atropelamento de Pedestre";"Com Vítimas Feridas";"Pleno dia";"Crescente";"Céu Claro";"Dupla";"Reta";"Sim";2;0;1;0;1;0;1;2;-20,20842;-40,269405;"SPRF-ES";"DEL02-ES";"UOP01-DEL02-ES"
386597;2021-09-30;"quinta-feira";"04:49:00";"GO";364;9;"SAO SIMAO";"Ingestão de substâncias psicoativas pelo condutor";"Colisão com objeto";"Com Vítimas Feridas";"Plena Noite";"Crescente";"Céu Claro";"Simples";"Curva";"Não";1;0;0;1;0;0;1;1;-18,99785;-50,563488;"SPRF-GO";"DEL05-GO";"UOP02-DEL05-GO"
386598;2021-09-30;"quinta-feira";"08:00:00";"RS";285;517,4;"VITORIA DAS MISSOES";"Frear bruscamente";"Saída de leito carroçável";"Com Vítimas Feridas";"Pleno dia";"Crescente";"Céu Claro";"Simples";"Reta";"Não";2;0;2;0;0;0;2;1;-28,398134;-54,463413;"SPRF-RS";"DEL10-RS";"UOP01-DEL10-RS"
386601;2021-09-30;"quinta-feira";"08:20:00";"MG";365;152,7;"PIRAPORA";"Velocidade Incompatível";"Saída de leito carroçável";"Com Vítimas Feridas";"Pleno dia";"Crescente";"Sol";"Simples";"Reta";"Não";1;0;1;0;0;0;1;1;-17,29807999;-44,89095301;"SPRF-MG";"DEL12-MG";"UOP01-DEL12-MG"
386602;2021-09-30;"quinta-feira";"08:30:00";"RS";290;83,9;"PORTO ALEGRE";"Reação tardia ou ineficiente do condutor";"Colisão traseira";"Com Vítimas Feridas";"Pleno dia";"Crescente";"Céu Claro";"Dupla";"Reta";"Sim";3;0;1;0;2;0;1;3;-29,959141;-51,088791;"SPRF-RS";"DEL01-RS";"UOP01-DEL01-RS"
386603;2021-09-30;"quinta-feira";"07:40:00";"PE";104;46,5;"CARUARU";"Pista esburacada";"Saída de leito carroçável";"Com Vítimas Feridas";"Pleno dia";"Decrescente";"Sol";"Dupla";"Curva";"Não";1;0;1;0;0;0;1;1;-8,1272;-35,9943;"SPRF-PE";"DEL02-PE";"UOP01-DEL02-PE"
386606;2021-09-30;"quinta-feira";"07:55:00";"SC";101;120,7;"ITAJAI";"Ausência de reação do condutor";"Saída de leito carroçável";"Com Vítimas Feridas";"Pleno dia";"Crescente";"Céu Claro";"Dupla";"Reta";"Não";2;0;2;0;0;0;2;1;-26,912758;-48,711998;"SPRF-SC";"DEL04-SC";"UOP04-DEL04-SC"
386607;2021-09-30;"quinta-feira";"07:55:00";"PR";277;0,5;"PARANAGUA";"Transitar no acostamento";"Colisão transversal";"Com Vítimas Feridas";"Pleno dia";"Crescente";"Nublado";"Dupla";"Curva";"Sim";2;0;1;0;1;0;1;2;-25,568198;-48,615292;"SPRF-PR";"DEL01-PR";"UOP05-DEL01-PR"
386612;2021-09-30;"quinta-feira";"07:40:00";"MG";381;803;"SAO GONCALO DO SAPUCAI";"Condutor Dormindo";"Saída de leito carroçável";"Sem Vítimas";"Pleno dia";"Decrescente";"Céu Claro";"Dupla";"Reta";"Não";1;0;0;0;1;0;0;1;-21,99042653;-45,66660933;"SPRF-MG";"DEL16-MG";"UOP02-DEL16-MG"
386613;2021-06-21;"segunda-feira";"17:30:00";"AL";423;53,4;"INHAPI";"Transitar no acostamento";"Atropelamento de Pedestre";"Com Vítimas Feridas";"Anoitecer";"Decrescente";"Ignorado";"Simples";"Reta";"Não";2;0;0;2;0;0;2;2;-9,27027187;-37,74810604;"SPRF-AL";"DEL03-AL";"UOP02-DEL03-AL"
386615;2021-09-02;"quinta-feira";"12:30:00";"PR";376;589;"CURITIBA";"Condutor deixou de manter distância do veículo da frente";"Colisão traseira";"Com Vítimas Feridas";"Pleno dia";"Decrescente";"Céu Claro";"Dupla";"Reta";"Não";2;0;1;0;1;0;1;2;-25,44273905;-49,36419842;"SPRF-PR";"DEL01-PR";"UOP01-DEL01-PR"
386618;2021-09-07;"terça-feira";"07:45:00";"PR";116;17;"CAMPINA GRANDE DO SUL";"Ausência de reação do condutor";"Saída de leito carroçável";"Com Vítimas Feridas";"Pleno dia";"Crescente";"Ignorado";"Dupla";"Curva";"Não";3;0;2;0;1;0;2;1;-25,10305915;-48,70103892;"SPRF-PR";"DEL01-PR";"UOP02-DEL01-PR"
386620;2021-09-30;"quinta-feira";"09:22:00";"SC";101;205,1;"SAO JOSE";"Ausência de reação do condutor";"Colisão traseira";"Com Vítimas Feridas";"Pleno dia";"Decrescente";"Nublado";"Dupla";"Reta";"Sim";2;0;1;0;1;0;1;2;-27,58313237;-48,61532885;"SPRF-SC";"DEL01-SC";"UOP01-DEL01-SC"
386622;2021-09-30;"quinta-feira";"08:00:00";"SC";470;7,8;"NAVEGANTES";"Reação tardia ou ineficiente do condutor";"Colisão com objeto";"Com Vítimas Feridas";"Pleno dia";"Crescente";"Céu Claro";"Dupla";"Declive;Interseção de Vias;Viaduto;Em Obras";"Sim";1;0;1;0;0;0;1;1;-26,84499;-48,71505;"SPRF-SC";"DEL04-SC";"UOP04-DEL04-SC"
386624;2021-09-30;"quinta-feira";"10:05:00";"SC";282;17,2;"PALHOCA";"Ausência de reação do condutor";"Colisão traseira";"Com Vítimas Feridas";"Pleno dia";"Crescente";"Nublado";"Múltipla";"Reta";"Sim";2;0;0;1;1;0;1;2;-27,66803138;-48,69017243;"SPRF-SC";"DEL01-SC";"UOP02-DEL01-SC"
386625;2021-09-30;"quinta-feira";"09:40:00";"PR";277;668;"MEDIANEIRA";"Manobra de mudança de faixa";"Colisão lateral mesmo sentido";"Com Vítimas Feridas";"Pleno dia";"Decrescente";"Céu Claro";"Dupla";"Reta";"Sim";3;0;2;0;1;0;2;2;-25,27063805;-54,06252597;"SPRF-PR";"DEL05-PR";"UOP02-DEL05-PR"
386626;2021-06-01;"terça-feira";"18:20:00";"PR";376;186;"SARANDI";"Reação tardia ou ineficiente do condutor";"Queda de ocupante de veículo";"Com Vítimas Feridas";"Anoitecer";"Decrescente";"Nublado";"Dupla";"Reta";"Sim";1;0;0;1;0;0;1;1;-23,43677435;-51,87958717;"SPRF-PR";"DEL09-PR";"UOP01-DEL09-PR"
386627;2021-05-13;"quinta-feira";"06:25:00";"RJ";101;67,1;"CAMPOS DOS GOYTACAZES";"Reação tardia ou ineficiente do condutor";"Colisão traseira";"Com Vítimas Feridas";"Pleno dia";"Crescente";"Céu Claro";"Simples";"Reta";"Sim";2;0;0;1;1;0;1;2;-21,76751094;-41,34876249;"SPRF-RJ";"DEL08-RJ";"UOP02-DEL08-RJ"
386631;2021-09-30;"quinta-feira";"11:00:00";"SP";381;86;"SAO PAULO";"Reação tardia ou ineficiente do condutor";"Colisão lateral mesmo sentido";"Com Vítimas Feridas";"Pleno dia";"Crescente";"Sol";"Múltipla";"Reta";"Sim";3;0;2;0;1;0;2;2;-23,45930499;-46,57161179;"SPRF-SP";"DEL03-SP";"UOP01-DEL03-SP"
386633;2021-09-30;"quinta-feira";"10:20:00";"BA";110;316;"ALAGOINHAS";"Avarias e/ou desgaste excessivo no pneu";"Queda de ocupante de veículo";"Com Vítimas Feridas";"Pleno dia";"Decrescente";"Céu Claro";"Simples";"Curva";"Não";2;0;2;0;0;0;2;1;-12,0370523;-38,36704221;"SPRF-BA";"DEL01-BA";"UOP04-DEL01-BA"
386635;2021-09-30;"quinta-feira";"11:35:00";"SP";116;166;"JACAREI";"Acesso irregular";"Tombamento";"Com Vítimas Feridas";"Pleno dia";"Crescente";"Sol";"Dupla";"Interseção de Vias";"Sim";1;0;1;0;0;0;1;1;-23,30127048;-46,02207184;"SPRF-SP";"DEL02-SP";"UOP01-DEL02-SP"
386636;2021-09-30;"quinta-feira";"05:00:00";"SP";262;320;"CASTILHO";"Velocidade Incompatível";"Saída de leito carroçável";"Com Vítimas Feridas";"Amanhecer";"Crescente";"Céu Claro";"Simples";"Reta";"Não";2;0;1;0;1;0;1;1;-20,78627711;-51,60209996;"SPRF-MS";"DEL07-MS";"UOP01-DEL07-MS"
386637;2021-09-30;"quinta-feira";"11:30:00";"SP";153;92,5;"JACI";"Reação tardia ou ineficiente do condutor";"Engavetamento";"Com Vítimas Feridas";"Pleno dia";"Crescente";"Céu Claro";"Simples";"Aclive";"Não";5;0;2;0;3;0;2;4;-20,964602;-49,577465;"SPRF-SP";"DEL09-SP";"UOP01-DEL09-SP"
386638;2021-09-30;"quinta-feira";"12:05:00";"PE";428;184,9;"PETROLINA";"Ausência de reação do condutor";"Colisão lateral mesmo sentido";"Com Vítimas Feridas";"Pleno dia";"Crescente";"Céu Claro";"Simples";"Reta";"Sim";4;0;2;1;0;1;3;4;-9,33211208;-40,46621385;"SPRF-PE";"DEL06-PE";"UOP01-DEL06-PE"
386640;2021-09-30;"quinta-feira";"12:30:00";"RS";285;311,3;"PASSO FUNDO";"Reação tardia ou ineficiente do condutor";"Colisão lateral sentido oposto";"Com Vítimas Feridas";"Pleno dia";"Crescente";"Céu Claro";"Simples";"Reta";"Não";2;0;1;0;1;0;1;2;-28,240654;-52,54298;"SPRF-RS";"DEL08-RS";"UOP03-DEL08-RS"
386642;2021-09-30;"quinta-feira";"12:00:00";"MT";163;522,1;"VARZEA GRANDE";"Acessar a via sem observar a presença dos outros veículos";"Colisão transversal";"Com Vítimas Feridas";"Pleno dia";"Crescente";"Céu Claro";"Simples";"Reta";"Sim";2;0;1;0;1;0;1;2;-15,662747;-56,185342;"SPRF-MT";"DEL01-MT";"UOP01-DEL01-MT"
386646;2021-09-30;"quinta-feira";"13:25:00";"DF";70;15,6;"BRASILIA";"Chuva";"Colisão lateral mesmo sentido";"Com Vítimas Feridas";"Pleno dia";"Decrescente";"Chuva";"Dupla";"Reta";"Sim";3;0;1;0;2;0;1;2;-15,798888;-48,185043;"SPRF-DF";"DEL03-DF";"UOP02-DEL03-DF"
386647;2021-09-30;"quinta-feira";"13:50:00";"MG";40;521,8;"CONTAGEM";"Mal súbito do condutor";"Queda de ocupante de veículo";"Com Vítimas Feridas";"Pleno dia";"Crescente";"Céu Claro";"Dupla";"Reta";"Sim";1;0;1;0;0;0;1;1;-19,8638731;-44,06749809;"SPRF-MG";"DEL01-MG";"UOP02-DEL01-MG"
386648;2021-09-30;"quinta-feira";"13:45:00";"SC";101;201;"SAO JOSE";"Acessar a via sem observar a presença dos outros veículos";"Colisão transversal";"Com Vítimas Feridas";"Pleno dia";"Decrescente";"Chuva";"Simples";"Reta";"Não";2;0;1;0;1;0;1;2;-27,54836599;-48,61977975;"SPRF-SC";"DEL01-SC";"UOP01-DEL01-SC"
386649;2021-09-30;"quinta-feira";"10:15:00";"MT";364;116,2;"RONDONOPOLIS";"Manobra de mudança de faixa";"Colisão lateral mesmo sentido";"Com Vítimas Feridas";"Pleno dia";"Crescente";"Céu Claro";"Dupla";"Reta";"Não";2;0;1;0;0;1;1;2;-16,53096946;-54,66278488;"SPRF-MT";"DEL02-MT";"UOP02-DEL02-MT"
386650;2021-09-30;"quinta-feira";"07:30:00";"MS";163;458,1;"CAMPO GRANDE";"Transitar no acostamento";"Colisão traseira";"Com Vítimas Feridas";"Pleno dia";"Decrescente";"Céu Claro";"Simples";"Reta";"Não";2;0;1;0;1;0;1;2;-20,6553359;-54,56329366;"SPRF-MS";"DEL01-MS";"UOP01-DEL01-MS"
386651;2021-09-30;"quinta-feira";"14:10:00";"PE";232;9,9;"RECIFE";"Condutor deixou de manter distância do veículo da frente";"Colisão traseira";"Sem Vítimas";"Pleno dia";"Crescente";"Sol";"Dupla";"Reta";"Sim";2;0;0;0;2;0;0;2;-8,07764447;-34,97863609;"SPRF-PE";"DEL01-PE";"UOP01-DEL01-PE"