"id";"data_inversa";"dia_semana";"horario";"uf";"br";"km";"municipio";"causa_acidente";"tipo_acidente";"classificacao_acidente";"fase_dia";"sentido_via";"condicao_metereologica";"tipo_pista";"tracado_via";"uso_solo";"pessoas";"mortos";"feridos_leves";"feridos_graves";"ilesos";"ignorados";"feridos";"veiculos";"latitude";"longitude";"regional";"delegacia";"uop"
386779;2021-09-30;"quinta-feira";"18:15:00";"RJ";116;39;"TERESOPOLIS";"Acessar a via sem observar a presença dos outros veículos";"Colisão transversal";"Com Vítimas Feridas";"Plena Noite";"Crescente";"Nublado";"Simples";"Reta";"Sim";2;0;0;1;1;0;1;2;-22,12524075;-42,77973449;"SPRF-RJ";"DEL04-RJ";"UOP01-DEL04-RJ"
386781;2021-10-01;"sexta-feira";"07:50:00";"RS";158;329,8;"SANTA MARIA";"Reação tardia ou ineficiente do condutor";"Colisão lateral mesmo sentido";"Com Vítimas Feridas";"Pleno dia";"Crescente";"Céu Claro";"Dupla";"Rotatória";"Sim";2;0;1;0;1;0;1;2;-29,70058806;-53,84119391;"SPRF-RS";"DEL09-RS";"UOP01-DEL09-RS"
386784;2021-09-30;"quinta-feira";"18:34:00";"BA";324;322;"JACOBINA";"Condutor Dormindo";"Colisão frontal";"Com Vítimas Fatais";"Plena Noite";"Decrescente";"Céu Claro";"Simples";"Reta";"Não";3;1;1;0;1;0;1;2;-11,26947253;-40,29269189;"SPRF-BA";"DEL04-BA";"UOP02-DEL04-BA"
386785;2021-10-01;"sexta-feira";"07:50:00";"SP";116;52,9;"LORENA";"Mal súbito do condutor";"Saída de leito carroçável";"Com Vítimas Feridas";"Pleno dia";"Crescente";"Nublado";"Dupla";"Rotatória";"Sim";1;0;1;0;0;0;1;1;-22,7503702;-45,10601163;"SPRF-SP";"DEL08-SP";"UOP02-DEL08-SP"
386786;2021-10-01;"sexta-feira";"06:55:00";"SC";280;126,8;"RIO NEGRINHO";"Acessar a via sem observar a presença dos outros veículos";"Colisão transversal";"Com Vítimas Feridas";"Amanhecer";"Decrescente";"Chuva";"Simples";"Aclive;Reta";"Sim";2;0;1;0;1;0;1;2;-26,23779604;-49,49427399;"SPRF-SC";"DEL06-SC";"UOP03-DEL06-SC"
386787;2021-10-01;"sexta-feira";"07:50:00";"RJ";101;485;"ANGRA DOS REIS";"Reação tardia ou ineficiente do condutor";"Colisão traseira";"Com Vítimas Feridas";"Pleno dia";"Crescente";"Nublado";"Simples";"Curva";"Sim";3;0;1;0;2;0;1;2;-22,98573526;-44,29709764;"SPRF-RJ";"DEL03-RJ";"UOP03-DEL03-RJ"
386788;2021-10-01;"sexta-feira";"08:15:00";"CE";222;19;"CAUCAIA";"Condutor deixou de manter distância do veículo da frente";"Colisão traseira";"Com Vítimas Feridas";"Pleno dia";"Crescente";"Chuva";"Simples";"Reta";"Não";3;0;1;0;1;1;1;3;-3,74520337;-38,72713719;"SPRF-CE";"DEL01-CE";"UOP01-DEL01-CE"
386789;2021-10-01;"sexta-feira";"08:40:00";"SC";101;202,8;"SAO JOSE";"Ausência de reação do condutor";"Tombamento";"Com Vítimas Feridas";"Pleno dia";"Crescente";"Garoa/Chuvisco";"Múltipla";"Reta";"Sim";1;0;1;0;0;0;1;1;-27,55711595;-48,61897889;"SPRF-SC";"DEL01-SC";"UOP01-DEL01-SC"
386791;2021-10-01;"sexta-feira";"08:20:00";"MA";135;7;"SAO LUIS";"Condutor deixou de manter distância do veículo da frente";"Colisão traseira";"Sem Vítimas";"Pleno dia";"Crescente";"Céu Claro";"Dupla";"Reta;Declive";"Sim";2;0;0;0;2;0;0;2;-2,63608835;-44,26848552;"SPRF-MA";"DEL01-MA";"UOP01-DEL01-MA"
386792;2021-10-01;"sexta-feira";"07:50:00";"SP";381;82;"SAO PAULO";"Condutor deixou de manter distância do veículo da frente";"Colisão traseira";"Com Vítimas Feridas";"Pleno dia";"Crescente";"Céu Claro";"Dupla";"Reta";"Não";1;0;1;0;0;0;1;1;-23,42399;-46,575112;"SPRF-SP";"DEL03-SP";"UOP01-DEL03-SP"
386793;2021-08-23;"segunda-feira";"06:15:00";"PR";376;595;"CURITIBA";"Trafegar com motocicleta (ou similar) entre as faixas";"Colisão lateral mesmo sentido";"Com Vítimas Feridas";"Amanhecer";"Crescente";"Ignorado";"Dupla";"Reta";"Sim";1;0;1;0;0;0;1;1;-25,49317991;-49,34370776;"SPRF-PR";"DEL01-PR";"UOP01-DEL01-PR"
386794;2021-10-01;"sexta-feira";"08:30:00";"MG";262;514,3;"LUZ";"Transitar no acostamento";"Saída de leito carroçável";"Com Vítimas Feridas";"Pleno dia";"Decrescente";"Sol";"Simples";"Reta";"Não";1;0;1;0;0;0;1;1;-19,78980305;-45,59206009;"SPRF-MG";"DEL08-MG";"UOP03-DEL08-MG"
386796;2021-10-01;"sexta-feira";"08:40:00";"PR";116;46,9;"CAMPINA GRANDE DO SUL";"Velocidade Incompatível";"Saída de leito carroçável";"Com Vítimas Feridas";"Pleno dia";"Decrescente";"Chuva";"Dupla";"Curva";"Não";2;0;1;0;1;0;1;1;-25,20185401;-48,8962139;"SPRF-PR";"DEL01-PR";"UOP02-DEL01-PR"
386797;2021-10-01;"sexta-feira";"09:05:00";"PE";232;487;"VERDEJANTE";"Acessar a via sem observar a presença dos outros veículos";"Colisão frontal";"Com Vítimas Feridas";"Pleno dia";"Crescente";"Céu Claro";"Simples";"Reta";"Não";2;0;0;1;0;1;1;2;-8,01425426;-38,94872102;"SPRF-PE";"DEL05-PE";"UOP01-DEL05-PE"
386798;2021-10-01;"sexta-feira";"09:10:00";"SC";101;413,8;"ARARANGUA";"Ausência de reação do condutor";"Tombamento";"Com Vítimas Feridas";"Pleno dia";"Decrescente";"Nublado";"Dupla";"Reta";"Sim";2;0;1;0;1;0;1;1;-28,94605997;-49,50428402;"SPRF-SC";"DEL02-SC";"UOP02-DEL02-SC"
386802;2021-09-27;"segunda-feira";"01:55:00";"RS";290;141;"ELDORADO DO SUL";"Animais na Pista";"Atropelamento de Animal";"Sem Vítimas";"Plena Noite";"Crescente";"Céu Claro";"Simples";"Reta";"Não";1;0;0;0;1;0;0;1;-30,086048;-51,61882;"SPRF-RS";"DEL02-RS";"UOP01-DEL02-RS"
386804;2021-10-01;"sexta-feira";"10:15:00";"PR";487;136,1;"TUNEIRAS DO OESTE";"Avarias e/ou desgaste excessivo no pneu";"Saída de leito carroçável";"Com Vítimas Feridas";"Pleno dia";"Decrescente";"Chuva";"Simples";"Reta";"Não";2;0;2;0;0;0;2;1;-23,9022999;-52,77695497;"SPRF-PR";"DEL09-PR";"UOP03-DEL09-PR"
386805;2021-09-24;"sexta-feira";"17:45:00";"MS";267;33,3;"BATAGUASSU";"Acessar a via sem observar a presença dos outros veículos";"Colisão transversal";"Com Vítimas Feridas";"Plena Noite";"Crescente";"Céu Claro";"Simples";"Reta";"Não";2;0;1;0;1;0;1;2;-21,73398534;-52,45414472;"SPRF-MS";"DEL02-MS";"UOP04-DEL02-MS"
386806;2021-10-01;"sexta-feira";"10:00:00";"MG";381;508;"SAO JOAQUIM DE BICAS";"Ausência de reação do condutor";"Saída de leito carroçável";"Com Vítimas Feridas";"Pleno dia";"Decrescente";"Céu Claro";"Dupla";"Curva";"Sim";1;0;1;0;0;0;1;1;-20,06277698;-44,29329002;"SPRF-MG";"DEL01-MG";"UOP03-DEL01-MG"
386807;2021-10-01;"sexta-feira";"10:30:00";"AL";101;143;"SAO MIGUEL DOS CAMPOS";"Acumulo de água sobre o pavimento";"Saída de leito carroçável";"Com Vítimas Feridas";"Pleno dia";"Crescente";"Chuva";"Dupla";"Curva;Declive";"Não";1;0;1;0;0;0;1;1;-9,84882088;-36,14035121;"SPRF-AL";"DEL02-AL";"UOP01-DEL02-AL"
386810;2021-10-01;"sexta-feira";"10:53:00";"PB";230;19,6;"JOAO PESSOA";"Velocidade Incompatível";"Colisão traseira";"Com Vítimas Feridas";"Pleno dia";"Decrescente";"Céu Claro";"Dupla";"Curva;Declive";"Sim";4;0;3;0;0;1;3;2;-7,1281;-34,8466;"SPRF-PB";"DEL01-PB";"UOP01-DEL01-PB"
386811;2021-10-01;"sexta-feira";"08:30:00";"SC";101;57,1;"ARAQUARI";"Reação tardia ou ineficiente do condutor";"Tombamento";"Com Vítimas Feridas";"Pleno dia";"Decrescente";"Chuva";"Dupla";"Curva";"Não";1;0;1;0;0;0;1;1;-26,43702115;-48,8087368;"SPRF-SC";"DEL03-SC";"UOP01-DEL03-SC"
386812;2021-10-01;"sexta-feira";"09:54:00";"RN";304;296;"MACAIBA";"Manobra de mudança de faixa";"Colisão traseira";"Com Vítimas Feridas";"Pleno dia";"Decrescente";"Céu Claro";"Dupla";"Curva";"Sim";3;0;1;1;1;0;2;2;-5,86534101;-35,340694;"SPRF-RN";"DEL01-RN";"UOP02-DEL01-RN"
386813;2021-10-01;"sexta-feira";"09:40:00";"PR";277;250;"IRATI";"Velocidade Incompatível";"Saída de leito carroçável";"Com Vítimas Feridas";"Pleno dia";"Crescente";"Chuva";"Simples";"Reta";"Não";3;0;1;0;2;0;1;1;-25,453166;-50,651406;"SPRF-PR";"DEL03-PR";"UOP03-DEL03-PR"
386816;2021-10-01;"sexta-feira";"11:00:00";"MG";40;669,9;"CARANDAI";"Ausência de reação do condutor";"Colisão traseira";"Com Vítimas Feridas";"Pleno dia";"Crescente";"Céu Claro";"Simples";"Reta";"Não";2;0;2;0;0;0;2;2;-20,95949689;-43,78978984;"SPRF-MG";"DEL05-MG";"UOP02-DEL05-MG"
386822;2021-10-01;"sexta-feira";"11:20:00";"PR";116;45;"CAMPINA GRANDE DO SUL";"Velocidade Incompatível";"Capotamento";"Com Vítimas Feridas";"Pleno dia";"Decrescente";"Chuva";"Dupla";"Curva";"Não";3;0;3;0;0;0;3;1;-25,19502698;-48,89003802;"SPRF-PR";"DEL01-PR";"UOP02-DEL01-PR"
386823;2021-10-01;"sexta-feira";"11:00:00";"PR";376;233,9;"APUCARANA";"Velocidade Incompatível";"Saída de leito carroçável";"Com Vítimas Feridas";"Pleno dia";"Crescente";"Chuva";"Dupla";"Curva;Declive";"Não";4;0;0;1;3;0;1;1;-23,573403;-51,499624;"SPRF-PR";"DEL07-PR";"UOP02-DEL07-PR"
386824;2021-10-01;"sexta-feira";"11:50:00";"SC";101;213,1;"PALHOCA";"Ausência de reação do condutor";"Colisão transversal";"Com Vítimas Feridas";"Pleno dia";"Decrescente";"Nublado";"Múltipla";"Reta";"Sim";2;0;1;0;1;0;1;2;-27,63697369;-48,66514142;"SPRF-SC";"DEL01-SC";"UOP02-DEL01-SC"
386825;2021-10-01;"sexta-feira";"12:20:00";"GO";40;2,3;"VALPARAISO DE GOIAS";"Ingestão de álcool pelo condutor";"Colisão traseira";"Com Vítimas Feridas";"Pleno dia";"Decrescente";"Chuva";"Dupla";"Reta";"Sim";2;0;1;0;1;0;1;2;-16,067129;-47,984235;"SPRF-DF";"DEL01-DF";"UOP01-DEL01-DF"
386827;2021-10-01;"sexta-feira";"11:40:00";"PR";476;139;"CURITIBA";"Avarias e/ou desgaste excessivo no pneu";"Colisão com objeto";"Sem Vítimas";"Pleno dia";"Decrescente";"Chuva";"Múltipla";"Curva";"Sim";1;0;0;0;1;0;0;1;-25,51284;-49,289257;"SPRF-PR";"DEL01-PR";"UOP03-DEL01-PR"
386829;2021-10-01;"sexta-feira";"12:30:00";"SP";116;565;"BARRA DO TURVO";"Pista Escorregadia";"Colisão com objeto";"Com Vítimas Feridas";"Pleno dia";"Crescente";"Chuva";"Dupla";"Curva";"Não";2;0;1;0;1;0;1;1;-25,0475499;-48,55355172;"SPRF-SP";"DEL05-SP";"UOP02-DEL05-SP"
386830;2021-10-01;"sexta-feira";"13:00:00";"MG";40;635,5;"CONSELHEIRO LAFAIETE";"Manobra de mudança de faixa";"Colisão lateral mesmo sentido";"Com Vítimas Feridas";"Pleno dia";"Decrescente";"Céu Claro";"Simples";"Reta";"Não";6;0;1;0;5;0;1;2;-20,70906225;-43,7935283;"SPRF-MG";"DEL05-MG";"UOP02-DEL05-MG"
386833;2021-10-01;"sexta-feira";"06:45:00";"MG";459;84,3;"CONGONHAL";"Transitar na contramão";"Colisão frontal";"Com Vítimas Feridas";"Pleno dia";"Crescente";"Céu Claro";"Simples";"Reta;Interseção de Vias";"Sim";2;0;1;0;1;0;1;2;-22,150337;-46,038589;"SPRF-MG";"DEL09-MG";"UOP01-DEL09-MG"
386835;2021-10-01;"sexta-feira";"11:30:00";"RJ";101;291,9;"ITABORAI";"Reação tardia ou ineficiente do condutor";"Engavetamento";"Com Vítimas Feridas";"Pleno dia";"Crescente";"Nublado";"Dupla";"Reta";"Sim";5;0;0;2;3;0;2;3;-22,76457445;-42,86989322;"SPRF-RJ";"DEL02-RJ";"UOP03-DEL02-RJ"
386836;2021-10-01;"sexta-feira";"12:00:00";"SC";116;5,5;"MAFRA";"Desrespeitar a preferência no cruzamento";"Queda de ocupante de veículo";"Com Vítimas Feridas";"Pleno dia";"Crescente";"Céu Claro";"Simples";"Interseção de Vias";"Não";1;0;1;0;0;0;1;1;-26,14094396;-49,81508303;"SPRF-SC";"DEL06-SC";"UOP01-DEL06-SC"
386837;2021-08-20;"sexta-feira";"23:45:00";"PR";158;532;"PATO BRANCO";"Ingestão de álcool pelo condutor";"Colisão lateral sentido oposto";"Sem Vítimas";"Plena Noite";"Decrescente";"Céu Claro";"Simples";"Reta";"Sim";5;0;0;0;5;0;0;3;-26,21099702;-52,6807167;"SPRF-PR";"DEL02-PR";"UOP01-DEL02-PR"
386838;2021-10-01;"sexta-feira";"12:10:00";"MS";376;171;"NOVA ANDRADINA";"Reação tardia ou ineficiente do condutor";"Colisão traseira";"Com Vítimas Feridas";"Pleno dia";"Decrescente";"Chuva";"Simples";"Reta";"Sim";2;0;1;0;0;1;1;2;-22,30110569;-53,39167844;"SPRF-MS";"DEL04-MS";"UOP04-DEL04-MS"
386839;2021-10-01;"sexta-feira";"09:25:00";"PI";316;9,5;"TERESINA";"Ausência de reação do condutor";"Queda de ocupante de veículo";"Com Vítimas Feridas";"Pleno dia";"Crescente";"Chuva";"Simples";"Reta";"Sim";1;0;1;0;0;0;1;1;-5,17381686;-42,76624952;"SPRF-PI";"DEL01-PI";"UOP02-DEL01-PI"
386840;2021-10-01;"sexta-feira";"12:50:00";"MG";381;499,7;"BETIM";"Reação tardia ou ineficiente do condutor";"Engavetamento";"Com Vítimas Feridas";"Pleno dia";"Decrescente";"Céu Claro";"Dupla";"Reta";"Não";5;0;1;0;4;0;1;4;-20,01792651;-44,2261448;"SPRF-MG";"DEL01-MG";"UOP03-DEL01-MG"
386841;2021-10-01;"sexta-feira";"13:00:00";"RN";405;0,8;"MOSSORO";"Acessar a via sem observar a presença dos outros veículos";"Colisão lateral mesmo sentido";"Com Vítimas Feridas";"Pleno dia";"Decrescente";"Céu Claro";"Dupla";"Reta";"Sim";2;0;1;0;1;0;1;2;-5,191397;-37,35843128;"SPRF-RN";"DEL04-RN";"UOP02-DEL04-RN"
386844;2021-10-01;"sexta-feira";"13:45:00";"SP";116;328;"JUQUITIBA";"Chuva";"Saída de leito carroçável";"Com Vítimas Feridas";"Pleno dia";"Decrescente";"Garoa/Chuvisco";"Dupla";"Curva";"Não";1;0;1;0;0;0;1;1;-23,93652709;-47,08014299;"SPRF-SP";"DEL04-SP";"UOP01-DEL04-SP"
386845;2021-10-01;"sexta-feira";"14:00:00";"MT";158;1;"BARRA DO GARCAS";"Ultrapassagem Indevida";"Colisão lateral mesmo sentido";"Com Vítimas Feridas";"Pleno dia";"Crescente";"Sol";"Simples";"Reta";"Sim";2;0;1;0;1;0;1;2;-15,886164;-52,269872;"SPRF-MT";"DEL07-MT";"UOP02-DEL07-MT"
386847;2021-10-01;"sexta-feira";"12:50:00";"MT";163;112;"RONDONOPOLIS";"Conversão proibida";"Colisão transversal";"Com Vítimas Feridas";"Pleno dia";"Decrescente";"Nublado";"Dupla";"Reta";"Não";2;0;1;0;1;0;1;2;-16,56184522;-54,67930759;"SPRF-MT";"DEL02-MT";"UOP01-DEL02-MT"
386849;2021-10-01;"sexta-feira";"14:40:00";"ES";101;159;"LINHARES";"Acessar a via sem observar a presença dos outros veículos";"Colisão transversal";"Com Vítimas Feridas";"Pleno dia";"Crescente";"Céu Claro";"Simples";"Reta";"Sim";2;0;0;1;1;0;1;2;-19,4684012;-40,1102557;"SPRF-ES";"DEL04-ES";"UOP01-DEL04-ES"
386850;2021-10-01;"sexta-feira";"13:10:00";"SC";280;198,5;"MAFRA";"Velocidade Incompatível";"Colisão frontal";"Com Vítimas Feridas";"Pleno dia";"Decrescente";"Chuva";"Simples";"Declive";"Não";7;0;1;0;6;0;1;2;-26,17672999;-50,053464;"SPRF-SC";"DEL06-SC";"UOP01-DEL06-SC"
386853;2021-10-01;"sexta-feira";"14:40:00";"SC";101;213;"PALHOCA";"Condutor deixou de manter distância do veículo da frente";"Colisão traseira";"Com Vítimas Feridas";"Pleno dia";"Decrescente";"Nublado";"Dupla";"Reta";"Sim";5;0;1;0;3;1;1;4;-27,63697369;-48,66514142;"SPRF-SC";"DEL01-SC";"UOP02-DEL01-SC"
386854;2021-08-18;"quarta-feira";"22:15:00";"RJ";40;109;"DUQUE DE CAXIAS";"Condutor deixou de manter distância do veículo da frente";"Colisão traseira";"Com Vítimas Feridas";"Plena Noite";"Crescente";"Céu Claro";"Múltipla";"Reta";"Não";2;0;1;0;1;0;1;2;-22,67374628;-43,28638368;"SPRF-RJ";"DEL01-RJ";"UOP01-DEL01-RJ"
386855;2021-10-01;"sexta-feira";"14:10:00";"RJ";101;272;"RIO BONITO";"Objeto estático sobre o leito carroçável";"Queda de ocupante de veículo";"Com Vítimas Feridas";"Pleno dia";"Decrescente";"Nublado";"Dupla";"Reta";"Não";1;0;1;0;0;0;1;1;-22,72935968;-42,70112512;"SPRF-RJ";"DEL02-RJ";"UOP03-DEL02-RJ"
386856;2021-10-01;"sexta-feira";"14:00:00";"SP";116;340;"MIRACATU";"Ausência de reação do condutor";"Capotamento";"Com Vítimas Feridas";"Pleno dia";"Decrescente";"Garoa/Chuvisco";"Dupla";"Curva";"Não";5;0;1;0;4;0;1;1;-24,00328505;-47,15633198;"SPRF-SP";"DEL04-SP";"UOP02-DEL04-SP"
386857;2021-08-07;"sábado";"08:20:00";"RJ";40;124;"DUQUE DE CAXIAS";"Condutor deixou de manter distância do veículo da frente";"Colisão traseira";"Com Vítimas Feridas";"Pleno dia";"Crescente";"Céu Claro";"Dupla";"Reta";"Sim";2;0;1;0;1;0;1;2;-22,807953;-43,289124;"SPRF-RJ";"DEL01-RJ";"UOP01-DEL01-RJ"
386858;2021-10-01;"sexta-feira";"15:35:00";"DF";20;18;"BRASILIA";"Pista Escorregadia";"Colisão traseira";"Com Vítimas Feridas";"Pleno dia";"Crescente";"Garoa/Chuvisco";"Dupla";"Reta";"Não";2;0;1;0;1;0;1;2;-15,616901;-47,708927;"SPRF-DF";"DEL02-DF";"UOP01-DEL02-DF"
386860;2021-09-18;"sábado";"00:55:00";"PB";361;55;"EMAS";"Condutor deixou de manter distância do veículo da frente";"Colisão traseira";"Com Vítimas Feridas";"Plena Noite";"Crescente";"Céu Claro";"Simples";"Reta";"Não";3;0;1;1;0;1;2;2;-7,167567;-37,69489;"SPRF-PB";"DEL03-PB";"UOP01-DEL03-PB"
386861;2021-10-01;"sexta-feira";"14:30:00";"BA";101;254;"CONCEICAO DO ALMEIDA";"Ultrapassagem Indevida";"Colisão frontal";"Com Vítimas Feridas";"Pleno dia";"Decrescente";"Céu Claro";"Simples";"Aclive";"Não";5;0;1;0;4;0;1;2;-12,93182394;-39,25368024;"SPRF-BA";"DEL01-BA";"UOP02-DEL01-BA"
386864;2021-10-01;"sexta-feira";"11:30:00";"PA";230;757;"MEDICILANDIA";"Reação tardia ou ineficiente do condutor";"Colisão traseira";"Sem Vítimas";"Pleno dia";"Decrescente";"Céu Claro";"Simples";"Declive";"Não";5;0;0;0;5;0;0;2;-3,50186367;-52,99789101;"SPRF-PA";"DEL04-PA";"UOP01-DEL04-PA"
386867;2021-10-01;"sexta-feira";"15:50:00";"CE";116;418,8;"IPAUMIRIM";"Pista esburacada";"Saída de leito carroçável";"Com Vítimas Feridas";"Pleno dia";"Crescente";"Céu Claro";"Simples";"Reta";"Não";2;0;0;1;1;0;1;2;-6,74582978;-38,78987124;"SPRF-CE";"DEL05-CE";"UOP01-DEL05-CE"
386869;2021-10-01;"sexta-feira";"14:25:00";"SC";282;506;"XANXERE";"Acessar a via sem observar a presença dos outros veículos";"Colisão transversal";"Sem Vítimas";"Pleno dia";"Decrescente";"Nublado";"Dupla";"Interseção de Vias";"Sim";2;0;0;0;2;0;0;2;-26,885712;-52,42907;"SPRF-SC";"DEL07-SC";"UOP01-DEL07-SC"
386872;2021-10-01;"sexta-feira";"15:45:00";"MG";40;670,5;"CARANDAI";"Velocidade Incompatível";"Saída de leito carroçável";"Com Vítimas Feridas";"Pleno dia";"Decrescente";"Céu Claro";"Simples";"Curva";"Não";3;0;2;1;0;0;3;1;-20,97710595;-43,78115687;"SPRF-MG";"DEL05-MG";"UOP02-DEL05-MG"
386873;2021-10-01;"sexta-feira";"13:30:00";"SP";116;561;"BARRA DO TURVO";"Pista Escorregadia";"Saída de leito carroçável";"Com Vítimas Feridas";"Pleno dia";"Crescente";"Garoa/Chuvisco";"Dupla";"Curva";"Não";2;0;2;0;0;0;2;1;-25,02045097;-48,51586004;"SPRF-SP";"DEL05-SP";"UOP02-DEL05-SP"
386875;2021-10-01;"sexta-feira";"14:50:00";"PR";376;470;"PONTA GROSSA";"Velocidade Incompatível";"Saída de leito carroçável";"Com Vítimas Fatais";"Pleno dia";"Decrescente";"Chuva";"Dupla";"Curva";"Não";5;1;3;1;0;0;4;1;-25,017033;-50,336652;"SPRF-PR";"DEL03-PR";"UOP01-DEL03-PR"
386877;2021-08-10;"terça-feira";"18:10:00";"PA";10;18;"DOM ELISEU";"Desrespeitar a preferência no cruzamento";"Colisão transversal";"Com Vítimas Feridas";"Anoitecer";"Crescente";"Céu Claro";"Simples";"Interseção de Vias";"Sim";2;0;0;1;0;1;1;2;-4,293095;-47,556904;"SPRF-PA";"DEL02-PA";"UOP02-DEL02-PA"
386878;2021-10-01;"sexta-feira";"16:30:00";"ES";101;354,5;"ANCHIETA";"Transitar na contramão";"Colisão transversal";"Com Vítimas Feridas";"Anoitecer";"Decrescente";"Céu Claro";"Simples";"Interseção de Vias";"Não";5;0;1;1;2;1;2;3;-20,68591018;-40,67458391;"SPRF-ES";"DEL03-ES";"UOP01-DEL03-ES"
386879;2021-10-01;"sexta-feira";"15:50:00";"PR";376;553;"BALSA NOVA";"Velocidade Incompatível";"Colisão com objeto";"Com Vítimas Feridas";"Pleno dia";"Crescente";"Garoa/Chuvisco";"Dupla";"Reta";"Não";6;0;3;0;3;0;3;2;-25,44919399;-49,73984957;"SPRF-PR";"DEL01-PR";"UOP03-DEL03-PR"
386880;2021-10-01;"sexta-feira";"14:15:00";"GO";153;551,4;"PROFESSOR JAMIL";"Manobra de mudança de faixa";"Saída de leito carroçável";"Com Vítimas Feridas";"Pleno dia";"Crescente";"Céu Claro";"Dupla";"Curva";"Não";3;0;1;0;2;0;1;1;-17,137467;-49,215182;"SPRF-GO";"DEL01-GO";"UOP03-DEL01-GO"
386887;2021-10-01;"sexta-feira";"16:50:00";"DF";20;13;"BRASILIA";"Reação tardia ou ineficiente do condutor";"Engavetamento";"Sem Vítimas";"Anoitecer";"Crescente";"Nublado";"Dupla";"Reta";"Sim";3;0;0;0;3;0;0;3;-15,638752;-47,749599;"SPRF-DF";"DEL02-DF";"UOP01-DEL02-DF"
386890;2021-10-01;"sexta-feira";"13:30:00";"RJ";101;523;"ANGRA DOS REIS";"Acumulo de água sobre o pavimento";"Colisão frontal";"Com Vítimas Feridas";"Pleno dia";"Crescente";"Chuva";"Simples";"Curva";"Não";6;0;4;0;2;0;4;2;-23,00283001;-44,47362994;"SPRF-RJ";"DEL03-RJ";"UOP02-DEL03-RJ"
386891;2021-10-01;"sexta-feira";"16:40:00";"PR";277;97;"CURITIBA";"Pedestre cruzava a pista fora da faixa";"Atropelamento de Pedestre";"Com Vítimas Feridas";"Pleno dia";"Decrescente";"Nublado";"Simples";"Interseção de Vias";"Sim";2;0;1;0;1;0;1;2;-25,43029695;-49,33695495;"SPRF-PR";"DEL01-PR";"UOP01-DEL01-PR"
386892;2021-10-01;"sexta-feira";"17:00:00";"PR";369;159,8;"CAMBE";"Chuva";"Queda de ocupante de veículo";"Com Vítimas Feridas";"Pleno dia";"Decrescente";"Chuva";"Dupla";"Reta";"Sim";1;0;1;0;0;0;1;1;-23,28340687;-51,25113487;"SPRF-PR";"DEL07-PR";"UOP01-DEL07-PR"
386893;2021-10-01;"sexta-feira";"16:30:00";"PE";101;119,7;"ESCADA";"Velocidade Incompatível";"Saída de leito carroçável";"Com Vítimas Fatais";"Anoitecer";"Crescente";"Nublado";"Dupla";"Reta";"Não";1;1;0;0;0;0;0;1;-8,353219;-35,175971;"SPRF-PE";"DEL01-PE";"UOP01-DEL01-PE"
386895;2021-10-01;"sexta-feira";"17:30:00";"PR";376;161;"MARINGA";"Manobra de mudança de faixa";"Colisão lateral mesmo sentido";"Com Vítimas Feridas";"Pleno dia";"Crescente";"Chuva";"Dupla";"Reta";"Sim";2;0;1;0;0;1;1;2;-23,37281665;-52,05547485;"SPRF-PR";"DEL09-PR";"UOP01-DEL09-PR"
386898;2021-10-01;"sexta-feira";"15:15:00";"MG";153;188,2;"FRUTAL";"Velocidade Incompatível";"Saída de leito carroçável";"Com Vítimas Feridas";"Pleno dia";"Crescente";"Chuva";"Simples";"Curva";"Não";1;0;1;0;0;0;1;1;-19,869476;-48,97261;"SPRF-MG";"DEL13-MG";"UOP02-DEL13-MG"
386900;2021-10-01;"sexta-feira";"17:30:00";"CE";116;11;"FORTALEZA";"Pedestre cruzava a pista fora da faixa";"Atropelamento de Pedestre";"Com Vítimas Feridas";"Anoitecer";"Decrescente";"Céu Claro";"Múltipla";"Reta";"Sim";2;0;1;1;0;0;2;2;-3,84394724;-38,49891546;"SPRF-CE";"DEL01-CE";"UOP02-DEL01-CE"
386901;2021-08-30;"segunda-feira";"08:30:00";"AL";316;39;"CANAPI";"Avarias e/ou desgaste excessivo no pneu";"Capotamento";"Com Vítimas Feridas";"Pleno dia";"Crescente";"Nublado";"Simples";"Reta";"Não";2;0;1;1;0;0;2;1;-9,12446867;-37,57372166;"SPRF-AL";"DEL03-AL";"UOP02-DEL03-AL"
386902;2021-10-01;"sexta-feira";"16:35:00";"MT";163;694;"LUCAS DO RIO VERDE";"Ausência de reação do condutor";"Colisão transversal";"Com Vítimas Fatais";"Pleno dia";"Crescente";"Céu Claro";"Simples";"Reta";"Não";4;1;1;0;2;0;1;3;-13,025873;-55,896704;"SPRF-MT";"DEL06-MT";"UOP01-DEL06-MT"
386904;2021-10-01;"sexta-feira";"17:35:00";"RS";470;216;"BENTO GONCALVES";"Entrada inopinada do pedestre";"Atropelamento de Pedestre";"Com Vítimas Feridas";"Anoitecer";"Crescente";"Nublado";"Dupla";"Curva";"Sim";3;0;3;0;0;0;3;2;-29,168848;-51,525961;"SPRF-RS";"DEL06-RS";"UOP01-DEL06-RS"
386906;2021-10-01;"sexta-feira";"16:40:00";"GO";153;504,4;"GOIANIA";"Condutor deixou de manter distância do veículo da frente";"Colisão traseira";"Sem Vítimas";"Pleno dia";"Crescente";"Sol";"Múltipla";"Reta;Declive";"Sim";2;0;0;0;2;0;0;2;-16,7386638;-49,24245;"SPRF-GO";"DEL01-GO";"UOP01-DEL01-GO"
386907;2021-09-30;"quinta-feira";"15:30:00";"BA";101;227;"CRUZ DAS ALMAS";"Ingestão de álcool pelo condutor";"Colisão lateral mesmo sentido";"Sem Vítimas";"Pleno dia";"Decrescente";"Sol";"Simples";"Reta";"Sim";2;0;0;0;2;0;0;2;-12,706467;-39,160464;"SPRF-BA";"DEL01-BA";"UOP02-DEL01-BA"