"id";"data_inversa";"dia_semana";"horario";"uf";"br";"km";"municipio";"causa_acidente";"tipo_acidente";"classificacao_acidente";"fase_dia";"sentido_via";"condicao_metereologica";"tipo_pista";"tracado_via";"uso_solo";"pessoas";"mortos";"feridos_leves";"feridos_graves";"ilesos";"ignorados";"feridos";"veiculos";"latitude";"longitude";"regional";"delegacia";"uop"
386908;2021-10-01;"sexta-feira";"17:55:00";"CE";20;417,6;"MARACANAU";"Acessar a via sem observar a presença dos outros veículos";"Colisão transversal";"Com Vítimas Feridas";"Anoitecer";"Decrescente";"Céu Claro";"Dupla";"Reta";"Não";2;0;1;0;1;0;1;2;-3,76999035;-38,67006282;"SPRF-CE";"DEL01-CE";"UOP02-DEL01-CE"
386909;2021-10-01;"sexta-feira";"18:00:00";"MG";381;794,8;"SAO GONCALO DO SAPUCAI";"Velocidade Incompatível";"Saída de leito carroçável";"Com Vítimas Feridas";"Anoitecer";"Crescente";"Chuva";"Dupla";"Curva;Declive";"Não";2;0;2;0;0;0;2;1;-21,90942;-45,57191;"SPRF-MG";"DEL16-MG";"UOP02-DEL16-MG"
386912;2021-10-01;"sexta-feira";"18:00:00";"RN";406;170,2;"SAO GONCALO DO AMARANTE";"Área urbana sem a presença de local apropriado para a travessia de pedestres";"Atropelamento de Pedestre";"Com Vítimas Feridas";"Plena Noite";"Crescente";"Céu Claro";"Dupla";"Reta";"Sim";2;0;1;0;1;0;1;2;-5,75872063;-35,29921986;"SPRF-RN";"DEL02-RN";"UOP01-DEL02-RN"
386913;2021-10-01;"sexta-feira";"18:11:00";"RS";392;351,3;"SANTA MARIA";"Transitar no acostamento";"Colisão transversal";"Com Vítimas Feridas";"Pleno dia";"Crescente";"Céu Claro";"Simples";"Reta";"Sim";5;0;0;1;3;1;1;3;-29,7284269;-53,80323691;"SPRF-RS";"DEL09-RS";"UOP01-DEL09-RS"
386914;2021-10-01;"sexta-feira";"18:00:00";"SC";470;152,8;"AGRONOMICA";"Acessar a via sem observar a presença dos outros veículos";"Colisão transversal";"Com Vítimas Feridas";"Anoitecer";"Decrescente";"Nublado";"Simples";"Reta";"Não";2;0;1;0;1;0;1;2;-27,266434;-49,727642;"SPRF-SC";"DEL04-SC";"UOP02-DEL04-SC"
386915;2021-10-01;"sexta-feira";"17:45:00";"PE";407;127;"PETROLINA";"Ausência de reação do condutor";"Colisão transversal";"Com Vítimas Feridas";"Anoitecer";"Decrescente";"Céu Claro";"Simples";"Interseção de Vias";"Sim";2;0;2;0;0;0;2;2;-9,3908678;-40,52038627;"SPRF-PE";"DEL06-PE";"UOP01-DEL06-PE"
386916;2021-10-01;"sexta-feira";"07:15:00";"SC";282;596,5;"CUNHA PORA";"Acumulo de água sobre o pavimento";"Saída de leito carroçável";"Com Vítimas Feridas";"Pleno dia";"Decrescente";"Chuva";"Simples";"Reta";"Não";2;0;1;0;1;0;1;1;-26,829437;-53,127995;"SPRF-SC";"DEL07-SC";"UOP02-DEL07-SC"
386917;2021-10-01;"sexta-feira";"11:45:00";"SC";158;107;"CUNHA PORA";"Ultrapassagem Indevida";"Saída de leito carroçável";"Com Vítimas Feridas";"Pleno dia";"Crescente";"Chuva";"Simples";"Curva";"Não";1;0;1;0;0;0;1;1;-26,87195078;-53,1625325;"SPRF-SC";"DEL07-SC";"UOP02-DEL07-SC"
386919;2021-10-01;"sexta-feira";"18:45:00";"PE";232;509;"SALGUEIRO";"Transitar no acostamento";"Atropelamento de Pedestre";"Com Vítimas Feridas";"Plena Noite";"Crescente";"Céu Claro";"Simples";"Reta";"Sim";2;0;1;0;0;1;1;2;-8,06449154;-39,1298447;"SPRF-PE";"DEL05-PE";"UOP01-DEL05-PE"
386920;2021-10-01;"sexta-feira";"15:20:00";"SC";163;105,7;"SAO JOSE DO CEDRO";"Transitar na contramão";"Colisão frontal";"Com Vítimas Feridas";"Pleno dia";"Crescente";"Garoa/Chuvisco";"Simples";"Reta;Em Obras";"Não";3;0;2;0;1;0;2;2;-26,4392211;-53,51569176;"SPRF-SC";"DEL07-SC";"UOP03-DEL07-SC"
386921;2021-10-01;"sexta-feira";"18:30:00";"RN";101;161;"CANGUARETAMA";"Pedestre cruzava a pista fora da faixa";"Atropelamento de Pedestre";"Com Vítimas Feridas";"Plena Noite";"Decrescente";"Céu Claro";"Simples";"Reta";"Sim";2;0;1;1;0;0;2;2;-6,37832592;-35,14846487;"SPRF-RN";"DEL01-RN";"UOP01-DEL01-RN"
386922;2021-10-01;"sexta-feira";"18:00:00";"BA";418;88;"NOVA VICOSA";"Acessar a via sem observar a presença dos outros veículos";"Colisão transversal";"Com Vítimas Feridas";"Anoitecer";"Crescente";"Céu Claro";"Simples";"Reta";"Não";3;0;1;0;2;0;1;2;-17,88377;-39,848822;"SPRF-BA";"DEL09-BA";"UOP02-DEL09-BA"
386923;2021-10-01;"sexta-feira";"18:30:00";"SP";153;74;"SAO JOSE DO RIO PRETO";"Reação tardia ou ineficiente do condutor";"Saída de leito carroçável";"Com Vítimas Feridas";"Plena Noite";"Crescente";"Chuva";"Dupla";"Reta";"Não";2;0;1;1;0;0;2;1;-20,88538598;-49,42676402;"SPRF-SP";"DEL09-SP";"UOP01-DEL09-SP"
386924;2021-10-01;"sexta-feira";"17:30:00";"SP";488;3;"APARECIDA";"Acesso irregular";"Colisão lateral mesmo sentido";"Com Vítimas Feridas";"Anoitecer";"Crescente";"Chuva";"Dupla";"Reta";"Sim";3;0;0;2;1;0;2;2;-22,855059;-45,243423;"SPRF-SP";"DEL08-SP";"UOP01-DEL08-SP"
386925;2021-10-01;"sexta-feira";"19:00:00";"DF";60;17,8;"BRASILIA";"Reação tardia ou ineficiente do condutor";"Saída de leito carroçável";"Com Vítimas Feridas";"Plena Noite";"Crescente";"Céu Claro";"Dupla";"Declive";"Não";1;0;1;0;0;0;1;1;-15,960484;-48,178028;"SPRF-DF";"DEL03-DF";"UOP01-DEL03-DF"
386926;2021-10-01;"sexta-feira";"18:00:00";"PB";230;23;"JOAO PESSOA";"Transitar no acostamento";"Tombamento";"Com Vítimas Feridas";"Plena Noite";"Crescente";"Nublado";"Dupla";"Reta";"Sim";1;0;0;1;0;0;1;1;-7,1562;-34,8574;"SPRF-PB";"DEL01-PB";"UOP01-DEL01-PB"
386927;2021-10-01;"sexta-feira";"19:30:00";"SE";235;63,2;"ITABAIANA";"Demais falhas na via";"Queda de ocupante de veículo";"Com Vítimas Feridas";"Plena Noite";"Crescente";"Céu Claro";"Simples";"Reta";"Sim";1;0;1;0;0;0;1;1;-10,604629;-37,478199;"SPRF-SE";"DEL01-SE";"UOP02-DEL01-SE"
386928;2021-10-01;"sexta-feira";"17:15:00";"MG";50;179;"UBERABA";"Pista Escorregadia";"Tombamento";"Com Vítimas Feridas";"Pleno dia";"Decrescente";"Garoa/Chuvisco";"Dupla";"Em Obras";"Sim";1;0;1;0;0;0;1;1;-19,77827047;-47,93140998;"SPRF-MG";"DEL13-MG";"UOP01-DEL13-MG"
386930;2021-10-01;"sexta-feira";"18:45:00";"RS";472;584;"URUGUAIANA";"Demais falhas mecânicas ou elétricas";"Saída de leito carroçável";"Com Vítimas Feridas";"Pleno dia";"Crescente";"Céu Claro";"Simples";"Reta";"Não";1;0;1;0;0;0;1;1;-29,77621354;-57,05959911;"SPRF-RS";"DEL13-RS";"UOP01-DEL13-RS"
386935;2021-10-01;"sexta-feira";"19:00:00";"SC";101;144;"ITAPEMA";"Ingestão de álcool pelo condutor";"Colisão com objeto";"Sem Vítimas";"Anoitecer";"Decrescente";"Céu Claro";"Dupla";"Curva";"Sim";2;0;0;0;2;0;0;2;-27,0732659;-48,59672716;"SPRF-SC";"DEL04-SC";"UOP03-DEL04-SC"
386936;2021-10-01;"sexta-feira";"20:00:00";"SE";101;3;"PROPRIA";"Demais falhas mecânicas ou elétricas";"Incêndio";"Com Vítimas Feridas";"Plena Noite";"Decrescente";"Céu Claro";"Dupla";"Em Obras;Curva;Aclive";"Sim";1;0;1;0;0;0;1;1;-10,229956;-36,839184;"SPRF-SE";"DEL02-SE";"UOP02-DEL02-SE"
386937;2021-10-01;"sexta-feira";"19:47:00";"ES";482;104,8;"GUACUI";"Manobra de mudança de faixa";"Colisão frontal";"Com Vítimas Fatais";"Plena Noite";"Crescente";"Céu Claro";"Simples";"Reta";"Sim";2;1;1;0;0;0;1;2;-20,78384403;-41,66073203;"SPRF-ES";"DEL03-ES";"UOP02-DEL03-ES"
386939;2021-10-01;"sexta-feira";"20:30:00";"RS";386;354,2;"ESTRELA";"Acessar a via sem observar a presença dos outros veículos";"Colisão transversal";"Com Vítimas Feridas";"Plena Noite";"Crescente";"Céu Claro";"Dupla";"Retorno Regulamentado";"Não";3;0;1;0;2;0;1;2;-29,506611;-51,943012;"SPRF-RS";"DEL04-RS";"UOP02-DEL04-RS"
386940;2021-10-01;"sexta-feira";"16:30:00";"ES";259;57,7;"COLATINA";"Desrespeitar a preferência no cruzamento";"Colisão transversal";"Com Vítimas Feridas";"Pleno dia";"Crescente";"Céu Claro";"Simples";"Rotatória";"Não";2;0;0;1;1;0;1;2;-19,50865703;-40,65581416;"SPRF-ES";"DEL02-ES";"UOP01-DEL02-ES"
386942;2021-10-01;"sexta-feira";"20:20:00";"PR";376;3,8;"APUCARANA";"Desrespeitar a preferência no cruzamento";"Colisão frontal";"Sem Vítimas";"Plena Noite";"Decrescente";"Nublado";"Simples";"Interseção de Vias";"Sim";2;0;0;0;2;0;0;2;-23,556694;-51,442868;"SPRF-PR";"DEL07-PR";"UOP03-DEL07-PR"
386943;2021-10-01;"sexta-feira";"18:20:00";"GO";364;54;"CACHOEIRA ALTA";"Acessar a via sem observar a presença dos outros veículos";"Colisão transversal";"Sem Vítimas";"Anoitecer";"Decrescente";"Céu Claro";"Simples";"Reta";"Não";1;0;0;0;1;0;0;1;-18,782759;-50,92012;"SPRF-GO";"DEL05-GO";"UOP02-DEL05-GO"
386945;2021-10-01;"sexta-feira";"20:15:00";"PR";116;121;"CURITIBA";"Trafegar com motocicleta (ou similar) entre as faixas";"Colisão lateral mesmo sentido";"Com Vítimas Feridas";"Plena Noite";"Crescente";"Nublado";"Dupla";"Reta";"Sim";2;0;1;0;1;0;1;2;-25,5599323;-49,30743945;"SPRF-PR";"DEL01-PR";"UOP03-DEL01-PR"
386947;2021-10-01;"sexta-feira";"16:00:00";"PR";116;22;"CAMPINA GRANDE DO SUL";"Velocidade Incompatível";"Saída de leito carroçável";"Com Vítimas Feridas";"Pleno dia";"Decrescente";"Chuva";"Dupla";"Reta";"Não";2;0;1;1;0;0;2;1;-25,10922624;-48,74659689;"SPRF-PR";"DEL01-PR";"UOP02-DEL01-PR"
386948;2021-10-01;"sexta-feira";"21:00:00";"DF";70;3,4;"BRASILIA";"Demais falhas mecânicas ou elétricas";"Colisão com objeto";"Com Vítimas Feridas";"Plena Noite";"Crescente";"Céu Claro";"Múltipla";"Reta";"Sim";2;0;1;0;1;0;1;2;-15,802453;-48,080387;"SPRF-DF";"DEL03-DF";"UOP02-DEL03-DF"
386949;2021-10-01;"sexta-feira";"18:00:00";"RJ";116;167;"SAO JOAO DE MERITI";"Avarias e/ou desgaste excessivo no pneu";"Queda de ocupante de veículo";"Com Vítimas Feridas";"Plena Noite";"Decrescente";"Céu Claro";"Múltipla";"Reta";"Sim";2;0;2;0;0;0;2;1;-22,79853615;-43,35711479;"SPRF-RJ";"DEL01-RJ";"UOP01-DEL01-RJ"
386950;2021-10-01;"sexta-feira";"19:20:00";"MS";262;560,5;"MIRANDA";"Animais na Pista";"Atropelamento de Animal";"Sem Vítimas";"Plena Noite";"Decrescente";"Vento";"Simples";"Reta";"Não";2;0;0;0;2;0;0;1;-20,22912981;-56,39396087;"SPRF-MS";"DEL03-MS";"UOP02-DEL03-MS"
386951;2021-09-23;"quinta-feira";"06:03:00";"ES";101;370;"ANCHIETA";"Desrespeitar a preferência no cruzamento";"Saída de leito carroçável";"Sem Vítimas";"Amanhecer";"Crescente";"Nublado";"Simples";"Interseção de Vias";"Não";4;0;0;0;2;2;0;3;-20,7709263;-40,7634571;"SPRF-ES";"DEL03-ES";"UOP01-DEL03-ES"
386952;2021-10-01;"sexta-feira";"20:30:00";"SP";116;394;"MIRACATU";"Condutor deixou de manter distância do veículo da frente";"Colisão traseira";"Sem Vítimas";"Plena Noite";"Crescente";"Céu Claro";"Simples";"Reta";"Sim";2;0;0;0;2;0;0;2;-24,28717454;-47,45143994;"SPRF-SP";"DEL04-SP";"UOP02-DEL04-SP"
386953;2021-10-01;"sexta-feira";"18:45:00";"PA";222;227;"MARABA";"Acessar a via sem observar a presença dos outros veículos";"Colisão transversal";"Com Vítimas Fatais";"Plena Noite";"Crescente";"Céu Claro";"Simples";"Reta";"Sim";2;1;0;0;0;1;0;2;-5,21062188;-49,03816223;"SPRF-PA";"DEL03-PA";"UOP01-DEL03-PA"
386955;2021-10-01;"sexta-feira";"20:40:00";"MG";381;821,5;"CAREACU";"Ausência de reação do condutor";"Saída de leito carroçável";"Sem Vítimas";"Plena Noite";"Crescente";"Chuva";"Dupla";"Curva";"Não";1;0;0;0;1;0;0;1;-22,08199593;-45,70133114;"SPRF-MG";"DEL16-MG";"UOP02-DEL16-MG"
386956;2021-10-01;"sexta-feira";"20:40:00";"SP";116;276;"EMBU DAS ARTES";"Animais na Pista";"Atropelamento de Animal";"Com Vítimas Feridas";"Plena Noite";"Decrescente";"Nublado";"Dupla";"Reta";"Sim";1;0;1;0;0;0;1;1;-23,64262417;-46,83811382;"SPRF-SP";"DEL04-SP";"UOP01-DEL04-SP"
386958;2021-10-01;"sexta-feira";"17:40:00";"MA";230;3;"BARAO DE GRAJAU";"Ingestão de álcool pelo condutor";"Colisão lateral mesmo sentido";"Com Vítimas Feridas";"Plena Noite";"Crescente";"Nublado";"Simples";"Reta";"Não";2;0;0;1;0;1;1;2;-6,75164883;-43,03389094;"SPRF-PI";"DEL03-PI";"UOP01-DEL03-PI"
386959;2021-10-01;"sexta-feira";"17:40:00";"RJ";40;98;"DUQUE DE CAXIAS";"Pista Escorregadia";"Tombamento";"Com Vítimas Feridas";"Plena Noite";"Decrescente";"Chuva";"Dupla";"Curva";"Não";1;0;1;0;0;0;1;1;-22,57773682;-43,27329036;"SPRF-RJ";"DEL01-RJ";"UOP01-DEL01-RJ"
386961;2021-10-01;"sexta-feira";"19:35:00";"SP";101;17,6;"UBATUBA";"Acumulo de água sobre o pavimento";"Tombamento";"Com Vítimas Feridas";"Plena Noite";"Decrescente";"Chuva";"Simples";"Reta";"Não";1;0;1;0;0;0;1;1;-23,31985168;-44,89033379;"SPRF-SP";"DEL06-SP";"UOP01-DEL06-SP"
386962;2021-10-01;"sexta-feira";"21:45:00";"PR";369;201,7;"APUCARANA";"Condutor desrespeitou a iluminação vermelha do semáforo";"Colisão transversal";"Com Vítimas Feridas";"Plena Noite";"Decrescente";"Garoa/Chuvisco";"Múltipla";"Interseção de Vias;Declive";"Sim";3;0;1;0;2;0;1;2;-23,5408935;-51,4564937;"SPRF-PR";"DEL07-PR";"UOP02-DEL07-PR"
386963;2021-10-01;"sexta-feira";"15:50:00";"RJ";40;69;"PETROPOLIS";"Demais falhas mecânicas ou elétricas";"Incêndio";"Sem Vítimas";"Pleno dia";"Crescente";"Céu Claro";"Dupla";"Reta";"Não";1;0;0;0;1;0;0;1;-22,448607;-43,199057;"SPRF-RJ";"DEL06-RJ";"UOP01-DEL06-RJ"
386965;2021-10-01;"sexta-feira";"18:10:00";"SC";280;25;"ARAQUARI";"Condutor deixou de manter distância do veículo da frente";"Colisão traseira";"Sem Vítimas";"Anoitecer";"Decrescente";"Céu Claro";"Simples";"Reta;Em Obras";"Sim";2;0;0;0;2;0;0;2;-26,38352781;-48,72677516;"SPRF-SC";"DEL03-SC";"UOP03-DEL03-SC"
386966;2021-10-01;"sexta-feira";"21:17:00";"PI";316;16;"TERESINA";"Ausência de reação do condutor";"Colisão traseira";"Com Vítimas Feridas";"Plena Noite";"Crescente";"Céu Claro";"Dupla";"Reta";"Não";2;0;0;1;0;1;1;2;-5,23293685;-42,74590684;"SPRF-PI";"DEL01-PI";"UOP02-DEL01-PI"
386968;2021-10-01;"sexta-feira";"20:50:00";"MG";381;717,3;"CARMO DA CACHOEIRA";"Chuva";"Saída de leito carroçável";"Com Vítimas Feridas";"Plena Noite";"Decrescente";"Chuva";"Dupla";"Curva;Declive";"Não";1;0;1;0;0;0;1;1;-21,4037356;-45,21072909;"SPRF-MG";"DEL04-MG";"UOP02-DEL04-MG"
386969;2021-10-01;"sexta-feira";"20:00:00";"PI";316;264,8;"IPIRANGA DO PIAUI";"Acessar a via sem observar a presença dos outros veículos";"Colisão lateral mesmo sentido";"Com Vítimas Feridas";"Plena Noite";"Decrescente";"Céu Claro";"Simples";"Declive;Curva";"Não";3;0;2;0;1;0;2;2;-6,86407719;-41,74351046;"SPRF-PI";"DEL04-PI";"UOP02-DEL04-PI"
386973;2021-10-01;"sexta-feira";"23:00:00";"GO";153;506,7;"APARECIDA DE GOIANIA";"Condutor deixou de manter distância do veículo da frente";"Colisão traseira";"Com Vítimas Feridas";"Plena Noite";"Crescente";"Céu Claro";"Dupla";"Reta";"Sim";4;0;1;0;1;2;1;3;-16,7633;-49,24;"SPRF-GO";"DEL01-GO";"UOP01-DEL01-GO"
386974;2021-10-01;"sexta-feira";"20:40:00";"PR";153;0,5;"IMBITUVA";"Chuva";"Saída de leito carroçável";"Sem Vítimas";"Plena Noite";"Crescente";"Chuva";"Simples";"Reta";"Não";1;0;0;0;0;1;0;1;-25,230473;-50,604874;"SPRF-PR";"DEL03-PR";"UOP03-DEL03-PR"
386976;2021-10-01;"sexta-feira";"18:40:00";"GO";153;329,4;"RIANAPOLIS";"Obstrução na via";"Colisão com objeto";"Com Vítimas Feridas";"Plena Noite";"Decrescente";"Chuva";"Simples";"Aclive";"Não";1;0;0;1;0;0;1;1;-15,519727;-49,468304;"SPRF-GO";"DEL02-GO";"UOP02-DEL02-GO"
386977;2021-10-01;"sexta-feira";"23:15:00";"GO";153;506,7;"APARECIDA DE GOIANIA";"Obstrução na via";"Colisão com objeto";"Com Vítimas Feridas";"Plena Noite";"Crescente";"Céu Claro";"Múltipla";"Declive;Reta";"Não";1;0;1;0;0;0;1;1;-16,76099804;-49,24029927;"SPRF-GO";"DEL01-GO";"UOP01-DEL01-GO"
386979;2021-10-01;"sexta-feira";"23:10:00";"PB";101;2,6;"MATARACA";"Chuva";"Saída de leito carroçável";"Com Vítimas Feridas";"Plena Noite";"Decrescente";"Chuva";"Dupla";"Reta";"Não";1;0;1;0;0;0;1;1;-6,52300095;-35,11348121;"SPRF-PB";"DEL01-PB";"UOP04-DEL01-PB"
386981;2021-10-02;"sábado";"00:10:00";"SP";116;153;"SAO JOSE DOS CAMPOS";"Condutor deixou de manter distância do veículo da frente";"Colisão traseira";"Com Vítimas Feridas";"Plena Noite";"Decrescente";"Céu Claro";"Dupla";"Reta";"Sim";2;0;1;0;1;0;1;2;-23,23262274;-45,91372624;"SPRF-SP";"DEL02-SP";"UOP01-DEL02-SP"
386982;2021-10-02;"sábado";"00:33:00";"RS";116;150,2;"CAXIAS DO SUL";"Reação tardia ou ineficiente do condutor";"Colisão traseira";"Com Vítimas Feridas";"Plena Noite";"Decrescente";"Céu Claro";"Dupla";"Interseção de Vias";"Sim";2;0;1;0;1;0;1;2;-29,17119896;-51,15989685;"SPRF-RS";"DEL05-RS";"UOP01-DEL05-RS"
386983;2021-10-01;"sexta-feira";"23:45:00";"PB";104;139;"QUEIMADAS";"Ultrapassagem Indevida";"Colisão frontal";"Com Vítimas Feridas";"Plena Noite";"Decrescente";"Chuva";"Simples";"Reta";"Sim";2;0;0;1;1;0;1;2;-7,36948311;-35,89979635;"SPRF-PB";"DEL02-PB";"UOP03-DEL02-PB"
386984;2021-10-01;"sexta-feira";"23:40:00";"MS";163;300,3;"DOURADINA";"Condutor Dormindo";"Saída de leito carroçável";"Com Vítimas Feridas";"Plena Noite";"Decrescente";"Nublado";"Simples";"Reta";"Não";1;0;1;0;0;0;1;1;-21,98294896;-54,53160826;"SPRF-MS";"DEL02-MS";"UOP02-DEL02-MS"
386985;2021-10-02;"sábado";"00:50:00";"PR";376;162,8;"MARINGA";"Velocidade Incompatível";"Colisão com objeto";"Com Vítimas Feridas";"Plena Noite";"Decrescente";"Nublado";"Dupla";"Declive;Em Obras;Reta";"Não";2;0;1;0;1;0;1;1;-23,37710685;-52,04510993;"SPRF-PR";"DEL09-PR";"UOP01-DEL09-PR"
386986;2021-10-02;"sábado";"01:20:00";"SP";116;150;"SAO JOSE DOS CAMPOS";"Reação tardia ou ineficiente do condutor";"Colisão com objeto";"Sem Vítimas";"Plena Noite";"Crescente";"Nublado";"Múltipla";"Reta";"Sim";1;0;0;0;1;0;0;1;-23,21335525;-45,8930588;"SPRF-SP";"DEL02-SP";"UOP01-DEL02-SP"
386988;2021-10-01;"sexta-feira";"21:30:00";"PR";153;394,5;"MALLET";"Acumulo de areia ou detritos sobre o pavimento";"Saída de leito carroçável";"Com Vítimas Feridas";"Plena Noite";"Crescente";"Garoa/Chuvisco";"Simples";"Curva;Aclive";"Não";1;0;1;0;0;0;1;1;-25,91286173;-50,84605212;"SPRF-PR";"DEL02-PR";"UOP04-DEL02-PR"
386989;2021-10-02;"sábado";"01:15:00";"GO";153;507;"APARECIDA DE GOIANIA";"Ingestão de álcool pelo condutor";"Colisão traseira";"Sem Vítimas";"Plena Noite";"Crescente";"Céu Claro";"Dupla";"Reta";"Sim";2;0;0;0;2;0;0;2;-16,7715;-49,2387;"SPRF-GO";"DEL01-GO";"UOP03-DEL01-GO"
386994;2021-10-02;"sábado";"01:30:00";"MG";40;527;"CONTAGEM";"Reação tardia ou ineficiente do condutor";"Tombamento";"Com Vítimas Feridas";"Plena Noite";"Decrescente";"Céu Claro";"Simples";"Declive";"Não";1;0;1;0;0;0;1;1;-19,90149502;-44,04938939;"SPRF-MG";"DEL01-MG";"UOP02-DEL01-MG"
386995;2021-10-02;"sábado";"02:10:00";"MG";40;470;"SETE LAGOAS";"Chuva";"Saída de leito carroçável";"Com Vítimas Fatais";"Plena Noite";"Crescente";"Chuva";"Dupla";"Reta";"Sim";6;1;3;2;0;0;5;1;-19,46787403;-44,29555707;"SPRF-MG";"DEL02-MG";"UOP01-DEL02-MG"
386996;2021-10-02;"sábado";"02:30:00";"SC";470;132,6;"RIO DO SUL";"Condutor deixou de manter distância do veículo da frente";"Colisão traseira";"Sem Vítimas";"Plena Noite";"Crescente";"Nublado";"Simples";"Reta";"Não";2;0;0;0;2;0;0;2;-27,170237;-49,574718;"SPRF-SC";"DEL04-SC";"UOP02-DEL04-SC"
386997;2021-09-20;"segunda-feira";"01:15:00";"GO";60;34,8;"GOIANIA";"Ingestão de álcool pelo condutor";"Colisão com objeto";"Sem Vítimas";"Plena Noite";"Decrescente";"Céu Claro";"Dupla";"Reta";"Sim";2;0;0;0;0;2;0;2;-16,71913736;-49,35581315;"SPRF-GO";"DEL01-GO";"UOP02-DEL01-GO"
386999;2021-10-02;"sábado";"03:00:00";"SC";101;331;"TUBARAO";"Ingestão de álcool pelo condutor";"Colisão com objeto";"Sem Vítimas";"Plena Noite";"Decrescente";"Nublado";"Dupla";"Reta";"Sim";1;0;0;0;1;0;0;1;-28,45567521;-48,9812689;"SPRF-SC";"DEL02-SC";"UOP01-DEL02-SC"
387002;2021-10-02;"sábado";"04:20:00";"DF";20;20;"BRASILIA";"Chuva";"Saída de leito carroçável";"Com Vítimas Feridas";"Plena Noite";"Crescente";"Chuva";"Dupla";"Reta";"Não";2;0;1;0;1;0;1;1;-15,607905;-47,692791;"SPRF-DF";"DEL02-DF";"UOP01-DEL02-DF"
387003;2021-10-02;"sábado";"04:20:00";"TO";153;495,2;"PARAISO DO TOCANTINS";"Reação tardia ou ineficiente do condutor";"Saída de leito carroçável";"Com Vítimas Feridas";"Plena Noite";"Decrescente";"Céu Claro";"Dupla";"Reta";"Sim";1;0;1;0;0;0;1;1;-10,16039618;-48,88154257;"SPRF-TO";"DEL01-TO";"UOP01-DEL01-TO"
387006;2021-10-02;"sábado";"03:20:00";"PB";230;13,9;"CABEDELO";"Objeto estático sobre o leito carroçável";"Colisão com objeto";"Sem Vítimas";"Plena Noite";"Crescente";"Céu Claro";"Dupla";"Reta";"Sim";2;0;0;0;2;0;0;2;-7,08911966;-34,84838482;"SPRF-PB";"DEL01-PB";"UOP01-DEL01-PB"
387007;2021-10-02;"sábado";"05:04:00";"TO";153;152;"ARAGUAINA";"Reação tardia ou ineficiente do condutor";"Colisão lateral sentido oposto";"Com Vítimas Feridas";"Amanhecer";"Crescente";"Nublado";"Simples";"Reta";"Não";2;0;1;0;0;1;1;2;-7,26670555;-48,26351877;"SPRF-TO";"DEL02-TO";"UOP01-DEL02-TO"
387008;2021-10-02;"sábado";"04:30:00";"SC";282;506;"XANXERE";"Ingestão de álcool pelo condutor";"Colisão frontal";"Sem Vítimas";"Plena Noite";"Crescente";"Céu Claro";"Dupla";"Reta";"Não";3;0;0;0;2;1;0;2;-26,885712;-52,42907;"SPRF-SC";"DEL07-SC";"UOP01-DEL07-SC"
387009;2021-10-02;"sábado";"04:30:00";"SC";101;322,8;"LAGUNA";"Ingestão de álcool pelo condutor";"Tombamento";"Com Vítimas Feridas";"Plena Noite";"Crescente";"Nublado";"Simples";"Reta";"Não";1;0;1;0;0;0;1;1;-28,42491971;-48,90238108;"SPRF-SC";"DEL02-SC";"UOP01-DEL02-SC"
387010;2021-10-02;"sábado";"05:20:00";"MG";50;69;"UBERLANDIA";"Ausência de reação do condutor";"Colisão traseira";"Com Vítimas Feridas";"Amanhecer";"Decrescente";"Nublado";"Dupla";"Reta;Declive";"Sim";3;0;2;0;0;1;2;2;-18,85140204;-48,25345932;"SPRF-MG";"DEL15-MG";"UOP01-DEL15-MG"
387013;2021-09-23;"quinta-feira";"08:10:00";"PE";232;191,8;"SANHARO";"Acessar a via sem observar a presença dos outros veículos";"Colisão lateral mesmo sentido";"Com Vítimas Feridas";"Pleno dia";"Decrescente";"Céu Claro";"Simples";"Reta";"Não";2;0;0;1;1;0;1;2;-8,35709895;-36,52773;"SPRF-PE";"DEL02-PE";"UOP03-DEL02-PE"
387014;2021-10-02;"sábado";"05:00:00";"RS";158;563,6;"SANTANA DO LIVRAMENTO";"Ausência de reação do condutor";"Saída de leito carroçável";"Sem Vítimas";"Plena Noite";"Decrescente";"Céu Claro";"Simples";"Curva";"Sim";3;0;0;0;1;2;0;2;-30,8547642;-55,4965204;"SPRF-RS";"DEL11-RS";"UOP01-DEL11-RS"
387015;2021-10-02;"sábado";"05:10:00";"PR";476;127;"CURITIBA";"Ausência de reação do condutor";"Colisão com objeto";"Sem Vítimas";"Amanhecer";"Decrescente";"Céu Claro";"Múltipla";"Curva";"Sim";1;0;0;0;0;1;0;1;-25,425167;-49,227158;"SPRF-PR";"DEL01-PR";"UOP03-DEL01-PR"
387017;2021-10-02;"sábado";"04:00:00";"SC";470;169,3;"POUSO REDONDO";"Ingestão de álcool pelo condutor";"Colisão frontal";"Sem Vítimas";"Plena Noite";"Decrescente";"Nublado";"Simples";"Reta";"Não";2;0;0;0;1;1;0;2;-27,265471;-49,882442;"SPRF-SC";"DEL04-SC";"UOP02-DEL04-SC"
387018;2021-10-02;"sábado";"05:55:00";"ES";101;287,8;"CARIACICA";"Reação tardia ou ineficiente do condutor";"Colisão com objeto";"Com Vítimas Feridas";"Amanhecer";"Crescente";"Céu Claro";"Dupla";"Curva";"Sim";1;0;0;1;0;0;1;1;-20,26493528;-40,38471702;"SPRF-ES";"DEL01-ES";"UOP01-DEL01-ES"