"id";"data_inversa";"dia_semana";"horario";"uf";"br";"km";"municipio";"causa_acidente";"tipo_acidente";"classificacao_acidente";"fase_dia";"sentido_via";"condicao_metereologica";"tipo_pista";"tracado_via";"uso_solo";"pessoas";"mortos";"feridos_leves";"feridos_graves";"ilesos";"ignorados";"feridos";"veiculos";"latitude";"longitude";"regional";"delegacia";"uop"
387019;2021-10-02;"sábado";"04:40:00";"RN";406;138,2;"TAIPU";"Animais na Pista";"Atropelamento de Animal";"Com Vítimas Feridas";"Amanhecer";"Crescente";"Céu Claro";"Simples";"Reta";"Sim";1;0;1;0;0;0;1;1;-5,65361521;-35,53955498;"SPRF-RN";"DEL02-RN";"UOP01-DEL02-RN"
387020;2021-10-02;"sábado";"04:30:00";"RN";406;103,2;"JOAO CAMARA";"Transitar na contramão";"Colisão frontal";"Com Vítimas Feridas";"Amanhecer";"Crescente";"Céu Claro";"Simples";"Reta";"Sim";2;0;1;1;0;0;2;2;-5,53714888;-35,81373986;"SPRF-RN";"DEL02-RN";"UOP01-DEL02-RN"
387022;2021-10-02;"sábado";"01:20:00";"SC";470;67;"INDAIAL";"Ingestão de álcool pelo condutor";"Saída de leito carroçável";"Com Vítimas Feridas";"Plena Noite";"Decrescente";"Nublado";"Simples";"Curva";"Sim";3;0;3;0;0;0;3;1;-26,872158;-49,23127;"SPRF-SC";"DEL04-SC";"UOP01-DEL04-SC"
387027;2021-10-02;"sábado";"05:20:00";"MG";40;550;"NOVA LIMA";"Curva acentuada";"Saída de leito carroçável";"Com Vítimas Feridas";"Plena Noite";"Decrescente";"Chuva";"Dupla";"Reta";"Não";4;0;2;1;1;0;3;1;-20,0477638;-43,96439441;"SPRF-MG";"DEL01-MG";"UOP02-DEL01-MG"
387029;2021-10-02;"sábado";"05:45:00";"SP";116;128;"CACAPAVA";"Reação tardia ou ineficiente do condutor";"Atropelamento de Pedestre";"Com Vítimas Feridas";"Pleno dia";"Decrescente";"Céu Claro";"Dupla";"Reta";"Não";2;0;1;0;0;1;1;2;-23,11454664;-45,71105567;"SPRF-SP";"DEL02-SP";"UOP02-DEL02-SP"
387030;2021-10-02;"sábado";"04:10:00";"SC";101;114,7;"ITAJAI";"Ausência de reação do condutor";"Saída de leito carroçável";"Sem Vítimas";"Amanhecer";"Crescente";"Céu Claro";"Dupla";"Reta";"Não";1;0;0;0;0;1;0;1;-26,86192886;-48,7286704;"SPRF-SC";"DEL04-SC";"UOP04-DEL04-SC"
387031;2021-10-02;"sábado";"07:10:00";"CE";222;9,4;"CAUCAIA";"Avarias e/ou desgaste excessivo no pneu";"Tombamento";"Com Vítimas Feridas";"Pleno dia";"Crescente";"Céu Claro";"Dupla";"Reta;Interseção de Vias";"Sim";2;0;2;0;0;0;2;1;-3,75774612;-38,64611294;"SPRF-CE";"DEL01-CE";"UOP01-DEL01-CE"
387032;2021-10-02;"sábado";"06:30:00";"GO";60;95;"ANAPOLIS";"Ausência de reação do condutor";"Saída de leito carroçável";"Sem Vítimas";"Pleno dia";"Crescente";"Céu Claro";"Dupla";"Reta";"Sim";3;0;0;0;2;1;0;1;-16,3679;-48,939;"SPRF-GO";"DEL02-GO";"UOP01-DEL02-GO"
387033;2021-10-02;"sábado";"07:20:00";"RS";116;263,5;"CANOAS";"Condutor Dormindo";"Colisão com objeto";"Com Vítimas Feridas";"Pleno dia";"Decrescente";"Céu Claro";"Dupla";"Reta";"Sim";1;0;1;0;0;0;1;1;-29,90545398;-51,17674031;"SPRF-RS";"DEL01-RS";"UOP01-DEL01-RS"
387034;2021-10-02;"sábado";"06:45:00";"GO";60;95;"ANAPOLIS";"Condutor deixou de manter distância do veículo da frente";"Colisão com objeto";"Com Vítimas Feridas";"Pleno dia";"Decrescente";"Céu Claro";"Dupla";"Reta";"Sim";1;0;1;0;0;0;1;1;-16,3679;-48,939;"SPRF-GO";"DEL02-GO";"UOP01-DEL02-GO"
387037;2021-10-02;"sábado";"05:30:00";"RS";290;168,9;"BUTIA";"Transitar na contramão";"Colisão frontal";"Com Vítimas Fatais";"Plena Noite";"Crescente";"Céu Claro";"Simples";"Reta";"Não";8;1;5;0;1;1;5;3;-30,123857;-51,889362;"SPRF-RS";"DEL02-RS";"UOP03-DEL02-RS"
387038;2021-10-02;"sábado";"08:45:00";"MG";381;651,5;"SANTO ANTONIO DO AMPARO";"Reação tardia ou ineficiente do condutor";"Colisão com objeto";"Com Vítimas Feridas";"Pleno dia";"Crescente";"Céu Claro";"Dupla";"Curva";"Não";1;0;1;0;0;0;1;1;-20,95948531;-44,92227535;"SPRF-MG";"DEL04-MG";"UOP02-DEL04-MG"
387040;2021-10-02;"sábado";"05:40:00";"AC";364;96;"SENADOR GUIOMARD";"Ausência de reação do condutor";"Saída de leito carroçável";"Com Vítimas Feridas";"Pleno dia";"Crescente";"Céu Claro";"Simples";"Reta";"Não";1;0;0;1;0;0;1;1;-10,07264149;-67,55862413;"SPRF-AC";"DEL01-AC";"UOP01-DEL01-AC"
387041;2021-10-02;"sábado";"01:20:00";"SE";101;114,9;"ITAPORANGA DAJUDA";"Velocidade Incompatível";"Saída de leito carroçável";"Com Vítimas Feridas";"Plena Noite";"Decrescente";"Céu Claro";"Dupla";"Retorno Regulamentado";"Sim";1;0;1;0;0;0;1;1;-10,997623;-37,302944;"SPRF-SE";"DEL02-SE";"UOP01-DEL02-SE"
387042;2021-10-02;"sábado";"09:30:00";"ES";101;143,2;"LINHARES";"Velocidade Incompatível";"Colisão traseira";"Com Vítimas Feridas";"Pleno dia";"Crescente";"Céu Claro";"Múltipla";"Reta";"Sim";5;0;3;1;1;0;4;2;-19,34286596;-40,0638568;"SPRF-ES";"DEL04-ES";"UOP01-DEL04-ES"
387043;2021-10-02;"sábado";"01:00:00";"PA";10;306,1;"IRITUIA";"Avarias e/ou desgaste excessivo no pneu";"Saída de leito carroçável";"Com Vítimas Feridas";"Plena Noite";"Decrescente";"Ignorado";"Simples";"Reta";"Não";2;0;0;2;0;0;2;1;-1,75691395;-47,5039093;"SPRF-PA";"DEL02-PA";"UOP01-DEL02-PA"
387044;2021-10-02;"sábado";"08:40:00";"PA";10;317;"IRITUIA";"Pedestre andava na pista";"Atropelamento de Pedestre";"Com Vítimas Feridas";"Pleno dia";"Crescente";"Céu Claro";"Simples";"Reta";"Não";2;0;0;1;0;1;1;2;-1,65914611;-47,49362371;"SPRF-PA";"DEL01-PA";"UOP02-DEL01-PA"
387045;2021-09-17;"sexta-feira";"13:40:00";"PR";163;285;"MARECHAL CANDIDO RONDON";"Acessar a via sem observar a presença dos outros veículos";"Colisão transversal";"Com Vítimas Feridas";"Pleno dia";"Crescente";"Sol";"Simples";"Reta";"Não";3;0;1;1;1;0;2;2;-24,568102;-54,034168;"SPRF-PR";"DEL06-PR";"UOP02-DEL06-PR"
387046;2021-09-08;"quarta-feira";"16:50:00";"MA";230;390;"BALSAS";"Velocidade Incompatível";"Colisão traseira";"Com Vítimas Feridas";"Anoitecer";"Decrescente";"Céu Claro";"Simples";"Reta";"Não";2;0;0;1;1;0;1;2;-7,40899908;-45,99140784;"SPRF-MA";"DEL05-MA";"UOP01-DEL05-MA"
387047;2021-10-02;"sábado";"04:30:00";"RO";319;33;"PORTO VELHO";"Ausência de reação do condutor";"Saída de leito carroçável";"Com Vítimas Feridas";"Plena Noite";"Crescente";"Céu Claro";"Simples";"Reta";"Não";2;0;2;0;0;0;2;1;-8,097028;-63,64592;"SPRF-RO";"DEL01-RO";"UOP01-DEL01-RO"
387050;2021-10-02;"sábado";"08:55:00";"GO";20;96;"VILA BOA";"Acessar a via sem observar a presença dos outros veículos";"Colisão transversal";"Com Vítimas Feridas";"Pleno dia";"Crescente";"Céu Claro";"Simples";"Reta";"Não";6;0;4;0;2;0;4;2;-14,975515;-47,014931;"SPRF-DF";"DEL02-DF";"UOP01-DEL02-DF"
387051;2021-10-02;"sábado";"09:37:00";"PR";376;679;"GUARATUBA";"Avarias e/ou desgaste excessivo no pneu";"Saída de leito carroçável";"Com Vítimas Feridas";"Pleno dia";"Crescente";"Chuva";"Dupla";"Curva";"Não";1;0;1;0;0;0;1;1;-25,95050276;-48,90514477;"SPRF-PR";"DEL01-PR";"UOP04-DEL01-PR"
387052;2021-10-02;"sábado";"10:10:00";"DF";60;2,8;"BRASILIA";"Manobra de mudança de faixa";"Colisão lateral mesmo sentido";"Com Vítimas Feridas";"Pleno dia";"Crescente";"Céu Claro";"Dupla";"Reta";"Sim";3;0;1;0;2;0;1;2;-15,887383;-48,077988;"SPRF-DF";"DEL03-DF";"UOP01-DEL03-DF"
387053;2021-10-02;"sábado";"08:00:00";"RJ";40;119;"DUQUE DE CAXIAS";"Demais falhas mecânicas ou elétricas";"Engavetamento";"Com Vítimas Feridas";"Pleno dia";"Crescente";"Céu Claro";"Múltipla";"Reta";"Sim";4;0;2;0;2;0;2;3;-22,76375592;-43,28683062;"SPRF-RJ";"DEL01-RJ";"UOP01-DEL01-RJ"
387057;2021-10-02;"sábado";"07:45:00";"BA";101;162;"CONCEICAO DO JACUIPE";"Acessar a via sem observar a presença dos outros veículos";"Colisão traseira";"Com Vítimas Fatais";"Pleno dia";"Crescente";"Céu Claro";"Dupla";"Reta";"Não";4;1;0;1;2;0;1;2;-12,35490534;-38,78990293;"SPRF-BA";"DEL01-BA";"UOP03-DEL01-BA"
387059;2021-10-02;"sábado";"09:50:00";"AM";174;908;"MANAUS";"Demais falhas mecânicas ou elétricas";"Queda de ocupante de veículo";"Com Vítimas Feridas";"Pleno dia";"Crescente";"Céu Claro";"Simples";"Declive";"Não";2;0;1;1;0;0;2;1;-2,76133098;-60,03711178;"SPRF-AM";"DEL01-AM";"UOP01-DEL01-AM"
387060;2021-10-02;"sábado";"11:00:00";"SC";101;340;"TUBARAO";"Ingestão de álcool pelo condutor";"Colisão traseira";"Com Vítimas Feridas";"Pleno dia";"Decrescente";"Nublado";"Dupla";"Reta";"Sim";4;0;2;0;0;2;2;3;-28,51202037;-49,05132343;"SPRF-SC";"DEL02-SC";"UOP01-DEL02-SC"
387061;2021-10-02;"sábado";"11:07:00";"ES";101;166;"LINHARES";"Ultrapassagem Indevida";"Colisão lateral sentido oposto";"Com Vítimas Feridas";"Pleno dia";"Crescente";"Céu Claro";"Simples";"Curva";"Sim";2;0;0;1;1;0;1;2;-19,52077663;-40,14566638;"SPRF-ES";"DEL04-ES";"UOP01-DEL04-ES"
387063;2021-10-02;"sábado";"11:10:00";"BA";110;340;"ALAGOINHAS";"Acessar a via sem observar a presença dos outros veículos";"Colisão transversal";"Com Vítimas Feridas";"Pleno dia";"Crescente";"Céu Claro";"Simples";"Rotatória";"Sim";3;0;2;0;1;0;2;2;-12,16305613;-38,41528784;"SPRF-BA";"DEL01-BA";"UOP04-DEL01-BA"
387066;2021-10-02;"sábado";"11:45:00";"RS";116;152,8;"CAXIAS DO SUL";"Manobra de mudança de faixa";"Colisão traseira";"Com Vítimas Feridas";"Pleno dia";"Crescente";"Céu Claro";"Simples";"Reta";"Sim";2;0;1;0;1;0;1;2;-29,1829343;-51,16801501;"SPRF-RS";"DEL05-RS";"UOP01-DEL05-RS"
387067;2021-09-08;"quarta-feira";"21:30:00";"MS";262;321,4;"CAMPO GRANDE";"Demais falhas na via";"Colisão com objeto";"Sem Vítimas";"Plena Noite";"Crescente";"Céu Claro";"Simples";"Declive";"Não";2;0;0;0;2;0;0;1;-20,47049484;-54,46775799;"SPRF-MS";"DEL01-MS";"UOP01-DEL01-MS"
387069;2021-08-19;"quinta-feira";"13:30:00";"RS";116;245,3;"SAO LEOPOLDO";"Desrespeitar a preferência no cruzamento";"Colisão transversal";"Com Vítimas Feridas";"Pleno dia";"Crescente";"Céu Claro";"Múltipla";"Reta";"Sim";2;0;1;0;1;0;1;2;-29,74980902;-51,15125361;"SPRF-RS";"DEL01-RS";"UOP02-DEL01-RS"
387071;2021-10-02;"sábado";"12:00:00";"GO";158;268;"JATAI";"Acessar a via sem observar a presença dos outros veículos";"Colisão transversal";"Com Vítimas Feridas";"Pleno dia";"Decrescente";"Céu Claro";"Dupla";"Curva";"Sim";4;0;1;0;3;0;1;2;-17,846279;-51,736469;"SPRF-GO";"DEL05-GO";"UOP01-DEL05-GO"
387072;2021-10-02;"sábado";"11:10:00";"PE";407;115,6;"PETROLINA";"Acessar a via sem observar a presença dos outros veículos";"Colisão transversal";"Com Vítimas Feridas";"Pleno dia";"Crescente";"Céu Claro";"Simples";"Interseção de Vias";"Não";2;0;0;1;0;1;1;2;-9,2990308;-40,58250065;"SPRF-PE";"DEL06-PE";"UOP02-DEL06-PE"
387074;2021-10-02;"sábado";"11:00:00";"MA";135;36;"BACABEIRA";"Pista Escorregadia";"Saída de leito carroçável";"Com Vítimas Feridas";"Pleno dia";"Decrescente";"Céu Claro";"Dupla";"Reta";"Não";3;0;1;1;1;0;2;1;-2,858091;-44,374744;"SPRF-MA";"DEL01-MA";"UOP01-DEL01-MA"
387076;2021-10-02;"sábado";"12:10:00";"SC";101;208;"SAO JOSE";"Manobra de mudança de faixa";"Colisão lateral mesmo sentido";"Com Vítimas Feridas";"Pleno dia";"Crescente";"Céu Claro";"Dupla";"Reta";"Sim";2;0;1;0;1;0;1;2;-27,60327979;-48,63201818;"SPRF-SC";"DEL01-SC";"UOP01-DEL01-SC"
387078;2021-08-16;"segunda-feira";"06:00:00";"RO";364;697;"PORTO VELHO";"Demais falhas mecânicas ou elétricas";"Colisão com objeto";"Com Vítimas Feridas";"Amanhecer";"Crescente";"Céu Claro";"Dupla";"Reta";"Não";33;0;23;9;1;0;32;1;-8,80246;-63,745576;"SPRF-RO";"DEL01-RO";"UOP01-DEL01-RO"
387079;2021-10-02;"sábado";"11:00:00";"PE";101;71;"RECIFE";"Velocidade Incompatível";"Tombamento";"Com Vítimas Feridas";"Pleno dia";"Crescente";"Céu Claro";"Simples";"Curva";"Não";2;0;1;1;0;0;2;1;-8,07663102;-34,94277871;"SPRF-PE";"DEL01-PE";"UOP01-DEL01-PE"
387080;2021-10-02;"sábado";"13:00:00";"SC";101;216,8;"PALHOCA";"Pista Escorregadia";"Tombamento";"Com Vítimas Feridas";"Pleno dia";"Decrescente";"Nublado";"Múltipla";"Reta";"Sim";1;0;0;1;0;0;1;1;-27,66636851;-48,67426157;"SPRF-SC";"DEL01-SC";"UOP02-DEL01-SC"
387082;2021-10-02;"sábado";"11:50:00";"PB";230;150,9;"CAMPINA GRANDE";"Reação tardia ou ineficiente do condutor";"Tombamento";"Com Vítimas Feridas";"Pleno dia";"Crescente";"Sol";"Simples";"Reta";"Não";1;0;0;1;0;0;1;1;-7,2515;-35,8724;"SPRF-PB";"DEL02-PB";"UOP01-DEL02-PB"
387084;2021-10-02;"sábado";"12:30:00";"BA";110;10,5;"PAULO AFONSO";"Ingestão de álcool pelo condutor";"Colisão traseira";"Com Vítimas Feridas";"Pleno dia";"Crescente";"Céu Claro";"Simples";"Reta";"Sim";2;0;0;1;0;1;1;2;-9,5409718;-38,2205516;"SPRF-BA";"DEL07-BA";"UOP01-DEL07-BA"
387085;2021-10-02;"sábado";"11:45:00";"SC";470;57;"BLUMENAU";"Ultrapassagem Indevida";"Colisão transversal";"Com Vítimas Feridas";"Pleno dia";"Crescente";"Céu Claro";"Simples";"Reta";"Não";4;0;1;1;2;0;2;2;-26,880428;-49,136532;"SPRF-SC";"DEL04-SC";"UOP01-DEL04-SC"
387087;2021-10-02;"sábado";"13:55:00";"ES";101;24,9;"PINHEIROS";"Acessar a via sem observar a presença dos outros veículos";"Colisão traseira";"Com Vítimas Feridas";"Pleno dia";"Crescente";"Céu Claro";"Simples";"Reta";"Não";3;0;2;0;1;0;2;2;-18,3592689;-39,95388073;"SPRF-ES";"DEL04-ES";"UOP02-DEL04-ES"
387088;2021-10-02;"sábado";"13:30:00";"RS";470;214;"BENTO GONCALVES";"Velocidade Incompatível";"Saída de leito carroçável";"Com Vítimas Feridas";"Pleno dia";"Decrescente";"Céu Claro";"Simples";"Curva";"Não";2;0;1;0;0;1;1;2;-29,14408811;-51,53555411;"SPRF-RS";"DEL06-RS";"UOP01-DEL06-RS"
387091;2021-10-02;"sábado";"14:00:00";"PB";230;20;"JOAO PESSOA";"Reação tardia ou ineficiente do condutor";"Tombamento";"Com Vítimas Feridas";"Pleno dia";"Crescente";"Céu Claro";"Múltipla";"Reta";"Sim";1;0;0;1;0;0;1;1;-7,1337;-34,8544;"SPRF-PB";"DEL01-PB";"UOP01-DEL01-PB"
387092;2021-10-02;"sábado";"11:30:00";"MG";262;483,5;"BOM DESPACHO";"Pedestre cruzava a pista fora da faixa";"Atropelamento de Pedestre";"Com Vítimas Feridas";"Pleno dia";"Crescente";"Sol";"Simples";"Reta";"Não";2;0;1;0;1;0;1;2;-19,78475619;-45,27534199;"SPRF-MG";"DEL08-MG";"UOP03-DEL08-MG"
387094;2021-10-02;"sábado";"14:24:00";"GO";70;10,3;"AGUAS LINDAS DE GOIAS";"Manobra de mudança de faixa";"Colisão lateral mesmo sentido";"Com Vítimas Feridas";"Pleno dia";"Decrescente";"Nublado";"Dupla";"Aclive;Reta";"Sim";4;0;1;1;0;2;2;3;-15,73800162;-48,29510987;"SPRF-DF";"DEL03-DF";"UOP02-DEL03-DF"
387096;2021-10-02;"sábado";"14:00:00";"PI";316;21,5;"TERESINA";"Condutor deixou de manter distância do veículo da frente";"Engavetamento";"Com Vítimas Feridas";"Pleno dia";"Decrescente";"Sol";"Simples";"Reta";"Não";3;0;2;0;1;0;2;3;-5,279115;-42,724642;"SPRF-PI";"DEL01-PI";"UOP02-DEL01-PI"
387097;2021-08-27;"sexta-feira";"18:20:00";"SP";153;72,3;"SAO JOSE DO RIO PRETO";"Ausência de reação do condutor";"Colisão traseira";"Com Vítimas Feridas";"Plena Noite";"Decrescente";"Céu Claro";"Dupla";"Reta";"Sim";2;0;1;0;1;0;1;2;-20,86715501;-49,41334398;"SPRF-SP";"DEL09-SP";"UOP01-DEL09-SP"
387098;2021-10-02;"sábado";"13:30:00";"RO";319;62;"PORTO VELHO";"Condutor desrespeitou a iluminação vermelha do semáforo";"Colisão transversal";"Com Vítimas Feridas";"Pleno dia";"Decrescente";"Sol";"Dupla";"Reta";"Sim";3;0;2;0;1;0;2;3;-8,766685;-63,884052;"SPRF-RO";"DEL01-RO";"UOP01-DEL01-RO"
387099;2021-10-02;"sábado";"14:10:00";"RS";470;199;"BENTO GONCALVES";"Velocidade Incompatível";"Saída de leito carroçável";"Com Vítimas Feridas";"Pleno dia";"Crescente";"Céu Claro";"Simples";"Curva";"Não";3;0;1;0;0;2;1;2;-29,067986;-51,5817976;"SPRF-RS";"DEL06-RS";"UOP02-DEL06-RS"
387100;2021-10-02;"sábado";"15:00:00";"RN";110;51,1;"MOSSORO";"Ausência de reação do condutor";"Colisão lateral mesmo sentido";"Com Vítimas Feridas";"Pleno dia";"Crescente";"Sol";"Simples";"Reta";"Sim";2;0;1;0;0;1;1;2;-5,22684393;-37,33197037;"SPRF-RN";"DEL04-RN";"UOP01-DEL04-RN"
387103;2021-10-02;"sábado";"11:48:00";"MG";116;179,7;"PADRE PARAISO";"Desrespeitar a preferência no cruzamento";"Tombamento";"Com Vítimas Feridas";"Pleno dia";"Crescente";"Céu Claro";"Dupla";"Interseção de Vias";"Não";2;0;0;1;1;0;1;2;-17,06915966;-41,48285335;"SPRF-MG";"DEL11-MG";"UOP01-DEL11-MG"
387104;2021-10-02;"sábado";"14:45:00";"MT";158;770;"BARRA DO GARCAS";"Ingestão de álcool pelo condutor";"Colisão lateral mesmo sentido";"Sem Vítimas";"Pleno dia";"Crescente";"Sol";"Simples";"Reta";"Não";5;0;0;0;5;0;0;2;-15,66989879;-52,21339327;"SPRF-MT";"DEL07-MT";"UOP01-DEL07-MT"
387105;2021-10-02;"sábado";"06:10:00";"MA";135;109,8;"ITAPECURU MIRIM";"Reação tardia ou ineficiente do condutor";"Colisão frontal";"Com Vítimas Feridas";"Pleno dia";"Crescente";"Céu Claro";"Simples";"Reta";"Não";2;0;2;0;0;0;2;2;-3,42671872;-44,51781548;"SPRF-MA";"DEL01-MA";"UOP02-DEL01-MA"
387106;2021-10-02;"sábado";"14:40:00";"PE";101;70;"RECIFE";"Desrespeitar a preferência no cruzamento";"Colisão transversal";"Com Vítimas Feridas";"Pleno dia";"Crescente";"Sol";"Múltipla";"Reta";"Sim";3;0;2;0;0;1;2;2;-8,06776119;-34,94265074;"SPRF-PE";"DEL01-PE";"UOP01-DEL01-PE"
387110;2021-10-02;"sábado";"15:50:00";"RS";392;101;"MORRO REDONDO";"Mal súbito do condutor";"Saída de leito carroçável";"Com Vítimas Feridas";"Pleno dia";"Decrescente";"Céu Claro";"Simples";"Declive";"Não";1;0;1;0;0;0;1;1;-31,53006815;-52,58461814;"SPRF-RS";"DEL07-RS";"UOP01-DEL07-RS"
387112;2021-10-02;"sábado";"12:40:00";"RR";174;500;"BOA VISTA";"Retorno proibido";"Colisão transversal";"Com Vítimas Fatais";"Pleno dia";"Decrescente";"Céu Claro";"Dupla";"Interseção de Vias";"Sim";2;1;0;0;1;0;0;2;2,787376;-60,699524;"SPRF-RR";"DEL01-RR";"UOP01-DEL01-RR"
387113;2021-10-02;"sábado";"15:35:00";"MG";381;454,5;"BELO HORIZONTE";"Transitar no acostamento";"Colisão lateral mesmo sentido";"Com Vítimas Feridas";"Pleno dia";"Decrescente";"Céu Claro";"Simples";"Reta";"Sim";3;0;2;0;1;0;2;2;-19,85593827;-43,89662047;"SPRF-MG";"DEL01-MG";"UOP01-DEL01-MG"
387115;2021-10-02;"sábado";"06:30:00";"GO";20;5;"FORMOSA";"Velocidade Incompatível";"Saída de leito carroçável";"Com Vítimas Feridas";"Pleno dia";"Crescente";"Chuva";"Simples";"Curva";"Sim";1;0;1;0;0;0;1;1;-15,555275;-47,306908;"SPRF-DF";"DEL02-DF";"UOP01-DEL02-DF"
387123;2021-10-02;"sábado";"15:20:00";"GO";70;28,6;"COCALZINHO DE GOIAS";"Manobra de mudança de faixa";"Colisão lateral mesmo sentido";"Com Vítimas Feridas";"Pleno dia";"Decrescente";"Nublado";"Múltipla";"Aclive;Reta";"Não";3;0;1;0;0;2;1;3;-15,75773042;-48,43646123;"SPRF-DF";"DEL03-DF";"UOP02-DEL03-DF"
387124;2021-10-02;"sábado";"14:55:00";"MS";267;139,7;"NOVA ANDRADINA";"Ausência de reação do condutor";"Saída de leito carroçável";"Com Vítimas Feridas";"Pleno dia";"Decrescente";"Nublado";"Simples";"Reta";"Não";1;0;1;0;0;0;1;1;-21,686001;-53,389944;"SPRF-MS";"DEL02-MS";"UOP03-DEL02-MS"
387125;2021-10-02;"sábado";"17:00:00";"PI";343;8;"PARNAIBA";"Desrespeitar a preferência no cruzamento";"Colisão transversal";"Com Vítimas Feridas";"Pleno dia";"Decrescente";"Céu Claro";"Simples";"Interseção de Vias";"Sim";2;0;1;0;1;0;1;2;-2,899382;-41,723724;"SPRF-PI";"DEL05-PI";"UOP01-DEL05-PI"
387126;2021-10-02;"sábado";"15:30:00";"SC";101;136,9;"BALNEARIO CAMBORIU";"Ingestão de álcool pelo condutor";"Colisão traseira";"Com Vítimas Feridas";"Pleno dia";"Decrescente";"Céu Claro";"Dupla";"Reta";"Não";2;0;1;0;1;0;1;2;-27,008113;-48,617245;"SPRF-SC";"DEL04-SC";"UOP03-DEL04-SC"
387127;2021-10-02;"sábado";"13:00:00";"PE";101;65;"RECIFE";"Entrada inopinada do pedestre";"Atropelamento de Pedestre";"Sem Vítimas";"Pleno dia";"Decrescente";"Sol";"Múltipla";"Reta";"Sim";2;0;0;0;1;1;0;2;-8,02478597;-34,94276635;"SPRF-PE";"DEL01-PE";"UOP01-DEL01-PE"
387129;2021-10-02;"sábado";"17:35:00";"MG";40;568,5;"NOVA LIMA";"Reação tardia ou ineficiente do condutor";"Saída de leito carroçável";"Com Vítimas Feridas";"Pleno dia";"Crescente";"Céu Claro";"Simples";"Reta";"Não";1;0;1;0;0;0;1;1;-20,19509609;-43,97360482;"SPRF-MG";"DEL01-MG";"UOP02-DEL01-MG"
387130;2021-10-02;"sábado";"17:30:00";"GO";40;2;"VALPARAISO DE GOIAS";"Condutor deixou de manter distância do veículo da frente";"Colisão traseira";"Sem Vítimas";"Pleno dia";"Crescente";"Céu Claro";"Dupla";"Reta";"Sim";2;0;0;0;2;0;0;2;-16,06998787;-47,98484266;"SPRF-DF";"DEL01-DF";"UOP01-DEL01-DF"
387131;2021-10-02;"sábado";"14:30:00";"RS";116;206,8;"PICADA CAFE";"Velocidade Incompatível";"Colisão frontal";"Com Vítimas Feridas";"Pleno dia";"Decrescente";"Céu Claro";"Simples";"Curva";"Não";2;0;1;0;1;0;1;2;-29,49966726;-51,1306017;"SPRF-RS";"DEL05-RS";"UOP02-DEL05-RS"
387134;2021-10-02;"sábado";"17:20:00";"RJ";40;84;"PETROPOLIS";"Acumulo de óleo sobre o pavimento";"Saída de leito carroçável";"Com Vítimas Feridas";"Anoitecer";"Crescente";"Nublado";"Dupla";"Túnel";"Sim";1;0;1;0;0;0;1;1;-22,52145512;-43,23707996;"SPRF-RJ";"DEL06-RJ";"UOP01-DEL06-RJ"
387136;2021-10-02;"sábado";"16:00:00";"PB";412;74,3;"SERRA BRANCA";"Acessar a via sem observar a presença dos outros veículos";"Colisão transversal";"Com Vítimas Feridas";"Pleno dia";"Crescente";"Céu Claro";"Simples";"Interseção de Vias";"Sim";2;0;1;1;0;0;2;2;-7,489012;-36,650635;"SPRF-PB";"DEL02-PB";"UOP02-DEL02-PB"
387138;2021-10-02;"sábado";"18:10:00";"PB";230;11;"CABEDELO";"Manobra de mudança de faixa";"Colisão traseira";"Com Vítimas Feridas";"Plena Noite";"Decrescente";"Ignorado";"Dupla";"Reta;Retorno Regulamentado";"Sim";2;0;1;0;1;0;1;2;-7,0729717;-34,84951135;"SPRF-PB";"DEL01-PB";"UOP01-DEL01-PB"
387141;2021-10-02;"sábado";"18:03:00";"PI";316;6,9;"TERESINA";"Acessar a via sem observar a presença dos outros veículos";"Colisão lateral mesmo sentido";"Com Vítimas Feridas";"Anoitecer";"Crescente";"Céu Claro";"Simples";"Reta";"Sim";2;0;2;0;0;0;2;2;-5,14702095;-42,77438982;"SPRF-PI";"DEL01-PI";"UOP02-DEL01-PI"
387142;2021-09-20;"segunda-feira";"07:35:00";"MS";267;27;"BATAGUASSU";"Reação tardia ou ineficiente do condutor";"Saída de leito carroçável";"Com Vítimas Feridas";"Pleno dia";"Crescente";"Céu Claro";"Simples";"Reta";"Não";2;0;1;0;1;0;1;1;-21,72211935;-52,40397292;"SPRF-MS";"DEL02-MS";"UOP04-DEL02-MS"
387143;2021-10-02;"sábado";"13:00:00";"RJ";493;66;"DUQUE DE CAXIAS";"Reação tardia ou ineficiente do condutor";"Capotamento";"Com Vítimas Fatais";"Pleno dia";"Crescente";"Céu Claro";"Dupla";"Reta";"Não";2;1;0;0;1;0;0;1;-22,672089;-43,285053;"SPRF-RJ";"DEL01-RJ";"UOP03-DEL01-RJ"
387145;2021-09-21;"terça-feira";"20:00:00";"SC";101;213,2;"PALHOCA";"Ausência de sinalização";"Colisão transversal";"Com Vítimas Feridas";"Plena Noite";"Decrescente";"Nublado";"Dupla";"Interseção de Vias";"Sim";3;0;0;1;2;0;1;3;-27,63961557;-48,66667132;"SPRF-SC";"DEL01-SC";"UOP02-DEL01-SC"
387146;2021-10-02;"sábado";"19:10:00";"CE";222;6,3;"CAUCAIA";"Acostamento em desnível";"Saída de leito carroçável";"Com Vítimas Feridas";"Plena Noite";"Decrescente";"Céu Claro";"Dupla";"Reta";"Sim";3;0;2;1;0;0;3;1;-3,74539216;-38,62188041;"SPRF-CE";"DEL01-CE";"UOP01-DEL01-CE"