"id";"data_inversa";"dia_semana";"horario";"uf";"br";"km";"municipio";"causa_acidente";"tipo_acidente";"classificacao_acidente";"fase_dia";"sentido_via";"condicao_metereologica";"tipo_pista";"tracado_via";"uso_solo";"pessoas";"mortos";"feridos_leves";"feridos_graves";"ilesos";"ignorados";"feridos";"veiculos";"latitude";"longitude";"regional";"delegacia";"uop"
387147;2021-10-02;"sábado";"18:00:00";"RJ";116;144;"DUQUE DE CAXIAS";"Reação tardia ou ineficiente do condutor";"Colisão traseira";"Com Vítimas Feridas";"Plena Noite";"Decrescente";"Céu Claro";"Múltipla";"Reta";"Sim";5;0;2;1;1;1;3;3;-22,67177845;-43,27951312;"SPRF-RJ";"DEL01-RJ";"UOP01-DEL01-RJ"
387148;2021-10-02;"sábado";"19:17:00";"PR";369;200;"APUCARANA";"Pedestre cruzava a pista fora da faixa";"Atropelamento de Pedestre";"Com Vítimas Feridas";"Plena Noite";"Decrescente";"Chuva";"Simples";"Reta";"Sim";2;0;1;0;1;0;1;2;-23,53723537;-51,45721436;"SPRF-PR";"DEL07-PR";"UOP02-DEL07-PR"
387149;2021-10-02;"sábado";"15:40:00";"RO";364;581,6;"ITAPUA DO OESTE";"Ausência de reação do condutor";"Saída de leito carroçável";"Com Vítimas Feridas";"Pleno dia";"Decrescente";"Céu Claro";"Simples";"Reta";"Não";3;0;2;0;1;0;2;1;-9,38883503;-63,12870112;"SPRF-RO";"DEL01-RO";"UOP04-DEL01-RO"
387150;2021-10-02;"sábado";"17:55:00";"SC";480;128,9;"CHAPECO";"Manobra de mudança de faixa";"Saída de leito carroçável";"Sem Vítimas";"Anoitecer";"Crescente";"Céu Claro";"Dupla";"Reta";"Sim";3;0;0;0;3;0;0;1;-27,03781899;-52,63432603;"SPRF-SC";"DEL07-SC";"UOP01-DEL07-SC"
387151;2021-10-02;"sábado";"14:50:00";"BA";110;76,8;"JEREMOABO";"Transitar na contramão";"Colisão frontal";"Com Vítimas Feridas";"Pleno dia";"Crescente";"Céu Claro";"Simples";"Curva";"Sim";2;0;0;1;0;1;1;2;-10,08041786;-38,33794811;"SPRF-BA";"DEL07-BA";"UOP01-DEL07-BA"
387152;2021-10-02;"sábado";"19:05:00";"PB";230;143,7;"CAMPINA GRANDE";"Animais na Pista";"Atropelamento de Animal";"Com Vítimas Feridas";"Plena Noite";"Crescente";"Nublado";"Dupla";"Reta";"Sim";2;0;2;0;0;0;2;1;-7,253257;-35,833253;"SPRF-PB";"DEL02-PB";"UOP01-DEL02-PB"
387153;2021-10-02;"sábado";"19:59:00";"RN";304;22;"MOSSORO";"Manobra de mudança de faixa";"Atropelamento de Pedestre";"Com Vítimas Fatais";"Plena Noite";"Decrescente";"Céu Claro";"Simples";"Reta";"Não";3;1;0;0;2;0;0;2;-5,04933;-37,342163;"SPRF-RN";"DEL04-RN";"UOP02-DEL04-RN"
387154;2021-10-02;"sábado";"19:25:00";"PR";373;178;"PONTA GROSSA";"Ingestão de álcool pelo condutor";"Colisão traseira";"Sem Vítimas";"Plena Noite";"Crescente";"Chuva";"Dupla";"Retorno Regulamentado;Reta";"Sim";2;0;0;0;2;0;0;2;-25,0476167;-50,23563093;"SPRF-PR";"DEL03-PR";"UOP01-DEL03-PR"
387155;2021-10-02;"sábado";"19:40:00";"PR";277;664,6;"MEDIANEIRA";"Pedestre cruzava a pista fora da faixa";"Atropelamento de Pedestre";"Com Vítimas Fatais";"Plena Noite";"Crescente";"Céu Claro";"Dupla";"Declive";"Não";2;1;0;0;1;0;0;2;-25,25301037;-54,02857196;"SPRF-PR";"DEL05-PR";"UOP02-DEL05-PR"
387156;2021-10-02;"sábado";"19:10:00";"PE";232;407,4;"SERRA TALHADA";"Ingestão de álcool pelo condutor";"Colisão traseira";"Sem Vítimas";"Plena Noite";"Decrescente";"Céu Claro";"Simples";"Reta";"Sim";2;0;0;0;2;0;0;2;-7,9854402;-38,27148304;"SPRF-PE";"DEL04-PE";"UOP01-DEL04-PE"
387157;2021-10-02;"sábado";"20:05:00";"PE";316;55;"TRINDADE";"Acessar a via sem observar a presença dos outros veículos";"Colisão lateral mesmo sentido";"Com Vítimas Feridas";"Plena Noite";"Crescente";"Céu Claro";"Simples";"Declive;Reta";"Não";3;0;2;0;1;0;2;2;-7,74026268;-40,28663631;"SPRF-PE";"DEL05-PE";"UOP02-DEL05-PE"
387158;2021-10-02;"sábado";"18:40:00";"PE";423;69,2;"JUPI";"Ingestão de álcool pelo condutor";"Colisão frontal";"Com Vítimas Feridas";"Plena Noite";"Crescente";"Nublado";"Simples";"Aclive;Curva";"Não";3;0;2;0;1;0;2;2;-8,67648714;-36,40182687;"SPRF-PE";"DEL03-PE";"UOP01-DEL03-PE"
387159;2021-10-02;"sábado";"19:00:00";"RJ";101;299;"SAO GONCALO";"Ausência de reação do condutor";"Tombamento";"Sem Vítimas";"Plena Noite";"Crescente";"Céu Claro";"Dupla";"Reta";"Não";1;0;0;0;1;0;0;1;-22,77711137;-42,95102835;"SPRF-RJ";"DEL02-RJ";"UOP02-DEL02-RJ"
387160;2021-10-02;"sábado";"19:03:00";"MT";174;2;"PONTES E LACERDA";"Ingestão de álcool pelo condutor";"Saída de leito carroçável";"Sem Vítimas";"Plena Noite";"Crescente";"Céu Claro";"Simples";"Reta";"Sim";1;0;0;0;1;0;0;1;-15,248966;-59,323444;"SPRF-MT";"DEL03-MT";"UOP01-DEL03-MT"
387164;2021-10-02;"sábado";"20:50:00";"PE";232;94,5;"BEZERROS";"Velocidade Incompatível";"Saída de leito carroçável";"Sem Vítimas";"Plena Noite";"Crescente";"Céu Claro";"Dupla";"Curva";"Não";1;0;0;0;0;1;0;1;-8,22473335;-35,69081624;"SPRF-PE";"DEL02-PE";"UOP02-DEL02PE"
387165;2021-10-02;"sábado";"20:50:00";"PR";277;727;"FOZ DO IGUACU";"Acessar a via sem observar a presença dos outros veículos";"Colisão traseira";"Com Vítimas Feridas";"Plena Noite";"Decrescente";"Chuva";"Dupla";"Reta";"Sim";4;0;2;0;1;1;2;2;-25,51017487;-54,56454899;"SPRF-PR";"DEL05-PR";"UOP03-DEL05-PR"
387166;2021-10-02;"sábado";"20:50:00";"GO";158;270;"JATAI";"Conversão proibida";"Colisão frontal";"Com Vítimas Feridas";"Plena Noite";"Decrescente";"Céu Claro";"Simples";"Reta";"Sim";4;0;0;1;3;0;1;2;-17,86380007;-51,72967528;"SPRF-GO";"DEL05-GO";"UOP01-DEL05-GO"
387168;2021-10-02;"sábado";"20:40:00";"MG";146;481,3;"CABO VERDE";"Ingestão de álcool pelo condutor";"Colisão com objeto";"Com Vítimas Feridas";"Plena Noite";"Crescente";"Céu Claro";"Simples";"Reta";"Não";1;0;0;1;0;0;1;1;-21,55411;-46,404119;"SPRF-MG";"DEL09-MG";"UOP01-DEL09-MG"
387170;2021-10-02;"sábado";"19:10:00";"PB";230;469;"SOUSA";"Velocidade Incompatível";"Saída de leito carroçável";"Sem Vítimas";"Plena Noite";"Decrescente";"Céu Claro";"Simples";"Reta";"Não";1;0;0;0;0;1;0;1;-6,790212;-38,28628;"SPRF-PB";"DEL03-PB";"UOP03-DEL03-PB"
387172;2021-10-02;"sábado";"18:55:00";"MG";262;31,5;"REDUTO";"Avarias e/ou desgaste excessivo no pneu";"Colisão frontal";"Com Vítimas Feridas";"Plena Noite";"Decrescente";"Nublado";"Simples";"Reta;Aclive";"Não";4;0;1;1;2;0;2;3;-20,2532742;-41,992629;"SPRF-MG";"DEL06-MG";"UOP03-DEL06-MG"
387173;2021-10-02;"sábado";"19:20:00";"PB";230;1,2;"PATOS";"Ingestão de álcool pelo condutor";"Colisão transversal";"Com Vítimas Feridas";"Plena Noite";"Decrescente";"Céu Claro";"Simples";"Reta";"Sim";2;0;0;1;1;0;1;2;-7,024862;-37,280304;"SPRF-PB";"DEL03-PB";"UOP01-DEL03-PB"
387174;2021-10-02;"sábado";"15:55:00";"SC";470;120;"LONTRAS";"Velocidade Incompatível";"Colisão traseira";"Com Vítimas Feridas";"Pleno dia";"Crescente";"Céu Claro";"Simples";"Reta";"Não";4;0;2;0;2;0;2;3;-27,089924;-49,520416;"SPRF-SC";"DEL04-SC";"UOP02-DEL04-SC"
387176;2021-10-02;"sábado";"21:30:00";"MG";267;9,5;"LEOPOLDINA";"Reação tardia ou ineficiente do condutor";"Colisão traseira";"Com Vítimas Feridas";"Plena Noite";"Decrescente";"Nublado";"Simples";"Reta";"Não";2;0;0;1;0;1;1;2;-21,57023666;-42,69169186;"SPRF-MG";"DEL07-MG";"UOP01-DEL07-MG"
387177;2021-10-02;"sábado";"21:30:00";"RJ";116;2;"SAPUCAIA";"Ingestão de álcool pelo condutor";"Colisão lateral mesmo sentido";"Com Vítimas Feridas";"Plena Noite";"Crescente";"Garoa/Chuvisco";"Simples";"Reta";"Sim";4;0;2;1;1;0;3;4;-21,884471;-42,692069;"SPRF-RJ";"DEL05-RJ";"UOP01-DEL05-RJ"
387178;2021-10-02;"sábado";"20:00:00";"RS";470;217;"BENTO GONCALVES";"Manobra de mudança de faixa";"Colisão lateral mesmo sentido";"Com Vítimas Feridas";"Plena Noite";"Decrescente";"Céu Claro";"Dupla";"Rotatória;Aclive;Curva";"Sim";3;0;1;0;2;0;1;2;-29,16462512;-51,52551964;"SPRF-RS";"DEL06-RS";"UOP01-DEL06-RS"
387179;2021-10-02;"sábado";"20:30:00";"RN";406;169;"SAO GONCALO DO AMARANTE";"Transitar na contramão";"Colisão frontal";"Com Vítimas Feridas";"Plena Noite";"Crescente";"Céu Claro";"Dupla";"Reta";"Sim";2;0;0;1;1;0;1;2;-5,75570118;-35,30728507;"SPRF-RN";"DEL02-RN";"UOP01-DEL02-RN"
387180;2021-10-02;"sábado";"20:00:00";"SP";381;2,8;"VARGEM";"Pista Escorregadia";"Colisão com objeto";"Com Vítimas Feridas";"Plena Noite";"Crescente";"Garoa/Chuvisco";"Dupla";"Curva";"Não";1;0;1;0;0;0;1;1;-22,878106;-46,398144;"SPRF-SP";"DEL03-SP";"UOP01-DEL03-SP"
387181;2021-10-02;"sábado";"21:30:00";"MG";40;528;"CONTAGEM";"Demais falhas mecânicas ou elétricas";"Colisão com objeto";"Com Vítimas Feridas";"Plena Noite";"Crescente";"Céu Claro";"Dupla";"Reta";"Sim";1;0;1;0;0;0;1;1;-19,90883179;-44,04436577;"SPRF-MG";"DEL01-MG";"UOP02-DEL01-MG"
387182;2021-10-02;"sábado";"21:10:00";"SP";101;51;"UBATUBA";"Acessar a via sem observar a presença dos outros veículos";"Colisão transversal";"Com Vítimas Feridas";"Plena Noite";"Crescente";"Nublado";"Simples";"Reta";"Sim";2;0;1;0;0;1;1;2;-23,45627795;-45,07111896;"SPRF-SP";"DEL06-SP";"UOP01-DEL06-SP"
387183;2021-10-02;"sábado";"21:15:00";"RJ";393;172,9;"TRES RIOS";"Condutor deixou de manter distância do veículo da frente";"Colisão traseira";"Sem Vítimas";"Plena Noite";"Decrescente";"Chuva";"Simples";"Reta";"Não";6;0;0;0;6;0;0;2;-22,12463126;-43,17771104;"SPRF-RJ";"DEL05-RJ";"UOP02-DEL05-RJ"
387184;2021-10-02;"sábado";"19:30:00";"SC";282;453;"PONTE SERRADA";"Ingestão de álcool pelo condutor";"Saída de leito carroçável";"Com Vítimas Feridas";"Plena Noite";"Decrescente";"Céu Claro";"Simples";"Reta";"Não";1;0;1;0;0;0;1;1;-26,89823;-51,976665;"SPRF-SC";"DEL07-SC";"UOP04-DEL07-SC"
387185;2021-10-02;"sábado";"22:25:00";"SC";101;325,5;"CAPIVARI DE BAIXO";"Ingestão de álcool pelo condutor";"Colisão lateral mesmo sentido";"Sem Vítimas";"Plena Noite";"Decrescente";"Nublado";"Múltipla";"Reta";"Sim";2;0;0;0;2;0;0;2;-28,42909053;-48,94987464;"SPRF-SC";"DEL02-SC";"UOP01-DEL02-SC"
387186;2021-10-02;"sábado";"22:15:00";"CE";116;41;"HORIZONTE";"Condutor deixou de manter distância do veículo da frente";"Colisão traseira";"Com Vítimas Feridas";"Plena Noite";"Decrescente";"Céu Claro";"Dupla";"Reta";"Não";2;0;1;0;1;0;1;2;-4,1024351;-38,50001011;"SPRF-CE";"DEL01-CE";"UOP02-DEL01-CE"
387187;2021-10-02;"sábado";"22:30:00";"PR";116;141;"MANDIRITUBA";"Acessar a via sem observar a presença dos outros veículos";"Atropelamento de Pedestre";"Com Vítimas Feridas";"Plena Noite";"Crescente";"Nublado";"Dupla";"Reta";"Sim";2;0;2;0;0;0;2;2;-25,774188;-49,32366;"SPRF-PR";"DEL01-PR";"UOP03-DEL01-PR"
387188;2021-10-02;"sábado";"22:10:00";"SC";101;2;"NAVEGANTES";"Retorno proibido";"Saída de leito carroçável";"Com Vítimas Feridas";"Plena Noite";"Decrescente";"Nublado";"Simples";"Interseção de Vias";"Não";1;0;1;0;0;0;1;1;-26,86847326;-48,67510026;"SPRF-SC";"DEL03-SC";"UOP01-DEL03-SC"
387189;2021-10-02;"sábado";"19:35:00";"RJ";356;148;"CAMPOS DOS GOYTACAZES";"Pedestre cruzava a pista fora da faixa";"Atropelamento de Pedestre";"Com Vítimas Feridas";"Plena Noite";"Decrescente";"Nublado";"Simples";"Reta";"Sim";2;0;0;2;0;0;2;2;-21,77876606;-41,29048496;"SPRF-RJ";"DEL08-RJ";"UOP02-DEL08-RJ"
387191;2021-10-02;"sábado";"21:15:00";"MG";50;165;"UBERABA";"Objeto estático sobre o leito carroçável";"Colisão com objeto";"Com Vítimas Feridas";"Plena Noite";"Crescente";"Céu Claro";"Dupla";"Reta";"Não";6;0;1;0;5;0;1;2;-19,69326783;-47,98949154;"SPRF-MG";"DEL13-MG";"UOP01-DEL13-MG"
387192;2021-10-02;"sábado";"19:00:00";"BA";110;340;"ALAGOINHAS";"Ingestão de álcool pelo condutor";"Colisão frontal";"Com Vítimas Feridas";"Plena Noite";"Crescente";"Céu Claro";"Simples";"Reta";"Sim";3;0;1;0;1;1;1;3;-12,16487694;-38,41271108;"SPRF-BA";"DEL01-BA";"UOP04-DEL01-BA"
387193;2021-10-02;"sábado";"23:05:00";"GO";40;5;"VALPARAISO DE GOIAS";"Velocidade Incompatível";"Colisão com objeto";"Sem Vítimas";"Plena Noite";"Crescente";"Céu Claro";"Dupla";"Reta";"Sim";1;0;0;0;0;1;0;1;-16,093134;-47,982236;"SPRF-DF";"DEL01-DF";"UOP01-DEL01-DF"
387194;2021-10-02;"sábado";"20:35:00";"MG";50;165;"UBERABA";"Ausência de reação do condutor";"Colisão com objeto";"Com Vítimas Feridas";"Plena Noite";"Crescente";"Céu Claro";"Dupla";"Reta";"Não";1;0;1;0;0;0;1;1;-19,69326783;-47,98949154;"SPRF-MG";"DEL13-MG";"UOP01-DEL13-MG"
387195;2021-10-02;"sábado";"22:50:00";"RN";226;111,8;"SANTA CRUZ";"Acessar a via sem observar a presença dos outros veículos";"Colisão transversal";"Com Vítimas Feridas";"Plena Noite";"Decrescente";"Céu Claro";"Simples";"Interseção de Vias";"Sim";2;0;1;0;1;0;1;2;-6,22841881;-36,0177456;"SPRF-RN";"DEL03-RN";"UOP02-DEL03-RN"
387196;2021-10-02;"sábado";"23:15:00";"RJ";101;306;"SAO GONCALO";"Avarias e/ou desgaste excessivo no pneu";"Queda de ocupante de veículo";"Com Vítimas Feridas";"Plena Noite";"Decrescente";"Nublado";"Dupla";"Reta";"Sim";2;0;2;0;0;0;2;1;-22,78913759;-43,00550909;"SPRF-RJ";"DEL02-RJ";"UOP02-DEL02-RJ"
387198;2021-09-20;"segunda-feira";"07:30:00";"PI";343;342,9;"TERESINA";"Transitar no acostamento";"Colisão transversal";"Com Vítimas Feridas";"Pleno dia";"Crescente";"Céu Claro";"Simples";"Reta";"Não";2;0;0;1;1;0;1;2;-5,08284;-42,750385;"SPRF-PI";"DEL01-PI";"UOP01-DEL01-PI"
387199;2021-10-02;"sábado";"22:50:00";"SC";101;6;"GARUVA";"Transitar na contramão";"Colisão transversal";"Com Vítimas Feridas";"Pleno dia";"Crescente";"Nublado";"Dupla";"Interseção de Vias";"Sim";2;0;1;0;1;0;1;2;-26,02692002;-48,86142017;"SPRF-SC";"DEL03-SC";"UOP01-DEL03-SC"
387200;2021-10-02;"sábado";"21:30:00";"GO";20;185;"SIMOLANDIA";"Ingestão de álcool pelo condutor";"Saída de leito carroçável";"Sem Vítimas";"Plena Noite";"Crescente";"Céu Claro";"Múltipla";"Interseção de Vias";"Não";1;0;0;0;0;1;0;1;-14,443042;-46,462242;"SPRF-DF";"DEL02-DF";"UOP03-DEL02-DF"
387201;2021-06-04;"sexta-feira";"16:00:00";"MG";381;185;"PERIQUITO";"Ultrapassagem Indevida";"Colisão traseira";"Com Vítimas Feridas";"Pleno dia";"Decrescente";"Céu Claro";"Simples";"Reta";"Não";2;0;0;1;1;0;1;2;-19,04564886;-42,15329647;"SPRF-MG";"DEL06-MG";"UOP01-DEL06-MG"
387204;2021-10-03;"domingo";"00:40:00";"MG";40;509;"RIBEIRAO DAS NEVES";"Ausência de reação do condutor";"Saída de leito carroçável";"Sem Vítimas";"Plena Noite";"Decrescente";"Céu Claro";"Dupla";"Reta";"Sim";1;0;0;0;0;1;0;1;-19,76728744;-44,12855905;"SPRF-MG";"DEL01-MG";"UOP02-DEL01-MG"
387205;2021-10-03;"domingo";"00:50:00";"SC";101;417,3;"ARARANGUA";"Iluminação deficiente";"Colisão com objeto";"Com Vítimas Feridas";"Plena Noite";"Crescente";"Garoa/Chuvisco";"Múltipla";"Reta";"Sim";5;0;4;0;1;0;4;1;-28,97376391;-49,53023409;"SPRF-SC";"DEL02-SC";"UOP02-DEL02-SC"
387206;2021-10-02;"sábado";"23:30:00";"PE";423;21;"SAO CAITANO";"Demais falhas mecânicas ou elétricas";"Tombamento";"Com Vítimas Feridas";"Plena Noite";"Decrescente";"Céu Claro";"Simples";"Reta";"Não";4;0;2;2;0;0;4;1;-8,34587741;-36,16528759;"SPRF-PE";"DEL02-PE";"UOP03-DEL02-PE"
387207;2021-10-02;"sábado";"23:15:00";"RS";287;389;"SANTIAGO";"Ingestão de álcool pelo condutor";"Colisão lateral sentido oposto";"Sem Vítimas";"Plena Noite";"Crescente";"Céu Claro";"Simples";"Reta";"Não";1;0;0;0;1;0;0;1;-29,2452608565;-54,8291518681;"SPRF-RS";"DEL12-RS";"UOP02-DEL12-RS"
387208;2021-10-03;"domingo";"00:10:00";"MS";376;55,3;"GLORIA DE DOURADOS";"Ingestão de álcool pelo condutor";"Saída de leito carroçável";"Com Vítimas Feridas";"Plena Noite";"Crescente";"Céu Claro";"Simples";"Reta";"Não";1;0;0;1;0;0;1;1;-22,47787053;-54,26499219;"SPRF-MS";"DEL04-MS";"UOP04-DEL04-MS"
387209;2021-10-02;"sábado";"19:50:00";"PB";104;110;"LAGOA SECA";"Velocidade Incompatível";"Capotamento";"Sem Vítimas";"Plena Noite";"Decrescente";"Vento";"Simples";"Reta";"Não";1;0;0;0;0;1;0;1;-7,12844791;-35,86084776;"SPRF-PB";"DEL02-PB";"UOP04-DEL02-PB"
387210;2021-10-03;"domingo";"00:10:00";"PR";277;635,7;"CEU AZUL";"Chuva";"Colisão frontal";"Com Vítimas Fatais";"Plena Noite";"Decrescente";"Chuva";"Simples";"Reta";"Sim";5;1;1;3;0;0;4;2;-25,14015274;-53,82955233;"SPRF-PR";"DEL05-PR";"UOP02-DEL05-PR"
387211;2021-10-02;"sábado";"21:20:00";"PA";308;202,5;"BRAGANCA";"Ingestão de álcool pelo condutor";"Atropelamento de Pedestre";"Com Vítimas Fatais";"Plena Noite";"Crescente";"Céu Claro";"Simples";"Reta";"Sim";3;1;0;0;2;0;0;2;-1,06532445;-46,77747689;"SPRF-PA";"DEL01-PA";"UOP03-DEL01-PA"
387212;2021-10-03;"domingo";"01:50:00";"PR";369;92,5;"CORNELIO PROCOPIO";"Demais falhas mecânicas ou elétricas";"Incêndio";"Sem Vítimas";"Plena Noite";"Crescente";"Nublado";"Dupla";"Curva";"Não";1;0;0;0;1;0;0;1;-23,208;-50,662;"SPRF-PR";"DEL07-PR";"UOP01-DEL07-PR"
387213;2021-10-03;"domingo";"01:00:00";"PE";316;65,5;"TRINDADE";"Condutor Dormindo";"Colisão frontal";"Com Vítimas Fatais";"Plena Noite";"Decrescente";"Céu Claro";"Simples";"Aclive;Reta";"Não";2;1;0;0;1;0;0;2;-7,78713245;-40,21815308;"SPRF-PE";"DEL05-PE";"UOP02-DEL05-PE"
387214;2021-10-03;"domingo";"01:40:00";"GO";40;7,9;"LUZIANIA";"Ingestão de álcool pelo condutor";"Colisão com objeto";"Com Vítimas Feridas";"Plena Noite";"Crescente";"Céu Claro";"Dupla";"Reta";"Sim";1;0;1;0;0;0;1;1;-16,108482;-47,972524;"SPRF-DF";"DEL01-DF";"UOP01-DEL01-DF"
387216;2021-10-03;"domingo";"00:30:00";"MG";262;703,3;"ARAXA";"Condutor Dormindo";"Saída de leito carroçável";"Sem Vítimas";"Plena Noite";"Crescente";"Chuva";"Simples";"Aclive";"Não";1;0;0;0;1;0;0;1;-19,59070935;-47,08124788;"SPRF-MG";"DEL08-MG";"UOP01-DEL08-MG"
387217;2021-10-03;"domingo";"01:00:00";"MT";174;6;"PONTES E LACERDA";"Transitar na contramão";"Colisão frontal";"Com Vítimas Feridas";"Plena Noite";"Decrescente";"Céu Claro";"Simples";"Reta";"Não";3;0;0;2;1;0;2;2;-15,226537;-59,335728;"SPRF-MT";"DEL04-MT";"UOP01-DEL04-MT"
387218;2021-10-03;"domingo";"02:30:00";"DF";70;2,2;"BRASILIA";"Ingestão de álcool pelo condutor";"Colisão com objeto";"Com Vítimas Feridas";"Plena Noite";"Crescente";"Nublado";"Dupla";"Curva";"Sim";1;0;1;0;0;0;1;1;-15,798048;-48,073235;"SPRF-DF";"DEL03-DF";"UOP02-DEL03-DF"
387219;2021-10-03;"domingo";"01:50:00";"PR";373;175;"PONTA GROSSA";"Velocidade Incompatível";"Saída de leito carroçável";"Sem Vítimas";"Plena Noite";"Crescente";"Garoa/Chuvisco";"Dupla";"Curva";"Sim";1;0;0;0;1;0;0;1;-25,06728094;-50,21211882;"SPRF-PR";"DEL03-PR";"UOP01-DEL03-PR"
387220;2021-10-03;"domingo";"00:00:00";"RJ";101;398;"ITAGUAI";"Ausência de reação do condutor";"Saída de leito carroçável";"Com Vítimas Feridas";"Plena Noite";"Crescente";"Céu Claro";"Dupla";"Reta";"Sim";4;0;2;1;1;0;3;1;-22,86787912;-43,74862922;"SPRF-RJ";"DEL03-RJ";"UOP01-DEL03-RJ"
387221;2021-10-03;"domingo";"01:00:00";"RJ";101;400;"ITAGUAI";"Pedestre cruzava a pista fora da faixa";"Atropelamento de Pedestre";"Com Vítimas Feridas";"Plena Noite";"Decrescente";"Céu Claro";"Múltipla";"Reta";"Sim";2;0;0;1;1;0;1;2;-22,8483707;-43,76952338;"SPRF-RJ";"DEL03-RJ";"UOP01-DEL03-RJ"
387222;2021-10-03;"domingo";"01:30:00";"PR";277;97;"CURITIBA";"Reação tardia ou ineficiente do condutor";"Colisão traseira";"Com Vítimas Feridas";"Plena Noite";"Crescente";"Chuva";"Dupla";"Reta";"Sim";3;0;1;0;2;0;1;2;-25,54577186;-49,29537197;"SPRF-PR";"DEL01-PR";"UOP01-DEL01-PR"
387223;2021-10-02;"sábado";"19:00:00";"SP";381;29;"ATIBAIA";"Reação tardia ou ineficiente do condutor";"Colisão lateral mesmo sentido";"Com Vítimas Feridas";"Plena Noite";"Crescente";"Garoa/Chuvisco";"Dupla";"Reta";"Sim";7;0;5;0;2;0;5;3;-23,04177622;-46,55896672;"SPRF-SP";"DEL03-SP";"UOP01-DEL03-SP"
387224;2021-10-03;"domingo";"00:20:00";"AM";230;212;"HUMAITA";"Transitar no acostamento";"Colisão lateral mesmo sentido";"Com Vítimas Feridas";"Plena Noite";"Decrescente";"Céu Claro";"Simples";"Reta";"Sim";3;0;2;1;0;0;3;2;-7,540864;-63,064316;"SPRF-AM";"DEL01-AM";"UOP05-DEL01-AM"
387225;2021-10-03;"domingo";"01:55:00";"RS";116;238,6;"NOVO HAMBURGO";"Ingestão de álcool e/ou substâncias psicoativas pelo pedestre";"Colisão com objeto";"Sem Vítimas";"Plena Noite";"Decrescente";"Ignorado";"Simples";"Reta";"Não";1;0;0;0;1;0;0;1;-29,68739789;-51,14197352;"SPRF-RS";"DEL01-RS";"UOP02-DEL01-RS"
387226;2021-08-15;"domingo";"19:30:00";"RJ";101;64;"CAMPOS DOS GOYTACAZES";"Transitar na contramão";"Colisão transversal";"Com Vítimas Feridas";"Plena Noite";"Crescente";"Nublado";"Simples";"Interseção de Vias";"Sim";2;0;0;1;1;0;1;2;-21,75361159;-41,34237885;"SPRF-RJ";"DEL08-RJ";"UOP02-DEL08-RJ"
387227;2021-08-29;"domingo";"18:15:00";"RO";364;15,7;"VILHENA";"Condutor deixou de manter distância do veículo da frente";"Colisão traseira";"Com Vítimas Feridas";"Plena Noite";"Decrescente";"Céu Claro";"Dupla";"Reta";"Sim";2;0;1;0;1;0;1;2;-12,73672751;-60,14804088;"SPRF-RO";"DEL04-RO";"UOP01-DEL04-RO"
387228;2021-10-03;"domingo";"03:20:00";"SC";101;201;"SAO JOSE";"Velocidade Incompatível";"Colisão com objeto";"Sem Vítimas";"Plena Noite";"Decrescente";"Céu Claro";"Múltipla";"Reta";"Sim";1;0;0;0;1;0;0;1;-27,54836599;-48,61977975;"SPRF-SC";"DEL01-SC";"UOP01-DEL01-SC"
387229;2021-10-03;"domingo";"03:50:00";"RS";386;247,5;"SOLEDADE";"Ingestão de álcool pelo condutor";"Saída de leito carroçável";"Sem Vítimas";"Plena Noite";"Crescente";"Garoa/Chuvisco";"Simples";"Reta";"Não";1;0;0;0;1;0;0;1;-28,81492565;-52,49001503;"SPRF-RS";"DEL04-RS";"UOP03-DEL04-RS"
387230;2021-10-03;"domingo";"02:20:00";"PI";316;2;"TERESINA";"Condutor deixou de manter distância do veículo da frente";"Colisão lateral mesmo sentido";"Com Vítimas Feridas";"Plena Noite";"Crescente";"Céu Claro";"Múltipla";"Reta";"Sim";2;0;0;1;0;1;1;2;-5,12477477;-42,79848465;"SPRF-PI";"DEL01-PI";"UOP02-DEL01-PI"
387231;2021-10-03;"domingo";"03:10:00";"MS";163;680,9;"RIO VERDE DE MATO GROSSO";"Condutor Dormindo";"Saída de leito carroçável";"Sem Vítimas";"Plena Noite";"Crescente";"Céu Claro";"Simples";"Reta";"Sim";2;0;0;0;0;2;0;2;-18,91430481;-54,83899176;"SPRF-MS";"DEL06-MS";"UOP02-DEL06-MS"
387232;2021-10-03;"domingo";"03:50:00";"SP";116;73,2;"APARECIDA";"Ausência de reação do condutor";"Saída de leito carroçável";"Com Vítimas Feridas";"Plena Noite";"Decrescente";"Céu Claro";"Dupla";"Curva";"Não";1;0;1;0;0;0;1;1;-22,86998483;-45,24430721;"SPRF-SP";"DEL08-SP";"UOP01-DEL08-SP"
387233;2021-10-03;"domingo";"01:00:00";"SC";470;242,3;"CURITIBANOS";"Transitar na contramão";"Colisão traseira";"Com Vítimas Feridas";"Plena Noite";"Crescente";"Nublado";"Simples";"Curva";"Não";4;0;2;0;2;0;2;2;-27,311794;-50,498703;"SPRF-SC";"DEL05-SC";"UOP03-DEL05-SC"
387234;2021-10-02;"sábado";"22:05:00";"SC";116;210;"PONTE ALTA";"Ingestão de álcool pelo condutor";"Capotamento";"Com Vítimas Feridas";"Plena Noite";"Decrescente";"Céu Claro";"Simples";"Curva";"Não";1;0;1;0;0;0;1;1;-27,50285695;-50,36575969;"SPRF-SC";"DEL05-SC";"UOP03-DEL05-SC"