"id";"data_inversa";"dia_semana";"horario";"uf";"br";"km";"municipio";"causa_acidente";"tipo_acidente";"classificacao_acidente";"fase_dia";"sentido_via";"condicao_metereologica";"tipo_pista";"tracado_via";"uso_solo";"pessoas";"mortos";"feridos_leves";"feridos_graves";"ilesos";"ignorados";"feridos";"veiculos";"latitude";"longitude";"regional";"delegacia";"uop"
387235;2021-10-03;"domingo";"02:00:00";"MG";116;533,8;"SANTA RITA DE MINAS";"Reação tardia ou ineficiente do condutor";"Colisão frontal";"Com Vítimas Feridas";"Plena Noite";"Crescente";"Chuva";"Simples";"Curva";"Não";2;0;1;0;1;0;1;2;-19,83624191;-42,13833241;"SPRF-MG";"DEL06-MG";"UOP02-DEL06-MG"
387238;2021-10-03;"domingo";"04:10:00";"RS";116;263;"CANOAS";"Ingestão de álcool pelo condutor";"Colisão lateral mesmo sentido";"Sem Vítimas";"Plena Noite";"Crescente";"Céu Claro";"Dupla";"Reta";"Sim";2;0;0;0;2;0;0;2;-29,90545398;-51,17674031;"SPRF-RS";"DEL01-RS";"UOP01-DEL01-RS"
387239;2021-10-02;"sábado";"21:00:00";"PI";135;280,5;"ALVORADA DO GURGUEIA";"Transitar na contramão";"Atropelamento de Pedestre";"Com Vítimas Fatais";"Plena Noite";"Crescente";"Céu Claro";"Simples";"Reta";"Sim";3;1;1;1;0;0;2;2;-8,58382921;-43,99614783;"SPRF-PI";"DEL03-PI";"UOP02-DEL03-PI"
387240;2021-10-03;"domingo";"02:57:00";"SP";116;304;"SAO LOURENCO DA SERRA";"Ausência de reação do condutor";"Capotamento";"Com Vítimas Feridas";"Plena Noite";"Decrescente";"Garoa/Chuvisco";"Dupla";"Curva";"Não";1;0;1;0;0;0;1;1;-23,835151;-46,92964497;"SPRF-SP";"DEL04-SP";"UOP01-DEL04-SP"
387241;2021-10-03;"domingo";"03:40:00";"RJ";101;41;"CAMPOS DOS GOYTACAZES";"Velocidade Incompatível";"Saída de leito carroçável";"Com Vítimas Feridas";"Plena Noite";"Decrescente";"Céu Claro";"Simples";"Curva";"Não";2;0;2;0;0;0;2;1;-21,55565098;-41,32869598;"SPRF-RJ";"DEL08-RJ";"UOP01-DEL08-RJ"
387243;2021-10-03;"domingo";"02:30:00";"PI";316;2,4;"TERESINA";"Conversão proibida";"Colisão frontal";"Com Vítimas Feridas";"Amanhecer";"Decrescente";"Céu Claro";"Simples";"Rotatória";"Sim";2;0;0;1;1;0;1;2;-5,12861853;-42,80706778;"SPRF-PI";"DEL01-PI";"UOP02-DEL01-PI"
387245;2021-10-03;"domingo";"04:45:00";"PR";376;362,1;"ORTIGUEIRA";"Chuva";"Colisão transversal";"Com Vítimas Feridas";"Amanhecer";"Decrescente";"Chuva";"Simples";"Curva;Declive";"Não";3;0;1;0;2;0;1;3;-24,28923697;-50,87736368;"SPRF-PR";"DEL07-PR";"UOP02-DEL07-PR"
387246;2021-10-03;"domingo";"05:00:00";"MG";40;634,9;"CONSELHEIRO LAFAIETE";"Velocidade Incompatível";"Saída de leito carroçável";"Com Vítimas Feridas";"Plena Noite";"Crescente";"Chuva";"Dupla";"Reta";"Não";2;0;1;1;0;0;2;1;-20,69796589;-43,79213914;"SPRF-MG";"DEL05-MG";"UOP02-DEL05-MG"
387248;2021-10-03;"domingo";"04:30:00";"RS";116;297,9;"GUAIBA";"Condutor Dormindo";"Saída de leito carroçável";"Sem Vítimas";"Plena Noite";"Crescente";"Nublado";"Dupla";"Reta";"Não";1;0;0;0;1;0;0;1;-30,09753097;-51,34302937;"SPRF-RS";"DEL02-RS";"UOP01-DEL02-RS"
387250;2021-10-03;"domingo";"01:50:00";"MG";40;789,9;"JUIZ DE FORA";"Transitar na contramão";"Colisão frontal";"Com Vítimas Fatais";"Plena Noite";"Decrescente";"Garoa/Chuvisco";"Dupla";"Reta";"Não";3;1;0;0;2;0;0;2;-21,75969297;-43,44077628;"SPRF-MG";"DEL05-MG";"UOP01-DEL05-MG"
387251;2021-10-03;"domingo";"05:00:00";"MG";262;837;"UBERABA";"Condutor Dormindo";"Colisão frontal";"Com Vítimas Fatais";"Amanhecer";"Crescente";"Céu Claro";"Simples";"Reta";"Não";4;1;3;0;0;0;3;2;-19,75478312;-48,24495497;"SPRF-MG";"DEL13-MG";"UOP01-DEL13-MG"
387252;2021-10-03;"domingo";"05:16:00";"SP";116;217,5;"GUARULHOS";"Ultrapassagem Indevida";"Colisão traseira";"Com Vítimas Feridas";"Amanhecer";"Crescente";"Nublado";"Múltipla";"Reta;Declive";"Não";5;0;3;0;2;0;3;2;-23,45423824;-46,47119028;"SPRF-SP";"DEL01-SP";"UOP01-DEL01-SP"
387255;2021-10-03;"domingo";"01:10:00";"MG";40;738,4;"SANTOS DUMONT";"Velocidade Incompatível";"Capotamento";"Com Vítimas Fatais";"Plena Noite";"Decrescente";"Nublado";"Dupla";"Curva";"Não";3;1;1;0;1;0;1;1;-21,38880304;-43,56910622;"SPRF-MG";"DEL05-MG";"UOP01-DEL05-MG"
387256;2021-10-03;"domingo";"05:55:00";"MG";381;484,1;"BETIM";"Manobra de mudança de faixa";"Colisão traseira";"Com Vítimas Feridas";"Amanhecer";"Crescente";"Céu Claro";"Dupla";"Declive;Reta";"Sim";2;0;1;0;1;0;1;2;-19,95947326;-44,0876627;"SPRF-MG";"DEL01-MG";"UOP03-DEL01-MG"
387257;2021-10-03;"domingo";"05:40:00";"PE";407;121;"PETROLINA";"Animais na Pista";"Colisão com objeto";"Com Vítimas Feridas";"Pleno dia";"Crescente";"Céu Claro";"Simples";"Reta";"Sim";1;0;1;0;0;0;1;1;-9,35369;-40,55049;"SPRF-PE";"DEL06-PE";"UOP01-DEL06-PE"
387259;2021-10-03;"domingo";"05:30:00";"MG";381;343;"JOAO MONLEVADE";"Velocidade Incompatível";"Colisão lateral sentido oposto";"Sem Vítimas";"Amanhecer";"Crescente";"Chuva";"Simples";"Curva";"Sim";3;0;0;0;2;1;0;3;-19,85663904;-43,10916603;"SPRF-MG";"DEL03-MG";"UOP01-DEL03-MG"
387260;2021-08-07;"sábado";"21:20:00";"ES";101;271;"SERRA";"Condutor deixou de manter distância do veículo da frente";"Colisão traseira";"Com Vítimas Feridas";"Plena Noite";"Crescente";"Céu Claro";"Dupla";"Reta";"Sim";2;0;0;1;1;0;1;2;-20,23267;-40,27658;"SPRF-ES";"DEL02-ES";"UOP01-DEL02-ES"
387262;2021-10-03;"domingo";"05:00:00";"SP";381;87;"SAO PAULO";"Condutor deixou de manter distância do veículo da frente";"Colisão traseira";"Com Vítimas Feridas";"Pleno dia";"Decrescente";"Céu Claro";"Dupla";"Desvio Temporário";"Sim";3;0;2;0;1;0;2;2;-23,46885001;-46,56996601;"SPRF-SP";"DEL03-SP";"UOP01-DEL03-SP"
387264;2021-10-03;"domingo";"06:00:00";"RS";285;298,2;"PASSO FUNDO";"Ingestão de álcool pelo condutor";"Colisão com objeto";"Sem Vítimas";"Amanhecer";"Crescente";"Chuva";"Simples";"Reta";"Sim";2;0;0;0;2;0;0;1;-28,236414;-52,423466;"SPRF-RS";"DEL08-RS";"UOP03-DEL08-RS"
387265;2021-10-03;"domingo";"04:00:00";"MG";381;529,2;"BRUMADINHO";"Condutor Dormindo";"Colisão com objeto";"Com Vítimas Feridas";"Plena Noite";"Decrescente";"Nublado";"Dupla";"Curva;Declive";"Não";3;0;3;0;0;0;3;1;-20,161596;-44,34249401;"SPRF-MG";"DEL04-MG";"UOP03-DEL04-MG"
387266;2021-10-03;"domingo";"06:30:00";"RN";406;121;"POCO BRANCO";"Manobra de mudança de faixa";"Colisão lateral sentido oposto";"Com Vítimas Feridas";"Pleno dia";"Decrescente";"Céu Claro";"Simples";"Aclive";"Não";4;0;0;2;2;0;2;2;-5,58633769;-35,6589849;"SPRF-RN";"DEL02-RN";"UOP01-DEL02-RN"
387267;2021-10-02;"sábado";"23:40:00";"PI";343;292;"ALTOS";"Entrada inopinada do pedestre";"Atropelamento de Pedestre";"Com Vítimas Fatais";"Plena Noite";"Decrescente";"Céu Claro";"Simples";"Reta";"Não";2;1;0;0;0;1;0;2;-4,957365;-42,361111;"SPRF-PI";"DEL01-PI";"UOP03-DEL01-PI"
387268;2021-10-03;"domingo";"06:00:00";"MG";381;344;"BELA VISTA DE MINAS";"Ausência de reação do condutor";"Saída de leito carroçável";"Com Vítimas Feridas";"Amanhecer";"Decrescente";"Chuva";"Simples";"Curva";"Não";4;0;1;3;0;0;4;1;-19,85986781;-43,11280984;"SPRF-MG";"DEL03-MG";"UOP01-DEL03-MG"
387269;2021-10-02;"sábado";"20:00:00";"PB";104;109,9;"LAGOA SECA";"Reação tardia ou ineficiente do condutor";"Colisão traseira";"Com Vítimas Fatais";"Plena Noite";"Crescente";"Vento";"Simples";"Aclive;Reta";"Não";5;1;0;3;0;1;3;3;-7,126379;-35,861725;"SPRF-PB";"DEL02-PB";"UOP04-DEL02-PB"
387271;2021-10-03;"domingo";"04:50:00";"MT";70;731;"CACERES";"Velocidade Incompatível";"Colisão transversal";"Com Vítimas Feridas";"Amanhecer";"Decrescente";"Céu Claro";"Simples";"Reta";"Sim";3;0;1;0;0;2;1;3;-16,099535;-57,678017;"SPRF-MT";"DEL03-MT";"UOP01-DEL03-MT"
387272;2021-10-03;"domingo";"07:35:00";"RS";392;1,2;"RIO GRANDE";"Desrespeitar a preferência no cruzamento";"Colisão transversal";"Com Vítimas Feridas";"Pleno dia";"Crescente";"Céu Claro";"Simples";"Rotatória";"Não";3;0;1;0;2;0;1;2;-32,1314313;-52,11158752;"SPRF-RS";"DEL07-RS";"UOP02-DEL07-RS"
387273;2021-10-03;"domingo";"07:00:00";"TO";153;148;"ARAGUAINA";"Ausência de reação do condutor";"Colisão traseira";"Com Vítimas Feridas";"Pleno dia";"Decrescente";"Céu Claro";"Simples";"Reta";"Não";2;0;1;0;1;0;1;2;-7,23142389;-48,25214009;"SPRF-TO";"DEL02-TO";"UOP01-DEL02-TO"
387274;2021-10-03;"domingo";"07:15:00";"PB";230;24,4;"JOAO PESSOA";"Condutor deixou de manter distância do veículo da frente";"Colisão lateral mesmo sentido";"Com Vítimas Feridas";"Pleno dia";"Crescente";"Céu Claro";"Dupla";"Curva";"Sim";2;0;1;0;0;1;1;2;-7,17068633;-34,86821171;"SPRF-PB";"DEL01-PB";"UOP01-DEL01-PB"
387276;2021-10-03;"domingo";"08:00:00";"SP";116;58,6;"GUARATINGUETA";"Pedestre andava na pista";"Atropelamento de Pedestre";"Com Vítimas Feridas";"Pleno dia";"Crescente";"Sol";"Dupla";"Aclive;Reta";"Não";2;0;1;0;1;0;1;2;-22,78005511;-45,14572791;"SPRF-SP";"DEL08-SP";"UOP01-DEL08-SP"
387278;2021-10-03;"domingo";"08:40:00";"PR";476;123;"CURITIBA";"Ingestão de álcool pelo condutor";"Saída de leito carroçável";"Com Vítimas Feridas";"Pleno dia";"Crescente";"Chuva";"Dupla";"Curva";"Sim";2;0;1;0;1;0;1;1;-25,392904;-49,209557;"SPRF-PR";"DEL01-PR";"UOP03-DEL01-PR"
387279;2021-10-03;"domingo";"07:20:00";"ES";262;78,5;"DOMINGOS MARTINS";"Velocidade Incompatível";"Saída de leito carroçável";"Sem Vítimas";"Pleno dia";"Crescente";"Nublado";"Simples";"Curva";"Não";1;0;0;0;1;0;0;1;-20,41115651;-40,92351223;"SPRF-ES";"DEL01-ES";"UOP02-DEL01-ES"
387284;2021-10-03;"domingo";"08:30:00";"GO";414;410;"ABADIANIA";"Ingestão de álcool pelo condutor";"Colisão traseira";"Sem Vítimas";"Pleno dia";"Crescente";"Céu Claro";"Simples";"Reta";"Sim";5;0;0;0;5;0;0;2;-16,05858626;-48,85401759;"SPRF-GO";"DEL02-GO";"UOP01-DEL02-GO"
387285;2021-10-03;"domingo";"06:15:00";"SC";282;566,9;"NOVA ERECHIM";"Ingestão de álcool pelo condutor";"Saída de leito carroçável";"Sem Vítimas";"Amanhecer";"Crescente";"Chuva";"Simples";"Reta";"Não";2;0;0;0;2;0;0;1;-26,905043;-52,89735;"SPRF-SC";"DEL07-SC";"UOP02-DEL07-SC"
387286;2021-10-03;"domingo";"09:40:00";"PE";101;154,3;"RIBEIRAO";"Avarias e/ou desgaste excessivo no pneu";"Tombamento";"Com Vítimas Feridas";"Pleno dia";"Decrescente";"Céu Claro";"Dupla";"Reta";"Não";2;0;1;1;0;0;2;1;-8,52860711;-35,38883966;"SPRF-PE";"DEL01-PE";"UOP01-DEL01-PE"
387288;2021-09-26;"domingo";"03:30:00";"MS";376;171;"NOVA ANDRADINA";"Condutor deixou de manter distância do veículo da frente";"Colisão traseira";"Com Vítimas Feridas";"Plena Noite";"Decrescente";"Céu Claro";"Dupla";"Reta";"Sim";3;0;1;2;0;0;3;2;-22,30110569;-53,39167844;"SPRF-MS";"DEL04-MS";"UOP04-DEL04-MS"
387290;2021-10-03;"domingo";"09:05:00";"RJ";101;304;"SAO GONCALO";"Condutor Dormindo";"Colisão traseira";"Com Vítimas Feridas";"Pleno dia";"Decrescente";"Nublado";"Dupla";"Reta";"Sim";3;0;2;0;1;0;2;2;-22,78491869;-42,98627706;"SPRF-RJ";"DEL02-RJ";"UOP02-DEL02-RJ"
387292;2021-10-03;"domingo";"09:30:00";"SP";116;349;"MIRACATU";"Avarias e/ou desgaste excessivo no pneu";"Saída de leito carroçável";"Com Vítimas Feridas";"Pleno dia";"Crescente";"Céu Claro";"Dupla";"Curva";"Não";2;0;1;0;0;1;1;1;-24,05190879;-47,213052;"SPRF-SP";"DEL04-SP";"UOP02-DEL04-SP"
387293;2021-10-03;"domingo";"10:00:00";"MG";381;518,3;"IGARAPE";"Velocidade Incompatível";"Queda de ocupante de veículo";"Com Vítimas Feridas";"Pleno dia";"Crescente";"Céu Claro";"Múltipla";"Curva;Aclive";"Não";1;0;1;0;0;0;1;1;-20,12065395;-44,30242562;"SPRF-MG";"DEL04-MG";"UOP03-DEL04-MG"
387294;2021-10-03;"domingo";"10:15:00";"PR";277;625,7;"CEU AZUL";"Reação tardia ou ineficiente do condutor";"Saída de leito carroçável";"Com Vítimas Feridas";"Pleno dia";"Crescente";"Chuva";"Simples";"Reta";"Não";1;0;1;0;0;0;1;1;-25,10778138;-53,74933802;"SPRF-PR";"DEL05-PR";"UOP02-DEL05-PR"
387295;2021-10-03;"domingo";"09:00:00";"MS";60;335;"CAMPO GRANDE";"Manobra de mudança de faixa";"Capotamento";"Com Vítimas Fatais";"Pleno dia";"Crescente";"Céu Claro";"Simples";"Reta";"Não";7;2;5;0;0;0;5;1;-20,36772195;-54,63912964;"SPRF-MS";"DEL01-MS";"UOP02-DEL01-MS"
387297;2021-10-03;"domingo";"10:25:00";"PI";316;7,6;"TERESINA";"Desrespeitar a preferência no cruzamento";"Colisão transversal";"Com Vítimas Feridas";"Pleno dia";"Decrescente";"Sol";"Simples";"Em Obras";"Sim";3;0;1;1;1;0;2;2;-5,15584638;-42,77173332;"SPRF-PI";"DEL01-PI";"UOP02-DEL01-PI"
387298;2021-10-03;"domingo";"10:30:00";"PR";277;36,1;"MORRETES";"Demais falhas mecânicas ou elétricas";"Saída de leito carroçável";"Sem Vítimas";"Pleno dia";"Decrescente";"Chuva";"Dupla";"Reta";"Não";1;0;0;0;1;0;0;1;-25,5585949;-48,80593311;"SPRF-PR";"DEL01-PR";"UOP05-DEL01-PR"
387300;2021-10-03;"domingo";"11:10:00";"ES";482;109,1;"GUACUI";"Acessar a via sem observar a presença dos outros veículos";"Colisão transversal";"Com Vítimas Feridas";"Pleno dia";"Crescente";"Nublado";"Simples";"Interseção de Vias";"Sim";5;0;5;0;0;0;5;2;-20,79358624;-41,69390637;"SPRF-ES";"DEL03-ES";"UOP02-DEL03-ES"
387313;2021-10-03;"domingo";"11:00:00";"RJ";101;234;"SILVA JARDIM";"Velocidade Incompatível";"Saída de leito carroçável";"Com Vítimas Feridas";"Pleno dia";"Decrescente";"Nublado";"Dupla";"Curva";"Não";1;0;1;0;0;0;1;1;-22,60282105;-42,38831176;"SPRF-RJ";"DEL02-RJ";"UOP03-DEL02-RJ"
387314;2021-10-03;"domingo";"12:00:00";"GO";70;7;"AGUAS LINDAS DE GOIAS";"Condutor Dormindo";"Colisão com objeto";"Sem Vítimas";"Pleno dia";"Decrescente";"Céu Claro";"Dupla";"Reta";"Sim";1;0;0;0;1;0;0;1;-15,74375533;-48,26779708;"SPRF-DF";"DEL03-DF";"UOP02-DEL03-DF"
387316;2021-10-03;"domingo";"11:20:00";"MA";10;257;"IMPERATRIZ";"Acessar a via sem observar a presença dos outros veículos";"Colisão transversal";"Com Vítimas Feridas";"Pleno dia";"Crescente";"Céu Claro";"Simples";"Reta";"Sim";2;0;1;0;1;0;1;2;-5,490634;-47,471973;"SPRF-MA";"DEL04-MA";"UOP01-DEL04-MA"
387317;2021-10-03;"domingo";"12:40:00";"SP";116;316,5;"SAO LOURENCO DA SERRA";"Velocidade Incompatível";"Saída de leito carroçável";"Com Vítimas Feridas";"Pleno dia";"Decrescente";"Nublado";"Dupla";"Curva";"Não";1;0;1;0;0;0;1;1;-23,91054997;-46,99149375;"SPRF-SP";"DEL04-SP";"UOP01-DEL04-SP"
387318;2021-10-03;"domingo";"12:30:00";"ES";101;262;"SERRA";"Condutor deixou de manter distância do veículo da frente";"Colisão traseira";"Sem Vítimas";"Pleno dia";"Decrescente";"Sol";"Múltipla";"Reta";"Sim";2;0;0;0;1;1;0;2;-20,1572331;-40,27678329;"SPRF-ES";"DEL02-ES";"UOP01-DEL02-ES"
387319;2021-10-01;"sexta-feira";"15:30:00";"MG";381;177,7;"GOVERNADOR VALADARES";"Ausência de reação do condutor";"Saída de leito carroçável";"Com Vítimas Feridas";"Pleno dia";"Decrescente";"Céu Claro";"Simples";"Reta";"Não";1;0;0;1;0;0;1;1;-19,01680009;-42,14146277;"SPRF-MG";"DEL06-MG";"UOP01-DEL06-MG"
387320;2021-10-03;"domingo";"12:30:00";"SP";381;7;"VARGEM";"Demais falhas mecânicas ou elétricas";"Saída de leito carroçável";"Sem Vítimas";"Pleno dia";"Crescente";"Chuva";"Dupla";"Reta";"Não";2;0;0;0;2;0;0;1;-22,90533708;-46,42270582;"SPRF-SP";"DEL03-SP";"UOP01-DEL03-SP"
387322;2021-10-03;"domingo";"13:20:00";"SC";116;7;"MAFRA";"Acessar a via sem observar a presença dos outros veículos";"Colisão transversal";"Sem Vítimas";"Pleno dia";"Decrescente";"Chuva";"Simples";"Reta";"Sim";3;0;0;0;3;0;0;2;-26,1528763;-49,83188152;"SPRF-SC";"DEL06-SC";"UOP01-DEL06-SC"
387323;2021-10-03;"domingo";"13:30:00";"SC";101;280;"IMBITUBA";"Acessar a via sem observar a presença dos outros veículos";"Colisão transversal";"Com Vítimas Feridas";"Pleno dia";"Crescente";"Nublado";"Múltipla";"Reta;Interseção de Vias";"Não";2;0;1;0;1;0;1;2;-28,19365257;-48,69758606;"SPRF-SC";"DEL02-SC";"UOP03-DEL02-SC"
387324;2021-10-01;"sexta-feira";"06:30:00";"BA";407;50,1;"JUAZEIRO";"Condutor Dormindo";"Saída de leito carroçável";"Com Vítimas Feridas";"Pleno dia";"Decrescente";"Céu Claro";"Simples";"Reta";"Não";1;0;1;0;0;0;1;1;-9,81415798;-40,31571096;"SPRF-BA";"DEL04-BA";"UOP01-DEL04-BA"
387326;2021-10-03;"domingo";"14:00:00";"SC";101;124;"ITAJAI";"Avarias e/ou desgaste excessivo no pneu";"Tombamento";"Com Vítimas Feridas";"Pleno dia";"Crescente";"Nublado";"Múltipla";"Reta";"Sim";2;0;2;0;0;0;2;1;-26,94335064;-48,69198648;"SPRF-SC";"DEL04-SC";"UOP04-DEL04-SC"
387328;2021-10-03;"domingo";"14:25:00";"PR";476;124;"CURITIBA";"Reação tardia ou ineficiente do condutor";"Colisão com objeto";"Com Vítimas Feridas";"Pleno dia";"Decrescente";"Garoa/Chuvisco";"Dupla";"Reta";"Sim";1;0;1;0;0;0;1;1;-25,399845;-49,215855;"SPRF-PR";"DEL01-PR";"UOP03-DEL01-PR"
387329;2021-10-03;"domingo";"14:05:00";"SP";116;182;"SANTA ISABEL";"Acumulo de água sobre o pavimento";"Colisão com objeto";"Com Vítimas Feridas";"Pleno dia";"Crescente";"Chuva";"Dupla";"Curva";"Não";5;0;1;0;4;0;1;1;-23,34505765;-46,16213519;"SPRF-SP";"DEL01-SP";"UOP01-DEL01-SP"
387330;2021-10-03;"domingo";"14:00:00";"MG";40;127;"JOAO PINHEIRO";"Reação tardia ou ineficiente do condutor";"Colisão traseira";"Com Vítimas Feridas";"Pleno dia";"Decrescente";"Céu Claro";"Simples";"Reta";"Não";2;0;1;0;1;0;1;2;-17,69576097;-46,31111897;"SPRF-MG";"DEL14-MG";"UOP01-DEL14-MG"
387331;2021-10-03;"domingo";"14:15:00";"SP";116;173,2;"GUARAREMA";"Acumulo de água sobre o pavimento";"Capotamento";"Com Vítimas Feridas";"Pleno dia";"Crescente";"Chuva";"Dupla";"Curva";"Não";1;0;1;0;0;0;1;1;-23,31710055;-46,08178719;"SPRF-SP";"DEL02-SP";"UOP01-DEL02-SP"
387332;2021-10-03;"domingo";"12:30:00";"PR";376;647,5;"TIJUCAS DO SUL";"Ingestão de álcool pelo condutor";"Colisão traseira";"Com Vítimas Feridas";"Pleno dia";"Decrescente";"Chuva";"Dupla";"Aclive;Reta";"Não";3;0;1;0;2;0;1;2;-25,83292397;-49,11120797;"SPRF-PR";"DEL01-PR";"UOP04-DEL01-PR"
387334;2021-10-03;"domingo";"09:50:00";"RJ";116;35,2;"SAPUCAIA";"Velocidade Incompatível";"Saída de leito carroçável";"Sem Vítimas";"Pleno dia";"Crescente";"Céu Claro";"Simples";"Curva";"Não";1;0;0;0;1;0;0;1;-22,10013682;-42,80135;"SPRF-RJ";"DEL04-RJ";"UOP01-DEL04-RJ"
387336;2021-10-03;"domingo";"12:50:00";"MG";153;218;"FRUTAL";"Demais falhas mecânicas ou elétricas";"Queda de ocupante de veículo";"Com Vítimas Feridas";"Pleno dia";"Crescente";"Céu Claro";"Simples";"Reta";"Não";2;0;2;0;0;0;2;1;-20,13632401;-49,10999889;"SPRF-MG";"DEL13-MG";"UOP02-DEL13-MG"
387337;2021-10-03;"domingo";"13:10:00";"PR";369;509,4;"CASCAVEL";"Velocidade Incompatível";"Saída de leito carroçável";"Com Vítimas Feridas";"Pleno dia";"Crescente";"Chuva";"Simples";"Curva";"Não";4;0;4;0;0;0;4;1;-24,8562715;-53,33384871;"SPRF-PR";"DEL04-PR";"UOP01-DEL04-PR"
387338;2021-10-03;"domingo";"15:10:00";"RJ";116;72;"TERESOPOLIS";"Acessar a via sem observar a presença dos outros veículos";"Colisão lateral mesmo sentido";"Com Vítimas Feridas";"Pleno dia";"Crescente";"Céu Claro";"Dupla";"Curva";"Sim";2;0;1;0;1;0;1;2;-22,336229;-42,938663;"SPRF-RJ";"DEL04-RJ";"UOP01-DEL04-RJ"
387339;2021-10-03;"domingo";"11:25:00";"SC";282;394,9;"JOACABA";"Pista Escorregadia";"Saída de leito carroçável";"Sem Vítimas";"Pleno dia";"Decrescente";"Chuva";"Simples";"Curva";"Não";1;0;0;0;1;0;0;1;-27,16017;-51,58284;"SPRF-SC";"DEL07-SC";"UOP05-DEL07-SC"
387340;2021-10-03;"domingo";"10:40:00";"MS";163;567;"BANDEIRANTES";"Ingestão de álcool pelo condutor";"Saída de leito carroçável";"Sem Vítimas";"Pleno dia";"Crescente";"Sol";"Simples";"Reta";"Não";1;0;0;0;1;0;0;1;-19,75811396;-54,35853617;"SPRF-MS";"DEL01-MS";"UOP02-DEL01-MS"
387342;2021-10-03;"domingo";"15:30:00";"PR";476;154,5;"ARAUCARIA";"Reação tardia ou ineficiente do condutor";"Colisão traseira";"Com Vítimas Feridas";"Pleno dia";"Decrescente";"Chuva";"Dupla";"Reta";"Sim";2;0;1;0;1;0;1;2;-25,58393358;-49,40094709;"SPRF-PR";"DEL01-PR";"UOP03-DEL01-PR"
387343;2021-10-03;"domingo";"15:40:00";"ES";262;19,4;"VIANA";"Desrespeitar a preferência no cruzamento";"Colisão transversal";"Com Vítimas Feridas";"Pleno dia";"Crescente";"Sol";"Simples";"Reta;Interseção de Vias;Retorno Regulamentado";"Sim";4;0;0;2;1;1;2;3;-20,3919143;-40,49002338;"SPRF-ES";"DEL01-ES";"UOP01-DEL01-ES"
387345;2021-10-03;"domingo";"15:00:00";"SP";381;79;"SAO PAULO";"Ausência de reação do condutor";"Colisão com objeto";"Com Vítimas Feridas";"Pleno dia";"Crescente";"Chuva";"Múltipla";"Reta";"Sim";4;0;1;0;3;0;1;3;-23,40319901;-46,57564699;"SPRF-SP";"DEL03-SP";"UOP01-DEL03-SP"
387347;2021-10-03;"domingo";"13:35:00";"PA";222;179;"BOM JESUS DO TOCANTINS";"Ultrapassagem Indevida";"Colisão transversal";"Com Vítimas Feridas";"Pleno dia";"Crescente";"Céu Claro";"Simples";"Interseção de Vias";"Não";3;0;0;2;1;0;2;2;-5,065341;-48,652054;"SPRF-PA";"DEL03-PA";"UOP01-DEL03-PA"
387348;2021-10-03;"domingo";"15:40:00";"MG";381;356,9;"JOAO MONLEVADE";"Retorno proibido";"Colisão transversal";"Com Vítimas Feridas";"Pleno dia";"Decrescente";"Céu Claro";"Simples";"Reta";"Sim";3;0;2;0;1;0;2;2;-19,84765404;-43,20566395;"SPRF-MG";"DEL03-MG";"UOP01-DEL03-MG"
387350;2021-10-03;"domingo";"12:45:00";"MG";365;452,5;"PATROCINIO";"Reação tardia ou ineficiente do condutor";"Saída de leito carroçável";"Com Vítimas Feridas";"Pleno dia";"Crescente";"Sol";"Simples";"Reta";"Não";3;0;0;3;0;0;3;1;-18,8353838;-46,83463097;"SPRF-MG";"DEL10-MG";"UOP01-DEL10-MG"
387351;2021-10-03;"domingo";"16:40:00";"SP";116;212;"GUARULHOS";"Velocidade Incompatível";"Colisão com objeto";"Sem Vítimas";"Pleno dia";"Crescente";"Chuva";"Dupla";"Reta";"Sim";1;0;0;0;1;0;0;1;-23,43608315;-46,42805094;"SPRF-SP";"DEL01-SP";"UOP01-DEL01-SP"
387352;2021-10-03;"domingo";"15:30:00";"MG";40;510;"RIBEIRAO DAS NEVES";"Demais falhas mecânicas ou elétricas";"Incêndio";"Sem Vítimas";"Pleno dia";"Crescente";"Céu Claro";"Dupla";"Reta";"Não";1;0;0;0;1;0;0;1;-19,77463885;-44,12321882;"SPRF-MG";"DEL01-MG";"UOP02-DEL01-MG"
387353;2021-10-03;"domingo";"15:20:00";"GO";60;170;"GOIANIA";"Ingestão de álcool pelo condutor";"Colisão com objeto";"Sem Vítimas";"Pleno dia";"Decrescente";"Céu Claro";"Simples";"Reta";"Não";1;0;0;0;1;0;0;1;-16,7305;-49,3908;"SPRF-GO";"DEL01-GO";"UOP02-DEL01-GO"
387354;2021-10-03;"domingo";"15:00:00";"RJ";40;39;"AREAL";"Frear bruscamente";"Tombamento";"Com Vítimas Feridas";"Pleno dia";"Decrescente";"Céu Claro";"Dupla";"Reta";"Não";2;0;2;0;0;0;2;1;-22,23332;-43,114136;"SPRF-RJ";"DEL05-RJ";"UOP02-DEL05-RJ"
387355;2021-10-03;"domingo";"17:00:00";"PR";277;716;"SANTA TEREZINHA DE ITAIPU";"Condutor deixou de manter distância do veículo da frente";"Colisão traseira";"Com Vítimas Feridas";"Pleno dia";"Decrescente";"Garoa/Chuvisco";"Dupla";"Reta";"Não";5;0;1;0;4;0;1;2;-25,47252277;-54,46707409;"SPRF-PR";"DEL05-PR";"UOP01-DEL05-PR"
387356;2021-10-03;"domingo";"17:25:00";"ES";101;109,6;"SOORETAMA";"Animais na Pista";"Atropelamento de Animal";"Com Vítimas Feridas";"Anoitecer";"Decrescente";"Céu Claro";"Simples";"Declive";"Não";1;0;1;0;0;0;1;1;-19,05756283;-40,03255628;"SPRF-ES";"DEL04-ES";"UOP01-DEL04-ES"