"id";"data_inversa";"dia_semana";"horario";"uf";"br";"km";"municipio";"causa_acidente";"tipo_acidente";"classificacao_acidente";"fase_dia";"sentido_via";"condicao_metereologica";"tipo_pista";"tracado_via";"uso_solo";"pessoas";"mortos";"feridos_leves";"feridos_graves";"ilesos";"ignorados";"feridos";"veiculos";"latitude";"longitude";"regional";"delegacia";"uop"
387357;2021-10-03;"domingo";"16:21:00";"MG";381;748,7;"TRES CORACOES";"Avarias e/ou desgaste excessivo no pneu";"Tombamento";"Com Vítimas Feridas";"Pleno dia";"Decrescente";"Céu Claro";"Dupla";"Reta";"Não";2;0;1;1;0;0;2;1;-21,656366;-45,301823;"SPRF-MG";"DEL16-MG";"UOP02-DEL16-MG"
387360;2021-10-03;"domingo";"05:30:00";"MA";222;261,8;"ARARI";"Condutor deixou de manter distância do veículo da frente";"Colisão lateral mesmo sentido";"Com Vítimas Feridas";"Pleno dia";"Decrescente";"Sol";"Simples";"Reta";"Não";2;0;1;0;1;0;1;2;-3,57578625;-44,67006683;"SPRF-MA";"DEL01-MA";"UOP02-DEL01-MA"
387362;2021-10-03;"domingo";"16:10:00";"RJ";101;529;"ANGRA DOS REIS";"Velocidade Incompatível";"Colisão lateral sentido oposto";"Com Vítimas Feridas";"Pleno dia";"Decrescente";"Chuva";"Simples";"Curva";"Não";4;0;2;0;2;0;2;2;-23,02483585;-44,50876994;"SPRF-RJ";"DEL03-RJ";"UOP02-DEL03-RJ"
387363;2021-10-03;"domingo";"05:00:00";"RS";285;566,3;"SAO LUIZ GONZAGA";"Reação tardia ou ineficiente do condutor";"Saída de leito carroçável";"Sem Vítimas";"Plena Noite";"Crescente";"Céu Claro";"Simples";"Rotatória";"Sim";1;0;0;0;0;1;0;1;-28,41831519;-54,96365547;"SPRF-RS";"DEL10-RS";"UOP01-DEL10-RS"
387364;2021-10-03;"domingo";"16:00:00";"PR";277;130;"CAMPO LARGO";"Velocidade Incompatível";"Colisão com objeto";"Sem Vítimas";"Pleno dia";"Decrescente";"Chuva";"Dupla";"Curva";"Não";2;0;0;0;2;0;0;1;-25,44518045;-49,4985659;"SPRF-PR";"DEL01-PR";"UOP03-DEL03-PR"
387366;2021-10-03;"domingo";"17:50:00";"RS";386;383,7;"TABAI";"Acessar a via sem observar a presença dos outros veículos";"Atropelamento de Pedestre";"Com Vítimas Feridas";"Pleno dia";"Crescente";"Nublado";"Dupla";"Reta";"Sim";2;0;0;1;0;1;1;2;-29,668146;-51,736362;"SPRF-RS";"DEL04-RS";"UOP02-DEL04-RS"
387367;2021-10-03;"domingo";"16:20:00";"MG";381;310;"ANTONIO DIAS";"Ultrapassagem Indevida";"Colisão traseira";"Com Vítimas Feridas";"Pleno dia";"Crescente";"Sol";"Dupla";"Reta;Desvio Temporário;Em Obras";"Não";2;0;1;0;1;0;1;2;-19,6627921;-42,96427856;"SPRF-MG";"DEL03-MG";"UOP02-DEL03-MG"
387368;2021-10-03;"domingo";"17:10:00";"MS";262;759,9;"CORUMBA";"Demais falhas mecânicas ou elétricas";"Tombamento";"Com Vítimas Feridas";"Pleno dia";"Crescente";"Nublado";"Simples";"Reta";"Não";2;0;1;0;1;0;1;1;-19,153316;-57,630328;"SPRF-MS";"DEL03-MS";"UOP03-DEL03-MS"
387369;2021-10-03;"domingo";"16:05:00";"PR";376;665;"GUARATUBA";"Velocidade Incompatível";"Capotamento";"Com Vítimas Feridas";"Pleno dia";"Crescente";"Garoa/Chuvisco";"Simples";"Curva";"Não";3;0;2;0;1;0;2;1;-25,86174269;-48,95069286;"SPRF-PR";"DEL01-PR";"UOP04-DEL01-PR"
387370;2021-10-03;"domingo";"18:00:00";"AL";104;86,8;"RIO LARGO";"Demais falhas na via";"Tombamento";"Com Vítimas Feridas";"Plena Noite";"Crescente";"Céu Claro";"Dupla";"Em Obras";"Sim";2;0;1;0;0;1;1;1;-9,46691715;-35,82504135;"SPRF-AL";"DEL01-AL";"UOP01-DEL01-AL"
387371;2021-10-03;"domingo";"13:30:00";"RJ";493;113;"SEROPEDICA";"Afundamento ou ondulação no pavimento";"Saída de leito carroçável";"Com Vítimas Feridas";"Pleno dia";"Decrescente";"Céu Claro";"Dupla";"Reta";"Sim";2;0;1;0;1;0;1;1;-22,78934655;-43,77585809;"SPRF-RJ";"DEL03-RJ";"UOP01-DEL03-RJ"
387372;2021-10-03;"domingo";"18:20:00";"SP";153;2;"ICEM";"Manobra de mudança de faixa";"Colisão frontal";"Com Vítimas Feridas";"Plena Noite";"Decrescente";"Chuva";"Simples";"Aclive";"Não";2;0;0;1;1;0;1;2;-20,32199868;-49,21108763;"SPRF-SP";"DEL09-SP";"UOP01-DEL09-SP"
387373;2021-10-03;"domingo";"18:00:00";"RN";304;147,8;"ANGICOS";"Animais na Pista";"Atropelamento de Animal";"Com Vítimas Feridas";"Plena Noite";"Decrescente";"Céu Claro";"Simples";"Reta";"Não";1;0;1;0;0;0;1;1;-5,676681;-36,619053;"SPRF-RN";"DEL04-RN";"UOP01-DEL04-RN"
387374;2021-10-03;"domingo";"12:40:00";"AC";317;63;"SENADOR GUIOMARD";"Entrada inopinada do pedestre";"Atropelamento de Pedestre";"Com Vítimas Fatais";"Pleno dia";"Decrescente";"Sol";"Simples";"Reta";"Não";2;1;0;0;0;1;0;2;-10,02722389;-67,53200939;"SPRF-AC";"DEL01-AC";"UOP01-DEL01-AC"
387375;2021-10-03;"domingo";"18:30:00";"PR";116;91;"SAO JOSE DOS PINHAIS";"Reação tardia ou ineficiente do condutor";"Colisão com objeto";"Com Vítimas Feridas";"Plena Noite";"Decrescente";"Chuva";"Dupla";"Reta";"Sim";5;0;3;0;2;0;3;2;-25,46961587;-49,09184037;"SPRF-PR";"DEL01-PR";"UOP01-DEL01-PR"
387377;2021-10-03;"domingo";"18:15:00";"GO";153;676;"PANAMA";"Reação tardia ou ineficiente do condutor";"Saída de leito carroçável";"Com Vítimas Feridas";"Anoitecer";"Crescente";"Céu Claro";"Dupla";"Curva;Interseção de Vias";"Não";1;0;0;1;0;0;1;1;-18,1933;-49,2847;"SPRF-GO";"DEL03-GO";"UOP02-DEL03-GO"
387378;2021-10-03;"domingo";"17:05:00";"MT";163;608;"NOVA MUTUM";"Falta de acostamento";"Colisão frontal";"Com Vítimas Fatais";"Anoitecer";"Crescente";"Céu Claro";"Simples";"Reta";"Não";3;2;0;0;1;0;0;2;-13,836764;-56,08287399;"SPRF-MT";"DEL01-MT";"UOP01-DEL01-MT"
387379;2021-10-03;"domingo";"18:20:00";"SP";116;288;"ITAPECERICA DA SERRA";"Ausência de reação do condutor";"Colisão traseira";"Com Vítimas Feridas";"Anoitecer";"Decrescente";"Chuva";"Dupla";"Reta";"Sim";6;0;1;0;5;0;1;2;-23,719254;-46,883144;"SPRF-SP";"DEL04-SP";"UOP01-DEL04-SP"
387380;2021-10-03;"domingo";"18:10:00";"PE";232;510;"SALGUEIRO";"Velocidade Incompatível";"Colisão traseira";"Sem Vítimas";"Plena Noite";"Decrescente";"Céu Claro";"Simples";"Reta";"Sim";2;0;0;0;2;0;0;2;-8,069539;-39,144712;"SPRF-PE";"DEL05-PE";"UOP01-DEL05-PE"
387381;2021-10-03;"domingo";"19:00:00";"MG";40;484,9;"SETE LAGOAS";"Manobra de mudança de faixa";"Colisão lateral mesmo sentido";"Com Vítimas Feridas";"Plena Noite";"Crescente";"Céu Claro";"Dupla";"Retorno Regulamentado;Reta;Aclive";"Não";2;0;0;1;0;1;1;2;-19,58340467;-44,22840357;"SPRF-MG";"DEL02-MG";"UOP01-DEL02-MG"
387382;2021-10-03;"domingo";"18:20:00";"MS";463;107,3;"PONTA PORA";"Ausência de reação do condutor";"Colisão traseira";"Com Vítimas Fatais";"Plena Noite";"Crescente";"Céu Claro";"Simples";"Reta";"Não";3;1;0;0;2;0;0;2;-22,59094101;-55,67301101;"SPRF-MS";"DEL04-MS";"UOP03-DEL04-MS"
387383;2021-10-03;"domingo";"18:50:00";"MG";40;374,5;"FELIXLANDIA";"Demais falhas mecânicas ou elétricas";"Tombamento";"Com Vítimas Feridas";"Plena Noite";"Crescente";"Céu Claro";"Simples";"Reta";"Não";1;0;1;0;0;0;1;1;-18,84418396;-44,76499557;"SPRF-MG";"DEL02-MG";"UOP01-DEL02-MG"
387385;2021-10-03;"domingo";"19:15:00";"SC";101;213;"PALHOCA";"Frear bruscamente";"Engavetamento";"Com Vítimas Feridas";"Plena Noite";"Decrescente";"Céu Claro";"Múltipla";"Reta";"Sim";4;0;1;0;3;0;1;3;-27,63697369;-48,66514142;"SPRF-SC";"DEL01-SC";"UOP02-DEL01-SC"
387386;2021-10-03;"domingo";"16:57:00";"RJ";116;167;"SAO JOAO DE MERITI";"Demais falhas mecânicas ou elétricas";"Incêndio";"Sem Vítimas";"Pleno dia";"Crescente";"Céu Claro";"Múltipla";"Reta";"Sim";1;0;0;0;1;0;0;1;-22,81803977;-43,30787252;"SPRF-RJ";"DEL01-RJ";"UOP01-DEL01-RJ"
387388;2021-10-03;"domingo";"17:15:00";"SC";158;101;"CUNHA PORA";"Ultrapassagem Indevida";"Colisão traseira";"Com Vítimas Feridas";"Anoitecer";"Decrescente";"Chuva";"Simples";"Reta";"Não";6;0;1;1;3;1;2;4;-26,83661705;-53,17563409;"SPRF-SC";"DEL07-SC";"UOP02-DEL07-SC"
387390;2021-10-03;"domingo";"19:10:00";"SC";280;23,8;"ARAQUARI";"Desrespeitar a preferência no cruzamento";"Colisão transversal";"Com Vítimas Feridas";"Plena Noite";"Crescente";"Nublado";"Simples";"Reta";"Não";2;0;0;1;1;0;1;2;-26,37146;-48,711887;"SPRF-SC";"DEL03-SC";"UOP03-DEL03-SC"
387392;2021-10-03;"domingo";"18:00:00";"RR";401;1;"BOA VISTA";"Pedestre cruzava a pista fora da faixa";"Atropelamento de Pedestre";"Com Vítimas Feridas";"Anoitecer";"Crescente";"Nublado";"Múltipla";"Reta";"Não";7;0;0;1;6;0;1;3;2,80229396;-60,68243402;"SPRF-RR";"DEL01-RR";"UOP01-DEL01-RR"
387393;2021-10-03;"domingo";"17:00:00";"MG";381;907,4;"CAMBUI";"Chuva";"Saída de leito carroçável";"Com Vítimas Feridas";"Anoitecer";"Crescente";"Chuva";"Dupla";"Curva";"Não";4;0;1;0;3;0;1;1;-22,71022398;-46,12178305;"SPRF-MG";"DEL16-MG";"UOP03-DEL16-MG"
387394;2021-10-03;"domingo";"19:00:00";"GO";251;21,6;"CRISTALINA";"Entrada inopinada do pedestre";"Atropelamento de Pedestre";"Com Vítimas Feridas";"Plena Noite";"Decrescente";"Céu Claro";"Simples";"Reta";"Não";2;0;0;1;1;0;1;2;-16,14941834;-47,48138915;"SPRF-DF";"DEL01-DF";"UOP01-DEL01-DF"
387395;2021-10-03;"domingo";"17:20:00";"PB";230;89;"GURINHEM";"Acesso irregular";"Colisão transversal";"Sem Vítimas";"Anoitecer";"Crescente";"Céu Claro";"Dupla";"Reta";"Sim";3;0;0;0;0;3;0;3;-7,1708;-35,3831;"SPRF-PB";"DEL01-PB";"UOP03-DEL01-PB"
387396;2021-10-03;"domingo";"18:30:00";"PR";116;38;"CAMPINA GRANDE DO SUL";"Pista Escorregadia";"Saída de leito carroçável";"Com Vítimas Feridas";"Plena Noite";"Crescente";"Chuva";"Dupla";"Reta";"Não";5;0;3;0;2;0;3;1;-25,14802509;-48,85922071;"SPRF-PR";"DEL01-PR";"UOP02-DEL01-PR"
387397;2021-10-03;"domingo";"19:13:00";"PB";230;151;"CAMPINA GRANDE";"Ingestão de álcool pelo condutor";"Tombamento";"Com Vítimas Feridas";"Plena Noite";"Decrescente";"Céu Claro";"Simples";"Reta";"Sim";1;0;1;0;0;0;1;1;-7,2587;-35,8778;"SPRF-PB";"DEL02-PB";"UOP01-DEL02-PB"
387398;2021-10-03;"domingo";"17:30:00";"MG";381;179,6;"GOVERNADOR VALADARES";"Pista esburacada";"Saída de leito carroçável";"Com Vítimas Feridas";"Anoitecer";"Crescente";"Nublado";"Simples";"Reta";"Não";2;0;1;0;1;0;1;1;-19,03245401;-42,14869187;"SPRF-MG";"DEL06-MG";"UOP01-DEL06-MG"
387399;2021-10-03;"domingo";"19:02:00";"BA";324;603;"SIMOES FILHO";"Animais na Pista";"Saída de leito carroçável";"Com Vítimas Fatais";"Plena Noite";"Crescente";"Céu Claro";"Dupla";"Reta";"Sim";7;1;5;1;0;0;6;2;-12,78025822;-38,41548096;"SPRF-BA";"DEL01-BA";"UOP01-DEL01-BA"
387400;2021-10-03;"domingo";"18:20:00";"MT";163;853;"SINOP";"Ultrapassagem Indevida";"Colisão frontal";"Com Vítimas Fatais";"Plena Noite";"Crescente";"Nublado";"Simples";"Reta";"Sim";6;1;4;1;0;0;5;2;-11,700746;-55,453479;"SPRF-MT";"DEL06-MT";"NPF/DEL06-MT"
387401;2021-10-03;"domingo";"19:05:00";"RS";470;225;"GARIBALDI";"Acessar a via sem observar a presença dos outros veículos";"Colisão transversal";"Com Vítimas Feridas";"Plena Noite";"Crescente";"Garoa/Chuvisco";"Simples";"Reta";"Sim";2;0;1;0;0;1;1;2;-29,21454003;-51,51762617;"SPRF-RS";"DEL06-RS";"UOP01-DEL06-RS"
387402;2021-10-03;"domingo";"18:00:00";"PA";308;155;"CAPANEMA";"Reação tardia ou ineficiente do condutor";"Saída de leito carroçável";"Sem Vítimas";"Anoitecer";"Decrescente";"Nublado";"Simples";"Reta";"Não";1;0;0;0;1;0;0;1;-1,20989609;-47,14983403;"SPRF-PA";"DEL01-PA";"UOP03-DEL01-PA"
387407;2021-10-03;"domingo";"19:00:00";"PR";116;58;"CAMPINA GRANDE DO SUL";"Chuva";"Saída de leito carroçável";"Com Vítimas Feridas";"Plena Noite";"Crescente";"Chuva";"Dupla";"Curva;Declive";"Não";5;0;4;0;1;0;4;1;-25,30325046;-48,94367337;"SPRF-PR";"DEL01-PR";"UOP02-DEL01-PR"
387411;2021-10-03;"domingo";"20:20:00";"DF";70;19,6;"BRASILIA";"Manobra de mudança de faixa";"Colisão com objeto";"Com Vítimas Feridas";"Plena Noite";"Decrescente";"Céu Claro";"Dupla";"Curva;Aclive";"Não";3;0;1;0;2;0;1;3;-15,78917377;-48,22642315;"SPRF-DF";"DEL03-DF";"UOP02-DEL03-DF"
387413;2021-10-03;"domingo";"20:12:00";"SP";116;207;"GUARULHOS";"Trafegar com motocicleta (ou similar) entre as faixas";"Colisão lateral mesmo sentido";"Com Vítimas Feridas";"Plena Noite";"Crescente";"Garoa/Chuvisco";"Dupla";"Reta";"Sim";2;0;1;0;1;0;1;2;-23,41972188;-46,38419203;"SPRF-SP";"DEL01-SP";"UOP01-DEL01-SP"
387414;2021-10-03;"domingo";"20:00:00";"SP";116;205;"ARUJA";"Reação tardia ou ineficiente do condutor";"Colisão traseira";"Sem Vítimas";"Plena Noite";"Crescente";"Chuva";"Dupla";"Curva";"Não";2;0;0;0;2;0;0;2;-23,41475243;-46,36600788;"SPRF-SP";"DEL01-SP";"UOP01-DEL01-SP"
387416;2021-10-03;"domingo";"20:00:00";"MG";267;160,1;"LIMA DUARTE";"Ingestão de álcool e/ou substâncias psicoativas pelo pedestre";"Atropelamento de Pedestre";"Com Vítimas Feridas";"Plena Noite";"Crescente";"Chuva";"Simples";"Reta";"Não";2;0;0;1;1;0;1;2;-21,83636432;-43,77465963;"SPRF-MG";"DEL05-MG";"UOP01-DEL05-MG"
387417;2021-10-03;"domingo";"20:20:00";"ES";101;124,5;"SOORETAMA";"Acessar a via sem observar a presença dos outros veículos";"Colisão traseira";"Com Vítimas Feridas";"Plena Noite";"Decrescente";"Céu Claro";"Simples";"Reta";"Não";3;0;0;1;1;1;1;3;-19,17652792;-40,09118118;"SPRF-ES";"DEL04-ES";"UOP01-DEL04-ES"
387418;2021-10-03;"domingo";"17:10:00";"SC";282;590;"PINHALZINHO";"Condutor deixou de manter distância do veículo da frente";"Colisão traseira";"Com Vítimas Feridas";"Anoitecer";"Crescente";"Chuva";"Simples";"Reta";"Não";3;0;2;0;1;0;2;2;-26,825788;-53,072556;"SPRF-SC";"DEL07-SC";"UOP02-DEL07-SC"
387421;2021-10-03;"domingo";"20:40:00";"PE";232;198,5;"SANHARO";"Acessar a via sem observar a presença dos outros veículos";"Colisão transversal";"Com Vítimas Feridas";"Plena Noite";"Decrescente";"Céu Claro";"Simples";"Reta";"Não";2;0;0;1;1;0;1;2;-8,36980669;-36,59468651;"SPRF-PE";"DEL02-PE";"UOP03-DEL02-PE"
387423;2021-10-03;"domingo";"18:10:00";"MG";381;925,2;"ITAPEVA";"Velocidade Incompatível";"Capotamento";"Com Vítimas Feridas";"Plena Noite";"Crescente";"Chuva";"Dupla";"Curva";"Não";5;0;4;0;1;0;4;1;-22,76890062;-46,20677948;"SPRF-MG";"DEL16-MG";"UOP03-DEL16-MG"
387424;2021-10-03;"domingo";"20:45:00";"PR";369;433;"JURANDA";"Acessar a via sem observar a presença dos outros veículos";"Colisão traseira";"Com Vítimas Feridas";"Plena Noite";"Decrescente";"Garoa/Chuvisco";"Simples";"Reta";"Não";3;0;1;0;2;0;1;2;-24,4751;-52,8755;"SPRF-PR";"DEL04-PR";"UOP03-DEL04-PR"
387425;2021-10-03;"domingo";"20:10:00";"PB";230;9;"CABEDELO";"Pedestre cruzava a pista fora da faixa";"Atropelamento de Pedestre";"Com Vítimas Fatais";"Plena Noite";"Crescente";"Céu Claro";"Dupla";"Em Obras";"Sim";5;1;0;0;3;1;0;3;-7,0433;-34,8466;"SPRF-PB";"DEL01-PB";"UOP01-DEL01-PB"
387426;2021-10-03;"domingo";"17:05:00";"MG";116;506,7;"INHAPIM";"Velocidade Incompatível";"Tombamento";"Com Vítimas Feridas";"Pleno dia";"Crescente";"Céu Claro";"Simples";"Reta";"Não";1;0;1;0;0;0;1;1;-19,61173388;-42,11344072;"SPRF-MG";"DEL06-MG";"UOP02-DEL06-MG"
387427;2021-09-01;"quarta-feira";"18:15:00";"RJ";101;481;"ANGRA DOS REIS";"Conversão proibida";"Colisão transversal";"Com Vítimas Feridas";"Anoitecer";"Decrescente";"Nublado";"Simples";"Declive;Reta";"Sim";2;0;1;0;1;0;1;2;-23,00976021;-44,29153237;"SPRF-RJ";"DEL03-RJ";"UOP03-DEL03-RJ"
387429;2021-10-03;"domingo";"21:00:00";"RJ";40;112;"DUQUE DE CAXIAS";"Animais na Pista";"Atropelamento de Animal";"Com Vítimas Feridas";"Plena Noite";"Crescente";"Céu Claro";"Múltipla";"Reta";"Sim";2;0;1;0;1;0;1;1;-22,7004454;-43,29014851;"SPRF-RJ";"DEL01-RJ";"UOP01-DEL01-RJ"
387430;2021-10-03;"domingo";"21:55:00";"MG";381;485,3;"BETIM";"Ingestão de álcool pelo condutor";"Tombamento";"Com Vítimas Feridas";"Plena Noite";"Crescente";"Céu Claro";"Dupla";"Curva";"Sim";1;0;1;0;0;0;1;1;-19,95659361;-44,12622893;"SPRF-MG";"DEL01-MG";"UOP03-DEL01-MG"
387433;2021-10-03;"domingo";"21:10:00";"MG";40;760,9;"JUIZ DE FORA";"Conversão proibida";"Colisão transversal";"Com Vítimas Feridas";"Plena Noite";"Crescente";"Nublado";"Simples";"Reta";"Não";7;0;3;0;2;2;3;3;-21,56422487;-43,48903656;"SPRF-MG";"DEL05-MG";"UOP01-DEL05-MG"
387434;2021-10-03;"domingo";"19:30:00";"RJ";493;59;"NOVA IGUACU";"Animais na Pista";"Atropelamento de Animal";"Com Vítimas Feridas";"Plena Noite";"Crescente";"Garoa/Chuvisco";"Dupla";"Reta";"Não";4;0;4;0;0;0;4;1;-22,66821736;-43,37550029;"SPRF-RJ";"DEL01-RJ";"UOP03-DEL01-RJ"
387435;2021-10-03;"domingo";"20:30:00";"RS";468;62,9;"SANTO AUGUSTO";"Neblina";"Colisão frontal";"Com Vítimas Fatais";"Plena Noite";"Decrescente";"Nevoeiro/Neblina";"Simples";"Reta";"Não";3;1;0;0;2;0;0;2;-27,76755546;-53,80841115;"SPRF-RS";"DEL08-RS";"UOP02-DEL08-RS"
387436;2021-10-03;"domingo";"18:30:00";"MG";116;763,9;"LEOPOLDINA";"Pedestre cruzava a pista fora da faixa";"Atropelamento de Pedestre";"Com Vítimas Feridas";"Plena Noite";"Crescente";"Céu Claro";"Simples";"Reta";"Sim";2;0;0;1;1;0;1;2;-21,52635545;-42,63256914;"SPRF-MG";"DEL07-MG";"UOP01-DEL07-MG"
387437;2021-10-03;"domingo";"19:15:00";"MS";158;118,8;"APARECIDA DO TABOADO";"Animais na Pista";"Atropelamento de Animal";"Sem Vítimas";"Plena Noite";"Crescente";"Céu Claro";"Simples";"Reta";"Não";2;0;0;0;2;0;0;1;-19,85674512;-51,12105174;"SPRF-MS";"DEL08-MS";"UOP01-DEL08-MS"
387438;2021-10-03;"domingo";"16:40:00";"PR";277;415,1;"CANTAGALO";"Velocidade Incompatível";"Saída de leito carroçável";"Sem Vítimas";"Pleno dia";"Decrescente";"Chuva";"Simples";"Curva";"Não";1;0;0;0;0;1;0;1;-25,41931973;-52,0464317;"SPRF-PR";"DEL04-PR";"UOP02-DEL04-PR"
387439;2021-10-03;"domingo";"22:00:00";"PR";376;540;"PALMEIRA";"Ausência de reação do condutor";"Saída de leito carroçável";"Sem Vítimas";"Plena Noite";"Decrescente";"Chuva";"Dupla";"Reta";"Sim";1;0;0;0;1;0;0;1;-25,413497;-49,775647;"SPRF-PR";"DEL01-PR";"UOP03-DEL03-PR"
387442;2021-10-03;"domingo";"21:02:00";"RJ";465;0;"SEROPEDICA";"Acumulo de água sobre o pavimento";"Tombamento";"Com Vítimas Feridas";"Plena Noite";"Decrescente";"Chuva";"Dupla";"Reta";"Não";1;0;1;0;0;0;1;1;-22,713446;-43,734077;"SPRF-RJ";"DEL01-RJ";"UOP03-DEL01-RJ"
387443;2021-10-03;"domingo";"20:50:00";"PB";104;112,5;"LAGOA SECA";"Transitar na contramão";"Colisão frontal";"Com Vítimas Feridas";"Plena Noite";"Crescente";"Céu Claro";"Simples";"Curva";"Sim";2;0;1;1;0;0;2;2;-7,1450288;-35,85692679;"SPRF-PB";"DEL02-PB";"UOP04-DEL02-PB"
387444;2021-10-03;"domingo";"21:00:00";"SC";480;129;"CHAPECO";"Ingestão de álcool pelo condutor";"Colisão frontal";"Com Vítimas Feridas";"Plena Noite";"Crescente";"Chuva";"Simples";"Reta";"Sim";3;0;0;1;2;0;1;2;-27,04656607;-52,63577131;"SPRF-SC";"DEL07-SC";"UOP01-DEL07-SC"
387445;2021-10-03;"domingo";"21:50:00";"SP";116;301;"SAO LOURENCO DA SERRA";"Curva acentuada";"Saída de leito carroçável";"Com Vítimas Feridas";"Plena Noite";"Decrescente";"Nublado";"Dupla";"Curva";"Não";2;0;1;0;1;0;1;1;-23,81147602;-46,92298208;"SPRF-SP";"DEL04-SP";"UOP01-DEL04-SP"
387446;2021-10-03;"domingo";"21:45:00";"RJ";116;288,7;"BARRA MANSA";"Objeto estático sobre o leito carroçável";"Colisão com objeto";"Com Vítimas Feridas";"Plena Noite";"Crescente";"Chuva";"Dupla";"Curva";"Não";4;0;1;0;3;0;1;1;-22,4574828;-44,29173991;"SPRF-RJ";"DEL07-RJ";"UOP02-DEL07-RJ"
387447;2021-10-03;"domingo";"19:20:00";"MA";230;0;"BARAO DE GRAJAU";"Ausência de reação do condutor";"Colisão com objeto";"Com Vítimas Feridas";"Plena Noite";"Decrescente";"Céu Claro";"Simples";"Declive;Reta";"Não";1;0;1;0;0;0;1;1;-6,760554;-43,011385;"SPRF-PI";"DEL03-PI";"UOP01-DEL03-PI"
387448;2021-10-03;"domingo";"18:50:00";"PB";405;3,9;"UIRAUNA";"Animais na Pista";"Atropelamento de Animal";"Com Vítimas Feridas";"Plena Noite";"Crescente";"Céu Claro";"Simples";"Declive";"Não";3;0;2;0;1;0;2;1;-6,477967;-38,386303;"SPRF-PB";"DEL03-PB";"UOP03-DEL03-PB"
387449;2021-10-03;"domingo";"20:20:00";"SC";101;435,5;"SOMBRIO";"Desrespeitar a preferência no cruzamento";"Colisão transversal";"Com Vítimas Feridas";"Plena Noite";"Crescente";"Nublado";"Simples";"Rotatória";"Sim";2;0;1;0;1;0;1;2;-29,11167575;-49,63880539;"SPRF-SC";"DEL02-SC";"UOP02-DEL02-SC"
387450;2021-10-03;"domingo";"19:00:00";"AP";156;256;"MACAPA";"Ausência de reação do condutor";"Saída de leito carroçável";"Com Vítimas Feridas";"Plena Noite";"Crescente";"Céu Claro";"Simples";"Reta";"Não";1;0;1;0;0;0;1;1;0,2028299;-51,116314;"SPRF-AP";"DEL01-AP";"UOP01-DEL01-AP"
387451;2021-10-03;"domingo";"22:30:00";"GO";40;7,2;"LUZIANIA";"Velocidade Incompatível";"Colisão lateral mesmo sentido";"Com Vítimas Feridas";"Plena Noite";"Crescente";"Céu Claro";"Dupla";"Reta";"Sim";2;0;1;0;1;0;1;2;-16,108482;-47,972524;"SPRF-DF";"DEL01-DF";"UOP01-DEL01-DF"
387452;2021-10-03;"domingo";"18:25:00";"MA";316;593,8;"TIMON";"Objeto estático sobre o leito carroçável";"Colisão com objeto";"Com Vítimas Feridas";"Plena Noite";"Crescente";"Céu Claro";"Simples";"Reta";"Não";2;0;0;2;0;0;2;1;-5,009359;-43,015121;"SPRF-MA";"DEL03-MA";"UOP02-DEL03-MA"
387454;2021-10-03;"domingo";"22:10:00";"SP";459;9;"PIQUETE";"Velocidade Incompatível";"Saída de leito carroçável";"Com Vítimas Feridas";"Plena Noite";"Crescente";"Chuva";"Simples";"Declive";"Não";1;0;1;0;0;0;1;1;-22,580744;-45,196285;"SPRF-SP";"DEL08-SP";"UOP02-DEL08-SP"
387455;2021-10-03;"domingo";"21:00:00";"SC";282;640,8;"DESCANSO";"Ingestão de álcool pelo condutor";"Colisão frontal";"Com Vítimas Feridas";"Plena Noite";"Decrescente";"Chuva";"Simples";"Reta";"Não";4;0;1;1;2;0;2;2;-26,779519;-53,46069;"SPRF-SC";"DEL07-SC";"UOP03-DEL07-SC"
387458;2021-10-03;"domingo";"20:15:00";"PB";230;54,8;"CRUZ DO ESPIRITO SANTO";"Reação tardia ou ineficiente do condutor";"Saída de leito carroçável";"Sem Vítimas";"Plena Noite";"Decrescente";"Céu Claro";"Dupla";"Reta";"Não";1;0;0;0;0;1;0;1;-7,2007;-35,0854;"SPRF-PB";"DEL01-PB";"UOP03-DEL01-PB"
387459;2021-10-03;"domingo";"22:30:00";"BA";101;507;"ITABUNA";"Animais na Pista";"Atropelamento de Animal";"Com Vítimas Feridas";"Plena Noite";"Crescente";"Céu Claro";"Simples";"Retorno Regulamentado";"Não";2;0;1;0;1;0;1;1;-14,96379924;-39,31343385;"SPRF-BA";"DEL05-BA";"UOP01-DEL05-BA"
387461;2021-10-03;"domingo";"22:30:00";"BA";415;19;"ILHEUS";"Acessar a via sem observar a presença dos outros veículos";"Colisão transversal";"Com Vítimas Feridas";"Plena Noite";"Decrescente";"Céu Claro";"Simples";"Reta";"Não";2;0;0;1;1;0;1;2;-14,80198523;-39,13038438;"SPRF-BA";"DEL05-BA";"UOP01-DEL05-BA"
387462;2021-10-03;"domingo";"22:30:00";"RJ";101;61;"CAMPOS DOS GOYTACAZES";"Acessar a via sem observar a presença dos outros veículos";"Colisão transversal";"Com Vítimas Feridas";"Plena Noite";"Crescente";"Céu Claro";"Simples";"Reta";"Sim";2;0;1;0;1;0;1;2;-21,72655788;-41,32133519;"SPRF-RJ";"DEL08-RJ";"UOP01-DEL08-RJ"