"id";"data_inversa";"dia_semana";"horario";"uf";"br";"km";"municipio";"causa_acidente";"tipo_acidente";"classificacao_acidente";"fase_dia";"sentido_via";"condicao_metereologica";"tipo_pista";"tracado_via";"uso_solo";"pessoas";"mortos";"feridos_leves";"feridos_graves";"ilesos";"ignorados";"feridos";"veiculos";"latitude";"longitude";"regional";"delegacia";"uop"
387715;2021-08-19;"quinta-feira";"16:00:00";"AP";156;47;"LARANJAL DO JARI";"Transitar na contramão";"Colisão frontal";"Com Vítimas Feridas";"Pleno dia";"Crescente";"Céu Claro";"Simples";"Curva";"Não";3;0;0;2;1;0;2;2;-0,721869;-52,417244;"SPRF-AP";"DEL01-AP";"UOP01-DEL01-AP"
387716;2021-10-05;"terça-feira";"06:30:00";"MA";135;89;"ITAPECURU MIRIM";"Condutor deixou de manter distância do veículo da frente";"Colisão traseira";"Sem Vítimas";"Pleno dia";"Crescente";"Céu Claro";"Simples";"Reta";"Não";2;0;0;0;2;0;0;2;-3,28431704;-44,41158095;"SPRF-MA";"DEL01-MA";"UOP02-DEL01-MA"
387718;2021-09-10;"sexta-feira";"04:40:00";"SC";470;41;"GASPAR";"Obras na pista";"Queda de ocupante de veículo";"Com Vítimas Feridas";"Plena Noite";"Decrescente";"Ignorado";"Simples";"Reta";"Não";1;0;0;1;0;0;1;1;-26,89727192;-48,98803711;"SPRF-SC";"DEL04-SC";"UOP01-DEL04-SC"
387719;2021-10-05;"terça-feira";"10:05:00";"PE";232;8;"RECIFE";"Ausência de reação do condutor";"Colisão traseira";"Com Vítimas Feridas";"Pleno dia";"Crescente";"Céu Claro";"Dupla";"Reta";"Sim";4;0;1;0;3;0;1;3;-8,076306;-34,971548;"SPRF-PE";"DEL01-PE";"UOP01-DEL01-PE"
387720;2021-10-05;"terça-feira";"09:45:00";"CE";116;418,9;"IPAUMIRIM";"Pista esburacada";"Saída de leito carroçável";"Com Vítimas Feridas";"Pleno dia";"Crescente";"Céu Claro";"Simples";"Reta";"Não";1;0;1;0;0;0;1;1;-6,74582978;-38,78987124;"SPRF-CE";"DEL05-CE";"UOP01-DEL05-CE"
387721;2021-10-05;"terça-feira";"10:20:00";"SC";470;40;"GASPAR";"Condutor Dormindo";"Colisão frontal";"Com Vítimas Feridas";"Pleno dia";"Crescente";"Céu Claro";"Simples";"Reta";"Sim";4;0;3;1;0;0;4;2;-26,889574;-48,99094;"SPRF-SC";"DEL04-SC";"UOP01-DEL04-SC"
387722;2021-10-05;"terça-feira";"10:10:00";"PE";408;104,8;"JABOATAO DOS GUARARAPES";"Acesso irregular";"Colisão traseira";"Com Vítimas Feridas";"Pleno dia";"Decrescente";"Céu Claro";"Dupla";"Reta";"Sim";3;0;1;0;2;0;1;2;-8,07564;-34,992254;"SPRF-PE";"DEL01-PE";"UOP01-DEL01-PE"
387723;2021-10-05;"terça-feira";"10:00:00";"RJ";101;476;"ANGRA DOS REIS";"Acumulo de água sobre o pavimento";"Tombamento";"Com Vítimas Feridas";"Pleno dia";"Crescente";"Chuva";"Simples";"Curva";"Sim";1;0;1;0;0;0;1;1;-23,0055431;-44,26195833;"SPRF-RJ";"DEL03-RJ";"UOP03-DEL03-RJ"
387724;2021-10-05;"terça-feira";"10:50:00";"ES";262;90,9;"DOMINGOS MARTINS";"Acessar a via sem observar a presença dos outros veículos";"Colisão transversal";"Com Vítimas Feridas";"Pleno dia";"Crescente";"Nublado";"Simples";"Interseção de Vias";"Sim";3;0;1;0;1;1;1;3;-20,37847363;-41,03285193;"SPRF-ES";"DEL01-ES";"UOP02-DEL01-ES"
387725;2021-10-05;"terça-feira";"11:35:00";"SP";381;25;"BRAGANCA PAULISTA";"Ausência de reação do condutor";"Colisão traseira";"Com Vítimas Feridas";"Pleno dia";"Crescente";"Céu Claro";"Dupla";"Reta";"Não";2;0;1;0;1;0;1;2;-23,02018004;-46,52966596;"SPRF-SP";"DEL03-SP";"UOP01-DEL03-SP"
387726;2021-10-05;"terça-feira";"11:00:00";"RN";226;40;"MACAIBA";"Entrada inopinada do pedestre";"Atropelamento de Pedestre";"Com Vítimas Feridas";"Pleno dia";"Decrescente";"Céu Claro";"Simples";"Reta";"Não";2;0;0;1;1;0;1;2;-5,92839425;-35,54055377;"SPRF-RN";"DEL03-RN";"UOP02-DEL03-RN"
387727;2021-10-05;"terça-feira";"09:50:00";"RJ";101;465;"ANGRA DOS REIS";"Chuva";"Capotamento";"Com Vítimas Feridas";"Pleno dia";"Crescente";"Chuva";"Simples";"Curva";"Não";1;0;1;0;0;0;1;1;-23,01794979;-44,21352319;"SPRF-RJ";"DEL03-RJ";"UOP03-DEL03-RJ"
387728;2021-08-29;"domingo";"15:00:00";"AP";156;218;"SANTANA";"Pista Escorregadia";"Saída de leito carroçável";"Com Vítimas Feridas";"Pleno dia";"Decrescente";"Ignorado";"Simples";"Reta";"Não";1;0;0;1;0;0;1;1;0,15060922;-51,57905839;"SPRF-AP";"DEL01-AP";"UOP01-DEL01-AP"
387729;2021-10-05;"terça-feira";"11:45:00";"MT";158;636,5;"NOVA XAVANTINA";"Velocidade Incompatível";"Saída de leito carroçável";"Com Vítimas Fatais";"Pleno dia";"Decrescente";"Céu Claro";"Simples";"Reta";"Não";6;2;0;3;1;0;3;2;-14,53642582;-52,354405;"SPRF-MT";"DEL07-MT";"UOP02-DEL07-MT"
387733;2021-09-26;"domingo";"21:30:00";"AP";156;441;"TARTARUGALZINHO";"Iluminação deficiente";"Atropelamento de Pedestre";"Com Vítimas Feridas";"Plena Noite";"Crescente";"Céu Claro";"Simples";"Reta";"Não";2;0;0;1;0;1;1;2;1,28727986;-50,95643358;"SPRF-AP";"DEL01-AP";"UOP01-DEL01-AP"
387734;2021-09-15;"quarta-feira";"11:59:00";"PR";369;148;"LONDRINA";"Manobra de mudança de faixa";"Tombamento";"Com Vítimas Feridas";"Pleno dia";"Crescente";"Céu Claro";"Dupla";"Reta";"Sim";1;0;1;0;0;0;1;1;-23,29302595;-51,13931961;"SPRF-PR";"DEL07-PR";"UOP01-DEL07-PR"
387735;2021-10-05;"terça-feira";"12:00:00";"MG";40;531;"BELO HORIZONTE";"Reação tardia ou ineficiente do condutor";"Colisão traseira";"Com Vítimas Feridas";"Pleno dia";"Decrescente";"Céu Claro";"Dupla";"Reta";"Não";2;0;1;0;1;0;1;2;-19,91962483;-44,02522683;"SPRF-MG";"DEL01-MG";"UOP02-DEL01-MG"
387736;2021-10-05;"terça-feira";"10:45:00";"GO";60;438,2;"RIO VERDE";"Reação tardia ou ineficiente do condutor";"Saída de leito carroçável";"Com Vítimas Feridas";"Pleno dia";"Decrescente";"Céu Claro";"Dupla";"Curva";"Não";1;0;0;1;0;0;1;1;-17,836494;-51,409187;"SPRF-GO";"DEL04-GO";"UOP01-DEL04-GO"
387737;2021-10-05;"terça-feira";"13:00:00";"GO";60;65;"ABADIANIA";"Manobra de mudança de faixa";"Saída de leito carroçável";"Com Vítimas Feridas";"Pleno dia";"Decrescente";"Sol";"Dupla";"Curva";"Não";1;0;1;0;0;0;1;1;-16,2058;-48,7409;"SPRF-GO";"DEL02-GO";"UOP01-DEL02-GO"
387738;2021-10-05;"terça-feira";"12:20:00";"PB";230;11,1;"CABEDELO";"Conversão proibida";"Colisão transversal";"Com Vítimas Feridas";"Pleno dia";"Decrescente";"Sol";"Dupla";"Retorno Regulamentado;Reta";"Sim";2;0;0;1;1;0;1;2;-7,06403219;-34,85021572;"SPRF-PB";"DEL01-PB";"UOP01-DEL01-PB"
387741;2021-10-05;"terça-feira";"13:25:00";"BA";324;452,5;"RIACHAO DO JACUIPE";"Transitar na contramão";"Colisão frontal";"Com Vítimas Fatais";"Pleno dia";"Crescente";"Céu Claro";"Simples";"Reta";"Não";4;1;1;2;0;0;3;2;-11,88719883;-39,29045187;"SPRF-BA";"DEL02-BA";"UOP01-DEL02-BA"
387743;2021-10-05;"terça-feira";"10:07:00";"PB";230;406,3;"POMBAL";"Ultrapassagem Indevida";"Colisão lateral mesmo sentido";"Sem Vítimas";"Pleno dia";"Decrescente";"Céu Claro";"Simples";"Reta";"Sim";2;0;0;0;1;1;0;2;-6,7842;-37,7987;"SPRF-PB";"DEL03-PB";"UOP02-DEL03-PB"
387744;2021-09-06;"segunda-feira";"11:40:00";"SC";282;647;"SAO MIGUEL DO OESTE";"Acessar a via sem observar a presença dos outros veículos";"Colisão transversal";"Com Vítimas Feridas";"Pleno dia";"Crescente";"Nublado";"Dupla";"Interseção de Vias";"Sim";2;0;1;0;1;0;1;2;-26,756721;-53,500633;"SPRF-SC";"DEL07-SC";"UOP03-DEL07-SC"
387746;2021-10-05;"terça-feira";"12:00:00";"MG";381;293;"ANTONIO DIAS";"Demais falhas mecânicas ou elétricas";"Eventos atípicos";"Com Vítimas Feridas";"Pleno dia";"Crescente";"Céu Claro";"Simples";"Reta";"Não";1;0;1;0;0;0;1;1;-19,61823684;-42,84746491;"SPRF-MG";"DEL03-MG";"UOP02-DEL03-MG"
387747;2021-10-05;"terça-feira";"12:20:00";"PE";232;133,1;"CARUARU";"Ausência de sinalização";"Colisão traseira";"Com Vítimas Feridas";"Pleno dia";"Crescente";"Sol";"Dupla";"Reta";"Sim";5;0;2;0;3;0;2;2;-8,306284;-36,016364;"SPRF-PE";"DEL02-PE";"UOP03-DEL02-PE"
387748;2021-09-11;"sábado";"18:10:00";"SC";101;411;"ARARANGUA";"Acessar a via sem observar a presença dos outros veículos";"Colisão transversal";"Com Vítimas Feridas";"Plena Noite";"Decrescente";"Céu Claro";"Simples";"Interseção de Vias";"Sim";2;0;0;1;1;0;1;2;-28,93112097;-49,4940421;"SPRF-SC";"DEL02-SC";"UOP02-DEL02-SC"
387749;2021-09-03;"sexta-feira";"08:05:00";"GO";40;12,9;"LUZIANIA";"Reação tardia ou ineficiente do condutor";"Colisão traseira";"Com Vítimas Feridas";"Pleno dia";"Decrescente";"Céu Claro";"Dupla";"Reta";"Sim";2;0;1;0;0;1;1;2;-16,15075021;-47,93991566;"SPRF-DF";"DEL01-DF";"UOP01-DEL01-DF"
387751;2021-10-05;"terça-feira";"14:10:00";"RS";290;67,7;"GRAVATAI";"Demais falhas mecânicas ou elétricas";"Tombamento";"Com Vítimas Feridas";"Pleno dia";"Decrescente";"Céu Claro";"Dupla";"Reta";"Não";1;0;1;0;0;0;1;1;-29,94256;-50,925896;"SPRF-RS";"DEL03-RS";"UOP01-DEL03-RS"
387754;2021-10-05;"terça-feira";"14:10:00";"SC";101;211,5;"PALHOCA";"Avarias e/ou desgaste excessivo no pneu";"Tombamento";"Com Vítimas Feridas";"Pleno dia";"Decrescente";"Sol";"Múltipla";"Reta";"Sim";1;0;1;0;0;0;1;1;-27,62432804;-48,65292728;"SPRF-SC";"DEL01-SC";"UOP02-DEL01-SC"
387756;2021-10-05;"terça-feira";"14:30:00";"SE";101;93,4;"NOSSA SENHORA DO SOCORRO";"Reação tardia ou ineficiente do condutor";"Colisão transversal";"Com Vítimas Feridas";"Pleno dia";"Crescente";"Céu Claro";"Dupla";"Reta";"Sim";3;0;1;0;2;0;1;2;-10,90212319;-37,14494787;"SPRF-SE";"DEL01-SE";"UOP01-DEL01-SE"
387761;2021-08-10;"terça-feira";"12:45:00";"GO";60;212,2;"VARJAO";"Demais falhas mecânicas ou elétricas";"Incêndio";"Com Vítimas Feridas";"Pleno dia";"Decrescente";"Céu Claro";"Dupla";"Reta";"Não";1;0;1;0;0;0;1;1;-16,9521;-49,6829;"SPRF-GO";"DEL01-GO";"UOP02-DEL01-GO"
387764;2021-10-05;"terça-feira";"14:15:00";"PR";277;712,4;"SANTA TEREZINHA DE ITAIPU";"Frear bruscamente";"Colisão traseira";"Com Vítimas Feridas";"Pleno dia";"Decrescente";"Sol";"Dupla";"Reta;Aclive";"Não";4;0;1;0;3;0;1;2;-25,45780735;-54,43119986;"SPRF-PR";"DEL05-PR";"UOP01-DEL05-PR"
387765;2021-09-13;"segunda-feira";"06:00:00";"RJ";101;313;"SAO GONCALO";"Manobra de mudança de faixa";"Colisão lateral mesmo sentido";"Com Vítimas Feridas";"Pleno dia";"Crescente";"Nublado";"Dupla";"Reta";"Não";3;0;1;0;0;2;1;3;-22,81049093;-43,06983304;"SPRF-RJ";"DEL02-RJ";"UOP02-DEL02-RJ"
387766;2021-10-05;"terça-feira";"16:10:00";"MG";262;423,9;"IGARATINGA";"Velocidade Incompatível";"Saída de leito carroçável";"Com Vítimas Feridas";"Pleno dia";"Crescente";"Sol";"Dupla";"Reta;Aclive";"Não";3;0;2;0;1;0;2;1;-19,88411644;-44,73943306;"SPRF-MG";"DEL08-MG";"UOP03-DEL08-MG"
387767;2021-10-05;"terça-feira";"16:20:00";"DF";20;54;"BRASILIA";"Mal súbito do condutor";"Saída de leito carroçável";"Com Vítimas Feridas";"Pleno dia";"Crescente";"Céu Claro";"Dupla";"Reta;Declive";"Não";2;0;2;0;0;0;2;1;-15,578154;-47,384861;"SPRF-DF";"DEL02-DF";"UOP01-DEL02-DF"
387768;2021-10-05;"terça-feira";"16:07:00";"PR";376;176,5;"MARINGA";"Trafegar com motocicleta (ou similar) entre as faixas";"Colisão lateral mesmo sentido";"Com Vítimas Feridas";"Pleno dia";"Decrescente";"Céu Claro";"Múltipla";"Reta";"Sim";2;0;1;0;1;0;1;2;-23,41269173;-51,93158327;"SPRF-PR";"DEL09-PR";"UOP01-DEL09-PR"
387769;2021-10-05;"terça-feira";"16:30:00";"PE";101;46,7;"IGARASSU";"Condutor deixou de manter distância do veículo da frente";"Colisão traseira";"Sem Vítimas";"Pleno dia";"Crescente";"Céu Claro";"Dupla";"Reta";"Sim";3;0;0;0;2;1;0;3;-7,87406004;-34,90588126;"SPRF-PE";"DEL01-PE";"UOP02-DEL01-PE"
387774;2021-10-05;"terça-feira";"15:42:00";"RS";290;69,1;"GRAVATAI";"Acessar a via sem observar a presença dos outros veículos";"Colisão transversal";"Com Vítimas Fatais";"Pleno dia";"Crescente";"Sol";"Dupla";"Reta";"Sim";5;1;0;0;4;0;0;2;-29,94555479;-50,94852805;"SPRF-RS";"DEL03-RS";"UOP01-DEL03-RS"
387775;2021-10-05;"terça-feira";"13:45:00";"BA";101;78;"ENTRE RIOS";"Demais falhas mecânicas ou elétricas";"Saída de leito carroçável";"Com Vítimas Feridas";"Pleno dia";"Crescente";"Céu Claro";"Dupla";"Declive";"Não";3;0;2;0;1;0;2;1;-12,00611883;-38,26182514;"SPRF-BA";"DEL01-BA";"UOP04-DEL01-BA"
387776;2021-10-05;"terça-feira";"16:50:00";"PI";343;2,4;"TERESINA";"Condutor Dormindo";"Saída de leito carroçável";"Sem Vítimas";"Pleno dia";"Decrescente";"Céu Claro";"Dupla";"Retorno Regulamentado";"Sim";2;0;0;0;2;0;0;2;-5,089569;-42,802288;"SPRF-PI";"DEL01-PI";"UOP01-DEL01-PI"
387778;2021-10-05;"terça-feira";"16:40:00";"PR";163;297;"MERCEDES";"Ultrapassagem Indevida";"Colisão frontal";"Com Vítimas Feridas";"Pleno dia";"Crescente";"Céu Claro";"Simples";"Reta";"Não";5;0;5;0;0;0;5;2;-24,5195803759;-54,1089750438;"SPRF-PR";"DEL06-PR";"UOP02-DEL06-PR"
387780;2021-10-05;"terça-feira";"17:15:00";"PE";423;91;"GARANHUNS";"Retorno proibido";"Colisão transversal";"Com Vítimas Feridas";"Anoitecer";"Decrescente";"Céu Claro";"Simples";"Declive";"Não";2;0;0;1;0;1;1;2;-8,85375408;-36,46278381;"SPRF-PE";"DEL03-PE";"UOP01-DEL03-PE"
387781;2021-10-05;"terça-feira";"17:00:00";"ES";101;296;"CARIACICA";"Acessar a via sem observar a presença dos outros veículos";"Colisão lateral mesmo sentido";"Com Vítimas Feridas";"Anoitecer";"Decrescente";"Nublado";"Dupla";"Reta";"Sim";2;0;0;2;0;0;2;2;-20,34029997;-40,40405712;"SPRF-ES";"DEL01-ES";"UOP01-DEL01-ES"
387782;2021-09-03;"sexta-feira";"19:30:00";"RJ";101;263;"RIO BONITO";"Ausência de reação do condutor";"Eventos atípicos";"Com Vítimas Feridas";"Plena Noite";"Decrescente";"Céu Claro";"Dupla";"Reta";"Não";2;0;1;1;0;0;2;2;-22,71887266;-42,62637498;"SPRF-RJ";"DEL02-RJ";"UOP03-DEL02-RJ"
387783;2021-10-05;"terça-feira";"16:30:00";"RR";174;502;"BOA VISTA";"Condutor desrespeitou a iluminação vermelha do semáforo";"Colisão transversal";"Com Vítimas Feridas";"Pleno dia";"Crescente";"Céu Claro";"Dupla";"Interseção de Vias";"Sim";4;0;2;0;2;0;2;4;2,79619735;-60,69843292;"SPRF-RR";"DEL01-RR";"UOP01-DEL01-RR"
387785;2021-10-05;"terça-feira";"17:40:00";"BA";116;819,3;"VITORIA DA CONQUISTA";"Reação tardia ou ineficiente do condutor";"Colisão traseira";"Com Vítimas Feridas";"Anoitecer";"Crescente";"Céu Claro";"Simples";"Aclive;Interseção de Vias";"Não";3;0;2;0;1;0;2;2;-14,82982808;-40,83099257;"SPRF-BA";"DEL08-BA";"UOP01-DEL08-BA"
387788;2021-10-05;"terça-feira";"11:40:00";"RJ";101;417;"MANGARATIBA";"Chuva";"Saída de leito carroçável";"Com Vítimas Feridas";"Pleno dia";"Decrescente";"Chuva";"Simples";"Curva";"Não";2;0;1;0;1;0;1;1;-22,91293797;-43,89732384;"SPRF-RJ";"DEL03-RJ";"UOP03-DEL03-RJ"
387789;2021-10-05;"terça-feira";"18:30:00";"RN";405;146,2;"PAU DOS FERROS";"Ingestão de álcool pelo condutor";"Colisão traseira";"Com Vítimas Fatais";"Anoitecer";"Crescente";"Céu Claro";"Simples";"Reta";"Não";2;1;0;0;1;0;0;2;-6,07057396;-38,20589212;"SPRF-RN";"DEL04-RN";"UOP02-DEL04-RN"
387791;2021-10-05;"terça-feira";"18:30:00";"SC";101;132;"BALNEARIO CAMBORIU";"Acessar a via sem observar a presença dos outros veículos";"Colisão transversal";"Com Vítimas Feridas";"Anoitecer";"Decrescente";"Céu Claro";"Múltipla";"Interseção de Vias";"Sim";2;0;0;1;1;0;1;2;-26,99654133;-48,65564711;"SPRF-SC";"DEL04-SC";"UOP03-DEL04-SC"
387794;2021-10-05;"terça-feira";"18:30:00";"CE";222;113,4;"ITAPAJE";"Pedestre cruzava a pista fora da faixa";"Atropelamento de Pedestre";"Com Vítimas Fatais";"Plena Noite";"Crescente";"Céu Claro";"Simples";"Reta";"Não";2;1;0;0;0;1;0;2;-3,74511322;-39,51862504;"SPRF-CE";"DEL04-CE";"UOP03-DEL04-CE"
387801;2021-10-05;"terça-feira";"18:30:00";"PB";230;29;"JOAO PESSOA";"Manobra de mudança de faixa";"Colisão lateral mesmo sentido";"Com Vítimas Feridas";"Plena Noite";"Crescente";"Céu Claro";"Dupla";"Reta";"Sim";3;0;1;1;0;1;2;2;-7,15771908;-34,9067175;"SPRF-PB";"DEL01-PB";"UOP01-DEL01-PB"
387802;2021-10-05;"terça-feira";"18:30:00";"MS";163;20,2;"ELDORADO";"Transitar na contramão";"Colisão transversal";"Com Vítimas Feridas";"Plena Noite";"Decrescente";"Céu Claro";"Simples";"Rotatória";"Sim";2;0;1;0;1;0;1;2;-23,92529776;-54,2835309;"SPRF-MS";"DEL09-MS";"UOP02-DEL09-MS"
387803;2021-10-05;"terça-feira";"19:00:00";"MG";364;27,1;"FRUTAL";"Transitar no acostamento";"Atropelamento de Pedestre";"Com Vítimas Feridas";"Plena Noite";"Crescente";"Nublado";"Simples";"Reta";"Não";2;0;2;0;0;0;2;2;-20,025119;-48,892637;"SPRF-MG";"DEL13-MG";"UOP02-DEL13-MG"
387804;2021-10-05;"terça-feira";"19:20:00";"RS";285;300,3;"PASSO FUNDO";"Acessar a via sem observar a presença dos outros veículos";"Colisão lateral mesmo sentido";"Com Vítimas Feridas";"Plena Noite";"Decrescente";"Céu Claro";"Simples";"Interseção de Vias";"Sim";2;0;1;0;1;0;1;2;-28,229494;-52,441837;"SPRF-RS";"DEL08-RS";"UOP03-DEL08-RS"
387805;2021-10-05;"terça-feira";"18:10:00";"MT";163;753;"SORRISO";"Acessar a via sem observar a presença dos outros veículos";"Colisão transversal";"Com Vítimas Feridas";"Anoitecer";"Decrescente";"Nublado";"Dupla";"Retorno Regulamentado";"Sim";2;0;1;0;1;0;1;2;-12,552174;-55,714413;"SPRF-MT";"DEL06-MT";"UOP01-DEL06-MT"
387806;2021-10-05;"terça-feira";"15:00:00";"RO";364;412;"JARU";"Condutor deixou de manter distância do veículo da frente";"Colisão traseira";"Sem Vítimas";"Pleno dia";"Decrescente";"Nublado";"Simples";"Reta";"Não";5;0;0;0;5;0;0;2;-10,52249251;-62,4003499;"SPRF-RO";"DEL03-RO";"UOP02-DEL03-RO"
387808;2021-08-15;"domingo";"20:00:00";"MA";230;50;"BARAO DE GRAJAU";"Transitar na contramão";"Colisão frontal";"Com Vítimas Feridas";"Plena Noite";"Decrescente";"Céu Claro";"Simples";"Reta";"Não";3;0;0;1;2;0;1;2;-6,60796518;-43,4056311;"SPRF-PI";"DEL03-PI";"UOP01-DEL03-PI"
387809;2021-10-05;"terça-feira";"20:19:00";"CE";116;18;"ITAITINGA";"Objeto estático sobre o leito carroçável";"Colisão com objeto";"Com Vítimas Feridas";"Plena Noite";"Crescente";"Céu Claro";"Dupla";"Reta";"Sim";1;0;1;0;0;0;1;1;-3,90496605;-38,50518756;"SPRF-CE";"DEL01-CE";"UOP02-DEL01-CE"
387811;2021-10-05;"terça-feira";"20:30:00";"ES";101;255,3;"SERRA";"Velocidade Incompatível";"Colisão traseira";"Com Vítimas Feridas";"Plena Noite";"Crescente";"Céu Claro";"Simples";"Reta";"Sim";2;0;0;1;1;0;1;2;-20,11487935;-40,31943619;"SPRF-ES";"DEL02-ES";"UOP01-DEL02-ES"
387814;2021-10-05;"terça-feira";"20:45:00";"PI";343;183;"PIRIPIRI";"Transitar na contramão";"Colisão traseira";"Com Vítimas Feridas";"Plena Noite";"Decrescente";"Céu Claro";"Simples";"Reta";"Sim";2;0;1;0;1;0;1;2;-4,260387;-41,757989;"SPRF-PI";"DEL02-PI";"UOP01-DEL02-PI"
387815;2021-09-18;"sábado";"22:00:00";"MA";135;4,9;"SAO LUIS";"Condutor deixou de manter distância do veículo da frente";"Colisão traseira";"Com Vítimas Feridas";"Plena Noite";"Crescente";"Céu Claro";"Dupla";"Reta";"Sim";2;0;1;0;1;0;1;2;-2,61424881;-44,25257023;"SPRF-MA";"DEL01-MA";"UOP01-DEL01-MA"
387819;2021-10-05;"terça-feira";"21:40:00";"SP";153;51,6;"SAO JOSE DO RIO PRETO";"Ingestão de álcool pelo condutor";"Colisão transversal";"Com Vítimas Feridas";"Plena Noite";"Crescente";"Céu Claro";"Simples";"Reta";"Sim";5;0;2;1;2;0;3;2;-20,71801801;-49,33874223;"SPRF-SP";"DEL09-SP";"UOP01-DEL09-SP"
387820;2021-10-05;"terça-feira";"20:45:00";"GO";153;515,6;"APARECIDA DE GOIANIA";"Acessar a via sem observar a presença dos outros veículos";"Colisão traseira";"Com Vítimas Feridas";"Plena Noite";"Crescente";"Céu Claro";"Dupla";"Reta";"Sim";2;0;1;0;1;0;1;2;-16,8413;-49,2454;"SPRF-GO";"DEL01-GO";"UOP03-DEL01-GO"
387821;2021-10-05;"terça-feira";"21:20:00";"RN";101;96,3;"NATAL";"Pista esburacada";"Tombamento";"Com Vítimas Feridas";"Plena Noite";"Crescente";"Céu Claro";"Múltipla";"Reta";"Sim";2;0;2;0;0;0;2;1;-5,84967593;-35,20940065;"SPRF-RN";"DEL01-RN";"UOP01-DEL01-RN"
387822;2021-09-04;"sábado";"14:50:00";"PE";408;104,8;"JABOATAO DOS GUARARAPES";"Condutor Dormindo";"Colisão com objeto";"Com Vítimas Feridas";"Pleno dia";"Crescente";"Céu Claro";"Dupla";"Reta";"Sim";2;0;2;0;0;0;2;1;-8,064443;-34,99006;"SPRF-PE";"DEL01-PE";"UOP01-DEL01-PE"
387826;2021-10-05;"terça-feira";"20:20:00";"PR";476;158;"ARAUCARIA";"Velocidade Incompatível";"Colisão transversal";"Com Vítimas Feridas";"Plena Noite";"Crescente";"Nublado";"Dupla";"Interseção de Vias";"Não";2;0;1;0;1;0;1;2;-25,613539;-49,424255;"SPRF-PR";"DEL01-PR";"UOP03-DEL01-PR"
387827;2021-10-05;"terça-feira";"18:40:00";"PI";407;424;"PICOS";"Reação tardia ou ineficiente do condutor";"Tombamento";"Com Vítimas Feridas";"Plena Noite";"Crescente";"Céu Claro";"Simples";"Reta";"Sim";4;0;3;0;0;1;3;2;-7,08690699;-41,42819598;"SPRF-PI";"DEL04-PI";"UOP01-DEL04-PI"
387831;2021-10-05;"terça-feira";"16:00:00";"RO";364;668,6;"CANDEIAS DO JAMARI";"Ausência de reação do condutor";"Colisão com objeto";"Com Vítimas Feridas";"Pleno dia";"Decrescente";"Nublado";"Dupla";"Reta";"Não";3;0;1;0;2;0;1;2;-8,77428284;-63,48378996;"SPRF-RO";"DEL01-RO";"UOP01-DEL01-RO"
387833;2021-10-05;"terça-feira";"21:00:00";"RN";110;47,9;"MOSSORO";"Ingestão de álcool pelo condutor";"Colisão frontal";"Com Vítimas Feridas";"Plena Noite";"Crescente";"Céu Claro";"Simples";"Reta";"Sim";3;0;2;0;0;1;2;2;-5,20338376;-37,32563418;"SPRF-RN";"DEL04-RN";"UOP01-DEL04-RN"
387834;2021-10-05;"terça-feira";"19:10:00";"GO";60;280,6;"ACREUNA";"Ausência de reação do condutor";"Saída de leito carroçável";"Com Vítimas Feridas";"Anoitecer";"Crescente";"Céu Claro";"Dupla";"Reta";"Não";1;0;1;0;0;0;1;1;-17,241621;-50,211484;"SPRF-GO";"DEL04-GO";"UOP01-DEL04-GO"
387837;2021-10-05;"terça-feira";"18:50:00";"RO";435;116;"CEREJEIRAS";"Falta de acostamento";"Colisão traseira";"Com Vítimas Feridas";"Plena Noite";"Crescente";"Céu Claro";"Simples";"Reta";"Não";2;0;1;0;1;0;1;2;-13,18820174;-60,74794198;"SPRF-RO";"DEL04-RO";"UOP02-DEL04-RO"
387841;2021-10-06;"quarta-feira";"03:00:00";"RJ";101;46;"CAMPOS DOS GOYTACAZES";"Pedestre cruzava a pista fora da faixa";"Atropelamento de Pedestre";"Com Vítimas Fatais";"Plena Noite";"Decrescente";"Nublado";"Simples";"Reta";"Sim";2;1;0;0;1;0;0;2;-21,59839998;-41,3168335;"SPRF-RJ";"DEL08-RJ";"UOP01-DEL08-RJ"
387843;2021-10-06;"quarta-feira";"02:30:00";"SP";116;445;"REGISTRO";"Condutor desrespeitou a iluminação vermelha do semáforo";"Colisão transversal";"Com Vítimas Feridas";"Plena Noite";"Decrescente";"Nublado";"Dupla";"Interseção de Vias";"Sim";2;0;1;0;1;0;1;2;-24,49790715;-47,84208686;"SPRF-SP";"DEL05-SP";"UOP01-DEL05-SP"
387846;2021-10-06;"quarta-feira";"04:20:00";"PE";101;71;"RECIFE";"Acessar a via sem observar a presença dos outros veículos";"Colisão transversal";"Com Vítimas Feridas";"Amanhecer";"Crescente";"Céu Claro";"Múltipla";"Reta";"Sim";2;0;0;1;0;1;1;2;-8,07663102;-34,94277871;"SPRF-PE";"DEL01-PE";"UOP01-DEL01-PE"
387847;2021-10-06;"quarta-feira";"00:15:00";"PI";316;98,9;"BARRO DURO";"Reação tardia ou ineficiente do condutor";"Saída de leito carroçável";"Sem Vítimas";"Plena Noite";"Crescente";"Céu Claro";"Simples";"Curva";"Não";1;0;0;0;1;0;0;1;-5,83675081;-42,49108315;"SPRF-PI";"DEL04-PI";"UOP02-DEL04-PI"