"id";"data_inversa";"dia_semana";"horario";"uf";"br";"km";"municipio";"causa_acidente";"tipo_acidente";"classificacao_acidente";"fase_dia";"sentido_via";"condicao_metereologica";"tipo_pista";"tracado_via";"uso_solo";"pessoas";"mortos";"feridos_leves";"feridos_graves";"ilesos";"ignorados";"feridos";"veiculos";"latitude";"longitude";"regional";"delegacia";"uop"
387973;2021-10-06;"quarta-feira";"19:15:00";"SC";101;40;"JOINVILLE";"Objeto estático sobre o leito carroçável";"Colisão com objeto";"Sem Vítimas";"Plena Noite";"Crescente";"Chuva";"Múltipla";"Reta";"Sim";1;0;0;0;1;0;0;1;-26,27176094;-48,89468382;"SPRF-SC";"DEL03-SC";"UOP01-DEL03-SC"
387974;2021-10-06;"quarta-feira";"19:50:00";"PR";376;343;"ORTIGUEIRA";"Reação tardia ou ineficiente do condutor";"Colisão frontal";"Com Vítimas Feridas";"Plena Noite";"Decrescente";"Céu Claro";"Simples";"Reta";"Não";3;0;0;1;2;0;1;2;-24,19556913;-50,95456314;"SPRF-PR";"DEL07-PR";"UOP02-DEL07-PR"
387975;2021-10-06;"quarta-feira";"20:00:00";"SP";381;40;"ATIBAIA";"Pedestre andava na pista";"Atropelamento de Pedestre";"Com Vítimas Feridas";"Plena Noite";"Crescente";"Nublado";"Dupla";"Reta";"Sim";3;0;0;1;2;0;1;2;-23,13277849;-46,57643616;"SPRF-SP";"DEL03-SP";"UOP01-DEL03-SP"
387978;2021-09-17;"sexta-feira";"17:20:00";"ES";101;269;"SERRA";"Condutor desrespeitou a iluminação vermelha do semáforo";"Colisão transversal";"Com Vítimas Feridas";"Anoitecer";"Decrescente";"Céu Claro";"Simples";"Interseção de Vias";"Não";2;0;0;1;1;0;1;2;-20,223236;-40,2703113;"SPRF-ES";"DEL02-ES";"UOP01-DEL02-ES"
387980;2021-10-06;"quarta-feira";"17:00:00";"MG";116;178;"PADRE PARAISO";"Entrada inopinada do pedestre";"Atropelamento de Pedestre";"Com Vítimas Feridas";"Pleno dia";"Decrescente";"Nublado";"Simples";"Reta";"Não";2;0;1;0;1;0;1;2;-17,06871893;-41,48246709;"SPRF-MG";"DEL11-MG";"UOP02-DEL11-MG"
387981;2021-10-06;"quarta-feira";"17:45:00";"MA";402;170;"ROSARIO";"Condutor deixou de manter distância do veículo da frente";"Colisão transversal";"Sem Vítimas";"Anoitecer";"Crescente";"Céu Claro";"Simples";"Reta";"Sim";5;0;0;0;3;2;0;3;-2,9408;-44,253905;"SPRF-MA";"DEL01-MA";"UOP01-DEL01-MA"
387983;2021-10-06;"quarta-feira";"21:45:00";"ES";101;140;"LINHARES";"Falta de acostamento";"Queda de ocupante de veículo";"Com Vítimas Feridas";"Plena Noite";"Crescente";"Nublado";"Múltipla";"Reta";"Sim";1;0;1;0;0;0;1;1;-19,31817306;-40,07552313;"SPRF-ES";"DEL04-ES";"UOP01-DEL04-ES"
387984;2021-10-06;"quarta-feira";"22:10:00";"ES";101;262,2;"SERRA";"Acumulo de areia ou detritos sobre o pavimento";"Tombamento";"Com Vítimas Feridas";"Plena Noite";"Crescente";"Chuva";"Dupla";"Rotatória";"Sim";1;0;1;0;0;0;1;1;-20,1572331;-40,27678329;"SPRF-ES";"DEL02-ES";"UOP01-DEL02-ES"
387987;2021-10-06;"quarta-feira";"17:45:00";"PI";316;307;"PICOS";"Manobra de mudança de faixa";"Colisão transversal";"Com Vítimas Feridas";"Anoitecer";"Crescente";"Céu Claro";"Simples";"Aclive";"Sim";2;0;1;0;0;1;1;2;-7,07827269;-41,50174881;"SPRF-PI";"DEL04-PI";"UOP01-DEL04-PI"
387988;2021-10-06;"quarta-feira";"23:15:00";"PR";277;586,4;"CASCAVEL";"Velocidade Incompatível";"Tombamento";"Com Vítimas Feridas";"Plena Noite";"Crescente";"Chuva";"Simples";"Reta";"Não";1;0;1;0;0;0;1;1;-24,9649472;-53,4210459;"SPRF-PR";"DEL04-PR";"UOP01-DEL04-PR"
387990;2021-10-06;"quarta-feira";"23:20:00";"SP";116;209;"GUARULHOS";"Demais falhas mecânicas ou elétricas";"Incêndio";"Sem Vítimas";"Plena Noite";"Crescente";"Nublado";"Múltipla";"Reta;Aclive";"Sim";1;0;0;0;1;0;0;1;-23,42511799;-46,40221101;"SPRF-SP";"DEL01-SP";"UOP01-DEL01-SP"
387993;2021-10-06;"quarta-feira";"23:30:00";"MG";262;521,8;"LUZ";"Ingestão de álcool pelo condutor";"Colisão frontal";"Com Vítimas Feridas";"Plena Noite";"Crescente";"Nublado";"Simples";"Reta";"Não";5;0;4;1;0;0;5;2;-19,78177085;-45,66837832;"SPRF-MG";"DEL08-MG";"UOP03-DEL08-MG"
387995;2021-10-06;"quarta-feira";"23:20:00";"PR";476;129;"CURITIBA";"Pedestre cruzava a pista fora da faixa";"Atropelamento de Pedestre";"Com Vítimas Fatais";"Plena Noite";"Decrescente";"Chuva";"Dupla";"Curva";"Sim";2;1;0;0;0;1;0;2;-25,434425;-49,233123;"SPRF-PR";"DEL01-PR";"UOP03-DEL01-PR"
387999;2021-10-06;"quarta-feira";"20:40:00";"PR";376;11,8;"MARINGA";"Ingestão de álcool pelo condutor";"Colisão com objeto";"Com Vítimas Feridas";"Plena Noite";"Decrescente";"Nublado";"Dupla";"Reta;Declive";"Não";1;0;1;0;0;0;1;1;-23,38590708;-51,90125942;"SPRF-PR";"DEL09-PR";"UOP01-DEL09-PR"
388000;2021-10-07;"quinta-feira";"02:45:00";"RO";364;708;"PORTO VELHO";"Acostamento em desnível";"Tombamento";"Com Vítimas Feridas";"Plena Noite";"Crescente";"Céu Claro";"Dupla";"Reta";"Sim";1;0;0;1;0;0;1;1;-8,79554083;-63,84072487;"SPRF-RO";"DEL01-RO";"UOP01-DEL01-RO"
388002;2021-10-07;"quinta-feira";"04:00:00";"MS";60;431;"SIDROLANDIA";"Ausência de reação do condutor";"Saída de leito carroçável";"Com Vítimas Feridas";"Amanhecer";"Crescente";"Ignorado";"Simples";"Rotatória";"Sim";1;0;1;0;0;0;1;1;-20,9765102;-54,9703413;"SPRF-MS";"DEL01-MS";"UOP04-DEL01-MS"
388003;2021-10-07;"quinta-feira";"04:00:00";"PB";230;15,6;"JOAO PESSOA";"Ausência de reação do condutor";"Colisão com objeto";"Sem Vítimas";"Amanhecer";"Crescente";"Céu Claro";"Dupla";"Curva;Aclive";"Sim";1;0;0;0;0;1;0;1;-7,093;-34,8482;"SPRF-PB";"DEL01-PB";"UOP01-DEL01-PB"
388020;2021-10-07;"quinta-feira";"02:00:00";"SC";116;264,4;"CAPAO ALTO";"Velocidade Incompatível";"Saída de leito carroçável";"Com Vítimas Feridas";"Plena Noite";"Decrescente";"Nublado";"Simples";"Curva";"Não";1;0;1;0;0;0;1;1;-27,93262143;-50,46174687;"SPRF-SC";"DEL05-SC";"UOP02-DEL05-SC"
388021;2021-10-07;"quinta-feira";"06:00:00";"SP";381;61;"MAIRIPORA";"Pista Escorregadia";"Colisão traseira";"Com Vítimas Feridas";"Amanhecer";"Crescente";"Garoa/Chuvisco";"Múltipla";"Curva";"Sim";2;0;1;0;1;0;1;2;-23,29011611;-46,5800681;"SPRF-SP";"DEL03-SP";"UOP01-DEL03-SP"
388023;2021-10-07;"quinta-feira";"07:00:00";"CE";20;427,9;"FORTALEZA";"Manobra de mudança de faixa";"Colisão lateral mesmo sentido";"Com Vítimas Feridas";"Pleno dia";"Crescente";"Céu Claro";"Dupla";"Reta";"Não";2;0;1;0;1;0;1;2;-3,76999035;-38,67006282;"SPRF-CE";"DEL01-CE";"UOP02-DEL01-CE"
388024;2021-10-07;"quinta-feira";"02:55:00";"SC";470;234;"SAO CRISTOVAO DO SUL";"Velocidade Incompatível";"Saída de leito carroçável";"Sem Vítimas";"Plena Noite";"Decrescente";"Chuva";"Simples";"Curva";"Não";1;0;0;0;1;0;0;1;-27,30131646;-50,43213844;"SPRF-SC";"DEL05-SC";"UOP03-DEL05-SC"
388025;2021-10-07;"quinta-feira";"07:00:00";"DF";20;19;"BRASILIA";"Condutor deixou de manter distância do veículo da frente";"Engavetamento";"Sem Vítimas";"Pleno dia";"Decrescente";"Céu Claro";"Dupla";"Reta";"Sim";5;0;0;0;5;0;0;4;-15,612175;-47,700928;"SPRF-DF";"DEL02-DF";"UOP01-DEL02-DF"
388026;2021-10-07;"quinta-feira";"06:50:00";"SC";101;134,5;"BALNEARIO CAMBORIU";"Ausência de reação do condutor";"Colisão traseira";"Com Vítimas Feridas";"Pleno dia";"Decrescente";"Céu Claro";"Simples";"Reta";"Sim";2;0;1;0;1;0;1;2;-27,00218;-48,636433;"SPRF-SC";"DEL04-SC";"UOP03-DEL04-SC"
388027;2021-10-07;"quinta-feira";"07:40:00";"PE";101;55,5;"PAULISTA";"Demais falhas mecânicas ou elétricas";"Colisão com objeto";"Com Vítimas Feridas";"Pleno dia";"Decrescente";"Céu Claro";"Dupla";"Reta;Declive";"Sim";1;0;1;0;0;0;1;1;-7,94806621;-34,9062148;"SPRF-PE";"DEL01-PE";"UOP02-DEL01-PE"
388029;2021-10-06;"quarta-feira";"18:50:00";"ES";101;351,8;"GUARAPARI";"Chuva";"Saída de leito carroçável";"Com Vítimas Feridas";"Plena Noite";"Crescente";"Chuva";"Dupla";"Reta";"Não";1;0;0;1;0;0;1;1;-20,665676;-40,655926;"SPRF-ES";"DEL03-ES";"UOP01-DEL03-ES"
388030;2021-10-07;"quinta-feira";"07:00:00";"MG";116;416;"GOVERNADOR VALADARES";"Ultrapassagem Indevida";"Colisão transversal";"Com Vítimas Feridas";"Pleno dia";"Crescente";"Céu Claro";"Simples";"Reta;Interseção de Vias";"Sim";3;0;1;1;1;0;2;2;-18,89215187;-41,94699543;"SPRF-MG";"DEL06-MG";"UOP01-DEL06-MG"
388032;2021-10-07;"quinta-feira";"05:00:00";"SP";116;279,2;"EMBU DAS ARTES";"Trafegar com motocicleta (ou similar) entre as faixas";"Queda de ocupante de veículo";"Com Vítimas Feridas";"Amanhecer";"Crescente";"Nublado";"Dupla";"Reta";"Sim";2;0;2;0;0;0;2;1;-23,66233697;-46,85292907;"SPRF-SP";"DEL04-SP";"UOP01-DEL04-SP"
388033;2021-10-07;"quinta-feira";"07:10:00";"PB";230;166,4;"CAMPINA GRANDE";"Entrada inopinada do pedestre";"Atropelamento de Pedestre";"Com Vítimas Feridas";"Pleno dia";"Crescente";"Sol";"Simples";"Curva";"Sim";4;0;1;0;3;0;1;2;-7,1976;-35,955;"SPRF-PB";"DEL02-PB";"UOP02-DEL02-PB"
388035;2021-10-07;"quinta-feira";"06:26:00";"MG";381;433;"SABARA";"Chuva";"Saída de leito carroçável";"Com Vítimas Feridas";"Amanhecer";"Crescente";"Chuva";"Simples";"Curva";"Sim";1;0;1;0;0;0;1;1;-19,79269213;-43,74585386;"SPRF-MG";"DEL01-MG";"UOP01-DEL01-MG"
388036;2021-10-07;"quinta-feira";"08:10:00";"MG";381;343;"JOAO MONLEVADE";"Chuva";"Saída de leito carroçável";"Com Vítimas Feridas";"Pleno dia";"Crescente";"Chuva";"Simples";"Curva";"Sim";3;0;2;0;0;1;2;2;-19,85663904;-43,10916603;"SPRF-MG";"DEL03-MG";"UOP01-DEL03-MG"
388037;2021-10-07;"quinta-feira";"08:00:00";"PE";101;75,7;"RECIFE";"Pedestre andava na pista";"Atropelamento de Pedestre";"Com Vítimas Feridas";"Pleno dia";"Crescente";"Céu Claro";"Dupla";"Reta";"Sim";2;0;0;1;0;1;1;2;-8,117677;-34,943685;"SPRF-PE";"DEL01-PE";"UOP01-DEL01-PE"
388038;2021-10-07;"quinta-feira";"07:55:00";"SC";470;85;"RODEIO";"Reação tardia ou ineficiente do condutor";"Colisão traseira";"Com Vítimas Feridas";"Pleno dia";"Decrescente";"Nublado";"Simples";"Reta";"Não";3;0;2;0;1;0;2;2;-26,95488909;-49,35166546;"SPRF-SC";"DEL04-SC";"UOP01-DEL04-SC"
388039;2021-10-07;"quinta-feira";"07:40:00";"DF";70;10;"BRASILIA";"Transitar no acostamento";"Atropelamento de Pedestre";"Com Vítimas Feridas";"Pleno dia";"Decrescente";"Céu Claro";"Dupla";"Reta";"Sim";4;0;1;0;3;0;1;2;-15,78737758;-48,14049309;"SPRF-DF";"DEL03-DF";"UOP02-DEL03-DF"
388042;2021-09-26;"domingo";"01:31:00";"SC";101;175,1;"BIGUACU";"Pedestre andava na pista";"Atropelamento de Pedestre";"Com Vítimas Feridas";"Plena Noite";"Decrescente";"Nublado";"Dupla";"Curva";"Sim";2;0;1;1;0;0;2;2;-27,33963303;-48,62734885;"SPRF-SC";"DEL01-SC";"UOP01-DEL01-SC"
388043;2021-10-07;"quinta-feira";"06:00:00";"ES";262;5,7;"CARIACICA";"Condutor desrespeitou a iluminação vermelha do semáforo";"Colisão transversal";"Com Vítimas Feridas";"Pleno dia";"Decrescente";"Céu Claro";"Múltipla";"Interseção de Vias;Reta";"Sim";3;0;2;0;1;0;2;2;-20,33707281;-40,38649924;"SPRF-ES";"DEL01-ES";"UOP01-DEL01-ES"
388044;2021-08-16;"segunda-feira";"17:55:00";"SC";101;215,1;"PALHOCA";"Condutor deixou de manter distância do veículo da frente";"Colisão lateral mesmo sentido";"Com Vítimas Feridas";"Anoitecer";"Crescente";"Céu Claro";"Múltipla";"Reta";"Sim";2;0;1;0;1;0;1;2;-27,65184843;-48,67604941;"SPRF-SC";"DEL01-SC";"UOP02-DEL01-SC"
388045;2021-10-07;"quinta-feira";"08:00:00";"RS";290;718;"URUGUAIANA";"Desrespeitar a preferência no cruzamento";"Colisão transversal";"Com Vítimas Feridas";"Pleno dia";"Crescente";"Céu Claro";"Simples";"Rotatória";"Sim";3;0;2;0;1;0;2;2;-29,774612;-57,04377;"SPRF-RS";"DEL13-RS";"UOP01-DEL13-RS"
388047;2021-10-07;"quinta-feira";"07:25:00";"PE";101;100;"CABO DE SANTO AGOSTINHO";"Reação tardia ou ineficiente do condutor";"Atropelamento de Pedestre";"Com Vítimas Feridas";"Pleno dia";"Crescente";"Sol";"Dupla";"Reta";"Sim";2;0;2;0;0;0;2;2;-8,26699309;-35,05234386;"SPRF-PE";"DEL01-PE";"UOP01-DEL01-PE"
388048;2021-08-25;"quarta-feira";"11:20:00";"MG";381;447,1;"SANTA LUZIA";"Acumulo de areia ou detritos sobre o pavimento";"Tombamento";"Com Vítimas Feridas";"Pleno dia";"Decrescente";"Céu Claro";"Simples";"Curva";"Sim";1;0;1;0;0;0;1;1;-19,83447607;-43,85011601;"SPRF-MG";"DEL01-MG";"UOP01-DEL01-MG"
388049;2021-10-07;"quinta-feira";"07:50:00";"SC";101;411,5;"ARARANGUA";"Ultrapassagem Indevida";"Colisão lateral sentido oposto";"Com Vítimas Feridas";"Pleno dia";"Decrescente";"Nublado";"Simples";"Reta";"Sim";2;0;0;2;0;0;2;2;-28,93112097;-49,4940421;"SPRF-SC";"DEL02-SC";"UOP02-DEL02-SC"
388050;2021-10-07;"quinta-feira";"08:40:00";"GO";40;2;"VALPARAISO DE GOIAS";"Manobra de mudança de faixa";"Colisão lateral mesmo sentido";"Com Vítimas Feridas";"Pleno dia";"Decrescente";"Céu Claro";"Dupla";"Reta";"Sim";3;0;1;0;2;0;1;3;-16,067129;-47,984235;"SPRF-DF";"DEL01-DF";"UOP01-DEL01-DF"
388051;2021-10-07;"quinta-feira";"04:45:00";"PR";376;439;"TIBAGI";"Velocidade Incompatível";"Colisão com objeto";"Com Vítimas Feridas";"Amanhecer";"Crescente";"Garoa/Chuvisco";"Dupla";"Declive;Curva";"Não";1;0;0;1;0;0;1;1;-24,85445193;-50,46069175;"SPRF-PR";"DEL03-PR";"UOP02-DEL03-PR"
388053;2021-10-03;"domingo";"18:35:00";"SP";116;290;"ITAPECERICA DA SERRA";"Pista esburacada";"Saída de leito carroçável";"Sem Vítimas";"Anoitecer";"Decrescente";"Chuva";"Dupla";"Reta";"Sim";2;0;0;0;2;0;0;1;-23,7303281;-46,89425963;"SPRF-SP";"DEL04-SP";"UOP01-DEL04-SP"
388054;2021-02-04;"quinta-feira";"18:10:00";"PI";316;309,5;"PICOS";"Desrespeitar a preferência no cruzamento";"Colisão transversal";"Com Vítimas Feridas";"Plena Noite";"Crescente";"Céu Claro";"Simples";"Reta";"Sim";2;0;0;1;1;0;1;2;-7,07778744;-41,48370094;"SPRF-PI";"DEL04-PI";"UOP01-DEL04-PI"
388055;2021-10-07;"quinta-feira";"09:15:00";"BA";135;163,9;"BARREIRAS";"Ultrapassagem Indevida";"Colisão frontal";"Com Vítimas Fatais";"Pleno dia";"Crescente";"Céu Claro";"Simples";"Reta";"Não";3;1;1;1;0;0;2;2;-12,03181479;-44,95663949;"SPRF-BA";"DEL10-BA";"UOP01-DEL10-BA"
388057;2021-10-07;"quinta-feira";"07:40:00";"SC";470;123;"IBIRAMA";"Ingestão de álcool pelo condutor";"Capotamento";"Com Vítimas Feridas";"Pleno dia";"Decrescente";"Chuva";"Simples";"Reta";"Não";5;0;4;0;1;0;4;1;-27,106783;-49,522049;"SPRF-SC";"DEL04-SC";"UOP02-DEL04-SC"
388059;2021-10-07;"quinta-feira";"10:00:00";"SC";101;203,4;"SAO JOSE";"Acessar a via sem observar a presença dos outros veículos";"Colisão transversal";"Com Vítimas Feridas";"Pleno dia";"Decrescente";"Céu Claro";"Múltipla";"Reta";"Sim";2;0;1;0;1;0;1;2;-27,5650044;-48,61460082;"SPRF-SC";"DEL01-SC";"UOP01-DEL01-SC"
388060;2021-10-07;"quinta-feira";"10:10:00";"PR";376;159,6;"MANDAGUACU";"Condutor deixou de manter distância do veículo da frente";"Colisão traseira";"Com Vítimas Feridas";"Pleno dia";"Decrescente";"Garoa/Chuvisco";"Dupla";"Curva";"Não";2;0;0;1;1;0;1;2;-23,36498136;-52,07632098;"SPRF-PR";"DEL09-PR";"UOP01-DEL09-PR"
388061;2021-09-13;"segunda-feira";"11:30:00";"MA";402;15,5;"ROSARIO";"Reação tardia ou ineficiente do condutor";"Colisão frontal";"Sem Vítimas";"Pleno dia";"Crescente";"Céu Claro";"Simples";"Curva";"Sim";2;0;0;0;0;2;0;2;-2,942322;-44,207882;"SPRF-MA";"DEL01-MA";"UOP01-DEL01-MA"
388062;2021-10-07;"quinta-feira";"09:05:00";"MG";381;527,5;"BRUMADINHO";"Velocidade Incompatível";"Saída de leito carroçável";"Com Vítimas Feridas";"Pleno dia";"Decrescente";"Chuva";"Dupla";"Curva";"Não";1;0;1;0;0;0;1;1;-20,16283256;-44,35072739;"SPRF-MG";"DEL04-MG";"UOP03-DEL04-MG"
388064;2021-10-06;"quarta-feira";"19:00:00";"BA";324;330;"QUIXABEIRA";"Pedestre andava na pista";"Atropelamento de Pedestre";"Com Vítimas Fatais";"Plena Noite";"Decrescente";"Céu Claro";"Simples";"Reta";"Não";2;1;0;0;0;1;0;2;-11,33783704;-40,11880875;"SPRF-BA";"DEL04-BA";"UOP02-DEL04-BA"
388065;2021-10-07;"quinta-feira";"09:00:00";"MG";381;550;"ITAGUARA";"Chuva";"Saída de leito carroçável";"Com Vítimas Feridas";"Pleno dia";"Decrescente";"Chuva";"Dupla";"Curva";"Não";2;0;1;0;1;0;1;1;-20,32661215;-44,45627931;"SPRF-MG";"DEL04-MG";"UOP03-DEL04-MG"
388066;2021-10-07;"quinta-feira";"08:40:00";"RJ";40;65;"PETROPOLIS";"Deficiência do Sistema de Iluminação/Sinalização";"Colisão transversal";"Com Vítimas Feridas";"Pleno dia";"Crescente";"Céu Claro";"Dupla";"Rotatória;Curva";"Sim";2;0;1;0;1;0;1;2;-22,427473;-43,16011;"SPRF-RJ";"DEL06-RJ";"UOP01-DEL06-RJ"
388068;2021-10-07;"quinta-feira";"10:55:00";"SC";101;203,5;"SAO JOSE";"Ausência de reação do condutor";"Queda de ocupante de veículo";"Com Vítimas Feridas";"Pleno dia";"Crescente";"Céu Claro";"Simples";"Viaduto";"Sim";1;0;1;0;0;0;1;1;-27,5650044;-48,61460082;"SPRF-SC";"DEL01-SC";"UOP01-DEL01-SC"
388069;2021-10-07;"quinta-feira";"10:30:00";"PB";230;90;"GURINHEM";"Condutor Dormindo";"Colisão traseira";"Sem Vítimas";"Pleno dia";"Decrescente";"Céu Claro";"Dupla";"Reta";"Sim";2;0;0;0;2;0;0;2;-7,173;-35,3934;"SPRF-PB";"DEL01-PB";"UOP03-DEL01-PB"
388071;2021-10-07;"quinta-feira";"09:30:00";"RN";101;83,8;"NATAL";"Trafegar com motocicleta (ou similar) entre as faixas";"Colisão traseira";"Sem Vítimas";"Pleno dia";"Decrescente";"Céu Claro";"Dupla";"Reta";"Sim";2;0;0;0;0;2;0;2;-5,7710445;-35,26616981;"SPRF-RN";"DEL02-RN";"UOP01-DEL02-RN"
388075;2021-10-07;"quinta-feira";"11:00:00";"SC";101;345;"JAGUARUNA";"Manobra de mudança de faixa";"Colisão lateral mesmo sentido";"Com Vítimas Feridas";"Pleno dia";"Decrescente";"Céu Claro";"Dupla";"Reta";"Não";4;0;3;0;1;0;3;2;-28,56411359;-49,05412674;"SPRF-SC";"DEL02-SC";"UOP01-DEL02-SC"
388078;2021-10-03;"domingo";"09:00:00";"MS";0;0;"CAMPO GRANDE";"Pista esburacada";"Colisão com objeto";"Sem Vítimas";"Pleno dia";"Não Informado";"Céu Claro";"Simples";"Reta";"Não";3;0;0;0;3;0;0;1;-20,72747839;-54,54046726;"SPRF-MS";"DEL02-MS";"UOP02-DEL02-MS"
388079;2021-10-07;"quinta-feira";"11:15:00";"RS";293;104,1;"PINHEIRO MACHADO";"Acessar a via sem observar a presença dos outros veículos";"Colisão transversal";"Com Vítimas Feridas";"Pleno dia";"Crescente";"Céu Claro";"Simples";"Interseção de Vias;Reta";"Não";3;0;3;0;0;0;3;2;-31,58801683;-53,3471889;"SPRF-RS";"DEL11-RS";"UOP03-DEL11-RS"
388080;2021-10-07;"quinta-feira";"06:35:00";"RJ";116;175;"NOVA IGUACU";"Condutor deixou de manter distância do veículo da frente";"Colisão lateral mesmo sentido";"Com Vítimas Feridas";"Pleno dia";"Crescente";"Céu Claro";"Dupla";"Reta";"Sim";2;0;1;0;1;0;1;2;-22,78923555;-43,37275272;"SPRF-RJ";"DEL01-RJ";"UOP02-DEL01-RJ"
388081;2021-10-07;"quinta-feira";"09:50:00";"RJ";40;104;"DUQUE DE CAXIAS";"Conversão proibida";"Colisão traseira";"Com Vítimas Feridas";"Pleno dia";"Crescente";"Nublado";"Múltipla";"Reta";"Não";3;0;1;0;2;0;1;2;-22,62897902;-43,28579508;"SPRF-RJ";"DEL01-RJ";"UOP01-DEL01-RJ"
388082;2021-10-07;"quinta-feira";"10:30:00";"SC";101;41,6;"JOINVILLE";"Demais falhas mecânicas ou elétricas";"Saída de leito carroçável";"Com Vítimas Feridas";"Pleno dia";"Decrescente";"Nublado";"Dupla";"Reta";"Sim";1;0;1;0;0;0;1;1;-26,28215489;-48,88973081;"SPRF-SC";"DEL03-SC";"UOP01-DEL03-SC"
388084;2021-10-07;"quinta-feira";"11:40:00";"SC";101;331,8;"TUBARAO";"Desrespeitar a preferência no cruzamento";"Colisão transversal";"Com Vítimas Feridas";"Pleno dia";"Crescente";"Nublado";"Múltipla";"Rotatória;Viaduto;Reta;Interseção de Vias";"Sim";2;0;2;0;0;0;2;2;-28,45567521;-48,9812689;"SPRF-SC";"DEL02-SC";"UOP01-DEL02-SC"
388085;2021-10-07;"quinta-feira";"11:15:00";"SC";470;56;"BLUMENAU";"Acessar a via sem observar a presença dos outros veículos";"Colisão transversal";"Com Vítimas Feridas";"Pleno dia";"Crescente";"Nublado";"Simples";"Interseção de Vias";"Sim";3;0;1;0;2;0;1;3;-26,87674;-49,127743;"SPRF-SC";"DEL04-SC";"UOP01-DEL04-SC"
388086;2021-10-07;"quinta-feira";"12:10:00";"GO";153;660;"GOIATUBA";"Pista em desnível";"Saída de leito carroçável";"Sem Vítimas";"Pleno dia";"Crescente";"Céu Claro";"Dupla";"Rotatória";"Não";1;0;0;0;1;0;0;1;-18,0549;-49,2694;"SPRF-GO";"DEL03-GO";"UOP01-DEL03-GO"
388091;2021-10-07;"quinta-feira";"12:35:00";"GO";40;7,5;"LUZIANIA";"Reação tardia ou ineficiente do condutor";"Saída de leito carroçável";"Com Vítimas Feridas";"Pleno dia";"Decrescente";"Céu Claro";"Dupla";"Reta";"Sim";3;0;1;2;0;0;3;2;-16,11230266;-47,97001189;"SPRF-DF";"DEL01-DF";"UOP01-DEL01-DF"
388094;2021-10-07;"quinta-feira";"09:30:00";"MG";116;527,7;"CARATINGA";"Acessar a via sem observar a presença dos outros veículos";"Colisão transversal";"Com Vítimas Feridas";"Pleno dia";"Decrescente";"Céu Claro";"Simples";"Interseção de Vias";"Sim";2;0;1;0;1;0;1;2;-19,78510701;-42,13445297;"SPRF-MG";"DEL06-MG";"UOP02-DEL06-MG"
388103;2021-10-07;"quinta-feira";"08:08:00";"MA";10;251;"IMPERATRIZ";"Manobra de mudança de faixa";"Colisão transversal";"Com Vítimas Feridas";"Pleno dia";"Crescente";"Nublado";"Simples";"Reta";"Sim";2;0;0;1;1;0;1;2;-5,543249;-47,464447;"SPRF-MA";"DEL04-MA";"UOP01-DEL04-MA"
388104;2021-10-07;"quinta-feira";"14:50:00";"RS";386;343,5;"LAJEADO";"Acessar a via sem observar a presença dos outros veículos";"Colisão transversal";"Com Vítimas Feridas";"Pleno dia";"Decrescente";"Céu Claro";"Simples";"Curva";"Sim";2;0;1;0;1;0;1;2;-29,434835;-52,002365;"SPRF-RS";"DEL04-RS";"UOP01-DEL04-RS"
388105;2021-10-07;"quinta-feira";"13:20:00";"MA";10;257,6;"IMPERATRIZ";"Transitar no acostamento";"Colisão transversal";"Com Vítimas Feridas";"Pleno dia";"Crescente";"Nublado";"Simples";"Reta";"Sim";2;0;1;1;0;0;2;2;-5,490634;-47,471973;"SPRF-MA";"DEL04-MA";"UOP01-DEL04-MA"
388106;2021-10-07;"quinta-feira";"08:40:00";"MA";10;131;"ESTREITO";"Acessar a via sem observar a presença dos outros veículos";"Colisão transversal";"Sem Vítimas";"Pleno dia";"Decrescente";"Céu Claro";"Simples";"Reta";"Não";2;0;0;0;1;1;0;2;-6,549222;-47,432854;"SPRF-MA";"DEL04-MA";"UOP02-DEL04-MA"
388109;2021-10-07;"quinta-feira";"13:30:00";"RJ";40;119;"DUQUE DE CAXIAS";"Avarias e/ou desgaste excessivo no pneu";"Queda de ocupante de veículo";"Com Vítimas Feridas";"Pleno dia";"Crescente";"Nublado";"Múltipla";"Reta";"Não";2;0;2;0;0;0;2;1;-22,76375592;-43,28683062;"SPRF-RJ";"DEL01-RJ";"UOP01-DEL01-RJ"
388110;2021-10-07;"quinta-feira";"14:30:00";"CE";222;0,1;"CAUCAIA";"Condutor deixou de manter distância do veículo da frente";"Colisão traseira";"Com Vítimas Feridas";"Pleno dia";"Crescente";"Céu Claro";"Dupla";"Reta";"Sim";3;0;1;0;2;0;1;3;-3,74332868;-38,61840248;"SPRF-CE";"DEL01-CE";"UOP01-DEL01-CE"
388112;2021-10-07;"quinta-feira";"15:30:00";"PR";277;680;"SAO MIGUEL DO IGUACU";"Demais falhas mecânicas ou elétricas";"Incêndio";"Sem Vítimas";"Pleno dia";"Crescente";"Nublado";"Dupla";"Reta";"Não";1;0;0;0;1;0;0;1;-25,32254101;-54,16501799;"SPRF-PR";"DEL05-PR";"UOP01-DEL05-PR"
388115;2021-09-25;"sábado";"17:30:00";"MG";354;752,9;"ITAMONTE";"Ausência de reação do condutor";"Colisão frontal";"Com Vítimas Feridas";"Pleno dia";"Crescente";"Chuva";"Simples";"Reta";"Sim";2;0;0;1;1;0;1;2;-22,2766752;-44,8749623;"SPRF-MG";"DEL17-MG";"UOP01-DEL17-MG"