"id";"data_inversa";"dia_semana";"horario";"uf";"br";"km";"municipio";"causa_acidente";"tipo_acidente";"classificacao_acidente";"fase_dia";"sentido_via";"condicao_metereologica";"tipo_pista";"tracado_via";"uso_solo";"pessoas";"mortos";"feridos_leves";"feridos_graves";"ilesos";"ignorados";"feridos";"veiculos";"latitude";"longitude";"regional";"delegacia";"uop"
388116;2021-10-07;"quinta-feira";"16:00:00";"BA";135;145;"RIACHAO DAS NEVES";"Velocidade Incompatível";"Saída de leito carroçável";"Com Vítimas Feridas";"Pleno dia";"Decrescente";"Céu Claro";"Simples";"Reta";"Não";4;0;4;0;0;0;4;1;-11,9034376;-44,87188542;"SPRF-BA";"DEL10-BA";"UOP01-DEL10-BA"
388117;2021-10-07;"quinta-feira";"15:40:00";"ES";101;266,7;"SERRA";"Acessar a via sem observar a presença dos outros veículos";"Colisão transversal";"Com Vítimas Feridas";"Pleno dia";"Crescente";"Nublado";"Dupla";"Reta";"Sim";2;0;0;1;1;0;1;2;-20,190199;-40,26828891;"SPRF-ES";"DEL02-ES";"UOP01-DEL02-ES"
388119;2021-10-07;"quinta-feira";"15:20:00";"SC";101;328;"CAPIVARI DE BAIXO";"Condutor deixou de manter distância do veículo da frente";"Colisão traseira";"Com Vítimas Feridas";"Pleno dia";"Decrescente";"Nublado";"Dupla";"Reta";"Não";2;0;1;0;1;0;1;2;-28,44938329;-48,97050619;"SPRF-SC";"DEL02-SC";"UOP01-DEL02-SC"
388123;2021-10-07;"quinta-feira";"10:30:00";"MG";262;437;"NOVA SERRANA";"Mal súbito do condutor";"Tombamento";"Com Vítimas Feridas";"Pleno dia";"Decrescente";"Céu Claro";"Dupla";"Retorno Regulamentado";"Não";1;0;1;0;0;0;1;1;-19,89622194;-44,86972815;"SPRF-MG";"DEL08-MG";"UOP03-DEL08-MG"
388124;2021-10-07;"quinta-feira";"15:55:00";"CE";222;210;"FORQUILHA";"Acessar a via sem observar a presença dos outros veículos";"Colisão lateral mesmo sentido";"Com Vítimas Feridas";"Pleno dia";"Crescente";"Céu Claro";"Simples";"Reta";"Sim";3;0;1;0;1;1;1;2;-3,79867485;-40,26738295;"SPRF-CE";"DEL04-CE";"UOP01-DEL04-CE"
388127;2021-09-21;"terça-feira";"18:40:00";"GO";153;501;"GOIANIA";"Condutor deixou de manter distância do veículo da frente";"Colisão traseira";"Com Vítimas Feridas";"Anoitecer";"Decrescente";"Céu Claro";"Dupla";"Curva";"Sim";2;0;0;1;1;0;1;2;-16,7189;-49,2382;"SPRF-GO";"DEL01-GO";"UOP01-DEL01-GO"
388128;2021-10-07;"quinta-feira";"09:20:00";"BA";101;233;"SAPEACU";"Ultrapassagem Indevida";"Saída de leito carroçável";"Com Vítimas Feridas";"Pleno dia";"Crescente";"Sol";"Simples";"Reta";"Não";1;0;1;0;0;0;1;1;-12,74433508;-39,18449879;"SPRF-BA";"DEL01-BA";"UOP02-DEL01-BA"
388129;2021-10-07;"quinta-feira";"17:30:00";"PB";230;150,7;"CAMPINA GRANDE";"Retorno proibido";"Colisão traseira";"Com Vítimas Feridas";"Anoitecer";"Crescente";"Céu Claro";"Simples";"Interseção de Vias";"Sim";2;0;0;1;1;0;1;2;-7,2515;-35,8724;"SPRF-PB";"DEL02-PB";"UOP01-DEL02-PB"
388130;2021-10-07;"quinta-feira";"17:30:00";"RJ";465;2;"SEROPEDICA";"Conversão proibida";"Colisão transversal";"Com Vítimas Feridas";"Pleno dia";"Decrescente";"Nublado";"Simples";"Reta";"Sim";3;0;2;0;1;0;2;2;-22,727266;-43,718712;"SPRF-RJ";"DEL01-RJ";"UOP03-DEL01-RJ"
388132;2021-10-07;"quinta-feira";"17:40:00";"GO";414;341;"COCALZINHO DE GOIAS";"Ingestão de álcool pelo condutor";"Colisão transversal";"Com Vítimas Fatais";"Pleno dia";"Decrescente";"Céu Claro";"Simples";"Curva";"Não";4;1;3;0;0;0;3;2;-15,56996249;-48,62171173;"SPRF-GO";"DEL02-GO";"UOP01-DEL02-GO"
388133;2021-10-07;"quinta-feira";"17:10:00";"PR";376;175,7;"MARINGA";"Entrada inopinada do pedestre";"Atropelamento de Pedestre";"Com Vítimas Feridas";"Pleno dia";"Crescente";"Nublado";"Dupla";"Reta";"Sim";2;0;1;0;1;0;1;2;-23,4113569;-51,9407767;"SPRF-PR";"DEL09-PR";"UOP01-DEL09-PR"
388134;2021-10-07;"quinta-feira";"18:15:00";"RN";406;161,8;"CEARA-MIRIM";"Acessar a via sem observar a presença dos outros veículos";"Atropelamento de Pedestre";"Com Vítimas Feridas";"Plena Noite";"Decrescente";"Céu Claro";"Simples";"Aclive";"Sim";2;0;1;1;0;0;2;2;-5,72093004;-35,36655305;"SPRF-RN";"DEL02-RN";"UOP01-DEL02-RN"
388136;2021-10-07;"quinta-feira";"17:15:00";"BA";116;850,1;"VITORIA DA CONQUISTA";"Manobra de mudança de faixa";"Saída de leito carroçável";"Com Vítimas Feridas";"Pleno dia";"Crescente";"Céu Claro";"Simples";"Reta";"Não";5;0;4;0;1;0;4;1;-14,99050229;-40,92828066;"SPRF-BA";"DEL08-BA";"UOP01-DEL08-BA"
388137;2021-10-07;"quinta-feira";"17:55:00";"SC";101;229;"PALHOCA";"Transitar na contramão";"Colisão frontal";"Com Vítimas Feridas";"Anoitecer";"Crescente";"Céu Claro";"Simples";"Reta";"Não";2;0;1;0;1;0;1;2;-27,7688932;-48,63205379;"SPRF-SC";"DEL01-SC";"UOP02-DEL01-SC"
388141;2021-10-07;"quinta-feira";"12:00:00";"MG";262;433;"NOVA SERRANA";"Velocidade Incompatível";"Saída de leito carroçável";"Com Vítimas Feridas";"Pleno dia";"Crescente";"Nublado";"Dupla";"Reta";"Não";1;0;1;0;0;0;1;1;-19,89020759;-44,83338711;"SPRF-MG";"DEL08-MG";"UOP03-DEL08-MG"
388143;2021-10-07;"quinta-feira";"18:34:00";"PR";476;127;"CURITIBA";"Condutor deixou de manter distância do veículo da frente";"Colisão traseira";"Com Vítimas Feridas";"Anoitecer";"Crescente";"Chuva";"Múltipla";"Viaduto";"Sim";2;0;1;0;1;0;1;2;-25,425167;-49,227158;"SPRF-PR";"DEL01-PR";"UOP03-DEL01-PR"
388144;2021-10-07;"quinta-feira";"16:45:00";"MS";262;354;"CAMPO GRANDE";"Velocidade Incompatível";"Colisão transversal";"Sem Vítimas";"Pleno dia";"Crescente";"Nublado";"Simples";"Aclive";"Não";6;0;0;0;6;0;0;2;-20,55306607;-54,66772383;"SPRF-MS";"DEL01-MS";"UOP03-DEL01-MS"
388145;2021-10-07;"quinta-feira";"18:30:00";"PR";476;127;"CURITIBA";"Condutor deixou de manter distância do veículo da frente";"Engavetamento";"Sem Vítimas";"Plena Noite";"Crescente";"Garoa/Chuvisco";"Dupla";"Reta";"Sim";3;0;0;0;3;0;0;3;-25,43111524;-49,22963977;"SPRF-PR";"DEL01-PR";"UOP03-DEL01-PR"
388146;2021-10-07;"quinta-feira";"17:48:00";"PE";101;70;"RECIFE";"Área urbana sem a presença de local apropriado para a travessia de pedestres";"Atropelamento de Pedestre";"Sem Vítimas";"Anoitecer";"Crescente";"Céu Claro";"Dupla";"Reta";"Sim";3;0;0;0;1;2;0;2;-8,06776119;-34,94265074;"SPRF-PE";"DEL01-PE";"UOP01-DEL01-PE"
388147;2021-10-07;"quinta-feira";"18:30:00";"SC";101;201,1;"SAO JOSE";"Reação tardia ou ineficiente do condutor";"Saída de leito carroçável";"Com Vítimas Feridas";"Anoitecer";"Decrescente";"Nublado";"Múltipla";"Reta";"Sim";2;0;2;0;0;0;2;1;-27,54836599;-48,61977975;"SPRF-SC";"DEL01-SC";"UOP01-DEL01-SC"
388148;2021-10-07;"quinta-feira";"18:10:00";"RS";116;252,2;"SAPUCAIA DO SUL";"Manobra de mudança de faixa";"Colisão lateral mesmo sentido";"Com Vítimas Feridas";"Anoitecer";"Decrescente";"Céu Claro";"Dupla";"Reta";"Sim";2;0;1;0;1;0;1;2;-29,8075;-51,167;"SPRF-RS";"DEL01-RS";"UOP02-DEL01-RS"
388149;2021-10-07;"quinta-feira";"18:00:00";"RS";158;563;"SANTANA DO LIVRAMENTO";"Desrespeitar a preferência no cruzamento";"Colisão transversal";"Com Vítimas Feridas";"Pleno dia";"Crescente";"Sol";"Simples";"Interseção de Vias";"Não";3;0;1;1;1;0;2;2;-30,8547642;-55,4965204;"SPRF-RS";"DEL11-RS";"UOP01-DEL11-RS"
388150;2021-08-20;"sexta-feira";"22:50:00";"GO";153;625;"MORRINHOS";"Reação tardia ou ineficiente do condutor";"Queda de ocupante de veículo";"Com Vítimas Feridas";"Plena Noite";"Crescente";"Céu Claro";"Dupla";"Reta";"Não";2;0;0;1;0;1;1;2;-17,7647;-49,1676;"SPRF-GO";"DEL03-GO";"UOP01-DEL03-GO"
388154;2021-10-07;"quinta-feira";"18:45:00";"GO";40;1,7;"VALPARAISO DE GOIAS";"Pedestre andava na pista";"Atropelamento de Pedestre";"Com Vítimas Feridas";"Anoitecer";"Crescente";"Céu Claro";"Dupla";"Reta";"Sim";2;0;1;1;0;0;2;2;-16,058245;-47,982825;"SPRF-DF";"DEL01-DF";"UOP01-DEL01-DF"
388155;2021-10-07;"quinta-feira";"18:45:00";"DF";70;18,6;"BRASILIA";"Acessar a via sem observar a presença dos outros veículos";"Colisão transversal";"Com Vítimas Feridas";"Plena Noite";"Crescente";"Céu Claro";"Dupla";"Reta;Retorno Regulamentado";"Não";2;0;1;0;1;0;1;2;-15,78923456;-48,21724035;"SPRF-DF";"DEL03-DF";"UOP02-DEL03-DF"
388157;2021-08-20;"sexta-feira";"22:30:00";"RJ";116;273;"BARRA MANSA";"Desrespeitar a preferência no cruzamento";"Colisão transversal";"Com Vítimas Feridas";"Plena Noite";"Decrescente";"Céu Claro";"Simples";"Rotatória";"Sim";2;0;1;0;1;0;1;2;-22,56100142;-44,13833993;"SPRF-RJ";"DEL07-RJ";"UOP02-DEL07-RJ"
388159;2021-10-07;"quinta-feira";"19:20:00";"SP";116;144;"SAO JOSE DOS CAMPOS";"Condutor deixou de manter distância do veículo da frente";"Colisão traseira";"Com Vítimas Feridas";"Plena Noite";"Decrescente";"Nublado";"Dupla";"Reta";"Sim";2;0;1;0;1;0;1;2;-23,18274416;-45,84633592;"SPRF-SP";"DEL02-SP";"UOP01-DEL02-SP"
388160;2021-10-07;"quinta-feira";"19:05:00";"SE";235;48,2;"ITABAIANA";"Avarias e/ou desgaste excessivo no pneu";"Tombamento";"Com Vítimas Feridas";"Plena Noite";"Crescente";"Céu Claro";"Simples";"Aclive";"Sim";2;0;2;0;0;0;2;1;-10,724387;-37,41708;"SPRF-SE";"DEL01-SE";"UOP02-DEL01-SE"
388161;2021-10-07;"quinta-feira";"18:30:00";"ES";262;1;"CARIACICA";"Manobra de mudança de faixa";"Colisão traseira";"Com Vítimas Feridas";"Plena Noite";"Crescente";"Nublado";"Múltipla";"Reta";"Sim";2;0;1;0;1;0;1;2;-20,32955204;-40,35492602;"SPRF-ES";"DEL01-ES";"UOP01-DEL01-ES"
388163;2021-10-07;"quinta-feira";"17:40:00";"RJ";40;81;"PETROPOLIS";"Condutor Dormindo";"Colisão com objeto";"Com Vítimas Feridas";"Anoitecer";"Decrescente";"Chuva";"Simples";"Curva";"Não";1;0;1;0;0;0;1;1;-22,50560003;-43,23186384;"SPRF-RJ";"DEL06-RJ";"UOP01-DEL06-RJ"
388165;2021-10-07;"quinta-feira";"16:30:00";"MG";40;702,5;"BARBACENA";"Ultrapassagem Indevida";"Colisão frontal";"Com Vítimas Feridas";"Pleno dia";"Crescente";"Nublado";"Simples";"Aclive";"Sim";2;0;1;0;1;0;1;2;-21,21950821;-43,74224782;"SPRF-MG";"DEL05-MG";"UOP02-DEL05-MG"
388166;2021-10-07;"quinta-feira";"18:15:00";"RJ";40;111;"DUQUE DE CAXIAS";"Condutor Dormindo";"Capotamento";"Sem Vítimas";"Plena Noite";"Decrescente";"Chuva";"Múltipla";"Reta";"Sim";1;0;0;0;1;0;0;1;-22,691868;-43,287453;"SPRF-RJ";"DEL01-RJ";"UOP01-DEL01-RJ"
388167;2021-10-07;"quinta-feira";"19:40:00";"DF";20;7;"BRASILIA";"Reação tardia ou ineficiente do condutor";"Colisão lateral mesmo sentido";"Com Vítimas Feridas";"Plena Noite";"Decrescente";"Céu Claro";"Dupla";"Reta";"Não";2;0;1;0;1;0;1;2;-15,662208;-47,799866;"SPRF-DF";"DEL02-DF";"UOP01-DEL02-DF"
388168;2021-10-07;"quinta-feira";"17:00:00";"MG";262;64,6;"MATIPO";"Avarias e/ou desgaste excessivo no pneu";"Colisão traseira";"Com Vítimas Feridas";"Pleno dia";"Crescente";"Sol";"Simples";"Reta";"Não";3;0;1;0;2;0;1;3;-20,29548779;-42,24392398;"SPRF-MG";"DEL06-MG";"UOP03-DEL06-MG"
388169;2021-10-07;"quinta-feira";"19:29:00";"RJ";116;178;"NOVA IGUACU";"Reação tardia ou ineficiente do condutor";"Engavetamento";"Sem Vítimas";"Plena Noite";"Crescente";"Céu Claro";"Múltipla";"Reta";"Sim";3;0;0;0;3;0;0;3;-22,77496393;-43,40081465;"SPRF-RJ";"DEL01-RJ";"UOP02-DEL01-RJ"
388171;2021-10-07;"quinta-feira";"18:00:00";"RS";287;397,6;"SANTIAGO";"Desrespeitar a preferência no cruzamento";"Colisão transversal";"Com Vítimas Feridas";"Pleno dia";"Crescente";"Céu Claro";"Simples";"Interseção de Vias";"Sim";2;0;1;0;1;0;1;2;-29,17729067;-54,84983913;"SPRF-RS";"DEL12-RS";"UOP02-DEL12-RS"
388173;2021-10-07;"quinta-feira";"18:00:00";"SC";163;69,6;"SAO MIGUEL DO OESTE";"Reação tardia ou ineficiente do condutor";"Colisão traseira";"Com Vítimas Feridas";"Pleno dia";"Decrescente";"Sol";"Dupla";"Reta";"Sim";2;0;1;0;1;0;1;2;-26,74450856;-53,50101471;"SPRF-SC";"DEL07-SC";"UOP03-DEL07-SC"
388176;2021-10-07;"quinta-feira";"18:40:00";"RS";116;114,9;"SAO MARCOS";"Velocidade Incompatível";"Tombamento";"Com Vítimas Feridas";"Plena Noite";"Crescente";"Céu Claro";"Simples";"Curva";"Sim";1;0;1;0;0;0;1;1;-28,96397179;-51,0753428;"SPRF-RS";"DEL05-RS";"UOP01-DEL05-RS"
388179;2021-10-07;"quinta-feira";"21:10:00";"PR";476;118;"COLOMBO";"Condutor desrespeitou a iluminação vermelha do semáforo";"Colisão transversal";"Com Vítimas Feridas";"Anoitecer";"Decrescente";"Nublado";"Múltipla";"Reta;Interseção de Vias";"Sim";2;0;1;0;1;0;1;2;-25,35634;-49,180828;"SPRF-PR";"DEL01-PR";"UOP02-DEL01-PR"
388181;2021-10-07;"quinta-feira";"20:30:00";"MG";40;711,5;"BARBACENA";"Demais falhas mecânicas ou elétricas";"Queda de ocupante de veículo";"Com Vítimas Feridas";"Plena Noite";"Decrescente";"Céu Claro";"Dupla";"Reta";"Não";2;0;2;0;0;0;2;1;-21,249304;-43,679434;"SPRF-MG";"DEL05-MG";"UOP02-DEL05-MG"
388184;2021-10-07;"quinta-feira";"21:35:00";"RN";101;122,7;"SAO JOSE DE MIPIBU";"Ingestão de álcool e/ou substâncias psicoativas pelo pedestre";"Atropelamento de Pedestre";"Com Vítimas Feridas";"Plena Noite";"Crescente";"Céu Claro";"Dupla";"Reta";"Sim";2;0;1;0;1;0;1;2;-6,0525261;-35,24358535;"SPRF-RN";"DEL01-RN";"UOP01-DEL01-RN"
388186;2021-10-07;"quinta-feira";"20:00:00";"MG";116;529,7;"CARATINGA";"Ingestão de substâncias psicoativas pelo condutor";"Colisão com objeto";"Sem Vítimas";"Plena Noite";"Crescente";"Céu Claro";"Simples";"Reta";"Sim";1;0;0;0;1;0;0;1;-19,80209596;-42,13678193;"SPRF-MG";"DEL06-MG";"UOP02-DEL06-MG"
388187;2021-08-29;"domingo";"17:40:00";"PI";343;306,9;"ALTOS";"Ingestão de álcool pelo condutor";"Atropelamento de Pedestre";"Com Vítimas Feridas";"Plena Noite";"Crescente";"Céu Claro";"Simples";"Reta";"Sim";2;0;0;1;1;0;1;2;-5,038756;-42,450893;"SPRF-PI";"DEL01-PI";"UOP01-DEL01-PI"
388189;2021-10-07;"quinta-feira";"21:40:00";"ES";101;147;"LINHARES";"Reação tardia ou ineficiente do condutor";"Colisão transversal";"Com Vítimas Feridas";"Plena Noite";"Crescente";"Céu Claro";"Múltipla";"Reta";"Sim";2;0;1;0;1;0;1;2;-19,37887202;-40,06657892;"SPRF-ES";"DEL04-ES";"UOP01-DEL04-ES"
388190;2021-10-07;"quinta-feira";"22:30:00";"MG";40;748,2;"SANTOS DUMONT";"Ingestão de álcool e/ou substâncias psicoativas pelo pedestre";"Atropelamento de Pedestre";"Com Vítimas Feridas";"Plena Noite";"Decrescente";"Chuva";"Simples";"Reta";"Sim";2;0;1;1;0;0;2;2;-21,47884895;-43,54495525;"SPRF-MG";"DEL05-MG";"UOP01-DEL05-MG"
388192;2021-08-28;"sábado";"19:00:00";"SP";116;149;"SAO JOSE DOS CAMPOS";"Condutor deixou de manter distância do veículo da frente";"Colisão traseira";"Com Vítimas Feridas";"Plena Noite";"Crescente";"Céu Claro";"Dupla";"Reta";"Não";2;0;1;0;1;0;1;2;-23,20700047;-45,88626861;"SPRF-SP";"DEL02-SP";"UOP01-DEL02-SP"
388193;2021-10-07;"quinta-feira";"21:30:00";"PE";232;123,9;"CARUARU";"Ausência de reação do condutor";"Saída de leito carroçável";"Com Vítimas Feridas";"Plena Noite";"Crescente";"Céu Claro";"Dupla";"Reta";"Não";1;0;0;1;0;0;1;1;-8,30417276;-35,92823905;"SPRF-PE";"DEL02-PE";"UOP03-DEL02-PE"
388194;2021-10-07;"quinta-feira";"19:30:00";"PA";10;212;"IPIXUNA DO PARA";"Iluminação deficiente";"Colisão traseira";"Com Vítimas Feridas";"Plena Noite";"Crescente";"Céu Claro";"Simples";"Reta";"Não";2;0;0;1;1;0;1;2;-2,57436608;-47,49114349;"SPRF-PA";"DEL02-PA";"UOP01-DEL02-PA"
388198;2021-10-08;"sexta-feira";"00:00:00";"PR";376;177,5;"MARINGA";"Condutor deixou de manter distância do veículo da frente";"Engavetamento";"Sem Vítimas";"Plena Noite";"Crescente";"Garoa/Chuvisco";"Múltipla";"Reta";"Sim";3;0;0;0;3;0;0;3;-23,41595855;-51,92226484;"SPRF-PR";"DEL09-PR";"UOP01-DEL09-PR"
388200;2021-10-07;"quinta-feira";"23:30:00";"MG";267;70,1;"BICAS";"Ingestão de álcool pelo condutor";"Saída de leito carroçável";"Com Vítimas Feridas";"Plena Noite";"Crescente";"Ignorado";"Simples";"Curva";"Não";5;0;3;0;0;2;3;2;-21,74480506;-43,13260598;"SPRF-MG";"DEL05-MG";"UOP01-DEL05-MG"
388201;2021-10-08;"sexta-feira";"00:30:00";"PE";316;61;"TRINDADE";"Ingestão de álcool pelo condutor";"Colisão lateral mesmo sentido";"Com Vítimas Feridas";"Plena Noite";"Crescente";"Céu Claro";"Simples";"Reta";"Sim";2;0;1;0;1;0;1;2;-7,77549362;-40,25174282;"SPRF-PE";"DEL05-PE";"UOP02-DEL05-PE"
388203;2021-09-04;"sábado";"22:30:00";"RJ";356;76;"ITALVA";"Conversão proibida";"Colisão transversal";"Com Vítimas Feridas";"Plena Noite";"Decrescente";"Céu Claro";"Simples";"Reta";"Não";3;0;1;0;1;1;1;3;-21,4292092;-41,6933554;"SPRF-RJ";"DEL08-RJ";"UOP03-DEL08-RJ"
388205;2021-10-07;"quinta-feira";"22:50:00";"GO";60;101,4;"ANAPOLIS";"Acumulo de areia ou detritos sobre o pavimento";"Tombamento";"Com Vítimas Feridas";"Plena Noite";"Decrescente";"Céu Claro";"Dupla";"Retorno Regulamentado";"Sim";1;0;1;0;0;0;1;1;-16,4046763;-48,98052692;"SPRF-GO";"DEL02-GO";"UOP01-DEL02-GO"
388211;2021-10-08;"sexta-feira";"02:30:00";"DF";40;0,3;"BRASILIA";"Acessar a via sem observar a presença dos outros veículos";"Colisão traseira";"Com Vítimas Feridas";"Plena Noite";"Crescente";"Céu Claro";"Dupla";"Reta";"Não";2;0;1;0;1;0;1;2;-15,98060261;-47,98927015;"SPRF-DF";"DEL01-DF";"UOP01-DEL01-DF"
388214;2021-10-08;"sexta-feira";"04:00:00";"PE";101;73;"RECIFE";"Demais falhas mecânicas ou elétricas";"Saída de leito carroçável";"Com Vítimas Feridas";"Amanhecer";"Decrescente";"Céu Claro";"Dupla";"Curva";"Sim";2;0;1;0;1;0;1;1;-8,02478597;-34,94276635;"SPRF-PE";"DEL01-PE";"UOP01-DEL01-PE"
388216;2021-10-08;"sexta-feira";"03:40:00";"RS";290;86;"PORTO ALEGRE";"Condutor Dormindo";"Saída de leito carroçável";"Sem Vítimas";"Plena Noite";"Decrescente";"Céu Claro";"Dupla";"Reta";"Não";1;0;0;0;0;1;0;1;-29,96859655;-51,1200805;"SPRF-RS";"DEL01-RS";"UOP01-DEL01-RS"
388217;2021-10-07;"quinta-feira";"17:00:00";"BA";235;350;"JUAZEIRO";"Ingestão de álcool pelo condutor";"Colisão lateral sentido oposto";"Com Vítimas Feridas";"Anoitecer";"Decrescente";"Céu Claro";"Dupla";"Rotatória";"Sim";2;0;1;0;1;0;1;2;-9,44611487;-40,48939532;"SPRF-PE";"DEL06-PE";"UOP01-DEL06-PE"
388219;2021-10-08;"sexta-feira";"04:25:00";"RS";386;136;"SARANDI";"Ingestão de álcool pelo condutor";"Saída de leito carroçável";"Sem Vítimas";"Plena Noite";"Crescente";"Nublado";"Simples";"Reta";"Sim";2;0;0;0;2;0;0;1;-27,968201;-52,90752;"SPRF-RS";"DEL08-RS";"UOP01-DEL08-RS"
388220;2021-10-08;"sexta-feira";"03:00:00";"RN";304;48,3;"MOSSORO";"Ingestão de álcool pelo condutor";"Saída de leito carroçável";"Sem Vítimas";"Plena Noite";"Decrescente";"Céu Claro";"Dupla";"Reta";"Sim";1;0;0;0;1;0;0;1;-5,22868577;-37,32203081;"SPRF-RN";"DEL04-RN";"UOP01-DEL04-RN"
388221;2021-10-08;"sexta-feira";"06:15:00";"SC";470;61;"BLUMENAU";"Ultrapassagem Indevida";"Colisão lateral mesmo sentido";"Com Vítimas Feridas";"Pleno dia";"Decrescente";"Nublado";"Simples";"Reta";"Não";2;0;1;0;0;1;1;2;-26,878952;-49,17421;"SPRF-SC";"DEL04-SC";"UOP01-DEL04-SC"
388222;2021-10-08;"sexta-feira";"04:30:00";"RR";401;21;"BONFIM";"Ausência de reação do condutor";"Colisão traseira";"Com Vítimas Feridas";"Plena Noite";"Crescente";"Céu Claro";"Simples";"Declive;Reta";"Não";1;0;1;0;0;0;1;1;2,87562857;-60,5391742;"SPRF-RR";"DEL01-RR";"UOP01-DEL01-RR"
388223;2021-10-08;"sexta-feira";"05:20:00";"RO";364;703;"PORTO VELHO";"Iluminação deficiente";"Saída de leito carroçável";"Sem Vítimas";"Amanhecer";"Crescente";"Garoa/Chuvisco";"Dupla";"Retorno Regulamentado";"Não";1;0;0;0;1;0;0;1;-8,80021523;-63,79557792;"SPRF-RO";"DEL01-RO";"UOP01-DEL01-RO"
388224;2021-10-08;"sexta-feira";"06:15:00";"RJ";116;165;"RIO DE JANEIRO";"Manobra de mudança de faixa";"Colisão traseira";"Com Vítimas Feridas";"Pleno dia";"Decrescente";"Céu Claro";"Múltipla";"Reta";"Sim";4;0;2;0;2;0;2;3;-22,81548519;-43,29087405;"SPRF-RJ";"DEL01-RJ";"UOP01-DEL01-RJ"
388225;2021-10-08;"sexta-feira";"06:15:00";"RJ";393;259,3;"BARRA DO PIRAI";"Transitar na contramão";"Colisão frontal";"Com Vítimas Feridas";"Amanhecer";"Crescente";"Nublado";"Simples";"Curva";"Não";2;0;1;1;0;0;2;2;-22,45351451;-43,83331967;"SPRF-RJ";"DEL05-RJ";"UOP04-DEL05-RJ"
388226;2021-10-08;"sexta-feira";"05:30:00";"ES";262;2;"CARIACICA";"Velocidade Incompatível";"Colisão com objeto";"Sem Vítimas";"Pleno dia";"Decrescente";"Sol";"Dupla";"Curva";"Sim";1;0;0;0;0;1;0;1;-20,33275688;-40,36077696;"SPRF-ES";"DEL01-ES";"UOP01-DEL01-ES"
388227;2021-10-08;"sexta-feira";"07:03:00";"SP";153;62,3;"SAO JOSE DO RIO PRETO";"Manobra de mudança de faixa";"Colisão transversal";"Com Vítimas Feridas";"Pleno dia";"Crescente";"Céu Claro";"Dupla";"Aclive";"Não";3;0;2;0;1;0;2;2;-20,81325404;-49,35675563;"SPRF-SP";"DEL09-SP";"UOP01-DEL09-SP"
388229;2021-10-08;"sexta-feira";"07:00:00";"SP";116;210;"GUARULHOS";"Trafegar com motocicleta (ou similar) entre as faixas";"Colisão traseira";"Com Vítimas Feridas";"Pleno dia";"Crescente";"Nublado";"Múltipla";"Aclive";"Sim";3;0;0;1;2;0;1;3;-23,42870023;-46,41085991;"SPRF-SP";"DEL01-SP";"UOP01-DEL01-SP"
388230;2021-10-07;"quinta-feira";"16:00:00";"RJ";393;124;"SAPUCAIA";"Ingestão de álcool pelo condutor";"Queda de ocupante de veículo";"Com Vítimas Feridas";"Pleno dia";"Crescente";"Céu Claro";"Simples";"Curva";"Sim";1;0;1;0;0;0;1;1;-21,94148988;-42,82319999;"SPRF-RJ";"DEL05-RJ";"UOP01-DEL05-RJ"
388234;2021-10-08;"sexta-feira";"04:55:00";"RJ";493;0;"ITABORAI";"Manobra de mudança de faixa";"Colisão lateral mesmo sentido";"Sem Vítimas";"Amanhecer";"Crescente";"Nublado";"Simples";"Interseção de Vias";"Sim";2;0;0;0;1;1;0;2;-22,77062;-42,92223;"SPRF-RJ";"DEL02-RJ";"UOP02-DEL02-RJ"
388235;2021-10-08;"sexta-feira";"07:05:00";"MG";50;43,9;"ARAGUARI";"Condutor Dormindo";"Colisão com objeto";"Com Vítimas Feridas";"Pleno dia";"Crescente";"Céu Claro";"Dupla";"Reta;Declive";"Não";2;0;1;0;0;1;1;2;-18,71222794;-48,19607735;"SPRF-MG";"DEL15-MG";"UOP02-DEL15-MG"
388236;2021-10-08;"sexta-feira";"07:25:00";"SP";101;48,4;"UBATUBA";"Acessar a via sem observar a presença dos outros veículos";"Colisão transversal";"Com Vítimas Feridas";"Pleno dia";"Crescente";"Nublado";"Simples";"Ponte";"Sim";3;0;1;0;1;1;1;3;-23,43696329;-45,08768768;"SPRF-SP";"DEL06-SP";"UOP01-DEL06-SP"
388238;2021-10-08;"sexta-feira";"07:10:00";"PA";316;63,2;"CASTANHAL";"Condutor desrespeitou a iluminação vermelha do semáforo";"Colisão transversal";"Com Vítimas Feridas";"Pleno dia";"Decrescente";"Sol";"Dupla";"Interseção de Vias";"Sim";2;0;1;0;1;0;1;2;-1,29679363;-47,92878096;"SPRF-PA";"DEL01-PA";"UOP01-DEL01-PA"
388240;2021-10-08;"sexta-feira";"07:15:00";"SP";381;65;"MAIRIPORA";"Demais falhas mecânicas ou elétricas";"Incêndio";"Sem Vítimas";"Pleno dia";"Decrescente";"Nublado";"Dupla";"Reta";"Sim";1;0;0;0;1;0;0;1;-23,316547;-46,58251;"SPRF-SP";"DEL03-SP";"UOP01-DEL03-SP"
388241;2021-10-08;"sexta-feira";"07:30:00";"CE";116;11;"FORTALEZA";"Avarias e/ou desgaste excessivo no pneu";"Colisão traseira";"Com Vítimas Feridas";"Pleno dia";"Crescente";"Chuva";"Múltipla";"Reta";"Sim";2;0;1;0;1;0;1;2;-3,84394724;-38,49891546;"SPRF-CE";"DEL01-CE";"UOP02-DEL01-CE"