"id";"data_inversa";"dia_semana";"horario";"uf";"br";"km";"municipio";"causa_acidente";"tipo_acidente";"classificacao_acidente";"fase_dia";"sentido_via";"condicao_metereologica";"tipo_pista";"tracado_via";"uso_solo";"pessoas";"mortos";"feridos_leves";"feridos_graves";"ilesos";"ignorados";"feridos";"veiculos";"latitude";"longitude";"regional";"delegacia";"uop"
388368;2021-10-08;"sexta-feira";"18:50:00";"PR";376;598;"CURITIBA";"Manobra de mudança de faixa";"Colisão lateral mesmo sentido";"Com Vítimas Feridas";"Plena Noite";"Decrescente";"Céu Claro";"Dupla";"Reta";"Sim";3;0;1;0;2;0;1;2;-25,5188802;-49,33506947;"SPRF-PR";"DEL01-PR";"UOP01-DEL01-PR"
388371;2021-10-08;"sexta-feira";"18:50:00";"PR";277;4,3;"FOZ DO IGUACU";"Acessar a via sem observar a presença dos outros veículos";"Atropelamento de Pedestre";"Com Vítimas Feridas";"Plena Noite";"Crescente";"Nublado";"Dupla";"Reta";"Sim";2;0;0;1;1;0;1;2;-25,5469;-54,5882;"SPRF-PR";"DEL05-PR";"UOP03-DEL05-PR"
388372;2021-10-08;"sexta-feira";"17:00:00";"RN";110;50,2;"MOSSORO";"Ausência de reação do condutor";"Saída de leito carroçável";"Com Vítimas Feridas";"Anoitecer";"Crescente";"Céu Claro";"Simples";"Curva";"Sim";1;0;1;0;0;0;1;1;-5,22432117;-37,32464392;"SPRF-RN";"DEL04-RN";"UOP01-DEL04-RN"
388373;2021-10-08;"sexta-feira";"19:10:00";"AL";104;88,7;"RIO LARGO";"Obras na pista";"Queda de ocupante de veículo";"Com Vítimas Feridas";"Plena Noite";"Decrescente";"Céu Claro";"Dupla";"Reta";"Sim";1;0;1;0;0;0;1;1;-9,47532901;-35,82160002;"SPRF-AL";"DEL01-AL";"UOP01-DEL01-AL"
388374;2021-10-08;"sexta-feira";"15:00:00";"MG";354;703,1;"CAXAMBU";"Acessar a via sem observar a presença dos outros veículos";"Colisão transversal";"Com Vítimas Feridas";"Pleno dia";"Crescente";"Nublado";"Simples";"Interseção de Vias";"Sim";3;0;1;0;1;1;1;3;-21,97540939;-44,92323124;"SPRF-MG";"DEL17-MG";"UOP01-DEL17-MG"
388376;2021-10-08;"sexta-feira";"19:30:00";"PR";116;121;"CURITIBA";"Manobra de mudança de faixa";"Colisão lateral mesmo sentido";"Com Vítimas Feridas";"Pleno dia";"Crescente";"Nublado";"Dupla";"Declive";"Sim";3;0;1;0;2;0;1;3;-25,5599323;-49,30743945;"SPRF-PR";"DEL01-PR";"UOP03-DEL01-PR"
388377;2021-10-08;"sexta-feira";"15:00:00";"SC";282;275,4;"SAO JOSE DO CERRITO";"Velocidade Incompatível";"Saída de leito carroçável";"Com Vítimas Feridas";"Pleno dia";"Decrescente";"Nublado";"Simples";"Aclive;Curva";"Não";1;0;1;0;0;0;1;1;-27,606421;-50,720207;"SPRF-SC";"DEL05-SC";"UOP02-DEL05-SC"
388378;2021-10-08;"sexta-feira";"17:00:00";"PB";361;20,8;"SANTA TERESINHA";"Reação tardia ou ineficiente do condutor";"Saída de leito carroçável";"Com Vítimas Feridas";"Anoitecer";"Crescente";"Céu Claro";"Simples";"Reta";"Não";2;0;1;0;0;1;1;2;-7,07981191;-37,42222407;"SPRF-PB";"DEL03-PB";"UOP01-DEL03-PB"
388379;2021-10-08;"sexta-feira";"17:30:00";"GO";364;112;"APARECIDA DO RIO DOCE";"Velocidade Incompatível";"Colisão lateral mesmo sentido";"Com Vítimas Feridas";"Anoitecer";"Crescente";"Nublado";"Simples";"Aclive";"Sim";5;0;2;0;3;0;2;2;-18,315762;-51,139889;"SPRF-GO";"DEL05-GO";"UOP02-DEL05-GO"
388382;2021-10-08;"sexta-feira";"18:20:00";"RJ";40;67;"PETROPOLIS";"Demais falhas mecânicas ou elétricas";"Incêndio";"Sem Vítimas";"Plena Noite";"Decrescente";"Nublado";"Simples";"Reta";"Não";1;0;0;0;1;0;0;1;-22,43674775;-43,1756712;"SPRF-RJ";"DEL06-RJ";"UOP01-DEL06-RJ"
388383;2021-10-08;"sexta-feira";"17:30:00";"PE";101;64,2;"RECIFE";"Ausência de reação do condutor";"Colisão lateral mesmo sentido";"Sem Vítimas";"Plena Noite";"Decrescente";"Céu Claro";"Dupla";"Reta";"Sim";3;0;0;0;0;3;0;3;-8,017847;-34,941525;"SPRF-PE";"DEL01-PE";"UOP01-DEL01-PE"
388384;2021-10-08;"sexta-feira";"19:35:00";"DF";20;30;"BRASILIA";"Reação tardia ou ineficiente do condutor";"Colisão traseira";"Sem Vítimas";"Plena Noite";"Crescente";"Céu Claro";"Dupla";"Reta";"Não";2;0;0;0;2;0;0;2;-15,595327;-47,603848;"SPRF-DF";"DEL02-DF";"UOP01-DEL02-DF"
388385;2021-10-08;"sexta-feira";"19:50:00";"PR";369;523;"CASCAVEL";"Acessar a via sem observar a presença dos outros veículos";"Colisão transversal";"Com Vítimas Feridas";"Plena Noite";"Crescente";"Céu Claro";"Simples";"Reta";"Sim";4;0;2;0;2;0;2;2;-24,9502;-53,3984;"SPRF-PR";"DEL04-PR";"UOP01-DEL04-PR"
388386;2021-10-08;"sexta-feira";"18:50:00";"SC";116;5,5;"MAFRA";"Desrespeitar a preferência no cruzamento";"Colisão transversal";"Com Vítimas Feridas";"Plena Noite";"Crescente";"Nublado";"Simples";"Interseção de Vias;Reta";"Sim";3;0;1;0;2;0;1;2;-26,14094396;-49,81508303;"SPRF-SC";"DEL06-SC";"UOP01-DEL06-SC"
388387;2021-10-08;"sexta-feira";"18:15:00";"MT";163;115,5;"RONDONOPOLIS";"Obstrução na via";"Queda de ocupante de veículo";"Com Vítimas Feridas";"Anoitecer";"Crescente";"Nublado";"Dupla";"Reta";"Não";1;0;0;1;0;0;1;1;-16,53799506;-54,66666488;"SPRF-MT";"DEL02-MT";"UOP01-DEL02-MT"
388388;2021-10-08;"sexta-feira";"19:50:00";"RJ";116;302;"RESENDE";"Pedestre andava na pista";"Atropelamento de Pedestre";"Com Vítimas Fatais";"Plena Noite";"Decrescente";"Nublado";"Dupla";"Reta";"Não";2;1;0;0;0;1;0;2;-22,45364576;-44,37040802;"SPRF-RJ";"DEL07-RJ";"UOP02-DEL07-RJ"
388389;2021-10-08;"sexta-feira";"20:05:00";"PR";369;129,4;"JATAIZINHO";"Ingestão de substâncias psicoativas pelo condutor";"Colisão transversal";"Com Vítimas Feridas";"Plena Noite";"Crescente";"Céu Claro";"Simples";"Reta";"Sim";2;0;1;0;1;0;1;2;-23,26059778;-50,97954512;"SPRF-PR";"DEL07-PR";"UOP01-DEL07-PR"
388390;2021-10-08;"sexta-feira";"20:00:00";"ES";101;119;"SOORETAMA";"Transitar no acostamento";"Atropelamento de Pedestre";"Com Vítimas Feridas";"Plena Noite";"Decrescente";"Nublado";"Simples";"Reta";"Não";2;0;0;1;0;1;1;2;-19,13567283;-40,07109336;"SPRF-ES";"DEL04-ES";"UOP01-DEL04-ES"
388391;2021-10-08;"sexta-feira";"20:55:00";"CE";222;1,6;"FORTALEZA";"Ausência de reação do condutor";"Colisão traseira";"Com Vítimas Feridas";"Plena Noite";"Crescente";"Céu Claro";"Múltipla";"Reta";"Sim";2;0;1;0;1;0;1;2;-3,737804;-38,578061;"SPRF-CE";"DEL01-CE";"UOP01-DEL01-CE"
388395;2021-10-08;"sexta-feira";"20:00:00";"RS";285;419,4;"PANAMBI";"Ingestão de álcool pelo condutor";"Saída de leito carroçável";"Sem Vítimas";"Plena Noite";"Crescente";"Chuva";"Simples";"Reta";"Não";1;0;0;0;1;0;0;1;-28,342995;-53,541256;"SPRF-RS";"DEL10-RS";"UOP01-DEL10-RS"
388396;2021-09-10;"sexta-feira";"09:55:00";"SC";153;77,5;"IRANI";"Acessar a via sem observar a presença dos outros veículos";"Colisão transversal";"Com Vítimas Fatais";"Pleno dia";"Decrescente";"Céu Claro";"Simples";"Reta";"Não";2;1;0;0;1;0;0;2;-27,10861587;-51,90279524;"SPRF-SC";"DEL07-SC";"UOP04-DEL07-SC"
388397;2021-10-08;"sexta-feira";"20:30:00";"MS";60;207;"CAMAPUA";"Animais na Pista";"Atropelamento de Animal";"Com Vítimas Feridas";"Plena Noite";"Crescente";"Céu Claro";"Simples";"Reta";"Não";1;0;0;1;0;0;1;1;-19,60876223;-54,05167777;"SPRF-MS";"DEL06-MS";"UOP02-DEL06-MS"
388398;2021-10-08;"sexta-feira";"17:30:00";"PB";361;9;"PATOS";"Animais na Pista";"Atropelamento de Animal";"Com Vítimas Feridas";"Anoitecer";"Decrescente";"Céu Claro";"Simples";"Curva;Aclive";"Não";2;0;2;0;0;0;2;1;-7,04056309;-37,33679502;"SPRF-PB";"DEL03-PB";"UOP01-DEL03-PB"
388399;2021-10-08;"sexta-feira";"18:00:00";"AP";156;730;"OIAPOQUE";"Pista esburacada";"Saída de leito carroçável";"Com Vítimas Feridas";"Pleno dia";"Decrescente";"Céu Claro";"Simples";"Reta";"Não";7;0;7;0;0;0;7;1;3,1832501059;-51,5318517539;"SPRF-AP";"DEL01-AP";"UOP03-DEL01-AP"
388400;2021-10-08;"sexta-feira";"20:40:00";"SC";101;43,6;"JOINVILLE";"Avarias e/ou desgaste excessivo no pneu";"Colisão com objeto";"Sem Vítimas";"Plena Noite";"Decrescente";"Chuva";"Dupla";"Aclive;Reta";"Sim";1;0;0;0;0;1;0;1;-26,30357106;-48,88225609;"SPRF-SC";"DEL03-SC";"UOP01-DEL03-SC"
388402;2021-10-08;"sexta-feira";"19:20:00";"PR";277;98;"CURITIBA";"Ausência de reação do condutor";"Colisão traseira";"Sem Vítimas";"Plena Noite";"Crescente";"Céu Claro";"Dupla";"Reta";"Sim";2;0;0;0;2;0;0;2;-25,540113;-49,311317;"SPRF-PR";"DEL01-PR";"UOP01-DEL01-PR"
388406;2021-10-08;"sexta-feira";"22:04:00";"BA";110;2,3;"PAULO AFONSO";"Ingestão de álcool e/ou substâncias psicoativas pelo pedestre";"Atropelamento de Pedestre";"Com Vítimas Feridas";"Plena Noite";"Decrescente";"Céu Claro";"Simples";"Reta";"Não";4;0;1;0;3;0;1;2;-9,47099311;-38,20719886;"SPRF-BA";"DEL07-BA";"UOP01-DEL07-BA"
388407;2021-10-08;"sexta-feira";"20:40:00";"PR";376;468,2;"PONTA GROSSA";"Demais falhas mecânicas ou elétricas";"Saída de leito carroçável";"Com Vítimas Feridas";"Plena Noite";"Decrescente";"Céu Claro";"Dupla";"Reta";"Não";1;0;0;1;0;0;1;1;-25,04142604;-50,28929001;"SPRF-PR";"DEL03-PR";"UOP01-DEL03-PR"
388409;2021-10-08;"sexta-feira";"22:40:00";"DF";20;11;"BRASILIA";"Condutor deixou de manter distância do veículo da frente";"Colisão traseira";"Com Vítimas Feridas";"Plena Noite";"Crescente";"Garoa/Chuvisco";"Dupla";"Aclive";"Sim";3;0;1;0;2;0;1;2;-15,64654;-47,766422;"SPRF-DF";"DEL02-DF";"UOP01-DEL02-DF"
388411;2021-10-08;"sexta-feira";"23:00:00";"SP";116;221;"GUARULHOS";"Deficiência do Sistema de Iluminação/Sinalização";"Colisão traseira";"Com Vítimas Feridas";"Plena Noite";"Decrescente";"Céu Claro";"Múltipla";"Reta";"Sim";2;0;1;0;1;0;1;2;-23,46802395;-46,50704901;"SPRF-SP";"DEL01-SP";"UOP01-DEL01-SP"
388413;2021-10-08;"sexta-feira";"23:25:00";"SC";470;41,8;"GASPAR";"Ausência de reação do condutor";"Saída de leito carroçável";"Com Vítimas Feridas";"Plena Noite";"Decrescente";"Chuva";"Simples";"Reta";"Não";3;0;2;1;0;0;3;1;-26,882343;-48,996975;"SPRF-SC";"DEL04-SC";"UOP01-DEL04-SC"
388414;2021-10-08;"sexta-feira";"21:50:00";"SC";280;27,6;"ARAQUARI";"Ultrapassagem Indevida";"Colisão frontal";"Com Vítimas Feridas";"Plena Noite";"Decrescente";"Chuva";"Simples";"Em Obras";"Sim";2;0;0;1;1;0;1;2;-26,39685622;-48,74021969;"SPRF-SC";"DEL03-SC";"UOP03-DEL03-SC"
388416;2021-10-08;"sexta-feira";"22:10:00";"SC";282;521,6;"XAXIM";"Ingestão de álcool pelo condutor";"Saída de leito carroçável";"Com Vítimas Feridas";"Plena Noite";"Crescente";"Chuva";"Simples";"Rotatória";"Sim";1;0;0;1;0;0;1;1;-26,950993;-52,534767;"SPRF-SC";"DEL07-SC";"UOP01-DEL07-SC"
388417;2021-10-08;"sexta-feira";"22:50:00";"SC";101;232,5;"PALHOCA";"Reação tardia ou ineficiente do condutor";"Colisão com objeto";"Sem Vítimas";"Plena Noite";"Decrescente";"Chuva";"Dupla";"Reta;Declive";"Não";1;0;0;0;1;0;0;1;-27,79774238;-48,63750458;"SPRF-SC";"DEL01-SC";"UOP02-DEL01-SC"
388419;2021-10-08;"sexta-feira";"23:00:00";"RO";364;343;"JI-PARANA";"Ausência de reação do condutor";"Colisão traseira";"Com Vítimas Feridas";"Plena Noite";"Crescente";"Céu Claro";"Dupla";"Declive;Reta";"Sim";3;0;1;0;2;0;1;2;-10,87878519;-61,94499012;"SPRF-RO";"DEL02-RO";"UOP01-DEL02-RO"
388421;2021-10-08;"sexta-feira";"19:05:00";"SC";101;431,5;"SOMBRIO";"Ausência de reação do condutor";"Tombamento";"Com Vítimas Feridas";"Plena Noite";"Decrescente";"Chuva";"Múltipla";"Reta";"Não";3;0;2;0;1;0;2;1;-29,064526;-49,62464101;"SPRF-SC";"DEL02-SC";"UOP02-DEL02-SC"
388426;2021-10-08;"sexta-feira";"22:09:00";"SC";282;521,2;"XAXIM";"Velocidade Incompatível";"Colisão traseira";"Sem Vítimas";"Plena Noite";"Crescente";"Chuva";"Simples";"Curva";"Sim";2;0;0;0;2;0;0;2;-26,950993;-52,534767;"SPRF-SC";"DEL07-SC";"UOP01-DEL07-SC"
388428;2021-10-09;"sábado";"00:28:00";"SC";101;335;"TUBARAO";"Ingestão de álcool pelo condutor";"Saída de leito carroçável";"Sem Vítimas";"Plena Noite";"Decrescente";"Céu Claro";"Simples";"Interseção de Vias";"Sim";1;0;0;0;1;0;0;1;-28,46927473;-49,01557908;"SPRF-SC";"DEL02-SC";"UOP01-DEL02-SC"
388429;2021-10-08;"sexta-feira";"23:30:00";"MT";364;204;"RONDONOPOLIS";"Demais falhas mecânicas ou elétricas";"Queda de ocupante de veículo";"Com Vítimas Feridas";"Plena Noite";"Crescente";"Nublado";"Dupla";"Rotatória";"Sim";2;0;2;0;0;0;2;1;-16,467325;-54,657196;"SPRF-MT";"DEL02-MT";"UOP01-DEL02-MT"
388431;2021-10-09;"sábado";"01:25:00";"PR";116;12;"COLOMBO";"Reação tardia ou ineficiente do condutor";"Saída de leito carroçável";"Sem Vítimas";"Plena Noite";"Crescente";"Chuva";"Dupla";"Reta";"Sim";1;0;0;0;0;1;0;1;-25,377371;-49,154253;"SPRF-PR";"DEL01-PR";"UOP02-DEL01-PR"
388432;2021-10-09;"sábado";"01:40:00";"SP";116;158;"SAO JOSE DOS CAMPOS";"Ausência de reação do condutor";"Eventos atípicos";"Com Vítimas Fatais";"Plena Noite";"Decrescente";"Vento";"Múltipla";"Aclive";"Não";2;1;0;0;0;1;0;2;-23,26072137;-45,95179176;"SPRF-SP";"DEL02-SP";"UOP01-DEL02-SP"
388433;2021-10-08;"sexta-feira";"23:35:00";"PE";232;79,3;"GRAVATA";"Reação tardia ou ineficiente do condutor";"Saída de leito carroçável";"Com Vítimas Feridas";"Plena Noite";"Crescente";"Céu Claro";"Dupla";"Reta";"Sim";1;0;1;0;0;0;1;1;-8,19460572;-35,56074803;"SPRF-PE";"DEL02-PE";"UOP02-DEL02PE"
388435;2021-10-09;"sábado";"00:40:00";"RJ";116;164,7;"RIO DE JANEIRO";"Ingestão de álcool pelo condutor";"Saída de leito carroçável";"Sem Vítimas";"Plena Noite";"Crescente";"Céu Claro";"Múltipla";"Reta";"Sim";1;0;0;0;1;0;0;1;-22,81258011;-43,33110809;"SPRF-RJ";"DEL01-RJ";"UOP01-DEL01-RJ"
388436;2021-10-09;"sábado";"00:30:00";"SP";116;217;"GUARULHOS";"Entrada inopinada do pedestre";"Atropelamento de Pedestre";"Com Vítimas Feridas";"Plena Noite";"Decrescente";"Céu Claro";"Dupla";"Reta";"Não";2;0;0;1;0;1;1;2;-23,45423824;-46,47119028;"SPRF-SP";"DEL01-SP";"UOP01-DEL01-SP"
388438;2021-10-09;"sábado";"01:45:00";"PR";153;337;"IRATI";"Velocidade Incompatível";"Saída de leito carroçável";"Sem Vítimas";"Plena Noite";"Decrescente";"Garoa/Chuvisco";"Simples";"Reta";"Sim";1;0;0;0;0;1;0;1;-25,50616511;-50,6512107;"SPRF-PR";"DEL03-PR";"UOP03-DEL03-PR"
388439;2021-10-09;"sábado";"02:15:00";"PI";343;338,9;"TERESINA";"Transitar na contramão";"Colisão frontal";"Com Vítimas Fatais";"Plena Noite";"Crescente";"Céu Claro";"Dupla";"Reta";"Sim";2;1;1;0;0;0;1;2;-5,06975247;-42,73353338;"SPRF-PI";"DEL01-PI";"UOP01-DEL01-PI"
388441;2021-10-09;"sábado";"01:22:00";"RS";116;249;"SAO LEOPOLDO";"Condutor deixou de manter distância do veículo da frente";"Colisão transversal";"Sem Vítimas";"Plena Noite";"Crescente";"Chuva";"Dupla";"Curva";"Sim";2;0;0;0;2;0;0;2;-29,7831804;-51,16099063;"SPRF-RS";"DEL01-RS";"UOP02-DEL01-RS"
388443;2021-10-09;"sábado";"02:40:00";"RS";290;88;"PORTO ALEGRE";"Ausência de reação do condutor";"Saída de leito carroçável";"Sem Vítimas";"Plena Noite";"Decrescente";"Céu Claro";"Dupla";"Reta";"Sim";1;0;0;0;1;0;0;1;-29,967531;-51,137264;"SPRF-RS";"DEL01-RS";"UOP01-DEL01-RS"
388444;2021-10-04;"segunda-feira";"12:15:00";"SC";101;423;"ARARANGUA";"Ausência de reação do condutor";"Colisão transversal";"Com Vítimas Feridas";"Pleno dia";"Crescente";"Chuva";"Múltipla";"Interseção de Vias";"Não";2;0;1;0;1;0;1;2;-29,01106757;-49,57413825;"SPRF-SC";"DEL02-SC";"UOP02-DEL02-SC"
388446;2021-10-09;"sábado";"03:05:00";"MG";40;737,8;"SANTOS DUMONT";"Velocidade Incompatível";"Saída de leito carroçável";"Sem Vítimas";"Plena Noite";"Crescente";"Chuva";"Simples";"Curva";"Não";1;0;0;0;1;0;0;1;-21,38296999;-43,57033542;"SPRF-MG";"DEL05-MG";"UOP01-DEL05-MG"
388448;2021-10-09;"sábado";"01:45:00";"PR";376;237;"APUCARANA";"Condutor deixou de manter distância do veículo da frente";"Colisão traseira";"Com Vítimas Feridas";"Plena Noite";"Crescente";"Céu Claro";"Dupla";"Reta";"Não";7;0;2;0;4;1;2;2;-23,58373109;-51,46335598;"SPRF-PR";"DEL07-PR";"UOP02-DEL07-PR"
388449;2021-10-09;"sábado";"02:15:00";"MG";50;61,1;"UBERLANDIA";"Condutor Dormindo";"Saída de leito carroçável";"Com Vítimas Feridas";"Plena Noite";"Decrescente";"Nublado";"Dupla";"Em Obras;Reta";"Sim";1;0;1;0;0;0;1;1;-18,81603099;-48,25003475;"SPRF-MG";"DEL15-MG";"UOP02-DEL15-MG"
388450;2021-10-09;"sábado";"01:05:00";"MS";262;659,8;"CORUMBA";"Ausência de reação do condutor";"Colisão com objeto";"Com Vítimas Feridas";"Plena Noite";"Decrescente";"Céu Claro";"Simples";"Interseção de Vias";"Não";6;0;2;0;4;0;2;2;-19,651068;-57,02579;"SPRF-MS";"DEL03-MS";"UOP02-DEL03-MS"
388451;2021-10-09;"sábado";"02:00:00";"MS";163;681;"RIO VERDE DE MATO GROSSO";"Ultrapassagem Indevida";"Colisão lateral mesmo sentido";"Sem Vítimas";"Plena Noite";"Decrescente";"Céu Claro";"Simples";"Reta";"Sim";2;0;0;0;2;0;0;2;-18,91578008;-54,83862738;"SPRF-MS";"DEL06-MS";"UOP02-DEL06-MS"
388453;2021-10-09;"sábado";"03:45:00";"SC";282;4;"FLORIANOPOLIS";"Chuva";"Capotamento";"Com Vítimas Feridas";"Plena Noite";"Crescente";"Chuva";"Dupla";"Curva";"Sim";1;0;0;1;0;0;1;1;-27,592646;-48,604034;"SPRF-SC";"DEL01-SC";"UOP01-DEL01-SC"
388454;2021-08-10;"terça-feira";"03:44:00";"BA";324;542;"AMELIA RODRIGUES";"Condutor Dormindo";"Colisão traseira";"Com Vítimas Feridas";"Plena Noite";"Decrescente";"Céu Claro";"Dupla";"Aclive";"Não";2;0;1;0;1;0;1;2;-12,39373185;-38,77646394;"SPRF-BA";"DEL01-BA";"UOP03-DEL01-BA"
388458;2021-10-09;"sábado";"04:00:00";"RJ";116;40;"TERESOPOLIS";"Pedestre andava na pista";"Atropelamento de Pedestre";"Com Vítimas Feridas";"Plena Noite";"Crescente";"Chuva";"Simples";"Reta";"Sim";2;0;0;1;1;0;1;2;-22,133427;-42,779522;"SPRF-RJ";"DEL04-RJ";"UOP01-DEL04-RJ"
388459;2021-10-09;"sábado";"04:45:00";"SC";101;198;"BIGUACU";"Acumulo de água sobre o pavimento";"Saída de leito carroçável";"Sem Vítimas";"Plena Noite";"Decrescente";"Chuva";"Dupla";"Reta";"Não";1;0;0;0;1;0;0;1;-27,52658712;-48,63506019;"SPRF-SC";"DEL01-SC";"UOP01-DEL01-SC"
388460;2021-10-09;"sábado";"03:20:00";"SP";116;277,8;"EMBU DAS ARTES";"Reação tardia ou ineficiente do condutor";"Saída de leito carroçável";"Com Vítimas Feridas";"Plena Noite";"Crescente";"Céu Claro";"Dupla";"Curva";"Sim";2;0;1;0;1;0;1;1;-23,64870535;-46,84395469;"SPRF-SP";"DEL04-SP";"UOP01-DEL04-SP"
388462;2021-10-09;"sábado";"04:05:00";"RJ";101;286;"ITABORAI";"Ausência de reação do condutor";"Colisão com objeto";"Sem Vítimas";"Plena Noite";"Decrescente";"Garoa/Chuvisco";"Dupla";"Reta";"Não";2;0;0;0;2;0;0;2;-22,75409331;-42,82491696;"SPRF-RJ";"DEL02-RJ";"UOP03-DEL02-RJ"
388463;2021-10-09;"sábado";"03:50:00";"SP";116;152;"SAO JOSE DOS CAMPOS";"Acessar a via sem observar a presença dos outros veículos";"Colisão traseira";"Com Vítimas Feridas";"Plena Noite";"Decrescente";"Nublado";"Dupla";"Reta";"Sim";3;0;1;0;0;2;1;3;-23,22620401;-45,90682999;"SPRF-SP";"DEL02-SP";"UOP01-DEL02-SP"
388464;2021-10-09;"sábado";"04:00:00";"SP";116;226;"GUARULHOS";"Ingestão de álcool e/ou substâncias psicoativas pelo pedestre";"Colisão traseira";"Com Vítimas Feridas";"Plena Noite";"Crescente";"Nublado";"Múltipla";"Reta";"Sim";2;0;1;0;1;0;1;2;-23,49102507;-46,54878195;"SPRF-SP";"DEL01-SP";"UOP01-DEL01-SP"
388470;2021-10-09;"sábado";"05:00:00";"MG";40;701,6;"BARBACENA";"Velocidade Incompatível";"Tombamento";"Com Vítimas Feridas";"Amanhecer";"Decrescente";"Nublado";"Simples";"Reta";"Sim";1;0;1;0;0;0;1;1;-21,21849;-43,744043;"SPRF-MG";"DEL05-MG";"UOP02-DEL05-MG"
388474;2021-10-09;"sábado";"03:50:00";"SC";470;105,8;"APIUNA";"Ingestão de álcool pelo condutor";"Saída de leito carroçável";"Sem Vítimas";"Plena Noite";"Crescente";"Chuva";"Simples";"Reta";"Não";1;0;0;0;1;0;0;1;-27,066006;-49,417019;"SPRF-SC";"DEL04-SC";"UOP02-DEL04-SC"
388476;2021-10-09;"sábado";"04:50:00";"MA";222;346;"IGARAPE DO MEIO";"Ausência de reação do condutor";"Colisão traseira";"Com Vítimas Feridas";"Amanhecer";"Decrescente";"Céu Claro";"Simples";"Reta";"Não";7;0;1;0;6;0;1;2;-3,61739154;-45,14327026;"SPRF-MA";"DEL02-MA";"UOP01-DEL02-MA"
388477;2021-10-09;"sábado";"05:00:00";"GO";60;35;"GOIANIA";"Animais na Pista";"Atropelamento de Animal";"Com Vítimas Feridas";"Plena Noite";"Decrescente";"Céu Claro";"Dupla";"Reta";"Sim";3;0;3;0;0;0;3;1;-16,6777;-49,2676;"SPRF-GO";"DEL01-GO";"UOP02-DEL01-GO"
388479;2021-10-09;"sábado";"05:50:00";"SC";101;148;"ITAPEMA";"Chuva";"Colisão com objeto";"Com Vítimas Feridas";"Pleno dia";"Decrescente";"Chuva";"Dupla";"Reta";"Sim";2;0;1;0;0;1;1;2;-27,10123686;-48,61807962;"SPRF-SC";"DEL04-SC";"UOP03-DEL04-SC"
388480;2021-10-09;"sábado";"05:30:00";"PR";376;139;"BALSA NOVA";"Velocidade Incompatível";"Colisão com objeto";"Com Vítimas Feridas";"Amanhecer";"Decrescente";"Chuva";"Simples";"Curva;Declive";"Não";2;0;1;0;1;0;1;1;-25,4658334;-49,7259739;"SPRF-PR";"DEL09-PR";"UOP02-DEL09-PR"
388481;2021-10-09;"sábado";"05:20:00";"MG";40;501,7;"ESMERALDAS";"Entrada inopinada do pedestre";"Atropelamento de Pedestre";"Com Vítimas Fatais";"Amanhecer";"Crescente";"Nublado";"Dupla";"Reta";"Não";3;1;0;0;1;1;0;2;-19,711946;-44,163203;"SPRF-MG";"DEL02-MG";"UOP01-DEL02-MG"
388482;2021-10-09;"sábado";"05:00:00";"TO";242;354,2;"PEIXE";"Velocidade Incompatível";"Colisão com objeto";"Com Vítimas Fatais";"Amanhecer";"Decrescente";"Céu Claro";"Simples";"Reta";"Não";1;1;0;0;0;0;0;1;-11,85889016;-48,88763543;"SPRF-TO";"DEL01-TO";"UOP02-DEL01-TO"
388484;2021-10-09;"sábado";"05:40:00";"MT";70;3;"BARRA DO GARCAS";"Ingestão de álcool pelo condutor";"Colisão com objeto";"Com Vítimas Feridas";"Amanhecer";"Decrescente";"Chuva";"Dupla";"Aclive";"Sim";2;0;2;0;0;0;2;1;-15,88252843;-52,27574027;"SPRF-MT";"DEL07-MT";"UOP01-DEL07-MT"
388485;2021-10-09;"sábado";"05:50:00";"GO";40;14,2;"LUZIANIA";"Ingestão de álcool pelo condutor";"Colisão traseira";"Com Vítimas Feridas";"Amanhecer";"Decrescente";"Céu Claro";"Dupla";"Declive;Reta";"Sim";4;0;0;1;2;1;1;3;-16,158753;-47,933136;"SPRF-DF";"DEL01-DF";"UOP01-DEL01-DF"
388486;2021-10-09;"sábado";"04:05:00";"MG";40;732,5;"OLIVEIRA FORTES";"Velocidade Incompatível";"Saída de leito carroçável";"Com Vítimas Feridas";"Plena Noite";"Crescente";"Chuva";"Dupla";"Curva;Declive";"Não";5;0;1;0;4;0;1;1;-21,34762119;-43,58122534;"SPRF-MG";"DEL05-MG";"UOP01-DEL05-MG"
388489;2021-10-09;"sábado";"05:20:00";"SC";470;18,7;"ILHOTA";"Reação tardia ou ineficiente do condutor";"Saída de leito carroçável";"Sem Vítimas";"Amanhecer";"Crescente";"Chuva";"Dupla";"Reta";"Não";1;0;0;0;0;1;0;1;-26,855534;-48,808922;"SPRF-SC";"DEL04-SC";"UOP04-DEL04-SC"
388491;2021-10-09;"sábado";"06:00:00";"MG";116;292;"TEOFILO OTONI";"Velocidade Incompatível";"Capotamento";"Com Vítimas Feridas";"Pleno dia";"Decrescente";"Chuva";"Simples";"Curva";"Não";2;0;1;0;1;0;1;1;-17,98144887;-41,55430919;"SPRF-MG";"DEL11-MG";"UOP01-DEL11-MG"
388492;2021-08-30;"segunda-feira";"03:00:00";"BA";116;405;"FEIRA DE SANTANA";"Neblina";"Colisão com objeto";"Com Vítimas Feridas";"Plena Noite";"Decrescente";"Nevoeiro/Neblina";"Dupla";"Reta";"Não";1;0;0;1;0;0;1;1;-12,0577104;-38,97106111;"SPRF-BA";"DEL02-BA";"UOP01-DEL02-BA"