"id";"data_inversa";"dia_semana";"horario";"uf";"br";"km";"municipio";"causa_acidente";"tipo_acidente";"classificacao_acidente";"fase_dia";"sentido_via";"condicao_metereologica";"tipo_pista";"tracado_via";"uso_solo";"pessoas";"mortos";"feridos_leves";"feridos_graves";"ilesos";"ignorados";"feridos";"veiculos";"latitude";"longitude";"regional";"delegacia";"uop"
388495;2021-10-09;"sábado";"07:05:00";"RJ";101;271;"RIO BONITO";"Mal súbito do condutor";"Saída de leito carroçável";"Com Vítimas Feridas";"Pleno dia";"Decrescente";"Céu Claro";"Dupla";"Curva";"Sim";1;0;0;1;0;0;1;1;-22,72443147;-42,69368143;"SPRF-RJ";"DEL02-RJ";"UOP03-DEL02-RJ"
388498;2021-10-09;"sábado";"06:15:00";"SP";116;271,5;"TABOAO DA SERRA";"Velocidade Incompatível";"Colisão com objeto";"Sem Vítimas";"Amanhecer";"Decrescente";"Nublado";"Dupla";"Curva";"Sim";1;0;0;0;0;1;0;1;-23,61809286;-46,80556302;"SPRF-SP";"DEL04-SP";"UOP01-DEL04-SP"
388502;2021-10-09;"sábado";"02:00:00";"GO";50;279;"CATALAO";"Ingestão de álcool pelo condutor";"Saída de leito carroçável";"Sem Vítimas";"Plena Noite";"Crescente";"Céu Claro";"Simples";"Reta";"Sim";1;0;0;0;0;1;0;1;-18,1739;-47,9289;"SPRF-GO";"DEL06-GO";"UOP01-DEL06-GO"
388503;2021-10-09;"sábado";"07:40:00";"SC";470;96,7;"APIUNA";"Frear bruscamente";"Tombamento";"Com Vítimas Feridas";"Pleno dia";"Crescente";"Chuva";"Simples";"Reta";"Sim";2;0;1;1;0;0;2;1;-27,020767;-49,371342;"SPRF-SC";"DEL04-SC";"UOP01-DEL04-SC"
388506;2021-10-09;"sábado";"06:10:00";"SC";282;646,2;"SAO MIGUEL DO OESTE";"Reação tardia ou ineficiente do condutor";"Saída de leito carroçável";"Sem Vítimas";"Amanhecer";"Crescente";"Nevoeiro/Neblina";"Simples";"Rotatória";"Sim";1;0;0;0;1;0;0;1;-26,763933;-53,496826;"SPRF-SC";"DEL07-SC";"UOP03-DEL07-SC"
388507;2021-10-09;"sábado";"06:10:00";"BA";101;796,2;"ITAMARAJU";"Demais falhas mecânicas ou elétricas";"Tombamento";"Com Vítimas Feridas";"Pleno dia";"Crescente";"Nublado";"Simples";"Reta";"Não";2;0;2;0;0;0;2;1;-16,92181;-39,538894;"SPRF-BA";"DEL09-BA";"UOP01-DEL09-BA"
388511;2021-10-09;"sábado";"00:07:00";"RJ";101;409;"ITAGUAI";"Iluminação deficiente";"Colisão traseira";"Com Vítimas Feridas";"Plena Noite";"Decrescente";"Nublado";"Dupla";"Reta";"Sim";1;0;1;0;0;0;1;1;-22,891717;-43,842199;"SPRF-RJ";"DEL03-RJ";"UOP01-DEL03-RJ"
388512;2021-10-09;"sábado";"07:05:00";"RO";319;63;"PORTO VELHO";"Condutor desrespeitou a iluminação vermelha do semáforo";"Colisão transversal";"Com Vítimas Feridas";"Pleno dia";"Crescente";"Céu Claro";"Dupla";"Interseção de Vias";"Sim";2;0;1;0;1;0;1;2;-8,766685;-63,884052;"SPRF-RO";"DEL01-RO";"UOP01-DEL01-RO"
388514;2021-08-08;"domingo";"13:35:00";"PE";424;64;"CAPOEIRAS";"Velocidade Incompatível";"Saída de leito carroçável";"Com Vítimas Feridas";"Pleno dia";"Crescente";"Céu Claro";"Simples";"Declive";"Não";1;0;0;1;0;0;1;1;-8,753403;-36,667581;"SPRF-PE";"DEL03-PE";"UOP01-DEL03-PE"
388515;2021-10-09;"sábado";"08:45:00";"SC";101;216,3;"PALHOCA";"Acessar a via sem observar a presença dos outros veículos";"Colisão transversal";"Com Vítimas Feridas";"Pleno dia";"Decrescente";"Nublado";"Dupla";"Interseção de Vias";"Sim";2;0;1;0;1;0;1;2;-27,65981409;-48,67747798;"SPRF-SC";"DEL01-SC";"UOP02-DEL01-SC"
388517;2021-10-05;"terça-feira";"12:00:00";"RJ";116;95;"TERESOPOLIS";"Chuva";"Saída de leito carroçável";"Com Vítimas Feridas";"Pleno dia";"Crescente";"Chuva";"Dupla";"Curva";"Não";3;0;3;0;0;0;3;1;-22,47374702;-43,00117923;"SPRF-RJ";"DEL04-RJ";"UOP02-DEL04-RJ"
388519;2021-09-03;"sexta-feira";"18:47:00";"PR";277;70;"SAO JOSE DOS PINHAIS";"Reação tardia ou ineficiente do condutor";"Queda de ocupante de veículo";"Com Vítimas Feridas";"Plena Noite";"Decrescente";"Céu Claro";"Dupla";"Reta";"Não";2;0;1;0;1;0;1;2;-25,53317957;-49,07969781;"SPRF-PR";"DEL01-PR";"UOP01-DEL01-PR"
388521;2021-08-30;"segunda-feira";"07:45:00";"SC";101;112,6;"ITAJAI";"Trafegar com motocicleta (ou similar) entre as faixas";"Colisão lateral mesmo sentido";"Com Vítimas Feridas";"Pleno dia";"Crescente";"Garoa/Chuvisco";"Dupla";"Reta";"Não";2;0;1;0;1;0;1;2;-26,84589005;-48,72131295;"SPRF-SC";"DEL04-SC";"UOP04-DEL04-SC"
388522;2021-10-09;"sábado";"06:50:00";"SC";282;522;"XAXIM";"Chuva";"Saída de leito carroçável";"Sem Vítimas";"Pleno dia";"Crescente";"Chuva";"Simples";"Curva";"Não";2;0;0;0;2;0;0;1;-26,956238;-52,542637;"SPRF-SC";"DEL07-SC";"UOP01-DEL07-SC"
388523;2021-10-09;"sábado";"09:00:00";"PB";101;84;"BAYEUX";"Condutor deixou de manter distância do veículo da frente";"Colisão traseira";"Com Vítimas Feridas";"Pleno dia";"Crescente";"Céu Claro";"Dupla";"Reta";"Sim";3;0;2;0;1;0;2;2;-7,13957906;-34,92312806;"SPRF-PB";"DEL01-PB";"UOP01-DEL01-PB"
388524;2021-10-09;"sábado";"09:00:00";"RN";405;151,1;"PAU DOS FERROS";"Acessar a via sem observar a presença dos outros veículos";"Colisão lateral mesmo sentido";"Com Vítimas Feridas";"Pleno dia";"Decrescente";"Céu Claro";"Dupla";"Reta";"Sim";2;0;1;0;1;0;1;2;-6,117038;-38,206583;"SPRF-RN";"DEL04-RN";"UOP02-DEL04-RN"
388525;2021-10-09;"sábado";"09:00:00";"CE";20;415,1;"MARACANAU";"Trafegar com motocicleta (ou similar) entre as faixas";"Colisão lateral mesmo sentido";"Com Vítimas Feridas";"Pleno dia";"Crescente";"Nublado";"Dupla";"Reta";"Não";2;0;1;1;0;0;2;2;-3,76999035;-38,67006282;"SPRF-CE";"DEL01-CE";"UOP02-DEL01-CE"
388528;2021-10-09;"sábado";"09:10:00";"PE";232;154;"SAO CAITANO";"Demais falhas mecânicas ou elétricas";"Queda de ocupante de veículo";"Com Vítimas Feridas";"Pleno dia";"Crescente";"Céu Claro";"Simples";"Declive";"Não";2;0;2;0;0;0;2;1;-8,32819273;-36,19911602;"SPRF-PE";"DEL02-PE";"UOP03-DEL02-PE"
388529;2021-10-09;"sábado";"10:00:00";"PR";376;658;"TIJUCAS DO SUL";"Velocidade Incompatível";"Colisão com objeto";"Com Vítimas Feridas";"Pleno dia";"Decrescente";"Chuva";"Dupla";"Curva;Aclive";"Não";4;0;1;0;3;0;1;1;-25,84244277;-49,05878305;"SPRF-PR";"DEL01-PR";"UOP04-DEL01-PR"
388531;2021-10-09;"sábado";"08:40:00";"SP";116;428;"REGISTRO";"Manobra de mudança de faixa";"Saída de leito carroçável";"Com Vítimas Feridas";"Pleno dia";"Crescente";"Nublado";"Dupla";"Curva";"Não";4;0;1;0;1;2;1;3;-24,39852267;-47,7315598;"SPRF-SP";"DEL05-SP";"UOP01-DEL05-SP"
388532;2021-10-09;"sábado";"08:45:00";"PR";116;5;"CAMPINA GRANDE DO SUL";"Chuva";"Colisão com objeto";"Sem Vítimas";"Pleno dia";"Decrescente";"Chuva";"Dupla";"Curva";"Não";1;0;0;0;1;0;0;1;-25,08301297;-48,59994703;"SPRF-PR";"DEL01-PR";"UOP02-DEL01-PR"
388533;2021-10-09;"sábado";"09:00:00";"PR";116;37;"CAMPINA GRANDE DO SUL";"Acumulo de água sobre o pavimento";"Colisão com objeto";"Com Vítimas Feridas";"Pleno dia";"Crescente";"Chuva";"Dupla";"Reta";"Não";1;0;1;0;0;0;1;1;-25,13988802;-48,85618719;"SPRF-PR";"DEL01-PR";"UOP02-DEL01-PR"
388536;2021-10-09;"sábado";"10:50:00";"PB";101;84;"BAYEUX";"Velocidade Incompatível";"Engavetamento";"Sem Vítimas";"Pleno dia";"Decrescente";"Céu Claro";"Dupla";"Reta";"Sim";4;0;0;0;4;0;0;4;-7,13957906;-34,92312806;"SPRF-PB";"DEL01-PB";"UOP01-DEL01-PB"
388537;2021-10-09;"sábado";"09:40:00";"PI";343;156;"BRASILEIRA";"Condutor Dormindo";"Saída de leito carroçável";"Com Vítimas Feridas";"Pleno dia";"Crescente";"Céu Claro";"Simples";"Reta";"Não";1;0;1;0;0;0;1;1;-4,038049;-41,771606;"SPRF-PI";"DEL02-PI";"UOP01-DEL02-PI"
388538;2021-10-09;"sábado";"10:10:00";"SP";116;509,6;"CAJATI";"Pista Escorregadia";"Saída de leito carroçável";"Com Vítimas Feridas";"Pleno dia";"Crescente";"Chuva";"Simples";"Curva";"Não";4;0;2;0;2;0;2;1;-24,82600177;-48,21796417;"SPRF-SP";"DEL05-SP";"UOP02-DEL05-SP"
388539;2021-10-09;"sábado";"11:10:00";"CE";116;7;"FORTALEZA";"Acessar a via sem observar a presença dos outros veículos";"Colisão lateral mesmo sentido";"Com Vítimas Feridas";"Pleno dia";"Decrescente";"Céu Claro";"Dupla";"Reta";"Não";2;0;1;0;1;0;1;2;-3,81073099;-38,50074867;"SPRF-CE";"DEL01-CE";"UOP02-DEL01-CE"
388540;2021-10-09;"sábado";"11:20:00";"RS";285;462,1;"IJUI";"Desrespeitar a preferência no cruzamento";"Colisão transversal";"Com Vítimas Feridas";"Pleno dia";"Crescente";"Nublado";"Simples";"Declive";"Não";6;0;5;1;0;0;6;2;-28,411763;-53,933867;"SPRF-RS";"DEL10-RS";"UOP01-DEL10-RS"
388542;2021-10-09;"sábado";"11:20:00";"RJ";116;172,5;"BELFORD ROXO";"Reação tardia ou ineficiente do condutor";"Colisão traseira";"Com Vítimas Feridas";"Pleno dia";"Crescente";"Céu Claro";"Múltipla";"Reta";"Sim";2;0;0;1;1;0;1;2;-22,7788326;-43,39520216;"SPRF-RJ";"DEL01-RJ";"UOP02-DEL01-RJ"
388543;2021-10-09;"sábado";"10:00:00";"MG";40;750,6;"SANTOS DUMONT";"Chuva";"Colisão frontal";"Com Vítimas Feridas";"Pleno dia";"Crescente";"Chuva";"Simples";"Curva";"Não";4;0;1;0;3;0;1;2;-21,45724301;-43,55822199;"SPRF-MG";"DEL05-MG";"UOP01-DEL05-MG"
388544;2021-10-09;"sábado";"10:10:00";"MG";40;824,9;"SIMAO PEREIRA";"Ausência de reação do condutor";"Colisão com objeto";"Com Vítimas Feridas";"Pleno dia";"Crescente";"Chuva";"Dupla";"Curva";"Não";1;0;0;1;0;0;1;1;-21,96689732;-43,29126511;"SPRF-MG";"DEL05-MG";"UOP01-DEL05-MG"
388545;2021-10-09;"sábado";"09:40:00";"PA";163;1004;"SANTAREM";"Reação tardia ou ineficiente do condutor";"Colisão traseira";"Sem Vítimas";"Pleno dia";"Decrescente";"Céu Claro";"Dupla";"Reta";"Sim";5;0;0;0;5;0;0;5;-2,43824523;-54,73276577;"SPRF-PA";"DEL05-PA";"UOP01-DEL05-PA"
388546;2021-08-20;"sexta-feira";"23:25:00";"PI";316;5,5;"TERESINA";"Condutor desrespeitou a iluminação vermelha do semáforo";"Colisão transversal";"Com Vítimas Feridas";"Plena Noite";"Decrescente";"Céu Claro";"Múltipla";"Interseção de Vias";"Sim";3;0;1;1;0;1;2;2;-5,14169858;-42,78157276;"SPRF-PI";"DEL01-PI";"UOP02-DEL01-PI"
388547;2021-10-09;"sábado";"11:48:00";"PA";316;36;"SANTA IZABEL DO PARA";"Acessar a via sem observar a presença dos outros veículos";"Colisão traseira";"Com Vítimas Feridas";"Pleno dia";"Crescente";"Céu Claro";"Dupla";"Curva";"Sim";3;0;2;0;1;0;2;2;-1,29009976;-48,15602469;"SPRF-PA";"DEL01-PA";"UOP01-DEL01-PA"
388552;2021-10-09;"sábado";"12:00:00";"ES";101;267,9;"SERRA";"Pista Escorregadia";"Tombamento";"Com Vítimas Feridas";"Pleno dia";"Decrescente";"Chuva";"Múltipla";"Reta";"Sim";1;0;1;0;0;0;1;1;-20,19930999;-40,26884609;"SPRF-ES";"DEL02-ES";"UOP01-DEL02-ES"
388553;2021-10-09;"sábado";"11:40:00";"RN";101;167;"CANGUARETAMA";"Demais falhas mecânicas ou elétricas";"Incêndio";"Sem Vítimas";"Pleno dia";"Crescente";"Sol";"Dupla";"Reta";"Não";1;0;0;0;1;0;0;1;-6,4238865;-35,12264729;"SPRF-RN";"DEL01-RN";"UOP01-DEL01-RN"
388554;2021-10-09;"sábado";"08:30:00";"SC";470;334;"CAMPOS NOVOS";"Ausência de reação do condutor";"Saída de leito carroçável";"Com Vítimas Feridas";"Plena Noite";"Crescente";"Chuva";"Simples";"Reta";"Não";2;0;1;0;1;0;1;1;-27,491199;-51,331421;"SPRF-SC";"DEL07-SC";"UOP06-DEL07-SC"
388555;2021-10-09;"sábado";"10:00:00";"SP";116;513;"CAJATI";"Pista Escorregadia";"Colisão com objeto";"Com Vítimas Feridas";"Pleno dia";"Decrescente";"Chuva";"Dupla";"Curva";"Não";3;0;1;0;2;0;1;1;-24,85109616;-48,21802405;"SPRF-SP";"DEL05-SP";"UOP02-DEL05-SP"
388557;2021-10-09;"sábado";"12:34:00";"MA";135;3;"SAO LUIS";"Pista Escorregadia";"Saída de leito carroçável";"Com Vítimas Feridas";"Pleno dia";"Crescente";"Chuva";"Simples";"Declive";"Sim";4;0;2;0;1;1;2;1;-2,606802;-44,247512;"SPRF-MA";"DEL01-MA";"UOP01-DEL01-MA"
388558;2021-10-09;"sábado";"11:20:00";"GO";70;54;"COCALZINHO DE GOIAS";"Acessar a via sem observar a presença dos outros veículos";"Colisão transversal";"Com Vítimas Feridas";"Pleno dia";"Decrescente";"Céu Claro";"Simples";"Reta";"Não";3;0;1;0;1;1;1;3;-15,74963772;-48,65416703;"SPRF-DF";"DEL03-DF";"UOP02-DEL03-DF"
388559;2021-10-09;"sábado";"13:20:00";"MG";381;948,5;"EXTREMA";"Acessar a via sem observar a presença dos outros veículos";"Colisão lateral mesmo sentido";"Com Vítimas Feridas";"Pleno dia";"Decrescente";"Céu Claro";"Dupla";"Reta";"Não";2;0;1;0;0;1;1;2;-22,87208717;-46,36119199;"SPRF-MG";"DEL16-MG";"UOP03-DEL16-MG"
388560;2021-10-09;"sábado";"13:00:00";"SC";101;209,1;"SAO JOSE";"Velocidade Incompatível";"Colisão traseira";"Com Vítimas Feridas";"Pleno dia";"Crescente";"Chuva";"Múltipla";"Reta";"Sim";3;0;0;1;2;0;1;3;-27,61000542;-48,63895057;"SPRF-SC";"DEL01-SC";"UOP01-DEL01-SC"
388561;2021-10-09;"sábado";"14:00:00";"PR";116;125;"CURITIBA";"Condutor deixou de manter distância do veículo da frente";"Colisão traseira";"Com Vítimas Feridas";"Pleno dia";"Decrescente";"Nublado";"Dupla";"Reta";"Não";2;0;1;0;1;0;1;2;-25,59505309;-49,31630659;"SPRF-PR";"DEL01-PR";"UOP03-DEL01-PR"
388562;2021-10-09;"sábado";"10:40:00";"RJ";101;306;"SAO GONCALO";"Reação tardia ou ineficiente do condutor";"Tombamento";"Com Vítimas Feridas";"Pleno dia";"Decrescente";"Nublado";"Dupla";"Reta";"Sim";1;0;1;0;0;0;1;1;-22,78913759;-43,00550909;"SPRF-RJ";"DEL02-RJ";"UOP02-DEL02-RJ"
388564;2021-10-09;"sábado";"11:00:00";"RO";364;713;"PORTO VELHO";"Reação tardia ou ineficiente do condutor";"Colisão lateral mesmo sentido";"Com Vítimas Feridas";"Pleno dia";"Decrescente";"Céu Claro";"Múltipla";"Curva";"Sim";3;0;1;1;1;0;2;2;-8,77208;-63,88373;"SPRF-RO";"DEL01-RO";"UOP01-DEL01-RO"
388567;2021-10-09;"sábado";"14:00:00";"PR";369;137,9;"IBIPORA";"Ingestão de álcool pelo condutor";"Colisão traseira";"Sem Vítimas";"Pleno dia";"Decrescente";"Garoa/Chuvisco";"Simples";"Interseção de Vias";"Sim";2;0;0;0;2;0;0;2;-23,27154374;-51,04914844;"SPRF-PR";"DEL07-PR";"UOP01-DEL07-PR"
388568;2021-10-09;"sábado";"14:00:00";"SP";116;270,7;"TABOAO DA SERRA";"Velocidade Incompatível";"Colisão traseira";"Com Vítimas Feridas";"Pleno dia";"Crescente";"Garoa/Chuvisco";"Dupla";"Reta";"Sim";6;0;3;1;2;0;4;4;-23,61799728;-46,79677694;"SPRF-SP";"DEL04-SP";"UOP01-DEL04-SP"
388570;2021-10-09;"sábado";"13:20:00";"SP";116;110,2;"TAUBATE";"Condutor deixou de manter distância do veículo da frente";"Colisão traseira";"Com Vítimas Feridas";"Pleno dia";"Decrescente";"Nublado";"Dupla";"Reta";"Sim";2;0;1;0;1;0;1;2;-23,03412614;-45,5526999;"SPRF-SP";"DEL08-SP";"UOP01-DEL08-SP"
388571;2021-10-09;"sábado";"14:00:00";"PE";232;380;"CALUMBI";"Condutor deixou de manter distância do veículo da frente";"Queda de ocupante de veículo";"Com Vítimas Fatais";"Pleno dia";"Crescente";"Céu Claro";"Simples";"Reta";"Sim";1;1;0;0;0;0;0;1;-8,04030787;-38,05014604;"SPRF-PE";"DEL04-PE";"UOP01-DEL04-PE"
388574;2021-10-09;"sábado";"13:10:00";"RR";401;2;"BOA VISTA";"Acessar a via sem observar a presença dos outros veículos";"Colisão lateral mesmo sentido";"Com Vítimas Feridas";"Pleno dia";"Crescente";"Céu Claro";"Simples";"Reta";"Sim";2;0;1;0;1;0;1;2;2,79809718;-60,6745759;"SPRF-RR";"DEL01-RR";"UOP01-DEL01-RR"
388575;2021-10-09;"sábado";"13:54:00";"MG";459;8;"CALDAS";"Ultrapassagem Indevida";"Colisão lateral mesmo sentido";"Com Vítimas Feridas";"Pleno dia";"Crescente";"Céu Claro";"Simples";"Curva";"Não";3;0;2;0;1;0;2;2;-21,811056;-46,469987;"SPRF-MG";"DEL09-MG";"UOP01-DEL09-MG"
388576;2021-10-09;"sábado";"13:30:00";"PR";369;516;"CASCAVEL";"Ingestão de álcool pelo condutor";"Colisão traseira";"Com Vítimas Feridas";"Pleno dia";"Decrescente";"Chuva";"Simples";"Reta;Aclive";"Não";4;0;1;0;3;0;1;2;-24,9006;-53,3634;"SPRF-PR";"DEL04-PR";"UOP01-DEL04-PR"
388579;2021-10-09;"sábado";"14:30:00";"ES";262;56;"MARECHAL FLORIANO";"Acessar a via sem observar a presença dos outros veículos";"Colisão transversal";"Com Vítimas Feridas";"Pleno dia";"Crescente";"Garoa/Chuvisco";"Simples";"Reta;Interseção de Vias";"Não";2;0;1;0;0;1;1;2;-20,41088387;-40,75519403;"SPRF-ES";"DEL01-ES";"UOP01-DEL01-ES"
388580;2021-10-09;"sábado";"14:45:00";"PR";277;345,8;"GUARAPUAVA";"Transitar na contramão";"Colisão frontal";"Com Vítimas Feridas";"Pleno dia";"Decrescente";"Chuva";"Simples";"Declive;Curva";"Sim";4;0;3;0;1;0;3;2;-25,366817;-51,492746;"SPRF-PR";"DEL08-PR";"UOP01-DEL08-PR"
388581;2021-10-09;"sábado";"13:30:00";"MG";116;578;"MANHUACU";"Velocidade Incompatível";"Tombamento";"Com Vítimas Feridas";"Pleno dia";"Crescente";"Nublado";"Simples";"Curva";"Não";2;0;2;0;0;0;2;1;-20,16991998;-42,18875093;"SPRF-MG";"DEL06-MG";"UOP03-DEL06-MG"
388582;2021-10-09;"sábado";"13:30:00";"SP";153;61,7;"SAO JOSE DO RIO PRETO";"Reação tardia ou ineficiente do condutor";"Colisão traseira";"Com Vítimas Feridas";"Pleno dia";"Crescente";"Sol";"Dupla";"Declive;Reta";"Sim";4;0;2;0;1;1;2;3;-20,80502876;-49,35574909;"SPRF-SP";"DEL09-SP";"UOP01-DEL09-SP"
388584;2021-10-09;"sábado";"14:18:00";"MG";459;104,5;"POUSO ALEGRE";"Pista Escorregadia";"Colisão lateral mesmo sentido";"Com Vítimas Feridas";"Pleno dia";"Decrescente";"Nublado";"Dupla";"Curva";"Sim";9;0;2;0;7;0;2;4;-22,23387;-45,898136;"SPRF-MG";"DEL16-MG";"UOP01-DEL16-MG"
388585;2021-10-09;"sábado";"12:45:00";"MS";267;3,9;"BATAGUASSU";"Avarias e/ou desgaste excessivo no pneu";"Saída de leito carroçável";"Sem Vítimas";"Pleno dia";"Crescente";"Céu Claro";"Simples";"Reta";"Não";2;0;0;0;2;0;0;1;-21,75945028;-52,17639111;"SPRF-MS";"DEL02-MS";"UOP04-DEL02-MS"
388586;2021-10-09;"sábado";"13:45:00";"MS";163;621;"SAO GABRIEL DO OESTE";"Condutor deixou de manter distância do veículo da frente";"Colisão traseira";"Com Vítimas Feridas";"Pleno dia";"Decrescente";"Céu Claro";"Dupla";"Reta";"Não";3;0;1;0;2;0;1;2;-19,35975019;-54,58968631;"SPRF-MS";"DEL06-MS";"UOP02-DEL06-MS"
388587;2021-09-04;"sábado";"09:10:00";"PR";277;621,2;"CEU AZUL";"Ultrapassagem Indevida";"Colisão frontal";"Com Vítimas Feridas";"Pleno dia";"Decrescente";"Chuva";"Simples";"Curva";"Não";3;0;1;2;0;0;3;2;-25,08676125;-53,7195729;"SPRF-PR";"DEL05-PR";"UOP02-DEL05-PR"
388588;2021-10-09;"sábado";"15:23:00";"SP";116;509;"CAJATI";"Pista Escorregadia";"Colisão com objeto";"Com Vítimas Feridas";"Pleno dia";"Crescente";"Chuva";"Simples";"Curva";"Não";4;0;2;0;2;0;2;1;-24,82132775;-48,21453094;"SPRF-SP";"DEL05-SP";"UOP02-DEL05-SP"
388589;2021-10-09;"sábado";"13:30:00";"BA";101;939;"MUCURI";"Acessar a via sem observar a presença dos outros veículos";"Colisão transversal";"Com Vítimas Feridas";"Pleno dia";"Decrescente";"Nublado";"Simples";"Reta;Rotatória;Interseção de Vias;Aclive";"Não";5;0;4;0;1;0;4;2;-18,042738;-39,86681;"SPRF-BA";"DEL09-BA";"UOP02-DEL09-BA"
388590;2021-10-09;"sábado";"14:10:00";"RJ";40;124;"DUQUE DE CAXIAS";"Reação tardia ou ineficiente do condutor";"Tombamento";"Sem Vítimas";"Pleno dia";"Decrescente";"Nublado";"Múltipla";"Reta";"Sim";1;0;0;0;1;0;0;1;-22,807953;-43,289124;"SPRF-RJ";"DEL01-RJ";"UOP01-DEL01-RJ"
388591;2021-10-09;"sábado";"14:20:00";"PB";230;5,5;"CABEDELO";"Acessar a via sem observar a presença dos outros veículos";"Colisão transversal";"Com Vítimas Feridas";"Pleno dia";"Decrescente";"Céu Claro";"Dupla";"Rotatória";"Sim";2;0;1;0;1;0;1;2;-7,01275797;-34,83233035;"SPRF-PB";"DEL01-PB";"UOP01-DEL01-PB"
388592;2021-10-09;"sábado";"15:30:00";"PE";408;99,2;"SAO LOURENCO DA MATA";"Demais falhas mecânicas ou elétricas";"Saída de leito carroçável";"Com Vítimas Feridas";"Pleno dia";"Crescente";"Céu Claro";"Dupla";"Reta";"Não";3;0;1;0;2;0;1;1;-8,04133634;-35,02531212;"SPRF-PE";"DEL01-PE";"UOP01-DEL01-PE"
388593;2021-10-09;"sábado";"12:40:00";"MG";116;224,5;"CATUJI";"Acumulo de óleo sobre o pavimento";"Saída de leito carroçável";"Com Vítimas Feridas";"Pleno dia";"Decrescente";"Chuva";"Simples";"Curva";"Não";5;0;5;0;0;0;5;1;-17,4396431;-41,51145911;"SPRF-MG";"DEL11-MG";"UOP01-DEL11-MG"
388594;2021-10-09;"sábado";"12:30:00";"MG";116;224,5;"CATUJI";"Acumulo de óleo sobre o pavimento";"Saída de leito carroçável";"Com Vítimas Feridas";"Pleno dia";"Decrescente";"Chuva";"Simples";"Curva";"Não";3;0;2;0;1;0;2;1;-17,4396431;-41,51145911;"SPRF-MG";"DEL11-MG";"UOP01-DEL11-MG"
388595;2021-10-09;"sábado";"15:15:00";"SC";282;33;"AGUAS MORNAS";"Ingestão de álcool pelo condutor";"Saída de leito carroçável";"Com Vítimas Feridas";"Pleno dia";"Decrescente";"Chuva";"Simples";"Curva;Declive";"Sim";2;0;1;0;1;0;1;1;-27,706587;-48,808144;"SPRF-SC";"DEL01-SC";"UOP03-DEL01-SC"
388596;2021-10-09;"sábado";"15:40:00";"SP";153;120;"UBARANA";"Acessar a via sem observar a presença dos outros veículos";"Colisão transversal";"Com Vítimas Feridas";"Pleno dia";"Crescente";"Nublado";"Simples";"Reta";"Sim";7;0;3;2;2;0;5;2;-21,17025911;-49,71519578;"SPRF-SP";"DEL09-SP";"UOP01-DEL09-SP"
388598;2021-10-09;"sábado";"16:00:00";"SE";101;48;"JAPARATUBA";"Demais falhas mecânicas ou elétricas";"Tombamento";"Com Vítimas Feridas";"Pleno dia";"Decrescente";"Céu Claro";"Dupla";"Reta";"Não";2;0;2;0;0;0;2;1;-10,58662416;-36,97002095;"SPRF-SE";"DEL02-SE";"UOP02-DEL02-SE"
388599;2021-10-09;"sábado";"16:00:00";"ES";101;287,4;"CARIACICA";"Manobra de mudança de faixa";"Colisão traseira";"Com Vítimas Feridas";"Pleno dia";"Crescente";"Nublado";"Dupla";"Reta;Declive;Retorno Regulamentado";"Sim";2;0;0;1;1;0;1;2;-20,26493528;-40,38471702;"SPRF-ES";"DEL01-ES";"UOP01-DEL01-ES"
388600;2021-10-09;"sábado";"15:30:00";"SP";116;104,8;"TAUBATE";"Reação tardia ou ineficiente do condutor";"Colisão lateral mesmo sentido";"Com Vítimas Feridas";"Pleno dia";"Crescente";"Garoa/Chuvisco";"Dupla";"Aclive";"Não";2;0;1;0;1;0;1;2;-23,00670042;-45,51333277;"SPRF-SP";"DEL08-SP";"UOP01-DEL08-SP"
388601;2021-10-09;"sábado";"15:20:00";"ES";262;91;"DOMINGOS MARTINS";"Demais falhas mecânicas ou elétricas";"Eventos atípicos";"Com Vítimas Feridas";"Pleno dia";"Crescente";"Chuva";"Simples";"Interseção de Vias";"Sim";1;0;0;1;0;0;1;1;-20,37841035;-41,03346335;"SPRF-ES";"DEL01-ES";"UOP02-DEL01-ES"
388602;2021-10-09;"sábado";"15:50:00";"SC";101;148;"ITAPEMA";"Avarias e/ou desgaste excessivo no pneu";"Tombamento";"Com Vítimas Feridas";"Pleno dia";"Decrescente";"Chuva";"Dupla";"Reta";"Não";1;0;1;0;0;0;1;1;-27,10123686;-48,61807962;"SPRF-SC";"DEL04-SC";"UOP03-DEL04-SC"
388603;2021-10-09;"sábado";"16:00:00";"MG";262;66,1;"MATIPO";"Velocidade Incompatível";"Colisão transversal";"Sem Vítimas";"Pleno dia";"Crescente";"Nublado";"Simples";"Curva";"Não";2;0;0;0;2;0;0;2;-20,30403972;-42,26009805;"SPRF-MG";"DEL06-MG";"UOP03-DEL06-MG"
388604;2021-10-09;"sábado";"16:00:00";"PE";101;51,8;"ABREU E LIMA";"Manobra de mudança de faixa";"Colisão lateral mesmo sentido";"Com Vítimas Feridas";"Pleno dia";"Decrescente";"Céu Claro";"Dupla";"Reta";"Sim";3;0;2;0;1;0;2;2;-7,9169968;-34,89689272;"SPRF-PE";"DEL01-PE";"UOP02-DEL01-PE"
388605;2021-10-09;"sábado";"16:30:00";"MG";381;532;"ITATIAIUCU";"Chuva";"Capotamento";"Com Vítimas Feridas";"Pleno dia";"Decrescente";"Chuva";"Dupla";"Curva";"Não";2;0;2;0;0;0;2;1;-20,1904316;-44,38268793;"SPRF-MG";"DEL04-MG";"UOP03-DEL04-MG"
388606;2021-10-09;"sábado";"14:20:00";"MG";459;104,5;"POUSO ALEGRE";"Pista Escorregadia";"Colisão com objeto";"Com Vítimas Feridas";"Pleno dia";"Decrescente";"Céu Claro";"Dupla";"Curva";"Sim";3;0;1;0;2;0;1;1;-22,23809333;-45,89415348;"SPRF-MG";"DEL16-MG";"UOP01-DEL16-MG"