"id";"data_inversa";"dia_semana";"horario";"uf";"br";"km";"municipio";"causa_acidente";"tipo_acidente";"classificacao_acidente";"fase_dia";"sentido_via";"condicao_metereologica";"tipo_pista";"tracado_via";"uso_solo";"pessoas";"mortos";"feridos_leves";"feridos_graves";"ilesos";"ignorados";"feridos";"veiculos";"latitude";"longitude";"regional";"delegacia";"uop"
388918;2021-10-10;"domingo";"17:35:00";"RS";116;254,8;"SAPUCAIA DO SUL";"Condutor deixou de manter distância do veículo da frente";"Colisão traseira";"Com Vítimas Feridas";"Anoitecer";"Crescente";"Céu Claro";"Dupla";"Reta";"Sim";2;0;1;0;1;0;1;2;-29,82654797;-51,17241311;"SPRF-RS";"DEL01-RS";"UOP02-DEL01-RS"
388919;2021-10-10;"domingo";"17:50:00";"SC";101;334;"TUBARAO";"Reação tardia ou ineficiente do condutor";"Colisão transversal";"Com Vítimas Feridas";"Anoitecer";"Crescente";"Nublado";"Múltipla";"Reta";"Sim";2;0;1;0;1;0;1;2;-28,47311347;-49,02437375;"SPRF-SC";"DEL02-SC";"UOP01-DEL02-SC"
388920;2021-10-10;"domingo";"18:00:00";"PR";277;68;"SAO JOSE DOS PINHAIS";"Ausência de reação do condutor";"Colisão traseira";"Com Vítimas Feridas";"Anoitecer";"Crescente";"Garoa/Chuvisco";"Dupla";"Reta";"Sim";2;0;1;0;0;1;1;2;-25,51874184;-49,11189079;"SPRF-PR";"DEL01-PR";"UOP01-DEL01-PR"
388921;2021-10-10;"domingo";"18:05:00";"SP";101;45;"UBATUBA";"Condutor deixou de manter distância do veículo da frente";"Colisão traseira";"Com Vítimas Feridas";"Anoitecer";"Crescente";"Chuva";"Simples";"Reta";"Sim";3;0;1;0;2;0;1;2;-23,41779396;-45,06788408;"SPRF-SP";"DEL06-SP";"UOP01-DEL06-SP"
388922;2021-10-10;"domingo";"17:50:00";"MG";262;442,9;"NOVA SERRANA";"Reação tardia ou ineficiente do condutor";"Colisão traseira";"Com Vítimas Feridas";"Plena Noite";"Decrescente";"Nublado";"Dupla";"Interseção de Vias";"Não";3;0;2;0;1;0;2;2;-19,8806236;-44,91232265;"SPRF-MG";"DEL08-MG";"UOP03-DEL08-MG"
388923;2021-10-10;"domingo";"18:10:00";"RS";116;114;"SAO MARCOS";"Ingestão de álcool pelo condutor";"Saída de leito carroçável";"Com Vítimas Feridas";"Anoitecer";"Decrescente";"Nublado";"Simples";"Curva";"Sim";2;0;1;0;0;1;1;2;-28,96397179;-51,0753428;"SPRF-RS";"DEL05-RS";"UOP01-DEL05-RS"
388924;2021-10-10;"domingo";"18:25:00";"RJ";116;100;"GUAPIMIRIM";"Ausência de reação do condutor";"Colisão com objeto";"Com Vítimas Feridas";"Plena Noite";"Crescente";"Chuva";"Simples";"Curva";"Não";1;0;1;0;0;0;1;1;-22,48909312;-43,00437599;"SPRF-RJ";"DEL04-RJ";"UOP02-DEL04-RJ"
388925;2021-10-10;"domingo";"18:05:00";"SC";101;187;"BIGUACU";"Ingestão de álcool pelo condutor";"Colisão lateral mesmo sentido";"Sem Vítimas";"Anoitecer";"Crescente";"Chuva";"Dupla";"Curva";"Sim";2;0;0;0;2;0;0;2;-27,44307116;-48,62848475;"SPRF-SC";"DEL01-SC";"UOP01-DEL01-SC"
388926;2021-10-10;"domingo";"18:05:00";"RS";392;86;"PELOTAS";"Manobra de mudança de faixa";"Colisão com objeto";"Com Vítimas Feridas";"Anoitecer";"Decrescente";"Garoa/Chuvisco";"Simples";"Reta";"Não";2;0;1;0;1;0;1;1;-31,63498808;-52,4937591;"SPRF-RS";"DEL07-RS";"UOP01-DEL07-RS"
388927;2021-10-10;"domingo";"18:17:00";"PB";230;23;"JOAO PESSOA";"Ingestão de álcool pelo condutor";"Colisão lateral mesmo sentido";"Com Vítimas Feridas";"Anoitecer";"Crescente";"Nublado";"Dupla";"Reta";"Sim";2;0;2;0;0;0;2;2;-7,1562;-34,8574;"SPRF-PB";"DEL01-PB";"UOP01-DEL01-PB"
388928;2021-10-10;"domingo";"15:00:00";"BA";242;786;"BARREIRAS";"Condutor deixou de manter distância do veículo da frente";"Colisão traseira";"Com Vítimas Feridas";"Pleno dia";"Crescente";"Céu Claro";"Simples";"Reta";"Sim";2;0;1;0;1;0;1;2;-12,13956292;-44,76317799;"SPRF-BA";"DEL10-BA";"UOP01-DEL10-BA"
388929;2021-10-10;"domingo";"18:50:00";"SC";101;97;"BALNEARIO PICARRAS";"Ausência de reação do condutor";"Colisão com objeto";"Com Vítimas Feridas";"Plena Noite";"Decrescente";"Chuva";"Múltipla";"Curva";"Não";2;0;2;0;0;0;2;1;-26,72823703;-48,70224928;"SPRF-SC";"DEL03-SC";"UOP02-DEL03-SC"
388932;2021-10-10;"domingo";"19:35:00";"CE";116;10;"FORTALEZA";"Ingestão de álcool ou de substâncias psicoativas pelo pedestre";"Atropelamento de Pedestre";"Com Vítimas Feridas";"Plena Noite";"Decrescente";"Céu Claro";"Dupla";"Reta";"Sim";3;0;2;1;0;0;3;2;-3,83603805;-38,5027281;"SPRF-CE";"DEL01-CE";"UOP02-DEL01-CE"
388933;2021-10-10;"domingo";"17:35:00";"PR";369;232,5;"BOM SUCESSO";"Velocidade Incompatível";"Saída de leito carroçável";"Com Vítimas Feridas";"Plena Noite";"Crescente";"Céu Claro";"Simples";"Curva";"Não";2;0;0;2;0;0;2;1;-23,67832872;-51,69496536;"SPRF-PR";"DEL09-PR";"UOP01-DEL09-PR"
388934;2021-10-10;"domingo";"18:40:00";"GO";70;11,6;"AGUAS LINDAS DE GOIAS";"Condutor deixou de manter distância do veículo da frente";"Colisão traseira";"Com Vítimas Feridas";"Plena Noite";"Crescente";"Chuva";"Dupla";"Aclive";"Sim";3;0;1;1;1;0;2;2;-15,73877614;-48,30124288;"SPRF-DF";"DEL03-DF";"UOP02-DEL03-DF"
388938;2021-10-10;"domingo";"19:05:00";"SC";470;66,5;"INDAIAL";"Transitar na contramão";"Colisão frontal";"Com Vítimas Feridas";"Plena Noite";"Crescente";"Nublado";"Simples";"Rotatória;Em Obras";"Sim";3;0;2;0;1;0;2;2;-26,8703087;-49,22782882;"SPRF-SC";"DEL04-SC";"UOP01-DEL04-SC"
388941;2021-10-10;"domingo";"19:00:00";"PR";476;133;"CURITIBA";"Ingestão de álcool pelo condutor";"Colisão traseira";"Sem Vítimas";"Plena Noite";"Crescente";"Nublado";"Múltipla";"Reta";"Sim";2;0;0;0;2;0;0;2;-25,4851937;-49,26735347;"SPRF-PR";"DEL01-PR";"UOP03-DEL01-PR"
388943;2021-10-10;"domingo";"19:30:00";"SC";101;200;"BIGUACU";"Ingestão de álcool pelo condutor";"Colisão traseira";"Com Vítimas Feridas";"Plena Noite";"Crescente";"Chuva";"Dupla";"Curva";"Sim";2;0;1;0;1;0;1;2;-27,53413705;-48,63003205;"SPRF-SC";"DEL01-SC";"UOP01-DEL01-SC"
388944;2021-10-10;"domingo";"19:00:00";"RJ";40;35,5;"AREAL";"Chuva";"Colisão com objeto";"Com Vítimas Feridas";"Plena Noite";"Crescente";"Chuva";"Dupla";"Curva";"Não";1;0;1;0;0;0;1;1;-22,20877957;-43,13804875;"SPRF-RJ";"DEL05-RJ";"UOP02-DEL05-RJ"
388945;2021-10-10;"domingo";"20:25:00";"SC";101;132;"BALNEARIO CAMBORIU";"Demais falhas mecânicas ou elétricas";"Incêndio";"Sem Vítimas";"Plena Noite";"Crescente";"Chuva";"Dupla";"Reta";"Não";1;0;0;0;0;1;0;1;-26,99654133;-48,65564711;"SPRF-SC";"DEL04-SC";"UOP03-DEL04-SC"
388946;2021-10-10;"domingo";"18:30:00";"RJ";101;313;"SAO GONCALO";"Chuva";"Colisão traseira";"Com Vítimas Feridas";"Plena Noite";"Crescente";"Chuva";"Dupla";"Reta";"Sim";3;0;1;0;2;0;1;2;-22,81049093;-43,06983304;"SPRF-RJ";"DEL02-RJ";"UOP02-DEL02-RJ"
388947;2021-10-10;"domingo";"19:00:00";"SC";470;56;"BLUMENAU";"Transitar na contramão";"Colisão frontal";"Com Vítimas Feridas";"Plena Noite";"Crescente";"Garoa/Chuvisco";"Simples";"Reta";"Não";2;0;1;0;1;0;1;2;-26,87674;-49,127743;"SPRF-SC";"DEL04-SC";"UOP01-DEL04-SC"
388948;2021-10-10;"domingo";"20:00:00";"SC";470;4;"NAVEGANTES";"Ingestão de álcool pelo condutor";"Saída de leito carroçável";"Sem Vítimas";"Plena Noite";"Decrescente";"Chuva";"Simples";"Reta";"Sim";1;0;0;0;1;0;0;1;-26,858473;-48,690788;"SPRF-SC";"DEL04-SC";"UOP04-DEL04-SC"
388949;2021-10-10;"domingo";"21:55:00";"SP";116;307;"SAO LOURENCO DA SERRA";"Reação tardia ou ineficiente do condutor";"Capotamento";"Com Vítimas Feridas";"Plena Noite";"Decrescente";"Garoa/Chuvisco";"Dupla";"Reta";"Não";2;0;2;0;0;0;2;1;-23,85630016;-46,94096988;"SPRF-SP";"DEL04-SP";"UOP01-DEL04-SP"
388950;2021-10-10;"domingo";"19:20:00";"MG";365;161;"PIRAPORA";"Transitar na contramão";"Colisão frontal";"Com Vítimas Feridas";"Pleno dia";"Crescente";"Garoa/Chuvisco";"Simples";"Reta";"Sim";4;0;3;0;0;1;3;2;-17,36446786;-44,92847403;"SPRF-MG";"DEL12-MG";"UOP01-DEL12-MG"
388951;2021-10-10;"domingo";"18:25:00";"RS";470;154;"NOVA PRATA";"Reação tardia ou ineficiente do condutor";"Saída de leito carroçável";"Com Vítimas Feridas";"Anoitecer";"Decrescente";"Céu Claro";"Simples";"Reta";"Sim";1;0;0;1;0;0;1;1;-28,76601798;-51,62412822;"SPRF-RS";"DEL06-RS";"UOP02-DEL06-RS"
388952;2021-10-10;"domingo";"22:05:00";"SP";116;220,8;"GUARULHOS";"Ingestão de álcool pelo condutor";"Saída de leito carroçável";"Sem Vítimas";"Plena Noite";"Decrescente";"Chuva";"Múltipla";"Reta";"Sim";1;0;0;0;1;0;0;1;-23,46802395;-46,50704901;"SPRF-SP";"DEL01-SP";"UOP01-DEL01-SP"
388953;2021-10-10;"domingo";"19:00:00";"GO";40;12;"LUZIANIA";"Demais falhas na via";"Saída de leito carroçável";"Sem Vítimas";"Plena Noite";"Crescente";"Céu Claro";"Dupla";"Reta";"Sim";1;0;0;0;1;0;0;1;-16,15206463;-47,93916648;"SPRF-DF";"DEL01-DF";"UOP01-DEL01-DF"
388955;2021-10-10;"domingo";"20:45:00";"RO";364;715;"PORTO VELHO";"Ingestão de álcool pelo condutor";"Colisão com objeto";"Com Vítimas Feridas";"Pleno dia";"Crescente";"Céu Claro";"Dupla";"Curva";"Sim";1;0;1;0;0;0;1;1;-8,78698654;-63,89966011;"SPRF-RO";"DEL01-RO";"UOP01-DEL01-RO"
388956;2021-10-10;"domingo";"16:30:00";"RO";435;99;"COLORADO DO OESTE";"Pista em desnível";"Saída de leito carroçável";"Com Vítimas Feridas";"Pleno dia";"Decrescente";"Céu Claro";"Simples";"Reta";"Não";2;0;2;0;0;0;2;1;-13,18608492;-60,60098401;"SPRF-RO";"DEL04-RO";"UOP02-DEL04-RO"
388957;2021-10-10;"domingo";"19:45:00";"MG";116;555,2;"SANTA BARBARA DO LESTE";"Reação tardia ou ineficiente do condutor";"Colisão frontal";"Com Vítimas Feridas";"Plena Noite";"Crescente";"Nublado";"Simples";"Curva";"Não";2;0;0;1;1;0;1;2;-20,00911074;-42,14328403;"SPRF-MG";"DEL06-MG";"UOP02-DEL06-MG"
388959;2021-10-10;"domingo";"16:00:00";"RO";435;99;"COLORADO DO OESTE";"Pista em desnível";"Saída de leito carroçável";"Com Vítimas Feridas";"Pleno dia";"Decrescente";"Céu Claro";"Simples";"Reta";"Não";2;0;1;1;0;0;2;1;-13,18608492;-60,60098401;"SPRF-RO";"DEL04-RO";"UOP02-DEL04-RO"
388960;2021-10-10;"domingo";"22:10:00";"MG";40;41,4;"PARACATU";"Ingestão de álcool pelo condutor";"Colisão com objeto";"Sem Vítimas";"Plena Noite";"Crescente";"Chuva";"Simples";"Reta";"Sim";1;0;0;0;1;0;0;1;-17,21271307;-46,87295209;"SPRF-MG";"DEL14-MG";"UOP01-DEL14-MG"
388961;2021-10-10;"domingo";"18:39:00";"PI";135;261,2;"ALVORADA DO GURGUEIA";"Animais na Pista";"Atropelamento de Animal";"Com Vítimas Feridas";"Plena Noite";"Crescente";"Ignorado";"Simples";"Reta";"Não";1;0;0;1;0;0;1;1;-8,4559791;-43,89204081;"SPRF-PI";"DEL03-PI";"UOP02-DEL03-PI"
388962;2021-10-10;"domingo";"22:30:00";"SC";101;213,4;"PALHOCA";"Demais falhas mecânicas ou elétricas";"Colisão traseira";"Sem Vítimas";"Plena Noite";"Crescente";"Garoa/Chuvisco";"Múltipla";"Reta";"Sim";4;0;0;0;4;0;0;2;-27,64030167;-48,6675906;"SPRF-SC";"DEL01-SC";"UOP02-DEL01-SC"
388963;2021-10-10;"domingo";"23:00:00";"SP";116;276;"EMBU DAS ARTES";"Velocidade Incompatível";"Colisão traseira";"Com Vítimas Feridas";"Plena Noite";"Decrescente";"Chuva";"Dupla";"Reta";"Sim";3;0;0;2;1;0;2;2;-23,64262417;-46,83811382;"SPRF-SP";"DEL04-SP";"UOP01-DEL04-SP"
388964;2021-10-10;"domingo";"22:15:00";"RN";101;103;"PARNAMIRIM";"Velocidade Incompatível";"Colisão com objeto";"Com Vítimas Feridas";"Plena Noite";"Decrescente";"Céu Claro";"Dupla";"Curva";"Não";1;0;0;1;0;0;1;1;-5,89034022;-35,24894996;"SPRF-RN";"DEL01-RN";"UOP01-DEL01-RN"
388965;2021-10-10;"domingo";"20:05:00";"MA";135;52,3;"BACABEIRA";"Transitar na contramão";"Colisão frontal";"Com Vítimas Feridas";"Plena Noite";"Crescente";"Ignorado";"Simples";"Reta";"Não";4;0;3;0;0;1;3;2;-2,98264168;-44,3129468;"SPRF-MA";"DEL01-MA";"UOP02-DEL01-MA"
388967;2021-10-10;"domingo";"19:05:00";"PA";10;333;"SAO MIGUEL DO GUAMA";"Ingestão de álcool pelo condutor";"Colisão traseira";"Com Vítimas Feridas";"Plena Noite";"Decrescente";"Céu Claro";"Simples";"Reta";"Não";4;0;2;0;1;1;2;3;-1,52847611;-47,51785935;"SPRF-PA";"DEL01-PA";"UOP02-DEL01-PA"
388968;2021-10-10;"domingo";"23:16:00";"SC";101;214,2;"PALHOCA";"Ingestão de álcool pelo condutor";"Colisão transversal";"Sem Vítimas";"Plena Noite";"Crescente";"Garoa/Chuvisco";"Múltipla";"Reta";"Sim";2;0;0;0;2;0;0;2;-27,64443;-48,67057;"SPRF-SC";"DEL01-SC";"UOP02-DEL01-SC"
388969;2021-10-10;"domingo";"22:15:00";"BA";324;569;"SAO SEBASTIAO DO PASSE";"Condutor Dormindo";"Saída de leito carroçável";"Com Vítimas Feridas";"Plena Noite";"Crescente";"Céu Claro";"Dupla";"Reta";"Não";3;0;2;0;1;0;2;1;-12,54065603;-38,58868903;"SPRF-BA";"DEL01-BA";"UOP01-DEL01-BA"
388970;2021-10-10;"domingo";"23:40:00";"SC";101;178;"GOVERNADOR CELSO RAMOS";"Ingestão de álcool e/ou substâncias psicoativas pelo pedestre";"Saída de leito carroçável";"Sem Vítimas";"Plena Noite";"Decrescente";"Garoa/Chuvisco";"Dupla";"Reta";"Não";1;0;0;0;1;0;0;1;-27,36408098;-48,63391212;"SPRF-SC";"DEL01-SC";"UOP01-DEL01-SC"
388971;2021-10-10;"domingo";"23:30:00";"MG";381;493;"BETIM";"Reação tardia ou ineficiente do condutor";"Saída de leito carroçável";"Com Vítimas Feridas";"Plena Noite";"Decrescente";"Chuva";"Múltipla";"Reta";"Sim";4;0;2;1;1;0;3;1;-19,97670801;-44,19962698;"SPRF-MG";"DEL01-MG";"UOP03-DEL01-MG"
388972;2021-10-10;"domingo";"23:40:00";"SP";153;112;"JOSE BONIFACIO";"Objeto estático sobre o leito carroçável";"Colisão com objeto";"Com Vítimas Feridas";"Plena Noite";"Decrescente";"Nublado";"Simples";"Reta";"Não";1;0;1;0;0;0;1;1;-21,10035595;-49,68026161;"SPRF-SP";"DEL09-SP";"UOP01-DEL09-SP"
388973;2021-10-10;"domingo";"22:40:00";"SP";116;561,5;"BARRA DO TURVO";"Chuva";"Tombamento";"Com Vítimas Feridas";"Plena Noite";"Crescente";"Chuva";"Dupla";"Reta";"Não";5;0;1;0;4;0;1;1;-25,02045097;-48,51586004;"SPRF-SP";"DEL05-SP";"UOP02-DEL05-SP"
388974;2021-10-10;"domingo";"23:45:00";"SP";381;21;"BRAGANCA PAULISTA";"Acessar a via sem observar a presença dos outros veículos";"Colisão transversal";"Com Vítimas Feridas";"Plena Noite";"Decrescente";"Céu Claro";"Dupla";"Interseção de Vias;Reta";"Sim";4;0;2;0;1;1;2;3;-22,99140199;-46,50878201;"SPRF-SP";"DEL03-SP";"UOP01-DEL03-SP"
388976;2021-10-10;"domingo";"23:30:00";"SC";101;203;"SAO JOSE";"Ingestão de álcool pelo condutor";"Capotamento";"Com Vítimas Feridas";"Plena Noite";"Decrescente";"Chuva";"Dupla";"Declive";"Sim";1;0;1;0;0;0;1;1;-27,5650044;-48,61460082;"SPRF-SC";"DEL01-SC";"UOP01-DEL01-SC"
388977;2021-10-10;"domingo";"13:00:00";"BA";367;29;"PORTO SEGURO";"Acessar a via sem observar a presença dos outros veículos";"Colisão transversal";"Com Vítimas Feridas";"Pleno dia";"Crescente";"Ignorado";"Simples";"Rotatória";"Não";3;0;1;0;2;0;1;2;-16,41635076;-39,11793376;"SPRF-BA";"DEL09-BA";"UOP01-DEL09-BA"
388978;2021-10-11;"segunda-feira";"00:00:00";"RJ";101;276;"TANGUA";"Reação tardia ou ineficiente do condutor";"Saída de leito carroçável";"Com Vítimas Feridas";"Plena Noite";"Decrescente";"Chuva";"Dupla";"Reta";"Sim";1;0;1;0;0;0;1;1;-22,73796393;-42,73871802;"SPRF-RJ";"DEL02-RJ";"UOP03-DEL02-RJ"
388980;2021-10-10;"domingo";"23:50:00";"DF";60;7,2;"BRASILIA";"Ingestão de álcool pelo condutor";"Saída de leito carroçável";"Com Vítimas Feridas";"Pleno dia";"Crescente";"Chuva";"Dupla";"Declive";"Sim";5;0;0;3;2;0;3;1;-15,901237;-48,122334;"SPRF-DF";"DEL03-DF";"UOP01-DEL03-DF"
388981;2021-10-10;"domingo";"21:00:00";"RJ";101;300;"SAO GONCALO";"Pista Escorregadia";"Queda de ocupante de veículo";"Com Vítimas Feridas";"Plena Noite";"Decrescente";"Nublado";"Dupla";"Reta";"Sim";1;0;0;1;0;0;1;1;-22,77645713;-42,94783697;"SPRF-RJ";"DEL02-RJ";"UOP02-DEL02-RJ"
388984;2021-10-11;"segunda-feira";"00:30:00";"PR";116;87;"PIRAQUARA";"Transitar na contramão";"Saída de leito carroçável";"Com Vítimas Feridas";"Plena Noite";"Crescente";"Nublado";"Dupla";"Reta";"Não";1;0;1;0;0;0;1;1;-25,474232;-49,094432;"SPRF-PR";"DEL01-PR";"UOP01-DEL01-PR"
388985;2021-10-10;"domingo";"22:50:00";"MA";135;21,2;"SAO LUIS";"Reação tardia ou ineficiente do condutor";"Capotamento";"Sem Vítimas";"Plena Noite";"Crescente";"Céu Claro";"Simples";"Reta";"Não";1;0;0;0;1;0;0;1;-2,738702;-44,336989;"SPRF-MA";"DEL01-MA";"UOP01-DEL01-MA"
388987;2021-10-11;"segunda-feira";"00:15:00";"PR";376;205,7;"MANDAGUARI";"Transitar na contramão";"Colisão frontal";"Com Vítimas Fatais";"Plena Noite";"Crescente";"Céu Claro";"Dupla";"Reta";"Não";4;1;1;1;0;1;2;3;-23,5355113;-51,7111582;"SPRF-PR";"DEL09-PR";"UOP01-DEL09-PR"
388988;2021-10-11;"segunda-feira";"02:00:00";"PR";116;86;"PIRAQUARA";"Velocidade Incompatível";"Colisão com objeto";"Sem Vítimas";"Plena Noite";"Decrescente";"Garoa/Chuvisco";"Simples";"Curva";"Não";1;0;0;0;1;0;0;1;-25,46033443;-49,08779383;"SPRF-PR";"DEL01-PR";"UOP01-DEL01-PR"
388989;2021-10-11;"segunda-feira";"01:00:00";"MS";262;479,5;"ANASTACIO";"Reação tardia ou ineficiente do condutor";"Saída de leito carroçável";"Com Vítimas Feridas";"Plena Noite";"Crescente";"Nublado";"Simples";"Reta";"Não";5;0;1;2;2;0;3;1;-20,50589351;-55,71102998;"SPRF-MS";"DEL03-MS";"UOP01-DEL03-MS"
388990;2021-10-11;"segunda-feira";"02:00:00";"PB";230;22,2;"JOAO PESSOA";"Frear bruscamente";"Colisão traseira";"Com Vítimas Feridas";"Plena Noite";"Crescente";"Ignorado";"Dupla";"Reta";"Sim";4;0;1;1;0;2;2;3;-7,154754;-34,8563;"SPRF-PB";"DEL01-PB";"UOP01-DEL01-PB"
388991;2021-10-11;"segunda-feira";"01:50:00";"DF";70;9;"BRASILIA";"Ausência de reação do condutor";"Colisão com objeto";"Com Vítimas Feridas";"Plena Noite";"Decrescente";"Chuva";"Dupla";"Reta;Retorno Regulamentado";"Sim";2;0;2;0;0;0;2;1;-15,784615;-48,132023;"SPRF-DF";"DEL03-DF";"UOP02-DEL03-DF"
388993;2021-10-11;"segunda-feira";"02:30:00";"PR";277;724,3;"FOZ DO IGUACU";"Transitar na contramão";"Colisão frontal";"Com Vítimas Feridas";"Plena Noite";"Crescente";"Céu Claro";"Dupla";"Reta";"Sim";2;0;0;1;1;0;1;2;-25,50257577;-54,53868311;"SPRF-PR";"DEL05-PR";"UOP03-DEL05-PR"
388994;2021-10-11;"segunda-feira";"02:30:00";"RJ";101;524;"ANGRA DOS REIS";"Demais falhas mecânicas ou elétricas";"Saída de leito carroçável";"Com Vítimas Feridas";"Plena Noite";"Crescente";"Chuva";"Simples";"Curva";"Não";1;0;1;0;0;0;1;1;-22,99959786;-44,47765217;"SPRF-RJ";"DEL03-RJ";"UOP02-DEL03-RJ"
388998;2021-08-22;"domingo";"21:30:00";"BA";101;752,5;"ITABELA";"Ingestão de álcool pelo condutor";"Colisão traseira";"Com Vítimas Feridas";"Plena Noite";"Decrescente";"Chuva";"Simples";"Declive";"Não";2;0;1;0;0;1;1;2;-16,62156793;-39,53001617;"SPRF-BA";"DEL09-BA";"UOP01-DEL09-BA"
388999;2021-10-10;"domingo";"20:18:00";"PA";163;1001;"SANTAREM";"Acessar a via sem observar a presença dos outros veículos";"Colisão transversal";"Com Vítimas Feridas";"Plena Noite";"Decrescente";"Ignorado";"Simples";"Interseção de Vias";"Sim";1;0;1;0;0;0;1;1;-2,464507;-54,72745295;"SPRF-PA";"DEL05-PA";"UOP01-DEL05-PA"
389000;2021-10-11;"segunda-feira";"04:10:00";"SP";116;369;"MIRACATU";"Animais na Pista";"Atropelamento de Animal";"Com Vítimas Feridas";"Plena Noite";"Decrescente";"Chuva";"Dupla";"Reta";"Não";2;0;1;1;0;0;2;1;-24,15008834;-47,31161393;"SPRF-SP";"DEL04-SP";"UOP02-DEL04-SP"
389002;2021-10-11;"segunda-feira";"04:20:00";"SP";116;145,7;"SAO JOSE DOS CAMPOS";"Ausência de reação do condutor";"Colisão traseira";"Sem Vítimas";"Plena Noite";"Decrescente";"Chuva";"Dupla";"Reta";"Sim";2;0;0;0;2;0;0;2;-23,1869844;-45,8548078;"SPRF-SP";"DEL02-SP";"UOP01-DEL02-SP"
389004;2021-10-11;"segunda-feira";"02:45:00";"RS";153;409,3;"CACHOEIRA DO SUL";"Velocidade Incompatível";"Colisão com objeto";"Com Vítimas Feridas";"Plena Noite";"Crescente";"Nublado";"Dupla";"Reta";"Sim";2;0;0;1;1;0;1;1;-30,04040578;-52,91329091;"SPRF-RS";"DEL02-RS";"UOP03-DEL02-RS"
389006;2021-10-11;"segunda-feira";"04:45:00";"PB";230;234,5;"JUAZEIRINHO";"Entrada inopinada do pedestre";"Atropelamento de Pedestre";"Com Vítimas Fatais";"Amanhecer";"Decrescente";"Céu Claro";"Simples";"Reta;Declive";"Não";2;1;0;0;1;0;0;2;-7,0416;-36,5166;"SPRF-PB";"DEL02-PB";"UOP02-DEL02-PB"
389009;2021-10-10;"domingo";"17:40:00";"BA";415;51;"ITABUNA";"Animais na Pista";"Atropelamento de Animal";"Com Vítimas Feridas";"Anoitecer";"Decrescente";"Sol";"Simples";"Reta";"Sim";2;0;2;0;0;0;2;1;-14,81574494;-39,29612388;"SPRF-BA";"DEL05-BA";"UOP01-DEL05-BA"
389010;2021-10-10;"domingo";"19:40:00";"RJ";101;297;"ITABORAI";"Demais falhas mecânicas ou elétricas";"Incêndio";"Sem Vítimas";"Plena Noite";"Decrescente";"Nublado";"Múltipla";"Reta";"Não";1;0;0;0;1;0;0;1;-22,77048345;-42,92057991;"SPRF-RJ";"DEL02-RJ";"UOP02-DEL02-RJ"
389011;2021-10-11;"segunda-feira";"00:01:00";"MS";158;126;"APARECIDA DO TABOADO";"Ingestão de álcool pelo condutor";"Saída de leito carroçável";"Sem Vítimas";"Plena Noite";"Crescente";"Chuva";"Simples";"Reta";"Não";1;0;0;0;1;0;0;1;-19,91971893;-51,13213392;"SPRF-MS";"DEL08-MS";"UOP01-DEL08-MS"
389014;2021-10-11;"segunda-feira";"03:00:00";"MS";163;270,4;"DOURADOS";"Ausência de reação do condutor";"Capotamento";"Com Vítimas Feridas";"Plena Noite";"Crescente";"Garoa/Chuvisco";"Dupla";"Reta;Rotatória";"Não";1;0;1;0;0;0;1;1;-22,192233;-54,68877;"SPRF-MS";"DEL04-MS";"UOP01-DEL04-MS"
389018;2021-10-11;"segunda-feira";"05:40:00";"ES";101;146,7;"LINHARES";"Acessar a via sem observar a presença dos outros veículos";"Colisão transversal";"Com Vítimas Feridas";"Amanhecer";"Crescente";"Chuva";"Dupla";"Reta";"Sim";3;0;2;0;1;0;2;2;-19,36990998;-40,06560718;"SPRF-ES";"DEL04-ES";"UOP01-DEL04-ES"
389019;2021-10-11;"segunda-feira";"06:10:00";"MG";40;639;"CONSELHEIRO LAFAIETE";"Velocidade Incompatível";"Saída de leito carroçável";"Com Vítimas Feridas";"Pleno dia";"Decrescente";"Chuva";"Simples";"Reta";"Não";1;0;1;0;0;0;1;1;-20,73219989;-43,79985054;"SPRF-MG";"DEL05-MG";"UOP02-DEL05-MG"
389020;2021-10-11;"segunda-feira";"06:10:00";"PR";277;32;"MORRETES";"Curva acentuada";"Saída de leito carroçável";"Com Vítimas Feridas";"Pleno dia";"Crescente";"Chuva";"Dupla";"Curva";"Não";1;0;1;0;0;0;1;1;-25,547373;-48,790559;"SPRF-PR";"DEL01-PR";"UOP05-DEL01-PR"
389021;2021-10-11;"segunda-feira";"06:20:00";"PR";277;36;"MORRETES";"Ausência de reação do condutor";"Atropelamento de Pedestre";"Com Vítimas Feridas";"Amanhecer";"Crescente";"Garoa/Chuvisco";"Dupla";"Reta";"Não";2;0;1;0;1;0;1;2;-25,5585949;-48,80593311;"SPRF-PR";"DEL01-PR";"UOP05-DEL01-PR"
389025;2021-10-11;"segunda-feira";"05:55:00";"MG";381;761,1;"TRES CORACOES";"Velocidade Incompatível";"Saída de leito carroçável";"Sem Vítimas";"Amanhecer";"Decrescente";"Chuva";"Dupla";"Declive;Curva";"Não";1;0;0;0;1;0;0;1;-21,70115139;-45,36744118;"SPRF-MG";"DEL16-MG";"UOP02-DEL16-MG"
389026;2021-10-11;"segunda-feira";"07:10:00";"PR";376;655;"TIJUCAS DO SUL";"Velocidade Incompatível";"Saída de leito carroçável";"Com Vítimas Feridas";"Pleno dia";"Decrescente";"Chuva";"Dupla";"Curva";"Não";1;0;1;0;0;0;1;1;-25,84165409;-49,042472;"SPRF-PR";"DEL01-PR";"UOP04-DEL01-PR"
389027;2021-10-11;"segunda-feira";"07:10:00";"MG";262;631;"IBIA";"Velocidade Incompatível";"Colisão frontal";"Com Vítimas Feridas";"Pleno dia";"Crescente";"Nublado";"Dupla";"Reta";"Não";1;0;1;0;0;0;1;1;-19,58936383;-46,49691051;"SPRF-MG";"DEL08-MG";"UOP01-DEL08-MG"