"id";"data_inversa";"dia_semana";"horario";"uf";"br";"km";"municipio";"causa_acidente";"tipo_acidente";"classificacao_acidente";"fase_dia";"sentido_via";"condicao_metereologica";"tipo_pista";"tracado_via";"uso_solo";"pessoas";"mortos";"feridos_leves";"feridos_graves";"ilesos";"ignorados";"feridos";"veiculos";"latitude";"longitude";"regional";"delegacia";"uop"
389250;2021-10-12;"terça-feira";"07:10:00";"SP";116;71,8;"APARECIDA";"Ausência de reação do condutor";"Colisão traseira";"Com Vítimas Feridas";"Pleno dia";"Decrescente";"Céu Claro";"Dupla";"Declive";"Não";3;0;1;0;2;0;1;2;-22,85651665;-45,23114328;"SPRF-SP";"DEL08-SP";"UOP01-DEL08-SP"
389251;2021-10-12;"terça-feira";"05:00:00";"GO";50;119;"CRISTALINA";"Conversão proibida";"Capotamento";"Sem Vítimas";"Plena Noite";"Decrescente";"Céu Claro";"Simples";"Rotatória";"Não";1;0;0;0;0;1;0;1;-16,9309;-47,7117;"SPRF-DF";"DEL01-DF";"UOP02-DEL01-DF"
389253;2021-10-12;"terça-feira";"08:40:00";"SC";101;210;"SAO JOSE";"Velocidade Incompatível";"Tombamento";"Com Vítimas Feridas";"Pleno dia";"Crescente";"Chuva";"Múltipla";"Aclive";"Sim";1;0;1;0;0;0;1;1;-27,6167305;-48,6457265;"SPRF-SC";"DEL01-SC";"UOP01-DEL01-SC"
389255;2021-10-12;"terça-feira";"07:20:00";"PE";101;0,7;"GOIANA";"Reação tardia ou ineficiente do condutor";"Saída de leito carroçável";"Com Vítimas Feridas";"Pleno dia";"Crescente";"Nublado";"Dupla";"Reta";"Não";3;0;2;0;1;0;2;1;-7,5001955;-34,985073;"SPRF-PE";"DEL01-PE";"UOP02-DEL01-PE"
389256;2021-10-12;"terça-feira";"09:00:00";"MG";50;53,7;"ARAGUARI";"Ausência de reação do condutor";"Saída de leito carroçável";"Com Vítimas Feridas";"Pleno dia";"Crescente";"Céu Claro";"Dupla";"Aclive;Curva";"Não";1;0;1;0;0;0;1;1;-18,759049;-48,24054499;"SPRF-MG";"DEL15-MG";"UOP02-DEL15-MG"
389257;2021-10-12;"terça-feira";"09:10:00";"PR";476;135;"CURITIBA";"Manobra de mudança de faixa";"Colisão lateral mesmo sentido";"Com Vítimas Feridas";"Pleno dia";"Decrescente";"Nublado";"Múltipla";"Reta";"Sim";3;0;3;0;0;0;3;2;-25,483786;-49,265808;"SPRF-PR";"DEL01-PR";"UOP03-DEL01-PR"
389258;2021-10-11;"segunda-feira";"20:15:00";"PR";476;324,9;"PAULO FRONTIN";"Demais falhas mecânicas ou elétricas";"Incêndio";"Sem Vítimas";"Pleno dia";"Crescente";"Chuva";"Simples";"Reta";"Não";1;0;0;0;1;0;0;1;-26,086109;-50,763081;"SPRF-PR";"DEL02-PR";"UOP04-DEL02-PR"
389259;2021-10-12;"terça-feira";"09:15:00";"PI";343;591;"FLORIANO";"Reação tardia ou ineficiente do condutor";"Queda de ocupante de veículo";"Com Vítimas Feridas";"Pleno dia";"Crescente";"Céu Claro";"Dupla";"Reta";"Sim";1;0;1;0;0;0;1;1;-6,781361;-43,023224;"SPRF-PI";"DEL03-PI";"UOP01-DEL03-PI"
389260;2021-10-12;"terça-feira";"09:57:00";"RN";101;109;"PARNAMIRIM";"Condutor deixou de manter distância do veículo da frente";"Colisão traseira";"Com Vítimas Feridas";"Pleno dia";"Crescente";"Céu Claro";"Dupla";"Reta";"Sim";1;0;1;0;0;0;1;1;-5,937378;-35,26483;"SPRF-RN";"DEL01-RN";"UOP01-DEL01-RN"
389262;2021-10-12;"terça-feira";"10:55:00";"PB";230;16;"JOAO PESSOA";"Condutor deixou de manter distância do veículo da frente";"Engavetamento";"Sem Vítimas";"Pleno dia";"Decrescente";"Céu Claro";"Dupla";"Reta";"Sim";4;0;0;0;4;0;0;4;-7,1039;-34,8458;"SPRF-PB";"DEL01-PB";"UOP01-DEL01-PB"
389265;2021-10-12;"terça-feira";"09:55:00";"RJ";101;412;"ITAGUAI";"Ingestão de álcool pelo condutor";"Saída de leito carroçável";"Sem Vítimas";"Pleno dia";"Decrescente";"Nublado";"Dupla";"Curva";"Sim";2;0;0;0;2;0;0;1;-22,903507;-43,870597;"SPRF-RJ";"DEL03-RJ";"UOP01-DEL03-RJ"
389267;2021-10-12;"terça-feira";"12:10:00";"SC";282;69,6;"RANCHO QUEIMADO";"Condutor deixou de manter distância do veículo da frente";"Colisão traseira";"Sem Vítimas";"Pleno dia";"Decrescente";"Chuva";"Múltipla";"Curva";"Não";2;0;0;0;2;0;0;2;-27,69266305;-49,08998787;"SPRF-SC";"DEL01-SC";"UOP03-DEL01-SC"
389268;2021-10-12;"terça-feira";"09:45:00";"GO";60;319,1;"ACREUNA";"Reação tardia ou ineficiente do condutor";"Saída de leito carroçável";"Com Vítimas Feridas";"Pleno dia";"Decrescente";"Sol";"Dupla";"Reta";"Não";1;0;1;0;0;0;1;1;-17,4826;-50,4473;"SPRF-GO";"DEL04-GO";"UOP01-DEL04-GO"
389269;2021-10-12;"terça-feira";"12:30:00";"MG";40;718,5;"BARBACENA";"Velocidade Incompatível";"Saída de leito carroçável";"Com Vítimas Feridas";"Pleno dia";"Crescente";"Chuva";"Dupla";"Curva";"Não";2;0;2;0;0;0;2;1;-21,2656332;-43,65557499;"SPRF-MG";"DEL05-MG";"UOP01-DEL05-MG"
389270;2021-10-12;"terça-feira";"10:30:00";"SC";101;100;"BALNEARIO PICARRAS";"Condutor deixou de manter distância do veículo da frente";"Colisão traseira";"Com Vítimas Feridas";"Pleno dia";"Crescente";"Nublado";"Simples";"Reta;Declive;Interseção de Vias";"Sim";3;0;2;0;1;0;2;2;-26,75482787;-48,68993675;"SPRF-SC";"DEL03-SC";"UOP02-DEL03-SC"
389272;2021-10-12;"terça-feira";"12:50:00";"SP";116;149;"SAO JOSE DOS CAMPOS";"Avarias e/ou desgaste excessivo no pneu";"Queda de ocupante de veículo";"Com Vítimas Feridas";"Pleno dia";"Crescente";"Céu Claro";"Dupla";"Reta";"Sim";2;0;2;0;0;0;2;1;-23,20700047;-45,88626861;"SPRF-SP";"DEL02-SP";"UOP01-DEL02-SP"
389273;2021-10-12;"terça-feira";"10:50:00";"SC";101;255;"PAULO LOPES";"Acumulo de água sobre o pavimento";"Saída de leito carroçável";"Com Vítimas Feridas";"Pleno dia";"Decrescente";"Chuva";"Dupla";"Reta";"Sim";3;0;2;1;0;0;3;1;-27,98242299;-48,67898469;"SPRF-SC";"DEL02-SC";"UOP03-DEL02-SC"
389274;2021-10-12;"terça-feira";"12:30:00";"BA";101;169;"FEIRA DE SANTANA";"Condutor deixou de manter distância do veículo da frente";"Colisão traseira";"Com Vítimas Feridas";"Pleno dia";"Crescente";"Céu Claro";"Simples";"Reta";"Sim";9;0;7;1;0;1;8;3;-12,36101085;-38,83425821;"SPRF-BA";"DEL01-BA";"UOP03-DEL01-BA"
389276;2021-10-12;"terça-feira";"13:15:00";"PR";476;139;"CURITIBA";"Trafegar com motocicleta (ou similar) entre as faixas";"Colisão transversal";"Com Vítimas Feridas";"Pleno dia";"Decrescente";"Sol";"Múltipla";"Reta";"Sim";2;0;1;0;1;0;1;2;-25,52643;-49,297367;"SPRF-PR";"DEL01-PR";"UOP03-DEL01-PR"
389278;2021-10-12;"terça-feira";"13:20:00";"RJ";101;99;"CAMPOS DOS GOYTACAZES";"Velocidade Incompatível";"Colisão com objeto";"Com Vítimas Feridas";"Pleno dia";"Decrescente";"Chuva";"Dupla";"Reta";"Não";2;0;2;0;0;0;2;1;-21,87878354;-41,58599854;"SPRF-RJ";"DEL08-RJ";"UOP02-DEL08-RJ"
389280;2021-10-12;"terça-feira";"13:20:00";"MG";262;567;"CORREGO DANTA";"Ausência de reação do condutor";"Queda de ocupante de veículo";"Com Vítimas Feridas";"Pleno dia";"Decrescente";"Céu Claro";"Simples";"Curva";"Não";1;0;1;0;0;0;1;1;-19,74660592;-45,99893796;"SPRF-MG";"DEL08-MG";"UOP02-DEL08-MG"
389281;2021-10-12;"terça-feira";"14:10:00";"SC";280;46,4;"GUARAMIRIM";"Reação tardia ou ineficiente do condutor";"Saída de leito carroçável";"Com Vítimas Feridas";"Pleno dia";"Crescente";"Nublado";"Simples";"Reta";"Não";1;0;1;0;0;0;1;1;-26,45295055;-48,90788103;"SPRF-SC";"DEL03-SC";"UOP03-DEL03-SC"
389282;2021-09-22;"quarta-feira";"04:30:00";"SC";101;93,2;"BARRA VELHA";"Ingestão de álcool pelo condutor";"Saída de leito carroçável";"Com Vítimas Feridas";"Amanhecer";"Crescente";"Nublado";"Dupla";"Reta";"Não";1;0;1;0;0;0;1;1;-26,6899011;-48,69663873;"SPRF-SC";"DEL03-SC";"UOP02-DEL03-SC"
389285;2021-10-12;"terça-feira";"12:00:00";"PB";230;442,2;"APARECIDA";"Ausência de reação do condutor";"Capotamento";"Com Vítimas Fatais";"Pleno dia";"Decrescente";"Céu Claro";"Simples";"Reta";"Não";4;1;2;1;0;0;3;1;-6,780037;-38,053214;"SPRF-PB";"DEL03-PB";"UOP02-DEL03-PB"
389287;2021-10-12;"terça-feira";"14:40:00";"RJ";356;111;"CARDOSO MOREIRA";"Acumulo de água sobre o pavimento";"Saída de leito carroçável";"Com Vítimas Feridas";"Pleno dia";"Crescente";"Chuva";"Simples";"Reta";"Não";3;0;1;0;2;0;1;1;-21,56503521;-41,44643928;"SPRF-RJ";"DEL08-RJ";"UOP03-DEL08-RJ"
389289;2021-10-12;"terça-feira";"14:50:00";"SP";381;48;"ATIBAIA";"Condutor deixou de manter distância do veículo da frente";"Colisão traseira";"Sem Vítimas";"Pleno dia";"Crescente";"Nublado";"Dupla";"Reta";"Sim";2;0;0;0;2;0;0;2;-23,19720018;-46,58736556;"SPRF-SP";"DEL03-SP";"UOP01-DEL03-SP"
389290;2021-10-12;"terça-feira";"15:20:00";"MG";381;500,8;"BETIM";"Condutor deixou de manter distância do veículo da frente";"Engavetamento";"Com Vítimas Feridas";"Pleno dia";"Decrescente";"Céu Claro";"Dupla";"Reta";"Sim";5;0;1;0;3;1;1;5;-20,02513493;-44,23112709;"SPRF-MG";"DEL01-MG";"UOP03-DEL01-MG"
389291;2021-10-12;"terça-feira";"11:15:00";"SC";101;42,3;"JOINVILLE";"Reação tardia ou ineficiente do condutor";"Engavetamento";"Com Vítimas Feridas";"Pleno dia";"Decrescente";"Chuva";"Dupla";"Reta";"Sim";5;0;1;0;4;0;1;4;-26,29251598;-48,88474385;"SPRF-SC";"DEL03-SC";"UOP01-DEL03-SC"
389293;2021-10-12;"terça-feira";"13:50:00";"SC";101;21;"JOINVILLE";"Demais falhas mecânicas ou elétricas";"Incêndio";"Sem Vítimas";"Pleno dia";"Decrescente";"Garoa/Chuvisco";"Dupla";"Declive;Reta";"Não";1;0;0;0;1;0;0;1;-26,151205;-48,908999;"SPRF-SC";"DEL03-SC";"UOP01-DEL03-SC"
389294;2021-10-12;"terça-feira";"15:20:00";"SC";101;229,4;"PALHOCA";"Acumulo de água sobre o pavimento";"Colisão com objeto";"Com Vítimas Feridas";"Pleno dia";"Decrescente";"Chuva";"Dupla";"Reta";"Não";1;0;1;0;0;0;1;1;-27,7688932;-48,63205379;"SPRF-SC";"DEL01-SC";"UOP02-DEL01-SC"
389295;2021-10-12;"terça-feira";"15:30:00";"MG";262;508,7;"LUZ";"Velocidade Incompatível";"Saída de leito carroçável";"Com Vítimas Feridas";"Pleno dia";"Crescente";"Céu Claro";"Simples";"Aclive";"Não";1;0;1;0;0;0;1;1;-19,77025936;-45,51078303;"SPRF-MG";"DEL08-MG";"UOP03-DEL08-MG"
389297;2021-09-15;"quarta-feira";"15:00:00";"BA";324;617;"SALVADOR";"Manobra de mudança de faixa";"Tombamento";"Com Vítimas Feridas";"Pleno dia";"Decrescente";"Céu Claro";"Dupla";"Reta";"Não";1;0;1;0;0;0;1;1;-12,89967841;-38,45176578;"SPRF-BA";"DEL01-BA";"UOP01-DEL01-BA"
389298;2021-10-12;"terça-feira";"15:30:00";"SC";101;117,3;"ITAJAI";"Desrespeitar a preferência no cruzamento";"Colisão transversal";"Com Vítimas Feridas";"Pleno dia";"Crescente";"Nublado";"Simples";"Interseção de Vias";"Não";3;0;2;0;1;0;2;2;-26,88998596;-48,72180289;"SPRF-SC";"DEL04-SC";"UOP04-DEL04-SC"
389299;2021-10-12;"terça-feira";"12:30:00";"RJ";40;43,6;"AREAL";"Acumulo de água sobre o pavimento";"Colisão com objeto";"Com Vítimas Feridas";"Pleno dia";"Decrescente";"Chuva";"Dupla";"Curva";"Não";2;0;1;0;1;0;1;1;-22,27095825;-43,10770154;"SPRF-RJ";"DEL05-RJ";"UOP02-DEL05-RJ"
389300;2021-10-12;"terça-feira";"16:00:00";"MG";40;727,7;"SANTOS DUMONT";"Velocidade Incompatível";"Capotamento";"Com Vítimas Feridas";"Pleno dia";"Decrescente";"Chuva";"Dupla";"Curva";"Não";2;0;1;0;1;0;1;1;-21,34444395;-43,5839653;"SPRF-MG";"DEL05-MG";"UOP01-DEL05-MG"
389301;2021-10-12;"terça-feira";"12:50:00";"RJ";40;2,8;"COMENDADOR LEVY GASPARIAN";"Acumulo de água sobre o pavimento";"Colisão com objeto";"Com Vítimas Feridas";"Pleno dia";"Decrescente";"Chuva";"Dupla";"Curva";"Não";3;0;1;0;2;0;1;1;-22,01143747;-43,25078935;"SPRF-RJ";"DEL05-RJ";"UOP02-DEL05-RJ"
389302;2021-10-12;"terça-feira";"15:30:00";"DF";20;16;"BRASILIA";"Acumulo de areia ou detritos sobre o pavimento";"Capotamento";"Com Vítimas Feridas";"Pleno dia";"Crescente";"Chuva";"Dupla";"Declive";"Não";3;0;2;0;1;0;2;1;-15,625675;-47,725159;"SPRF-DF";"DEL02-DF";"UOP01-DEL02-DF"
389303;2021-10-12;"terça-feira";"16:05:00";"PR";277;723;"FOZ DO IGUACU";"Manobra de mudança de faixa";"Colisão transversal";"Com Vítimas Feridas";"Pleno dia";"Decrescente";"Céu Claro";"Dupla";"Reta;Retorno Regulamentado";"Sim";6;0;0;1;5;0;1;3;-25,49878215;-54,52985294;"SPRF-PR";"DEL05-PR";"UOP03-DEL05-PR"
389305;2021-10-12;"terça-feira";"16:40:00";"SE";101;90,3;"NOSSA SENHORA DO SOCORRO";"Ingestão de álcool pelo condutor";"Colisão traseira";"Com Vítimas Fatais";"Pleno dia";"Crescente";"Céu Claro";"Múltipla";"Reta;Declive";"Sim";2;1;0;0;1;0;0;2;-10,88958218;-37,13256719;"SPRF-SE";"DEL01-SE";"UOP01-DEL01-SE"
389307;2021-10-12;"terça-feira";"14:15:00";"PR";277;371,8;"GUARAPUAVA";"Problema na suspensão";"Queda de ocupante de veículo";"Com Vítimas Feridas";"Pleno dia";"Crescente";"Céu Claro";"Simples";"Declive";"Não";1;0;1;0;0;0;1;1;-25,42656187;-51,66127889;"SPRF-PR";"DEL08-PR";"UOP01-DEL08-PR"
389308;2021-10-12;"terça-feira";"16:00:00";"GO";452;31;"RIO VERDE";"Demais falhas mecânicas ou elétricas";"Incêndio";"Sem Vítimas";"Pleno dia";"Crescente";"Nublado";"Simples";"Reta";"Não";2;0;0;0;2;0;0;1;-17,90375237;-50,63643718;"SPRF-GO";"DEL04-GO";"UOP01-DEL04-GO"
389310;2021-10-12;"terça-feira";"16:00:00";"RS";290;240;"RIO PARDO";"Velocidade Incompatível";"Colisão frontal";"Com Vítimas Feridas";"Pleno dia";"Crescente";"Céu Claro";"Simples";"Declive";"Não";3;0;2;1;0;0;3;2;-30,221849;-52,622818;"SPRF-RS";"DEL02-RS";"UOP03-DEL02-RS"
389311;2021-10-12;"terça-feira";"17:10:00";"DF";20;21;"BRASILIA";"Ausência de reação do condutor";"Colisão traseira";"Com Vítimas Feridas";"Pleno dia";"Decrescente";"Céu Claro";"Dupla";"Reta";"Sim";2;0;1;0;1;0;1;2;-15,603384;-47,684692;"SPRF-DF";"DEL02-DF";"UOP01-DEL02-DF"
389312;2021-10-12;"terça-feira";"16:00:00";"MG";356;269;"MURIAE";"Ausência de reação do condutor";"Colisão traseira";"Com Vítimas Feridas";"Pleno dia";"Decrescente";"Nublado";"Simples";"Reta;Rotatória";"Sim";3;0;1;0;2;0;1;2;-21,12682413;-42,34113878;"SPRF-MG";"DEL07-MG";"UOP02-DEL07-MG"
389313;2021-10-12;"terça-feira";"17:30:00";"PR";376;168,5;"MARINGA";"Ingestão de álcool pelo condutor";"Colisão lateral mesmo sentido";"Sem Vítimas";"Anoitecer";"Crescente";"Céu Claro";"Dupla";"Reta;Viaduto";"Não";3;0;0;0;3;0;0;2;-23,39462274;-52,00806499;"SPRF-PR";"DEL09-PR";"UOP01-DEL09-PR"
389314;2021-10-12;"terça-feira";"16:20:00";"GO";60;92;"ANAPOLIS";"Ingestão de álcool pelo condutor";"Saída de leito carroçável";"Com Vítimas Feridas";"Pleno dia";"Crescente";"Céu Claro";"Dupla";"Declive";"Sim";1;0;1;0;0;0;1;1;-16,353;-48,9178;"SPRF-GO";"DEL02-GO";"UOP01-DEL02-GO"
389316;2021-10-12;"terça-feira";"16:20:00";"SC";101;233,5;"PALHOCA";"Velocidade Incompatível";"Colisão com objeto";"Com Vítimas Feridas";"Pleno dia";"Crescente";"Chuva";"Dupla";"Curva;Declive";"Não";1;0;1;0;0;0;1;1;-27,80904524;-48,63791227;"SPRF-SC";"DEL01-SC";"UOP02-DEL01-SC"
389317;2021-10-12;"terça-feira";"15:40:00";"BA";101;789,5;"ITAMARAJU";"Chuva";"Saída de leito carroçável";"Com Vítimas Fatais";"Pleno dia";"Crescente";"Chuva";"Simples";"Reta";"Não";5;1;3;0;1;0;3;1;-16,883069;-39,515057;"SPRF-BA";"DEL09-BA";"UOP01-DEL09-BA"
389320;2021-10-12;"terça-feira";"17:45:00";"SP";116;182;"SANTA ISABEL";"Condutor deixou de manter distância do veículo da frente";"Colisão traseira";"Com Vítimas Feridas";"Anoitecer";"Crescente";"Céu Claro";"Dupla";"Reta";"Não";5;0;3;0;2;0;3;2;-23,34505765;-46,16213519;"SPRF-SP";"DEL01-SP";"UOP01-DEL01-SP"
389322;2021-10-12;"terça-feira";"17:00:00";"CE";222;4,8;"CAUCAIA";"Acesso irregular";"Colisão transversal";"Com Vítimas Feridas";"Pleno dia";"Crescente";"Céu Claro";"Múltipla";"Retorno Regulamentado";"Sim";3;0;0;1;1;1;1;3;-3,74164754;-38,60449792;"SPRF-CE";"DEL01-CE";"UOP01-DEL01-CE"
389326;2021-10-12;"terça-feira";"17:30:00";"PR";280;294,7;"FLOR DA SERRA DO SUL";"Manobra de mudança de faixa";"Colisão frontal";"Com Vítimas Feridas";"Pleno dia";"Crescente";"Céu Claro";"Simples";"Reta";"Não";2;0;0;2;0;0;2;2;-26,24988886;-53,34424044;"SPRF-PR";"DEL02-PR";"UOP01-DEL02-PR"
389328;2021-10-12;"terça-feira";"18:00:00";"MG";40;148;"PARACATU";"Reação tardia ou ineficiente do condutor";"Saída de leito carroçável";"Com Vítimas Feridas";"Anoitecer";"Crescente";"Chuva";"Simples";"Reta";"Não";3;0;2;0;1;0;2;1;-17,2454521;-46,8156074;"SPRF-MG";"DEL14-MG";"UOP02-DEL14-MG"
389330;2021-10-12;"terça-feira";"18:37:00";"MG";40;471,5;"SETE LAGOAS";"Entrada inopinada do pedestre";"Atropelamento de Pedestre";"Com Vítimas Fatais";"Anoitecer";"Crescente";"Céu Claro";"Múltipla";"Reta;Declive";"Sim";4;1;0;0;1;2;0;3;-19,4781033;-44,28778768;"SPRF-MG";"DEL02-MG";"UOP01-DEL02-MG"
389331;2021-10-12;"terça-feira";"13:00:00";"MG";381;197;"PERIQUITO";"Ausência de reação do condutor";"Saída de leito carroçável";"Com Vítimas Feridas";"Pleno dia";"Crescente";"Nublado";"Simples";"Reta";"Não";2;0;2;0;0;0;2;1;-19,15224031;-42,23424959;"SPRF-MG";"DEL06-MG";"UOP01-DEL06-MG"
389332;2021-10-12;"terça-feira";"18:25:00";"RN";101;100;"PARNAMIRIM";"Ingestão de álcool pelo condutor";"Colisão traseira";"Com Vítimas Feridas";"Plena Noite";"Decrescente";"Céu Claro";"Múltipla";"Reta";"Sim";2;0;0;1;1;0;1;2;-5,88106901;-35,22542396;"SPRF-RN";"DEL01-RN";"UOP01-DEL01-RN"
389333;2021-10-12;"terça-feira";"19:00:00";"ES";101;270;"SERRA";"Ausência de reação do condutor";"Colisão lateral mesmo sentido";"Com Vítimas Feridas";"Plena Noite";"Decrescente";"Chuva";"Dupla";"Reta";"Sim";2;0;1;0;0;1;1;2;-20,22662056;-40,27075088;"SPRF-ES";"DEL02-ES";"UOP01-DEL02-ES"
389334;2021-10-12;"terça-feira";"17:40:00";"SC";101;210;"SAO JOSE";"Reação tardia ou ineficiente do condutor";"Tombamento";"Com Vítimas Feridas";"Pleno dia";"Decrescente";"Chuva";"Múltipla";"Reta";"Sim";2;0;1;0;1;0;1;2;-27,6167305;-48,6457265;"SPRF-SC";"DEL01-SC";"UOP01-DEL01-SC"
389336;2021-10-12;"terça-feira";"17:30:00";"SP";116;134;"CACAPAVA";"Transitar no acostamento";"Atropelamento de Pedestre";"Sem Vítimas";"Anoitecer";"Crescente";"Chuva";"Dupla";"Reta";"Sim";3;0;0;0;2;1;0;2;-23,1402216;-45,7617252;"SPRF-SP";"DEL02-SP";"UOP02-DEL02-SP"
389338;2021-10-12;"terça-feira";"19:40:00";"PR";376;490,9;"PONTA GROSSA";"Objeto estático sobre o leito carroçável";"Colisão com objeto";"Com Vítimas Feridas";"Plena Noite";"Crescente";"Nublado";"Dupla";"Reta";"Não";1;0;1;0;0;0;1;1;-25,14692309;-50,15072006;"SPRF-PR";"DEL03-PR";"UOP01-DEL03-PR"
389339;2021-10-12;"terça-feira";"18:30:00";"MG";50;16,5;"UBERLANDIA";"Acumulo de água sobre o pavimento";"Colisão com objeto";"Com Vítimas Feridas";"Pleno dia";"Crescente";"Chuva";"Dupla";"Reta";"Sim";1;0;1;0;0;0;1;1;-18,91943;-48,1803;"SPRF-MG";"DEL15-MG";"UOP01-DEL15-MG"
389340;2021-10-12;"terça-feira";"19:20:00";"SC";101;357,8;"SANGAO";"Reação tardia ou ineficiente do condutor";"Colisão traseira";"Sem Vítimas";"Plena Noite";"Decrescente";"Céu Claro";"Múltipla";"Reta";"Não";2;0;0;0;2;0;0;2;-28,64799;-49,104019;"SPRF-SC";"DEL02-SC";"UOP01-DEL02-SC"
389341;2021-10-12;"terça-feira";"17:30:00";"BA";330;806;"JEQUIE";"Chuva";"Colisão com objeto";"Com Vítimas Feridas";"Anoitecer";"Crescente";"Chuva";"Simples";"Curva";"Não";1;0;1;0;0;0;1;1;-13,98328201;-39,94236501;"SPRF-BA";"DEL03-BA";"UOP01-DEL03-BA"
389342;2021-10-12;"terça-feira";"19:10:00";"SP";153;86,7;"MIRASSOL";"Ultrapassagem Indevida";"Colisão lateral sentido oposto";"Com Vítimas Feridas";"Plena Noite";"Decrescente";"Céu Claro";"Simples";"Reta";"Não";1;0;1;0;0;0;1;1;-20,94035079;-49,52635316;"SPRF-SP";"DEL09-SP";"UOP01-DEL09-SP"
389344;2021-10-12;"terça-feira";"19:00:00";"GO";40;12,5;"LUZIANIA";"Ingestão de álcool ou de substâncias psicoativas pelo pedestre";"Atropelamento de Pedestre";"Com Vítimas Fatais";"Plena Noite";"Decrescente";"Céu Claro";"Dupla";"Reta";"Sim";2;1;0;0;1;0;0;2;-16,148782;-47,941658;"SPRF-DF";"DEL01-DF";"UOP01-DEL01-DF"
389346;2021-10-12;"terça-feira";"19:50:00";"PR";376;213,9;"JANDAIA DO SUL";"Reação tardia ou ineficiente do condutor";"Saída de leito carroçável";"Com Vítimas Fatais";"Plena Noite";"Decrescente";"Céu Claro";"Dupla";"Reta";"Não";3;1;0;0;0;2;0;2;-23,571919;-51,653825;"SPRF-PR";"DEL09-PR";"UOP01-DEL09-PR"
389347;2021-10-12;"terça-feira";"20:05:00";"SC";470;145;"RIO DO SUL";"Transitar no acostamento";"Colisão frontal";"Com Vítimas Feridas";"Plena Noite";"Decrescente";"Nublado";"Simples";"Reta";"Sim";2;0;1;1;0;0;2;2;-27,237301;-49,682217;"SPRF-SC";"DEL04-SC";"UOP02-DEL04-SC"
389349;2021-10-12;"terça-feira";"18:20:00";"BA";101;884,6;"TEIXEIRA DE FREITAS";"Curva acentuada";"Saída de leito carroçável";"Com Vítimas Feridas";"Plena Noite";"Decrescente";"Chuva";"Simples";"Curva";"Não";2;0;1;1;0;0;2;1;-17,600972;-39,748516;"SPRF-BA";"DEL09-BA";"UOP02-DEL09-BA"
389350;2021-10-12;"terça-feira";"20:50:00";"AP";210;8;"MACAPA";"Pedestre cruzava a pista fora da faixa";"Atropelamento de Pedestre";"Com Vítimas Feridas";"Plena Noite";"Decrescente";"Céu Claro";"Dupla";"Rotatória";"Sim";2;0;1;0;0;1;1;2;0,1045;-51,126076;"SPRF-AP";"DEL01-AP";"UOP01-DEL01-AP"
389351;2021-10-12;"terça-feira";"20:25:00";"PE";423;94;"GARANHUNS";"Condutor deixou de manter distância do veículo da frente";"Colisão traseira";"Com Vítimas Feridas";"Plena Noite";"Crescente";"Céu Claro";"Múltipla";"Reta";"Sim";3;0;2;0;0;1;2;2;-8,874732;-36,46946;"SPRF-PE";"DEL03-PE";"UOP01-DEL03-PE"
389352;2021-10-12;"terça-feira";"19:00:00";"PR";476;218;"LAPA";"Desrespeitar a preferência no cruzamento";"Colisão transversal";"Com Vítimas Feridas";"Plena Noite";"Crescente";"Nublado";"Simples";"Reta";"Não";5;0;3;2;0;0;5;2;-25,810024;-49,907558;"SPRF-PR";"DEL02-PR";"UOP04-DEL02-PR"
389353;2021-10-12;"terça-feira";"21:00:00";"ES";101;299;"VIANA";"Reação tardia ou ineficiente do condutor";"Colisão traseira";"Sem Vítimas";"Plena Noite";"Decrescente";"Garoa/Chuvisco";"Dupla";"Reta";"Sim";3;0;0;0;3;0;0;2;-20,35736;-40,423907;"SPRF-ES";"DEL01-ES";"UOP01-DEL01-ES"
389354;2021-10-12;"terça-feira";"20:45:00";"PR";277;0,5;"PARANAGUA";"Reação tardia ou ineficiente do condutor";"Colisão traseira";"Sem Vítimas";"Plena Noite";"Crescente";"Nublado";"Dupla";"Reta";"Sim";2;0;0;0;2;0;0;2;-25,5205;-48,5095;"SPRF-PR";"DEL01-PR";"UOP05-DEL01-PR"
389355;2021-10-12;"terça-feira";"16:00:00";"MT";364;270;"JACIARA";"Demais falhas mecânicas ou elétricas";"Incêndio";"Sem Vítimas";"Pleno dia";"Decrescente";"Céu Claro";"Dupla";"Reta";"Sim";1;0;0;0;1;0;0;1;-15,9689785;-54,94463002;"SPRF-MT";"DEL02-MT";"UOP01-DEL02-MT"
389359;2021-10-12;"terça-feira";"20:30:00";"MG";381;536,2;"ITATIAIUCU";"Ausência de reação do condutor";"Saída de leito carroçável";"Com Vítimas Feridas";"Plena Noite";"Crescente";"Nublado";"Dupla";"Reta;Declive";"Não";1;0;1;0;0;0;1;1;-20,19679078;-44,38553551;"SPRF-MG";"DEL04-MG";"UOP03-DEL04-MG"
389360;2021-10-12;"terça-feira";"20:20:00";"BA";324;540;"AMELIA RODRIGUES";"Retorno proibido";"Colisão frontal";"Sem Vítimas";"Plena Noite";"Decrescente";"Céu Claro";"Dupla";"Aclive;Reta";"Sim";1;0;0;0;0;1;0;1;-12,38543536;-38,79238728;"SPRF-BA";"DEL01-BA";"UOP03-DEL01-BA"
389361;2021-10-12;"terça-feira";"21:25:00";"SC";101;179,6;"GOVERNADOR CELSO RAMOS";"Acessar a via sem observar a presença dos outros veículos";"Colisão transversal";"Sem Vítimas";"Plena Noite";"Decrescente";"Chuva";"Simples";"Viaduto";"Não";2;0;0;0;2;0;0;2;-27,37281717;-48,63322708;"SPRF-SC";"DEL01-SC";"UOP01-DEL01-SC"