"id";"data_inversa";"dia_semana";"horario";"uf";"br";"km";"municipio";"causa_acidente";"tipo_acidente";"classificacao_acidente";"fase_dia";"sentido_via";"condicao_metereologica";"tipo_pista";"tracado_via";"uso_solo";"pessoas";"mortos";"feridos_leves";"feridos_graves";"ilesos";"ignorados";"feridos";"veiculos";"latitude";"longitude";"regional";"delegacia";"uop"
389477;2021-10-13;"quarta-feira";"15:10:00";"SP";116;165;"JACAREI";"Reação tardia ou ineficiente do condutor";"Colisão traseira";"Com Vítimas Feridas";"Pleno dia";"Decrescente";"Céu Claro";"Dupla";"Reta";"Não";2;0;1;0;1;0;1;2;-23,29691791;-46,00798704;"SPRF-SP";"DEL02-SP";"UOP01-DEL02-SP"
389478;2021-10-13;"quarta-feira";"11:20:00";"BA";101;444;"UBAITABA";"Retorno proibido";"Colisão transversal";"Com Vítimas Feridas";"Pleno dia";"Crescente";"Chuva";"Simples";"Reta;Declive";"Sim";2;0;0;1;1;0;1;2;-14,310242;-39,318825;"SPRF-BA";"DEL05-BA";"UOP01-DEL05-BA"
389479;2021-10-13;"quarta-feira";"14:35:00";"RS";386;187,9;"SANTO ANTONIO DO PLANALTO";"Transitar na contramão";"Colisão frontal";"Com Vítimas Feridas";"Pleno dia";"Decrescente";"Céu Claro";"Simples";"Curva";"Não";3;0;0;3;0;0;3;2;-28,354872;-52,711296;"SPRF-RS";"DEL08-RS";"UOP01-DEL08-RS"
389482;2021-10-13;"quarta-feira";"12:15:00";"RO";364;430;"JARU";"Reação tardia ou ineficiente do condutor";"Colisão transversal";"Sem Vítimas";"Pleno dia";"Crescente";"Céu Claro";"Simples";"Rotatória";"Sim";2;0;0;0;2;0;0;2;-10,41098263;-62,51010043;"SPRF-RO";"DEL03-RO";"UOP02-DEL03-RO"
389483;2021-10-13;"quarta-feira";"14:30:00";"MG";40;509;"RIBEIRAO DAS NEVES";"Ausência de reação do condutor";"Colisão traseira";"Com Vítimas Feridas";"Pleno dia";"Decrescente";"Céu Claro";"Dupla";"Reta";"Não";3;0;1;0;1;1;1;3;-19,76728744;-44,12855905;"SPRF-MG";"DEL01-MG";"UOP02-DEL01-MG"
389484;2021-10-13;"quarta-feira";"15:50:00";"MG";381;489,4;"BETIM";"Avarias e/ou desgaste excessivo no pneu";"Tombamento";"Com Vítimas Feridas";"Pleno dia";"Decrescente";"Céu Claro";"Múltipla";"Reta";"Sim";1;0;0;1;0;0;1;1;-19,96245618;-44,16455495;"SPRF-MG";"DEL01-MG";"UOP03-DEL01-MG"
389485;2021-10-13;"quarta-feira";"13:25:00";"MT";70;516;"VARZEA GRANDE";"Desrespeitar a preferência no cruzamento";"Colisão transversal";"Com Vítimas Feridas";"Pleno dia";"Decrescente";"Céu Claro";"Simples";"Interseção de Vias";"Sim";2;0;1;0;1;0;1;2;-15,70195637;-56,15915144;"SPRF-MT";"DEL01-MT";"UOP02-DEL01-MT"
389487;2021-08-14;"sábado";"05:20:00";"RJ";116;111;"MAGE";"Chuva";"Saída de leito carroçável";"Com Vítimas Feridas";"Amanhecer";"Decrescente";"Chuva";"Dupla";"Curva";"Sim";1;0;1;0;0;0;1;1;-22,55838319;-42,99482067;"SPRF-RJ";"DEL04-RJ";"UOP02-DEL04-RJ"
389488;2021-10-13;"quarta-feira";"11:07:00";"RJ";40;88;"PETROPOLIS";"Ausência de reação do condutor";"Saída de leito carroçável";"Com Vítimas Feridas";"Pleno dia";"Crescente";"Céu Claro";"Simples";"Reta";"Não";1;0;1;0;0;0;1;1;-22,548575;-43,231738;"SPRF-RJ";"DEL06-RJ";"UOP01-DEL06-RJ"
389494;2021-10-13;"quarta-feira";"17:00:00";"ES";262;114;"VENDA NOVA DO IMIGRANTE";"Acessar a via sem observar a presença dos outros veículos";"Colisão transversal";"Com Vítimas Feridas";"Anoitecer";"Crescente";"Chuva";"Simples";"Reta;Declive";"Não";4;0;2;0;2;0;2;2;-20,32544863;-41,21078488;"SPRF-ES";"DEL01-ES";"UOP02-DEL01-ES"
389496;2021-10-13;"quarta-feira";"12:20:00";"MG";262;38,5;"MANHUACU";"Conversão proibida";"Colisão transversal";"Com Vítimas Feridas";"Pleno dia";"Decrescente";"Céu Claro";"Simples";"Aclive";"Sim";3;0;1;1;1;0;2;2;-20,26305859;-42,03684948;"SPRF-MG";"DEL06-MG";"UOP03-DEL06-MG"
389498;2021-10-13;"quarta-feira";"17:25:00";"PR";476;135;"CURITIBA";"Acessar a via sem observar a presença dos outros veículos";"Colisão traseira";"Com Vítimas Feridas";"Pleno dia";"Decrescente";"Céu Claro";"Múltipla";"Reta";"Sim";2;0;2;0;0;0;2;2;-25,483786;-49,265808;"SPRF-PR";"DEL01-PR";"UOP03-DEL01-PR"
389500;2021-10-13;"quarta-feira";"13:55:00";"SP";101;47,2;"UBATUBA";"Acessar a via sem observar a presença dos outros veículos";"Colisão transversal";"Com Vítimas Feridas";"Pleno dia";"Decrescente";"Céu Claro";"Simples";"Interseção de Vias";"Sim";1;0;1;0;0;0;1;1;-23,429897;-45,082436;"SPRF-SP";"DEL06-SP";"UOP01-DEL06-SP"
389501;2021-10-13;"quarta-feira";"17:30:00";"MG";381;487;"CONTAGEM";"Condutor deixou de manter distância do veículo da frente";"Colisão traseira";"Com Vítimas Feridas";"Pleno dia";"Decrescente";"Nublado";"Dupla";"Reta";"Sim";2;0;0;1;0;1;1;2;-19,9615259;-44,0379042;"SPRF-MG";"DEL01-MG";"UOP03-DEL01-MG"
389502;2021-10-13;"quarta-feira";"17:55:00";"CE";116;3;"FORTALEZA";"Acessar a via sem observar a presença dos outros veículos";"Colisão transversal";"Com Vítimas Feridas";"Anoitecer";"Decrescente";"Céu Claro";"Múltipla";"Reta;Viaduto";"Sim";2;0;0;1;1;0;1;2;-3,77866493;-38,51490171;"SPRF-CE";"DEL01-CE";"UOP02-DEL01-CE"
389503;2021-10-13;"quarta-feira";"17:40:00";"RN";226;111,7;"SANTA CRUZ";"Acessar a via sem observar a presença dos outros veículos";"Colisão transversal";"Sem Vítimas";"Pleno dia";"Crescente";"Céu Claro";"Simples";"Curva";"Sim";2;0;0;0;1;1;0;2;-6,22360371;-36,02044702;"SPRF-RN";"DEL03-RN";"UOP02-DEL03-RN"
389504;2021-10-13;"quarta-feira";"17:50:00";"MG";381;450;"SABARA";"Desrespeitar a preferência no cruzamento";"Colisão transversal";"Com Vítimas Feridas";"Pleno dia";"Crescente";"Sol";"Simples";"Reta;Declive";"Sim";2;0;0;1;0;1;1;2;-19,84130639;-43,87176902;"SPRF-MG";"DEL01-MG";"UOP01-DEL01-MG"
389507;2021-10-13;"quarta-feira";"16:30:00";"PI";316;327,9;"GEMINIANO";"Demais falhas mecânicas ou elétricas";"Incêndio";"Sem Vítimas";"Pleno dia";"Crescente";"Sol";"Simples";"Reta";"Não";2;0;0;0;2;0;0;1;-7,10066607;-41,32607501;"SPRF-PI";"DEL04-PI";"UOP01-DEL04-PI"
389509;2021-10-13;"quarta-feira";"15:45:00";"PI";316;310;"PICOS";"Reação tardia ou ineficiente do condutor";"Colisão transversal";"Com Vítimas Feridas";"Pleno dia";"Crescente";"Céu Claro";"Simples";"Rotatória";"Sim";2;0;1;0;1;0;1;2;-7,07639186;-41,47475001;"SPRF-PI";"DEL04-PI";"UOP01-DEL04-PI"
389510;2021-10-13;"quarta-feira";"17:45:00";"SC";101;327,2;"CAPIVARI DE BAIXO";"Acessar a via sem observar a presença dos outros veículos";"Colisão transversal";"Com Vítimas Feridas";"Anoitecer";"Decrescente";"Nublado";"Simples";"Rotatória";"Sim";2;0;0;1;1;0;1;2;-28,43023306;-48,95205197;"SPRF-SC";"DEL02-SC";"UOP01-DEL02-SC"
389512;2021-10-13;"quarta-feira";"17:26:00";"PE";101;43;"IGARASSU";"Pedestre cruzava a pista fora da faixa";"Atropelamento de Pedestre";"Com Vítimas Feridas";"Anoitecer";"Crescente";"Céu Claro";"Múltipla";"Reta";"Sim";2;0;1;0;1;0;1;2;-7,855974;-34,908635;"SPRF-PE";"DEL01-PE";"UOP02-DEL01-PE"
389513;2021-10-13;"quarta-feira";"09:16:00";"RJ";101;471;"ANGRA DOS REIS";"Acessar a via sem observar a presença dos outros veículos";"Colisão transversal";"Sem Vítimas";"Pleno dia";"Crescente";"Céu Claro";"Simples";"Reta";"Sim";2;0;0;0;2;0;0;2;-22,99972068;-44,22749162;"SPRF-RJ";"DEL03-RJ";"UOP03-DEL03-RJ"
389514;2021-10-13;"quarta-feira";"18:10:00";"PR";369;183,3;"ARAPONGAS";"Manobra de mudança de faixa";"Colisão lateral mesmo sentido";"Com Vítimas Feridas";"Anoitecer";"Crescente";"Céu Claro";"Simples";"Reta;Interseção de Vias";"Sim";3;0;0;1;1;1;1;3;-23,39394;-51,423948;"SPRF-PR";"DEL07-PR";"UOP02-DEL07-PR"
389516;2021-10-13;"quarta-feira";"18:30:00";"RJ";101;199;"CASIMIRO DE ABREU";"Desrespeitar a preferência no cruzamento";"Colisão transversal";"Com Vítimas Feridas";"Plena Noite";"Crescente";"Céu Claro";"Dupla";"Reta";"Não";5;0;1;0;4;0;1;2;-22,48771193;-42,13561096;"SPRF-RJ";"DEL08-RJ";"UOP04-DEL08-RJ"
389518;2021-10-12;"terça-feira";"06:30:00";"SC";282;274,6;"SAO JOSE DO CERRITO";"Reação tardia ou ineficiente do condutor";"Saída de leito carroçável";"Com Vítimas Feridas";"Amanhecer";"Decrescente";"Chuva";"Simples";"Curva";"Não";1;0;1;0;0;0;1;1;-27,614197;-50,716843;"SPRF-SC";"DEL05-SC";"UOP02-DEL05-SC"
389519;2021-10-13;"quarta-feira";"19:00:00";"RS";293;337,7;"SANTANA DO LIVRAMENTO";"Pista Escorregadia";"Saída de leito carroçável";"Com Vítimas Fatais";"Plena Noite";"Crescente";"Chuva";"Simples";"Reta";"Sim";1;1;0;0;0;0;0;1;-30,85550513;-55,50429008;"SPRF-RS";"DEL11-RS";"UOP01-DEL11-RS"
389520;2021-10-13;"quarta-feira";"12:20:00";"SC";280;147;"MAFRA";"Manobra de mudança de faixa";"Saída de leito carroçável";"Com Vítimas Feridas";"Pleno dia";"Crescente";"Céu Claro";"Simples";"Reta";"Não";1;0;1;0;0;0;1;1;-26,25387109;-49,67124709;"SPRF-SC";"DEL06-SC";"UOP03-DEL06-SC"
389521;2021-10-13;"quarta-feira";"18:30:00";"BA";101;358;"WENCESLAU GUIMARAES";"Condutor deixou de manter distância do veículo da frente";"Colisão traseira";"Com Vítimas Feridas";"Plena Noite";"Decrescente";"Nublado";"Simples";"Reta";"Sim";2;0;0;1;1;0;1;2;-13,678802;-39,477192;"SPRF-BA";"DEL05-BA";"UOP03-DEL05-BA"
389522;2021-10-13;"quarta-feira";"19:10:00";"MG";262;368,7;"JUATUBA";"Condutor deixou de manter distância do veículo da frente";"Colisão traseira";"Sem Vítimas";"Plena Noite";"Decrescente";"Céu Claro";"Dupla";"Curva;Declive";"Sim";2;0;0;0;1;1;0;2;-19,97239513;-44,28042402;"SPRF-MG";"DEL01-MG";"UOP03-DEL01-MG"
389523;2021-10-13;"quarta-feira";"18:15:00";"BA";407;1;"JUAZEIRO";"Entrada inopinada do pedestre";"Atropelamento de Pedestre";"Com Vítimas Feridas";"Plena Noite";"Decrescente";"Céu Claro";"Simples";"Reta";"Sim";2;0;1;0;1;0;1;2;-9,41690645;-40,50689396;"SPRF-PE";"DEL06-PE";"UOP01-DEL06-PE"
389525;2021-10-13;"quarta-feira";"18:45:00";"BA";407;1;"JUAZEIRO";"Reação tardia ou ineficiente do condutor";"Colisão traseira";"Com Vítimas Feridas";"Plena Noite";"Decrescente";"Céu Claro";"Simples";"Reta";"Sim";3;0;2;0;1;0;2;2;-9,41845604;-40,50725978;"SPRF-PE";"DEL06-PE";"UOP01-DEL06-PE"
389526;2021-10-13;"quarta-feira";"19:40:00";"PE";407;117;"PETROLINA";"Acesso irregular";"Colisão frontal";"Com Vítimas Feridas";"Plena Noite";"Crescente";"Céu Claro";"Simples";"Reta";"Não";2;0;1;0;1;0;1;2;-9,314647;-40,57336;"SPRF-PE";"DEL06-PE";"UOP02-DEL06-PE"
389527;2021-10-13;"quarta-feira";"19:20:00";"MG";40;527,1;"CONTAGEM";"Pedestre cruzava a pista fora da faixa";"Atropelamento de Pedestre";"Com Vítimas Feridas";"Plena Noite";"Decrescente";"Nublado";"Dupla";"Reta";"Sim";3;0;1;1;0;1;2;2;-19,90395896;-44,04865265;"SPRF-MG";"DEL01-MG";"UOP02-DEL01-MG"
389531;2021-10-13;"quarta-feira";"16:30:00";"MA";10;259,6;"IMPERATRIZ";"Afundamento ou ondulação no pavimento";"Tombamento";"Com Vítimas Feridas";"Pleno dia";"Decrescente";"Céu Claro";"Simples";"Declive";"Sim";1;0;1;0;0;0;1;1;-5,472474;-47,472221;"SPRF-MA";"DEL04-MA";"UOP01-DEL04-MA"
389532;2021-10-13;"quarta-feira";"08:10:00";"MG";262;38,1;"MANHUACU";"Acessar a via sem observar a presença dos outros veículos";"Colisão transversal";"Com Vítimas Feridas";"Pleno dia";"Decrescente";"Céu Claro";"Simples";"Reta";"Sim";2;0;1;0;1;0;1;2;-20,26305859;-42,03684948;"SPRF-MG";"DEL06-MG";"UOP03-DEL06-MG"
389533;2021-10-13;"quarta-feira";"19:10:00";"AC";364;121;"RIO BRANCO";"Reação tardia ou ineficiente do condutor";"Colisão frontal";"Com Vítimas Feridas";"Plena Noite";"Crescente";"Céu Claro";"Simples";"Reta";"Sim";2;0;0;1;1;0;1;2;-10,01209268;-67,764365;"SPRF-AC";"DEL01-AC";"UOP01-DEL01-AC"
389536;2021-10-13;"quarta-feira";"20:50:00";"SP";153;43,5;"SAO JOSE DO RIO PRETO";"Pedestre andava na pista";"Atropelamento de Pedestre";"Com Vítimas Feridas";"Plena Noite";"Decrescente";"Céu Claro";"Simples";"Curva";"Não";2;0;0;1;1;0;1;2;-20,64603812;-49,34057054;"SPRF-SP";"DEL09-SP";"UOP01-DEL09-SP"
389538;2021-10-13;"quarta-feira";"20:50:00";"PR";277;725;"FOZ DO IGUACU";"Pedestre cruzava a pista fora da faixa";"Colisão com objeto";"Com Vítimas Fatais";"Plena Noite";"Decrescente";"Nublado";"Dupla";"Reta";"Sim";2;1;0;1;0;0;1;2;-25,50823541;-54,54619865;"SPRF-PR";"DEL05-PR";"UOP03-DEL05-PR"
389539;2021-10-13;"quarta-feira";"20:30:00";"SC";101;236;"PALHOCA";"Ausência de reação do condutor";"Tombamento";"Com Vítimas Feridas";"Plena Noite";"Crescente";"Nublado";"Dupla";"Declive";"Não";1;0;0;1;0;0;1;1;-27,82629382;-48,63034842;"SPRF-SC";"DEL01-SC";"UOP02-DEL01-SC"
389542;2021-10-13;"quarta-feira";"19:29:00";"RS";472;628;"BARRA DO QUARAI";"Reação tardia ou ineficiente do condutor";"Eventos atípicos";"Sem Vítimas";"Pleno dia";"Crescente";"Sol";"Simples";"Reta";"Não";1;0;0;0;0;1;0;1;-30,09072217;-57,30883087;"SPRF-RS";"DEL13-RS";"UOP01-DEL13-RS"
389543;2021-10-13;"quarta-feira";"15:50:00";"RO";364;423;"JARU";"Condutor deixou de manter distância do veículo da frente";"Colisão traseira";"Com Vítimas Feridas";"Pleno dia";"Crescente";"Céu Claro";"Simples";"Ponte";"Sim";2;0;1;0;0;1;1;2;-10,44725658;-62,4641633;"SPRF-RO";"DEL03-RO";"UOP02-DEL03-RO"
389545;2021-10-13;"quarta-feira";"19:45:00";"RS";285;605,9;"SANTO ANTONIO DAS MISSOES";"Acumulo de água sobre o pavimento";"Saída de leito carroçável";"Com Vítimas Feridas";"Plena Noite";"Crescente";"Chuva";"Simples";"Reta";"Não";1;0;1;0;0;0;1;1;-28,494146;-55,334171;"SPRF-RS";"DEL12-RS";"UOP01-DEL12-RS"
389546;2021-10-13;"quarta-feira";"18:25:00";"RO";364;341;"JI-PARANA";"Iluminação deficiente";"Colisão transversal";"Com Vítimas Feridas";"Plena Noite";"Crescente";"Céu Claro";"Simples";"Interseção de Vias";"Sim";2;0;0;1;1;0;1;2;-10,888444;-61,931654;"SPRF-RO";"DEL02-RO";"UOP01-DEL02-RO"
389547;2021-10-13;"quarta-feira";"19:00:00";"SC";158;106,3;"CUNHA PORA";"Ultrapassagem Indevida";"Colisão frontal";"Com Vítimas Feridas";"Plena Noite";"Crescente";"Céu Claro";"Simples";"Curva";"Não";2;0;1;0;1;0;1;2;-26,867246;-53,163855;"SPRF-SC";"DEL07-SC";"UOP02-DEL07-SC"
389548;2021-10-13;"quarta-feira";"21:30:00";"BA";116;11,9;"VITORIA DA CONQUISTA";"Desrespeitar a preferência no cruzamento";"Colisão transversal";"Com Vítimas Feridas";"Plena Noite";"Crescente";"Céu Claro";"Simples";"Reta";"Sim";2;0;2;0;0;0;2;2;-14,87464727;-40,87129216;"SPRF-BA";"DEL08-BA";"UOP01-DEL08-BA"
389550;2021-10-13;"quarta-feira";"22:00:00";"SP";116;320,9;"JUQUITIBA";"Demais falhas mecânicas ou elétricas";"Incêndio";"Sem Vítimas";"Plena Noite";"Crescente";"Céu Claro";"Simples";"Reta";"Não";1;0;0;0;1;0;0;1;-23,93226;-47,00835;"SPRF-SP";"DEL04-SP";"UOP01-DEL04-SP"
389553;2021-10-13;"quarta-feira";"22:15:00";"SC";116;210;"PONTE ALTA";"Falta de acostamento";"Colisão traseira";"Com Vítimas Fatais";"Plena Noite";"Decrescente";"Garoa/Chuvisco";"Simples";"Reta";"Não";2;1;0;0;0;1;0;2;-27,50285695;-50,36575969;"SPRF-SC";"DEL05-SC";"UOP03-DEL05-SC"
389554;2021-10-13;"quarta-feira";"20:15:00";"RS";290;40;"SANTO ANTONIO DA PATRULHA";"Reação tardia ou ineficiente do condutor";"Colisão traseira";"Com Vítimas Feridas";"Plena Noite";"Decrescente";"Nublado";"Dupla";"Reta";"Não";3;0;1;0;2;0;1;2;-29,886173;-50,658577;"SPRF-RS";"DEL03-RS";"UOP01-DEL03-RS"
389555;2021-10-13;"quarta-feira";"23:10:00";"TO";153;170,6;"ARAGUAINA";"Avarias e/ou desgaste excessivo no pneu";"Capotamento";"Com Vítimas Feridas";"Plena Noite";"Crescente";"Nublado";"Simples";"Reta";"Não";3;0;2;1;0;0;3;1;-7,39289906;-48,35838951;"SPRF-TO";"DEL02-TO";"UOP01-DEL02-TO"
389556;2021-10-13;"quarta-feira";"23:40:00";"TO";153;138;"ARAGUAINA";"Reação tardia ou ineficiente do condutor";"Tombamento";"Com Vítimas Feridas";"Plena Noite";"Decrescente";"Nublado";"Dupla";"Reta";"Sim";1;0;0;1;0;0;1;1;-7,15509994;-48,20416232;"SPRF-TO";"DEL02-TO";"UOP01-DEL02-TO"
389557;2021-10-13;"quarta-feira";"20:45:00";"MT";364;2;"ALTO ARAGUAIA";"Animais na Pista";"Atropelamento de Animal";"Com Vítimas Feridas";"Plena Noite";"Decrescente";"Nublado";"Simples";"Curva";"Não";1;0;1;0;0;0;1;1;-17,310339;-53,226654;"SPRF-MT";"DEL02-MT";"UOP02-DEL02-MT"
389558;2021-10-13;"quarta-feira";"17:00:00";"MG";116;758,4;"LEOPOLDINA";"Acessar a via sem observar a presença dos outros veículos";"Colisão transversal";"Com Vítimas Feridas";"Anoitecer";"Decrescente";"Nublado";"Simples";"Reta";"Não";2;0;0;1;1;0;1;2;-21,50243487;-42,60067703;"SPRF-MG";"DEL07-MG";"UOP01-DEL07-MG"
389559;2021-10-13;"quarta-feira";"19:45:00";"PR";476;89,5;"BOCAIUVA DO SUL";"Ultrapassagem Indevida";"Colisão frontal";"Com Vítimas Feridas";"Plena Noite";"Decrescente";"Garoa/Chuvisco";"Simples";"Reta";"Não";2;0;1;1;0;0;2;2;-25,186684;-49,118649;"SPRF-PR";"DEL01-PR";"UOP02-DEL01-PR"
389562;2021-10-14;"quinta-feira";"01:00:00";"PE";101;49;"ABREU E LIMA";"Ausência de reação do condutor";"Saída de leito carroçável";"Com Vítimas Feridas";"Plena Noite";"Crescente";"Nublado";"Dupla";"Reta";"Sim";2;0;2;0;0;0;2;1;-7,9005152;-34,90180641;"SPRF-PE";"DEL01-PE";"UOP02-DEL01-PE"
389564;2021-10-14;"quinta-feira";"02:00:00";"SC";101;24,8;"JOINVILLE";"Ingestão de álcool pelo condutor";"Capotamento";"Sem Vítimas";"Plena Noite";"Crescente";"Nublado";"Dupla";"Reta";"Não";1;0;0;0;1;0;0;1;-26,17483309;-48,90767978;"SPRF-SC";"DEL03-SC";"UOP01-DEL03-SC"
389565;2021-10-14;"quinta-feira";"01:30:00";"SC";280;151,8;"MAFRA";"Ausência de reação do condutor";"Saída de leito carroçável";"Sem Vítimas";"Plena Noite";"Decrescente";"Céu Claro";"Simples";"Curva";"Não";1;0;0;0;0;1;0;1;-26,2269108;-49,70661163;"SPRF-SC";"DEL06-SC";"UOP03-DEL06-SC"
389570;2021-10-14;"quinta-feira";"02:45:00";"SC";282;68,5;"RANCHO QUEIMADO";"Velocidade Incompatível";"Saída de leito carroçável";"Sem Vítimas";"Plena Noite";"Decrescente";"Chuva";"Simples";"Curva";"Não";2;0;0;0;2;0;0;1;-27,692406;-49,075939;"SPRF-SC";"DEL01-SC";"UOP03-DEL01-SC"
389572;2021-10-14;"quinta-feira";"05:30:00";"PR";116;125,9;"FAZENDA RIO GRANDE";"Condutor deixou de manter distância do veículo da frente";"Colisão traseira";"Com Vítimas Feridas";"Amanhecer";"Decrescente";"Nublado";"Dupla";"Interseção de Vias";"Sim";2;0;0;1;1;0;1;2;-25,59505309;-49,31630659;"SPRF-PR";"DEL01-PR";"UOP03-DEL01-PR"
389573;2021-10-14;"quinta-feira";"03:30:00";"PE";408;26;"TIMBAUBA";"Demais falhas mecânicas ou elétricas";"Incêndio";"Sem Vítimas";"Amanhecer";"Crescente";"Céu Claro";"Simples";"Reta";"Não";1;0;0;0;1;0;0;1;-7,52257159;-35,29948406;"SPRF-PE";"DEL01-PE";"UOP02-DEL01-PE"
389575;2021-10-14;"quinta-feira";"06:35:00";"RS";116;227,3;"DOIS IRMAOS";"Acessar a via sem observar a presença dos outros veículos";"Colisão transversal";"Com Vítimas Feridas";"Pleno dia";"Crescente";"Céu Claro";"Simples";"Reta;Interseção de Vias";"Sim";2;0;1;1;0;0;2;2;-29,60482402;-51,12527692;"SPRF-RS";"DEL01-RS";"UOP02-DEL01-RS"
389576;2021-10-14;"quinta-feira";"07:15:00";"DF";20;17;"BRASILIA";"Manobra de mudança de faixa";"Colisão lateral mesmo sentido";"Com Vítimas Feridas";"Pleno dia";"Decrescente";"Céu Claro";"Dupla";"Reta";"Não";2;0;1;0;1;0;1;2;-15,621374;-47,71698;"SPRF-DF";"DEL02-DF";"UOP01-DEL02-DF"
389577;2021-10-14;"quinta-feira";"07:02:00";"SP";116;175;"JACAREI";"Avarias e/ou desgaste excessivo no pneu";"Tombamento";"Com Vítimas Feridas";"Pleno dia";"Decrescente";"Céu Claro";"Dupla";"Reta";"Não";1;0;1;0;0;0;1;1;-23,32173972;-46,100353;"SPRF-SP";"DEL02-SP";"UOP01-DEL02-SP"
389578;2021-10-14;"quinta-feira";"07:20:00";"SP";116;67;"GUARATINGUETA";"Objeto estático sobre o leito carroçável";"Tombamento";"Com Vítimas Feridas";"Pleno dia";"Decrescente";"Céu Claro";"Dupla";"Reta";"Sim";2;0;1;0;1;0;1;2;-22,82871899;-45,20925522;"SPRF-SP";"DEL08-SP";"UOP01-DEL08-SP"
389579;2021-10-14;"quinta-feira";"07:40:00";"SP";116;219;"GUARULHOS";"Reação tardia ou ineficiente do condutor";"Colisão traseira";"Com Vítimas Feridas";"Pleno dia";"Crescente";"Céu Claro";"Múltipla";"Reta";"Sim";2;0;1;0;1;0;1;2;-23,46198658;-46,49110436;"SPRF-SP";"DEL01-SP";"UOP01-DEL01-SP"
389580;2021-10-14;"quinta-feira";"07:30:00";"BA";324;620,9;"SALVADOR";"Trafegar com motocicleta (ou similar) entre as faixas";"Queda de ocupante de veículo";"Com Vítimas Feridas";"Pleno dia";"Crescente";"Sol";"Dupla";"Reta";"Sim";2;0;2;0;0;0;2;1;-12,90482172;-38,45556535;"SPRF-BA";"DEL01-BA";"UOP01-DEL01-BA"
389581;2021-10-14;"quinta-feira";"06:15:00";"PE";232;9,9;"JABOATAO DOS GUARARAPES";"Condutor deixou de manter distância do veículo da frente";"Engavetamento";"Com Vítimas Feridas";"Pleno dia";"Decrescente";"Nublado";"Dupla";"Reta";"Sim";6;0;2;0;4;0;2;4;-8,07917819;-34,9864119;"SPRF-PE";"DEL01-PE";"UOP01-DEL01-PE"
389584;2021-10-14;"quinta-feira";"07:50:00";"PR";476;138;"CURITIBA";"Ausência de reação do condutor";"Colisão com objeto";"Com Vítimas Feridas";"Pleno dia";"Decrescente";"Céu Claro";"Dupla";"Reta";"Sim";1;0;1;0;0;0;1;1;-25,505564;-49,283417;"SPRF-PR";"DEL01-PR";"UOP03-DEL01-PR"
389585;2021-10-14;"quinta-feira";"01:31:00";"RJ";40;81;"PETROPOLIS";"Ausência de reação do condutor";"Atropelamento de Pedestre";"Com Vítimas Feridas";"Plena Noite";"Decrescente";"Céu Claro";"Simples";"Curva";"Não";2;0;1;0;1;0;1;2;-22,50560003;-43,23186384;"SPRF-RJ";"DEL06-RJ";"UOP01-DEL06-RJ"
389587;2021-10-14;"quinta-feira";"07:55:00";"SP";153;57,4;"SAO JOSE DO RIO PRETO";"Frear bruscamente";"Tombamento";"Com Vítimas Feridas";"Pleno dia";"Crescente";"Nublado";"Dupla";"Desvio Temporário;Reta;Declive;Em Obras";"Sim";1;0;1;0;0;0;1;1;-20,76991095;-49,34982212;"SPRF-SP";"DEL09-SP";"UOP01-DEL09-SP"
389588;2021-10-14;"quinta-feira";"08:25:00";"SC";101;94,5;"BARRA VELHA";"Objeto estático sobre o leito carroçável";"Colisão traseira";"Sem Vítimas";"Pleno dia";"Crescente";"Nublado";"Múltipla";"Aclive";"Sim";2;0;0;0;2;0;0;2;-26,69940401;-48,69902784;"SPRF-SC";"DEL03-SC";"UOP02-DEL03-SC"
389589;2021-10-14;"quinta-feira";"07:30:00";"RN";101;98;"NATAL";"Condutor Dormindo";"Colisão lateral mesmo sentido";"Sem Vítimas";"Pleno dia";"Decrescente";"Sol";"Dupla";"Declive";"Sim";4;0;0;0;4;0;0;4;-5,86567888;-35,21651625;"SPRF-RN";"DEL01-RN";"UOP01-DEL01-RN"
389591;2021-10-14;"quinta-feira";"07:24:00";"RS";290;88;"PORTO ALEGRE";"Ausência de reação do condutor";"Colisão traseira";"Com Vítimas Feridas";"Pleno dia";"Crescente";"Céu Claro";"Dupla";"Reta";"Sim";2;0;1;0;1;0;1;2;-29,967531;-51,137264;"SPRF-RS";"DEL01-RS";"UOP01-DEL01-RS"
389592;2021-10-14;"quinta-feira";"08:10:00";"GO";153;494,9;"GOIANIA";"Condutor deixou de manter distância do veículo da frente";"Colisão traseira";"Com Vítimas Feridas";"Pleno dia";"Crescente";"Sol";"Dupla";"Reta";"Sim";2;0;1;0;1;0;1;2;-16,6614;-49,2218;"SPRF-GO";"DEL01-GO";"UOP01-DEL01-GO"
389593;2021-10-14;"quinta-feira";"08:02:00";"CE";20;432,5;"EUSEBIO";"Reação tardia ou ineficiente do condutor";"Colisão lateral mesmo sentido";"Com Vítimas Feridas";"Pleno dia";"Decrescente";"Sol";"Dupla";"Reta;Declive";"Sim";2;0;1;0;1;0;1;2;-3,865289;-38,473966;"SPRF-CE";"DEL01-CE";"UOP02-DEL01-CE"