"id";"data_inversa";"dia_semana";"horario";"uf";"br";"km";"municipio";"causa_acidente";"tipo_acidente";"classificacao_acidente";"fase_dia";"sentido_via";"condicao_metereologica";"tipo_pista";"tracado_via";"uso_solo";"pessoas";"mortos";"feridos_leves";"feridos_graves";"ilesos";"ignorados";"feridos";"veiculos";"latitude";"longitude";"regional";"delegacia";"uop"
389713;2021-10-15;"sexta-feira";"00:30:00";"MG";381;496,3;"BETIM";"Ingestão de álcool pelo condutor";"Saída de leito carroçável";"Sem Vítimas";"Plena Noite";"Decrescente";"Garoa/Chuvisco";"Múltipla";"Reta";"Sim";3;0;0;0;0;3;0;3;-19,99676497;-44,20958506;"SPRF-MG";"DEL01-MG";"UOP03-DEL01-MG"
389715;2021-10-14;"quinta-feira";"23:00:00";"PR";277;591;"CASCAVEL";"Acessar a via sem observar a presença dos outros veículos";"Atropelamento de Pedestre";"Com Vítimas Feridas";"Plena Noite";"Decrescente";"Chuva";"Simples";"Reta";"Sim";3;0;0;1;2;0;1;2;-24,98473242;-53,46501885;"SPRF-PR";"DEL04-PR";"UOP01-DEL04-PR"
389719;2021-10-14;"quinta-feira";"23:30:00";"MG";153;1;"ARAPORA";"Reação tardia ou ineficiente do condutor";"Colisão com objeto";"Com Vítimas Feridas";"Plena Noite";"Crescente";"Céu Claro";"Simples";"Curva";"Não";2;0;0;2;0;0;2;1;-18,42608911;-49,19359032;"SPRF-MG";"DEL15-MG";"UOP03-DEL15-MG"
389723;2021-10-15;"sexta-feira";"03:35:00";"PR";369;178;"ROLANDIA";"Transitar na contramão";"Colisão frontal";"Com Vítimas Fatais";"Plena Noite";"Crescente";"Chuva";"Simples";"Reta";"Sim";3;1;0;1;1;0;1;2;-23,345444;-51,386528;"SPRF-PR";"DEL07-PR";"UOP01-DEL07-PR"
389727;2021-10-14;"quinta-feira";"20:00:00";"RS";116;519;"PELOTAS";"Condutor deixou de manter distância do veículo da frente";"Colisão traseira";"Sem Vítimas";"Plena Noite";"Decrescente";"Céu Claro";"Simples";"Reta";"Sim";2;0;0;0;2;0;0;2;-31,69369368;-52,35458934;"SPRF-RS";"DEL07-RS";"UOP01-DEL07-RS"
389729;2021-10-15;"sexta-feira";"03:00:00";"MT";364;296;"JACIARA";"Ingestão de álcool pelo condutor";"Capotamento";"Com Vítimas Feridas";"Plena Noite";"Decrescente";"Céu Claro";"Dupla";"Reta";"Não";1;0;1;0;0;0;1;1;-15,8641558;-55,12584675;"SPRF-MT";"DEL05-MT";"UOP02-DEL05-MT"
389730;2021-10-15;"sexta-feira";"05:00:00";"RJ";101;394;"ITAGUAI";"Condutor Dormindo";"Colisão com objeto";"Com Vítimas Feridas";"Amanhecer";"Crescente";"Nublado";"Dupla";"Reta";"Não";1;0;0;1;0;0;1;1;-22,88582179;-43,71288392;"SPRF-RJ";"DEL03-RJ";"UOP01-DEL03-RJ"
389731;2021-10-15;"sexta-feira";"04:30:00";"PE";232;66,7;"POMBOS";"Chuva";"Tombamento";"Com Vítimas Feridas";"Plena Noite";"Decrescente";"Céu Claro";"Simples";"Curva";"Não";2;0;1;0;1;0;1;2;-8,16707371;-35,45583389;"SPRF-PE";"DEL02-PE";"UOP02-DEL02PE"
389733;2021-10-15;"sexta-feira";"04:40:00";"SC";101;406,1;"ARARANGUA";"Ausência de reação do condutor";"Saída de leito carroçável";"Com Vítimas Fatais";"Amanhecer";"Decrescente";"Nublado";"Dupla";"Reta";"Sim";2;1;1;0;0;0;1;1;-28,90981278;-49,48036378;"SPRF-SC";"DEL02-SC";"UOP02-DEL02-SC"
389734;2021-10-15;"sexta-feira";"06:10:00";"CE";20;306,5;"CANINDE";"Desrespeitar a preferência no cruzamento";"Colisão transversal";"Com Vítimas Feridas";"Pleno dia";"Crescente";"Céu Claro";"Simples";"Reta";"Sim";3;0;0;1;2;0;1;2;-4,36698604;-39,30270365;"SPRF-CE";"DEL02-CE";"UOP01-DEL02-CE"
389735;2021-10-15;"sexta-feira";"03:40:00";"SC";101;112;"NAVEGANTES";"Ingestão de álcool pelo condutor";"Colisão traseira";"Com Vítimas Feridas";"Plena Noite";"Decrescente";"Céu Claro";"Simples";"Reta";"Não";3;0;0;1;2;0;1;2;-26,84589005;-48,72131295;"SPRF-SC";"DEL04-SC";"UOP04-DEL04-SC"
389739;2021-10-15;"sexta-feira";"06:45:00";"GO";40;8;"LUZIANIA";"Velocidade Incompatível";"Colisão traseira";"Com Vítimas Feridas";"Pleno dia";"Decrescente";"Céu Claro";"Dupla";"Reta";"Sim";2;0;1;0;1;0;1;2;-16,116158;-47,96761;"SPRF-DF";"DEL01-DF";"UOP01-DEL01-DF"
389740;2021-10-15;"sexta-feira";"01:00:00";"GO";153;137;"MARA ROSA";"Reação tardia ou ineficiente do condutor";"Capotamento";"Com Vítimas Feridas";"Plena Noite";"Decrescente";"Chuva";"Simples";"Reta;Declive";"Não";3;0;1;0;2;0;1;1;-13,9671;-49,090271;"SPRF-GO";"DEL07-GO";"UOP01-DEL07-GO"
389741;2021-10-15;"sexta-feira";"05:40:00";"SC";280;12;"SAO FRANCISCO DO SUL";"Velocidade Incompatível";"Saída de leito carroçável";"Com Vítimas Feridas";"Amanhecer";"Crescente";"Nublado";"Simples";"Reta";"Não";2;0;2;0;0;0;2;1;-26,31323107;-48,64449483;"SPRF-SC";"DEL03-SC";"UOP03-DEL03-SC"
389742;2021-10-14;"quinta-feira";"17:40:00";"GO";153;619;"MORRINHOS";"Chuva";"Queda de ocupante de veículo";"Com Vítimas Feridas";"Anoitecer";"Crescente";"Chuva";"Dupla";"Reta";"Não";1;0;1;0;0;0;1;1;-17,7129;-49,1549;"SPRF-GO";"DEL03-GO";"UOP01-DEL03-GO"
389743;2021-10-15;"sexta-feira";"06:55:00";"RN";304;296;"MACAIBA";"Condutor deixou de manter distância do veículo da frente";"Colisão traseira";"Sem Vítimas";"Pleno dia";"Decrescente";"Céu Claro";"Simples";"Reta";"Sim";3;0;0;0;3;0;0;3;-5,86484905;-35,34931012;"SPRF-RN";"DEL01-RN";"UOP02-DEL01-RN"
389744;2021-10-15;"sexta-feira";"07:15:00";"SC";101;131,3;"BALNEARIO CAMBORIU";"Ingestão de álcool pelo condutor";"Colisão traseira";"Com Vítimas Feridas";"Pleno dia";"Decrescente";"Nublado";"Múltipla";"Reta";"Sim";2;0;1;0;1;0;1;2;-26,99064209;-48,66310912;"SPRF-SC";"DEL04-SC";"UOP03-DEL04-SC"
389746;2021-10-15;"sexta-feira";"06:45:00";"PR";467;100;"CASCAVEL";"Acumulo de água sobre o pavimento";"Saída de leito carroçável";"Com Vítimas Feridas";"Pleno dia";"Decrescente";"Chuva";"Dupla";"Curva";"Não";1;0;1;0;0;0;1;1;-24,8947;-53,5355;"SPRF-PR";"DEL04-PR";"UOP01-DEL04-PR"
389747;2021-10-15;"sexta-feira";"07:25:00";"RS";386;38,5;"FREDERICO WESTPHALEN";"Reação tardia ou ineficiente do condutor";"Colisão traseira";"Sem Vítimas";"Amanhecer";"Decrescente";"Chuva";"Simples";"Reta";"Não";2;0;0;0;2;0;0;2;-27,391367;-53,400776;"SPRF-RS";"DEL08-RS";"UOP02-DEL08-RS"
389749;2021-10-10;"domingo";"00:45:00";"RS";101;13;"MAQUINE";"Reação tardia ou ineficiente do condutor";"Colisão traseira";"Com Vítimas Feridas";"Plena Noite";"Decrescente";"Chuva";"Simples";"Reta";"Sim";3;0;0;2;0;1;2;2;-29,764879;-50,169738;"SPRF-RS";"DEL03-RS";"UOP01-DEL03-RS"
389756;2021-10-15;"sexta-feira";"07:50:00";"RS";116;263,3;"CANOAS";"Condutor desrespeitou a iluminação vermelha do semáforo";"Colisão transversal";"Com Vítimas Feridas";"Pleno dia";"Decrescente";"Chuva";"Simples";"Reta;Interseção de Vias";"Sim";2;0;1;0;1;0;1;2;-29,90392126;-51,17653912;"SPRF-RS";"DEL01-RS";"UOP01-DEL01-RS"
389758;2021-10-11;"segunda-feira";"10:50:00";"PB";101;80,5;"SANTA RITA";"Reação tardia ou ineficiente do condutor";"Colisão lateral mesmo sentido";"Com Vítimas Feridas";"Pleno dia";"Decrescente";"Céu Claro";"Dupla";"Curva";"Sim";2;0;1;0;1;0;1;2;-7,11753704;-34,94951428;"SPRF-PB";"DEL01-PB";"UOP04-DEL01-PB"
389759;2021-10-12;"terça-feira";"05:20:00";"SC";101;162,3;"TIJUCAS";"Mal súbito do condutor";"Colisão com objeto";"Sem Vítimas";"Amanhecer";"Decrescente";"Garoa/Chuvisco";"Simples";"Reta";"Não";1;0;0;0;0;1;0;1;-27,22554009;-48,6279367;"SPRF-SC";"DEL04-SC";"UOP03-DEL04-SC"
389761;2021-10-14;"quinta-feira";"20:00:00";"GO";158;47;"BOM JARDIM DE GOIAS";"Reação tardia ou ineficiente do condutor";"Queda de ocupante de veículo";"Com Vítimas Feridas";"Plena Noite";"Crescente";"Chuva";"Simples";"Reta";"Não";1;0;1;0;0;0;1;1;-16,22276649;-52,09496513;"SPRF-GO";"DEL04-GO";"UOP01-DEL04-GO"
389764;2021-10-15;"sexta-feira";"08:00:00";"SP";116;209,5;"GUARULHOS";"Problema com o freio";"Colisão lateral mesmo sentido";"Com Vítimas Feridas";"Pleno dia";"Crescente";"Céu Claro";"Dupla";"Reta";"Não";2;0;1;0;1;0;1;2;-23,42511799;-46,40221101;"SPRF-SP";"DEL01-SP";"UOP01-DEL01-SP"
389765;2021-10-15;"sexta-feira";"07:45:00";"GO";153;495,5;"GOIANIA";"Condutor deixou de manter distância do veículo da frente";"Colisão traseira";"Sem Vítimas";"Pleno dia";"Crescente";"Sol";"Dupla";"Reta";"Sim";3;0;0;0;3;0;0;3;-16,6681;-49,2263;"SPRF-GO";"DEL01-GO";"UOP01-DEL01-GO"
389766;2021-10-15;"sexta-feira";"08:10:00";"PR";158;527,9;"PATO BRANCO";"Acumulo de água sobre o pavimento";"Saída de leito carroçável";"Com Vítimas Feridas";"Pleno dia";"Decrescente";"Chuva";"Simples";"Aclive";"Não";1;0;1;0;0;0;1;1;-26,16899899;-52,66361486;"SPRF-PR";"DEL02-PR";"UOP01-DEL02-PR"
389774;2021-10-15;"sexta-feira";"08:25:00";"RS";290;480;"ROSARIO DO SUL";"Ausência de reação do condutor";"Colisão com objeto";"Sem Vítimas";"Pleno dia";"Crescente";"Garoa/Chuvisco";"Simples";"Rotatória";"Sim";1;0;0;0;1;0;0;1;-30,24263107;-54,9201948;"SPRF-RS";"DEL11-RS";"UOP02-DEL11-RS"
389775;2021-10-15;"sexta-feira";"07:50:00";"GO";153;501;"GOIANIA";"Manobra de mudança de faixa";"Colisão lateral mesmo sentido";"Com Vítimas Feridas";"Pleno dia";"Decrescente";"Céu Claro";"Múltipla";"Reta";"Sim";2;0;0;1;1;0;1;2;-16,7189;-49,2382;"SPRF-GO";"DEL01-GO";"UOP01-DEL01-GO"
389776;2021-10-15;"sexta-feira";"08:25:00";"RN";226;133;"CAMPO REDONDO";"Conversão proibida";"Colisão traseira";"Com Vítimas Feridas";"Pleno dia";"Crescente";"Céu Claro";"Simples";"Reta";"Sim";2;0;1;0;1;0;1;2;-6,21832723;-36,1674298;"SPRF-RN";"DEL03-RN";"UOP02-DEL03-RN"
389777;2021-10-15;"sexta-feira";"08:35:00";"MG";40;43;"PARACATU";"Reação tardia ou ineficiente do condutor";"Tombamento";"Com Vítimas Feridas";"Pleno dia";"Decrescente";"Céu Claro";"Simples";"Reta";"Sim";1;0;1;0;0;0;1;1;-17,22598002;-46,86163701;"SPRF-MG";"DEL14-MG";"UOP01-DEL14-MG"
389778;2021-10-15;"sexta-feira";"08:20:00";"SC";470;125,8;"LONTRAS";"Curva acentuada";"Saída de leito carroçável";"Com Vítimas Feridas";"Pleno dia";"Decrescente";"Chuva";"Simples";"Aclive;Curva";"Não";1;0;1;0;0;0;1;1;-27,120506;-49,534946;"SPRF-SC";"DEL04-SC";"UOP02-DEL04-SC"
389781;2021-10-15;"sexta-feira";"09:19:00";"RN";304;299;"MACAIBA";"Acumulo de óleo sobre o pavimento";"Tombamento";"Com Vítimas Feridas";"Pleno dia";"Crescente";"Céu Claro";"Dupla";"Retorno Regulamentado";"Não";1;0;1;0;0;0;1;1;-5,871061;-35,323307;"SPRF-RN";"DEL01-RN";"UOP02-DEL01-RN"
389783;2021-10-15;"sexta-feira";"09:00:00";"PB";230;12;"CABEDELO";"Reação tardia ou ineficiente do condutor";"Engavetamento";"Com Vítimas Feridas";"Pleno dia";"Decrescente";"Céu Claro";"Dupla";"Reta";"Sim";4;0;1;0;3;0;1;3;-7,068;-34,85;"SPRF-PB";"DEL01-PB";"UOP01-DEL01-PB"
389790;2021-10-15;"sexta-feira";"09:30:00";"SC";101;200,7;"SAO JOSE";"Ausência de reação do condutor";"Queda de ocupante de veículo";"Com Vítimas Feridas";"Pleno dia";"Decrescente";"Nublado";"Múltipla";"Reta";"Sim";2;0;2;0;0;0;2;1;-27,54018513;-48,62287714;"SPRF-SC";"DEL01-SC";"UOP01-DEL01-SC"
389791;2021-10-15;"sexta-feira";"09:00:00";"RN";427;98,9;"CAICO";"Transitar na contramão";"Colisão transversal";"Com Vítimas Feridas";"Pleno dia";"Decrescente";"Céu Claro";"Simples";"Reta;Interseção de Vias";"Sim";2;0;0;1;1;0;1;2;-6,45907398;-37,09827846;"SPRF-RN";"DEL03-RN";"UOP01-DEL03-RN"
389794;2021-10-15;"sexta-feira";"08:00:00";"MA";230;404;"BALSAS";"Desrespeitar a preferência no cruzamento";"Colisão transversal";"Com Vítimas Feridas";"Pleno dia";"Decrescente";"Céu Claro";"Simples";"Reta";"Sim";2;0;2;0;0;0;2;2;-7,52339895;-46,04122203;"SPRF-MA";"DEL05-MA";"UOP01-DEL05-MA"
389795;2021-10-15;"sexta-feira";"09:25:00";"SP";116;489;"CAJATI";"Manobra de mudança de faixa";"Colisão traseira";"Com Vítimas Feridas";"Pleno dia";"Decrescente";"Céu Claro";"Dupla";"Reta";"Não";2;0;1;0;1;0;1;2;-24,73034183;-48,10760707;"SPRF-SP";"DEL05-SP";"UOP01-DEL05-SP"
389798;2021-10-15;"sexta-feira";"09:05:00";"ES";101;297,1;"CARIACICA";"Condutor deixou de manter distância do veículo da frente";"Colisão traseira";"Com Vítimas Feridas";"Pleno dia";"Crescente";"Nublado";"Dupla";"Reta";"Sim";2;0;1;0;1;0;1;2;-20,34802578;-40,41177893;"SPRF-ES";"DEL01-ES";"UOP01-DEL01-ES"
389799;2021-08-14;"sábado";"22:12:00";"SC";280;56;"GUARAMIRIM";"Acessar a via sem observar a presença dos outros veículos";"Colisão transversal";"Com Vítimas Feridas";"Plena Noite";"Crescente";"Chuva";"Dupla";"Em Obras";"Sim";3;0;0;1;2;0;1;2;-26,47947677;-49,00298702;"SPRF-SC";"DEL03-SC";"UOP03-DEL03-SC"
389801;2021-10-15;"sexta-feira";"09:50:00";"MG";381;681,2;"PERDOES";"Condutor Dormindo";"Saída de leito carroçável";"Com Vítimas Feridas";"Pleno dia";"Crescente";"Sol";"Dupla";"Reta;Declive";"Não";1;0;1;0;0;0;1;1;-21,16168571;-45,12045619;"SPRF-MG";"DEL04-MG";"UOP02-DEL04-MG"
389802;2021-10-15;"sexta-feira";"11:20:00";"SC";101;205;"SAO JOSE";"Manobra de mudança de faixa";"Colisão lateral mesmo sentido";"Com Vítimas Feridas";"Pleno dia";"Crescente";"Céu Claro";"Múltipla";"Interseção de Vias";"Sim";2;0;1;0;1;0;1;2;-27,58838672;-48,61679792;"SPRF-SC";"DEL01-SC";"UOP01-DEL01-SC"
389804;2021-10-15;"sexta-feira";"11:00:00";"RJ";101;273;"TANGUA";"Acesso irregular";"Colisão lateral mesmo sentido";"Com Vítimas Feridas";"Pleno dia";"Decrescente";"Céu Claro";"Dupla";"Reta";"Sim";2;0;1;0;1;0;1;2;-22,7316093;-42,71051285;"SPRF-RJ";"DEL02-RJ";"UOP03-DEL02-RJ"
389805;2021-10-15;"sexta-feira";"10:55:00";"SP";116;220;"GUARULHOS";"Trafegar com motocicleta (ou similar) entre as faixas";"Colisão traseira";"Com Vítimas Feridas";"Pleno dia";"Crescente";"Céu Claro";"Múltipla";"Reta";"Sim";4;0;2;0;2;0;2;2;-23,46472809;-46,49793962;"SPRF-SP";"DEL01-SP";"UOP01-DEL01-SP"
389806;2021-10-15;"sexta-feira";"11:10:00";"SP";116;212;"GUARULHOS";"Demais falhas mecânicas ou elétricas";"Tombamento";"Com Vítimas Feridas";"Pleno dia";"Crescente";"Céu Claro";"Dupla";"Reta";"Sim";1;0;1;0;0;0;1;1;-23,43608315;-46,42805094;"SPRF-SP";"DEL01-SP";"UOP01-DEL01-SP"
389807;2021-10-15;"sexta-feira";"11:20:00";"PR";369;187;"ARAPONGAS";"Reação tardia ou ineficiente do condutor";"Colisão traseira";"Sem Vítimas";"Pleno dia";"Crescente";"Garoa/Chuvisco";"Simples";"Reta";"Sim";2;0;0;0;2;0;0;2;-23,42513366;-51,42391205;"SPRF-PR";"DEL07-PR";"UOP02-DEL07-PR"
389808;2021-10-08;"sexta-feira";"08:05:00";"PR";0;0;"FOZ DO IGUACU";"Ausência de reação do condutor";"Colisão traseira";"Com Vítimas Feridas";"Pleno dia";"Não Informado";"Nublado";"Dupla";"Reta";"Sim";2;0;0;1;1;0;1;2;-25,50527317;-54,58432674;"SPRF-PR";"DEL05-PR";"UOP03-DEL05-PR"
389809;2021-10-15;"sexta-feira";"11:20:00";"RJ";116;170,8;"SAO JOAO DE MERITI";"Reação tardia ou ineficiente do condutor";"Colisão traseira";"Com Vítimas Feridas";"Pleno dia";"Crescente";"Nublado";"Dupla";"Reta";"Não";4;0;1;0;3;0;1;2;-22,81113183;-43,3336729;"SPRF-RJ";"DEL01-RJ";"UOP02-DEL01-RJ"
389810;2021-10-15;"sexta-feira";"12:10:00";"PR";277;58,2;"SAO JOSE DOS PINHAIS";"Chuva";"Engavetamento";"Com Vítimas Feridas";"Pleno dia";"Decrescente";"Chuva";"Dupla";"Reta";"Não";6;0;2;0;4;0;2;4;-25,55978725;-49,01790619;"SPRF-PR";"DEL01-PR";"UOP05-DEL01-PR"
389811;2021-10-15;"sexta-feira";"10:50:00";"AM";174;898;"MANAUS";"Demais falhas mecânicas ou elétricas";"Tombamento";"Com Vítimas Feridas";"Pleno dia";"Decrescente";"Sol";"Simples";"Curva";"Não";2;0;2;0;0;0;2;1;-2,85248508;-60,03576584;"SPRF-AM";"DEL01-AM";"UOP01-DEL01-AM"
389813;2021-10-15;"sexta-feira";"11:50:00";"RO";319;64;"PORTO VELHO";"Condutor deixou de manter distância do veículo da frente";"Colisão traseira";"Com Vítimas Feridas";"Pleno dia";"Crescente";"Céu Claro";"Múltipla";"Reta";"Sim";8;0;1;0;7;0;1;4;-8,76800684;-63,8841784;"SPRF-RO";"DEL01-RO";"UOP01-DEL01-RO"
389814;2021-10-15;"sexta-feira";"07:30:00";"MG";262;672,7;"IBIA";"Mal súbito do condutor";"Saída de leito carroçável";"Com Vítimas Feridas";"Pleno dia";"Decrescente";"Nublado";"Simples";"Reta";"Não";1;0;1;0;0;0;1;1;-19,54237917;-46,81612789;"SPRF-MG";"DEL08-MG";"UOP01-DEL08-MG"
389817;2021-10-15;"sexta-feira";"12:30:00";"SC";101;212,9;"PALHOCA";"Condutor deixou de manter distância do veículo da frente";"Colisão lateral mesmo sentido";"Com Vítimas Feridas";"Pleno dia";"Decrescente";"Chuva";"Múltipla";"Em Obras";"Não";2;0;0;1;1;0;1;2;-27,62996929;-48,65903871;"SPRF-SC";"DEL01-SC";"UOP02-DEL01-SC"
389818;2021-10-15;"sexta-feira";"12:40:00";"ES";101;367,9;"ANCHIETA";"Condutor deixou de manter distância do veículo da frente";"Colisão traseira";"Com Vítimas Feridas";"Pleno dia";"Decrescente";"Nublado";"Simples";"Reta";"Não";2;0;1;0;1;0;1;2;-20,74480799;-40,7602114;"SPRF-ES";"DEL03-ES";"UOP01-DEL03-ES"
389822;2021-10-11;"segunda-feira";"15:00:00";"BA";101;196;"CONCEICAO DA FEIRA";"Ultrapassagem Indevida";"Colisão frontal";"Com Vítimas Feridas";"Pleno dia";"Decrescente";"Céu Claro";"Simples";"Reta";"Não";3;0;2;0;1;0;2;2;-12,59679696;-39,038245;"SPRF-BA";"DEL01-BA";"UOP03-DEL01-BA"
389823;2021-10-15;"sexta-feira";"13:30:00";"SP";116;188,8;"SANTA ISABEL";"Ausência de reação do condutor";"Queda de ocupante de veículo";"Com Vítimas Feridas";"Pleno dia";"Crescente";"Céu Claro";"Dupla";"Reta";"Não";1;0;1;0;0;0;1;1;-23,3594352;-46,21675791;"SPRF-SP";"DEL01-SP";"UOP01-DEL01-SP"
389824;2021-10-15;"sexta-feira";"13:25:00";"RJ";40;105;"DUQUE DE CAXIAS";"Pedestre cruzava a pista fora da faixa";"Atropelamento de Pedestre";"Com Vítimas Feridas";"Pleno dia";"Crescente";"Céu Claro";"Múltipla";"Reta";"Sim";2;0;1;0;1;0;1;2;-22,63784806;-43,28428824;"SPRF-RJ";"DEL01-RJ";"UOP01-DEL01-RJ"
389826;2021-10-15;"sexta-feira";"14:00:00";"TO";153;102;"WANDERLANDIA";"Reação tardia ou ineficiente do condutor";"Colisão frontal";"Com Vítimas Feridas";"Pleno dia";"Decrescente";"Chuva";"Simples";"Reta";"Não";4;0;4;0;0;0;4;2;-6,90546032;-48,03457736;"SPRF-TO";"DEL02-TO";"UOP01-DEL02-TO"
389827;2021-10-15;"sexta-feira";"11:50:00";"PA";163;1005;"SANTAREM";"Condutor deixou de manter distância do veículo da frente";"Engavetamento";"Sem Vítimas";"Pleno dia";"Decrescente";"Céu Claro";"Dupla";"Reta";"Sim";4;0;0;0;3;1;0;4;-2,42943608;-54,73462738;"SPRF-PA";"DEL05-PA";"UOP01-DEL05-PA"
389829;2021-10-15;"sexta-feira";"12:45:00";"RO";319;63;"PORTO VELHO";"Ausência de sinalização";"Colisão transversal";"Com Vítimas Feridas";"Pleno dia";"Crescente";"Céu Claro";"Dupla";"Reta";"Sim";2;0;1;0;1;0;1;2;-8,75867568;-63,88615251;"SPRF-RO";"DEL01-RO";"UOP01-DEL01-RO"
389830;2021-10-15;"sexta-feira";"13:30:00";"RS";153;52;"ERECHIM";"Condutor deixou de manter distância do veículo da frente";"Colisão traseira";"Sem Vítimas";"Pleno dia";"Decrescente";"Chuva";"Simples";"Rotatória";"Sim";2;0;0;0;2;0;0;2;-27,66693813;-52,29069167;"SPRF-RS";"DEL08-RS";"UOP04-DEL08-RS"
389831;2021-10-15;"sexta-feira";"14:00:00";"PR";116;44;"CAMPINA GRANDE DO SUL";"Chuva";"Saída de leito carroçável";"Com Vítimas Feridas";"Pleno dia";"Crescente";"Chuva";"Dupla";"Declive;Curva";"Não";3;0;3;0;0;0;3;1;-25,19240923;-48,88762593;"SPRF-PR";"DEL01-PR";"UOP02-DEL01-PR"
389832;2021-10-15;"sexta-feira";"14:20:00";"SC";101;119;"ITAJAI";"Manobra de mudança de faixa";"Colisão traseira";"Com Vítimas Feridas";"Pleno dia";"Decrescente";"Chuva";"Dupla";"Reta";"Sim";3;0;1;0;2;0;1;3;-26,9043179;-48,71555481;"SPRF-SC";"DEL04-SC";"UOP04-DEL04-SC"
389833;2021-10-15;"sexta-feira";"14:30:00";"SP";116;121,2;"CACAPAVA";"Manobra de mudança de faixa";"Colisão com objeto";"Com Vítimas Feridas";"Pleno dia";"Decrescente";"Céu Claro";"Dupla";"Reta";"Não";1;0;1;0;0;0;1;1;-23,07631169;-45,65337222;"SPRF-SP";"DEL02-SP";"UOP02-DEL02-SP"
389834;2021-10-15;"sexta-feira";"14:25:00";"RS";116;302;"GUAIBA";"Acesso irregular";"Colisão transversal";"Com Vítimas Feridas";"Pleno dia";"Crescente";"Chuva";"Dupla";"Reta";"Não";2;0;0;1;1;0;1;2;-30,13970487;-51,35942618;"SPRF-RS";"DEL02-RS";"UOP01-DEL02-RS"
389835;2021-10-15;"sexta-feira";"14:20:00";"SC";470;141;"RIO DO SUL";"Condutor deixou de manter distância do veículo da frente";"Colisão traseira";"Com Vítimas Feridas";"Pleno dia";"Crescente";"Chuva";"Simples";"Curva";"Não";2;0;1;0;1;0;1;2;-27,226065;-49,666161;"SPRF-SC";"DEL04-SC";"UOP02-DEL04-SC"
389836;2021-10-01;"sexta-feira";"17:35:00";"PR";369;194,6;"ARAPONGAS";"Manobra de mudança de faixa";"Colisão transversal";"Com Vítimas Feridas";"Anoitecer";"Decrescente";"Garoa/Chuvisco";"Dupla";"Interseção de Vias;Curva;Retorno Regulamentado";"Não";2;0;0;1;1;0;1;2;-23,4908151;-51,4235645;"SPRF-PR";"DEL07-PR";"UOP02-DEL07-PR"
389838;2021-10-15;"sexta-feira";"13:40:00";"MG";381;487;"BETIM";"Ausência de reação do condutor";"Tombamento";"Com Vítimas Feridas";"Pleno dia";"Crescente";"Céu Claro";"Múltipla";"Reta";"Sim";2;0;1;0;1;0;1;2;-19,95785975;-44,12006378;"SPRF-MG";"DEL01-MG";"UOP03-DEL01-MG"
389839;2021-10-15;"sexta-feira";"14:00:00";"CE";116;65,5;"CHOROZINHO";"Acessar a via sem observar a presença dos outros veículos";"Colisão lateral mesmo sentido";"Com Vítimas Feridas";"Pleno dia";"Crescente";"Céu Claro";"Simples";"Reta";"Não";3;0;1;0;2;0;1;1;-4,28986706;-38,49688277;"SPRF-CE";"DEL03-CE";"UOP02-DEL03-CE"
389841;2021-10-15;"sexta-feira";"15:00:00";"PR";277;8;"PARANAGUA";"Ingestão de álcool pelo condutor";"Colisão com objeto";"Sem Vítimas";"Pleno dia";"Crescente";"Chuva";"Dupla";"Reta";"Não";1;0;0;0;1;0;0;1;-25,568198;-48,615292;"SPRF-PR";"DEL01-PR";"UOP05-DEL01-PR"
389846;2021-10-15;"sexta-feira";"07:54:00";"MG";116;414,4;"GOVERNADOR VALADARES";"Condutor deixou de manter distância do veículo da frente";"Colisão transversal";"Com Vítimas Feridas";"Pleno dia";"Crescente";"Nublado";"Dupla";"Reta";"Sim";3;0;1;0;2;0;1;3;-18,88102703;-41,95910802;"SPRF-MG";"DEL06-MG";"UOP01-DEL06-MG"
389847;2021-10-15;"sexta-feira";"15:00:00";"SC";470;48,7;"BLUMENAU";"Reação tardia ou ineficiente do condutor";"Tombamento";"Com Vítimas Feridas";"Pleno dia";"Decrescente";"Garoa/Chuvisco";"Simples";"Reta;Em Obras";"Sim";1;0;1;0;0;0;1;1;-26,8597288;-49,06231437;"SPRF-SC";"DEL04-SC";"UOP01-DEL04-SC"
389849;2021-10-15;"sexta-feira";"15:30:00";"SC";470;45;"GASPAR";"Acessar a via sem observar a presença dos outros veículos";"Colisão transversal";"Com Vítimas Feridas";"Pleno dia";"Crescente";"Chuva";"Simples";"Interseção de Vias";"Não";2;0;2;0;0;0;2;2;-26,867064;-49,031109;"SPRF-SC";"DEL04-SC";"UOP01-DEL04-SC"
389853;2021-10-15;"sexta-feira";"15:20:00";"PE";101;10,1;"JABOATAO DOS GUARARAPES";"Condutor deixou de manter distância do veículo da frente";"Colisão traseira";"Sem Vítimas";"Pleno dia";"Crescente";"Céu Claro";"Dupla";"Reta";"Sim";5;0;0;0;5;0;0;3;-8,078812;-34,983499;"SPRF-PE";"DEL01-PE";"UOP02-DEL01-PE"
389857;2021-10-15;"sexta-feira";"16:40:00";"SC";101;131;"BALNEARIO CAMBORIU";"Condutor deixou de manter distância do veículo da frente";"Colisão lateral mesmo sentido";"Com Vítimas Feridas";"Pleno dia";"Crescente";"Céu Claro";"Simples";"Reta";"Sim";2;0;1;0;1;0;1;2;-26,99064209;-48,66310912;"SPRF-SC";"DEL04-SC";"UOP03-DEL04-SC"