"id";"data_inversa";"dia_semana";"horario";"uf";"br";"km";"municipio";"causa_acidente";"tipo_acidente";"classificacao_acidente";"fase_dia";"sentido_via";"condicao_metereologica";"tipo_pista";"tracado_via";"uso_solo";"pessoas";"mortos";"feridos_leves";"feridos_graves";"ilesos";"ignorados";"feridos";"veiculos";"latitude";"longitude";"regional";"delegacia";"uop"
389858;2021-10-15;"sexta-feira";"16:40:00";"PR";369;158;"CAMBE";"Reação tardia ou ineficiente do condutor";"Colisão traseira";"Com Vítimas Feridas";"Anoitecer";"Crescente";"Chuva";"Dupla";"Reta";"Sim";3;0;1;0;2;0;1;2;-23,28490954;-51,23991836;"SPRF-PR";"DEL07-PR";"UOP01-DEL07-PR"
389860;2021-10-15;"sexta-feira";"17:05:00";"SC";280;49;"GUARAMIRIM";"Pista Escorregadia";"Colisão frontal";"Com Vítimas Feridas";"Pleno dia";"Decrescente";"Chuva";"Simples";"Reta";"Sim";3;0;2;0;1;0;2;2;-26,460981;-48,941936;"SPRF-SC";"DEL03-SC";"UOP03-DEL03-SC"
389861;2021-10-15;"sexta-feira";"17:10:00";"PR";277;32,2;"MORRETES";"Chuva";"Saída de leito carroçável";"Sem Vítimas";"Pleno dia";"Crescente";"Chuva";"Dupla";"Curva;Aclive";"Não";1;0;0;0;1;0;0;1;-25,56009697;-48,81568909;"SPRF-PR";"DEL01-PR";"UOP05-DEL01-PR"
389863;2021-10-15;"sexta-feira";"17:45:00";"SP";101;50,5;"UBATUBA";"Reação tardia ou ineficiente do condutor";"Colisão transversal";"Com Vítimas Feridas";"Anoitecer";"Crescente";"Chuva";"Simples";"Reta";"Sim";4;0;1;0;2;1;1;3;-23,45018939;-45,07743735;"SPRF-SP";"DEL06-SP";"UOP01-DEL06-SP"
389865;2021-10-15;"sexta-feira";"17:34:00";"RS";116;147,2;"CAXIAS DO SUL";"Ausência de reação do condutor";"Colisão traseira";"Com Vítimas Feridas";"Anoitecer";"Decrescente";"Chuva";"Dupla";"Reta";"Sim";4;0;1;0;3;0;1;3;-29,14908014;-51,1429969;"SPRF-RS";"DEL05-RS";"UOP01-DEL05-RS"
389867;2021-10-15;"sexta-feira";"17:30:00";"ES";447;13;"VILA VELHA";"Demais falhas mecânicas ou elétricas";"Queda de ocupante de veículo";"Com Vítimas Feridas";"Anoitecer";"Crescente";"Nublado";"Dupla";"Reta";"Sim";1;0;0;1;0;0;1;1;-20,35784325;-40,3328294;"SPRF-ES";"DEL01-ES";"UOP01-DEL01-ES"
389869;2021-10-15;"sexta-feira";"14:50:00";"SP";381;60;"MAIRIPORA";"Condutor deixou de manter distância do veículo da frente";"Colisão traseira";"Com Vítimas Feridas";"Pleno dia";"Decrescente";"Nublado";"Dupla";"Curva";"Não";2;0;2;0;0;0;2;1;-23,28957673;-46,58729853;"SPRF-SP";"DEL03-SP";"UOP01-DEL03-SP"
389870;2021-10-15;"sexta-feira";"16:00:00";"RS";101;22;"TRES CACHOEIRAS";"Acessar a via sem observar a presença dos outros veículos";"Colisão lateral mesmo sentido";"Com Vítimas Feridas";"Pleno dia";"Crescente";"Garoa/Chuvisco";"Dupla";"Rotatória";"Sim";5;0;1;0;4;0;1;2;-29,4398072;-49,90113887;"SPRF-RS";"DEL03-RS";"UOP02-DEL03-RS"
389871;2021-10-15;"sexta-feira";"17:30:00";"PB";230;23;"JOAO PESSOA";"Velocidade Incompatível";"Colisão traseira";"Com Vítimas Feridas";"Plena Noite";"Crescente";"Céu Claro";"Dupla";"Reta";"Sim";2;0;1;0;1;0;1;2;-7,1562;-34,8574;"SPRF-PB";"DEL01-PB";"UOP01-DEL01-PB"
389872;2021-10-15;"sexta-feira";"17:55:00";"RS";116;304,3;"GUAIBA";"Ausência de reação do condutor";"Colisão traseira";"Com Vítimas Feridas";"Anoitecer";"Crescente";"Garoa/Chuvisco";"Simples";"Reta";"Não";2;0;1;0;1;0;1;2;-30,15531808;-51,3705139;"SPRF-RS";"DEL02-RS";"UOP01-DEL02-RS"
389874;2021-10-15;"sexta-feira";"16:50:00";"SC";101;7;"GARUVA";"Entrada inopinada do pedestre";"Atropelamento de Pedestre";"Com Vítimas Feridas";"Pleno dia";"Decrescente";"Chuva";"Dupla";"Reta";"Sim";2;0;1;0;1;0;1;2;-26,03593;-48,860302;"SPRF-SC";"DEL03-SC";"UOP01-DEL03-SC"
389875;2021-10-15;"sexta-feira";"15:05:00";"MS";163;525,4;"JARAGUARI";"Acumulo de água sobre o pavimento";"Saída de leito carroçável";"Com Vítimas Feridas";"Pleno dia";"Crescente";"Chuva";"Simples";"Curva";"Sim";4;0;2;2;0;0;4;1;-20,11771994;-54,44386163;"SPRF-MS";"DEL01-MS";"UOP02-DEL01-MS"
389876;2021-09-26;"domingo";"22:45:00";"RJ";40;105;"DUQUE DE CAXIAS";"Reação tardia ou ineficiente do condutor";"Colisão frontal";"Sem Vítimas";"Plena Noite";"Crescente";"Céu Claro";"Simples";"Viaduto";"Sim";2;0;0;0;2;0;0;2;-22,63784806;-43,28428824;"SPRF-RJ";"DEL01-RJ";"UOP01-DEL01-RJ"
389877;2021-10-15;"sexta-feira";"14:00:00";"CE";20;84;"TAUA";"Reação tardia ou ineficiente do condutor";"Colisão transversal";"Sem Vítimas";"Pleno dia";"Crescente";"Céu Claro";"Simples";"Reta";"Sim";2;0;0;0;1;1;0;2;-6,00124494;-40,28030806;"SPRF-CE";"DEL02-CE";"UOP02-DEL02-CE"
389878;2021-10-15;"sexta-feira";"10:50:00";"AC";364;223;"SENA MADUREIRA";"Pista esburacada";"Saída de leito carroçável";"Com Vítimas Feridas";"Pleno dia";"Decrescente";"Céu Claro";"Simples";"Declive";"Não";2;0;1;0;1;0;1;1;-9,4350913;-68,40489136;"SPRF-AC";"DEL01-AC";"UOP01-DEL01-AC"
389879;2021-10-15;"sexta-feira";"18:20:00";"PE";101;51,3;"ABREU E LIMA";"Trafegar com motocicleta (ou similar) entre as faixas";"Queda de ocupante de veículo";"Com Vítimas Feridas";"Plena Noite";"Crescente";"Céu Claro";"Dupla";"Curva";"Sim";1;0;1;0;0;0;1;1;-7,9169968;-34,89689272;"SPRF-PE";"DEL01-PE";"UOP02-DEL01-PE"
389881;2021-10-15;"sexta-feira";"18:25:00";"DF";40;0,2;"BRASILIA";"Ausência de reação do condutor";"Colisão traseira";"Com Vítimas Feridas";"Plena Noite";"Crescente";"Céu Claro";"Dupla";"Reta";"Não";2;0;1;0;1;0;1;2;-15,976897;-47,990129;"SPRF-DF";"DEL01-DF";"UOP01-DEL01-DF"
389882;2021-10-15;"sexta-feira";"18:45:00";"SC";101;202,2;"SAO JOSE";"Manobra de mudança de faixa";"Queda de ocupante de veículo";"Com Vítimas Feridas";"Plena Noite";"Crescente";"Chuva";"Múltipla";"Reta";"Sim";1;0;1;0;0;0;1;1;-27,55711595;-48,61897889;"SPRF-SC";"DEL01-SC";"UOP01-DEL01-SC"
389884;2021-08-21;"sábado";"19:50:00";"PI";316;13;"TERESINA";"Reação tardia ou ineficiente do condutor";"Saída de leito carroçável";"Com Vítimas Feridas";"Plena Noite";"Crescente";"Céu Claro";"Dupla";"Curva";"Sim";1;0;0;1;0;0;1;1;-5,2096314;-42,75526995;"SPRF-PI";"DEL01-PI";"UOP02-DEL01-PI"
389886;2021-10-15;"sexta-feira";"18:30:00";"PR";376;651;"TIJUCAS DO SUL";"Chuva";"Colisão com objeto";"Sem Vítimas";"Plena Noite";"Decrescente";"Chuva";"Dupla";"Curva";"Não";2;0;0;0;2;0;0;1;-25,84603921;-49,06959377;"SPRF-PR";"DEL01-PR";"UOP04-DEL01-PR"
389887;2021-10-15;"sexta-feira";"19:00:00";"PB";230;21;"JOAO PESSOA";"Ausência de reação do condutor";"Colisão traseira";"Com Vítimas Feridas";"Plena Noite";"Crescente";"Céu Claro";"Dupla";"Reta";"Não";2;0;1;0;1;0;1;2;-7,1415;-34,8519;"SPRF-PB";"DEL01-PB";"UOP01-DEL01-PB"
389888;2021-10-15;"sexta-feira";"18:20:00";"RO";364;342,8;"JI-PARANA";"Condutor deixou de manter distância do veículo da frente";"Colisão traseira";"Com Vítimas Feridas";"Plena Noite";"Crescente";"Céu Claro";"Múltipla";"Aclive";"Sim";2;0;1;0;1;0;1;2;-10,88008939;-61,94340706;"SPRF-RO";"DEL02-RO";"UOP01-DEL02-RO"
389889;2021-10-15;"sexta-feira";"18:35:00";"SC";470;124,8;"LONTRAS";"Ausência de reação do condutor";"Colisão frontal";"Com Vítimas Feridas";"Anoitecer";"Crescente";"Chuva";"Simples";"Reta";"Não";3;0;3;0;0;0;3;2;-27,113192;-49,529163;"SPRF-SC";"DEL04-SC";"UOP02-DEL04-SC"
389890;2021-10-15;"sexta-feira";"16:00:00";"BA";101;221;"CRUZ DAS ALMAS";"Conversão proibida";"Colisão lateral mesmo sentido";"Com Vítimas Feridas";"Pleno dia";"Decrescente";"Sol";"Simples";"Reta";"Sim";3;0;1;0;2;0;1;2;-12,66450488;-39,12921494;"SPRF-BA";"DEL01-BA";"UOP02-DEL01-BA"
389891;2021-10-15;"sexta-feira";"19:20:00";"SP";153;177;"LINS";"Chuva";"Tombamento";"Com Vítimas Feridas";"Plena Noite";"Decrescente";"Vento";"Simples";"Reta";"Não";1;0;1;0;0;0;1;1;-21,65677102;-49,78915671;"SPRF-SP";"DEL07-SP";"UOP01-DEL07-SP"
389893;2021-10-15;"sexta-feira";"16:50:00";"PR";376;213,2;"MANDAGUARI";"Acumulo de água sobre o pavimento";"Colisão traseira";"Com Vítimas Fatais";"Pleno dia";"Decrescente";"Chuva";"Dupla";"Curva";"Não";2;1;0;0;1;0;0;2;-23,5808343;-51,65143895;"SPRF-PR";"DEL09-PR";"UOP01-DEL09-PR"
389894;2021-10-15;"sexta-feira";"18:40:00";"RJ";356;19,9;"ITAPERUNA";"Acessar a via sem observar a presença dos outros veículos";"Colisão transversal";"Com Vítimas Feridas";"Anoitecer";"Decrescente";"Céu Claro";"Simples";"Reta";"Não";3;0;0;1;2;0;1;2;-21,175736;-42,011307;"SPRF-RJ";"DEL08-RJ";"UOP03-DEL08-RJ"
389895;2021-10-15;"sexta-feira";"19:15:00";"RS";153;620;"BAGE";"Condutor deixou de manter distância do veículo da frente";"Colisão traseira";"Com Vítimas Feridas";"Plena Noite";"Crescente";"Chuva";"Simples";"Reta";"Não";3;0;2;0;1;0;2;2;-31,3182425;-53,95351115;"SPRF-RS";"DEL11-RS";"UOP03-DEL11-RS"
389896;2021-10-15;"sexta-feira";"19:10:00";"TO";153;695,3;"CARIRI DO TOCANTINS";"Ultrapassagem Indevida";"Colisão frontal";"Com Vítimas Feridas";"Plena Noite";"Crescente";"Nublado";"Simples";"Reta";"Não";4;0;4;0;0;0;4;2;-11,91192015;-49,1761127;"SPRF-TO";"DEL01-TO";"UOP02-DEL01-TO"
389897;2021-10-15;"sexta-feira";"19:25:00";"PA";230;120;"MARABA";"Reação tardia ou ineficiente do condutor";"Colisão traseira";"Com Vítimas Feridas";"Plena Noite";"Crescente";"Céu Claro";"Dupla";"Reta;Ponte";"Sim";4;0;1;1;2;0;2;2;-5,35038318;-49,11434;"SPRF-PA";"DEL03-PA";"UOP01-DEL03-PA"
389898;2021-10-15;"sexta-feira";"19:55:00";"SP";116;317,9;"JUQUITIBA";"Pedestre andava na pista";"Atropelamento de Pedestre";"Com Vítimas Feridas";"Plena Noite";"Crescente";"Garoa/Chuvisco";"Dupla";"Reta";"Não";2;0;0;1;0;1;1;2;-23,91799802;-46,98973192;"SPRF-SP";"DEL04-SP";"UOP01-DEL04-SP"
389899;2021-10-15;"sexta-feira";"19:30:00";"PB";230;465,6;"SOUSA";"Animais na Pista";"Atropelamento de Animal";"Com Vítimas Feridas";"Plena Noite";"Crescente";"Céu Claro";"Simples";"Reta";"Sim";1;0;0;1;0;0;1;1;-6,7791;-38,2438;"SPRF-PB";"DEL03-PB";"UOP03-DEL03-PB"
389901;2021-10-15;"sexta-feira";"20:18:00";"GO";40;15;"LUZIANIA";"Ausência de reação do condutor";"Tombamento";"Com Vítimas Feridas";"Plena Noite";"Crescente";"Nublado";"Dupla";"Reta;Aclive";"Não";1;0;0;1;0;0;1;1;-16,1671;-47,930161;"SPRF-DF";"DEL01-DF";"UOP01-DEL01-DF"
389902;2021-10-15;"sexta-feira";"17:20:00";"PR";467;99,9;"CASCAVEL";"Objeto estático sobre o leito carroçável";"Saída de leito carroçável";"Com Vítimas Feridas";"Pleno dia";"Decrescente";"Garoa/Chuvisco";"Dupla";"Aclive";"Não";3;0;1;1;1;0;2;2;-24,8931;-53,5442;"SPRF-PR";"DEL04-PR";"UOP01-DEL04-PR"
389903;2021-10-15;"sexta-feira";"20:37:00";"PR";369;149;"LONDRINA";"Entrada inopinada do pedestre";"Atropelamento de Pedestre";"Com Vítimas Fatais";"Plena Noite";"Decrescente";"Nublado";"Dupla";"Declive;Reta";"Sim";4;1;0;0;1;2;0;2;-23,293019;-51,152599;"SPRF-PR";"DEL07-PR";"UOP01-DEL07-PR"
389905;2021-10-15;"sexta-feira";"17:50:00";"PR";153;86,5;"CONSELHEIRO MAIRINCK";"Acumulo de água sobre o pavimento";"Saída de leito carroçável";"Sem Vítimas";"Anoitecer";"Decrescente";"Chuva";"Simples";"Curva";"Não";1;0;0;0;1;0;0;1;-23,65668501;-50,1531319;"SPRF-PR";"DEL07-PR";"UOP04-DEL07-PR"
389909;2021-10-15;"sexta-feira";"18:50:00";"SC";280;57,5;"GUARAMIRIM";"Condutor deixou de manter distância do veículo da frente";"Colisão traseira";"Com Vítimas Feridas";"Plena Noite";"Decrescente";"Chuva";"Simples";"Rotatória";"Não";2;0;1;0;1;0;1;2;-26,47811421;-49,01259213;"SPRF-SC";"DEL03-SC";"UOP03-DEL03-SC"
389910;2021-10-15;"sexta-feira";"19:50:00";"MG";50;206,5;"DELTA";"Condutor deixou de manter distância do veículo da frente";"Colisão traseira";"Com Vítimas Feridas";"Plena Noite";"Decrescente";"Nublado";"Dupla";"Reta";"Não";2;0;1;0;1;0;1;2;-19,92627147;-47,82191068;"SPRF-MG";"DEL13-MG";"UOP01-DEL13-MG"
389911;2021-10-15;"sexta-feira";"18:30:00";"SC";470;0,7;"GASPAR";"Acessar a via sem observar a presença dos outros veículos";"Colisão transversal";"Com Vítimas Feridas";"Plena Noite";"Decrescente";"Nublado";"Simples";"Reta";"Sim";3;0;1;1;1;0;2;2;-26,9198328;-48,95923529;"SPRF-SC";"DEL04-SC";"UOP01-DEL04-SC"
389913;2021-10-15;"sexta-feira";"21:20:00";"MG";116;71,8;"MEDINA";"Ausência de reação do condutor";"Tombamento";"Com Vítimas Feridas";"Plena Noite";"Crescente";"Céu Claro";"Simples";"Reta";"Não";1;0;0;1;0;0;1;1;-16,218353;-41,471413;"SPRF-MG";"DEL11-MG";"UOP02-DEL11-MG"
389914;2021-10-15;"sexta-feira";"20:45:00";"CE";116;19;"ITAITINGA";"Avarias e/ou desgaste excessivo no pneu";"Tombamento";"Com Vítimas Feridas";"Plena Noite";"Crescente";"Céu Claro";"Dupla";"Reta";"Não";2;0;2;0;0;0;2;1;-3,91384397;-38,50667231;"SPRF-CE";"DEL01-CE";"UOP02-DEL01-CE"
389916;2021-10-15;"sexta-feira";"21:30:00";"SC";101;188,9;"BIGUACU";"Demais falhas mecânicas ou elétricas";"Queda de ocupante de veículo";"Com Vítimas Feridas";"Plena Noite";"Decrescente";"Nublado";"Múltipla";"Reta";"Sim";2;0;2;0;0;0;2;1;-27,45123421;-48,63370766;"SPRF-SC";"DEL01-SC";"UOP01-DEL01-SC"
389919;2021-10-15;"sexta-feira";"18:40:00";"PR";376;309,1;"ORTIGUEIRA";"Entrada inopinada do pedestre";"Atropelamento de Pedestre";"Com Vítimas Feridas";"Plena Noite";"Crescente";"Garoa/Chuvisco";"Dupla";"Curva";"Não";2;0;0;1;1;0;1;2;-23,959498;-51,113711;"SPRF-PR";"DEL07-PR";"UOP02-DEL07-PR"
389920;2021-10-15;"sexta-feira";"21:20:00";"PR";116;57;"CAMPINA GRANDE DO SUL";"Pista Escorregadia";"Saída de leito carroçável";"Com Vítimas Feridas";"Plena Noite";"Crescente";"Chuva";"Dupla";"Reta;Aclive";"Não";3;0;1;0;2;0;1;1;-25,28847066;-48,9329365;"SPRF-PR";"DEL01-PR";"UOP02-DEL01-PR"
389923;2021-10-15;"sexta-feira";"21:10:00";"RJ";116;188;"NOVA IGUACU";"Ingestão de álcool pelo condutor";"Colisão lateral mesmo sentido";"Com Vítimas Feridas";"Plena Noite";"Decrescente";"Céu Claro";"Múltipla";"Reta";"Não";2;0;1;0;0;1;1;2;-22,7380709;-43,48213999;"SPRF-RJ";"DEL01-RJ";"UOP02-DEL01-RJ"
389924;2021-10-15;"sexta-feira";"22:30:00";"MG";381;505,9;"BETIM";"Ingestão de álcool e/ou substâncias psicoativas pelo pedestre";"Colisão traseira";"Com Vítimas Feridas";"Plena Noite";"Decrescente";"Céu Claro";"Dupla";"Reta";"Sim";3;0;2;0;1;0;2;2;-20,04478441;-44,27276484;"SPRF-MG";"DEL01-MG";"UOP03-DEL01-MG"
389925;2021-10-15;"sexta-feira";"21:30:00";"SC";280;235;"CANOINHAS";"Acessar a via sem observar a presença dos outros veículos";"Colisão transversal";"Com Vítimas Feridas";"Plena Noite";"Crescente";"Garoa/Chuvisco";"Simples";"Interseção de Vias";"Sim";2;0;1;0;1;0;1;2;-26,19272022;-50,41668892;"SPRF-SC";"DEL06-SC";"UOP04-DEL06-SC"
389927;2021-10-15;"sexta-feira";"21:30:00";"MG";40;292,7;"TRES MARIAS";"Ingestão de álcool pelo condutor";"Colisão com objeto";"Com Vítimas Feridas";"Plena Noite";"Decrescente";"Céu Claro";"Dupla";"Reta";"Não";1;0;0;1;0;0;1;1;-18,28818271;-45,12852666;"SPRF-MG";"DEL14-MG";"UOP02-DEL14-MG"
389929;2021-10-15;"sexta-feira";"21:59:00";"RJ";116;189;"NOVA IGUACU";"Ingestão de álcool e/ou substâncias psicoativas pelo pedestre";"Colisão traseira";"Com Vítimas Feridas";"Plena Noite";"Decrescente";"Céu Claro";"Dupla";"Reta";"Não";2;0;1;0;1;0;1;2;-22,73765712;-43,49182298;"SPRF-RJ";"DEL01-RJ";"UOP02-DEL01-RJ"
389930;2021-10-15;"sexta-feira";"22:35:00";"RS";116;530;"CAPAO DO LEAO";"Chuva";"Colisão transversal";"Com Vítimas Feridas";"Plena Noite";"Decrescente";"Chuva";"Simples";"Interseção de Vias";"Não";2;0;1;0;1;0;1;2;-31,7590834;-52,43687971;"SPRF-RS";"DEL07-RS";"UOP01-DEL07-RS"
389931;2021-10-15;"sexta-feira";"22:18:00";"MG";40;790,1;"JUIZ DE FORA";"Ausência de reação do condutor";"Queda de ocupante de veículo";"Com Vítimas Feridas";"Plena Noite";"Crescente";"Céu Claro";"Dupla";"Reta";"Não";2;0;0;1;1;0;1;1;-21,77130707;-43,43618608;"SPRF-MG";"DEL05-MG";"UOP01-DEL05-MG"
389932;2021-10-15;"sexta-feira";"16:58:00";"MG";381;721,7;"CARMO DA CACHOEIRA";"Velocidade Incompatível";"Saída de leito carroçável";"Com Vítimas Feridas";"Pleno dia";"Crescente";"Céu Claro";"Dupla";"Curva";"Não";2;0;1;0;1;0;1;1;-21,46901694;-45,20581183;"SPRF-MG";"DEL04-MG";"UOP02-DEL04-MG"
389934;2021-10-15;"sexta-feira";"16:20:00";"GO";452;175;"ITUMBIARA";"Ingestão de álcool pelo condutor";"Colisão com objeto";"Com Vítimas Feridas";"Pleno dia";"Crescente";"Garoa/Chuvisco";"Simples";"Curva";"Não";1;0;1;0;0;0;1;1;-18,35117173;-49,38769586;"SPRF-GO";"DEL03-GO";"UOP02-DEL03-GO"
389938;2021-10-15;"sexta-feira";"22:40:00";"PA";316;89;"SAO FRANCISCO DO PARA";"Animais na Pista";"Atropelamento de Animal";"Sem Vítimas";"Plena Noite";"Crescente";"Céu Claro";"Simples";"Declive;Reta";"Não";1;0;0;0;1;0;0;1;-1,3179079;-47,70074398;"SPRF-PA";"DEL01-PA";"UOP02-DEL01-PA"
389951;2021-10-15;"sexta-feira";"23:30:00";"MG";381;486,7;"BETIM";"Acessar a via sem observar a presença dos outros veículos";"Colisão transversal";"Com Vítimas Feridas";"Plena Noite";"Crescente";"Céu Claro";"Múltipla";"Reta";"Sim";3;0;2;0;1;0;2;2;-19,95592351;-44,11628723;"SPRF-MG";"DEL01-MG";"UOP03-DEL01-MG"
389952;2021-10-15;"sexta-feira";"20:40:00";"SC";116;258;"CAPAO ALTO";"Ultrapassagem Indevida";"Colisão lateral sentido oposto";"Com Vítimas Feridas";"Plena Noite";"Crescente";"Chuva";"Simples";"Curva;Declive";"Não";3;0;1;0;2;0;1;2;-27,89324692;-50,42299606;"SPRF-SC";"DEL05-SC";"UOP02-DEL05-SC"
389960;2021-10-15;"sexta-feira";"23:45:00";"CE";116;3;"FORTALEZA";"Pista Escorregadia";"Tombamento";"Com Vítimas Feridas";"Plena Noite";"Crescente";"Céu Claro";"Simples";"Curva";"Sim";1;0;1;0;0;0;1;1;-3,77866493;-38,51490171;"SPRF-CE";"DEL01-CE";"UOP02-DEL01-CE"
389961;2021-10-15;"sexta-feira";"23:15:00";"CE";116;3;"FORTALEZA";"Pista Escorregadia";"Tombamento";"Com Vítimas Feridas";"Plena Noite";"Crescente";"Céu Claro";"Simples";"Curva";"Sim";1;0;1;0;0;0;1;1;-3,77919287;-38,51587772;"SPRF-CE";"DEL01-CE";"UOP02-DEL01-CE"
389964;2021-10-15;"sexta-feira";"23:35:00";"SP";116;288;"ITAPECERICA DA SERRA";"Ausência de reação do condutor";"Saída de leito carroçável";"Sem Vítimas";"Plena Noite";"Decrescente";"Chuva";"Dupla";"Reta";"Sim";1;0;0;0;1;0;0;1;-23,719254;-46,883144;"SPRF-SP";"DEL04-SP";"UOP01-DEL04-SP"
389965;2021-10-15;"sexta-feira";"22:30:00";"PR";277;125;"CAMPO LARGO";"Transitar na contramão";"Colisão lateral sentido oposto";"Sem Vítimas";"Plena Noite";"Decrescente";"Garoa/Chuvisco";"Dupla";"Reta";"Não";2;0;0;0;2;0;0;2;-25,44663809;-49,48877001;"SPRF-PR";"DEL01-PR";"UOP03-DEL03-PR"
389967;2021-10-16;"sábado";"00:05:00";"RS";101;22,3;"TRES CACHOEIRAS";"Reação tardia ou ineficiente do condutor";"Colisão traseira";"Com Vítimas Feridas";"Plena Noite";"Decrescente";"Chuva";"Dupla";"Reta";"Sim";3;0;1;0;2;0;1;2;-29,4398072;-49,90113887;"SPRF-RS";"DEL03-RS";"UOP02-DEL03-RS"
389968;2021-10-15;"sexta-feira";"22:25:00";"MG";262;34,3;"MANHUACU";"Ingestão de álcool pelo condutor";"Colisão com objeto";"Com Vítimas Feridas";"Plena Noite";"Decrescente";"Nublado";"Simples";"Reta";"Sim";1;0;1;0;0;0;1;1;-20,25692664;-42,01099203;"SPRF-MG";"DEL06-MG";"UOP03-DEL06-MG"
389970;2021-10-15;"sexta-feira";"23:40:00";"RS";293;245;"DOM PEDRITO";"Manobra de mudança de faixa";"Colisão frontal";"Com Vítimas Feridas";"Plena Noite";"Crescente";"Céu Claro";"Simples";"Reta";"Não";3;0;3;0;0;0;3;2;-30,99865523;-54,62054314;"SPRF-RS";"DEL11-RS";"UOP03-DEL11-RS"
389971;2021-10-16;"sábado";"01:00:00";"SC";101;201;"SAO JOSE";"Ingestão de álcool pelo condutor";"Saída de leito carroçável";"Sem Vítimas";"Plena Noite";"Crescente";"Nublado";"Múltipla";"Reta";"Sim";1;0;0;0;0;1;0;1;-27,54836599;-48,61977975;"SPRF-SC";"DEL01-SC";"UOP01-DEL01-SC"
389972;2021-10-16;"sábado";"04:45:00";"PR";277;70,5;"SAO JOSE DOS PINHAIS";"Ingestão de álcool pelo condutor";"Saída de leito carroçável";"Sem Vítimas";"Amanhecer";"Crescente";"Céu Claro";"Dupla";"Reta";"Sim";1;0;0;0;1;0;0;1;-25,53317957;-49,07969781;"SPRF-PR";"DEL01-PR";"UOP01-DEL01-PR"
389973;2021-10-15;"sexta-feira";"23:45:00";"MG";381;874,1;"ESTIVA";"Demais falhas mecânicas ou elétricas";"Incêndio";"Sem Vítimas";"Plena Noite";"Decrescente";"Chuva";"Dupla";"Reta";"Não";1;0;0;0;1;0;0;1;-22,45619351;-46,00792634;"SPRF-MG";"DEL16-MG";"UOP01-DEL16-MG"
389978;2021-10-15;"sexta-feira";"07:35:00";"BA";324;610;"SIMOES FILHO";"Manobra de mudança de faixa";"Colisão lateral mesmo sentido";"Com Vítimas Feridas";"Pleno dia";"Decrescente";"Céu Claro";"Dupla";"Reta";"Não";2;0;1;0;1;0;1;2;-12,82931703;-38,41113193;"SPRF-BA";"DEL01-BA";"UOP01-DEL01-BA"
389979;2021-10-16;"sábado";"01:50:00";"PR";476;130;"CURITIBA";"Velocidade Incompatível";"Colisão lateral mesmo sentido";"Com Vítimas Feridas";"Plena Noite";"Crescente";"Garoa/Chuvisco";"Dupla";"Reta";"Não";3;0;1;0;2;0;1;2;-25,449564;-49,236427;"SPRF-PR";"DEL01-PR";"UOP03-DEL01-PR"
389981;2021-10-15;"sexta-feira";"23:15:00";"SP";381;86;"SAO PAULO";"Acumulo de água sobre o pavimento";"Queda de ocupante de veículo";"Com Vítimas Feridas";"Plena Noite";"Decrescente";"Chuva";"Múltipla";"Reta";"Não";2;0;0;1;1;0;1;2;-23,45930499;-46,57161179;"SPRF-SP";"DEL03-SP";"UOP01-DEL03-SP"
389982;2021-10-16;"sábado";"03:30:00";"SC";101;213,7;"PALHOCA";"Ingestão de álcool pelo condutor";"Colisão transversal";"Com Vítimas Feridas";"Pleno dia";"Decrescente";"Céu Claro";"Simples";"Interseção de Vias";"Sim";3;0;3;0;0;0;3;2;-27,63697369;-48,66514142;"SPRF-SC";"DEL01-SC";"UOP02-DEL01-SC"
389984;2021-10-15;"sexta-feira";"22:12:00";"RS";290;9,8;"OSORIO";"Velocidade Incompatível";"Saída de leito carroçável";"Com Vítimas Feridas";"Plena Noite";"Crescente";"Chuva";"Múltipla";"Reta";"Não";3;0;2;0;1;0;2;1;-29,891584;-50,363377;"SPRF-RS";"DEL03-RS";"UOP01-DEL03-RS"
389985;2021-10-16;"sábado";"04:30:00";"MG";40;509;"RIBEIRAO DAS NEVES";"Condutor Dormindo";"Saída de leito carroçável";"Com Vítimas Feridas";"Plena Noite";"Crescente";"Ignorado";"Dupla";"Declive";"Sim";1;0;1;0;0;0;1;1;-19,74777213;-44,14726138;"SPRF-MG";"DEL01-MG";"UOP02-DEL01-MG"
389988;2021-10-16;"sábado";"03:20:00";"MG";381;938;"EXTREMA";"Acumulo de água sobre o pavimento";"Colisão com objeto";"Com Vítimas Feridas";"Plena Noite";"Crescente";"Chuva";"Dupla";"Reta";"Não";2;0;2;0;0;0;2;1;-22,83909203;-46,32850893;"SPRF-MG";"DEL16-MG";"UOP03-DEL16-MG"
389992;2021-10-16;"sábado";"05:00:00";"SP";116;304,1;"SAO LOURENCO DA SERRA";"Reação tardia ou ineficiente do condutor";"Colisão traseira";"Com Vítimas Feridas";"Amanhecer";"Crescente";"Nublado";"Dupla";"Reta";"Não";1;0;1;0;0;0;1;1;-23,835151;-46,92964497;"SPRF-SP";"DEL04-SP";"UOP01-DEL04-SP"
389995;2021-10-16;"sábado";"05:20:00";"SC";101;339,8;"TUBARAO";"Acessar a via sem observar a presença dos outros veículos";"Colisão traseira";"Com Vítimas Feridas";"Amanhecer";"Crescente";"Garoa/Chuvisco";"Dupla";"Reta";"Não";5;0;2;0;3;0;2;2;-28,49351117;-49,04178985;"SPRF-SC";"DEL02-SC";"UOP01-DEL02-SC"