"id";"data_inversa";"dia_semana";"horario";"uf";"br";"km";"municipio";"causa_acidente";"tipo_acidente";"classificacao_acidente";"fase_dia";"sentido_via";"condicao_metereologica";"tipo_pista";"tracado_via";"uso_solo";"pessoas";"mortos";"feridos_leves";"feridos_graves";"ilesos";"ignorados";"feridos";"veiculos";"latitude";"longitude";"regional";"delegacia";"uop"
389996;2021-10-16;"sábado";"04:40:00";"RS";386;345,3;"LAJEADO";"Ingestão de álcool pelo condutor";"Saída de leito carroçável";"Sem Vítimas";"Anoitecer";"Decrescente";"Chuva";"Dupla";"Reta";"Sim";1;0;0;0;1;0;0;1;-29,443069;-51,984135;"SPRF-RS";"DEL04-RS";"UOP01-DEL04-RS"
389997;2021-10-16;"sábado";"03:50:00";"PE";423;96,7;"GARANHUNS";"Condutor deixou de manter distância do veículo da frente";"Colisão traseira";"Sem Vítimas";"Amanhecer";"Crescente";"Céu Claro";"Simples";"Aclive";"Sim";2;0;0;0;0;2;0;2;-8,88021822;-36,48651678;"SPRF-PE";"DEL03-PE";"UOP01-DEL03-PE"
389998;2021-10-16;"sábado";"05:50:00";"SC";101;217;"PALHOCA";"Ingestão de álcool pelo condutor";"Colisão lateral mesmo sentido";"Sem Vítimas";"Amanhecer";"Decrescente";"Céu Claro";"Múltipla";"Reta";"Sim";2;0;0;0;2;0;0;2;-27,66779034;-48,67393586;"SPRF-SC";"DEL01-SC";"UOP02-DEL01-SC"
389999;2021-10-16;"sábado";"04:30:00";"GO";251;31;"CRISTALINA";"Iluminação deficiente";"Atropelamento de Animal";"Com Vítimas Feridas";"Plena Noite";"Crescente";"Céu Claro";"Simples";"Reta";"Não";1;0;0;1;0;0;1;1;-16,08983785;-47,51377366;"SPRF-DF";"DEL01-DF";"UOP01-DEL01-DF"
390001;2021-10-16;"sábado";"06:25:00";"PR";277;692;"SAO MIGUEL DO IGUACU";"Ingestão de álcool pelo condutor";"Saída de leito carroçável";"Sem Vítimas";"Pleno dia";"Crescente";"Garoa/Chuvisco";"Dupla";"Reta";"Não";1;0;0;0;0;1;0;1;-25,36774473;-54,26181715;"SPRF-PR";"DEL05-PR";"UOP01-DEL05-PR"
390002;2021-10-16;"sábado";"04:35:00";"BA";101;30,2;"ESPLANADA";"Reação tardia ou ineficiente do condutor";"Colisão traseira";"Com Vítimas Fatais";"Plena Noite";"Decrescente";"Céu Claro";"Dupla";"Declive";"Não";4;1;0;0;3;0;0;2;-11,78656982;-37,95020332;"SPRF-SE";"DEL02-SE";"UOP03-DEL02-SE"
390003;2021-10-16;"sábado";"02:30:00";"RJ";101;314;"SAO GONCALO";"Ausência de reação do condutor";"Queda de ocupante de veículo";"Com Vítimas Feridas";"Plena Noite";"Crescente";"Céu Claro";"Dupla";"Reta";"Sim";1;0;1;0;0;0;1;1;-22,81648739;-43,07728467;"SPRF-RJ";"DEL02-RJ";"UOP02-DEL02-RJ"
390004;2021-10-16;"sábado";"02:00:00";"PI";407;424;"PICOS";"Ausência de reação do condutor";"Colisão com objeto";"Sem Vítimas";"Plena Noite";"Crescente";"Céu Claro";"Simples";"Curva";"Não";1;0;0;0;1;0;0;1;-7,08690699;-41,42819598;"SPRF-PI";"DEL04-PI";"UOP01-DEL04-PI"
390005;2021-10-16;"sábado";"04:10:00";"PR";369;435,1;"UBIRATA";"Ingestão de álcool pelo condutor";"Colisão traseira";"Com Vítimas Fatais";"Plena Noite";"Decrescente";"Nevoeiro/Neblina";"Simples";"Reta;Aclive";"Não";2;1;1;0;0;0;1;2;-24,4843;-52,8875;"SPRF-PR";"DEL04-PR";"UOP03-DEL04-PR"
390007;2021-10-16;"sábado";"06:55:00";"BA";116;436;"FEIRA DE SANTANA";"Ausência de reação do condutor";"Queda de ocupante de veículo";"Com Vítimas Feridas";"Pleno dia";"Crescente";"Céu Claro";"Dupla";"Declive";"Não";1;0;1;0;0;0;1;1;-12,30097076;-39,03819619;"SPRF-BA";"DEL02-BA";"UOP01-DEL02-BA"
390009;2021-10-16;"sábado";"07:05:00";"RJ";116;122;"MAGE";"Ausência de reação do condutor";"Capotamento";"Com Vítimas Feridas";"Pleno dia";"Decrescente";"Chuva";"Dupla";"Reta";"Sim";1;0;0;1;0;0;1;1;-22,63509742;-43,05577963;"SPRF-RJ";"DEL04-RJ";"UOP02-DEL04-RJ"
390011;2021-10-16;"sábado";"05:00:00";"MS";163;394;"NOVA ALVORADA DO SUL";"Condutor deixou de manter distância do veículo da frente";"Colisão lateral mesmo sentido";"Sem Vítimas";"Amanhecer";"Crescente";"Garoa/Chuvisco";"Simples";"Reta";"Não";2;0;0;0;2;0;0;2;-21,21963803;-54,45847314;"SPRF-MS";"DEL02-MS";"UOP01-DEL02-MS"
390013;2021-10-16;"sábado";"06:15:00";"MG";381;778,4;"CAMPANHA";"Condutor Dormindo";"Colisão com objeto";"Com Vítimas Feridas";"Pleno dia";"Decrescente";"Chuva";"Dupla";"Curva";"Não";2;0;0;2;0;0;2;1;-21,83280868;-45,50064606;"SPRF-MG";"DEL16-MG";"UOP02-DEL16-MG"
390014;2021-10-16;"sábado";"06:50:00";"RJ";40;117;"DUQUE DE CAXIAS";"Condutor deixou de manter distância do veículo da frente";"Colisão traseira";"Com Vítimas Feridas";"Pleno dia";"Crescente";"Nublado";"Múltipla";"Reta";"Sim";2;0;1;0;1;0;1;2;-22,6744788;-43,2854256;"SPRF-RJ";"DEL01-RJ";"UOP01-DEL01-RJ"
390015;2021-10-16;"sábado";"07:00:00";"RS";116;148,3;"CAXIAS DO SUL";"Pista Escorregadia";"Colisão com objeto";"Com Vítimas Feridas";"Pleno dia";"Decrescente";"Garoa/Chuvisco";"Dupla";"Curva";"Sim";1;0;1;0;0;0;1;1;-29,15777364;-51,15152836;"SPRF-RS";"DEL05-RS";"UOP01-DEL05-RS"
390016;2021-10-16;"sábado";"07:30:00";"PR";369;147;"LONDRINA";"Desrespeitar a preferência no cruzamento";"Colisão transversal";"Com Vítimas Feridas";"Pleno dia";"Decrescente";"Céu Claro";"Dupla";"Reta";"Sim";3;0;1;0;2;0;1;2;-23,29333797;-51,1345768;"SPRF-PR";"DEL07-PR";"UOP01-DEL07-PR"
390017;2021-10-16;"sábado";"07:30:00";"MS";163;258,1;"DOURADOS";"Acessar a via sem observar a presença dos outros veículos";"Colisão transversal";"Com Vítimas Feridas";"Pleno dia";"Crescente";"Nublado";"Dupla";"Rotatória";"Não";2;0;1;0;1;0;1;2;-22,25839815;-54,78203773;"SPRF-MS";"DEL04-MS";"UOP01-DEL04-MS"
390018;2021-10-16;"sábado";"08:20:00";"SC";101;215,5;"PALHOCA";"Condutor deixou de manter distância do veículo da frente";"Colisão traseira";"Com Vítimas Feridas";"Pleno dia";"Decrescente";"Céu Claro";"Múltipla";"Curva;Declive;Desvio Temporário;Em Obras";"Sim";3;0;1;1;1;0;2;2;-27,65478476;-48,67803812;"SPRF-SC";"DEL01-SC";"UOP02-DEL01-SC"
390019;2021-10-16;"sábado";"10:35:00";"MG";50;78,9;"UBERLANDIA";"Ingestão de álcool e/ou substâncias psicoativas pelo pedestre";"Saída de leito carroçável";"Sem Vítimas";"Pleno dia";"Crescente";"Nublado";"Dupla";"Reta;Declive";"Sim";1;0;0;0;1;0;0;1;-18,986906;-48,211853;"SPRF-MG";"DEL15-MG";"UOP01-DEL15-MG"
390020;2021-10-15;"sexta-feira";"13:00:00";"SC";282;386;"JOACABA";"Acumulo de água sobre o pavimento";"Saída de leito carroçável";"Com Vítimas Feridas";"Pleno dia";"Decrescente";"Chuva";"Simples";"Curva";"Não";2;0;1;0;1;0;1;1;-27,185896;-51,518845;"SPRF-SC";"DEL07-SC";"UOP05-DEL07-SC"
390022;2021-10-16;"sábado";"08:50:00";"MG";40;739,9;"SANTOS DUMONT";"Chuva";"Tombamento";"Com Vítimas Feridas";"Pleno dia";"Decrescente";"Chuva";"Simples";"Curva";"Sim";1;0;0;1;0;0;1;1;-21,394039;-43,56680295;"SPRF-MG";"DEL05-MG";"UOP01-DEL05-MG"
390023;2021-10-16;"sábado";"08:00:00";"RS";116;332,9;"BARRA DO RIBEIRO";"Ausência de reação do condutor";"Saída de leito carroçável";"Com Vítimas Feridas";"Amanhecer";"Crescente";"Chuva";"Dupla";"Curva";"Não";6;0;1;1;4;0;2;1;-30,39620212;-51,44091884;"SPRF-RS";"DEL02-RS";"UOP02-DEL02-RS"
390025;2021-10-16;"sábado";"09:30:00";"GO";70;429;"MONTES CLAROS DE GOIAS";"Pedestre andava na pista";"Atropelamento de Pedestre";"Com Vítimas Fatais";"Pleno dia";"Crescente";"Nublado";"Simples";"Reta";"Não";2;1;0;0;0;1;0;2;-15,890909;-51,848598;"SPRF-GO";"DEL04-GO";"UOP01-DEL04-GO"
390026;2021-10-16;"sábado";"03:00:00";"PR";163;271;"QUATRO PONTES";"Acumulo de água sobre o pavimento";"Saída de leito carroçável";"Sem Vítimas";"Plena Noite";"Crescente";"Chuva";"Dupla";"Reta";"Não";1;0;0;0;0;1;0;1;-24,62158398;-53,91729899;"SPRF-PR";"DEL06-PR";"UOP02-DEL06-PR"
390027;2021-10-16;"sábado";"08:55:00";"SC";470;75,1;"INDAIAL";"Ausência de reação do condutor";"Colisão traseira";"Com Vítimas Fatais";"Pleno dia";"Decrescente";"Nublado";"Simples";"Reta";"Não";4;1;0;2;1;0;2;3;-26,9276028;-49,285155;"SPRF-SC";"DEL04-SC";"UOP01-DEL04-SC"
390028;2021-10-16;"sábado";"08:40:00";"SP";116;270;"TABOAO DA SERRA";"Ausência de reação do condutor";"Colisão traseira";"Com Vítimas Feridas";"Pleno dia";"Decrescente";"Céu Claro";"Dupla";"Curva";"Sim";4;0;1;0;3;0;1;2;-23,61799728;-46,79677694;"SPRF-SP";"DEL04-SP";"UOP01-DEL04-SP"
390029;2021-10-16;"sábado";"09:20:00";"PB";101;88;"JOAO PESSOA";"Reação tardia ou ineficiente do condutor";"Colisão traseira";"Com Vítimas Feridas";"Pleno dia";"Decrescente";"Sol";"Dupla";"Reta";"Sim";3;0;1;0;1;1;1;2;-7,16470016;-34,89993643;"SPRF-PB";"DEL01-PB";"UOP01-DEL01-PB"
390031;2021-10-16;"sábado";"09:02:00";"PR";153;350;"UNIAO DA VITORIA";"Mal súbito do condutor";"Colisão frontal";"Com Vítimas Feridas";"Pleno dia";"Crescente";"Céu Claro";"Simples";"Reta";"Não";4;0;2;0;2;0;2;2;-26,19734115;-50,98617554;"SPRF-PR";"DEL03-PR";"UOP03-DEL03-PR"
390032;2021-10-16;"sábado";"08:20:00";"SP";116;546,1;"BARRA DO TURVO";"Pista Escorregadia";"Colisão com objeto";"Com Vítimas Feridas";"Pleno dia";"Crescente";"Garoa/Chuvisco";"Dupla";"Curva";"Não";1;0;1;0;0;0;1;1;-24,9470862;-48,43042095;"SPRF-SP";"DEL05-SP";"UOP02-DEL05-SP"
390034;2021-10-16;"sábado";"10:10:00";"MG";365;1;"MONTES CLAROS";"Retorno proibido";"Colisão transversal";"Com Vítimas Feridas";"Pleno dia";"Decrescente";"Céu Claro";"Simples";"Curva";"Não";3;0;1;0;2;0;1;2;-16,716154;-43,863327;"SPRF-MG";"DEL12-MG";"UOP01-DEL12-MG"
390036;2021-10-16;"sábado";"10:10:00";"PR";277;73;"SAO JOSE DOS PINHAIS";"Condutor deixou de manter distância do veículo da frente";"Colisão traseira";"Com Vítimas Feridas";"Pleno dia";"Crescente";"Nublado";"Dupla";"Reta";"Não";2;0;0;1;1;0;1;2;-25,50166489;-49,15004253;"SPRF-PR";"DEL01-PR";"UOP01-DEL01-PR"
390037;2021-10-16;"sábado";"07:00:00";"SC";470;114,6;"APIUNA";"Ingestão de álcool pelo condutor";"Saída de leito carroçável";"Sem Vítimas";"Amanhecer";"Crescente";"Nublado";"Simples";"Reta";"Não";1;0;0;0;1;0;0;1;-27,086386;-49,478001;"SPRF-SC";"DEL04-SC";"UOP02-DEL04-SC"
390039;2021-10-16;"sábado";"05:00:00";"DF";70;14;"BRASILIA";"Reação tardia ou ineficiente do condutor";"Saída de leito carroçável";"Sem Vítimas";"Plena Noite";"Crescente";"Céu Claro";"Dupla";"Reta";"Sim";1;0;0;0;0;1;0;1;-15,797312;-48,176056;"SPRF-DF";"DEL03-DF";"UOP02-DEL03-DF"
390040;2021-10-16;"sábado";"08:40:00";"GO";153;260,7;"SAO LUIZ DO NORTE";"Retorno proibido";"Colisão transversal";"Com Vítimas Fatais";"Pleno dia";"Decrescente";"Céu Claro";"Simples";"Reta;Aclive";"Não";4;1;1;0;2;0;1;2;-14,993464;-49,406448;"SPRF-GO";"DEL07-GO";"UOP02-DEL07-GO"
390041;2021-10-16;"sábado";"10:30:00";"PB";101;6;"MAMANGUAPE";"Ausência de reação do condutor";"Colisão com objeto";"Com Vítimas Feridas";"Pleno dia";"Crescente";"Céu Claro";"Dupla";"Curva";"Não";2;0;2;0;0;0;2;1;-6,55395097;-35,12900895;"SPRF-PB";"DEL01-PB";"UOP04-DEL01-PB"
390043;2021-10-16;"sábado";"11:06:00";"SP";153;257,4;"MARILIA";"Acumulo de areia ou detritos sobre o pavimento";"Tombamento";"Com Vítimas Feridas";"Pleno dia";"Decrescente";"Nublado";"Dupla";"Interseção de Vias";"Sim";1;0;1;0;0;0;1;1;-22,23982103;-49,91965379;"SPRF-SP";"DEL07-SP";"UOP02-DEL07-SP"
390044;2021-10-16;"sábado";"11:10:00";"SC";101;203,7;"SAO JOSE";"Animais na Pista";"Atropelamento de Animal";"Com Vítimas Feridas";"Pleno dia";"Crescente";"Nublado";"Múltipla";"Reta";"Sim";2;0;1;1;0;0;2;1;-27,5650044;-48,61460082;"SPRF-SC";"DEL01-SC";"UOP01-DEL01-SC"
390046;2021-10-16;"sábado";"11:20:00";"MG";40;760,9;"EWBANK DA CAMARA";"Acesso irregular";"Colisão transversal";"Com Vítimas Feridas";"Pleno dia";"Decrescente";"Nublado";"Simples";"Reta";"Não";3;0;3;0;0;0;3;2;-21,52936511;-43,51813418;"SPRF-MG";"DEL05-MG";"UOP01-DEL05-MG"
390049;2021-10-16;"sábado";"11:20:00";"PB";230;9;"CABEDELO";"Ingestão de álcool pelo condutor";"Queda de ocupante de veículo";"Com Vítimas Feridas";"Pleno dia";"Decrescente";"Céu Claro";"Simples";"Reta";"Sim";1;0;1;0;0;0;1;1;-7,0433;-34,8466;"SPRF-PB";"DEL01-PB";"UOP01-DEL01-PB"
390050;2021-10-16;"sábado";"11:15:00";"PR";469;13;"FOZ DO IGUACU";"Acessar a via sem observar a presença dos outros veículos";"Colisão transversal";"Com Vítimas Feridas";"Pleno dia";"Crescente";"Céu Claro";"Simples";"Reta";"Sim";2;0;1;0;1;0;1;2;-25,5754;-54,5489;"SPRF-PR";"DEL05-PR";"UOP04-DEL05-PR"
390051;2021-10-16;"sábado";"10:45:00";"SP";116;39,3;"CACHOEIRA PAULISTA";"Ausência de reação do condutor";"Tombamento";"Sem Vítimas";"Pleno dia";"Crescente";"Céu Claro";"Dupla";"Curva";"Sim";1;0;0;0;1;0;0;1;-22,67527958;-44,99918431;"SPRF-SP";"DEL08-SP";"UOP02-DEL08-SP"
390052;2021-10-16;"sábado";"11:25:00";"SC";101;128,2;"BALNEARIO CAMBORIU";"Reação tardia ou ineficiente do condutor";"Colisão lateral mesmo sentido";"Com Vítimas Feridas";"Pleno dia";"Crescente";"Nublado";"Dupla";"Reta";"Não";2;0;1;0;1;0;1;2;-26,97284292;-48,68299451;"SPRF-SC";"DEL04-SC";"UOP03-DEL04-SC"
390054;2021-10-16;"sábado";"11:55:00";"SC";101;135,4;"BALNEARIO CAMBORIU";"Reação tardia ou ineficiente do condutor";"Colisão traseira";"Com Vítimas Feridas";"Pleno dia";"Crescente";"Nublado";"Múltipla";"Reta";"Não";2;0;1;0;1;0;1;2;-27,00585675;-48,62390041;"SPRF-SC";"DEL04-SC";"UOP03-DEL04-SC"
390055;2021-10-16;"sábado";"11:30:00";"SP";381;65;"MAIRIPORA";"Demais falhas mecânicas ou elétricas";"Colisão lateral mesmo sentido";"Sem Vítimas";"Pleno dia";"Decrescente";"Nublado";"Dupla";"Curva";"Sim";2;0;0;0;2;0;0;2;-23,316547;-46,58251;"SPRF-SP";"DEL03-SP";"UOP01-DEL03-SP"
390056;2021-10-16;"sábado";"09:00:00";"MS";487;107;"ITAQUIRAI";"Mal súbito do condutor";"Saída de leito carroçável";"Com Vítimas Feridas";"Pleno dia";"Decrescente";"Céu Claro";"Simples";"Reta";"Não";2;0;1;1;0;0;2;1;-23,23958688;-53,98249696;"SPRF-MS";"DEL09-MS";"UOP01-DEL09-MS"
390057;2021-10-16;"sábado";"12:10:00";"AL";104;74,6;"MESSIAS";"Obras na pista";"Tombamento";"Com Vítimas Feridas";"Pleno dia";"Crescente";"Chuva";"Simples";"Curva";"Não";1;0;1;0;0;0;1;1;-9,3682254;-35,83573003;"SPRF-AL";"DEL01-AL";"UOP01-DEL01-AL"
390058;2021-10-16;"sábado";"11:10:00";"RO";364;694;"CANDEIAS DO JAMARI";"Retorno proibido";"Colisão transversal";"Com Vítimas Feridas";"Pleno dia";"Decrescente";"Sol";"Dupla";"Declive;Curva";"Não";2;0;1;1;0;0;2;2;-8,79910795;-63,71742503;"SPRF-RO";"DEL01-RO";"UOP01-DEL01-RO"
390059;2021-10-16;"sábado";"06:40:00";"PI";316;102;"BARRO DURO";"Acumulo de óleo sobre o pavimento";"Tombamento";"Com Vítimas Feridas";"Amanhecer";"Decrescente";"Céu Claro";"Simples";"Reta";"Não";2;0;1;0;1;0;1;1;-5,83881312;-42,47046302;"SPRF-PI";"DEL04-PI";"UOP02-DEL04-PI"
390060;2021-10-16;"sábado";"12:30:00";"RS";116;526;"PELOTAS";"Reação tardia ou ineficiente do condutor";"Tombamento";"Com Vítimas Feridas";"Pleno dia";"Decrescente";"Nublado";"Simples";"Desvio Temporário";"Sim";1;0;0;1;0;0;1;1;-31,74307729;-52,39966642;"SPRF-RS";"DEL07-RS";"UOP01-DEL07-RS"
390062;2021-10-16;"sábado";"12:30:00";"MG";365;756;"ITUIUTABA";"Acessar a via sem observar a presença dos outros veículos";"Colisão transversal";"Com Vítimas Feridas";"Pleno dia";"Decrescente";"Nublado";"Simples";"Reta";"Sim";2;0;1;0;1;0;1;2;-18,95717176;-49,4695793;"SPRF-MG";"DEL15-MG";"UOP03-DEL15-MG"
390063;2021-10-16;"sábado";"12:50:00";"RS";290;4,2;"OSORIO";"Acumulo de água sobre o pavimento";"Saída de leito carroçável";"Com Vítimas Feridas";"Pleno dia";"Decrescente";"Chuva";"Múltipla";"Reta";"Não";2;0;1;0;1;0;1;1;-29,898211;-50,315056;"SPRF-RS";"DEL03-RS";"UOP01-DEL03-RS"
390065;2021-10-16;"sábado";"09:30:00";"SC";101;335,7;"CAPIVARI DE BAIXO";"Reação tardia ou ineficiente do condutor";"Tombamento";"Com Vítimas Feridas";"Pleno dia";"Crescente";"Garoa/Chuvisco";"Dupla";"Reta";"Sim";1;0;0;1;0;0;1;1;-28,47311347;-49,02437375;"SPRF-SC";"DEL02-SC";"UOP01-DEL02-SC"
390068;2021-10-16;"sábado";"11:30:00";"MT";70;523,2;"CUIABA";"Acessar a via sem observar a presença dos outros veículos";"Colisão transversal";"Com Vítimas Feridas";"Pleno dia";"Crescente";"Céu Claro";"Simples";"Reta";"Sim";2;0;0;1;1;0;1;2;-15,65051022;-55,99823809;"SPRF-MT";"DEL01-MT";"UOP02-DEL01-MT"
390069;2021-10-16;"sábado";"12:45:00";"SE";101;19;"SAO FRANCISCO";"Velocidade Incompatível";"Saída de leito carroçável";"Sem Vítimas";"Pleno dia";"Crescente";"Garoa/Chuvisco";"Dupla";"Reta";"Não";1;0;0;0;0;1;0;1;-10,35365721;-36,90338472;"SPRF-SE";"DEL02-SE";"UOP02-DEL02-SE"
390070;2021-10-16;"sábado";"13:10:00";"BA";324;625,6;"SALVADOR";"Manobra de mudança de faixa";"Colisão traseira";"Com Vítimas Feridas";"Pleno dia";"Crescente";"Sol";"Múltipla";"Curva;Declive";"Não";2;0;1;0;1;0;1;2;-12,95839007;-38,47240448;"SPRF-BA";"DEL01-BA";"UOP01-DEL01-BA"
390072;2021-10-16;"sábado";"13:50:00";"CE";116;9;"FORTALEZA";"Manobra de mudança de faixa";"Colisão traseira";"Com Vítimas Feridas";"Pleno dia";"Decrescente";"Céu Claro";"Múltipla";"Reta";"Sim";2;0;0;1;1;0;1;2;-3,82862463;-38,50477522;"SPRF-CE";"DEL01-CE";"UOP02-DEL01-CE"
390073;2021-10-16;"sábado";"14:00:00";"SC";101;132;"BALNEARIO CAMBORIU";"Ausência de reação do condutor";"Colisão traseira";"Com Vítimas Feridas";"Pleno dia";"Decrescente";"Nublado";"Dupla";"Reta";"Sim";2;0;2;0;0;0;2;2;-26,99654133;-48,65564711;"SPRF-SC";"DEL04-SC";"UOP03-DEL04-SC"
390074;2021-10-16;"sábado";"11:00:00";"MG";153;216,1;"FRUTAL";"Demais falhas mecânicas ou elétricas";"Colisão com objeto";"Com Vítimas Feridas";"Pleno dia";"Crescente";"Céu Claro";"Simples";"Curva";"Não";1;0;1;0;0;0;1;1;-20,11995503;-49,10214695;"SPRF-MG";"DEL13-MG";"UOP02-DEL13-MG"
390075;2021-10-16;"sábado";"13:00:00";"SP";153;205,8;"GUAIMBE";"Ausência de reação do condutor";"Saída de leito carroçável";"Com Vítimas Feridas";"Pleno dia";"Crescente";"Céu Claro";"Simples";"Reta";"Não";1;0;1;0;0;0;1;1;-21,864478;-49,906608;"SPRF-SP";"DEL07-SP";"UOP01-DEL07-SP"
390078;2021-10-16;"sábado";"14:30:00";"RS";470;162;"NOVA PRATA";"Condutor deixou de manter distância do veículo da frente";"Colisão lateral mesmo sentido";"Com Vítimas Feridas";"Pleno dia";"Decrescente";"Garoa/Chuvisco";"Simples";"Reta";"Não";5;0;2;0;2;1;2;2;-28,82207304;-51,58755803;"SPRF-RS";"DEL06-RS";"UOP02-DEL06-RS"
390079;2021-10-16;"sábado";"14:40:00";"MG";365;621,6;"UBERLANDIA";"Ausência de reação do condutor";"Saída de leito carroçável";"Com Vítimas Feridas";"Pleno dia";"Decrescente";"Sol";"Dupla";"Curva";"Sim";1;0;0;1;0;0;1;1;-18,898674;-48,272143;"SPRF-MG";"DEL15-MG";"UOP01-DEL15-MG"
390080;2021-10-16;"sábado";"14:40:00";"MG";40;473,6;"SETE LAGOAS";"Acumulo de areia ou detritos sobre o pavimento";"Tombamento";"Com Vítimas Feridas";"Pleno dia";"Decrescente";"Nublado";"Múltipla";"Curva";"Sim";2;0;1;1;0;0;2;1;-19,49351;-44,27985;"SPRF-MG";"DEL02-MG";"UOP01-DEL02-MG"
390081;2021-10-16;"sábado";"15:40:00";"PE";101;73;"RECIFE";"Condutor deixou de manter distância do veículo da frente";"Colisão traseira";"Com Vítimas Feridas";"Pleno dia";"Decrescente";"Garoa/Chuvisco";"Dupla";"Reta";"Sim";5;0;1;0;4;0;1;4;-8,093369;-34,947464;"SPRF-PE";"DEL01-PE";"UOP01-DEL01-PE"
390082;2021-10-16;"sábado";"14:15:00";"MG";381;535,5;"ITATIAIUCU";"Mal súbito do condutor";"Colisão com objeto";"Sem Vítimas";"Pleno dia";"Crescente";"Nublado";"Dupla";"Reta";"Não";2;0;0;0;2;0;0;1;-20,190985;-44,382953;"SPRF-MG";"DEL04-MG";"UOP03-DEL04-MG"
390083;2021-10-16;"sábado";"15:00:00";"PB";104;129,6;"CAMPINA GRANDE";"Manobra de mudança de faixa";"Colisão traseira";"Com Vítimas Feridas";"Pleno dia";"Crescente";"Céu Claro";"Simples";"Retorno Regulamentado";"Sim";2;0;0;1;0;1;1;2;-7,278455;-35,888919;"SPRF-PB";"DEL02-PB";"UOP03-DEL02-PB"
390085;2021-10-06;"quarta-feira";"19:45:00";"MA";222;672;"ACAILANDIA";"Reação tardia ou ineficiente do condutor";"Colisão frontal";"Com Vítimas Feridas";"Anoitecer";"Crescente";"Céu Claro";"Simples";"Reta";"Sim";2;0;1;0;1;0;1;2;-4,92508085;-47,43821808;"SPRF-MA";"DEL04-MA";"UOP03-DEL04-MA"
390086;2021-10-16;"sábado";"15:40:00";"PB";230;12;"CABEDELO";"Trafegar com motocicleta (ou similar) entre as faixas";"Atropelamento de Pedestre";"Com Vítimas Feridas";"Pleno dia";"Decrescente";"Nublado";"Dupla";"Retorno Regulamentado";"Sim";2;0;1;0;1;0;1;2;-7,068;-34,85;"SPRF-PB";"DEL01-PB";"UOP01-DEL01-PB"
390088;2021-10-16;"sábado";"13:45:00";"MA";10;154;"PORTO FRANCO";"Ingestão de álcool pelo condutor";"Queda de ocupante de veículo";"Com Vítimas Feridas";"Pleno dia";"Decrescente";"Céu Claro";"Simples";"Reta";"Não";2;0;1;1;0;0;2;1;-6,373761;-47,380894;"SPRF-MA";"DEL04-MA";"UOP02-DEL04-MA"
390089;2021-10-16;"sábado";"16:12:00";"MG";262;171;"SAO DOMINGOS DO PRATA";"Velocidade Incompatível";"Colisão frontal";"Com Vítimas Feridas";"Pleno dia";"Decrescente";"Nublado";"Simples";"Curva;Declive";"Não";2;0;1;0;1;0;1;2;-19,953541;-42,930499;"SPRF-MG";"DEL03-MG";"UOP01-DEL03-MG"
390090;2021-10-16;"sábado";"15:40:00";"GO";60;206;"GUAPO";"Ausência de reação do condutor";"Colisão traseira";"Com Vítimas Feridas";"Pleno dia";"Decrescente";"Céu Claro";"Simples";"Reta";"Sim";4;0;1;0;3;0;1;2;-16,9094;-49,6537;"SPRF-GO";"DEL01-GO";"UOP02-DEL01-GO"
390091;2021-10-16;"sábado";"16:20:00";"DF";70;13,3;"BRASILIA";"Reação tardia ou ineficiente do condutor";"Queda de ocupante de veículo";"Com Vítimas Feridas";"Pleno dia";"Crescente";"Céu Claro";"Dupla";"Reta";"Não";2;0;1;0;0;1;1;2;-15,794558;-48,166584;"SPRF-DF";"DEL03-DF";"UOP02-DEL03-DF"
390092;2021-10-16;"sábado";"14:20:00";"ES";262;84;"DOMINGOS MARTINS";"Manobra de mudança de faixa";"Colisão lateral mesmo sentido";"Com Vítimas Feridas";"Pleno dia";"Crescente";"Céu Claro";"Simples";"Aclive";"Não";2;0;0;1;1;0;1;2;-20,4026701;-40,9782008;"SPRF-ES";"DEL01-ES";"UOP02-DEL01-ES"
390093;2021-10-16;"sábado";"14:40:00";"RS";290;48,1;"GLORINHA";"Velocidade Incompatível";"Colisão com objeto";"Com Vítimas Fatais";"Pleno dia";"Crescente";"Chuva";"Dupla";"Reta";"Não";2;1;0;0;0;1;0;2;-29,8986;-50,739178;"SPRF-RS";"DEL03-RS";"UOP01-DEL03-RS"
390094;2021-10-16;"sábado";"15:45:00";"PR";153;367,2;"RIO AZUL";"Velocidade Incompatível";"Saída de leito carroçável";"Com Vítimas Fatais";"Pleno dia";"Crescente";"Céu Claro";"Simples";"Reta";"Não";1;1;0;0;0;0;0;1;-25,72144604;-50,79474995;"SPRF-PR";"DEL03-PR";"UOP03-DEL03-PR"
390095;2021-10-16;"sábado";"16:05:00";"RN";304;297;"MACAIBA";"Avarias e/ou desgaste excessivo no pneu";"Queda de ocupante de veículo";"Com Vítimas Feridas";"Pleno dia";"Crescente";"Céu Claro";"Múltipla";"Curva";"Sim";1;0;1;0;0;0;1;1;-5,86534101;-35,340694;"SPRF-RN";"DEL01-RN";"UOP02-DEL01-RN"
390096;2021-10-16;"sábado";"17:00:00";"MG";40;751,6;"SANTOS DUMONT";"Velocidade Incompatível";"Saída de leito carroçável";"Com Vítimas Feridas";"Pleno dia";"Crescente";"Nublado";"Simples";"Curva";"Não";1;0;1;0;0;0;1;1;-21,46537559;-43,56167779;"SPRF-MG";"DEL05-MG";"UOP01-DEL05-MG"