"id";"data_inversa";"dia_semana";"horario";"uf";"br";"km";"municipio";"causa_acidente";"tipo_acidente";"classificacao_acidente";"fase_dia";"sentido_via";"condicao_metereologica";"tipo_pista";"tracado_via";"uso_solo";"pessoas";"mortos";"feridos_leves";"feridos_graves";"ilesos";"ignorados";"feridos";"veiculos";"latitude";"longitude";"regional";"delegacia";"uop"
390097;2021-10-16;"sábado";"13:23:00";"RO";364;506;"ARIQUEMES";"Ingestão de álcool pelo condutor";"Colisão transversal";"Com Vítimas Feridas";"Pleno dia";"Crescente";"Céu Claro";"Simples";"Reta";"Não";3;0;0;1;2;0;1;2;-9,99751508;-63,01245618;"SPRF-RO";"DEL03-RO";"UOP01-DEL03-RO"
390100;2021-10-16;"sábado";"16:00:00";"RO";364;709;"PORTO VELHO";"Acessar a via sem observar a presença dos outros veículos";"Colisão lateral mesmo sentido";"Com Vítimas Feridas";"Pleno dia";"Crescente";"Nublado";"Dupla";"Reta;Interseção de Vias";"Sim";2;0;1;0;1;0;1;2;-8,7909383;-63,84895617;"SPRF-RO";"DEL01-RO";"UOP01-DEL01-RO"
390101;2021-10-16;"sábado";"17:30:00";"PE";101;67;"RECIFE";"Condutor deixou de manter distância do veículo da frente";"Colisão traseira";"Com Vítimas Feridas";"Anoitecer";"Crescente";"Garoa/Chuvisco";"Dupla";"Reta";"Sim";3;0;1;0;2;0;1;3;-8,042334;-34,943096;"SPRF-PE";"DEL01-PE";"UOP01-DEL01-PE"
390102;2021-10-16;"sábado";"17:20:00";"TO";153;321;"GUARAI";"Transitar no acostamento";"Colisão com objeto";"Com Vítimas Feridas";"Pleno dia";"Decrescente";"Nublado";"Simples";"Aclive";"Não";1;0;0;1;0;0;1;1;-8,71893197;-48,50634942;"SPRF-TO";"DEL02-TO";"UOP02-DEL02-TO"
390105;2021-10-16;"sábado";"17:00:00";"MG";50;52,5;"ARAGUARI";"Velocidade Incompatível";"Saída de leito carroçável";"Com Vítimas Feridas";"Pleno dia";"Crescente";"Chuva";"Dupla";"Declive;Reta";"Não";3;0;1;0;2;0;1;1;-18,75140135;-48,2369687;"SPRF-MG";"DEL15-MG";"UOP02-DEL15-MG"
390108;2021-10-16;"sábado";"17:07:00";"RO";364;706;"PORTO VELHO";"Velocidade Incompatível";"Colisão lateral mesmo sentido";"Sem Vítimas";"Pleno dia";"Crescente";"Nublado";"Dupla";"Reta";"Não";3;0;0;0;2;1;0;2;-8,80030539;-63,823428;"SPRF-RO";"DEL01-RO";"UOP01-DEL01-RO"
390109;2021-10-16;"sábado";"18:15:00";"PE";104;123;"PANELAS";"Demais Fenômenos da natureza";"Colisão frontal";"Com Vítimas Fatais";"Plena Noite";"Crescente";"Chuva";"Simples";"Aclive";"Não";4;1;0;1;2;0;1;3;-8,722103;-36,021805;"SPRF-PE";"DEL02-PE";"UOP01-DEL02-PE"
390112;2021-10-16;"sábado";"18:10:00";"SP";116;2;"GUARULHOS";"Reação tardia ou ineficiente do condutor";"Colisão com objeto";"Com Vítimas Feridas";"Plena Noite";"Crescente";"Garoa/Chuvisco";"Simples";"Curva";"Sim";4;0;3;0;1;0;3;1;-23,44900212;-46,48833364;"SPRF-SP";"DEL08-SP";"UOP02-DEL08-SP"
390114;2021-10-16;"sábado";"17:20:00";"MS";163;574,3;"BANDEIRANTES";"Manobra de mudança de faixa";"Saída de leito carroçável";"Com Vítimas Feridas";"Plena Noite";"Crescente";"Nublado";"Simples";"Reta";"Não";2;0;1;0;1;0;1;1;-19,69581101;-54,35067253;"SPRF-MS";"DEL01-MS";"UOP02-DEL01-MS"
390116;2021-10-16;"sábado";"17:45:00";"PR";376;422,1;"TIBAGI";"Acumulo de areia ou detritos sobre o pavimento";"Tombamento";"Com Vítimas Feridas";"Pleno dia";"Decrescente";"Sol";"Simples";"Em Obras";"Não";1;0;1;0;0;0;1;1;-24,69588149;-50,58281422;"SPRF-PR";"DEL03-PR";"UOP02-DEL03-PR"
390117;2021-10-16;"sábado";"12:50:00";"MA";316;410;"ALTO ALEGRE DO MARANHAO";"Acostamento em desnível";"Saída de leito carroçável";"Com Vítimas Fatais";"Pleno dia";"Decrescente";"Céu Claro";"Simples";"Reta";"Não";3;1;0;0;0;2;0;2;-4,281436;-44,421883;"SPRF-MA";"DEL03-MA";"UOP01-DEL03-MA"
390118;2021-10-16;"sábado";"18:40:00";"RJ";116;302;"RESENDE";"Reação tardia ou ineficiente do condutor";"Colisão traseira";"Com Vítimas Feridas";"Plena Noite";"Decrescente";"Nublado";"Dupla";"Reta";"Sim";3;0;1;0;1;1;1;2;-22,45364576;-44,37040802;"SPRF-RJ";"DEL07-RJ";"UOP02-DEL07-RJ"
390119;2021-10-16;"sábado";"19:05:00";"SP";153;141,9;"PROMISSAO";"Manobra de mudança de faixa";"Colisão frontal";"Com Vítimas Feridas";"Plena Noite";"Crescente";"Céu Claro";"Simples";"Reta";"Não";5;0;3;1;0;1;4;3;-21,33649697;-49,79200014;"SPRF-SP";"DEL07-SP";"UOP01-DEL07-SP"
390120;2021-10-16;"sábado";"15:55:00";"MG";50;181;"UBERABA";"Ausência de reação do condutor";"Engavetamento";"Com Vítimas Feridas";"Pleno dia";"Decrescente";"Nublado";"Dupla";"Reta";"Não";7;0;2;0;5;0;2;3;-19,785967;-47,916336;"SPRF-MG";"DEL13-MG";"UOP01-DEL13-MG"
390122;2021-10-16;"sábado";"19:00:00";"BA";110;3;"PAULO AFONSO";"Ausência de reação do condutor";"Atropelamento de Animal";"Com Vítimas Feridas";"Plena Noite";"Decrescente";"Céu Claro";"Simples";"Curva";"Sim";2;0;2;0;0;0;2;2;-9,47941989;-38,21010145;"SPRF-BA";"DEL07-BA";"UOP01-DEL07-BA"
390123;2021-10-16;"sábado";"19:30:00";"RN";406;163;"SAO GONCALO DO AMARANTE";"Ingestão de álcool pelo condutor";"Colisão traseira";"Com Vítimas Feridas";"Plena Noite";"Decrescente";"Nublado";"Simples";"Aclive";"Não";4;0;1;1;2;0;2;3;-5,73527201;-35,35543901;"SPRF-RN";"DEL02-RN";"UOP01-DEL02-RN"
390124;2021-10-16;"sábado";"19:20:00";"ES";101;336,6;"GUARAPARI";"Ingestão de álcool ou de substâncias psicoativas pelo pedestre";"Atropelamento de Pedestre";"Com Vítimas Fatais";"Plena Noite";"Crescente";"Chuva";"Simples";"Reta;Declive";"Não";2;1;0;0;0;1;0;2;-20,62834446;-40,53656038;"SPRF-ES";"DEL03-ES";"UOP01-DEL03-ES"
390125;2021-10-16;"sábado";"19:00:00";"ES";101;147;"LINHARES";"Acessar a via sem observar a presença dos outros veículos";"Colisão transversal";"Com Vítimas Feridas";"Plena Noite";"Crescente";"Céu Claro";"Múltipla";"Reta";"Sim";2;0;2;0;0;0;2;2;-19,37887202;-40,06657892;"SPRF-ES";"DEL04-ES";"UOP01-DEL04-ES"
390126;2021-10-16;"sábado";"19:43:00";"SP";153;259;"MARILIA";"Acessar a via sem observar a presença dos outros veículos";"Colisão traseira";"Com Vítimas Feridas";"Plena Noite";"Decrescente";"Nublado";"Simples";"Reta";"Não";4;0;0;1;2;1;1;3;-22,25744897;-49,92225816;"SPRF-SP";"DEL07-SP";"UOP02-DEL07-SP"
390127;2021-10-16;"sábado";"12:10:00";"MG";116;538,3;"SANTA RITA DE MINAS";"Ausência de reação do condutor";"Colisão transversal";"Com Vítimas Feridas";"Pleno dia";"Crescente";"Nublado";"Simples";"Reta";"Sim";3;0;1;0;0;2;1;3;-19,87457783;-42,13216953;"SPRF-MG";"DEL06-MG";"UOP02-DEL06-MG"
390129;2021-10-16;"sábado";"19:20:00";"RS";386;415,5;"MONTENEGRO";"Conversão proibida";"Colisão transversal";"Com Vítimas Feridas";"Plena Noite";"Decrescente";"Céu Claro";"Simples";"Reta";"Não";2;0;1;0;1;0;1;2;-29,817522;-51,473202;"SPRF-RS";"DEL04-RS";"UOP02-DEL04-RS"
390130;2021-10-16;"sábado";"19:20:00";"MG";116;510,3;"UBAPORANGA";"Transitar na contramão";"Colisão frontal";"Com Vítimas Feridas";"Plena Noite";"Crescente";"Nublado";"Simples";"Reta";"Sim";3;0;2;0;1;0;2;2;-19,64532085;-42,10796743;"SPRF-MG";"DEL06-MG";"UOP02-DEL06-MG"
390131;2021-10-16;"sábado";"16:30:00";"RO";421;15;"ARIQUEMES";"Ausência de reação do condutor";"Saída de leito carroçável";"Com Vítimas Feridas";"Pleno dia";"Decrescente";"Céu Claro";"Simples";"Reta";"Não";3;0;1;0;2;0;1;1;-10,004065;-63,15517;"SPRF-RO";"DEL03-RO";"UOP01-DEL03-RO"
390133;2021-10-16;"sábado";"19:40:00";"PR";373;213;"IMBITUVA";"Animais na Pista";"Atropelamento de Animal";"Sem Vítimas";"Plena Noite";"Decrescente";"Nublado";"Simples";"Reta";"Não";2;0;0;0;2;0;0;1;-25,15709703;-50,51398401;"SPRF-PR";"DEL03-PR";"UOP01-DEL03-PR"
390134;2021-10-16;"sábado";"19:00:00";"BA";116;16;"VITORIA DA CONQUISTA";"Entrada inopinada do pedestre";"Atropelamento de Pedestre";"Com Vítimas Feridas";"Plena Noite";"Crescente";"Céu Claro";"Simples";"Interseção de Vias";"Sim";2;0;1;0;0;1;1;2;-14,851;-40,8485;"SPRF-BA";"DEL08-BA";"UOP01-DEL08-BA"
390135;2021-10-16;"sábado";"20:00:00";"RJ";116;252;"PIRAI";"Acessar a via sem observar a presença dos outros veículos";"Colisão traseira";"Com Vítimas Feridas";"Plena Noite";"Crescente";"Nublado";"Simples";"Retorno Regulamentado";"Sim";2;0;1;0;1;0;1;2;-22,58294737;-43,96879302;"SPRF-RJ";"DEL07-RJ";"UOP02-DEL07-RJ"
390136;2021-10-16;"sábado";"20:10:00";"SP";116;146,7;"SAO JOSE DOS CAMPOS";"Reação tardia ou ineficiente do condutor";"Tombamento";"Com Vítimas Fatais";"Plena Noite";"Decrescente";"Céu Claro";"Dupla";"Reta";"Não";2;1;0;0;0;1;0;2;-23,19122919;-45,86327591;"SPRF-SP";"DEL02-SP";"UOP01-DEL02-SP"
390137;2021-10-16;"sábado";"19:40:00";"PR";373;230,8;"IMBITUVA";"Transitar na contramão";"Colisão lateral sentido oposto";"Sem Vítimas";"Plena Noite";"Crescente";"Nublado";"Simples";"Reta";"Não";2;0;0;0;2;0;0;2;-25,1807283;-50,66818293;"SPRF-PR";"DEL03-PR";"UOP04-DEL03-PR"
390139;2021-10-16;"sábado";"20:40:00";"RN";226;44;"BOM JESUS";"Ultrapassagem Indevida";"Saída de leito carroçável";"Com Vítimas Feridas";"Plena Noite";"Crescente";"Céu Claro";"Simples";"Reta";"Não";2;0;0;2;0;0;2;1;-5,95697313;-35,56242284;"SPRF-RN";"DEL03-RN";"UOP02-DEL03-RN"
390140;2021-10-16;"sábado";"19:45:00";"MS";463;100;"PONTA PORA";"Acessar a via sem observar a presença dos outros veículos";"Colisão transversal";"Com Vítimas Feridas";"Plena Noite";"Crescente";"Nublado";"Simples";"Curva";"Sim";2;0;1;0;1;0;1;2;-22,62086128;-55,61520288;"SPRF-MS";"DEL04-MS";"UOP03-DEL04-MS"
390141;2021-10-16;"sábado";"20:35:00";"PE";101;69;"RECIFE";"Ingestão de álcool pelo condutor";"Colisão traseira";"Com Vítimas Feridas";"Plena Noite";"Crescente";"Nublado";"Dupla";"Reta";"Sim";3;0;1;0;2;0;1;2;-8,06166226;-34,94544983;"SPRF-PE";"DEL01-PE";"UOP01-DEL01-PE"
390142;2021-10-16;"sábado";"18:30:00";"RJ";356;174;"SAO JOAO DA BARRA";"Acessar a via sem observar a presença dos outros veículos";"Colisão traseira";"Sem Vítimas";"Plena Noite";"Crescente";"Nublado";"Simples";"Interseção de Vias;Curva";"Não";2;0;0;0;2;0;0;2;-21,707642;-41,05687;"SPRF-RJ";"DEL08-RJ";"UOP02-DEL08-RJ"
390143;2021-10-16;"sábado";"09:30:00";"PI";135;195;"COLONIA DO GURGUEIA";"Reação tardia ou ineficiente do condutor";"Tombamento";"Com Vítimas Fatais";"Pleno dia";"Decrescente";"Céu Claro";"Simples";"Reta";"Não";57;2;21;23;5;6;44;1;-8,09844738;-43,78433704;"SPRF-PI";"DEL03-PI";"UOP01-DEL03-PI"
390144;2021-10-16;"sábado";"18:41:00";"RO";364;340;"JI-PARANA";"Ausência de reação do condutor";"Colisão traseira";"Com Vítimas Feridas";"Plena Noite";"Crescente";"Chuva";"Simples";"Reta";"Sim";2;0;1;0;1;0;1;2;-10,898802;-61,93046;"SPRF-RO";"DEL02-RO";"UOP01-DEL02-RO"
390145;2021-10-16;"sábado";"21:00:00";"SC";116;245,6;"LAGES";"Acessar a via sem observar a presença dos outros veículos";"Queda de ocupante de veículo";"Com Vítimas Feridas";"Plena Noite";"Crescente";"Nublado";"Simples";"Interseção de Vias";"Sim";2;0;1;0;0;1;1;2;-27,79982602;-50,36381906;"SPRF-SC";"DEL05-SC";"UOP02-DEL05-SC"
390148;2021-10-16;"sábado";"21:30:00";"BA";116;393;"SANTA BARBARA";"Transitar na contramão";"Atropelamento de Pedestre";"Com Vítimas Feridas";"Plena Noite";"Crescente";"Céu Claro";"Dupla";"Reta";"Sim";2;0;1;1;0;0;2;2;-11,96552297;-38,97397182;"SPRF-BA";"DEL02-BA";"UOP01-DEL02-BA"
390149;2021-10-16;"sábado";"16:40:00";"PI";343;299;"ALTOS";"Transitar na contramão";"Colisão lateral sentido oposto";"Com Vítimas Feridas";"Pleno dia";"Decrescente";"Nublado";"Simples";"Curva";"Não";6;0;6;0;0;0;6;2;-4,995781;-42,408192;"SPRF-PI";"DEL01-PI";"UOP03-DEL01-PI"
390151;2021-10-16;"sábado";"22:00:00";"PR";277;135;"BALSA NOVA";"Ingestão de álcool pelo condutor";"Saída de leito carroçável";"Sem Vítimas";"Plena Noite";"Decrescente";"Garoa/Chuvisco";"Dupla";"Reta";"Não";1;0;0;0;1;0;0;1;-25,47114541;-49,67831969;"SPRF-PR";"DEL01-PR";"UOP03-DEL03-PR"
390152;2021-10-16;"sábado";"21:00:00";"PI";343;307;"ALTOS";"Acessar a via sem observar a presença dos outros veículos";"Colisão frontal";"Com Vítimas Feridas";"Pleno dia";"Decrescente";"Céu Claro";"Simples";"Curva";"Sim";2;0;0;1;0;1;1;2;-5,039802;-42,459518;"SPRF-PI";"DEL01-PI";"UOP01-DEL01-PI"
390153;2021-10-16;"sábado";"19:00:00";"MT";364;205;"RONDONOPOLIS";"Velocidade Incompatível";"Saída de leito carroçável";"Com Vítimas Feridas";"Plena Noite";"Decrescente";"Nublado";"Dupla";"Reta";"Sim";1;0;1;0;0;0;1;1;-16,45928621;-54,66092345;"SPRF-MT";"DEL02-MT";"UOP01-DEL02-MT"
390154;2021-10-16;"sábado";"22:20:00";"MG";40;520;"CONTAGEM";"Velocidade Incompatível";"Capotamento";"Com Vítimas Feridas";"Plena Noite";"Decrescente";"Céu Claro";"Dupla";"Reta";"Sim";2;0;1;1;0;0;2;1;-19,84761911;-44,07276144;"SPRF-MG";"DEL01-MG";"UOP02-DEL01-MG"
390156;2021-10-16;"sábado";"19:00:00";"RS";116;112,8;"SAO MARCOS";"Ingestão de álcool pelo condutor";"Saída de leito carroçável";"Sem Vítimas";"Plena Noite";"Crescente";"Garoa/Chuvisco";"Simples";"Reta";"Sim";2;0;0;0;2;0;0;1;-28,94827931;-51,08170135;"SPRF-RS";"DEL05-RS";"UOP01-DEL05-RS"
390157;2021-10-16;"sábado";"22:20:00";"SC";101;41,4;"JOINVILLE";"Desrespeitar a preferência no cruzamento";"Colisão transversal";"Com Vítimas Feridas";"Plena Noite";"Decrescente";"Nublado";"Dupla";"Interseção de Vias";"Sim";3;0;1;0;2;0;1;3;-26,31875778;-48,87144685;"SPRF-SC";"DEL03-SC";"UOP01-DEL03-SC"
390158;2021-10-16;"sábado";"22:00:00";"PR";476;276,8;"SAO MATEUS DO SUL";"Ingestão de álcool pelo condutor";"Colisão frontal";"Com Vítimas Feridas";"Plena Noite";"Crescente";"Céu Claro";"Simples";"Interseção de Vias";"Sim";4;0;3;0;1;0;3;2;-25,877428;-50,384377;"SPRF-PR";"DEL02-PR";"UOP04-DEL02-PR"
390160;2021-10-16;"sábado";"21:50:00";"MG";365;164,4;"PIRAPORA";"Velocidade Incompatível";"Colisão frontal";"Com Vítimas Fatais";"Plena Noite";"Decrescente";"Chuva";"Simples";"Reta";"Não";5;1;0;2;0;2;2;3;-17,37659084;-44,95293512;"SPRF-MG";"DEL12-MG";"UOP01-DEL12-MG"
390162;2021-10-16;"sábado";"21:10:00";"PB";230;162,5;"CAMPINA GRANDE";"Transitar na contramão";"Colisão transversal";"Com Vítimas Feridas";"Plena Noite";"Decrescente";"Vento";"Simples";"Reta";"Sim";2;0;0;1;1;0;1;2;-7,212406;-35,928871;"SPRF-PB";"DEL02-PB";"UOP01-DEL02-PB"
390163;2021-10-16;"sábado";"22:55:00";"PR";277;70,4;"SAO JOSE DOS PINHAIS";"Demais falhas mecânicas ou elétricas";"Queda de ocupante de veículo";"Com Vítimas Feridas";"Plena Noite";"Decrescente";"Nublado";"Dupla";"Reta";"Não";3;0;2;0;0;1;2;2;-25,53317957;-49,07969781;"SPRF-PR";"DEL01-PR";"UOP01-DEL01-PR"
390165;2021-10-16;"sábado";"23:00:00";"DF";70;12;"BRASILIA";"Velocidade Incompatível";"Colisão lateral mesmo sentido";"Com Vítimas Feridas";"Plena Noite";"Crescente";"Céu Claro";"Dupla";"Reta";"Não";5;0;2;0;2;1;2;3;-15,792243;-48,158543;"SPRF-DF";"DEL03-DF";"UOP02-DEL03-DF"
390167;2021-10-16;"sábado";"23:40:00";"RJ";101;227;"SILVA JARDIM";"Pedestre andava na pista";"Atropelamento de Pedestre";"Com Vítimas Fatais";"Pleno dia";"Crescente";"Ignorado";"Dupla";"Reta";"Não";4;1;0;0;1;2;0;2;-22,55519463;-42,35508949;"SPRF-RJ";"DEL02-RJ";"UOP03-DEL02-RJ"
390169;2021-10-17;"domingo";"00:05:00";"MG";50;179;"UBERABA";"Acesso irregular";"Tombamento";"Com Vítimas Feridas";"Plena Noite";"Crescente";"Céu Claro";"Dupla";"Reta;Desvio Temporário;Aclive";"Sim";1;0;0;1;0;0;1;1;-19,77827047;-47,93140998;"SPRF-MG";"DEL13-MG";"UOP01-DEL13-MG"
390171;2021-10-16;"sábado";"23:14:00";"BA";101;257;"SANTO ANTONIO DE JESUS";"Condutor Dormindo";"Saída de leito carroçável";"Com Vítimas Feridas";"Plena Noite";"Decrescente";"Céu Claro";"Simples";"Curva";"Não";1;0;1;0;0;0;1;1;-13,04006608;-39,28675236;"SPRF-BA";"DEL01-BA";"UOP02-DEL01-BA"
390172;2021-10-17;"domingo";"00:00:00";"CE";20;426,9;"FORTALEZA";"Acessar a via sem observar a presença dos outros veículos";"Colisão transversal";"Com Vítimas Feridas";"Plena Noite";"Crescente";"Céu Claro";"Dupla";"Reta";"Sim";3;0;2;0;0;1;2;2;-3,86475772;-38,51892471;"SPRF-CE";"DEL01-CE";"UOP02-DEL01-CE"
390173;2021-10-16;"sábado";"23:45:00";"PR";476;147;"CURITIBA";"Pedestre andava na pista";"Atropelamento de Pedestre";"Com Vítimas Fatais";"Plena Noite";"Decrescente";"Nublado";"Dupla";"Reta";"Sim";4;1;0;0;3;0;0;2;-25,554628;-49,339268;"SPRF-PR";"DEL01-PR";"UOP03-DEL01-PR"
390175;2021-10-17;"domingo";"00:15:00";"SC";280;51,9;"GUARAMIRIM";"Deficiência do Sistema de Iluminação/Sinalização";"Colisão com objeto";"Com Vítimas Feridas";"Plena Noite";"Decrescente";"Nublado";"Dupla";"Reta";"Não";1;0;1;0;0;0;1;1;-26,46538871;-48,95544449;"SPRF-SC";"DEL03-SC";"UOP03-DEL03-SC"
390176;2021-10-16;"sábado";"23:50:00";"PA";316;37;"SANTA IZABEL DO PARA";"Acessar a via sem observar a presença dos outros veículos";"Colisão frontal";"Com Vítimas Fatais";"Plena Noite";"Decrescente";"Céu Claro";"Dupla";"Reta";"Não";2;1;0;0;0;1;0;2;-1,28522594;-48,14868959;"SPRF-PA";"DEL01-PA";"UOP01-DEL01-PA"
390177;2021-10-17;"domingo";"00:40:00";"SC";470;138,6;"RIO DO SUL";"Ingestão de álcool pelo condutor";"Colisão com objeto";"Com Vítimas Feridas";"Plena Noite";"Decrescente";"Chuva";"Simples";"Reta";"Não";1;0;0;1;0;0;1;1;-27,207214;-49,648476;"SPRF-SC";"DEL04-SC";"UOP02-DEL04-SC"
390178;2021-10-17;"domingo";"01:10:00";"ES";101;293,6;"CARIACICA";"Ausência de reação do condutor";"Tombamento";"Com Vítimas Feridas";"Plena Noite";"Crescente";"Nublado";"Dupla";"Reta";"Sim";1;0;1;0;0;0;1;1;-20,31526144;-40,39567044;"SPRF-ES";"DEL01-ES";"UOP01-DEL01-ES"
390179;2021-10-17;"domingo";"01:10:00";"MG";381;704,5;"LAVRAS";"Velocidade Incompatível";"Saída de leito carroçável";"Com Vítimas Feridas";"Plena Noite";"Crescente";"Chuva";"Dupla";"Curva";"Não";1;0;1;0;0;0;1;1;-21,31120487;-45,16351323;"SPRF-MG";"DEL04-MG";"UOP02-DEL04-MG"
390181;2021-10-16;"sábado";"23:15:00";"SC";101;328;"CAPIVARI DE BAIXO";"Reação tardia ou ineficiente do condutor";"Colisão com objeto";"Com Vítimas Feridas";"Plena Noite";"Decrescente";"Nublado";"Dupla";"Reta";"Não";2;0;1;1;0;0;2;2;-28,43648094;-48,95989307;"SPRF-SC";"DEL02-SC";"UOP01-DEL02-SC"
390183;2021-10-17;"domingo";"02:10:00";"PR";116;104;"SAO JOSE DOS PINHAIS";"Ausência de reação do condutor";"Colisão traseira";"Com Vítimas Feridas";"Plena Noite";"Crescente";"Nublado";"Dupla";"Reta";"Não";2;0;1;0;1;0;1;2;-25,57186586;-49,19883728;"SPRF-PR";"DEL01-PR";"UOP01-DEL01-PR"
390184;2021-10-17;"domingo";"01:00:00";"GO";60;166;"GOIANIA";"Ingestão de álcool pelo condutor";"Atropelamento de Animal";"Sem Vítimas";"Plena Noite";"Decrescente";"Céu Claro";"Múltipla";"Reta;Viaduto";"Sim";1;0;0;0;1;0;0;1;-16,7129;-49,358;"SPRF-GO";"DEL01-GO";"UOP02-DEL01-GO"
390185;2021-10-16;"sábado";"23:15:00";"RO";364;710;"PORTO VELHO";"Pedestre cruzava a pista fora da faixa";"Atropelamento de Pedestre";"Com Vítimas Feridas";"Plena Noite";"Decrescente";"Nublado";"Múltipla";"Reta";"Sim";2;0;0;1;0;1;1;2;-8,785944;-63,857909;"SPRF-RO";"DEL01-RO";"UOP01-DEL01-RO"
390186;2021-10-17;"domingo";"01:10:00";"RJ";101;74;"CAMPOS DOS GOYTACAZES";"Ausência de reação do condutor";"Colisão traseira";"Sem Vítimas";"Plena Noite";"Crescente";"Nublado";"Simples";"Reta";"Sim";2;0;0;0;2;0;0;2;-21,807232;-41,39734312;"SPRF-RJ";"DEL08-RJ";"UOP02-DEL08-RJ"
390187;2021-10-17;"domingo";"01:44:00";"RS";470;157;"NOVA PRATA";"Ingestão de álcool pelo condutor";"Capotamento";"Com Vítimas Feridas";"Plena Noite";"Decrescente";"Chuva";"Simples";"Curva";"Não";1;0;1;0;0;0;1;1;-28,79507068;-51,61584453;"SPRF-RS";"DEL06-RS";"UOP02-DEL06-RS"
390191;2021-10-17;"domingo";"03:00:00";"PR";369;130;"IBIPORA";"Ingestão de álcool pelo condutor";"Colisão lateral mesmo sentido";"Sem Vítimas";"Plena Noite";"Crescente";"Céu Claro";"Simples";"Ponte";"Sim";2;0;0;0;2;0;0;2;-23,25828141;-50,98606825;"SPRF-PR";"DEL07-PR";"UOP01-DEL07-PR"
390193;2021-10-17;"domingo";"03:27:00";"SC";101;50,9;"JOINVILLE";"Ingestão de álcool e/ou substâncias psicoativas pelo pedestre";"Colisão com objeto";"Sem Vítimas";"Plena Noite";"Decrescente";"Chuva";"Dupla";"Reta";"Sim";1;0;0;0;1;0;0;1;-26,39184174;-48,83953929;"SPRF-SC";"DEL03-SC";"UOP01-DEL03-SC"
390194;2021-10-17;"domingo";"04:00:00";"RS";116;56,2;"VACARIA";"Ingestão de álcool pelo condutor";"Saída de leito carroçável";"Com Vítimas Feridas";"Plena Noite";"Crescente";"Nublado";"Simples";"Declive;Curva";"Não";2;0;2;0;0;0;2;1;-28,61277187;-51,04242682;"SPRF-RS";"DEL05-RS";"UOP03-DEL05-RS"
390195;2021-10-17;"domingo";"04:00:00";"RS";116;157,4;"CAXIAS DO SUL";"Ingestão de álcool pelo condutor";"Colisão com objeto";"Sem Vítimas";"Plena Noite";"Crescente";"Chuva";"Simples";"Reta";"Não";1;0;0;0;1;0;0;1;-29,21503981;-51,17675573;"SPRF-RS";"DEL05-RS";"UOP01-DEL05-RS"
390196;2021-10-17;"domingo";"04:15:00";"SC";101;216,1;"PALHOCA";"Ingestão de álcool pelo condutor";"Saída de leito carroçável";"Sem Vítimas";"Plena Noite";"Decrescente";"Nublado";"Dupla";"Reta";"Sim";1;0;0;0;1;0;0;1;-27,65981409;-48,67747798;"SPRF-SC";"DEL01-SC";"UOP02-DEL01-SC"
390197;2021-10-17;"domingo";"03:50:00";"BA";367;21,7;"PORTO SEGURO";"Manobra de mudança de faixa";"Colisão lateral mesmo sentido";"Com Vítimas Feridas";"Plena Noite";"Decrescente";"Nublado";"Simples";"Aclive";"Não";1;0;0;1;0;0;1;1;-16,43660715;-39,06261839;"SPRF-BA";"DEL09-BA";"UOP01-DEL09-BA"
390198;2021-10-17;"domingo";"05:30:00";"SC";101;122;"ITAJAI";"Reação tardia ou ineficiente do condutor";"Colisão lateral mesmo sentido";"Com Vítimas Feridas";"Amanhecer";"Decrescente";"Céu Claro";"Múltipla";"Reta";"Não";3;0;2;0;0;1;2;3;-26,92955916;-48,70499836;"SPRF-SC";"DEL04-SC";"UOP04-DEL04-SC"
390199;2021-10-17;"domingo";"03:50:00";"PR";376;214,5;"JANDAIA DO SUL";"Ausência de reação do condutor";"Atropelamento de Pedestre";"Com Vítimas Feridas";"Plena Noite";"Decrescente";"Nublado";"Dupla";"Reta";"Não";2;0;0;1;0;1;1;2;-23,588165;-51,64554;"SPRF-PR";"DEL09-PR";"UOP01-DEL09-PR"
390201;2021-10-17;"domingo";"04:00:00";"PR";277;668;"MEDIANEIRA";"Ausência de reação do condutor";"Saída de leito carroçável";"Com Vítimas Feridas";"Plena Noite";"Decrescente";"Céu Claro";"Dupla";"Reta";"Sim";1;0;0;1;0;0;1;1;-25,27063805;-54,06252597;"SPRF-PR";"DEL05-PR";"UOP02-DEL05-PR"
390202;2021-10-17;"domingo";"04:00:00";"PR";277;649;"MATELANDIA";"Ingestão de álcool pelo condutor";"Saída de leito carroçável";"Sem Vítimas";"Amanhecer";"Decrescente";"Nevoeiro/Neblina";"Simples";"Reta";"Não";1;0;0;0;1;0;0;1;-25,18405201;-53,93053899;"SPRF-PR";"DEL05-PR";"UOP02-DEL05-PR"
390203;2021-10-17;"domingo";"03:30:00";"SP";116;50,9;"LORENA";"Ausência de reação do condutor";"Saída de leito carroçável";"Com Vítimas Feridas";"Plena Noite";"Decrescente";"Garoa/Chuvisco";"Dupla";"Rotatória";"Sim";1;0;1;0;0;0;1;1;-22,7414652;-45,09146333;"SPRF-SP";"DEL08-SP";"UOP02-DEL08-SP"
390205;2021-10-17;"domingo";"05:30:00";"SC";101;134;"BALNEARIO CAMBORIU";"Transitar na contramão";"Colisão frontal";"Com Vítimas Feridas";"Pleno dia";"Decrescente";"Nublado";"Simples";"Curva";"Sim";2;0;1;0;0;1;1;2;-27,00218;-48,636433;"SPRF-SC";"DEL04-SC";"UOP03-DEL04-SC"