"id";"data_inversa";"dia_semana";"horario";"uf";"br";"km";"municipio";"causa_acidente";"tipo_acidente";"classificacao_acidente";"fase_dia";"sentido_via";"condicao_metereologica";"tipo_pista";"tracado_via";"uso_solo";"pessoas";"mortos";"feridos_leves";"feridos_graves";"ilesos";"ignorados";"feridos";"veiculos";"latitude";"longitude";"regional";"delegacia";"uop"
390207;2021-10-17;"domingo";"05:20:00";"GO";50;281;"CATALAO";"Ingestão de álcool pelo condutor";"Queda de ocupante de veículo";"Com Vítimas Feridas";"Pleno dia";"Crescente";"Céu Claro";"Simples";"Reta";"Não";1;0;1;0;0;0;1;1;-18,1838;-47,9441;"SPRF-GO";"DEL06-GO";"UOP01-DEL06-GO"
390209;2021-10-17;"domingo";"05:15:00";"MT";163;759,2;"SORRISO";"Pista Escorregadia";"Queda de ocupante de veículo";"Com Vítimas Feridas";"Amanhecer";"Decrescente";"Céu Claro";"Simples";"Reta";"Não";1;0;1;0;0;0;1;1;-12,49950573;-55,68828475;"SPRF-MT";"DEL06-MT";"UOP01-DEL06-MT"
390212;2021-10-16;"sábado";"23:40:00";"PR";277;0,5;"PARANAGUA";"Condutor deixou de manter distância do veículo da frente";"Atropelamento de Pedestre";"Com Vítimas Feridas";"Plena Noite";"Crescente";"Chuva";"Dupla";"Reta";"Sim";2;0;0;1;0;1;1;2;-25,55564825;-48,56012821;"SPRF-PR";"DEL01-PR";"UOP05-DEL01-PR"
390214;2021-10-17;"domingo";"06:10:00";"PI";316;5,5;"TERESINA";"Condutor desrespeitou a iluminação vermelha do semáforo";"Colisão transversal";"Com Vítimas Feridas";"Pleno dia";"Crescente";"Sol";"Múltipla";"Interseção de Vias";"Sim";2;0;1;0;1;0;1;2;-5,144018;-42,778205;"SPRF-PI";"DEL01-PI";"UOP02-DEL01-PI"
390215;2021-10-17;"domingo";"04:40:00";"RN";304;42,4;"MOSSORO";"Ausência de reação do condutor";"Saída de leito carroçável";"Sem Vítimas";"Amanhecer";"Crescente";"Céu Claro";"Dupla";"Retorno Regulamentado";"Não";1;0;0;0;0;1;0;1;-5,21278093;-37,37221494;"SPRF-RN";"DEL04-RN";"UOP01-DEL04-RN"
390216;2021-10-17;"domingo";"06:30:00";"RS";293;138,8;"CANDIOTA";"Velocidade Incompatível";"Colisão traseira";"Sem Vítimas";"Pleno dia";"Decrescente";"Céu Claro";"Simples";"Reta";"Não";3;0;0;0;3;0;0;2;-31,44449024;-53,68835549;"SPRF-RS";"DEL11-RS";"UOP03-DEL11-RS"
390217;2021-10-17;"domingo";"07:00:00";"ES";101;160;"LINHARES";"Ingestão de álcool pelo condutor";"Colisão frontal";"Com Vítimas Feridas";"Amanhecer";"Decrescente";"Nublado";"Simples";"Reta";"Não";2;0;1;0;1;0;1;2;-19,47662979;-40,11402541;"SPRF-ES";"DEL04-ES";"UOP01-DEL04-ES"
390218;2021-10-17;"domingo";"01:38:00";"RS";470;201;"BENTO GONCALVES";"Ingestão de álcool pelo condutor";"Saída de leito carroçável";"Sem Vítimas";"Plena Noite";"Decrescente";"Garoa/Chuvisco";"Simples";"Curva";"Não";1;0;0;0;1;0;0;1;-29,07245097;-51,58569103;"SPRF-RS";"DEL06-RS";"UOP02-DEL06-RS"
390221;2021-10-17;"domingo";"06:35:00";"PR";476;168;"CONTENDA";"Condutor Dormindo";"Saída de leito carroçável";"Com Vítimas Feridas";"Pleno dia";"Decrescente";"Garoa/Chuvisco";"Simples";"Reta";"Não";1;0;0;1;0;0;1;1;-25,668074;-49,503948;"SPRF-PR";"DEL01-PR";"UOP03-DEL01-PR"
390224;2021-10-17;"domingo";"07:00:00";"BA";101;130,3;"TEODORO SAMPAIO";"Reação tardia ou ineficiente do condutor";"Colisão frontal";"Com Vítimas Fatais";"Pleno dia";"Crescente";"Céu Claro";"Simples";"Reta";"Não";2;1;0;1;0;0;1;2;-12,1827;-38,581436;"SPRF-BA";"DEL01-BA";"UOP04-DEL01-BA"
390226;2021-10-17;"domingo";"05:30:00";"MG";381;587,9;"CARMOPOLIS DE MINAS";"Reação tardia ou ineficiente do condutor";"Saída de leito carroçável";"Com Vítimas Feridas";"Amanhecer";"Decrescente";"Nublado";"Dupla";"Reta";"Não";4;0;2;0;2;0;2;1;-20,5460261;-44,65677896;"SPRF-MG";"DEL04-MG";"UOP01-DEL04-MG"
390227;2021-10-17;"domingo";"08:10:00";"PR";476;123;"CURITIBA";"Chuva";"Saída de leito carroçável";"Com Vítimas Feridas";"Pleno dia";"Decrescente";"Chuva";"Dupla";"Reta";"Sim";3;0;2;0;1;0;2;1;-25,392904;-49,209557;"SPRF-PR";"DEL01-PR";"UOP03-DEL01-PR"
390228;2021-10-17;"domingo";"07:18:00";"PI";343;4,2;"TERESINA";"Condutor desrespeitou a iluminação vermelha do semáforo";"Colisão transversal";"Com Vítimas Feridas";"Pleno dia";"Crescente";"Céu Claro";"Múltipla";"Interseção de Vias";"Sim";2;0;1;1;0;0;2;2;-5,08008174;-42,78685754;"SPRF-PI";"DEL01-PI";"UOP01-DEL01-PI"
390229;2021-10-17;"domingo";"06:05:00";"RS";386;243,6;"SOLEDADE";"Ingestão de álcool pelo condutor";"Saída de leito carroçável";"Com Vítimas Feridas";"Amanhecer";"Decrescente";"Nublado";"Simples";"Curva";"Sim";1;0;1;0;0;0;1;1;-28,79507951;-52,52042055;"SPRF-RS";"DEL04-RS";"UOP03-DEL04-RS"
390230;2021-10-17;"domingo";"07:50:00";"MG";381;526,3;"BRUMADINHO";"Velocidade Incompatível";"Saída de leito carroçável";"Com Vítimas Feridas";"Pleno dia";"Crescente";"Nublado";"Dupla";"Curva;Declive";"Não";1;0;1;0;0;0;1;1;-20,16175378;-44,34144636;"SPRF-MG";"DEL04-MG";"UOP03-DEL04-MG"
390231;2021-10-17;"domingo";"07:35:00";"MG";381;503;"BETIM";"Velocidade Incompatível";"Saída de leito carroçável";"Com Vítimas Feridas";"Pleno dia";"Decrescente";"Chuva";"Múltipla";"Curva";"Sim";1;0;1;0;0;0;1;1;-20,03855134;-44,25495493;"SPRF-MG";"DEL01-MG";"UOP03-DEL01-MG"
390232;2021-10-17;"domingo";"07:40:00";"BA";324;570;"SAO SEBASTIAO DO PASSE";"Condutor Dormindo";"Saída de leito carroçável";"Com Vítimas Feridas";"Pleno dia";"Crescente";"Céu Claro";"Dupla";"Reta";"Não";2;0;1;0;1;0;1;1;-12,54603889;-38,58142792;"SPRF-BA";"DEL01-BA";"UOP01-DEL01-BA"
390233;2021-10-17;"domingo";"08:00:00";"DF";40;6,5;"BRASILIA";"Ingestão de substâncias psicoativas pelo condutor";"Colisão traseira";"Sem Vítimas";"Pleno dia";"Decrescente";"Nublado";"Dupla";"Reta";"Sim";2;0;0;0;2;0;0;2;-16,029741;-47,978867;"SPRF-DF";"DEL01-DF";"UOP01-DEL01-DF"
390234;2021-05-08;"sábado";"16:00:00";"AC";364;121;"RIO BRANCO";"Manobra de mudança de faixa";"Queda de ocupante de veículo";"Com Vítimas Feridas";"Pleno dia";"Crescente";"Céu Claro";"Dupla";"Reta";"Sim";1;0;0;1;0;0;1;1;-10,01191346;-67,77333319;"SPRF-AC";"DEL01-AC";"UOP01-DEL01-AC"
390237;2021-10-17;"domingo";"07:40:00";"PB";361;96;"PIANCO";"Ausência de reação do condutor";"Tombamento";"Com Vítimas Fatais";"Pleno dia";"Crescente";"Céu Claro";"Simples";"Declive";"Não";1;1;0;0;0;0;0;1;-7,22650123;-38,02002885;"SPRF-PB";"DEL03-PB";"UOP01-DEL03-PB"
390238;2021-10-17;"domingo";"04:00:00";"MG";50;193;"UBERABA";"Ingestão de álcool pelo condutor";"Colisão com objeto";"Sem Vítimas";"Plena Noite";"Crescente";"Nublado";"Dupla";"Reta";"Não";1;0;0;0;1;0;0;1;-19,87965993;-47,85365089;"SPRF-MG";"DEL13-MG";"UOP01-DEL13-MG"
390239;2021-10-17;"domingo";"07:30:00";"SC";101;450,5;"SAO JOAO DO SUL";"Condutor Dormindo";"Saída de leito carroçável";"Sem Vítimas";"Amanhecer";"Decrescente";"Nublado";"Múltipla";"Viaduto;Curva";"Sim";1;0;0;0;1;0;0;1;-29,18401368;-49,75510597;"SPRF-SC";"DEL02-SC";"UOP02-DEL02-SC"
390240;2021-10-17;"domingo";"05:00:00";"MA";10;126;"ESTREITO";"Velocidade Incompatível";"Saída de leito carroçável";"Com Vítimas Feridas";"Amanhecer";"Crescente";"Céu Claro";"Simples";"Curva";"Não";2;0;1;1;0;0;2;1;-6,581329;-47,44136;"SPRF-MA";"DEL04-MA";"UOP02-DEL04-MA"
390243;2021-10-17;"domingo";"07:30:00";"GO";60;451;"JATAI";"Ingestão de álcool pelo condutor";"Saída de leito carroçável";"Sem Vítimas";"Pleno dia";"Decrescente";"Céu Claro";"Dupla";"Reta;Declive";"Não";1;0;0;0;0;1;0;1;-17,8539;-51,5345;"SPRF-GO";"DEL05-GO";"UOP01-DEL05-GO"
390244;2021-10-17;"domingo";"10:00:00";"PR";376;668;"GUARATUBA";"Avarias e/ou desgaste excessivo no pneu";"Capotamento";"Com Vítimas Feridas";"Pleno dia";"Crescente";"Garoa/Chuvisco";"Dupla";"Curva;Declive";"Não";2;0;2;0;0;0;2;1;-25,864159;-48,937538;"SPRF-PR";"DEL01-PR";"UOP04-DEL01-PR"
390245;2021-10-17;"domingo";"03:30:00";"RS";285;367,7;"SALDANHA MARINHO";"Ingestão de álcool pelo condutor";"Saída de leito carroçável";"Sem Vítimas";"Plena Noite";"Crescente";"Nublado";"Simples";"Curva";"Não";1;0;0;0;1;0;0;1;-28,385212;-53,039398;"SPRF-RS";"DEL08-RS";"UOP03-DEL08-RS"
390246;2021-10-17;"domingo";"10:00:00";"GO";70;16;"COCALZINHO DE GOIAS";"Condutor deixou de manter distância do veículo da frente";"Saída de leito carroçável";"Com Vítimas Feridas";"Pleno dia";"Crescente";"Céu Claro";"Simples";"Ponte";"Não";4;0;1;0;2;1;1;2;-15,75474632;-48,34196135;"SPRF-DF";"DEL03-DF";"UOP02-DEL03-DF"
390247;2021-10-17;"domingo";"09:15:00";"RS";386;105,8;"SAO JOSE DAS MISSOES";"Ultrapassagem Indevida";"Colisão frontal";"Com Vítimas Feridas";"Pleno dia";"Crescente";"Nublado";"Simples";"Reta";"Não";7;0;1;5;1;0;6;2;-27,77720252;-53,07466149;"SPRF-RS";"DEL08-RS";"UOP01-DEL08-RS"
390249;2021-10-17;"domingo";"09:20:00";"PR";272;555;"TERRA ROXA";"Ingestão de álcool e/ou substâncias psicoativas pelo pedestre";"Colisão traseira";"Com Vítimas Feridas";"Pleno dia";"Crescente";"Garoa/Chuvisco";"Simples";"Curva";"Não";7;0;3;0;3;1;3;2;-24,08413076;-54,1051081;"SPRF-PR";"DEL06-PR";"UOP01-DEL06-PR"
390250;2021-10-17;"domingo";"09:10:00";"SC";470;266,7;"CURITIBANOS";"Reação tardia ou ineficiente do condutor";"Saída de leito carroçável";"Com Vítimas Feridas";"Pleno dia";"Crescente";"Nublado";"Simples";"Curva";"Não";1;0;1;0;0;0;1;1;-27,311543;-50,729591;"SPRF-SC";"DEL05-SC";"UOP03-DEL05-SC"
390251;2021-10-17;"domingo";"05:46:00";"MT";364;323;"CAMPO VERDE";"Reação tardia ou ineficiente do condutor";"Saída de leito carroçável";"Com Vítimas Feridas";"Amanhecer";"Crescente";"Céu Claro";"Dupla";"Reta";"Não";5;0;3;1;0;1;4;2;-15,81564806;-55,35031001;"SPRF-MT";"DEL05-MT";"UOP02-DEL05-MT"
390252;2021-10-17;"domingo";"10:50:00";"PB";101;87,9;"JOAO PESSOA";"Mal súbito do condutor";"Tombamento";"Com Vítimas Feridas";"Pleno dia";"Crescente";"Céu Claro";"Dupla";"Reta";"Sim";1;0;0;1;0;0;1;1;-7,15886802;-34,90628504;"SPRF-PB";"DEL01-PB";"UOP01-DEL01-PB"
390254;2021-10-17;"domingo";"11:10:00";"DF";70;10;"BRASILIA";"Manobra de mudança de faixa";"Colisão traseira";"Com Vítimas Feridas";"Pleno dia";"Crescente";"Nublado";"Dupla";"Reta";"Sim";2;0;1;0;1;0;1;2;-15,787066;-48,140709;"SPRF-DF";"DEL03-DF";"UOP02-DEL03-DF"
390257;2021-10-17;"domingo";"10:15:00";"PA";163;985;"SANTAREM";"Ultrapassagem Indevida";"Saída de leito carroçável";"Com Vítimas Feridas";"Pleno dia";"Crescente";"Céu Claro";"Simples";"Curva";"Não";4;0;1;0;3;0;1;1;-2,60170904;-54,7193154;"SPRF-PA";"DEL05-PA";"UOP01-DEL05-PA"
390258;2021-10-14;"quinta-feira";"02:10:00";"SP";116;517;"CAJATI";"Neblina";"Capotamento";"Com Vítimas Feridas";"Plena Noite";"Decrescente";"Nevoeiro/Neblina";"Simples";"Curva";"Não";1;0;1;0;0;0;1;1;-24,8768469;-48,22732309;"SPRF-SP";"DEL05-SP";"UOP02-DEL05-SP"
390260;2021-10-17;"domingo";"08:30:00";"SC";280;10,6;"SAO FRANCISCO DO SUL";"Acessar a via sem observar a presença dos outros veículos";"Colisão transversal";"Com Vítimas Feridas";"Pleno dia";"Decrescente";"Chuva";"Simples";"Reta";"Sim";4;0;0;1;3;0;1;2;-26,29625399;-48,64238799;"SPRF-SC";"DEL03-SC";"UOP03-DEL03-SC"
390261;2021-10-17;"domingo";"11:45:00";"PB";101;84,4;"BAYEUX";"Condutor deixou de manter distância do veículo da frente";"Colisão traseira";"Com Vítimas Feridas";"Pleno dia";"Decrescente";"Céu Claro";"Dupla";"Reta";"Sim";2;0;1;0;1;0;1;2;-7,13957906;-34,92312806;"SPRF-PB";"DEL01-PB";"UOP01-DEL01-PB"
390262;2021-10-10;"domingo";"21:50:00";"RJ";465;6,1;"SEROPEDICA";"Ingestão de álcool pelo condutor";"Colisão com objeto";"Com Vítimas Fatais";"Plena Noite";"Decrescente";"Chuva";"Dupla";"Reta";"Não";1;1;0;0;0;0;0;1;-22,754787;-43,692458;"SPRF-RJ";"DEL01-RJ";"UOP03-DEL01-RJ"
390263;2021-10-17;"domingo";"12:12:00";"SP";116;216,1;"GUARULHOS";"Demais falhas mecânicas ou elétricas";"Colisão lateral mesmo sentido";"Com Vítimas Feridas";"Pleno dia";"Decrescente";"Garoa/Chuvisco";"Múltipla";"Reta";"Sim";4;0;2;0;2;0;2;2;-23,45056589;-46,46258105;"SPRF-SP";"DEL01-SP";"UOP01-DEL01-SP"
390264;2021-10-17;"domingo";"08:20:00";"MG";381;413;"NOVA UNIAO";"Reação tardia ou ineficiente do condutor";"Capotamento";"Com Vítimas Feridas";"Pleno dia";"Decrescente";"Céu Claro";"Dupla";"Reta";"Não";1;0;1;0;0;0;1;1;-19,74091908;-43,60699698;"SPRF-MG";"DEL01-MG";"UOP01-DEL01-MG"
390266;2021-10-17;"domingo";"13:15:00";"ES";101;208;"IBIRACU";"Conversão proibida";"Colisão lateral mesmo sentido";"Com Vítimas Feridas";"Pleno dia";"Crescente";"Nublado";"Simples";"Reta";"Não";3;0;2;0;1;0;2;2;-19,780796;-40,37160598;"SPRF-ES";"DEL02-ES";"UOP01-DEL02-ES"
390270;2021-10-17;"domingo";"13:50:00";"CE";116;42;"HORIZONTE";"Acessar a via sem observar a presença dos outros veículos";"Colisão traseira";"Com Vítimas Feridas";"Pleno dia";"Decrescente";"Céu Claro";"Dupla";"Reta";"Não";3;0;1;0;2;0;1;2;-4,10857928;-38,4942173;"SPRF-CE";"DEL01-CE";"UOP02-DEL01-CE"
390271;2021-10-17;"domingo";"13:40:00";"CE";222;7;"CAUCAIA";"Ausência de reação do condutor";"Saída de leito carroçável";"Com Vítimas Fatais";"Pleno dia";"Decrescente";"Sol";"Dupla";"Reta";"Sim";1;1;0;0;0;0;0;1;-3,74946317;-38,630054;"SPRF-CE";"DEL01-CE";"UOP01-DEL01-CE"
390272;2021-10-17;"domingo";"10:37:00";"GO";70;12;"AGUAS LINDAS DE GOIAS";"Ingestão de álcool pelo condutor";"Colisão traseira";"Sem Vítimas";"Pleno dia";"Crescente";"Céu Claro";"Dupla";"Curva";"Sim";2;0;0;0;2;0;0;2;-15,741456;-48,3139403;"SPRF-DF";"DEL03-DF";"UOP02-DEL03-DF"
390273;2021-10-17;"domingo";"08:05:00";"RS";116;183,1;"NOVA PETROPOLIS";"Velocidade Incompatível";"Saída de leito carroçável";"Sem Vítimas";"Pleno dia";"Decrescente";"Nublado";"Simples";"Curva";"Sim";1;0;0;0;1;0;0;1;-29,38206672;-51,12330599;"SPRF-RS";"DEL05-RS";"UOP02-DEL05-RS"
390274;2021-10-17;"domingo";"13:05:00";"MG";381;943;"EXTREMA";"Velocidade Incompatível";"Tombamento";"Com Vítimas Feridas";"Pleno dia";"Crescente";"Céu Claro";"Dupla";"Reta";"Não";1;0;1;0;0;0;1;1;-22,83721756;-46,32753099;"SPRF-MG";"DEL16-MG";"UOP03-DEL16-MG"
390276;2021-10-17;"domingo";"14:15:00";"SC";101;215,5;"PALHOCA";"Chuva";"Tombamento";"Com Vítimas Feridas";"Pleno dia";"Crescente";"Chuva";"Simples";"Curva";"Não";1;0;1;0;0;0;1;1;-27,65184843;-48,67604941;"SPRF-SC";"DEL01-SC";"UOP02-DEL01-SC"
390277;2021-10-17;"domingo";"11:30:00";"RJ";101;422;"MANGARATIBA";"Transitar na contramão";"Colisão frontal";"Com Vítimas Feridas";"Pleno dia";"Crescente";"Chuva";"Simples";"Curva";"Sim";5;0;0;4;1;0;4;3;-22,91608393;-43,94022903;"SPRF-RJ";"DEL03-RJ";"UOP03-DEL03-RJ"
390278;2021-10-17;"domingo";"11:00:00";"PR";369;17,1;"CAMBARA";"Demais falhas mecânicas ou elétricas";"Queda de ocupante de veículo";"Com Vítimas Feridas";"Pleno dia";"Crescente";"Nublado";"Simples";"Reta";"Não";2;0;1;1;0;0;2;1;-23,02042653;-50,02598763;"SPRF-PR";"DEL07-PR";"UOP01-DEL07-PR"
390279;2021-10-17;"domingo";"11:00:00";"SC";280;5;"SAO FRANCISCO DO SUL";"Desrespeitar a preferência no cruzamento";"Colisão transversal";"Com Vítimas Feridas";"Pleno dia";"Decrescente";"Céu Claro";"Simples";"Rotatória";"Não";3;0;0;2;1;0;2;2;-26,26011706;-48,62571995;"SPRF-SC";"DEL03-SC";"UOP03-DEL03-SC"
390283;2021-10-17;"domingo";"14:20:00";"ES";101;269,8;"SERRA";"Ingestão de álcool pelo condutor";"Colisão traseira";"Sem Vítimas";"Pleno dia";"Decrescente";"Nublado";"Dupla";"Reta";"Sim";2;0;0;0;2;0;0;2;-20,21740496;-40,26990578;"SPRF-ES";"DEL02-ES";"UOP01-DEL02-ES"
390284;2021-10-17;"domingo";"15:10:00";"SC";282;17,3;"PALHOCA";"Ausência de reação do condutor";"Colisão traseira";"Sem Vítimas";"Pleno dia";"Decrescente";"Garoa/Chuvisco";"Simples";"Reta";"Sim";3;0;0;0;3;0;0;2;-27,665707;-48,688065;"SPRF-SC";"DEL01-SC";"UOP02-DEL01-SC"
390287;2021-10-17;"domingo";"15:25:00";"PB";230;42;"SANTA RITA";"Ingestão de álcool pelo condutor";"Queda de ocupante de veículo";"Com Vítimas Feridas";"Pleno dia";"Crescente";"Céu Claro";"Múltipla";"Retorno Regulamentado";"Sim";2;0;1;0;0;1;1;2;-7,1426;-34,9956;"SPRF-PB";"DEL01-PB";"UOP03-DEL01-PB"
390290;2021-10-17;"domingo";"15:30:00";"PB";104;110,1;"LAGOA SECA";"Reação tardia ou ineficiente do condutor";"Colisão com objeto";"Com Vítimas Fatais";"Pleno dia";"Decrescente";"Sol";"Simples";"Reta;Declive";"Não";5;2;0;1;2;0;1;1;-7,128131;-35,861061;"SPRF-PB";"DEL02-PB";"UOP04-DEL02-PB"
390291;2021-10-17;"domingo";"13:30:00";"MA";226;527;"LAJEADO NOVO";"Acessar a via sem observar a presença dos outros veículos";"Colisão transversal";"Com Vítimas Feridas";"Pleno dia";"Crescente";"Céu Claro";"Simples";"Reta";"Sim";2;0;1;0;1;0;1;2;-6,18603733;-47,03023659;"SPRF-MA";"DEL04-MA";"UOP02-DEL04-MA"
390295;2021-10-17;"domingo";"15:30:00";"PB";230;339,2;"PATOS";"Transitar na contramão";"Colisão frontal";"Com Vítimas Feridas";"Pleno dia";"Decrescente";"Céu Claro";"Simples";"Reta";"Não";2;0;0;1;1;0;1;2;-7,0057;-37,2998;"SPRF-PB";"DEL03-PB";"UOP01-DEL03-PB"
390297;2021-10-17;"domingo";"10:30:00";"PI";407;439;"GEMINIANO";"Acessar a via sem observar a presença dos outros veículos";"Colisão frontal";"Com Vítimas Fatais";"Pleno dia";"Crescente";"Céu Claro";"Simples";"Reta";"Não";2;1;0;0;1;0;0;2;-7,18111567;-41,33015896;"SPRF-PI";"DEL04-PI";"UOP01-DEL04-PI"
390298;2021-10-17;"domingo";"14:30:00";"RO";364;506,8;"ARIQUEMES";"Acostamento em desnível";"Saída de leito carroçável";"Com Vítimas Feridas";"Pleno dia";"Crescente";"Céu Claro";"Simples";"Reta";"Não";4;0;1;0;3;0;1;2;-9,99000286;-63,01741583;"SPRF-RO";"DEL03-RO";"UOP01-DEL03-RO"
390299;2021-10-17;"domingo";"16:30:00";"PR";116;97;"SAO JOSE DOS PINHAIS";"Manobra de mudança de faixa";"Saída de leito carroçável";"Sem Vítimas";"Pleno dia";"Crescente";"Chuva";"Dupla";"Curva";"Sim";1;0;0;0;0;1;0;1;-25,51232495;-49,12871007;"SPRF-PR";"DEL01-PR";"UOP01-DEL01-PR"
390300;2021-10-17;"domingo";"17:00:00";"MG";365;614,4;"UBERLANDIA";"Transitar na contramão";"Colisão frontal";"Com Vítimas Feridas";"Pleno dia";"Decrescente";"Céu Claro";"Simples";"Aclive;Reta";"Sim";3;0;2;0;0;1;2;2;-18,9121531;-48,21992755;"SPRF-MG";"DEL15-MG";"UOP01-DEL15-MG"
390302;2021-05-22;"sábado";"17:15:00";"MG";40;548,9;"NOVA LIMA";"Ausência de reação do condutor";"Saída de leito carroçável";"Com Vítimas Feridas";"Pleno dia";"Decrescente";"Céu Claro";"Dupla";"Reta";"Não";1;0;1;0;0;0;1;1;-20,04611666;-43,96444537;"SPRF-MG";"DEL01-MG";"UOP02-DEL01-MG"
390303;2021-10-17;"domingo";"17:20:00";"PR";116;132;"FAZENDA RIO GRANDE";"Velocidade Incompatível";"Saída de leito carroçável";"Sem Vítimas";"Pleno dia";"Decrescente";"Chuva";"Dupla";"Viaduto";"Sim";1;0;0;0;1;0;0;1;-25,65733698;-49,31212612;"SPRF-PR";"DEL01-PR";"UOP03-DEL01-PR"
390304;2021-10-17;"domingo";"17:10:00";"SP";153;53,3;"SAO JOSE DO RIO PRETO";"Ausência de reação do condutor";"Tombamento";"Com Vítimas Feridas";"Pleno dia";"Crescente";"Céu Claro";"Dupla";"Reta";"Não";1;0;1;0;0;0;1;1;-20,73603199;-49,33803779;"SPRF-SP";"DEL09-SP";"UOP01-DEL09-SP"
390305;2021-10-17;"domingo";"18:15:00";"ES";101;230;"FUNDAO";"Ingestão de álcool pelo condutor";"Colisão frontal";"Com Vítimas Feridas";"Plena Noite";"Crescente";"Nublado";"Simples";"Reta";"Sim";5;0;1;0;3;1;1;3;-19,93558165;-40,40603211;"SPRF-ES";"DEL02-ES";"UOP01-DEL02-ES"
390306;2021-10-17;"domingo";"16:55:00";"PR";277;584,8;"CASCAVEL";"Manobra de mudança de faixa";"Colisão lateral mesmo sentido";"Com Vítimas Feridas";"Pleno dia";"Crescente";"Chuva";"Dupla";"Reta";"Não";3;0;1;0;2;0;1;2;-24,96684176;-53,40258186;"SPRF-PR";"DEL04-PR";"UOP01-DEL04-PR"
390307;2021-10-17;"domingo";"17:35:00";"SP";116;509;"CAJATI";"Chuva";"Capotamento";"Com Vítimas Feridas";"Amanhecer";"Crescente";"Chuva";"Simples";"Curva";"Não";6;0;2;0;4;0;2;1;-24,82178987;-48,21419034;"SPRF-SP";"DEL05-SP";"UOP02-DEL05-SP"
390308;2021-10-17;"domingo";"15:40:00";"SC";280;89;"CORUPA";"Chuva";"Saída de leito carroçável";"Sem Vítimas";"Pleno dia";"Decrescente";"Chuva";"Simples";"Curva";"Não";1;0;0;0;1;0;0;1;-26,39475643;-49,29569721;"SPRF-SC";"DEL06-SC";"UOP03-DEL06-SC"
390310;2021-10-17;"domingo";"16:35:00";"MG";40;721;"BARBACENA";"Chuva";"Tombamento";"Com Vítimas Feridas";"Pleno dia";"Crescente";"Chuva";"Dupla";"Reta";"Não";2;0;1;0;0;1;1;1;-21,28684598;-43,64159531;"SPRF-MG";"DEL05-MG";"UOP01-DEL05-MG"
390311;2021-10-17;"domingo";"18:30:00";"CE";20;404;"CAUCAIA";"Acessar a via sem observar a presença dos outros veículos";"Colisão transversal";"Sem Vítimas";"Plena Noite";"Crescente";"Céu Claro";"Simples";"Interseção de Vias";"Não";2;0;0;0;2;0;0;2;-3,77821762;-38,68607924;"SPRF-CE";"DEL01-CE";"UOP01-DEL01-CE"
390312;2021-10-17;"domingo";"09:40:00";"RJ";101;442;"MANGARATIBA";"Demais falhas mecânicas ou elétricas";"Incêndio";"Sem Vítimas";"Pleno dia";"Crescente";"Garoa/Chuvisco";"Simples";"Curva";"Sim";1;0;0;0;1;0;0;1;-22,973969;-44,087093;"SPRF-RJ";"DEL03-RJ";"UOP03-DEL03-RJ"
390313;2021-10-17;"domingo";"18:10:00";"SC";101;190,8;"BIGUACU";"Ingestão de álcool pelo condutor";"Colisão com objeto";"Sem Vítimas";"Anoitecer";"Decrescente";"Chuva";"Dupla";"Curva";"Sim";1;0;0;0;0;1;0;1;-27,47467702;-48,64061594;"SPRF-SC";"DEL01-SC";"UOP01-DEL01-SC"
390314;2021-10-17;"domingo";"18:45:00";"SC";101;332;"TUBARAO";"Manobra de mudança de faixa";"Colisão com objeto";"Com Vítimas Feridas";"Anoitecer";"Decrescente";"Céu Claro";"Dupla";"Reta";"Sim";1;0;1;0;0;0;1;1;-28,46016431;-48,98968873;"SPRF-SC";"DEL02-SC";"UOP01-DEL02-SC"
390315;2021-10-17;"domingo";"18:30:00";"GO";60;101,5;"ANAPOLIS";"Ingestão de álcool e/ou substâncias psicoativas pelo pedestre";"Atropelamento de Pedestre";"Com Vítimas Feridas";"Plena Noite";"Crescente";"Nublado";"Múltipla";"Reta";"Sim";8;0;0;1;6;1;1;3;-16,4022;-48,9745;"SPRF-GO";"DEL02-GO";"UOP01-DEL02-GO"
390317;2021-10-17;"domingo";"13:30:00";"PB";230;471,1;"SOUSA";"Ultrapassagem Indevida";"Colisão lateral sentido oposto";"Com Vítimas Feridas";"Pleno dia";"Decrescente";"Sol";"Simples";"Curva";"Não";2;0;0;1;0;1;1;2;-6,8034;-38,30388;"SPRF-PB";"DEL03-PB";"UOP03-DEL03-PB"
390318;2021-10-17;"domingo";"18:05:00";"RR";174;490;"BOA VISTA";"Ingestão de álcool pelo condutor";"Colisão traseira";"Sem Vítimas";"Plena Noite";"Crescente";"Céu Claro";"Simples";"Reta";"Não";3;0;0;0;3;0;0;3;2,735759;-60,77396;"SPRF-RR";"DEL01-RR";"UOP01-DEL01-RR"
390320;2021-10-17;"domingo";"18:40:00";"PR";376;185,1;"SARANDI";"Velocidade Incompatível";"Colisão traseira";"Com Vítimas Feridas";"Plena Noite";"Crescente";"Nublado";"Dupla";"Reta";"Sim";3;0;1;0;2;0;1;2;-23,45147413;-51,85361808;"SPRF-PR";"DEL09-PR";"UOP01-DEL09-PR"
390321;2021-10-17;"domingo";"17:20:00";"MA";222;663;"ACAILANDIA";"Conversão proibida";"Colisão traseira";"Com Vítimas Feridas";"Pleno dia";"Crescente";"Nublado";"Simples";"Reta";"Sim";2;0;0;1;0;1;1;2;-4,906944;-47,406665;"SPRF-MA";"DEL04-MA";"UOP03-DEL04-MA"