"id";"data_inversa";"dia_semana";"horario";"uf";"br";"km";"municipio";"causa_acidente";"tipo_acidente";"classificacao_acidente";"fase_dia";"sentido_via";"condicao_metereologica";"tipo_pista";"tracado_via";"uso_solo";"pessoas";"mortos";"feridos_leves";"feridos_graves";"ilesos";"ignorados";"feridos";"veiculos";"latitude";"longitude";"regional";"delegacia";"uop"
390556;2021-10-18;"segunda-feira";"19:55:00";"RS";386;215,1;"TIO HUGO";"Desrespeitar a preferência no cruzamento";"Colisão transversal";"Com Vítimas Feridas";"Plena Noite";"Crescente";"Céu Claro";"Simples";"Reta;Interseção de Vias";"Sim";2;0;0;1;1;0;1;2;-28,57666;-52,596031;"SPRF-RS";"DEL04-RS";"UOP03-DEL04-RS"
390558;2021-10-18;"segunda-feira";"20:40:00";"MT";163;757;"SORRISO";"Deficiência do Sistema de Iluminação/Sinalização";"Saída de leito carroçável";"Com Vítimas Feridas";"Plena Noite";"Decrescente";"Céu Claro";"Simples";"Reta";"Não";2;0;0;1;1;0;1;1;-12,514;-55,696;"SPRF-MT";"DEL06-MT";"UOP01-DEL06-MT"
390560;2021-10-18;"segunda-feira";"20:00:00";"PE";101;78,2;"JABOATAO DOS GUARARAPES";"Ingestão de álcool pelo condutor";"Colisão lateral mesmo sentido";"Sem Vítimas";"Plena Noite";"Crescente";"Céu Claro";"Dupla";"Reta";"Sim";2;0;0;0;2;0;0;2;-8,139101;-34,947229;"SPRF-PE";"DEL01-PE";"UOP01-DEL01-PE"
390563;2021-10-18;"segunda-feira";"20:54:00";"SP";153;269;"MARILIA";"Condutor deixou de manter distância do veículo da frente";"Colisão traseira";"Com Vítimas Feridas";"Plena Noite";"Crescente";"Céu Claro";"Múltipla";"Reta";"Sim";2;0;0;1;1;0;1;2;-22,339186;-49,89894098;"SPRF-SP";"DEL07-SP";"UOP02-DEL07-SP"
390564;2021-10-18;"segunda-feira";"20:40:00";"PR";467;101,1;"CASCAVEL";"Transitar na contramão";"Colisão lateral sentido oposto";"Sem Vítimas";"Plena Noite";"Crescente";"Céu Claro";"Simples";"Reta";"Não";1;0;0;0;1;0;0;1;-24,8999;-53,5272;"SPRF-PR";"DEL04-PR";"UOP01-DEL04-PR"
390565;2021-10-18;"segunda-feira";"18:00:00";"RO";364;350;"JI-PARANA";"Reação tardia ou ineficiente do condutor";"Colisão traseira";"Com Vítimas Feridas";"Anoitecer";"Decrescente";"Chuva";"Simples";"Reta";"Não";2;0;1;0;1;0;1;2;-10,84541153;-61,99883268;"SPRF-RO";"DEL02-RO";"UOP01-DEL02-RO"
390567;2021-10-18;"segunda-feira";"20:30:00";"PE";101;69,5;"RECIFE";"Condutor deixou de manter distância do veículo da frente";"Colisão traseira";"Com Vítimas Feridas";"Plena Noite";"Decrescente";"Céu Claro";"Simples";"Reta";"Sim";2;0;1;0;1;0;1;2;-8,05951606;-34,94581024;"SPRF-PE";"DEL01-PE";"UOP01-DEL01-PE"
390569;2021-10-18;"segunda-feira";"23:15:00";"RS";290;97;"PORTO ALEGRE";"Velocidade Incompatível";"Tombamento";"Com Vítimas Feridas";"Plena Noite";"Crescente";"Céu Claro";"Dupla";"Curva;Aclive";"Sim";1;0;1;0;0;0;1;1;-29,997789;-51,20779;"SPRF-RS";"DEL01-RS";"UOP01-DEL01-RS"
390570;2021-10-18;"segunda-feira";"21:55:00";"SP";116;58,4;"GUARATINGUETA";"Manobra de mudança de faixa";"Colisão transversal";"Com Vítimas Feridas";"Plena Noite";"Crescente";"Garoa/Chuvisco";"Simples";"Reta";"Sim";2;0;1;0;1;0;1;2;-22,78005511;-45,14572791;"SPRF-SP";"DEL08-SP";"UOP01-DEL08-SP"
390575;2021-10-18;"segunda-feira";"23:35:00";"SC";163;73;"SAO MIGUEL DO OESTE";"Ingestão de álcool pelo condutor";"Colisão com objeto";"Com Vítimas Feridas";"Plena Noite";"Crescente";"Céu Claro";"Simples";"Reta";"Sim";1;0;1;0;0;0;1;1;-26,71084646;-53,51502434;"SPRF-SC";"DEL07-SC";"UOP03-DEL07-SC"
390576;2021-10-18;"segunda-feira";"19:00:00";"RJ";101;58;"CAMPOS DOS GOYTACAZES";"Ingestão de álcool pelo condutor";"Colisão traseira";"Com Vítimas Feridas";"Plena Noite";"Crescente";"Garoa/Chuvisco";"Simples";"Reta";"Sim";2;0;1;0;1;0;1;2;-21,70488703;-41,30979616;"SPRF-RJ";"DEL08-RJ";"UOP01-DEL08-RJ"
390578;2021-10-18;"segunda-feira";"19:30:00";"BA";101;521;"ITABUNA";"Ingestão de álcool pelo condutor";"Colisão frontal";"Com Vítimas Feridas";"Plena Noite";"Crescente";"Céu Claro";"Simples";"Reta";"Não";7;0;1;6;0;0;7;2;-14,928364;-39,298251;"SPRF-BA";"DEL05-BA";"UOP01-DEL05-BA"
390579;2021-10-18;"segunda-feira";"16:45:00";"SC";470;155;"AGRONOMICA";"Acessar a via sem observar a presença dos outros veículos";"Colisão transversal";"Com Vítimas Feridas";"Pleno dia";"Crescente";"Nublado";"Simples";"Reta";"Não";3;0;3;0;0;0;3;2;-27,277105;-49,751972;"SPRF-SC";"DEL04-SC";"UOP02-DEL04-SC"
390583;2021-10-19;"terça-feira";"04:43:00";"GO";153;372,2;"SAO FRANCISCO DE GOIAS";"Animais na Pista";"Atropelamento de Animal";"Com Vítimas Feridas";"Plena Noite";"Crescente";"Nublado";"Simples";"Reta";"Não";5;0;4;1;0;0;5;1;-15,843293;-49,270893;"SPRF-GO";"DEL02-GO";"UOP02-DEL02-GO"
390585;2021-10-18;"segunda-feira";"17:15:00";"MG";381;697;"LAVRAS";"Chuva";"Saída de leito carroçável";"Sem Vítimas";"Pleno dia";"Crescente";"Chuva";"Dupla";"Curva";"Não";1;0;0;0;0;1;0;1;-21,29043096;-45,14791909;"SPRF-MG";"DEL04-MG";"UOP02-DEL04-MG"
390586;2021-10-18;"segunda-feira";"21:00:00";"MG";116;251,7;"TEOFILO OTONI";"Velocidade Incompatível";"Saída de leito carroçável";"Com Vítimas Feridas";"Plena Noite";"Decrescente";"Garoa/Chuvisco";"Simples";"Reta";"Não";2;0;1;0;0;1;1;2;-17,65137591;-41,49335386;"SPRF-MG";"DEL11-MG";"UOP01-DEL11-MG"
390587;2021-10-19;"terça-feira";"06:30:00";"MG";50;71;"UBERLANDIA";"Ingestão de álcool pelo condutor";"Colisão com objeto";"Sem Vítimas";"Pleno dia";"Decrescente";"Sol";"Simples";"Reta";"Sim";1;0;0;0;1;0;0;1;-18,85140204;-48,25345932;"SPRF-MG";"DEL15-MG";"UOP01-DEL15-MG"
390588;2021-10-19;"terça-feira";"06:40:00";"PR";376;185,3;"SARANDI";"Desrespeitar a preferência no cruzamento";"Colisão lateral mesmo sentido";"Com Vítimas Feridas";"Amanhecer";"Crescente";"Céu Claro";"Dupla";"Reta";"Sim";2;0;0;1;1;0;1;2;-23,45147413;-51,85361808;"SPRF-PR";"DEL09-PR";"UOP01-DEL09-PR"
390589;2021-10-19;"terça-feira";"06:20:00";"RJ";116;176;"NOVA IGUACU";"Ausência de reação do condutor";"Capotamento";"Com Vítimas Feridas";"Amanhecer";"Decrescente";"Chuva";"Dupla";"Reta";"Sim";3;0;2;0;1;0;2;1;-22,7839538;-43,38195488;"SPRF-RJ";"DEL01-RJ";"UOP02-DEL01-RJ"
390590;2021-10-19;"terça-feira";"06:15:00";"SP";116;103,4;"TAUBATE";"Velocidade Incompatível";"Colisão lateral mesmo sentido";"Com Vítimas Feridas";"Pleno dia";"Decrescente";"Nublado";"Dupla";"Reta";"Não";2;0;0;1;1;0;1;2;-22,99919465;-45,49788917;"SPRF-SP";"DEL08-SP";"UOP01-DEL08-SP"
390591;2021-10-19;"terça-feira";"06:40:00";"PB";101;81;"BAYEUX";"Ausência de reação do condutor";"Colisão traseira";"Sem Vítimas";"Amanhecer";"Crescente";"Céu Claro";"Dupla";"Reta";"Sim";2;0;0;0;2;0;0;2;-7,12508575;-34,94513217;"SPRF-PB";"DEL01-PB";"UOP01-DEL01-PB"
390592;2021-10-19;"terça-feira";"06:50:00";"SC";101;240,1;"PALHOCA";"Manobra de mudança de faixa";"Saída de leito carroçável";"Com Vítimas Feridas";"Amanhecer";"Decrescente";"Céu Claro";"Dupla";"Reta";"Não";1;0;1;0;0;0;1;1;-27,85825092;-48,64383119;"SPRF-SC";"DEL01-SC";"UOP02-DEL01-SC"
390593;2021-10-19;"terça-feira";"07:18:00";"RS";470;214,5;"BENTO GONCALVES";"Conversão proibida";"Colisão transversal";"Com Vítimas Feridas";"Pleno dia";"Decrescente";"Sol";"Simples";"Curva";"Sim";3;0;0;1;2;0;1;2;-29,15664932;-51,53065324;"SPRF-RS";"DEL06-RS";"UOP01-DEL06-RS"
390595;2021-10-19;"terça-feira";"07:45:00";"SE";235;4;"NOSSA SENHORA DO SOCORRO";"Trafegar com motocicleta (ou similar) entre as faixas";"Colisão lateral mesmo sentido";"Com Vítimas Feridas";"Pleno dia";"Crescente";"Céu Claro";"Dupla";"Declive";"Não";3;0;1;0;1;1;1;3;-10,9064;-37,1197;"SPRF-SE";"DEL01-SE";"UOP01-DEL01-SE"
390596;2021-10-19;"terça-feira";"07:50:00";"PB";101;90,8;"JOAO PESSOA";"Reação tardia ou ineficiente do condutor";"Colisão com objeto";"Com Vítimas Feridas";"Pleno dia";"Crescente";"Céu Claro";"Dupla";"Reta";"Sim";2;0;2;0;0;0;2;1;-7,18826412;-34,90308264;"SPRF-PB";"DEL01-PB";"UOP02-DEL01-PB"
390597;2021-10-19;"terça-feira";"07:40:00";"MG";40;519;"RIBEIRAO DAS NEVES";"Trafegar com motocicleta (ou similar) entre as faixas";"Colisão lateral mesmo sentido";"Com Vítimas Feridas";"Pleno dia";"Crescente";"Nublado";"Dupla";"Reta";"Não";2;0;1;0;1;0;1;2;-19,83957589;-44,07684485;"SPRF-MG";"DEL01-MG";"UOP02-DEL01-MG"
390598;2021-10-12;"terça-feira";"17:40:00";"PA";10;0;"DOM ELISEU";"Condutor deixou de manter distância do veículo da frente";"Colisão com objeto";"Com Vítimas Feridas";"Pleno dia";"Decrescente";"Céu Claro";"Simples";"Ponte";"Sim";5;0;0;2;3;0;2;3;-4,44465508;-47,53200531;"SPRF-PA";"DEL02-PA";"UOP02-DEL02-PA"
390601;2021-10-19;"terça-feira";"08:00:00";"PR";277;1,5;"CAMPO LARGO";"Reação tardia ou ineficiente do condutor";"Colisão transversal";"Com Vítimas Feridas";"Pleno dia";"Decrescente";"Sol";"Dupla";"Reta";"Não";2;0;0;1;1;0;1;2;-25,44850177;-49,51419532;"SPRF-PR";"DEL01-PR";"UOP03-DEL03-PR"
390602;2021-10-19;"terça-feira";"07:00:00";"MG";116;224,4;"TEOFILO OTONI";"Velocidade Incompatível";"Saída de leito carroçável";"Com Vítimas Feridas";"Pleno dia";"Decrescente";"Garoa/Chuvisco";"Simples";"Curva;Declive";"Não";4;0;4;0;0;0;4;1;-17,443143;-41,509754;"SPRF-MG";"DEL11-MG";"UOP01-DEL11-MG"
390606;2021-10-19;"terça-feira";"09:40:00";"RS";158;326;"SANTA MARIA";"Acesso irregular";"Colisão traseira";"Com Vítimas Feridas";"Pleno dia";"Decrescente";"Céu Claro";"Simples";"Reta;Em Obras";"Sim";2;0;1;0;1;0;1;2;-29,70928438;-53,82335924;"SPRF-RS";"DEL09-RS";"UOP01-DEL09-RS"
390608;2021-10-19;"terça-feira";"08:30:00";"MS";163;547,6;"BANDEIRANTES";"Reação tardia ou ineficiente do condutor";"Colisão frontal";"Com Vítimas Feridas";"Pleno dia";"Decrescente";"Céu Claro";"Simples";"Reta";"Sim";3;0;1;1;1;0;2;2;-19,92782311;-54,36589542;"SPRF-MS";"DEL01-MS";"UOP02-DEL01-MS"
390609;2021-10-19;"terça-feira";"07:35:00";"AC";364;124;"RIO BRANCO";"Condutor deixou de manter distância do veículo da frente";"Colisão traseira";"Com Vítimas Feridas";"Pleno dia";"Crescente";"Céu Claro";"Dupla";"Reta";"Sim";2;0;1;0;1;0;1;2;-10,01152469;-67,79140099;"SPRF-AC";"DEL01-AC";"UOP01-DEL01-AC"
390610;2021-10-19;"terça-feira";"06:00:00";"MG";381;250;"SANTANA DO PARAISO";"Chuva";"Tombamento";"Com Vítimas Feridas";"Amanhecer";"Crescente";"Chuva";"Simples";"Reta;Interseção de Vias";"Não";2;0;1;0;1;0;1;2;-19,45376523;-42,5211668;"SPRF-MG";"DEL06-MG";"UOP01-DEL06-MG"
390613;2021-10-19;"terça-feira";"07:30:00";"RJ";495;29,5;"PETROPOLIS";"Chuva";"Atropelamento de Pedestre";"Com Vítimas Fatais";"Pleno dia";"Crescente";"Chuva";"Simples";"Reta";"Sim";4;1;0;0;0;3;0;2;-22,391611;-43,126202;"SPRF-RJ";"DEL06-RJ";"UOP01-DEL06-RJ"
390617;2021-10-19;"terça-feira";"11:15:00";"SC";101;192,5;"BIGUACU";"Ausência de reação do condutor";"Queda de ocupante de veículo";"Com Vítimas Feridas";"Pleno dia";"Decrescente";"Céu Claro";"Múltipla";"Reta";"Sim";1;0;1;0;0;0;1;1;-27,48443781;-48,64765238;"SPRF-SC";"DEL01-SC";"UOP01-DEL01-SC"
390618;2021-10-17;"domingo";"19:15:00";"PA";230;663;"ALTAMIRA";"Acessar a via sem observar a presença dos outros veículos";"Colisão transversal";"Com Vítimas Feridas";"Plena Noite";"Crescente";"Céu Claro";"Simples";"Reta";"Não";2;0;0;1;1;0;1;2;-3,24993756;-52,33855404;"SPRF-PA";"DEL04-PA";"UOP01-DEL04-PA"
390620;2021-09-01;"quarta-feira";"07:55:00";"SC";101;147;"ITAPEMA";"Transitar na contramão";"Colisão transversal";"Com Vítimas Feridas";"Pleno dia";"Crescente";"Ignorado";"Múltipla";"Reta";"Não";2;0;1;0;1;0;1;2;-27,0659569;-48,5955532;"SPRF-SC";"DEL04-SC";"UOP03-DEL04-SC"
390621;2021-10-19;"terça-feira";"09:30:00";"CE";222;4,3;"CAUCAIA";"Acesso irregular";"Colisão lateral mesmo sentido";"Com Vítimas Feridas";"Pleno dia";"Decrescente";"Céu Claro";"Múltipla";"Reta";"Sim";2;0;1;0;1;0;1;2;-3,74164754;-38,60449792;"SPRF-CE";"DEL01-CE";"UOP01-DEL01-CE"
390622;2021-10-19;"terça-feira";"10:25:00";"RS";468;3,9;"PALMEIRA DAS MISSOES";"Acessar a via sem observar a presença dos outros veículos";"Colisão transversal";"Com Vítimas Feridas";"Pleno dia";"Crescente";"Céu Claro";"Simples";"Reta";"Não";5;0;2;0;3;0;2;2;-27,86423644;-53,33220816;"SPRF-RS";"DEL08-RS";"UOP01-DEL08-RS"
390623;2021-10-19;"terça-feira";"09:00:00";"DF";40;5,8;"BRASILIA";"Reação tardia ou ineficiente do condutor";"Tombamento";"Com Vítimas Feridas";"Pleno dia";"Decrescente";"Sol";"Dupla";"Reta";"Não";1;0;1;0;0;0;1;1;-16,02949635;-47,97859848;"SPRF-DF";"DEL01-DF";"UOP01-DEL01-DF"
390625;2021-10-19;"terça-feira";"09:05:00";"MG";116;415;"GOVERNADOR VALADARES";"Ausência de reação do condutor";"Colisão traseira";"Com Vítimas Feridas";"Pleno dia";"Decrescente";"Nevoeiro/Neblina";"Simples";"Ponte";"Sim";3;0;1;0;2;0;1;2;-18,88401297;-41,94924399;"SPRF-MG";"DEL06-MG";"UOP01-DEL06-MG"
390627;2021-10-19;"terça-feira";"12:15:00";"GO";40;8,9;"LUZIANIA";"Manobra de mudança de faixa";"Colisão transversal";"Com Vítimas Feridas";"Pleno dia";"Crescente";"Nublado";"Dupla";"Reta";"Sim";2;0;1;0;1;0;1;2;-16,116158;-47,96761;"SPRF-DF";"DEL01-DF";"UOP01-DEL01-DF"
390628;2021-10-19;"terça-feira";"12:30:00";"SP";381;72;"MAIRIPORA";"Mal súbito do condutor";"Colisão transversal";"Com Vítimas Feridas";"Pleno dia";"Crescente";"Garoa/Chuvisco";"Dupla";"Retorno Regulamentado";"Não";2;0;1;0;1;0;1;2;-23,35761806;-46,54970281;"SPRF-SP";"DEL03-SP";"UOP01-DEL03-SP"
390630;2021-10-19;"terça-feira";"12:20:00";"PR";369;87,5;"CORNELIO PROCOPIO";"Reação tardia ou ineficiente do condutor";"Saída de leito carroçável";"Com Vítimas Feridas";"Pleno dia";"Decrescente";"Nublado";"Simples";"Curva";"Não";1;0;1;0;0;0;1;1;-23,182703;-50,632589;"SPRF-PR";"DEL07-PR";"UOP01-DEL07-PR"
390631;2021-08-07;"sábado";"09:15:00";"PR";163;115,9;"CAPANEMA";"Ausência de reação do condutor";"Tombamento";"Com Vítimas Feridas";"Pleno dia";"Decrescente";"Sol";"Simples";"Curva;Aclive";"Não";1;0;0;1;0;0;1;1;-25,604861;-53,634543;"SPRF-PR";"DEL02-PR";"UOP02-DEL02-PR"
390632;2021-10-19;"terça-feira";"11:40:00";"PE";232;409,9;"SERRA TALHADA";"Acessar a via sem observar a presença dos outros veículos";"Colisão transversal";"Com Vítimas Feridas";"Pleno dia";"Decrescente";"Sol";"Simples";"Reta";"Sim";4;0;2;0;2;0;2;2;-7,981944;-38,289467;"SPRF-PE";"DEL04-PE";"UOP01-DEL04-PE"
390634;2021-10-19;"terça-feira";"12:05:00";"MT";174;5;"PONTES E LACERDA";"Acessar a via sem observar a presença dos outros veículos";"Tombamento";"Com Vítimas Feridas";"Pleno dia";"Crescente";"Céu Claro";"Simples";"Reta";"Sim";2;0;1;0;1;0;1;2;-15,22820832;-59,3371582;"SPRF-MT";"DEL04-MT";"UOP01-DEL04-MT"
390635;2021-10-19;"terça-feira";"07:55:00";"SC";116;5,5;"MAFRA";"Acessar a via sem observar a presença dos outros veículos";"Colisão transversal";"Com Vítimas Feridas";"Pleno dia";"Decrescente";"Nublado";"Simples";"Retorno Regulamentado;Reta";"Não";2;0;0;1;1;0;1;2;-26,14094396;-49,81508303;"SPRF-SC";"DEL06-SC";"UOP01-DEL06-SC"
390638;2021-10-19;"terça-feira";"12:30:00";"MA";135;0,5;"SAO LUIS";"Manobra de mudança de faixa";"Colisão traseira";"Com Vítimas Feridas";"Pleno dia";"Crescente";"Céu Claro";"Dupla";"Reta";"Sim";3;0;2;0;1;0;2;2;-2,5804565;-44,241947;"SPRF-MA";"DEL01-MA";"UOP01-DEL01-MA"
390640;2021-10-19;"terça-feira";"13:13:00";"PE";407;124;"PETROLINA";"Desrespeitar a preferência no cruzamento";"Colisão lateral mesmo sentido";"Com Vítimas Feridas";"Pleno dia";"Decrescente";"Céu Claro";"Dupla";"Rotatória";"Sim";2;0;1;0;0;1;1;2;-9,36929881;-40,54137139;"SPRF-PE";"DEL06-PE";"UOP01-DEL06-PE"
390641;2021-04-21;"quarta-feira";"20:30:00";"SP";116;229,5;"SAO PAULO";"Reação tardia ou ineficiente do condutor";"Colisão traseira";"Com Vítimas Fatais";"Plena Noite";"Crescente";"Nublado";"Múltipla";"Reta";"Sim";3;1;0;0;2;0;0;2;-23,51291902;-46,57604698;"SPRF-SP";"DEL01-SP";"UOP01-DEL01-SP"
390642;2021-10-19;"terça-feira";"13:35:00";"CE";116;4;"FORTALEZA";"Condutor deixou de manter distância do veículo da frente";"Colisão traseira";"Com Vítimas Feridas";"Pleno dia";"Crescente";"Céu Claro";"Dupla";"Reta";"Não";2;0;1;0;1;0;1;2;-3,7867209;-38,5114568;"SPRF-CE";"DEL01-CE";"UOP02-DEL01-CE"
390643;2021-10-19;"terça-feira";"13:10:00";"ES";262;2;"CARIACICA";"Reação tardia ou ineficiente do condutor";"Colisão traseira";"Com Vítimas Feridas";"Pleno dia";"Decrescente";"Chuva";"Múltipla";"Reta";"Sim";2;0;0;1;1;0;1;2;-20,33275688;-40,36077696;"SPRF-ES";"DEL01-ES";"UOP01-DEL01-ES"
390645;2021-10-19;"terça-feira";"13:35:00";"PR";376;205;"MANDAGUARI";"Entrada inopinada do pedestre";"Atropelamento de Pedestre";"Com Vítimas Feridas";"Pleno dia";"Decrescente";"Nublado";"Simples";"Reta";"Sim";2;0;1;0;1;0;1;2;-23,50951388;-51,72140497;"SPRF-PR";"DEL09-PR";"UOP01-DEL09-PR"
390648;2021-10-19;"terça-feira";"10:50:00";"GO";153;570,3;"PROFESSOR JAMIL";"Pista Escorregadia";"Saída de leito carroçável";"Com Vítimas Feridas";"Pleno dia";"Crescente";"Chuva";"Dupla";"Declive";"Não";1;0;1;0;0;0;1;1;-17,3032;-49,2355;"SPRF-GO";"DEL03-GO";"UOP01-DEL03-GO"
390649;2021-10-19;"terça-feira";"13:30:00";"PR";476;124;"CURITIBA";"Condutor deixou de manter distância do veículo da frente";"Colisão traseira";"Com Vítimas Feridas";"Pleno dia";"Crescente";"Nublado";"Múltipla";"Reta";"Sim";4;0;1;0;1;2;1;3;-25,399845;-49,215855;"SPRF-PR";"DEL01-PR";"UOP03-DEL01-PR"
390650;2021-10-19;"terça-feira";"14:20:00";"PE";232;5;"RECIFE";"Reação tardia ou ineficiente do condutor";"Queda de ocupante de veículo";"Com Vítimas Feridas";"Pleno dia";"Crescente";"Céu Claro";"Simples";"Curva";"Não";1;0;0;1;0;0;1;1;-8,06795766;-34,94535414;"SPRF-PE";"DEL01-PE";"UOP01-DEL01-PE"
390652;2021-10-19;"terça-feira";"14:00:00";"CE";304;47,8;"ARACATI";"Reação tardia ou ineficiente do condutor";"Engavetamento";"Com Vítimas Feridas";"Pleno dia";"Crescente";"Céu Claro";"Dupla";"Reta";"Sim";7;0;1;0;6;0;1;4;-4,57573881;-37,78945494;"SPRF-CE";"DEL03-CE";"UOP03-DEL03-CE"
390656;2021-09-12;"domingo";"06:00:00";"AP";210;15;"MACAPA";"Ausência de reação do condutor";"Colisão traseira";"Com Vítimas Feridas";"Amanhecer";"Decrescente";"Céu Claro";"Simples";"Reta";"Não";4;0;2;1;1;0;3;2;0,15606102;-51,13415102;"SPRF-AP";"DEL01-AP";"UOP01-DEL01-AP"
390657;2021-08-03;"terça-feira";"16:55:00";"PE";428;186;"PETROLINA";"Desrespeitar a preferência no cruzamento";"Colisão transversal";"Com Vítimas Feridas";"Pleno dia";"Decrescente";"Céu Claro";"Simples";"Reta";"Sim";2;0;0;1;1;0;1;2;-9,34807826;-40,47441248;"SPRF-PE";"DEL06-PE";"UOP01-DEL06-PE"
390660;2021-10-19;"terça-feira";"12:30:00";"RJ";40;91;"PETROPOLIS";"Chuva";"Queda de ocupante de veículo";"Com Vítimas Feridas";"Pleno dia";"Decrescente";"Chuva";"Simples";"Curva";"Não";2;0;1;0;0;1;1;1;-22,54903566;-43,24229724;"SPRF-RJ";"DEL06-RJ";"UOP01-DEL06-RJ"
390661;2021-10-19;"terça-feira";"09:20:00";"RJ";40;43;"AREAL";"Acumulo de água sobre o pavimento";"Colisão com objeto";"Com Vítimas Feridas";"Pleno dia";"Decrescente";"Chuva";"Dupla";"Curva";"Não";1;0;0;1;0;0;1;1;-22,265139;-43,108506;"SPRF-RJ";"DEL05-RJ";"UOP02-DEL05-RJ"
390662;2021-10-19;"terça-feira";"11:40:00";"GO";452;128;"BOM JESUS DE GOIAS";"Acumulo de água sobre o pavimento";"Saída de leito carroçável";"Com Vítimas Feridas";"Pleno dia";"Decrescente";"Chuva";"Simples";"Curva;Declive";"Não";1;0;1;0;0;0;1;1;-18,21072811;-49,75678606;"SPRF-GO";"DEL03-GO";"UOP02-DEL03-GO"
390664;2021-10-19;"terça-feira";"14:06:00";"RR";174;497;"BOA VISTA";"Reação tardia ou ineficiente do condutor";"Colisão lateral mesmo sentido";"Com Vítimas Feridas";"Pleno dia";"Decrescente";"Céu Claro";"Dupla";"Reta";"Sim";4;0;2;1;1;0;3;2;2,763303;-60,725597;"SPRF-RR";"DEL01-RR";"UOP01-DEL01-RR"
390666;2021-10-19;"terça-feira";"14:40:00";"SP";116;449;"REGISTRO";"Ausência de reação do condutor";"Queda de ocupante de veículo";"Com Vítimas Feridas";"Pleno dia";"Decrescente";"Chuva";"Dupla";"Reta";"Sim";1;0;1;0;0;0;1;1;-24,45434475;-47,81204635;"SPRF-SP";"DEL05-SP";"UOP01-DEL05-SP"
390670;2021-10-19;"terça-feira";"15:45:00";"SP";116;213;"GUARULHOS";"Reação tardia ou ineficiente do condutor";"Colisão com objeto";"Sem Vítimas";"Pleno dia";"Decrescente";"Garoa/Chuvisco";"Múltipla";"Reta";"Sim";1;0;0;0;0;1;0;1;-23,43971486;-46,43667806;"SPRF-SP";"DEL01-SP";"UOP01-DEL01-SP"
390671;2021-10-19;"terça-feira";"14:20:00";"SC";101;369;"ICARA";"Avarias e/ou desgaste excessivo no pneu";"Tombamento";"Com Vítimas Feridas";"Pleno dia";"Crescente";"Céu Claro";"Dupla";"Reta";"Não";2;0;2;0;0;0;2;1;-28,72314674;-49,23750401;"SPRF-SC";"DEL02-SC";"UOP01-DEL02-SC"
390672;2021-10-19;"terça-feira";"15:40:00";"GO";153;495;"GOIANIA";"Acumulo de água sobre o pavimento";"Queda de ocupante de veículo";"Com Vítimas Feridas";"Pleno dia";"Decrescente";"Chuva";"Dupla";"Reta";"Sim";2;0;1;0;1;0;1;2;-16,6681;-49,2263;"SPRF-GO";"DEL01-GO";"UOP01-DEL01-GO"
390673;2021-10-19;"terça-feira";"16:00:00";"DF";40;0;"BRASILIA";"Reação tardia ou ineficiente do condutor";"Saída de leito carroçável";"Com Vítimas Feridas";"Pleno dia";"Crescente";"Sol";"Dupla";"Viaduto";"Não";2;0;0;1;1;0;1;2;-15,97271208;-47,99058259;"SPRF-DF";"DEL01-DF";"UOP01-DEL01-DF"
390675;2021-10-19;"terça-feira";"16:45:00";"SC";470;47,7;"BLUMENAU";"Retorno proibido";"Colisão transversal";"Com Vítimas Feridas";"Pleno dia";"Decrescente";"Nublado";"Simples";"Reta";"Sim";3;0;2;0;1;0;2;2;-26,86125154;-49,05244231;"SPRF-SC";"DEL04-SC";"UOP01-DEL04-SC"
390676;2021-10-19;"terça-feira";"16:42:00";"RS";386;346,2;"LAJEADO";"Condutor deixou de manter distância do veículo da frente";"Colisão traseira";"Com Vítimas Feridas";"Pleno dia";"Decrescente";"Sol";"Dupla";"Reta";"Sim";4;0;1;0;3;0;1;2;-29,44855332;-51,97147429;"SPRF-RS";"DEL04-RS";"UOP01-DEL04-RS"
390677;2021-10-01;"sexta-feira";"11:06:00";"MT";70;7;"BARRA DO GARCAS";"Velocidade Incompatível";"Tombamento";"Com Vítimas Feridas";"Pleno dia";"Decrescente";"Ignorado";"Dupla";"Reta";"Sim";1;0;0;1;0;0;1;1;-15,878143;-52,316788;"SPRF-MT";"DEL07-MT";"UOP01-DEL07-MT"
390678;2021-10-19;"terça-feira";"15:00:00";"ES";101;270;"SERRA";"Manobra de mudança de faixa";"Queda de ocupante de veículo";"Com Vítimas Feridas";"Pleno dia";"Crescente";"Chuva";"Múltipla";"Curva";"Sim";1;0;1;0;0;0;1;1;-20,22662056;-40,27075088;"SPRF-ES";"DEL02-ES";"UOP01-DEL02-ES"
390679;2021-10-19;"terça-feira";"16:10:00";"SC";101;118;"ITAJAI";"Acessar a via sem observar a presença dos outros veículos";"Colisão transversal";"Com Vítimas Feridas";"Pleno dia";"Decrescente";"Nublado";"Simples";"Interseção de Vias";"Sim";3;0;2;0;1;0;2;2;-26,895859;-48,71903;"SPRF-SC";"DEL04-SC";"UOP04-DEL04-SC"
390681;2021-10-19;"terça-feira";"13:15:00";"GO";60;461,9;"JATAI";"Acumulo de água sobre o pavimento";"Saída de leito carroçável";"Com Vítimas Feridas";"Pleno dia";"Crescente";"Chuva";"Dupla";"Curva;Declive";"Não";1;0;1;0;0;0;1;1;-17,8741;-51,6251;"SPRF-GO";"DEL05-GO";"UOP01-DEL05-GO"