"id";"data_inversa";"dia_semana";"horario";"uf";"br";"km";"municipio";"causa_acidente";"tipo_acidente";"classificacao_acidente";"fase_dia";"sentido_via";"condicao_metereologica";"tipo_pista";"tracado_via";"uso_solo";"pessoas";"mortos";"feridos_leves";"feridos_graves";"ilesos";"ignorados";"feridos";"veiculos";"latitude";"longitude";"regional";"delegacia";"uop"
390682;2021-10-19;"terça-feira";"16:00:00";"PR";376;405,6;"TIBAGI";"Velocidade Incompatível";"Saída de leito carroçável";"Sem Vítimas";"Pleno dia";"Decrescente";"Chuva";"Dupla";"Declive;Curva";"Não";1;0;0;0;1;0;0;1;-24,59069027;-50,67642331;"SPRF-PR";"DEL03-PR";"UOP02-DEL03-PR"
390683;2021-10-19;"terça-feira";"17:00:00";"MG";459;55,3;"IPUIUNA";"Velocidade Incompatível";"Saída de leito carroçável";"Com Vítimas Feridas";"Plena Noite";"Decrescente";"Nublado";"Simples";"Reta";"Não";2;0;1;0;1;0;1;1;-22,077145;-46,2486;"SPRF-MG";"DEL09-MG";"UOP01-DEL09-MG"
390688;2021-10-19;"terça-feira";"16:00:00";"DF";80;5,2;"BRASILIA";"Acessar a via sem observar a presença dos outros veículos";"Colisão transversal";"Com Vítimas Feridas";"Pleno dia";"Crescente";"Nublado";"Simples";"Reta";"Sim";2;0;1;0;1;0;1;2;-15,72937143;-48,12404394;"SPRF-DF";"DEL03-DF";"UOP02-DEL03-DF"
390689;2021-10-19;"terça-feira";"14:00:00";"RJ";101;583;"PARATY";"Chuva";"Saída de leito carroçável";"Com Vítimas Feridas";"Pleno dia";"Crescente";"Chuva";"Simples";"Curva";"Não";1;0;1;0;0;0;1;1;-23,26024009;-44,69222399;"SPRF-RJ";"DEL03-RJ";"UOP04-DEL03-RJ"
390690;2021-10-19;"terça-feira";"17:00:00";"SC";101;217;"PALHOCA";"Ingestão de álcool pelo condutor";"Colisão traseira";"Sem Vítimas";"Pleno dia";"Decrescente";"Nublado";"Múltipla";"Reta";"Sim";2;0;0;0;2;0;0;2;-27,66779034;-48,67393586;"SPRF-SC";"DEL01-SC";"UOP02-DEL01-SC"
390691;2021-10-19;"terça-feira";"17:30:00";"BA";324;586;"CANDEIAS";"Reação tardia ou ineficiente do condutor";"Capotamento";"Com Vítimas Feridas";"Anoitecer";"Crescente";"Nublado";"Dupla";"Reta";"Não";1;0;1;0;0;0;1;1;-12,63864013;-38,47736247;"SPRF-BA";"DEL01-BA";"UOP01-DEL01-BA"
390692;2021-10-19;"terça-feira";"17:30:00";"MG";40;469,3;"SETE LAGOAS";"Reação tardia ou ineficiente do condutor";"Saída de leito carroçável";"Com Vítimas Feridas";"Anoitecer";"Crescente";"Chuva";"Dupla";"Curva";"Sim";1;0;1;0;0;0;1;1;-19,46099279;-44,30121988;"SPRF-MG";"DEL02-MG";"UOP01-DEL02-MG"
390693;2021-10-19;"terça-feira";"17:40:00";"SP";153;63,9;"SAO JOSE DO RIO PRETO";"Ausência de reação do condutor";"Tombamento";"Com Vítimas Feridas";"Anoitecer";"Crescente";"Nublado";"Dupla";"Curva";"Sim";1;0;1;0;0;0;1;1;-20,82149698;-49,35764818;"SPRF-SP";"DEL09-SP";"UOP01-DEL09-SP"
390695;2021-10-19;"terça-feira";"17:30:00";"RS";116;263;"CANOAS";"Desrespeitar a preferência no cruzamento";"Colisão transversal";"Com Vítimas Feridas";"Pleno dia";"Decrescente";"Céu Claro";"Simples";"Interseção de Vias;Viaduto";"Sim";2;0;1;0;0;1;1;2;-29,90375807;-51,17641926;"SPRF-RS";"DEL01-RS";"UOP01-DEL01-RS"
390697;2021-10-19;"terça-feira";"18:00:00";"ES";101;369,3;"ANCHIETA";"Avarias e/ou desgaste excessivo no pneu";"Colisão com objeto";"Com Vítimas Feridas";"Anoitecer";"Decrescente";"Chuva";"Simples";"Curva";"Não";2;0;2;0;0;0;2;1;-20,76055768;-40,75851633;"SPRF-ES";"DEL03-ES";"UOP01-DEL03-ES"
390698;2021-10-19;"terça-feira";"15:20:00";"SP";116;145;"SAO JOSE DOS CAMPOS";"Ausência de reação do condutor";"Colisão traseira";"Com Vítimas Feridas";"Pleno dia";"Crescente";"Nublado";"Simples";"Declive";"Sim";3;0;1;0;1;1;1;3;-23,1869844;-45,8548078;"SPRF-SP";"DEL02-SP";"UOP01-DEL02-SP"
390700;2021-10-19;"terça-feira";"16:00:00";"RJ";40;92;"PETROPOLIS";"Velocidade Incompatível";"Colisão com objeto";"Com Vítimas Feridas";"Pleno dia";"Crescente";"Chuva";"Simples";"Curva;Declive";"Não";2;0;1;0;1;0;1;1;-22,552495;-43,251199;"SPRF-RJ";"DEL06-RJ";"UOP01-DEL06-RJ"
390701;2021-10-19;"terça-feira";"15:30:00";"SC";282;559,5;"NOVA ITABERABA";"Manobra de mudança de faixa";"Colisão lateral mesmo sentido";"Com Vítimas Feridas";"Pleno dia";"Decrescente";"Céu Claro";"Simples";"Curva";"Não";3;0;2;0;1;0;2;2;-26,927097;-52,846737;"SPRF-SC";"DEL07-SC";"UOP01-DEL07-SC"
390702;2021-10-19;"terça-feira";"17:00:00";"DF";20;7;"BRASILIA";"Reação tardia ou ineficiente do condutor";"Colisão com objeto";"Com Vítimas Feridas";"Anoitecer";"Decrescente";"Céu Claro";"Dupla";"Reta;Declive";"Sim";1;0;1;0;0;0;1;1;-15,662208;-47,799866;"SPRF-DF";"DEL02-DF";"UOP01-DEL02-DF"
390703;2021-10-19;"terça-feira";"18:05:00";"PI";316;14;"TERESINA";"Transitar no acostamento";"Colisão frontal";"Com Vítimas Feridas";"Plena Noite";"Decrescente";"Céu Claro";"Dupla";"Reta";"Não";2;0;1;0;0;1;1;2;-5,21837815;-42,75257727;"SPRF-PI";"DEL01-PI";"UOP02-DEL01-PI"
390704;2021-10-19;"terça-feira";"18:40:00";"RN";427;98,9;"CAICO";"Desrespeitar a preferência no cruzamento";"Colisão transversal";"Com Vítimas Feridas";"Plena Noite";"Crescente";"Céu Claro";"Simples";"Interseção de Vias";"Sim";2;0;1;0;1;0;1;2;-6,45911079;-37,09829807;"SPRF-RN";"DEL03-RN";"UOP01-DEL03-RN"
390705;2021-10-19;"terça-feira";"17:55:00";"SC";101;307;"LAGUNA";"Demais falhas mecânicas ou elétricas";"Tombamento";"Com Vítimas Feridas";"Pleno dia";"Decrescente";"Céu Claro";"Múltipla";"Reta";"Não";2;0;1;0;1;0;1;1;-28,39199505;-48,77826295;"SPRF-SC";"DEL02-SC";"UOP03-DEL02-SC"
390706;2021-10-19;"terça-feira";"11:02:00";"BA";101;508;"ITABUNA";"Acumulo de areia ou detritos sobre o pavimento";"Tombamento";"Com Vítimas Feridas";"Pleno dia";"Crescente";"Céu Claro";"Simples";"Reta";"Sim";2;0;1;0;1;0;1;1;-14,97000197;-39,31996203;"SPRF-BA";"DEL05-BA";"UOP01-DEL05-BA"
390707;2021-10-19;"terça-feira";"18:00:00";"PE";232;46,2;"VITORIA DE SANTO ANTAO";"Pedestre cruzava a pista fora da faixa";"Atropelamento de Pedestre";"Com Vítimas Fatais";"Pleno dia";"Decrescente";"Nublado";"Dupla";"Reta";"Não";5;1;0;1;2;1;1;3;-8,134605;-35,290761;"SPRF-PE";"DEL01-PE";"UOP01-DEL01-PE"
390708;2021-10-19;"terça-feira";"18:15:00";"SC";101;339;"TUBARAO";"Desrespeitar a preferência no cruzamento";"Colisão transversal";"Com Vítimas Feridas";"Plena Noite";"Crescente";"Céu Claro";"Múltipla";"Interseção de Vias";"Sim";3;0;2;0;1;0;2;2;-28,49351117;-49,04178985;"SPRF-SC";"DEL02-SC";"UOP01-DEL02-SC"
390709;2021-10-19;"terça-feira";"18:20:00";"PE";407;126,8;"PETROLINA";"Acessar a via sem observar a presença dos outros veículos";"Colisão frontal";"Com Vítimas Feridas";"Plena Noite";"Crescente";"Ignorado";"Simples";"Reta";"Sim";2;0;1;0;1;0;1;2;-9,38491309;-40,52809509;"SPRF-PE";"DEL06-PE";"UOP01-DEL06-PE"
390710;2021-10-07;"quinta-feira";"10:10:00";"RS";386;132;"SARANDI";"Acessar a via sem observar a presença dos outros veículos";"Colisão transversal";"Com Vítimas Feridas";"Pleno dia";"Decrescente";"Céu Claro";"Simples";"Aclive";"Sim";4;0;2;0;1;1;2;3;-28,103321;-52,860851;"SPRF-RS";"DEL08-RS";"UOP01-DEL08-RS"
390711;2021-10-19;"terça-feira";"19:00:00";"SC";101;212,1;"PALHOCA";"Condutor deixou de manter distância do veículo da frente";"Colisão lateral mesmo sentido";"Com Vítimas Feridas";"Plena Noite";"Decrescente";"Céu Claro";"Dupla";"Reta";"Sim";2;0;1;0;1;0;1;2;-27,62996929;-48,65903871;"SPRF-SC";"DEL01-SC";"UOP02-DEL01-SC"
390715;2021-10-17;"domingo";"10:20:00";"RJ";465;13;"SEROPEDICA";"Transitar no acostamento";"Colisão transversal";"Com Vítimas Feridas";"Pleno dia";"Crescente";"Nublado";"Simples";"Reta";"Sim";2;0;1;0;1;0;1;2;-22,798468;-43,645508;"SPRF-RJ";"DEL01-RJ";"UOP03-DEL01-RJ"
390719;2021-10-19;"terça-feira";"13:30:00";"RJ";40;91;"DUQUE DE CAXIAS";"Chuva";"Colisão com objeto";"Com Vítimas Feridas";"Pleno dia";"Crescente";"Chuva";"Simples";"Curva";"Não";1;0;1;0;0;0;1;1;-22,6744788;-43,2854256;"SPRF-RJ";"DEL06-RJ";"UOP01-DEL06-RJ"
390721;2021-10-19;"terça-feira";"19:30:00";"RS";392;76;"PELOTAS";"Reação tardia ou ineficiente do condutor";"Atropelamento de Pedestre";"Com Vítimas Feridas";"Plena Noite";"Decrescente";"Céu Claro";"Simples";"Reta";"Não";2;0;2;0;0;0;2;2;-31,69748285;-52,42085591;"SPRF-RS";"DEL07-RS";"UOP01-DEL07-RS"
390722;2021-10-19;"terça-feira";"19:00:00";"SC";163;75;"SAO MIGUEL DO OESTE";"Animais na Pista";"Atropelamento de Animal";"Com Vítimas Feridas";"Plena Noite";"Decrescente";"Céu Claro";"Simples";"Em Obras;Curva";"Não";1;0;1;0;0;0;1;1;-26,69389959;-53,51603508;"SPRF-SC";"DEL07-SC";"UOP03-DEL07-SC"
390723;2021-10-19;"terça-feira";"19:55:00";"SP";153;159,8;"PROMISSAO";"Deficiência do Sistema de Iluminação/Sinalização";"Colisão traseira";"Com Vítimas Feridas";"Plena Noite";"Decrescente";"Céu Claro";"Simples";"Reta";"Não";5;0;2;0;3;0;2;2;-21,502199;-49,780272;"SPRF-SP";"DEL07-SP";"UOP01-DEL07-SP"
390724;2021-10-19;"terça-feira";"15:30:00";"AP";156;523;"AMAPA";"Ausência de reação do condutor";"Capotamento";"Sem Vítimas";"Pleno dia";"Decrescente";"Ignorado";"Simples";"Curva";"Não";1;0;0;0;1;0;0;1;1,91300606;-50,87172691;"SPRF-AP";"DEL01-AP";"UOP01-DEL01-AP"
390727;2021-10-19;"terça-feira";"19:20:00";"PE";407;129;"PETROLINA";"Ausência de reação do condutor";"Colisão traseira";"Com Vítimas Feridas";"Plena Noite";"Crescente";"Céu Claro";"Simples";"Aclive";"Sim";2;0;1;0;1;0;1;2;-9,39991542;-40,50493419;"SPRF-PE";"DEL06-PE";"UOP01-DEL06-PE"
390728;2021-10-19;"terça-feira";"13:00:00";"RO";364;626;"ITAPUA DO OESTE";"Ausência de reação do condutor";"Saída de leito carroçável";"Com Vítimas Feridas";"Pleno dia";"Crescente";"Céu Claro";"Simples";"Reta";"Não";1;0;0;1;0;0;1;1;-9,07230682;-63,3369;"SPRF-RO";"DEL01-RO";"UOP04-DEL01-RO"
390729;2021-10-19;"terça-feira";"07:50:00";"BA";116;426;"FEIRA DE SANTANA";"Manobra de mudança de faixa";"Colisão lateral mesmo sentido";"Com Vítimas Feridas";"Pleno dia";"Decrescente";"Sol";"Dupla";"Reta";"Não";4;0;0;1;1;2;1;3;-12,27011979;-38,9906837;"SPRF-BA";"DEL02-BA";"UOP01-DEL02-BA"
390730;2021-10-19;"terça-feira";"19:00:00";"BA";116;450;"ANTONIO CARDOSO";"Ausência de reação do condutor";"Saída de leito carroçável";"Com Vítimas Feridas";"Plena Noite";"Decrescente";"Céu Claro";"Dupla";"Reta";"Não";1;0;0;1;0;0;1;1;-12,38094585;-39,12805308;"SPRF-BA";"DEL02-BA";"UOP01-DEL02-BA"
390731;2021-10-19;"terça-feira";"20:25:00";"SC";101;256;"PAULO LOPES";"Avarias e/ou desgaste excessivo no pneu";"Colisão com objeto";"Com Vítimas Feridas";"Plena Noite";"Crescente";"Céu Claro";"Dupla";"Curva";"Sim";1;0;0;1;0;0;1;1;-27,99084416;-48,68056684;"SPRF-SC";"DEL02-SC";"UOP03-DEL02-SC"
390732;2021-10-19;"terça-feira";"18:20:00";"SC";101;102;"BALNEARIO PICARRAS";"Transitar na contramão";"Colisão frontal";"Com Vítimas Feridas";"Anoitecer";"Decrescente";"Nublado";"Múltipla";"Reta";"Sim";2;0;1;0;0;1;1;2;-26,77383397;-48,68594062;"SPRF-SC";"DEL03-SC";"UOP02-DEL03-SC"
390733;2021-10-19;"terça-feira";"18:50:00";"SC";101;100,9;"BALNEARIO PICARRAS";"Acessar a via sem observar a presença dos outros veículos";"Colisão lateral sentido oposto";"Sem Vítimas";"Anoitecer";"Decrescente";"Nublado";"Simples";"Reta";"Não";2;0;0;0;2;0;0;2;-26,75482787;-48,68993675;"SPRF-SC";"DEL03-SC";"UOP02-DEL03-SC"
390735;2021-10-19;"terça-feira";"19:50:00";"PR";153;4,8;"IMBITUVA";"Ultrapassagem Indevida";"Colisão frontal";"Com Vítimas Feridas";"Plena Noite";"Crescente";"Garoa/Chuvisco";"Simples";"Reta";"Sim";2;0;0;1;1;0;1;2;-25,22063;-50,59327;"SPRF-PR";"DEL03-PR";"UOP01-DEL03-PR"
390736;2021-10-19;"terça-feira";"20:45:00";"MG";40;456;"CAETANOPOLIS";"Avarias e/ou desgaste excessivo no pneu";"Saída de leito carroçável";"Sem Vítimas";"Plena Noite";"Crescente";"Chuva";"Dupla";"Reta";"Não";1;0;0;0;0;1;0;1;-19,36312782;-44,33978478;"SPRF-MG";"DEL02-MG";"UOP01-DEL02-MG"
390739;2021-10-19;"terça-feira";"18:30:00";"RR";174;385;"CARACARAI";"Demais falhas na via";"Saída de leito carroçável";"Com Vítimas Feridas";"Plena Noite";"Crescente";"Nevoeiro/Neblina";"Simples";"Reta";"Não";3;0;2;1;0;0;3;1;1,967116;-61,070648;"SPRF-RR";"DEL01-RR";"UOP01-DEL01-RR"
390740;2021-10-19;"terça-feira";"19:20:00";"RJ";40;84;"PETROPOLIS";"Chuva";"Colisão com objeto";"Com Vítimas Feridas";"Plena Noite";"Crescente";"Chuva";"Simples";"Curva";"Não";2;0;1;0;1;0;1;1;-22,52145512;-43,23707996;"SPRF-RJ";"DEL06-RJ";"UOP01-DEL06-RJ"
390741;2021-10-19;"terça-feira";"21:50:00";"SP";116;115;"TAUBATE";"Chuva";"Tombamento";"Com Vítimas Feridas";"Plena Noite";"Decrescente";"Chuva";"Dupla";"Reta";"Sim";1;0;1;0;0;0;1;1;-23,0496047;-45,59973712;"SPRF-SP";"DEL02-SP";"UOP02-DEL02-SP"
390742;2021-10-19;"terça-feira";"22:20:00";"RS";285;306;"PASSO FUNDO";"Ingestão de álcool pelo condutor";"Saída de leito carroçável";"Sem Vítimas";"Plena Noite";"Decrescente";"Céu Claro";"Simples";"Aclive";"Sim";2;0;0;0;2;0;0;1;-28,228838;-52,497044;"SPRF-RS";"DEL08-RS";"UOP03-DEL08-RS"
390743;2021-09-24;"sexta-feira";"16:50:00";"PE";101;186;"PALMARES";"Acessar a via sem observar a presença dos outros veículos";"Colisão lateral mesmo sentido";"Com Vítimas Feridas";"Pleno dia";"Crescente";"Nublado";"Dupla";"Reta";"Sim";2;0;0;2;0;0;2;2;-8,68263674;-35,57938824;"SPRF-PE";"DEL01-PE";"UOP01-DEL01-PE"
390745;2021-10-19;"terça-feira";"22:35:00";"SP";381;26;"ATIBAIA";"Demais falhas mecânicas ou elétricas";"Incêndio";"Sem Vítimas";"Anoitecer";"Crescente";"Céu Claro";"Dupla";"Reta";"Sim";1;0;0;0;0;1;0;1;-23,02679312;-46,53612988;"SPRF-SP";"DEL03-SP";"UOP01-DEL03-SP"
390746;2021-10-19;"terça-feira";"23:00:00";"MT";158;690;"BARRA DO GARCAS";"Reação tardia ou ineficiente do condutor";"Saída de leito carroçável";"Com Vítimas Feridas";"Plena Noite";"Decrescente";"Céu Claro";"Simples";"Reta";"Não";1;0;1;0;0;0;1;1;-14,97538097;-52,26260183;"SPRF-MT";"DEL07-MT";"UOP01-DEL07-MT"
390748;2021-10-19;"terça-feira";"23:05:00";"MS";163;475,9;"CAMPO GRANDE";"Acumulo de areia ou detritos sobre o pavimento";"Tombamento";"Com Vítimas Feridas";"Plena Noite";"Crescente";"Céu Claro";"Simples";"Rotatória";"Não";2;0;0;1;0;1;1;1;-20,51393221;-54,56245249;"SPRF-MS";"DEL01-MS";"UOP01-DEL01-MS"
390749;2021-10-19;"terça-feira";"23:20:00";"SP";116;116;"TAUBATE";"Ingestão de álcool pelo condutor";"Colisão traseira";"Sem Vítimas";"Plena Noite";"Decrescente";"Chuva";"Dupla";"Reta";"Não";2;0;0;0;2;0;0;2;-23,05376319;-45,6088049;"SPRF-SP";"DEL02-SP";"UOP02-DEL02-SP"
390750;2021-10-19;"terça-feira";"20:30:00";"PE";428;155,6;"PETROLINA";"Animais na Pista";"Atropelamento de Animal";"Com Vítimas Feridas";"Plena Noite";"Crescente";"Céu Claro";"Simples";"Reta";"Não";2;0;2;0;0;0;2;1;-9,10860107;-40,33416488;"SPRF-PE";"DEL06-PE";"UOP01-DEL06-PE"
390753;2021-10-19;"terça-feira";"20:40:00";"MG";40;133;"JOAO PINHEIRO";"Reação tardia ou ineficiente do condutor";"Saída de leito carroçável";"Com Vítimas Feridas";"Plena Noite";"Decrescente";"Céu Claro";"Simples";"Reta";"Não";1;0;1;0;0;0;1;1;-17,71287522;-46,25812209;"SPRF-MG";"DEL14-MG";"UOP01-DEL14-MG"
390755;2021-10-20;"quarta-feira";"23:55:00";"SC";101;240,9;"PALHOCA";"Velocidade Incompatível";"Saída de leito carroçável";"Com Vítimas Feridas";"Plena Noite";"Crescente";"Chuva";"Dupla";"Reta";"Não";1;0;1;0;0;0;1;1;-27,85825092;-48,64383119;"SPRF-SC";"DEL01-SC";"UOP02-DEL01-SC"
390756;2021-10-19;"terça-feira";"20:10:00";"MS";262;767,8;"CORUMBA";"Reação tardia ou ineficiente do condutor";"Colisão com objeto";"Com Vítimas Feridas";"Plena Noite";"Crescente";"Céu Claro";"Simples";"Reta";"Não";1;0;1;0;0;0;1;1;-19,08285699;-57,62168025;"SPRF-MS";"DEL03-MS";"UOP03-DEL03-MS"
390757;2021-10-20;"quarta-feira";"00:20:00";"RJ";101;144;"MACAE";"Chuva";"Colisão com objeto";"Com Vítimas Feridas";"Pleno dia";"Crescente";"Chuva";"Simples";"Aclive";"Não";1;0;1;0;0;0;1;1;-22,21583438;-41,7564261;"SPRF-RJ";"DEL08-RJ";"UOP04-DEL08-RJ"
390758;2021-10-20;"quarta-feira";"01:50:00";"GO";50;282,9;"CATALAO";"Desrespeitar a preferência no cruzamento";"Colisão transversal";"Com Vítimas Feridas";"Plena Noite";"Crescente";"Nublado";"Simples";"Reta";"Sim";2;0;1;0;1;0;1;2;-18,1896;-47,9511;"SPRF-GO";"DEL06-GO";"UOP01-DEL06-GO"
390759;2021-10-20;"quarta-feira";"01:15:00";"RN";101;71;"EXTREMOZ";"Condutor Dormindo";"Colisão com objeto";"Com Vítimas Feridas";"Plena Noite";"Crescente";"Céu Claro";"Simples";"Reta";"Não";1;0;1;0;0;0;1;1;-5,68968701;-35,26298333;"SPRF-RN";"DEL02-RN";"UOP01-DEL02-RN"
390760;2021-10-20;"quarta-feira";"00:30:00";"RO";364;422,7;"JARU";"Velocidade Incompatível";"Tombamento";"Com Vítimas Feridas";"Plena Noite";"Crescente";"Céu Claro";"Simples";"Reta";"Sim";1;0;1;0;0;0;1;1;-10,45099449;-62,46150523;"SPRF-RO";"DEL03-RO";"UOP02-DEL03-RO"
390763;2021-10-19;"terça-feira";"23:05:00";"MA";222;361,4;"SANTA INES";"Ausência de reação do condutor";"Colisão transversal";"Com Vítimas Fatais";"Plena Noite";"Decrescente";"Céu Claro";"Simples";"Reta";"Sim";2;1;0;0;1;0;0;2;-3,676084;-45,374226;"SPRF-MA";"DEL02-MA";"UOP01-DEL02-MA"
390764;2021-10-20;"quarta-feira";"01:30:00";"PR";153;331,9;"IRATI";"Ingestão de álcool pelo condutor";"Saída de leito carroçável";"Sem Vítimas";"Plena Noite";"Decrescente";"Nublado";"Simples";"Reta";"Sim";1;0;0;0;0;1;0;1;-25,469722;-50,633609;"SPRF-PR";"DEL03-PR";"UOP03-DEL03-PR"
390774;2021-10-20;"quarta-feira";"02:20:00";"MG";262;442,7;"NOVA SERRANA";"Ausência de reação do condutor";"Saída de leito carroçável";"Sem Vítimas";"Plena Noite";"Crescente";"Céu Claro";"Dupla";"Reta";"Não";1;0;0;0;1;0;0;1;-19,8806236;-44,91232265;"SPRF-MG";"DEL08-MG";"UOP03-DEL08-MG"
390776;2021-10-20;"quarta-feira";"06:10:00";"SP";116;410;"JUQUIA";"Condutor Dormindo";"Saída de leito carroçável";"Com Vítimas Feridas";"Pleno dia";"Decrescente";"Nublado";"Dupla";"Reta";"Não";4;0;3;0;1;0;3;1;-24,33501372;-47,59392601;"SPRF-SP";"DEL05-SP";"UOP01-DEL05-SP"
390779;2021-10-20;"quarta-feira";"06:40:00";"PR";369;133,3;"IBIPORA";"Acessar a via sem observar a presença dos outros veículos";"Colisão transversal";"Com Vítimas Feridas";"Pleno dia";"Crescente";"Céu Claro";"Dupla";"Interseção de Vias";"Não";2;0;1;0;1;0;1;2;-23,26061302;-51,0127455;"SPRF-PR";"DEL07-PR";"UOP01-DEL07-PR"
390780;2021-10-20;"quarta-feira";"06:00:00";"ES";262;76,4;"MARECHAL FLORIANO";"Acumulo de óleo sobre o pavimento";"Colisão com objeto";"Com Vítimas Feridas";"Amanhecer";"Decrescente";"Céu Claro";"Dupla";"Curva";"Não";1;0;1;0;0;0;1;1;-20,41279327;-40,90834307;"SPRF-ES";"DEL01-ES";"UOP02-DEL01-ES"
390781;2021-10-20;"quarta-feira";"06:20:00";"CE";222;1,7;"FORTALEZA";"Entrada inopinada do pedestre";"Atropelamento de Pedestre";"Sem Vítimas";"Pleno dia";"Decrescente";"Céu Claro";"Dupla";"Reta";"Sim";2;0;0;0;1;1;0;2;-3,737804;-38,578061;"SPRF-CE";"DEL01-CE";"UOP01-DEL01-CE"
390782;2021-10-20;"quarta-feira";"06:30:00";"MG";40;517,7;"RIBEIRAO DAS NEVES";"Reação tardia ou ineficiente do condutor";"Colisão traseira";"Com Vítimas Feridas";"Pleno dia";"Crescente";"Céu Claro";"Dupla";"Reta";"Sim";3;0;2;0;1;0;2;3;-19,82351202;-44,08438913;"SPRF-MG";"DEL01-MG";"UOP02-DEL01-MG"
390783;2021-10-20;"quarta-feira";"07:00:00";"SC";101;203;"SAO JOSE";"Trafegar com motocicleta (ou similar) entre as faixas";"Colisão lateral mesmo sentido";"Com Vítimas Feridas";"Pleno dia";"Crescente";"Nublado";"Dupla";"Reta";"Não";2;0;1;0;0;1;1;2;-27,5650044;-48,61460082;"SPRF-SC";"DEL01-SC";"UOP01-DEL01-SC"
390784;2021-10-20;"quarta-feira";"06:50:00";"SP";116;270;"TABOAO DA SERRA";"Ultrapassagem Indevida";"Colisão transversal";"Com Vítimas Feridas";"Amanhecer";"Decrescente";"Nublado";"Dupla";"Reta";"Sim";2;0;1;0;1;0;1;2;-23,60737384;-46,76424092;"SPRF-SP";"DEL04-SP";"UOP01-DEL04-SP"
390785;2021-10-20;"quarta-feira";"07:45:00";"RN";405;0,2;"MOSSORO";"Condutor deixou de manter distância do veículo da frente";"Colisão traseira";"Com Vítimas Feridas";"Pleno dia";"Crescente";"Céu Claro";"Simples";"Reta";"Sim";2;0;1;0;1;0;1;2;-5,1914673;-37,351887;"SPRF-RN";"DEL04-RN";"UOP02-DEL04-RN"
390787;2021-10-20;"quarta-feira";"07:15:00";"MS";163;484;"CAMPO GRANDE";"Reação tardia ou ineficiente do condutor";"Colisão transversal";"Com Vítimas Feridas";"Pleno dia";"Crescente";"Céu Claro";"Simples";"Reta";"Sim";2;0;0;1;1;0;1;2;-20,45104898;-54,5403266;"SPRF-MS";"DEL01-MS";"UOP02-DEL01-MS"
390789;2021-10-20;"quarta-feira";"07:25:00";"RJ";116;167;"SAO JOAO DE MERITI";"Manobra de mudança de faixa";"Colisão lateral mesmo sentido";"Com Vítimas Feridas";"Pleno dia";"Decrescente";"Chuva";"Dupla";"Reta";"Sim";2;0;1;0;1;0;1;2;-22,81803977;-43,30787252;"SPRF-RJ";"DEL01-RJ";"UOP01-DEL01-RJ"
390790;2021-10-20;"quarta-feira";"07:40:00";"PR";369;161;"CAMBE";"Condutor deixou de manter distância do veículo da frente";"Colisão traseira";"Com Vítimas Feridas";"Pleno dia";"Crescente";"Céu Claro";"Dupla";"Reta;Aclive";"Não";2;0;1;0;1;0;1;2;-23,28621847;-51,25948727;"SPRF-PR";"DEL07-PR";"UOP01-DEL07-PR"
390792;2021-10-20;"quarta-feira";"08:20:00";"RN";101;84,4;"SAO GONCALO DO AMARANTE";"Manobra de mudança de faixa";"Colisão lateral mesmo sentido";"Com Vítimas Feridas";"Pleno dia";"Crescente";"Céu Claro";"Dupla";"Reta";"Sim";2;0;1;0;1;0;1;2;-5,774175;-35,2578;"SPRF-RN";"DEL02-RN";"UOP01-DEL02-RN"
390793;2021-10-20;"quarta-feira";"07:05:00";"SC";282;216,7;"LAGES";"Retorno proibido";"Colisão transversal";"Com Vítimas Feridas";"Pleno dia";"Decrescente";"Céu Claro";"Simples";"Curva";"Não";3;0;0;1;2;0;1;2;-27,797529;-50,291862;"SPRF-SC";"DEL05-SC";"UOP01-DEL05-SC"
390796;2021-10-20;"quarta-feira";"07:55:00";"PR";369;196;"APUCARANA";"Retorno proibido";"Colisão transversal";"Com Vítimas Feridas";"Pleno dia";"Decrescente";"Céu Claro";"Dupla";"Reta;Retorno Regulamentado";"Não";4;0;3;0;1;0;3;2;-23,50569;-51,42525;"SPRF-PR";"DEL07-PR";"UOP02-DEL07-PR"
390798;2021-10-19;"terça-feira";"16:15:00";"BA";324;291;"JACOBINA";"Ultrapassagem Indevida";"Colisão lateral mesmo sentido";"Com Vítimas Feridas";"Pleno dia";"Crescente";"Céu Claro";"Simples";"Reta";"Sim";2;0;1;0;1;0;1;2;-11,16786992;-40,54549381;"SPRF-BA";"DEL04-BA";"UOP02-DEL04-BA"
390799;2021-10-20;"quarta-feira";"08:00:00";"RS";116;149,4;"CAXIAS DO SUL";"Manobra de mudança de faixa";"Colisão lateral mesmo sentido";"Com Vítimas Feridas";"Pleno dia";"Crescente";"Céu Claro";"Dupla";"Declive;Curva";"Sim";2;0;1;0;1;0;1;2;-29,15996905;-51,15645292;"SPRF-RS";"DEL05-RS";"UOP01-DEL05-RS"
390800;2021-10-20;"quarta-feira";"05:45:00";"MT";70;508;"CUIABA";"Avarias e/ou desgaste excessivo no pneu";"Queda de ocupante de veículo";"Com Vítimas Feridas";"Pleno dia";"Crescente";"Céu Claro";"Simples";"Reta";"Não";1;0;1;0;0;0;1;1;-15,6538904;-55,98982818;"SPRF-MT";"DEL01-MT";"UOP02-DEL01-MT"