"id";"data_inversa";"dia_semana";"horario";"uf";"br";"km";"municipio";"causa_acidente";"tipo_acidente";"classificacao_acidente";"fase_dia";"sentido_via";"condicao_metereologica";"tipo_pista";"tracado_via";"uso_solo";"pessoas";"mortos";"feridos_leves";"feridos_graves";"ilesos";"ignorados";"feridos";"veiculos";"latitude";"longitude";"regional";"delegacia";"uop"
390802;2021-10-20;"quarta-feira";"08:10:00";"PR";369;457,4;"UBIRATA";"Velocidade Incompatível";"Saída de leito carroçável";"Com Vítimas Feridas";"Pleno dia";"Crescente";"Sol";"Simples";"Curva";"Não";1;0;1;0;0;0;1;1;-24,55046077;-53,06791306;"SPRF-PR";"DEL04-PR";"UOP03-DEL04-PR"
390803;2021-08-29;"domingo";"21:30:00";"SC";101;207;"SAO JOSE";"Ausência de reação do condutor";"Colisão traseira";"Com Vítimas Feridas";"Plena Noite";"Decrescente";"Ignorado";"Múltipla";"Reta";"Sim";3;0;1;0;1;1;1;2;-27,59593997;-48,61950696;"SPRF-SC";"DEL01-SC";"UOP01-DEL01-SC"
390805;2021-10-20;"quarta-feira";"09:00:00";"MG";381;332;"NOVA ERA";"Velocidade Incompatível";"Saída de leito carroçável";"Com Vítimas Feridas";"Pleno dia";"Crescente";"Chuva";"Simples";"Curva";"Não";1;0;0;1;0;0;1;1;-19,79994695;-43,05451587;"SPRF-MG";"DEL03-MG";"UOP01-DEL03-MG"
390806;2021-10-20;"quarta-feira";"08:00:00";"MA";135;4;"SAO LUIS";"Condutor deixou de manter distância do veículo da frente";"Colisão traseira";"Com Vítimas Feridas";"Pleno dia";"Decrescente";"Céu Claro";"Dupla";"Reta";"Sim";3;0;1;0;2;0;1;2;-2,61424881;-44,25257023;"SPRF-MA";"DEL01-MA";"UOP01-DEL01-MA"
390808;2021-10-20;"quarta-feira";"09:00:00";"MT";364;586;"DIAMANTINO";"Afundamento ou ondulação no pavimento";"Queda de ocupante de veículo";"Com Vítimas Feridas";"Pleno dia";"Crescente";"Céu Claro";"Dupla";"Reta";"Não";1;0;1;0;0;0;1;1;-14,61648924;-56,25803777;"SPRF-MT";"DEL01-MT";"UOP01-DEL01-MT"
390811;2021-10-20;"quarta-feira";"10:10:00";"MG";381;358,2;"JOAO MONLEVADE";"Acessar a via sem observar a presença dos outros veículos";"Colisão transversal";"Com Vítimas Feridas";"Pleno dia";"Crescente";"Chuva";"Simples";"Reta";"Sim";2;0;1;0;1;0;1;2;-19,8388435;-43,18286961;"SPRF-MG";"DEL03-MG";"UOP01-DEL03-MG"
390812;2021-10-20;"quarta-feira";"10:00:00";"PB";230;27,8;"JOAO PESSOA";"Reação tardia ou ineficiente do condutor";"Tombamento";"Com Vítimas Feridas";"Pleno dia";"Decrescente";"Céu Claro";"Dupla";"Curva";"Sim";2;0;2;0;0;0;2;1;-7,1651;-34,8941;"SPRF-PB";"DEL01-PB";"UOP01-DEL01-PB"
390813;2021-10-20;"quarta-feira";"10:10:00";"PR";476;133,5;"CURITIBA";"Reação tardia ou ineficiente do condutor";"Colisão lateral mesmo sentido";"Com Vítimas Feridas";"Pleno dia";"Crescente";"Nublado";"Dupla";"Interseção de Vias";"Sim";2;0;1;0;1;0;1;2;-25,47303856;-49,25770104;"SPRF-PR";"DEL01-PR";"UOP03-DEL01-PR"
390816;2021-10-20;"quarta-feira";"08:16:00";"MG";50;180;"UBERABA";"Reação tardia ou ineficiente do condutor";"Tombamento";"Com Vítimas Feridas";"Pleno dia";"Crescente";"Nublado";"Simples";"Reta";"Sim";2;0;2;0;0;0;2;1;-19,77848216;-47,92194709;"SPRF-MG";"DEL13-MG";"UOP01-DEL13-MG"
390817;2021-10-20;"quarta-feira";"10:30:00";"RJ";116;95;"GUAPIMIRIM";"Neblina";"Saída de leito carroçável";"Com Vítimas Feridas";"Pleno dia";"Crescente";"Nevoeiro/Neblina";"Simples";"Curva";"Não";1;0;1;0;0;0;1;1;-22,47374702;-43,00117923;"SPRF-RJ";"DEL04-RJ";"UOP02-DEL04-RJ"
390819;2021-08-14;"sábado";"07:20:00";"PR";277;4,7;"PARANAGUA";"Acesso irregular";"Colisão frontal";"Com Vítimas Feridas";"Pleno dia";"Decrescente";"Chuva";"Dupla";"Viaduto";"Não";2;0;0;1;0;1;1;2;-25,55430012;-48,56258512;"SPRF-PR";"DEL01-PR";"UOP05-DEL01-PR"
390820;2021-10-20;"quarta-feira";"10:18:00";"RR";174;450;"MUCAJAI";"Acessar a via sem observar a presença dos outros veículos";"Colisão traseira";"Com Vítimas Feridas";"Pleno dia";"Decrescente";"Céu Claro";"Simples";"Interseção de Vias";"Sim";2;0;1;0;1;0;1;2;2,458398;-60,918434;"SPRF-RR";"DEL01-RR";"UOP01-DEL01-RR"
390824;2021-10-20;"quarta-feira";"11:35:00";"RJ";40;115;"DUQUE DE CAXIAS";"Demais falhas mecânicas ou elétricas";"Incêndio";"Sem Vítimas";"Pleno dia";"Decrescente";"Chuva";"Dupla";"Reta";"Sim";1;0;0;0;1;0;0;1;-22,72756999;-43,2891609;"SPRF-RJ";"DEL01-RJ";"UOP01-DEL01-RJ"
390825;2021-10-20;"quarta-feira";"11:15:00";"CE";116;10,9;"FORTALEZA";"Entrada inopinada do pedestre";"Atropelamento de Pedestre";"Com Vítimas Fatais";"Pleno dia";"Decrescente";"Sol";"Dupla";"Reta";"Sim";2;1;0;0;1;0;0;2;-3,83603805;-38,5027281;"SPRF-CE";"DEL01-CE";"UOP02-DEL01-CE"
390827;2021-10-20;"quarta-feira";"11:00:00";"MG";262;380;"MATEUS LEME";"Velocidade Incompatível";"Saída de leito carroçável";"Com Vítimas Feridas";"Pleno dia";"Decrescente";"Chuva";"Dupla";"Curva";"Não";1;0;1;0;0;0;1;1;-19,9363619;-44,45627734;"SPRF-MG";"DEL01-MG";"UOP03-DEL01-MG"
390828;2021-10-20;"quarta-feira";"12:00:00";"RJ";393;281;"BARRA DO PIRAI";"Acessar a via sem observar a presença dos outros veículos";"Colisão transversal";"Com Vítimas Feridas";"Pleno dia";"Decrescente";"Nublado";"Simples";"Reta";"Sim";2;0;1;0;1;0;1;2;-22,48025569;-44,02974901;"SPRF-RJ";"DEL05-RJ";"UOP04-DEL05-RJ"
390830;2021-10-20;"quarta-feira";"12:30:00";"RJ";493;8;"GUAPIMIRIM";"Acessar a via sem observar a presença dos outros veículos";"Colisão transversal";"Sem Vítimas";"Pleno dia";"Crescente";"Nublado";"Simples";"Reta";"Sim";3;0;0;0;3;0;0;2;-22,71330892;-42,95334574;"SPRF-RJ";"DEL04-RJ";"UOP02-DEL04-RJ"
390831;2021-10-20;"quarta-feira";"12:25:00";"PR";376;282,8;"MARILANDIA DO SUL";"Reação tardia ou ineficiente do condutor";"Saída de leito carroçável";"Com Vítimas Feridas";"Pleno dia";"Decrescente";"Céu Claro";"Dupla";"Curva";"Não";1;0;1;0;0;0;1;1;-23,86736295;-51,25884793;"SPRF-PR";"DEL07-PR";"UOP02-DEL07-PR"
390833;2021-10-20;"quarta-feira";"13:45:00";"RS";285;121,9;"VACARIA";"Conversão proibida";"Colisão lateral mesmo sentido";"Com Vítimas Feridas";"Pleno dia";"Crescente";"Céu Claro";"Simples";"Reta";"Sim";3;0;1;0;1;1;1;3;-28,510252;-50,935688;"SPRF-RS";"DEL05-RS";"UOP03-DEL05-RS"
390834;2021-10-04;"segunda-feira";"19:50:00";"SP";116;440;"REGISTRO";"Demais falhas mecânicas ou elétricas";"Colisão traseira";"Com Vítimas Feridas";"Plena Noite";"Decrescente";"Garoa/Chuvisco";"Dupla";"Reta";"Não";4;0;0;1;3;0;1;4;-24,46159507;-47,81713991;"SPRF-SP";"DEL05-SP";"UOP01-DEL05-SP"
390835;2021-10-20;"quarta-feira";"14:00:00";"SP";381;49;"ATIBAIA";"Condutor Dormindo";"Saída de leito carroçável";"Com Vítimas Feridas";"Pleno dia";"Crescente";"Nublado";"Dupla";"Reta";"Não";2;0;1;0;1;0;1;1;-23,20535293;-46,59066516;"SPRF-SP";"DEL03-SP";"UOP01-DEL03-SP"
390836;2021-10-20;"quarta-feira";"15:15:00";"GO";60;131;"GOIANAPOLIS";"Chuva";"Saída de leito carroçável";"Com Vítimas Feridas";"Plena Noite";"Decrescente";"Chuva";"Dupla";"Declive";"Sim";2;0;1;0;1;0;1;1;-16,5754;-49,1602;"SPRF-GO";"DEL01-GO";"UOP01-DEL01-GO"
390837;2021-10-20;"quarta-feira";"11:45:00";"MT";163;841;"SINOP";"Reação tardia ou ineficiente do condutor";"Tombamento";"Com Vítimas Feridas";"Pleno dia";"Decrescente";"Céu Claro";"Simples";"Reta";"Sim";1;0;1;0;0;0;1;1;-11,93347098;-55,51404107;"SPRF-MT";"DEL06-MT";"NPF/DEL06-MT"
390840;2021-10-20;"quarta-feira";"14:12:00";"PE";232;19,4;"JABOATAO DOS GUARARAPES";"Ausência de reação do condutor";"Colisão lateral mesmo sentido";"Com Vítimas Feridas";"Pleno dia";"Decrescente";"Céu Claro";"Dupla";"Reta";"Não";2;0;1;0;1;0;1;2;-8,09822484;-35,06316202;"SPRF-PE";"DEL01-PE";"UOP01-DEL01-PE"
390845;2021-10-20;"quarta-feira";"15:30:00";"BA";116;699;"JEQUIE";"Reação tardia ou ineficiente do condutor";"Queda de ocupante de veículo";"Com Vítimas Feridas";"Pleno dia";"Decrescente";"Céu Claro";"Simples";"Curva";"Não";1;0;1;0;0;0;1;1;-14,0196772;-40,19054244;"SPRF-BA";"DEL03-BA";"UOP01-DEL03-BA"
390848;2021-10-20;"quarta-feira";"16:45:00";"MG";262;185;"SAO DOMINGOS DO PRATA";"Acessar a via sem observar a presença dos outros veículos";"Colisão transversal";"Com Vítimas Feridas";"Pleno dia";"Decrescente";"Chuva";"Simples";"Curva;Rotatória";"Não";3;0;1;0;2;0;1;2;-19,90042846;-43,03589608;"SPRF-MG";"DEL03-MG";"UOP01-DEL03-MG"
390852;2021-10-20;"quarta-feira";"15:35:00";"RJ";40;36,8;"AREAL";"Pista Escorregadia";"Colisão com objeto";"Com Vítimas Feridas";"Pleno dia";"Crescente";"Nublado";"Dupla";"Curva";"Não";1;0;1;0;0;0;1;1;-22,221257;-43,127329;"SPRF-RJ";"DEL05-RJ";"UOP02-DEL05-RJ"
390853;2021-10-20;"quarta-feira";"16:35:00";"PE";232;166;"TACAIMBO";"Acessar a via sem observar a presença dos outros veículos";"Queda de ocupante de veículo";"Com Vítimas Feridas";"Pleno dia";"Crescente";"Céu Claro";"Simples";"Reta";"Não";1;0;0;1;0;0;1;1;-8,33783366;-36,30733704;"SPRF-PE";"DEL02-PE";"UOP03-DEL02-PE"
390854;2021-10-20;"quarta-feira";"16:23:00";"PE";232;4,8;"RECIFE";"Condutor deixou de manter distância do veículo da frente";"Colisão traseira";"Sem Vítimas";"Pleno dia";"Crescente";"Céu Claro";"Dupla";"Viaduto";"Não";2;0;0;0;2;0;0;1;-8,064473;-34,936928;"SPRF-PE";"DEL01-PE";"UOP01-DEL01-PE"
390857;2021-10-20;"quarta-feira";"17:00:00";"RN";304;302;"MACAIBA";"Manobra de mudança de faixa";"Colisão traseira";"Com Vítimas Feridas";"Anoitecer";"Decrescente";"Céu Claro";"Dupla";"Reta";"Sim";2;0;1;0;1;0;1;2;-5,87937446;-35,29790983;"SPRF-RN";"DEL01-RN";"UOP02-DEL01-RN"
390858;2021-10-20;"quarta-feira";"17:40:00";"SE";235;5;"NOSSA SENHORA DO SOCORRO";"Condutor deixou de manter distância do veículo da frente";"Engavetamento";"Com Vítimas Feridas";"Anoitecer";"Crescente";"Céu Claro";"Dupla";"Curva";"Sim";4;0;1;0;2;1;1;3;-10,9041;-37,1278;"SPRF-SE";"DEL01-SE";"UOP01-DEL01-SE"
390859;2021-08-13;"sexta-feira";"18:00:00";"SC";101;111,2;"ITAJAI";"Manobra de mudança de faixa";"Queda de ocupante de veículo";"Com Vítimas Feridas";"Anoitecer";"Crescente";"Chuva";"Dupla";"Reta";"Sim";2;0;0;1;1;0;1;2;-26,84509415;-48,72039557;"SPRF-SC";"DEL04-SC";"UOP04-DEL04-SC"
390860;2021-10-20;"quarta-feira";"15:50:00";"PI";222;23,3;"SAO JOAO DA FRONTEIRA";"Obras na pista";"Capotamento";"Com Vítimas Feridas";"Pleno dia";"Crescente";"Nublado";"Simples";"Reta";"Não";2;0;2;0;0;0;2;1;-3,992926;-41,415056;"SPRF-PI";"DEL02-PI";"UOP01-DEL02-PI"
390861;2021-10-20;"quarta-feira";"18:15:00";"AP";210;110;"PORTO GRANDE";"Manobra de mudança de faixa";"Colisão lateral mesmo sentido";"Com Vítimas Feridas";"Plena Noite";"Crescente";"Céu Claro";"Simples";"Reta";"Não";3;0;2;0;0;1;2;2;0,70564616;-51,41271608;"SPRF-AP";"DEL01-AP";"UOP01-DEL01-AP"
390862;2021-10-20;"quarta-feira";"18:20:00";"PR";376;602;"CURITIBA";"Pedestre cruzava a pista fora da faixa";"Queda de ocupante de veículo";"Com Vítimas Feridas";"Anoitecer";"Crescente";"Nublado";"Dupla";"Reta";"Não";1;0;1;0;0;0;1;1;-25,54375798;-49,30720925;"SPRF-PR";"DEL01-PR";"UOP01-DEL01-PR"
390864;2021-10-20;"quarta-feira";"18:20:00";"MG";365;471,5;"PATROCINIO";"Reação tardia ou ineficiente do condutor";"Colisão traseira";"Com Vítimas Feridas";"Anoitecer";"Crescente";"Céu Claro";"Simples";"Reta";"Não";2;0;1;0;1;0;1;2;-18,92484793;-46,99984701;"SPRF-MG";"DEL10-MG";"UOP01-DEL10-MG"
390867;2021-10-20;"quarta-feira";"17:20:00";"SC";470;43;"GASPAR";"Ausência de reação do condutor";"Colisão transversal";"Com Vítimas Feridas";"Pleno dia";"Decrescente";"Nublado";"Simples";"Reta";"Não";2;0;1;0;1;0;1;2;-26,874519;-49,013454;"SPRF-SC";"DEL04-SC";"UOP01-DEL04-SC"
390869;2021-08-21;"sábado";"18:05:00";"MG";116;610;"SAO JOAO DO MANHUACU";"Acessar a via sem observar a presença dos outros veículos";"Colisão transversal";"Com Vítimas Feridas";"Anoitecer";"Crescente";"Ignorado";"Simples";"Reta";"Sim";1;0;0;1;0;0;1;1;-20,40055344;-42,15026205;"SPRF-MG";"DEL07-MG";"UOP03-DEL07-MG"
390870;2021-10-20;"quarta-feira";"15:50:00";"SC";163;68,1;"SAO MIGUEL DO OESTE";"Condutor deixou de manter distância do veículo da frente";"Colisão traseira";"Com Vítimas Feridas";"Pleno dia";"Crescente";"Céu Claro";"Dupla";"Reta;Declive";"Sim";2;0;1;0;1;0;1;2;-26,74390675;-53,50099325;"SPRF-SC";"DEL07-SC";"UOP03-DEL07-SC"
390871;2021-10-20;"quarta-feira";"17:30:00";"PE";408;59;"TRACUNHAEM";"Velocidade Incompatível";"Colisão traseira";"Com Vítimas Feridas";"Anoitecer";"Crescente";"Céu Claro";"Simples";"Curva";"Não";3;0;1;0;2;0;1;3;-7,80575494;-35,24395484;"SPRF-PE";"DEL01-PE";"UOP01-DEL01-PE"
390872;2021-10-20;"quarta-feira";"17:00:00";"PR";376;489,7;"PONTA GROSSA";"Entrada inopinada do pedestre";"Atropelamento de Pedestre";"Com Vítimas Fatais";"Pleno dia";"Crescente";"Céu Claro";"Dupla";"Declive;Reta";"Sim";2;1;0;0;1;0;0;2;-25,14692309;-50,15072006;"SPRF-PR";"DEL03-PR";"UOP01-DEL03-PR"
390873;2021-10-20;"quarta-feira";"19:15:00";"PA";316;24;"BENEVIDES";"Ausência de reação do condutor";"Colisão transversal";"Sem Vítimas";"Plena Noite";"Crescente";"Ignorado";"Dupla";"Reta";"Sim";3;0;0;0;2;1;0;3;-1,34599732;-48,25152822;"SPRF-PA";"DEL01-PA";"UOP01-DEL01-PA"
390874;2021-10-20;"quarta-feira";"18:15:00";"MG";381;849,9;"POUSO ALEGRE";"Objeto estático sobre o leito carroçável";"Colisão com objeto";"Com Vítimas Feridas";"Anoitecer";"Decrescente";"Nublado";"Dupla";"Reta";"Não";3;0;2;0;0;1;2;2;-22,26991499;-45,89241402;"SPRF-MG";"DEL16-MG";"UOP01-DEL16-MG"
390876;2021-10-20;"quarta-feira";"18:45:00";"PE";232;83;"GRAVATA";"Reação tardia ou ineficiente do condutor";"Colisão frontal";"Com Vítimas Feridas";"Plena Noite";"Crescente";"Céu Claro";"Dupla";"Curva";"Sim";2;0;1;0;0;1;1;2;-8,2024868;-35,59542005;"SPRF-PE";"DEL02-PE";"UOP02-DEL02PE"
390877;2021-10-20;"quarta-feira";"18:50:00";"PB";101;90;"JOAO PESSOA";"Retorno proibido";"Colisão transversal";"Com Vítimas Feridas";"Plena Noite";"Crescente";"Céu Claro";"Dupla";"Reta";"Sim";2;0;1;0;0;1;1;2;-7,179652;-34,900417;"SPRF-PB";"DEL01-PB";"UOP02-DEL01-PB"
390878;2021-10-20;"quarta-feira";"18:15:00";"RO";364;15,8;"VILHENA";"Conversão proibida";"Colisão transversal";"Sem Vítimas";"Plena Noite";"Decrescente";"Céu Claro";"Simples";"Interseção de Vias";"Sim";2;0;0;0;2;0;0;2;-12,73523078;-60,15513539;"SPRF-RO";"DEL04-RO";"UOP01-DEL04-RO"
390881;2021-10-20;"quarta-feira";"19:15:00";"PR";116;121;"CURITIBA";"Trafegar com motocicleta (ou similar) entre as faixas";"Colisão traseira";"Com Vítimas Feridas";"Plena Noite";"Crescente";"Nublado";"Dupla";"Aclive;Reta";"Sim";2;0;1;0;1;0;1;2;-25,5599323;-49,30743945;"SPRF-PR";"DEL01-PR";"UOP03-DEL01-PR"
390883;2021-10-20;"quarta-feira";"18:20:00";"SC";101;99;"BALNEARIO PICARRAS";"Objeto estático sobre o leito carroçável";"Colisão traseira";"Com Vítimas Feridas";"Anoitecer";"Decrescente";"Nublado";"Dupla";"Reta";"Não";2;0;1;0;1;0;1;2;-26,7471002;-48,69654831;"SPRF-SC";"DEL03-SC";"UOP02-DEL03-SC"
390884;2021-10-20;"quarta-feira";"19:45:00";"RS";116;145,9;"CAXIAS DO SUL";"Pedestre andava na pista";"Atropelamento de Pedestre";"Com Vítimas Feridas";"Plena Noite";"Crescente";"Céu Claro";"Dupla";"Reta";"Sim";2;0;1;0;1;0;1;2;-29,1350217;-51,1302779;"SPRF-RS";"DEL05-RS";"UOP01-DEL05-RS"
390885;2021-10-20;"quarta-feira";"19:30:00";"DF";20;9;"BRASILIA";"Acessar a via sem observar a presença dos outros veículos";"Colisão traseira";"Com Vítimas Feridas";"Plena Noite";"Decrescente";"Nublado";"Dupla";"Reta";"Sim";2;0;0;1;1;0;1;2;-15,65277147;-47,78093576;"SPRF-DF";"DEL02-DF";"UOP01-DEL02-DF"
390887;2021-10-20;"quarta-feira";"19:40:00";"RS";290;205,9;"RIO PARDO";"Animais na Pista";"Atropelamento de Animal";"Com Vítimas Feridas";"Plena Noite";"Decrescente";"Céu Claro";"Simples";"Reta";"Não";1;0;1;0;0;0;1;1;-30,172075;-52,268089;"SPRF-RS";"DEL02-RS";"UOP03-DEL02-RS"
390889;2021-10-20;"quarta-feira";"19:00:00";"GO";40;8;"LUZIANIA";"Condutor deixou de manter distância do veículo da frente";"Colisão traseira";"Com Vítimas Feridas";"Plena Noite";"Crescente";"Chuva";"Dupla";"Reta";"Sim";2;0;0;1;0;1;1;2;-16,116158;-47,96761;"SPRF-DF";"DEL01-DF";"UOP01-DEL01-DF"
390890;2021-10-20;"quarta-feira";"18:25:00";"AC";364;132;"RIO BRANCO";"Acesso irregular";"Colisão transversal";"Com Vítimas Feridas";"Anoitecer";"Crescente";"Céu Claro";"Simples";"Curva";"Não";2;0;0;1;1;0;1;2;-10,01005063;-67,84552927;"SPRF-AC";"DEL01-AC";"UOP01-DEL01-AC"
390892;2021-10-20;"quarta-feira";"20:20:00";"DF";60;4;"BRASILIA";"Acessar a via sem observar a presença dos outros veículos";"Colisão traseira";"Sem Vítimas";"Anoitecer";"Crescente";"Garoa/Chuvisco";"Dupla";"Reta";"Sim";2;0;0;0;1;1;0;2;-15,89416581;-48,10049415;"SPRF-DF";"DEL03-DF";"UOP01-DEL03-DF"
390893;2021-10-20;"quarta-feira";"20:30:00";"CE";222;9,5;"CAUCAIA";"Reação tardia ou ineficiente do condutor";"Colisão traseira";"Com Vítimas Feridas";"Plena Noite";"Crescente";"Céu Claro";"Simples";"Reta";"Sim";2;0;1;0;1;0;1;2;-3,73586661;-38,65267038;"SPRF-CE";"DEL01-CE";"UOP01-DEL01-CE"
390894;2021-10-20;"quarta-feira";"18:30:00";"SP";116;1;"GUARULHOS";"Acessar a via sem observar a presença dos outros veículos";"Colisão lateral mesmo sentido";"Com Vítimas Feridas";"Plena Noite";"Crescente";"Chuva";"Múltipla";"Interseção de Vias;Reta";"Não";2;0;1;0;1;0;1;2;-23,463257;-46,53373;"SPRF-SP";"DEL01-SP";"UOP01-DEL01-SP"
390897;2021-10-20;"quarta-feira";"11:10:00";"PR";376;182;"SARANDI";"Reação tardia ou ineficiente do condutor";"Queda de ocupante de veículo";"Com Vítimas Feridas";"Pleno dia";"Decrescente";"Céu Claro";"Dupla";"Reta";"Sim";1;0;1;0;0;0;1;1;-23,43684112;-51,87880764;"SPRF-PR";"DEL09-PR";"UOP01-DEL09-PR"
390898;2021-10-20;"quarta-feira";"18:40:00";"PR";376;181;"MARINGA";"Reação tardia ou ineficiente do condutor";"Colisão traseira";"Com Vítimas Feridas";"Plena Noite";"Crescente";"Céu Claro";"Dupla";"Reta";"Sim";2;0;1;0;1;0;1;2;-23,42741758;-51,89512253;"SPRF-PR";"DEL09-PR";"UOP01-DEL09-PR"
390899;2021-10-20;"quarta-feira";"19:30:00";"PA";316;60;"CASTANHAL";"Acessar a via sem observar a presença dos outros veículos";"Colisão transversal";"Com Vítimas Feridas";"Plena Noite";"Decrescente";"Céu Claro";"Simples";"Desvio Temporário";"Sim";3;0;1;2;0;0;3;2;-1,29772957;-47,95528793;"SPRF-PA";"DEL01-PA";"UOP01-DEL01-PA"
390902;2021-10-20;"quarta-feira";"19:40:00";"PR";376;185,7;"SARANDI";"Ausência de reação do condutor";"Saída de leito carroçável";"Com Vítimas Feridas";"Plena Noite";"Crescente";"Céu Claro";"Dupla";"Declive";"Sim";1;0;1;0;0;0;1;1;-23,44833527;-51,85949206;"SPRF-PR";"DEL09-PR";"UOP01-DEL09-PR"
390903;2021-10-20;"quarta-feira";"17:55:00";"RS";470;179;"VERANOPOLIS";"Ausência de reação do condutor";"Colisão transversal";"Com Vítimas Feridas";"Anoitecer";"Crescente";"Céu Claro";"Simples";"Reta";"Sim";2;0;1;0;1;0;1;2;-28,95614928;-51,56242466;"SPRF-RS";"DEL06-RS";"UOP02-DEL06-RS"
390906;2021-10-20;"quarta-feira";"17:40:00";"MG";50;172,1;"UBERABA";"Demais falhas mecânicas ou elétricas";"Tombamento";"Com Vítimas Feridas";"Pleno dia";"Decrescente";"Céu Claro";"Dupla";"Reta";"Sim";2;0;1;1;0;0;2;1;-19,75402507;-47,98051917;"SPRF-MG";"DEL13-MG";"UOP01-DEL13-MG"
390907;2021-10-20;"quarta-feira";"17:55:00";"SC";280;33,2;"ARAQUARI";"Desrespeitar a preferência no cruzamento";"Colisão transversal";"Com Vítimas Feridas";"Anoitecer";"Decrescente";"Chuva";"Simples";"Reta";"Não";2;0;0;1;1;0;1;2;-26,42576441;-48,78741376;"SPRF-SC";"DEL03-SC";"UOP03-DEL03-SC"
390910;2021-10-20;"quarta-feira";"22:40:00";"GO";60;119;"TEREZOPOLIS DE GOIAS";"Acessar a via sem observar a presença dos outros veículos";"Colisão transversal";"Com Vítimas Feridas";"Plena Noite";"Decrescente";"Céu Claro";"Dupla";"Interseção de Vias";"Sim";3;0;1;0;2;0;1;2;-16,4914;-49,0999;"SPRF-GO";"DEL01-GO";"UOP01-DEL01-GO"
390911;2021-10-20;"quarta-feira";"21:00:00";"MG";381;484;"BETIM";"Velocidade Incompatível";"Colisão lateral mesmo sentido";"Com Vítimas Feridas";"Plena Noite";"Decrescente";"Chuva";"Dupla";"Reta;Declive";"Sim";2;0;1;0;1;0;1;2;-19,95531717;-44,11722196;"SPRF-MG";"DEL01-MG";"UOP03-DEL01-MG"
390912;2021-10-20;"quarta-feira";"19:00:00";"BA";101;580;"CAMACAN";"Animais na Pista";"Queda de ocupante de veículo";"Com Vítimas Fatais";"Plena Noite";"Decrescente";"Céu Claro";"Simples";"Reta";"Não";4;1;0;0;2;1;0;3;-15,354791;-39,500995;"SPRF-BA";"DEL05-BA";"UOP02-DEL05-BA"
390913;2021-10-20;"quarta-feira";"18:40:00";"MG";381;504,3;"BETIM";"Velocidade Incompatível";"Colisão traseira";"Com Vítimas Feridas";"Plena Noite";"Decrescente";"Nublado";"Dupla";"Aclive;Reta";"Não";2;0;0;1;0;1;1;2;-20,02625818;-44,231987;"SPRF-MG";"DEL01-MG";"UOP03-DEL01-MG"
390916;2021-10-20;"quarta-feira";"22:40:00";"RS";290;87,2;"PORTO ALEGRE";"Ingestão de álcool pelo condutor";"Colisão com objeto";"Sem Vítimas";"Plena Noite";"Decrescente";"Céu Claro";"Dupla";"Reta";"Não";1;0;0;0;1;0;0;1;-29,967668;-51,129705;"SPRF-RS";"DEL01-RS";"UOP01-DEL01-RS"
390919;2021-10-20;"quarta-feira";"22:35:00";"SC";282;372,8;"ERVAL VELHO";"Objeto estático sobre o leito carroçável";"Colisão com objeto";"Com Vítimas Feridas";"Plena Noite";"Crescente";"Céu Claro";"Simples";"Reta";"Não";1;0;1;0;0;0;1;1;-27,251827;-51,446991;"SPRF-SC";"DEL07-SC";"UOP05-DEL07-SC"
390920;2021-10-20;"quarta-feira";"22:10:00";"PR";376;186,2;"MARIALVA";"Ausência de reação do condutor";"Saída de leito carroçável";"Com Vítimas Feridas";"Plena Noite";"Crescente";"Céu Claro";"Dupla";"Declive";"Sim";3;0;1;2;0;0;3;1;-23,45643624;-51,84510713;"SPRF-PR";"DEL09-PR";"UOP01-DEL09-PR"
390922;2021-10-20;"quarta-feira";"22:40:00";"MT";163;688;"LUCAS DO RIO VERDE";"Reação tardia ou ineficiente do condutor";"Queda de ocupante de veículo";"Com Vítimas Feridas";"Plena Noite";"Crescente";"Nublado";"Dupla";"Reta";"Não";1;0;1;0;0;0;1;1;-13,0694145;-55,926887;"SPRF-MT";"DEL06-MT";"UOP01-DEL06-MT"
390923;2021-10-20;"quarta-feira";"17:00:00";"BA";101;936,4;"MUCURI";"Ultrapassagem Indevida";"Colisão frontal";"Com Vítimas Feridas";"Pleno dia";"Crescente";"Chuva";"Simples";"Reta";"Não";2;0;1;0;1;0;1;2;-18,16840196;-39,91873914;"SPRF-BA";"DEL09-BA";"UOP02-DEL09-BA"
390925;2021-10-20;"quarta-feira";"23:55:00";"PR";116;42,2;"CAMPINA GRANDE DO SUL";"Reação tardia ou ineficiente do condutor";"Saída de leito carroçável";"Sem Vítimas";"Plena Noite";"Crescente";"Garoa/Chuvisco";"Dupla";"Curva";"Não";1;0;0;0;1;0;0;1;-25,17611697;-48,874256;"SPRF-PR";"DEL01-PR";"UOP02-DEL01-PR"
390928;2021-10-21;"quinta-feira";"00:15:00";"SC";101;319,8;"PESCARIA BRAVA";"Ausência de reação do condutor";"Colisão traseira";"Com Vítimas Feridas";"Plena Noite";"Crescente";"Céu Claro";"Múltipla";"Aclive";"Sim";1;0;1;0;0;0;1;1;-28,42978736;-48,87148792;"SPRF-SC";"DEL02-SC";"UOP01-DEL02-SC"
390929;2021-10-20;"quarta-feira";"23:25:00";"RO";364;377;"OURO PRETO DO OESTE";"Ausência de reação do condutor";"Tombamento";"Com Vítimas Feridas";"Plena Noite";"Crescente";"Céu Claro";"Simples";"Reta;Em Obras";"Não";1;0;1;0;0;0;1;1;-10,74199409;-62,20712185;"SPRF-RO";"DEL02-RO";"UOP01-DEL02-RO"