"id";"data_inversa";"dia_semana";"horario";"uf";"br";"km";"municipio";"causa_acidente";"tipo_acidente";"classificacao_acidente";"fase_dia";"sentido_via";"condicao_metereologica";"tipo_pista";"tracado_via";"uso_solo";"pessoas";"mortos";"feridos_leves";"feridos_graves";"ilesos";"ignorados";"feridos";"veiculos";"latitude";"longitude";"regional";"delegacia";"uop"
391379;2021-10-23;"sábado";"08:20:00";"RJ";116;138;"DUQUE DE CAXIAS";"Ausência de reação do condutor";"Queda de ocupante de veículo";"Com Vítimas Feridas";"Pleno dia";"Crescente";"Céu Claro";"Dupla";"Retorno Regulamentado";"Sim";1;0;1;0;0;0;1;1;-22,64742278;-43,22800398;"SPRF-RJ";"DEL04-RJ";"UOP02-DEL04-RJ"
391380;2021-10-23;"sábado";"07:01:00";"MT";70;733;"CACERES";"Acesso irregular";"Colisão transversal";"Com Vítimas Feridas";"Pleno dia";"Crescente";"Sol";"Simples";"Reta";"Sim";2;0;1;1;0;0;2;2;-16,14718607;-57,643994;"SPRF-MT";"DEL03-MT";"UOP01-DEL03-MT"
391381;2021-10-23;"sábado";"08:40:00";"RS";287;522,3;"SAO BORJA";"Chuva";"Saída de leito carroçável";"Com Vítimas Feridas";"Pleno dia";"Decrescente";"Chuva";"Simples";"Curva";"Não";2;0;2;0;0;0;2;1;-28,70857108;-55,86653826;"SPRF-RS";"DEL12-RS";"UOP01-DEL12-RS"
391382;2021-10-23;"sábado";"08:30:00";"SC";280;57,8;"GUARAMIRIM";"Condutor deixou de manter distância do veículo da frente";"Colisão traseira";"Com Vítimas Feridas";"Pleno dia";"Decrescente";"Céu Claro";"Dupla";"Reta";"Sim";2;0;0;1;1;0;1;2;-26,47811421;-49,01259213;"SPRF-SC";"DEL03-SC";"UOP03-DEL03-SC"
391383;2021-10-23;"sábado";"09:29:00";"SC";282;574,3;"PINHALZINHO";"Ingestão de álcool pelo condutor";"Tombamento";"Sem Vítimas";"Pleno dia";"Decrescente";"Chuva";"Simples";"Rotatória";"Não";1;0;0;0;0;1;0;1;-26,87480883;-52,95408547;"SPRF-SC";"DEL07-SC";"UOP02-DEL07-SC"
391384;2021-10-20;"quarta-feira";"15:30:00";"MT";163;629;"NOVA MUTUM";"Reação tardia ou ineficiente do condutor";"Saída de leito carroçável";"Com Vítimas Feridas";"Pleno dia";"Decrescente";"Céu Claro";"Simples";"Reta";"Não";2;0;0;1;1;0;1;1;-13,655916;-56,03628006;"SPRF-MT";"DEL01-MT";"UOP01-DEL01-MT"
391385;2021-10-23;"sábado";"09:35:00";"SC";470;126,6;"LONTRAS";"Acessar a via sem observar a presença dos outros veículos";"Colisão transversal";"Com Vítimas Feridas";"Pleno dia";"Decrescente";"Nublado";"Simples";"Retorno Regulamentado;Reta;Rotatória";"Não";6;0;2;0;4;0;2;2;-27,129;-49,538277;"SPRF-SC";"DEL04-SC";"UOP02-DEL04-SC"
391386;2021-10-23;"sábado";"08:55:00";"TO";153;671,5;"GURUPI";"Reação tardia ou ineficiente do condutor";"Colisão traseira";"Sem Vítimas";"Pleno dia";"Crescente";"Céu Claro";"Dupla";"Reta";"Sim";2;0;0;0;2;0;0;2;-11,69957068;-49,07239091;"SPRF-TO";"DEL01-TO";"UOP02-DEL01-TO"
391388;2021-10-23;"sábado";"10:15:00";"SC";101;197;"BIGUACU";"Condutor deixou de manter distância do veículo da frente";"Tombamento";"Com Vítimas Feridas";"Pleno dia";"Crescente";"Céu Claro";"Dupla";"Reta";"Sim";1;0;1;0;0;0;1;1;-27,51844497;-48,63848496;"SPRF-SC";"DEL01-SC";"UOP01-DEL01-SC"
391389;2021-10-23;"sábado";"09:20:00";"SC";470;87;"ASCURRA";"Reação tardia ou ineficiente do condutor";"Colisão traseira";"Com Vítimas Feridas";"Pleno dia";"Crescente";"Sol";"Simples";"Reta";"Não";3;0;1;0;2;0;1;2;-26,948483;-49,366833;"SPRF-SC";"DEL04-SC";"UOP01-DEL04-SC"
391391;2021-10-23;"sábado";"08:30:00";"RJ";101;113;"CAMPOS DOS GOYTACAZES";"Problema na suspensão";"Saída de leito carroçável";"Sem Vítimas";"Pleno dia";"Crescente";"Sol";"Dupla";"Reta";"Não";5;0;0;0;5;0;0;1;-21,97857304;-41,65596496;"SPRF-RJ";"DEL08-RJ";"UOP02-DEL08-RJ"
391394;2021-10-23;"sábado";"08:00:00";"RO";364;423,7;"JARU";"Velocidade Incompatível";"Colisão transversal";"Com Vítimas Feridas";"Pleno dia";"Decrescente";"Céu Claro";"Simples";"Reta";"Sim";3;0;3;0;0;0;3;2;-10,45220802;-62,46072003;"SPRF-RO";"DEL03-RO";"UOP02-DEL03-RO"
391395;2021-10-23;"sábado";"08:20:00";"RS";290;596,8;"ALEGRETE";"Acumulo de água sobre o pavimento";"Saída de leito carroçável";"Com Vítimas Feridas";"Pleno dia";"Crescente";"Chuva";"Simples";"Reta";"Não";2;0;1;0;1;0;1;1;-29,848288;-55,926453;"SPRF-RS";"DEL13-RS";"UOP02-DEL13-RS"
391396;2021-05-08;"sábado";"08:30:00";"MA";10;179;"CAMPESTRE DO MARANHAO";"Acessar a via sem observar a presença dos outros veículos";"Colisão transversal";"Com Vítimas Feridas";"Pleno dia";"Crescente";"Céu Claro";"Simples";"Reta";"Não";2;0;0;1;0;1;1;2;-6,150186;-47,369565;"SPRF-MA";"DEL04-MA";"UOP02-DEL04-MA"
391397;2021-10-23;"sábado";"10:30:00";"SC";470;140;"RIO DO SUL";"Condutor deixou de manter distância do veículo da frente";"Colisão traseira";"Com Vítimas Feridas";"Pleno dia";"Decrescente";"Céu Claro";"Simples";"Reta;Declive";"Sim";3;0;1;0;2;0;1;2;-27,222485;-49,662827;"SPRF-SC";"DEL04-SC";"UOP02-DEL04-SC"
391398;2021-10-23;"sábado";"08:40:00";"RJ";40;84;"PETROPOLIS";"Ausência de reação do condutor";"Colisão com objeto";"Com Vítimas Feridas";"Pleno dia";"Crescente";"Céu Claro";"Simples";"Túnel;Declive;Curva";"Não";1;0;1;0;0;0;1;1;-22,52379586;-43,237499;"SPRF-RJ";"DEL06-RJ";"UOP01-DEL06-RJ"
391399;2021-10-23;"sábado";"08:05:00";"SC";116;139,9;"SANTA CECILIA";"Acessar a via sem observar a presença dos outros veículos";"Colisão transversal";"Com Vítimas Feridas";"Pleno dia";"Crescente";"Nublado";"Simples";"Declive";"Não";3;0;2;0;1;0;2;2;-26,96007677;-50,41626976;"SPRF-SC";"DEL06-SC";"UOP02-DEL06-SC"
391401;2021-10-23;"sábado";"06:55:00";"PE";423;93,7;"GARANHUNS";"Acessar a via sem observar a presença dos outros veículos";"Colisão transversal";"Com Vítimas Feridas";"Pleno dia";"Decrescente";"Céu Claro";"Simples";"Interseção de Vias";"Sim";3;0;2;0;1;0;2;2;-8,87557386;-36,46911621;"SPRF-PE";"DEL03-PE";"UOP01-DEL03-PE"
391403;2021-10-23;"sábado";"11:20:00";"RS";116;270;"PORTO ALEGRE";"Frear bruscamente";"Colisão traseira";"Com Vítimas Feridas";"Pleno dia";"Crescente";"Céu Claro";"Dupla";"Reta";"Sim";3;0;1;0;2;0;1;3;-29,96839095;-51,17623895;"SPRF-RS";"DEL01-RS";"UOP01-DEL01-RS"
391405;2021-10-23;"sábado";"12:00:00";"RN";427;98;"CAICO";"Desrespeitar a preferência no cruzamento";"Colisão transversal";"Com Vítimas Feridas";"Pleno dia";"Decrescente";"Céu Claro";"Simples";"Interseção de Vias";"Sim";2;0;2;0;0;0;2;2;-6,46437457;-37,09221145;"SPRF-RN";"DEL03-RN";"UOP01-DEL03-RN"
391406;2021-10-23;"sábado";"12:10:00";"PR";476;122;"COLOMBO";"Manobra de mudança de faixa";"Colisão lateral mesmo sentido";"Com Vítimas Feridas";"Pleno dia";"Crescente";"Céu Claro";"Dupla";"Reta";"Sim";3;0;2;0;1;0;2;2;-25,38713746;-49,20441628;"SPRF-PR";"DEL01-PR";"UOP02-DEL01-PR"
391407;2021-10-23;"sábado";"10:55:00";"SP";381;87;"SAO PAULO";"Ausência de reação do condutor";"Colisão com objeto";"Sem Vítimas";"Pleno dia";"Decrescente";"Céu Claro";"Múltipla";"Reta";"Sim";1;0;0;0;0;1;0;1;-23,46885001;-46,56996601;"SPRF-SP";"DEL03-SP";"UOP01-DEL03-SP"
391409;2021-10-23;"sábado";"11:30:00";"MG";116;609,4;"SAO JOAO DO MANHUACU";"Acessar a via sem observar a presença dos outros veículos";"Colisão transversal";"Com Vítimas Feridas";"Pleno dia";"Crescente";"Nublado";"Simples";"Reta";"Sim";2;0;1;0;1;0;1;2;-20,40488795;-42,15173121;"SPRF-MG";"DEL07-MG";"UOP03-DEL07-MG"
391411;2021-10-23;"sábado";"11:55:00";"SC";101;121,8;"ITAJAI";"Manobra de mudança de faixa";"Queda de ocupante de veículo";"Com Vítimas Feridas";"Pleno dia";"Crescente";"Céu Claro";"Múltipla";"Reta";"Sim";2;0;1;0;1;0;1;2;-26,92103178;-48,70856446;"SPRF-SC";"DEL04-SC";"UOP04-DEL04-SC"
391412;2021-10-23;"sábado";"12:50:00";"PR";153;107;"IBAITI";"Ultrapassagem Indevida";"Colisão frontal";"Com Vítimas Feridas";"Pleno dia";"Crescente";"Sol";"Simples";"Reta";"Sim";3;0;2;0;1;0;2;2;-23,83037586;-50,18796925;"SPRF-PR";"DEL07-PR";"UOP04-DEL07-PR"
391413;2021-10-15;"sexta-feira";"16:15:00";"MS";376;108;"IVINHEMA";"Acumulo de água sobre o pavimento";"Saída de leito carroçável";"Com Vítimas Feridas";"Pleno dia";"Crescente";"Chuva";"Simples";"Reta";"Não";1;0;0;1;0;0;1;1;-22,29325783;-53,93562101;"SPRF-MS";"DEL04-MS";"UOP04-DEL04-MS"
391415;2021-10-23;"sábado";"13:35:00";"GO";50;219,8;"CAMPO ALEGRE DE GOIAS";"Ingestão de álcool pelo condutor";"Saída de leito carroçável";"Com Vítimas Feridas";"Pleno dia";"Crescente";"Céu Claro";"Dupla";"Reta";"Não";1;0;0;1;0;0;1;1;-17,7151;-47,7206;"SPRF-GO";"DEL06-GO";"UOP01-DEL06-GO"
391416;2021-10-23;"sábado";"09:00:00";"RJ";116;292;"PORTO REAL";"Ingestão de álcool pelo condutor";"Saída de leito carroçável";"Com Vítimas Feridas";"Pleno dia";"Decrescente";"Céu Claro";"Simples";"Curva";"Não";1;0;1;0;0;0;1;1;-22,46511993;-44,28491095;"SPRF-RJ";"DEL07-RJ";"UOP02-DEL07-RJ"
391417;2021-10-23;"sábado";"13:00:00";"SP";116;50,2;"LORENA";"Velocidade Incompatível";"Colisão traseira";"Com Vítimas Feridas";"Pleno dia";"Crescente";"Sol";"Dupla";"Reta";"Não";4;0;1;0;3;0;1;3;-22,73603721;-45,08433485;"SPRF-SP";"DEL08-SP";"UOP02-DEL08-SP"
391418;2021-10-23;"sábado";"07:25:00";"SC";101;282,9;"IMBITUBA";"Ausência de reação do condutor";"Saída de leito carroçável";"Com Vítimas Feridas";"Pleno dia";"Crescente";"Sol";"Simples";"Curva";"Sim";1;0;0;1;0;0;1;1;-28,19626005;-48,69739859;"SPRF-SC";"DEL02-SC";"UOP03-DEL02-SC"
391420;2021-10-23;"sábado";"13:00:00";"RO";364;239,4;"CACOAL";"Ultrapassagem Indevida";"Colisão frontal";"Com Vítimas Feridas";"Pleno dia";"Crescente";"Céu Claro";"Simples";"Curva";"Sim";4;0;0;1;2;1;1;3;-11,43425083;-61,46267289;"SPRF-RO";"DEL02-RO";"UOP02-DEL02-RO"
391421;2021-10-23;"sábado";"11:20:00";"MG";116;275,6;"TEOFILO OTONI";"Condutor deixou de manter distância do veículo da frente";"Colisão traseira";"Com Vítimas Feridas";"Pleno dia";"Decrescente";"Nublado";"Dupla";"Reta";"Sim";3;0;0;1;2;0;1;2;-17,846991;-41,51549;"SPRF-MG";"DEL11-MG";"UOP01-DEL11-MG"
391422;2021-10-23;"sábado";"11:00:00";"BA";101;690,5;"EUNAPOLIS";"Velocidade Incompatível";"Saída de leito carroçável";"Com Vítimas Feridas";"Pleno dia";"Decrescente";"Chuva";"Simples";"Declive;Curva";"Não";2;0;1;0;1;0;1;1;-16,17346202;-39,59506989;"SPRF-BA";"DEL09-BA";"UOP01-DEL09-BA"
391423;2021-10-23;"sábado";"13:40:00";"PB";230;15,1;"JOAO PESSOA";"Ausência de reação do condutor";"Saída de leito carroçável";"Com Vítimas Feridas";"Pleno dia";"Crescente";"Céu Claro";"Dupla";"Reta";"Sim";1;0;0;1;0;0;1;1;-7,10138241;-34,84773159;"SPRF-PB";"DEL01-PB";"UOP01-DEL01-PB"
391426;2021-10-23;"sábado";"12:00:00";"BA";101;836;"PRADO";"Chuva";"Saída de leito carroçável";"Com Vítimas Feridas";"Pleno dia";"Crescente";"Chuva";"Simples";"Curva";"Não";5;0;3;1;1;0;4;1;-17,22488118;-39,61590528;"SPRF-BA";"DEL09-BA";"UOP02-DEL09-BA"
391428;2021-10-23;"sábado";"12:15:00";"RS";392;272,2;"SAO SEPE";"Velocidade Incompatível";"Capotamento";"Com Vítimas Feridas";"Pleno dia";"Crescente";"Chuva";"Simples";"Reta";"Não";1;0;1;0;0;0;1;1;-30,375384;-53,512945;"SPRF-RS";"DEL09-RS";"UOP02-DEL09-RS"
391430;2021-10-23;"sábado";"13:10:00";"RJ";101;303;"SAO GONCALO";"Demais falhas mecânicas ou elétricas";"Incêndio";"Sem Vítimas";"Pleno dia";"Crescente";"Céu Claro";"Dupla";"Reta";"Sim";2;0;0;0;2;0;0;1;-22,7828205;-42,9766681;"SPRF-RJ";"DEL02-RJ";"UOP02-DEL02-RJ"
391433;2021-10-23;"sábado";"13:45:00";"MT";70;255;"PRIMAVERA DO LESTE";"Ausência de reação do condutor";"Saída de leito carroçável";"Com Vítimas Feridas";"Pleno dia";"Decrescente";"Céu Claro";"Simples";"Reta";"Não";1;0;1;0;0;0;1;1;-15,62767814;-54,15866498;"SPRF-MT";"DEL05-MT";"UOP01-DEL05-MT"
391434;2021-10-23;"sábado";"14:40:00";"PE";232;127;"CARUARU";"Retorno proibido";"Colisão lateral mesmo sentido";"Com Vítimas Feridas";"Pleno dia";"Crescente";"Céu Claro";"Simples";"Reta";"Sim";2;0;1;0;1;0;1;2;-8,30479768;-35,9641099;"SPRF-PE";"DEL02-PE";"UOP03-DEL02-PE"
391435;2021-10-23;"sábado";"15:20:00";"RS";116;551;"CAPAO DO LEAO";"Chuva";"Saída de leito carroçável";"Com Vítimas Fatais";"Pleno dia";"Crescente";"Chuva";"Simples";"Reta";"Não";4;4;0;0;0;0;0;1;-31,86859597;-52,61260502;"SPRF-RS";"DEL07-RS";"UOP03-DEL07-RS"
391437;2021-10-23;"sábado";"15:55:00";"PR";376;246,7;"APUCARANA";"Avarias e/ou desgaste excessivo no pneu";"Tombamento";"Com Vítimas Feridas";"Pleno dia";"Crescente";"Nublado";"Dupla";"Reta";"Sim";2;0;2;0;0;0;2;1;-23,59352575;-51,41125202;"SPRF-PR";"DEL07-PR";"UOP02-DEL07-PR"
391441;2021-10-23;"sábado";"16:15:00";"GO";158;275,8;"JATAI";"Desrespeitar a preferência no cruzamento";"Colisão transversal";"Com Vítimas Feridas";"Pleno dia";"Decrescente";"Céu Claro";"Simples";"Rotatória";"Sim";2;0;1;0;1;0;1;2;-17,90323914;-51,72991613;"SPRF-GO";"DEL05-GO";"UOP01-DEL05-GO"
391442;2021-10-23;"sábado";"15:50:00";"AP";210;1;"MACAPA";"Ingestão de álcool pelo condutor";"Colisão transversal";"Sem Vítimas";"Pleno dia";"Decrescente";"Céu Claro";"Múltipla";"Interseção de Vias";"Sim";2;0;0;0;2;0;0;2;0,07816717;-51,06998693;"SPRF-AP";"DEL01-AP";"UOP01-DEL01-AP"
391443;2021-10-23;"sábado";"15:20:00";"MT";364;288;"JACIARA";"Ingestão de álcool pelo condutor";"Saída de leito carroçável";"Sem Vítimas";"Pleno dia";"Crescente";"Céu Claro";"Dupla";"Reta";"Não";1;0;0;0;1;0;0;1;-15,90472182;-55,07406303;"SPRF-MT";"DEL05-MT";"UOP02-DEL05-MT"
391447;2021-10-23;"sábado";"08:00:00";"RJ";356;5;"ITAPERUNA";"Transitar na contramão";"Colisão frontal";"Com Vítimas Fatais";"Amanhecer";"Crescente";"Céu Claro";"Simples";"Reta";"Não";3;1;1;0;1;0;1;2;-21,15436896;-42,13713399;"SPRF-RJ";"DEL08-RJ";"UOP03-DEL08-RJ"
391451;2021-10-23;"sábado";"17:25:00";"SP";381;86;"SAO PAULO";"Ausência de reação do condutor";"Colisão com objeto";"Com Vítimas Feridas";"Anoitecer";"Crescente";"Céu Claro";"Dupla";"Reta";"Sim";1;0;1;0;0;0;1;1;-23,45930499;-46,57161179;"SPRF-SP";"DEL03-SP";"UOP01-DEL03-SP"
391453;2021-10-23;"sábado";"16:40:00";"RN";427;0,3;"CURRAIS NOVOS";"Acessar a via sem observar a presença dos outros veículos";"Colisão transversal";"Sem Vítimas";"Pleno dia";"Crescente";"Céu Claro";"Simples";"Reta";"Sim";3;0;0;0;0;3;0;2;-6,26848646;-36,52266288;"SPRF-RN";"DEL03-RN";"UOP02-DEL03-RN"
391455;2021-10-23;"sábado";"18:00:00";"SE";101;167,6;"SANTA LUZIA DO ITANHY";"Ultrapassagem Indevida";"Colisão frontal";"Com Vítimas Fatais";"Plena Noite";"Crescente";"Céu Claro";"Simples";"Reta;Aclive";"Não";2;1;0;0;1;0;0;2;-11,32213105;-37,55905867;"SPRF-SE";"DEL02-SE";"UOP01-DEL02-SE"
391456;2021-10-23;"sábado";"17:20:00";"GO";40;127,5;"CRISTALINA";"Avarias e/ou desgaste excessivo no pneu";"Saída de leito carroçável";"Sem Vítimas";"Pleno dia";"Crescente";"Céu Claro";"Dupla";"Reta";"Não";1;0;0;0;1;0;0;1;-16,893073;-47,359216;"SPRF-DF";"DEL01-DF";"UOP02-DEL01-DF"
391457;2021-08-16;"segunda-feira";"13:55:00";"PI";316;3,6;"TERESINA";"Entrada inopinada do pedestre";"Atropelamento de Pedestre";"Com Vítimas Fatais";"Pleno dia";"Decrescente";"Sol";"Múltipla";"Aclive;Curva";"Sim";4;1;0;2;1;0;2;4;-5,1375901;-42,78825413;"SPRF-PI";"DEL01-PI";"UOP02-DEL01-PI"
391458;2021-10-23;"sábado";"17:50:00";"MG";381;6;"BETIM";"Ingestão de álcool pelo condutor";"Colisão traseira";"Com Vítimas Feridas";"Anoitecer";"Decrescente";"Céu Claro";"Múltipla";"Curva";"Sim";2;0;1;0;1;0;1;2;-19,99012686;-44,19490814;"SPRF-MG";"DEL01-MG";"UOP03-DEL01-MG"
391459;2021-10-23;"sábado";"18:20:00";"SP";153;66;"SAO JOSE DO RIO PRETO";"Avarias e/ou desgaste excessivo no pneu";"Tombamento";"Com Vítimas Feridas";"Anoitecer";"Decrescente";"Céu Claro";"Dupla";"Reta";"Sim";2;0;2;0;0;0;2;1;-20,84208514;-49,37074279;"SPRF-SP";"DEL09-SP";"UOP01-DEL09-SP"
391461;2021-10-23;"sábado";"18:30:00";"SC";101;214,9;"PALHOCA";"Ausência de reação do condutor";"Colisão traseira";"Com Vítimas Feridas";"Plena Noite";"Decrescente";"Chuva";"Dupla";"Reta";"Sim";2;0;1;0;1;0;1;2;-27,64443;-48,67057;"SPRF-SC";"DEL01-SC";"UOP02-DEL01-SC"
391463;2021-10-23;"sábado";"18:20:00";"BA";116;9;"VITORIA DA CONQUISTA";"Condutor deixou de manter distância do veículo da frente";"Colisão traseira";"Com Vítimas Feridas";"Plena Noite";"Decrescente";"Céu Claro";"Simples";"Reta";"Não";2;0;1;0;1;0;1;2;-14,86095156;-40,87549947;"SPRF-BA";"DEL08-BA";"UOP01-DEL08-BA"
391465;2021-10-23;"sábado";"19:00:00";"CE";116;12,2;"FORTALEZA";"Reação tardia ou ineficiente do condutor";"Colisão com objeto";"Com Vítimas Fatais";"Plena Noite";"Decrescente";"Céu Claro";"Múltipla";"Reta";"Sim";1;1;0;0;0;0;0;1;-3,852077;-38,495525;"SPRF-CE";"DEL01-CE";"UOP02-DEL01-CE"
391467;2021-10-23;"sábado";"18:30:00";"PR";369;154;"LONDRINA";"Ingestão de álcool pelo condutor";"Colisão com objeto";"Com Vítimas Feridas";"Plena Noite";"Decrescente";"Chuva";"Dupla";"Reta";"Sim";2;0;0;2;0;0;2;1;-23,2973397;-51,19267344;"SPRF-PR";"DEL07-PR";"UOP01-DEL07-PR"
391470;2021-10-23;"sábado";"18:40:00";"GO";414;400;"ABADIANIA";"Ingestão de álcool pelo condutor";"Colisão frontal";"Com Vítimas Feridas";"Anoitecer";"Crescente";"Céu Claro";"Simples";"Reta";"Não";2;0;1;1;0;0;2;2;-15,97556585;-48,82566142;"SPRF-GO";"DEL02-GO";"UOP01-DEL02-GO"
391471;2021-10-23;"sábado";"18:55:00";"SE";235;52,1;"ITABAIANA";"Frear bruscamente";"Colisão traseira";"Com Vítimas Feridas";"Plena Noite";"Crescente";"Céu Claro";"Simples";"Reta";"Sim";2;0;1;0;1;0;1;2;-10,693279;-37,437557;"SPRF-SE";"DEL01-SE";"UOP02-DEL01-SE"
391472;2021-10-23;"sábado";"19:30:00";"PR";116;166;"QUITANDINHA";"Chuva";"Atropelamento de Pedestre";"Com Vítimas Feridas";"Plena Noite";"Crescente";"Chuva";"Simples";"Reta";"Não";2;0;1;0;0;1;1;2;-25,86521941;-49,44583693;"SPRF-PR";"DEL01-PR";"UOP03-DEL01-PR"
391474;2021-10-23;"sábado";"18:45:00";"AL";316;151,9;"PALMEIRA DOS INDIOS";"Pedestre cruzava a pista fora da faixa";"Atropelamento de Pedestre";"Com Vítimas Feridas";"Plena Noite";"Decrescente";"Céu Claro";"Simples";"Reta";"Não";5;0;0;1;2;2;1;2;-9,42163483;-36,66523789;"SPRF-AL";"DEL03-AL";"UOP01-DEL03-AL"
391476;2021-10-23;"sábado";"19:00:00";"MS";163;466;"CAMPO GRANDE";"Reação tardia ou ineficiente do condutor";"Tombamento";"Com Vítimas Feridas";"Plena Noite";"Crescente";"Nublado";"Dupla";"Rotatória";"Não";1;0;0;1;0;0;1;1;-20,58566898;-54,58258181;"SPRF-MS";"DEL01-MS";"UOP01-DEL01-MS"
391477;2021-10-23;"sábado";"13:20:00";"SC";280;296,7;"PORTO UNIAO";"Velocidade Incompatível";"Colisão com objeto";"Com Vítimas Feridas";"Pleno dia";"Crescente";"Chuva";"Simples";"Curva";"Não";1;0;1;0;0;0;1;1;-26,28733189;-50,98370597;"SPRF-SC";"DEL06-SC";"UOP04-DEL06-SC"
391480;2021-10-23;"sábado";"18:49:00";"PI";343;2;"TERESINA";"Velocidade Incompatível";"Colisão traseira";"Com Vítimas Feridas";"Plena Noite";"Decrescente";"Céu Claro";"Múltipla";"Reta";"Sim";2;0;1;0;1;0;1;2;-5,081167;-42,763358;"SPRF-PI";"DEL05-PI";"UOP01-DEL05-PI"
391482;2021-10-23;"sábado";"20:05:00";"RN";406;150;"CEARA-MIRIM";"Ingestão de álcool e/ou substâncias psicoativas pelo pedestre";"Atropelamento de Pedestre";"Com Vítimas Feridas";"Plena Noite";"Decrescente";"Céu Claro";"Simples";"Reta";"Sim";2;0;0;1;1;0;1;2;-5,64974982;-35,43234997;"SPRF-RN";"DEL02-RN";"UOP01-DEL02-RN"
391484;2021-10-23;"sábado";"20:15:00";"SP";381;51;"ATIBAIA";"Reação tardia ou ineficiente do condutor";"Tombamento";"Com Vítimas Feridas";"Plena Noite";"Decrescente";"Céu Claro";"Dupla";"Reta";"Não";2;0;2;0;0;0;2;1;-23,221911;-46,59644;"SPRF-SP";"DEL03-SP";"UOP01-DEL03-SP"
391485;2021-10-23;"sábado";"20:00:00";"MG";354;702,8;"CAXAMBU";"Retorno proibido";"Colisão transversal";"Com Vítimas Feridas";"Plena Noite";"Decrescente";"Céu Claro";"Simples";"Reta";"Sim";2;0;1;0;1;0;1;2;-21,96745;-44,92219;"SPRF-MG";"DEL17-MG";"UOP01-DEL17-MG"
391486;2021-10-23;"sábado";"20:05:00";"SC";470;122,4;"IBIRAMA";"Pista Escorregadia";"Colisão frontal";"Com Vítimas Feridas";"Plena Noite";"Decrescente";"Chuva";"Simples";"Curva";"Não";12;0;6;0;6;0;6;3;-27,099888;-49,527679;"SPRF-SC";"DEL04-SC";"UOP02-DEL04-SC"
391487;2021-10-23;"sábado";"19:50:00";"RJ";101;294;"ITABORAI";"Condutor deixou de manter distância do veículo da frente";"Tombamento";"Com Vítimas Feridas";"Plena Noite";"Decrescente";"Ignorado";"Dupla";"Viaduto";"Sim";1;0;0;1;0;0;1;1;-22,75493131;-42,89113998;"SPRF-RJ";"DEL02-RJ";"UOP02-DEL02-RJ"
391488;2021-10-23;"sábado";"18:50:00";"MT";163;832;"SINOP";"Acessar a via sem observar a presença dos outros veículos";"Colisão transversal";"Sem Vítimas";"Plena Noite";"Crescente";"Céu Claro";"Simples";"Interseção de Vias";"Não";21;0;0;0;21;0;0;2;-11,89192443;-55,50311744;"SPRF-MT";"DEL06-MT";"UOP01-DEL06-MT"
391489;2021-10-23;"sábado";"19:45:00";"SP";116;207;"GUARULHOS";"Ausência de reação do condutor";"Colisão traseira";"Sem Vítimas";"Plena Noite";"Crescente";"Céu Claro";"Dupla";"Reta";"Sim";2;0;0;0;2;0;0;2;-23,41972188;-46,38419203;"SPRF-SP";"DEL01-SP";"UOP01-DEL01-SP"
391490;2021-10-23;"sábado";"19:40:00";"SC";282;516,7;"XAXIM";"Ingestão de álcool e/ou substâncias psicoativas pelo pedestre";"Atropelamento de Pedestre";"Com Vítimas Feridas";"Pleno dia";"Decrescente";"Chuva";"Simples";"Reta";"Não";2;0;2;0;0;0;2;2;-26,930862;-52,499157;"SPRF-SC";"DEL07-SC";"UOP01-DEL07-SC"
391491;2021-10-23;"sábado";"20:00:00";"MS";163;498;"CAMPO GRANDE";"Condutor Dormindo";"Saída de leito carroçável";"Com Vítimas Feridas";"Plena Noite";"Decrescente";"Céu Claro";"Simples";"Reta";"Não";1;0;1;0;0;0;1;1;-20,343867;-54,518513;"SPRF-MS";"DEL01-MS";"UOP02-DEL01-MS"
391492;2021-10-23;"sábado";"18:40:00";"AC";364;117;"RIO BRANCO";"Acessar a via sem observar a presença dos outros veículos";"Colisão transversal";"Com Vítimas Feridas";"Plena Noite";"Crescente";"Céu Claro";"Dupla";"Reta";"Não";1;0;1;0;0;0;1;1;-10,012801;-67,728245;"SPRF-AC";"DEL01-AC";"UOP01-DEL01-AC"
391493;2021-10-23;"sábado";"20:00:00";"PE";428;179,1;"PETROLINA";"Velocidade Incompatível";"Capotamento";"Com Vítimas Feridas";"Plena Noite";"Crescente";"Chuva";"Simples";"Reta";"Não";4;0;4;0;0;0;4;1;-9,29218306;-40,4457509;"SPRF-PE";"DEL06-PE";"UOP01-DEL06-PE"
391494;2021-10-23;"sábado";"19:30:00";"PR";277;586,6;"CASCAVEL";"Pista esburacada";"Queda de ocupante de veículo";"Com Vítimas Feridas";"Plena Noite";"Crescente";"Chuva";"Simples";"Reta;Declive";"Sim";1;0;1;0;0;0;1;1;-24,9649472;-53,4210459;"SPRF-PR";"DEL04-PR";"UOP01-DEL04-PR"
391495;2021-10-23;"sábado";"20:44:00";"SP";381;64;"MAIRIPORA";"Ausência de reação do condutor";"Tombamento";"Com Vítimas Feridas";"Plena Noite";"Decrescente";"Céu Claro";"Dupla";"Reta";"Sim";1;0;1;0;0;0;1;1;-23,3089645;-46,57924651;"SPRF-SP";"DEL03-SP";"UOP01-DEL03-SP"
391496;2021-10-23;"sábado";"19:00:00";"MA";135;30;"BACABEIRA";"Velocidade Incompatível";"Saída de leito carroçável";"Com Vítimas Feridas";"Plena Noite";"Decrescente";"Céu Claro";"Dupla";"Reta;Desvio Temporário";"Não";3;0;2;0;1;0;2;1;-2,804075;-44,37428121;"SPRF-MA";"DEL01-MA";"UOP01-DEL01-MA"