"id";"data_inversa";"dia_semana";"horario";"uf";"br";"km";"municipio";"causa_acidente";"tipo_acidente";"classificacao_acidente";"fase_dia";"sentido_via";"condicao_metereologica";"tipo_pista";"tracado_via";"uso_solo";"pessoas";"mortos";"feridos_leves";"feridos_graves";"ilesos";"ignorados";"feridos";"veiculos";"latitude";"longitude";"regional";"delegacia";"uop"
391499;2021-10-23;"sábado";"20:30:00";"PR";376;213,2;"JANDAIA DO SUL";"Acumulo de água sobre o pavimento";"Saída de leito carroçável";"Com Vítimas Feridas";"Plena Noite";"Decrescente";"Chuva";"Dupla";"Declive;Curva";"Não";2;0;2;0;0;0;2;1;-23,5808343;-51,65143895;"SPRF-PR";"DEL09-PR";"UOP01-DEL09-PR"
391500;2021-10-23;"sábado";"19:20:00";"MT";174;287;"PONTES E LACERDA";"Ultrapassagem Indevida";"Colisão frontal";"Com Vítimas Feridas";"Plena Noite";"Crescente";"Céu Claro";"Simples";"Aclive";"Sim";3;0;0;1;2;0;1;3;-15,25503929;-59,30814743;"SPRF-MT";"DEL04-MT";"UOP01-DEL04-MT"
391501;2021-10-23;"sábado";"16:30:00";"ES";101;153;"LINHARES";"Demais falhas mecânicas ou elétricas";"Incêndio";"Sem Vítimas";"Pleno dia";"Crescente";"Céu Claro";"Simples";"Reta";"Não";1;0;0;0;0;1;0;1;-19,423338;-40,07872401;"SPRF-ES";"DEL04-ES";"UOP01-DEL04-ES"
391503;2021-10-23;"sábado";"21:00:00";"PI";316;13,4;"TERESINA";"Ingestão de álcool pelo condutor";"Saída de leito carroçável";"Com Vítimas Feridas";"Plena Noite";"Decrescente";"Céu Claro";"Múltipla";"Reta";"Não";1;0;1;0;0;0;1;1;-5,2096314;-42,75526995;"SPRF-PI";"DEL01-PI";"UOP02-DEL01-PI"
391504;2021-10-23;"sábado";"20:35:00";"PR";277;721;"FOZ DO IGUACU";"Ausência de reação do condutor";"Colisão com objeto";"Sem Vítimas";"Plena Noite";"Decrescente";"Chuva";"Dupla";"Reta";"Sim";1;0;0;0;1;0;0;1;-25,4911505;-54,51185421;"SPRF-PR";"DEL05-PR";"UOP03-DEL05-PR"
391505;2021-10-23;"sábado";"08:40:00";"RO";364;738;"PORTO VELHO";"Demais falhas mecânicas ou elétricas";"Colisão com objeto";"Sem Vítimas";"Pleno dia";"Decrescente";"Céu Claro";"Simples";"Reta";"Não";2;0;0;0;2;0;0;2;-8,96050416;-63,98929374;"SPRF-RO";"DEL01-RO";"UOP02-DEL01-RO"
391506;2021-10-23;"sábado";"21:40:00";"PR";116;112;"CURITIBA";"Manobra de mudança de faixa";"Tombamento";"Com Vítimas Feridas";"Plena Noite";"Crescente";"Chuva";"Dupla";"Reta";"Sim";3;0;2;0;0;1;2;2;-25,56730763;-49,23706792;"SPRF-PR";"DEL01-PR";"UOP01-DEL01-PR"
391507;2021-10-23;"sábado";"21:20:00";"SC";280;13,1;"SAO FRANCISCO DO SUL";"Ultrapassagem Indevida";"Colisão frontal";"Com Vítimas Feridas";"Plena Noite";"Crescente";"Garoa/Chuvisco";"Simples";"Reta";"Não";4;0;0;4;0;0;4;2;-26,32171113;-48,64798666;"SPRF-SC";"DEL03-SC";"UOP03-DEL03-SC"
391510;2021-10-23;"sábado";"20:25:00";"CE";116;40;"HORIZONTE";"Animais na Pista";"Atropelamento de Animal";"Sem Vítimas";"Plena Noite";"Crescente";"Céu Claro";"Dupla";"Reta";"Sim";1;0;0;0;1;0;0;1;-4,09496999;-38,50351984;"SPRF-CE";"DEL01-CE";"UOP02-DEL01-CE"
391512;2021-10-23;"sábado";"21:25:00";"MA";316;412;"ALTO ALEGRE DO MARANHAO";"Avarias e/ou desgaste excessivo no pneu";"Saída de leito carroçável";"Com Vítimas Feridas";"Plena Noite";"Decrescente";"Céu Claro";"Simples";"Reta";"Não";2;0;1;1;0;0;2;1;-4,298169;-44,415096;"SPRF-MA";"DEL03-MA";"UOP01-DEL03-MA"
391513;2021-10-23;"sábado";"19:50:00";"SP";116;476;"JACUPIRANGA";"Ingestão de álcool pelo condutor";"Colisão traseira";"Com Vítimas Feridas";"Plena Noite";"Crescente";"Garoa/Chuvisco";"Dupla";"Interseção de Vias";"Sim";3;0;2;0;1;0;2;3;-24,6928255;-47,99567352;"SPRF-SP";"DEL05-SP";"UOP01-DEL05-SP"
391515;2021-10-23;"sábado";"20:10:00";"RS";472;404,6;"SAO BORJA";"Ingestão de álcool pelo condutor";"Colisão com objeto";"Sem Vítimas";"Plena Noite";"Decrescente";"Nublado";"Simples";"Reta";"Não";3;0;0;0;3;0;0;1;-28,71799066;-56,00898743;"SPRF-RS";"DEL12-RS";"UOP01-DEL12-RS"
391517;2021-10-23;"sábado";"22:00:00";"PE";232;58,5;"POMBOS";"Ausência de reação do condutor";"Tombamento";"Com Vítimas Feridas";"Plena Noite";"Crescente";"Céu Claro";"Dupla";"Reta";"Não";1;0;0;1;0;0;1;1;-8,14462866;-35,39034714;"SPRF-PE";"DEL02-PE";"UOP02-DEL02PE"
391518;2021-10-23;"sábado";"22:28:00";"PR";369;445,4;"UBIRATA";"Ingestão de álcool pelo condutor";"Saída de leito carroçável";"Com Vítimas Feridas";"Plena Noite";"Crescente";"Chuva";"Simples";"Declive;Curva";"Não";2;0;0;1;0;1;1;2;-24,548;-52,9479;"SPRF-PR";"DEL04-PR";"UOP03-DEL04-PR"
391519;2021-10-23;"sábado";"22:00:00";"PI";343;341,2;"TERESINA";"Ingestão de substâncias psicoativas pelo condutor";"Colisão transversal";"Com Vítimas Feridas";"Plena Noite";"Decrescente";"Céu Claro";"Simples";"Rotatória";"Não";2;0;2;0;0;0;2;2;-5,0788164;-42,74970328;"SPRF-PI";"DEL01-PI";"UOP01-DEL01-PI"
391520;2021-10-23;"sábado";"21:40:00";"MS";262;479,7;"ANASTACIO";"Animais na Pista";"Atropelamento de Animal";"Com Vítimas Feridas";"Plena Noite";"Crescente";"Chuva";"Simples";"Reta";"Sim";1;0;1;0;0;0;1;1;-20,50589351;-55,71102998;"SPRF-MS";"DEL03-MS";"UOP01-DEL03-MS"
391521;2021-10-23;"sábado";"21:20:00";"SC";116;219,4;"CORREIA PINTO";"Ausência de reação do condutor";"Colisão traseira";"Com Vítimas Feridas";"Plena Noite";"Decrescente";"Chuva";"Simples";"Declive";"Sim";2;0;0;1;0;1;1;2;-27,58224719;-50,36699479;"SPRF-SC";"DEL05-SC";"UOP03-DEL05-SC"
391523;2021-10-23;"sábado";"18:30:00";"SP";116;161,4;"JACAREI";"Acessar a via sem observar a presença dos outros veículos";"Colisão transversal";"Com Vítimas Fatais";"Plena Noite";"Decrescente";"Céu Claro";"Dupla";"Reta";"Sim";1;1;0;0;0;0;0;1;-23,27617003;-45,97592098;"SPRF-SP";"DEL02-SP";"UOP01-DEL02-SP"
391524;2021-10-23;"sábado";"22:50:00";"RJ";116;57;"TERESOPOLIS";"Ausência de reação do condutor";"Tombamento";"Com Vítimas Feridas";"Plena Noite";"Crescente";"Céu Claro";"Simples";"Reta";"Não";1;0;1;0;0;0;1;1;-22,21208668;-42,90068849;"SPRF-RJ";"DEL04-RJ";"UOP01-DEL04-RJ"
391525;2021-10-23;"sábado";"22:10:00";"PB";230;18,3;"JOAO PESSOA";"Ausência de reação do condutor";"Tombamento";"Com Vítimas Feridas";"Plena Noite";"Decrescente";"Céu Claro";"Múltipla";"Reta;Aclive";"Sim";1;0;1;0;0;0;1;1;-7,12570427;-34,84525859;"SPRF-PB";"DEL01-PB";"UOP01-DEL01-PB"
391526;2021-10-23;"sábado";"21:20:00";"PR";376;155;"MARINGA";"Condutor deixou de manter distância do veículo da frente";"Colisão traseira";"Com Vítimas Feridas";"Plena Noite";"Decrescente";"Chuva";"Dupla";"Aclive";"Não";3;0;1;0;2;0;1;2;-23,33851773;-52,09845693;"SPRF-PR";"DEL09-PR";"UOP01-DEL09-PR"
391528;2021-10-23;"sábado";"20:00:00";"RO";364;431,4;"JARU";"Animais na Pista";"Atropelamento de Animal";"Com Vítimas Feridas";"Plena Noite";"Crescente";"Céu Claro";"Simples";"Reta;Aclive";"Não";2;0;2;0;0;0;2;1;-10,40170229;-62,52331406;"SPRF-RO";"DEL03-RO";"UOP02-DEL03-RO"
391531;2021-10-23;"sábado";"23:40:00";"DF";20;2,4;"BRASILIA";"Ingestão de álcool pelo condutor";"Saída de leito carroçável";"Com Vítimas Feridas";"Plena Noite";"Decrescente";"Ignorado";"Múltipla";"Interseção de Vias;Rotatória";"Sim";1;0;0;1;0;0;1;1;-15,682896;-47,840729;"SPRF-DF";"DEL02-DF";"UOP01-DEL02-DF"
391532;2021-10-23;"sábado";"20:15:00";"RO";429;161;"SAO MIGUEL DO GUAPORE";"Transitar na contramão";"Queda de ocupante de veículo";"Com Vítimas Feridas";"Plena Noite";"Crescente";"Céu Claro";"Dupla";"Retorno Regulamentado";"Não";1;0;1;0;0;0;1;1;-11,70528487;-62,70650625;"SPRF-RO";"DEL02-RO";"UOP03-DEL02-RO"
391533;2021-10-23;"sábado";"19:40:00";"RS";285;19,9;"SAO JOSE DOS AUSENTES";"Desrespeitar a preferência no cruzamento";"Colisão transversal";"Com Vítimas Feridas";"Plena Noite";"Crescente";"Nublado";"Simples";"Interseção de Vias";"Não";3;0;2;0;1;0;2;2;-28,740047;-50,087463;"SPRF-RS";"DEL05-RS";"UOP03-DEL05-RS"
391534;2021-10-09;"sábado";"07:00:00";"ES";101;171;"LINHARES";"Ausência de sinalização";"Colisão com objeto";"Com Vítimas Feridas";"Amanhecer";"Decrescente";"Nublado";"Simples";"Reta";"Não";1;0;1;0;0;0;1;1;-19,55735391;-40,17329217;"SPRF-ES";"DEL04-ES";"UOP01-DEL04-ES"
391535;2021-10-23;"sábado";"22:35:00";"MT";364;205;"RONDONOPOLIS";"Frear bruscamente";"Colisão traseira";"Com Vítimas Feridas";"Plena Noite";"Crescente";"Céu Claro";"Dupla";"Declive;Retorno Regulamentado;Reta";"Sim";2;0;1;0;0;1;1;2;-16,45928621;-54,66092345;"SPRF-MT";"DEL02-MT";"UOP01-DEL02-MT"
391537;2021-10-23;"sábado";"21:30:00";"PE";424;72;"CAETES";"Transitar na contramão";"Colisão frontal";"Com Vítimas Fatais";"Plena Noite";"Decrescente";"Céu Claro";"Simples";"Reta";"Não";3;1;1;1;0;0;2;2;-8,78940416;-36,60582811;"SPRF-PE";"DEL03-PE";"UOP01-DEL03-PE"
391539;2021-10-23;"sábado";"23:30:00";"PB";230;41,3;"SANTA RITA";"Velocidade Incompatível";"Saída de leito carroçável";"Sem Vítimas";"Plena Noite";"Crescente";"Céu Claro";"Dupla";"Reta";"Sim";1;0;0;0;0;1;0;1;-7,1432;-34,9869;"SPRF-PB";"DEL01-PB";"UOP03-DEL01-PB"
391540;2021-10-23;"sábado";"23:00:00";"RJ";101;551;"PARATY";"Reação tardia ou ineficiente do condutor";"Colisão com objeto";"Com Vítimas Feridas";"Plena Noite";"Crescente";"Chuva";"Simples";"Reta";"Sim";3;0;1;2;0;0;3;1;-23,05018104;-44,67370097;"SPRF-RJ";"DEL03-RJ";"UOP04-DEL03-RJ"
391545;2021-10-23;"sábado";"20:00:00";"SC";101;333,7;"TUBARAO";"Desrespeitar a preferência no cruzamento";"Colisão transversal";"Com Vítimas Feridas";"Plena Noite";"Decrescente";"Nublado";"Dupla";"Rotatória";"Não";2;0;1;0;0;1;1;2;-28,46630107;-48,99653096;"SPRF-SC";"DEL02-SC";"UOP01-DEL02-SC"
391547;2021-10-23;"sábado";"22:45:00";"PR";277;704;"SAO MIGUEL DO IGUACU";"Demais falhas mecânicas ou elétricas";"Saída de leito carroçável";"Com Vítimas Feridas";"Plena Noite";"Crescente";"Nublado";"Dupla";"Reta";"Não";4;0;1;0;3;0;1;1;-25,42529621;-54,36142389;"SPRF-PR";"DEL05-PR";"UOP01-DEL05-PR"
391549;2021-10-23;"sábado";"22:35:00";"MG";365;629,1;"UBERLANDIA";"Ausência de reação do condutor";"Colisão traseira";"Com Vítimas Fatais";"Plena Noite";"Crescente";"Céu Claro";"Dupla";"Declive;Reta";"Não";3;1;0;0;1;1;0;3;-18,90049028;-48,36226204;"SPRF-MG";"DEL15-MG";"UOP01-DEL15-MG"
391550;2021-10-24;"domingo";"00:55:00";"SC";101;217;"PALHOCA";"Ingestão de álcool e/ou substâncias psicoativas pelo pedestre";"Colisão com objeto";"Sem Vítimas";"Plena Noite";"Crescente";"Céu Claro";"Múltipla";"Reta";"Sim";1;0;0;0;1;0;0;1;-27,66779034;-48,67393586;"SPRF-SC";"DEL01-SC";"UOP02-DEL01-SC"
391551;2021-06-25;"sexta-feira";"19:20:00";"BA";116;421;"FEIRA DE SANTANA";"Mal súbito do condutor";"Colisão com objeto";"Com Vítimas Feridas";"Plena Noite";"Decrescente";"Céu Claro";"Dupla";"Reta";"Sim";1;0;0;1;0;0;1;1;-12,211936;-38,96567;"SPRF-BA";"DEL02-BA";"UOP01-DEL02-BA"
391553;2021-10-24;"domingo";"00:10:00";"PR";373;176,6;"PONTA GROSSA";"Ingestão de álcool pelo condutor";"Saída de leito carroçável";"Sem Vítimas";"Plena Noite";"Decrescente";"Chuva";"Dupla";"Reta";"Sim";1;0;0;0;1;0;0;1;-25,06082803;-50,21845202;"SPRF-PR";"DEL03-PR";"UOP01-DEL03-PR"
391556;2021-10-24;"domingo";"00:05:00";"SC";101;57,8;"ARAQUARI";"Velocidade Incompatível";"Saída de leito carroçável";"Com Vítimas Feridas";"Plena Noite";"Crescente";"Chuva";"Dupla";"Curva";"Não";1;0;1;0;0;0;1;1;-26,43646093;-48,81113029;"SPRF-SC";"DEL03-SC";"UOP01-DEL03-SC"
391560;2021-10-24;"domingo";"01:05:00";"SC";163;76,4;"SAO MIGUEL DO OESTE";"Condutor Dormindo";"Saída de leito carroçável";"Com Vítimas Feridas";"Plena Noite";"Crescente";"Nublado";"Simples";"Declive;Reta";"Não";1;0;1;0;0;0;1;1;-26,68103532;-53,51485491;"SPRF-SC";"DEL07-SC";"UOP03-DEL07-SC"
391566;2021-10-24;"domingo";"02:10:00";"SP";116;216;"GUARULHOS";"Acumulo de água sobre o pavimento";"Saída de leito carroçável";"Sem Vítimas";"Plena Noite";"Crescente";"Chuva";"Dupla";"Reta";"Não";1;0;0;0;1;0;0;1;-23,45056589;-46,46258105;"SPRF-SP";"DEL01-SP";"UOP01-DEL01-SP"
391568;2021-10-24;"domingo";"03:15:00";"SC";116;0,4;"MAFRA";"Ingestão de álcool pelo condutor";"Saída de leito carroçável";"Com Vítimas Feridas";"Plena Noite";"Crescente";"Garoa/Chuvisco";"Simples";"Curva";"Sim";2;0;2;0;0;0;2;1;-26,108942;-49,784187;"SPRF-SC";"DEL06-SC";"UOP01-DEL06-SC"
391569;2021-10-24;"domingo";"02:50:00";"RS";158;321;"SANTA MARIA";"Ingestão de álcool pelo condutor";"Colisão com objeto";"Com Vítimas Feridas";"Plena Noite";"Crescente";"Nublado";"Simples";"Curva";"Não";1;0;1;0;0;0;1;1;-29,68409487;-53,77857468;"SPRF-RS";"DEL09-RS";"UOP01-DEL09-RS"
391570;2021-10-23;"sábado";"20:30:00";"SC";101;355;"SANGAO";"Ingestão de álcool pelo condutor";"Colisão lateral mesmo sentido";"Sem Vítimas";"Plena Noite";"Decrescente";"Nublado";"Dupla";"Aclive;Reta";"Não";2;0;0;0;1;1;0;2;-28,6359108;-49,09549713;"SPRF-SC";"DEL02-SC";"UOP01-DEL02-SC"
391571;2021-10-24;"domingo";"03:00:00";"SP";116;225,5;"GUARULHOS";"Acumulo de água sobre o pavimento";"Colisão com objeto";"Com Vítimas Feridas";"Plena Noite";"Crescente";"Chuva";"Múltipla";"Aclive";"Sim";2;0;1;0;1;0;1;2;-23,48586772;-46,54075317;"SPRF-SP";"DEL01-SP";"UOP01-DEL01-SP"
391572;2021-10-24;"domingo";"02:30:00";"SP";116;229,5;"SAO PAULO";"Ingestão de álcool pelo condutor";"Saída de leito carroçável";"Sem Vítimas";"Plena Noite";"Decrescente";"Chuva";"Dupla";"Reta";"Sim";1;0;0;0;1;0;0;1;-23,51291902;-46,57604698;"SPRF-SP";"DEL01-SP";"UOP01-DEL01-SP"
391574;2021-10-24;"domingo";"03:15:00";"MS";158;259;"TRES LAGOAS";"Ausência de reação do condutor";"Saída de leito carroçável";"Com Vítimas Feridas";"Plena Noite";"Decrescente";"Chuva";"Simples";"Retorno Regulamentado";"Não";2;0;1;0;0;1;1;1;-20,71351403;-51,75152004;"SPRF-MS";"DEL07-MS";"UOP01-DEL07-MS"
391575;2021-10-24;"domingo";"03:40:00";"PR";153;471;"PORTO VITORIA";"Velocidade Incompatível";"Colisão com objeto";"Com Vítimas Feridas";"Plena Noite";"Decrescente";"Nublado";"Simples";"Declive";"Não";3;0;3;0;0;0;3;1;-26,30385597;-51,21071884;"SPRF-PR";"DEL02-PR";"UOP03-DEL02-PR"
391576;2021-10-24;"domingo";"02:00:00";"PR";476;124;"CURITIBA";"Condutor deixou de manter distância do veículo da frente";"Colisão com objeto";"Sem Vítimas";"Plena Noite";"Crescente";"Chuva";"Dupla";"Reta";"Sim";1;0;0;0;0;1;0;1;-25,399845;-49,215855;"SPRF-PR";"DEL01-PR";"UOP03-DEL01-PR"
391577;2021-10-24;"domingo";"04:16:00";"RN";427;80,2;"CAICO";"Transitar na contramão";"Colisão frontal";"Com Vítimas Feridas";"Amanhecer";"Crescente";"Céu Claro";"Simples";"Curva;Em Obras";"Não";3;0;2;0;1;0;2;2;-6,53032993;-36,96804256;"SPRF-RN";"DEL03-RN";"UOP01-DEL03-RN"
391578;2021-10-24;"domingo";"03:40:00";"PR";376;630,1;"SAO JOSE DOS PINHAIS";"Ausência de reação do condutor";"Tombamento";"Com Vítimas Feridas";"Plena Noite";"Crescente";"Nublado";"Dupla";"Reta";"Não";1;0;0;1;0;0;1;1;-25,695757;-49,144882;"SPRF-PR";"DEL01-PR";"UOP04-DEL01-PR"
391579;2021-10-24;"domingo";"02:15:00";"MT";70;279,2;"PRIMAVERA DO LESTE";"Velocidade Incompatível";"Colisão frontal";"Com Vítimas Feridas";"Amanhecer";"Crescente";"Céu Claro";"Simples";"Reta";"Sim";1;0;1;0;0;0;1;1;-15,5590689;-54,28878402;"SPRF-MT";"DEL05-MT";"UOP01-DEL05-MT"
391580;2021-10-24;"domingo";"03:40:00";"PR";277;725;"FOZ DO IGUACU";"Velocidade Incompatível";"Colisão com objeto";"Sem Vítimas";"Plena Noite";"Crescente";"Nublado";"Dupla";"Viaduto";"Sim";1;0;0;0;0;1;0;1;-25,50823541;-54,54619865;"SPRF-PR";"DEL05-PR";"UOP03-DEL05-PR"
391581;2021-10-24;"domingo";"04:15:00";"MG";40;509,7;"RIBEIRAO DAS NEVES";"Condutor Dormindo";"Saída de leito carroçável";"Com Vítimas Fatais";"Plena Noite";"Decrescente";"Céu Claro";"Dupla";"Reta;Aclive";"Sim";3;1;0;2;0;0;2;1;-19,7677637;-44,12848592;"SPRF-MG";"DEL01-MG";"UOP02-DEL01-MG"
391582;2021-10-24;"domingo";"04:45:00";"RJ";101;31;"CAMPOS DOS GOYTACAZES";"Ausência de reação do condutor";"Saída de leito carroçável";"Sem Vítimas";"Amanhecer";"Decrescente";"Céu Claro";"Simples";"Curva";"Não";1;0;0;0;0;1;0;1;-21,47435518;-41,33534354;"SPRF-RJ";"DEL08-RJ";"UOP01-DEL08-RJ"
391583;2021-10-24;"domingo";"04:10:00";"PR";376;489,8;"PONTA GROSSA";"Ingestão de álcool pelo condutor";"Saída de leito carroçável";"Sem Vítimas";"Plena Noite";"Crescente";"Nublado";"Dupla";"Reta";"Sim";1;0;0;0;1;0;0;1;-25,14172584;-50,1586859;"SPRF-PR";"DEL03-PR";"UOP01-DEL03-PR"
391585;2021-10-24;"domingo";"05:00:00";"SP";116;216;"GUARULHOS";"Ingestão de álcool pelo condutor";"Colisão com objeto";"Sem Vítimas";"Amanhecer";"Decrescente";"Chuva";"Múltipla";"Reta";"Sim";1;0;0;0;1;0;0;1;-23,45056589;-46,46258105;"SPRF-SP";"DEL01-SP";"UOP01-DEL01-SP"
391586;2021-10-24;"domingo";"04:45:00";"PR";277;63;"SAO JOSE DOS PINHAIS";"Ingestão de álcool pelo condutor";"Saída de leito carroçável";"Sem Vítimas";"Plena Noite";"Crescente";"Nublado";"Simples";"Reta";"Não";1;0;0;0;1;0;0;1;-25,56100984;-49,01719293;"SPRF-PR";"DEL01-PR";"UOP01-DEL01-PR"
391587;2021-10-24;"domingo";"03:15:00";"SC";101;44,4;"JOINVILLE";"Ingestão de álcool pelo condutor";"Saída de leito carroçável";"Sem Vítimas";"Plena Noite";"Decrescente";"Nublado";"Simples";"Reta";"Sim";1;0;0;0;1;0;0;1;-26,34376811;-48,85776758;"SPRF-SC";"DEL03-SC";"UOP01-DEL03-SC"
391588;2021-10-24;"domingo";"04:20:00";"PB";104;118,6;"CAMPINA GRANDE";"Condutor Dormindo";"Colisão com objeto";"Sem Vítimas";"Amanhecer";"Crescente";"Garoa/Chuvisco";"Simples";"Reta";"Não";1;0;0;0;1;0;0;1;-7,19637839;-35,87571339;"SPRF-PB";"DEL02-PB";"UOP04-DEL02-PB"
391589;2021-10-24;"domingo";"02:30:00";"SC";101;46,7;"JOINVILLE";"Manobra de mudança de faixa";"Colisão lateral mesmo sentido";"Com Vítimas Feridas";"Plena Noite";"Crescente";"Nublado";"Dupla";"Reta";"Não";5;0;3;0;2;0;3;2;-26,36533695;-48,85863125;"SPRF-SC";"DEL03-SC";"UOP01-DEL03-SC"
391591;2021-10-24;"domingo";"05:50:00";"DF";20;14;"BRASILIA";"Ingestão de álcool pelo condutor";"Saída de leito carroçável";"Sem Vítimas";"Amanhecer";"Decrescente";"Céu Claro";"Dupla";"Reta";"Não";1;0;0;0;1;0;0;1;-15,634938;-47,741241;"SPRF-DF";"DEL02-DF";"UOP01-DEL02-DF"
391592;2021-10-24;"domingo";"05:45:00";"PB";230;503;"CAJAZEIRAS";"Ausência de reação do condutor";"Saída de leito carroçável";"Com Vítimas Feridas";"Pleno dia";"Crescente";"Céu Claro";"Simples";"Reta";"Não";1;0;0;1;0;0;1;1;-6,8962;-38,534;"SPRF-PB";"DEL03-PB";"UOP03-DEL03-PB"
391593;2021-10-23;"sábado";"19:00:00";"BA";116;585;"NOVA ITARANA";"Ingestão de álcool pelo condutor";"Queda de ocupante de veículo";"Com Vítimas Feridas";"Plena Noite";"Crescente";"Chuva";"Simples";"Reta";"Não";1;0;1;0;0;0;1;1;-13,10445428;-39,99104101;"SPRF-BA";"DEL03-BA";"UOP02-DEL03-BA"
391594;2021-10-24;"domingo";"06:00:00";"RS";290;712;"URUGUAIANA";"Ausência de reação do condutor";"Saída de leito carroçável";"Com Vítimas Feridas";"Amanhecer";"Crescente";"Céu Claro";"Simples";"Reta";"Não";1;0;1;0;0;0;1;1;-29,811295;-57,002151;"SPRF-RS";"DEL13-RS";"UOP01-DEL13-RS"
391595;2021-10-24;"domingo";"05:50:00";"PE";101;84;"JABOATAO DOS GUARARAPES";"Ausência de reação do condutor";"Colisão com objeto";"Com Vítimas Feridas";"Pleno dia";"Crescente";"Céu Claro";"Dupla";"Reta";"Não";1;0;1;0;0;0;1;1;-8,17778559;-34,95087297;"SPRF-PE";"DEL01-PE";"UOP01-DEL01-PE"
391597;2021-10-24;"domingo";"05:09:00";"TO";153;252;"COLINAS DO TOCANTINS";"Ingestão de álcool pelo condutor";"Queda de ocupante de veículo";"Com Vítimas Feridas";"Plena Noite";"Decrescente";"Nublado";"Simples";"Reta";"Não";1;0;0;1;0;0;1;1;-8,09852503;-48,46791884;"SPRF-TO";"DEL02-TO";"UOP02-DEL02-TO"
391598;2021-10-24;"domingo";"04:30:00";"MT";364;289;"JACIARA";"Reação tardia ou ineficiente do condutor";"Saída de leito carroçável";"Com Vítimas Feridas";"Amanhecer";"Decrescente";"Céu Claro";"Dupla";"Curva";"Não";1;0;1;0;0;0;1;1;-15,90640833;-55,08298593;"SPRF-MT";"DEL05-MT";"UOP02-DEL05-MT"
391600;2021-10-24;"domingo";"06:30:00";"PA";316;63;"CASTANHAL";"Condutor desrespeitou a iluminação vermelha do semáforo";"Colisão transversal";"Com Vítimas Fatais";"Pleno dia";"Crescente";"Céu Claro";"Dupla";"Interseção de Vias";"Sim";2;1;0;0;1;0;0;2;-1,29679363;-47,92878096;"SPRF-PA";"DEL01-PA";"UOP01-DEL01-PA"
391601;2021-10-24;"domingo";"05:35:00";"SC";470;59;"BLUMENAU";"Reação tardia ou ineficiente do condutor";"Saída de leito carroçável";"Sem Vítimas";"Amanhecer";"Decrescente";"Nublado";"Simples";"Curva;Declive";"Sim";1;0;0;0;1;0;0;1;-26,882812;-49,1548;"SPRF-SC";"DEL04-SC";"UOP01-DEL04-SC"
391602;2021-10-24;"domingo";"06:15:00";"RJ";116;110;"MAGE";"Ausência de reação do condutor";"Colisão com objeto";"Com Vítimas Feridas";"Pleno dia";"Decrescente";"Céu Claro";"Dupla";"Reta";"Não";1;0;1;0;0;0;1;1;-22,55073275;-42,98968744;"SPRF-RJ";"DEL04-RJ";"UOP02-DEL04-RJ"
391603;2021-10-24;"domingo";"06:50:00";"RJ";101;295;"ITABORAI";"Ingestão de álcool pelo condutor";"Colisão com objeto";"Com Vítimas Feridas";"Pleno dia";"Crescente";"Céu Claro";"Dupla";"Curva";"Sim";1;0;1;0;0;0;1;1;-22,76654612;-42,90673971;"SPRF-RJ";"DEL02-RJ";"UOP02-DEL02-RJ"
391605;2021-10-24;"domingo";"06:30:00";"DF";70;19;"BRASILIA";"Condutor Dormindo";"Saída de leito carroçável";"Com Vítimas Feridas";"Amanhecer";"Crescente";"Céu Claro";"Dupla";"Reta";"Sim";1;0;1;0;0;0;1;1;-15,788868;-48,220242;"SPRF-DF";"DEL03-DF";"UOP02-DEL03-DF"
391607;2021-10-24;"domingo";"07:05:00";"SP";116;5;"QUELUZ";"Acumulo de óleo sobre o pavimento";"Tombamento";"Com Vítimas Feridas";"Pleno dia";"Crescente";"Chuva";"Dupla";"Reta;Viaduto";"Sim";1;0;1;0;0;0;1;1;-22,529476;-44,744602;"SPRF-SP";"DEL08-SP";"UOP02-DEL08-SP"
391608;2021-10-24;"domingo";"06:30:00";"MG";40;753,8;"EWBANK DA CAMARA";"Condutor Dormindo";"Saída de leito carroçável";"Com Vítimas Feridas";"Pleno dia";"Decrescente";"Céu Claro";"Simples";"Reta";"Não";2;0;1;0;1;0;1;1;-21,47144207;-43,5456067;"SPRF-MG";"DEL05-MG";"UOP01-DEL05-MG"
391609;2021-10-24;"domingo";"07:30:00";"MG";40;793,8;"JUIZ DE FORA";"Reação tardia ou ineficiente do condutor";"Saída de leito carroçável";"Com Vítimas Feridas";"Pleno dia";"Crescente";"Nublado";"Dupla";"Reta";"Não";1;0;0;1;0;0;1;1;-21,79449311;-43,41425031;"SPRF-MG";"DEL05-MG";"UOP01-DEL05-MG"
391611;2021-10-24;"domingo";"07:12:00";"CE";222;227,9;"SOBRAL";"Ingestão de álcool pelo condutor";"Tombamento";"Com Vítimas Feridas";"Pleno dia";"Decrescente";"Nublado";"Simples";"Rotatória";"Sim";2;0;0;2;0;0;2;1;-3,69626408;-40,38132191;"SPRF-CE";"DEL04-CE";"UOP01-DEL04-CE"
391613;2021-10-24;"domingo";"08:05:00";"BA";324;593;"CANDEIAS";"Mal súbito do condutor";"Saída de leito carroçável";"Com Vítimas Feridas";"Pleno dia";"Decrescente";"Céu Claro";"Dupla";"Curva";"Não";4;0;2;2;0;0;4;2;-12,69890302;-38,46419428;"SPRF-BA";"DEL01-BA";"UOP01-DEL01-BA"