"id";"data_inversa";"dia_semana";"horario";"uf";"br";"km";"municipio";"causa_acidente";"tipo_acidente";"classificacao_acidente";"fase_dia";"sentido_via";"condicao_metereologica";"tipo_pista";"tracado_via";"uso_solo";"pessoas";"mortos";"feridos_leves";"feridos_graves";"ilesos";"ignorados";"feridos";"veiculos";"latitude";"longitude";"regional";"delegacia";"uop"
391614;2021-10-24;"domingo";"03:10:00";"RS";386;231;"SOLEDADE";"Velocidade Incompatível";"Saída de leito carroçável";"Com Vítimas Feridas";"Plena Noite";"Crescente";"Céu Claro";"Simples";"Reta";"Não";2;0;1;0;1;0;1;1;-28,704996;-52,582634;"SPRF-RS";"DEL04-RS";"UOP03-DEL04-RS"
391615;2021-10-24;"domingo";"08:50:00";"MT";70;3,2;"BARRA DO GARCAS";"Desvio temporário";"Capotamento";"Com Vítimas Feridas";"Pleno dia";"Decrescente";"Céu Claro";"Dupla";"Curva";"Sim";2;0;2;0;0;0;2;1;-15,893;-52,2599;"SPRF-MT";"DEL07-MT";"UOP01-DEL07-MT"
391616;2021-10-22;"sexta-feira";"06:45:00";"RO";364;47;"VILHENA";"Ausência de reação do condutor";"Tombamento";"Com Vítimas Feridas";"Pleno dia";"Crescente";"Sol";"Simples";"Reta";"Não";2;0;1;0;1;0;1;1;-12,57562989;-60,3467146;"SPRF-RO";"DEL04-RO";"UOP01-DEL04-RO"
391617;2021-09-25;"sábado";"13:35:00";"MG";381;348;"JOAO MONLEVADE";"Velocidade Incompatível";"Saída de leito carroçável";"Com Vítimas Feridas";"Pleno dia";"Decrescente";"Céu Claro";"Simples";"Curva";"Não";3;0;2;1;0;0;3;1;-19,84939396;-43,14382553;"SPRF-MG";"DEL03-MG";"UOP01-DEL03-MG"
391621;2021-10-24;"domingo";"09:30:00";"RN";101;100,8;"PARNAMIRIM";"Mal súbito do condutor";"Queda de ocupante de veículo";"Com Vítimas Feridas";"Pleno dia";"Decrescente";"Céu Claro";"Múltipla";"Curva";"Sim";1;0;1;0;0;0;1;1;-5,88590948;-35,22858381;"SPRF-RN";"DEL01-RN";"UOP01-DEL01-RN"
391622;2021-10-24;"domingo";"04:30:00";"MT";163;988;"TERRA NOVA DO NORTE";"Reação tardia ou ineficiente do condutor";"Tombamento";"Com Vítimas Feridas";"Amanhecer";"Decrescente";"Céu Claro";"Simples";"Reta";"Não";1;0;1;0;0;0;1;1;-10,70364419;-55,11953062;"SPRF-MT";"DEL06-MT";"NPF/DEL06-MT"
391623;2021-10-24;"domingo";"09:15:00";"PI";316;312,4;"PICOS";"Acessar a via sem observar a presença dos outros veículos";"Colisão transversal";"Com Vítimas Feridas";"Pleno dia";"Decrescente";"Céu Claro";"Múltipla";"Reta";"Sim";3;0;2;0;1;0;2;2;-7,08092534;-41,4582602;"SPRF-PI";"DEL04-PI";"UOP01-DEL04-PI"
391624;2021-10-24;"domingo";"09:00:00";"SP";116;279;"EMBU DAS ARTES";"Condutor deixou de manter distância do veículo da frente";"Colisão traseira";"Sem Vítimas";"Pleno dia";"Decrescente";"Céu Claro";"Dupla";"Reta";"Sim";3;0;0;0;3;0;0;2;-23,66233697;-46,85292907;"SPRF-SP";"DEL04-SP";"UOP01-DEL04-SP"
391625;2021-10-24;"domingo";"09:45:00";"SP";153;55,2;"SAO JOSE DO RIO PRETO";"Avarias e/ou desgaste excessivo no pneu";"Tombamento";"Com Vítimas Feridas";"Pleno dia";"Decrescente";"Garoa/Chuvisco";"Dupla";"Declive";"Sim";2;0;2;0;0;0;2;1;-20,75321697;-49,34260108;"SPRF-SP";"DEL09-SP";"UOP01-DEL09-SP"
391626;2021-10-24;"domingo";"08:00:00";"RJ";116;56;"TERESOPOLIS";"Demais falhas mecânicas ou elétricas";"Incêndio";"Sem Vítimas";"Pleno dia";"Crescente";"Nublado";"Simples";"Reta";"Sim";1;0;0;0;1;0;0;1;-22,20385621;-42,89699562;"SPRF-RJ";"DEL04-RJ";"UOP01-DEL04-RJ"
391627;2021-10-24;"domingo";"08:45:00";"MG";262;475;"BOM DESPACHO";"Pista Escorregadia";"Tombamento";"Com Vítimas Feridas";"Pleno dia";"Crescente";"Nublado";"Simples";"Interseção de Vias";"Não";1;0;1;0;0;0;1;1;-19,78735338;-45,20201711;"SPRF-MG";"DEL08-MG";"UOP03-DEL08-MG"
391629;2021-10-24;"domingo";"09:30:00";"RS";392;675,4;"SAO PEDRO DO BUTIA";"Ausência de reação do condutor";"Saída de leito carroçável";"Com Vítimas Feridas";"Pleno dia";"Crescente";"Sol";"Simples";"Reta";"Não";2;0;2;0;0;0;2;1;-28,13171726;-54,87188101;"SPRF-RS";"DEL10-RS";"UOP01-DEL10-RS"
391630;2021-10-24;"domingo";"10:00:00";"CE";20;352;"CARIDADE";"Condutor deixou de manter distância do veículo da frente";"Colisão traseira";"Com Vítimas Feridas";"Pleno dia";"Crescente";"Céu Claro";"Simples";"Reta";"Não";2;0;1;0;1;0;1;2;-4,07402113;-39,03887984;"SPRF-CE";"DEL02-CE";"UOP01-DEL02-CE"
391633;2021-10-24;"domingo";"10:15:00";"MG";267;295,7;"BAEPENDI";"Velocidade Incompatível";"Saída de leito carroçável";"Com Vítimas Feridas";"Pleno dia";"Crescente";"Chuva";"Simples";"Reta";"Não";1;0;1;0;0;0;1;1;-21,93627829;-44,8591733;"SPRF-MG";"DEL17-MG";"UOP01-DEL17-MG"
391634;2021-10-24;"domingo";"09:00:00";"BA";407;2;"JUAZEIRO";"Transitar na calçada";"Saída de leito carroçável";"Sem Vítimas";"Pleno dia";"Crescente";"Nublado";"Simples";"Rotatória";"Sim";1;0;0;0;0;1;0;1;-9,42467712;-40,50607681;"SPRF-PE";"DEL06-PE";"UOP01-DEL06-PE"
391636;2021-10-24;"domingo";"08:00:00";"PI";135;506;"MONTE ALEGRE DO PIAUI";"Ausência de reação do condutor";"Saída de leito carroçável";"Com Vítimas Fatais";"Pleno dia";"Crescente";"Céu Claro";"Simples";"Reta";"Não";1;1;0;0;0;0;0;1;-9,76197013;-45,31008481;"SPRF-PI";"DEL03-PI";"UOP02-DEL03-PI"
391637;2021-10-24;"domingo";"09:55:00";"MG";40;503,5;"ESMERALDAS";"Acostamento em desnível";"Tombamento";"Sem Vítimas";"Pleno dia";"Crescente";"Nublado";"Dupla";"Declive;Reta";"Não";1;0;0;0;0;1;0;1;-19,725554;-44,154375;"SPRF-MG";"DEL02-MG";"UOP01-DEL02-MG"
391638;2021-10-24;"domingo";"09:29:00";"SP";381;69;"MAIRIPORA";"Avarias e/ou desgaste excessivo no pneu";"Saída de leito carroçável";"Sem Vítimas";"Pleno dia";"Crescente";"Garoa/Chuvisco";"Dupla";"Curva";"Não";2;0;0;0;2;0;0;1;-23,34553108;-46,56787903;"SPRF-SP";"DEL03-SP";"UOP01-DEL03-SP"
391639;2021-10-24;"domingo";"10:25:00";"RJ";40;82,6;"PETROPOLIS";"Condutor deixou de manter distância do veículo da frente";"Engavetamento";"Sem Vítimas";"Pleno dia";"Decrescente";"Nublado";"Dupla";"Reta";"Sim";3;0;0;0;3;0;0;3;-22,51183137;-43,23076171;"SPRF-RJ";"DEL06-RJ";"UOP01-DEL06-RJ"
391640;2021-10-24;"domingo";"11:00:00";"RJ";40;94;"DUQUE DE CAXIAS";"Pista Escorregadia";"Capotamento";"Com Vítimas Feridas";"Pleno dia";"Crescente";"Garoa/Chuvisco";"Dupla";"Curva";"Não";1;0;1;0;0;0;1;1;-22,55763285;-43,26574352;"SPRF-RJ";"DEL01-RJ";"UOP01-DEL01-RJ"
391641;2021-10-24;"domingo";"10:50:00";"MG";354;735,1;"POUSO ALTO";"Reação tardia ou ineficiente do condutor";"Colisão frontal";"Com Vítimas Feridas";"Pleno dia";"Decrescente";"Chuva";"Simples";"Reta";"Sim";2;0;1;0;1;0;1;2;-22,19215356;-44,97565627;"SPRF-MG";"DEL17-MG";"UOP01-DEL17-MG"
391643;2021-10-24;"domingo";"11:30:00";"MG";267;297,2;"BAEPENDI";"Condutor deixou de manter distância do veículo da frente";"Tombamento";"Com Vítimas Feridas";"Pleno dia";"Decrescente";"Nublado";"Simples";"Declive";"Não";1;0;1;0;0;0;1;1;-21,935942;-44,872665;"SPRF-MG";"DEL17-MG";"UOP01-DEL17-MG"
391644;2021-10-24;"domingo";"07:00:00";"PI";316;313,4;"PICOS";"Reação tardia ou ineficiente do condutor";"Colisão com objeto";"Sem Vítimas";"Pleno dia";"Crescente";"Céu Claro";"Múltipla";"Reta";"Sim";1;0;0;0;0;1;0;1;-7,07959049;-41,44975182;"SPRF-PI";"DEL04-PI";"UOP01-DEL04-PI"
391645;2021-10-24;"domingo";"12:00:00";"CE";116;9;"FORTALEZA";"Demais falhas mecânicas ou elétricas";"Tombamento";"Com Vítimas Feridas";"Pleno dia";"Crescente";"Céu Claro";"Dupla";"Reta";"Sim";1;0;0;1;0;0;1;1;-3,82779096;-38,50486117;"SPRF-CE";"DEL01-CE";"UOP02-DEL01-CE"
391646;2021-10-24;"domingo";"10:30:00";"SC";280;97;"CORUPA";"Velocidade Incompatível";"Capotamento";"Sem Vítimas";"Pleno dia";"Decrescente";"Céu Claro";"Simples";"Curva";"Não";1;0;0;0;1;0;0;1;-26,37833107;-49,31732124;"SPRF-SC";"DEL06-SC";"UOP03-DEL06-SC"
391647;2021-10-24;"domingo";"11:20:00";"PR";277;84;"CURITIBA";"Ingestão de álcool pelo condutor";"Colisão com objeto";"Sem Vítimas";"Pleno dia";"Crescente";"Nublado";"Dupla";"Curva;Viaduto";"Sim";1;0;0;0;0;1;0;1;-25,44372209;-49,23404932;"SPRF-PR";"DEL01-PR";"UOP01-DEL01-PR"
391649;2021-10-24;"domingo";"12:00:00";"PR";116;20;"ANTONINA";"Reação tardia ou ineficiente do condutor";"Saída de leito carroçável";"Com Vítimas Feridas";"Pleno dia";"Crescente";"Chuva";"Dupla";"Curva";"Não";2;0;1;0;0;1;1;2;-25,10052421;-48,72981603;"SPRF-PR";"DEL01-PR";"UOP02-DEL01-PR"
391650;2021-09-06;"segunda-feira";"18:15:00";"RJ";101;582;"PARATY";"Velocidade Incompatível";"Colisão frontal";"Com Vítimas Feridas";"Plena Noite";"Crescente";"Céu Claro";"Simples";"Reta";"Não";3;0;1;2;0;0;3;2;-23,25631092;-44,69897659;"SPRF-RJ";"DEL03-RJ";"UOP04-DEL03-RJ"
391651;2021-10-24;"domingo";"12:35:00";"ES";101;295,8;"CARIACICA";"Ausência de reação do condutor";"Colisão traseira";"Com Vítimas Feridas";"Pleno dia";"Crescente";"Céu Claro";"Múltipla";"Reta";"Sim";3;0;2;0;1;0;2;2;-20,33223667;-40,40004683;"SPRF-ES";"DEL01-ES";"UOP01-DEL01-ES"
391652;2021-10-24;"domingo";"12:45:00";"MG";381;363;"JOAO MONLEVADE";"Velocidade Incompatível";"Saída de leito carroçável";"Com Vítimas Feridas";"Pleno dia";"Crescente";"Nublado";"Simples";"Curva";"Não";1;0;1;0;0;0;1;1;-19,856741;-43,226764;"SPRF-MG";"DEL03-MG";"UOP01-DEL03-MG"
391654;2021-10-24;"domingo";"12:20:00";"PR";116;117;"CURITIBA";"Ausência de reação do condutor";"Colisão traseira";"Sem Vítimas";"Pleno dia";"Crescente";"Céu Claro";"Dupla";"Reta";"Sim";2;0;0;0;2;0;0;2;-25,54988723;-49,28248211;"SPRF-PR";"DEL01-PR";"UOP03-DEL01-PR"
391655;2021-10-24;"domingo";"13:45:00";"SC";101;206;"SAO JOSE";"Condutor deixou de manter distância do veículo da frente";"Colisão lateral mesmo sentido";"Com Vítimas Feridas";"Pleno dia";"Decrescente";"Nublado";"Simples";"Reta";"Sim";2;0;1;0;1;0;1;2;-27,59193546;-48,61824557;"SPRF-SC";"DEL01-SC";"UOP01-DEL01-SC"
391657;2021-10-24;"domingo";"14:00:00";"SC";101;79;"ARAQUARI";"Manobra de mudança de faixa";"Colisão traseira";"Com Vítimas Feridas";"Pleno dia";"Decrescente";"Sol";"Dupla";"Retorno Regulamentado;Curva";"Não";5;0;2;1;2;0;3;2;-26,58559601;-48,72192112;"SPRF-SC";"DEL03-SC";"UOP02-DEL03-SC"
391658;2021-10-24;"domingo";"10:48:00";"RS";116;216;"MORRO REUTER";"Ausência de reação do condutor";"Colisão traseira";"Com Vítimas Feridas";"Pleno dia";"Decrescente";"Sol";"Simples";"Aclive";"Não";4;0;1;0;3;0;1;2;-29,54001608;-51,07711676;"SPRF-RS";"DEL05-RS";"UOP02-DEL05-RS"
391661;2021-10-24;"domingo";"14:20:00";"MG";381;636,6;"SANTO ANTONIO DO AMPARO";"Velocidade Incompatível";"Colisão com objeto";"Com Vítimas Feridas";"Pleno dia";"Decrescente";"Chuva";"Dupla";"Curva";"Não";1;0;1;0;0;0;1;1;-20,89141186;-44,8525565;"SPRF-MG";"DEL04-MG";"UOP01-DEL04-MG"
391662;2021-10-24;"domingo";"12:00:00";"SP";116;565;"BARRA DO TURVO";"Reação tardia ou ineficiente do condutor";"Colisão com objeto";"Com Vítimas Feridas";"Pleno dia";"Crescente";"Nublado";"Simples";"Curva";"Não";3;0;2;0;1;0;2;1;-25,0358686;-48,54404396;"SPRF-SP";"DEL05-SP";"UOP02-DEL05-SP"
391663;2021-10-24;"domingo";"13:40:00";"PE";101;25;"ITAPISSUMA";"Manobra de mudança de faixa";"Capotamento";"Com Vítimas Feridas";"Pleno dia";"Crescente";"Céu Claro";"Dupla";"Reta";"Não";2;0;2;0;0;0;2;1;-7,7009082;-34,9229207;"SPRF-PE";"DEL01-PE";"UOP02-DEL01-PE"
391664;2021-10-24;"domingo";"14:00:00";"SP";116;53;"LORENA";"Reação tardia ou ineficiente do condutor";"Colisão traseira";"Com Vítimas Feridas";"Pleno dia";"Crescente";"Nublado";"Simples";"Rotatória";"Não";3;0;1;0;2;0;1;2;-22,75255433;-45,10741076;"SPRF-SP";"DEL08-SP";"UOP02-DEL08-SP"
391665;2021-10-24;"domingo";"07:20:00";"MG";365;862;"SANTA VITORIA";"Pista Escorregadia";"Saída de leito carroçável";"Com Vítimas Feridas";"Pleno dia";"Decrescente";"Chuva";"Simples";"Reta";"Não";3;0;3;0;0;0;3;1;-19,04241577;-50,42875702;"SPRF-MG";"DEL15-MG";"UOP03-DEL15-MG"
391666;2021-10-24;"domingo";"13:15:00";"MG";381;533,4;"ITATIAIUCU";"Velocidade Incompatível";"Saída de leito carroçável";"Com Vítimas Feridas";"Pleno dia";"Crescente";"Chuva";"Dupla";"Curva";"Não";1;0;1;0;0;0;1;1;-20,19896036;-44,38641307;"SPRF-MG";"DEL04-MG";"UOP03-DEL04-MG"
391667;2021-10-24;"domingo";"13:25:00";"SC";282;529,1;"CORDILHEIRA ALTA";"Desrespeitar a preferência no cruzamento";"Colisão transversal";"Com Vítimas Feridas";"Pleno dia";"Decrescente";"Sol";"Simples";"Interseção de Vias;Aclive";"Sim";3;0;1;0;1;1;1;3;-26,98242;-52,597877;"SPRF-SC";"DEL07-SC";"UOP01-DEL07-SC"
391668;2021-10-24;"domingo";"14:18:00";"RJ";116;136;"DUQUE DE CAXIAS";"Reação tardia ou ineficiente do condutor";"Tombamento";"Com Vítimas Feridas";"Pleno dia";"Crescente";"Nublado";"Dupla";"Reta";"Sim";2;0;2;0;0;0;2;1;-22,64988985;-43,17250297;"SPRF-RJ";"DEL04-RJ";"UOP02-DEL04-RJ"
391669;2021-10-24;"domingo";"14:20:00";"GO";60;460;"JATAI";"Chuva";"Saída de leito carroçável";"Com Vítimas Feridas";"Pleno dia";"Crescente";"Chuva";"Dupla";"Reta";"Não";1;0;1;0;0;0;1;1;-17,8715;-51,6163;"SPRF-GO";"DEL05-GO";"UOP01-DEL05-GO"
391670;2021-10-24;"domingo";"14:30:00";"PA";222;239;"MARABA";"Reação tardia ou ineficiente do condutor";"Colisão com objeto";"Com Vítimas Fatais";"Pleno dia";"Decrescente";"Céu Claro";"Simples";"Curva";"Sim";2;1;0;0;0;1;0;2;-5,302089;-49,0723;"SPRF-PA";"DEL03-PA";"UOP01-DEL03-PA"
391671;2021-10-24;"domingo";"14:15:00";"SP";101;51,6;"UBATUBA";"Ingestão de álcool pelo condutor";"Engavetamento";"Sem Vítimas";"Pleno dia";"Crescente";"Céu Claro";"Simples";"Reta";"Sim";3;0;0;0;3;0;0;3;-23,45928544;-45,06815141;"SPRF-SP";"DEL06-SP";"UOP01-DEL06-SP"
391672;2021-10-24;"domingo";"15:05:00";"SC";101;334;"TUBARAO";"Desrespeitar a preferência no cruzamento";"Colisão transversal";"Com Vítimas Feridas";"Pleno dia";"Decrescente";"Céu Claro";"Simples";"Interseção de Vias";"Sim";2;0;1;0;1;0;1;2;-28,46730446;-49,00604302;"SPRF-SC";"DEL02-SC";"UOP01-DEL02-SC"
391673;2021-10-24;"domingo";"12:30:00";"MG";381;502;"BETIM";"Manobra de mudança de faixa";"Colisão com objeto";"Sem Vítimas";"Pleno dia";"Decrescente";"Nublado";"Dupla";"Reta";"Sim";1;0;0;0;0;1;0;1;-20,01197494;-44,21978127;"SPRF-MG";"DEL01-MG";"UOP03-DEL01-MG"
391674;2021-09-06;"segunda-feira";"10:30:00";"PA";10;333;"SAO MIGUEL DO GUAMA";"Acessar a via sem observar a presença dos outros veículos";"Colisão traseira";"Com Vítimas Feridas";"Pleno dia";"Decrescente";"Céu Claro";"Simples";"Reta";"Não";2;0;0;1;1;0;1;2;-1,52847611;-47,51785935;"SPRF-PA";"DEL01-PA";"UOP02-DEL01-PA"
391675;2021-10-24;"domingo";"15:30:00";"MG";40;385,9;"CURVELO";"Condutor deixou de manter distância do veículo da frente";"Colisão com objeto";"Com Vítimas Feridas";"Pleno dia";"Crescente";"Chuva";"Simples";"Reta";"Não";3;0;2;0;1;0;2;1;-18,90524802;-44,6867981;"SPRF-MG";"DEL02-MG";"UOP01-DEL02-MG"
391676;2021-10-24;"domingo";"16:00:00";"DF";80;17,5;"BRASILIA";"Reação tardia ou ineficiente do condutor";"Colisão traseira";"Com Vítimas Feridas";"Pleno dia";"Decrescente";"Céu Claro";"Dupla";"Reta;Declive";"Sim";3;0;1;0;2;0;1;2;-15,692071;-48,205139;"SPRF-DF";"DEL03-DF";"UOP02-DEL03-DF"
391677;2021-10-24;"domingo";"16:00:00";"SP";116;513;"CAJATI";"Reação tardia ou ineficiente do condutor";"Colisão com objeto";"Com Vítimas Feridas";"Pleno dia";"Decrescente";"Nublado";"Dupla";"Curva";"Não";2;0;2;0;0;0;2;1;-24,8556;-48,211746;"SPRF-SP";"DEL05-SP";"UOP02-DEL05-SP"
391678;2021-10-24;"domingo";"12:46:00";"BA";101;260;"SANTO ANTONIO DE JESUS";"Reação tardia ou ineficiente do condutor";"Saída de leito carroçável";"Com Vítimas Feridas";"Pleno dia";"Crescente";"Nublado";"Simples";"Curva";"Sim";1;0;1;0;0;0;1;1;-13,06514836;-39,27837343;"SPRF-BA";"DEL01-BA";"UOP02-DEL01-BA"
391679;2021-10-24;"domingo";"14:45:00";"MG";40;28,5;"PARACATU";"Condutor usando celular";"Colisão traseira";"Com Vítimas Feridas";"Pleno dia";"Decrescente";"Céu Claro";"Simples";"Reta";"Não";3;0;1;0;2;0;1;2;-17,14331029;-46,94988306;"SPRF-MG";"DEL14-MG";"UOP01-DEL14-MG"
391681;2021-10-24;"domingo";"10:30:00";"PI";343;463,9;"ANGICAL DO PIAUI";"Curva acentuada";"Saída de leito carroçável";"Sem Vítimas";"Pleno dia";"Decrescente";"Sol";"Simples";"Aclive";"Não";1;0;0;0;0;1;0;1;-6,014727;-42,737183;"SPRF-PI";"DEL01-PI";"UOP02-DEL01-PI"
391682;2021-10-24;"domingo";"16:30:00";"BA";324;619;"SALVADOR";"Velocidade Incompatível";"Colisão traseira";"Com Vítimas Feridas";"Pleno dia";"Decrescente";"Céu Claro";"Dupla";"Reta";"Sim";3;0;0;2;1;0;2;2;-12,89820999;-38,45012202;"SPRF-BA";"DEL01-BA";"UOP01-DEL01-BA"
391683;2021-10-24;"domingo";"16:10:00";"MS";163;421;"CAMPO GRANDE";"Desrespeitar a preferência no cruzamento";"Colisão transversal";"Com Vítimas Feridas";"Pleno dia";"Crescente";"Nublado";"Simples";"Rotatória";"Sim";2;0;0;1;1;0;1;2;-20,982105;-54,50545;"SPRF-MS";"DEL01-MS";"UOP01-DEL01-MS"
391684;2021-10-24;"domingo";"15:40:00";"PE";101;45;"IGARASSU";"Pedestre cruzava a pista fora da faixa";"Atropelamento de Pedestre";"Com Vítimas Feridas";"Pleno dia";"Crescente";"Céu Claro";"Múltipla";"Reta";"Sim";3;0;2;1;0;0;3;2;-7,86521297;-34,90715176;"SPRF-PE";"DEL01-PE";"UOP02-DEL01-PE"
391685;2021-10-24;"domingo";"16:40:00";"SC";101;145;"ITAPEMA";"Ausência de reação do condutor";"Colisão traseira";"Com Vítimas Feridas";"Pleno dia";"Decrescente";"Céu Claro";"Dupla";"Curva";"Sim";3;0;1;0;2;0;1;2;-27,08139206;-48,60130993;"SPRF-SC";"DEL04-SC";"UOP03-DEL04-SC"
391686;2021-10-24;"domingo";"17:00:00";"PB";101;88;"JOAO PESSOA";"Ingestão de álcool pelo condutor";"Saída de leito carroçável";"Sem Vítimas";"Anoitecer";"Crescente";"Céu Claro";"Dupla";"Reta";"Sim";1;0;0;0;1;0;0;1;-7,16470016;-34,89993643;"SPRF-PB";"DEL01-PB";"UOP01-DEL01-PB"
391687;2021-10-24;"domingo";"16:30:00";"SC";470;63;"INDAIAL";"Retorno proibido";"Colisão transversal";"Com Vítimas Feridas";"Pleno dia";"Decrescente";"Nublado";"Simples";"Reta";"Não";4;0;2;0;2;0;2;3;-26,872396;-49,19228;"SPRF-SC";"DEL04-SC";"UOP01-DEL04-SC"
391688;2021-10-24;"domingo";"15:30:00";"RJ";101;402;"ITAGUAI";"Ingestão de álcool pelo condutor";"Colisão lateral mesmo sentido";"Sem Vítimas";"Pleno dia";"Decrescente";"Nublado";"Simples";"Reta";"Sim";2;0;0;0;2;0;0;2;-22,85437433;-43,78440169;"SPRF-RJ";"DEL03-RJ";"UOP01-DEL03-RJ"
391689;2021-10-24;"domingo";"16:49:00";"PR";369;156,1;"LONDRINA";"Condutor deixou de manter distância do veículo da frente";"Colisão traseira";"Com Vítimas Feridas";"Pleno dia";"Decrescente";"Nublado";"Dupla";"Reta";"Não";3;0;0;1;1;1;1;3;-23,291501;-51,217572;"SPRF-PR";"DEL07-PR";"UOP01-DEL07-PR"
391690;2021-10-24;"domingo";"16:30:00";"RS";293;139;"CANDIOTA";"Ultrapassagem Indevida";"Colisão lateral mesmo sentido";"Sem Vítimas";"Pleno dia";"Decrescente";"Céu Claro";"Simples";"Reta";"Não";5;0;0;0;5;0;0;2;-31,45781094;-53,67209294;"SPRF-RS";"DEL11-RS";"UOP03-DEL11-RS"
391694;2021-10-24;"domingo";"17:10:00";"PB";412;77;"SERRA BRANCA";"Reação tardia ou ineficiente do condutor";"Colisão transversal";"Sem Vítimas";"Pleno dia";"Decrescente";"Céu Claro";"Simples";"Curva";"Não";2;0;0;0;2;0;0;2;-7,49077;-36,672928;"SPRF-PB";"DEL02-PB";"UOP02-DEL02-PB"
391695;2021-10-24;"domingo";"16:30:00";"PB";412;113,8;"SUME";"Acessar a via sem observar a presença dos outros veículos";"Colisão transversal";"Com Vítimas Fatais";"Pleno dia";"Decrescente";"Sol";"Simples";"Reta";"Não";5;1;3;0;0;1;3;2;-7,697623;-36,912792;"SPRF-PB";"DEL02-PB";"UOP02-DEL02-PB"
391696;2021-10-24;"domingo";"16:25:00";"RO";364;244,1;"CACOAL";"Avarias e/ou desgaste excessivo no pneu";"Tombamento";"Com Vítimas Feridas";"Pleno dia";"Decrescente";"Nublado";"Simples";"Reta";"Não";2;0;2;0;0;0;2;1;-11,44010534;-61,50592399;"SPRF-RO";"DEL02-RO";"UOP02-DEL02-RO"
391697;2021-10-24;"domingo";"17:15:00";"PR";116;146;"MANDIRITUBA";"Ultrapassagem Indevida";"Colisão lateral mesmo sentido";"Com Vítimas Feridas";"Anoitecer";"Crescente";"Nublado";"Simples";"Curva";"Não";2;0;1;0;1;0;1;2;-25,82134363;-49,33478236;"SPRF-PR";"DEL01-PR";"UOP03-DEL01-PR"
391698;2021-10-24;"domingo";"17:30:00";"CE";116;11,1;"FORTALEZA";"Avarias e/ou desgaste excessivo no pneu";"Tombamento";"Com Vítimas Feridas";"Pleno dia";"Decrescente";"Nublado";"Múltipla";"Reta";"Sim";2;0;1;0;1;0;1;1;-3,84558101;-38,49782294;"SPRF-CE";"DEL01-CE";"UOP02-DEL01-CE"
391699;2021-10-24;"domingo";"13:27:00";"PI";135;215;"ELISEU MARTINS";"Ingestão de álcool pelo condutor";"Saída de leito carroçável";"Com Vítimas Feridas";"Pleno dia";"Decrescente";"Céu Claro";"Simples";"Aclive";"Não";1;0;1;0;0;0;1;1;-8,12929271;-43,6986321;"SPRF-PI";"DEL03-PI";"UOP02-DEL03-PI"
391700;2021-10-24;"domingo";"17:50:00";"CE";116;20,8;"AQUIRAZ";"Restrição de visibilidade em curvas horizontais";"Queda de ocupante de veículo";"Com Vítimas Feridas";"Plena Noite";"Crescente";"Céu Claro";"Dupla";"Declive";"Não";1;0;0;1;0;0;1;1;-3,92277497;-38,50762327;"SPRF-CE";"DEL01-CE";"UOP02-DEL01-CE"
391701;2021-10-24;"domingo";"17:30:00";"PB";230;15;"CABEDELO";"Demais falhas na via";"Colisão lateral mesmo sentido";"Com Vítimas Fatais";"Anoitecer";"Decrescente";"Céu Claro";"Dupla";"Reta;Aclive";"Sim";2;1;0;0;1;0;0;2;-7,093;-34,8482;"SPRF-PB";"DEL01-PB";"UOP01-DEL01-PB"
391702;2021-10-24;"domingo";"17:30:00";"GO";60;99,5;"ANAPOLIS";"Reação tardia ou ineficiente do condutor";"Saída de leito carroçável";"Com Vítimas Feridas";"Pleno dia";"Decrescente";"Céu Claro";"Dupla";"Reta";"Sim";1;0;1;0;0;0;1;1;-16,3924;-48,9588;"SPRF-GO";"DEL02-GO";"UOP01-DEL02-GO"
391703;2021-10-24;"domingo";"14:45:00";"MA";230;417;"BALSAS";"Avarias e/ou desgaste excessivo no pneu";"Saída de leito carroçável";"Com Vítimas Fatais";"Pleno dia";"Decrescente";"Céu Claro";"Simples";"Reta";"Não";1;1;0;0;0;0;0;1;-7,489738;-46,149316;"SPRF-MA";"DEL05-MA";"UOP01-DEL05-MA"
391704;2021-10-24;"domingo";"17:30:00";"SC";101;117,8;"ITAJAI";"Condutor deixou de manter distância do veículo da frente";"Engavetamento";"Sem Vítimas";"Pleno dia";"Decrescente";"Céu Claro";"Múltipla";"Reta";"Sim";4;0;0;0;3;1;0;4;-26,88747187;-48,72252969;"SPRF-SC";"DEL04-SC";"UOP04-DEL04-SC"
391706;2021-10-24;"domingo";"17:00:00";"DF";60;29;"BRASILIA";"Ausência de reação do condutor";"Saída de leito carroçável";"Sem Vítimas";"Pleno dia";"Decrescente";"Chuva";"Dupla";"Reta";"Não";2;0;0;0;2;0;0;2;-16,029184;-48,25354;"SPRF-DF";"DEL03-DF";"UOP01-DEL03-DF"
391710;2021-10-24;"domingo";"18:10:00";"RS";290;86;"PORTO ALEGRE";"Manobra de mudança de faixa";"Colisão lateral mesmo sentido";"Com Vítimas Feridas";"Pleno dia";"Decrescente";"Céu Claro";"Dupla";"Reta";"Sim";3;0;2;0;1;0;2;2;-29,968412;-51,117138;"SPRF-RS";"DEL01-RS";"UOP01-DEL01-RS"
391711;2021-10-24;"domingo";"18:00:00";"MG";381;926;"ITAPEVA";"Velocidade Incompatível";"Saída de leito carroçável";"Com Vítimas Feridas";"Anoitecer";"Decrescente";"Chuva";"Múltipla";"Curva;Declive";"Não";1;0;1;0;0;0;1;1;-22,777207;-46,23911301;"SPRF-MG";"DEL16-MG";"UOP03-DEL16-MG"