"id";"data_inversa";"dia_semana";"horario";"uf";"br";"km";"municipio";"causa_acidente";"tipo_acidente";"classificacao_acidente";"fase_dia";"sentido_via";"condicao_metereologica";"tipo_pista";"tracado_via";"uso_solo";"pessoas";"mortos";"feridos_leves";"feridos_graves";"ilesos";"ignorados";"feridos";"veiculos";"latitude";"longitude";"regional";"delegacia";"uop"
391824;2021-10-25;"segunda-feira";"07:10:00";"MG";50;43,7;"ARAGUARI";"Condutor deixou de manter distância do veículo da frente";"Colisão traseira";"Sem Vítimas";"Pleno dia";"Decrescente";"Nublado";"Dupla";"Reta;Em Obras;Aclive";"Não";2;0;0;0;2;0;0;2;-18,69834223;-48,1855417;"SPRF-MG";"DEL15-MG";"UOP02-DEL15-MG"
391826;2021-10-25;"segunda-feira";"07:15:00";"CE";116;71,3;"CHOROZINHO";"Reação tardia ou ineficiente do condutor";"Queda de ocupante de veículo";"Com Vítimas Feridas";"Pleno dia";"Decrescente";"Céu Claro";"Simples";"Declive;Reta";"Sim";1;0;0;1;0;0;1;1;-4,334402;-38,479694;"SPRF-CE";"DEL03-CE";"UOP02-DEL03-CE"
391827;2021-10-25;"segunda-feira";"03:30:00";"SC";101;139;"BALNEARIO CAMBORIU";"Animais na Pista";"Atropelamento de Animal";"Sem Vítimas";"Plena Noite";"Crescente";"Nublado";"Dupla";"Reta";"Não";1;0;0;0;1;0;0;1;-27,02982303;-48,60115006;"SPRF-SC";"DEL04-SC";"UOP03-DEL04-SC"
391828;2021-10-25;"segunda-feira";"07:00:00";"PE";101;74;"RECIFE";"Reação tardia ou ineficiente do condutor";"Colisão traseira";"Com Vítimas Feridas";"Pleno dia";"Crescente";"Sol";"Dupla";"Reta";"Sim";2;0;1;0;1;0;1;2;-8,107945;-34,94776;"SPRF-PE";"DEL01-PE";"UOP01-DEL01-PE"
391829;2021-10-25;"segunda-feira";"07:20:00";"PB";230;167;"CAMPINA GRANDE";"Conversão proibida";"Colisão transversal";"Com Vítimas Feridas";"Pleno dia";"Decrescente";"Sol";"Simples";"Reta";"Sim";2;0;1;0;1;0;1;2;-7,195;-35,9619;"SPRF-PB";"DEL02-PB";"UOP02-DEL02-PB"
391830;2021-10-25;"segunda-feira";"06:35:00";"MS";163;549;"BANDEIRANTES";"Acessar a via sem observar a presença dos outros veículos";"Colisão transversal";"Com Vítimas Feridas";"Pleno dia";"Decrescente";"Céu Claro";"Simples";"Reta";"Sim";4;0;3;1;0;0;4;2;-19,909567;-54,371326;"SPRF-MS";"DEL01-MS";"UOP02-DEL01-MS"
391831;2021-10-25;"segunda-feira";"07:53:00";"SP";116;156;"SAO JOSE DOS CAMPOS";"Ausência de reação do condutor";"Colisão traseira";"Com Vítimas Feridas";"Pleno dia";"Decrescente";"Nublado";"Dupla";"Reta";"Sim";2;0;0;1;1;0;1;2;-23,25044084;-45,93572909;"SPRF-SP";"DEL02-SP";"UOP01-DEL02-SP"
391833;2021-10-24;"domingo";"19:00:00";"MG";116;508,9;"CARATINGA";"Velocidade Incompatível";"Saída de leito carroçável";"Com Vítimas Feridas";"Plena Noite";"Decrescente";"Nublado";"Simples";"Reta";"Não";1;0;1;0;0;0;1;1;-19,6503476;-42,1105957;"SPRF-MG";"DEL06-MG";"UOP02-DEL06-MG"
391834;2021-10-25;"segunda-feira";"07:17:00";"MS";262;443;"DOIS IRMAOS DO BURITI";"Acessar a via sem observar a presença dos outros veículos";"Colisão transversal";"Com Vítimas Feridas";"Pleno dia";"Crescente";"Céu Claro";"Simples";"Interseção de Vias";"Não";3;0;1;0;2;0;1;2;-20,52736096;-55,40061951;"SPRF-MS";"DEL03-MS";"UOP01-DEL03-MS"
391836;2021-10-25;"segunda-feira";"08:00:00";"SC";101;197;"SAO JOSE";"Trafegar com motocicleta (ou similar) entre as faixas";"Queda de ocupante de veículo";"Com Vítimas Feridas";"Pleno dia";"Crescente";"Céu Claro";"Simples";"Reta";"Sim";2;0;1;0;1;0;1;2;-27,51844497;-48,63848496;"SPRF-SC";"DEL01-SC";"UOP01-DEL01-SC"
391837;2021-10-25;"segunda-feira";"07:50:00";"PR";476;133;"CURITIBA";"Acessar a via sem observar a presença dos outros veículos";"Colisão frontal";"Com Vítimas Feridas";"Pleno dia";"Decrescente";"Céu Claro";"Simples";"Reta";"Sim";2;0;1;0;1;0;1;2;-25,469219;-49,254143;"SPRF-PR";"DEL01-PR";"UOP03-DEL01-PR"
391839;2021-10-25;"segunda-feira";"08:45:00";"PR";476;124;"CURITIBA";"Ausência de reação do condutor";"Colisão traseira";"Com Vítimas Feridas";"Pleno dia";"Crescente";"Céu Claro";"Dupla";"Reta";"Sim";2;0;1;0;1;0;1;2;-25,399845;-49,215855;"SPRF-PR";"DEL01-PR";"UOP03-DEL01-PR"
391840;2021-10-25;"segunda-feira";"08:30:00";"SP";116;218;"GUARULHOS";"Manobra de mudança de faixa";"Colisão lateral mesmo sentido";"Com Vítimas Feridas";"Pleno dia";"Crescente";"Céu Claro";"Múltipla";"Reta";"Sim";2;0;1;0;1;0;1;2;-23,45953149;-46,48493713;"SPRF-SP";"DEL01-SP";"UOP01-DEL01-SP"
391841;2021-10-25;"segunda-feira";"08:00:00";"PR";277;309;"GUARAPUAVA";"Pista Escorregadia";"Saída de leito carroçável";"Sem Vítimas";"Pleno dia";"Decrescente";"Garoa/Chuvisco";"Simples";"Curva";"Não";1;0;0;0;1;0;0;1;-25,30895939;-51,2103653;"SPRF-PR";"DEL08-PR";"UOP01-DEL08-PR"
391842;2021-10-25;"segunda-feira";"08:55:00";"MG";267;286,4;"BAEPENDI";"Velocidade Incompatível";"Saída de leito carroçável";"Com Vítimas Feridas";"Pleno dia";"Crescente";"Nublado";"Simples";"Curva";"Não";2;0;1;1;0;0;2;1;-21,92586805;-44,78319168;"SPRF-MG";"DEL17-MG";"UOP01-DEL17-MG"
391844;2021-10-25;"segunda-feira";"07:15:00";"MG";40;657,8;"CARANDAI";"Reação tardia ou ineficiente do condutor";"Tombamento";"Com Vítimas Feridas";"Pleno dia";"Decrescente";"Nublado";"Simples";"Curva";"Não";1;0;0;1;0;0;1;1;-20,88802377;-43,81296158;"SPRF-MG";"DEL05-MG";"UOP02-DEL05-MG"
391845;2021-10-25;"segunda-feira";"07:20:00";"RS";153;49,8;"ERECHIM";"Desrespeitar a preferência no cruzamento";"Colisão transversal";"Com Vítimas Feridas";"Pleno dia";"Decrescente";"Céu Claro";"Simples";"Reta";"Sim";2;0;1;0;1;0;1;2;-27,65513812;-52,26579899;"SPRF-RS";"DEL08-RS";"UOP04-DEL08-RS"
391846;2021-10-25;"segunda-feira";"08:06:00";"RO";364;12;"VILHENA";"Acessar a via sem observar a presença dos outros veículos";"Colisão transversal";"Com Vítimas Feridas";"Pleno dia";"Crescente";"Nublado";"Simples";"Interseção de Vias";"Sim";2;0;1;0;1;0;1;2;-12,74370233;-60,12147609;"SPRF-RO";"DEL04-RO";"UOP01-DEL04-RO"
391847;2021-10-25;"segunda-feira";"07:30:00";"GO";40;35,8;"LUZIANIA";"Condutor Dormindo";"Saída de leito carroçável";"Com Vítimas Feridas";"Pleno dia";"Crescente";"Céu Claro";"Dupla";"Reta";"Não";1;0;1;0;0;0;1;1;-16,32429921;-47,83966541;"SPRF-DF";"DEL01-DF";"UOP01-DEL01-DF"
391849;2021-10-25;"segunda-feira";"10:05:00";"RJ";101;334;"RIO DE JANEIRO";"Manobra de mudança de faixa";"Colisão lateral mesmo sentido";"Com Vítimas Feridas";"Pleno dia";"Crescente";"Nublado";"Dupla";"Reta";"Sim";2;0;1;0;0;1;1;2;-22,88517902;-43,21704364;"SPRF-RJ";"DEL02-RJ";"UOP02-DEL02-RJ"
391852;2021-10-25;"segunda-feira";"09:30:00";"PI";316;6;"TERESINA";"Transitar na contramão";"Colisão frontal";"Com Vítimas Feridas";"Pleno dia";"Crescente";"Céu Claro";"Dupla";"Reta";"Sim";2;0;2;0;0;0;2;2;-5,14702095;-42,77438982;"SPRF-PI";"DEL01-PI";"UOP02-DEL01-PI"
391853;2021-10-25;"segunda-feira";"09:30:00";"SC";101;150;"ITAPEMA";"Acessar a via sem observar a presença dos outros veículos";"Colisão lateral mesmo sentido";"Com Vítimas Feridas";"Pleno dia";"Crescente";"Céu Claro";"Múltipla";"Reta";"Sim";2;0;1;0;1;0;1;2;-27,11744799;-48,60940987;"SPRF-SC";"DEL04-SC";"UOP03-DEL04-SC"
391854;2021-10-25;"segunda-feira";"08:40:00";"PR";476;111;"COLOMBO";"Falta de elemento de contenção que evite a saída do leito carroçável";"Saída de leito carroçável";"Sem Vítimas";"Pleno dia";"Crescente";"Nublado";"Simples";"Reta";"Não";1;0;0;0;0;1;0;1;-25,315056;-49,153545;"SPRF-PR";"DEL01-PR";"UOP02-DEL01-PR"
391856;2021-10-25;"segunda-feira";"08:00:00";"SC";101;41,9;"JOINVILLE";"Velocidade Incompatível";"Engavetamento";"Com Vítimas Feridas";"Pleno dia";"Decrescente";"Sol";"Dupla";"Reta";"Sim";4;0;1;1;2;0;2;4;-26,32324433;-48,86786878;"SPRF-SC";"DEL03-SC";"UOP01-DEL03-SC"
391859;2021-10-25;"segunda-feira";"10:20:00";"SC";101;77,4;"ARAQUARI";"Ausência de reação do condutor";"Colisão com objeto";"Com Vítimas Feridas";"Pleno dia";"Crescente";"Céu Claro";"Simples";"Curva";"Não";1;0;1;0;0;0;1;1;-26,57182768;-48,72222483;"SPRF-SC";"DEL03-SC";"UOP02-DEL03-SC"
391861;2021-10-25;"segunda-feira";"11:40:00";"PE";101;10,2;"GOIANA";"Ausência de reação do condutor";"Saída de leito carroçável";"Com Vítimas Feridas";"Pleno dia";"Decrescente";"Céu Claro";"Dupla";"Declive;Reta";"Não";5;0;4;0;0;1;4;2;-7,58679204;-34,98736241;"SPRF-PE";"DEL01-PE";"UOP02-DEL01-PE"
391862;2021-10-25;"segunda-feira";"08:20:00";"RO";364;342;"JI-PARANA";"Reação tardia ou ineficiente do condutor";"Colisão traseira";"Com Vítimas Feridas";"Pleno dia";"Crescente";"Céu Claro";"Dupla";"Reta";"Sim";3;0;1;0;2;0;1;3;-10,88381227;-61,93741416;"SPRF-RO";"DEL02-RO";"UOP01-DEL02-RO"
391863;2021-10-25;"segunda-feira";"11:30:00";"ES";101;265,1;"SERRA";"Acessar a via sem observar a presença dos outros veículos";"Colisão transversal";"Com Vítimas Feridas";"Pleno dia";"Decrescente";"Nublado";"Dupla";"Interseção de Vias";"Sim";2;0;1;0;1;0;1;2;-20,1816849;-40,26536036;"SPRF-ES";"DEL02-ES";"UOP01-DEL02-ES"
391865;2021-10-25;"segunda-feira";"11:30:00";"ES";259;52;"COLATINA";"Conversão proibida";"Colisão transversal";"Com Vítimas Feridas";"Pleno dia";"Crescente";"Céu Claro";"Simples";"Reta";"Não";3;0;2;0;1;0;2;2;-19,50223983;-40,62081603;"SPRF-ES";"DEL02-ES";"UOP01-DEL02-ES"
391866;2021-10-25;"segunda-feira";"11:30:00";"PR";277;472;"NOVA LARANJEIRAS";"Desrespeitar a preferência no cruzamento";"Colisão transversal";"Com Vítimas Feridas";"Pleno dia";"Crescente";"Céu Claro";"Simples";"Interseção de Vias";"Sim";2;0;1;0;1;0;1;2;-25,31924705;-52,52279904;"SPRF-PR";"DEL04-PR";"UOP02-DEL04-PR"
391867;2021-10-25;"segunda-feira";"12:20:00";"ES";101;332,8;"GUARAPARI";"Avarias e/ou desgaste excessivo no pneu";"Colisão com objeto";"Com Vítimas Feridas";"Pleno dia";"Decrescente";"Nublado";"Dupla";"Curva";"Não";2;0;0;1;1;0;1;1;-20,60724162;-40,50889326;"SPRF-ES";"DEL03-ES";"UOP01-DEL03-ES"
391868;2021-10-25;"segunda-feira";"11:15:00";"RR";174;503;"BOA VISTA";"Ausência de reação do condutor";"Colisão traseira";"Sem Vítimas";"Pleno dia";"Decrescente";"Céu Claro";"Dupla";"Rotatória";"Sim";3;0;0;0;3;0;0;2;2,794901;-60,698441;"SPRF-RR";"DEL01-RR";"UOP01-DEL01-RR"
391869;2021-10-25;"segunda-feira";"11:30:00";"SP";116;273;"TABOAO DA SERRA";"Ausência de reação do condutor";"Colisão lateral mesmo sentido";"Com Vítimas Feridas";"Pleno dia";"Decrescente";"Nublado";"Dupla";"Reta";"Sim";5;0;1;1;2;1;2;4;-23,617016;-46,792602;"SPRF-SP";"DEL04-SP";"UOP01-DEL04-SP"
391870;2021-09-12;"domingo";"02:00:00";"GO";153;511;"APARECIDA DE GOIANIA";"Ausência de reação do condutor";"Colisão traseira";"Com Vítimas Feridas";"Plena Noite";"Crescente";"Céu Claro";"Dupla";"Reta";"Sim";2;0;1;0;1;0;1;2;-16,8067;-49,2394;"SPRF-GO";"DEL01-GO";"UOP03-DEL01-GO"
391871;2021-10-25;"segunda-feira";"10:00:00";"MS";262;715;"CORUMBA";"Reação tardia ou ineficiente do condutor";"Colisão com objeto";"Com Vítimas Fatais";"Pleno dia";"Crescente";"Céu Claro";"Simples";"Reta";"Não";1;1;0;0;0;0;0;1;-19,4506183;-57,43165138;"SPRF-MS";"DEL03-MS";"UOP03-DEL03-MS"
391874;2021-10-25;"segunda-feira";"10:40:00";"MA";135;3;"SAO LUIS";"Reação tardia ou ineficiente do condutor";"Colisão traseira";"Com Vítimas Feridas";"Pleno dia";"Crescente";"Sol";"Dupla";"Aclive";"Sim";3;0;1;0;2;0;1;3;-2,606802;-44,247512;"SPRF-MA";"DEL01-MA";"UOP01-DEL01-MA"
391877;2021-10-25;"segunda-feira";"12:40:00";"RN";427;0,7;"CURRAIS NOVOS";"Condutor deixou de manter distância do veículo da frente";"Colisão traseira";"Com Vítimas Feridas";"Pleno dia";"Decrescente";"Céu Claro";"Simples";"Curva";"Sim";3;0;1;0;2;0;1;2;-6,268149;-36,52254;"SPRF-RN";"DEL03-RN";"UOP02-DEL03-RN"
391882;2021-10-25;"segunda-feira";"13:30:00";"MG";40;738,1;"SANTOS DUMONT";"Reação tardia ou ineficiente do condutor";"Colisão com objeto";"Com Vítimas Feridas";"Pleno dia";"Crescente";"Chuva";"Simples";"Curva";"Não";1;0;1;0;0;0;1;1;-21,38880304;-43,56910622;"SPRF-MG";"DEL05-MG";"UOP01-DEL05-MG"
391887;2021-10-25;"segunda-feira";"14:20:00";"RJ";116;172;"BELFORD ROXO";"Demais falhas mecânicas ou elétricas";"Incêndio";"Sem Vítimas";"Pleno dia";"Crescente";"Nublado";"Múltipla";"Reta";"Sim";1;0;0;0;1;0;0;1;-22,80188151;-43,35043673;"SPRF-RJ";"DEL01-RJ";"UOP02-DEL01-RJ"
391889;2021-10-25;"segunda-feira";"14:40:00";"MG";262;37,9;"MANHUACU";"Acessar a via sem observar a presença dos outros veículos";"Colisão transversal";"Com Vítimas Feridas";"Pleno dia";"Decrescente";"Chuva";"Simples";"Reta";"Sim";2;0;1;0;1;0;1;2;-20,25748975;-42,03048732;"SPRF-MG";"DEL06-MG";"UOP03-DEL06-MG"
391890;2021-10-25;"segunda-feira";"13:40:00";"MT";364;203;"RONDONOPOLIS";"Acessar a via sem observar a presença dos outros veículos";"Atropelamento de Pedestre";"Com Vítimas Feridas";"Pleno dia";"Decrescente";"Céu Claro";"Dupla";"Reta;Em Obras";"Sim";2;0;1;0;1;0;1;2;-16,47915606;-54,65169311;"SPRF-MT";"DEL02-MT";"UOP01-DEL02-MT"
391892;2021-10-25;"segunda-feira";"12:50:00";"PB";230;12;"CABEDELO";"Objeto estático sobre o leito carroçável";"Tombamento";"Com Vítimas Feridas";"Pleno dia";"Crescente";"Sol";"Dupla";"Reta";"Sim";2;0;2;0;0;0;2;1;-7,068;-34,85;"SPRF-PB";"DEL01-PB";"UOP01-DEL01-PB"
391895;2021-03-27;"sábado";"23:40:00";"RJ";116;280,8;"BARRA MANSA";"Transitar na contramão";"Colisão lateral sentido oposto";"Com Vítimas Fatais";"Plena Noite";"Crescente";"Céu Claro";"Dupla";"Aclive;Curva";"Não";3;2;0;0;1;0;0;3;-22,54134895;-44,19176093;"SPRF-RJ";"DEL07-RJ";"UOP02-DEL07-RJ"
391896;2021-10-25;"segunda-feira";"15:00:00";"SC";101;212,5;"PALHOCA";"Mal súbito do condutor";"Colisão com objeto";"Com Vítimas Feridas";"Pleno dia";"Crescente";"Céu Claro";"Múltipla";"Reta";"Sim";1;0;1;0;0;0;1;1;-27,62996929;-48,65903871;"SPRF-SC";"DEL01-SC";"UOP02-DEL01-SC"
391897;2021-10-25;"segunda-feira";"14:25:00";"SP";381;68;"MAIRIPORA";"Ausência de reação do condutor";"Queda de ocupante de veículo";"Com Vítimas Feridas";"Pleno dia";"Decrescente";"Nublado";"Dupla";"Declive;Reta";"Não";1;0;0;1;0;0;1;1;-23,34043796;-46,57433588;"SPRF-SP";"DEL03-SP";"UOP01-DEL03-SP"
391898;2021-10-25;"segunda-feira";"15:00:00";"GO";153;508,9;"APARECIDA DE GOIANIA";"Reação tardia ou ineficiente do condutor";"Colisão traseira";"Com Vítimas Fatais";"Pleno dia";"Decrescente";"Nublado";"Múltipla";"Reta;Declive";"Sim";3;1;0;0;1;1;0;3;-16,7804;-49,2371;"SPRF-GO";"DEL01-GO";"UOP03-DEL01-GO"
391899;2021-10-25;"segunda-feira";"12:10:00";"AL";101;30,3;"JOAQUIM GOMES";"Transitar na contramão";"Colisão frontal";"Com Vítimas Fatais";"Pleno dia";"Crescente";"Céu Claro";"Simples";"Curva";"Não";8;1;1;6;0;0;7;2;-9,0847746;-35,7468078;"SPRF-AL";"DEL01-AL";"UOP02-DEL01-AL"
391903;2021-10-25;"segunda-feira";"16:00:00";"PB";230;19,1;"JOAO PESSOA";"Manobra de mudança de faixa";"Colisão lateral mesmo sentido";"Com Vítimas Feridas";"Pleno dia";"Decrescente";"Céu Claro";"Dupla";"Reta";"Sim";2;0;1;0;0;1;1;2;-7,1281;-34,8466;"SPRF-PB";"DEL01-PB";"UOP01-DEL01-PB"
391904;2021-10-25;"segunda-feira";"16:15:00";"PE";101;70,2;"RECIFE";"Retorno proibido";"Colisão traseira";"Com Vítimas Feridas";"Pleno dia";"Crescente";"Céu Claro";"Dupla";"Reta";"Sim";3;0;1;0;2;0;1;2;-8,070166;-34,93986;"SPRF-PE";"DEL01-PE";"UOP01-DEL01-PE"
391906;2021-10-25;"segunda-feira";"15:45:00";"DF";60;28,8;"BRASILIA";"Afundamento ou ondulação no pavimento";"Saída de leito carroçável";"Com Vítimas Feridas";"Pleno dia";"Crescente";"Chuva";"Dupla";"Declive";"Não";2;0;1;1;0;0;2;1;-16,02601048;-48,25334787;"SPRF-DF";"DEL03-DF";"UOP01-DEL03-DF"
391908;2021-10-25;"segunda-feira";"15:45:00";"RS";116;555;"PEDRO OSORIO";"Acessar a via sem observar a presença dos outros veículos";"Colisão transversal";"Com Vítimas Feridas";"Pleno dia";"Crescente";"Céu Claro";"Dupla";"Reta";"Não";3;0;1;0;2;0;1;2;-31,88786418;-52,64774289;"SPRF-RS";"DEL07-RS";"UOP03-DEL07-RS"
391909;2021-10-25;"segunda-feira";"16:20:00";"GO";40;16,5;"LUZIANIA";"Demais falhas mecânicas ou elétricas";"Tombamento";"Com Vítimas Feridas";"Pleno dia";"Crescente";"Céu Claro";"Dupla";"Reta;Aclive";"Não";2;0;2;0;0;0;2;1;-16,175176;-47,92964;"SPRF-DF";"DEL01-DF";"UOP01-DEL01-DF"
391910;2021-10-25;"segunda-feira";"17:00:00";"PR";376;3,7;"APUCARANA";"Condutor deixou de manter distância do veículo da frente";"Colisão frontal";"Com Vítimas Feridas";"Pleno dia";"Crescente";"Céu Claro";"Simples";"Reta";"Sim";2;0;1;1;0;0;2;2;-23,558453;-51,440418;"SPRF-PR";"DEL07-PR";"UOP03-DEL07-PR"
391912;2021-10-25;"segunda-feira";"16:45:00";"ES";101;151,5;"LINHARES";"Acessar a via sem observar a presença dos outros veículos";"Colisão frontal";"Com Vítimas Feridas";"Pleno dia";"Decrescente";"Nublado";"Simples";"Interseção de Vias";"Não";2;0;1;0;1;0;1;2;-19,41156656;-40,06592463;"SPRF-ES";"DEL04-ES";"UOP01-DEL04-ES"
391913;2021-10-25;"segunda-feira";"16:55:00";"RS";116;264;"CANOAS";"Acessar a via sem observar a presença dos outros veículos";"Colisão lateral mesmo sentido";"Com Vítimas Feridas";"Pleno dia";"Crescente";"Céu Claro";"Múltipla";"Reta";"Sim";2;0;1;0;1;0;1;2;-29,914435;-51,17754495;"SPRF-RS";"DEL01-RS";"UOP01-DEL01-RS"
391915;2021-10-25;"segunda-feira";"17:30:00";"MG";50;74,6;"UBERLANDIA";"Ausência de reação do condutor";"Colisão traseira";"Com Vítimas Feridas";"Pleno dia";"Decrescente";"Nublado";"Dupla";"Reta;Declive";"Sim";2;0;1;0;0;1;1;2;-18,85140204;-48,25345932;"SPRF-MG";"DEL15-MG";"UOP01-DEL15-MG"
391916;2021-10-25;"segunda-feira";"17:30:00";"PA";230;113;"MARABA";"Manobra de mudança de faixa";"Colisão transversal";"Com Vítimas Feridas";"Pleno dia";"Crescente";"Céu Claro";"Simples";"Declive;Interseção de Vias;Reta";"Sim";2;0;0;1;1;0;1;2;-5,3642033;-49,06846046;"SPRF-PA";"DEL03-PA";"UOP01-DEL03-PA"
391918;2021-10-25;"segunda-feira";"16:50:00";"MG";381;381;"SAO GONCALO DO RIO ABAIXO";"Reação tardia ou ineficiente do condutor";"Colisão frontal";"Sem Vítimas";"Pleno dia";"Decrescente";"Céu Claro";"Simples";"Reta";"Sim";2;0;0;0;2;0;0;2;-19,82692046;-43,38405945;"SPRF-MG";"DEL01-MG";"UOP01-DEL01-MG"
391920;2021-10-25;"segunda-feira";"17:50:00";"SC";282;37;"AGUAS MORNAS";"Ausência de reação do condutor";"Colisão transversal";"Com Vítimas Feridas";"Anoitecer";"Crescente";"Céu Claro";"Simples";"Reta";"Não";2;0;1;0;1;0;1;2;-27,707325;-48,842983;"SPRF-SC";"DEL01-SC";"UOP03-DEL01-SC"
391921;2021-10-25;"segunda-feira";"17:50:00";"ES";101;276,3;"SERRA";"Demais falhas mecânicas ou elétricas";"Incêndio";"Sem Vítimas";"Plena Noite";"Decrescente";"Nublado";"Dupla";"Reta";"Não";1;0;0;0;1;0;0;1;-20,20962015;-40,31628739;"SPRF-ES";"DEL02-ES";"UOP01-DEL02-ES"
391922;2021-10-25;"segunda-feira";"17:45:00";"PB";230;23;"JOAO PESSOA";"Trafegar com motocicleta (ou similar) entre as faixas";"Colisão lateral mesmo sentido";"Sem Vítimas";"Anoitecer";"Decrescente";"Céu Claro";"Dupla";"Reta";"Sim";2;0;0;0;1;1;0;2;-7,1562;-34,8574;"SPRF-PB";"DEL01-PB";"UOP01-DEL01-PB"
391923;2021-10-25;"segunda-feira";"18:25:00";"PR";373;178,5;"PONTA GROSSA";"Acessar a via sem observar a presença dos outros veículos";"Colisão lateral mesmo sentido";"Com Vítimas Feridas";"Pleno dia";"Crescente";"Céu Claro";"Simples";"Interseção de Vias;Curva";"Sim";2;0;1;0;1;0;1;2;-25,04281018;-50,23950211;"SPRF-PR";"DEL03-PR";"UOP01-DEL03-PR"
391925;2021-10-25;"segunda-feira";"18:30:00";"PE";101;72;"RECIFE";"Acessar a via sem observar a presença dos outros veículos";"Atropelamento de Pedestre";"Com Vítimas Feridas";"Plena Noite";"Crescente";"Céu Claro";"Dupla";"Reta";"Sim";2;0;1;0;0;1;1;2;-8,087683;-34,946803;"SPRF-PE";"DEL01-PE";"UOP01-DEL01-PE"
391927;2021-10-25;"segunda-feira";"18:20:00";"SC";470;135;"RIO DO SUL";"Velocidade Incompatível";"Colisão traseira";"Com Vítimas Feridas";"Anoitecer";"Crescente";"Sol";"Simples";"Reta";"Sim";2;0;1;0;1;0;1;2;-27,1831882;-49,60241318;"SPRF-SC";"DEL04-SC";"UOP02-DEL04-SC"
391928;2021-10-25;"segunda-feira";"18:30:00";"SC";101;117;"ITAJAI";"Manobra de mudança de faixa";"Colisão traseira";"Com Vítimas Feridas";"Plena Noite";"Decrescente";"Céu Claro";"Múltipla";"Reta";"Sim";2;0;1;0;1;0;1;2;-26,88747187;-48,72252969;"SPRF-SC";"DEL04-SC";"UOP04-DEL04-SC"
391929;2021-10-25;"segunda-feira";"17:00:00";"SC";101;149,7;"ITAPEMA";"Acessar a via sem observar a presença dos outros veículos";"Colisão transversal";"Com Vítimas Feridas";"Pleno dia";"Crescente";"Céu Claro";"Dupla";"Reta";"Sim";2;0;2;0;0;0;2;2;-27,11532996;-48,60993147;"SPRF-SC";"DEL04-SC";"UOP03-DEL04-SC"
391930;2021-10-25;"segunda-feira";"18:20:00";"ES";101;247;"SERRA";"Demais falhas mecânicas ou elétricas";"Colisão com objeto";"Com Vítimas Feridas";"Plena Noite";"Decrescente";"Céu Claro";"Dupla";"Curva";"Não";2;0;1;0;1;0;1;2;-20,06746339;-40,37085006;"SPRF-ES";"DEL02-ES";"UOP01-DEL02-ES"
391931;2021-09-24;"sexta-feira";"15:40:00";"RS";287;306;"SAO PEDRO DO SUL";"Obras na pista";"Engavetamento";"Com Vítimas Feridas";"Pleno dia";"Crescente";"Céu Claro";"Simples";"Aclive";"Não";11;0;2;0;8;1;2;4;-29,65464792;-54,43483401;"SPRF-RS";"DEL09-RS";"UOP01-DEL09-RS"
391932;2021-10-25;"segunda-feira";"16:00:00";"SC";101;142;"BALNEARIO CAMBORIU";"Manobra de mudança de faixa";"Tombamento";"Com Vítimas Feridas";"Pleno dia";"Decrescente";"Céu Claro";"Simples";"Reta";"Não";2;0;1;0;0;1;1;2;-27,056089;-48,599449;"SPRF-SC";"DEL04-SC";"UOP03-DEL04-SC"
391933;2021-10-25;"segunda-feira";"18:50:00";"CE";222;10;"CAUCAIA";"Demais falhas mecânicas ou elétricas";"Tombamento";"Com Vítimas Feridas";"Plena Noite";"Decrescente";"Céu Claro";"Dupla";"Reta";"Sim";1;0;1;0;0;0;1;1;-3,76186908;-38,65413796;"SPRF-CE";"DEL01-CE";"UOP01-DEL01-CE"
391935;2021-10-25;"segunda-feira";"18:40:00";"PB";230;153;"CAMPINA GRANDE";"Acessar a via sem observar a presença dos outros veículos";"Colisão transversal";"Com Vítimas Feridas";"Plena Noite";"Decrescente";"Céu Claro";"Simples";"Rotatória;Interseção de Vias";"Sim";2;0;0;1;1;0;1;2;-7,27576992;-35,88830944;"SPRF-PB";"DEL02-PB";"UOP01-DEL02-PB"
391938;2021-10-25;"segunda-feira";"19:50:00";"PA";163;1003;"SANTAREM";"Acessar a via sem observar a presença dos outros veículos";"Atropelamento de Pedestre";"Com Vítimas Feridas";"Plena Noite";"Decrescente";"Nublado";"Dupla";"Reta";"Sim";2;0;2;0;0;0;2;2;-2,43993294;-54,73225594;"SPRF-PA";"DEL05-PA";"UOP01-DEL05-PA"
391939;2021-10-25;"segunda-feira";"19:30:00";"MS";163;260,9;"DOURADOS";"Pedestre andava na pista";"Atropelamento de Pedestre";"Com Vítimas Fatais";"Plena Noite";"Crescente";"Nublado";"Dupla";"Reta";"Sim";3;1;0;1;0;1;1;3;-22,23908418;-54,76609468;"SPRF-MS";"DEL04-MS";"UOP01-DEL04-MS"