"id";"data_inversa";"dia_semana";"horario";"uf";"br";"km";"municipio";"causa_acidente";"tipo_acidente";"classificacao_acidente";"fase_dia";"sentido_via";"condicao_metereologica";"tipo_pista";"tracado_via";"uso_solo";"pessoas";"mortos";"feridos_leves";"feridos_graves";"ilesos";"ignorados";"feridos";"veiculos";"latitude";"longitude";"regional";"delegacia";"uop"
391941;2021-10-25;"segunda-feira";"18:30:00";"BA";101;69;"ENTRE RIOS";"Animais na Pista";"Atropelamento de Animal";"Com Vítimas Feridas";"Plena Noite";"Decrescente";"Céu Claro";"Dupla";"Reta";"Não";2;0;2;0;0;0;2;1;-11,96562442;-38,14630687;"SPRF-BA";"DEL01-BA";"UOP04-DEL01-BA"
391942;2021-10-25;"segunda-feira";"17:35:00";"SC";282;389;"JOACABA";"Condutor deixou de manter distância do veículo da frente";"Colisão lateral mesmo sentido";"Com Vítimas Feridas";"Pleno dia";"Crescente";"Sol";"Simples";"Reta";"Não";4;0;2;0;2;0;2;3;-27,178604;-51,541367;"SPRF-SC";"DEL07-SC";"UOP05-DEL07-SC"
391943;2021-10-25;"segunda-feira";"19:19:00";"MT";163;955;"NOVA SANTA HELENA";"Entrada inopinada do pedestre";"Atropelamento de Pedestre";"Com Vítimas Feridas";"Plena Noite";"Crescente";"Nublado";"Simples";"Reta";"Sim";2;0;0;1;1;0;1;2;-10,85264787;-55,18914569;"SPRF-MT";"DEL06-MT";"NPF/DEL06-MT"
391945;2021-10-25;"segunda-feira";"18:50:00";"MT";364;289,9;"JACIARA";"Reação tardia ou ineficiente do condutor";"Tombamento";"Com Vítimas Feridas";"Anoitecer";"Crescente";"Céu Claro";"Dupla";"Curva";"Não";1;0;1;0;0;0;1;1;-15,90640833;-55,08298593;"SPRF-MT";"DEL05-MT";"UOP02-DEL05-MT"
391947;2021-10-25;"segunda-feira";"21:00:00";"PR";369;185;"ARAPONGAS";"Acesso irregular";"Colisão transversal";"Com Vítimas Feridas";"Plena Noite";"Crescente";"Céu Claro";"Simples";"Reta";"Sim";2;0;0;1;1;0;1;2;-23,37779989;-51,41541481;"SPRF-PR";"DEL07-PR";"UOP02-DEL07-PR"
391948;2021-10-25;"segunda-feira";"20:10:00";"RJ";116;163;"RIO DE JANEIRO";"Manobra de mudança de faixa";"Capotamento";"Com Vítimas Feridas";"Plena Noite";"Decrescente";"Nublado";"Dupla";"Reta";"Sim";1;0;1;0;0;0;1;1;-22,802729;-43,290424;"SPRF-RJ";"DEL01-RJ";"UOP01-DEL01-RJ"
391954;2021-10-25;"segunda-feira";"16:45:00";"SC";280;74,5;"JARAGUA DO SUL";"Entrada inopinada do pedestre";"Atropelamento de Pedestre";"Com Vítimas Feridas";"Pleno dia";"Decrescente";"Céu Claro";"Simples";"Reta";"Sim";2;0;0;1;1;0;1;2;-26,45877322;-49,16147801;"SPRF-SC";"DEL03-SC";"UOP03-DEL03-SC"
391955;2021-10-25;"segunda-feira";"21:55:00";"MG";40;611,2;"CONGONHAS";"Transitar na contramão";"Colisão frontal";"Com Vítimas Feridas";"Plena Noite";"Crescente";"Céu Claro";"Simples";"Reta";"Não";8;0;6;0;0;2;6;3;-20,51043545;-43,84039195;"SPRF-MG";"DEL05-MG";"UOP02-DEL05-MG"
391956;2021-10-25;"segunda-feira";"19:20:00";"MG";267;50,9;"MARIPA DE MINAS";"Manobra de mudança de faixa";"Colisão transversal";"Com Vítimas Feridas";"Plena Noite";"Decrescente";"Nublado";"Simples";"Curva";"Não";2;0;1;1;0;0;2;2;-21,69577022;-42,98279189;"SPRF-MG";"DEL07-MG";"UOP01-DEL07-MG"
391958;2021-10-25;"segunda-feira";"22:40:00";"SC";101;213,4;"PALHOCA";"Demais falhas mecânicas ou elétricas";"Queda de ocupante de veículo";"Com Vítimas Fatais";"Plena Noite";"Decrescente";"Nublado";"Múltipla";"Reta";"Sim";2;1;0;0;0;1;0;2;-27,63697369;-48,66514142;"SPRF-SC";"DEL01-SC";"UOP02-DEL01-SC"
391960;2021-10-25;"segunda-feira";"19:18:00";"DF";0;0;"BRASILIA";"Chuva";"Colisão lateral sentido oposto";"Sem Vítimas";"Plena Noite";"Não Informado";"Chuva";"Simples";"Curva";"Não";2;0;0;0;2;0;0;1;-15,92006398;-48,17264557;"SPRF-DF";"DEL03-DF";"UOP01-DEL03-DF"
391964;2021-10-25;"segunda-feira";"19:10:00";"RS";116;651;"JAGUARAO";"Acostamento em desnível";"Saída de leito carroçável";"Sem Vítimas";"Anoitecer";"Decrescente";"Céu Claro";"Simples";"Reta;Em Obras";"Não";1;0;0;0;1;0;0;1;-32,52873783;-53,35168415;"SPRF-RS";"DEL07-RS";"UOP03-DEL07-RS"
391965;2021-10-25;"segunda-feira";"22:50:00";"PE";104;66;"CARUARU";"Ingestão de álcool pelo condutor";"Queda de ocupante de veículo";"Com Vítimas Feridas";"Plena Noite";"Crescente";"Céu Claro";"Dupla";"Reta";"Sim";1;0;1;0;0;0;1;1;-8,2937;-35,9864;"SPRF-PE";"DEL02-PE";"UOP01-DEL02-PE"
391968;2021-10-25;"segunda-feira";"23:10:00";"PR";369;187,8;"ARAPONGAS";"Ausência de sinalização";"Colisão frontal";"Com Vítimas Feridas";"Plena Noite";"Crescente";"Céu Claro";"Simples";"Reta;Em Obras";"Sim";2;0;2;0;0;0;2;2;-23,433361;-51,422343;"SPRF-PR";"DEL07-PR";"UOP02-DEL07-PR"
391969;2021-10-25;"segunda-feira";"22:20:00";"PR";277;684,4;"SAO MIGUEL DO IGUACU";"Ausência de reação do condutor";"Saída de leito carroçável";"Com Vítimas Feridas";"Plena Noite";"Decrescente";"Céu Claro";"Dupla";"Reta";"Não";1;0;1;0;0;0;1;1;-25,33864563;-54,19917133;"SPRF-PR";"DEL05-PR";"UOP01-DEL05-PR"
391973;2021-10-26;"terça-feira";"00:10:00";"MG";364;28,1;"FRUTAL";"Reação tardia ou ineficiente do condutor";"Tombamento";"Com Vítimas Feridas";"Plena Noite";"Decrescente";"Céu Claro";"Simples";"Rotatória";"Não";2;0;2;0;0;0;2;1;-20,025185;-48,94096;"SPRF-MG";"DEL13-MG";"UOP02-DEL13-MG"
391975;2021-10-26;"terça-feira";"01:00:00";"GO";40;12,9;"LUZIANIA";"Animais na Pista";"Atropelamento de Animal";"Com Vítimas Feridas";"Plena Noite";"Crescente";"Nublado";"Dupla";"Reta";"Sim";1;0;1;0;0;0;1;1;-16,145123;-47,945382;"SPRF-DF";"DEL01-DF";"UOP01-DEL01-DF"
391982;2021-10-26;"terça-feira";"04:25:00";"SC";101;148,6;"ITAPEMA";"Velocidade Incompatível";"Colisão com objeto";"Sem Vítimas";"Plena Noite";"Decrescente";"Céu Claro";"Dupla";"Reta";"Sim";1;0;0;0;0;1;0;1;-27,10123686;-48,61807962;"SPRF-SC";"DEL04-SC";"UOP03-DEL04-SC"
391984;2021-10-26;"terça-feira";"05:20:00";"BA";116;543;"MILAGRES";"Velocidade Incompatível";"Saída de leito carroçável";"Com Vítimas Feridas";"Amanhecer";"Crescente";"Garoa/Chuvisco";"Simples";"Reta";"Não";4;0;2;0;2;0;2;1;-12,84460716;-39,83917236;"SPRF-BA";"DEL03-BA";"UOP02-DEL03-BA"
391985;2021-10-26;"terça-feira";"04:30:00";"SC";470;7,2;"NAVEGANTES";"Acesso irregular";"Colisão transversal";"Com Vítimas Feridas";"Plena Noite";"Crescente";"Céu Claro";"Simples";"Interseção de Vias";"Sim";2;0;1;0;1;0;1;2;-26,8397686;-48,71680038;"SPRF-SC";"DEL04-SC";"UOP04-DEL04-SC"
391986;2021-10-26;"terça-feira";"03:50:00";"SC";101;462,4;"PASSO DE TORRES";"Condutor Dormindo";"Saída de leito carroçável";"Com Vítimas Feridas";"Plena Noite";"Decrescente";"Céu Claro";"Dupla";"Reta";"Não";2;0;2;0;0;0;2;1;-29,27577495;-49,75499332;"SPRF-RS";"DEL03-RS";"UOP02-DEL03-RS"
391988;2021-10-26;"terça-feira";"07:00:00";"RJ";101;74;"CAMPOS DOS GOYTACAZES";"Acessar a via sem observar a presença dos outros veículos";"Colisão transversal";"Com Vítimas Feridas";"Pleno dia";"Crescente";"Céu Claro";"Simples";"Reta";"Sim";2;0;1;0;1;0;1;2;-21,807232;-41,39734312;"SPRF-RJ";"DEL08-RJ";"UOP02-DEL08-RJ"
391989;2021-10-26;"terça-feira";"06:30:00";"GO";20;15;"FORMOSA";"Acesso irregular";"Saída de leito carroçável";"Com Vítimas Feridas";"Pleno dia";"Crescente";"Céu Claro";"Simples";"Reta";"Não";5;0;2;0;3;0;2;2;-15,564807;-47,222622;"SPRF-DF";"DEL02-DF";"UOP01-DEL02-DF"
391991;2021-10-26;"terça-feira";"07:10:00";"SP";153;72,8;"SAO JOSE DO RIO PRETO";"Transitar no acostamento";"Colisão lateral mesmo sentido";"Com Vítimas Feridas";"Pleno dia";"Crescente";"Céu Claro";"Dupla";"Retorno Regulamentado";"Sim";2;0;1;0;1;0;1;2;-20,86715501;-49,41334398;"SPRF-SP";"DEL09-SP";"UOP01-DEL09-SP"
391994;2021-10-26;"terça-feira";"06:00:00";"RJ";465;22;"RIO DE JANEIRO";"Ultrapassagem Indevida";"Colisão frontal";"Com Vítimas Feridas";"Pleno dia";"Crescente";"Céu Claro";"Simples";"Reta";"Sim";2;0;0;1;0;1;1;2;-22,863579;-43,601479;"SPRF-RJ";"DEL03-RJ";"UOP01-DEL03-RJ"
391996;2021-10-26;"terça-feira";"07:25:00";"RN";101;83,9;"NATAL";"Condutor deixou de manter distância do veículo da frente";"Colisão traseira";"Com Vítimas Feridas";"Pleno dia";"Crescente";"Nevoeiro/Neblina";"Dupla";"Reta";"Sim";3;0;1;1;1;0;2;2;-5,7710445;-35,26616981;"SPRF-RN";"DEL02-RN";"UOP01-DEL02-RN"
391998;2021-10-26;"terça-feira";"06:10:00";"RO";364;367;"OURO PRETO DO OESTE";"Animais na Pista";"Atropelamento de Animal";"Com Vítimas Feridas";"Amanhecer";"Decrescente";"Chuva";"Simples";"Reta";"Não";1;0;1;0;0;0;1;1;-10,76727809;-62,11907002;"SPRF-RO";"DEL02-RO";"UOP01-DEL02-RO"
391999;2021-10-26;"terça-feira";"07:20:00";"GO";364;118;"APARECIDA DO RIO DOCE";"Acessar a via sem observar a presença dos outros veículos";"Saída de leito carroçável";"Com Vítimas Feridas";"Pleno dia";"Crescente";"Nublado";"Simples";"Curva";"Não";1;0;1;0;0;0;1;1;-18,287319;-51,180035;"SPRF-GO";"DEL05-GO";"UOP01-DEL05-GO"
392000;2021-10-26;"terça-feira";"06:30:00";"BA";116;595;"IRAJUBA";"Velocidade Incompatível";"Saída de leito carroçável";"Com Vítimas Feridas";"Pleno dia";"Crescente";"Garoa/Chuvisco";"Simples";"Curva";"Não";3;0;1;0;2;0;1;1;-13,17351892;-39,99933014;"SPRF-BA";"DEL03-BA";"UOP02-DEL03-BA"
392001;2021-10-26;"terça-feira";"07:55:00";"RS";116;140,5;"CAXIAS DO SUL";"Desrespeitar a preferência no cruzamento";"Colisão lateral mesmo sentido";"Com Vítimas Feridas";"Pleno dia";"Crescente";"Sol";"Simples";"Curva";"Não";2;0;1;0;1;0;1;2;-29,10381619;-51,10968039;"SPRF-RS";"DEL05-RS";"UOP01-DEL05-RS"
392002;2021-10-26;"terça-feira";"07:00:00";"SC";163;71,6;"SAO MIGUEL DO OESTE";"Reação tardia ou ineficiente do condutor";"Tombamento";"Com Vítimas Feridas";"Pleno dia";"Decrescente";"Céu Claro";"Dupla";"Interseção de Vias;Reta";"Sim";1;0;1;0;0;0;1;1;-26,72772401;-53,51281303;"SPRF-SC";"DEL07-SC";"UOP03-DEL07-SC"
392006;2021-10-26;"terça-feira";"07:30:00";"RS";101;56,3;"TERRA DE AREIA";"Demais falhas mecânicas ou elétricas";"Incêndio";"Sem Vítimas";"Pleno dia";"Crescente";"Céu Claro";"Dupla";"Reta";"Não";1;0;0;0;1;0;0;1;-29,65200649;-50,11956673;"SPRF-RS";"DEL03-RS";"UOP02-DEL03-RS"
392007;2021-10-26;"terça-feira";"08:20:00";"MG";381;863,6;"POUSO ALEGRE";"Reação tardia ou ineficiente do condutor";"Saída de leito carroçável";"Com Vítimas Feridas";"Pleno dia";"Crescente";"Nublado";"Dupla";"Aclive;Reta";"Não";1;0;1;0;0;0;1;1;-22,381389;-45,94581;"SPRF-MG";"DEL16-MG";"UOP01-DEL16-MG"
392010;2021-10-26;"terça-feira";"08:10:00";"RN";101;176;"CANGUARETAMA";"Velocidade Incompatível";"Capotamento";"Com Vítimas Feridas";"Pleno dia";"Decrescente";"Céu Claro";"Dupla";"Curva";"Não";1;0;1;0;0;0;1;1;-6,50166475;-35,11200246;"SPRF-RN";"DEL01-RN";"UOP01-DEL01-RN"
392012;2021-10-26;"terça-feira";"05:10:00";"MT";70;713,3;"CACERES";"Velocidade Incompatível";"Saída de leito carroçável";"Com Vítimas Feridas";"Amanhecer";"Decrescente";"Nublado";"Simples";"Curva";"Não";5;0;5;0;0;0;5;1;-16,194947;-57,587015;"SPRF-MT";"DEL03-MT";"UOP01-DEL03-MT"
392014;2021-10-26;"terça-feira";"09:00:00";"DF";70;9;"BRASILIA";"Velocidade Incompatível";"Tombamento";"Com Vítimas Feridas";"Pleno dia";"Decrescente";"Céu Claro";"Dupla";"Reta";"Sim";1;0;1;0;0;0;1;1;-15,784615;-48,132023;"SPRF-DF";"DEL03-DF";"UOP02-DEL03-DF"
392017;2021-10-26;"terça-feira";"08:10:00";"PE";104;74;"CARUARU";"Manobra de mudança de faixa";"Colisão frontal";"Com Vítimas Feridas";"Pleno dia";"Decrescente";"Céu Claro";"Simples";"Curva";"Não";3;0;0;3;0;0;3;2;-8,349874;-35,985184;"SPRF-PE";"DEL02-PE";"UOP01-DEL02-PE"
392018;2021-09-08;"quarta-feira";"22:05:00";"SP";116;55,6;"LORENA";"Condutor deixou de manter distância do veículo da frente";"Colisão traseira";"Com Vítimas Fatais";"Plena Noite";"Decrescente";"Nublado";"Dupla";"Reta";"Não";6;1;0;0;4;1;0;4;-22,76356421;-45,12272385;"SPRF-SP";"DEL08-SP";"UOP02-DEL08-SP"
392019;2021-10-26;"terça-feira";"09:20:00";"SP";153;97,8;"JACI";"Manobra de mudança de faixa";"Capotamento";"Com Vítimas Feridas";"Pleno dia";"Decrescente";"Sol";"Simples";"Aclive";"Não";1;0;1;0;0;0;1;1;-20,98473984;-49,61733921;"SPRF-SP";"DEL09-SP";"UOP01-DEL09-SP"
392021;2021-10-26;"terça-feira";"07:30:00";"TO";242;453,5;"FORMOSO DO ARAGUAIA";"Transitar na contramão";"Colisão transversal";"Com Vítimas Feridas";"Pleno dia";"Crescente";"Céu Claro";"Simples";"Reta";"Sim";2;0;0;1;0;1;1;2;-11,8117766;-49,5289078;"SPRF-TO";"DEL01-TO";"UOP02-DEL01-TO"
392023;2021-10-10;"domingo";"15:10:00";"PR";376;158,5;"MANDAGUACU";"Velocidade Incompatível";"Saída de leito carroçável";"Com Vítimas Feridas";"Pleno dia";"Crescente";"Céu Claro";"Dupla";"Curva";"Sim";2;0;0;2;0;0;2;1;-23,36169997;-52,08593395;"SPRF-PR";"DEL09-PR";"UOP01-DEL09-PR"
392024;2021-10-23;"sábado";"06:30:00";"RJ";116;176;"NOVA IGUACU";"Reação tardia ou ineficiente do condutor";"Colisão com objeto";"Com Vítimas Feridas";"Amanhecer";"Decrescente";"Nublado";"Dupla";"Retorno Regulamentado";"Sim";2;0;1;0;1;0;1;1;-22,7839538;-43,38195488;"SPRF-RJ";"DEL01-RJ";"UOP02-DEL01-RJ"
392025;2021-10-26;"terça-feira";"10:20:00";"PR";376;185,9;"SARANDI";"Reação tardia ou ineficiente do condutor";"Tombamento";"Com Vítimas Feridas";"Pleno dia";"Decrescente";"Céu Claro";"Dupla";"Reta";"Sim";2;0;1;1;0;0;2;1;-23,45147413;-51,85361808;"SPRF-PR";"DEL09-PR";"UOP01-DEL09-PR"
392030;2021-10-26;"terça-feira";"08:00:00";"SC";101;339,8;"TUBARAO";"Ultrapassagem Indevida";"Colisão transversal";"Com Vítimas Feridas";"Pleno dia";"Crescente";"Céu Claro";"Múltipla";"Reta";"Sim";2;0;1;0;1;0;1;2;-28,501444;-49,04690399;"SPRF-SC";"DEL02-SC";"UOP01-DEL02-SC"
392035;2021-10-26;"terça-feira";"07:35:00";"MT";163;582,5;"NOVA MUTUM";"Demais falhas mecânicas ou elétricas";"Saída de leito carroçável";"Com Vítimas Feridas";"Pleno dia";"Crescente";"Céu Claro";"Simples";"Reta";"Não";2;0;1;0;1;0;1;1;-14,06590909;-56,10266283;"SPRF-MT";"DEL01-MT";"UOP01-DEL01-MT"
392040;2021-10-26;"terça-feira";"11:00:00";"RJ";101;66;"CAMPOS DOS GOYTACAZES";"Condutor deixou de manter distância do veículo da frente";"Colisão lateral mesmo sentido";"Com Vítimas Feridas";"Pleno dia";"Decrescente";"Nublado";"Simples";"Rotatória";"Sim";2;0;1;0;0;1;1;2;-21,76090387;-41,34788959;"SPRF-RJ";"DEL08-RJ";"UOP02-DEL08-RJ"
392042;2021-10-26;"terça-feira";"11:40:00";"ES";482;104;"GUACUI";"Ausência de reação do condutor";"Colisão traseira";"Com Vítimas Feridas";"Pleno dia";"Decrescente";"Nublado";"Simples";"Reta";"Não";2;0;1;0;1;0;1;2;-20,78384403;-41,66073203;"SPRF-ES";"DEL03-ES";"UOP02-DEL03-ES"
392043;2021-10-26;"terça-feira";"11:20:00";"RJ";101;273;"TANGUA";"Condutor deixou de manter distância do veículo da frente";"Saída de leito carroçável";"Sem Vítimas";"Pleno dia";"Decrescente";"Nublado";"Dupla";"Reta";"Sim";1;0;0;0;1;0;0;1;-22,7316093;-42,71051285;"SPRF-RJ";"DEL02-RJ";"UOP03-DEL02-RJ"
392044;2021-10-26;"terça-feira";"09:55:00";"SC";470;70;"INDAIAL";"Trafegar com motocicleta (ou similar) entre as faixas";"Colisão lateral mesmo sentido";"Sem Vítimas";"Pleno dia";"Crescente";"Céu Claro";"Simples";"Reta";"Sim";2;0;0;0;1;1;0;2;-26,889374;-49,254478;"SPRF-SC";"DEL04-SC";"UOP01-DEL04-SC"
392045;2021-10-26;"terça-feira";"12:00:00";"GO";50;272,9;"CATALAO";"Ingestão de álcool pelo condutor";"Saída de leito carroçável";"Sem Vítimas";"Pleno dia";"Decrescente";"Céu Claro";"Dupla";"Aclive;Reta";"Não";1;0;0;0;1;0;0;1;-18,1228;-47,8994;"SPRF-GO";"DEL06-GO";"UOP01-DEL06-GO"
392046;2021-10-26;"terça-feira";"12:30:00";"DF";60;6,3;"BRASILIA";"Condutor Dormindo";"Saída de leito carroçável";"Com Vítimas Feridas";"Pleno dia";"Crescente";"Céu Claro";"Dupla";"Reta";"Sim";1;0;1;0;0;0;1;1;-15,898781;-48,115975;"SPRF-DF";"DEL03-DF";"UOP01-DEL03-DF"
392047;2021-08-23;"segunda-feira";"19:05:00";"MG";381;456;"BELO HORIZONTE";"Ausência de reação do condutor";"Atropelamento de Pedestre";"Com Vítimas Feridas";"Plena Noite";"Crescente";"Chuva";"Dupla";"Reta";"Não";2;0;1;0;0;1;1;2;-19,85862954;-43,91292495;"SPRF-MG";"DEL01-MG";"UOP01-DEL01-MG"
392048;2021-10-26;"terça-feira";"12:00:00";"MG";381;289,8;"ANTONIO DIAS";"Pista esburacada";"Queda de ocupante de veículo";"Com Vítimas Feridas";"Pleno dia";"Decrescente";"Nublado";"Simples";"Reta";"Não";2;0;1;1;0;0;2;1;-19,63794104;-42,82137904;"SPRF-MG";"DEL03-MG";"UOP02-DEL03-MG"
392049;2021-10-26;"terça-feira";"12:20:00";"RJ";101;334;"RIO DE JANEIRO";"Ausência de sinalização";"Colisão lateral mesmo sentido";"Com Vítimas Feridas";"Pleno dia";"Decrescente";"Céu Claro";"Simples";"Aclive";"Não";2;0;1;0;1;0;1;2;-22,88517902;-43,21704364;"SPRF-RJ";"DEL02-RJ";"UOP02-DEL02-RJ"
392051;2021-10-26;"terça-feira";"08:30:00";"MA";316;547;"CAXIAS";"Reação tardia ou ineficiente do condutor";"Saída de leito carroçável";"Sem Vítimas";"Pleno dia";"Decrescente";"Sol";"Simples";"Rotatória";"Sim";1;0;0;0;0;1;0;1;-4,879837;-43,387306;"SPRF-MA";"DEL03-MA";"UOP02-DEL03-MA"
392055;2021-09-16;"quinta-feira";"18:27:00";"PA";163;991;"SANTAREM";"Acessar a via sem observar a presença dos outros veículos";"Colisão transversal";"Sem Vítimas";"Anoitecer";"Decrescente";"Céu Claro";"Simples";"Reta";"Não";2;0;0;0;2;0;0;2;-2,547851;-54,72278;"SPRF-PA";"DEL05-PA";"UOP01-DEL05-PA"
392059;2021-10-26;"terça-feira";"12:20:00";"ES";482;95,2;"ALEGRE";"Condutor deixou de manter distância do veículo da frente";"Colisão traseira";"Com Vítimas Feridas";"Pleno dia";"Crescente";"Céu Claro";"Simples";"Reta";"Não";2;0;0;1;1;0;1;2;-20,763521;-41,5916;"SPRF-ES";"DEL03-ES";"UOP02-DEL03-ES"
392060;2021-10-26;"terça-feira";"11:35:00";"RJ";40;123;"DUQUE DE CAXIAS";"Avarias e/ou desgaste excessivo no pneu";"Colisão com objeto";"Com Vítimas Feridas";"Pleno dia";"Decrescente";"Céu Claro";"Múltipla";"Reta";"Sim";1;0;1;0;0;0;1;1;-22,79907687;-43,29015739;"SPRF-RJ";"DEL01-RJ";"UOP01-DEL01-RJ"
392061;2021-10-26;"terça-feira";"14:10:00";"RS";153;488;"CACAPAVA DO SUL";"Reação tardia ou ineficiente do condutor";"Saída de leito carroçável";"Com Vítimas Feridas";"Pleno dia";"Decrescente";"Sol";"Simples";"Reta";"Não";2;0;2;0;0;0;2;1;-30,386984;-53,37434204;"SPRF-RS";"DEL09-RS";"UOP02-DEL09-RS"
392062;2021-10-26;"terça-feira";"14:40:00";"ES";101;382,7;"RIO NOVO DO SUL";"Reação tardia ou ineficiente do condutor";"Atropelamento de Pedestre";"Com Vítimas Feridas";"Pleno dia";"Decrescente";"Céu Claro";"Simples";"Curva";"Não";2;0;1;0;1;0;1;2;-20,82072713;-40,84702482;"SPRF-ES";"DEL03-ES";"UOP01-DEL03-ES"
392063;2021-10-26;"terça-feira";"13:55:00";"BA";101;713,5;"EUNAPOLIS";"Velocidade Incompatível";"Colisão transversal";"Com Vítimas Feridas";"Pleno dia";"Decrescente";"Sol";"Simples";"Interseção de Vias;Reta";"Sim";2;0;0;1;1;0;1;2;-16,33994898;-39,58105803;"SPRF-BA";"DEL09-BA";"UOP01-DEL09-BA"
392064;2021-10-26;"terça-feira";"14:00:00";"AP";210;3;"MACAPA";"Acessar a via sem observar a presença dos outros veículos";"Colisão transversal";"Com Vítimas Feridas";"Pleno dia";"Crescente";"Céu Claro";"Dupla";"Reta";"Sim";1;0;1;0;0;0;1;1;0,08723365;-51,08569007;"SPRF-AP";"DEL01-AP";"UOP01-DEL01-AP"
392065;2021-10-26;"terça-feira";"15:00:00";"MG";381;500,5;"BETIM";"Ingestão de álcool pelo condutor";"Colisão traseira";"Com Vítimas Feridas";"Pleno dia";"Decrescente";"Nublado";"Dupla";"Reta";"Não";2;0;1;0;1;0;1;2;-19,99980571;-44,21070099;"SPRF-MG";"DEL01-MG";"UOP03-DEL01-MG"
392066;2021-10-26;"terça-feira";"15:00:00";"RS";285;121,6;"VACARIA";"Velocidade Incompatível";"Colisão traseira";"Sem Vítimas";"Pleno dia";"Crescente";"Céu Claro";"Simples";"Reta";"Sim";2;0;0;0;1;1;0;2;-28,510252;-50,935688;"SPRF-RS";"DEL05-RS";"UOP03-DEL05-RS"
392069;2021-10-26;"terça-feira";"14:40:00";"PB";230;38;"SANTA RITA";"Reação tardia ou ineficiente do condutor";"Colisão com objeto";"Com Vítimas Feridas";"Pleno dia";"Decrescente";"Céu Claro";"Simples";"Reta";"Sim";2;0;0;2;0;0;2;1;-7,1341;-34,962;"SPRF-PB";"DEL01-PB";"UOP03-DEL01-PB"
392073;2021-10-26;"terça-feira";"16:00:00";"CE";222;2,8;"FORTALEZA";"Condutor deixou de manter distância do veículo da frente";"Engavetamento";"Sem Vítimas";"Pleno dia";"Decrescente";"Nublado";"Múltipla";"Reta";"Sim";3;0;0;0;3;0;0;3;-3,74014;-38,59446;"SPRF-CE";"DEL01-CE";"UOP01-DEL01-CE"
392074;2021-10-26;"terça-feira";"16:00:00";"PR";373;173;"PONTA GROSSA";"Demais falhas mecânicas ou elétricas";"Queda de ocupante de veículo";"Com Vítimas Feridas";"Pleno dia";"Decrescente";"Céu Claro";"Dupla";"Reta";"Sim";2;0;1;1;0;0;2;1;-25,0805653;-50,20175905;"SPRF-PR";"DEL03-PR";"UOP01-DEL03-PR"
392075;2021-10-26;"terça-feira";"15:50:00";"PE";101;52;"PAULISTA";"Acessar a via sem observar a presença dos outros veículos";"Colisão transversal";"Com Vítimas Feridas";"Pleno dia";"Decrescente";"Sol";"Dupla";"Reta";"Sim";2;0;1;1;0;0;2;2;-7,92358799;-34,89607201;"SPRF-PE";"DEL01-PE";"UOP02-DEL01-PE"
392076;2021-10-26;"terça-feira";"16:00:00";"PE";423;93,4;"GARANHUNS";"Condutor deixou de manter distância do veículo da frente";"Colisão traseira";"Com Vítimas Feridas";"Pleno dia";"Crescente";"Céu Claro";"Simples";"Reta";"Sim";2;0;1;0;1;0;1;2;-8,86972012;-36,46323792;"SPRF-PE";"DEL03-PE";"UOP01-DEL03-PE"
392080;2021-10-26;"terça-feira";"14:50:00";"MT";70;111;"GENERAL CARNEIRO";"Animais na Pista";"Saída de leito carroçável";"Com Vítimas Feridas";"Pleno dia";"Crescente";"Céu Claro";"Simples";"Reta";"Não";3;0;1;0;2;0;1;1;-15,58869725;-53,04977496;"SPRF-MT";"DEL07-MT";"UOP01-DEL07-MT"
392082;2021-10-26;"terça-feira";"16:25:00";"PR";373;175;"PONTA GROSSA";"Velocidade Incompatível";"Saída de leito carroçável";"Com Vítimas Feridas";"Pleno dia";"Crescente";"Sol";"Dupla";"Curva";"Sim";3;0;3;0;0;0;3;1;-25,06728094;-50,21211882;"SPRF-PR";"DEL03-PR";"UOP01-DEL03-PR"
392084;2021-10-26;"terça-feira";"16:20:00";"RN";101;81,8;"NATAL";"Ingestão de álcool pelo condutor";"Colisão traseira";"Com Vítimas Feridas";"Pleno dia";"Decrescente";"Céu Claro";"Dupla";"Reta";"Sim";4;0;1;0;1;2;1;3;-5,76469466;-35,28295988;"SPRF-RN";"DEL02-RN";"UOP01-DEL02-RN"
392085;2021-10-14;"quinta-feira";"15:20:00";"PR";476;117;"COLOMBO";"Acessar a via sem observar a presença dos outros veículos";"Colisão transversal";"Com Vítimas Feridas";"Pleno dia";"Crescente";"Céu Claro";"Dupla";"Reta";"Sim";3;0;1;0;2;0;1;2;-25,348623;-49,175663;"SPRF-PR";"DEL01-PR";"UOP02-DEL01-PR"
392087;2021-10-26;"terça-feira";"17:00:00";"SP";116;307,4;"SAO LOURENCO DA SERRA";"Velocidade Incompatível";"Saída de leito carroçável";"Com Vítimas Feridas";"Pleno dia";"Decrescente";"Garoa/Chuvisco";"Dupla";"Curva";"Não";1;0;1;0;0;0;1;1;-23,85630016;-46,94096988;"SPRF-SP";"DEL04-SP";"UOP01-DEL04-SP"
392088;2021-10-26;"terça-feira";"15:20:00";"GO";60;394,9;"RIO VERDE";"Acumulo de água sobre o pavimento";"Saída de leito carroçável";"Com Vítimas Feridas";"Pleno dia";"Decrescente";"Chuva";"Dupla";"Declive;Curva";"Não";4;0;4;0;0;0;4;1;-17,8228;-50,9983;"SPRF-GO";"DEL04-GO";"UOP01-DEL04-GO"