"id";"data_inversa";"dia_semana";"horario";"uf";"br";"km";"municipio";"causa_acidente";"tipo_acidente";"classificacao_acidente";"fase_dia";"sentido_via";"condicao_metereologica";"tipo_pista";"tracado_via";"uso_solo";"pessoas";"mortos";"feridos_leves";"feridos_graves";"ilesos";"ignorados";"feridos";"veiculos";"latitude";"longitude";"regional";"delegacia";"uop"
392089;2021-10-26;"terça-feira";"17:40:00";"PR";369;149;"LONDRINA";"Condutor deixou de manter distância do veículo da frente";"Colisão traseira";"Com Vítimas Feridas";"Pleno dia";"Crescente";"Sol";"Dupla";"Reta";"Sim";2;0;1;0;1;0;1;2;-23,292751;-51,151567;"SPRF-PR";"DEL07-PR";"UOP01-DEL07-PR"
392090;2021-10-26;"terça-feira";"17:45:00";"SC";101;165;"TIJUCAS";"Velocidade Incompatível";"Colisão traseira";"Com Vítimas Feridas";"Pleno dia";"Crescente";"Céu Claro";"Dupla";"Reta";"Sim";2;0;0;1;1;0;1;2;-27,252663;-48,63154894;"SPRF-SC";"DEL04-SC";"UOP03-DEL04-SC"
392091;2021-10-26;"terça-feira";"15:00:00";"MG";381;386;"SAO GONCALO DO RIO ABAIXO";"Ausência de reação do condutor";"Saída de leito carroçável";"Com Vítimas Feridas";"Pleno dia";"Crescente";"Céu Claro";"Simples";"Curva";"Sim";2;0;1;1;0;0;2;1;-19,8263889;-43,38427484;"SPRF-MG";"DEL01-MG";"UOP01-DEL01-MG"
392092;2021-10-26;"terça-feira";"17:40:00";"RN";101;95,6;"NATAL";"Condutor deixou de manter distância do veículo da frente";"Colisão traseira";"Com Vítimas Feridas";"Anoitecer";"Crescente";"Céu Claro";"Múltipla";"Reta";"Sim";2;0;1;0;1;0;1;2;-5,84076841;-35,21035949;"SPRF-RN";"DEL01-RN";"UOP01-DEL01-RN"
392093;2021-10-26;"terça-feira";"17:37:00";"SC";101;412;"ARARANGUA";"Condutor deixou de manter distância do veículo da frente";"Colisão traseira";"Com Vítimas Feridas";"Pleno dia";"Decrescente";"Céu Claro";"Simples";"Reta";"Sim";3;0;1;1;1;0;2;2;-28,95597698;-49,51190472;"SPRF-SC";"DEL02-SC";"UOP02-DEL02-SC"
392094;2021-10-26;"terça-feira";"18:00:00";"RJ";101;279;"ITABORAI";"Ingestão de álcool pelo condutor";"Saída de leito carroçável";"Com Vítimas Feridas";"Plena Noite";"Crescente";"Garoa/Chuvisco";"Dupla";"Reta";"Não";4;0;2;1;1;0;3;1;-22,7383655;-42,76745405;"SPRF-RJ";"DEL02-RJ";"UOP03-DEL02-RJ"
392095;2021-10-26;"terça-feira";"17:55:00";"SC";101;191;"BIGUACU";"Velocidade Incompatível";"Saída de leito carroçável";"Com Vítimas Feridas";"Anoitecer";"Crescente";"Céu Claro";"Dupla";"Curva";"Sim";1;0;0;1;0;0;1;1;-27,47730273;-48,64127329;"SPRF-SC";"DEL01-SC";"UOP01-DEL01-SC"
392098;2021-10-10;"domingo";"06:30:00";"PB";230;21;"JOAO PESSOA";"Avarias e/ou desgaste excessivo no pneu";"Tombamento";"Com Vítimas Feridas";"Pleno dia";"Decrescente";"Céu Claro";"Dupla";"Reta";"Não";2;0;1;1;0;0;2;1;-7,1415;-34,8519;"SPRF-PB";"DEL01-PB";"UOP01-DEL01-PB"
392100;2021-10-26;"terça-feira";"14:55:00";"RS";471;187,9;"RIO PARDO";"Reação tardia ou ineficiente do condutor";"Saída de leito carroçável";"Com Vítimas Feridas";"Pleno dia";"Crescente";"Céu Claro";"Simples";"Reta";"Sim";1;0;0;1;0;0;1;1;-30,139168;-52,37114;"SPRF-RS";"DEL02-RS";"UOP03-DEL02-RS"
392101;2021-10-26;"terça-feira";"18:55:00";"PR";277;106;"CAMPO LARGO";"Objeto estático sobre o leito carroçável";"Colisão com objeto";"Com Vítimas Feridas";"Plena Noite";"Crescente";"Céu Claro";"Dupla";"Reta";"Sim";1;0;1;0;0;0;1;1;-25,47984808;-49,3494472;"SPRF-PR";"DEL01-PR";"UOP03-DEL03-PR"
392104;2021-10-26;"terça-feira";"19:20:00";"SP";116;38;"CACHOEIRA PAULISTA";"Velocidade Incompatível";"Queda de ocupante de veículo";"Com Vítimas Feridas";"Plena Noite";"Decrescente";"Nublado";"Dupla";"Rotatória;Declive;Curva";"Não";1;0;1;0;0;0;1;1;-22,67026579;-44,99183604;"SPRF-SP";"DEL08-SP";"UOP02-DEL08-SP"
392105;2021-10-26;"terça-feira";"19:15:00";"SC";101;115;"ITAJAI";"Condutor deixou de manter distância do veículo da frente";"Colisão traseira";"Com Vítimas Feridas";"Plena Noite";"Decrescente";"Céu Claro";"Múltipla";"Reta";"Sim";2;0;1;0;1;0;1;2;-26,87064015;-48,72954134;"SPRF-SC";"DEL04-SC";"UOP04-DEL04-SC"
392106;2021-10-26;"terça-feira";"19:30:00";"PB";230;35,8;"SANTA RITA";"Pista Escorregadia";"Tombamento";"Com Vítimas Feridas";"Plena Noite";"Crescente";"Céu Claro";"Dupla";"Curva;Aclive";"Sim";1;0;1;0;0;0;1;1;-7,1268;-34,9412;"SPRF-PB";"DEL01-PB";"UOP03-DEL01-PB"
392108;2021-10-26;"terça-feira";"19:45:00";"PR";277;124,2;"CAMPO LARGO";"Demais falhas mecânicas ou elétricas";"Incêndio";"Sem Vítimas";"Plena Noite";"Crescente";"Céu Claro";"Dupla";"Aclive";"Não";1;0;0;0;1;0;0;1;-25,4472505;-49,47885404;"SPRF-PR";"DEL01-PR";"UOP03-DEL03-PR"
392110;2021-10-26;"terça-feira";"18:13:00";"PE";428;190,9;"PETROLINA";"Conversão proibida";"Colisão com objeto";"Com Vítimas Feridas";"Plena Noite";"Decrescente";"Céu Claro";"Dupla";"Reta";"Sim";2;0;2;0;0;0;2;1;-9,37766429;-40,50269795;"SPRF-PE";"DEL06-PE";"UOP01-DEL06-PE"
392111;2021-10-26;"terça-feira";"19:00:00";"MA";230;418;"BALSAS";"Ausência de reação do condutor";"Atropelamento de Animal";"Com Vítimas Feridas";"Plena Noite";"Crescente";"Céu Claro";"Simples";"Reta";"Não";1;0;0;1;0;0;1;1;-7,48552869;-46,16103889;"SPRF-MA";"DEL05-MA";"UOP01-DEL05-MA"
392113;2021-10-26;"terça-feira";"19:40:00";"RJ";40;8,5;"COMENDADOR LEVY GASPARIAN";"Pista Escorregadia";"Saída de leito carroçável";"Com Vítimas Feridas";"Plena Noite";"Decrescente";"Garoa/Chuvisco";"Dupla";"Curva";"Não";1;0;1;0;0;0;1;1;-22,03998628;-43,22079123;"SPRF-RJ";"DEL05-RJ";"UOP02-DEL05-RJ"
392115;2021-10-26;"terça-feira";"19:10:00";"SC";280;99,5;"CORUPA";"Reação tardia ou ineficiente do condutor";"Colisão lateral sentido oposto";"Sem Vítimas";"Plena Noite";"Crescente";"Nublado";"Simples";"Declive;Curva";"Não";2;0;0;0;2;0;0;2;-26,37531616;-49,32563746;"SPRF-SC";"DEL06-SC";"UOP03-DEL06-SC"
392116;2021-10-26;"terça-feira";"21:25:00";"PR";376;145,9;"PRESIDENTE CASTELO BRANCO";"Reação tardia ou ineficiente do condutor";"Colisão com objeto";"Com Vítimas Feridas";"Plena Noite";"Decrescente";"Céu Claro";"Dupla";"Reta";"Sim";1;0;0;1;0;0;1;1;-23,279581;-52,150963;"SPRF-PR";"DEL09-PR";"UOP02-DEL09-PR"
392117;2021-10-26;"terça-feira";"21:00:00";"BA";324;601;"SIMOES FILHO";"Reação tardia ou ineficiente do condutor";"Saída de leito carroçável";"Com Vítimas Feridas";"Plena Noite";"Decrescente";"Céu Claro";"Dupla";"Reta";"Sim";1;0;1;0;0;0;1;1;-12,75619292;-38,42803587;"SPRF-BA";"DEL01-BA";"UOP01-DEL01-BA"
392123;2021-10-26;"terça-feira";"19:05:00";"SC";470;20;"ILHOTA";"Ausência de reação do condutor";"Saída de leito carroçável";"Com Vítimas Feridas";"Plena Noite";"Crescente";"Céu Claro";"Simples";"Curva";"Não";4;0;3;0;1;0;3;1;-26,870115;-48,820484;"SPRF-SC";"DEL04-SC";"UOP04-DEL04-SC"
392125;2021-10-26;"terça-feira";"21:45:00";"GO";40;35,5;"LUZIANIA";"Mal súbito do condutor";"Saída de leito carroçável";"Com Vítimas Feridas";"Plena Noite";"Crescente";"Céu Claro";"Dupla";"Reta";"Não";1;0;1;0;0;0;1;1;-16,3245;-47,839589;"SPRF-DF";"DEL01-DF";"UOP01-DEL01-DF"
392126;2021-10-26;"terça-feira";"22:45:00";"PR";116;109;"CURITIBA";"Reação tardia ou ineficiente do condutor";"Queda de ocupante de veículo";"Com Vítimas Feridas";"Plena Noite";"Crescente";"Céu Claro";"Dupla";"Reta";"Não";1;0;0;1;0;0;1;1;-25,57140489;-49,20748999;"SPRF-PR";"DEL01-PR";"UOP01-DEL01-PR"
392127;2021-10-26;"terça-feira";"22:30:00";"MG";381;478;"CONTAGEM";"Condutor deixou de manter distância do veículo da frente";"Colisão traseira";"Com Vítimas Feridas";"Plena Noite";"Crescente";"Céu Claro";"Dupla";"Reta";"Sim";2;0;1;0;1;0;1;2;-19,95826094;-44,05921101;"SPRF-MG";"DEL01-MG";"UOP03-DEL01-MG"
392128;2021-10-26;"terça-feira";"23:00:00";"RJ";40;121;"DUQUE DE CAXIAS";"Ingestão de álcool pelo condutor";"Colisão lateral mesmo sentido";"Sem Vítimas";"Plena Noite";"Crescente";"Céu Claro";"Dupla";"Reta";"Sim";4;0;0;0;4;0;0;4;-22,78185499;-43,28571273;"SPRF-RJ";"DEL01-RJ";"UOP01-DEL01-RJ"
392129;2021-10-26;"terça-feira";"20:30:00";"PI";222;22,7;"SAO JOAO DA FRONTEIRA";"Obras na pista";"Capotamento";"Com Vítimas Feridas";"Plena Noite";"Decrescente";"Céu Claro";"Simples";"Reta";"Não";1;0;1;0;0;0;1;1;-3,99006049;-41,40651183;"SPRF-PI";"DEL02-PI";"UOP01-DEL02-PI"
392130;2021-10-26;"terça-feira";"23:00:00";"PR";373;174,2;"PONTA GROSSA";"Desrespeitar a preferência no cruzamento";"Colisão transversal";"Com Vítimas Feridas";"Plena Noite";"Crescente";"Céu Claro";"Dupla";"Reta;Retorno Regulamentado";"Sim";2;0;0;1;0;1;1;2;-25,07394785;-50,21080256;"SPRF-PR";"DEL03-PR";"UOP01-DEL03-PR"
392131;2021-10-26;"terça-feira";"11:00:00";"MG";262;657;"IBIA";"Chuva";"Saída de leito carroçável";"Com Vítimas Feridas";"Pleno dia";"Decrescente";"Chuva";"Simples";"Reta";"Não";3;0;2;0;1;0;2;1;-19,5767773;-46,69062487;"SPRF-MG";"DEL08-MG";"UOP01-DEL08-MG"
392132;2021-10-27;"quarta-feira";"00:00:00";"SC";282;508,2;"XANXERE";"Ingestão de álcool pelo condutor";"Tombamento";"Com Vítimas Feridas";"Plena Noite";"Decrescente";"Nublado";"Simples";"Reta";"Não";1;0;1;0;0;0;1;1;-26,887014;-52,448372;"SPRF-SC";"DEL07-SC";"UOP01-DEL07-SC"
392134;2021-10-26;"terça-feira";"23:10:00";"SC";101;318,2;"PESCARIA BRAVA";"Ausência de reação do condutor";"Saída de leito carroçável";"Sem Vítimas";"Plena Noite";"Crescente";"Nublado";"Dupla";"Reta";"Não";1;0;0;0;1;0;0;1;-28,42914714;-48,87748718;"SPRF-SC";"DEL02-SC";"UOP01-DEL02-SC"
392135;2021-10-26;"terça-feira";"18:30:00";"PE";232;437;"SERRA TALHADA";"Deficiência do Sistema de Iluminação/Sinalização";"Colisão traseira";"Com Vítimas Fatais";"Plena Noite";"Decrescente";"Céu Claro";"Simples";"Reta";"Não";2;1;0;0;1;0;0;2;-8,01093072;-38,53329706;"SPRF-PE";"DEL04-PE";"UOP01-DEL04-PE"
392137;2021-10-27;"quarta-feira";"00:10:00";"RO";364;407;"JARU";"Animais na Pista";"Queda de ocupante de veículo";"Com Vítimas Feridas";"Plena Noite";"Decrescente";"Garoa/Chuvisco";"Simples";"Reta";"Não";2;0;2;0;0;0;2;1;-10,55551754;-62,38243639;"SPRF-RO";"DEL03-RO";"UOP02-DEL03-RO"
392138;2021-10-14;"quinta-feira";"19:45:00";"ES";101;145,2;"LINHARES";"Afundamento ou ondulação no pavimento";"Engavetamento";"Com Vítimas Feridas";"Plena Noite";"Decrescente";"Céu Claro";"Dupla";"Reta";"Sim";5;0;3;0;2;0;3;4;-19,36089598;-40,06464018;"SPRF-ES";"DEL04-ES";"UOP01-DEL04-ES"
392140;2021-10-10;"domingo";"19:00:00";"BA";324;618;"SALVADOR";"Manobra de mudança de faixa";"Queda de ocupante de veículo";"Com Vítimas Feridas";"Plena Noite";"Crescente";"Céu Claro";"Dupla";"Reta";"Não";1;0;0;1;0;0;1;1;-12,90089378;-38,45220393;"SPRF-BA";"DEL01-BA";"UOP01-DEL01-BA"
392142;2021-10-27;"quarta-feira";"05:15:00";"MG";262;127;"RIO CASCA";"Ingestão de álcool pelo condutor";"Queda de ocupante de veículo";"Com Vítimas Feridas";"Amanhecer";"Decrescente";"Chuva";"Simples";"Reta";"Não";1;0;1;0;0;0;1;1;-20,18090294;-42,69776582;"SPRF-MG";"DEL03-MG";"UOP03-DEL03-MG"
392143;2021-10-27;"quarta-feira";"04:30:00";"PR";376;184,5;"SARANDI";"Reação tardia ou ineficiente do condutor";"Colisão traseira";"Com Vítimas Feridas";"Plena Noite";"Crescente";"Céu Claro";"Dupla";"Reta";"Sim";3;0;1;1;1;0;2;2;-23,4465611;-51,86216706;"SPRF-PR";"DEL09-PR";"UOP01-DEL09-PR"
392145;2021-10-27;"quarta-feira";"06:08:00";"MG";381;456;"BELO HORIZONTE";"Velocidade Incompatível";"Queda de ocupante de veículo";"Com Vítimas Feridas";"Pleno dia";"Decrescente";"Nublado";"Dupla";"Reta";"Sim";2;0;1;1;0;0;2;1;-19,85862954;-43,91292495;"SPRF-MG";"DEL01-MG";"UOP01-DEL01-MG"
392146;2021-10-26;"terça-feira";"17:40:00";"PB";230;120,5;"RIACHAO DO BACAMARTE";"Animais na Pista";"Atropelamento de Animal";"Com Vítimas Feridas";"Plena Noite";"Crescente";"Céu Claro";"Dupla";"Reta";"Não";3;0;0;1;2;0;1;1;-7,245683;-35,652382;"SPRF-PB";"DEL02-PB";"UOP01-DEL02-PB"
392151;2021-10-27;"quarta-feira";"06:30:00";"MG";381;481,3;"CONTAGEM";"Trafegar com motocicleta (ou similar) entre as faixas";"Colisão lateral mesmo sentido";"Com Vítimas Feridas";"Pleno dia";"Decrescente";"Sol";"Dupla";"Reta";"Sim";2;0;1;0;1;0;1;2;-19,95882786;-44,05963898;"SPRF-MG";"DEL01-MG";"UOP03-DEL01-MG"
392152;2021-10-27;"quarta-feira";"06:50:00";"GO";414;354;"COCALZINHO DE GOIAS";"Transitar na contramão";"Colisão frontal";"Sem Vítimas";"Pleno dia";"Crescente";"Céu Claro";"Simples";"Curva";"Não";2;0;0;0;2;0;0;2;-15,66338114;-48,68629587;"SPRF-GO";"DEL02-GO";"UOP01-DEL02-GO"
392156;2021-10-27;"quarta-feira";"05:00:00";"PE";423;61,9;"LAJEDO";"Ausência de reação do condutor";"Colisão transversal";"Com Vítimas Feridas";"Pleno dia";"Crescente";"Chuva";"Simples";"Reta";"Sim";3;0;0;1;2;0;1;2;-8,65805731;-36,32866993;"SPRF-PE";"DEL03-PE";"UOP01-DEL03-PE"
392157;2021-10-27;"quarta-feira";"07:05:00";"PR";153;42;"SANTO ANTONIO DA PLATINA";"Acessar a via sem observar a presença dos outros veículos";"Colisão lateral mesmo sentido";"Com Vítimas Feridas";"Pleno dia";"Crescente";"Céu Claro";"Simples";"Interseção de Vias";"Sim";3;0;2;0;0;1;2;2;-23,29512144;-50,06578041;"SPRF-PR";"DEL07-PR";"UOP04-DEL07-PR"
392158;2021-10-27;"quarta-feira";"07:30:00";"CE";116;3,5;"FORTALEZA";"Velocidade Incompatível";"Engavetamento";"Sem Vítimas";"Pleno dia";"Decrescente";"Sol";"Múltipla";"Reta";"Sim";3;0;0;0;2;1;0;3;-3,78154118;-38,51366234;"SPRF-CE";"DEL01-CE";"UOP02-DEL01-CE"
392160;2021-10-27;"quarta-feira";"07:15:00";"RJ";40;87;"PETROPOLIS";"Pista Escorregadia";"Capotamento";"Com Vítimas Feridas";"Pleno dia";"Crescente";"Céu Claro";"Dupla";"Curva";"Não";1;0;1;0;0;0;1;1;-22,54413793;-43,23287799;"SPRF-RJ";"DEL06-RJ";"UOP01-DEL06-RJ"
392162;2021-10-27;"quarta-feira";"07:25:00";"ES";101;354,9;"ANCHIETA";"Velocidade Incompatível";"Colisão traseira";"Com Vítimas Feridas";"Pleno dia";"Crescente";"Céu Claro";"Simples";"Reta";"Não";3;0;1;0;2;0;1;2;-20,68448741;-40,67131406;"SPRF-ES";"DEL03-ES";"UOP01-DEL03-ES"
392164;2021-09-29;"quarta-feira";"12:22:00";"PB";104;137,3;"QUEIMADAS";"Acessar a via sem observar a presença dos outros veículos";"Colisão transversal";"Com Vítimas Feridas";"Pleno dia";"Decrescente";"Céu Claro";"Simples";"Reta";"Não";3;0;0;1;2;0;1;2;-7,352277;-35,90094;"SPRF-PB";"DEL02-PB";"UOP03-DEL02-PB"
392165;2021-10-27;"quarta-feira";"08:00:00";"PR";116;210,8;"RIO NEGRO";"Acessar a via sem observar a presença dos outros veículos";"Colisão transversal";"Com Vítimas Feridas";"Pleno dia";"Crescente";"Céu Claro";"Simples";"Interseção de Vias";"Sim";4;0;1;0;3;0;1;2;-26,07479435;-49,76117178;"SPRF-SC";"DEL06-SC";"UOP01-DEL06-SC"
392166;2021-10-27;"quarta-feira";"06:30:00";"PR";467;108,5;"CASCAVEL";"Reação tardia ou ineficiente do condutor";"Saída de leito carroçável";"Sem Vítimas";"Pleno dia";"Decrescente";"Céu Claro";"Dupla";"Declive;Curva";"Não";1;0;0;0;1;0;0;1;-24,9237;-53,4676;"SPRF-PR";"DEL04-PR";"UOP01-DEL04-PR"
392167;2021-10-27;"quarta-feira";"08:00:00";"RS";290;86;"PORTO ALEGRE";"Condutor deixou de manter distância do veículo da frente";"Colisão traseira";"Com Vítimas Feridas";"Pleno dia";"Decrescente";"Céu Claro";"Dupla";"Curva";"Sim";3;0;2;0;1;0;2;2;-29,968412;-51,117138;"SPRF-RS";"DEL01-RS";"UOP01-DEL01-RS"
392168;2021-10-27;"quarta-feira";"07:55:00";"SP";116;220;"GUARULHOS";"Manobra de mudança de faixa";"Colisão lateral mesmo sentido";"Com Vítimas Feridas";"Pleno dia";"Crescente";"Céu Claro";"Dupla";"Reta";"Não";2;0;0;1;1;0;1;2;-23,46472809;-46,49793962;"SPRF-SP";"DEL01-SP";"UOP01-DEL01-SP"
392169;2021-10-27;"quarta-feira";"07:05:00";"MS";267;481,5;"JARDIM";"Acessar a via sem observar a presença dos outros veículos";"Colisão transversal";"Com Vítimas Feridas";"Pleno dia";"Crescente";"Céu Claro";"Simples";"Interseção de Vias";"Sim";2;0;1;0;1;0;1;2;-21,478745;-56,13899;"SPRF-MS";"DEL05-MS";"UOP01-DEL05-MS"
392170;2021-10-27;"quarta-feira";"08:20:00";"MG";116;765,7;"LEOPOLDINA";"Desvio temporário";"Colisão lateral mesmo sentido";"Com Vítimas Feridas";"Pleno dia";"Decrescente";"Nublado";"Simples";"Aclive";"Sim";2;0;2;0;0;0;2;2;-21,5197389;-42,6491103;"SPRF-MG";"DEL07-MG";"UOP01-DEL07-MG"
392171;2021-10-27;"quarta-feira";"08:30:00";"CE";20;428;"FORTALEZA";"Acessar a via sem observar a presença dos outros veículos";"Colisão lateral mesmo sentido";"Com Vítimas Feridas";"Pleno dia";"Crescente";"Céu Claro";"Dupla";"Reta";"Sim";2;0;0;1;1;0;1;2;-3,76999035;-38,67006282;"SPRF-CE";"DEL01-CE";"UOP02-DEL01-CE"
392173;2021-10-27;"quarta-feira";"06:59:00";"PI";230;309;"FLORIANO";"Pedestre cruzava a pista fora da faixa";"Atropelamento de Pedestre";"Com Vítimas Feridas";"Pleno dia";"Decrescente";"Céu Claro";"Simples";"Reta";"Sim";2;0;0;1;0;1;1;2;-6,77433132;-43,00632318;"SPRF-PI";"DEL03-PI";"UOP01-DEL03-PI"
392174;2021-10-27;"quarta-feira";"08:00:00";"RS";158;238,7;"TUPANCIRETA";"Reação tardia ou ineficiente do condutor";"Engavetamento";"Com Vítimas Feridas";"Pleno dia";"Decrescente";"Céu Claro";"Simples";"Reta;Em Obras";"Não";4;0;1;0;3;0;1;3;-29,01085598;-53,64548908;"SPRF-RS";"DEL10-RS";"UOP02-DEL10-RS"
392175;2021-10-27;"quarta-feira";"09:10:00";"SC";101;117;"ITAJAI";"Condutor deixou de manter distância do veículo da frente";"Colisão traseira";"Com Vítimas Feridas";"Pleno dia";"Crescente";"Céu Claro";"Múltipla";"Viaduto";"Sim";1;0;1;0;0;0;1;1;-26,88747187;-48,72252969;"SPRF-SC";"DEL04-SC";"UOP04-DEL04-SC"
392176;2021-10-27;"quarta-feira";"08:40:00";"CE";116;14,1;"FORTALEZA";"Ausência de reação do condutor";"Colisão traseira";"Com Vítimas Feridas";"Pleno dia";"Crescente";"Céu Claro";"Múltipla";"Curva;Declive";"Sim";4;0;1;0;3;0;1;2;-3,87064514;-38,49870086;"SPRF-CE";"DEL01-CE";"UOP02-DEL01-CE"
392178;2021-10-15;"sexta-feira";"17:40:00";"PR";376;218;"JANDAIA DO SUL";"Desrespeitar a preferência no cruzamento";"Colisão transversal";"Com Vítimas Feridas";"Pleno dia";"Crescente";"Chuva";"Simples";"Declive;Reta";"Sim";2;0;1;0;0;1;1;2;-23,59871694;-51,62763119;"SPRF-PR";"DEL09-PR";"UOP01-DEL09-PR"
392179;2021-10-27;"quarta-feira";"07:44:00";"RO";364;424,4;"JARU";"Desrespeitar a preferência no cruzamento";"Queda de ocupante de veículo";"Com Vítimas Feridas";"Pleno dia";"Crescente";"Garoa/Chuvisco";"Simples";"Interseção de Vias";"Sim";2;0;1;0;1;0;1;2;-10,43970776;-62,46898592;"SPRF-RO";"DEL03-RO";"UOP02-DEL03-RO"
392181;2021-10-27;"quarta-feira";"09:34:00";"PR";373;172,2;"PONTA GROSSA";"Manobra de mudança de faixa";"Colisão traseira";"Com Vítimas Feridas";"Pleno dia";"Crescente";"Céu Claro";"Dupla";"Reta";"Sim";4;0;0;2;1;1;2;3;-25,08139932;-50,19200981;"SPRF-PR";"DEL03-PR";"UOP01-DEL03-PR"
392182;2021-10-27;"quarta-feira";"09:20:00";"PE";101;82,3;"JABOATAO DOS GUARARAPES";"Acessar a via sem observar a presença dos outros veículos";"Colisão lateral mesmo sentido";"Com Vítimas Feridas";"Pleno dia";"Crescente";"Sol";"Múltipla";"Reta";"Sim";2;0;1;0;1;0;1;2;-8,168383;-34,9376;"SPRF-PE";"DEL01-PE";"UOP01-DEL01-PE"
392184;2021-10-27;"quarta-feira";"09:15:00";"CE";222;5;"CAUCAIA";"Entrada inopinada do pedestre";"Atropelamento de Pedestre";"Com Vítimas Feridas";"Pleno dia";"Decrescente";"Céu Claro";"Dupla";"Reta";"Sim";2;0;0;1;1;0;1;2;-3,74296918;-38,61330997;"SPRF-CE";"DEL01-CE";"UOP01-DEL01-CE"
392187;2021-09-19;"domingo";"01:30:00";"MA";316;50;"MARACACUME";"Ausência de reação do condutor";"Colisão frontal";"Com Vítimas Fatais";"Plena Noite";"Crescente";"Céu Claro";"Simples";"Reta";"Não";2;1;0;0;0;1;0;2;-2,002514;-45,986225;"SPRF-MA";"DEL02-MA";"UOP02-DEL02-MA"
392188;2021-10-19;"terça-feira";"19:40:00";"MS";376;66;"GLORIA DE DOURADOS";"Faróis desregulados";"Tombamento";"Com Vítimas Feridas";"Plena Noite";"Crescente";"Céu Claro";"Simples";"Aclive";"Não";1;0;0;1;0;0;1;1;-22,40919;-54,227104;"SPRF-MS";"DEL04-MS";"UOP04-DEL04-MS"
392190;2021-09-10;"sexta-feira";"10:25:00";"RS";116;142;"CAXIAS DO SUL";"Acessar a via sem observar a presença dos outros veículos";"Colisão com objeto";"Sem Vítimas";"Pleno dia";"Decrescente";"Céu Claro";"Dupla";"Reta";"Sim";5;0;0;0;4;1;0;3;-29,11727;-51,115208;"SPRF-RS";"DEL05-RS";"UOP01-DEL05-RS"
392192;2021-10-27;"quarta-feira";"08:00:00";"PR";376;241;"APUCARANA";"Reação tardia ou ineficiente do condutor";"Capotamento";"Com Vítimas Feridas";"Pleno dia";"Crescente";"Céu Claro";"Dupla";"Curva";"Não";1;0;1;0;0;0;1;1;-23,58168461;-51,42681594;"SPRF-PR";"DEL07-PR";"UOP02-DEL07-PR"
392193;2021-10-27;"quarta-feira";"10:20:00";"PB";230;15;"JOAO PESSOA";"Condutor deixou de manter distância do veículo da frente";"Colisão traseira";"Com Vítimas Feridas";"Pleno dia";"Crescente";"Céu Claro";"Dupla";"Viaduto";"Sim";2;0;1;0;0;1;1;2;-7,093;-34,8482;"SPRF-PB";"DEL01-PB";"UOP01-DEL01-PB"
392201;2021-10-27;"quarta-feira";"10:10:00";"RO";364;713;"PORTO VELHO";"Manobra de mudança de faixa";"Colisão lateral mesmo sentido";"Com Vítimas Feridas";"Pleno dia";"Crescente";"Nublado";"Simples";"Reta";"Sim";3;0;1;0;2;0;1;3;-8,77088037;-63,88212919;"SPRF-RO";"DEL01-RO";"UOP01-DEL01-RO"
392204;2021-10-27;"quarta-feira";"11:15:00";"PR";277;726;"FOZ DO IGUACU";"Manobra de mudança de faixa";"Colisão lateral mesmo sentido";"Com Vítimas Feridas";"Pleno dia";"Decrescente";"Sol";"Dupla";"Curva";"Sim";3;0;0;1;2;0;1;2;-25,5106015;-54,55481999;"SPRF-PR";"DEL05-PR";"UOP03-DEL05-PR"
392207;2021-10-27;"quarta-feira";"11:20:00";"BA";367;24,1;"PORTO SEGURO";"Condutor deixou de manter distância do veículo da frente";"Colisão traseira";"Com Vítimas Feridas";"Pleno dia";"Decrescente";"Céu Claro";"Simples";"Reta";"Sim";1;0;1;0;0;0;1;1;-16,43776044;-39,08310035;"SPRF-BA";"DEL09-BA";"UOP01-DEL09-BA"
392211;2021-10-27;"quarta-feira";"07:25:00";"MG";116;278,9;"TEOFILO OTONI";"Pista Escorregadia";"Tombamento";"Com Vítimas Feridas";"Pleno dia";"Decrescente";"Sol";"Dupla";"Reta";"Sim";2;0;2;0;0;0;2;1;-17,874224;-41,520404;"SPRF-MG";"DEL11-MG";"UOP01-DEL11-MG"
392212;2021-10-27;"quarta-feira";"12:47:00";"PR";277;731;"FOZ DO IGUACU";"Faixas de trânsito com largura insuficiente";"Colisão frontal";"Com Vítimas Feridas";"Pleno dia";"Crescente";"Céu Claro";"Simples";"Ponte";"Sim";2;0;0;1;1;0;1;2;-25,50826305;-54,59238593;"SPRF-PR";"DEL05-PR";"UOP03-DEL05-PR"
392213;2021-10-27;"quarta-feira";"12:20:00";"AL";104;74;"MESSIAS";"Obras na pista";"Queda de ocupante de veículo";"Com Vítimas Feridas";"Pleno dia";"Crescente";"Céu Claro";"Simples";"Reta";"Não";1;0;1;0;0;0;1;1;-9,3682254;-35,83573003;"SPRF-AL";"DEL01-AL";"UOP02-DEL01-AL"
392216;2021-10-11;"segunda-feira";"07:45:00";"MG";262;434,8;"NOVA SERRANA";"Mal súbito do condutor";"Saída de leito carroçável";"Com Vítimas Feridas";"Pleno dia";"Crescente";"Chuva";"Dupla";"Interseção de Vias;Reta";"Não";2;0;1;1;0;0;2;1;-19,89266739;-44,84258586;"SPRF-MG";"DEL08-MG";"UOP03-DEL08-MG"
392218;2021-10-27;"quarta-feira";"12:40:00";"ES";482;105;"GUACUI";"Ultrapassagem Indevida";"Colisão transversal";"Com Vítimas Feridas";"Pleno dia";"Crescente";"Céu Claro";"Simples";"Reta";"Sim";2;0;1;0;1;0;1;2;-20,77850477;-41,6661644;"SPRF-ES";"DEL03-ES";"UOP02-DEL03-ES"