"id";"data_inversa";"dia_semana";"horario";"uf";"br";"km";"municipio";"causa_acidente";"tipo_acidente";"classificacao_acidente";"fase_dia";"sentido_via";"condicao_metereologica";"tipo_pista";"tracado_via";"uso_solo";"pessoas";"mortos";"feridos_leves";"feridos_graves";"ilesos";"ignorados";"feridos";"veiculos";"latitude";"longitude";"regional";"delegacia";"uop"
392220;2021-10-27;"quarta-feira";"13:20:00";"MG";40;517,8;"RIBEIRAO DAS NEVES";"Avarias e/ou desgaste excessivo no pneu";"Queda de ocupante de veículo";"Com Vítimas Feridas";"Pleno dia";"Crescente";"Céu Claro";"Dupla";"Reta";"Sim";2;0;2;0;0;0;2;1;-19,83722324;-44,07875776;"SPRF-MG";"DEL01-MG";"UOP02-DEL01-MG"
392221;2021-10-27;"quarta-feira";"12:20:00";"MG";40;530,8;"BELO HORIZONTE";"Acesso irregular";"Colisão transversal";"Com Vítimas Feridas";"Pleno dia";"Crescente";"Céu Claro";"Dupla";"Retorno Regulamentado";"Sim";2;0;0;1;1;0;1;2;-19,92064782;-44,0335681;"SPRF-MG";"DEL01-MG";"UOP02-DEL01-MG"
392226;2021-09-13;"segunda-feira";"08:50:00";"MG";116;115,5;"ITAOBIM";"Ausência de reação do condutor";"Colisão traseira";"Com Vítimas Feridas";"Pleno dia";"Crescente";"Céu Claro";"Simples";"Declive;Reta";"Sim";3;0;1;0;0;2;1;3;-16,56133607;-41,50356;"SPRF-MG";"DEL11-MG";"UOP02-DEL11-MG"
392227;2021-09-21;"terça-feira";"19:50:00";"SC";116;21,6;"ITAIOPOLIS";"Ingestão de álcool e/ou substâncias psicoativas pelo pedestre";"Atropelamento de Pedestre";"Com Vítimas Fatais";"Plena Noite";"Crescente";"Nublado";"Simples";"Aclive;Reta";"Não";2;1;0;0;1;0;0;2;-26,25543902;-49,91079748;"SPRF-SC";"DEL06-SC";"UOP01-DEL06-SC"
392228;2021-10-27;"quarta-feira";"13:40:00";"MG";262;814;"UBERABA";"Condutor deixou de manter distância do veículo da frente";"Colisão lateral mesmo sentido";"Com Vítimas Feridas";"Pleno dia";"Decrescente";"Nublado";"Dupla";"Desvio Temporário";"Sim";4;0;1;0;2;1;1;2;-19,76506609;-48,12286402;"SPRF-MG";"DEL13-MG";"UOP01-DEL13-MG"
392230;2021-10-27;"quarta-feira";"14:05:00";"RS";386;36;"FREDERICO WESTPHALEN";"Acessar a via sem observar a presença dos outros veículos";"Colisão transversal";"Com Vítimas Feridas";"Pleno dia";"Decrescente";"Sol";"Simples";"Reta";"Sim";2;0;1;0;1;0;1;2;-27,37685674;-53,39831091;"SPRF-RS";"DEL08-RS";"UOP02-DEL08-RS"
392231;2021-10-27;"quarta-feira";"13:50:00";"RS";116;151,1;"CAXIAS DO SUL";"Condutor desrespeitou a iluminação vermelha do semáforo";"Colisão transversal";"Com Vítimas Feridas";"Pleno dia";"Crescente";"Céu Claro";"Dupla";"Interseção de Vias;Reta";"Sim";3;0;1;0;2;0;1;3;-29,17694502;-51,16173896;"SPRF-RS";"DEL05-RS";"UOP01-DEL05-RS"
392232;2021-04-30;"sexta-feira";"18:50:00";"PE";424;97,5;"GARANHUNS";"Avarias e/ou desgaste excessivo no pneu";"Saída de leito carroçável";"Com Vítimas Feridas";"Plena Noite";"Decrescente";"Nublado";"Simples";"Reta";"Não";4;0;1;2;1;0;3;3;-8,93478014;-36,50438092;"SPRF-PE";"DEL03-PE";"UOP01-DEL03-PE"
392236;2021-10-27;"quarta-feira";"14:15:00";"ES";259;36;"COLATINA";"Condutor deixou de manter distância do veículo da frente";"Colisão traseira";"Com Vítimas Feridas";"Pleno dia";"Crescente";"Céu Claro";"Simples";"Reta";"Não";2;0;0;1;1;0;1;2;-19,5538576;-40,50237182;"SPRF-ES";"DEL02-ES";"UOP01-DEL02-ES"
392238;2021-10-27;"quarta-feira";"15:00:00";"PE";232;63;"POMBOS";"Velocidade Incompatível";"Saída de leito carroçável";"Com Vítimas Fatais";"Plena Noite";"Decrescente";"Céu Claro";"Dupla";"Declive;Curva";"Não";1;1;0;0;0;0;0;1;-8,15842797;-35,43147902;"SPRF-PE";"DEL02-PE";"UOP02-DEL02PE"
392239;2021-10-27;"quarta-feira";"15:00:00";"RN";101;101;"PARNAMIRIM";"Transitar na contramão";"Colisão frontal";"Com Vítimas Feridas";"Pleno dia";"Crescente";"Céu Claro";"Dupla";"Reta";"Sim";2;0;1;0;1;0;1;2;-5,88681084;-35,23143404;"SPRF-RN";"DEL01-RN";"UOP01-DEL01-RN"
392240;2021-09-24;"sexta-feira";"00:50:00";"RS";386;350,7;"ESTRELA";"Ingestão de álcool pelo condutor";"Saída de leito carroçável";"Com Vítimas Feridas";"Plena Noite";"Crescente";"Nublado";"Dupla";"Reta";"Sim";1;0;1;0;0;0;1;1;-29,4743;-51,952923;"SPRF-RS";"DEL04-RS";"UOP02-DEL04-RS"
392243;2021-10-27;"quarta-feira";"16:00:00";"PR";476;132;"CURITIBA";"Condutor deixou de manter distância do veículo da frente";"Colisão traseira";"Com Vítimas Feridas";"Pleno dia";"Crescente";"Céu Claro";"Múltipla";"Reta";"Sim";2;0;1;0;1;0;1;2;-25,460718;-49,250488;"SPRF-PR";"DEL01-PR";"UOP03-DEL01-PR"
392246;2021-10-27;"quarta-feira";"14:30:00";"GO";60;114;"GOIANAPOLIS";"Demais falhas mecânicas ou elétricas";"Queda de ocupante de veículo";"Com Vítimas Feridas";"Pleno dia";"Crescente";"Céu Claro";"Dupla";"Reta";"Não";1;0;1;0;0;0;1;1;-16,4633;-49,0636;"SPRF-GO";"DEL01-GO";"UOP01-DEL01-GO"
392247;2021-10-27;"quarta-feira";"16:15:00";"TO";153;185;"NOVA OLINDA";"Ingestão de álcool pelo condutor";"Saída de leito carroçável";"Com Vítimas Feridas";"Pleno dia";"Decrescente";"Céu Claro";"Simples";"Reta";"Não";1;0;1;0;0;0;1;1;-7,52081298;-48,39765003;"SPRF-TO";"DEL02-TO";"UOP01-DEL02-TO"
392249;2021-10-27;"quarta-feira";"14:20:00";"MG";381;925,5;"ITAPEVA";"Demais falhas mecânicas ou elétricas";"Eventos atípicos";"Sem Vítimas";"Pleno dia";"Decrescente";"Chuva";"Dupla";"Declive;Curva";"Não";2;0;0;0;2;0;0;1;-22,77097808;-46,20263815;"SPRF-MG";"DEL16-MG";"UOP03-DEL16-MG"
392252;2021-10-27;"quarta-feira";"16:01:00";"RN";101;94;"NATAL";"Acesso irregular";"Atropelamento de Pedestre";"Com Vítimas Feridas";"Pleno dia";"Decrescente";"Céu Claro";"Múltipla";"Reta";"Sim";2;0;2;0;0;0;2;2;-5,83176615;-35,21191342;"SPRF-RN";"DEL01-RN";"UOP01-DEL01-RN"
392253;2021-10-01;"sexta-feira";"16:25:00";"RR";174;505;"BOA VISTA";"Ausência de reação do condutor";"Colisão transversal";"Com Vítimas Feridas";"Pleno dia";"Crescente";"Céu Claro";"Dupla";"Retorno Regulamentado";"Sim";2;0;1;0;1;0;1;2;2,805917;-60,690617;"SPRF-RR";"DEL01-RR";"UOP01-DEL01-RR"
392255;2021-10-27;"quarta-feira";"16:45:00";"PB";230;40,3;"SANTA RITA";"Reação tardia ou ineficiente do condutor";"Colisão traseira";"Sem Vítimas";"Pleno dia";"Crescente";"Céu Claro";"Dupla";"Aclive;Reta";"Não";2;0;0;0;1;1;0;2;-7,14219763;-34,98132169;"SPRF-PB";"DEL01-PB";"UOP03-DEL01-PB"
392256;2021-10-27;"quarta-feira";"15:30:00";"RS";153;401,9;"CACHOEIRA DO SUL";"Ultrapassagem Indevida";"Colisão frontal";"Com Vítimas Feridas";"Pleno dia";"Decrescente";"Céu Claro";"Simples";"Reta";"Não";2;0;2;0;0;0;2;2;-30,01765999;-52,9180099;"SPRF-RS";"DEL02-RS";"UOP03-DEL02-RS"
392258;2021-10-27;"quarta-feira";"17:00:00";"PB";230;151,8;"CAMPINA GRANDE";"Demais falhas mecânicas ou elétricas";"Tombamento";"Com Vítimas Feridas";"Pleno dia";"Crescente";"Céu Claro";"Simples";"Reta";"Sim";2;0;2;0;0;0;2;1;-7,2587;-35,8778;"SPRF-PB";"DEL02-PB";"UOP01-DEL02-PB"
392259;2021-10-27;"quarta-feira";"10:30:00";"PB";230;437,5;"SAO DOMINGOS";"Pedestre andava na pista";"Atropelamento de Pedestre";"Com Vítimas Fatais";"Pleno dia";"Decrescente";"Céu Claro";"Simples";"Reta";"Não";2;1;0;0;1;0;0;2;-6,7571;-38,0011;"SPRF-PB";"DEL03-PB";"UOP02-DEL03-PB"
392261;2021-10-27;"quarta-feira";"16:50:00";"MS";262;772;"CORUMBA";"Acessar a via sem observar a presença dos outros veículos";"Colisão frontal";"Sem Vítimas";"Pleno dia";"Decrescente";"Céu Claro";"Simples";"Curva";"Sim";2;0;0;0;2;0;0;2;-19,040403;-57,6422;"SPRF-MS";"DEL03-MS";"UOP03-DEL03-MS"
392262;2021-10-27;"quarta-feira";"17:00:00";"MG";40;449;"CAETANOPOLIS";"Condutor Dormindo";"Saída de leito carroçável";"Com Vítimas Feridas";"Pleno dia";"Crescente";"Céu Claro";"Dupla";"Reta";"Sim";2;0;1;0;1;0;1;1;-19,30931885;-44,37278577;"SPRF-MG";"DEL02-MG";"UOP01-DEL02-MG"
392263;2021-10-27;"quarta-feira";"15:25:00";"GO";364;189;"JATAI";"Chuva";"Saída de leito carroçável";"Sem Vítimas";"Pleno dia";"Crescente";"Chuva";"Simples";"Reta";"Não";1;0;0;0;1;0;0;1;-17,929266;-51,668053;"SPRF-GO";"DEL05-GO";"UOP01-DEL05-GO"
392264;2021-10-27;"quarta-feira";"17:45:00";"PA";230;114;"MARABA";"Condutor deixou de manter distância do veículo da frente";"Colisão traseira";"Com Vítimas Feridas";"Pleno dia";"Crescente";"Céu Claro";"Dupla";"Reta";"Sim";3;0;0;1;2;0;1;2;-5,360733;-49,080479;"SPRF-PA";"DEL03-PA";"UOP01-DEL03-PA"
392266;2021-10-27;"quarta-feira";"17:55:00";"SP";116;225,5;"GUARULHOS";"Velocidade Incompatível";"Tombamento";"Com Vítimas Feridas";"Anoitecer";"Decrescente";"Chuva";"Dupla";"Reta";"Sim";1;0;0;1;0;0;1;1;-23,48586772;-46,54075317;"SPRF-SP";"DEL01-SP";"UOP01-DEL01-SP"
392268;2021-10-27;"quarta-feira";"18:10:00";"RS";153;51;"ERECHIM";"Mal súbito do condutor";"Colisão traseira";"Com Vítimas Feridas";"Pleno dia";"Decrescente";"Céu Claro";"Simples";"Reta";"Não";5;0;1;0;4;0;1;2;-27,65623359;-52,27554709;"SPRF-RS";"DEL08-RS";"UOP04-DEL08-RS"
392272;2021-10-27;"quarta-feira";"17:45:00";"SC";101;410;"ARARANGUA";"Acessar a via sem observar a presença dos outros veículos";"Colisão transversal";"Com Vítimas Feridas";"Pleno dia";"Decrescente";"Céu Claro";"Simples";"Reta";"Sim";2;0;1;0;1;0;1;2;-28,94348127;-49,50115442;"SPRF-SC";"DEL02-SC";"UOP02-DEL02-SC"
392273;2021-10-27;"quarta-feira";"18:10:00";"RS";386;36;"FREDERICO WESTPHALEN";"Acessar a via sem observar a presença dos outros veículos";"Colisão transversal";"Com Vítimas Feridas";"Pleno dia";"Decrescente";"Céu Claro";"Simples";"Reta";"Sim";2;0;0;1;1;0;1;2;-27,373381;-53,39772;"SPRF-RS";"DEL08-RS";"UOP02-DEL08-RS"
392274;2021-10-27;"quarta-feira";"17:30:00";"PR";476;139;"CURITIBA";"Pedestre cruzava a pista fora da faixa";"Atropelamento de Pedestre";"Com Vítimas Feridas";"Anoitecer";"Crescente";"Nublado";"Múltipla";"Reta";"Sim";2;0;1;0;1;0;1;2;-25,51284;-49,289257;"SPRF-PR";"DEL01-PR";"UOP03-DEL01-PR"
392275;2021-10-27;"quarta-feira";"15:00:00";"GO";153;495,5;"GOIANIA";"Condutor deixou de manter distância do veículo da frente";"Colisão lateral mesmo sentido";"Com Vítimas Feridas";"Pleno dia";"Crescente";"Céu Claro";"Dupla";"Reta";"Sim";1;0;1;0;0;0;1;1;-16,6681;-49,2263;"SPRF-GO";"DEL01-GO";"UOP01-DEL01-GO"
392276;2021-10-27;"quarta-feira";"17:50:00";"PR";469;0,1;"FOZ DO IGUACU";"Ausência de reação do condutor";"Tombamento";"Com Vítimas Feridas";"Pleno dia";"Decrescente";"Céu Claro";"Simples";"Interseção de Vias";"Sim";1;0;1;0;0;0;1;1;-25,57523901;-54,55187017;"SPRF-PR";"DEL05-PR";"UOP04-DEL05-PR"
392277;2021-10-25;"segunda-feira";"00:20:00";"MS";163;266,2;"DOURADOS";"Pedestre cruzava a pista fora da faixa";"Atropelamento de Pedestre";"Com Vítimas Feridas";"Plena Noite";"Crescente";"Céu Claro";"Dupla";"Reta";"Sim";2;0;0;1;0;1;1;2;-22,21821026;-54,72287079;"SPRF-MS";"DEL04-MS";"UOP01-DEL04-MS"
392279;2021-10-27;"quarta-feira";"17:35:00";"PR";277;664,4;"MEDIANEIRA";"Demais falhas mecânicas ou elétricas";"Incêndio";"Sem Vítimas";"Pleno dia";"Decrescente";"Céu Claro";"Dupla";"Reta";"Não";1;0;0;0;1;0;0;1;-25,25301037;-54,02857196;"SPRF-PR";"DEL05-PR";"UOP02-DEL05-PR"
392280;2021-10-27;"quarta-feira";"16:50:00";"PR";163;83;"PLANALTO";"Acessar a via sem observar a presença dos outros veículos";"Colisão frontal";"Com Vítimas Feridas";"Pleno dia";"Decrescente";"Céu Claro";"Simples";"Reta";"Não";3;0;0;1;2;0;1;2;-25,710529;-53,770397;"SPRF-PR";"DEL02-PR";"UOP02-DEL02-PR"
392284;2021-10-27;"quarta-feira";"18:00:00";"ES";101;270,5;"SERRA";"Trafegar com motocicleta (ou similar) entre as faixas";"Colisão lateral mesmo sentido";"Com Vítimas Feridas";"Anoitecer";"Crescente";"Céu Claro";"Múltipla";"Reta";"Sim";2;0;1;0;1;0;1;2;-20,22662056;-40,27075088;"SPRF-ES";"DEL02-ES";"UOP01-DEL02-ES"
392285;2021-10-17;"domingo";"12:30:00";"RJ";40;122;"DUQUE DE CAXIAS";"Demais falhas mecânicas ou elétricas";"Colisão transversal";"Com Vítimas Feridas";"Pleno dia";"Crescente";"Céu Claro";"Múltipla";"Reta";"Não";3;0;1;0;2;0;1;2;-22,79083113;-43,28611569;"SPRF-RJ";"DEL01-RJ";"UOP01-DEL01-RJ"
392287;2021-10-25;"segunda-feira";"14:30:00";"PE";423;51,8;"LAJEDO";"Avarias e/ou desgaste excessivo no pneu";"Incêndio";"Sem Vítimas";"Pleno dia";"Crescente";"Céu Claro";"Simples";"Reta";"Não";1;0;0;0;0;1;0;1;-8,589103;-36,289748;"SPRF-PE";"DEL03-PE";"UOP01-DEL03-PE"
392289;2021-10-27;"quarta-feira";"19:00:00";"MG";116;415,2;"GOVERNADOR VALADARES";"Condutor deixou de manter distância do veículo da frente";"Queda de ocupante de veículo";"Com Vítimas Feridas";"Anoitecer";"Crescente";"Céu Claro";"Simples";"Reta";"Sim";1;0;1;0;0;0;1;1;-18,88401297;-41,94924399;"SPRF-MG";"DEL06-MG";"UOP01-DEL06-MG"
392292;2021-10-27;"quarta-feira";"17:45:00";"RN";226;38;"MACAIBA";"Acesso irregular";"Colisão lateral mesmo sentido";"Com Vítimas Feridas";"Plena Noite";"Decrescente";"Céu Claro";"Simples";"Reta";"Não";2;0;1;0;1;0;1;2;-5,91608218;-35,52760191;"SPRF-RN";"DEL03-RN";"UOP02-DEL03-RN"
392293;2021-10-27;"quarta-feira";"19:40:00";"GO";153;444;"ANAPOLIS";"Pedestre andava na pista";"Atropelamento de Pedestre";"Com Vítimas Feridas";"Plena Noite";"Crescente";"Céu Claro";"Dupla";"Reta";"Sim";4;0;2;1;1;0;3;2;-16,343756;-48,9245;"SPRF-GO";"DEL02-GO";"UOP01-DEL02-GO"
392294;2021-10-27;"quarta-feira";"19:35:00";"SC";101;201,1;"SAO JOSE";"Mal súbito do condutor";"Saída de leito carroçável";"Com Vítimas Feridas";"Plena Noite";"Decrescente";"Céu Claro";"Dupla";"Reta";"Sim";1;0;1;0;0;0;1;1;-27,54836599;-48,61977975;"SPRF-SC";"DEL01-SC";"UOP01-DEL01-SC"
392295;2021-10-27;"quarta-feira";"19:20:00";"SC";282;19,1;"PALHOCA";"Acessar a via sem observar a presença dos outros veículos";"Colisão transversal";"Com Vítimas Feridas";"Plena Noite";"Decrescente";"Céu Claro";"Simples";"Túnel";"Sim";2;0;1;0;1;0;1;2;-27,678635;-48,70192;"SPRF-SC";"DEL01-SC";"UOP02-DEL01-SC"
392297;2021-10-27;"quarta-feira";"18:45:00";"MG";262;50,4;"MANHUACU";"Acessar a via sem observar a presença dos outros veículos";"Colisão transversal";"Com Vítimas Feridas";"Plena Noite";"Decrescente";"Céu Claro";"Simples";"Curva";"Não";2;0;1;0;1;0;1;2;-20,2428055;-42,13652397;"SPRF-MG";"DEL06-MG";"UOP03-DEL06-MG"
392299;2021-10-27;"quarta-feira";"18:15:00";"SP";101;50;"UBATUBA";"Ingestão de álcool pelo condutor";"Colisão transversal";"Com Vítimas Feridas";"Plena Noite";"Decrescente";"Chuva";"Simples";"Reta";"Sim";2;0;1;0;1;0;1;2;-23,45018939;-45,07743735;"SPRF-SP";"DEL06-SP";"UOP01-DEL06-SP"
392300;2021-10-27;"quarta-feira";"18:58:00";"SC";101;116;"ITAJAI";"Condutor deixou de manter distância do veículo da frente";"Engavetamento";"Com Vítimas Feridas";"Plena Noite";"Crescente";"Céu Claro";"Dupla";"Reta";"Não";4;0;1;0;3;0;1;4;-26,87905605;-48,72603512;"SPRF-SC";"DEL04-SC";"UOP04-DEL04-SC"
392305;2021-10-27;"quarta-feira";"20:30:00";"SP";381;85;"SAO PAULO";"Condutor deixou de manter distância do veículo da frente";"Colisão traseira";"Com Vítimas Feridas";"Plena Noite";"Decrescente";"Garoa/Chuvisco";"Múltipla";"Reta";"Sim";3;0;2;0;1;0;2;2;-23,449343;-46,56983501;"SPRF-SP";"DEL03-SP";"UOP01-DEL03-SP"
392306;2021-10-27;"quarta-feira";"20:00:00";"SP";116;292;"ITAPECERICA DA SERRA";"Reação tardia ou ineficiente do condutor";"Colisão traseira";"Sem Vítimas";"Plena Noite";"Decrescente";"Chuva";"Dupla";"Reta";"Não";1;0;0;0;0;1;0;1;-23,74581995;-46,90003027;"SPRF-SP";"DEL04-SP";"UOP01-DEL04-SP"
392308;2021-10-27;"quarta-feira";"21:10:00";"MT";364;60,2;"ALTO GARCAS";"Ausência de reação do condutor";"Colisão traseira";"Com Vítimas Feridas";"Plena Noite";"Decrescente";"Nublado";"Simples";"Reta";"Não";2;0;2;0;0;0;2;2;-16,93603436;-53,55152193;"SPRF-MT";"DEL02-MT";"UOP02-DEL02-MT"
392309;2021-10-27;"quarta-feira";"21:10:00";"RJ";116;308;"RESENDE";"Acumulo de água sobre o pavimento";"Colisão com objeto";"Com Vítimas Feridas";"Plena Noite";"Decrescente";"Chuva";"Dupla";"Reta";"Sim";1;0;1;0;0;0;1;1;-22,45783299;-44,418685;"SPRF-RJ";"DEL07-RJ";"UOP02-DEL07-RJ"
392313;2021-10-03;"domingo";"20:25:00";"GO";153;440,8;"ANAPOLIS";"Ingestão de álcool pelo condutor";"Colisão lateral mesmo sentido";"Com Vítimas Fatais";"Plena Noite";"Crescente";"Céu Claro";"Dupla";"Reta";"Sim";3;1;0;0;2;0;0;3;-16,324218;-48,92216;"SPRF-GO";"DEL02-GO";"UOP01-DEL02-GO"
392314;2021-10-27;"quarta-feira";"19:30:00";"BA";242;371;"PALMEIRAS";"Velocidade Incompatível";"Saída de leito carroçável";"Com Vítimas Feridas";"Plena Noite";"Crescente";"Céu Claro";"Simples";"Declive;Curva";"Não";1;0;1;0;0;0;1;1;-12,46028502;-41,47741502;"SPRF-BA";"DEL06-BA";"UOP01-DEL06-BA"
392315;2021-10-27;"quarta-feira";"22:10:00";"PE";232;15,7;"JABOATAO DOS GUARARAPES";"Velocidade Incompatível";"Saída de leito carroçável";"Com Vítimas Feridas";"Plena Noite";"Decrescente";"Garoa/Chuvisco";"Dupla";"Curva";"Não";3;0;3;0;0;0;3;1;-8,093791;-35,032133;"SPRF-PE";"DEL01-PE";"UOP01-DEL01-PE"
392317;2021-10-27;"quarta-feira";"23:20:00";"GO";60;100;"ANAPOLIS";"Pedestre andava na pista";"Atropelamento de Pedestre";"Com Vítimas Feridas";"Plena Noite";"Crescente";"Céu Claro";"Simples";"Reta";"Sim";2;0;1;1;0;0;2;2;-16,39700855;-48,96609664;"SPRF-GO";"DEL02-GO";"UOP01-DEL02-GO"
392318;2021-10-27;"quarta-feira";"23:20:00";"PR";376;176;"MARINGA";"Condutor deixou de manter distância do veículo da frente";"Colisão traseira";"Com Vítimas Feridas";"Plena Noite";"Decrescente";"Nublado";"Múltipla";"Reta";"Sim";5;0;1;0;4;0;1;2;-23,41269173;-51,93158327;"SPRF-PR";"DEL09-PR";"UOP01-DEL09-PR"
392319;2021-10-27;"quarta-feira";"23:55:00";"SC";101;112,8;"ITAJAI";"Velocidade Incompatível";"Engavetamento";"Sem Vítimas";"Plena Noite";"Decrescente";"Nublado";"Múltipla";"Reta";"Sim";3;0;0;0;3;0;0;3;-26,84589005;-48,72131295;"SPRF-SC";"DEL04-SC";"UOP04-DEL04-SC"
392320;2021-10-27;"quarta-feira";"22:15:00";"SC";101;113;"ITAJAI";"Reação tardia ou ineficiente do condutor";"Tombamento";"Com Vítimas Feridas";"Plena Noite";"Crescente";"Céu Claro";"Dupla";"Reta";"Não";1;0;1;0;0;0;1;1;-26,85311393;-48,72689927;"SPRF-SC";"DEL04-SC";"UOP04-DEL04-SC"
392321;2021-10-27;"quarta-feira";"23:00:00";"PA";230;117;"MARABA";"Condutor desrespeitou a iluminação vermelha do semáforo";"Colisão transversal";"Com Vítimas Feridas";"Plena Noite";"Decrescente";"Céu Claro";"Dupla";"Reta";"Sim";2;0;0;1;1;0;1;2;-5,35034878;-49,10209537;"SPRF-PA";"DEL03-PA";"UOP01-DEL03-PA"
392322;2021-10-27;"quarta-feira";"22:50:00";"PR";476;125;"CURITIBA";"Condutor deixou de manter distância do veículo da frente";"Colisão traseira";"Sem Vítimas";"Plena Noite";"Decrescente";"Chuva";"Múltipla";"Reta;Interseção de Vias";"Sim";2;0;0;0;2;0;0;2;-25,4083;-49,219658;"SPRF-PR";"DEL01-PR";"UOP03-DEL01-PR"
392323;2021-10-28;"quinta-feira";"00:20:00";"SP";116;439;"REGISTRO";"Reação tardia ou ineficiente do condutor";"Saída de leito carroçável";"Sem Vítimas";"Plena Noite";"Crescente";"Chuva";"Dupla";"Viaduto";"Não";4;0;0;0;4;0;0;1;-24,45434475;-47,81204635;"SPRF-SP";"DEL05-SP";"UOP01-DEL05-SP"
392324;2021-10-28;"quinta-feira";"00:10:00";"PI";407;421;"PICOS";"Acessar a via sem observar a presença dos outros veículos";"Colisão transversal";"Com Vítimas Feridas";"Plena Noite";"Crescente";"Céu Claro";"Simples";"Reta";"Sim";2;0;1;0;1;0;1;2;-7,07989702;-41,45059599;"SPRF-PI";"DEL04-PI";"UOP01-DEL04-PI"
392326;2021-10-27;"quarta-feira";"23:30:00";"PE";408;97,2;"SAO LOURENCO DA MATA";"Avarias e/ou desgaste excessivo no pneu";"Incêndio";"Sem Vítimas";"Plena Noite";"Crescente";"Céu Claro";"Dupla";"Reta";"Não";1;0;0;0;0;1;0;1;-8,031726;-35,034629;"SPRF-PE";"DEL01-PE";"UOP01-DEL01-PE"
392327;2021-10-27;"quarta-feira";"23:30:00";"SC";282;542,9;"CHAPECO";"Animais na Pista";"Colisão com objeto";"Com Vítimas Feridas";"Pleno dia";"Crescente";"Céu Claro";"Simples";"Reta;Declive";"Não";2;0;2;0;0;0;2;1;-27,001301;-52,707569;"SPRF-SC";"DEL07-SC";"UOP01-DEL07-SC"
392328;2021-10-27;"quarta-feira";"23:56:00";"SC";101;106,8;"PENHA";"Velocidade Incompatível";"Colisão com objeto";"Sem Vítimas";"Plena Noite";"Crescente";"Nublado";"Dupla";"Declive";"Não";1;0;0;0;0;1;0;1;-26,81031601;-48,68293896;"SPRF-SC";"DEL03-SC";"UOP02-DEL03-SC"
392329;2021-10-28;"quinta-feira";"01:30:00";"RO";364;703;"PORTO VELHO";"Reação tardia ou ineficiente do condutor";"Colisão com objeto";"Com Vítimas Feridas";"Plena Noite";"Crescente";"Garoa/Chuvisco";"Múltipla";"Reta";"Sim";1;0;0;1;0;0;1;1;-8,80042726;-63,80269647;"SPRF-RO";"DEL01-RO";"UOP01-DEL01-RO"
392330;2021-10-28;"quinta-feira";"02:30:00";"RS";116;265;"CANOAS";"Manobra de mudança de faixa";"Colisão lateral mesmo sentido";"Com Vítimas Feridas";"Plena Noite";"Decrescente";"Céu Claro";"Múltipla";"Reta";"Sim";2;0;1;0;1;0;1;2;-29,914435;-51,17754495;"SPRF-RS";"DEL01-RS";"UOP01-DEL01-RS"
392334;2021-10-28;"quinta-feira";"04:00:00";"MG";262;387,5;"FLORESTAL";"Velocidade Incompatível";"Colisão com objeto";"Sem Vítimas";"Plena Noite";"Crescente";"Céu Claro";"Dupla";"Curva";"Não";1;0;0;0;0;1;0;1;-19,93472988;-44,43457599;"SPRF-MG";"DEL01-MG";"UOP03-DEL01-MG"
392337;2021-10-28;"quinta-feira";"06:15:00";"PR";373;175,7;"PONTA GROSSA";"Velocidade Incompatível";"Saída de leito carroçável";"Com Vítimas Feridas";"Amanhecer";"Crescente";"Garoa/Chuvisco";"Dupla";"Curva";"Sim";1;0;1;0;0;0;1;1;-25,06728094;-50,21211882;"SPRF-PR";"DEL03-PR";"UOP01-DEL03-PR"
392339;2021-10-28;"quinta-feira";"05:50:00";"PR";116;44;"CAMPINA GRANDE DO SUL";"Reação tardia ou ineficiente do condutor";"Saída de leito carroçável";"Com Vítimas Feridas";"Amanhecer";"Crescente";"Garoa/Chuvisco";"Dupla";"Reta";"Não";3;0;2;1;0;0;3;1;-25,193866;-48,888756;"SPRF-PR";"DEL01-PR";"UOP02-DEL01-PR"
392340;2021-10-27;"quarta-feira";"20:00:00";"GO";60;38,7;"ALEXANIA";"Pedestre andava na pista";"Atropelamento de Pedestre";"Com Vítimas Fatais";"Plena Noite";"Crescente";"Céu Claro";"Dupla";"Aclive;Curva";"Não";2;1;1;0;0;0;1;2;-16,1148;-48,5476;"SPRF-DF";"DEL03-DF";"UOP01-DEL03-DF"
392342;2021-10-28;"quinta-feira";"05:30:00";"MG";381;379,9;"SAO GONCALO DO RIO ABAIXO";"Condutor Dormindo";"Saída de leito carroçável";"Com Vítimas Feridas";"Amanhecer";"Crescente";"Nublado";"Simples";"Curva;Declive";"Não";4;0;4;0;0;0;4;1;-19,83794988;-43,33480954;"SPRF-MG";"DEL01-MG";"UOP01-DEL01-MG"
392343;2021-10-07;"quinta-feira";"11:40:00";"PR";277;122;"CAMPO LARGO";"Condutor usando celular";"Colisão lateral mesmo sentido";"Com Vítimas Feridas";"Pleno dia";"Decrescente";"Nublado";"Dupla";"Reta";"Não";2;0;1;0;1;0;1;2;-25,44344167;-49,45985402;"SPRF-PR";"DEL01-PR";"UOP03-DEL03-PR"