"id";"data_inversa";"dia_semana";"horario";"uf";"br";"km";"municipio";"causa_acidente";"tipo_acidente";"classificacao_acidente";"fase_dia";"sentido_via";"condicao_metereologica";"tipo_pista";"tracado_via";"uso_solo";"pessoas";"mortos";"feridos_leves";"feridos_graves";"ilesos";"ignorados";"feridos";"veiculos";"latitude";"longitude";"regional";"delegacia";"uop"
392345;2021-10-28;"quinta-feira";"06:45:00";"PR";376;494,9;"PONTA GROSSA";"Condutor deixou de manter distância do veículo da frente";"Colisão traseira";"Com Vítimas Feridas";"Amanhecer";"Decrescente";"Nublado";"Dupla";"Viaduto";"Sim";2;0;1;0;1;0;1;2;-25,1656695476;-50,1164096724;"SPRF-PR";"DEL03-PR";"UOP01-DEL03-PR"
392347;2021-10-27;"quarta-feira";"21:10:00";"MG";262;35;"MANHUACU";"Desrespeitar a preferência no cruzamento";"Colisão frontal";"Com Vítimas Feridas";"Plena Noite";"Decrescente";"Nublado";"Simples";"Interseção de Vias";"Sim";2;0;1;0;1;0;1;2;-20,2592562;-42,01698194;"SPRF-MG";"DEL06-MG";"UOP03-DEL06-MG"
392350;2021-10-28;"quinta-feira";"06:40:00";"MG";40;548;"NOVA LIMA";"Condutor deixou de manter distância do veículo da frente";"Colisão traseira";"Com Vítimas Feridas";"Pleno dia";"Crescente";"Céu Claro";"Dupla";"Reta";"Não";3;0;1;1;1;0;2;3;-20,036318;-43,968677;"SPRF-MG";"DEL01-MG";"UOP02-DEL01-MG"
392351;2021-10-28;"quinta-feira";"07:30:00";"SC";101;197;"BIGUACU";"Condutor deixou de manter distância do veículo da frente";"Tombamento";"Com Vítimas Feridas";"Pleno dia";"Crescente";"Céu Claro";"Dupla";"Reta";"Sim";1;0;1;0;0;0;1;1;-27,51844497;-48,63848496;"SPRF-SC";"DEL01-SC";"UOP01-DEL01-SC"
392354;2021-10-28;"quinta-feira";"07:00:00";"BA";324;557;"SANTO AMARO";"Animais na Pista";"Saída de leito carroçável";"Com Vítimas Feridas";"Pleno dia";"Crescente";"Céu Claro";"Dupla";"Reta";"Não";2;0;1;0;1;0;1;1;-12,47640414;-38,6752181;"SPRF-BA";"DEL01-BA";"UOP03-DEL01-BA"
392355;2021-10-28;"quinta-feira";"07:20:00";"SC";282;0,4;"FLORIANOPOLIS";"Trafegar com motocicleta (ou similar) entre as faixas";"Queda de ocupante de veículo";"Com Vítimas Feridas";"Pleno dia";"Decrescente";"Céu Claro";"Múltipla";"Reta";"Não";3;0;2;0;1;0;2;2;-27,59845;-48,571995;"SPRF-SC";"DEL01-SC";"UOP01-DEL01-SC"
392356;2021-10-28;"quinta-feira";"07:20:00";"SP";116;283;"ITAPECERICA DA SERRA";"Ausência de reação do condutor";"Queda de ocupante de veículo";"Com Vítimas Feridas";"Pleno dia";"Decrescente";"Céu Claro";"Dupla";"Reta";"Não";1;0;0;1;0;0;1;1;-23,69297005;-46,86352786;"SPRF-SP";"DEL04-SP";"UOP01-DEL04-SP"
392358;2021-10-28;"quinta-feira";"08:00:00";"DF";20;13,9;"BRASILIA";"Reação tardia ou ineficiente do condutor";"Colisão traseira";"Sem Vítimas";"Pleno dia";"Decrescente";"Céu Claro";"Dupla";"Reta";"Não";2;0;0;0;2;0;0;2;-15,638752;-47,749599;"SPRF-DF";"DEL02-DF";"UOP01-DEL02-DF"
392360;2021-10-28;"quinta-feira";"07:55:00";"RS";290;86;"PORTO ALEGRE";"Reação tardia ou ineficiente do condutor";"Engavetamento";"Com Vítimas Feridas";"Pleno dia";"Crescente";"Céu Claro";"Múltipla";"Reta";"Não";5;0;1;0;4;0;1;4;-29,968412;-51,117138;"SPRF-RS";"DEL01-RS";"UOP01-DEL01-RS"
392362;2021-10-28;"quinta-feira";"07:00:00";"MS";376;171;"NOVA ANDRADINA";"Desrespeitar a preferência no cruzamento";"Colisão transversal";"Sem Vítimas";"Pleno dia";"Decrescente";"Céu Claro";"Dupla";"Interseção de Vias";"Não";3;0;0;0;3;0;0;2;-22,30110569;-53,39167844;"SPRF-MS";"DEL04-MS";"UOP04-DEL04-MS"
392365;2021-10-28;"quinta-feira";"07:20:00";"ES";101;269,7;"SERRA";"Ausência de reação do condutor";"Queda de ocupante de veículo";"Com Vítimas Feridas";"Pleno dia";"Crescente";"Céu Claro";"Múltipla";"Interseção de Vias";"Sim";1;0;1;0;0;0;1;1;-20,21740496;-40,26990578;"SPRF-ES";"DEL02-ES";"UOP01-DEL02-ES"
392366;2021-10-28;"quinta-feira";"08:25:00";"MG";381;267;"TIMOTEO";"Acessar a via sem observar a presença dos outros veículos";"Colisão transversal";"Com Vítimas Feridas";"Pleno dia";"Decrescente";"Nublado";"Simples";"Reta";"Não";3;0;1;0;2;0;1;2;-19,53743297;-42,67521503;"SPRF-MG";"DEL03-MG";"UOP02-DEL03-MG"
392367;2021-10-28;"quinta-feira";"08:15:00";"SP";116;283;"EMBU DAS ARTES";"Manobra de mudança de faixa";"Colisão lateral mesmo sentido";"Com Vítimas Feridas";"Pleno dia";"Crescente";"Nublado";"Dupla";"Reta";"Sim";2;0;1;0;1;0;1;2;-23,69297005;-46,86352786;"SPRF-SP";"DEL04-SP";"UOP01-DEL04-SP"
392371;2021-10-28;"quinta-feira";"07:25:00";"SC";470;140,5;"RIO DO SUL";"Conversão proibida";"Colisão transversal";"Com Vítimas Feridas";"Pleno dia";"Crescente";"Céu Claro";"Simples";"Reta";"Não";6;0;2;0;4;0;2;6;-27,222485;-49,662827;"SPRF-SC";"DEL04-SC";"UOP02-DEL04-SC"
392373;2021-10-28;"quinta-feira";"08:30:00";"MG";354;705,5;"CAXAMBU";"Transitar na contramão";"Saída de leito carroçável";"Com Vítimas Feridas";"Pleno dia";"Decrescente";"Nublado";"Simples";"Rotatória";"Sim";1;0;1;0;0;0;1;1;-21,99205276;-44,9251702;"SPRF-MG";"DEL17-MG";"UOP01-DEL17-MG"
392374;2021-09-06;"segunda-feira";"13:49:00";"PR";369;500,7;"CORBELIA";"Desrespeitar a preferência no cruzamento";"Colisão transversal";"Sem Vítimas";"Pleno dia";"Decrescente";"Sol";"Simples";"Interseção de Vias";"Sim";3;0;0;0;0;3;0;2;-24,79291957;-53,28803658;"SPRF-PR";"DEL04-PR";"UOP03-DEL04-PR"
392376;2021-10-27;"quarta-feira";"21:00:00";"PA";230;781,1;"URUARA";"Acessar a via sem observar a presença dos outros veículos";"Colisão frontal";"Com Vítimas Fatais";"Plena Noite";"Crescente";"Chuva";"Simples";"Reta";"Não";2;1;0;0;0;1;0;2;-3,57127095;-53,21596709;"SPRF-PA";"DEL04-PA";"UOP01-DEL04-PA"
392378;2021-10-28;"quinta-feira";"06:45:00";"MT";70;380;"CAMPO VERDE";"Acessar a via sem observar a presença dos outros veículos";"Colisão traseira";"Sem Vítimas";"Pleno dia";"Crescente";"Céu Claro";"Simples";"Reta";"Sim";2;0;0;0;2;0;0;2;-15,51448159;-55,11820542;"SPRF-MT";"DEL05-MT";"UOP02-DEL05-MT"
392380;2021-10-28;"quinta-feira";"07:40:00";"PB";104;139,7;"QUEIMADAS";"Desrespeitar a preferência no cruzamento";"Colisão transversal";"Com Vítimas Feridas";"Pleno dia";"Crescente";"Céu Claro";"Simples";"Interseção de Vias";"Sim";2;0;0;1;1;0;1;2;-7,36948311;-35,89979635;"SPRF-PB";"DEL02-PB";"UOP03-DEL02-PB"
392385;2021-10-27;"quarta-feira";"17:00:00";"AC";364;300;"SENA MADUREIRA";"Demais falhas mecânicas ou elétricas";"Capotamento";"Com Vítimas Feridas";"Anoitecer";"Decrescente";"Céu Claro";"Simples";"Aclive";"Não";2;0;2;0;0;0;2;1;-8,99905387;-68,89375897;"SPRF-AC";"DEL01-AC";"UOP01-DEL01-AC"
392386;2021-10-28;"quinta-feira";"11:40:00";"PR";116;141,7;"MANDIRITUBA";"Reação tardia ou ineficiente do condutor";"Colisão transversal";"Com Vítimas Feridas";"Pleno dia";"Crescente";"Céu Claro";"Simples";"Interseção de Vias";"Sim";2;0;1;0;1;0;1;2;-25,73749;-49,31762782;"SPRF-PR";"DEL01-PR";"UOP03-DEL01-PR"
392390;2021-10-28;"quinta-feira";"08:17:00";"RS";116;253;"SAPUCAIA DO SUL";"Trafegar com motocicleta (ou similar) entre as faixas";"Colisão lateral mesmo sentido";"Com Vítimas Fatais";"Pleno dia";"Decrescente";"Céu Claro";"Simples";"Reta";"Sim";2;1;0;0;1;0;0;2;-29,81784209;-51,16996166;"SPRF-RS";"DEL01-RS";"UOP02-DEL01-RS"
392392;2021-10-28;"quinta-feira";"09:00:00";"PR";376;204,4;"MANDAGUARI";"Ultrapassagem Indevida";"Colisão lateral mesmo sentido";"Com Vítimas Feridas";"Pleno dia";"Decrescente";"Céu Claro";"Simples";"Reta";"Sim";3;0;2;0;1;0;2;2;-23,52116388;-51,67966604;"SPRF-PR";"DEL09-PR";"UOP01-DEL09-PR"
392393;2021-10-28;"quinta-feira";"09:10:00";"SC";101;128;"ITAJAI";"Condutor deixou de manter distância do veículo da frente";"Colisão traseira";"Sem Vítimas";"Pleno dia";"Decrescente";"Céu Claro";"Múltipla";"Reta";"Sim";4;0;0;0;4;0;0;2;-26,97284292;-48,68299451;"SPRF-SC";"DEL04-SC";"UOP03-DEL04-SC"
392395;2021-10-28;"quinta-feira";"10:40:00";"ES";262;1,7;"CARIACICA";"Conversão proibida";"Colisão lateral mesmo sentido";"Com Vítimas Feridas";"Pleno dia";"Decrescente";"Céu Claro";"Dupla";"Reta";"Sim";2;0;1;0;1;0;1;2;-20,33293274;-40,35934037;"SPRF-ES";"DEL01-ES";"UOP01-DEL01-ES"
392396;2021-10-28;"quinta-feira";"10:35:00";"SE";101;92,2;"NOSSA SENHORA DO SOCORRO";"Ingestão de álcool pelo condutor";"Colisão traseira";"Sem Vítimas";"Pleno dia";"Decrescente";"Céu Claro";"Dupla";"Reta;Declive";"Não";2;0;0;0;2;0;0;2;-10,90169474;-37,13619222;"SPRF-SE";"DEL01-SE";"UOP01-DEL01-SE"
392397;2021-10-28;"quinta-feira";"10:30:00";"SC";101;199,5;"SAO JOSE";"Condutor deixou de manter distância do veículo da frente";"Colisão traseira";"Com Vítimas Feridas";"Pleno dia";"Crescente";"Céu Claro";"Dupla";"Reta";"Sim";2;0;1;0;1;0;1;2;-27,53413705;-48,63003205;"SPRF-SC";"DEL01-SC";"UOP01-DEL01-SC"
392398;2021-10-23;"sábado";"21:45:00";"RS";448;21;"PORTO ALEGRE";"Velocidade Incompatível";"Colisão com objeto";"Com Vítimas Feridas";"Plena Noite";"Crescente";"Chuva";"Múltipla";"Curva";"Sim";4;0;1;0;3;0;1;1;-29,97159098;-51,19972229;"SPRF-RS";"DEL01-RS";"UOP01-DEL01-RS"
392401;2021-09-30;"quinta-feira";"05:35:00";"GO";60;90,2;"ANAPOLIS";"Entrada inopinada do pedestre";"Atropelamento de Pedestre";"Com Vítimas Feridas";"Amanhecer";"Crescente";"Céu Claro";"Dupla";"Reta";"Sim";2;0;0;1;1;0;1;2;-16,347833;-48,908219;"SPRF-GO";"DEL02-GO";"UOP01-DEL02-GO"
392403;2021-10-28;"quinta-feira";"10:30:00";"MG";116;704,1;"MURIAE";"Desrespeitar a preferência no cruzamento";"Colisão transversal";"Com Vítimas Feridas";"Pleno dia";"Decrescente";"Sol";"Simples";"Interseção de Vias";"Sim";4;0;1;1;2;0;2;2;-21,1216546;-42,37982512;"SPRF-MG";"DEL07-MG";"UOP02-DEL07-MG"
392404;2021-10-28;"quinta-feira";"11:05:00";"PR";116;14,2;"CAMPINA GRANDE DO SUL";"Velocidade Incompatível";"Saída de leito carroçável";"Com Vítimas Feridas";"Pleno dia";"Decrescente";"Garoa/Chuvisco";"Dupla";"Curva";"Não";2;0;1;0;1;0;1;1;-25,09836429;-48,67391969;"SPRF-PR";"DEL01-PR";"UOP02-DEL01-PR"
392406;2021-10-28;"quinta-feira";"11:00:00";"PR";277;578;"CASCAVEL";"Acessar a via sem observar a presença dos outros veículos";"Colisão transversal";"Com Vítimas Feridas";"Pleno dia";"Crescente";"Céu Claro";"Simples";"Reta";"Não";2;0;2;0;0;0;2;2;-24,98385591;-53,34955899;"SPRF-PR";"DEL04-PR";"UOP01-DEL04-PR"
392407;2021-10-26;"terça-feira";"09:40:00";"CE";230;43,9;"LAVRAS DA MANGABEIRA";"Conversão proibida";"Colisão lateral mesmo sentido";"Com Vítimas Feridas";"Pleno dia";"Crescente";"Céu Claro";"Simples";"Reta";"Sim";3;0;1;1;1;0;2;2;-6,76039098;-38,98750201;"SPRF-CE";"DEL05-CE";"UOP01-DEL05-CE"
392410;2021-10-28;"quinta-feira";"08:30:00";"MG";262;855,8;"VERISSIMO";"Retorno proibido";"Colisão transversal";"Com Vítimas Feridas";"Pleno dia";"Crescente";"Céu Claro";"Dupla";"Reta";"Não";2;0;1;0;1;0;1;2;-19,779802;-48,390449;"SPRF-MG";"DEL13-MG";"UOP01-DEL13-MG"
392411;2021-10-28;"quinta-feira";"08:29:00";"MA";222;404;"SANTA LUZIA";"Conversão proibida";"Colisão traseira";"Com Vítimas Feridas";"Pleno dia";"Decrescente";"Céu Claro";"Simples";"Aclive";"Não";2;0;1;0;1;0;1;2;-3,94262259;-45,64092422;"SPRF-MA";"DEL02-MA";"UOP01-DEL02-MA"
392412;2021-10-28;"quinta-feira";"10:55:00";"SE";235;2,4;"ARACAJU";"Manobra de mudança de faixa";"Colisão traseira";"Com Vítimas Feridas";"Pleno dia";"Crescente";"Céu Claro";"Dupla";"Aclive;Reta";"Não";4;0;1;0;3;0;1;2;-10,90732365;-37,09393144;"SPRF-SE";"DEL01-SE";"UOP01-DEL01-SE"
392413;2021-10-28;"quinta-feira";"08:50:00";"BA";101;263;"SANTO ANTONIO DE JESUS";"Reação tardia ou ineficiente do condutor";"Colisão transversal";"Com Vítimas Feridas";"Pleno dia";"Decrescente";"Céu Claro";"Simples";"Reta";"Sim";3;0;2;0;1;0;2;2;-13,09003799;-39,27863203;"SPRF-BA";"DEL01-BA";"UOP02-DEL01-BA"
392414;2021-10-28;"quinta-feira";"11:20:00";"SP";116;138,6;"SAO JOSE DOS CAMPOS";"Condutor deixou de manter distância do veículo da frente";"Colisão traseira";"Com Vítimas Feridas";"Pleno dia";"Decrescente";"Nublado";"Dupla";"Reta";"Não";3;0;1;0;2;0;1;2;-23,1572739;-45,79554605;"SPRF-SP";"DEL02-SP";"UOP01-DEL02-SP"
392416;2021-10-28;"quinta-feira";"12:40:00";"PE";101;144;"RIBEIRAO";"Demais falhas na via";"Tombamento";"Com Vítimas Feridas";"Pleno dia";"Crescente";"Céu Claro";"Dupla";"Reta";"Não";2;0;2;0;0;0;2;1;-8,456739;-35,361316;"SPRF-PE";"DEL01-PE";"UOP01-DEL01-PE"
392418;2021-10-13;"quarta-feira";"05:54:00";"PR";277;112;"CAMPO LARGO";"Reação tardia ou ineficiente do condutor";"Colisão traseira";"Com Vítimas Feridas";"Amanhecer";"Crescente";"Nublado";"Dupla";"Reta";"Sim";2;0;1;0;0;1;1;2;-25,44703316;-49,47360911;"SPRF-PR";"DEL01-PR";"UOP03-DEL03-PR"
392420;2021-10-28;"quinta-feira";"11:00:00";"RJ";465;14;"SEROPEDICA";"Reação tardia ou ineficiente do condutor";"Colisão transversal";"Com Vítimas Feridas";"Pleno dia";"Decrescente";"Nublado";"Simples";"Reta";"Sim";2;0;1;0;1;0;1;2;-22,804979;-43,638828;"SPRF-RJ";"DEL01-RJ";"UOP03-DEL01-RJ"
392421;2021-10-28;"quinta-feira";"13:00:00";"PR";277;730;"FOZ DO IGUACU";"Trafegar com motocicleta (ou similar) entre as faixas";"Colisão frontal";"Com Vítimas Feridas";"Pleno dia";"Decrescente";"Céu Claro";"Simples";"Ponte";"Não";3;0;0;1;0;2;1;2;-25,50950408;-54,59982495;"SPRF-PR";"DEL05-PR";"UOP03-DEL05-PR"
392423;2021-10-28;"quinta-feira";"11:30:00";"GO";80;22,8;"PADRE BERNARDO";"Ausência de reação do condutor";"Saída de leito carroçável";"Com Vítimas Fatais";"Pleno dia";"Crescente";"Sol";"Simples";"Curva;Declive";"Não";2;1;0;0;0;1;0;2;-15,361717;-48,223977;"SPRF-DF";"DEL03-DF";"UOP02-DEL03-DF"
392424;2021-10-28;"quinta-feira";"10:50:00";"PI";316;24;"TERESINA";"Ultrapassagem Indevida";"Colisão lateral sentido oposto";"Com Vítimas Feridas";"Pleno dia";"Decrescente";"Céu Claro";"Simples";"Reta";"Não";2;0;1;0;1;0;1;2;-5,28895702;-42,71707202;"SPRF-PI";"DEL01-PI";"UOP02-DEL01-PI"
392427;2021-10-28;"quinta-feira";"10:00:00";"SC";101;120,6;"ITAJAI";"Condutor deixou de manter distância do veículo da frente";"Colisão traseira";"Com Vítimas Feridas";"Pleno dia";"Decrescente";"Céu Claro";"Dupla";"Reta";"Não";2;0;1;0;0;1;1;2;-26,912758;-48,711998;"SPRF-SC";"DEL04-SC";"UOP04-DEL04-SC"
392428;2021-10-28;"quinta-feira";"12:25:00";"RO";364;714;"PORTO VELHO";"Demais Fenômenos da natureza";"Tombamento";"Com Vítimas Feridas";"Pleno dia";"Crescente";"Chuva";"Dupla";"Curva;Interseção de Vias;Viaduto";"Sim";2;0;1;1;0;0;2;1;-8,77323714;-63,88521091;"SPRF-RO";"DEL01-RO";"UOP01-DEL01-RO"
392430;2021-10-28;"quinta-feira";"10:50:00";"MA";135;23,6;"SAO LUIS";"Ausência de reação do condutor";"Colisão traseira";"Com Vítimas Feridas";"Pleno dia";"Decrescente";"Ignorado";"Dupla";"Reta";"Sim";2;0;1;0;1;0;1;2;-2,54948842;-44,30511475;"SPRF-MA";"DEL01-MA";"UOP01-DEL01-MA"
392432;2021-10-28;"quinta-feira";"14:00:00";"SC";101;200;"SAO JOSE";"Condutor deixou de manter distância do veículo da frente";"Colisão traseira";"Sem Vítimas";"Pleno dia";"Crescente";"Nublado";"Dupla";"Reta";"Sim";3;0;0;0;3;0;0;3;-27,54018513;-48,62287714;"SPRF-SC";"DEL01-SC";"UOP01-DEL01-SC"
392433;2021-10-13;"quarta-feira";"06:30:00";"RN";406;166;"SAO GONCALO DO AMARANTE";"Conversão proibida";"Colisão transversal";"Com Vítimas Feridas";"Pleno dia";"Decrescente";"Céu Claro";"Dupla";"Reta";"Não";2;0;0;1;1;0;1;2;-5,7466896;-35,33149685;"SPRF-RN";"DEL02-RN";"UOP01-DEL02-RN"
392434;2021-10-28;"quinta-feira";"13:00:00";"PA";155;315;"MARABA";"Acessar a via sem observar a presença dos outros veículos";"Colisão transversal";"Com Vítimas Fatais";"Pleno dia";"Crescente";"Sol";"Simples";"Reta";"Não";3;1;0;0;2;0;0;2;-5,61581078;-49,09002223;"SPRF-PA";"DEL03-PA";"UOP01-DEL03-PA"
392435;2021-10-28;"quinta-feira";"14:30:00";"SC";470;91,7;"ASCURRA";"Mal súbito do condutor";"Saída de leito carroçável";"Com Vítimas Feridas";"Pleno dia";"Crescente";"Céu Claro";"Simples";"Reta";"Não";2;0;2;0;0;0;2;1;-26,97769;-49,369198;"SPRF-SC";"DEL04-SC";"UOP01-DEL04-SC"
392436;2021-10-28;"quinta-feira";"14:30:00";"RN";101;77;"EXTREMOZ";"Acessar a via sem observar a presença dos outros veículos";"Colisão frontal";"Com Vítimas Feridas";"Pleno dia";"Crescente";"Céu Claro";"Simples";"Reta";"Não";2;0;0;1;1;0;1;2;-5,73283404;-35,29061108;"SPRF-RN";"DEL02-RN";"UOP01-DEL02-RN"
392438;2021-10-28;"quinta-feira";"12:40:00";"RS";386;179;"CARAZINHO";"Desrespeitar a preferência no cruzamento";"Colisão transversal";"Com Vítimas Feridas";"Pleno dia";"Decrescente";"Céu Claro";"Simples";"Rotatória";"Sim";3;0;1;0;2;0;1;2;-28,297514;-52,7492;"SPRF-RS";"DEL08-RS";"UOP01-DEL08-RS"
392439;2021-10-28;"quinta-feira";"13:10:00";"GO";153;498,5;"GOIANIA";"Condutor deixou de manter distância do veículo da frente";"Colisão traseira";"Com Vítimas Feridas";"Pleno dia";"Decrescente";"Céu Claro";"Simples";"Reta";"Não";2;0;1;0;1;0;1;2;-16,6939;-49,2321;"SPRF-GO";"DEL01-GO";"UOP01-DEL01-GO"
392440;2021-10-28;"quinta-feira";"14:00:00";"DF";20;3,5;"BRASILIA";"Acessar a via sem observar a presença dos outros veículos";"Colisão transversal";"Com Vítimas Feridas";"Pleno dia";"Decrescente";"Céu Claro";"Dupla";"Reta";"Sim";3;0;2;0;1;0;2;2;-15,679851;-47,832211;"SPRF-DF";"DEL02-DF";"UOP01-DEL02-DF"
392441;2021-08-24;"terça-feira";"19:00:00";"SC";282;377,1;"HERVAL DOESTE";"Velocidade Incompatível";"Tombamento";"Com Vítimas Feridas";"Plena Noite";"Crescente";"Céu Claro";"Simples";"Reta";"Não";1;0;0;1;0;0;1;1;-27,216974;-51,470055;"SPRF-SC";"DEL07-SC";"UOP05-DEL07-SC"
392443;2021-10-28;"quinta-feira";"12:55:00";"SC";480;129,6;"CHAPECO";"Objeto estático sobre o leito carroçável";"Colisão com objeto";"Com Vítimas Feridas";"Pleno dia";"Decrescente";"Céu Claro";"Dupla";"Reta";"Sim";2;0;1;0;0;1;1;2;-27,04656607;-52,63577131;"SPRF-SC";"DEL07-SC";"UOP01-DEL07-SC"
392444;2021-08-17;"terça-feira";"16:50:00";"BA";110;372;"CATU";"Frear bruscamente";"Engavetamento";"Com Vítimas Feridas";"Pleno dia";"Decrescente";"Céu Claro";"Simples";"Rotatória";"Não";4;0;1;0;3;0;1;4;-12,35593241;-38,39172363;"SPRF-BA";"DEL01-BA";"UOP01-DEL01-BA"
392446;2021-10-28;"quinta-feira";"09:30:00";"RO";429;197,7;"SERINGUEIRAS";"Frear bruscamente";"Tombamento";"Com Vítimas Feridas";"Pleno dia";"Crescente";"Céu Claro";"Simples";"Reta;Declive";"Não";2;0;1;1;0;0;2;1;-11,76285025;-63,02761901;"SPRF-RO";"DEL02-RO";"UOP03-DEL02-RO"
392448;2021-10-28;"quinta-feira";"05:50:00";"RS";116;265;"CANOAS";"Desrespeitar a preferência no cruzamento";"Colisão transversal";"Com Vítimas Feridas";"Amanhecer";"Decrescente";"Céu Claro";"Simples";"Reta";"Sim";3;0;1;0;2;0;1;2;-29,92342302;-51,17780944;"SPRF-RS";"DEL01-RS";"UOP01-DEL01-RS"
392449;2021-10-28;"quinta-feira";"11:00:00";"PR";376;642;"TIJUCAS DO SUL";"Ultrapassagem Indevida";"Colisão lateral mesmo sentido";"Sem Vítimas";"Pleno dia";"Crescente";"Nublado";"Dupla";"Reta";"Não";2;0;0;0;2;0;0;2;-25,79776723;-49,13128569;"SPRF-PR";"DEL01-PR";"UOP04-DEL01-PR"
392450;2021-10-28;"quinta-feira";"09:40:00";"PR";476;135;"CURITIBA";"Pedestre andava na pista";"Atropelamento de Pedestre";"Com Vítimas Feridas";"Pleno dia";"Crescente";"Nublado";"Múltipla";"Reta";"Sim";2;0;1;0;1;0;1;2;-25,48415212;-49,26647186;"SPRF-PR";"DEL01-PR";"UOP03-DEL01-PR"
392451;2021-10-28;"quinta-feira";"16:10:00";"SC";470;65,5;"INDAIAL";"Velocidade Incompatível";"Colisão traseira";"Com Vítimas Feridas";"Pleno dia";"Decrescente";"Chuva";"Simples";"Reta";"Sim";2;0;1;0;1;0;1;2;-26,870411;-49,211864;"SPRF-SC";"DEL04-SC";"UOP01-DEL04-SC"
392452;2021-10-28;"quinta-feira";"15:20:00";"RJ";101;322;"NITEROI";"Ausência de reação do condutor";"Colisão com objeto";"Com Vítimas Feridas";"Pleno dia";"Crescente";"Nublado";"Dupla";"Curva";"Sim";1;0;1;0;0;0;1;1;-22,878923;-43,110676;"SPRF-RJ";"DEL02-RJ";"UOP02-DEL02-RJ"
392454;2021-10-28;"quinta-feira";"16:00:00";"SC";280;55,5;"GUARAMIRIM";"Desrespeitar a preferência no cruzamento";"Colisão transversal";"Com Vítimas Feridas";"Pleno dia";"Crescente";"Nublado";"Dupla";"Rotatória";"Sim";2;0;1;0;1;0;1;2;-26,47880341;-49,00092244;"SPRF-SC";"DEL03-SC";"UOP03-DEL03-SC"
392456;2021-10-28;"quinta-feira";"16:25:00";"SP";116;4,7;"QUELUZ";"Ausência de reação do condutor";"Colisão traseira";"Sem Vítimas";"Pleno dia";"Decrescente";"Nublado";"Dupla";"Reta";"Sim";3;0;0;0;2;1;0;3;-22,52543456;-44,73580573;"SPRF-SP";"DEL08-SP";"UOP02-DEL08-SP"
392461;2021-10-28;"quinta-feira";"17:15:00";"RJ";101;323;"NITEROI";"Acumulo de água sobre o pavimento";"Tombamento";"Com Vítimas Feridas";"Pleno dia";"Decrescente";"Chuva";"Dupla";"Curva";"Sim";1;0;1;0;0;0;1;1;-22,87381074;-43,12640997;"SPRF-RJ";"DEL02-RJ";"UOP02-DEL02-RJ"
392462;2021-10-28;"quinta-feira";"17:30:00";"RN";110;45,3;"MOSSORO";"Transitar no acostamento";"Colisão traseira";"Com Vítimas Feridas";"Anoitecer";"Crescente";"Céu Claro";"Simples";"Reta";"Sim";2;0;0;1;1;0;1;2;-5,19257993;-37,31114905;"SPRF-RN";"DEL04-RN";"UOP01-DEL04-RN"
392464;2021-10-28;"quinta-feira";"17:50:00";"PR";369;154;"LONDRINA";"Condutor deixou de manter distância do veículo da frente";"Colisão traseira";"Sem Vítimas";"Pleno dia";"Crescente";"Sol";"Dupla";"Reta";"Sim";2;0;0;0;2;0;0;2;-23,29764425;-51,1985743;"SPRF-PR";"DEL07-PR";"UOP01-DEL07-PR"
392467;2021-10-28;"quinta-feira";"16:56:00";"MA";316;401;"ALTO ALEGRE DO MARANHAO";"Ultrapassagem Indevida";"Colisão transversal";"Com Vítimas Feridas";"Pleno dia";"Decrescente";"Céu Claro";"Simples";"Reta";"Sim";3;0;2;0;1;0;2;2;-4,206411;-44,453041;"SPRF-MA";"DEL03-MA";"UOP01-DEL03-MA"
392469;2021-10-28;"quinta-feira";"18:00:00";"ES";259;45;"COLATINA";"Ausência de reação do condutor";"Tombamento";"Com Vítimas Feridas";"Plena Noite";"Crescente";"Céu Claro";"Dupla";"Reta";"Sim";2;0;1;0;0;1;1;2;-19,53318486;-40,57148984;"SPRF-ES";"DEL02-ES";"UOP01-DEL02-ES"
392470;2021-10-28;"quinta-feira";"14:10:00";"SC";282;548,9;"CHAPECO";"Ingestão de álcool pelo condutor";"Saída de leito carroçável";"Sem Vítimas";"Pleno dia";"Crescente";"Sol";"Simples";"Reta";"Não";1;0;0;0;1;0;0;1;-26,96613;-52,75703;"SPRF-SC";"DEL07-SC";"UOP01-DEL07-SC"
392471;2021-10-28;"quinta-feira";"14:00:00";"MG";365;755;"ITUIUTABA";"Manobra de mudança de faixa";"Tombamento";"Com Vítimas Feridas";"Pleno dia";"Decrescente";"Sol";"Simples";"Reta";"Sim";1;0;1;0;0;0;1;1;-18,94957096;-49,46275237;"SPRF-MG";"DEL15-MG";"UOP03-DEL15-MG"
392472;2021-10-28;"quinta-feira";"18:20:00";"ES";101;201;"JOAO NEIVA";"Pedestre cruzava a pista fora da faixa";"Atropelamento de Pedestre";"Com Vítimas Feridas";"Plena Noite";"Decrescente";"Nublado";"Simples";"Reta";"Não";2;0;0;1;0;1;1;2;-19,73362414;-40,36120476;"SPRF-ES";"DEL04-ES";"UOP01-DEL04-ES"
392475;2021-10-28;"quinta-feira";"18:00:00";"RJ";116;163;"RIO DE JANEIRO";"Trafegar com motocicleta (ou similar) entre as faixas";"Queda de ocupante de veículo";"Com Vítimas Feridas";"Anoitecer";"Decrescente";"Chuva";"Dupla";"Reta";"Sim";1;0;0;1;0;0;1;1;-22,81620507;-43,32473701;"SPRF-RJ";"DEL01-RJ";"UOP01-DEL01-RJ"