"id";"data_inversa";"dia_semana";"horario";"uf";"br";"km";"municipio";"causa_acidente";"tipo_acidente";"classificacao_acidente";"fase_dia";"sentido_via";"condicao_metereologica";"tipo_pista";"tracado_via";"uso_solo";"pessoas";"mortos";"feridos_leves";"feridos_graves";"ilesos";"ignorados";"feridos";"veiculos";"latitude";"longitude";"regional";"delegacia";"uop"
393070;2021-10-31;"domingo";"06:30:00";"PA";316;43;"SANTA IZABEL DO PARA";"Ausência de reação do condutor";"Saída de leito carroçável";"Sem Vítimas";"Pleno dia";"Decrescente";"Céu Claro";"Dupla";"Reta";"Não";1;0;0;0;0;1;0;1;-1,27585585;-48,09602201;"SPRF-PA";"DEL01-PA";"UOP01-DEL01-PA"
393072;2021-05-02;"domingo";"19:45:00";"RN";304;293,6;"MACAIBA";"Transitar na contramão";"Colisão frontal";"Com Vítimas Feridas";"Plena Noite";"Crescente";"Céu Claro";"Simples";"Declive";"Não";2;0;0;1;1;0;1;2;-5,86862212;-35,38031839;"SPRF-RN";"DEL01-RN";"UOP02-DEL01-RN"
393073;2021-10-31;"domingo";"07:40:00";"PE";232;82,6;"GRAVATA";"Ausência de reação do condutor";"Colisão com objeto";"Sem Vítimas";"Pleno dia";"Decrescente";"Sol";"Dupla";"Reta";"Não";1;0;0;0;0;1;0;1;-8,20155096;-35,59205532;"SPRF-PE";"DEL02-PE";"UOP02-DEL02PE"
393074;2021-10-31;"domingo";"10:45:00";"PR";116;1,5;"CAMPINA GRANDE DO SUL";"Chuva";"Saída de leito carroçável";"Com Vítimas Feridas";"Pleno dia";"Crescente";"Chuva";"Dupla";"Curva";"Não";1;0;1;0;0;0;1;1;-25,06368403;-48,57051896;"SPRF-PR";"DEL01-PR";"UOP02-DEL01-PR"
393075;2021-10-31;"domingo";"08:00:00";"CE";116;440;"BARRO";"Condutor Dormindo";"Saída de leito carroçável";"Com Vítimas Feridas";"Pleno dia";"Crescente";"Céu Claro";"Simples";"Reta";"Não";1;0;0;1;0;0;1;1;-7,02896824;-38,76872562;"SPRF-CE";"DEL05-CE";"UOP03-DEL05-CE"
393078;2021-10-31;"domingo";"11:30:00";"GO";153;607;"MORRINHOS";"Velocidade Incompatível";"Queda de ocupante de veículo";"Com Vítimas Feridas";"Pleno dia";"Crescente";"Garoa/Chuvisco";"Dupla";"Reta";"Não";2;0;2;0;0;0;2;1;-17,6114;-49,1825;"SPRF-GO";"DEL03-GO";"UOP01-DEL03-GO"
393079;2021-09-17;"sexta-feira";"21:27:00";"RJ";465;16;"NOVA IGUACU";"Ausência de reação do condutor";"Colisão transversal";"Com Vítimas Feridas";"Plena Noite";"Decrescente";"Céu Claro";"Simples";"Reta";"Sim";4;0;1;2;1;0;3;2;-22,82822642;-43,61697458;"SPRF-RJ";"DEL03-RJ";"UOP01-DEL03-RJ"
393080;2021-10-31;"domingo";"10:30:00";"PB";230;350;"PATOS";"Ausência de reação do condutor";"Colisão traseira";"Com Vítimas Feridas";"Pleno dia";"Decrescente";"Céu Claro";"Simples";"Reta";"Sim";2;0;2;0;0;0;2;2;-6,9504;-37,3885;"SPRF-PB";"DEL03-PB";"UOP01-DEL03-PB"
393082;2021-10-31;"domingo";"12:00:00";"RN";427;103,8;"CAICO";"Reação tardia ou ineficiente do condutor";"Colisão traseira";"Com Vítimas Feridas";"Pleno dia";"Decrescente";"Céu Claro";"Simples";"Aclive";"Não";3;0;1;1;1;0;2;2;-6,44870581;-37,13660002;"SPRF-RN";"DEL03-RN";"UOP01-DEL03-RN"
393083;2021-10-31;"domingo";"12:25:00";"SP";381;84;"SAO PAULO";"Reação tardia ou ineficiente do condutor";"Tombamento";"Com Vítimas Feridas";"Pleno dia";"Decrescente";"Nublado";"Dupla";"Reta";"Sim";1;0;0;1;0;0;1;1;-23,43937;-46,56807;"SPRF-SP";"DEL03-SP";"UOP01-DEL03-SP"
393084;2021-10-31;"domingo";"08:00:00";"SC";282;399,9;"JOACABA";"Condutor Dormindo";"Saída de leito carroçável";"Sem Vítimas";"Pleno dia";"Crescente";"Nublado";"Simples";"Curva";"Não";1;0;0;0;0;1;0;1;-27,139378;-51,621956;"SPRF-SC";"DEL07-SC";"UOP05-DEL07-SC"
393085;2021-10-31;"domingo";"12:40:00";"SC";101;197,9;"BIGUACU";"Mal súbito do condutor";"Colisão com objeto";"Com Vítimas Feridas";"Pleno dia";"Decrescente";"Nublado";"Dupla";"Reta";"Sim";1;0;1;0;0;0;1;1;-27,51844497;-48,63848496;"SPRF-SC";"DEL01-SC";"UOP01-DEL01-SC"
393086;2021-10-31;"domingo";"12:55:00";"RS";158;316,6;"ITAARA";"Demais falhas mecânicas ou elétricas";"Saída de leito carroçável";"Com Vítimas Feridas";"Pleno dia";"Crescente";"Céu Claro";"Simples";"Curva";"Não";1;0;1;0;0;0;1;1;-29,65561213;-53,77369881;"SPRF-RS";"DEL09-RS";"UOP01-DEL09-RS"
393087;2021-10-31;"domingo";"11:00:00";"PR";277;142;"BALSA NOVA";"Ultrapassagem Indevida";"Saída de leito carroçável";"Com Vítimas Feridas";"Pleno dia";"Crescente";"Garoa/Chuvisco";"Simples";"Curva";"Não";2;0;1;0;1;0;1;1;-25,4654446;-49,75069106;"SPRF-PR";"DEL01-PR";"UOP03-DEL03-PR"
393088;2021-10-31;"domingo";"12:20:00";"GO";50;130,6;"IPAMERI";"Velocidade Incompatível";"Saída de leito carroçável";"Com Vítimas Feridas";"Pleno dia";"Crescente";"Nublado";"Dupla";"Reta";"Não";4;0;3;1;0;0;4;1;-17,0068;-47,758;"SPRF-GO";"DEL06-GO";"UOP01-DEL06-GO"
393089;2021-10-31;"domingo";"11:10:00";"GO";60;220,5;"CEZARINA";"Ingestão de álcool pelo condutor";"Saída de leito carroçável";"Sem Vítimas";"Pleno dia";"Crescente";"Céu Claro";"Dupla";"Reta";"Não";1;0;0;0;1;0;0;1;-16,9809;-49,7475;"SPRF-GO";"DEL01-GO";"UOP02-DEL01-GO"
393090;2021-10-31;"domingo";"12:25:00";"PR";277;663,9;"MATELANDIA";"Reação tardia ou ineficiente do condutor";"Saída de leito carroçável";"Com Vítimas Feridas";"Pleno dia";"Decrescente";"Nublado";"Dupla";"Reta";"Não";1;0;1;0;0;0;1;1;-25,25155419;-54,01878197;"SPRF-PR";"DEL05-PR";"UOP02-DEL05-PR"
393091;2021-10-31;"domingo";"13:30:00";"MG";40;553;"NOVA LIMA";"Avarias e/ou desgaste excessivo no pneu";"Saída de leito carroçável";"Com Vítimas Feridas";"Pleno dia";"Crescente";"Nublado";"Dupla";"Curva";"Sim";2;0;2;0;0;0;2;1;-20,07742034;-43,9825201;"SPRF-MG";"DEL01-MG";"UOP02-DEL01-MG"
393092;2021-10-04;"segunda-feira";"06:28:00";"SC";101;213,5;"PALHOCA";"Ausência de reação do condutor";"Colisão lateral mesmo sentido";"Com Vítimas Feridas";"Amanhecer";"Decrescente";"Céu Claro";"Dupla";"Reta";"Sim";2;0;1;0;1;0;1;2;-27,63697369;-48,66514142;"SPRF-SC";"DEL01-SC";"UOP02-DEL01-SC"
393093;2021-10-31;"domingo";"10:10:00";"RJ";40;111;"DUQUE DE CAXIAS";"Chuva";"Queda de ocupante de veículo";"Com Vítimas Feridas";"Pleno dia";"Decrescente";"Nublado";"Múltipla";"Reta";"Sim";2;0;2;0;0;0;2;1;-22,691868;-43,287453;"SPRF-RJ";"DEL01-RJ";"UOP01-DEL01-RJ"
393094;2021-10-31;"domingo";"13:20:00";"PE";101;58;"RECIFE";"Reação tardia ou ineficiente do condutor";"Colisão lateral mesmo sentido";"Com Vítimas Feridas";"Pleno dia";"Decrescente";"Nublado";"Dupla";"Reta";"Não";3;0;3;0;0;0;3;2;-7,97063209;-34,92064675;"SPRF-PE";"DEL01-PE";"UOP02-DEL01-PE"
393095;2021-10-31;"domingo";"13:10:00";"SP";381;55;"ATIBAIA";"Reação tardia ou ineficiente do condutor";"Colisão com objeto";"Com Vítimas Feridas";"Pleno dia";"Decrescente";"Garoa/Chuvisco";"Dupla";"Curva";"Não";4;0;1;1;2;0;2;1;-23,25207404;-46,59480386;"SPRF-SP";"DEL03-SP";"UOP01-DEL03-SP"
393096;2021-10-31;"domingo";"09:52:00";"RJ";40;124;"DUQUE DE CAXIAS";"Pedestre cruzava a pista fora da faixa";"Atropelamento de Pedestre";"Com Vítimas Feridas";"Pleno dia";"Crescente";"Nublado";"Múltipla";"Reta";"Sim";2;0;1;0;1;0;1;2;-22,81104965;-43,28831435;"SPRF-RJ";"DEL01-RJ";"UOP01-DEL01-RJ"
393099;2021-10-31;"domingo";"14:25:00";"SC";282;219,8;"LAGES";"Ingestão de álcool ou de substâncias psicoativas pelo pedestre";"Colisão traseira";"Sem Vítimas";"Pleno dia";"Crescente";"Nublado";"Simples";"Reta";"Sim";2;0;0;0;2;0;0;2;-27,795521;-50,323608;"SPRF-SC";"DEL05-SC";"UOP01-DEL05-SC"
393101;2021-10-31;"domingo";"11:00:00";"MT";364;242;"RONDONOPOLIS";"Ingestão de álcool pelo condutor";"Colisão com objeto";"Sem Vítimas";"Pleno dia";"Crescente";"Chuva";"Dupla";"Curva";"Não";2;0;0;0;2;0;0;1;-16,16260605;-54,79546977;"SPRF-MT";"DEL02-MT";"UOP01-DEL02-MT"
393102;2021-10-31;"domingo";"11:00:00";"MT";364;226,8;"RONDONOPOLIS";"Chuva";"Saída de leito carroçável";"Sem Vítimas";"Pleno dia";"Crescente";"Chuva";"Dupla";"Curva";"Não";1;0;0;0;1;0;0;1;-16,29869398;-54,76073095;"SPRF-MT";"DEL02-MT";"UOP01-DEL02-MT"
393103;2021-10-31;"domingo";"09:00:00";"ES";262;158;"IBATIBA";"Acessar a via sem observar a presença dos outros veículos";"Colisão lateral mesmo sentido";"Com Vítimas Feridas";"Pleno dia";"Decrescente";"Céu Claro";"Simples";"Rotatória";"Sim";2;0;1;0;1;0;1;2;-20,23111383;-41,49626094;"SPRF-ES";"DEL01-ES";"UOP02-DEL01-ES"
393104;2021-10-31;"domingo";"15:00:00";"PB";230;15;"CABEDELO";"Acumulo de areia ou detritos sobre o pavimento";"Tombamento";"Com Vítimas Feridas";"Pleno dia";"Crescente";"Sol";"Dupla";"Aclive";"Sim";1;0;0;1;0;0;1;1;-7,10199991;-34,84749556;"SPRF-PB";"DEL01-PB";"UOP01-DEL01-PB"
393105;2021-10-31;"domingo";"07:40:00";"SC";116;286,3;"CAPAO ALTO";"Manobra de mudança de faixa";"Saída de leito carroçável";"Com Vítimas Feridas";"Pleno dia";"Crescente";"Nublado";"Simples";"Reta";"Não";1;0;0;1;0;0;1;1;-28,08569213;-50,59119089;"SPRF-SC";"DEL05-SC";"UOP02-DEL05-SC"
393106;2021-10-31;"domingo";"13:20:00";"RJ";40;84;"PETROPOLIS";"Ingestão de substâncias psicoativas pelo condutor";"Saída de leito carroçável";"Com Vítimas Feridas";"Pleno dia";"Crescente";"Nublado";"Simples";"Reta";"Não";1;0;1;0;0;0;1;1;-22,52145512;-43,23707996;"SPRF-RJ";"DEL06-RJ";"UOP01-DEL06-RJ"
393107;2021-10-31;"domingo";"15:00:00";"PR";277;727,8;"FOZ DO IGUACU";"Velocidade Incompatível";"Colisão com objeto";"Sem Vítimas";"Pleno dia";"Crescente";"Sol";"Dupla";"Reta";"Sim";1;0;0;0;0;1;0;1;-25,50967898;-54,5721817;"SPRF-PR";"DEL05-PR";"UOP03-DEL05-PR"
393108;2021-10-31;"domingo";"15:15:00";"MG";40;656,4;"CRISTIANO OTONI";"Velocidade Incompatível";"Colisão com objeto";"Com Vítimas Feridas";"Pleno dia";"Decrescente";"Nublado";"Dupla";"Declive;Curva";"Não";1;0;1;0;0;0;1;1;-20,879724;-43,800623;"SPRF-MG";"DEL05-MG";"UOP02-DEL05-MG"
393109;2021-10-31;"domingo";"14:45:00";"RJ";40;117;"DUQUE DE CAXIAS";"Velocidade Incompatível";"Colisão traseira";"Sem Vítimas";"Pleno dia";"Decrescente";"Nublado";"Múltipla";"Reta";"Sim";2;0;0;0;2;0;0;2;-22,745676;-43,2881;"SPRF-RJ";"DEL01-RJ";"UOP01-DEL01-RJ"
393110;2021-10-31;"domingo";"08:55:00";"SC";101;143;"ITAPEMA";"Manobra de mudança de faixa";"Colisão lateral mesmo sentido";"Com Vítimas Feridas";"Pleno dia";"Crescente";"Nublado";"Dupla";"Reta";"Sim";2;0;1;0;1;0;1;2;-27,06436;-48,59599405;"SPRF-SC";"DEL04-SC";"UOP03-DEL04-SC"
393111;2021-10-31;"domingo";"15:20:00";"RS";290;721;"URUGUAIANA";"Reação tardia ou ineficiente do condutor";"Colisão traseira";"Com Vítimas Feridas";"Pleno dia";"Decrescente";"Céu Claro";"Simples";"Reta";"Sim";3;0;2;0;1;0;2;2;-29,758587;-57,060295;"SPRF-RS";"DEL13-RS";"UOP01-DEL13-RS"
393113;2021-10-31;"domingo";"15:15:00";"RS";470;228,8;"GARIBALDI";"Acessar a via sem observar a presença dos outros veículos";"Colisão transversal";"Com Vítimas Feridas";"Pleno dia";"Decrescente";"Nublado";"Simples";"Reta;Interseção de Vias";"Não";2;0;1;1;0;0;2;2;-29,26905635;-51,49904788;"SPRF-RS";"DEL06-RS";"UOP01-DEL06-RS"
393115;2021-10-31;"domingo";"11:25:00";"SP";116;505;"CAJATI";"Reação tardia ou ineficiente do condutor";"Saída de leito carroçável";"Com Vítimas Feridas";"Pleno dia";"Crescente";"Chuva";"Simples";"Curva";"Não";2;0;1;0;1;0;1;1;-24,79633824;-48,2145524;"SPRF-SP";"DEL05-SP";"UOP02-DEL05-SP"
393117;2021-10-31;"domingo";"14:55:00";"PR";376;303;"MAUA DA SERRA";"Acumulo de areia ou detritos sobre o pavimento";"Tombamento";"Com Vítimas Feridas";"Pleno dia";"Decrescente";"Céu Claro";"Dupla";"Aclive;Curva";"Não";1;0;1;0;0;0;1;1;-23,94940698;-51,11940888;"SPRF-PR";"DEL07-PR";"UOP02-DEL07-PR"
393118;2021-10-31;"domingo";"16:15:00";"RJ";116;275;"BARRA MANSA";"Acumulo de água sobre o pavimento";"Colisão com objeto";"Com Vítimas Feridas";"Pleno dia";"Decrescente";"Chuva";"Dupla";"Curva";"Não";4;0;3;0;1;0;3;1;-22,56207185;-44,15671311;"SPRF-RJ";"DEL07-RJ";"UOP02-DEL07-RJ"
393120;2021-10-31;"domingo";"14:00:00";"SC";101;155;"PORTO BELO";"Acessar a via sem observar a presença dos outros veículos";"Tombamento";"Com Vítimas Feridas";"Pleno dia";"Crescente";"Céu Claro";"Dupla";"Reta";"Não";1;0;1;0;0;0;1;1;-27,16292;-48,61129;"SPRF-SC";"DEL04-SC";"UOP03-DEL04-SC"
393124;2021-10-31;"domingo";"17:15:00";"PR";277;533;"IBEMA";"Conversão proibida";"Colisão transversal";"Com Vítimas Feridas";"Pleno dia";"Crescente";"Céu Claro";"Simples";"Reta;Declive";"Não";3;0;3;0;0;0;3;2;-25,10263134;-52,98760772;"SPRF-PR";"DEL04-PR";"UOP01-DEL04-PR"
393126;2021-10-31;"domingo";"14:45:00";"MS";163;258,6;"DOURADOS";"Avarias e/ou desgaste excessivo no pneu";"Tombamento";"Com Vítimas Feridas";"Pleno dia";"Decrescente";"Céu Claro";"Dupla";"Reta";"Sim";2;0;1;1;0;0;2;1;-22,25647727;-54,77937162;"SPRF-MS";"DEL04-MS";"UOP01-DEL04-MS"
393127;2021-10-31;"domingo";"16:50:00";"CE";20;379;"CAUCAIA";"Avarias e/ou desgaste excessivo no pneu";"Queda de ocupante de veículo";"Com Vítimas Feridas";"Pleno dia";"Crescente";"Céu Claro";"Simples";"Reta";"Não";2;0;2;0;0;0;2;1;-3,92375994;-38,8559921;"SPRF-CE";"DEL01-CE";"UOP01-DEL01-CE"
393128;2021-10-31;"domingo";"17:20:00";"PR";277;34;"MORRETES";"Velocidade Incompatível";"Saída de leito carroçável";"Com Vítimas Feridas";"Anoitecer";"Decrescente";"Chuva";"Dupla";"Declive";"Não";2;0;1;0;1;0;1;1;-25,57124648;-48,81843567;"SPRF-PR";"DEL01-PR";"UOP05-DEL01-PR"
393129;2021-10-31;"domingo";"15:40:00";"PR";277;456;"LARANJEIRAS DO SUL";"Ausência de reação do condutor";"Saída de leito carroçável";"Com Vítimas Feridas";"Pleno dia";"Decrescente";"Céu Claro";"Simples";"Reta";"Não";2;0;2;0;0;0;2;1;-25,385905;-52,413842;"SPRF-PR";"DEL04-PR";"UOP02-DEL04-PR"
393130;2021-10-31;"domingo";"17:45:00";"MG";40;493;"ESMERALDAS";"Demais falhas mecânicas ou elétricas";"Tombamento";"Com Vítimas Feridas";"Anoitecer";"Crescente";"Céu Claro";"Dupla";"Reta";"Não";2;0;0;1;1;0;1;1;-19,64620694;-44,20301977;"SPRF-MG";"DEL02-MG";"UOP01-DEL02-MG"
393131;2021-10-31;"domingo";"16:00:00";"RJ";116;284;"BARRA MANSA";"Acumulo de água sobre o pavimento";"Saída de leito carroçável";"Com Vítimas Feridas";"Pleno dia";"Decrescente";"Chuva";"Múltipla";"Curva";"Não";2;0;1;0;1;0;1;1;-22,51174295;-44,21705393;"SPRF-RJ";"DEL07-RJ";"UOP02-DEL07-RJ"
393133;2021-10-31;"domingo";"17:30:00";"PR";116;9,9;"COLOMBO";"Ingestão de álcool pelo condutor";"Saída de leito carroçável";"Sem Vítimas";"Pleno dia";"Decrescente";"Garoa/Chuvisco";"Dupla";"Declive";"Sim";1;0;0;0;1;0;0;1;-25,3708;-49,1246;"SPRF-PR";"DEL01-PR";"UOP02-DEL01-PR"
393134;2021-10-31;"domingo";"15:50:00";"MT";163;851;"SINOP";"Ultrapassagem Indevida";"Saída de leito carroçável";"Sem Vítimas";"Pleno dia";"Decrescente";"Chuva";"Simples";"Declive;Reta";"Não";3;0;0;0;2;1;0;1;-11,71728312;-55,45774352;"SPRF-MT";"DEL06-MT";"NPF/DEL06-MT"
393136;2021-10-31;"domingo";"17:40:00";"GO";153;311;"RIALMA";"Velocidade Incompatível";"Capotamento";"Com Vítimas Feridas";"Pleno dia";"Crescente";"Chuva";"Simples";"Curva";"Não";1;0;1;0;0;0;1;1;-15,375852;-49,55616;"SPRF-GO";"DEL02-GO";"UOP02-DEL02-GO"
393137;2021-10-31;"domingo";"18:20:00";"PI";343;577,6;"FLORIANO";"Animais na Pista";"Atropelamento de Animal";"Com Vítimas Fatais";"Plena Noite";"Crescente";"Céu Claro";"Simples";"Reta";"Não";1;1;0;0;0;0;0;1;-6,793288;-42,9221;"SPRF-PI";"DEL03-PI";"UOP01-DEL03-PI"
393139;2021-10-31;"domingo";"17:30:00";"MG";381;888,3;"CAMBUI";"Velocidade Incompatível";"Colisão com objeto";"Sem Vítimas";"Pleno dia";"Decrescente";"Chuva";"Dupla";"Curva";"Não";2;0;0;0;2;0;0;1;-22,57036508;-46,04169076;"SPRF-MG";"DEL16-MG";"UOP03-DEL16-MG"
393140;2021-10-11;"segunda-feira";"18:00:00";"SC";116;104;"MONTE CASTELO";"Pista em desnível";"Saída de leito carroçável";"Com Vítimas Feridas";"Plena Noite";"Decrescente";"Chuva";"Simples";"Aclive;Reta";"Não";3;0;1;0;1;1;1;3;-26,742656;-50,31436699;"SPRF-SC";"DEL06-SC";"UOP02-DEL06-SC"
393141;2021-10-31;"domingo";"16:05:00";"RJ";356;65;"ITAPERUNA";"Chuva";"Colisão frontal";"Com Vítimas Feridas";"Pleno dia";"Decrescente";"Chuva";"Simples";"Reta";"Não";2;0;1;0;1;0;1;2;-21,34906796;-41,7137759;"SPRF-RJ";"DEL08-RJ";"UOP03-DEL08-RJ"
393142;2021-10-31;"domingo";"18:30:00";"PR";369;144;"LONDRINA";"Reação tardia ou ineficiente do condutor";"Capotamento";"Sem Vítimas";"Plena Noite";"Crescente";"Nublado";"Dupla";"Aclive;Reta";"Não";1;0;0;0;0;1;0;1;-23,29350102;-51,10909045;"SPRF-PR";"DEL07-PR";"UOP01-DEL07-PR"
393143;2021-10-31;"domingo";"18:50:00";"SC";101;199;"SAO JOSE";"Velocidade Incompatível";"Colisão com objeto";"Sem Vítimas";"Plena Noite";"Decrescente";"Céu Claro";"Múltipla";"Reta";"Sim";1;0;0;0;1;0;0;1;-27,53413705;-48,63003205;"SPRF-SC";"DEL01-SC";"UOP01-DEL01-SC"
393144;2021-10-31;"domingo";"19:00:00";"SP";116;498,5;"CAJATI";"Pista Escorregadia";"Saída de leito carroçável";"Sem Vítimas";"Plena Noite";"Crescente";"Chuva";"Simples";"Curva";"Não";1;0;0;0;1;0;0;1;-24,77566399;-48,17082817;"SPRF-SP";"DEL05-SP";"UOP02-DEL05-SP"
393145;2021-10-31;"domingo";"19:04:00";"RS";116;243,7;"SAO LEOPOLDO";"Ingestão de álcool e/ou substâncias psicoativas pelo pedestre";"Atropelamento de Pedestre";"Com Vítimas Feridas";"Plena Noite";"Decrescente";"Céu Claro";"Dupla";"Reta";"Sim";2;0;1;0;0;1;1;2;-29,73196199;-51,14952004;"SPRF-RS";"DEL01-RS";"UOP02-DEL01-RS"
393148;2021-10-31;"domingo";"06:50:00";"GO";153;545,5;"HIDROLANDIA";"Ingestão de álcool pelo condutor";"Queda de ocupante de veículo";"Com Vítimas Feridas";"Pleno dia";"Decrescente";"Nublado";"Dupla";"Reta";"Não";1;0;1;0;0;0;1;1;-17,098;-49,2182;"SPRF-GO";"DEL01-GO";"UOP03-DEL01-GO"
393150;2021-10-31;"domingo";"17:10:00";"BA";407;48,4;"JUAZEIRO";"Demais falhas mecânicas ou elétricas";"Saída de leito carroçável";"Com Vítimas Feridas";"Pleno dia";"Crescente";"Céu Claro";"Simples";"Reta";"Não";1;0;0;1;0;0;1;1;-9,79759009;-40,32393919;"SPRF-BA";"DEL04-BA";"UOP01-DEL04-BA"
393151;2021-10-31;"domingo";"19:35:00";"SE";101;93,4;"NOSSA SENHORA DO SOCORRO";"Ingestão de álcool pelo condutor";"Colisão transversal";"Com Vítimas Feridas";"Plena Noite";"Decrescente";"Céu Claro";"Dupla";"Rotatória";"Sim";4;0;1;2;1;0;3;2;-10,90560644;-37,14962482;"SPRF-SE";"DEL01-SE";"UOP01-DEL01-SE"
393152;2021-10-31;"domingo";"10:45:00";"MS";163;207;"CAARAPO";"Condutor Dormindo";"Queda de ocupante de veículo";"Com Vítimas Feridas";"Pleno dia";"Crescente";"Céu Claro";"Dupla";"Reta";"Sim";1;0;0;1;0;0;1;1;-22,64660094;-54,81213792;"SPRF-MS";"DEL04-MS";"UOP02-DEL04-MS"
393153;2021-10-31;"domingo";"18:40:00";"PR";369;412,3;"JURANDA";"Velocidade Incompatível";"Colisão traseira";"Sem Vítimas";"Plena Noite";"Decrescente";"Nublado";"Simples";"Curva";"Não";3;0;0;0;3;0;0;2;-24,3445;-52,7277;"SPRF-PR";"DEL04-PR";"UOP03-DEL04-PR"
393155;2021-10-31;"domingo";"19:34:00";"RN";406;152;"CEARA-MIRIM";"Animais na Pista";"Queda de ocupante de veículo";"Com Vítimas Feridas";"Plena Noite";"Decrescente";"Céu Claro";"Simples";"Reta";"Não";2;0;1;0;1;0;1;2;-5,65651272;-35,41672366;"SPRF-RN";"DEL02-RN";"UOP01-DEL02-RN"
393157;2021-10-31;"domingo";"19:55:00";"SP";116;141,1;"SAO JOSE DOS CAMPOS";"Ausência de sinalização";"Colisão traseira";"Com Vítimas Feridas";"Plena Noite";"Crescente";"Chuva";"Dupla";"Reta";"Sim";1;0;1;0;0;0;1;1;-23,17004717;-45,82091491;"SPRF-SP";"DEL02-SP";"UOP01-DEL02-SP"
393159;2021-10-31;"domingo";"19:15:00";"SC";101;128,8;"ITAJAI";"Reação tardia ou ineficiente do condutor";"Colisão traseira";"Com Vítimas Feridas";"Plena Noite";"Crescente";"Nublado";"Dupla";"Reta";"Não";2;0;1;0;1;0;1;2;-26,97284292;-48,68299451;"SPRF-SC";"DEL04-SC";"UOP03-DEL04-SC"
393160;2021-10-31;"domingo";"20:00:00";"PE";408;100,4;"SAO LOURENCO DA MATA";"Ingestão de álcool pelo condutor";"Colisão com objeto";"Com Vítimas Feridas";"Plena Noite";"Decrescente";"Céu Claro";"Múltipla";"Curva";"Não";1;0;1;0;0;0;1;1;-8,045435;-35,010256;"SPRF-PE";"DEL01-PE";"UOP01-DEL01-PE"
393161;2021-10-31;"domingo";"19:30:00";"MG";40;702,4;"BARBACENA";"Velocidade Incompatível";"Saída de leito carroçável";"Sem Vítimas";"Plena Noite";"Crescente";"Chuva";"Dupla";"Curva";"Não";1;0;0;0;0;1;0;1;-21,19178602;-43,75167711;"SPRF-MG";"DEL05-MG";"UOP02-DEL05-MG"
393164;2021-10-31;"domingo";"20:00:00";"SP";116;146;"SAO JOSE DOS CAMPOS";"Reação tardia ou ineficiente do condutor";"Colisão transversal";"Com Vítimas Feridas";"Plena Noite";"Decrescente";"Chuva";"Dupla";"Reta";"Sim";2;0;1;0;1;0;1;2;-23,19122919;-45,86327591;"SPRF-SP";"DEL02-SP";"UOP01-DEL02-SP"
393165;2021-10-31;"domingo";"19:20:00";"GO";60;113,9;"TEREZOPOLIS DE GOIAS";"Pedestre andava na pista";"Atropelamento de Pedestre";"Com Vítimas Fatais";"Plena Noite";"Crescente";"Chuva";"Dupla";"Aclive";"Não";5;1;0;0;4;0;0;2;-16,47338996;-49,07939499;"SPRF-GO";"DEL01-GO";"UOP01-DEL01-GO"
393166;2021-10-19;"terça-feira";"17:49:00";"SC";470;50;"BLUMENAU";"Avarias e/ou desgaste excessivo no pneu";"Tombamento";"Com Vítimas Feridas";"Pleno dia";"Crescente";"Nublado";"Dupla";"Reta";"Não";2;0;1;0;1;0;1;1;-26,859768;-49,074493;"SPRF-SC";"DEL04-SC";"UOP01-DEL04-SC"
393168;2021-10-31;"domingo";"19:15:00";"RR";401;0;"BOA VISTA";"Ausência de reação do condutor";"Colisão traseira";"Sem Vítimas";"Plena Noite";"Decrescente";"Nublado";"Dupla";"Rotatória;Interseção de Vias";"Sim";2;0;0;0;2;0;0;2;2,8061678;-60,68998;"SPRF-RR";"DEL01-RR";"UOP01-DEL01-RR"
393171;2021-10-31;"domingo";"16:40:00";"SC";282;31;"AGUAS MORNAS";"Chuva";"Colisão frontal";"Com Vítimas Feridas";"Pleno dia";"Decrescente";"Chuva";"Simples";"Aclive;Curva";"Não";4;0;1;3;0;0;4;2;-27,695198;-48,793308;"SPRF-SC";"DEL01-SC";"UOP03-DEL01-SC"
393172;2021-10-31;"domingo";"19:20:00";"BA";242;3;"BARREIRAS";"Demais falhas mecânicas ou elétricas";"Colisão traseira";"Com Vítimas Feridas";"Plena Noite";"Crescente";"Céu Claro";"Simples";"Reta";"Não";3;0;1;0;2;0;1;2;-12,153215;-44,990364;"SPRF-BA";"DEL10-BA";"UOP01-DEL10-BA"
393174;2021-10-31;"domingo";"20:15:00";"RJ";116;305;"RESENDE";"Estacionar ou parar em local proibido";"Colisão traseira";"Com Vítimas Feridas";"Plena Noite";"Crescente";"Chuva";"Dupla";"Interseção de Vias";"Sim";3;0;0;1;2;0;1;3;-22,45573779;-44,39454802;"SPRF-RJ";"DEL07-RJ";"UOP02-DEL07-RJ"
393182;2021-10-31;"domingo";"19:30:00";"ES";101;286,5;"CARIACICA";"Ausência de reação do condutor";"Colisão com objeto";"Com Vítimas Fatais";"Plena Noite";"Crescente";"Chuva";"Dupla";"Reta";"Não";1;1;0;0;0;0;0;1;-20,25902175;-40,37753412;"SPRF-ES";"DEL01-ES";"UOP01-DEL01-ES"
393183;2021-10-31;"domingo";"21:20:00";"PE";101;79,5;"JABOATAO DOS GUARARAPES";"Declive acentuado";"Saída de leito carroçável";"Com Vítimas Feridas";"Plena Noite";"Crescente";"Céu Claro";"Dupla";"Reta";"Sim";1;0;1;0;0;0;1;1;-8,149261;-34,943445;"SPRF-PE";"DEL01-PE";"UOP01-DEL01-PE"