"id";"data_inversa";"dia_semana";"horario";"uf";"br";"km";"municipio";"causa_acidente";"tipo_acidente";"classificacao_acidente";"fase_dia";"sentido_via";"condicao_metereologica";"tipo_pista";"tracado_via";"uso_solo";"pessoas";"mortos";"feridos_leves";"feridos_graves";"ilesos";"ignorados";"feridos";"veiculos";"latitude";"longitude";"regional";"delegacia";"uop"
393185;2021-10-31;"domingo";"21:40:00";"RS";290;83;"CACHOEIRINHA";"Ingestão de álcool pelo condutor";"Saída de leito carroçável";"Com Vítimas Feridas";"Plena Noite";"Crescente";"Céu Claro";"Múltipla";"Curva";"Sim";1;0;1;0;0;0;1;1;-29,959141;-51,088791;"SPRF-RS";"DEL01-RS";"UOP01-DEL01-RS"
393186;2021-10-31;"domingo";"22:00:00";"GO";40;10,9;"LUZIANIA";"Condutor Dormindo";"Colisão com objeto";"Com Vítimas Feridas";"Plena Noite";"Decrescente";"Nublado";"Dupla";"Reta";"Sim";1;0;0;1;0;0;1;1;-16,131285;-47,957923;"SPRF-DF";"DEL01-DF";"UOP01-DEL01-DF"
393187;2021-10-31;"domingo";"18:15:00";"PR";277;331,6;"GUARAPUAVA";"Velocidade Incompatível";"Saída de leito carroçável";"Sem Vítimas";"Plena Noite";"Crescente";"Nublado";"Dupla";"Curva";"Sim";1;0;0;0;0;1;0;1;-25,37369557;-51,31824195;"SPRF-PR";"DEL08-PR";"UOP01-DEL08-PR"
393189;2021-10-31;"domingo";"20:30:00";"MG";50;78;"UBERLANDIA";"Ausência de reação do condutor";"Tombamento";"Com Vítimas Feridas";"Plena Noite";"Crescente";"Céu Claro";"Dupla";"Reta";"Sim";1;0;1;0;0;0;1;1;-18,986906;-48,211853;"SPRF-MG";"DEL15-MG";"UOP01-DEL15-MG"
393194;2021-10-31;"domingo";"23:00:00";"RN";101;150,5;"GOIANINHA";"Condutor Dormindo";"Saída de leito carroçável";"Com Vítimas Feridas";"Plena Noite";"Decrescente";"Céu Claro";"Dupla";"Reta";"Não";1;0;1;0;0;0;1;1;-6,29468514;-35,19627929;"SPRF-RN";"DEL01-RN";"UOP01-DEL01-RN"
393196;2021-10-31;"domingo";"22:15:00";"SC";470;339;"CAMPOS NOVOS";"Velocidade Incompatível";"Saída de leito carroçável";"Com Vítimas Feridas";"Plena Noite";"Crescente";"Céu Claro";"Simples";"Reta";"Não";1;0;1;0;0;0;1;1;-27,52684;-51,36031;"SPRF-SC";"DEL07-SC";"UOP06-DEL07-SC"
393198;2021-10-31;"domingo";"18:00:00";"RS";293;251,2;"DOM PEDRITO";"Velocidade Incompatível";"Colisão com objeto";"Com Vítimas Feridas";"Anoitecer";"Crescente";"Céu Claro";"Simples";"Reta";"Sim";2;0;2;0;0;0;2;1;-30,964394;-54,66957;"SPRF-RS";"DEL11-RS";"UOP01-DEL11-RS"
393200;2021-10-31;"domingo";"22:20:00";"GO";153;508,7;"APARECIDA DE GOIANIA";"Reação tardia ou ineficiente do condutor";"Colisão com objeto";"Com Vítimas Feridas";"Plena Noite";"Crescente";"Chuva";"Dupla";"Curva;Declive";"Sim";1;0;1;0;0;0;1;1;-16,7804;-49,2371;"SPRF-GO";"DEL01-GO";"UOP03-DEL01-GO"
393202;2021-10-31;"domingo";"23:30:00";"MG";116;589,8;"MANHUACU";"Ausência de reação do condutor";"Saída de leito carroçável";"Sem Vítimas";"Plena Noite";"Crescente";"Chuva";"Simples";"Curva";"Não";1;0;0;0;0;1;0;1;-20,247452;-42,1437;"SPRF-MG";"DEL06-MG";"UOP03-DEL06-MG"
393203;2021-10-31;"domingo";"22:00:00";"RJ";356;107,9;"CARDOSO MOREIRA";"Acumulo de água sobre o pavimento";"Saída de leito carroçável";"Com Vítimas Feridas";"Plena Noite";"Crescente";"Chuva";"Simples";"Reta";"Não";3;0;3;0;0;0;3;1;-21,54542261;-41,4746409;"SPRF-RJ";"DEL08-RJ";"UOP03-DEL08-RJ"
393205;2021-10-31;"domingo";"21:45:00";"RS";470;174,4;"VERANOPOLIS";"Ingestão de álcool pelo condutor";"Saída de leito carroçável";"Com Vítimas Feridas";"Plena Noite";"Crescente";"Céu Claro";"Simples";"Curva";"Não";1;0;1;0;0;0;1;1;-28,91426441;-51,54056132;"SPRF-RS";"DEL06-RS";"UOP02-DEL06-RS"
393206;2021-10-31;"domingo";"22:00:00";"RJ";40;77;"PETROPOLIS";"Velocidade Incompatível";"Colisão com objeto";"Sem Vítimas";"Plena Noite";"Crescente";"Chuva";"Simples";"Curva;Declive";"Não";3;0;0;0;2;1;0;1;-22,485127;-43,229464;"SPRF-RJ";"DEL06-RJ";"UOP01-DEL06-RJ"
393207;2021-11-01;"segunda-feira";"00:10:00";"PR";373;259,1;"PRUDENTOPOLIS";"Animais na Pista";"Atropelamento de Animal";"Com Vítimas Feridas";"Plena Noite";"Decrescente";"Nublado";"Simples";"Reta";"Não";3;0;2;0;1;0;2;1;-25,206547;-50,936092;"SPRF-PR";"DEL03-PR";"UOP04-DEL03-PR"
393208;2021-10-31;"domingo";"23:25:00";"TO";153;496;"PARAISO DO TOCANTINS";"Acessar a via sem observar a presença dos outros veículos";"Colisão transversal";"Com Vítimas Feridas";"Plena Noite";"Crescente";"Céu Claro";"Simples";"Interseção de Vias";"Sim";2;0;1;0;1;0;1;2;-10,16527794;-48,88094578;"SPRF-TO";"DEL01-TO";"UOP01-DEL01-TO"
393209;2021-11-01;"segunda-feira";"00:05:00";"PR";376;589,2;"CURITIBA";"Ingestão de álcool pelo condutor";"Colisão traseira";"Com Vítimas Feridas";"Plena Noite";"Decrescente";"Chuva";"Dupla";"Reta";"Sim";3;0;1;0;1;1;1;2;-25,44273905;-49,36419842;"SPRF-PR";"DEL01-PR";"UOP01-DEL01-PR"
393211;2021-10-31;"domingo";"17:45:00";"SC";282;433,5;"VARGEM BONITA";"Ultrapassagem Indevida";"Saída de leito carroçável";"Com Vítimas Feridas";"Pleno dia";"Crescente";"Céu Claro";"Simples";"Reta";"Não";5;0;5;0;0;0;5;1;-26,97752;-51,823841;"SPRF-SC";"DEL07-SC";"UOP05-DEL07-SC"
393212;2021-11-01;"segunda-feira";"01:55:00";"RJ";116;179;"NOVA IGUACU";"Condutor deixou de manter distância do veículo da frente";"Colisão traseira";"Com Vítimas Feridas";"Plena Noite";"Crescente";"Chuva";"Dupla";"Reta";"Sim";4;0;3;1;0;0;4;2;-22,769902;-43,408036;"SPRF-RJ";"DEL01-RJ";"UOP02-DEL01-RJ"
393213;2021-10-31;"domingo";"18:30:00";"MG";381;606,6;"OLIVEIRA";"Velocidade Incompatível";"Colisão com objeto";"Sem Vítimas";"Plena Noite";"Decrescente";"Chuva";"Dupla";"Curva;Declive";"Não";1;0;0;0;0;1;0;1;-20,67638406;-44,73850226;"SPRF-MG";"DEL04-MG";"UOP01-DEL04-MG"
393214;2021-11-01;"segunda-feira";"02:30:00";"GO";153;44;"PORANGATU";"Transitar na contramão";"Colisão frontal";"Com Vítimas Fatais";"Plena Noite";"Decrescente";"Céu Claro";"Simples";"Reta";"Não";2;1;0;0;1;0;0;2;-13,200286;-49,157761;"SPRF-GO";"DEL07-GO";"UOP01-DEL07-GO"
393215;2021-11-01;"segunda-feira";"03:20:00";"SP";153;63,9;"SAO JOSE DO RIO PRETO";"Ingestão de álcool pelo condutor";"Saída de leito carroçável";"Sem Vítimas";"Plena Noite";"Decrescente";"Céu Claro";"Dupla";"Reta";"Sim";2;0;0;0;2;0;0;1;-20,82938293;-49,36059661;"SPRF-SP";"DEL09-SP";"UOP01-DEL09-SP"
393216;2021-11-01;"segunda-feira";"04:10:00";"GO";50;268,5;"CATALAO";"Ausência de reação do condutor";"Saída de leito carroçável";"Com Vítimas Feridas";"Amanhecer";"Decrescente";"Céu Claro";"Dupla";"Reta";"Não";2;0;0;2;0;0;2;1;-18,0944;-47,8761;"SPRF-GO";"DEL06-GO";"UOP01-DEL06-GO"
393217;2021-10-31;"domingo";"22:30:00";"CE";222;328,5;"TIANGUA";"Iluminação deficiente";"Atropelamento de Pedestre";"Com Vítimas Fatais";"Plena Noite";"Decrescente";"Vento";"Simples";"Reta";"Não";2;1;0;0;1;0;0;2;-3,82591043;-41,10762119;"SPRF-CE";"DEL04-CE";"UOP02-DEL04-CE"
393218;2021-10-31;"domingo";"23:00:00";"MG";381;482,6;"BETIM";"Chuva";"Queda de ocupante de veículo";"Com Vítimas Feridas";"Plena Noite";"Crescente";"Chuva";"Simples";"Reta";"Sim";1;0;1;0;0;0;1;1;-19,955532;-44,097209;"SPRF-MG";"DEL01-MG";"UOP03-DEL01-MG"
393221;2021-10-31;"domingo";"18:50:00";"MS";267;195;"NOVA ALVORADA DO SUL";"Condutor deixou de manter distância do veículo da frente";"Colisão traseira";"Com Vítimas Feridas";"Plena Noite";"Decrescente";"Céu Claro";"Simples";"Reta";"Não";2;0;1;0;1;0;1;2;-21,59121395;-53,90219597;"SPRF-MS";"DEL02-MS";"UOP03-DEL02-MS"
393222;2021-11-01;"segunda-feira";"04:49:00";"SP";116;215;"GUARULHOS";"Ausência de reação do condutor";"Colisão traseira";"Sem Vítimas";"Amanhecer";"Decrescente";"Chuva";"Múltipla";"Reta";"Sim";3;0;0;0;3;0;0;3;-23,44695693;-46,45394103;"SPRF-SP";"DEL01-SP";"UOP01-DEL01-SP"
393223;2021-11-01;"segunda-feira";"05:00:00";"SP";116;269,4;"TABOAO DA SERRA";"Desrespeitar a preferência no cruzamento";"Colisão transversal";"Com Vítimas Feridas";"Amanhecer";"Crescente";"Chuva";"Múltipla";"Reta";"Sim";3;0;1;1;0;1;2;2;-23,61593059;-46,78826044;"SPRF-SP";"DEL04-SP";"UOP01-DEL04-SP"
393224;2021-10-31;"domingo";"13:50:00";"RO";364;490;"ARIQUEMES";"Reação tardia ou ineficiente do condutor";"Saída de leito carroçável";"Com Vítimas Feridas";"Pleno dia";"Crescente";"Céu Claro";"Simples";"Reta";"Não";1;0;1;0;0;0;1;1;-10,10375419;-62,94643309;"SPRF-RO";"DEL03-RO";"UOP01-DEL03-RO"
393226;2021-10-31;"domingo";"21:40:00";"RJ";116;114;"GUAPIMIRIM";"Velocidade Incompatível";"Saída de leito carroçável";"Com Vítimas Feridas";"Plena Noite";"Decrescente";"Chuva";"Dupla";"Reta";"Não";2;0;0;1;1;0;1;1;-22,58009519;-43,0114958;"SPRF-RJ";"DEL04-RJ";"UOP02-DEL04-RJ"
393229;2021-10-31;"domingo";"22:20:00";"MG";365;831,9;"SANTA VITORIA";"Ausência de reação do condutor";"Colisão lateral sentido oposto";"Com Vítimas Feridas";"Plena Noite";"Decrescente";"Céu Claro";"Simples";"Reta";"Não";2;0;1;0;1;0;1;2;-18,90190394;-50,19473002;"SPRF-MG";"DEL15-MG";"UOP03-DEL15-MG"
393230;2021-11-01;"segunda-feira";"04:00:00";"MA";135;44,4;"BACABEIRA";"Animais na Pista";"Atropelamento de Animal";"Com Vítimas Feridas";"Plena Noite";"Crescente";"Ignorado";"Dupla";"Reta";"Não";2;0;2;0;0;0;2;1;-2,9178575;-44,34673274;"SPRF-MA";"DEL01-MA";"UOP01-DEL01-MA"
393231;2021-11-01;"segunda-feira";"00:15:00";"RJ";356;114;"CARDOSO MOREIRA";"Chuva";"Saída de leito carroçável";"Com Vítimas Feridas";"Plena Noite";"Crescente";"Chuva";"Simples";"Curva";"Não";1;0;1;0;0;0;1;1;-21,58924604;-41,43597104;"SPRF-RJ";"DEL08-RJ";"UOP03-DEL08-RJ"
393233;2021-11-01;"segunda-feira";"03:00:00";"GO";364;9,5;"SAO SIMAO";"Ingestão de álcool pelo condutor";"Saída de leito carroçável";"Com Vítimas Feridas";"Plena Noite";"Crescente";"Céu Claro";"Dupla";"Retorno Regulamentado";"Sim";2;0;2;0;0;0;2;1;-18,99785;-50,563488;"SPRF-GO";"DEL05-GO";"UOP02-DEL05-GO"
393236;2021-11-01;"segunda-feira";"05:30:00";"PE";232;51;"VITORIA DE SANTO ANTAO";"Acessar a via sem observar a presença dos outros veículos";"Colisão transversal";"Com Vítimas Feridas";"Amanhecer";"Decrescente";"Céu Claro";"Dupla";"Reta";"Não";3;0;1;0;1;1;1;2;-8,13823439;-35,33196918;"SPRF-PE";"DEL01-PE";"UOP01-DEL01-PE"
393237;2021-11-01;"segunda-feira";"06:50:00";"PE";232;512;"SALGUEIRO";"Ultrapassagem Indevida";"Colisão frontal";"Com Vítimas Feridas";"Pleno dia";"Crescente";"Céu Claro";"Simples";"Em Obras";"Não";3;0;1;2;0;0;3;2;-8,07319601;-39,15511499;"SPRF-PE";"DEL05-PE";"UOP01-DEL05-PE"
393242;2021-11-01;"segunda-feira";"01:30:00";"RR";174;375;"CARACARAI";"Transitar na contramão";"Colisão lateral sentido oposto";"Com Vítimas Fatais";"Plena Noite";"Decrescente";"Céu Claro";"Simples";"Reta";"Não";2;1;0;1;0;0;1;2;1,891984;-61,114639;"SPRF-RR";"DEL01-RR";"UOP01-DEL01-RR"
393243;2021-10-31;"domingo";"15:15:00";"RS";392;0,1;"RIO GRANDE";"Condutor deixou de manter distância do veículo da frente";"Colisão traseira";"Com Vítimas Feridas";"Pleno dia";"Crescente";"Céu Claro";"Simples";"Reta";"Sim";3;0;2;0;1;0;2;2;-32,03548;-52,09908;"SPRF-RS";"DEL07-RS";"UOP02-DEL07-RS"
393244;2021-11-01;"segunda-feira";"07:20:00";"DF";20;21;"BRASILIA";"Acumulo de óleo sobre o pavimento";"Tombamento";"Com Vítimas Feridas";"Pleno dia";"Crescente";"Nublado";"Dupla";"Aclive";"Sim";1;0;1;0;0;0;1;1;-15,603384;-47,684692;"SPRF-DF";"DEL02-DF";"UOP01-DEL02-DF"
393246;2021-11-01;"segunda-feira";"07:00:00";"PR";277;103;"CURITIBA";"Velocidade Incompatível";"Colisão traseira";"Com Vítimas Feridas";"Pleno dia";"Crescente";"Nublado";"Dupla";"Curva";"Não";2;0;1;0;1;0;1;2;-25,50564195;-49,3407288;"SPRF-PR";"DEL01-PR";"UOP01-DEL01-PR"
393249;2021-11-01;"segunda-feira";"08:10:00";"PR";116;144,7;"MANDIRITUBA";"Acesso irregular";"Colisão traseira";"Com Vítimas Feridas";"Pleno dia";"Decrescente";"Nublado";"Simples";"Aclive";"Não";3;0;2;0;0;1;2;2;-25,76405694;-49,32116324;"SPRF-PR";"DEL01-PR";"UOP03-DEL01-PR"
393251;2021-10-31;"domingo";"17:40:00";"PR";476;241,7;"LAPA";"Avarias e/ou desgaste excessivo no pneu";"Capotamento";"Com Vítimas Feridas";"Pleno dia";"Crescente";"Chuva";"Simples";"Reta";"Não";4;0;2;0;2;0;2;1;-25,86130892;-50,07321596;"SPRF-PR";"DEL02-PR";"UOP04-DEL02-PR"
393252;2021-11-01;"segunda-feira";"06:40:00";"RJ";101;333;"RIO DE JANEIRO";"Animais na Pista";"Engavetamento";"Com Vítimas Feridas";"Pleno dia";"Crescente";"Chuva";"Múltipla";"Reta";"Não";4;0;1;0;2;1;1;4;-22,87827816;-43,21053578;"SPRF-RJ";"DEL02-RJ";"UOP02-DEL02-RJ"
393254;2021-11-01;"segunda-feira";"07:40:00";"RS";116;296;"GUAIBA";"Avarias e/ou desgaste excessivo no pneu";"Tombamento";"Com Vítimas Feridas";"Pleno dia";"Decrescente";"Céu Claro";"Dupla";"Reta";"Não";2;0;2;0;0;0;2;1;-30,08861201;-51,34229993;"SPRF-RS";"DEL02-RS";"UOP01-DEL02-RS"
393255;2021-11-01;"segunda-feira";"08:25:00";"PR";277;27,8;"MORRETES";"Velocidade Incompatível";"Saída de leito carroçável";"Com Vítimas Feridas";"Pleno dia";"Crescente";"Chuva";"Dupla";"Reta";"Não";1;0;1;0;0;0;1;1;-25,52935033;-48,72534598;"SPRF-PR";"DEL01-PR";"UOP05-DEL01-PR"
393256;2021-11-01;"segunda-feira";"08:15:00";"BA";415;49;"ITABUNA";"Condutor deixou de manter distância do veículo da frente";"Colisão traseira";"Com Vítimas Feridas";"Pleno dia";"Decrescente";"Céu Claro";"Simples";"Reta";"Sim";3;0;2;0;1;0;2;2;-14,82006734;-39,30609941;"SPRF-BA";"DEL05-BA";"UOP01-DEL05-BA"
393257;2021-11-01;"segunda-feira";"07:50:00";"SC";101;333,5;"TUBARAO";"Condutor deixou de manter distância do veículo da frente";"Colisão traseira";"Com Vítimas Feridas";"Pleno dia";"Decrescente";"Nublado";"Múltipla";"Reta";"Sim";2;0;1;0;1;0;1;2;-28,46822488;-49,01184976;"SPRF-SC";"DEL02-SC";"UOP01-DEL02-SC"
393258;2021-11-01;"segunda-feira";"08:30:00";"BA";116;2,9;"VITORIA DA CONQUISTA";"Acessar a via sem observar a presença dos outros veículos";"Colisão transversal";"Com Vítimas Feridas";"Pleno dia";"Decrescente";"Céu Claro";"Simples";"Interseção de Vias";"Não";2;0;0;1;1;0;1;2;-14,851;-40,8485;"SPRF-BA";"DEL08-BA";"UOP01-DEL08-BA"
393261;2021-11-01;"segunda-feira";"09:30:00";"RJ";116;312;"ITATIAIA";"Acumulo de água sobre o pavimento";"Capotamento";"Com Vítimas Feridas";"Pleno dia";"Decrescente";"Chuva";"Dupla";"Curva";"Não";2;0;1;0;1;0;1;1;-22,46068623;-44,45262504;"SPRF-RJ";"DEL07-RJ";"UOP02-DEL07-RJ"
393262;2021-11-01;"segunda-feira";"06:00:00";"MG";459;103,3;"POUSO ALEGRE";"Velocidade Incompatível";"Colisão com objeto";"Sem Vítimas";"Pleno dia";"Decrescente";"Chuva";"Dupla";"Retorno Regulamentado";"Sim";1;0;0;0;1;0;0;1;-22,224699;-45,91256;"SPRF-MG";"DEL16-MG";"UOP01-DEL16-MG"
393263;2021-11-01;"segunda-feira";"09:35:00";"SC";101;210,3;"SAO JOSE";"Manobra de mudança de faixa";"Colisão lateral mesmo sentido";"Com Vítimas Feridas";"Pleno dia";"Decrescente";"Chuva";"Múltipla";"Reta;Aclive";"Sim";2;0;0;1;1;0;1;2;-27,61887587;-48,64742875;"SPRF-SC";"DEL01-SC";"UOP01-DEL01-SC"
393264;2021-11-01;"segunda-feira";"09:15:00";"PR";376;617,2;"SAO JOSE DOS PINHAIS";"Velocidade Incompatível";"Saída de leito carroçável";"Sem Vítimas";"Pleno dia";"Crescente";"Chuva";"Dupla";"Curva";"Não";1;0;0;0;1;0;0;1;-25,58426494;-49,17618795;"SPRF-PR";"DEL01-PR";"UOP04-DEL01-PR"
393265;2021-11-01;"segunda-feira";"08:30:00";"MG";381;335;"NOVA ERA";"Velocidade Incompatível";"Saída de leito carroçável";"Com Vítimas Feridas";"Pleno dia";"Decrescente";"Chuva";"Simples";"Curva";"Não";2;0;1;0;1;0;1;1;-19,81700707;-43,06661887;"SPRF-MG";"DEL03-MG";"UOP01-DEL03-MG"
393266;2021-11-01;"segunda-feira";"10:15:00";"RS";116;249;"SAO LEOPOLDO";"Manobra de mudança de faixa";"Colisão lateral mesmo sentido";"Com Vítimas Feridas";"Pleno dia";"Decrescente";"Sol";"Dupla";"Reta";"Sim";2;0;1;0;1;0;1;2;-29,78214582;-51,1597681;"SPRF-RS";"DEL01-RS";"UOP02-DEL01-RS"
393267;2021-09-26;"domingo";"18:45:00";"RJ";116;184;"NOVA IGUACU";"Reação tardia ou ineficiente do condutor";"Engavetamento";"Com Vítimas Feridas";"Anoitecer";"Decrescente";"Céu Claro";"Dupla";"Reta";"Sim";3;0;1;0;2;0;1;3;-22,74112429;-43,49997109;"SPRF-RJ";"DEL01-RJ";"UOP02-DEL01-RJ"
393268;2021-10-03;"domingo";"18:55:00";"MG";40;146,7;"JOAO PINHEIRO";"Velocidade Incompatível";"Colisão traseira";"Com Vítimas Feridas";"Plena Noite";"Decrescente";"Céu Claro";"Simples";"Reta";"Não";4;0;3;0;0;1;3;3;-17,76031425;-46,15533115;"SPRF-MG";"DEL14-MG";"UOP02-DEL14-MG"
393269;2021-11-01;"segunda-feira";"06:30:00";"SC";280;243;"CANOINHAS";"Acostamento em desnível";"Tombamento";"Sem Vítimas";"Amanhecer";"Crescente";"Céu Claro";"Simples";"Reta";"Não";1;0;0;0;1;0;0;1;-26,23350047;-50,47668595;"SPRF-SC";"DEL06-SC";"UOP04-DEL06-SC"
393271;2021-11-01;"segunda-feira";"10:30:00";"RJ";101;320;"NITEROI";"Acumulo de água sobre o pavimento";"Colisão com objeto";"Com Vítimas Feridas";"Pleno dia";"Crescente";"Chuva";"Dupla";"Curva";"Sim";2;0;1;0;1;0;1;1;-22,86171098;-43,10714015;"SPRF-RJ";"DEL02-RJ";"UOP02-DEL02-RJ"
393274;2021-07-26;"segunda-feira";"19:30:00";"RS";116;253;"SAPUCAIA DO SUL";"Acesso irregular";"Colisão traseira";"Sem Vítimas";"Plena Noite";"Decrescente";"Garoa/Chuvisco";"Dupla";"Interseção de Vias";"Sim";2;0;0;0;2;0;0;2;-29,81339634;-51,16873926;"SPRF-RS";"DEL01-RS";"UOP02-DEL01-RS"
393276;2021-11-01;"segunda-feira";"09:40:00";"RS";0;0;"LAVRAS DO SUL";"Acumulo de areia ou detritos sobre o pavimento";"Saída de leito carroçável";"Com Vítimas Feridas";"Pleno dia";"Não Informado";"Céu Claro";"Simples";"Reta";"Não";2;0;2;0;0;0;2;1;-31;-54;"SPRF-RS";"DEL11-RS";"UOP03-DEL11-RS"
393277;2021-11-01;"segunda-feira";"10:32:00";"SC";101;48,8;"JOINVILLE";"Velocidade Incompatível";"Colisão transversal";"Com Vítimas Feridas";"Pleno dia";"Decrescente";"Nublado";"Dupla";"Curva;Declive";"Não";2;0;2;0;0;0;2;2;-26,38149454;-48,85157168;"SPRF-SC";"DEL03-SC";"UOP01-DEL03-SC"
393281;2021-11-01;"segunda-feira";"11:40:00";"RJ";116;277;"BARRA MANSA";"Acumulo de água sobre o pavimento";"Saída de leito carroçável";"Com Vítimas Feridas";"Pleno dia";"Decrescente";"Chuva";"Dupla";"Curva";"Não";1;0;1;0;0;0;1;1;-22,55905501;-44,17284006;"SPRF-RJ";"DEL07-RJ";"UOP02-DEL07-RJ"
393282;2021-11-01;"segunda-feira";"12:05:00";"PA";316;64;"CASTANHAL";"Reação tardia ou ineficiente do condutor";"Colisão frontal";"Com Vítimas Feridas";"Pleno dia";"Crescente";"Céu Claro";"Dupla";"Reta";"Sim";4;0;1;0;3;0;1;2;-1,29629557;-47,91983997;"SPRF-PA";"DEL01-PA";"UOP01-DEL01-PA"
393287;2021-11-01;"segunda-feira";"11:20:00";"PI";343;12;"PARNAIBA";"Falta de elemento de contenção que evite a saída do leito carroçável";"Colisão transversal";"Com Vítimas Feridas";"Pleno dia";"Crescente";"Céu Claro";"Dupla";"Rotatória";"Sim";3;0;2;0;1;0;2;2;-2,910035;-41,753662;"SPRF-PI";"DEL05-PI";"UOP01-DEL05-PI"
393288;2021-11-01;"segunda-feira";"12:15:00";"PR";277;119;"CAMPO LARGO";"Animais na Pista";"Colisão lateral mesmo sentido";"Com Vítimas Feridas";"Pleno dia";"Decrescente";"Céu Claro";"Dupla";"Reta";"Não";2;0;2;0;0;0;2;1;-25,4330687;-49,43430906;"SPRF-PR";"DEL01-PR";"UOP03-DEL03-PR"
393289;2021-11-01;"segunda-feira";"11:45:00";"MG";381;343;"BELA VISTA DE MINAS";"Chuva";"Capotamento";"Com Vítimas Feridas";"Pleno dia";"Decrescente";"Chuva";"Simples";"Curva";"Não";5;0;1;1;3;0;2;1;-19,85663904;-43,10916603;"SPRF-MG";"DEL03-MG";"UOP01-DEL03-MG"
393290;2021-11-01;"segunda-feira";"09:30:00";"PR";376;162,5;"MARINGA";"Condutor deixou de manter distância do veículo da frente";"Colisão traseira";"Com Vítimas Feridas";"Pleno dia";"Decrescente";"Céu Claro";"Dupla";"Aclive";"Não";3;0;2;0;1;0;2;2;-23,37710685;-52,04510993;"SPRF-PR";"DEL09-PR";"UOP01-DEL09-PR"
393291;2021-11-01;"segunda-feira";"12:40:00";"SP";116;65;"GUARATINGUETA";"Acumulo de água sobre o pavimento";"Saída de leito carroçável";"Com Vítimas Feridas";"Pleno dia";"Decrescente";"Chuva";"Dupla";"Curva";"Sim";1;0;1;0;0;0;1;1;-22,823273;-45,192806;"SPRF-SP";"DEL08-SP";"UOP01-DEL08-SP"
393294;2021-11-01;"segunda-feira";"06:45:00";"MG";262;391;"FLORESTAL";"Ausência de reação do condutor";"Capotamento";"Com Vítimas Feridas";"Amanhecer";"Crescente";"Chuva";"Dupla";"Reta";"Não";4;0;4;0;0;0;4;1;-19,92369912;-44,46409813;"SPRF-MG";"DEL01-MG";"UOP03-DEL01-MG"
393295;2021-11-01;"segunda-feira";"13:30:00";"SP";116;19,2;"LAVRINHAS";"Ausência de reação do condutor";"Colisão com objeto";"Com Vítimas Feridas";"Pleno dia";"Crescente";"Chuva";"Dupla";"Curva";"Sim";1;0;1;0;0;0;1;1;-22,56334703;-44,86497596;"SPRF-SP";"DEL08-SP";"UOP02-DEL08-SP"
393298;2021-11-01;"segunda-feira";"12:00:00";"PR";376;639,5;"TIJUCAS DO SUL";"Ausência de reação do condutor";"Tombamento";"Com Vítimas Feridas";"Pleno dia";"Crescente";"Nublado";"Dupla";"Reta";"Não";1;0;1;0;0;0;1;1;-25,78522206;-49,0920639;"SPRF-PR";"DEL01-PR";"UOP04-DEL01-PR"
393303;2021-11-01;"segunda-feira";"08:40:00";"PE";428;192;"PETROLINA";"Acumulo de areia ou detritos sobre o pavimento";"Colisão traseira";"Com Vítimas Feridas";"Pleno dia";"Decrescente";"Céu Claro";"Dupla";"Interseção de Vias";"Sim";2;0;1;0;1;0;1;2;-9,38067769;-40,51113714;"SPRF-PE";"DEL06-PE";"UOP01-DEL06-PE"
393304;2021-11-01;"segunda-feira";"14:30:00";"PR";116;131;"FAZENDA RIO GRANDE";"Manobra de mudança de faixa";"Colisão lateral mesmo sentido";"Sem Vítimas";"Pleno dia";"Crescente";"Garoa/Chuvisco";"Dupla";"Aclive";"Sim";2;0;0;0;2;0;0;2;-25,648307;-49,31251207;"SPRF-PR";"DEL01-PR";"UOP03-DEL01-PR"
393306;2021-11-01;"segunda-feira";"14:00:00";"RS";470;164;"VILA FLORES";"Acessar a via sem observar a presença dos outros veículos";"Colisão transversal";"Com Vítimas Feridas";"Pleno dia";"Decrescente";"Céu Claro";"Simples";"Curva";"Não";2;0;1;0;1;0;1;2;-28,83381495;-51,57472392;"SPRF-RS";"DEL06-RS";"UOP02-DEL06-RS"
393310;2021-11-01;"segunda-feira";"15:40:00";"GO";40;2;"VALPARAISO DE GOIAS";"Reação tardia ou ineficiente do condutor";"Colisão traseira";"Com Vítimas Feridas";"Pleno dia";"Decrescente";"Céu Claro";"Dupla";"Reta";"Sim";2;0;1;0;1;0;1;2;-16,067129;-47,984235;"SPRF-DF";"DEL01-DF";"UOP01-DEL01-DF"
393311;2021-11-01;"segunda-feira";"15:20:00";"MG";381;707,1;"NEPOMUCENO";"Velocidade Incompatível";"Saída de leito carroçável";"Com Vítimas Feridas";"Pleno dia";"Decrescente";"Chuva";"Dupla";"Curva;Declive";"Não";3;0;2;0;1;0;2;1;-21,36199299;-45,19169583;"SPRF-MG";"DEL04-MG";"UOP02-DEL04-MG"
393312;2021-11-01;"segunda-feira";"14:05:00";"PR";376;182;"MARINGA";"Reação tardia ou ineficiente do condutor";"Saída de leito carroçável";"Sem Vítimas";"Pleno dia";"Crescente";"Nublado";"Múltipla";"Rotatória";"Sim";1;0;0;0;0;1;0;1;-23,43203006;-51,88734949;"SPRF-PR";"DEL09-PR";"UOP01-DEL09-PR"
393313;2021-11-01;"segunda-feira";"16:00:00";"MG";40;793,2;"JUIZ DE FORA";"Velocidade Incompatível";"Saída de leito carroçável";"Com Vítimas Feridas";"Pleno dia";"Crescente";"Nublado";"Simples";"Curva";"Não";1;0;0;1;0;0;1;1;-21,79449311;-43,41425031;"SPRF-MG";"DEL05-MG";"UOP01-DEL05-MG"