"id";"data_inversa";"dia_semana";"horario";"uf";"br";"km";"municipio";"causa_acidente";"tipo_acidente";"classificacao_acidente";"fase_dia";"sentido_via";"condicao_metereologica";"tipo_pista";"tracado_via";"uso_solo";"pessoas";"mortos";"feridos_leves";"feridos_graves";"ilesos";"ignorados";"feridos";"veiculos";"latitude";"longitude";"regional";"delegacia";"uop"
393428;2021-11-02;"terça-feira";"07:05:00";"MG";50;56,7;"UBERLANDIA";"Reação tardia ou ineficiente do condutor";"Saída de leito carroçável";"Sem Vítimas";"Pleno dia";"Decrescente";"Céu Claro";"Dupla";"Reta";"Não";1;0;0;0;1;0;0;1;-18,78116115;-48,23825717;"SPRF-MG";"DEL15-MG";"UOP02-DEL15-MG"
393429;2021-11-01;"segunda-feira";"23:35:00";"BA";324;354;"CAPIM GROSSO";"Velocidade Incompatível";"Colisão traseira";"Com Vítimas Fatais";"Plena Noite";"Crescente";"Céu Claro";"Simples";"Reta";"Sim";3;1;0;1;0;1;1;2;-11,37482633;-40,02505481;"SPRF-BA";"DEL04-BA";"UOP02-DEL04-BA"
393431;2021-11-02;"terça-feira";"07:40:00";"PR";476;142;"CURITIBA";"Chuva";"Colisão com objeto";"Sem Vítimas";"Pleno dia";"Crescente";"Chuva";"Simples";"Curva";"Sim";1;0;0;0;1;0;0;1;-25,537161;-49,301632;"SPRF-PR";"DEL01-PR";"UOP03-DEL01-PR"
393432;2021-11-02;"terça-feira";"07:20:00";"GO";60;31;"ALEXANIA";"Acessar a via sem observar a presença dos outros veículos";"Colisão transversal";"Com Vítimas Feridas";"Pleno dia";"Decrescente";"Céu Claro";"Dupla";"Reta";"Sim";2;0;1;0;1;0;1;2;-16,0963;-48,5202;"SPRF-DF";"DEL03-DF";"UOP01-DEL03-DF"
393433;2021-11-02;"terça-feira";"06:20:00";"RO";364;706;"PORTO VELHO";"Ausência de reação do condutor";"Colisão com objeto";"Com Vítimas Fatais";"Amanhecer";"Decrescente";"Céu Claro";"Múltipla";"Curva";"Sim";1;1;0;0;0;0;0;1;-8,8013002;-63,83014798;"SPRF-RO";"DEL01-RO";"UOP01-DEL01-RO"
393434;2021-11-02;"terça-feira";"03:15:00";"MT";364;155,4;"PEDRA PRETA";"Animais na Pista";"Atropelamento de Animal";"Sem Vítimas";"Plena Noite";"Crescente";"Nublado";"Simples";"Reta";"Não";1;0;0;0;1;0;0;1;-16,76718041;-54,25365024;"SPRF-MT";"DEL02-MT";"UOP01-DEL02-MT"
393435;2021-09-15;"quarta-feira";"18:10:00";"MG";365;68;"UBERLANDIA";"Ausência de reação do condutor";"Colisão traseira";"Com Vítimas Feridas";"Anoitecer";"Crescente";"Céu Claro";"Dupla";"Reta";"Sim";2;0;0;1;0;1;1;2;-18,88470618;-48,26558948;"SPRF-MG";"DEL12-MG";"UOP01-DEL12-MG"
393436;2021-11-02;"terça-feira";"09:00:00";"PI";343;341;"TERESINA";"Ausência de reação do condutor";"Colisão traseira";"Com Vítimas Feridas";"Pleno dia";"Crescente";"Céu Claro";"Dupla";"Reta";"Sim";2;0;0;1;0;1;1;2;-5,077812;-42,744255;"SPRF-PI";"DEL01-PI";"UOP01-DEL01-PI"
393437;2021-11-02;"terça-feira";"09:20:00";"PE";232;28;"MORENO";"Reação tardia ou ineficiente do condutor";"Colisão com objeto";"Com Vítimas Feridas";"Pleno dia";"Decrescente";"Céu Claro";"Dupla";"Reta";"Sim";2;0;2;0;0;0;2;1;-8,11290892;-35,13442099;"SPRF-PE";"DEL01-PE";"UOP01-DEL01-PE"
393438;2021-11-02;"terça-feira";"09:00:00";"RS";285;262,5;"MATO CASTELHANO";"Ultrapassagem Indevida";"Saída de leito carroçável";"Com Vítimas Feridas";"Pleno dia";"Decrescente";"Sol";"Simples";"Reta";"Não";4;0;2;1;1;0;3;1;-28,307819;-52,099564;"SPRF-RS";"DEL08-RS";"UOP03-DEL08-RS"
393441;2021-11-02;"terça-feira";"09:30:00";"RJ";356;160;"SAO JOAO DA BARRA";"Demais Fenômenos da natureza";"Colisão com objeto";"Sem Vítimas";"Pleno dia";"Decrescente";"Céu Claro";"Simples";"Reta";"Não";3;0;0;0;3;0;0;1;-21,71992893;-41,17306805;"SPRF-RJ";"DEL08-RJ";"UOP02-DEL08-RJ"
393443;2021-09-26;"domingo";"16:35:00";"RJ";101;66;"CAMPOS DOS GOYTACAZES";"Conversão proibida";"Colisão transversal";"Com Vítimas Feridas";"Pleno dia";"Decrescente";"Céu Claro";"Simples";"Reta";"Sim";3;0;1;1;1;0;2;2;-21,76090387;-41,34788959;"SPRF-RJ";"DEL08-RJ";"UOP02-DEL08-RJ"
393444;2021-11-02;"terça-feira";"06:00:00";"CE";222;126;"ITAPAJE";"Velocidade Incompatível";"Saída de leito carroçável";"Sem Vítimas";"Pleno dia";"Crescente";"Chuva";"Simples";"Curva";"Sim";1;0;0;0;1;0;0;1;-3,69613087;-39,6007584;"SPRF-CE";"DEL04-CE";"UOP03-DEL04-CE"
393445;2021-10-30;"sábado";"05:50:00";"SP";116;564;"BARRA DO TURVO";"Chuva";"Saída de leito carroçável";"Com Vítimas Feridas";"Plena Noite";"Decrescente";"Chuva";"Simples";"Curva";"Não";4;0;2;0;2;0;2;1;-25,03458919;-48,53543877;"SPRF-SP";"DEL05-SP";"UOP02-DEL05-SP"
393446;2021-11-02;"terça-feira";"09:45:00";"PB";230;20,2;"JOAO PESSOA";"Velocidade Incompatível";"Colisão com objeto";"Com Vítimas Feridas";"Pleno dia";"Decrescente";"Céu Claro";"Dupla";"Reta";"Sim";3;0;1;1;1;0;2;3;-7,1337;-34,8544;"SPRF-PB";"DEL01-PB";"UOP01-DEL01-PB"
393448;2021-11-02;"terça-feira";"09:50:00";"GO";153;512,9;"APARECIDA DE GOIANIA";"Pista Escorregadia";"Saída de leito carroçável";"Sem Vítimas";"Pleno dia";"Crescente";"Garoa/Chuvisco";"Múltipla";"Reta";"Sim";1;0;0;0;1;0;0;1;-16,8156;-49,2402;"SPRF-GO";"DEL01-GO";"UOP03-DEL01-GO"
393449;2021-10-24;"domingo";"15:20:00";"MG";381;597;"CARMOPOLIS DE MINAS";"Frear bruscamente";"Colisão traseira";"Com Vítimas Feridas";"Pleno dia";"Crescente";"Ignorado";"Dupla";"Reta";"Não";1;0;1;0;0;0;1;1;-20,595787;-44,706877;"SPRF-MG";"DEL04-MG";"UOP01-DEL04-MG"
393450;2021-11-02;"terça-feira";"10:00:00";"ES";482;98,5;"ALEGRE";"Acesso irregular";"Colisão transversal";"Com Vítimas Feridas";"Pleno dia";"Decrescente";"Céu Claro";"Simples";"Curva";"Não";5;0;0;1;4;0;1;2;-20,77216976;-41,61671294;"SPRF-ES";"DEL03-ES";"UOP02-DEL03-ES"
393451;2021-11-02;"terça-feira";"10:10:00";"RS";290;448,6;"SAO GABRIEL";"Ausência de reação do condutor";"Saída de leito carroçável";"Com Vítimas Feridas";"Pleno dia";"Crescente";"Céu Claro";"Simples";"Curva";"Não";2;0;0;1;1;0;1;1;-30,246874;-54,597851;"SPRF-RS";"DEL11-RS";"UOP02-DEL11-RS"
393452;2021-11-02;"terça-feira";"10:45:00";"PI";343;293;"ALTOS";"Manobra de mudança de faixa";"Colisão lateral mesmo sentido";"Sem Vítimas";"Pleno dia";"Decrescente";"Céu Claro";"Simples";"Reta";"Não";4;0;0;0;4;0;0;2;-4,963321;-42,367683;"SPRF-PI";"DEL01-PI";"UOP03-DEL01-PI"
393453;2021-11-02;"terça-feira";"10:50:00";"ES";262;17,2;"VIANA";"Acessar a via sem observar a presença dos outros veículos";"Colisão transversal";"Sem Vítimas";"Pleno dia";"Crescente";"Céu Claro";"Simples";"Reta";"Sim";2;0;0;0;2;0;0;2;-20,38724339;-40,47481298;"SPRF-ES";"DEL01-ES";"UOP01-DEL01-ES"
393454;2021-11-02;"terça-feira";"11:30:00";"PR";158;531,3;"PATO BRANCO";"Conversão proibida";"Colisão transversal";"Com Vítimas Feridas";"Pleno dia";"Decrescente";"Céu Claro";"Simples";"Reta";"Sim";2;0;1;0;1;0;1;2;-26,20228;-52,678215;"SPRF-PR";"DEL02-PR";"UOP01-DEL02-PR"
393455;2021-11-02;"terça-feira";"11:55:00";"DF";251;34,2;"BRASILIA";"Ausência de reação do condutor";"Colisão traseira";"Com Vítimas Feridas";"Pleno dia";"Crescente";"Céu Claro";"Simples";"Reta";"Não";3;0;1;1;1;0;2;3;-15,938301;-47,759799;"SPRF-DF";"DEL01-DF";"UOP01-DEL01-DF"
393457;2021-11-02;"terça-feira";"11:00:00";"MT";163;1041;"MATUPA";"Acessar a via sem observar a presença dos outros veículos";"Colisão transversal";"Com Vítimas Feridas";"Pleno dia";"Crescente";"Céu Claro";"Simples";"Reta";"Sim";2;0;1;0;1;0;1;2;-10,16126883;-54,9351964;"SPRF-MT";"DEL06-MT";"NPF/DEL06-MT"
393458;2021-11-02;"terça-feira";"11:50:00";"GO";153;438,2;"ANAPOLIS";"Ausência de reação do condutor";"Colisão com objeto";"Sem Vítimas";"Pleno dia";"Decrescente";"Céu Claro";"Dupla";"Curva";"Sim";3;0;0;0;3;0;0;2;-16,291595;-48,934811;"SPRF-GO";"DEL02-GO";"UOP01-DEL02-GO"
393459;2021-11-02;"terça-feira";"09:30:00";"PR";376;659;"TIJUCAS DO SUL";"Velocidade Incompatível";"Saída de leito carroçável";"Com Vítimas Feridas";"Pleno dia";"Crescente";"Chuva";"Dupla";"Curva";"Não";4;0;3;0;1;0;3;1;-25,8497383;-49,01288607;"SPRF-PR";"DEL01-PR";"UOP04-DEL01-PR"
393462;2021-11-02;"terça-feira";"11:30:00";"SP";116;133,8;"SAO JOSE DOS CAMPOS";"Velocidade Incompatível";"Colisão traseira";"Com Vítimas Feridas";"Pleno dia";"Crescente";"Sol";"Dupla";"Reta";"Não";2;0;0;1;1;0;1;2;-23,13702597;-45,75574626;"SPRF-SP";"DEL02-SP";"UOP02-DEL02-SP"
393464;2021-11-02;"terça-feira";"09:30:00";"PE";116;46,2;"SALGUEIRO";"Velocidade Incompatível";"Saída de leito carroçável";"Com Vítimas Feridas";"Pleno dia";"Crescente";"Céu Claro";"Simples";"Reta";"Não";5;0;1;0;4;0;1;1;-8,240053;-39,112076;"SPRF-PE";"DEL05-PE";"UOP01-DEL05-PE"
393466;2021-11-02;"terça-feira";"09:12:00";"PA";163;952;"BELTERRA";"Condutor deixou de manter distância do veículo da frente";"Colisão traseira";"Com Vítimas Feridas";"Pleno dia";"Crescente";"Céu Claro";"Simples";"Reta";"Não";2;0;1;0;1;0;1;2;-2,785105;-54,89994094;"SPRF-PA";"DEL05-PA";"UOP01-DEL05-PA"
393467;2021-11-02;"terça-feira";"08:20:00";"RS";290;78,5;"GRAVATAI";"Demais falhas mecânicas ou elétricas";"Queda de ocupante de veículo";"Com Vítimas Feridas";"Pleno dia";"Crescente";"Céu Claro";"Múltipla";"Reta";"Não";2;0;2;0;0;0;2;1;-29,95343;-51,058449;"SPRF-RS";"DEL01-RS";"UOP01-DEL01-RS"
393468;2021-11-02;"terça-feira";"11:11:00";"RS";448;10;"CANOAS";"Reação tardia ou ineficiente do condutor";"Queda de ocupante de veículo";"Com Vítimas Feridas";"Pleno dia";"Crescente";"Céu Claro";"Múltipla";"Curva";"Não";2;0;2;0;0;0;2;1;-29,903273;-51,244934;"SPRF-RS";"DEL01-RS";"UOP01-DEL01-RS"
393470;2021-11-02;"terça-feira";"13:10:00";"MG";40;2,1;"PARACATU";"Velocidade Incompatível";"Saída de leito carroçável";"Com Vítimas Feridas";"Pleno dia";"Crescente";"Chuva";"Simples";"Reta;Aclive";"Não";5;0;3;0;2;0;3;1;-17,04379505;-47,14265103;"SPRF-MG";"DEL14-MG";"UOP01-DEL14-MG"
393471;2021-11-02;"terça-feira";"11:15:00";"SC";282;198;"LAGES";"Falta de acostamento";"Colisão lateral mesmo sentido";"Com Vítimas Feridas";"Pleno dia";"Decrescente";"Sol";"Simples";"Curva";"Não";3;0;1;0;2;0;1;2;-27,754335;-50,113693;"SPRF-SC";"DEL05-SC";"UOP01-DEL05-SC"
393474;2021-11-02;"terça-feira";"12:00:00";"RS";116;488,3;"TURUCU";"Velocidade Incompatível";"Saída de leito carroçável";"Com Vítimas Feridas";"Pleno dia";"Decrescente";"Céu Claro";"Simples";"Em Obras;Reta";"Não";1;0;1;0;0;0;1;1;-31,45150701;-52,20482999;"SPRF-RS";"DEL07-RS";"UOP01-DEL07-RS"
393477;2021-10-06;"quarta-feira";"19:00:00";"BA";324;619;"SALVADOR";"Manobra de mudança de faixa";"Colisão lateral mesmo sentido";"Com Vítimas Feridas";"Plena Noite";"Decrescente";"Céu Claro";"Dupla";"Reta";"Sim";2;0;0;1;1;0;1;2;-12,89820999;-38,45012202;"SPRF-BA";"DEL01-BA";"UOP01-DEL01-BA"
393479;2021-10-05;"terça-feira";"08:30:00";"SP";116;229;"SAO PAULO";"Reação tardia ou ineficiente do condutor";"Colisão lateral mesmo sentido";"Com Vítimas Feridas";"Pleno dia";"Crescente";"Nublado";"Múltipla";"Reta";"Sim";3;0;1;0;2;0;1;3;-23,51291902;-46,57604698;"SPRF-SP";"DEL01-SP";"UOP01-DEL01-SP"
393480;2021-11-02;"terça-feira";"14:50:00";"SC";101;225;"PALHOCA";"Demais falhas mecânicas ou elétricas";"Tombamento";"Com Vítimas Feridas";"Pleno dia";"Crescente";"Sol";"Dupla";"Reta";"Não";2;0;2;0;0;0;2;1;-27,73292191;-48,6409567;"SPRF-SC";"DEL01-SC";"UOP02-DEL01-SC"
393481;2021-11-02;"terça-feira";"12:40:00";"MG";381;153,9;"GOVERNADOR VALADARES";"Velocidade Incompatível";"Colisão lateral sentido oposto";"Com Vítimas Feridas";"Pleno dia";"Decrescente";"Céu Claro";"Simples";"Curva";"Sim";2;0;0;1;1;0;1;2;-18,88190287;-41,99497022;"SPRF-MG";"DEL06-MG";"UOP01-DEL06-MG"
393482;2021-11-01;"segunda-feira";"21:00:00";"RS";392;1,6;"RIO GRANDE";"Ausência de reação do condutor";"Saída de leito carroçável";"Sem Vítimas";"Plena Noite";"Crescente";"Nublado";"Simples";"Curva";"Não";1;0;0;0;1;0;0;1;-32,05051767;-52,0852831;"SPRF-RS";"DEL07-RS";"UOP02-DEL07-RS"
393483;2021-11-02;"terça-feira";"13:10:00";"BA";101;458;"URUCUCA";"Transitar na contramão";"Saída de leito carroçável";"Com Vítimas Feridas";"Pleno dia";"Decrescente";"Céu Claro";"Simples";"Reta";"Não";1;0;1;0;0;0;1;1;-14,5094199;-39,33219556;"SPRF-BA";"DEL05-BA";"UOP01-DEL05-BA"
393484;2021-11-02;"terça-feira";"15:15:00";"SC";101;334;"TUBARAO";"Conversão proibida";"Colisão lateral mesmo sentido";"Com Vítimas Feridas";"Pleno dia";"Decrescente";"Sol";"Dupla";"Interseção de Vias";"Sim";4;0;2;0;2;0;2;2;-28,47079022;-49,01879132;"SPRF-SC";"DEL02-SC";"UOP01-DEL02-SC"
393485;2021-11-02;"terça-feira";"13:40:00";"MT";163;882;"CLAUDIA";"Acumulo de água sobre o pavimento";"Saída de leito carroçável";"Com Vítimas Feridas";"Pleno dia";"Crescente";"Chuva";"Simples";"Reta";"Não";6;0;5;1;0;0;6;1;-11,4630575;-55,3592888;"SPRF-MT";"DEL06-MT";"NPF/DEL06-MT"
393486;2021-11-02;"terça-feira";"15:10:00";"SC";282;16,3;"PALHOCA";"Acessar a via sem observar a presença dos outros veículos";"Colisão transversal";"Com Vítimas Feridas";"Pleno dia";"Decrescente";"Nublado";"Simples";"Interseção de Vias";"Sim";2;0;1;0;1;0;1;2;-27,658611;-48,681847;"SPRF-SC";"DEL01-SC";"UOP02-DEL01-SC"
393488;2021-11-02;"terça-feira";"15:15:00";"PR";476;132,7;"CURITIBA";"Desrespeitar a preferência no cruzamento";"Colisão transversal";"Sem Vítimas";"Pleno dia";"Crescente";"Nublado";"Múltipla";"Reta";"Sim";2;0;0;0;2;0;0;2;-25,460718;-49,250488;"SPRF-PR";"DEL01-PR";"UOP03-DEL01-PR"
393489;2021-11-02;"terça-feira";"15:00:00";"SC";101;233,6;"PALHOCA";"Frear bruscamente";"Colisão traseira";"Com Vítimas Feridas";"Pleno dia";"Crescente";"Céu Claro";"Dupla";"Declive";"Sim";3;0;1;1;1;0;2;2;-27,80376397;-48,63826211;"SPRF-SC";"DEL01-SC";"UOP02-DEL01-SC"
393490;2021-11-02;"terça-feira";"15:50:00";"CE";222;1,8;"FORTALEZA";"Ausência de reação do condutor";"Colisão traseira";"Com Vítimas Feridas";"Pleno dia";"Decrescente";"Céu Claro";"Dupla";"Reta";"Não";2;0;0;1;1;0;1;2;-3,737804;-38,578061;"SPRF-CE";"DEL01-CE";"UOP01-DEL01-CE"
393491;2021-11-02;"terça-feira";"15:20:00";"PR";376;521,7;"PONTA GROSSA";"Demais falhas mecânicas ou elétricas";"Saída de leito carroçável";"Com Vítimas Feridas";"Pleno dia";"Decrescente";"Sol";"Dupla";"Curva";"Não";2;0;1;0;1;0;1;1;-25,266263;-49,970314;"SPRF-PR";"DEL03-PR";"UOP01-DEL03-PR"
393492;2021-11-02;"terça-feira";"16:15:00";"ES";101;255,3;"SERRA";"Condutor deixou de manter distância do veículo da frente";"Colisão traseira";"Com Vítimas Feridas";"Pleno dia";"Crescente";"Céu Claro";"Simples";"Reta";"Sim";4;0;0;1;3;0;1;2;-20,11487935;-40,31943619;"SPRF-ES";"DEL02-ES";"UOP01-DEL02-ES"
393493;2021-11-02;"terça-feira";"16:01:00";"GO";153;437,7;"ANAPOLIS";"Condutor deixou de manter distância do veículo da frente";"Colisão traseira";"Com Vítimas Feridas";"Pleno dia";"Decrescente";"Céu Claro";"Dupla";"Reta;Aclive";"Sim";3;0;2;0;0;1;2;3;-16,286884;-48,942978;"SPRF-GO";"DEL02-GO";"UOP01-DEL02-GO"
393495;2021-11-02;"terça-feira";"16:23:00";"RN";101;81;"SAO GONCALO DO AMARANTE";"Condutor deixou de manter distância do veículo da frente";"Colisão traseira";"Com Vítimas Feridas";"Pleno dia";"Crescente";"Sol";"Dupla";"Reta";"Sim";2;0;1;0;1;0;1;2;-5,76469466;-35,28295988;"SPRF-RN";"DEL02-RN";"UOP01-DEL02-RN"
393498;2021-10-30;"sábado";"15:30:00";"GO";153;503;"APARECIDA DE GOIANIA";"Ausência de reação do condutor";"Colisão traseira";"Sem Vítimas";"Pleno dia";"Decrescente";"Nublado";"Múltipla";"Reta";"Sim";2;0;0;0;2;0;0;2;-16,7366;-49,243;"SPRF-GO";"DEL01-GO";"UOP01-DEL01-GO"
393499;2021-11-02;"terça-feira";"17:06:00";"SC";101;207,7;"SAO JOSE";"Condutor deixou de manter distância do veículo da frente";"Colisão traseira";"Com Vítimas Feridas";"Pleno dia";"Crescente";"Céu Claro";"Dupla";"Reta";"Sim";2;0;1;0;1;0;1;2;-27,60001226;-48,6226467;"SPRF-SC";"DEL01-SC";"UOP01-DEL01-SC"
393500;2021-11-02;"terça-feira";"15:40:00";"GO";153;611,6;"MORRINHOS";"Condutor Dormindo";"Saída de leito carroçável";"Com Vítimas Feridas";"Pleno dia";"Decrescente";"Nublado";"Dupla";"Reta";"Não";1;0;1;0;0;0;1;1;-17,6437;-49,1736;"SPRF-GO";"DEL03-GO";"UOP01-DEL03-GO"
393501;2021-11-02;"terça-feira";"15:45:00";"SC";470;257,5;"CURITIBANOS";"Transitar na contramão";"Colisão frontal";"Com Vítimas Feridas";"Pleno dia";"Crescente";"Céu Claro";"Simples";"Curva";"Não";11;0;3;3;3;2;6;5;-27,308815;-50,641468;"SPRF-SC";"DEL05-SC";"UOP03-DEL05-SC"
393502;2021-11-02;"terça-feira";"16:15:00";"MT";163;727;"SORRISO";"Avarias e/ou desgaste excessivo no pneu";"Queda de ocupante de veículo";"Com Vítimas Feridas";"Pleno dia";"Crescente";"Nublado";"Simples";"Reta";"Não";2;0;2;0;0;0;2;1;-12,84559402;-55,82671994;"SPRF-MT";"DEL06-MT";"UOP01-DEL06-MT"
393503;2021-11-02;"terça-feira";"16:40:00";"MG";40;516,2;"RIBEIRAO DAS NEVES";"Ultrapassagem Indevida";"Colisão lateral mesmo sentido";"Com Vítimas Feridas";"Pleno dia";"Decrescente";"Céu Claro";"Dupla";"Reta";"Sim";4;0;1;1;1;1;2;3;-19,81628624;-44,08960124;"SPRF-MG";"DEL01-MG";"UOP02-DEL01-MG"
393504;2021-11-02;"terça-feira";"15:30:00";"GO";414;361,4;"COCALZINHO DE GOIAS";"Demais falhas mecânicas ou elétricas";"Saída de leito carroçável";"Com Vítimas Feridas";"Pleno dia";"Crescente";"Céu Claro";"Simples";"Curva";"Não";3;0;3;0;0;0;3;1;-15,70879017;-48,69062184;"SPRF-GO";"DEL02-GO";"UOP01-DEL02-GO"
393505;2021-11-02;"terça-feira";"17:40:00";"RS";116;243;"SAO LEOPOLDO";"Condutor deixou de manter distância do veículo da frente";"Colisão traseira";"Sem Vítimas";"Pleno dia";"Decrescente";"Céu Claro";"Dupla";"Reta";"Sim";2;0;0;0;2;0;0;2;-29,73196199;-51,14952004;"SPRF-RS";"DEL01-RS";"UOP02-DEL01-RS"
393508;2021-11-02;"terça-feira";"17:50:00";"PE";104;74,3;"CARUARU";"Ingestão de álcool pelo condutor";"Saída de leito carroçável";"Com Vítimas Feridas";"Anoitecer";"Crescente";"Céu Claro";"Simples";"Curva";"Não";1;0;1;0;0;0;1;1;-8,349874;-35,985184;"SPRF-PE";"DEL02-PE";"UOP01-DEL02-PE"
393510;2021-11-02;"terça-feira";"18:00:00";"PI";343;338;"TERESINA";"Ingestão de álcool pelo condutor";"Colisão lateral mesmo sentido";"Sem Vítimas";"Anoitecer";"Crescente";"Ignorado";"Dupla";"Reta";"Sim";2;0;0;0;2;0;0;2;-5,063362;-42,722912;"SPRF-PI";"DEL01-PI";"UOP01-DEL01-PI"
393511;2021-11-02;"terça-feira";"17:30:00";"SE";235;54,8;"ITABAIANA";"Conversão proibida";"Colisão transversal";"Com Vítimas Feridas";"Plena Noite";"Crescente";"Céu Claro";"Simples";"Reta";"Sim";3;0;1;0;2;0;1;2;-10,676047;-37,443279;"SPRF-SE";"DEL01-SE";"UOP02-DEL01-SE"
393512;2021-11-02;"terça-feira";"18:05:00";"SC";101;334;"TUBARAO";"Reação tardia ou ineficiente do condutor";"Colisão lateral mesmo sentido";"Com Vítimas Feridas";"Pleno dia";"Crescente";"Céu Claro";"Dupla";"Reta";"Sim";3;0;1;0;2;0;1;2;-28,46730446;-49,00604302;"SPRF-SC";"DEL02-SC";"UOP01-DEL02-SC"
393514;2021-11-02;"terça-feira";"17:00:00";"SC";101;25;"JOINVILLE";"Velocidade Incompatível";"Saída de leito carroçável";"Com Vítimas Feridas";"Pleno dia";"Crescente";"Céu Claro";"Dupla";"Viaduto";"Sim";1;0;0;1;0;0;1;1;-26,1834739;-48,9105912;"SPRF-SC";"DEL03-SC";"UOP01-DEL03-SC"
393517;2021-11-02;"terça-feira";"19:00:00";"MG";262;446,5;"NOVA SERRANA";"Entrada inopinada do pedestre";"Atropelamento de Pedestre";"Com Vítimas Feridas";"Plena Noite";"Crescente";"Nublado";"Simples";"Aclive;Reta";"Sim";3;0;0;1;1;1;1;2;-19,87514825;-44,95031205;"SPRF-MG";"DEL08-MG";"UOP03-DEL08-MG"
393518;2021-11-02;"terça-feira";"15:45:00";"DF";70;19;"BRASILIA";"Avarias e/ou desgaste excessivo no pneu";"Queda de ocupante de veículo";"Com Vítimas Feridas";"Pleno dia";"Crescente";"Garoa/Chuvisco";"Dupla";"Declive";"Não";1;0;1;0;0;0;1;1;-15,788868;-48,220242;"SPRF-DF";"DEL03-DF";"UOP02-DEL03-DF"
393521;2021-11-02;"terça-feira";"18:40:00";"RS";470;200,9;"BENTO GONCALVES";"Conversão proibida";"Colisão transversal";"Com Vítimas Feridas";"Anoitecer";"Crescente";"Céu Claro";"Simples";"Reta";"Não";3;0;1;0;1;1;1;2;-29,06736768;-51,57996108;"SPRF-RS";"DEL06-RS";"UOP02-DEL06-RS"
393522;2021-11-02;"terça-feira";"15:35:00";"MG";356;264;"MURIAE";"Conversão proibida";"Colisão lateral mesmo sentido";"Com Vítimas Feridas";"Pleno dia";"Decrescente";"Céu Claro";"Simples";"Interseção de Vias";"Sim";3;0;2;0;1;0;2;2;-21,12552649;-42,37547729;"SPRF-MG";"DEL07-MG";"UOP02-DEL07-MG"
393523;2021-11-02;"terça-feira";"13:40:00";"SP";116;220;"GUARULHOS";"Objeto estático sobre o leito carroçável";"Colisão com objeto";"Com Vítimas Feridas";"Pleno dia";"Decrescente";"Céu Claro";"Múltipla";"Reta";"Sim";2;0;0;1;1;0;1;1;-23,46472809;-46,49793962;"SPRF-SP";"DEL01-SP";"UOP01-DEL01-SP"
393524;2021-11-02;"terça-feira";"19:09:00";"PB";230;311;"SAO MAMEDE";"Ausência de reação do condutor";"Colisão traseira";"Com Vítimas Feridas";"Plena Noite";"Decrescente";"Céu Claro";"Simples";"Reta";"Não";3;0;2;0;0;1;2;2;-6,9286;-37,0745;"SPRF-PB";"DEL03-PB";"UOP01-DEL03-PB"
393525;2021-11-02;"terça-feira";"19:20:00";"BA";418;85;"NOVA VICOSA";"Velocidade Incompatível";"Colisão frontal";"Com Vítimas Fatais";"Plena Noite";"Crescente";"Céu Claro";"Simples";"Reta";"Não";50;1;0;0;49;0;0;2;-17,892078;-39,81627;"SPRF-BA";"DEL09-BA";"UOP02-DEL09-BA"
393526;2021-11-02;"terça-feira";"19:00:00";"MS";163;265,3;"DOURADOS";"Iluminação deficiente";"Colisão frontal";"Com Vítimas Feridas";"Plena Noite";"Crescente";"Nublado";"Dupla";"Reta";"Não";2;0;1;0;0;1;1;2;-22,22230022;-54,72847939;"SPRF-MS";"DEL04-MS";"UOP01-DEL04-MS"
393527;2021-11-02;"terça-feira";"19:30:00";"MT";364;393;"CUIABA";"Entrada inopinada do pedestre";"Atropelamento de Pedestre";"Com Vítimas Fatais";"Plena Noite";"Crescente";"Céu Claro";"Dupla";"Reta";"Não";3;1;0;0;2;0;0;2;-15,701122;-55,881774;"SPRF-MT";"DEL01-MT";"UOP02-DEL01-MT"
393529;2021-11-02;"terça-feira";"18:55:00";"MS";163;420;"CAMPO GRANDE";"Velocidade Incompatível";"Capotamento";"Com Vítimas Feridas";"Anoitecer";"Crescente";"Céu Claro";"Dupla";"Reta";"Não";1;0;1;0;0;0;1;1;-20,99104704;-54,50658928;"SPRF-MS";"DEL01-MS";"UOP01-DEL01-MS"
393530;2021-11-02;"terça-feira";"20:30:00";"MG";40;639;"CONSELHEIRO LAFAIETE";"Transitar na contramão";"Colisão lateral sentido oposto";"Com Vítimas Feridas";"Plena Noite";"Crescente";"Nublado";"Simples";"Reta";"Não";4;0;0;1;3;0;1;2;-20,73219989;-43,79985054;"SPRF-MG";"DEL05-MG";"UOP02-DEL05-MG"
393531;2021-11-02;"terça-feira";"17:15:00";"SC";101;216;"PALHOCA";"Velocidade Incompatível";"Colisão lateral mesmo sentido";"Com Vítimas Feridas";"Pleno dia";"Decrescente";"Céu Claro";"Dupla";"Reta";"Sim";3;0;1;1;1;0;2;2;-27,65981409;-48,67747798;"SPRF-SC";"DEL01-SC";"UOP02-DEL01-SC"
393533;2021-11-02;"terça-feira";"20:38:00";"RS";158;329;"SANTA MARIA";"Ingestão de álcool pelo condutor";"Colisão com objeto";"Com Vítimas Feridas";"Plena Noite";"Crescente";"Céu Claro";"Dupla";"Reta;Em Obras";"Sim";2;0;0;1;0;1;1;2;-29,70656383;-53,82849988;"SPRF-RS";"DEL09-RS";"UOP01-DEL09-RS"