"id";"data_inversa";"dia_semana";"horario";"uf";"br";"km";"municipio";"causa_acidente";"tipo_acidente";"classificacao_acidente";"fase_dia";"sentido_via";"condicao_metereologica";"tipo_pista";"tracado_via";"uso_solo";"pessoas";"mortos";"feridos_leves";"feridos_graves";"ilesos";"ignorados";"feridos";"veiculos";"latitude";"longitude";"regional";"delegacia";"uop"
393536;2021-11-02;"terça-feira";"21:00:00";"PR";153;70,1;"CONSELHEIRO MAIRINCK";"Ultrapassagem Indevida";"Colisão frontal";"Com Vítimas Feridas";"Plena Noite";"Crescente";"Céu Claro";"Simples";"Reta";"Não";8;0;5;0;3;0;5;2;-23,52448494;-50,11737319;"SPRF-PR";"DEL07-PR";"UOP04-DEL07-PR"
393537;2021-11-02;"terça-feira";"20:50:00";"PR";369;167,4;"CAMBE";"Ingestão de álcool pelo condutor";"Saída de leito carroçável";"Sem Vítimas";"Plena Noite";"Decrescente";"Céu Claro";"Dupla";"Reta";"Sim";1;0;0;0;0;1;0;1;-23,296374;-51,31554008;"SPRF-PR";"DEL07-PR";"UOP01-DEL07-PR"
393538;2021-11-02;"terça-feira";"20:00:00";"SP";381;24;"BRAGANCA PAULISTA";"Condutor Dormindo";"Capotamento";"Com Vítimas Feridas";"Plena Noite";"Crescente";"Céu Claro";"Dupla";"Reta";"Não";2;0;1;0;1;0;1;1;-23,01316393;-46,52386219;"SPRF-SP";"DEL03-SP";"UOP01-DEL03-SP"
393539;2021-11-02;"terça-feira";"21:15:00";"SC";282;5;"SAO JOSE";"Acessar a via sem observar a presença dos outros veículos";"Colisão lateral mesmo sentido";"Com Vítimas Feridas";"Plena Noite";"Decrescente";"Nublado";"Múltipla";"Reta";"Sim";2;0;1;0;1;0;1;2;-27,588425;-48,612919;"SPRF-SC";"DEL01-SC";"UOP01-DEL01-SC"
393542;2021-11-02;"terça-feira";"22:20:00";"PR";277;157;"PORTO AMAZONAS";"Ausência de reação do condutor";"Colisão transversal";"Com Vítimas Feridas";"Plena Noite";"Decrescente";"Céu Claro";"Dupla";"Interseção de Vias";"Não";3;0;1;0;2;0;1;2;-25,47289;-49,895964;"SPRF-PR";"DEL01-PR";"UOP03-DEL03-PR"
393543;2021-11-02;"terça-feira";"19:20:00";"RS";285;46;"BOM JESUS";"Velocidade Incompatível";"Saída de leito carroçável";"Com Vítimas Feridas";"Plena Noite";"Crescente";"Céu Claro";"Simples";"Reta";"Não";2;0;1;1;0;0;2;1;-28,680389;-50,30463;"SPRF-RS";"DEL05-RS";"UOP03-DEL05-RS"
393544;2021-11-02;"terça-feira";"17:20:00";"GO";153;123,7;"ESTRELA DO NORTE";"Ingestão de álcool pelo condutor";"Saída de leito carroçável";"Com Vítimas Feridas";"Anoitecer";"Crescente";"Céu Claro";"Simples";"Aclive;Reta";"Não";1;0;1;0;0;0;1;1;-13,855654;-49,049168;"SPRF-GO";"DEL07-GO";"UOP01-DEL07-GO"
393545;2021-11-02;"terça-feira";"22:00:00";"GO";40;21;"LUZIANIA";"Ingestão de álcool pelo condutor";"Saída de leito carroçável";"Com Vítimas Feridas";"Plena Noite";"Crescente";"Céu Claro";"Dupla";"Reta";"Sim";2;0;0;1;0;1;1;1;-16,218542;-47,915731;"SPRF-DF";"DEL01-DF";"UOP01-DEL01-DF"
393546;2021-11-02;"terça-feira";"21:10:00";"MS";163;721;"COXIM";"Reação tardia ou ineficiente do condutor";"Saída de leito carroçável";"Com Vítimas Feridas";"Plena Noite";"Crescente";"Céu Claro";"Simples";"Reta";"Não";1;0;1;0;0;0;1;1;-18,58449688;-54,76831023;"SPRF-MS";"DEL06-MS";"UOP01-DEL06-MS"
393547;2021-11-02;"terça-feira";"22:30:00";"PR";476;138;"CURITIBA";"Ingestão de álcool pelo condutor";"Saída de leito carroçável";"Com Vítimas Feridas";"Plena Noite";"Decrescente";"Nublado";"Simples";"Reta";"Sim";1;0;1;0;0;0;1;1;-25,505564;-49,283417;"SPRF-PR";"DEL01-PR";"UOP03-DEL01-PR"
393548;2021-11-02;"terça-feira";"22:40:00";"DF";60;23,8;"BRASILIA";"Ingestão de álcool pelo condutor";"Queda de ocupante de veículo";"Sem Vítimas";"Plena Noite";"Crescente";"Nublado";"Dupla";"Reta";"Não";1;0;0;0;1;0;0;1;-15,987903;-48,223103;"SPRF-DF";"DEL03-DF";"UOP01-DEL03-DF"
393549;2021-11-02;"terça-feira";"23:50:00";"PR";116;129;"CURITIBA";"Velocidade Incompatível";"Colisão com objeto";"Sem Vítimas";"Plena Noite";"Crescente";"Nublado";"Dupla";"Curva";"Sim";1;0;0;0;1;0;0;1;-25,63027814;-49,31381255;"SPRF-PR";"DEL01-PR";"UOP03-DEL01-PR"
393551;2021-11-02;"terça-feira";"22:13:00";"SC";101;141,8;"BALNEARIO CAMBORIU";"Declive acentuado";"Colisão com objeto";"Com Vítimas Feridas";"Plena Noite";"Crescente";"Nublado";"Dupla";"Curva";"Não";1;0;0;1;0;0;1;1;-27,04761729;-48,59995855;"SPRF-SC";"DEL04-SC";"UOP03-DEL04-SC"
393553;2021-11-02;"terça-feira";"22:00:00";"RS";158;311;"ITAARA";"Acessar a via sem observar a presença dos outros veículos";"Colisão transversal";"Com Vítimas Feridas";"Plena Noite";"Decrescente";"Garoa/Chuvisco";"Simples";"Interseção de Vias";"Sim";2;0;0;1;1;0;1;2;-29,61949566;-53,76785159;"SPRF-RS";"DEL09-RS";"UOP01-DEL09-RS"
393554;2021-11-02;"terça-feira";"19:45:00";"PR";153;364,1;"RIO AZUL";"Ingestão de álcool pelo condutor";"Colisão transversal";"Com Vítimas Feridas";"Plena Noite";"Crescente";"Céu Claro";"Simples";"Interseção de Vias";"Não";4;0;2;1;1;0;3;2;-25,70656;-50,783707;"SPRF-PR";"DEL03-PR";"UOP03-DEL03-PR"
393555;2021-11-02;"terça-feira";"23:50:00";"PR";277;728;"FOZ DO IGUACU";"Velocidade Incompatível";"Tombamento";"Com Vítimas Feridas";"Plena Noite";"Crescente";"Chuva";"Simples";"Reta";"Não";1;0;1;0;0;0;1;1;-25,5097634;-54,57387201;"SPRF-PR";"DEL05-PR";"UOP03-DEL05-PR"
393556;2021-11-02;"terça-feira";"23:30:00";"MG";40;705;"BARBACENA";"Ausência de reação do condutor";"Colisão com objeto";"Com Vítimas Feridas";"Plena Noite";"Crescente";"Céu Claro";"Dupla";"Curva";"Não";2;0;2;0;0;0;2;1;-21,2165929;-43,7462589;"SPRF-MG";"DEL05-MG";"UOP02-DEL05-MG"
393558;2021-11-02;"terça-feira";"12:30:00";"RO";425;98;"NOVA MAMORE";"Ausência de reação do condutor";"Queda de ocupante de veículo";"Com Vítimas Feridas";"Pleno dia";"Decrescente";"Céu Claro";"Simples";"Reta";"Sim";1;0;0;1;0;0;1;1;-10,41282684;-65,33130527;"SPRF-RO";"DEL01-RO";"UOP03-DEL01-RO"
393559;2021-11-02;"terça-feira";"18:20:00";"AC";364;140;"RIO BRANCO";"Reação tardia ou ineficiente do condutor";"Atropelamento de Pedestre";"Com Vítimas Feridas";"Plena Noite";"Decrescente";"Céu Claro";"Dupla";"Reta";"Sim";3;0;1;1;1;0;2;2;-9,94779814;-67,86813111;"SPRF-AC";"DEL01-AC";"UOP01-DEL01-AC"
393560;2021-11-02;"terça-feira";"22:45:00";"RS";116;152;"CAXIAS DO SUL";"Ingestão de álcool pelo condutor";"Colisão lateral mesmo sentido";"Sem Vítimas";"Plena Noite";"Crescente";"Céu Claro";"Dupla";"Reta";"Sim";2;0;0;0;2;0;0;2;-29,1829343;-51,16801501;"SPRF-RS";"DEL05-RS";"UOP01-DEL05-RS"
393561;2021-07-02;"sexta-feira";"02:49:00";"RN";101;160;"CANGUARETAMA";"Animais na Pista";"Tombamento";"Com Vítimas Feridas";"Plena Noite";"Decrescente";"Céu Claro";"Múltipla";"Reta";"Sim";2;0;1;1;0;0;2;1;-6,3498321;-35,1647138;"SPRF-RN";"DEL01-RN";"UOP01-DEL01-RN"
393564;2021-11-03;"quarta-feira";"01:20:00";"DF";20;21,4;"BRASILIA";"Mal súbito do condutor";"Colisão com objeto";"Com Vítimas Feridas";"Plena Noite";"Crescente";"Céu Claro";"Dupla";"Declive";"Sim";1;0;1;0;0;0;1;1;-15,603384;-47,684692;"SPRF-DF";"DEL02-DF";"UOP01-DEL02-DF"
393566;2021-11-03;"quarta-feira";"00:30:00";"MG";153;49,5;"MONTE ALEGRE DE MINAS";"Condutor Dormindo";"Saída de leito carroçável";"Sem Vítimas";"Plena Noite";"Decrescente";"Céu Claro";"Dupla";"Reta";"Não";1;0;0;0;1;0;0;1;-18,81309302;-49,08638495;"SPRF-MG";"DEL15-MG";"UOP03-DEL15-MG"
393567;2021-11-03;"quarta-feira";"00:30:00";"PR";376;180;"MARINGA";"Reação tardia ou ineficiente do condutor";"Colisão traseira";"Com Vítimas Feridas";"Plena Noite";"Decrescente";"Céu Claro";"Dupla";"Reta;Viaduto";"Sim";3;0;1;0;1;1;1;2;-23,42725352;-51,89512271;"SPRF-PR";"DEL09-PR";"UOP01-DEL09-PR"
393569;2021-11-03;"quarta-feira";"02:10:00";"MG";40;517,2;"RIBEIRAO DAS NEVES";"Pedestre cruzava a pista fora da faixa";"Atropelamento de Pedestre";"Com Vítimas Feridas";"Plena Noite";"Crescente";"Nublado";"Dupla";"Curva";"Não";2;0;0;1;0;1;1;2;-19,82351202;-44,08438913;"SPRF-MG";"DEL01-MG";"UOP02-DEL01-MG"
393571;2021-11-03;"quarta-feira";"03:10:00";"SC";101;342,9;"TUBARAO";"Ausência de reação do condutor";"Saída de leito carroçável";"Com Vítimas Feridas";"Plena Noite";"Crescente";"Céu Claro";"Simples";"Curva";"Sim";1;0;1;0;0;0;1;1;-28,51875992;-49,05388322;"SPRF-SC";"DEL02-SC";"UOP01-DEL02-SC"
393573;2021-11-03;"quarta-feira";"04:00:00";"PR";116;9,9;"CAMPINA GRANDE DO SUL";"Reação tardia ou ineficiente do condutor";"Saída de leito carroçável";"Com Vítimas Feridas";"Plena Noite";"Crescente";"Nublado";"Dupla";"Curva;Interseção de Vias;Declive";"Sim";3;0;3;0;0;0;3;1;-25,37066089;-49,12779968;"SPRF-PR";"DEL01-PR";"UOP02-DEL01-PR"
393574;2021-11-03;"quarta-feira";"04:00:00";"SP";116;223;"GUARULHOS";"Ausência de reação do condutor";"Colisão com objeto";"Sem Vítimas";"Amanhecer";"Decrescente";"Céu Claro";"Múltipla";"Reta";"Sim";2;0;0;0;2;0;0;1;-23,47559815;-46,5246609;"SPRF-SP";"DEL01-SP";"UOP01-DEL01-SP"
393575;2021-11-03;"quarta-feira";"05:00:00";"SP";116;212;"GUARULHOS";"Pedestre andava na pista";"Atropelamento de Pedestre";"Com Vítimas Fatais";"Amanhecer";"Decrescente";"Nublado";"Múltipla";"Declive";"Sim";2;1;0;0;1;0;0;2;-23,43640075;-46,42888969;"SPRF-SP";"DEL01-SP";"UOP01-DEL01-SP"
393576;2021-11-03;"quarta-feira";"05:10:00";"PE";232;171,1;"BELO JARDIM";"Transitar na contramão";"Colisão frontal";"Com Vítimas Fatais";"Pleno dia";"Decrescente";"Sol";"Simples";"Curva";"Não";2;1;0;1;0;0;1;2;-8,34239456;-36,35216713;"SPRF-PE";"DEL02-PE";"UOP03-DEL02-PE"
393578;2021-11-03;"quarta-feira";"04:50:00";"CE";116;6;"FORTALEZA";"Avarias e/ou desgaste excessivo no pneu";"Tombamento";"Com Vítimas Feridas";"Amanhecer";"Decrescente";"Céu Claro";"Dupla";"Reta";"Sim";2;0;1;1;0;0;2;1;-3,802624;-38,50400499;"SPRF-CE";"DEL01-CE";"UOP02-DEL01-CE"
393579;2021-11-03;"quarta-feira";"05:55:00";"SP";116;212;"GUARULHOS";"Condutor deixou de manter distância do veículo da frente";"Colisão traseira";"Sem Vítimas";"Pleno dia";"Decrescente";"Céu Claro";"Múltipla";"Reta";"Não";7;0;0;0;7;0;0;2;-23,43608315;-46,42805094;"SPRF-SP";"DEL01-SP";"UOP01-DEL01-SP"
393580;2021-11-02;"terça-feira";"19:30:00";"MG";381;489;"BETIM";"Ausência de reação do condutor";"Queda de ocupante de veículo";"Com Vítimas Feridas";"Plena Noite";"Decrescente";"Céu Claro";"Múltipla";"Reta";"Sim";1;0;1;0;0;0;1;1;-19,96245618;-44,16455495;"SPRF-MG";"DEL01-MG";"UOP03-DEL01-MG"
393582;2021-11-03;"quarta-feira";"05:45:00";"SP";381;20;"BRAGANCA PAULISTA";"Ausência de reação do condutor";"Colisão com objeto";"Sem Vítimas";"Amanhecer";"Decrescente";"Céu Claro";"Dupla";"Reta";"Não";1;0;0;0;1;0;0;1;-22,98443766;-46,50352511;"SPRF-SP";"DEL03-SP";"UOP01-DEL03-SP"
393585;2021-11-03;"quarta-feira";"05:55:00";"CE";116;10;"FORTALEZA";"Entrada inopinada do pedestre";"Atropelamento de Pedestre";"Com Vítimas Feridas";"Pleno dia";"Decrescente";"Céu Claro";"Múltipla";"Reta";"Sim";3;0;1;1;0;1;2;2;-3,83603805;-38,5027281;"SPRF-CE";"DEL01-CE";"UOP02-DEL01-CE"
393586;2021-11-03;"quarta-feira";"06:10:00";"GO";153;505;"APARECIDA DE GOIANIA";"Ingestão de álcool pelo condutor";"Colisão traseira";"Com Vítimas Feridas";"Amanhecer";"Crescente";"Céu Claro";"Dupla";"Reta";"Sim";3;0;2;0;1;0;2;2;-16,7537;-49,2411;"SPRF-GO";"DEL01-GO";"UOP01-DEL01-GO"
393587;2021-11-03;"quarta-feira";"06:10:00";"RS";101;74;"OSORIO";"Ausência de reação do condutor";"Saída de leito carroçável";"Com Vítimas Feridas";"Amanhecer";"Decrescente";"Nublado";"Dupla";"Reta";"Não";2;0;1;0;1;0;1;1;-29,784359;-50,228235;"SPRF-RS";"DEL03-RS";"UOP01-DEL03-RS"
393588;2021-11-03;"quarta-feira";"06:55:00";"RS";470;218,6;"BENTO GONCALVES";"Ausência de reação do condutor";"Saída de leito carroçável";"Com Vítimas Feridas";"Pleno dia";"Decrescente";"Céu Claro";"Simples";"Curva;Aclive";"Não";1;0;1;0;0;0;1;1;-29,17292214;-51,52424936;"SPRF-RS";"DEL06-RS";"UOP01-DEL06-RS"
393589;2021-11-03;"quarta-feira";"07:00:00";"BA";116;16,4;"VITORIA DA CONQUISTA";"Acessar a via sem observar a presença dos outros veículos";"Colisão transversal";"Com Vítimas Feridas";"Pleno dia";"Decrescente";"Garoa/Chuvisco";"Simples";"Interseção de Vias";"Sim";2;0;1;0;1;0;1;2;-14,90236897;-40,84472364;"SPRF-BA";"DEL08-BA";"UOP01-DEL08-BA"
393590;2021-11-03;"quarta-feira";"07:30:00";"PB";101;81,9;"BAYEUX";"Ausência de reação do condutor";"Atropelamento de Pedestre";"Com Vítimas Feridas";"Pleno dia";"Crescente";"Céu Claro";"Dupla";"Reta";"Sim";2;0;1;1;0;0;2;2;-7,12954163;-34,93641615;"SPRF-PB";"DEL01-PB";"UOP01-DEL01-PB"
393591;2021-11-03;"quarta-feira";"07:30:00";"ES";101;286,5;"CARIACICA";"Transitar no acostamento";"Colisão transversal";"Com Vítimas Feridas";"Pleno dia";"Decrescente";"Céu Claro";"Dupla";"Reta";"Sim";2;0;0;1;1;0;1;2;-20,26857815;-40,38870335;"SPRF-ES";"DEL01-ES";"UOP01-DEL01-ES"
393593;2021-11-03;"quarta-feira";"07:00:00";"MS";163;486;"CAMPO GRANDE";"Ausência de reação do condutor";"Colisão transversal";"Com Vítimas Feridas";"Pleno dia";"Decrescente";"Céu Claro";"Simples";"Aclive";"Sim";3;0;1;0;1;1;1;2;-20,44233707;-54,54201834;"SPRF-MS";"DEL01-MS";"UOP02-DEL01-MS"
393595;2021-11-03;"quarta-feira";"06:40:00";"PB";101;42,7;"MAMANGUAPE";"Mal súbito do condutor";"Colisão com objeto";"Com Vítimas Feridas";"Pleno dia";"Decrescente";"Céu Claro";"Dupla";"Declive";"Não";1;0;1;0;0;0;1;1;-6,862302;-35,13341;"SPRF-PB";"DEL01-PB";"UOP04-DEL01-PB"
393596;2021-11-03;"quarta-feira";"07:50:00";"MG";381;487,4;"BETIM";"Condutor deixou de manter distância do veículo da frente";"Colisão traseira";"Com Vítimas Feridas";"Pleno dia";"Decrescente";"Céu Claro";"Múltipla";"Reta";"Sim";2;0;1;0;1;0;1;2;-19,95586853;-44,14609501;"SPRF-MG";"DEL01-MG";"UOP03-DEL01-MG"
393597;2021-11-03;"quarta-feira";"07:30:00";"SC";101;339;"TUBARAO";"Condutor Dormindo";"Colisão com objeto";"Com Vítimas Feridas";"Pleno dia";"Decrescente";"Céu Claro";"Múltipla";"Ponte";"Sim";2;0;0;1;0;1;1;2;-28,49351117;-49,04178985;"SPRF-SC";"DEL02-SC";"UOP01-DEL02-SC"
393598;2021-11-03;"quarta-feira";"08:30:00";"PR";277;222,8;"FERNANDES PINHEIRO";"Acessar a via sem observar a presença dos outros veículos";"Colisão transversal";"Com Vítimas Feridas";"Pleno dia";"Crescente";"Nublado";"Simples";"Curva";"Não";3;0;1;1;1;0;2;2;-25,47146832;-50,46919944;"SPRF-PR";"DEL03-PR";"UOP03-DEL03-PR"
393600;2021-11-03;"quarta-feira";"08:35:00";"PR";476;152;"ARAUCARIA";"Manobra de mudança de faixa";"Colisão traseira";"Com Vítimas Feridas";"Pleno dia";"Crescente";"Nublado";"Dupla";"Reta";"Não";2;0;1;0;1;0;1;2;-25,570036;-49,384193;"SPRF-PR";"DEL01-PR";"UOP03-DEL01-PR"
393601;2021-11-03;"quarta-feira";"08:05:00";"PR";163;284;"MARECHAL CANDIDO RONDON";"Avarias e/ou desgaste excessivo no pneu";"Queda de ocupante de veículo";"Com Vítimas Feridas";"Pleno dia";"Crescente";"Céu Claro";"Dupla";"Reta";"Sim";1;0;1;0;0;0;1;1;-24,56445426;-54,03466702;"SPRF-PR";"DEL06-PR";"UOP02-DEL06-PR"
393602;2021-11-03;"quarta-feira";"08:00:00";"PR";116;119,7;"CURITIBA";"Manobra de mudança de faixa";"Colisão traseira";"Com Vítimas Feridas";"Pleno dia";"Decrescente";"Céu Claro";"Dupla";"Reta";"Sim";3;0;2;0;1;0;2;2;-25,57173219;-49,31089662;"SPRF-PR";"DEL01-PR";"UOP03-DEL01-PR"
393603;2021-11-03;"quarta-feira";"08:15:00";"PB";104;119,1;"CAMPINA GRANDE";"Condutor Dormindo";"Colisão lateral sentido oposto";"Com Vítimas Feridas";"Pleno dia";"Decrescente";"Sol";"Simples";"Reta";"Não";4;0;2;0;2;0;2;4;-7,20325615;-35,8752172;"SPRF-PB";"DEL02-PB";"UOP04-DEL02-PB"
393604;2021-11-03;"quarta-feira";"07:52:00";"PB";230;147,9;"CAMPINA GRANDE";"Acumulo de óleo sobre o pavimento";"Tombamento";"Com Vítimas Feridas";"Pleno dia";"Crescente";"Sol";"Dupla";"Rotatória";"Sim";1;0;1;0;0;0;1;1;-7,236463;-35,867748;"SPRF-PB";"DEL02-PB";"UOP01-DEL02-PB"
393605;2021-11-03;"quarta-feira";"08:10:00";"BA";324;615;"SALVADOR";"Condutor deixou de manter distância do veículo da frente";"Engavetamento";"Com Vítimas Feridas";"Pleno dia";"Crescente";"Céu Claro";"Dupla";"Reta";"Sim";4;0;1;0;3;0;1;4;-12,87206398;-38,42746403;"SPRF-BA";"DEL01-BA";"UOP01-DEL01-BA"
393607;2021-11-03;"quarta-feira";"09:00:00";"RS";386;345,2;"LAJEADO";"Condutor deixou de manter distância do veículo da frente";"Colisão traseira";"Com Vítimas Feridas";"Pleno dia";"Decrescente";"Chuva";"Simples";"Reta";"Sim";2;0;1;0;1;0;1;2;-29,443069;-51,984135;"SPRF-RS";"DEL04-RS";"UOP01-DEL04-RS"
393609;2021-10-30;"sábado";"18:50:00";"PI";343;2,8;"TERESINA";"Condutor deixou de manter distância do veículo da frente";"Colisão lateral mesmo sentido";"Com Vítimas Feridas";"Anoitecer";"Crescente";"Céu Claro";"Dupla";"Curva";"Sim";3;0;1;0;1;1;1;2;-5,089569;-42,802288;"SPRF-PI";"DEL01-PI";"UOP01-DEL01-PI"
393610;2021-11-03;"quarta-feira";"08:15:00";"PR";277;600,1;"CASCAVEL";"Avarias e/ou desgaste excessivo no pneu";"Queda de ocupante de veículo";"Com Vítimas Feridas";"Pleno dia";"Crescente";"Sol";"Dupla";"Reta";"Sim";1;0;1;0;0;0;1;1;-25,013458;-53,537374;"SPRF-PR";"DEL04-PR";"UOP01-DEL04-PR"
393611;2021-11-03;"quarta-feira";"09:00:00";"RN";101;98;"NATAL";"Acumulo de óleo sobre o pavimento";"Tombamento";"Com Vítimas Feridas";"Pleno dia";"Decrescente";"Sol";"Dupla";"Viaduto";"Não";3;0;1;0;2;0;1;3;-5,86567888;-35,21651625;"SPRF-RN";"DEL01-RN";"UOP01-DEL01-RN"
393614;2021-11-03;"quarta-feira";"07:30:00";"PE";104;77,9;"CARUARU";"Condutor deixou de manter distância do veículo da frente";"Colisão traseira";"Com Vítimas Feridas";"Pleno dia";"Decrescente";"Sol";"Simples";"Curva";"Não";2;0;0;1;1;0;1;2;-8,38452019;-35,98237775;"SPRF-PE";"DEL02-PE";"UOP01-DEL02-PE"
393615;2021-11-03;"quarta-feira";"08:00:00";"MT";163;745;"SORRISO";"Acumulo de areia ou detritos sobre o pavimento";"Saída de leito carroçável";"Com Vítimas Feridas";"Pleno dia";"Crescente";"Chuva";"Simples";"Declive";"Não";1;0;1;0;0;0;1;1;-12,70808082;-55,81904129;"SPRF-MT";"DEL06-MT";"UOP01-DEL06-MT"
393616;2021-11-03;"quarta-feira";"09:00:00";"SC";101;215,7;"PALHOCA";"Condutor deixou de manter distância do veículo da frente";"Engavetamento";"Com Vítimas Feridas";"Pleno dia";"Decrescente";"Céu Claro";"Dupla";"Reta";"Sim";4;0;1;0;3;0;1;3;-27,65184843;-48,67604941;"SPRF-SC";"DEL01-SC";"UOP02-DEL01-SC"
393618;2021-11-03;"quarta-feira";"08:15:00";"CE";116;5;"FORTALEZA";"Condutor deixou de manter distância do veículo da frente";"Colisão traseira";"Com Vítimas Feridas";"Pleno dia";"Decrescente";"Céu Claro";"Múltipla";"Reta";"Sim";3;0;1;0;1;1;1;3;-3,79467116;-38,50772734;"SPRF-CE";"DEL01-CE";"UOP02-DEL01-CE"
393619;2021-10-18;"segunda-feira";"18:50:00";"BA";324;286;"JACOBINA";"Conversão proibida";"Colisão transversal";"Com Vítimas Feridas";"Plena Noite";"Crescente";"Nublado";"Simples";"Reta";"Sim";2;0;2;0;0;0;2;2;-11,15222528;-40,57077538;"SPRF-BA";"DEL04-BA";"UOP02-DEL04-BA"
393620;2021-11-03;"quarta-feira";"07:20:00";"SC";282;501,3;"XANXERE";"Mal súbito do condutor";"Colisão transversal";"Com Vítimas Feridas";"Pleno dia";"Decrescente";"Sol";"Dupla";"Rotatória";"Não";2;0;1;0;1;0;1;2;-26,882715;-52,381729;"SPRF-SC";"DEL07-SC";"UOP01-DEL07-SC"
393621;2021-11-03;"quarta-feira";"08:30:00";"MS";262;651;"CORUMBA";"Reação tardia ou ineficiente do condutor";"Saída de leito carroçável";"Com Vítimas Feridas";"Pleno dia";"Crescente";"Céu Claro";"Simples";"Reta";"Não";1;0;0;1;0;0;1;1;-19,71439908;-56,98973813;"SPRF-MS";"DEL03-MS";"UOP02-DEL03-MS"
393622;2021-11-03;"quarta-feira";"09:00:00";"MG";40;736,8;"SANTOS DUMONT";"Acessar a via sem observar a presença dos outros veículos";"Colisão transversal";"Com Vítimas Feridas";"Pleno dia";"Crescente";"Céu Claro";"Simples";"Reta";"Não";4;0;2;0;2;0;2;2;-21,37609516;-43,56993701;"SPRF-MG";"DEL05-MG";"UOP01-DEL05-MG"
393623;2021-11-03;"quarta-feira";"09:45:00";"SC";280;30;"ARAQUARI";"Acessar a via sem observar a presença dos outros veículos";"Colisão transversal";"Com Vítimas Feridas";"Pleno dia";"Crescente";"Céu Claro";"Simples";"Interseção de Vias";"Sim";2;0;1;0;1;0;1;2;-26,4141523;-48,76209493;"SPRF-SC";"DEL03-SC";"UOP03-DEL03-SC"
393624;2021-11-03;"quarta-feira";"09:15:00";"RS";158;239,8;"TUPANCIRETA";"Velocidade Incompatível";"Saída de leito carroçável";"Com Vítimas Feridas";"Pleno dia";"Crescente";"Nublado";"Simples";"Reta";"Não";1;0;0;1;0;0;1;1;-29,01971897;-53,64718533;"SPRF-RS";"DEL10-RS";"UOP02-DEL10-RS"
393626;2021-11-03;"quarta-feira";"10:00:00";"SC";101;201;"SAO JOSE";"Trafegar com motocicleta (ou similar) entre as faixas";"Colisão traseira";"Com Vítimas Feridas";"Pleno dia";"Crescente";"Céu Claro";"Múltipla";"Reta";"Sim";2;0;0;1;0;1;1;2;-27,54836599;-48,61977975;"SPRF-SC";"DEL01-SC";"UOP01-DEL01-SC"
393627;2021-11-03;"quarta-feira";"09:30:00";"PR";476;148;"CURITIBA";"Manobra de mudança de faixa";"Colisão lateral mesmo sentido";"Com Vítimas Feridas";"Pleno dia";"Decrescente";"Céu Claro";"Dupla";"Reta";"Não";2;0;1;0;1;0;1;2;-25,557121;-49,348732;"SPRF-PR";"DEL01-PR";"UOP03-DEL01-PR"
393628;2021-11-03;"quarta-feira";"10:00:00";"RS";290;91;"PORTO ALEGRE";"Manobra de mudança de faixa";"Colisão transversal";"Com Vítimas Feridas";"Pleno dia";"Crescente";"Chuva";"Dupla";"Reta";"Sim";4;0;2;0;2;0;2;2;-29,969055;-51,167439;"SPRF-RS";"DEL01-RS";"UOP01-DEL01-RS"
393629;2021-08-08;"domingo";"22:50:00";"MG";356;271;"EUGENOPOLIS";"Ingestão de álcool pelo condutor";"Colisão frontal";"Com Vítimas Feridas";"Plena Noite";"Decrescente";"Céu Claro";"Simples";"Aclive;Curva";"Não";2;0;0;1;1;0;1;2;-21,13692575;-42,30183406;"SPRF-MG";"DEL07-MG";"UOP02-DEL07-MG"
393631;2021-09-29;"quarta-feira";"21:15:00";"GO";153;565,4;"PROFESSOR JAMIL";"Desrespeitar a preferência no cruzamento";"Colisão frontal";"Com Vítimas Feridas";"Plena Noite";"Crescente";"Céu Claro";"Dupla";"Interseção de Vias";"Sim";3;0;1;2;0;0;3;2;-17,2566;-49,2418;"SPRF-GO";"DEL03-GO";"UOP01-DEL03-GO"
393632;2021-10-29;"sexta-feira";"14:40:00";"PE";232;4,5;"RECIFE";"Condutor deixou de manter distância do veículo da frente";"Colisão traseira";"Sem Vítimas";"Pleno dia";"Crescente";"Céu Claro";"Dupla";"Aclive";"Sim";3;0;0;0;3;0;0;3;-8,066598;-34,942008;"SPRF-PE";"DEL01-PE";"UOP01-DEL01-PE"
393633;2021-11-03;"quarta-feira";"10:40:00";"RJ";116;87;"TERESOPOLIS";"Chuva";"Colisão transversal";"Com Vítimas Feridas";"Pleno dia";"Crescente";"Chuva";"Simples";"Curva";"Não";3;0;1;1;1;0;2;2;-22,44527396;-42,95175555;"SPRF-RJ";"DEL04-RJ";"UOP01-DEL04-RJ"
393634;2021-11-03;"quarta-feira";"10:50:00";"RJ";101;409;"ITAGUAI";"Demais falhas mecânicas ou elétricas";"Incêndio";"Sem Vítimas";"Pleno dia";"Decrescente";"Céu Claro";"Dupla";"Reta";"Sim";1;0;0;0;1;0;0;1;-22,88503992;-43,83250205;"SPRF-RJ";"DEL03-RJ";"UOP01-DEL03-RJ"