"id";"data_inversa";"dia_semana";"horario";"uf";"br";"km";"municipio";"causa_acidente";"tipo_acidente";"classificacao_acidente";"fase_dia";"sentido_via";"condicao_metereologica";"tipo_pista";"tracado_via";"uso_solo";"pessoas";"mortos";"feridos_leves";"feridos_graves";"ilesos";"ignorados";"feridos";"veiculos";"latitude";"longitude";"regional";"delegacia";"uop"
393759;2021-11-04;"quinta-feira";"05:50:00";"BA";135;38;"FORMOSA DO RIO PRETO";"Ultrapassagem Indevida";"Atropelamento de Pedestre";"Com Vítimas Fatais";"Amanhecer";"Crescente";"Céu Claro";"Simples";"Aclive";"Não";2;1;0;0;1;0;0;2;-11,11396;-45,107605;"SPRF-BA";"DEL10-BA";"UOP01-DEL10-BA"
393761;2021-11-04;"quinta-feira";"07:30:00";"RN";406;160,9;"CEARA-MIRIM";"Animais na Pista";"Colisão lateral mesmo sentido";"Com Vítimas Feridas";"Pleno dia";"Decrescente";"Céu Claro";"Simples";"Reta";"Sim";2;0;1;0;1;0;1;2;-5,71375666;-35,37210457;"SPRF-RN";"DEL02-RN";"UOP01-DEL02-RN"
393764;2021-11-04;"quinta-feira";"07:30:00";"RS";153;44,4;"ERECHIM";"Desrespeitar a preferência no cruzamento";"Colisão transversal";"Com Vítimas Feridas";"Pleno dia";"Decrescente";"Céu Claro";"Simples";"Rotatória";"Sim";3;0;2;0;1;0;2;3;-27,62312752;-52,23687793;"SPRF-RS";"DEL08-RS";"UOP04-DEL08-RS"
393765;2021-11-04;"quinta-feira";"08:00:00";"DF";40;2,8;"BRASILIA";"Manobra de mudança de faixa";"Colisão lateral mesmo sentido";"Com Vítimas Feridas";"Pleno dia";"Decrescente";"Céu Claro";"Dupla";"Reta";"Sim";3;0;1;0;2;0;1;3;-15,99983894;-47,98457265;"SPRF-DF";"DEL01-DF";"UOP01-DEL01-DF"
393767;2021-10-02;"sábado";"20:35:00";"RS";392;47;"RIO GRANDE";"Ausência de reação do condutor";"Queda de ocupante de veículo";"Com Vítimas Fatais";"Plena Noite";"Crescente";"Nublado";"Dupla";"Reta";"Não";2;1;0;0;0;1;0;2;-31,90118807;-52,31761641;"SPRF-RS";"DEL07-RS";"UOP02-DEL07-RS"
393768;2021-11-04;"quinta-feira";"07:59:00";"PR";476;134;"CURITIBA";"Ausência de reação do condutor";"Colisão traseira";"Sem Vítimas";"Pleno dia";"Decrescente";"Céu Claro";"Dupla";"Reta";"Sim";2;0;0;0;2;0;0;2;-25,476524;-49,259937;"SPRF-PR";"DEL01-PR";"UOP03-DEL01-PR"
393770;2021-11-04;"quinta-feira";"08:05:00";"PE";428;191,5;"PETROLINA";"Reação tardia ou ineficiente do condutor";"Atropelamento de Pedestre";"Com Vítimas Feridas";"Pleno dia";"Decrescente";"Céu Claro";"Dupla";"Reta";"Sim";3;0;2;0;0;1;2;2;-9,383894;-40,518249;"SPRF-PE";"DEL06-PE";"UOP01-DEL06-PE"
393771;2021-11-04;"quinta-feira";"06:30:00";"CE";20;269;"ITATIRA";"Acessar a via sem observar a presença dos outros veículos";"Colisão transversal";"Com Vítimas Feridas";"Pleno dia";"Decrescente";"Céu Claro";"Simples";"Curva";"Não";8;0;3;0;5;0;3;2;-4,66545139;-39,39949853;"SPRF-CE";"DEL02-CE";"UOP01-DEL02-CE"
393773;2021-11-04;"quinta-feira";"08:05:00";"SP";116;144,5;"SAO JOSE DOS CAMPOS";"Condutor deixou de manter distância do veículo da frente";"Colisão traseira";"Com Vítimas Feridas";"Pleno dia";"Crescente";"Céu Claro";"Múltipla";"Aclive";"Sim";2;0;1;0;1;0;1;2;-23,18274416;-45,84633592;"SPRF-SP";"DEL02-SP";"UOP01-DEL02-SP"
393775;2021-11-04;"quinta-feira";"08:20:00";"RJ";40;119;"DUQUE DE CAXIAS";"Trafegar com motocicleta (ou similar) entre as faixas";"Tombamento";"Com Vítimas Feridas";"Pleno dia";"Crescente";"Céu Claro";"Múltipla";"Reta";"Sim";1;0;1;0;0;0;1;1;-22,76375592;-43,28683062;"SPRF-RJ";"DEL01-RJ";"UOP01-DEL01-RJ"
393776;2021-11-04;"quinta-feira";"08:55:00";"SC";101;118,6;"ITAJAI";"Manobra de mudança de faixa";"Colisão traseira";"Com Vítimas Feridas";"Pleno dia";"Crescente";"Céu Claro";"Dupla";"Reta";"Sim";2;0;1;0;1;0;1;2;-26,895859;-48,71903;"SPRF-SC";"DEL04-SC";"UOP04-DEL04-SC"
393777;2021-11-04;"quinta-feira";"07:05:00";"PA";222;22;"DOM ELISEU";"Conversão proibida";"Colisão transversal";"Com Vítimas Feridas";"Amanhecer";"Decrescente";"Céu Claro";"Simples";"Reta";"Não";7;0;0;1;5;1;1;3;-4,303772;-47,591629;"SPRF-PA";"DEL02-PA";"UOP02-DEL02-PA"
393778;2021-11-04;"quinta-feira";"08:00:00";"RS";116;253;"SAPUCAIA DO SUL";"Ingestão de álcool pelo condutor";"Colisão traseira";"Sem Vítimas";"Pleno dia";"Crescente";"Céu Claro";"Múltipla";"Reta";"Sim";2;0;0;0;2;0;0;2;-29,81784209;-51,16996166;"SPRF-RS";"DEL01-RS";"UOP02-DEL01-RS"
393780;2021-11-04;"quinta-feira";"09:00:00";"RN";101;85,4;"NATAL";"Manobra de mudança de faixa";"Colisão lateral mesmo sentido";"Com Vítimas Feridas";"Pleno dia";"Crescente";"Céu Claro";"Dupla";"Ponte";"Sim";2;0;1;0;1;0;1;2;-5,777664;-35,24937;"SPRF-RN";"DEL02-RN";"UOP01-DEL02-RN"
393781;2021-11-04;"quinta-feira";"07:50:00";"SC";101;207,5;"SAO JOSE";"Condutor deixou de manter distância do veículo da frente";"Colisão traseira";"Com Vítimas Feridas";"Pleno dia";"Decrescente";"Céu Claro";"Dupla";"Reta";"Sim";2;0;1;0;1;0;1;2;-27,60001226;-48,6226467;"SPRF-SC";"DEL01-SC";"UOP01-DEL01-SC"
393782;2021-09-26;"domingo";"19:15:00";"SP";101;45,8;"UBATUBA";"Trafegar com motocicleta (ou similar) entre as faixas";"Colisão frontal";"Com Vítimas Feridas";"Plena Noite";"Decrescente";"Céu Claro";"Simples";"Reta";"Sim";3;0;3;0;0;0;3;2;-23,41779396;-45,06788408;"SPRF-SP";"DEL06-SP";"UOP01-DEL06-SP"
393783;2021-11-04;"quinta-feira";"08:45:00";"MG";40;607;"CONGONHAS";"Objeto estático sobre o leito carroçável";"Colisão com objeto";"Com Vítimas Feridas";"Pleno dia";"Decrescente";"Sol";"Simples";"Reta";"Sim";2;0;1;0;1;0;1;1;-20,47904994;-43,84133046;"SPRF-MG";"DEL05-MG";"UOP02-DEL05-MG"
393784;2021-11-04;"quinta-feira";"09:08:00";"RS";116;150,8;"CAXIAS DO SUL";"Ausência de reação do condutor";"Atropelamento de Pedestre";"Com Vítimas Fatais";"Pleno dia";"Decrescente";"Sol";"Dupla";"Curva";"Sim";2;1;0;0;1;0;0;2;-29,168428;-51,158337;"SPRF-RS";"DEL05-RS";"UOP01-DEL05-RS"
393785;2021-11-04;"quinta-feira";"09:30:00";"SC";280;58,2;"GUARAMIRIM";"Condutor deixou de manter distância do veículo da frente";"Colisão traseira";"Com Vítimas Feridas";"Pleno dia";"Crescente";"Nublado";"Dupla";"Reta";"Não";2;0;1;0;1;0;1;2;-26,47415593;-49,021211;"SPRF-SC";"DEL03-SC";"UOP03-DEL03-SC"
393786;2021-11-04;"quinta-feira";"09:40:00";"PE";101;50,8;"ABREU E LIMA";"Ultrapassagem Indevida";"Colisão lateral mesmo sentido";"Com Vítimas Feridas";"Pleno dia";"Crescente";"Sol";"Múltipla";"Interseção de Vias";"Sim";2;0;0;1;1;0;1;2;-7,90938602;-34,90123228;"SPRF-PE";"DEL01-PE";"UOP02-DEL01-PE"
393787;2021-11-04;"quinta-feira";"09:10:00";"SP";116;141;"SAO JOSE DOS CAMPOS";"Manobra de mudança de faixa";"Colisão traseira";"Com Vítimas Feridas";"Pleno dia";"Crescente";"Sol";"Dupla";"Reta";"Sim";2;0;1;0;1;0;1;2;-23,17004717;-45,82091491;"SPRF-SP";"DEL02-SP";"UOP01-DEL02-SP"
393788;2021-04-26;"segunda-feira";"19:22:00";"BA";101;230;"SAPEACU";"Acessar a via sem observar a presença dos outros veículos";"Tombamento";"Com Vítimas Feridas";"Plena Noite";"Crescente";"Céu Claro";"Simples";"Interseção de Vias;Reta";"Sim";2;0;0;1;1;0;1;2;-12,83551106;-39,20129659;"SPRF-BA";"DEL01-BA";"UOP02-DEL01-BA"
393789;2021-11-04;"quinta-feira";"08:00:00";"RO";364;15;"VILHENA";"Ultrapassagem Indevida";"Colisão transversal";"Com Vítimas Feridas";"Pleno dia";"Crescente";"Nublado";"Simples";"Interseção de Vias";"Sim";2;0;0;1;1;0;1;2;-12,73595286;-60,14944911;"SPRF-RO";"DEL04-RO";"UOP01-DEL04-RO"
393790;2021-11-04;"quinta-feira";"10:10:00";"MG";381;500,5;"BETIM";"Demais falhas mecânicas ou elétricas";"Queda de ocupante de veículo";"Com Vítimas Feridas";"Pleno dia";"Crescente";"Céu Claro";"Dupla";"Curva";"Não";1;0;1;0;0;0;1;1;-20,02513493;-44,23112709;"SPRF-MG";"DEL01-MG";"UOP03-DEL01-MG"
393792;2021-11-04;"quinta-feira";"09:45:00";"RS";116;259;"CANOAS";"Demais falhas mecânicas ou elétricas";"Tombamento";"Com Vítimas Feridas";"Pleno dia";"Decrescente";"Céu Claro";"Múltipla";"Reta";"Não";2;0;1;0;1;0;1;1;-29,870408;-51,179909;"SPRF-RS";"DEL01-RS";"UOP02-DEL01-RS"
393794;2021-11-04;"quinta-feira";"09:50:00";"RS";116;245;"SAO LEOPOLDO";"Condutor deixou de manter distância do veículo da frente";"Colisão traseira";"Com Vítimas Feridas";"Pleno dia";"Crescente";"Céu Claro";"Dupla";"Reta";"Sim";3;0;2;0;1;0;2;3;-29,74980902;-51,15125361;"SPRF-RS";"DEL01-RS";"UOP02-DEL01-RS"
393796;2021-11-04;"quinta-feira";"09:25:00";"CE";20;418;"MARACANAU";"Acumulo de óleo sobre o pavimento";"Derramamento de carga";"Com Vítimas Feridas";"Pleno dia";"Decrescente";"Céu Claro";"Dupla";"Reta";"Não";1;0;1;0;0;0;1;1;-3,76999035;-38,67006282;"SPRF-CE";"DEL01-CE";"UOP02-DEL01-CE"
393797;2021-11-04;"quinta-feira";"09:50:00";"CE";20;418;"MARACANAU";"Acumulo de óleo sobre o pavimento";"Tombamento";"Com Vítimas Feridas";"Pleno dia";"Decrescente";"Sol";"Dupla";"Reta";"Sim";2;0;2;0;0;0;2;1;-3,76999035;-38,67006282;"SPRF-CE";"DEL01-CE";"UOP02-DEL01-CE"
393798;2021-09-29;"quarta-feira";"20:00:00";"RS";285;82;"BOM JESUS";"Reação tardia ou ineficiente do condutor";"Colisão com objeto";"Com Vítimas Feridas";"Plena Noite";"Crescente";"Nublado";"Simples";"Curva";"Não";1;0;1;0;0;0;1;1;-28,63982799;-50,64757347;"SPRF-RS";"DEL05-RS";"UOP03-DEL05-RS"
393800;2021-11-04;"quinta-feira";"09:00:00";"DF";70;12,3;"BRASILIA";"Ausência de reação do condutor";"Colisão traseira";"Com Vítimas Feridas";"Pleno dia";"Decrescente";"Nublado";"Dupla";"Reta";"Sim";2;0;0;1;1;0;1;2;-15,79315175;-48,16065073;"SPRF-DF";"DEL03-DF";"UOP02-DEL03-DF"
393801;2021-10-11;"segunda-feira";"11:50:00";"SC";280;26;"ARAQUARI";"Ultrapassagem Indevida";"Colisão transversal";"Com Vítimas Feridas";"Pleno dia";"Decrescente";"Nublado";"Simples";"Reta";"Sim";2;0;0;1;1;0;1;2;-26,389697;-48,734109;"SPRF-SC";"DEL03-SC";"UOP03-DEL03-SC"
393802;2021-10-26;"terça-feira";"07:20:00";"RN";304;281;"MACAIBA";"Avarias e/ou desgaste excessivo no pneu";"Saída de leito carroçável";"Com Vítimas Feridas";"Pleno dia";"Decrescente";"Céu Claro";"Simples";"Desvio Temporário";"Não";1;0;1;0;0;0;1;1;-5,88878;-35,487307;"SPRF-RN";"DEL01-RN";"UOP02-DEL01-RN"
393803;2021-11-04;"quinta-feira";"10:00:00";"PR";376;186,7;"MARIALVA";"Condutor Dormindo";"Colisão traseira";"Com Vítimas Feridas";"Pleno dia";"Decrescente";"Céu Claro";"Dupla";"Reta";"Não";2;0;1;0;1;0;1;2;-23,45643624;-51,84510713;"SPRF-PR";"DEL09-PR";"UOP01-DEL09-PR"
393805;2021-11-04;"quinta-feira";"09:30:00";"ES";101;110,7;"SOORETAMA";"Reação tardia ou ineficiente do condutor";"Tombamento";"Com Vítimas Feridas";"Pleno dia";"Crescente";"Céu Claro";"Simples";"Reta";"Não";2;0;1;1;0;0;2;1;-19,06215201;-40,03484798;"SPRF-ES";"DEL04-ES";"UOP01-DEL04-ES"
393806;2021-10-15;"sexta-feira";"21:00:00";"RS";290;50;"GLORINHA";"Velocidade Incompatível";"Saída de leito carroçável";"Com Vítimas Feridas";"Plena Noite";"Decrescente";"Chuva";"Dupla";"Reta";"Não";2;0;1;0;1;0;1;1;-29,906633;-50,757706;"SPRF-RS";"DEL03-RS";"UOP01-DEL03-RS"
393810;2021-10-31;"domingo";"18:45:00";"RS";290;181;"MINAS DO LEAO";"Velocidade Incompatível";"Atropelamento de Pedestre";"Com Vítimas Feridas";"Pleno dia";"Crescente";"Céu Claro";"Simples";"Reta";"Não";2;0;1;0;0;1;1;2;-30,140005;-52,023026;"SPRF-RS";"DEL02-RS";"UOP03-DEL02-RS"
393811;2021-11-04;"quinta-feira";"10:00:00";"RO";174;14;"VILHENA";"Desrespeitar a preferência no cruzamento";"Colisão transversal";"Com Vítimas Feridas";"Pleno dia";"Decrescente";"Céu Claro";"Simples";"Interseção de Vias";"Sim";2;0;1;0;1;0;1;2;-12,73306632;-60,12981255;"SPRF-RO";"DEL04-RO";"UOP01-DEL04-RO"
393812;2021-11-04;"quinta-feira";"12:00:00";"RJ";356;130,4;"CAMPOS DOS GOYTACAZES";"Reação tardia ou ineficiente do condutor";"Saída de leito carroçável";"Com Vítimas Fatais";"Pleno dia";"Decrescente";"Nublado";"Simples";"Reta";"Não";2;1;1;0;0;0;1;1;-21,69613303;-41,36022556;"SPRF-RJ";"DEL08-RJ";"UOP01-DEL08-RJ"
393814;2021-11-04;"quinta-feira";"12:30:00";"PR";277;584;"CASCAVEL";"Frear bruscamente";"Colisão com objeto";"Com Vítimas Feridas";"Pleno dia";"Crescente";"Céu Claro";"Dupla";"Curva";"Sim";1;0;1;0;0;0;1;1;-24,96684176;-53,40258186;"SPRF-PR";"DEL04-PR";"UOP01-DEL04-PR"
393816;2021-11-04;"quinta-feira";"07:15:00";"AC";317;5;"PORTO ACRE";"Acessar a via sem observar a presença dos outros veículos";"Colisão transversal";"Com Vítimas Fatais";"Pleno dia";"Crescente";"Céu Claro";"Simples";"Reta";"Não";7;2;1;4;0;0;5;2;-9,63480198;-67,33232897;"SPRF-AC";"DEL01-AC";"UOP01-DEL01-AC"
393818;2021-11-04;"quinta-feira";"11:40:00";"AL";101;214,4;"SAO SEBASTIAO";"Mal súbito do condutor";"Saída de leito carroçável";"Com Vítimas Feridas";"Pleno dia";"Crescente";"Céu Claro";"Dupla";"Reta";"Não";2;0;2;0;0;0;2;1;-10,02978319;-36,63332084;"SPRF-AL";"DEL02-AL";"UOP02-DEL02-AL"
393821;2021-11-04;"quinta-feira";"13:00:00";"GO";20;126;"FLORES DE GOIAS";"Chuva";"Saída de leito carroçável";"Com Vítimas Feridas";"Pleno dia";"Crescente";"Chuva";"Simples";"Curva";"Não";5;0;1;0;4;0;1;1;-14,851294;-46,77523;"SPRF-DF";"DEL02-DF";"UOP03-DEL02-DF"
393822;2021-11-04;"quinta-feira";"13:10:00";"MG";40;29;"PARACATU";"Acumulo de água sobre o pavimento";"Saída de leito carroçável";"Com Vítimas Feridas";"Pleno dia";"Crescente";"Chuva";"Simples";"Curva";"Não";3;0;3;0;0;0;3;1;-17,14892389;-46,94276491;"SPRF-MG";"DEL14-MG";"UOP01-DEL14-MG"
393825;2021-11-04;"quinta-feira";"13:30:00";"PR";153;99;"JAPIRA";"Desrespeitar a preferência no cruzamento";"Colisão transversal";"Sem Vítimas";"Pleno dia";"Decrescente";"Céu Claro";"Simples";"Curva";"Não";2;0;0;0;2;0;0;2;-23,76398712;-50,18737353;"SPRF-PR";"DEL07-PR";"UOP04-DEL07-PR"
393826;2021-10-16;"sábado";"21:00:00";"PE";428;13;"CABROBO";"Ultrapassagem Indevida";"Colisão frontal";"Com Vítimas Feridas";"Plena Noite";"Crescente";"Céu Claro";"Simples";"Reta";"Sim";2;0;1;0;0;1;1;2;-8,502297;-39,329382;"SPRF-PE";"DEL05-PE";"UOP03-DEL05-PE"
393828;2021-11-04;"quinta-feira";"07:50:00";"MG";50;177,4;"UBERABA";"Acumulo de areia ou detritos sobre o pavimento";"Tombamento";"Com Vítimas Feridas";"Pleno dia";"Decrescente";"Céu Claro";"Dupla";"Viaduto";"Sim";1;0;1;0;0;0;1;1;-19,77914852;-47,95047701;"SPRF-MG";"DEL13-MG";"UOP01-DEL13-MG"
393830;2021-11-04;"quinta-feira";"08:27:00";"MG";50;177,3;"UBERABA";"Acumulo de areia ou detritos sobre o pavimento";"Tombamento";"Com Vítimas Feridas";"Pleno dia";"Crescente";"Sol";"Dupla";"Viaduto";"Sim";1;0;1;0;0;0;1;1;-19,77914852;-47,95047701;"SPRF-MG";"DEL13-MG";"UOP01-DEL13-MG"
393833;2021-10-15;"sexta-feira";"00:59:00";"BA";116;3;"VITORIA DA CONQUISTA";"Demais falhas mecânicas ou elétricas";"Incêndio";"Sem Vítimas";"Plena Noite";"Crescente";"Ignorado";"Simples";"Reta";"Não";2;0;0;0;2;0;0;1;-14,824866;-40,860802;"SPRF-BA";"DEL08-BA";"UOP01-DEL08-BA"
393835;2021-11-04;"quinta-feira";"15:20:00";"RS";471;174;"RIO PARDO";"Condutor deixou de manter distância do veículo da frente";"Colisão traseira";"Sem Vítimas";"Pleno dia";"Decrescente";"Céu Claro";"Simples";"Interseção de Vias";"Sim";2;0;0;0;1;1;0;2;-30,022757;-52,373554;"SPRF-RS";"DEL02-RS";"UOP03-DEL02-RS"
393837;2021-11-04;"quinta-feira";"12:00:00";"RJ";116;312;"ITATIAIA";"Reação tardia ou ineficiente do condutor";"Colisão traseira";"Sem Vítimas";"Pleno dia";"Crescente";"Céu Claro";"Dupla";"Reta";"Não";3;0;0;0;3;0;0;2;-22,46747695;-44,50528666;"SPRF-RJ";"DEL07-RJ";"UOP02-DEL07-RJ"
393840;2021-11-04;"quinta-feira";"10:30:00";"PE";424;82,7;"GARANHUNS";"Falta de acostamento";"Saída de leito carroçável";"Sem Vítimas";"Pleno dia";"Crescente";"Céu Claro";"Simples";"Reta";"Não";1;0;0;0;0;1;0;1;-8,84079808;-36,53196006;"SPRF-PE";"DEL03-PE";"UOP01-DEL03-PE"
393842;2021-11-04;"quinta-feira";"15:40:00";"ES";101;294,6;"CARIACICA";"Manobra de mudança de faixa";"Colisão lateral mesmo sentido";"Com Vítimas Feridas";"Pleno dia";"Decrescente";"Nublado";"Dupla";"Reta";"Sim";2;0;1;0;0;1;1;2;-20,32415948;-40,3952903;"SPRF-ES";"DEL01-ES";"UOP01-DEL01-ES"
393843;2021-11-04;"quinta-feira";"16:00:00";"MG";40;545;"NOVA LIMA";"Avarias e/ou desgaste excessivo no pneu";"Tombamento";"Com Vítimas Feridas";"Pleno dia";"Decrescente";"Nublado";"Dupla";"Reta";"Sim";2;0;2;0;0;0;2;1;-20,00670404;-43,96418668;"SPRF-MG";"DEL01-MG";"UOP02-DEL01-MG"
393844;2021-11-04;"quinta-feira";"16:50:00";"PR";476;136;"CURITIBA";"Condutor deixou de manter distância do veículo da frente";"Colisão traseira";"Com Vítimas Feridas";"Anoitecer";"Decrescente";"Chuva";"Dupla";"Reta";"Sim";2;0;1;0;1;0;1;2;-25,491047;-49,271679;"SPRF-PR";"DEL01-PR";"UOP03-DEL01-PR"
393847;2021-11-04;"quinta-feira";"17:15:00";"TO";153;412;"MIRANORTE";"Conversão proibida";"Colisão transversal";"Com Vítimas Feridas";"Plena Noite";"Decrescente";"Céu Claro";"Dupla";"Retorno Regulamentado";"Sim";2;0;0;1;0;1;1;2;-9,51563983;-48,58971255;"SPRF-TO";"DEL02-TO";"UOP02-DEL02-TO"
393848;2021-11-04;"quinta-feira";"10:00:00";"PI";135;368;"BOM JESUS";"Demais falhas mecânicas ou elétricas";"Saída de leito carroçável";"Sem Vítimas";"Pleno dia";"Decrescente";"Garoa/Chuvisco";"Simples";"Curva";"Não";1;0;0;0;0;1;0;1;-9,18719426;-44,43224668;"SPRF-PI";"DEL03-PI";"UOP02-DEL03-PI"
393849;2021-11-04;"quinta-feira";"16:35:00";"RS";392;49,5;"RIO GRANDE";"Demais falhas mecânicas ou elétricas";"Tombamento";"Com Vítimas Feridas";"Pleno dia";"Decrescente";"Céu Claro";"Dupla";"Reta";"Não";2;0;2;0;0;0;2;1;-31,88320305;-52,32070832;"SPRF-RS";"DEL07-RS";"UOP02-DEL07-RS"
393850;2021-11-04;"quinta-feira";"17:00:00";"RS";290;94;"PORTO ALEGRE";"Manobra de mudança de faixa";"Colisão lateral mesmo sentido";"Com Vítimas Feridas";"Pleno dia";"Crescente";"Céu Claro";"Dupla";"Reta";"Sim";2;0;1;0;1;0;1;2;-29,973856;-51,197853;"SPRF-RS";"DEL01-RS";"UOP01-DEL01-RS"
393851;2021-11-04;"quinta-feira";"17:30:00";"DF";40;3,2;"BRASILIA";"Reação tardia ou ineficiente do condutor";"Tombamento";"Com Vítimas Feridas";"Pleno dia";"Crescente";"Nublado";"Dupla";"Declive;Reta";"Sim";1;0;1;0;0;0;1;1;-16,003145;-47,983944;"SPRF-DF";"DEL01-DF";"UOP01-DEL01-DF"
393852;2021-08-24;"terça-feira";"14:20:00";"ES";262;4;"CARIACICA";"Condutor deixou de manter distância do veículo da frente";"Colisão traseira";"Com Vítimas Feridas";"Pleno dia";"Crescente";"Céu Claro";"Múltipla";"Reta";"Sim";2;0;1;0;1;0;1;2;-20,33609327;-40,37812784;"SPRF-ES";"DEL01-ES";"UOP01-DEL01-ES"
393853;2021-11-04;"quinta-feira";"17:30:00";"AL";104;86,8;"RIO LARGO";"Acessar a via sem observar a presença dos outros veículos";"Colisão transversal";"Com Vítimas Feridas";"Anoitecer";"Crescente";"Céu Claro";"Dupla";"Retorno Regulamentado";"Sim";3;0;0;2;0;1;2;2;-9,46691715;-35,82504135;"SPRF-AL";"DEL01-AL";"UOP01-DEL01-AL"
393854;2021-11-04;"quinta-feira";"17:20:00";"RJ";101;577;"PARATY";"Acessar a via sem observar a presença dos outros veículos";"Colisão transversal";"Com Vítimas Feridas";"Pleno dia";"Decrescente";"Céu Claro";"Simples";"Reta";"Não";2;0;1;0;1;0;1;2;-23,21978585;-44,73466957;"SPRF-RJ";"DEL03-RJ";"UOP04-DEL03-RJ"
393855;2021-11-04;"quinta-feira";"17:30:00";"MG";365;604,1;"UBERLANDIA";"Acessar a via sem observar a presença dos outros veículos";"Tombamento";"Com Vítimas Feridas";"Pleno dia";"Crescente";"Céu Claro";"Dupla";"Retorno Regulamentado;Reta";"Não";4;0;1;0;0;3;1;3;-18,89210463;-48,14238489;"SPRF-MG";"DEL15-MG";"UOP01-DEL15-MG"
393856;2021-11-04;"quinta-feira";"14:50:00";"SC";282;561;"NOVA ITABERABA";"Avarias e/ou desgaste excessivo no pneu";"Colisão com objeto";"Sem Vítimas";"Pleno dia";"Decrescente";"Céu Claro";"Simples";"Ponte";"Não";1;0;0;0;0;1;0;1;-26,92643196;-52,8565979;"SPRF-SC";"DEL07-SC";"UOP02-DEL07-SC"
393858;2021-11-04;"quinta-feira";"17:30:00";"ES";482;104,3;"GUACUI";"Acesso irregular";"Colisão transversal";"Com Vítimas Feridas";"Anoitecer";"Crescente";"Garoa/Chuvisco";"Simples";"Reta";"Sim";2;0;1;0;1;0;1;2;-20,78384403;-41,66073203;"SPRF-ES";"DEL03-ES";"UOP02-DEL03-ES"
393861;2021-11-04;"quinta-feira";"19:07:00";"BA";135;104;"RIACHAO DAS NEVES";"Manobra de mudança de faixa";"Colisão frontal";"Com Vítimas Fatais";"Plena Noite";"Decrescente";"Céu Claro";"Simples";"Curva";"Não";6;2;0;2;2;0;2;2;-11,595614;-44,832138;"SPRF-BA";"DEL10-BA";"UOP01-DEL10-BA"
393863;2021-11-04;"quinta-feira";"19:10:00";"SC";101;117,2;"ITAJAI";"Ingestão de álcool pelo condutor";"Colisão transversal";"Com Vítimas Feridas";"Plena Noite";"Decrescente";"Céu Claro";"Simples";"Reta";"Sim";2;0;2;0;0;0;2;2;-26,88747187;-48,72252969;"SPRF-SC";"DEL04-SC";"UOP04-DEL04-SC"
393864;2021-11-04;"quinta-feira";"16:00:00";"RJ";101;317;"SAO GONCALO";"Ausência de reação do condutor";"Engavetamento";"Com Vítimas Feridas";"Pleno dia";"Decrescente";"Nublado";"Dupla";"Reta";"Sim";14;0;1;0;13;0;1;4;-22,82835879;-43,09208739;"SPRF-RJ";"DEL02-RJ";"UOP02-DEL02-RJ"
393865;2021-11-04;"quinta-feira";"19:05:00";"RN";304;47;"MOSSORO";"Acessar a via sem observar a presença dos outros veículos";"Colisão transversal";"Com Vítimas Feridas";"Plena Noite";"Decrescente";"Céu Claro";"Dupla";"Interseção de Vias";"Sim";2;0;1;0;1;0;1;2;-5,22580438;-37,3321867;"SPRF-RN";"DEL04-RN";"UOP01-DEL04-RN"
393868;2021-11-04;"quinta-feira";"17:20:00";"RO";364;342;"JI-PARANA";"Trafegar com motocicleta (ou similar) entre as faixas";"Colisão lateral mesmo sentido";"Com Vítimas Feridas";"Pleno dia";"Decrescente";"Céu Claro";"Dupla";"Reta";"Sim";2;0;1;0;1;0;1;2;-10,88381227;-61,93741416;"SPRF-RO";"DEL02-RO";"UOP01-DEL02-RO"
393869;2021-08-28;"sábado";"06:15:00";"BA";242;634;"MUQUEM DE SAO FRANCISCO";"Reação tardia ou ineficiente do condutor";"Saída de leito carroçável";"Com Vítimas Feridas";"Amanhecer";"Crescente";"Ignorado";"Simples";"Reta";"Não";2;0;1;1;0;0;2;1;-12,20740335;-43,61136071;"SPRF-BA";"DEL06-BA";"UOP03-DEL06-BA"
393870;2021-11-04;"quinta-feira";"20:33:00";"MG";40;456,7;"CAETANOPOLIS";"Objeto estático sobre o leito carroçável";"Colisão com objeto";"Com Vítimas Feridas";"Plena Noite";"Decrescente";"Céu Claro";"Dupla";"Retorno Regulamentado";"Não";2;0;2;0;0;0;2;1;-19,36312782;-44,33978478;"SPRF-MG";"DEL02-MG";"UOP01-DEL02-MG"
393871;2021-11-04;"quinta-feira";"17:00:00";"MG";381;158;"GOVERNADOR VALADARES";"Acessar a via sem observar a presença dos outros veículos";"Colisão transversal";"Com Vítimas Feridas";"Pleno dia";"Crescente";"Sol";"Simples";"Reta";"Não";3;0;2;1;0;0;3;2;-18,91795246;-42,01337465;"SPRF-MG";"DEL06-MG";"UOP01-DEL06-MG"
393874;2021-11-04;"quinta-feira";"20:38:00";"SP";116;224;"GUARULHOS";"Entrada inopinada do pedestre";"Atropelamento de Pedestre";"Com Vítimas Fatais";"Plena Noite";"Crescente";"Céu Claro";"Múltipla";"Reta";"Sim";2;1;0;0;1;0;0;2;-23,48071896;-46,53271603;"SPRF-SP";"DEL01-SP";"UOP01-DEL01-SP"