"id";"data_inversa";"dia_semana";"horario";"uf";"br";"km";"municipio";"causa_acidente";"tipo_acidente";"classificacao_acidente";"fase_dia";"sentido_via";"condicao_metereologica";"tipo_pista";"tracado_via";"uso_solo";"pessoas";"mortos";"feridos_leves";"feridos_graves";"ilesos";"ignorados";"feridos";"veiculos";"latitude";"longitude";"regional";"delegacia";"uop"
394005;2021-11-05;"sexta-feira";"16:35:00";"SC";101;213;"PALHOCA";"Manobra de mudança de faixa";"Queda de ocupante de veículo";"Com Vítimas Feridas";"Pleno dia";"Decrescente";"Céu Claro";"Dupla";"Reta";"Sim";1;0;1;0;0;0;1;1;-27,63697369;-48,66514142;"SPRF-SC";"DEL01-SC";"UOP02-DEL01-SC"
394006;2021-11-05;"sexta-feira";"16:30:00";"PB";230;25;"JOAO PESSOA";"Ausência de reação do condutor";"Colisão traseira";"Sem Vítimas";"Pleno dia";"Crescente";"Céu Claro";"Dupla";"Curva";"Sim";2;0;0;0;2;0;0;2;-7,1707;-34,8684;"SPRF-PB";"DEL01-PB";"UOP01-DEL01-PB"
394007;2021-11-05;"sexta-feira";"16:30:00";"GO";153;436,5;"ANAPOLIS";"Acumulo de água sobre o pavimento";"Colisão com objeto";"Com Vítimas Feridas";"Pleno dia";"Crescente";"Chuva";"Dupla";"Curva;Declive";"Sim";4;0;1;0;3;0;1;1;-16,283987;-48,951763;"SPRF-GO";"DEL02-GO";"UOP01-DEL02-GO"
394008;2021-11-05;"sexta-feira";"16:30:00";"MG";459;97,7;"POUSO ALEGRE";"Acessar a via sem observar a presença dos outros veículos";"Colisão transversal";"Com Vítimas Feridas";"Pleno dia";"Crescente";"Sol";"Dupla";"Retorno Regulamentado";"Sim";3;0;1;0;1;1;1;3;-22,199377;-45,969555;"SPRF-MG";"DEL16-MG";"UOP01-DEL16-MG"
394010;2021-11-05;"sexta-feira";"17:00:00";"PE";101;49,3;"ABREU E LIMA";"Entrada inopinada do pedestre";"Atropelamento de Pedestre";"Sem Vítimas";"Plena Noite";"Decrescente";"Céu Claro";"Múltipla";"Reta";"Sim";2;0;0;0;0;2;0;2;-7,9005152;-34,90180641;"SPRF-PE";"DEL01-PE";"UOP02-DEL01-PE"
394011;2021-11-05;"sexta-feira";"14:00:00";"BA";101;8,4;"RIO REAL";"Avarias e/ou desgaste excessivo no pneu";"Saída de leito carroçável";"Com Vítimas Fatais";"Pleno dia";"Decrescente";"Céu Claro";"Dupla";"Reta";"Não";5;1;3;1;0;0;4;1;-11,55008829;-37,86547607;"SPRF-SE";"DEL02-SE";"UOP03-DEL02-SE"
394013;2021-11-05;"sexta-feira";"17:20:00";"RS";392;117;"CANGUCU";"Ausência de reação do condutor";"Colisão frontal";"Sem Vítimas";"Pleno dia";"Decrescente";"Nublado";"Simples";"Rotatória";"Sim";2;0;0;0;2;0;0;2;-31,41369338;-52,67628308;"SPRF-RS";"DEL07-RS";"UOP01-DEL07-RS"
394014;2021-11-05;"sexta-feira";"17:20:00";"AL";104;79;"MESSIAS";"Transitar na contramão";"Colisão frontal";"Com Vítimas Feridas";"Plena Noite";"Crescente";"Céu Claro";"Simples";"Reta";"Não";3;0;3;0;0;0;3;2;-9,40613;-35,840244;"SPRF-AL";"DEL01-AL";"UOP01-DEL01-AL"
394016;2021-11-05;"sexta-feira";"16:30:00";"ES";101;263;"SERRA";"Animais na Pista";"Tombamento";"Com Vítimas Feridas";"Anoitecer";"Decrescente";"Céu Claro";"Dupla";"Reta";"Sim";1;0;1;0;0;0;1;1;-20,16554736;-40,27301648;"SPRF-ES";"DEL02-ES";"UOP01-DEL02-ES"
394021;2021-11-05;"sexta-feira";"16:00:00";"RJ";116;67;"TERESOPOLIS";"Reação tardia ou ineficiente do condutor";"Tombamento";"Com Vítimas Feridas";"Pleno dia";"Crescente";"Céu Claro";"Simples";"Reta";"Sim";1;0;1;0;0;0;1;1;-22,29371693;-42,93354335;"SPRF-RJ";"DEL04-RJ";"UOP01-DEL04-RJ"
394022;2021-11-05;"sexta-feira";"17:50:00";"CE";116;375;"ICO";"Pedestre andava na pista";"Atropelamento de Pedestre";"Com Vítimas Feridas";"Anoitecer";"Crescente";"Céu Claro";"Simples";"Reta";"Sim";3;0;1;2;0;0;3;2;-6,3951252;-38,83101685;"SPRF-CE";"DEL05-CE";"UOP01-DEL05-CE"
394023;2021-11-05;"sexta-feira";"18:20:00";"SC";101;119;"ITAJAI";"Condutor deixou de manter distância do veículo da frente";"Colisão traseira";"Com Vítimas Feridas";"Anoitecer";"Crescente";"Nublado";"Múltipla";"Reta;Interseção de Vias";"Sim";3;0;2;0;1;0;2;3;-26,9043179;-48,71555481;"SPRF-SC";"DEL04-SC";"UOP04-DEL04-SC"
394026;2021-11-05;"sexta-feira";"12:30:00";"RJ";493;21;"MAGE";"Reação tardia ou ineficiente do condutor";"Colisão transversal";"Com Vítimas Feridas";"Pleno dia";"Crescente";"Céu Claro";"Simples";"Reta";"Sim";2;0;1;0;1;0;1;2;-22,66151289;-43,04480692;"SPRF-RJ";"DEL04-RJ";"UOP02-DEL04-RJ"
394027;2021-11-05;"sexta-feira";"13:25:00";"PR";476;234;"LAPA";"Reação tardia ou ineficiente do condutor";"Saída de leito carroçável";"Com Vítimas Feridas";"Pleno dia";"Crescente";"Nublado";"Simples";"Interseção de Vias;Curva;Aclive";"Não";5;0;1;0;4;0;1;2;-25,881773;-50,01786;"SPRF-PR";"DEL02-PR";"UOP04-DEL02-PR"
394029;2021-11-05;"sexta-feira";"18:10:00";"SP";116;230;"SAO PAULO";"Velocidade Incompatível";"Colisão lateral mesmo sentido";"Com Vítimas Feridas";"Anoitecer";"Decrescente";"Ignorado";"Múltipla";"Reta";"Sim";3;0;1;0;2;0;1;3;-23,52251783;-46,5855702;"SPRF-SP";"DEL01-SP";"UOP01-DEL01-SP"
394030;2021-11-05;"sexta-feira";"18:15:00";"SC";101;195,3;"BIGUACU";"Trafegar com motocicleta (ou similar) entre as faixas";"Colisão lateral mesmo sentido";"Com Vítimas Feridas";"Plena Noite";"Crescente";"Céu Claro";"Múltipla";"Reta";"Sim";2;0;1;0;1;0;1;2;-27,5047092;-48,65010819;"SPRF-SC";"DEL01-SC";"UOP01-DEL01-SC"
394031;2021-11-05;"sexta-feira";"18:00:00";"SP";116;230,5;"SAO PAULO";"Trafegar com motocicleta (ou similar) entre as faixas";"Colisão lateral mesmo sentido";"Com Vítimas Feridas";"Anoitecer";"Decrescente";"Céu Claro";"Múltipla";"Reta";"Sim";2;0;0;1;1;0;1;2;-23,51652407;-46,57978356;"SPRF-SP";"DEL01-SP";"UOP01-DEL01-SP"
394034;2021-11-05;"sexta-feira";"16:00:00";"MG";40;426;"PARAOPEBA";"Ingestão de álcool pelo condutor";"Colisão com objeto";"Sem Vítimas";"Pleno dia";"Decrescente";"Nublado";"Dupla";"Declive;Reta";"Não";1;0;0;0;0;1;0;1;-19,16976;-44,51336;"SPRF-MG";"DEL02-MG";"UOP01-DEL02-MG"
394035;2021-11-05;"sexta-feira";"18:00:00";"MG";116;705;"MURIAE";"Ausência de reação do condutor";"Queda de ocupante de veículo";"Com Vítimas Feridas";"Anoitecer";"Crescente";"Nublado";"Simples";"Reta";"Sim";2;0;1;0;0;1;1;2;-21,1404896;-42,38136978;"SPRF-MG";"DEL07-MG";"UOP02-DEL07-MG"
394036;2021-11-05;"sexta-feira";"19:00:00";"PE";428;190;"PETROLINA";"Acesso irregular";"Colisão transversal";"Com Vítimas Feridas";"Plena Noite";"Decrescente";"Nublado";"Múltipla";"Reta";"Sim";2;0;1;0;1;0;1;2;-9,37605965;-40,49382106;"SPRF-PE";"DEL06-PE";"UOP01-DEL06-PE"
394037;2021-11-05;"sexta-feira";"19:00:00";"RN";406;157,1;"CEARA-MIRIM";"Pedestre andava na pista";"Atropelamento de Pedestre";"Com Vítimas Fatais";"Plena Noite";"Decrescente";"Céu Claro";"Dupla";"Reta";"Não";2;1;0;0;0;1;0;2;-5,69942776;-35,38322468;"SPRF-RN";"DEL02-RN";"UOP01-DEL02-RN"
394038;2021-11-05;"sexta-feira";"07:00:00";"MG";116;115,9;"ITAOBIM";"Acessar a via sem observar a presença dos outros veículos";"Colisão transversal";"Com Vítimas Feridas";"Pleno dia";"Crescente";"Nublado";"Simples";"Reta";"Sim";2;0;0;1;1;0;1;2;-16,567146;-41,504999;"SPRF-MG";"DEL11-MG";"UOP02-DEL11-MG"
394039;2021-11-05;"sexta-feira";"18:20:00";"SP";116;113,4;"TAUBATE";"Manobra de mudança de faixa";"Colisão lateral mesmo sentido";"Com Vítimas Feridas";"Anoitecer";"Decrescente";"Nublado";"Dupla";"Reta";"Não";3;0;1;0;1;1;1;3;-23,0440828;-45,58041405;"SPRF-SP";"DEL02-SP";"UOP02-DEL02-SP"
394041;2021-11-05;"sexta-feira";"18:55:00";"SC";101;127;"ITAJAI";"Trafegar com motocicleta (ou similar) entre as faixas";"Colisão lateral mesmo sentido";"Com Vítimas Feridas";"Plena Noite";"Crescente";"Céu Claro";"Dupla";"Reta";"Não";2;0;2;0;0;0;2;1;-26,9639319;-48,68328024;"SPRF-SC";"DEL04-SC";"UOP04-DEL04-SC"
394043;2021-11-05;"sexta-feira";"17:30:00";"PE";232;197,2;"SANHARO";"Acessar a via sem observar a presença dos outros veículos";"Colisão traseira";"Com Vítimas Feridas";"Anoitecer";"Decrescente";"Céu Claro";"Simples";"Reta";"Não";2;0;0;1;1;0;1;2;-8,36891793;-36,580362;"SPRF-PE";"DEL02-PE";"UOP03-DEL02-PE"
394044;2021-11-05;"sexta-feira";"18:10:00";"AL";316;86;"SANTANA DO IPANEMA";"Ingestão de álcool pelo condutor";"Colisão transversal";"Com Vítimas Feridas";"Plena Noite";"Crescente";"Céu Claro";"Simples";"Reta";"Sim";2;0;1;1;0;0;2;2;-9,37323821;-37,23532807;"SPRF-AL";"DEL03-AL";"UOP02-DEL03-AL"
394045;2021-11-05;"sexta-feira";"17:45:00";"AP";210;103;"PORTO GRANDE";"Conversão proibida";"Colisão frontal";"Com Vítimas Feridas";"Anoitecer";"Crescente";"Céu Claro";"Simples";"Reta";"Sim";2;0;0;1;1;0;1;2;0,70564616;-51,41271608;"SPRF-AP";"DEL01-AP";"UOP01-DEL01-AP"
394046;2021-11-05;"sexta-feira";"19:00:00";"SC";101;361;"SANGAO";"Acumulo de areia ou detritos sobre o pavimento";"Tombamento";"Com Vítimas Feridas";"Plena Noite";"Decrescente";"Céu Claro";"Simples";"Reta";"Sim";1;0;1;0;0;0;1;1;-28,66584041;-49,1146566;"SPRF-SC";"DEL02-SC";"UOP01-DEL02-SC"
394047;2021-11-05;"sexta-feira";"17:20:00";"MG";116;376,1;"MATHIAS LOBATO";"Pedestre andava na pista";"Atropelamento de Pedestre";"Com Vítimas Feridas";"Anoitecer";"Crescente";"Céu Claro";"Simples";"Reta";"Sim";2;0;1;0;1;0;1;2;-18,586299;-41,92426908;"SPRF-MG";"DEL06-MG";"UOP01-DEL06-MG"
394050;2021-11-05;"sexta-feira";"19:15:00";"SC";101;24,6;"JOINVILLE";"Acessar a via sem observar a presença dos outros veículos";"Colisão transversal";"Com Vítimas Feridas";"Plena Noite";"Decrescente";"Céu Claro";"Simples";"Reta";"Sim";2;0;2;0;0;0;2;2;-26,17483309;-48,90767978;"SPRF-SC";"DEL03-SC";"UOP01-DEL03-SC"
394051;2021-11-05;"sexta-feira";"19:50:00";"PR";376;216,7;"JANDAIA DO SUL";"Desrespeitar a preferência no cruzamento";"Colisão transversal";"Com Vítimas Feridas";"Pleno dia";"Decrescente";"Céu Claro";"Simples";"Interseção de Vias";"Sim";2;0;2;0;0;0;2;2;-23,59521239;-51,64145529;"SPRF-PR";"DEL09-PR";"UOP01-DEL09-PR"
394052;2021-11-05;"sexta-feira";"20:05:00";"SP";153;87,6;"MIRASSOL";"Ausência de reação do condutor";"Colisão lateral mesmo sentido";"Com Vítimas Feridas";"Pleno dia";"Crescente";"Céu Claro";"Simples";"Declive";"Não";4;0;1;0;1;2;1;3;-20,94498178;-49,53459612;"SPRF-SP";"DEL09-SP";"UOP01-DEL09-SP"
394053;2021-11-05;"sexta-feira";"20:10:00";"SP";116;215;"GUARULHOS";"Condutor usando celular";"Saída de leito carroçável";"Com Vítimas Feridas";"Plena Noite";"Decrescente";"Céu Claro";"Múltipla";"Reta";"Sim";1;0;1;0;0;0;1;1;-23,44695693;-46,45394103;"SPRF-SP";"DEL01-SP";"UOP01-DEL01-SP"
394056;2021-11-05;"sexta-feira";"18:45:00";"RJ";116;168;"SAO JOAO DE MERITI";"Condutor deixou de manter distância do veículo da frente";"Colisão traseira";"Com Vítimas Feridas";"Anoitecer";"Crescente";"Céu Claro";"Múltipla";"Reta";"Sim";2;0;0;1;1;0;1;2;-22,819969;-43,31499997;"SPRF-RJ";"DEL01-RJ";"UOP01-DEL01-RJ"
394057;2021-11-05;"sexta-feira";"19:20:00";"RJ";40;121;"DUQUE DE CAXIAS";"Reação tardia ou ineficiente do condutor";"Queda de ocupante de veículo";"Com Vítimas Feridas";"Plena Noite";"Crescente";"Céu Claro";"Dupla";"Reta";"Sim";2;0;1;0;1;0;1;1;-22,78185499;-43,28571273;"SPRF-RJ";"DEL01-RJ";"UOP01-DEL01-RJ"
394062;2021-11-05;"sexta-feira";"19:30:00";"SC";163;72,5;"SAO MIGUEL DO OESTE";"Condutor deixou de manter distância do veículo da frente";"Colisão traseira";"Com Vítimas Feridas";"Plena Noite";"Crescente";"Chuva";"Simples";"Reta";"Sim";4;0;2;0;2;0;2;2;-26,71908804;-53,5157791;"SPRF-SC";"DEL07-SC";"UOP03-DEL07-SC"
394063;2021-11-05;"sexta-feira";"20:50:00";"SC";101;227;"PALHOCA";"Desrespeitar a preferência no cruzamento";"Colisão transversal";"Com Vítimas Feridas";"Plena Noite";"Decrescente";"Garoa/Chuvisco";"Múltipla";"Interseção de Vias";"Não";2;0;1;0;1;0;1;2;-27,7509149;-48,63460277;"SPRF-SC";"DEL01-SC";"UOP02-DEL01-SC"
394064;2021-11-05;"sexta-feira";"11:00:00";"RJ";101;319;"NITEROI";"Transitar no acostamento";"Colisão transversal";"Com Vítimas Feridas";"Pleno dia";"Crescente";"Céu Claro";"Simples";"Reta";"Sim";2;0;1;0;0;1;1;2;-22,85411774;-43,1018014;"SPRF-RJ";"DEL02-RJ";"UOP02-DEL02-RJ"
394065;2021-11-05;"sexta-feira";"20:55:00";"RJ";116;172;"MESQUITA";"Entrada inopinada do pedestre";"Atropelamento de Pedestre";"Com Vítimas Fatais";"Plena Noite";"Decrescente";"Nublado";"Dupla";"Reta";"Não";3;1;0;0;2;0;0;3;-22,77523185;-43,40148926;"SPRF-RJ";"DEL01-RJ";"UOP02-DEL01-RJ"
394066;2021-11-05;"sexta-feira";"21:30:00";"PR";376;662;"TIJUCAS DO SUL";"Ingestão de álcool pelo condutor";"Capotamento";"Sem Vítimas";"Plena Noite";"Decrescente";"Garoa/Chuvisco";"Dupla";"Reta";"Não";1;0;0;0;0;1;0;1;-25,8546345;-48,98523394;"SPRF-PR";"DEL01-PR";"UOP04-DEL01-PR"
394068;2021-11-05;"sexta-feira";"19:00:00";"GO";153;335,7;"JARAGUA";"Reação tardia ou ineficiente do condutor";"Eventos atípicos";"Com Vítimas Feridas";"Plena Noite";"Crescente";"Céu Claro";"Simples";"Declive";"Não";2;0;0;1;0;1;1;2;-15,555524;-49,427223;"SPRF-GO";"DEL02-GO";"UOP02-DEL02-GO"
394069;2021-11-05;"sexta-feira";"19:45:00";"RS";158;390;"SAO GABRIEL";"Acessar a via sem observar a presença dos outros veículos";"Atropelamento de Pedestre";"Com Vítimas Feridas";"Plena Noite";"Decrescente";"Céu Claro";"Simples";"Curva";"Não";2;0;1;0;1;0;1;2;-29,92815202;-54,33060299;"SPRF-RS";"DEL11-RS";"UOP02-DEL11-RS"
394071;2021-11-05;"sexta-feira";"23:00:00";"RN";101;112,8;"SAO JOSE DE MIPIBU";"Ausência de reação do condutor";"Queda de ocupante de veículo";"Com Vítimas Feridas";"Pleno dia";"Decrescente";"Céu Claro";"Dupla";"Reta";"Não";1;0;1;0;0;0;1;1;-5,96429;-35,264877;"SPRF-RN";"DEL01-RN";"UOP01-DEL01-RN"
394072;2021-11-05;"sexta-feira";"18:40:00";"PA";230;122;"MARABA";"Condutor deixou de manter distância do veículo da frente";"Colisão lateral mesmo sentido";"Com Vítimas Feridas";"Plena Noite";"Decrescente";"Céu Claro";"Dupla";"Reta";"Sim";3;0;2;0;0;1;2;2;-5,36137537;-49,12376139;"SPRF-PA";"DEL03-PA";"UOP01-DEL03-PA"
394074;2021-11-05;"sexta-feira";"23:10:00";"PR";376;119;"ALTO PARANA";"Reação tardia ou ineficiente do condutor";"Tombamento";"Com Vítimas Feridas";"Plena Noite";"Crescente";"Céu Claro";"Dupla";"Reta";"Não";1;0;1;0;0;0;1;1;-23,11770767;-52,32130785;"SPRF-PR";"DEL09-PR";"UOP02-DEL09-PR"
394075;2021-11-05;"sexta-feira";"21:00:00";"PE";232;389;"SERRA TALHADA";"Transitar na contramão";"Colisão frontal";"Com Vítimas Fatais";"Plena Noite";"Decrescente";"Céu Claro";"Simples";"Reta";"Não";4;1;2;1;0;0;3;2;-8,03207549;-38,12954194;"SPRF-PE";"DEL04-PE";"UOP01-DEL04-PE"
394076;2021-11-05;"sexta-feira";"23:40:00";"ES";101;266;"SERRA";"Ausência de reação do condutor";"Queda de ocupante de veículo";"Com Vítimas Feridas";"Pleno dia";"Crescente";"Céu Claro";"Múltipla";"Reta";"Sim";1;0;1;0;0;0;1;1;-20,190199;-40,26828891;"SPRF-ES";"DEL02-ES";"UOP01-DEL02-ES"
394077;2021-11-05;"sexta-feira";"23:15:00";"SC";282;22;"SANTO AMARO DA IMPERATRIZ";"Ausência de reação do condutor";"Colisão com objeto";"Com Vítimas Feridas";"Plena Noite";"Crescente";"Chuva";"Simples";"Curva";"Sim";1;0;1;0;0;0;1;1;-27,688507;-48,72739;"SPRF-SC";"DEL01-SC";"UOP02-DEL01-SC"
394082;2021-11-05;"sexta-feira";"22:50:00";"MG";40;408;"RIBEIRAO DAS NEVES";"Condutor Dormindo";"Colisão com objeto";"Com Vítimas Feridas";"Plena Noite";"Crescente";"Nublado";"Dupla";"Reta";"Não";1;0;1;0;0;0;1;1;-19,76061249;-44,1347544;"SPRF-MG";"DEL02-MG";"UOP01-DEL02-MG"
394085;2021-11-06;"sábado";"00:01:00";"MG";356;267;"MURIAE";"Acessar a via sem observar a presença dos outros veículos";"Colisão frontal";"Com Vítimas Feridas";"Plena Noite";"Decrescente";"Céu Claro";"Simples";"Interseção de Vias";"Sim";2;0;0;1;0;1;1;2;-21,12759472;-42,35769337;"SPRF-MG";"DEL07-MG";"UOP02-DEL07-MG"
394087;2021-11-06;"sábado";"01:10:00";"RJ";116;169,8;"SAO JOAO DE MERITI";"Demais falhas mecânicas ou elétricas";"Colisão com objeto";"Com Vítimas Feridas";"Plena Noite";"Decrescente";"Céu Claro";"Dupla";"Reta";"Sim";5;0;2;0;3;0;2;2;-22,816206;-43,324463;"SPRF-RJ";"DEL01-RJ";"UOP02-DEL01-RJ"
394088;2021-10-30;"sábado";"12:30:00";"BA";101;761,4;"ITABELA";"Demais falhas mecânicas ou elétricas";"Incêndio";"Sem Vítimas";"Pleno dia";"Crescente";"Chuva";"Simples";"Aclive;Reta";"Não";1;0;0;0;1;0;0;1;-16,689041;-39,480662;"SPRF-BA";"DEL09-BA";"UOP01-DEL09-BA"
394089;2021-11-06;"sábado";"00:30:00";"MA";222;674,1;"ACAILANDIA";"Ingestão de álcool pelo condutor";"Colisão frontal";"Com Vítimas Feridas";"Plena Noite";"Decrescente";"Chuva";"Simples";"Reta";"Sim";2;0;1;0;1;0;1;2;-4,93412557;-47,45359225;"SPRF-MA";"DEL04-MA";"UOP03-DEL04-MA"
394090;2021-11-06;"sábado";"00:50:00";"SP";153;52,2;"SAO JOSE DO RIO PRETO";"Ausência de reação do condutor";"Colisão com objeto";"Com Vítimas Feridas";"Plena Noite";"Decrescente";"Céu Claro";"Simples";"Rotatória";"Não";1;0;1;0;0;0;1;1;-20,72702499;-49,33838971;"SPRF-SP";"DEL09-SP";"UOP01-DEL09-SP"
394091;2021-11-06;"sábado";"02:30:00";"ES";101;183,9;"ARACRUZ";"Velocidade Incompatível";"Saída de leito carroçável";"Com Vítimas Feridas";"Plena Noite";"Crescente";"Céu Claro";"Simples";"Declive;Curva";"Não";3;0;0;3;0;0;3;1;-19,64708421;-40,23286555;"SPRF-ES";"DEL04-ES";"UOP01-DEL04-ES"
394092;2021-11-06;"sábado";"01:40:00";"MS";163;265,4;"DOURADOS";"Ausência de reação do condutor";"Colisão lateral mesmo sentido";"Com Vítimas Feridas";"Plena Noite";"Crescente";"Céu Claro";"Dupla";"Reta";"Não";2;0;1;0;0;1;1;2;-22,21821026;-54,72287079;"SPRF-MS";"DEL04-MS";"UOP01-DEL04-MS"
394094;2021-11-06;"sábado";"03:10:00";"SP";116;216;"GUARULHOS";"Transitar na contramão";"Colisão frontal";"Sem Vítimas";"Plena Noite";"Decrescente";"Céu Claro";"Múltipla";"Reta";"Sim";2;0;0;0;1;1;0;2;-23,45321277;-46,46898687;"SPRF-SP";"DEL01-SP";"UOP01-DEL01-SP"
394095;2021-11-06;"sábado";"03:35:00";"RS";386;132;"SARANDI";"Ingestão de álcool pelo condutor";"Saída de leito carroçável";"Com Vítimas Feridas";"Plena Noite";"Decrescente";"Céu Claro";"Simples";"Interseção de Vias";"Sim";4;0;3;1;0;0;4;1;-27,945366;-52,931618;"SPRF-RS";"DEL08-RS";"UOP01-DEL08-RS"
394097;2021-11-06;"sábado";"00:20:00";"MT";163;832;"SINOP";"Reação tardia ou ineficiente do condutor";"Saída de leito carroçável";"Com Vítimas Feridas";"Plena Noite";"Crescente";"Chuva";"Simples";"Reta";"Sim";1;0;1;0;0;0;1;1;-12,0138;-55,51719;"SPRF-MT";"DEL06-MT";"UOP01-DEL06-MT"
394098;2021-11-06;"sábado";"04:00:00";"RS";392;20,1;"RIO GRANDE";"Condutor Dormindo";"Tombamento";"Com Vítimas Feridas";"Plena Noite";"Decrescente";"Chuva";"Dupla";"Curva";"Não";1;0;1;0;0;0;1;1;-32,0879243;-52,18669807;"SPRF-RS";"DEL07-RS";"UOP02-DEL07-RS"
394099;2021-11-06;"sábado";"02:10:00";"RS";158;294,3;"JULIO DE CASTILHOS";"Ingestão de álcool pelo condutor";"Saída de leito carroçável";"Com Vítimas Feridas";"Plena Noite";"Decrescente";"Garoa/Chuvisco";"Simples";"Reta";"Não";1;0;0;1;0;0;1;1;-29,49907;-53,69462;"SPRF-RS";"DEL09-RS";"UOP01-DEL09-RS"
394100;2021-11-06;"sábado";"02:40:00";"MG";365;39,3;"CLARO DOS POCOES";"Demais falhas mecânicas ou elétricas";"Incêndio";"Sem Vítimas";"Plena Noite";"Crescente";"Ignorado";"Simples";"Reta";"Não";1;0;0;0;1;0;0;1;-16,86518999;-44,16141272;"SPRF-MG";"DEL12-MG";"UOP01-DEL12-MG"
394101;2021-11-06;"sábado";"02:11:00";"MG";381;525,5;"BRUMADINHO";"Velocidade Incompatível";"Colisão com objeto";"Sem Vítimas";"Plena Noite";"Crescente";"Céu Claro";"Dupla";"Curva;Declive";"Não";1;0;0;0;1;0;0;1;-20,16710798;-44,33422398;"SPRF-MG";"DEL04-MG";"UOP03-DEL04-MG"
394103;2021-11-06;"sábado";"04:30:00";"TO";153;670,9;"GURUPI";"Ingestão de álcool pelo condutor";"Saída de leito carroçável";"Sem Vítimas";"Plena Noite";"Crescente";"Céu Claro";"Dupla";"Reta";"Não";2;0;0;0;2;0;0;1;-11,70998005;-49,07471975;"SPRF-TO";"DEL01-TO";"UOP02-DEL01-TO"
394104;2021-11-06;"sábado";"04:30:00";"SP";116;448,3;"REGISTRO";"Ingestão de álcool pelo condutor";"Colisão transversal";"Com Vítimas Fatais";"Amanhecer";"Crescente";"Céu Claro";"Simples";"Reta";"Sim";4;1;0;0;3;0;0;2;-24,52099699;-47,85336602;"SPRF-SP";"DEL05-SP";"UOP01-DEL05-SP"
394105;2021-11-06;"sábado";"04:20:00";"MG";40;519;"CONTAGEM";"Condutor deixou de manter distância do veículo da frente";"Colisão traseira";"Com Vítimas Feridas";"Anoitecer";"Crescente";"Nublado";"Dupla";"Reta";"Sim";2;0;1;0;1;0;1;2;-19,83957589;-44,07684485;"SPRF-MG";"DEL01-MG";"UOP02-DEL01-MG"
394106;2021-11-06;"sábado";"04:00:00";"DF";70;16;"BRASILIA";"Ingestão de álcool pelo condutor";"Colisão com objeto";"Com Vítimas Feridas";"Plena Noite";"Decrescente";"Nublado";"Dupla";"Rotatória";"Não";4;0;1;0;2;1;1;2;-15,796144;-48,194225;"SPRF-DF";"DEL03-DF";"UOP02-DEL03-DF"
394107;2021-11-06;"sábado";"04:30:00";"MG";365;750;"ITUIUTABA";"Ausência de reação do condutor";"Colisão traseira";"Com Vítimas Feridas";"Plena Noite";"Crescente";"Céu Claro";"Dupla";"Reta";"Sim";3;0;2;0;0;1;2;2;-18,94742;-49,45964;"SPRF-MG";"DEL15-MG";"UOP03-DEL15-MG"
394109;2021-11-06;"sábado";"05:00:00";"SP";116;124,8;"CACAPAVA";"Velocidade Incompatível";"Colisão com objeto";"Sem Vítimas";"Plena Noite";"Decrescente";"Céu Claro";"Dupla";"Interseção de Vias";"Não";1;0;0;0;1;0;0;1;-23,093116;-45,677904;"SPRF-SP";"DEL02-SP";"UOP02-DEL02-SP"
394110;2021-11-06;"sábado";"05:15:00";"SP";116;140;"SAO JOSE DOS CAMPOS";"Reação tardia ou ineficiente do condutor";"Saída de leito carroçável";"Com Vítimas Feridas";"Pleno dia";"Decrescente";"Céu Claro";"Dupla";"Reta";"Sim";2;0;0;2;0;0;2;1;-23,16577714;-45,81246193;"SPRF-SP";"DEL02-SP";"UOP01-DEL02-SP"
394111;2021-11-06;"sábado";"03:20:00";"MS";163;483;"CAMPO GRANDE";"Ausência de reação do condutor";"Colisão com objeto";"Sem Vítimas";"Plena Noite";"Crescente";"Céu Claro";"Simples";"Curva";"Sim";1;0;0;0;0;1;0;1;-20,45726263;-54,54671829;"SPRF-MS";"DEL01-MS";"UOP02-DEL01-MS"
394112;2021-11-06;"sábado";"04:30:00";"SP";381;77;"SAO PAULO";"Reação tardia ou ineficiente do condutor";"Saída de leito carroçável";"Com Vítimas Feridas";"Amanhecer";"Decrescente";"Céu Claro";"Dupla";"Reta";"Não";1;0;1;0;0;0;1;1;-23,388839;-46,5693478;"SPRF-SP";"DEL03-SP";"UOP01-DEL03-SP"
394113;2021-10-24;"domingo";"18:15:00";"RN";101;72,9;"EXTREMOZ";"Acessar a via sem observar a presença dos outros veículos";"Colisão transversal";"Com Vítimas Feridas";"Plena Noite";"Decrescente";"Céu Claro";"Dupla";"Reta";"Sim";2;0;1;0;1;0;1;2;-5,70455826;-35,26576996;"SPRF-RN";"DEL02-RN";"UOP01-DEL02-RN"
394114;2021-11-06;"sábado";"05:40:00";"RS";116;147;"CAXIAS DO SUL";"Ingestão de álcool pelo condutor";"Colisão transversal";"Com Vítimas Feridas";"Amanhecer";"Decrescente";"Céu Claro";"Dupla";"Aclive";"Não";3;0;1;0;1;1;1;3;-29,14908014;-51,1429969;"SPRF-RS";"DEL05-RS";"UOP01-DEL05-RS"