"id";"data_inversa";"dia_semana";"horario";"uf";"br";"km";"municipio";"causa_acidente";"tipo_acidente";"classificacao_acidente";"fase_dia";"sentido_via";"condicao_metereologica";"tipo_pista";"tracado_via";"uso_solo";"pessoas";"mortos";"feridos_leves";"feridos_graves";"ilesos";"ignorados";"feridos";"veiculos";"latitude";"longitude";"regional";"delegacia";"uop"
394117;2021-11-06;"sábado";"05:20:00";"MS";163;437,7;"CAMPO GRANDE";"Condutor Dormindo";"Saída de leito carroçável";"Com Vítimas Feridas";"Pleno dia";"Decrescente";"Céu Claro";"Simples";"Reta";"Não";1;0;1;0;0;0;1;1;-20,83900296;-54,51297377;"SPRF-MS";"DEL01-MS";"UOP01-DEL01-MS"
394120;2021-11-06;"sábado";"06:20:00";"MS";163;480;"CAMPO GRANDE";"Ausência de reação do condutor";"Tombamento";"Com Vítimas Feridas";"Pleno dia";"Crescente";"Céu Claro";"Simples";"Reta";"Não";2;0;1;0;1;0;1;1;-20,47835401;-54,55936408;"SPRF-MS";"DEL01-MS";"UOP01-DEL01-MS"
394122;2021-11-06;"sábado";"05:40:00";"MG";365;648,7;"UBERLANDIA";"Ausência de reação do condutor";"Colisão lateral mesmo sentido";"Sem Vítimas";"Amanhecer";"Crescente";"Céu Claro";"Dupla";"Reta";"Não";2;0;0;0;1;1;0;2;-18,87219928;-48,54277968;"SPRF-MG";"DEL15-MG";"UOP01-DEL15-MG"
394129;2021-11-06;"sábado";"07:50:00";"MG";116;277,3;"TEOFILO OTONI";"Reação tardia ou ineficiente do condutor";"Colisão com objeto";"Com Vítimas Feridas";"Pleno dia";"Crescente";"Nublado";"Dupla";"Reta";"Sim";2;0;2;0;0;0;2;1;-17,86184772;-41,51496291;"SPRF-MG";"DEL11-MG";"UOP01-DEL11-MG"
394130;2021-11-06;"sábado";"04:26:00";"MG";146;399,5;"GUAXUPE";"Animais na Pista";"Saída de leito carroçável";"Com Vítimas Feridas";"Amanhecer";"Decrescente";"Céu Claro";"Simples";"Reta";"Não";2;0;0;2;0;0;2;1;-21,294502;-46,694449;"SPRF-MG";"DEL09-MG";"UOP01-DEL09-MG"
394131;2021-11-06;"sábado";"07:15:00";"PB";101;75,1;"SANTA RITA";"Manobra de mudança de faixa";"Colisão traseira";"Com Vítimas Feridas";"Pleno dia";"Crescente";"Céu Claro";"Múltipla";"Reta";"Sim";3;0;2;0;1;0;2;2;-7,08342296;-34,97202399;"SPRF-PB";"DEL01-PB";"UOP04-DEL01-PB"
394132;2021-11-06;"sábado";"06:50:00";"RO";174;17;"VILHENA";"Acessar a via sem observar a presença dos outros veículos";"Colisão transversal";"Com Vítimas Feridas";"Pleno dia";"Crescente";"Céu Claro";"Simples";"Reta";"Não";2;0;1;0;1;0;1;2;-12,70685191;-60,1219871;"SPRF-RO";"DEL04-RO";"UOP01-DEL04-RO"
394133;2021-11-06;"sábado";"08:00:00";"MG";365;753,9;"ITUIUTABA";"Ausência de reação do condutor";"Colisão transversal";"Com Vítimas Feridas";"Amanhecer";"Crescente";"Céu Claro";"Simples";"Interseção de Vias;Reta";"Sim";2;0;0;2;0;0;2;2;-18,94957096;-49,46275237;"SPRF-MG";"DEL15-MG";"UOP03-DEL15-MG"
394135;2021-11-06;"sábado";"07:00:00";"SC";101;116,4;"ITAJAI";"Reação tardia ou ineficiente do condutor";"Colisão traseira";"Com Vítimas Feridas";"Pleno dia";"Decrescente";"Nublado";"Múltipla";"Reta";"Não";2;0;1;0;1;0;1;2;-26,87905605;-48,72603512;"SPRF-SC";"DEL04-SC";"UOP04-DEL04-SC"
394136;2021-11-06;"sábado";"05:40:00";"MS";262;541;"AQUIDAUANA";"Condutor Dormindo";"Saída de leito carroçável";"Sem Vítimas";"Amanhecer";"Decrescente";"Nublado";"Simples";"Reta";"Não";1;0;0;0;0;1;0;1;-20,31383087;-56,23842394;"SPRF-MS";"DEL03-MS";"UOP02-DEL03-MS"
394138;2021-11-06;"sábado";"08:25:00";"SC";101;264,2;"GAROPABA";"Ingestão de álcool pelo condutor";"Saída de leito carroçável";"Com Vítimas Feridas";"Pleno dia";"Decrescente";"Garoa/Chuvisco";"Múltipla";"Curva";"Não";2;0;1;0;1;0;1;2;-28,05656318;-48,71757925;"SPRF-SC";"DEL02-SC";"UOP03-DEL02-SC"
394140;2021-11-06;"sábado";"07:30:00";"RO";319;62,8;"PORTO VELHO";"Condutor desrespeitou a iluminação vermelha do semáforo";"Colisão transversal";"Com Vítimas Feridas";"Pleno dia";"Decrescente";"Céu Claro";"Dupla";"Interseção de Vias";"Sim";3;0;2;0;1;0;2;2;-8,766685;-63,884052;"SPRF-RO";"DEL01-RO";"UOP01-DEL01-RO"
394141;2021-11-06;"sábado";"08:30:00";"PI";316;306;"PICOS";"Condutor deixou de manter distância do veículo da frente";"Colisão traseira";"Com Vítimas Feridas";"Pleno dia";"Crescente";"Garoa/Chuvisco";"Simples";"Reta";"Sim";2;0;1;0;1;0;1;2;-7,07700699;-41,50959795;"SPRF-PI";"DEL04-PI";"UOP01-DEL04-PI"
394142;2021-11-06;"sábado";"08:25:00";"RN";101;72,7;"EXTREMOZ";"Desrespeitar a preferência no cruzamento";"Colisão transversal";"Com Vítimas Feridas";"Pleno dia";"Decrescente";"Sol";"Simples";"Interseção de Vias";"Não";2;0;1;0;1;0;1;2;-5,69866248;-35,26316835;"SPRF-RN";"DEL02-RN";"UOP01-DEL02-RN"
394143;2021-11-06;"sábado";"08:10:00";"MT";70;277;"PRIMAVERA DO LESTE";"Animais na Pista";"Colisão com objeto";"Sem Vítimas";"Pleno dia";"Decrescente";"Céu Claro";"Dupla";"Reta";"Sim";1;0;0;0;1;0;0;1;-15,55572064;-54,27085588;"SPRF-MT";"DEL05-MT";"UOP01-DEL05-MT"
394144;2021-11-06;"sábado";"08:50:00";"SP";116;273;"TABOAO DA SERRA";"Ausência de reação do condutor";"Tombamento";"Com Vítimas Feridas";"Pleno dia";"Decrescente";"Céu Claro";"Dupla";"Reta";"Sim";2;0;2;0;0;0;2;1;-23,62809795;-46,81870306;"SPRF-SP";"DEL04-SP";"UOP01-DEL04-SP"
394145;2021-11-06;"sábado";"09:30:00";"PR";277;74,5;"SAO JOSE DOS PINHAIS";"Condutor Dormindo";"Saída de leito carroçável";"Com Vítimas Feridas";"Pleno dia";"Decrescente";"Nublado";"Simples";"Reta;Viaduto;Declive";"Sim";1;0;1;0;0;0;1;1;-25,4959672;-49,16278839;"SPRF-PR";"DEL01-PR";"UOP01-DEL01-PR"
394146;2021-11-06;"sábado";"09:20:00";"SP";116;202;"ARUJA";"Manobra de mudança de faixa";"Colisão lateral mesmo sentido";"Com Vítimas Feridas";"Pleno dia";"Decrescente";"Céu Claro";"Múltipla";"Reta";"Sim";3;0;1;0;2;0;1;2;-23,40809408;-46,33859597;"SPRF-SP";"DEL01-SP";"UOP01-DEL01-SP"
394148;2021-11-06;"sábado";"10:00:00";"RJ";116;103;"GUAPIMIRIM";"Conversão proibida";"Colisão transversal";"Com Vítimas Feridas";"Pleno dia";"Crescente";"Céu Claro";"Simples";"Reta";"Sim";2;0;1;0;1;0;1;2;-22,5031646;-42,99910415;"SPRF-RJ";"DEL04-RJ";"UOP02-DEL04-RJ"
394150;2021-11-06;"sábado";"11:05:00";"GO";40;2;"VALPARAISO DE GOIAS";"Condutor deixou de manter distância do veículo da frente";"Engavetamento";"Com Vítimas Feridas";"Pleno dia";"Crescente";"Céu Claro";"Dupla";"Reta";"Sim";7;0;2;0;5;0;2;4;-16,067129;-47,984235;"SPRF-DF";"DEL01-DF";"UOP01-DEL01-DF"
394151;2021-11-06;"sábado";"10:40:00";"RN";427;102,8;"CAICO";"Acessar a via sem observar a presença dos outros veículos";"Colisão transversal";"Com Vítimas Feridas";"Pleno dia";"Crescente";"Sol";"Simples";"Reta";"Não";2;0;1;1;0;0;2;2;-6,45331132;-37,12426186;"SPRF-RN";"DEL03-RN";"UOP01-DEL03-RN"
394152;2021-11-06;"sábado";"10:55:00";"SP";116;209;"GUARULHOS";"Ausência de reação do condutor";"Colisão traseira";"Com Vítimas Feridas";"Pleno dia";"Crescente";"Céu Claro";"Múltipla";"Reta";"Não";3;0;1;0;2;0;1;2;-23,42511799;-46,40221101;"SPRF-SP";"DEL01-SP";"UOP01-DEL01-SP"
394154;2021-11-06;"sábado";"10:30:00";"SP";381;1;"VARGEM";"Condutor deixou de manter distância do veículo da frente";"Colisão traseira";"Com Vítimas Feridas";"Pleno dia";"Crescente";"Céu Claro";"Dupla";"Reta";"Não";3;0;2;0;1;0;2;2;-22,88146043;-46,38105397;"SPRF-SP";"DEL03-SP";"UOP01-DEL03-SP"
394155;2021-11-06;"sábado";"11:10:00";"SP";116;211;"GUARULHOS";"Manobra de mudança de faixa";"Tombamento";"Com Vítimas Feridas";"Pleno dia";"Decrescente";"Céu Claro";"Múltipla";"Reta";"Sim";1;0;1;0;0;0;1;1;-23,4324306;-46,4194352;"SPRF-SP";"DEL01-SP";"UOP01-DEL01-SP"
394158;2021-11-06;"sábado";"12:15:00";"SC";101;327;"CAPIVARI DE BAIXO";"Condutor deixou de manter distância do veículo da frente";"Colisão traseira";"Com Vítimas Feridas";"Pleno dia";"Decrescente";"Nublado";"Simples";"Declive;Reta";"Não";2;0;1;0;1;0;1;2;-28,44244966;-48,96443367;"SPRF-SC";"DEL02-SC";"UOP01-DEL02-SC"
394160;2021-11-06;"sábado";"11:40:00";"AL";316;243,2;"ATALAIA";"Ultrapassagem Indevida";"Colisão lateral mesmo sentido";"Com Vítimas Feridas";"Pleno dia";"Crescente";"Sol";"Simples";"Reta";"Sim";9;0;2;2;5;0;4;4;-9,50948818;-36,01302293;"SPRF-AL";"DEL01-AL";"UOP01-DEL01-AL"
394161;2021-11-06;"sábado";"13:00:00";"SC";101;144,9;"ITAPEMA";"Ingestão de álcool pelo condutor";"Colisão com objeto";"Com Vítimas Feridas";"Pleno dia";"Decrescente";"Nublado";"Dupla";"Reta";"Não";1;0;1;0;0;0;1;1;-27,0732659;-48,59672716;"SPRF-SC";"DEL04-SC";"UOP03-DEL04-SC"
394162;2021-11-06;"sábado";"11:50:00";"MG";365;650,5;"UBERLANDIA";"Objeto estático sobre o leito carroçável";"Tombamento";"Com Vítimas Feridas";"Pleno dia";"Decrescente";"Céu Claro";"Dupla";"Reta;Declive";"Não";1;0;1;0;0;0;1;1;-18,86933815;-48,55889003;"SPRF-MG";"DEL15-MG";"UOP01-DEL15-MG"
394163;2021-11-06;"sábado";"12:30:00";"CE";222;4;"CAUCAIA";"Acessar a via sem observar a presença dos outros veículos";"Colisão lateral mesmo sentido";"Com Vítimas Feridas";"Pleno dia";"Decrescente";"Céu Claro";"Múltipla";"Reta";"Sim";2;0;1;0;1;0;1;2;-3,74164754;-38,60449792;"SPRF-CE";"DEL01-CE";"UOP01-DEL01-CE"
394165;2021-11-06;"sábado";"13:20:00";"SC";101;145,2;"ITAPEMA";"Reação tardia ou ineficiente do condutor";"Tombamento";"Com Vítimas Feridas";"Pleno dia";"Decrescente";"Nublado";"Dupla";"Aclive";"Sim";1;0;1;0;0;0;1;1;-27,08139206;-48,60130993;"SPRF-SC";"DEL04-SC";"UOP03-DEL04-SC"
394166;2021-11-06;"sábado";"13:20:00";"RS";448;10;"CANOAS";"Acumulo de água sobre o pavimento";"Saída de leito carroçável";"Com Vítimas Feridas";"Pleno dia";"Decrescente";"Chuva";"Múltipla";"Curva";"Não";1;0;1;0;0;0;1;1;-29,903273;-51,244934;"SPRF-RS";"DEL01-RS";"UOP01-DEL01-RS"
394168;2021-11-06;"sábado";"13:00:00";"RJ";101;322;"NITEROI";"Reação tardia ou ineficiente do condutor";"Colisão traseira";"Com Vítimas Feridas";"Pleno dia";"Decrescente";"Céu Claro";"Simples";"Reta";"Não";2;0;0;1;1;0;1;2;-22,88515046;-43,11545849;"SPRF-RJ";"DEL02-RJ";"UOP02-DEL02-RJ"
394173;2021-11-06;"sábado";"12:51:00";"RO";364;685;"CANDEIAS DO JAMARI";"Reação tardia ou ineficiente do condutor";"Saída de leito carroçável";"Com Vítimas Feridas";"Pleno dia";"Crescente";"Nublado";"Simples";"Reta";"Não";2;0;0;1;1;0;1;1;-8,79050051;-63,63308605;"SPRF-RO";"DEL01-RO";"UOP01-DEL01-RO"
394174;2021-11-06;"sábado";"12:00:00";"MS";60;503,1;"MARACAJU";"Reação tardia ou ineficiente do condutor";"Saída de leito carroçável";"Com Vítimas Feridas";"Pleno dia";"Crescente";"Céu Claro";"Simples";"Rotatória";"Não";2;0;1;1;0;0;2;1;-21,22164123;-55,53919315;"SPRF-MS";"DEL01-MS";"UOP04-DEL01-MS"
394175;2021-11-06;"sábado";"12:00:00";"RS";101;62,3;"MAQUINE";"Ausência de reação do condutor";"Saída de leito carroçável";"Com Vítimas Feridas";"Pleno dia";"Decrescente";"Garoa/Chuvisco";"Dupla";"Reta";"Sim";2;0;1;0;1;0;1;1;-29,69184792;-50,15876509;"SPRF-RS";"DEL03-RS";"UOP02-DEL03-RS"
394176;2021-11-06;"sábado";"13:20:00";"RN";101;100;"PARNAMIRIM";"Avarias e/ou desgaste excessivo no pneu";"Tombamento";"Com Vítimas Feridas";"Pleno dia";"Decrescente";"Céu Claro";"Simples";"Reta";"Sim";1;0;1;0;0;0;1;1;-5,88106901;-35,22542396;"SPRF-RN";"DEL01-RN";"UOP01-DEL01-RN"
394177;2021-11-06;"sábado";"12:30:00";"RJ";356;100;"CARDOSO MOREIRA";"Acessar a via sem observar a presença dos outros veículos";"Colisão transversal";"Com Vítimas Feridas";"Pleno dia";"Crescente";"Céu Claro";"Simples";"Curva;Aclive";"Não";2;0;0;1;1;0;1;2;-21,53127548;-41,53702019;"SPRF-RJ";"DEL08-RJ";"UOP03-DEL08-RJ"
394179;2021-11-06;"sábado";"13:50:00";"DF";80;22;"BRASILIA";"Conversão proibida";"Colisão transversal";"Com Vítimas Feridas";"Pleno dia";"Crescente";"Céu Claro";"Simples";"Reta";"Não";2;0;1;0;1;0;1;2;-15,647892;-48,201756;"SPRF-DF";"DEL03-DF";"UOP02-DEL03-DF"
394180;2021-11-06;"sábado";"13:30:00";"PR";277;474,8;"NOVA LARANJEIRAS";"Ingestão de álcool ou de substâncias psicoativas pelo pedestre";"Atropelamento de Pedestre";"Com Vítimas Feridas";"Pleno dia";"Crescente";"Céu Claro";"Simples";"Reta";"Não";3;0;0;1;2;0;1;2;-25,30767734;-52,53721208;"SPRF-PR";"DEL04-PR";"UOP02-DEL04-PR"
394182;2021-11-06;"sábado";"12:50:00";"RJ";393;266;"BARRA DO PIRAI";"Pedestre cruzava a pista fora da faixa";"Atropelamento de Pedestre";"Com Vítimas Feridas";"Pleno dia";"Crescente";"Céu Claro";"Simples";"Rotatória";"Sim";2;0;1;0;1;0;1;2;-22,48062523;-43,89336791;"SPRF-RJ";"DEL05-RJ";"UOP04-DEL05-RJ"
394183;2021-11-06;"sábado";"14:50:00";"ES";101;261,2;"SERRA";"Avarias e/ou desgaste excessivo no pneu";"Tombamento";"Com Vítimas Feridas";"Pleno dia";"Decrescente";"Céu Claro";"Dupla";"Reta";"Não";2;0;2;0;0;0;2;1;-20,14854215;-40,27970926;"SPRF-ES";"DEL02-ES";"UOP01-DEL02-ES"
394184;2021-11-06;"sábado";"12:20:00";"AC";364;107;"RIO BRANCO";"Avarias e/ou desgaste excessivo no pneu";"Tombamento";"Com Vítimas Feridas";"Pleno dia";"Crescente";"Céu Claro";"Simples";"Declive;Reta";"Não";2;0;2;0;0;0;2;1;-10,02638386;-67,6418639;"SPRF-AC";"DEL01-AC";"UOP01-DEL01-AC"
394186;2021-11-06;"sábado";"14:28:00";"SP";488;4,4;"APARECIDA";"Acessar a via sem observar a presença dos outros veículos";"Colisão transversal";"Com Vítimas Feridas";"Pleno dia";"Crescente";"Sol";"Dupla";"Curva";"Sim";4;0;1;0;3;0;1;3;-22,86025298;-45,25301506;"SPRF-SP";"DEL08-SP";"UOP01-DEL08-SP"
394188;2021-11-06;"sábado";"14:45:00";"SC";101;121,8;"ITAJAI";"Velocidade Incompatível";"Colisão lateral mesmo sentido";"Com Vítimas Feridas";"Pleno dia";"Decrescente";"Nublado";"Dupla";"Reta";"Não";3;0;1;0;2;0;1;3;-26,92103178;-48,70856446;"SPRF-SC";"DEL04-SC";"UOP04-DEL04-SC"
394189;2021-11-06;"sábado";"14:30:00";"RJ";40;114;"DUQUE DE CAXIAS";"Frear bruscamente";"Colisão transversal";"Com Vítimas Feridas";"Pleno dia";"Crescente";"Céu Claro";"Múltipla";"Reta";"Não";4;0;1;0;3;0;1;4;-22,71853604;-43,28993324;"SPRF-RJ";"DEL01-RJ";"UOP01-DEL01-RJ"
394190;2021-11-06;"sábado";"15:00:00";"CE";222;209,2;"FORQUILHA";"Conversão proibida";"Colisão transversal";"Com Vítimas Feridas";"Pleno dia";"Decrescente";"Céu Claro";"Simples";"Reta";"Sim";3;0;1;1;1;0;2;2;-3,79886;-40,26692;"SPRF-CE";"DEL04-CE";"UOP01-DEL04-CE"
394191;2021-11-06;"sábado";"15:00:00";"DF";251;38;"BRASILIA";"Desrespeitar a preferência no cruzamento";"Colisão transversal";"Com Vítimas Feridas";"Pleno dia";"Decrescente";"Céu Claro";"Simples";"Interseção de Vias";"Não";3;0;1;0;2;0;1;2;-15,94582;-47,792267;"SPRF-DF";"DEL01-DF";"UOP01-DEL01-DF"
394192;2021-11-06;"sábado";"14:30:00";"MG";381;481;"BETIM";"Ingestão de álcool pelo condutor";"Colisão traseira";"Com Vítimas Feridas";"Pleno dia";"Crescente";"Céu Claro";"Múltipla";"Reta";"Sim";2;0;1;0;1;0;1;2;-19,95931561;-44,08825597;"SPRF-MG";"DEL01-MG";"UOP03-DEL01-MG"
394195;2021-11-06;"sábado";"13:00:00";"AC";317;194;"XAPURI";"Velocidade Incompatível";"Saída de leito carroçável";"Com Vítimas Feridas";"Pleno dia";"Crescente";"Céu Claro";"Simples";"Desvio Temporário";"Não";1;0;0;1;0;0;1;1;-10,63373795;-68,07330006;"SPRF-AC";"DEL01-AC";"UOP02-DEL01-AC"
394196;2021-11-06;"sábado";"15:00:00";"RS";116;142,7;"CAXIAS DO SUL";"Reação tardia ou ineficiente do condutor";"Tombamento";"Com Vítimas Feridas";"Pleno dia";"Crescente";"Nublado";"Dupla";"Interseção de Vias";"Sim";2;0;2;0;0;0;2;1;-29,11793706;-51,12126231;"SPRF-RS";"DEL05-RS";"UOP01-DEL05-RS"
394197;2021-11-06;"sábado";"14:15:00";"MG";262;832;"UBERABA";"Reação tardia ou ineficiente do condutor";"Tombamento";"Com Vítimas Feridas";"Pleno dia";"Crescente";"Céu Claro";"Dupla";"Reta;Declive";"Não";1;0;0;1;0;0;1;1;-19,74213602;-48,212724;"SPRF-MG";"DEL13-MG";"UOP01-DEL13-MG"
394198;2021-11-06;"sábado";"14:00:00";"MS";60;481,1;"SIDROLANDIA";"Reação tardia ou ineficiente do condutor";"Saída de leito carroçável";"Sem Vítimas";"Pleno dia";"Decrescente";"Sol";"Simples";"Reta";"Não";3;0;0;0;1;2;0;1;-21,11765588;-55,36186124;"SPRF-MS";"DEL01-MS";"UOP04-DEL01-MS"
394199;2021-11-06;"sábado";"15:00:00";"MG";365;386;"PATOS DE MINAS";"Acessar a via sem observar a presença dos outros veículos";"Colisão transversal";"Com Vítimas Feridas";"Pleno dia";"Crescente";"Sol";"Simples";"Reta";"Não";2;0;0;1;1;0;1;2;-18,628;-46,306;"SPRF-MG";"DEL10-MG";"UOP01-DEL10-MG"
394200;2021-11-06;"sábado";"14:15:00";"MG";354;712,9;"CAXAMBU";"Ausência de reação do condutor";"Saída de leito carroçável";"Com Vítimas Feridas";"Pleno dia";"Decrescente";"Céu Claro";"Simples";"Curva";"Não";1;0;1;0;0;0;1;1;-22,04873198;-44,92665648;"SPRF-MG";"DEL17-MG";"UOP01-DEL17-MG"
394201;2021-11-06;"sábado";"15:40:00";"PR";376;191;"MARIALVA";"Condutor Dormindo";"Saída de leito carroçável";"Com Vítimas Feridas";"Pleno dia";"Crescente";"Céu Claro";"Dupla";"Curva";"Não";1;0;1;0;0;0;1;1;-23,48107834;-51,82265997;"SPRF-PR";"DEL09-PR";"UOP01-DEL09-PR"
394202;2021-11-06;"sábado";"16:25:00";"ES";101;395;"RIO NOVO DO SUL";"Desrespeitar a preferência no cruzamento";"Colisão transversal";"Com Vítimas Feridas";"Pleno dia";"Decrescente";"Nublado";"Simples";"Interseção de Vias";"Sim";2;0;1;0;1;0;1;2;-20,86594262;-40,93257592;"SPRF-ES";"DEL03-ES";"UOP02-DEL03-ES"
394203;2021-11-06;"sábado";"16:00:00";"DF";20;9;"BRASILIA";"Reação tardia ou ineficiente do condutor";"Queda de ocupante de veículo";"Com Vítimas Feridas";"Pleno dia";"Decrescente";"Nublado";"Dupla";"Curva";"Sim";1;0;1;0;0;0;1;1;-15,654671;-47,782917;"SPRF-DF";"DEL02-DF";"UOP01-DEL02-DF"
394204;2021-11-06;"sábado";"16:35:00";"GO";40;88,3;"CRISTALINA";"Frear bruscamente";"Tombamento";"Com Vítimas Feridas";"Pleno dia";"Crescente";"Céu Claro";"Simples";"Reta";"Não";1;0;1;0;0;0;1;1;-16,716902;-47,660862;"SPRF-DF";"DEL01-DF";"UOP02-DEL01-DF"
394205;2021-11-06;"sábado";"14:00:00";"RO";364;424;"JARU";"Ingestão de álcool pelo condutor";"Colisão transversal";"Com Vítimas Feridas";"Pleno dia";"Decrescente";"Céu Claro";"Simples";"Reta";"Sim";3;0;1;0;1;1;1;3;-10,44457274;-62,46568412;"SPRF-RO";"DEL03-RO";"UOP02-DEL03-RO"
394208;2021-11-06;"sábado";"16:20:00";"PR";369;171;"ROLANDIA";"Ingestão de álcool pelo condutor";"Tombamento";"Com Vítimas Feridas";"Pleno dia";"Crescente";"Céu Claro";"Simples";"Reta";"Sim";1;0;1;0;0;0;1;1;-23,303;-51,355;"SPRF-PR";"DEL07-PR";"UOP01-DEL07-PR"
394212;2021-11-06;"sábado";"16:50:00";"CE";20;405;"CAUCAIA";"Acessar a via sem observar a presença dos outros veículos";"Colisão transversal";"Com Vítimas Feridas";"Pleno dia";"Decrescente";"Céu Claro";"Dupla";"Reta";"Não";2;0;0;1;1;0;1;2;-3,7740804;-38,6780848;"SPRF-CE";"DEL01-CE";"UOP01-DEL01-CE"
394213;2021-11-06;"sábado";"17:00:00";"RJ";116;169;"SAO JOAO DE MERITI";"Reação tardia ou ineficiente do condutor";"Eventos atípicos";"Com Vítimas Feridas";"Pleno dia";"Decrescente";"Nublado";"Múltipla";"Reta";"Não";1;0;1;0;0;0;1;1;-22,816206;-43,324463;"SPRF-RJ";"DEL01-RJ";"UOP02-DEL01-RJ"
394214;2021-11-06;"sábado";"16:50:00";"RS";285;272,9;"MATO CASTELHANO";"Ingestão de álcool pelo condutor";"Colisão transversal";"Sem Vítimas";"Pleno dia";"Decrescente";"Sol";"Simples";"Curva";"Sim";2;0;0;0;2;0;0;2;-28,278734;-52,185806;"SPRF-RS";"DEL08-RS";"UOP03-DEL08-RS"
394215;2021-11-06;"sábado";"15:40:00";"MS";163;491,3;"CAMPO GRANDE";"Ausência de reação do condutor";"Tombamento";"Com Vítimas Feridas";"Pleno dia";"Crescente";"Chuva";"Simples";"Reta";"Sim";1;0;0;1;0;0;1;1;-20,38904355;-54,55038071;"SPRF-MS";"DEL01-MS";"UOP02-DEL01-MS"
394216;2021-11-06;"sábado";"16:20:00";"RR";174;503;"BOA VISTA";"Ausência de reação do condutor";"Colisão lateral mesmo sentido";"Com Vítimas Feridas";"Pleno dia";"Decrescente";"Céu Claro";"Dupla";"Reta";"Não";1;0;0;1;0;0;1;1;2,794901;-60,698441;"SPRF-RR";"DEL01-RR";"UOP01-DEL01-RR"
394217;2021-11-06;"sábado";"17:50:00";"SP";116;222;"GUARULHOS";"Demais falhas mecânicas ou elétricas";"Queda de ocupante de veículo";"Com Vítimas Feridas";"Pleno dia";"Crescente";"Céu Claro";"Múltipla";"Reta";"Não";1;0;1;0;0;0;1;1;-23,47093408;-46,51631097;"SPRF-SP";"DEL01-SP";"UOP01-DEL01-SP"
394218;2021-11-06;"sábado";"17:30:00";"SE";101;93,6;"NOSSA SENHORA DO SOCORRO";"Ausência de sinalização";"Saída de leito carroçável";"Sem Vítimas";"Anoitecer";"Decrescente";"Chuva";"Dupla";"Curva";"Não";1;0;0;0;0;1;0;1;-10,90212319;-37,14494787;"SPRF-SE";"DEL01-SE";"UOP01-DEL01-SE"
394219;2021-11-06;"sábado";"17:48:00";"SP";153;280;"OCAUCU";"Acessar a via sem observar a presença dos outros veículos";"Colisão transversal";"Com Vítimas Feridas";"Pleno dia";"Crescente";"Céu Claro";"Simples";"Interseção de Vias";"Não";6;0;1;0;4;1;1;2;-22,41321412;-49,86091715;"SPRF-SP";"DEL07-SP";"UOP02-DEL07-SP"
394223;2021-11-06;"sábado";"18:00:00";"RN";101;112;"PARNAMIRIM";"Ingestão de álcool pelo condutor";"Tombamento";"Com Vítimas Feridas";"Plena Noite";"Crescente";"Céu Claro";"Dupla";"Declive";"Não";1;0;1;0;0;0;1;1;-5,96429;-35,264877;"SPRF-RN";"DEL01-RN";"UOP01-DEL01-RN"
394226;2021-11-06;"sábado";"19:00:00";"MG";262;364;"JUATUBA";"Velocidade Incompatível";"Saída de leito carroçável";"Com Vítimas Feridas";"Plena Noite";"Decrescente";"Céu Claro";"Dupla";"Curva";"Não";1;0;1;0;0;0;1;1;-19,98290644;-44,24492623;"SPRF-MG";"DEL01-MG";"UOP03-DEL01-MG"
394227;2021-11-06;"sábado";"18:40:00";"ES";262;162;"IBATIBA";"Acessar a via sem observar a presença dos outros veículos";"Atropelamento de Pedestre";"Com Vítimas Feridas";"Plena Noite";"Crescente";"Céu Claro";"Simples";"Reta;Aclive";"Não";2;0;1;0;0;1;1;2;-20,23593228;-41,53109078;"SPRF-ES";"DEL01-ES";"UOP02-DEL01-ES"
394231;2021-11-06;"sábado";"18:00:00";"SC";101;155;"PORTO BELO";"Velocidade Incompatível";"Colisão com objeto";"Sem Vítimas";"Anoitecer";"Crescente";"Chuva";"Dupla";"Viaduto";"Sim";1;0;0;0;0;1;0;1;-27,16292;-48,61129;"SPRF-SC";"DEL04-SC";"UOP03-DEL04-SC"
394232;2021-11-06;"sábado";"15:00:00";"MG";116;416,8;"GOVERNADOR VALADARES";"Desrespeitar a preferência no cruzamento";"Colisão transversal";"Com Vítimas Feridas";"Pleno dia";"Crescente";"Sol";"Simples";"Curva";"Sim";2;0;1;1;0;0;2;2;-18,89215187;-41,94699543;"SPRF-MG";"DEL06-MG";"UOP01-DEL06-MG"
394233;2021-11-06;"sábado";"17:00:00";"SC";280;28;"ARAQUARI";"Condutor deixou de manter distância do veículo da frente";"Engavetamento";"Com Vítimas Feridas";"Pleno dia";"Crescente";"Nublado";"Simples";"Reta";"Sim";6;0;1;0;5;0;1;3;-26,40450077;-48,74561031;"SPRF-SC";"DEL03-SC";"UOP03-DEL03-SC"
394234;2021-11-06;"sábado";"09:45:00";"MG";262;876;"CAMPO FLORIDO";"Retorno proibido";"Colisão lateral mesmo sentido";"Sem Vítimas";"Pleno dia";"Crescente";"Sol";"Simples";"Reta";"Sim";2;0;0;0;2;0;0;2;-19,78185033;-48,50810792;"SPRF-MG";"DEL13-MG";"UOP01-DEL13-MG"
394237;2021-08-30;"segunda-feira";"19:55:00";"PE";232;7,5;"RECIFE";"Reação tardia ou ineficiente do condutor";"Colisão traseira";"Com Vítimas Feridas";"Plena Noite";"Decrescente";"Céu Claro";"Dupla";"Reta";"Não";3;0;2;0;0;1;2;2;-8,07333497;-34,96184301;"SPRF-PE";"DEL01-PE";"UOP01-DEL01-PE"