"id";"data_inversa";"dia_semana";"horario";"uf";"br";"km";"municipio";"causa_acidente";"tipo_acidente";"classificacao_acidente";"fase_dia";"sentido_via";"condicao_metereologica";"tipo_pista";"tracado_via";"uso_solo";"pessoas";"mortos";"feridos_leves";"feridos_graves";"ilesos";"ignorados";"feridos";"veiculos";"latitude";"longitude";"regional";"delegacia";"uop"
394564;2021-11-08;"segunda-feira";"09:30:00";"MA";222;342;"IGARAPE DO MEIO";"Conversão proibida";"Colisão lateral mesmo sentido";"Com Vítimas Feridas";"Pleno dia";"Decrescente";"Céu Claro";"Simples";"Reta";"Não";3;0;0;2;1;0;2;2;-3,66150806;-45,22464097;"SPRF-MA";"DEL02-MA";"UOP01-DEL02-MA"
394565;2021-11-08;"segunda-feira";"11:40:00";"ES";101;213,1;"IBIRACU";"Reação tardia ou ineficiente do condutor";"Colisão transversal";"Com Vítimas Feridas";"Pleno dia";"Crescente";"Céu Claro";"Simples";"Reta";"Sim";2;0;0;1;1;0;1;2;-19,82352998;-40,36981894;"SPRF-ES";"DEL02-ES";"UOP01-DEL02-ES"
394566;2021-11-08;"segunda-feira";"08:30:00";"PI";316;313;"PICOS";"Acessar a via sem observar a presença dos outros veículos";"Colisão lateral mesmo sentido";"Com Vítimas Feridas";"Pleno dia";"Decrescente";"Sol";"Simples";"Reta";"Sim";2;0;0;1;0;1;1;2;-7,07959049;-41,44975182;"SPRF-PI";"DEL04-PI";"UOP01-DEL04-PI"
394568;2021-11-08;"segunda-feira";"12:00:00";"RN";101;85;"NATAL";"Acessar a via sem observar a presença dos outros veículos";"Colisão lateral mesmo sentido";"Com Vítimas Feridas";"Pleno dia";"Decrescente";"Céu Claro";"Dupla";"Aclive";"Sim";2;0;1;0;1;0;1;2;-5,777664;-35,24937;"SPRF-RN";"DEL02-RN";"UOP01-DEL02-RN"
394570;2021-11-08;"segunda-feira";"12:00:00";"SC";470;68,9;"INDAIAL";"Ausência de reação do condutor";"Colisão lateral mesmo sentido";"Com Vítimas Feridas";"Pleno dia";"Crescente";"Nublado";"Dupla";"Reta";"Sim";2;0;1;0;1;0;1;2;-26,88581412;-49,24995661;"SPRF-SC";"DEL04-SC";"UOP01-DEL04-SC"
394571;2021-11-08;"segunda-feira";"12:40:00";"RN";304;303;"PARNAMIRIM";"Condutor Dormindo";"Colisão com objeto";"Com Vítimas Feridas";"Pleno dia";"Crescente";"Céu Claro";"Dupla";"Reta";"Não";1;0;1;0;0;0;1;1;-5,88217905;-35,28934802;"SPRF-RN";"DEL01-RN";"UOP02-DEL01-RN"
394572;2021-11-08;"segunda-feira";"12:30:00";"DF";60;28,5;"BRASILIA";"Chuva";"Saída de leito carroçável";"Com Vítimas Feridas";"Pleno dia";"Decrescente";"Chuva";"Dupla";"Reta";"Não";3;0;3;0;0;0;3;1;-16,020638;-48,250832;"SPRF-DF";"DEL03-DF";"UOP01-DEL03-DF"
394575;2021-11-08;"segunda-feira";"12:10:00";"MS";163;464,1;"CAMPO GRANDE";"Frear bruscamente";"Tombamento";"Com Vítimas Feridas";"Pleno dia";"Crescente";"Céu Claro";"Simples";"Reta;Aclive";"Não";1;0;1;0;0;0;1;1;-20,60305192;-54,57852768;"SPRF-MS";"DEL01-MS";"UOP01-DEL01-MS"
394576;2021-07-07;"quarta-feira";"14:10:00";"BA";101;219;"CRUZ DAS ALMAS";"Transitar no acostamento";"Atropelamento de Pedestre";"Com Vítimas Feridas";"Pleno dia";"Decrescente";"Céu Claro";"Simples";"Reta";"Sim";2;0;1;0;1;0;1;2;-12,64641014;-39,10999775;"SPRF-BA";"DEL01-BA";"UOP02-DEL01-BA"
394578;2021-11-08;"segunda-feira";"13:15:00";"GO";40;127;"CRISTALINA";"Avarias e/ou desgaste excessivo no pneu";"Saída de leito carroçável";"Com Vítimas Feridas";"Pleno dia";"Crescente";"Céu Claro";"Dupla";"Reta";"Não";1;0;1;0;0;0;1;1;-16,886701;-47,365804;"SPRF-DF";"DEL01-DF";"UOP02-DEL01-DF"
394582;2021-11-08;"segunda-feira";"13:30:00";"RS";116;307;"GUAIBA";"Acessar a via sem observar a presença dos outros veículos";"Colisão transversal";"Sem Vítimas";"Pleno dia";"Crescente";"Sol";"Simples";"Interseção de Vias";"Sim";2;0;0;0;2;0;0;2;-30,1742985;-51,3923676;"SPRF-RS";"DEL02-RS";"UOP01-DEL02-RS"
394583;2021-10-23;"sábado";"14:00:00";"PR";467;81,3;"CASCAVEL";"Velocidade Incompatível";"Saída de leito carroçável";"Com Vítimas Feridas";"Pleno dia";"Decrescente";"Chuva";"Dupla";"Curva";"Não";1;0;1;0;0;0;1;1;-24,78647601;-53,6778177;"SPRF-PR";"DEL04-PR";"UOP01-DEL04-PR"
394585;2021-11-08;"segunda-feira";"09:00:00";"MT";158;597,5;"AGUA BOA";"Condutor deixou de manter distância do veículo da frente";"Colisão lateral mesmo sentido";"Sem Vítimas";"Pleno dia";"Crescente";"Céu Claro";"Simples";"Reta";"Não";2;0;0;0;2;0;0;2;-14,294883;-52,168995;"SPRF-MT";"DEL07-MT";"UOP02-DEL07-MT"
394586;2021-11-08;"segunda-feira";"14:30:00";"SP";116;282;"EMBU DAS ARTES";"Ausência de reação do condutor";"Colisão frontal";"Com Vítimas Feridas";"Pleno dia";"Crescente";"Céu Claro";"Dupla";"Curva";"Sim";2;0;1;0;1;0;1;2;-23,68570216;-46,85970975;"SPRF-SP";"DEL04-SP";"UOP01-DEL04-SP"
394591;2021-11-08;"segunda-feira";"14:30:00";"PR";116;59;"CAMPINA GRANDE DO SUL";"Reação tardia ou ineficiente do condutor";"Colisão com objeto";"Com Vítimas Feridas";"Pleno dia";"Crescente";"Nublado";"Dupla";"Curva;Declive";"Não";5;0;2;0;3;0;2;1;-25,30335724;-48,94378885;"SPRF-PR";"DEL01-PR";"UOP02-DEL01-PR"
394594;2021-11-08;"segunda-feira";"15:35:00";"PR";369;156;"LONDRINA";"Acesso irregular";"Colisão traseira";"Com Vítimas Feridas";"Pleno dia";"Crescente";"Nublado";"Múltipla";"Declive;Reta";"Sim";2;0;1;0;1;0;1;2;-23,29183294;-51,21641904;"SPRF-PR";"DEL07-PR";"UOP01-DEL07-PR"
394595;2021-11-08;"segunda-feira";"10:35:00";"BA";101;566;"ARATACA";"Acumulo de água sobre o pavimento";"Capotamento";"Com Vítimas Feridas";"Pleno dia";"Crescente";"Chuva";"Simples";"Curva";"Não";1;0;1;0;0;0;1;1;-15,31803386;-39,49879833;"SPRF-BA";"DEL05-BA";"UOP02-DEL05-BA"
394598;2021-11-08;"segunda-feira";"10:08:00";"RO";364;339,7;"JI-PARANA";"Condutor desrespeitou a iluminação vermelha do semáforo";"Colisão transversal";"Com Vítimas Feridas";"Pleno dia";"Decrescente";"Nublado";"Múltipla";"Declive;Reta";"Sim";2;0;1;0;1;0;1;2;-10,907816;-61,93017402;"SPRF-RO";"DEL02-RO";"UOP01-DEL02-RO"
394599;2021-11-08;"segunda-feira";"15:50:00";"GO";60;116,2;"TEREZOPOLIS DE GOIAS";"Chuva";"Tombamento";"Com Vítimas Feridas";"Pleno dia";"Decrescente";"Chuva";"Dupla";"Reta";"Não";1;0;1;0;0;0;1;1;-16,4732;-49,0789;"SPRF-GO";"DEL01-GO";"UOP01-DEL01-GO"
394601;2021-07-15;"quinta-feira";"07:10:00";"ES";101;185,3;"ARACRUZ";"Reação tardia ou ineficiente do condutor";"Tombamento";"Com Vítimas Feridas";"Amanhecer";"Decrescente";"Sol";"Dupla";"Reta";"Não";3;0;1;0;1;1;1;3;-19,66049104;-40,24098998;"SPRF-ES";"DEL04-ES";"UOP01-DEL04-ES"
394604;2021-10-07;"quinta-feira";"14:30:00";"SP";101;51,1;"UBATUBA";"Ultrapassagem Indevida";"Colisão frontal";"Com Vítimas Feridas";"Pleno dia";"Crescente";"Nublado";"Simples";"Reta";"Sim";2;0;1;0;1;0;1;2;-23,45627795;-45,07111896;"SPRF-SP";"DEL06-SP";"UOP01-DEL06-SP"
394605;2021-11-08;"segunda-feira";"16:00:00";"BA";324;615;"SALVADOR";"Manobra de mudança de faixa";"Colisão lateral mesmo sentido";"Com Vítimas Feridas";"Pleno dia";"Crescente";"Céu Claro";"Dupla";"Reta";"Não";3;0;2;0;0;1;2;2;-12,8860529;-38,4381228;"SPRF-BA";"DEL01-BA";"UOP01-DEL01-BA"
394606;2021-11-08;"segunda-feira";"15:30:00";"MG";40;500,9;"ESMERALDAS";"Chuva";"Colisão com objeto";"Sem Vítimas";"Pleno dia";"Decrescente";"Chuva";"Dupla";"Declive";"Sim";1;0;0;0;1;0;0;1;-19,70073502;-44,17382703;"SPRF-MG";"DEL02-MG";"UOP01-DEL02-MG"
394608;2021-11-08;"segunda-feira";"15:00:00";"MS";163;486;"CAMPO GRANDE";"Ausência de reação do condutor";"Tombamento";"Com Vítimas Feridas";"Pleno dia";"Decrescente";"Nublado";"Simples";"Reta;Aclive";"Sim";1;0;1;0;0;0;1;1;-20,4336361;-54,54376745;"SPRF-MS";"DEL01-MS";"UOP02-DEL01-MS"
394609;2021-11-08;"segunda-feira";"13:25:00";"RJ";116;175,3;"NOVA IGUACU";"Condutor deixou de manter distância do veículo da frente";"Colisão traseira";"Com Vítimas Feridas";"Pleno dia";"Crescente";"Nublado";"Dupla";"Reta";"Sim";3;0;1;0;2;0;1;2;-22,76418626;-43,41760912;"SPRF-RJ";"DEL01-RJ";"UOP02-DEL01-RJ"
394610;2021-11-08;"segunda-feira";"15:55:00";"CE";116;19;"ITAITINGA";"Ausência de reação do condutor";"Colisão lateral mesmo sentido";"Com Vítimas Feridas";"Pleno dia";"Crescente";"Céu Claro";"Dupla";"Reta";"Não";1;0;1;0;0;0;1;1;-3,91384397;-38,50667231;"SPRF-CE";"DEL01-CE";"UOP02-DEL01-CE"
394611;2021-11-08;"segunda-feira";"16:25:00";"RS";470;169,6;"VERANOPOLIS";"Frear bruscamente";"Colisão traseira";"Com Vítimas Feridas";"Pleno dia";"Decrescente";"Sol";"Simples";"Reta";"Sim";3;0;1;0;2;0;1;2;-28,87750412;-51,54875278;"SPRF-RS";"DEL06-RS";"UOP02-DEL06-RS"
394612;2021-11-08;"segunda-feira";"15:00:00";"SP";116;270;"TABOAO DA SERRA";"Frear bruscamente";"Colisão lateral mesmo sentido";"Com Vítimas Feridas";"Pleno dia";"Decrescente";"Sol";"Múltipla";"Reta";"Não";2;0;1;0;1;0;1;2;-23,61799728;-46,79677694;"SPRF-SP";"DEL04-SP";"UOP01-DEL04-SP"
394614;2021-11-08;"segunda-feira";"15:15:00";"RS";386;238,4;"SOLEDADE";"Reação tardia ou ineficiente do condutor";"Saída de leito carroçável";"Com Vítimas Feridas";"Pleno dia";"Decrescente";"Sol";"Simples";"Reta";"Não";2;0;2;0;0;0;2;1;-28,752241;-52,54018;"SPRF-RS";"DEL04-RS";"UOP03-DEL04-RS"
394615;2021-11-08;"segunda-feira";"16:20:00";"DF";20;10,7;"BRASILIA";"Manobra de mudança de faixa";"Colisão lateral mesmo sentido";"Com Vítimas Feridas";"Pleno dia";"Crescente";"Céu Claro";"Dupla";"Reta;Aclive";"Sim";2;0;1;0;1;0;1;2;-15,650243;-47,773872;"SPRF-DF";"DEL02-DF";"UOP01-DEL02-DF"
394618;2021-11-08;"segunda-feira";"17:20:00";"SP";116;214,8;"GUARULHOS";"Condutor deixou de manter distância do veículo da frente";"Colisão traseira";"Com Vítimas Feridas";"Pleno dia";"Decrescente";"Céu Claro";"Múltipla";"Reta";"Sim";3;0;1;0;2;0;1;3;-23,44333014;-46,44531294;"SPRF-SP";"DEL01-SP";"UOP01-DEL01-SP"
394620;2021-11-08;"segunda-feira";"15:00:00";"MT";70;1;"BARRA DO GARCAS";"Trafegar com motocicleta (ou similar) entre as faixas";"Colisão lateral mesmo sentido";"Com Vítimas Feridas";"Pleno dia";"Crescente";"Céu Claro";"Simples";"Reta";"Sim";3;0;1;0;2;0;1;3;-15,89164596;-52,26202884;"SPRF-MT";"DEL07-MT";"UOP01-DEL07-MT"
394621;2021-11-08;"segunda-feira";"16:40:00";"SC";470;170,7;"POUSO REDONDO";"Acessar a via sem observar a presença dos outros veículos";"Colisão transversal";"Com Vítimas Feridas";"Pleno dia";"Decrescente";"Nublado";"Simples";"Reta";"Não";2;0;1;0;1;0;1;2;-27,265903;-49,892441;"SPRF-SC";"DEL04-SC";"UOP02-DEL04-SC"
394622;2021-11-08;"segunda-feira";"16:15:00";"SC";101;163;"TIJUCAS";"Ingestão de álcool pelo condutor";"Colisão transversal";"Com Vítimas Feridas";"Pleno dia";"Crescente";"Garoa/Chuvisco";"Dupla";"Reta";"Sim";2;0;2;0;0;0;2;2;-27,23598698;-48,63036454;"SPRF-SC";"DEL04-SC";"UOP03-DEL04-SC"
394626;2021-11-08;"segunda-feira";"17:40:00";"SC";470;32,9;"GASPAR";"Velocidade Incompatível";"Atropelamento de Pedestre";"Com Vítimas Fatais";"Pleno dia";"Crescente";"Nublado";"Dupla";"Reta";"Sim";4;2;0;1;1;0;1;2;-26,9056825;-48,940015;"SPRF-SC";"DEL04-SC";"UOP01-DEL04-SC"
394629;2021-11-08;"segunda-feira";"17:45:00";"RN";304;304,7;"PARNAMIRIM";"Animais na Pista";"Atropelamento de Animal";"Com Vítimas Feridas";"Anoitecer";"Crescente";"Céu Claro";"Dupla";"Reta";"Não";1;0;0;1;0;0;1;1;-5,88497076;-35,28078192;"SPRF-RN";"DEL01-RN";"UOP02-DEL01-RN"
394630;2021-11-08;"segunda-feira";"17:15:00";"RN";304;31;"MOSSORO";"Acessar a via sem observar a presença dos outros veículos";"Colisão transversal";"Com Vítimas Feridas";"Amanhecer";"Decrescente";"Céu Claro";"Simples";"Reta";"Sim";3;0;0;2;1;0;2;2;-5,12587296;-37,34293919;"SPRF-RN";"DEL04-RN";"UOP02-DEL04-RN"
394632;2021-11-08;"segunda-feira";"17:50:00";"SC";280;52,7;"GUARAMIRIM";"Condutor deixou de manter distância do veículo da frente";"Colisão traseira";"Com Vítimas Feridas";"Pleno dia";"Decrescente";"Nublado";"Simples";"Reta";"Não";2;0;1;0;1;0;1;2;-26,468904;-48,96492;"SPRF-SC";"DEL03-SC";"UOP03-DEL03-SC"
394633;2021-11-08;"segunda-feira";"17:50:00";"PR";277;583,5;"CASCAVEL";"Acessar a via sem observar a presença dos outros veículos";"Colisão transversal";"Com Vítimas Feridas";"Pleno dia";"Crescente";"Céu Claro";"Múltipla";"Reta;Em Obras";"Sim";2;0;2;0;0;0;2;2;-24,97165493;-53,39428595;"SPRF-PR";"DEL04-PR";"UOP01-DEL04-PR"
394637;2021-11-08;"segunda-feira";"07:05:00";"ES";262;110;"VENDA NOVA DO IMIGRANTE";"Ultrapassagem Indevida";"Colisão lateral mesmo sentido";"Com Vítimas Feridas";"Pleno dia";"Decrescente";"Céu Claro";"Simples";"Reta";"Sim";2;0;1;0;1;0;1;2;-20,3364276;-41,18081802;"SPRF-ES";"DEL01-ES";"UOP02-DEL01-ES"
394638;2021-11-08;"segunda-feira";"18:20:00";"PR";476;133,5;"CURITIBA";"Condutor deixou de manter distância do veículo da frente";"Colisão traseira";"Com Vítimas Feridas";"Plena Noite";"Decrescente";"Céu Claro";"Dupla";"Reta";"Sim";2;0;1;0;1;0;1;2;-25,469219;-49,254143;"SPRF-PR";"DEL01-PR";"UOP03-DEL01-PR"
394640;2021-11-08;"segunda-feira";"18:10:00";"ES";101;31;"CONCEICAO DA BARRA";"Acessar a via sem observar a presença dos outros veículos";"Colisão transversal";"Com Vítimas Feridas";"Plena Noite";"Decrescente";"Céu Claro";"Simples";"Reta";"Sim";2;0;0;1;1;0;1;2;-18,41695394;-39,93608555;"SPRF-ES";"DEL04-ES";"UOP02-DEL04-ES"
394642;2021-11-08;"segunda-feira";"17:15:00";"GO";40;15;"LUZIANIA";"Demais falhas mecânicas ou elétricas";"Colisão lateral mesmo sentido";"Com Vítimas Feridas";"Pleno dia";"Crescente";"Nublado";"Dupla";"Declive;Reta";"Não";2;0;1;0;1;0;1;2;-16,1671;-47,930161;"SPRF-DF";"DEL01-DF";"UOP01-DEL01-DF"
394643;2021-11-08;"segunda-feira";"15:45:00";"SC";280;196,9;"MAFRA";"Velocidade Incompatível";"Colisão traseira";"Com Vítimas Feridas";"Pleno dia";"Decrescente";"Nublado";"Simples";"Reta";"Não";6;0;3;0;3;0;3;3;-26,17463654;-50,03363399;"SPRF-SC";"DEL06-SC";"UOP01-DEL06-SC"
394644;2021-11-08;"segunda-feira";"18:55:00";"RS";116;243;"SAO LEOPOLDO";"Condutor deixou de manter distância do veículo da frente";"Colisão traseira";"Com Vítimas Feridas";"Anoitecer";"Crescente";"Céu Claro";"Dupla";"Reta";"Sim";3;0;1;0;2;0;1;3;-29,73196199;-51,14952004;"SPRF-RS";"DEL01-RS";"UOP02-DEL01-RS"
394646;2021-11-08;"segunda-feira";"18:00:00";"RJ";101;528;"ANGRA DOS REIS";"Velocidade Incompatível";"Colisão frontal";"Com Vítimas Feridas";"Anoitecer";"Crescente";"Chuva";"Simples";"Curva";"Não";5;0;4;0;1;0;4;3;-23,02314418;-44,50045173;"SPRF-RJ";"DEL03-RJ";"UOP02-DEL03-RJ"
394647;2021-11-08;"segunda-feira";"19:10:00";"PB";230;16;"JOAO PESSOA";"Manobra de mudança de faixa";"Colisão lateral mesmo sentido";"Com Vítimas Feridas";"Plena Noite";"Crescente";"Céu Claro";"Dupla";"Reta";"Sim";3;0;1;0;2;0;1;2;-7,10768334;-34,8437351;"SPRF-PB";"DEL01-PB";"UOP01-DEL01-PB"
394648;2021-11-08;"segunda-feira";"19:15:00";"PR";476;128;"CURITIBA";"Reação tardia ou ineficiente do condutor";"Colisão transversal";"Com Vítimas Feridas";"Plena Noite";"Crescente";"Nublado";"Simples";"Curva";"Sim";2;0;1;0;1;0;1;2;-25,433048;-49,23156;"SPRF-PR";"DEL01-PR";"UOP03-DEL01-PR"
394649;2021-10-27;"quarta-feira";"07:45:00";"PB";230;216,6;"SOLEDADE";"Acessar a via sem observar a presença dos outros veículos";"Colisão transversal";"Com Vítimas Feridas";"Pleno dia";"Crescente";"Céu Claro";"Simples";"Interseção de Vias";"Sim";3;0;2;0;1;0;2;2;-7,05711199;-36,36680603;"SPRF-PB";"DEL02-PB";"UOP02-DEL02-PB"
394650;2021-11-08;"segunda-feira";"19:00:00";"GO";40;6,9;"VALPARAISO DE GOIAS";"Ingestão de álcool pelo condutor";"Colisão traseira";"Sem Vítimas";"Plena Noite";"Crescente";"Céu Claro";"Simples";"Reta";"Sim";2;0;0;0;2;0;0;2;-16,100814;-47,977351;"SPRF-DF";"DEL01-DF";"UOP01-DEL01-DF"
394651;2021-11-08;"segunda-feira";"18:00:00";"MG";40;247;"SAO GONCALO DO ABAETE";"Acostamento em desnível";"Tombamento";"Com Vítimas Feridas";"Anoitecer";"Decrescente";"Nublado";"Simples";"Reta";"Não";2;0;0;1;0;1;1;1;-18,15557947;-45,42752649;"SPRF-MG";"DEL14-MG";"UOP02-DEL14-MG"
394653;2021-11-08;"segunda-feira";"18:55:00";"SC";470;151,8;"AGRONOMICA";"Transitar na contramão";"Colisão lateral sentido oposto";"Com Vítimas Feridas";"Plena Noite";"Decrescente";"Nublado";"Simples";"Reta";"Não";3;0;1;0;2;0;1;3;-27,260792;-49,719761;"SPRF-SC";"DEL04-SC";"UOP02-DEL04-SC"
394655;2021-11-08;"segunda-feira";"18:20:00";"MT";163;838;"SINOP";"Iluminação deficiente";"Colisão transversal";"Com Vítimas Feridas";"Pleno dia";"Decrescente";"Nublado";"Simples";"Curva";"Sim";3;0;0;1;2;0;1;2;-11,830911;-55,487345;"SPRF-MT";"DEL06-MT";"NPF/DEL06-MT"
394656;2021-11-08;"segunda-feira";"18:40:00";"MS";163;493;"CAMPO GRANDE";"Ausência de reação do condutor";"Saída de leito carroçável";"Com Vítimas Feridas";"Anoitecer";"Crescente";"Nublado";"Dupla";"Reta";"Não";1;0;0;1;0;0;1;1;-20,37762705;-54,53752293;"SPRF-MS";"DEL01-MS";"UOP02-DEL01-MS"
394657;2021-11-08;"segunda-feira";"17:50:00";"MT";70;531;"NOSSA SENHORA DO LIVRAMENTO";"Acessar a via sem observar a presença dos outros veículos";"Colisão lateral mesmo sentido";"Com Vítimas Feridas";"Anoitecer";"Crescente";"Céu Claro";"Simples";"Reta";"Não";3;0;2;0;1;0;2;2;-15,68055984;-56,2651062;"SPRF-MT";"DEL01-MT";"UOP02-DEL01-MT"
394658;2021-11-08;"segunda-feira";"19:30:00";"GO";50;97,8;"CRISTALINA";"Acessar a via sem observar a presença dos outros veículos";"Colisão transversal";"Com Vítimas Feridas";"Plena Noite";"Decrescente";"Céu Claro";"Simples";"Interseção de Vias";"Sim";2;0;1;0;1;0;1;2;-16,9309;-47,7117;"SPRF-DF";"DEL01-DF";"UOP02-DEL01-DF"
394660;2021-11-08;"segunda-feira";"17:40:00";"RN";304;296;"MACAIBA";"Manobra de mudança de faixa";"Colisão lateral mesmo sentido";"Sem Vítimas";"Anoitecer";"Decrescente";"Céu Claro";"Dupla";"Curva";"Sim";2;0;0;0;1;1;0;2;-5,864302;-35,345785;"SPRF-RN";"DEL01-RN";"UOP02-DEL01-RN"
394661;2021-11-08;"segunda-feira";"19:00:00";"PB";101;83,5;"BAYEUX";"Reação tardia ou ineficiente do condutor";"Colisão com objeto";"Sem Vítimas";"Plena Noite";"Crescente";"Céu Claro";"Dupla";"Reta";"Sim";1;0;0;0;0;1;0;1;-7,1337703;-34,92963914;"SPRF-PB";"DEL01-PB";"UOP01-DEL01-PB"
394665;2021-11-08;"segunda-feira";"18:45:00";"GO";153;155;"CAMPINORTE";"Chuva";"Saída de leito carroçável";"Com Vítimas Fatais";"Plena Noite";"Decrescente";"Chuva";"Simples";"Reta";"Não";1;1;0;0;0;0;0;1;-14,125978;-49,109467;"SPRF-GO";"DEL07-GO";"UOP02-DEL07-GO"
394667;2021-11-08;"segunda-feira";"19:40:00";"RJ";116;305;"RESENDE";"Condutor deixou de manter distância do veículo da frente";"Colisão com objeto";"Sem Vítimas";"Plena Noite";"Crescente";"Nublado";"Simples";"Retorno Regulamentado";"Sim";2;0;0;0;2;0;0;1;-22,45573779;-44,39454802;"SPRF-RJ";"DEL07-RJ";"UOP02-DEL07-RJ"
394669;2021-11-08;"segunda-feira";"19:30:00";"MS";262;136;"AGUA CLARA";"Velocidade Incompatível";"Saída de leito carroçável";"Com Vítimas Fatais";"Plena Noite";"Decrescente";"Céu Claro";"Simples";"Declive";"Não";3;2;1;0;0;0;1;1;-20,4687779;-52,81579473;"SPRF-MS";"DEL07-MS";"UOP02-DEL07-MS"
394670;2021-11-08;"segunda-feira";"17:40:00";"SC";282;222;"LAGES";"Conversão proibida";"Colisão lateral mesmo sentido";"Com Vítimas Feridas";"Pleno dia";"Crescente";"Céu Claro";"Dupla";"Reta";"Não";2;0;1;0;1;0;1;2;-27,797739;-50,353409;"SPRF-SC";"DEL05-SC";"UOP01-DEL05-SC"
394671;2021-11-08;"segunda-feira";"20:50:00";"RN";304;49;"MOSSORO";"Acessar a via sem observar a presença dos outros veículos";"Colisão transversal";"Sem Vítimas";"Plena Noite";"Crescente";"Céu Claro";"Simples";"Interseção de Vias";"Sim";2;0;0;0;2;0;0;2;-5,236461;-37,317505;"SPRF-RN";"DEL04-RN";"UOP01-DEL04-RN"
394672;2021-11-08;"segunda-feira";"21:00:00";"PR";369;201;"APUCARANA";"Manobra de mudança de faixa";"Colisão lateral sentido oposto";"Com Vítimas Feridas";"Plena Noite";"Decrescente";"Céu Claro";"Simples";"Reta";"Sim";3;0;1;0;0;2;1;3;-23,54277842;-51,45538509;"SPRF-PR";"DEL07-PR";"UOP02-DEL07-PR"
394674;2021-11-08;"segunda-feira";"20:50:00";"PE";104;124,5;"PANELAS";"Velocidade Incompatível";"Saída de leito carroçável";"Com Vítimas Fatais";"Plena Noite";"Crescente";"Céu Claro";"Simples";"Curva";"Não";2;1;1;0;0;0;1;1;-8,729818;-36,017517;"SPRF-PE";"DEL02-PE";"UOP01-DEL02-PE"
394679;2021-11-08;"segunda-feira";"21:10:00";"PE";408;89,9;"SAO LOURENCO DA MATA";"Condutor deixou de manter distância do veículo da frente";"Colisão traseira";"Com Vítimas Feridas";"Plena Noite";"Crescente";"Céu Claro";"Dupla";"Reta";"Não";2;0;1;0;1;0;1;2;-7,987723;-35,077173;"SPRF-PE";"DEL01-PE";"UOP01-DEL01-PE"
394680;2021-11-08;"segunda-feira";"22:30:00";"MG";40;520;"CONTAGEM";"Acessar a via sem observar a presença dos outros veículos";"Atropelamento de Pedestre";"Com Vítimas Feridas";"Plena Noite";"Crescente";"Nublado";"Dupla";"Curva;Declive";"Sim";2;0;1;1;0;0;2;2;-19,84761911;-44,07276144;"SPRF-MG";"DEL01-MG";"UOP02-DEL01-MG"
394681;2021-10-23;"sábado";"08:00:00";"BA";101;106;"ALAGOINHAS";"Condutor deixou de manter distância do veículo da frente";"Colisão traseira";"Com Vítimas Feridas";"Pleno dia";"Crescente";"Céu Claro";"Simples";"Reta";"Sim";2;0;0;1;0;1;1;2;-12,137027;-38,392112;"SPRF-BA";"DEL01-BA";"UOP04-DEL01-BA"
394682;2021-11-08;"segunda-feira";"18:50:00";"RJ";101;398;"ITAGUAI";"Acessar a via sem observar a presença dos outros veículos";"Colisão transversal";"Com Vítimas Fatais";"Plena Noite";"Crescente";"Chuva";"Dupla";"Reta";"Sim";4;1;0;0;3;0;0;2;-22,86787912;-43,74862922;"SPRF-RJ";"DEL03-RJ";"UOP01-DEL03-RJ"
394683;2021-11-08;"segunda-feira";"18:30:00";"AL";101;178;"TEOTONIO VILELA";"Transitar no acostamento";"Queda de ocupante de veículo";"Com Vítimas Fatais";"Plena Noite";"Decrescente";"Céu Claro";"Dupla";"Curva";"Não";3;1;0;0;0;2;0;2;-9,88723897;-36,390828;"SPRF-AL";"DEL02-AL";"UOP02-DEL02-AL"
394685;2021-11-08;"segunda-feira";"20:00:00";"PI";316;97;"BARRO DURO";"Acessar a via sem observar a presença dos outros veículos";"Colisão transversal";"Com Vítimas Fatais";"Plena Noite";"Decrescente";"Céu Claro";"Simples";"Reta";"Sim";2;1;0;0;0;1;0;2;-5,821688;-42,507275;"SPRF-PI";"DEL04-PI";"UOP02-DEL04-PI"
394691;2021-11-08;"segunda-feira";"23:50:00";"ES";101;31,8;"CONCEICAO DA BARRA";"Demais falhas mecânicas ou elétricas";"Tombamento";"Com Vítimas Feridas";"Plena Noite";"Decrescente";"Nublado";"Simples";"Declive";"Sim";1;0;1;0;0;0;1;1;-18,42831627;-39,93440151;"SPRF-ES";"DEL04-ES";"UOP02-DEL04-ES"
394692;2021-11-08;"segunda-feira";"23:05:00";"MS";262;347;"CAMPO GRANDE";"Animais na Pista";"Atropelamento de Animal";"Com Vítimas Feridas";"Plena Noite";"Crescente";"Nublado";"Simples";"Aclive";"Não";1;0;0;1;0;0;1;1;-20,56572179;-54,60345188;"SPRF-MS";"DEL01-MS";"UOP03-DEL01-MS"
394694;2021-11-09;"terça-feira";"00:00:00";"PR";376;488,2;"PONTA GROSSA";"Demais falhas mecânicas ou elétricas";"Tombamento";"Com Vítimas Feridas";"Plena Noite";"Decrescente";"Nublado";"Dupla";"Aclive";"Sim";1;0;1;0;0;0;1;1;-25,13510082;-50,16497282;"SPRF-PR";"DEL03-PR";"UOP01-DEL03-PR"