"id";"data_inversa";"dia_semana";"horario";"uf";"br";"km";"municipio";"causa_acidente";"tipo_acidente";"classificacao_acidente";"fase_dia";"sentido_via";"condicao_metereologica";"tipo_pista";"tracado_via";"uso_solo";"pessoas";"mortos";"feridos_leves";"feridos_graves";"ilesos";"ignorados";"feridos";"veiculos";"latitude";"longitude";"regional";"delegacia";"uop"
394957;2021-09-27;"segunda-feira";"08:40:00";"PR";476;127;"CURITIBA";"Condutor deixou de manter distância do veículo da frente";"Queda de ocupante de veículo";"Com Vítimas Feridas";"Pleno dia";"Decrescente";"Céu Claro";"Múltipla";"Reta";"Sim";2;0;1;0;1;0;1;2;-25,43062108;-49,22919989;"SPRF-PR";"DEL01-PR";"UOP03-DEL01-PR"
394958;2021-11-10;"quarta-feira";"15:20:00";"MS";163;526;"JARAGUARI";"Demais falhas mecânicas ou elétricas";"Tombamento";"Com Vítimas Feridas";"Pleno dia";"Crescente";"Céu Claro";"Simples";"Reta";"Não";2;0;1;1;0;0;2;1;-20,10884692;-54,44308417;"SPRF-MS";"DEL01-MS";"UOP02-DEL01-MS"
394959;2021-11-10;"quarta-feira";"16:30:00";"RN";101;125;"SAO JOSE DE MIPIBU";"Ausência de reação do condutor";"Colisão lateral mesmo sentido";"Com Vítimas Feridas";"Pleno dia";"Crescente";"Sol";"Dupla";"Reta";"Não";2;0;1;0;1;0;1;2;-6,07815599;-35,23412006;"SPRF-RN";"DEL01-RN";"UOP01-DEL01-RN"
394960;2021-10-17;"domingo";"11:00:00";"PR";376;476,1;"PONTA GROSSA";"Acessar a via sem observar a presença dos outros veículos";"Colisão transversal";"Com Vítimas Feridas";"Pleno dia";"Crescente";"Nublado";"Dupla";"Reta";"Não";3;0;0;1;2;0;1;3;-25,04174865;-50,28442383;"SPRF-PR";"DEL03-PR";"UOP01-DEL03-PR"
394961;2021-11-10;"quarta-feira";"15:20:00";"PR";277;516;"GUARANIACU";"Sinalização mal posicionada";"Colisão traseira";"Com Vítimas Feridas";"Pleno dia";"Crescente";"Nublado";"Simples";"Em Obras;Reta;Declive";"Não";4;0;2;0;1;1;2;3;-25,12158479;-52,78338432;"SPRF-PR";"DEL04-PR";"UOP01-DEL04-PR"
394962;2021-11-10;"quarta-feira";"16:40:00";"RJ";101;318;"SAO GONCALO";"Ausência de reação do condutor";"Colisão traseira";"Com Vítimas Feridas";"Pleno dia";"Crescente";"Céu Claro";"Múltipla";"Reta";"Sim";4;0;2;0;2;0;2;2;-22,84562994;-43,09841211;"SPRF-RJ";"DEL02-RJ";"UOP02-DEL02-RJ"
394963;2021-11-10;"quarta-feira";"14:10:00";"BA";324;291;"JACOBINA";"Reação tardia ou ineficiente do condutor";"Colisão lateral sentido oposto";"Sem Vítimas";"Pleno dia";"Crescente";"Céu Claro";"Simples";"Reta";"Sim";4;0;0;0;3;1;0;3;-11,16786992;-40,54549381;"SPRF-BA";"DEL04-BA";"UOP02-DEL04-BA"
394964;2021-11-10;"quarta-feira";"14:00:00";"BA";324;337;"JACOBINA";"Condutor Dormindo";"Capotamento";"Com Vítimas Feridas";"Pleno dia";"Crescente";"Céu Claro";"Dupla";"Reta";"Não";1;0;0;1;0;0;1;1;-11,32992629;-40,14816284;"SPRF-BA";"DEL04-BA";"UOP02-DEL04-BA"
394965;2021-10-16;"sábado";"05:55:00";"BA";407;1,5;"JUAZEIRO";"Transitar no acostamento";"Colisão transversal";"Com Vítimas Feridas";"Amanhecer";"Crescente";"Céu Claro";"Simples";"Reta";"Sim";2;0;0;1;1;0;1;2;-9,41845604;-40,50725978;"SPRF-PE";"DEL06-PE";"UOP01-DEL06-PE"
394966;2021-11-10;"quarta-feira";"17:10:00";"PB";101;42;"MAMANGUAPE";"Velocidade Incompatível";"Capotamento";"Com Vítimas Feridas";"Anoitecer";"Crescente";"Céu Claro";"Dupla";"Reta";"Não";2;0;2;0;0;0;2;1;-6,856615;-35,13444297;"SPRF-PB";"DEL01-PB";"UOP04-DEL01-PB"
394967;2021-11-10;"quarta-feira";"13:20:00";"PB";104;108;"SAO SEBASTIAO DE LAGOA DE  ROCA";"Condutor deixou de manter distância do veículo da frente";"Colisão traseira";"Sem Vítimas";"Pleno dia";"Crescente";"Céu Claro";"Simples";"Declive";"Não";1;0;0;0;1;0;0;1;-7,11161678;-35,86768356;"SPRF-PB";"DEL02-PB";"UOP04-DEL02-PB"
394968;2021-11-10;"quarta-feira";"17:30:00";"SP";116;155;"SAO JOSE DOS CAMPOS";"Ausência de reação do condutor";"Colisão lateral mesmo sentido";"Com Vítimas Feridas";"Pleno dia";"Decrescente";"Céu Claro";"Múltipla";"Reta";"Não";2;0;1;0;0;1;1;2;-23,24524337;-45,92772774;"SPRF-SP";"DEL02-SP";"UOP01-DEL02-SP"
394969;2021-11-10;"quarta-feira";"17:39:00";"RS";116;146,9;"CAXIAS DO SUL";"Condutor desrespeitou a iluminação vermelha do semáforo";"Colisão transversal";"Com Vítimas Feridas";"Pleno dia";"Decrescente";"Sol";"Dupla";"Interseção de Vias";"Sim";3;0;1;0;1;1;1;3;-29,14228897;-51,13622202;"SPRF-RS";"DEL05-RS";"UOP01-DEL05-RS"
394970;2021-11-10;"quarta-feira";"17:45:00";"PR";476;130,8;"CURITIBA";"Manobra de mudança de faixa";"Colisão lateral mesmo sentido";"Sem Vítimas";"Pleno dia";"Crescente";"Céu Claro";"Múltipla";"Reta";"Sim";2;0;0;0;2;0;0;2;-25,449564;-49,236427;"SPRF-PR";"DEL01-PR";"UOP03-DEL01-PR"
394972;2021-11-10;"quarta-feira";"16:40:00";"PR";277;453;"LARANJEIRAS DO SUL";"Acessar a via sem observar a presença dos outros veículos";"Colisão transversal";"Com Vítimas Feridas";"Pleno dia";"Crescente";"Chuva";"Simples";"Retorno Regulamentado";"Sim";2;0;1;0;1;0;1;2;-25,36980336;-52,37913399;"SPRF-PR";"DEL04-PR";"UOP02-DEL04-PR"
394976;2021-10-27;"quarta-feira";"11:50:00";"RJ";0;0;"RIO DE JANEIRO";"Pista Escorregadia";"Tombamento";"Com Vítimas Feridas";"Pleno dia";"Não Informado";"Garoa/Chuvisco";"Dupla";"Reta";"Sim";4;0;1;0;0;3;1;2;-22,81702047;-43,32547423;"SPRF-RJ";"N/A";"N/A"
394979;2021-11-10;"quarta-feira";"18:15:00";"MG";116;416;"GOVERNADOR VALADARES";"Pista esburacada";"Tombamento";"Com Vítimas Feridas";"Anoitecer";"Decrescente";"Nublado";"Simples";"Reta";"Sim";1;0;1;0;0;0;1;1;-18,89227889;-41,94687366;"SPRF-MG";"DEL06-MG";"UOP01-DEL06-MG"
394982;2021-11-10;"quarta-feira";"15:00:00";"PA";316;230;"VISEU";"Condutor Dormindo";"Capotamento";"Com Vítimas Feridas";"Pleno dia";"Crescente";"Céu Claro";"Simples";"Reta";"Não";1;0;1;0;0;0;1;1;-1,69968539;-46,67472217;"SPRF-PA";"DEL01-PA";"UOP04-DEL01-PA"
394985;2021-11-10;"quarta-feira";"18:40:00";"SP";116;99,9;"PINDAMONHANGABA";"Ausência de reação do condutor";"Colisão traseira";"Com Vítimas Feridas";"Anoitecer";"Crescente";"Nublado";"Dupla";"Reta";"Não";3;0;2;0;1;0;2;2;-22,98660353;-45,47304592;"SPRF-SP";"DEL08-SP";"UOP01-DEL08-SP"
394988;2021-11-10;"quarta-feira";"18:52:00";"SP";153;257;"MARILIA";"Chuva";"Queda de ocupante de veículo";"Com Vítimas Feridas";"Plena Noite";"Crescente";"Chuva";"Dupla";"Rotatória";"Sim";1;0;1;0;0;0;1;1;-22,23982103;-49,91965379;"SPRF-SP";"DEL07-SP";"UOP02-DEL07-SP"
394989;2021-10-27;"quarta-feira";"11:55:00";"RJ";0;0;"RIO DE JANEIRO";"Pista Escorregadia";"Tombamento";"Com Vítimas Feridas";"Pleno dia";"Não Informado";"Garoa/Chuvisco";"Dupla";"Reta";"Sim";4;0;1;0;0;3;1;2;-22,81695125;-43,32544204;"SPRF-RJ";"N/A";"N/A"
394991;2021-11-10;"quarta-feira";"11:10:00";"MG";153;8;"ARAPORA";"Ausência de reação do condutor";"Saída de leito carroçável";"Com Vítimas Feridas";"Pleno dia";"Decrescente";"Céu Claro";"Dupla";"Reta";"Não";1;0;1;0;0;0;1;1;-18,48778001;-49,18862284;"SPRF-MG";"DEL15-MG";"UOP03-DEL15-MG"
394993;2021-11-10;"quarta-feira";"19:30:00";"RJ";101;477;"ANGRA DOS REIS";"Pedestre cruzava a pista fora da faixa";"Atropelamento de Pedestre";"Com Vítimas Feridas";"Plena Noite";"Crescente";"Nublado";"Simples";"Curva";"Sim";8;0;1;0;7;0;1;2;-22,99820396;-44,26554599;"SPRF-RJ";"DEL03-RJ";"UOP03-DEL03-RJ"
394994;2021-11-10;"quarta-feira";"20:05:00";"GO";60;100,7;"ANAPOLIS";"Ingestão de álcool pelo condutor";"Tombamento";"Com Vítimas Feridas";"Pleno dia";"Decrescente";"Garoa/Chuvisco";"Dupla";"Reta";"Sim";1;0;1;0;0;0;1;1;-16,3979;-48,9664;"SPRF-GO";"DEL02-GO";"UOP01-DEL02-GO"
394995;2021-11-03;"quarta-feira";"20:30:00";"RJ";101;402;"ITAGUAI";"Reação tardia ou ineficiente do condutor";"Queda de ocupante de veículo";"Com Vítimas Feridas";"Plena Noite";"Decrescente";"Nublado";"Dupla";"Reta";"Não";2;0;2;0;0;0;2;1;-22,85437433;-43,78440169;"SPRF-RJ";"DEL03-RJ";"UOP01-DEL03-RJ"
394997;2021-11-10;"quarta-feira";"19:30:00";"PI";343;344;"TERESINA";"Reação tardia ou ineficiente do condutor";"Engavetamento";"Sem Vítimas";"Plena Noite";"Crescente";"Céu Claro";"Simples";"Reta";"Sim";4;0;0;0;4;0;0;4;-5,094729;-42,762775;"SPRF-PI";"DEL01-PI";"UOP01-DEL01-PI"
394999;2021-11-10;"quarta-feira";"19:10:00";"PR";376;217;"MANDAGUARI";"Acessar a via sem observar a presença dos outros veículos";"Colisão transversal";"Com Vítimas Feridas";"Anoitecer";"Crescente";"Céu Claro";"Simples";"Reta";"Sim";2;0;0;1;0;1;1;2;-23,5978436;-51,62416462;"SPRF-PR";"DEL09-PR";"UOP01-DEL09-PR"
395000;2021-11-10;"quarta-feira";"17:15:00";"SC";280;6;"SAO FRANCISCO DO SUL";"Acesso irregular";"Colisão lateral mesmo sentido";"Com Vítimas Feridas";"Pleno dia";"Decrescente";"Nublado";"Simples";"Reta";"Sim";2;0;1;0;1;0;1;2;-26,27196319;-48,64172686;"SPRF-SC";"DEL03-SC";"UOP03-DEL03-SC"
395001;2021-11-10;"quarta-feira";"07:45:00";"RS";116;267;"CANOAS";"Reação tardia ou ineficiente do condutor";"Colisão traseira";"Com Vítimas Feridas";"Pleno dia";"Crescente";"Sol";"Dupla";"Reta";"Sim";1;0;1;0;0;0;1;1;-29,94142398;-51,17697062;"SPRF-RS";"DEL01-RS";"UOP01-DEL01-RS"
395002;2021-11-10;"quarta-feira";"19:15:00";"PR";376;5;"MANDAGUARI";"Condutor desrespeitou a iluminação vermelha do semáforo";"Colisão transversal";"Sem Vítimas";"Plena Noite";"Decrescente";"Céu Claro";"Simples";"Interseção de Vias";"Sim";2;0;0;0;2;0;0;2;-23,5180337;-51,68209076;"SPRF-PR";"DEL09-PR";"UOP01-DEL09-PR"
395003;2021-11-10;"quarta-feira";"20:10:00";"PE";428;189,8;"PETROLINA";"Condutor desrespeitou a iluminação vermelha do semáforo";"Colisão transversal";"Com Vítimas Feridas";"Plena Noite";"Crescente";"Céu Claro";"Dupla";"Retorno Regulamentado";"Sim";2;0;1;0;1;0;1;2;-9,37793784;-40,50451845;"SPRF-PE";"DEL06-PE";"UOP01-DEL06-PE"
395004;2021-11-10;"quarta-feira";"18:30:00";"MG";381;430;"SABARA";"Reação tardia ou ineficiente do condutor";"Saída de leito carroçável";"Com Vítimas Feridas";"Anoitecer";"Crescente";"Nublado";"Simples";"Curva";"Não";1;0;1;0;0;0;1;1;-19,78496805;-43,72311799;"SPRF-MG";"DEL01-MG";"UOP01-DEL01-MG"
395005;2021-11-10;"quarta-feira";"21:15:00";"CE";20;406;"CAUCAIA";"Iluminação deficiente";"Queda de ocupante de veículo";"Com Vítimas Feridas";"Plena Noite";"Decrescente";"Céu Claro";"Simples";"Reta";"Não";1;0;0;1;0;0;1;1;-3,76999035;-38,67006282;"SPRF-CE";"DEL01-CE";"UOP01-DEL01-CE"
395006;2021-11-10;"quarta-feira";"19:50:00";"PR";476;139;"CURITIBA";"Condutor desrespeitou a iluminação vermelha do semáforo";"Colisão transversal";"Com Vítimas Fatais";"Plena Noite";"Crescente";"Nublado";"Múltipla";"Interseção de Vias";"Sim";3;2;0;0;1;0;0;2;-25,51284;-49,289257;"SPRF-PR";"DEL01-PR";"UOP03-DEL01-PR"
395007;2021-11-10;"quarta-feira";"20:45:00";"RS";116;116;"SAO MARCOS";"Ingestão de álcool pelo condutor";"Atropelamento de Pedestre";"Com Vítimas Feridas";"Plena Noite";"Decrescente";"Céu Claro";"Simples";"Rotatória";"Sim";3;0;3;0;0;0;3;2;-28,97609141;-51,06640231;"SPRF-RS";"DEL05-RS";"UOP01-DEL05-RS"
395008;2021-11-10;"quarta-feira";"19:00:00";"MG";116;542,7;"SANTA RITA DE MINAS";"Transitar no acostamento";"Tombamento";"Com Vítimas Fatais";"Anoitecer";"Crescente";"Nublado";"Simples";"Curva";"Não";1;1;0;0;0;0;0;1;-19,90319206;-42,13408157;"SPRF-MG";"DEL06-MG";"UOP02-DEL06-MG"
395009;2021-11-10;"quarta-feira";"21:20:00";"PE";408;96;"SAO LOURENCO DA MATA";"Animais na Pista";"Atropelamento de Animal";"Com Vítimas Feridas";"Plena Noite";"Decrescente";"Céu Claro";"Dupla";"Reta";"Sim";3;0;1;0;2;0;1;2;-8,022794;-35,040012;"SPRF-PE";"DEL01-PE";"UOP01-DEL01-PE"
395010;2021-11-10;"quarta-feira";"14:00:00";"MT";163;878;"CLAUDIA";"Pista Escorregadia";"Capotamento";"Com Vítimas Feridas";"Pleno dia";"Decrescente";"Garoa/Chuvisco";"Simples";"Curva";"Não";2;0;1;0;1;0;1;1;-11,50593044;-55,37281036;"SPRF-MT";"DEL06-MT";"NPF/DEL06-MT"
395011;2021-11-10;"quarta-feira";"18:30:00";"MG";116;619;"ORIZANIA";"Acessar a via sem observar a presença dos outros veículos";"Colisão transversal";"Com Vítimas Feridas";"Plena Noite";"Decrescente";"Céu Claro";"Simples";"Reta";"Não";3;0;1;2;0;0;3;2;-20,4851753;-42,18307972;"SPRF-MG";"DEL07-MG";"UOP03-DEL07-MG"
395012;2021-11-10;"quarta-feira";"21:40:00";"CE";222;5;"CAUCAIA";"Demais falhas na via";"Colisão com objeto";"Com Vítimas Feridas";"Plena Noite";"Decrescente";"Céu Claro";"Múltipla";"Reta";"Não";1;0;0;1;0;0;1;1;-3,74296918;-38,61330997;"SPRF-CE";"DEL01-CE";"UOP01-DEL01-CE"
395015;2021-11-10;"quarta-feira";"22:00:00";"BA";110;209;"CIPO";"Deficiência do Sistema de Iluminação/Sinalização";"Colisão lateral mesmo sentido";"Com Vítimas Feridas";"Plena Noite";"Decrescente";"Céu Claro";"Simples";"Reta";"Não";3;0;0;1;1;1;1;3;-11,18521008;-38,49875826;"SPRF-BA";"DEL07-BA";"UOP02-DEL07-BA"
395020;2021-11-10;"quarta-feira";"22:35:00";"GO";60;71,5;"ABADIANIA";"Ingestão de álcool pelo condutor";"Colisão com objeto";"Com Vítimas Feridas";"Plena Noite";"Crescente";"Nublado";"Dupla";"Reta";"Não";1;0;1;0;0;0;1;1;-16,2551;-48,7628;"SPRF-GO";"DEL02-GO";"UOP01-DEL02-GO"
395022;2021-11-10;"quarta-feira";"21:45:00";"RJ";116;205;"SEROPEDICA";"Pedestre cruzava a pista fora da faixa";"Atropelamento de Pedestre";"Com Vítimas Fatais";"Plena Noite";"Decrescente";"Nublado";"Dupla";"Reta";"Não";2;1;0;0;0;1;0;2;-22,72746688;-43,64167998;"SPRF-RJ";"DEL01-RJ";"UOP03-DEL01-RJ"
395023;2021-11-10;"quarta-feira";"22:30:00";"PB";230;506,4;"CAJAZEIRAS";"Animais na Pista";"Atropelamento de Animal";"Sem Vítimas";"Plena Noite";"Decrescente";"Nublado";"Simples";"Reta";"Não";1;0;0;0;1;0;0;1;-6,9008;-38,5559;"SPRF-PB";"DEL03-PB";"UOP03-DEL03-PB"
395024;2021-11-10;"quarta-feira";"23:00:00";"PR";369;141;"IBIPORA";"Animais na Pista";"Tombamento";"Com Vítimas Feridas";"Plena Noite";"Decrescente";"Céu Claro";"Dupla";"Reta";"Sim";3;0;1;0;2;0;1;3;-23,28722366;-51,07724726;"SPRF-PR";"DEL07-PR";"UOP01-DEL07-PR"
395026;2021-11-10;"quarta-feira";"22:20:00";"PR";373;282,5;"PRUDENTOPOLIS";"Transitar na contramão";"Colisão frontal";"Com Vítimas Fatais";"Plena Noite";"Decrescente";"Nublado";"Simples";"Reta";"Não";4;1;2;0;1;0;2;2;-25,284359;-51,117749;"SPRF-PR";"DEL08-PR";"UOP01-DEL08-PR"
395028;2021-11-10;"quarta-feira";"12:15:00";"MG";50;150;"UBERABA";"Ausência de reação do condutor";"Saída de leito carroçável";"Com Vítimas Feridas";"Pleno dia";"Crescente";"Céu Claro";"Dupla";"Reta";"Não";1;0;1;0;0;0;1;1;-19,56472304;-48,03358933;"SPRF-MG";"DEL13-MG";"UOP01-DEL13-MG"
395035;2021-11-10;"quarta-feira";"23:50:00";"SP";381;74;"SAO PAULO";"Pista Escorregadia";"Capotamento";"Com Vítimas Feridas";"Plena Noite";"Decrescente";"Garoa/Chuvisco";"Dupla";"Curva";"Não";2;0;2;0;0;0;2;1;-23,37208014;-46,55700294;"SPRF-SP";"DEL03-SP";"UOP01-DEL03-SP"
395036;2021-11-11;"quinta-feira";"01:00:00";"SC";101;243;"PALHOCA";"Velocidade Incompatível";"Colisão traseira";"Com Vítimas Feridas";"Plena Noite";"Crescente";"Chuva";"Múltipla";"Reta";"Não";3;0;1;0;1;1;1;3;-27,88419902;-48,64750077;"SPRF-SC";"DEL01-SC";"UOP02-DEL01-SC"
395037;2021-11-11;"quinta-feira";"01:45:00";"PB";101;81,7;"BAYEUX";"Reação tardia ou ineficiente do condutor";"Colisão com objeto";"Sem Vítimas";"Plena Noite";"Decrescente";"Nublado";"Dupla";"Reta";"Sim";2;0;0;0;1;1;0;2;-7,12776243;-34,93962284;"SPRF-PB";"DEL01-PB";"UOP01-DEL01-PB"
395038;2021-09-23;"quinta-feira";"06:00:00";"RJ";101;310;"SAO GONCALO";"Ingestão de álcool pelo condutor";"Colisão frontal";"Com Vítimas Feridas";"Pleno dia";"Crescente";"Céu Claro";"Dupla";"Reta";"Sim";5;0;2;1;2;0;3;3;-22,79717023;-43,04404993;"SPRF-RJ";"DEL02-RJ";"UOP02-DEL02-RJ"
395043;2021-11-10;"quarta-feira";"20:30:00";"GO";364;106;"CACHOEIRA ALTA";"Demais falhas mecânicas ou elétricas";"Queda de ocupante de veículo";"Com Vítimas Feridas";"Plena Noite";"Crescente";"Céu Claro";"Simples";"Reta";"Não";2;0;0;1;0;1;1;1;-18,365894;-51,118088;"SPRF-GO";"DEL05-GO";"UOP02-DEL05-GO"
395046;2021-11-10;"quarta-feira";"12:10:00";"BA";367;24,7;"PORTO SEGURO";"Condutor deixou de manter distância do veículo da frente";"Colisão lateral mesmo sentido";"Com Vítimas Feridas";"Pleno dia";"Decrescente";"Céu Claro";"Simples";"Reta";"Sim";2;0;1;0;1;0;1;2;-16,43763962;-39,0813791;"SPRF-BA";"DEL09-BA";"UOP01-DEL09-BA"
395047;2021-11-10;"quarta-feira";"21:40:00";"BA";101;714,8;"EUNAPOLIS";"Condutor deixou de manter distância do veículo da frente";"Colisão traseira";"Com Vítimas Feridas";"Plena Noite";"Crescente";"Nublado";"Simples";"Reta";"Sim";2;0;1;0;0;1;1;2;-16,349783;-39,580072;"SPRF-BA";"DEL09-BA";"UOP01-DEL09-BA"
395049;2021-11-11;"quinta-feira";"03:50:00";"SC";282;598,9;"MARAVILHA";"Ingestão de álcool pelo condutor";"Saída de leito carroçável";"Com Vítimas Feridas";"Plena Noite";"Crescente";"Céu Claro";"Simples";"Declive";"Não";1;0;1;0;0;0;1;1;-26,825783;-53,147213;"SPRF-SC";"DEL07-SC";"UOP02-DEL07-SC"
395051;2021-11-11;"quinta-feira";"05:10:00";"RN";304;307;"PARNAMIRIM";"Demais falhas mecânicas ou elétricas";"Incêndio";"Sem Vítimas";"Amanhecer";"Crescente";"Nevoeiro/Neblina";"Simples";"Aclive";"Não";1;0;0;0;0;1;0;1;-5,89157688;-35,25507737;"SPRF-RN";"DEL01-RN";"UOP01-DEL01-RN"
395052;2021-11-11;"quinta-feira";"02:44:00";"MA";135;51;"BACABEIRA";"Ausência de reação do condutor";"Colisão transversal";"Sem Vítimas";"Plena Noite";"Decrescente";"Céu Claro";"Simples";"Interseção de Vias";"Sim";2;0;0;0;0;2;0;2;-2,972108;-44,317272;"SPRF-MA";"DEL01-MA";"UOP01-DEL01-MA"
395053;2021-11-11;"quinta-feira";"04:20:00";"RS";0;0;"ELDORADO DO SUL";"Reação tardia ou ineficiente do condutor";"Colisão com objeto";"Sem Vítimas";"Plena Noite";"Não Informado";"Céu Claro";"Múltipla";"Declive";"Sim";2;0;0;0;2;0;0;1;-30,01024692;-51,31473541;"SPRF-RS";"DEL02-RS";"N/A"
395054;2021-11-11;"quinta-feira";"06:10:00";"RN";101;84;"NATAL";"Acessar a via sem observar a presença dos outros veículos";"Colisão transversal";"Com Vítimas Feridas";"Pleno dia";"Crescente";"Sol";"Múltipla";"Reta;Interseção de Vias;Viaduto";"Sim";2;0;1;0;1;0;1;2;-5,774175;-35,2578;"SPRF-RN";"DEL02-RN";"UOP01-DEL02-RN"
395055;2021-11-11;"quinta-feira";"05:50:00";"PB";101;81;"BAYEUX";"Manobra de mudança de faixa";"Colisão lateral mesmo sentido";"Com Vítimas Feridas";"Pleno dia";"Crescente";"Nublado";"Dupla";"Reta";"Sim";3;0;2;0;0;1;2;2;-7,12508575;-34,94513217;"SPRF-PB";"DEL01-PB";"UOP01-DEL01-PB"
395056;2021-11-11;"quinta-feira";"06:40:00";"PB";230;454;"SOUSA";"Ultrapassagem Indevida";"Tombamento";"Com Vítimas Feridas";"Pleno dia";"Crescente";"Sol";"Simples";"Reta";"Não";1;0;0;1;0;0;1;1;-6,7819;-38,1457;"SPRF-PB";"DEL03-PB";"UOP03-DEL03-PB"
395057;2021-11-11;"quinta-feira";"06:30:00";"PB";101;86,3;"JOAO PESSOA";"Ausência de reação do condutor";"Tombamento";"Com Vítimas Feridas";"Pleno dia";"Crescente";"Sol";"Dupla";"Reta";"Sim";2;0;2;0;0;0;2;2;-7,15118983;-34,91012184;"SPRF-PB";"DEL01-PB";"UOP01-DEL01-PB"
395058;2021-11-11;"quinta-feira";"07:00:00";"PR";277;129;"CURITIBA";"Condutor deixou de manter distância do veículo da frente";"Colisão traseira";"Com Vítimas Feridas";"Amanhecer";"Crescente";"Garoa/Chuvisco";"Múltipla";"Reta";"Sim";3;0;1;0;2;0;1;3;-25,44506783;-49,23448216;"SPRF-PR";"DEL01-PR";"UOP03-DEL03-PR"
395059;2021-11-11;"quinta-feira";"07:15:00";"DF";70;8;"BRASILIA";"Manobra de mudança de faixa";"Colisão lateral mesmo sentido";"Com Vítimas Feridas";"Pleno dia";"Decrescente";"Chuva";"Dupla";"Reta";"Sim";3;0;1;0;2;0;1;2;-15,784966;-48,122108;"SPRF-DF";"DEL03-DF";"UOP02-DEL03-DF"
395062;2021-11-11;"quinta-feira";"07:50:00";"PR";116;7;"CAMPINA GRANDE DO SUL";"Velocidade Incompatível";"Capotamento";"Com Vítimas Feridas";"Pleno dia";"Crescente";"Chuva";"Dupla";"Curva";"Não";2;0;2;0;0;0;2;1;-25,08235366;-48,61499799;"SPRF-PR";"DEL01-PR";"UOP02-DEL01-PR"
395064;2021-11-11;"quinta-feira";"07:40:00";"MG";40;468,5;"SETE LAGOAS";"Acumulo de água sobre o pavimento";"Saída de leito carroçável";"Com Vítimas Feridas";"Amanhecer";"Decrescente";"Chuva";"Dupla";"Curva";"Não";1;0;1;0;0;0;1;1;-19,45630182;-44,30941888;"SPRF-MG";"DEL02-MG";"UOP01-DEL02-MG"
395065;2021-11-11;"quinta-feira";"07:10:00";"ES";101;291,3;"CARIACICA";"Ausência de reação do condutor";"Colisão traseira";"Com Vítimas Feridas";"Pleno dia";"Decrescente";"Chuva";"Dupla";"Retorno Regulamentado";"Sim";3;0;0;1;2;0;1;3;-20,29755744;-40,39445616;"SPRF-ES";"DEL01-ES";"UOP01-DEL01-ES"
395066;2021-11-11;"quinta-feira";"07:58:00";"SC";101;207;"SAO JOSE";"Reação tardia ou ineficiente do condutor";"Tombamento";"Com Vítimas Feridas";"Pleno dia";"Crescente";"Nublado";"Múltipla";"Reta";"Sim";1;0;1;0;0;0;1;1;-27,60001226;-48,6226467;"SPRF-SC";"DEL01-SC";"UOP01-DEL01-SC"
395067;2021-11-11;"quinta-feira";"07:00:00";"RJ";101;504;"ANGRA DOS REIS";"Pedestre cruzava a pista fora da faixa";"Atropelamento de Pedestre";"Com Vítimas Feridas";"Pleno dia";"Decrescente";"Chuva";"Simples";"Reta";"Sim";2;0;0;1;1;0;1;2;-22,93121958;-44,38779229;"SPRF-RJ";"DEL03-RJ";"UOP02-DEL03-RJ"
395068;2021-11-11;"quinta-feira";"07:50:00";"SC";280;28;"ARAQUARI";"Reação tardia ou ineficiente do condutor";"Atropelamento de Pedestre";"Com Vítimas Feridas";"Pleno dia";"Decrescente";"Chuva";"Simples";"Reta";"Sim";2;0;2;0;0;0;2;2;-26,40450077;-48,74561031;"SPRF-SC";"DEL03-SC";"UOP03-DEL03-SC"
395069;2021-11-11;"quinta-feira";"07:35:00";"PR";277;586,7;"CASCAVEL";"Acumulo de areia ou detritos sobre o pavimento";"Queda de ocupante de veículo";"Com Vítimas Feridas";"Pleno dia";"Crescente";"Céu Claro";"Simples";"Reta";"Sim";1;0;1;0;0;0;1;1;-24,9649472;-53,4210459;"SPRF-PR";"DEL04-PR";"UOP01-DEL04-PR"
395070;2021-11-11;"quinta-feira";"06:00:00";"MA";135;195,2;"ALTO ALEGRE DO MARANHAO";"Condutor deixou de manter distância do veículo da frente";"Colisão traseira";"Com Vítimas Feridas";"Pleno dia";"Decrescente";"Céu Claro";"Simples";"Reta";"Não";3;0;1;1;1;0;2;2;-4,15458101;-44,46970631;"SPRF-MA";"DEL03-MA";"UOP01-DEL03-MA"
395071;2021-11-11;"quinta-feira";"06:50:00";"MT";163;91;"RONDONOPOLIS";"Desvio temporário";"Queda de ocupante de veículo";"Com Vítimas Feridas";"Pleno dia";"Decrescente";"Nublado";"Dupla";"Declive";"Não";1;0;1;0;0;0;1;1;-16,73218193;-54,64350269;"SPRF-MT";"DEL02-MT";"UOP01-DEL02-MT"
395072;2021-11-11;"quinta-feira";"05:50:00";"MG";365;538;"ROMARIA";"Velocidade Incompatível";"Saída de leito carroçável";"Com Vítimas Feridas";"Amanhecer";"Crescente";"Chuva";"Simples";"Curva";"Não";3;0;3;0;0;0;3;1;-18,93113188;-47,55758286;"SPRF-MG";"DEL10-MG";"UOP01-DEL10-MG"
395074;2021-11-11;"quinta-feira";"09:50:00";"SP";116;549;"BARRA DO TURVO";"Chuva";"Colisão com objeto";"Com Vítimas Feridas";"Pleno dia";"Crescente";"Chuva";"Múltipla";"Curva";"Não";1;0;1;0;0;0;1;1;-24,95470506;-48,45560002;"SPRF-SP";"DEL05-SP";"UOP02-DEL05-SP"