"id";"data_inversa";"dia_semana";"horario";"uf";"br";"km";"municipio";"causa_acidente";"tipo_acidente";"classificacao_acidente";"fase_dia";"sentido_via";"condicao_metereologica";"tipo_pista";"tracado_via";"uso_solo";"pessoas";"mortos";"feridos_leves";"feridos_graves";"ilesos";"ignorados";"feridos";"veiculos";"latitude";"longitude";"regional";"delegacia";"uop"
395552;2021-11-13;"sábado";"11:15:00";"SC";282;17;"PALHOCA";"Condutor deixou de manter distância do veículo da frente";"Colisão traseira";"Com Vítimas Feridas";"Pleno dia";"Decrescente";"Garoa/Chuvisco";"Simples";"Reta";"Sim";3;0;2;0;1;0;2;2;-27,665707;-48,688065;"SPRF-SC";"DEL01-SC";"UOP02-DEL01-SC"
395553;2021-11-13;"sábado";"10:48:00";"SC";101;312;"LAGUNA";"Condutor deixou de manter distância do veículo da frente";"Colisão traseira";"Com Vítimas Feridas";"Pleno dia";"Decrescente";"Céu Claro";"Múltipla";"Reta";"Sim";2;0;1;0;1;0;1;2;-28,433701;-48,806344;"SPRF-SC";"DEL02-SC";"UOP01-DEL02-SC"
395554;2021-11-13;"sábado";"11:10:00";"PE";101;89;"CABO DE SANTO AGOSTINHO";"Acessar a via sem observar a presença dos outros veículos";"Colisão lateral mesmo sentido";"Com Vítimas Feridas";"Pleno dia";"Crescente";"Céu Claro";"Simples";"Reta";"Sim";2;0;1;0;1;0;1;2;-8,23361937;-34,97828007;"SPRF-PE";"DEL01-PE";"UOP01-DEL01-PE"
395555;2021-11-12;"sexta-feira";"05:20:00";"RJ";101;322;"NITEROI";"Condutor deixou de manter distância do veículo da frente";"Colisão traseira";"Sem Vítimas";"Pleno dia";"Decrescente";"Nublado";"Múltipla";"Reta";"Sim";2;0;0;0;2;0;0;2;-22,878923;-43,110676;"SPRF-RJ";"DEL02-RJ";"UOP02-DEL02-RJ"
395556;2021-11-13;"sábado";"10:00:00";"RR";174;504;"BOA VISTA";"Acessar a via sem observar a presença dos outros veículos";"Colisão lateral mesmo sentido";"Com Vítimas Feridas";"Pleno dia";"Decrescente";"Céu Claro";"Dupla";"Retorno Regulamentado";"Sim";2;0;1;0;1;0;1;2;2,801374;-60,694801;"SPRF-RR";"DEL01-RR";"UOP01-DEL01-RR"
395557;2021-11-13;"sábado";"11:15:00";"ES";101;256;"SERRA";"Condutor deixou de manter distância do veículo da frente";"Colisão traseira";"Com Vítimas Feridas";"Pleno dia";"Decrescente";"Céu Claro";"Dupla";"Reta";"Sim";2;0;1;0;1;0;1;2;-20,119123;-40,311005;"SPRF-ES";"DEL02-ES";"UOP01-DEL02-ES"
395558;2021-11-13;"sábado";"09:40:00";"SC";101;45;"JOINVILLE";"Condutor deixou de manter distância do veículo da frente";"Engavetamento";"Com Vítimas Feridas";"Pleno dia";"Crescente";"Nublado";"Dupla";"Declive";"Não";6;0;2;0;4;0;2;4;-26,35458165;-48,85834694;"SPRF-SC";"DEL03-SC";"UOP01-DEL03-SC"
395559;2021-11-13;"sábado";"11:15:00";"CE";304;51,3;"ARACATI";"Acessar a via sem observar a presença dos outros veículos";"Colisão lateral mesmo sentido";"Com Vítimas Feridas";"Pleno dia";"Crescente";"Céu Claro";"Simples";"Reta";"Não";2;0;1;0;1;0;1;2;-4,56942301;-37,75341799;"SPRF-CE";"DEL03-CE";"UOP03-DEL03-CE"
395560;2021-11-13;"sábado";"08:25:00";"PR";476;56,4;"TUNAS DO PARANA";"Transitar na contramão";"Colisão frontal";"Com Vítimas Feridas";"Pleno dia";"Crescente";"Céu Claro";"Simples";"Curva";"Sim";3;0;1;1;1;0;2;3;-24,975174;-49,085026;"SPRF-PR";"DEL01-PR";"UOP02-DEL01-PR"
395561;2021-11-13;"sábado";"12:10:00";"SP";116;161,9;"JACAREI";"Condutor deixou de manter distância do veículo da frente";"Colisão traseira";"Com Vítimas Feridas";"Pleno dia";"Decrescente";"Céu Claro";"Dupla";"Reta";"Não";4;0;2;0;2;0;2;2;-23,27617003;-45,97592098;"SPRF-SP";"DEL02-SP";"UOP01-DEL02-SP"
395562;2021-11-13;"sábado";"11:30:00";"PA";316;111;"SANTA MARIA DO PARA";"Acessar a via sem observar a presença dos outros veículos";"Colisão transversal";"Sem Vítimas";"Pleno dia";"Crescente";"Céu Claro";"Simples";"Curva";"Não";2;0;0;0;2;0;0;2;-1,31708992;-47,51316503;"SPRF-PA";"DEL01-PA";"UOP02-DEL01-PA"
395563;2021-11-13;"sábado";"10:30:00";"RN";101;101;"NATAL";"Acessar a via sem observar a presença dos outros veículos";"Colisão transversal";"Com Vítimas Feridas";"Pleno dia";"Crescente";"Céu Claro";"Múltipla";"Reta";"Sim";3;0;2;0;1;0;2;2;-5,88681084;-35,23143404;"SPRF-RN";"DEL01-RN";"UOP01-DEL01-RN"
395565;2021-11-13;"sábado";"12:10:00";"SP";116;227;"GUARULHOS";"Ausência de reação do condutor";"Colisão traseira";"Com Vítimas Feridas";"Pleno dia";"Decrescente";"Céu Claro";"Dupla";"Curva";"Sim";3;0;1;0;2;0;1;2;-23,49659264;-46,55648754;"SPRF-SP";"DEL01-SP";"UOP01-DEL01-SP"
395567;2021-11-13;"sábado";"12:30:00";"RS";290;98;"PORTO ALEGRE";"Ingestão de álcool pelo condutor";"Colisão traseira";"Com Vítimas Feridas";"Pleno dia";"Crescente";"Céu Claro";"Dupla";"Reta";"Sim";3;0;0;1;2;0;1;3;-29,994816;-51,217403;"SPRF-RS";"DEL01-RS";"UOP01-DEL01-RS"
395569;2021-11-13;"sábado";"01:20:00";"BA";101;690,7;"EUNAPOLIS";"Objeto estático sobre o leito carroçável";"Colisão com objeto";"Com Vítimas Feridas";"Plena Noite";"Decrescente";"Chuva";"Simples";"Reta";"Não";3;0;1;1;1;0;2;2;-16,33255702;-39,58174321;"SPRF-BA";"DEL09-BA";"UOP01-DEL09-BA"
395570;2021-11-13;"sábado";"05:50:00";"RN";226;254,4;"JUCURUTU";"Animais na Pista";"Colisão com objeto";"Com Vítimas Feridas";"Amanhecer";"Crescente";"Céu Claro";"Simples";"Declive;Reta";"Não";1;0;1;0;0;0;1;1;-5,96378501;-37,03957492;"SPRF-RN";"DEL03-RN";"UOP01-DEL03-RN"
395575;2021-11-13;"sábado";"13:07:00";"SP";153;64,9;"SAO JOSE DO RIO PRETO";"Velocidade Incompatível";"Saída de leito carroçável";"Com Vítimas Feridas";"Pleno dia";"Crescente";"Céu Claro";"Dupla";"Declive";"Sim";2;0;1;0;1;0;1;1;-20,82919401;-49,36046325;"SPRF-SP";"DEL09-SP";"UOP01-DEL09-SP"
395576;2021-10-12;"terça-feira";"09:15:00";"MG";365;699,2;"MONTE ALEGRE DE MINAS";"Velocidade Incompatível";"Saída de leito carroçável";"Com Vítimas Feridas";"Pleno dia";"Crescente";"Sol";"Dupla";"Curva";"Não";3;0;0;1;0;2;1;2;-18,87979021;-48,98864599;"SPRF-MG";"DEL15-MG";"UOP03-DEL15-MG"
395578;2021-11-13;"sábado";"09:27:00";"SC";470;122,6;"IBIRAMA";"Velocidade Incompatível";"Colisão lateral mesmo sentido";"Sem Vítimas";"Pleno dia";"Crescente";"Garoa/Chuvisco";"Simples";"Curva";"Não";2;0;0;0;2;0;0;2;-27,099888;-49,527679;"SPRF-SC";"DEL04-SC";"UOP02-DEL04-SC"
395579;2021-11-13;"sábado";"12:20:00";"SC";101;53,9;"JOINVILLE";"Condutor deixou de manter distância do veículo da frente";"Colisão traseira";"Com Vítimas Feridas";"Pleno dia";"Crescente";"Nublado";"Dupla";"Reta";"Não";6;0;0;2;4;0;2;3;-26,40231201;-48,83969703;"SPRF-SC";"DEL03-SC";"UOP01-DEL03-SC"
395581;2021-11-13;"sábado";"13:00:00";"BA";324;618;"SALVADOR";"Demais falhas mecânicas ou elétricas";"Incêndio";"Sem Vítimas";"Pleno dia";"Crescente";"Nublado";"Dupla";"Reta";"Sim";1;0;0;0;1;0;0;1;-12,891109;-38,445374;"SPRF-BA";"DEL01-BA";"UOP01-DEL01-BA"
395582;2021-11-13;"sábado";"12:18:00";"RJ";101;518;"ANGRA DOS REIS";"Ingestão de álcool pelo condutor";"Saída de leito carroçável";"Sem Vítimas";"Pleno dia";"Crescente";"Céu Claro";"Simples";"Reta";"Não";1;0;0;0;1;0;0;1;-23,00098271;-44,44227202;"SPRF-RJ";"DEL03-RJ";"UOP02-DEL03-RJ"
395583;2021-11-13;"sábado";"10:00:00";"MG";459;85,6;"CONGONHAL";"Velocidade Incompatível";"Colisão transversal";"Com Vítimas Feridas";"Pleno dia";"Crescente";"Nublado";"Simples";"Interseção de Vias;Curva";"Sim";2;0;0;1;1;0;1;2;-22,14997982;-46,02700802;"SPRF-MG";"DEL09-MG";"UOP01-DEL09-MG"
395584;2021-11-13;"sábado";"12:40:00";"MG";146;487;"POCOS DE CALDAS";"Condutor Dormindo";"Colisão com objeto";"Sem Vítimas";"Pleno dia";"Crescente";"Céu Claro";"Simples";"Curva";"Não";1;0;0;0;1;0;0;1;-21,79839542;-46,44538879;"SPRF-MG";"DEL09-MG";"UOP01-DEL09-MG"
395585;2021-11-13;"sábado";"13:20:00";"RJ";101;262;"RIO BONITO";"Pedestre andava na pista";"Atropelamento de Pedestre";"Com Vítimas Feridas";"Pleno dia";"Decrescente";"Nublado";"Dupla";"Curva";"Sim";2;0;1;0;0;1;1;2;-22,71367506;-42,62052996;"SPRF-RJ";"DEL02-RJ";"UOP03-DEL02-RJ"
395586;2021-11-13;"sábado";"10:40:00";"MG";365;475;"PATROCINIO";"Objeto estático sobre o leito carroçável";"Saída de leito carroçável";"Com Vítimas Feridas";"Pleno dia";"Crescente";"Nublado";"Simples";"Curva";"Sim";2;0;2;0;0;0;2;1;-18,921;-47,022;"SPRF-MG";"DEL10-MG";"UOP01-DEL10-MG"
395588;2021-11-13;"sábado";"13:40:00";"BA";324;518,2;"FEIRA DE SANTANA";"Condutor deixou de manter distância do veículo da frente";"Colisão traseira";"Com Vítimas Feridas";"Pleno dia";"Crescente";"Céu Claro";"Dupla";"Reta";"Sim";3;0;2;0;1;0;2;2;-12,27392152;-38,93383026;"SPRF-BA";"DEL02-BA";"UOP01-DEL02-BA"
395589;2021-11-13;"sábado";"14:20:00";"PB";104;135;"QUEIMADAS";"Ingestão de álcool pelo condutor";"Colisão com objeto";"Com Vítimas Feridas";"Pleno dia";"Decrescente";"Céu Claro";"Simples";"Reta";"Não";1;0;0;1;0;0;1;1;-7,33449509;-35,89813347;"SPRF-PB";"DEL02-PB";"UOP03-DEL02-PB"
395590;2021-11-13;"sábado";"15:28:00";"MA";316;542,4;"CAXIAS";"Manobra de mudança de faixa";"Saída de leito carroçável";"Com Vítimas Feridas";"Pleno dia";"Decrescente";"Nublado";"Simples";"Declive";"Não";2;0;2;0;0;0;2;1;-4,8605;-43,428078;"SPRF-MA";"DEL03-MA";"UOP02-DEL03-MA"
395592;2021-11-13;"sábado";"09:50:00";"MG";251;445;"GRAO MOGOL";"Pista Escorregadia";"Saída de leito carroçável";"Com Vítimas Feridas";"Pleno dia";"Crescente";"Chuva";"Simples";"Curva";"Não";4;0;1;0;3;0;1;1;-16,42541501;-43,26662199;"SPRF-MG";"DEL12-MG";"UOP01-DEL12-MG"
395595;2021-11-13;"sábado";"14:20:00";"RS";290;105;"ELDORADO DO SUL";"Demais falhas mecânicas ou elétricas";"Saída de leito carroçável";"Com Vítimas Feridas";"Pleno dia";"Decrescente";"Céu Claro";"Dupla";"Reta";"Não";3;0;2;0;1;0;2;1;-29,99608;-51,285023;"SPRF-RS";"DEL02-RS";"UOP01-DEL02-RS"
395597;2021-06-18;"sexta-feira";"17:00:00";"GO";153;513;"APARECIDA DE GOIANIA";"Pista em desnível";"Tombamento";"Com Vítimas Feridas";"Pleno dia";"Decrescente";"Ignorado";"Simples";"Reta";"Sim";1;0;0;1;0;0;1;1;-16,8244;-49,2421;"SPRF-GO";"DEL01-GO";"UOP03-DEL01-GO"
395600;2021-11-13;"sábado";"12:00:00";"RO";364;323,1;"PRESIDENTE MEDICI";"Manobra de mudança de faixa";"Colisão transversal";"Com Vítimas Feridas";"Pleno dia";"Crescente";"Céu Claro";"Simples";"Reta";"Não";3;0;1;0;2;0;1;3;-11,043831;-61,92997893;"SPRF-RO";"DEL02-RO";"UOP01-DEL02-RO"
395601;2021-11-13;"sábado";"12:40:00";"PI";343;457,4;"SAO PEDRO DO PIAUI";"Velocidade Incompatível";"Saída de leito carroçável";"Com Vítimas Feridas";"Pleno dia";"Crescente";"Chuva";"Simples";"Curva";"Não";3;0;3;0;0;0;3;1;-5,96172;-42,728764;"SPRF-PI";"DEL01-PI";"UOP02-DEL01-PI"
395602;2021-11-13;"sábado";"15:40:00";"RS";116;520,9;"PELOTAS";"Desrespeitar a preferência no cruzamento";"Colisão transversal";"Sem Vítimas";"Pleno dia";"Crescente";"Céu Claro";"Dupla";"Rotatória;Viaduto";"Sim";3;0;0;0;3;0;0;2;-31,70060621;-52,36130079;"SPRF-RS";"DEL07-RS";"UOP01-DEL07-RS"
395603;2021-11-13;"sábado";"16:00:00";"RJ";101;297;"ITABORAI";"Condutor deixou de manter distância do veículo da frente";"Colisão lateral mesmo sentido";"Com Vítimas Feridas";"Pleno dia";"Decrescente";"Nublado";"Dupla";"Aclive";"Sim";2;0;1;0;1;0;1;2;-22,76942037;-42,91873581;"SPRF-RJ";"DEL02-RJ";"UOP02-DEL02-RJ"
395604;2021-11-13;"sábado";"14:05:00";"MT";364;326,3;"CAMPO VERDE";"Acumulo de água sobre o pavimento";"Saída de leito carroçável";"Com Vítimas Feridas";"Pleno dia";"Decrescente";"Garoa/Chuvisco";"Dupla";"Reta";"Não";2;0;1;0;1;0;1;1;-15,81122112;-55,37690901;"SPRF-MT";"DEL05-MT";"UOP02-DEL05-MT"
395609;2021-11-13;"sábado";"14:15:00";"MG";50;102,5;"UBERABA";"Ingestão de álcool pelo condutor";"Saída de leito carroçável";"Com Vítimas Feridas";"Pleno dia";"Crescente";"Céu Claro";"Dupla";"Aclive;Retorno Regulamentado;Curva";"Não";3;0;3;0;0;0;3;1;-19,15357015;-48,16546551;"SPRF-MG";"DEL13-MG";"UOP01-DEL13-MG"
395610;2021-11-13;"sábado";"16:10:00";"SP";381;30;"ATIBAIA";"Ausência de reação do condutor";"Engavetamento";"Com Vítimas Feridas";"Pleno dia";"Decrescente";"Céu Claro";"Dupla";"Reta";"Sim";7;0;1;0;6;0;1;6;-23,04885102;-46,56482797;"SPRF-SP";"DEL03-SP";"UOP01-DEL03-SP"
395611;2021-11-13;"sábado";"15:00:00";"RO";364;712;"PORTO VELHO";"Conversão proibida";"Colisão transversal";"Com Vítimas Feridas";"Pleno dia";"Crescente";"Céu Claro";"Dupla";"Reta";"Sim";2;0;1;0;1;0;1;2;-8,77697726;-63,87272;"SPRF-RO";"DEL01-RO";"UOP01-DEL01-RO"
395612;2021-11-13;"sábado";"16:10:00";"CE";222;1,5;"FORTALEZA";"Manobra de mudança de faixa";"Colisão com objeto";"Com Vítimas Feridas";"Pleno dia";"Crescente";"Sol";"Múltipla";"Reta";"Sim";2;0;2;0;0;0;2;1;-3,73823264;-38,58227849;"SPRF-CE";"DEL01-CE";"UOP01-DEL01-CE"
395613;2021-11-13;"sábado";"16:00:00";"RJ";116;276;"BARRA MANSA";"Ultrapassagem Indevida";"Colisão lateral mesmo sentido";"Com Vítimas Feridas";"Pleno dia";"Decrescente";"Céu Claro";"Simples";"Reta";"Não";2;0;1;0;1;0;1;2;-22,53052823;-44,19546108;"SPRF-RJ";"DEL07-RJ";"UOP02-DEL07-RJ"
395614;2021-11-13;"sábado";"15:50:00";"AL";104;35;"UNIAO DOS PALMARES";"Acessar a via sem observar a presença dos outros veículos";"Colisão transversal";"Com Vítimas Feridas";"Pleno dia";"Decrescente";"Céu Claro";"Simples";"Reta";"Sim";2;0;1;0;1;0;1;2;-9,1616676;-36,01701171;"SPRF-AL";"DEL01-AL";"UOP02-DEL01-AL"
395615;2021-11-13;"sábado";"14:45:00";"AC";364;120,5;"RIO BRANCO";"Acessar a via sem observar a presença dos outros veículos";"Colisão transversal";"Com Vítimas Feridas";"Pleno dia";"Decrescente";"Céu Claro";"Simples";"Reta";"Sim";3;0;1;1;1;0;2;2;-10,01219295;-67,76033521;"SPRF-AC";"DEL01-AC";"UOP01-DEL01-AC"
395616;2021-11-13;"sábado";"16:55:00";"RS";392;297;"SAO SEPE";"Acessar a via sem observar a presença dos outros veículos";"Colisão transversal";"Com Vítimas Feridas";"Pleno dia";"Crescente";"Céu Claro";"Simples";"Declive;Rotatória;Reta;Interseção de Vias";"Sim";2;0;0;1;1;0;1;2;-30,16432114;-53,58385205;"SPRF-RS";"DEL09-RS";"UOP01-DEL09-RS"
395617;2021-11-13;"sábado";"16:39:00";"ES";262;43,2;"DOMINGOS MARTINS";"Chuva";"Colisão com objeto";"Com Vítimas Feridas";"Pleno dia";"Crescente";"Chuva";"Simples";"Curva";"Não";2;0;2;0;0;0;2;1;-20,3844778;-40,66251868;"SPRF-ES";"DEL01-ES";"UOP01-DEL01-ES"
395618;2021-11-13;"sábado";"17:00:00";"DF";20;27;"BRASILIA";"Velocidade Incompatível";"Colisão traseira";"Com Vítimas Feridas";"Pleno dia";"Decrescente";"Nublado";"Dupla";"Reta";"Não";4;0;2;0;2;0;2;3;-15,597054;-47,631065;"SPRF-DF";"DEL02-DF";"UOP01-DEL02-DF"
395619;2021-11-13;"sábado";"15:10:00";"GO";153;588;"PROFESSOR JAMIL";"Chuva";"Saída de leito carroçável";"Com Vítimas Feridas";"Pleno dia";"Crescente";"Chuva";"Dupla";"Curva";"Não";1;0;1;0;0;0;1;1;-17,4509;-49,2274;"SPRF-GO";"DEL03-GO";"UOP01-DEL03-GO"
395620;2021-11-13;"sábado";"16:50:00";"RN";304;293;"MACAIBA";"Problema com o freio";"Tombamento";"Com Vítimas Feridas";"Pleno dia";"Decrescente";"Céu Claro";"Simples";"Reta";"Não";1;0;0;1;0;0;1;1;-5,86846237;-35,37602795;"SPRF-RN";"DEL01-RN";"UOP02-DEL01-RN"
395621;2021-11-13;"sábado";"16:30:00";"ES";262;100,7;"VENDA NOVA DO IMIGRANTE";"Transitar no acostamento";"Colisão com objeto";"Com Vítimas Fatais";"Pleno dia";"Crescente";"Nublado";"Simples";"Declive";"Não";1;1;0;0;0;0;0;1;-20,34889991;-41,102073;"SPRF-ES";"DEL01-ES";"UOP02-DEL01-ES"
395622;2021-11-13;"sábado";"15:40:00";"MS";163;316;"RIO BRILHANTE";"Ingestão de álcool pelo condutor";"Tombamento";"Com Vítimas Feridas";"Pleno dia";"Crescente";"Céu Claro";"Simples";"Rotatória";"Não";1;0;1;0;0;0;1;1;-21,84371195;-54,53746389;"SPRF-MS";"DEL02-MS";"UOP02-DEL02-MS"
395624;2021-11-13;"sábado";"16:50:00";"PE";232;72,7;"GRAVATA";"Reação tardia ou ineficiente do condutor";"Atropelamento de Pedestre";"Com Vítimas Feridas";"Pleno dia";"Crescente";"Céu Claro";"Dupla";"Reta";"Não";2;0;0;1;1;0;1;2;-8,18714215;-35,50102523;"SPRF-PE";"DEL02-PE";"UOP02-DEL02PE"
395625;2021-11-13;"sábado";"17:12:00";"MG";50;68;"UBERLANDIA";"Reação tardia ou ineficiente do condutor";"Colisão traseira";"Sem Vítimas";"Pleno dia";"Decrescente";"Céu Claro";"Dupla";"Reta";"Sim";2;0;0;0;2;0;0;2;-18,85140204;-48,25345932;"SPRF-MG";"DEL15-MG";"UOP02-DEL15-MG"
395627;2021-11-13;"sábado";"16:40:00";"MS";267;318;"RIO BRILHANTE";"Velocidade Incompatível";"Saída de leito carroçável";"Com Vítimas Feridas";"Pleno dia";"Crescente";"Céu Claro";"Simples";"Reta";"Não";2;0;1;0;1;0;1;1;-21,65979694;-54,74889895;"SPRF-MS";"DEL02-MS";"UOP02-DEL02-MS"
395628;2021-11-13;"sábado";"17:50:00";"RS";116;517;"PELOTAS";"Ausência de reação do condutor";"Colisão transversal";"Com Vítimas Feridas";"Pleno dia";"Decrescente";"Céu Claro";"Simples";"Reta";"Sim";3;0;1;0;2;0;1;2;-31,67908686;-52,34256731;"SPRF-RS";"DEL07-RS";"UOP01-DEL07-RS"
395629;2021-11-13;"sábado";"18:10:00";"SP";153;34,9;"NOVA GRANADA";"Acesso irregular";"Tombamento";"Com Vítimas Feridas";"Pleno dia";"Crescente";"Céu Claro";"Simples";"Reta";"Não";1;0;1;0;0;0;1;1;-20,57168502;-49,31773682;"SPRF-SP";"DEL09-SP";"UOP01-DEL09-SP"
395630;2021-11-13;"sábado";"18:25:00";"DF";20;40,7;"BRASILIA";"Velocidade Incompatível";"Colisão traseira";"Com Vítimas Feridas";"Anoitecer";"Crescente";"Nublado";"Dupla";"Declive";"Não";4;0;1;0;2;1;1;2;-15,581853;-47,512711;"SPRF-DF";"DEL02-DF";"UOP01-DEL02-DF"
395631;2021-11-13;"sábado";"15:30:00";"SC";101;97;"BALNEARIO PICARRAS";"Reação tardia ou ineficiente do condutor";"Colisão traseira";"Com Vítimas Feridas";"Pleno dia";"Decrescente";"Céu Claro";"Dupla";"Reta";"Sim";2;0;1;0;1;0;1;2;-26,7319503;-48,700788;"SPRF-SC";"DEL03-SC";"UOP02-DEL03-SC"
395633;2021-11-13;"sábado";"18:20:00";"SP";116;201;"ARUJA";"Ingestão de álcool pelo condutor";"Colisão com objeto";"Sem Vítimas";"Anoitecer";"Decrescente";"Céu Claro";"Dupla";"Reta";"Não";1;0;0;0;1;0;0;1;-23,40362877;-46,33050107;"SPRF-SP";"DEL01-SP";"UOP01-DEL01-SP"
395635;2021-11-13;"sábado";"18:30:00";"ES";262;84,8;"DOMINGOS MARTINS";"Reação tardia ou ineficiente do condutor";"Colisão traseira";"Com Vítimas Feridas";"Anoitecer";"Decrescente";"Chuva";"Simples";"Reta";"Não";2;0;0;1;1;0;1;2;-20,39409905;-41,00077621;"SPRF-ES";"DEL01-ES";"UOP02-DEL01-ES"
395638;2021-11-13;"sábado";"15:30:00";"BA";101;436;"MARAU";"Curva acentuada";"Colisão com objeto";"Sem Vítimas";"Pleno dia";"Decrescente";"Céu Claro";"Simples";"Curva";"Não";2;0;0;0;2;0;0;1;-14,24641453;-39,32006836;"SPRF-BA";"DEL05-BA";"UOP01-DEL05-BA"
395641;2021-11-13;"sábado";"17:15:00";"MS";463;107;"PONTA PORA";"Acessar a via sem observar a presença dos outros veículos";"Colisão transversal";"Com Vítimas Feridas";"Pleno dia";"Decrescente";"Céu Claro";"Simples";"Reta";"Não";4;0;2;0;2;0;2;2;-22,59094101;-55,67301101;"SPRF-MS";"DEL04-MS";"UOP03-DEL04-MS"
395642;2021-11-13;"sábado";"18:00:00";"PE";104;111,8;"PANELAS";"Velocidade Incompatível";"Colisão traseira";"Com Vítimas Fatais";"Plena Noite";"Decrescente";"Céu Claro";"Simples";"Reta";"Não";3;1;1;1;0;0;2;2;-8,628445;-36,008938;"SPRF-PE";"DEL02-PE";"UOP01-DEL02-PE"
395643;2021-11-13;"sábado";"19:30:00";"SP";116;159;"JACAREI";"Entrada inopinada do pedestre";"Atropelamento de Pedestre";"Com Vítimas Feridas";"Plena Noite";"Crescente";"Céu Claro";"Dupla";"Reta";"Sim";2;0;1;0;0;1;1;2;-23,26585409;-45,95983994;"SPRF-SP";"DEL02-SP";"UOP01-DEL02-SP"
395644;2021-11-13;"sábado";"17:25:00";"SE";101;105;"SAO CRISTOVAO";"Ingestão de álcool pelo condutor";"Colisão com objeto";"Sem Vítimas";"Pleno dia";"Decrescente";"Céu Claro";"Dupla";"Declive;Reta";"Não";1;0;0;0;1;0;0;1;-10,95817959;-37,23594898;"SPRF-SE";"DEL02-SE";"UOP01-DEL02-SE"
395645;2021-11-13;"sábado";"19:00:00";"GO";70;9;"AGUAS LINDAS DE GOIAS";"Demais falhas mecânicas ou elétricas";"Colisão traseira";"Com Vítimas Feridas";"Plena Noite";"Decrescente";"Nublado";"Dupla";"Reta";"Sim";3;0;1;1;1;0;2;2;-15,73576731;-48,28288046;"SPRF-DF";"DEL03-DF";"UOP02-DEL03-DF"
395647;2021-11-13;"sábado";"18:00:00";"AL";423;91;"DELMIRO GOUVEIA";"Demais falhas na via";"Saída de leito carroçável";"Com Vítimas Feridas";"Plena Noite";"Decrescente";"Céu Claro";"Dupla";"Reta";"Sim";1;0;1;0;0;0;1;1;-9,36383409;-38,08008697;"SPRF-BA";"DEL07-BA";"UOP01-DEL07-BA"
395648;2021-11-13;"sábado";"19:20:00";"GO";60;60,7;"ABADIANIA";"Ingestão de álcool pelo condutor";"Colisão traseira";"Sem Vítimas";"Plena Noite";"Decrescente";"Céu Claro";"Dupla";"Reta";"Sim";2;0;0;0;2;0;0;2;-16,1905;-48,7026;"SPRF-GO";"DEL02-GO";"UOP01-DEL02-GO"
395649;2021-11-13;"sábado";"18:30:00";"MA";135;2,8;"SAO LUIS";"Ausência de reação do condutor";"Colisão traseira";"Sem Vítimas";"Plena Noite";"Decrescente";"Céu Claro";"Dupla";"Curva";"Sim";3;0;0;0;2;1;0;3;-2,59806699;-44,24573511;"SPRF-MA";"DEL01-MA";"UOP01-DEL01-MA"
395650;2021-11-13;"sábado";"16:15:00";"SC";282;109,7;"ALFREDO WAGNER";"Reação tardia ou ineficiente do condutor";"Saída de leito carroçável";"Com Vítimas Feridas";"Pleno dia";"Decrescente";"Nublado";"Simples";"Curva;Declive";"Não";2;0;0;2;0;0;2;1;-27,719378;-49,3582;"SPRF-SC";"DEL01-SC";"UOP03-DEL01-SC"
395651;2021-11-13;"sábado";"19:30:00";"PR";369;188;"ARAPONGAS";"Ingestão de álcool pelo condutor";"Colisão traseira";"Sem Vítimas";"Plena Noite";"Decrescente";"Céu Claro";"Simples";"Interseção de Vias";"Sim";3;0;0;0;3;0;0;3;-23,43469331;-51,42209183;"SPRF-PR";"DEL07-PR";"UOP02-DEL07-PR"
395652;2021-11-13;"sábado";"16:20:00";"BA";116;425;"FEIRA DE SANTANA";"Reação tardia ou ineficiente do condutor";"Queda de ocupante de veículo";"Com Vítimas Feridas";"Pleno dia";"Decrescente";"Céu Claro";"Simples";"Retorno Regulamentado;Viaduto;Interseção de Vias";"Sim";2;0;0;1;0;1;1;2;-12,26913946;-38,98903012;"SPRF-BA";"DEL02-BA";"UOP01-DEL02-BA"
395653;2021-11-13;"sábado";"20:00:00";"BA";116;10,1;"VITORIA DA CONQUISTA";"Condutor deixou de manter distância do veículo da frente";"Colisão traseira";"Com Vítimas Feridas";"Plena Noite";"Crescente";"Céu Claro";"Simples";"Reta";"Sim";4;0;2;0;2;0;2;2;-14,85897348;-40,87685158;"SPRF-BA";"DEL08-BA";"UOP01-DEL08-BA"
395654;2021-11-13;"sábado";"20:00:00";"CE";20;306,8;"CANINDE";"Animais na Pista";"Atropelamento de Animal";"Com Vítimas Feridas";"Plena Noite";"Decrescente";"Céu Claro";"Simples";"Reta";"Sim";2;0;1;0;1;0;1;1;-4,36698604;-39,30270365;"SPRF-CE";"DEL02-CE";"UOP01-DEL02-CE"
395655;2021-11-13;"sábado";"19:45:00";"SP";101;51,5;"UBATUBA";"Acessar a via sem observar a presença dos outros veículos";"Colisão traseira";"Com Vítimas Feridas";"Plena Noite";"Decrescente";"Garoa/Chuvisco";"Simples";"Reta";"Sim";4;0;1;0;3;0;1;2;-23,45972295;-45,06759167;"SPRF-SP";"DEL06-SP";"UOP01-DEL06-SP"
395656;2021-11-13;"sábado";"18:30:00";"MS";163;478;"CAMPO GRANDE";"Ausência de reação do condutor";"Engavetamento";"Com Vítimas Feridas";"Plena Noite";"Crescente";"Céu Claro";"Simples";"Reta";"Sim";9;0;2;0;7;0;2;4;-20,49629699;-54,55916871;"SPRF-MS";"DEL01-MS";"UOP01-DEL01-MS"