"id";"data_inversa";"dia_semana";"horario";"uf";"br";"km";"municipio";"causa_acidente";"tipo_acidente";"classificacao_acidente";"fase_dia";"sentido_via";"condicao_metereologica";"tipo_pista";"tracado_via";"uso_solo";"pessoas";"mortos";"feridos_leves";"feridos_graves";"ilesos";"ignorados";"feridos";"veiculos";"latitude";"longitude";"regional";"delegacia";"uop"
395659;2021-11-13;"sábado";"19:50:00";"MG";40;756;"SANTOS DUMONT";"Ingestão de álcool pelo condutor";"Colisão com objeto";"Com Vítimas Feridas";"Plena Noite";"Crescente";"Céu Claro";"Simples";"Reta";"Não";1;0;1;0;0;0;1;1;-21,49531809;-43,53514132;"SPRF-MG";"DEL05-MG";"UOP01-DEL05-MG"
395660;2021-11-13;"sábado";"19:30:00";"MS";60;415;"SIDROLANDIA";"Acessar a via sem observar a presença dos outros veículos";"Colisão transversal";"Com Vítimas Feridas";"Plena Noite";"Crescente";"Céu Claro";"Simples";"Reta;Aclive;Interseção de Vias";"Não";8;0;8;0;0;0;8;2;-20,89670407;-54,86944556;"SPRF-MS";"DEL01-MS";"UOP04-DEL01-MS"
395661;2021-11-13;"sábado";"19:20:00";"BA";116;273;"TUCANO";"Mal súbito do condutor";"Colisão frontal";"Com Vítimas Feridas";"Plena Noite";"Crescente";"Céu Claro";"Simples";"Reta";"Não";2;0;1;0;0;1;1;2;-10,953356;-38,795472;"SPRF-BA";"DEL07-BA";"UOP02-DEL07-BA"
395664;2021-11-13;"sábado";"20:10:00";"PE";101;48,5;"ABREU E LIMA";"Entrada inopinada do pedestre";"Atropelamento de Pedestre";"Com Vítimas Feridas";"Plena Noite";"Decrescente";"Céu Claro";"Múltipla";"Reta";"Sim";2;0;1;0;0;1;1;2;-7,89174705;-34,9033493;"SPRF-PE";"DEL01-PE";"UOP02-DEL01-PE"
395668;2021-11-13;"sábado";"18:40:00";"SC";470;19,9;"ILHOTA";"Ultrapassagem Indevida";"Colisão com objeto";"Com Vítimas Feridas";"Plena Noite";"Decrescente";"Céu Claro";"Simples";"Desvio Temporário;Reta";"Não";2;0;1;1;0;0;2;1;-26,862995;-48,814396;"SPRF-SC";"DEL04-SC";"UOP04-DEL04-SC"
395671;2021-11-13;"sábado";"21:30:00";"RJ";116;305,1;"RESENDE";"Transitar na contramão";"Colisão frontal";"Com Vítimas Feridas";"Plena Noite";"Crescente";"Céu Claro";"Simples";"Viaduto";"Sim";2;0;1;0;0;1;1;2;-22,45573779;-44,39454802;"SPRF-RJ";"DEL07-RJ";"UOP02-DEL07-RJ"
395673;2021-11-13;"sábado";"20:20:00";"SC";101;116,8;"ITAJAI";"Velocidade Incompatível";"Eventos atípicos";"Com Vítimas Feridas";"Plena Noite";"Crescente";"Nublado";"Múltipla";"Reta";"Sim";2;0;1;0;0;1;1;2;-26,87905605;-48,72603512;"SPRF-SC";"DEL04-SC";"UOP04-DEL04-SC"
395674;2021-11-13;"sábado";"20:52:00";"RR";174;504;"BOA VISTA";"Acessar a via sem observar a presença dos outros veículos";"Colisão transversal";"Com Vítimas Fatais";"Plena Noite";"Crescente";"Céu Claro";"Dupla";"Retorno Regulamentado";"Sim";2;1;0;0;1;0;0;2;2,8233204;-60,6958704;"SPRF-RR";"DEL01-RR";"UOP01-DEL01-RR"
395675;2021-11-13;"sábado";"17:45:00";"MG";381;187;"PERIQUITO";"Transitar na contramão";"Colisão lateral sentido oposto";"Com Vítimas Feridas";"Pleno dia";"Crescente";"Céu Claro";"Simples";"Reta";"Não";4;0;4;0;0;0;4;2;-19,08514282;-42,18687937;"SPRF-MG";"DEL06-MG";"UOP01-DEL06-MG"
395676;2021-11-13;"sábado";"22:35:00";"PR";369;151;"LONDRINA";"Reação tardia ou ineficiente do condutor";"Colisão traseira";"Com Vítimas Feridas";"Plena Noite";"Crescente";"Céu Claro";"Simples";"Reta";"Sim";4;0;2;0;2;0;2;2;-23,28171918;-51,25602722;"SPRF-PR";"DEL07-PR";"UOP01-DEL07-PR"
395677;2021-11-13;"sábado";"21:15:00";"SC";101;98,4;"BALNEARIO PICARRAS";"Demais falhas mecânicas ou elétricas";"Incêndio";"Sem Vítimas";"Plena Noite";"Crescente";"Nublado";"Dupla";"Reta";"Sim";1;0;0;0;1;0;0;1;-26,73760897;-48,69918789;"SPRF-SC";"DEL03-SC";"UOP02-DEL03-SC"
395679;2021-11-13;"sábado";"21:40:00";"PR";277;68;"SAO JOSE DOS PINHAIS";"Velocidade Incompatível";"Saída de leito carroçável";"Com Vítimas Feridas";"Plena Noite";"Crescente";"Chuva";"Dupla";"Reta";"Não";1;0;1;0;0;0;1;1;-25,52191755;-49,10416603;"SPRF-PR";"DEL01-PR";"UOP01-DEL01-PR"
395680;2021-11-13;"sábado";"21:30:00";"MG";381;423;"CAETE";"Demais falhas mecânicas ou elétricas";"Incêndio";"Sem Vítimas";"Plena Noite";"Decrescente";"Céu Claro";"Dupla";"Reta";"Não";1;0;0;0;1;0;0;1;-19,78973406;-43,67222724;"SPRF-MG";"DEL01-MG";"UOP01-DEL01-MG"
395682;2021-11-13;"sábado";"22:15:00";"PR";277;29;"MORRETES";"Ingestão de álcool ou de substâncias psicoativas pelo pedestre";"Colisão transversal";"Com Vítimas Feridas";"Plena Noite";"Decrescente";"Céu Claro";"Dupla";"Reta";"Não";3;0;2;0;0;1;2;3;-25,54609087;-48,78700018;"SPRF-PR";"DEL01-PR";"UOP05-DEL01-PR"
395683;2021-11-13;"sábado";"22:20:00";"GO";40;11;"LUZIANIA";"Ingestão de álcool pelo condutor";"Colisão traseira";"Com Vítimas Feridas";"Plena Noite";"Crescente";"Chuva";"Dupla";"Reta";"Sim";3;0;0;1;2;0;1;3;-16,138336;-47,951644;"SPRF-DF";"DEL01-DF";"UOP01-DEL01-DF"
395684;2021-11-13;"sábado";"18:40:00";"PE";428;21;"CABROBO";"Transitar no acostamento";"Atropelamento de Pedestre";"Com Vítimas Feridas";"Plena Noite";"Decrescente";"Céu Claro";"Simples";"Reta";"Não";4;0;1;2;0;1;3;2;-8,49138185;-39,40660696;"SPRF-PE";"DEL05-PE";"UOP03-DEL05-PE"
395685;2021-11-13;"sábado";"17:45:00";"AC";364;132;"RIO BRANCO";"Velocidade Incompatível";"Saída de leito carroçável";"Com Vítimas Feridas";"Anoitecer";"Decrescente";"Céu Claro";"Simples";"Declive";"Não";1;0;1;0;0;0;1;1;-10,01005063;-67,84552927;"SPRF-AC";"DEL01-AC";"UOP01-DEL01-AC"
395686;2021-11-13;"sábado";"19:50:00";"RJ";393;106;"SAPUCAIA";"Reação tardia ou ineficiente do condutor";"Colisão traseira";"Sem Vítimas";"Plena Noite";"Crescente";"Céu Claro";"Simples";"Reta";"Não";2;0;0;0;2;0;0;2;-21,87764485;-42,67025797;"SPRF-RJ";"DEL05-RJ";"UOP01-DEL05-RJ"
395687;2021-11-13;"sábado";"23:00:00";"MG";40;562;"NOVA LIMA";"Condutor Dormindo";"Colisão com objeto";"Com Vítimas Feridas";"Plena Noite";"Crescente";"Céu Claro";"Dupla";"Curva";"Sim";1;0;1;0;0;0;1;1;-20,14451602;-43,95966007;"SPRF-MG";"DEL01-MG";"UOP02-DEL01-MG"
395688;2021-11-13;"sábado";"23:20:00";"ES";262;161;"IBATIBA";"Transitar na contramão";"Colisão frontal";"Com Vítimas Feridas";"Plena Noite";"Crescente";"Nublado";"Simples";"Reta";"Não";3;0;1;0;2;0;1;2;-20,23640217;-41,52254154;"SPRF-ES";"DEL01-ES";"UOP02-DEL01-ES"
395689;2021-11-13;"sábado";"19:31:00";"BA";324;350;"CAPIM GROSSO";"Acessar a via sem observar a presença dos outros veículos";"Colisão transversal";"Com Vítimas Feridas";"Plena Noite";"Crescente";"Céu Claro";"Simples";"Reta";"Não";4;0;1;1;2;0;2;2;-11,36273;-40,0548;"SPRF-BA";"DEL04-BA";"UOP02-DEL04-BA"
395691;2021-11-13;"sábado";"21:45:00";"PR";476;239;"LAPA";"Acesso irregular";"Colisão frontal";"Com Vítimas Feridas";"Plena Noite";"Decrescente";"Céu Claro";"Simples";"Curva";"Não";3;0;1;1;0;1;2;2;-25,86941831;-50,06572723;"SPRF-PR";"DEL02-PR";"UOP04-DEL02-PR"
395692;2021-11-13;"sábado";"22:35:00";"SP";116;209;"GUARULHOS";"Pedestre andava na pista";"Atropelamento de Pedestre";"Com Vítimas Fatais";"Plena Noite";"Decrescente";"Ignorado";"Múltipla";"Reta";"Sim";2;1;0;0;1;0;0;2;-23,427355;-46,407441;"SPRF-SP";"DEL01-SP";"UOP01-DEL01-SP"
395693;2021-11-13;"sábado";"20:40:00";"RO";364;343,4;"JI-PARANA";"Reação tardia ou ineficiente do condutor";"Colisão transversal";"Com Vítimas Feridas";"Plena Noite";"Crescente";"Céu Claro";"Dupla";"Reta";"Sim";2;0;1;1;0;0;2;2;-10,8776;-61,946825;"SPRF-RO";"DEL02-RO";"UOP01-DEL02-RO"
395694;2021-11-13;"sábado";"23:20:00";"RJ";40;122;"DUQUE DE CAXIAS";"Condutor deixou de manter distância do veículo da frente";"Colisão traseira";"Com Vítimas Feridas";"Plena Noite";"Decrescente";"Céu Claro";"Dupla";"Reta";"Não";2;0;1;0;1;0;1;2;-22,79083113;-43,28611569;"SPRF-RJ";"DEL01-RJ";"UOP01-DEL01-RJ"
395695;2021-11-13;"sábado";"17:10:00";"PR";376;175,7;"MARINGA";"Condutor deixou de manter distância do veículo da frente";"Colisão traseira";"Com Vítimas Feridas";"Pleno dia";"Decrescente";"Sol";"Múltipla";"Interseção de Vias";"Sim";3;0;1;0;2;0;1;2;-23,41214639;-51,94313943;"SPRF-PR";"DEL09-PR";"UOP01-DEL09-PR"
395696;2021-11-14;"domingo";"00:05:00";"DF";20;51;"BRASILIA";"Ingestão de álcool pelo condutor";"Capotamento";"Sem Vítimas";"Plena Noite";"Crescente";"Nublado";"Dupla";"Declive;Curva";"Não";1;0;0;0;0;1;0;1;-15,580705;-47,41259;"SPRF-DF";"DEL02-DF";"UOP01-DEL02-DF"
395697;2021-11-13;"sábado";"23:30:00";"PR";376;617;"SAO JOSE DOS PINHAIS";"Ingestão de álcool pelo condutor";"Colisão com objeto";"Sem Vítimas";"Plena Noite";"Crescente";"Nublado";"Dupla";"Reta";"Não";1;0;0;0;1;0;0;1;-25,58426494;-49,17618795;"SPRF-PR";"DEL01-PR";"UOP04-DEL01-PR"
395700;2021-11-14;"domingo";"01:00:00";"SP";116;112;"TAUBATE";"Ausência de reação do condutor";"Tombamento";"Sem Vítimas";"Plena Noite";"Decrescente";"Nublado";"Dupla";"Reta";"Sim";1;0;0;0;1;0;0;1;-23,04159343;-45,57065616;"SPRF-SP";"DEL02-SP";"UOP02-DEL02-SP"
395702;2021-11-14;"domingo";"00:10:00";"MG";381;492;"BETIM";"Ingestão de álcool pelo condutor";"Saída de leito carroçável";"Com Vítimas Feridas";"Plena Noite";"Decrescente";"Céu Claro";"Múltipla";"Reta";"Sim";2;0;1;0;1;0;1;1;-19,97490091;-44,19004301;"SPRF-MG";"DEL01-MG";"UOP03-DEL01-MG"
395703;2021-11-14;"domingo";"01:15:00";"GO";40;2,2;"VALPARAISO DE GOIAS";"Pista Escorregadia";"Queda de ocupante de veículo";"Sem Vítimas";"Plena Noite";"Decrescente";"Chuva";"Dupla";"Reta";"Sim";1;0;0;0;0;1;0;1;-16,067129;-47,984235;"SPRF-DF";"DEL01-DF";"UOP01-DEL01-DF"
395705;2021-11-14;"domingo";"00:20:00";"MG";116;413,9;"GOVERNADOR VALADARES";"Ultrapassagem Indevida";"Tombamento";"Com Vítimas Feridas";"Plena Noite";"Crescente";"Nublado";"Simples";"Declive;Reta";"Sim";3;0;0;2;1;0;2;2;-18,873907;-41,966366;"SPRF-MG";"DEL06-MG";"UOP01-DEL06-MG"
395706;2021-11-14;"domingo";"01:50:00";"MG";40;621,7;"CONSELHEIRO LAFAIETE";"Demais falhas mecânicas ou elétricas";"Incêndio";"Sem Vítimas";"Plena Noite";"Decrescente";"Nublado";"Simples";"Reta";"Sim";46;0;0;0;46;0;0;1;-20,58556107;-43,80743334;"SPRF-MG";"DEL05-MG";"UOP02-DEL05-MG"
395707;2021-11-14;"domingo";"01:50:00";"MG";381;489;"BETIM";"Ausência de reação do condutor";"Colisão com objeto";"Com Vítimas Feridas";"Plena Noite";"Crescente";"Céu Claro";"Dupla";"Curva";"Sim";1;0;1;0;0;0;1;1;-19,96245618;-44,16455495;"SPRF-MG";"DEL01-MG";"UOP03-DEL01-MG"
395708;2021-11-14;"domingo";"00:40:00";"MG";116;536,1;"SANTA RITA DE MINAS";"Ultrapassagem Indevida";"Colisão frontal";"Com Vítimas Feridas";"Pleno dia";"Decrescente";"Ignorado";"Simples";"Curva";"Não";3;0;3;0;0;0;3;3;-19,8582936;-42,1353868;"SPRF-MG";"DEL06-MG";"UOP02-DEL06-MG"
395709;2021-11-13;"sábado";"18:30:00";"RO";429;50;"PRESIDENTE MEDICI";"Ausência de reação do condutor";"Queda de ocupante de veículo";"Com Vítimas Feridas";"Plena Noite";"Crescente";"Céu Claro";"Simples";"Reta";"Não";2;0;2;0;0;0;2;1;-11,20017114;-61,982285;"SPRF-RO";"DEL02-RO";"UOP03-DEL02-RO"
395710;2021-11-14;"domingo";"02:15:00";"SC";470;68;"INDAIAL";"Ausência de reação do condutor";"Colisão com objeto";"Com Vítimas Feridas";"Plena Noite";"Decrescente";"Nublado";"Simples";"Reta";"Não";1;0;0;1;0;0;1;1;-26,877615;-49,239231;"SPRF-SC";"DEL04-SC";"UOP01-DEL04-SC"
395715;2021-11-14;"domingo";"03:25:00";"PE";232;88;"GRAVATA";"Condutor Dormindo";"Capotamento";"Com Vítimas Feridas";"Plena Noite";"Crescente";"Céu Claro";"Dupla";"Reta";"Não";4;0;0;4;0;0;4;1;-8,215178;-35,637814;"SPRF-PE";"DEL02-PE";"UOP02-DEL02PE"
395716;2021-11-14;"domingo";"03:15:00";"PR";369;18,5;"CAMBARA";"Reação tardia ou ineficiente do condutor";"Saída de leito carroçável";"Com Vítimas Feridas";"Plena Noite";"Decrescente";"Céu Claro";"Simples";"Reta;Aclive";"Sim";3;0;2;0;1;0;2;1;-23,03613833;-50,06793737;"SPRF-PR";"DEL07-PR";"UOP01-DEL07-PR"
395717;2021-11-14;"domingo";"04:00:00";"SP";116;389;"MIRACATU";"Condutor usando celular";"Saída de leito carroçável";"Sem Vítimas";"Plena Noite";"Crescente";"Céu Claro";"Simples";"Reta;Retorno Regulamentado";"Não";1;0;0;0;1;0;0;1;-24,27280624;-47,4062269;"SPRF-SP";"DEL04-SP";"UOP02-DEL04-SP"
395718;2021-11-14;"domingo";"04:15:00";"GO";60;82,6;"ANAPOLIS";"Ingestão de álcool pelo condutor";"Capotamento";"Sem Vítimas";"Plena Noite";"Decrescente";"Nublado";"Dupla";"Curva";"Não";2;0;0;0;2;0;0;1;-16,3136;-48,8366;"SPRF-GO";"DEL02-GO";"UOP01-DEL02-GO"
395719;2021-11-14;"domingo";"01:15:00";"PE";316;57;"TRINDADE";"Ausência de reação do condutor";"Atropelamento de Animal";"Com Vítimas Feridas";"Plena Noite";"Crescente";"Céu Claro";"Simples";"Reta";"Sim";1;0;1;0;0;0;1;1;-7,74765771;-40,2710428;"SPRF-PE";"DEL05-PE";"UOP02-DEL05-PE"
395720;2021-11-14;"domingo";"04:30:00";"GO";50;164,5;"CAMPO ALEGRE DE GOIAS";"Animais na Pista";"Atropelamento de Animal";"Com Vítimas Feridas";"Plena Noite";"Crescente";"Nublado";"Dupla";"Reta;Declive";"Não";1;0;1;0;0;0;1;1;-17,287;-47,7572;"SPRF-GO";"DEL06-GO";"UOP01-DEL06-GO"
395721;2021-11-14;"domingo";"03:30:00";"MA";135;23;"SAO LUIS";"Ausência de reação do condutor";"Saída de leito carroçável";"Sem Vítimas";"Plena Noite";"Decrescente";"Céu Claro";"Dupla";"Curva";"Sim";1;0;0;0;0;1;0;1;-2,55117118;-44,30679917;"SPRF-MA";"DEL01-MA";"UOP01-DEL01-MA"
395722;2021-11-14;"domingo";"04:30:00";"SC";101;122,9;"ITAJAI";"Animais na Pista";"Atropelamento de Animal";"Com Vítimas Feridas";"Plena Noite";"Decrescente";"Céu Claro";"Dupla";"Reta";"Sim";2;0;2;0;0;0;2;1;-26,92955916;-48,70499836;"SPRF-SC";"DEL04-SC";"UOP04-DEL04-SC"
395723;2021-11-14;"domingo";"04:15:00";"SC";101;38,5;"JOINVILLE";"Ingestão de álcool pelo condutor";"Colisão transversal";"Com Vítimas Feridas";"Plena Noite";"Crescente";"Nublado";"Dupla";"Interseção de Vias";"Sim";4;0;2;0;2;0;2;2;-26,29450673;-48,8845253;"SPRF-SC";"DEL03-SC";"UOP01-DEL03-SC"
395724;2021-11-14;"domingo";"04:00:00";"SP";381;85,2;"SAO PAULO";"Condutor Dormindo";"Colisão com objeto";"Sem Vítimas";"Plena Noite";"Decrescente";"Nublado";"Dupla";"Reta";"Sim";1;0;0;0;1;0;0;1;-23,449343;-46,56983501;"SPRF-SP";"DEL03-SP";"UOP01-DEL03-SP"
395725;2021-11-14;"domingo";"03:10:00";"SC";470;188;"POUSO REDONDO";"Reação tardia ou ineficiente do condutor";"Saída de leito carroçável";"Com Vítimas Feridas";"Plena Noite";"Decrescente";"Céu Claro";"Simples";"Reta";"Não";1;0;1;0;0;0;1;1;-27,266893;-50,060116;"SPRF-SC";"DEL04-SC";"UOP02-DEL04-SC"
395730;2021-11-14;"domingo";"04:50:00";"SP";116;113;"TAUBATE";"Demais falhas mecânicas ou elétricas";"Incêndio";"Sem Vítimas";"Amanhecer";"Decrescente";"Céu Claro";"Dupla";"Reta";"Sim";1;0;0;0;1;0;0;1;-23,0440828;-45,58041405;"SPRF-SP";"DEL02-SP";"UOP02-DEL02-SP"
395731;2021-11-14;"domingo";"04:45:00";"RS";158;318;"SANTA MARIA";"Ausência de reação do condutor";"Saída de leito carroçável";"Sem Vítimas";"Amanhecer";"Crescente";"Céu Claro";"Simples";"Reta";"Não";1;0;0;0;0;1;0;1;-29,67210918;-53,77288526;"SPRF-RS";"DEL09-RS";"UOP01-DEL09-RS"
395732;2021-11-13;"sábado";"21:05:00";"SC";158;107,5;"CUNHA PORA";"Pedestre andava na pista";"Atropelamento de Pedestre";"Com Vítimas Feridas";"Plena Noite";"Decrescente";"Céu Claro";"Simples";"Reta";"Não";2;0;1;1;0;0;2;2;-26,8761434;-53,16696167;"SPRF-SC";"DEL07-SC";"UOP02-DEL07-SC"
395733;2021-11-14;"domingo";"05:00:00";"MS";163;667;"RIO VERDE DE MATO GROSSO";"Transitar na contramão";"Colisão frontal";"Com Vítimas Feridas";"Pleno dia";"Crescente";"Céu Claro";"Simples";"Curva";"Não";3;0;2;1;0;0;3;2;-19,03128995;-54,82195496;"SPRF-MS";"DEL06-MS";"UOP02-DEL06-MS"
395736;2021-11-14;"domingo";"04:30:00";"SC";101;129;"CAMBORIU";"Reação tardia ou ineficiente do condutor";"Colisão com objeto";"Com Vítimas Feridas";"Amanhecer";"Crescente";"Céu Claro";"Dupla";"Reta";"Não";1;0;1;0;0;0;1;1;-26,98064277;-48,6790679;"SPRF-SC";"DEL04-SC";"UOP03-DEL04-SC"
395737;2021-11-14;"domingo";"05:50:00";"DF";60;24;"BRASILIA";"Condutor Dormindo";"Saída de leito carroçável";"Com Vítimas Feridas";"Pleno dia";"Crescente";"Céu Claro";"Dupla";"Reta";"Não";1;0;1;0;0;0;1;1;-15,991807;-48,232067;"SPRF-DF";"DEL03-DF";"UOP01-DEL03-DF"
395738;2021-11-14;"domingo";"05:20:00";"GO";452;2,8;"RIO VERDE";"Ausência de reação do condutor";"Saída de leito carroçável";"Sem Vítimas";"Amanhecer";"Decrescente";"Céu Claro";"Dupla";"Interseção de Vias";"Sim";1;0;0;0;0;1;0;1;-17,799621;-50,878841;"SPRF-GO";"DEL04-GO";"UOP01-DEL04-GO"
395739;2021-11-13;"sábado";"23:35:00";"SC";116;132;"SANTA CECILIA";"Condutor Dormindo";"Colisão frontal";"Com Vítimas Feridas";"Plena Noite";"Crescente";"Nublado";"Simples";"Reta";"Não";3;0;3;0;0;0;3;1;-26,90777447;-50,44120314;"SPRF-SC";"DEL06-SC";"UOP02-DEL06-SC"
395741;2021-11-14;"domingo";"05:40:00";"PR";476;161;"ARAUCARIA";"Acessar a via sem observar a presença dos outros veículos";"Colisão traseira";"Com Vítimas Feridas";"Amanhecer";"Decrescente";"Céu Claro";"Simples";"Reta";"Não";3;0;1;0;2;0;1;2;-25,622871;-49,447582;"SPRF-PR";"DEL01-PR";"UOP03-DEL01-PR"
395745;2021-11-13;"sábado";"19:15:00";"RJ";116;95;"GUAPIMIRIM";"Pista Escorregadia";"Colisão frontal";"Com Vítimas Feridas";"Plena Noite";"Decrescente";"Nublado";"Simples";"Curva";"Não";3;0;1;0;2;0;1;2;-22,47374702;-43,00117923;"SPRF-RJ";"DEL04-RJ";"UOP02-DEL04-RJ"
395747;2021-11-13;"sábado";"10:30:00";"MG";381;484,5;"BETIM";"Velocidade Incompatível";"Colisão com objeto";"Com Vítimas Feridas";"Plena Noite";"Decrescente";"Céu Claro";"Dupla";"Reta";"Sim";1;0;1;0;0;0;1;1;-19,95531717;-44,11722196;"SPRF-MG";"DEL01-MG";"UOP03-DEL01-MG"
395748;2021-11-14;"domingo";"06:50:00";"RJ";101;60;"CAMPOS DOS GOYTACAZES";"Condutor deixou de manter distância do veículo da frente";"Colisão traseira";"Com Vítimas Feridas";"Pleno dia";"Crescente";"Céu Claro";"Simples";"Reta";"Sim";2;0;1;0;1;0;1;2;-21,72048414;-41,31448591;"SPRF-RJ";"DEL08-RJ";"UOP01-DEL08-RJ"
395750;2021-11-14;"domingo";"07:20:00";"MG";40;700,1;"BARBACENA";"Velocidade Incompatível";"Colisão com objeto";"Com Vítimas Fatais";"Pleno dia";"Decrescente";"Céu Claro";"Simples";"Curva";"Não";1;1;0;0;0;0;0;1;-21,17760699;-43,75627477;"SPRF-MG";"DEL05-MG";"UOP02-DEL05-MG"
395751;2021-11-14;"domingo";"06:15:00";"RS";386;382,5;"TABAI";"Condutor Dormindo";"Saída de leito carroçável";"Com Vítimas Feridas";"Amanhecer";"Crescente";"Céu Claro";"Dupla";"Reta;Declive";"Não";1;0;1;0;0;0;1;1;-29,66762011;-51,73710823;"SPRF-RS";"DEL04-RS";"UOP02-DEL04-RS"
395752;2021-11-14;"domingo";"00:25:00";"RN";427;23,7;"ACARI";"Ausência de reação do condutor";"Colisão traseira";"Com Vítimas Feridas";"Plena Noite";"Crescente";"Céu Claro";"Simples";"Aclive";"Não";3;0;0;1;2;0;1;2;-6,39683999;-36,63413076;"SPRF-RN";"DEL03-RN";"UOP02-DEL03-RN"
395753;2021-11-14;"domingo";"07:21:00";"MG";116;704,5;"MURIAE";"Desrespeitar a preferência no cruzamento";"Colisão traseira";"Com Vítimas Feridas";"Pleno dia";"Crescente";"Céu Claro";"Simples";"Interseção de Vias";"Sim";2;0;1;0;1;0;1;2;-21,13416858;-42,38722798;"SPRF-MG";"DEL05-MG";"UOP01-DEL05-MG"
395754;2021-11-14;"domingo";"07:00:00";"PE";232;49,8;"VITORIA DE SANTO ANTAO";"Manobra de mudança de faixa";"Colisão lateral mesmo sentido";"Com Vítimas Feridas";"Pleno dia";"Crescente";"Céu Claro";"Dupla";"Reta";"Não";3;0;3;0;0;0;3;2;-8,143676;-35,314419;"SPRF-PE";"DEL01-PE";"UOP01-DEL01-PE"
395755;2021-10-21;"quinta-feira";"19:35:00";"RS";116;525;"PELOTAS";"Manobra de mudança de faixa";"Colisão lateral mesmo sentido";"Sem Vítimas";"Plena Noite";"Decrescente";"Céu Claro";"Simples";"Rotatória";"Sim";2;0;0;0;2;0;0;2;-31,7359522;-52,39349776;"SPRF-RS";"DEL07-RS";"UOP01-DEL07-RS"
395756;2021-11-14;"domingo";"08:30:00";"PR";116;14;"COLOMBO";"Ingestão de álcool pelo condutor";"Colisão lateral mesmo sentido";"Com Vítimas Feridas";"Pleno dia";"Decrescente";"Céu Claro";"Múltipla";"Reta";"Sim";2;0;1;0;1;0;1;2;-25,3818;-49,1643;"SPRF-PR";"DEL01-PR";"UOP02-DEL01-PR"
395757;2021-11-14;"domingo";"06:00:00";"RJ";40;63;"PETROPOLIS";"Reação tardia ou ineficiente do condutor";"Saída de leito carroçável";"Com Vítimas Feridas";"Pleno dia";"Decrescente";"Sol";"Dupla";"Curva";"Não";1;0;1;0;0;0;1;1;-22,41319517;-43,14970765;"SPRF-RJ";"DEL06-RJ";"UOP01-DEL06-RJ"
395759;2021-11-14;"domingo";"09:10:00";"MG";262;358;"BETIM";"Avarias e/ou desgaste excessivo no pneu";"Tombamento";"Com Vítimas Feridas";"Pleno dia";"Crescente";"Céu Claro";"Dupla";"Reta";"Não";2;0;2;0;0;0;2;1;-19,97562699;-44,197751;"SPRF-MG";"DEL01-MG";"UOP03-DEL01-MG"
395760;2021-11-14;"domingo";"06:00:00";"MG";381;563,7;"ITAGUARA";"Velocidade Incompatível";"Saída de leito carroçável";"Com Vítimas Feridas";"Pleno dia";"Decrescente";"Céu Claro";"Dupla";"Reta";"Não";1;0;1;0;0;0;1;1;-20,40233189;-44,509134;"SPRF-MG";"DEL04-MG";"UOP03-DEL04-MG"
395761;2021-11-14;"domingo";"08:30:00";"ES";482;55,8;"JERONIMO MONTEIRO";"Condutor deixou de manter distância do veículo da frente";"Colisão traseira";"Com Vítimas Feridas";"Pleno dia";"Crescente";"Céu Claro";"Simples";"Aclive";"Não";2;0;1;0;1;0;1;2;-20,7819487;-41,32378625;"SPRF-ES";"DEL03-ES";"UOP02-DEL03-ES"
395762;2021-11-14;"domingo";"09:15:00";"RN";101;109,3;"PARNAMIRIM";"Ausência de reação do condutor";"Colisão com objeto";"Com Vítimas Feridas";"Pleno dia";"Decrescente";"Sol";"Múltipla";"Reta";"Sim";1;0;0;1;0;0;1;1;-5,93787034;-35,26437521;"SPRF-RN";"DEL01-RN";"UOP01-DEL01-RN"
395763;2021-11-14;"domingo";"08:50:00";"PR";376;626,7;"SAO JOSE DOS PINHAIS";"Reação tardia ou ineficiente do condutor";"Colisão traseira";"Com Vítimas Feridas";"Pleno dia";"Crescente";"Nublado";"Dupla";"Reta";"Não";2;0;1;0;0;1;1;2;-25,66095117;-49,15500053;"SPRF-PR";"DEL01-PR";"UOP04-DEL01-PR"
395765;2021-11-13;"sábado";"22:00:00";"CE";226;238;"PEDRA BRANCA";"Ingestão de álcool pelo condutor";"Colisão com objeto";"Sem Vítimas";"Pleno dia";"Crescente";"Ignorado";"Simples";"Curva";"Não";1;0;0;0;0;1;0;1;-5,42809056;-39,85691491;"SPRF-CE";"DEL02-CE";"UOP02-DEL02-CE"
395766;2021-11-14;"domingo";"09:30:00";"RJ";493;3;"ITABORAI";"Retorno proibido";"Colisão transversal";"Com Vítimas Feridas";"Pleno dia";"Crescente";"Céu Claro";"Simples";"Reta";"Sim";2;0;1;0;1;0;1;2;-22,75022178;-42,94692993;"SPRF-RJ";"DEL02-RJ";"UOP02-DEL02-RJ"
395769;2021-11-14;"domingo";"10:25:00";"ES";101;305;"VIANA";"Acumulo de areia ou detritos sobre o pavimento";"Queda de ocupante de veículo";"Com Vítimas Feridas";"Pleno dia";"Crescente";"Céu Claro";"Dupla";"Curva";"Não";1;0;0;1;0;0;1;1;-20,38392;-40,461254;"SPRF-ES";"DEL01-ES";"UOP01-DEL01-ES"
395771;2021-11-14;"domingo";"10:00:00";"GO";40;8,3;"VALPARAISO DE GOIAS";"Condutor deixou de manter distância do veículo da frente";"Colisão traseira";"Com Vítimas Feridas";"Pleno dia";"Crescente";"Nublado";"Dupla";"Retorno Regulamentado";"Sim";5;0;0;1;4;0;1;3;-16,116158;-47,96761;"SPRF-DF";"DEL01-DF";"UOP01-DEL01-DF"