"id";"data_inversa";"dia_semana";"horario";"uf";"br";"km";"municipio";"causa_acidente";"tipo_acidente";"classificacao_acidente";"fase_dia";"sentido_via";"condicao_metereologica";"tipo_pista";"tracado_via";"uso_solo";"pessoas";"mortos";"feridos_leves";"feridos_graves";"ilesos";"ignorados";"feridos";"veiculos";"latitude";"longitude";"regional";"delegacia";"uop"
395880;2021-11-14;"domingo";"18:25:00";"RO";364;340,8;"JI-PARANA";"Ausência de reação do condutor";"Colisão transversal";"Com Vítimas Fatais";"Anoitecer";"Crescente";"Nublado";"Dupla";"Interseção de Vias";"Sim";4;1;1;0;2;0;1;2;-10,89263748;-61,93055391;"SPRF-RO";"DEL02-RO";"UOP01-DEL02-RO"
395882;2021-11-14;"domingo";"21:26:00";"CE";222;312;"TIANGUA";"Ingestão de álcool pelo condutor";"Colisão transversal";"Sem Vítimas";"Plena Noite";"Decrescente";"Céu Claro";"Simples";"Reta";"Sim";3;0;0;0;3;0;0;2;-3,71699311;-40,9914242;"SPRF-CE";"DEL04-CE";"UOP02-DEL04-CE"
395884;2021-11-14;"domingo";"21:49:00";"RO";364;344;"JI-PARANA";"Reação tardia ou ineficiente do condutor";"Colisão lateral mesmo sentido";"Com Vítimas Feridas";"Plena Noite";"Decrescente";"Céu Claro";"Dupla";"Reta";"Sim";2;0;0;1;1;0;1;2;-10,87376391;-61,95256893;"SPRF-RO";"DEL02-RO";"UOP01-DEL02-RO"
395885;2021-11-14;"domingo";"17:40:00";"CE";403;26,7;"BELA CRUZ";"Transitar na contramão";"Colisão lateral sentido oposto";"Com Vítimas Fatais";"Pleno dia";"Decrescente";"Sol";"Simples";"Reta";"Sim";2;1;1;0;0;0;1;2;-3,10389999;-40,08336719;"SPRF-CE";"DEL01-CE";"UOP03-DEL01-CE"
395886;2021-11-14;"domingo";"18:40:00";"RS";116;39,2;"VACARIA";"Condutor deixou de manter distância do veículo da frente";"Colisão lateral mesmo sentido";"Com Vítimas Feridas";"Anoitecer";"Decrescente";"Céu Claro";"Simples";"Rotatória";"Sim";4;0;2;0;1;1;2;3;-28,51449714;-50,93477726;"SPRF-RS";"DEL05-RS";"UOP03-DEL05-RS"
395887;2021-11-14;"domingo";"19:25:00";"PR";476;278;"SAO MATEUS DO SUL";"Ingestão de álcool pelo condutor";"Atropelamento de Pedestre";"Com Vítimas Feridas";"Anoitecer";"Decrescente";"Céu Claro";"Simples";"Reta;Aclive";"Sim";2;0;1;1;0;0;2;2;-25,868753;-50,396477;"SPRF-PR";"DEL02-PR";"UOP04-DEL02-PR"
395889;2021-11-14;"domingo";"21:50:00";"SE";101;2,2;"PROPRIA";"Obras na pista";"Queda de ocupante de veículo";"Com Vítimas Feridas";"Plena Noite";"Crescente";"Céu Claro";"Simples";"Em Obras";"Não";1;0;1;0;0;0;1;1;-10,22260924;-36,83049779;"SPRF-SE";"DEL02-SE";"UOP02-DEL02-SE"
395890;2021-11-14;"domingo";"18:50:00";"SP";381;84,9;"SAO PAULO";"Acessar a via sem observar a presença dos outros veículos";"Atropelamento de Pedestre";"Com Vítimas Feridas";"Anoitecer";"Crescente";"Céu Claro";"Dupla";"Reta";"Sim";2;0;1;0;1;0;1;2;-23,43937;-46,56807;"SPRF-SP";"DEL03-SP";"UOP01-DEL03-SP"
395891;2021-11-14;"domingo";"22:50:00";"ES";101;213,2;"IBIRACU";"Ingestão de álcool pelo condutor";"Colisão com objeto";"Sem Vítimas";"Plena Noite";"Crescente";"Céu Claro";"Simples";"Reta";"Sim";1;0;0;0;1;0;0;1;-19,82352998;-40,36981894;"SPRF-ES";"DEL02-ES";"UOP01-DEL02-ES"
395893;2021-11-14;"domingo";"23:15:00";"RJ";101;294;"ITABORAI";"Velocidade Incompatível";"Colisão traseira";"Com Vítimas Feridas";"Plena Noite";"Decrescente";"Céu Claro";"Dupla";"Reta";"Sim";2;0;1;0;1;0;1;2;-22,75924493;-42,89525986;"SPRF-RJ";"DEL02-RJ";"UOP02-DEL02-RJ"
395894;2021-11-14;"domingo";"21:30:00";"MA";316;613,5;"CAXIAS";"Ultrapassagem Indevida";"Colisão lateral sentido oposto";"Com Vítimas Feridas";"Plena Noite";"Decrescente";"Chuva";"Simples";"Aclive";"Sim";2;0;1;0;1;0;1;2;-4,8627712;-43,4241536;"SPRF-MA";"DEL03-MA";"UOP02-DEL03-MA"
395895;2021-11-14;"domingo";"22:30:00";"SC";470;84;"RODEIO";"Ingestão de álcool e/ou substâncias psicoativas pelo pedestre";"Saída de leito carroçável";"Com Vítimas Feridas";"Plena Noite";"Decrescente";"Céu Claro";"Simples";"Reta";"Não";2;0;1;0;1;0;1;1;-26,96137;-49,342415;"SPRF-SC";"DEL04-SC";"UOP01-DEL04-SC"
395896;2021-11-14;"domingo";"23:37:00";"RJ";393;181;"PARAIBA DO SUL";"Velocidade Incompatível";"Capotamento";"Com Vítimas Feridas";"Plena Noite";"Crescente";"Nublado";"Simples";"Curva";"Não";1;0;1;0;0;0;1;1;-22,13626025;-43,25137178;"SPRF-RJ";"DEL05-RJ";"UOP03-DEL05-RJ"
395897;2021-11-14;"domingo";"23:30:00";"SP";116;304;"SAO LOURENCO DA SERRA";"Ausência de reação do condutor";"Saída de leito carroçável";"Sem Vítimas";"Plena Noite";"Decrescente";"Céu Claro";"Dupla";"Curva";"Não";1;0;0;0;1;0;0;1;-23,835151;-46,92964497;"SPRF-SP";"DEL04-SP";"UOP01-DEL04-SP"
395898;2021-11-14;"domingo";"23:55:00";"PR";369;138;"IBIPORA";"Ausência de reação do condutor";"Colisão transversal";"Com Vítimas Feridas";"Plena Noite";"Crescente";"Céu Claro";"Simples";"Reta";"Sim";4;0;2;0;2;0;2;2;-23,27107065;-51,04839742;"SPRF-PR";"DEL07-PR";"UOP01-DEL07-PR"
395899;2021-11-11;"quinta-feira";"20:30:00";"MG";116;94,5;"MEDINA";"Chuva";"Capotamento";"Sem Vítimas";"Plena Noite";"Decrescente";"Chuva";"Simples";"Curva";"Não";1;0;0;0;1;0;0;1;-16,384692;-41,47280999;"SPRF-MG";"DEL11-MG";"UOP02-DEL11-MG"
395900;2021-11-15;"segunda-feira";"01:00:00";"SP";153;61,9;"SAO JOSE DO RIO PRETO";"Ingestão de álcool e/ou substâncias psicoativas pelo pedestre";"Saída de leito carroçável";"Sem Vítimas";"Plena Noite";"Crescente";"Chuva";"Dupla";"Reta";"Sim";1;0;0;0;1;0;0;1;-20,80502876;-49,35574909;"SPRF-SP";"DEL09-SP";"UOP01-DEL09-SP"
395901;2021-11-15;"segunda-feira";"00:45:00";"PE";232;409;"SERRA TALHADA";"Animais na Pista";"Atropelamento de Animal";"Com Vítimas Feridas";"Plena Noite";"Decrescente";"Céu Claro";"Simples";"Reta";"Sim";1;0;0;1;0;0;1;1;-7,981944;-38,289467;"SPRF-PE";"DEL04-PE";"UOP01-DEL04-PE"
395903;2021-11-15;"segunda-feira";"01:40:00";"PE";232;149,1;"SAO CAITANO";"Conversão proibida";"Colisão lateral mesmo sentido";"Sem Vítimas";"Plena Noite";"Crescente";"Céu Claro";"Simples";"Reta";"Não";4;0;0;0;4;0;0;2;-8,32744699;-36,15405;"SPRF-PE";"DEL02-PE";"UOP03-DEL02-PE"
395904;2021-11-15;"segunda-feira";"02:15:00";"SC";101;192;"BIGUACU";"Ingestão de álcool pelo condutor";"Colisão com objeto";"Com Vítimas Feridas";"Plena Noite";"Crescente";"Céu Claro";"Dupla";"Reta";"Não";1;0;1;0;0;0;1;1;-27,48443781;-48,64765238;"SPRF-SC";"DEL01-SC";"UOP01-DEL01-SC"
395906;2021-11-14;"domingo";"22:10:00";"BA";235;81,5;"JEREMOABO";"Animais na Pista";"Atropelamento de Animal";"Com Vítimas Fatais";"Plena Noite";"Decrescente";"Céu Claro";"Simples";"Reta";"Não";2;1;0;1;0;0;1;1;-10,10675616;-38,36314473;"SPRF-BA";"DEL07-BA";"UOP01-DEL07-BA"
395907;2021-11-15;"segunda-feira";"02:30:00";"ES";101;145;"LINHARES";"Ingestão de álcool e/ou substâncias psicoativas pelo pedestre";"Colisão traseira";"Com Vítimas Feridas";"Plena Noite";"Decrescente";"Nublado";"Múltipla";"Interseção de Vias";"Sim";2;0;1;0;1;0;1;2;-19,36089598;-40,06464018;"SPRF-ES";"DEL04-ES";"UOP01-DEL04-ES"
395908;2021-11-15;"segunda-feira";"02:30:00";"SC";101;199;"SAO JOSE";"Velocidade Incompatível";"Colisão com objeto";"Sem Vítimas";"Plena Noite";"Crescente";"Céu Claro";"Dupla";"Reta";"Sim";1;0;0;0;0;1;0;1;-27,53413705;-48,63003205;"SPRF-SC";"DEL01-SC";"UOP01-DEL01-SC"
395909;2021-11-14;"domingo";"17:40:00";"RO";319;56;"PORTO VELHO";"Condutor deixou de manter distância do veículo da frente";"Colisão lateral mesmo sentido";"Com Vítimas Feridas";"Anoitecer";"Decrescente";"Céu Claro";"Simples";"Reta";"Sim";3;0;3;0;0;0;3;2;-8,73982179;-63,91704082;"SPRF-RO";"DEL01-RO";"UOP01-DEL01-RO"
395910;2021-11-15;"segunda-feira";"02:55:00";"PE";104;55;"CARUARU";"Ingestão de álcool pelo condutor";"Colisão traseira";"Sem Vítimas";"Plena Noite";"Decrescente";"Céu Claro";"Dupla";"Declive;Curva";"Não";2;0;0;0;1;1;0;2;-8,2018;-35,9671;"SPRF-PE";"DEL02-PE";"UOP01-DEL02-PE"
395911;2021-11-15;"segunda-feira";"00:30:00";"BA";110;399,8;"SAO SEBASTIAO DO PASSE";"Velocidade Incompatível";"Saída de leito carroçável";"Com Vítimas Feridas";"Plena Noite";"Decrescente";"Chuva";"Simples";"Reta";"Não";1;0;0;1;0;0;1;1;-12,54906;-38,516166;"SPRF-BA";"DEL01-BA";"UOP01-DEL01-BA"
395913;2021-11-15;"segunda-feira";"03:10:00";"ES";101;258;"SERRA";"Ingestão de álcool pelo condutor";"Colisão com objeto";"Sem Vítimas";"Plena Noite";"Decrescente";"Céu Claro";"Dupla";"Reta";"Sim";1;0;0;0;0;1;0;1;-20,13059888;-40,2961019;"SPRF-ES";"DEL02-ES";"UOP01-DEL02-ES"
395914;2021-11-15;"segunda-feira";"02:20:00";"SC";163;73;"SAO MIGUEL DO OESTE";"Ingestão de álcool pelo condutor";"Colisão com objeto";"Sem Vítimas";"Plena Noite";"Crescente";"Céu Claro";"Simples";"Interseção de Vias";"Sim";1;0;0;0;0;1;0;1;-26,71084646;-53,51502434;"SPRF-SC";"DEL07-SC";"UOP03-DEL07-SC"
395915;2021-11-15;"segunda-feira";"02:05:00";"PB";230;123;"RIACHAO DO BACAMARTE";"Animais na Pista";"Atropelamento de Animal";"Sem Vítimas";"Plena Noite";"Crescente";"Céu Claro";"Simples";"Reta";"Não";1;0;0;0;1;0;0;1;-7,2478;-35,6672;"SPRF-PB";"DEL02-PB";"UOP01-DEL02-PB"
395916;2021-11-15;"segunda-feira";"02:35:00";"PR";277;77;"CURITIBA";"Ingestão de álcool pelo condutor";"Colisão lateral sentido oposto";"Com Vítimas Feridas";"Plena Noite";"Decrescente";"Nublado";"Dupla";"Declive";"Sim";3;0;0;1;1;1;1;3;-25,47969695;-49,19960976;"SPRF-PR";"DEL01-PR";"UOP01-DEL01-PR"
395918;2021-11-15;"segunda-feira";"00:45:00";"MS";163;499,2;"CAMPO GRANDE";"Condutor Dormindo";"Saída de leito carroçável";"Sem Vítimas";"Plena Noite";"Decrescente";"Nublado";"Simples";"Reta";"Não";1;0;0;0;0;1;0;1;-20,334964;-54,518658;"SPRF-MS";"DEL01-MS";"UOP02-DEL01-MS"
395920;2021-11-15;"segunda-feira";"01:20:00";"MG";116;66;"MEDINA";"Frear bruscamente";"Colisão lateral mesmo sentido";"Com Vítimas Feridas";"Plena Noite";"Decrescente";"Céu Claro";"Simples";"Curva";"Não";2;0;1;0;1;0;1;2;-16,17495978;-41,45198214;"SPRF-MG";"DEL11-MG";"UOP02-DEL11-MG"
395921;2021-11-15;"segunda-feira";"02:35:00";"SC";101;281;"IMBITUBA";"Reação tardia ou ineficiente do condutor";"Colisão com objeto";"Com Vítimas Feridas";"Plena Noite";"Crescente";"Céu Claro";"Dupla";"Reta";"Não";1;0;1;0;0;0;1;1;-28,18793595;-48,69652041;"SPRF-SC";"DEL02-SC";"UOP03-DEL02-SC"
395924;2021-11-15;"segunda-feira";"01:50:00";"TO";153;396,8;"RIO DOS BOIS";"Reação tardia ou ineficiente do condutor";"Capotamento";"Com Vítimas Feridas";"Plena Noite";"Crescente";"Nublado";"Simples";"Reta;Declive";"Não";2;0;2;0;0;0;2;1;-9,37595898;-48,55800703;"SPRF-TO";"DEL02-TO";"UOP02-DEL02-TO"
395925;2021-11-15;"segunda-feira";"03:20:00";"DF";40;8,2;"BRASILIA";"Condutor deixou de manter distância do veículo da frente";"Colisão lateral mesmo sentido";"Com Vítimas Feridas";"Plena Noite";"Crescente";"Nevoeiro/Neblina";"Dupla";"Reta";"Sim";5;0;4;0;1;0;4;2;-16,038666;-47,979691;"SPRF-DF";"DEL01-DF";"UOP01-DEL01-DF"
395926;2021-11-14;"domingo";"23:43:00";"MA";230;339,4;"SAO RAIMUNDO DAS MANGABEIRAS";"Ingestão de álcool pelo condutor";"Colisão lateral sentido oposto";"Com Vítimas Feridas";"Plena Noite";"Decrescente";"Céu Claro";"Simples";"Declive;Reta";"Não";3;0;1;0;2;0;1;3;-7,11880929;-45,66687785;"SPRF-MA";"DEL05-MA";"UOP01-DEL05-MA"
395929;2021-11-15;"segunda-feira";"04:40:00";"PR";277;666,1;"MEDIANEIRA";"Reação tardia ou ineficiente do condutor";"Colisão traseira";"Com Vítimas Fatais";"Plena Noite";"Decrescente";"Céu Claro";"Dupla";"Declive";"Não";3;2;0;0;1;0;0;2;-25,261665;-54,046963;"SPRF-PR";"DEL05-PR";"UOP02-DEL05-PR"
395930;2021-11-15;"segunda-feira";"03:00:00";"MT";364;402;"CUIABA";"Chuva";"Queda de ocupante de veículo";"Com Vítimas Feridas";"Plena Noite";"Decrescente";"Chuva";"Dupla";"Aclive;Viaduto";"Sim";1;0;0;1;0;0;1;1;-15,6493;-56,00122;"SPRF-MT";"DEL01-MT";"UOP02-DEL01-MT"
395932;2021-11-15;"segunda-feira";"04:55:00";"RS";392;347;"SANTA MARIA";"Ingestão de álcool pelo condutor";"Colisão transversal";"Com Vítimas Feridas";"Amanhecer";"Crescente";"Céu Claro";"Simples";"Reta";"Sim";3;0;2;0;1;0;2;2;-29,76899673;-53,78433108;"SPRF-RS";"DEL09-RS";"UOP01-DEL09-RS"
395933;2021-11-15;"segunda-feira";"03:30:00";"ES";259;26;"COLATINA";"Ausência de reação do condutor";"Capotamento";"Com Vítimas Feridas";"Plena Noite";"Crescente";"Céu Claro";"Simples";"Curva";"Não";1;0;0;1;0;0;1;1;-19,61871078;-40,48626688;"SPRF-ES";"DEL02-ES";"UOP01-DEL02-ES"
395934;2021-11-15;"segunda-feira";"03:15:00";"RS";290;70;"GRAVATAI";"Ausência de reação do condutor";"Saída de leito carroçável";"Com Vítimas Feridas";"Plena Noite";"Decrescente";"Nublado";"Dupla";"Reta";"Não";1;0;1;0;0;0;1;1;-29,948678;-50,957764;"SPRF-RS";"DEL03-RS";"UOP01-DEL03-RS"
395935;2021-11-15;"segunda-feira";"05:20:00";"RS";116;268;"CANOAS";"Ingestão de álcool pelo condutor";"Colisão traseira";"Sem Vítimas";"Amanhecer";"Decrescente";"Céu Claro";"Múltipla";"Reta";"Sim";2;0;0;0;2;0;0;2;-29,95042502;-51,17652939;"SPRF-RS";"DEL01-RS";"UOP01-DEL01-RS"
395936;2021-11-15;"segunda-feira";"04:15:00";"PE";101;102,2;"CABO DE SANTO AGOSTINHO";"Pedestre andava na pista";"Atropelamento de Pedestre";"Com Vítimas Fatais";"Amanhecer";"Crescente";"Nublado";"Dupla";"Curva";"Não";2;1;0;0;0;1;0;2;-8,285902;-35,058033;"SPRF-PE";"DEL01-PE";"UOP01-DEL01-PE"
395939;2021-11-15;"segunda-feira";"03:15:00";"SP";116;53;"LORENA";"Ingestão de álcool pelo condutor";"Saída de leito carroçável";"Com Vítimas Feridas";"Plena Noite";"Decrescente";"Nublado";"Dupla";"Viaduto;Interseção de Vias;Curva;Declive";"Sim";1;0;0;1;0;0;1;1;-22,75255433;-45,10741076;"SPRF-SP";"DEL08-SP";"UOP02-DEL08-SP"
395942;2021-11-15;"segunda-feira";"06:40:00";"BA";116;432;"FEIRA DE SANTANA";"Pista Escorregadia";"Saída de leito carroçável";"Com Vítimas Feridas";"Pleno dia";"Decrescente";"Céu Claro";"Simples";"Curva;Declive";"Não";1;0;0;1;0;0;1;1;-12,28799812;-39,00553299;"SPRF-BA";"DEL02-BA";"UOP01-DEL02-BA"
395943;2021-11-15;"segunda-feira";"06:22:00";"MG";40;553,8;"NOVA LIMA";"Reação tardia ou ineficiente do condutor";"Saída de leito carroçável";"Sem Vítimas";"Amanhecer";"Crescente";"Sol";"Dupla";"Curva";"Sim";1;0;0;0;1;0;0;1;-20,06863326;-43,98194759;"SPRF-MG";"DEL01-MG";"UOP02-DEL01-MG"
395944;2021-11-15;"segunda-feira";"06:55:00";"PE";101;82;"JABOATAO DOS GUARARAPES";"Acessar a via sem observar a presença dos outros veículos";"Colisão traseira";"Com Vítimas Feridas";"Pleno dia";"Crescente";"Sol";"Múltipla";"Reta";"Sim";3;0;1;0;2;0;1;2;-8,17093491;-34,93890524;"SPRF-PE";"DEL01-PE";"UOP01-DEL01-PE"
395945;2021-11-15;"segunda-feira";"06:30:00";"PR";163;109,8;"CAPANEMA";"Reação tardia ou ineficiente do condutor";"Saída de leito carroçável";"Com Vítimas Feridas";"Pleno dia";"Crescente";"Nublado";"Simples";"Reta";"Não";1;0;0;1;0;0;1;1;-25,6107186;-53,70691797;"SPRF-PR";"DEL02-PR";"UOP02-DEL02-PR"
395946;2021-11-14;"domingo";"23:40:00";"PR";476;192;"LAPA";"Ingestão de álcool pelo condutor";"Saída de leito carroçável";"Com Vítimas Feridas";"Plena Noite";"Decrescente";"Céu Claro";"Simples";"Curva;Aclive";"Não";1;0;1;0;0;0;1;1;-25,7293;-49,701283;"SPRF-PR";"DEL02-PR";"UOP04-DEL02-PR"
395948;2021-09-11;"sábado";"11:35:00";"RS";116;243,5;"SAO LEOPOLDO";"Condutor deixou de manter distância do veículo da frente";"Colisão traseira";"Com Vítimas Feridas";"Pleno dia";"Crescente";"Sol";"Dupla";"Reta";"Sim";3;0;1;0;2;0;1;3;-29,73196199;-51,14952004;"SPRF-RS";"DEL01-RS";"UOP02-DEL01-RS"
395949;2021-11-15;"segunda-feira";"06:30:00";"SP";116;226;"GUARULHOS";"Reação tardia ou ineficiente do condutor";"Colisão traseira";"Sem Vítimas";"Amanhecer";"Crescente";"Céu Claro";"Múltipla";"Reta";"Não";2;0;0;0;1;1;0;2;-23,49102507;-46,54878195;"SPRF-SP";"DEL01-SP";"UOP01-DEL01-SP"
395951;2021-11-15;"segunda-feira";"06:40:00";"PR";369;501,3;"CORBELIA";"Ingestão de álcool pelo condutor";"Tombamento";"Sem Vítimas";"Pleno dia";"Crescente";"Céu Claro";"Simples";"Reta";"Sim";1;0;0;0;1;0;0;1;-24,7919;-53,2884;"SPRF-PR";"DEL04-PR";"UOP03-DEL04-PR"
395952;2021-11-15;"segunda-feira";"07:10:00";"SP";116;133,9;"CACAPAVA";"Condutor deixou de manter distância do veículo da frente";"Colisão traseira";"Com Vítimas Feridas";"Pleno dia";"Crescente";"Céu Claro";"Dupla";"Reta";"Não";2;0;1;0;1;0;1;2;-23,1359564;-45,7532708;"SPRF-SP";"DEL02-SP";"UOP02-DEL02-SP"
395953;2021-11-15;"segunda-feira";"06:45:00";"PR";277;673;"MEDIANEIRA";"Ingestão de álcool pelo condutor";"Saída de leito carroçável";"Sem Vítimas";"Pleno dia";"Decrescente";"Céu Claro";"Dupla";"Reta";"Sim";1;0;0;0;1;0;0;1;-25,29056476;-54,10646111;"SPRF-PR";"DEL05-PR";"UOP01-DEL05-PR"
395954;2021-11-14;"domingo";"21:45:00";"BA";116;255;"TUCANO";"Pista esburacada";"Colisão lateral sentido oposto";"Com Vítimas Feridas";"Plena Noite";"Decrescente";"Garoa/Chuvisco";"Simples";"Aclive";"Não";1;0;0;1;0;0;1;1;-10,81449105;-38,8718131;"SPRF-BA";"DEL07-BA";"UOP02-DEL07-BA"
395956;2021-11-15;"segunda-feira";"07:55:00";"RJ";116;190;"QUEIMADOS";"Reação tardia ou ineficiente do condutor";"Colisão traseira";"Com Vítimas Feridas";"Pleno dia";"Crescente";"Sol";"Dupla";"Reta";"Sim";4;0;2;0;1;1;2;3;-22,7326677;-43,5574014;"SPRF-RJ";"DEL01-RJ";"UOP02-DEL01-RJ"
395957;2021-11-15;"segunda-feira";"06:30:00";"SP";381;86;"SAO PAULO";"Velocidade Incompatível";"Colisão traseira";"Com Vítimas Feridas";"Pleno dia";"Crescente";"Céu Claro";"Múltipla";"Reta";"Sim";3;0;0;1;1;1;1;3;-23,45930499;-46,57161179;"SPRF-SP";"DEL03-SP";"UOP01-DEL03-SP"
395964;2021-11-15;"segunda-feira";"08:00:00";"MT";163;119;"RONDONOPOLIS";"Acumulo de água sobre o pavimento";"Queda de ocupante de veículo";"Com Vítimas Feridas";"Pleno dia";"Crescente";"Chuva";"Dupla";"Reta";"Sim";1;0;1;0;0;0;1;1;-16,505412;-54,65154;"SPRF-MT";"DEL02-MT";"UOP01-DEL02-MT"
395965;2021-11-03;"quarta-feira";"19:50:00";"SC";116;246;"LAGES";"Acessar a via sem observar a presença dos outros veículos";"Colisão transversal";"Com Vítimas Feridas";"Plena Noite";"Crescente";"Chuva";"Simples";"Reta";"Sim";3;0;3;0;0;0;3;2;-27,80419942;-50,36509464;"SPRF-SC";"DEL05-SC";"UOP02-DEL05-SC"
395966;2021-11-08;"segunda-feira";"16:50:00";"MS";163;680;"RIO VERDE DE MATO GROSSO";"Acessar a via sem observar a presença dos outros veículos";"Colisão transversal";"Com Vítimas Feridas";"Anoitecer";"Crescente";"Céu Claro";"Simples";"Reta";"Sim";2;0;0;1;1;0;1;2;-18,92417173;-54,83538529;"SPRF-MS";"DEL06-MS";"UOP02-DEL06-MS"
395967;2021-11-15;"segunda-feira";"08:40:00";"ES";101;349,9;"ANCHIETA";"Ingestão de álcool pelo condutor";"Capotamento";"Com Vítimas Feridas";"Pleno dia";"Crescente";"Nublado";"Simples";"Curva";"Não";3;0;1;2;0;0;3;1;-20,6527553;-40,64346758;"SPRF-ES";"DEL03-ES";"UOP01-DEL03-ES"
395968;2021-11-15;"segunda-feira";"07:40:00";"PI";343;592;"FLORIANO";"Animais na Pista";"Atropelamento de Animal";"Com Vítimas Feridas";"Pleno dia";"Decrescente";"Céu Claro";"Dupla";"Reta";"Sim";1;0;1;0;0;0;1;1;-6,777731;-43,031559;"SPRF-PI";"DEL03-PI";"UOP01-DEL03-PI"
395969;2021-11-15;"segunda-feira";"09:35:00";"ES";101;54;"CONCEICAO DA BARRA";"Reação tardia ou ineficiente do condutor";"Colisão lateral mesmo sentido";"Com Vítimas Feridas";"Pleno dia";"Decrescente";"Nublado";"Simples";"Reta";"Não";5;0;2;0;3;0;2;2;-18,62067908;-39,88189225;"SPRF-ES";"DEL04-ES";"UOP02-DEL04-ES"
395970;2021-10-17;"domingo";"19:40:00";"SC";101;38;"JOINVILLE";"Desrespeitar a preferência no cruzamento";"Colisão transversal";"Com Vítimas Feridas";"Plena Noite";"Decrescente";"Chuva";"Simples";"Interseção de Vias";"Sim";2;0;1;0;0;1;1;2;-26,29628137;-48,88425708;"SPRF-SC";"DEL03-SC";"UOP01-DEL03-SC"
395974;2021-11-15;"segunda-feira";"10:10:00";"PR";277;134,7;"BALSA NOVA";"Condutor deixou de manter distância do veículo da frente";"Colisão traseira";"Com Vítimas Feridas";"Pleno dia";"Decrescente";"Sol";"Dupla";"Reta";"Não";2;0;1;0;1;0;1;2;-25,47148351;-49,69047546;"SPRF-PR";"DEL01-PR";"UOP03-DEL03-PR"
395977;2021-11-15;"segunda-feira";"10:20:00";"SC";101;446;"SANTA ROSA DO SUL";"Avarias e/ou desgaste excessivo no pneu";"Queda de ocupante de veículo";"Com Vítimas Feridas";"Pleno dia";"Crescente";"Céu Claro";"Dupla";"Reta";"Sim";2;0;2;0;0;0;2;1;-29,14529081;-49,72240128;"SPRF-SC";"DEL02-SC";"UOP02-DEL02-SC"
395978;2021-11-15;"segunda-feira";"10:50:00";"RJ";393;268;"BARRA DO PIRAI";"Acessar a via sem observar a presença dos outros veículos";"Colisão transversal";"Com Vítimas Feridas";"Pleno dia";"Crescente";"Céu Claro";"Simples";"Interseção de Vias";"Não";6;0;3;0;3;0;3;2;-22,48780458;-43,90932706;"SPRF-RJ";"DEL05-RJ";"UOP04-DEL05-RJ"
395979;2021-11-15;"segunda-feira";"11:00:00";"SC";470;34,9;"GASPAR";"Ultrapassagem Indevida";"Colisão transversal";"Com Vítimas Feridas";"Pleno dia";"Decrescente";"Sol";"Simples";"Interseção de Vias;Reta";"Sim";3;0;2;0;1;0;2;2;-26,91304874;-48,95984173;"SPRF-SC";"DEL04-SC";"UOP01-DEL04-SC"
395982;2021-11-14;"domingo";"00:30:00";"MT";163;780;"SORRISO";"Ausência de reação do condutor";"Saída de leito carroçável";"Sem Vítimas";"Plena Noite";"Decrescente";"Céu Claro";"Simples";"Reta";"Não";1;0;0;0;0;1;0;1;-12,44381988;-55,65547316;"SPRF-MT";"DEL06-MT";"UOP01-DEL06-MT"
395983;2021-11-15;"segunda-feira";"11:10:00";"GO";153;230;"HIDROLINA";"Objeto estático sobre o leito carroçável";"Queda de ocupante de veículo";"Com Vítimas Feridas";"Pleno dia";"Decrescente";"Nublado";"Simples";"Declive";"Não";1;0;0;1;0;0;1;1;-14,762951;-49,261051;"SPRF-GO";"DEL07-GO";"UOP02-DEL07-GO"
395984;2021-11-15;"segunda-feira";"09:50:00";"BA";324;530;"FEIRA DE SANTANA";"Chuva";"Saída de leito carroçável";"Com Vítimas Feridas";"Pleno dia";"Decrescente";"Garoa/Chuvisco";"Múltipla";"Rotatória";"Não";1;0;1;0;0;0;1;1;-12,32818491;-38,86174193;"SPRF-BA";"DEL01-BA";"UOP03-DEL01-BA"
395986;2021-11-15;"segunda-feira";"11:15:00";"MG";381;2;"BETIM";"Velocidade Incompatível";"Colisão com objeto";"Com Vítimas Feridas";"Pleno dia";"Crescente";"Sol";"Dupla";"Curva";"Não";2;0;2;0;0;0;2;1;-19,96825;-44,198708;"SPRF-MG";"DEL01-MG";"UOP03-DEL01-MG"
395987;2021-11-15;"segunda-feira";"08:15:00";"BA";324;543;"AMELIA RODRIGUES";"Chuva";"Colisão com objeto";"Com Vítimas Feridas";"Pleno dia";"Decrescente";"Chuva";"Dupla";"Reta";"Sim";1;0;1;0;0;0;1;1;-12,39713005;-38,76807002;"SPRF-BA";"DEL01-BA";"UOP03-DEL01-BA"
395990;2021-11-15;"segunda-feira";"11:25:00";"RS";116;555;"CAPAO DO LEAO";"Demais falhas mecânicas ou elétricas";"Colisão com objeto";"Com Vítimas Feridas";"Pleno dia";"Crescente";"Céu Claro";"Simples";"Reta";"Não";1;0;1;0;0;0;1;1;-31,88786418;-52,64774289;"SPRF-RS";"DEL07-RS";"UOP03-DEL07-RS"
395991;2021-11-15;"segunda-feira";"11:40:00";"DF";80;14,2;"BRASILIA";"Reação tardia ou ineficiente do condutor";"Colisão transversal";"Sem Vítimas";"Pleno dia";"Crescente";"Nublado";"Simples";"Aclive;Reta";"Não";7;0;0;0;6;1;0;3;-15,719034;-48,196686;"SPRF-DF";"DEL03-DF";"UOP02-DEL03-DF"