"id";"data_inversa";"dia_semana";"horario";"uf";"br";"km";"municipio";"causa_acidente";"tipo_acidente";"classificacao_acidente";"fase_dia";"sentido_via";"condicao_metereologica";"tipo_pista";"tracado_via";"uso_solo";"pessoas";"mortos";"feridos_leves";"feridos_graves";"ilesos";"ignorados";"feridos";"veiculos";"latitude";"longitude";"regional";"delegacia";"uop"
396106;2021-11-16;"terça-feira";"01:15:00";"PE";101;51;"ABREU E LIMA";"Ausência de reação do condutor";"Colisão com objeto";"Sem Vítimas";"Plena Noite";"Decrescente";"Céu Claro";"Dupla";"Reta";"Sim";1;0;0;0;0;1;0;1;-7,9169968;-34,89689272;"SPRF-PE";"DEL01-PE";"UOP02-DEL01-PE"
396107;2021-11-15;"segunda-feira";"23:25:00";"SC";282;657,8;"SAO MIGUEL DO OESTE";"Ingestão de álcool pelo condutor";"Saída de leito carroçável";"Com Vítimas Feridas";"Plena Noite";"Crescente";"Céu Claro";"Simples";"Curva";"Não";1;0;1;0;0;0;1;1;-26,691545;-53,543961;"SPRF-SC";"DEL07-SC";"UOP03-DEL07-SC"
396109;2021-11-16;"terça-feira";"00:00:00";"RJ";495;15;"PETROPOLIS";"Reação tardia ou ineficiente do condutor";"Saída de leito carroçável";"Com Vítimas Feridas";"Plena Noite";"Crescente";"Céu Claro";"Simples";"Declive";"Não";1;0;1;0;0;0;1;1;-22,418934;-43,05574;"SPRF-RJ";"DEL06-RJ";"UOP01-DEL06-RJ"
396110;2021-11-16;"terça-feira";"02:40:00";"PR";277;290;"PRUDENTOPOLIS";"Animais na Pista";"Atropelamento de Animal";"Com Vítimas Feridas";"Plena Noite";"Decrescente";"Ignorado";"Simples";"Reta";"Não";3;0;2;0;1;0;2;2;-25,31633695;-51,00333202;"SPRF-PR";"DEL03-PR";"UOP03-DEL03-PR"
396116;2021-11-14;"domingo";"06:20:00";"CE";116;14,2;"FORTALEZA";"Pista Escorregadia";"Tombamento";"Com Vítimas Feridas";"Pleno dia";"Crescente";"Nublado";"Múltipla";"Viaduto";"Sim";2;0;1;0;1;0;1;1;-3,87048458;-38,49953771;"SPRF-CE";"DEL01-CE";"UOP02-DEL01-CE"
396120;2021-11-15;"segunda-feira";"19:05:00";"BA";116;302;"TUCANO";"Animais na Pista";"Atropelamento de Animal";"Com Vítimas Feridas";"Plena Noite";"Decrescente";"Céu Claro";"Simples";"Reta";"Não";4;0;2;1;1;0;3;2;-11,18766398;-38,86533737;"SPRF-BA";"DEL02-BA";"UOP01-DEL02-BA"
396122;2021-11-16;"terça-feira";"05:15:00";"MG";153;43;"MONTE ALEGRE DE MINAS";"Condutor Dormindo";"Capotamento";"Com Vítimas Feridas";"Amanhecer";"Decrescente";"Céu Claro";"Dupla";"Curva";"Não";4;0;2;2;0;0;4;1;-18,76410695;-49,07452386;"SPRF-MG";"DEL15-MG";"UOP03-DEL15-MG"
396123;2021-11-15;"segunda-feira";"17:40:00";"PE";232;176;"BELO JARDIM";"Sinalização mal posicionada";"Colisão transversal";"Sem Vítimas";"Anoitecer";"Decrescente";"Nublado";"Simples";"Reta";"Não";5;0;0;0;4;1;0;2;-8,34573608;-36,39481995;"SPRF-PE";"DEL02-PE";"UOP03-DEL02-PE"
396124;2021-11-15;"segunda-feira";"22:30:00";"SC";153;110,5;"CONCORDIA";"Velocidade Incompatível";"Queda de ocupante de veículo";"Com Vítimas Feridas";"Plena Noite";"Crescente";"Céu Claro";"Simples";"Curva";"Não";1;0;1;0;0;0;1;1;-27,313625;-51,984699;"SPRF-SC";"DEL07-SC";"UOP04-DEL07-SC"
396125;2021-11-16;"terça-feira";"07:00:00";"ES";262;103,5;"VENDA NOVA DO IMIGRANTE";"Manobra de mudança de faixa";"Colisão lateral mesmo sentido";"Com Vítimas Feridas";"Pleno dia";"Crescente";"Sol";"Simples";"Reta";"Sim";3;0;3;0;0;0;3;2;-20,33657022;-41,12201819;"SPRF-ES";"DEL01-ES";"UOP02-DEL01-ES"
396126;2021-11-15;"segunda-feira";"16:10:00";"BA";116;448;"ANTONIO CARDOSO";"Chuva";"Queda de ocupante de veículo";"Com Vítimas Feridas";"Pleno dia";"Decrescente";"Chuva";"Dupla";"Reta";"Não";1;0;1;0;0;0;1;1;-12,36969389;-39,11399209;"SPRF-BA";"DEL02-BA";"UOP01-DEL02-BA"
396129;2021-11-16;"terça-feira";"06:25:00";"SC";101;239,4;"PALHOCA";"Condutor Dormindo";"Saída de leito carroçável";"Com Vítimas Feridas";"Pleno dia";"Decrescente";"Nublado";"Dupla";"Reta";"Sim";2;0;2;0;0;0;2;1;-27,85046883;-48,63955216;"SPRF-SC";"DEL01-SC";"UOP02-DEL01-SC"
396130;2021-11-16;"terça-feira";"07:20:00";"MG";40;553;"NOVA LIMA";"Ausência de reação do condutor";"Colisão traseira";"Com Vítimas Feridas";"Pleno dia";"Decrescente";"Nublado";"Dupla";"Curva";"Sim";2;0;0;1;1;0;1;2;-20,06863326;-43,98194759;"SPRF-MG";"DEL01-MG";"UOP02-DEL01-MG"
396133;2021-11-16;"terça-feira";"07:00:00";"PB";101;82;"BAYEUX";"Condutor deixou de manter distância do veículo da frente";"Colisão traseira";"Com Vítimas Feridas";"Pleno dia";"Crescente";"Sol";"Dupla";"Reta";"Sim";3;0;2;0;1;0;2;2;-7,12911;-34,93714;"SPRF-PB";"DEL01-PB";"UOP01-DEL01-PB"
396135;2021-11-16;"terça-feira";"00:30:00";"MG";381;623,7;"OLIVEIRA";"Condutor Dormindo";"Saída de leito carroçável";"Com Vítimas Feridas";"Plena Noite";"Decrescente";"Nublado";"Dupla";"Declive;Reta";"Não";1;0;1;0;0;0;1;1;-20,78494031;-44,78546867;"SPRF-MG";"DEL04-MG";"UOP01-DEL04-MG"
396136;2021-11-16;"terça-feira";"06:40:00";"MT";70;524;"VARZEA GRANDE";"Reação tardia ou ineficiente do condutor";"Colisão transversal";"Com Vítimas Feridas";"Pleno dia";"Decrescente";"Sol";"Simples";"Rotatória";"Sim";2;0;1;0;1;0;1;2;-15,65018308;-56,19589675;"SPRF-MT";"DEL01-MT";"UOP02-DEL01-MT"
396138;2021-11-16;"terça-feira";"07:35:00";"GO";70;1;"AGUAS LINDAS DE GOIAS";"Condutor deixou de manter distância do veículo da frente";"Colisão traseira";"Com Vítimas Feridas";"Pleno dia";"Decrescente";"Chuva";"Dupla";"Reta";"Não";3;0;1;0;2;0;1;2;-15,77579351;-48,23259001;"SPRF-DF";"DEL03-DF";"UOP02-DEL03-DF"
396139;2021-11-16;"terça-feira";"07:40:00";"SP";101;40;"UBATUBA";"Acessar a via sem observar a presença dos outros veículos";"Colisão transversal";"Com Vítimas Fatais";"Pleno dia";"Crescente";"Céu Claro";"Simples";"Reta";"Sim";6;1;0;0;4;1;0;3;-23,41495528;-45,03516778;"SPRF-SP";"DEL06-SP";"UOP01-DEL06-SP"
396141;2021-11-16;"terça-feira";"07:20:00";"PA";316;50,2;"SANTA IZABEL DO PARA";"Reação tardia ou ineficiente do condutor";"Saída de leito carroçável";"Com Vítimas Feridas";"Pleno dia";"Decrescente";"Nublado";"Dupla";"Curva";"Não";2;0;2;0;0;0;2;1;-1,306829;-48,040035;"SPRF-PA";"DEL01-PA";"UOP01-DEL01-PA"
396143;2021-11-16;"terça-feira";"07:30:00";"BA";116;419,5;"FEIRA DE SANTANA";"Condutor deixou de manter distância do veículo da frente";"Colisão traseira";"Com Vítimas Feridas";"Pleno dia";"Crescente";"Chuva";"Múltipla";"Reta";"Sim";3;0;1;1;1;0;2;2;-12,194529;-38,965336;"SPRF-BA";"DEL02-BA";"UOP01-DEL02-BA"
396145;2021-11-16;"terça-feira";"07:30:00";"SC";470;57;"BLUMENAU";"Desrespeitar a preferência no cruzamento";"Colisão transversal";"Com Vítimas Feridas";"Pleno dia";"Decrescente";"Nublado";"Simples";"Interseção de Vias";"Sim";3;0;1;0;2;0;1;3;-26,88409576;-49,14660062;"SPRF-SC";"DEL04-SC";"UOP01-DEL04-SC"
396146;2021-11-16;"terça-feira";"07:55:00";"PR";469;14,9;"FOZ DO IGUACU";"Desrespeitar a preferência no cruzamento";"Colisão transversal";"Com Vítimas Feridas";"Pleno dia";"Decrescente";"Céu Claro";"Simples";"Interseção de Vias;Aclive";"Sim";2;0;1;0;1;0;1;2;-25,57753697;-54,54241991;"SPRF-PR";"DEL05-PR";"UOP04-DEL05-PR"
396148;2021-11-16;"terça-feira";"08:30:00";"GO";158;155;"CAIAPONIA";"Acessar a via sem observar a presença dos outros veículos";"Colisão transversal";"Com Vítimas Feridas";"Pleno dia";"Crescente";"Nublado";"Simples";"Interseção de Vias";"Não";5;0;1;0;4;0;1;2;-16,932554;-51,82392;"SPRF-GO";"DEL04-GO";"UOP01-DEL04-GO"
396149;2021-11-16;"terça-feira";"08:00:00";"PR";376;621;"SAO JOSE DOS PINHAIS";"Reação tardia ou ineficiente do condutor";"Engavetamento";"Com Vítimas Feridas";"Pleno dia";"Decrescente";"Céu Claro";"Dupla";"Reta";"Não";6;0;1;0;5;0;1;5;-25,61783292;-49,1690968;"SPRF-PR";"DEL01-PR";"UOP04-DEL01-PR"
396150;2021-11-16;"terça-feira";"07:00:00";"PR";376;174,7;"MARINGA";"Transitar na contramão";"Colisão transversal";"Com Vítimas Feridas";"Pleno dia";"Decrescente";"Sol";"Dupla";"Reta";"Sim";2;0;2;0;0;0;2;2;-23,41430102;-51,94984299;"SPRF-PR";"DEL09-PR";"UOP01-DEL09-PR"
396151;2021-11-16;"terça-feira";"08:30:00";"MG";381;487;"BETIM";"Velocidade Incompatível";"Colisão traseira";"Com Vítimas Feridas";"Pleno dia";"Crescente";"Céu Claro";"Dupla";"Declive";"Sim";2;0;1;0;1;0;1;2;-19,95586853;-44,14609501;"SPRF-MG";"DEL01-MG";"UOP03-DEL01-MG"
396152;2021-11-16;"terça-feira";"09:00:00";"RN";427;99,8;"CAICO";"Acessar a via sem observar a presença dos outros veículos";"Colisão transversal";"Com Vítimas Feridas";"Pleno dia";"Crescente";"Sol";"Simples";"Reta";"Sim";2;0;1;0;1;0;1;2;-6,45929918;-37,09847983;"SPRF-RN";"DEL03-RN";"UOP01-DEL03-RN"
396155;2021-11-16;"terça-feira";"07:20:00";"PE";232;462;"SAO JOSE DO BELMONTE";"Acessar a via sem observar a presença dos outros veículos";"Colisão lateral mesmo sentido";"Com Vítimas Feridas";"Pleno dia";"Crescente";"Céu Claro";"Simples";"Reta";"Não";2;0;0;1;1;0;1;2;-8,01935472;-38,70660414;"SPRF-PE";"DEL05-PE";"UOP01-DEL05-PE"
396157;2021-11-16;"terça-feira";"07:00:00";"BA";116;439;"FEIRA DE SANTANA";"Chuva";"Capotamento";"Com Vítimas Feridas";"Pleno dia";"Decrescente";"Chuva";"Dupla";"Curva";"Não";4;0;4;0;0;0;4;1;-12,30692392;-39,04256272;"SPRF-BA";"DEL02-BA";"UOP01-DEL02-BA"
396158;2021-11-16;"terça-feira";"09:35:00";"PE";428;187,9;"PETROLINA";"Desrespeitar a preferência no cruzamento";"Colisão transversal";"Com Vítimas Feridas";"Pleno dia";"Crescente";"Céu Claro";"Simples";"Reta";"Sim";2;0;1;0;1;0;1;2;-9,372928;-40,487629;"SPRF-PE";"DEL06-PE";"UOP01-DEL06-PE"
396159;2021-11-16;"terça-feira";"08:45:00";"PR";376;626;"SAO JOSE DOS PINHAIS";"Manobra de mudança de faixa";"Colisão traseira";"Com Vítimas Feridas";"Pleno dia";"Decrescente";"Céu Claro";"Dupla";"Reta";"Não";3;0;1;0;2;0;1;2;-25,6717682;-49,15152878;"SPRF-PR";"DEL01-PR";"UOP04-DEL01-PR"
396162;2021-11-16;"terça-feira";"07:00:00";"RJ";101;264;"RIO BONITO";"Demais falhas mecânicas ou elétricas";"Incêndio";"Sem Vítimas";"Pleno dia";"Decrescente";"Céu Claro";"Dupla";"Reta";"Não";1;0;0;0;0;1;0;1;-22,71139378;-42,61157199;"SPRF-RJ";"DEL02-RJ";"UOP03-DEL02-RJ"
396164;2021-11-16;"terça-feira";"09:35:00";"SC";101;139;"BALNEARIO CAMBORIU";"Condutor deixou de manter distância do veículo da frente";"Colisão traseira";"Sem Vítimas";"Pleno dia";"Decrescente";"Céu Claro";"Dupla";"Reta";"Não";3;0;0;0;3;0;0;3;-27,02982303;-48,60115006;"SPRF-SC";"DEL04-SC";"UOP03-DEL04-SC"
396165;2021-11-16;"terça-feira";"09:00:00";"BA";116;342;"TEOFILANDIA";"Chuva";"Colisão lateral sentido oposto";"Com Vítimas Feridas";"Pleno dia";"Decrescente";"Chuva";"Simples";"Reta";"Não";2;0;0;1;1;0;1;2;-11,52004801;-38,99385608;"SPRF-BA";"DEL02-BA";"UOP01-DEL02-BA"
396166;2021-11-16;"terça-feira";"04:00:00";"BA";324;254;"JACOBINA";"Reação tardia ou ineficiente do condutor";"Saída de leito carroçável";"Com Vítimas Feridas";"Plena Noite";"Decrescente";"Garoa/Chuvisco";"Simples";"Reta";"Não";2;0;1;1;0;0;2;1;-11,139059;-40,593475;"SPRF-BA";"DEL04-BA";"UOP02-DEL04-BA"
396167;2021-11-16;"terça-feira";"09:10:00";"RO";319;61,8;"PORTO VELHO";"Reação tardia ou ineficiente do condutor";"Colisão traseira";"Com Vítimas Feridas";"Pleno dia";"Crescente";"Céu Claro";"Dupla";"Interseção de Vias";"Sim";3;0;2;0;1;0;2;2;-8,766685;-63,884052;"SPRF-RO";"DEL01-RO";"UOP01-DEL01-RO"
396170;2021-11-16;"terça-feira";"10:30:00";"PE";232;53,6;"POMBOS";"Ausência de reação do condutor";"Colisão com objeto";"Com Vítimas Feridas";"Pleno dia";"Decrescente";"Sol";"Dupla";"Reta";"Sim";3;0;0;3;0;0;3;1;-8,13014263;-35,3484723;"SPRF-PE";"DEL02-PE";"UOP02-DEL02PE"
396171;2021-11-16;"terça-feira";"11:00:00";"RJ";101;314;"SAO GONCALO";"Ausência de reação do condutor";"Engavetamento";"Com Vítimas Feridas";"Pleno dia";"Crescente";"Céu Claro";"Dupla";"Reta";"Não";3;0;1;0;2;0;1;3;-22,81648739;-43,07728467;"SPRF-RJ";"DEL02-RJ";"UOP02-DEL02-RJ"
396172;2021-11-16;"terça-feira";"10:30:00";"RJ";101;71;"CAMPOS DOS GOYTACAZES";"Acessar a via sem observar a presença dos outros veículos";"Colisão transversal";"Com Vítimas Feridas";"Pleno dia";"Decrescente";"Nublado";"Simples";"Reta";"Sim";4;0;1;0;3;0;1;2;-21,78577807;-41,38139396;"SPRF-RJ";"DEL08-RJ";"UOP02-DEL08-RJ"
396173;2021-11-16;"terça-feira";"10:55:00";"CE";222;6,4;"CAUCAIA";"Condutor deixou de manter distância do veículo da frente";"Colisão traseira";"Com Vítimas Feridas";"Pleno dia";"Decrescente";"Céu Claro";"Dupla";"Reta";"Não";2;0;2;0;0;0;2;2;-3,74539216;-38,62188041;"SPRF-CE";"DEL01-CE";"UOP01-DEL01-CE"
396174;2021-11-16;"terça-feira";"07:15:00";"SC";282;142;"BOM RETIRO";"Conversão proibida";"Colisão traseira";"Sem Vítimas";"Pleno dia";"Crescente";"Nublado";"Simples";"Curva";"Não";2;0;0;0;2;0;0;2;-27,813843;-49,606209;"SPRF-SC";"DEL05-SC";"UOP01-DEL05-SC"
396175;2021-11-16;"terça-feira";"11:10:00";"MG";116;530,5;"CARATINGA";"Demais falhas mecânicas ou elétricas";"Colisão transversal";"Com Vítimas Feridas";"Pleno dia";"Crescente";"Nublado";"Simples";"Interseção de Vias";"Sim";4;0;1;0;3;0;1;2;-19,81067298;-42,13539446;"SPRF-MG";"DEL06-MG";"UOP02-DEL06-MG"
396176;2021-11-16;"terça-feira";"10:15:00";"SC";470;1,9;"NAVEGANTES";"Ausência de reação do condutor";"Colisão traseira";"Com Vítimas Feridas";"Pleno dia";"Decrescente";"Nublado";"Dupla";"Reta";"Sim";2;0;0;1;1;0;1;2;-26,875383;-48,668285;"SPRF-SC";"DEL04-SC";"UOP04-DEL04-SC"
396180;2021-11-16;"terça-feira";"09:30:00";"RS";116;247;"SAO LEOPOLDO";"Acessar a via sem observar a presença dos outros veículos";"Colisão traseira";"Com Vítimas Feridas";"Pleno dia";"Crescente";"Céu Claro";"Dupla";"Reta";"Sim";2;0;1;0;1;0;1;2;-29,76733091;-51,1535296;"SPRF-RS";"DEL01-RS";"UOP02-DEL01-RS"
396182;2021-11-16;"terça-feira";"10:50:00";"SP";116;149;"SAO JOSE DOS CAMPOS";"Acessar a via sem observar a presença dos outros veículos";"Colisão lateral mesmo sentido";"Com Vítimas Feridas";"Pleno dia";"Decrescente";"Sol";"Dupla";"Reta";"Sim";2;0;1;0;1;0;1;2;-23,20700047;-45,88626861;"SPRF-SP";"DEL02-SP";"UOP01-DEL02-SP"
396184;2021-11-16;"terça-feira";"05:50:00";"SC";470;2;"NAVEGANTES";"Avarias e/ou desgaste excessivo no pneu";"Saída de leito carroçável";"Com Vítimas Feridas";"Amanhecer";"Decrescente";"Nublado";"Dupla";"Reta";"Não";2;0;2;0;0;0;2;1;-26,868551;-48,674831;"SPRF-SC";"DEL04-SC";"UOP04-DEL04-SC"
396185;2021-11-16;"terça-feira";"07:15:00";"SC";282;417;"CATANDUVAS";"Velocidade Incompatível";"Saída de leito carroçável";"Sem Vítimas";"Pleno dia";"Crescente";"Céu Claro";"Simples";"Reta";"Não";1;0;0;0;1;0;0;1;-27,030245;-51,723061;"SPRF-SC";"DEL07-SC";"UOP05-DEL07-SC"
396189;2021-11-16;"terça-feira";"12:22:00";"PE";101;66;"RECIFE";"Reação tardia ou ineficiente do condutor";"Queda de ocupante de veículo";"Com Vítimas Feridas";"Pleno dia";"Decrescente";"Nublado";"Múltipla";"Reta";"Sim";1;0;1;0;0;0;1;1;-8,043055;-34,943222;"SPRF-PE";"DEL01-PE";"UOP01-DEL01-PE"
396190;2021-11-16;"terça-feira";"11:30:00";"PI";343;2;"TERESINA";"Ausência de reação do condutor";"Colisão lateral mesmo sentido";"Sem Vítimas";"Pleno dia";"Decrescente";"Céu Claro";"Dupla";"Rotatória";"Sim";2;0;0;0;2;0;0;2;-5,089569;-42,802288;"SPRF-PI";"DEL01-PI";"UOP01-DEL01-PI"
396191;2021-11-16;"terça-feira";"10:30:00";"ES";101;245,6;"SERRA";"Condutor deixou de manter distância do veículo da frente";"Colisão traseira";"Sem Vítimas";"Pleno dia";"Crescente";"Chuva";"Dupla";"Reta";"Não";2;0;0;0;1;1;0;2;-20,05454495;-40,38189997;"SPRF-ES";"DEL02-ES";"UOP01-DEL02-ES"
396192;2021-11-16;"terça-feira";"12:15:00";"SP";116;323;"JUQUITIBA";"Velocidade Incompatível";"Tombamento";"Com Vítimas Feridas";"Pleno dia";"Decrescente";"Céu Claro";"Dupla";"Reta";"Sim";2;0;0;2;0;0;2;1;-23,93663197;-47,03568002;"SPRF-SP";"DEL04-SP";"UOP01-DEL04-SP"
396193;2021-11-16;"terça-feira";"11:50:00";"SC";101;411;"ARARANGUA";"Acessar a via sem observar a presença dos outros veículos";"Colisão transversal";"Com Vítimas Feridas";"Pleno dia";"Crescente";"Nublado";"Simples";"Reta";"Sim";2;0;1;0;1;0;1;2;-28,93112097;-49,4940421;"SPRF-SC";"DEL02-SC";"UOP02-DEL02-SC"
396194;2021-11-16;"terça-feira";"12:15:00";"PB";230;140,1;"CAMPINA GRANDE";"Demais falhas mecânicas ou elétricas";"Tombamento";"Com Vítimas Feridas";"Pleno dia";"Crescente";"Céu Claro";"Simples";"Declive;Reta";"Não";2;0;2;0;0;0;2;1;-7,263627;-35,802984;"SPRF-PB";"DEL02-PB";"UOP01-DEL02-PB"
396195;2021-10-21;"quinta-feira";"17:15:00";"RS";116;519;"PELOTAS";"Desrespeitar a preferência no cruzamento";"Colisão transversal";"Com Vítimas Feridas";"Pleno dia";"Decrescente";"Céu Claro";"Simples";"Rotatória";"Sim";2;0;1;0;1;0;1;2;-31,69369368;-52,35458934;"SPRF-RS";"DEL07-RS";"UOP01-DEL07-RS"
396196;2021-10-21;"quinta-feira";"12:00:00";"RS";293;249,5;"DOM PEDRITO";"Desrespeitar a preferência no cruzamento";"Colisão transversal";"Com Vítimas Feridas";"Pleno dia";"Crescente";"Céu Claro";"Simples";"Interseção de Vias";"Sim";2;0;0;1;1;0;1;2;-30,97547382;-54,64789834;"SPRF-RS";"DEL11-RS";"UOP03-DEL11-RS"
396198;2021-11-16;"terça-feira";"13:00:00";"GO";60;70,9;"ABADIANIA";"Velocidade Incompatível";"Saída de leito carroçável";"Com Vítimas Feridas";"Pleno dia";"Decrescente";"Nublado";"Dupla";"Curva";"Não";2;0;1;0;1;0;1;1;-16,253315;-48,762563;"SPRF-GO";"DEL02-GO";"UOP01-DEL02-GO"
396202;2021-11-16;"terça-feira";"11:25:00";"MS";163;324,4;"RIO BRILHANTE";"Acessar a via sem observar a presença dos outros veículos";"Colisão transversal";"Com Vítimas Feridas";"Pleno dia";"Decrescente";"Céu Claro";"Simples";"Reta";"Não";2;0;2;0;0;0;2;2;-21,77658813;-54,52601916;"SPRF-MS";"DEL02-MS";"UOP02-DEL02-MS"
396203;2021-11-12;"sexta-feira";"08:10:00";"PR";467;105,3;"CASCAVEL";"Demais falhas mecânicas ou elétricas";"Queda de ocupante de veículo";"Com Vítimas Feridas";"Pleno dia";"Decrescente";"Céu Claro";"Dupla";"Reta";"Não";1;0;1;0;0;0;1;1;-24,9142;-53,492;"SPRF-PR";"DEL04-PR";"UOP01-DEL04-PR"
396205;2021-11-16;"terça-feira";"13:00:00";"SC";101;198,5;"BIGUACU";"Manobra de mudança de faixa";"Colisão traseira";"Com Vítimas Feridas";"Pleno dia";"Decrescente";"Sol";"Múltipla";"Reta";"Sim";3;0;2;0;1;0;2;2;-27,52658712;-48,63506019;"SPRF-SC";"DEL01-SC";"UOP01-DEL01-SC"
396206;2021-10-15;"sexta-feira";"13:50:00";"SC";101;55;"JOINVILLE";"Ausência de reação do condutor";"Saída de leito carroçável";"Com Vítimas Feridas";"Pleno dia";"Crescente";"Chuva";"Dupla";"Reta";"Não";2;0;1;0;1;0;1;1;-26,42280898;-48,82977496;"SPRF-SC";"DEL03-SC";"UOP01-DEL03-SC"
396207;2021-11-16;"terça-feira";"12:50:00";"RJ";101;287;"ITABORAI";"Ausência de reação do condutor";"Engavetamento";"Com Vítimas Feridas";"Pleno dia";"Crescente";"Céu Claro";"Dupla";"Reta";"Não";4;0;1;0;3;0;1;3;-22,75517486;-42,83462502;"SPRF-RJ";"DEL02-RJ";"UOP03-DEL02-RJ"
396208;2021-11-16;"terça-feira";"14:00:00";"RJ";393;106,7;"SAPUCAIA";"Ingestão de álcool pelo condutor";"Colisão lateral mesmo sentido";"Com Vítimas Feridas";"Pleno dia";"Decrescente";"Céu Claro";"Simples";"Curva";"Sim";4;0;1;0;3;0;1;4;-21,87764485;-42,67025797;"SPRF-RJ";"DEL05-RJ";"UOP01-DEL05-RJ"
396209;2021-11-16;"terça-feira";"14:10:00";"PR";373;173,5;"PONTA GROSSA";"Mal súbito do condutor";"Colisão com objeto";"Com Vítimas Feridas";"Pleno dia";"Crescente";"Céu Claro";"Dupla";"Curva";"Sim";1;0;1;0;0;0;1;1;-25,0805653;-50,20175905;"SPRF-PR";"DEL03-PR";"UOP01-DEL03-PR"
396210;2021-11-16;"terça-feira";"14:20:00";"RN";406;170,6;"SAO GONCALO DO AMARANTE";"Pista esburacada";"Queda de ocupante de veículo";"Com Vítimas Feridas";"Pleno dia";"Decrescente";"Céu Claro";"Dupla";"Aclive;Reta";"Sim";1;0;1;0;0;0;1;1;-5,75872063;-35,29921986;"SPRF-RN";"DEL02-RN";"UOP01-DEL02-RN"
396212;2021-11-16;"terça-feira";"14:10:00";"SC";101;213,1;"PALHOCA";"Reação tardia ou ineficiente do condutor";"Atropelamento de Pedestre";"Com Vítimas Feridas";"Pleno dia";"Decrescente";"Céu Claro";"Múltipla";"Reta";"Sim";2;0;1;0;1;0;1;2;-27,63697369;-48,66514142;"SPRF-SC";"DEL01-SC";"UOP02-DEL01-SC"
396213;2021-11-16;"terça-feira";"11:20:00";"RO";364;421;"JARU";"Ausência de reação do condutor";"Colisão lateral mesmo sentido";"Com Vítimas Feridas";"Pleno dia";"Crescente";"Nublado";"Simples";"Reta";"Sim";1;0;1;0;0;0;1;1;-10,46729967;-62,45088748;"SPRF-RO";"DEL03-RO";"UOP02-DEL03-RO"
396214;2021-10-31;"domingo";"13:40:00";"GO";153;265;"NOVA GLORIA";"Velocidade Incompatível";"Saída de leito carroçável";"Com Vítimas Feridas";"Pleno dia";"Crescente";"Céu Claro";"Simples";"Reta";"Não";2;0;0;1;1;0;1;1;-15,030908;-49,432446;"SPRF-GO";"DEL07-GO";"UOP02-DEL07-GO"
396216;2021-11-16;"terça-feira";"14:35:00";"CE";116;23,3;"AQUIRAZ";"Desrespeitar a preferência no cruzamento";"Colisão com objeto";"Com Vítimas Feridas";"Pleno dia";"Decrescente";"Sol";"Dupla";"Curva;Declive;Retorno Regulamentado";"Não";3;0;1;1;0;1;2;2;-3,95395308;-38,51238012;"SPRF-CE";"DEL01-CE";"UOP02-DEL01-CE"
396219;2021-11-16;"terça-feira";"13:40:00";"RJ";101;317;"SAO GONCALO";"Reação tardia ou ineficiente do condutor";"Colisão traseira";"Sem Vítimas";"Pleno dia";"Crescente";"Céu Claro";"Dupla";"Reta";"Sim";2;0;0;0;2;0;0;2;-22,83707798;-43,09492006;"SPRF-RJ";"DEL02-RJ";"UOP02-DEL02-RJ"
396222;2021-11-16;"terça-feira";"15:30:00";"ES";101;262,2;"SERRA";"Condutor deixou de manter distância do veículo da frente";"Colisão lateral mesmo sentido";"Com Vítimas Feridas";"Pleno dia";"Decrescente";"Garoa/Chuvisco";"Dupla";"Reta";"Sim";3;0;2;0;1;0;2;2;-20,1572331;-40,27678329;"SPRF-ES";"DEL02-ES";"UOP01-DEL02-ES"
396223;2021-11-16;"terça-feira";"13:05:00";"RJ";101;327;"NITEROI";"Trafegar com motocicleta (ou similar) entre as faixas";"Colisão lateral mesmo sentido";"Com Vítimas Feridas";"Pleno dia";"Crescente";"Céu Claro";"Dupla";"Reta";"Sim";2;0;1;0;1;0;1;2;-22,87117393;-43,15595099;"SPRF-RJ";"DEL02-RJ";"UOP02-DEL02-RJ"
396224;2021-11-16;"terça-feira";"13:30:00";"SC";101;375;"ICARA";"Reação tardia ou ineficiente do condutor";"Saída de leito carroçável";"Com Vítimas Feridas";"Pleno dia";"Decrescente";"Céu Claro";"Dupla";"Reta";"Não";2;0;2;0;0;0;2;1;-28,735001;-49,2460227;"SPRF-SC";"DEL02-SC";"UOP01-DEL02-SC"
396225;2021-11-16;"terça-feira";"15:55:00";"PR";163;156,5;"SANTA LUCIA";"Pedestre andava na pista";"Atropelamento de Pedestre";"Com Vítimas Feridas";"Pleno dia";"Crescente";"Sol";"Simples";"Curva";"Não";2;0;1;0;1;0;1;2;-25,36768598;-53,57302759;"SPRF-PR";"DEL05-PR";"UOP05-DEL05-PR"
396226;2021-11-16;"terça-feira";"12:40:00";"MG";116;583,2;"MANHUACU";"Acessar a via sem observar a presença dos outros veículos";"Colisão transversal";"Com Vítimas Feridas";"Pleno dia";"Decrescente";"Nublado";"Simples";"Reta";"Não";2;0;0;1;1;0;1;2;-20,21424995;-42,18135561;"SPRF-MG";"DEL06-MG";"UOP03-DEL06-MG"
396227;2021-11-16;"terça-feira";"14:15:00";"SC";282;164,6;"BOCAINA DO SUL";"Reação tardia ou ineficiente do condutor";"Saída de leito carroçável";"Com Vítimas Feridas";"Pleno dia";"Crescente";"Sol";"Simples";"Reta";"Não";1;0;1;0;0;0;1;1;-27,733187;-49,792793;"SPRF-SC";"DEL05-SC";"UOP01-DEL05-SC"