"id";"data_inversa";"dia_semana";"horario";"uf";"br";"km";"municipio";"causa_acidente";"tipo_acidente";"classificacao_acidente";"fase_dia";"sentido_via";"condicao_metereologica";"tipo_pista";"tracado_via";"uso_solo";"pessoas";"mortos";"feridos_leves";"feridos_graves";"ilesos";"ignorados";"feridos";"veiculos";"latitude";"longitude";"regional";"delegacia";"uop"
396734;2021-11-19;"sexta-feira";"17:00:00";"BA";101;491;"ITAJUIPE";"Acessar a via sem observar a presença dos outros veículos";"Colisão traseira";"Sem Vítimas";"Pleno dia";"Crescente";"Céu Claro";"Simples";"Reta";"Não";2;0;0;0;2;0;0;2;-14,697277;-39,365125;"SPRF-BA";"DEL05-BA";"UOP01-DEL05-BA"
396737;2021-11-19;"sexta-feira";"17:20:00";"PB";101;84;"JOAO PESSOA";"Transitar no acostamento";"Atropelamento de Pedestre";"Com Vítimas Feridas";"Anoitecer";"Decrescente";"Céu Claro";"Dupla";"Declive";"Não";2;0;2;0;0;0;2;2;-7,13957906;-34,92312806;"SPRF-PB";"DEL01-PB";"UOP01-DEL01-PB"
396738;2021-11-19;"sexta-feira";"17:30:00";"GO";70;417;"MONTES CLAROS DE GOIAS";"Reação tardia ou ineficiente do condutor";"Saída de leito carroçável";"Com Vítimas Feridas";"Pleno dia";"Crescente";"Chuva";"Simples";"Curva";"Não";2;0;1;0;1;0;1;1;-15,88598036;-51,45363897;"SPRF-GO";"DEL04-GO";"UOP01-DEL04-GO"
396739;2021-11-19;"sexta-feira";"16:50:00";"CE";222;49;"SAO GONCALO DO AMARANTE";"Animais na Pista";"Atropelamento de Animal";"Com Vítimas Feridas";"Anoitecer";"Crescente";"Céu Claro";"Simples";"Reta";"Não";1;0;0;1;0;0;1;1;-3,66718;-38,98546;"SPRF-CE";"DEL01-CE";"UOP03-DEL01-CE"
396741;2021-11-19;"sexta-feira";"16:45:00";"ES";101;276;"SERRA";"Acessar a via sem observar a presença dos outros veículos";"Colisão transversal";"Com Vítimas Feridas";"Anoitecer";"Crescente";"Nublado";"Dupla";"Reta";"Não";2;0;1;0;1;0;1;2;-20,20788726;-40,3133509;"SPRF-ES";"DEL02-ES";"UOP01-DEL02-ES"
396743;2021-11-19;"sexta-feira";"17:30:00";"RS";116;530,2;"CAPAO DO LEAO";"Acessar a via sem observar a presença dos outros veículos";"Colisão transversal";"Com Vítimas Feridas";"Pleno dia";"Crescente";"Céu Claro";"Simples";"Reta";"Sim";2;0;1;0;1;0;1;2;-31,76108588;-52,43961096;"SPRF-RS";"DEL07-RS";"UOP01-DEL07-RS"
396746;2021-11-19;"sexta-feira";"17:10:00";"RN";101;105;"PARNAMIRIM";"Demais falhas mecânicas ou elétricas";"Queda de ocupante de veículo";"Com Vítimas Feridas";"Anoitecer";"Decrescente";"Céu Claro";"Dupla";"Reta";"Sim";2;0;2;0;0;0;2;1;-5,90165196;-35,25928517;"SPRF-RN";"DEL01-RN";"UOP01-DEL01-RN"
396747;2021-11-19;"sexta-feira";"14:50:00";"ES";262;104;"VENDA NOVA DO IMIGRANTE";"Reação tardia ou ineficiente do condutor";"Colisão lateral mesmo sentido";"Com Vítimas Feridas";"Pleno dia";"Decrescente";"Céu Claro";"Dupla";"Reta";"Sim";2;0;1;0;0;1;1;2;-20,33302593;-41,12931881;"SPRF-ES";"DEL01-ES";"UOP02-DEL01-ES"
396748;2021-11-19;"sexta-feira";"17:55:00";"PR";369;199,1;"APUCARANA";"Acessar a via sem observar a presença dos outros veículos";"Colisão lateral mesmo sentido";"Com Vítimas Feridas";"Pleno dia";"Decrescente";"Céu Claro";"Dupla";"Reta";"Não";2;0;1;0;1;0;1;2;-23,52409063;-51,44373357;"SPRF-PR";"DEL07-PR";"UOP02-DEL07-PR"
396750;2021-11-19;"sexta-feira";"15:35:00";"RJ";40;60,5;"PETROPOLIS";"Acumulo de água sobre o pavimento";"Colisão com objeto";"Com Vítimas Feridas";"Pleno dia";"Crescente";"Chuva";"Dupla";"Reta";"Não";1;0;1;0;0;0;1;1;-22,39990942;-43,13599348;"SPRF-RJ";"DEL05-RJ";"UOP02-DEL05-RJ"
396753;2021-11-19;"sexta-feira";"18:00:00";"RS";386;398;"TRIUNFO";"Reação tardia ou ineficiente do condutor";"Saída de leito carroçável";"Com Vítimas Feridas";"Pleno dia";"Crescente";"Céu Claro";"Dupla";"Reta";"Não";1;0;1;0;0;0;1;1;-29,743687;-51,617054;"SPRF-RS";"DEL04-RS";"UOP02-DEL04-RS"
396754;2021-11-19;"sexta-feira";"17:30:00";"ES";484;106;"AFONSO CLAUDIO";"Transitar na contramão";"Colisão frontal";"Com Vítimas Fatais";"Pleno dia";"Crescente";"Céu Claro";"Dupla";"Curva";"Não";4;1;3;0;0;0;3;2;-20,07026675;-41,06590914;"SPRF-ES";"DEL01-ES";"UOP02-DEL01-ES"
396755;2021-11-19;"sexta-feira";"17:35:00";"RS";153;44,4;"ERECHIM";"Desrespeitar a preferência no cruzamento";"Colisão transversal";"Com Vítimas Feridas";"Pleno dia";"Crescente";"Céu Claro";"Simples";"Rotatória";"Sim";4;0;1;1;2;0;2;2;-27,62312752;-52,23687793;"SPRF-RS";"DEL08-RS";"UOP04-DEL08-RS"
396756;2021-11-19;"sexta-feira";"15:40:00";"AC";317;301;"BRASILEIA";"Pista esburacada";"Colisão lateral mesmo sentido";"Sem Vítimas";"Pleno dia";"Crescente";"Nublado";"Simples";"Reta";"Não";2;0;0;0;2;0;0;2;-10,96660397;-68,77311899;"SPRF-AC";"DEL01-AC";"UOP02-DEL01-AC"
396758;2021-11-19;"sexta-feira";"17:30:00";"RN";101;106;"PARNAMIRIM";"Pedestre cruzava a pista fora da faixa";"Atropelamento de Pedestre";"Com Vítimas Feridas";"Anoitecer";"Decrescente";"Vento";"Múltipla";"Reta";"Sim";2;0;0;2;0;0;2;2;-5,91056401;-35,26130795;"SPRF-RN";"DEL01-RN";"UOP01-DEL01-RN"
396759;2021-11-19;"sexta-feira";"18:40:00";"PE";104;75;"AGRESTINA";"Ausência de reação do condutor";"Saída de leito carroçável";"Com Vítimas Feridas";"Plena Noite";"Crescente";"Céu Claro";"Simples";"Reta";"Não";4;0;4;0;0;0;4;1;-8,358562;-35,985699;"SPRF-PE";"DEL02-PE";"UOP01-DEL02-PE"
396760;2021-11-19;"sexta-feira";"16:56:00";"MG";262;469,2;"BOM DESPACHO";"Velocidade Incompatível";"Saída de leito carroçável";"Com Vítimas Feridas";"Anoitecer";"Crescente";"Chuva";"Simples";"Reta";"Não";2;0;1;1;0;0;2;1;-19,79107504;-45,18189375;"SPRF-MG";"DEL08-MG";"UOP03-DEL08-MG"
396761;2021-11-19;"sexta-feira";"19:00:00";"SC";101;117;"ITAJAI";"Ausência de reação do condutor";"Engavetamento";"Com Vítimas Feridas";"Anoitecer";"Decrescente";"Nublado";"Dupla";"Viaduto";"Sim";5;0;1;0;4;0;1;3;-26,88747187;-48,72252969;"SPRF-SC";"DEL04-SC";"UOP04-DEL04-SC"
396762;2021-11-19;"sexta-feira";"18:00:00";"SC";470;175;"POUSO REDONDO";"Pedestre cruzava a pista fora da faixa";"Atropelamento de Pedestre";"Com Vítimas Feridas";"Anoitecer";"Decrescente";"Céu Claro";"Simples";"Declive";"Sim";2;0;0;1;1;0;1;2;-27,25617;-49,938969;"SPRF-SC";"DEL04-SC";"UOP02-DEL04-SC"
396763;2021-11-19;"sexta-feira";"18:30:00";"PR";376;619;"SAO JOSE DOS PINHAIS";"Ausência de reação do condutor";"Colisão transversal";"Com Vítimas Feridas";"Anoitecer";"Crescente";"Céu Claro";"Simples";"Reta";"Sim";2;0;2;0;0;0;2;2;-25,60034699;-49,17355691;"SPRF-PR";"DEL01-PR";"UOP04-DEL01-PR"
396764;2021-11-19;"sexta-feira";"19:00:00";"PR";376;5;"APUCARANA";"Condutor desrespeitou a iluminação vermelha do semáforo";"Colisão transversal";"Sem Vítimas";"Plena Noite";"Crescente";"Céu Claro";"Simples";"Reta";"Sim";2;0;0;0;1;1;0;2;-23,5513;-51,461266;"SPRF-PR";"DEL07-PR";"UOP03-DEL07-PR"
396769;2021-11-19;"sexta-feira";"19:30:00";"PR";116;167;"QUITANDINHA";"Acessar a via sem observar a presença dos outros veículos";"Colisão lateral mesmo sentido";"Com Vítimas Feridas";"Plena Noite";"Decrescente";"Nublado";"Simples";"Reta";"Sim";2;0;0;1;1;0;1;2;-25,86830628;-49,45462385;"SPRF-PR";"DEL01-PR";"UOP03-DEL01-PR"
396772;2021-11-19;"sexta-feira";"17:40:00";"RR";174;199;"RORAINOPOLIS";"Pista esburacada";"Colisão lateral mesmo sentido";"Sem Vítimas";"Anoitecer";"Crescente";"Céu Claro";"Simples";"Reta";"Não";3;0;0;0;3;0;0;2;0,829143;-60,439346;"SPRF-RR";"DEL01-RR";"UOP01-DEL01-RR"
396773;2021-11-19;"sexta-feira";"20:00:00";"SP";101;52;"UBATUBA";"Pedestre cruzava a pista fora da faixa";"Atropelamento de Pedestre";"Com Vítimas Feridas";"Plena Noite";"Crescente";"Chuva";"Simples";"Curva";"Sim";2;0;2;0;0;0;2;2;-23,46550482;-45,06206979;"SPRF-SP";"DEL06-SP";"UOP01-DEL06-SP"
396774;2021-11-19;"sexta-feira";"19:45:00";"PR";277;723;"FOZ DO IGUACU";"Acessar a via sem observar a presença dos outros veículos";"Colisão traseira";"Com Vítimas Feridas";"Plena Noite";"Decrescente";"Céu Claro";"Dupla";"Reta";"Sim";2;0;0;1;1;0;1;2;-25,49878215;-54,52985294;"SPRF-PR";"DEL05-PR";"UOP03-DEL05-PR"
396775;2021-11-19;"sexta-feira";"20:20:00";"RJ";101;437,2;"MANGARATIBA";"Ingestão de álcool pelo condutor";"Colisão frontal";"Com Vítimas Feridas";"Plena Noite";"Crescente";"Chuva";"Simples";"Reta";"Sim";2;0;1;0;1;0;1;2;-22,94811517;-44,06549304;"SPRF-RJ";"DEL03-RJ";"UOP03-DEL03-RJ"
396776;2021-11-19;"sexta-feira";"19:45:00";"MG";381;865,2;"POUSO ALEGRE";"Pedestre andava na pista";"Atropelamento de Pedestre";"Com Vítimas Feridas";"Plena Noite";"Crescente";"Nublado";"Dupla";"Curva";"Não";3;0;0;1;2;0;1;2;-22,39502394;-45,95810707;"SPRF-MG";"DEL16-MG";"UOP01-DEL16-MG"
396777;2021-11-19;"sexta-feira";"19:55:00";"PB";230;63,5;"SAO MIGUEL DE TAIPU";"Desvio temporário";"Colisão com objeto";"Com Vítimas Feridas";"Plena Noite";"Crescente";"Céu Claro";"Dupla";"Reta";"Não";1;0;1;0;0;0;1;1;-7,1989;-35,1649;"SPRF-PB";"DEL01-PB";"UOP03-DEL01-PB"
396778;2021-11-19;"sexta-feira";"20:20:00";"SP";101;48;"UBATUBA";"Trafegar com motocicleta (ou similar) entre as faixas";"Colisão transversal";"Com Vítimas Feridas";"Plena Noite";"Decrescente";"Chuva";"Simples";"Interseção de Vias";"Sim";2;0;0;1;1;0;1;2;-23,43696329;-45,08768768;"SPRF-SP";"DEL06-SP";"UOP01-DEL06-SP"
396779;2021-11-19;"sexta-feira";"19:30:00";"PR";116;122;"CURITIBA";"Manobra de mudança de faixa";"Colisão lateral mesmo sentido";"Com Vítimas Feridas";"Plena Noite";"Crescente";"Céu Claro";"Dupla";"Reta";"Sim";2;0;1;0;1;0;1;2;-25,56857207;-49,31023179;"SPRF-PR";"DEL01-PR";"UOP03-DEL01-PR"
396780;2021-11-19;"sexta-feira";"19:40:00";"ES";262;1,6;"CARIACICA";"Manobra de mudança de faixa";"Colisão lateral mesmo sentido";"Com Vítimas Feridas";"Pleno dia";"Crescente";"Chuva";"Dupla";"Reta";"Sim";4;0;1;0;3;0;1;3;-20,32955204;-40,35492602;"SPRF-ES";"DEL01-ES";"UOP01-DEL01-ES"
396781;2021-11-19;"sexta-feira";"20:20:00";"PR";376;3,8;"MANDAGUARI";"Acessar a via sem observar a presença dos outros veículos";"Colisão transversal";"Com Vítimas Feridas";"Plena Noite";"Crescente";"Céu Claro";"Simples";"Interseção de Vias";"Sim";2;0;0;1;1;0;1;2;-23,51740409;-51,68655396;"SPRF-PR";"DEL07-PR";"UOP03-DEL07-PR"
396782;2021-11-19;"sexta-feira";"19:00:00";"MA";222;665;"ACAILANDIA";"Ingestão de álcool e/ou substâncias psicoativas pelo pedestre";"Atropelamento de Pedestre";"Com Vítimas Feridas";"Plena Noite";"Crescente";"Céu Claro";"Simples";"Declive";"Não";2;0;0;1;0;1;1;2;-4,89367779;-47,38426513;"SPRF-MA";"DEL04-MA";"UOP03-DEL04-MA"
396783;2021-11-19;"sexta-feira";"19:45:00";"MG";40;770,5;"JUIZ DE FORA";"Chuva";"Colisão com objeto";"Com Vítimas Feridas";"Plena Noite";"Crescente";"Chuva";"Simples";"Curva";"Não";1;0;1;0;0;0;1;1;-21,59924304;-43,4579108;"SPRF-MG";"DEL05-MG";"UOP01-DEL05-MG"
396784;2021-11-19;"sexta-feira";"17:40:00";"MT";70;1,8;"BARRA DO GARCAS";"Transitar no acostamento";"Colisão transversal";"Com Vítimas Feridas";"Anoitecer";"Decrescente";"Garoa/Chuvisco";"Simples";"Reta";"Sim";2;0;1;0;1;0;1;2;-15,89164596;-52,26202884;"SPRF-MT";"DEL07-MT";"UOP01-DEL07-MT"
396785;2021-11-19;"sexta-feira";"16:50:00";"MG";116;456,9;"ENGENHEIRO CALDAS";"Entrada inopinada do pedestre";"Atropelamento de Pedestre";"Com Vítimas Feridas";"Pleno dia";"Decrescente";"Chuva";"Simples";"Reta";"Sim";3;0;1;0;1;1;1;2;-19,20082084;-42,04762426;"SPRF-MG";"DEL06-MG";"UOP02-DEL06-MG"
396786;2021-11-19;"sexta-feira";"19:10:00";"MG";262;72,3;"MATIPO";"Desrespeitar a preferência no cruzamento";"Colisão transversal";"Com Vítimas Feridas";"Plena Noite";"Crescente";"Nublado";"Simples";"Rotatória";"Não";3;0;0;2;1;0;2;2;-20,31052475;-42,31517791;"SPRF-MG";"DEL06-MG";"UOP03-DEL06-MG"
396787;2021-11-19;"sexta-feira";"17:00:00";"SC";280;13,5;"SAO FRANCISCO DO SUL";"Reação tardia ou ineficiente do condutor";"Colisão transversal";"Com Vítimas Feridas";"Pleno dia";"Decrescente";"Nublado";"Simples";"Interseção de Vias";"Não";3;0;0;2;1;0;2;2;-26,32783559;-48,65043283;"SPRF-SC";"DEL03-SC";"UOP03-DEL03-SC"
396789;2021-11-19;"sexta-feira";"21:15:00";"MG";381;5;"BETIM";"Acumulo de água sobre o pavimento";"Saída de leito carroçável";"Com Vítimas Feridas";"Plena Noite";"Decrescente";"Chuva";"Dupla";"Reta";"Não";5;0;5;0;0;0;5;1;-19,98948158;-44,1866684;"SPRF-MG";"DEL01-MG";"UOP03-DEL01-MG"
396790;2021-11-19;"sexta-feira";"21:00:00";"MG";381;503,5;"BETIM";"Velocidade Incompatível";"Colisão com objeto";"Sem Vítimas";"Plena Noite";"Decrescente";"Chuva";"Dupla";"Curva";"Sim";1;0;0;0;1;0;0;1;-20,03855134;-44,25495493;"SPRF-MG";"DEL01-MG";"UOP03-DEL01-MG"
396791;2021-11-19;"sexta-feira";"19:30:00";"SC";101;400,8;"MARACAJA";"Ingestão de álcool pelo condutor";"Colisão traseira";"Sem Vítimas";"Plena Noite";"Decrescente";"Nublado";"Múltipla";"Interseção de Vias";"Sim";2;0;0;0;2;0;0;2;-28,84846615;-49,4346268;"SPRF-SC";"DEL02-SC";"UOP02-DEL02-SC"
396792;2021-11-19;"sexta-feira";"19:00:00";"SC";101;336;"TUBARAO";"Ausência de reação do condutor";"Colisão traseira";"Com Vítimas Feridas";"Anoitecer";"Crescente";"Céu Claro";"Simples";"Reta";"Sim";2;0;0;1;1;0;1;2;-28,47311347;-49,02437375;"SPRF-SC";"DEL02-SC";"UOP01-DEL02-SC"
396793;2021-11-19;"sexta-feira";"19:35:00";"SC";101;19;"JOINVILLE";"Transitar no acostamento";"Colisão traseira";"Com Vítimas Feridas";"Plena Noite";"Decrescente";"Chuva";"Dupla";"Aclive;Reta";"Não";2;0;1;0;1;0;1;2;-26,13376586;-48,89661416;"SPRF-SC";"DEL03-SC";"UOP01-DEL03-SC"
396796;2021-11-19;"sexta-feira";"21:59:00";"PR";376;637;"TIJUCAS DO SUL";"Reação tardia ou ineficiente do condutor";"Colisão com objeto";"Sem Vítimas";"Plena Noite";"Crescente";"Chuva";"Dupla";"Declive;Reta";"Não";1;0;0;0;1;0;0;1;-25,75614093;-49,12609667;"SPRF-PR";"DEL01-PR";"UOP04-DEL01-PR"
396797;2021-11-19;"sexta-feira";"20:45:00";"PR";277;595;"CASCAVEL";"Desrespeitar a preferência no cruzamento";"Colisão transversal";"Com Vítimas Feridas";"Plena Noite";"Decrescente";"Céu Claro";"Simples";"Viaduto";"Sim";3;0;2;0;1;0;2;2;-24,98154632;-53,50141969;"SPRF-PR";"DEL04-PR";"UOP01-DEL04-PR"
396798;2021-11-19;"sexta-feira";"19:15:00";"RS";290;643;"URUGUAIANA";"Reação tardia ou ineficiente do condutor";"Saída de leito carroçável";"Com Vítimas Feridas";"Plena Noite";"Crescente";"Céu Claro";"Simples";"Reta";"Não";1;0;1;0;0;0;1;1;-30,009726;-56,348831;"SPRF-RS";"DEL13-RS";"UOP02-DEL13-RS"
396800;2021-11-19;"sexta-feira";"20:55:00";"SP";116;516;"CAJATI";"Chuva";"Capotamento";"Com Vítimas Feridas";"Plena Noite";"Crescente";"Chuva";"Múltipla";"Curva";"Não";2;0;1;0;1;0;1;1;-24,87423036;-48,2190838;"SPRF-SP";"DEL05-SP";"UOP02-DEL05-SP"
396801;2021-11-19;"sexta-feira";"22:00:00";"PR";277;596;"CASCAVEL";"Reação tardia ou ineficiente do condutor";"Colisão traseira";"Com Vítimas Feridas";"Plena Noite";"Decrescente";"Céu Claro";"Dupla";"Reta";"Sim";2;0;1;0;1;0;1;2;-24,98837665;-53,50778641;"SPRF-PR";"DEL04-PR";"UOP01-DEL04-PR"
396802;2021-11-19;"sexta-feira";"21:00:00";"MT";364;206,1;"RONDONOPOLIS";"Ingestão de álcool pelo condutor";"Colisão com objeto";"Com Vítimas Feridas";"Plena Noite";"Decrescente";"Nublado";"Dupla";"Reta";"Sim";1;0;1;0;0;0;1;1;-16,45124779;-54,66469557;"SPRF-MT";"DEL02-MT";"UOP01-DEL02-MT"
396804;2021-11-19;"sexta-feira";"20:40:00";"MA";135;12,6;"SAO LUIS";"Animais na Pista";"Atropelamento de Animal";"Com Vítimas Feridas";"Plena Noite";"Crescente";"Ignorado";"Dupla";"Reta";"Sim";1;0;0;1;0;0;1;1;-2,678308;-44,294444;"SPRF-MA";"DEL01-MA";"UOP01-DEL01-MA"
396805;2021-11-19;"sexta-feira";"22:50:00";"BA";235;348;"JUAZEIRO";"Condutor deixou de manter distância do veículo da frente";"Colisão traseira";"Com Vítimas Feridas";"Plena Noite";"Crescente";"Céu Claro";"Simples";"Reta";"Sim";2;0;1;0;1;0;1;2;-9,4406722;-40,4938084;"SPRF-PE";"DEL06-PE";"UOP01-DEL06-PE"
396806;2021-11-19;"sexta-feira";"22:40:00";"MG";116;414;"GOVERNADOR VALADARES";"Acessar a via sem observar a presença dos outros veículos";"Colisão traseira";"Com Vítimas Feridas";"Plena Noite";"Crescente";"Céu Claro";"Dupla";"Reta";"Sim";2;0;0;1;1;0;1;2;-18,88174548;-41,95826949;"SPRF-MG";"DEL06-MG";"UOP01-DEL06-MG"
396808;2021-11-19;"sexta-feira";"22:55:00";"TO";153;672,5;"GURUPI";"Iluminação deficiente";"Queda de ocupante de veículo";"Com Vítimas Feridas";"Plena Noite";"Crescente";"Nublado";"Dupla";"Reta";"Sim";1;0;1;0;0;0;1;1;-11,72948104;-49,07908783;"SPRF-TO";"DEL01-TO";"UOP02-DEL01-TO"
396809;2021-11-19;"sexta-feira";"22:30:00";"SP";116;343,9;"MIRACATU";"Condutor deixou de manter distância do veículo da frente";"Colisão traseira";"Com Vítimas Feridas";"Plena Noite";"Crescente";"Chuva";"Dupla";"Reta";"Não";4;0;1;0;3;0;1;3;-24,02968336;-47,17761409;"SPRF-SP";"DEL04-SP";"UOP02-DEL04-SP"
396810;2021-11-19;"sexta-feira";"23:45:00";"SC";101;243;"PALHOCA";"Reação tardia ou ineficiente do condutor";"Colisão traseira";"Com Vítimas Feridas";"Plena Noite";"Crescente";"Céu Claro";"Dupla";"Reta";"Não";4;0;1;0;3;0;1;3;-27,88419902;-48,64750077;"SPRF-SC";"DEL01-SC";"UOP02-DEL01-SC"
396811;2021-11-19;"sexta-feira";"21:30:00";"MS";267;447;"GUIA LOPES DA LAGUNA";"Ausência de reação do condutor";"Colisão com objeto";"Com Vítimas Fatais";"Plena Noite";"Crescente";"Céu Claro";"Simples";"Reta;Declive";"Não";2;1;0;1;0;0;1;1;-21,47849676;-55,85300588;"SPRF-MS";"DEL05-MS";"UOP01-DEL05-MS"
396812;2021-11-19;"sexta-feira";"23:29:00";"SP";116;145,7;"SAO JOSE DOS CAMPOS";"Ausência de reação do condutor";"Colisão traseira";"Com Vítimas Feridas";"Plena Noite";"Decrescente";"Céu Claro";"Dupla";"Reta";"Sim";2;0;1;0;1;0;1;2;-23,1869844;-45,8548078;"SPRF-SP";"DEL02-SP";"UOP01-DEL02-SP"
396813;2021-11-19;"sexta-feira";"20:30:00";"RS";116;258;"ESTEIO";"Acessar a via sem observar a presença dos outros veículos";"Colisão transversal";"Com Vítimas Feridas";"Plena Noite";"Crescente";"Céu Claro";"Simples";"Interseção de Vias;Reta";"Sim";2;0;1;0;1;0;1;2;-29,86107851;-51,18151546;"SPRF-RS";"DEL01-RS";"UOP02-DEL01-RS"
396814;2021-11-20;"sábado";"00:35:00";"RS";158;326;"SANTA MARIA";"Ingestão de álcool pelo condutor";"Colisão com objeto";"Sem Vítimas";"Plena Noite";"Decrescente";"Céu Claro";"Simples";"Viaduto";"Sim";1;0;0;0;0;1;0;1;-29,70975376;-53,80284617;"SPRF-RS";"DEL09-RS";"UOP01-DEL09-RS"
396815;2021-11-19;"sexta-feira";"20:15:00";"PA";316;37,6;"SANTA IZABEL DO PARA";"Pedestre cruzava a pista fora da faixa";"Atropelamento de Pedestre";"Com Vítimas Fatais";"Plena Noite";"Crescente";"Nublado";"Dupla";"Reta";"Não";2;1;0;0;1;0;0;2;-1,283796;-48,142553;"SPRF-PA";"DEL01-PA";"UOP01-DEL01-PA"
396816;2021-11-20;"sábado";"01:00:00";"SP";116;116;"TAUBATE";"Ausência de reação do condutor";"Colisão com objeto";"Com Vítimas Feridas";"Plena Noite";"Decrescente";"Nublado";"Dupla";"Reta";"Não";1;0;1;0;0;0;1;1;-23,05376319;-45,6088049;"SPRF-SP";"DEL02-SP";"UOP02-DEL02-SP"
396819;2021-11-20;"sábado";"00:05:00";"SP";116;101;"PINDAMONHANGABA";"Entrada inopinada do pedestre";"Atropelamento de Pedestre";"Com Vítimas Feridas";"Plena Noite";"Decrescente";"Céu Claro";"Múltipla";"Reta";"Não";2;0;1;1;0;0;2;2;-22,99074204;-45,48115098;"SPRF-SP";"DEL08-SP";"UOP01-DEL08-SP"
396820;2021-11-20;"sábado";"00:30:00";"PR";277;729;"FOZ DO IGUACU";"Ingestão de álcool pelo condutor";"Saída de leito carroçável";"Com Vítimas Feridas";"Plena Noite";"Crescente";"Céu Claro";"Dupla";"Reta";"Sim";2;0;1;0;1;0;1;1;-25,50749887;-54,58379896;"SPRF-PR";"DEL05-PR";"UOP03-DEL05-PR"
396824;2021-11-20;"sábado";"01:40:00";"PR";369;173;"ROLANDIA";"Ingestão de substâncias psicoativas pelo condutor";"Colisão lateral mesmo sentido";"Com Vítimas Feridas";"Plena Noite";"Crescente";"Céu Claro";"Simples";"Reta";"Sim";2;0;0;1;1;0;1;2;-23,31458918;-51,3747257;"SPRF-PR";"DEL07-PR";"UOP01-DEL07-PR"
396825;2021-11-20;"sábado";"02:00:00";"MG";381;484,3;"BETIM";"Velocidade Incompatível";"Capotamento";"Com Vítimas Feridas";"Plena Noite";"Crescente";"Chuva";"Dupla";"Declive;Curva";"Sim";3;0;0;1;1;1;1;3;-19,95531717;-44,11722196;"SPRF-MG";"DEL01-MG";"UOP03-DEL01-MG"
396826;2021-11-20;"sábado";"02:33:00";"SP";116;194;"SANTA ISABEL";"Reação tardia ou ineficiente do condutor";"Capotamento";"Com Vítimas Feridas";"Plena Noite";"Decrescente";"Garoa/Chuvisco";"Dupla";"Reta";"Não";3;0;0;1;2;0;1;1;-23,38497189;-46,26686105;"SPRF-SP";"DEL01-SP";"UOP01-DEL01-SP"
396827;2021-11-20;"sábado";"01:00:00";"RS";158;326;"SANTA MARIA";"Ingestão de álcool pelo condutor";"Colisão com objeto";"Sem Vítimas";"Plena Noite";"Crescente";"Céu Claro";"Simples";"Reta";"Não";1;0;0;0;1;0;0;1;-29,70975376;-53,80284617;"SPRF-RS";"DEL09-RS";"UOP01-DEL09-RS"
396828;2021-11-20;"sábado";"03:00:00";"MG";381;493,5;"BETIM";"Ingestão de álcool pelo condutor";"Colisão com objeto";"Sem Vítimas";"Plena Noite";"Crescente";"Nublado";"Dupla";"Reta";"Sim";2;0;0;0;2;0;0;1;-19,97670801;-44,19962698;"SPRF-MG";"DEL01-MG";"UOP03-DEL01-MG"
396829;2021-11-20;"sábado";"02:10:00";"PB";230;45,3;"SANTA RITA";"Reação tardia ou ineficiente do condutor";"Capotamento";"Sem Vítimas";"Plena Noite";"Decrescente";"Céu Claro";"Dupla";"Reta";"Não";1;0;0;0;0;1;0;1;-7,1583;-35,0176;"SPRF-PB";"DEL01-PB";"UOP03-DEL01-PB"
396830;2021-10-30;"sábado";"19:40:00";"PR";116;12,7;"COLOMBO";"Ausência de reação do condutor";"Saída de leito carroçável";"Sem Vítimas";"Plena Noite";"Decrescente";"Garoa/Chuvisco";"Dupla";"Reta";"Sim";3;0;0;0;3;0;0;1;-25,3755;-49,1496;"SPRF-PR";"DEL01-PR";"UOP02-DEL01-PR"
396831;2021-11-20;"sábado";"03:16:00";"SC";101;198,5;"BIGUACU";"Ingestão de álcool pelo condutor";"Colisão transversal";"Com Vítimas Feridas";"Plena Noite";"Crescente";"Céu Claro";"Múltipla";"Reta";"Sim";2;0;0;1;1;0;1;2;-27,52658712;-48,63506019;"SPRF-SC";"DEL01-SC";"UOP01-DEL01-SC"
396832;2021-11-20;"sábado";"03:25:00";"SE";235;60,4;"ITABAIANA";"Animais na Pista";"Atropelamento de Animal";"Com Vítimas Feridas";"Amanhecer";"Decrescente";"Céu Claro";"Simples";"Reta;Declive";"Não";2;0;2;0;0;0;2;1;-10,626542;-37,463253;"SPRF-SE";"DEL01-SE";"UOP02-DEL01-SE"
396833;2021-11-20;"sábado";"01:50:00";"RO";319;61,5;"PORTO VELHO";"Condutor desrespeitou a iluminação vermelha do semáforo";"Colisão transversal";"Sem Vítimas";"Plena Noite";"Decrescente";"Garoa/Chuvisco";"Dupla";"Interseção de Vias;Reta";"Sim";2;0;0;0;1;1;0;2;-8,744547;-63,888989;"SPRF-RO";"DEL01-RO";"UOP01-DEL01-RO"
396834;2021-11-20;"sábado";"00:00:00";"RJ";116;185;"NOVA IGUACU";"Ausência de reação do condutor";"Saída de leito carroçável";"Com Vítimas Fatais";"Plena Noite";"Crescente";"Nublado";"Dupla";"Reta";"Sim";1;1;0;0;0;0;0;1;-22,74241592;-43,50327238;"SPRF-RJ";"DEL01-RJ";"UOP02-DEL01-RJ"