"id";"data_inversa";"dia_semana";"horario";"uf";"br";"km";"municipio";"causa_acidente";"tipo_acidente";"classificacao_acidente";"fase_dia";"sentido_via";"condicao_metereologica";"tipo_pista";"tracado_via";"uso_solo";"pessoas";"mortos";"feridos_leves";"feridos_graves";"ilesos";"ignorados";"feridos";"veiculos";"latitude";"longitude";"regional";"delegacia";"uop"
396835;2021-11-20;"sábado";"03:00:00";"GO";153;500,5;"GOIANIA";"Ingestão de álcool pelo condutor";"Colisão com objeto";"Sem Vítimas";"Plena Noite";"Decrescente";"Garoa/Chuvisco";"Dupla";"Reta;Desvio Temporário";"Sim";2;0;0;0;2;0;0;2;-16,7118;-49,2324;"SPRF-GO";"DEL01-GO";"UOP01-DEL01-GO"
396836;2021-11-20;"sábado";"04:15:00";"DF";70;12;"BRASILIA";"Chuva";"Saída de leito carroçável";"Com Vítimas Feridas";"Plena Noite";"Decrescente";"Chuva";"Dupla";"Reta";"Sim";1;0;1;0;0;0;1;1;-15,792243;-48,158543;"SPRF-DF";"DEL03-DF";"UOP02-DEL03-DF"
396838;2021-11-20;"sábado";"00:00:00";"SP";116;546;"BARRA DO TURVO";"Velocidade Incompatível";"Colisão com objeto";"Com Vítimas Feridas";"Plena Noite";"Crescente";"Chuva";"Simples";"Curva;Declive";"Não";1;0;1;0;0;0;1;1;-24,9470862;-48,43042095;"SPRF-SP";"DEL05-SP";"UOP02-DEL05-SP"
396839;2021-11-20;"sábado";"02:25:00";"MG";40;507,6;"RIBEIRAO DAS NEVES";"Pedestre andava na pista";"Atropelamento de Pedestre";"Com Vítimas Fatais";"Plena Noite";"Crescente";"Chuva";"Simples";"Interseção de Vias";"Sim";2;1;0;0;0;1;0;2;-19,75431705;-44,14152606;"SPRF-MG";"DEL02-MG";"UOP01-DEL02-MG"
396840;2021-11-20;"sábado";"04:55:00";"CE";222;4,8;"CAUCAIA";"Transitar na contramão";"Colisão frontal";"Com Vítimas Feridas";"Pleno dia";"Crescente";"Céu Claro";"Dupla";"Reta";"Sim";3;0;1;1;1;0;2;3;-3,74164754;-38,60449792;"SPRF-CE";"DEL01-CE";"UOP01-DEL01-CE"
396841;2021-11-20;"sábado";"05:00:00";"SC";101;195;"BIGUACU";"Ingestão de álcool pelo condutor";"Colisão com objeto";"Sem Vítimas";"Pleno dia";"Crescente";"Céu Claro";"Dupla";"Reta";"Sim";1;0;0;0;1;0;0;1;-27,5047092;-48,65010819;"SPRF-SC";"DEL01-SC";"UOP01-DEL01-SC"
396842;2021-11-20;"sábado";"04:20:00";"SC";470;47;"BLUMENAU";"Ausência de reação do condutor";"Colisão traseira";"Com Vítimas Feridas";"Amanhecer";"Decrescente";"Céu Claro";"Simples";"Curva";"Não";5;0;0;2;3;0;2;2;-26,864044;-49,046516;"SPRF-SC";"DEL04-SC";"UOP01-DEL04-SC"
396844;2021-11-20;"sábado";"05:05:00";"SC";101;115;"ITAJAI";"Condutor Dormindo";"Colisão com objeto";"Sem Vítimas";"Amanhecer";"Decrescente";"Céu Claro";"Dupla";"Reta";"Sim";1;0;0;0;1;0;0;1;-26,87064015;-48,72954134;"SPRF-SC";"DEL04-SC";"UOP04-DEL04-SC"
396846;2021-11-20;"sábado";"05:00:00";"SC";101;436;"SOMBRIO";"Reação tardia ou ineficiente do condutor";"Colisão transversal";"Com Vítimas Feridas";"Amanhecer";"Decrescente";"Céu Claro";"Simples";"Interseção de Vias";"Sim";2;0;1;0;1;0;1;2;-29,10817487;-49,63739835;"SPRF-SC";"DEL02-SC";"UOP02-DEL02-SC"
396847;2021-11-20;"sábado";"05:55:00";"SP";116;158,8;"JACAREI";"Condutor Dormindo";"Colisão com objeto";"Com Vítimas Feridas";"Amanhecer";"Crescente";"Nublado";"Dupla";"Reta";"Sim";1;0;1;0;0;0;1;1;-23,26072137;-45,95179176;"SPRF-SP";"DEL02-SP";"UOP01-DEL02-SP"
396848;2021-11-20;"sábado";"05:40:00";"MT";364;175;"PEDRA PRETA";"Ausência de reação do condutor";"Colisão com objeto";"Com Vítimas Feridas";"Pleno dia";"Crescente";"Nublado";"Simples";"Reta;Declive";"Não";1;0;0;1;0;0;1;1;-16,63298457;-54,43880081;"SPRF-MT";"DEL02-MT";"UOP01-DEL02-MT"
396849;2021-11-20;"sábado";"06:40:00";"RS";116;517;"PELOTAS";"Velocidade Incompatível";"Queda de ocupante de veículo";"Com Vítimas Fatais";"Pleno dia";"Decrescente";"Céu Claro";"Dupla";"Reta";"Sim";1;1;0;0;0;0;0;1;-31,67908686;-52,34256731;"SPRF-RS";"DEL07-RS";"UOP01-DEL07-RS"
396852;2021-11-20;"sábado";"05:00:00";"BA";101;877;"TEIXEIRA DE FREITAS";"Acessar a via sem observar a presença dos outros veículos";"Colisão transversal";"Com Vítimas Feridas";"Amanhecer";"Decrescente";"Nublado";"Simples";"Interseção de Vias";"Sim";3;0;2;0;1;0;2;2;-17,53976906;-39,71524023;"SPRF-BA";"DEL09-BA";"UOP02-DEL09-BA"
396853;2021-11-19;"sexta-feira";"20:10:00";"PA";230;746;"MEDICILANDIA";"Ingestão de álcool pelo condutor";"Colisão traseira";"Com Vítimas Feridas";"Plena Noite";"Decrescente";"Céu Claro";"Simples";"Reta";"Não";4;0;1;0;1;2;1;2;-3,44538562;-52,89911989;"SPRF-PA";"DEL04-PA";"UOP01-DEL04-PA"
396854;2021-11-20;"sábado";"06:20:00";"SP";101;37,7;"UBATUBA";"Ausência de reação do condutor";"Saída de leito carroçável";"Sem Vítimas";"Pleno dia";"Decrescente";"Céu Claro";"Simples";"Curva";"Não";1;0;0;0;1;0;0;1;-23,40741225;-45,01853943;"SPRF-SP";"DEL06-SP";"UOP01-DEL06-SP"
396856;2021-11-20;"sábado";"06:00:00";"PR";376;175;"MARINGA";"Acessar a via sem observar a presença dos outros veículos";"Colisão traseira";"Com Vítimas Feridas";"Pleno dia";"Decrescente";"Céu Claro";"Múltipla";"Reta";"Sim";3;0;1;0;1;1;1;3;-23,4113569;-51,9407767;"SPRF-PR";"DEL09-PR";"UOP01-DEL09-PR"
396857;2021-11-20;"sábado";"07:00:00";"PE";101;118;"IPOJUCA";"Afundamento ou ondulação no pavimento";"Colisão com objeto";"Com Vítimas Feridas";"Pleno dia";"Crescente";"Nublado";"Dupla";"Reta";"Não";3;0;3;0;0;0;3;1;-8,35293357;-35,16028998;"SPRF-PE";"DEL01-PE";"UOP01-DEL01-PE"
396858;2021-11-20;"sábado";"05:50:00";"RS";290;1;"OSORIO";"Ingestão de álcool pelo condutor";"Colisão lateral sentido oposto";"Com Vítimas Feridas";"Amanhecer";"Crescente";"Céu Claro";"Simples";"Curva";"Sim";2;0;1;0;1;0;1;2;-29,894957;-50,286026;"SPRF-RS";"DEL03-RS";"UOP01-DEL03-RS"
396859;2021-11-20;"sábado";"05:30:00";"MG";262;822,3;"UBERABA";"Reação tardia ou ineficiente do condutor";"Saída de leito carroçável";"Sem Vítimas";"Amanhecer";"Crescente";"Chuva";"Dupla";"Reta";"Não";1;0;0;0;1;0;0;1;-19,76063273;-48,14580492;"SPRF-MG";"DEL13-MG";"UOP01-DEL13-MG"
396860;2021-11-20;"sábado";"06:30:00";"PR";153;317,4;"IMBITUVA";"Condutor deixou de manter distância do veículo da frente";"Colisão traseira";"Com Vítimas Feridas";"Pleno dia";"Crescente";"Nublado";"Simples";"Reta";"Não";4;0;2;0;2;0;2;2;-25,34884796;-50,63467869;"SPRF-PR";"DEL03-PR";"UOP03-DEL03-PR"
396861;2021-11-20;"sábado";"07:50:00";"RJ";101;137,8;"MACAE";"Chuva";"Saída de leito carroçável";"Com Vítimas Feridas";"Pleno dia";"Crescente";"Céu Claro";"Dupla";"Reta";"Não";1;0;1;0;0;0;1;1;-22,15452252;-41,73977437;"SPRF-RJ";"DEL08-RJ";"UOP04-DEL08-RJ"
396862;2021-11-20;"sábado";"01:00:00";"RJ";356;1;"ITAPERUNA";"Ausência de reação do condutor";"Colisão transversal";"Com Vítimas Feridas";"Plena Noite";"Crescente";"Chuva";"Simples";"Curva";"Não";10;0;9;0;0;1;9;2;-21,1423902;-42,16936013;"SPRF-RJ";"DEL08-RJ";"UOP03-DEL08-RJ"
396863;2021-11-20;"sábado";"07:10:00";"MS";163;462,1;"CAMPO GRANDE";"Avarias e/ou desgaste excessivo no pneu";"Saída de leito carroçável";"Sem Vítimas";"Pleno dia";"Crescente";"Céu Claro";"Simples";"Reta";"Sim";1;0;0;0;1;0;0;1;-20,62069293;-54,5742707;"SPRF-MS";"DEL01-MS";"UOP01-DEL01-MS"
396864;2021-11-20;"sábado";"07:30:00";"SP";153;63,8;"SAO JOSE DO RIO PRETO";"Reação tardia ou ineficiente do condutor";"Colisão traseira";"Com Vítimas Feridas";"Pleno dia";"Decrescente";"Nublado";"Dupla";"Reta";"Sim";3;0;1;0;2;0;1;2;-20,82149698;-49,35764818;"SPRF-SP";"DEL09-SP";"UOP01-DEL09-SP"
396865;2021-11-20;"sábado";"06:00:00";"RJ";465;5;"SEROPEDICA";"Chuva";"Colisão com objeto";"Sem Vítimas";"Amanhecer";"Crescente";"Nublado";"Dupla";"Reta";"Não";1;0;0;0;0;1;0;1;-22,752;-43,696;"SPRF-RJ";"DEL01-RJ";"UOP03-DEL01-RJ"
396867;2021-11-20;"sábado";"07:40:00";"SP";116;186,2;"SANTA ISABEL";"Velocidade Incompatível";"Colisão com objeto";"Com Vítimas Feridas";"Pleno dia";"Crescente";"Nublado";"Dupla";"Curva";"Não";2;0;1;0;1;0;1;1;-23,35220682;-46,19934905;"SPRF-SP";"DEL01-SP";"UOP01-DEL01-SP"
396868;2021-11-20;"sábado";"06:55:00";"MG";365;626;"UBERLANDIA";"Ingestão de álcool pelo condutor";"Saída de leito carroçável";"Com Vítimas Feridas";"Pleno dia";"Crescente";"Garoa/Chuvisco";"Dupla";"Aclive";"Não";2;0;1;0;0;1;1;2;-18,90659356;-48,33469405;"SPRF-MG";"DEL15-MG";"UOP01-DEL15-MG"
396871;2021-11-20;"sábado";"06:45:00";"GO";153;94;"SANTA TEREZA DE GOIAS";"Ingestão de álcool pelo condutor";"Saída de leito carroçável";"Com Vítimas Feridas";"Pleno dia";"Crescente";"Céu Claro";"Simples";"Reta";"Não";1;0;1;0;0;0;1;1;-13,604548;-49,042053;"SPRF-GO";"DEL07-GO";"UOP01-DEL07-GO"
396872;2021-11-08;"segunda-feira";"22:05:00";"SC";101;415,5;"ARARANGUA";"Desrespeitar a preferência no cruzamento";"Colisão transversal";"Com Vítimas Feridas";"Plena Noite";"Decrescente";"Nublado";"Simples";"Reta";"Sim";2;0;0;1;1;0;1;2;-28,96933474;-49,52526212;"SPRF-SC";"DEL02-SC";"UOP02-DEL02-SC"
396874;2021-11-20;"sábado";"07:40:00";"RS";285;114,4;"VACARIA";"Velocidade Incompatível";"Saída de leito carroçável";"Com Vítimas Feridas";"Amanhecer";"Crescente";"Céu Claro";"Simples";"Curva";"Não";4;0;2;2;0;0;4;1;-28,510778;-50,877293;"SPRF-RS";"DEL05-RS";"UOP03-DEL05-RS"
396875;2021-11-20;"sábado";"07:25:00";"MG";381;527,1;"BRUMADINHO";"Chuva";"Saída de leito carroçável";"Com Vítimas Feridas";"Pleno dia";"Crescente";"Chuva";"Dupla";"Curva";"Não";1;0;1;0;0;0;1;1;-20,16283256;-44,35072739;"SPRF-MG";"DEL04-MG";"UOP03-DEL04-MG"
396878;2021-10-18;"segunda-feira";"11:30:00";"RS";158;246,7;"JULIO DE CASTILHOS";"Ultrapassagem Indevida";"Colisão frontal";"Com Vítimas Feridas";"Pleno dia";"Crescente";"Céu Claro";"Simples";"Aclive";"Não";3;0;2;1;0;0;3;2;-29,08260007;-53,6498416;"SPRF-RS";"DEL10-RS";"UOP02-DEL10-RS"
396879;2021-11-20;"sábado";"09:15:00";"PE";104;60,3;"CARUARU";"Reação tardia ou ineficiente do condutor";"Capotamento";"Com Vítimas Feridas";"Pleno dia";"Crescente";"Sol";"Dupla";"Reta";"Não";8;0;8;0;0;0;8;1;-8,2436928;-35,97533762;"SPRF-PE";"DEL02-PE";"UOP01-DEL02-PE"
396880;2021-11-20;"sábado";"07:30:00";"MS";262;327;"CAMPO GRANDE";"Entrada inopinada do pedestre";"Atropelamento de Pedestre";"Com Vítimas Feridas";"Pleno dia";"Decrescente";"Céu Claro";"Dupla";"Reta;Retorno Regulamentado";"Sim";2;0;1;0;1;0;1;2;-20,46657314;-54,54372903;"SPRF-MS";"DEL01-MS";"UOP01-DEL01-MS"
396881;2021-11-20;"sábado";"08:00:00";"RS";101;51,1;"TERRA DE AREIA";"Condutor Dormindo";"Saída de leito carroçável";"Com Vítimas Feridas";"Pleno dia";"Decrescente";"Sol";"Dupla";"Reta";"Não";3;0;1;2;0;0;3;1;-29,61499714;-50,0915338;"SPRF-RS";"DEL03-RS";"UOP02-DEL03-RS"
396884;2021-11-20;"sábado";"09:00:00";"MG";365;338,1;"VARJAO DE MINAS";"Reação tardia ou ineficiente do condutor";"Saída de leito carroçável";"Com Vítimas Feridas";"Pleno dia";"Crescente";"Nublado";"Simples";"Aclive";"Não";2;0;2;0;0;0;2;1;-18,335088;-46,012213;"SPRF-MG";"DEL10-MG";"UOP01-DEL10-MG"
396886;2021-11-20;"sábado";"09:20:00";"PR";369;468,6;"CORBELIA";"Condutor Dormindo";"Saída de leito carroçável";"Com Vítimas Feridas";"Pleno dia";"Crescente";"Céu Claro";"Simples";"Reta";"Não";2;0;1;0;1;0;1;1;-24,5784;-53,1487;"SPRF-PR";"DEL04-PR";"UOP03-DEL04-PR"
396887;2021-11-20;"sábado";"09:10:00";"PR";376;181;"MARINGA";"Demais falhas mecânicas ou elétricas";"Queda de ocupante de veículo";"Com Vítimas Feridas";"Pleno dia";"Decrescente";"Céu Claro";"Dupla";"Reta";"Sim";2;0;0;2;0;0;2;1;-23,427137;-51,8955;"SPRF-PR";"DEL09-PR";"UOP01-DEL09-PR"
396889;2021-11-20;"sábado";"09:50:00";"ES";262;122,9;"CONCEICAO DO CASTELO";"Acumulo de água sobre o pavimento";"Tombamento";"Com Vítimas Feridas";"Pleno dia";"Decrescente";"Chuva";"Dupla";"Curva";"Não";6;0;2;4;0;0;6;1;-20,300399;-41,23049498;"SPRF-ES";"DEL01-ES";"UOP02-DEL01-ES"
396890;2021-11-20;"sábado";"09:20:00";"SP";116;327;"JUQUITIBA";"Reação tardia ou ineficiente do condutor";"Saída de leito carroçável";"Com Vítimas Feridas";"Pleno dia";"Decrescente";"Chuva";"Dupla";"Curva";"Não";2;0;1;0;1;0;1;1;-23,93596456;-47,07098892;"SPRF-SP";"DEL04-SP";"UOP01-DEL04-SP"
396892;2021-11-20;"sábado";"09:30:00";"ES";101;16;"PEDRO CANARIO";"Acesso irregular";"Colisão transversal";"Com Vítimas Feridas";"Pleno dia";"Crescente";"Nublado";"Simples";"Reta";"Sim";2;0;1;0;0;1;1;2;-18,29874595;-39,95732581;"SPRF-ES";"DEL04-ES";"UOP02-DEL04-ES"
396894;2021-11-20;"sábado";"09:20:00";"MG";381;630,8;"OLIVEIRA";"Acumulo de água sobre o pavimento";"Saída de leito carroçável";"Com Vítimas Feridas";"Pleno dia";"Crescente";"Chuva";"Dupla";"Declive;Curva";"Não";2;0;1;1;0;0;2;1;-20,84702065;-44,83281432;"SPRF-MG";"DEL04-MG";"UOP01-DEL04-MG"
396897;2021-11-20;"sábado";"10:20:00";"MT";364;139,9;"PEDRA PRETA";"Condutor Dormindo";"Capotamento";"Com Vítimas Feridas";"Pleno dia";"Decrescente";"Céu Claro";"Simples";"Curva;Aclive";"Não";5;0;0;5;0;0;5;1;-16,80094529;-54,1099251;"SPRF-MT";"DEL02-MT";"UOP01-DEL02-MT"
396898;2021-11-20;"sábado";"10:55:00";"RS";386;49;"SEBERI";"Entrada inopinada do pedestre";"Atropelamento de Pedestre";"Com Vítimas Feridas";"Pleno dia";"Crescente";"Céu Claro";"Simples";"Reta";"Não";5;0;0;1;1;3;1;2;-27,482555;-53,392845;"SPRF-RS";"DEL08-RS";"UOP02-DEL08-RS"
396899;2021-11-20;"sábado";"04:40:00";"SC";163;119,8;"DIONISIO CERQUEIRA";"Ingestão de álcool pelo condutor";"Saída de leito carroçável";"Com Vítimas Feridas";"Amanhecer";"Decrescente";"Céu Claro";"Simples";"Curva;Declive";"Não";4;0;3;0;0;1;3;1;-26,33696105;-53,54629684;"SPRF-SC";"DEL07-SC";"UOP03-DEL07-SC"
396901;2021-11-20;"sábado";"08:20:00";"RJ";40;94;"DUQUE DE CAXIAS";"Pista Escorregadia";"Saída de leito carroçável";"Com Vítimas Feridas";"Pleno dia";"Crescente";"Garoa/Chuvisco";"Dupla";"Curva";"Não";1;0;1;0;0;0;1;1;-22,55763285;-43,26574352;"SPRF-RJ";"DEL01-RJ";"UOP01-DEL01-RJ"
396902;2021-11-20;"sábado";"08:37:00";"MT";174;392;"NOVA LACERDA";"Reação tardia ou ineficiente do condutor";"Saída de leito carroçável";"Com Vítimas Feridas";"Pleno dia";"Decrescente";"Céu Claro";"Simples";"Reta";"Não";3;0;3;0;0;0;3;1;-14,45299198;-59,59933155;"SPRF-MT";"DEL04-MT";"UOP01-DEL04-MT"
396904;2021-11-20;"sábado";"11:30:00";"MG";40;749,6;"SANTOS DUMONT";"Velocidade Incompatível";"Saída de leito carroçável";"Com Vítimas Feridas";"Pleno dia";"Crescente";"Chuva";"Simples";"Curva";"Sim";1;0;1;0;0;0;1;1;-21,447874;-43,55738803;"SPRF-MG";"DEL05-MG";"UOP01-DEL05-MG"
396907;2021-11-20;"sábado";"11:50:00";"SC";101;206,8;"SAO JOSE";"Condutor deixou de manter distância do veículo da frente";"Colisão traseira";"Com Vítimas Feridas";"Pleno dia";"Crescente";"Céu Claro";"Dupla";"Reta";"Sim";3;0;2;0;1;0;2;2;-27,59193546;-48,61824557;"SPRF-SC";"DEL01-SC";"UOP01-DEL01-SC"
396908;2021-11-20;"sábado";"11:50:00";"MG";262;123;"RIO CASCA";"Demais falhas na via";"Saída de leito carroçável";"Com Vítimas Feridas";"Pleno dia";"Decrescente";"Céu Claro";"Simples";"Aclive;Curva";"Não";4;0;2;0;2;0;2;1;-20,2075719;-42,67303285;"SPRF-MG";"DEL03-MG";"UOP03-DEL03-MG"
396910;2021-11-20;"sábado";"12:00:00";"ES";101;265;"SERRA";"Condutor deixou de manter distância do veículo da frente";"Colisão traseira";"Sem Vítimas";"Pleno dia";"Crescente";"Chuva";"Simples";"Reta";"Sim";2;0;0;0;2;0;0;2;-20,1816849;-40,26536036;"SPRF-ES";"DEL02-ES";"UOP01-DEL02-ES"
396911;2021-11-20;"sábado";"11:00:00";"MG";251;449;"GRAO MOGOL";"Acumulo de água sobre o pavimento";"Saída de leito carroçável";"Com Vítimas Feridas";"Pleno dia";"Crescente";"Chuva";"Simples";"Curva";"Não";2;0;1;0;1;0;1;1;-16,420528;-43,28967;"SPRF-MG";"DEL12-MG";"UOP01-DEL12-MG"
396912;2021-11-20;"sábado";"12:25:00";"SC";101;206,4;"SAO JOSE";"Reação tardia ou ineficiente do condutor";"Colisão lateral mesmo sentido";"Com Vítimas Feridas";"Pleno dia";"Crescente";"Céu Claro";"Múltipla";"Reta";"Sim";2;0;1;0;1;0;1;2;-27,59193546;-48,61824557;"SPRF-SC";"DEL01-SC";"UOP01-DEL01-SC"
396914;2021-11-20;"sábado";"12:15:00";"RN";110;46,2;"MOSSORO";"Reação tardia ou ineficiente do condutor";"Tombamento";"Com Vítimas Feridas";"Pleno dia";"Decrescente";"Sol";"Simples";"Reta";"Sim";2;0;1;0;1;0;1;1;-5,19797675;-37,31839819;"SPRF-RN";"DEL04-RN";"UOP01-DEL04-RN"
396915;2021-11-20;"sábado";"12:06:00";"ES";101;87;"SAO MATEUS";"Chuva";"Saída de leito carroçável";"Com Vítimas Feridas";"Pleno dia";"Decrescente";"Chuva";"Simples";"Declive";"Não";2;0;2;0;0;0;2;1;-18,87347703;-39,94418092;"SPRF-ES";"DEL04-ES";"UOP02-DEL04-ES"
396916;2021-11-20;"sábado";"09:10:00";"GO";153;405,9;"PIRENOPOLIS";"Conversão proibida";"Colisão frontal";"Com Vítimas Feridas";"Pleno dia";"Crescente";"Céu Claro";"Simples";"Curva;Aclive";"Não";2;0;2;0;0;0;2;2;-16,062551;-49,063637;"SPRF-GO";"DEL02-GO";"UOP02-DEL02-GO"
396917;2021-11-20;"sábado";"12:40:00";"ES";101;266,5;"SERRA";"Chuva";"Tombamento";"Com Vítimas Feridas";"Pleno dia";"Crescente";"Chuva";"Múltipla";"Reta";"Sim";1;0;1;0;0;0;1;1;-20,190199;-40,26828891;"SPRF-ES";"DEL02-ES";"UOP01-DEL02-ES"
396918;2021-11-20;"sábado";"12:00:00";"MS";163;455;"CAMPO GRANDE";"Reação tardia ou ineficiente do condutor";"Colisão com objeto";"Com Vítimas Feridas";"Pleno dia";"Crescente";"Nublado";"Simples";"Retorno Regulamentado";"Não";1;0;1;0;0;0;1;1;-20,68134897;-54,55509188;"SPRF-MS";"DEL01-MS";"UOP01-DEL01-MS"
396919;2021-11-20;"sábado";"12:00:00";"PB";412;0,5;"POCINHOS";"Ingestão de álcool pelo condutor";"Saída de leito carroçável";"Com Vítimas Feridas";"Pleno dia";"Decrescente";"Sol";"Simples";"Reta";"Não";2;0;2;0;0;0;2;1;-7,151964;-36,108418;"SPRF-PB";"DEL02-PB";"UOP02-DEL02-PB"
396920;2021-11-20;"sábado";"12:45:00";"SC";101;203,8;"SAO JOSE";"Frear bruscamente";"Tombamento";"Com Vítimas Feridas";"Pleno dia";"Crescente";"Céu Claro";"Dupla";"Reta";"Sim";1;0;1;0;0;0;1;1;-27,57413014;-48,61363083;"SPRF-SC";"DEL01-SC";"UOP01-DEL01-SC"
396921;2021-11-20;"sábado";"06:00:00";"MG";459;18,9;"CALDAS";"Animais na Pista";"Atropelamento de Animal";"Sem Vítimas";"Pleno dia";"Decrescente";"Céu Claro";"Simples";"Curva";"Não";1;0;0;0;0;1;0;1;-21,857208;-46,430317;"SPRF-MG";"DEL09-MG";"UOP01-DEL09-MG"
396924;2021-11-20;"sábado";"13:00:00";"MG";262;379;"JUATUBA";"Chuva";"Saída de leito carroçável";"Com Vítimas Feridas";"Pleno dia";"Decrescente";"Garoa/Chuvisco";"Dupla";"Curva";"Não";2;0;2;0;0;0;2;1;-19,95241506;-44,37342001;"SPRF-MG";"DEL01-MG";"UOP03-DEL01-MG"
396925;2021-11-20;"sábado";"13:01:00";"PR";469;15;"FOZ DO IGUACU";"Conversão proibida";"Colisão lateral mesmo sentido";"Com Vítimas Feridas";"Pleno dia";"Decrescente";"Céu Claro";"Simples";"Curva;Aclive";"Sim";1;0;0;1;0;0;1;1;-25,58151433;-54,53018904;"SPRF-PR";"DEL05-PR";"UOP04-DEL05-PR"
396926;2021-11-20;"sábado";"11:30:00";"MG";381;781,1;"CAMPANHA";"Condutor Dormindo";"Saída de leito carroçável";"Com Vítimas Feridas";"Pleno dia";"Decrescente";"Céu Claro";"Dupla";"Curva";"Não";3;0;0;1;1;1;1;2;-21,85166608;-45,52037769;"SPRF-MG";"DEL16-MG";"UOP02-DEL16-MG"
396927;2021-11-20;"sábado";"13:20:00";"SC";282;120;"SAO BENTO DO SUL";"Ingestão de álcool pelo condutor";"Colisão transversal";"Sem Vítimas";"Pleno dia";"Crescente";"Céu Claro";"Simples";"Rotatória";"Sim";2;0;0;0;2;0;0;2;-26,24546409;-49,46034729;"SPRF-SC";"DEL05-SC";"UOP01-DEL05-SC"
396928;2021-11-20;"sábado";"12:35:00";"PR";376;107,9;"PARANAVAI";"Pedestre cruzava a pista fora da faixa";"Capotamento";"Com Vítimas Feridas";"Pleno dia";"Crescente";"Céu Claro";"Dupla";"Reta";"Sim";2;0;1;0;1;0;1;2;-23,06897758;-52,42454766;"SPRF-PR";"DEL09-PR";"UOP02-DEL09-PR"
396929;2021-11-20;"sábado";"13:10:00";"PR";376;548;"PALMEIRA";"Manobra de mudança de faixa";"Saída de leito carroçável";"Sem Vítimas";"Pleno dia";"Decrescente";"Nublado";"Dupla";"Reta";"Sim";1;0;0;0;1;0;0;1;-25,46833056;-49,72640707;"SPRF-PR";"DEL01-PR";"UOP03-DEL03-PR"
396930;2021-11-20;"sábado";"13:40:00";"SP";116;327;"JUQUITIBA";"Demais falhas mecânicas ou elétricas";"Incêndio";"Com Vítimas Feridas";"Pleno dia";"Crescente";"Nublado";"Dupla";"Reta";"Sim";2;0;1;0;1;0;1;1;-23,9442931;-47,09668891;"SPRF-SP";"DEL04-SP";"UOP01-DEL04-SP"
396932;2021-11-20;"sábado";"13:15:00";"ES";259;57,3;"COLATINA";"Acessar a via sem observar a presença dos outros veículos";"Colisão transversal";"Com Vítimas Feridas";"Pleno dia";"Decrescente";"Chuva";"Simples";"Reta";"Sim";3;0;2;0;1;0;2;2;-19,50865703;-40,65581416;"SPRF-ES";"DEL02-ES";"UOP01-DEL02-ES"
396933;2021-11-20;"sábado";"14:00:00";"RN";110;47,8;"MOSSORO";"Condutor deixou de manter distância do veículo da frente";"Colisão traseira";"Com Vítimas Feridas";"Pleno dia";"Crescente";"Céu Claro";"Simples";"Reta";"Sim";2;0;1;0;1;0;1;2;-5,20338376;-37,32563418;"SPRF-RN";"DEL04-RN";"UOP01-DEL04-RN"
396935;2021-11-20;"sábado";"11:30:00";"MG";40;205,8;"JOAO PINHEIRO";"Demais falhas mecânicas ou elétricas";"Tombamento";"Com Vítimas Feridas";"Pleno dia";"Crescente";"Nublado";"Simples";"Reta";"Não";1;0;1;0;0;0;1;1;-17,99237393;-45,77319798;"SPRF-MG";"DEL14-MG";"UOP02-DEL14-MG"
396936;2021-11-20;"sábado";"14:10:00";"RJ";116;37;"TERESOPOLIS";"Transitar na contramão";"Colisão frontal";"Com Vítimas Feridas";"Pleno dia";"Crescente";"Chuva";"Simples";"Reta";"Sim";2;0;1;0;1;0;1;2;-22,10884271;-42,78535659;"SPRF-RJ";"DEL04-RJ";"UOP01-DEL04-RJ"
396937;2021-11-20;"sábado";"14:40:00";"CE";20;393,4;"CAUCAIA";"Condutor deixou de manter distância do veículo da frente";"Colisão traseira";"Sem Vítimas";"Pleno dia";"Crescente";"Sol";"Simples";"Reta";"Não";2;0;0;0;1;1;0;2;-3,83775146;-38,76518844;"SPRF-CE";"DEL01-CE";"UOP01-DEL01-CE"
396938;2021-11-20;"sábado";"13:00:00";"AP";156;200;"MACAPA";"Manobra de mudança de faixa";"Saída de leito carroçável";"Com Vítimas Feridas";"Pleno dia";"Decrescente";"Nublado";"Simples";"Reta";"Não";6;0;1;1;4;0;2;1;0,22075598;-51,36245728;"SPRF-AP";"DEL01-AP";"UOP01-DEL01-AP"
396939;2021-11-20;"sábado";"14:00:00";"PR";116;23;"ANTONINA";"Ausência de reação do condutor";"Queda de ocupante de veículo";"Com Vítimas Feridas";"Pleno dia";"Crescente";"Garoa/Chuvisco";"Dupla";"Reta";"Não";1;0;1;0;0;0;1;1;-25,1104764;-48,75592011;"SPRF-PR";"DEL01-PR";"UOP02-DEL01-PR"
396940;2021-11-20;"sábado";"15:20:00";"MG";40;462;"SETE LAGOAS";"Chuva";"Saída de leito carroçável";"Sem Vítimas";"Pleno dia";"Crescente";"Chuva";"Dupla";"Declive";"Não";1;0;0;0;1;0;0;1;-19,4136917;-44,33879427;"SPRF-MG";"DEL02-MG";"UOP01-DEL02-MG"
396941;2021-09-29;"quarta-feira";"12:10:00";"MG";116;526,3;"CARATINGA";"Acessar a via sem observar a presença dos outros veículos";"Colisão transversal";"Com Vítimas Feridas";"Pleno dia";"Decrescente";"Céu Claro";"Simples";"Reta";"Não";4;0;0;1;1;2;1;3;-19,77654011;-42,13327989;"SPRF-MG";"DEL06-MG";"UOP02-DEL06-MG"
396944;2021-11-20;"sábado";"07:48:00";"PR";469;13,4;"FOZ DO IGUACU";"Acessar a via sem observar a presença dos outros veículos";"Colisão transversal";"Com Vítimas Feridas";"Pleno dia";"Decrescente";"Céu Claro";"Simples";"Reta";"Sim";2;0;1;0;1;0;1;2;-25,57686923;-54,54441547;"SPRF-PR";"DEL05-PR";"UOP04-DEL05-PR"