"id";"data_inversa";"dia_semana";"horario";"uf";"br";"km";"municipio";"causa_acidente";"tipo_acidente";"classificacao_acidente";"fase_dia";"sentido_via";"condicao_metereologica";"tipo_pista";"tracado_via";"uso_solo";"pessoas";"mortos";"feridos_leves";"feridos_graves";"ilesos";"ignorados";"feridos";"veiculos";"latitude";"longitude";"regional";"delegacia";"uop"
397055;2021-11-21;"domingo";"04:15:00";"PR";369;152;"LONDRINA";"Ingestão de álcool pelo condutor";"Colisão com objeto";"Com Vítimas Feridas";"Plena Noite";"Crescente";"Nublado";"Dupla";"Aclive;Interseção de Vias;Curva";"Sim";5;0;3;0;2;0;3;1;-23,29346515;-51,18700325;"SPRF-PR";"DEL07-PR";"UOP01-DEL07-PR"
397056;2021-11-20;"sábado";"23:40:00";"PR";277;588,4;"CASCAVEL";"Ausência de reação do condutor";"Queda de ocupante de veículo";"Com Vítimas Feridas";"Plena Noite";"Crescente";"Céu Claro";"Simples";"Reta;Declive";"Sim";1;0;1;0;0;0;1;1;-24,97369293;-53,43816604;"SPRF-PR";"DEL04-PR";"UOP01-DEL04-PR"
397057;2021-11-21;"domingo";"03:45:00";"MG";381;485;"BETIM";"Velocidade Incompatível";"Colisão com objeto";"Com Vítimas Feridas";"Plena Noite";"Decrescente";"Garoa/Chuvisco";"Dupla";"Reta";"Sim";1;0;0;1;0;0;1;1;-19,95659361;-44,12622893;"SPRF-MG";"DEL01-MG";"UOP03-DEL01-MG"
397058;2021-11-21;"domingo";"04:00:00";"SC";470;111,2;"IBIRAMA";"Velocidade Incompatível";"Saída de leito carroçável";"Sem Vítimas";"Plena Noite";"Crescente";"Céu Claro";"Simples";"Curva";"Não";2;0;0;0;2;0;0;1;-27,095388;-49,457878;"SPRF-SC";"DEL04-SC";"UOP02-DEL04-SC"
397059;2021-11-21;"domingo";"04:45:00";"RS";290;105;"ELDORADO DO SUL";"Falta de elemento de contenção que evite a saída do leito carroçável";"Saída de leito carroçável";"Sem Vítimas";"Amanhecer";"Decrescente";"Céu Claro";"Dupla";"Reta";"Não";1;0;0;0;0;1;0;1;-29,99608;-51,285023;"SPRF-RS";"DEL02-RS";"UOP01-DEL02-RS"
397060;2021-11-21;"domingo";"05:00:00";"MG";267;119;"JUIZ DE FORA";"Ingestão de álcool pelo condutor";"Saída de leito carroçável";"Sem Vítimas";"Amanhecer";"Decrescente";"Nublado";"Simples";"Interseção de Vias";"Sim";1;0;0;0;1;0;0;1;-21,70273313;-43,45311417;"SPRF-MG";"DEL05-MG";"UOP01-DEL05-MG"
397061;2021-11-21;"domingo";"03:45:00";"MS";60;387;"CAMPO GRANDE";"Reação tardia ou ineficiente do condutor";"Saída de leito carroçável";"Com Vítimas Feridas";"Amanhecer";"Decrescente";"Ignorado";"Simples";"Curva";"Não";2;0;2;0;0;0;2;1;-20,68640184;-54,76469536;"SPRF-MS";"DEL01-MS";"UOP04-DEL01-MS"
397062;2021-11-21;"domingo";"03:40:00";"MT";163;784,6;"SORRISO";"Ausência de reação do condutor";"Queda de ocupante de veículo";"Com Vítimas Feridas";"Plena Noite";"Crescente";"Céu Claro";"Simples";"Curva";"Não";1;0;1;0;0;0;1;1;-12,41515491;-55,63378712;"SPRF-MT";"DEL06-MT";"UOP01-DEL06-MT"
397063;2021-11-21;"domingo";"05:40:00";"MG";262;379;"JUATUBA";"Condutor Dormindo";"Saída de leito carroçável";"Com Vítimas Feridas";"Pleno dia";"Crescente";"Céu Claro";"Dupla";"Curva";"Não";2;0;2;0;0;0;2;1;-19,95241506;-44,37342001;"SPRF-MG";"DEL01-MG";"UOP03-DEL01-MG"
397064;2021-11-21;"domingo";"03:00:00";"SC";101;116;"ITAJAI";"Ingestão de álcool pelo condutor";"Saída de leito carroçável";"Sem Vítimas";"Plena Noite";"Crescente";"Nublado";"Dupla";"Reta";"Não";1;0;0;0;0;1;0;1;-26,87905605;-48,72603512;"SPRF-SC";"DEL04-SC";"UOP04-DEL04-SC"
397065;2021-11-21;"domingo";"03:50:00";"MS";163;258;"DOURADOS";"Ingestão de álcool pelo condutor";"Colisão com objeto";"Com Vítimas Feridas";"Amanhecer";"Crescente";"Céu Claro";"Dupla";"Rotatória";"Sim";1;0;1;0;0;0;1;1;-22,25859;-54,783592;"SPRF-MS";"DEL04-MS";"UOP01-DEL04-MS"
397066;2021-11-21;"domingo";"03:00:00";"BA";101;229;"SAPEACU";"Ingestão de álcool pelo condutor";"Colisão lateral sentido oposto";"Com Vítimas Feridas";"Plena Noite";"Decrescente";"Nublado";"Simples";"Reta";"Não";4;0;1;0;3;0;1;3;-12,82656598;-39,19998114;"SPRF-BA";"DEL01-BA";"UOP02-DEL01-BA"
397067;2021-11-21;"domingo";"05:00:00";"RN";406;61;"JANDAIRA";"Ingestão de álcool e/ou substâncias psicoativas pelo pedestre";"Colisão transversal";"Sem Vítimas";"Amanhecer";"Decrescente";"Céu Claro";"Simples";"Reta";"Sim";2;0;0;0;2;0;0;2;-5,35141195;-36,13736598;"SPRF-RN";"DEL02-RN";"UOP01-DEL02-RN"
397068;2021-11-21;"domingo";"05:10:00";"RN";101;96,6;"NATAL";"Ingestão de álcool e/ou substâncias psicoativas pelo pedestre";"Colisão traseira";"Com Vítimas Feridas";"Amanhecer";"Decrescente";"Céu Claro";"Dupla";"Curva";"Sim";3;0;0;1;1;1;1;3;-5,84732787;-35,20828485;"SPRF-RN";"DEL01-RN";"UOP01-DEL01-RN"
397071;2021-11-21;"domingo";"05:45:00";"MG";262;364;"JUATUBA";"Ingestão de álcool pelo condutor";"Tombamento";"Com Vítimas Feridas";"Pleno dia";"Crescente";"Céu Claro";"Dupla";"Reta";"Não";2;0;1;0;1;0;1;1;-19,98290644;-44,24492623;"SPRF-MG";"DEL01-MG";"UOP03-DEL01-MG"
397072;2021-11-21;"domingo";"05:40:00";"GO";50;278,6;"CATALAO";"Ausência de reação do condutor";"Saída de leito carroçável";"Sem Vítimas";"Amanhecer";"Crescente";"Nublado";"Simples";"Interseção de Vias";"Sim";1;0;0;0;0;1;0;1;-18,1739;-47,9289;"SPRF-GO";"DEL06-GO";"UOP01-DEL06-GO"
397073;2021-11-20;"sábado";"20:00:00";"MA";135;131,5;"MIRANDA DO NORTE";"Acostamento em desnível";"Colisão com objeto";"Com Vítimas Fatais";"Plena Noite";"Crescente";"Céu Claro";"Simples";"Reta";"Não";2;2;0;0;0;0;0;1;-3,60070005;-44,56716411;"SPRF-MA";"DEL01-MA";"UOP02-DEL01-MA"
397074;2021-11-21;"domingo";"04:20:00";"GO";70;314;"JUSSARA";"Acessar a via sem observar a presença dos outros veículos";"Colisão lateral sentido oposto";"Com Vítimas Feridas";"Plena Noite";"Crescente";"Céu Claro";"Dupla";"Reta";"Sim";2;0;1;0;1;0;1;2;-15,875571;-50,869093;"SPRF-GO";"DEL04-GO";"UOP01-DEL04-GO"
397075;2021-11-21;"domingo";"05:15:00";"PR";376;185;"SARANDI";"Velocidade Incompatível";"Atropelamento de Animal";"Com Vítimas Feridas";"Amanhecer";"Decrescente";"Céu Claro";"Dupla";"Aclive";"Sim";3;0;2;0;1;0;2;1;-23,450144;-51,856438;"SPRF-PR";"DEL09-PR";"UOP01-DEL09-PR"
397076;2021-11-21;"domingo";"04:30:00";"GO";364;185;"JATAI";"Ingestão de álcool pelo condutor";"Colisão com objeto";"Sem Vítimas";"Amanhecer";"Crescente";"Nevoeiro/Neblina";"Simples";"Curva;Declive;Em Obras";"Não";3;0;0;0;1;2;0;2;-17,948332;-51,649601;"SPRF-GO";"DEL05-GO";"UOP01-DEL05-GO"
397077;2021-11-21;"domingo";"06:00:00";"MG";40;710,3;"BARBACENA";"Velocidade Incompatível";"Saída de leito carroçável";"Com Vítimas Feridas";"Amanhecer";"Decrescente";"Céu Claro";"Dupla";"Reta";"Não";4;0;4;0;0;0;4;1;-21,24588;-43,683945;"SPRF-MG";"DEL05-MG";"UOP02-DEL05-MG"
397078;2021-11-21;"domingo";"05:50:00";"RS";290;87;"PORTO ALEGRE";"Condutor Dormindo";"Saída de leito carroçável";"Com Vítimas Feridas";"Pleno dia";"Decrescente";"Céu Claro";"Múltipla";"Reta";"Sim";2;0;2;0;0;0;2;1;-29,967838;-51,127197;"SPRF-RS";"DEL01-RS";"UOP01-DEL01-RS"
397079;2021-11-21;"domingo";"05:25:00";"SC";101;89;"BARRA VELHA";"Ausência de reação do condutor";"Colisão com objeto";"Com Vítimas Feridas";"Amanhecer";"Decrescente";"Céu Claro";"Dupla";"Reta";"Sim";1;0;1;0;0;0;1;1;-26,65175997;-48,68721921;"SPRF-SC";"DEL03-SC";"UOP02-DEL03-SC"
397080;2021-11-21;"domingo";"03:30:00";"PI";316;87;"BARRO DURO";"Curva acentuada";"Capotamento";"Com Vítimas Feridas";"Amanhecer";"Crescente";"Garoa/Chuvisco";"Simples";"Curva";"Não";1;0;1;0;0;0;1;1;-5,7826605;-42,57911052;"SPRF-PI";"DEL04-PI";"UOP02-DEL04-PI"
397081;2021-11-20;"sábado";"17:00:00";"BA";101;456;"AURELINO LEAL";"Reação tardia ou ineficiente do condutor";"Saída de leito carroçável";"Com Vítimas Feridas";"Pleno dia";"Crescente";"Céu Claro";"Simples";"Curva";"Não";2;0;1;0;1;0;1;1;-14,33393664;-39,31627437;"SPRF-BA";"DEL05-BA";"UOP01-DEL05-BA"
397082;2021-11-21;"domingo";"04:30:00";"SC";101;372;"ICARA";"Ingestão de álcool pelo condutor";"Tombamento";"Com Vítimas Feridas";"Plena Noite";"Decrescente";"Céu Claro";"Dupla";"Reta";"Não";3;0;1;0;2;0;1;1;-28,70864509;-49,20924696;"SPRF-SC";"DEL02-SC";"UOP01-DEL02-SC"
397083;2021-11-21;"domingo";"06:15:00";"PA";316;63;"CASTANHAL";"Ausência de reação do condutor";"Colisão traseira";"Com Vítimas Feridas";"Pleno dia";"Decrescente";"Céu Claro";"Dupla";"Reta";"Sim";3;0;0;1;2;0;1;3;-1,29679363;-47,92878096;"SPRF-PA";"DEL01-PA";"UOP01-DEL01-PA"
397084;2021-11-21;"domingo";"07:00:00";"CE";20;407;"CAUCAIA";"Ausência de reação do condutor";"Saída de leito carroçável";"Com Vítimas Feridas";"Pleno dia";"Decrescente";"Céu Claro";"Dupla";"Reta";"Não";2;0;2;0;0;0;2;1;-3,76999035;-38,67006282;"SPRF-CE";"DEL01-CE";"UOP01-DEL01-CE"
397085;2021-11-21;"domingo";"05:00:00";"MG";40;548,1;"NOVA LIMA";"Velocidade Incompatível";"Saída de leito carroçável";"Com Vítimas Feridas";"Pleno dia";"Decrescente";"Nublado";"Dupla";"Reta";"Não";1;0;0;1;0;0;1;1;-19,98790272;-43,9547646;"SPRF-MG";"DEL01-MG";"UOP02-DEL01-MG"
397086;2021-11-21;"domingo";"00:30:00";"SC";101;388;"CRICIUMA";"Ingestão de álcool pelo condutor";"Saída de leito carroçável";"Sem Vítimas";"Plena Noite";"Decrescente";"Ignorado";"Dupla";"Reta";"Sim";1;0;0;0;1;0;0;1;-28,78529329;-49,33739925;"SPRF-SC";"DEL02-SC";"UOP02-DEL02-SC"
397087;2021-11-21;"domingo";"05:30:00";"RS";392;1,8;"RIO GRANDE";"Ingestão de álcool e/ou substâncias psicoativas pelo pedestre";"Saída de leito carroçável";"Com Vítimas Feridas";"Amanhecer";"Decrescente";"Céu Claro";"Simples";"Reta";"Não";1;0;1;0;0;0;1;1;-32,12358108;-52,11158752;"SPRF-RS";"DEL07-RS";"UOP02-DEL07-RS"
397088;2021-11-21;"domingo";"06:00:00";"PA";230;605;"VITORIA DO XINGU";"Animais na Pista";"Atropelamento de Animal";"Sem Vítimas";"Amanhecer";"Crescente";"Céu Claro";"Simples";"Reta";"Não";1;0;0;0;0;1;0;1;-3,13299502;-51,94028599;"SPRF-PA";"DEL04-PA";"UOP01-DEL04-PA"
397089;2021-11-21;"domingo";"03:20:00";"SP";116;108;"TAUBATE";"Ingestão de álcool pelo condutor";"Saída de leito carroçável";"Sem Vítimas";"Plena Noite";"Decrescente";"Céu Claro";"Dupla";"Curva";"Sim";1;0;0;0;1;0;0;1;-23,0233097;-45,53763622;"SPRF-SP";"DEL08-SP";"UOP01-DEL08-SP"
397092;2021-11-21;"domingo";"02:00:00";"GO";60;279;"JANDAIA";"Ausência de reação do condutor";"Saída de leito carroçável";"Sem Vítimas";"Plena Noite";"Crescente";"Chuva";"Dupla";"Reta";"Não";1;0;0;0;0;1;0;1;-17,2305;-50,2004;"SPRF-GO";"DEL04-GO";"UOP01-DEL04-GO"
397095;2021-11-21;"domingo";"08:00:00";"SP";116;227;"GUARULHOS";"Reação tardia ou ineficiente do condutor";"Queda de ocupante de veículo";"Com Vítimas Feridas";"Pleno dia";"Crescente";"Nublado";"Múltipla";"Curva";"Sim";1;0;1;0;0;0;1;1;-23,49633008;-46,55926466;"SPRF-SP";"DEL01-SP";"UOP01-DEL01-SP"
397096;2021-11-13;"sábado";"18:45:00";"PR";277;113;"CAMPO LARGO";"Manobra de mudança de faixa";"Colisão lateral mesmo sentido";"Com Vítimas Feridas";"Anoitecer";"Decrescente";"Céu Claro";"Dupla";"Reta";"Sim";2;0;1;0;1;0;1;2;-25,44734573;-49,47944999;"SPRF-PR";"DEL01-PR";"UOP03-DEL03-PR"
397097;2021-11-21;"domingo";"08:30:00";"MG";354;740;"POUSO ALTO";"Curva acentuada";"Colisão frontal";"Com Vítimas Feridas";"Pleno dia";"Crescente";"Céu Claro";"Simples";"Curva";"Não";2;0;1;0;1;0;1;2;-22,21864616;-44,94174287;"SPRF-MG";"DEL17-MG";"UOP01-DEL17-MG"
397098;2021-11-21;"domingo";"08:40:00";"MG";153;210,1;"FRUTAL";"Ultrapassagem Indevida";"Colisão com objeto";"Com Vítimas Feridas";"Pleno dia";"Crescente";"Nublado";"Dupla";"Reta";"Não";2;0;0;2;0;0;2;1;-20,023058;-49,047783;"SPRF-MG";"DEL13-MG";"UOP02-DEL13-MG"
397099;2021-11-21;"domingo";"08:50:00";"GO";153;492;"GOIANIA";"Avarias e/ou desgaste excessivo no pneu";"Queda de ocupante de veículo";"Com Vítimas Feridas";"Pleno dia";"Crescente";"Nublado";"Dupla";"Reta";"Não";1;0;1;0;0;0;1;1;-16,6461;-49,2114;"SPRF-GO";"DEL01-GO";"UOP01-DEL01-GO"
397101;2021-10-28;"quinta-feira";"16:50:00";"PR";272;368;"CAMPO MOURAO";"Acessar a via sem observar a presença dos outros veículos";"Colisão transversal";"Com Vítimas Feridas";"Pleno dia";"Crescente";"Céu Claro";"Dupla";"Reta";"Sim";2;0;1;0;1;0;1;2;-24,05475193;-52,41061403;"SPRF-PR";"DEL09-PR";"UOP03-DEL09-PR"
397103;2021-11-21;"domingo";"08:30:00";"RS";392;16;"RIO GRANDE";"Avarias e/ou desgaste excessivo no pneu";"Tombamento";"Com Vítimas Feridas";"Pleno dia";"Decrescente";"Céu Claro";"Dupla";"Retorno Regulamentado";"Sim";2;0;1;0;1;0;1;1;-32,09017991;-52,17651198;"SPRF-RS";"DEL07-RS";"UOP02-DEL07-RS"
397104;2021-11-21;"domingo";"07:55:00";"PA";10;17;"DOM ELISEU";"Desrespeitar a preferência no cruzamento";"Colisão transversal";"Com Vítimas Feridas";"Pleno dia";"Crescente";"Céu Claro";"Simples";"Reta";"Sim";2;0;0;1;1;0;1;2;-4,30201297;-47,55571979;"SPRF-PA";"DEL02-PA";"UOP02-DEL02-PA"
397105;2021-11-21;"domingo";"09:30:00";"AL";316;258,2;"PILAR";"Ultrapassagem Indevida";"Colisão frontal";"Com Vítimas Feridas";"Pleno dia";"Crescente";"Céu Claro";"Simples";"Reta";"Não";3;0;0;1;2;0;1;2;-9,59138313;-35,923087;"SPRF-AL";"DEL02-AL";"UOP01-DEL02-AL"
397107;2021-11-21;"domingo";"08:50:00";"RJ";493;25;"MAGE";"Ausência de reação do condutor";"Colisão transversal";"Sem Vítimas";"Pleno dia";"Decrescente";"Céu Claro";"Dupla";"Reta";"Sim";2;0;0;0;2;0;0;2;-22,65788388;-43,079654;"SPRF-RJ";"DEL04-RJ";"UOP02-DEL04-RJ"
397109;2021-11-21;"domingo";"08:50:00";"GO";20;185,1;"ALVORADA DO NORTE";"Acessar a via sem observar a presença dos outros veículos";"Colisão traseira";"Com Vítimas Feridas";"Pleno dia";"Crescente";"Céu Claro";"Dupla";"Curva";"Não";2;0;0;1;1;0;1;2;-14,4415506;-46,46103479;"SPRF-DF";"DEL02-DF";"UOP03-DEL02-DF"
397110;2021-11-21;"domingo";"07:30:00";"RS";392;62;"PELOTAS";"Ingestão de álcool pelo condutor";"Saída de leito carroçável";"Sem Vítimas";"Pleno dia";"Decrescente";"Céu Claro";"Múltipla";"Retorno Regulamentado";"Não";1;0;0;0;1;0;0;1;-31,78329947;-52,35681653;"SPRF-RS";"DEL07-RS";"UOP02-DEL07-RS"
397112;2021-11-21;"domingo";"09:20:00";"SC";101;67;"ARAQUARI";"Reação tardia ou ineficiente do condutor";"Tombamento";"Com Vítimas Feridas";"Pleno dia";"Decrescente";"Sol";"Dupla";"Reta";"Não";1;0;1;0;0;0;1;1;-26,48645;-48,73483602;"SPRF-SC";"DEL03-SC";"UOP02-DEL03-SC"
397115;2021-11-21;"domingo";"08:55:00";"SC";101;50,9;"JOINVILLE";"Ingestão de álcool pelo condutor";"Atropelamento de Pedestre";"Com Vítimas Feridas";"Pleno dia";"Crescente";"Céu Claro";"Dupla";"Reta";"Não";3;0;1;0;0;2;1;2;-26,39393113;-48,83886337;"SPRF-SC";"DEL03-SC";"UOP01-DEL03-SC"
397116;2021-11-21;"domingo";"01:00:00";"MS";262;444;"DOIS IRMAOS DO BURITI";"Demais falhas mecânicas ou elétricas";"Saída de leito carroçável";"Sem Vítimas";"Plena Noite";"Decrescente";"Céu Claro";"Simples";"Rotatória";"Não";3;0;0;0;1;2;0;2;-20,52699281;-55,40120011;"SPRF-MS";"DEL03-MS";"UOP01-DEL03-MS"
397119;2021-11-21;"domingo";"11:00:00";"MG";267;129,8;"JUIZ DE FORA";"Velocidade Incompatível";"Saída de leito carroçável";"Com Vítimas Fatais";"Pleno dia";"Crescente";"Céu Claro";"Simples";"Reta";"Sim";1;1;0;0;0;0;0;1;-21,74441526;-43,56555478;"SPRF-MG";"DEL05-MG";"UOP01-DEL05-MG"
397121;2021-11-21;"domingo";"10:30:00";"SC";470;173,4;"POUSO REDONDO";"Acessar a via sem observar a presença dos outros veículos";"Tombamento";"Com Vítimas Feridas";"Pleno dia";"Crescente";"Sol";"Simples";"Interseção de Vias";"Sim";3;0;1;1;1;0;2;2;-27,254238;-49,948658;"SPRF-SC";"DEL04-SC";"UOP02-DEL04-SC"
397125;2021-11-21;"domingo";"10:50:00";"RJ";101;305;"SAO GONCALO";"Condutor deixou de manter distância do veículo da frente";"Queda de ocupante de veículo";"Com Vítimas Feridas";"Pleno dia";"Decrescente";"Nublado";"Dupla";"Reta";"Sim";1;0;1;0;0;0;1;1;-22,78702832;-42,99589293;"SPRF-RJ";"DEL02-RJ";"UOP02-DEL02-RJ"
397126;2021-11-21;"domingo";"11:45:00";"CE";116;11;"FORTALEZA";"Manobra de mudança de faixa";"Colisão lateral mesmo sentido";"Sem Vítimas";"Pleno dia";"Decrescente";"Sol";"Dupla";"Reta";"Sim";2;0;0;0;2;0;0;2;-3,84455503;-38,49834865;"SPRF-CE";"DEL01-CE";"UOP02-DEL01-CE"
397127;2021-11-21;"domingo";"11:00:00";"ES";262;128;"CONCEICAO DO CASTELO";"Ultrapassagem Indevida";"Saída de leito carroçável";"Com Vítimas Feridas";"Pleno dia";"Decrescente";"Chuva";"Dupla";"Declive;Reta";"Não";2;0;0;2;0;0;2;2;-20,26097915;-41,27933414;"SPRF-ES";"DEL01-ES";"UOP02-DEL01-ES"
397129;2021-11-21;"domingo";"08:10:00";"ES";101;445,1;"MIMOSO DO SUL";"Ingestão de álcool pelo condutor";"Saída de leito carroçável";"Sem Vítimas";"Amanhecer";"Decrescente";"Chuva";"Simples";"Curva";"Não";1;0;0;0;1;0;0;1;-21,11046291;-41,26351124;"SPRF-ES";"DEL03-ES";"UOP02-DEL03-ES"
397130;2021-11-21;"domingo";"13:30:00";"SC";101;224;"PALHOCA";"Manobra de mudança de faixa";"Colisão lateral mesmo sentido";"Com Vítimas Feridas";"Pleno dia";"Decrescente";"Sol";"Dupla";"Reta";"Não";8;0;2;0;6;0;2;2;-27,72384789;-48,64386769;"SPRF-SC";"DEL01-SC";"UOP02-DEL01-SC"
397131;2021-11-21;"domingo";"13:35:00";"SC";101;57,6;"ARAQUARI";"Velocidade Incompatível";"Colisão com objeto";"Com Vítimas Feridas";"Pleno dia";"Decrescente";"Céu Claro";"Dupla";"Curva";"Não";2;0;1;1;0;0;2;1;-26,43847177;-48,80367279;"SPRF-SC";"DEL03-SC";"UOP01-DEL03-SC"
397132;2021-11-21;"domingo";"10:30:00";"CE";226;305;"INDEPENDENCIA";"Animais na Pista";"Atropelamento de Animal";"Com Vítimas Feridas";"Pleno dia";"Crescente";"Céu Claro";"Simples";"Reta";"Não";2;0;1;1;0;0;2;1;-5,35579898;-40,39936478;"SPRF-CE";"DEL02-CE";"UOP02-DEL02-CE"
397133;2021-11-21;"domingo";"08:30:00";"MA";135;129;"MIRANDA DO NORTE";"Manobra de mudança de faixa";"Colisão frontal";"Com Vítimas Feridas";"Pleno dia";"Decrescente";"Céu Claro";"Simples";"Reta";"Não";5;0;1;1;3;0;2;2;-3,5845001;-44,57512818;"SPRF-MA";"DEL01-MA";"UOP02-DEL01-MA"
397134;2021-11-21;"domingo";"11:45:00";"SC";480;129,7;"CHAPECO";"Velocidade Incompatível";"Colisão com objeto";"Com Vítimas Fatais";"Pleno dia";"Crescente";"Céu Claro";"Dupla";"Reta;Aclive";"Sim";1;1;0;0;0;0;0;1;-27,052397;-52,635884;"SPRF-SC";"DEL07-SC";"UOP01-DEL07-SC"
397135;2021-06-10;"quinta-feira";"21:00:00";"BA";324;320,6;"JACOBINA";"Pedestre andava na pista";"Atropelamento de Pedestre";"Com Vítimas Fatais";"Plena Noite";"Crescente";"Céu Claro";"Simples";"Reta";"Não";3;1;0;0;0;2;0;3;-11,25701;-40,312661;"SPRF-BA";"DEL04-BA";"UOP02-DEL04-BA"
397136;2021-11-21;"domingo";"11:40:00";"SC";470;30,9;"GASPAR";"Ausência de reação do condutor";"Saída de leito carroçável";"Com Vítimas Feridas";"Pleno dia";"Decrescente";"Sol";"Dupla";"Reta";"Não";1;0;1;0;0;0;1;1;-26,893518;-48,914028;"SPRF-SC";"DEL04-SC";"UOP01-DEL04-SC"
397137;2021-11-21;"domingo";"13:50:00";"SC";101;149;"ITAPEMA";"Ausência de reação do condutor";"Colisão traseira";"Com Vítimas Feridas";"Pleno dia";"Decrescente";"Céu Claro";"Simples";"Reta";"Sim";3;0;0;2;1;0;2;2;-27,1089649;-48,61277586;"SPRF-SC";"DEL04-SC";"UOP03-DEL04-SC"
397138;2021-11-21;"domingo";"14:00:00";"SC";280;27,2;"ARAQUARI";"Reação tardia ou ineficiente do condutor";"Colisão transversal";"Com Vítimas Feridas";"Pleno dia";"Decrescente";"Sol";"Simples";"Reta";"Não";2;0;0;1;1;0;1;2;-26,39685622;-48,74021969;"SPRF-SC";"DEL03-SC";"UOP03-DEL03-SC"
397139;2021-11-21;"domingo";"14:45:00";"MG";267;130,2;"JUIZ DE FORA";"Ultrapassagem Indevida";"Colisão frontal";"Com Vítimas Fatais";"Pleno dia";"Decrescente";"Nublado";"Simples";"Reta";"Não";3;1;0;1;0;1;1;3;-21,75025131;-43,57819387;"SPRF-MG";"DEL05-MG";"UOP01-DEL05-MG"
397140;2021-11-21;"domingo";"14:30:00";"BA";407;6,2;"JUAZEIRO";"Retorno proibido";"Colisão transversal";"Com Vítimas Feridas";"Pleno dia";"Decrescente";"Céu Claro";"Dupla";"Reta";"Sim";2;0;1;0;1;0;1;2;-9,45595491;-40,48655981;"SPRF-PE";"DEL06-PE";"UOP01-DEL06-PE"
397142;2021-11-05;"sexta-feira";"23:20:00";"PR";272;366,9;"CAMPO MOURAO";"Condutor deixou de manter distância do veículo da frente";"Colisão lateral mesmo sentido";"Com Vítimas Feridas";"Plena Noite";"Crescente";"Céu Claro";"Dupla";"Reta";"Sim";2;0;0;1;1;0;1;2;-24,04955025;-52,3996675;"SPRF-PR";"DEL09-PR";"UOP03-DEL09-PR"
397144;2021-11-21;"domingo";"15:15:00";"SC";101;145;"ITAPEMA";"Manobra de mudança de faixa";"Colisão lateral mesmo sentido";"Com Vítimas Feridas";"Pleno dia";"Decrescente";"Céu Claro";"Dupla";"Reta";"Sim";3;0;2;0;1;0;2;2;-27,08139206;-48,60130993;"SPRF-SC";"DEL04-SC";"UOP03-DEL04-SC"
397145;2021-11-21;"domingo";"14:30:00";"BA";116;12,6;"VITORIA DA CONQUISTA";"Animais na Pista";"Atropelamento de Animal";"Com Vítimas Feridas";"Pleno dia";"Decrescente";"Céu Claro";"Simples";"Reta";"Sim";2;0;2;0;0;0;2;1;-14,881833;-40,870833;"SPRF-BA";"DEL08-BA";"UOP01-DEL08-BA"
397146;2021-11-21;"domingo";"06:30:00";"SC";116;126;"SANTA CECILIA";"Velocidade Incompatível";"Tombamento";"Com Vítimas Feridas";"Pleno dia";"Decrescente";"Sol";"Simples";"Curva";"Não";1;0;1;0;0;0;1;1;-26,86727993;-50,40768508;"SPRF-SC";"DEL06-SC";"UOP02-DEL06-SC"
397149;2021-11-21;"domingo";"14:35:00";"CE";222;58;"SAO GONCALO DO AMARANTE";"Reação tardia ou ineficiente do condutor";"Tombamento";"Com Vítimas Feridas";"Pleno dia";"Decrescente";"Céu Claro";"Simples";"Reta";"Não";1;0;1;0;0;0;1;1;-3,67025018;-39,06296199;"SPRF-CE";"DEL01-CE";"UOP03-DEL01-CE"
397150;2021-11-08;"segunda-feira";"15:00:00";"MA";316;557,9;"CAXIAS";"Acumulo de água sobre o pavimento";"Saída de leito carroçável";"Com Vítimas Feridas";"Pleno dia";"Crescente";"Chuva";"Simples";"Curva";"Não";2;0;1;1;0;0;2;1;-4,88575223;-43,30510139;"SPRF-MA";"DEL03-MA";"UOP02-DEL03-MA"
397151;2021-11-21;"domingo";"15:30:00";"PB";230;84,5;"CALDAS BRANDAO";"Condutor Dormindo";"Colisão traseira";"Sem Vítimas";"Pleno dia";"Crescente";"Céu Claro";"Dupla";"Reta";"Não";2;0;0;0;2;0;0;2;-7,1635;-35,3439;"SPRF-PB";"DEL01-PB";"UOP03-DEL01-PB"
397153;2021-11-21;"domingo";"14:10:00";"BA";110;323;"ALAGOINHAS";"Curva acentuada";"Saída de leito carroçável";"Com Vítimas Feridas";"Pleno dia";"Crescente";"Céu Claro";"Simples";"Curva";"Não";4;0;1;0;3;0;1;1;-12,08810575;-38,35551824;"SPRF-BA";"DEL01-BA";"UOP04-DEL01-BA"
397154;2021-11-21;"domingo";"15:30:00";"SC";470;168,7;"POUSO REDONDO";"Ingestão de álcool pelo condutor";"Colisão transversal";"Sem Vítimas";"Pleno dia";"Decrescente";"Sol";"Simples";"Interseção de Vias";"Não";3;0;0;0;3;0;0;3;-27,266994;-49,872524;"SPRF-SC";"DEL04-SC";"UOP02-DEL04-SC"
397155;2021-11-21;"domingo";"16:05:00";"PE";316;20,5;"ARARIPINA";"Acessar a via sem observar a presença dos outros veículos";"Colisão transversal";"Com Vítimas Fatais";"Pleno dia";"Crescente";"Céu Claro";"Simples";"Reta";"Não";9;1;6;2;0;0;8;2;-7,55997805;-40,53416406;"SPRF-PE";"DEL05-PE";"UOP02-DEL05-PE"