"id";"data_inversa";"dia_semana";"horario";"uf";"br";"km";"municipio";"causa_acidente";"tipo_acidente";"classificacao_acidente";"fase_dia";"sentido_via";"condicao_metereologica";"tipo_pista";"tracado_via";"uso_solo";"pessoas";"mortos";"feridos_leves";"feridos_graves";"ilesos";"ignorados";"feridos";"veiculos";"latitude";"longitude";"regional";"delegacia";"uop"
397264;2021-11-22;"segunda-feira";"04:45:00";"PR";116;103;"SAO JOSE DOS PINHAIS";"Ausência de reação do condutor";"Saída de leito carroçável";"Sem Vítimas";"Plena Noite";"Decrescente";"Céu Claro";"Dupla";"Reta";"Sim";1;0;0;0;0;1;0;1;-25,55944814;-49,15099774;"SPRF-PR";"DEL01-PR";"UOP01-DEL01-PR"
397265;2021-11-22;"segunda-feira";"04:30:00";"RJ";101;528;"PARATY";"Velocidade Incompatível";"Saída de leito carroçável";"Com Vítimas Feridas";"Amanhecer";"Decrescente";"Nublado";"Simples";"Curva";"Não";1;0;1;0;0;0;1;1;-23,02314418;-44,50045173;"SPRF-RJ";"DEL03-RJ";"UOP02-DEL03-RJ"
397266;2021-11-22;"segunda-feira";"06:00:00";"MG";40;737,3;"SANTOS DUMONT";"Conversão proibida";"Colisão transversal";"Com Vítimas Fatais";"Pleno dia";"Crescente";"Céu Claro";"Simples";"Reta";"Sim";2;1;0;1;0;0;1;2;-21,38296999;-43,57033542;"SPRF-MG";"DEL05-MG";"UOP01-DEL05-MG"
397267;2021-11-21;"domingo";"22:15:00";"SP";116;306;"SAO LOURENCO DA SERRA";"Ingestão de álcool pelo condutor";"Saída de leito carroçável";"Com Vítimas Feridas";"Plena Noite";"Crescente";"Céu Claro";"Dupla";"Curva";"Não";1;0;1;0;0;0;1;1;-23,8486091;-46,93801566;"SPRF-SP";"DEL04-SP";"UOP01-DEL04-SP"
397268;2021-11-22;"segunda-feira";"06:00:00";"ES";262;4;"CARIACICA";"Reação tardia ou ineficiente do condutor";"Colisão traseira";"Com Vítimas Feridas";"Pleno dia";"Crescente";"Nublado";"Dupla";"Interseção de Vias;Curva";"Sim";2;0;0;1;1;0;1;2;-20,33609327;-40,37812784;"SPRF-ES";"DEL01-ES";"UOP01-DEL01-ES"
397269;2021-11-22;"segunda-feira";"06:15:00";"BA";116;12;"VITORIA DA CONQUISTA";"Desrespeitar a preferência no cruzamento";"Colisão transversal";"Com Vítimas Feridas";"Pleno dia";"Crescente";"Céu Claro";"Simples";"Interseção de Vias";"Sim";2;0;1;0;1;0;1;2;-14,8736079;-40,87136334;"SPRF-BA";"DEL08-BA";"UOP01-DEL08-BA"
397271;2021-11-22;"segunda-feira";"06:35:00";"RN";406;166;"SAO GONCALO DO AMARANTE";"Ultrapassagem Indevida";"Queda de ocupante de veículo";"Com Vítimas Feridas";"Pleno dia";"Decrescente";"Céu Claro";"Dupla";"Reta";"Não";1;0;1;0;0;0;1;1;-5,7466896;-35,33149685;"SPRF-RN";"DEL02-RN";"UOP01-DEL02-RN"
397272;2021-11-22;"segunda-feira";"01:00:00";"MG";262;457,1;"NOVA SERRANA";"Ingestão de álcool pelo condutor";"Colisão com objeto";"Com Vítimas Feridas";"Plena Noite";"Decrescente";"Céu Claro";"Simples";"Reta";"Não";3;0;1;1;1;0;2;1;-19,84061491;-45,04942597;"SPRF-MG";"DEL08-MG";"UOP03-DEL08-MG"
397273;2021-11-22;"segunda-feira";"05:00:00";"SC";470;70,8;"INDAIAL";"Ausência de reação do condutor";"Colisão transversal";"Com Vítimas Feridas";"Amanhecer";"Decrescente";"Nublado";"Simples";"Reta";"Não";2;0;0;1;1;0;1;2;-26,889374;-49,254478;"SPRF-SC";"DEL04-SC";"UOP01-DEL04-SC"
397275;2021-11-21;"domingo";"17:50:00";"RS";470;238;"CARLOS BARBOSA";"Ingestão de álcool pelo condutor";"Capotamento";"Sem Vítimas";"Anoitecer";"Crescente";"Céu Claro";"Simples";"Curva";"Sim";1;0;0;0;1;0;0;1;-29,32448694;-51,49862424;"SPRF-RS";"DEL06-RS";"UOP01-DEL06-RS"
397276;2021-11-22;"segunda-feira";"06:40:00";"GO";153;436;"ANAPOLIS";"Condutor deixou de manter distância do veículo da frente";"Colisão traseira";"Com Vítimas Feridas";"Pleno dia";"Crescente";"Céu Claro";"Dupla";"Reta";"Sim";2;0;1;0;1;0;1;2;-16,28753984;-48,94251131;"SPRF-GO";"DEL02-GO";"UOP01-DEL02-GO"
397277;2021-11-22;"segunda-feira";"06:00:00";"PR";277;8;"PARANAGUA";"Condutor Dormindo";"Saída de leito carroçável";"Com Vítimas Feridas";"Pleno dia";"Crescente";"Céu Claro";"Dupla";"Reta";"Não";1;0;1;0;0;0;1;1;-25,568198;-48,615292;"SPRF-PR";"DEL01-PR";"UOP05-DEL01-PR"
397278;2021-11-22;"segunda-feira";"07:15:00";"SC";101;198,7;"BIGUACU";"Manobra de mudança de faixa";"Colisão lateral mesmo sentido";"Com Vítimas Feridas";"Pleno dia";"Crescente";"Céu Claro";"Múltipla";"Reta";"Sim";2;0;1;0;1;0;1;2;-27,52658712;-48,63506019;"SPRF-SC";"DEL01-SC";"UOP01-DEL01-SC"
397279;2021-11-22;"segunda-feira";"06:00:00";"MG";365;666,2;"MONTE ALEGRE DE MINAS";"Reação tardia ou ineficiente do condutor";"Saída de leito carroçável";"Com Vítimas Feridas";"Amanhecer";"Crescente";"Sol";"Dupla";"Reta";"Não";4;0;3;0;0;1;3;2;-18,89043341;-48,69822607;"SPRF-MG";"DEL15-MG";"UOP01-DEL15-MG"
397283;2021-11-22;"segunda-feira";"06:25:00";"SC";470;27;"ILHOTA";"Ausência de reação do condutor";"Saída de leito carroçável";"Com Vítimas Feridas";"Pleno dia";"Crescente";"Céu Claro";"Dupla";"Reta";"Não";2;0;1;0;0;1;1;2;-26,891006;-48,884411;"SPRF-SC";"DEL04-SC";"UOP04-DEL04-SC"
397284;2021-11-22;"segunda-feira";"07:45:00";"ES";101;278,5;"SERRA";"Velocidade Incompatível";"Saída de leito carroçável";"Com Vítimas Feridas";"Pleno dia";"Decrescente";"Nublado";"Múltipla";"Reta";"Não";2;0;1;0;1;0;1;1;-20,21698365;-40,32974606;"SPRF-ES";"DEL02-ES";"UOP01-DEL02-ES"
397285;2021-11-22;"segunda-feira";"07:30:00";"SC";101;207;"SAO JOSE";"Demais falhas mecânicas ou elétricas";"Tombamento";"Com Vítimas Feridas";"Pleno dia";"Decrescente";"Céu Claro";"Múltipla";"Reta";"Sim";2;0;2;0;0;0;2;1;-27,60001226;-48,6226467;"SPRF-SC";"DEL01-SC";"UOP01-DEL01-SC"
397286;2021-11-22;"segunda-feira";"07:30:00";"SP";153;61,9;"SAO JOSE DO RIO PRETO";"Manobra de mudança de faixa";"Colisão lateral mesmo sentido";"Com Vítimas Feridas";"Pleno dia";"Crescente";"Céu Claro";"Dupla";"Reta";"Sim";2;0;1;0;1;0;1;2;-20,80502876;-49,35574909;"SPRF-SP";"DEL09-SP";"UOP01-DEL09-SP"
397287;2021-11-20;"sábado";"01:30:00";"PR";277;299;"PRUDENTOPOLIS";"Animais na Pista";"Atropelamento de Animal";"Com Vítimas Feridas";"Plena Noite";"Decrescente";"Céu Claro";"Dupla";"Reta";"Sim";1;0;1;0;0;0;1;1;-25,29376687;-51,13350928;"SPRF-PR";"DEL08-PR";"UOP01-DEL08-PR"
397288;2021-11-22;"segunda-feira";"08:04:00";"SC";101;206,9;"SAO JOSE";"Condutor deixou de manter distância do veículo da frente";"Colisão traseira";"Sem Vítimas";"Pleno dia";"Crescente";"Céu Claro";"Múltipla";"Reta";"Sim";2;0;0;0;2;0;0;2;-27,59193546;-48,61824557;"SPRF-SC";"DEL01-SC";"UOP01-DEL01-SC"
397289;2021-11-22;"segunda-feira";"07:00:00";"BA";116;407;"FEIRA DE SANTANA";"Entrada inopinada do pedestre";"Atropelamento de Pedestre";"Com Vítimas Feridas";"Pleno dia";"Crescente";"Céu Claro";"Dupla";"Reta";"Não";2;0;1;1;0;0;2;2;-12,090345;-38,969154;"SPRF-BA";"DEL02-BA";"UOP01-DEL02-BA"
397291;2021-11-22;"segunda-feira";"08:00:00";"RS";290;96;"PORTO ALEGRE";"Manobra de mudança de faixa";"Colisão lateral mesmo sentido";"Com Vítimas Feridas";"Pleno dia";"Crescente";"Céu Claro";"Simples";"Reta";"Sim";3;0;2;0;1;0;2;2;-29,992107;-51,204525;"SPRF-RS";"DEL01-RS";"UOP01-DEL01-RS"
397292;2021-11-21;"domingo";"20:40:00";"AP";156;819;"OIAPOQUE";"Acesso irregular";"Colisão lateral sentido oposto";"Com Vítimas Feridas";"Anoitecer";"Crescente";"Céu Claro";"Simples";"Reta";"Sim";2;0;0;1;1;0;1;2;3,8355289601;-51,8093580156;"SPRF-AP";"DEL01-AP";"UOP03-DEL01-AP"
397293;2021-11-22;"segunda-feira";"07:00:00";"MG";356;276,4;"EUGENOPOLIS";"Condutor deixou de manter distância do veículo da frente";"Engavetamento";"Com Vítimas Feridas";"Pleno dia";"Decrescente";"Sol";"Simples";"Reta;Aclive";"Não";7;0;1;0;6;0;1;3;-21,12449685;-42,28182793;"SPRF-MG";"DEL07-MG";"UOP02-DEL07-MG"
397294;2021-10-29;"sexta-feira";"16:45:00";"PR";376;69,9;"GUAIRACA";"Acumulo de areia ou detritos sobre o pavimento";"Saída de leito carroçável";"Com Vítimas Feridas";"Pleno dia";"Crescente";"Céu Claro";"Simples";"Curva";"Não";1;0;1;0;0;0;1;1;-22,93362262;-52,74798689;"SPRF-PR";"DEL09-PR";"UOP02-DEL09-PR"
397296;2021-11-22;"segunda-feira";"07:35:00";"MS";163;470;"CAMPO GRANDE";"Acessar a via sem observar a presença dos outros veículos";"Colisão lateral mesmo sentido";"Com Vítimas Feridas";"Pleno dia";"Crescente";"Sol";"Simples";"Interseção de Vias";"Não";2;0;1;0;1;0;1;2;-20,55998503;-54,55711228;"SPRF-MS";"DEL01-MS";"UOP01-DEL01-MS"
397297;2021-11-22;"segunda-feira";"08:10:00";"BA";324;619;"SALVADOR";"Reação tardia ou ineficiente do condutor";"Colisão traseira";"Com Vítimas Feridas";"Pleno dia";"Crescente";"Céu Claro";"Dupla";"Reta";"Sim";2;0;1;0;1;0;1;2;-12,89820999;-38,45012202;"SPRF-BA";"DEL01-BA";"UOP01-DEL01-BA"
397299;2021-11-22;"segunda-feira";"08:00:00";"PE";101;45;"IGARASSU";"Condutor deixou de manter distância do veículo da frente";"Colisão traseira";"Com Vítimas Feridas";"Pleno dia";"Decrescente";"Céu Claro";"Múltipla";"Reta";"Sim";7;0;5;0;2;0;5;2;-7,86521297;-34,90715176;"SPRF-PE";"DEL01-PE";"UOP02-DEL01-PE"
397300;2021-11-22;"segunda-feira";"08:20:00";"ES";101;268,9;"SERRA";"Entrada inopinada do pedestre";"Atropelamento de Pedestre";"Com Vítimas Feridas";"Pleno dia";"Crescente";"Nublado";"Dupla";"Reta";"Sim";3;0;2;0;1;0;2;3;-20,20842;-40,269405;"SPRF-ES";"DEL02-ES";"UOP01-DEL02-ES"
397301;2021-10-23;"sábado";"09:30:00";"BA";407;30,5;"JUAZEIRO";"Mal súbito do condutor";"Colisão transversal";"Com Vítimas Feridas";"Pleno dia";"Decrescente";"Sol";"Simples";"Reta";"Não";3;0;0;1;2;0;1;2;-9,65000608;-40,39355517;"SPRF-BA";"DEL04-BA";"UOP01-DEL04-BA"
397302;2021-11-22;"segunda-feira";"09:00:00";"MA";135;0,4;"SAO LUIS";"Desrespeitar a preferência no cruzamento";"Colisão transversal";"Com Vítimas Feridas";"Pleno dia";"Crescente";"Céu Claro";"Dupla";"Reta";"Sim";2;0;1;0;1;0;1;2;-2,5804565;-44,241947;"SPRF-MA";"DEL01-MA";"UOP01-DEL01-MA"
397303;2021-11-22;"segunda-feira";"08:50:00";"ES";259;94,8;"BAIXO GUANDU";"Condutor Dormindo";"Tombamento";"Com Vítimas Feridas";"Pleno dia";"Crescente";"Céu Claro";"Simples";"Reta";"Não";15;0;14;0;1;0;14;1;-19,50330121;-40,94324306;"SPRF-ES";"DEL02-ES";"UOP01-DEL02-ES"
397304;2021-11-22;"segunda-feira";"08:40:00";"CE";222;5;"CAUCAIA";"Desrespeitar a preferência no cruzamento";"Colisão transversal";"Sem Vítimas";"Pleno dia";"Decrescente";"Céu Claro";"Múltipla";"Reta";"Sim";2;0;0;0;2;0;0;2;-3,74296918;-38,61330997;"SPRF-CE";"DEL01-CE";"UOP01-DEL01-CE"
397306;2021-11-22;"segunda-feira";"06:20:00";"BA";242;399,5;"SEABRA";"Velocidade Incompatível";"Colisão frontal";"Com Vítimas Feridas";"Pleno dia";"Decrescente";"Céu Claro";"Simples";"Curva";"Não";4;0;3;0;1;0;3;2;-12,47381495;-41,68234998;"SPRF-BA";"DEL06-BA";"UOP01-DEL06-BA"
397307;2021-11-19;"sexta-feira";"19:00:00";"BA";110;88;"JEREMOABO";"Ultrapassagem Indevida";"Colisão lateral sentido oposto";"Com Vítimas Feridas";"Plena Noite";"Decrescente";"Céu Claro";"Simples";"Curva;Aclive";"Não";3;0;0;1;2;0;1;2;-10,19324487;-38,28954135;"SPRF-BA";"DEL07-BA";"UOP01-DEL07-BA"
397308;2021-11-22;"segunda-feira";"08:28:00";"PE";101;58,8;"RECIFE";"Demais falhas mecânicas ou elétricas";"Colisão lateral mesmo sentido";"Com Vítimas Feridas";"Pleno dia";"Crescente";"Céu Claro";"Dupla";"Ponte";"Não";4;0;1;0;2;1;1;3;-7,976253;-34,924986;"SPRF-PE";"DEL01-PE";"UOP02-DEL01-PE"
397309;2021-11-22;"segunda-feira";"06:45:00";"PE";232;97,4;"BEZERROS";"Demais falhas mecânicas ou elétricas";"Colisão com objeto";"Sem Vítimas";"Pleno dia";"Crescente";"Céu Claro";"Dupla";"Reta";"Sim";2;0;0;0;2;0;0;1;-8,23379718;-35,71628894;"SPRF-PE";"DEL02-PE";"UOP02-DEL02PE"
397312;2021-11-22;"segunda-feira";"09:16:00";"SC";101;257;"PAULO LOPES";"Ausência de reação do condutor";"Colisão traseira";"Com Vítimas Feridas";"Pleno dia";"Crescente";"Céu Claro";"Dupla";"Reta;Aclive";"Não";3;0;1;0;1;1;1;3;-27,99701205;-48,68755194;"SPRF-SC";"DEL02-SC";"UOP03-DEL02-SC"
397316;2021-11-22;"segunda-feira";"10:10:00";"RS";116;245;"SAO LEOPOLDO";"Ausência de reação do condutor";"Colisão traseira";"Com Vítimas Feridas";"Pleno dia";"Crescente";"Sol";"Dupla";"Reta";"Sim";5;0;1;0;4;0;1;4;-29,74980902;-51,15125361;"SPRF-RS";"DEL01-RS";"UOP02-DEL01-RS"
397317;2021-11-22;"segunda-feira";"10:40:00";"PR";116;15,3;"COLOMBO";"Animais na Pista";"Atropelamento de Animal";"Com Vítimas Feridas";"Pleno dia";"Decrescente";"Sol";"Dupla";"Declive;Viaduto";"Sim";2;0;1;1;0;0;2;1;-25,38482769;-49,17091548;"SPRF-PR";"DEL01-PR";"UOP02-DEL01-PR"
397318;2021-10-26;"terça-feira";"07:00:00";"PE";232;11;"JABOATAO DOS GUARARAPES";"Área urbana sem a presença de local apropriado para a travessia de pedestres";"Atropelamento de Pedestre";"Com Vítimas Feridas";"Pleno dia";"Decrescente";"Chuva";"Dupla";"Reta";"Sim";2;0;1;0;0;1;1;2;-8,079233;-34,98678099;"SPRF-PE";"DEL01-PE";"UOP01-DEL01-PE"
397320;2021-11-22;"segunda-feira";"10:37:00";"SP";116;93,8;"PINDAMONHANGABA";"Ausência de reação do condutor";"Engavetamento";"Com Vítimas Feridas";"Pleno dia";"Decrescente";"Céu Claro";"Dupla";"Em Obras;Reta";"Não";3;0;2;0;1;0;2;3;-22,959737;-45,419299;"SPRF-SP";"DEL08-SP";"UOP01-DEL08-SP"
397322;2021-11-22;"segunda-feira";"11:15:00";"PR";153;3,8;"JACAREZINHO";"Ausência de reação do condutor";"Saída de leito carroçável";"Com Vítimas Feridas";"Pleno dia";"Crescente";"Céu Claro";"Simples";"Reta";"Não";1;0;1;0;0;0;1;1;-23,0183951;-49,91310264;"SPRF-PR";"DEL07-PR";"UOP04-DEL07-PR"
397324;2021-11-22;"segunda-feira";"09:30:00";"SC";280;109;"SAO BENTO DO SUL";"Acessar a via sem observar a presença dos outros veículos";"Colisão transversal";"Com Vítimas Feridas";"Pleno dia";"Crescente";"Céu Claro";"Simples";"Interseção de Vias";"Não";3;0;1;0;2;0;1;2;-26,30893871;-49,38811541;"SPRF-SC";"DEL06-SC";"UOP03-DEL06-SC"
397326;2021-11-22;"segunda-feira";"12:05:00";"MG";381;898,2;"CAMBUI";"Frear bruscamente";"Saída de leito carroçável";"Com Vítimas Feridas";"Pleno dia";"Decrescente";"Sol";"Dupla";"Reta";"Sim";1;0;1;0;0;0;1;1;-22,616699;-46,06872567;"SPRF-MG";"DEL16-MG";"UOP03-DEL16-MG"
397328;2021-11-22;"segunda-feira";"07:30:00";"RS";470;190;"VERANOPOLIS";"Ingestão de álcool pelo condutor";"Colisão traseira";"Com Vítimas Feridas";"Pleno dia";"Decrescente";"Céu Claro";"Simples";"Reta";"Não";2;0;1;0;1;0;1;2;-29,02312304;-51,56485893;"SPRF-RS";"DEL06-RS";"UOP02-DEL06-RS"
397329;2021-11-22;"segunda-feira";"11:40:00";"SP";116;316,1;"JUQUITIBA";"Ausência de reação do condutor";"Colisão com objeto";"Sem Vítimas";"Pleno dia";"Decrescente";"Céu Claro";"Dupla";"Reta";"Não";1;0;0;0;1;0;0;1;-23,91054997;-46,99149375;"SPRF-SP";"DEL04-SP";"UOP01-DEL04-SP"
397330;2021-11-22;"segunda-feira";"10:58:00";"RS";290;91;"PORTO ALEGRE";"Condutor deixou de manter distância do veículo da frente";"Tombamento";"Com Vítimas Feridas";"Pleno dia";"Crescente";"Sol";"Múltipla";"Reta";"Não";1;0;1;0;0;0;1;1;-29,969055;-51,167439;"SPRF-RS";"DEL01-RS";"UOP01-DEL01-RS"
397331;2021-11-22;"segunda-feira";"12:00:00";"MG";40;741,2;"SANTOS DUMONT";"Ausência de reação do condutor";"Colisão transversal";"Com Vítimas Feridas";"Pleno dia";"Decrescente";"Céu Claro";"Simples";"Reta";"Sim";3;0;1;0;2;0;1;2;-21,4050539887;-43,5673240328;"SPRF-MG";"DEL05-MG";"UOP01-DEL05-MG"
397332;2021-11-21;"domingo";"20:40:00";"MS";262;775,6;"CORUMBA";"Retorno proibido";"Colisão transversal";"Com Vítimas Feridas";"Plena Noite";"Crescente";"Céu Claro";"Simples";"Interseção de Vias";"Sim";3;0;1;2;0;0;3;2;-19,02635844;-57,66256148;"SPRF-MS";"DEL03-MS";"UOP03-DEL03-MS"
397336;2021-11-22;"segunda-feira";"13:15:00";"PR";369;444,9;"UBIRATA";"Acessar a via sem observar a presença dos outros veículos";"Colisão transversal";"Com Vítimas Feridas";"Pleno dia";"Crescente";"Céu Claro";"Simples";"Curva";"Não";2;0;1;0;1;0;1;2;-24,5396;-52,9474;"SPRF-PR";"DEL04-PR";"UOP03-DEL04-PR"
397337;2021-10-07;"quinta-feira";"16:30:00";"RO";421;27;"MONTE NEGRO";"Transitar na contramão";"Colisão frontal";"Com Vítimas Fatais";"Pleno dia";"Crescente";"Céu Claro";"Simples";"Reta";"Não";4;2;0;0;2;0;0;2;-10,089358;-63,22068;"SPRF-RO";"DEL03-RO";"UOP01-DEL03-RO"
397338;2021-11-22;"segunda-feira";"13:40:00";"SP";116;210;"GUARULHOS";"Trafegar com motocicleta (ou similar) entre as faixas";"Queda de ocupante de veículo";"Com Vítimas Feridas";"Pleno dia";"Decrescente";"Céu Claro";"Múltipla";"Reta";"Sim";1;0;1;0;0;0;1;1;-23,42870023;-46,41085991;"SPRF-SP";"DEL01-SP";"UOP01-DEL01-SP"
397339;2021-11-22;"segunda-feira";"05:20:00";"RR";174;317;"CARACARAI";"Ausência de reação do condutor";"Saída de leito carroçável";"Com Vítimas Feridas";"Amanhecer";"Decrescente";"Céu Claro";"Simples";"Reta";"Não";36;0;1;0;35;0;1;1;1,492223;-60,930588;"SPRF-RR";"DEL01-RR";"UOP01-DEL01-RR"
397340;2021-11-22;"segunda-feira";"12:55:00";"MT";163;955;"NOVA SANTA HELENA";"Acessar a via sem observar a presença dos outros veículos";"Colisão transversal";"Com Vítimas Feridas";"Pleno dia";"Crescente";"Céu Claro";"Simples";"Interseção de Vias";"Sim";3;0;3;0;0;0;3;2;-10,84911622;-55,18760061;"SPRF-MT";"DEL06-MT";"NPF/DEL06-MT"
397342;2021-11-22;"segunda-feira";"13:20:00";"GO";153;508;"APARECIDA DE GOIANIA";"Acessar a via sem observar a presença dos outros veículos";"Colisão lateral mesmo sentido";"Com Vítimas Feridas";"Pleno dia";"Decrescente";"Nublado";"Dupla";"Reta";"Sim";1;0;1;0;0;0;1;1;-16,7804;-49,2371;"SPRF-GO";"DEL01-GO";"UOP03-DEL01-GO"
397343;2021-11-15;"segunda-feira";"15:20:00";"RS";386;29;"FREDERICO WESTPHALEN";"Acessar a via sem observar a presença dos outros veículos";"Colisão transversal";"Com Vítimas Feridas";"Pleno dia";"Decrescente";"Céu Claro";"Simples";"Reta";"Não";3;0;1;0;1;1;1;2;-27,318573;-53,375618;"SPRF-RS";"DEL08-RS";"UOP02-DEL08-RS"
397344;2021-11-22;"segunda-feira";"14:00:00";"PR";116;104;"SAO JOSE DOS PINHAIS";"Avarias e/ou desgaste excessivo no pneu";"Queda de ocupante de veículo";"Com Vítimas Feridas";"Pleno dia";"Crescente";"Sol";"Dupla";"Reta";"Não";2;0;1;1;0;0;2;1;-25,57217556;-49,20227051;"SPRF-PR";"DEL01-PR";"UOP01-DEL01-PR"
397345;2021-11-22;"segunda-feira";"10:50:00";"MT";163;66;"RONDONOPOLIS";"Demais falhas mecânicas ou elétricas";"Saída de leito carroçável";"Com Vítimas Feridas";"Pleno dia";"Crescente";"Nublado";"Dupla";"Reta";"Não";1;0;1;0;0;0;1;1;-16,93639109;-54,73331174;"SPRF-MT";"DEL02-MT";"UOP01-DEL02-MT"
397346;2021-11-16;"terça-feira";"02:00:00";"PR";272;556;"GUAIRA";"Reação tardia ou ineficiente do condutor";"Saída de leito carroçável";"Com Vítimas Feridas";"Plena Noite";"Crescente";"Ignorado";"Simples";"Declive";"Não";1;0;0;1;0;0;1;1;-24,08104209;-54,15315986;"SPRF-PR";"DEL06-PR";"UOP01-DEL06-PR"
397347;2021-11-22;"segunda-feira";"14:50:00";"AL";101;179,9;"TEOTONIO VILELA";"Transitar na contramão";"Colisão traseira";"Com Vítimas Fatais";"Pleno dia";"Crescente";"Céu Claro";"Dupla";"Reta";"Não";3;1;0;1;1;0;1;2;-9,88842574;-36,39977803;"SPRF-AL";"DEL02-AL";"UOP02-DEL02-AL"
397348;2021-05-28;"sexta-feira";"18:20:00";"BA";324;462;"TANQUINHO";"Deficiência do Sistema de Iluminação/Sinalização";"Colisão traseira";"Com Vítimas Feridas";"Plena Noite";"Crescente";"Céu Claro";"Simples";"Reta";"Não";2;0;0;1;1;0;1;2;-11,97377619;-39,1242101;"SPRF-BA";"DEL02-BA";"UOP01-DEL02-BA"
397350;2021-11-22;"segunda-feira";"07:00:00";"MG";116;415;"GOVERNADOR VALADARES";"Condutor deixou de manter distância do veículo da frente";"Colisão traseira";"Sem Vítimas";"Pleno dia";"Decrescente";"Chuva";"Simples";"Reta";"Sim";1;0;0;0;1;0;0;1;-18,88401297;-41,94924399;"SPRF-MG";"DEL06-MG";"UOP01-DEL06-MG"
397351;2021-11-22;"segunda-feira";"14:50:00";"PE";101;17;"CABO DE SANTO AGOSTINHO";"Conversão proibida";"Colisão lateral mesmo sentido";"Sem Vítimas";"Pleno dia";"Crescente";"Céu Claro";"Simples";"Reta";"Sim";2;0;0;0;2;0;0;2;-8,292116;-35,048348;"SPRF-PE";"DEL01-PE";"UOP02-DEL01-PE"
397352;2021-11-22;"segunda-feira";"15:23:00";"RN";101;99;"NATAL";"Condutor deixou de manter distância do veículo da frente";"Colisão traseira";"Com Vítimas Feridas";"Pleno dia";"Crescente";"Céu Claro";"Simples";"Reta";"Sim";4;0;2;0;2;0;2;2;-5,87344078;-35,22097063;"SPRF-RN";"DEL01-RN";"UOP01-DEL01-RN"
397353;2021-11-22;"segunda-feira";"15:45:00";"RN";304;97;"NATAL";"Mal súbito do condutor";"Saída de leito carroçável";"Sem Vítimas";"Pleno dia";"Crescente";"Céu Claro";"Múltipla";"Reta";"Sim";1;0;0;0;1;0;0;1;-5,86260825;-35,21550721;"SPRF-RN";"DEL04-RN";"UOP01-DEL04-RN"
397354;2021-11-22;"segunda-feira";"15:40:00";"BA";324;3;"FEIRA DE SANTANA";"Reação tardia ou ineficiente do condutor";"Colisão com objeto";"Com Vítimas Feridas";"Pleno dia";"Crescente";"Sol";"Dupla";"Reta";"Sim";1;0;1;0;0;0;1;1;-12,28622549;-38,95667195;"SPRF-BA";"DEL02-BA";"UOP01-DEL02-BA"
397355;2021-11-22;"segunda-feira";"14:00:00";"MS";163;11,2;"MUNDO NOVO";"Velocidade Incompatível";"Saída de leito carroçável";"Sem Vítimas";"Pleno dia";"Decrescente";"Céu Claro";"Simples";"Reta";"Não";1;0;0;0;0;1;0;1;-23,96872579;-54,32871421;"SPRF-MS";"DEL09-MS";"UOP02-DEL09-MS"
397356;2021-11-22;"segunda-feira";"16:00:00";"ES";101;314,5;"VILA VELHA";"Acumulo de areia ou detritos sobre o pavimento";"Tombamento";"Com Vítimas Feridas";"Pleno dia";"Crescente";"Céu Claro";"Dupla";"Retorno Regulamentado";"Não";1;0;1;0;0;0;1;1;-20,45361952;-40,43048498;"SPRF-ES";"DEL01-ES";"UOP01-DEL01-ES"
397357;2021-11-22;"segunda-feira";"16:00:00";"MG";50;206;"DELTA";"Ausência de reação do condutor";"Colisão traseira";"Com Vítimas Feridas";"Pleno dia";"Decrescente";"Sol";"Dupla";"Reta;Aclive";"Não";3;0;1;0;2;0;1;2;-19,92627147;-47,82191068;"SPRF-MG";"DEL13-MG";"UOP01-DEL13-MG"
397358;2021-11-22;"segunda-feira";"14:45:00";"MT";364;205;"RONDONOPOLIS";"Acessar a via sem observar a presença dos outros veículos";"Colisão transversal";"Com Vítimas Feridas";"Pleno dia";"Crescente";"Nublado";"Dupla";"Reta;Rotatória;Aclive";"Sim";2;0;1;0;1;0;1;2;-16,45928621;-54,66092345;"SPRF-MT";"DEL02-MT";"UOP01-DEL02-MT"
397359;2021-11-22;"segunda-feira";"16:30:00";"PR";376;682;"GUARATUBA";"Avarias e/ou desgaste excessivo no pneu";"Queda de ocupante de veículo";"Com Vítimas Feridas";"Pleno dia";"Crescente";"Céu Claro";"Dupla";"Reta";"Não";2;0;2;0;0;0;2;1;-25,980609;-48,88724;"SPRF-PR";"DEL01-PR";"UOP04-DEL01-PR"
397360;2021-11-22;"segunda-feira";"15:40:00";"SP";116;446,5;"REGISTRO";"Ingestão de álcool pelo condutor";"Colisão com objeto";"Sem Vítimas";"Pleno dia";"Decrescente";"Céu Claro";"Múltipla";"Reta";"Sim";1;0;0;0;1;0;0;1;-24,50467087;-47,84772743;"SPRF-SP";"DEL05-SP";"UOP01-DEL05-SP"
397361;2021-11-22;"segunda-feira";"16:00:00";"RS";153;564,1;"BAGE";"Demais falhas mecânicas ou elétricas";"Incêndio";"Sem Vítimas";"Pleno dia";"Decrescente";"Céu Claro";"Simples";"Reta";"Não";1;0;0;0;1;0;0;1;-30,94387201;-53,63427378;"SPRF-RS";"DEL11-RS";"UOP03-DEL11-RS"