"id";"data_inversa";"dia_semana";"horario";"uf";"br";"km";"municipio";"causa_acidente";"tipo_acidente";"classificacao_acidente";"fase_dia";"sentido_via";"condicao_metereologica";"tipo_pista";"tracado_via";"uso_solo";"pessoas";"mortos";"feridos_leves";"feridos_graves";"ilesos";"ignorados";"feridos";"veiculos";"latitude";"longitude";"regional";"delegacia";"uop"
398009;2021-11-26;"sexta-feira";"08:50:00";"RJ";101;323;"NITEROI";"Reação tardia ou ineficiente do condutor";"Engavetamento";"Sem Vítimas";"Pleno dia";"Decrescente";"Céu Claro";"Dupla";"Reta";"Não";4;0;0;0;4;0;0;4;-22,87684786;-43,11728689;"SPRF-RJ";"DEL02-RJ";"UOP02-DEL02-RJ"
398012;2021-11-26;"sexta-feira";"12:15:00";"SC";101;199;"BIGUACU";"Reação tardia ou ineficiente do condutor";"Engavetamento";"Sem Vítimas";"Pleno dia";"Crescente";"Nublado";"Múltipla";"Reta;Aclive";"Sim";3;0;0;0;2;1;0;3;-27,53413705;-48,63003205;"SPRF-SC";"DEL01-SC";"UOP01-DEL01-SC"
398016;2021-11-26;"sexta-feira";"13:20:00";"SP";101;43,4;"UBATUBA";"Conversão proibida";"Colisão transversal";"Com Vítimas Feridas";"Pleno dia";"Decrescente";"Garoa/Chuvisco";"Simples";"Curva";"Sim";2;0;1;0;1;0;1;2;-23,41217537;-45,05739148;"SPRF-SP";"DEL06-SP";"UOP01-DEL06-SP"
398017;2021-11-26;"sexta-feira";"11:07:00";"MG";50;163,7;"UBERABA";"Chuva";"Capotamento";"Com Vítimas Feridas";"Pleno dia";"Crescente";"Chuva";"Dupla";"Reta";"Não";1;0;0;1;0;0;1;1;-19,67626592;-47,99599279;"SPRF-MG";"DEL13-MG";"UOP01-DEL13-MG"
398019;2021-11-26;"sexta-feira";"09:00:00";"RO";319;64;"PORTO VELHO";"Reação tardia ou ineficiente do condutor";"Colisão transversal";"Com Vítimas Feridas";"Pleno dia";"Decrescente";"Céu Claro";"Dupla";"Interseção de Vias";"Sim";2;0;1;0;1;0;1;2;-8,766685;-63,884052;"SPRF-RO";"DEL01-RO";"UOP01-DEL01-RO"
398021;2021-11-26;"sexta-feira";"13:30:00";"ES";262;4,3;"CARIACICA";"Reação tardia ou ineficiente do condutor";"Colisão traseira";"Com Vítimas Feridas";"Pleno dia";"Crescente";"Nublado";"Dupla";"Reta";"Sim";2;0;1;0;1;0;1;2;-20,33609327;-40,37812784;"SPRF-ES";"DEL01-ES";"UOP01-DEL01-ES"
398024;2021-11-26;"sexta-feira";"13:00:00";"MG";381;712,5;"CARMO DA CACHOEIRA";"Chuva";"Capotamento";"Sem Vítimas";"Pleno dia";"Crescente";"Chuva";"Dupla";"Curva";"Não";1;0;0;0;1;0;0;1;-21,37179794;-45,18921744;"SPRF-MG";"DEL04-MG";"UOP02-DEL04-MG"
398025;2021-11-26;"sexta-feira";"13:20:00";"MT";70;278;"PRIMAVERA DO LESTE";"Desrespeitar a preferência no cruzamento";"Colisão transversal";"Com Vítimas Feridas";"Pleno dia";"Crescente";"Céu Claro";"Simples";"Reta";"Sim";2;0;1;0;1;0;1;2;-15,55739918;-54,27981896;"SPRF-MT";"DEL05-MT";"UOP01-DEL05-MT"
398026;2021-11-26;"sexta-feira";"13:30:00";"RS";153;50;"ERECHIM";"Acessar a via sem observar a presença dos outros veículos";"Colisão transversal";"Com Vítimas Feridas";"Pleno dia";"Decrescente";"Nublado";"Simples";"Interseção de Vias";"Sim";2;0;1;0;1;0;1;2;-27,65623359;-52,27554709;"SPRF-RS";"DEL08-RS";"UOP04-DEL08-RS"
398027;2021-11-26;"sexta-feira";"13:40:00";"PE";428;11,2;"CABROBO";"Ultrapassagem Indevida";"Colisão transversal";"Com Vítimas Feridas";"Pleno dia";"Decrescente";"Céu Claro";"Simples";"Reta";"Não";2;0;0;1;1;0;1;2;-8,5063914;-39,3161128;"SPRF-PE";"DEL05-PE";"UOP03-DEL05-PE"
398029;2021-11-21;"domingo";"19:00:00";"MT";163;828;"SINOP";"Conversão proibida";"Colisão transversal";"Com Vítimas Feridas";"Plena Noite";"Decrescente";"Nublado";"Dupla";"Reta";"Sim";5;0;3;0;2;0;3;2;-11,916249;-55,509591;"SPRF-MT";"DEL06-MT";"UOP01-DEL06-MT"
398033;2021-11-26;"sexta-feira";"14:30:00";"BA";410;8;"RIBEIRA DO POMBAL";"Condutor deixou de manter distância do veículo da frente";"Colisão traseira";"Sem Vítimas";"Pleno dia";"Decrescente";"Céu Claro";"Simples";"Reta";"Não";2;0;0;0;2;0;0;2;-10,85300373;-38,59149914;"SPRF-BA";"DEL07-BA";"UOP02-DEL07-BA"
398035;2021-11-26;"sexta-feira";"11:25:00";"MG";116;384,6;"GOVERNADOR VALADARES";"Acessar a via sem observar a presença dos outros veículos";"Colisão transversal";"Com Vítimas Feridas";"Pleno dia";"Decrescente";"Sol";"Simples";"Curva";"Não";2;0;0;1;0;1;1;2;-18,65434309;-41,97036284;"SPRF-MG";"DEL06-MG";"UOP01-DEL06-MG"
398036;2021-11-26;"sexta-feira";"15:35:00";"RS";116;257;"ESTEIO";"Desrespeitar a preferência no cruzamento";"Colisão transversal";"Com Vítimas Feridas";"Pleno dia";"Crescente";"Nublado";"Múltipla";"Interseção de Vias";"Sim";2;0;1;0;1;0;1;2;-29,85262195;-51,17968329;"SPRF-RS";"DEL01-RS";"UOP02-DEL01-RS"
398037;2021-11-26;"sexta-feira";"14:00:00";"RJ";40;118,5;"DUQUE DE CAXIAS";"Reação tardia ou ineficiente do condutor";"Colisão traseira";"Sem Vítimas";"Pleno dia";"Decrescente";"Céu Claro";"Dupla";"Reta";"Sim";2;0;0;0;2;0;0;2;-22,75470802;-43,28737838;"SPRF-RJ";"DEL01-RJ";"UOP01-DEL01-RJ"
398038;2021-11-26;"sexta-feira";"11:35:00";"GO";452;2;"RIO VERDE";"Acessar a via sem observar a presença dos outros veículos";"Colisão transversal";"Com Vítimas Feridas";"Pleno dia";"Crescente";"Céu Claro";"Dupla";"Reta";"Sim";2;0;0;1;1;0;1;2;-17,79595391;-50,88555295;"SPRF-GO";"DEL04-GO";"UOP01-DEL04-GO"
398039;2021-11-26;"sexta-feira";"16:00:00";"SC";101;180;"BIGUACU";"Velocidade Incompatível";"Colisão com objeto";"Com Vítimas Feridas";"Pleno dia";"Decrescente";"Céu Claro";"Dupla";"Declive";"Não";1;0;0;1;0;0;1;1;-27,3811238;-48,63090648;"SPRF-SC";"DEL01-SC";"UOP01-DEL01-SC"
398042;2021-11-26;"sexta-feira";"15:10:00";"SC";470;62;"INDAIAL";"Ausência de reação do condutor";"Saída de leito carroçável";"Com Vítimas Feridas";"Pleno dia";"Decrescente";"Sol";"Dupla";"Reta";"Sim";1;0;1;0;0;0;1;1;-26,874521;-49,182938;"SPRF-SC";"DEL04-SC";"UOP01-DEL04-SC"
398043;2021-11-26;"sexta-feira";"17:05:00";"SP";101;49,3;"UBATUBA";"Acessar a via sem observar a presença dos outros veículos";"Colisão transversal";"Com Vítimas Feridas";"Pleno dia";"Decrescente";"Nublado";"Simples";"Reta";"Sim";2;0;1;0;1;0;1;2;-23,448916;-45,07883549;"SPRF-SP";"DEL06-SP";"UOP01-DEL06-SP"
398044;2021-05-18;"terça-feira";"08:10:00";"SP";101;47;"UBATUBA";"Acessar a via sem observar a presença dos outros veículos";"Colisão lateral mesmo sentido";"Com Vítimas Feridas";"Pleno dia";"Crescente";"Céu Claro";"Simples";"Reta";"Sim";2;0;1;0;1;0;1;2;-23,429897;-45,082436;"SPRF-SP";"DEL06-SP";"UOP01-DEL06-SP"
398045;2021-11-26;"sexta-feira";"16:39:00";"SP";153;104;"JOSE BONIFACIO";"Ausência de reação do condutor";"Colisão traseira";"Sem Vítimas";"Pleno dia";"Crescente";"Chuva";"Simples";"Reta";"Não";2;0;0;0;0;2;0;2;-21,03932893;-49,65044815;"SPRF-SP";"DEL09-SP";"UOP01-DEL09-SP"
398046;2021-11-26;"sexta-feira";"17:05:00";"PE";101;73,6;"RECIFE";"Área urbana sem a presença de local apropriado para a travessia de pedestres";"Atropelamento de Pedestre";"Com Vítimas Feridas";"Anoitecer";"Crescente";"Céu Claro";"Dupla";"Reta";"Sim";3;0;0;1;0;2;1;2;-8,093369;-34,947464;"SPRF-PE";"DEL01-PE";"UOP01-DEL01-PE"
398047;2021-11-26;"sexta-feira";"16:30:00";"SC";101;69,3;"ARAQUARI";"Avarias e/ou desgaste excessivo no pneu";"Tombamento";"Com Vítimas Feridas";"Pleno dia";"Crescente";"Céu Claro";"Dupla";"Reta";"Não";2;0;2;0;0;0;2;1;-26,50298009;-48,72814515;"SPRF-SC";"DEL03-SC";"UOP02-DEL03-SC"
398048;2021-11-26;"sexta-feira";"17:00:00";"RJ";40;21;"TRES RIOS";"Reação tardia ou ineficiente do condutor";"Capotamento";"Com Vítimas Feridas";"Pleno dia";"Decrescente";"Chuva";"Dupla";"Interseção de Vias";"Não";5;0;2;0;3;0;2;1;-22,11423526;-43,15858581;"SPRF-RJ";"DEL05-RJ";"UOP02-DEL05-RJ"
398049;2021-11-26;"sexta-feira";"17:35:00";"CE";222;2,1;"FORTALEZA";"Condutor deixou de manter distância do veículo da frente";"Colisão traseira";"Com Vítimas Feridas";"Anoitecer";"Crescente";"Céu Claro";"Múltipla";"Reta";"Sim";2;0;1;1;0;0;2;2;-3,73911117;-38,58687498;"SPRF-CE";"DEL01-CE";"UOP01-DEL01-CE"
398050;2021-11-26;"sexta-feira";"17:00:00";"PI";343;1,7;"TERESINA";"Velocidade Incompatível";"Colisão traseira";"Com Vítimas Feridas";"Pleno dia";"Crescente";"Céu Claro";"Dupla";"Retorno Regulamentado";"Sim";2;0;1;0;1;0;1;2;-5,089569;-42,802288;"SPRF-PI";"DEL01-PI";"UOP01-DEL01-PI"
398052;2021-11-26;"sexta-feira";"17:30:00";"PR";116;124;"CURITIBA";"Reação tardia ou ineficiente do condutor";"Colisão traseira";"Com Vítimas Feridas";"Pleno dia";"Crescente";"Sol";"Dupla";"Reta";"Não";2;0;0;1;1;0;1;2;-25,58620703;-49,31436887;"SPRF-PR";"DEL01-PR";"UOP03-DEL01-PR"
398053;2021-11-26;"sexta-feira";"16:30:00";"DF";40;8,1;"BRASILIA";"Condutor deixou de manter distância do veículo da frente";"Colisão traseira";"Com Vítimas Feridas";"Pleno dia";"Crescente";"Nublado";"Dupla";"Reta";"Sim";2;0;1;0;1;0;1;2;-16,04894793;-47,98132896;"SPRF-DF";"DEL01-DF";"UOP01-DEL01-DF"
398054;2021-11-26;"sexta-feira";"17:50:00";"RN";406;129,3;"TAIPU";"Ultrapassagem Indevida";"Colisão frontal";"Com Vítimas Feridas";"Anoitecer";"Crescente";"Céu Claro";"Simples";"Ponte";"Não";2;0;0;1;1;0;1;2;-5,6219933;-35,6040879;"SPRF-RN";"DEL02-RN";"UOP01-DEL02-RN"
398055;2021-11-26;"sexta-feira";"18:05:00";"RJ";116;167;"SAO JOAO DE MERITI";"Manobra de mudança de faixa";"Colisão lateral mesmo sentido";"Com Vítimas Feridas";"Anoitecer";"Crescente";"Garoa/Chuvisco";"Dupla";"Reta";"Sim";3;0;1;0;1;1;1;3;-22,81803977;-43,30787252;"SPRF-RJ";"DEL01-RJ";"UOP01-DEL01-RJ"
398056;2021-11-26;"sexta-feira";"16:30:00";"SC";101;275;"IMBITUBA";"Animais na Pista";"Atropelamento de Animal";"Com Vítimas Feridas";"Pleno dia";"Decrescente";"Céu Claro";"Múltipla";"Reta";"Sim";1;0;0;1;0;0;1;1;-28,138086;-48,69218292;"SPRF-SC";"DEL02-SC";"UOP03-DEL02-SC"
398057;2021-11-26;"sexta-feira";"13:55:00";"BA";101;718;"EUNAPOLIS";"Manobra de mudança de faixa";"Colisão lateral mesmo sentido";"Com Vítimas Feridas";"Pleno dia";"Crescente";"Sol";"Dupla";"Reta";"Sim";2;0;1;0;1;0;1;2;-16,372513;-39,581391;"SPRF-BA";"DEL09-BA";"UOP01-DEL09-BA"
398059;2021-11-26;"sexta-feira";"16:30:00";"MA";135;7,8;"SAO LUIS";"Acessar a via sem observar a presença dos outros veículos";"Colisão lateral mesmo sentido";"Sem Vítimas";"Pleno dia";"Crescente";"Céu Claro";"Dupla";"Interseção de Vias";"Sim";2;0;0;0;2;0;0;2;-2,63608835;-44,26848552;"SPRF-MA";"DEL01-MA";"UOP01-DEL01-MA"
398060;2021-11-26;"sexta-feira";"18:15:00";"RS";386;350,2;"ESTRELA";"Ingestão de álcool pelo condutor";"Colisão traseira";"Sem Vítimas";"Pleno dia";"Crescente";"Nublado";"Dupla";"Reta";"Sim";2;0;0;0;2;0;0;2;-29,47575035;-51,95316553;"SPRF-RS";"DEL04-RS";"UOP02-DEL04-RS"
398061;2021-11-26;"sexta-feira";"16:45:00";"RJ";116;224;"PIRAI";"Demais falhas mecânicas ou elétricas";"Incêndio";"Sem Vítimas";"Pleno dia";"Crescente";"Garoa/Chuvisco";"Simples";"Reta";"Não";1;0;0;0;1;0;0;1;-22,68709335;-43,81058612;"SPRF-RJ";"DEL07-RJ";"UOP01-DEL07-RJ"
398062;2021-01-04;"segunda-feira";"12:40:00";"CE";222;240;"SOBRAL";"Desrespeitar a preferência no cruzamento";"Colisão transversal";"Com Vítimas Feridas";"Pleno dia";"Crescente";"Céu Claro";"Simples";"Retorno Regulamentado";"Não";3;0;3;0;0;0;3;2;-3,7337361;-40,48187256;"SPRF-CE";"DEL04-CE";"UOP01-DEL04-CE"
398064;2021-11-26;"sexta-feira";"18:40:00";"SP";116;149;"SAO JOSE DOS CAMPOS";"Reação tardia ou ineficiente do condutor";"Colisão com objeto";"Com Vítimas Feridas";"Anoitecer";"Crescente";"Garoa/Chuvisco";"Múltipla";"Reta";"Sim";2;0;1;0;0;1;1;2;-23,20700047;-45,88626861;"SPRF-SP";"DEL02-SP";"UOP01-DEL02-SP"
398066;2021-11-26;"sexta-feira";"14:30:00";"MS";163;484,4;"CAMPO GRANDE";"Acessar a via sem observar a presença dos outros veículos";"Colisão transversal";"Sem Vítimas";"Pleno dia";"Decrescente";"Céu Claro";"Simples";"Interseção de Vias";"Sim";2;0;0;0;1;1;0;2;-20,45104898;-54,5403266;"SPRF-MS";"DEL01-MS";"UOP02-DEL01-MS"
398067;2021-11-26;"sexta-feira";"16:15:00";"RO";364;237,6;"CACOAL";"Pedestre cruzava a pista fora da faixa";"Atropelamento de Pedestre";"Com Vítimas Feridas";"Pleno dia";"Crescente";"Céu Claro";"Simples";"Declive";"Sim";2;0;2;0;0;0;2;2;-11,44341056;-61,44672787;"SPRF-RO";"DEL02-RO";"UOP02-DEL02-RO"
398068;2021-11-26;"sexta-feira";"19:15:00";"SP";116;229,5;"SAO PAULO";"Reação tardia ou ineficiente do condutor";"Colisão traseira";"Com Vítimas Feridas";"Plena Noite";"Decrescente";"Nublado";"Múltipla";"Reta";"Sim";2;0;1;0;1;0;1;2;-23,51291902;-46,57604698;"SPRF-SP";"DEL01-SP";"UOP01-DEL01-SP"
398069;2021-11-26;"sexta-feira";"18:40:00";"MG";40;511,4;"RIBEIRAO DAS NEVES";"Reação tardia ou ineficiente do condutor";"Saída de leito carroçável";"Com Vítimas Feridas";"Plena Noite";"Decrescente";"Nublado";"Dupla";"Reta";"Sim";3;0;2;0;1;0;2;1;-19,78164295;-44,11733194;"SPRF-MG";"DEL01-MG";"UOP02-DEL01-MG"
398071;2021-11-26;"sexta-feira";"18:50:00";"MG";40;555;"NOVA LIMA";"Ausência de reação do condutor";"Tombamento";"Com Vítimas Feridas";"Plena Noite";"Decrescente";"Nublado";"Dupla";"Reta";"Sim";1;0;1;0;0;0;1;1;-20,08472706;-43,97697012;"SPRF-MG";"DEL01-MG";"UOP02-DEL01-MG"
398073;2021-11-26;"sexta-feira";"19:45:00";"SE";235;5,6;"NOSSA SENHORA DO SOCORRO";"Ingestão de álcool pelo condutor";"Colisão traseira";"Com Vítimas Feridas";"Plena Noite";"Crescente";"Céu Claro";"Dupla";"Reta";"Não";2;0;1;0;1;0;1;2;-10,90169474;-37,13619222;"SPRF-SE";"DEL01-SE";"UOP01-DEL01-SE"
398075;2021-11-26;"sexta-feira";"18:00:00";"SP";116;488;"CAJATI";"Reação tardia ou ineficiente do condutor";"Atropelamento de Pedestre";"Com Vítimas Feridas";"Anoitecer";"Crescente";"Céu Claro";"Múltipla";"Reta";"Sim";2;0;1;0;1;0;1;2;-24,73127959;-48,11017156;"SPRF-SP";"DEL05-SP";"UOP01-DEL05-SP"
398076;2021-11-26;"sexta-feira";"15:45:00";"SC";280;23;"ARAQUARI";"Manobra de mudança de faixa";"Colisão transversal";"Com Vítimas Feridas";"Pleno dia";"Decrescente";"Sol";"Simples";"Reta";"Sim";3;0;1;0;1;1;1;3;-26,37146;-48,711887;"SPRF-SC";"DEL03-SC";"UOP03-DEL03-SC"
398077;2021-11-26;"sexta-feira";"19:55:00";"RJ";116;60;"TERESOPOLIS";"Velocidade Incompatível";"Capotamento";"Com Vítimas Feridas";"Plena Noite";"Crescente";"Chuva";"Simples";"Curva";"Não";2;0;2;0;0;0;2;1;-22,23635681;-42,91108325;"SPRF-RJ";"DEL04-RJ";"UOP01-DEL04-RJ"
398078;2021-11-26;"sexta-feira";"18:15:00";"AL";424;102;"MARECHAL DEODORO";"Reação tardia ou ineficiente do condutor";"Colisão com objeto";"Com Vítimas Feridas";"Plena Noite";"Decrescente";"Céu Claro";"Simples";"Reta";"Não";1;0;1;0;0;0;1;1;-9,66670281;-35,84489382;"SPRF-AL";"DEL02-AL";"UOP01-DEL02-AL"
398081;2021-11-22;"segunda-feira";"19:30:00";"PR";116;211;"RIO NEGRO";"Conversão proibida";"Colisão traseira";"Com Vítimas Feridas";"Plena Noite";"Crescente";"Céu Claro";"Simples";"Interseção de Vias";"Sim";2;0;1;0;1;0;1;2;-26,07980928;-49,76934983;"SPRF-SC";"DEL06-SC";"UOP01-DEL06-SC"
398082;2021-11-26;"sexta-feira";"19:40:00";"PR";163;163,9;"LINDOESTE";"Ingestão de álcool ou de substâncias psicoativas pelo pedestre";"Atropelamento de Pedestre";"Com Vítimas Feridas";"Plena Noite";"Crescente";"Céu Claro";"Simples";"Reta";"Sim";4;0;0;1;3;0;1;2;-25,28599772;-53,56897116;"SPRF-PR";"DEL05-PR";"UOP05-DEL05-PR"
398083;2021-11-26;"sexta-feira";"19:00:00";"ES";262;35;"DOMINGOS MARTINS";"Condutor deixou de manter distância do veículo da frente";"Colisão com objeto";"Sem Vítimas";"Plena Noite";"Decrescente";"Nublado";"Simples";"Declive;Reta";"Não";1;0;0;0;1;0;0;1;-20,38002181;-40,5951714;"SPRF-ES";"DEL01-ES";"UOP01-DEL01-ES"
398087;2021-11-26;"sexta-feira";"20:30:00";"SP";116;270;"TABOAO DA SERRA";"Ausência de reação do condutor";"Colisão lateral mesmo sentido";"Com Vítimas Feridas";"Plena Noite";"Crescente";"Céu Claro";"Dupla";"Reta";"Sim";3;0;1;0;2;0;1;3;-23,61799728;-46,79677694;"SPRF-SP";"DEL04-SP";"UOP01-DEL04-SP"
398088;2021-11-26;"sexta-feira";"17:15:00";"CE";222;2,8;"FORTALEZA";"Demais falhas na via";"Queda de ocupante de veículo";"Com Vítimas Feridas";"Anoitecer";"Decrescente";"Céu Claro";"Múltipla";"Reta";"Sim";1;0;1;0;0;0;1;1;-3,73911117;-38,58687498;"SPRF-CE";"DEL01-CE";"UOP01-DEL01-CE"
398091;2021-11-26;"sexta-feira";"20:55:00";"PI";343;77;"BURITI DOS LOPES";"Reação tardia ou ineficiente do condutor";"Capotamento";"Sem Vítimas";"Plena Noite";"Crescente";"Céu Claro";"Simples";"Reta";"Não";1;0;0;0;0;1;0;1;-3,380124;-41,736965;"SPRF-PI";"DEL05-PI";"UOP01-DEL05-PI"
398093;2021-11-26;"sexta-feira";"19:20:00";"PE";101;17,9;"CABO DE SANTO AGOSTINHO";"Velocidade Incompatível";"Colisão transversal";"Com Vítimas Feridas";"Plena Noite";"Crescente";"Céu Claro";"Simples";"Reta";"Sim";3;0;1;1;0;1;2;2;-8,292074;-35,048411;"SPRF-PE";"DEL01-PE";"UOP02-DEL01-PE"
398094;2021-11-26;"sexta-feira";"15:35:00";"BA";324;619;"SALVADOR";"Acessar a via sem observar a presença dos outros veículos";"Atropelamento de Pedestre";"Com Vítimas Feridas";"Pleno dia";"Decrescente";"Céu Claro";"Simples";"Reta";"Sim";2;0;1;0;0;1;1;2;-12,89820999;-38,45012202;"SPRF-BA";"DEL01-BA";"UOP01-DEL01-BA"
398095;2021-11-26;"sexta-feira";"16:34:00";"MA";135;44,4;"BACABEIRA";"Acumulo de água sobre o pavimento";"Colisão com objeto";"Com Vítimas Feridas";"Pleno dia";"Decrescente";"Garoa/Chuvisco";"Dupla";"Reta";"Não";2;0;1;0;0;1;1;2;-2,9178575;-44,34673274;"SPRF-MA";"DEL01-MA";"UOP01-DEL01-MA"
398096;2021-11-26;"sexta-feira";"17:40:00";"PA";316;61;"CASTANHAL";"Semáforo com defeito";"Colisão transversal";"Com Vítimas Feridas";"Pleno dia";"Decrescente";"Céu Claro";"Dupla";"Interseção de Vias";"Sim";2;0;0;1;1;0;1;2;-1,29686015;-47,94639002;"SPRF-PA";"DEL01-PA";"UOP01-DEL01-PA"
398098;2021-11-26;"sexta-feira";"19:20:00";"SC";101;132,3;"BALNEARIO CAMBORIU";"Condutor deixou de manter distância do veículo da frente";"Colisão traseira";"Com Vítimas Feridas";"Plena Noite";"Crescente";"Nublado";"Dupla";"Reta";"Sim";3;0;1;0;2;0;1;2;-26,99654133;-48,65564711;"SPRF-SC";"DEL04-SC";"UOP03-DEL04-SC"
398101;2021-11-26;"sexta-feira";"13:30:00";"MG";381;376;"SAO GONCALO DO RIO ABAIXO";"Condutor deixou de manter distância do veículo da frente";"Colisão lateral mesmo sentido";"Com Vítimas Feridas";"Pleno dia";"Crescente";"Céu Claro";"Simples";"Reta";"Não";2;0;1;0;1;0;1;2;-19,8367193;-43,34504908;"SPRF-MG";"DEL01-MG";"UOP01-DEL01-MG"
398102;2021-11-26;"sexta-feira";"22:15:00";"RS";116;247,9;"SAO LEOPOLDO";"Condutor deixou de manter distância do veículo da frente";"Colisão traseira";"Sem Vítimas";"Plena Noite";"Decrescente";"Garoa/Chuvisco";"Dupla";"Reta";"Sim";3;0;0;0;3;0;0;3;-29,77274784;-51,15400186;"SPRF-RS";"DEL01-RS";"UOP02-DEL01-RS"
398103;2021-11-26;"sexta-feira";"19:22:00";"PA";316;67;"CASTANHAL";"Área urbana sem a presença de local apropriado para a travessia de pedestres";"Colisão transversal";"Com Vítimas Fatais";"Plena Noite";"Decrescente";"Céu Claro";"Dupla";"Reta";"Sim";2;1;0;0;1;0;0;2;-1,2948794;-47,89280703;"SPRF-PA";"DEL01-PA";"UOP01-DEL01-PA"
398105;2021-11-26;"sexta-feira";"19:10:00";"PI";135;327,8;"SANTA LUZ";"Ingestão de álcool pelo condutor";"Colisão transversal";"Com Vítimas Feridas";"Plena Noite";"Crescente";"Céu Claro";"Simples";"Reta";"Sim";2;0;1;0;1;0;1;2;-8,90317205;-44,24680765;"SPRF-PI";"DEL03-PI";"UOP02-DEL03-PI"
398107;2021-11-26;"sexta-feira";"22:10:00";"SC";101;204;"SAO JOSE";"Ingestão de álcool pelo condutor";"Capotamento";"Com Vítimas Feridas";"Plena Noite";"Crescente";"Nublado";"Múltipla";"Reta";"Sim";1;0;1;0;0;0;1;1;-27,57413014;-48,61363083;"SPRF-SC";"DEL01-SC";"UOP01-DEL01-SC"
398108;2021-11-26;"sexta-feira";"22:18:00";"PA";163;986;"SANTAREM";"Reação tardia ou ineficiente do condutor";"Colisão lateral sentido oposto";"Com Vítimas Feridas";"Plena Noite";"Crescente";"Nublado";"Simples";"Reta";"Não";2;0;0;1;0;1;1;2;-2,59271401;-54,71976013;"SPRF-PA";"DEL05-PA";"UOP01-DEL05-PA"
398109;2021-11-26;"sexta-feira";"22:07:00";"PR";369;152,9;"LONDRINA";"Entrada inopinada do pedestre";"Atropelamento de Pedestre";"Com Vítimas Feridas";"Plena Noite";"Crescente";"Nublado";"Dupla";"Aclive";"Sim";3;0;1;0;2;0;1;3;-23,29401499;-51,18818343;"SPRF-PR";"DEL07-PR";"UOP01-DEL07-PR"
398114;2021-11-26;"sexta-feira";"18:40:00";"RJ";40;122;"DUQUE DE CAXIAS";"Ingestão de álcool pelo condutor";"Colisão traseira";"Com Vítimas Feridas";"Plena Noite";"Crescente";"Nublado";"Múltipla";"Reta";"Não";3;0;2;0;1;0;2;2;-22,79083113;-43,28611569;"SPRF-RJ";"DEL01-RJ";"UOP01-DEL01-RJ"
398115;2021-11-26;"sexta-feira";"20:40:00";"RS";293;182;"BAGE";"Ingestão de álcool pelo condutor";"Saída de leito carroçável";"Sem Vítimas";"Plena Noite";"Crescente";"Nublado";"Simples";"Rotatória";"Não";1;0;0;0;1;0;0;1;-31,2905305;-54,0695202;"SPRF-RS";"DEL11-RS";"UOP03-DEL11-RS"
398116;2021-11-26;"sexta-feira";"22:55:00";"PR";277;30,8;"MORRETES";"Pedestre andava na pista";"Atropelamento de Pedestre";"Com Vítimas Fatais";"Plena Noite";"Decrescente";"Nublado";"Dupla";"Reta";"Não";2;1;0;0;1;0;0;2;-25,52874613;-48,73512603;"SPRF-PR";"DEL01-PR";"UOP05-DEL01-PR"
398117;2021-11-26;"sexta-feira";"22:40:00";"RS";290;94;"PORTO ALEGRE";"Ingestão de álcool pelo condutor";"Capotamento";"Sem Vítimas";"Plena Noite";"Crescente";"Chuva";"Dupla";"Curva";"Sim";1;0;0;0;1;0;0;1;-29,973856;-51,197853;"SPRF-RS";"DEL01-RS";"UOP01-DEL01-RS"
398121;2021-11-26;"sexta-feira";"23:35:00";"RS";386;47,5;"SEBERI";"Ingestão de álcool pelo condutor";"Saída de leito carroçável";"Sem Vítimas";"Plena Noite";"Crescente";"Céu Claro";"Simples";"Reta";"Não";1;0;0;0;1;0;0;1;-27,466236;-53,404499;"SPRF-RS";"DEL08-RS";"UOP02-DEL08-RS"
398123;2021-11-26;"sexta-feira";"23:00:00";"RJ";465;22;"RIO DE JANEIRO";"Acessar a via sem observar a presença dos outros veículos";"Colisão transversal";"Com Vítimas Feridas";"Plena Noite";"Crescente";"Céu Claro";"Dupla";"Reta";"Sim";2;0;0;1;1;0;1;2;-22,863579;-43,601479;"SPRF-RJ";"DEL03-RJ";"UOP01-DEL03-RJ"
398124;2021-11-26;"sexta-feira";"22:00:00";"SC";101;38;"JOINVILLE";"Ingestão de álcool pelo condutor";"Tombamento";"Com Vítimas Feridas";"Plena Noite";"Decrescente";"Céu Claro";"Simples";"Reta";"Sim";1;0;1;0;0;0;1;1;-26,25472505;-48,90561309;"SPRF-SC";"DEL03-SC";"UOP01-DEL03-SC"
398125;2021-11-27;"sábado";"00:15:00";"PR";163;260;"TOLEDO";"Velocidade Incompatível";"Atropelamento de Pedestre";"Com Vítimas Fatais";"Plena Noite";"Decrescente";"Céu Claro";"Dupla";"Reta";"Não";6;1;0;1;0;4;1;2;-24,6606297;-53,8185818;"SPRF-PR";"DEL06-PR";"UOP02-DEL06-PR"
398127;2021-11-27;"sábado";"01:20:00";"SP";116;149;"SAO JOSE DOS CAMPOS";"Ausência de reação do condutor";"Capotamento";"Sem Vítimas";"Plena Noite";"Decrescente";"Nublado";"Múltipla";"Reta";"Não";1;0;0;0;1;0;0;1;-23,20700047;-45,88626861;"SPRF-SP";"DEL02-SP";"UOP01-DEL02-SP"
398128;2021-11-27;"sábado";"00:30:00";"SC";163;108;"GUARUJA DO SUL";"Ausência de sinalização";"Colisão frontal";"Com Vítimas Feridas";"Plena Noite";"Decrescente";"Céu Claro";"Simples";"Reta";"Não";3;0;1;0;2;0;1;2;-26,42169886;-53,52568081;"SPRF-SC";"DEL07-SC";"UOP03-DEL07-SC"