"id";"data_inversa";"dia_semana";"horario";"uf";"br";"km";"municipio";"causa_acidente";"tipo_acidente";"classificacao_acidente";"fase_dia";"sentido_via";"condicao_metereologica";"tipo_pista";"tracado_via";"uso_solo";"pessoas";"mortos";"feridos_leves";"feridos_graves";"ilesos";"ignorados";"feridos";"veiculos";"latitude";"longitude";"regional";"delegacia";"uop"
398130;2021-11-26;"sexta-feira";"22:30:00";"MG";381;2;"BETIM";"Velocidade Incompatível";"Saída de leito carroçável";"Com Vítimas Feridas";"Plena Noite";"Decrescente";"Nublado";"Dupla";"Curva";"Sim";1;0;1;0;0;0;1;1;-19,97937861;-44,16059732;"SPRF-MG";"DEL01-MG";"UOP03-DEL01-MG"
398132;2021-11-27;"sábado";"02:15:00";"RS";158;329;"SANTA MARIA";"Ingestão de álcool pelo condutor";"Colisão com objeto";"Com Vítimas Feridas";"Plena Noite";"Crescente";"Céu Claro";"Simples";"Em Obras;Reta;Interseção de Vias";"Sim";1;0;1;0;0;0;1;1;-29,701064;-53,839202;"SPRF-RS";"DEL09-RS";"UOP01-DEL09-RS"
398135;2021-11-27;"sábado";"03:30:00";"DF";20;9;"BRASILIA";"Ingestão de álcool pelo condutor";"Colisão traseira";"Sem Vítimas";"Plena Noite";"Crescente";"Nublado";"Dupla";"Reta";"Sim";2;0;0;0;2;0;0;2;-15,654671;-47,782917;"SPRF-DF";"DEL02-DF";"UOP01-DEL02-DF"
398136;2021-11-27;"sábado";"01:40:00";"PR";277;691;"SAO MIGUEL DO IGUACU";"Ingestão de álcool pelo condutor";"Saída de leito carroçável";"Sem Vítimas";"Plena Noite";"Crescente";"Céu Claro";"Dupla";"Declive";"Não";3;0;0;0;3;0;0;1;-25,3630051;-54,25351194;"SPRF-PR";"DEL05-PR";"UOP01-DEL05-PR"
398137;2021-11-27;"sábado";"03:00:00";"SC";101;211;"PALHOCA";"Ingestão de álcool pelo condutor";"Capotamento";"Com Vítimas Feridas";"Plena Noite";"Crescente";"Chuva";"Dupla";"Reta";"Sim";1;0;1;0;0;0;1;1;-27,62329313;-48,65245588;"SPRF-SC";"DEL01-SC";"UOP02-DEL01-SC"
398139;2021-11-27;"sábado";"01:40:00";"RJ";40;107;"DUQUE DE CAXIAS";"Condutor deixou de manter distância do veículo da frente";"Colisão traseira";"Sem Vítimas";"Plena Noite";"Decrescente";"Céu Claro";"Dupla";"Reta";"Sim";2;0;0;0;2;0;0;2;-22,65581497;-43,28378546;"SPRF-RJ";"DEL01-RJ";"UOP01-DEL01-RJ"
398140;2021-11-26;"sexta-feira";"19:50:00";"BA";324;568;"SAO SEBASTIAO DO PASSE";"Demais falhas mecânicas ou elétricas";"Incêndio";"Sem Vítimas";"Plena Noite";"Crescente";"Céu Claro";"Dupla";"Reta";"Não";1;0;0;0;1;0;0;1;-12,53527699;-38,59595575;"SPRF-BA";"DEL01-BA";"UOP01-DEL01-BA"
398141;2021-11-26;"sexta-feira";"22:30:00";"RO";435;87;"COLORADO DO OESTE";"Ausência de sinalização";"Queda de ocupante de veículo";"Com Vítimas Feridas";"Plena Noite";"Crescente";"Céu Claro";"Simples";"Declive";"Sim";2;0;1;1;0;0;2;1;-13,12694915;-60,54413734;"SPRF-RO";"DEL04-RO";"UOP02-DEL04-RO"
398142;2021-11-26;"sexta-feira";"22:05:00";"SC";282;154,2;"BOM RETIRO";"Velocidade Incompatível";"Colisão traseira";"Com Vítimas Feridas";"Plena Noite";"Decrescente";"Garoa/Chuvisco";"Simples";"Reta";"Não";3;0;1;0;1;1;1;2;-27,754395;-49,69775;"SPRF-SC";"DEL05-SC";"UOP01-DEL05-SC"
398146;2021-11-27;"sábado";"05:00:00";"SC";101;326;"CAPIVARI DE BAIXO";"Ingestão de álcool pelo condutor";"Colisão com objeto";"Com Vítimas Feridas";"Amanhecer";"Crescente";"Céu Claro";"Múltipla";"Reta";"Não";3;0;3;0;0;0;3;1;-28,42524483;-48,94302707;"SPRF-SC";"DEL02-SC";"UOP01-DEL02-SC"
398147;2021-11-27;"sábado";"04:45:00";"SC";101;200;"SAO JOSE";"Velocidade Incompatível";"Colisão com objeto";"Sem Vítimas";"Plena Noite";"Decrescente";"Chuva";"Dupla";"Reta";"Sim";1;0;0;0;0;1;0;1;-27,54018513;-48,62287714;"SPRF-SC";"DEL01-SC";"UOP01-DEL01-SC"
398150;2021-11-27;"sábado";"05:40:00";"MG";40;799;"JUIZ DE FORA";"Ausência de reação do condutor";"Capotamento";"Com Vítimas Feridas";"Pleno dia";"Decrescente";"Nublado";"Simples";"Curva";"Sim";2;0;1;0;1;0;1;1;-21,82857001;-43,37364401;"SPRF-MG";"DEL05-MG";"UOP01-DEL05-MG"
398152;2021-11-27;"sábado";"04:20:00";"RJ";116;300;"RESENDE";"Neblina";"Colisão traseira";"Sem Vítimas";"Plena Noite";"Decrescente";"Nevoeiro/Neblina";"Dupla";"Reta";"Sim";3;0;0;0;3;0;0;2;-22,45223481;-44,35432502;"SPRF-RJ";"DEL07-RJ";"UOP02-DEL07-RJ"
398153;2021-11-27;"sábado";"02:55:00";"MG";116;689,3;"MURIAE";"Acumulo de areia ou detritos sobre o pavimento";"Colisão frontal";"Com Vítimas Fatais";"Plena Noite";"Decrescente";"Chuva";"Simples";"Reta";"Não";4;2;0;0;1;1;0;3;-21,00134925;-42,36641407;"SPRF-MG";"DEL07-MG";"UOP02-DEL07-MG"
398155;2021-11-27;"sábado";"05:30:00";"GO";153;697;"ITUMBIARA";"Ingestão de álcool pelo condutor";"Saída de leito carroçável";"Com Vítimas Feridas";"Amanhecer";"Crescente";"Céu Claro";"Simples";"Curva";"Não";1;0;1;0;0;0;1;1;-18,3683;-49,2135;"SPRF-GO";"DEL03-GO";"UOP02-DEL03-GO"
398156;2021-11-26;"sexta-feira";"20:25:00";"PR";369;148;"LONDRINA";"Velocidade Incompatível";"Atropelamento de Pedestre";"Com Vítimas Feridas";"Plena Noite";"Decrescente";"Céu Claro";"Dupla";"Reta";"Sim";2;0;1;0;1;0;1;2;-23,29323169;-51,14335101;"SPRF-PR";"DEL07-PR";"UOP01-DEL07-PR"
398157;2021-11-27;"sábado";"06:00:00";"PR";376;180;"MARINGA";"Ausência de reação do condutor";"Colisão com objeto";"Com Vítimas Feridas";"Pleno dia";"Crescente";"Céu Claro";"Dupla";"Reta";"Sim";3;0;2;0;1;0;2;2;-23,42725352;-51,89512271;"SPRF-PR";"DEL09-PR";"UOP01-DEL09-PR"
398158;2021-11-27;"sábado";"06:05:00";"PE";232;8;"RECIFE";"Estacionar ou parar em local proibido";"Colisão lateral mesmo sentido";"Com Vítimas Feridas";"Pleno dia";"Crescente";"Céu Claro";"Dupla";"Reta";"Sim";2;0;0;1;1;0;1;2;-8,07583727;-34,97015791;"SPRF-PE";"DEL01-PE";"UOP01-DEL01-PE"
398159;2021-11-27;"sábado";"06:25:00";"SP";153;82,9;"BADY BASSITT";"Ultrapassagem Indevida";"Colisão lateral sentido oposto";"Com Vítimas Feridas";"Pleno dia";"Crescente";"Céu Claro";"Simples";"Declive";"Não";4;0;0;1;3;0;1;2;-20,91678258;-49,49721334;"SPRF-SP";"DEL09-SP";"UOP01-DEL09-SP"
398160;2021-11-26;"sexta-feira";"19:30:00";"MG";116;538,6;"SANTA RITA DE MINAS";"Conversão proibida";"Colisão transversal";"Com Vítimas Feridas";"Plena Noite";"Crescente";"Céu Claro";"Simples";"Reta";"Sim";3;0;1;0;2;0;1;2;-19,87457783;-42,13216953;"SPRF-MG";"DEL06-MG";"UOP02-DEL06-MG"
398161;2021-11-27;"sábado";"05:50:00";"RJ";101;414;"ITAGUAI";"Velocidade Incompatível";"Colisão traseira";"Com Vítimas Feridas";"Amanhecer";"Crescente";"Céu Claro";"Dupla";"Reta";"Não";2;0;1;0;1;0;1;2;-22,90390285;-43,87258001;"SPRF-RJ";"DEL03-RJ";"UOP01-DEL03-RJ"
398162;2021-11-27;"sábado";"04:15:00";"ES";482;106;"GUACUI";"Acumulo de água sobre o pavimento";"Colisão com objeto";"Com Vítimas Feridas";"Amanhecer";"Crescente";"Chuva";"Simples";"Curva";"Não";1;0;1;0;0;0;1;1;-20,7749648;-41,67600002;"SPRF-ES";"DEL03-ES";"UOP02-DEL03-ES"
398165;2021-11-14;"domingo";"19:46:00";"RN";110;127,3;"AUGUSTO SEVERO";"Manobra de mudança de faixa";"Colisão frontal";"Com Vítimas Feridas";"Plena Noite";"Crescente";"Céu Claro";"Simples";"Reta";"Sim";3;0;1;0;2;0;1;2;-5,86081305;-37,31126581;"SPRF-RN";"DEL04-RN";"UOP01-DEL04-RN"
398167;2021-11-27;"sábado";"06:00:00";"MG";381;520,6;"BRUMADINHO";"Acumulo de água sobre o pavimento";"Colisão com objeto";"Sem Vítimas";"Amanhecer";"Decrescente";"Chuva";"Dupla";"Curva";"Não";1;0;0;0;1;0;0;1;-20,13363702;-44,309515;"SPRF-MG";"DEL04-MG";"UOP03-DEL04-MG"
398168;2021-11-27;"sábado";"07:15:00";"RS";116;125,4;"SAO MARCOS";"Acumulo de água sobre o pavimento";"Saída de leito carroçável";"Com Vítimas Feridas";"Pleno dia";"Decrescente";"Chuva";"Simples";"Curva";"Sim";2;0;1;1;0;0;2;1;-29,02308597;-51,090808;"SPRF-RS";"DEL05-RS";"UOP01-DEL05-RS"
398169;2021-11-27;"sábado";"05:15:00";"PR";277;345;"GUARAPUAVA";"Ingestão de álcool pelo condutor";"Saída de leito carroçável";"Com Vítimas Feridas";"Amanhecer";"Decrescente";"Céu Claro";"Dupla";"Reta";"Sim";2;0;2;0;0;0;2;1;-25,36557594;-51,47879541;"SPRF-PR";"DEL08-PR";"UOP01-DEL08-PR"
398170;2021-11-27;"sábado";"07:30:00";"SC";101;123;"ITAJAI";"Desrespeitar a preferência no cruzamento";"Colisão transversal";"Com Vítimas Feridas";"Pleno dia";"Crescente";"Céu Claro";"Dupla";"Interseção de Vias";"Sim";2;0;1;0;1;0;1;2;-26,93668609;-48,69876905;"SPRF-SC";"DEL04-SC";"UOP04-DEL04-SC"
398171;2021-11-27;"sábado";"06:00:00";"BA";101;64;"ENTRE RIOS";"Reação tardia ou ineficiente do condutor";"Saída de leito carroçável";"Com Vítimas Feridas";"Pleno dia";"Decrescente";"Céu Claro";"Dupla";"Curva";"Não";4;0;4;0;0;0;4;1;-11,96618423;-38,14476501;"SPRF-BA";"DEL01-BA";"UOP04-DEL01-BA"
398172;2021-11-27;"sábado";"06:40:00";"PE";101;64;"RECIFE";"Avarias e/ou desgaste excessivo no pneu";"Saída de leito carroçável";"Com Vítimas Feridas";"Pleno dia";"Crescente";"Chuva";"Dupla";"Viaduto";"Sim";1;0;1;0;0;0;1;1;-8,0162921;-34,94045886;"SPRF-PE";"DEL01-PE";"UOP01-DEL01-PE"
398174;2021-11-27;"sábado";"06:50:00";"MG";40;557,8;"NOVA LIMA";"Ausência de reação do condutor";"Saída de leito carroçável";"Com Vítimas Feridas";"Amanhecer";"Crescente";"Chuva";"Dupla";"Reta";"Não";1;0;1;0;0;0;1;1;-20,1120248;-43,97154115;"SPRF-MG";"DEL01-MG";"UOP02-DEL01-MG"
398175;2021-11-27;"sábado";"08:00:00";"PE";232;76;"GRAVATA";"Demais falhas mecânicas ou elétricas";"Capotamento";"Com Vítimas Feridas";"Pleno dia";"Crescente";"Céu Claro";"Dupla";"Reta";"Não";2;0;2;0;0;0;2;1;-8,19541469;-35,53424693;"SPRF-PE";"DEL02-PE";"UOP02-DEL02PE"
398176;2021-11-27;"sábado";"07:50:00";"RS";386;344,5;"LAJEADO";"Acesso irregular";"Colisão transversal";"Com Vítimas Feridas";"Pleno dia";"Crescente";"Chuva";"Simples";"Reta";"Sim";4;0;4;0;0;0;4;2;-29,439268;-51,993633;"SPRF-RS";"DEL04-RS";"UOP01-DEL04-RS"
398177;2021-11-09;"terça-feira";"18:30:00";"PI";316;114;"PASSAGEM FRANCA DO PIAUI";"Animais na Pista";"Atropelamento de Animal";"Com Vítimas Feridas";"Plena Noite";"Decrescente";"Céu Claro";"Simples";"Reta";"Não";1;0;0;1;0;0;1;1;-5,9141293;-42,39909154;"SPRF-PI";"DEL04-PI";"UOP02-DEL04-PI"
398184;2021-11-27;"sábado";"07:55:00";"RS";470;283,3;"MONTENEGRO";"Ausência de reação do condutor";"Saída de leito carroçável";"Com Vítimas Fatais";"Pleno dia";"Crescente";"Nublado";"Simples";"Reta";"Não";6;1;3;2;0;0;5;1;-29,617571;-51,474321;"SPRF-RS";"DEL04-RS";"UOP02-DEL04-RS"
398186;2021-11-27;"sábado";"04:40:00";"MS";163;13;"MUNDO NOVO";"Condutor Dormindo";"Saída de leito carroçável";"Sem Vítimas";"Amanhecer";"Crescente";"Céu Claro";"Simples";"Interseção de Vias";"Não";1;0;0;0;1;0;0;1;-23,95374032;-54,31622801;"SPRF-MS";"DEL09-MS";"UOP02-DEL09-MS"
398188;2021-11-11;"quinta-feira";"20:50:00";"DF";40;2;"BRASILIA";"Falta de acostamento";"Colisão com objeto";"Sem Vítimas";"Plena Noite";"Crescente";"Chuva";"Dupla";"Reta";"Sim";2;0;0;0;2;0;0;1;-15,99435;-47,985947;"SPRF-DF";"DEL01-DF";"UOP01-DEL01-DF"
398191;2021-11-27;"sábado";"09:05:00";"MG";50;19,8;"ARAGUARI";"Acumulo de água sobre o pavimento";"Saída de leito carroçável";"Com Vítimas Feridas";"Pleno dia";"Crescente";"Chuva";"Múltipla";"Curva";"Não";2;0;2;0;0;0;2;1;-18,57876301;-48,06009904;"SPRF-MG";"DEL15-MG";"UOP02-DEL15-MG"
398192;2021-11-27;"sábado";"08:50:00";"RS";470;247,8;"SAO PEDRO DA SERRA";"Reação tardia ou ineficiente do condutor";"Colisão frontal";"Com Vítimas Feridas";"Pleno dia";"Crescente";"Chuva";"Dupla";"Reta";"Não";2;0;1;0;1;0;1;2;-29,37593098;-51,49908082;"SPRF-RS";"DEL06-RS";"UOP01-DEL06-RS"
398194;2021-11-27;"sábado";"06:00:00";"RJ";101;400;"ITAGUAI";"Ingestão de álcool pelo condutor";"Saída de leito carroçável";"Sem Vítimas";"Pleno dia";"Crescente";"Céu Claro";"Simples";"Reta";"Sim";1;0;0;0;0;1;0;1;-22,8483707;-43,76952338;"SPRF-RJ";"DEL03-RJ";"UOP01-DEL03-RJ"
398195;2021-11-27;"sábado";"09:40:00";"RN";101;85,7;"NATAL";"Reação tardia ou ineficiente do condutor";"Colisão traseira";"Com Vítimas Feridas";"Pleno dia";"Crescente";"Sol";"Dupla";"Reta";"Não";5;0;0;1;3;1;1;3;-5,7810212;-35,24792455;"SPRF-RN";"DEL02-RN";"UOP01-DEL02-RN"
398196;2021-11-27;"sábado";"09:44:00";"SP";116;229;"SAO PAULO";"Reação tardia ou ineficiente do condutor";"Colisão traseira";"Com Vítimas Feridas";"Pleno dia";"Crescente";"Céu Claro";"Múltipla";"Reta";"Sim";3;0;0;1;2;0;1;3;-23,51291902;-46,57604698;"SPRF-SP";"DEL01-SP";"UOP01-DEL01-SP"
398197;2021-11-27;"sábado";"09:45:00";"SC";101;205,2;"SAO JOSE";"Manobra de mudança de faixa";"Colisão lateral mesmo sentido";"Com Vítimas Feridas";"Pleno dia";"Crescente";"Céu Claro";"Múltipla";"Reta";"Sim";2;0;1;0;1;0;1;2;-27,58313237;-48,61532885;"SPRF-SC";"DEL01-SC";"UOP01-DEL01-SC"
398200;2021-11-27;"sábado";"06:20:00";"MG";40;178;"JOAO PINHEIRO";"Chuva";"Saída de leito carroçável";"Com Vítimas Feridas";"Amanhecer";"Crescente";"Chuva";"Simples";"Reta;Declive";"Não";2;0;2;0;0;0;2;1;-17,9690548;-45,99870802;"SPRF-MG";"DEL14-MG";"UOP02-DEL14-MG"
398201;2021-11-27;"sábado";"09:30:00";"SP";153;107,6;"JOSE BONIFACIO";"Acessar a via sem observar a presença dos outros veículos";"Colisão transversal";"Com Vítimas Feridas";"Pleno dia";"Crescente";"Céu Claro";"Simples";"Interseção de Vias;Rotatória";"Sim";4;0;3;0;1;0;3;2;-21,06388847;-49,66255104;"SPRF-SP";"DEL09-SP";"UOP01-DEL09-SP"
398204;2021-11-27;"sábado";"08:00:00";"MG";40;474,5;"SETE LAGOAS";"Velocidade Incompatível";"Saída de leito carroçável";"Com Vítimas Feridas";"Pleno dia";"Decrescente";"Chuva";"Dupla";"Reta";"Não";1;0;1;0;0;0;1;1;-19,49804878;-44,27929974;"SPRF-MG";"DEL02-MG";"UOP01-DEL02-MG"
398205;2021-11-27;"sábado";"09:30:00";"SP";153;115,1;"JOSE BONIFACIO";"Ingestão de álcool pelo condutor";"Saída de leito carroçável";"Sem Vítimas";"Pleno dia";"Crescente";"Céu Claro";"Simples";"Reta";"Não";1;0;0;0;0;1;0;1;-21,12936492;-49,69487819;"SPRF-SP";"DEL09-SP";"UOP01-DEL09-SP"
398206;2021-11-27;"sábado";"10:10:00";"SC";101;386,6;"ICARA";"Reação tardia ou ineficiente do condutor";"Saída de leito carroçável";"Com Vítimas Feridas";"Pleno dia";"Decrescente";"Nublado";"Dupla";"Reta";"Não";1;0;1;0;0;0;1;1;-28,77675081;-49,31999808;"SPRF-SC";"DEL02-SC";"UOP02-DEL02-SC"
398207;2021-11-27;"sábado";"10:00:00";"SC";101;206,2;"SAO JOSE";"Manobra de mudança de faixa";"Colisão transversal";"Com Vítimas Feridas";"Pleno dia";"Crescente";"Céu Claro";"Múltipla";"Reta";"Sim";2;0;1;0;1;0;1;2;-27,59367178;-48,61901879;"SPRF-SC";"DEL01-SC";"UOP01-DEL01-SC"
398208;2021-11-27;"sábado";"10:40:00";"SP";101;48,4;"UBATUBA";"Transitar na contramão";"Colisão lateral mesmo sentido";"Com Vítimas Feridas";"Pleno dia";"Crescente";"Sol";"Simples";"Reta";"Sim";4;0;2;0;2;0;2;3;-23,43696329;-45,08768768;"SPRF-SP";"DEL06-SP";"UOP01-DEL06-SP"
398209;2021-11-27;"sábado";"08:00:00";"RO";435;83,9;"COLORADO DO OESTE";"Desrespeitar a preferência no cruzamento";"Colisão transversal";"Com Vítimas Feridas";"Pleno dia";"Decrescente";"Céu Claro";"Dupla";"Interseção de Vias";"Sim";2;0;1;1;0;0;2;2;-13,11692454;-60,51411889;"SPRF-RO";"DEL04-RO";"UOP02-DEL04-RO"
398210;2021-11-24;"quarta-feira";"09:20:00";"RJ";40;96;"DUQUE DE CAXIAS";"Manobra de mudança de faixa";"Colisão lateral mesmo sentido";"Com Vítimas Feridas";"Pleno dia";"Decrescente";"Céu Claro";"Dupla";"Curva";"Não";2;0;1;0;1;0;1;2;-22,56876595;-43,27693723;"SPRF-RJ";"DEL01-RJ";"UOP01-DEL01-RJ"
398212;2021-11-27;"sábado";"10:50:00";"DF";70;18,5;"BRASILIA";"Ausência de reação do condutor";"Colisão traseira";"Com Vítimas Feridas";"Pleno dia";"Decrescente";"Céu Claro";"Dupla";"Reta;Declive";"Não";4;0;0;1;2;1;1;3;-15,791093;-48,21096;"SPRF-DF";"DEL03-DF";"UOP02-DEL03-DF"
398215;2021-11-27;"sábado";"09:40:00";"MS";262;668,8;"CORUMBA";"Reação tardia ou ineficiente do condutor";"Capotamento";"Com Vítimas Feridas";"Pleno dia";"Crescente";"Céu Claro";"Simples";"Reta";"Não";5;0;3;0;2;0;3;1;-19,6118867;-57,09985384;"SPRF-MS";"DEL03-MS";"UOP03-DEL03-MS"
398217;2021-11-27;"sábado";"12:00:00";"MG";381;484;"BETIM";"Ausência de reação do condutor";"Colisão lateral mesmo sentido";"Sem Vítimas";"Pleno dia";"Decrescente";"Garoa/Chuvisco";"Múltipla";"Reta";"Sim";2;0;0;0;2;0;0;2;-19,95967495;-44,08655763;"SPRF-MG";"DEL01-MG";"UOP03-DEL01-MG"
398218;2021-11-27;"sábado";"12:10:00";"SC";101;78,5;"ARAQUARI";"Ausência de reação do condutor";"Colisão traseira";"Com Vítimas Feridas";"Pleno dia";"Crescente";"Sol";"Dupla";"Reta";"Não";4;0;2;0;2;0;2;3;-26,57672096;-48,72270551;"SPRF-SC";"DEL03-SC";"UOP02-DEL03-SC"
398220;2021-11-27;"sábado";"09:30:00";"RJ";116;246,3;"PIRAI";"Falta de acostamento";"Atropelamento de Pedestre";"Com Vítimas Feridas";"Pleno dia";"Crescente";"Céu Claro";"Simples";"Reta";"Sim";2;0;1;0;0;1;1;2;-22,61426907;-43,93189964;"SPRF-RJ";"DEL07-RJ";"UOP01-DEL07-RJ"
398222;2021-11-27;"sábado";"12:40:00";"ES";101;126,9;"SOORETAMA";"Transitar no acostamento";"Colisão transversal";"Com Vítimas Feridas";"Pleno dia";"Crescente";"Céu Claro";"Simples";"Interseção de Vias";"Sim";2;0;0;1;1;0;1;2;-19,202898;-40,095524;"SPRF-ES";"DEL04-ES";"UOP01-DEL04-ES"
398224;2021-11-27;"sábado";"12:20:00";"PB";230;391,4;"SAO BENTINHO";"Ingestão de álcool pelo condutor";"Tombamento";"Com Vítimas Feridas";"Pleno dia";"Crescente";"Céu Claro";"Simples";"Reta";"Não";2;0;1;1;0;0;2;1;-6,8904;-37,7258;"SPRF-PB";"DEL03-PB";"UOP02-DEL03-PB"
398225;2021-11-27;"sábado";"11:40:00";"MG";40;616,5;"CONGONHAS";"Transitar na contramão";"Colisão frontal";"Com Vítimas Feridas";"Pleno dia";"Decrescente";"Céu Claro";"Simples";"Curva;Aclive";"Não";3;0;0;3;0;0;3;2;-20,55465173;-43,81426722;"SPRF-MG";"DEL05-MG";"UOP02-DEL05-MG"
398227;2021-11-27;"sábado";"12:20:00";"GO";414;418,6;"ABADIANIA";"Velocidade Incompatível";"Saída de leito carroçável";"Sem Vítimas";"Pleno dia";"Decrescente";"Nublado";"Simples";"Reta";"Não";1;0;0;0;1;0;0;1;-16,11097238;-48,88280482;"SPRF-GO";"DEL02-GO";"UOP01-DEL02-GO"
398228;2021-11-27;"sábado";"11:25:00";"SC";101;262;"PAULO LOPES";"Ausência de reação do condutor";"Colisão com objeto";"Com Vítimas Feridas";"Pleno dia";"Decrescente";"Céu Claro";"Dupla";"Reta";"Não";2;0;1;0;1;0;1;1;-28,0353863;-48,70884453;"SPRF-SC";"DEL02-SC";"UOP03-DEL02-SC"
398229;2021-11-27;"sábado";"13:10:00";"SC";282;51,8;"AGUAS MORNAS";"Velocidade Incompatível";"Tombamento";"Com Vítimas Feridas";"Pleno dia";"Crescente";"Nublado";"Simples";"Curva";"Não";1;0;1;0;0;0;1;1;-27,703712;-48,959267;"SPRF-SC";"DEL01-SC";"UOP03-DEL01-SC"
398230;2021-11-27;"sábado";"13:00:00";"MG";381;485,1;"BETIM";"Ausência de reação do condutor";"Engavetamento";"Com Vítimas Feridas";"Pleno dia";"Decrescente";"Chuva";"Dupla";"Declive";"Sim";5;0;1;0;4;0;1;4;-19,95858583;-44,09156799;"SPRF-MG";"DEL01-MG";"UOP03-DEL01-MG"
398231;2021-11-27;"sábado";"11:15:00";"TO";153;306,7;"PRESIDENTE KENNEDY";"Chuva";"Saída de leito carroçável";"Com Vítimas Feridas";"Pleno dia";"Decrescente";"Chuva";"Simples";"Curva";"Não";3;0;2;0;1;0;2;1;-8,587756;-48,483162;"SPRF-TO";"DEL02-TO";"UOP02-DEL02-TO"
398232;2021-11-27;"sábado";"13:41:00";"MG";381;445;"SABARA";"Velocidade Incompatível";"Colisão traseira";"Com Vítimas Feridas";"Pleno dia";"Crescente";"Chuva";"Simples";"Reta";"Sim";2;0;2;0;0;0;2;1;-19,82543027;-43,83409786;"SPRF-MG";"DEL01-MG";"UOP01-DEL01-MG"
398233;2021-11-27;"sábado";"11:05:00";"MG";262;437,5;"NOVA SERRANA";"Acumulo de areia ou detritos sobre o pavimento";"Tombamento";"Com Vítimas Feridas";"Pleno dia";"Crescente";"Sol";"Dupla";"Retorno Regulamentado";"Sim";1;0;1;0;0;0;1;1;-19,89622194;-44,86972815;"SPRF-MG";"DEL08-MG";"UOP03-DEL08-MG"
398234;2021-11-27;"sábado";"13:30:00";"PR";277;77;"CURITIBA";"Animais na Pista";"Colisão traseira";"Com Vítimas Feridas";"Pleno dia";"Crescente";"Nublado";"Dupla";"Reta";"Não";2;0;1;0;1;0;1;2;-25,48450078;-49,19025421;"SPRF-PR";"DEL01-PR";"UOP01-DEL01-PR"
398235;2021-11-27;"sábado";"13:50:00";"MG";40;769,7;"JUIZ DE FORA";"Pista Escorregadia";"Saída de leito carroçável";"Com Vítimas Feridas";"Pleno dia";"Crescente";"Chuva";"Simples";"Curva";"Não";7;0;3;3;1;0;6;1;-21,58922593;-43,4583538;"SPRF-MG";"DEL05-MG";"UOP01-DEL05-MG"
398236;2021-11-27;"sábado";"13:50:00";"PR";369;148;"LONDRINA";"Retorno proibido";"Colisão transversal";"Com Vítimas Feridas";"Pleno dia";"Decrescente";"Céu Claro";"Dupla";"Interseção de Vias";"Sim";3;0;1;0;0;2;1;3;-23,2930217;-51,1430043;"SPRF-PR";"DEL07-PR";"UOP01-DEL07-PR"
398238;2021-11-27;"sábado";"13:30:00";"RJ";40;119;"DUQUE DE CAXIAS";"Reação tardia ou ineficiente do condutor";"Colisão traseira";"Sem Vítimas";"Pleno dia";"Decrescente";"Céu Claro";"Múltipla";"Reta";"Sim";2;0;0;0;2;0;0;2;-22,76944178;-43,28614539;"SPRF-RJ";"DEL01-RJ";"UOP01-DEL01-RJ"
398239;2021-11-27;"sábado";"14:30:00";"SP";116;207;"GUARULHOS";"Ausência de reação do condutor";"Colisão traseira";"Com Vítimas Feridas";"Pleno dia";"Crescente";"Sol";"Múltipla";"Reta";"Não";7;0;3;0;4;0;3;5;-23,41972188;-46,38419203;"SPRF-SP";"DEL01-SP";"UOP01-DEL01-SP"
398240;2021-11-16;"terça-feira";"14:00:00";"RS";101;23;"TRES CACHOEIRAS";"Ausência de reação do condutor";"Colisão traseira";"Com Vítimas Feridas";"Pleno dia";"Decrescente";"Céu Claro";"Simples";"Reta";"Sim";3;0;1;0;2;0;1;2;-29,44526794;-49,90912604;"SPRF-RS";"DEL03-RS";"UOP02-DEL03-RS"
398242;2021-11-27;"sábado";"14:30:00";"RN";427;99,9;"CAICO";"Reação tardia ou ineficiente do condutor";"Colisão transversal";"Com Vítimas Feridas";"Pleno dia";"Crescente";"Céu Claro";"Simples";"Reta";"Sim";2;0;2;0;0;0;2;2;-6,46039916;-37,10583064;"SPRF-RN";"DEL03-RN";"UOP01-DEL03-RN"
398243;2021-11-27;"sábado";"14:35:00";"PA";163;1001;"SANTAREM";"Ultrapassagem Indevida";"Colisão lateral mesmo sentido";"Com Vítimas Feridas";"Pleno dia";"Crescente";"Céu Claro";"Simples";"Reta";"Sim";4;0;2;0;2;0;2;2;-2,45276365;-54,72920895;"SPRF-PA";"DEL05-PA";"UOP01-DEL05-PA"
398244;2021-11-27;"sábado";"15:20:00";"PR";369;141,9;"IBIPORA";"Reação tardia ou ineficiente do condutor";"Colisão lateral mesmo sentido";"Com Vítimas Feridas";"Pleno dia";"Crescente";"Céu Claro";"Dupla";"Aclive";"Não";3;0;2;0;0;1;2;2;-23,28905;-51,081018;"SPRF-PR";"DEL07-PR";"UOP01-DEL07-PR"
398247;2021-11-27;"sábado";"14:35:00";"RJ";393;238,8;"VASSOURAS";"Acessar a via sem observar a presença dos outros veículos";"Colisão transversal";"Com Vítimas Feridas";"Pleno dia";"Decrescente";"Céu Claro";"Simples";"Interseção de Vias";"Sim";3;0;0;1;2;0;1;3;-22,40095658;-43,66442518;"SPRF-RJ";"DEL05-RJ";"UOP04-DEL05-RJ"
398248;2021-11-27;"sábado";"13:15:00";"MS";262;715;"CORUMBA";"Avarias e/ou desgaste excessivo no pneu";"Saída de leito carroçável";"Com Vítimas Feridas";"Pleno dia";"Crescente";"Chuva";"Simples";"Reta;Ponte";"Não";2;0;2;0;0;0;2;1;-19,4506183;-57,43165138;"SPRF-MS";"DEL03-MS";"UOP03-DEL03-MS"