"id";"data_inversa";"dia_semana";"horario";"uf";"br";"km";"municipio";"causa_acidente";"tipo_acidente";"classificacao_acidente";"fase_dia";"sentido_via";"condicao_metereologica";"tipo_pista";"tracado_via";"uso_solo";"pessoas";"mortos";"feridos_leves";"feridos_graves";"ilesos";"ignorados";"feridos";"veiculos";"latitude";"longitude";"regional";"delegacia";"uop"
398250;2021-11-27;"sábado";"15:30:00";"MA";135;7,5;"SAO LUIS";"Acessar a via sem observar a presença dos outros veículos";"Colisão transversal";"Com Vítimas Feridas";"Pleno dia";"Crescente";"Céu Claro";"Dupla";"Reta";"Sim";2;0;1;0;1;0;1;2;-2,63608835;-44,26848552;"SPRF-MA";"DEL01-MA";"UOP01-DEL01-MA"
398251;2021-11-27;"sábado";"14:00:00";"MT";364;470;"VARZEA GRANDE";"Reação tardia ou ineficiente do condutor";"Colisão lateral sentido oposto";"Sem Vítimas";"Pleno dia";"Crescente";"Céu Claro";"Simples";"Reta";"Não";5;0;0;0;5;0;0;2;-15,46225165;-56,31982579;"SPRF-MT";"DEL01-MT";"UOP02-DEL01-MT"
398252;2021-11-27;"sábado";"15:45:00";"SC";101;149;"ITAPEMA";"Condutor deixou de manter distância do veículo da frente";"Colisão traseira";"Com Vítimas Feridas";"Pleno dia";"Crescente";"Céu Claro";"Simples";"Reta";"Sim";2;0;0;1;1;0;1;2;-27,1089649;-48,61277586;"SPRF-SC";"DEL04-SC";"UOP03-DEL04-SC"
398254;2021-11-27;"sábado";"15:30:00";"MG";40;762,6;"JUIZ DE FORA";"Velocidade Incompatível";"Capotamento";"Sem Vítimas";"Pleno dia";"Crescente";"Chuva";"Simples";"Curva";"Não";1;0;0;0;0;1;0;1;-21,5460179;-43,50917993;"SPRF-MG";"DEL05-MG";"UOP01-DEL05-MG"
398255;2021-11-27;"sábado";"14:30:00";"MT";364;269;"JACIARA";"Retorno proibido";"Colisão transversal";"Com Vítimas Feridas";"Pleno dia";"Crescente";"Nublado";"Simples";"Reta";"Sim";2;0;0;2;0;0;2;2;-15,974228;-54,938;"SPRF-MT";"DEL02-MT";"UOP01-DEL02-MT"
398257;2021-11-27;"sábado";"16:00:00";"RJ";101;314;"SAO GONCALO";"Ausência de reação do condutor";"Colisão traseira";"Com Vítimas Feridas";"Pleno dia";"Decrescente";"Céu Claro";"Dupla";"Reta";"Sim";8;0;1;0;7;0;1;3;-22,81648739;-43,07728467;"SPRF-RJ";"DEL02-RJ";"UOP02-DEL02-RJ"
398258;2021-11-27;"sábado";"15:45:00";"RJ";101;313;"SAO GONCALO";"Condutor deixou de manter distância do veículo da frente";"Colisão traseira";"Com Vítimas Feridas";"Pleno dia";"Decrescente";"Céu Claro";"Dupla";"Reta";"Sim";2;0;1;0;1;0;1;2;-22,81049093;-43,06983304;"SPRF-RJ";"DEL02-RJ";"UOP02-DEL02-RJ"
398259;2021-11-27;"sábado";"16:35:00";"RS";285;213;"LAGOA VERMELHA";"Condutor Dormindo";"Colisão frontal";"Com Vítimas Feridas";"Pleno dia";"Crescente";"Céu Claro";"Simples";"Reta";"Não";3;0;3;0;0;0;3;2;-28,246395;-51,646828;"SPRF-RS";"DEL08-RS";"UOP05-DEL08-RS"
398260;2021-11-27;"sábado";"16:30:00";"GO";40;98;"CRISTALINA";"Acessar a via sem observar a presença dos outros veículos";"Colisão transversal";"Com Vítimas Feridas";"Pleno dia";"Crescente";"Chuva";"Simples";"Reta;Declive";"Sim";3;0;0;1;2;0;1;2;-16,76882657;-47,59224772;"SPRF-DF";"DEL01-DF";"UOP02-DEL01-DF"
398261;2021-11-27;"sábado";"16:30:00";"PB";230;163,9;"CAMPINA GRANDE";"Acessar a via sem observar a presença dos outros veículos";"Colisão transversal";"Com Vítimas Feridas";"Pleno dia";"Crescente";"Sol";"Simples";"Aclive;Curva";"Sim";3;0;2;0;1;0;2;2;-7,211331;-35,936658;"SPRF-PB";"DEL02-PB";"UOP01-DEL02-PB"
398263;2021-11-27;"sábado";"16:30:00";"PR";277;78,2;"CURITIBA";"Condutor deixou de manter distância do veículo da frente";"Colisão traseira";"Com Vítimas Feridas";"Pleno dia";"Crescente";"Céu Claro";"Dupla";"Reta";"Sim";3;0;0;1;2;0;1;3;-25,48139974;-49,19552207;"SPRF-PR";"DEL01-PR";"UOP01-DEL01-PR"
398264;2021-11-27;"sábado";"16:55:00";"RS";386;234,2;"SOLEDADE";"Acessar a via sem observar a presença dos outros veículos";"Colisão transversal";"Com Vítimas Feridas";"Pleno dia";"Decrescente";"Nublado";"Simples";"Reta";"Não";3;0;2;0;1;0;2;2;-28,722898;-52,560581;"SPRF-RS";"DEL04-RS";"UOP03-DEL04-RS"
398265;2021-11-27;"sábado";"17:00:00";"SC";280;25;"ARAQUARI";"Acessar a via sem observar a presença dos outros veículos";"Colisão transversal";"Com Vítimas Feridas";"Pleno dia";"Crescente";"Céu Claro";"Simples";"Reta";"Sim";4;0;0;2;2;0;2;3;-26,38352781;-48,72677516;"SPRF-SC";"DEL03-SC";"UOP03-DEL03-SC"
398268;2021-11-27;"sábado";"15:29:00";"AC";364;140;"RIO BRANCO";"Desrespeitar a preferência no cruzamento";"Colisão transversal";"Com Vítimas Feridas";"Pleno dia";"Decrescente";"Céu Claro";"Simples";"Rotatória";"Sim";2;0;0;1;1;0;1;2;-9,94779814;-67,86813111;"SPRF-AC";"DEL01-AC";"UOP01-DEL01-AC"
398269;2021-11-27;"sábado";"17:15:00";"RN";226;409,8;"PAU DOS FERROS";"Ausência de reação do condutor";"Saída de leito carroçável";"Com Vítimas Fatais";"Plena Noite";"Decrescente";"Céu Claro";"Simples";"Curva";"Não";1;1;0;0;0;0;0;1;-6,08730107;-38,20358276;"SPRF-RN";"DEL04-RN";"UOP02-DEL04-RN"
398271;2021-11-27;"sábado";"17:40:00";"GO";70;6;"AGUAS LINDAS DE GOIAS";"Acesso irregular";"Colisão transversal";"Com Vítimas Feridas";"Anoitecer";"Decrescente";"Céu Claro";"Múltipla";"Reta";"Sim";2;0;1;0;0;1;1;2;-15,75049381;-48,2612381;"SPRF-DF";"DEL03-DF";"UOP02-DEL03-DF"
398272;2021-11-27;"sábado";"18:00:00";"ES";101;269,5;"SERRA";"Ausência de reação do condutor";"Colisão transversal";"Com Vítimas Feridas";"Pleno dia";"Decrescente";"Céu Claro";"Múltipla";"Reta";"Sim";2;0;1;0;1;0;1;2;-20,21740496;-40,26990578;"SPRF-ES";"DEL02-ES";"UOP01-DEL02-ES"
398276;2021-11-27;"sábado";"15:40:00";"MG";40;817,4;"SIMAO PEREIRA";"Chuva";"Saída de leito carroçável";"Com Vítimas Feridas";"Pleno dia";"Decrescente";"Granizo";"Dupla";"Reta";"Não";4;0;1;0;3;0;1;1;-21,91490209;-43,32070083;"SPRF-MG";"DEL05-MG";"UOP01-DEL05-MG"
398277;2021-11-27;"sábado";"18:30:00";"PR";277;591;"CASCAVEL";"Desrespeitar a preferência no cruzamento";"Colisão transversal";"Com Vítimas Feridas";"Pleno dia";"Crescente";"Céu Claro";"Simples";"Interseção de Vias";"Sim";3;0;1;0;2;0;1;2;-24,98419777;-53,46419027;"SPRF-PR";"DEL04-PR";"UOP01-DEL04-PR"
398278;2021-11-27;"sábado";"17:40:00";"MS";163;18;"MUNDO NOVO";"Acessar a via sem observar a presença dos outros veículos";"Colisão transversal";"Com Vítimas Feridas";"Pleno dia";"Crescente";"Céu Claro";"Simples";"Reta";"Sim";2;0;1;0;1;0;1;2;-23,94186304;-54,28068144;"SPRF-MS";"DEL09-MS";"UOP02-DEL09-MS"
398281;2021-11-27;"sábado";"17:30:00";"RO";435;119,5;"CEREJEIRAS";"Ingestão de álcool pelo condutor";"Colisão frontal";"Com Vítimas Feridas";"Plena Noite";"Crescente";"Nublado";"Simples";"Reta";"Não";3;0;1;0;2;0;1;2;-13,18624309;-60,77446401;"SPRF-RO";"DEL04-RO";"UOP02-DEL04-RO"
398282;2021-11-27;"sábado";"18:45:00";"BA";116;391,9;"SANTA BARBARA";"Acessar a via sem observar a presença dos outros veículos";"Atropelamento de Pedestre";"Com Vítimas Feridas";"Plena Noite";"Crescente";"Céu Claro";"Dupla";"Reta";"Sim";2;0;0;1;1;0;1;2;-11,94784298;-38,9775739;"SPRF-BA";"DEL02-BA";"UOP01-DEL02-BA"
398283;2021-11-27;"sábado";"18:50:00";"ES";262;104;"VENDA NOVA DO IMIGRANTE";"Condutor deixou de manter distância do veículo da frente";"Colisão traseira";"Sem Vítimas";"Plena Noite";"Decrescente";"Céu Claro";"Dupla";"Rotatória";"Sim";2;0;0;0;2;0;0;2;-20,33302593;-41,12931881;"SPRF-ES";"DEL01-ES";"UOP02-DEL01-ES"
398284;2021-10-28;"quinta-feira";"18:15:00";"RJ";101;505,5;"ANGRA DOS REIS";"Velocidade Incompatível";"Colisão transversal";"Com Vítimas Feridas";"Pleno dia";"Crescente";"Nublado";"Simples";"Curva";"Sim";3;0;1;0;1;1;1;3;-22,936884;-44,397272;"SPRF-RJ";"DEL03-RJ";"UOP02-DEL03-RJ"
398285;2021-11-27;"sábado";"16:30:00";"SC";470;117;"IBIRAMA";"Conversão proibida";"Colisão traseira";"Com Vítimas Feridas";"Pleno dia";"Decrescente";"Céu Claro";"Simples";"Ponte";"Não";3;0;2;0;1;0;2;2;-27,081692;-49,502277;"SPRF-SC";"DEL04-SC";"UOP02-DEL04-SC"
398286;2021-11-27;"sábado";"17:28:00";"SC";470;122;"IBIRAMA";"Mal súbito do condutor";"Eventos atípicos";"Com Vítimas Feridas";"Pleno dia";"Crescente";"Céu Claro";"Simples";"Declive";"Não";1;0;1;0;0;0;1;1;-27,099888;-49,527679;"SPRF-SC";"DEL04-SC";"UOP02-DEL04-SC"
398289;2021-11-27;"sábado";"16:45:00";"MG";262;488,6;"BOM DESPACHO";"Ingestão de álcool pelo condutor";"Saída de leito carroçável";"Com Vítimas Feridas";"Pleno dia";"Crescente";"Sol";"Simples";"Reta";"Não";2;0;1;0;1;0;1;1;-19,78442409;-45,32295201;"SPRF-MG";"DEL08-MG";"UOP03-DEL08-MG"
398290;2021-11-27;"sábado";"19:10:00";"SC";101;431;"SOMBRIO";"Animais na Pista";"Atropelamento de Animal";"Com Vítimas Feridas";"Anoitecer";"Decrescente";"Nublado";"Simples";"Reta;Interseção de Vias";"Sim";1;0;1;0;0;0;1;1;-29,064526;-49,62464101;"SPRF-SC";"DEL02-SC";"UOP02-DEL02-SC"
398291;2021-11-27;"sábado";"20:00:00";"AP";210;1;"MACAPA";"Ingestão de álcool pelo condutor";"Colisão traseira";"Sem Vítimas";"Plena Noite";"Crescente";"Ignorado";"Dupla";"Reta";"Sim";3;0;0;0;3;0;0;3;0,1073564;-51,1265424;"SPRF-AP";"DEL01-AP";"UOP01-DEL01-AP"
398292;2021-11-27;"sábado";"20:00:00";"RS";116;486;"TURUCU";"Acessar a via sem observar a presença dos outros veículos";"Colisão transversal";"Sem Vítimas";"Plena Noite";"Decrescente";"Nublado";"Simples";"Reta";"Sim";2;0;0;0;2;0;0;2;-31,43719298;-52,19160503;"SPRF-RS";"DEL07-RS";"UOP01-DEL07-RS"
398294;2021-11-27;"sábado";"19:40:00";"BA";324;543;"AMELIA RODRIGUES";"Velocidade Incompatível";"Saída de leito carroçável";"Com Vítimas Feridas";"Plena Noite";"Crescente";"Chuva";"Dupla";"Rotatória";"Sim";2;0;1;0;0;1;1;1;-12,39713005;-38,76807002;"SPRF-BA";"DEL01-BA";"UOP03-DEL01-BA"
398295;2021-10-14;"quinta-feira";"15:50:00";"RO";364;344;"JI-PARANA";"Reação tardia ou ineficiente do condutor";"Colisão transversal";"Com Vítimas Feridas";"Pleno dia";"Crescente";"Céu Claro";"Dupla";"Reta";"Sim";2;0;1;0;1;0;1;2;-10,87410292;-61,95203673;"SPRF-RO";"DEL02-RO";"UOP01-DEL02-RO"
398298;2021-11-27;"sábado";"20:00:00";"GO";251;32;"CRISTALINA";"Ingestão de álcool pelo condutor";"Colisão traseira";"Com Vítimas Feridas";"Plena Noite";"Crescente";"Nublado";"Simples";"Reta";"Sim";2;0;0;1;1;0;1;2;-16,06677565;-47,53166968;"SPRF-DF";"DEL01-DF";"UOP01-DEL01-DF"
398299;2021-11-27;"sábado";"20:30:00";"RN";101;83;"NATAL";"Manobra de mudança de faixa";"Colisão lateral mesmo sentido";"Com Vítimas Feridas";"Plena Noite";"Crescente";"Céu Claro";"Múltipla";"Reta";"Sim";3;0;2;0;1;0;2;2;-5,7710445;-35,26616981;"SPRF-RN";"DEL02-RN";"UOP01-DEL02-RN"
398300;2021-11-27;"sábado";"20:34:00";"PR";277;723;"FOZ DO IGUACU";"Desrespeitar a preferência no cruzamento";"Colisão transversal";"Com Vítimas Feridas";"Plena Noite";"Crescente";"Céu Claro";"Dupla";"Interseção de Vias";"Sim";2;0;1;0;1;0;1;2;-25,49878215;-54,52985294;"SPRF-PR";"DEL05-PR";"UOP03-DEL05-PR"
398301;2021-11-27;"sábado";"19:30:00";"MG";381;928;"ITAPEVA";"Entrada inopinada do pedestre";"Atropelamento de Pedestre";"Com Vítimas Feridas";"Plena Noite";"Crescente";"Céu Claro";"Dupla";"Reta";"Sim";2;0;1;0;1;0;1;2;-22,79564412;-46,25379582;"SPRF-MG";"DEL16-MG";"UOP03-DEL16-MG"
398302;2021-11-27;"sábado";"20:40:00";"RS";386;267;"FONTOURA XAVIER";"Reação tardia ou ineficiente do condutor";"Saída de leito carroçável";"Com Vítimas Feridas";"Plena Noite";"Crescente";"Céu Claro";"Simples";"Aclive;Reta";"Não";1;0;1;0;0;0;1;1;-28,946054;-52,375538;"SPRF-RS";"DEL04-RS";"UOP03-DEL04-RS"
398303;2021-11-27;"sábado";"19:30:00";"PI";316;310,8;"PICOS";"Condutor deixou de manter distância do veículo da frente";"Colisão traseira";"Sem Vítimas";"Plena Noite";"Decrescente";"Céu Claro";"Simples";"Reta";"Sim";3;0;0;0;3;0;0;2;-7,07639186;-41,47475001;"SPRF-PI";"DEL04-PI";"UOP01-DEL04-PI"
398304;2021-11-27;"sábado";"20:30:00";"PR";369;18;"CAMBARA";"Velocidade Incompatível";"Colisão traseira";"Com Vítimas Feridas";"Plena Noite";"Crescente";"Céu Claro";"Simples";"Reta";"Não";2;0;0;1;0;1;1;2;-23,03660052;-50,06896734;"SPRF-PR";"DEL07-PR";"UOP01-DEL07-PR"
398305;2021-11-27;"sábado";"18:10:00";"MA";316;242,5;"BOM JARDIM";"Animais na Pista";"Atropelamento de Animal";"Com Vítimas Feridas";"Anoitecer";"Crescente";"Ignorado";"Simples";"Reta";"Sim";1;0;0;1;0;0;1;1;-3,607697;-45,531258;"SPRF-MA";"DEL02-MA";"UOP01-DEL02-MA"
398306;2021-11-27;"sábado";"20:50:00";"RS";470;228,9;"GARIBALDI";"Acessar a via sem observar a presença dos outros veículos";"Colisão transversal";"Com Vítimas Feridas";"Plena Noite";"Decrescente";"Garoa/Chuvisco";"Dupla";"Retorno Regulamentado";"Não";4;0;1;0;3;0;1;2;-29,26865547;-51,49921775;"SPRF-RS";"DEL06-RS";"UOP01-DEL06-RS"
398307;2021-11-27;"sábado";"20:10:00";"SC";470;275;"BRUNOPOLIS";"Reação tardia ou ineficiente do condutor";"Saída de leito carroçável";"Com Vítimas Feridas";"Plena Noite";"Decrescente";"Céu Claro";"Simples";"Curva";"Não";1;0;1;0;0;0;1;1;-27,329201;-50,813515;"SPRF-SC";"DEL07-SC";"UOP06-DEL07-SC"
398310;2021-11-27;"sábado";"20:20:00";"PR";277;594,3;"CASCAVEL";"Velocidade Incompatível";"Colisão traseira";"Com Vítimas Feridas";"Plena Noite";"Crescente";"Ignorado";"Simples";"Reta";"Sim";4;0;3;0;1;0;3;3;-24,9794792;-53,49232599;"SPRF-PR";"DEL04-PR";"UOP01-DEL04-PR"
398312;2021-11-27;"sábado";"19:00:00";"PR";277;101,5;"CAMPO LARGO";"Velocidade Incompatível";"Colisão com objeto";"Sem Vítimas";"Anoitecer";"Crescente";"Céu Claro";"Dupla";"Reta";"Sim";1;0;0;0;0;1;0;1;-25,51408786;-49,33726669;"SPRF-PR";"DEL01-PR";"UOP01-DEL01-PR"
398313;2021-11-27;"sábado";"21:05:00";"PR";277;663,5;"MEDIANEIRA";"Reação tardia ou ineficiente do condutor";"Saída de leito carroçável";"Com Vítimas Feridas";"Plena Noite";"Crescente";"Vento";"Dupla";"Reta;Declive";"Não";2;0;1;0;0;1;1;2;-25,25155419;-54,01878197;"SPRF-PR";"DEL05-PR";"UOP02-DEL05-PR"
398314;2021-11-27;"sábado";"12:45:00";"PI";316;238,5;"INHUMA";"Reação tardia ou ineficiente do condutor";"Saída de leito carroçável";"Com Vítimas Feridas";"Pleno dia";"Crescente";"Nublado";"Simples";"Reta";"Não";1;0;1;0;0;0;1;1;-6,63414305;-41,72109548;"SPRF-PI";"DEL04-PI";"UOP02-DEL04-PI"
398315;2021-11-27;"sábado";"20:00:00";"ES";101;142,1;"LINHARES";"Manobra de mudança de faixa";"Queda de ocupante de veículo";"Com Vítimas Feridas";"Plena Noite";"Crescente";"Céu Claro";"Dupla";"Reta";"Sim";3;0;1;0;0;2;1;3;-19,33458987;-40,06755477;"SPRF-ES";"DEL04-ES";"UOP01-DEL04-ES"
398316;2021-11-27;"sábado";"20:10:00";"SC";101;357;"SANGAO";"Reação tardia ou ineficiente do condutor";"Saída de leito carroçável";"Com Vítimas Feridas";"Plena Noite";"Crescente";"Nublado";"Múltipla";"Interseção de Vias";"Sim";1;0;1;0;0;0;1;1;-28,635168;-49,09467;"SPRF-SC";"DEL02-SC";"UOP01-DEL02-SC"
398317;2021-11-27;"sábado";"19:30:00";"RO";364;340;"JI-PARANA";"Condutor deixou de manter distância do veículo da frente";"Colisão traseira";"Sem Vítimas";"Plena Noite";"Decrescente";"Céu Claro";"Simples";"Reta";"Sim";2;0;0;0;1;1;0;2;-10,898802;-61,93046;"SPRF-RO";"DEL02-RO";"UOP01-DEL02-RO"
398318;2021-11-27;"sábado";"19:40:00";"SC";282;576;"PINHALZINHO";"Frear bruscamente";"Saída de leito carroçável";"Com Vítimas Feridas";"Plena Noite";"Decrescente";"Céu Claro";"Simples";"Reta";"Sim";1;0;1;0;0;0;1;1;-26,856054;-52,98011;"SPRF-SC";"DEL07-SC";"UOP02-DEL07-SC"
398319;2021-11-27;"sábado";"19:30:00";"GO";158;269;"JATAI";"Ingestão de álcool pelo condutor";"Saída de leito carroçável";"Sem Vítimas";"Plena Noite";"Crescente";"Céu Claro";"Dupla";"Reta";"Sim";1;0;0;0;1;0;0;1;-17,85473041;-51,73125121;"SPRF-GO";"DEL05-GO";"UOP01-DEL05-GO"
398320;2021-11-27;"sábado";"22:00:00";"RJ";116;170,8;"SAO JOAO DE MERITI";"Mal súbito do condutor";"Colisão traseira";"Com Vítimas Feridas";"Plena Noite";"Crescente";"Céu Claro";"Dupla";"Reta";"Sim";2;0;0;1;1;0;1;2;-22,81113183;-43,3336729;"SPRF-RJ";"DEL01-RJ";"UOP02-DEL01-RJ"
398321;2021-11-27;"sábado";"20:20:00";"RJ";101;405;"ITAGUAI";"Ausência de reação do condutor";"Colisão traseira";"Com Vítimas Feridas";"Plena Noite";"Decrescente";"Céu Claro";"Dupla";"Reta";"Não";3;0;1;0;2;0;1;2;-22,867606;-43,802743;"SPRF-RJ";"DEL03-RJ";"UOP01-DEL03-RJ"
398324;2021-11-27;"sábado";"19:00:00";"MT";364;360;"SANTO ANTONIO DO LEVERGER";"Ingestão de álcool pelo condutor";"Saída de leito carroçável";"Sem Vítimas";"Plena Noite";"Decrescente";"Céu Claro";"Dupla";"Curva";"Não";1;0;0;0;1;0;0;1;-15,79699217;-55,59251547;"SPRF-MT";"DEL01-MT";"UOP02-DEL01-MT"
398325;2021-11-27;"sábado";"21:30:00";"SC";101;132;"BALNEARIO CAMBORIU";"Manobra de mudança de faixa";"Colisão transversal";"Com Vítimas Feridas";"Plena Noite";"Crescente";"Chuva";"Múltipla";"Curva";"Não";2;0;0;1;1;0;1;2;-26,99654133;-48,65564711;"SPRF-SC";"DEL04-SC";"UOP03-DEL04-SC"
398326;2021-11-27;"sábado";"21:10:00";"RJ";116;265;"BARRA MANSA";"Entrada inopinada do pedestre";"Atropelamento de Pedestre";"Com Vítimas Feridas";"Plena Noite";"Decrescente";"Nublado";"Dupla";"Curva";"Sim";2;0;1;0;1;0;1;2;-22,55901309;-44,12435532;"SPRF-RJ";"DEL07-RJ";"UOP02-DEL07-RJ"
398327;2021-11-27;"sábado";"22:45:00";"GO";70;313;"JUSSARA";"Reação tardia ou ineficiente do condutor";"Colisão transversal";"Com Vítimas Feridas";"Plena Noite";"Decrescente";"Chuva";"Dupla";"Interseção de Vias";"Sim";3;0;1;0;1;1;1;2;-15,89001766;-50,85571289;"SPRF-GO";"DEL04-GO";"UOP01-DEL04-GO"
398330;2021-11-27;"sábado";"22:30:00";"SC";101;339,1;"TUBARAO";"Ingestão de álcool pelo condutor";"Colisão com objeto";"Sem Vítimas";"Plena Noite";"Crescente";"Céu Claro";"Dupla";"Viaduto";"Não";1;0;0;0;1;0;0;1;-28,49351117;-49,04178985;"SPRF-SC";"DEL02-SC";"UOP01-DEL02-SC"
398331;2021-11-27;"sábado";"22:30:00";"PR";116;129;"FAZENDA RIO GRANDE";"Reação tardia ou ineficiente do condutor";"Queda de ocupante de veículo";"Com Vítimas Feridas";"Plena Noite";"Crescente";"Céu Claro";"Dupla";"Declive";"Não";1;0;0;1;0;0;1;1;-25,63027814;-49,31381255;"SPRF-PR";"DEL01-PR";"UOP03-DEL01-PR"
398334;2021-11-27;"sábado";"21:00:00";"AC";364;123;"RIO BRANCO";"Ingestão de álcool pelo condutor";"Colisão traseira";"Com Vítimas Feridas";"Plena Noite";"Decrescente";"Garoa/Chuvisco";"Dupla";"Reta";"Sim";3;0;1;0;2;0;1;2;-10,0117071;-67,782373;"SPRF-AC";"DEL01-AC";"UOP01-DEL01-AC"
398335;2021-11-27;"sábado";"20:50:00";"RN";304;35;"MOSSORO";"Ausência de reação do condutor";"Queda de ocupante de veículo";"Com Vítimas Feridas";"Plena Noite";"Crescente";"Céu Claro";"Dupla";"Aclive";"Sim";1;0;0;1;0;0;1;1;-5,16149497;-37,35068212;"SPRF-RN";"DEL04-RN";"UOP02-DEL04-RN"
398336;2021-11-27;"sábado";"21:40:00";"CE";402;252;"ITAPIPOCA";"Condutor deixou de manter distância do veículo da frente";"Queda de ocupante de veículo";"Com Vítimas Fatais";"Plena Noite";"Crescente";"Céu Claro";"Simples";"Reta";"Não";2;1;0;0;0;1;0;2;-3,45890289;-39,66435294;"SPRF-CE";"DEL01-CE";"UOP03-DEL01-CE"
398337;2021-11-27;"sábado";"23:25:00";"RJ";101;496;"ANGRA DOS REIS";"Deficiência do Sistema de Iluminação/Sinalização";"Colisão traseira";"Com Vítimas Feridas";"Plena Noite";"Crescente";"Nublado";"Simples";"Reta";"Não";2;0;1;0;0;1;1;2;-22,92380194;-44,32287703;"SPRF-RJ";"DEL03-RJ";"UOP03-DEL03-RJ"
398338;2021-11-27;"sábado";"23:04:00";"MG";50;72;"UBERLANDIA";"Ausência de reação do condutor";"Queda de ocupante de veículo";"Com Vítimas Feridas";"Plena Noite";"Crescente";"Céu Claro";"Dupla";"Declive";"Sim";1;0;1;0;0;0;1;1;-18,901043;-48,239017;"SPRF-MG";"DEL15-MG";"UOP01-DEL15-MG"
398339;2021-11-27;"sábado";"23:00:00";"PR";277;77;"CURITIBA";"Demais falhas mecânicas ou elétricas";"Tombamento";"Com Vítimas Feridas";"Plena Noite";"Decrescente";"Nublado";"Dupla";"Reta";"Não";2;0;2;0;0;0;2;1;-25,48450078;-49,18922424;"SPRF-PR";"DEL01-PR";"UOP01-DEL01-PR"
398340;2021-11-27;"sábado";"23:00:00";"PB";101;81,3;"BAYEUX";"Ausência de reação do condutor";"Saída de leito carroçável";"Com Vítimas Fatais";"Plena Noite";"Decrescente";"Céu Claro";"Dupla";"Reta";"Sim";1;1;0;0;0;0;0;1;-7,126213;-34,942379;"SPRF-PB";"DEL01-PB";"UOP01-DEL01-PB"
398341;2021-11-27;"sábado";"22:00:00";"MT";163;839;"SINOP";"Reação tardia ou ineficiente do condutor";"Tombamento";"Com Vítimas Feridas";"Plena Noite";"Crescente";"Céu Claro";"Simples";"Reta";"Sim";1;0;1;0;0;0;1;1;-11,951051;-55,516876;"SPRF-MT";"DEL06-MT";"NPF/DEL06-MT"
398342;2021-11-27;"sábado";"23:30:00";"PR";277;99;"CURITIBA";"Velocidade Incompatível";"Saída de leito carroçável";"Com Vítimas Feridas";"Plena Noite";"Decrescente";"Céu Claro";"Dupla";"Reta";"Sim";1;0;0;1;0;0;1;1;-25,53375211;-49,31824405;"SPRF-PR";"DEL01-PR";"UOP01-DEL01-PR"
398343;2021-11-27;"sábado";"23:20:00";"SC";101;214;"PALHOCA";"Ingestão de álcool pelo condutor";"Colisão lateral mesmo sentido";"Com Vítimas Feridas";"Plena Noite";"Crescente";"Céu Claro";"Simples";"Reta";"Sim";1;0;1;0;0;0;1;1;-27,64443;-48,67057;"SPRF-SC";"DEL01-SC";"UOP02-DEL01-SC"
398344;2021-11-28;"domingo";"00:05:00";"PR";277;116;"CAMPO LARGO";"Reação tardia ou ineficiente do condutor";"Queda de ocupante de veículo";"Com Vítimas Feridas";"Plena Noite";"Decrescente";"Céu Claro";"Dupla";"Reta";"Sim";1;0;1;0;0;0;1;1;-25,450685;-49,523117;"SPRF-PR";"DEL01-PR";"UOP03-DEL03-PR"
398345;2021-11-27;"sábado";"23:40:00";"SC";101;117,6;"ITAJAI";"Ausência de reação do condutor";"Colisão traseira";"Com Vítimas Feridas";"Plena Noite";"Crescente";"Nublado";"Múltipla";"Reta";"Sim";2;0;0;1;1;0;1;2;-26,88747187;-48,72252969;"SPRF-SC";"DEL04-SC";"UOP04-DEL04-SC"
398346;2021-11-27;"sábado";"23:30:00";"RJ";356;82;"ITALVA";"Ausência de reação do condutor";"Queda de ocupante de veículo";"Com Vítimas Feridas";"Plena Noite";"Crescente";"Céu Claro";"Simples";"Curva";"Não";1;0;1;0;0;0;1;1;-21,47159367;-41,67334666;"SPRF-RJ";"DEL08-RJ";"UOP03-DEL08-RJ"
398347;2021-11-27;"sábado";"18:35:00";"GO";80;164;"SANTA RITA DO NOVO DESTINO";"Velocidade Incompatível";"Saída de leito carroçável";"Com Vítimas Feridas";"Anoitecer";"Crescente";"Céu Claro";"Simples";"Reta";"Não";5;0;1;3;1;0;4;1;-14,74633114;-49,0694046;"SPRF-GO";"DEL07-GO";"UOP01-DEL07-GO"
398352;2021-11-27;"sábado";"23:45:00";"PR";376;176;"MARINGA";"Condutor desrespeitou a iluminação vermelha do semáforo";"Colisão transversal";"Com Vítimas Feridas";"Plena Noite";"Crescente";"Céu Claro";"Múltipla";"Interseção de Vias";"Sim";2;0;2;0;0;0;2;2;-23,41269173;-51,93158327;"SPRF-PR";"DEL09-PR";"UOP01-DEL09-PR"
398353;2021-11-28;"domingo";"00:00:00";"PR";277;173,5;"PALMEIRA";"Velocidade Incompatível";"Queda de ocupante de veículo";"Com Vítimas Feridas";"Plena Noite";"Crescente";"Céu Claro";"Simples";"Reta";"Não";1;0;0;1;0;0;1;1;-25,43987872;-49,97389289;"SPRF-PR";"DEL03-PR";"UOP03-DEL03-PR"
398354;2021-11-27;"sábado";"23:45:00";"PR";277;649;"MATELANDIA";"Ingestão de álcool pelo condutor";"Colisão traseira";"Sem Vítimas";"Plena Noite";"Crescente";"Céu Claro";"Simples";"Curva";"Não";3;0;0;0;3;0;0;3;-25,18405201;-53,93053899;"SPRF-PR";"DEL05-PR";"UOP02-DEL05-PR"