"id";"data_inversa";"dia_semana";"horario";"uf";"br";"km";"municipio";"causa_acidente";"tipo_acidente";"classificacao_acidente";"fase_dia";"sentido_via";"condicao_metereologica";"tipo_pista";"tracado_via";"uso_solo";"pessoas";"mortos";"feridos_leves";"feridos_graves";"ilesos";"ignorados";"feridos";"veiculos";"latitude";"longitude";"regional";"delegacia";"uop"
398355;2021-11-28;"domingo";"01:10:00";"PR";116;8,1;"QUATRO BARRAS";"Ingestão de álcool pelo condutor";"Colisão traseira";"Com Vítimas Feridas";"Plena Noite";"Decrescente";"Céu Claro";"Dupla";"Reta";"Sim";2;0;0;1;1;0;1;2;-25,3697;-49,1158;"SPRF-PR";"DEL01-PR";"UOP02-DEL01-PR"
398357;2021-11-27;"sábado";"18:40:00";"PE";428;143,2;"PETROLINA";"Ausência de reação do condutor";"Tombamento";"Com Vítimas Fatais";"Plena Noite";"Decrescente";"Ignorado";"Simples";"Reta";"Não";1;1;0;0;0;0;0;1;-9,01587908;-40,27936587;"SPRF-PE";"DEL06-PE";"UOP01-DEL06-PE"
398359;2021-11-27;"sábado";"22:30:00";"RJ";116;183;"NOVA IGUACU";"Condutor Dormindo";"Colisão com objeto";"Com Vítimas Feridas";"Plena Noite";"Crescente";"Nublado";"Dupla";"Reta";"Sim";1;0;1;0;0;0;1;1;-22,7516014;-43,43849831;"SPRF-RJ";"DEL01-RJ";"UOP02-DEL01-RJ"
398361;2021-11-28;"domingo";"02:00:00";"GO";153;432,6;"ANAPOLIS";"Velocidade Incompatível";"Colisão com objeto";"Com Vítimas Feridas";"Plena Noite";"Crescente";"Nublado";"Dupla";"Reta";"Sim";1;0;1;0;0;0;1;1;-16,27700976;-48,96587318;"SPRF-GO";"DEL02-GO";"UOP01-DEL02-GO"
398362;2021-11-28;"domingo";"01:40:00";"MG";381;6;"BETIM";"Condutor Dormindo";"Colisão com objeto";"Sem Vítimas";"Amanhecer";"Decrescente";"Céu Claro";"Dupla";"Reta";"Não";2;0;0;0;1;1;0;1;-19,96825;-44,198708;"SPRF-MG";"DEL01-MG";"UOP03-DEL01-MG"
398363;2021-11-28;"domingo";"01:45:00";"RS";116;397,5;"CAMAQUA";"Acessar a via sem observar a presença dos outros veículos";"Colisão lateral mesmo sentido";"Com Vítimas Feridas";"Plena Noite";"Decrescente";"Garoa/Chuvisco";"Simples";"Reta";"Sim";2;0;1;0;1;0;1;2;-30,85668978;-51,7840381;"SPRF-RS";"DEL02-RS";"UOP02-DEL02-RS"
398364;2021-11-28;"domingo";"02:00:00";"PR";476;138;"CURITIBA";"Velocidade Incompatível";"Colisão com objeto";"Com Vítimas Feridas";"Plena Noite";"Decrescente";"Céu Claro";"Múltipla";"Reta";"Sim";2;0;2;0;0;0;2;1;-25,505564;-49,283417;"SPRF-PR";"DEL01-PR";"UOP03-DEL01-PR"
398366;2021-11-28;"domingo";"02:20:00";"SC";101;203;"SAO JOSE";"Ingestão de álcool pelo condutor";"Colisão lateral mesmo sentido";"Com Vítimas Feridas";"Plena Noite";"Decrescente";"Céu Claro";"Simples";"Reta";"Sim";2;0;1;0;1;0;1;2;-27,5650044;-48,61460082;"SPRF-SC";"DEL01-SC";"UOP01-DEL01-SC"
398367;2021-11-28;"domingo";"03:30:00";"SP";116;194;"SANTA ISABEL";"Ingestão de álcool pelo condutor";"Capotamento";"Com Vítimas Feridas";"Plena Noite";"Decrescente";"Nublado";"Dupla";"Reta";"Não";2;0;1;0;1;0;1;1;-23,38497189;-46,26686105;"SPRF-SP";"DEL01-SP";"UOP01-DEL01-SP"
398368;2021-11-28;"domingo";"00:45:00";"SC";470;92;"APIUNA";"Transitar na contramão";"Colisão lateral sentido oposto";"Sem Vítimas";"Plena Noite";"Decrescente";"Nublado";"Simples";"Reta";"Não";2;0;0;0;2;0;0;2;-26,98592;-49,373047;"SPRF-SC";"DEL04-SC";"UOP01-DEL04-SC"
398369;2021-11-28;"domingo";"02:45:00";"PR";476;121;"CURITIBA";"Ingestão de álcool pelo condutor";"Colisão traseira";"Sem Vítimas";"Pleno dia";"Decrescente";"Nublado";"Dupla";"Reta";"Sim";2;0;0;0;2;0;0;2;-25,379221;-49,197685;"SPRF-PR";"DEL01-PR";"UOP02-DEL01-PR"
398370;2021-11-28;"domingo";"02:35:00";"PE";423;94,4;"GARANHUNS";"Reação tardia ou ineficiente do condutor";"Queda de ocupante de veículo";"Com Vítimas Feridas";"Plena Noite";"Crescente";"Céu Claro";"Simples";"Curva";"Sim";1;0;1;0;0;0;1;1;-8,874732;-36,46946;"SPRF-PE";"DEL03-PE";"UOP01-DEL03-PE"
398371;2021-11-28;"domingo";"00:15:00";"RJ";101;531;"ANGRA DOS REIS";"Condutor Dormindo";"Colisão frontal";"Com Vítimas Fatais";"Plena Noite";"Decrescente";"Nublado";"Simples";"Curva";"Não";2;1;0;0;1;0;0;2;-23,02147898;-44,52344494;"SPRF-RJ";"DEL03-RJ";"UOP02-DEL03-RJ"
398372;2021-11-28;"domingo";"03:33:00";"SP";381;37;"ATIBAIA";"Reação tardia ou ineficiente do condutor";"Colisão traseira";"Com Vítimas Feridas";"Plena Noite";"Decrescente";"Céu Claro";"Dupla";"Reta";"Sim";2;0;1;0;1;0;1;2;-23,10506237;-46,56881577;"SPRF-SP";"DEL03-SP";"UOP01-DEL03-SP"
398374;2021-11-28;"domingo";"03:10:00";"RR";174;499;"BOA VISTA";"Ausência de reação do condutor";"Saída de leito carroçável";"Sem Vítimas";"Plena Noite";"Crescente";"Céu Claro";"Dupla";"Reta";"Não";1;0;0;0;0;1;0;1;2,772157;-60,714409;"SPRF-RR";"DEL01-RR";"UOP01-DEL01-RR"
398375;2021-11-28;"domingo";"04:45:00";"RJ";101;309;"SAO GONCALO";"Chuva";"Atropelamento de Pedestre";"Sem Vítimas";"Plena Noite";"Crescente";"Chuva";"Dupla";"Reta";"Sim";1;0;0;0;1;0;0;1;-22,79498873;-43,03446105;"SPRF-RJ";"DEL02-RJ";"UOP02-DEL02-RJ"
398376;2021-11-28;"domingo";"03:20:00";"RS";386;386;"TABAI";"Reação tardia ou ineficiente do condutor";"Saída de leito carroçável";"Com Vítimas Fatais";"Plena Noite";"Crescente";"Céu Claro";"Simples";"Reta";"Não";1;1;0;0;0;0;0;1;-29,688717;-51,717327;"SPRF-RS";"DEL04-RS";"UOP02-DEL04-RS"
398378;2021-11-28;"domingo";"03:35:00";"BA";324;587;"CANDEIAS";"Condutor Dormindo";"Saída de leito carroçável";"Com Vítimas Feridas";"Plena Noite";"Crescente";"Garoa/Chuvisco";"Dupla";"Reta";"Não";3;0;3;0;0;0;3;1;-12,64715411;-38,47504041;"SPRF-BA";"DEL01-BA";"UOP01-DEL01-BA"
398380;2021-11-28;"domingo";"05:00:00";"PR";369;85,1;"CORNELIO PROCOPIO";"Condutor deixou de manter distância do veículo da frente";"Saída de leito carroçável";"Sem Vítimas";"Amanhecer";"Crescente";"Céu Claro";"Simples";"Curva";"Não";2;0;0;0;0;2;0;2;-23,174047;-50,61629;"SPRF-PR";"DEL07-PR";"UOP01-DEL07-PR"
398381;2021-11-28;"domingo";"05:07:00";"DF";70;3,4;"BRASILIA";"Velocidade Incompatível";"Colisão com objeto";"Sem Vítimas";"Amanhecer";"Decrescente";"Nublado";"Dupla";"Reta";"Sim";1;0;0;0;0;1;0;1;-15,802453;-48,080387;"SPRF-DF";"DEL03-DF";"UOP02-DEL03-DF"
398383;2021-11-28;"domingo";"04:15:00";"PR";476;130;"CURITIBA";"Condutor Dormindo";"Capotamento";"Com Vítimas Feridas";"Plena Noite";"Crescente";"Nublado";"Dupla";"Reta";"Não";1;0;1;0;0;0;1;1;-25,449564;-49,236427;"SPRF-PR";"DEL01-PR";"UOP03-DEL01-PR"
398384;2021-11-28;"domingo";"04:00:00";"SC";101;42;"JOINVILLE";"Reação tardia ou ineficiente do condutor";"Colisão com objeto";"Sem Vítimas";"Plena Noite";"Decrescente";"Céu Claro";"Dupla";"Reta";"Sim";1;0;0;0;1;0;0;1;-26,29251598;-48,88474385;"SPRF-SC";"DEL03-SC";"UOP01-DEL03-SC"
398385;2021-11-28;"domingo";"05:10:00";"MG";40;552;"NOVA LIMA";"Ultrapassagem Indevida";"Colisão frontal";"Com Vítimas Feridas";"Amanhecer";"Crescente";"Chuva";"Múltipla";"Reta";"Sim";2;0;1;0;1;0;1;2;-20,06084086;-43,97716423;"SPRF-MG";"DEL01-MG";"UOP02-DEL01-MG"
398386;2021-11-28;"domingo";"04:10:00";"SP";116;93,9;"PINDAMONHANGABA";"Condutor deixou de manter distância do veículo da frente";"Colisão traseira";"Com Vítimas Feridas";"Plena Noite";"Decrescente";"Céu Claro";"Dupla";"Reta";"Sim";4;0;1;0;0;3;1;3;-22,95653207;-45,41300297;"SPRF-SP";"DEL08-SP";"UOP01-DEL08-SP"
398387;2021-11-27;"sábado";"22:30:00";"CE";222;95,7;"UMIRIM";"Transitar na contramão";"Colisão frontal";"Com Vítimas Fatais";"Plena Noite";"Crescente";"Céu Claro";"Simples";"Reta";"Não";2;1;0;0;0;1;0;2;-3,70238142;-39,38326382;"SPRF-CE";"DEL04-CE";"UOP03-DEL04-CE"
398389;2021-11-28;"domingo";"04:10:00";"PB";230;308;"SAO MAMEDE";"Deficiência do Sistema de Iluminação/Sinalização";"Colisão traseira";"Com Vítimas Feridas";"Amanhecer";"Crescente";"Céu Claro";"Simples";"Reta";"Não";2;0;1;0;1;0;1;2;-6,9222;-37,052;"SPRF-PB";"DEL03-PB";"UOP01-DEL03-PB"
398392;2021-11-28;"domingo";"02:55:00";"SC";101;222,2;"PALHOCA";"Pedestre andava na pista";"Saída de leito carroçável";"Sem Vítimas";"Plena Noite";"Crescente";"Céu Claro";"Dupla";"Reta;Aclive";"Não";2;0;0;0;2;0;0;2;-27,70865409;-48,65586407;"SPRF-SC";"DEL01-SC";"UOP02-DEL01-SC"
398394;2021-11-28;"domingo";"04:30:00";"MG";40;546;"NOVA LIMA";"Reação tardia ou ineficiente do condutor";"Colisão com objeto";"Sem Vítimas";"Amanhecer";"Decrescente";"Chuva";"Dupla";"Declive";"Não";1;0;0;0;1;0;0;1;-20,01444685;-43,96893823;"SPRF-MG";"DEL01-MG";"UOP02-DEL01-MG"
398395;2021-11-28;"domingo";"03:03:00";"SC";101;222,2;"PALHOCA";"Objeto estático sobre o leito carroçável";"Colisão traseira";"Com Vítimas Feridas";"Plena Noite";"Crescente";"Céu Claro";"Dupla";"Reta";"Não";4;0;2;0;2;0;2;3;-27,70865409;-48,65586407;"SPRF-SC";"DEL01-SC";"UOP02-DEL01-SC"
398397;2021-11-28;"domingo";"06:33:00";"SP";116;186;"SANTA ISABEL";"Transitar na contramão";"Queda de ocupante de veículo";"Com Vítimas Feridas";"Amanhecer";"Decrescente";"Nublado";"Dupla";"Curva";"Não";3;0;2;0;1;0;2;2;-23,3594352;-46,21675791;"SPRF-SP";"DEL01-SP";"UOP01-DEL01-SP"
398398;2021-11-28;"domingo";"06:30:00";"SP";116;206;"ARUJA";"Ausência de reação do condutor";"Capotamento";"Com Vítimas Feridas";"Amanhecer";"Crescente";"Nublado";"Múltipla";"Reta";"Não";1;0;1;0;0;0;1;1;-23,41722629;-46,37510292;"SPRF-SP";"DEL01-SP";"UOP01-DEL01-SP"
398399;2021-11-28;"domingo";"06:00:00";"SP";116;137;"SAO JOSE DOS CAMPOS";"Reação tardia ou ineficiente do condutor";"Colisão com objeto";"Sem Vítimas";"Pleno dia";"Decrescente";"Céu Claro";"Dupla";"Reta";"Sim";3;0;0;0;3;0;0;2;-23,15300766;-45,78709317;"SPRF-SP";"DEL02-SP";"UOP01-DEL02-SP"
398400;2021-11-28;"domingo";"06:30:00";"PR";116;10;"COLOMBO";"Velocidade Incompatível";"Colisão traseira";"Com Vítimas Feridas";"Pleno dia";"Crescente";"Céu Claro";"Dupla";"Reta;Aclive";"Sim";3;0;3;0;0;0;3;2;-25,3719;-49,134;"SPRF-PR";"DEL01-PR";"UOP02-DEL01-PR"
398401;2021-11-28;"domingo";"05:45:00";"CE";20;370;"MARANGUAPE";"Ausência de reação do condutor";"Colisão traseira";"Com Vítimas Feridas";"Pleno dia";"Crescente";"Céu Claro";"Simples";"Reta";"Não";4;0;3;0;1;0;3;3;-3,97075534;-38,8963868;"SPRF-CE";"DEL02-CE";"UOP01-DEL02-CE"
398402;2021-11-28;"domingo";"01:50:00";"SP";381;53,5;"MAIRIPORA";"Condutor Dormindo";"Colisão com objeto";"Sem Vítimas";"Plena Noite";"Crescente";"Céu Claro";"Dupla";"Reta";"Não";1;0;0;0;0;1;0;1;-23,23727986;-46,59981085;"SPRF-SP";"DEL03-SP";"UOP01-DEL03-SP"
398403;2021-11-28;"domingo";"06:48:00";"DF";60;11,6;"BRASILIA";"Avarias e/ou desgaste excessivo no pneu";"Saída de leito carroçável";"Com Vítimas Feridas";"Pleno dia";"Decrescente";"Chuva";"Dupla";"Curva";"Sim";1;0;1;0;0;0;1;1;-15,911784;-48,157192;"SPRF-DF";"DEL03-DF";"UOP01-DEL03-DF"
398404;2021-11-28;"domingo";"06:00:00";"SC";101;134,6;"BALNEARIO CAMBORIU";"Ausência de reação do condutor";"Colisão com objeto";"Sem Vítimas";"Pleno dia";"Crescente";"Céu Claro";"Simples";"Reta";"Sim";1;0;0;0;0;1;0;1;-27,00218;-48,636433;"SPRF-SC";"DEL04-SC";"UOP03-DEL04-SC"
398406;2021-11-27;"sábado";"12:10:00";"MS";0;0;"CAARAPO";"Reação tardia ou ineficiente do condutor";"Colisão traseira";"Sem Vítimas";"Pleno dia";"Não Informado";"Céu Claro";"Simples";"Reta";"Não";4;0;0;0;4;0;0;2;-22,653231;-54,817937;"SPRF-MS";"DEL04-MS";"UOP01-DEL04-MS"
398407;2021-11-28;"domingo";"06:00:00";"PR";369;44,5;"ANDIRA";"Avarias e/ou desgaste excessivo no pneu";"Saída de leito carroçável";"Com Vítimas Feridas";"Pleno dia";"Decrescente";"Céu Claro";"Simples";"Curva";"Não";3;0;1;0;0;2;1;2;-23,08986798;-50,28714895;"SPRF-PR";"DEL07-PR";"UOP01-DEL07-PR"
398408;2021-11-28;"domingo";"06:50:00";"SC";101;218;"PALHOCA";"Velocidade Incompatível";"Colisão com objeto";"Com Vítimas Feridas";"Pleno dia";"Decrescente";"Nublado";"Dupla";"Reta";"Sim";1;0;1;0;0;0;1;1;-27,6758601;-48,67052525;"SPRF-SC";"DEL01-SC";"UOP02-DEL01-SC"
398409;2021-11-28;"domingo";"06:00:00";"PB";230;338,8;"PATOS";"Acessar a via sem observar a presença dos outros veículos";"Colisão transversal";"Com Vítimas Feridas";"Pleno dia";"Decrescente";"Céu Claro";"Dupla";"Interseção de Vias";"Sim";2;0;1;0;1;0;1;2;-7,007;-37,2906;"SPRF-PB";"DEL03-PB";"UOP01-DEL03-PB"
398410;2021-11-28;"domingo";"05:20:00";"PR";277;347,5;"GUARAPUAVA";"Ausência de reação do condutor";"Capotamento";"Com Vítimas Feridas";"Amanhecer";"Crescente";"Céu Claro";"Simples";"Reta";"Não";1;0;1;0;0;0;1;1;-25,377438;-51,505946;"SPRF-PR";"DEL08-PR";"UOP01-DEL08-PR"
398411;2021-11-28;"domingo";"05:30:00";"PR";476;110;"COLOMBO";"Ingestão de álcool pelo condutor";"Colisão frontal";"Com Vítimas Feridas";"Pleno dia";"Crescente";"Céu Claro";"Simples";"Curva";"Não";4;0;1;2;1;0;3;2;-25,311363;-49,145245;"SPRF-PR";"DEL01-PR";"UOP02-DEL01-PR"
398413;2021-11-28;"domingo";"07:40:00";"RS";116;265;"CANOAS";"Ingestão de álcool pelo condutor";"Colisão com objeto";"Sem Vítimas";"Pleno dia";"Decrescente";"Céu Claro";"Múltipla";"Reta";"Sim";1;0;0;0;1;0;0;1;-29,92342302;-51,17780944;"SPRF-RS";"DEL01-RS";"UOP01-DEL01-RS"
398414;2021-11-28;"domingo";"06:30:00";"MG";262;811;"UBERABA";"Ingestão de álcool pelo condutor";"Colisão com objeto";"Com Vítimas Feridas";"Pleno dia";"Crescente";"Céu Claro";"Dupla";"Viaduto";"Sim";1;0;1;0;0;0;1;1;-19,76622901;-47,99037337;"SPRF-MG";"DEL13-MG";"UOP01-DEL13-MG"
398416;2021-11-28;"domingo";"04:30:00";"SC";280;225;"TRES BARRAS";"Condutor Dormindo";"Saída de leito carroçável";"Com Vítimas Feridas";"Plena Noite";"Decrescente";"Céu Claro";"Simples";"Curva";"Não";2;0;2;0;0;0;2;1;-26,17875971;-50,31308811;"SPRF-SC";"DEL06-SC";"UOP04-DEL06-SC"
398418;2021-11-28;"domingo";"06:10:00";"GO";60;49,8;"ABADIANIA";"Avarias e/ou desgaste excessivo no pneu";"Saída de leito carroçável";"Sem Vítimas";"Amanhecer";"Crescente";"Nublado";"Dupla";"Reta";"Não";1;0;0;0;1;0;0;1;-16,161956;-48,622488;"SPRF-GO";"DEL02-GO";"UOP01-DEL02-GO"
398419;2021-11-27;"sábado";"20:00:00";"MG";251;405,6;"GRAO MOGOL";"Velocidade Incompatível";"Colisão com objeto";"Com Vítimas Feridas";"Plena Noite";"Decrescente";"Chuva";"Simples";"Reta;Declive";"Não";3;0;3;0;0;0;3;1;-16,26065115;-42,95698091;"SPRF-MG";"DEL12-MG";"UOP01-DEL12-MG"
398420;2021-11-28;"domingo";"08:00:00";"PR";277;729;"FOZ DO IGUACU";"Desrespeitar a preferência no cruzamento";"Colisão transversal";"Com Vítimas Feridas";"Pleno dia";"Decrescente";"Sol";"Dupla";"Reta;Interseção de Vias";"Sim";5;0;1;2;2;0;3;2;-25,50749887;-54,58379896;"SPRF-PR";"DEL05-PR";"UOP03-DEL05-PR"
398421;2021-11-28;"domingo";"07:20:00";"RJ";101;63;"CAMPOS DOS GOYTACAZES";"Reação tardia ou ineficiente do condutor";"Colisão traseira";"Com Vítimas Feridas";"Pleno dia";"Decrescente";"Céu Claro";"Dupla";"Reta";"Sim";2;0;1;0;1;0;1;2;-21,742022;-41,33021;"SPRF-RJ";"DEL08-RJ";"UOP01-DEL08-RJ"
398422;2021-11-28;"domingo";"07:10:00";"SP";116;85;"PINDAMONHANGABA";"Condutor deixou de manter distância do veículo da frente";"Colisão traseira";"Com Vítimas Feridas";"Pleno dia";"Decrescente";"Sol";"Dupla";"Retorno Regulamentado";"Não";2;0;1;0;1;0;1;2;-22,92211829;-45,34450085;"SPRF-SP";"DEL08-SP";"UOP01-DEL08-SP"
398423;2021-11-28;"domingo";"06:10:00";"PR";476;143,8;"CURITIBA";"Velocidade Incompatível";"Capotamento";"Com Vítimas Feridas";"Pleno dia";"Decrescente";"Nublado";"Dupla";"Aclive;Curva";"Sim";2;0;1;0;1;0;1;2;-25,54072518;-49,3113417;"SPRF-PR";"DEL01-PR";"UOP03-DEL01-PR"
398424;2021-11-28;"domingo";"08:35:00";"PR";277;69,7;"SAO JOSE DOS PINHAIS";"Velocidade Incompatível";"Colisão traseira";"Com Vítimas Feridas";"Pleno dia";"Decrescente";"Céu Claro";"Dupla";"Reta";"Sim";3;0;1;0;1;1;1;3;-25,53715243;-49,07076619;"SPRF-PR";"DEL01-PR";"UOP01-DEL01-PR"
398425;2021-11-28;"domingo";"06:50:00";"SC";101;197,6;"BIGUACU";"Ingestão de álcool pelo condutor";"Capotamento";"Sem Vítimas";"Pleno dia";"Decrescente";"Céu Claro";"Múltipla";"Reta";"Sim";1;0;0;0;0;1;0;1;-27,51844497;-48,63848496;"SPRF-SC";"DEL01-SC";"UOP01-DEL01-SC"
398426;2021-11-28;"domingo";"07:40:00";"MT";174;15;"PONTES E LACERDA";"Reação tardia ou ineficiente do condutor";"Colisão lateral mesmo sentido";"Sem Vítimas";"Pleno dia";"Crescente";"Céu Claro";"Simples";"Aclive";"Não";2;0;0;0;2;0;0;2;-15,19194273;-59,42453384;"SPRF-MT";"DEL03-MT";"UOP01-DEL03-MT"
398427;2021-11-27;"sábado";"21:00:00";"MT";163;601;"NOVA MUTUM";"Velocidade Incompatível";"Queda de ocupante de veículo";"Com Vítimas Feridas";"Plena Noite";"Crescente";"Céu Claro";"Simples";"Interseção de Vias";"Sim";1;0;1;0;0;0;1;1;-13,89893105;-56,09076962;"SPRF-MT";"DEL01-MT";"UOP01-DEL01-MT"
398429;2021-11-27;"sábado";"22:45:00";"BA";242;229;"ITABERABA";"Pista Escorregadia";"Colisão traseira";"Sem Vítimas";"Plena Noite";"Decrescente";"Chuva";"Simples";"Reta";"Não";2;0;0;0;2;0;0;2;-12,51058614;-40,31333399;"SPRF-BA";"DEL06-BA";"UOP02-DEL06-BA"
398430;2021-11-28;"domingo";"09:10:00";"MG";364;15,6;"FRUTAL";"Reação tardia ou ineficiente do condutor";"Tombamento";"Com Vítimas Feridas";"Pleno dia";"Crescente";"Sol";"Simples";"Reta";"Não";1;0;1;0;0;0;1;1;-20,06884;-48,79253;"SPRF-MG";"DEL13-MG";"UOP02-DEL13-MG"
398434;2021-11-28;"domingo";"08:00:00";"PE";101;30,9;"IGARASSU";"Ausência de reação do condutor";"Colisão com objeto";"Sem Vítimas";"Pleno dia";"Crescente";"Nublado";"Dupla";"Curva";"Não";1;0;0;0;0;1;0;1;-7,73816195;-34,94265811;"SPRF-PE";"DEL01-PE";"UOP02-DEL01-PE"
398435;2021-11-28;"domingo";"06:50:00";"RS";293;227,8;"DOM PEDRITO";"Reação tardia ou ineficiente do condutor";"Saída de leito carroçável";"Sem Vítimas";"Amanhecer";"Decrescente";"Garoa/Chuvisco";"Simples";"Reta";"Não";1;0;0;0;0;1;0;1;-31,08925242;-54,46872918;"SPRF-RS";"DEL11-RS";"UOP03-DEL11-RS"
398438;2021-11-19;"sexta-feira";"22:00:00";"RR";174;393;"IRACEMA";"Ausência de reação do condutor";"Saída de leito carroçável";"Com Vítimas Feridas";"Plena Noite";"Crescente";"Céu Claro";"Simples";"Reta";"Não";1;0;0;1;0;0;1;1;2,034038;-61,088909;"SPRF-RR";"DEL01-RR";"UOP01-DEL01-RR"
398440;2021-11-28;"domingo";"08:40:00";"RJ";40;104;"DUQUE DE CAXIAS";"Transitar na contramão";"Colisão frontal";"Com Vítimas Fatais";"Pleno dia";"Decrescente";"Céu Claro";"Dupla";"Curva";"Sim";2;1;0;0;1;0;0;2;-22,62921958;-43,28554457;"SPRF-RJ";"DEL01-RJ";"UOP01-DEL01-RJ"
398441;2021-11-28;"domingo";"01:30:00";"RJ";40;120;"DUQUE DE CAXIAS";"Acessar a via sem observar a presença dos outros veículos";"Colisão transversal";"Com Vítimas Feridas";"Plena Noite";"Decrescente";"Céu Claro";"Múltipla";"Reta";"Sim";3;0;2;0;1;0;2;2;-22,77280597;-43,28626763;"SPRF-RJ";"DEL01-RJ";"UOP01-DEL01-RJ"
398443;2021-11-28;"domingo";"09:30:00";"DF";70;16;"BRASILIA";"Animais na Pista";"Atropelamento de Animal";"Com Vítimas Feridas";"Pleno dia";"Decrescente";"Nublado";"Dupla";"Reta";"Não";1;0;1;0;0;0;1;1;-15,796144;-48,194225;"SPRF-DF";"DEL03-DF";"UOP02-DEL03-DF"
398444;2021-11-28;"domingo";"10:20:00";"SC";282;105,5;"ALFREDO WAGNER";"Manobra de mudança de faixa";"Colisão traseira";"Com Vítimas Feridas";"Pleno dia";"Crescente";"Céu Claro";"Múltipla";"Reta";"Sim";5;0;3;2;0;0;5;2;-27,69614425;-49,33526516;"SPRF-SC";"DEL01-SC";"UOP03-DEL01-SC"
398449;2021-11-28;"domingo";"08:20:00";"RJ";101;314;"SAO GONCALO";"Manobra de mudança de faixa";"Colisão com objeto";"Sem Vítimas";"Pleno dia";"Crescente";"Garoa/Chuvisco";"Dupla";"Reta";"Não";1;0;0;0;1;0;0;1;-22,81805162;-43,07955634;"SPRF-RJ";"DEL02-RJ";"UOP02-DEL02-RJ"
398450;2021-11-28;"domingo";"09:30:00";"RS";116;191;"NOVA PETROPOLIS";"Ausência de reação do condutor";"Saída de leito carroçável";"Com Vítimas Feridas";"Pleno dia";"Crescente";"Nublado";"Simples";"Declive;Curva";"Não";1;0;0;1;0;0;1;1;-29,43001301;-51,13412787;"SPRF-RS";"DEL05-RS";"UOP02-DEL05-RS"
398451;2021-11-28;"domingo";"10:20:00";"SP";116;218,1;"GUARULHOS";"Afundamento ou ondulação no pavimento";"Queda de ocupante de veículo";"Com Vítimas Feridas";"Pleno dia";"Crescente";"Céu Claro";"Simples";"Interseção de Vias";"Sim";2;0;2;0;0;0;2;1;-23,457972;-46,479927;"SPRF-SP";"DEL01-SP";"UOP01-DEL01-SP"
398453;2021-11-24;"quarta-feira";"18:30:00";"RJ";495;1,2;"TERESOPOLIS";"Velocidade Incompatível";"Tombamento";"Com Vítimas Feridas";"Plena Noite";"Decrescente";"Céu Claro";"Simples";"Curva";"Não";2;0;0;1;1;0;1;2;-22,4035572;-43,00225049;"SPRF-RJ";"DEL04-RJ";"UOP01-DEL04-RJ"
398454;2021-11-28;"domingo";"09:20:00";"SC";280;10;"SAO FRANCISCO DO SUL";"Condutor deixou de manter distância do veículo da frente";"Colisão traseira";"Com Vítimas Feridas";"Pleno dia";"Crescente";"Sol";"Simples";"Reta";"Não";3;0;1;0;2;0;1;2;-26,29625399;-48,64238799;"SPRF-SC";"DEL03-SC";"UOP03-DEL03-SC"
398455;2021-11-28;"domingo";"10:45:00";"SC";116;4,5;"MAFRA";"Acessar a via sem observar a presença dos outros veículos";"Colisão transversal";"Sem Vítimas";"Pleno dia";"Crescente";"Céu Claro";"Simples";"Interseção de Vias";"Sim";2;0;0;0;2;0;0;2;-26,13904317;-49,81262903;"SPRF-SC";"DEL06-SC";"UOP01-DEL06-SC"
398456;2021-11-28;"domingo";"08:45:00";"BA";410;3;"RIBEIRA DO POMBAL";"Ingestão de álcool pelo condutor";"Saída de leito carroçável";"Com Vítimas Feridas";"Pleno dia";"Decrescente";"Nublado";"Simples";"Reta;Declive";"Não";2;0;2;0;0;0;2;1;-10,82941061;-38,55273824;"SPRF-BA";"DEL07-BA";"UOP02-DEL07-BA"
398457;2021-11-28;"domingo";"08:15:00";"RS";392;42,9;"RIO GRANDE";"Velocidade Incompatível";"Saída de leito carroçável";"Sem Vítimas";"Pleno dia";"Decrescente";"Céu Claro";"Dupla";"Reta";"Não";1;0;0;0;1;0;0;1;-31,94614994;-52,30982265;"SPRF-RS";"DEL07-RS";"UOP02-DEL07-RS"
398458;2021-11-28;"domingo";"11:40:00";"PR";277;330;"GUARAPUAVA";"Avarias e/ou desgaste excessivo no pneu";"Queda de ocupante de veículo";"Com Vítimas Feridas";"Pleno dia";"Crescente";"Céu Claro";"Simples";"Declive";"Não";2;0;2;0;0;0;2;1;-25,37353503;-51,308405;"SPRF-PR";"DEL08-PR";"UOP01-DEL08-PR"
398460;2021-11-28;"domingo";"10:30:00";"PR";277;24,4;"MORRETES";"Velocidade Incompatível";"Saída de leito carroçável";"Sem Vítimas";"Pleno dia";"Crescente";"Céu Claro";"Dupla";"Reta";"Não";3;0;0;0;3;0;0;1;-25,530072;-48,747311;"SPRF-PR";"DEL01-PR";"UOP05-DEL01-PR"
398463;2021-11-28;"domingo";"12:15:00";"SC";101;199;"BIGUACU";"Reação tardia ou ineficiente do condutor";"Colisão traseira";"Com Vítimas Feridas";"Pleno dia";"Decrescente";"Sol";"Múltipla";"Reta";"Sim";2;0;1;0;1;0;1;2;-27,53413705;-48,63003205;"SPRF-SC";"DEL01-SC";"UOP01-DEL01-SC"
398464;2021-11-28;"domingo";"11:30:00";"BA";116;460;"SANTO ESTEVAO";"Reação tardia ou ineficiente do condutor";"Tombamento";"Com Vítimas Feridas";"Pleno dia";"Decrescente";"Sol";"Dupla";"Reta";"Sim";1;0;1;0;0;0;1;1;-12,42571818;-39,20648189;"SPRF-BA";"DEL02-BA";"UOP01-DEL02-BA"