"id";"data_inversa";"dia_semana";"horario";"uf";"br";"km";"municipio";"causa_acidente";"tipo_acidente";"classificacao_acidente";"fase_dia";"sentido_via";"condicao_metereologica";"tipo_pista";"tracado_via";"uso_solo";"pessoas";"mortos";"feridos_leves";"feridos_graves";"ilesos";"ignorados";"feridos";"veiculos";"latitude";"longitude";"regional";"delegacia";"uop"
398465;2021-11-28;"domingo";"13:20:00";"AP";156;453;"TARTARUGALZINHO";"Acumulo de água sobre o pavimento";"Saída de leito carroçável";"Com Vítimas Feridas";"Pleno dia";"Crescente";"Chuva";"Simples";"Curva";"Não";2;0;1;0;1;0;1;1;1,37549061;-50,92145633;"SPRF-AP";"DEL01-AP";"UOP02-DEL01-AP"
398466;2021-11-28;"domingo";"12:10:00";"SC";101;164;"TIJUCAS";"Avarias e/ou desgaste excessivo no pneu";"Tombamento";"Com Vítimas Feridas";"Pleno dia";"Crescente";"Céu Claro";"Dupla";"Reta";"Sim";2;0;2;0;0;0;2;1;-27,243868;-48,6309;"SPRF-SC";"DEL04-SC";"UOP03-DEL04-SC"
398467;2021-11-28;"domingo";"13:20:00";"MA";316;568,5;"CAXIAS";"Condutor Dormindo";"Saída de leito carroçável";"Com Vítimas Feridas";"Pleno dia";"Decrescente";"Sol";"Simples";"Declive;Reta";"Não";1;0;1;0;0;0;1;1;-4,914432;-43,21693;"SPRF-MA";"DEL03-MA";"UOP02-DEL03-MA"
398468;2021-11-28;"domingo";"12:30:00";"RS";293;297,7;"URUGUAIANA";"Ausência de reação do condutor";"Saída de leito carroçável";"Sem Vítimas";"Pleno dia";"Decrescente";"Garoa/Chuvisco";"Simples";"Curva";"Não";1;0;0;0;0;1;0;1;-29,754214;-57,068111;"SPRF-RS";"DEL11-RS";"UOP01-DEL11-RS"
398469;2021-11-28;"domingo";"05:00:00";"MT";364;139;"PEDRA PRETA";"Reação tardia ou ineficiente do condutor";"Saída de leito carroçável";"Com Vítimas Feridas";"Pleno dia";"Decrescente";"Céu Claro";"Simples";"Curva";"Não";1;0;1;0;0;0;1;1;-16,79557456;-54,19114352;"SPRF-MT";"DEL02-MT";"UOP01-DEL02-MT"
398470;2021-11-28;"domingo";"12:45:00";"PB";101;80,4;"SANTA RITA";"Condutor Dormindo";"Saída de leito carroçável";"Com Vítimas Feridas";"Pleno dia";"Crescente";"Céu Claro";"Dupla";"Viaduto";"Não";4;0;1;2;1;0;3;1;-7,12180933;-34,9479055;"SPRF-PB";"DEL01-PB";"UOP04-DEL01-PB"
398471;2021-11-08;"segunda-feira";"15:35:00";"AC";364;135;"RIO BRANCO";"Condutor deixou de manter distância do veículo da frente";"Colisão traseira";"Com Vítimas Feridas";"Pleno dia";"Crescente";"Céu Claro";"Dupla";"Rotatória";"Sim";3;0;0;2;1;0;2;2;-9,98588117;-67,84523538;"SPRF-AC";"DEL01-AC";"UOP01-DEL01-AC"
398473;2021-11-28;"domingo";"11:58:00";"SC";282;22;"SANTO AMARO DA IMPERATRIZ";"Ausência de reação do condutor";"Colisão traseira";"Com Vítimas Feridas";"Pleno dia";"Crescente";"Sol";"Simples";"Reta";"Sim";3;0;1;0;2;0;1;3;-27,688507;-48,72739;"SPRF-SC";"DEL01-SC";"UOP02-DEL01-SC"
398474;2021-11-28;"domingo";"13:45:00";"MG";365;625,5;"UBERLANDIA";"Reação tardia ou ineficiente do condutor";"Colisão com objeto";"Com Vítimas Fatais";"Pleno dia";"Crescente";"Chuva";"Dupla";"Curva";"Sim";2;1;0;0;0;1;0;2;-18,90585472;-48,32526001;"SPRF-MG";"DEL15-MG";"UOP01-DEL15-MG"
398477;2021-11-28;"domingo";"14:39:00";"CE";116;20;"ITAITINGA";"Ingestão de álcool ou de substâncias psicoativas pelo pedestre";"Colisão com objeto";"Com Vítimas Feridas";"Pleno dia";"Crescente";"Céu Claro";"Dupla";"Reta";"Não";1;0;1;0;0;0;1;1;-3,92277497;-38,50762327;"SPRF-CE";"DEL01-CE";"UOP02-DEL01-CE"
398479;2021-11-28;"domingo";"15:00:00";"RS";285;491;"ENTRE-IJUIS";"Pista Escorregadia";"Saída de leito carroçável";"Com Vítimas Feridas";"Pleno dia";"Decrescente";"Chuva";"Simples";"Curva";"Não";3;0;2;1;0;0;3;1;-28,375973;-54,207428;"SPRF-RS";"DEL10-RS";"UOP01-DEL10-RS"
398480;2021-11-28;"domingo";"13:45:00";"ES";101;273;"SERRA";"Reação tardia ou ineficiente do condutor";"Saída de leito carroçável";"Com Vítimas Feridas";"Pleno dia";"Decrescente";"Céu Claro";"Múltipla";"Reta";"Não";2;0;1;0;1;0;1;1;-20,22029207;-40,29048811;"SPRF-ES";"DEL02-ES";"UOP01-DEL02-ES"
398482;2021-11-28;"domingo";"14:30:00";"RJ";101;390;"RIO DE JANEIRO";"Ingestão de álcool pelo condutor";"Colisão transversal";"Sem Vítimas";"Pleno dia";"Decrescente";"Céu Claro";"Dupla";"Reta";"Sim";3;0;0;0;3;0;0;3;-22,89241772;-43,69677633;"SPRF-RJ";"DEL01-RJ";"UOP01-DEL01-RJ"
398484;2021-11-28;"domingo";"15:35:00";"SC";101;193,7;"BIGUACU";"Ingestão de álcool pelo condutor";"Tombamento";"Com Vítimas Feridas";"Pleno dia";"Decrescente";"Nublado";"Dupla";"Reta";"Sim";1;0;1;0;0;0;1;1;-27,489574;-48,655914;"SPRF-SC";"DEL01-SC";"UOP01-DEL01-SC"
398485;2021-11-28;"domingo";"15:49:00";"RJ";101;78;"CAMPOS DOS GOYTACAZES";"Pista Escorregadia";"Colisão traseira";"Sem Vítimas";"Pleno dia";"Decrescente";"Chuva";"Simples";"Reta";"Não";2;0;0;0;2;0;0;2;-21,83525792;-41,41878002;"SPRF-RJ";"DEL08-RJ";"UOP02-DEL08-RJ"
398486;2021-11-28;"domingo";"15:45:00";"MS";267;26;"BATAGUASSU";"Reação tardia ou ineficiente do condutor";"Queda de ocupante de veículo";"Com Vítimas Feridas";"Pleno dia";"Crescente";"Céu Claro";"Simples";"Declive";"Não";1;0;0;1;0;0;1;1;-21,72335399;-52,394177;"SPRF-MS";"DEL02-MS";"UOP04-DEL02-MS"
398487;2021-11-28;"domingo";"15:00:00";"TO";153;135;"ARAGUAINA";"Ingestão de álcool pelo condutor";"Colisão traseira";"Com Vítimas Feridas";"Pleno dia";"Decrescente";"Nublado";"Simples";"Reta";"Sim";2;0;1;0;1;0;1;2;-7,12896688;-48,19843215;"SPRF-TO";"DEL02-TO";"UOP01-DEL02-TO"
398488;2021-11-28;"domingo";"15:40:00";"PR";277;74;"SAO JOSE DOS PINHAIS";"Demais falhas mecânicas ou elétricas";"Queda de ocupante de veículo";"Com Vítimas Feridas";"Pleno dia";"Decrescente";"Céu Claro";"Dupla";"Reta";"Sim";2;0;2;0;0;0;2;1;-25,49687547;-49,16064262;"SPRF-PR";"DEL01-PR";"UOP01-DEL01-PR"
398489;2021-11-28;"domingo";"16:05:00";"MG";381;500;"BETIM";"Reação tardia ou ineficiente do condutor";"Saída de leito carroçável";"Sem Vítimas";"Pleno dia";"Decrescente";"Céu Claro";"Dupla";"Reta";"Não";1;0;0;0;1;0;0;1;-20,02513493;-44,23112709;"SPRF-MG";"DEL01-MG";"UOP03-DEL01-MG"
398490;2021-11-28;"domingo";"15:00:00";"ES";101;379,2;"ICONHA";"Demais Fenômenos da natureza";"Eventos atípicos";"Com Vítimas Feridas";"Pleno dia";"Crescente";"Chuva";"Simples";"Reta";"Não";2;0;2;0;0;0;2;1;-20,80192814;-40,82798487;"SPRF-ES";"DEL03-ES";"UOP01-DEL03-ES"
398491;2021-11-28;"domingo";"15:20:00";"GO";40;73;"CRISTALINA";"Chuva";"Tombamento";"Com Vítimas Feridas";"Pleno dia";"Crescente";"Nublado";"Dupla";"Aclive;Curva";"Não";2;0;1;0;1;0;1;1;-16,621476;-47,748846;"SPRF-DF";"DEL01-DF";"UOP02-DEL01-DF"
398492;2021-11-28;"domingo";"15:15:00";"RO";319;58;"PORTO VELHO";"Ausência de reação do condutor";"Colisão traseira";"Com Vítimas Feridas";"Pleno dia";"Decrescente";"Garoa/Chuvisco";"Dupla";"Retorno Regulamentado;Reta";"Sim";3;0;1;0;2;0;1;3;-8,74304232;-63,90960759;"SPRF-RO";"DEL01-RO";"UOP01-DEL01-RO"
398493;2021-11-28;"domingo";"16:35:00";"MG";381;479;"CONTAGEM";"Estacionar ou parar em local proibido";"Colisão traseira";"Com Vítimas Feridas";"Pleno dia";"Decrescente";"Céu Claro";"Dupla";"Curva";"Sim";4;0;2;0;2;0;2;2;-19,95889605;-44,069202;"SPRF-MG";"DEL01-MG";"UOP03-DEL01-MG"
398494;2021-11-28;"domingo";"16:25:00";"RS";116;254;"SAPUCAIA DO SUL";"Condutor deixou de manter distância do veículo da frente";"Colisão traseira";"Com Vítimas Feridas";"Pleno dia";"Crescente";"Céu Claro";"Dupla";"Reta";"Sim";3;0;2;0;1;0;2;2;-29,82654797;-51,17241311;"SPRF-RS";"DEL01-RS";"UOP02-DEL01-RS"
398496;2021-11-28;"domingo";"12:45:00";"RJ";101;249;"RIO BONITO";"Velocidade Incompatível";"Colisão com objeto";"Sem Vítimas";"Pleno dia";"Decrescente";"Céu Claro";"Dupla";"Reta";"Não";1;0;0;0;0;1;0;1;-22,66899692;-42,50868109;"SPRF-RJ";"DEL02-RJ";"UOP03-DEL02-RJ"
398497;2021-11-28;"domingo";"16:30:00";"SP";459;11,2;"PIQUETE";"Reação tardia ou ineficiente do condutor";"Colisão frontal";"Com Vítimas Feridas";"Pleno dia";"Decrescente";"Céu Claro";"Dupla";"Curva";"Não";3;0;0;2;1;0;2;2;-22,590729;-45,183041;"SPRF-SP";"DEL08-SP";"UOP02-DEL08-SP"
398498;2021-11-28;"domingo";"16:45:00";"ES";101;294;"CARIACICA";"Ingestão de álcool pelo condutor";"Colisão traseira";"Sem Vítimas";"Pleno dia";"Decrescente";"Chuva";"Dupla";"Reta";"Sim";1;0;0;0;1;0;0;1;-20,32415948;-40,3952903;"SPRF-ES";"DEL01-ES";"UOP01-DEL01-ES"
398499;2021-11-28;"domingo";"15:45:00";"PR";476;122;"CURITIBA";"Reação tardia ou ineficiente do condutor";"Colisão com objeto";"Com Vítimas Feridas";"Pleno dia";"Crescente";"Céu Claro";"Múltipla";"Desvio Temporário;Reta";"Sim";2;0;1;1;0;0;2;1;-25,385775;-49,203377;"SPRF-PR";"DEL01-PR";"UOP02-DEL01-PR"
398500;2021-11-28;"domingo";"17:30:00";"PR";153;3,5;"IMBITUVA";"Falta de acostamento";"Saída de leito carroçável";"Com Vítimas Fatais";"Pleno dia";"Decrescente";"Céu Claro";"Simples";"Curva";"Não";8;1;2;4;0;1;6;4;-25,20800136;-50,59859365;"SPRF-PR";"DEL07-PR";"UOP04-DEL07-PR"
398501;2021-11-28;"domingo";"16:50:00";"BA";324;543;"AMELIA RODRIGUES";"Velocidade Incompatível";"Saída de leito carroçável";"Com Vítimas Feridas";"Anoitecer";"Decrescente";"Garoa/Chuvisco";"Dupla";"Curva";"Sim";3;0;2;0;1;0;2;1;-12,39713005;-38,76807002;"SPRF-BA";"DEL01-BA";"UOP03-DEL01-BA"
398503;2021-11-28;"domingo";"10:50:00";"PE";101;177,7;"JOAQUIM NABUCO";"Reação tardia ou ineficiente do condutor";"Saída de leito carroçável";"Com Vítimas Feridas";"Pleno dia";"Crescente";"Céu Claro";"Dupla";"Retorno Regulamentado";"Não";2;0;1;0;1;0;1;1;-8,622152;-35,552882;"SPRF-PE";"DEL01-PE";"UOP01-DEL01-PE"
398504;2021-11-28;"domingo";"15:00:00";"BA";116;908;"CANDIDO SALES";"Chuva";"Colisão com objeto";"Com Vítimas Feridas";"Pleno dia";"Decrescente";"Chuva";"Simples";"Reta";"Não";2;0;1;1;0;0;2;1;-15,42126089;-41,21621028;"SPRF-BA";"DEL08-BA";"UOP03-DEL08-BA"
398505;2021-11-28;"domingo";"18:05:00";"PR";116;121;"CURITIBA";"Condutor deixou de manter distância do veículo da frente";"Colisão traseira";"Com Vítimas Feridas";"Anoitecer";"Decrescente";"Céu Claro";"Dupla";"Reta";"Sim";2;0;0;1;1;0;1;2;-25,5599323;-49,30743945;"SPRF-PR";"DEL01-PR";"UOP03-DEL01-PR"
398507;2021-11-28;"domingo";"17:50:00";"DF";70;3;"BRASILIA";"Acessar a via sem observar a presença dos outros veículos";"Colisão lateral mesmo sentido";"Com Vítimas Feridas";"Anoitecer";"Decrescente";"Nublado";"Dupla";"Retorno Regulamentado";"Sim";3;0;1;0;2;0;1;2;-15,802453;-48,080387;"SPRF-DF";"DEL03-DF";"UOP02-DEL03-DF"
398508;2021-11-28;"domingo";"15:10:00";"MG";116;79,4;"MEDINA";"Velocidade Incompatível";"Colisão frontal";"Com Vítimas Feridas";"Pleno dia";"Crescente";"Chuva";"Simples";"Declive;Reta";"Não";4;0;4;0;0;0;4;2;-16,27388596;-41,48212392;"SPRF-MG";"DEL11-MG";"UOP02-DEL11-MG"
398509;2021-11-28;"domingo";"18:00:00";"ES";101;144;"LINHARES";"Ingestão de álcool pelo condutor";"Queda de ocupante de veículo";"Com Vítimas Feridas";"Plena Noite";"Crescente";"Garoa/Chuvisco";"Dupla";"Interseção de Vias";"Sim";1;0;1;0;0;0;1;1;-19,35188295;-40,0636685;"SPRF-ES";"DEL04-ES";"UOP01-DEL04-ES"
398510;2021-11-28;"domingo";"14:30:00";"RS";285;655,5;"SAO BORJA";"Reação tardia ou ineficiente do condutor";"Saída de leito carroçável";"Com Vítimas Feridas";"Pleno dia";"Crescente";"Nublado";"Simples";"Reta";"Não";3;0;2;0;1;0;2;1;-28,636999;-55,810215;"SPRF-RS";"DEL12-RS";"UOP01-DEL12-RS"
398511;2021-11-28;"domingo";"17:50:00";"SC";101;212,9;"PALHOCA";"Manobra de mudança de faixa";"Colisão lateral mesmo sentido";"Com Vítimas Feridas";"Anoitecer";"Decrescente";"Céu Claro";"Múltipla";"Reta";"Sim";2;0;0;1;1;0;1;2;-27,62996929;-48,65903871;"SPRF-SC";"DEL01-SC";"UOP02-DEL01-SC"
398515;2021-11-28;"domingo";"17:55:00";"RJ";116;132;"MAGE";"Avarias e/ou desgaste excessivo no pneu";"Colisão com objeto";"Sem Vítimas";"Anoitecer";"Decrescente";"Céu Claro";"Simples";"Viaduto";"Não";2;0;0;0;2;0;0;1;-22,65703272;-43,13458092;"SPRF-RJ";"DEL04-RJ";"UOP02-DEL04-RJ"
398516;2021-11-28;"domingo";"18:55:00";"PE";101;68,9;"RECIFE";"Ingestão de álcool pelo condutor";"Tombamento";"Com Vítimas Feridas";"Plena Noite";"Crescente";"Céu Claro";"Simples";"Reta";"Sim";1;0;1;0;0;0;1;1;-8,05074296;-34,94580619;"SPRF-PE";"DEL01-PE";"UOP01-DEL01-PE"
398517;2021-11-28;"domingo";"18:00:00";"PR";476;171,3;"CONTENDA";"Demais falhas mecânicas ou elétricas";"Incêndio";"Sem Vítimas";"Pleno dia";"Crescente";"Sol";"Dupla";"Reta";"Sim";1;0;0;0;0;1;0;1;-25,672495;-49,510612;"SPRF-PR";"DEL01-PR";"UOP03-DEL01-PR"
398518;2021-11-28;"domingo";"06:10:00";"PE";101;83;"JABOATAO DOS GUARARAPES";"Ingestão de álcool pelo condutor";"Colisão traseira";"Com Vítimas Feridas";"Plena Noite";"Crescente";"Céu Claro";"Simples";"Reta";"Sim";6;0;1;0;5;0;1;2;-8,179913;-34,947465;"SPRF-PE";"DEL01-PE";"UOP01-DEL01-PE"
398519;2021-11-28;"domingo";"19:00:00";"PR";369;178;"ROLANDIA";"Pedestre andava na pista";"Atropelamento de Pedestre";"Com Vítimas Fatais";"Plena Noite";"Crescente";"Céu Claro";"Simples";"Reta";"Não";3;1;0;1;0;1;1;2;-23,34636353;-51,38637185;"SPRF-PR";"DEL07-PR";"UOP01-DEL07-PR"
398520;2021-11-28;"domingo";"18:50:00";"PE";101;70,9;"RECIFE";"Animais na Pista";"Atropelamento de Animal";"Com Vítimas Feridas";"Plena Noite";"Crescente";"Céu Claro";"Dupla";"Reta";"Sim";2;0;1;0;1;0;1;1;-8,076183;-34,943085;"SPRF-PE";"DEL01-PE";"UOP01-DEL01-PE"
398521;2021-11-28;"domingo";"19:20:00";"ES";101;98,5;"JAGUARE";"Transitar na contramão";"Colisão frontal";"Com Vítimas Feridas";"Plena Noite";"Crescente";"Nublado";"Simples";"Reta";"Não";3;0;0;3;0;0;3;2;-18,96368507;-39,98757584;"SPRF-ES";"DEL04-ES";"UOP02-DEL04-ES"
398524;2021-11-28;"domingo";"19:00:00";"PE";407;123,9;"PETROLINA";"Transitar na contramão";"Colisão lateral sentido oposto";"Sem Vítimas";"Plena Noite";"Decrescente";"Nublado";"Simples";"Rotatória;Curva";"Sim";2;0;0;0;1;1;0;2;-9,37384894;-40,53904653;"SPRF-PE";"DEL06-PE";"UOP01-DEL06-PE"
398525;2021-11-28;"domingo";"20:00:00";"MG";40;429;"PARAOPEBA";"Reação tardia ou ineficiente do condutor";"Colisão traseira";"Com Vítimas Feridas";"Plena Noite";"Crescente";"Nublado";"Dupla";"Reta";"Não";2;0;0;1;1;0;1;2;-19,18561589;-44,49396791;"SPRF-MG";"DEL02-MG";"UOP01-DEL02-MG"
398528;2021-11-28;"domingo";"19:00:00";"MS";163;325;"RIO BRILHANTE";"Ausência de reação do condutor";"Tombamento";"Com Vítimas Feridas";"Plena Noite";"Decrescente";"Céu Claro";"Simples";"Reta";"Sim";1;0;1;0;0;0;1;1;-21,7677979;-54,5243673;"SPRF-MS";"DEL02-MS";"UOP02-DEL02-MS"
398529;2021-11-28;"domingo";"16:30:00";"RS";158;233,8;"TUPANCIRETA";"Condutor Dormindo";"Saída de leito carroçável";"Com Vítimas Feridas";"Pleno dia";"Decrescente";"Nublado";"Simples";"Curva";"Não";2;0;2;0;0;0;2;1;-28,97640248;-53,64327908;"SPRF-RS";"DEL10-RS";"UOP02-DEL10-RS"
398530;2021-11-28;"domingo";"19:34:00";"RS";116;222;"DOIS IRMAOS";"Acessar a via sem observar a presença dos outros veículos";"Colisão lateral mesmo sentido";"Com Vítimas Feridas";"Plena Noite";"Decrescente";"Céu Claro";"Dupla";"Reta";"Sim";3;0;1;0;2;0;1;2;-29,58096695;-51,09515511;"SPRF-RS";"DEL01-RS";"UOP02-DEL01-RS"
398533;2021-11-28;"domingo";"19:14:00";"SC";101;85,5;"BARRA VELHA";"Velocidade Incompatível";"Colisão traseira";"Com Vítimas Feridas";"Plena Noite";"Decrescente";"Céu Claro";"Dupla";"Reta";"Sim";5;0;0;1;4;0;1;2;-26,62840879;-48,70813584;"SPRF-SC";"DEL03-SC";"UOP02-DEL03-SC"
398534;2021-11-28;"domingo";"19:50:00";"PE";101;13;"GOIANA";"Ausência de reação do condutor";"Colisão com objeto";"Com Vítimas Fatais";"Plena Noite";"Decrescente";"Céu Claro";"Múltipla";"Interseção de Vias";"Não";4;1;0;3;0;0;3;1;-7,61043695;-34,97530291;"SPRF-PE";"DEL01-PE";"UOP02-DEL01-PE"
398537;2021-11-28;"domingo";"18:30:00";"RJ";101;290;"ITABORAI";"Condutor usando celular";"Colisão com objeto";"Com Vítimas Feridas";"Anoitecer";"Decrescente";"Nublado";"Dupla";"Reta";"Não";2;0;1;0;1;0;1;2;-22,76708384;-42,86081305;"SPRF-RJ";"DEL02-RJ";"UOP03-DEL02-RJ"
398538;2021-11-28;"domingo";"18:50:00";"BA";135;170;"BARREIRAS";"Pedestre andava na pista";"Atropelamento de Pedestre";"Com Vítimas Feridas";"Pleno dia";"Crescente";"Céu Claro";"Simples";"Reta";"Não";2;0;0;2;0;0;2;2;-12,08928691;-44,97287725;"SPRF-BA";"DEL10-BA";"UOP01-DEL10-BA"
398539;2021-11-28;"domingo";"17:00:00";"GO";60;313;"ACREUNA";"Condutor Dormindo";"Saída de leito carroçável";"Com Vítimas Feridas";"Anoitecer";"Crescente";"Sol";"Dupla";"Reta";"Não";3;0;1;0;2;0;1;1;-17,4334;-50,4268;"SPRF-GO";"DEL04-GO";"UOP01-DEL04-GO"
398540;2021-11-28;"domingo";"16:50:00";"SC";101;62,2;"ARAQUARI";"Reação tardia ou ineficiente do condutor";"Colisão traseira";"Com Vítimas Feridas";"Pleno dia";"Decrescente";"Céu Claro";"Dupla";"Reta;Declive";"Não";4;0;2;0;2;0;2;2;-26,45504246;-48,76711901;"SPRF-SC";"DEL03-SC";"UOP02-DEL03-SC"
398541;2021-11-28;"domingo";"19:50:00";"MS";262;327,9;"CAMPO GRANDE";"Ingestão de álcool pelo condutor";"Tombamento";"Com Vítimas Feridas";"Plena Noite";"Crescente";"Nublado";"Simples";"Reta";"Sim";2;0;2;0;0;0;2;1;-20,46657314;-54,54372903;"SPRF-MS";"DEL01-MS";"UOP01-DEL01-MS"
398543;2021-11-28;"domingo";"18:00:00";"RS";392;208,8;"SANTANA DA BOA VISTA";"Ausência de reação do condutor";"Colisão com objeto";"Com Vítimas Feridas";"Pleno dia";"Crescente";"Chuva";"Simples";"Curva";"Não";4;0;3;1;0;0;4;1;-30,82114907;-53,17496831;"SPRF-RS";"DEL09-RS";"UOP02-DEL09-RS"
398544;2021-11-28;"domingo";"19:55:00";"MT";163;839;"SINOP";"Ingestão de álcool pelo condutor";"Tombamento";"Com Vítimas Feridas";"Plena Noite";"Decrescente";"Céu Claro";"Dupla";"Retorno Regulamentado";"Sim";2;0;1;1;0;0;2;1;-11,826215;-55,486269;"SPRF-MT";"DEL06-MT";"NPF/DEL06-MT"
398545;2021-11-28;"domingo";"20:30:00";"MG";40;425;"CURVELO";"Acessar a via sem observar a presença dos outros veículos";"Colisão traseira";"Com Vítimas Fatais";"Plena Noite";"Crescente";"Céu Claro";"Dupla";"Declive;Reta";"Não";2;1;0;0;0;1;0;2;-19,16224489;-44,52254591;"SPRF-MG";"DEL02-MG";"UOP01-DEL02-MG"
398546;2021-11-28;"domingo";"19:40:00";"DF";251;20,6;"BRASILIA";"Ultrapassagem Indevida";"Saída de leito carroçável";"Com Vítimas Feridas";"Plena Noite";"Decrescente";"Nublado";"Simples";"Aclive;Reta";"Não";3;0;3;0;0;0;3;1;-15,962086;-47,640491;"SPRF-DF";"DEL01-DF";"UOP01-DEL01-DF"
398547;2021-11-28;"domingo";"17:30:00";"SC";282;589;"SAUDADES";"Ingestão de álcool pelo condutor";"Colisão com objeto";"Com Vítimas Feridas";"Plena Noite";"Decrescente";"Chuva";"Simples";"Reta";"Não";3;0;2;1;0;0;3;1;-26,82596;-53,062588;"SPRF-SC";"DEL07-SC";"UOP02-DEL07-SC"
398549;2021-11-27;"sábado";"21:15:00";"RO";364;600;"ITAPUA DO OESTE";"Ausência de reação do condutor";"Tombamento";"Com Vítimas Feridas";"Plena Noite";"Decrescente";"Céu Claro";"Simples";"Reta";"Não";2;0;1;0;1;0;1;1;-9,2223920749;-63,1713643017;"SPRF-RO";"DEL01-RO";"UOP04-DEL01-RO"
398550;2021-11-28;"domingo";"20:50:00";"PE";104;87;"AGRESTINA";"Ingestão de álcool pelo condutor";"Tombamento";"Com Vítimas Feridas";"Plena Noite";"Crescente";"Céu Claro";"Simples";"Reta";"Não";1;0;1;0;0;0;1;1;-8,454104;-35,945515;"SPRF-PE";"DEL02-PE";"UOP01-DEL02-PE"
398552;2021-11-28;"domingo";"18:00:00";"GO";153;556,5;"PROFESSOR JAMIL";"Avarias e/ou desgaste excessivo no pneu";"Queda de ocupante de veículo";"Com Vítimas Feridas";"Anoitecer";"Decrescente";"Nublado";"Dupla";"Reta";"Não";2;0;1;0;1;0;1;1;-17,1923;-49,2091;"SPRF-GO";"DEL03-GO";"UOP01-DEL03-GO"
398558;2021-11-28;"domingo";"16:30:00";"PR";369;132;"IBIPORA";"Reação tardia ou ineficiente do condutor";"Saída de leito carroçável";"Sem Vítimas";"Pleno dia";"Crescente";"Céu Claro";"Dupla";"Reta";"Não";1;0;0;0;1;0;0;1;-23,260031;-51,000935;"SPRF-PR";"DEL07-PR";"UOP01-DEL07-PR"
398559;2021-11-28;"domingo";"19:05:00";"MT";174;99;"CACERES";"Ausência de reação do condutor";"Colisão frontal";"Com Vítimas Feridas";"Plena Noite";"Crescente";"Céu Claro";"Simples";"Reta";"Sim";3;0;0;2;1;0;2;2;-15,844366;-57,859524;"SPRF-MT";"DEL03-MT";"UOP01-DEL03-MT"
398560;2021-11-07;"domingo";"10:40:00";"BA";20;67;"CORRENTINA";"Ultrapassagem Indevida";"Colisão frontal";"Com Vítimas Feridas";"Pleno dia";"Decrescente";"Céu Claro";"Simples";"Reta";"Não";6;0;1;3;2;0;4;3;-13,419515;-46,084743;"SPRF-BA";"DEL10-BA";"UOP01-DEL10-BA"
398561;2021-11-28;"domingo";"17:45:00";"MG";116;612,8;"SAO JOAO DO MANHUACU";"Reação tardia ou ineficiente do condutor";"Colisão traseira";"Com Vítimas Fatais";"Anoitecer";"Decrescente";"Nublado";"Simples";"Curva";"Não";2;2;0;0;0;0;0;2;-20,42881501;-42,16258798;"SPRF-MG";"DEL07-MG";"UOP03-DEL07-MG"
398562;2021-11-28;"domingo";"19:00:00";"PR";277;17;"PARANAGUA";"Velocidade Incompatível";"Saída de leito carroçável";"Sem Vítimas";"Plena Noite";"Decrescente";"Nublado";"Dupla";"Reta";"Não";1;0;0;0;0;1;0;1;-25,56380488;-48,63457397;"SPRF-PR";"DEL01-PR";"UOP05-DEL01-PR"
398563;2021-10-17;"domingo";"21:34:00";"MG";381;490;"BETIM";"Transitar na contramão";"Queda de ocupante de veículo";"Com Vítimas Feridas";"Plena Noite";"Decrescente";"Céu Claro";"Múltipla";"Reta";"Sim";2;0;1;0;0;1;1;2;-19,9565861;-44,13510025;"SPRF-MG";"DEL01-MG";"UOP03-DEL01-MG"
398564;2021-11-28;"domingo";"19:40:00";"PE";232;36;"VITORIA DE SANTO ANTAO";"Ingestão de álcool pelo condutor";"Colisão traseira";"Sem Vítimas";"Plena Noite";"Crescente";"Céu Claro";"Dupla";"Reta";"Não";2;0;0;0;2;0;0;2;-8,11082778;-35,20125807;"SPRF-PE";"DEL01-PE";"UOP01-DEL01-PE"
398565;2021-11-28;"domingo";"19:10:00";"MG";459;31,5;"CALDAS";"Velocidade Incompatível";"Saída de leito carroçável";"Com Vítimas Feridas";"Plena Noite";"Decrescente";"Céu Claro";"Simples";"Curva";"Não";1;0;1;0;0;0;1;1;-21,924654;-46,368149;"SPRF-MG";"DEL09-MG";"UOP01-DEL09-MG"
398568;2021-11-28;"domingo";"23:37:00";"PR";369;157;"LONDRINA";"Velocidade Incompatível";"Colisão traseira";"Sem Vítimas";"Plena Noite";"Crescente";"Céu Claro";"Dupla";"Declive;Reta";"Sim";2;0;0;0;2;0;0;2;-23,28729619;-51,22627079;"SPRF-PR";"DEL07-PR";"UOP01-DEL07-PR"
398569;2021-11-28;"domingo";"23:00:00";"CE";222;1,8;"FORTALEZA";"Pedestre cruzava a pista fora da faixa";"Atropelamento de Pedestre";"Com Vítimas Feridas";"Plena Noite";"Crescente";"Céu Claro";"Múltipla";"Reta";"Sim";3;0;2;1;0;0;3;2;-3,737804;-38,578061;"SPRF-CE";"DEL01-CE";"UOP01-DEL01-CE"
398570;2021-11-28;"domingo";"23:10:00";"DF";70;16,5;"BRASILIA";"Ingestão de álcool pelo condutor";"Saída de leito carroçável";"Sem Vítimas";"Plena Noite";"Crescente";"Céu Claro";"Dupla";"Reta";"Não";1;0;0;0;1;0;0;1;-15,796144;-48,194225;"SPRF-DF";"DEL03-DF";"UOP02-DEL03-DF"
398571;2021-11-28;"domingo";"18:45:00";"BA";116;575;"NOVA ITARANA";"Pedestre andava na pista";"Atropelamento de Pedestre";"Com Vítimas Fatais";"Plena Noite";"Crescente";"Nublado";"Simples";"Aclive";"Não";3;1;0;2;0;0;2;2;-13,04737085;-39,96123277;"SPRF-BA";"DEL03-BA";"UOP02-DEL03-BA"