"id";"data_inversa";"dia_semana";"horario";"uf";"br";"km";"municipio";"causa_acidente";"tipo_acidente";"classificacao_acidente";"fase_dia";"sentido_via";"condicao_metereologica";"tipo_pista";"tracado_via";"uso_solo";"pessoas";"mortos";"feridos_leves";"feridos_graves";"ilesos";"ignorados";"feridos";"veiculos";"latitude";"longitude";"regional";"delegacia";"uop"
398573;2021-11-28;"domingo";"23:38:00";"SC";101;185,9;"BIGUACU";"Ausência de reação do condutor";"Colisão com objeto";"Sem Vítimas";"Plena Noite";"Decrescente";"Céu Claro";"Dupla";"Reta";"Não";1;0;0;0;0;1;0;1;-27,42536698;-48,62465876;"SPRF-SC";"DEL01-SC";"UOP01-DEL01-SC"
398574;2021-11-28;"domingo";"23:00:00";"SC";101;164;"TIJUCAS";"Ingestão de álcool pelo condutor";"Capotamento";"Sem Vítimas";"Plena Noite";"Crescente";"Nublado";"Dupla";"Reta";"Sim";1;0;0;0;1;0;0;1;-27,243868;-48,6309;"SPRF-SC";"DEL04-SC";"UOP03-DEL04-SC"
398578;2021-11-28;"domingo";"23:20:00";"TO";153;377;"RIO DOS BOIS";"Pista em desnível";"Queda de ocupante de veículo";"Com Vítimas Feridas";"Plena Noite";"Crescente";"Nublado";"Simples";"Reta";"Não";1;0;0;1;0;0;1;1;-9,21621199;-48,54307707;"SPRF-TO";"DEL02-TO";"UOP02-DEL02-TO"
398579;2021-11-28;"domingo";"22:15:00";"PA";222;235;"MARABA";"Condutor deixou de manter distância do veículo da frente";"Colisão traseira";"Com Vítimas Feridas";"Plena Noite";"Crescente";"Céu Claro";"Simples";"Reta";"Sim";2;0;1;0;1;0;1;2;-5,277493;-49,072708;"SPRF-PA";"DEL03-PA";"UOP01-DEL03-PA"
398580;2021-11-28;"domingo";"23:00:00";"MA";316;267;"SANTA INES";"Animais na Pista";"Atropelamento de Animal";"Com Vítimas Feridas";"Plena Noite";"Decrescente";"Céu Claro";"Simples";"Reta";"Não";1;0;0;1;0;0;1;1;-3,686531;-45,339451;"SPRF-MA";"DEL02-MA";"UOP01-DEL02-MA"
398581;2021-11-28;"domingo";"21:30:00";"RS";290;59;"GRAVATAI";"Ausência de reação do condutor";"Colisão traseira";"Sem Vítimas";"Plena Noite";"Crescente";"Céu Claro";"Dupla";"Reta";"Não";2;0;0;0;2;0;0;2;-29,922428;-50,84845;"SPRF-RS";"DEL03-RS";"UOP01-DEL03-RS"
398582;2021-11-28;"domingo";"22:00:00";"SP";116;306,4;"SAO LOURENCO DA SERRA";"Pedestre cruzava a pista fora da faixa";"Atropelamento de Pedestre";"Com Vítimas Fatais";"Plena Noite";"Crescente";"Céu Claro";"Dupla";"Curva";"Sim";3;2;0;0;1;0;0;2;-23,84547325;-46,93713427;"SPRF-SP";"DEL04-SP";"UOP01-DEL04-SP"
398583;2021-11-28;"domingo";"23:15:00";"SP";116;319;"JUQUITIBA";"Velocidade Incompatível";"Colisão com objeto";"Com Vítimas Feridas";"Plena Noite";"Crescente";"Céu Claro";"Dupla";"Reta";"Sim";2;0;2;0;0;0;2;1;-23,93100968;-46,9996511;"SPRF-SP";"DEL04-SP";"UOP01-DEL04-SP"
398584;2021-11-29;"segunda-feira";"00:25:00";"RJ";101;403;"ITAGUAI";"Manobra de mudança de faixa";"Colisão frontal";"Sem Vítimas";"Plena Noite";"Crescente";"Céu Claro";"Simples";"Reta";"Não";2;0;0;0;2;0;0;2;-22,85924449;-43,79010059;"SPRF-RJ";"DEL03-RJ";"UOP01-DEL03-RJ"
398587;2021-11-29;"segunda-feira";"00:20:00";"SP";116;283,3;"EMBU DAS ARTES";"Velocidade Incompatível";"Colisão traseira";"Com Vítimas Feridas";"Plena Noite";"Decrescente";"Nublado";"Dupla";"Reta";"Sim";4;0;2;0;1;1;2;3;-23,69297005;-46,86352786;"SPRF-SP";"DEL04-SP";"UOP01-DEL04-SP"
398588;2021-11-29;"segunda-feira";"00:05:00";"MS";262;190,1;"RIBAS DO RIO PARDO";"Acumulo de água sobre o pavimento";"Saída de leito carroçável";"Com Vítimas Feridas";"Plena Noite";"Crescente";"Chuva";"Simples";"Reta";"Não";4;0;2;0;2;0;2;1;-20,44408993;-53,29190001;"SPRF-MS";"DEL07-MS";"UOP02-DEL07-MS"
398589;2021-11-29;"segunda-feira";"00:50:00";"SE";235;52,6;"ITABAIANA";"Reação tardia ou ineficiente do condutor";"Colisão traseira";"Com Vítimas Fatais";"Plena Noite";"Crescente";"Céu Claro";"Simples";"Reta";"Sim";3;1;0;0;2;0;0;3;-10,68934861;-37,43906736;"SPRF-SE";"DEL01-SE";"UOP02-DEL01-SE"
398590;2021-11-29;"segunda-feira";"00:25:00";"PR";277;593;"CASCAVEL";"Demais falhas mecânicas ou elétricas";"Colisão traseira";"Com Vítimas Feridas";"Plena Noite";"Crescente";"Chuva";"Simples";"Reta;Aclive";"Sim";4;0;1;0;3;0;1;2;-24,98082053;-53,48254989;"SPRF-PR";"DEL04-PR";"UOP01-DEL04-PR"
398591;2021-11-29;"segunda-feira";"01:40:00";"SC";101;64,4;"ARAQUARI";"Condutor Dormindo";"Saída de leito carroçável";"Com Vítimas Feridas";"Plena Noite";"Decrescente";"Céu Claro";"Dupla";"Reta";"Não";4;0;1;0;3;0;1;1;-26,46433196;-48,75063097;"SPRF-SC";"DEL03-SC";"UOP02-DEL03-SC"
398592;2021-11-28;"domingo";"20:30:00";"RJ";116;168;"SAO JOAO DE MERITI";"Demais falhas mecânicas ou elétricas";"Incêndio";"Sem Vítimas";"Plena Noite";"Decrescente";"Céu Claro";"Dupla";"Reta";"Sim";1;0;0;0;0;1;0;1;-22,819969;-43,31499997;"SPRF-RJ";"DEL01-RJ";"UOP01-DEL01-RJ"
398593;2021-11-29;"segunda-feira";"01:00:00";"PR";277;698;"SAO MIGUEL DO IGUACU";"Velocidade Incompatível";"Colisão com objeto";"Sem Vítimas";"Plena Noite";"Crescente";"Céu Claro";"Dupla";"Declive";"Não";2;0;0;0;1;1;0;1;-25,3964712;-54,31179289;"SPRF-PR";"DEL05-PR";"UOP01-DEL05-PR"
398594;2021-11-28;"domingo";"19:50:00";"SE";101;141,2;"ESTANCIA";"Reação tardia ou ineficiente do condutor";"Saída de leito carroçável";"Com Vítimas Feridas";"Plena Noite";"Decrescente";"Céu Claro";"Dupla";"Interseção de Vias;Curva;Retorno Regulamentado";"Não";3;0;0;3;0;0;3;1;-11,18123293;-37,40130617;"SPRF-SE";"DEL02-SE";"UOP01-DEL02-SE"
398596;2021-11-29;"segunda-feira";"02:00:00";"RS";386;132,1;"SARANDI";"Pedestre cruzava a pista fora da faixa";"Atropelamento de Pedestre";"Com Vítimas Fatais";"Plena Noite";"Decrescente";"Céu Claro";"Simples";"Aclive";"Sim";2;1;0;0;1;0;0;2;-27,945366;-52,931618;"SPRF-RS";"DEL08-RS";"UOP01-DEL08-RS"
398597;2021-11-29;"segunda-feira";"02:50:00";"RS";116;477,4;"SAO LOURENCO DO SUL";"Reação tardia ou ineficiente do condutor";"Saída de leito carroçável";"Com Vítimas Feridas";"Plena Noite";"Decrescente";"Nevoeiro/Neblina";"Simples";"Reta";"Não";5;0;2;0;3;0;2;1;-31,38161704;-52,12712598;"SPRF-RS";"DEL07-RS";"UOP01-DEL07-RS"
398598;2021-11-29;"segunda-feira";"00:30:00";"GO";414;375;"COCALZINHO DE GOIAS";"Animais na Pista";"Atropelamento de Animal";"Com Vítimas Feridas";"Plena Noite";"Crescente";"Garoa/Chuvisco";"Simples";"Reta";"Não";2;0;0;2;0;0;2;1;-15,80962599;-48,78235438;"SPRF-GO";"DEL02-GO";"UOP01-DEL02-GO"
398600;2021-11-29;"segunda-feira";"04:00:00";"RN";304;282;"MACAIBA";"Entrada inopinada do pedestre";"Atropelamento de Pedestre";"Com Vítimas Fatais";"Amanhecer";"Crescente";"Céu Claro";"Simples";"Em Obras";"Não";3;1;0;0;1;1;0;2;-5,88438109;-35,47231297;"SPRF-RN";"DEL01-RN";"UOP02-DEL01-RN"
398601;2021-11-29;"segunda-feira";"04:15:00";"ES";101;292,9;"CARIACICA";"Reação tardia ou ineficiente do condutor";"Colisão com objeto";"Com Vítimas Feridas";"Plena Noite";"Crescente";"Chuva";"Dupla";"Curva";"Sim";1;0;0;1;0;0;1;1;-20,30650512;-40,39488717;"SPRF-ES";"DEL01-ES";"UOP01-DEL01-ES"
398602;2021-11-29;"segunda-feira";"03:00:00";"MT";364;202,9;"RONDONOPOLIS";"Transitar na contramão";"Colisão frontal";"Com Vítimas Feridas";"Plena Noite";"Crescente";"Céu Claro";"Simples";"Viaduto";"Não";2;0;0;2;0;0;2;2;-16,47181809;-54,65514019;"SPRF-MT";"DEL02-MT";"UOP01-DEL02-MT"
398604;2021-11-29;"segunda-feira";"05:45:00";"GO";60;108;"GOIANAPOLIS";"Condutor deixou de manter distância do veículo da frente";"Colisão traseira";"Com Vítimas Feridas";"Pleno dia";"Crescente";"Nublado";"Múltipla";"Retorno Regulamentado";"Não";2;0;1;0;1;0;1;2;-16,44548;-49,020272;"SPRF-GO";"DEL02-GO";"UOP01-DEL02-GO"
398605;2021-11-29;"segunda-feira";"05:20:00";"PE";101;185,7;"PALMARES";"Condutor deixou de manter distância do veículo da frente";"Colisão traseira";"Com Vítimas Fatais";"Pleno dia";"Decrescente";"Céu Claro";"Dupla";"Reta";"Sim";3;1;0;0;2;0;0;2;-8,676803;-35,576896;"SPRF-PE";"DEL01-PE";"UOP01-DEL01-PE"
398606;2021-11-29;"segunda-feira";"04:00:00";"AL";316;177,8;"BELEM";"Acesso irregular";"Saída de leito carroçável";"Com Vítimas Fatais";"Plena Noite";"Crescente";"Céu Claro";"Simples";"Reta";"Não";1;1;0;0;0;0;0;1;-9,56791796;-36,50654692;"SPRF-AL";"DEL03-AL";"UOP01-DEL03-AL"
398607;2021-11-29;"segunda-feira";"06:10:00";"SP";116;229;"SAO PAULO";"Entrada inopinada do pedestre";"Engavetamento";"Com Vítimas Feridas";"Pleno dia";"Crescente";"Céu Claro";"Múltipla";"Reta";"Sim";4;0;1;0;3;0;1;4;-23,51291902;-46,57604698;"SPRF-SP";"DEL01-SP";"UOP01-DEL01-SP"
398611;2021-11-28;"domingo";"18:15:00";"CE";116;160;"RUSSAS";"Animais na Pista";"Atropelamento de Animal";"Com Vítimas Feridas";"Plena Noite";"Decrescente";"Céu Claro";"Simples";"Curva";"Sim";1;0;1;0;0;0;1;1;-4,91428505;-37,99922007;"SPRF-CE";"DEL03-CE";"UOP01-DEL03-CE"
398612;2021-11-29;"segunda-feira";"06:00:00";"MA";135;26;"SAO LUIS";"Ultrapassagem Indevida";"Colisão frontal";"Com Vítimas Feridas";"Amanhecer";"Crescente";"Céu Claro";"Simples";"Desvio Temporário;Reta";"Não";2;0;0;1;0;1;1;2;-2,77023451;-44,36931635;"SPRF-MA";"DEL01-MA";"UOP01-DEL01-MA"
398613;2021-11-29;"segunda-feira";"06:15:00";"ES";101;299;"VIANA";"Ausência de reação do condutor";"Colisão traseira";"Com Vítimas Feridas";"Pleno dia";"Decrescente";"Céu Claro";"Dupla";"Curva";"Sim";2;0;0;1;1;0;1;2;-20,35860628;-40,42327504;"SPRF-ES";"DEL01-ES";"UOP01-DEL01-ES"
398614;2021-11-29;"segunda-feira";"07:05:00";"GO";70;0,4;"AGUAS LINDAS DE GOIAS";"Condutor Dormindo";"Saída de leito carroçável";"Com Vítimas Feridas";"Pleno dia";"Crescente";"Nublado";"Dupla";"Curva";"Não";2;0;2;0;0;0;2;1;-15,77956513;-48,23429346;"SPRF-DF";"DEL03-DF";"UOP02-DEL03-DF"
398615;2021-11-29;"segunda-feira";"06:10:00";"SC";101;139;"ITAPEMA";"Pista Escorregadia";"Tombamento";"Com Vítimas Feridas";"Pleno dia";"Crescente";"Nublado";"Múltipla";"Curva";"Sim";1;0;0;1;0;0;1;1;-27,02982303;-48,60115006;"SPRF-SC";"DEL04-SC";"UOP03-DEL04-SC"
398616;2021-11-29;"segunda-feira";"06:25:00";"SC";101;152;"ITAPEMA";"Avarias e/ou desgaste excessivo no pneu";"Tombamento";"Com Vítimas Feridas";"Pleno dia";"Crescente";"Céu Claro";"Dupla";"Reta";"Não";2;0;2;0;0;0;2;1;-27,13563503;-48,61004665;"SPRF-SC";"DEL04-SC";"UOP03-DEL04-SC"
398618;2021-11-29;"segunda-feira";"07:25:00";"SC";101;209;"SAO JOSE";"Ausência de reação do condutor";"Colisão traseira";"Com Vítimas Feridas";"Pleno dia";"Decrescente";"Céu Claro";"Múltipla";"Reta";"Não";3;0;0;1;1;1;1;3;-27,61000542;-48,63895057;"SPRF-SC";"DEL01-SC";"UOP01-DEL01-SC"
398620;2021-11-29;"segunda-feira";"07:30:00";"PB";230;14;"CABEDELO";"Reação tardia ou ineficiente do condutor";"Colisão traseira";"Com Vítimas Feridas";"Pleno dia";"Decrescente";"Céu Claro";"Dupla";"Retorno Regulamentado";"Sim";2;0;1;0;1;0;1;2;-7,0844;-34,8488;"SPRF-PB";"DEL01-PB";"UOP01-DEL01-PB"
398622;2021-11-29;"segunda-feira";"07:30:00";"PR";369;192,8;"ARAPONGAS";"Velocidade Incompatível";"Capotamento";"Com Vítimas Feridas";"Pleno dia";"Decrescente";"Céu Claro";"Dupla";"Reta";"Sim";4;0;4;0;0;0;4;1;-23,4770098;-51,4237798;"SPRF-PR";"DEL07-PR";"UOP02-DEL07-PR"
398623;2021-11-29;"segunda-feira";"07:55:00";"SC";101;215,6;"PALHOCA";"Pista Escorregadia";"Queda de ocupante de veículo";"Com Vítimas Feridas";"Pleno dia";"Decrescente";"Nublado";"Dupla";"Reta";"Sim";1;0;1;0;0;0;1;1;-27,65184843;-48,67604941;"SPRF-SC";"DEL01-SC";"UOP02-DEL01-SC"
398627;2021-11-29;"segunda-feira";"07:45:00";"PA";230;111;"MARABA";"Manobra de mudança de faixa";"Colisão frontal";"Sem Vítimas";"Pleno dia";"Decrescente";"Sol";"Simples";"Reta";"Não";2;0;0;0;2;0;0;2;-5,37139594;-49,04004698;"SPRF-PA";"DEL03-PA";"UOP01-DEL03-PA"
398629;2021-11-29;"segunda-feira";"07:40:00";"SC";470;54,1;"BLUMENAU";"Acesso irregular";"Colisão transversal";"Com Vítimas Feridas";"Pleno dia";"Decrescente";"Céu Claro";"Simples";"Reta";"Sim";2;0;1;0;1;0;1;2;-26,871065;-49,110374;"SPRF-SC";"DEL04-SC";"UOP01-DEL04-SC"
398630;2021-10-21;"quinta-feira";"21:32:00";"RS";116;233,6;"NOVO HAMBURGO";"Acessar a via sem observar a presença dos outros veículos";"Colisão traseira";"Com Vítimas Fatais";"Plena Noite";"Decrescente";"Céu Claro";"Dupla";"Reta";"Sim";3;1;2;0;0;0;2;3;-29,64206007;-51,14268362;"SPRF-RS";"DEL01-RS";"UOP02-DEL01-RS"
398631;2021-11-29;"segunda-feira";"07:45:00";"SP";116;271,8;"TABOAO DA SERRA";"Condutor deixou de manter distância do veículo da frente";"Colisão traseira";"Com Vítimas Feridas";"Pleno dia";"Decrescente";"Céu Claro";"Dupla";"Reta";"Sim";3;0;1;1;1;0;2;2;-23,61244114;-46,77798271;"SPRF-SP";"DEL04-SP";"UOP01-DEL04-SP"
398632;2021-11-29;"segunda-feira";"07:00:00";"SC";101;133,8;"BALNEARIO CAMBORIU";"Desrespeitar a preferência no cruzamento";"Colisão transversal";"Com Vítimas Feridas";"Pleno dia";"Crescente";"Céu Claro";"Simples";"Interseção de Vias";"Sim";2;0;0;1;1;0;1;2;-26,99936;-48,64609;"SPRF-SC";"DEL04-SC";"UOP03-DEL04-SC"
398633;2021-11-29;"segunda-feira";"06:40:00";"RJ";116;312,6;"ITATIAIA";"Demais falhas mecânicas ou elétricas";"Tombamento";"Com Vítimas Feridas";"Pleno dia";"Decrescente";"Céu Claro";"Dupla";"Reta";"Não";1;0;1;0;0;0;1;1;-22,4702096;-44,51668739;"SPRF-RJ";"DEL07-RJ";"UOP02-DEL07-RJ"
398634;2021-11-29;"segunda-feira";"07:50:00";"RO";364;708;"PORTO VELHO";"Acessar a via sem observar a presença dos outros veículos";"Colisão lateral mesmo sentido";"Com Vítimas Feridas";"Amanhecer";"Crescente";"Céu Claro";"Dupla";"Curva";"Não";2;0;1;0;1;0;1;2;-8,79554083;-63,84072487;"SPRF-RO";"DEL01-RO";"UOP01-DEL01-RO"
398635;2021-10-20;"quarta-feira";"18:00:00";"PI";135;535;"SAO GONCALO DO GURGUEIA";"Ausência de reação do condutor";"Saída de leito carroçável";"Com Vítimas Feridas";"Plena Noite";"Decrescente";"Nublado";"Simples";"Reta";"Não";1;0;0;1;0;0;1;1;-10,00419107;-45,31896007;"SPRF-PI";"DEL03-PI";"UOP02-DEL03-PI"
398636;2021-11-29;"segunda-feira";"07:20:00";"MG";40;513;"RIBEIRAO DAS NEVES";"Trafegar com motocicleta (ou similar) entre as faixas";"Colisão lateral mesmo sentido";"Com Vítimas Feridas";"Pleno dia";"Crescente";"Nublado";"Dupla";"Reta";"Sim";2;0;0;2;0;0;2;2;-19,7970544;-44,1080512;"SPRF-MG";"DEL01-MG";"UOP02-DEL01-MG"
398637;2021-11-29;"segunda-feira";"07:30:00";"SC";101;118;"ITAJAI";"Velocidade Incompatível";"Colisão lateral mesmo sentido";"Com Vítimas Feridas";"Pleno dia";"Crescente";"Céu Claro";"Múltipla";"Reta";"Sim";2;0;1;0;0;1;1;2;-26,895859;-48,71903;"SPRF-SC";"DEL04-SC";"UOP04-DEL04-SC"
398640;2021-11-29;"segunda-feira";"08:50:00";"MG";40;701,5;"BARBACENA";"Acessar a via sem observar a presença dos outros veículos";"Atropelamento de Pedestre";"Com Vítimas Feridas";"Pleno dia";"Decrescente";"Céu Claro";"Dupla";"Reta";"Sim";2;0;1;0;1;0;1;2;-21,18449034;-43,7528965;"SPRF-MG";"DEL05-MG";"UOP02-DEL05-MG"
398641;2021-10-08;"sexta-feira";"15:30:00";"BA";20;105;"SAO DESIDERIO";"Transitar na contramão";"Colisão frontal";"Com Vítimas Feridas";"Pleno dia";"Crescente";"Vento";"Simples";"Reta";"Não";10;0;1;4;4;1;5;3;-13,0322735;-46,0010234;"SPRF-BA";"DEL10-BA";"UOP01-DEL10-BA"
398642;2021-11-29;"segunda-feira";"08:00:00";"PR";476;125;"CURITIBA";"Reação tardia ou ineficiente do condutor";"Colisão lateral mesmo sentido";"Com Vítimas Feridas";"Pleno dia";"Crescente";"Sol";"Dupla";"Reta";"Sim";2;0;0;1;1;0;1;2;-25,4083;-49,219658;"SPRF-PR";"DEL01-PR";"UOP03-DEL01-PR"
398643;2021-11-29;"segunda-feira";"06:00:00";"PR";467;77,3;"TOLEDO";"Entrada inopinada do pedestre";"Atropelamento de Pedestre";"Com Vítimas Fatais";"Amanhecer";"Decrescente";"Nublado";"Dupla";"Reta";"Não";2;1;0;0;0;1;0;2;-24,7652;-53,6899;"SPRF-PR";"DEL04-PR";"UOP01-DEL04-PR"
398645;2021-11-29;"segunda-feira";"08:35:00";"PR";376;195,7;"MARIALVA";"Condutor Dormindo";"Capotamento";"Com Vítimas Feridas";"Pleno dia";"Decrescente";"Céu Claro";"Dupla";"Reta";"Não";5;0;3;2;0;0;5;1;-23,50026007;-51,76384001;"SPRF-PR";"DEL09-PR";"UOP01-DEL09-PR"
398646;2021-11-29;"segunda-feira";"07:55:00";"SP";381;86;"SAO PAULO";"Ausência de reação do condutor";"Colisão traseira";"Com Vítimas Feridas";"Pleno dia";"Crescente";"Céu Claro";"Dupla";"Reta";"Sim";2;0;1;0;1;0;1;2;-23,45930499;-46,57161179;"SPRF-SP";"DEL03-SP";"UOP01-DEL03-SP"
398648;2021-11-29;"segunda-feira";"09:25:00";"RS";290;92;"PORTO ALEGRE";"Acessar a via sem observar a presença dos outros veículos";"Colisão lateral mesmo sentido";"Sem Vítimas";"Pleno dia";"Decrescente";"Céu Claro";"Dupla";"Retorno Regulamentado";"Sim";2;0;0;0;2;0;0;2;-29,971916;-51,176838;"SPRF-RS";"DEL01-RS";"UOP01-DEL01-RS"
398649;2021-11-29;"segunda-feira";"09:30:00";"MG";381;356;"JOAO MONLEVADE";"Acessar a via sem observar a presença dos outros veículos";"Colisão lateral mesmo sentido";"Com Vítimas Feridas";"Pleno dia";"Decrescente";"Céu Claro";"Simples";"Reta";"Sim";2;0;1;0;1;0;1;2;-19,84765404;-43,20566395;"SPRF-MG";"DEL03-MG";"UOP01-DEL03-MG"
398652;2021-11-29;"segunda-feira";"09:50:00";"SC";101;119;"ITAJAI";"Trafegar com motocicleta (ou similar) entre as faixas";"Colisão lateral mesmo sentido";"Com Vítimas Feridas";"Pleno dia";"Decrescente";"Nublado";"Dupla";"Viaduto;Reta";"Sim";2;0;1;0;1;0;1;2;-26,9043179;-48,71555481;"SPRF-SC";"DEL04-SC";"UOP04-DEL04-SC"
398653;2021-11-29;"segunda-feira";"10:15:00";"PE";232;94,1;"SAIRE";"Reação tardia ou ineficiente do condutor";"Tombamento";"Com Vítimas Feridas";"Pleno dia";"Crescente";"Céu Claro";"Dupla";"Reta";"Não";1;0;1;0;0;0;1;1;-8,22473335;-35,69081624;"SPRF-PE";"DEL02-PE";"UOP02-DEL02PE"
398656;2021-11-29;"segunda-feira";"09:30:00";"PR";369;194,9;"APUCARANA";"Reação tardia ou ineficiente do condutor";"Colisão com objeto";"Sem Vítimas";"Pleno dia";"Crescente";"Nublado";"Dupla";"Reta";"Sim";1;0;0;0;1;0;0;1;-23,49561035;-51,42395228;"SPRF-PR";"DEL07-PR";"UOP02-DEL07-PR"
398658;2021-11-29;"segunda-feira";"10:20:00";"RS";392;309,4;"SAO SEPE";"Condutor Dormindo";"Saída de leito carroçável";"Com Vítimas Feridas";"Pleno dia";"Crescente";"Céu Claro";"Simples";"Reta";"Não";1;0;1;0;0;0;1;1;-30,07245441;-53,64675236;"SPRF-RS";"DEL09-RS";"UOP01-DEL09-RS"
398659;2021-11-27;"sábado";"19:00:00";"RO";364;1042;"PORTO VELHO";"Conversão proibida";"Colisão lateral mesmo sentido";"Com Vítimas Fatais";"Plena Noite";"Crescente";"Céu Claro";"Simples";"Reta";"Sim";3;1;1;0;0;1;1;2;-9,7709868;-66,355924;"SPRF-RO";"DEL01-RO";"UOP03-DEL01-RO"
398661;2021-11-29;"segunda-feira";"12:20:00";"CE";222;4,7;"CAUCAIA";"Condutor desrespeitou a iluminação vermelha do semáforo";"Colisão transversal";"Com Vítimas Feridas";"Pleno dia";"Crescente";"Céu Claro";"Múltipla";"Retorno Regulamentado";"Sim";4;0;0;1;2;1;1;3;-3,74164754;-38,60449792;"SPRF-CE";"DEL01-CE";"UOP01-DEL01-CE"
398662;2021-11-29;"segunda-feira";"12:15:00";"SC";101;123;"ITAJAI";"Condutor deixou de manter distância do veículo da frente";"Colisão traseira";"Com Vítimas Feridas";"Pleno dia";"Decrescente";"Céu Claro";"Múltipla";"Reta";"Sim";2;0;1;0;0;1;1;2;-26,93668609;-48,69876905;"SPRF-SC";"DEL04-SC";"UOP04-DEL04-SC"
398664;2021-11-29;"segunda-feira";"11:05:00";"MA";316;566,7;"CAXIAS";"Demais falhas mecânicas ou elétricas";"Capotamento";"Com Vítimas Feridas";"Pleno dia";"Crescente";"Céu Claro";"Simples";"Reta";"Não";2;0;0;1;1;0;1;1;-4,90839296;-43,23308945;"SPRF-MA";"DEL03-MA";"UOP02-DEL03-MA"
398667;2021-11-29;"segunda-feira";"08:20:00";"RO";435;84;"COLORADO DO OESTE";"Desrespeitar a preferência no cruzamento";"Colisão transversal";"Com Vítimas Feridas";"Pleno dia";"Crescente";"Céu Claro";"Dupla";"Declive";"Sim";2;0;1;0;1;0;1;2;-13,1173435;-60,52293293;"SPRF-RO";"DEL04-RO";"UOP02-DEL04-RO"
398669;2021-11-29;"segunda-feira";"13:35:00";"GO";40;2,9;"VALPARAISO DE GOIAS";"Acessar a via sem observar a presença dos outros veículos";"Colisão transversal";"Com Vítimas Feridas";"Pleno dia";"Crescente";"Céu Claro";"Dupla";"Reta";"Sim";3;0;2;0;1;0;2;2;-16,067129;-47,984235;"SPRF-DF";"DEL01-DF";"UOP01-DEL01-DF"
398670;2021-11-29;"segunda-feira";"13:10:00";"MG";364;21,3;"FRUTAL";"Demais falhas na via";"Saída de leito carroçável";"Com Vítimas Feridas";"Pleno dia";"Decrescente";"Céu Claro";"Simples";"Reta";"Não";1;0;1;0;0;0;1;1;-20,047287;-48,842231;"SPRF-MG";"DEL13-MG";"UOP02-DEL13-MG"
398673;2021-11-29;"segunda-feira";"13:30:00";"SP";116;2;"GUARULHOS";"Ausência de reação do condutor";"Colisão lateral mesmo sentido";"Com Vítimas Feridas";"Pleno dia";"Crescente";"Céu Claro";"Dupla";"Reta";"Sim";4;0;2;1;1;0;3;3;-23,463257;-46,53373;"SPRF-SP";"DEL01-SP";"UOP01-DEL01-SP"
398675;2021-11-29;"segunda-feira";"10:00:00";"RS";386;329;"MARQUES DE SOUZA";"Objeto estático sobre o leito carroçável";"Colisão com objeto";"Com Vítimas Feridas";"Pleno dia";"Crescente";"Céu Claro";"Simples";"Curva";"Não";2;0;1;0;1;0;1;1;-29,33992;-52,078266;"SPRF-RS";"DEL04-RS";"UOP01-DEL04-RS"
398676;2021-11-29;"segunda-feira";"12:18:00";"RO";364;341,3;"JI-PARANA";"Reação tardia ou ineficiente do condutor";"Colisão lateral mesmo sentido";"Com Vítimas Feridas";"Pleno dia";"Decrescente";"Céu Claro";"Simples";"Retorno Regulamentado";"Sim";2;0;1;0;1;0;1;2;-10,88987987;-61,93126772;"SPRF-RO";"DEL02-RO";"UOP01-DEL02-RO"
398678;2021-11-29;"segunda-feira";"13:45:00";"SC";101;133;"BALNEARIO CAMBORIU";"Condutor deixou de manter distância do veículo da frente";"Colisão traseira";"Com Vítimas Feridas";"Pleno dia";"Decrescente";"Céu Claro";"Simples";"Reta";"Sim";2;0;1;0;1;0;1;2;-26,99936;-48,64609;"SPRF-SC";"DEL04-SC";"UOP03-DEL04-SC"
398680;2021-11-29;"segunda-feira";"11:45:00";"SC";153;99,8;"CONCORDIA";"Transitar no acostamento";"Colisão transversal";"Com Vítimas Feridas";"Pleno dia";"Decrescente";"Céu Claro";"Simples";"Reta";"Sim";2;0;0;1;1;0;1;2;-27,235508;-51,951069;"SPRF-SC";"DEL07-SC";"UOP04-DEL07-SC"
398682;2021-11-29;"segunda-feira";"15:00:00";"RJ";101;321;"NITEROI";"Ingestão de álcool e/ou substâncias psicoativas pelo pedestre";"Atropelamento de Pedestre";"Com Vítimas Feridas";"Pleno dia";"Decrescente";"Céu Claro";"Dupla";"Reta";"Sim";2;0;1;0;1;0;1;2;-22,86981096;-43,11046465;"SPRF-RJ";"DEL02-RJ";"UOP02-DEL02-RJ"
398685;2021-11-29;"segunda-feira";"13:40:00";"MT";364;234;"JUSCIMEIRA";"Avarias e/ou desgaste excessivo no pneu";"Saída de leito carroçável";"Com Vítimas Feridas";"Pleno dia";"Decrescente";"Garoa/Chuvisco";"Dupla";"Curva";"Não";5;0;2;0;3;0;2;1;-16,23998594;-54,78133861;"SPRF-MT";"DEL02-MT";"UOP01-DEL02-MT"
398687;2021-11-29;"segunda-feira";"15:00:00";"RJ";40;85;"PETROPOLIS";"Pista esburacada";"Tombamento";"Com Vítimas Feridas";"Pleno dia";"Decrescente";"Céu Claro";"Simples";"Aclive;Curva";"Não";1;0;1;0;0;0;1;1;-22,52850694;-43,2349802;"SPRF-RJ";"DEL06-RJ";"UOP01-DEL06-RJ"