"id";"data_inversa";"dia_semana";"horario";"uf";"br";"km";"municipio";"causa_acidente";"tipo_acidente";"classificacao_acidente";"fase_dia";"sentido_via";"condicao_metereologica";"tipo_pista";"tracado_via";"uso_solo";"pessoas";"mortos";"feridos_leves";"feridos_graves";"ilesos";"ignorados";"feridos";"veiculos";"latitude";"longitude";"regional";"delegacia";"uop"
398800;2021-11-30;"terça-feira";"08:42:00";"PE";101;98;"CABO DE SANTO AGOSTINHO";"Conversão proibida";"Colisão transversal";"Com Vítimas Feridas";"Pleno dia";"Decrescente";"Céu Claro";"Dupla";"Interseção de Vias";"Sim";2;0;1;0;1;0;1;2;-8,277835;-35,029559;"SPRF-PE";"DEL01-PE";"UOP01-DEL01-PE"
398803;2021-11-30;"terça-feira";"06:00:00";"RO";435;62;"COLORADO DO OESTE";"Condutor Dormindo";"Queda de ocupante de veículo";"Com Vítimas Feridas";"Pleno dia";"Crescente";"Céu Claro";"Simples";"Reta";"Não";2;0;2;0;0;0;2;1;-13,0696202;-60,38731328;"SPRF-RO";"DEL04-RO";"UOP02-DEL04-RO"
398804;2021-11-30;"terça-feira";"09:20:00";"BA";324;616;"SALVADOR";"Condutor deixou de manter distância do veículo da frente";"Colisão traseira";"Com Vítimas Feridas";"Pleno dia";"Decrescente";"Céu Claro";"Dupla";"Reta";"Sim";2;0;1;0;0;1;1;2;-12,87957905;-38,43213893;"SPRF-BA";"DEL01-BA";"UOP01-DEL01-BA"
398806;2021-11-18;"quinta-feira";"08:00:00";"RO";364;765;"PORTO VELHO";"Avarias e/ou desgaste excessivo no pneu";"Saída de leito carroçável";"Com Vítimas Feridas";"Pleno dia";"Decrescente";"Nublado";"Simples";"Reta";"Não";2;0;0;1;1;0;1;1;-9,0962511;-64,0916031;"SPRF-RO";"DEL01-RO";"UOP02-DEL01-RO"
398810;2021-11-30;"terça-feira";"07:25:00";"RO";364;425;"JARU";"Acessar a via sem observar a presença dos outros veículos";"Colisão lateral mesmo sentido";"Com Vítimas Feridas";"Pleno dia";"Crescente";"Céu Claro";"Simples";"Reta";"Sim";2;0;1;0;1;0;1;2;-10,43752488;-62,47169791;"SPRF-RO";"DEL03-RO";"UOP02-DEL03-RO"
398811;2021-11-30;"terça-feira";"11:20:00";"ES";101;127;"SOORETAMA";"Acessar a via sem observar a presença dos outros veículos";"Colisão lateral mesmo sentido";"Com Vítimas Feridas";"Pleno dia";"Crescente";"Céu Claro";"Dupla";"Reta";"Sim";2;0;1;0;1;0;1;2;-19,202898;-40,095524;"SPRF-ES";"DEL04-ES";"UOP01-DEL04-ES"
398815;2021-11-30;"terça-feira";"10:45:00";"RS";480;67,5;"BARAO DE COTEGIPE";"Demais falhas mecânicas ou elétricas";"Colisão lateral sentido oposto";"Sem Vítimas";"Pleno dia";"Decrescente";"Céu Claro";"Simples";"Curva";"Não";2;0;0;0;2;0;0;2;-27,63150868;-52,36002465;"SPRF-RS";"DEL08-RS";"UOP04-DEL08-RS"
398817;2021-11-30;"terça-feira";"11:45:00";"RJ";101;321;"NITEROI";"Acumulo de óleo sobre o pavimento";"Queda de ocupante de veículo";"Com Vítimas Feridas";"Pleno dia";"Crescente";"Nublado";"Simples";"Curva";"Não";2;0;2;0;0;0;2;1;-22,878131;-43,109846;"SPRF-RJ";"DEL02-RJ";"UOP02-DEL02-RJ"
398818;2021-11-30;"terça-feira";"11:45:00";"SP";116;143;"SAO JOSE DOS CAMPOS";"Avarias e/ou desgaste excessivo no pneu";"Tombamento";"Com Vítimas Feridas";"Pleno dia";"Decrescente";"Nublado";"Dupla";"Reta";"Sim";2;0;1;0;1;0;1;1;-23,17849879;-45,83787411;"SPRF-SP";"DEL02-SP";"UOP01-DEL02-SP"
398819;2021-11-30;"terça-feira";"11:40:00";"MG";50;69;"UBERLANDIA";"Ausência de reação do condutor";"Colisão traseira";"Com Vítimas Feridas";"Pleno dia";"Crescente";"Nublado";"Dupla";"Reta";"Sim";2;0;1;0;1;0;1;2;-18,85140204;-48,25345932;"SPRF-MG";"DEL15-MG";"UOP01-DEL15-MG"
398820;2021-11-30;"terça-feira";"12:03:00";"PE";232;78;"GRAVATA";"Acesso irregular";"Colisão transversal";"Com Vítimas Feridas";"Pleno dia";"Crescente";"Céu Claro";"Simples";"Reta;Declive";"Sim";2;0;0;1;1;0;1;2;-8,194214;-35,554441;"SPRF-PE";"DEL02-PE";"UOP02-DEL02PE"
398822;2021-11-30;"terça-feira";"11:20:00";"SC";101;120;"ITAJAI";"Avarias e/ou desgaste excessivo no pneu";"Tombamento";"Com Vítimas Feridas";"Pleno dia";"Crescente";"Céu Claro";"Múltipla";"Reta";"Não";2;0;2;0;0;0;2;1;-26,912758;-48,711998;"SPRF-SC";"DEL04-SC";"UOP04-DEL04-SC"
398824;2021-11-30;"terça-feira";"11:15:00";"RO";364;730;"PORTO VELHO";"Demais falhas mecânicas ou elétricas";"Tombamento";"Com Vítimas Feridas";"Pleno dia";"Crescente";"Nublado";"Simples";"Declive;Reta";"Não";2;0;1;1;0;0;2;1;-8,89486405;-63,9576119;"SPRF-RO";"DEL01-RO";"UOP01-DEL01-RO"
398825;2021-11-30;"terça-feira";"12:25:00";"DF";60;1,1;"BRASILIA";"Entrada inopinada do pedestre";"Atropelamento de Pedestre";"Com Vítimas Feridas";"Pleno dia";"Crescente";"Céu Claro";"Dupla";"Reta";"Sim";4;0;0;1;2;1;1;2;-15,88512645;-48,07031393;"SPRF-DF";"DEL03-DF";"UOP01-DEL03-DF"
398828;2021-11-19;"sexta-feira";"18:30:00";"SC";101;203;"SAO JOSE";"Trafegar com motocicleta (ou similar) entre as faixas";"Colisão lateral mesmo sentido";"Com Vítimas Feridas";"Anoitecer";"Crescente";"Ignorado";"Múltipla";"Reta";"Sim";2;0;0;1;1;0;1;2;-27,5650044;-48,61460082;"SPRF-SC";"DEL01-SC";"UOP01-DEL01-SC"
398829;2021-11-30;"terça-feira";"10:20:00";"MG";116;686;"MURIAE";"Transitar na contramão";"Colisão transversal";"Com Vítimas Feridas";"Pleno dia";"Decrescente";"Nublado";"Simples";"Reta";"Não";2;0;1;0;1;0;1;2;-20,98983685;-42,35915614;"SPRF-MG";"DEL07-MG";"UOP02-DEL07-MG"
398830;2021-11-30;"terça-feira";"13:15:00";"SC";282;2;"FLORIANOPOLIS";"Ausência de reação do condutor";"Saída de leito carroçável";"Com Vítimas Feridas";"Pleno dia";"Crescente";"Céu Claro";"Múltipla";"Reta";"Sim";1;0;1;0;0;0;1;1;-27,603289;-48,590416;"SPRF-SC";"DEL01-SC";"UOP01-DEL01-SC"
398831;2021-11-30;"terça-feira";"10:00:00";"BA";324;430;"RIACHAO DO JACUIPE";"Retorno proibido";"Colisão frontal";"Com Vítimas Feridas";"Pleno dia";"Crescente";"Céu Claro";"Simples";"Reta";"Não";6;0;6;0;0;0;6;2;-11,77025073;-39,45511775;"SPRF-BA";"DEL04-BA";"UOP02-DEL04-BA"
398834;2021-11-30;"terça-feira";"10:20:00";"MG";262;409,2;"IGARATINGA";"Ausência de reação do condutor";"Saída de leito carroçável";"Com Vítimas Feridas";"Pleno dia";"Crescente";"Céu Claro";"Dupla";"Reta";"Não";2;0;2;0;0;0;2;1;-19,8901412;-44,62313102;"SPRF-MG";"DEL08-MG";"UOP03-DEL08-MG"
398835;2021-11-30;"terça-feira";"12:30:00";"PI";343;218;"CAPITAO DE CAMPOS";"Ultrapassagem Indevida";"Colisão frontal";"Com Vítimas Feridas";"Pleno dia";"Crescente";"Céu Claro";"Simples";"Reta";"Não";4;0;4;0;0;0;4;2;-4,496431;-41,953682;"SPRF-PI";"DEL02-PI";"UOP01-DEL02-PI"
398838;2021-11-30;"terça-feira";"12:15:00";"RO";0;0;"PORTO VELHO";"Chuva";"Engavetamento";"Sem Vítimas";"Pleno dia";"Não Informado";"Chuva";"Simples";"Reta";"Sim";3;0;0;0;3;0;0;3;-8,73503924;-63,87864232;"SPRF-RO";"DEL01-RO";"UOP01-DEL01-RO"
398839;2021-11-30;"terça-feira";"12:40:00";"AP";210;40;"MACAPA";"Reação tardia ou ineficiente do condutor";"Tombamento";"Com Vítimas Feridas";"Pleno dia";"Decrescente";"Sol";"Simples";"Curva";"Não";1;0;0;1;0;0;1;1;0,3629696;-51,08236981;"SPRF-AP";"DEL01-AP";"UOP01-DEL01-AP"
398840;2021-11-30;"terça-feira";"14:20:00";"RJ";116;165;"RIO DE JANEIRO";"Reação tardia ou ineficiente do condutor";"Colisão lateral mesmo sentido";"Com Vítimas Feridas";"Pleno dia";"Decrescente";"Nublado";"Múltipla";"Reta";"Sim";2;0;1;0;1;0;1;2;-22,81548519;-43,29087405;"SPRF-RJ";"DEL01-RJ";"UOP01-DEL01-RJ"
398841;2021-11-30;"terça-feira";"14:15:00";"AL";101;129;"SAO MIGUEL DOS CAMPOS";"Acumulo de areia ou detritos sobre o pavimento";"Tombamento";"Com Vítimas Feridas";"Pleno dia";"Crescente";"Céu Claro";"Simples";"Curva";"Não";1;0;1;0;0;0;1;1;-9,74963266;-36,06531248;"SPRF-AL";"DEL02-AL";"UOP01-DEL02-AL"
398844;2021-10-05;"terça-feira";"19:30:00";"PE";232;201,7;"PESQUEIRA";"Ingestão de álcool pelo condutor";"Saída de leito carroçável";"Com Vítimas Fatais";"Plena Noite";"Decrescente";"Céu Claro";"Simples";"Reta";"Não";1;1;0;0;0;0;0;1;-8,37139106;-36,62566;"SPRF-PE";"DEL03-PE";"UOP02-DEL03-PE"
398845;2021-11-30;"terça-feira";"11:00:00";"SC";282;606,7;"MARAVILHA";"Desrespeitar a preferência no cruzamento";"Colisão transversal";"Com Vítimas Feridas";"Pleno dia";"Decrescente";"Céu Claro";"Simples";"Interseção de Vias";"Sim";3;0;1;0;2;0;1;2;-26,786951;-53,195248;"SPRF-SC";"DEL07-SC";"UOP02-DEL07-SC"
398846;2021-11-30;"terça-feira";"14:00:00";"BA";116;816;"VITORIA DA CONQUISTA";"Acessar a via sem observar a presença dos outros veículos";"Colisão lateral sentido oposto";"Com Vítimas Feridas";"Pleno dia";"Crescente";"Céu Claro";"Simples";"Reta";"Não";3;0;2;0;0;1;2;2;-14,77751018;-40,73036091;"SPRF-BA";"DEL08-BA";"UOP01-DEL08-BA"
398847;2021-11-30;"terça-feira";"14:50:00";"PR";0;0;"GUARAPUAVA";"Velocidade Incompatível";"Colisão frontal";"Com Vítimas Feridas";"Pleno dia";"Não Informado";"Sol";"Simples";"Viaduto";"Sim";4;0;1;3;0;0;4;3;-25,36406647;-51,47612929;"SPRF-PR";"DEL08-PR";"UOP01-DEL08-PR"
398850;2021-11-30;"terça-feira";"13:50:00";"AL";316;256;"PILAR";"Reação tardia ou ineficiente do condutor";"Saída de leito carroçável";"Com Vítimas Feridas";"Pleno dia";"Crescente";"Céu Claro";"Simples";"Reta";"Sim";1;0;0;1;0;0;1;1;-9,59085179;-35,94104899;"SPRF-AL";"DEL02-AL";"UOP01-DEL02-AL"
398851;2021-11-29;"segunda-feira";"20:05:00";"SC";282;517,7;"XAXIM";"Pedestre cruzava a pista fora da faixa";"Atropelamento de Pedestre";"Com Vítimas Feridas";"Plena Noite";"Crescente";"Céu Claro";"Simples";"Interseção de Vias";"Sim";2;0;0;1;1;0;1;2;-26,94115263;-52,5033617;"SPRF-SC";"DEL07-SC";"UOP01-DEL07-SC"
398852;2021-11-30;"terça-feira";"12:50:00";"MT";364;446;"VARZEA GRANDE";"Acumulo de água sobre o pavimento";"Saída de leito carroçável";"Com Vítimas Feridas";"Pleno dia";"Crescente";"Chuva";"Simples";"Reta";"Não";2;0;2;0;0;0;2;1;-15,57464999;-56,24387741;"SPRF-MT";"DEL01-MT";"UOP02-DEL01-MT"
398853;2021-11-30;"terça-feira";"15:56:00";"SC";101;120;"ITAJAI";"Trafegar com motocicleta (ou similar) entre as faixas";"Queda de ocupante de veículo";"Com Vítimas Feridas";"Pleno dia";"Crescente";"Sol";"Dupla";"Reta";"Sim";1;0;1;0;0;0;1;1;-26,912758;-48,711998;"SPRF-SC";"DEL04-SC";"UOP04-DEL04-SC"
398854;2021-10-29;"sexta-feira";"18:50:00";"PI";343;251;"CAMPO MAIOR";"Curva acentuada";"Saída de leito carroçável";"Com Vítimas Feridas";"Plena Noite";"Crescente";"Céu Claro";"Simples";"Curva";"Não";1;0;0;1;0;0;1;1;-4,733643;-42,106289;"SPRF-PI";"DEL01-PI";"UOP03-DEL01-PI"
398855;2021-11-30;"terça-feira";"14:30:00";"RJ";40;105;"DUQUE DE CAXIAS";"Acesso irregular";"Atropelamento de Pedestre";"Com Vítimas Feridas";"Pleno dia";"Decrescente";"Garoa/Chuvisco";"Dupla";"Reta";"Não";2;0;1;0;1;0;1;2;-22,64523854;-43,28343283;"SPRF-RJ";"DEL01-RJ";"UOP01-DEL01-RJ"
398856;2021-11-30;"terça-feira";"13:30:00";"GO";153;500;"GOIANIA";"Mal súbito do condutor";"Tombamento";"Com Vítimas Feridas";"Pleno dia";"Crescente";"Céu Claro";"Dupla";"Reta";"Sim";1;0;0;1;0;0;1;1;-16,7118;-49,2324;"SPRF-GO";"DEL01-GO";"UOP01-DEL01-GO"
398857;2021-11-30;"terça-feira";"15:20:00";"SC";101;126,2;"ITAJAI";"Avarias e/ou desgaste excessivo no pneu";"Tombamento";"Com Vítimas Feridas";"Pleno dia";"Crescente";"Sol";"Dupla";"Reta";"Não";1;0;1;0;0;0;1;1;-26,95564404;-48,67978366;"SPRF-SC";"DEL04-SC";"UOP04-DEL04-SC"
398858;2021-11-30;"terça-feira";"10:05:00";"SC";280;13;"SAO FRANCISCO DO SUL";"Mal súbito do condutor";"Saída de leito carroçável";"Com Vítimas Feridas";"Pleno dia";"Crescente";"Céu Claro";"Simples";"Reta";"Não";1;0;0;1;0;0;1;1;-26,32171113;-48,64798666;"SPRF-SC";"DEL03-SC";"UOP03-DEL03-SC"
398861;2021-11-30;"terça-feira";"16:05:00";"PE";232;508,7;"SALGUEIRO";"Acessar a via sem observar a presença dos outros veículos";"Colisão transversal";"Com Vítimas Feridas";"Pleno dia";"Decrescente";"Céu Claro";"Simples";"Reta";"Sim";2;0;1;0;1;0;1;2;-8,06223271;-39,12095006;"SPRF-PE";"DEL05-PE";"UOP01-DEL05-PE"
398862;2021-11-30;"terça-feira";"16:05:00";"SP";116;158;"JACAREI";"Reação tardia ou ineficiente do condutor";"Tombamento";"Com Vítimas Feridas";"Pleno dia";"Crescente";"Céu Claro";"Dupla";"Reta";"Sim";1;0;1;0;0;0;1;1;-23,26072137;-45,95179176;"SPRF-SP";"DEL02-SP";"UOP01-DEL02-SP"
398863;2021-11-30;"terça-feira";"15:10:00";"RJ";101;58;"CAMPOS DOS GOYTACAZES";"Acesso irregular";"Colisão transversal";"Com Vítimas Fatais";"Pleno dia";"Crescente";"Nublado";"Simples";"Reta";"Sim";2;1;0;0;1;0;0;2;-21,70316998;-41,31009579;"SPRF-RJ";"DEL08-RJ";"UOP01-DEL08-RJ"
398864;2021-11-30;"terça-feira";"12:05:00";"RS";287;250;"SANTA MARIA";"Desrespeitar a preferência no cruzamento";"Colisão transversal";"Com Vítimas Feridas";"Pleno dia";"Decrescente";"Céu Claro";"Simples";"Interseção de Vias";"Sim";2;0;0;1;0;1;1;2;-29,69023373;-53,87347698;"SPRF-RS";"DEL09-RS";"UOP01-DEL09-RS"
398867;2021-11-30;"terça-feira";"16:34:00";"SC";116;137,9;"SANTA CECILIA";"Condutor deixou de manter distância do veículo da frente";"Colisão traseira";"Com Vítimas Feridas";"Pleno dia";"Crescente";"Céu Claro";"Simples";"Reta;Aclive";"Não";3;0;1;0;2;0;1;3;-26,946361;-50,42928293;"SPRF-SC";"DEL06-SC";"UOP02-DEL06-SC"
398869;2021-11-26;"sexta-feira";"08:30:00";"MS";163;728;"COXIM";"Condutor deixou de manter distância do veículo da frente";"Colisão traseira";"Com Vítimas Feridas";"Pleno dia";"Crescente";"Céu Claro";"Simples";"Declive";"Sim";2;0;1;0;0;1;1;2;-18,52735393;-54,74045625;"SPRF-MS";"DEL06-MS";"UOP01-DEL06-MS"
398873;2021-11-30;"terça-feira";"15:30:00";"RS";158;0,9;"SANTANA DO LIVRAMENTO";"Entrada inopinada do pedestre";"Atropelamento de Pedestre";"Com Vítimas Feridas";"Pleno dia";"Decrescente";"Céu Claro";"Simples";"Reta";"Sim";4;0;0;1;2;1;1;2;-30,891298;-55,533264;"SPRF-RS";"DEL11-RS";"UOP01-DEL11-RS"
398876;2021-11-30;"terça-feira";"17:30:00";"MG";50;25,2;"ARAGUARI";"Velocidade Incompatível";"Saída de leito carroçável";"Com Vítimas Feridas";"Pleno dia";"Decrescente";"Chuva";"Dupla";"Curva";"Não";4;0;1;3;0;0;4;2;-18,61146226;-48,07749391;"SPRF-MG";"DEL15-MG";"UOP02-DEL15-MG"
398877;2021-11-30;"terça-feira";"17:51:00";"GO";40;6,7;"VALPARAISO DE GOIAS";"Reação tardia ou ineficiente do condutor";"Colisão traseira";"Com Vítimas Feridas";"Pleno dia";"Crescente";"Céu Claro";"Dupla";"Reta";"Sim";2;0;1;0;1;0;1;2;-16,1062671;-47,97411919;"SPRF-DF";"DEL01-DF";"UOP01-DEL01-DF"
398878;2021-11-30;"terça-feira";"17:52:00";"SC";470;53;"BLUMENAU";"Desrespeitar a preferência no cruzamento";"Colisão transversal";"Com Vítimas Feridas";"Pleno dia";"Crescente";"Céu Claro";"Simples";"Curva";"Sim";2;0;1;0;1;0;1;2;-26,867121;-49,102066;"SPRF-SC";"DEL04-SC";"UOP01-DEL04-SC"
398880;2021-11-30;"terça-feira";"18:00:00";"RN";304;71,6;"MOSSORO";"Animais na Pista";"Capotamento";"Com Vítimas Feridas";"Plena Noite";"Decrescente";"Céu Claro";"Simples";"Reta";"Não";1;0;1;0;0;0;1;1;-5,40947483;-37,22044579;"SPRF-RN";"DEL04-RN";"UOP01-DEL04-RN"
398881;2021-10-02;"sábado";"00:15:00";"RO";364;700;"PORTO VELHO";"Reação tardia ou ineficiente do condutor";"Colisão traseira";"Sem Vítimas";"Plena Noite";"Decrescente";"Céu Claro";"Dupla";"Reta";"Não";2;0;0;0;1;1;0;2;-8,80049426;-63,76902;"SPRF-RO";"DEL01-RO";"UOP01-DEL01-RO"
398883;2021-11-30;"terça-feira";"19:00:00";"SC";282;3;"SAO JOSE";"Trafegar com motocicleta (ou similar) entre as faixas";"Colisão traseira";"Com Vítimas Feridas";"Plena Noite";"Crescente";"Nublado";"Múltipla";"Reta";"Sim";2;0;2;0;0;0;2;2;-27,600384;-48,599705;"SPRF-SC";"DEL01-SC";"UOP01-DEL01-SC"
398884;2021-11-30;"terça-feira";"18:20:00";"PB";230;8,8;"CABEDELO";"Área urbana sem a presença de local apropriado para a travessia de pedestres";"Atropelamento de Pedestre";"Com Vítimas Feridas";"Anoitecer";"Crescente";"Céu Claro";"Dupla";"Em Obras";"Sim";2;0;1;1;0;0;2;2;-7,0355;-34,8429;"SPRF-PB";"DEL01-PB";"UOP01-DEL01-PB"
398885;2021-11-30;"terça-feira";"18:35:00";"SC";101;86,1;"BARRA VELHA";"Condutor deixou de manter distância do veículo da frente";"Colisão traseira";"Com Vítimas Feridas";"Plena Noite";"Crescente";"Céu Claro";"Simples";"Interseção de Vias";"Sim";2;0;1;0;1;0;1;2;-26,63277317;-48,70232513;"SPRF-SC";"DEL03-SC";"UOP02-DEL03-SC"
398887;2021-11-30;"terça-feira";"18:15:00";"SC";101;12,2;"GARUVA";"Avarias e/ou desgaste excessivo no pneu";"Tombamento";"Com Vítimas Feridas";"Anoitecer";"Decrescente";"Céu Claro";"Dupla";"Reta";"Não";1;0;0;1;0;0;1;1;-26,08104399;-48,86175612;"SPRF-SC";"DEL03-SC";"UOP01-DEL03-SC"
398888;2021-11-30;"terça-feira";"18:50:00";"SC";101;206,9;"SAO JOSE";"Desrespeitar a preferência no cruzamento";"Colisão lateral mesmo sentido";"Com Vítimas Feridas";"Plena Noite";"Crescente";"Céu Claro";"Dupla";"Interseção de Vias";"Não";2;0;0;1;1;0;1;2;-27,59193546;-48,61824557;"SPRF-SC";"DEL01-SC";"UOP01-DEL01-SC"
398889;2021-11-30;"terça-feira";"18:50:00";"RJ";101;429;"MANGARATIBA";"Acumulo de água sobre o pavimento";"Saída de leito carroçável";"Com Vítimas Feridas";"Anoitecer";"Decrescente";"Chuva";"Simples";"Curva";"Não";1;0;1;0;0;0;1;1;-22,935335;-44,0004;"SPRF-RJ";"DEL03-RJ";"UOP03-DEL03-RJ"
398890;2021-11-30;"terça-feira";"18:45:00";"RS";290;140,5;"ELDORADO DO SUL";"Entrada inopinada do pedestre";"Atropelamento de Pedestre";"Com Vítimas Feridas";"Pleno dia";"Crescente";"Céu Claro";"Simples";"Reta";"Não";2;0;0;1;1;0;1;2;-30,082417;-51,609337;"SPRF-RS";"DEL02-RS";"UOP01-DEL02-RS"
398892;2021-11-30;"terça-feira";"19:00:00";"BA";101;507;"ITABUNA";"Transitar na contramão";"Colisão frontal";"Com Vítimas Feridas";"Plena Noite";"Crescente";"Céu Claro";"Simples";"Ponte;Reta";"Sim";2;0;1;0;0;1;1;2;-14,81503689;-39,29661512;"SPRF-BA";"DEL05-BA";"UOP01-DEL05-BA"
398893;2021-11-30;"terça-feira";"19:45:00";"PB";230;152,9;"CAMPINA GRANDE";"Condutor deixou de manter distância do veículo da frente";"Tombamento";"Com Vítimas Feridas";"Plena Noite";"Decrescente";"Céu Claro";"Simples";"Reta";"Não";1;0;1;0;0;0;1;1;-7,2688;-35,8837;"SPRF-PB";"DEL02-PB";"UOP01-DEL02-PB"
398895;2021-11-30;"terça-feira";"19:45:00";"RN";304;281;"MACAIBA";"Animais na Pista";"Atropelamento de Animal";"Sem Vítimas";"Plena Noite";"Decrescente";"Céu Claro";"Múltipla";"Reta";"Sim";1;0;0;0;1;0;0;1;-5,88698418;-35,48092295;"SPRF-RN";"DEL01-RN";"UOP02-DEL01-RN"
398896;2021-11-30;"terça-feira";"19:30:00";"RS";290;102;"PORTO ALEGRE";"Carga excessiva e/ou mal acondicionada";"Tombamento";"Com Vítimas Feridas";"Plena Noite";"Crescente";"Nublado";"Dupla";"Reta";"Não";1;0;1;0;0;0;1;1;-29,987228;-51,25613;"SPRF-RS";"DEL01-RS";"UOP01-DEL01-RS"
398899;2021-11-30;"terça-feira";"20:00:00";"SP";116;478;"JACUPIRANGA";"Acessar a via sem observar a presença dos outros veículos";"Colisão traseira";"Com Vítimas Feridas";"Plena Noite";"Decrescente";"Céu Claro";"Simples";"Declive";"Sim";2;0;1;0;1;0;1;2;-24,70388258;-48,01063531;"SPRF-SP";"DEL05-SP";"UOP01-DEL05-SP"
398901;2021-11-30;"terça-feira";"20:18:00";"PR";376;188,5;"MARIALVA";"Entrada inopinada do pedestre";"Atropelamento de Pedestre";"Com Vítimas Fatais";"Plena Noite";"Crescente";"Céu Claro";"Dupla";"Reta";"Sim";2;1;0;0;1;0;0;2;-23,46634923;-51,82808011;"SPRF-PR";"DEL09-PR";"UOP01-DEL09-PR"
398903;2021-11-30;"terça-feira";"20:20:00";"PR";277;727,7;"FOZ DO IGUACU";"Objeto estático sobre o leito carroçável";"Tombamento";"Com Vítimas Feridas";"Plena Noite";"Crescente";"Céu Claro";"Dupla";"Declive;Reta";"Sim";1;0;1;0;0;0;1;1;-25,50996659;-54,5695979;"SPRF-PR";"DEL05-PR";"UOP03-DEL05-PR"
398905;2021-11-30;"terça-feira";"20:00:00";"MG";116;273,4;"TEOFILO OTONI";"Acessar a via sem observar a presença dos outros veículos";"Colisão transversal";"Com Vítimas Feridas";"Plena Noite";"Decrescente";"Céu Claro";"Simples";"Reta";"Não";3;0;2;0;1;0;2;2;-17,82616139;-41,50619857;"SPRF-MG";"DEL11-MG";"UOP01-DEL11-MG"
398906;2021-11-30;"terça-feira";"20:30:00";"TO";242;454,7;"FORMOSO DO ARAGUAIA";"Ingestão de álcool pelo condutor";"Colisão lateral sentido oposto";"Com Vítimas Feridas";"Plena Noite";"Crescente";"Céu Claro";"Simples";"Reta";"Não";2;0;1;0;1;0;1;2;-11,80764189;-49,53707544;"SPRF-TO";"DEL01-TO";"UOP02-DEL01-TO"
398909;2021-11-30;"terça-feira";"18:30:00";"MS";267;481;"JARDIM";"Acessar a via sem observar a presença dos outros veículos";"Colisão transversal";"Com Vítimas Feridas";"Anoitecer";"Decrescente";"Céu Claro";"Simples";"Interseção de Vias;Declive";"Sim";3;0;2;0;1;0;2;2;-21,478745;-56,13899;"SPRF-MS";"DEL05-MS";"UOP01-DEL05-MS"
398910;2021-11-30;"terça-feira";"20:00:00";"SP";116;220;"GUARULHOS";"Reação tardia ou ineficiente do condutor";"Colisão traseira";"Sem Vítimas";"Plena Noite";"Decrescente";"Garoa/Chuvisco";"Múltipla";"Reta";"Sim";2;0;0;0;2;0;0;2;-23,46472809;-46,49793962;"SPRF-SP";"DEL01-SP";"UOP01-DEL01-SP"
398912;2021-11-30;"terça-feira";"21:00:00";"PR";376;6;"MARINGA";"Pedestre cruzava a pista fora da faixa";"Atropelamento de Pedestre";"Com Vítimas Feridas";"Plena Noite";"Decrescente";"Céu Claro";"Dupla";"Declive";"Sim";2;0;1;0;1;0;1;2;-23,3805204;-51,95262909;"SPRF-PR";"DEL09-PR";"UOP01-DEL09-PR"
398915;2021-11-30;"terça-feira";"19:50:00";"RJ";393;254;"BARRA DO PIRAI";"Velocidade Incompatível";"Colisão transversal";"Sem Vítimas";"Plena Noite";"Crescente";"Garoa/Chuvisco";"Simples";"Curva";"Não";2;0;0;0;2;0;0;2;-22,4441491;-43,79169192;"SPRF-RJ";"DEL05-RJ";"UOP04-DEL05-RJ"
398916;2021-11-30;"terça-feira";"22:05:00";"CE";116;16;"EUSEBIO";"Pedestre andava na pista";"Atropelamento de Pedestre";"Com Vítimas Feridas";"Plena Noite";"Decrescente";"Céu Claro";"Múltipla";"Reta";"Sim";4;0;1;1;2;0;2;4;-3,88732794;-38,50185439;"SPRF-CE";"DEL01-CE";"UOP02-DEL01-CE"
398917;2021-11-30;"terça-feira";"16:40:00";"PR";153;225,8;"TIBAGI";"Manobra de mudança de faixa";"Colisão lateral mesmo sentido";"Com Vítimas Feridas";"Pleno dia";"Decrescente";"Céu Claro";"Simples";"Reta";"Não";4;0;2;1;1;0;3;2;-24,65575693;-50,45309763;"SPRF-PR";"DEL03-PR";"UOP02-DEL03-PR"
398918;2021-11-30;"terça-feira";"21:00:00";"GO";364;306;"MINEIROS";"Ingestão de álcool pelo condutor";"Colisão traseira";"Com Vítimas Feridas";"Plena Noite";"Crescente";"Ignorado";"Dupla";"Reta";"Sim";2;0;1;0;1;0;1;2;-17,511412;-52,536316;"SPRF-GO";"DEL05-GO";"UOP01-DEL05-GO"
398919;2021-11-30;"terça-feira";"15:55:00";"AC";364;134;"RIO BRANCO";"Velocidade Incompatível";"Tombamento";"Com Vítimas Feridas";"Pleno dia";"Decrescente";"Céu Claro";"Dupla";"Rotatória";"Sim";2;0;2;0;0;0;2;1;-9,993501;-67,84868;"SPRF-AC";"DEL01-AC";"UOP01-DEL01-AC"
398920;2021-11-30;"terça-feira";"20:20:00";"MT";174;2;"PONTES E LACERDA";"Acessar a via sem observar a presença dos outros veículos";"Colisão transversal";"Com Vítimas Feridas";"Plena Noite";"Crescente";"Céu Claro";"Simples";"Curva";"Sim";2;0;0;1;1;0;1;2;-15,244;-59,333;"SPRF-MT";"DEL03-MT";"UOP01-DEL03-MT"
398921;2021-11-30;"terça-feira";"19:15:00";"SC";470;80;"RODEIO";"Ingestão de álcool pelo condutor";"Saída de leito carroçável";"Com Vítimas Feridas";"Plena Noite";"Decrescente";"Céu Claro";"Simples";"Reta";"Sim";1;0;1;0;0;0;1;1;-26,948805;-49,316097;"SPRF-SC";"DEL04-SC";"UOP01-DEL04-SC"