"id";"data_inversa";"dia_semana";"horario";"uf";"br";"km";"municipio";"causa_acidente";"tipo_acidente";"classificacao_acidente";"fase_dia";"sentido_via";"condicao_metereologica";"tipo_pista";"tracado_via";"uso_solo";"pessoas";"mortos";"feridos_leves";"feridos_graves";"ilesos";"ignorados";"feridos";"veiculos";"latitude";"longitude";"regional";"delegacia";"uop"
399056;2021-12-01;"quarta-feira";"17:10:00";"MS";163;633;"SAO GABRIEL DO OESTE";"Condutor usando celular";"Colisão lateral mesmo sentido";"Com Vítimas Feridas";"Pleno dia";"Decrescente";"Céu Claro";"Dupla";"Reta";"Não";2;0;1;0;1;0;1;2;-19,26482891;-54,66041488;"SPRF-MS";"DEL06-MS";"UOP02-DEL06-MS"
399058;2021-12-01;"quarta-feira";"17:15:00";"SC";101;242,5;"PALHOCA";"Manobra de mudança de faixa";"Colisão lateral mesmo sentido";"Com Vítimas Feridas";"Pleno dia";"Decrescente";"Garoa/Chuvisco";"Múltipla";"Reta";"Não";4;0;1;0;3;0;1;2;-27,87545797;-48,64678433;"SPRF-SC";"DEL01-SC";"UOP02-DEL01-SC"
399061;2021-12-01;"quarta-feira";"18:37:00";"SP";116;148;"SAO JOSE DOS CAMPOS";"Ausência de reação do condutor";"Queda de ocupante de veículo";"Com Vítimas Feridas";"Anoitecer";"Decrescente";"Céu Claro";"Múltipla";"Reta";"Sim";1;0;1;0;0;0;1;1;-23,20067421;-45,8795018;"SPRF-SP";"DEL02-SP";"UOP01-DEL02-SP"
399063;2021-12-01;"quarta-feira";"18:30:00";"SC";101;197;"BIGUACU";"Entrada inopinada do pedestre";"Atropelamento de Pedestre";"Com Vítimas Feridas";"Pleno dia";"Decrescente";"Nublado";"Dupla";"Reta";"Sim";2;0;0;1;1;0;1;2;-27,52658712;-48,63506019;"SPRF-SC";"DEL01-SC";"UOP01-DEL01-SC"
399064;2021-12-01;"quarta-feira";"17:15:00";"PR";153;337,4;"IRATI";"Ingestão de álcool e/ou substâncias psicoativas pelo pedestre";"Saída de leito carroçável";"Com Vítimas Feridas";"Pleno dia";"Crescente";"Céu Claro";"Simples";"Reta";"Sim";1;0;1;0;0;0;1;1;-25,50616511;-50,6512107;"SPRF-PR";"DEL03-PR";"UOP03-DEL03-PR"
399065;2021-12-01;"quarta-feira";"19:00:00";"BA";324;0,9;"FEIRA DE SANTANA";"Condutor deixou de manter distância do veículo da frente";"Colisão traseira";"Com Vítimas Feridas";"Plena Noite";"Decrescente";"Céu Claro";"Dupla";"Reta";"Sim";2;0;1;0;1;0;1;2;-12,267113;-38,966988;"SPRF-BA";"DEL02-BA";"UOP01-DEL02-BA"
399066;2021-12-01;"quarta-feira";"18:30:00";"DF";20;42;"BRASILIA";"Ausência de reação do condutor";"Saída de leito carroçável";"Com Vítimas Feridas";"Plena Noite";"Crescente";"Garoa/Chuvisco";"Dupla";"Reta";"Não";1;0;1;0;0;0;1;1;-15,579221;-47,494339;"SPRF-DF";"DEL02-DF";"UOP01-DEL02-DF"
399067;2021-12-01;"quarta-feira";"17:50:00";"MS";267;293;"RIO BRILHANTE";"Condutor deixou de manter distância do veículo da frente";"Colisão traseira";"Com Vítimas Feridas";"Pleno dia";"Decrescente";"Céu Claro";"Simples";"Reta";"Não";2;0;1;0;0;1;1;2;-21,77116645;-54,55017419;"SPRF-MS";"DEL02-MS";"UOP02-DEL02-MS"
399068;2021-12-01;"quarta-feira";"18:10:00";"MA";10;258;"IMPERATRIZ";"Acessar a via sem observar a presença dos outros veículos";"Colisão transversal";"Com Vítimas Feridas";"Anoitecer";"Decrescente";"Nublado";"Simples";"Reta";"Sim";2;0;1;0;1;0;1;2;-5,481554;-47,472092;"SPRF-MA";"DEL04-MA";"UOP01-DEL04-MA"
399072;2021-12-01;"quarta-feira";"18:20:00";"MA";135;2,2;"SAO LUIS";"Acessar a via sem observar a presença dos outros veículos";"Colisão transversal";"Com Vítimas Feridas";"Anoitecer";"Decrescente";"Ignorado";"Dupla";"Reta";"Sim";2;0;0;1;1;0;1;2;-2,601042;-44,24593985;"SPRF-MA";"DEL01-MA";"UOP01-DEL01-MA"
399073;2021-12-01;"quarta-feira";"17:35:00";"PB";230;154;"CAMPINA GRANDE";"Mal súbito do condutor";"Colisão traseira";"Com Vítimas Feridas";"Anoitecer";"Crescente";"Céu Claro";"Simples";"Reta";"Sim";3;0;2;0;1;0;2;2;-7,2777;-35,8985;"SPRF-PB";"DEL02-PB";"UOP01-DEL02-PB"
399074;2021-12-01;"quarta-feira";"19:55:00";"PR";277;589;"CASCAVEL";"Reação tardia ou ineficiente do condutor";"Colisão traseira";"Com Vítimas Feridas";"Plena Noite";"Crescente";"Céu Claro";"Simples";"Reta";"Sim";3;0;1;0;2;0;1;2;-24,97777319;-53,44688591;"SPRF-PR";"DEL04-PR";"UOP01-DEL04-PR"
399076;2021-12-01;"quarta-feira";"20:30:00";"MG";40;626,8;"CONSELHEIRO LAFAIETE";"Pedestre cruzava a pista fora da faixa";"Atropelamento de Pedestre";"Com Vítimas Feridas";"Plena Noite";"Decrescente";"Céu Claro";"Simples";"Curva";"Sim";2;0;1;0;1;0;1;2;-20,62801922;-43,80896769;"SPRF-MG";"DEL05-MG";"UOP02-DEL05-MG"
399078;2021-12-01;"quarta-feira";"08:00:00";"GO";40;8,8;"LUZIANIA";"Velocidade Incompatível";"Capotamento";"Sem Vítimas";"Plena Noite";"Crescente";"Chuva";"Dupla";"Reta";"Sim";1;0;0;0;0;1;0;1;-16,12223005;-47,96397507;"SPRF-DF";"DEL01-DF";"UOP01-DEL01-DF"
399082;2021-12-01;"quarta-feira";"20:00:00";"PR";277;577;"CASCAVEL";"Ingestão de álcool ou de substâncias psicoativas pelo pedestre";"Atropelamento de Pedestre";"Com Vítimas Feridas";"Plena Noite";"Crescente";"Céu Claro";"Simples";"Reta";"Não";2;0;0;1;1;0;1;2;-24,98510305;-53,33984701;"SPRF-PR";"DEL04-PR";"UOP01-DEL04-PR"
399083;2021-12-01;"quarta-feira";"19:45:00";"MG";262;33,9;"MANHUACU";"Acessar a via sem observar a presença dos outros veículos";"Colisão transversal";"Sem Vítimas";"Plena Noite";"Decrescente";"Nublado";"Simples";"Curva";"Sim";2;0;0;0;2;0;0;2;-20,25550548;-42,00465315;"SPRF-MG";"DEL06-MG";"UOP03-DEL06-MG"
399089;2021-12-01;"quarta-feira";"18:00:00";"MA";316;262;"SANTA INES";"Reação tardia ou ineficiente do condutor";"Colisão frontal";"Com Vítimas Feridas";"Anoitecer";"Decrescente";"Céu Claro";"Simples";"Reta";"Sim";3;0;3;0;0;0;3;2;-3,675505;-45,380474;"SPRF-MA";"DEL02-MA";"UOP01-DEL02-MA"
399090;2021-12-01;"quarta-feira";"21:50:00";"BA";324;596;"CANDEIAS";"Velocidade Incompatível";"Saída de leito carroçável";"Com Vítimas Feridas";"Plena Noite";"Decrescente";"Céu Claro";"Dupla";"Curva";"Não";1;0;1;0;0;0;1;1;-12,72003796;-38,45130588;"SPRF-BA";"DEL01-BA";"UOP01-DEL01-BA"
399091;2021-12-01;"quarta-feira";"20:30:00";"PB";101;85;"BAYEUX";"Condutor deixou de manter distância do veículo da frente";"Queda de ocupante de veículo";"Com Vítimas Feridas";"Plena Noite";"Crescente";"Céu Claro";"Dupla";"Retorno Regulamentado";"Sim";1;0;1;0;0;0;1;1;-7,14538184;-34,91662887;"SPRF-PB";"DEL01-PB";"UOP01-DEL01-PB"
399092;2021-12-01;"quarta-feira";"19:00:00";"MG";50;206;"UBERABA";"Ausência de reação do condutor";"Colisão com objeto";"Com Vítimas Feridas";"Plena Noite";"Crescente";"Nublado";"Dupla";"Curva";"Não";1;0;1;0;0;0;1;1;-19,92627147;-47,82191068;"SPRF-MG";"DEL13-MG";"UOP01-DEL13-MG"
399093;2021-07-04;"domingo";"20:00:00";"PB";230;153;"CAMPINA GRANDE";"Ausência de reação do condutor";"Saída de leito carroçável";"Sem Vítimas";"Plena Noite";"Decrescente";"Céu Claro";"Simples";"Reta";"Sim";1;0;0;0;0;1;0;1;-7,2763;-35,8887;"SPRF-PB";"DEL02-PB";"UOP01-DEL02-PB"
399095;2021-12-01;"quarta-feira";"19:15:00";"AC";317;193;"XAPURI";"Obras na pista";"Capotamento";"Com Vítimas Feridas";"Plena Noite";"Crescente";"Garoa/Chuvisco";"Simples";"Em Obras";"Não";1;0;1;0;0;0;1;1;-10,62719496;-68,06703204;"SPRF-AC";"DEL01-AC";"UOP02-DEL01-AC"
399099;2021-12-01;"quarta-feira";"23:55:00";"PB";230;133,4;"CAMPINA GRANDE";"Animais na Pista";"Saída de leito carroçável";"Com Vítimas Feridas";"Plena Noite";"Crescente";"Céu Claro";"Dupla";"Reta";"Não";1;0;1;0;0;0;1;1;-7,2767;-35,7464;"SPRF-PB";"DEL02-PB";"UOP01-DEL02-PB"
399100;2021-12-02;"quinta-feira";"00:56:00";"RJ";101;98;"CAMPOS DOS GOYTACAZES";"Condutor Dormindo";"Saída de leito carroçável";"Com Vítimas Feridas";"Plena Noite";"Decrescente";"Céu Claro";"Dupla";"Reta";"Não";1;0;1;0;0;0;1;1;-21,87578294;-41,57377702;"SPRF-RJ";"DEL08-RJ";"UOP02-DEL08-RJ"
399102;2021-12-02;"quinta-feira";"00:50:00";"PR";116;13;"COLOMBO";"Iluminação deficiente";"Colisão traseira";"Sem Vítimas";"Plena Noite";"Decrescente";"Céu Claro";"Dupla";"Reta";"Sim";2;0;0;0;2;0;0;2;-25,3755;-49,1496;"SPRF-PR";"DEL01-PR";"UOP02-DEL01-PR"
399103;2021-12-02;"quinta-feira";"00:10:00";"MG";50;187;"UBERABA";"Acesso irregular";"Tombamento";"Com Vítimas Feridas";"Plena Noite";"Crescente";"Nublado";"Dupla";"Em Obras";"Não";1;0;1;0;0;0;1;1;-19,83290398;-47,88516697;"SPRF-MG";"DEL13-MG";"UOP01-DEL13-MG"
399104;2021-12-01;"quarta-feira";"23:15:00";"SP";116;567,9;"BARRA DO TURVO";"Ausência de reação do condutor";"Colisão com objeto";"Com Vítimas Feridas";"Plena Noite";"Decrescente";"Garoa/Chuvisco";"Múltipla";"Curva";"Não";2;0;2;0;0;0;2;1;-25,0475499;-48,55355172;"SPRF-SP";"DEL05-SP";"UOP02-DEL05-SP"
399106;2021-12-01;"quarta-feira";"21:50:00";"MT";364;1;"ALTO ARAGUAIA";"Ingestão de álcool pelo condutor";"Colisão traseira";"Sem Vítimas";"Plena Noite";"Crescente";"Céu Claro";"Dupla";"Reta";"Sim";2;0;0;0;2;0;0;2;-17,31227325;-53,21828343;"SPRF-MT";"DEL02-MT";"UOP02-DEL02-MT"
399110;2021-12-02;"quinta-feira";"04:50:00";"SC";470;59;"BLUMENAU";"Acessar a via sem observar a presença dos outros veículos";"Colisão transversal";"Com Vítimas Feridas";"Amanhecer";"Crescente";"Nublado";"Simples";"Curva";"Sim";3;0;2;0;1;0;2;2;-26,882812;-49,1548;"SPRF-SC";"DEL04-SC";"UOP01-DEL04-SC"
399112;2021-12-02;"quinta-feira";"04:40:00";"PB";230;8;"CABEDELO";"Velocidade Incompatível";"Colisão com objeto";"Sem Vítimas";"Amanhecer";"Crescente";"Ignorado";"Dupla";"Interseção de Vias;Curva;Em Obras;Viaduto;Declive";"Sim";1;0;0;0;0;1;0;1;-7,0355;-34,8429;"SPRF-PB";"DEL01-PB";"UOP01-DEL01-PB"
399113;2021-11-14;"domingo";"21:40:00";"RJ";116;190;"QUEIMADOS";"Ingestão de álcool pelo condutor";"Colisão lateral mesmo sentido";"Com Vítimas Feridas";"Plena Noite";"Decrescente";"Céu Claro";"Múltipla";"Reta";"Sim";9;0;1;1;6;1;2;2;-22,74123776;-43,5007311;"SPRF-RJ";"DEL01-RJ";"UOP02-DEL01-RJ"
399116;2021-12-02;"quinta-feira";"05:40:00";"PR";277;680;"MEDIANEIRA";"Ingestão de álcool pelo condutor";"Saída de leito carroçável";"Sem Vítimas";"Amanhecer";"Crescente";"Céu Claro";"Dupla";"Reta";"Não";1;0;0;0;0;1;0;1;-25,32254101;-54,16501799;"SPRF-PR";"DEL05-PR";"UOP01-DEL05-PR"
399122;2021-10-01;"sexta-feira";"18:00:00";"BA";101;475;"URUCUCA";"Manobra de mudança de faixa";"Saída de leito carroçável";"Com Vítimas Feridas";"Anoitecer";"Crescente";"Céu Claro";"Simples";"Reta";"Não";2;0;2;0;0;0;2;1;-14,56837256;-39,33524262;"SPRF-BA";"DEL05-BA";"UOP01-DEL05-BA"
399124;2021-12-02;"quinta-feira";"06:40:00";"SE";235;3;"ARACAJU";"Desvio temporário";"Colisão lateral mesmo sentido";"Com Vítimas Feridas";"Pleno dia";"Decrescente";"Nublado";"Dupla";"Desvio Temporário";"Sim";7;0;2;0;5;0;2;2;-10,9059;-37,111;"SPRF-SE";"DEL01-SE";"UOP01-DEL01-SE"
399126;2021-12-02;"quinta-feira";"03:00:00";"RS";290;177,9;"BUTIA";"Condutor Dormindo";"Saída de leito carroçável";"Com Vítimas Feridas";"Plena Noite";"Crescente";"Céu Claro";"Simples";"Reta";"Não";1;0;0;1;0;0;1;1;-30,132814;-51,982243;"SPRF-RS";"DEL02-RS";"UOP03-DEL02-RS"
399127;2021-10-07;"quinta-feira";"16:05:00";"RN";405;0;"MOSSORO";"Conversão proibida";"Colisão transversal";"Com Vítimas Feridas";"Pleno dia";"Crescente";"Céu Claro";"Dupla";"Reta";"Sim";3;0;1;0;2;0;1;2;-5,1914673;-37,351887;"SPRF-RN";"DEL04-RN";"UOP02-DEL04-RN"
399128;2021-12-02;"quinta-feira";"07:05:00";"SC";470;52;"BLUMENAU";"Ausência de reação do condutor";"Colisão traseira";"Com Vítimas Feridas";"Pleno dia";"Decrescente";"Nublado";"Simples";"Interseção de Vias";"Sim";3;0;2;0;1;0;2;2;-26,862286;-49,093903;"SPRF-SC";"DEL04-SC";"UOP01-DEL04-SC"
399129;2021-12-02;"quinta-feira";"06:45:00";"MG";381;499,8;"BETIM";"Condutor deixou de manter distância do veículo da frente";"Engavetamento";"Com Vítimas Feridas";"Pleno dia";"Decrescente";"Céu Claro";"Dupla";"Reta";"Sim";5;0;1;0;4;0;1;5;-20,01792651;-44,2261448;"SPRF-MG";"DEL01-MG";"UOP03-DEL01-MG"
399131;2021-12-02;"quinta-feira";"06:30:00";"SP";116;128;"CACAPAVA";"Demais falhas mecânicas ou elétricas";"Tombamento";"Com Vítimas Feridas";"Pleno dia";"Decrescente";"Céu Claro";"Dupla";"Reta";"Não";2;0;2;0;0;0;2;1;-23,11454664;-45,71105567;"SPRF-SP";"DEL02-SP";"UOP02-DEL02-SP"
399132;2021-12-02;"quinta-feira";"06:45:00";"PR";277;387;"CANDOI";"Reação tardia ou ineficiente do condutor";"Colisão frontal";"Com Vítimas Feridas";"Pleno dia";"Decrescente";"Céu Claro";"Simples";"Reta";"Não";4;0;1;1;2;0;2;2;-25,43008895;-51,80099703;"SPRF-PR";"DEL08-PR";"UOP01-DEL08-PR"
399134;2021-12-02;"quinta-feira";"07:20:00";"GO";70;6,1;"AGUAS LINDAS DE GOIAS";"Manobra de mudança de faixa";"Colisão lateral mesmo sentido";"Com Vítimas Feridas";"Pleno dia";"Decrescente";"Nublado";"Dupla";"Reta";"Sim";2;0;1;0;1;0;1;2;-15,75049381;-48,2612381;"SPRF-DF";"DEL03-DF";"UOP02-DEL03-DF"
399135;2021-12-02;"quinta-feira";"07:45:00";"SC";101;200,7;"SAO JOSE";"Trafegar com motocicleta (ou similar) entre as faixas";"Colisão traseira";"Com Vítimas Feridas";"Pleno dia";"Crescente";"Nublado";"Múltipla";"Reta";"Sim";3;0;2;0;1;0;2;2;-27,54018513;-48,62287714;"SPRF-SC";"DEL01-SC";"UOP01-DEL01-SC"
399137;2021-12-02;"quinta-feira";"07:25:00";"RS";470;213;"BENTO GONCALVES";"Condutor deixou de manter distância do veículo da frente";"Engavetamento";"Com Vítimas Feridas";"Pleno dia";"Crescente";"Céu Claro";"Simples";"Curva;Aclive";"Sim";4;0;1;0;3;0;1;3;-29,138703;-51,542708;"SPRF-RS";"DEL06-RS";"UOP01-DEL06-RS"
399141;2021-12-02;"quinta-feira";"07:40:00";"RS";285;121,4;"VACARIA";"Conversão proibida";"Colisão traseira";"Com Vítimas Feridas";"Pleno dia";"Decrescente";"Céu Claro";"Simples";"Reta";"Sim";2;0;1;0;0;1;1;2;-28,510252;-50,935688;"SPRF-RS";"DEL05-RS";"UOP03-DEL05-RS"
399144;2021-12-02;"quinta-feira";"08:00:00";"SC";101;201,6;"SAO JOSE";"Acessar a via sem observar a presença dos outros veículos";"Colisão lateral mesmo sentido";"Com Vítimas Feridas";"Pleno dia";"Crescente";"Nublado";"Dupla";"Reta";"Sim";3;0;0;1;2;0;1;3;-27,54836599;-48,61977975;"SPRF-SC";"DEL01-SC";"UOP01-DEL01-SC"
399146;2021-10-27;"quarta-feira";"06:50:00";"MA";135;7,8;"SAO LUIS";"Condutor deixou de manter distância do veículo da frente";"Colisão lateral sentido oposto";"Com Vítimas Feridas";"Pleno dia";"Crescente";"Sol";"Dupla";"Reta";"Sim";2;0;1;0;1;0;1;2;-2,63608835;-44,26848552;"SPRF-MA";"DEL01-MA";"UOP01-DEL01-MA"
399147;2021-12-02;"quinta-feira";"07:14:00";"SP";116;274;"TABOAO DA SERRA";"Velocidade Incompatível";"Queda de ocupante de veículo";"Com Vítimas Feridas";"Pleno dia";"Crescente";"Céu Claro";"Dupla";"Reta";"Sim";1;0;0;1;0;0;1;1;-23,63445084;-46,82418514;"SPRF-SP";"DEL04-SP";"UOP01-DEL04-SP"
399148;2021-12-02;"quinta-feira";"08:15:00";"SC";101;203;"SAO JOSE";"Ausência de reação do condutor";"Colisão lateral mesmo sentido";"Com Vítimas Feridas";"Pleno dia";"Crescente";"Nublado";"Múltipla";"Reta";"Sim";2;0;0;1;1;0;1;2;-27,5650044;-48,61460082;"SPRF-SC";"DEL01-SC";"UOP01-DEL01-SC"
399149;2021-12-02;"quinta-feira";"08:40:00";"PE";232;147;"SAO CAITANO";"Transitar na contramão";"Colisão frontal";"Com Vítimas Feridas";"Pleno dia";"Decrescente";"Céu Claro";"Simples";"Reta";"Sim";2;0;0;2;0;0;2;2;-8,33373137;-36,13751116;"SPRF-PE";"DEL02-PE";"UOP03-DEL02-PE"
399152;2021-12-02;"quinta-feira";"09:15:00";"GO";40;0,1;"VALPARAISO DE GOIAS";"Manobra de mudança de faixa";"Colisão traseira";"Com Vítimas Feridas";"Pleno dia";"Decrescente";"Chuva";"Dupla";"Reta;Aclive";"Sim";2;0;1;0;1;0;1;2;-16,058273;-47,982655;"SPRF-DF";"DEL01-DF";"UOP01-DEL01-DF"
399155;2021-12-02;"quinta-feira";"07:45:00";"BA";101;895,6;"IBIRAPUA";"Condutor deixou de manter distância do veículo da frente";"Colisão traseira";"Com Vítimas Feridas";"Pleno dia";"Decrescente";"Chuva";"Simples";"Curva";"Não";1;0;1;0;0;0;1;1;-17,75195644;-39,76501465;"SPRF-BA";"DEL09-BA";"UOP02-DEL09-BA"
399156;2021-12-02;"quinta-feira";"08:40:00";"GO";60;10,1;"SANTO ANTONIO DO DESCOBERTO";"Conversão proibida";"Colisão transversal";"Com Vítimas Feridas";"Pleno dia";"Decrescente";"Nublado";"Dupla";"Declive;Reta";"Não";4;0;1;0;3;0;1;2;-16,11702;-48,317793;"SPRF-DF";"DEL03-DF";"UOP01-DEL03-DF"
399157;2021-12-02;"quinta-feira";"08:30:00";"BA";101;895,7;"CARAVELAS";"Reação tardia ou ineficiente do condutor";"Colisão traseira";"Com Vítimas Feridas";"Pleno dia";"Crescente";"Sol";"Simples";"Curva";"Não";4;0;0;1;3;0;1;2;-17,690338;-39,773912;"SPRF-BA";"DEL09-BA";"UOP02-DEL09-BA"
399159;2021-12-02;"quinta-feira";"08:00:00";"MG";40;516;"RIBEIRAO DAS NEVES";"Velocidade Incompatível";"Engavetamento";"Com Vítimas Feridas";"Pleno dia";"Crescente";"Céu Claro";"Dupla";"Declive";"Sim";3;0;1;0;2;0;1;3;-19,81628624;-44,08960124;"SPRF-MG";"DEL01-MG";"UOP02-DEL01-MG"
399160;2021-12-02;"quinta-feira";"07:30:00";"SP";116;317,1;"JUQUITIBA";"Velocidade Incompatível";"Tombamento";"Com Vítimas Feridas";"Pleno dia";"Crescente";"Sol";"Dupla";"Reta";"Não";1;0;1;0;0;0;1;1;-23,93007626;-46,99729542;"SPRF-SP";"DEL04-SP";"UOP01-DEL04-SP"
399161;2021-12-02;"quinta-feira";"10:00:00";"MG";381;358;"JOAO MONLEVADE";"Acumulo de areia ou detritos sobre o pavimento";"Queda de ocupante de veículo";"Com Vítimas Feridas";"Pleno dia";"Crescente";"Céu Claro";"Simples";"Rotatória";"Sim";2;0;1;0;1;0;1;2;-19,85592801;-43,21689055;"SPRF-MG";"DEL03-MG";"UOP01-DEL03-MG"
399162;2021-12-02;"quinta-feira";"02:30:00";"MS";262;621;"MIRANDA";"Condutor Dormindo";"Saída de leito carroçável";"Sem Vítimas";"Plena Noite";"Decrescente";"Céu Claro";"Simples";"Reta";"Não";1;0;0;0;0;1;0;1;-19,94237399;-56,84753398;"SPRF-MS";"DEL03-MS";"UOP02-DEL03-MS"
399163;2021-12-02;"quinta-feira";"08:40:00";"MA";230;403;"BALSAS";"Acessar a via sem observar a presença dos outros veículos";"Colisão transversal";"Com Vítimas Feridas";"Pleno dia";"Decrescente";"Céu Claro";"Simples";"Rotatória";"Não";2;0;0;1;1;0;1;2;-7,51686308;-46,03524183;"SPRF-MA";"DEL05-MA";"UOP01-DEL05-MA"
399164;2021-12-02;"quinta-feira";"09:43:00";"BA";324;609;"SALVADOR";"Manobra de mudança de faixa";"Colisão lateral mesmo sentido";"Sem Vítimas";"Pleno dia";"Crescente";"Céu Claro";"Dupla";"Reta";"Sim";2;0;0;0;2;0;0;2;-12,82066;-38,40798;"SPRF-BA";"DEL01-BA";"UOP01-DEL01-BA"
399168;2021-12-02;"quinta-feira";"10:00:00";"ES";101;330;"GUARAPARI";"Frear bruscamente";"Engavetamento";"Com Vítimas Feridas";"Pleno dia";"Decrescente";"Céu Claro";"Dupla";"Curva";"Não";4;0;2;2;0;0;4;4;-20,5929953;-40,50133975;"SPRF-ES";"DEL03-ES";"UOP01-DEL03-ES"
399170;2021-12-02;"quinta-feira";"10:10:00";"BA";101;918;"NOVA VICOSA";"Condutor deixou de manter distância do veículo da frente";"Queda de ocupante de veículo";"Com Vítimas Feridas";"Pleno dia";"Crescente";"Céu Claro";"Simples";"Aclive";"Não";2;0;1;0;0;1;1;2;-17,88335225;-39,81342316;"SPRF-BA";"DEL09-BA";"UOP02-DEL09-BA"
399171;2021-10-22;"sexta-feira";"08:58:00";"BA";116;823,8;"VITORIA DA CONQUISTA";"Manobra de mudança de faixa";"Queda de ocupante de veículo";"Com Vítimas Feridas";"Pleno dia";"Decrescente";"Ignorado";"Dupla";"Reta";"Sim";1;0;0;1;0;0;1;1;-14,86102;-40,849908;"SPRF-BA";"DEL08-BA";"UOP01-DEL08-BA"
399172;2021-12-02;"quinta-feira";"10:30:00";"MG";50;180,3;"UBERABA";"Ausência de reação do condutor";"Colisão com objeto";"Sem Vítimas";"Pleno dia";"Crescente";"Céu Claro";"Dupla";"Reta";"Sim";1;0;0;0;1;0;0;1;-19,77848216;-47,92194709;"SPRF-MG";"DEL13-MG";"UOP01-DEL13-MG"
399176;2021-12-02;"quinta-feira";"11:00:00";"RJ";40;31,8;"AREAL";"Acumulo de óleo sobre o pavimento";"Colisão com objeto";"Com Vítimas Feridas";"Pleno dia";"Decrescente";"Céu Claro";"Dupla";"Curva";"Sim";2;0;2;0;0;0;2;1;-22,19245612;-43,16023202;"SPRF-RJ";"DEL05-RJ";"UOP02-DEL05-RJ"
399178;2021-12-02;"quinta-feira";"10:30:00";"AC";364;148;"RIO BRANCO";"Pista esburacada";"Saída de leito carroçável";"Com Vítimas Feridas";"Pleno dia";"Decrescente";"Nublado";"Dupla";"Reta";"Não";1;0;1;0;0;0;1;1;-9,88690631;-67,90025345;"SPRF-AC";"DEL01-AC";"UOP01-DEL01-AC"
399179;2021-12-02;"quinta-feira";"12:25:00";"SP";116;145;"SAO JOSE DOS CAMPOS";"Objeto estático sobre o leito carroçável";"Tombamento";"Com Vítimas Feridas";"Pleno dia";"Crescente";"Céu Claro";"Dupla";"Reta";"Sim";2;0;1;0;1;0;1;1;-23,1869844;-45,8548078;"SPRF-SP";"DEL02-SP";"UOP01-DEL02-SP"
399181;2021-12-02;"quinta-feira";"12:00:00";"MG";40;470;"SETE LAGOAS";"Velocidade Incompatível";"Saída de leito carroçável";"Com Vítimas Fatais";"Pleno dia";"Crescente";"Céu Claro";"Dupla";"Reta";"Sim";1;1;0;0;0;0;0;1;-19,46787403;-44,29555707;"SPRF-MG";"DEL02-MG";"UOP01-DEL02-MG"
399182;2021-12-02;"quinta-feira";"07:10:00";"SC";101;331,8;"TUBARAO";"Ausência de reação do condutor";"Colisão com objeto";"Sem Vítimas";"Pleno dia";"Decrescente";"Céu Claro";"Dupla";"Reta";"Sim";1;0;0;0;0;1;0;1;-28,46718225;-48,99593353;"SPRF-SC";"DEL02-SC";"UOP01-DEL02-SC"
399183;2021-12-02;"quinta-feira";"11:40:00";"SP";101;395;"MIRACATU";"Manobra de mudança de faixa";"Colisão traseira";"Sem Vítimas";"Pleno dia";"Crescente";"Céu Claro";"Dupla";"Reta";"Não";2;0;0;0;2;0;0;2;-24,29017576;-47,46488571;"SPRF-SP";"DEL04-SP";"UOP02-DEL04-SP"
399186;2021-12-02;"quinta-feira";"12:00:00";"PB";230;28;"JOAO PESSOA";"Demais falhas na via";"Tombamento";"Com Vítimas Feridas";"Pleno dia";"Crescente";"Sol";"Dupla";"Viaduto;Curva";"Sim";2;0;2;0;0;0;2;1;-7,16528578;-34,89829179;"SPRF-PB";"DEL01-PB";"UOP01-DEL01-PB"
399187;2021-12-02;"quinta-feira";"13:00:00";"BA";101;905,9;"CARAVELAS";"Acessar a via sem observar a presença dos outros veículos";"Colisão transversal";"Com Vítimas Feridas";"Pleno dia";"Decrescente";"Nublado";"Simples";"Reta";"Não";5;0;3;1;1;0;4;2;-17,772491;-39,775567;"SPRF-BA";"DEL09-BA";"UOP02-DEL09-BA"
399190;2021-12-02;"quinta-feira";"12:20:00";"MG";40;473;"SETE LAGOAS";"Ingestão de álcool pelo condutor";"Colisão com objeto";"Sem Vítimas";"Pleno dia";"Crescente";"Céu Claro";"Simples";"Aclive;Curva";"Sim";2;0;0;0;1;1;0;2;-19,496351;-44,27992;"SPRF-MG";"DEL02-MG";"UOP01-DEL02-MG"
399192;2021-12-02;"quinta-feira";"12:50:00";"RN";304;302,3;"MACAIBA";"Animais na Pista";"Atropelamento de Animal";"Com Vítimas Feridas";"Pleno dia";"Crescente";"Céu Claro";"Dupla";"Reta";"Sim";1;0;1;0;0;0;1;1;-5,87937446;-35,29790983;"SPRF-RN";"DEL01-RN";"UOP02-DEL01-RN"
399193;2021-02-01;"segunda-feira";"07:30:00";"RJ";40;116;"DUQUE DE CAXIAS";"Ultrapassagem Indevida";"Colisão traseira";"Com Vítimas Feridas";"Pleno dia";"Decrescente";"Céu Claro";"Dupla";"Reta";"Sim";4;0;1;0;1;2;1;3;-22,73662299;-43,28858785;"SPRF-RJ";"DEL01-RJ";"UOP01-DEL01-RJ"
399194;2021-10-22;"sexta-feira";"16:45:00";"RS";116;248;"SAO LEOPOLDO";"Condutor deixou de manter distância do veículo da frente";"Colisão traseira";"Sem Vítimas";"Pleno dia";"Decrescente";"Céu Claro";"Dupla";"Reta";"Sim";4;0;0;0;4;0;0;4;-29,77605895;-51,15508618;"SPRF-RS";"DEL01-RS";"UOP02-DEL01-RS"