"id";"data_inversa";"dia_semana";"horario";"uf";"br";"km";"municipio";"causa_acidente";"tipo_acidente";"classificacao_acidente";"fase_dia";"sentido_via";"condicao_metereologica";"tipo_pista";"tracado_via";"uso_solo";"pessoas";"mortos";"feridos_leves";"feridos_graves";"ilesos";"ignorados";"feridos";"veiculos";"latitude";"longitude";"regional";"delegacia";"uop"
399196;2021-12-02;"quinta-feira";"11:30:00";"PB";230;280;"SANTA LUZIA";"Velocidade Incompatível";"Saída de leito carroçável";"Sem Vítimas";"Pleno dia";"Decrescente";"Céu Claro";"Simples";"Curva;Aclive";"Não";1;0;0;0;1;0;0;1;-6,9359;-36,8505;"SPRF-PB";"DEL03-PB";"UOP01-DEL03-PB"
399198;2021-12-02;"quinta-feira";"13:30:00";"RS";392;114,7;"CANGUCU";"Acessar a via sem observar a presença dos outros veículos";"Colisão transversal";"Com Vítimas Feridas";"Pleno dia";"Crescente";"Céu Claro";"Simples";"Reta";"Não";3;0;0;1;2;0;1;2;-31,43234525;-52,65622636;"SPRF-RS";"DEL07-RS";"UOP01-DEL07-RS"
399200;2021-10-22;"sexta-feira";"07:30:00";"MA";316;456;"CODO";"Acessar a via sem observar a presença dos outros veículos";"Colisão transversal";"Com Vítimas Feridas";"Pleno dia";"Crescente";"Céu Claro";"Simples";"Reta";"Não";3;0;0;2;1;0;2;2;-4,503903;-44,091118;"SPRF-MA";"DEL03-MA";"UOP01-DEL03-MA"
399204;2021-07-10;"sábado";"19:30:00";"PA";230;656;"ALTAMIRA";"Reação tardia ou ineficiente do condutor";"Saída de leito carroçável";"Com Vítimas Feridas";"Plena Noite";"Crescente";"Céu Claro";"Simples";"Aclive";"Não";2;0;2;0;0;0;2;1;-3,23486106;-52,30370572;"SPRF-PA";"DEL04-PA";"UOP01-DEL04-PA"
399205;2021-12-02;"quinta-feira";"11:50:00";"ES";482;62,6;"JERONIMO MONTEIRO";"Acessar a via sem observar a presença dos outros veículos";"Atropelamento de Pedestre";"Com Vítimas Feridas";"Pleno dia";"Decrescente";"Nublado";"Simples";"Reta";"Não";4;0;0;1;3;0;1;2;-20,79349282;-41,37909587;"SPRF-ES";"DEL03-ES";"UOP02-DEL03-ES"
399206;2021-12-02;"quinta-feira";"11:50:00";"MT";364;586,9;"DIAMANTINO";"Condutor deixou de manter distância do veículo da frente";"Colisão traseira";"Com Vítimas Feridas";"Pleno dia";"Crescente";"Céu Claro";"Dupla";"Reta";"Não";3;0;1;0;1;1;1;2;-14,61648924;-56,25803777;"SPRF-MT";"DEL01-MT";"UOP01-DEL01-MT"
399207;2021-12-02;"quinta-feira";"13:50:00";"MT";70;496,1;"CUIABA";"Acessar a via sem observar a presença dos outros veículos";"Colisão transversal";"Com Vítimas Feridas";"Pleno dia";"Crescente";"Céu Claro";"Simples";"Reta";"Sim";2;0;1;0;1;0;1;2;-15,65124248;-56,0014987;"SPRF-MT";"DEL01-MT";"UOP02-DEL01-MT"
399209;2021-12-02;"quinta-feira";"13:40:00";"PR";369;184,6;"ARAPONGAS";"Acessar a via sem observar a presença dos outros veículos";"Colisão transversal";"Com Vítimas Feridas";"Pleno dia";"Decrescente";"Céu Claro";"Simples";"Interseção de Vias";"Sim";3;0;1;0;2;0;1;2;-23,40447275;-51,42844498;"SPRF-PR";"DEL07-PR";"UOP02-DEL07-PR"
399214;2021-12-02;"quinta-feira";"15:35:00";"BA";116;827,9;"VITORIA DA CONQUISTA";"Retorno proibido";"Colisão transversal";"Com Vítimas Feridas";"Pleno dia";"Crescente";"Céu Claro";"Simples";"Reta";"Não";2;0;1;0;1;0;1;2;-14,82538058;-40,82217022;"SPRF-BA";"DEL08-BA";"UOP01-DEL08-BA"
399215;2021-10-08;"sexta-feira";"18:30:00";"MG";40;670,9;"CARANDAI";"Acessar a via sem observar a presença dos outros veículos";"Colisão transversal";"Com Vítimas Fatais";"Plena Noite";"Decrescente";"Garoa/Chuvisco";"Simples";"Reta;Declive";"Não";4;1;0;0;1;2;0;4;-20,9807656;-43,78110062;"SPRF-MG";"DEL05-MG";"UOP02-DEL05-MG"
399216;2021-12-02;"quinta-feira";"15:55:00";"SC";101;139;"BALNEARIO CAMBORIU";"Trafegar com motocicleta (ou similar) entre as faixas";"Colisão lateral mesmo sentido";"Com Vítimas Feridas";"Pleno dia";"Crescente";"Céu Claro";"Dupla";"Reta";"Não";2;0;1;0;1;0;1;2;-27,02982303;-48,60115006;"SPRF-SC";"DEL04-SC";"UOP03-DEL04-SC"
399217;2021-12-02;"quinta-feira";"16:00:00";"PR";476;125;"CURITIBA";"Frear bruscamente";"Eventos atípicos";"Sem Vítimas";"Pleno dia";"Crescente";"Nublado";"Múltipla";"Reta";"Sim";3;0;0;0;3;0;0;3;-25,4083;-49,219658;"SPRF-PR";"DEL01-PR";"UOP03-DEL01-PR"
399218;2021-12-02;"quinta-feira";"16:00:00";"GO";40;6,5;"VALPARAISO DE GOIAS";"Condutor deixou de manter distância do veículo da frente";"Colisão traseira";"Com Vítimas Feridas";"Pleno dia";"Decrescente";"Céu Claro";"Dupla";"Reta;Aclive";"Sim";2;0;1;0;1;0;1;2;-16,10449416;-47,97478437;"SPRF-DF";"DEL01-DF";"UOP01-DEL01-DF"
399219;2021-12-02;"quinta-feira";"16:10:00";"RS";470;181,3;"VERANOPOLIS";"Mal súbito do condutor";"Saída de leito carroçável";"Com Vítimas Feridas";"Pleno dia";"Decrescente";"Céu Claro";"Simples";"Curva";"Sim";2;0;0;2;0;0;2;1;-28,96827407;-51,5622282;"SPRF-RS";"DEL06-RS";"UOP02-DEL06-RS"
399220;2021-08-08;"domingo";"07:15:00";"PI";343;215;"CAPITAO DE CAMPOS";"Manobra de mudança de faixa";"Colisão transversal";"Com Vítimas Feridas";"Pleno dia";"Crescente";"Céu Claro";"Simples";"Reta";"Sim";1;0;0;1;0;0;1;1;-4,470698;-41,947941;"SPRF-PI";"DEL02-PI";"UOP01-DEL02-PI"
399223;2021-12-02;"quinta-feira";"16:40:00";"RS";116;146,8;"CAXIAS DO SUL";"Entrada inopinada do pedestre";"Atropelamento de Pedestre";"Com Vítimas Feridas";"Pleno dia";"Crescente";"Céu Claro";"Dupla";"Reta";"Sim";2;0;1;0;1;0;1;2;-29,14228897;-51,13622202;"SPRF-RS";"DEL05-RS";"UOP01-DEL05-RS"
399224;2021-12-02;"quinta-feira";"16:30:00";"RN";101;83,6;"NATAL";"Manobra de mudança de faixa";"Colisão lateral mesmo sentido";"Com Vítimas Feridas";"Pleno dia";"Decrescente";"Céu Claro";"Dupla";"Reta";"Sim";2;0;1;0;1;0;1;2;-5,7710445;-35,26616981;"SPRF-RN";"DEL02-RN";"UOP01-DEL02-RN"
399227;2021-12-02;"quinta-feira";"17:00:00";"ES";101;86,6;"SAO MATEUS";"Reação tardia ou ineficiente do condutor";"Colisão traseira";"Com Vítimas Feridas";"Pleno dia";"Decrescente";"Céu Claro";"Simples";"Reta";"Não";3;0;1;0;2;0;1;2;-18,86552104;-39,93978995;"SPRF-ES";"DEL04-ES";"UOP02-DEL04-ES"
399230;2021-12-02;"quinta-feira";"17:50:00";"RS";116;149,2;"CAXIAS DO SUL";"Desrespeitar a preferência no cruzamento";"Colisão lateral mesmo sentido";"Com Vítimas Feridas";"Anoitecer";"Crescente";"Céu Claro";"Dupla";"Retorno Regulamentado";"Sim";2;0;1;0;1;0;1;2;-29,15996905;-51,15645292;"SPRF-RS";"DEL05-RS";"UOP01-DEL05-RS"
399231;2021-12-02;"quinta-feira";"15:00:00";"MA";135;171,9;"SAO MATEUS DO MARANHAO";"Pista em desnível";"Colisão frontal";"Com Vítimas Feridas";"Pleno dia";"Crescente";"Céu Claro";"Simples";"Reta";"Não";2;0;0;2;0;0;2;2;-3,94097;-44,48016633;"SPRF-MA";"DEL01-MA";"UOP02-DEL01-MA"
399232;2021-12-02;"quinta-feira";"16:30:00";"ES";447;12,8;"VILA VELHA";"Acessar a via sem observar a presença dos outros veículos";"Colisão transversal";"Com Vítimas Feridas";"Pleno dia";"Crescente";"Sol";"Dupla";"Reta";"Sim";2;0;1;0;1;0;1;2;-20,35784325;-40,3328294;"SPRF-ES";"DEL01-ES";"UOP01-DEL01-ES"
399235;2021-12-02;"quinta-feira";"17:50:00";"RS";116;152,3;"CAXIAS DO SUL";"Entrada inopinada do pedestre";"Atropelamento de Pedestre";"Com Vítimas Feridas";"Pleno dia";"Crescente";"Nublado";"Dupla";"Curva;Declive";"Sim";2;0;0;1;1;0;1;2;-29,1829343;-51,16801501;"SPRF-RS";"DEL05-RS";"UOP01-DEL05-RS"
399236;2021-12-02;"quinta-feira";"18:25:00";"RN";427;14;"ACARI";"Frear bruscamente";"Colisão traseira";"Sem Vítimas";"Plena Noite";"Crescente";"Céu Claro";"Simples";"Reta";"Não";2;0;0;0;2;0;0;2;-6,34572075;-36,5871932;"SPRF-RN";"DEL03-RN";"UOP02-DEL03-RN"
399237;2021-12-02;"quinta-feira";"17:30:00";"SP";116;445,2;"REGISTRO";"Demais falhas mecânicas ou elétricas";"Colisão traseira";"Com Vítimas Feridas";"Pleno dia";"Crescente";"Céu Claro";"Dupla";"Declive";"Sim";3;0;1;0;2;0;1;2;-24,49790715;-47,84208686;"SPRF-SP";"DEL05-SP";"UOP01-DEL05-SP"
399239;2021-12-02;"quinta-feira";"18:35:00";"PR";476;135;"CURITIBA";"Condutor deixou de manter distância do veículo da frente";"Colisão lateral mesmo sentido";"Com Vítimas Feridas";"Plena Noite";"Crescente";"Céu Claro";"Dupla";"Reta";"Sim";2;0;1;0;1;0;1;2;-25,483786;-49,265808;"SPRF-PR";"DEL01-PR";"UOP03-DEL01-PR"
399240;2021-11-28;"domingo";"05:00:00";"RJ";101;147;"MACAE";"Demais falhas mecânicas ou elétricas";"Incêndio";"Sem Vítimas";"Plena Noite";"Decrescente";"Nublado";"Simples";"Curva";"Não";1;0;0;0;0;1;0;1;-22,22773196;-41,77649004;"SPRF-RJ";"DEL08-RJ";"UOP04-DEL08-RJ"
399241;2021-12-02;"quinta-feira";"17:30:00";"MS";163;77,6;"ITAQUIRAI";"Reação tardia ou ineficiente do condutor";"Colisão traseira";"Com Vítimas Feridas";"Pleno dia";"Decrescente";"Sol";"Simples";"Reta";"Sim";2;0;0;1;1;0;1;2;-23,4831998;-54,18609129;"SPRF-MS";"DEL09-MS";"UOP01-DEL09-MS"
399244;2021-12-02;"quinta-feira";"16:05:00";"RO";364;24;"VILHENA";"Ultrapassagem Indevida";"Saída de leito carroçável";"Sem Vítimas";"Pleno dia";"Crescente";"Céu Claro";"Simples";"Reta";"Não";1;0;0;0;1;0;0;1;-12,72462637;-60,22962301;"SPRF-RO";"DEL04-RO";"UOP01-DEL04-RO"
399246;2021-12-02;"quinta-feira";"14:52:00";"SC";470;308;"VARGEM";"Condutor Dormindo";"Saída de leito carroçável";"Com Vítimas Feridas";"Pleno dia";"Decrescente";"Céu Claro";"Simples";"Curva";"Não";1;0;1;0;0;0;1;1;-27,389975;-51,122757;"SPRF-SC";"DEL07-SC";"UOP06-DEL07-SC"
399250;2021-12-02;"quinta-feira";"18:15:00";"SC";101;342,6;"TUBARAO";"Avarias e/ou desgaste excessivo no pneu";"Tombamento";"Com Vítimas Feridas";"Pleno dia";"Decrescente";"Céu Claro";"Dupla";"Reta";"Sim";2;0;1;1;0;0;2;1;-28,53340914;-49,05412674;"SPRF-SC";"DEL02-SC";"UOP01-DEL02-SC"
399253;2021-12-02;"quinta-feira";"19:45:00";"GO";40;18,3;"LUZIANIA";"Velocidade Incompatível";"Saída de leito carroçável";"Com Vítimas Feridas";"Plena Noite";"Decrescente";"Nublado";"Dupla";"Curva";"Não";1;0;0;1;0;0;1;1;-16,19349;-47,925575;"SPRF-DF";"DEL01-DF";"UOP01-DEL01-DF"
399254;2021-12-02;"quinta-feira";"18:45:00";"PR";277;591,2;"CASCAVEL";"Condutor deixou de manter distância do veículo da frente";"Colisão traseira";"Com Vítimas Feridas";"Anoitecer";"Crescente";"Céu Claro";"Simples";"Aclive";"Sim";3;0;1;0;2;0;1;3;-24,98473242;-53,46501885;"SPRF-PR";"DEL04-PR";"UOP01-DEL04-PR"
399257;2021-12-02;"quinta-feira";"19:50:00";"CE";222;6,5;"CAUCAIA";"Pedestre cruzava a pista fora da faixa";"Atropelamento de Pedestre";"Com Vítimas Feridas";"Plena Noite";"Decrescente";"Céu Claro";"Dupla";"Reta";"Sim";2;0;0;1;1;0;1;2;-3,74539216;-38,62188041;"SPRF-CE";"DEL01-CE";"UOP01-DEL01-CE"
399259;2021-12-02;"quinta-feira";"19:25:00";"RJ";493;17;"GUAPIMIRIM";"Retorno proibido";"Colisão traseira";"Com Vítimas Feridas";"Plena Noite";"Decrescente";"Céu Claro";"Simples";"Reta";"Sim";3;0;1;0;2;0;1;2;-22,66791406;-43,00902598;"SPRF-RJ";"DEL04-RJ";"UOP02-DEL04-RJ"
399262;2021-12-02;"quinta-feira";"19:40:00";"SP";116;130;"CACAPAVA";"Reação tardia ou ineficiente do condutor";"Queda de ocupante de veículo";"Com Vítimas Feridas";"Plena Noite";"Decrescente";"Céu Claro";"Dupla";"Reta";"Sim";1;0;1;0;0;0;1;1;-23,12313858;-45,72792271;"SPRF-SP";"DEL02-SP";"UOP02-DEL02-SP"
399263;2021-12-02;"quinta-feira";"20:40:00";"RJ";116;178;"NOVA IGUACU";"Demais falhas mecânicas ou elétricas";"Incêndio";"Sem Vítimas";"Plena Noite";"Decrescente";"Céu Claro";"Dupla";"Reta";"Sim";1;0;0;0;1;0;0;1;-22,77496393;-43,40081465;"SPRF-RJ";"DEL01-RJ";"UOP02-DEL01-RJ"
399264;2021-12-02;"quinta-feira";"20:10:00";"RS";448;10;"CANOAS";"Deficiência do Sistema de Iluminação/Sinalização";"Tombamento";"Com Vítimas Feridas";"Plena Noite";"Decrescente";"Céu Claro";"Dupla";"Em Obras";"Não";1;0;1;0;0;0;1;1;-29,903273;-51,244934;"SPRF-RS";"DEL01-RS";"UOP01-DEL01-RS"
399265;2021-12-02;"quinta-feira";"17:40:00";"PI";343;13;"PARNAIBA";"Condutor deixou de manter distância do veículo da frente";"Colisão traseira";"Com Vítimas Feridas";"Anoitecer";"Crescente";"Céu Claro";"Dupla";"Reta";"Sim";2;0;1;0;1;0;1;2;-2,919029;-41,754124;"SPRF-PI";"DEL05-PI";"UOP01-DEL05-PI"
399266;2021-12-02;"quinta-feira";"17:45:00";"AP";156;224;"MACAPA";"Pista Escorregadia";"Colisão frontal";"Com Vítimas Feridas";"Anoitecer";"Crescente";"Chuva";"Simples";"Declive";"Não";4;0;1;1;2;0;2;2;0,2028299;-51,116314;"SPRF-AP";"DEL01-AP";"UOP01-DEL01-AP"
399267;2021-12-02;"quinta-feira";"17:20:00";"MA";316;616;"TIMON";"Área urbana sem a presença de local apropriado para a travessia de pedestres";"Atropelamento de Pedestre";"Com Vítimas Feridas";"Pleno dia";"Decrescente";"Céu Claro";"Simples";"Reta";"Sim";3;0;2;0;0;1;2;2;-5,094195;-42,832569;"SPRF-MA";"DEL03-MA";"UOP02-DEL03-MA"
399270;2021-12-02;"quinta-feira";"20:40:00";"PR";376;616;"SAO JOSE DOS PINHAIS";"Reação tardia ou ineficiente do condutor";"Colisão frontal";"Com Vítimas Feridas";"Plena Noite";"Decrescente";"Garoa/Chuvisco";"Simples";"Reta";"Não";2;0;2;0;0;0;2;2;-25,57583659;-49,17953679;"SPRF-PR";"DEL01-PR";"UOP04-DEL01-PR"
399273;2021-12-02;"quinta-feira";"21:45:00";"RS";116;247;"SAO LEOPOLDO";"Acessar a via sem observar a presença dos outros veículos";"Colisão transversal";"Com Vítimas Feridas";"Plena Noite";"Crescente";"Céu Claro";"Dupla";"Reta";"Sim";2;0;1;0;1;0;1;2;-29,76733091;-51,1535296;"SPRF-RS";"DEL01-RS";"UOP02-DEL01-RS"
399276;2021-12-02;"quinta-feira";"19:00:00";"MS";267;481,3;"JARDIM";"Pedestre cruzava a pista fora da faixa";"Atropelamento de Pedestre";"Com Vítimas Feridas";"Plena Noite";"Crescente";"Céu Claro";"Simples";"Reta";"Sim";2;0;1;0;0;1;1;2;-21,478745;-56,13899;"SPRF-MS";"DEL05-MS";"UOP01-DEL05-MS"
399277;2021-12-02;"quinta-feira";"19:40:00";"MS";60;426,9;"SIDROLANDIA";"Acessar a via sem observar a presença dos outros veículos";"Colisão transversal";"Com Vítimas Feridas";"Plena Noite";"Decrescente";"Céu Claro";"Dupla";"Interseção de Vias";"Sim";2;0;2;0;0;0;2;2;-20,93616918;-54,96170372;"SPRF-MS";"DEL01-MS";"UOP04-DEL01-MS"
399279;2021-12-02;"quinta-feira";"22:30:00";"MG";381;483;"BETIM";"Velocidade Incompatível";"Colisão com objeto";"Sem Vítimas";"Plena Noite";"Crescente";"Céu Claro";"Dupla";"Curva";"Sim";1;0;0;0;0;1;0;1;-19,95594491;-44,10721699;"SPRF-MG";"DEL01-MG";"UOP03-DEL01-MG"
399281;2021-12-02;"quinta-feira";"21:10:00";"MG";116;770,8;"LEOPOLDINA";"Restrição de visibilidade em curvas horizontais";"Colisão frontal";"Com Vítimas Feridas";"Plena Noite";"Crescente";"Chuva";"Simples";"Curva;Declive";"Não";7;0;4;1;2;0;5;2;-21,55054675;-42,67361103;"SPRF-MG";"DEL07-MG";"UOP01-DEL07-MG"
399282;2021-12-02;"quinta-feira";"21:50:00";"MG";262;398;"PARA DE MINAS";"Transitar na contramão";"Colisão traseira";"Com Vítimas Feridas";"Plena Noite";"Crescente";"Céu Claro";"Múltipla";"Reta";"Sim";4;0;1;0;3;0;1;4;-19,90299685;-44,524329;"SPRF-MG";"DEL01-MG";"UOP03-DEL01-MG"
399283;2021-12-02;"quinta-feira";"23:20:00";"ES";101;277,7;"SERRA";"Reação tardia ou ineficiente do condutor";"Capotamento";"Com Vítimas Feridas";"Plena Noite";"Decrescente";"Nublado";"Múltipla";"Reta";"Não";1;0;1;0;0;0;1;1;-20,21307738;-40,32125972;"SPRF-ES";"DEL02-ES";"UOP01-DEL02-ES"
399284;2021-12-02;"quinta-feira";"20:35:00";"MG";116;526,3;"CARATINGA";"Acessar a via sem observar a presença dos outros veículos";"Colisão transversal";"Com Vítimas Feridas";"Plena Noite";"Decrescente";"Céu Claro";"Simples";"Interseção de Vias";"Sim";2;0;1;0;1;0;1;2;-19,77654011;-42,13327989;"SPRF-MG";"DEL06-MG";"UOP02-DEL06-MG"
399285;2021-12-02;"quinta-feira";"23:30:00";"SP";116;292;"ITAPECERICA DA SERRA";"Ausência de reação do condutor";"Capotamento";"Com Vítimas Feridas";"Plena Noite";"Decrescente";"Céu Claro";"Dupla";"Reta";"Não";1;0;1;0;0;0;1;1;-23,74581995;-46,90003027;"SPRF-SP";"DEL04-SP";"UOP01-DEL04-SP"
399287;2021-12-02;"quinta-feira";"23:45:00";"SC";101;161;"TIJUCAS";"Ingestão de álcool pelo condutor";"Colisão traseira";"Sem Vítimas";"Plena Noite";"Decrescente";"Chuva";"Múltipla";"Reta";"Não";2;0;0;0;1;1;0;2;-27,21673911;-48,6244238;"SPRF-SC";"DEL04-SC";"UOP03-DEL04-SC"
399288;2021-12-02;"quinta-feira";"23:50:00";"PR";369;135;"IBIPORA";"Ultrapassagem Indevida";"Colisão frontal";"Com Vítimas Feridas";"Plena Noite";"Decrescente";"Nublado";"Simples";"Reta;Aclive";"Sim";3;0;0;1;2;0;1;2;-23,26518018;-51,03633821;"SPRF-PR";"DEL07-PR";"UOP01-DEL07-PR"
399289;2021-12-02;"quinta-feira";"23:30:00";"RS";290;48;"GLORINHA";"Animais na Pista";"Saída de leito carroçável";"Com Vítimas Feridas";"Plena Noite";"Crescente";"Céu Claro";"Múltipla";"Reta";"Não";2;0;2;0;0;0;2;1;-29,8986;-50,739178;"SPRF-RS";"DEL03-RS";"UOP01-DEL03-RS"
399292;2021-12-02;"quinta-feira";"19:30:00";"ES";482;105,2;"GUACUI";"Desrespeitar a preferência no cruzamento";"Colisão transversal";"Com Vítimas Feridas";"Plena Noite";"Decrescente";"Céu Claro";"Simples";"Reta;Interseção de Vias";"Sim";2;0;1;0;1;0;1;2;-20,777433;-41,66744;"SPRF-ES";"DEL03-ES";"UOP02-DEL03-ES"
399296;2021-12-03;"sexta-feira";"00:02:00";"MA";10;248,1;"IMPERATRIZ";"Transitar na contramão";"Colisão frontal";"Com Vítimas Feridas";"Plena Noite";"Crescente";"Nublado";"Simples";"Reta";"Sim";3;0;1;0;2;0;1;2;-5,566143;-47,449028;"SPRF-MA";"DEL04-MA";"UOP01-DEL04-MA"
399297;2021-12-02;"quinta-feira";"23:40:00";"SC";101;39;"JOINVILLE";"Velocidade Incompatível";"Colisão traseira";"Sem Vítimas";"Plena Noite";"Decrescente";"Chuva";"Simples";"Reta";"Sim";1;0;0;0;1;0;0;1;-26,30311711;-48,88229907;"SPRF-SC";"DEL03-SC";"UOP01-DEL03-SC"
399299;2021-12-03;"sexta-feira";"01:20:00";"PR";116;120;"CURITIBA";"Reação tardia ou ineficiente do condutor";"Colisão traseira";"Sem Vítimas";"Plena Noite";"Decrescente";"Céu Claro";"Dupla";"Reta";"Sim";2;0;0;0;2;0;0;2;-25,55122256;-49,30503748;"SPRF-PR";"DEL01-PR";"UOP03-DEL01-PR"
399300;2021-12-03;"sexta-feira";"00:40:00";"MT";163;664;"LUCAS DO RIO VERDE";"Reação tardia ou ineficiente do condutor";"Saída de leito carroçável";"Com Vítimas Feridas";"Plena Noite";"Decrescente";"Céu Claro";"Dupla";"Reta";"Não";1;0;1;0;0;0;1;1;-13,36939399;-56,07438701;"SPRF-MT";"DEL06-MT";"UOP01-DEL06-MT"
399302;2021-12-03;"sexta-feira";"01:30:00";"SC";101;405;"ARARANGUA";"Condutor Dormindo";"Colisão com objeto";"Com Vítimas Feridas";"Plena Noite";"Decrescente";"Céu Claro";"Dupla";"Reta";"Não";4;0;1;0;3;0;1;1;-28,88548916;-49,4630158;"SPRF-SC";"DEL02-SC";"UOP02-DEL02-SC"
399304;2021-12-03;"sexta-feira";"02:20:00";"ES";101;413,8;"ITAPEMIRIM";"Condutor Dormindo";"Saída de leito carroçável";"Com Vítimas Feridas";"Plena Noite";"Decrescente";"Nublado";"Simples";"Curva";"Não";1;0;1;0;0;0;1;1;-20,91637313;-41,07312186;"SPRF-ES";"DEL03-ES";"UOP02-DEL03-ES"
399306;2021-12-03;"sexta-feira";"02:00:00";"RO";364;707;"PORTO VELHO";"Condutor deixou de manter distância do veículo da frente";"Colisão traseira";"Sem Vítimas";"Plena Noite";"Crescente";"Céu Claro";"Dupla";"Reta";"Não";2;0;0;0;2;0;0;2;-8,80037213;-63,83262707;"SPRF-RO";"DEL01-RO";"UOP01-DEL01-RO"
399309;2021-12-03;"sexta-feira";"05:00:00";"PR";376;221;"CAMBIRA";"Entrada inopinada do pedestre";"Atropelamento de Pedestre";"Com Vítimas Feridas";"Amanhecer";"Crescente";"Céu Claro";"Simples";"Declive;Reta";"Não";2;0;0;2;0;0;2;2;-23,599687;-51,603666;"SPRF-PR";"DEL09-PR";"UOP01-DEL09-PR"
399310;2021-12-03;"sexta-feira";"04:45:00";"PR";116;56;"CAMPINA GRANDE DO SUL";"Reação tardia ou ineficiente do condutor";"Saída de leito carroçável";"Com Vítimas Feridas";"Amanhecer";"Decrescente";"Garoa/Chuvisco";"Dupla";"Reta";"Não";1;0;1;0;0;0;1;1;-25,27999173;-48,92628729;"SPRF-PR";"DEL01-PR";"UOP02-DEL01-PR"
399311;2021-12-03;"sexta-feira";"04:30:00";"MS";376;31,8;"VICENTINA";"Pedestre andava na pista";"Atropelamento de Pedestre";"Com Vítimas Fatais";"Amanhecer";"Crescente";"Céu Claro";"Simples";"Aclive";"Não";2;1;0;1;0;0;1;2;-22,39296573;-54,47618008;"SPRF-MS";"DEL04-MS";"UOP04-DEL04-MS"
399312;2021-12-03;"sexta-feira";"06:05:00";"SC";101;206;"SAO JOSE";"Trafegar com motocicleta (ou similar) entre as faixas";"Colisão lateral mesmo sentido";"Com Vítimas Feridas";"Pleno dia";"Decrescente";"Nublado";"Múltipla";"Reta";"Sim";3;0;0;2;1;0;2;2;-27,59193546;-48,61824557;"SPRF-SC";"DEL01-SC";"UOP01-DEL01-SC"
399314;2021-12-03;"sexta-feira";"05:25:00";"PB";230;19,7;"JOAO PESSOA";"Trafegar com motocicleta (ou similar) entre as faixas";"Queda de ocupante de veículo";"Com Vítimas Feridas";"Pleno dia";"Decrescente";"Céu Claro";"Dupla";"Declive";"Sim";2;0;0;2;0;0;2;1;-7,1281;-34,8466;"SPRF-PB";"DEL01-PB";"UOP01-DEL01-PB"
399316;2021-12-03;"sexta-feira";"05:50:00";"RJ";116;208;"SEROPEDICA";"Acumulo de água sobre o pavimento";"Capotamento";"Com Vítimas Feridas";"Pleno dia";"Decrescente";"Chuva";"Dupla";"Reta";"Não";5;0;4;0;1;0;4;1;-22,72297475;-43,67131596;"SPRF-RJ";"DEL01-RJ";"UOP03-DEL01-RJ"
399318;2021-12-03;"sexta-feira";"06:25:00";"RS";386;344,7;"LAJEADO";"Ingestão de álcool pelo condutor";"Saída de leito carroçável";"Sem Vítimas";"Amanhecer";"Crescente";"Céu Claro";"Simples";"Reta";"Sim";1;0;0;0;1;0;0;1;-29,439268;-51,993633;"SPRF-RS";"DEL04-RS";"UOP01-DEL04-RS"
399319;2021-12-03;"sexta-feira";"06:45:00";"SP";116;144;"SAO JOSE DOS CAMPOS";"Reação tardia ou ineficiente do condutor";"Tombamento";"Com Vítimas Feridas";"Pleno dia";"Crescente";"Céu Claro";"Dupla";"Reta";"Sim";2;0;1;0;1;0;1;1;-23,18274416;-45,84633592;"SPRF-SP";"DEL02-SP";"UOP01-DEL02-SP"
399320;2021-12-03;"sexta-feira";"05:45:00";"MG";50;152;"UBERABA";"Velocidade Incompatível";"Saída de leito carroçável";"Com Vítimas Feridas";"Amanhecer";"Decrescente";"Céu Claro";"Dupla";"Reta";"Não";2;0;2;0;0;0;2;1;-19,58265703;-48,03133923;"SPRF-MG";"DEL13-MG";"UOP01-DEL13-MG"
399321;2021-12-03;"sexta-feira";"06:25:00";"SC";101;406,7;"ARARANGUA";"Reação tardia ou ineficiente do condutor";"Saída de leito carroçável";"Com Vítimas Feridas";"Amanhecer";"Decrescente";"Céu Claro";"Dupla";"Reta";"Não";1;0;1;0;0;0;1;1;-28,89284011;-49,46880088;"SPRF-SC";"DEL02-SC";"UOP02-DEL02-SC"
399323;2021-12-03;"sexta-feira";"07:15:00";"SP";153;61,5;"SAO JOSE DO RIO PRETO";"Reação tardia ou ineficiente do condutor";"Colisão traseira";"Com Vítimas Feridas";"Pleno dia";"Crescente";"Nublado";"Dupla";"Declive";"Sim";2;0;1;0;1;0;1;2;-20,80502876;-49,35574909;"SPRF-SP";"DEL09-SP";"UOP01-DEL09-SP"
399324;2021-12-03;"sexta-feira";"07:20:00";"PB";230;16,8;"JOAO PESSOA";"Condutor deixou de manter distância do veículo da frente";"Colisão traseira";"Com Vítimas Feridas";"Pleno dia";"Crescente";"Céu Claro";"Dupla";"Reta";"Sim";3;0;1;0;2;0;1;2;-7,1039;-34,8458;"SPRF-PB";"DEL01-PB";"UOP01-DEL01-PB"
399325;2021-12-03;"sexta-feira";"06:00:00";"SC";101;218,7;"PALHOCA";"Reação tardia ou ineficiente do condutor";"Colisão com objeto";"Sem Vítimas";"Amanhecer";"Decrescente";"Nublado";"Dupla";"Reta";"Não";1;0;0;0;1;0;0;1;-27,68396511;-48,66707325;"SPRF-SC";"DEL01-SC";"UOP02-DEL01-SC"