"id";"data_inversa";"dia_semana";"horario";"uf";"br";"km";"municipio";"causa_acidente";"tipo_acidente";"classificacao_acidente";"fase_dia";"sentido_via";"condicao_metereologica";"tipo_pista";"tracado_via";"uso_solo";"pessoas";"mortos";"feridos_leves";"feridos_graves";"ilesos";"ignorados";"feridos";"veiculos";"latitude";"longitude";"regional";"delegacia";"uop"
399444;2021-12-03;"sexta-feira";"18:00:00";"RJ";116;296,5;"PORTO REAL";"Condutor deixou de manter distância do veículo da frente";"Engavetamento";"Com Vítimas Feridas";"Anoitecer";"Decrescente";"Nublado";"Dupla";"Reta";"Não";4;0;1;0;3;0;1;3;-22,44937197;-44,32171194;"SPRF-RJ";"DEL07-RJ";"UOP02-DEL07-RJ"
399445;2021-10-04;"segunda-feira";"12:45:00";"GO";70;5;"AGUAS LINDAS DE GOIAS";"Condutor deixou de manter distância do veículo da frente";"Colisão traseira";"Sem Vítimas";"Pleno dia";"Crescente";"Céu Claro";"Dupla";"Reta";"Sim";2;0;0;0;2;0;0;2;-15,75683677;-48,25464732;"SPRF-DF";"DEL03-DF";"UOP02-DEL03-DF"
399447;2021-12-03;"sexta-feira";"18:30:00";"MG";116;706;"MURIAE";"Acessar a via sem observar a presença dos outros veículos";"Queda de ocupante de veículo";"Com Vítimas Feridas";"Anoitecer";"Crescente";"Céu Claro";"Simples";"Reta";"Não";2;0;1;0;1;0;1;2;-21,147048;-42,381522;"SPRF-MG";"DEL07-MG";"UOP02-DEL07-MG"
399448;2021-12-03;"sexta-feira";"17:30:00";"MT";364;252;"JUSCIMEIRA";"Ausência de reação do condutor";"Saída de leito carroçável";"Com Vítimas Feridas";"Anoitecer";"Crescente";"Céu Claro";"Dupla";"Reta";"Não";1;0;0;1;0;0;1;1;-16,10571816;-54,86275136;"SPRF-MT";"DEL02-MT";"UOP01-DEL02-MT"
399449;2021-12-03;"sexta-feira";"17:30:00";"SP";116;58;"GUARATINGUETA";"Condutor deixou de manter distância do veículo da frente";"Colisão traseira";"Com Vítimas Feridas";"Pleno dia";"Crescente";"Chuva";"Dupla";"Reta";"Sim";3;0;1;0;2;0;1;3;-22,78005511;-45,14572791;"SPRF-SP";"DEL08-SP";"UOP01-DEL08-SP"
399450;2021-12-03;"sexta-feira";"18:00:00";"RJ";40;121;"DUQUE DE CAXIAS";"Ausência de reação do condutor";"Tombamento";"Com Vítimas Feridas";"Plena Noite";"Decrescente";"Céu Claro";"Múltipla";"Reta";"Sim";1;0;1;0;0;0;1;1;-22,78897158;-43,28525305;"SPRF-RJ";"DEL01-RJ";"UOP01-DEL01-RJ"
399451;2021-12-03;"sexta-feira";"18:25:00";"PR";116;110,8;"CURITIBA";"Condutor deixou de manter distância do veículo da frente";"Colisão lateral mesmo sentido";"Com Vítimas Feridas";"Pleno dia";"Decrescente";"Céu Claro";"Dupla";"Reta";"Não";3;0;1;0;2;0;1;3;-25,57012941;-49,21736805;"SPRF-PR";"DEL01-PR";"UOP01-DEL01-PR"
399452;2021-12-03;"sexta-feira";"18:25:00";"PR";369;160,7;"CAMBE";"Condutor deixou de manter distância do veículo da frente";"Colisão traseira";"Com Vítimas Feridas";"Anoitecer";"Crescente";"Céu Claro";"Dupla";"Aclive;Reta";"Sim";2;0;1;0;1;0;1;2;-23,28539604;-51,25929248;"SPRF-PR";"DEL07-PR";"UOP01-DEL07-PR"
399453;2021-12-03;"sexta-feira";"16:30:00";"AL";424;107;"MARECHAL DEODORO";"Condutor deixou de manter distância do veículo da frente";"Colisão traseira";"Sem Vítimas";"Anoitecer";"Crescente";"Céu Claro";"Simples";"Reta";"Não";4;0;0;0;4;0;0;4;-9,69606528;-35,81499852;"SPRF-AL";"DEL02-AL";"UOP01-DEL02-AL"
399454;2021-12-03;"sexta-feira";"16:00:00";"PR";376;421,5;"TIBAGI";"Reação tardia ou ineficiente do condutor";"Colisão com objeto";"Com Vítimas Feridas";"Pleno dia";"Decrescente";"Sol";"Dupla";"Retorno Regulamentado";"Não";1;0;1;0;0;0;1;1;-24,71579234;-50,54265283;"SPRF-PR";"DEL03-PR";"UOP02-DEL03-PR"
399455;2021-12-03;"sexta-feira";"18:45:00";"MG";354;703,7;"CAXAMBU";"Condutor deixou de manter distância do veículo da frente";"Colisão traseira";"Com Vítimas Feridas";"Plena Noite";"Crescente";"Garoa/Chuvisco";"Simples";"Reta";"Sim";2;0;1;0;1;0;1;2;-21,97540939;-44,92323124;"SPRF-MG";"DEL17-MG";"UOP01-DEL17-MG"
399457;2021-12-03;"sexta-feira";"17:35:00";"RJ";393;268;"BARRA DO PIRAI";"Velocidade Incompatível";"Colisão transversal";"Com Vítimas Feridas";"Pleno dia";"Crescente";"Céu Claro";"Simples";"Aclive;Reta;Rotatória";"Sim";3;0;1;0;2;0;1;2;-22,48780458;-43,90932706;"SPRF-RJ";"DEL05-RJ";"UOP04-DEL05-RJ"
399458;2021-12-03;"sexta-feira";"18:30:00";"SP";381;32,9;"ATIBAIA";"Ausência de reação do condutor";"Atropelamento de Pedestre";"Com Vítimas Feridas";"Anoitecer";"Crescente";"Céu Claro";"Simples";"Reta;Retorno Regulamentado;Declive";"Sim";3;0;0;1;0;2;1;2;-23,06461405;-46,57048121;"SPRF-SP";"DEL03-SP";"UOP01-DEL03-SP"
399459;2021-12-03;"sexta-feira";"18:45:00";"GO";158;268,1;"JATAI";"Acessar a via sem observar a presença dos outros veículos";"Colisão transversal";"Com Vítimas Feridas";"Pleno dia";"Crescente";"Céu Claro";"Dupla";"Reta";"Sim";2;0;1;0;1;0;1;2;-17,846682;-51,73598;"SPRF-GO";"DEL05-GO";"UOP01-DEL05-GO"
399465;2021-12-03;"sexta-feira";"17:30:00";"PI";135;605;"CORRENTE";"Ausência de reação do condutor";"Saída de leito carroçável";"Com Vítimas Fatais";"Anoitecer";"Decrescente";"Chuva";"Simples";"Curva";"Não";20;1;0;0;0;19;0;1;-10,55399304;-45,19674891;"SPRF-PI";"DEL03-PI";"UOP02-DEL03-PI"
399466;2021-12-03;"sexta-feira";"20:00:00";"ES";101;81;"SAO MATEUS";"Ausência de reação do condutor";"Queda de ocupante de veículo";"Com Vítimas Feridas";"Plena Noite";"Crescente";"Chuva";"Simples";"Reta";"Não";1;0;1;0;0;0;1;1;-18,82298192;-39,90778511;"SPRF-ES";"DEL04-ES";"UOP02-DEL04-ES"
399467;2021-12-03;"sexta-feira";"19:30:00";"ES";101;69;"SAO MATEUS";"Acessar a via sem observar a presença dos outros veículos";"Colisão transversal";"Com Vítimas Feridas";"Plena Noite";"Crescente";"Garoa/Chuvisco";"Simples";"Reta";"Sim";3;0;2;1;0;0;3;2;-18,73556097;-39,86069526;"SPRF-ES";"DEL04-ES";"UOP02-DEL04-ES"
399468;2021-12-03;"sexta-feira";"19:55:00";"RJ";101;325;"NITEROI";"Demais falhas mecânicas ou elétricas";"Incêndio";"Sem Vítimas";"Plena Noite";"Crescente";"Nublado";"Dupla";"Reta";"Sim";1;0;0;0;1;0;0;1;-22,87292569;-43,13625699;"SPRF-RJ";"DEL02-RJ";"UOP02-DEL02-RJ"
399469;2021-12-03;"sexta-feira";"18:30:00";"BA";116;519;"ITATIM";"Transitar na contramão";"Colisão frontal";"Com Vítimas Feridas";"Plena Noite";"Crescente";"Nublado";"Simples";"Reta";"Não";4;0;2;0;2;0;2;2;-12,68062205;-39,67114397;"SPRF-BA";"DEL03-BA";"UOP02-DEL03-BA"
399470;2021-12-03;"sexta-feira";"20:00:00";"CE";116;32;"AQUIRAZ";"Conversão proibida";"Colisão transversal";"Sem Vítimas";"Plena Noite";"Decrescente";"Céu Claro";"Dupla";"Reta";"Não";2;0;0;0;2;0;0;2;-4,02676186;-38,51392889;"SPRF-CE";"DEL01-CE";"UOP02-DEL01-CE"
399471;2021-12-03;"sexta-feira";"19:30:00";"DF";251;29,1;"BRASILIA";"Ultrapassagem Indevida";"Colisão frontal";"Com Vítimas Fatais";"Plena Noite";"Crescente";"Nublado";"Simples";"Reta;Aclive";"Não";5;1;1;1;0;2;2;3;-15,95056;-47,702091;"SPRF-DF";"DEL01-DF";"UOP01-DEL01-DF"
399475;2021-12-03;"sexta-feira";"19:50:00";"PR";476;119;"COLOMBO";"Avarias e/ou desgaste excessivo no pneu";"Atropelamento de Pedestre";"Com Vítimas Feridas";"Plena Noite";"Decrescente";"Céu Claro";"Dupla";"Aclive;Reta";"Sim";3;0;1;0;2;0;1;3;-25,364202;-49,185825;"SPRF-PR";"DEL01-PR";"UOP02-DEL01-PR"
399479;2021-12-03;"sexta-feira";"20:10:00";"DF";20;7;"BRASILIA";"Condutor Dormindo";"Capotamento";"Com Vítimas Feridas";"Pleno dia";"Crescente";"Chuva";"Simples";"Reta";"Sim";1;0;1;0;0;0;1;1;-15,662208;-47,799866;"SPRF-DF";"DEL02-DF";"UOP01-DEL02-DF"
399480;2021-11-14;"domingo";"00:50:00";"MT";174;77;"CACERES";"Obstrução na via";"Eventos atípicos";"Sem Vítimas";"Plena Noite";"Decrescente";"Nublado";"Simples";"Reta";"Não";2;0;0;0;2;0;0;1;-16,00561476;-57,74366962;"SPRF-MT";"DEL03-MT";"UOP01-DEL03-MT"
399483;2021-12-03;"sexta-feira";"20:50:00";"GO";60;99,7;"ANAPOLIS";"Reação tardia ou ineficiente do condutor";"Colisão traseira";"Com Vítimas Feridas";"Plena Noite";"Crescente";"Chuva";"Dupla";"Reta";"Sim";2;0;1;0;1;0;1;2;-16,3924;-48,9588;"SPRF-GO";"DEL02-GO";"UOP01-DEL02-GO"
399484;2021-12-03;"sexta-feira";"20:10:00";"MG";365;627;"UBERLANDIA";"Ingestão de álcool pelo condutor";"Tombamento";"Com Vítimas Feridas";"Plena Noite";"Decrescente";"Céu Claro";"Dupla";"Reta";"Sim";2;0;1;0;1;0;1;2;-18,90674325;-48,31819296;"SPRF-MG";"DEL15-MG";"UOP01-DEL15-MG"
399486;2021-12-03;"sexta-feira";"17:25:00";"SC";282;522,5;"XAXIM";"Ingestão de álcool pelo condutor";"Colisão transversal";"Sem Vítimas";"Pleno dia";"Crescente";"Céu Claro";"Simples";"Rotatória";"Sim";2;0;0;0;2;0;0;2;-26,95296412;-52,53827333;"SPRF-SC";"DEL07-SC";"UOP01-DEL07-SC"
399487;2021-12-03;"sexta-feira";"21:15:00";"RS";116;261;"CANOAS";"Acessar a via sem observar a presença dos outros veículos";"Colisão transversal";"Com Vítimas Feridas";"Plena Noite";"Crescente";"Ignorado";"Dupla";"Reta";"Sim";2;0;1;0;1;0;1;2;-29,887983;-51,17901;"SPRF-RS";"DEL01-RS";"UOP01-DEL01-RS"
399488;2021-12-03;"sexta-feira";"20:30:00";"PR";369;447,1;"UBIRATA";"Ingestão de álcool pelo condutor";"Colisão frontal";"Sem Vítimas";"Plena Noite";"Crescente";"Nublado";"Simples";"Reta";"Sim";2;0;0;0;2;0;0;2;-24,5548;-52,9686;"SPRF-PR";"DEL04-PR";"UOP03-DEL04-PR"
399489;2021-12-03;"sexta-feira";"20:20:00";"MG";365;751,1;"ITUIUTABA";"Reação tardia ou ineficiente do condutor";"Colisão traseira";"Com Vítimas Feridas";"Plena Noite";"Crescente";"Nublado";"Dupla";"Reta";"Sim";2;0;2;0;0;0;2;2;-18,93793339;-49,43876589;"SPRF-MG";"DEL15-MG";"UOP03-DEL15-MG"
399490;2021-12-03;"sexta-feira";"18:15:00";"MG";365;765,9;"ITUIUTABA";"Ausência de reação do condutor";"Colisão traseira";"Sem Vítimas";"Anoitecer";"Decrescente";"Céu Claro";"Dupla";"Reta";"Não";2;0;0;0;2;0;0;2;-18,96344519;-49,56143601;"SPRF-MG";"DEL15-MG";"UOP03-DEL15-MG"
399491;2021-12-03;"sexta-feira";"19:30:00";"PE";101;48;"IGARASSU";"Velocidade Incompatível";"Colisão com objeto";"Sem Vítimas";"Plena Noite";"Crescente";"Garoa/Chuvisco";"Múltipla";"Reta";"Sim";1;0;0;0;0;1;0;1;-7,89174705;-34,9033493;"SPRF-PE";"DEL01-PE";"UOP02-DEL01-PE"
399493;2021-12-03;"sexta-feira";"21:30:00";"RS";386;430,3;"NOVA SANTA RITA";"Acessar a via sem observar a presença dos outros veículos";"Colisão traseira";"Com Vítimas Feridas";"Plena Noite";"Decrescente";"Ignorado";"Simples";"Reta";"Não";2;0;1;0;1;0;1;2;-29,828415;-51,322445;"SPRF-RS";"DEL04-RS";"UOP02-DEL04-RS"
399494;2021-12-03;"sexta-feira";"20:00:00";"SC";470;144,9;"RIO DO SUL";"Desrespeitar a preferência no cruzamento";"Colisão transversal";"Com Vítimas Feridas";"Plena Noite";"Decrescente";"Nublado";"Simples";"Reta";"Sim";3;0;0;1;2;0;1;3;-27,235138;-49,677608;"SPRF-SC";"DEL04-SC";"UOP02-DEL04-SC"
399495;2021-12-03;"sexta-feira";"21:00:00";"RO";364;252,1;"CACOAL";"Reação tardia ou ineficiente do condutor";"Colisão lateral sentido oposto";"Com Vítimas Feridas";"Plena Noite";"Crescente";"Céu Claro";"Simples";"Reta";"Não";2;0;0;1;1;0;1;1;-11,43708232;-61,57909001;"SPRF-RO";"DEL02-RO";"UOP02-DEL02-RO"
399496;2021-12-03;"sexta-feira";"21:30:00";"MG";40;666,8;"CARANDAI";"Velocidade Incompatível";"Colisão com objeto";"Sem Vítimas";"Plena Noite";"Crescente";"Nublado";"Simples";"Interseção de Vias;Rotatória;Retorno Regulamentado";"Sim";1;0;0;0;1;0;0;1;-20,94787055;-43,79772848;"SPRF-MG";"DEL05-MG";"UOP02-DEL05-MG"
399497;2021-12-03;"sexta-feira";"19:00:00";"MG";354;703,7;"CAXAMBU";"Ausência de reação do condutor";"Colisão com objeto";"Com Vítimas Feridas";"Plena Noite";"Crescente";"Garoa/Chuvisco";"Simples";"Reta";"Sim";4;0;1;0;3;0;1;4;-21,97540939;-44,92323124;"SPRF-MG";"DEL17-MG";"UOP01-DEL17-MG"
399499;2021-12-03;"sexta-feira";"22:35:00";"SC";101;216,2;"PALHOCA";"Ingestão de álcool pelo condutor";"Colisão traseira";"Com Vítimas Feridas";"Plena Noite";"Decrescente";"Chuva";"Múltipla";"Reta";"Sim";3;0;1;0;1;1;1;2;-27,65981409;-48,67747798;"SPRF-SC";"DEL01-SC";"UOP02-DEL01-SC"
399500;2021-12-03;"sexta-feira";"18:20:00";"RO";364;561,5;"ALTO PARAISO";"Reação tardia ou ineficiente do condutor";"Saída de leito carroçável";"Com Vítimas Feridas";"Anoitecer";"Decrescente";"Nublado";"Simples";"Reta";"Não";5;0;3;2;0;0;5;1;-9,551403;-63,075929;"SPRF-RO";"DEL01-RO";"UOP04-DEL01-RO"
399502;2021-12-03;"sexta-feira";"22:50:00";"BA";116;824,8;"VITORIA DA CONQUISTA";"Condutor deixou de manter distância do veículo da frente";"Colisão traseira";"Com Vítimas Feridas";"Plena Noite";"Decrescente";"Nevoeiro/Neblina";"Dupla";"Reta";"Sim";2;0;1;0;1;0;1;2;-14,8123436;-40,7971192;"SPRF-BA";"DEL08-BA";"UOP01-DEL08-BA"
399503;2021-12-03;"sexta-feira";"23:35:00";"BA";242;844;"BARREIRAS";"Transitar na contramão";"Colisão lateral sentido oposto";"Com Vítimas Feridas";"Plena Noite";"Crescente";"Nublado";"Simples";"Reta";"Não";4;0;0;2;2;0;2;2;-12,11712954;-45,23390102;"SPRF-BA";"DEL10-BA";"UOP01-DEL10-BA"
399504;2021-12-03;"sexta-feira";"22:40:00";"ES";101;297,7;"VIANA";"Reação tardia ou ineficiente do condutor";"Colisão com objeto";"Com Vítimas Feridas";"Plena Noite";"Crescente";"Nublado";"Múltipla";"Curva";"Sim";1;0;0;1;0;0;1;1;-20,35142705;-40,41352987;"SPRF-ES";"DEL01-ES";"UOP01-DEL01-ES"
399505;2021-12-03;"sexta-feira";"22:43:00";"PR";369;492;"CORBELIA";"Ingestão de álcool pelo condutor";"Colisão transversal";"Sem Vítimas";"Plena Noite";"Decrescente";"Céu Claro";"Simples";"Reta";"Não";6;0;0;0;6;0;0;2;-24,7319;-53,2533;"SPRF-PR";"DEL04-PR";"UOP03-DEL04-PR"
399508;2021-12-03;"sexta-feira";"23:40:00";"SC";101;185;"BIGUACU";"Ingestão de álcool pelo condutor";"Colisão com objeto";"Sem Vítimas";"Plena Noite";"Decrescente";"Chuva";"Dupla";"Retorno Regulamentado";"Não";1;0;0;0;1;0;0;1;-27,42536698;-48,62465876;"SPRF-SC";"DEL01-SC";"UOP01-DEL01-SC"
399509;2021-12-03;"sexta-feira";"23:35:00";"SC";101;147,6;"ITAPEMA";"Velocidade Incompatível";"Capotamento";"Com Vítimas Feridas";"Plena Noite";"Crescente";"Garoa/Chuvisco";"Simples";"Reta";"Sim";1;0;1;0;0;0;1;1;-27,09237407;-48,61730888;"SPRF-SC";"DEL04-SC";"UOP03-DEL04-SC"
399510;2021-12-03;"sexta-feira";"22:15:00";"RJ";101;432;"MANGARATIBA";"Reação tardia ou ineficiente do condutor";"Colisão frontal";"Com Vítimas Feridas";"Plena Noite";"Decrescente";"Nublado";"Simples";"Curva";"Não";10;0;8;0;1;1;8;3;-22,93437472;-44,02919087;"SPRF-RJ";"DEL03-RJ";"UOP03-DEL03-RJ"
399511;2021-12-03;"sexta-feira";"23:00:00";"SC";101;335;"TUBARAO";"Desrespeitar a preferência no cruzamento";"Colisão transversal";"Com Vítimas Feridas";"Plena Noite";"Decrescente";"Garoa/Chuvisco";"Múltipla";"Rotatória";"Sim";3;0;1;1;1;0;2;2;-28,46927473;-49,01557908;"SPRF-SC";"DEL02-SC";"UOP01-DEL02-SC"
399512;2021-12-03;"sexta-feira";"23:45:00";"PR";116;114;"CURITIBA";"Ausência de reação do condutor";"Colisão com objeto";"Sem Vítimas";"Plena Noite";"Decrescente";"Céu Claro";"Dupla";"Reta";"Sim";1;0;0;0;1;0;0;1;-25,56296907;-49,25643801;"SPRF-PR";"DEL01-PR";"UOP01-DEL01-PR"
399514;2021-12-03;"sexta-feira";"21:44:00";"SC";470;92,2;"APIUNA";"Ingestão de álcool pelo condutor";"Colisão traseira";"Com Vítimas Fatais";"Plena Noite";"Crescente";"Nublado";"Simples";"Reta";"Não";3;1;0;0;1;1;0;3;-26,991677;-49,375137;"SPRF-SC";"DEL04-SC";"UOP01-DEL04-SC"
399515;2021-12-03;"sexta-feira";"23:30:00";"PR";277;83;"CURITIBA";"Condutor deixou de manter distância do veículo da frente";"Colisão traseira";"Com Vítimas Feridas";"Plena Noite";"Decrescente";"Céu Claro";"Dupla";"Reta";"Sim";2;0;1;0;1;0;1;2;-25,45412497;-49,22595978;"SPRF-PR";"DEL01-PR";"UOP01-DEL01-PR"
399517;2021-12-04;"sábado";"00:44:00";"SC";101;207;"SAO JOSE";"Reação tardia ou ineficiente do condutor";"Queda de ocupante de veículo";"Com Vítimas Feridas";"Plena Noite";"Crescente";"Garoa/Chuvisco";"Múltipla";"Reta";"Sim";2;0;1;0;1;0;1;2;-27,60001226;-48,6226467;"SPRF-SC";"DEL01-SC";"UOP01-DEL01-SC"
399519;2021-12-04;"sábado";"00:32:00";"SC";101;306,4;"LAGUNA";"Ausência de reação do condutor";"Colisão com objeto";"Com Vítimas Feridas";"Plena Noite";"Decrescente";"Garoa/Chuvisco";"Simples";"Reta";"Não";1;0;1;0;0;0;1;1;-28,38437001;-48,77113299;"SPRF-SC";"DEL02-SC";"UOP03-DEL02-SC"
399522;2021-12-03;"sexta-feira";"23:30:00";"TO";153;111;"WANDERLANDIA";"Animais na Pista";"Atropelamento de Animal";"Sem Vítimas";"Plena Noite";"Decrescente";"Céu Claro";"Simples";"Reta";"Não";1;0;0;0;1;0;0;1;-6,95898316;-48,09467668;"SPRF-TO";"DEL02-TO";"UOP01-DEL02-TO"
399523;2021-12-04;"sábado";"01:10:00";"PE";423;96,4;"GARANHUNS";"Conversão proibida";"Colisão lateral sentido oposto";"Com Vítimas Feridas";"Plena Noite";"Crescente";"Céu Claro";"Simples";"Aclive;Curva";"Sim";4;0;2;1;1;0;3;2;-8,88021822;-36,48651678;"SPRF-PE";"DEL03-PE";"UOP01-DEL03-PE"
399524;2021-12-03;"sexta-feira";"21:00:00";"SP";116;296,2;"ITAPECERICA DA SERRA";"Velocidade Incompatível";"Saída de leito carroçável";"Com Vítimas Feridas";"Plena Noite";"Decrescente";"Céu Claro";"Simples";"Curva";"Não";2;0;1;0;0;1;1;1;-23,775485;-46,914416;"SPRF-SP";"DEL04-SP";"UOP01-DEL04-SP"
399527;2021-12-04;"sábado";"01:40:00";"PI";343;3,4;"TERESINA";"Ausência de reação do condutor";"Colisão traseira";"Sem Vítimas";"Plena Noite";"Decrescente";"Nublado";"Múltipla";"Reta";"Sim";2;0;0;0;2;0;0;2;-5,08089878;-42,78035402;"SPRF-PI";"DEL05-PI";"UOP01-DEL05-PI"
399529;2021-12-04;"sábado";"01:40:00";"GO";50;236,5;"CAMPO ALEGRE DE GOIAS";"Condutor Dormindo";"Saída de leito carroçável";"Com Vítimas Feridas";"Plena Noite";"Crescente";"Nublado";"Dupla";"Reta;Aclive";"Não";2;0;2;0;0;0;2;1;-17,8535;-47,7743;"SPRF-GO";"DEL06-GO";"UOP01-DEL06-GO"
399530;2021-12-04;"sábado";"02:00:00";"RS";116;297,9;"GUAIBA";"Ausência de reação do condutor";"Colisão traseira";"Com Vítimas Feridas";"Plena Noite";"Crescente";"Céu Claro";"Dupla";"Reta";"Não";2;0;1;0;0;1;1;2;-30,09753097;-51,34302937;"SPRF-RS";"DEL02-RS";"UOP01-DEL02-RS"
399531;2021-12-04;"sábado";"02:30:00";"SC";282;17;"PALHOCA";"Ingestão de álcool pelo condutor";"Colisão frontal";"Com Vítimas Feridas";"Plena Noite";"Crescente";"Garoa/Chuvisco";"Simples";"Reta";"Sim";3;0;1;0;2;0;1;2;-27,665707;-48,688065;"SPRF-SC";"DEL01-SC";"UOP02-DEL01-SC"
399532;2021-12-04;"sábado";"01:50:00";"RJ";101;292;"ITABORAI";"Ingestão de álcool pelo condutor";"Colisão com objeto";"Sem Vítimas";"Plena Noite";"Crescente";"Nublado";"Dupla";"Curva";"Não";1;0;0;0;1;0;0;1;-22,75532706;-42,88865089;"SPRF-RJ";"DEL02-RJ";"UOP03-DEL02-RJ"
399534;2021-12-04;"sábado";"02:00:00";"PE";101;49,7;"ABREU E LIMA";"Ingestão de álcool e/ou substâncias psicoativas pelo pedestre";"Tombamento";"Com Vítimas Fatais";"Plena Noite";"Decrescente";"Vento";"Múltipla";"Curva;Declive";"Sim";1;1;0;0;0;0;0;1;-7,9005152;-34,90180641;"SPRF-PE";"DEL01-PE";"UOP02-DEL01-PE"
399540;2021-12-04;"sábado";"02:40:00";"MG";459;38;"SANTA RITA DE CALDAS";"Condutor Dormindo";"Capotamento";"Com Vítimas Feridas";"Plena Noite";"Decrescente";"Céu Claro";"Simples";"Curva";"Não";2;0;1;0;1;0;1;1;-21,97394;-46,33268;"SPRF-MG";"DEL09-MG";"UOP01-DEL09-MG"
399542;2021-12-03;"sexta-feira";"22:50:00";"RS";471;507,9;"RIO GRANDE";"Animais na Pista";"Atropelamento de Animal";"Com Vítimas Feridas";"Plena Noite";"Crescente";"Céu Claro";"Simples";"Reta";"Não";1;0;1;0;0;0;1;1;-32,435936;-52,566872;"SPRF-RS";"DEL07-RS";"UOP02-DEL07-RS"
399543;2021-12-04;"sábado";"03:00:00";"MG";50;52;"ARAGUARI";"Ingestão de álcool pelo condutor";"Saída de leito carroçável";"Sem Vítimas";"Plena Noite";"Decrescente";"Garoa/Chuvisco";"Múltipla";"Curva";"Não";1;0;0;0;1;0;0;1;-18,75140135;-48,2369687;"SPRF-MG";"DEL15-MG";"UOP02-DEL15-MG"
399545;2021-12-04;"sábado";"03:50:00";"RN";101;109;"PARNAMIRIM";"Reação tardia ou ineficiente do condutor";"Queda de ocupante de veículo";"Com Vítimas Feridas";"Amanhecer";"Crescente";"Céu Claro";"Múltipla";"Reta";"Sim";1;0;1;0;0;0;1;1;-5,937378;-35,26483;"SPRF-RN";"DEL01-RN";"UOP01-DEL01-RN"
399547;2021-12-04;"sábado";"04:00:00";"SP";153;10,4;"ICEM";"Ausência de reação do condutor";"Saída de leito carroçável";"Com Vítimas Feridas";"Plena Noite";"Crescente";"Céu Claro";"Simples";"Reta";"Não";1;0;0;1;0;0;1;1;-20,38815592;-49,23583813;"SPRF-SP";"DEL09-SP";"UOP01-DEL09-SP"
399548;2021-12-04;"sábado";"03:20:00";"MG";116;703,9;"MURIAE";"Pedestre andava na pista";"Atropelamento de Pedestre";"Com Vítimas Feridas";"Plena Noite";"Crescente";"Céu Claro";"Simples";"Reta";"Não";2;0;1;0;0;1;1;2;-21,12682309;-42,3832189;"SPRF-MG";"DEL07-MG";"UOP02-DEL07-MG"
399549;2021-12-04;"sábado";"03:50:00";"RS";290;213;"PANTANO GRANDE";"Reação tardia ou ineficiente do condutor";"Saída de leito carroçável";"Sem Vítimas";"Plena Noite";"Decrescente";"Céu Claro";"Simples";"Rotatória";"Sim";1;0;0;0;1;0;0;1;-30,18659963;-52,35783577;"SPRF-RS";"DEL02-RS";"UOP03-DEL02-RS"
399551;2021-12-04;"sábado";"05:00:00";"PE";232;44,7;"VITORIA DE SANTO ANTAO";"Reação tardia ou ineficiente do condutor";"Atropelamento de Pedestre";"Com Vítimas Fatais";"Amanhecer";"Crescente";"Céu Claro";"Dupla";"Reta";"Sim";8;1;7;0;0;0;7;2;-8,128181;-35,281677;"SPRF-PE";"DEL01-PE";"UOP01-DEL01-PE"
399552;2021-12-04;"sábado";"04:20:00";"PR";476;136;"CURITIBA";"Ingestão de álcool pelo condutor";"Colisão traseira";"Sem Vítimas";"Plena Noite";"Crescente";"Nublado";"Simples";"Reta";"Sim";3;0;0;0;0;3;0;3;-25,491047;-49,271679;"SPRF-PR";"DEL01-PR";"UOP03-DEL01-PR"
399554;2021-11-13;"sábado";"14:15:00";"RJ";101;57;"CAMPOS DOS GOYTACAZES";"Conversão proibida";"Colisão transversal";"Com Vítimas Feridas";"Pleno dia";"Crescente";"Nublado";"Simples";"Reta";"Não";2;0;0;1;1;0;1;2;-21,70217547;-41,3100015;"SPRF-RJ";"DEL08-RJ";"UOP01-DEL08-RJ"
399556;2021-12-04;"sábado";"05:40:00";"SP";116;53,3;"LORENA";"Reação tardia ou ineficiente do condutor";"Tombamento";"Com Vítimas Feridas";"Pleno dia";"Crescente";"Céu Claro";"Dupla";"Reta";"Não";1;0;0;1;0;0;1;1;-22,75255433;-45,10741076;"SPRF-SP";"DEL08-SP";"UOP02-DEL08-SP"
399558;2021-12-04;"sábado";"05:20:00";"SC";470;25,6;"ILHOTA";"Ausência de reação do condutor";"Saída de leito carroçável";"Com Vítimas Feridas";"Amanhecer";"Crescente";"Chuva";"Dupla";"Reta";"Não";1;0;1;0;0;0;1;1;-26,883764;-48,865986;"SPRF-SC";"DEL04-SC";"UOP04-DEL04-SC"
399559;2021-12-04;"sábado";"05:40:00";"GO";60;47,3;"ABADIANIA";"Ausência de reação do condutor";"Saída de leito carroçável";"Sem Vítimas";"Amanhecer";"Decrescente";"Nublado";"Dupla";"Declive;Reta";"Não";2;0;0;0;0;2;0;1;-16,14755744;-48,60678457;"SPRF-GO";"DEL02-GO";"UOP01-DEL02-GO"
399560;2021-12-04;"sábado";"05:20:00";"RS";386;329,7;"MARQUES DE SOUZA";"Reação tardia ou ineficiente do condutor";"Colisão com objeto";"Com Vítimas Feridas";"Amanhecer";"Decrescente";"Céu Claro";"Simples";"Curva";"Não";1;0;1;0;0;0;1;1;-29,33992;-52,078266;"SPRF-RS";"DEL04-RS";"UOP01-DEL04-RS"