"id";"data_inversa";"dia_semana";"horario";"uf";"br";"km";"municipio";"causa_acidente";"tipo_acidente";"classificacao_acidente";"fase_dia";"sentido_via";"condicao_metereologica";"tipo_pista";"tracado_via";"uso_solo";"pessoas";"mortos";"feridos_leves";"feridos_graves";"ilesos";"ignorados";"feridos";"veiculos";"latitude";"longitude";"regional";"delegacia";"uop"
399561;2021-12-04;"sábado";"06:04:00";"PE";101;80;"JABOATAO DOS GUARARAPES";"Ingestão de álcool ou de substâncias psicoativas pelo pedestre";"Atropelamento de Pedestre";"Com Vítimas Feridas";"Pleno dia";"Crescente";"Céu Claro";"Múltipla";"Reta";"Sim";2;0;1;0;0;1;1;2;-8,15112589;-34,9428866;"SPRF-PE";"DEL01-PE";"UOP01-DEL01-PE"
399562;2021-12-04;"sábado";"05:20:00";"MG";381;490;"BETIM";"Velocidade Incompatível";"Tombamento";"Com Vítimas Feridas";"Amanhecer";"Decrescente";"Céu Claro";"Simples";"Curva";"Sim";1;0;0;1;0;0;1;1;-19,95584283;-44,14757252;"SPRF-MG";"DEL01-MG";"UOP03-DEL01-MG"
399563;2021-12-04;"sábado";"05:15:00";"SC";280;58,8;"GUARAMIRIM";"Reação tardia ou ineficiente do condutor";"Colisão com objeto";"Com Vítimas Feridas";"Pleno dia";"Decrescente";"Nublado";"Simples";"Curva";"Sim";2;0;1;1;0;0;2;1;-26,47483715;-49,02983665;"SPRF-SC";"DEL03-SC";"UOP03-DEL03-SC"
399564;2021-12-04;"sábado";"05:20:00";"SC";101;87,4;"BARRA VELHA";"Desrespeitar a preferência no cruzamento";"Colisão transversal";"Com Vítimas Feridas";"Amanhecer";"Crescente";"Nublado";"Simples";"Viaduto";"Sim";2;0;1;0;1;0;1;2;-26,63713377;-48,69651057;"SPRF-SC";"DEL03-SC";"UOP02-DEL03-SC"
399565;2021-12-04;"sábado";"07:00:00";"RS";392;317;"SANTA MARIA";"Ingestão de álcool pelo condutor";"Saída de leito carroçável";"Sem Vítimas";"Pleno dia";"Crescente";"Céu Claro";"Simples";"Reta";"Não";1;0;0;0;0;1;0;1;-29,66740278;-53,77234574;"SPRF-RS";"DEL09-RS";"UOP01-DEL09-RS"
399567;2021-12-04;"sábado";"05:15:00";"MS";163;253,9;"DOURADOS";"Ausência de reação do condutor";"Colisão com objeto";"Sem Vítimas";"Amanhecer";"Crescente";"Céu Claro";"Dupla";"Rotatória";"Sim";1;0;0;0;1;0;0;1;-22,27287444;-54,81724977;"SPRF-MS";"DEL04-MS";"UOP01-DEL04-MS"
399569;2021-12-04;"sábado";"05:00:00";"PR";280;276,2;"FLOR DA SERRA DO SUL";"Ingestão de álcool pelo condutor";"Saída de leito carroçável";"Sem Vítimas";"Amanhecer";"Crescente";"Céu Claro";"Simples";"Curva;Aclive";"Não";1;0;0;0;0;1;0;1;-26,23942173;-53,19135904;"SPRF-PR";"DEL02-PR";"UOP01-DEL02-PR"
399571;2021-12-04;"sábado";"06:00:00";"RS";392;18;"RIO GRANDE";"Velocidade Incompatível";"Saída de leito carroçável";"Sem Vítimas";"Amanhecer";"Decrescente";"Céu Claro";"Dupla";"Reta";"Não";1;0;0;0;1;0;0;1;-32,09017991;-52,17651198;"SPRF-RS";"DEL07-RS";"UOP02-DEL07-RS"
399572;2021-12-04;"sábado";"06:50:00";"PB";230;42,7;"SANTA RITA";"Reação tardia ou ineficiente do condutor";"Colisão traseira";"Sem Vítimas";"Pleno dia";"Decrescente";"Céu Claro";"Dupla";"Reta";"Não";2;0;0;0;2;0;0;2;-7,1426;-34,9956;"SPRF-PB";"DEL01-PB";"UOP03-DEL01-PB"
399574;2021-12-04;"sábado";"07:30:00";"SP";116;221;"GUARULHOS";"Ingestão de álcool e/ou substâncias psicoativas pelo pedestre";"Colisão traseira";"Sem Vítimas";"Pleno dia";"Crescente";"Sol";"Múltipla";"Reta";"Sim";2;0;0;0;2;0;0;2;-23,46850171;-46,51006222;"SPRF-SP";"DEL01-SP";"UOP01-DEL01-SP"
399576;2021-12-04;"sábado";"07:15:00";"PR";476;142;"CURITIBA";"Estacionar ou parar em local proibido";"Colisão traseira";"Com Vítimas Feridas";"Pleno dia";"Crescente";"Céu Claro";"Dupla";"Reta";"Sim";5;0;1;0;3;1;1;5;-25,537161;-49,301632;"SPRF-PR";"DEL01-PR";"UOP03-DEL01-PR"
399577;2021-12-04;"sábado";"08:00:00";"MA";135;7,5;"SAO LUIS";"Acessar a via sem observar a presença dos outros veículos";"Colisão transversal";"Com Vítimas Feridas";"Pleno dia";"Crescente";"Céu Claro";"Dupla";"Retorno Regulamentado";"Sim";3;0;2;0;1;0;2;2;-2,64067574;-44,27168369;"SPRF-MA";"DEL01-MA";"UOP01-DEL01-MA"
399578;2021-12-04;"sábado";"07:20:00";"RJ";40;118;"DUQUE DE CAXIAS";"Sinalização mal posicionada";"Colisão com objeto";"Com Vítimas Feridas";"Pleno dia";"Decrescente";"Céu Claro";"Múltipla";"Reta";"Sim";5;0;1;0;4;0;1;4;-22,75470802;-43,28737838;"SPRF-RJ";"DEL01-RJ";"UOP01-DEL01-RJ"
399580;2021-12-04;"sábado";"07:30:00";"RS";116;203,2;"PICADA CAFE";"Acumulo de areia ou detritos sobre o pavimento";"Tombamento";"Com Vítimas Feridas";"Pleno dia";"Decrescente";"Céu Claro";"Simples";"Curva";"Não";1;0;0;1;0;0;1;1;-29,48986231;-51,15338445;"SPRF-RS";"DEL05-RS";"UOP02-DEL05-RS"
399581;2021-12-04;"sábado";"08:15:00";"MG";262;452,7;"NOVA SERRANA";"Reação tardia ou ineficiente do condutor";"Colisão traseira";"Sem Vítimas";"Pleno dia";"Decrescente";"Céu Claro";"Simples";"Reta";"Não";4;0;0;0;4;0;0;2;-19,8563698;-45,01560692;"SPRF-MG";"DEL08-MG";"UOP03-DEL08-MG"
399583;2021-12-04;"sábado";"06:00:00";"MS";262;374,5;"TERENOS";"Condutor Dormindo";"Tombamento";"Com Vítimas Feridas";"Pleno dia";"Crescente";"Sol";"Simples";"Reta";"Não";1;0;1;0;0;0;1;1;-20,48772428;-54,81319021;"SPRF-MS";"DEL01-MS";"UOP03-DEL01-MS"
399584;2021-12-04;"sábado";"06:25:00";"RS";116;228;"DOIS IRMAOS";"Ingestão de substâncias psicoativas pelo condutor";"Capotamento";"Sem Vítimas";"Pleno dia";"Crescente";"Céu Claro";"Simples";"Curva";"Sim";1;0;0;0;0;1;0;1;-29,61103966;-51,12425074;"SPRF-RS";"DEL01-RS";"UOP02-DEL01-RS"
399585;2021-12-04;"sábado";"05:20:00";"BA";101;353;"WENCESLAU GUIMARAES";"Ultrapassagem Indevida";"Colisão frontal";"Com Vítimas Feridas";"Amanhecer";"Decrescente";"Chuva";"Simples";"Reta";"Não";8;0;5;3;0;0;8;2;-13,641479;-39,487189;"SPRF-BA";"DEL05-BA";"UOP03-DEL05-BA"
399586;2021-12-04;"sábado";"08:10:00";"MG";356;267;"MURIAE";"Pedestre cruzava a pista fora da faixa";"Atropelamento de Pedestre";"Com Vítimas Feridas";"Pleno dia";"Crescente";"Céu Claro";"Simples";"Reta";"Sim";3;0;0;1;1;1;1;2;-21,12725696;-42,35052695;"SPRF-MG";"DEL07-MG";"UOP02-DEL07-MG"
399587;2021-12-04;"sábado";"08:30:00";"MG";50;171,9;"UBERABA";"Pedestre cruzava a pista fora da faixa";"Atropelamento de Pedestre";"Com Vítimas Feridas";"Pleno dia";"Crescente";"Céu Claro";"Dupla";"Reta";"Não";2;0;0;1;1;0;1;2;-19,74554892;-47,98382166;"SPRF-MG";"DEL13-MG";"UOP01-DEL13-MG"
399588;2021-12-04;"sábado";"07:50:00";"RJ";40;123;"DUQUE DE CAXIAS";"Problema com o freio";"Colisão traseira";"Com Vítimas Feridas";"Pleno dia";"Crescente";"Céu Claro";"Dupla";"Reta";"Sim";4;0;1;0;3;0;1;2;-22,79907687;-43,29015739;"SPRF-RJ";"DEL01-RJ";"UOP01-DEL01-RJ"
399591;2021-12-04;"sábado";"07:20:00";"SP";116;228,8;"SAO PAULO";"Entrada inopinada do pedestre";"Atropelamento de Pedestre";"Com Vítimas Fatais";"Pleno dia";"Decrescente";"Céu Claro";"Múltipla";"Reta";"Sim";2;1;1;0;0;0;1;2;-23,50986115;-46,57321099;"SPRF-SP";"DEL01-SP";"UOP01-DEL01-SP"
399593;2021-12-04;"sábado";"08:25:00";"RN";101;71,1;"EXTREMOZ";"Ausência de reação do condutor";"Tombamento";"Com Vítimas Feridas";"Pleno dia";"Crescente";"Céu Claro";"Simples";"Reta";"Não";2;0;1;1;0;0;2;1;-5,68968701;-35,26298333;"SPRF-RN";"DEL02-RN";"UOP01-DEL02-RN"
399594;2021-12-04;"sábado";"09:10:00";"SC";282;1,3;"FLORIANOPOLIS";"Mal súbito do condutor";"Colisão com objeto";"Com Vítimas Feridas";"Pleno dia";"Crescente";"Céu Claro";"Múltipla";"Reta";"Sim";1;0;1;0;0;0;1;1;-27,602955;-48,580509;"SPRF-SC";"DEL01-SC";"UOP01-DEL01-SC"
399597;2021-12-04;"sábado";"10:20:00";"RS";116;226;"DOIS IRMAOS";"Acessar a via sem observar a presença dos outros veículos";"Tombamento";"Com Vítimas Feridas";"Pleno dia";"Crescente";"Sol";"Simples";"Reta";"Não";2;0;1;0;1;0;1;2;-29,60109223;-51,11806581;"SPRF-RS";"DEL01-RS";"UOP02-DEL01-RS"
399598;2021-12-04;"sábado";"09:00:00";"RN";405;1;"MOSSORO";"Desrespeitar a preferência no cruzamento";"Colisão transversal";"Com Vítimas Feridas";"Pleno dia";"Decrescente";"Céu Claro";"Dupla";"Reta";"Sim";1;0;1;0;0;0;1;1;-5,19170196;-37,361471;"SPRF-RN";"DEL04-RN";"UOP02-DEL04-RN"
399599;2021-12-04;"sábado";"08:00:00";"SC";282;72;"RANCHO QUEIMADO";"Chuva";"Saída de leito carroçável";"Com Vítimas Feridas";"Pleno dia";"Decrescente";"Chuva";"Simples";"Curva";"Não";1;0;1;0;0;0;1;1;-27,683439;-49,105259;"SPRF-SC";"DEL01-SC";"UOP03-DEL01-SC"
399600;2021-12-04;"sábado";"11:00:00";"CE";222;52,7;"SAO GONCALO DO AMARANTE";"Demais falhas mecânicas ou elétricas";"Tombamento";"Com Vítimas Feridas";"Pleno dia";"Decrescente";"Sol";"Simples";"Reta";"Não";1;0;1;0;0;0;1;1;-3,66863653;-39,00977602;"SPRF-CE";"DEL01-CE";"UOP03-DEL01-CE"
399601;2021-12-04;"sábado";"10:30:00";"SC";101;206,3;"SAO JOSE";"Reação tardia ou ineficiente do condutor";"Colisão traseira";"Com Vítimas Feridas";"Pleno dia";"Crescente";"Nublado";"Dupla";"Reta";"Sim";6;0;1;1;4;0;2;5;-27,59193546;-48,61824557;"SPRF-SC";"DEL01-SC";"UOP01-DEL01-SC"
399602;2021-12-04;"sábado";"09:00:00";"SC";470;146,3;"AGRONOMICA";"Acessar a via sem observar a presença dos outros veículos";"Colisão transversal";"Com Vítimas Feridas";"Plena Noite";"Decrescente";"Céu Claro";"Simples";"Interseção de Vias";"Não";2;0;1;0;1;0;1;2;-27,240673;-49,685822;"SPRF-SC";"DEL04-SC";"UOP02-DEL04-SC"
399604;2021-12-04;"sábado";"11:30:00";"MG";381;501;"BETIM";"Avarias e/ou desgaste excessivo no pneu";"Colisão traseira";"Sem Vítimas";"Pleno dia";"Decrescente";"Céu Claro";"Dupla";"Reta";"Não";2;0;0;0;2;0;0;2;-20,03146447;-44,2377893;"SPRF-MG";"DEL01-MG";"UOP03-DEL01-MG"
399605;2021-12-04;"sábado";"09:00:00";"RS";287;257;"SANTA MARIA";"Ingestão de álcool pelo condutor";"Saída de leito carroçável";"Sem Vítimas";"Pleno dia";"Decrescente";"Chuva";"Simples";"Reta";"Não";1;0;0;0;0;1;0;1;-29,68138871;-53,94121388;"SPRF-RS";"DEL09-RS";"UOP01-DEL09-RS"
399607;2021-12-04;"sábado";"11:00:00";"MS";163;484,7;"CAMPO GRANDE";"Acessar a via sem observar a presença dos outros veículos";"Colisão transversal";"Com Vítimas Feridas";"Pleno dia";"Crescente";"Céu Claro";"Simples";"Reta";"Sim";2;0;1;0;1;0;1;2;-20,45104898;-54,5403266;"SPRF-MS";"DEL01-MS";"UOP02-DEL01-MS"
399609;2021-12-04;"sábado";"12:00:00";"BA";367;84;"EUNAPOLIS";"Pedestre cruzava a pista fora da faixa";"Atropelamento de Pedestre";"Com Vítimas Feridas";"Pleno dia";"Crescente";"Céu Claro";"Simples";"Reta";"Sim";2;0;0;1;1;0;1;2;-16,37447922;-39,57921494;"SPRF-BA";"DEL09-BA";"UOP01-DEL09-BA"
399612;2021-12-04;"sábado";"11:50:00";"MG";50;70;"UBERLANDIA";"Ausência de reação do condutor";"Colisão traseira";"Com Vítimas Feridas";"Pleno dia";"Crescente";"Nublado";"Dupla";"Aclive;Reta";"Sim";2;0;0;1;1;0;1;2;-18,85140204;-48,25345932;"SPRF-MG";"DEL15-MG";"UOP01-DEL15-MG"
399613;2021-12-04;"sábado";"12:00:00";"SP";116;500;"CAJATI";"Objeto estático sobre o leito carroçável";"Colisão com objeto";"Com Vítimas Feridas";"Pleno dia";"Decrescente";"Sol";"Dupla";"Curva";"Não";4;0;2;0;2;0;2;2;-24,78162109;-48,18342711;"SPRF-SP";"DEL05-SP";"UOP02-DEL05-SP"
399614;2021-12-04;"sábado";"09:20:00";"MG";381;313;"ANTONIO DIAS";"Manobra de mudança de faixa";"Tombamento";"Com Vítimas Feridas";"Pleno dia";"Decrescente";"Ignorado";"Simples";"Reta";"Não";1;0;1;0;0;0;1;1;-19,68108013;-42,98147866;"SPRF-MG";"DEL03-MG";"UOP02-DEL03-MG"
399615;2021-12-04;"sábado";"12:30:00";"CE";116;493,9;"MILAGRES";"Condutor deixou de manter distância do veículo da frente";"Queda de ocupante de veículo";"Com Vítimas Feridas";"Pleno dia";"Decrescente";"Céu Claro";"Simples";"Reta";"Não";3;0;1;1;0;1;2;2;-7,3052605;-38,91803741;"SPRF-CE";"DEL05-CE";"UOP03-DEL05-CE"
399616;2021-12-04;"sábado";"12:40:00";"RS";116;146,8;"CAXIAS DO SUL";"Retorno proibido";"Colisão lateral mesmo sentido";"Com Vítimas Feridas";"Pleno dia";"Crescente";"Sol";"Dupla";"Aclive";"Sim";2;0;1;0;1;0;1;2;-29,14228897;-51,13622202;"SPRF-RS";"DEL05-RS";"UOP01-DEL05-RS"
399617;2021-12-04;"sábado";"12:10:00";"MG";40;42;"PARACATU";"Acessar a via sem observar a presença dos outros veículos";"Colisão transversal";"Com Vítimas Feridas";"Pleno dia";"Crescente";"Céu Claro";"Simples";"Declive;Interseção de Vias";"Sim";3;0;1;0;1;1;1;2;-17,2188441;-46,8666753;"SPRF-MG";"DEL14-MG";"UOP01-DEL14-MG"
399619;2021-12-04;"sábado";"12:25:00";"GO";20;58,9;"FORMOSA";"Obstrução na via";"Tombamento";"Com Vítimas Feridas";"Pleno dia";"Crescente";"Chuva";"Simples";"Declive";"Não";2;0;0;1;1;0;1;2;-15,263369;-47,16048;"SPRF-DF";"DEL02-DF";"UOP01-DEL02-DF"
399621;2021-12-04;"sábado";"11:15:00";"AP";210;43;"MACAPA";"Ausência de reação do condutor";"Saída de leito carroçável";"Com Vítimas Feridas";"Pleno dia";"Decrescente";"Céu Claro";"Simples";"Curva";"Não";1;0;0;1;0;0;1;1;0,38390951;-51,07124757;"SPRF-AP";"DEL01-AP";"UOP01-DEL01-AP"
399622;2021-12-04;"sábado";"11:55:00";"BA";324;604;"SIMOES FILHO";"Acessar a via sem observar a presença dos outros veículos";"Colisão lateral mesmo sentido";"Com Vítimas Feridas";"Pleno dia";"Crescente";"Nublado";"Múltipla";"Reta;Aclive";"Sim";3;0;2;0;1;0;2;2;-12,79028134;-38,40620756;"SPRF-BA";"DEL01-BA";"UOP01-DEL01-BA"
399623;2021-11-27;"sábado";"08:15:00";"RS";386;27;"FREDERICO WESTPHALEN";"Ultrapassagem Indevida";"Colisão lateral mesmo sentido";"Sem Vítimas";"Pleno dia";"Decrescente";"Nublado";"Simples";"Curva";"Não";3;0;0;0;3;0;0;2;-27,305323;-53,370804;"SPRF-RS";"DEL08-RS";"UOP02-DEL08-RS"
399624;2021-12-04;"sábado";"09:30:00";"BA";101;827,5;"ITAMARAJU";"Acumulo de água sobre o pavimento";"Tombamento";"Sem Vítimas";"Pleno dia";"Crescente";"Chuva";"Simples";"Curva";"Não";1;0;0;0;1;0;0;1;-17,1455474;-39,5676899;"SPRF-BA";"DEL09-BA";"UOP02-DEL09-BA"
399625;2021-12-04;"sábado";"09:40:00";"BA";101;816,5;"ITAMARAJU";"Acumulo de água sobre o pavimento";"Saída de leito carroçável";"Com Vítimas Feridas";"Pleno dia";"Crescente";"Chuva";"Simples";"Reta";"Não";3;0;3;0;0;0;3;1;-17,06675407;-39,55696106;"SPRF-BA";"DEL09-BA";"UOP02-DEL09-BA"
399627;2021-12-04;"sábado";"13:15:00";"SP";116;273,3;"TABOAO DA SERRA";"Acessar a via sem observar a presença dos outros veículos";"Colisão lateral mesmo sentido";"Com Vítimas Feridas";"Pleno dia";"Decrescente";"Céu Claro";"Dupla";"Reta";"Sim";3;0;1;0;2;0;1;3;-23,62809795;-46,81870306;"SPRF-SP";"DEL04-SP";"UOP01-DEL04-SP"
399628;2021-12-04;"sábado";"13:00:00";"SC";101;204,3;"SAO JOSE";"Ausência de reação do condutor";"Colisão traseira";"Com Vítimas Feridas";"Pleno dia";"Crescente";"Céu Claro";"Múltipla";"Reta";"Sim";2;0;1;0;1;0;1;2;-27,57413014;-48,61363083;"SPRF-SC";"DEL01-SC";"UOP01-DEL01-SC"
399629;2021-12-04;"sábado";"13:15:00";"SP";116;229;"SAO PAULO";"Manobra de mudança de faixa";"Colisão lateral mesmo sentido";"Com Vítimas Feridas";"Pleno dia";"Decrescente";"Céu Claro";"Múltipla";"Reta";"Sim";4;0;2;0;2;0;2;3;-23,51291902;-46,57604698;"SPRF-SP";"DEL01-SP";"UOP01-DEL01-SP"
399630;2021-12-04;"sábado";"11:00:00";"SC";101;418;"ARARANGUA";"Ausência de reação do condutor";"Saída de leito carroçável";"Com Vítimas Feridas";"Pleno dia";"Decrescente";"Céu Claro";"Dupla";"Reta";"Sim";2;0;2;0;0;0;2;1;-28,98593522;-49,54262674;"SPRF-SC";"DEL02-SC";"UOP02-DEL02-SC"
399631;2021-12-04;"sábado";"13:55:00";"GO";153;557,8;"PROFESSOR JAMIL";"Avarias e/ou desgaste excessivo no pneu";"Saída de leito carroçável";"Com Vítimas Feridas";"Pleno dia";"Crescente";"Céu Claro";"Dupla";"Declive";"Não";2;0;2;0;0;0;2;1;-17,2013;-49,2083;"SPRF-GO";"DEL03-GO";"UOP01-DEL03-GO"
399632;2021-12-04;"sábado";"13:30:00";"GO";70;373,4;"MONTES CLAROS DE GOIAS";"Ausência de reação do condutor";"Colisão traseira";"Com Vítimas Fatais";"Pleno dia";"Decrescente";"Céu Claro";"Simples";"Reta";"Não";3;1;0;1;1;0;1;2;-15,92039414;-51,40777588;"SPRF-GO";"DEL04-GO";"UOP01-DEL04-GO"
399633;2021-12-04;"sábado";"12:15:00";"MG";50;175,9;"UBERABA";"Demais falhas mecânicas ou elétricas";"Tombamento";"Com Vítimas Feridas";"Pleno dia";"Decrescente";"Sol";"Dupla";"Reta";"Sim";2;0;2;0;0;0;2;1;-19,77880359;-47,9695118;"SPRF-MG";"DEL13-MG";"UOP01-DEL13-MG"
399634;2021-12-04;"sábado";"11:10:00";"MT";163;656,2;"LUCAS DO RIO VERDE";"Reação tardia ou ineficiente do condutor";"Saída de leito carroçável";"Com Vítimas Feridas";"Pleno dia";"Crescente";"Nublado";"Simples";"Reta";"Não";1;0;1;0;0;0;1;1;-13,43237102;-56,08137983;"SPRF-MT";"DEL06-MT";"UOP01-DEL06-MT"
399635;2021-12-04;"sábado";"12:50:00";"RO";364;713;"PORTO VELHO";"Condutor deixou de manter distância do veículo da frente";"Colisão traseira";"Com Vítimas Feridas";"Pleno dia";"Decrescente";"Céu Claro";"Dupla";"Reta";"Sim";3;0;2;0;0;1;2;2;-8,77331583;-63,87969248;"SPRF-RO";"DEL01-RO";"UOP01-DEL01-RO"
399637;2021-12-04;"sábado";"13:00:00";"PE";232;50;"VITORIA DE SANTO ANTAO";"Demais falhas mecânicas ou elétricas";"Incêndio";"Sem Vítimas";"Pleno dia";"Crescente";"Céu Claro";"Dupla";"Aclive";"Não";1;0;0;0;1;0;0;1;-8,14106223;-35,32322707;"SPRF-PE";"DEL01-PE";"UOP01-DEL01-PE"
399639;2021-12-04;"sábado";"14:10:00";"RS";386;359;"ESTRELA";"Avarias e/ou desgaste excessivo no pneu";"Eventos atípicos";"Com Vítimas Feridas";"Pleno dia";"Crescente";"Céu Claro";"Dupla";"Reta";"Não";4;0;2;2;0;0;4;1;-29,540054;-51,913406;"SPRF-RS";"DEL04-RS";"UOP02-DEL04-RS"
399640;2021-12-04;"sábado";"13:20:00";"BA";324;620;"SALVADOR";"Ausência de reação do condutor";"Queda de ocupante de veículo";"Com Vítimas Feridas";"Pleno dia";"Decrescente";"Nublado";"Múltipla";"Reta";"Sim";1;0;1;0;0;0;1;1;-12,90482172;-38,45556535;"SPRF-BA";"DEL01-BA";"UOP01-DEL01-BA"
399641;2021-12-04;"sábado";"08:00:00";"RO";364;343,5;"JI-PARANA";"Conversão proibida";"Colisão transversal";"Com Vítimas Feridas";"Pleno dia";"Crescente";"Céu Claro";"Dupla";"Reta";"Sim";2;0;2;0;0;0;2;2;-10,87878519;-61,94499012;"SPRF-RO";"DEL02-RO";"UOP01-DEL02-RO"
399642;2021-12-04;"sábado";"11:30:00";"PR";153;374,9;"RIO AZUL";"Velocidade Incompatível";"Saída de leito carroçável";"Com Vítimas Feridas";"Pleno dia";"Crescente";"Céu Claro";"Simples";"Declive;Reta";"Não";1;0;1;0;0;0;1;1;-25,75704292;-50,84104005;"SPRF-PR";"DEL03-PR";"UOP03-DEL03-PR"
399643;2021-12-04;"sábado";"10:30:00";"MG";116;155,9;"PONTO DOS VOLANTES";"Pedestre cruzava a pista fora da faixa";"Atropelamento de Pedestre";"Com Vítimas Feridas";"Pleno dia";"Decrescente";"Nublado";"Simples";"Reta";"Não";4;0;3;1;0;0;4;2;-16,89275118;-41,47383649;"SPRF-MG";"DEL11-MG";"UOP02-DEL11-MG"
399644;2021-12-04;"sábado";"12:10:00";"MS";163;242;"CAARAPO";"Manobra de mudança de faixa";"Capotamento";"Com Vítimas Feridas";"Pleno dia";"Crescente";"Céu Claro";"Simples";"Reta";"Não";4;0;2;2;0;0;4;1;-22,37336293;-54,79537285;"SPRF-MS";"DEL04-MS";"UOP01-DEL04-MS"
399645;2021-12-04;"sábado";"10:40:00";"PR";469;15,5;"FOZ DO IGUACU";"Pedestre andava na pista";"Atropelamento de Pedestre";"Com Vítimas Feridas";"Amanhecer";"Crescente";"Céu Claro";"Simples";"Ponte";"Não";2;0;1;0;0;1;1;2;-25,58293;-54,525847;"SPRF-PR";"DEL05-PR";"UOP04-DEL05-PR"
399646;2021-12-04;"sábado";"12:10:00";"ES";101;67;"SAO MATEUS";"Ausência de reação do condutor";"Queda de ocupante de veículo";"Com Vítimas Feridas";"Pleno dia";"Crescente";"Céu Claro";"Simples";"Reta";"Não";1;0;0;1;0;0;1;1;-18,72054021;-39,8658931;"SPRF-ES";"DEL04-ES";"UOP02-DEL04-ES"
399648;2021-12-04;"sábado";"13:50:00";"SP";116;46,4;"CANAS";"Ausência de reação do condutor";"Capotamento";"Com Vítimas Feridas";"Pleno dia";"Decrescente";"Céu Claro";"Dupla";"Reta";"Não";2;0;1;0;1;0;1;1;-22,71393589;-45,05335608;"SPRF-SP";"DEL08-SP";"UOP02-DEL08-SP"
399650;2021-12-04;"sábado";"14:40:00";"BA";324;596;"CANDEIAS";"Avarias e/ou desgaste excessivo no pneu";"Tombamento";"Com Vítimas Feridas";"Pleno dia";"Decrescente";"Nublado";"Dupla";"Declive;Reta";"Não";2;0;2;0;0;0;2;1;-12,73150383;-38,44548486;"SPRF-BA";"DEL01-BA";"UOP01-DEL01-BA"
399651;2021-12-04;"sábado";"06:00:00";"GO";158;267;"JATAI";"Velocidade Incompatível";"Saída de leito carroçável";"Sem Vítimas";"Amanhecer";"Crescente";"Céu Claro";"Dupla";"Reta";"Sim";1;0;0;0;0;1;0;1;-17,84375902;-51,744951;"SPRF-GO";"DEL05-GO";"UOP01-DEL05-GO"
399653;2021-12-04;"sábado";"15:15:00";"SP";381;58;"MAIRIPORA";"Reação tardia ou ineficiente do condutor";"Colisão traseira";"Com Vítimas Feridas";"Pleno dia";"Crescente";"Céu Claro";"Dupla";"Aclive;Reta";"Não";7;0;1;0;6;0;1;2;-23,27438497;-46,58530615;"SPRF-SP";"DEL03-SP";"UOP01-DEL03-SP"
399655;2021-12-04;"sábado";"15:10:00";"PR";277;97;"CURITIBA";"Acesso irregular";"Colisão transversal";"Com Vítimas Feridas";"Pleno dia";"Decrescente";"Céu Claro";"Dupla";"Reta";"Sim";2;0;1;0;1;0;1;2;-25,54577186;-49,29537197;"SPRF-PR";"DEL01-PR";"UOP01-DEL01-PR"
399656;2021-12-04;"sábado";"15:50:00";"PR";277;722,3;"FOZ DO IGUACU";"Demais falhas mecânicas ou elétricas";"Tombamento";"Com Vítimas Feridas";"Pleno dia";"Crescente";"Céu Claro";"Dupla";"Reta";"Sim";2;0;1;0;1;0;1;1;-25,49494908;-54,52095097;"SPRF-PR";"DEL05-PR";"UOP03-DEL05-PR"
399657;2021-12-04;"sábado";"15:00:00";"PR";116;120;"CURITIBA";"Condutor deixou de manter distância do veículo da frente";"Colisão traseira";"Sem Vítimas";"Pleno dia";"Crescente";"Céu Claro";"Dupla";"Reta";"Não";3;0;0;0;3;0;0;3;-25,55122256;-49,30503748;"SPRF-PR";"DEL01-PR";"UOP03-DEL01-PR"
399658;2021-12-04;"sábado";"16:10:00";"MA";316;550,6;"CAXIAS";"Condutor deixou de manter distância do veículo da frente";"Colisão traseira";"Com Vítimas Feridas";"Pleno dia";"Crescente";"Céu Claro";"Simples";"Reta";"Sim";2;0;1;0;1;0;1;2;-4,886332;-43,353386;"SPRF-MA";"DEL03-MA";"UOP02-DEL03-MA"
399659;2021-12-04;"sábado";"15:55:00";"RS";158;326;"SANTA MARIA";"Retorno proibido";"Colisão transversal";"Com Vítimas Feridas";"Pleno dia";"Crescente";"Céu Claro";"Simples";"Viaduto;Em Obras;Interseção de Vias";"Sim";3;0;1;1;1;0;2;2;-29,71350094;-53,81560441;"SPRF-RS";"DEL09-RS";"UOP01-DEL09-RS"
399662;2021-12-04;"sábado";"15:50:00";"ES";101;271,5;"SERRA";"Pedestre andava na pista";"Atropelamento de Pedestre";"Com Vítimas Feridas";"Pleno dia";"Decrescente";"Nublado";"Múltipla";"Reta";"Sim";2;0;0;1;0;1;1;2;-20,23267;-40,27658;"SPRF-ES";"DEL02-ES";"UOP01-DEL02-ES"
399664;2021-12-04;"sábado";"15:05:00";"MS";163;258,2;"DOURADOS";"Acessar a via sem observar a presença dos outros veículos";"Colisão transversal";"Com Vítimas Feridas";"Pleno dia";"Crescente";"Céu Claro";"Dupla";"Rotatória";"Sim";2;0;0;1;1;0;1;2;-22,25843787;-54,78190899;"SPRF-MS";"DEL04-MS";"UOP01-DEL04-MS"
399668;2021-12-04;"sábado";"16:30:00";"RJ";116;172;"SAO JOAO DE MERITI";"Ingestão de álcool pelo condutor";"Colisão traseira";"Sem Vítimas";"Pleno dia";"Crescente";"Céu Claro";"Múltipla";"Reta";"Sim";3;0;0;0;3;0;0;3;-22,80188151;-43,35043673;"SPRF-RJ";"DEL01-RJ";"UOP02-DEL01-RJ"
399670;2021-12-04;"sábado";"16:30:00";"SP";116;216;"GUARULHOS";"Reação tardia ou ineficiente do condutor";"Colisão traseira";"Com Vítimas Feridas";"Pleno dia";"Crescente";"Céu Claro";"Múltipla";"Reta";"Sim";2;0;1;0;1;0;1;2;-23,45056589;-46,46258105;"SPRF-SP";"DEL01-SP";"UOP01-DEL01-SP"