"id";"data_inversa";"dia_semana";"horario";"uf";"br";"km";"municipio";"causa_acidente";"tipo_acidente";"classificacao_acidente";"fase_dia";"sentido_via";"condicao_metereologica";"tipo_pista";"tracado_via";"uso_solo";"pessoas";"mortos";"feridos_leves";"feridos_graves";"ilesos";"ignorados";"feridos";"veiculos";"latitude";"longitude";"regional";"delegacia";"uop"
399772;2021-12-05;"domingo";"00:50:00";"RS";470;176;"VERANOPOLIS";"Ausência de reação do condutor";"Colisão frontal";"Com Vítimas Feridas";"Plena Noite";"Decrescente";"Céu Claro";"Simples";"Curva";"Sim";3;0;2;1;0;0;3;2;-28,93175124;-51,5415985;"SPRF-RS";"DEL06-RS";"UOP02-DEL06-RS"
399773;2021-12-05;"domingo";"00:40:00";"SP";153;47,2;"SAO JOSE DO RIO PRETO";"Transitar na contramão";"Colisão frontal";"Com Vítimas Fatais";"Plena Noite";"Crescente";"Chuva";"Simples";"Reta";"Não";7;1;3;2;0;1;5;3;-20,68199298;-49,34015562;"SPRF-SP";"DEL09-SP";"UOP01-DEL09-SP"
399774;2021-12-05;"domingo";"01:45:00";"PR";376;188,9;"MARIALVA";"Ingestão de álcool pelo condutor";"Saída de leito carroçável";"Sem Vítimas";"Plena Noite";"Crescente";"Céu Claro";"Dupla";"Reta";"Não";1;0;0;0;1;0;0;1;-23,46634923;-51,82808011;"SPRF-PR";"DEL09-PR";"UOP01-DEL09-PR"
399776;2021-12-05;"domingo";"01:15:00";"SC";101;309;"LAGUNA";"Ausência de reação do condutor";"Atropelamento de Pedestre";"Com Vítimas Fatais";"Plena Noite";"Decrescente";"Céu Claro";"Múltipla";"Reta";"Sim";2;1;0;0;0;1;0;2;-28,42306138;-48,79932761;"SPRF-SC";"DEL02-SC";"UOP01-DEL02-SC"
399777;2021-12-05;"domingo";"02:00:00";"SC";101;198,6;"BIGUACU";"Ingestão de álcool pelo condutor";"Colisão com objeto";"Sem Vítimas";"Plena Noite";"Decrescente";"Céu Claro";"Múltipla";"Curva";"Sim";1;0;0;0;1;0;0;1;-27,53143731;-48,63163054;"SPRF-SC";"DEL01-SC";"UOP01-DEL01-SC"
399778;2021-12-05;"domingo";"02:30:00";"RS";392;296;"SAO SEPE";"Ingestão de álcool pelo condutor";"Colisão transversal";"Com Vítimas Feridas";"Plena Noite";"Crescente";"Céu Claro";"Simples";"Interseção de Vias";"Não";2;0;1;1;0;0;2;2;-30,16452246;-53,58356422;"SPRF-RS";"DEL09-RS";"UOP02-DEL09-RS"
399779;2021-12-05;"domingo";"02:00:00";"GO";153;518;"APARECIDA DE GOIANIA";"Velocidade Incompatível";"Saída de leito carroçável";"Com Vítimas Feridas";"Plena Noite";"Decrescente";"Nublado";"Dupla";"Reta";"Não";1;0;0;1;0;0;1;1;-16,867;-49,2505;"SPRF-GO";"DEL01-GO";"UOP03-DEL01-GO"
399780;2021-12-05;"domingo";"02:30:00";"ES";101;293;"CARIACICA";"Velocidade Incompatível";"Capotamento";"Com Vítimas Feridas";"Plena Noite";"Decrescente";"Nublado";"Múltipla";"Reta";"Não";2;0;2;0;0;0;2;1;-20,31526144;-40,39567044;"SPRF-ES";"DEL01-ES";"UOP01-DEL01-ES"
399781;2021-12-05;"domingo";"02:30:00";"PR";277;14;"PARANAGUA";"Velocidade Incompatível";"Saída de leito carroçável";"Sem Vítimas";"Plena Noite";"Decrescente";"Garoa/Chuvisco";"Dupla";"Reta";"Não";1;0;0;0;0;1;0;1;-25,5578597;-48,65327152;"SPRF-PR";"DEL01-PR";"UOP05-DEL01-PR"
399782;2021-12-05;"domingo";"02:30:00";"SP";116;141;"SAO JOSE DOS CAMPOS";"Reação tardia ou ineficiente do condutor";"Colisão lateral mesmo sentido";"Sem Vítimas";"Plena Noite";"Decrescente";"Nublado";"Dupla";"Reta";"Não";2;0;0;0;2;0;0;2;-23,17004717;-45,82091491;"SPRF-SP";"DEL02-SP";"UOP01-DEL02-SP"
399784;2021-12-05;"domingo";"02:50:00";"PI";316;5,3;"TERESINA";"Pedestre andava na pista";"Atropelamento de Pedestre";"Com Vítimas Fatais";"Plena Noite";"Crescente";"Céu Claro";"Múltipla";"Declive";"Sim";2;1;0;0;1;0;0;2;-5,14169858;-42,78157276;"SPRF-PI";"DEL01-PI";"UOP02-DEL01-PI"
399786;2021-12-05;"domingo";"03:00:00";"ES";101;145;"LINHARES";"Ingestão de álcool pelo condutor";"Colisão traseira";"Sem Vítimas";"Plena Noite";"Decrescente";"Nublado";"Dupla";"Reta";"Não";4;0;0;0;3;1;0;2;-19,36089598;-40,06464018;"SPRF-ES";"DEL04-ES";"UOP01-DEL04-ES"
399787;2021-12-05;"domingo";"02:15:00";"PR";376;354;"ORTIGUEIRA";"Acesso irregular";"Colisão transversal";"Com Vítimas Feridas";"Plena Noite";"Crescente";"Céu Claro";"Simples";"Reta";"Não";4;0;4;0;0;0;4;2;-24,2708266;-50,88943166;"SPRF-PR";"DEL07-PR";"UOP02-DEL07-PR"
399788;2021-12-05;"domingo";"02:40:00";"RS";290;65;"GRAVATAI";"Reação tardia ou ineficiente do condutor";"Colisão com objeto";"Com Vítimas Feridas";"Plena Noite";"Decrescente";"Céu Claro";"Dupla";"Reta";"Não";1;0;1;0;0;0;1;1;-29,943321;-50,908281;"SPRF-RS";"DEL03-RS";"UOP01-DEL03-RS"
399789;2021-12-05;"domingo";"03:30:00";"SC";101;325,6;"CAPIVARI DE BAIXO";"Ausência de reação do condutor";"Saída de leito carroçável";"Com Vítimas Feridas";"Plena Noite";"Crescente";"Céu Claro";"Múltipla";"Reta";"Sim";2;0;1;0;1;0;1;1;-28,42524483;-48,94302707;"SPRF-SC";"DEL02-SC";"UOP01-DEL02-SC"
399790;2021-12-05;"domingo";"03:48:00";"SP";116;135,9;"SAO JOSE DOS CAMPOS";"Ausência de reação do condutor";"Colisão com objeto";"Com Vítimas Feridas";"Plena Noite";"Crescente";"Céu Claro";"Dupla";"Reta";"Sim";1;0;1;0;0;0;1;1;-23,144484;-45,77018;"SPRF-SP";"DEL02-SP";"UOP01-DEL02-SP"
399791;2021-10-04;"segunda-feira";"12:30:00";"GO";452;106;"BOM JESUS DE GOIAS";"Objeto estático sobre o leito carroçável";"Saída de leito carroçável";"Com Vítimas Feridas";"Pleno dia";"Decrescente";"Céu Claro";"Simples";"Reta";"Não";1;0;1;0;0;0;1;1;-18,15030467;-49,94739782;"SPRF-GO";"DEL03-GO";"UOP02-DEL03-GO"
399792;2021-12-05;"domingo";"02:30:00";"MS";487;114;"ITAQUIRAI";"Reação tardia ou ineficiente do condutor";"Atropelamento de Pedestre";"Com Vítimas Feridas";"Plena Noite";"Decrescente";"Céu Claro";"Simples";"Reta";"Não";3;0;0;2;0;1;2;2;-23,262565;-53,923491;"SPRF-MS";"DEL09-MS";"UOP01-DEL09-MS"
399793;2021-12-05;"domingo";"03:00:00";"RS";386;45;"SEBERI";"Ingestão de álcool pelo condutor";"Saída de leito carroçável";"Com Vítimas Feridas";"Plena Noite";"Decrescente";"Céu Claro";"Simples";"Curva";"Não";1;0;1;0;0;0;1;1;-27,448933;-53,414272;"SPRF-RS";"DEL08-RS";"UOP02-DEL08-RS"
399794;2021-12-05;"domingo";"03:00:00";"MS";163;256,2;"DOURADOS";"Ausência de reação do condutor";"Colisão traseira";"Com Vítimas Feridas";"Plena Noite";"Decrescente";"Nublado";"Dupla";"Reta";"Sim";3;0;2;0;0;1;2;2;-22,258688;-54,804028;"SPRF-MS";"DEL04-MS";"UOP01-DEL04-MS"
399795;2021-12-05;"domingo";"02:50:00";"MG";50;179;"UBERABA";"Reação tardia ou ineficiente do condutor";"Colisão com objeto";"Com Vítimas Feridas";"Plena Noite";"Decrescente";"Céu Claro";"Dupla";"Desvio Temporário;Reta;Em Obras";"Sim";2;0;2;0;0;0;2;1;-19,77827047;-47,93140998;"SPRF-MG";"DEL13-MG";"UOP01-DEL13-MG"
399796;2021-12-04;"sábado";"23:20:00";"RJ";101;319;"SAO GONCALO";"Reação tardia ou ineficiente do condutor";"Colisão com objeto";"Com Vítimas Feridas";"Plena Noite";"Crescente";"Céu Claro";"Dupla";"Reta";"Sim";2;0;1;0;1;0;1;1;-22,85411774;-43,1018014;"SPRF-RJ";"DEL02-RJ";"UOP02-DEL02-RJ"
399797;2021-12-05;"domingo";"04:00:00";"PR";116;122;"CURITIBA";"Ingestão de álcool pelo condutor";"Colisão traseira";"Com Vítimas Feridas";"Plena Noite";"Decrescente";"Céu Claro";"Dupla";"Reta";"Não";4;0;2;0;2;0;2;2;-25,56857207;-49,31023179;"SPRF-PR";"DEL01-PR";"UOP03-DEL01-PR"
399798;2021-12-05;"domingo";"03:20:00";"RJ";101;296;"ITABORAI";"Curva acentuada";"Capotamento";"Com Vítimas Feridas";"Plena Noite";"Decrescente";"Céu Claro";"Múltipla";"Curva";"Sim";4;0;3;0;1;0;3;1;-22,7670498;-42,91019601;"SPRF-RJ";"DEL02-RJ";"UOP02-DEL02-RJ"
399799;2021-12-05;"domingo";"04:30:00";"SC";101;368;"ICARA";"Condutor Dormindo";"Saída de leito carroçável";"Com Vítimas Feridas";"Amanhecer";"Crescente";"Céu Claro";"Múltipla";"Declive;Reta";"Sim";4;0;3;0;1;0;3;1;-28,69764612;-49,18262601;"SPRF-SC";"DEL02-SC";"UOP01-DEL02-SC"
399802;2021-12-05;"domingo";"05:05:00";"SP";381;68;"MAIRIPORA";"Demais falhas mecânicas ou elétricas";"Saída de leito carroçável";"Com Vítimas Feridas";"Pleno dia";"Crescente";"Céu Claro";"Dupla";"Curva";"Não";2;0;2;0;0;0;2;1;-23,34043796;-46,57433588;"SPRF-SP";"DEL03-SP";"UOP01-DEL03-SP"
399804;2021-12-05;"domingo";"03:20:00";"PB";230;496,2;"CAJAZEIRAS";"Ausência de reação do condutor";"Colisão com objeto";"Com Vítimas Feridas";"Plena Noite";"Decrescente";"Nublado";"Simples";"Ponte";"Não";1;0;0;1;0;0;1;1;-6,8886;-38,4755;"SPRF-PB";"DEL03-PB";"UOP03-DEL03-PB"
399805;2021-12-05;"domingo";"05:00:00";"PR";476;126;"CURITIBA";"Ingestão de álcool pelo condutor";"Colisão com objeto";"Sem Vítimas";"Amanhecer";"Crescente";"Céu Claro";"Múltipla";"Reta";"Sim";1;0;0;0;0;1;0;1;-25,416758;-49,223446;"SPRF-PR";"DEL01-PR";"UOP03-DEL01-PR"
399806;2021-12-05;"domingo";"04:00:00";"GO";60;7;"SANTO ANTONIO DO DESCOBERTO";"Ausência de reação do condutor";"Saída de leito carroçável";"Com Vítimas Feridas";"Amanhecer";"Crescente";"Céu Claro";"Dupla";"Declive";"Não";2;0;2;0;0;0;2;1;-16,107308;-48,298244;"SPRF-DF";"DEL03-DF";"UOP01-DEL03-DF"
399807;2021-12-05;"domingo";"04:15:00";"RO";319;62;"PORTO VELHO";"Chuva";"Tombamento";"Com Vítimas Feridas";"Plena Noite";"Crescente";"Chuva";"Dupla";"Reta;Interseção de Vias";"Sim";1;0;0;1;0;0;1;1;-8,75036973;-63,88796752;"SPRF-RO";"DEL01-RO";"UOP01-DEL01-RO"
399809;2021-12-05;"domingo";"01:35:00";"MA";222;373,5;"SANTA INES";"Ingestão de álcool pelo condutor";"Colisão frontal";"Com Vítimas Fatais";"Plena Noite";"Crescente";"Nublado";"Simples";"Reta";"Não";4;3;0;0;0;1;0;2;-3,75121582;-45,44293925;"SPRF-MA";"DEL02-MA";"UOP01-DEL02-MA"
399811;2021-12-05;"domingo";"05:40:00";"PE";101;29;"ITAPISSUMA";"Acumulo de óleo sobre o pavimento";"Queda de ocupante de veículo";"Com Vítimas Feridas";"Amanhecer";"Crescente";"Céu Claro";"Dupla";"Retorno Regulamentado";"Não";1;0;1;0;0;0;1;1;-7,72939697;-34,94185854;"SPRF-PE";"DEL01-PE";"UOP02-DEL01-PE"
399812;2021-12-05;"domingo";"04:10:00";"MT";364;270,7;"JACIARA";"Transitar na contramão";"Colisão frontal";"Com Vítimas Feridas";"Plena Noite";"Crescente";"Nublado";"Dupla";"Reta";"Sim";3;0;1;0;2;0;1;2;-15,9689785;-54,94463002;"SPRF-MT";"DEL02-MT";"UOP01-DEL02-MT"
399813;2021-12-05;"domingo";"02:30:00";"SC";282;400,3;"JOACABA";"Condutor Dormindo";"Colisão com objeto";"Com Vítimas Feridas";"Plena Noite";"Decrescente";"Céu Claro";"Simples";"Reta";"Não";1;0;1;0;0;0;1;1;-27,132223;-51,627563;"SPRF-SC";"DEL07-SC";"UOP05-DEL07-SC"
399814;2021-12-05;"domingo";"04:55:00";"RO";364;709;"PORTO VELHO";"Iluminação deficiente";"Saída de leito carroçável";"Sem Vítimas";"Plena Noite";"Crescente";"Chuva";"Múltipla";"Reta";"Sim";1;0;0;0;0;1;0;1;-8,7909383;-63,84895617;"SPRF-RO";"DEL01-RO";"UOP01-DEL01-RO"
399815;2021-12-05;"domingo";"06:25:00";"PR";116;125;"FAZENDA RIO GRANDE";"Reação tardia ou ineficiente do condutor";"Engavetamento";"Sem Vítimas";"Pleno dia";"Crescente";"Céu Claro";"Dupla";"Reta";"Sim";3;0;0;0;3;0;0;3;-25,59505309;-49,31630659;"SPRF-PR";"DEL01-PR";"UOP03-DEL01-PR"
399816;2021-12-05;"domingo";"05:15:00";"PR";277;72;"SAO JOSE DOS PINHAIS";"Condutor deixou de manter distância do veículo da frente";"Colisão traseira";"Com Vítimas Feridas";"Amanhecer";"Decrescente";"Céu Claro";"Dupla";"Reta";"Não";2;0;1;0;0;1;1;2;-25,52522628;-49,09755612;"SPRF-PR";"DEL01-PR";"UOP01-DEL01-PR"
399819;2021-12-05;"domingo";"06:00:00";"PR";277;112;"CAMPO LARGO";"Manobra de mudança de faixa";"Colisão lateral mesmo sentido";"Com Vítimas Feridas";"Amanhecer";"Crescente";"Céu Claro";"Dupla";"Reta";"Sim";6;0;2;0;4;0;2;2;-25,442622;-49,4562808;"SPRF-PR";"DEL01-PR";"UOP03-DEL03-PR"
399820;2021-12-05;"domingo";"04:30:00";"MT";163;806;"SINOP";"Ingestão de álcool pelo condutor";"Saída de leito carroçável";"Sem Vítimas";"Amanhecer";"Decrescente";"Chuva";"Simples";"Reta";"Não";1;0;0;0;1;0;0;1;-12,117;-55,516;"SPRF-MT";"DEL06-MT";"UOP01-DEL06-MT"
399821;2021-12-05;"domingo";"04:30:00";"RJ";493;123;"ITAGUAI";"Velocidade Incompatível";"Saída de leito carroçável";"Com Vítimas Fatais";"Plena Noite";"Crescente";"Nublado";"Dupla";"Rotatória";"Não";1;1;0;0;0;0;0;1;-22,90314356;-43,82530189;"SPRF-RJ";"DEL03-RJ";"UOP01-DEL03-RJ"
399822;2021-12-05;"domingo";"06:33:00";"MG";365;624,5;"UBERLANDIA";"Curva acentuada";"Colisão com objeto";"Com Vítimas Feridas";"Pleno dia";"Decrescente";"Céu Claro";"Simples";"Curva";"Sim";3;0;3;0;0;0;3;1;-18,90754763;-48,3160669;"SPRF-MG";"DEL15-MG";"UOP01-DEL15-MG"
399826;2021-12-05;"domingo";"06:35:00";"PR";369;164,5;"CAMBE";"Velocidade Incompatível";"Colisão traseira";"Com Vítimas Feridas";"Pleno dia";"Decrescente";"Céu Claro";"Dupla";"Declive";"Não";3;0;2;0;1;0;2;2;-23,295358;-51,290458;"SPRF-PR";"DEL07-PR";"UOP01-DEL07-PR"
399827;2021-12-05;"domingo";"03:50:00";"RS";386;430;"NOVA SANTA RITA";"Ingestão de álcool pelo condutor";"Saída de leito carroçável";"Sem Vítimas";"Plena Noite";"Crescente";"Céu Claro";"Simples";"Reta";"Não";1;0;0;0;1;0;0;1;-29,828415;-51,322445;"SPRF-RS";"DEL04-RS";"UOP02-DEL04-RS"
399828;2021-12-05;"domingo";"06:15:00";"PR";376;175,3;"MARINGA";"Condutor Dormindo";"Saída de leito carroçável";"Com Vítimas Feridas";"Amanhecer";"Crescente";"Céu Claro";"Dupla";"Reta";"Sim";1;0;1;0;0;0;1;1;-23,4113569;-51,9407767;"SPRF-PR";"DEL09-PR";"UOP01-DEL09-PR"
399829;2021-12-05;"domingo";"07:00:00";"SC";101;215;"PALHOCA";"Condutor Dormindo";"Queda de ocupante de veículo";"Com Vítimas Feridas";"Pleno dia";"Crescente";"Nublado";"Múltipla";"Reta";"Sim";1;0;1;0;0;0;1;1;-27,65184843;-48,67604941;"SPRF-SC";"DEL01-SC";"UOP02-DEL01-SC"
399830;2021-12-05;"domingo";"03:23:00";"MT";70;511;"CUIABA";"Animais na Pista";"Atropelamento de Animal";"Com Vítimas Feridas";"Plena Noite";"Crescente";"Ignorado";"Simples";"Reta";"Não";1;0;1;0;0;0;1;1;-15,69840852;-56,11129761;"SPRF-MT";"DEL01-MT";"UOP02-DEL01-MT"
399831;2021-12-05;"domingo";"06:40:00";"PB";230;25,4;"JOAO PESSOA";"Ausência de reação do condutor";"Colisão lateral mesmo sentido";"Sem Vítimas";"Pleno dia";"Crescente";"Sol";"Múltipla";"Viaduto";"Sim";2;0;0;0;2;0;0;2;-7,1707;-34,8684;"SPRF-PB";"DEL01-PB";"UOP01-DEL01-PB"
399833;2021-12-05;"domingo";"07:30:00";"PR";476;144;"CURITIBA";"Velocidade Incompatível";"Capotamento";"Com Vítimas Feridas";"Pleno dia";"Crescente";"Céu Claro";"Dupla";"Declive;Curva";"Sim";1;0;0;1;0;0;1;1;-25,542501;-49,313011;"SPRF-PR";"DEL01-PR";"UOP03-DEL01-PR"
399834;2021-12-05;"domingo";"07:10:00";"SP";116;142;"SAO JOSE DOS CAMPOS";"Reação tardia ou ineficiente do condutor";"Saída de leito carroçável";"Com Vítimas Feridas";"Pleno dia";"Crescente";"Céu Claro";"Dupla";"Reta";"Não";1;0;1;0;0;0;1;1;-23,17426078;-45,82940111;"SPRF-SP";"DEL02-SP";"UOP01-DEL02-SP"
399837;2021-12-05;"domingo";"08:00:00";"RJ";116;190;"QUEIMADOS";"Ausência de reação do condutor";"Colisão traseira";"Com Vítimas Feridas";"Pleno dia";"Decrescente";"Céu Claro";"Múltipla";"Reta";"Sim";2;0;1;0;1;0;1;2;-22,74123776;-43,5007311;"SPRF-RJ";"DEL01-RJ";"UOP02-DEL01-RJ"
399838;2021-12-05;"domingo";"07:15:00";"PR";476;124;"CURITIBA";"Acumulo de areia ou detritos sobre o pavimento";"Tombamento";"Com Vítimas Fatais";"Pleno dia";"Decrescente";"Céu Claro";"Dupla";"Reta";"Sim";2;1;0;1;0;0;1;1;-25,399845;-49,215855;"SPRF-PR";"DEL01-PR";"UOP03-DEL01-PR"
399840;2021-12-05;"domingo";"06:20:00";"PE";407;126,1;"PETROLINA";"Acessar a via sem observar a presença dos outros veículos";"Colisão com objeto";"Com Vítimas Feridas";"Pleno dia";"Decrescente";"Nublado";"Dupla";"Interseção de Vias";"Não";3;0;1;0;1;1;1;2;-9,38491309;-40,52809509;"SPRF-PE";"DEL06-PE";"UOP01-DEL06-PE"
399841;2021-12-05;"domingo";"04:25:00";"PI";407;426;"PICOS";"Animais na Pista";"Atropelamento de Animal";"Com Vítimas Feridas";"Amanhecer";"Decrescente";"Chuva";"Simples";"Reta";"Sim";3;0;2;0;1;0;2;1;-7,10202791;-41,41802488;"SPRF-PI";"DEL04-PI";"UOP01-DEL04-PI"
399842;2021-11-13;"sábado";"12:30:00";"GO";153;494;"GOIANIA";"Chuva";"Colisão traseira";"Com Vítimas Feridas";"Pleno dia";"Decrescente";"Chuva";"Dupla";"Reta";"Sim";2;0;1;0;1;0;1;2;-16,6614;-49,2218;"SPRF-GO";"DEL01-GO";"UOP01-DEL01-GO"
399843;2021-12-05;"domingo";"08:30:00";"ES";262;3,5;"CARIACICA";"Acessar a via sem observar a presença dos outros veículos";"Colisão lateral mesmo sentido";"Com Vítimas Feridas";"Pleno dia";"Crescente";"Nublado";"Múltipla";"Interseção de Vias";"Não";2;0;1;0;1;0;1;2;-20,33374432;-40,36910933;"SPRF-ES";"DEL01-ES";"UOP01-DEL01-ES"
399845;2021-12-05;"domingo";"08:20:00";"RS";285;282;"PASSO FUNDO";"Reação tardia ou ineficiente do condutor";"Saída de leito carroçável";"Com Vítimas Feridas";"Pleno dia";"Decrescente";"Céu Claro";"Simples";"Curva";"Não";1;0;1;0;0;0;1;1;-28,248055;-52,271076;"SPRF-RS";"DEL08-RS";"UOP03-DEL08-RS"
399846;2021-12-05;"domingo";"07:15:00";"SC";116;0,8;"MAFRA";"Velocidade Incompatível";"Colisão com objeto";"Sem Vítimas";"Pleno dia";"Decrescente";"Céu Claro";"Simples";"Curva";"Sim";1;0;0;0;1;0;0;1;-26,108942;-49,784187;"SPRF-SC";"DEL06-SC";"UOP01-DEL06-SC"
399848;2021-12-05;"domingo";"08:05:00";"SP";116;69,1;"APARECIDA";"Pedestre andava na pista";"Atropelamento de Pedestre";"Com Vítimas Fatais";"Pleno dia";"Crescente";"Céu Claro";"Dupla";"Reta";"Não";2;1;0;0;0;1;0;2;-22,84017188;-45,22364349;"SPRF-SP";"DEL08-SP";"UOP01-DEL08-SP"
399849;2021-12-05;"domingo";"09:24:00";"MG";365;672;"MONTE ALEGRE DE MINAS";"Condutor Dormindo";"Saída de leito carroçável";"Com Vítimas Feridas";"Pleno dia";"Decrescente";"Céu Claro";"Dupla";"Reta";"Não";1;0;1;0;0;0;1;1;-18,87383013;-48,75091309;"SPRF-MG";"DEL15-MG";"UOP01-DEL15-MG"
399850;2021-12-05;"domingo";"09:30:00";"BA";242;717;"CRISTOPOLIS";"Reação tardia ou ineficiente do condutor";"Queda de ocupante de veículo";"Com Vítimas Fatais";"Pleno dia";"Decrescente";"Céu Claro";"Simples";"Reta";"Não";2;1;0;0;0;1;0;2;-12,22244339;-44,152088;"SPRF-BA";"DEL06-BA";"UOP03-DEL06-BA"
399851;2021-12-05;"domingo";"09:45:00";"SC";280;52;"GUARAMIRIM";"Acesso irregular";"Colisão transversal";"Com Vítimas Feridas";"Pleno dia";"Decrescente";"Nublado";"Simples";"Reta;Em Obras";"Sim";3;0;1;1;1;0;2;2;-26,468904;-48,96492;"SPRF-SC";"DEL03-SC";"UOP03-DEL03-SC"
399852;2021-12-05;"domingo";"09:50:00";"MG";262;399;"PARA DE MINAS";"Acessar a via sem observar a presença dos outros veículos";"Colisão traseira";"Com Vítimas Feridas";"Pleno dia";"Decrescente";"Céu Claro";"Dupla";"Reta";"Sim";2;0;1;0;1;0;1;2;-19,90311456;-44,534;"SPRF-MG";"DEL01-MG";"UOP03-DEL01-MG"
399853;2021-12-05;"domingo";"09:50:00";"PR";476;132;"CURITIBA";"Ausência de reação do condutor";"Colisão com objeto";"Com Vítimas Feridas";"Pleno dia";"Decrescente";"Nublado";"Dupla";"Reta";"Sim";1;0;1;0;0;0;1;1;-25,460718;-49,250488;"SPRF-PR";"DEL01-PR";"UOP03-DEL01-PR"
399855;2021-12-05;"domingo";"10:20:00";"AL";101;75;"MESSIAS";"Ausência de reação do condutor";"Tombamento";"Com Vítimas Feridas";"Pleno dia";"Decrescente";"Céu Claro";"Dupla";"Reta";"Sim";1;0;1;0;0;0;1;1;-9,40436484;-35,83998111;"SPRF-AL";"DEL01-AL";"UOP01-DEL01-AL"
399856;2021-12-05;"domingo";"10:15:00";"MG";381;442;"SABARA";"Estacionar ou parar em local proibido";"Colisão traseira";"Com Vítimas Feridas";"Pleno dia";"Crescente";"Céu Claro";"Simples";"Reta";"Sim";3;0;1;0;2;0;1;2;-19,80950766;-43,77132297;"SPRF-MG";"DEL01-MG";"UOP01-DEL01-MG"
399857;2021-12-05;"domingo";"09:30:00";"PE";232;42,7;"VITORIA DE SANTO ANTAO";"Reação tardia ou ineficiente do condutor";"Colisão lateral mesmo sentido";"Com Vítimas Feridas";"Pleno dia";"Crescente";"Céu Claro";"Dupla";"Reta";"Sim";3;0;1;0;2;0;1;2;-8,116815;-35,258991;"SPRF-PE";"DEL01-PE";"UOP01-DEL01-PE"
399858;2021-12-05;"domingo";"10:00:00";"RS";386;198,7;"SANTO ANTONIO DO PLANALTO";"Ingestão de álcool pelo condutor";"Colisão lateral sentido oposto";"Com Vítimas Feridas";"Pleno dia";"Decrescente";"Céu Claro";"Simples";"Reta";"Não";3;0;1;0;2;0;1;2;-28,440928;-52,662212;"SPRF-RS";"DEL08-RS";"UOP01-DEL08-RS"
399859;2021-12-05;"domingo";"11:15:00";"PR";277;668;"MEDIANEIRA";"Condutor Dormindo";"Colisão com objeto";"Com Vítimas Feridas";"Pleno dia";"Crescente";"Céu Claro";"Dupla";"Reta";"Sim";2;0;2;0;0;0;2;1;-25,27063805;-54,06252597;"SPRF-PR";"DEL05-PR";"UOP02-DEL05-PR"
399860;2021-12-05;"domingo";"09:00:00";"SC";470;289;"BRUNOPOLIS";"Demais falhas mecânicas ou elétricas";"Tombamento";"Com Vítimas Feridas";"Pleno dia";"Crescente";"Céu Claro";"Simples";"Reta";"Não";3;0;2;0;1;0;2;2;-27,333546;-50,95219;"SPRF-SC";"DEL07-SC";"UOP06-DEL07-SC"
399861;2021-12-05;"domingo";"09:50:00";"PE";232;90,1;"SAIRE";"Pedestre cruzava a pista fora da faixa";"Atropelamento de Pedestre";"Com Vítimas Fatais";"Pleno dia";"Crescente";"Céu Claro";"Dupla";"Reta";"Não";2;1;0;0;0;1;0;2;-8,2172915;-35,65572305;"SPRF-PE";"DEL02-PE";"UOP02-DEL02PE"
399863;2021-12-05;"domingo";"11:30:00";"GO";50;284;"CATALAO";"Ausência de reação do condutor";"Saída de leito carroçável";"Sem Vítimas";"Pleno dia";"Decrescente";"Céu Claro";"Dupla";"Reta";"Não";1;0;0;0;1;0;0;1;-18,2049;-47,9609;"SPRF-GO";"DEL06-GO";"UOP01-DEL06-GO"
399864;2021-12-05;"domingo";"10:45:00";"MT";163;714;"SORRISO";"Acessar a via sem observar a presença dos outros veículos";"Colisão transversal";"Com Vítimas Feridas";"Pleno dia";"Crescente";"Céu Claro";"Simples";"Interseção de Vias";"Sim";2;0;1;0;1;0;1;2;-12,97101806;-55,87533885;"SPRF-MT";"DEL06-MT";"UOP01-DEL06-MT"
399865;2021-10-04;"segunda-feira";"21:49:00";"RO";319;63;"PORTO VELHO";"Deficiência do Sistema de Iluminação/Sinalização";"Colisão transversal";"Com Vítimas Feridas";"Plena Noite";"Decrescente";"Céu Claro";"Dupla";"Reta";"Sim";3;0;2;0;1;0;2;2;-8,766685;-63,884052;"SPRF-RO";"DEL01-RO";"UOP01-DEL01-RO"
399866;2021-12-05;"domingo";"11:35:00";"SC";101;277,7;"IMBITUBA";"Reação tardia ou ineficiente do condutor";"Saída de leito carroçável";"Com Vítimas Feridas";"Pleno dia";"Crescente";"Sol";"Dupla";"Reta";"Não";2;0;1;0;1;0;1;1;-28,17458536;-48,69509214;"SPRF-SC";"DEL02-SC";"UOP03-DEL02-SC"
399867;2021-12-05;"domingo";"11:20:00";"SP";116;11,8;"QUELUZ";"Reação tardia ou ineficiente do condutor";"Colisão com objeto";"Com Vítimas Feridas";"Pleno dia";"Crescente";"Nublado";"Dupla";"Curva";"Não";2;0;1;0;1;0;1;1;-22,54158257;-44,79682894;"SPRF-SP";"DEL08-SP";"UOP02-DEL08-SP"
399868;2021-12-05;"domingo";"11:40:00";"MG";381;883;"ESTIVA";"Ausência de reação do condutor";"Colisão com objeto";"Com Vítimas Feridas";"Pleno dia";"Decrescente";"Céu Claro";"Dupla";"Reta";"Não";3;0;3;0;0;0;3;1;-22,48842101;-46,0109652;"SPRF-MG";"DEL16-MG";"UOP03-DEL16-MG"
399870;2021-12-05;"domingo";"11:20:00";"RS";290;71,8;"GRAVATAI";"Mal súbito do condutor";"Saída de leito carroçável";"Com Vítimas Feridas";"Pleno dia";"Crescente";"Céu Claro";"Dupla";"Reta";"Sim";2;0;2;0;0;0;2;1;-29,950773;-50,964083;"SPRF-RS";"DEL03-RS";"UOP01-DEL03-RS"