"id";"data_inversa";"dia_semana";"horario";"uf";"br";"km";"municipio";"causa_acidente";"tipo_acidente";"classificacao_acidente";"fase_dia";"sentido_via";"condicao_metereologica";"tipo_pista";"tracado_via";"uso_solo";"pessoas";"mortos";"feridos_leves";"feridos_graves";"ilesos";"ignorados";"feridos";"veiculos";"latitude";"longitude";"regional";"delegacia";"uop"
399871;2021-11-22;"segunda-feira";"06:50:00";"RS";158;563;"SANTANA DO LIVRAMENTO";"Acessar a via sem observar a presença dos outros veículos";"Colisão transversal";"Com Vítimas Feridas";"Pleno dia";"Crescente";"Céu Claro";"Simples";"Interseção de Vias";"Sim";4;0;1;0;3;0;1;3;-30,8547642;-55,4965204;"SPRF-RS";"DEL11-RS";"UOP01-DEL11-RS"
399872;2021-12-05;"domingo";"09:00:00";"GO";60;268,5;"JANDAIA";"Velocidade Incompatível";"Saída de leito carroçável";"Com Vítimas Feridas";"Pleno dia";"Decrescente";"Céu Claro";"Dupla";"Reta";"Não";1;0;1;0;0;0;1;1;-17,2059;-50,1029;"SPRF-GO";"DEL01-GO";"UOP02-DEL01-GO"
399874;2021-12-05;"domingo";"10:10:00";"MG";381;583,8;"CARMOPOLIS DE MINAS";"Velocidade Incompatível";"Saída de leito carroçável";"Com Vítimas Feridas";"Pleno dia";"Crescente";"Nublado";"Dupla";"Declive;Curva";"Não";1;0;1;0;0;0;1;1;-20,509567;-44,612258;"SPRF-MG";"DEL04-MG";"UOP01-DEL04-MG"
399875;2021-12-05;"domingo";"11:40:00";"PR";277;723;"FOZ DO IGUACU";"Acessar a via sem observar a presença dos outros veículos";"Colisão transversal";"Com Vítimas Feridas";"Pleno dia";"Decrescente";"Céu Claro";"Dupla";"Reta";"Sim";3;0;0;2;1;0;2;2;-25,49878215;-54,52985294;"SPRF-PR";"DEL05-PR";"UOP03-DEL05-PR"
399876;2021-12-05;"domingo";"13:20:00";"MG";381;505,9;"BETIM";"Avarias e/ou desgaste excessivo no pneu";"Colisão traseira";"Com Vítimas Feridas";"Pleno dia";"Decrescente";"Céu Claro";"Dupla";"Reta";"Sim";3;0;2;0;1;0;2;2;-20,04478441;-44,27276484;"SPRF-MG";"DEL01-MG";"UOP03-DEL01-MG"
399878;2021-12-05;"domingo";"12:20:00";"RN";406;104,5;"JOAO CAMARA";"Acessar a via sem observar a presença dos outros veículos";"Colisão transversal";"Com Vítimas Feridas";"Pleno dia";"Crescente";"Sol";"Simples";"Reta";"Sim";2;0;0;1;1;0;1;2;-5,54067796;-35,80553967;"SPRF-RN";"DEL02-RN";"UOP01-DEL02-RN"
399880;2021-12-05;"domingo";"13:31:00";"PR";277;713;"SANTA TEREZINHA DE ITAIPU";"Ingestão de álcool pelo condutor";"Saída de leito carroçável";"Sem Vítimas";"Pleno dia";"Crescente";"Céu Claro";"Dupla";"Reta;Aclive";"Não";2;0;0;0;2;0;0;1;-25,46144154;-54,44010119;"SPRF-PR";"DEL05-PR";"UOP01-DEL05-PR"
399882;2021-12-05;"domingo";"07:00:00";"MG";262;628;"IBIA";"Acumulo de areia ou detritos sobre o pavimento";"Eventos atípicos";"Sem Vítimas";"Pleno dia";"Decrescente";"Sol";"Simples";"Reta";"Não";1;0;0;0;1;0;0;1;-19,57610227;-46,43935292;"SPRF-MG";"DEL08-MG";"UOP01-DEL08-MG"
399885;2021-12-05;"domingo";"12:40:00";"DF";60;3;"BRASILIA";"Acessar a via sem observar a presença dos outros veículos";"Colisão lateral mesmo sentido";"Com Vítimas Feridas";"Pleno dia";"Crescente";"Céu Claro";"Dupla";"Retorno Regulamentado";"Sim";4;0;1;1;2;0;2;2;-15,890521;-48,086864;"SPRF-DF";"DEL03-DF";"UOP01-DEL03-DF"
399886;2021-12-05;"domingo";"12:50:00";"MT";163;794;"VERA";"Acumulo de água sobre o pavimento";"Capotamento";"Com Vítimas Feridas";"Pleno dia";"Decrescente";"Chuva";"Simples";"Reta";"Não";3;0;2;0;1;0;2;1;-12,229;-55,545;"SPRF-MT";"DEL06-MT";"UOP01-DEL06-MT"
399887;2021-12-05;"domingo";"13:20:00";"MT";364;249;"JUSCIMEIRA";"Pista esburacada";"Saída de leito carroçável";"Com Vítimas Feridas";"Pleno dia";"Crescente";"Nublado";"Dupla";"Aclive";"Não";4;0;1;0;3;0;1;1;-16,12531599;-54,84578799;"SPRF-MT";"DEL02-MT";"UOP01-DEL02-MT"
399888;2021-12-05;"domingo";"11:09:00";"PR";277;729;"FOZ DO IGUACU";"Desrespeitar a preferência no cruzamento";"Queda de ocupante de veículo";"Com Vítimas Feridas";"Pleno dia";"Crescente";"Nublado";"Dupla";"Reta";"Não";2;0;1;0;0;1;1;2;-25,50749887;-54,58379896;"SPRF-PR";"DEL05-PR";"UOP03-DEL05-PR"
399889;2021-12-05;"domingo";"11:00:00";"MG";153;239;"FRONTEIRA";"Ausência de reação do condutor";"Saída de leito carroçável";"Sem Vítimas";"Pleno dia";"Crescente";"Nublado";"Simples";"Reta";"Não";1;0;0;0;0;1;0;1;-20,29847332;-49,20614844;"SPRF-MG";"DEL13-MG";"UOP02-DEL13-MG"
399891;2021-12-05;"domingo";"12:20:00";"RO";319;63;"PORTO VELHO";"Condutor desrespeitou a iluminação vermelha do semáforo";"Colisão transversal";"Com Vítimas Feridas";"Pleno dia";"Crescente";"Chuva";"Dupla";"Reta;Interseção de Vias";"Sim";3;0;0;1;2;0;1;2;-8,757852;-63,886381;"SPRF-RO";"DEL01-RO";"UOP01-DEL01-RO"
399892;2021-12-05;"domingo";"14:30:00";"PE";316;79,6;"OURICURI";"Condutor deixou de manter distância do veículo da frente";"Colisão traseira";"Sem Vítimas";"Pleno dia";"Crescente";"Sol";"Simples";"Reta";"Não";2;0;0;0;0;2;0;2;-7,85585332;-40,11547828;"SPRF-PE";"DEL05-PE";"UOP02-DEL05-PE"
399894;2021-12-05;"domingo";"14:00:00";"BA";116;468;"SANTO ESTEVAO";"Condutor Dormindo";"Saída de leito carroçável";"Com Vítimas Feridas";"Pleno dia";"Crescente";"Céu Claro";"Dupla";"Reta";"Não";2;0;2;0;0;0;2;1;-12,46032128;-39,27031486;"SPRF-BA";"DEL02-BA";"UOP01-DEL02-BA"
399895;2021-12-05;"domingo";"15:50:00";"RJ";116;65;"TERESOPOLIS";"Condutor Dormindo";"Saída de leito carroçável";"Com Vítimas Feridas";"Pleno dia";"Crescente";"Céu Claro";"Simples";"Reta";"Sim";3;0;1;0;2;0;1;1;-22,27707804;-42,92764378;"SPRF-RJ";"DEL04-RJ";"UOP01-DEL04-RJ"
399896;2021-12-05;"domingo";"15:30:00";"PR";369;164;"CAMBE";"Velocidade Incompatível";"Colisão frontal";"Com Vítimas Feridas";"Pleno dia";"Crescente";"Céu Claro";"Dupla";"Declive";"Sim";4;0;0;1;3;0;1;2;-23,29526648;-51,2943989;"SPRF-PR";"DEL07-PR";"UOP01-DEL07-PR"
399897;2021-12-05;"domingo";"15:26:00";"TO";153;473,9;"BARROLANDIA";"Reação tardia ou ineficiente do condutor";"Colisão lateral sentido oposto";"Com Vítimas Feridas";"Pleno dia";"Decrescente";"Chuva";"Simples";"Reta";"Não";6;0;1;0;5;0;1;2;-10,0192682;-48,77867485;"SPRF-TO";"DEL01-TO";"UOP01-DEL01-TO"
399898;2021-12-05;"domingo";"15:00:00";"GO";40;92,6;"CRISTALINA";"Velocidade Incompatível";"Saída de leito carroçável";"Sem Vítimas";"Pleno dia";"Crescente";"Chuva";"Simples";"Retorno Regulamentado";"Não";1;0;0;0;0;1;0;1;-16,73455213;-47,62149118;"SPRF-DF";"DEL01-DF";"UOP02-DEL01-DF"
399899;2021-12-05;"domingo";"14:20:00";"CE";222;307,3;"TIANGUA";"Condutor deixou de manter distância do veículo da frente";"Colisão traseira";"Com Vítimas Feridas";"Pleno dia";"Decrescente";"Céu Claro";"Simples";"Reta";"Não";2;0;1;0;1;0;1;2;-3,68203653;-40,97306466;"SPRF-CE";"DEL04-CE";"UOP02-DEL04-CE"
399900;2021-12-05;"domingo";"15:30:00";"PR";476;131;"CURITIBA";"Velocidade Incompatível";"Tombamento";"Com Vítimas Fatais";"Pleno dia";"Decrescente";"Nublado";"Múltipla";"Aclive";"Sim";4;1;0;0;0;3;0;3;-25,453636;-49,245155;"SPRF-PR";"DEL01-PR";"UOP03-DEL01-PR"
399901;2021-12-05;"domingo";"15:10:00";"RN";101;83,4;"NATAL";"Ausência de reação do condutor";"Colisão traseira";"Com Vítimas Feridas";"Pleno dia";"Decrescente";"Céu Claro";"Dupla";"Reta";"Sim";2;0;0;1;1;0;1;2;-5,774175;-35,2578;"SPRF-RN";"DEL02-RN";"UOP01-DEL02-RN"
399905;2021-12-05;"domingo";"15:00:00";"SC";282;380;"HERVAL DOESTE";"Ausência de reação do condutor";"Saída de leito carroçável";"Com Vítimas Feridas";"Pleno dia";"Crescente";"Céu Claro";"Simples";"Reta";"Não";4;0;3;0;1;0;3;1;-27,213797;-51,499413;"SPRF-SC";"DEL07-SC";"UOP05-DEL07-SC"
399907;2021-12-05;"domingo";"16:10:00";"CE";222;3,8;"CAUCAIA";"Ingestão de álcool pelo condutor";"Colisão lateral mesmo sentido";"Com Vítimas Feridas";"Pleno dia";"Crescente";"Céu Claro";"Dupla";"Reta";"Não";2;0;2;0;0;0;2;2;-3,7403769;-38,59569202;"SPRF-CE";"DEL01-CE";"UOP01-DEL01-CE"
399908;2021-12-05;"domingo";"15:40:00";"RO";364;238;"CACOAL";"Condutor desrespeitou a iluminação vermelha do semáforo";"Colisão transversal";"Com Vítimas Feridas";"Pleno dia";"Crescente";"Garoa/Chuvisco";"Dupla";"Interseção de Vias";"Sim";2;0;1;1;0;0;2;2;-11,43425083;-61,46267289;"SPRF-RO";"DEL02-RO";"UOP02-DEL02-RO"
399909;2021-12-05;"domingo";"15:35:00";"PR";277;328,5;"GUARAPUAVA";"Mal súbito do condutor";"Saída de leito carroçável";"Com Vítimas Fatais";"Pleno dia";"Crescente";"Céu Claro";"Simples";"Curva";"Não";1;1;0;0;0;0;0;1;-25,3774541;-51,28942499;"SPRF-PR";"DEL08-PR";"UOP01-DEL08-PR"
399910;2021-12-05;"domingo";"17:00:00";"SP";116;94,5;"PINDAMONHANGABA";"Ausência de reação do condutor";"Capotamento";"Com Vítimas Feridas";"Pleno dia";"Crescente";"Nublado";"Múltipla";"Reta";"Sim";3;0;3;0;0;0;3;1;-22,96083987;-45,42156507;"SPRF-SP";"DEL08-SP";"UOP01-DEL08-SP"
399911;2021-12-05;"domingo";"17:00:00";"SC";101;227,3;"PALHOCA";"Chuva";"Tombamento";"Com Vítimas Feridas";"Pleno dia";"Decrescente";"Chuva";"Múltipla";"Viaduto";"Sim";1;0;0;1;0;0;1;1;-27,7509149;-48,63460277;"SPRF-SC";"DEL01-SC";"UOP02-DEL01-SC"
399914;2021-12-05;"domingo";"17:00:00";"SC";280;190,7;"MAFRA";"Ausência de reação do condutor";"Tombamento";"Com Vítimas Feridas";"Pleno dia";"Crescente";"Céu Claro";"Simples";"Curva";"Não";1;0;1;0;0;0;1;1;-26,17943391;-49,97899632;"SPRF-SC";"DEL06-SC";"UOP01-DEL06-SC"
399915;2021-12-05;"domingo";"17:10:00";"PR";376;438,8;"TIBAGI";"Velocidade Incompatível";"Colisão com objeto";"Sem Vítimas";"Pleno dia";"Crescente";"Chuva";"Dupla";"Curva";"Não";1;0;0;0;1;0;0;1;-24,79872261;-50,49488805;"SPRF-PR";"DEL03-PR";"UOP02-DEL03-PR"
399916;2021-12-05;"domingo";"17:10:00";"SE";235;55,5;"ITABAIANA";"Ingestão de álcool pelo condutor";"Saída de leito carroçável";"Sem Vítimas";"Pleno dia";"Crescente";"Nublado";"Múltipla";"Reta;Rotatória";"Não";1;0;0;0;1;0;0;1;-10,667386;-37,446014;"SPRF-SE";"DEL01-SE";"UOP02-DEL01-SE"
399919;2021-12-05;"domingo";"16:55:00";"PR";376;438,8;"TIBAGI";"Reação tardia ou ineficiente do condutor";"Colisão frontal";"Com Vítimas Feridas";"Pleno dia";"Crescente";"Chuva";"Dupla";"Curva";"Não";2;0;2;0;0;0;2;1;-24,84975558;-50,46706404;"SPRF-PR";"DEL03-PR";"UOP02-DEL03-PR"
399920;2021-12-05;"domingo";"17:30:00";"PR";277;7,6;"PARANAGUA";"Chuva";"Queda de ocupante de veículo";"Com Vítimas Feridas";"Pleno dia";"Crescente";"Chuva";"Simples";"Interseção de Vias";"Sim";1;0;0;1;0;0;1;1;-25,5205;-48,5095;"SPRF-PR";"DEL01-PR";"UOP05-DEL01-PR"
399921;2021-12-05;"domingo";"17:40:00";"PR";277;637,8;"CEU AZUL";"Ingestão de álcool pelo condutor";"Colisão transversal";"Com Vítimas Feridas";"Pleno dia";"Decrescente";"Céu Claro";"Simples";"Interseção de Vias";"Sim";3;0;2;0;0;1;2;2;-25,15728817;-53,85064602;"SPRF-PR";"DEL05-PR";"UOP02-DEL05-PR"
399922;2021-12-05;"domingo";"18:20:00";"PE";101;80;"JABOATAO DOS GUARARAPES";"Área urbana sem a presença de local apropriado para a travessia de pedestres";"Atropelamento de Pedestre";"Com Vítimas Feridas";"Plena Noite";"Decrescente";"Céu Claro";"Dupla";"Reta";"Sim";2;0;1;0;1;0;1;2;-8,15112589;-34,9428866;"SPRF-PE";"DEL01-PE";"UOP01-DEL01-PE"
399924;2021-12-05;"domingo";"18:35:00";"AL";316;108,1;"DOIS RIACHOS";"Ultrapassagem Indevida";"Colisão frontal";"Com Vítimas Feridas";"Plena Noite";"Crescente";"Céu Claro";"Simples";"Reta";"Não";2;0;0;2;0;0;2;2;-9,38978432;-37,04460006;"SPRF-AL";"DEL03-AL";"UOP01-DEL03-AL"
399925;2021-12-05;"domingo";"16:30:00";"AL";416;27;"COLONIA LEOPOLDINA";"Velocidade Incompatível";"Colisão frontal";"Com Vítimas Feridas";"Pleno dia";"Crescente";"Céu Claro";"Simples";"Reta";"Não";2;0;0;1;1;0;1;2;-8,94156857;-35,78833923;"SPRF-AL";"DEL01-AL";"UOP02-DEL01-AL"
399927;2021-12-05;"domingo";"16:50:00";"RJ";40;121;"DUQUE DE CAXIAS";"Ingestão de álcool pelo condutor";"Colisão com objeto";"Com Vítimas Feridas";"Pleno dia";"Crescente";"Sol";"Múltipla";"Curva";"Sim";3;0;1;0;2;0;1;1;-22,78185499;-43,28571273;"SPRF-RJ";"DEL01-RJ";"UOP01-DEL01-RJ"
399928;2021-11-13;"sábado";"08:00:00";"PI";135;507;"MONTE ALEGRE DO PIAUI";"Reação tardia ou ineficiente do condutor";"Saída de leito carroçável";"Com Vítimas Feridas";"Pleno dia";"Crescente";"Céu Claro";"Simples";"Interseção de Vias";"Não";4;0;1;2;0;1;3;1;-9,76706471;-45,31747017;"SPRF-PI";"DEL03-PI";"UOP02-DEL03-PI"
399929;2021-12-05;"domingo";"19:00:00";"ES";262;43,1;"DOMINGOS MARTINS";"Pista Escorregadia";"Colisão frontal";"Com Vítimas Feridas";"Plena Noite";"Decrescente";"Chuva";"Simples";"Curva";"Não";6;0;0;6;0;0;6;2;-20,3844778;-40,66251868;"SPRF-ES";"DEL01-ES";"UOP01-DEL01-ES"
399930;2021-12-05;"domingo";"19:00:00";"PR";476;130,7;"CURITIBA";"Acessar a via sem observar a presença dos outros veículos";"Colisão transversal";"Com Vítimas Feridas";"Plena Noite";"Crescente";"Nublado";"Múltipla";"Reta";"Sim";3;0;1;0;1;1;1;3;-25,449564;-49,236427;"SPRF-PR";"DEL01-PR";"UOP03-DEL01-PR"
399931;2021-12-05;"domingo";"19:10:00";"SP";116;282;"EMBU DAS ARTES";"Acessar a via sem observar a presença dos outros veículos";"Colisão lateral mesmo sentido";"Sem Vítimas";"Plena Noite";"Crescente";"Céu Claro";"Simples";"Rotatória";"Sim";3;0;0;0;3;0;0;2;-23,68570216;-46,85970975;"SPRF-SP";"DEL04-SP";"UOP01-DEL04-SP"
399932;2021-12-05;"domingo";"18:30:00";"SC";280;26;"ARAQUARI";"Acessar a via sem observar a presença dos outros veículos";"Colisão frontal";"Com Vítimas Feridas";"Plena Noite";"Decrescente";"Nublado";"Simples";"Reta";"Sim";4;0;2;0;2;0;2;3;-26,38972308;-48,73411593;"SPRF-SC";"DEL03-SC";"UOP03-DEL03-SC"
399933;2021-12-05;"domingo";"18:50:00";"PR";116;125;"FAZENDA RIO GRANDE";"Manobra de mudança de faixa";"Colisão lateral mesmo sentido";"Com Vítimas Feridas";"Plena Noite";"Decrescente";"Nublado";"Dupla";"Reta";"Sim";2;0;1;0;1;0;1;2;-25,59505309;-49,31630659;"SPRF-PR";"DEL01-PR";"UOP03-DEL01-PR"
399934;2021-12-05;"domingo";"19:30:00";"PR";116;4;"CAMPINA GRANDE DO SUL";"Velocidade Incompatível";"Colisão lateral mesmo sentido";"Com Vítimas Feridas";"Plena Noite";"Crescente";"Céu Claro";"Dupla";"Reta";"Sim";2;0;1;0;1;0;1;2;-25,3629;-49,0822;"SPRF-PR";"DEL01-PR";"UOP02-DEL01-PR"
399935;2021-12-05;"domingo";"19:15:00";"PR";116;0,2;"CAMPINA GRANDE DO SUL";"Velocidade Incompatível";"Colisão com objeto";"Com Vítimas Feridas";"Anoitecer";"Crescente";"Garoa/Chuvisco";"Dupla";"Curva";"Não";2;0;1;0;1;0;1;1;-25,0604;-48,562973;"SPRF-PR";"DEL01-PR";"UOP02-DEL01-PR"
399937;2021-12-05;"domingo";"06:00:00";"PI";407;422;"PICOS";"Transitar no acostamento";"Colisão traseira";"Com Vítimas Fatais";"Amanhecer";"Crescente";"Nublado";"Simples";"Reta";"Sim";2;1;0;0;0;1;0;2;-7,07751993;-41,44205198;"SPRF-PI";"DEL04-PI";"UOP01-DEL04-PI"
399938;2021-12-05;"domingo";"19:15:00";"PR";376;637;"TIJUCAS DO SUL";"Manobra de mudança de faixa";"Colisão lateral mesmo sentido";"Com Vítimas Feridas";"Plena Noite";"Decrescente";"Chuva";"Dupla";"Reta";"Não";3;0;1;0;2;0;1;2;-25,75614093;-49,12609667;"SPRF-PR";"DEL01-PR";"UOP04-DEL01-PR"
399939;2021-12-05;"domingo";"18:25:00";"BA";101;682,9;"ITAGIMIRIM";"Transitar na contramão";"Saída de leito carroçável";"Com Vítimas Fatais";"Plena Noite";"Decrescente";"Nublado";"Simples";"Reta";"Não";12;1;8;2;0;1;10;2;-16,1056;-39,611463;"SPRF-BA";"DEL09-BA";"UOP01-DEL09-BA"
399940;2021-12-05;"domingo";"17:23:00";"PR";369;165;"CAMBE";"Reação tardia ou ineficiente do condutor";"Saída de leito carroçável";"Sem Vítimas";"Pleno dia";"Decrescente";"Céu Claro";"Dupla";"Reta";"Não";2;0;0;0;2;0;0;1;-23,29554348;-51,30068064;"SPRF-PR";"DEL07-PR";"UOP01-DEL07-PR"
399942;2021-12-05;"domingo";"20:20:00";"ES";101;265;"SERRA";"Ausência de reação do condutor";"Colisão lateral mesmo sentido";"Sem Vítimas";"Plena Noite";"Decrescente";"Céu Claro";"Dupla";"Reta";"Não";2;0;0;0;0;2;0;2;-20,1816849;-40,26536036;"SPRF-ES";"DEL02-ES";"UOP01-DEL02-ES"
399943;2021-12-05;"domingo";"16:50:00";"SC";101;73;"ARAQUARI";"Ausência de reação do condutor";"Colisão lateral mesmo sentido";"Com Vítimas Feridas";"Pleno dia";"Decrescente";"Nublado";"Dupla";"Reta";"Não";2;0;1;0;1;0;1;2;-26,53567108;-48,71326731;"SPRF-SC";"DEL03-SC";"UOP02-DEL03-SC"
399944;2021-12-05;"domingo";"20:10:00";"SP";116;488;"CAJATI";"Pista Escorregadia";"Capotamento";"Com Vítimas Feridas";"Plena Noite";"Crescente";"Chuva";"Dupla";"Curva";"Sim";5;0;1;0;4;0;1;1;-24,73097634;-48,09815591;"SPRF-SP";"DEL05-SP";"UOP01-DEL05-SP"
399945;2021-12-05;"domingo";"19:50:00";"PE";101;14,2;"CABO DE SANTO AGOSTINHO";"Acumulo de água sobre o pavimento";"Colisão com objeto";"Sem Vítimas";"Plena Noite";"Decrescente";"Chuva";"Múltipla";"Reta";"Sim";2;0;0;0;2;0;0;1;-8,271756;-35,023957;"SPRF-PE";"DEL01-PE";"UOP02-DEL01-PE"
399948;2021-12-05;"domingo";"13:00:00";"GO";80;150,2;"SANTA RITA DO NOVO DESTINO";"Velocidade Incompatível";"Saída de leito carroçável";"Com Vítimas Feridas";"Pleno dia";"Crescente";"Chuva";"Simples";"Curva";"Não";2;0;2;0;0;0;2;1;-14,857081;-49,021981;"SPRF-GO";"DEL07-GO";"UOP01-DEL07-GO"
399950;2021-12-05;"domingo";"16:20:00";"SC";282;136,4;"BOM RETIRO";"Velocidade Incompatível";"Saída de leito carroçável";"Sem Vítimas";"Pleno dia";"Decrescente";"Nublado";"Simples";"Rotatória";"Não";1;0;0;0;1;0;0;1;-27,82275704;-49,57005501;"SPRF-SC";"DEL05-SC";"UOP01-DEL05-SC"
399951;2021-12-05;"domingo";"20:10:00";"RS";116;254;"SAPUCAIA DO SUL";"Ingestão de álcool pelo condutor";"Colisão traseira";"Com Vítimas Feridas";"Plena Noite";"Decrescente";"Céu Claro";"Dupla";"Reta";"Sim";2;0;2;0;0;0;2;2;-29,82654797;-51,17241311;"SPRF-RS";"DEL01-RS";"UOP02-DEL01-RS"
399953;2021-12-05;"domingo";"15:30:00";"GO";80;139,1;"BARRO ALTO";"Demais falhas mecânicas ou elétricas";"Saída de leito carroçável";"Com Vítimas Feridas";"Pleno dia";"Decrescente";"Nublado";"Simples";"Curva";"Não";1;0;1;0;0;0;1;1;-14,927202;-48,948926;"SPRF-GO";"DEL07-GO";"UOP01-DEL07-GO"
399954;2021-12-05;"domingo";"20:30:00";"PR";277;11,5;"PARANAGUA";"Acessar a via sem observar a presença dos outros veículos";"Colisão transversal";"Com Vítimas Feridas";"Plena Noite";"Crescente";"Chuva";"Dupla";"Reta;Interseção de Vias";"Não";3;0;0;1;1;1;1;3;-25,564985;-48,628814;"SPRF-PR";"DEL01-PR";"UOP05-DEL01-PR"
399956;2021-12-05;"domingo";"18:30:00";"MG";381;382,5;"SAO GONCALO DO RIO ABAIXO";"Velocidade Incompatível";"Atropelamento de Pedestre";"Com Vítimas Fatais";"Plena Noite";"Crescente";"Céu Claro";"Simples";"Reta";"Sim";2;1;0;0;0;1;0;2;-19,82692046;-43,38405945;"SPRF-MG";"DEL01-MG";"UOP01-DEL01-MG"
399957;2021-12-05;"domingo";"19:00:00";"MG";116;444;"ENGENHEIRO CALDAS";"Ausência de reação do condutor";"Tombamento";"Com Vítimas Feridas";"Plena Noite";"Crescente";"Céu Claro";"Simples";"Curva";"Não";1;0;0;1;0;0;1;1;-19,0996681;-42,0072056;"SPRF-MG";"DEL06-MG";"UOP02-DEL06-MG"
399958;2021-12-05;"domingo";"19:40:00";"MT";163;828;"SINOP";"Manobra de mudança de faixa";"Colisão transversal";"Com Vítimas Feridas";"Anoitecer";"Decrescente";"Nublado";"Simples";"Reta";"Sim";2;0;2;0;0;0;2;2;-11,915461;-55,509369;"SPRF-MT";"DEL06-MT";"UOP01-DEL06-MT"
399959;2021-12-05;"domingo";"20:40:00";"PR";376;165,1;"MARINGA";"Transitar na contramão";"Saída de leito carroçável";"Sem Vítimas";"Plena Noite";"Crescente";"Nublado";"Dupla";"Reta";"Sim";1;0;0;0;1;0;0;1;-23,39038641;-52,01421918;"SPRF-PR";"DEL09-PR";"UOP01-DEL09-PR"
399960;2021-12-05;"domingo";"16:39:00";"MG";365;799;"GURINHATA";"Velocidade Incompatível";"Saída de leito carroçável";"Com Vítimas Feridas";"Pleno dia";"Crescente";"Sol";"Simples";"Reta";"Não";4;0;2;2;0;0;4;1;-18,90929961;-49,89912086;"SPRF-MG";"DEL15-MG";"UOP03-DEL15-MG"
399961;2021-12-05;"domingo";"19:52:00";"TO";242;351;"PEIXE";"Ingestão de álcool pelo condutor";"Colisão traseira";"Com Vítimas Feridas";"Plena Noite";"Crescente";"Céu Claro";"Simples";"Reta";"Sim";3;0;1;0;2;0;1;2;-11,87193653;-48,86564585;"SPRF-TO";"DEL01-TO";"UOP02-DEL01-TO"
399962;2021-12-05;"domingo";"20:40:00";"TO";242;430;"FORMOSO DO ARAGUAIA";"Reação tardia ou ineficiente do condutor";"Saída de leito carroçável";"Com Vítimas Feridas";"Plena Noite";"Decrescente";"Nublado";"Simples";"Reta";"Não";1;0;1;0;0;0;1;1;-11,89032445;-49,35026109;"SPRF-TO";"DEL01-TO";"UOP02-DEL01-TO"
399963;2021-12-05;"domingo";"16:25:00";"SC";470;212,8;"SAO CRISTOVAO DO SUL";"Pista Escorregadia";"Saída de leito carroçável";"Com Vítimas Feridas";"Pleno dia";"Decrescente";"Chuva";"Simples";"Reta";"Não";1;0;1;0;0;0;1;1;-27,309645;-50,237347;"SPRF-SC";"DEL05-SC";"UOP03-DEL05-SC"
399965;2021-12-05;"domingo";"20:00:00";"PR";277;716,4;"SANTA TEREZINHA DE ITAIPU";"Ausência de reação do condutor";"Saída de leito carroçável";"Sem Vítimas";"Plena Noite";"Crescente";"Céu Claro";"Dupla";"Reta";"Não";1;0;0;0;0;1;0;1;-25,47252277;-54,46707409;"SPRF-PR";"DEL05-PR";"UOP01-DEL05-PR"
399967;2021-12-05;"domingo";"21:25:00";"RN";101;95;"NATAL";"Acessar a via sem observar a presença dos outros veículos";"Atropelamento de Pedestre";"Com Vítimas Feridas";"Plena Noite";"Crescente";"Garoa/Chuvisco";"Múltipla";"Reta";"Sim";2;0;0;1;1;0;1;2;-5,84076841;-35,21035949;"SPRF-RN";"DEL01-RN";"UOP01-DEL01-RN"
399969;2021-12-05;"domingo";"19:00:00";"PR";277;24;"MORRETES";"Ingestão de álcool pelo condutor";"Colisão traseira";"Com Vítimas Feridas";"Plena Noite";"Crescente";"Chuva";"Dupla";"Reta";"Não";3;0;1;0;2;0;1;2;-25,53773317;-48,69733007;"SPRF-PR";"DEL01-PR";"UOP05-DEL01-PR"
399970;2021-12-05;"domingo";"21:20:00";"PB";101;88;"JOAO PESSOA";"Ausência de reação do condutor";"Colisão com objeto";"Com Vítimas Feridas";"Plena Noite";"Decrescente";"Céu Claro";"Simples";"Curva";"Sim";1;0;1;0;0;0;1;1;-7,16575749;-34,89817858;"SPRF-PB";"DEL01-PB";"UOP01-DEL01-PB"
399971;2021-12-05;"domingo";"20:55:00";"PI";343;10;"PARNAIBA";"Acessar a via sem observar a presença dos outros veículos";"Colisão lateral mesmo sentido";"Sem Vítimas";"Plena Noite";"Crescente";"Céu Claro";"Simples";"Reta";"Sim";2;0;0;0;0;2;0;2;-2,90237794;-41,74419522;"SPRF-PI";"DEL05-PI";"UOP01-DEL05-PI"
399973;2021-12-05;"domingo";"21:15:00";"MG";50;185;"UBERABA";"Velocidade Incompatível";"Colisão traseira";"Com Vítimas Feridas";"Plena Noite";"Crescente";"Céu Claro";"Dupla";"Reta";"Não";3;0;0;1;2;0;1;2;-19,8172798;-47,89559069;"SPRF-MG";"DEL13-MG";"UOP01-DEL13-MG"
399974;2021-12-05;"domingo";"19:20:00";"PR";277;101;"CURITIBA";"Condutor deixou de manter distância do veículo da frente";"Engavetamento";"Sem Vítimas";"Plena Noite";"Decrescente";"Nublado";"Dupla";"Reta";"Não";5;0;0;0;5;0;0;5;-25,52228492;-49,3331539;"SPRF-PR";"DEL01-PR";"UOP01-DEL01-PR"