"id";"data_inversa";"dia_semana";"horario";"uf";"br";"km";"municipio";"causa_acidente";"tipo_acidente";"classificacao_acidente";"fase_dia";"sentido_via";"condicao_metereologica";"tipo_pista";"tracado_via";"uso_solo";"pessoas";"mortos";"feridos_leves";"feridos_graves";"ilesos";"ignorados";"feridos";"veiculos";"latitude";"longitude";"regional";"delegacia";"uop"
399975;2021-12-05;"domingo";"20:10:00";"SC";282;451,9;"PONTE SERRADA";"Velocidade Incompatível";"Capotamento";"Sem Vítimas";"Plena Noite";"Crescente";"Nublado";"Simples";"Curva";"Não";1;0;0;0;1;0;0;1;-26,912806;-51,962536;"SPRF-SC";"DEL07-SC";"UOP04-DEL07-SC"
399977;2021-12-05;"domingo";"21:45:00";"BA";324;560;"AMELIA RODRIGUES";"Velocidade Incompatível";"Colisão traseira";"Sem Vítimas";"Plena Noite";"Decrescente";"Céu Claro";"Dupla";"Reta";"Não";2;0;0;0;2;0;0;2;-12,49250283;-38,65366887;"SPRF-BA";"DEL01-BA";"UOP01-DEL01-BA"
399978;2021-12-05;"domingo";"20:20:00";"RJ";116;273;"BARRA MANSA";"Pedestre andava na pista";"Atropelamento de Pedestre";"Sem Vítimas";"Plena Noite";"Crescente";"Chuva";"Dupla";"Curva";"Sim";3;0;0;0;1;2;0;2;-22,54670397;-44,18368762;"SPRF-RJ";"DEL07-RJ";"UOP02-DEL07-RJ"
399982;2021-12-05;"domingo";"19:40:00";"ES";262;172,5;"IBATIBA";"Velocidade Incompatível";"Saída de leito carroçável";"Com Vítimas Feridas";"Plena Noite";"Decrescente";"Céu Claro";"Simples";"Reta";"Não";1;0;0;1;0;0;1;1;-20,26658734;-41,60261276;"SPRF-ES";"DEL01-ES";"UOP02-DEL01-ES"
399983;2021-12-05;"domingo";"22:25:00";"SC";101;147;"ITAPEMA";"Manobra de mudança de faixa";"Colisão lateral mesmo sentido";"Com Vítimas Feridas";"Plena Noite";"Crescente";"Nublado";"Múltipla";"Reta";"Sim";2;0;1;0;1;0;1;2;-27,09237407;-48,61730888;"SPRF-SC";"DEL04-SC";"UOP03-DEL04-SC"
399984;2021-12-05;"domingo";"21:50:00";"MS";163;479,1;"CAMPO GRANDE";"Acessar a via sem observar a presença dos outros veículos";"Colisão transversal";"Com Vítimas Feridas";"Plena Noite";"Crescente";"Céu Claro";"Simples";"Reta";"Sim";3;0;2;0;0;1;2;3;-20,487322;-54,55929095;"SPRF-MS";"DEL01-MS";"UOP01-DEL01-MS"
399985;2021-12-05;"domingo";"21:30:00";"PR";376;616;"SAO JOSE DOS PINHAIS";"Ingestão de álcool pelo condutor";"Colisão lateral mesmo sentido";"Sem Vítimas";"Plena Noite";"Crescente";"Nublado";"Dupla";"Curva";"Não";3;0;0;0;3;0;0;3;-25,57583659;-49,17953679;"SPRF-PR";"DEL01-PR";"UOP04-DEL01-PR"
399986;2021-12-05;"domingo";"23:10:00";"RN";406;160;"CEARA-MIRIM";"Ausência de reação do condutor";"Colisão traseira";"Sem Vítimas";"Plena Noite";"Crescente";"Chuva";"Simples";"Reta";"Sim";2;0;0;0;2;0;0;2;-5,71375666;-35,37210457;"SPRF-RN";"DEL02-RN";"UOP01-DEL02-RN"
399987;2021-12-05;"domingo";"22:40:00";"RJ";116;184;"NOVA IGUACU";"Pedestre cruzava a pista fora da faixa";"Atropelamento de Pedestre";"Com Vítimas Fatais";"Plena Noite";"Crescente";"Chuva";"Múltipla";"Reta";"Sim";2;1;0;0;1;0;0;2;-22,74647215;-43,44594311;"SPRF-RJ";"DEL01-RJ";"UOP02-DEL01-RJ"
399988;2021-12-05;"domingo";"19:40:00";"GO";452;21;"RIO VERDE";"Ingestão de álcool pelo condutor";"Colisão frontal";"Com Vítimas Feridas";"Plena Noite";"Decrescente";"Céu Claro";"Simples";"Reta";"Não";4;0;2;0;1;1;2;3;-17,87416193;-50,72575996;"SPRF-GO";"DEL04-GO";"UOP01-DEL04-GO"
399989;2021-12-05;"domingo";"19:00:00";"MG";262;73,3;"MATIPO";"Velocidade Incompatível";"Colisão com objeto";"Com Vítimas Fatais";"Plena Noite";"Crescente";"Nublado";"Simples";"Curva";"Não";3;1;1;1;0;0;2;2;-20,31219098;-42,32448898;"SPRF-MG";"DEL03-MG";"UOP03-DEL03-MG"
399990;2021-12-05;"domingo";"21:30:00";"PE";232;78,5;"GRAVATA";"Reação tardia ou ineficiente do condutor";"Colisão traseira";"Sem Vítimas";"Plena Noite";"Crescente";"Céu Claro";"Dupla";"Reta";"Sim";2;0;0;0;1;1;0;2;-8,19343658;-35,55186505;"SPRF-PE";"DEL02-PE";"UOP02-DEL02PE"
399991;2021-12-05;"domingo";"23:10:00";"MG";267;51,9;"MARIPA DE MINAS";"Velocidade Incompatível";"Saída de leito carroçável";"Com Vítimas Feridas";"Plena Noite";"Decrescente";"Chuva";"Simples";"Reta";"Não";2;0;2;0;0;0;2;1;-21,70228417;-42,98867684;"SPRF-MG";"DEL07-MG";"UOP01-DEL07-MG"
399992;2021-12-05;"domingo";"23:10:00";"PA";230;117;"MARABA";"Condutor desrespeitou a iluminação vermelha do semáforo";"Colisão transversal";"Sem Vítimas";"Plena Noite";"Decrescente";"Nublado";"Múltipla";"Interseção de Vias;Reta";"Sim";2;0;0;0;2;0;0;2;-5,35569904;-49,09047302;"SPRF-PA";"DEL03-PA";"UOP01-DEL03-PA"
399993;2021-12-05;"domingo";"22:50:00";"SC";101;211;"PALHOCA";"Ingestão de álcool pelo condutor";"Saída de leito carroçável";"Sem Vítimas";"Plena Noite";"Decrescente";"Chuva";"Dupla";"Reta";"Sim";1;0;0;0;1;0;0;1;-27,62329313;-48,65245588;"SPRF-SC";"DEL01-SC";"UOP02-DEL01-SC"
399994;2021-12-05;"domingo";"22:30:00";"BA";116;404,5;"FEIRA DE SANTANA";"Transitar na contramão";"Atropelamento de Pedestre";"Com Vítimas Fatais";"Plena Noite";"Crescente";"Céu Claro";"Dupla";"Aclive";"Sim";3;1;0;0;1;1;0;2;-12,06418594;-38,96982828;"SPRF-BA";"DEL02-BA";"UOP01-DEL02-BA"
399997;2021-12-05;"domingo";"22:29:00";"PE";101;76;"RECIFE";"Acessar a via sem observar a presença dos outros veículos";"Colisão lateral mesmo sentido";"Sem Vítimas";"Plena Noite";"Crescente";"Céu Claro";"Dupla";"Interseção de Vias";"Sim";4;0;0;0;4;0;0;2;-8,13131001;-34,945364;"SPRF-PE";"DEL01-PE";"UOP01-DEL01-PE"
399998;2021-12-05;"domingo";"19:30:00";"SC";282;465,7;"PASSOS MAIA";"Ausência de reação do condutor";"Saída de leito carroçável";"Com Vítimas Feridas";"Plena Noite";"Decrescente";"Céu Claro";"Simples";"Declive;Curva";"Não";3;0;3;0;0;0;3;1;-26,853325;-52,07745;"SPRF-SC";"DEL07-SC";"UOP04-DEL07-SC"
399999;2021-12-05;"domingo";"23:00:00";"PI";343;2;"TERESINA";"Ausência de reação do condutor";"Colisão lateral mesmo sentido";"Sem Vítimas";"Plena Noite";"Crescente";"Céu Claro";"Dupla";"Reta";"Sim";2;0;0;0;2;0;0;2;-5,089569;-42,802288;"SPRF-PI";"DEL01-PI";"UOP01-DEL01-PI"
400002;2021-12-05;"domingo";"22:10:00";"MG";146;473,6;"BANDEIRA DO SUL";"Velocidade Incompatível";"Colisão com objeto";"Com Vítimas Feridas";"Pleno dia";"Crescente";"Nublado";"Simples";"Curva;Aclive";"Não";2;0;1;1;0;0;2;1;-21,71648036;-46,41951799;"SPRF-MG";"DEL09-MG";"UOP01-DEL09-MG"
400004;2021-12-05;"domingo";"22:00:00";"MT";364;397;"CUIABA";"Reação tardia ou ineficiente do condutor";"Saída de leito carroçável";"Com Vítimas Feridas";"Plena Noite";"Crescente";"Nublado";"Dupla";"Curva";"Sim";1;0;1;0;0;0;1;1;-15,68642489;-55,91347495;"SPRF-MT";"DEL01-MT";"UOP02-DEL01-MT"
400005;2021-12-05;"domingo";"23:45:00";"PR";476;121,5;"CURITIBA";"Ausência de reação do condutor";"Colisão traseira";"Com Vítimas Feridas";"Plena Noite";"Decrescente";"Garoa/Chuvisco";"Dupla";"Reta";"Sim";5;0;3;0;2;0;3;2;-25,381023;-49,198892;"SPRF-PR";"DEL01-PR";"UOP02-DEL01-PR"
400006;2021-12-05;"domingo";"23:00:00";"MA";135;57;"BACABEIRA";"Deficiência do Sistema de Iluminação/Sinalização";"Colisão traseira";"Sem Vítimas";"Plena Noite";"Decrescente";"Céu Claro";"Dupla";"Reta";"Sim";2;0;0;0;1;1;0;2;-3,025272;-44,31586402;"SPRF-MA";"DEL01-MA";"UOP02-DEL01-MA"
400009;2021-12-05;"domingo";"23:10:00";"RS";158;326;"SANTA MARIA";"Ausência de reação do condutor";"Queda de ocupante de veículo";"Com Vítimas Feridas";"Plena Noite";"Crescente";"Céu Claro";"Simples";"Reta";"Não";2;0;1;0;0;1;1;2;-29,70975376;-53,80284617;"SPRF-RS";"DEL09-RS";"UOP01-DEL09-RS"
400010;2021-12-05;"domingo";"23:45:00";"RS";293;338;"SANTANA DO LIVRAMENTO";"Manobra de mudança de faixa";"Colisão lateral sentido oposto";"Com Vítimas Feridas";"Pleno dia";"Decrescente";"Céu Claro";"Simples";"Reta";"Sim";3;0;1;1;0;1;2;2;-30,85261718;-55,51415904;"SPRF-RS";"DEL11-RS";"UOP01-DEL11-RS"
400011;2021-12-05;"domingo";"22:30:00";"PR";277;207,4;"TEIXEIRA SOARES";"Velocidade Incompatível";"Saída de leito carroçável";"Sem Vítimas";"Plena Noite";"Crescente";"Chuva";"Simples";"Reta";"Não";1;0;0;0;1;0;0;1;-25,458;-50,342;"SPRF-PR";"DEL03-PR";"UOP03-DEL03-PR"
400012;2021-12-06;"segunda-feira";"00:10:00";"PR";369;187;"ARAPONGAS";"Conversão proibida";"Queda de ocupante de veículo";"Com Vítimas Feridas";"Plena Noite";"Crescente";"Ignorado";"Simples";"Reta";"Sim";1;0;1;0;0;0;1;1;-23,42195338;-51,42439802;"SPRF-PR";"DEL07-PR";"UOP02-DEL07-PR"
400013;2021-12-05;"domingo";"23:40:00";"GO";60;96;"ANAPOLIS";"Acumulo de água sobre o pavimento";"Saída de leito carroçável";"Com Vítimas Feridas";"Plena Noite";"Crescente";"Chuva";"Dupla";"Reta";"Sim";1;0;1;0;0;0;1;1;-16,353;-48,9178;"SPRF-GO";"DEL02-GO";"UOP01-DEL02-GO"
400015;2021-12-06;"segunda-feira";"00:43:00";"SE";101;85;"NOSSA SENHORA DO SOCORRO";"Condutor Dormindo";"Colisão com objeto";"Sem Vítimas";"Plena Noite";"Crescente";"Nublado";"Dupla";"Reta";"Não";1;0;0;0;0;1;0;1;-10,84356101;-37,13696712;"SPRF-SE";"DEL01-SE";"UOP01-DEL01-SE"
400016;2021-12-05;"domingo";"19:00:00";"MA";402;56;"MORROS";"Reação tardia ou ineficiente do condutor";"Colisão traseira";"Com Vítimas Fatais";"Plena Noite";"Crescente";"Ignorado";"Simples";"Curva";"Não";4;2;0;2;0;0;2;2;-2,8544484;-43,88173342;"SPRF-MA";"DEL01-MA";"UOP01-DEL01-MA"
400017;2021-12-05;"domingo";"22:30:00";"MG";262;439,1;"NOVA SERRANA";"Ingestão de álcool pelo condutor";"Saída de leito carroçável";"Sem Vítimas";"Plena Noite";"Crescente";"Céu Claro";"Dupla";"Reta";"Não";1;0;0;0;0;1;0;1;-19,87998819;-44,93528366;"SPRF-MG";"DEL08-MG";"UOP03-DEL08-MG"
400018;2021-12-05;"domingo";"20:50:00";"RO";364;517;"ARIQUEMES";"Pista esburacada";"Tombamento";"Com Vítimas Fatais";"Plena Noite";"Crescente";"Chuva";"Dupla";"Reta";"Sim";1;1;0;0;0;0;0;1;-9,90688101;-63,05581217;"SPRF-RO";"DEL03-RO";"UOP01-DEL03-RO"
400022;2021-12-06;"segunda-feira";"00:15:00";"AL";316;241;"ATALAIA";"Reação tardia ou ineficiente do condutor";"Colisão traseira";"Com Vítimas Feridas";"Plena Noite";"Decrescente";"Céu Claro";"Simples";"Reta";"Sim";5;0;1;0;3;1;1;2;-9,5015368;-36,0262847;"SPRF-AL";"DEL01-AL";"UOP01-DEL01-AL"
400023;2021-12-05;"domingo";"23:15:00";"PR";376;641;"TIJUCAS DO SUL";"Ingestão de álcool pelo condutor";"Colisão traseira";"Com Vítimas Feridas";"Plena Noite";"Decrescente";"Garoa/Chuvisco";"Múltipla";"Aclive;Curva";"Não";4;0;2;0;2;0;2;2;-25,79034012;-49,12563183;"SPRF-PR";"DEL01-PR";"UOP04-DEL01-PR"
400024;2021-12-06;"segunda-feira";"00:30:00";"RR";174;504;"BOA VISTA";"Ingestão de álcool pelo condutor";"Colisão com objeto";"Sem Vítimas";"Plena Noite";"Decrescente";"Nublado";"Dupla";"Reta";"Sim";1;0;0;0;1;0;0;1;2,801374;-60,694801;"SPRF-RR";"DEL01-RR";"UOP01-DEL01-RR"
400025;2021-12-06;"segunda-feira";"01:30:00";"RJ";40;17;"TRES RIOS";"Chuva";"Saída de leito carroçável";"Com Vítimas Feridas";"Plena Noite";"Decrescente";"Chuva";"Dupla";"Reta";"Não";1;0;1;0;0;0;1;1;-22,08639692;-43,17655185;"SPRF-RJ";"DEL05-RJ";"UOP02-DEL05-RJ"
400027;2021-12-05;"domingo";"21:45:00";"PI";316;8;"TERESINA";"Ausência de reação do condutor";"Saída de leito carroçável";"Com Vítimas Feridas";"Plena Noite";"Crescente";"Céu Claro";"Dupla";"Reta";"Sim";2;0;2;0;0;0;2;1;-5,16483402;-42,76899508;"SPRF-PI";"DEL01-PI";"UOP02-DEL01-PI"
400028;2021-12-06;"segunda-feira";"02:10:00";"SP";116;478;"JACUPIRANGA";"Condutor Dormindo";"Saída de leito carroçável";"Sem Vítimas";"Plena Noite";"Crescente";"Nublado";"Dupla";"Reta";"Sim";2;0;0;0;2;0;0;1;-24,70388258;-48,01063531;"SPRF-SP";"DEL05-SP";"UOP01-DEL05-SP"
400029;2021-12-06;"segunda-feira";"01:00:00";"PR";376;213,1;"MANDAGUARI";"Avarias e/ou desgaste excessivo no pneu";"Saída de leito carroçável";"Com Vítimas Feridas";"Plena Noite";"Decrescente";"Chuva";"Dupla";"Curva";"Não";1;0;1;0;0;0;1;1;-23,5808343;-51,65143895;"SPRF-PR";"DEL09-PR";"UOP01-DEL09-PR"
400030;2021-12-06;"segunda-feira";"02:00:00";"RJ";465;6;"SEROPEDICA";"Deficiência do Sistema de Iluminação/Sinalização";"Colisão com objeto";"Com Vítimas Feridas";"Plena Noite";"Crescente";"Chuva";"Simples";"Reta;Ponte";"Sim";2;0;0;2;0;0;2;1;-22,7516;-43,6956;"SPRF-RJ";"DEL01-RJ";"UOP03-DEL01-RJ"
400031;2021-12-06;"segunda-feira";"01:10:00";"GO";40;16;"LUZIANIA";"Condutor Dormindo";"Saída de leito carroçável";"Com Vítimas Feridas";"Plena Noite";"Crescente";"Nublado";"Dupla";"Reta";"Não";1;0;1;0;0;0;1;1;-16,175176;-47,92964;"SPRF-DF";"DEL01-DF";"UOP01-DEL01-DF"
400032;2021-12-06;"segunda-feira";"02:30:00";"PE";101;94;"CABO DE SANTO AGOSTINHO";"Transitar na contramão";"Colisão frontal";"Com Vítimas Feridas";"Plena Noite";"Decrescente";"Céu Claro";"Múltipla";"Rotatória";"Sim";2;0;1;0;1;0;1;2;-8,2513;-35,0056;"SPRF-PE";"DEL01-PE";"UOP01-DEL01-PE"
400034;2021-12-06;"segunda-feira";"02:30:00";"AL";316;118;"CACIMBINHAS";"Velocidade Incompatível";"Atropelamento de Pedestre";"Com Vítimas Fatais";"Plena Noite";"Crescente";"Céu Claro";"Simples";"Reta";"Não";2;1;0;0;0;1;0;2;-9,3996897;-36,957234;"SPRF-AL";"DEL03-AL";"UOP01-DEL03-AL"
400037;2021-12-06;"segunda-feira";"04:30:00";"MS";163;499,1;"CAMPO GRANDE";"Frear bruscamente";"Saída de leito carroçável";"Sem Vítimas";"Pleno dia";"Crescente";"Céu Claro";"Simples";"Reta";"Não";1;0;0;0;1;0;0;1;-20,334964;-54,518658;"SPRF-MS";"DEL01-MS";"UOP02-DEL01-MS"
400040;2021-12-06;"segunda-feira";"04:15:00";"GO";60;174,2;"ABADIA DE GOIAS";"Velocidade Incompatível";"Saída de leito carroçável";"Com Vítimas Feridas";"Plena Noite";"Crescente";"Chuva";"Dupla";"Reta";"Não";2;0;2;0;0;0;2;1;-16,7474;-49,4238;"SPRF-GO";"DEL01-GO";"UOP02-DEL01-GO"
400041;2021-12-05;"domingo";"18:40:00";"RN";101;161;"CANGUARETAMA";"Velocidade Incompatível";"Colisão traseira";"Com Vítimas Feridas";"Plena Noite";"Crescente";"Céu Claro";"Simples";"Reta";"Sim";2;0;1;1;0;0;2;2;-6,37832592;-35,14846487;"SPRF-RN";"DEL01-RN";"UOP01-DEL01-RN"
400043;2021-12-06;"segunda-feira";"06:15:00";"RS";116;527;"PELOTAS";"Demais falhas mecânicas ou elétricas";"Incêndio";"Sem Vítimas";"Pleno dia";"Decrescente";"Nublado";"Dupla";"Reta;Em Obras";"Não";1;0;0;0;1;0;0;1;-31,7470243;-52,40899728;"SPRF-RS";"DEL07-RS";"UOP01-DEL07-RS"
400044;2021-12-06;"segunda-feira";"06:45:00";"DF";40;6;"BRASILIA";"Condutor deixou de manter distância do veículo da frente";"Colisão traseira";"Com Vítimas Feridas";"Pleno dia";"Decrescente";"Céu Claro";"Dupla";"Reta";"Sim";3;0;1;0;2;0;1;2;-16,029741;-47,978867;"SPRF-DF";"DEL01-DF";"UOP01-DEL01-DF"
400045;2021-12-06;"segunda-feira";"06:15:00";"SP";116;225;"GUARULHOS";"Manobra de mudança de faixa";"Colisão lateral mesmo sentido";"Com Vítimas Feridas";"Pleno dia";"Crescente";"Nublado";"Múltipla";"Aclive";"Sim";4;0;1;0;1;2;1;3;-23,48586772;-46,54075317;"SPRF-SP";"DEL01-SP";"UOP01-DEL01-SP"
400046;2021-12-06;"segunda-feira";"06:30:00";"BA";324;453,6;"RIACHAO DO JACUIPE";"Transitar na contramão";"Colisão lateral sentido oposto";"Com Vítimas Feridas";"Pleno dia";"Decrescente";"Nublado";"Simples";"Aclive";"Não";3;0;0;3;0;0;3;2;-11,89284289;-39,28311192;"SPRF-BA";"DEL02-BA";"UOP01-DEL02-BA"
400048;2021-12-06;"segunda-feira";"01:38:00";"MA";135;13,9;"SAO LUIS";"Ausência de reação do condutor";"Saída de leito carroçável";"Sem Vítimas";"Plena Noite";"Decrescente";"Ignorado";"Dupla";"Curva";"Sim";1;0;0;0;1;0;0;1;-2,68770298;-44,29941773;"SPRF-MA";"DEL01-MA";"UOP01-DEL01-MA"
400053;2021-12-06;"segunda-feira";"06:40:00";"SP";116;151,6;"SAO JOSE DOS CAMPOS";"Manobra de mudança de faixa";"Colisão com objeto";"Com Vítimas Feridas";"Pleno dia";"Decrescente";"Céu Claro";"Dupla";"Declive";"Sim";3;0;3;0;0;0;3;1;-23,21980694;-45,89991605;"SPRF-SP";"DEL02-SP";"UOP01-DEL02-SP"
400057;2021-12-06;"segunda-feira";"06:45:00";"GO";40;0,9;"VALPARAISO DE GOIAS";"Transitar no acostamento";"Atropelamento de Pedestre";"Com Vítimas Feridas";"Pleno dia";"Crescente";"Céu Claro";"Dupla";"Reta";"Sim";2;0;0;1;1;0;1;2;-16,058273;-47,982655;"SPRF-DF";"DEL01-DF";"UOP01-DEL01-DF"
400058;2021-12-06;"segunda-feira";"07:40:00";"MG";40;684;"RESSAQUINHA";"Velocidade Incompatível";"Colisão com objeto";"Com Vítimas Feridas";"Pleno dia";"Crescente";"Chuva";"Simples";"Curva";"Não";2;0;1;0;1;0;1;2;-21,06342685;-43,76285914;"SPRF-MG";"DEL05-MG";"UOP02-DEL05-MG"
400059;2021-12-06;"segunda-feira";"07:20:00";"GO";153;494;"GOIANIA";"Condutor deixou de manter distância do veículo da frente";"Engavetamento";"Com Vítimas Feridas";"Pleno dia";"Decrescente";"Céu Claro";"Múltipla";"Reta";"Sim";4;0;0;1;3;0;1;3;-16,6614;-49,2218;"SPRF-GO";"DEL01-GO";"UOP01-DEL01-GO"
400060;2021-10-16;"sábado";"03:20:00";"SC";101;209;"SAO JOSE";"Ingestão de álcool pelo condutor";"Colisão traseira";"Com Vítimas Feridas";"Plena Noite";"Crescente";"Nublado";"Múltipla";"Reta";"Sim";5;0;1;0;4;0;1;5;-27,61000542;-48,63895057;"SPRF-SC";"DEL01-SC";"UOP01-DEL01-SC"
400061;2021-12-06;"segunda-feira";"08:05:00";"RN";406;160;"CEARA-MIRIM";"Acessar a via sem observar a presença dos outros veículos";"Colisão transversal";"Com Vítimas Feridas";"Pleno dia";"Crescente";"Garoa/Chuvisco";"Simples";"Interseção de Vias";"Sim";2;0;1;0;1;0;1;2;-5,71375666;-35,37210457;"SPRF-RN";"DEL02-RN";"UOP01-DEL02-RN"
400063;2021-12-06;"segunda-feira";"07:30:00";"SP";116;224,5;"GUARULHOS";"Condutor deixou de manter distância do veículo da frente";"Colisão traseira";"Com Vítimas Feridas";"Pleno dia";"Crescente";"Nublado";"Múltipla";"Reta";"Sim";3;0;2;0;1;0;2;2;-23,48434531;-46,53907299;"SPRF-SP";"DEL01-SP";"UOP01-DEL01-SP"
400065;2021-12-06;"segunda-feira";"08:00:00";"MG";381;497,4;"BETIM";"Chuva";"Tombamento";"Com Vítimas Feridas";"Pleno dia";"Crescente";"Chuva";"Múltipla";"Curva";"Sim";1;0;0;1;0;0;1;1;-20,00483625;-44,21367172;"SPRF-MG";"DEL01-MG";"UOP03-DEL01-MG"
400066;2021-12-06;"segunda-feira";"08:25:00";"PB";230;12;"CABEDELO";"Acessar a via sem observar a presença dos outros veículos";"Colisão lateral mesmo sentido";"Com Vítimas Feridas";"Pleno dia";"Decrescente";"Céu Claro";"Múltipla";"Reta;Retorno Regulamentado";"Sim";2;0;1;0;1;0;1;2;-7,068;-34,85;"SPRF-PB";"DEL01-PB";"UOP01-DEL01-PB"
400069;2021-12-06;"segunda-feira";"08:10:00";"MG";40;437,5;"PARAOPEBA";"Chuva";"Saída de leito carroçável";"Com Vítimas Feridas";"Pleno dia";"Decrescente";"Chuva";"Dupla";"Declive;Curva";"Não";1;0;1;0;0;0;1;1;-19,23433586;-44,43184376;"SPRF-MG";"DEL02-MG";"UOP01-DEL02-MG"
400070;2021-12-06;"segunda-feira";"07:40:00";"PE";232;405,4;"SERRA TALHADA";"Ingestão de álcool pelo condutor";"Saída de leito carroçável";"Com Vítimas Feridas";"Pleno dia";"Crescente";"Céu Claro";"Simples";"Reta";"Não";1;0;1;0;0;0;1;1;-7,98849006;-38,25549256;"SPRF-PE";"DEL04-PE";"UOP01-DEL04-PE"
400071;2021-12-05;"domingo";"19:10:00";"RO";364;154;"PIMENTA BUENO";"Pedestre andava na pista";"Atropelamento de Pedestre";"Com Vítimas Feridas";"Plena Noite";"Decrescente";"Nublado";"Simples";"Aclive";"Não";2;0;0;1;0;1;1;2;-11,972506;-60,95616399;"SPRF-RO";"DEL02-RO";"UOP02-DEL02-RO"
400072;2021-12-06;"segunda-feira";"08:22:00";"SC";101;10,1;"GARUVA";"Manobra de mudança de faixa";"Colisão lateral mesmo sentido";"Com Vítimas Feridas";"Pleno dia";"Crescente";"Chuva";"Dupla";"Reta";"Sim";2;0;1;0;1;0;1;2;-26,063011;-48,86020605;"SPRF-SC";"DEL03-SC";"UOP01-DEL03-SC"
400073;2021-12-06;"segunda-feira";"08:00:00";"SE";101;95,4;"NOSSA SENHORA DO SOCORRO";"Manobra de mudança de faixa";"Colisão transversal";"Com Vítimas Feridas";"Pleno dia";"Decrescente";"Sol";"Dupla";"Aclive";"Não";3;0;2;0;1;0;2;2;-10,91496144;-37,16331482;"SPRF-SE";"DEL02-SE";"UOP01-DEL02-SE"
400074;2021-12-06;"segunda-feira";"08:15:00";"ES";101;284;"CARIACICA";"Avarias e/ou desgaste excessivo no pneu";"Queda de ocupante de veículo";"Com Vítimas Feridas";"Pleno dia";"Decrescente";"Céu Claro";"Dupla";"Reta";"Não";2;0;2;0;0;0;2;1;-20,24334991;-40,3696926;"SPRF-ES";"DEL01-ES";"UOP01-DEL01-ES"
400076;2021-12-06;"segunda-feira";"08:15:00";"RS";116;259;"CANOAS";"Velocidade Incompatível";"Saída de leito carroçável";"Com Vítimas Feridas";"Pleno dia";"Crescente";"Garoa/Chuvisco";"Dupla";"Retorno Regulamentado";"Não";1;0;1;0;0;0;1;1;-29,870408;-51,179909;"SPRF-RS";"DEL01-RS";"UOP02-DEL01-RS"
400077;2021-12-06;"segunda-feira";"08:45:00";"SP";116;221;"GUARULHOS";"Trafegar com motocicleta (ou similar) entre as faixas";"Colisão lateral mesmo sentido";"Com Vítimas Feridas";"Pleno dia";"Decrescente";"Céu Claro";"Múltipla";"Reta";"Sim";2;0;1;0;1;0;1;2;-23,46802395;-46,50704901;"SPRF-SP";"DEL01-SP";"UOP01-DEL01-SP"
400078;2021-12-06;"segunda-feira";"07:30:00";"MT";163;831;"SINOP";"Condutor deixou de manter distância do veículo da frente";"Queda de ocupante de veículo";"Com Vítimas Feridas";"Pleno dia";"Crescente";"Chuva";"Dupla";"Retorno Regulamentado";"Sim";2;0;0;1;1;0;1;1;-11,891895;-55,502994;"SPRF-MT";"DEL06-MT";"UOP01-DEL06-MT"
400079;2021-12-06;"segunda-feira";"07:40:00";"SP";116;102,6;"PINDAMONHANGABA";"Condutor deixou de manter distância do veículo da frente";"Colisão traseira";"Com Vítimas Feridas";"Pleno dia";"Decrescente";"Nublado";"Dupla";"Reta";"Não";2;0;1;0;1;0;1;2;-22,99497994;-45,48951403;"SPRF-SP";"DEL08-SP";"UOP01-DEL08-SP"
400080;2021-12-06;"segunda-feira";"07:40:00";"CE";116;17,4;"EUSEBIO";"Reação tardia ou ineficiente do condutor";"Colisão traseira";"Sem Vítimas";"Pleno dia";"Decrescente";"Céu Claro";"Dupla";"Reta";"Sim";2;0;0;0;1;1;0;2;-3,9034962;-38,50462317;"SPRF-CE";"DEL01-CE";"UOP02-DEL01-CE"
400082;2021-12-06;"segunda-feira";"06:55:00";"SC";282;616,1;"IRACEMINHA";"Demais falhas mecânicas ou elétricas";"Queda de ocupante de veículo";"Com Vítimas Feridas";"Pleno dia";"Decrescente";"Céu Claro";"Simples";"Curva";"Não";2;0;2;0;0;0;2;1;-26,781301;-53,27676;"SPRF-SC";"DEL07-SC";"UOP02-DEL07-SC"
400083;2021-11-18;"quinta-feira";"15:15:00";"MG";116;758;"LEOPOLDINA";"Animais na Pista";"Atropelamento de Animal";"Sem Vítimas";"Pleno dia";"Crescente";"Céu Claro";"Simples";"Reta";"Não";1;0;0;0;1;0;0;1;-21,48596969;-42,5773859;"SPRF-MG";"DEL07-MG";"UOP01-DEL07-MG"
400085;2021-12-06;"segunda-feira";"08:20:00";"SC";280;31;"ARAQUARI";"Desrespeitar a preferência no cruzamento";"Colisão lateral mesmo sentido";"Com Vítimas Feridas";"Pleno dia";"Crescente";"Chuva";"Simples";"Rotatória";"Não";2;0;1;0;1;0;1;2;-26,41649938;-48,77181215;"SPRF-SC";"DEL03-SC";"UOP03-DEL03-SC"
400086;2021-12-06;"segunda-feira";"09:00:00";"MG";116;456,5;"ENGENHEIRO CALDAS";"Desrespeitar a preferência no cruzamento";"Colisão frontal";"Com Vítimas Feridas";"Pleno dia";"Crescente";"Nublado";"Simples";"Interseção de Vias";"Sim";2;0;1;0;1;0;1;2;-19,20082084;-42,04762426;"SPRF-MG";"DEL06-MG";"UOP02-DEL06-MG"
400087;2021-12-06;"segunda-feira";"07:30:00";"RO";364;689;"PORTO VELHO";"Chuva";"Colisão traseira";"Com Vítimas Feridas";"Pleno dia";"Crescente";"Chuva";"Dupla";"Reta";"Não";2;0;1;0;1;0;1;2;-8,794285;-63,668926;"SPRF-RO";"DEL01-RO";"UOP01-DEL01-RO"