"id";"data_inversa";"dia_semana";"horario";"uf";"br";"km";"municipio";"causa_acidente";"tipo_acidente";"classificacao_acidente";"fase_dia";"sentido_via";"condicao_metereologica";"tipo_pista";"tracado_via";"uso_solo";"pessoas";"mortos";"feridos_leves";"feridos_graves";"ilesos";"ignorados";"feridos";"veiculos";"latitude";"longitude";"regional";"delegacia";"uop"
400090;2021-12-06;"segunda-feira";"07:40:00";"BA";407;125;"SENHOR DO BONFIM";"Condutor deixou de manter distância do veículo da frente";"Colisão traseira";"Sem Vítimas";"Pleno dia";"Crescente";"Céu Claro";"Simples";"Reta";"Sim";2;0;0;0;2;0;0;2;-10,44762504;-40,18494809;"SPRF-BA";"DEL04-BA";"UOP01-DEL04-BA"
400092;2021-12-06;"segunda-feira";"09:40:00";"CE";116;18;"ITAITINGA";"Reação tardia ou ineficiente do condutor";"Colisão traseira";"Com Vítimas Feridas";"Pleno dia";"Decrescente";"Garoa/Chuvisco";"Simples";"Reta";"Sim";2;0;1;0;1;0;1;2;-3,90496605;-38,50518756;"SPRF-CE";"DEL01-CE";"UOP02-DEL01-CE"
400094;2021-12-06;"segunda-feira";"09:50:00";"MG";381;598,6;"CARMOPOLIS DE MINAS";"Chuva";"Saída de leito carroçável";"Com Vítimas Feridas";"Pleno dia";"Decrescente";"Chuva";"Dupla";"Reta";"Não";1;0;1;0;0;0;1;1;-20,60716895;-44,73310303;"SPRF-MG";"DEL04-MG";"UOP01-DEL04-MG"
400095;2021-12-06;"segunda-feira";"08:40:00";"RO";364;344,9;"JI-PARANA";"Acessar a via sem observar a presença dos outros veículos";"Colisão transversal";"Com Vítimas Feridas";"Pleno dia";"Crescente";"Céu Claro";"Dupla";"Reta";"Sim";2;0;2;0;0;0;2;2;-10,87376391;-61,95256893;"SPRF-RO";"DEL02-RO";"UOP01-DEL02-RO"
400098;2021-12-06;"segunda-feira";"10:15:00";"SP";116;219,4;"GUARULHOS";"Manobra de mudança de faixa";"Colisão lateral mesmo sentido";"Com Vítimas Feridas";"Pleno dia";"Crescente";"Céu Claro";"Múltipla";"Reta";"Sim";2;0;1;0;1;0;1;2;-23,46143954;-46,48885316;"SPRF-SP";"DEL01-SP";"UOP01-DEL01-SP"
400100;2021-12-06;"segunda-feira";"09:00:00";"RJ";101;299;"ITABORAI";"Condutor deixou de manter distância do veículo da frente";"Colisão traseira";"Sem Vítimas";"Pleno dia";"Crescente";"Céu Claro";"Dupla";"Reta";"Não";3;0;0;0;3;0;0;2;-22,77432673;-42,93823207;"SPRF-RJ";"DEL02-RJ";"UOP02-DEL02-RJ"
400101;2021-12-06;"segunda-feira";"10:40:00";"RS";116;264;"CANOAS";"Trafegar com motocicleta (ou similar) entre as faixas";"Colisão lateral mesmo sentido";"Com Vítimas Feridas";"Pleno dia";"Crescente";"Nublado";"Dupla";"Reta";"Sim";3;0;1;0;2;0;1;3;-29,914435;-51,17754495;"SPRF-RS";"DEL01-RS";"UOP01-DEL01-RS"
400103;2021-12-06;"segunda-feira";"10:15:00";"GO";60;180,1;"ABADIA DE GOIAS";"Avarias e/ou desgaste excessivo no pneu";"Saída de leito carroçável";"Com Vítimas Feridas";"Pleno dia";"Decrescente";"Sol";"Dupla";"Reta;Declive";"Não";5;0;0;1;3;1;1;2;-16,7666;-49,4751;"SPRF-GO";"DEL01-GO";"UOP02-DEL01-GO"
400104;2021-12-06;"segunda-feira";"10:50:00";"GO";40;5;"VALPARAISO DE GOIAS";"Acessar a via sem observar a presença dos outros veículos";"Colisão transversal";"Com Vítimas Feridas";"Pleno dia";"Crescente";"Nublado";"Dupla";"Reta;Declive";"Sim";2;0;1;0;1;0;1;2;-16,093134;-47,982236;"SPRF-DF";"DEL01-DF";"UOP01-DEL01-DF"
400105;2021-12-06;"segunda-feira";"09:40:00";"MA";230;402,1;"BALSAS";"Acessar a via sem observar a presença dos outros veículos";"Colisão transversal";"Com Vítimas Feridas";"Pleno dia";"Crescente";"Céu Claro";"Simples";"Reta";"Sim";2;0;1;0;1;0;1;2;-7,50857084;-46,03158637;"SPRF-MA";"DEL05-MA";"UOP01-DEL05-MA"
400106;2021-12-06;"segunda-feira";"07:00:00";"RS";392;21;"RIO GRANDE";"Velocidade Incompatível";"Saída de leito carroçável";"Com Vítimas Feridas";"Pleno dia";"Decrescente";"Céu Claro";"Dupla";"Reta";"Não";1;0;1;0;0;0;1;1;-32,08769775;-52,20709106;"SPRF-RS";"DEL07-RS";"UOP02-DEL07-RS"
400107;2021-11-06;"sábado";"23:15:00";"PA";222;56;"DOM ELISEU";"Velocidade Incompatível";"Capotamento";"Com Vítimas Feridas";"Plena Noite";"Crescente";"Nublado";"Simples";"Curva";"Não";3;0;2;1;0;0;3;1;-4,454865;-47,801023;"SPRF-PA";"DEL02-PA";"UOP02-DEL02-PA"
400109;2021-12-06;"segunda-feira";"08:20:00";"PR";376;3;"SAO JOSE DOS PINHAIS";"Condutor deixou de manter distância do veículo da frente";"Colisão traseira";"Sem Vítimas";"Pleno dia";"Crescente";"Nublado";"Dupla";"Reta";"Sim";2;0;0;0;1;1;0;2;-25,5307;-49,1958;"SPRF-PR";"DEL01-PR";"UOP04-DEL01-PR"
400111;2021-12-06;"segunda-feira";"08:20:00";"RJ";101;312;"SAO GONCALO";"Condutor deixou de manter distância do veículo da frente";"Colisão traseira";"Com Vítimas Feridas";"Pleno dia";"Crescente";"Céu Claro";"Dupla";"Reta";"Sim";3;0;1;0;2;0;1;2;-22,80546555;-43,06156967;"SPRF-RJ";"DEL02-RJ";"UOP02-DEL02-RJ"
400113;2021-12-06;"segunda-feira";"10:45:00";"MG";116;113,2;"ITAOBIM";"Acessar a via sem observar a presença dos outros veículos";"Colisão transversal";"Com Vítimas Feridas";"Pleno dia";"Crescente";"Sol";"Simples";"Reta";"Não";4;0;1;0;3;0;1;2;-16,543018;-41,504666;"SPRF-MG";"DEL11-MG";"UOP02-DEL11-MG"
400114;2021-12-06;"segunda-feira";"09:00:00";"GO";364;21,6;"PARANAIGUARA";"Acessar a via sem observar a presença dos outros veículos";"Colisão com objeto";"Com Vítimas Feridas";"Pleno dia";"Crescente";"Céu Claro";"Dupla";"Interseção de Vias";"Não";2;0;2;0;0;0;2;1;-18,92555;-50,654079;"SPRF-GO";"DEL05-GO";"UOP02-DEL05-GO"
400116;2021-12-06;"segunda-feira";"11:00:00";"PR";116;111;"CURITIBA";"Ausência de reação do condutor";"Colisão traseira";"Com Vítimas Feridas";"Pleno dia";"Decrescente";"Céu Claro";"Dupla";"Reta";"Sim";3;0;2;0;1;0;2;2;-25,56885181;-49,22724597;"SPRF-PR";"DEL01-PR";"UOP01-DEL01-PR"
400117;2021-12-06;"segunda-feira";"08:40:00";"SC";101;323,8;"CAPIVARI DE BAIXO";"Acumulo de água sobre o pavimento";"Colisão com objeto";"Sem Vítimas";"Pleno dia";"Crescente";"Chuva";"Dupla";"Curva;Declive";"Não";1;0;0;0;1;0;0;1;-28,42461823;-48,93859863;"SPRF-SC";"DEL02-SC";"UOP01-DEL02-SC"
400118;2021-12-06;"segunda-feira";"11:40:00";"PR";376;176,3;"MARINGA";"Condutor deixou de manter distância do veículo da frente";"Colisão traseira";"Com Vítimas Feridas";"Pleno dia";"Decrescente";"Céu Claro";"Dupla";"Reta";"Sim";2;0;1;0;1;0;1;2;-23,41107487;-51,93651438;"SPRF-PR";"DEL09-PR";"UOP01-DEL09-PR"
400119;2021-12-06;"segunda-feira";"10:10:00";"MG";40;656,3;"CRISTIANO OTONI";"Velocidade Incompatível";"Colisão com objeto";"Com Vítimas Feridas";"Pleno dia";"Decrescente";"Chuva";"Dupla";"Declive;Curva";"Não";1;0;1;0;0;0;1;1;-20,879537;-43,800648;"SPRF-MG";"DEL05-MG";"UOP02-DEL05-MG"
400120;2021-12-06;"segunda-feira";"06:40:00";"RO";364;971;"PORTO VELHO";"Neblina";"Colisão traseira";"Com Vítimas Fatais";"Amanhecer";"Crescente";"Nevoeiro/Neblina";"Simples";"Reta";"Não";2;1;0;0;1;0;0;2;-9,658196;-65,73276;"SPRF-RO";"DEL01-RO";"UOP03-DEL01-RO"
400121;2021-12-06;"segunda-feira";"06:50:00";"CE";222;40,8;"CAUCAIA";"Manobra de mudança de faixa";"Colisão frontal";"Com Vítimas Fatais";"Pleno dia";"Crescente";"Céu Claro";"Simples";"Reta";"Não";8;1;6;0;1;0;6;2;-3,68690023;-38,90730706;"SPRF-CE";"DEL01-CE";"UOP03-DEL01-CE"
400122;2021-12-06;"segunda-feira";"12:15:00";"MG";40;516;"RIBEIRAO DAS NEVES";"Chuva";"Saída de leito carroçável";"Com Vítimas Feridas";"Pleno dia";"Decrescente";"Chuva";"Dupla";"Curva";"Sim";1;0;1;0;0;0;1;1;-19,81628624;-44,08960124;"SPRF-MG";"DEL01-MG";"UOP02-DEL01-MG"
400123;2021-10-22;"sexta-feira";"02:20:00";"CE";222;302;"TIANGUA";"Velocidade Incompatível";"Tombamento";"Com Vítimas Fatais";"Plena Noite";"Decrescente";"Céu Claro";"Simples";"Reta";"Não";47;2;19;26;0;0;45;1;-3,66080397;-40,94779895;"SPRF-CE";"DEL04-CE";"UOP02-DEL04-CE"
400125;2021-12-06;"segunda-feira";"10:30:00";"PR";277;610,7;"SANTA TEREZA DO OESTE";"Demais falhas mecânicas ou elétricas";"Incêndio";"Sem Vítimas";"Pleno dia";"Crescente";"Sol";"Simples";"Reta";"Sim";1;0;0;0;1;0;0;1;-25,05111043;-53,62214392;"SPRF-PR";"DEL05-PR";"UOP02-DEL05-PR"
400127;2021-12-06;"segunda-feira";"12:30:00";"TO";153;562;"FATIMA";"Pista Escorregadia";"Colisão com objeto";"Com Vítimas Feridas";"Pleno dia";"Decrescente";"Chuva";"Simples";"Reta";"Não";5;0;0;1;4;0;1;1;-10,75907598;-48,9021057;"SPRF-TO";"DEL01-TO";"UOP01-DEL01-TO"
400128;2021-11-16;"terça-feira";"06:30:00";"CE";20;422;"MARACANAU";"Acessar a via sem observar a presença dos outros veículos";"Colisão transversal";"Sem Vítimas";"Pleno dia";"Crescente";"Céu Claro";"Dupla";"Reta;Em Obras";"Não";2;0;0;0;0;2;0;2;-3,76999035;-38,67006282;"SPRF-CE";"DEL01-CE";"UOP02-DEL01-CE"
400131;2021-12-06;"segunda-feira";"12:30:00";"CE";20;422;"MARACANAU";"Carga excessiva e/ou mal acondicionada";"Colisão com objeto";"Com Vítimas Feridas";"Pleno dia";"Decrescente";"Chuva";"Dupla";"Reta";"Não";1;0;1;0;0;0;1;1;-3,85387659;-38,56138408;"SPRF-CE";"DEL01-CE";"UOP02-DEL01-CE"
400133;2021-12-06;"segunda-feira";"13:00:00";"GO";153;696;"ITUMBIARA";"Pista esburacada";"Queda de ocupante de veículo";"Com Vítimas Feridas";"Pleno dia";"Decrescente";"Céu Claro";"Dupla";"Reta";"Não";1;0;1;0;0;0;1;1;-18,3604;-49,2161;"SPRF-GO";"DEL03-GO";"UOP02-DEL03-GO"
400135;2021-12-06;"segunda-feira";"11:15:00";"GO";50;230,1;"CAMPO ALEGRE DE GOIAS";"Velocidade Incompatível";"Saída de leito carroçável";"Com Vítimas Feridas";"Pleno dia";"Decrescente";"Nublado";"Dupla";"Reta";"Não";2;0;1;0;1;0;1;1;-17,8022;-47,7667;"SPRF-GO";"DEL06-GO";"UOP01-DEL06-GO"
400137;2021-12-06;"segunda-feira";"11:30:00";"MG";365;104;"JEQUITAI";"Acumulo de óleo sobre o pavimento";"Saída de leito carroçável";"Com Vítimas Feridas";"Pleno dia";"Crescente";"Chuva";"Simples";"Reta";"Não";1;0;1;0;0;0;1;1;-17,21442312;-44,56049104;"SPRF-MG";"DEL12-MG";"UOP01-DEL12-MG"
400139;2021-12-06;"segunda-feira";"13:53:00";"GO";60;75;"ANAPOLIS";"Objeto estático sobre o leito carroçável";"Saída de leito carroçável";"Com Vítimas Feridas";"Pleno dia";"Crescente";"Garoa/Chuvisco";"Dupla";"Reta";"Não";3;0;2;0;1;0;2;1;-16,2774;-48,7864;"SPRF-GO";"DEL02-GO";"UOP01-DEL02-GO"
400140;2021-12-06;"segunda-feira";"08:50:00";"MG";40;635,3;"CONSELHEIRO LAFAIETE";"Chuva";"Colisão frontal";"Com Vítimas Feridas";"Pleno dia";"Crescente";"Chuva";"Simples";"Curva";"Não";3;0;0;3;0;0;3;2;-20,706183;-43,792703;"SPRF-MG";"DEL05-MG";"UOP02-DEL05-MG"
400142;2021-12-06;"segunda-feira";"13:30:00";"PR";467;108;"CASCAVEL";"Avarias e/ou desgaste excessivo no pneu";"Queda de ocupante de veículo";"Com Vítimas Feridas";"Pleno dia";"Crescente";"Céu Claro";"Dupla";"Reta";"Sim";2;0;1;1;0;0;2;1;-24,9237;-53,4676;"SPRF-PR";"DEL04-PR";"UOP01-DEL04-PR"
400143;2021-12-06;"segunda-feira";"10:45:00";"ES";482;89,8;"ALEGRE";"Chuva";"Saída de leito carroçável";"Sem Vítimas";"Pleno dia";"Crescente";"Chuva";"Simples";"Curva";"Não";1;0;0;0;1;0;0;1;-20,7594831;-41,55824265;"SPRF-ES";"DEL03-ES";"UOP02-DEL03-ES"
400146;2021-12-06;"segunda-feira";"14:00:00";"RS";386;374,6;"PAVERAMA";"Demais falhas mecânicas ou elétricas";"Saída de leito carroçável";"Com Vítimas Feridas";"Pleno dia";"Crescente";"Céu Claro";"Dupla";"Reta";"Não";1;0;1;0;0;0;1;1;-29,61579938;-51,79439485;"SPRF-RS";"DEL04-RS";"UOP02-DEL04-RS"
400147;2021-12-06;"segunda-feira";"13:30:00";"CE";116;16,9;"EUSEBIO";"Reação tardia ou ineficiente do condutor";"Colisão traseira";"Sem Vítimas";"Pleno dia";"Decrescente";"Chuva";"Dupla";"Declive;Reta";"Sim";2;0;0;0;2;0;0;2;-3,89431216;-38,50279927;"SPRF-CE";"DEL01-CE";"UOP02-DEL01-CE"
400148;2021-12-06;"segunda-feira";"13:15:00";"SC";101;126;"ITAJAI";"Reação tardia ou ineficiente do condutor";"Colisão traseira";"Com Vítimas Feridas";"Pleno dia";"Decrescente";"Céu Claro";"Dupla";"Reta;Declive";"Não";3;0;2;0;1;0;2;2;-26,95564404;-48,67978366;"SPRF-SC";"DEL04-SC";"UOP04-DEL04-SC"
400149;2021-12-06;"segunda-feira";"13:35:00";"PR";277;397,9;"CANDOI";"Acessar a via sem observar a presença dos outros veículos";"Colisão transversal";"Com Vítimas Feridas";"Pleno dia";"Decrescente";"Céu Claro";"Simples";"Reta";"Não";5;0;5;0;0;0;5;2;-25,4469329327;-51,8977360056;"SPRF-PR";"DEL08-PR";"UOP01-DEL08-PR"
400150;2021-12-06;"segunda-feira";"14:25:00";"PR";277;675,6;"MEDIANEIRA";"Demais falhas mecânicas ou elétricas";"Queda de ocupante de veículo";"Com Vítimas Feridas";"Pleno dia";"Decrescente";"Céu Claro";"Dupla";"Reta;Aclive";"Não";2;0;1;0;1;0;1;1;-25,29891949;-54,12338731;"SPRF-PR";"DEL05-PR";"UOP01-DEL05-PR"
400155;2021-12-06;"segunda-feira";"13:30:00";"RO";364;236,5;"CACOAL";"Acessar a via sem observar a presença dos outros veículos";"Colisão transversal";"Com Vítimas Feridas";"Pleno dia";"Crescente";"Céu Claro";"Simples";"Reta";"Sim";3;0;1;0;2;0;1;2;-11,44418999;-61,44406557;"SPRF-RO";"DEL02-RO";"UOP02-DEL02-RO"
400158;2021-12-06;"segunda-feira";"14:10:00";"SP";116;552;"BARRA DO TURVO";"Reação tardia ou ineficiente do condutor";"Colisão com objeto";"Com Vítimas Feridas";"Pleno dia";"Crescente";"Nublado";"Dupla";"Reta";"Não";4;0;4;0;0;0;4;1;-24,96398394;-48,47996582;"SPRF-SP";"DEL05-SP";"UOP02-DEL05-SP"
400159;2021-12-06;"segunda-feira";"15:10:00";"DF";60;26;"BRASILIA";"Chuva";"Saída de leito carroçável";"Com Vítimas Feridas";"Pleno dia";"Decrescente";"Chuva";"Dupla";"Reta";"Não";1;0;1;0;0;0;1;1;-16,003504;-48,245281;"SPRF-DF";"DEL03-DF";"UOP01-DEL03-DF"
400161;2021-12-06;"segunda-feira";"14:20:00";"MS";163;496,5;"CAMPO GRANDE";"Reação tardia ou ineficiente do condutor";"Saída de leito carroçável";"Com Vítimas Feridas";"Pleno dia";"Decrescente";"Céu Claro";"Simples";"Reta";"Não";1;0;1;0;0;0;1;1;-20,35985581;-54,52552831;"SPRF-MS";"DEL01-MS";"UOP02-DEL01-MS"
400162;2021-12-06;"segunda-feira";"14:15:00";"MG";116;597,8;"SAO JOAO DO MANHUACU";"Ausência de reação do condutor";"Colisão traseira";"Com Vítimas Feridas";"Pleno dia";"Decrescente";"Chuva";"Simples";"Reta";"Não";4;0;2;0;2;0;2;2;-20,30758163;-42,1471677;"SPRF-MG";"DEL06-MG";"UOP03-DEL06-MG"
400164;2021-12-06;"segunda-feira";"15:20:00";"SC";101;210,6;"SAO JOSE";"Demais falhas mecânicas ou elétricas";"Engavetamento";"Com Vítimas Feridas";"Pleno dia";"Crescente";"Céu Claro";"Dupla";"Reta";"Sim";4;0;2;1;1;0;3;3;-27,6167305;-48,6457265;"SPRF-SC";"DEL01-SC";"UOP01-DEL01-SC"
400165;2021-12-06;"segunda-feira";"15:20:00";"PR";277;51,5;"SAO JOSE DOS PINHAIS";"Demais falhas mecânicas ou elétricas";"Incêndio";"Sem Vítimas";"Pleno dia";"Crescente";"Chuva";"Dupla";"Curva";"Não";1;0;0;0;1;0;0;1;-25,591842;-48,92584;"SPRF-PR";"DEL01-PR";"UOP05-DEL01-PR"
400169;2021-12-06;"segunda-feira";"16:00:00";"SC";101;143;"ITAPEMA";"Velocidade Incompatível";"Tombamento";"Com Vítimas Feridas";"Pleno dia";"Decrescente";"Chuva";"Dupla";"Reta";"Não";2;0;2;0;0;0;2;1;-27,06436;-48,59599405;"SPRF-SC";"DEL04-SC";"UOP03-DEL04-SC"
400170;2021-12-06;"segunda-feira";"16:18:00";"SC";101;210,6;"SAO JOSE";"Reação tardia ou ineficiente do condutor";"Colisão com objeto";"Com Vítimas Feridas";"Pleno dia";"Decrescente";"Nublado";"Dupla";"Reta";"Sim";1;0;1;0;0;0;1;1;-27,6167305;-48,6457265;"SPRF-SC";"DEL01-SC";"UOP01-DEL01-SC"
400173;2021-12-06;"segunda-feira";"14:00:00";"SC";282;617,5;"IRACEMINHA";"Condutor Dormindo";"Saída de leito carroçável";"Com Vítimas Feridas";"Pleno dia";"Crescente";"Sol";"Simples";"Curva;Aclive";"Não";2;0;2;0;0;0;2;1;-26,78304674;-53,28766108;"SPRF-SC";"DEL07-SC";"UOP02-DEL07-SC"
400174;2021-12-06;"segunda-feira";"15:00:00";"RN";101;51,5;"CEARA-MIRIM";"Acessar a via sem observar a presença dos outros veículos";"Colisão transversal";"Com Vítimas Feridas";"Pleno dia";"Decrescente";"Nublado";"Simples";"Reta";"Não";3;0;1;2;0;0;3;2;-5,54354627;-35,31486511;"SPRF-RN";"DEL02-RN";"UOP01-DEL02-RN"
400176;2021-12-06;"segunda-feira";"16:15:00";"SP";381;22;"BRAGANCA PAULISTA";"Ausência de reação do condutor";"Tombamento";"Com Vítimas Feridas";"Pleno dia";"Decrescente";"Garoa/Chuvisco";"Simples";"Curva";"Não";2;0;1;0;1;0;1;2;-22,99697186;-46,5163051;"SPRF-SP";"DEL03-SP";"UOP01-DEL03-SP"
400178;2021-12-06;"segunda-feira";"13:00:00";"SC";282;267;"SAO JOSE DO CERRITO";"Reação tardia ou ineficiente do condutor";"Saída de leito carroçável";"Com Vítimas Feridas";"Pleno dia";"Decrescente";"Sol";"Simples";"Curva";"Não";3;0;2;0;1;0;2;1;-27,624544;-50,651848;"SPRF-SC";"DEL05-SC";"UOP02-DEL05-SC"
400180;2021-12-06;"segunda-feira";"17:00:00";"PR";277;72;"SAO JOSE DOS PINHAIS";"Ausência de reação do condutor";"Colisão transversal";"Sem Vítimas";"Pleno dia";"Crescente";"Granizo";"Dupla";"Curva";"Sim";2;0;0;0;2;0;0;2;-25,50176319;-49,14919424;"SPRF-PR";"DEL01-PR";"UOP01-DEL01-PR"
400182;2021-12-06;"segunda-feira";"14:50:00";"RJ";116;223,9;"PIRAI";"Chuva";"Tombamento";"Com Vítimas Feridas";"Pleno dia";"Decrescente";"Chuva";"Simples";"Reta";"Não";1;0;1;0;0;0;1;1;-22,68972504;-43,801317;"SPRF-RJ";"DEL07-RJ";"UOP01-DEL07-RJ"
400184;2021-12-06;"segunda-feira";"17:10:00";"RS";386;444;"CANOAS";"Frear bruscamente";"Colisão traseira";"Com Vítimas Feridas";"Pleno dia";"Crescente";"Céu Claro";"Dupla";"Reta";"Não";2;0;1;0;1;0;1;2;-29,8911;-51,203064;"SPRF-RS";"DEL01-RS";"UOP01-DEL01-RS"
400185;2021-10-20;"quarta-feira";"15:30:00";"RS";287;247,6;"SANTA MARIA";"Acessar a via sem observar a presença dos outros veículos";"Colisão transversal";"Com Vítimas Feridas";"Pleno dia";"Crescente";"Céu Claro";"Dupla";"Reta";"Sim";2;0;1;1;0;0;2;2;-29,69991534;-53,84176017;"SPRF-RS";"DEL09-RS";"UOP01-DEL09-RS"
400187;2021-12-06;"segunda-feira";"17:00:00";"PB";230;16;"JOAO PESSOA";"Ausência de reação do condutor";"Colisão traseira";"Com Vítimas Feridas";"Plena Noite";"Crescente";"Céu Claro";"Dupla";"Reta";"Sim";3;0;1;0;0;2;1;2;-7,10818247;-34,84352589;"SPRF-PB";"DEL01-PB";"UOP01-DEL01-PB"
400188;2021-12-06;"segunda-feira";"15:30:00";"BA";101;412;"IBIRAPITANGA";"Velocidade Incompatível";"Saída de leito carroçável";"Com Vítimas Feridas";"Pleno dia";"Crescente";"Céu Claro";"Simples";"Curva";"Não";2;0;1;0;1;0;1;1;-14,17101734;-39,32559618;"SPRF-BA";"DEL05-BA";"UOP03-DEL05-BA"
400189;2021-12-06;"segunda-feira";"16:30:00";"RJ";101;195;"CASIMIRO DE ABREU";"Condutor Dormindo";"Saída de leito carroçável";"Sem Vítimas";"Pleno dia";"Decrescente";"Chuva";"Dupla";"Reta";"Não";1;0;0;0;1;0;0;1;-22,49220783;-42,10020136;"SPRF-RJ";"DEL08-RJ";"UOP04-DEL08-RJ"
400190;2021-12-06;"segunda-feira";"17:15:00";"SC";470;64;"INDAIAL";"Área urbana sem a presença de local apropriado para a travessia de pedestres";"Atropelamento de Pedestre";"Com Vítimas Feridas";"Pleno dia";"Crescente";"Chuva";"Simples";"Reta";"Sim";4;0;1;0;3;0;1;2;-26,869867;-49,201859;"SPRF-SC";"DEL04-SC";"UOP01-DEL04-SC"
400191;2021-12-06;"segunda-feira";"17:20:00";"PR";116;45;"CAMPINA GRANDE DO SUL";"Chuva";"Saída de leito carroçável";"Com Vítimas Feridas";"Pleno dia";"Decrescente";"Chuva";"Dupla";"Aclive";"Não";3;0;1;0;2;0;1;1;-25,19502698;-48,89003802;"SPRF-PR";"DEL01-PR";"UOP02-DEL01-PR"
400192;2021-12-06;"segunda-feira";"14:40:00";"AM";174;935;"MANAUS";"Demais falhas mecânicas ou elétricas";"Incêndio";"Sem Vítimas";"Pleno dia";"Decrescente";"Céu Claro";"Simples";"Aclive";"Não";1;0;0;0;0;1;0;1;-2,527298;-60,036848;"SPRF-AM";"DEL01-AM";"UOP01-DEL01-AM"
400194;2021-12-06;"segunda-feira";"16:30:00";"ES";262;66,5;"MARECHAL FLORIANO";"Velocidade Incompatível";"Saída de leito carroçável";"Com Vítimas Feridas";"Pleno dia";"Decrescente";"Chuva";"Simples";"Em Obras;Curva";"Não";2;0;1;1;0;0;2;1;-20,41232421;-40,83191802;"SPRF-ES";"DEL01-ES";"UOP02-DEL01-ES"
400196;2021-12-06;"segunda-feira";"18:00:00";"RS";116;261;"CANOAS";"Demais falhas mecânicas ou elétricas";"Incêndio";"Sem Vítimas";"Pleno dia";"Decrescente";"Céu Claro";"Dupla";"Reta";"Sim";1;0;0;0;1;0;0;1;-29,887983;-51,17901;"SPRF-RS";"DEL01-RS";"UOP01-DEL01-RS"
400199;2021-12-06;"segunda-feira";"17:25:00";"SC";470;135,8;"RIO DO SUL";"Acessar a via sem observar a presença dos outros veículos";"Colisão transversal";"Com Vítimas Feridas";"Pleno dia";"Decrescente";"Céu Claro";"Simples";"Reta";"Não";2;0;1;0;1;0;1;2;-27,188492;-49,61232;"SPRF-SC";"DEL04-SC";"UOP02-DEL04-SC"
400200;2021-12-06;"segunda-feira";"18:55:00";"RN";101;106;"PARNAMIRIM";"Entrada inopinada do pedestre";"Atropelamento de Pedestre";"Com Vítimas Feridas";"Plena Noite";"Crescente";"Céu Claro";"Dupla";"Reta";"Sim";3;0;1;0;1;1;1;2;-5,91056401;-35,26130795;"SPRF-RN";"DEL01-RN";"UOP01-DEL01-RN"
400201;2021-12-06;"segunda-feira";"15:30:00";"MG";381;568,7;"ITAGUARA";"Velocidade Incompatível";"Saída de leito carroçável";"Com Vítimas Feridas";"Pleno dia";"Crescente";"Nublado";"Dupla";"Reta";"Não";4;0;3;1;0;0;4;1;-20,42649228;-44,54458383;"SPRF-MG";"DEL04-MG";"UOP03-DEL04-MG"
400202;2021-12-06;"segunda-feira";"19:00:00";"SC";101;203;"SAO JOSE";"Trafegar com motocicleta (ou similar) entre as faixas";"Colisão lateral mesmo sentido";"Com Vítimas Feridas";"Plena Noite";"Crescente";"Nublado";"Múltipla";"Reta";"Sim";2;0;1;0;1;0;1;2;-27,5650044;-48,61460082;"SPRF-SC";"DEL01-SC";"UOP01-DEL01-SC"
400203;2021-12-06;"segunda-feira";"18:20:00";"PB";412;96,8;"SERRA BRANCA";"Manobra de mudança de faixa";"Colisão frontal";"Com Vítimas Fatais";"Plena Noite";"Crescente";"Vento";"Simples";"Reta";"Não";3;1;1;0;1;0;1;2;-7,596476;-36,807865;"SPRF-PB";"DEL02-PB";"UOP02-DEL02-PB"
400204;2021-12-06;"segunda-feira";"17:20:00";"RR";174;500;"BOA VISTA";"Ingestão de álcool pelo condutor";"Colisão traseira";"Sem Vítimas";"Anoitecer";"Crescente";"Céu Claro";"Dupla";"Reta";"Sim";2;0;0;0;2;0;0;2;2,776633;-60,708858;"SPRF-RR";"DEL01-RR";"UOP01-DEL01-RR"
400207;2021-12-06;"segunda-feira";"17:40:00";"SC";101;145;"ITAPEMA";"Reação tardia ou ineficiente do condutor";"Tombamento";"Com Vítimas Feridas";"Pleno dia";"Decrescente";"Chuva";"Dupla";"Reta";"Sim";1;0;1;0;0;0;1;1;-27,08139206;-48,60130993;"SPRF-SC";"DEL04-SC";"UOP03-DEL04-SC"
400208;2021-09-01;"quarta-feira";"19:25:00";"MG";365;589;"ARAGUARI";"Reação tardia ou ineficiente do condutor";"Saída de leito carroçável";"Com Vítimas Feridas";"Plena Noite";"Crescente";"Céu Claro";"Simples";"Reta";"Não";7;0;6;0;1;0;6;1;-18,88216035;-48,03476866;"SPRF-MG";"DEL15-MG";"UOP02-DEL15-MG"
400210;2021-12-06;"segunda-feira";"20:30:00";"RN";406;150;"CEARA-MIRIM";"Manobra de mudança de faixa";"Colisão transversal";"Com Vítimas Feridas";"Plena Noite";"Decrescente";"Céu Claro";"Simples";"Reta";"Sim";3;0;2;0;1;0;2;2;-5,64974982;-35,43234997;"SPRF-RN";"DEL02-RN";"UOP01-DEL02-RN"
400211;2021-12-06;"segunda-feira";"21:00:00";"RS";293;18;"CAPAO DO LEAO";"Reação tardia ou ineficiente do condutor";"Saída de leito carroçável";"Com Vítimas Feridas";"Plena Noite";"Crescente";"Céu Claro";"Simples";"Reta";"Não";2;0;1;0;1;0;1;1;-31,74429721;-52,50137204;"SPRF-RS";"DEL07-RS";"UOP01-DEL07-RS"