"id";"data_inversa";"dia_semana";"horario";"uf";"br";"km";"municipio";"causa_acidente";"tipo_acidente";"classificacao_acidente";"fase_dia";"sentido_via";"condicao_metereologica";"tipo_pista";"tracado_via";"uso_solo";"pessoas";"mortos";"feridos_leves";"feridos_graves";"ilesos";"ignorados";"feridos";"veiculos";"latitude";"longitude";"regional";"delegacia";"uop"
400212;2021-12-06;"segunda-feira";"20:20:00";"RR";174;503;"BOA VISTA";"Ausência de reação do condutor";"Colisão traseira";"Sem Vítimas";"Plena Noite";"Crescente";"Ignorado";"Dupla";"Rotatória";"Sim";4;0;0;0;4;0;0;2;2,794901;-60,698441;"SPRF-RR";"DEL01-RR";"UOP01-DEL01-RR"
400214;2021-12-06;"segunda-feira";"17:00:00";"SC";282;463;"PONTE SERRADA";"Acessar a via sem observar a presença dos outros veículos";"Colisão transversal";"Com Vítimas Feridas";"Pleno dia";"Crescente";"Céu Claro";"Simples";"Rotatória";"Sim";6;0;1;0;5;0;1;2;-26,85591067;-52,03200102;"SPRF-SC";"DEL07-SC";"UOP04-DEL07-SC"
400218;2021-12-06;"segunda-feira";"16:30:00";"MA";135;61,1;"SANTA RITA";"Acessar a via sem observar a presença dos outros veículos";"Colisão lateral sentido oposto";"Com Vítimas Fatais";"Pleno dia";"Crescente";"Sol";"Simples";"Reta";"Sim";2;1;0;1;0;0;1;2;-3,06101506;-44,3210517;"SPRF-MA";"DEL01-MA";"UOP02-DEL01-MA"
400219;2021-12-06;"segunda-feira";"20:46:00";"TO";153;336,5;"GUARAI";"Pista esburacada";"Queda de ocupante de veículo";"Com Vítimas Feridas";"Plena Noite";"Decrescente";"Nublado";"Dupla";"Reta";"Sim";1;0;1;0;0;0;1;1;-8,85386;-48,508884;"SPRF-TO";"DEL02-TO";"UOP02-DEL02-TO"
400221;2021-12-06;"segunda-feira";"17:00:00";"RJ";495;7,5;"TERESOPOLIS";"Chuva";"Capotamento";"Com Vítimas Feridas";"Pleno dia";"Decrescente";"Chuva";"Simples";"Curva";"Não";1;0;0;1;0;0;1;1;-22,41594889;-43,02135091;"SPRF-RJ";"DEL04-RJ";"UOP01-DEL04-RJ"
400223;2021-12-06;"segunda-feira";"21:30:00";"MG";381;491,1;"BETIM";"Condutor usando celular";"Colisão com objeto";"Sem Vítimas";"Plena Noite";"Decrescente";"Nublado";"Dupla";"Interseção de Vias";"Sim";1;0;0;0;0;1;0;1;-19,97018187;-44,18210416;"SPRF-MG";"DEL01-MG";"UOP03-DEL01-MG"
400224;2021-12-06;"segunda-feira";"22:15:00";"ES";262;149,6;"IBATIBA";"Velocidade Incompatível";"Tombamento";"Com Vítimas Feridas";"Plena Noite";"Crescente";"Chuva";"Simples";"Curva";"Não";1;0;1;0;0;0;1;1;-20,21798822;-41,43190573;"SPRF-ES";"DEL01-ES";"UOP02-DEL01-ES"
400225;2021-12-06;"segunda-feira";"22:55:00";"SP";153;65,5;"SAO JOSE DO RIO PRETO";"Condutor Dormindo";"Saída de leito carroçável";"Com Vítimas Feridas";"Plena Noite";"Decrescente";"Céu Claro";"Dupla";"Reta";"Sim";1;0;1;0;0;0;1;1;-20,8356507;-49,36542392;"SPRF-SP";"DEL09-SP";"UOP01-DEL09-SP"
400227;2021-12-06;"segunda-feira";"22:25:00";"PE";232;13,2;"JABOATAO DOS GUARARAPES";"Demais falhas mecânicas ou elétricas";"Queda de ocupante de veículo";"Com Vítimas Feridas";"Plena Noite";"Decrescente";"Céu Claro";"Dupla";"Declive";"Não";2;0;1;0;1;0;1;1;-8,08831567;-35,01203806;"SPRF-PE";"DEL01-PE";"UOP01-DEL01-PE"
400228;2021-12-06;"segunda-feira";"21:05:00";"GO";80;407;"SAO MIGUEL DO ARAGUAIA";"Animais na Pista";"Atropelamento de Animal";"Com Vítimas Feridas";"Plena Noite";"Decrescente";"Céu Claro";"Simples";"Reta";"Não";1;0;1;0;0;0;1;1;-13;-50;"SPRF-GO";"DEL07-GO";"UOP02-DEL07-GO"
400229;2021-12-06;"segunda-feira";"22:30:00";"MT";364;252,7;"JUSCIMEIRA";"Animais na Pista";"Atropelamento de Animal";"Com Vítimas Feridas";"Plena Noite";"Decrescente";"Chuva";"Dupla";"Declive";"Não";1;0;1;0;0;0;1;1;-16,10571816;-54,86275136;"SPRF-MT";"DEL02-MT";"UOP01-DEL02-MT"
400231;2021-12-06;"segunda-feira";"23:00:00";"PR";277;342,7;"GUARAPUAVA";"Ausência de reação do condutor";"Capotamento";"Com Vítimas Feridas";"Plena Noite";"Crescente";"Nublado";"Dupla";"Reta";"Sim";1;0;1;0;0;0;1;1;-25,35809282;-51,46398515;"SPRF-PR";"DEL08-PR";"UOP01-DEL08-PR"
400233;2021-12-06;"segunda-feira";"23:55:00";"MS";163;636,7;"SAO GABRIEL DO OESTE";"Condutor Dormindo";"Colisão com objeto";"Com Vítimas Feridas";"Plena Noite";"Decrescente";"Céu Claro";"Dupla";"Curva";"Não";3;0;2;1;0;0;3;1;-19,23344442;-54,68371868;"SPRF-MS";"DEL06-MS";"UOP02-DEL06-MS"
400234;2021-12-07;"terça-feira";"01:20:00";"SC";282;50;"AGUAS MORNAS";"Velocidade Incompatível";"Saída de leito carroçável";"Com Vítimas Feridas";"Plena Noite";"Decrescente";"Chuva";"Simples";"Curva";"Não";1;0;1;0;0;0;1;1;-27,708536;-48,952251;"SPRF-SC";"DEL01-SC";"UOP03-DEL01-SC"
400235;2021-12-07;"terça-feira";"00:20:00";"PB";230;157;"CAMPINA GRANDE";"Animais na Pista";"Atropelamento de Animal";"Com Vítimas Feridas";"Plena Noite";"Decrescente";"Céu Claro";"Simples";"Interseção de Vias";"Sim";1;0;1;0;0;0;1;1;-7,25149517;-35,93381166;"SPRF-PB";"DEL02-PB";"UOP01-DEL02-PB"
400239;2021-11-12;"sexta-feira";"22:40:00";"PI";316;4;"TERESINA";"Objeto estático sobre o leito carroçável";"Colisão com objeto";"Com Vítimas Feridas";"Plena Noite";"Decrescente";"Céu Claro";"Múltipla";"Reta";"Sim";2;0;0;1;1;0;1;2;-5,13655894;-42,78900388;"SPRF-PI";"DEL01-PI";"UOP02-DEL01-PI"
400240;2021-12-07;"terça-feira";"03:10:00";"SP";116;214;"GUARULHOS";"Condutor Dormindo";"Colisão com objeto";"Com Vítimas Feridas";"Plena Noite";"Decrescente";"Céu Claro";"Múltipla";"Reta";"Sim";2;0;1;0;1;0;1;1;-23,44333014;-46,44531294;"SPRF-SP";"DEL01-SP";"UOP01-DEL01-SP"
400242;2021-12-07;"terça-feira";"03:10:00";"MS";267;34,2;"BATAGUASSU";"Pedestre andava na pista";"Atropelamento de Pedestre";"Com Vítimas Fatais";"Plena Noite";"Decrescente";"Céu Claro";"Simples";"Reta";"Não";3;1;0;0;2;0;0;2;-21,74042791;-52,46505607;"SPRF-MS";"DEL02-MS";"UOP04-DEL02-MS"
400243;2021-12-07;"terça-feira";"04:18:00";"SP";381;78,6;"SAO PAULO";"Reação tardia ou ineficiente do condutor";"Colisão com objeto";"Sem Vítimas";"Amanhecer";"Crescente";"Céu Claro";"Dupla";"Reta";"Sim";1;0;0;0;0;1;0;1;-23,39620774;-46,57355227;"SPRF-SP";"DEL03-SP";"UOP01-DEL03-SP"
400245;2021-12-06;"segunda-feira";"16:30:00";"RS";290;258,9;"CACHOEIRA DO SUL";"Demais falhas mecânicas ou elétricas";"Capotamento";"Com Vítimas Feridas";"Pleno dia";"Decrescente";"Céu Claro";"Simples";"Reta";"Não";3;0;1;0;2;0;1;1;-30,26003098;-52,8275013;"SPRF-RS";"DEL02-RS";"UOP03-DEL02-RS"
400247;2021-12-07;"terça-feira";"04:45:00";"MG";40;511,1;"RIBEIRAO DAS NEVES";"Acessar a via sem observar a presença dos outros veículos";"Atropelamento de Pedestre";"Com Vítimas Feridas";"Plena Noite";"Crescente";"Chuva";"Dupla";"Reta";"Sim";2;0;1;0;1;0;1;2;-19,78164295;-44,11733194;"SPRF-MG";"DEL01-MG";"UOP02-DEL01-MG"
400248;2021-12-07;"terça-feira";"05:55:00";"RS";101;48,8;"TERRA DE AREIA";"Demais falhas mecânicas ou elétricas";"Incêndio";"Sem Vítimas";"Pleno dia";"Crescente";"Céu Claro";"Dupla";"Reta";"Não";1;0;0;0;1;0;0;1;-29,599252;-50,080044;"SPRF-RS";"DEL03-RS";"UOP02-DEL03-RS"
400250;2021-12-07;"terça-feira";"05:40:00";"DF";40;7,4;"BRASILIA";"Manobra de mudança de faixa";"Colisão lateral mesmo sentido";"Com Vítimas Feridas";"Amanhecer";"Decrescente";"Céu Claro";"Dupla";"Reta";"Não";3;0;2;0;1;0;2;2;-16,038666;-47,979691;"SPRF-DF";"DEL01-DF";"UOP01-DEL01-DF"
400252;2021-12-07;"terça-feira";"06:20:00";"SE";235;43,5;"ITABAIANA";"Acessar a via sem observar a presença dos outros veículos";"Colisão transversal";"Com Vítimas Feridas";"Pleno dia";"Decrescente";"Céu Claro";"Simples";"Reta";"Sim";3;0;2;0;1;0;2;2;-10,761437;-37,388721;"SPRF-SE";"DEL01-SE";"UOP02-DEL01-SE"
400253;2021-12-07;"terça-feira";"06:44:00";"SP";153;63,9;"SAO JOSE DO RIO PRETO";"Reação tardia ou ineficiente do condutor";"Colisão traseira";"Com Vítimas Feridas";"Pleno dia";"Crescente";"Céu Claro";"Dupla";"Curva;Declive";"Sim";2;0;1;0;1;0;1;2;-20,82149698;-49,35764818;"SPRF-SP";"DEL09-SP";"UOP01-DEL09-SP"
400254;2021-12-07;"terça-feira";"03:00:00";"SC";282;83;"ALFREDO WAGNER";"Curva acentuada";"Saída de leito carroçável";"Com Vítimas Feridas";"Plena Noite";"Crescente";"Chuva";"Simples";"Curva;Declive";"Não";1;0;0;1;0;0;1;1;-27,666153;-49,175022;"SPRF-SC";"DEL01-SC";"UOP03-DEL01-SC"
400258;2021-10-24;"domingo";"14:10:00";"RS";448;12;"CANOAS";"Acessar a via sem observar a presença dos outros veículos";"Colisão traseira";"Com Vítimas Feridas";"Pleno dia";"Crescente";"Sol";"Dupla";"Reta";"Não";2;0;1;0;1;0;1;2;-29,914507;-51,236031;"SPRF-RS";"DEL01-RS";"UOP01-DEL01-RS"
400259;2021-12-07;"terça-feira";"06:15:00";"SC";280;30;"ARAQUARI";"Acessar a via sem observar a presença dos outros veículos";"Colisão frontal";"Com Vítimas Feridas";"Pleno dia";"Crescente";"Chuva";"Simples";"Reta";"Sim";2;0;1;0;1;0;1;2;-26,416388;-48,771286;"SPRF-SC";"DEL03-SC";"UOP03-DEL03-SC"
400260;2021-12-07;"terça-feira";"06:10:00";"CE";20;358,8;"MARANGUAPE";"Condutor Dormindo";"Saída de leito carroçável";"Com Vítimas Feridas";"Pleno dia";"Decrescente";"Céu Claro";"Simples";"Declive";"Não";5;0;4;1;0;0;5;1;-4,03936964;-38,99855442;"SPRF-CE";"DEL02-CE";"UOP01-DEL02-CE"
400262;2021-12-07;"terça-feira";"07:15:00";"MG";381;334;"BELA VISTA DE MINAS";"Chuva";"Capotamento";"Com Vítimas Feridas";"Pleno dia";"Crescente";"Chuva";"Simples";"Curva";"Não";3;0;2;0;1;0;2;1;-19,81025584;-43,06303471;"SPRF-MG";"DEL03-MG";"UOP01-DEL03-MG"
400263;2021-12-07;"terça-feira";"05:00:00";"PA";316;111;"SANTA MARIA DO PARA";"Conversão proibida";"Colisão transversal";"Com Vítimas Feridas";"Amanhecer";"Crescente";"Céu Claro";"Simples";"Curva";"Não";7;0;2;1;4;0;3;2;-1,31708992;-47,51316503;"SPRF-PA";"DEL01-PA";"UOP02-DEL01-PA"
400264;2021-12-07;"terça-feira";"06:10:00";"PA";316;105;"SANTA MARIA DO PARA";"Pedestre cruzava a pista fora da faixa";"Atropelamento de Pedestre";"Com Vítimas Feridas";"Amanhecer";"Crescente";"Ignorado";"Simples";"Reta";"Não";2;0;0;2;0;0;2;2;-1,34280151;-47,55991892;"SPRF-PA";"DEL01-PA";"UOP02-DEL01-PA"
400265;2021-12-07;"terça-feira";"07:40:00";"SC";470;126,1;"LONTRAS";"Avarias e/ou desgaste excessivo no pneu";"Colisão frontal";"Com Vítimas Feridas";"Pleno dia";"Crescente";"Céu Claro";"Simples";"Declive;Curva";"Não";3;0;2;0;1;0;2;2;-27,143742;-49,548897;"SPRF-SC";"DEL04-SC";"UOP02-DEL04-SC"
400266;2021-12-07;"terça-feira";"06:30:00";"SC";280;115,6;"SAO BENTO DO SUL";"Velocidade Incompatível";"Saída de leito carroçável";"Com Vítimas Feridas";"Pleno dia";"Decrescente";"Céu Claro";"Simples";"Reta";"Não";1;0;1;0;0;0;1;1;-26,284761;-49,408313;"SPRF-SC";"DEL06-SC";"UOP03-DEL06-SC"
400272;2021-12-07;"terça-feira";"08:50:00";"SP";116;362,5;"MIRACATU";"Velocidade Incompatível";"Capotamento";"Com Vítimas Feridas";"Pleno dia";"Crescente";"Garoa/Chuvisco";"Dupla";"Curva;Declive";"Não";2;0;1;0;1;0;1;1;-24,12752282;-47,27211177;"SPRF-SP";"DEL04-SP";"UOP02-DEL04-SP"
400273;2021-12-07;"terça-feira";"08:40:00";"BA";324;608;"SIMOES FILHO";"Avarias e/ou desgaste excessivo no pneu";"Queda de ocupante de veículo";"Com Vítimas Feridas";"Pleno dia";"Crescente";"Céu Claro";"Dupla";"Reta";"Não";1;0;1;0;0;0;1;1;-12,82435682;-38,40956658;"SPRF-BA";"DEL01-BA";"UOP01-DEL01-BA"
400274;2021-12-06;"segunda-feira";"13:30:00";"BA";324;327;"JACOBINA";"Avarias e/ou desgaste excessivo no pneu";"Capotamento";"Com Vítimas Feridas";"Pleno dia";"Decrescente";"Céu Claro";"Simples";"Ponte";"Não";2;0;0;1;1;0;1;2;-11,27663677;-40,24712491;"SPRF-BA";"DEL04-BA";"UOP02-DEL04-BA"
400277;2021-12-07;"terça-feira";"08:00:00";"PR";277;1;"FOZ DO IGUACU";"Condutor deixou de manter distância do veículo da frente";"Colisão traseira";"Com Vítimas Feridas";"Pleno dia";"Decrescente";"Céu Claro";"Dupla";"Reta";"Sim";5;0;1;0;4;0;1;4;-25,5469;-54,5882;"SPRF-PR";"DEL05-PR";"UOP03-DEL05-PR"
400280;2021-12-07;"terça-feira";"08:40:00";"RS";101;88;"OSORIO";"Condutor deixou de manter distância do veículo da frente";"Colisão traseira";"Com Vítimas Feridas";"Pleno dia";"Decrescente";"Sol";"Dupla";"Reta";"Sim";3;0;1;0;2;0;1;3;-29,890028;-50,278638;"SPRF-RS";"DEL03-RS";"UOP01-DEL03-RS"
400281;2021-12-07;"terça-feira";"08:30:00";"SP";381;54;"MAIRIPORA";"Condutor deixou de manter distância do veículo da frente";"Colisão traseira";"Com Vítimas Feridas";"Pleno dia";"Decrescente";"Garoa/Chuvisco";"Dupla";"Declive;Curva";"Não";3;0;2;0;1;0;2;2;-23,2449074;-46,59562343;"SPRF-SP";"DEL03-SP";"UOP01-DEL03-SP"
400283;2021-12-07;"terça-feira";"11:50:00";"SP";381;75;"SAO PAULO";"Pista Escorregadia";"Atropelamento de Pedestre";"Com Vítimas Feridas";"Pleno dia";"Decrescente";"Chuva";"Múltipla";"Curva";"Não";2;0;1;0;1;0;1;2;-23,37660089;-46,56409613;"SPRF-SP";"DEL03-SP";"UOP01-DEL03-SP"
400285;2021-12-07;"terça-feira";"07:45:00";"CE";116;501;"BREJO SANTO";"Manobra de mudança de faixa";"Colisão lateral mesmo sentido";"Com Vítimas Feridas";"Pleno dia";"Decrescente";"Céu Claro";"Simples";"Reta";"Sim";3;0;1;0;2;0;1;2;-7,45382915;-38,97311755;"SPRF-CE";"DEL05-CE";"UOP03-DEL05-CE"
400287;2021-12-07;"terça-feira";"10:10:00";"CE";116;19;"EUSEBIO";"Acessar a via sem observar a presença dos outros veículos";"Colisão transversal";"Com Vítimas Feridas";"Pleno dia";"Decrescente";"Céu Claro";"Dupla";"Retorno Regulamentado;Reta";"Sim";2;0;1;0;1;0;1;2;-3,91776126;-38,50674933;"SPRF-CE";"DEL01-CE";"UOP02-DEL01-CE"
400288;2021-12-07;"terça-feira";"10:30:00";"PE";407;124;"PETROLINA";"Desrespeitar a preferência no cruzamento";"Colisão transversal";"Com Vítimas Feridas";"Pleno dia";"Decrescente";"Céu Claro";"Dupla";"Rotatória";"Sim";2;0;0;1;1;0;1;2;-9,37528229;-40,53777348;"SPRF-PE";"DEL06-PE";"UOP01-DEL06-PE"
400289;2021-12-07;"terça-feira";"06:50:00";"SC";282;551,5;"NOVA ITABERABA";"Mal súbito do condutor";"Colisão com objeto";"Com Vítimas Feridas";"Pleno dia";"Crescente";"Sol";"Simples";"Curva";"Não";1;0;1;0;0;0;1;1;-26,951487;-52,778172;"SPRF-SC";"DEL07-SC";"UOP01-DEL07-SC"
400290;2021-12-07;"terça-feira";"10:45:00";"SP";116;228;"GUARULHOS";"Demais falhas mecânicas ou elétricas";"Tombamento";"Com Vítimas Feridas";"Pleno dia";"Decrescente";"Chuva";"Múltipla";"Reta";"Sim";1;0;1;0;0;0;1;1;-23,50343484;-46,56638712;"SPRF-SP";"DEL01-SP";"UOP01-DEL01-SP"
400292;2021-12-07;"terça-feira";"07:45:00";"SP";116;223,7;"GUARULHOS";"Manobra de mudança de faixa";"Colisão lateral mesmo sentido";"Com Vítimas Feridas";"Pleno dia";"Crescente";"Nublado";"Múltipla";"Reta";"Sim";2;0;0;1;1;0;1;2;-23,47559815;-46,5246609;"SPRF-SP";"DEL01-SP";"UOP01-DEL01-SP"
400293;2021-12-07;"terça-feira";"11:20:00";"SP";116;225;"GUARULHOS";"Manobra de mudança de faixa";"Colisão lateral mesmo sentido";"Sem Vítimas";"Pleno dia";"Decrescente";"Garoa/Chuvisco";"Múltipla";"Reta";"Sim";3;0;0;0;3;0;0;3;-23,48586772;-46,54075317;"SPRF-SP";"DEL01-SP";"UOP01-DEL01-SP"
400294;2021-12-07;"terça-feira";"11:00:00";"GO";60;258,8;"INDIARA";"Manobra de mudança de faixa";"Colisão traseira";"Com Vítimas Feridas";"Pleno dia";"Decrescente";"Céu Claro";"Dupla";"Aclive;Reta";"Não";2;0;2;0;0;0;2;2;-17,1553;-50,0272;"SPRF-GO";"DEL01-GO";"UOP02-DEL01-GO"
400295;2021-12-07;"terça-feira";"09:40:00";"SP";116;0;"GUARULHOS";"Avarias e/ou desgaste excessivo no pneu";"Colisão lateral mesmo sentido";"Sem Vítimas";"Pleno dia";"Crescente";"Chuva";"Múltipla";"Reta";"Sim";2;0;0;0;2;0;0;2;-23,45812853;-46,49079323;"SPRF-SP";"DEL01-SP";"UOP01-DEL01-SP"
400296;2021-12-07;"terça-feira";"11:30:00";"PR";373;182,3;"PONTA GROSSA";"Acessar a via sem observar a presença dos outros veículos";"Colisão traseira";"Sem Vítimas";"Pleno dia";"Decrescente";"Céu Claro";"Simples";"Reta";"Não";2;0;0;0;2;0;0;2;-25,04193864;-50,26741587;"SPRF-PR";"DEL03-PR";"UOP01-DEL03-PR"
400299;2021-12-07;"terça-feira";"11:15:00";"SP";381;75;"SAO PAULO";"Velocidade Incompatível";"Colisão com objeto";"Com Vítimas Feridas";"Pleno dia";"Decrescente";"Chuva";"Múltipla";"Curva";"Não";1;0;1;0;0;0;1;1;-23,37660089;-46,56409613;"SPRF-SP";"DEL03-SP";"UOP01-DEL03-SP"
400302;2021-11-13;"sábado";"10:00:00";"PI";343;79,1;"CAXINGO";"Pista esburacada";"Saída de leito carroçável";"Com Vítimas Feridas";"Pleno dia";"Crescente";"Sol";"Simples";"Reta";"Não";7;0;1;1;5;0;2;1;-3,398202;-41,737488;"SPRF-PI";"DEL05-PI";"UOP01-DEL05-PI"
400304;2021-12-07;"terça-feira";"12:05:00";"MG";381;564;"ITAGUARA";"Entrada inopinada do pedestre";"Atropelamento de Pedestre";"Com Vítimas Feridas";"Pleno dia";"Crescente";"Nublado";"Dupla";"Reta";"Sim";3;0;0;1;1;1;1;2;-20,40450975;-44,51780716;"SPRF-MG";"DEL04-MG";"UOP03-DEL04-MG"
400306;2021-12-07;"terça-feira";"12:30:00";"SP";116;158;"JACAREI";"Demais falhas mecânicas ou elétricas";"Queda de ocupante de veículo";"Com Vítimas Feridas";"Pleno dia";"Decrescente";"Nublado";"Dupla";"Reta";"Sim";1;0;1;0;0;0;1;1;-23,26072137;-45,95179176;"SPRF-SP";"DEL02-SP";"UOP01-DEL02-SP"
400307;2021-12-07;"terça-feira";"12:40:00";"MG";381;452,2;"SABARA";"Ultrapassagem Indevida";"Colisão lateral mesmo sentido";"Com Vítimas Feridas";"Pleno dia";"Crescente";"Nublado";"Simples";"Reta";"Sim";2;0;1;0;1;0;1;2;-19,834378;-43,858281;"SPRF-MG";"DEL01-MG";"UOP01-DEL01-MG"
400309;2021-12-07;"terça-feira";"10:30:00";"BA";116;533;"ITATIM";"Condutor deixou de manter distância do veículo da frente";"Colisão traseira";"Com Vítimas Feridas";"Pleno dia";"Crescente";"Céu Claro";"Simples";"Reta";"Não";3;0;1;0;2;0;1;2;-12,76346895;-39,80607807;"SPRF-BA";"DEL03-BA";"UOP02-DEL03-BA"
400312;2021-12-07;"terça-feira";"10:30:00";"SC";153;58,7;"IRANI";"Acessar a via sem observar a presença dos outros veículos";"Colisão transversal";"Com Vítimas Feridas";"Pleno dia";"Decrescente";"Céu Claro";"Simples";"Interseção de Vias";"Não";3;0;2;0;1;0;2;2;-26,964373;-51,841362;"SPRF-SC";"DEL07-SC";"UOP04-DEL07-SC"
400313;2021-12-07;"terça-feira";"13:30:00";"ES";101;264,3;"SERRA";"Condutor desrespeitou a iluminação vermelha do semáforo";"Colisão transversal";"Com Vítimas Feridas";"Pleno dia";"Crescente";"Chuva";"Múltipla";"Interseção de Vias";"Sim";3;0;2;0;1;0;2;2;-20,17292791;-40,26736384;"SPRF-ES";"DEL02-ES";"UOP01-DEL02-ES"
400315;2021-12-07;"terça-feira";"12:30:00";"SC";163;75,8;"GUARACIABA";"Reação tardia ou ineficiente do condutor";"Saída de leito carroçável";"Com Vítimas Feridas";"Pleno dia";"Crescente";"Céu Claro";"Simples";"Reta";"Não";2;0;1;0;0;1;1;2;-26,69161825;-53,51476908;"SPRF-SC";"DEL07-SC";"UOP03-DEL07-SC"
400316;2021-12-07;"terça-feira";"13:00:00";"PR";369;185;"ARAPONGAS";"Ultrapassagem Indevida";"Colisão transversal";"Com Vítimas Feridas";"Pleno dia";"Crescente";"Céu Claro";"Simples";"Reta";"Sim";2;0;1;0;1;0;1;2;-23,415112;-51,4271369;"SPRF-PR";"DEL07-PR";"UOP02-DEL07-PR"
400318;2021-12-07;"terça-feira";"12:15:00";"RS";285;123;"VACARIA";"Transitar na contramão";"Colisão transversal";"Com Vítimas Feridas";"Pleno dia";"Decrescente";"Céu Claro";"Simples";"Interseção de Vias";"Sim";2;0;1;0;1;0;1;2;-28,49896535;-50,95145468;"SPRF-RS";"DEL05-RS";"UOP03-DEL05-RS"
400320;2021-12-07;"terça-feira";"08:25:00";"MG";116;779,6;"LEOPOLDINA";"Retorno proibido";"Colisão transversal";"Com Vítimas Feridas";"Pleno dia";"Crescente";"Céu Claro";"Simples";"Curva";"Não";2;0;2;0;0;0;2;2;-21,60837977;-42,69596393;"SPRF-MG";"DEL07-MG";"UOP01-DEL07-MG"
400321;2021-12-07;"terça-feira";"14:44:00";"BA";135;170;"BARREIRAS";"Pista Escorregadia";"Tombamento";"Com Vítimas Feridas";"Pleno dia";"Decrescente";"Chuva";"Dupla";"Reta";"Não";1;0;0;1;0;0;1;1;-12,08928691;-44,97287725;"SPRF-BA";"DEL10-BA";"UOP01-DEL10-BA"
400322;2021-12-07;"terça-feira";"13:45:00";"RS";285;336,9;"CARAZINHO";"Transitar na contramão";"Colisão frontal";"Com Vítimas Fatais";"Pleno dia";"Crescente";"Sol";"Simples";"Em Obras";"Sim";2;1;1;0;0;0;1;2;-28,31855835;-52,76564956;"SPRF-RS";"DEL08-RS";"UOP03-DEL08-RS"
400323;2021-12-07;"terça-feira";"13:55:00";"GO";50;312,5;"CUMARI";"Velocidade Incompatível";"Colisão com objeto";"Com Vítimas Feridas";"Pleno dia";"Crescente";"Chuva";"Dupla";"Reta";"Não";1;0;1;0;0;0;1;1;-18,4142;-48,0818;"SPRF-GO";"DEL06-GO";"UOP01-DEL06-GO"
400325;2021-11-15;"segunda-feira";"20:50:00";"MA";135;2;"SAO LUIS";"Ultrapassagem Indevida";"Colisão traseira";"Com Vítimas Feridas";"Plena Noite";"Decrescente";"Céu Claro";"Dupla";"Reta";"Sim";2;0;0;1;1;0;1;2;-2,59806699;-44,24573511;"SPRF-MA";"DEL01-MA";"UOP01-DEL01-MA"
400326;2021-12-07;"terça-feira";"14:20:00";"PR";476;177;"CONTENDA";"Reação tardia ou ineficiente do condutor";"Saída de leito carroçável";"Com Vítimas Feridas";"Pleno dia";"Crescente";"Céu Claro";"Múltipla";"Reta";"Não";1;0;1;0;0;0;1;1;-25,696129;-49,563389;"SPRF-PR";"DEL01-PR";"UOP03-DEL01-PR"
400327;2021-12-04;"sábado";"02:00:00";"PR";376;340;"ORTIGUEIRA";"Demais Fenômenos da natureza";"Queda de ocupante de veículo";"Com Vítimas Feridas";"Plena Noite";"Crescente";"Céu Claro";"Simples";"Reta";"Não";2;0;1;0;1;0;1;1;-24,172815;-50,966601;"SPRF-PR";"DEL07-PR";"UOP02-DEL07-PR"
400329;2021-12-07;"terça-feira";"15:00:00";"GO";60;181,8;"ABADIA DE GOIAS";"Demais falhas mecânicas ou elétricas";"Queda de ocupante de veículo";"Com Vítimas Feridas";"Pleno dia";"Crescente";"Céu Claro";"Dupla";"Aclive;Reta";"Não";1;0;1;0;0;0;1;1;-16,789244;-49,501121;"SPRF-GO";"DEL01-GO";"UOP02-DEL01-GO"
400332;2021-12-07;"terça-feira";"13:30:00";"RO";364;980;"PORTO VELHO";"Retorno proibido";"Colisão lateral sentido oposto";"Com Vítimas Feridas";"Pleno dia";"Crescente";"Céu Claro";"Simples";"Reta";"Sim";2;0;0;1;1;0;1;2;-9,66272176;-65,77875302;"SPRF-RO";"DEL01-RO";"UOP03-DEL01-RO"
400334;2021-12-07;"terça-feira";"15:20:00";"RS";386;412,3;"MONTENEGRO";"Manobra de mudança de faixa";"Colisão lateral mesmo sentido";"Com Vítimas Feridas";"Pleno dia";"Decrescente";"Céu Claro";"Dupla";"Reta";"Sim";5;0;1;0;2;2;1;3;-29,8099907;-51,49732059;"SPRF-RS";"DEL04-RS";"UOP02-DEL04-RS"
400335;2021-12-07;"terça-feira";"15:25:00";"PR";476;132;"CURITIBA";"Pedestre cruzava a pista fora da faixa";"Atropelamento de Pedestre";"Com Vítimas Feridas";"Pleno dia";"Decrescente";"Nublado";"Múltipla";"Reta";"Sim";2;0;1;0;0;1;1;2;-25,460718;-49,250488;"SPRF-PR";"DEL01-PR";"UOP03-DEL01-PR"
400336;2021-12-07;"terça-feira";"14:40:00";"RJ";40;119;"DUQUE DE CAXIAS";"Chuva";"Colisão traseira";"Sem Vítimas";"Pleno dia";"Decrescente";"Chuva";"Múltipla";"Reta";"Não";2;0;0;0;2;0;0;2;-22,76375592;-43,28683062;"SPRF-RJ";"DEL01-RJ";"UOP01-DEL01-RJ"
400338;2021-12-07;"terça-feira";"13:35:00";"GO";60;112,5;"GOIANAPOLIS";"Chuva";"Capotamento";"Sem Vítimas";"Pleno dia";"Crescente";"Chuva";"Dupla";"Aclive";"Não";2;0;0;0;2;0;0;1;-16,4511;-49,0498;"SPRF-GO";"DEL01-GO";"UOP01-DEL01-GO"