"id";"data_inversa";"dia_semana";"horario";"uf";"br";"km";"municipio";"causa_acidente";"tipo_acidente";"classificacao_acidente";"fase_dia";"sentido_via";"condicao_metereologica";"tipo_pista";"tracado_via";"uso_solo";"pessoas";"mortos";"feridos_leves";"feridos_graves";"ilesos";"ignorados";"feridos";"veiculos";"latitude";"longitude";"regional";"delegacia";"uop"
400341;2021-12-07;"terça-feira";"15:10:00";"PR";277;6,8;"PARANAGUA";"Acessar a via sem observar a presença dos outros veículos";"Colisão transversal";"Sem Vítimas";"Pleno dia";"Crescente";"Nublado";"Simples";"Interseção de Vias";"Sim";2;0;0;0;2;0;0;2;-25,5205;-48,5095;"SPRF-PR";"DEL01-PR";"UOP05-DEL01-PR"
400342;2021-12-07;"terça-feira";"15:15:00";"PR";163;283;"MARECHAL CANDIDO RONDON";"Condutor deixou de manter distância do veículo da frente";"Colisão traseira";"Com Vítimas Feridas";"Pleno dia";"Crescente";"Céu Claro";"Dupla";"Curva";"Sim";2;0;1;0;1;0;1;2;-24,57864514;-53,99236214;"SPRF-PR";"DEL06-PR";"UOP02-DEL06-PR"
400343;2021-12-07;"terça-feira";"15:15:00";"RO";364;199,3;"PIMENTA BUENO";"Velocidade Incompatível";"Colisão traseira";"Com Vítimas Feridas";"Pleno dia";"Decrescente";"Sol";"Simples";"Reta";"Sim";2;0;1;0;1;0;1;2;-11,658202;-61,191729;"SPRF-RO";"DEL02-RO";"UOP02-DEL02-RO"
400344;2021-07-26;"segunda-feira";"08:19:00";"BA";116;822,4;"VITORIA DA CONQUISTA";"Condutor deixou de manter distância do veículo da frente";"Queda de ocupante de veículo";"Com Vítimas Feridas";"Pleno dia";"Decrescente";"Céu Claro";"Dupla";"Interseção de Vias";"Sim";2;0;0;1;0;1;1;2;-14,84240327;-40,84605783;"SPRF-BA";"DEL08-BA";"UOP01-DEL08-BA"
400345;2021-12-07;"terça-feira";"14:35:00";"PE";232;408,4;"SERRA TALHADA";"Desrespeitar a preferência no cruzamento";"Colisão transversal";"Com Vítimas Feridas";"Pleno dia";"Crescente";"Céu Claro";"Simples";"Interseção de Vias";"Sim";2;0;0;1;1;0;1;2;-7,98371447;-38,28047709;"SPRF-PE";"DEL04-PE";"UOP01-DEL04-PE"
400346;2021-11-17;"quarta-feira";"17:45:00";"MG";116;637,3;"DIVINO";"Desrespeitar a preferência no cruzamento";"Colisão transversal";"Com Vítimas Feridas";"Pleno dia";"Crescente";"Céu Claro";"Simples";"Interseção de Vias;Reta;Declive";"Não";2;0;0;1;1;0;1;2;-20,6236239;-42,2214908;"SPRF-MG";"DEL07-MG";"UOP03-DEL07-MG"
400347;2021-12-07;"terça-feira";"14:55:00";"PR";116;38;"CAMPINA GRANDE DO SUL";"Chuva";"Colisão com objeto";"Com Vítimas Feridas";"Pleno dia";"Decrescente";"Chuva";"Dupla";"Curva";"Não";1;0;1;0;0;0;1;1;-25,14802509;-48,85922071;"SPRF-PR";"DEL01-PR";"UOP02-DEL01-PR"
400348;2021-12-07;"terça-feira";"14:45:00";"SP";116;270;"TABOAO DA SERRA";"Ausência de reação do condutor";"Queda de ocupante de veículo";"Com Vítimas Feridas";"Pleno dia";"Crescente";"Nublado";"Dupla";"Reta";"Sim";1;0;1;0;0;0;1;1;-23,61799728;-46,79677694;"SPRF-SP";"DEL04-SP";"UOP01-DEL04-SP"
400351;2021-12-02;"quinta-feira";"11:44:00";"TO";230;1;"AGUIARNOPOLIS";"Reação tardia ou ineficiente do condutor";"Colisão frontal";"Sem Vítimas";"Pleno dia";"Decrescente";"Céu Claro";"Simples";"Aclive";"Sim";3;0;0;0;3;0;0;2;-6,56184592;-47,46741502;"SPRF-TO";"DEL02-TO";"UOP03-DEL02-TO"
400352;2021-12-07;"terça-feira";"16:30:00";"RJ";101;441;"MANGARATIBA";"Velocidade Incompatível";"Saída de leito carroçável";"Com Vítimas Feridas";"Pleno dia";"Crescente";"Chuva";"Simples";"Reta";"Não";1;0;1;0;0;0;1;1;-22,96841237;-44,08445705;"SPRF-RJ";"DEL03-RJ";"UOP03-DEL03-RJ"
400353;2021-12-07;"terça-feira";"17:00:00";"MG";40;20;"PARACATU";"Velocidade Incompatível";"Saída de leito carroçável";"Com Vítimas Feridas";"Pleno dia";"Crescente";"Nublado";"Simples";"Curva";"Não";4;0;2;1;1;0;3;1;-17,10894114;-47,00908295;"SPRF-MG";"DEL14-MG";"UOP01-DEL14-MG"
400355;2021-12-07;"terça-feira";"14:35:00";"PR";277;717,5;"SANTA TEREZINHA DE ITAIPU";"Ausência de reação do condutor";"Colisão traseira";"Com Vítimas Feridas";"Pleno dia";"Decrescente";"Céu Claro";"Dupla";"Aclive";"Não";4;0;1;0;2;1;1;3;-25,47637493;-54,47651902;"SPRF-PR";"DEL05-PR";"UOP01-DEL05-PR"
400357;2021-12-07;"terça-feira";"17:10:00";"SC";101;144;"ITAPEMA";"Ausência de reação do condutor";"Colisão traseira";"Com Vítimas Feridas";"Pleno dia";"Decrescente";"Céu Claro";"Dupla";"Reta";"Sim";2;0;1;0;1;0;1;2;-27,0732659;-48,59672716;"SPRF-SC";"DEL04-SC";"UOP03-DEL04-SC"
400358;2021-12-07;"terça-feira";"08:15:00";"SC";153;20,4;"AGUA DOCE";"Velocidade Incompatível";"Capotamento";"Com Vítimas Feridas";"Pleno dia";"Decrescente";"Céu Claro";"Simples";"Reta";"Não";1;0;1;0;0;0;1;1;-26,721537;-51,624969;"SPRF-SC";"DEL07-SC";"UOP05-DEL07-SC"
400359;2021-12-07;"terça-feira";"17:45:00";"DF";40;0,8;"BRASILIA";"Condutor deixou de manter distância do veículo da frente";"Colisão traseira";"Com Vítimas Feridas";"Pleno dia";"Crescente";"Céu Claro";"Dupla";"Reta";"Sim";2;0;0;1;1;0;1;2;-15,976897;-47,990129;"SPRF-DF";"DEL01-DF";"UOP01-DEL01-DF"
400361;2021-12-07;"terça-feira";"15:00:00";"PR";277;588;"CASCAVEL";"Acessar a via sem observar a presença dos outros veículos";"Colisão transversal";"Com Vítimas Feridas";"Pleno dia";"Decrescente";"Céu Claro";"Simples";"Reta";"Sim";2;0;1;0;1;0;1;2;-24,97369293;-53,43816604;"SPRF-PR";"DEL04-PR";"UOP01-DEL04-PR"
400362;2021-12-07;"terça-feira";"17:10:00";"SC";470;58,3;"BLUMENAU";"Ausência de reação do condutor";"Colisão transversal";"Com Vítimas Feridas";"Pleno dia";"Decrescente";"Céu Claro";"Simples";"Retorno Regulamentado";"Não";2;0;0;1;1;0;1;2;-26,883879;-49,145622;"SPRF-SC";"DEL04-SC";"UOP01-DEL04-SC"
400363;2021-12-07;"terça-feira";"18:40:00";"GO";153;508;"APARECIDA DE GOIANIA";"Manobra de mudança de faixa";"Colisão lateral mesmo sentido";"Com Vítimas Feridas";"Anoitecer";"Crescente";"Nublado";"Dupla";"Reta";"Sim";2;0;1;0;1;0;1;2;-16,7804;-49,2371;"SPRF-GO";"DEL01-GO";"UOP03-DEL01-GO"
400364;2021-12-07;"terça-feira";"16:30:00";"RJ";101;452;"MANGARATIBA";"Condutor deixou de manter distância do veículo da frente";"Colisão traseira";"Sem Vítimas";"Pleno dia";"Decrescente";"Chuva";"Simples";"Reta";"Não";2;0;0;0;2;0;0;2;-23,03179764;-44,13196391;"SPRF-RJ";"DEL03-RJ";"UOP03-DEL03-RJ"
400365;2021-07-19;"segunda-feira";"21:30:00";"RJ";493;6;"ITABORAI";"Obras na pista";"Queda de ocupante de veículo";"Com Vítimas Feridas";"Plena Noite";"Crescente";"Ignorado";"Simples";"Reta";"Sim";2;0;1;1;0;0;2;1;-22,76298238;-42,92727605;"SPRF-RJ";"DEL02-RJ";"UOP02-DEL02-RJ"
400366;2021-12-07;"terça-feira";"18:10:00";"SC";101;108,7;"PENHA";"Demais falhas mecânicas ou elétricas";"Queda de ocupante de veículo";"Com Vítimas Feridas";"Pleno dia";"Crescente";"Sol";"Dupla";"Reta";"Não";2;0;2;0;0;0;2;1;-26,82606902;-48,69052298;"SPRF-SC";"DEL03-SC";"UOP02-DEL03-SC"
400367;2021-12-07;"terça-feira";"18:45:00";"RJ";356;150;"CAMPOS DOS GOYTACAZES";"Iluminação deficiente";"Colisão transversal";"Sem Vítimas";"Plena Noite";"Crescente";"Chuva";"Simples";"Curva";"Sim";2;0;0;0;2;0;0;2;-21,76605928;-41,27368309;"SPRF-RJ";"DEL08-RJ";"UOP02-DEL08-RJ"
400368;2021-12-07;"terça-feira";"17:45:00";"PR";369;187,4;"ARAPONGAS";"Reação tardia ou ineficiente do condutor";"Colisão transversal";"Com Vítimas Feridas";"Pleno dia";"Decrescente";"Céu Claro";"Simples";"Reta";"Sim";2;0;1;0;1;0;1;2;-23,426911;-51,423288;"SPRF-PR";"DEL07-PR";"UOP02-DEL07-PR"
400369;2021-12-07;"terça-feira";"18:10:00";"SC";101;202;"SAO JOSE";"Reação tardia ou ineficiente do condutor";"Colisão traseira";"Com Vítimas Feridas";"Anoitecer";"Crescente";"Nublado";"Múltipla";"Reta";"Sim";2;0;1;1;0;0;2;2;-27,55711595;-48,61897889;"SPRF-SC";"DEL01-SC";"UOP01-DEL01-SC"
400370;2021-12-07;"terça-feira";"17:38:00";"RO";174;14;"VILHENA";"Acessar a via sem observar a presença dos outros veículos";"Colisão transversal";"Com Vítimas Feridas";"Anoitecer";"Crescente";"Céu Claro";"Simples";"Interseção de Vias";"Sim";2;0;1;0;1;0;1;2;-12,73626681;-60,13075948;"SPRF-RO";"DEL04-RO";"UOP01-DEL04-RO"
400371;2021-12-07;"terça-feira";"18:25:00";"RS";290;104;"PORTO ALEGRE";"Manobra de mudança de faixa";"Colisão lateral mesmo sentido";"Com Vítimas Feridas";"Anoitecer";"Crescente";"Céu Claro";"Dupla";"Reta";"Não";2;0;1;0;1;0;1;2;-29,993122;-51,275398;"SPRF-RS";"DEL02-RS";"UOP01-DEL02-RS"
400372;2021-12-07;"terça-feira";"06:40:00";"ES";259;55;"COLATINA";"Condutor deixou de manter distância do veículo da frente";"Colisão traseira";"Com Vítimas Feridas";"Pleno dia";"Crescente";"Sol";"Dupla";"Aclive";"Não";2;0;1;0;1;0;1;2;-19,49728877;-40,64565003;"SPRF-ES";"DEL02-ES";"UOP01-DEL02-ES"
400373;2021-12-07;"terça-feira";"14:30:00";"PR";376;196,5;"MARIALVA";"Reação tardia ou ineficiente do condutor";"Queda de ocupante de veículo";"Com Vítimas Feridas";"Pleno dia";"Crescente";"Céu Claro";"Dupla";"Reta";"Não";2;0;1;1;0;0;2;1;-23,50026007;-51,76384001;"SPRF-PR";"DEL09-PR";"UOP01-DEL09-PR"
400374;2021-12-07;"terça-feira";"18:15:00";"PA";10;40,5;"ULIANOPOLIS";"Demais falhas mecânicas ou elétricas";"Saída de leito carroçável";"Com Vítimas Feridas";"Plena Noite";"Crescente";"Céu Claro";"Simples";"Aclive";"Não";3;0;1;0;2;0;1;1;-4,10014105;-47,54617441;"SPRF-PA";"DEL02-PA";"UOP02-DEL02-PA"
400376;2021-12-07;"terça-feira";"18:15:00";"CE";116;9;"FORTALEZA";"Frear bruscamente";"Tombamento";"Sem Vítimas";"Plena Noite";"Crescente";"Céu Claro";"Múltipla";"Reta";"Sim";1;0;0;0;1;0;0;1;-3,82779096;-38,50486117;"SPRF-CE";"DEL01-CE";"UOP02-DEL01-CE"
400377;2021-12-07;"terça-feira";"19:50:00";"DF";40;0,5;"BRASILIA";"Ausência de reação do condutor";"Colisão traseira";"Com Vítimas Feridas";"Plena Noite";"Crescente";"Nublado";"Dupla";"Reta";"Sim";2;0;1;0;1;0;1;2;-15,976897;-47,990129;"SPRF-DF";"DEL01-DF";"UOP01-DEL01-DF"
400378;2021-08-28;"sábado";"18:15:00";"MS";163;26;"MUNDO NOVO";"Acessar a via sem observar a presença dos outros veículos";"Colisão transversal";"Com Vítimas Feridas";"Plena Noite";"Crescente";"Céu Claro";"Simples";"Reta";"Não";2;0;1;0;1;0;1;2;-23,88211103;-54,31859604;"SPRF-MS";"DEL09-MS";"UOP02-DEL09-MS"
400379;2021-12-07;"terça-feira";"18:50:00";"PR";116;96;"SAO JOSE DOS PINHAIS";"Ausência de reação do condutor";"Colisão com objeto";"Sem Vítimas";"Plena Noite";"Crescente";"Nublado";"Múltipla";"Reta";"Sim";1;0;0;0;0;1;0;1;-25,504848;-49,123226;"SPRF-PR";"DEL01-PR";"UOP01-DEL01-PR"
400381;2021-12-07;"terça-feira";"10:46:00";"PE";423;59,2;"LAJEDO";"Acessar a via sem observar a presença dos outros veículos";"Colisão lateral mesmo sentido";"Com Vítimas Feridas";"Pleno dia";"Decrescente";"Céu Claro";"Simples";"Reta";"Sim";2;0;0;1;0;1;1;2;-8,64676387;-36,31558317;"SPRF-PE";"DEL03-PE";"UOP01-DEL03-PE"
400382;2021-12-07;"terça-feira";"18:15:00";"MS";463;75,5;"PONTA PORA";"Ausência de reação do condutor";"Saída de leito carroçável";"Com Vítimas Feridas";"Anoitecer";"Crescente";"Céu Claro";"Simples";"Reta";"Não";2;0;1;0;1;0;1;2;-22,49753431;-55,43273774;"SPRF-MS";"DEL04-MS";"UOP03-DEL04-MS"
400383;2021-12-07;"terça-feira";"19:00:00";"RS";472;177,1;"SANTA ROSA";"Reação tardia ou ineficiente do condutor";"Colisão transversal";"Sem Vítimas";"Anoitecer";"Decrescente";"Céu Claro";"Simples";"Reta";"Sim";3;0;0;0;3;0;0;2;-27,85432363;-54,52952598;"SPRF-RS";"DEL10-RS";"UOP01-DEL10-RS"
400384;2021-12-07;"terça-feira";"20:25:00";"SE";235;60,9;"ITABAIANA";"Transitar na contramão";"Colisão frontal";"Com Vítimas Fatais";"Plena Noite";"Decrescente";"Céu Claro";"Simples";"Curva";"Não";5;2;2;1;0;0;3;2;-10,626542;-37,463253;"SPRF-SE";"DEL01-SE";"UOP02-DEL01-SE"
400385;2021-12-07;"terça-feira";"20:15:00";"RN";406;163,8;"SAO GONCALO DO AMARANTE";"Frear bruscamente";"Colisão traseira";"Com Vítimas Feridas";"Plena Noite";"Decrescente";"Céu Claro";"Simples";"Reta";"Não";2;0;1;0;1;0;1;2;-5,73527201;-35,35543901;"SPRF-RN";"DEL02-RN";"UOP01-DEL02-RN"
400386;2021-12-07;"terça-feira";"20:15:00";"RN";405;1,2;"MOSSORO";"Velocidade Incompatível";"Colisão com objeto";"Com Vítimas Feridas";"Plena Noite";"Crescente";"Céu Claro";"Dupla";"Reta";"Sim";1;0;1;0;0;0;1;1;-5,19170196;-37,361471;"SPRF-RN";"DEL04-RN";"UOP02-DEL04-RN"
400388;2021-12-07;"terça-feira";"18:05:00";"RJ";116;95;"GUAPIMIRIM";"Pista Escorregadia";"Tombamento";"Com Vítimas Feridas";"Anoitecer";"Crescente";"Chuva";"Simples";"Declive;Curva";"Não";1;0;1;0;0;0;1;1;-22,47374702;-43,00117923;"SPRF-RJ";"DEL04-RJ";"UOP02-DEL04-RJ"
400389;2021-12-07;"terça-feira";"17:10:00";"PR";376;592;"CURITIBA";"Reação tardia ou ineficiente do condutor";"Colisão transversal";"Com Vítimas Feridas";"Pleno dia";"Crescente";"Céu Claro";"Dupla";"Reta";"Sim";2;0;1;0;0;1;1;2;-25,46833525;-49,35524543;"SPRF-PR";"DEL01-PR";"UOP01-DEL01-PR"
400390;2021-12-07;"terça-feira";"19:55:00";"SC";101;118,8;"ITAJAI";"Reação tardia ou ineficiente do condutor";"Tombamento";"Com Vítimas Feridas";"Plena Noite";"Decrescente";"Ignorado";"Múltipla";"Reta";"Não";2;0;1;1;0;0;2;1;-26,895859;-48,71903;"SPRF-SC";"DEL04-SC";"UOP04-DEL04-SC"
400391;2021-12-07;"terça-feira";"20:50:00";"MG";40;553;"NOVA LIMA";"Chuva";"Saída de leito carroçável";"Com Vítimas Feridas";"Plena Noite";"Crescente";"Chuva";"Dupla";"Curva";"Sim";1;0;1;0;0;0;1;1;-20,06863326;-43,98194759;"SPRF-MG";"DEL01-MG";"UOP02-DEL01-MG"
400395;2021-12-07;"terça-feira";"18:00:00";"RS";470;175;"VERANOPOLIS";"Acessar a via sem observar a presença dos outros veículos";"Colisão transversal";"Com Vítimas Feridas";"Anoitecer";"Decrescente";"Céu Claro";"Simples";"Reta";"Sim";2;0;1;0;1;0;1;2;-28,91926201;-51,53914905;"SPRF-RS";"DEL06-RS";"UOP02-DEL06-RS"
400396;2021-12-07;"terça-feira";"19:40:00";"PR";376;4,7;"MANDAGUARI";"Reação tardia ou ineficiente do condutor";"Atropelamento de Pedestre";"Com Vítimas Feridas";"Plena Noite";"Crescente";"Céu Claro";"Simples";"Interseção de Vias";"Sim";2;0;1;0;0;1;1;2;-23,52151;-51,67944;"SPRF-PR";"DEL09-PR";"UOP01-DEL09-PR"
400398;2021-12-07;"terça-feira";"21:45:00";"PR";116;44,3;"CAMPINA GRANDE DO SUL";"Velocidade Incompatível";"Saída de leito carroçável";"Com Vítimas Feridas";"Plena Noite";"Crescente";"Chuva";"Dupla";"Curva";"Não";2;0;1;0;1;0;1;1;-25,1882321;-48,88492529;"SPRF-PR";"DEL01-PR";"UOP02-DEL01-PR"
400400;2021-12-07;"terça-feira";"19:50:00";"AC";364;138;"RIO BRANCO";"Acessar a via sem observar a presença dos outros veículos";"Colisão lateral mesmo sentido";"Com Vítimas Feridas";"Plena Noite";"Crescente";"Céu Claro";"Dupla";"Rotatória";"Sim";2;0;0;1;1;0;1;2;-9,96112502;-67,85646604;"SPRF-AC";"DEL01-AC";"UOP01-DEL01-AC"
400401;2021-12-07;"terça-feira";"21:40:00";"SC";470;61,2;"BLUMENAU";"Demais falhas mecânicas ou elétricas";"Colisão transversal";"Sem Vítimas";"Plena Noite";"Decrescente";"Céu Claro";"Simples";"Reta";"Não";4;0;0;0;4;0;0;2;-26,878952;-49,17421;"SPRF-SC";"DEL04-SC";"UOP01-DEL04-SC"
400402;2021-12-07;"terça-feira";"22:00:00";"SP";116;56,9;"GUARATINGUETA";"Reação tardia ou ineficiente do condutor";"Colisão traseira";"Com Vítimas Feridas";"Plena Noite";"Crescente";"Chuva";"Dupla";"Reta";"Sim";2;0;1;0;1;0;1;2;-22,76904403;-45,13040598;"SPRF-SP";"DEL08-SP";"UOP01-DEL08-SP"
400405;2021-12-07;"terça-feira";"19:00:00";"TO";242;298,3;"PEIXE";"Transitar na contramão";"Colisão frontal";"Com Vítimas Feridas";"Plena Noite";"Crescente";"Céu Claro";"Simples";"Reta";"Não";4;0;0;1;3;0;1;2;-12,13998907;-48,53703775;"SPRF-TO";"DEL01-TO";"UOP02-DEL01-TO"
400407;2021-12-07;"terça-feira";"17:30:00";"RS";285;105,5;"VACARIA";"Desrespeitar a preferência no cruzamento";"Colisão transversal";"Com Vítimas Feridas";"Pleno dia";"Crescente";"Nublado";"Simples";"Aclive";"Não";4;0;3;0;1;0;3;2;-28,53454964;-50,7993865;"SPRF-RS";"DEL05-RS";"UOP03-DEL05-RS"
400408;2021-12-08;"quarta-feira";"00:30:00";"PI";222;105;"BATALHA";"Animais na Pista";"Atropelamento de Animal";"Sem Vítimas";"Plena Noite";"Decrescente";"Céu Claro";"Simples";"Reta";"Não";3;0;0;0;3;0;0;1;-4,18510797;-41,99957298;"SPRF-PI";"DEL02-PI";"UOP01-DEL02-PI"
400410;2021-12-08;"quarta-feira";"03:00:00";"ES";101;299,1;"VIANA";"Ausência de reação do condutor";"Queda de ocupante de veículo";"Com Vítimas Feridas";"Plena Noite";"Crescente";"Nublado";"Dupla";"Interseção de Vias;Viaduto;Declive";"Sim";2;0;0;1;0;1;1;2;-20,35860628;-40,42327504;"SPRF-ES";"DEL01-ES";"UOP01-DEL01-ES"
400411;2021-12-08;"quarta-feira";"02:50:00";"SC";101;197,3;"BIGUACU";"Ingestão de álcool pelo condutor";"Colisão traseira";"Com Vítimas Feridas";"Plena Noite";"Decrescente";"Nublado";"Múltipla";"Reta";"Sim";2;0;1;0;1;0;1;2;-27,51844497;-48,63848496;"SPRF-SC";"DEL01-SC";"UOP01-DEL01-SC"
400414;2021-12-08;"quarta-feira";"04:20:00";"MS";163;279,2;"DOURADOS";"Ingestão de álcool pelo condutor";"Colisão com objeto";"Com Vítimas Feridas";"Amanhecer";"Crescente";"Céu Claro";"Dupla";"Reta";"Sim";1;0;1;0;0;0;1;1;-22,14370378;-54,62685617;"SPRF-MS";"DEL04-MS";"UOP01-DEL04-MS"
400417;2021-12-08;"quarta-feira";"01:00:00";"MG";50;144;"UBERABA";"Ausência de reação do condutor";"Saída de leito carroçável";"Com Vítimas Feridas";"Plena Noite";"Crescente";"Céu Claro";"Dupla";"Reta";"Não";2;0;2;0;0;0;2;1;-19,51129203;-48,04264209;"SPRF-MG";"DEL13-MG";"UOP01-DEL13-MG"
400419;2021-12-03;"sexta-feira";"07:00:00";"MG";116;392,5;"GOVERNADOR VALADARES";"Chuva";"Colisão lateral sentido oposto";"Com Vítimas Feridas";"Pleno dia";"Crescente";"Chuva";"Simples";"Curva";"Não";2;0;1;0;1;0;1;2;-18,69984034;-41,98589444;"SPRF-MG";"DEL06-MG";"UOP01-DEL06-MG"
400421;2021-12-08;"quarta-feira";"05:45:00";"MS";163;780;"COXIM";"Condutor Dormindo";"Saída de leito carroçável";"Sem Vítimas";"Pleno dia";"Crescente";"Céu Claro";"Simples";"Reta";"Não";1;0;0;0;0;1;0;1;-18,09550501;-54,69556896;"SPRF-MS";"DEL06-MS";"UOP01-DEL06-MS"
400422;2021-12-08;"quarta-feira";"05:40:00";"SC";101;433,9;"SOMBRIO";"Transitar na contramão";"Colisão frontal";"Com Vítimas Feridas";"Amanhecer";"Crescente";"Céu Claro";"Múltipla";"Reta";"Sim";2;0;0;1;1;0;1;2;-29,08200809;-49,6297237;"SPRF-SC";"DEL02-SC";"UOP02-DEL02-SC"
400423;2021-12-08;"quarta-feira";"05:00:00";"PB";101;83,7;"BAYEUX";"Acumulo de água sobre o pavimento";"Colisão com objeto";"Sem Vítimas";"Pleno dia";"Decrescente";"Chuva";"Dupla";"Reta";"Sim";1;0;0;0;1;0;0;1;-7,1337703;-34,92963914;"SPRF-PB";"DEL01-PB";"UOP01-DEL01-PB"
400424;2021-11-13;"sábado";"20:35:00";"PI";402;75,5;"LUIS CORREIA";"Acessar a via sem observar a presença dos outros veículos";"Colisão traseira";"Com Vítimas Fatais";"Plena Noite";"Decrescente";"Nublado";"Simples";"Reta";"Sim";3;1;0;0;0;2;0;3;-3,09392003;-41,45549996;"SPRF-PI";"DEL05-PI";"UOP01-DEL05-PI"
400425;2021-12-08;"quarta-feira";"04:20:00";"RO";364;711;"PORTO VELHO";"Ausência de reação do condutor";"Colisão com objeto";"Sem Vítimas";"Plena Noite";"Decrescente";"Céu Claro";"Simples";"Reta";"Sim";1;0;0;0;0;1;0;1;-8,77751802;-63,87212992;"SPRF-RO";"DEL01-RO";"UOP01-DEL01-RO"
400427;2021-12-08;"quarta-feira";"06:50:00";"SC";101;129;"BALNEARIO CAMBORIU";"Reação tardia ou ineficiente do condutor";"Tombamento";"Com Vítimas Feridas";"Pleno dia";"Decrescente";"Céu Claro";"Dupla";"Reta";"Sim";1;0;0;1;0;0;1;1;-26,98064277;-48,6790679;"SPRF-SC";"DEL04-SC";"UOP03-DEL04-SC"
400428;2021-12-08;"quarta-feira";"06:30:00";"SP";116;280;"EMBU DAS ARTES";"Reação tardia ou ineficiente do condutor";"Colisão traseira";"Com Vítimas Feridas";"Pleno dia";"Decrescente";"Céu Claro";"Dupla";"Reta";"Sim";3;0;1;0;2;0;1;2;-23,66996108;-46,85590758;"SPRF-SP";"DEL04-SP";"UOP01-DEL04-SP"
400431;2021-12-08;"quarta-feira";"07:55:00";"CE";116;16;"EUSEBIO";"Ausência de reação do condutor";"Colisão traseira";"Com Vítimas Feridas";"Pleno dia";"Decrescente";"Céu Claro";"Dupla";"Reta";"Não";2;0;1;0;1;0;1;2;-3,88732794;-38,50185439;"SPRF-CE";"DEL01-CE";"UOP02-DEL01-CE"
400433;2021-11-09;"terça-feira";"09:00:00";"SC";282;5;"SAO JOSE";"Ausência de reação do condutor";"Colisão traseira";"Com Vítimas Feridas";"Pleno dia";"Decrescente";"Céu Claro";"Dupla";"Reta";"Sim";2;0;1;0;1;0;1;2;-27,588425;-48,612919;"SPRF-SC";"DEL01-SC";"UOP01-DEL01-SC"
400434;2021-12-08;"quarta-feira";"07:10:00";"RN";101;106;"PARNAMIRIM";"Acessar a via sem observar a presença dos outros veículos";"Colisão lateral mesmo sentido";"Sem Vítimas";"Pleno dia";"Decrescente";"Sol";"Múltipla";"Interseção de Vias";"Sim";2;0;0;0;2;0;0;2;-5,91056401;-35,26130795;"SPRF-RN";"DEL01-RN";"UOP01-DEL01-RN"
400436;2021-12-08;"quarta-feira";"07:30:00";"SP";116;138;"SAO JOSE DOS CAMPOS";"Reação tardia ou ineficiente do condutor";"Tombamento";"Com Vítimas Feridas";"Pleno dia";"Crescente";"Nublado";"Simples";"Reta";"Sim";1;0;1;0;0;0;1;1;-23,1572739;-45,79554605;"SPRF-SP";"DEL02-SP";"UOP01-DEL02-SP"
400439;2021-12-08;"quarta-feira";"04:30:00";"CE";20;283;"CANINDE";"Pista esburacada";"Capotamento";"Sem Vítimas";"Amanhecer";"Crescente";"Céu Claro";"Simples";"Reta";"Não";1;0;0;0;1;0;0;1;-4,55425601;-39,35831908;"SPRF-CE";"DEL02-CE";"UOP01-DEL02-CE"
400440;2021-12-08;"quarta-feira";"07:30:00";"MG";40;516,4;"RIBEIRAO DAS NEVES";"Chuva";"Saída de leito carroçável";"Com Vítimas Feridas";"Pleno dia";"Decrescente";"Chuva";"Dupla";"Curva";"Não";2;0;2;0;0;0;2;1;-19,81628624;-44,08960124;"SPRF-MG";"DEL01-MG";"UOP02-DEL01-MG"
400441;2021-12-08;"quarta-feira";"08:00:00";"RS";290;26,5;"SANTO ANTONIO DA PATRULHA";"Acessar a via sem observar a presença dos outros veículos";"Colisão lateral mesmo sentido";"Com Vítimas Feridas";"Pleno dia";"Crescente";"Nublado";"Dupla";"Reta";"Não";5;0;1;0;4;0;1;2;-29,880135;-50,514297;"SPRF-RS";"DEL03-RS";"UOP01-DEL03-RS"
400442;2021-12-08;"quarta-feira";"07:10:00";"MA";10;257;"IMPERATRIZ";"Acumulo de água sobre o pavimento";"Queda de ocupante de veículo";"Com Vítimas Feridas";"Pleno dia";"Crescente";"Chuva";"Simples";"Reta";"Sim";2;0;2;0;0;0;2;1;-5,499456;-47,471855;"SPRF-MA";"DEL04-MA";"UOP01-DEL04-MA"
400443;2021-12-03;"sexta-feira";"19:35:00";"ES";262;3,6;"CARIACICA";"Condutor desrespeitou a iluminação vermelha do semáforo";"Atropelamento de Pedestre";"Com Vítimas Feridas";"Plena Noite";"Crescente";"Nublado";"Dupla";"Reta";"Sim";4;0;1;1;0;2;2;2;-20,33374432;-40,36910933;"SPRF-ES";"DEL01-ES";"UOP01-DEL01-ES"
400444;2021-12-08;"quarta-feira";"07:45:00";"PR";369;173,4;"ROLANDIA";"Conversão proibida";"Colisão transversal";"Com Vítimas Feridas";"Pleno dia";"Decrescente";"Céu Claro";"Simples";"Reta;Em Obras;Interseção de Vias";"Sim";2;0;0;1;1;0;1;2;-23,3146673;-51,3748055;"SPRF-PR";"DEL07-PR";"UOP01-DEL07-PR"
400446;2021-12-08;"quarta-feira";"08:20:00";"MG";40;823,6;"SIMAO PEREIRA";"Chuva";"Colisão com objeto";"Com Vítimas Feridas";"Pleno dia";"Crescente";"Chuva";"Dupla";"Curva";"Não";1;0;1;0;0;0;1;1;-21,9614888;-43,2986757;"SPRF-MG";"DEL05-MG";"UOP01-DEL05-MG"